date,close,high,low,open,time,ema,day,position
2015-01-01,8259.45,8272.8,8253.15,8272.8,09:15:00,8259.45,3,1
2015-01-01,8261.2,8261.2,8250.3,8253.85,09:20:00,8259.616666666667,3,2
2015-01-01,8262.05,8262.05,8258.95,8261.3,09:25:00,8259.848412698413,3,3
2015-01-01,8259.6,8260.2,8258.25,8260.2,09:30:00,8259.824754346184,3,4
2015-01-01,8256.3,8256.6,8250.7,8256.6,09:35:00,8259.48906345607,3,5
2015-01-01,8260.75,8260.75,8256.7,8256.7,09:40:00,8259.60915265073,3,6
2015-01-01,8270.05,8270.05,8261.55,8261.55,09:45:00,8260.603519064945,3,7
2015-01-01,8271.95,8271.95,8269.25,8269.25,09:50:00,8261.684136296855,3,8
2015-01-01,8266.6,8271.55,8266.6,8271.55,09:55:00,8262.152313792392,3,9
2015-01-01,8272.15,8272.15,8267.25,8268.1,10:00:00,8263.104474383594,3,10
2015-01-01,8272.9,8272.9,8270.1,8271.35,10:05:00,8264.037381585156,3,11
2015-01-01,8269.5,8272.2,8269.5,8272.2,10:10:00,8264.557630958,3,12
2015-01-01,8267.05,8268.15,8266.45,8267.7,10:15:00,8264.79499943819,3,13
2015-01-01,8269.15,8269.55,8268.85,8268.85,10:20:00,8265.209761396458,3,14
2015-01-01,8268.8,8269.35,8268.8,8269.35,10:25:00,8265.55168888251,3,15
2015-01-01,8267.3,8268.95,8267.3,8268.25,10:30:00,8265.718194703222,3,16
2015-01-01,8268.85,8269.4,8268.5,8268.5,10:35:00,8266.016461874344,3,17
2015-01-01,8266.85,8268.75,8266.85,8267.8,10:40:00,8266.09584645774,3,18
2015-01-01,8269.15,8269.95,8266.85,8266.85,10:45:00,8266.38671822367,3,19
2015-01-01,8270.55,8270.7,8269.25,8269.35,10:50:00,8266.783221249987,3,20
2015-01-01,8269.3,8269.9,8268.8,8268.85,10:55:00,8267.022914464274,3,21
2015-01-01,8270.45,8271.1,8269.9,8269.9,11:00:00,8267.349303562914,3,22
2015-01-01,8269.65,8270.7,8269.65,8270.25,11:05:00,8267.568417509303,3,23
2015-01-01,8270.5,8270.65,8268.35,8269.1,11:10:00,8267.84761584175,3,24
2015-01-01,8277.45,8277.45,8271.3,8271.3,11:15:00,8268.762128618728,3,25
2015-01-01,8275.2,8277.15,8275.2,8276.2,11:20:00,8269.375259226468,3,26
2015-01-01,8275.0,8277.2,8275.0,8275.7,11:25:00,8269.910948823948,3,27
2015-01-01,8274.75,8276.25,8274.75,8276.2,11:30:00,8270.371810840716,3,28
2015-01-01,8270.8,8273.5,8270.8,8273.4,11:35:00,8270.412590760647,3,29
2015-01-01,8275.3,8275.3,8269.65,8269.65,11:40:00,8270.878058307251,3,30
2015-01-01,8276.3,8277.9,8276.3,8277.6,11:45:00,8271.39443370656,3,31
2015-01-01,8276.5,8277.2,8275.35,8277.2,11:50:00,8271.88067811546,3,32
2015-01-01,8276.0,8277.2,8275.4,8277.2,11:55:00,8272.272994485416,3,33
2015-01-01,8276.4,8276.4,8275.6,8275.75,12:00:00,8272.666042629662,3,34
2015-01-01,8278.75,8278.75,8276.75,8276.75,12:05:00,8273.245467141123,3,35
2015-01-01,8278.6,8278.85,8277.95,8278.0,12:10:00,8273.755422651491,3,36
2015-01-01,8275.55,8277.75,8275.55,8277.75,12:15:00,8273.92633477992,3,37
2015-01-01,8273.5,8276.0,8273.5,8276.0,12:20:00,8273.885731467548,3,38
2015-01-01,8273.3,8274.2,8272.55,8273.75,12:25:00,8273.829947518258,3,39
2015-01-01,8268.7,8271.8,8268.7,8271.8,12:30:00,8273.341381087947,3,40
2015-01-01,8270.75,8270.95,8269.2,8269.2,12:35:00,8273.094582889094,3,41
2015-01-01,8271.95,8271.95,8269.95,8270.7,12:40:00,8272.985574994895,3,42
2015-01-01,8271.3,8271.85,8270.85,8271.15,12:45:00,8272.825044043,3,43
2015-01-01,8270.6,8270.75,8270.3,8270.3,12:50:00,8272.613135086523,3,44
2015-01-01,8269.4,8271.1,8269.4,8271.1,12:55:00,8272.30712222114,3,45
2015-01-01,8267.75,8269.15,8267.4,8269.15,13:00:00,8271.873110581031,3,46
2015-01-01,8263.0,8269.0,8263.0,8268.0,13:05:00,8271.028052430456,3,47
2015-01-01,8265.55,8265.55,8262.45,8263.15,13:10:00,8270.506333151365,3,48
2015-01-01,8265.95,8266.3,8265.05,8265.75,13:15:00,8270.072396660758,3,49
2015-01-01,8267.25,8267.3,8266.6,8266.6,13:20:00,8269.803596978782,3,50
2015-01-01,8265.35,8266.15,8262.4,8266.15,13:25:00,8269.379444885564,3,51
2015-01-01,8267.25,8267.25,8262.5,8262.5,13:30:00,8269.176640610749,3,52
2015-01-01,8269.9,8271.55,8267.35,8267.35,13:35:00,8269.245531981154,3,53
2015-01-01,8270.7,8270.9,8270.1,8270.1,13:40:00,8269.384052744854,3,54
2015-01-01,8270.0,8270.45,8269.45,8270.45,13:45:00,8269.4427143882,3,55
2015-01-01,8271.25,8271.25,8269.8,8269.95,13:50:00,8269.614836827419,3,56
2015-01-01,8275.65,8275.65,8272.95,8272.95,13:55:00,8270.189614272427,3,57
2015-01-01,8273.15,8276.5,8273.15,8275.85,14:00:00,8270.471555770291,3,58
2015-01-01,8273.15,8273.15,8271.1,8271.75,14:05:00,8270.72664569693,3,59
2015-01-01,8274.7,8274.7,8273.3,8274.15,14:10:00,8271.105060392461,3,60
2015-01-01,8274.75,8276.0,8274.6,8275.1,14:15:00,8271.452197497942,3,61
2015-01-01,8276.05,8276.15,8274.5,8274.5,14:20:00,8271.890083450518,3,62
2015-01-01,8275.95,8276.9,8275.1,8276.9,14:25:00,8272.276742169517,3,63
2015-01-01,8290.6,8290.6,8274.7,8274.7,14:30:00,8274.021814343849,3,64
2015-01-01,8283.5,8291.15,8283.5,8291.15,14:35:00,8274.924498692053,3,65
2015-01-01,8294.0,8294.0,8282.25,8282.75,14:40:00,8276.741213102334,3,66
2015-01-01,8287.15,8291.75,8287.15,8291.3,14:45:00,8277.732526140207,3,67
2015-01-01,8287.95,8288.7,8286.35,8288.7,14:50:00,8278.70561888876,3,68
2015-01-01,8284.65,8289.35,8284.65,8289.35,14:55:00,8279.271750423164,3,69
2015-01-01,8283.7,8284.7,8283.6,8283.6,15:00:00,8279.6934884781,3,70
2015-01-01,8282.65,8282.65,8280.7,8282.4,15:05:00,8279.975061003996,3,71
2015-01-01,8283.8,8283.8,8281.85,8281.85,15:10:00,8280.339340908376,3,72
2015-01-01,8284.9,8284.9,8283.1,8283.8,15:15:00,8280.773689393292,3,73
2015-01-01,8284.25,8285.75,8284.25,8285.75,15:20:00,8281.104766593931,3,74
2015-01-01,8287.45,8287.45,8284.0,8284.15,15:25:00,8281.709074537366,3,75
2015-01-02,8288.7,8288.7,8288.7,8288.7,09:10:00,8282.37487696238,4,1
2015-01-02,8324.85,8324.85,8288.7,8288.7,09:15:00,8286.420126775487,4,2
2015-01-02,8339.6,8339.6,8322.55,8331.45,09:20:00,8291.484876606393,4,3
2015-01-02,8335.5,8335.9,8332.5,8335.9,09:25:00,8295.67679312007,4,4
2015-01-02,8348.15,8348.15,8336.25,8338.9,09:30:00,8300.674241394348,4,5
2015-01-02,8350.4,8350.4,8344.8,8347.0,09:35:00,8305.41002792822,4,6
2015-01-02,8358.0,8359.3,8351.95,8351.95,09:40:00,8310.41859669696,4,7
2015-01-02,8355.5,8357.35,8352.05,8357.35,09:45:00,8314.712063678202,4,8
2015-01-02,8359.0,8359.0,8354.35,8357.5,09:50:00,8318.929962375516,4,9
2015-01-02,8368.4,8368.4,8362.3,8362.3,09:55:00,8323.641394530228,4,10
2015-01-02,8366.15,8368.55,8365.4,8368.0,10:00:00,8327.689833146398,4,11
2015-01-02,8370.5,8370.5,8366.85,8368.0,10:05:00,8331.766991894361,4,12
2015-01-02,8369.45,8371.15,8367.05,8371.15,10:10:00,8335.355849809184,4,13
2015-01-02,8369.2,8369.2,8366.2,8368.6,10:15:00,8338.57910220831,4,14
2015-01-02,8376.0,8376.0,8367.7,8367.7,10:20:00,8342.142997236091,4,15
2015-01-02,8378.05,8378.45,8375.85,8376.2,10:25:00,8345.562711785034,4,16
2015-01-02,8378.65,8383.85,8378.65,8379.0,10:30:00,8348.713882091222,4,17
2015-01-02,8378.65,8382.0,8377.65,8382.0,10:35:00,8351.564940939677,4,18
2015-01-02,8379.55,8381.2,8378.2,8378.45,10:40:00,8354.230184659707,4,19
2015-01-02,8378.0,8379.85,8377.0,8377.7,10:45:00,8356.493976596877,4,20
2015-01-02,8378.45,8378.45,8375.65,8377.15,10:50:00,8358.585026444794,4,21
2015-01-02,8381.65,8381.65,8376.95,8379.4,10:55:00,8360.78169059291,4,22
2015-01-02,8379.6,8379.6,8378.15,8379.6,11:00:00,8362.573910536443,4,23
2015-01-02,8378.1,8379.45,8378.1,8379.45,11:05:00,8364.052585723448,4,24
2015-01-02,8381.2,8381.2,8379.25,8379.25,11:10:00,8365.685672797405,4,25
2015-01-02,8376.45,8380.5,8376.45,8380.5,11:15:00,8366.710846816699,4,26
2015-01-02,8373.9,8375.05,8373.9,8374.55,11:20:00,8367.395528072251,4,27
2015-01-02,8378.1,8378.1,8375.85,8375.85,11:25:00,8368.41500158918,4,28
2015-01-02,8379.95,8380.6,8378.2,8378.2,11:30:00,8369.5135728664,4,29
2015-01-02,8381.6,8381.6,8379.8,8380.15,11:35:00,8370.66466116484,4,30
2015-01-02,8387.05,8387.45,8384.2,8384.2,11:40:00,8372.225169625332,4,31
2015-01-02,8382.45,8387.3,8382.45,8387.25,11:45:00,8373.198962994347,4,32
2015-01-02,8380.15,8382.45,8380.15,8382.25,11:50:00,8373.860966518694,4,33
2015-01-02,8382.8,8382.8,8380.6,8380.6,11:55:00,8374.712303040724,4,34
2015-01-02,8384.25,8384.25,8383.1,8383.1,12:00:00,8375.620655132083,4,35
2015-01-02,8385.5,8385.5,8384.6,8384.6,12:05:00,8376.561545119503,4,36
2015-01-02,8390.85,8390.85,8384.65,8385.3,12:10:00,8377.922350346216,4,37
2015-01-02,8388.2,8391.1,8388.2,8391.1,12:15:00,8378.901174122766,4,38
2015-01-02,8389.4,8389.55,8387.75,8388.0,12:20:00,8379.90106230155,4,39
2015-01-02,8390.55,8392.3,8389.9,8389.9,12:25:00,8380.915246844259,4,40
2015-01-02,8391.5,8391.75,8391.35,8391.6,12:30:00,8381.923318573377,4,41
2015-01-02,8391.3,8394.3,8391.3,8394.3,12:35:00,8382.816335852103,4,42
2015-01-02,8392.2,8393.0,8391.15,8391.95,12:40:00,8383.710018151904,4,43
2015-01-02,8395.85,8398.3,8393.1,8393.1,12:45:00,8384.866206899342,4,44
2015-01-02,8394.35,8396.7,8394.35,8396.7,12:50:00,8385.76942528988,4,45
2015-01-02,8392.9,8394.75,8392.9,8394.3,12:55:00,8386.448527643224,4,46
2015-01-02,8395.6,8395.6,8391.05,8391.05,13:00:00,8387.320096439107,4,47
2015-01-02,8397.7,8398.5,8395.9,8395.9,13:05:00,8388.308658683001,4,48
2015-01-02,8395.85,8400.05,8395.85,8400.05,13:10:00,8389.026881665572,4,49
2015-01-02,8397.4,8397.4,8394.7,8395.1,13:15:00,8389.824321506945,4,50
2015-01-02,8397.2,8397.6,8396.9,8397.05,13:20:00,8390.526767077712,4,51
2015-01-02,8400.45,8400.5,8396.75,8396.75,13:25:00,8391.471836879835,4,52
2015-01-02,8402.45,8402.45,8400.85,8400.85,13:30:00,8392.517376224612,4,53
2015-01-02,8403.4,8406.9,8403.4,8404.65,13:35:00,8393.553816584174,4,54
2015-01-02,8402.85,8403.45,8401.1,8401.1,13:40:00,8394.43916738568,4,55
2015-01-02,8405.35,8406.45,8404.45,8404.45,13:45:00,8395.47829430133,4,56
2015-01-02,8405.85,8405.85,8404.5,8404.85,13:50:00,8396.466075796441,4,57
2015-01-02,8399.9,8406.55,8399.9,8405.4,13:55:00,8396.793116196779,4,58
2015-01-02,8407.2,8407.2,8398.45,8398.45,14:00:00,8397.784247987562,4,59
2015-01-02,8408.8,8409.85,8405.5,8406.1,14:05:00,8398.833367226842,4,60
2015-01-02,8406.25,8408.25,8405.95,8408.25,14:10:00,8399.539713205239,4,61
2015-01-02,8401.55,8405.5,8401.55,8405.5,14:15:00,8399.731169090453,4,62
2015-01-02,8395.25,8401.15,8393.25,8401.15,14:20:00,8399.304391081838,4,63
2015-01-02,8388.1,8397.05,8388.1,8397.05,14:25:00,8398.2373062169,4,64
2015-01-02,8386.0,8390.6,8384.85,8385.95,14:30:00,8397.071848481957,4,65
2015-01-02,8384.1,8386.45,8384.1,8384.85,14:35:00,8395.836434340818,4,66
2015-01-02,8377.7,8389.6,8377.7,8389.6,14:40:00,8394.109154879789,4,67
2015-01-02,8379.35,8381.25,8376.55,8376.55,14:45:00,8392.703521081714,4,68
2015-01-02,8387.1,8387.1,8381.85,8381.85,14:50:00,8392.169852407265,4,69
2015-01-02,8379.35,8383.9,8378.65,8383.9,14:55:00,8390.948914082765,4,70
2015-01-02,8381.85,8384.35,8378.05,8378.05,15:00:00,8390.082350836787,4,71
2015-01-02,8391.5,8391.5,8378.5,8378.5,15:05:00,8390.217365042807,4,72
2015-01-02,8396.2,8396.9,8394.4,8395.25,15:10:00,8390.787139800635,4,73
2015-01-02,8399.25,8399.25,8392.5,8393.8,15:15:00,8391.593126486288,4,74
2015-01-02,8401.05,8401.05,8399.75,8399.75,15:20:00,8392.493781106641,4,75
2015-01-02,8406.3,8406.3,8403.4,8403.95,15:25:00,8393.808659096485,4,76
2015-01-05,8407.95,8407.95,8407.95,8407.95,09:10:00,8395.15545346825,0,1
2015-01-05,8418.65,8428.55,8407.95,8407.95,09:15:00,8397.393029328416,0,2
2015-01-05,8407.65,8416.7,8402.6,8416.7,09:20:00,8398.36988367809,0,3
2015-01-05,8412.5,8415.15,8412.1,8414.75,09:25:00,8399.715609042081,0,4
2015-01-05,8418.0,8418.0,8410.1,8410.1,09:30:00,8401.456979609502,0,5
2015-01-05,8420.2,8424.3,8419.85,8419.85,09:35:00,8403.242029170502,0,6
2015-01-05,8411.4,8421.0,8411.4,8421.0,09:40:00,8404.01897877331,0,7
2015-01-05,8416.6,8418.55,8414.4,8414.4,09:45:00,8405.217171271092,0,8
2015-01-05,8420.9,8420.9,8418.0,8418.85,09:50:00,8406.710774007177,0,9
2015-01-05,8422.4,8423.75,8421.3,8423.2,09:55:00,8408.204986006494,0,10
2015-01-05,8432.35,8432.35,8424.7,8424.7,10:00:00,8410.504511148732,0,11
2015-01-05,8430.6,8432.8,8430.6,8432.6,10:05:00,8412.418367229806,0,12
2015-01-05,8428.6,8429.1,8427.3,8427.3,10:10:00,8413.95947511268,0,13
2015-01-05,8432.25,8437.6,8431.65,8431.65,10:15:00,8415.701429863855,0,14
2015-01-05,8435.4,8435.4,8431.2,8431.25,10:20:00,8417.577484162535,0,15
2015-01-05,8439.25,8439.25,8434.9,8436.1,10:25:00,8419.641533289912,0,16
2015-01-05,8442.95,8445.4,8439.35,8439.35,10:30:00,8421.861387262301,0,17
2015-01-05,8439.05,8440.25,8437.4,8439.6,10:35:00,8423.498397999225,0,18
2015-01-05,8435.6,8441.0,8435.6,8440.55,10:40:00,8424.650931523109,0,19
2015-01-05,8434.45,8440.9,8434.45,8439.7,10:45:00,8425.584176139955,0,20
2015-01-05,8431.05,8433.8,8431.05,8433.8,10:50:00,8426.104730793293,0,21
2015-01-05,8432.95,8432.95,8430.25,8430.25,10:55:00,8426.756661193933,0,22
2015-01-05,8422.35,8432.4,8422.35,8432.4,11:00:00,8426.336979175463,0,23
2015-01-05,8426.5,8426.5,8423.9,8423.9,11:05:00,8426.352504968276,0,24
2015-01-05,8421.95,8428.3,8421.65,8428.3,11:10:00,8425.933218780821,0,25
2015-01-05,8425.55,8425.55,8420.1,8421.95,11:15:00,8425.896721754076,0,26
2015-01-05,8416.4,8423.75,8416.15,8423.75,11:20:00,8424.992272063211,0,27
2015-01-05,8404.65,8414.8,8404.65,8413.8,11:25:00,8423.054912819096,0,28
2015-01-05,8402.1,8410.9,8402.1,8403.75,11:30:00,8421.059206836326,0,29
2015-01-05,8397.6,8400.65,8392.25,8400.65,11:35:00,8418.824996661438,0,30
2015-01-05,8401.95,8401.95,8397.65,8397.65,11:40:00,8417.217854122253,0,31
2015-01-05,8398.5,8403.45,8398.5,8403.45,11:45:00,8415.435201348704,0,32
2015-01-05,8398.3,8400.65,8398.25,8400.65,11:50:00,8413.803277410732,0,33
2015-01-05,8404.0,8406.35,8401.55,8401.55,11:55:00,8412.869631943044,0,34
2015-01-05,8403.2,8405.05,8401.05,8405.05,12:00:00,8411.948714615135,0,35
2015-01-05,8409.9,8409.9,8402.65,8402.65,12:05:00,8411.753598937503,0,36
2015-01-05,8411.15,8411.15,8408.2,8409.45,12:10:00,8411.696113324408,0,37
2015-01-05,8409.8,8412.95,8409.8,8411.1,12:15:00,8411.515531103036,0,38
2015-01-05,8409.2,8410.5,8408.0,8408.85,12:20:00,8411.295004331318,0,39
2015-01-05,8408.35,8410.95,8408.2,8410.1,12:25:00,8411.014527728335,0,40
2015-01-05,8405.5,8407.0,8402.15,8407.0,12:30:00,8410.489334611351,0,41
2015-01-05,8408.7,8409.35,8406.45,8406.8,12:35:00,8410.318921791222,0,42
2015-01-05,8408.95,8409.3,8408.8,8408.8,12:40:00,8410.188548287297,0,43
2015-01-05,8407.45,8408.6,8406.75,8408.6,12:45:00,8409.927734164698,0,44
2015-01-05,8407.65,8407.65,8404.65,8404.65,12:50:00,8409.710807101394,0,45
2015-01-05,8407.75,8407.75,8406.5,8407.4,12:55:00,8409.524063567927,0,46
2015-01-05,8400.45,8404.25,8399.3,8404.25,13:00:00,8408.659867037648,0,47
2015-01-05,8387.0,8400.35,8387.0,8400.35,13:05:00,8406.597022557873,0,48
2015-01-05,8388.05,8389.05,8385.8,8386.1,13:10:00,8404.830639457123,0,49
2015-01-05,8385.25,8389.2,8384.7,8388.15,13:15:00,8402.965816651682,0,50
2015-01-05,8385.0,8385.3,8384.15,8385.3,13:20:00,8401.254786494379,0,51
2015-01-05,8386.95,8386.95,8385.3,8386.6,13:25:00,8399.892425875867,0,52
2015-01-05,8388.75,8389.85,8387.3,8387.3,13:30:00,8398.831242459117,0,53
2015-01-05,8389.75,8391.05,8388.3,8391.05,13:35:00,8397.966362224915,0,54
2015-01-05,8397.4,8397.4,8390.7,8390.7,13:40:00,8397.9124229654,0,55
2015-01-05,8401.9,8401.9,8397.85,8397.85,13:45:00,8398.29219220679,0,56
2015-01-05,8406.45,8407.25,8404.85,8404.85,13:50:00,8399.069126282335,0,57
2015-01-05,8412.4,8412.4,8408.8,8408.8,13:55:00,8400.338733303064,0,58
2015-01-05,8405.75,8410.1,8404.35,8410.1,14:00:00,8400.854092036105,0,59
2015-01-05,8404.25,8406.55,8404.25,8406.3,14:05:00,8401.17751184219,0,60
2015-01-05,8402.15,8406.65,8402.15,8404.6,14:10:00,8401.270129761982,0,61
2015-01-05,8399.9,8404.8,8399.9,8404.8,14:15:00,8401.139641213222,0,62
2015-01-05,8394.3,8400.75,8394.3,8398.05,14:20:00,8400.488246811963,0,63
2015-01-05,8385.85,8390.45,8385.85,8390.45,14:25:00,8399.094128067967,0,64
2015-01-05,8372.55,8384.75,8372.4,8384.75,14:30:00,8396.566115871017,0,65
2015-01-05,8378.35,8378.35,8372.85,8377.2,14:35:00,8394.831247692826,0,66
2015-01-05,8374.3,8374.3,8364.35,8369.8,14:40:00,8392.8758907697,0,67
2015-01-05,8375.8,8375.8,8369.65,8371.6,14:45:00,8391.249615458299,0,68
2015-01-05,8373.2,8376.2,8372.5,8374.5,14:50:00,8389.53060446227,0,69
2015-01-05,8368.25,8371.75,8365.7,8369.05,14:55:00,8387.503880227769,0,70
2015-01-05,8375.5,8375.5,8367.6,8367.6,15:00:00,8386.36065353941,0,71
2015-01-05,8372.55,8375.0,8372.45,8373.45,15:05:00,8385.045353202324,0,72
2015-01-05,8381.65,8381.65,8376.6,8376.6,15:10:00,8384.721986230674,0,73
2015-01-05,8383.0,8383.0,8378.5,8379.75,15:15:00,8384.557987542037,0,74
2015-01-05,8383.95,8384.85,8381.1,8381.1,15:20:00,8384.500083966605,0,75
2015-01-05,8376.45,8384.35,8376.45,8384.35,15:25:00,8383.733409303119,0,76
2015-01-06,8325.3,8325.3,8325.3,8325.3,09:10:00,8378.168322702822,1,1
2015-01-06,8254.8,8325.3,8244.65,8325.3,09:15:00,8366.418958635886,1,2
2015-01-06,8263.4,8263.4,8247.45,8260.6,09:20:00,8356.607629241991,1,3
2015-01-06,8268.25,8268.25,8260.1,8262.15,09:25:00,8348.192616933231,1,4
2015-01-06,8255.3,8266.7,8255.3,8266.15,09:30:00,8339.345701034828,1,5
2015-01-06,8242.55,8255.15,8242.55,8255.15,09:35:00,8330.127062841035,1,6
2015-01-06,8245.9,8248.9,8242.25,8248.9,09:40:00,8322.105437808556,1,7
2015-01-06,8243.15,8245.7,8238.45,8238.7,09:45:00,8314.585872302978,1,8
2015-01-06,8222.1,8246.5,8222.1,8246.5,09:50:00,8305.777693988408,1,9
2015-01-06,8204.55,8213.1,8204.55,8213.1,09:55:00,8296.136961227607,1,10
2015-01-06,8217.75,8217.75,8201.4,8204.15,10:00:00,8288.671536348787,1,11
2015-01-06,8213.75,8221.8,8212.4,8218.65,10:05:00,8281.536151934617,1,12
2015-01-06,8220.7,8220.7,8212.6,8212.6,10:10:00,8275.742232702749,1,13
2015-01-06,8215.45,8217.3,8211.45,8217.3,10:15:00,8270.000115302488,1,14
2015-01-06,8220.65,8220.65,8215.55,8215.55,10:20:00,8265.300104321299,1,15
2015-01-06,8227.75,8227.75,8219.1,8219.1,10:25:00,8261.723903909746,1,16
2015-01-06,8225.55,8231.45,8225.3,8230.7,10:30:00,8258.278770204055,1,17
2015-01-06,8232.45,8232.45,8227.85,8229.0,10:35:00,8255.818887327478,1,18
2015-01-06,8225.75,8232.0,8225.75,8232.0,10:40:00,8252.95518377248,1,19
2015-01-06,8223.05,8223.2,8222.45,8222.95,10:45:00,8250.107071032244,1,20
2015-01-06,8224.4,8226.0,8222.75,8222.75,10:50:00,8247.658778552983,1,21
2015-01-06,8219.35,8227.5,8219.35,8225.95,10:55:00,8244.96270440508,1,22
2015-01-06,8215.25,8220.2,8215.25,8218.4,11:00:00,8242.132923033167,1,23
2015-01-06,8209.2,8216.05,8209.2,8216.05,11:05:00,8238.996454172866,1,24
2015-01-06,8202.5,8208.35,8198.45,8206.65,11:10:00,8235.520601394499,1,25
2015-01-06,8203.1,8205.65,8200.8,8205.65,11:15:00,8232.432925071214,1,26
2015-01-06,8203.25,8203.55,8200.1,8200.1,11:20:00,8229.653598873956,1,27
2015-01-06,8211.25,8211.25,8202.45,8202.45,11:25:00,8227.900875171676,1,28
2015-01-06,8209.3,8212.95,8208.2,8212.95,11:30:00,8226.129363250564,1,29
2015-01-06,8212.5,8214.45,8211.15,8212.0,11:35:00,8224.831328655273,1,30
2015-01-06,8214.55,8214.8,8213.25,8213.25,11:40:00,8223.852154497628,1,31
2015-01-06,8213.95,8215.45,8213.95,8215.05,11:45:00,8222.90909216452,1,32
2015-01-06,8213.9,8215.2,8213.65,8215.2,11:50:00,8222.051083386947,1,33
2015-01-06,8212.7,8213.1,8211.75,8213.1,11:55:00,8221.160504016761,1,34
2015-01-06,8211.85,8214.8,8210.1,8214.8,12:00:00,8220.2737893485,1,35
2015-01-06,8209.35,8212.15,8209.35,8211.4,12:05:00,8219.233428458167,1,36
2015-01-06,8197.25,8208.35,8197.25,8208.35,12:10:00,8217.139768605008,1,37
2015-01-06,8196.15,8196.25,8194.6,8196.2,12:15:00,8215.140743023578,1,38
2015-01-06,8202.3,8202.3,8197.3,8197.3,12:20:00,8213.91781511657,1,39
2015-01-06,8206.8,8206.8,8201.95,8201.95,12:25:00,8213.239927962612,1,40
2015-01-06,8207.5,8210.7,8207.05,8207.05,12:30:00,8212.693268156649,1,41
2015-01-06,8212.7,8212.7,8207.7,8207.7,12:35:00,8212.693909284586,1,42
2015-01-06,8212.45,8214.2,8212.45,8213.2,12:40:00,8212.67067982891,1,43
2015-01-06,8204.7,8210.45,8204.7,8210.35,12:45:00,8211.911567464253,1,44
2015-01-06,8206.1,8206.1,8203.0,8203.45,12:50:00,8211.358084848609,1,45
2015-01-06,8202.85,8205.75,8200.5,8205.5,12:55:00,8210.547791053503,1,46
2015-01-06,8207.2,8208.25,8203.9,8203.9,13:00:00,8210.228953810312,1,47
2015-01-06,8212.25,8212.25,8205.8,8207.8,13:05:00,8210.421434399806,1,48
2015-01-06,8215.5,8215.5,8210.35,8213.65,13:10:00,8210.90510731411,1,49
2015-01-06,8221.6,8222.3,8217.35,8217.35,13:15:00,8211.923668522291,1,50
2015-01-06,8225.9,8225.9,8221.4,8222.0,13:20:00,8213.254747710644,1,51
2015-01-06,8214.45,8222.8,8214.45,8222.8,13:25:00,8213.368581262012,1,52
2015-01-06,8226.55,8226.55,8215.9,8215.9,13:30:00,8214.623954475153,1,53
2015-01-06,8225.65,8225.65,8221.3,8223.1,13:35:00,8215.674054048948,1,54
2015-01-06,8212.65,8223.3,8212.2,8223.3,13:40:00,8215.38604890143,1,55
2015-01-06,8217.75,8220.9,8212.85,8212.85,13:45:00,8215.611187101294,1,56
2015-01-06,8223.0,8223.0,8218.75,8219.65,13:50:00,8216.314883567838,1,57
2015-01-06,8220.95,8225.1,8220.95,8221.75,13:55:00,8216.756323228044,1,58
2015-01-06,8217.0,8221.85,8217.0,8221.85,14:00:00,8216.77953053966,1,59
2015-01-06,8209.3,8216.8,8209.3,8213.55,14:05:00,8216.067194297788,1,60
2015-01-06,8203.05,8203.05,8196.5,8201.9,14:10:00,8214.827461507522,1,61
2015-01-06,8197.3,8204.4,8197.3,8204.4,14:15:00,8213.158179459188,1,62
2015-01-06,8184.55,8186.45,8182.0,8182.0,14:20:00,8210.433590939265,1,63
2015-01-06,8168.65,8169.8,8164.75,8169.8,14:25:00,8206.454201326002,1,64
2015-01-06,8164.3,8171.9,8164.3,8171.9,14:30:00,8202.43951548543,1,65
2015-01-06,8163.0,8170.4,8160.5,8169.85,14:35:00,8198.683371153484,1,66
2015-01-06,8156.85,8167.55,8156.85,8166.15,14:40:00,8194.699240567437,1,67
2015-01-06,8139.1,8155.4,8135.65,8155.4,14:45:00,8189.404074799109,1,68
2015-01-06,8149.2,8150.25,8138.2,8139.1,14:50:00,8185.575115294432,1,69
2015-01-06,8154.15,8154.4,8145.75,8145.75,14:55:00,8182.582247171153,1,70
2015-01-06,8140.3,8156.25,8140.3,8156.25,15:00:00,8178.555366488185,1,71
2015-01-06,8120.35,8137.85,8120.35,8137.85,15:05:00,8173.011998251215,1,72
2015-01-06,8128.15,8128.15,8114.45,8114.45,15:10:00,8168.739426989195,1,73
2015-01-06,8125.0,8125.0,8117.5,8122.75,15:15:00,8164.573767275938,1,74
2015-01-06,8131.05,8132.95,8128.15,8128.15,15:20:00,8161.381027535373,1,75
2015-01-06,8123.15,8132.8,8123.15,8132.8,15:25:00,8157.739977293909,1,76
2015-01-07,8118.65,8118.65,8118.65,8118.65,09:10:00,8154.017122313537,2,1
2015-01-07,8114.85,8120.25,8102.1,8118.65,09:15:00,8150.286920188439,2,2
2015-01-07,8142.65,8147.6,8131.05,8131.05,09:20:00,8149.5595944562065,2,3
2015-01-07,8123.9,8146.85,8123.9,8146.85,09:25:00,8147.115823555615,2,4
2015-01-07,8107.5,8114.4,8101.4,8114.4,09:30:00,8143.34288797889,2,5
2015-01-07,8134.2,8134.2,8114.45,8114.45,09:35:00,8142.472136742806,2,6
2015-01-07,8132.15,8142.0,8132.15,8134.95,09:40:00,8141.489076100634,2,7
2015-01-07,8129.8,8139.25,8129.8,8136.7,09:45:00,8140.375830757716,2,8
2015-01-07,8140.85,8142.55,8136.25,8138.2,09:50:00,8140.420989733172,2,9
2015-01-07,8150.5,8150.5,8142.0,8146.35,09:55:00,8141.38089547287,2,10
2015-01-07,8137.25,8147.25,8137.25,8147.25,10:00:00,8140.987476856407,2,11
2015-01-07,8136.25,8139.55,8134.05,8134.05,10:05:00,8140.536288584368,2,12
2015-01-07,8136.0,8143.9,8132.45,8134.65,10:10:00,8140.104261100143,2,13
2015-01-07,8144.2,8145.3,8136.7,8136.7,10:15:00,8140.494331471557,2,14
2015-01-07,8144.15,8149.15,8143.9,8143.9,10:20:00,8140.842490379028,2,15
2015-01-07,8140.7,8145.7,8140.7,8145.7,10:25:00,8140.82891986674,2,16
2015-01-07,8132.6,8138.95,8131.9,8138.85,10:30:00,8140.045213212765,2,17
2015-01-07,8129.0,8139.0,8129.0,8139.0,10:35:00,8138.993288144882,2,18
2015-01-07,8136.65,8136.65,8128.4,8128.4,10:40:00,8138.77011784537,2,19
2015-01-07,8137.8,8140.3,8135.4,8136.95,10:45:00,8138.67772566962,2,20
2015-01-07,8137.05,8139.55,8136.75,8139.05,10:50:00,8138.522704177275,2,21
2015-01-07,8137.85,8141.35,8136.35,8136.95,10:55:00,8138.458637112773,2,22
2015-01-07,8130.35,8139.55,8130.35,8138.15,11:00:00,8137.686385959176,2,23
2015-01-07,8119.9,8130.25,8119.9,8130.25,11:05:00,8135.9924444392545,2,24
2015-01-07,8116.1,8123.8,8116.1,8117.1,11:10:00,8134.09792592123,2,25
2015-01-07,8108.65,8114.75,8105.8,8109.5,11:15:00,8131.674313928732,2,26
2015-01-07,8106.3,8111.8,8103.55,8111.8,11:20:00,8129.257712602185,2,27
2015-01-07,8090.3,8102.75,8090.3,8102.75,11:25:00,8125.54745425912,2,28
2015-01-07,8092.6,8093.4,8084.85,8093.4,11:30:00,8122.409601472537,2,29
2015-01-07,8092.0,8097.45,8086.85,8097.45,11:35:00,8119.513448951344,2,30
2015-01-07,8090.85,8092.6,8086.45,8092.6,11:40:00,8116.783596670263,2,31
2015-01-07,8091.1,8091.1,8077.5,8089.2,11:45:00,8114.337539844523,2,32
2015-01-07,8096.25,8099.25,8084.65,8084.65,11:50:00,8112.614917002187,2,33
2015-01-07,8097.75,8097.75,8088.7,8093.5,11:55:00,8111.199210621026,2,34
2015-01-07,8099.45,8100.35,8096.1,8099.8,12:00:00,8110.080238180929,2,35
2015-01-07,8088.6,8095.7,8088.6,8095.7,12:05:00,8108.034501211318,2,36
2015-01-07,8078.35,8087.35,8075.9,8087.35,12:10:00,8105.207405857859,2,37
2015-01-07,8078.15,8078.9,8068.55,8068.55,12:15:00,8102.630510061872,2,38
2015-01-07,8086.75,8086.8,8079.4,8079.4,12:20:00,8101.11808053217,2,39
2015-01-07,8098.6,8098.6,8083.75,8083.75,12:25:00,8100.87826333863,2,40
2015-01-07,8104.0,8104.0,8094.3,8099.95,12:30:00,8101.175571592094,2,41
2015-01-07,8105.65,8106.3,8100.35,8105.75,12:35:00,8101.601707630942,2,42
2015-01-07,8108.4,8111.9,8108.4,8109.2,12:40:00,8102.249164047042,2,43
2015-01-07,8118.1,8119.7,8115.1,8118.8,12:45:00,8103.758767471133,2,44
2015-01-07,8112.3,8112.8,8107.5,8112.8,12:50:00,8104.572218188168,2,45
2015-01-07,8110.85,8114.1,8110.85,8111.95,12:55:00,8105.170102170247,2,46
2015-01-07,8123.7,8123.7,8113.4,8113.4,13:00:00,8106.934854344509,2,47
2015-01-07,8125.25,8125.25,8114.4,8122.35,13:05:00,8108.679153930746,2,48
2015-01-07,8119.1,8130.0,8119.1,8126.0,13:10:00,8109.671615461151,2,49
2015-01-07,8122.6,8122.6,8112.65,8112.65,13:15:00,8110.902890179137,2,50
2015-01-07,8125.6,8125.6,8115.9,8119.5,13:20:00,8112.302614923981,2,51
2015-01-07,8116.25,8126.2,8116.25,8124.45,13:25:00,8112.678556359793,2,52
2015-01-07,8118.5,8119.3,8113.2,8114.55,13:30:00,8113.232979563622,2,53
2015-01-07,8111.65,8114.55,8111.65,8111.9,13:35:00,8113.082219605181,2,54
2015-01-07,8105.6,8109.0,8104.5,8104.5,13:40:00,8112.369627261831,2,55
2015-01-07,8101.8,8108.9,8101.8,8104.9,13:45:00,8111.362996094038,2,56
2015-01-07,8109.95,8109.95,8100.95,8101.05,13:50:00,8111.228425037463,2,57
2015-01-07,8114.35,8115.75,8109.5,8115.75,13:55:00,8111.525717891039,2,58
2015-01-07,8111.25,8114.25,8110.5,8111.7,14:00:00,8111.499459044273,2,59
2015-01-07,8122.0,8123.2,8118.75,8118.75,14:05:00,8112.499510563865,2,60
2015-01-07,8113.05,8122.15,8113.05,8120.4,14:10:00,8112.5519381292115,2,61
2015-01-07,8123.6,8123.6,8112.8,8113.35,14:15:00,8113.604134497858,2,62
2015-01-07,8128.1,8129.25,8121.4,8121.4,14:20:00,8114.9846931171105,2,63
2015-01-07,8118.95,8135.4,8118.95,8132.8,14:25:00,8115.362341391672,2,64
2015-01-07,8128.25,8128.8,8121.6,8121.6,14:30:00,8116.589737449608,2,65
2015-01-07,8122.85,8122.85,8120.55,8120.6,14:35:00,8117.185952930598,2,66
2015-01-07,8120.3,8121.45,8114.05,8121.45,14:40:00,8117.482528841971,2,67
2015-01-07,8126.9,8126.9,8117.35,8120.85,14:45:00,8118.379430857021,2,68
2015-01-07,8122.65,8126.5,8120.75,8123.5,14:50:00,8118.786151727781,2,69
2015-01-07,8124.6,8126.4,8116.65,8116.65,14:55:00,8119.33985156323,2,70
2015-01-07,8099.65,8122.4,8096.75,8122.4,15:00:00,8117.464627604827,2,71
2015-01-07,8093.3,8102.45,8089.15,8102.45,15:05:00,8115.163234499606,2,72
2015-01-07,8094.95,8094.95,8088.1,8090.35,15:10:00,8113.238164547262,2,73
2015-01-07,8104.2,8104.2,8097.15,8099.85,15:15:00,8112.377386971332,2,74
2015-01-07,8112.3,8113.65,8106.55,8106.55,15:20:00,8112.370016783587,2,75
2015-01-07,8115.65,8115.65,8112.85,8114.9,15:25:00,8112.682396137531,2,76
2015-01-08,8191.4,8191.4,8191.4,8191.4,09:10:00,8120.1793107911,3,1
2015-01-08,8193.7,8204.05,8191.4,8191.4,09:15:00,8127.181281191948,3,2
2015-01-08,8183.85,8190.2,8183.85,8189.8,09:20:00,8132.578302030811,3,3
2015-01-08,8177.25,8187.25,8177.25,8182.25,09:25:00,8136.832749456447,3,4
2015-01-08,8176.75,8185.05,8176.75,8182.05,09:30:00,8140.634392365358,3,5
2015-01-08,8180.15,8180.15,8171.45,8178.6,09:35:00,8144.397783568657,3,6
2015-01-08,8177.05,8182.3,8170.0,8180.8,09:40:00,8147.50751846688,3,7
2015-01-08,8178.0,8178.95,8175.15,8177.2,09:45:00,8150.411564327178,3,8
2015-01-08,8172.3,8180.8,8172.3,8176.7,09:50:00,8152.496177248399,3,9
2015-01-08,8173.3,8178.85,8173.3,8178.85,09:55:00,8154.477493700933,3,10
2015-01-08,8179.9,8179.9,8175.3,8175.3,10:00:00,8156.898684777036,3,11
2015-01-08,8175.8,8175.8,8172.45,8175.75,10:05:00,8158.698810036365,3,12
2015-01-08,8181.3,8181.3,8173.45,8173.45,10:10:00,8160.851304318617,3,13
2015-01-08,8190.55,8190.55,8183.85,8184.25,10:15:00,8163.679751526368,3,14
2015-01-08,8192.4,8192.4,8185.7,8185.7,10:20:00,8166.415013285762,3,15
2015-01-08,8194.2,8194.2,8191.6,8194.1,10:25:00,8169.061202496641,3,16
2015-01-08,8184.75,8192.75,8184.75,8192.75,10:30:00,8170.555373687437,3,17
2015-01-08,8185.5,8187.6,8184.5,8185.4,10:35:00,8171.97867143149,3,18
2015-01-08,8182.55,8184.55,8181.95,8182.3,10:40:00,8172.985464628492,3,19
2015-01-08,8184.6,8187.5,8184.6,8186.25,10:45:00,8174.091610854351,3,20
2015-01-08,8187.15,8189.45,8184.65,8184.65,10:50:00,8175.33526696346,3,21
2015-01-08,8187.75,8190.1,8186.15,8186.15,10:55:00,8176.51762249075,3,22
2015-01-08,8190.65,8190.65,8188.65,8188.65,11:00:00,8177.863563205917,3,23
2015-01-08,8191.85,8191.85,8189.05,8189.05,11:05:00,8179.1956048053535,3,24
2015-01-08,8192.25,8195.75,8192.15,8192.15,11:10:00,8180.438880538177,3,25
2015-01-08,8188.9,8192.55,8185.95,8192.55,11:15:00,8181.244701439303,3,26
2015-01-08,8187.95,8188.4,8186.15,8187.3,11:20:00,8181.883301302227,3,27
2015-01-08,8186.85,8187.05,8185.5,8187.05,11:25:00,8182.356320225824,3,28
2015-01-08,8186.35,8189.2,8186.35,8187.4,11:30:00,8182.736670680507,3,29
2015-01-08,8185.8,8186.45,8185.45,8185.45,11:35:00,8183.028416329983,3,30
2015-01-08,8189.9,8189.9,8185.2,8187.0,11:40:00,8183.682852869984,3,31
2015-01-08,8194.6,8195.15,8192.05,8192.05,11:45:00,8184.722581168081,3,32
2015-01-08,8191.85,8192.95,8191.25,8191.25,11:50:00,8185.401382961597,3,33
2015-01-08,8192.1,8193.3,8190.85,8190.85,11:55:00,8186.039346489064,3,34
2015-01-08,8197.3,8198.75,8193.15,8193.15,12:00:00,8187.111789680582,3,35
2015-01-08,8194.6,8196.3,8194.6,8196.3,12:05:00,8187.824952568146,3,36
2015-01-08,8199.35,8199.35,8195.85,8195.85,12:10:00,8188.9225761330845,3,37
2015-01-08,8198.55,8201.05,8198.55,8201.05,12:15:00,8189.83947364422,3,38
2015-01-08,8198.2,8199.8,8198.2,8199.55,12:20:00,8190.635714249533,3,39
2015-01-08,8198.65,8198.8,8198.05,8198.4,12:25:00,8191.398979559101,3,40
2015-01-08,8199.5,8200.35,8198.85,8198.85,12:30:00,8192.170505315376,3,41
2015-01-08,8199.35,8204.45,8199.35,8200.15,12:35:00,8192.854266713912,3,42
2015-01-08,8193.3,8200.1,8193.3,8200.1,12:40:00,8192.896717503063,3,43
2015-01-08,8194.5,8195.65,8192.3,8193.8,12:45:00,8193.0494110742,3,44
2015-01-08,8199.75,8199.75,8196.2,8196.2,12:50:00,8193.687562400466,3,45
2015-01-08,8200.6,8203.15,8198.7,8198.7,12:55:00,8194.345889790899,3,46
2015-01-08,8204.35,8204.55,8202.35,8203.7,13:00:00,8195.298662191764,3,47
2015-01-08,8203.0,8208.0,8202.75,8206.2,13:05:00,8196.032122935405,3,48
2015-01-08,8200.1,8200.65,8196.25,8200.65,13:10:00,8196.4195397987,3,49
2015-01-08,8196.4,8199.15,8194.7,8199.15,13:15:00,8196.417678865491,3,50
2015-01-08,8194.8,8199.25,8193.9,8197.9,13:20:00,8196.263614211635,3,51
2015-01-08,8198.5,8199.55,8196.1,8196.1,13:25:00,8196.476603334337,3,52
2015-01-08,8203.05,8203.05,8198.45,8199.7,13:30:00,8197.102641112018,3,53
2015-01-08,8203.85,8204.25,8200.85,8201.1,13:35:00,8197.745246720398,3,54
2015-01-08,8203.95,8204.9,8203.75,8203.75,13:40:00,8198.33617560417,3,55
2015-01-08,8200.4,8204.15,8198.55,8202.95,13:45:00,8198.532730308534,3,56
2015-01-08,8206.9,8206.9,8200.6,8203.35,13:50:00,8199.329613136293,3,57
2015-01-08,8218.1,8218.1,8205.5,8205.5,13:55:00,8201.117269028075,3,58
2015-01-08,8213.7,8219.15,8213.7,8219.15,14:00:00,8202.315624358735,3,59
2015-01-08,8221.7,8221.7,8214.4,8214.4,14:05:00,8204.161755372188,3,60
2015-01-08,8231.75,8231.75,8222.7,8222.7,14:10:00,8206.789207241503,3,61
2015-01-08,8230.15,8236.1,8230.15,8236.1,14:15:00,8209.014044647074,3,62
2015-01-08,8228.7,8233.0,8228.15,8228.15,14:20:00,8210.888897537829,3,63
2015-01-08,8225.1,8230.35,8225.1,8230.35,14:25:00,8212.242335867559,3,64
2015-01-08,8226.35,8226.35,8221.55,8223.95,14:30:00,8213.585922927792,3,65
2015-01-08,8231.55,8231.55,8223.1,8226.25,14:35:00,8215.29678741086,3,66
2015-01-08,8232.95,8234.25,8232.6,8233.05,14:40:00,8216.978045752683,3,67
2015-01-08,8238.35,8240.25,8233.5,8233.5,14:45:00,8219.013469966712,3,68
2015-01-08,8237.8,8241.7,8236.9,8240.55,14:50:00,8220.802663303215,3,69
2015-01-08,8238.95,8242.3,8236.55,8236.55,14:55:00,8222.53098108386,3,70
2015-01-08,8234.95,8240.15,8234.95,8236.1,15:00:00,8223.71374479016,3,71
2015-01-08,8231.55,8234.65,8231.55,8234.65,15:05:00,8224.460054810146,3,72
2015-01-08,8233.8,8235.6,8233.35,8235.3,15:10:00,8225.349573399655,3,73
2015-01-08,8235.25,8236.55,8229.6,8232.15,15:15:00,8226.292471171117,3,74
2015-01-08,8232.15,8236.75,8232.15,8236.55,15:20:00,8226.850331059582,3,75
2015-01-08,8233.3,8234.6,8232.4,8232.4,15:25:00,8227.464585244385,3,76
2015-01-09,8285.45,8285.45,8285.45,8285.45,09:10:00,8232.9870056973,4,1
2015-01-09,8300.6,8300.6,8285.45,8285.45,09:15:00,8239.426338488032,4,2
2015-01-09,8295.05,8302.15,8294.85,8300.8,09:20:00,8244.7238300606,4,3
2015-01-09,8290.65,8301.65,8289.55,8301.65,09:25:00,8249.09775100721,4,4
2015-01-09,8283.15,8293.75,8282.8,8293.75,09:30:00,8252.340822339856,4,5
2015-01-09,8282.1,8289.45,8279.05,8289.45,09:35:00,8255.175029736061,4,6
2015-01-09,8277.4,8286.65,8277.4,8283.4,09:40:00,8257.291693570722,4,7
2015-01-09,8278.65,8286.1,8278.65,8286.1,09:45:00,8259.325817992558,4,8
2015-01-09,8278.7,8283.05,8275.25,8283.05,09:50:00,8261.170978183744,4,9
2015-01-09,8279.2,8283.3,8275.15,8276.0,09:55:00,8262.88802788053,4,10
2015-01-09,8284.4,8286.35,8281.7,8281.7,10:00:00,8264.936787130004,4,11
2015-01-09,8283.1,8285.55,8282.45,8285.55,10:05:00,8266.666616927147,4,12
2015-01-09,8279.1,8280.05,8275.75,8280.05,10:10:00,8267.85074864837,4,13
2015-01-09,8283.05,8283.05,8280.7,8281.5,10:15:00,8269.298296396144,4,14
2015-01-09,8285.95,8286.6,8283.7,8283.7,10:20:00,8270.884172929846,4,15
2015-01-09,8290.6,8290.6,8287.0,8287.5,10:25:00,8272.761870746051,4,16
2015-01-09,8287.3,8290.3,8287.3,8290.3,10:30:00,8274.146454484524,4,17
2015-01-09,8285.0,8288.0,8284.2,8288.0,10:35:00,8275.180125485998,4,18
2015-01-09,8282.05,8286.4,8282.05,8286.4,10:40:00,8275.834399249237,4,19
2015-01-09,8282.05,8282.5,8279.85,8281.3,10:45:00,8276.4263612255,4,20
2015-01-09,8283.65,8284.45,8280.95,8281.95,10:50:00,8277.114326823072,4,21
2015-01-09,8286.45,8286.45,8283.05,8285.0,10:55:00,8278.003438554208,4,22
2015-01-09,8285.7,8287.8,8283.15,8285.75,11:00:00,8278.736444406188,4,23
2015-01-09,8281.9,8287.95,8281.9,8287.95,11:05:00,8279.037735415122,4,24
2015-01-09,8285.45,8285.45,8281.85,8282.15,11:10:00,8279.648427280348,4,25
2015-01-09,8277.2,8282.3,8277.2,8282.1,11:15:00,8279.415243729838,4,26
2015-01-09,8269.45,8280.55,8269.45,8278.55,11:20:00,8278.466172898425,4,27
2015-01-09,8266.1,8266.8,8264.45,8266.2,11:25:00,8277.288442146193,4,28
2015-01-09,8252.8,8264.65,8252.4,8264.65,11:30:00,8274.956209560842,4,29
2015-01-09,8253.85,8259.7,8253.85,8255.85,11:35:00,8272.946094364572,4,30
2015-01-09,8255.4,8259.05,8252.3,8252.3,11:40:00,8271.275037758422,4,31
2015-01-09,8259.65,8259.65,8255.95,8255.95,11:45:00,8270.167891305238,4,32
2015-01-09,8255.8,8256.6,8255.15,8255.25,11:50:00,8268.799520704739,4,33
2015-01-09,8258.85,8258.85,8257.3,8257.3,11:55:00,8267.851947304287,4,34
2015-01-09,8247.15,8259.35,8247.15,8259.35,12:00:00,8265.880333275307,4,35
2015-01-09,8218.8,8218.85,8211.3,8211.3,12:05:00,8261.396492010992,4,36
2015-01-09,8216.05,8216.05,8202.2,8210.95,12:10:00,8257.077778486135,4,37
2015-01-09,8221.55,8225.5,8220.5,8222.85,12:15:00,8253.694180535074,4,38
2015-01-09,8226.35,8226.35,8217.2,8221.4,12:20:00,8251.089972865067,4,39
2015-01-09,8214.4,8224.75,8211.0,8220.35,12:25:00,8247.59568973506,4,40
2015-01-09,8210.9,8218.0,8210.9,8214.7,12:30:00,8244.100862141246,4,41
2015-01-09,8202.75,8210.8,8202.75,8209.5,12:35:00,8240.16268479446,4,42
2015-01-09,8211.75,8211.75,8205.9,8205.9,12:40:00,8237.456714814036,4,43
2015-01-09,8218.9,8220.15,8209.9,8214.5,12:45:00,8235.68940864127,4,44
2015-01-09,8243.75,8244.9,8215.25,8217.7,12:50:00,8236.457084008767,4,45
2015-01-09,8259.1,8259.1,8231.35,8245.7,12:55:00,8238.613552198409,4,46
2015-01-09,8257.4,8266.8,8257.4,8265.8,13:00:00,8240.402737703322,4,47
2015-01-09,8268.8,8268.8,8257.2,8257.2,13:05:00,8243.107238874434,4,48
2015-01-09,8258.95,8270.45,8258.95,8269.85,13:10:00,8244.616073267345,4,49
2015-01-09,8232.15,8245.5,8232.15,8245.5,13:15:00,8243.428828194264,4,50
2015-01-09,8233.55,8245.6,8231.4,8245.6,13:20:00,8242.487987413859,4,51
2015-01-09,8242.05,8242.05,8232.65,8233.8,13:25:00,8242.446274326825,4,52
2015-01-09,8245.6,8245.6,8238.45,8242.0,13:30:00,8242.746629152842,4,53
2015-01-09,8246.95,8246.95,8239.15,8245.3,13:35:00,8243.146950185905,4,54
2015-01-09,8242.4,8248.75,8240.2,8248.75,13:40:00,8243.07581207296,4,55
2015-01-09,8243.1,8245.2,8242.85,8243.65,13:45:00,8243.078115685059,4,56
2015-01-09,8235.2,8240.65,8235.2,8235.2,13:50:00,8242.327818953148,4,57
2015-01-09,8205.1,8231.05,8205.1,8231.05,13:55:00,8238.782312386182,4,58
2015-01-09,8219.85,8219.85,8209.3,8216.65,14:00:00,8236.97923501607,4,59
2015-01-09,8223.6,8230.25,8220.3,8220.3,14:05:00,8235.705022157397,4,60
2015-01-09,8237.9,8239.3,8229.75,8230.3,14:10:00,8235.914067666215,4,61
2015-01-09,8241.3,8241.3,8224.75,8224.75,14:15:00,8236.427013602766,4,62
2015-01-09,8243.25,8247.75,8242.1,8242.1,14:20:00,8237.076821831075,4,63
2015-01-09,8239.05,8240.3,8237.05,8237.05,14:25:00,8237.264743561449,4,64
2015-01-09,8232.45,8245.0,8231.8,8240.0,14:30:00,8236.806196555597,4,65
2015-01-09,8251.25,8251.25,8237.35,8237.35,14:35:00,8238.181796883635,4,66
2015-01-09,8254.95,8254.95,8248.0,8252.4,14:40:00,8239.778768609003,4,67
2015-01-09,8260.6,8261.4,8249.5,8252.85,14:45:00,8241.761743027193,4,68
2015-01-09,8277.1,8277.1,8258.55,8258.55,14:50:00,8245.127291310317,4,69
2015-01-09,8264.85,8275.05,8264.85,8275.05,14:55:00,8247.005644518857,4,70
2015-01-09,8274.25,8277.15,8267.5,8267.5,15:00:00,8249.60034504087,4,71
2015-01-09,8284.65,8284.65,8272.05,8272.05,15:05:00,8252.93840741793,4,72
2015-01-09,8289.9,8295.9,8284.5,8284.5,15:10:00,8256.458559092414,4,73
2015-01-09,8281.7,8286.3,8281.7,8286.3,15:15:00,8258.862505845518,4,74
2015-01-09,8286.9,8286.9,8280.85,8280.85,15:20:00,8261.53274338404,4,75
2015-01-09,8280.5,8287.05,8280.5,8287.05,15:25:00,8263.339148776035,4,76
2015-01-12,8291.35,8291.35,8291.35,8291.35,09:10:00,8266.006848892603,0,1
2015-01-12,8261.95,8291.35,8253.7,8291.35,09:15:00,8265.620482331402,0,2
2015-01-12,8266.5,8273.85,8266.35,8267.6,09:20:00,8265.704245918887,0,3
2015-01-12,8266.2,8266.2,8256.6,8257.6,09:25:00,8265.75146059328,0,4
2015-01-12,8260.05,8265.7,8258.0,8265.7,09:30:00,8265.2084643463,0,5
2015-01-12,8259.35,8263.8,8259.35,8262.85,09:35:00,8264.650515360938,0,6
2015-01-12,8266.45,8266.45,8257.05,8257.05,09:40:00,8264.821894850373,0,7
2015-01-12,8269.1,8272.6,8265.55,8271.1,09:45:00,8265.229333436051,0,8
2015-01-12,8279.8,8279.8,8270.3,8270.3,09:50:00,8266.61701596595,0,9
2015-01-12,8284.15,8285.2,8274.5,8274.5,09:55:00,8268.286823969192,0,10
2015-01-12,8281.8,8291.9,8281.8,8285.9,10:00:00,8269.573793114983,0,11
2015-01-12,8275.95,8286.4,8275.95,8281.1,10:05:00,8270.181050913558,0,12
2015-01-12,8285.75,8285.75,8273.45,8273.45,10:10:00,8271.66380796941,0,13
2015-01-12,8295.6,8295.6,8284.1,8284.1,10:15:00,8273.943445305656,0,14
2015-01-12,8292.45,8294.15,8290.3,8294.15,10:20:00,8275.705974324166,0,15
2015-01-12,8296.1,8296.8,8291.4,8293.25,10:25:00,8277.64826248377,0,16
2015-01-12,8291.25,8293.35,8290.6,8293.35,10:30:00,8278.943666056744,0,17
2015-01-12,8284.55,8287.6,8284.55,8287.6,10:35:00,8279.47760262277,0,18
2015-01-12,8285.3,8285.3,8281.5,8281.5,10:40:00,8280.032116658696,0,19
2015-01-12,8290.5,8290.5,8285.1,8285.7,10:45:00,8281.029057929298,0,20
2015-01-12,8279.6,8288.7,8279.6,8288.7,10:50:00,8280.892957174126,0,21
2015-01-12,8284.4,8285.55,8279.25,8279.25,10:55:00,8281.226961252782,0,22
2015-01-12,8287.05,8287.05,8284.35,8284.35,11:00:00,8281.781536371564,0,23
2015-01-12,8284.55,8286.15,8283.35,8286.15,11:05:00,8282.045199574271,0,24
2015-01-12,8281.9,8283.75,8281.9,8283.75,11:10:00,8282.031371043387,0,25
2015-01-12,8280.0,8280.9,8277.05,8280.9,11:15:00,8281.837907134493,0,26
2015-01-12,8284.5,8284.7,8281.35,8281.35,11:20:00,8282.091439788352,0,27
2015-01-12,8283.25,8285.7,8283.25,8283.55,11:25:00,8282.201778856128,0,28
2015-01-12,8289.0,8289.0,8286.0,8286.0,11:30:00,8282.849228488878,0,29
2015-01-12,8284.25,8287.15,8284.15,8286.5,11:35:00,8282.98263529946,0,30
2015-01-12,8283.5,8283.5,8280.4,8282.05,11:40:00,8283.031908128083,0,31
2015-01-12,8280.2,8281.55,8279.95,8281.05,11:45:00,8282.762202592075,0,32
2015-01-12,8284.75,8285.15,8280.75,8280.75,11:50:00,8282.951516630925,0,33
2015-01-12,8287.5,8288.25,8284.35,8284.35,11:55:00,8283.384705523218,0,34
2015-01-12,8291.3,8291.75,8287.75,8287.75,12:00:00,8284.138543092437,0,35
2015-01-12,8281.0,8293.45,8280.8,8290.85,12:05:00,8283.83963422649,0,36
2015-01-12,8268.95,8281.95,8263.85,8281.95,12:10:00,8282.421573823967,0,37
2015-01-12,8262.7,8268.95,8259.4,8268.95,12:15:00,8280.543328697875,0,38
2015-01-12,8256.45,8263.25,8255.95,8263.25,12:20:00,8278.248725964744,0,39
2015-01-12,8252.75,8259.95,8252.75,8255.3,12:25:00,8275.820275872864,0,40
2015-01-12,8265.55,8265.55,8257.35,8257.35,12:30:00,8274.842154361162,0,41
2015-01-12,8264.45,8264.45,8262.35,8263.55,12:35:00,8273.852425374385,0,42
2015-01-12,8266.35,8266.7,8264.2,8264.2,12:40:00,8273.137908672063,0,43
2015-01-12,8267.5,8268.1,8263.4,8268.1,12:45:00,8272.60096498901,0,44
2015-01-12,8266.7,8270.65,8266.7,8268.45,12:50:00,8272.03896832339,0,45
2015-01-12,8268.1,8268.1,8266.2,8267.45,12:55:00,8271.663828483066,0,46
2015-01-12,8270.15,8272.25,8270.15,8270.85,13:00:00,8271.51965434182,0,47
2015-01-12,8269.1,8270.6,8268.7,8270.5,13:05:00,8271.289211071171,0,48
2015-01-12,8274.65,8274.65,8268.3,8268.7,13:10:00,8271.60928620725,0,49
2015-01-12,8267.55,8272.85,8267.55,8272.85,13:15:00,8271.222687520843,0,50
2015-01-12,8271.3,8273.3,8267.9,8267.9,13:20:00,8271.230050614096,0,51
2015-01-12,8269.3,8273.7,8268.5,8273.2,13:25:00,8271.046236269896,0,52
2015-01-12,8272.05,8272.05,8267.7,8267.75,13:30:00,8271.14183281562,0,53
2015-01-12,8278.1,8280.6,8275.45,8275.45,13:35:00,8271.804515404609,0,54
2015-01-12,8274.1,8278.8,8274.1,8277.45,13:40:00,8272.023132985123,0,55
2015-01-12,8282.65,8286.9,8277.55,8277.55,13:45:00,8273.03521555797,0,56
2015-01-12,8283.4,8283.6,8280.5,8281.05,13:50:00,8274.022337885783,0,57
2015-01-12,8281.9,8283.4,8280.65,8282.25,13:55:00,8274.772591420471,0,58
2015-01-12,8289.4,8289.4,8282.2,8282.2,14:00:00,8276.165677951854,0,59
2015-01-12,8290.15,8292.25,8289.5,8290.8,14:05:00,8277.497518146916,0,60
2015-01-12,8285.95,8289.55,8285.95,8289.55,14:10:00,8278.302516418638,0,61
2015-01-12,8287.75,8288.35,8283.15,8283.7,14:15:00,8279.202276759721,0,62
2015-01-12,8305.35,8305.35,8287.2,8287.2,14:20:00,8281.692536115937,0,63
2015-01-12,8317.35,8317.35,8308.2,8309.45,14:25:00,8285.088485057277,0,64
2015-01-12,8315.65,8319.6,8313.8,8319.6,14:30:00,8287.999105528012,0,65
2015-01-12,8315.35,8318.05,8315.35,8317.45,14:35:00,8290.603952620582,0,66
2015-01-12,8309.05,8317.35,8309.05,8317.0,14:40:00,8292.36071903767,0,67
2015-01-12,8306.55,8316.25,8306.55,8309.8,14:45:00,8293.71207912932,0,68
2015-01-12,8302.3,8306.25,8302.3,8304.95,14:50:00,8294.5299763551,0,69
2015-01-12,8308.1,8308.9,8303.5,8303.5,14:55:00,8295.822359559375,0,70
2015-01-12,8317.65,8317.65,8305.8,8305.8,15:00:00,8297.901182458483,0,71
2015-01-12,8318.6,8322.55,8318.6,8320.05,15:05:00,8299.872498414818,0,72
2015-01-12,8321.9,8321.9,8318.0,8320.45,15:10:00,8301.970355708643,0,73
2015-01-12,8326.0,8326.0,8319.55,8319.55,15:15:00,8304.258893260201,0,74
2015-01-12,8327.35,8328.65,8326.55,8328.65,15:20:00,8306.45804628304,0,75
2015-01-12,8329.05,8330.9,8329.05,8329.25,15:25:00,8308.60966092275,0,76
2015-01-13,8346.15,8346.15,8346.15,8346.15,09:10:00,8312.18493131106,1,1
2015-01-13,8342.5,8355.15,8342.5,8346.15,09:15:00,8315.072080710006,1,2
2015-01-13,8325.95,8340.6,8325.95,8340.35,09:20:00,8316.108073023339,1,3
2015-01-13,8338.35,8338.35,8331.1,8334.1,09:25:00,8318.226351783022,1,4
2015-01-13,8330.7,8333.1,8323.75,8331.2,09:30:00,8319.414318279876,1,5
2015-01-13,8328.75,8329.9,8323.0,8327.95,09:35:00,8320.30343082465,1,6
2015-01-13,8339.1,8339.1,8332.55,8332.55,09:40:00,8322.093580269922,1,7
2015-01-13,8342.15,8343.05,8339.95,8340.4,09:45:00,8324.003715482311,1,8
2015-01-13,8342.7,8347.85,8342.7,8343.25,09:50:00,8325.784314007806,1,9
2015-01-13,8344.0,8346.45,8343.6,8344.15,09:55:00,8327.519141245157,1,10
2015-01-13,8334.7,8340.1,8334.7,8340.1,10:00:00,8328.203032555142,1,11
2015-01-13,8339.05,8340.25,8335.4,8335.4,10:05:00,8329.2360770737,1,12
2015-01-13,8339.75,8340.0,8338.6,8339.5,10:10:00,8330.237403066682,1,13
2015-01-13,8336.7,8337.25,8336.35,8337.1,10:15:00,8330.852888488902,1,14
2015-01-13,8334.55,8334.55,8332.65,8333.9,10:20:00,8331.204994347103,1,15
2015-01-13,8336.8,8336.8,8335.15,8335.3,10:25:00,8331.737852028331,1,16
2015-01-13,8337.1,8340.55,8337.1,8338.6,10:30:00,8332.248532787538,1,17
2015-01-13,8342.3,8342.3,8337.5,8337.5,10:35:00,8333.205815379202,1,18
2015-01-13,8344.05,8344.05,8341.1,8341.1,10:40:00,8334.238594866898,1,19
2015-01-13,8342.15,8343.8,8342.1,8343.5,10:45:00,8334.992062022431,1,20
2015-01-13,8341.75,8342.9,8341.75,8341.95,10:50:00,8335.635675163152,1,21
2015-01-13,8338.5,8342.6,8338.5,8342.6,10:55:00,8335.908468004756,1,22
2015-01-13,8339.55,8339.65,8338.05,8338.05,11:00:00,8336.255280575731,1,23
2015-01-13,8339.65,8340.3,8336.25,8336.25,11:05:00,8336.578587187567,1,24
2015-01-13,8336.25,8337.4,8335.75,8335.75,11:10:00,8336.547293169702,1,25
2015-01-13,8337.9,8337.9,8336.65,8336.65,11:15:00,8336.676122391635,1,26
2015-01-13,8330.2,8338.65,8330.2,8338.65,11:20:00,8336.059348830526,1,27
2015-01-13,8328.8,8332.15,8328.8,8329.2,11:25:00,8335.367982275238,1,28
2015-01-13,8329.0,8329.45,8324.05,8329.45,11:30:00,8334.761507772835,1,29
2015-01-13,8331.75,8331.75,8327.05,8327.05,11:35:00,8334.474697508755,1,30
2015-01-13,8333.95,8336.75,8333.95,8333.95,11:40:00,8334.424726317446,1,31
2015-01-13,8331.75,8333.1,8331.2,8333.1,11:45:00,8334.169990477689,1,32
2015-01-13,8339.0,8339.0,8333.45,8333.45,11:50:00,8334.629991384576,1,33
2015-01-13,8339.35,8343.25,8339.35,8342.2,11:55:00,8335.079516014617,1,34
2015-01-13,8336.15,8340.85,8336.15,8338.6,12:00:00,8335.181466870368,1,35
2015-01-13,8338.75,8340.2,8337.9,8339.15,12:05:00,8335.521327168428,1,36
2015-01-13,8338.3,8339.55,8336.95,8339.55,12:10:00,8335.785962676197,1,37
2015-01-13,8341.65,8341.85,8339.85,8339.85,12:15:00,8336.34444242132,1,38
2015-01-13,8342.6,8342.6,8340.2,8340.4,12:20:00,8336.940209809765,1,39
2015-01-13,8333.2,8342.7,8333.2,8342.7,12:25:00,8336.583999351693,1,40
2015-01-13,8334.05,8335.65,8331.15,8335.65,12:30:00,8336.342666080103,1,41
2015-01-13,8325.5,8334.45,8325.5,8334.45,12:35:00,8335.310031215331,1,42
2015-01-13,8324.65,8325.25,8324.65,8325.25,12:40:00,8334.294790147205,1,43
2015-01-13,8326.45,8329.7,8326.45,8328.7,12:45:00,8333.547667276043,1,44
2015-01-13,8331.1,8331.1,8327.05,8327.15,12:50:00,8333.314556106896,1,45
2015-01-13,8332.8,8332.8,8329.0,8330.9,12:55:00,8333.265550763383,1,46
2015-01-13,8333.95,8334.55,8332.45,8332.45,13:00:00,8333.330736404965,1,47
2015-01-13,8337.95,8338.2,8334.25,8334.25,13:05:00,8333.770666271159,1,48
2015-01-13,8339.05,8339.05,8336.95,8336.95,13:10:00,8334.273459959619,1,49
2015-01-13,8352.4,8352.4,8341.35,8341.35,13:15:00,8335.999797106322,1,50
2015-01-13,8348.1,8354.95,8348.1,8354.95,13:20:00,8337.15219738191,1,51
2015-01-13,8352.2,8352.2,8344.75,8346.6,13:25:00,8338.585321440776,1,52
2015-01-13,8344.05,8352.1,8344.05,8352.1,13:30:00,8339.105767017845,1,53
2015-01-13,8346.1,8346.3,8341.65,8346.3,13:35:00,8339.771884444717,1,54
2015-01-13,8348.85,8349.9,8347.1,8349.9,13:40:00,8340.636466878554,1,55
2015-01-13,8350.75,8352.35,8350.55,8350.7,13:45:00,8341.599660509168,1,56
2015-01-13,8352.8,8353.55,8351.5,8351.75,13:50:00,8342.666359508294,1,57
2015-01-13,8350.9,8356.1,8350.9,8356.1,13:55:00,8343.450515745599,1,58
2015-01-13,8349.35,8352.5,8348.9,8352.5,14:00:00,8344.012371388875,1,59
2015-01-13,8352.0,8352.0,8349.5,8349.5,14:05:00,8344.773097923267,1,60
2015-01-13,8342.05,8351.85,8342.05,8351.85,14:10:00,8344.513755263908,1,61
2015-01-13,8340.05,8341.1,8339.75,8339.8,14:15:00,8344.088635714965,1,62
2015-01-13,8333.25,8338.75,8333.25,8338.0,14:20:00,8343.056384694491,1,63
2015-01-13,8325.85,8329.75,8325.85,8329.1,14:25:00,8341.417681390254,1,64
2015-01-13,8303.65,8316.75,8303.65,8316.75,14:30:00,8337.820759353088,1,65
2015-01-13,8298.3,8305.95,8298.3,8301.0,14:35:00,8334.056877509936,1,66
2015-01-13,8276.2,8302.45,8276.2,8302.2,14:40:00,8328.546698699467,1,67
2015-01-13,8270.25,8280.35,8270.25,8276.8,14:45:00,8322.99463215666,1,68
2015-01-13,8281.1,8281.75,8274.35,8276.55,14:50:00,8319.00466718936,1,69
2015-01-13,8282.7,8282.7,8276.75,8279.55,14:55:00,8315.547079837992,1,70
2015-01-13,8277.6,8281.05,8274.6,8281.05,15:00:00,8311.933072234373,1,71
2015-01-13,8294.2,8295.6,8284.55,8284.55,15:05:00,8310.244208212052,1,72
2015-01-13,8299.65,8301.8,8299.0,8299.0,15:10:00,8309.235236001381,1,73
2015-01-13,8298.25,8304.9,8297.35,8304.9,15:15:00,8308.189023048868,1,74
2015-01-13,8308.0,8308.0,8304.7,8304.7,15:20:00,8308.171020853737,1,75
2015-01-13,8307.65,8308.6,8305.35,8308.6,15:25:00,8308.121399820047,1,76
2015-01-14,8307.25,8307.25,8307.25,8307.25,09:10:00,8308.038409360996,2,1
2015-01-14,8305.4,8308.9,8302.15,8307.25,09:15:00,8307.787132278996,2,2
2015-01-14,8306.85,8306.85,8293.1,8304.8,09:20:00,8307.697881585758,2,3
2015-01-14,8304.05,8305.2,8298.3,8305.2,09:25:00,8307.350464291876,2,4
2015-01-14,8308.95,8308.95,8300.95,8300.95,09:30:00,8307.502801025983,2,5
2015-01-14,8313.9,8313.9,8307.05,8309.6,09:35:00,8308.112058071127,2,6
2015-01-14,8315.35,8322.5,8314.45,8314.45,09:40:00,8308.801385873878,2,7
2015-01-14,8319.3,8325.2,8318.45,8318.45,09:45:00,8309.80125388589,2,8
2015-01-14,8312.85,8323.0,8312.85,8321.1,09:50:00,8310.091610658663,2,9
2015-01-14,8312.95,8318.2,8311.75,8318.2,09:55:00,8310.36383821498,2,10
2015-01-14,8307.0,8312.4,8307.0,8312.4,10:00:00,8310.043472670697,2,11
2015-01-14,8301.15,8305.4,8299.75,8303.15,10:05:00,8309.196475273488,2,12
2015-01-14,8303.4,8303.95,8300.95,8303.95,10:10:00,8308.644430009346,2,13
2015-01-14,8292.25,8304.25,8291.95,8304.25,10:15:00,8307.083055722742,2,14
2015-01-14,8291.3,8297.5,8291.3,8297.5,10:20:00,8305.579907558671,2,15
2015-01-14,8303.15,8303.15,8291.45,8291.45,10:25:00,8305.348487791178,2,16
2015-01-14,8296.2,8303.95,8295.65,8303.95,10:30:00,8304.477203239638,2,17
2015-01-14,8299.5,8302.9,8296.4,8296.4,10:35:00,8304.003183883482,2,18
2015-01-14,8299.3,8301.3,8299.3,8300.8,10:40:00,8303.555261608864,2,19
2015-01-14,8306.1,8306.1,8298.75,8298.75,10:45:00,8303.797617646114,2,20
2015-01-14,8304.45,8308.1,8304.45,8307.05,10:50:00,8303.859749298865,2,21
2015-01-14,8306.8,8307.2,8305.85,8306.15,10:55:00,8304.139773175162,2,22
2015-01-14,8297.25,8304.45,8297.25,8304.45,11:00:00,8303.483604301337,2,23
2015-01-14,8294.9,8297.3,8294.1,8297.3,11:05:00,8302.6661181774,2,24
2015-01-14,8296.05,8296.2,8287.7,8290.45,11:10:00,8302.036011684315,2,25
2015-01-14,8283.95,8290.2,8283.95,8290.2,11:15:00,8300.313534381046,2,26
2015-01-14,8279.45,8286.4,8279.45,8284.05,11:20:00,8298.32653110666,2,27
2015-01-14,8287.7,8287.7,8281.85,8281.85,11:25:00,8297.314480525074,2,28
2015-01-14,8285.4,8290.3,8284.7,8290.3,11:30:00,8296.179768094114,2,29
2015-01-14,8282.25,8289.65,8282.25,8286.3,11:35:00,8294.853123513723,2,30
2015-01-14,8290.75,8290.75,8282.3,8282.3,11:40:00,8294.46234984575,2,31
2015-01-14,8291.4,8291.4,8288.55,8288.55,11:45:00,8294.170697479487,2,32
2015-01-14,8288.55,8292.6,8288.55,8291.9,11:50:00,8293.63539295763,2,33
2015-01-14,8283.8,8287.15,8282.35,8287.15,11:55:00,8292.698688866427,2,34
2015-01-14,8282.8,8287.9,8280.6,8284.05,12:00:00,8291.755956593433,2,35
2015-01-14,8276.2,8280.35,8274.05,8274.05,12:05:00,8290.274436917869,2,36
2015-01-14,8275.45,8279.9,8275.45,8277.55,12:10:00,8288.862585782834,2,37
2015-01-14,8272.9,8275.4,8272.9,8275.1,12:15:00,8287.342339517802,2,38
2015-01-14,8275.1,8276.45,8273.45,8275.7,12:20:00,8286.176402420868,2,39
2015-01-14,8250.65,8274.55,8250.15,8274.55,12:25:00,8282.792935523643,2,40
2015-01-14,8240.55,8246.65,8238.1,8246.4,12:30:00,8278.769798807105,2,41
2015-01-14,8249.7,8249.7,8243.6,8244.2,12:35:00,8276.001246539761,2,42
2015-01-14,8253.15,8253.15,8248.0,8248.0,12:40:00,8273.824937345498,2,43
2015-01-14,8247.05,8253.8,8247.05,8253.8,12:45:00,8271.274943312594,2,44
2015-01-14,8245.1,8254.5,8245.1,8249.9,12:50:00,8268.782091568537,2,45
2015-01-14,8250.95,8251.65,8244.35,8244.35,12:55:00,8267.083797133439,2,46
2015-01-14,8253.8,8253.8,8251.7,8251.7,13:00:00,8265.818673596921,2,47
2015-01-14,8252.5,8252.5,8250.15,8251.4,13:05:00,8264.550228492453,2,48
2015-01-14,8253.7,8253.7,8249.95,8251.45,13:10:00,8263.516873397934,2,49
2015-01-14,8259.0,8263.75,8258.4,8258.4,13:15:00,8263.086694979083,2,50
2015-01-14,8258.75,8262.0,8258.1,8258.1,13:20:00,8262.673676409646,2,51
2015-01-14,8252.9,8257.4,8251.7,8257.4,13:25:00,8261.742850084918,2,52
2015-01-14,8245.85,8255.45,8245.85,8255.45,13:30:00,8260.229245314926,2,53
2015-01-14,8250.45,8252.0,8246.1,8246.1,13:35:00,8259.297888618266,2,54
2015-01-14,8258.95,8258.95,8253.75,8253.75,13:40:00,8259.264756368908,2,55
2015-01-14,8254.9,8259.75,8254.9,8259.75,13:45:00,8258.849065286155,2,56
2015-01-14,8251.85,8253.35,8247.8,8253.35,13:50:00,8258.182487639855,2,57
2015-01-14,8257.65,8257.65,8249.35,8249.6,13:55:00,8258.131774531297,2,58
2015-01-14,8260.45,8263.25,8256.7,8256.7,14:00:00,8258.35255790927,2,59
2015-01-14,8268.35,8268.35,8252.0,8252.0,14:05:00,8259.304695251243,2,60
2015-01-14,8285.0,8291.75,8271.55,8272.85,14:10:00,8261.751867132078,2,61
2015-01-14,8297.5,8301.15,8281.05,8281.05,14:15:00,8265.156451214736,2,62
2015-01-14,8296.55,8298.05,8291.1,8291.95,14:20:00,8268.146313003808,2,63
2015-01-14,8285.55,8291.8,8283.65,8291.8,14:25:00,8269.803807003445,2,64
2015-01-14,8278.9,8284.6,8278.9,8284.6,14:30:00,8270.670111098356,2,65
2015-01-14,8274.7,8282.7,8274.7,8282.7,14:35:00,8271.05391004137,2,66
2015-01-14,8262.9,8269.35,8262.9,8269.35,14:40:00,8270.277347180287,2,67
2015-01-14,8255.75,8263.5,8254.65,8261.25,14:45:00,8268.893790305974,2,68
2015-01-14,8259.2,8259.2,8253.95,8255.45,14:50:00,8267.970572181595,2,69
2015-01-14,8258.75,8260.3,8253.65,8260.3,14:55:00,8267.092422450014,2,70
2015-01-14,8274.3,8274.3,8263.65,8263.65,15:00:00,8267.778858407155,2,71
2015-01-14,8275.25,8280.05,8271.5,8280.05,15:05:00,8268.49039570171,2,72
2015-01-14,8272.35,8272.8,8271.15,8271.15,15:10:00,8268.857977063451,2,73
2015-01-14,8273.4,8273.4,8269.0,8272.9,15:15:00,8269.290550676456,2,74
2015-01-14,8284.3,8284.3,8279.65,8280.1,15:20:00,8270.720022040603,2,75
2015-01-14,8288.9,8288.9,8285.35,8285.35,15:25:00,8272.451448512926,2,76
2015-01-15,8424.5,8424.5,8424.5,8424.5,09:10:00,8286.932262940267,3,1
2015-01-15,8401.3,8439.15,8385.7,8425.2,09:15:00,8297.824428374526,3,2
2015-01-15,8421.95,8427.85,8399.15,8427.85,09:20:00,8309.645911386477,3,3
2015-01-15,8412.5,8426.5,8412.5,8426.5,09:25:00,8319.441538873478,3,4
2015-01-15,8431.3,8432.1,8416.55,8416.55,09:30:00,8330.094725647432,3,5
2015-01-15,8418.8,8428.5,8416.35,8428.5,09:35:00,8338.542847014343,3,6
2015-01-15,8412.8,8416.0,8409.6,8416.0,09:40:00,8345.614956822501,3,7
2015-01-15,8409.75,8420.1,8409.75,8412.65,09:45:00,8351.72305617274,3,8
2015-01-15,8410.65,8412.55,8408.05,8409.5,09:50:00,8357.33514606105,3,9
2015-01-15,8420.25,8421.1,8411.25,8411.25,09:55:00,8363.327036912378,3,10
2015-01-15,8418.4,8425.25,8418.4,8422.35,10:00:00,8368.572081015962,3,11
2015-01-15,8412.7,8417.5,8412.45,8417.5,10:05:00,8372.774739966822,3,12
2015-01-15,8405.15,8413.25,8405.15,8413.25,10:10:00,8375.85809806522,3,13
2015-01-15,8403.25,8407.25,8403.25,8407.25,10:15:00,8378.466850630437,3,14
2015-01-15,8406.45,8407.4,8403.3,8403.3,10:20:00,8381.131912475157,3,15
2015-01-15,8411.85,8411.85,8407.75,8407.75,10:25:00,8384.05744462038,3,16
2015-01-15,8406.3,8408.2,8406.15,8408.0,10:30:00,8386.175783227962,3,17
2015-01-15,8406.35,8409.65,8406.35,8406.35,10:35:00,8388.09713720625,3,18
2015-01-15,8399.5,8408.6,8399.5,8407.4,10:40:00,8389.183124138988,3,19
2015-01-15,8415.4,8415.4,8404.15,8404.15,10:45:00,8391.679969459085,3,20
2015-01-15,8417.9,8418.4,8413.95,8413.95,10:50:00,8394.177115224886,3,21
2015-01-15,8418.85,8418.85,8416.05,8417.35,10:55:00,8396.526913774896,3,22
2015-01-15,8419.45,8419.45,8417.95,8418.8,11:00:00,8398.710064843954,3,23
2015-01-15,8422.25,8424.1,8420.1,8420.1,11:05:00,8400.951963430243,3,24
2015-01-15,8435.3,8436.45,8423.65,8423.65,11:10:00,8404.223205008315,3,25
2015-01-15,8433.75,8435.05,8433.25,8433.6,11:15:00,8407.03528072181,3,26
2015-01-15,8433.05,8433.3,8430.8,8432.65,11:20:00,8409.512873034018,3,27
2015-01-15,8434.35,8435.4,8432.85,8432.85,11:25:00,8411.878313697445,3,28
2015-01-15,8442.1,8442.1,8431.8,8431.8,11:30:00,8414.756569535784,3,29
2015-01-15,8450.25,8450.25,8440.9,8443.25,11:35:00,8418.136896246662,3,30
2015-01-15,8461.05,8461.05,8453.95,8455.1,11:40:00,8422.223858508885,3,31
2015-01-15,8457.85,8466.0,8457.85,8462.55,11:45:00,8425.616824365183,3,32
2015-01-15,8459.1,8460.8,8456.2,8458.85,11:50:00,8428.805698235166,3,33
2015-01-15,8463.65,8463.65,8460.5,8460.5,11:55:00,8432.12420316515,3,34
2015-01-15,8463.25,8465.55,8461.95,8463.6,12:00:00,8435.08856476847,3,35
2015-01-15,8457.2,8461.5,8457.2,8461.5,12:05:00,8437.194415742902,3,36
2015-01-15,8459.6,8459.6,8453.75,8453.75,12:10:00,8439.328280910246,3,37
2015-01-15,8455.4,8460.0,8453.15,8459.45,12:15:00,8440.858920823555,3,38
2015-01-15,8458.6,8461.9,8458.6,8458.95,12:20:00,8442.548547411789,3,39
2015-01-15,8462.15,8463.0,8460.9,8460.9,12:25:00,8444.41535242019,3,40
2015-01-15,8463.7,8463.7,8460.1,8460.1,12:30:00,8446.25198552303,3,41
2015-01-15,8464.35,8464.35,8461.4,8462.0,12:35:00,8447.975605949407,3,42
2015-01-15,8470.25,8471.85,8465.85,8465.85,12:40:00,8450.096976811368,3,43
2015-01-15,8480.1,8480.1,8469.35,8471.8,12:45:00,8452.954407591238,3,44
2015-01-15,8475.3,8482.35,8475.3,8482.35,12:50:00,8455.082559249215,3,45
2015-01-15,8477.7,8477.7,8474.0,8474.0,12:55:00,8457.23660122548,3,46
2015-01-15,8473.75,8475.5,8473.75,8475.5,13:00:00,8458.809305870673,3,47
2015-01-15,8474.65,8477.0,8474.65,8475.55,13:05:00,8460.317943406799,3,48
2015-01-15,8471.95,8476.2,8471.95,8474.85,13:10:00,8461.425758320436,3,49
2015-01-15,8477.05,8477.05,8470.45,8472.6,13:15:00,8462.913781337538,3,50
2015-01-15,8475.75,8477.2,8474.55,8474.55,13:20:00,8464.136278353011,3,51
2015-01-15,8477.3,8478.95,8475.8,8475.8,13:25:00,8465.389966128914,3,52
2015-01-15,8482.25,8482.25,8476.45,8476.45,13:30:00,8466.995683640447,3,53
2015-01-15,8485.8,8485.8,8481.45,8482.95,13:35:00,8468.786570912785,3,54
2015-01-15,8483.2,8483.95,8482.15,8483.95,13:40:00,8470.1592784449,3,55
2015-01-15,8478.0,8481.85,8477.1,8481.85,13:45:00,8470.9060138311,3,56
2015-01-15,8474.0,8476.45,8474.0,8476.2,13:50:00,8471.200679180518,3,57
2015-01-15,8479.2,8479.2,8474.6,8476.35,13:55:00,8471.962519258564,3,58
2015-01-15,8482.8,8482.8,8476.8,8478.55,14:00:00,8472.994660281558,3,59
2015-01-15,8488.6,8488.6,8483.6,8483.6,14:05:00,8474.480883111886,3,60
2015-01-15,8493.0,8494.95,8488.55,8488.55,14:10:00,8476.244608529802,3,61
2015-01-15,8491.0,8491.0,8489.35,8490.8,14:15:00,8477.649883907916,3,62
2015-01-15,8488.2,8493.55,8488.2,8493.55,14:20:00,8478.654656869066,3,63
2015-01-15,8488.9,8491.55,8487.6,8491.55,14:25:00,8479.630403833917,3,64
2015-01-15,8508.2,8508.2,8491.4,8491.4,14:30:00,8482.351317754496,3,65
2015-01-15,8505.85,8510.1,8505.85,8508.05,14:35:00,8484.589287492163,3,66
2015-01-15,8514.05,8514.05,8507.85,8507.85,14:40:00,8487.395069635766,3,67
2015-01-15,8523.7,8523.7,8511.9,8511.9,14:45:00,8490.852682051407,3,68
2015-01-15,8513.95,8526.7,8513.95,8526.7,14:50:00,8493.05242661794,3,69
2015-01-15,8513.9,8517.5,8509.95,8516.6,14:55:00,8495.037909797184,3,70
2015-01-15,8507.35,8516.1,8507.35,8516.1,15:00:00,8496.2104898165,3,71
2015-01-15,8502.1,8505.55,8501.05,8505.55,15:05:00,8496.771395548261,3,72
2015-01-15,8513.25,8513.3,8502.6,8502.6,15:10:00,8498.340786448427,3,73
2015-01-15,8501.2,8510.45,8501.2,8510.45,15:15:00,8498.613092500958,3,74
2015-01-15,8469.3,8497.6,8469.3,8497.6,15:20:00,8495.821369405629,3,75
2015-01-15,8466.05,8467.75,8463.8,8463.8,15:25:00,8492.986000890807,3,76
2015-01-16,8504.05,8504.05,8504.05,8504.05,09:10:00,8494.039715091683,4,1
2015-01-16,8471.5,8504.05,8452.95,8504.05,09:15:00,8491.893075559141,4,2
2015-01-16,8458.05,8464.3,8458.05,8458.55,09:20:00,8488.66992550589,4,3
2015-01-16,8475.85,8475.85,8458.85,8460.1,09:25:00,8487.448980219615,4,4
2015-01-16,8476.3,8478.2,8474.7,8478.2,09:30:00,8486.387172579653,4,5
2015-01-16,8481.15,8482.95,8479.65,8479.65,09:35:00,8485.888394238733,4,6
2015-01-16,8478.6,8481.9,8476.5,8481.9,09:40:00,8485.194261454091,4,7
2015-01-16,8482.6,8483.35,8477.8,8483.35,09:45:00,8484.947188934653,4,8
2015-01-16,8483.85,8487.35,8483.85,8484.8,09:50:00,8484.8426947504,4,9
2015-01-16,8484.5,8486.4,8480.2,8480.2,09:55:00,8484.810057155124,4,10
2015-01-16,8478.95,8486.45,8478.95,8486.45,10:00:00,8484.251956473683,4,11
2015-01-16,8486.95,8486.95,8480.2,8480.2,10:05:00,8484.508913,4,12
2015-01-16,8490.75,8490.9,8487.35,8487.35,10:10:00,8485.103302238094,4,13
2015-01-16,8488.3,8494.15,8485.25,8494.15,10:15:00,8485.40774964399,4,14
2015-01-16,8488.05,8491.1,8485.15,8489.35,10:20:00,8485.659392535039,4,15
2015-01-16,8491.05,8491.7,8490.6,8490.6,10:25:00,8486.172783722179,4,16
2015-01-16,8494.8,8494.8,8486.8,8492.0,10:30:00,8486.994423367685,4,17
2015-01-16,8497.55,8500.05,8494.55,8494.55,10:35:00,8487.999716380287,4,18
2015-01-16,8495.85,8499.7,8494.0,8499.7,10:40:00,8488.747362439308,4,19
2015-01-16,8499.2,8499.2,8496.35,8496.35,10:45:00,8489.742851730804,4,20
2015-01-16,8499.05,8499.05,8495.65,8498.1,10:50:00,8490.62924680406,4,21
2015-01-16,8488.65,8497.8,8488.65,8497.8,10:55:00,8490.440747108434,4,22
2015-01-16,8493.3,8493.35,8488.05,8488.05,11:00:00,8490.71305690763,4,23
2015-01-16,8498.95,8498.95,8494.8,8495.1,11:05:00,8491.497527678332,4,24
2015-01-16,8492.9,8497.5,8492.9,8496.55,11:10:00,8491.631096470872,4,25
2015-01-16,8499.1,8499.1,8492.85,8492.85,11:15:00,8492.342420616504,4,26
2015-01-16,8496.15,8498.85,8496.15,8497.85,11:20:00,8492.705047224455,4,27
2015-01-16,8501.0,8501.45,8499.4,8501.45,11:25:00,8493.495042726889,4,28
2015-01-16,8502.7,8502.7,8498.35,8501.85,11:30:00,8494.371705324327,4,29
2015-01-16,8502.0,8505.0,8501.6,8505.0,11:35:00,8495.098209579153,4,30
2015-01-16,8496.7,8504.25,8496.7,8503.25,11:40:00,8495.250761047806,4,31
2015-01-16,8495.3,8496.8,8492.9,8495.65,11:45:00,8495.255450471825,4,32
2015-01-16,8489.95,8496.05,8489.95,8490.6,11:50:00,8494.750169474508,4,33
2015-01-16,8492.95,8493.8,8491.15,8491.15,11:55:00,8494.57872476265,4,34
2015-01-16,8490.7,8494.1,8490.7,8494.1,12:00:00,8494.209322404304,4,35
2015-01-16,8484.3,8490.6,8484.3,8489.75,12:05:00,8493.265577413418,4,36
2015-01-16,8490.75,8490.75,8481.25,8483.35,12:10:00,8493.02599861214,4,37
2015-01-16,8494.15,8494.45,8490.05,8491.3,12:15:00,8493.133046363364,4,38
2015-01-16,8500.4,8500.4,8494.85,8494.85,12:20:00,8493.8251371859,4,39
2015-01-16,8497.05,8501.45,8497.05,8501.15,12:25:00,8494.13226697772,4,40
2015-01-16,8505.65,8505.65,8499.9,8499.9,12:30:00,8495.229193932222,4,41
2015-01-16,8504.75,8507.5,8504.65,8504.65,12:35:00,8496.13593736725,4,42
2015-01-16,8508.1,8509.1,8504.85,8504.85,12:40:00,8497.275371903701,4,43
2015-01-16,8513.8,8513.8,8508.55,8508.55,12:45:00,8498.849146008111,4,44
2015-01-16,8511.1,8514.45,8511.1,8514.45,12:50:00,8500.01589400734,4,45
2015-01-16,8512.35,8512.35,8507.65,8510.0,12:55:00,8501.190570768546,4,46
2015-01-16,8507.75,8512.8,8507.75,8512.8,13:00:00,8501.815278314398,4,47
2015-01-16,8504.2,8506.5,8504.2,8505.4,13:05:00,8502.042394665408,4,48
2015-01-16,8508.3,8508.3,8500.75,8500.75,13:10:00,8502.638357078225,4,49
2015-01-16,8504.1,8508.45,8504.1,8508.15,13:15:00,8502.777561166013,4,50
2015-01-16,8505.75,8507.65,8505.55,8506.0,13:20:00,8503.060650578775,4,51
2015-01-16,8499.45,8504.3,8499.45,8504.3,13:25:00,8502.716779095083,4,52
2015-01-16,8500.25,8500.25,8490.65,8497.85,13:30:00,8502.481847752693,4,53
2015-01-16,8501.9,8505.0,8498.05,8498.05,13:35:00,8502.426433681008,4,54
2015-01-16,8505.8,8506.4,8502.95,8502.95,13:40:00,8502.74772571139,4,55
2015-01-16,8511.2,8512.0,8507.05,8508.45,13:45:00,8503.552704215066,4,56
2015-01-16,8521.85,8521.85,8512.55,8512.55,13:50:00,8505.295303813631,4,57
2015-01-16,8517.45,8517.95,8517.0,8517.0,13:55:00,8506.452893926618,4,58
2015-01-16,8523.3,8523.3,8520.1,8520.1,14:00:00,8508.057380219321,4,59
2015-01-16,8521.7,8521.7,8516.85,8519.1,14:05:00,8509.356677341291,4,60
2015-01-16,8518.4,8524.65,8518.4,8523.9,14:10:00,8510.21794616593,4,61
2015-01-16,8519.8,8519.8,8513.95,8514.45,14:15:00,8511.130522721556,4,62
2015-01-16,8520.4,8521.5,8520.05,8520.6,14:20:00,8512.013330081409,4,63
2015-01-16,8521.6,8523.45,8519.45,8523.45,14:25:00,8512.926346264132,4,64
2015-01-16,8511.3,8516.95,8510.65,8514.15,14:30:00,8512.771456143739,4,65
2015-01-16,8516.15,8516.15,8510.85,8510.85,14:35:00,8513.093222225287,4,66
2015-01-16,8510.6,8513.2,8507.45,8513.2,14:40:00,8512.855772489545,4,67
2015-01-16,8514.75,8515.5,8511.4,8515.5,14:45:00,8513.036175109588,4,68
2015-01-16,8516.95,8517.75,8513.65,8515.45,14:50:00,8513.408920337246,4,69
2015-01-16,8509.2,8517.95,8509.2,8517.1,14:55:00,8513.008070781318,4,70
2015-01-16,8509.8,8516.65,8509.8,8511.1,15:00:00,8512.702540230715,4,71
2015-01-16,8512.65,8512.7,8511.1,8512.2,15:05:00,8512.697536399219,4,72
2015-01-16,8512.85,8514.75,8512.85,8514.75,15:10:00,8512.712056742152,4,73
2015-01-16,8512.0,8514.1,8510.35,8510.35,15:15:00,8512.644241814327,4,74
2015-01-16,8515.35,8516.45,8512.7,8512.7,15:20:00,8512.901933070105,4,75
2015-01-16,8514.25,8517.6,8514.25,8517.6,15:25:00,8513.030320396761,4,76
2015-01-19,8550.05,8550.05,8550.05,8550.05,09:10:00,8516.556004168498,0,1
2015-01-19,8550.9,8551.55,8544.0,8550.05,09:15:00,8519.826860914356,0,2
2015-01-19,8549.0,8549.0,8542.05,8544.7,09:20:00,8522.605255112989,0,3
2015-01-19,8557.25,8557.25,8547.95,8547.95,09:25:00,8525.904754626037,0,4
2015-01-19,8549.9,8561.0,8549.9,8561.0,09:30:00,8528.190016090224,0,5
2015-01-19,8553.5,8557.65,8551.9,8557.65,09:35:00,8530.600490748298,0,6
2015-01-19,8553.35,8553.35,8549.15,8549.15,09:40:00,8532.767110677032,0,7
2015-01-19,8555.6,8559.25,8553.95,8553.95,09:45:00,8534.941671564935,0,8
2015-01-19,8559.2,8561.05,8557.7,8558.1,09:50:00,8537.25198855875,0,9
2015-01-19,8554.05,8557.1,8554.05,8556.6,09:55:00,8538.851799172202,0,10
2015-01-19,8559.0,8559.0,8552.85,8554.15,10:00:00,8540.770675441516,0,11
2015-01-19,8560.45,8560.8,8558.95,8559.05,10:05:00,8542.644896828038,0,12
2015-01-19,8561.85,8565.4,8561.2,8561.2,10:10:00,8544.473954272988,0,13
2015-01-19,8558.6,8560.35,8557.75,8560.35,10:15:00,8545.819291961274,0,14
2015-01-19,8561.75,8561.95,8561.1,8561.1,10:20:00,8547.336502250677,0,15
2015-01-19,8563.75,8564.95,8563.65,8564.2,10:25:00,8548.899692512518,0,16
2015-01-19,8567.0,8569.0,8565.7,8565.7,10:30:00,8550.623531320849,0,17
2015-01-19,8566.0,8567.75,8565.15,8565.15,10:35:00,8552.08795690934,0,18
2015-01-19,8560.7,8564.55,8560.7,8564.55,10:40:00,8552.908151489402,0,19
2015-01-19,8556.0,8560.45,8555.45,8560.45,10:45:00,8553.202613252317,0,20
2015-01-19,8564.6,8564.6,8558.45,8558.45,10:50:00,8554.288078656858,0,21
2015-01-19,8568.65,8569.2,8564.95,8564.95,10:55:00,8555.65588068954,0,22
2015-01-19,8563.5,8569.1,8563.5,8568.35,11:00:00,8556.402939671489,0,23
2015-01-19,8563.8,8565.05,8561.65,8565.05,11:05:00,8557.107421607538,0,24
2015-01-19,8565.7,8565.7,8563.8,8563.8,11:10:00,8557.92576240682,0,25
2015-01-19,8565.35,8568.05,8565.35,8568.05,11:15:00,8558.63283265379,0,26
2015-01-19,8555.95,8564.65,8555.95,8564.65,11:20:00,8558.377324782,0,27
2015-01-19,8551.7,8556.9,8551.7,8556.9,11:25:00,8557.741389088478,0,28
2015-01-19,8550.7,8551.65,8548.15,8551.65,11:30:00,8557.07078060386,0,29
2015-01-19,8549.2,8550.9,8547.3,8550.9,11:35:00,8556.321182451113,0,30
2015-01-19,8544.15,8544.95,8544.1,8544.1,11:40:00,8555.162022217673,0,31
2015-01-19,8549.55,8549.55,8545.0,8545.0,11:45:00,8554.627543911229,0,32
2015-01-19,8553.05,8553.05,8549.0,8549.7,11:50:00,8554.47730163397,0,33
2015-01-19,8545.85,8553.25,8545.85,8551.75,11:55:00,8553.655653859307,0,34
2015-01-19,8553.7,8553.7,8547.6,8547.6,12:00:00,8553.659877301277,0,35
2015-01-19,8554.5,8554.95,8552.05,8552.05,12:05:00,8553.739888986871,0,36
2015-01-19,8551.75,8553.7,8550.2,8553.7,12:10:00,8553.550375750026,0,37
2015-01-19,8541.65,8551.35,8541.65,8551.35,12:15:00,8552.417006630976,0,38
2015-01-19,8534.4,8537.8,8534.4,8535.95,12:20:00,8550.70110123755,0,39
2015-01-19,8534.7,8537.15,8533.1,8534.6,12:25:00,8549.177186833973,0,40
2015-01-19,8539.2,8539.2,8533.35,8533.35,12:30:00,8548.226978564071,0,41
2015-01-19,8544.65,8544.65,8541.45,8541.45,12:35:00,8547.886313938921,0,42
2015-01-19,8540.65,8544.35,8540.65,8544.35,12:40:00,8547.197141182834,0,43
2015-01-19,8545.3,8545.3,8539.95,8539.95,12:45:00,8547.016461070183,0,44
2015-01-19,8546.8,8546.8,8543.85,8544.45,12:50:00,8546.995845730165,0,45
2015-01-19,8548.45,8548.45,8546.85,8546.85,12:55:00,8547.134336613008,0,46
2015-01-19,8551.05,8551.3,8549.6,8549.6,13:00:00,8547.507256935578,0,47
2015-01-19,8555.95,8555.95,8549.65,8549.65,13:05:00,8548.311327703617,0,48
2015-01-19,8555.2,8555.8,8552.65,8555.8,13:10:00,8548.967391731845,0,49
2015-01-19,8555.05,8555.05,8552.85,8553.45,13:15:00,8549.546687757384,0,50
2015-01-19,8557.85,8557.85,8555.9,8555.9,13:20:00,8550.337479399537,0,51
2015-01-19,8560.6,8561.4,8558.8,8558.8,13:25:00,8551.314862313868,0,52
2015-01-19,8557.7,8559.75,8555.1,8559.75,13:30:00,8551.922970664928,0,53
2015-01-19,8556.05,8556.05,8553.15,8554.0,13:35:00,8552.316021077791,0,54
2015-01-19,8556.35,8560.35,8556.35,8558.15,13:40:00,8552.700209546574,0,55
2015-01-19,8556.5,8556.5,8554.7,8556.15,13:45:00,8553.062094351662,0,56
2015-01-19,8561.15,8561.15,8556.5,8556.5,13:50:00,8553.832371080076,0,57
2015-01-19,8564.35,8564.35,8560.6,8563.3,13:55:00,8554.83405002483,0,58
2015-01-19,8559.9,8565.6,8559.9,8565.6,14:00:00,8555.316521451037,0,59
2015-01-19,8565.2,8565.2,8559.5,8559.5,14:05:00,8556.257805122366,0,60
2015-01-19,8564.4,8567.2,8564.4,8565.6,14:10:00,8557.03325225357,0,61
2015-01-19,8565.05,8565.05,8564.1,8564.15,14:15:00,8557.796752038945,0,62
2015-01-19,8565.35,8565.35,8562.8,8564.0,14:20:00,8558.516108987616,0,63
2015-01-19,8556.7,8564.5,8556.7,8564.5,14:25:00,8558.34314622689,0,64
2015-01-19,8556.55,8560.35,8556.55,8558.15,14:30:00,8558.172370395758,0,65
2015-01-19,8552.1,8556.65,8549.8,8556.65,14:35:00,8557.594049405685,0,66
2015-01-19,8553.65,8554.1,8549.9,8553.85,14:40:00,8557.218425652762,0,67
2015-01-19,8556.95,8558.7,8556.95,8557.15,14:45:00,8557.19286130488,0,68
2015-01-19,8549.7,8558.25,8549.7,8558.25,14:50:00,8556.47925546632,0,69
2015-01-19,8548.3,8549.0,8544.35,8548.6,14:55:00,8555.700278755241,0,70
2015-01-19,8551.3,8551.6,8546.25,8551.6,15:00:00,8555.281204588075,0,71
2015-01-19,8552.55,8552.55,8548.85,8550.7,15:05:00,8555.0210898654,0,72
2015-01-19,8553.2,8556.45,8552.45,8555.0,15:10:00,8554.847652735363,0,73
2015-01-19,8550.15,8551.4,8548.6,8551.4,15:15:00,8554.400257236757,0,74
2015-01-19,8551.95,8551.95,8547.65,8547.65,15:20:00,8554.166899404685,0,75
2015-01-19,8550.05,8551.25,8550.05,8551.25,15:25:00,8553.774813747095,0,76
2015-01-20,8575.1,8575.1,8575.1,8575.1,09:10:00,8555.805783866419,1,1
2015-01-20,8580.95,8583.85,8575.1,8575.1,09:15:00,8558.200471117236,1,2
2015-01-20,8586.25,8586.25,8580.95,8582.25,09:20:00,8560.871854820356,1,3
2015-01-20,8579.15,8584.0,8575.8,8584.0,09:25:00,8562.61263055175,1,4
2015-01-20,8585.85,8587.05,8582.05,8584.8,09:30:00,8564.825713356346,1,5
2015-01-20,8590.75,8591.95,8589.5,8589.5,09:35:00,8567.294693036694,1,6
2015-01-20,8593.1,8593.1,8588.25,8592.5,09:40:00,8569.752341318914,1,7
2015-01-20,8594.7,8594.7,8592.05,8592.05,09:45:00,8572.128308812351,1,8
2015-01-20,8589.75,8595.7,8589.75,8594.9,09:50:00,8573.806565115938,1,9
2015-01-20,8591.4,8592.65,8588.95,8592.65,09:55:00,8575.48213034299,1,10
2015-01-20,8593.15,8594.4,8591.6,8591.6,10:00:00,8577.16478459604,1,11
2015-01-20,8593.6,8593.75,8591.25,8591.25,10:05:00,8578.730043205942,1,12
2015-01-20,8598.05,8598.05,8593.65,8593.9,10:10:00,8580.57003909109,1,13
2015-01-20,8601.15,8601.15,8598.25,8598.6,10:15:00,8582.530035368129,1,14
2015-01-20,8594.05,8598.55,8594.05,8598.55,10:20:00,8583.627174856878,1,15
2015-01-20,8595.0,8597.35,8594.0,8595.15,10:25:00,8584.710301060984,1,16
2015-01-20,8596.25,8596.25,8593.55,8595.2,10:30:00,8585.809320007556,1,17
2015-01-20,8594.6,8596.35,8594.6,8596.35,10:35:00,8586.646527625884,1,18
2015-01-20,8596.9,8596.9,8593.8,8594.2,10:40:00,8587.623048804371,1,19
2015-01-20,8602.9,8602.9,8598.5,8598.5,10:45:00,8589.077996537288,1,20
2015-01-20,8604.2,8604.2,8602.25,8602.75,10:50:00,8590.518187343261,1,21
2015-01-20,8603.35,8603.35,8601.3,8603.35,10:55:00,8591.740264739141,1,22
2015-01-20,8603.5,8603.5,8601.15,8601.15,11:00:00,8592.86023952589,1,23
2015-01-20,8602.8,8603.1,8601.6,8603.1,11:05:00,8593.806883380566,1,24
2015-01-20,8600.6,8603.2,8600.2,8603.2,11:10:00,8594.453846868131,1,25
2015-01-20,8594.1,8599.2,8594.1,8599.2,11:15:00,8594.420147166404,1,26
2015-01-20,8593.2,8597.6,8593.2,8594.5,11:20:00,8594.303942674365,1,27
2015-01-20,8598.0,8598.9,8592.15,8592.15,11:25:00,8594.65594813395,1,28
2015-01-20,8595.9,8596.45,8594.9,8595.85,11:30:00,8594.774429264051,1,29
2015-01-20,8597.6,8597.6,8596.75,8596.75,11:35:00,8595.043531238904,1,30
2015-01-20,8596.15,8597.65,8594.95,8597.5,11:40:00,8595.14890921615,1,31
2015-01-20,8598.8,8598.8,8596.4,8596.9,11:45:00,8595.496632147944,1,32
2015-01-20,8601.8,8601.8,8599.95,8600.95,11:50:00,8596.09695289576,1,33
2015-01-20,8605.0,8607.75,8600.85,8601.45,11:55:00,8596.944862143782,1,34
2015-01-20,8604.8,8607.0,8604.8,8605.5,12:00:00,8597.692970511041,1,35
2015-01-20,8599.15,8603.35,8599.15,8603.35,12:05:00,8597.831735224276,1,36
2015-01-20,8603.6,8604.15,8599.65,8599.65,12:10:00,8598.381093774346,1,37
2015-01-20,8605.05,8605.05,8603.8,8604.25,12:15:00,8599.016227700598,1,38
2015-01-20,8610.55,8610.55,8606.7,8606.7,12:20:00,8600.114682205303,1,39
2015-01-20,8615.7,8615.7,8610.8,8612.3,12:25:00,8601.598998185751,1,40
2015-01-20,8618.9,8618.9,8615.3,8615.3,12:30:00,8603.246712644252,1,41
2015-01-20,8620.2,8620.2,8616.05,8618.5,12:35:00,8604.861311440038,1,42
2015-01-20,8621.25,8621.25,8617.95,8621.0,12:40:00,8606.42213892194,1,43
2015-01-20,8619.0,8627.55,8619.0,8623.6,12:45:00,8607.620030453183,1,44
2015-01-20,8612.9,8618.85,8612.9,8618.85,12:50:00,8608.122884695737,1,45
2015-01-20,8616.0,8616.0,8614.3,8615.55,12:55:00,8608.873086153286,1,46
2015-01-20,8619.95,8621.6,8616.85,8616.85,13:00:00,8609.928030329163,1,47
2015-01-20,8623.1,8623.1,8619.55,8620.45,13:05:00,8611.18250363115,1,48
2015-01-20,8623.6,8623.9,8623.2,8623.9,13:10:00,8612.365122332945,1,49
2015-01-20,8620.4,8625.6,8620.4,8623.85,13:15:00,8613.130348777426,1,50
2015-01-20,8614.35,8621.0,8614.35,8621.0,13:20:00,8613.246506036718,1,51
2015-01-20,8623.65,8623.7,8616.75,8616.75,13:25:00,8614.237314985601,1,52
2015-01-20,8629.3,8629.65,8625.75,8625.9,13:30:00,8615.671856415544,1,53
2015-01-20,8627.1,8630.1,8624.8,8630.1,13:35:00,8616.760251042635,1,54
2015-01-20,8640.25,8640.25,8627.75,8629.95,13:40:00,8618.997369990955,1,55
2015-01-20,8638.65,8642.05,8638.35,8641.5,13:45:00,8620.869049039435,1,56
2015-01-20,8638.2,8641.55,8634.75,8634.75,13:50:00,8622.519615797584,1,57
2015-01-20,8648.6,8648.6,8639.8,8641.9,13:55:00,8625.0034619121,1,58
2015-01-20,8645.35,8647.3,8643.9,8645.55,14:00:00,8626.94122744428,1,59
2015-01-20,8652.1,8653.2,8647.35,8647.35,14:05:00,8629.337301021016,1,60
2015-01-20,8656.65,8656.65,8654.55,8655.55,14:10:00,8631.938510447586,1,61
2015-01-20,8658.15,8660.85,8654.5,8654.5,14:15:00,8634.434842785911,1,62
2015-01-20,8667.65,8667.65,8660.25,8660.25,14:20:00,8637.598191092015,1,63
2015-01-20,8666.5,8669.6,8659.2,8669.6,14:25:00,8640.350744321346,1,64
2015-01-20,8661.1,8663.95,8661.05,8663.95,14:30:00,8642.326863909788,1,65
2015-01-20,8666.5,8666.9,8665.25,8666.9,14:35:00,8644.629067346952,1,66
2015-01-20,8683.1,8683.1,8673.65,8673.65,14:40:00,8648.292965694862,1,67
2015-01-20,8687.05,8688.5,8682.1,8682.1,14:45:00,8651.984111819162,1,68
2015-01-20,8688.4,8690.55,8688.25,8688.25,14:50:00,8655.452291645908,1,69
2015-01-20,8694.0,8694.0,8686.85,8688.3,14:55:00,8659.123501965347,1,70
2015-01-20,8700.3,8700.3,8692.9,8692.9,15:00:00,8663.045073206742,1,71
2015-01-20,8703.3,8707.2,8700.2,8700.2,15:05:00,8666.87887575848,1,72
2015-01-20,8694.9,8702.2,8694.1,8700.85,15:10:00,8669.547554257673,1,73
2015-01-20,8694.05,8694.85,8689.9,8689.9,15:15:00,8671.881120518847,1,74
2015-01-20,8692.15,8692.15,8687.0,8690.35,15:20:00,8673.811489993243,1,75
2015-01-20,8693.45,8696.05,8691.35,8691.35,15:25:00,8675.6818242796,1,76
2015-01-21,8719.65,8719.65,8719.65,8719.65,09:10:00,8679.869269586305,2,1
2015-01-21,8708.85,8719.65,8707.45,8719.65,09:15:00,8682.629339149513,2,2
2015-01-21,8714.7,8714.7,8708.85,8708.85,09:20:00,8685.68368780194,2,3
2015-01-21,8718.95,8720.55,8712.2,8718.65,09:25:00,8688.851908011278,2,4
2015-01-21,8715.0,8719.85,8714.1,8716.1,09:30:00,8691.342202486394,2,5
2015-01-21,8728.05,8728.05,8716.85,8716.85,09:35:00,8694.838183201975,2,6
2015-01-21,8730.95,8731.8,8727.7,8730.55,09:40:00,8698.277403849406,2,7
2015-01-21,8727.9,8730.85,8726.45,8730.2,09:45:00,8701.098603482797,2,8
2015-01-21,8732.65,8737.4,8730.65,8730.65,09:50:00,8704.103498389197,2,9
2015-01-21,8737.2,8738.55,8729.4,8729.4,09:55:00,8707.255546161654,2,10
2015-01-21,8738.35,8738.35,8733.9,8736.5,10:00:00,8710.216922717687,2,11
2015-01-21,8725.85,8737.15,8725.85,8737.15,10:05:00,8711.705787220764,2,12
2015-01-21,8720.25,8725.1,8719.7,8721.2,10:10:00,8712.519521771168,2,13
2015-01-21,8720.1,8720.25,8715.3,8716.55,10:15:00,8713.241472078676,2,14
2015-01-21,8727.2,8727.95,8721.7,8721.7,10:20:00,8714.570855690232,2,15
2015-01-21,8730.55,8732.05,8728.75,8728.75,10:25:00,8716.092678957828,2,16
2015-01-21,8723.1,8727.85,8723.1,8727.85,10:30:00,8716.760042866606,2,17
2015-01-21,8725.1,8725.1,8720.65,8722.15,10:35:00,8717.554324498358,2,18
2015-01-21,8719.35,8727.3,8719.35,8725.5,10:40:00,8717.725341212801,2,19
2015-01-21,8714.8,8717.75,8713.4,8717.75,10:45:00,8717.446737287772,2,20
2015-01-21,8713.7,8720.65,8713.7,8714.8,10:50:00,8717.089905165127,2,21
2015-01-21,8706.5,8712.8,8706.5,8708.25,10:55:00,8716.081342768448,2,22
2015-01-21,8699.75,8704.2,8699.75,8703.35,11:00:00,8714.5259767905,2,23
2015-01-21,8699.2,8701.05,8691.1,8701.05,11:05:00,8713.06635995331,2,24
2015-01-21,8706.75,8707.45,8702.3,8702.3,11:10:00,8712.46480186252,2,25
2015-01-21,8703.1,8709.65,8703.1,8704.1,11:15:00,8711.57291597085,2,26
2015-01-21,8706.5,8706.5,8697.75,8697.75,11:20:00,8711.089781116483,2,27
2015-01-21,8710.7,8710.7,8704.3,8704.3,11:25:00,8711.05265910539,2,28
2015-01-21,8714.55,8714.75,8709.05,8711.35,11:30:00,8711.385739190591,2,29
2015-01-21,8713.55,8714.2,8711.3,8714.2,11:35:00,8711.591859267677,2,30
2015-01-21,8706.35,8717.0,8706.35,8717.0,11:40:00,8711.092634575518,2,31
2015-01-21,8709.4,8710.95,8707.5,8707.5,11:45:00,8710.931431282612,2,32
2015-01-21,8710.1,8713.1,8710.1,8710.9,11:50:00,8710.852247350935,2,33
2015-01-21,8718.25,8718.25,8713.95,8716.65,11:55:00,8711.556795222274,2,34
2015-01-21,8721.15,8721.3,8719.15,8719.6,12:00:00,8712.470433772534,2,35
2015-01-21,8725.65,8727.3,8722.6,8722.6,12:05:00,8713.725630556102,2,36
2015-01-21,8720.9,8726.0,8720.9,8726.0,12:10:00,8714.408903836473,2,37
2015-01-21,8718.6,8719.9,8717.2,8719.9,12:15:00,8714.808055852047,2,38
2015-01-21,8722.55,8722.55,8718.2,8718.5,12:20:00,8715.545383866138,2,39
2015-01-21,8722.75,8723.55,8722.15,8723.45,12:25:00,8716.231537783648,2,40
2015-01-21,8719.15,8723.05,8719.15,8723.05,12:30:00,8716.509486566158,2,41
2015-01-21,8719.8,8720.45,8719.8,8719.8,12:35:00,8716.822868797952,2,42
2015-01-21,8719.1,8719.1,8709.45,8718.4,12:40:00,8717.039738436242,2,43
2015-01-21,8711.55,8720.05,8711.55,8720.05,12:45:00,8716.516906204219,2,44
2015-01-21,8703.6,8711.8,8703.6,8711.8,12:50:00,8715.28672466096,2,45
2015-01-21,8713.25,8713.25,8706.85,8706.85,12:55:00,8715.092750883727,2,46
2015-01-21,8710.4,8715.3,8709.8,8715.3,13:00:00,8714.645822228133,2,47
2015-01-21,8714.5,8714.5,8710.0,8710.0,13:05:00,8714.631934396883,2,48
2015-01-21,8718.45,8720.0,8715.2,8715.2,13:10:00,8714.995559692417,2,49
2015-01-21,8723.4,8724.0,8717.7,8719.85,13:15:00,8715.795982578853,2,50
2015-01-21,8722.3,8725.05,8717.35,8719.65,13:20:00,8716.415412809438,2,51
2015-01-21,8720.9,8723.45,8720.9,8721.5,13:25:00,8716.842516351397,2,52
2015-01-21,8725.55,8725.55,8717.8,8718.3,13:30:00,8717.671800508408,2,53
2015-01-21,8730.2,8730.2,8723.9,8726.75,13:35:00,8718.86496236475,2,54
2015-01-21,8730.25,8731.4,8729.1,8731.4,13:40:00,8719.949251663345,2,55
2015-01-21,8723.65,8727.3,8720.6,8727.3,13:45:00,8720.301703885883,2,56
2015-01-21,8722.3,8722.85,8721.5,8722.3,13:50:00,8720.492017801513,2,57
2015-01-21,8723.95,8725.3,8723.4,8725.3,13:55:00,8720.821349439464,2,58
2015-01-21,8728.5,8728.5,8724.55,8725.05,14:00:00,8721.552649492849,2,59
2015-01-21,8715.55,8724.4,8715.55,8724.4,14:05:00,8720.980968588769,2,60
2015-01-21,8713.0,8719.25,8713.0,8717.5,14:10:00,8720.220876342219,2,61
2015-01-21,8706.15,8715.1,8706.15,8715.1,14:15:00,8718.880792881055,2,62
2015-01-21,8712.95,8712.95,8705.15,8706.3,14:20:00,8718.315955463811,2,63
2015-01-21,8712.0,8713.1,8704.9,8713.1,14:25:00,8717.71443589583,2,64
2015-01-21,8718.1,8725.05,8709.95,8709.95,14:30:00,8717.751156286704,2,65
2015-01-21,8717.25,8725.0,8717.25,8720.1,14:35:00,8717.703427116541,2,66
2015-01-21,8723.1,8723.1,8718.5,8719.8,14:40:00,8718.217386438775,2,67
2015-01-21,8727.1,8727.1,8721.3,8721.3,14:45:00,8719.063349635082,2,68
2015-01-21,8722.45,8730.95,8722.45,8730.95,14:50:00,8719.385887765075,2,69
2015-01-21,8723.6,8728.4,8722.05,8728.4,14:55:00,8719.787231787448,2,70
2015-01-21,8725.6,8732.8,8723.15,8723.15,15:00:00,8720.340828760072,2,71
2015-01-21,8728.15,8730.65,8725.65,8726.6,15:05:00,8721.08455935435,2,72
2015-01-21,8730.55,8731.05,8729.1,8730.15,15:10:00,8721.986029892032,2,73
2015-01-21,8725.55,8731.0,8725.45,8731.0,15:15:00,8722.3254556166,2,74
2015-01-21,8730.2,8730.2,8727.2,8727.35,15:20:00,8723.075412224543,2,75
2015-01-21,8731.3,8733.1,8730.75,8730.75,15:25:00,8723.858706298397,2,76
2015-01-22,8745.85,8745.85,8745.85,8745.85,09:10:00,8725.953115222359,3,1
2015-01-22,8752.6,8752.6,8745.85,8745.85,09:15:00,8728.49091377261,3,2
2015-01-22,8744.3,8750.9,8744.3,8750.9,09:20:00,8729.996541032362,3,3
2015-01-22,8745.5,8745.5,8738.05,8743.6,09:25:00,8731.473060934042,3,4
2015-01-22,8743.2,8743.2,8736.85,8741.65,09:30:00,8732.589912273657,3,5
2015-01-22,8751.4,8751.9,8743.9,8743.9,09:35:00,8734.381349199975,3,6
2015-01-22,8752.6,8752.6,8746.75,8746.75,09:40:00,8736.116458799977,3,7
2015-01-22,8760.9,8763.0,8753.9,8753.9,09:45:00,8738.476796057123,3,8
2015-01-22,8752.65,8760.45,8752.65,8760.45,09:50:00,8739.826625004063,3,9
2015-01-22,8762.2,8762.2,8756.3,8761.15,09:55:00,8741.957422622723,3,10
2015-01-22,8754.95,8760.6,8754.95,8760.6,10:00:00,8743.19481094437,3,11
2015-01-22,8752.85,8757.65,8752.45,8757.65,10:05:00,8744.11435275919,3,12
2015-01-22,8759.85,8759.85,8754.5,8756.25,10:10:00,8745.612985829745,3,13
2015-01-22,8764.75,8765.45,8762.45,8762.45,10:15:00,8747.435558607864,3,14
2015-01-22,8761.85,8765.45,8761.85,8765.35,10:20:00,8748.808362549971,3,15
2015-01-22,8765.55,8765.55,8761.95,8764.0,10:25:00,8750.402804211879,3,16
2015-01-22,8767.25,8767.25,8765.3,8766.1,10:30:00,8752.007299048842,3,17
2015-01-22,8769.15,8769.15,8767.15,8767.15,10:35:00,8753.639937234668,3,18
2015-01-22,8768.45,8771.25,8766.95,8771.25,10:40:00,8755.050419402794,3,19
2015-01-22,8771.2,8772.1,8767.85,8767.85,10:45:00,8756.588474697766,3,20
2015-01-22,8763.95,8770.0,8763.95,8770.0,10:50:00,8757.289572345599,3,21
2015-01-22,8756.3,8760.95,8756.3,8760.95,10:55:00,8757.195327360303,3,22
2015-01-22,8756.7,8756.7,8751.0,8752.6,11:00:00,8757.148153325988,3,23
2015-01-22,8749.85,8757.3,8749.85,8757.3,11:05:00,8756.453091104466,3,24
2015-01-22,8757.55,8757.55,8748.8,8748.8,11:10:00,8756.557558618326,3,25
2015-01-22,8755.25,8755.45,8754.3,8754.85,11:15:00,8756.433029226104,3,26
2015-01-22,8752.8,8755.35,8752.8,8754.4,11:20:00,8756.087026442665,3,27
2015-01-22,8754.95,8754.95,8751.7,8751.75,11:25:00,8755.97873821003,3,28
2015-01-22,8757.6,8757.8,8755.1,8755.1,11:30:00,8756.133144094789,3,29
2015-01-22,8759.9,8759.9,8756.55,8758.0,11:35:00,8756.491892276237,3,30
2015-01-22,8761.1,8761.1,8757.05,8759.8,11:40:00,8756.9307596785,3,31
2015-01-22,8756.6,8760.9,8756.5,8760.9,11:45:00,8756.899258756739,3,32
2015-01-22,8759.55,8760.6,8756.1,8756.1,11:50:00,8757.151710303717,3,33
2015-01-22,8763.15,8764.65,8757.95,8758.65,11:55:00,8757.722975989078,3,34
2015-01-22,8761.65,8762.55,8760.5,8760.5,12:00:00,8758.096978275833,3,35
2015-01-22,8759.45,8763.9,8759.45,8763.9,12:05:00,8758.225837487658,3,36
2015-01-22,8759.95,8762.15,8759.95,8760.45,12:10:00,8758.390043441215,3,37
2015-01-22,8754.25,8757.9,8753.05,8757.9,12:15:00,8757.99575358967,3,38
2015-01-22,8757.7,8759.4,8753.25,8753.25,12:20:00,8757.967586581131,3,39
2015-01-22,8754.1,8756.0,8753.75,8756.0,12:25:00,8757.599245001977,3,40
2015-01-22,8745.85,8752.75,8745.85,8752.75,12:30:00,8756.480269287502,3,41
2015-01-22,8752.15,8752.15,8746.15,8746.2,12:35:00,8756.067862688693,3,42
2015-01-22,8757.15,8757.15,8755.25,8755.25,12:40:00,8756.170923385009,3,43
2015-01-22,8753.5,8754.25,8753.05,8754.0,12:45:00,8755.916549729294,3,44
2015-01-22,8749.75,8752.75,8748.05,8752.75,12:50:00,8755.329259278886,3,45
2015-01-22,8747.95,8748.6,8747.35,8748.6,12:55:00,8754.626472680897,3,46
2015-01-22,8746.0,8746.95,8745.8,8745.8,13:00:00,8753.804903854145,3,47
2015-01-22,8745.4,8746.5,8741.65,8746.5,13:05:00,8753.004436820416,3,48
2015-01-22,8746.95,8746.95,8744.1,8744.2,13:10:00,8752.4278237899,3,49
2015-01-22,8750.25,8752.35,8746.45,8746.45,13:15:00,8752.220412000386,3,50
2015-01-22,8743.85,8749.75,8743.85,8749.75,13:20:00,8751.423229905111,3,51
2015-01-22,8749.2,8749.2,8744.25,8745.85,13:25:00,8751.211493723673,3,52
2015-01-22,8745.15,8749.25,8745.15,8749.15,13:30:00,8750.634208607133,3,53
2015-01-22,8756.5,8756.5,8745.45,8745.45,13:35:00,8751.192855406454,3,54
2015-01-22,8747.75,8759.3,8747.55,8759.3,13:40:00,8750.864964415363,3,55
2015-01-22,8751.85,8752.1,8748.25,8748.25,13:45:00,8750.958777328186,3,56
2015-01-22,8748.65,8749.3,8748.4,8748.4,13:50:00,8750.738893773121,3,57
2015-01-22,8746.2,8746.2,8741.6,8745.6,13:55:00,8750.30661817568,3,58
2015-01-22,8740.05,8743.2,8735.85,8743.2,14:00:00,8749.329797397044,3,59
2015-01-22,8741.05,8741.25,8739.8,8741.25,14:05:00,8748.541245263992,3,60
2015-01-22,8733.3,8737.2,8733.3,8737.2,14:10:00,8747.089698095993,3,61
2015-01-22,8739.5,8739.5,8727.8,8734.4,14:15:00,8746.366869705898,3,62
2015-01-22,8740.05,8740.05,8731.7,8734.95,14:20:00,8745.765263067242,3,63
2015-01-22,8744.8,8747.55,8742.95,8742.95,14:25:00,8745.673333251314,3,64
2015-01-22,8740.4,8741.4,8738.55,8741.4,14:30:00,8745.171111036903,3,65
2015-01-22,8740.6,8745.15,8740.4,8740.4,14:35:00,8744.735767128626,3,66
2015-01-22,8742.75,8745.55,8739.9,8739.9,14:40:00,8744.54664644971,3,67
2015-01-22,8740.05,8742.9,8740.05,8740.5,14:45:00,8744.11839440688,3,68
2015-01-22,8737.1,8738.6,8736.5,8738.6,14:50:00,8743.44997589194,3,69
2015-01-22,8737.75,8739.45,8737.4,8737.4,14:55:00,8742.907121045087,3,70
2015-01-22,8757.1,8757.1,8736.15,8736.15,15:00:00,8744.258823802698,3,71
2015-01-22,8757.35,8757.35,8752.75,8752.75,15:05:00,8745.505602488156,3,72
2015-01-22,8757.95,8757.95,8753.5,8754.85,15:10:00,8746.69078320357,3,73
2015-01-22,8771.0,8771.0,8760.0,8760.45,15:15:00,8749.005946707992,3,74
2015-01-22,8772.1,8772.55,8770.1,8772.1,15:20:00,8751.20538035485,3,75
2015-01-22,8761.65,8769.95,8761.65,8769.3,15:25:00,8752.20010603534,3,76
2015-01-23,8827.95,8827.95,8827.95,8827.95,09:10:00,8759.414381651022,4,1
2015-01-23,8851.2,8851.2,8828.6,8828.6,09:15:00,8768.15586911283,4,2
2015-01-23,8851.05,8858.65,8851.05,8854.65,09:20:00,8776.050548244943,4,3
2015-01-23,8852.15,8855.15,8847.45,8847.45,09:25:00,8783.298115078756,4,4
2015-01-23,8859.85,8859.85,8852.1,8852.1,09:30:00,8790.588770785542,4,5
2015-01-23,8861.15,8865.05,8861.15,8862.7,09:35:00,8797.308887853585,4,6
2015-01-23,8859.2,8861.5,8859.2,8860.7,09:40:00,8803.203279486577,4,7
2015-01-23,8858.8,8860.2,8855.65,8857.55,09:45:00,8808.49820524976,4,8
2015-01-23,8855.05,8858.3,8854.25,8854.45,09:50:00,8812.931709511688,4,9
2015-01-23,8858.85,8862.75,8858.85,8859.85,09:55:00,8817.304880034384,4,10
2015-01-23,8855.55,8857.1,8853.9,8854.25,10:00:00,8820.94727241206,4,11
2015-01-23,8856.4,8859.45,8856.4,8859.3,10:05:00,8824.323722658532,4,12
2015-01-23,8844.25,8853.25,8844.25,8853.25,10:10:00,8826.221463357719,4,13
2015-01-23,8834.9,8843.05,8831.3,8843.05,10:15:00,8827.047990656984,4,14
2015-01-23,8825.85,8835.95,8824.9,8835.95,10:20:00,8826.9338963087,4,15
2015-01-23,8809.85,8820.55,8809.85,8819.5,10:25:00,8825.306858565014,4,16
2015-01-23,8807.65,8813.5,8806.55,8813.5,10:30:00,8823.625252987395,4,17
2015-01-23,8817.05,8820.15,8812.4,8812.4,10:35:00,8822.999038417167,4,18
2015-01-23,8817.8,8821.3,8815.35,8815.35,10:40:00,8822.503891901246,4,19
2015-01-23,8807.9,8818.1,8807.9,8818.1,10:45:00,8821.113045053507,4,20
2015-01-23,8812.0,8812.0,8805.0,8805.0,10:50:00,8820.245136000793,4,21
2015-01-23,8810.75,8815.75,8809.45,8811.4,10:55:00,8819.34083733405,4,22
2015-01-23,8803.6,8806.9,8799.3,8806.7,11:00:00,8817.841709968903,4,23
2015-01-23,8802.15,8808.15,8802.15,8805.5,11:05:00,8816.347261400437,4,24
2015-01-23,8800.1,8800.1,8797.0,8798.8,11:10:00,8814.799903171823,4,25
2015-01-23,8810.1,8810.1,8805.6,8805.6,11:15:00,8814.352293345935,4,26
2015-01-23,8803.05,8809.7,8803.05,8809.7,11:20:00,8813.275884455845,4,27
2015-01-23,8805.25,8806.2,8800.15,8803.7,11:25:00,8812.511514507669,4,28
2015-01-23,8808.1,8809.5,8805.4,8805.4,11:30:00,8812.091370268843,4,29
2015-01-23,8804.8,8807.65,8800.8,8807.65,11:35:00,8811.396954052763,4,30
2015-01-23,8806.1,8806.1,8803.1,8803.9,11:40:00,8810.892482238214,4,31
2015-01-23,8810.6,8810.6,8806.9,8809.4,11:45:00,8810.864626786955,4,32
2015-01-23,8820.1,8820.1,8814.65,8815.25,11:50:00,8811.744186140579,4,33
2015-01-23,8816.55,8819.95,8815.25,8819.95,11:55:00,8812.201882698619,4,34
2015-01-23,8812.2,8815.35,8812.2,8814.6,12:00:00,8812.201703393988,4,35
2015-01-23,8814.15,8814.15,8810.45,8811.7,12:05:00,8812.387255451704,4,36
2015-01-23,8807.25,8812.45,8807.25,8812.45,12:10:00,8811.897993027733,4,37
2015-01-23,8808.9,8808.9,8807.2,8807.2,12:15:00,8811.612469882235,4,38
2015-01-23,8812.4,8812.4,8807.4,8807.55,12:20:00,8811.687472750593,4,39
2015-01-23,8812.8,8814.2,8810.35,8813.2,12:25:00,8811.793427726727,4,40
2015-01-23,8813.55,8813.55,8812.0,8812.0,12:30:00,8811.960720324181,4,41
2015-01-23,8814.35,8814.35,8812.05,8812.9,12:35:00,8812.188270769497,4,42
2015-01-23,8813.0,8814.7,8813.0,8814.7,12:40:00,8812.265578315259,4,43
2015-01-23,8809.85,8812.85,8809.85,8812.85,12:45:00,8812.035523237615,4,44
2015-01-23,8813.4,8813.4,8810.45,8811.75,12:50:00,8812.165473405461,4,45
2015-01-23,8814.95,8814.95,8813.15,8813.15,12:55:00,8812.430666414464,4,46
2015-01-23,8819.2,8819.2,8814.8,8814.8,13:00:00,8813.075364851182,4,47
2015-01-23,8823.8,8827.2,8820.7,8820.7,13:05:00,8814.09675867488,4,48
2015-01-23,8824.1,8824.1,8819.65,8819.65,13:10:00,8815.049448324891,4,49
2015-01-23,8822.6,8822.85,8819.25,8822.2,13:15:00,8815.768548484426,4,50
2015-01-23,8820.05,8823.3,8820.05,8823.3,13:20:00,8816.176305771623,4,51
2015-01-23,8825.9,8825.9,8819.15,8820.25,13:25:00,8817.102371888612,4,52
2015-01-23,8824.65,8824.65,8821.6,8823.6,13:30:00,8817.821193613505,4,53
2015-01-23,8814.25,8821.85,8814.25,8821.25,13:35:00,8817.48107993603,4,54
2015-01-23,8809.4,8810.5,8806.8,8810.5,13:40:00,8816.711453275455,4,55
2015-01-23,8813.3,8813.3,8809.7,8809.7,13:45:00,8816.386552963506,4,56
2015-01-23,8820.85,8820.85,8813.3,8813.5,13:50:00,8816.811643157458,4,57
2015-01-23,8833.05,8833.05,8818.8,8818.8,13:55:00,8818.358153332938,4,58
2015-01-23,8831.85,8834.85,8830.1,8834.3,14:00:00,8819.643091110753,4,59
2015-01-23,8833.1,8835.0,8829.85,8829.85,14:05:00,8820.924701481157,4,60
2015-01-23,8832.4,8833.6,8831.7,8832.9,14:10:00,8822.01758705438,4,61
2015-01-23,8828.7,8831.55,8825.05,8831.55,14:15:00,8822.654007334917,4,62
2015-01-23,8824.05,8829.15,8822.95,8829.15,14:20:00,8822.786959017307,4,63
2015-01-23,8827.5,8827.5,8826.75,8826.85,14:25:00,8823.235820063277,4,64
2015-01-23,8829.05,8829.65,8826.2,8827.55,14:30:00,8823.789551485821,4,65
2015-01-23,8828.9,8828.9,8822.45,8826.6,14:35:00,8824.276260868124,4,66
2015-01-23,8823.45,8828.4,8823.45,8828.4,14:40:00,8824.197569356875,4,67
2015-01-23,8828.95,8828.95,8820.8,8822.6,14:45:00,8824.650181799077,4,68
2015-01-23,8824.0,8827.75,8823.75,8827.75,14:50:00,8824.588259722976,4,69
2015-01-23,8827.25,8827.25,8825.4,8825.4,14:55:00,8824.841758796978,4,70
2015-01-23,8842.85,8842.85,8827.45,8827.45,15:00:00,8826.556829387742,4,71
2015-01-23,8846.45,8847.05,8845.05,8847.05,15:05:00,8828.4514170651,4,72
2015-01-23,8834.65,8845.05,8834.65,8843.85,15:10:00,8829.041758296995,4,73
2015-01-23,8828.85,8834.9,8828.85,8834.9,15:15:00,8829.023495602043,4,74
2015-01-23,8829.3,8831.1,8826.6,8830.55,15:20:00,8829.04982935423,4,75
2015-01-23,8829.6,8830.45,8829.55,8830.45,15:25:00,8829.102226558589,4,76
2015-01-27,8871.35,8871.35,8871.35,8871.35,09:10:00,8833.125824029199,1,1
2015-01-27,8837.4,8871.35,8829.15,8871.35,09:15:00,8833.532888407372,1,2
2015-01-27,8838.95,8845.25,8837.3,8844.2,09:20:00,8834.048803797145,1,3
2015-01-27,8849.75,8849.8,8838.0,8838.0,09:25:00,8835.544155816464,1,4
2015-01-27,8849.35,8854.15,8849.0,8849.0,09:30:00,8836.858998119658,1,5
2015-01-27,8845.0,8846.6,8838.55,8846.6,09:35:00,8837.63433163207,1,6
2015-01-27,8853.2,8853.2,8844.5,8846.25,09:40:00,8839.11677623854,1,7
2015-01-27,8852.3,8855.1,8849.4,8855.1,09:45:00,8840.372321358678,1,8
2015-01-27,8854.85,8854.85,8851.7,8852.55,09:50:00,8841.751147895948,1,9
2015-01-27,8854.95,8856.8,8847.4,8855.7,09:55:00,8843.008181429666,1,10
2015-01-27,8855.4,8857.2,8852.45,8857.2,10:00:00,8844.18835462684,1,11
2015-01-27,8856.4,8857.65,8856.4,8857.05,10:05:00,8845.351368471904,1,12
2015-01-27,8854.15,8856.3,8854.15,8855.55,10:10:00,8846.189333379341,1,13
2015-01-27,8859.1,8859.1,8853.95,8853.95,10:15:00,8847.418920676548,1,14
2015-01-27,8856.7,8859.9,8856.7,8859.7,10:20:00,8848.302832993068,1,15
2015-01-27,8859.05,8859.15,8857.1,8857.1,10:25:00,8849.326372708014,1,16
2015-01-27,8853.45,8856.1,8853.45,8856.1,10:30:00,8849.719099116774,1,17
2015-01-27,8856.7,8857.55,8855.6,8855.6,10:35:00,8850.383946819939,1,18
2015-01-27,8848.4,8854.65,8848.4,8854.65,10:40:00,8850.194999503754,1,19
2015-01-27,8849.6,8852.2,8849.3,8850.3,10:45:00,8850.13833288435,1,20
2015-01-27,8848.6,8848.85,8848.0,8848.75,10:50:00,8849.991824990602,1,21
2015-01-27,8847.55,8850.25,8847.55,8849.75,10:55:00,8849.759270229591,1,22
2015-01-27,8850.0,8850.0,8848.8,8848.8,11:00:00,8849.782196874392,1,23
2015-01-27,8849.0,8850.9,8848.3,8849.4,11:05:00,8849.707701933974,1,24
2015-01-27,8844.95,8844.95,8841.2,8843.85,11:10:00,8849.254587464071,1,25
2015-01-27,8846.95,8847.7,8845.1,8847.7,11:15:00,8849.035102943684,1,26
2015-01-27,8847.25,8849.7,8847.0,8848.1,11:20:00,8848.865093139524,1,27
2015-01-27,8843.35,8847.25,8843.35,8846.15,11:25:00,8848.339846173854,1,28
2015-01-27,8843.8,8845.15,8843.0,8843.75,11:30:00,8847.907479871583,1,29
2015-01-27,8839.15,8845.9,8839.15,8845.9,11:35:00,8847.073434169528,1,30
2015-01-27,8838.7,8838.7,8832.95,8837.45,11:40:00,8846.27596424862,1,31
2015-01-27,8836.85,8837.85,8836.65,8837.6,11:45:00,8845.378253367799,1,32
2015-01-27,8831.05,8835.8,8831.05,8835.8,11:50:00,8844.01365780896,1,33
2015-01-27,8833.05,8833.05,8826.05,8829.65,11:55:00,8842.969499922392,1,34
2015-01-27,8827.35,8832.65,8827.35,8832.65,12:00:00,8841.481928501213,1,35
2015-01-27,8834.6,8835.5,8826.6,8826.6,12:05:00,8840.826506739193,1,36
2015-01-27,8832.05,8832.45,8831.05,8832.45,12:10:00,8839.990648954508,1,37
2015-01-27,8838.55,8838.55,8833.45,8833.45,12:15:00,8839.853444292174,1,38
2015-01-27,8841.2,8841.5,8840.8,8841.5,12:20:00,8839.98168769292,1,39
2015-01-27,8842.05,8842.05,8840.05,8841.75,12:25:00,8840.178669817404,1,40
2015-01-27,8834.55,8843.8,8834.55,8843.8,12:30:00,8839.64260602527,1,41
2015-01-27,8835.35,8836.15,8834.3,8834.3,12:35:00,8839.233786403816,1,42
2015-01-27,8841.15,8841.15,8837.65,8837.65,12:40:00,8839.416282936787,1,43
2015-01-27,8837.75,8842.35,8837.75,8842.35,12:45:00,8839.257589323759,1,44
2015-01-27,8838.45,8839.6,8836.5,8839.6,12:50:00,8839.18067605483,1,45
2015-01-27,8835.65,8839.15,8835.65,8838.05,12:55:00,8838.844421192465,1,46
2015-01-27,8841.15,8841.5,8836.25,8836.45,13:00:00,8839.064000126516,1,47
2015-01-27,8845.35,8845.35,8840.75,8840.75,13:05:00,8839.662666781134,1,48
2015-01-27,8851.65,8851.65,8846.35,8846.35,13:10:00,8840.804317563883,1,49
2015-01-27,8852.75,8852.75,8847.15,8849.45,13:15:00,8841.942001605417,1,50
2015-01-27,8847.1,8851.45,8847.1,8849.65,13:20:00,8842.43323954776,1,51
2015-01-27,8850.2,8850.3,8848.35,8848.35,13:25:00,8843.172931019402,1,52
2015-01-27,8853.45,8853.45,8846.95,8848.05,13:30:00,8844.151699493745,1,53
2015-01-27,8856.6,8862.65,8855.65,8862.65,13:35:00,8845.337251922912,1,54
2015-01-27,8852.1,8857.95,8852.1,8855.85,13:40:00,8845.98132316835,1,55
2015-01-27,8848.15,8850.85,8848.15,8850.85,13:45:00,8846.187863818983,1,56
2015-01-27,8842.8,8852.9,8842.8,8852.9,13:50:00,8845.865210121936,1,57
2015-01-27,8848.8,8849.0,8846.85,8846.85,13:55:00,8846.144713919846,1,58
2015-01-27,8852.75,8852.75,8850.0,8850.0,14:00:00,8846.773788784623,1,59
2015-01-27,8848.0,8852.4,8848.0,8851.7,14:05:00,8846.890570805135,1,60
2015-01-27,8848.2,8848.8,8847.6,8848.45,14:10:00,8847.015278347502,1,61
2015-01-27,8859.6,8859.6,8850.7,8850.7,14:15:00,8848.213823266788,1,62
2015-01-27,8856.7,8863.65,8856.7,8859.7,14:20:00,8849.022030574713,1,63
2015-01-27,8873.1,8873.1,8861.1,8861.1,14:25:00,8851.315170519978,1,64
2015-01-27,8871.45,8873.1,8867.4,8873.1,14:30:00,8853.2327733276,1,65
2015-01-27,8881.25,8883.35,8876.35,8876.35,14:35:00,8855.901080629734,1,66
2015-01-27,8881.25,8886.0,8881.25,8881.4,14:40:00,8858.315263426903,1,67
2015-01-27,8894.9,8894.9,8883.35,8883.35,14:45:00,8861.799524052913,1,68
2015-01-27,8894.05,8898.05,8890.1,8898.05,14:50:00,8864.870997952636,1,69
2015-01-27,8895.9,8897.6,8891.95,8893.65,14:55:00,8867.826141004765,1,70
2015-01-27,8906.1,8906.1,8896.15,8896.15,15:00:00,8871.471270432883,1,71
2015-01-27,8914.45,8914.45,8911.05,8911.4,15:05:00,8875.564482772608,1,72
2015-01-27,8920.35,8921.55,8917.15,8917.15,15:10:00,8879.829770127597,1,73
2015-01-27,8910.2,8915.35,8907.75,8915.35,15:15:00,8882.722172972588,1,74
2015-01-27,8906.65,8912.15,8906.65,8912.15,15:20:00,8885.001013641864,1,75
2015-01-27,8907.65,8910.15,8903.6,8903.65,15:25:00,8887.158059961686,1,76
2015-01-28,8902.75,8902.75,8902.75,8902.75,09:10:00,8888.643006632003,2,1
2015-01-28,8898.15,8907.45,8898.15,8902.75,09:15:00,8889.548434571812,2,2
2015-01-28,8896.1,8905.55,8896.1,8899.05,09:20:00,8890.17239318402,2,3
2015-01-28,8904.5,8904.5,8894.7,8894.7,09:25:00,8891.536927166495,2,4
2015-01-28,8917.25,8917.25,8904.9,8904.9,09:30:00,8893.985791245877,2,5
2015-01-28,8902.6,8915.9,8902.6,8915.9,09:35:00,8894.806192079603,2,6
2015-01-28,8896.6,8905.1,8896.6,8903.85,09:40:00,8894.977030929163,2,7
2015-01-28,8897.1,8897.1,8889.55,8889.55,09:45:00,8895.17921845972,2,8
2015-01-28,8898.15,8902.1,8896.65,8901.95,09:50:00,8895.462150034986,2,9
2015-01-28,8901.9,8903.25,8894.85,8894.85,09:55:00,8896.075278603083,2,10
2015-01-28,8905.95,8905.95,8901.85,8902.95,10:00:00,8897.015728259932,2,11
2015-01-28,8914.55,8914.55,8906.45,8906.45,10:05:00,8898.685658901843,2,12
2015-01-28,8914.5,8915.2,8912.15,8912.15,10:10:00,8900.191786625477,2,13
2015-01-28,8901.55,8910.2,8901.55,8910.2,10:15:00,8900.321140280194,2,14
2015-01-28,8902.1,8902.1,8900.4,8901.95,10:20:00,8900.490555491604,2,15
2015-01-28,8904.5,8905.35,8902.65,8903.6,10:25:00,8900.872407349547,2,16
2015-01-28,8905.2,8908.75,8905.2,8906.0,10:30:00,8901.284559030542,2,17
2015-01-28,8907.4,8908.9,8906.55,8906.55,10:35:00,8901.866981980014,2,18
2015-01-28,8900.35,8905.65,8900.35,8905.65,10:40:00,8901.722507505727,2,19
2015-01-28,8901.1,8902.7,8898.75,8898.75,10:45:00,8901.66322107661,2,20
2015-01-28,8907.85,8907.85,8902.6,8902.6,10:50:00,8902.252438116931,2,21
2015-01-28,8914.3,8914.3,8909.45,8909.65,10:55:00,8903.399824962939,2,22
2015-01-28,8918.15,8918.15,8912.9,8914.1,11:00:00,8904.804603537897,2,23
2015-01-28,8926.95,8926.95,8917.95,8917.95,11:05:00,8906.91368891524,2,24
2015-01-28,8925.4,8928.65,8924.25,8928.65,11:10:00,8908.674289970932,2,25
2015-01-28,8945.85,8947.8,8928.55,8928.55,11:15:00,8912.214833783224,2,26
2015-01-28,8942.65,8950.8,8942.2,8944.25,11:20:00,8915.113421041964,2,27
2015-01-28,8955.2,8955.2,8944.35,8944.35,11:25:00,8918.93119046654,2,28
2015-01-28,8952.3,8957.3,8952.25,8957.0,11:30:00,8922.10917232687,2,29
2015-01-28,8950.4,8952.55,8948.35,8952.55,11:35:00,8924.803536867168,2,30
2015-01-28,8953.5,8954.2,8952.45,8952.5,11:40:00,8927.53653335601,2,31
2015-01-28,8957.45,8961.05,8954.6,8954.6,11:45:00,8930.385434941152,2,32
2015-01-28,8952.95,8957.95,8952.25,8957.95,11:50:00,8932.534441137233,2,33
2015-01-28,8952.45,8952.45,8950.7,8951.75,11:55:00,8934.431161028926,2,34
2015-01-28,8955.6,8957.8,8954.65,8954.65,12:00:00,8936.447240930933,2,35
2015-01-28,8958.3,8958.8,8952.45,8953.05,12:05:00,8938.528456080368,2,36
2015-01-28,8958.8,8958.8,8956.6,8957.05,12:10:00,8940.45907931081,2,37
2015-01-28,8954.35,8956.4,8954.35,8954.85,12:15:00,8941.78202413835,2,38
2015-01-28,8967.4,8967.4,8958.15,8958.15,12:20:00,8944.22183136327,2,39
2015-01-28,8975.65,8975.65,8970.8,8970.8,12:25:00,8947.214990281054,2,40
2015-01-28,8983.65,8983.65,8975.15,8976.3,12:30:00,8950.684991206668,2,41
2015-01-28,8968.55,8983.7,8968.55,8983.7,12:35:00,8952.386420615558,2,42
2015-01-28,8938.7,8958.45,8928.7,8958.45,12:40:00,8951.082951985505,2,43
2015-01-28,8918.8,8943.95,8918.8,8943.95,12:45:00,8948.008385129742,2,44
2015-01-28,8918.7,8933.55,8918.7,8926.3,12:50:00,8945.217110355481,2,45
2015-01-28,8929.15,8929.15,8922.65,8925.45,12:55:00,8943.686909369246,2,46
2015-01-28,8909.75,8927.9,8909.75,8927.9,13:00:00,8940.454822762651,2,47
2015-01-28,8930.75,8930.75,8917.3,8919.25,13:05:00,8939.530553928113,2,48
2015-01-28,8923.55,8927.65,8923.55,8925.75,13:10:00,8938.00859641115,2,49
2015-01-28,8930.7,8930.7,8924.25,8928.1,13:15:00,8937.312539610088,2,50
2015-01-28,8931.3,8935.65,8929.4,8932.35,13:20:00,8936.739916790078,2,51
2015-01-28,8910.9,8927.0,8910.9,8926.35,13:25:00,8934.278972333881,2,52
2015-01-28,8918.15,8918.15,8911.15,8912.75,13:30:00,8932.742879730655,2,53
2015-01-28,8911.0,8923.75,8911.0,8921.85,13:35:00,8930.672129280116,2,54
2015-01-28,8904.15,8910.4,8904.15,8910.4,13:40:00,8928.14621220582,2,55
2015-01-28,8908.8,8912.85,8907.9,8908.1,13:45:00,8926.303715805267,2,56
2015-01-28,8894.7,8906.25,8894.7,8906.25,13:50:00,8923.293838109526,2,57
2015-01-28,8902.4,8906.8,8893.55,8893.55,13:55:00,8921.303948765762,2,58
2015-01-28,8914.95,8914.95,8900.7,8900.7,14:00:00,8920.698810788072,2,59
2015-01-28,8911.45,8918.55,8908.65,8918.55,14:05:00,8919.817971665398,2,60
2015-01-28,8911.45,8918.15,8910.95,8911.3,14:10:00,8919.021021982979,2,61
2015-01-28,8898.9,8907.15,8898.9,8907.15,14:15:00,8917.104734175076,2,62
2015-01-28,8887.6,8891.5,8882.6,8891.5,14:20:00,8914.294759491735,2,63
2015-01-28,8894.0,8894.0,8882.2,8882.2,14:25:00,8912.361925254427,2,64
2015-01-28,8891.0,8898.45,8890.65,8890.65,14:30:00,8910.327456182576,2,65
2015-01-28,8874.65,8891.45,8874.65,8891.45,14:35:00,8906.929603212808,2,66
2015-01-28,8879.15,8884.8,8877.55,8880.95,14:40:00,8904.28392671635,2,67
2015-01-28,8883.9,8883.9,8876.1,8877.65,14:45:00,8902.342600362414,2,68
2015-01-28,8897.0,8897.0,8886.0,8886.0,14:50:00,8901.833781280278,2,69
2015-01-28,8898.2,8898.2,8890.6,8897.95,14:55:00,8901.487706872633,2,70
2015-01-28,8906.45,8906.45,8898.55,8898.55,15:00:00,8901.960306218096,2,71
2015-01-28,8915.15,8916.35,8910.05,8910.05,15:05:00,8903.216467530658,2,72
2015-01-28,8921.6,8922.1,8914.05,8914.05,15:10:00,8904.967280146786,2,73
2015-01-28,8914.95,8919.85,8914.95,8919.85,15:15:00,8905.918015370902,2,74
2015-01-28,8910.3,8915.1,8910.3,8913.25,15:20:00,8906.33534724034,2,75
2015-01-28,8907.6,8913.1,8907.6,8911.15,15:25:00,8906.455790360307,2,76
2015-01-29,8901.5,8901.5,8901.5,8901.5,09:10:00,8905.983810325992,3,1
2015-01-29,8876.25,8901.5,8874.7,8901.5,09:15:00,8903.152018866373,3,2
2015-01-29,8870.25,8876.05,8863.25,8870.8,09:20:00,8900.018493260051,3,3
2015-01-29,8865.85,8874.2,8865.85,8869.0,09:25:00,8896.764351044809,3,4
2015-01-29,8867.8,8876.95,8867.8,8870.95,09:30:00,8894.005841421493,3,5
2015-01-29,8866.4,8869.3,8863.25,8863.25,09:35:00,8891.376713667065,3,6
2015-01-29,8872.05,8872.05,8865.6,8865.6,09:40:00,8889.536074270201,3,7
2015-01-29,8875.85,8875.85,8872.0,8872.5,09:45:00,8888.23263862542,3,8
2015-01-29,8878.9,8878.9,8871.85,8877.25,09:50:00,8887.34381589919,3,9
2015-01-29,8880.65,8882.1,8877.55,8877.55,09:55:00,8886.706309623078,3,10
2015-01-29,8881.7,8884.1,8880.35,8880.35,10:00:00,8886.229518230404,3,11
2015-01-29,8877.4,8879.35,8875.75,8879.35,10:05:00,8885.38861173227,3,12
2015-01-29,8871.85,8873.0,8870.1,8873.0,10:10:00,8884.099220138722,3,13
2015-01-29,8878.35,8878.35,8873.6,8873.6,10:15:00,8883.551675363606,3,14
2015-01-29,8881.4,8881.75,8877.55,8878.65,10:20:00,8883.346753900405,3,15
2015-01-29,8885.2,8887.8,8884.3,8884.3,10:25:00,8883.523253528938,3,16
2015-01-29,8886.3,8886.3,8880.75,8883.25,10:30:00,8883.7877055738,3,17
2015-01-29,8888.7,8888.85,8884.7,8886.7,10:35:00,8884.2555431382,3,18
2015-01-29,8890.25,8891.25,8888.25,8890.75,10:40:00,8884.826443791706,3,19
2015-01-29,8883.75,8890.8,8883.75,8890.8,10:45:00,8884.723925335353,3,20
2015-01-29,8881.6,8886.4,8881.6,8885.25,10:50:00,8884.426408636748,3,21
2015-01-29,8879.5,8880.4,8879.5,8880.4,10:55:00,8883.95722686182,3,22
2015-01-29,8883.3,8883.3,8877.9,8879.15,11:00:00,8883.89463382736,3,23
2015-01-29,8880.45,8880.45,8878.75,8879.65,11:05:00,8883.56657346285,3,24
2015-01-29,8876.45,8881.95,8876.45,8880.4,11:10:00,8882.888804561626,3,25
2015-01-29,8872.4,8872.95,8870.25,8872.95,11:15:00,8881.889870793852,3,26
2015-01-29,8865.85,8870.25,8865.85,8870.25,11:20:00,8880.36226405158,3,27
2015-01-29,8866.8,8869.1,8864.2,8869.1,11:25:00,8879.070619856193,3,28
2015-01-29,8874.6,8874.6,8867.6,8867.6,11:30:00,8878.644846536556,3,29
2015-01-29,8874.7,8874.7,8871.1,8873.0,11:35:00,8878.269146866407,3,30
2015-01-29,8878.55,8878.9,8874.1,8874.1,11:40:00,8878.295894783892,3,31
2015-01-29,8878.05,8881.8,8878.05,8878.35,11:45:00,8878.272476233045,3,32
2015-01-29,8881.05,8881.05,8877.45,8878.85,11:50:00,8878.537002306088,3,33
2015-01-29,8885.65,8887.35,8883.75,8883.75,11:55:00,8879.214430657888,3,34
2015-01-29,8888.9,8890.8,8887.05,8887.05,12:00:00,8880.136865833327,3,35
2015-01-29,8891.65,8893.6,8887.9,8887.9,12:05:00,8881.233354801581,3,36
2015-01-29,8904.7,8906.55,8898.1,8898.1,12:10:00,8883.468273391907,3,37
2015-01-29,8892.7,8900.1,8892.7,8900.1,12:15:00,8884.34748544982,3,38
2015-01-29,8891.95,8895.35,8889.35,8895.35,12:20:00,8885.071534454599,3,39
2015-01-29,8887.2,8891.3,8887.05,8887.05,12:25:00,8885.274245458922,3,40
2015-01-29,8890.25,8890.25,8886.65,8887.55,12:30:00,8885.748126843788,3,41
2015-01-29,8887.45,8889.15,8886.4,8886.4,12:35:00,8885.910210001523,3,42
2015-01-29,8888.05,8890.55,8887.85,8887.85,12:40:00,8886.113999525187,3,43
2015-01-29,8877.85,8886.65,8877.85,8885.85,12:45:00,8885.32695195136,3,44
2015-01-29,8882.45,8882.45,8875.9,8880.25,12:50:00,8885.052956527421,3,45
2015-01-29,8884.25,8884.25,8883.1,8883.1,12:55:00,8884.97648447719,3,46
2015-01-29,8884.7,8884.7,8882.2,8883.9,13:00:00,8884.95015262222,3,47
2015-01-29,8878.35,8888.2,8878.35,8887.5,13:05:00,8884.321566658198,3,48
2015-01-29,8876.05,8880.35,8876.05,8876.6,13:10:00,8883.533798405037,3,49
2015-01-29,8877.1,8877.1,8872.1,8875.95,13:15:00,8882.921055699795,3,50
2015-01-29,8880.45,8880.45,8876.5,8878.55,13:20:00,8882.68571706172,3,51
2015-01-29,8882.05,8883.05,8881.5,8883.0,13:25:00,8882.625172579652,3,52
2015-01-29,8891.1,8891.95,8885.0,8885.0,13:30:00,8883.432299000639,3,53
2015-01-29,8897.65,8898.45,8890.2,8890.2,13:35:00,8884.786365762482,3,54
2015-01-29,8901.65,8902.75,8900.5,8901.3,13:40:00,8886.392426166056,3,55
2015-01-29,8895.15,8895.65,8893.15,8893.15,13:45:00,8887.226480816907,3,56
2015-01-29,8894.7,8900.0,8893.8,8897.25,13:50:00,8887.93824454863,3,57
2015-01-29,8894.7,8896.15,8891.05,8896.15,13:55:00,8888.582221258284,3,58
2015-01-29,8887.35,8895.45,8886.25,8895.45,14:00:00,8888.464866852733,3,59
2015-01-29,8879.4,8884.15,8878.15,8884.15,14:05:00,8887.601546200092,3,60
2015-01-29,8883.0,8887.45,8878.9,8878.9,14:10:00,8887.163303704845,3,61
2015-01-29,8879.3,8884.7,8879.3,8882.35,14:15:00,8886.414417637718,3,62
2015-01-29,8882.75,8882.75,8880.5,8882.55,14:20:00,8886.065425481744,3,63
2015-01-29,8875.25,8883.15,8875.25,8882.8,14:25:00,8885.035384959674,3,64
2015-01-29,8872.85,8878.55,8872.35,8878.55,14:30:00,8883.874872106371,3,65
2015-01-29,8894.6,8894.6,8878.8,8878.8,14:35:00,8884.896312858145,3,66
2015-01-29,8886.1,8896.9,8885.9,8896.1,14:40:00,8885.010949728798,3,67
2015-01-29,8892.3,8892.75,8887.5,8887.5,14:45:00,8885.70514499272,3,68
2015-01-29,8886.15,8891.8,8886.15,8891.8,14:50:00,8885.747512136271,3,69
2015-01-29,8899.5,8899.5,8888.35,8888.35,14:55:00,8887.057272885198,3,70
2015-01-29,8958.05,8958.05,8895.5,8895.5,15:00:00,8893.81848499137,3,71
2015-01-29,8952.35,8959.35,8950.8,8959.35,15:05:00,8899.392914992191,3,72
2015-01-29,8958.0,8962.3,8957.4,8957.4,15:10:00,8904.974542135793,3,73
2015-01-29,8953.2,8954.25,8950.85,8953.9,15:15:00,8909.567442884765,3,74
2015-01-29,8951.65,8954.6,8951.65,8954.6,15:20:00,8913.575305467168,3,75
2015-01-29,8956.15,8956.15,8950.8,8951.35,15:25:00,8917.630038279818,3,76
2015-01-30,8996.6,8996.6,8996.6,8996.6,09:10:00,8925.150987015073,4,1
2015-01-30,8970.9,8996.6,8970.9,8996.6,09:15:00,8929.50803587078,4,2
2015-01-30,8947.95,8961.15,8944.2,8961.15,09:20:00,8931.264413406896,4,3
2015-01-30,8955.5,8971.0,8955.5,8965.3,09:25:00,8933.572564511001,4,4
2015-01-30,8952.95,8955.0,8946.85,8949.35,09:30:00,8935.418034557573,4,5
2015-01-30,8942.1,8950.1,8940.65,8950.1,09:35:00,8936.054412218757,4,6
2015-01-30,8935.1,8950.6,8935.1,8947.95,09:40:00,8935.963515816971,4,7
2015-01-30,8932.0,8940.7,8925.4,8940.7,09:45:00,8935.586038120116,4,8
2015-01-30,8933.15,8933.15,8918.9,8923.0,09:50:00,8935.35403448963,4,9
2015-01-30,8922.75,8925.0,8918.1,8925.0,09:55:00,8934.153650252523,4,10
2015-01-30,8929.95,8929.95,8920.3,8925.75,10:00:00,8933.753302609426,4,11
2015-01-30,8932.9,8932.9,8925.05,8932.4,10:05:00,8933.672035694242,4,12
2015-01-30,8928.05,8933.1,8925.65,8933.1,10:10:00,8933.136603723362,4,13
2015-01-30,8931.95,8933.05,8923.9,8926.0,10:15:00,8933.023593844946,4,14
2015-01-30,8932.7,8934.2,8926.9,8926.9,10:20:00,8932.992775383522,4,15
2015-01-30,8927.65,8934.65,8927.65,8934.65,10:25:00,8932.483939632712,4,16
2015-01-30,8921.1,8936.45,8921.1,8934.25,10:30:00,8931.399754905786,4,17
2015-01-30,8919.85,8920.65,8914.4,8914.4,10:35:00,8930.299778248092,4,18
2015-01-30,8916.0,8920.45,8913.55,8916.45,10:40:00,8928.937894605417,4,19
2015-01-30,8919.9,8919.9,8913.55,8919.2,10:45:00,8928.077142738235,4,20
2015-01-30,8911.9,8919.05,8911.9,8917.15,10:50:00,8926.536462477452,4,21
2015-01-30,8903.35,8913.5,8901.1,8912.4,10:55:00,8924.32822795579,4,22
2015-01-30,8895.75,8904.25,8895.1,8904.25,11:00:00,8921.606491960001,4,23
2015-01-30,8889.7,8905.15,8889.7,8905.15,11:05:00,8918.567778440001,4,24
2015-01-30,8868.9,8885.8,8866.05,8885.8,11:10:00,8913.837513826667,4,25
2015-01-30,8868.7,8871.2,8861.1,8867.85,11:15:00,8909.538702986032,4,26
2015-01-30,8877.65,8877.65,8861.65,8870.1,11:20:00,8906.501683654029,4,27
2015-01-30,8859.65,8881.05,8859.65,8881.05,11:25:00,8902.039618544122,4,28
2015-01-30,8853.3,8863.2,8852.0,8854.9,11:30:00,8897.397750111348,4,29
2015-01-30,8838.9,8849.3,8838.9,8843.25,11:35:00,8891.82653581503,4,30
2015-01-30,8823.95,8844.45,8823.95,8844.45,11:40:00,8885.362103832646,4,31
2015-01-30,8841.35,8841.35,8830.5,8830.5,11:45:00,8881.170474896204,4,32
2015-01-30,8839.0,8846.95,8839.0,8843.15,11:50:00,8877.154239191803,4,33
2015-01-30,8831.25,8839.25,8831.25,8836.45,11:55:00,8872.782406887822,4,34
2015-01-30,8839.55,8839.55,8834.55,8834.55,12:00:00,8869.617415755649,4,35
2015-01-30,8831.25,8838.8,8831.25,8838.8,12:05:00,8865.963376159872,4,36
2015-01-30,8834.6,8836.7,8832.15,8832.15,12:10:00,8862.976387954172,4,37
2015-01-30,8843.05,8843.15,8834.9,8834.9,12:15:00,8861.078636720442,4,38
2015-01-30,8853.2,8853.2,8842.2,8846.9,12:20:00,8860.328290366115,4,39
2015-01-30,8845.6,8854.9,8845.6,8854.9,12:25:00,8858.925596045532,4,40
2015-01-30,8851.85,8851.85,8845.65,8845.65,12:30:00,8858.251729755482,4,41
2015-01-30,8844.45,8851.65,8844.45,8851.65,12:35:00,8856.93727930258,4,42
2015-01-30,8835.0,8846.15,8834.8,8834.8,12:40:00,8854.848014607096,4,43
2015-01-30,8833.35,8836.0,8832.05,8833.25,12:45:00,8852.800584644516,4,44
2015-01-30,8840.85,8840.85,8833.4,8833.4,12:50:00,8851.662433725991,4,45
2015-01-30,8843.35,8843.35,8840.05,8840.3,12:55:00,8850.870773371134,4,46
2015-01-30,8837.1,8843.35,8837.1,8843.35,13:00:00,8849.559271145312,4,47
2015-01-30,8830.45,8836.0,8830.4,8836.0,13:05:00,8847.739340560045,4,48
2015-01-30,8834.3,8834.3,8831.05,8831.05,13:10:00,8846.45940336385,4,49
2015-01-30,8836.5,8838.05,8834.45,8834.45,13:15:00,8845.51088875777,4,50
2015-01-30,8833.0,8834.85,8829.65,8833.35,13:20:00,8844.319375542744,4,51
2015-01-30,8835.55,8835.55,8831.15,8831.15,13:25:00,8843.484196919626,4,52
2015-01-30,8834.35,8834.35,8828.55,8831.7,13:30:00,8842.614273403471,4,53
2015-01-30,8832.05,8843.95,8832.05,8841.9,13:35:00,8841.60815212695,4,54
2015-01-30,8845.95,8845.95,8834.95,8834.95,13:40:00,8842.021661448192,4,55
2015-01-30,8845.45,8852.3,8845.45,8851.4,13:45:00,8842.348169881698,4,56
2015-01-30,8846.75,8847.25,8844.15,8844.15,13:50:00,8842.767391797726,4,57
2015-01-30,8841.25,8843.25,8837.8,8843.25,13:55:00,8842.622878293181,4,58
2015-01-30,8836.85,8842.75,8836.85,8839.85,14:00:00,8842.073080360497,4,59
2015-01-30,8809.4,8834.8,8809.4,8834.8,14:05:00,8838.961358421402,4,60
2015-01-30,8801.35,8811.85,8801.35,8809.25,14:10:00,8835.37932428603,4,61
2015-01-30,8805.05,8805.05,8794.85,8799.15,14:15:00,8832.49081721117,4,62
2015-01-30,8793.75,8799.1,8790.05,8799.1,14:20:00,8828.80121557201,4,63
2015-01-30,8779.1,8793.65,8779.1,8793.65,14:25:00,8824.067766469914,4,64
2015-01-30,8795.0,8795.45,8782.2,8782.8,14:30:00,8821.299407758494,4,65
2015-01-30,8797.95,8797.95,8785.95,8796.05,14:35:00,8819.075654638636,4,66
2015-01-30,8809.85,8809.85,8796.3,8796.7,14:40:00,8818.197020863528,4,67
2015-01-30,8799.3,8808.25,8797.75,8808.25,14:45:00,8816.397304590811,4,68
2015-01-30,8798.9,8799.35,8791.1,8799.35,14:50:00,8814.730894629782,4,69
2015-01-30,8800.05,8800.05,8791.65,8798.7,14:55:00,8813.33271418885,4,70
2015-01-30,8808.45,8822.2,8796.25,8796.25,15:00:00,8812.86769378991,4,71
2015-01-30,8812.6,8812.85,8806.25,8807.45,15:05:00,8812.842199143253,4,72
2015-01-30,8811.25,8811.25,8805.5,8808.75,15:10:00,8812.69056112961,4,73
2015-01-30,8806.15,8807.95,8799.1,8807.95,15:15:00,8812.067650545838,4,74
2015-01-30,8806.75,8807.55,8802.9,8807.55,15:20:00,8811.56120763671,4,75
2015-01-30,8822.35,8822.35,8806.55,8806.55,15:25:00,8812.58871167131,4,76
2015-02-02,8802.5,8802.5,8802.5,8802.5,09:10:00,8811.627881988328,0,1
2015-02-02,8789.7,8802.5,8781.45,8802.5,09:15:00,8809.539512275154,0,2
2015-02-02,8775.2,8798.55,8775.2,8790.05,09:20:00,8806.269082534664,0,3
2015-02-02,8784.4,8784.4,8774.75,8775.7,09:25:00,8804.186312769458,0,4
2015-02-02,8779.8,8795.65,8779.8,8787.95,09:30:00,8801.863806791414,0,5
2015-02-02,8779.75,8787.75,8779.75,8781.3,09:35:00,8799.757729954137,0,6
2015-02-02,8783.85,8786.8,8775.15,8775.15,09:40:00,8798.242708053744,0,7
2015-02-02,8781.75,8791.9,8781.75,8786.3,09:45:00,8796.671973953387,0,8
2015-02-02,8792.95,8794.0,8787.05,8789.05,09:50:00,8796.31750024354,0,9
2015-02-02,8796.55,8796.55,8787.85,8795.35,09:55:00,8796.339643077488,0,10
2015-02-02,8793.9,8797.65,8792.5,8797.65,10:00:00,8796.107296117727,0,11
2015-02-02,8786.75,8792.75,8784.7,8792.75,10:05:00,8795.216125058896,0,12
2015-02-02,8784.35,8784.95,8781.15,8783.1,10:10:00,8794.181256005668,0,13
2015-02-02,8785.15,8785.15,8777.25,8777.25,10:15:00,8793.321136386081,0,14
2015-02-02,8778.25,8783.25,8777.35,8781.6,10:20:00,8791.885790063598,0,15
2015-02-02,8782.6,8784.7,8778.3,8778.3,10:25:00,8791.00142910516,0,16
2015-02-02,8776.95,8784.45,8773.9,8784.45,10:30:00,8789.66319776181,0,17
2015-02-02,8790.2,8790.2,8779.8,8779.8,10:35:00,8789.714321784495,0,18
2015-02-02,8795.5,8795.5,8788.0,8790.0,10:40:00,8790.265338757401,0,19
2015-02-02,8804.1,8804.1,8792.05,8796.0,10:45:00,8791.58292554241,0,20
2015-02-02,8795.45,8795.45,8790.8,8795.35,10:50:00,8791.951218347895,0,21
2015-02-02,8787.2,8790.1,8786.95,8790.1,10:55:00,8791.49872136238,0,22
2015-02-02,8786.6,8788.75,8786.25,8786.25,11:00:00,8791.032176470726,0,23
2015-02-02,8787.95,8789.3,8786.9,8786.9,11:05:00,8790.738635854466,0,24
2015-02-02,8785.6,8787.8,8785.6,8787.25,11:10:00,8790.249241963566,0,25
2015-02-02,8790.75,8790.75,8786.05,8786.4,11:15:00,8790.29693320513,0,26
2015-02-02,8790.6,8790.6,8785.2,8789.15,11:20:00,8790.325796709405,0,27
2015-02-02,8783.35,8789.2,8783.35,8789.2,11:25:00,8789.661435118034,0,28
2015-02-02,8784.55,8784.55,8780.15,8783.7,11:30:00,8789.17463177346,0,29
2015-02-02,8789.65,8789.65,8786.75,8787.45,11:35:00,8789.219904937892,0,30
2015-02-02,8780.0,8784.25,8779.4,8784.25,11:40:00,8788.341818753332,0,31
2015-02-02,8776.75,8781.9,8776.6,8780.75,11:45:00,8787.23783601492,0,32
2015-02-02,8770.6,8775.6,8770.6,8775.6,11:50:00,8785.653280203975,0,33
2015-02-02,8757.25,8773.2,8757.25,8769.3,11:55:00,8782.948205898834,0,34
2015-02-02,8763.4,8763.4,8756.75,8759.35,12:00:00,8781.086472003706,0,35
2015-02-02,8758.55,8761.7,8754.35,8761.7,12:05:00,8778.940141336687,0,36
2015-02-02,8766.85,8766.85,8756.9,8757.6,12:10:00,8777.788699304621,0,37
2015-02-02,8763.5,8767.85,8762.55,8767.85,12:15:00,8776.427870799418,0,38
2015-02-02,8759.5,8763.9,8758.8,8763.9,12:20:00,8774.815692628044,0,39
2015-02-02,8757.85,8758.15,8754.6,8757.25,12:25:00,8773.199912377755,0,40
2015-02-02,8764.6,8766.35,8760.55,8760.55,12:30:00,8772.380873103682,0,41
2015-02-02,8763.45,8767.35,8763.15,8763.35,12:35:00,8771.530313760475,0,42
2015-02-02,8763.8,8766.65,8761.35,8761.35,12:40:00,8770.794093402335,0,43
2015-02-02,8759.6,8764.95,8759.2,8764.95,12:45:00,8769.72798926878,0,44
2015-02-02,8754.8,8760.2,8754.8,8760.2,12:50:00,8768.306276005087,0,45
2015-02-02,8759.9,8762.45,8756.7,8756.7,12:55:00,8767.505678290318,0,46
2015-02-02,8757.55,8760.5,8757.55,8759.0,13:00:00,8766.557518453144,0,47
2015-02-02,8756.95,8761.2,8756.95,8761.2,13:05:00,8765.642516695701,0,48
2015-02-02,8757.75,8758.9,8757.75,8758.25,13:10:00,8764.890848438969,0,49
2015-02-02,8756.15,8762.15,8756.15,8758.8,13:15:00,8764.058386682877,0,50
2015-02-02,8758.0,8758.85,8756.2,8758.75,13:20:00,8763.481397474983,0,51
2015-02-02,8771.1,8771.1,8758.45,8758.65,13:25:00,8764.206978667842,0,52
2015-02-02,8795.05,8795.05,8778.1,8778.1,13:30:00,8767.144409270904,0,53
2015-02-02,8825.55,8825.55,8792.6,8792.6,13:35:00,8772.7068464832,0,54
2015-02-02,8807.4,8834.65,8807.4,8834.65,13:40:00,8776.010956341941,0,55
2015-02-02,8812.95,8822.85,8812.95,8816.55,13:45:00,8779.528960499852,0,56
2015-02-02,8819.8,8825.25,8812.05,8825.25,13:50:00,8783.364297595104,0,57
2015-02-02,8809.55,8818.25,8809.55,8818.25,13:55:00,8785.858174014618,0,58
2015-02-02,8826.3,8826.3,8810.2,8810.2,14:00:00,8789.709776489417,0,59
2015-02-02,8828.95,8838.0,8828.3,8833.0,14:05:00,8793.446940633283,0,60
2015-02-02,8815.0,8828.9,8815.0,8828.9,14:10:00,8795.499612953923,0,61
2015-02-02,8811.1,8825.9,8811.1,8825.9,14:15:00,8796.985364101169,0,62
2015-02-02,8814.4,8818.7,8810.2,8810.2,14:20:00,8798.643900853438,0,63
2015-02-02,8808.0,8811.7,8805.9,8810.1,14:25:00,8799.534957915015,0,64
2015-02-02,8798.65,8805.95,8798.65,8802.2,14:30:00,8799.450676208824,0,65
2015-02-02,8782.35,8793.55,8782.35,8793.55,14:35:00,8797.822040379413,0,66
2015-02-02,8785.05,8791.4,8785.05,8787.8,14:40:00,8796.605655581374,0,67
2015-02-02,8780.3,8783.95,8777.0,8783.95,14:45:00,8795.052736002195,0,68
2015-02-02,8784.8,8784.8,8778.35,8781.35,14:50:00,8794.076284954368,0,69
2015-02-02,8780.6,8787.05,8777.0,8779.5,14:55:00,8792.792829244429,0,70
2015-02-02,8797.6,8797.6,8783.85,8783.85,15:00:00,8793.250655030673,0,71
2015-02-02,8794.0,8804.8,8794.0,8801.4,15:05:00,8793.322021218228,0,72
2015-02-02,8791.5,8797.3,8791.5,8797.3,15:10:00,8793.14849538792,0,73
2015-02-02,8792.75,8796.8,8790.4,8796.8,15:15:00,8793.110543446213,0,74
2015-02-02,8801.95,8802.05,8796.25,8796.25,15:20:00,8793.952396451336,0,75
2015-02-02,8800.45,8800.95,8798.25,8800.85,15:25:00,8794.571215836922,0,76
2015-02-03,8823.15,8823.15,8823.15,8823.15,09:10:00,8797.293004804835,1,1
2015-02-03,8826.45,8829.6,8823.15,8823.15,09:15:00,8800.069861490088,1,2
2015-02-03,8821.35,8824.8,8820.45,8823.85,09:20:00,8802.096541348175,1,3
2015-02-03,8817.6,8822.0,8815.65,8818.55,09:25:00,8803.573061219779,1,4
2015-02-03,8821.55,8826.0,8817.4,8818.35,09:30:00,8805.285150627418,1,5
2015-02-03,8826.4,8829.4,8821.9,8823.95,09:35:00,8807.296088662903,1,6
2015-02-03,8815.3,8825.15,8815.3,8825.15,09:40:00,8808.058365933102,1,7
2015-02-03,8817.4,8820.5,8817.1,8817.15,09:45:00,8808.948045368044,1,8
2015-02-03,8817.8,8821.0,8816.35,8818.85,09:50:00,8809.791088666327,1,9
2015-02-03,8807.2,8816.1,8806.65,8816.1,09:55:00,8809.544318317152,1,10
2015-02-03,8802.75,8806.2,8799.75,8803.5,10:00:00,8808.897240382184,1,11
2015-02-03,8803.3,8808.0,8802.35,8802.35,10:05:00,8808.364169869596,1,12
2015-02-03,8800.8,8806.5,8800.8,8802.15,10:10:00,8807.643772739159,1,13
2015-02-03,8792.9,8806.25,8792.9,8801.15,10:15:00,8806.239603906857,1,14
2015-02-03,8796.8,8796.8,8788.55,8788.55,10:20:00,8805.340594010966,1,15
2015-02-03,8797.25,8797.5,8792.15,8792.15,10:25:00,8804.570061248018,1,16
2015-02-03,8799.2,8799.2,8791.8,8793.8,10:30:00,8804.058626843445,1,17
2015-02-03,8804.95,8804.95,8798.9,8798.9,10:35:00,8804.143519525023,1,18
2015-02-03,8800.0,8803.95,8800.0,8803.4,10:40:00,8803.748898617878,1,19
2015-02-03,8797.3,8806.5,8795.15,8806.5,10:45:00,8803.134717797127,1,20
2015-02-03,8801.7,8803.2,8799.0,8803.2,10:50:00,8802.998078006925,1,21
2015-02-03,8800.0,8800.25,8797.75,8800.25,10:55:00,8802.71254676817,1,22
2015-02-03,8794.5,8801.55,8778.85,8801.55,11:00:00,8801.930399456916,1,23
2015-02-03,8794.45,8794.45,8787.65,8787.65,11:05:00,8801.21798046102,1,24
2015-02-03,8822.3,8822.3,8793.55,8800.45,11:10:00,8803.225791845685,1,25
2015-02-03,8814.15,8826.55,8814.15,8826.55,11:15:00,8804.266192622286,1,26
2015-02-03,8812.45,8824.0,8812.05,8824.0,11:20:00,8805.045602848735,1,27
2015-02-03,8812.6,8819.2,8812.6,8819.2,11:25:00,8805.765069244093,1,28
2015-02-03,8806.0,8808.95,8795.4,8808.95,11:30:00,8805.7874436018,1,29
2015-02-03,8802.6,8803.85,8798.15,8798.15,11:35:00,8805.483877544484,1,30
2015-02-03,8799.25,8799.25,8796.15,8797.95,11:40:00,8804.8901749212,1,31
2015-02-03,8775.55,8794.15,8775.55,8794.15,11:45:00,8802.095872547752,1,32
2015-02-03,8754.95,8759.0,8747.55,8759.0,11:50:00,8797.605789447965,1,33
2015-02-03,8747.05,8747.05,8734.15,8746.05,11:55:00,8792.790952357684,1,34
2015-02-03,8754.65,8754.65,8734.95,8734.95,12:00:00,8789.158480704571,1,35
2015-02-03,8742.85,8754.15,8741.4,8752.6,12:05:00,8784.748149208897,1,36
2015-02-03,8742.9,8746.8,8742.9,8746.7,12:10:00,8780.762611189002,1,37
2015-02-03,8737.15,8741.3,8735.15,8741.3,12:15:00,8776.609029171002,1,38
2015-02-03,8738.35,8738.35,8729.3,8736.0,12:20:00,8772.965312107097,1,39
2015-02-03,8739.95,8747.3,8739.95,8740.55,12:25:00,8769.820996668326,1,40
2015-02-03,8741.25,8748.85,8739.3,8739.3,12:30:00,8767.09994936658,1,41
2015-02-03,8745.9,8749.6,8743.25,8743.25,12:35:00,8765.080906569763,1,42
2015-02-03,8756.25,8756.25,8745.0,8749.45,12:40:00,8764.239867848833,1,43
2015-02-03,8751.75,8758.1,8750.85,8758.1,12:45:00,8763.050356625135,1,44
2015-02-03,8748.65,8748.65,8742.5,8748.25,12:50:00,8761.67889408941,1,45
2015-02-03,8744.2,8748.1,8743.45,8744.65,12:55:00,8760.014237509466,1,46
2015-02-03,8737.3,8743.0,8737.3,8737.4,13:00:00,8757.850976794278,1,47
2015-02-03,8733.25,8739.6,8732.25,8739.6,13:05:00,8755.508026623394,1,48
2015-02-03,8733.3,8733.9,8728.65,8731.5,13:10:00,8753.392976468785,1,49
2015-02-03,8735.9,8736.0,8733.7,8734.05,13:15:00,8751.726978709854,1,50
2015-02-03,8737.2,8740.95,8731.7,8731.7,13:20:00,8750.343456927963,1,51
2015-02-03,8739.5,8741.0,8736.3,8736.3,13:25:00,8749.310746744348,1,52
2015-02-03,8741.7,8742.55,8738.5,8739.35,13:30:00,8748.585913721077,1,53
2015-02-03,8757.75,8757.75,8745.95,8745.95,13:35:00,8749.45868384288,1,54
2015-02-03,8754.6,8757.7,8747.35,8747.35,13:40:00,8749.948333000702,1,55
2015-02-03,8759.65,8762.7,8756.15,8756.15,13:45:00,8750.87230128635,1,56
2015-02-03,8780.45,8780.45,8766.0,8766.0,13:50:00,8753.689224973365,1,57
2015-02-03,8780.5,8792.3,8775.25,8792.3,13:55:00,8756.242632118758,1,58
2015-02-03,8779.15,8779.15,8771.65,8777.85,14:00:00,8758.424286202686,1,59
2015-02-03,8778.7,8786.05,8775.5,8775.5,14:05:00,8760.355306564335,1,60
2015-02-03,8771.55,8777.9,8771.55,8777.7,14:10:00,8761.421467843922,1,61
2015-02-03,8775.1,8780.4,8768.95,8769.95,14:15:00,8762.72418519212,1,62
2015-02-03,8767.9,8777.4,8767.9,8777.4,14:20:00,8763.217119935729,1,63
2015-02-03,8778.7,8779.9,8771.25,8774.3,14:25:00,8764.69167994185,1,64
2015-02-03,8766.85,8783.4,8766.85,8783.4,14:30:00,8764.897234233104,1,65
2015-02-03,8757.95,8773.25,8756.25,8769.7,14:35:00,8764.23559287757,1,66
2015-02-03,8760.35,8763.5,8756.7,8762.1,14:40:00,8763.86553641304,1,67
2015-02-03,8765.95,8765.95,8759.5,8759.65,14:45:00,8764.064056754656,1,68
2015-02-03,8774.35,8775.95,8769.3,8769.95,14:50:00,8765.04367039707,1,69
2015-02-03,8773.4,8773.4,8769.5,8772.2,14:55:00,8765.839511311635,1,70
2015-02-03,8777.55,8777.55,8768.0,8772.35,15:00:00,8766.954795948623,1,71
2015-02-03,8768.4,8774.1,8768.4,8774.1,15:05:00,8767.092434429705,1,72
2015-02-03,8763.45,8772.1,8758.35,8772.1,15:10:00,8766.74553591259,1,73
2015-02-03,8756.1,8761.25,8748.85,8761.25,15:15:00,8765.731675349487,1,74
2015-02-03,8743.65,8753.2,8743.65,8752.6,15:20:00,8763.628658649535,1,75
2015-02-03,8747.1,8747.1,8741.95,8741.95,15:25:00,8762.054500682912,1,76
2015-02-04,8789.15,8789.15,8789.15,8789.15,09:10:00,8764.635024427396,2,1
2015-02-04,8770.45,8788.85,8770.45,8788.85,09:15:00,8765.188831624788,2,2
2015-02-04,8778.5,8782.2,8770.6,8770.6,09:20:00,8766.456561946236,2,3
2015-02-04,8776.25,8776.25,8767.95,8770.75,09:25:00,8767.389270332309,2,4
2015-02-04,8768.8,8781.35,8768.8,8772.1,09:30:00,8767.523625538755,2,5
2015-02-04,8769.65,8777.35,8765.55,8765.55,09:35:00,8767.726137392208,2,6
2015-02-04,8763.0,8769.55,8763.0,8768.85,09:40:00,8767.27602906914,2,7
2015-02-04,8770.95,8770.95,8759.15,8759.15,09:45:00,8767.625931062556,2,8
2015-02-04,8760.65,8771.6,8756.75,8770.15,09:50:00,8766.961556675646,2,9
2015-02-04,8763.1,8764.3,8756.95,8756.95,09:55:00,8766.593789373203,2,10
2015-02-04,8762.1,8769.3,8761.8,8761.8,10:00:00,8766.165809432898,2,11
2015-02-04,8745.85,8760.4,8745.85,8760.4,10:05:00,8764.230970439288,2,12
2015-02-04,8733.3,8753.15,8733.3,8748.25,10:10:00,8761.285163730785,2,13
2015-02-04,8738.3,8743.6,8736.65,8741.6,10:15:00,8759.096100518329,2,14
2015-02-04,8739.4,8739.4,8731.95,8735.45,10:20:00,8757.220281421345,2,15
2015-02-04,8744.3,8744.3,8735.3,8735.3,10:25:00,8755.989778428837,2,16
2015-02-04,8745.2,8747.9,8739.4,8746.35,10:30:00,8754.962180483233,2,17
2015-02-04,8748.4,8748.65,8743.95,8743.95,10:35:00,8754.337210913402,2,18
2015-02-04,8725.5,8746.05,8725.5,8746.05,10:40:00,8751.59080987403,2,19
2015-02-04,8729.9,8729.9,8720.3,8722.55,10:45:00,8749.525018457454,2,20
2015-02-04,8732.15,8732.8,8723.5,8723.5,10:50:00,8747.87025479484,2,21
2015-02-04,8730.05,8737.65,8730.05,8731.65,10:55:00,8746.173087671521,2,22
2015-02-04,8740.6,8740.6,8731.1,8731.1,11:00:00,8745.64231741709,2,23
2015-02-04,8756.65,8756.65,8744.05,8744.05,11:05:00,8746.690668139272,2,24
2015-02-04,8748.15,8755.85,8744.1,8753.55,11:10:00,8746.829652126007,2,25
2015-02-04,8743.75,8748.55,8743.75,8746.0,11:15:00,8746.53635192353,2,26
2015-02-04,8756.05,8756.05,8744.4,8744.4,11:20:00,8747.4424136451,2,27
2015-02-04,8755.35,8759.9,8755.35,8757.95,11:25:00,8748.195517107471,2,28
2015-02-04,8759.85,8759.85,8752.85,8756.0,11:30:00,8749.305467859142,2,29
2015-02-04,8748.7,8763.15,8748.7,8763.15,11:35:00,8749.24780425351,2,30
2015-02-04,8749.95,8753.4,8749.5,8749.5,11:40:00,8749.31468003889,2,31
2015-02-04,8750.5,8750.5,8745.0,8750.35,11:45:00,8749.427567654233,2,32
2015-02-04,8752.5,8756.15,8752.5,8753.3,11:50:00,8749.720180258591,2,33
2015-02-04,8752.6,8757.25,8751.9,8753.4,11:55:00,8749.994448805392,2,34
2015-02-04,8755.7,8758.1,8755.7,8758.1,12:00:00,8750.53783463345,2,35
2015-02-04,8747.15,8753.55,8747.15,8753.55,12:05:00,8750.215183715978,2,36
2015-02-04,8751.55,8751.75,8746.1,8746.1,12:10:00,8750.34230907636,2,37
2015-02-04,8739.6,8747.9,8739.6,8747.9,12:15:00,8749.31923202147,2,38
2015-02-04,8747.3,8750.15,8745.8,8745.8,12:20:00,8749.1269242099,2,39
2015-02-04,8747.75,8751.5,8746.7,8747.3,12:25:00,8748.995788570863,2,40
2015-02-04,8745.2,8746.15,8737.45,8746.15,12:30:00,8748.634284897447,2,41
2015-02-04,8745.7,8746.95,8742.5,8746.95,12:35:00,8748.35482919293,2,42
2015-02-04,8748.5,8748.5,8744.05,8744.05,12:40:00,8748.368654984079,2,43
2015-02-04,8744.7,8751.45,8744.7,8748.35,12:45:00,8748.01925927131,2,44
2015-02-04,8750.9,8750.9,8746.45,8746.45,12:50:00,8748.293615531185,2,45
2015-02-04,8759.55,8759.55,8748.2,8748.2,12:55:00,8749.365652147262,2,46
2015-02-04,8752.75,8760.85,8751.35,8759.9,13:00:00,8749.68797099038,2,47
2015-02-04,8757.85,8757.85,8752.2,8754.2,13:05:00,8750.465307086535,2,48
2015-02-04,8774.35,8775.95,8761.75,8764.0,13:10:00,8752.74003974496,2,49
2015-02-04,8769.15,8771.5,8766.8,8771.5,13:15:00,8754.302893102584,2,50
2015-02-04,8755.6,8767.7,8752.2,8767.7,13:20:00,8754.426427092814,2,51
2015-02-04,8760.35,8762.4,8756.1,8756.1,13:25:00,8754.990576893499,2,52
2015-02-04,8760.95,8765.05,8757.8,8757.8,13:30:00,8755.55814099888,2,53
2015-02-04,8752.6,8759.5,8752.6,8757.35,13:35:00,8755.276413284702,2,54
2015-02-04,8758.3,8758.3,8751.7,8753.0,13:40:00,8755.564373924253,2,55
2015-02-04,8755.0,8760.0,8752.55,8757.95,13:45:00,8755.510624026705,2,56
2015-02-04,8760.6,8765.75,8758.2,8758.2,13:50:00,8755.995326500351,2,57
2015-02-04,8766.05,8770.15,8763.7,8763.7,13:55:00,8756.952914452699,2,58
2015-02-04,8765.9,8770.25,8765.3,8765.3,14:00:00,8757.805017838156,2,59
2015-02-04,8760.5,8769.75,8760.5,8767.2,14:05:00,8758.061682805952,2,60
2015-02-04,8762.5,8762.5,8759.45,8762.25,14:10:00,8758.484379681575,2,61
2015-02-04,8761.15,8761.15,8755.95,8759.05,14:15:00,8758.738248283329,2,62
2015-02-04,8759.2,8761.45,8755.95,8761.45,14:20:00,8758.782224637298,2,63
2015-02-04,8764.95,8764.95,8759.05,8764.6,14:25:00,8759.3696318147,2,64
2015-02-04,8758.2,8761.5,8758.2,8760.0,14:30:00,8759.258238308537,2,65
2015-02-04,8764.65,8764.65,8759.75,8759.75,14:35:00,8759.771739422009,2,66
2015-02-04,8759.85,8769.35,8759.85,8763.6,14:40:00,8759.779192810389,2,67
2015-02-04,8761.4,8763.8,8759.85,8763.45,14:45:00,8759.933555399875,2,68
2015-02-04,8764.55,8773.0,8762.2,8762.2,14:50:00,8760.373216790364,2,69
2015-02-04,8752.1,8762.0,8752.1,8762.0,14:55:00,8759.585291381758,2,70
2015-02-04,8747.85,8747.85,8738.3,8747.0,15:00:00,8758.467644583496,2,71
2015-02-04,8736.8,8746.3,8736.8,8746.3,15:05:00,8756.404059385068,2,72
2015-02-04,8723.85,8739.65,8723.85,8739.65,15:10:00,8753.303672776967,2,73
2015-02-04,8725.1,8725.1,8719.05,8724.35,15:15:00,8750.61760870297,2,74
2015-02-04,8710.45,8719.65,8710.45,8719.65,15:20:00,8746.792122159832,2,75
2015-02-04,8707.35,8710.5,8706.45,8710.5,15:25:00,8743.035729573181,2,76
2015-02-05,8733.1,8733.1,8733.1,8733.1,09:10:00,8742.089469613831,3,1
2015-02-05,8709.55,8733.1,8709.05,8733.1,09:15:00,8738.990472507752,3,2
2015-02-05,8730.3,8730.9,8710.4,8710.4,09:20:00,8738.162808459396,3,3
2015-02-05,8731.9,8738.6,8731.9,8734.5,09:25:00,8737.566350510882,3,4
2015-02-05,8737.4,8738.7,8730.05,8730.05,09:30:00,8737.550507605083,3,5
2015-02-05,8736.15,8736.15,8733.45,8735.6,09:35:00,8737.417125928408,3,6
2015-02-05,8744.5,8744.5,8732.5,8732.5,09:40:00,8738.091685363797,3,7
2015-02-05,8739.1,8743.45,8738.85,8742.15,09:45:00,8738.18771532915,3,8
2015-02-05,8739.85,8742.3,8739.85,8741.3,09:50:00,8738.346028154945,3,9
2015-02-05,8741.1,8742.7,8738.05,8738.05,09:55:00,8738.608311187807,3,10
2015-02-05,8752.1,8752.1,8740.8,8740.8,10:00:00,8739.893233931825,3,11
2015-02-05,8755.3,8755.3,8750.8,8754.35,10:05:00,8741.360544985937,3,12
2015-02-05,8756.0,8759.25,8751.75,8753.1,10:10:00,8742.7547787968,3,13
2015-02-05,8759.75,8761.55,8758.0,8758.0,10:15:00,8744.373371292342,3,14
2015-02-05,8760.95,8767.45,8760.95,8764.35,10:20:00,8745.952097835929,3,15
2015-02-05,8750.95,8762.15,8750.95,8762.15,10:25:00,8746.428088518222,3,16
2015-02-05,8755.95,8755.95,8747.65,8752.75,10:30:00,8747.334937230771,3,17
2015-02-05,8755.5,8757.1,8751.05,8751.7,10:35:00,8748.112562256412,3,18
2015-02-05,8751.2,8760.35,8751.2,8760.35,10:40:00,8748.406603946278,3,19
2015-02-05,8748.35,8751.15,8744.2,8751.15,10:45:00,8748.401213094252,3,20
2015-02-05,8743.55,8748.65,8738.75,8748.65,10:50:00,8747.939192799562,3,21
2015-02-05,8749.3,8749.55,8745.05,8745.95,10:55:00,8748.068793485318,3,22
2015-02-05,8744.7,8752.5,8744.55,8751.2,11:00:00,8747.747956010526,3,23
2015-02-05,8752.5,8752.5,8749.2,8749.2,11:05:00,8748.20053162857,3,24
2015-02-05,8752.55,8753.15,8751.75,8751.75,11:10:00,8748.614766711564,3,25
2015-02-05,8755.5,8755.5,8751.75,8753.1,11:15:00,8749.270503215224,3,26
2015-02-05,8756.5,8756.5,8752.7,8754.05,11:20:00,8749.959026718536,3,27
2015-02-05,8760.85,8763.6,8759.3,8761.15,11:25:00,8750.996262269151,3,28
2015-02-05,8759.55,8762.75,8756.05,8762.75,11:30:00,8751.810903957803,3,29
2015-02-05,8754.25,8757.2,8752.0,8757.2,11:35:00,8752.043198818965,3,30
2015-02-05,8747.4,8752.6,8747.4,8752.6,11:40:00,8751.600989407634,3,31
2015-02-05,8746.8,8746.9,8743.35,8746.9,11:45:00,8751.143752321193,3,32
2015-02-05,8743.3,8748.1,8743.3,8745.9,11:50:00,8750.396728290603,3,33
2015-02-05,8750.15,8751.45,8743.55,8743.55,11:55:00,8750.373230358166,3,34
2015-02-05,8752.6,8752.6,8748.95,8748.95,12:00:00,8750.585303657388,3,35
2015-02-05,8753.0,8753.0,8747.8,8751.55,12:05:00,8750.815274737637,3,36
2015-02-05,8752.6,8755.45,8752.6,8755.0,12:10:00,8750.985248572148,3,37
2015-02-05,8753.4,8755.15,8750.1,8750.1,12:15:00,8751.21522489861,3,38
2015-02-05,8754.7,8756.75,8750.2,8752.1,12:20:00,8751.547108241599,3,39
2015-02-05,8758.2,8758.2,8755.05,8755.05,12:25:00,8752.180716980494,3,40
2015-02-05,8751.75,8759.55,8751.75,8759.55,12:30:00,8752.139696315684,3,41
2015-02-05,8753.2,8757.5,8750.2,8751.7,12:35:00,8752.240677618953,3,42
2015-02-05,8755.25,8755.8,8754.15,8755.35,12:40:00,8752.52727975048,3,43
2015-02-05,8754.1,8755.35,8754.1,8755.0,12:45:00,8752.677062631386,3,44
2015-02-05,8756.1,8756.15,8754.35,8754.35,12:50:00,8753.003056666492,3,45
2015-02-05,8760.4,8762.15,8759.25,8759.65,12:55:00,8753.70752746016,3,46
2015-02-05,8758.05,8759.1,8757.45,8759.05,13:00:00,8754.121096273477,3,47
2015-02-05,8758.75,8760.5,8757.9,8759.55,13:05:00,8754.56194424743,3,48
2015-02-05,8763.55,8763.55,8755.45,8757.25,13:10:00,8755.417949557199,3,49
2015-02-05,8795.65,8795.65,8779.05,8779.05,13:15:00,8759.249573408893,3,50
2015-02-05,8803.2,8809.25,8796.05,8796.05,13:20:00,8763.435328322332,3,51
2015-02-05,8810.0,8812.9,8807.2,8807.2,13:25:00,8767.8700589583,3,52
2015-02-05,8799.25,8806.0,8799.25,8806.0,13:30:00,8770.858624771796,3,53
2015-02-05,8791.7,8796.35,8789.1,8796.35,13:35:00,8772.843517650672,3,54
2015-02-05,8800.5,8801.5,8796.65,8796.65,13:40:00,8775.477468350608,3,55
2015-02-05,8798.35,8805.15,8798.35,8802.95,13:45:00,8777.65580469817,3,56
2015-02-05,8802.1,8803.4,8800.4,8800.4,13:50:00,8779.983823298344,3,57
2015-02-05,8812.4,8812.4,8801.95,8801.95,13:55:00,8783.07107822231,3,58
2015-02-05,8827.75,8830.55,8807.5,8811.25,14:00:00,8787.326213629709,3,59
2015-02-05,8828.3,8829.75,8823.35,8829.65,14:05:00,8791.228478998308,3,60
2015-02-05,8827.35,8837.5,8827.15,8832.75,14:10:00,8794.668623855612,3,61
2015-02-05,8827.0,8828.4,8823.05,8824.25,14:15:00,8797.74780253603,3,62
2015-02-05,8819.55,8824.45,8819.5,8824.45,14:20:00,8799.824202294503,3,63
2015-02-05,8822.45,8823.55,8813.85,8817.6,14:25:00,8801.979040171216,3,64
2015-02-05,8819.6,8824.15,8813.3,8824.15,14:30:00,8803.657226821577,3,65
2015-02-05,8804.45,8819.3,8804.45,8819.3,14:35:00,8803.732729029047,3,66
2015-02-05,8792.8,8804.9,8790.25,8804.9,14:40:00,8802.691516740566,3,67
2015-02-05,8787.85,8793.4,8787.85,8793.1,14:45:00,8801.27803895575,3,68
2015-02-05,8785.8,8796.05,8782.3,8796.05,14:50:00,8799.803940007583,3,69
2015-02-05,8752.0,8786.6,8743.9,8786.6,14:55:00,8795.251183816385,3,70
2015-02-05,8745.1,8760.95,8745.1,8755.6,15:00:00,8790.474880595777,3,71
2015-02-05,8726.0,8740.85,8715.65,8740.85,15:05:00,8784.334415777132,3,72
2015-02-05,8711.2,8729.2,8711.2,8729.2,15:10:00,8777.369233322168,3,73
2015-02-05,8702.55,8708.55,8702.55,8708.0,15:15:00,8770.24359205339,3,74
2015-02-05,8687.25,8696.65,8685.8,8696.65,15:20:00,8762.339440429258,3,75
2015-02-05,8696.3,8697.2,8694.8,8694.8,15:25:00,8756.049969912185,3,76
2015-02-06,8696.85,8696.85,8696.85,8696.85,09:10:00,8750.411877539596,4,1
2015-02-06,8696.9,8708.3,8696.85,8696.85,09:15:00,8745.31550825011,4,2
2015-02-06,8720.35,8721.1,8707.95,8707.95,09:20:00,8742.93784079772,4,3
2015-02-06,8716.75,8721.8,8711.8,8721.6,09:25:00,8740.443760721746,4,4
2015-02-06,8714.3,8716.6,8709.4,8712.7,09:30:00,8737.953878748245,4,5
2015-02-06,8695.85,8706.95,8695.75,8706.95,09:35:00,8733.943985534126,4,6
2015-02-06,8703.85,8709.05,8695.1,8695.1,09:40:00,8731.077891673733,4,7
2015-02-06,8720.1,8720.55,8713.65,8713.65,09:45:00,8730.032378180997,4,8
2015-02-06,8717.0,8719.6,8706.4,8706.4,09:50:00,8728.791199306615,4,9
2015-02-06,8710.05,8724.65,8710.05,8713.8,09:55:00,8727.006323182177,4,10
2015-02-06,8715.95,8715.95,8707.35,8711.3,10:00:00,8725.95334002197,4,11
2015-02-06,8710.75,8715.8,8705.95,8714.7,10:05:00,8724.505402877021,4,12
2015-02-06,8696.1,8706.35,8696.1,8702.6,10:10:00,8721.800126412543,4,13
2015-02-06,8688.15,8698.8,8688.15,8696.35,10:15:00,8718.595352468492,4,14
2015-02-06,8686.05,8690.2,8686.05,8687.55,10:20:00,8715.49579509054,4,15
2015-02-06,8690.0,8690.0,8681.2,8683.1,10:25:00,8713.067624129535,4,16
2015-02-06,8680.05,8686.95,8679.4,8686.95,10:30:00,8709.92308849815,4,17
2015-02-06,8667.3,8681.75,8665.05,8681.75,10:35:00,8705.86374673642,4,18
2015-02-06,8675.45,8675.45,8667.3,8671.95,10:40:00,8702.96719942819,4,19
2015-02-06,8678.2,8681.7,8673.05,8675.15,10:45:00,8700.608418530268,4,20
2015-02-06,8671.2,8675.15,8665.9,8668.6,10:50:00,8697.80761676548,4,21
2015-02-06,8681.4,8681.4,8669.7,8670.95,10:55:00,8696.24498659734,4,22
2015-02-06,8685.05,8685.05,8671.0,8671.0,11:00:00,8695.178797397593,4,23
2015-02-06,8687.5,8687.95,8687.05,8687.05,11:05:00,8694.447483359727,4,24
2015-02-06,8680.35,8686.4,8680.35,8682.35,11:10:00,8693.104865896896,4,25
2015-02-06,8683.75,8686.35,8683.75,8686.35,11:15:00,8692.213926287668,4,26
2015-02-06,8683.75,8685.65,8683.2,8685.65,11:20:00,8691.407838069796,4,27
2015-02-06,8677.65,8686.0,8677.65,8684.45,11:25:00,8690.097567777433,4,28
2015-02-06,8678.25,8678.25,8672.35,8674.1,11:30:00,8688.969227989106,4,29
2015-02-06,8678.05,8681.75,8674.65,8681.75,11:35:00,8687.929301513954,4,30
2015-02-06,8691.2,8691.2,8678.9,8678.9,11:40:00,8688.240796607863,4,31
2015-02-06,8686.45,8696.75,8686.45,8694.55,11:45:00,8688.070244549972,4,32
2015-02-06,8694.0,8694.0,8688.6,8690.95,11:50:00,8688.63498316426,4,33
2015-02-06,8698.65,8705.15,8698.65,8700.85,11:55:00,8689.588794291474,4,34
2015-02-06,8696.35,8697.4,8694.35,8697.4,12:00:00,8690.232718644667,4,35
2015-02-06,8691.05,8699.45,8691.05,8699.45,12:05:00,8690.310554964222,4,36
2015-02-06,8690.0,8693.3,8688.4,8693.3,12:10:00,8690.280978300963,4,37
2015-02-06,8697.9,8697.9,8689.3,8692.4,12:15:00,8691.006599415157,4,38
2015-02-06,8707.3,8708.85,8701.7,8704.5,12:20:00,8692.558351851809,4,39
2015-02-06,8708.0,8711.65,8708.0,8708.7,12:25:00,8694.02898500878,4,40
2015-02-06,8702.85,8709.05,8701.4,8709.05,12:30:00,8694.86908167461,4,41
2015-02-06,8705.1,8705.1,8700.25,8701.8,12:35:00,8695.843454848457,4,42
2015-02-06,8701.1,8710.95,8701.1,8710.95,12:40:00,8696.344078196222,4,43
2015-02-06,8708.9,8708.9,8701.7,8701.7,12:45:00,8697.539880272772,4,44
2015-02-06,8705.65,8709.25,8705.65,8708.6,12:50:00,8698.312272627747,4,45
2015-02-06,8711.9,8712.65,8705.75,8706.65,12:55:00,8699.606341901295,4,46
2015-02-06,8705.05,8714.65,8703.6,8714.65,13:00:00,8700.124785529742,4,47
2015-02-06,8703.1,8708.15,8703.1,8708.15,13:05:00,8700.408139288815,4,48
2015-02-06,8681.1,8703.0,8681.1,8703.0,13:10:00,8698.569268880356,4,49
2015-02-06,8684.1,8691.85,8684.1,8688.65,13:15:00,8697.191243272702,4,50
2015-02-06,8686.8,8691.4,8679.95,8679.95,13:20:00,8696.201601056255,4,51
2015-02-06,8691.35,8691.35,8687.55,8687.55,13:25:00,8695.739543812802,4,52
2015-02-06,8681.3,8690.6,8681.3,8690.6,13:30:00,8694.364349163963,4,53
2015-02-06,8684.7,8684.7,8677.4,8681.7,13:35:00,8693.443934957872,4,54
2015-02-06,8685.8,8687.35,8683.4,8683.45,13:40:00,8692.71594115236,4,55
2015-02-06,8686.0,8688.7,8682.65,8682.65,13:45:00,8692.07632770928,4,56
2015-02-06,8689.4,8695.4,8681.85,8695.4,13:50:00,8691.821439356014,4,57
2015-02-06,8695.15,8695.45,8689.5,8689.5,13:55:00,8692.138445131632,4,58
2015-02-06,8689.1,8695.05,8686.7,8694.35,14:00:00,8691.84906940481,4,59
2015-02-06,8686.45,8692.05,8686.45,8691.95,14:05:00,8691.334872318637,4,60
2015-02-06,8691.45,8691.8,8685.7,8686.8,14:10:00,8691.34583685972,4,61
2015-02-06,8678.4,8688.7,8678.4,8688.7,14:15:00,8690.112900015938,4,62
2015-02-06,8674.15,8675.95,8666.4,8669.7,14:20:00,8688.592623823944,4,63
2015-02-06,8675.85,8675.85,8671.1,8671.1,14:25:00,8687.379040602616,4,64
2015-02-06,8669.05,8673.25,8669.05,8669.4,14:30:00,8685.633417688081,4,65
2015-02-06,8658.5,8668.7,8658.5,8668.4,14:35:00,8683.049282670168,4,66
2015-02-06,8659.1,8661.3,8654.1,8661.3,14:40:00,8680.768398606342,4,67
2015-02-06,8679.05,8679.05,8668.3,8668.3,14:45:00,8680.604741596215,4,68
2015-02-06,8669.45,8680.1,8669.45,8680.1,14:50:00,8679.542385253719,4,69
2015-02-06,8675.9,8676.65,8669.15,8671.75,14:55:00,8679.19549142003,4,70
2015-02-06,8651.5,8675.2,8651.5,8675.2,15:00:00,8676.557825570504,4,71
2015-02-06,8657.9,8661.8,8657.4,8660.85,15:05:00,8674.780889801885,4,72
2015-02-06,8653.85,8664.85,8653.85,8660.75,15:10:00,8672.787471725514,4,73
2015-02-06,8657.2,8657.2,8651.85,8654.55,15:15:00,8671.302950608799,4,74
2015-02-06,8666.45,8667.15,8663.35,8666.4,15:20:00,8670.840764836532,4,75
2015-02-06,8667.95,8668.05,8666.75,8667.55,15:25:00,8670.565453899719,4,76
2015-02-09,8584.4,8584.4,8584.4,8584.4,09:10:00,8662.359220194983,0,1
2015-02-09,8592.3,8592.3,8579.4,8584.4,09:15:00,8655.686913509746,0,2
2015-02-09,8598.0,8602.55,8590.75,8590.75,09:20:00,8650.192921746913,0,3
2015-02-09,8585.0,8597.0,8585.0,8597.0,09:25:00,8643.98407205673,0,4
2015-02-09,8590.05,8590.85,8585.6,8585.6,09:30:00,8638.847493765612,0,5
2015-02-09,8587.2,8587.2,8574.8,8578.45,09:35:00,8633.928684835553,0,6
2015-02-09,8586.5,8593.0,8586.5,8590.3,09:40:00,8629.411667232167,0,7
2015-02-09,8587.65,8587.65,8584.7,8586.6,09:45:00,8625.434365591007,0,8
2015-02-09,8579.55,8586.4,8578.95,8586.4,09:50:00,8621.064426010911,0,9
2015-02-09,8571.5,8571.75,8567.95,8570.9,09:55:00,8616.344004486062,0,10
2015-02-09,8556.5,8569.7,8556.2,8569.7,10:00:00,8610.64457548739,0,11
2015-02-09,8564.55,8565.0,8552.4,8552.4,10:05:00,8606.254615917162,0,12
2015-02-09,8561.3,8563.35,8556.7,8556.7,10:10:00,8601.973223925052,0,13
2015-02-09,8562.2,8564.0,8551.9,8563.45,10:15:00,8598.185297836952,0,14
2015-02-09,8567.45,8567.45,8554.35,8554.35,10:20:00,8595.258126614384,0,15
2015-02-09,8575.55,8575.55,8570.3,8572.35,10:25:00,8593.38116217492,0,16
2015-02-09,8566.5,8576.45,8565.75,8574.95,10:30:00,8590.821051491594,0,17
2015-02-09,8571.75,8572.6,8565.95,8565.95,10:35:00,8589.004760873346,0,18
2015-02-09,8565.95,8568.3,8565.95,8568.15,10:40:00,8586.809069361598,0,19
2015-02-09,8570.45,8570.45,8564.55,8564.55,10:45:00,8585.251062755731,0,20
2015-02-09,8572.0,8572.0,8566.9,8570.15,10:50:00,8583.989056778995,0,21
2015-02-09,8571.6,8573.7,8570.15,8573.4,10:55:00,8582.809146609567,0,22
2015-02-09,8570.1,8572.2,8568.0,8568.0,11:00:00,8581.59875169437,0,23
2015-02-09,8560.65,8566.5,8559.1,8566.5,11:05:00,8579.603632485381,0,24
2015-02-09,8563.05,8563.7,8557.7,8557.7,11:10:00,8578.027096058202,0,25
2015-02-09,8563.15,8563.15,8555.75,8556.75,11:15:00,8576.610229766944,0,26
2015-02-09,8564.35,8566.95,8563.15,8563.15,11:20:00,8575.442588836759,0,27
2015-02-09,8577.25,8578.95,8574.95,8578.95,11:25:00,8575.614723233259,0,28
2015-02-09,8575.1,8580.4,8572.65,8580.0,11:30:00,8575.565701972948,0,29
2015-02-09,8577.55,8580.15,8574.6,8574.6,11:35:00,8575.75468273743,0,30
2015-02-09,8577.8,8578.3,8574.7,8577.4,11:40:00,8575.949474857674,0,31
2015-02-09,8576.45,8581.45,8576.45,8577.3,11:45:00,8575.997143918848,0,32
2015-02-09,8571.85,8576.2,8571.85,8574.1,11:50:00,8575.602177831339,0,33
2015-02-09,8577.65,8578.55,8576.3,8576.3,11:55:00,8575.797208514068,0,34
2015-02-09,8575.6,8577.55,8574.55,8577.55,12:00:00,8575.778426750823,0,35
2015-02-09,8567.2,8574.5,8567.2,8574.5,12:05:00,8574.961433726936,0,36
2015-02-09,8565.3,8573.2,8565.3,8567.65,12:10:00,8574.041297181513,0,37
2015-02-09,8565.9,8565.95,8564.2,8565.5,12:15:00,8573.265935545178,0,38
2015-02-09,8568.3,8570.4,8566.6,8570.4,12:20:00,8572.79298930278,0,39
2015-02-09,8574.1,8574.1,8567.25,8569.8,12:25:00,8572.917466512039,0,40
2015-02-09,8572.7,8572.7,8569.9,8572.55,12:30:00,8572.896755415655,0,41
2015-02-09,8578.05,8578.05,8575.6,8575.6,12:35:00,8573.387540614165,0,42
2015-02-09,8576.5,8580.3,8576.5,8576.8,12:40:00,8573.683965317578,0,43
2015-02-09,8585.55,8585.55,8577.0,8577.0,12:45:00,8574.814063858761,0,44
2015-02-09,8584.15,8588.0,8581.4,8588.0,12:50:00,8575.703200634118,0,45
2015-02-09,8587.7,8589.15,8585.1,8585.1,12:55:00,8576.845752954678,0,46
2015-02-09,8581.5,8587.2,8581.5,8587.2,13:00:00,8577.289014578042,0,47
2015-02-09,8577.6,8579.8,8576.85,8579.8,13:05:00,8577.318632237277,0,48
2015-02-09,8582.45,8582.55,8581.7,8581.7,13:10:00,8577.807333928966,0,49
2015-02-09,8586.15,8588.15,8582.3,8582.3,13:15:00,8578.601873554779,0,50
2015-02-09,8589.55,8590.2,8586.65,8587.9,13:20:00,8579.644552263848,0,51
2015-02-09,8580.3,8589.7,8580.3,8589.7,13:25:00,8579.706975857767,0,52
2015-02-09,8582.7,8588.55,8579.55,8579.55,13:30:00,8579.992025776075,0,53
2015-02-09,8580.65,8588.0,8580.65,8582.1,13:35:00,8580.054689987877,0,54
2015-02-09,8577.75,8581.85,8577.75,8579.9,13:40:00,8579.835195703317,0,55
2015-02-09,8570.55,8574.35,8569.0,8574.35,13:45:00,8578.95089135062,0,56
2015-02-09,8566.05,8570.65,8565.0,8566.4,13:50:00,8577.722235031513,0,57
2015-02-09,8570.1,8570.1,8567.9,8568.6,13:55:00,8576.996307885654,0,58
2015-02-09,8566.15,8567.5,8561.0,8567.5,14:00:00,8575.963326182258,0,59
2015-02-09,8571.05,8571.55,8570.1,8570.3,14:05:00,8575.495390355376,0,60
2015-02-09,8568.35,8569.8,8563.45,8569.8,14:10:00,8574.814876988197,0,61
2015-02-09,8565.4,8567.25,8562.85,8564.55,14:15:00,8573.91822203694,0,62
2015-02-09,8556.7,8564.7,8556.7,8564.7,14:20:00,8572.278391366755,0,63
2015-02-09,8562.55,8562.55,8552.3,8554.7,14:25:00,8571.351877903255,0,64
2015-02-09,8547.95,8561.35,8547.95,8561.35,14:30:00,8569.123127626754,0,65
2015-02-09,8554.3,8555.4,8548.9,8548.9,14:35:00,8567.71140118611,0,66
2015-02-09,8545.25,8555.4,8545.25,8555.4,14:40:00,8565.572220120766,0,67
2015-02-09,8561.4,8561.4,8549.6,8549.6,14:45:00,8565.17486582355,0,68
2015-02-09,8562.15,8562.15,8554.85,8554.85,14:50:00,8564.886783364163,0,69
2015-02-09,8546.8,8561.25,8545.85,8561.25,14:55:00,8563.164232567577,0,70
2015-02-09,8540.95,8546.45,8540.95,8546.45,15:00:00,8561.048591370665,0,71
2015-02-09,8525.25,8544.1,8525.25,8544.1,15:05:00,8557.639201716316,0,72
2015-02-09,8526.0,8527.0,8522.75,8522.75,15:10:00,8554.62594441,0,73
2015-02-09,8522.85,8525.65,8518.65,8525.65,15:15:00,8551.59966399,0,74
2015-02-09,8528.7,8528.7,8526.5,8526.5,15:20:00,8549.41874361,0,75
2015-02-09,8519.25,8529.1,8519.25,8529.1,15:25:00,8546.545529932857,0,76
2015-02-10,8478.1,8478.1,8478.1,8478.1,09:10:00,8540.02690803449,1,1
2015-02-10,8521.1,8528.55,8478.1,8478.1,09:15:00,8538.224345364539,1,2
2015-02-10,8548.85,8563.3,8534.4,8534.4,09:20:00,8539.236312472678,1,3
2015-02-10,8552.05,8559.65,8543.6,8546.65,09:25:00,8540.456663665756,1,4
2015-02-10,8550.9,8550.95,8544.95,8544.95,09:30:00,8541.45126712616,1,5
2015-02-10,8557.35,8557.35,8547.6,8551.35,09:35:00,8542.965432161764,1,6
2015-02-10,8581.5,8581.5,8564.55,8564.55,09:40:00,8546.6353910035,1,7
2015-02-10,8600.55,8600.55,8574.85,8581.05,09:45:00,8551.770115669833,1,8
2015-02-10,8587.2,8610.45,8587.2,8610.45,09:50:00,8555.144390367945,1,9
2015-02-10,8584.85,8591.95,8584.85,8591.25,09:55:00,8557.973496047189,1,10
2015-02-10,8562.65,8586.7,8562.65,8586.7,10:00:00,8558.418877376027,1,11
2015-02-10,8573.05,8573.05,8566.7,8568.25,10:05:00,8559.812317625929,1,12
2015-02-10,8587.15,8587.15,8578.45,8582.85,10:10:00,8562.41590642346,1,13
2015-02-10,8579.6,8590.05,8579.6,8584.25,10:15:00,8564.052486764082,1,14
2015-02-10,8589.1,8591.2,8582.4,8583.15,10:20:00,8566.437964215122,1,15
2015-02-10,8585.4,8591.75,8585.4,8591.75,10:25:00,8568.24387238511,1,16
2015-02-10,8590.35,8595.3,8583.6,8583.6,10:30:00,8570.349217872243,1,17
2015-02-10,8598.35,8598.35,8592.4,8592.4,10:35:00,8573.015959027267,1,18
2015-02-10,8606.8,8607.25,8599.55,8599.55,10:40:00,8576.233486738955,1,19
2015-02-10,8603.2,8603.2,8599.55,8600.9,10:45:00,8578.80172609715,1,20
2015-02-10,8593.85,8602.55,8593.45,8602.1,10:50:00,8580.23489504028,1,21
2015-02-10,8599.7,8601.75,8596.15,8596.15,10:55:00,8582.088714560254,1,22
2015-02-10,8597.5,8601.05,8596.5,8598.1,11:00:00,8583.556456030705,1,23
2015-02-10,8604.35,8604.35,8593.1,8593.1,11:05:00,8585.53679355159,1,24
2015-02-10,8601.6,8604.55,8600.1,8604.55,11:10:00,8587.066622737153,1,25
2015-02-10,8620.6,8620.6,8599.6,8600.8,11:15:00,8590.260277714568,1,26
2015-02-10,8621.5,8631.3,8621.5,8631.3,11:20:00,8593.235489360799,1,27
2015-02-10,8634.0,8634.0,8627.6,8631.25,11:25:00,8597.11782370739,1,28
2015-02-10,8640.2,8644.15,8632.5,8632.5,11:30:00,8601.22088811621,1,29
2015-02-10,8629.4,8640.5,8629.4,8640.5,11:35:00,8603.904613057523,1,30
2015-02-10,8622.35,8625.4,8621.7,8625.4,11:40:00,8605.661316575854,1,31
2015-02-10,8624.2,8624.75,8612.0,8624.75,11:45:00,8607.42690547339,1,32
2015-02-10,8612.7,8623.5,8610.9,8623.5,11:50:00,8607.929104952116,1,33
2015-02-10,8611.7,8618.7,8611.7,8614.2,11:55:00,8608.28823781382,1,34
2015-02-10,8603.35,8614.5,8602.7,8614.5,12:00:00,8607.817929450599,1,35
2015-02-10,8595.9,8601.3,8594.0,8600.8,12:05:00,8606.682888550542,1,36
2015-02-10,8576.4,8595.7,8576.4,8595.7,12:10:00,8603.79880392668,1,37
2015-02-10,8569.55,8583.4,8569.55,8581.95,12:15:00,8600.53701307652,1,38
2015-02-10,8572.3,8572.3,8559.0,8561.2,12:20:00,8597.847773735899,1,39
2015-02-10,8580.2,8582.7,8572.6,8572.6,12:25:00,8596.1670333801,1,40
2015-02-10,8582.85,8582.85,8571.65,8579.4,12:30:00,8594.898744486756,1,41
2015-02-10,8577.65,8584.05,8577.65,8581.45,12:35:00,8593.256006916588,1,42
2015-02-10,8578.8,8581.0,8577.45,8578.5,12:40:00,8591.879244353104,1,43
2015-02-10,8587.25,8593.3,8578.2,8578.2,12:45:00,8591.438363938523,1,44
2015-02-10,8584.6,8594.25,8584.6,8592.05,12:50:00,8590.787091182474,1,45
2015-02-10,8582.55,8590.3,8582.55,8585.15,12:55:00,8590.002606307953,1,46
2015-02-10,8573.6,8587.45,8573.6,8583.35,13:00:00,8588.440453326244,1,47
2015-02-10,8569.05,8578.6,8569.05,8572.35,13:05:00,8586.59374348565,1,48
2015-02-10,8574.5,8574.5,8565.0,8571.05,13:10:00,8585.441958391777,1,49
2015-02-10,8571.0,8574.2,8569.2,8569.2,13:15:00,8584.066533783036,1,50
2015-02-10,8569.55,8573.2,8569.3,8573.2,13:20:00,8582.68400675608,1,51
2015-02-10,8566.7,8568.8,8565.65,8565.65,13:25:00,8581.161720398359,1,52
2015-02-10,8557.95,8563.45,8557.0,8557.1,13:30:00,8578.951080360419,1,53
2015-02-10,8549.4,8560.75,8549.4,8560.75,13:35:00,8576.136691754664,1,54
2015-02-10,8544.4,8552.3,8539.65,8552.3,13:40:00,8573.114149682791,1,55
2015-02-10,8555.95,8562.15,8552.65,8552.85,13:45:00,8571.47946876062,1,56
2015-02-10,8546.15,8556.75,8546.15,8555.65,13:50:00,8569.067138402466,1,57
2015-02-10,8534.05,8541.45,8534.05,8541.45,13:55:00,8565.732172840328,1,58
2015-02-10,8520.5,8529.3,8514.9,8527.2,14:00:00,8561.424346855534,1,59
2015-02-10,8492.9,8508.5,8491.7,8508.5,14:05:00,8554.89821858358,1,60
2015-02-10,8501.85,8501.85,8476.9,8486.2,14:10:00,8549.846007289905,1,61
2015-02-10,8496.95,8500.65,8490.45,8494.85,14:15:00,8544.808292309914,1,62
2015-02-10,8495.25,8504.5,8486.8,8504.5,14:20:00,8540.088454947065,1,63
2015-02-10,8499.25,8499.25,8485.4,8486.05,14:25:00,8536.19907828544,1,64
2015-02-10,8513.3,8516.1,8504.35,8504.35,14:30:00,8534.018213686826,1,65
2015-02-10,8532.4,8534.6,8518.1,8518.1,14:35:00,8533.864098097605,1,66
2015-02-10,8535.85,8544.8,8533.75,8544.8,14:40:00,8534.053231612119,1,67
2015-02-10,8551.3,8561.95,8541.9,8541.9,14:45:00,8535.695780982393,1,68
2015-02-10,8568.7,8568.7,8553.65,8554.7,14:50:00,8538.83903993645,1,69
2015-02-10,8565.65,8579.0,8562.4,8578.0,14:55:00,8541.392464704408,1,70
2015-02-10,8576.4,8576.4,8570.2,8570.2,15:00:00,8544.72651568494,1,71
2015-02-10,8563.8,8578.75,8563.8,8568.35,15:05:00,8546.54303800066,1,72
2015-02-10,8561.75,8565.7,8559.3,8565.05,15:10:00,8547.991320095836,1,73
2015-02-10,8563.1,8563.1,8552.2,8552.2,15:15:00,8549.430241991471,1,74
2015-02-10,8571.15,8571.15,8563.7,8563.9,15:20:00,8551.498790373236,1,75
2015-02-10,8571.05,8574.75,8566.65,8574.75,15:25:00,8553.36081033769,1,76
2015-02-11,8603.3,8603.3,8603.3,8603.3,09:10:00,8558.116923638861,2,1
2015-02-11,8607.6,8612.7,8603.3,8603.3,09:15:00,8562.829597578018,2,2
2015-02-11,8619.9,8619.9,8610.4,8610.65,09:20:00,8568.26487399916,2,3
2015-02-11,8610.75,8614.4,8609.1,8614.4,09:25:00,8572.311076475431,2,4
2015-02-11,8609.35,8609.35,8600.25,8608.05,09:30:00,8575.83859300158,2,5
2015-02-11,8609.45,8611.95,8608.75,8611.95,09:35:00,8579.039679382382,2,6
2015-02-11,8611.85,8611.85,8608.45,8610.5,09:40:00,8582.164471822154,2,7
2015-02-11,8599.25,8610.05,8599.25,8610.05,09:45:00,8583.791664981949,2,8
2015-02-11,8597.9,8600.6,8596.8,8596.8,09:50:00,8585.13531593605,2,9
2015-02-11,8604.0,8604.55,8598.95,8601.6,09:55:00,8586.931952513569,2,10
2015-02-11,8610.4,8612.8,8607.0,8607.0,10:00:00,8589.167004655133,2,11
2015-02-11,8608.0,8608.5,8606.1,8608.0,10:05:00,8590.960623259407,2,12
2015-02-11,8609.9,8609.9,8606.4,8608.9,10:10:00,8592.764373425178,2,13
2015-02-11,8615.55,8615.55,8609.8,8609.8,10:15:00,8594.93443309897,2,14
2015-02-11,8625.4,8629.1,8625.4,8626.15,10:20:00,8597.835915660973,2,15
2015-02-11,8623.95,8624.15,8621.4,8624.15,10:25:00,8600.32297131231,2,16
2015-02-11,8616.0,8622.65,8616.0,8622.65,10:30:00,8601.816021663519,2,17
2015-02-11,8622.8,8622.8,8615.65,8617.85,10:35:00,8603.814495790803,2,18
2015-02-11,8612.05,8620.85,8612.05,8620.85,10:40:00,8604.598829525012,2,19
2015-02-11,8601.85,8608.4,8596.4,8608.4,10:45:00,8604.337036236915,2,20
2015-02-11,8601.75,8603.65,8596.45,8603.65,10:50:00,8604.0906518334,2,21
2015-02-11,8606.65,8606.65,8602.75,8603.75,10:55:00,8604.334399277837,2,22
2015-02-11,8607.45,8608.1,8602.8,8608.1,11:00:00,8604.63112315614,2,23
2015-02-11,8614.2,8614.75,8607.5,8607.5,11:05:00,8605.542444760316,2,24
2015-02-11,8612.4,8612.9,8611.25,8612.9,11:10:00,8606.195545259334,2,25
2015-02-11,8606.45,8610.25,8606.35,8607.55,11:15:00,8606.219779044159,2,26
2015-02-11,8603.65,8606.95,8602.6,8606.95,11:20:00,8605.97503818281,2,27
2015-02-11,8605.05,8605.3,8602.2,8602.2,11:25:00,8605.886939308257,2,28
2015-02-11,8616.75,8616.75,8603.75,8603.75,11:30:00,8606.921516516995,2,29
2015-02-11,8614.75,8615.35,8614.5,8615.35,11:35:00,8607.66708637252,2,30
2015-02-11,8609.6,8614.4,8606.25,8614.4,11:40:00,8607.85117338466,2,31
2015-02-11,8613.15,8613.15,8609.35,8610.25,11:45:00,8608.355823538503,2,32
2015-02-11,8611.35,8613.95,8611.35,8612.2,11:50:00,8608.640983201502,2,33
2015-02-11,8611.95,8612.75,8609.2,8610.8,11:55:00,8608.956127658501,2,34
2015-02-11,8612.95,8613.35,8610.9,8610.9,12:00:00,8609.33649645293,2,35
2015-02-11,8616.65,8623.5,8616.65,8623.5,12:05:00,8610.033020600269,2,36
2015-02-11,8619.2,8619.2,8615.55,8617.75,12:10:00,8610.906066257387,2,37
2015-02-11,8616.0,8620.2,8615.85,8618.35,12:15:00,8611.391202804303,2,38
2015-02-11,8616.0,8619.2,8616.0,8617.7,12:20:00,8611.830135870561,2,39
2015-02-11,8621.45,8621.6,8618.3,8618.3,12:25:00,8612.746313406698,2,40
2015-02-11,8621.2,8622.85,8619.5,8621.75,12:30:00,8613.551426415585,2,41
2015-02-11,8622.1,8626.65,8622.1,8626.65,12:35:00,8614.365576280767,2,42
2015-02-11,8621.65,8625.25,8619.55,8623.45,12:40:00,8615.059330920694,2,43
2015-02-11,8618.9,8618.9,8613.7,8617.5,12:45:00,8615.425108928248,2,44
2015-02-11,8618.3,8618.3,8615.6,8616.85,12:50:00,8615.698908077939,2,45
2015-02-11,8616.1,8616.9,8615.95,8616.25,12:55:00,8615.73710730861,2,46
2015-02-11,8617.7,8619.25,8617.7,8619.25,13:00:00,8615.924049469695,2,47
2015-02-11,8640.3,8640.3,8620.55,8620.55,13:05:00,8618.24556856782,2,48
2015-02-11,8635.5,8641.0,8632.75,8641.0,13:10:00,8619.888847751836,2,49
2015-02-11,8641.3,8641.3,8636.25,8637.7,13:15:00,8621.928005108804,2,50
2015-02-11,8642.05,8649.15,8642.05,8645.9,13:20:00,8623.844385574632,2,51
2015-02-11,8635.7,8646.7,8634.65,8638.5,13:25:00,8624.973491710381,2,52
2015-02-11,8619.1,8637.3,8619.1,8637.0,13:30:00,8624.414111547489,2,53
2015-02-11,8610.55,8619.7,8606.75,8619.7,13:35:00,8623.093719971537,2,54
2015-02-11,8619.85,8619.85,8613.35,8613.95,13:40:00,8622.784794259962,2,55
2015-02-11,8614.4,8619.3,8614.4,8618.9,13:45:00,8621.986242425679,2,56
2015-02-11,8622.2,8628.45,8617.95,8622.55,13:50:00,8622.0066002899,2,57
2015-02-11,8625.35,8627.9,8622.5,8622.9,13:55:00,8622.32501930991,2,58
2015-02-11,8615.8,8628.3,8614.05,8623.75,14:00:00,8621.703588899441,2,59
2015-02-11,8621.05,8624.0,8621.05,8621.7,14:05:00,8621.641342337589,2,60
2015-02-11,8624.55,8627.65,8624.1,8624.1,14:10:00,8621.918357353057,2,61
2015-02-11,8630.05,8632.5,8627.9,8627.9,14:15:00,8622.692799509909,2,62
2015-02-11,8627.75,8628.5,8625.2,8627.55,14:20:00,8623.174437651822,2,63
2015-02-11,8641.75,8642.3,8628.25,8628.25,14:25:00,8624.94353882784,2,64
2015-02-11,8630.55,8640.2,8630.4,8640.2,14:30:00,8625.477487510903,2,65
2015-02-11,8631.9,8633.6,8631.9,8632.0,14:35:00,8626.089155367008,2,66
2015-02-11,8639.4,8641.25,8635.7,8635.7,14:40:00,8627.356854855865,2,67
2015-02-11,8641.25,8647.1,8641.25,8642.5,14:45:00,8628.680011536258,2,68
2015-02-11,8641.4,8646.1,8640.7,8640.7,14:50:00,8629.891439008996,2,69
2015-02-11,8633.9,8646.35,8633.9,8644.65,14:55:00,8630.273206722424,2,70
2015-02-11,8630.1,8635.0,8627.1,8635.0,15:00:00,8630.256710844098,2,71
2015-02-11,8618.75,8634.35,8618.75,8634.35,15:05:00,8629.16083362085,2,72
2015-02-11,8621.0,8628.05,8620.1,8626.7,15:10:00,8628.383611371246,2,73
2015-02-11,8628.1,8629.05,8624.2,8624.2,15:15:00,8628.35660076446,2,74
2015-02-11,8631.0,8631.0,8627.7,8627.7,15:20:00,8628.608353072606,2,75
2015-02-11,8633.05,8633.05,8627.45,8629.3,15:25:00,8629.03136706569,2,76
2015-02-12,8676.95,8676.95,8676.95,8676.95,09:10:00,8633.595046392767,3,1
2015-02-12,8665.0,8676.95,8658.65,8676.95,09:15:00,8636.58599435536,3,2
2015-02-12,8662.9,8670.95,8657.6,8662.0,09:20:00,8639.09209013104,3,3
2015-02-12,8649.55,8662.65,8649.55,8661.2,09:25:00,8640.088081547132,3,4
2015-02-12,8634.3,8655.1,8634.3,8652.3,09:30:00,8639.5368356855,3,5
2015-02-12,8645.05,8645.05,8631.25,8635.5,09:35:00,8640.061898953547,3,6
2015-02-12,8642.75,8642.95,8638.3,8638.3,09:40:00,8640.317908577019,3,7
2015-02-12,8640.85,8642.1,8631.85,8642.1,09:45:00,8640.368583950636,3,8
2015-02-12,8638.0,8640.6,8633.95,8640.6,09:50:00,8640.143004526766,3,9
2015-02-12,8649.4,8649.4,8642.7,8642.7,09:55:00,8641.024623143265,3,10
2015-02-12,8648.45,8648.45,8643.0,8647.5,10:00:00,8641.731801891525,3,11
2015-02-12,8638.75,8648.7,8638.75,8648.5,10:05:00,8641.447820758998,3,12
2015-02-12,8630.3,8634.25,8624.9,8634.25,10:10:00,8640.386123543854,3,13
2015-02-12,8620.5,8634.5,8620.5,8634.5,10:15:00,8638.492207015868,3,14
2015-02-12,8626.95,8626.95,8616.7,8619.5,10:20:00,8637.392949204834,3,15
2015-02-12,8629.3,8637.15,8629.3,8629.9,10:25:00,8636.622192137707,3,16
2015-02-12,8634.35,8636.95,8632.0,8632.0,10:30:00,8636.405792886497,3,17
2015-02-12,8635.25,8636.15,8633.1,8636.15,10:35:00,8636.295717373498,3,18
2015-02-12,8628.75,8634.7,8627.15,8634.7,10:40:00,8635.57707762364,3,19
2015-02-12,8625.3,8631.25,8624.0,8630.3,10:45:00,8634.59830832615,3,20
2015-02-12,8635.5,8636.95,8628.1,8628.1,10:50:00,8634.68418372366,3,21
2015-02-12,8631.25,8639.0,8631.25,8639.0,10:55:00,8634.357118607122,3,22
2015-02-12,8629.15,8632.95,8626.85,8627.65,11:00:00,8633.861202549302,3,23
2015-02-12,8634.05,8634.9,8630.95,8630.95,11:05:00,8633.879183258892,3,24
2015-02-12,8629.8,8632.05,8629.7,8632.05,11:10:00,8633.490689615188,3,25
2015-02-12,8630.35,8632.0,8629.1,8629.1,11:15:00,8633.191576318502,3,26
2015-02-12,8624.35,8627.3,8621.2,8627.3,11:20:00,8632.349521431026,3,27
2015-02-12,8621.25,8623.6,8619.35,8623.6,11:25:00,8631.292424151881,3,28
2015-02-12,8606.85,8617.9,8601.0,8617.9,11:30:00,8628.964574232656,3,29
2015-02-12,8610.5,8611.65,8602.5,8606.35,11:35:00,8627.206043353355,3,30
2015-02-12,8607.7,8616.3,8607.7,8612.25,11:40:00,8625.34832493875,3,31
2015-02-12,8609.1,8609.1,8603.2,8606.4,11:45:00,8623.800865420773,3,32
2015-02-12,8612.85,8612.85,8607.3,8607.3,11:50:00,8622.757925856891,3,33
2015-02-12,8615.35,8615.35,8611.45,8611.45,11:55:00,8622.052409108615,3,34
2015-02-12,8610.85,8616.8,8610.85,8616.15,12:00:00,8620.985513003034,3,35
2015-02-12,8609.2,8615.35,8605.2,8615.35,12:05:00,8619.86308319322,3,36
2015-02-12,8609.15,8609.15,8604.05,8605.65,12:10:00,8618.84278955577,3,37
2015-02-12,8610.7,8615.85,8610.45,8613.35,12:15:00,8618.067285788555,3,38
2015-02-12,8615.05,8615.05,8612.95,8614.2,12:20:00,8617.779925237264,3,39
2015-02-12,8612.55,8614.65,8612.5,8614.65,12:25:00,8617.28183711943,3,40
2015-02-12,8608.35,8616.35,8608.35,8615.35,12:30:00,8616.431185965199,3,41
2015-02-12,8609.2,8614.65,8603.9,8603.9,12:35:00,8615.742501587561,3,42
2015-02-12,8613.9,8613.9,8609.4,8611.5,12:40:00,8615.56702524589,3,43
2015-02-12,8611.5,8615.0,8608.45,8615.0,12:45:00,8615.179689508186,3,44
2015-02-12,8613.15,8614.1,8610.65,8614.1,12:50:00,8614.986385745502,3,45
2015-02-12,8607.3,8612.6,8607.3,8612.6,12:55:00,8614.254349007835,3,46
2015-02-12,8610.4,8610.4,8605.85,8607.0,13:00:00,8613.887268149945,3,47
2015-02-12,8604.85,8610.4,8604.85,8610.4,13:05:00,8613.026575945189,3,48
2015-02-12,8611.0,8611.0,8606.5,8606.5,13:10:00,8612.833568712313,3,49
2015-02-12,8621.15,8621.15,8610.75,8611.9,13:15:00,8613.62560978733,3,50
2015-02-12,8620.35,8623.15,8617.8,8618.95,13:20:00,8614.266027902822,3,51
2015-02-12,8620.0,8624.3,8618.75,8621.25,13:25:00,8614.812120483506,3,52
2015-02-12,8619.8,8621.35,8618.25,8619.0,13:30:00,8615.287156627934,3,53
2015-02-12,8624.4,8627.15,8618.8,8618.8,13:35:00,8616.155046472892,3,54
2015-02-12,8625.75,8629.8,8621.45,8622.0,13:40:00,8617.068851570712,3,55
2015-02-12,8626.1,8630.2,8626.1,8627.95,13:45:00,8617.92896094493,3,56
2015-02-12,8638.55,8638.55,8626.15,8626.15,13:50:00,8619.892869426365,3,57
2015-02-12,8630.8,8638.2,8630.75,8638.2,13:55:00,8620.931643766711,3,58
2015-02-12,8640.65,8642.55,8632.2,8632.2,14:00:00,8622.809582455595,3,59
2015-02-12,8634.4,8640.95,8634.4,8640.95,14:05:00,8623.91343174554,3,60
2015-02-12,8652.5,8652.5,8637.75,8637.75,14:10:00,8626.635962055487,3,61
2015-02-12,8665.5,8665.5,8650.2,8650.2,14:15:00,8630.337299002584,3,62
2015-02-12,8655.6,8657.25,8649.5,8656.3,14:20:00,8632.743270526147,3,63
2015-02-12,8648.25,8652.4,8648.25,8651.85,14:25:00,8634.22010190461,3,64
2015-02-12,8652.1,8653.75,8649.9,8650.2,14:30:00,8635.922949342266,3,65
2015-02-12,8658.1,8666.05,8655.75,8655.75,14:35:00,8638.035049404907,3,66
2015-02-12,8678.45,8678.45,8665.25,8666.9,14:40:00,8641.884092318725,3,67
2015-02-12,8687.55,8687.55,8678.7,8682.0,14:45:00,8646.233226383609,3,68
2015-02-12,8681.85,8687.65,8680.45,8687.65,14:50:00,8649.62530006136,3,69
2015-02-12,8677.65,8682.8,8677.65,8681.6,14:55:00,8652.294319103134,3,70
2015-02-12,8686.4,8686.4,8680.95,8681.5,15:00:00,8655.542479188549,3,71
2015-02-12,8707.55,8707.55,8689.5,8689.5,15:05:00,8660.495576408686,3,72
2015-02-12,8724.3,8724.3,8713.25,8714.75,15:10:00,8666.572188179289,3,73
2015-02-12,8720.65,8721.0,8714.15,8721.0,15:15:00,8671.722455971738,3,74
2015-02-12,8721.2,8721.55,8717.7,8717.7,15:20:00,8676.43460302205,3,75
2015-02-12,8724.95,8724.95,8721.55,8721.55,15:25:00,8681.05511701995,3,76
2015-02-13,8741.5,8741.5,8741.5,8741.5,09:10:00,8686.81177254186,4,1
2015-02-13,8748.25,8748.25,8733.9,8741.5,09:15:00,8692.663032299777,4,2
2015-02-13,8736.3,8748.55,8736.3,8748.4,09:20:00,8696.818933985513,4,3
2015-02-13,8746.25,8752.05,8741.2,8741.2,09:25:00,8701.52665455832,4,4
2015-02-13,8757.85,8757.85,8747.6,8747.6,09:30:00,8706.890782695624,4,5
2015-02-13,8749.5,8759.45,8749.5,8759.45,09:35:00,8710.948803391278,4,6
2015-02-13,8764.5,8764.5,8752.1,8752.1,09:40:00,8716.048917354014,4,7
2015-02-13,8760.3,8763.4,8757.5,8760.95,09:45:00,8720.263306177441,4,8
2015-02-13,8761.5,8764.0,8757.9,8761.15,09:50:00,8724.190610351017,4,9
2015-02-13,8763.8,8764.45,8759.95,8764.45,09:55:00,8727.962933174731,4,10
2015-02-13,8757.55,8763.25,8756.3,8763.0,10:00:00,8730.780749062851,4,11
2015-02-13,8756.35,8756.35,8750.15,8753.5,10:05:00,8733.21591581877,4,12
2015-02-13,8756.7,8756.7,8752.85,8754.7,10:10:00,8735.4524952646,4,13
2015-02-13,8753.55,8759.65,8753.55,8754.45,10:15:00,8737.176067144163,4,14
2015-02-13,8752.65,8758.1,8751.3,8758.1,10:20:00,8738.649775035195,4,15
2015-02-13,8749.4,8755.4,8749.1,8753.2,10:25:00,8739.673605984224,4,16
2015-02-13,8751.65,8751.65,8745.25,8747.65,10:30:00,8740.814214938107,4,17
2015-02-13,8755.8,8756.45,8750.75,8750.75,10:35:00,8742.241432563049,4,18
2015-02-13,8747.75,8752.4,8747.75,8748.5,10:40:00,8742.766058033234,4,19
2015-02-13,8746.6,8752.9,8745.5,8752.9,10:45:00,8743.131195363403,4,20
2015-02-13,8745.25,8747.65,8743.6,8743.6,10:50:00,8743.332986281173,4,21
2015-02-13,8738.75,8746.7,8738.75,8743.75,10:55:00,8742.896511397252,4,22
2015-02-13,8743.2,8743.2,8736.95,8736.95,11:00:00,8742.925415073703,4,23
2015-02-13,8748.05,8748.05,8746.6,8746.6,11:05:00,8743.41347078097,4,24
2015-02-13,8746.8,8746.8,8741.55,8745.6,11:10:00,8743.735997373258,4,25
2015-02-13,8744.25,8746.8,8744.25,8746.8,11:15:00,8743.784950004376,4,26
2015-02-13,8744.45,8744.45,8742.75,8742.75,11:20:00,8743.848288099196,4,27
2015-02-13,8749.1,8749.9,8743.15,8743.15,11:25:00,8744.348451137368,4,28
2015-02-13,8746.8,8750.85,8746.7,8749.35,11:30:00,8744.581931981429,4,29
2015-02-13,8749.7,8749.7,8747.6,8747.6,11:35:00,8745.069367030817,4,30
2015-02-13,8753.2,8753.2,8749.2,8749.2,11:40:00,8745.843713027883,4,31
2015-02-13,8751.0,8755.25,8749.5,8755.25,11:45:00,8746.334787977608,4,32
2015-02-13,8756.1,8756.1,8751.0,8753.35,11:50:00,8747.264808170217,4,33
2015-02-13,8767.1,8767.1,8759.65,8759.65,11:55:00,8749.153874058768,4,34
2015-02-13,8778.1,8778.1,8763.85,8763.85,12:00:00,8751.910647957933,4,35
2015-02-13,8777.45,8778.6,8773.35,8778.6,12:05:00,8754.342967200035,4,36
2015-02-13,8763.35,8774.9,8763.35,8774.9,12:10:00,8755.20077984765,4,37
2015-02-13,8765.2,8773.2,8765.2,8769.05,12:15:00,8756.153086528826,4,38
2015-02-13,8761.85,8769.75,8761.85,8766.8,12:20:00,8756.695649716557,4,39
2015-02-13,8767.85,8769.4,8759.6,8759.6,12:25:00,8757.757968791171,4,40
2015-02-13,8771.3,8771.3,8768.05,8769.4,12:30:00,8759.047686049154,4,41
2015-02-13,8772.95,8772.95,8768.6,8769.2,12:35:00,8760.371715949235,4,42
2015-02-13,8778.8,8778.8,8773.65,8777.7,12:40:00,8762.126790620738,4,43
2015-02-13,8776.15,8778.55,8774.6,8778.5,12:45:00,8763.462334371145,4,44
2015-02-13,8775.35,8775.8,8773.7,8773.9,12:50:00,8764.594493002463,4,45
2015-02-13,8779.3,8779.6,8774.95,8774.95,12:55:00,8765.995017478419,4,46
2015-02-13,8792.65,8792.65,8784.4,8784.8,13:00:00,8768.533587242378,4,47
2015-02-13,8781.1,8792.7,8781.1,8789.25,13:05:00,8769.73038845739,4,48
2015-02-13,8779.6,8784.65,8779.6,8779.65,13:10:00,8770.67035146145,4,49
2015-02-13,8780.75,8780.75,8775.3,8775.3,13:15:00,8771.630317988931,4,50
2015-02-13,8782.85,8783.8,8780.75,8780.75,13:20:00,8772.698859132843,4,51
2015-02-13,8789.45,8789.45,8785.05,8785.4,13:25:00,8774.294205882095,4,52
2015-02-13,8788.65,8789.95,8781.6,8783.7,13:30:00,8775.661424369515,4,53
2015-02-13,8789.9,8789.9,8785.5,8787.3,13:35:00,8777.017479191465,4,54
2015-02-13,8792.8,8794.05,8788.65,8788.65,13:40:00,8778.520576411325,4,55
2015-02-13,8782.6,8791.3,8782.6,8791.3,13:45:00,8778.90909294358,4,56
2015-02-13,8787.75,8787.75,8782.3,8782.3,13:50:00,8779.751084091811,4,57
2015-02-13,8781.15,8789.4,8781.15,8789.4,13:55:00,8779.884314178305,4,58
2015-02-13,8784.8,8787.45,8781.55,8782.3,14:00:00,8780.352474732752,4,59
2015-02-13,8789.2,8789.2,8780.05,8780.05,14:05:00,8781.195096186775,4,60
2015-02-13,8798.05,8798.05,8787.45,8787.45,14:10:00,8782.800325121369,4,61
2015-02-13,8794.95,8799.25,8793.35,8799.25,14:15:00,8783.957437014571,4,62
2015-02-13,8797.5,8797.5,8793.05,8797.35,14:20:00,8785.247204917945,4,63
2015-02-13,8803.5,8804.25,8796.25,8796.25,14:25:00,8786.985566354331,4,64
2015-02-13,8800.05,8801.05,8797.55,8801.05,14:30:00,8788.229798130109,4,65
2015-02-13,8806.85,8810.35,8800.25,8800.25,14:35:00,8790.003150689146,4,66
2015-02-13,8810.45,8810.45,8804.15,8804.15,14:40:00,8791.950469671132,4,67
2015-02-13,8811.8,8814.85,8810.65,8810.65,14:45:00,8793.840901131025,4,68
2015-02-13,8814.35,8819.1,8813.25,8813.25,14:50:00,8795.794148642357,4,69
2015-02-13,8811.05,8813.75,8808.85,8813.75,14:55:00,8797.247086866895,4,70
2015-02-13,8821.6,8821.6,8809.8,8809.8,15:00:00,8799.566411927191,4,71
2015-02-13,8815.75,8819.7,8813.7,8819.7,15:05:00,8801.107706029363,4,72
2015-02-13,8807.0,8812.9,8804.35,8812.9,15:10:00,8801.66887688371,4,73
2015-02-13,8794.15,8808.0,8793.8,8808.0,15:15:00,8800.952793370976,4,74
2015-02-13,8796.4,8799.7,8791.85,8791.85,15:20:00,8800.51919400231,4,75
2015-02-13,8802.4,8802.4,8794.55,8794.55,15:25:00,8800.698318383043,4,76
2015-02-16,8831.4,8831.4,8831.4,8831.4,09:10:00,8803.62228806085,0,1
2015-02-16,8840.7,8841.65,8831.35,8831.4,09:15:00,8807.15349872172,0,2
2015-02-16,8833.8,8837.4,8828.1,8835.85,09:20:00,8809.691260748223,0,3
2015-02-16,8860.2,8860.2,8840.4,8840.4,09:25:00,8814.50161686744,0,4
2015-02-16,8866.65,8866.65,8854.45,8854.45,09:30:00,8819.46812954673,0,5
2015-02-16,8862.65,8868.6,8859.4,8859.4,09:35:00,8823.580688637518,0,6
2015-02-16,8853.85,8857.6,8853.85,8857.6,09:40:00,8826.46348019585,0,7
2015-02-16,8844.15,8854.15,8844.15,8853.95,09:45:00,8828.147910653388,0,8
2015-02-16,8848.1,8851.5,8844.25,8847.25,09:50:00,8830.04810963878,0,9
2015-02-16,8846.15,8849.95,8846.15,8849.95,09:55:00,8831.581623006514,0,10
2015-02-16,8848.45,8848.45,8842.1,8844.5,10:00:00,8833.188135101133,0,11
2015-02-16,8850.15,8851.45,8850.15,8850.6,10:05:00,8834.803550805786,0,12
2015-02-16,8860.2,8860.2,8849.7,8849.7,10:10:00,8837.222260252855,0,13
2015-02-16,8857.85,8862.7,8856.65,8861.7,10:15:00,8839.186806895439,0,14
2015-02-16,8855.1,8855.1,8852.85,8852.9,10:20:00,8840.702349095873,0,15
2015-02-16,8860.65,8861.8,8852.45,8852.45,10:25:00,8842.602125372456,0,16
2015-02-16,8863.35,8867.75,8863.35,8865.25,10:30:00,8844.57811343222,0,17
2015-02-16,8867.5,8867.5,8865.45,8865.45,10:35:00,8846.7611502482,0,18
2015-02-16,8863.55,8868.3,8863.55,8868.3,10:40:00,8848.3600883198,0,19
2015-02-16,8860.75,8862.05,8859.0,8862.05,10:45:00,8849.54007990839,0,20
2015-02-16,8852.25,8859.1,8852.25,8859.1,10:50:00,8849.798167536164,0,21
2015-02-16,8847.7,8851.15,8847.7,8851.15,10:55:00,8849.59834205653,0,22
2015-02-16,8849.6,8849.6,8846.05,8847.45,11:00:00,8849.598499955908,0,23
2015-02-16,8849.05,8850.2,8847.65,8849.95,11:05:00,8849.546261864869,0,24
2015-02-16,8845.45,8850.3,8845.45,8849.4,11:10:00,8849.156141687263,0,25
2015-02-16,8836.7,8846.0,8836.7,8846.0,11:15:00,8847.969842478951,0,26
2015-02-16,8833.75,8833.75,8833.75,8833.75,11:20:00,8846.61557176667,0,27
2015-02-16,8829.1,8836.1,8829.1,8831.95,11:45:00,8844.947422074605,0,28
2015-02-16,8827.4,8831.0,8827.4,8831.0,11:50:00,8843.27623901988,0,29
2015-02-16,8832.5,8832.5,8829.45,8830.75,11:55:00,8842.249930541797,0,30
2015-02-16,8841.25,8841.25,8827.7,8829.3,12:00:00,8842.154699061626,0,31
2015-02-16,8829.8,8842.15,8829.8,8841.45,12:05:00,8840.978061055757,0,32
2015-02-16,8823.4,8830.4,8823.4,8826.65,12:10:00,8839.303960002828,0,33
2015-02-16,8826.15,8827.85,8819.4,8822.8,12:15:00,8838.051201907321,0,34
2015-02-16,8834.65,8834.85,8826.45,8826.45,12:20:00,8837.727277916149,0,35
2015-02-16,8833.4,8837.65,8833.4,8833.4,12:25:00,8837.315156209848,0,36
2015-02-16,8834.35,8837.1,8833.65,8833.65,12:30:00,8837.032760380338,0,37
2015-02-16,8832.1,8833.85,8827.8,8833.85,12:35:00,8836.562973677448,0,38
2015-02-16,8828.75,8832.15,8828.75,8832.15,12:40:00,8835.818880946263,0,39
2015-02-16,8832.0,8833.2,8829.8,8830.8,12:45:00,8835.455177999,0,40
2015-02-16,8830.5,8830.5,8826.95,8830.1,12:50:00,8834.98325628481,0,41
2015-02-16,8829.5,8830.45,8828.3,8828.3,12:55:00,8834.461041400542,0,42
2015-02-16,8829.75,8833.55,8829.75,8831.35,13:00:00,8834.012370790966,0,43
2015-02-16,8823.6,8829.65,8818.6,8829.65,13:05:00,8833.02071642992,0,44
2015-02-16,8826.5,8828.6,8825.85,8826.7,13:10:00,8832.399695817547,0,45
2015-02-16,8825.65,8832.1,8825.65,8826.65,13:15:00,8831.756867644446,0,46
2015-02-16,8828.75,8828.75,8824.7,8826.8,13:20:00,8831.470499297357,0,47
2015-02-16,8832.05,8832.05,8826.85,8827.55,13:25:00,8831.525689840466,0,48
2015-02-16,8831.1,8832.4,8829.05,8829.4,13:30:00,8831.485147950898,0,49
2015-02-16,8826.85,8836.25,8826.85,8830.5,13:35:00,8831.043705288908,0,50
2015-02-16,8830.3,8834.35,8827.25,8827.4,13:40:00,8830.972876213775,0,51
2015-02-16,8831.5,8839.85,8831.5,8833.95,13:45:00,8831.02307847913,0,52
2015-02-16,8834.65,8835.85,8833.6,8834.95,13:50:00,8831.368499576356,0,53
2015-02-16,8841.6,8842.45,8839.25,8839.25,13:55:00,8832.34292818813,0,54
2015-02-16,8833.5,8842.05,8833.5,8842.05,14:00:00,8832.453125503547,0,55
2015-02-16,8834.25,8836.05,8829.25,8832.55,14:05:00,8832.624256407971,0,56
2015-02-16,8838.75,8838.75,8830.75,8832.45,14:10:00,8833.207660559592,0,57
2015-02-16,8839.75,8839.75,8835.95,8839.15,14:15:00,8833.830740506299,0,58
2015-02-16,8844.9,8846.75,8837.05,8837.05,14:20:00,8834.884955696174,0,59
2015-02-16,8844.45,8845.65,8840.8,8845.65,14:25:00,8835.795912296539,0,60
2015-02-16,8851.0,8855.5,8844.6,8844.6,14:30:00,8837.243920649249,0,61
2015-02-16,8850.4,8854.2,8848.5,8849.55,14:35:00,8838.496880587416,0,62
2015-02-16,8841.8,8849.05,8840.75,8849.05,14:40:00,8838.811463388614,0,63
2015-02-16,8839.25,8844.5,8839.15,8839.15,14:45:00,8838.853228780175,0,64
2015-02-16,8839.55,8840.9,8833.85,8840.9,14:50:00,8838.919587943969,0,65
2015-02-16,8840.7,8840.7,8836.85,8837.4,14:55:00,8839.089150996924,0,66
2015-02-16,8836.35,8845.55,8836.35,8844.05,15:00:00,8838.828279473408,0,67
2015-02-16,8807.6,8828.4,8807.6,8828.4,15:05:00,8835.854157618798,0,68
2015-02-16,8803.25,8814.6,8803.25,8814.6,15:10:00,8832.748999750342,0,69
2015-02-16,8798.95,8803.6,8796.15,8803.6,15:15:00,8829.530047393167,0,70
2015-02-16,8800.2,8805.95,8796.15,8805.95,15:20:00,8826.7367095462,0,71
2015-02-16,8806.65,8806.65,8801.9,8803.25,15:25:00,8824.823689589419,0,72
2015-02-18,8811.55,8811.55,8811.55,8811.55,09:10:00,8823.559528676142,2,1
2015-02-18,8825.1,8834.75,8811.55,8811.55,09:15:00,8823.706240230795,2,2
2015-02-18,8832.7,8840.8,8832.7,8833.25,09:20:00,8824.562788780244,2,3
2015-02-18,8829.35,8837.85,8827.1,8829.8,09:25:00,8825.018713658315,2,4
2015-02-18,8832.1,8832.1,8825.7,8827.85,09:30:00,8825.693121881333,2,5
2015-02-18,8835.5,8835.5,8832.95,8833.55,09:35:00,8826.627110273586,2,6
2015-02-18,8836.5,8837.0,8833.85,8835.3,09:40:00,8827.567385485627,2,7
2015-02-18,8829.75,8831.7,8826.05,8831.7,09:45:00,8827.775253534615,2,8
2015-02-18,8841.15,8841.15,8832.25,8834.35,09:50:00,8829.049038912271,2,9
2015-02-18,8842.7,8847.0,8840.65,8840.65,09:55:00,8830.349130444436,2,10
2015-02-18,8849.85,8849.85,8841.05,8841.05,10:00:00,8832.206356116394,2,11
2015-02-18,8848.15,8848.45,8843.0,8848.45,10:05:00,8833.724798391024,2,12
2015-02-18,8844.25,8848.85,8844.25,8848.85,10:10:00,8834.727198544258,2,13
2015-02-18,8847.3,8850.45,8847.15,8850.45,10:15:00,8835.92460820671,2,14
2015-02-18,8847.3,8848.0,8846.95,8847.5,10:20:00,8837.00797885369,2,15
2015-02-18,8853.5,8853.9,8847.8,8847.8,10:25:00,8838.57864753429,2,16
2015-02-18,8851.75,8854.65,8851.75,8852.9,10:30:00,8839.833062054835,2,17
2015-02-18,8857.3,8857.3,8851.55,8851.55,10:35:00,8841.496579954373,2,18
2015-02-18,8852.65,8856.85,8852.65,8856.75,10:40:00,8842.55881043491,2,19
2015-02-18,8855.9,8855.9,8850.8,8850.8,10:45:00,8843.8293999173,2,20
2015-02-18,8859.55,8860.9,8856.6,8856.6,10:50:00,8845.326599925176,2,21
2015-02-18,8846.2,8857.3,8846.2,8857.3,10:55:00,8845.409780884684,2,22
2015-02-18,8851.7,8851.7,8846.85,8846.85,11:00:00,8846.008849371858,2,23
2015-02-18,8848.05,8849.15,8843.4,8849.15,11:05:00,8846.203244669776,2,24
2015-02-18,8856.95,8856.95,8849.8,8849.8,11:10:00,8847.226745177417,2,25
2015-02-18,8854.4,8854.55,8853.85,8854.55,11:15:00,8847.909912303377,2,26
2015-02-18,8851.45,8858.05,8851.45,8858.05,11:20:00,8848.24706351258,2,27
2015-02-18,8850.8,8854.15,8850.8,8850.95,11:25:00,8848.490200320904,2,28
2015-02-18,8853.85,8855.95,8853.75,8853.75,11:30:00,8849.0006574332,2,29
2015-02-18,8858.75,8858.75,8854.1,8854.1,11:35:00,8849.929166249087,2,30
2015-02-18,8852.8,8859.5,8852.8,8859.5,11:40:00,8850.202578987268,2,31
2015-02-18,8850.9,8855.65,8850.9,8855.65,11:45:00,8850.2690000361,2,32
2015-02-18,8849.25,8852.6,8849.15,8852.6,11:50:00,8850.171952413613,2,33
2015-02-18,8851.65,8853.45,8850.75,8850.75,11:55:00,8850.312718850413,2,34
2015-02-18,8845.1,8850.5,8841.55,8850.5,12:00:00,8849.816269436089,2,35
2015-02-18,8850.55,8851.2,8844.05,8844.05,12:05:00,8849.886148537415,2,36
2015-02-18,8845.3,8853.1,8845.3,8849.55,12:10:00,8849.449372486231,2,37
2015-02-18,8838.85,8841.8,8838.85,8839.75,12:15:00,8848.439908439923,2,38
2015-02-18,8841.15,8842.5,8839.8,8839.8,12:20:00,8847.745631445645,2,39
2015-02-18,8844.2,8844.2,8840.35,8840.35,12:25:00,8847.407952260344,2,40
2015-02-18,8842.8,8845.6,8842.8,8845.3,12:30:00,8846.96909966412,2,41
2015-02-18,8845.85,8847.3,8844.45,8844.45,12:35:00,8846.862518743728,2,42
2015-02-18,8847.1,8847.25,8845.5,8845.5,12:40:00,8846.88513600623,2,43
2015-02-18,8846.15,8847.4,8846.15,8847.25,12:45:00,8846.815123053257,2,44
2015-02-18,8845.65,8847.9,8845.65,8847.55,12:50:00,8846.704158952947,2,45
2015-02-18,8849.55,8849.55,8844.95,8845.25,12:55:00,8846.97519143362,2,46
2015-02-18,8849.6,8853.85,8849.0,8853.8,13:00:00,8847.225173201847,2,47
2015-02-18,8851.75,8851.75,8847.5,8851.1,13:05:00,8847.656109087386,2,48
2015-02-18,8852.4,8853.45,8851.0,8853.1,13:10:00,8848.10790822192,2,49
2015-02-18,8858.45,8860.9,8853.75,8853.75,13:15:00,8849.092869343642,2,50
2015-02-18,8857.95,8859.25,8856.25,8858.1,13:20:00,8849.936405596627,2,51
2015-02-18,8852.95,8857.5,8852.95,8857.5,13:25:00,8850.223414587424,2,52
2015-02-18,8843.95,8852.5,8843.95,8852.5,13:30:00,8849.62594653148,2,53
2015-02-18,8844.6,8844.6,8835.95,8835.95,13:35:00,8849.147284957053,2,54
2015-02-18,8843.2,8847.2,8843.2,8844.25,13:40:00,8848.580876865904,2,55
2015-02-18,8845.8,8845.8,8842.4,8842.95,13:45:00,8848.316031450104,2,56
2015-02-18,8851.3,8852.3,8848.15,8848.15,13:50:00,8848.600218931046,2,57
2015-02-18,8857.15,8857.15,8851.5,8851.5,13:55:00,8849.414483794755,2,58
2015-02-18,8870.7,8870.7,8861.7,8861.7,14:00:00,8851.441675814303,2,59
2015-02-18,8865.1,8871.05,8861.85,8871.05,14:05:00,8852.742468593893,2,60
2015-02-18,8868.8,8870.0,8866.85,8866.85,14:10:00,8854.271757299237,2,61
2015-02-18,8871.3,8872.95,8869.55,8869.55,14:15:00,8855.89349469931,2,62
2015-02-18,8866.6,8872.0,8866.6,8871.6,14:20:00,8856.913161870805,2,63
2015-02-18,8866.45,8866.45,8864.5,8864.5,14:25:00,8857.821432168823,2,64
2015-02-18,8876.3,8876.4,8866.1,8866.1,14:30:00,8859.581295771792,2,65
2015-02-18,8881.15,8884.05,8880.9,8883.3,14:35:00,8861.635458079241,2,66
2015-02-18,8880.25,8885.45,8880.25,8883.85,14:40:00,8863.408271595505,2,67
2015-02-18,8889.75,8890.7,8880.5,8880.5,14:45:00,8865.917007634029,2,68
2015-02-18,8882.55,8892.95,8882.55,8892.95,14:50:00,8867.501102145074,2,69
2015-02-18,8884.75,8888.2,8884.2,8884.2,14:55:00,8869.143854321734,2,70
2015-02-18,8876.65,8888.4,8876.65,8884.7,15:00:00,8869.858725338712,2,71
2015-02-18,8868.95,8873.25,8866.05,8873.25,15:05:00,8869.77218006836,2,72
2015-02-18,8869.25,8875.25,8869.25,8871.4,15:10:00,8869.722448633278,2,73
2015-02-18,8863.1,8869.85,8863.1,8869.85,15:15:00,8869.091739239633,2,74
2015-02-18,8862.7,8863.95,8859.4,8861.75,15:20:00,8868.483002169192,2,75
2015-02-18,8862.6,8862.6,8861.65,8862.6,15:25:00,8867.922716248317,2,76
2015-02-19,8883.05,8883.05,8883.05,8883.05,09:10:00,8869.363409938953,3,1
2015-02-19,8893.4,8893.4,8883.7,8883.7,09:15:00,8871.652608992386,3,2
2015-02-19,8893.45,8898.15,8893.05,8893.05,09:20:00,8873.728550993112,3,3
2015-02-19,8890.1,8900.95,8890.1,8900.95,09:25:00,8875.287736612816,3,4
2015-02-19,8891.65,8891.65,8886.35,8887.75,09:30:00,8876.846047411596,3,5
2015-02-19,8882.6,8887.6,8881.45,8885.75,09:35:00,8877.394042896207,3,6
2015-02-19,8890.75,8890.75,8883.9,8883.9,09:40:00,8878.666038810854,3,7
2015-02-19,8889.2,8895.6,8889.2,8890.1,09:45:00,8879.66927320982,3,8
2015-02-19,8885.55,8892.85,8885.55,8892.85,09:50:00,8880.229342427932,3,9
2015-02-19,8888.25,8889.0,8884.05,8884.05,09:55:00,8880.993214577653,3,10
2015-02-19,8888.3,8892.3,8888.3,8890.1,10:00:00,8881.689098903591,3,11
2015-02-19,8894.75,8894.75,8892.1,8892.1,10:05:00,8882.932994246106,3,12
2015-02-19,8891.5,8897.05,8891.5,8897.05,10:10:00,8883.748899556,3,13
2015-02-19,8896.3,8896.3,8892.7,8894.3,10:15:00,8884.944242455429,3,14
2015-02-19,8892.55,8895.0,8890.6,8895.0,10:20:00,8885.668600316816,3,15
2015-02-19,8885.3,8890.75,8885.3,8890.75,10:25:00,8885.633495524738,3,16
2015-02-19,8883.4,8885.6,8881.1,8883.8,10:30:00,8885.42078166524,3,17
2015-02-19,8870.55,8882.15,8870.55,8882.15,10:35:00,8884.00451674474,3,18
2015-02-19,8861.15,8866.65,8854.55,8866.65,10:40:00,8881.827896102384,3,19
2015-02-19,8851.4,8855.7,8848.7,8852.6,10:45:00,8878.93000123549,3,20
2015-02-19,8857.85,8864.25,8854.55,8854.55,10:50:00,8876.922382070206,3,21
2015-02-19,8850.75,8859.25,8850.75,8859.25,10:55:00,8874.429774253997,3,22
2015-02-19,8828.05,8839.1,8825.0,8839.1,11:00:00,8870.012652896474,3,23
2015-02-19,8823.35,8826.95,8817.15,8821.7,11:05:00,8865.568590715857,3,24
2015-02-19,8828.0,8828.0,8813.95,8813.95,11:10:00,8861.9906296953,3,25
2015-02-19,8823.45,8829.95,8819.05,8826.9,11:15:00,8858.320093533843,3,26
2015-02-19,8827.75,8828.55,8819.75,8819.75,11:20:00,8855.40865605443,3,27
2015-02-19,8824.45,8829.65,8824.45,8825.3,11:25:00,8852.460212620674,3,28
2015-02-19,8822.8,8826.95,8818.6,8826.95,11:30:00,8849.635430466324,3,29
2015-02-19,8826.5,8826.5,8821.9,8821.9,11:35:00,8847.432056136196,3,30
2015-02-19,8833.55,8833.55,8827.95,8827.95,11:40:00,8846.109955551798,3,31
2015-02-19,8836.85,8836.85,8831.9,8834.2,11:45:00,8845.228055023055,3,32
2015-02-19,8834.35,8835.9,8832.6,8834.85,11:50:00,8844.192049782763,3,33
2015-02-19,8839.2,8841.85,8838.25,8839.15,11:55:00,8843.71661647012,3,34
2015-02-19,8832.5,8832.5,8826.25,8827.65,12:00:00,8842.648367282489,3,35
2015-02-19,8835.05,8836.05,8833.3,8833.45,12:05:00,8841.924713255585,3,36
2015-02-19,8829.35,8834.3,8829.35,8833.5,12:10:00,8840.727121516959,3,37
2015-02-19,8832.65,8833.5,8829.7,8830.65,12:15:00,8839.957871848677,3,38
2015-02-19,8831.45,8835.5,8831.25,8835.5,12:20:00,8839.14759833928,3,39
2015-02-19,8833.55,8833.7,8831.45,8832.85,12:25:00,8838.614493735538,3,40
2015-02-19,8839.05,8839.05,8832.65,8832.65,12:30:00,8838.65597052263,3,41
2015-02-19,8838.35,8840.85,8836.45,8840.2,12:35:00,8838.626830472855,3,42
2015-02-19,8838.1,8840.1,8837.7,8839.3,12:40:00,8838.576656142106,3,43
2015-02-19,8847.15,8848.5,8844.75,8844.75,12:45:00,8839.393165080954,3,44
2015-02-19,8843.15,8847.4,8840.2,8847.4,12:50:00,8839.750958882767,3,45
2015-02-19,8841.8,8846.3,8841.8,8846.0,12:55:00,8839.946105655838,3,46
2015-02-19,8840.6,8844.15,8840.4,8840.4,13:00:00,8840.008381307664,3,47
2015-02-19,8830.6,8839.65,8830.6,8839.65,13:05:00,8839.112344992649,3,48
2015-02-19,8828.45,8834.5,8827.25,8827.85,13:10:00,8838.096883564778,3,49
2015-02-19,8836.05,8836.05,8831.85,8832.35,13:15:00,8837.901942272894,3,50
2015-02-19,8837.3,8837.3,8833.85,8835.3,13:20:00,8837.844614437381,3,51
2015-02-19,8831.75,8836.9,8831.75,8836.6,13:25:00,8837.264174967155,3,52
2015-02-19,8833.05,8835.95,8833.05,8835.95,13:30:00,8836.862824970283,3,53
2015-02-19,8835.7,8836.8,8832.35,8836.8,13:35:00,8836.752079735019,3,54
2015-02-19,8835.95,8835.95,8823.55,8823.55,13:40:00,8836.675691188826,3,55
2015-02-19,8841.65,8841.65,8835.0,8835.0,13:45:00,8837.149434885128,3,56
2015-02-19,8833.45,8844.25,8832.9,8844.25,13:50:00,8836.797107753211,3,57
2015-02-19,8818.25,8831.45,8818.25,8831.45,13:55:00,8835.03071653862,3,58
2015-02-19,8819.1,8824.35,8819.1,8819.65,14:00:00,8833.513505439703,3,59
2015-02-19,8803.6,8816.2,8796.9,8816.2,14:05:00,8830.664600159733,3,60
2015-02-19,8800.1,8804.3,8799.45,8804.3,14:10:00,8827.753685858806,3,61
2015-02-19,8805.55,8808.85,8804.6,8804.7,14:15:00,8825.639049110348,3,62
2015-02-19,8815.4,8815.4,8808.25,8808.25,14:20:00,8824.663901576028,3,63
2015-02-19,8820.6,8820.6,8812.6,8819.95,14:25:00,8824.276863330691,3,64
2015-02-19,8833.9,8833.9,8826.2,8826.2,14:30:00,8825.193352537293,3,65
2015-02-19,8831.0,8834.85,8831.0,8832.4,14:35:00,8825.746366581361,3,66
2015-02-19,8833.55,8836.0,8827.5,8827.5,14:40:00,8826.489569764088,3,67
2015-02-19,8858.7,8858.7,8837.9,8837.9,14:45:00,8829.557229786555,3,68
2015-02-19,8848.5,8857.35,8848.5,8857.35,14:50:00,8831.361303140216,3,69
2015-02-19,8859.1,8859.1,8848.85,8848.85,14:55:00,8834.003083793528,3,70
2015-02-19,8875.55,8878.05,8858.0,8858.0,15:00:00,8837.95993295605,3,71
2015-02-19,8882.0,8890.9,8880.3,8880.3,15:05:00,8842.154225055474,3,72
2015-02-19,8900.1,8900.1,8891.35,8891.35,15:10:00,8847.672870288287,3,73
2015-02-19,8907.0,8907.0,8895.0,8905.35,15:15:00,8853.323073117974,3,74
2015-02-19,8902.15,8911.35,8902.15,8911.35,15:20:00,8857.973256630548,3,75
2015-02-19,8897.75,8902.15,8897.75,8900.35,15:25:00,8861.76151790383,3,76
2015-02-20,8895.5,8895.5,8895.5,8895.5,09:10:00,8864.974706674893,4,1
2015-02-20,8878.0,8895.5,8869.2,8895.5,09:15:00,8866.215210801094,4,2
2015-02-20,8872.7,8890.05,8872.7,8879.95,09:20:00,8866.832809772419,4,3
2015-02-20,8856.15,8877.25,8850.45,8877.25,09:25:00,8865.815399317904,4,4
2015-02-20,8841.75,8854.2,8832.8,8854.2,09:30:00,8863.523456525723,4,5
2015-02-20,8819.6,8838.95,8819.6,8838.95,09:35:00,8859.34027018994,4,6
2015-02-20,8830.15,8833.3,8825.8,8828.55,09:40:00,8856.560244457565,4,7
2015-02-20,8833.2,8835.45,8823.15,8823.15,09:45:00,8854.335459271131,4,8
2015-02-20,8832.05,8836.8,8829.6,8830.8,09:50:00,8852.213034578643,4,9
2015-02-20,8832.0,8838.35,8832.0,8834.85,09:55:00,8850.28798366639,4,10
2015-02-20,8831.4,8833.3,8821.75,8832.8,10:00:00,8848.489128079116,4,11
2015-02-20,8833.05,8833.05,8827.5,8830.05,10:05:00,8847.018734928724,4,12
2015-02-20,8834.5,8834.5,8831.2,8831.2,10:10:00,8845.826474459322,4,13
2015-02-20,8843.3,8847.9,8836.15,8836.15,10:15:00,8845.585857844148,4,14
2015-02-20,8849.3,8851.35,8845.45,8845.45,10:20:00,8845.939585668515,4,15
2015-02-20,8836.5,8851.15,8836.5,8851.15,10:25:00,8845.04057750961,4,16
2015-02-20,8847.75,8847.75,8832.75,8836.8,10:30:00,8845.29861774679,4,17
2015-02-20,8849.5,8849.5,8845.25,8845.25,10:35:00,8845.698749389952,4,18
2015-02-20,8843.65,8850.1,8843.65,8846.7,10:40:00,8845.503630400433,4,19
2015-02-20,8846.65,8847.45,8843.05,8843.05,10:45:00,8845.612808457536,4,20
2015-02-20,8844.2,8845.5,8843.7,8845.5,10:50:00,8845.478255271104,4,21
2015-02-20,8838.4,8842.35,8837.7,8842.35,10:55:00,8844.804135721475,4,22
2015-02-20,8847.25,8847.25,8839.1,8839.1,11:00:00,8845.037075176573,4,23
2015-02-20,8845.6,8847.95,8843.8,8847.95,11:05:00,8845.09068706452,4,24
2015-02-20,8844.5,8844.5,8839.85,8840.55,11:10:00,8845.034431153614,4,25
2015-02-20,8846.75,8846.75,8844.65,8845.25,11:15:00,8845.197818662793,4,26
2015-02-20,8857.35,8857.35,8848.8,8848.8,11:20:00,8846.355169266337,4,27
2015-02-20,8860.5,8860.5,8854.7,8854.7,11:25:00,8847.702296002875,4,28
2015-02-20,8864.4,8866.95,8863.3,8863.9,11:30:00,8849.292553526411,4,29
2015-02-20,8874.3,8874.3,8863.4,8863.4,11:35:00,8851.674215095325,4,30
2015-02-20,8872.8,8872.8,8867.2,8871.2,11:40:00,8853.686194610056,4,31
2015-02-20,8882.0,8882.0,8871.95,8871.95,11:45:00,8856.382747504336,4,32
2015-02-20,8874.85,8887.2,8874.85,8879.95,11:50:00,8858.141533456304,4,33
2015-02-20,8870.75,8872.65,8868.85,8872.65,11:55:00,8859.342339793799,4,34
2015-02-20,8867.15,8871.45,8864.85,8871.45,12:00:00,8860.085926480104,4,35
2015-02-20,8866.55,8867.9,8865.6,8867.2,12:05:00,8860.701552529617,4,36
2015-02-20,8865.2,8870.05,8863.65,8870.05,12:10:00,8861.129976098226,4,37
2015-02-20,8853.45,8863.8,8853.45,8863.8,12:15:00,8860.398549803156,4,38
2015-02-20,8858.05,8860.95,8853.55,8853.55,12:20:00,8860.17487839333,4,39
2015-02-20,8856.65,8859.75,8855.85,8858.45,12:25:00,8859.839175689203,4,40
2015-02-20,8857.7,8859.5,8855.85,8857.8,12:30:00,8859.635444671185,4,41
2015-02-20,8855.45,8857.35,8854.5,8857.35,12:35:00,8859.236830892976,4,42
2015-02-20,8858.1,8859.35,8855.05,8855.05,12:40:00,8859.12856128412,4,43
2015-02-20,8863.65,8865.8,8857.95,8857.95,12:45:00,8859.559174495156,4,44
2015-02-20,8862.9,8863.65,8859.9,8863.65,12:50:00,8859.87734835276,4,45
2015-02-20,8863.45,8863.8,8859.05,8863.8,12:55:00,8860.217600890594,4,46
2015-02-20,8869.65,8869.65,8861.75,8861.75,13:00:00,8861.115924615298,4,47
2015-02-20,8869.55,8872.25,8869.4,8869.4,13:05:00,8861.919169890032,4,48
2015-02-20,8868.45,8868.85,8862.2,8868.85,13:10:00,8862.541153710028,4,49
2015-02-20,8871.85,8871.85,8864.55,8864.55,13:15:00,8863.427710499549,4,50
2015-02-20,8873.85,8873.85,8868.95,8868.95,13:20:00,8864.420309499592,4,51
2015-02-20,8877.15,8877.15,8875.45,8875.45,13:25:00,8865.632660975822,4,52
2015-02-20,8888.5,8888.5,8880.15,8880.15,13:30:00,8867.810502787648,4,53
2015-02-20,8879.2,8887.55,8879.2,8887.55,13:35:00,8868.895216807872,4,54
2015-02-20,8874.7,8882.4,8874.5,8875.85,13:40:00,8869.448053302362,4,55
2015-02-20,8879.55,8880.9,8877.7,8877.7,13:45:00,8870.410143464042,4,56
2015-02-20,8863.2,8869.5,8862.25,8867.85,13:50:00,8869.723463134133,4,57
2015-02-20,8840.5,8867.1,8840.5,8866.6,13:55:00,8866.940276168978,4,58
2015-02-20,8846.05,8846.05,8840.85,8840.85,14:00:00,8864.950726057647,4,59
2015-02-20,8857.85,8857.85,8840.6,8840.6,14:05:00,8864.27446643311,4,60
2015-02-20,8870.7,8870.7,8861.4,8863.45,14:10:00,8864.886422010908,4,61
2015-02-20,8864.15,8867.15,8863.0,8865.3,14:15:00,8864.816286581297,4,62
2015-02-20,8871.6,8874.4,8864.05,8864.05,14:20:00,8865.462354525936,4,63
2015-02-20,8868.1,8868.1,8863.55,8865.9,14:25:00,8865.7135588568,4,64
2015-02-20,8868.45,8875.65,8868.45,8869.45,14:30:00,8865.97417229901,4,65
2015-02-20,8866.5,8867.4,8863.65,8863.65,14:35:00,8866.024251127676,4,66
2015-02-20,8861.0,8862.15,8854.8,8862.15,14:40:00,8865.545751020278,4,67
2015-02-20,8859.85,8860.8,8856.65,8860.0,14:45:00,8865.003298542157,4,68
2015-02-20,8863.55,8865.95,8861.35,8861.35,14:50:00,8864.86488915719,4,69
2015-02-20,8852.1,8857.05,8852.1,8857.05,14:55:00,8863.649185427934,4,70
2015-02-20,8847.95,8850.85,8840.2,8849.15,15:00:00,8862.154024910988,4,71
2015-02-20,8840.6,8849.7,8840.6,8844.4,15:05:00,8860.10126063375,4,72
2015-02-20,8834.6,8841.75,8834.6,8840.35,15:10:00,8857.672569144821,4,73
2015-02-20,8826.1,8834.2,8826.0,8833.6,15:15:00,8854.665657797696,4,74
2015-02-20,8823.5,8829.1,8823.5,8829.1,15:20:00,8851.697499912201,4,75
2015-02-20,8830.25,8830.25,8823.05,8823.05,15:25:00,8849.654880872944,4,76
2015-02-23,8856.85,8856.85,8856.85,8856.85,09:10:00,8850.340130313616,0,1
2015-02-23,8847.7,8856.85,8839.3,8856.85,09:15:00,8850.088689331367,0,2
2015-02-23,8861.2,8862.0,8856.65,8859.95,09:20:00,8851.146909395047,0,3
2015-02-23,8856.45,8856.6,8852.25,8856.6,09:25:00,8851.651965643137,0,4
2015-02-23,8852.7,8856.9,8852.7,8853.05,09:30:00,8851.75177843903,0,5
2015-02-23,8859.3,8859.3,8847.8,8847.8,09:35:00,8852.470656682932,0,6
2015-02-23,8861.8,8861.9,8856.95,8856.95,09:40:00,8853.359165570271,0,7
2015-02-23,8867.25,8867.25,8862.45,8864.2,09:45:00,8854.682102182625,0,8
2015-02-23,8862.4,8865.65,8858.55,8865.65,09:50:00,8855.417140069994,0,9
2015-02-23,8860.75,8866.5,8860.75,8864.9,09:55:00,8855.9250314919,0,10
2015-02-23,8848.8,8862.2,8848.8,8862.2,10:00:00,8855.2464570641,0,11
2015-02-23,8844.75,8851.35,8844.75,8851.35,10:05:00,8854.246794486568,0,12
2015-02-23,8844.6,8847.8,8843.55,8844.0,10:10:00,8853.328052154513,0,13
2015-02-23,8847.35,8851.35,8842.05,8842.05,10:15:00,8852.758713854084,0,14
2015-02-23,8851.75,8853.7,8850.7,8850.7,10:20:00,8852.66264586798,0,15
2015-02-23,8851.8,8852.1,8851.55,8851.7,10:25:00,8852.580489118649,0,16
2015-02-23,8851.35,8851.35,8847.65,8850.75,10:30:00,8852.463299678777,0,17
2015-02-23,8854.05,8856.3,8853.2,8853.7,10:35:00,8852.614413995083,0,18
2015-02-23,8856.35,8859.35,8855.6,8855.6,10:40:00,8852.97018409079,0,19
2015-02-23,8853.1,8854.15,8852.5,8853.85,10:45:00,8852.982547510714,0,20
2015-02-23,8854.75,8854.95,8851.1,8851.1,10:50:00,8853.150876319216,0,21
2015-02-23,8845.55,8853.05,8844.9,8853.05,10:55:00,8852.426983336432,0,22
2015-02-23,8845.55,8848.9,8845.45,8848.6,11:00:00,8851.772032542485,0,23
2015-02-23,8850.15,8852.4,8847.65,8847.65,11:05:00,8851.617553252725,0,24
2015-02-23,8847.85,8850.5,8847.15,8850.5,11:10:00,8851.258738657227,0,25
2015-02-23,8848.8,8849.55,8846.95,8849.55,11:15:00,8851.024573070825,0,26
2015-02-23,8840.8,8847.25,8838.65,8847.25,11:20:00,8850.050804206936,0,27
2015-02-23,8841.1,8841.1,8837.25,8837.25,11:25:00,8849.19834666342,0,28
2015-02-23,8843.15,8845.2,8841.0,8841.1,11:30:00,8848.622313647857,0,29
2015-02-23,8845.05,8845.05,8841.85,8844.9,11:35:00,8848.28209330044,0,30
2015-02-23,8846.65,8847.8,8845.6,8845.6,11:40:00,8848.126655843256,0,31
2015-02-23,8842.85,8848.55,8842.85,8848.55,11:45:00,8847.624117191517,0,32
2015-02-23,8836.15,8841.3,8836.15,8839.05,11:50:00,8846.531344125659,0,33
2015-02-23,8839.25,8839.25,8832.5,8832.5,11:55:00,8845.837882780357,0,34
2015-02-23,8840.35,8840.45,8837.55,8838.05,12:00:00,8845.315227277466,0,35
2015-02-23,8846.6,8846.6,8839.35,8840.1,12:05:00,8845.437586584374,0,36
2015-02-23,8848.3,8848.55,8845.6,8848.55,12:10:00,8845.710197385863,0,37
2015-02-23,8846.5,8847.3,8846.1,8847.3,12:15:00,8845.785416682447,0,38
2015-02-23,8843.35,8847.45,8842.7,8847.45,12:20:00,8845.5534722365,0,39
2015-02-23,8845.3,8845.3,8843.3,8843.4,12:25:00,8845.5293320235,0,40
2015-02-23,8848.45,8848.95,8844.9,8844.9,12:30:00,8845.807490878404,0,41
2015-02-23,8848.4,8850.65,8848.4,8848.5,12:35:00,8846.054396509033,0,42
2015-02-23,8851.35,8851.35,8848.7,8848.7,12:40:00,8846.558739698648,0,43
2015-02-23,8846.85,8848.95,8845.85,8848.3,12:45:00,8846.586478774967,0,44
2015-02-23,8843.9,8847.85,8843.9,8847.85,12:50:00,8846.33062365354,0,45
2015-02-23,8843.1,8844.9,8843.1,8844.9,12:55:00,8846.022945210347,0,46
2015-02-23,8841.65,8842.45,8840.65,8841.05,13:00:00,8845.606474237933,0,47
2015-02-23,8841.9,8842.85,8840.15,8842.85,13:05:00,8845.253476691463,0,48
2015-02-23,8850.0,8851.05,8843.65,8843.65,13:10:00,8845.705526530372,0,49
2015-02-23,8849.65,8855.8,8849.65,8851.05,13:15:00,8846.081190670337,0,50
2015-02-23,8850.2,8850.25,8847.65,8847.65,13:20:00,8846.473458225542,0,51
2015-02-23,8846.05,8850.15,8846.05,8850.15,13:25:00,8846.433128870729,0,52
2015-02-23,8851.5,8851.5,8844.75,8844.75,13:30:00,8846.915688025898,0,53
2015-02-23,8843.55,8852.75,8843.55,8852.75,13:35:00,8846.595146309146,0,54
2015-02-23,8845.85,8845.85,8839.85,8842.0,13:40:00,8846.524179993989,0,55
2015-02-23,8844.1,8844.1,8840.55,8843.9,13:45:00,8846.293305708847,0,56
2015-02-23,8833.75,8842.75,8831.25,8842.75,13:50:00,8845.098705165146,0,57
2015-02-23,8819.95,8821.3,8814.5,8814.5,13:55:00,8842.703590387515,0,58
2015-02-23,8825.7,8826.1,8820.9,8822.85,14:00:00,8841.0842008268,0,59
2015-02-23,8812.05,8824.2,8809.5,8824.2,14:05:00,8838.319038843294,0,60
2015-02-23,8773.6,8783.0,8770.1,8783.0,14:10:00,8832.155320858219,0,61
2015-02-23,8774.75,8781.5,8774.75,8776.05,14:15:00,8826.68814744315,0,62
2015-02-23,8771.7,8771.7,8765.25,8771.7,14:20:00,8821.451181019993,0,63
2015-02-23,8780.75,8784.95,8777.05,8777.05,14:25:00,8817.574878065709,0,64
2015-02-23,8768.05,8768.55,8766.05,8768.55,14:30:00,8812.858223011832,0,65
2015-02-23,8764.45,8773.4,8764.45,8773.4,14:35:00,8808.247916058324,0,66
2015-02-23,8765.15,8770.1,8762.95,8762.95,14:40:00,8804.143352624198,0,67
2015-02-23,8762.1,8769.75,8762.1,8764.1,14:45:00,8800.139223802846,0,68
2015-02-23,8759.15,8759.15,8751.1,8754.25,14:50:00,8796.235488202576,0,69
2015-02-23,8759.6,8761.95,8757.55,8760.0,14:55:00,8792.746394088044,0,70
2015-02-23,8767.95,8770.5,8758.65,8758.65,15:00:00,8790.384832746326,0,71
2015-02-23,8772.55,8779.1,8770.45,8770.45,15:05:00,8788.686277246676,0,72
2015-02-23,8764.95,8774.7,8763.05,8774.7,15:10:00,8786.42567941366,0,73
2015-02-23,8741.8,8757.55,8741.8,8757.55,15:15:00,8782.175614707598,0,74
2015-02-23,8746.8,8746.8,8741.75,8741.75,15:20:00,8778.806508544969,0,75
2015-02-23,8740.5,8742.4,8737.25,8741.75,15:25:00,8775.158269635924,0,76
2015-02-24,8772.9,8772.9,8772.9,8772.9,09:10:00,8774.943196337264,1,1
2015-02-24,8763.25,8772.9,8747.7,8772.9,09:15:00,8773.829558590858,1,2
2015-02-24,8759.15,8763.0,8755.25,8763.0,09:20:00,8772.431505391729,1,3
2015-02-24,8762.9,8766.65,8755.45,8755.45,09:25:00,8771.523742973468,1,4
2015-02-24,8763.0,8763.0,8755.95,8761.85,09:30:00,8770.711957928375,1,5
2015-02-24,8768.85,8768.85,8765.0,8766.45,09:35:00,8770.534628601863,1,6
2015-02-24,8766.55,8766.55,8761.45,8765.9,09:40:00,8770.15514016359,1,7
2015-02-24,8768.65,8772.05,8768.65,8772.05,09:45:00,8770.011793481342,1,8
2015-02-24,8764.0,8774.35,8764.0,8772.1,09:50:00,8769.439241721215,1,9
2015-02-24,8762.8,8762.8,8757.6,8757.6,09:55:00,8768.80693298586,1,10
2015-02-24,8754.0,8762.15,8754.0,8759.0,10:00:00,8767.39674889197,1,11
2015-02-24,8758.75,8758.75,8750.2,8752.25,10:05:00,8766.573248997496,1,12
2015-02-24,8760.55,8762.35,8756.55,8756.55,10:10:00,8765.99960623583,1,13
2015-02-24,8764.4,8764.4,8755.5,8755.5,10:15:00,8765.847262784799,1,14
2015-02-24,8771.9,8771.9,8765.1,8765.1,10:20:00,8766.42371394815,1,15
2015-02-24,8772.15,8772.15,8769.7,8769.7,10:25:00,8766.969074524517,1,16
2015-02-24,8775.15,8776.0,8772.25,8775.3,10:30:00,8767.748210284086,1,17
2015-02-24,8768.5,8776.4,8768.5,8776.4,10:35:00,8767.819809304649,1,18
2015-02-24,8762.85,8766.9,8762.85,8766.9,10:40:00,8767.346494132777,1,19
2015-02-24,8763.25,8767.15,8763.25,8767.15,10:45:00,8766.956351834417,1,20
2015-02-24,8757.7,8765.4,8757.7,8763.15,10:50:00,8766.074794516853,1,21
2015-02-24,8756.7,8757.4,8756.4,8756.4,10:55:00,8765.18195694382,1,22
2015-02-24,8741.9,8753.2,8741.55,8753.2,11:00:00,8762.964627711075,1,23
2015-02-24,8746.8,8746.8,8738.6,8738.6,11:05:00,8761.42513935764,1,24
2015-02-24,8749.0,8751.1,8745.9,8745.9,11:10:00,8760.24179275215,1,25
2015-02-24,8743.15,8749.4,8743.15,8749.4,11:15:00,8758.61400296623,1,26
2015-02-24,8743.65,8746.4,8742.6,8746.4,11:20:00,8757.188859826589,1,27
2015-02-24,8754.0,8754.0,8748.5,8748.5,11:25:00,8756.885158890724,1,28
2015-02-24,8757.0,8760.75,8754.15,8754.15,11:30:00,8756.896096139226,1,29
2015-02-24,8769.05,8769.05,8760.25,8760.25,11:35:00,8758.053610792633,1,30
2015-02-24,8760.75,8766.9,8760.75,8766.9,11:40:00,8758.310409764763,1,31
2015-02-24,8762.15,8763.0,8757.85,8757.85,11:45:00,8758.676085025261,1,32
2015-02-24,8769.2,8769.2,8761.5,8761.5,11:50:00,8759.678362641904,1,33
2015-02-24,8761.0,8767.7,8761.0,8767.7,11:55:00,8759.804232866485,1,34
2015-02-24,8758.25,8764.15,8758.25,8763.55,12:00:00,8759.656210688725,1,35
2015-02-24,8758.95,8759.2,8754.8,8759.2,12:05:00,8759.588952527894,1,36
2015-02-24,8761.35,8762.55,8758.5,8759.2,12:10:00,8759.756671334762,1,37
2015-02-24,8762.4,8764.45,8762.4,8764.1,12:15:00,8760.008416921928,1,38
2015-02-24,8761.45,8764.95,8761.45,8764.95,12:20:00,8760.145710548411,1,39
2015-02-24,8765.55,8765.55,8760.65,8760.65,12:25:00,8760.660404781896,1,40
2015-02-24,8767.05,8768.55,8767.05,8767.9,12:30:00,8761.268937659812,1,41
2015-02-24,8759.6,8768.0,8759.6,8768.0,12:35:00,8761.10999121602,1,42
2015-02-24,8756.45,8762.5,8755.9,8762.5,12:40:00,8760.666182528781,1,43
2015-02-24,8756.85,8759.25,8756.85,8758.55,12:45:00,8760.302736573658,1,44
2015-02-24,8750.4,8756.1,8750.4,8756.1,12:50:00,8759.359618804738,1,45
2015-02-24,8751.85,8751.85,8745.3,8746.35,12:55:00,8758.644417013811,1,46
2015-02-24,8748.9,8750.55,8746.05,8746.05,13:00:00,8757.71637729821,1,47
2015-02-24,8748.95,8749.7,8746.15,8749.7,13:05:00,8756.88148422219,1,48
2015-02-24,8752.2,8752.2,8747.55,8751.05,13:10:00,8756.435628581981,1,49
2015-02-24,8769.5,8769.5,8753.0,8753.0,13:15:00,8757.679854431317,1,50
2015-02-24,8765.4,8776.2,8765.4,8771.0,13:20:00,8758.415106390239,1,51
2015-02-24,8774.25,8774.55,8768.55,8768.55,13:25:00,8759.923191495931,1,52
2015-02-24,8785.4,8787.35,8779.7,8779.7,13:30:00,8762.349554210605,1,53
2015-02-24,8777.55,8782.6,8773.3,8782.6,13:35:00,8763.797215714358,1,54
2015-02-24,8776.6,8776.6,8773.35,8776.35,13:40:00,8765.016528503465,1,55
2015-02-24,8784.35,8784.35,8776.15,8779.45,13:45:00,8766.857811503136,1,56
2015-02-24,8799.7,8799.7,8786.75,8786.75,13:50:00,8769.985638979027,1,57
2015-02-24,8787.35,8791.55,8782.05,8791.55,13:55:00,8771.639387647692,1,58
2015-02-24,8792.8,8793.3,8783.0,8783.0,14:00:00,8773.654684062198,1,59
2015-02-24,8795.85,8798.95,8789.65,8789.65,14:05:00,8775.768523675322,1,60
2015-02-24,8770.8,8794.15,8770.8,8794.15,14:10:00,8775.295330944338,1,61
2015-02-24,8771.85,8774.65,8762.15,8774.65,14:15:00,8774.967204187735,1,62
2015-02-24,8764.2,8767.35,8760.15,8760.15,14:20:00,8773.941756169856,1,63
2015-02-24,8745.5,8767.25,8745.5,8763.95,14:25:00,8771.233017487013,1,64
2015-02-24,8754.85,8754.85,8744.35,8746.75,14:30:00,8769.672730107297,1,65
2015-02-24,8730.9,8754.05,8730.9,8754.05,14:35:00,8765.980089144698,1,66
2015-02-24,8736.0,8737.7,8728.5,8728.5,14:40:00,8763.12484255949,1,67
2015-02-24,8748.0,8748.0,8740.8,8740.8,14:45:00,8761.684381363348,1,68
2015-02-24,8758.0,8758.0,8748.8,8748.8,14:50:00,8761.333487900172,1,69
2015-02-24,8752.8,8754.7,8751.8,8753.05,14:55:00,8760.520774766823,1,70
2015-02-24,8751.75,8756.8,8748.1,8748.1,15:00:00,8759.685462884268,1,71
2015-02-24,8757.45,8758.95,8752.4,8756.75,15:05:00,8759.472561657196,1,72
2015-02-24,8767.7,8767.7,8759.2,8759.2,15:10:00,8760.256127213654,1,73
2015-02-24,8770.95,8772.4,8766.05,8770.4,15:15:00,8761.274591288544,1,74
2015-02-24,8761.95,8767.2,8761.95,8766.5,15:20:00,8761.33891592773,1,75
2015-02-24,8759.45,8761.2,8759.2,8759.9,15:25:00,8761.159019172708,1,76
2015-02-25,8801.9,8801.9,8801.9,8801.9,09:10:00,8765.039112584831,2,1
2015-02-25,8806.9,8811.4,8799.8,8801.9,09:15:00,8769.025863767227,2,2
2015-02-25,8810.75,8815.6,8807.1,8807.65,09:20:00,8772.99959102749,2,3
2015-02-25,8820.8,8829.7,8817.6,8817.6,09:25:00,8777.552010929634,2,4
2015-02-25,8832.9,8835.8,8828.2,8828.2,09:30:00,8782.823247983955,2,5
2015-02-25,8829.05,8834.25,8825.75,8834.25,09:35:00,8787.225795795008,2,6
2015-02-25,8826.1,8829.95,8826.1,8829.1,09:40:00,8790.928100957388,2,7
2015-02-25,8825.15,8828.15,8824.4,8828.15,09:45:00,8794.187329437636,2,8
2015-02-25,8819.85,8823.25,8819.25,8822.15,09:50:00,8796.631393300719,2,9
2015-02-25,8816.45,8820.95,8815.35,8820.95,09:55:00,8798.518879653031,2,10
2015-02-25,8822.35,8822.35,8821.1,8821.9,10:00:00,8800.788510162267,2,11
2015-02-25,8816.8,8824.05,8816.8,8823.55,10:05:00,8802.313413956337,2,12
2015-02-25,8816.3,8816.3,8814.0,8814.0,10:10:00,8803.64546977002,2,13
2015-02-25,8813.2,8815.95,8811.9,8815.95,10:15:00,8804.555425030017,2,14
2015-02-25,8824.55,8824.55,8813.7,8813.7,10:20:00,8806.459670265254,2,15
2015-02-25,8825.5,8827.7,8825.25,8825.25,10:25:00,8808.273035001897,2,16
2015-02-25,8824.65,8827.65,8824.2,8824.2,10:30:00,8809.832745954098,2,17
2015-02-25,8818.3,8824.75,8818.3,8824.75,10:35:00,8810.639151101326,2,18
2015-02-25,8820.25,8820.25,8819.0,8819.0,10:40:00,8811.554470044057,2,19
2015-02-25,8816.5,8819.55,8816.5,8817.45,10:45:00,8812.025472897003,2,20
2015-02-25,8820.4,8820.4,8816.9,8816.9,10:50:00,8812.823046906813,2,21
2015-02-25,8816.0,8819.1,8814.0,8818.6,10:55:00,8813.12561386807,2,22
2015-02-25,8813.1,8813.75,8810.1,8813.2,11:00:00,8813.123174452063,2,23
2015-02-25,8816.7,8816.7,8814.75,8814.75,11:05:00,8813.463824504248,2,24
2015-02-25,8818.2,8820.3,8816.1,8816.1,11:10:00,8813.914888837176,2,25
2015-02-25,8819.45,8820.8,8817.45,8817.45,11:15:00,8814.442042281255,2,26
2015-02-25,8822.65,8823.75,8819.35,8819.35,11:20:00,8815.223752540183,2,27
2015-02-25,8819.4,8822.4,8819.4,8822.4,11:25:00,8815.6214903935,2,28
2015-02-25,8820.9,8820.9,8816.0,8818.3,11:30:00,8816.124205594118,2,29
2015-02-25,8826.65,8826.65,8822.85,8822.85,11:35:00,8817.126662204202,2,30
2015-02-25,8825.15,8827.05,8824.8,8824.8,11:40:00,8817.890789613326,2,31
2015-02-25,8823.05,8826.0,8823.05,8826.0,11:45:00,8818.382142983486,2,32
2015-02-25,8826.15,8826.15,8823.15,8823.6,11:50:00,8819.12193888982,2,33
2015-02-25,8822.0,8826.0,8821.5,8826.0,11:55:00,8819.396039947933,2,34
2015-02-25,8822.7,8822.7,8820.8,8820.8,12:00:00,8819.710702810034,2,35
2015-02-25,8821.0,8822.75,8820.5,8822.75,12:05:00,8819.833493018603,2,36
2015-02-25,8822.4,8822.7,8822.4,8822.55,12:10:00,8820.077922254926,2,37
2015-02-25,8823.45,8824.0,8819.3,8820.2,12:15:00,8820.399072516362,2,38
2015-02-25,8816.65,8823.4,8816.65,8822.8,12:20:00,8820.042017990994,2,39
2015-02-25,8822.1,8822.1,8816.25,8816.25,12:25:00,8820.238016277566,2,40
2015-02-25,8816.4,8822.5,8816.4,8822.5,12:30:00,8819.872490917798,2,41
2015-02-25,8812.75,8817.1,8812.75,8817.1,12:35:00,8819.194158449436,2,42
2015-02-25,8818.7,8818.85,8814.95,8814.95,12:40:00,8819.147095739965,2,43
2015-02-25,8824.05,8824.05,8818.2,8818.2,12:45:00,8819.614039002827,2,44
2015-02-25,8824.15,8826.1,8824.15,8825.6,12:50:00,8820.046035288273,2,45
2015-02-25,8825.95,8825.95,8822.45,8822.45,12:55:00,8820.60831764177,2,46
2015-02-25,8825.95,8830.95,8825.95,8826.8,13:00:00,8821.117049294935,2,47
2015-02-25,8822.3,8824.2,8822.3,8824.2,13:05:00,8821.229711266846,2,48
2015-02-25,8807.85,8820.8,8807.85,8820.8,13:10:00,8819.955453050956,2,49
2015-02-25,8811.5,8812.1,8805.6,8809.4,13:15:00,8819.150171808007,2,50
2015-02-25,8814.25,8814.9,8812.5,8814.2,13:20:00,8818.683488778674,2,51
2015-02-25,8812.9,8816.5,8812.9,8815.65,13:25:00,8818.132680323562,2,52
2015-02-25,8816.45,8816.45,8812.15,8812.15,13:30:00,8817.972425054651,2,53
2015-02-25,8815.35,8819.9,8815.35,8817.0,13:35:00,8817.722670287541,2,54
2015-02-25,8819.05,8819.05,8815.7,8815.7,13:40:00,8817.849082641109,2,55
2015-02-25,8817.65,8818.95,8817.5,8817.5,13:45:00,8817.830122389574,2,56
2015-02-25,8813.1,8817.75,8811.95,8816.25,13:50:00,8817.379634542947,2,57
2015-02-25,8792.35,8807.2,8792.35,8807.2,13:55:00,8814.99585982457,2,58
2015-02-25,8784.05,8794.55,8781.3,8794.55,14:00:00,8812.048635079373,2,59
2015-02-25,8783.2,8783.2,8769.6,8779.8,14:05:00,8809.301146024194,2,60
2015-02-25,8767.55,8786.85,8767.55,8786.85,14:10:00,8805.324846402842,2,61
2015-02-25,8773.85,8777.55,8771.3,8771.3,14:15:00,8802.327241983523,2,62
2015-02-25,8777.7,8778.8,8773.25,8773.25,14:20:00,8799.981790366044,2,63
2015-02-25,8780.15,8782.85,8777.3,8777.3,14:25:00,8798.09304842642,2,64
2015-02-25,8765.65,8778.6,8765.65,8778.6,14:30:00,8795.003234290572,2,65
2015-02-25,8770.25,8771.5,8767.5,8767.5,14:35:00,8792.645783405756,2,66
2015-02-25,8769.1,8774.45,8767.2,8771.35,14:40:00,8790.403327843303,2,67
2015-02-25,8767.9,8773.85,8767.8,8767.8,14:45:00,8788.260153762989,2,68
2015-02-25,8753.5,8770.5,8753.5,8770.5,14:50:00,8784.949662928419,2,69
2015-02-25,8763.4,8764.15,8752.4,8753.8,14:55:00,8782.897314078093,2,70
2015-02-25,8767.15,8768.05,8763.5,8768.05,15:00:00,8781.397569880179,2,71
2015-02-25,8764.05,8764.3,8761.3,8764.3,15:05:00,8779.74542036778,2,72
2015-02-25,8770.5,8770.5,8762.9,8762.9,15:10:00,8778.864904142278,2,73
2015-02-25,8769.95,8773.3,8768.35,8771.3,15:15:00,8778.015865652536,2,74
2015-02-25,8765.8,8768.75,8765.8,8767.8,15:20:00,8776.852449876105,2,75
2015-02-25,8769.65,8769.65,8763.35,8763.35,15:25:00,8776.166502268858,2,76
2015-02-26,8779.0,8779.0,8779.0,8779.0,09:10:00,8776.436359195633,3,1
2015-02-26,8752.85,8779.0,8752.85,8779.0,09:15:00,8774.19003927224,3,2
2015-02-26,8745.7,8754.65,8742.6,8754.65,09:20:00,8771.476702198694,3,3
2015-02-26,8751.05,8755.45,8748.65,8748.65,09:25:00,8769.531301989295,3,4
2015-02-26,8753.45,8757.15,8746.4,8757.15,09:30:00,8767.999749418886,3,5
2015-02-26,8743.8,8749.45,8743.8,8749.45,09:35:00,8765.695011378992,3,6
2015-02-26,8741.05,8746.15,8741.05,8742.05,09:40:00,8763.347867438135,3,7
2015-02-26,8742.9,8744.85,8736.05,8736.05,09:45:00,8761.400451491645,3,8
2015-02-26,8745.1,8745.6,8741.65,8742.4,09:50:00,8759.84802754006,3,9
2015-02-26,8744.45,8745.8,8740.0,8745.8,09:55:00,8758.38154872672,3,10
2015-02-26,8748.3,8750.35,8746.3,8747.6,10:00:00,8757.421401228938,3,11
2015-02-26,8747.3,8747.3,8746.05,8747.15,10:05:00,8756.457458254754,3,12
2015-02-26,8748.7,8749.45,8748.4,8748.4,10:10:00,8755.718652706682,3,13
2015-02-26,8738.55,8747.5,8738.55,8747.5,10:15:00,8754.083542925093,3,14
2015-02-26,8739.75,8739.75,8733.0,8736.6,10:20:00,8752.718443598893,3,15
2015-02-26,8748.2,8748.2,8740.4,8740.4,10:25:00,8752.288115637093,3,16
2015-02-26,8748.35,8749.25,8746.85,8746.85,10:30:00,8751.91305700499,3,17
2015-02-26,8743.8,8748.4,8741.6,8748.4,10:35:00,8751.140384909275,3,18
2015-02-26,8746.15,8746.15,8742.25,8745.05,10:40:00,8750.665110156011,3,19
2015-02-26,8749.5,8749.5,8745.15,8745.55,10:45:00,8750.55414728401,3,20
2015-02-26,8742.65,8746.95,8742.65,8746.45,10:50:00,8749.8013713522,3,21
2015-02-26,8741.45,8741.45,8736.2,8737.2,10:55:00,8749.00600265199,3,22
2015-02-26,8739.4,8740.35,8738.45,8738.45,11:00:00,8748.091145256562,3,23
2015-02-26,8740.55,8743.7,8740.55,8743.7,11:05:00,8747.372940946412,3,24
2015-02-26,8744.05,8744.45,8738.45,8738.45,11:10:00,8747.056470380088,3,25
2015-02-26,8749.7,8749.7,8745.6,8745.6,11:15:00,8747.308235105795,3,26
2015-02-26,8753.1,8755.8,8751.1,8755.8,11:20:00,8747.859831762386,3,27
2015-02-26,8752.95,8752.95,8751.3,8751.45,11:25:00,8748.344609689777,3,28
2015-02-26,8753.25,8753.5,8751.15,8751.3,11:30:00,8748.811789719322,3,29
2015-02-26,8745.15,8753.0,8745.15,8752.3,11:35:00,8748.463047841291,3,30
2015-02-26,8747.05,8747.55,8742.9,8744.15,11:40:00,8748.328471856406,3,31
2015-02-26,8750.35,8750.35,8747.45,8747.45,11:45:00,8748.520998346272,3,32
2015-02-26,8746.65,8748.7,8746.65,8748.7,11:50:00,8748.342808027579,3,33
2015-02-26,8742.6,8746.9,8742.6,8746.9,11:55:00,8747.795873929714,3,34
2015-02-26,8740.35,8742.4,8739.1,8742.4,12:00:00,8747.086743079264,3,35
2015-02-26,8738.95,8741.5,8738.2,8738.2,12:05:00,8746.311815166953,3,36
2015-02-26,8736.45,8736.45,8727.95,8735.85,12:10:00,8745.372594674862,3,37
2015-02-26,8743.4,8743.8,8739.15,8739.15,12:15:00,8745.18472851535,3,38
2015-02-26,8743.05,8743.05,8740.6,8742.3,12:20:00,8744.981421037699,3,39
2015-02-26,8737.15,8740.7,8736.9,8740.7,12:25:00,8744.23557141506,3,40
2015-02-26,8737.1,8740.35,8737.1,8738.55,12:30:00,8743.555993185055,3,41
2015-02-26,8737.6,8738.5,8733.6,8733.6,12:35:00,8742.98875573886,3,42
2015-02-26,8723.15,8736.7,8723.15,8736.7,12:40:00,8741.099350430397,3,43
2015-02-26,8717.0,8718.8,8713.6,8718.8,12:45:00,8738.804174198931,3,44
2015-02-26,8724.6,8724.6,8722.0,8722.0,12:50:00,8737.451395703794,3,45
2015-02-26,8707.5,8718.5,8707.5,8718.0,12:55:00,8734.598881827242,3,46
2015-02-26,8720.8,8720.8,8715.7,8717.05,13:00:00,8733.284702605599,3,47
2015-02-26,8721.25,8722.6,8717.3,8717.3,13:05:00,8732.138540452685,3,48
2015-02-26,8730.15,8730.15,8719.4,8720.3,13:10:00,8731.949155647668,3,49
2015-02-26,8720.4,8733.5,8720.4,8733.5,13:15:00,8730.849236062177,3,50
2015-02-26,8724.2,8724.2,8717.6,8719.55,13:20:00,8730.215975484825,3,51
2015-02-26,8719.05,8723.8,8717.7,8723.8,13:25:00,8729.152549248174,3,52
2015-02-26,8719.85,8722.5,8718.55,8722.5,13:30:00,8728.26659217692,3,53
2015-02-26,8694.15,8710.5,8693.95,8710.5,13:35:00,8725.017392921976,3,54
2015-02-26,8682.6,8692.35,8679.75,8692.35,13:40:00,8720.977641215122,3,55
2015-02-26,8687.3,8687.3,8673.8,8685.25,13:45:00,8717.770246813681,3,56
2015-02-26,8688.9,8693.2,8687.0,8691.75,13:50:00,8715.020699498093,3,57
2015-02-26,8696.8,8697.3,8692.4,8692.4,13:55:00,8713.285394783989,3,58
2015-02-26,8696.05,8696.05,8691.35,8693.0,14:00:00,8711.643928614085,3,59
2015-02-26,8708.0,8708.0,8696.55,8696.55,14:05:00,8711.296887793696,3,60
2015-02-26,8711.15,8711.15,8706.1,8708.35,14:10:00,8711.28289848001,3,61
2015-02-26,8703.15,8708.35,8703.15,8708.35,14:15:00,8710.50833672001,3,62
2015-02-26,8712.75,8712.75,8708.55,8708.55,14:20:00,8710.72182846096,3,63
2015-02-26,8718.3,8721.95,8713.3,8713.3,14:25:00,8711.443559083726,3,64
2015-02-26,8716.65,8719.6,8716.65,8717.25,14:30:00,8711.939410599562,3,65
2015-02-26,8727.75,8727.75,8717.3,8718.15,14:35:00,8713.445181018651,3,66
2015-02-26,8724.65,8734.0,8724.65,8729.05,14:40:00,8714.512306635923,3,67
2015-02-26,8709.0,8720.45,8704.2,8720.45,14:45:00,8713.987325051548,3,68
2015-02-26,8713.3,8713.3,8701.95,8702.75,14:50:00,8713.921865522829,3,69
2015-02-26,8704.95,8718.95,8704.95,8718.25,14:55:00,8713.067402139703,3,70
2015-02-26,8685.5,8710.95,8685.5,8698.1,15:00:00,8710.441935269255,3,71
2015-02-26,8675.15,8678.9,8673.4,8678.9,15:05:00,8707.080798576944,3,72
2015-02-26,8676.85,8681.45,8674.6,8677.4,15:10:00,8704.20167490295,3,73
2015-02-26,8684.8,8684.8,8679.3,8681.1,15:15:00,8702.353896340765,3,74
2015-02-26,8685.95,8688.05,8683.45,8686.25,15:20:00,8700.791620498787,3,75
2015-02-26,8682.2,8686.85,8681.5,8685.65,15:25:00,8699.020989975092,3,76
2015-02-27,8729.5,8729.5,8729.5,8729.5,09:10:00,8701.923752834606,4,1
2015-02-27,8742.3,8747.95,8729.5,8729.5,09:15:00,8705.7691097075,4,2
2015-02-27,8731.9,8735.05,8724.5,8735.05,09:20:00,8708.257765925833,4,3
2015-02-27,8739.0,8739.5,8732.75,8732.75,09:25:00,8711.18559774242,4,4
2015-02-27,8733.1,8746.0,8732.85,8738.25,09:30:00,8713.272683671714,4,5
2015-02-27,8744.9,8745.45,8735.3,8735.3,09:35:00,8716.284809036313,4,6
2015-02-27,8739.35,8739.45,8732.2,8739.45,09:40:00,8718.481493889998,4,7
2015-02-27,8735.15,8743.2,8734.9,8739.95,09:45:00,8720.06897066238,4,8
2015-02-27,8736.55,8736.55,8733.15,8733.55,09:50:00,8721.638592504058,4,9
2015-02-27,8731.7,8732.15,8729.9,8732.15,09:55:00,8722.596821789386,4,10
2015-02-27,8730.5,8732.35,8725.35,8726.5,10:00:00,8723.349505428492,4,11
2015-02-27,8730.8,8730.8,8728.75,8730.4,10:05:00,8724.059076340065,4,12
2015-02-27,8731.65,8731.65,8728.85,8731.6,10:10:00,8724.782021450535,4,13
2015-02-27,8741.1,8741.1,8736.2,8736.2,10:15:00,8726.336114645723,4,14
2015-02-27,8733.4,8738.8,8733.25,8738.8,10:20:00,8727.008865631844,4,15
2015-02-27,8736.95,8737.35,8732.7,8732.7,10:25:00,8727.955640333574,4,16
2015-02-27,8737.15,8737.15,8734.8,8735.95,10:30:00,8728.831293635138,4,17
2015-02-27,8740.3,8740.3,8736.35,8738.0,10:35:00,8729.923551384172,4,18
2015-02-27,8735.0,8740.9,8732.0,8740.9,10:40:00,8730.407022680918,4,19
2015-02-27,8720.7,8735.65,8720.7,8734.5,10:45:00,8729.482544330354,4,20
2015-02-27,8727.2,8727.2,8721.1,8721.1,10:50:00,8729.265159156035,4,21
2015-02-27,8726.8,8731.75,8726.8,8729.9,10:55:00,8729.030382093555,4,22
2015-02-27,8731.7,8733.65,8724.55,8724.55,11:00:00,8729.284631417979,4,23
2015-02-27,8733.6,8733.6,8729.4,8730.6,11:05:00,8729.69561890198,4,24
2015-02-27,8733.1,8736.85,8733.1,8736.85,11:10:00,8730.01984567322,4,25
2015-02-27,8732.45,8736.5,8731.9,8731.9,11:15:00,8730.251288942436,4,26
2015-02-27,8734.4,8734.4,8731.6,8731.6,11:20:00,8730.646404281251,4,27
2015-02-27,8743.8,8746.7,8736.4,8736.4,11:25:00,8731.899127683037,4,28
2015-02-27,8751.55,8753.3,8748.4,8748.4,11:30:00,8733.770639332271,4,29
2015-02-27,8763.25,8766.95,8751.3,8751.3,11:35:00,8736.578197491102,4,30
2015-02-27,8764.6,8764.6,8758.25,8764.25,11:40:00,8739.246940587187,4,31
2015-02-27,8760.1,8764.65,8760.1,8761.6,11:45:00,8741.232946245551,4,32
2015-02-27,8759.25,8761.45,8758.05,8760.2,11:50:00,8742.948856126926,4,33
2015-02-27,8765.05,8765.05,8761.2,8761.2,11:55:00,8745.05372697198,4,34
2015-02-27,8766.4,8767.0,8764.4,8764.4,12:00:00,8747.086705355601,4,35
2015-02-27,8767.75,8773.9,8767.75,8773.4,12:05:00,8749.054638178877,4,36
2015-02-27,8772.6,8772.6,8768.75,8769.6,12:10:00,8751.297053590413,4,37
2015-02-27,8772.2,8775.9,8772.2,8773.7,12:15:00,8753.287810391326,4,38
2015-02-27,8777.05,8777.05,8770.75,8770.75,12:20:00,8755.550876068342,4,39
2015-02-27,8768.3,8777.35,8767.75,8777.35,12:25:00,8756.765078347547,4,40
2015-02-27,8764.75,8766.8,8761.1,8766.15,12:30:00,8757.525547076351,4,41
2015-02-27,8767.15,8770.2,8762.05,8762.05,12:35:00,8758.442161640509,4,42
2015-02-27,8774.25,8774.25,8767.0,8767.45,12:40:00,8759.947670055699,4,43
2015-02-27,8774.4,8779.8,8771.7,8779.8,12:45:00,8761.324082431347,4,44
2015-02-27,8772.6,8778.05,8771.35,8775.55,12:50:00,8762.397979342648,4,45
2015-02-27,8776.95,8776.95,8772.6,8772.6,12:55:00,8763.78388607192,4,46
2015-02-27,8776.95,8779.3,8776.95,8777.1,13:00:00,8765.037801684119,4,47
2015-02-27,8790.35,8791.1,8778.6,8778.6,13:05:00,8767.448487238013,4,48
2015-02-27,8805.05,8805.05,8790.4,8790.4,13:10:00,8771.029583691536,4,49
2015-02-27,8800.35,8804.3,8798.7,8804.3,13:15:00,8773.822004292342,4,50
2015-02-27,8803.1,8808.65,8803.1,8808.65,13:20:00,8776.610384835929,4,51
2015-02-27,8808.05,8808.05,8802.15,8807.75,13:25:00,8779.604633899173,4,52
2015-02-27,8801.0,8804.5,8798.95,8804.05,13:30:00,8781.642287813538,4,53
2015-02-27,8799.1,8803.15,8799.1,8802.05,13:35:00,8783.304927069392,4,54
2015-02-27,8809.95,8809.95,8798.3,8798.3,13:40:00,8785.842553062783,4,55
2015-02-27,8819.6,8825.0,8819.4,8819.4,13:45:00,8789.057548009185,4,56
2015-02-27,8814.25,8822.7,8814.25,8821.3,13:50:00,8791.456829151168,4,57
2015-02-27,8821.85,8822.75,8817.15,8821.2,13:55:00,8794.351416851056,4,58
2015-02-27,8808.2,8817.95,8808.2,8817.95,14:00:00,8795.670329531908,4,59
2015-02-27,8818.3,8818.3,8810.55,8810.55,14:05:00,8797.825536243154,4,60
2015-02-27,8820.65,8820.65,8817.15,8817.15,14:10:00,8799.999294696187,4,61
2015-02-27,8812.15,8817.85,8812.15,8815.6,14:15:00,8801.15650472512,4,62
2015-02-27,8807.7,8814.3,8807.7,8811.1,14:20:00,8801.7796947513,4,63
2015-02-27,8813.95,8813.95,8807.8,8810.2,14:25:00,8802.938771441652,4,64
2015-02-27,8817.25,8824.25,8812.2,8812.2,14:30:00,8804.301745590066,4,65
2015-02-27,8813.9,8819.8,8813.9,8819.8,14:35:00,8805.215865057678,4,66
2015-02-27,8804.9,8814.35,8804.6,8814.35,14:40:00,8805.185782671233,4,67
2015-02-27,8818.25,8818.25,8809.05,8809.45,14:45:00,8806.429993845402,4,68
2015-02-27,8815.15,8816.55,8813.5,8816.1,14:50:00,8807.26047062203,4,69
2015-02-27,8825.45,8826.9,8815.75,8815.75,14:55:00,8808.992806753266,4,70
2015-02-27,8837.0,8837.9,8829.65,8829.65,15:00:00,8811.66015849105,4,71
2015-02-27,8837.25,8847.75,8837.25,8842.4,15:05:00,8814.097286253807,4,72
2015-02-27,8847.8,8848.55,8843.75,8843.75,15:10:00,8817.307068515349,4,73
2015-02-27,8842.75,8855.65,8842.75,8851.2,15:15:00,8819.730204847221,4,74
2015-02-27,8842.25,8843.0,8840.55,8843.0,15:20:00,8821.874947242724,4,75
2015-02-27,8850.1,8850.1,8843.0,8847.2,15:25:00,8824.563047505322,4,76
2015-02-28,8913.05,8913.05,8913.05,8913.05,09:10:00,8832.99037631434,5,1
2015-02-28,8904.2,8913.05,8896.85,8913.05,09:15:00,8839.772245236783,5,2
2015-02-28,8901.2,8907.15,8899.5,8906.65,09:20:00,8845.622507595184,5,3
2015-02-28,8899.6,8905.45,8899.6,8903.55,09:25:00,8850.763221157547,5,4
2015-02-28,8912.55,8912.55,8902.9,8906.65,09:30:00,8856.6476762854,5,5
2015-02-28,8914.3,8917.4,8914.3,8915.65,09:35:00,8862.138373782029,5,6
2015-02-28,8913.5,8918.0,8913.5,8917.65,09:40:00,8867.02995723136,5,7
2015-02-28,8906.85,8911.25,8906.7,8911.25,09:45:00,8870.822342256944,5,8
2015-02-28,8905.85,8909.25,8905.85,8909.25,09:50:00,8874.158309661045,5,9
2015-02-28,8909.95,8915.4,8905.15,8905.15,09:55:00,8877.567042074279,5,10
2015-02-28,8908.5,8910.25,8906.05,8909.45,10:00:00,8880.513038067205,5,11
2015-02-28,8901.7,8910.55,8901.7,8910.55,10:05:00,8882.530843965567,5,12
2015-02-28,8903.8,8903.8,8896.5,8898.45,10:10:00,8884.556477873608,5,13
2015-02-28,8905.7,8906.85,8903.2,8906.85,10:15:00,8886.57014664755,5,14
2015-02-28,8907.95,8909.6,8906.2,8906.2,10:20:00,8888.606323157306,5,15
2015-02-28,8907.0,8907.3,8905.65,8906.85,10:25:00,8890.358101904229,5,16
2015-02-28,8900.6,8905.7,8900.6,8905.7,10:30:00,8891.333520770493,5,17
2015-02-28,8903.95,8905.75,8901.9,8903.35,10:35:00,8892.535090220921,5,18
2015-02-28,8895.55,8899.75,8888.25,8899.1,10:40:00,8892.822224485595,5,19
2015-02-28,8898.55,8899.7,8896.55,8898.1,10:45:00,8893.367726915538,5,20
2015-02-28,8904.45,8904.45,8900.8,8900.8,10:50:00,8894.42318149501,5,21
2015-02-28,8907.6,8907.6,8903.55,8903.55,10:55:00,8895.678116590723,5,22
2015-02-28,8906.45,8920.3,8906.45,8908.2,11:00:00,8896.70401024875,5,23
2015-02-28,8913.55,8915.0,8911.15,8914.4,11:05:00,8898.30839022506,5,24
2015-02-28,8922.65,8928.8,8918.75,8918.75,11:10:00,8900.626638775055,5,25
2015-02-28,8924.8,8925.85,8919.5,8919.5,11:15:00,8902.92886365362,5,26
2015-02-28,8917.55,8924.65,8917.55,8923.55,11:20:00,8904.321352829465,5,27
2015-02-28,8912.2,8912.2,8905.8,8905.8,11:25:00,8905.07170017904,5,28
2015-02-28,8900.5,8913.25,8881.6,8913.25,11:30:00,8904.636300161988,5,29
2015-02-28,8866.85,8885.6,8866.85,8885.6,11:35:00,8901.037604908466,5,30
2015-02-28,8870.85,8883.45,8869.5,8869.5,11:40:00,8898.162594917183,5,31
2015-02-28,8865.05,8877.3,8865.05,8877.3,11:45:00,8895.00901444888,5,32
2015-02-28,8872.5,8872.5,8859.1,8870.0,11:50:00,8892.865298787081,5,33
2015-02-28,8851.7,8868.2,8851.7,8864.85,11:55:00,8888.944794140692,5,34
2015-02-28,8862.8,8862.8,8835.55,8835.55,12:00:00,8886.45481374634,5,35
2015-02-28,8894.7,8915.65,8851.85,8863.5,12:05:00,8887.240069580022,5,36
2015-02-28,8903.3,8911.95,8903.3,8906.9,12:10:00,8888.769586762877,5,37
2015-02-28,8932.7,8932.7,8902.95,8906.2,12:15:00,8892.953435642603,5,38
2015-02-28,8923.5,8933.15,8917.55,8933.15,12:20:00,8895.862632248069,5,39
2015-02-28,8918.1,8918.1,8907.75,8917.35,12:25:00,8897.980476795872,5,40
2015-02-28,8903.7,8930.2,8903.7,8918.95,12:30:00,8898.525193291503,5,41
2015-02-28,8844.35,8880.45,8818.45,8880.45,12:35:00,8893.365651073265,5,42
2015-02-28,8835.65,8871.2,8821.85,8871.2,12:40:00,8887.86892239962,5,43
2015-02-28,8852.55,8862.05,8843.75,8843.75,12:45:00,8884.50521550442,5,44
2015-02-28,8831.45,8835.4,8809.95,8819.75,12:50:00,8879.452337837332,5,45
2015-02-28,8859.8,8859.8,8834.6,8834.6,12:55:00,8877.580686614729,5,46
2015-02-28,8865.1,8865.1,8845.85,8860.0,13:00:00,8876.392049794278,5,47
2015-02-28,8826.85,8845.25,8826.85,8845.25,13:05:00,8871.67375933768,5,48
2015-02-28,8826.55,8838.4,8821.75,8838.4,13:10:00,8867.376258448377,5,49
2015-02-28,8800.15,8826.4,8800.15,8826.4,13:15:00,8860.97375764377,5,50
2015-02-28,8761.2,8791.0,8761.2,8782.95,13:20:00,8851.47149501103,5,51
2015-02-28,8763.45,8776.4,8754.3,8754.3,13:25:00,8843.08849548617,5,52
2015-02-28,8781.5,8786.7,8769.6,8769.6,13:30:00,8837.222924487487,5,53
2015-02-28,8783.65,8783.65,8770.7,8770.7,13:35:00,8832.120741202965,5,54
2015-02-28,8801.85,8817.3,8793.15,8793.15,13:40:00,8829.23781346935,5,55
2015-02-28,8791.05,8801.85,8788.55,8796.25,13:45:00,8825.600878853222,5,56
2015-02-28,8776.65,8785.15,8776.65,8785.15,13:50:00,8820.93889039101,5,57
2015-02-28,8782.9,8787.15,8782.85,8787.15,13:55:00,8817.316138925198,5,58
2015-02-28,8799.15,8799.15,8777.5,8784.0,14:00:00,8815.586030456132,5,59
2015-02-28,8797.55,8808.4,8792.3,8808.4,14:05:00,8813.868313269833,5,60
2015-02-28,8801.35,8807.75,8799.25,8799.25,14:10:00,8812.67609295842,5,61
2015-02-28,8812.15,8812.15,8800.8,8801.8,14:15:00,8812.625988867141,5,62
2015-02-28,8807.4,8811.55,8807.05,8807.05,14:20:00,8812.128275641699,5,63
2015-02-28,8821.7,8821.7,8809.5,8814.45,14:25:00,8813.039868437727,5,64
2015-02-28,8824.0,8834.25,8821.05,8833.1,14:30:00,8814.083690491276,5,65
2015-02-28,8811.95,8820.55,8811.95,8815.55,14:35:00,8813.880481873059,5,66
2015-02-28,8835.7,8835.7,8812.65,8812.65,14:40:00,8815.958531218483,5,67
2015-02-28,8854.1,8854.1,8828.45,8832.3,14:45:00,8819.591052054817,5,68
2015-02-28,8872.15,8872.7,8858.8,8858.8,14:50:00,8824.596666144835,5,69
2015-02-28,8867.05,8892.05,8866.85,8880.25,14:55:00,8828.639840797707,5,70
2015-02-28,8858.8,8872.25,8858.65,8869.25,15:00:00,8831.512236912211,5,71
2015-02-28,8881.2,8881.2,8864.15,8866.05,15:05:00,8836.244404825335,5,72
2015-02-28,8903.4,8903.4,8877.3,8877.3,15:10:00,8842.64017579435,5,73
2015-02-28,8900.75,8912.05,8900.75,8908.8,15:15:00,8848.174444766315,5,74
2015-02-28,8914.6,8918.25,8909.85,8909.85,15:20:00,8854.500688121905,5,75
2015-02-28,8924.2,8929.4,8920.5,8920.5,15:25:00,8861.13871782458,5,76
2015-03-02,8953.85,8953.85,8953.85,8953.85,09:10:00,8869.96836374605,0,1
2015-03-02,8941.5,8955.95,8932.65,8953.85,09:15:00,8876.78090053214,0,2
2015-03-02,8946.95,8956.65,8944.55,8955.65,09:20:00,8883.46367191003,0,3
2015-03-02,8931.65,8946.8,8931.65,8935.55,09:25:00,8888.052846013838,0,4
2015-03-02,8944.45,8944.45,8936.7,8936.9,09:30:00,8893.42400353633,0,5
2015-03-02,8961.3,8961.3,8945.65,8945.65,09:35:00,8899.888384151916,0,6
2015-03-02,8964.1,8966.85,8955.65,8966.85,09:40:00,8906.003776137448,0,7
2015-03-02,8962.2,8969.1,8962.2,8963.95,09:45:00,8911.35579745769,0,8
2015-03-02,8962.6,8962.6,8956.15,8960.3,09:50:00,8916.236197699816,0,9
2015-03-02,8956.25,8964.4,8956.25,8959.6,09:55:00,8920.047036014119,0,10
2015-03-02,8953.2,8964.5,8953.2,8960.5,10:00:00,8923.20446115563,0,11
2015-03-02,8953.8,8963.8,8953.8,8958.4,10:05:00,8926.11832199795,0,12
2015-03-02,8955.65,8955.65,8951.35,8952.6,10:10:00,8928.93086276005,0,13
2015-03-02,8964.1,8964.1,8959.5,8960.4,10:15:00,8932.28030440195,0,14
2015-03-02,8961.05,8970.4,8961.05,8969.8,10:20:00,8935.020275411287,0,15
2015-03-02,8952.35,8961.15,8952.35,8961.15,10:25:00,8936.670725372116,0,16
2015-03-02,8949.4,8950.6,8944.45,8950.6,10:30:00,8937.88303724144,0,17
2015-03-02,8946.75,8949.5,8940.3,8947.8,10:35:00,8938.727509885111,0,18
2015-03-02,8943.2,8951.2,8943.2,8951.2,10:40:00,8939.153461324624,0,19
2015-03-02,8935.8,8944.45,8935.8,8943.85,10:45:00,8938.834084055612,0,20
2015-03-02,8927.65,8933.1,8927.65,8933.1,10:50:00,8937.768933193172,0,21
2015-03-02,8928.85,8934.7,8924.15,8924.15,10:55:00,8936.919510984299,0,22
2015-03-02,8923.7,8928.95,8923.7,8926.0,11:00:00,8935.660509938174,0,23
2015-03-02,8923.6,8926.55,8919.95,8919.95,11:05:00,8934.511889944062,0,24
2015-03-02,8930.6,8930.6,8926.45,8926.45,11:10:00,8934.13932899701,0,25
2015-03-02,8916.2,8927.35,8912.6,8927.35,11:15:00,8932.430821473485,0,26
2015-03-02,8904.55,8914.4,8895.6,8914.4,11:20:00,8929.775505142676,0,27
2015-03-02,8909.15,8913.6,8903.8,8903.8,11:25:00,8927.811171319563,0,28
2015-03-02,8916.5,8916.5,8909.65,8913.9,11:30:00,8926.733916908175,0,29
2015-03-02,8908.9,8914.05,8908.8,8914.05,11:35:00,8925.035448631206,0,30
2015-03-02,8894.95,8903.3,8894.95,8903.3,11:40:00,8922.170167809187,0,31
2015-03-02,8905.45,8905.7,8890.05,8890.05,11:45:00,8920.57777087498,0,32
2015-03-02,8912.2,8912.2,8905.3,8905.65,11:50:00,8919.779887934505,0,33
2015-03-02,8900.45,8907.3,8900.45,8907.3,11:55:00,8917.938946226457,0,34
2015-03-02,8895.55,8901.9,8893.6,8893.6,12:00:00,8915.806665633461,0,35
2015-03-02,8893.15,8896.2,8888.4,8891.7,12:05:00,8913.648887954085,0,36
2015-03-02,8903.1,8903.1,8898.25,8898.25,12:10:00,8912.644231958458,0,37
2015-03-02,8895.9,8903.65,8895.9,8903.65,12:15:00,8911.04954320051,0,38
2015-03-02,8908.7,8908.7,8893.7,8893.7,12:20:00,8910.825777181413,0,39
2015-03-02,8920.95,8920.95,8908.9,8908.9,12:25:00,8911.789988878421,0,40
2015-03-02,8929.6,8929.6,8920.55,8920.55,12:30:00,8913.486180413809,0,41
2015-03-02,8917.35,8927.7,8917.35,8926.75,12:35:00,8913.854163231541,0,42
2015-03-02,8911.0,8919.55,8911.0,8919.55,12:40:00,8913.58233816187,0,43
2015-03-02,8918.8,8924.4,8913.3,8913.3,12:45:00,8914.07925833693,0,44
2015-03-02,8919.0,8919.0,8916.15,8916.15,12:50:00,8914.547900400079,0,45
2015-03-02,8920.55,8920.55,8917.75,8917.75,12:55:00,8915.119528933405,0,46
2015-03-02,8917.2,8924.5,8917.2,8923.3,13:00:00,8915.317669034985,0,47
2015-03-02,8905.35,8913.85,8905.35,8912.8,13:05:00,8914.368367222129,0,48
2015-03-02,8902.5,8906.8,8902.5,8904.7,13:10:00,8913.238046534307,0,49
2015-03-02,8902.0,8902.0,8895.45,8898.9,13:15:00,8912.167756388182,0,50
2015-03-02,8904.5,8904.5,8900.25,8901.75,13:20:00,8911.437493875022,0,51
2015-03-02,8896.0,8902.6,8896.0,8902.6,13:25:00,8909.967256363116,0,52
2015-03-02,8905.2,8905.2,8894.1,8894.1,13:30:00,8909.51323194758,0,53
2015-03-02,8906.4,8909.0,8906.05,8909.0,13:35:00,8909.216733666857,0,54
2015-03-02,8914.1,8916.35,8911.15,8911.15,13:40:00,8909.681806650966,0,55
2015-03-02,8914.6,8915.95,8911.9,8912.75,13:45:00,8910.15020601754,0,56
2015-03-02,8924.35,8924.9,8916.1,8916.1,13:50:00,8911.502567349204,0,57
2015-03-02,8909.45,8918.2,8909.45,8918.2,13:55:00,8911.307084744518,0,58
2015-03-02,8928.7,8928.7,8916.1,8916.1,14:00:00,8912.963552864088,0,59
2015-03-02,8924.5,8927.0,8922.75,8924.95,14:05:00,8914.062262115127,0,60
2015-03-02,8924.1,8924.35,8917.05,8917.05,14:10:00,8915.018237151782,0,61
2015-03-02,8918.15,8928.7,8918.15,8928.7,14:15:00,8915.316500280183,0,62
2015-03-02,8927.6,8927.6,8917.85,8917.85,14:20:00,8916.486357396356,0,63
2015-03-02,8934.0,8934.75,8927.85,8927.85,14:25:00,8918.154323358607,0,64
2015-03-02,8935.5,8938.9,8933.0,8937.4,14:30:00,8919.806292562549,0,65
2015-03-02,8938.3,8940.75,8935.7,8935.7,14:35:00,8921.567598032783,0,66
2015-03-02,8942.5,8945.7,8936.6,8936.6,14:40:00,8923.561160124898,0,67
2015-03-02,8913.9,8935.8,8913.9,8935.8,14:45:00,8922.641049636812,0,68
2015-03-02,8922.55,8925.65,8918.2,8923.5,14:50:00,8922.63237824283,0,69
2015-03-02,8927.45,8928.95,8920.05,8920.05,14:55:00,8923.09119936256,0,70
2015-03-02,8940.05,8940.05,8927.05,8927.05,15:00:00,8924.706323232791,0,71
2015-03-02,8956.5,8959.15,8944.3,8944.3,15:05:00,8927.734292448717,0,72
2015-03-02,8956.9,8962.2,8954.95,8962.2,15:10:00,8930.511978882172,0,73
2015-03-02,8958.0,8959.3,8956.65,8959.3,15:15:00,8933.129885655298,0,74
2015-03-02,8966.15,8968.25,8960.1,8960.1,15:20:00,8936.274658450031,0,75
2015-03-02,8962.05,8965.95,8961.05,8965.95,15:25:00,8938.72945288336,0,76
2015-03-03,8962.85,8962.85,8962.85,8962.85,09:10:00,8941.02664784685,1,1
2015-03-03,8943.0,8962.85,8931.45,8962.85,09:15:00,8941.214586147149,1,2
2015-03-03,8938.85,8939.7,8930.9,8939.7,09:20:00,8940.989387466469,1,3
2015-03-03,8935.9,8940.55,8935.9,8940.55,09:25:00,8940.504683898233,1,4
2015-03-03,8945.85,8945.85,8934.2,8934.3,09:30:00,8941.013761622211,1,5
2015-03-03,8948.9,8959.4,8948.9,8950.6,09:35:00,8941.764831943905,1,6
2015-03-03,8961.4,8961.4,8948.65,8948.65,09:40:00,8943.634847949248,1,7
2015-03-03,8962.2,8962.2,8958.85,8960.25,09:45:00,8945.402957668368,1,8
2015-03-03,8946.4,8958.8,8946.4,8958.8,09:50:00,8945.497914080905,1,9
2015-03-03,8950.55,8950.55,8946.75,8946.75,09:55:00,8945.979065120819,1,10
2015-03-03,8952.0,8952.0,8946.2,8946.2,10:00:00,8946.552487490264,1,11
2015-03-03,8952.1,8956.4,8949.3,8956.4,10:05:00,8947.080822015001,1,12
2015-03-03,8958.9,8959.9,8956.0,8958.2,10:10:00,8948.206458013572,1,13
2015-03-03,8967.15,8967.15,8952.25,8952.25,10:15:00,8950.010604869423,1,14
2015-03-03,8962.5,8965.4,8959.25,8965.4,10:20:00,8951.200071072335,1,15
2015-03-03,8967.6,8967.6,8965.0,8965.45,10:25:00,8952.761969065446,1,16
2015-03-03,8957.25,8969.4,8957.25,8969.4,10:30:00,8953.189400583024,1,17
2015-03-03,8957.55,8960.25,8956.5,8956.5,10:35:00,8953.604695765593,1,18
2015-03-03,8960.65,8960.65,8955.6,8955.6,10:40:00,8954.27567712125,1,19
2015-03-03,8958.55,8958.55,8957.15,8957.2,10:45:00,8954.682755490656,1,20
2015-03-03,8961.45,8961.8,8958.05,8959.9,10:50:00,8955.327254967737,1,21
2015-03-03,8954.15,8959.9,8954.15,8959.9,10:55:00,8955.215135447,1,22
2015-03-03,8953.8,8959.0,8953.8,8959.0,11:00:00,8955.080360642523,1,23
2015-03-03,8953.6,8959.1,8953.6,8953.95,11:05:00,8954.939373914664,1,24
2015-03-03,8951.25,8951.45,8947.0,8950.85,11:10:00,8954.58800497041,1,25
2015-03-03,8946.15,8952.6,8946.15,8952.6,11:15:00,8953.784385449419,1,26
2015-03-03,8942.95,8942.95,8940.45,8942.75,11:20:00,8952.75253921614,1,27
2015-03-03,8943.35,8943.35,8937.1,8939.95,11:25:00,8951.857059290793,1,28
2015-03-03,8944.05,8944.05,8942.35,8942.7,11:30:00,8951.113529834527,1,29
2015-03-03,8944.65,8944.65,8941.5,8944.4,11:35:00,8950.497955564571,1,30
2015-03-03,8949.7,8949.7,8945.4,8945.4,11:40:00,8950.421959796517,1,31
2015-03-03,8948.35,8950.7,8946.05,8950.6,11:45:00,8950.224630292087,1,32
2015-03-03,8948.65,8949.4,8945.85,8946.7,11:50:00,8950.074665502365,1,33
2015-03-03,8957.1,8957.1,8948.0,8948.0,11:55:00,8950.74374497833,1,34
2015-03-03,8959.45,8959.45,8957.75,8957.75,12:00:00,8951.57291212325,1,35
2015-03-03,8955.85,8958.55,8952.45,8958.55,12:05:00,8951.980253825797,1,36
2015-03-03,8959.2,8962.9,8957.15,8957.7,12:10:00,8952.667848699532,1,37
2015-03-03,8962.85,8962.85,8959.05,8961.15,12:15:00,8953.637577394815,1,38
2015-03-03,8964.15,8965.8,8962.5,8965.8,12:20:00,8954.638760500071,1,39
2015-03-03,8961.45,8963.5,8960.0,8961.5,12:25:00,8955.287449976255,1,40
2015-03-03,8963.4,8964.6,8962.75,8962.75,12:30:00,8956.06007378804,1,41
2015-03-03,8963.15,8965.5,8963.15,8963.2,12:35:00,8956.735304855845,1,42
2015-03-03,8961.25,8963.45,8961.25,8963.25,12:40:00,8957.165275821955,1,43
2015-03-03,8966.35,8966.35,8963.35,8963.35,12:45:00,8958.04001145796,1,44
2015-03-03,8977.1,8977.1,8973.8,8974.1,12:50:00,8959.855248461965,1,45
2015-03-03,8974.4,8981.55,8974.4,8977.0,12:55:00,8961.240462894159,1,46
2015-03-03,8979.65,8979.65,8973.3,8975.5,13:00:00,8962.993752142334,1,47
2015-03-03,8975.3,8980.75,8975.3,8979.3,13:05:00,8964.165775747826,1,48
2015-03-03,8976.05,8976.3,8969.6,8972.75,13:10:00,8965.297606628985,1,49
2015-03-03,8974.6,8981.95,8974.6,8977.15,13:15:00,8966.183548854795,1,50
2015-03-03,8977.15,8977.25,8976.4,8976.4,13:20:00,8967.227972773386,1,51
2015-03-03,8974.8,8977.6,8974.8,8977.6,13:25:00,8967.94911822354,1,52
2015-03-03,8983.25,8983.25,8977.4,8977.4,13:30:00,8969.406345059393,1,53
2015-03-03,8988.9,8990.55,8982.85,8982.85,13:35:00,8971.262883625166,1,54
2015-03-03,8983.9,8988.7,8983.35,8983.4,13:40:00,8972.466418518006,1,55
2015-03-03,8969.25,8983.4,8969.25,8983.4,13:45:00,8972.160092944863,1,56
2015-03-03,8970.1,8972.3,8962.4,8962.4,13:50:00,8971.963893616781,1,57
2015-03-03,8970.35,8970.35,8964.6,8965.9,13:55:00,8971.810189462802,1,58
2015-03-03,8974.2,8974.2,8969.7,8969.7,14:00:00,8972.037790466344,1,59
2015-03-03,8980.35,8980.35,8973.0,8976.95,14:05:00,8972.82942946955,1,60
2015-03-03,8978.85,8980.3,8975.9,8980.3,14:10:00,8973.402817139116,1,61
2015-03-03,8979.6,8982.35,8977.8,8982.35,14:15:00,8973.99302503063,1,62
2015-03-03,8981.1,8981.4,8977.95,8979.85,14:20:00,8974.669879789617,1,63
2015-03-03,8986.35,8986.35,8979.5,8979.5,14:25:00,8975.782272190605,1,64
2015-03-03,8984.55,8985.2,8981.8,8985.2,14:30:00,8976.617293886738,1,65
2015-03-03,8983.9,8985.75,8981.05,8981.05,14:35:00,8977.310884945144,1,66
2015-03-03,8993.3,8994.7,8983.55,8983.55,14:40:00,8978.83365780751,1,67
2015-03-03,8983.65,8984.75,8980.1,8984.75,14:45:00,8979.292357063938,1,68
2015-03-03,8990.0,8991.8,8987.3,8991.8,14:50:00,8980.312132581657,1,69
2015-03-03,8990.7,8990.7,8988.65,8990.55,14:55:00,8981.301453288166,1,70
2015-03-03,8999.85,9000.35,8990.7,8990.7,15:00:00,8983.067981546435,1,71
2015-03-03,9006.1,9006.2,9003.65,9004.65,15:05:00,8985.261507113442,1,72
2015-03-03,8991.3,9002.6,8991.3,9002.6,15:10:00,8985.836601674066,1,73
2015-03-03,8993.4,8993.9,8990.25,8990.25,15:15:00,8986.556925324156,1,74
2015-03-03,8993.75,8993.75,8992.3,8992.3,15:20:00,8987.241980055189,1,75
2015-03-03,8998.8,8998.8,8993.9,8993.9,15:25:00,8988.342743859457,1,76
2015-03-04,9109.15,9109.15,9109.15,9109.15,09:10:00,8999.848196825224,2,1
2015-03-04,9088.45,9109.15,9088.45,9109.15,09:15:00,9008.286463794251,2,2
2015-03-04,9086.5,9087.75,9073.4,9087.75,09:20:00,9015.73537200432,2,3
2015-03-04,9071.2,9082.15,9071.2,9082.15,09:25:00,9021.01771752772,2,4
2015-03-04,9070.3,9074.4,9068.15,9069.25,09:30:00,9025.711268239364,2,5
2015-03-04,9073.65,9073.65,9064.4,9064.4,09:35:00,9030.276861740378,2,6
2015-03-04,9074.35,9077.8,9070.95,9070.95,09:40:00,9034.47430347939,2,7
2015-03-04,9070.75,9077.8,9070.25,9077.8,09:45:00,9037.929131719447,2,8
2015-03-04,9066.0,9073.6,9066.0,9073.6,09:50:00,9040.602547746166,2,9
2015-03-04,9065.75,9069.75,9065.75,9067.3,09:55:00,9042.997543198911,2,10
2015-03-04,9074.7,9074.7,9069.3,9069.35,10:00:00,9046.016824799017,2,11
2015-03-04,9082.8,9082.8,9076.1,9076.1,10:05:00,9049.519984341969,2,12
2015-03-04,9073.9,9084.3,9073.9,9084.3,10:10:00,9051.841890595111,2,13
2015-03-04,9079.9,9081.3,9078.6,9081.3,10:15:00,9054.514091490815,2,14
2015-03-04,9081.65,9082.55,9080.25,9080.25,10:20:00,9057.098463729784,2,15
2015-03-04,9078.15,9080.1,9074.2,9080.1,10:25:00,9059.103371945996,2,16
2015-03-04,9075.55,9076.9,9073.2,9073.2,10:30:00,9060.66971747495,2,17
2015-03-04,9078.1,9078.1,9075.6,9075.6,10:35:00,9062.329744382096,2,18
2015-03-04,9080.85,9080.95,9078.15,9078.8,10:40:00,9064.09357825047,2,19
2015-03-04,9078.9,9082.0,9077.2,9082.0,10:45:00,9065.503713655184,2,20
2015-03-04,9073.3,9077.65,9072.9,9077.65,10:50:00,9066.246217116595,2,21
2015-03-04,9067.95,9074.85,9067.95,9073.9,10:55:00,9066.408482153112,2,22
2015-03-04,9065.3,9069.1,9065.3,9065.95,11:00:00,9066.302912424244,2,23
2015-03-04,9061.1,9061.1,9055.55,9059.1,11:05:00,9065.80739695527,2,24
2015-03-04,9065.95,9068.35,9062.35,9062.35,11:10:00,9065.820978197624,2,25
2015-03-04,9065.6,9068.85,9064.6,9064.6,11:15:00,9065.799932654993,2,26
2015-03-04,9065.65,9071.05,9065.65,9068.35,11:20:00,9065.785653354516,2,27
2015-03-04,9055.95,9061.4,9055.95,9061.4,11:25:00,9064.848924463611,2,28
2015-03-04,9055.55,9057.75,9053.25,9053.25,11:30:00,9063.963312609932,2,29
2015-03-04,9053.1,9054.1,9047.35,9054.1,11:35:00,9062.928711408988,2,30
2015-03-04,9054.2,9060.0,9054.2,9058.8,11:40:00,9062.097405560511,2,31
2015-03-04,9050.2,9056.25,9049.15,9056.25,11:45:00,9060.964319316652,2,32
2015-03-04,9048.2,9053.2,9047.35,9053.2,11:50:00,9059.748669857923,2,33
2015-03-04,9047.1,9053.15,9046.4,9052.15,11:55:00,9058.54403463336,2,34
2015-03-04,9030.4,9042.45,9030.4,9042.05,12:00:00,9055.863650382564,2,35
2015-03-04,9038.7,9038.7,9023.2,9023.2,12:05:00,9054.229017012796,2,36
2015-03-04,9036.45,9038.3,9031.15,9038.3,12:10:00,9052.535777297291,2,37
2015-03-04,9046.6,9046.6,9039.5,9040.2,12:15:00,9051.97046517374,2,38
2015-03-04,9042.15,9049.7,9042.15,9047.7,12:20:00,9051.03518277624,2,39
2015-03-04,9040.8,9042.7,9037.25,9040.4,12:25:00,9050.060403464218,2,40
2015-03-04,9049.7,9049.7,9039.95,9039.95,12:30:00,9050.026079324767,2,41
2015-03-04,9038.6,9048.6,9038.6,9045.5,12:35:00,9048.93788129384,2,42
2015-03-04,9043.85,9046.0,9043.0,9045.2,12:40:00,9048.453321170617,2,43
2015-03-04,9041.3,9044.15,9040.6,9042.75,12:45:00,9047.7720524877,2,44
2015-03-04,9045.8,9045.8,9042.0,9042.0,12:50:00,9047.584237965062,2,45
2015-03-04,9053.95,9053.95,9045.7,9045.7,12:55:00,9048.190501016008,2,46
2015-03-04,9060.6,9060.6,9056.55,9058.95,13:00:00,9049.372358062104,2,47
2015-03-04,9052.0,9059.6,9052.0,9057.2,13:05:00,9049.622609675236,2,48
2015-03-04,9049.9,9050.1,9046.55,9048.8,13:10:00,9049.649027801404,2,49
2015-03-04,9035.15,9045.6,9035.15,9044.6,13:15:00,9048.268168010794,2,50
2015-03-04,9045.75,9045.75,9039.9,9039.9,13:20:00,9048.028342485955,2,51
2015-03-04,9042.15,9047.05,9041.1,9047.05,13:25:00,9047.468500344436,2,52
2015-03-04,9043.1,9043.1,9037.0,9042.2,13:30:00,9047.052452692587,2,53
2015-03-04,9055.05,9055.05,9042.95,9042.95,13:35:00,9047.814123864722,2,54
2015-03-04,9053.5,9053.65,9052.55,9052.7,13:40:00,9048.355635877606,2,55
2015-03-04,9045.1,9052.55,9042.15,9052.55,13:45:00,9048.045575317834,2,56
2015-03-04,9047.25,9050.3,9045.4,9048.05,13:50:00,9047.969806239946,2,57
2015-03-04,9049.25,9051.05,9049.15,9049.15,13:55:00,9048.09172945519,2,58
2015-03-04,9052.95,9056.25,9052.95,9053.45,14:00:00,9048.554421888028,2,59
2015-03-04,9042.05,9054.3,9042.05,9054.3,14:05:00,9047.934953136788,2,60
2015-03-04,9031.15,9038.4,9031.15,9038.4,14:10:00,9046.33638617138,2,61
2015-03-04,9024.75,9024.75,9021.35,9024.75,14:15:00,9044.280539869342,2,62
2015-03-04,9030.6,9033.2,9023.2,9023.2,14:20:00,9042.977631310356,2,63
2015-03-04,8996.2,9029.45,8996.2,9029.45,14:25:00,9038.522618804607,2,64
2015-03-04,8990.95,9002.55,8990.95,8996.5,14:30:00,9033.99189320417,2,65
2015-03-04,8983.0,8983.65,8977.35,8983.65,14:35:00,9029.13552242282,2,66
2015-03-04,8963.7,8978.25,8953.35,8978.25,14:40:00,9022.90356790636,2,67
2015-03-04,8947.2,8953.15,8928.5,8953.15,14:45:00,9015.69370429623,2,68
2015-03-04,8907.15,8948.8,8907.15,8942.0,14:50:00,9005.356208648971,2,69
2015-03-04,8911.55,8916.25,8903.65,8903.65,14:55:00,8996.422284015736,2,70
2015-03-04,8931.2,8940.6,8926.3,8926.3,15:00:00,8990.210637918999,2,71
2015-03-04,8937.05,8945.15,8937.05,8944.2,15:05:00,8985.147720021952,2,72
2015-03-04,8925.3,8926.7,8920.3,8925.65,15:10:00,8979.447937162719,2,73
2015-03-04,8918.55,8922.85,8913.95,8922.85,15:15:00,8973.648133623412,2,74
2015-03-04,8908.45,8918.3,8902.75,8918.3,15:20:00,8967.438787564039,2,75
2015-03-04,8916.0,8918.2,8910.55,8910.55,15:25:00,8962.539855415083,2,76
2015-03-05,8929.4,8929.4,8929.4,8929.4,09:10:00,8959.383678708884,3,1
2015-03-05,8934.7,8934.7,8922.7,8929.4,09:15:00,8957.03285216518,3,2
2015-03-05,8936.6,8942.65,8926.25,8928.2,09:20:00,8955.086866244686,3,3
2015-03-05,8943.8,8946.85,8939.9,8940.15,09:25:00,8954.011926602336,3,4
2015-03-05,8947.25,8947.25,8931.35,8944.3,09:30:00,8953.36793359259,3,5
2015-03-05,8937.7,8944.9,8937.7,8939.3,09:35:00,8951.875749440915,3,6
2015-03-05,8923.75,8931.7,8923.75,8930.25,09:40:00,8949.197106637017,3,7
2015-03-05,8919.95,8923.3,8916.3,8923.3,09:45:00,8946.411667909682,3,8
2015-03-05,8915.1,8921.75,8913.6,8921.75,09:50:00,8943.429604299236,3,9
2015-03-05,8899.8,8916.4,8899.8,8910.25,09:55:00,8939.274403889784,3,10
2015-03-05,8916.55,8916.55,8902.1,8902.1,10:00:00,8937.110174947898,3,11
2015-03-05,8922.65,8924.35,8915.2,8915.2,10:05:00,8935.73301542905,3,12
2015-03-05,8922.95,8927.0,8918.7,8918.7,10:10:00,8934.515585388188,3,13
2015-03-05,8931.9,8932.9,8918.4,8918.4,10:15:00,8934.266482017885,3,14
2015-03-05,8934.75,8934.75,8928.45,8930.7,10:20:00,8934.312531349515,3,15
2015-03-05,8936.35,8937.0,8933.2,8936.65,10:25:00,8934.506575982894,3,16
2015-03-05,8931.4,8935.1,8931.4,8933.05,10:30:00,8934.210711603571,3,17
2015-03-05,8930.35,8939.15,8930.35,8935.7,10:35:00,8933.843024784184,3,18
2015-03-05,8922.15,8928.8,8920.6,8926.2,10:40:00,8932.729403376166,3,19
2015-03-05,8927.9,8927.9,8923.6,8925.3,10:45:00,8932.269460197484,3,20
2015-03-05,8918.5,8924.75,8915.4,8924.75,10:50:00,8930.958083035817,3,21
2015-03-05,8924.15,8924.15,8915.95,8916.5,10:55:00,8930.309694175263,3,22
2015-03-05,8931.3,8931.85,8925.45,8925.45,11:00:00,8930.404009015714,3,23
2015-03-05,8929.7,8934.0,8929.4,8931.1,11:05:00,8930.336960538027,3,24
2015-03-05,8929.55,8930.65,8925.7,8930.65,11:10:00,8930.262011915358,3,25
2015-03-05,8922.85,8927.3,8922.85,8927.3,11:15:00,8929.556106018657,3,26
2015-03-05,8929.1,8929.1,8924.85,8926.35,11:20:00,8929.512667350215,3,27
2015-03-05,8932.6,8934.35,8926.0,8929.1,11:25:00,8929.806699031147,3,28
2015-03-05,8930.6,8933.5,8930.5,8930.5,11:30:00,8929.882251504372,3,29
2015-03-05,8916.75,8929.55,8916.75,8929.55,11:35:00,8928.631560884909,3,30
2015-03-05,8907.15,8917.6,8904.1,8917.6,11:40:00,8926.585697943488,3,31
2015-03-05,8904.45,8911.3,8904.45,8910.35,11:45:00,8924.477536234584,3,32
2015-03-05,8897.7,8906.9,8897.7,8906.9,11:50:00,8921.927294688434,3,33
2015-03-05,8902.5,8902.5,8894.65,8897.1,11:55:00,8920.077076146677,3,34
2015-03-05,8906.2,8906.55,8905.1,8905.1,12:00:00,8918.755449846994,3,35
2015-03-05,8898.35,8906.65,8897.95,8906.65,12:05:00,8916.81207367109,3,36
2015-03-05,8902.85,8904.15,8895.15,8895.45,12:10:00,8915.482352369081,3,37
2015-03-05,8905.75,8908.95,8905.35,8906.3,12:15:00,8914.555461667263,3,38
2015-03-05,8905.8,8909.2,8905.8,8908.65,12:20:00,8913.721608175143,3,39
2015-03-05,8906.0,8906.3,8903.9,8904.9,12:25:00,8912.986216920368,3,40
2015-03-05,8903.85,8906.8,8903.85,8906.05,12:30:00,8912.11610102319,3,41
2015-03-05,8908.75,8908.75,8901.55,8901.55,12:35:00,8911.795519973362,3,42
2015-03-05,8902.55,8909.85,8902.55,8909.4,12:40:00,8910.914994261613,3,43
2015-03-05,8875.9,8900.7,8875.9,8900.7,12:45:00,8907.580232903365,3,44
2015-03-05,8869.65,8875.45,8867.8,8867.8,12:50:00,8903.967829769712,3,45
2015-03-05,8875.6,8880.3,8875.6,8879.55,12:55:00,8901.266131696406,3,46
2015-03-05,8872.0,8875.4,8871.75,8871.75,13:00:00,8898.478881058652,3,47
2015-03-05,8864.7,8876.55,8864.7,8876.55,13:05:00,8895.261844767352,3,48
2015-03-05,8860.95,8862.9,8854.0,8854.0,13:10:00,8891.994050027604,3,49
2015-03-05,8861.9,8862.9,8852.95,8862.9,13:15:00,8889.127950024975,3,50
2015-03-05,8870.7,8871.25,8865.55,8865.55,13:20:00,8887.372907165454,3,51
2015-03-05,8877.9,8877.9,8870.65,8870.65,13:25:00,8886.47072553065,3,52
2015-03-05,8866.6,8881.9,8866.6,8875.35,13:30:00,8884.578275480111,3,53
2015-03-05,8872.35,8878.85,8871.1,8871.1,13:35:00,8883.413677815339,3,54
2015-03-05,8870.6,8875.25,8866.8,8875.25,13:40:00,8882.193327547211,3,55
2015-03-05,8868.0,8871.3,8867.05,8867.05,13:45:00,8880.841582066525,3,56
2015-03-05,8882.05,8882.05,8869.95,8869.95,13:50:00,8880.95666948876,3,57
2015-03-05,8918.75,8918.75,8884.45,8884.45,13:55:00,8884.556034299354,3,58
2015-03-05,8903.0,8921.25,8903.0,8908.75,14:00:00,8886.312602461321,3,59
2015-03-05,8900.85,8907.65,8900.65,8904.2,14:05:00,8887.697116512623,3,60
2015-03-05,8915.15,8915.15,8902.15,8902.15,14:10:00,8890.311676844754,3,61
2015-03-05,8912.85,8915.35,8906.1,8915.35,14:15:00,8892.458183811921,3,62
2015-03-05,8897.3,8911.65,8897.3,8911.65,14:20:00,8892.919309163166,3,63
2015-03-05,8904.4,8904.4,8893.75,8893.75,14:25:00,8894.012708290484,3,64
2015-03-05,8893.7,8901.75,8893.7,8897.45,14:30:00,8893.982926548533,3,65
2015-03-05,8900.45,8904.6,8897.95,8897.95,14:35:00,8894.598838305816,3,66
2015-03-05,8898.55,8902.35,8896.45,8901.7,14:40:00,8894.975139419548,3,67
2015-03-05,8904.75,8904.75,8893.05,8900.4,14:45:00,8895.906078522448,3,68
2015-03-05,8913.65,8913.65,8902.5,8905.25,14:50:00,8897.595975806025,3,69
2015-03-05,8912.3,8920.3,8909.2,8920.3,14:55:00,8898.996359062594,3,70
2015-03-05,8915.15,8916.0,8902.45,8916.0,15:00:00,8900.534801056632,3,71
2015-03-05,8934.95,8934.95,8912.2,8912.2,15:05:00,8903.812439051238,3,72
2015-03-05,8953.35,8953.35,8941.7,8941.7,15:10:00,8908.53030199874,3,73
2015-03-05,8942.0,8950.95,8941.7,8950.95,15:15:00,8911.717892284574,3,74
2015-03-05,8936.1,8939.75,8932.25,8939.75,15:20:00,8914.039997781281,3,75
2015-03-05,8937.85,8941.0,8932.95,8932.95,15:25:00,8916.307617040207,3,76
2015-03-09,8891.15,8891.15,8891.15,8891.15,09:10:00,8913.911653512569,0,1
2015-03-09,8839.2,8889.1,8834.95,8889.1,09:15:00,8906.796257939943,0,2
2015-03-09,8844.15,8844.15,8826.25,8836.7,09:20:00,8900.829947659948,0,3
2015-03-09,8834.2,8841.35,8834.2,8838.25,09:25:00,8894.484238359,0,4
2015-03-09,8835.65,8835.65,8826.85,8828.9,09:30:00,8888.880977562905,0,5
2015-03-09,8813.95,8836.9,8813.95,8831.65,09:35:00,8881.744693985485,0,6
2015-03-09,8818.05,8818.05,8807.7,8809.55,09:40:00,8875.678532653534,0,7
2015-03-09,8809.7,8818.0,8809.7,8817.0,09:45:00,8869.394862877007,0,8
2015-03-09,8817.15,8817.15,8806.95,8812.25,09:50:00,8864.419161650625,0,9
2015-03-09,8822.5,8825.45,8818.05,8818.05,09:55:00,8860.426860541042,0,10
2015-03-09,8823.35,8829.55,8823.35,8824.55,10:00:00,8856.895730965705,0,11
2015-03-09,8819.45,8827.65,8819.45,8826.35,10:05:00,8853.329470873734,0,12
2015-03-09,8820.0,8820.2,8814.25,8816.7,10:10:00,8850.155235552425,0,13
2015-03-09,8814.05,8819.75,8810.7,8819.75,10:15:00,8846.71664169029,0,14
2015-03-09,8807.35,8816.0,8802.2,8815.05,10:20:00,8842.967437719786,0,15
2015-03-09,8816.55,8816.55,8811.05,8811.05,10:25:00,8840.451491270283,0,16
2015-03-09,8814.65,8818.9,8814.65,8817.35,10:30:00,8837.994206387399,0,17
2015-03-09,8820.3,8820.3,8816.55,8817.6,10:35:00,8836.309043874313,0,18
2015-03-09,8822.7,8824.3,8822.1,8822.1,10:40:00,8835.012944457712,0,19
2015-03-09,8821.25,8824.5,8819.1,8824.5,10:45:00,8833.702187842691,0,20
2015-03-09,8823.05,8825.65,8821.1,8821.1,10:50:00,8832.687693762435,0,21
2015-03-09,8826.2,8826.2,8819.4,8819.4,10:55:00,8832.069818166012,0,22
2015-03-09,8825.05,8825.2,8823.25,8823.25,11:00:00,8831.401264054963,0,23
2015-03-09,8816.35,8822.4,8816.35,8822.4,11:05:00,8829.967810335442,0,24
2015-03-09,8814.1,8817.25,8813.7,8816.05,11:10:00,8828.456590303495,0,25
2015-03-09,8808.2,8813.6,8808.2,8812.3,11:15:00,8826.527391226971,0,26
2015-03-09,8807.65,8811.15,8804.35,8809.95,11:20:00,8824.729544443451,0,27
2015-03-09,8809.35,8814.1,8804.85,8804.85,11:25:00,8823.264825925027,0,28
2015-03-09,8811.1,8811.1,8806.9,8810.1,11:30:00,8822.106271075025,0,29
2015-03-09,8812.65,8812.65,8810.2,8810.35,11:35:00,8821.205673829783,0,30
2015-03-09,8816.2,8818.55,8814.35,8814.35,11:40:00,8820.728942988851,0,31
2015-03-09,8821.1,8823.35,8817.6,8817.6,11:45:00,8820.764281751817,0,32
2015-03-09,8819.45,8823.7,8819.3,8822.75,11:50:00,8820.639112061168,0,33
2015-03-09,8814.85,8817.45,8812.25,8817.45,11:55:00,8820.087768055342,0,34
2015-03-09,8808.5,8816.65,8808.5,8816.65,12:00:00,8818.98417109769,0,35
2015-03-09,8810.05,8813.75,8809.75,8809.75,12:05:00,8818.133297659815,0,36
2015-03-09,8816.6,8816.6,8813.0,8813.0,12:10:00,8817.987269311261,0,37
2015-03-09,8815.95,8820.8,8815.95,8820.8,12:15:00,8817.793243662569,0,38
2015-03-09,8820.0,8821.05,8815.95,8815.95,12:20:00,8818.0034109328,0,39
2015-03-09,8820.9,8822.25,8818.85,8822.25,12:25:00,8818.279276558249,0,40
2015-03-09,8818.0,8820.0,8818.0,8818.2,12:30:00,8818.252678790795,0,41
2015-03-09,8813.8,8820.1,8813.8,8818.3,12:35:00,8817.828614144053,0,42
2015-03-09,8813.75,8815.1,8813.75,8815.0,12:40:00,8817.440174701762,0,43
2015-03-09,8813.2,8813.6,8812.4,8812.5,12:45:00,8817.036348539688,0,44
2015-03-09,8816.85,8816.85,8811.4,8814.1,12:50:00,8817.018601059719,0,45
2015-03-09,8819.9,8819.9,8814.7,8814.7,12:55:00,8817.293020006413,0,46
2015-03-09,8818.85,8824.25,8818.4,8818.4,13:00:00,8817.441303815327,0,47
2015-03-09,8815.4,8817.85,8813.15,8817.85,13:05:00,8817.246893928153,0,48
2015-03-09,8796.3,8817.8,8796.3,8817.8,13:10:00,8815.251951649281,0,49
2015-03-09,8790.95,8790.95,8786.7,8788.4,13:15:00,8812.937480063636,0,50
2015-03-09,8782.1,8790.9,8779.25,8790.9,13:20:00,8810.000577200433,0,51
2015-03-09,8785.75,8785.75,8781.8,8782.65,13:25:00,8807.690998419439,0,52
2015-03-09,8784.3,8787.55,8784.3,8787.55,13:30:00,8805.463284284255,0,53
2015-03-09,8774.15,8777.25,8767.35,8777.25,13:35:00,8802.481066733373,0,54
2015-03-09,8775.45,8778.25,8773.5,8773.5,13:40:00,8799.906679425434,0,55
2015-03-09,8761.9,8763.8,8756.45,8763.8,13:45:00,8796.28699567063,0,56
2015-03-09,8771.6,8771.6,8760.7,8763.8,13:50:00,8793.935853225808,0,57
2015-03-09,8779.95,8780.75,8771.1,8775.6,13:55:00,8792.603867204303,0,58
2015-03-09,8782.25,8782.25,8779.1,8781.2,14:00:00,8791.617784613418,0,59
2015-03-09,8780.9,8784.05,8773.45,8784.05,14:05:00,8790.597043221664,0,60
2015-03-09,8779.5,8780.7,8779.5,8780.2,14:10:00,8789.540181962459,0,61
2015-03-09,8768.35,8777.8,8768.35,8777.8,14:15:00,8787.522069394605,0,62
2015-03-09,8780.6,8781.0,8773.6,8776.15,14:20:00,8786.862824690357,0,63
2015-03-09,8781.15,8781.15,8773.7,8777.7,14:25:00,8786.318746148418,0,64
2015-03-09,8779.0,8782.9,8777.05,8777.65,14:30:00,8785.621722705711,0,65
2015-03-09,8787.55,8787.55,8780.75,8780.75,14:35:00,8785.80536816231,0,66
2015-03-09,8779.25,8792.4,8779.25,8791.8,14:40:00,8785.181047384947,0,67
2015-03-09,8776.4,8778.1,8775.6,8778.1,14:45:00,8784.344757157809,0,68
2015-03-09,8773.15,8778.15,8773.15,8775.05,14:50:00,8783.278589809446,0,69
2015-03-09,8768.7,8772.4,8762.45,8765.35,14:55:00,8781.890152684737,0,70
2015-03-09,8776.45,8776.45,8770.95,8770.95,15:00:00,8781.372042905237,0,71
2015-03-09,8768.95,8771.85,8768.15,8771.85,15:05:00,8780.188991199977,0,72
2015-03-09,8760.0,8762.6,8758.75,8762.6,15:10:00,8778.266230133313,0,73
2015-03-09,8747.1,8758.8,8745.5,8758.8,15:15:00,8775.298017739664,0,74
2015-03-09,8751.95,8753.05,8751.5,8751.5,15:20:00,8773.074397002554,0,75
2015-03-09,8743.8,8751.95,8743.8,8751.95,15:25:00,8770.286359192787,0,76
2015-03-10,8769.75,8769.75,8769.75,8769.75,09:10:00,8770.235277364904,1,1
2015-03-10,8743.5,8769.75,8741.4,8769.75,09:15:00,8767.689060473009,1,2
2015-03-10,8746.15,8755.05,8745.45,8749.7,09:20:00,8765.63772138034,1,3
2015-03-10,8756.75,8756.75,8737.95,8738.6,09:25:00,8764.79127172507,1,4
2015-03-10,8753.75,8758.85,8752.35,8752.35,09:30:00,8763.739722036968,1,5
2015-03-10,8744.0,8756.5,8743.05,8756.5,09:35:00,8761.859748509638,1,6
2015-03-10,8756.35,8756.35,8743.6,8746.15,09:40:00,8761.33501055634,1,7
2015-03-10,8750.15,8753.65,8749.5,8750.1,09:45:00,8760.269771455736,1,8
2015-03-10,8743.65,8750.7,8743.3,8750.7,09:50:00,8758.686936078999,1,9
2015-03-10,8749.35,8749.35,8738.2,8738.2,09:55:00,8757.797704071476,1,10
2015-03-10,8749.25,8753.65,8749.25,8751.85,10:00:00,8756.98363701705,1,11
2015-03-10,8742.7,8752.1,8742.7,8751.7,10:05:00,8755.623290634474,1,12
2015-03-10,8733.5,8741.7,8725.8,8741.7,10:10:00,8753.516310574048,1,13
2015-03-10,8740.3,8741.7,8734.4,8734.4,10:15:00,8752.2576143289,1,14
2015-03-10,8747.6,8747.6,8740.8,8740.8,10:20:00,8751.814032011862,1,15
2015-03-10,8749.15,8749.95,8745.95,8749.95,10:25:00,8751.5603146774,1,16
2015-03-10,8752.95,8752.95,8744.2,8750.95,10:30:00,8751.692665660505,1,17
2015-03-10,8765.05,8765.3,8757.55,8757.55,10:35:00,8752.964792740457,1,18
2015-03-10,8757.05,8767.25,8757.05,8767.25,10:40:00,8753.353860098508,1,19
2015-03-10,8765.75,8770.0,8754.75,8754.75,10:45:00,8754.534444851031,1,20
2015-03-10,8764.1,8770.9,8761.55,8761.55,10:50:00,8755.445450103314,1,21
2015-03-10,8775.0,8775.0,8765.95,8765.95,10:55:00,8757.307788188713,1,22
2015-03-10,8772.3,8777.2,8772.3,8775.4,11:00:00,8758.735617885026,1,23
2015-03-10,8760.85,8768.9,8757.55,8768.9,11:05:00,8758.936987610261,1,24
2015-03-10,8760.6,8763.55,8758.15,8763.55,11:10:00,8759.095369742618,1,25
2015-03-10,8763.3,8763.6,8759.8,8760.15,11:15:00,8759.49581071951,1,26
2015-03-10,8765.35,8765.35,8760.35,8762.3,11:20:00,8760.053352555748,1,27
2015-03-10,8764.6,8767.6,8764.55,8765.2,11:25:00,8760.486366598057,1,28
2015-03-10,8766.1,8766.95,8765.35,8765.35,11:30:00,8761.020998350623,1,29
2015-03-10,8765.2,8769.3,8765.2,8766.6,11:35:00,8761.418998507706,1,30
2015-03-10,8762.35,8765.8,8762.35,8765.75,11:40:00,8761.507665316496,1,31
2015-03-10,8752.25,8758.3,8751.3,8758.3,11:45:00,8760.625982905402,1,32
2015-03-10,8752.9,8754.6,8752.2,8752.2,11:50:00,8759.890175009648,1,33
2015-03-10,8752.85,8752.85,8751.25,8752.85,11:55:00,8759.219682151586,1,34
2015-03-10,8748.9,8753.35,8746.75,8751.95,12:00:00,8758.236855280007,1,35
2015-03-10,8752.35,8752.85,8749.4,8749.4,12:05:00,8757.676202396196,1,36
2015-03-10,8753.8,8753.8,8752.75,8753.75,12:10:00,8757.307040263226,1,37
2015-03-10,8749.0,8753.6,8749.0,8753.55,12:15:00,8756.51589357149,1,38
2015-03-10,8749.3,8753.15,8745.35,8746.85,12:20:00,8755.8286656123,1,39
2015-03-10,8760.75,8760.75,8751.4,8751.4,12:25:00,8756.297364125414,1,40
2015-03-10,8759.55,8762.45,8757.05,8762.45,12:30:00,8756.607138970612,1,41
2015-03-10,8760.8,8763.2,8760.8,8763.2,12:35:00,8757.006459068649,1,42
2015-03-10,8759.55,8759.75,8756.15,8759.75,12:40:00,8757.24870106211,1,43
2015-03-10,8752.05,8758.05,8752.05,8758.05,12:45:00,8756.753586675242,1,44
2015-03-10,8761.7,8761.7,8754.05,8754.05,12:50:00,8757.224673658553,1,45
2015-03-10,8760.3,8762.7,8758.5,8762.7,12:55:00,8757.517561881548,1,46
2015-03-10,8757.05,8759.9,8757.05,8759.9,13:00:00,8757.473032178543,1,47
2015-03-10,8758.25,8761.8,8753.5,8753.5,13:05:00,8757.547029113919,1,48
2015-03-10,8739.9,8755.8,8739.9,8755.4,13:10:00,8755.866359674497,1,49
2015-03-10,8737.4,8739.45,8734.5,8734.5,13:15:00,8754.107658753117,1,50
2015-03-10,8735.9,8737.05,8729.2,8729.2,13:20:00,8752.373596014724,1,51
2015-03-10,8739.65,8740.75,8737.0,8737.0,13:25:00,8751.161824965702,1,52
2015-03-10,8740.1,8743.15,8739.75,8739.75,13:30:00,8750.108317826112,1,53
2015-03-10,8737.55,8742.35,8737.55,8742.35,13:35:00,8748.91228755696,1,54
2015-03-10,8724.15,8733.8,8716.95,8733.8,13:40:00,8746.553974456296,1,55
2015-03-10,8702.85,8723.5,8702.85,8723.5,13:45:00,8742.391691174744,1,56
2015-03-10,8702.6,8702.6,8699.1,8702.6,13:50:00,8738.602006300958,1,57
2015-03-10,8700.75,8703.0,8697.4,8701.6,13:55:00,8734.997053319916,1,58
2015-03-10,8703.35,8703.35,8700.05,8702.45,14:00:00,8731.98304824183,1,59
2015-03-10,8697.95,8708.75,8697.95,8708.75,14:05:00,8728.74180555213,1,60
2015-03-10,8709.1,8711.1,8702.65,8702.65,14:10:00,8726.871157404308,1,61
2015-03-10,8715.45,8715.45,8705.75,8709.2,14:15:00,8725.783428127706,1,62
2015-03-10,8701.05,8708.55,8701.05,8703.75,14:20:00,8723.427863544115,1,63
2015-03-10,8704.8,8706.9,8700.95,8700.95,14:25:00,8721.653781301819,1,64
2015-03-10,8685.8,8704.65,8685.8,8704.65,14:30:00,8718.23913546355,1,65
2015-03-10,8687.25,8689.15,8682.65,8689.15,14:35:00,8715.287789228925,1,66
2015-03-10,8697.75,8701.9,8689.35,8689.35,14:40:00,8713.617523588075,1,67
2015-03-10,8692.95,8701.35,8690.1,8697.9,14:45:00,8711.649188008258,1,68
2015-03-10,8679.15,8693.7,8679.15,8693.7,14:50:00,8708.554027245567,1,69
2015-03-10,8691.8,8694.7,8678.15,8678.15,14:55:00,8706.958405603133,1,70
2015-03-10,8686.6,8691.5,8684.8,8691.5,15:00:00,8705.019509831405,1,71
2015-03-10,8716.05,8716.05,8688.9,8688.9,15:05:00,8706.070032704605,1,72
2015-03-10,8729.0,8730.8,8716.85,8718.85,15:10:00,8708.253839113691,1,73
2015-03-10,8711.55,8719.1,8711.5,8716.6,15:15:00,8708.567759198102,1,74
2015-03-10,8722.6,8722.6,8712.9,8712.9,15:20:00,8709.904163083997,1,75
2015-03-10,8722.75,8722.75,8719.1,8721.55,15:25:00,8711.127576123616,1,76
2015-03-11,8728.75,8728.75,8728.75,8728.75,09:10:00,8712.805902207081,2,1
2015-03-11,8725.35,8731.85,8725.35,8728.75,09:15:00,8714.000578187359,2,2
2015-03-11,8725.75,8728.9,8719.2,8725.4,09:20:00,8715.119570740944,2,3
2015-03-11,8737.0,8737.0,8725.8,8727.3,09:25:00,8717.203421146569,2,4
2015-03-11,8726.3,8735.3,8725.75,8735.3,09:30:00,8718.069761989753,2,5
2015-03-11,8728.9,8734.45,8728.9,8732.2,09:35:00,8719.101213228825,2,6
2015-03-11,8722.0,8722.15,8717.45,8722.15,09:40:00,8719.377288159412,2,7
2015-03-11,8726.45,8726.5,8721.9,8725.4,09:45:00,8720.050879763277,2,8
2015-03-11,8727.55,8728.5,8716.65,8721.95,09:50:00,8720.765081690584,2,9
2015-03-11,8733.0,8734.75,8730.55,8730.55,09:55:00,8721.930312005767,2,10
2015-03-11,8734.45,8737.85,8731.6,8737.85,10:00:00,8723.122663243312,2,11
2015-03-11,8741.45,8741.45,8736.2,8741.0,10:05:00,8724.868123886807,2,12
2015-03-11,8737.85,8742.8,8737.85,8738.1,10:10:00,8726.104493040444,2,13
2015-03-11,8742.55,8743.55,8739.85,8739.85,10:15:00,8727.670731798496,2,14
2015-03-11,8726.15,8738.05,8726.15,8738.05,10:20:00,8727.52590019864,2,15
2015-03-11,8709.75,8722.95,8709.75,8721.9,10:25:00,8725.832957322578,2,16
2015-03-11,8712.9,8712.9,8703.5,8710.05,10:30:00,8724.60124710138,2,17
2015-03-11,8718.45,8718.45,8712.9,8712.9,10:35:00,8724.015414044106,2,18
2015-03-11,8726.35,8726.35,8720.85,8720.85,10:40:00,8724.237755563716,2,19
2015-03-11,8723.7,8726.65,8723.7,8726.65,10:45:00,8724.186540748124,2,20
2015-03-11,8728.0,8728.6,8725.05,8726.7,10:50:00,8724.54972734354,2,21
2015-03-11,8723.9,8726.85,8723.9,8726.85,10:55:00,8724.487848548917,2,22
2015-03-11,8719.8,8721.35,8715.0,8721.35,11:00:00,8724.041386782354,2,23
2015-03-11,8717.45,8718.9,8716.75,8716.75,11:05:00,8723.413635660225,2,24
2015-03-11,8713.25,8713.25,8709.7,8711.0,11:10:00,8722.445670359251,2,25
2015-03-11,8712.55,8716.25,8711.4,8712.85,11:15:00,8721.503225563132,2,26
2015-03-11,8700.9,8708.15,8700.9,8708.15,11:20:00,8719.54101360474,2,27
2015-03-11,8699.35,8700.5,8697.85,8697.85,11:25:00,8717.618059928098,2,28
2015-03-11,8695.8,8701.45,8695.8,8698.8,11:30:00,8715.540149458755,2,29
2015-03-11,8694.35,8696.15,8688.8,8688.8,11:35:00,8713.522039986492,2,30
2015-03-11,8707.2,8707.2,8696.15,8696.15,11:40:00,8712.919940940159,2,31
2015-03-11,8706.35,8706.4,8704.75,8704.75,11:45:00,8712.294232279191,2,32
2015-03-11,8699.85,8709.05,8699.85,8705.1,11:50:00,8711.10906730022,2,33
2015-03-11,8696.35,8700.65,8696.35,8699.45,11:55:00,8709.703441843056,2,34
2015-03-11,8703.25,8703.25,8694.95,8694.95,12:00:00,8709.088828334192,2,35
2015-03-11,8709.35,8709.35,8700.15,8700.15,12:05:00,8709.113701826174,2,36
2015-03-11,8710.75,8715.5,8710.75,8710.95,12:10:00,8709.26953974749,2,37
2015-03-11,8706.9,8711.95,8703.6,8711.95,12:15:00,8709.043869295348,2,38
2015-03-11,8706.35,8708.7,8703.2,8708.7,12:20:00,8708.78731031484,2,39
2015-03-11,8714.45,8714.45,8710.8,8710.8,12:25:00,8709.32661409438,2,40
2015-03-11,8721.2,8726.25,8720.15,8721.35,12:30:00,8710.457412752057,2,41
2015-03-11,8720.95,8721.75,8718.0,8720.2,12:35:00,8711.45670677567,2,42
2015-03-11,8715.35,8716.65,8715.35,8716.65,12:40:00,8711.82749660656,2,43
2015-03-11,8709.8,8713.15,8709.8,8711.25,12:45:00,8711.634401691648,2,44
2015-03-11,8716.45,8716.45,8711.65,8711.65,12:50:00,8712.093030101967,2,45
2015-03-11,8720.35,8722.6,8720.1,8722.6,12:55:00,8712.879408187495,2,46
2015-03-11,8712.9,8720.3,8712.9,8720.3,13:00:00,8712.881369312496,2,47
2015-03-11,8713.8,8714.0,8711.75,8714.0,13:05:00,8712.9688579494,2,48
2015-03-11,8713.65,8713.8,8711.8,8713.15,13:10:00,8713.033728620885,2,49
2015-03-11,8714.5,8716.1,8714.5,8714.55,13:15:00,8713.173373514135,2,50
2015-03-11,8699.7,8712.75,8698.55,8712.75,13:20:00,8711.890195084217,2,51
2015-03-11,8696.1,8698.2,8693.5,8698.2,13:25:00,8710.386366980958,2,52
2015-03-11,8701.35,8701.35,8695.95,8695.95,13:30:00,8709.525760601819,2,53
2015-03-11,8704.55,8704.55,8700.2,8702.2,13:35:00,8709.05187863974,2,54
2015-03-11,8704.9,8704.9,8702.7,8703.65,13:40:00,8708.656461626431,2,55
2015-03-11,8718.35,8723.5,8715.25,8715.25,13:45:00,8709.579655757248,2,56
2015-03-11,8723.95,8723.95,8710.05,8716.3,13:50:00,8710.948259970844,2,57
2015-03-11,8714.95,8729.75,8714.95,8729.75,13:55:00,8711.329378068858,2,58
2015-03-11,8721.25,8721.7,8720.0,8720.0,14:00:00,8712.274199205158,2,59
2015-03-11,8725.25,8726.7,8716.75,8718.8,14:05:00,8713.509989757047,2,60
2015-03-11,8723.4,8730.4,8723.3,8723.8,14:10:00,8714.45189549447,2,61
2015-03-11,8728.85,8728.85,8723.9,8727.1,14:15:00,8715.823143542617,2,62
2015-03-11,8742.8,8744.8,8732.4,8732.4,14:20:00,8718.39236796713,2,63
2015-03-11,8748.25,8750.95,8744.15,8750.75,14:25:00,8721.23595197026,2,64
2015-03-11,8737.2,8747.75,8737.2,8747.75,14:30:00,8722.756337496901,2,65
2015-03-11,8739.15,8739.15,8732.45,8732.45,14:35:00,8724.317638687673,2,66
2015-03-11,8719.8,8736.35,8719.8,8736.35,14:40:00,8723.887387384086,2,67
2015-03-11,8722.8,8725.2,8718.5,8722.1,14:45:00,8723.78382668084,2,68
2015-03-11,8725.2,8725.2,8718.55,8724.0,14:50:00,8723.918700330283,2,69
2015-03-11,8719.9,8731.0,8719.9,8722.35,14:55:00,8723.535966965494,2,70
2015-03-11,8707.1,8721.9,8707.1,8721.9,15:00:00,8721.970636778304,2,71
2015-03-11,8711.1,8711.1,8703.55,8703.55,15:05:00,8720.935338037514,2,72
2015-03-11,8702.25,8711.6,8702.25,8711.6,15:10:00,8719.155782033942,2,73
2015-03-11,8691.1,8696.7,8686.45,8696.7,15:15:00,8716.483802792614,2,74
2015-03-11,8694.15,8695.95,8692.45,8695.95,15:20:00,8714.356773955224,2,75
2015-03-11,8700.95,8700.95,8695.55,8695.55,15:25:00,8713.079938340441,2,76
2015-03-12,8740.65,8740.65,8740.65,8740.65,09:10:00,8715.705658498493,3,1
2015-03-12,8745.8,8750.6,8740.65,8740.65,09:15:00,8718.571786260542,3,2
2015-03-12,8753.7,8753.7,8736.55,8736.75,09:20:00,8721.917330426204,3,3
2015-03-12,8764.45,8771.0,8757.05,8757.05,09:25:00,8725.968060861804,3,4
2015-03-12,8767.45,8770.25,8763.55,8769.1,09:30:00,8729.918721732109,3,5
2015-03-12,8762.15,8765.45,8760.15,8765.45,09:35:00,8732.988367281432,3,6
2015-03-12,8764.85,8767.95,8760.45,8760.45,09:40:00,8736.022808492726,3,7
2015-03-12,8772.9,8772.9,8766.65,8766.75,09:45:00,8739.534921969609,3,8
2015-03-12,8767.55,8769.15,8763.0,8769.15,09:50:00,8742.20302463917,3,9
2015-03-12,8767.9,8768.1,8762.5,8767.05,09:55:00,8744.650355625916,3,10
2015-03-12,8764.25,8770.7,8764.25,8766.45,10:00:00,8746.516988423447,3,11
2015-03-12,8756.45,8764.5,8756.45,8763.75,10:05:00,8747.462989525977,3,12
2015-03-12,8754.2,8758.1,8752.9,8752.9,10:10:00,8748.10460957112,3,13
2015-03-12,8763.0,8763.0,8755.75,8755.75,10:15:00,8749.523218183396,3,14
2015-03-12,8753.45,8763.5,8753.45,8763.5,10:20:00,8749.897197404025,3,15
2015-03-12,8757.1,8757.1,8753.6,8753.6,10:25:00,8750.583178603641,3,16
2015-03-12,8756.85,8758.75,8756.8,8756.8,10:30:00,8751.180018736628,3,17
2015-03-12,8765.1,8765.1,8756.25,8756.25,10:35:00,8752.505731237901,3,18
2015-03-12,8764.75,8765.15,8764.5,8764.5,10:40:00,8753.671852072386,3,19
2015-03-12,8764.3,8764.3,8761.45,8761.45,10:45:00,8754.684056636921,3,20
2015-03-12,8766.35,8768.0,8766.3,8768.0,10:50:00,8755.795098861976,3,21
2015-03-12,8761.15,8767.25,8761.15,8766.25,10:55:00,8756.30508944655,3,22
2015-03-12,8760.55,8760.95,8757.0,8757.0,11:00:00,8756.709366642117,3,23
2015-03-12,8758.8,8761.7,8758.8,8761.7,11:05:00,8756.908474580963,3,24
2015-03-12,8758.25,8759.8,8756.8,8759.8,11:10:00,8757.036238906585,3,25
2015-03-12,8758.15,8759.35,8756.95,8759.35,11:15:00,8757.142311391672,3,26
2015-03-12,8763.85,8763.85,8756.65,8757.25,11:20:00,8757.78113887818,3,27
2015-03-12,8763.4,8764.95,8760.8,8764.95,11:25:00,8758.316268508828,3,28
2015-03-12,8763.5,8765.05,8763.4,8763.45,11:30:00,8758.809957222273,3,29
2015-03-12,8756.95,8761.2,8756.6,8761.2,11:35:00,8758.6328184392,3,30
2015-03-12,8758.45,8760.95,8757.45,8757.45,11:40:00,8758.615407159277,3,31
2015-03-12,8763.45,8764.05,8758.8,8758.8,11:45:00,8759.075844572679,3,32
2015-03-12,8756.75,8763.25,8756.75,8761.35,11:50:00,8758.854335565757,3,33
2015-03-12,8757.4,8760.25,8753.3,8760.25,11:55:00,8758.715827416638,3,34
2015-03-12,8747.0,8754.8,8747.0,8754.8,12:00:00,8757.600034329338,3,35
2015-03-12,8747.3,8751.85,8745.4,8751.85,12:05:00,8756.619078678925,3,36
2015-03-12,8750.2,8750.2,8745.65,8745.65,12:10:00,8756.00773785236,3,37
2015-03-12,8751.45,8755.3,8751.45,8751.55,12:15:00,8755.573667580707,3,38
2015-03-12,8752.7,8752.85,8747.55,8747.55,12:20:00,8755.299984953974,3,39
2015-03-12,8757.6,8758.25,8752.35,8754.45,12:25:00,8755.519034005976,3,40
2015-03-12,8761.25,8761.25,8756.2,8756.2,12:30:00,8756.064840291121,3,41
2015-03-12,8769.45,8769.45,8759.35,8759.35,12:35:00,8757.339617406253,3,42
2015-03-12,8763.95,8767.3,8763.95,8766.6,12:40:00,8757.969177653276,3,43
2015-03-12,8762.05,8763.35,8760.05,8762.9,12:45:00,8758.357827400583,3,44
2015-03-12,8765.45,8765.45,8761.0,8761.0,12:50:00,8759.033272410052,3,45
2015-03-12,8759.45,8761.85,8758.3,8761.6,12:55:00,8759.072960751952,3,46
2015-03-12,8752.7,8756.65,8750.05,8756.25,13:00:00,8758.46601210891,3,47
2015-03-12,8750.65,8753.9,8750.65,8753.9,13:05:00,8757.7216300033,3,48
2015-03-12,8753.3,8753.3,8750.0,8750.0,13:10:00,8757.300522383937,3,49
2015-03-12,8758.6,8758.6,8752.95,8752.95,13:15:00,8757.424282156895,3,50
2015-03-12,8755.7,8756.05,8752.9,8755.9,13:20:00,8757.260064808619,3,51
2015-03-12,8753.55,8754.35,8753.5,8753.5,13:25:00,8756.906725303035,3,52
2015-03-12,8745.45,8754.0,8745.45,8754.0,13:30:00,8755.815608607509,3,53
2015-03-12,8752.65,8753.4,8745.2,8745.2,13:35:00,8755.51412207346,3,54
2015-03-12,8756.35,8756.85,8753.1,8753.1,13:40:00,8755.593729495034,3,55
2015-03-12,8755.15,8760.55,8753.35,8753.35,13:45:00,8755.551469543127,3,56
2015-03-12,8756.2,8756.25,8750.95,8755.15,13:50:00,8755.613234348542,3,57
2015-03-12,8760.65,8760.65,8752.7,8753.35,13:55:00,8756.092926315348,3,58
2015-03-12,8764.65,8766.15,8756.3,8762.6,14:00:00,8756.907885713887,3,59
2015-03-12,8765.05,8766.5,8762.6,8763.95,14:05:00,8757.683325169708,3,60
2015-03-12,8756.95,8766.7,8756.95,8766.7,14:10:00,8757.613484677355,3,61
2015-03-12,8751.05,8757.45,8751.05,8756.1,14:15:00,8756.98839089856,3,62
2015-03-12,8753.2,8754.6,8751.05,8753.65,14:20:00,8756.627591765364,3,63
2015-03-12,8756.45,8762.05,8751.65,8751.65,14:25:00,8756.610678263902,3,64
2015-03-12,8757.25,8758.05,8755.1,8755.65,14:30:00,8756.671566048291,3,65
2015-03-12,8761.85,8761.85,8759.0,8760.4,14:35:00,8757.16475023417,3,66
2015-03-12,8763.45,8769.6,8762.2,8762.2,14:40:00,8757.763345449963,3,67
2015-03-12,8762.25,8767.2,8762.25,8765.45,14:45:00,8758.1906458833,3,68
2015-03-12,8762.15,8763.05,8760.45,8760.45,14:50:00,8758.567727227748,3,69
2015-03-12,8761.7,8761.7,8755.35,8757.4,14:55:00,8758.866038920343,3,70
2015-03-12,8768.85,8771.45,8756.3,8756.3,15:00:00,8759.8168923565,3,71
2015-03-12,8773.7,8773.7,8768.0,8768.0,15:05:00,8761.139093084454,3,72
2015-03-12,8780.35,8786.15,8774.0,8774.0,15:10:00,8762.968703266886,3,73
2015-03-12,8778.0,8780.45,8774.4,8780.45,15:15:00,8764.400255336706,3,74
2015-03-12,8778.3,8779.85,8775.0,8775.0,15:20:00,8765.724040542735,3,75
2015-03-12,8774.2,8779.3,8774.2,8779.3,15:25:00,8766.53127477676,3,76
2015-03-13,8844.05,8844.05,8844.05,8844.05,09:10:00,8773.914010512306,4,1
2015-03-13,8820.15,8844.05,8817.25,8844.05,09:15:00,8778.317438082562,4,2
2015-03-13,8812.8,8825.8,8812.8,8825.1,09:20:00,8781.601491598509,4,3
2015-03-13,8811.0,8814.35,8810.25,8810.25,09:25:00,8784.401349541507,4,4
2015-03-13,8810.9,8817.1,8810.3,8815.9,09:30:00,8786.925030537554,4,5
2015-03-13,8808.6,8814.5,8805.65,8805.65,09:35:00,8788.989313343502,4,6
2015-03-13,8805.7,8814.5,8805.7,8808.35,09:40:00,8790.580807310787,4,7
2015-03-13,8794.8,8808.3,8794.8,8808.3,09:45:00,8790.98263518595,4,8
2015-03-13,8801.6,8801.6,8791.65,8791.65,09:50:00,8791.993812787288,4,9
2015-03-13,8801.7,8802.1,8800.1,8800.65,09:55:00,8792.918211569451,4,10
2015-03-13,8792.5,8801.6,8792.5,8801.6,10:00:00,8792.878381896171,4,11
2015-03-13,8752.9,8792.95,8750.35,8792.95,10:05:00,8789.070916953679,4,12
2015-03-13,8753.65,8753.65,8737.75,8737.75,10:10:00,8785.697496291423,4,13
2015-03-13,8761.8,8761.8,8750.1,8750.1,10:15:00,8783.421544263669,4,14
2015-03-13,8756.5,8756.5,8752.7,8755.2,10:20:00,8780.85758766713,4,15
2015-03-13,8742.2,8752.1,8742.2,8750.25,10:25:00,8777.175912651212,4,16
2015-03-13,8725.3,8747.05,8725.3,8747.05,10:30:00,8772.235349541572,4,17
2015-03-13,8738.8,8738.85,8731.9,8731.9,10:35:00,8769.051030537614,4,18
2015-03-13,8743.35,8743.35,8734.9,8737.5,10:40:00,8766.603313343556,4,19
2015-03-13,8743.75,8743.75,8737.8,8737.8,10:45:00,8764.426807310836,4,20
2015-03-13,8742.4,8743.0,8738.2,8741.35,10:50:00,8762.329016138376,4,21
2015-03-13,8737.65,8742.55,8732.75,8738.1,10:55:00,8759.978633649007,4,22
2015-03-13,8737.75,8741.45,8737.75,8738.15,11:00:00,8757.86162092053,4,23
2015-03-13,8735.35,8735.35,8730.1,8733.75,11:05:00,8755.717657023337,4,24
2015-03-13,8735.15,8735.8,8729.35,8729.35,11:10:00,8753.758832544923,4,25
2015-03-13,8729.75,8736.4,8729.5,8736.4,11:15:00,8751.472277064455,4,26
2015-03-13,8739.9,8740.45,8734.1,8734.1,11:20:00,8750.370155439268,4,27
2015-03-13,8732.9,8740.15,8732.9,8740.15,11:25:00,8748.70633111172,4,28
2015-03-13,8698.3,8732.45,8698.3,8732.45,11:30:00,8743.905728148698,4,29
2015-03-13,8694.45,8700.4,8687.5,8700.4,11:35:00,8739.195658801204,4,30
2015-03-13,8682.65,8685.75,8679.25,8685.75,11:40:00,8733.810357962993,4,31
2015-03-13,8697.3,8697.3,8690.9,8691.6,11:45:00,8730.333181014137,4,32
2015-03-13,8695.25,8695.25,8692.6,8693.45,11:50:00,8726.991925679456,4,33
2015-03-13,8680.75,8689.35,8674.7,8689.35,11:55:00,8722.587932757604,4,34
2015-03-13,8678.7,8684.0,8678.7,8679.5,12:00:00,8718.408129637832,4,35
2015-03-13,8692.9,8692.9,8683.25,8683.25,12:05:00,8715.978783958039,4,36
2015-03-13,8690.8,8694.55,8690.8,8694.25,12:10:00,8713.580804533463,4,37
2015-03-13,8685.25,8690.1,8682.5,8690.1,12:15:00,8710.882632673134,4,38
2015-03-13,8696.1,8696.1,8689.05,8689.05,12:20:00,8709.47476289474,4,39
2015-03-13,8699.6,8699.6,8692.35,8692.35,12:25:00,8708.534309285718,4,40
2015-03-13,8694.9,8697.4,8694.35,8694.75,12:30:00,8707.23580363946,4,41
2015-03-13,8700.95,8700.95,8692.2,8692.2,12:35:00,8706.637155673798,4,42
2015-03-13,8698.5,8702.35,8698.1,8698.8,12:40:00,8705.862188466768,4,43
2015-03-13,8695.45,8696.4,8691.35,8696.4,12:45:00,8704.870551469934,4,44
2015-03-13,8694.0,8695.3,8689.05,8695.3,12:50:00,8703.83526085375,4,45
2015-03-13,8696.0,8696.0,8691.55,8694.75,12:55:00,8703.089045534345,4,46
2015-03-13,8699.15,8699.25,8696.6,8696.6,13:00:00,8702.713898340598,4,47
2015-03-13,8691.25,8700.8,8691.25,8700.8,13:05:00,8701.622098498636,4,48
2015-03-13,8695.65,8695.65,8690.95,8690.95,13:10:00,8701.05332721305,4,49
2015-03-13,8678.55,8689.45,8678.55,8689.45,13:15:00,8698.91015319276,4,50
2015-03-13,8689.7,8690.05,8680.8,8682.35,13:20:00,8698.03299574583,4,51
2015-03-13,8681.55,8690.45,8681.55,8689.15,13:25:00,8696.46318662718,4,52
2015-03-13,8688.4,8688.4,8683.0,8687.05,13:30:00,8695.695264091257,4,53
2015-03-13,8692.0,8695.45,8688.8,8688.8,13:35:00,8695.343334177804,4,54
2015-03-13,8695.6,8697.0,8687.55,8689.55,13:40:00,8695.367778541822,4,55
2015-03-13,8692.95,8700.6,8692.95,8695.55,13:45:00,8695.137513918791,4,56
2015-03-13,8693.1,8696.4,8692.8,8692.8,13:50:00,8694.943464974145,4,57
2015-03-13,8693.8,8697.6,8693.75,8697.6,13:55:00,8694.834563548036,4,58
2015-03-13,8657.3,8683.85,8657.3,8683.85,14:00:00,8691.25984321013,4,59
2015-03-13,8649.7,8654.1,8648.8,8654.1,14:05:00,8687.301762904402,4,60
2015-03-13,8656.55,8657.15,8643.3,8643.3,14:10:00,8684.373023580174,4,61
2015-03-13,8653.3,8656.0,8652.85,8656.0,14:15:00,8681.41368800111,4,62
2015-03-13,8648.35,8652.1,8646.1,8652.1,14:20:00,8678.264765334337,4,63
2015-03-13,8654.7,8657.95,8646.15,8649.1,14:25:00,8676.020501969162,4,64
2015-03-13,8651.6,8652.85,8644.15,8647.5,14:30:00,8673.69473987686,4,65
2015-03-13,8654.6,8656.85,8648.6,8656.85,14:35:00,8671.87619322192,4,66
2015-03-13,8660.2,8660.2,8649.6,8657.55,14:40:00,8670.764174819833,4,67
2015-03-13,8651.55,8656.3,8648.35,8656.3,14:45:00,8668.93425340842,4,68
2015-03-13,8657.3,8662.15,8653.3,8653.3,14:50:00,8667.826229274286,4,69
2015-03-13,8654.75,8657.7,8654.75,8657.7,14:55:00,8666.580874105306,4,70
2015-03-13,8648.0,8657.55,8644.3,8657.55,15:00:00,8664.811267047657,4,71
2015-03-13,8644.9,8650.05,8644.9,8650.05,15:05:00,8662.914955900262,4,72
2015-03-13,8637.85,8639.45,8632.4,8639.45,15:10:00,8660.527817243094,4,73
2015-03-13,8645.9,8645.9,8637.45,8638.2,15:15:00,8659.13469179137,4,74
2015-03-13,8658.35,8658.35,8649.35,8649.35,15:20:00,8659.059959239812,4,75
2015-03-13,8664.4,8664.4,8660.85,8660.85,15:25:00,8659.568534550306,4,76
2015-03-16,8656.75,8656.75,8656.75,8656.75,09:10:00,8659.300102688372,0,1
2015-03-16,8647.8,8656.75,8636.25,8656.75,09:15:00,8658.20485481329,0,2
2015-03-16,8639.85,8656.55,8639.85,8648.8,09:20:00,8656.4567734025,0,3
2015-03-16,8636.65,8647.1,8636.65,8639.55,09:25:00,8654.570414030833,0,4
2015-03-16,8632.45,8635.25,8628.1,8635.25,09:30:00,8652.463707932659,0,5
2015-03-16,8645.05,8645.05,8638.35,8638.35,09:35:00,8651.757640510501,0,6
2015-03-16,8644.15,8648.3,8640.1,8648.3,09:40:00,8651.033103319025,0,7
2015-03-16,8632.95,8640.25,8631.8,8640.25,09:45:00,8649.310903002926,0,8
2015-03-16,8624.55,8632.8,8624.55,8632.8,09:50:00,8646.952721764552,0,9
2015-03-16,8629.05,8629.05,8623.25,8624.75,09:55:00,8645.247700644119,0,10
2015-03-16,8632.95,8633.15,8622.4,8633.15,10:00:00,8644.076491058964,0,11
2015-03-16,8629.5,8633.75,8626.9,8630.45,10:05:00,8642.688253815253,0,12
2015-03-16,8638.1,8638.1,8629.3,8629.4,10:10:00,8642.25127726142,0,13
2015-03-16,8640.3,8645.15,8638.15,8638.15,10:15:00,8642.06544133176,0,14
2015-03-16,8641.35,8643.55,8640.8,8640.8,10:20:00,8641.99730406207,0,15
2015-03-16,8644.8,8644.8,8637.7,8637.7,10:25:00,8642.26422748473,0,16
2015-03-16,8643.65,8645.4,8643.1,8645.4,10:30:00,8642.396205819517,0,17
2015-03-16,8638.65,8639.6,8635.7,8639.6,10:35:00,8642.039424312896,0,18
2015-03-16,8642.5,8642.5,8638.1,8638.1,10:40:00,8642.08328866405,0,19
2015-03-16,8634.2,8641.5,8633.8,8641.5,10:45:00,8641.332499267473,0,20
2015-03-16,8631.4,8637.9,8631.4,8637.9,10:50:00,8640.386546956286,0,21
2015-03-16,8639.05,8641.15,8634.2,8634.2,10:55:00,8640.259256769974,0,22
2015-03-16,8638.15,8638.9,8637.75,8638.9,11:00:00,8640.058375172834,0,23
2015-03-16,8634.2,8639.45,8634.2,8638.0,11:05:00,8639.500434680183,0,24
2015-03-16,8633.5,8635.5,8630.6,8633.4,11:10:00,8638.928964710642,0,25
2015-03-16,8629.7,8632.75,8629.7,8632.45,11:15:00,8638.05001569058,0,26
2015-03-16,8632.85,8633.7,8627.75,8630.2,11:20:00,8637.554776101,0,27
2015-03-16,8635.25,8636.45,8633.6,8633.6,11:25:00,8637.33527361519,0,28
2015-03-16,8637.35,8637.35,8635.1,8635.1,11:30:00,8637.336676128029,0,29
2015-03-16,8641.85,8641.85,8635.25,8635.25,11:35:00,8637.766516496788,0,30
2015-03-16,8645.2,8645.5,8641.7,8645.5,11:40:00,8638.474467306618,0,31
2015-03-16,8639.15,8647.5,8635.0,8647.5,11:45:00,8638.538803753607,0,32
2015-03-16,8640.05,8640.5,8639.0,8640.5,11:50:00,8638.682727205643,0,33
2015-03-16,8640.2,8642.0,8638.35,8638.35,11:55:00,8638.827229376535,0,34
2015-03-16,8644.4,8651.35,8644.2,8648.3,12:00:00,8639.357969435912,0,35
2015-03-16,8639.65,8644.2,8637.55,8644.2,12:05:00,8639.385781870587,0,36
2015-03-16,8631.1,8635.1,8631.1,8635.1,12:10:00,8638.596659787674,0,37
2015-03-16,8625.9,8625.9,8621.5,8625.75,12:15:00,8637.38745409361,0,38
2015-03-16,8621.4,8626.3,8620.25,8626.3,12:20:00,8635.864839418029,0,39
2015-03-16,8618.0,8626.3,8618.0,8621.4,12:25:00,8634.163426140121,0,40
2015-03-16,8619.05,8619.05,8613.2,8613.2,12:30:00,8632.724052222015,0,41
2015-03-16,8623.05,8623.05,8619.35,8619.35,12:35:00,8631.802713915156,0,42
2015-03-16,8621.9,8625.0,8621.9,8625.0,12:40:00,8630.859598304189,0,43
2015-03-16,8630.0,8630.0,8624.65,8624.65,12:45:00,8630.777731799028,0,44
2015-03-16,8624.7,8630.25,8624.7,8629.1,12:50:00,8630.19890019912,0,45
2015-03-16,8628.25,8628.25,8624.35,8626.35,12:55:00,8630.013290656347,0,46
2015-03-16,8630.7,8632.35,8627.4,8632.35,13:00:00,8630.078691546218,0,47
2015-03-16,8627.45,8630.45,8624.9,8630.45,13:05:00,8629.828339970387,0,48
2015-03-16,8629.3,8630.7,8627.3,8629.7,13:10:00,8629.77802187797,0,49
2015-03-16,8631.05,8631.15,8628.05,8631.15,13:15:00,8629.899162651496,0,50
2015-03-16,8623.5,8629.8,8623.5,8628.55,13:20:00,8629.289718589449,0,51
2015-03-16,8627.3,8630.15,8627.05,8627.05,13:25:00,8629.10022158093,0,52
2015-03-16,8637.9,8638.05,8627.0,8627.0,13:30:00,8629.93829571608,0,53
2015-03-16,8638.1,8641.7,8635.0,8641.7,13:35:00,8630.715600885977,0,54
2015-03-16,8634.2,8635.75,8634.2,8635.75,13:40:00,8631.047448420644,0,55
2015-03-16,8631.7,8634.7,8629.3,8634.7,13:45:00,8631.109596190106,0,56
2015-03-16,8630.9,8633.8,8629.75,8631.0,13:50:00,8631.089634648191,0,57
2015-03-16,8638.4,8638.4,8630.95,8630.95,13:55:00,8631.785859919792,0,58
2015-03-16,8639.35,8639.35,8635.65,8635.85,14:00:00,8632.506254213145,0,59
2015-03-16,8632.0,8639.25,8631.1,8639.25,14:05:00,8632.45803952618,0,60
2015-03-16,8624.6,8630.45,8622.55,8630.45,14:10:00,8631.709654809401,0,61
2015-03-16,8621.4,8622.9,8614.5,8622.9,14:15:00,8630.727782922791,0,62
2015-03-16,8641.55,8641.55,8626.45,8626.45,14:20:00,8631.758470263478,0,63
2015-03-16,8654.8,8654.8,8644.2,8647.4,14:25:00,8633.952901666957,0,64
2015-03-16,8643.95,8658.0,8643.95,8658.0,14:30:00,8634.905006270103,0,65
2015-03-16,8642.3,8643.85,8641.6,8641.6,14:35:00,8635.609291387236,0,66
2015-03-16,8646.25,8648.6,8645.1,8648.6,14:40:00,8636.6226922075,0,67
2015-03-16,8636.3,8648.8,8632.7,8648.8,14:45:00,8636.59195961631,0,68
2015-03-16,8639.5,8639.5,8632.85,8633.45,14:50:00,8636.868915843328,0,69
2015-03-16,8643.15,8645.7,8637.55,8637.55,14:55:00,8637.46711433444,0,70
2015-03-16,8626.0,8641.4,8626.0,8641.4,15:00:00,8636.375008207351,0,71
2015-03-16,8624.8,8629.8,8624.8,8627.45,15:05:00,8635.272626473317,0,72
2015-03-16,8631.9,8632.6,8627.05,8627.05,15:10:00,8634.951423952049,0,73
2015-03-16,8632.25,8633.65,8632.25,8633.65,15:15:00,8634.694145480424,0,74
2015-03-16,8635.85,8635.85,8632.1,8634.25,15:20:00,8634.80422686324,0,75
2015-03-16,8640.1,8640.1,8636.35,8637.4,15:25:00,8635.308586209598,0,76
2015-03-17,8689.1,8689.1,8689.1,8689.1,09:10:00,8640.43157799916,1,1
2015-03-17,8676.0,8689.1,8676.0,8689.1,09:15:00,8643.819046761144,1,2
2015-03-17,8680.8,8683.95,8673.5,8675.8,09:20:00,8647.341042307702,1,3
2015-03-17,8673.35,8678.0,8668.65,8678.0,09:25:00,8649.818085897445,1,4
2015-03-17,8676.25,8677.4,8673.85,8675.8,09:30:00,8652.33541105007,1,5
2015-03-17,8675.55,8675.55,8665.9,8671.05,09:35:00,8654.546324283396,1,6
2015-03-17,8670.95,8674.05,8670.6,8672.15,09:40:00,8656.108579113548,1,7
2015-03-17,8677.25,8677.25,8666.85,8666.85,09:45:00,8658.1220477694,1,8
2015-03-17,8685.55,8686.55,8681.6,8681.6,09:50:00,8660.734233696125,1,9
2015-03-17,8689.9,8689.9,8683.35,8685.1,09:55:00,8663.511925725064,1,10
2015-03-17,8716.55,8716.55,8697.05,8697.05,10:00:00,8668.563170894105,1,11
2015-03-17,8721.2,8721.2,8711.4,8712.75,10:05:00,8673.576202237524,1,12
2015-03-17,8725.9,8725.9,8716.95,8721.45,10:10:00,8678.559421072045,1,13
2015-03-17,8715.25,8723.5,8713.25,8723.5,10:15:00,8682.053761922327,1,14
2015-03-17,8728.0,8728.0,8712.8,8712.8,10:20:00,8686.4295941202,1,15
2015-03-17,8723.3,8726.6,8720.8,8726.6,10:25:00,8689.941061346848,1,16
2015-03-17,8714.1,8722.65,8714.1,8722.65,10:30:00,8692.241912647149,1,17
2015-03-17,8716.25,8718.15,8714.65,8718.15,10:35:00,8694.528397156944,1,18
2015-03-17,8716.45,8716.6,8712.2,8716.6,10:40:00,8696.616168856282,1,19
2015-03-17,8716.5,8718.55,8715.85,8715.85,10:45:00,8698.509867060446,1,20
2015-03-17,8719.8,8720.2,8717.05,8717.05,10:50:00,8700.537498768976,1,21
2015-03-17,8719.9,8721.35,8717.4,8721.35,10:55:00,8702.381546505263,1,22
2015-03-17,8719.3,8724.35,8719.3,8723.35,11:00:00,8703.992827790476,1,23
2015-03-17,8721.55,8722.9,8719.2,8722.35,11:05:00,8705.664939429478,1,24
2015-03-17,8721.9,8724.55,8719.95,8719.95,11:10:00,8707.21113567429,1,25
2015-03-17,8728.8,8728.8,8721.8,8722.35,11:15:00,8709.267217991024,1,26
2015-03-17,8726.4,8728.35,8725.6,8726.45,11:20:00,8710.89891151569,1,27
2015-03-17,8730.1,8734.65,8727.15,8728.15,11:25:00,8712.727586609433,1,28
2015-03-17,8728.8,8734.4,8728.8,8730.25,11:30:00,8714.25829264663,1,29
2015-03-17,8730.35,8731.1,8727.95,8729.65,11:35:00,8715.790836204093,1,30
2015-03-17,8722.0,8727.4,8718.95,8727.4,11:40:00,8716.382185137036,1,31
2015-03-17,8718.75,8721.35,8717.55,8719.35,11:45:00,8716.60769131446,1,32
2015-03-17,8719.55,8721.7,8716.9,8716.9,11:50:00,8716.887911189273,1,33
2015-03-17,8713.0,8714.55,8712.4,8714.55,11:55:00,8716.517633933152,1,34
2015-03-17,8695.1,8713.7,8695.1,8713.7,12:00:00,8714.47785927285,1,35
2015-03-17,8688.8,8698.55,8688.25,8698.3,12:05:00,8712.032348865912,1,36
2015-03-17,8679.25,8686.6,8670.55,8686.6,12:10:00,8708.910220402493,1,37
2015-03-17,8680.9,8682.2,8675.7,8682.2,12:15:00,8706.24258036416,1,38
2015-03-17,8686.35,8689.95,8686.35,8686.9,12:20:00,8704.348048900907,1,39
2015-03-17,8679.35,8685.95,8679.35,8685.05,12:25:00,8701.967282338916,1,40
2015-03-17,8685.15,8685.15,8680.7,8680.7,12:30:00,8700.365636401875,1,41
2015-03-17,8689.95,8690.7,8683.75,8683.75,12:35:00,8699.373671030267,1,42
2015-03-17,8685.4,8692.5,8685.4,8692.5,12:40:00,8698.04284521786,1,43
2015-03-17,8681.0,8685.75,8681.0,8682.75,12:45:00,8696.419717101873,1,44
2015-03-17,8681.15,8685.35,8681.15,8682.65,12:50:00,8694.965458330267,1,45
2015-03-17,8656.9,8679.35,8656.9,8679.35,12:55:00,8691.340176584528,1,46
2015-03-17,8657.45,8667.05,8657.45,8666.45,13:00:00,8688.112540719336,1,47
2015-03-17,8647.3,8662.85,8647.3,8657.6,13:05:00,8684.225632079399,1,48
2015-03-17,8654.5,8655.4,8644.9,8644.9,13:10:00,8681.394619500408,1,49
2015-03-17,8654.4,8655.9,8651.55,8654.2,13:15:00,8678.823703357511,1,50
2015-03-17,8650.15,8653.0,8645.3,8653.0,13:20:00,8676.09287446632,1,51
2015-03-17,8662.2,8662.2,8649.1,8649.1,13:25:00,8674.769743564766,1,52
2015-03-17,8661.45,8664.55,8655.7,8664.55,13:30:00,8673.501196558598,1,53
2015-03-17,8654.3,8660.25,8654.3,8657.25,13:35:00,8671.672511172064,1,54
2015-03-17,8640.45,8651.1,8632.55,8651.1,13:40:00,8668.698938679487,1,55
2015-03-17,8637.65,8637.65,8633.0,8633.2,13:45:00,8665.741896900487,1,56
2015-03-17,8648.3,8649.4,8642.1,8642.1,13:50:00,8664.080763862345,1,57
2015-03-17,8652.7,8652.7,8644.15,8645.55,13:55:00,8662.996881589741,1,58
2015-03-17,8650.95,8651.25,8645.5,8651.25,14:00:00,8661.849559533575,1,59
2015-03-17,8656.4,8658.85,8650.45,8653.4,14:05:00,8661.33055386371,1,60
2015-03-17,8661.45,8661.45,8653.6,8653.6,14:10:00,8661.341929686214,1,61
2015-03-17,8654.25,8660.3,8654.25,8658.75,14:15:00,8660.666507811336,1,62
2015-03-17,8655.1,8655.1,8648.25,8648.3,14:20:00,8660.136364210257,1,63
2015-03-17,8649.35,8654.95,8649.35,8654.55,14:25:00,8659.109091428327,1,64
2015-03-17,8642.0,8652.25,8642.0,8652.0,14:30:00,8657.479654149438,1,65
2015-03-17,8650.75,8651.75,8643.45,8645.4,14:35:00,8656.838734706635,1,66
2015-03-17,8654.05,8656.7,8650.0,8650.0,14:40:00,8656.573140925051,1,67
2015-03-17,8653.95,8656.7,8650.95,8651.9,14:45:00,8656.323317979808,1,68
2015-03-17,8654.6,8654.6,8649.3,8652.8,14:50:00,8656.159192457922,1,69
2015-03-17,8676.9,8676.9,8655.95,8655.95,14:55:00,8658.13450746193,1,70
2015-03-17,8698.35,8699.4,8674.3,8674.3,15:00:00,8661.964554370317,1,71
2015-03-17,8722.7,8722.7,8703.3,8703.3,15:05:00,8667.748882525524,1,72
2015-03-17,8726.2,8735.75,8719.1,8719.1,15:10:00,8673.315655618331,1,73
2015-03-17,8735.3,8735.3,8725.4,8730.55,15:15:00,8679.218926511823,1,74
2015-03-17,8726.35,8739.5,8726.35,8739.5,15:20:00,8683.707600177364,1,75
2015-03-17,8721.9,8729.9,8721.9,8729.9,15:25:00,8687.344971589044,1,76
2015-03-18,8742.9,8742.9,8742.9,8742.9,09:10:00,8692.6359266758,2,1
2015-03-18,8702.7,8742.9,8702.7,8742.9,09:15:00,8693.594409849535,2,2
2015-03-18,8718.05,8721.1,8712.2,8713.0,09:20:00,8695.923513673388,2,3
2015-03-18,8712.0,8718.2,8709.2,8718.2,09:25:00,8697.454607609256,2,4
2015-03-18,8712.65,8717.5,8712.65,8716.7,09:30:00,8698.901787836945,2,5
2015-03-18,8716.15,8718.9,8716.15,8716.15,09:35:00,8700.544474709617,2,6
2015-03-18,8696.4,8716.35,8696.4,8714.95,09:40:00,8700.14976283251,2,7
2015-03-18,8689.45,8701.45,8689.45,8697.25,09:45:00,8699.130737800844,2,8
2015-03-18,8690.0,8692.75,8681.95,8689.85,09:50:00,8698.261143724572,2,9
2015-03-18,8699.7,8699.7,8691.1,8691.1,09:55:00,8698.398177655565,2,10
2015-03-18,8710.3,8710.3,8701.55,8701.55,10:00:00,8699.53168454551,2,11
2015-03-18,8703.45,8710.7,8703.45,8705.45,10:05:00,8699.90485744594,2,12
2015-03-18,8700.65,8704.0,8700.35,8703.95,10:10:00,8699.975823403469,2,13
2015-03-18,8714.2,8714.2,8710.15,8710.95,10:15:00,8701.330506888853,2,14
2015-03-18,8703.7,8713.1,8703.7,8711.75,10:20:00,8701.556172899438,2,15
2015-03-18,8698.1,8706.4,8698.1,8706.4,10:25:00,8701.227013575683,2,16
2015-03-18,8693.0,8699.1,8692.25,8699.1,10:30:00,8700.443488473236,2,17
2015-03-18,8694.3,8696.15,8686.25,8686.25,10:35:00,8699.858394332929,2,18
2015-03-18,8693.25,8695.8,8690.15,8690.15,10:40:00,8699.229023444079,2,19
2015-03-18,8697.35,8698.45,8692.05,8692.05,10:45:00,8699.050068830358,2,20
2015-03-18,8689.75,8694.95,8689.75,8694.95,10:50:00,8698.164347989372,2,21
2015-03-18,8692.9,8692.9,8689.3,8689.3,10:55:00,8697.662981514193,2,22
2015-03-18,8694.6,8694.6,8691.75,8692.85,11:00:00,8697.37126898903,2,23
2015-03-18,8695.1,8695.1,8689.85,8690.95,11:05:00,8697.154957656741,2,24
2015-03-18,8697.55,8697.55,8693.25,8693.25,11:10:00,8697.192580737052,2,25
2015-03-18,8693.6,8699.1,8693.6,8699.1,11:15:00,8696.850430190665,2,26
2015-03-18,8694.65,8694.65,8689.95,8690.85,11:20:00,8696.640865410602,2,27
2015-03-18,8700.1,8700.1,8693.9,8696.6,11:25:00,8696.970306800069,2,28
2015-03-18,8706.05,8710.8,8706.05,8707.25,11:30:00,8697.835039485777,2,29
2015-03-18,8698.1,8702.65,8698.1,8702.65,11:35:00,8697.860273820464,2,30
2015-03-18,8697.85,8698.2,8696.4,8698.15,11:40:00,8697.859295361372,2,31
2015-03-18,8714.7,8718.8,8702.4,8702.4,11:45:00,8699.463171993622,2,32
2015-03-18,8732.65,8732.65,8713.65,8713.65,11:50:00,8702.623822279944,2,33
2015-03-18,8724.05,8725.25,8716.4,8725.25,11:55:00,8704.664410634236,2,34
2015-03-18,8721.9,8722.25,8715.8,8722.25,12:00:00,8706.305895335738,2,35
2015-03-18,8716.65,8721.4,8716.15,8721.4,12:05:00,8707.291048160905,2,36
2015-03-18,8725.3,8725.35,8719.4,8719.75,12:10:00,8709.006186431296,2,37
2015-03-18,8716.2,8722.05,8716.2,8720.2,12:15:00,8709.691311533077,2,38
2015-03-18,8715.75,8718.15,8711.8,8718.15,12:20:00,8710.26832948231,2,39
2015-03-18,8709.5,8717.75,8709.5,8717.75,12:25:00,8710.1951552459,2,40
2015-03-18,8724.75,8726.1,8715.45,8715.45,12:30:00,8711.581330936766,2,41
2015-03-18,8721.6,8726.85,8718.35,8724.15,12:35:00,8712.53548989517,2,42
2015-03-18,8718.85,8725.45,8718.85,8725.45,12:40:00,8713.136871809915,2,43
2015-03-18,8715.45,8716.05,8709.95,8716.05,12:45:00,8713.35716973278,2,44
2015-03-18,8708.4,8713.5,8708.4,8713.5,12:50:00,8712.885058329659,2,45
2015-03-18,8713.1,8721.2,8711.55,8711.55,12:55:00,8712.90552896493,2,46
2015-03-18,8715.2,8717.75,8712.45,8712.45,13:00:00,8713.12405001589,2,47
2015-03-18,8713.3,8716.75,8711.6,8715.85,13:05:00,8713.140807157233,2,48
2015-03-18,8722.55,8722.55,8715.05,8715.05,13:10:00,8714.036920761306,2,49
2015-03-18,8721.55,8724.85,8721.55,8722.4,13:15:00,8714.752452117371,2,50
2015-03-18,8713.7,8718.8,8713.25,8718.8,13:20:00,8714.652218582383,2,51
2015-03-18,8697.7,8716.45,8697.7,8716.45,13:25:00,8713.037721574537,2,52
2015-03-18,8698.1,8704.65,8689.95,8704.65,13:30:00,8711.615081424581,2,53
2015-03-18,8695.15,8697.4,8695.15,8695.9,13:35:00,8710.046978431763,2,54
2015-03-18,8695.0,8697.95,8688.75,8697.95,13:40:00,8708.613932866832,2,55
2015-03-18,8693.85,8699.5,8693.85,8696.25,13:45:00,8707.207844022372,2,56
2015-03-18,8673.35,8688.25,8673.35,8688.25,13:50:00,8703.983287448813,2,57
2015-03-18,8688.4,8688.4,8677.35,8677.35,13:55:00,8702.49916483464,2,58
2015-03-18,8692.2,8692.2,8686.45,8686.8,14:00:00,8701.518291993247,2,59
2015-03-18,8692.25,8694.3,8692.25,8694.3,14:05:00,8700.6355975177,2,60
2015-03-18,8703.5,8703.5,8691.05,8691.05,14:10:00,8700.908397754109,2,61
2015-03-18,8702.0,8703.8,8699.6,8699.6,14:15:00,8701.012359872766,2,62
2015-03-18,8695.55,8698.95,8692.45,8698.95,14:20:00,8700.492135122979,2,63
2015-03-18,8692.6,8699.45,8692.5,8695.6,14:25:00,8699.740503206503,2,64
2015-03-18,8685.95,8693.75,8685.75,8693.45,14:30:00,8698.427121948742,2,65
2015-03-18,8688.7,8690.25,8687.35,8687.55,14:35:00,8697.500729382195,2,66
2015-03-18,8666.2,8688.5,8666.2,8688.5,14:40:00,8694.51970753627,2,67
2015-03-18,8682.1,8682.1,8670.7,8673.35,14:45:00,8693.3368782471,2,68
2015-03-18,8676.4,8683.05,8676.4,8679.6,14:50:00,8691.723842223568,2,69
2015-03-18,8680.35,8680.35,8674.55,8674.55,14:55:00,8690.640619154658,2,70
2015-03-18,8673.3,8680.6,8673.3,8676.95,15:00:00,8688.98913161612,2,71
2015-03-18,8686.0,8686.0,8674.75,8674.9,15:05:00,8688.704452414584,2,72
2015-03-18,8692.5,8697.6,8689.05,8689.05,15:10:00,8689.065933137004,2,73
2015-03-18,8688.0,8688.55,8683.65,8688.55,15:15:00,8688.964415695385,2,74
2015-03-18,8688.3,8688.3,8685.3,8685.65,15:20:00,8688.901138010111,2,75
2015-03-18,8677.25,8683.75,8677.25,8683.75,15:25:00,8687.791505818672,2,76
2015-03-19,8749.45,8749.45,8749.45,8749.45,09:10:00,8693.663743359752,3,1
2015-03-19,8739.0,8749.45,8732.95,8749.45,09:15:00,8697.981482087394,3,2
2015-03-19,8734.65,8740.15,8734.65,8738.3,09:20:00,8701.473721888595,3,3
2015-03-19,8740.3,8742.5,8736.15,8736.15,09:25:00,8705.17146266111,3,4
2015-03-19,8768.0,8768.0,8743.75,8743.75,09:30:00,8711.155132883861,3,5
2015-03-19,8779.85,8779.85,8771.7,8771.7,09:35:00,8717.697501180637,3,6
2015-03-19,8775.9,8783.0,8775.9,8782.5,09:40:00,8723.24059630629,3,7
2015-03-19,8776.65,8778.2,8774.1,8775.25,09:45:00,8728.32720618188,3,8
2015-03-19,8781.15,8783.7,8776.0,8776.0,09:50:00,8733.357948450273,3,9
2015-03-19,8782.7,8782.7,8776.35,8776.35,09:55:00,8738.05719145501,3,10
2015-03-19,8783.6,8783.6,8775.75,8775.75,10:00:00,8742.394601792628,3,11
2015-03-19,8783.8,8783.8,8778.9,8779.65,10:05:00,8746.337973050473,3,12
2015-03-19,8778.3,8785.9,8778.3,8785.9,10:10:00,8749.381975617094,3,13
2015-03-19,8777.7,8778.6,8773.25,8778.6,10:15:00,8752.078930320227,3,14
2015-03-19,8769.9,8776.45,8769.9,8776.45,10:20:00,8753.776175051635,3,15
2015-03-19,8767.75,8769.4,8767.75,8768.2,10:25:00,8755.107015522908,3,16
2015-03-19,8771.75,8773.25,8767.65,8767.65,10:30:00,8756.692061663583,3,17
2015-03-19,8764.0,8772.15,8764.0,8772.15,10:35:00,8757.388055790861,3,18
2015-03-19,8761.3,8767.15,8761.3,8765.0,10:40:00,8757.760621906018,3,19
2015-03-19,8767.75,8767.75,8763.05,8763.05,10:45:00,8758.711991248303,3,20
2015-03-19,8757.05,8767.5,8757.05,8766.45,10:50:00,8758.553706367511,3,21
2015-03-19,8745.2,8757.15,8745.2,8757.15,10:55:00,8757.2819248087,3,22
2015-03-19,8749.95,8751.05,8743.15,8746.9,11:00:00,8756.58364625549,3,23
2015-03-19,8748.75,8748.75,8740.2,8743.95,11:05:00,8755.83758470735,3,24
2015-03-19,8743.35,8746.45,8743.35,8746.45,11:10:00,8754.648290925697,3,25
2015-03-19,8745.55,8746.35,8741.95,8741.95,11:15:00,8753.781787028012,3,26
2015-03-19,8748.0,8750.05,8747.4,8747.4,11:20:00,8753.231140644393,3,27
2015-03-19,8751.55,8752.35,8747.2,8749.25,11:25:00,8753.071032011594,3,28
2015-03-19,8739.3,8751.75,8739.3,8751.75,11:30:00,8751.759505153346,3,29
2015-03-19,8726.1,8738.8,8726.1,8732.65,11:35:00,8749.31574275779,3,30
2015-03-19,8732.6,8733.75,8728.85,8729.4,11:40:00,8747.723767257048,3,31
2015-03-19,8736.7,8736.7,8727.2,8731.15,11:45:00,8746.673884661139,3,32
2015-03-19,8737.2,8738.05,8735.15,8735.15,11:50:00,8745.771609931506,3,33
2015-03-19,8735.15,8739.25,8735.15,8738.2,11:55:00,8744.760028033266,3,34
2015-03-19,8741.4,8741.4,8736.25,8736.25,12:00:00,8744.440025363432,3,35
2015-03-19,8742.6,8742.6,8739.8,8739.8,12:05:00,8744.264784852629,3,36
2015-03-19,8742.8,8744.95,8741.55,8743.6,12:10:00,8744.12528153333,3,37
2015-03-19,8743.4,8744.55,8742.3,8744.0,12:15:00,8744.056207101585,3,38
2015-03-19,8744.05,8744.05,8741.1,8741.1,12:20:00,8744.055615949053,3,39
2015-03-19,8744.9,8746.6,8744.2,8744.2,12:25:00,8744.136033477715,3,40
2015-03-19,8747.5,8747.5,8744.65,8746.15,12:30:00,8744.456411241741,3,41
2015-03-19,8752.1,8752.1,8750.4,8750.45,12:35:00,8745.18437207586,3,42
2015-03-19,8748.05,8752.1,8748.05,8752.1,12:40:00,8745.457289021017,3,43
2015-03-19,8737.5,8743.55,8735.9,8743.55,12:45:00,8744.699451971395,3,44
2015-03-19,8739.95,8742.55,8739.4,8739.4,12:50:00,8744.247123212215,3,45
2015-03-19,8728.2,8741.35,8728.2,8741.35,12:55:00,8742.718825763433,3,46
2015-03-19,8736.5,8736.5,8731.3,8732.35,13:00:00,8742.126556643107,3,47
2015-03-19,8736.95,8736.95,8736.0,8736.0,13:05:00,8741.633551248526,3,48
2015-03-19,8739.55,8740.35,8738.2,8738.2,13:10:00,8741.435117796285,3,49
2015-03-19,8743.75,8743.75,8735.75,8735.75,13:15:00,8741.655582768068,3,50
2015-03-19,8750.3,8750.3,8740.55,8743.35,13:20:00,8742.47886059968,3,51
2015-03-19,8747.05,8753.2,8745.8,8753.2,13:25:00,8742.914207209235,3,52
2015-03-19,8748.45,8748.45,8745.45,8745.45,13:30:00,8743.44142557026,3,53
2015-03-19,8741.2,8745.05,8739.65,8745.05,13:35:00,8743.22795646833,3,54
2015-03-19,8742.35,8745.1,8742.35,8743.45,13:40:00,8743.144341566585,3,55
2015-03-19,8747.8,8747.8,8744.5,8744.65,13:45:00,8743.587737607862,3,56
2015-03-19,8744.0,8746.25,8744.0,8745.25,13:50:00,8743.627000692828,3,57
2015-03-19,8740.65,8744.45,8739.4,8744.45,13:55:00,8743.343476817321,3,58
2015-03-19,8744.05,8744.05,8740.1,8740.7,14:00:00,8743.410764739481,3,59
2015-03-19,8741.45,8743.2,8741.45,8742.4,14:05:00,8743.224025240483,3,60
2015-03-19,8744.25,8744.25,8735.75,8735.75,14:10:00,8743.321737122342,3,61
2015-03-19,8748.55,8748.75,8743.6,8743.6,14:15:00,8743.819666920215,3,62
2015-03-19,8744.75,8746.25,8742.35,8746.25,14:20:00,8743.908270070671,3,63
2015-03-19,8711.85,8741.75,8711.85,8741.45,14:25:00,8740.855101492512,3,64
2015-03-19,8700.4,8706.6,8695.2,8705.7,14:30:00,8737.002234683701,3,65
2015-03-19,8701.4,8701.4,8696.25,8696.6,14:35:00,8733.611545666206,3,66
2015-03-19,8698.6,8705.95,8698.6,8704.25,14:40:00,8730.277112745614,3,67
2015-03-19,8692.55,8702.2,8684.3,8695.85,14:45:00,8726.684054388888,3,68
2015-03-19,8683.5,8692.3,8679.0,8692.3,14:50:00,8722.571287304232,3,69
2015-03-19,8657.05,8688.15,8657.05,8688.15,14:55:00,8716.331164703828,3,70
2015-03-19,8664.8,8668.4,8659.2,8659.2,15:00:00,8711.423434732034,3,71
2015-03-19,8621.55,8651.85,8621.55,8651.85,15:05:00,8702.86405999565,3,72
2015-03-19,8622.05,8631.65,8616.4,8616.4,15:10:00,8695.167482853209,3,73
2015-03-19,8635.0,8637.8,8631.15,8634.9,15:15:00,8689.437246390999,3,74
2015-03-19,8624.95,8632.65,8624.65,8632.65,15:20:00,8683.29560387757,3,75
2015-03-19,8622.75,8629.95,8622.75,8628.45,15:25:00,8677.52935588923,3,76
2015-03-20,8627.9,8627.9,8627.9,8627.9,09:10:00,8672.802750566447,4,1
2015-03-20,8608.25,8627.9,8602.6,8627.9,09:15:00,8666.65486956012,4,2
2015-03-20,8604.0,8606.65,8591.35,8606.65,09:20:00,8660.687739125822,4,3
2015-03-20,8599.7,8608.45,8599.7,8607.3,09:25:00,8654.8793830186,4,4
2015-03-20,8623.05,8623.05,8596.7,8596.7,09:30:00,8651.848013207305,4,5
2015-03-20,8617.3,8619.95,8614.8,8619.95,09:35:00,8648.55772623518,4,6
2015-03-20,8611.55,8621.8,8611.55,8621.8,09:40:00,8645.033180879449,4,7
2015-03-20,8598.7,8610.4,8598.7,8610.4,09:45:00,8640.620496986168,4,8
2015-03-20,8610.25,8610.25,8605.35,8605.4,09:50:00,8637.728068701772,4,9
2015-03-20,8605.85,8611.0,8604.85,8611.0,09:55:00,8634.692062158745,4,10
2015-03-20,8599.8,8608.9,8599.8,8608.9,10:00:00,8631.369008619817,4,11
2015-03-20,8599.0,8600.55,8598.55,8600.55,10:05:00,8628.28624589412,4,12
2015-03-20,8597.05,8597.15,8595.7,8596.7,10:10:00,8625.311365332775,4,13
2015-03-20,8607.05,8607.05,8597.65,8597.65,10:15:00,8623.572187682033,4,14
2015-03-20,8594.15,8603.4,8594.15,8603.4,10:20:00,8620.770074569458,4,15
2015-03-20,8595.55,8600.75,8595.55,8596.45,10:25:00,8618.3681627057,4,16
2015-03-20,8601.95,8601.95,8596.2,8599.4,10:30:00,8616.8045281623,4,17
2015-03-20,8597.7,8603.9,8596.15,8603.9,10:35:00,8614.9850492897,4,18
2015-03-20,8595.4,8598.7,8595.4,8598.7,10:40:00,8613.119806500205,4,19
2015-03-20,8577.65,8591.05,8577.65,8591.05,10:45:00,8609.74172969066,4,20
2015-03-20,8590.2,8590.2,8582.45,8582.85,10:50:00,8607.880612577264,4,21
2015-03-20,8595.7,8595.7,8587.6,8589.0,10:55:00,8606.720554236574,4,22
2015-03-20,8600.85,8600.85,8596.1,8597.65,11:00:00,8606.16145383309,4,23
2015-03-20,8594.45,8602.2,8592.95,8601.7,11:05:00,8605.046077277559,4,24
2015-03-20,8598.2,8598.2,8592.95,8592.95,11:10:00,8604.394069917791,4,25
2015-03-20,8601.0,8603.95,8600.55,8603.95,11:15:00,8604.070825163715,4,26
2015-03-20,8609.35,8613.55,8601.4,8601.4,11:20:00,8604.573603719553,4,27
2015-03-20,8607.4,8613.5,8606.3,8606.3,11:25:00,8604.84278431769,4,28
2015-03-20,8612.9,8612.9,8606.7,8606.7,11:30:00,8605.610138192196,4,29
2015-03-20,8611.2,8616.55,8611.2,8611.45,11:35:00,8606.142505983415,4,30
2015-03-20,8607.8,8610.8,8606.45,8610.8,11:40:00,8606.300362556423,4,31
2015-03-20,8610.85,8612.5,8610.0,8610.3,11:45:00,8606.733661360573,4,32
2015-03-20,8595.45,8611.2,8595.45,8611.2,11:50:00,8605.65902694528,4,33
2015-03-20,8596.5,8597.55,8595.4,8595.55,11:55:00,8604.786738664778,4,34
2015-03-20,8590.7,8592.55,8590.0,8591.45,12:00:00,8603.445144506228,4,35
2015-03-20,8590.9,8591.05,8588.05,8588.05,12:05:00,8602.250368838968,4,36
2015-03-20,8587.65,8591.3,8582.65,8582.65,12:10:00,8600.85985752097,4,37
2015-03-20,8590.2,8594.0,8590.2,8591.2,12:15:00,8599.844632995164,4,38
2015-03-20,8586.4,8592.1,8586.4,8592.1,12:20:00,8598.56419175753,4,39
2015-03-20,8584.8,8585.55,8583.45,8585.55,12:25:00,8597.253316352051,4,40
2015-03-20,8595.35,8595.35,8585.6,8585.6,12:30:00,8597.072048128046,4,41
2015-03-20,8591.85,8597.35,8591.85,8597.35,12:35:00,8596.574710211089,4,42
2015-03-20,8587.15,8592.35,8587.15,8591.6,12:40:00,8595.677118762414,4,43
2015-03-20,8589.25,8594.15,8583.6,8583.6,12:45:00,8595.065012213614,4,44
2015-03-20,8591.9,8591.9,8587.55,8589.05,12:50:00,8594.763582478985,4,45
2015-03-20,8586.65,8588.5,8584.7,8588.4,12:55:00,8593.99086033813,4,46
2015-03-20,8585.7,8587.4,8584.65,8584.65,13:00:00,8593.20125459164,4,47
2015-03-20,8571.0,8582.15,8565.35,8582.15,13:05:00,8591.086849392437,4,48
2015-03-20,8579.35,8579.35,8566.8,8566.8,13:10:00,8589.969054212206,4,49
2015-03-20,8578.65,8580.6,8578.5,8580.45,13:15:00,8588.89104904914,4,50
2015-03-20,8584.9,8584.9,8576.55,8579.2,13:20:00,8588.510949139698,4,51
2015-03-20,8598.6,8600.55,8588.1,8588.1,13:25:00,8589.471811126394,4,52
2015-03-20,8600.25,8602.0,8593.75,8602.0,13:30:00,8590.498305304833,4,53
2015-03-20,8597.75,8604.3,8597.75,8599.05,13:35:00,8591.188942894849,4,54
2015-03-20,8591.85,8600.5,8591.85,8600.5,13:40:00,8591.251900714387,4,55
2015-03-20,8593.0,8593.0,8586.7,8591.55,13:45:00,8591.418386360636,4,56
2015-03-20,8596.4,8599.45,8590.5,8591.7,13:50:00,8591.892825754861,4,57
2015-03-20,8588.25,8598.3,8588.25,8594.65,13:55:00,8591.545889968684,4,58
2015-03-20,8597.25,8597.25,8587.9,8587.9,14:00:00,8592.089138543095,4,59
2015-03-20,8590.35,8593.55,8587.2,8593.55,14:05:00,8591.923506300896,4,60
2015-03-20,8578.6,8589.7,8573.75,8589.7,14:10:00,8590.654600938906,4,61
2015-03-20,8576.2,8583.7,8576.2,8583.7,14:15:00,8589.277972278058,4,62
2015-03-20,8580.15,8584.75,8566.4,8566.4,14:20:00,8588.408641584909,4,63
2015-03-20,8586.9,8593.05,8586.9,8591.85,14:25:00,8588.264961433964,4,64
2015-03-20,8590.05,8596.15,8586.1,8587.35,14:30:00,8588.43496510692,4,65
2015-03-20,8583.3,8586.95,8583.3,8586.7,14:35:00,8587.945920811024,4,66
2015-03-20,8584.1,8588.8,8584.1,8588.8,14:40:00,8587.579642638546,4,67
2015-03-20,8577.15,8584.5,8577.15,8584.5,14:45:00,8586.586343339637,4,68
2015-03-20,8572.8,8575.5,8568.5,8575.5,14:50:00,8585.273358259672,4,69
2015-03-20,8579.55,8579.55,8573.05,8573.05,14:55:00,8584.728276520656,4,70
2015-03-20,8575.5,8584.45,8575.5,8584.45,15:00:00,8583.8493930425,4,71
2015-03-20,8577.0,8582.55,8577.0,8577.3,15:05:00,8583.197069895594,4,72
2015-03-20,8574.1,8577.5,8572.6,8572.6,15:10:00,8582.33068228649,4,73
2015-03-20,8561.85,8569.95,8554.85,8569.95,15:15:00,8580.38014111635,4,74
2015-03-20,8568.15,8568.15,8564.85,8564.85,15:20:00,8579.215365771935,4,75
2015-03-20,8588.3,8588.3,8570.35,8570.35,15:25:00,8580.08056903175,4,76
2015-03-23,8591.55,8591.55,8591.55,8591.55,09:10:00,8581.17289579063,0,1
2015-03-23,8605.65,8605.65,8591.55,8591.55,09:15:00,8583.504048572475,0,2
2015-03-23,8597.5,8597.5,8589.2,8591.75,09:20:00,8584.836996327476,0,3
2015-03-23,8593.0,8600.35,8593.0,8599.85,09:25:00,8585.61442524867,0,4
2015-03-23,8581.25,8592.25,8581.25,8592.25,09:30:00,8585.198765701178,0,5
2015-03-23,8577.85,8586.7,8576.4,8582.35,09:35:00,8584.498883253447,0,6
2015-03-23,8572.95,8581.1,8569.75,8581.1,09:40:00,8583.398989610261,0,7
2015-03-23,8573.1,8573.1,8563.15,8565.9,09:45:00,8582.418133456902,0,8
2015-03-23,8579.85,8579.85,8573.05,8573.05,09:50:00,8582.17354931815,0,9
2015-03-23,8578.45,8579.05,8572.6,8579.05,09:55:00,8581.818925573563,0,10
2015-03-23,8578.0,8585.2,8578.0,8582.6,10:00:00,8581.45521837608,0,11
2015-03-23,8572.2,8579.5,8572.2,8579.5,10:05:00,8580.57376900693,0,12
2015-03-23,8574.65,8575.45,8571.45,8571.45,10:10:00,8580.00960053008,0,13
2015-03-23,8579.9,8579.9,8575.6,8575.6,10:15:00,8579.999162384358,0,14
2015-03-23,8575.6,8579.15,8574.55,8579.15,10:20:00,8579.580194538228,0,15
2015-03-23,8580.35,8580.35,8575.95,8576.35,10:25:00,8579.65350934411,0,16
2015-03-23,8585.65,8587.8,8583.2,8583.2,10:30:00,8580.22460369229,0,17
2015-03-23,8577.1,8582.05,8573.55,8582.05,10:35:00,8579.927022388261,0,18
2015-03-23,8577.7,8578.95,8577.7,8578.7,10:40:00,8579.71492501795,0,19
2015-03-23,8579.65,8579.65,8576.0,8576.0,10:45:00,8579.708741682907,0,20
2015-03-23,8568.8,8577.5,8568.8,8577.5,10:50:00,8578.669813903583,0,21
2015-03-23,8575.15,8578.15,8567.4,8567.4,10:55:00,8578.334593531814,0,22
2015-03-23,8576.05,8576.9,8576.05,8576.7,11:00:00,8578.117013195451,0,23
2015-03-23,8577.5,8578.45,8572.85,8576.65,11:05:00,8578.05825003398,0,24
2015-03-23,8575.7,8580.3,8575.7,8577.05,11:10:00,8577.833654792648,0,25
2015-03-23,8573.8,8577.45,8573.8,8575.85,11:15:00,8577.449497193349,0,26
2015-03-23,8568.15,8573.75,8568.15,8573.75,11:20:00,8576.563830793983,0,27
2015-03-23,8575.1,8575.1,8568.6,8569.8,11:25:00,8576.424418337412,0,28
2015-03-23,8580.55,8580.55,8572.1,8572.1,11:30:00,8576.817330876707,0,29
2015-03-23,8576.8,8579.65,8576.8,8579.65,11:35:00,8576.81568031702,0,30
2015-03-23,8578.8,8578.8,8575.8,8575.8,11:40:00,8577.00466314397,0,31
2015-03-23,8587.55,8587.55,8580.95,8580.95,11:45:00,8578.008980939783,0,32
2015-03-23,8584.2,8590.25,8584.2,8587.45,11:50:00,8578.598601802662,0,33
2015-03-23,8591.85,8591.85,8585.5,8585.95,11:55:00,8579.860639726217,0,34
2015-03-23,8593.55,8593.55,8590.3,8590.4,12:00:00,8581.16438832372,0,35
2015-03-23,8589.45,8590.85,8587.95,8590.85,12:05:00,8581.95349419765,0,36
2015-03-23,8591.45,8594.2,8590.5,8590.5,12:10:00,8582.857923321684,0,37
2015-03-23,8591.45,8593.35,8590.75,8591.0,12:15:00,8583.676216338667,0,38
2015-03-23,8588.2,8591.2,8588.2,8590.2,12:20:00,8584.107052877842,0,39
2015-03-23,8590.3,8592.15,8588.6,8588.6,12:25:00,8584.696857365667,0,40
2015-03-23,8588.8,8589.95,8588.5,8589.5,12:30:00,8585.087632854651,0,41
2015-03-23,8582.05,8588.2,8582.05,8588.2,12:35:00,8584.798334487541,0,42
2015-03-23,8581.9,8581.9,8579.95,8580.3,12:40:00,8584.522302631585,0,43
2015-03-23,8579.65,8581.8,8579.65,8579.8,12:45:00,8584.058273809529,0,44
2015-03-23,8580.55,8581.2,8580.45,8580.45,12:50:00,8583.724152494335,0,45
2015-03-23,8575.4,8581.85,8575.4,8581.85,12:55:00,8582.931376066303,0,46
2015-03-23,8581.1,8581.1,8577.6,8578.05,13:00:00,8582.756959298084,0,47
2015-03-23,8578.8,8582.9,8578.8,8582.9,13:05:00,8582.3801060316,0,48
2015-03-23,8579.15,8580.9,8578.7,8578.7,13:10:00,8582.072476885733,0,49
2015-03-23,8581.3,8581.3,8574.55,8578.25,13:15:00,8581.99890765852,0,50
2015-03-23,8584.65,8589.8,8583.4,8584.55,13:20:00,8582.251392643424,0,51
2015-03-23,8582.2,8586.35,8582.2,8586.3,13:25:00,8582.246498105955,0,52
2015-03-23,8576.05,8584.15,8576.05,8584.15,13:30:00,8581.656355429197,0,53
2015-03-23,8568.3,8574.95,8568.25,8574.95,13:35:00,8580.384321578797,0,54
2015-03-23,8558.1,8564.15,8558.1,8564.15,13:40:00,8578.262005237959,0,55
2015-03-23,8559.95,8562.6,8557.4,8557.4,13:45:00,8576.518004739106,0,56
2015-03-23,8549.35,8561.2,8549.35,8561.2,13:50:00,8573.930575716335,0,57
2015-03-23,8557.3,8557.3,8549.35,8549.35,13:55:00,8572.346711362397,0,58
2015-03-23,8569.9,8571.9,8562.25,8562.25,14:00:00,8572.113691232646,0,59
2015-03-23,8552.4,8565.65,8552.4,8565.65,14:05:00,8570.236196829537,0,60
2015-03-23,8553.45,8553.45,8549.65,8549.65,14:10:00,8568.6375114172,0,61
2015-03-23,8554.3,8555.45,8549.85,8549.85,14:15:00,8567.272034139372,0,62
2015-03-23,8551.4,8551.4,8548.3,8549.95,14:20:00,8565.760411840385,0,63
2015-03-23,8556.8,8556.8,8550.0,8550.0,14:25:00,8564.907039284157,0,64
2015-03-23,8557.9,8567.65,8557.9,8561.45,14:30:00,8564.239702209476,0,65
2015-03-23,8560.85,8566.15,8558.85,8558.85,14:35:00,8563.91687342762,0,66
2015-03-23,8551.45,8559.3,8551.45,8557.7,14:40:00,8562.7295521488,0,67
2015-03-23,8550.15,8553.2,8550.15,8552.55,14:45:00,8561.5314995632,0,68
2015-03-23,8548.65,8549.35,8542.8,8546.2,14:50:00,8560.30469008099,0,69
2015-03-23,8550.55,8554.75,8548.0,8554.75,14:55:00,8559.375671978038,0,70
2015-03-23,8551.35,8551.8,8547.4,8551.0,15:00:00,8558.611322265844,0,71
2015-03-23,8558.15,8558.15,8555.05,8555.55,15:05:00,8558.567386811954,0,72
2015-03-23,8551.4,8557.85,8551.4,8557.85,15:10:00,8557.884778544149,0,73
2015-03-23,8547.1,8554.1,8547.1,8554.1,15:15:00,8556.85765677804,0,74
2015-03-23,8544.45,8548.85,8541.15,8548.85,15:20:00,8555.675975180133,0,75
2015-03-23,8551.2,8551.2,8547.25,8547.25,15:25:00,8555.249691829644,0,76
2015-03-24,8537.05,8537.05,8537.05,8537.05,09:10:00,8553.516387845868,1,1
2015-03-24,8553.95,8555.1,8537.05,8537.05,09:15:00,8553.5576842415,1,2
2015-03-24,8557.55,8557.55,8545.2,8547.6,09:20:00,8553.937904789927,1,3
2015-03-24,8562.0,8568.55,8560.1,8560.1,09:25:00,8554.705723381363,1,4
2015-03-24,8559.6,8560.65,8557.5,8560.65,09:30:00,8555.17184496409,1,5
2015-03-24,8565.15,8567.1,8559.3,8559.8,09:35:00,8556.1221454437,1,6
2015-03-24,8562.6,8566.5,8562.6,8564.1,09:40:00,8556.73908397287,1,7
2015-03-24,8574.1,8574.1,8565.0,8565.0,09:45:00,8558.392504546882,1,8
2015-03-24,8574.25,8576.25,8567.35,8576.25,09:50:00,8559.902742209084,1,9
2015-03-24,8576.8,8579.05,8576.65,8576.65,09:55:00,8561.512004855838,1,10
2015-03-24,8580.4,8582.25,8573.75,8573.75,10:00:00,8563.310861536234,1,11
2015-03-24,8576.1,8577.55,8574.6,8577.55,10:05:00,8564.52887472326,1,12
2015-03-24,8575.8,8581.05,8575.8,8576.05,10:10:00,8565.602315225808,1,13
2015-03-24,8581.15,8583.4,8578.05,8578.05,10:15:00,8567.083047109063,1,14
2015-03-24,8578.8,8580.7,8578.4,8580.7,10:20:00,8568.19894738439,1,15
2015-03-24,8572.1,8577.55,8570.9,8577.55,10:25:00,8568.570476204924,1,16
2015-03-24,8571.55,8571.55,8568.9,8570.8,10:30:00,8568.854240375884,1,17
2015-03-24,8567.05,8570.35,8566.9,8570.35,10:35:00,8568.682407959133,1,18
2015-03-24,8571.25,8572.1,8566.4,8566.4,10:40:00,8568.926940534453,1,19
2015-03-24,8575.15,8575.15,8570.0,8570.0,10:45:00,8569.519612864506,1,20
2015-03-24,8584.9,8584.9,8577.7,8578.05,10:50:00,8570.984411639314,1,21
2015-03-24,8580.8,8588.0,8580.8,8585.95,10:55:00,8571.919229578427,1,22
2015-03-24,8581.8,8582.6,8580.6,8582.1,11:00:00,8572.860255332862,1,23
2015-03-24,8580.55,8585.0,8580.55,8584.65,11:05:00,8573.592611967826,1,24
2015-03-24,8581.4,8583.45,8581.4,8581.55,11:10:00,8574.336172732796,1,25
2015-03-24,8586.8,8586.8,8582.15,8582.15,11:15:00,8575.5232039011,1,26
2015-03-24,8588.65,8593.1,8588.65,8589.55,11:20:00,8576.773374958138,1,27
2015-03-24,8590.8,8591.45,8589.25,8591.45,11:25:00,8578.109244009744,1,28
2015-03-24,8600.8,8600.8,8592.05,8592.05,11:30:00,8580.270268389768,1,29
2015-03-24,8599.2,8601.15,8599.2,8601.15,11:35:00,8582.073099971694,1,30
2015-03-24,8591.25,8598.0,8591.25,8598.0,11:40:00,8582.947090450582,1,31
2015-03-24,8595.95,8596.25,8592.7,8592.7,11:45:00,8584.18546278862,1,32
2015-03-24,8593.1,8596.75,8592.35,8596.75,11:50:00,8585.034466332561,1,33
2015-03-24,8589.85,8591.45,8588.1,8590.75,11:55:00,8585.493088586603,1,34
2015-03-24,8578.35,8586.65,8578.35,8585.75,12:00:00,8584.812794435498,1,35
2015-03-24,8581.5,8581.5,8577.6,8578.0,12:05:00,8584.497290203546,1,36
2015-03-24,8584.6,8584.6,8580.95,8580.95,12:10:00,8584.507072088923,1,37
2015-03-24,8579.95,8586.6,8579.95,8586.6,12:15:00,8584.073065223312,1,38
2015-03-24,8581.9,8582.45,8578.9,8579.15,12:20:00,8583.866106630616,1,39
2015-03-24,8586.2,8587.05,8581.7,8585.05,12:25:00,8584.088382189604,1,40
2015-03-24,8587.55,8591.25,8586.3,8586.3,12:30:00,8584.418060076308,1,41
2015-03-24,8586.25,8588.85,8586.25,8588.85,12:35:00,8584.592530545231,1,42
2015-03-24,8581.55,8582.9,8581.55,8582.65,12:40:00,8584.3027657314,1,43
2015-03-24,8581.15,8582.5,8577.65,8582.5,12:45:00,8584.002502328409,1,44
2015-03-24,8579.1,8580.65,8579.1,8579.25,12:50:00,8583.535597344751,1,45
2015-03-24,8581.95,8583.2,8578.6,8579.95,12:55:00,8583.384588073823,1,46
2015-03-24,8582.35,8582.5,8580.8,8582.5,13:00:00,8583.286055876315,1,47
2015-03-24,8584.75,8584.75,8581.1,8581.6,13:05:00,8583.42547912619,1,48
2015-03-24,8581.45,8586.5,8581.45,8586.5,13:10:00,8583.23733825703,1,49
2015-03-24,8566.2,8579.3,8566.2,8579.3,13:15:00,8581.614734613504,1,50
2015-03-24,8561.5,8566.7,8559.0,8566.7,13:20:00,8579.699045602694,1,51
2015-03-24,8561.15,8563.85,8558.25,8562.85,13:25:00,8577.932469831008,1,52
2015-03-24,8556.6,8562.35,8556.6,8562.35,13:30:00,8575.900806037578,1,53
2015-03-24,8551.85,8552.7,8548.25,8552.45,13:35:00,8573.610253081619,1,54
2015-03-24,8559.7,8560.15,8553.45,8553.45,13:40:00,8572.285467073845,1,55
2015-03-24,8559.3,8559.8,8555.55,8558.5,13:45:00,8571.048755923955,1,56
2015-03-24,8570.75,8570.75,8560.5,8560.5,13:50:00,8571.020302978817,1,57
2015-03-24,8588.9,8588.9,8573.9,8573.9,13:55:00,8572.723131266548,1,58
2015-03-24,8602.75,8603.65,8588.8,8588.8,14:00:00,8575.582833050687,1,59
2015-03-24,8606.65,8616.9,8606.6,8616.25,14:05:00,8578.541610855384,1,60
2015-03-24,8617.5,8617.5,8601.5,8605.55,14:10:00,8582.251933631062,1,61
2015-03-24,8619.15,8627.15,8619.0,8621.5,14:15:00,8585.766035190009,1,62
2015-03-24,8611.2,8616.4,8611.2,8616.4,14:20:00,8588.188317552864,1,63
2015-03-24,8607.0,8608.45,8603.35,8608.45,14:25:00,8589.979906357354,1,64
2015-03-24,8620.95,8620.95,8611.7,8611.7,14:30:00,8592.929439085225,1,65
2015-03-24,8604.15,8617.0,8604.15,8617.0,14:35:00,8593.99806393425,1,66
2015-03-24,8581.0,8605.45,8581.0,8604.2,14:40:00,8592.760153083369,1,67
2015-03-24,8565.55,8578.1,8565.55,8578.1,14:45:00,8590.168709932572,1,68
2015-03-24,8552.05,8559.0,8552.05,8558.9,14:50:00,8586.53835660566,1,69
2015-03-24,8552.75,8566.6,8552.75,8559.25,14:55:00,8583.320417881312,1,70
2015-03-24,8541.1,8552.15,8541.1,8549.0,15:00:00,8579.299425702138,1,71
2015-03-24,8547.25,8549.65,8536.95,8536.95,15:05:00,8576.247099444792,1,72
2015-03-24,8540.35,8549.3,8538.85,8549.3,15:10:00,8572.828328069098,1,73
2015-03-24,8544.8,8544.8,8539.85,8541.7,15:15:00,8570.158963491089,1,74
2015-03-24,8540.55,8547.1,8540.55,8547.1,15:20:00,8567.339062206223,1,75
2015-03-24,8552.05,8552.05,8542.75,8542.75,15:25:00,8565.882961043726,1,76
2015-03-25,8568.9,8568.9,8568.9,8568.9,09:10:00,8566.170298087181,2,1
2015-03-25,8560.1,8568.9,8552.65,8568.9,09:15:00,8565.59217445983,2,2
2015-03-25,8559.65,8565.5,8559.65,8565.35,09:20:00,8565.026253082704,2,3
2015-03-25,8555.6,8560.25,8555.25,8555.25,09:25:00,8564.128514693875,2,4
2015-03-25,8555.6,8558.0,8555.6,8557.8,09:30:00,8563.31627519922,2,5
2015-03-25,8554.4,8559.3,8550.65,8559.3,09:35:00,8562.467106132628,2,6
2015-03-25,8553.5,8557.1,8551.6,8557.1,09:40:00,8561.61309602476,2,7
2015-03-25,8553.35,8554.4,8548.8,8548.85,09:45:00,8560.826134498591,2,8
2015-03-25,8554.4,8557.45,8553.5,8554.3,09:50:00,8560.214121689201,2,9
2015-03-25,8554.1,8557.35,8553.1,8557.35,09:55:00,8559.631824385468,2,10
2015-03-25,8554.7,8557.55,8553.6,8553.6,10:00:00,8559.162126824947,2,11
2015-03-25,8549.65,8554.95,8549.65,8554.15,10:05:00,8558.256209984476,2,12
2015-03-25,8545.45,8549.4,8544.7,8549.4,10:10:00,8557.036570938335,2,13
2015-03-25,8551.7,8552.2,8546.25,8546.25,10:15:00,8556.528326087066,2,14
2015-03-25,8545.35,8548.15,8545.35,8547.3,10:20:00,8555.463723602583,2,15
2015-03-25,8550.35,8550.4,8539.65,8539.65,10:25:00,8554.9767023071,2,16
2015-03-25,8556.15,8556.15,8550.1,8550.1,10:30:00,8555.088444944518,2,17
2015-03-25,8558.6,8558.85,8556.75,8556.75,10:35:00,8555.422878759326,2,18
2015-03-25,8556.2,8560.1,8555.85,8559.05,10:40:00,8555.496890306056,2,19
2015-03-25,8558.4,8560.45,8558.4,8559.25,10:45:00,8555.773376943574,2,20
2015-03-25,8555.9,8557.2,8555.5,8555.5,10:50:00,8555.785436282282,2,21
2015-03-25,8554.25,8554.5,8553.6,8554.5,10:55:00,8555.639204255398,2,22
2015-03-25,8552.9,8552.9,8550.25,8551.35,11:00:00,8555.378327659646,2,23
2015-03-25,8554.55,8554.55,8550.25,8551.95,11:05:00,8555.299439311108,2,24
2015-03-25,8553.7,8554.5,8552.75,8553.6,11:10:00,8555.14711175767,2,25
2015-03-25,8553.15,8556.5,8553.15,8555.6,11:15:00,8554.956910637891,2,26
2015-03-25,8549.25,8552.7,8549.25,8552.7,11:20:00,8554.413395339045,2,27
2015-03-25,8551.9,8551.9,8548.45,8548.45,11:25:00,8554.174024354374,2,28
2015-03-25,8548.75,8551.25,8548.1,8550.55,11:30:00,8553.657450606337,2,29
2015-03-25,8546.25,8548.15,8545.85,8547.0,11:35:00,8552.951979120018,2,30
2015-03-25,8543.85,8547.3,8543.85,8547.3,11:40:00,8552.085123965731,2,31
2015-03-25,8546.95,8546.95,8539.6,8542.2,11:45:00,8551.596064540423,2,32
2015-03-25,8545.35,8545.35,8544.3,8544.3,11:50:00,8551.00120125086,2,33
2015-03-25,8552.65,8552.65,8545.8,8545.8,11:55:00,8551.158229703158,2,34
2015-03-25,8547.9,8552.4,8547.9,8552.4,12:00:00,8550.847922112382,2,35
2015-03-25,8542.0,8547.25,8542.0,8547.15,12:05:00,8550.005262863584,2,36
2015-03-25,8546.4,8546.4,8540.95,8540.95,12:10:00,8549.661904495624,2,37
2015-03-25,8545.65,8546.25,8545.55,8546.25,12:15:00,8549.279818353183,2,38
2015-03-25,8531.45,8542.9,8531.45,8542.9,12:20:00,8547.581740414786,2,39
2015-03-25,8536.95,8536.95,8533.1,8533.1,12:25:00,8546.569193708616,2,40
2015-03-25,8542.6,8542.6,8539.85,8539.85,12:30:00,8546.191175260177,2,41
2015-03-25,8535.65,8543.05,8535.6,8543.05,12:35:00,8545.187253806827,2,42
2015-03-25,8537.3,8539.5,8537.0,8538.9,12:40:00,8544.436086777607,2,43
2015-03-25,8536.6,8537.05,8533.05,8536.25,12:45:00,8543.689792798787,2,44
2015-03-25,8539.75,8540.85,8538.6,8539.25,12:50:00,8543.314574436998,2,45
2015-03-25,8541.35,8541.8,8539.7,8541.8,12:55:00,8543.127472109665,2,46
2015-03-25,8537.65,8542.2,8537.65,8542.2,13:00:00,8542.60580809922,2,47
2015-03-25,8543.15,8543.15,8539.6,8539.85,13:05:00,8542.657635899295,2,48
2015-03-25,8536.95,8540.9,8534.4,8540.9,13:10:00,8542.114051527933,2,49
2015-03-25,8534.35,8536.0,8533.75,8536.0,13:15:00,8541.374618049082,2,50
2015-03-25,8535.1,8535.55,8533.75,8533.75,13:20:00,8540.77703537774,2,51
2015-03-25,8524.8,8534.2,8523.5,8534.2,13:25:00,8539.25541296081,2,52
2015-03-25,8523.5,8523.65,8518.65,8522.15,13:30:00,8537.754897440735,2,53
2015-03-25,8531.75,8531.75,8525.2,8525.35,13:35:00,8537.183002446378,2,54
2015-03-25,8534.35,8534.35,8527.85,8530.55,13:40:00,8536.91319268958,2,55
2015-03-25,8535.4,8535.4,8532.7,8532.8,13:45:00,8536.769079100097,2,56
2015-03-25,8528.8,8537.5,8528.8,8536.05,13:50:00,8536.010119185803,2,57
2015-03-25,8534.3,8534.3,8529.75,8529.75,13:55:00,8535.847250691917,2,58
2015-03-25,8536.5,8537.25,8534.0,8534.0,14:00:00,8535.909417292687,2,59
2015-03-25,8535.5,8535.75,8533.35,8533.35,14:05:00,8535.870425169574,2,60
2015-03-25,8539.9,8539.9,8537.0,8538.55,14:10:00,8536.254194201043,2,61
2015-03-25,8538.1,8538.1,8536.5,8537.2,14:15:00,8536.429985229515,2,62
2015-03-25,8547.5,8548.95,8539.1,8539.1,14:20:00,8537.484272350513,2,63
2015-03-25,8544.25,8545.7,8540.05,8545.7,14:25:00,8538.12862736475,2,64
2015-03-25,8537.4,8543.4,8534.0,8543.4,14:30:00,8538.059234282393,2,65
2015-03-25,8534.35,8538.15,8533.15,8537.2,14:35:00,8537.705973874547,2,66
2015-03-25,8530.7,8535.7,8530.7,8535.35,14:40:00,8537.038738267447,2,67
2015-03-25,8526.6,8529.7,8520.65,8529.7,14:45:00,8536.044572718167,2,68
2015-03-25,8527.15,8529.55,8524.2,8529.55,14:50:00,8535.19747055453,2,69
2015-03-25,8533.45,8533.45,8524.55,8524.55,14:55:00,8535.031044787433,2,70
2015-03-25,8534.15,8540.2,8533.45,8533.45,15:00:00,8534.947135760058,2,71
2015-03-25,8528.95,8537.85,8528.95,8537.85,15:05:00,8534.375979973385,2,72
2015-03-25,8534.6,8534.6,8525.4,8527.4,15:10:00,8534.397315214015,2,73
2015-03-25,8531.5,8532.35,8527.5,8530.95,15:15:00,8534.121380431729,2,74
2015-03-25,8526.55,8531.95,8522.7,8531.95,15:20:00,8533.400296581087,2,75
2015-03-25,8518.85,8527.35,8518.85,8527.35,15:25:00,8532.014554049556,2,76
2015-03-26,8474.95,8474.95,8474.95,8474.95,09:10:00,8526.579834616265,3,1
2015-03-26,8480.75,8498.6,8474.95,8474.95,09:15:00,8522.215088462333,3,2
2015-03-26,8481.95,8483.7,8481.95,8483.3,09:20:00,8518.380318132587,3,3
2015-03-26,8479.9,8482.95,8476.2,8482.95,09:25:00,8514.715525929483,3,4
2015-03-26,8483.55,8483.75,8479.7,8481.45,09:30:00,8511.747380602867,3,5
2015-03-26,8475.4,8479.4,8473.0,8477.45,09:35:00,8508.285725307354,3,6
2015-03-26,8471.1,8476.7,8471.1,8474.4,09:40:00,8504.744227659035,3,7
2015-03-26,8472.95,8475.3,8472.55,8472.55,09:45:00,8501.716205977224,3,8
2015-03-26,8463.8,8469.95,8463.8,8469.95,09:50:00,8498.105138741297,3,9
2015-03-26,8469.65,8469.65,8465.65,8467.35,09:55:00,8495.39512552784,3,10
2015-03-26,8475.9,8475.9,8471.15,8471.15,10:00:00,8493.538446906141,3,11
2015-03-26,8474.05,8475.5,8473.2,8475.5,10:05:00,8491.682404343652,3,12
2015-03-26,8470.25,8470.25,8467.85,8467.85,10:10:00,8489.641222977589,3,13
2015-03-26,8469.65,8473.2,8469.65,8473.2,10:15:00,8487.737296979723,3,14
2015-03-26,8469.4,8471.45,8468.45,8468.45,10:20:00,8485.99088774356,3,15
2015-03-26,8469.85,8469.85,8468.95,8469.2,10:25:00,8484.45366033941,3,16
2015-03-26,8470.45,8471.6,8470.45,8471.6,10:30:00,8483.119978402323,3,17
2015-03-26,8469.3,8470.05,8469.3,8470.05,10:35:00,8481.803789983054,3,18
2015-03-26,8471.5,8472.3,8469.55,8469.55,10:40:00,8480.822476651334,3,19
2015-03-26,8462.9,8470.55,8462.6,8470.55,10:45:00,8479.115574113112,3,20
2015-03-26,8468.6,8468.6,8460.0,8461.75,10:50:00,8478.114090864245,3,21
2015-03-26,8471.95,8471.95,8468.85,8468.85,10:55:00,8477.52703459146,3,22
2015-03-26,8474.4,8474.4,8470.0,8471.0,11:00:00,8477.229221773225,3,23
2015-03-26,8472.9,8475.45,8471.9,8475.45,11:05:00,8476.816914937679,3,24
2015-03-26,8468.15,8473.65,8468.05,8473.65,11:10:00,8475.991494467424,3,25
2015-03-26,8465.75,8467.8,8465.75,8467.8,11:15:00,8475.016114041955,3,26
2015-03-26,8468.45,8468.45,8466.45,8466.45,11:20:00,8474.390769847483,3,27
2015-03-26,8466.2,8469.9,8466.2,8469.85,11:25:00,8473.610696528674,3,28
2015-03-26,8463.3,8466.55,8463.3,8466.25,11:30:00,8472.628725430706,3,29
2015-03-26,8461.15,8464.55,8461.15,8464.55,11:35:00,8471.535513484925,3,30
2015-03-26,8462.6,8465.35,8460.55,8460.55,11:40:00,8470.684512200647,3,31
2015-03-26,8456.2,8461.85,8454.25,8461.85,11:45:00,8469.305034848205,3,32
2015-03-26,8448.0,8456.35,8448.0,8456.35,11:50:00,8467.27598391028,3,33
2015-03-26,8442.5,8448.65,8442.5,8448.65,11:55:00,8464.916366395015,3,34
2015-03-26,8445.5,8445.5,8438.7,8438.7,12:00:00,8463.067188643108,3,35
2015-03-26,8450.15,8450.4,8449.7,8449.7,12:05:00,8461.836980200907,3,36
2015-03-26,8450.2,8452.0,8449.1,8452.0,12:10:00,8460.728696372249,3,37
2015-03-26,8452.65,8452.75,8451.6,8452.3,12:15:00,8459.959296717749,3,38
2015-03-26,8446.7,8452.3,8446.7,8452.3,12:20:00,8458.696506554154,3,39
2015-03-26,8444.4,8446.65,8444.4,8446.65,12:25:00,8457.334934501378,3,40
2015-03-26,8445.95,8445.95,8443.05,8445.4,12:30:00,8456.250655025055,3,41
2015-03-26,8447.2,8448.4,8443.3,8443.3,12:35:00,8455.388687879811,3,42
2015-03-26,8445.9,8451.25,8445.85,8450.35,12:40:00,8454.485003319829,3,43
2015-03-26,8444.0,8445.8,8443.85,8445.8,12:45:00,8453.486431575084,3,44
2015-03-26,8438.15,8444.9,8435.55,8444.9,12:50:00,8452.025819044124,3,45
2015-03-26,8441.9,8444.2,8440.0,8440.0,12:55:00,8451.061455325635,3,46
2015-03-26,8442.0,8443.55,8440.95,8442.85,13:00:00,8450.198459580337,3,47
2015-03-26,8443.45,8443.45,8442.1,8443.35,13:05:00,8449.555749144114,3,48
2015-03-26,8446.5,8446.5,8441.55,8441.55,13:10:00,8449.264725416104,3,49
2015-03-26,8447.1,8449.15,8447.1,8447.75,13:15:00,8449.05856109076,3,50
2015-03-26,8446.5,8446.55,8445.5,8446.55,13:20:00,8448.814888605926,3,51
2015-03-26,8443.95,8446.65,8443.95,8444.85,13:25:00,8448.351565881552,3,52
2015-03-26,8434.5,8444.15,8434.5,8444.15,13:30:00,8447.032369130928,3,53
2015-03-26,8432.95,8432.95,8426.3,8432.3,13:35:00,8445.691191118458,3,54
2015-03-26,8422.15,8433.45,8422.15,8433.45,13:40:00,8443.4491729167,3,55
2015-03-26,8418.65,8427.15,8418.65,8427.15,13:45:00,8441.087346924634,3,56
2015-03-26,8426.55,8426.55,8421.55,8421.55,13:50:00,8439.702837693718,3,57
2015-03-26,8423.95,8427.45,8422.8,8427.45,13:55:00,8438.202567437173,3,58
2015-03-26,8404.5,8417.3,8404.5,8417.3,14:00:00,8434.992799109823,3,59
2015-03-26,8408.75,8409.2,8407.45,8407.65,14:05:00,8432.493484908888,3,60
2015-03-26,8417.65,8417.65,8408.85,8408.85,14:10:00,8431.07981967947,3,61
2015-03-26,8413.55,8414.55,8407.05,8414.55,14:15:00,8429.410313043329,3,62
2015-03-26,8412.7,8412.7,8404.5,8404.5,14:20:00,8427.81885465825,3,63
2015-03-26,8405.9,8411.2,8405.9,8411.1,14:25:00,8425.731344690797,3,64
2015-03-26,8396.2,8402.5,8396.2,8401.45,14:30:00,8422.918835672626,3,65
2015-03-26,8397.55,8397.55,8391.75,8392.2,14:35:00,8420.502756084757,3,66
2015-03-26,8404.8,8404.8,8393.4,8393.4,14:40:00,8419.007255505257,3,67
2015-03-26,8404.8,8408.95,8402.85,8402.85,14:45:00,8417.654183552377,3,68
2015-03-26,8393.25,8404.95,8392.25,8404.95,14:50:00,8415.329975595007,3,69
2015-03-26,8391.55,8391.55,8383.9,8387.1,14:55:00,8413.06521601453,3,70
2015-03-26,8330.7,8386.55,8330.7,8386.55,15:00:00,8405.220909727432,3,71
2015-03-26,8340.2,8341.95,8327.7,8327.7,15:05:00,8399.028442134342,3,72
2015-03-26,8338.45,8338.45,8335.35,8335.5,15:10:00,8393.259066692977,3,73
2015-03-26,8338.1,8339.25,8329.3,8339.25,15:15:00,8388.005822246027,3,74
2015-03-26,8353.55,8353.55,8342.3,8342.3,15:20:00,8384.724315365453,3,75
2015-03-26,8374.55,8374.55,8357.6,8357.6,15:25:00,8383.755332949695,3,76
2015-03-27,8396.0,8396.0,8396.0,8396.0,09:10:00,8384.92149171639,4,1
2015-03-27,8373.7,8396.0,8359.9,8396.0,09:15:00,8383.85277821959,4,2
2015-03-27,8375.1,8383.5,8375.1,8375.5,09:20:00,8383.019180293915,4,3
2015-03-27,8377.0,8392.1,8377.0,8392.1,09:25:00,8382.445925027827,4,4
2015-03-27,8371.8,8388.55,8371.8,8379.65,09:30:00,8381.432027406128,4,5
2015-03-27,8357.55,8369.0,8356.65,8368.15,09:35:00,8379.157548605544,4,6
2015-03-27,8349.0,8360.2,8349.0,8357.4,09:40:00,8376.285401119303,4,7
2015-03-27,8359.3,8362.1,8352.25,8352.25,09:45:00,8374.667743869844,4,8
2015-03-27,8357.0,8362.3,8353.25,8362.3,09:50:00,8372.985101596525,4,9
2015-03-27,8360.45,8360.45,8355.8,8355.8,09:55:00,8371.791282396856,4,10
2015-03-27,8360.8,8364.1,8358.45,8364.1,10:00:00,8370.744493597156,4,11
2015-03-27,8352.3,8358.8,8352.3,8358.8,10:05:00,8368.987875159331,4,12
2015-03-27,8357.8,8357.8,8352.2,8352.2,10:10:00,8367.922363239395,4,13
2015-03-27,8360.45,8368.65,8360.45,8362.35,10:15:00,8367.210709597548,4,14
2015-03-27,8356.85,8362.05,8356.85,8360.95,10:20:00,8366.223975350164,4,15
2015-03-27,8357.4,8357.4,8354.0,8354.0,10:25:00,8365.383596745385,4,16
2015-03-27,8346.8,8354.9,8346.8,8354.9,10:30:00,8363.61373038868,4,17
2015-03-27,8342.05,8344.35,8337.45,8339.35,10:35:00,8361.560041780234,4,18
2015-03-27,8349.85,8349.85,8339.7,8339.7,10:40:00,8360.444799705927,4,19
2015-03-27,8347.55,8352.45,8344.75,8352.45,10:45:00,8359.216723543457,4,20
2015-03-27,8352.4,8354.8,8347.1,8349.55,10:50:00,8358.567511777414,4,21
2015-03-27,8360.45,8360.45,8351.85,8353.95,10:55:00,8358.74679637004,4,22
2015-03-27,8365.5,8365.5,8360.8,8360.8,11:00:00,8359.389958620513,4,23
2015-03-27,8359.65,8372.75,8359.65,8366.35,11:05:00,8359.414724466178,4,24
2015-03-27,8359.65,8361.8,8358.0,8361.8,11:10:00,8359.437131659875,4,25
2015-03-27,8353.75,8359.4,8351.95,8359.1,11:15:00,8358.89550007322,4,26
2015-03-27,8362.0,8362.95,8351.75,8351.75,11:20:00,8359.191166732913,4,27
2015-03-27,8347.9,8359.45,8347.9,8355.65,11:25:00,8358.115817520254,4,28
2015-03-27,8348.75,8351.3,8348.75,8351.3,11:30:00,8357.223834899278,4,29
2015-03-27,8346.15,8347.2,8343.75,8347.2,11:35:00,8356.169183956488,4,30
2015-03-27,8339.05,8348.15,8337.7,8348.15,11:40:00,8354.538785484441,4,31
2015-03-27,8336.3,8337.85,8336.25,8336.4,11:45:00,8352.801758295447,4,32
2015-03-27,8343.7,8344.4,8342.4,8342.4,11:50:00,8351.934924172072,4,33
2015-03-27,8341.0,8344.3,8340.7,8344.3,11:55:00,8350.89350282235,4,34
2015-03-27,8339.35,8341.1,8339.05,8341.1,12:00:00,8349.794121601173,4,35
2015-03-27,8329.45,8340.7,8329.45,8339.95,12:05:00,8347.856586210586,4,36
2015-03-27,8323.0,8323.6,8319.7,8320.05,12:10:00,8345.489292285769,4,37
2015-03-27,8318.65,8326.0,8318.65,8325.2,12:15:00,8342.933169210934,4,38
2015-03-27,8312.65,8316.1,8312.3,8312.3,12:20:00,8340.049057857512,4,39
2015-03-27,8311.4,8311.65,8307.65,8311.5,12:25:00,8337.320576156795,4,40
2015-03-27,8308.0,8308.0,8302.1,8302.75,12:30:00,8334.528140332339,4,41
2015-03-27,8298.25,8303.35,8295.6,8295.6,12:35:00,8331.073079348305,4,42
2015-03-27,8284.0,8297.6,8284.0,8297.6,12:40:00,8326.589928934181,4,43
2015-03-27,8282.0,8282.0,8271.65,8280.75,12:45:00,8322.343269035688,4,44
2015-03-27,8284.2,8284.2,8276.9,8276.9,12:50:00,8318.710576746575,4,45
2015-03-27,8291.7,8296.45,8285.6,8285.6,12:55:00,8316.138140865947,4,46
2015-03-27,8298.05,8302.4,8290.95,8290.95,13:00:00,8314.415460783475,4,47
2015-03-27,8296.6,8297.1,8292.05,8297.1,13:05:00,8312.718750232669,4,48
2015-03-27,8303.4,8304.15,8299.7,8302.65,13:10:00,8311.83125021051,4,49
2015-03-27,8294.75,8300.9,8292.3,8300.9,13:15:00,8310.204464476175,4,50
2015-03-27,8307.2,8307.2,8291.65,8291.65,13:20:00,8309.918325002254,4,51
2015-03-27,8321.9,8325.0,8310.25,8310.25,13:25:00,8311.0594369068,4,52
2015-03-27,8329.65,8333.5,8314.75,8314.75,13:30:00,8312.8299667252,4,53
2015-03-27,8331.45,8332.9,8320.4,8320.4,13:35:00,8314.60330322756,4,54
2015-03-27,8338.5,8351.55,8338.5,8351.55,13:40:00,8316.87917911065,4,55
2015-03-27,8345.8,8349.2,8336.8,8338.0,13:45:00,8319.633543004875,4,56
2015-03-27,8347.45,8350.3,8339.0,8339.0,13:50:00,8322.282729385362,4,57
2015-03-27,8330.8,8345.5,8330.8,8345.5,13:55:00,8323.093898015328,4,58
2015-03-27,8324.55,8327.75,8322.55,8325.3,14:00:00,8323.23257439482,4,59
2015-03-27,8325.0,8329.5,8318.25,8329.5,14:05:00,8323.400900642933,4,60
2015-03-27,8334.8,8338.95,8328.25,8328.25,14:10:00,8324.48652915313,4,61
2015-03-27,8338.05,8342.0,8333.2,8333.45,14:15:00,8325.778288281403,4,62
2015-03-27,8326.3,8333.1,8326.3,8332.2,14:20:00,8325.827975111744,4,63
2015-03-27,8334.6,8339.35,8327.05,8329.75,14:25:00,8326.663406053483,4,64
2015-03-27,8319.15,8338.1,8319.15,8338.1,14:30:00,8325.9478435722,4,65
2015-03-27,8332.45,8332.45,8321.35,8322.0,14:35:00,8326.567096565324,4,66
2015-03-27,8333.5,8333.5,8322.6,8326.9,14:40:00,8327.227373082913,4,67
2015-03-27,8349.55,8349.55,8332.35,8332.35,14:45:00,8329.353337551207,4,68
2015-03-27,8346.85,8353.7,8346.85,8351.75,14:50:00,8331.019686355854,4,69
2015-03-27,8361.8,8363.95,8353.5,8354.7,14:55:00,8333.951144798153,4,70
2015-03-27,8348.25,8354.3,8343.3,8354.3,15:00:00,8335.312940531663,4,71
2015-03-27,8339.8,8348.6,8339.5,8348.6,15:05:00,8335.740279528647,4,72
2015-03-27,8340.85,8342.7,8333.45,8333.45,15:10:00,8336.226919573537,4,73
2015-03-27,8339.2,8346.5,8339.2,8346.5,15:15:00,8336.510070090344,4,74
2015-03-27,8341.0,8343.55,8338.5,8338.5,15:20:00,8336.937682462692,4,75
2015-03-27,8345.1,8345.1,8341.35,8342.95,15:25:00,8337.715046037674,4,76
2015-03-30,8390.95,8390.95,8390.95,8390.95,09:10:00,8342.785041653135,0,1
2015-03-30,8394.9,8402.2,8390.95,8390.95,09:15:00,8347.748371019503,0,2
2015-03-30,8394.55,8398.05,8391.8,8391.8,09:20:00,8352.205669017645,0,3
2015-03-30,8389.3,8391.8,8384.15,8384.15,09:25:00,8355.738462444537,0,4
2015-03-30,8397.8,8397.8,8386.2,8387.3,09:30:00,8359.744323164105,0,5
2015-03-30,8398.85,8401.75,8398.25,8398.25,09:35:00,8363.468673338952,0,6
2015-03-30,8406.1,8406.1,8400.0,8400.0,09:40:00,8367.528799687623,0,7
2015-03-30,8408.9,8412.35,8408.9,8408.95,09:45:00,8371.468914003088,0,8
2015-03-30,8399.3,8406.75,8399.3,8404.85,09:50:00,8374.119493621842,0,9
2015-03-30,8408.2,8408.2,8398.8,8399.3,09:55:00,8377.365256134048,0,10
2015-03-30,8407.35,8411.7,8407.35,8408.45,10:00:00,8380.220946026044,0,11
2015-03-30,8409.2,8410.75,8407.8,8410.75,10:05:00,8382.980855928326,0,12
2015-03-30,8402.25,8409.1,8402.25,8407.2,10:10:00,8384.81601250658,0,13
2015-03-30,8403.85,8403.85,8399.15,8399.15,10:15:00,8386.62877322024,0,14
2015-03-30,8404.8,8405.25,8402.75,8404.55,10:20:00,8388.359366246885,0,15
2015-03-30,8406.75,8406.75,8401.2,8403.4,10:25:00,8390.110855175753,0,16
2015-03-30,8406.45,8407.8,8404.75,8406.15,10:30:00,8391.666964206634,0,17
2015-03-30,8414.5,8414.5,8409.35,8410.2,10:35:00,8393.841539044097,0,18
2015-03-30,8423.5,8425.4,8421.2,8421.2,10:40:00,8396.66615437323,0,19
2015-03-30,8432.45,8432.45,8427.3,8427.3,10:45:00,8400.074139671018,0,20
2015-03-30,8426.55,8428.95,8425.2,8428.95,10:50:00,8402.59565017854,0,21
2015-03-30,8421.35,8427.1,8417.15,8427.1,10:55:00,8404.381778732964,0,22
2015-03-30,8415.5,8422.8,8415.5,8422.8,11:00:00,8405.440656948873,0,23
2015-03-30,8411.9,8414.75,8411.9,8413.15,11:05:00,8406.055832477552,0,24
2015-03-30,8417.2,8417.65,8414.5,8415.75,11:10:00,8407.117181765405,0,25
2015-03-30,8416.25,8417.75,8414.0,8417.75,11:15:00,8407.986973978223,0,26
2015-03-30,8420.4,8420.4,8416.5,8416.65,11:20:00,8409.169166932677,0,27
2015-03-30,8416.4,8419.3,8416.4,8419.3,11:25:00,8409.857817700993,0,28
2015-03-30,8405.8,8414.35,8405.8,8414.35,11:30:00,8409.471358872326,0,29
2015-03-30,8406.25,8406.25,8402.2,8403.4,11:35:00,8409.164562789247,0,30
2015-03-30,8407.25,8407.35,8405.45,8405.75,11:40:00,8408.982223475985,0,31
2015-03-30,8408.2,8409.25,8406.7,8406.7,11:45:00,8408.907726002082,0,32
2015-03-30,8400.0,8408.35,8400.0,8408.35,11:50:00,8408.05937114474,0,33
2015-03-30,8406.0,8406.55,8403.95,8403.95,11:55:00,8407.863240559527,0,34
2015-03-30,8408.6,8409.85,8406.0,8407.9,12:00:00,8407.933408125287,0,35
2015-03-30,8402.85,8411.2,8402.85,8410.25,12:05:00,8407.449274018118,0,36
2015-03-30,8404.15,8406.95,8401.95,8401.95,12:10:00,8407.135057444964,0,37
2015-03-30,8400.8,8403.05,8399.15,8403.05,12:15:00,8406.531718640683,0,38
2015-03-30,8403.35,8404.3,8402.25,8402.9,12:20:00,8406.228697817762,0,39
2015-03-30,8407.85,8411.3,8406.4,8407.85,12:25:00,8406.383107549404,0,40
2015-03-30,8409.6,8409.6,8404.35,8406.5,12:30:00,8406.689478258984,0,41
2015-03-30,8412.8,8412.8,8409.6,8409.85,12:35:00,8407.27143271051,0,42
2015-03-30,8415.25,8415.25,8412.3,8412.3,12:40:00,8408.03129626189,0,43
2015-03-30,8415.05,8415.05,8412.1,8412.1,12:45:00,8408.699744236948,0,44
2015-03-30,8428.4,8428.4,8420.45,8420.45,12:50:00,8410.575959071524,0,45
2015-03-30,8423.25,8430.35,8423.25,8426.05,12:55:00,8411.783010588522,0,46
2015-03-30,8426.65,8426.65,8422.35,8422.35,13:00:00,8413.198914341996,0,47
2015-03-30,8432.9,8432.9,8427.9,8428.5,13:05:00,8415.075208214188,0,48
2015-03-30,8425.95,8431.2,8423.1,8430.05,13:10:00,8416.11090266998,0,49
2015-03-30,8436.3,8436.3,8427.6,8427.6,13:15:00,8418.033673844267,0,50
2015-03-30,8442.75,8443.1,8439.75,8440.35,13:20:00,8420.387609668624,0,51
2015-03-30,8439.2,8447.0,8438.5,8447.0,13:25:00,8422.17926589066,0,52
2015-03-30,8439.55,8442.4,8438.8,8442.4,13:30:00,8423.833621520122,0,53
2015-03-30,8444.95,8444.95,8439.8,8442.85,13:35:00,8425.844705184873,0,54
2015-03-30,8446.6,8447.95,8444.85,8446.85,13:40:00,8427.82139992917,0,55
2015-03-30,8459.4,8459.4,8448.05,8448.05,13:45:00,8430.8288856502,0,56
2015-03-30,8464.25,8464.25,8458.5,8460.35,13:50:00,8434.01184892161,0,57
2015-03-30,8463.6,8463.6,8460.5,8462.6,13:55:00,8436.829768071932,0,58
2015-03-30,8462.9,8466.45,8462.9,8465.5,14:00:00,8439.312647303175,0,59
2015-03-30,8457.2,8460.05,8452.7,8460.05,14:05:00,8441.016204702873,0,60
2015-03-30,8461.8,8461.8,8455.2,8457.35,14:10:00,8442.99561377879,0,61
2015-03-30,8466.95,8469.0,8462.6,8462.6,14:15:00,8445.276983895095,0,62
2015-03-30,8470.35,8471.0,8469.15,8469.3,14:20:00,8447.664890190801,0,63
2015-03-30,8459.8,8467.9,8459.8,8467.9,14:25:00,8448.820614934535,0,64
2015-03-30,8456.7,8462.85,8456.7,8462.85,14:30:00,8449.571032559817,0,65
2015-03-30,8456.75,8459.75,8456.75,8459.75,14:35:00,8450.254743744597,0,66
2015-03-30,8468.15,8473.0,8458.6,8458.6,14:40:00,8451.959053864159,0,67
2015-03-30,8471.6,8471.6,8467.7,8470.9,14:45:00,8453.82962016281,0,68
2015-03-30,8477.6,8477.6,8472.4,8472.4,14:50:00,8456.093465861592,0,69
2015-03-30,8481.75,8481.75,8476.3,8478.15,14:55:00,8458.536945303345,0,70
2015-03-30,8486.2,8486.2,8479.85,8479.85,15:00:00,8461.171521941122,0,71
2015-03-30,8491.9,8491.9,8484.8,8484.8,15:05:00,8464.098043661015,0,72
2015-03-30,8495.55,8495.55,8489.45,8491.75,15:10:00,8467.093468074252,0,73
2015-03-30,8488.45,8494.05,8488.45,8492.15,15:15:00,8469.127423495751,0,74
2015-03-30,8493.7,8493.7,8485.7,8486.5,15:20:00,8471.467668877107,0,75
2015-03-30,8501.95,8501.95,8493.7,8493.7,15:25:00,8474.370748031668,0,76
2015-03-31,8527.6,8527.6,8527.6,8527.6,09:10:00,8479.44020060008,1,1
2015-03-31,8513.4,8527.6,8507.1,8527.6,09:15:00,8482.674467209596,1,2
2015-03-31,8501.75,8514.6,8501.75,8514.6,09:20:00,8484.491184618206,1,3
2015-03-31,8509.8,8511.4,8502.35,8505.9,09:25:00,8486.9015479879,1,4
2015-03-31,8516.7,8518.45,8511.0,8513.75,09:30:00,8489.739495798576,1,5
2015-03-31,8523.3,8523.3,8516.05,8516.5,09:35:00,8492.93573429395,1,6
2015-03-31,8528.25,8528.25,8520.4,8520.4,09:40:00,8496.298997694526,1,7
2015-03-31,8523.1,8527.25,8522.2,8527.25,09:45:00,8498.851474104571,1,8
2015-03-31,8519.85,8521.6,8516.3,8521.6,09:50:00,8500.85133371366,1,9
2015-03-31,8513.7,8525.4,8513.7,8517.45,09:55:00,8502.07501621712,1,10
2015-03-31,8514.75,8518.75,8510.75,8510.75,10:00:00,8503.282157529775,1,11
2015-03-31,8512.6,8517.1,8512.6,8515.8,10:05:00,8504.169571098368,1,12
2015-03-31,8513.1,8516.55,8513.1,8516.35,10:10:00,8505.020088136618,1,13
2015-03-31,8513.1,8514.35,8513.1,8513.25,10:15:00,8505.789603552179,1,14
2015-03-31,8508.65,8510.6,8507.6,8510.6,10:20:00,8506.062022261494,1,15
2015-03-31,8512.7,8512.95,8509.75,8509.75,10:25:00,8506.694210617543,1,16
2015-03-31,8517.95,8517.95,8512.3,8512.3,10:30:00,8507.766190558728,1,17
2015-03-31,8517.7,8517.7,8516.1,8516.65,10:35:00,8508.712267648374,1,18
2015-03-31,8519.7,8519.8,8518.8,8519.8,10:40:00,8509.758718348528,1,19
2015-03-31,8524.45,8528.7,8522.3,8522.3,10:45:00,8511.15788802962,1,20
2015-03-31,8526.0,8529.15,8526.0,8527.5,10:50:00,8512.57142250299,1,21
2015-03-31,8522.1,8526.75,8521.65,8526.75,10:55:00,8513.478906074133,1,22
2015-03-31,8521.6,8523.65,8521.6,8521.7,11:00:00,8514.252343590882,1,23
2015-03-31,8516.9,8521.1,8515.8,8520.4,11:05:00,8514.50450134413,1,24
2015-03-31,8512.3,8514.5,8512.05,8514.5,11:10:00,8514.294548835165,1,25
2015-03-31,8517.35,8519.8,8512.25,8519.8,11:15:00,8514.585544184198,1,26
2015-03-31,8515.6,8521.4,8514.55,8517.2,11:20:00,8514.682159023798,1,27
2015-03-31,8520.7,8521.95,8518.75,8518.75,11:25:00,8515.255286735817,1,28
2015-03-31,8519.8,8522.35,8519.8,8522.05,11:30:00,8515.688116570502,1,29
2015-03-31,8513.05,8520.5,8513.05,8520.5,11:35:00,8515.436867373312,1,30
2015-03-31,8519.2,8519.2,8514.95,8516.5,11:40:00,8515.795260956806,1,31
2015-03-31,8523.9,8523.9,8520.3,8521.1,11:45:00,8516.567140865682,1,32
2015-03-31,8523.4,8525.6,8523.35,8523.35,11:50:00,8517.217889354664,1,33
2015-03-31,8524.9,8524.9,8522.95,8522.95,11:55:00,8517.949518939935,1,34
2015-03-31,8522.0,8525.9,8522.0,8524.05,12:00:00,8518.335279040894,1,35
2015-03-31,8524.95,8524.95,8522.25,8522.25,12:05:00,8518.96525246557,1,36
2015-03-31,8530.45,8530.45,8525.05,8525.05,12:10:00,8520.05903794504,1,37
2015-03-31,8527.45,8529.75,8527.4,8527.4,12:15:00,8520.762939093132,1,38
2015-03-31,8532.4,8532.4,8528.5,8528.5,12:20:00,8521.871230608072,1,39
2015-03-31,8525.4,8532.85,8525.4,8532.85,12:25:00,8522.207303883493,1,40
2015-03-31,8519.4,8523.45,8515.95,8523.45,12:30:00,8521.939941608875,1,41
2015-03-31,8521.8,8521.8,8517.55,8517.55,12:35:00,8521.9266138366,1,42
2015-03-31,8523.7,8524.45,8520.1,8520.1,12:40:00,8522.095507756923,1,43
2015-03-31,8523.5,8526.6,8523.5,8525.7,12:45:00,8522.22926892293,1,44
2015-03-31,8525.25,8527.6,8524.8,8527.6,12:50:00,8522.516957596938,1,45
2015-03-31,8525.75,8525.75,8523.6,8525.75,12:55:00,8522.82486639723,1,46
2015-03-31,8521.4,8525.65,8521.4,8525.65,13:00:00,8522.689164835589,1,47
2015-03-31,8524.6,8524.6,8521.1,8521.1,13:05:00,8522.871149136961,1,48
2015-03-31,8529.15,8529.15,8525.35,8525.35,13:10:00,8523.46913493344,1,49
2015-03-31,8532.1,8533.9,8528.2,8528.2,13:15:00,8524.291122082637,1,50
2015-03-31,8532.4,8533.2,8529.75,8531.8,13:20:00,8525.063396170004,1,51
2015-03-31,8533.75,8533.75,8532.3,8532.3,13:25:00,8525.89069177286,1,52
2015-03-31,8540.95,8542.4,8539.8,8541.25,13:30:00,8527.324911604015,1,53
2015-03-31,8536.2,8539.35,8536.2,8538.7,13:35:00,8528.170158117919,1,54
2015-03-31,8539.05,8539.45,8533.8,8533.8,13:40:00,8529.20633353526,1,55
2015-03-31,8542.4,8544.9,8539.0,8539.0,13:45:00,8530.462873198569,1,56
2015-03-31,8540.95,8541.7,8540.65,8541.7,13:50:00,8531.461647179656,1,57
2015-03-31,8548.8,8548.8,8539.25,8539.25,13:55:00,8533.112918876832,1,58
2015-03-31,8545.6,8549.5,8542.5,8542.9,14:00:00,8534.302164698085,1,59
2015-03-31,8543.1,8546.5,8541.1,8541.9,14:05:00,8535.140053774458,1,60
2015-03-31,8542.0,8543.65,8539.6,8539.6,14:10:00,8535.793381986414,1,61
2015-03-31,8517.3,8535.4,8517.1,8535.4,14:15:00,8534.032107511517,1,62
2015-03-31,8492.5,8507.95,8492.5,8507.95,14:20:00,8530.076668700896,1,63
2015-03-31,8481.0,8496.7,8481.0,8487.5,14:25:00,8525.402700253191,1,64
2015-03-31,8469.45,8475.8,8455.4,8475.8,14:30:00,8520.073871657649,1,65
2015-03-31,8478.55,8478.75,8468.9,8476.45,14:35:00,8516.119217214064,1,66
2015-03-31,8477.8,8483.8,8477.1,8478.15,14:40:00,8512.469767955581,1,67
2015-03-31,8482.25,8487.7,8478.85,8478.85,14:45:00,8509.591694816954,1,68
2015-03-31,8480.45,8489.75,8480.45,8485.95,14:50:00,8506.816295310578,1,69
2015-03-31,8477.65,8484.0,8477.65,8482.05,14:55:00,8504.038552900047,1,70
2015-03-31,8493.4,8493.4,8473.2,8473.2,15:00:00,8503.025357385757,1,71
2015-03-31,8495.8,8495.8,8488.7,8491.95,15:05:00,8502.337228110922,1,72
2015-03-31,8495.5,8500.85,8492.95,8500.85,15:10:00,8501.68606352893,1,73
2015-03-31,8493.2,8495.85,8489.6,8494.65,15:15:00,8500.877867002366,1,74
2015-03-31,8490.15,8496.95,8490.15,8496.95,15:20:00,8499.856165383093,1,75
2015-03-31,8486.05,8491.65,8484.9,8491.65,15:25:00,8498.541292489466,1,76
2015-04-01,8483.7,8483.7,8483.7,8483.7,09:10:00,8497.127836061898,2,1
2015-04-01,8480.9,8487.7,8468.5,8483.7,09:15:00,8495.582327865526,2,2
2015-04-01,8477.65,8478.7,8473.0,8478.7,09:20:00,8493.874487116429,2,3
2015-04-01,8487.85,8487.85,8477.95,8481.1,09:25:00,8493.300726438674,2,4
2015-04-01,8488.15,8489.1,8484.1,8489.1,09:30:00,8492.810181063564,2,5
2015-04-01,8483.7,8487.3,8482.35,8485.85,09:35:00,8491.942544771795,2,6
2015-04-01,8472.8,8485.25,8472.8,8485.25,09:40:00,8490.119445269718,2,7
2015-04-01,8479.4,8479.4,8467.8,8471.95,09:45:00,8489.09854572022,2,8
2015-04-01,8482.25,8484.4,8480.5,8482.45,09:50:00,8488.446303270675,2,9
2015-04-01,8483.5,8485.1,8481.8,8485.1,09:55:00,8487.975226768707,2,10
2015-04-01,8486.15,8486.15,8482.4,8482.4,10:00:00,8487.801395647879,2,11
2015-04-01,8488.1,8488.6,8481.25,8486.05,10:05:00,8487.829834157605,2,12
2015-04-01,8486.7,8487.35,8482.9,8487.35,10:10:00,8487.7222309045,2,13
2015-04-01,8490.85,8490.85,8483.0,8485.2,10:15:00,8488.020113675499,2,14
2015-04-01,8495.1,8495.85,8491.15,8492.45,10:20:00,8488.694388563546,2,15
2015-04-01,8491.6,8497.55,8491.6,8496.4,10:25:00,8488.971113462256,2,16
2015-04-01,8478.55,8487.1,8478.55,8487.1,10:30:00,8487.97862646585,2,17
2015-04-01,8483.85,8486.45,8481.5,8481.5,10:35:00,8487.585423945293,2,18
2015-04-01,8484.7,8487.6,8484.7,8485.55,10:40:00,8487.310621664788,2,19
2015-04-01,8484.1,8486.2,8482.3,8486.2,10:45:00,8487.004848172905,2,20
2015-04-01,8489.3,8489.3,8482.55,8483.85,10:50:00,8487.2234340612,2,21
2015-04-01,8487.95,8490.5,8487.95,8490.5,10:55:00,8487.292630817275,2,22
2015-04-01,8491.3,8491.3,8487.05,8487.05,11:00:00,8487.674285025154,2,23
2015-04-01,8487.55,8490.05,8487.55,8490.05,11:05:00,8487.662448356092,2,24
2015-04-01,8488.65,8493.15,8487.6,8487.6,11:10:00,8487.756500893607,2,25
2015-04-01,8486.2,8489.75,8486.2,8489.3,11:15:00,8487.608262713264,2,26
2015-04-01,8486.15,8488.45,8484.65,8484.65,11:20:00,8487.469380550096,2,27
2015-04-01,8486.1,8488.65,8486.1,8488.65,11:25:00,8487.338963354849,2,28
2015-04-01,8478.65,8484.2,8475.8,8484.2,11:30:00,8486.511443035339,2,29
2015-04-01,8479.15,8482.05,8479.15,8482.05,11:35:00,8485.810353222449,2,30
2015-04-01,8482.2,8483.3,8480.05,8480.05,11:40:00,8485.466510058406,2,31
2015-04-01,8486.85,8487.9,8482.15,8482.15,11:45:00,8485.598271005225,2,32
2015-04-01,8490.95,8492.05,8488.0,8488.0,11:50:00,8486.107959480918,2,33
2015-04-01,8497.4,8497.9,8490.4,8490.4,11:55:00,8487.183391911307,2,34
2015-04-01,8495.55,8497.95,8494.2,8494.2,12:00:00,8487.980211729278,2,35
2015-04-01,8482.55,8494.0,8482.55,8494.0,12:05:00,8487.463048707443,2,36
2015-04-01,8483.35,8485.55,8480.85,8480.85,12:10:00,8487.071329782924,2,37
2015-04-01,8485.45,8486.1,8483.0,8483.0,12:15:00,8486.916917422646,2,38
2015-04-01,8484.65,8487.35,8484.2,8487.35,12:20:00,8486.701020525252,2,39
2015-04-01,8483.85,8485.3,8482.35,8485.3,12:25:00,8486.429494760941,2,40
2015-04-01,8487.35,8487.95,8484.0,8484.0,12:30:00,8486.517161926566,2,41
2015-04-01,8485.1,8488.35,8484.4,8485.4,12:35:00,8486.382194124035,2,42
2015-04-01,8490.4,8490.4,8486.75,8486.75,12:40:00,8486.764842302699,2,43
2015-04-01,8514.8,8514.8,8490.45,8490.45,12:45:00,8489.434857321488,2,44
2015-04-01,8510.4,8510.75,8508.55,8509.8,12:50:00,8491.431537576585,2,45
2015-04-01,8513.9,8516.1,8512.7,8512.7,12:55:00,8493.57139114072,2,46
2015-04-01,8507.3,8517.3,8507.3,8517.3,13:00:00,8494.878877698748,2,47
2015-04-01,8512.15,8514.8,8509.0,8509.0,13:05:00,8496.523746489343,2,48
2015-04-01,8512.75,8515.05,8511.7,8515.05,13:10:00,8498.069103966549,2,49
2015-04-01,8514.2,8514.6,8512.1,8512.9,13:15:00,8499.60537977926,2,50
2015-04-01,8527.45,8529.1,8513.45,8513.45,13:20:00,8502.25724837171,2,51
2015-04-01,8521.4,8526.6,8521.4,8524.7,13:25:00,8504.080367574405,2,52
2015-04-01,8526.9,8531.05,8526.15,8526.15,13:30:00,8506.253665900653,2,53
2015-04-01,8520.8,8526.35,8520.35,8526.35,13:35:00,8507.639031052971,2,54
2015-04-01,8527.8,8527.8,8518.65,8518.65,13:40:00,8509.55912333364,2,55
2015-04-01,8520.4,8527.85,8520.4,8527.85,13:45:00,8510.591587778055,2,56
2015-04-01,8523.8,8524.75,8523.25,8524.75,13:50:00,8511.849531799193,2,57
2015-04-01,8534.45,8534.45,8525.85,8525.85,13:55:00,8514.001957342127,2,58
2015-04-01,8530.8,8539.95,8530.8,8539.95,14:00:00,8515.601770928592,2,59
2015-04-01,8527.15,8527.15,8522.1,8526.9,14:05:00,8516.701602268726,2,60
2015-04-01,8538.0,8538.0,8528.15,8528.15,14:10:00,8518.730021100277,2,61
2015-04-01,8536.6,8540.6,8534.65,8540.6,14:15:00,8520.431923852631,2,62
2015-04-01,8532.0,8540.4,8532.0,8540.4,14:20:00,8521.533645390477,2,63
2015-04-01,8527.2,8531.2,8524.6,8531.2,14:25:00,8522.073298210431,2,64
2015-04-01,8534.75,8537.0,8529.85,8529.85,14:30:00,8523.280603142772,2,65
2015-04-01,8539.6,8539.6,8534.2,8536.6,14:35:00,8524.834831414888,2,66
2015-04-01,8546.35,8546.35,8534.85,8534.85,14:40:00,8526.88389508966,2,67
2015-04-01,8544.1,8545.7,8543.85,8545.7,14:45:00,8528.523524128741,2,68
2015-04-01,8559.9,8562.2,8545.4,8545.4,14:50:00,8531.511759926003,2,69
2015-04-01,8567.85,8567.85,8561.85,8561.85,14:55:00,8534.972544694954,2,70
2015-04-01,8577.1,8577.1,8571.0,8571.4,15:00:00,8538.984683295434,2,71
2015-04-01,8583.8,8583.8,8574.85,8575.6,15:05:00,8543.252808695868,2,72
2015-04-01,8579.55,8582.3,8577.85,8582.3,15:10:00,8546.709684058167,2,73
2015-04-01,8587.0,8587.0,8580.1,8580.15,15:15:00,8550.546857005009,2,74
2015-04-01,8598.3,8598.3,8589.65,8589.65,15:20:00,8555.094775385485,2,75
2015-04-01,8592.1,8597.6,8592.1,8597.6,15:25:00,8558.61908249163,2,76
2015-04-06,8615.8,8615.8,8615.8,8615.8,09:10:00,8564.064884159094,0,1
2015-04-06,8602.55,8615.8,8597.5,8615.8,09:15:00,8567.7301332868,0,2
2015-04-06,8587.55,8595.15,8587.55,8595.15,09:20:00,8569.617739640436,0,3
2015-04-06,8582.25,8586.15,8577.5,8585.8,09:25:00,8570.820812055632,0,4
2015-04-06,8584.3,8587.2,8581.45,8582.65,09:30:00,8572.10454424081,0,5
2015-04-06,8583.8,8586.5,8582.1,8584.8,09:35:00,8573.218397170258,0,6
2015-04-06,8589.05,8589.05,8585.3,8588.15,09:40:00,8574.726168868328,0,7
2015-04-06,8588.1,8591.8,8587.15,8587.15,09:45:00,8575.999867071345,0,8
2015-04-06,8581.15,8591.45,8581.15,8591.45,09:50:00,8576.490355921693,0,9
2015-04-06,8585.0,8585.0,8577.55,8580.95,09:55:00,8577.300798214865,0,10
2015-04-06,8587.6,8587.6,8578.95,8581.0,10:00:00,8578.281674575353,0,11
2015-04-06,8586.85,8586.85,8580.9,8583.4,10:05:00,8579.097705568176,0,12
2015-04-06,8589.2,8589.65,8588.3,8588.65,10:10:00,8580.059828847398,0,13
2015-04-06,8597.6,8597.6,8588.3,8588.3,10:15:00,8581.730321338122,0,14
2015-04-06,8594.9,8600.8,8594.9,8600.8,10:20:00,8582.984576448776,0,15
2015-04-06,8590.3,8593.2,8590.15,8592.65,10:25:00,8583.681283453654,0,16
2015-04-06,8583.15,8590.9,8583.15,8590.9,10:30:00,8583.630685029497,0,17
2015-04-06,8585.55,8589.65,8584.5,8584.5,10:35:00,8583.81347693145,0,18
2015-04-06,8593.15,8593.75,8589.95,8589.95,10:40:00,8584.702669604645,0,19
2015-04-06,8593.75,8593.75,8591.55,8593.65,10:45:00,8585.564320118488,0,20
2015-04-06,8590.95,8597.4,8590.95,8591.45,10:50:00,8586.077242011965,0,21
2015-04-06,8585.2,8592.25,8585.2,8587.8,10:55:00,8585.993695153682,0,22
2015-04-06,8591.4,8593.25,8587.65,8587.65,11:00:00,8586.50858132952,0,23
2015-04-06,8588.3,8590.8,8588.3,8589.9,11:05:00,8586.67919263147,0,24
2015-04-06,8589.45,8590.25,8588.2,8588.7,11:10:00,8586.943079047522,0,25
2015-04-06,8591.9,8591.9,8588.05,8588.05,11:15:00,8587.415166757282,0,26
2015-04-06,8590.55,8590.55,8588.4,8589.35,11:20:00,8587.713722304208,0,27
2015-04-06,8583.7,8592.25,8583.7,8589.8,11:25:00,8587.33146303714,0,28
2015-04-06,8581.25,8584.3,8579.5,8583.65,11:30:00,8586.752276081223,0,29
2015-04-06,8580.0,8581.4,8574.8,8580.9,11:35:00,8586.109202168725,0,30
2015-04-06,8583.85,8587.65,8580.6,8580.6,11:40:00,8585.89404005742,0,31
2015-04-06,8589.85,8589.85,8585.35,8585.35,11:45:00,8586.270798147189,0,32
2015-04-06,8590.65,8592.5,8588.1,8590.15,11:50:00,8586.687864990314,0,33
2015-04-06,8588.95,8591.05,8588.45,8591.05,11:55:00,8586.903306419808,0,34
2015-04-06,8582.35,8585.85,8582.35,8583.95,12:00:00,8586.46965818935,0,35
2015-04-06,8578.9,8586.4,8578.9,8584.65,12:05:00,8585.748738361792,0,36
2015-04-06,8578.1,8580.65,8577.8,8577.8,12:10:00,8585.02028708924,0,37
2015-04-06,8584.4,8584.4,8577.55,8577.55,12:15:00,8584.96121212836,0,38
2015-04-06,8585.05,8585.05,8582.6,8584.5,12:20:00,8584.969668116135,0,39
2015-04-06,8586.7,8586.7,8584.4,8584.4,12:25:00,8585.134461628884,0,40
2015-04-06,8585.7,8589.3,8585.7,8587.6,12:30:00,8585.188322426133,0,41
2015-04-06,8585.25,8587.35,8581.2,8581.2,12:35:00,8585.194196480787,0,42
2015-04-06,8589.65,8590.55,8588.0,8588.5,12:40:00,8585.618558720711,0,43
2015-04-06,8591.85,8591.85,8589.25,8590.0,12:45:00,8586.212029318738,0,44
2015-04-06,8591.65,8591.65,8590.3,8591.5,12:50:00,8586.729931288382,0,45
2015-04-06,8589.55,8591.7,8589.55,8591.7,12:55:00,8586.998509260917,0,46
2015-04-06,8595.15,8595.15,8591.45,8591.45,13:00:00,8587.774841712258,0,47
2015-04-06,8597.35,8599.35,8596.7,8597.5,13:05:00,8588.686761549186,0,48
2015-04-06,8601.5,8601.5,8594.9,8595.65,13:10:00,8589.907069973073,0,49
2015-04-06,8605.75,8606.1,8603.15,8605.2,13:15:00,8591.415920451827,0,50
2015-04-06,8609.3,8609.3,8606.9,8607.25,13:20:00,8593.119166123082,0,51
2015-04-06,8604.15,8608.75,8602.7,8608.75,13:25:00,8594.169721730408,0,52
2015-04-06,8603.4,8605.3,8601.45,8604.15,13:30:00,8595.04879585132,0,53
2015-04-06,8611.45,8611.45,8606.6,8606.6,13:35:00,8596.610815294052,0,54
2015-04-06,8620.15,8620.15,8607.75,8607.75,13:40:00,8598.852642408905,0,55
2015-04-06,8621.75,8621.75,8615.65,8615.65,13:45:00,8601.033343131867,0,56
2015-04-06,8631.5,8631.5,8623.5,8625.4,13:50:00,8603.93492950026,0,57
2015-04-06,8625.85,8625.85,8619.0,8620.2,13:55:00,8606.022079071663,0,58
2015-04-06,8621.25,8625.45,8621.25,8624.35,14:00:00,8607.472357255314,0,59
2015-04-06,8624.4,8624.4,8617.4,8617.8,14:05:00,8609.084513707188,0,60
2015-04-06,8628.7,8629.1,8623.9,8623.9,14:10:00,8610.952655258885,0,61
2015-04-06,8619.0,8629.45,8619.0,8629.45,14:15:00,8611.719069043753,0,62
2015-04-06,8625.3,8628.4,8621.05,8621.05,14:20:00,8613.012491039586,0,63
2015-04-06,8631.15,8631.15,8624.7,8624.7,14:25:00,8614.73987284534,0,64
2015-04-06,8637.8,8637.8,8635.95,8636.85,14:30:00,8616.936075431498,0,65
2015-04-06,8642.2,8642.2,8634.55,8637.0,14:35:00,8619.342163485642,0,66
2015-04-06,8641.95,8644.75,8641.8,8641.8,14:40:00,8621.495290772724,0,67
2015-04-06,8650.35,8651.5,8644.7,8644.7,14:45:00,8624.24335831818,0,68
2015-04-06,8654.75,8654.75,8651.1,8653.0,14:50:00,8627.148752764067,0,69
2015-04-06,8648.05,8653.05,8645.6,8653.05,14:55:00,8629.139347738917,0,70
2015-04-06,8664.35,8664.35,8647.95,8647.95,15:00:00,8632.492743192353,0,71
2015-04-06,8660.85,8660.85,8657.75,8658.6,15:05:00,8635.19343431689,0,72
2015-04-06,8655.2,8662.2,8654.8,8662.2,15:10:00,8637.098821524805,0,73
2015-04-06,8665.4,8665.4,8652.55,8658.75,15:15:00,8639.794171855776,0,74
2015-04-06,8661.4,8663.7,8661.4,8663.4,15:20:00,8641.851869774273,0,75
2015-04-06,8655.05,8663.55,8655.05,8662.6,15:25:00,8643.108834557675,0,76
2015-04-07,8684.45,8684.45,8684.45,8684.45,09:10:00,8647.046088409326,1,1
2015-04-07,8680.0,8684.45,8676.6,8684.45,09:15:00,8650.184556179867,1,2
2015-04-07,8687.6,8690.25,8684.45,8685.9,09:20:00,8653.747931781785,1,3
2015-04-07,8681.7,8681.7,8675.05,8681.65,09:25:00,8656.410033516853,1,4
2015-04-07,8674.5,8684.05,8674.5,8683.1,09:30:00,8658.13288746763,1,5
2015-04-07,8660.95,8678.65,8660.95,8678.65,09:35:00,8658.401183899283,1,6
2015-04-07,8665.0,8668.5,8664.1,8665.6,09:40:00,8659.02964257554,1,7
2015-04-07,8666.8,8669.35,8657.2,8657.2,09:45:00,8659.769676615966,1,8
2015-04-07,8665.85,8668.0,8664.9,8665.3,09:50:00,8660.348755033494,1,9
2015-04-07,8671.0,8671.0,8664.75,8664.75,09:55:00,8661.363159316017,1,10
2015-04-07,8672.55,8672.55,8665.15,8671.05,10:00:00,8662.428572714492,1,11
2015-04-07,8671.45,8672.8,8666.8,8666.8,10:05:00,8663.287756265494,1,12
2015-04-07,8666.35,8669.75,8666.35,8669.45,10:10:00,8663.579398525922,1,13
2015-04-07,8669.05,8670.45,8669.05,8670.45,10:15:00,8664.10040819012,1,14
2015-04-07,8663.9,8671.4,8663.9,8671.4,10:20:00,8664.081321695823,1,15
2015-04-07,8654.2,8666.4,8654.2,8666.4,10:25:00,8663.140243439078,1,16
2015-04-07,8654.65,8657.1,8651.9,8652.3,10:30:00,8662.331648825832,1,17
2015-04-07,8656.15,8656.15,8653.45,8653.45,10:35:00,8661.742920366229,1,18
2015-04-07,8656.8,8658.95,8656.75,8656.75,10:40:00,8661.272166045635,1,19
2015-04-07,8660.7,8660.7,8653.45,8653.45,10:45:00,8661.217674041289,1,20
2015-04-07,8662.3,8662.3,8658.65,8658.65,10:50:00,8661.320752704023,1,21
2015-04-07,8653.6,8653.6,8645.4,8649.0,10:55:00,8660.585442922687,1,22
2015-04-07,8646.25,8655.8,8638.65,8655.8,11:00:00,8659.220162644337,1,23
2015-04-07,8635.85,8643.65,8630.25,8643.65,11:05:00,8656.994432868685,1,24
2015-04-07,8616.65,8636.6,8616.15,8636.6,11:10:00,8653.15210592881,1,25
2015-04-07,8620.15,8620.15,8615.55,8617.0,11:15:00,8650.009048221304,1,26
2015-04-07,8632.75,8632.75,8623.75,8623.75,11:20:00,8648.365329343083,1,27
2015-04-07,8637.25,8641.0,8635.9,8635.9,11:25:00,8647.306726548504,1,28
2015-04-07,8645.6,8645.6,8635.15,8635.15,11:30:00,8647.144181162932,1,29
2015-04-07,8642.1,8642.1,8640.05,8640.05,11:35:00,8646.663782956939,1,30
2015-04-07,8646.15,8648.35,8640.25,8640.25,11:40:00,8646.614851246755,1,31
2015-04-07,8645.9,8645.9,8642.9,8645.1,11:45:00,8646.546770175635,1,32
2015-04-07,8671.3,8678.85,8650.3,8650.3,11:50:00,8648.904220635099,1,33
2015-04-07,8668.1,8678.35,8668.1,8674.35,11:55:00,8650.732390098423,1,34
2015-04-07,8644.25,8664.75,8644.25,8663.1,12:00:00,8650.115019612858,1,35
2015-04-07,8620.2,8636.35,8620.2,8636.35,12:05:00,8647.26597012592,1,36
2015-04-07,8606.6,8624.6,8606.6,8624.6,12:10:00,8643.393020590118,1,37
2015-04-07,8618.05,8620.0,8614.6,8614.6,12:15:00,8640.979399581536,1,38
2015-04-07,8604.4,8610.8,8602.45,8610.8,12:20:00,8637.495647240437,1,39
2015-04-07,8599.3,8609.5,8599.3,8609.5,12:25:00,8633.857966550871,1,40
2015-04-07,8609.1,8609.1,8600.75,8600.75,12:30:00,8631.500064974598,1,41
2015-04-07,8613.55,8613.55,8610.65,8612.15,12:35:00,8629.790534977017,1,42
2015-04-07,8603.45,8609.7,8603.45,8609.5,12:40:00,8627.281912598253,1,43
2015-04-07,8591.3,8602.9,8591.3,8600.2,12:45:00,8623.855063779372,1,44
2015-04-07,8602.95,8602.95,8591.25,8591.25,12:50:00,8621.864105324194,1,45
2015-04-07,8609.0,8610.1,8604.65,8604.65,12:55:00,8620.638952436175,1,46
2015-04-07,8614.1,8614.1,8608.8,8610.55,13:00:00,8620.016195061302,1,47
2015-04-07,8609.4,8616.4,8609.4,8616.0,13:05:00,8619.005128864988,1,48
2015-04-07,8603.35,8606.6,8603.35,8606.4,13:10:00,8617.51416421118,1,49
2015-04-07,8608.9,8609.2,8607.35,8607.65,13:15:00,8616.69376761964,1,50
2015-04-07,8607.45,8614.2,8607.45,8610.8,13:20:00,8615.813408798722,1,51
2015-04-07,8602.15,8602.65,8595.6,8597.15,13:25:00,8614.512131770272,1,52
2015-04-07,8603.6,8606.15,8603.6,8605.2,13:30:00,8613.472881125484,1,53
2015-04-07,8609.0,8609.0,8604.0,8604.7,13:35:00,8613.046892446868,1,54
2015-04-07,8607.1,8610.1,8607.1,8608.35,13:40:00,8612.480521737642,1,55
2015-04-07,8604.8,8607.6,8604.3,8604.3,13:45:00,8611.749043476913,1,56
2015-04-07,8604.15,8605.0,8603.5,8604.3,13:50:00,8611.025325050541,1,57
2015-04-07,8605.3,8607.15,8604.4,8604.6,13:55:00,8610.480055998109,1,58
2015-04-07,8597.75,8604.25,8594.45,8604.25,14:00:00,8609.267669712575,1,59
2015-04-07,8603.3,8603.3,8593.55,8595.55,14:05:00,8608.69932021614,1,60
2015-04-07,8605.6,8605.8,8603.85,8604.05,14:10:00,8608.404146862222,1,61
2015-04-07,8627.25,8627.25,8616.05,8616.05,14:15:00,8610.198990018202,1,62
2015-04-07,8627.55,8627.55,8621.05,8625.7,14:20:00,8611.851467159326,1,63
2015-04-07,8607.95,8629.95,8607.95,8629.95,14:25:00,8611.479898858437,1,64
2015-04-07,8618.25,8619.2,8611.8,8614.4,14:30:00,8612.12467039573,1,65
2015-04-07,8618.4,8627.25,8618.4,8622.7,14:35:00,8612.722320834231,1,66
2015-04-07,8629.25,8629.25,8619.55,8621.85,14:40:00,8614.296385516685,1,67
2015-04-07,8631.85,8634.1,8628.0,8630.65,14:45:00,8615.96815832462,1,68
2015-04-07,8624.75,8633.3,8624.75,8633.3,14:50:00,8616.804524198466,1,69
2015-04-07,8613.5,8619.8,8613.5,8619.8,14:55:00,8616.489807608135,1,70
2015-04-07,8638.65,8638.65,8612.8,8612.8,15:00:00,8618.600302121646,1,71
2015-04-07,8642.95,8646.8,8639.35,8639.35,15:05:00,8620.919320967203,1,72
2015-04-07,8663.3,8663.3,8646.4,8646.4,15:10:00,8624.955576113183,1,73
2015-04-07,8668.2,8668.2,8657.2,8666.95,15:15:00,8629.074092673833,1,74
2015-04-07,8675.8,8677.1,8669.85,8669.85,15:20:00,8633.524179085849,1,75
2015-04-07,8679.4,8682.7,8678.7,8680.05,15:25:00,8637.893304887197,1,76
2015-04-08,8698.95,8698.95,8698.95,8698.95,09:10:00,8643.708228231273,2,1
2015-04-08,8704.25,8704.25,8698.95,8698.95,09:15:00,8649.474111256866,2,2
2015-04-08,8703.05,8703.05,8695.45,8700.7,09:20:00,8654.57657685145,2,3
2015-04-08,8711.6,8711.6,8702.0,8702.0,09:25:00,8660.007379056075,2,4
2015-04-08,8710.25,8711.6,8707.3,8711.05,09:30:00,8664.792390574543,2,5
2015-04-08,8711.1,8712.3,8701.35,8712.3,09:35:00,8669.202639091254,2,6
2015-04-08,8713.75,8715.2,8710.55,8715.2,09:40:00,8673.445244892087,2,7
2015-04-08,8700.3,8713.8,8700.3,8709.6,09:45:00,8676.002840616651,2,8
2015-04-08,8698.2,8705.05,8694.0,8705.05,09:50:00,8678.116855796017,2,9
2015-04-08,8702.7,8707.45,8698.65,8698.65,09:55:00,8680.458107624969,2,10
2015-04-08,8705.7,8706.0,8702.45,8702.45,10:00:00,8682.862097374971,2,11
2015-04-08,8708.2,8708.8,8707.05,8707.05,10:05:00,8685.275230958307,2,12
2015-04-08,8700.0,8710.65,8700.0,8708.6,10:10:00,8686.677589914658,2,13
2015-04-08,8690.2,8695.05,8690.2,8695.05,10:15:00,8687.013057541833,2,14
2015-04-08,8683.85,8690.9,8683.85,8690.9,10:20:00,8686.71181396642,2,15
2015-04-08,8690.8,8690.8,8682.45,8682.45,10:25:00,8687.101165017237,2,16
2015-04-08,8697.9,8697.9,8690.4,8690.4,10:30:00,8688.129625491785,2,17
2015-04-08,8696.5,8697.45,8695.5,8696.4,10:35:00,8688.926804016377,2,18
2015-04-08,8695.2,8697.85,8692.2,8697.85,10:40:00,8689.524251252913,2,19
2015-04-08,8695.65,8696.75,8694.05,8696.75,10:45:00,8690.107655895492,2,20
2015-04-08,8695.1,8696.15,8694.05,8694.05,10:50:00,8690.583117238779,2,21
2015-04-08,8696.6,8696.6,8692.75,8695.0,10:55:00,8691.156153692227,2,22
2015-04-08,8699.25,8700.1,8698.15,8700.1,11:00:00,8691.92699619773,2,23
2015-04-08,8705.05,8705.05,8699.9,8699.9,11:05:00,8693.17680608366,2,24
2015-04-08,8702.15,8706.0,8701.1,8706.0,11:10:00,8694.031395980455,2,25
2015-04-08,8702.45,8704.4,8702.45,8704.4,11:15:00,8694.83316779184,2,26
2015-04-08,8707.85,8709.25,8704.1,8704.1,11:20:00,8696.072866097378,2,27
2015-04-08,8699.15,8707.35,8699.15,8707.35,11:25:00,8696.365926469056,2,28
2015-04-08,8687.0,8699.55,8687.0,8699.55,11:30:00,8695.473933472003,2,29
2015-04-08,8699.25,8699.25,8688.0,8688.0,11:35:00,8695.833558855622,2,30
2015-04-08,8701.75,8701.75,8697.7,8697.7,11:40:00,8696.3970294408,2,31
2015-04-08,8711.5,8711.5,8704.55,8704.55,11:45:00,8697.835407589297,2,32
2015-04-08,8714.7,8716.6,8709.85,8709.85,11:50:00,8699.44155924746,2,33
2015-04-08,8712.65,8715.05,8711.85,8714.7,11:55:00,8700.699505985796,2,34
2015-04-08,8715.0,8715.9,8712.2,8715.2,12:00:00,8702.061457796673,2,35
2015-04-08,8724.65,8724.65,8715.85,8717.25,12:05:00,8704.212747530324,2,36
2015-04-08,8725.55,8725.95,8723.6,8724.85,12:10:00,8706.244866813151,2,37
2015-04-08,8722.95,8727.4,8722.95,8725.6,12:15:00,8707.835831878565,2,38
2015-04-08,8723.05,8725.25,8722.9,8725.25,12:20:00,8709.284800271083,2,39
2015-04-08,8721.4,8722.3,8720.65,8722.3,12:25:00,8710.438628816695,2,40
2015-04-08,8725.5,8727.1,8720.9,8722.55,12:30:00,8711.873045119868,2,41
2015-04-08,8718.9,8723.5,8718.9,8722.8,12:35:00,8712.542278917976,2,42
2015-04-08,8715.75,8720.1,8715.75,8720.1,12:40:00,8712.847776163882,2,43
2015-04-08,8713.55,8713.55,8708.85,8713.55,12:45:00,8712.914654624465,2,44
2015-04-08,8704.8,8708.15,8703.7,8708.15,12:50:00,8712.141830374516,2,45
2015-04-08,8706.5,8708.55,8701.7,8701.7,12:55:00,8711.60451319599,2,46
2015-04-08,8712.85,8715.8,8708.25,8708.25,13:00:00,8711.72313098685,2,47
2015-04-08,8717.05,8717.05,8711.55,8711.55,13:05:00,8712.230451845244,2,48
2015-04-08,8712.5,8718.85,8712.5,8717.7,13:10:00,8712.256123098077,2,49
2015-04-08,8702.7,8712.9,8702.7,8712.9,13:15:00,8711.346016136356,2,50
2015-04-08,8708.2,8708.45,8697.4,8704.7,13:20:00,8711.04639555194,2,51
2015-04-08,8710.0,8711.1,8704.1,8709.1,13:25:00,8710.946738832708,2,52
2015-04-08,8714.8,8715.2,8708.85,8711.15,13:30:00,8711.313716086735,2,53
2015-04-08,8716.25,8717.6,8714.45,8714.45,13:35:00,8711.783838364188,2,54
2015-04-08,8715.05,8718.15,8715.05,8715.4,13:40:00,8712.094901377122,2,55
2015-04-08,8712.9,8715.85,8712.9,8715.85,13:45:00,8712.171577436444,2,56
2015-04-08,8704.5,8713.15,8704.5,8713.15,13:50:00,8711.440951013927,2,57
2015-04-08,8716.35,8716.35,8708.1,8708.1,13:55:00,8711.90847948879,2,58
2015-04-08,8720.5,8720.5,8718.3,8718.3,14:00:00,8712.726719537477,2,59
2015-04-08,8711.25,8727.25,8711.25,8722.75,14:05:00,8712.586079581528,2,60
2015-04-08,8705.35,8715.2,8705.35,8715.2,14:10:00,8711.896929145192,2,61
2015-04-08,8710.45,8713.5,8705.6,8709.4,14:15:00,8711.75912636946,2,62
2015-04-08,8709.45,8710.65,8703.4,8709.75,14:20:00,8711.539209572367,2,63
2015-04-08,8702.7,8711.35,8702.7,8710.35,14:25:00,8710.697380089285,2,64
2015-04-08,8717.6,8717.6,8705.65,8705.65,14:30:00,8711.354772461735,2,65
2015-04-08,8713.25,8717.85,8711.75,8717.15,14:35:00,8711.535270322522,2,66
2015-04-08,8715.9,8718.95,8715.9,8716.05,14:40:00,8711.950958863234,2,67
2015-04-08,8716.4,8723.95,8715.3,8716.9,14:45:00,8712.374677066735,2,68
2015-04-08,8716.3,8716.85,8712.55,8716.85,14:50:00,8712.748517346094,2,69
2015-04-08,8713.55,8721.2,8713.55,8715.25,14:55:00,8712.824849027418,2,70
2015-04-08,8712.5,8716.45,8710.5,8716.45,15:00:00,8712.793911024808,2,71
2015-04-08,8712.1,8712.1,8709.05,8709.05,15:05:00,8712.72782426054,2,72
2015-04-08,8714.75,8715.95,8712.75,8712.75,15:10:00,8712.920412426203,2,73
2015-04-08,8713.1,8717.0,8713.1,8716.5,15:15:00,8712.93751600466,2,74
2015-04-08,8715.9,8716.5,8714.7,8714.7,15:20:00,8713.21965733755,2,75
2015-04-08,8717.85,8718.9,8714.65,8714.65,15:25:00,8713.660642353021,2,76
2015-04-09,8756.2,8756.2,8756.2,8756.2,09:10:00,8717.712009747971,3,1
2015-04-09,8751.6,8756.2,8746.85,8756.2,09:15:00,8720.939437391022,3,2
2015-04-09,8736.6,8753.6,8736.6,8753.6,09:20:00,8722.430919544258,3,3
2015-04-09,8743.55,8743.95,8737.85,8737.85,09:25:00,8724.442260540043,3,4
2015-04-09,8732.05,8741.95,8732.05,8741.95,09:30:00,8725.166807155278,3,5
2015-04-09,8731.15,8735.85,8730.75,8735.85,09:35:00,8725.73663504525,3,6
2015-04-09,8728.15,8730.55,8725.0,8730.55,09:40:00,8725.966479326655,3,7
2015-04-09,8709.4,8727.05,8709.4,8727.05,09:45:00,8724.388719390783,3,8
2015-04-09,8688.35,8704.25,8688.35,8704.25,09:50:00,8720.956460401185,3,9
2015-04-09,8707.5,8707.5,8685.2,8685.2,09:55:00,8719.67489274393,3,10
2015-04-09,8702.9,8707.4,8702.9,8706.5,10:00:00,8718.077283911174,3,11
2015-04-09,8697.35,8701.95,8695.65,8701.95,10:05:00,8716.103256872015,3,12
2015-04-09,8706.2,8706.2,8695.4,8695.4,10:10:00,8715.16008955087,3,13
2015-04-09,8711.35,8711.55,8706.8,8706.8,10:15:00,8714.797223879359,3,14
2015-04-09,8715.55,8720.55,8715.55,8716.55,10:20:00,8714.86891684323,3,15
2015-04-09,8725.8,8725.8,8718.15,8718.8,10:25:00,8715.90997238197,3,16
2015-04-09,8726.6,8732.35,8724.5,8724.5,10:30:00,8716.928070250355,3,17
2015-04-09,8720.5,8732.95,8720.5,8732.95,10:35:00,8717.268254036035,3,18
2015-04-09,8718.85,8726.9,8718.85,8726.9,10:40:00,8717.418896508792,3,19
2015-04-09,8725.9,8725.9,8719.6,8719.6,10:45:00,8718.226620650812,3,20
2015-04-09,8721.1,8727.95,8721.1,8727.95,10:50:00,8718.500275826926,3,21
2015-04-09,8726.2,8726.35,8720.8,8720.8,10:55:00,8719.233582891029,3,22
2015-04-09,8728.35,8728.35,8724.85,8725.2,11:00:00,8720.101813091884,3,23
2015-04-09,8723.1,8728.65,8723.1,8727.3,11:05:00,8720.387354702181,3,24
2015-04-09,8723.95,8723.95,8717.2,8721.35,11:10:00,8720.726654254355,3,25
2015-04-09,8725.25,8729.6,8725.25,8728.0,11:15:00,8721.157449087274,3,26
2015-04-09,8723.45,8726.65,8723.45,8726.2,11:20:00,8721.375787269437,3,27
2015-04-09,8724.1,8729.75,8724.1,8725.4,11:25:00,8721.63523610092,3,28
2015-04-09,8725.65,8727.9,8724.1,8724.1,11:30:00,8722.017594567498,3,29
2015-04-09,8726.9,8729.95,8726.9,8727.65,11:35:00,8722.482585561069,3,30
2015-04-09,8728.5,8730.55,8728.5,8730.55,11:40:00,8723.055672650491,3,31
2015-04-09,8726.0,8727.6,8726.0,8726.6,11:45:00,8723.336084779015,3,32
2015-04-09,8720.0,8727.45,8720.0,8726.25,11:50:00,8723.018362419109,3,33
2015-04-09,8717.1,8718.5,8713.8,8718.5,11:55:00,8722.454708855385,3,34
2015-04-09,8723.75,8724.25,8719.7,8719.7,12:00:00,8722.578069916777,3,35
2015-04-09,8732.9,8732.9,8725.95,8725.95,12:05:00,8723.561110877085,3,36
2015-04-09,8729.7,8731.4,8729.35,8731.0,12:10:00,8724.14576698403,3,37
2015-04-09,8736.6,8736.6,8729.45,8729.45,12:15:00,8725.331884414121,3,38
2015-04-09,8732.7,8735.45,8732.7,8735.45,12:20:00,8726.033609708014,3,39
2015-04-09,8736.35,8736.35,8731.6,8731.6,12:25:00,8727.016123069156,3,40
2015-04-09,8741.4,8741.4,8735.4,8736.0,12:30:00,8728.38601611019,3,41
2015-04-09,8737.1,8739.4,8736.75,8737.6,12:35:00,8729.21591933779,3,42
2015-04-09,8745.8,8745.8,8738.45,8738.45,12:40:00,8730.795355591334,3,43
2015-04-09,8740.65,8748.65,8740.65,8745.95,12:45:00,8731.733893154063,3,44
2015-04-09,8744.3,8744.3,8741.05,8741.05,12:50:00,8732.93066523463,3,45
2015-04-09,8743.95,8743.95,8741.8,8742.45,12:55:00,8733.980125688475,3,46
2015-04-09,8744.15,8749.6,8744.05,8744.05,13:00:00,8734.948685146715,3,47
2015-04-09,8743.55,8746.7,8743.55,8746.7,13:05:00,8735.767857989886,3,48
2015-04-09,8742.85,8745.65,8742.5,8743.3,13:10:00,8736.442347705135,3,49
2015-04-09,8744.6,8745.9,8744.6,8744.8,13:15:00,8737.219266971313,3,50
2015-04-09,8748.85,8751.85,8745.85,8745.85,13:20:00,8738.326955831188,3,51
2015-04-09,8755.65,8756.7,8751.7,8751.7,13:25:00,8739.97676956155,3,52
2015-04-09,8761.9,8761.9,8755.45,8755.45,13:30:00,8742.064696269974,3,53
2015-04-09,8755.25,8761.8,8755.25,8761.8,13:35:00,8743.320439482357,3,54
2015-04-09,8743.85,8752.2,8743.85,8752.2,13:40:00,8743.37087381737,3,55
2015-04-09,8740.45,8749.5,8740.45,8749.5,13:45:00,8743.092695358573,3,56
2015-04-09,8739.8,8747.8,8739.8,8747.4,13:50:00,8742.779105324424,3,57
2015-04-09,8734.2,8744.15,8734.2,8737.15,13:55:00,8741.962047674479,3,58
2015-04-09,8704.45,8731.35,8704.45,8731.35,14:00:00,8738.38947170548,3,59
2015-04-09,8717.95,8717.95,8706.8,8708.9,14:05:00,8736.442855352578,3,60
2015-04-09,8724.8,8724.8,8717.2,8720.35,14:10:00,8735.334011985666,3,61
2015-04-09,8705.8,8723.0,8704.75,8723.0,14:15:00,8732.52124893941,3,62
2015-04-09,8715.6,8716.15,8707.6,8711.05,14:20:00,8730.909701421371,3,63
2015-04-09,8721.8,8723.15,8714.65,8714.65,14:25:00,8730.042110809813,3,64
2015-04-09,8727.05,8727.05,8722.8,8722.8,14:30:00,8729.757147875545,3,65
2015-04-09,8724.4,8725.15,8723.05,8723.8,14:35:00,8729.24694331597,3,66
2015-04-09,8743.6,8743.6,8726.25,8726.25,14:40:00,8730.613901095401,3,67
2015-04-09,8749.7,8749.7,8742.5,8748.35,14:45:00,8732.431624800602,3,68
2015-04-09,8761.8,8765.55,8753.1,8753.75,14:50:00,8735.22861291483,3,69
2015-04-09,8766.75,8767.3,8756.3,8756.3,14:55:00,8738.230649780084,3,70
2015-04-09,8765.85,8769.9,8763.6,8763.6,15:00:00,8740.861064086743,3,71
2015-04-09,8774.1,8774.1,8764.95,8769.2,15:05:00,8744.026677030863,3,72
2015-04-09,8777.35,8780.75,8771.1,8775.2,15:10:00,8747.200326837446,3,73
2015-04-09,8781.5,8781.5,8777.4,8780.8,15:15:00,8750.466962376737,3,74
2015-04-09,8780.65,8782.3,8779.6,8780.6,15:20:00,8753.341537388476,3,75
2015-04-09,8776.5,8779.4,8774.8,8779.4,15:25:00,8755.54710525624,3,76
2015-04-10,8774.35,8774.35,8774.35,8774.35,09:10:00,8757.3378571366,4,1
2015-04-10,8759.65,8774.35,8759.65,8774.35,09:15:00,8757.558061218828,4,2
2015-04-10,8763.2,8772.65,8763.15,8763.15,09:20:00,8758.095388721797,4,3
2015-04-10,8769.15,8769.15,8762.75,8763.95,09:25:00,8759.14820884353,4,4
2015-04-10,8768.75,8770.75,8765.75,8765.75,09:30:00,8760.062665144145,4,5
2015-04-10,8769.3,8772.85,8769.3,8769.8,09:35:00,8760.942411320893,4,6
2015-04-10,8774.2,8774.2,8764.55,8767.5,09:40:00,8762.205038814142,4,7
2015-04-10,8772.75,8776.5,8772.75,8774.05,09:45:00,8763.209320831842,4,8
2015-04-10,8770.75,8774.15,8769.25,8773.2,09:50:00,8763.927480752618,4,9
2015-04-10,8771.05,8773.8,8768.1,8773.0,09:55:00,8764.605815919036,4,10
2015-04-10,8776.0,8776.0,8770.1,8770.5,10:00:00,8765.690976307698,4,11
2015-04-10,8772.9,8780.5,8772.9,8780.3,10:05:00,8766.37754999268,4,12
2015-04-10,8763.2,8770.7,8763.2,8770.7,10:10:00,8766.074926183854,4,13
2015-04-10,8763.15,8765.6,8761.7,8764.1,10:15:00,8765.796361785391,4,14
2015-04-10,8769.7,8769.7,8762.65,8762.65,10:20:00,8766.16813685345,4,15
2015-04-10,8769.5,8769.5,8766.25,8769.1,10:25:00,8766.485457153121,4,16
2015-04-10,8766.85,8770.25,8766.85,8767.95,10:30:00,8766.52017551949,4,17
2015-04-10,8762.65,8764.45,8762.65,8764.35,10:35:00,8766.151587374778,4,18
2015-04-10,8763.5,8764.95,8762.75,8762.75,10:40:00,8765.899055243846,4,19
2015-04-10,8762.3,8765.1,8761.9,8765.1,10:45:00,8765.556288077765,4,20
2015-04-10,8768.2,8768.2,8763.25,8763.25,10:50:00,8765.808070165598,4,21
2015-04-10,8767.8,8771.65,8767.7,8768.9,10:55:00,8765.997777768875,4,22
2015-04-10,8767.8,8770.95,8767.8,8768.95,11:00:00,8766.169417981362,4,23
2015-04-10,8769.95,8770.1,8768.9,8768.9,11:05:00,8766.529473411709,4,24
2015-04-10,8767.35,8771.0,8767.3,8768.85,11:10:00,8766.60761880107,4,25
2015-04-10,8763.95,8765.75,8762.55,8765.75,11:15:00,8766.354512248587,4,26
2015-04-10,8752.1,8763.25,8752.1,8763.25,11:20:00,8764.996939653483,4,27
2015-04-10,8753.3,8753.5,8748.85,8748.85,11:25:00,8763.88294540077,4,28
2015-04-10,8751.95,8753.0,8749.15,8753.0,11:30:00,8762.74647441022,4,29
2015-04-10,8744.0,8753.15,8740.35,8753.15,11:35:00,8760.961095894962,4,30
2015-04-10,8749.3,8750.55,8742.1,8742.1,11:40:00,8759.850515333537,4,31
2015-04-10,8753.8,8753.8,8747.1,8748.15,11:45:00,8759.274275777963,4,32
2015-04-10,8756.15,8756.15,8753.35,8753.7,11:50:00,8758.976725703871,4,33
2015-04-10,8760.85,8761.5,8760.45,8760.7,11:55:00,8759.155132779693,4,34
2015-04-10,8765.15,8765.15,8761.2,8761.4,12:00:00,8759.72607251496,4,35
2015-04-10,8753.5,8760.35,8752.5,8760.35,12:05:00,8759.133113227821,4,36
2015-04-10,8755.6,8755.6,8751.65,8753.45,12:10:00,8758.796626253743,4,37
2015-04-10,8756.8,8758.7,8756.8,8758.7,12:15:00,8758.606471372434,4,38
2015-04-10,8755.95,8757.75,8754.85,8754.9,12:20:00,8758.353474098869,4,39
2015-04-10,8746.85,8756.9,8745.05,8756.9,12:25:00,8757.257905137072,4,40
2015-04-10,8748.55,8749.8,8746.1,8749.8,12:30:00,8756.428580838303,4,41
2015-04-10,8752.75,8754.35,8748.1,8748.1,12:35:00,8756.078239806084,4,42
2015-04-10,8752.6,8752.8,8750.95,8751.3,12:40:00,8755.746978872172,4,43
2015-04-10,8754.25,8754.25,8751.35,8753.15,12:45:00,8755.604409455775,4,44
2015-04-10,8756.7,8757.5,8752.8,8752.8,12:50:00,8755.708751412367,4,45
2015-04-10,8755.9,8756.0,8752.6,8756.0,12:55:00,8755.72696556357,4,46
2015-04-10,8756.0,8758.75,8755.7,8756.5,13:00:00,8755.75296884323,4,47
2015-04-10,8757.3,8757.55,8755.55,8755.55,13:05:00,8755.900305143874,4,48
2015-04-10,8751.85,8759.5,8751.85,8759.0,13:10:00,8755.51456179684,4,49
2015-04-10,8742.25,8748.15,8735.5,8748.15,13:15:00,8754.251270197141,4,50
2015-04-10,8750.05,8750.05,8744.6,8745.0,13:20:00,8753.851149225984,4,51
2015-04-10,8750.05,8750.05,8744.1,8745.2,13:25:00,8753.489135013986,4,52
2015-04-10,8747.9,8747.9,8742.15,8745.7,13:30:00,8752.956836441226,4,53
2015-04-10,8757.9,8758.45,8749.45,8749.45,13:35:00,8753.427613923015,4,54
2015-04-10,8745.15,8754.95,8745.15,8754.95,13:40:00,8752.63926973987,4,55
2015-04-10,8745.3,8745.3,8741.35,8742.95,13:45:00,8751.940291669405,4,56
2015-04-10,8750.55,8750.55,8742.35,8748.45,13:50:00,8751.807882938985,4,57
2015-04-10,8751.5,8756.05,8750.0,8750.0,13:55:00,8751.77856075432,4,58
2015-04-10,8753.85,8757.65,8750.9,8750.9,14:00:00,8751.97584068248,4,59
2015-04-10,8756.6,8758.8,8753.35,8758.8,14:05:00,8752.416236807958,4,60
2015-04-10,8767.5,8771.7,8758.35,8758.35,14:10:00,8753.85278568339,4,61
2015-04-10,8760.25,8760.25,8756.8,8759.4,14:15:00,8754.462044189733,4,62
2015-04-10,8762.4,8763.3,8759.7,8759.7,14:20:00,8755.218039981188,4,63
2015-04-10,8762.5,8762.5,8760.75,8761.2,14:25:00,8755.91155998298,4,64
2015-04-10,8767.05,8768.2,8763.15,8763.25,14:30:00,8756.972363794124,4,65
2015-04-10,8767.8,8769.1,8765.4,8765.4,14:35:00,8758.003567242304,4,66
2015-04-10,8760.5,8767.6,8760.5,8767.6,14:40:00,8758.241322743037,4,67
2015-04-10,8762.15,8762.75,8756.05,8762.75,14:45:00,8758.61357771989,4,68
2015-04-10,8764.75,8764.85,8762.55,8764.15,14:50:00,8759.197998889425,4,69
2015-04-10,8768.2,8768.6,8766.7,8766.8,14:55:00,8760.055332328528,4,70
2015-04-10,8776.5,8781.55,8768.25,8768.25,15:00:00,8761.621491154381,4,71
2015-04-10,8782.25,8782.5,8776.9,8776.9,15:05:00,8763.58611104444,4,72
2015-04-10,8781.55,8784.1,8780.25,8780.25,15:10:00,8765.296957611636,4,73
2015-04-10,8780.8,8781.45,8778.5,8781.45,15:15:00,8766.7734378391,4,74
2015-04-10,8775.35,8778.75,8775.35,8777.55,15:20:00,8767.590253282995,4,75
2015-04-10,8770.1,8776.5,8770.1,8776.4,15:25:00,8767.829276779852,4,76
2015-04-13,8801.75,8801.75,8801.75,8801.75,09:10:00,8771.059821848437,0,1
2015-04-13,8774.25,8801.75,8771.55,8801.75,09:15:00,8771.363648339062,0,2
2015-04-13,8771.4,8776.05,8769.6,8770.2,09:20:00,8771.367110402009,0,3
2015-04-13,8781.4,8781.4,8774.65,8774.8,09:25:00,8772.322623697055,0,4
2015-04-13,8780.75,8781.9,8780.75,8781.45,09:30:00,8773.125230964002,0,5
2015-04-13,8772.5,8783.4,8772.5,8779.3,09:35:00,8773.065685157906,0,6
2015-04-13,8780.95,8780.95,8774.45,8775.5,09:40:00,8773.816572285725,0,7
2015-04-13,8782.3,8782.3,8777.7,8778.65,09:45:00,8774.624517782322,0,8
2015-04-13,8776.95,8780.35,8776.7,8778.65,09:50:00,8774.845992279244,0,9
2015-04-13,8778.55,8778.6,8776.45,8776.45,09:55:00,8775.198754919316,0,10
2015-04-13,8774.4,8777.8,8774.4,8777.8,10:00:00,8775.122683022239,0,11
2015-04-13,8774.75,8777.4,8774.75,8776.5,10:05:00,8775.087189401074,0,12
2015-04-13,8764.05,8775.5,8764.05,8775.5,10:10:00,8774.036028505734,0,13
2015-04-13,8769.75,8769.75,8768.05,8768.05,10:15:00,8773.627835314712,0,14
2015-04-13,8770.65,8770.85,8769.05,8770.85,10:20:00,8773.344231951405,0,15
2015-04-13,8773.5,8773.75,8770.45,8772.75,10:25:00,8773.359067003652,0,16
2015-04-13,8777.45,8780.15,8775.1,8775.1,10:30:00,8773.74867966997,0,17
2015-04-13,8782.9,8782.9,8778.85,8780.2,10:35:00,8774.620233987116,0,18
2015-04-13,8782.05,8782.05,8778.9,8778.9,10:40:00,8775.327830750248,0,19
2015-04-13,8783.35,8783.35,8780.25,8780.25,10:45:00,8776.091846869273,0,20
2015-04-13,8779.65,8783.75,8779.65,8783.45,10:50:00,8776.430718596008,0,21
2015-04-13,8778.9,8778.9,8776.35,8776.6,10:55:00,8776.66588825353,0,22
2015-04-13,8778.8,8780.15,8778.8,8779.85,11:00:00,8776.86913699129,0,23
2015-04-13,8779.0,8779.65,8776.8,8779.65,11:05:00,8777.072076325454,0,24
2015-04-13,8779.85,8779.85,8775.45,8778.25,11:10:00,8777.336640484935,0,25
2015-04-13,8779.15,8780.25,8779.15,8779.15,11:15:00,8777.50934139113,0,26
2015-04-13,8777.3,8781.95,8777.3,8781.05,11:20:00,8777.489404115784,0,27
2015-04-13,8778.75,8778.75,8776.8,8776.8,11:25:00,8777.609460866663,0,28
2015-04-13,8781.75,8781.75,8778.7,8778.7,11:30:00,8778.00379792698,0,29
2015-04-13,8782.45,8782.45,8781.25,8781.25,11:35:00,8778.427245743458,0,30
2015-04-13,8785.8,8785.8,8781.0,8781.0,11:40:00,8779.12941281551,0,31
2015-04-13,8789.25,8790.75,8787.1,8787.1,11:45:00,8780.093278261651,0,32
2015-04-13,8787.65,8790.5,8787.65,8788.15,11:50:00,8780.812966046256,0,33
2015-04-13,8793.5,8793.5,8787.45,8787.45,11:55:00,8782.021254994232,0,34
2015-04-13,8795.6,8797.45,8794.45,8794.45,12:00:00,8783.314468804305,0,35
2015-04-13,8802.25,8802.25,8794.7,8794.7,12:05:00,8785.117852727704,0,36
2015-04-13,8806.45,8806.45,8799.1,8799.1,12:10:00,8787.149485801256,0,37
2015-04-13,8819.6,8822.5,8805.05,8805.05,12:15:00,8790.240010963042,0,38
2015-04-13,8814.45,8817.05,8814.4,8817.05,12:20:00,8792.545724204656,0,39
2015-04-13,8823.25,8823.25,8812.5,8812.5,12:25:00,8795.469940947069,0,40
2015-04-13,8820.5,8825.1,8820.5,8822.7,12:30:00,8797.853756094966,0,41
2015-04-13,8822.5,8822.5,8819.2,8819.2,12:35:00,8800.201017419255,0,42
2015-04-13,8821.95,8823.0,8821.8,8822.35,12:40:00,8802.272349093611,0,43
2015-04-13,8815.7,8819.5,8815.7,8818.4,12:45:00,8803.551172989459,0,44
2015-04-13,8810.05,8813.9,8808.5,8813.9,12:50:00,8804.170108895225,0,45
2015-04-13,8813.7,8813.7,8807.6,8807.6,12:55:00,8805.07771757187,0,46
2015-04-13,8813.8,8813.8,8811.4,8811.4,13:00:00,8805.908411136454,0,47
2015-04-13,8810.25,8815.25,8808.2,8815.25,13:05:00,8806.321895790124,0,48
2015-04-13,8813.85,8813.85,8808.1,8809.55,13:10:00,8807.038858095826,0,49
2015-04-13,8814.4,8816.3,8814.4,8815.8,13:15:00,8807.739919229556,0,50
2015-04-13,8815.9,8817.9,8815.45,8815.45,13:20:00,8808.517069779122,0,51
2015-04-13,8817.7,8817.85,8816.45,8816.45,13:25:00,8809.391634562062,0,52
2015-04-13,8818.85,8818.85,8815.3,8815.3,13:30:00,8810.292431270438,0,53
2015-04-13,8816.95,8817.65,8816.95,8817.65,13:35:00,8810.926485435159,0,54
2015-04-13,8809.65,8817.25,8809.65,8817.25,13:40:00,8810.804915393715,0,55
2015-04-13,8808.2,8808.2,8804.9,8807.65,13:45:00,8810.55682821336,0,56
2015-04-13,8812.05,8812.05,8808.4,8808.45,13:50:00,8810.699035050184,0,57
2015-04-13,8801.2,8811.15,8801.2,8811.15,13:55:00,8809.794365045405,0,58
2015-04-13,8787.95,8795.45,8787.95,8795.45,14:00:00,8807.713949326795,0,59
2015-04-13,8798.6,8802.0,8793.15,8793.15,14:05:00,8806.845954152815,0,60
2015-04-13,8803.95,8804.3,8803.2,8804.3,14:10:00,8806.570148995404,0,61
2015-04-13,8808.55,8812.0,8806.75,8809.6,14:15:00,8806.758706233937,0,62
2015-04-13,8809.2,8810.5,8806.75,8810.5,14:20:00,8806.991210402133,0,63
2015-04-13,8811.15,8813.15,8809.8,8809.8,14:25:00,8807.38728560193,0,64
2015-04-13,8817.4,8818.6,8814.15,8814.15,14:30:00,8808.340877449366,0,65
2015-04-13,8825.65,8826.5,8822.55,8822.95,14:35:00,8809.98936531133,0,66
2015-04-13,8826.15,8831.35,8826.15,8828.35,14:40:00,8811.528473376919,0,67
2015-04-13,8828.3,8830.3,8827.15,8827.15,14:45:00,8813.125761626736,0,68
2015-04-13,8826.55,8827.2,8825.95,8825.95,14:50:00,8814.404260519426,0,69
2015-04-13,8831.05,8831.05,8828.1,8828.1,14:55:00,8815.989569041385,0,70
2015-04-13,8836.1,8838.6,8828.4,8828.4,15:00:00,8817.9048481803,0,71
2015-04-13,8838.4,8838.4,8833.85,8834.85,15:05:00,8819.856767401223,0,72
2015-04-13,8834.3,8838.8,8831.95,8838.8,15:10:00,8821.23231336301,0,73
2015-04-13,8830.0,8832.9,8828.55,8832.9,15:15:00,8822.067331137961,0,74
2015-04-13,8829.8,8830.4,8827.6,8830.4,15:20:00,8822.803775791488,0,75
2015-04-13,8827.55,8831.85,8827.55,8831.85,15:25:00,8823.25579714468,0,76
2015-04-15,8844.75,8844.75,8844.75,8844.75,09:10:00,8825.302864083282,2,1
2015-04-15,8824.8,8844.75,8821.5,8844.75,09:15:00,8825.254972265826,2,2
2015-04-15,8819.4,8824.4,8817.8,8824.3,09:20:00,8824.697355859556,2,3
2015-04-15,8825.85,8834.2,8820.45,8820.45,09:25:00,8824.80713149198,2,4
2015-04-15,8831.85,8833.5,8828.1,8828.1,09:30:00,8825.477880873696,2,5
2015-04-15,8833.3,8834.3,8831.1,8833.55,09:35:00,8826.22284460001,2,6
2015-04-15,8828.55,8835.0,8828.55,8835.0,09:40:00,8826.444478447627,2,7
2015-04-15,8818.3,8825.05,8818.3,8825.05,09:45:00,8825.668813833568,2,8
2015-04-15,8824.85,8824.85,8819.2,8819.2,09:50:00,8825.590831563704,2,9
2015-04-15,8823.45,8824.65,8823.45,8823.45,09:55:00,8825.386942843352,2,10
2015-04-15,8812.1,8822.25,8812.1,8822.25,10:00:00,8824.121519715412,2,11
2015-04-15,8811.0,8814.4,8809.9,8814.4,10:05:00,8822.871851171089,2,12
2015-04-15,8811.3,8812.4,8807.25,8808.35,10:10:00,8821.769770107176,2,13
2015-04-15,8809.9,8812.9,8809.9,8811.55,10:15:00,8820.639315811253,2,14
2015-04-15,8812.85,8814.75,8810.6,8810.6,10:20:00,8819.897476210183,2,15
2015-04-15,8811.65,8811.85,8810.05,8810.5,10:25:00,8819.112002285403,2,16
2015-04-15,8814.65,8815.6,8813.45,8813.45,10:30:00,8818.687049686792,2,17
2015-04-15,8810.95,8814.4,8810.95,8813.0,10:35:00,8817.95018781186,2,18
2015-04-15,8803.05,8808.65,8803.05,8808.65,10:40:00,8816.531122305969,2,19
2015-04-15,8806.65,8806.85,8804.95,8804.95,10:45:00,8815.590063038733,2,20
2015-04-15,8805.75,8808.3,8805.75,8807.05,10:50:00,8814.652914177901,2,21
2015-04-15,8810.65,8810.65,8805.65,8805.65,10:55:00,8814.271684256197,2,22
2015-04-15,8808.25,8812.55,8807.0,8812.55,11:00:00,8813.698190517513,2,23
2015-04-15,8812.55,8812.55,8809.5,8809.5,11:05:00,8813.588839039654,2,24
2015-04-15,8811.25,8811.65,8810.9,8811.35,11:10:00,8813.366092464448,2,25
2015-04-15,8805.3,8810.85,8805.3,8810.85,11:15:00,8812.59789318212,2,26
2015-04-15,8805.65,8807.9,8805.65,8807.35,11:20:00,8811.936189069536,2,27
2015-04-15,8805.4,8806.8,8803.7,8806.8,11:25:00,8811.313694872437,2,28
2015-04-15,8806.55,8807.85,8804.75,8805.45,11:30:00,8810.86000964649,2,29
2015-04-15,8805.25,8806.25,8802.55,8806.25,11:35:00,8810.325723013491,2,30
2015-04-15,8799.5,8805.5,8799.5,8803.25,11:40:00,8809.294701774112,2,31
2015-04-15,8798.55,8800.45,8795.3,8800.45,11:45:00,8808.271396843244,2,32
2015-04-15,8799.85,8800.5,8798.65,8798.85,11:50:00,8807.46935904865,2,33
2015-04-15,8806.45,8806.45,8803.8,8803.8,11:55:00,8807.372277234492,2,34
2015-04-15,8807.55,8807.8,8806.05,8807.8,12:00:00,8807.389203212158,2,35
2015-04-15,8812.4,8814.95,8807.7,8807.85,12:05:00,8807.866421953859,2,36
2015-04-15,8812.35,8812.35,8809.1,8809.1,12:10:00,8808.293429386824,2,37
2015-04-15,8814.4,8814.4,8812.8,8812.8,12:15:00,8808.87500754046,2,38
2015-04-15,8812.2,8813.3,8811.8,8813.3,12:20:00,8809.19167348899,2,39
2015-04-15,8809.7,8809.7,8809.0,8809.0,12:25:00,8809.240085537656,2,40
2015-04-15,8816.1,8816.1,8812.6,8812.6,12:30:00,8809.893410724546,2,41
2015-04-15,8818.4,8820.3,8818.4,8818.9,12:35:00,8810.703562084112,2,42
2015-04-15,8815.5,8819.35,8815.5,8819.35,12:40:00,8811.16036569515,2,43
2015-04-15,8815.95,8815.95,8813.5,8815.3,12:45:00,8811.61652134323,2,44
2015-04-15,8814.25,8816.15,8813.15,8816.0,12:50:00,8811.867328834353,2,45
2015-04-15,8815.8,8815.8,8814.7,8815.6,12:55:00,8812.241868945366,2,46
2015-04-15,8814.7,8816.55,8814.7,8814.7,13:00:00,8812.475976664855,2,47
2015-04-15,8815.75,8815.75,8813.95,8815.25,13:05:00,8812.787788411059,2,48
2015-04-15,8814.45,8816.9,8814.45,8816.9,13:10:00,8812.946094276673,2,49
2015-04-15,8810.1,8814.2,8810.1,8814.2,13:15:00,8812.675037678893,2,50
2015-04-15,8809.45,8809.95,8805.45,8805.45,13:20:00,8812.367891233283,2,51
2015-04-15,8813.55,8813.55,8808.9,8809.2,13:25:00,8812.48047302059,2,52
2015-04-15,8816.3,8816.3,8813.3,8814.25,13:30:00,8812.84423749482,2,53
2015-04-15,8814.15,8816.2,8813.4,8816.2,13:35:00,8812.968595828646,2,54
2015-04-15,8813.35,8813.8,8810.2,8813.8,13:40:00,8813.004920035442,2,55
2015-04-15,8817.9,8817.9,8811.1,8811.1,13:45:00,8813.471118127305,2,56
2015-04-15,8814.6,8818.25,8814.6,8816.75,13:50:00,8813.578630686608,2,57
2015-04-15,8828.05,8831.55,8816.6,8816.6,13:55:00,8814.956856335502,2,58
2015-04-15,8827.3,8827.3,8819.6,8824.85,14:00:00,8816.13239382736,2,59
2015-04-15,8829.7,8830.35,8825.85,8826.85,14:05:00,8817.424546796183,2,60
2015-04-15,8823.95,8828.7,8823.35,8828.7,14:10:00,8818.04601852988,2,61
2015-04-15,8825.65,8825.85,8824.35,8825.45,14:15:00,8818.77020724132,2,62
2015-04-15,8826.6,8826.6,8823.75,8825.0,14:20:00,8819.515901789764,2,63
2015-04-15,8824.1,8827.35,8822.1,8824.4,14:25:00,8819.95248257169,2,64
2015-04-15,8826.9,8827.65,8825.1,8825.1,14:30:00,8820.614150898196,2,65
2015-04-15,8831.45,8833.65,8828.05,8828.05,14:35:00,8821.646136526939,2,66
2015-04-15,8831.45,8832.85,8829.75,8832.85,14:40:00,8822.579837810088,2,67
2015-04-15,8832.7,8836.35,8830.15,8830.15,14:45:00,8823.543662780556,2,68
2015-04-15,8828.3,8831.85,8828.3,8831.0,14:50:00,8823.996647277645,2,69
2015-04-15,8812.35,8825.35,8812.35,8825.35,14:55:00,8822.887442775012,2,70
2015-04-15,8781.55,8811.4,8781.55,8811.4,15:00:00,8818.950543463106,2,71
2015-04-15,8747.75,8770.5,8747.75,8770.5,15:05:00,8812.169539323762,2,72
2015-04-15,8726.95,8754.8,8726.95,8754.8,15:10:00,8804.0533927215,2,73
2015-04-15,8740.35,8740.35,8727.5,8734.55,15:15:00,8797.9864029385,2,74
2015-04-15,8745.85,8747.25,8744.9,8745.2,15:20:00,8793.021031230073,2,75
2015-04-15,8732.2,8740.25,8732.2,8740.25,15:25:00,8787.228552065304,2,76
2015-04-16,8757.05,8757.05,8757.05,8757.05,09:10:00,8784.35440424956,3,1
2015-04-16,8735.1,8757.05,8735.1,8757.05,09:15:00,8779.663508606744,3,2
2015-04-16,8746.65,8752.25,8742.3,8742.3,09:20:00,8776.51936492991,3,3
2015-04-16,8746.9,8750.8,8746.9,8748.55,09:25:00,8773.698473031824,3,4
2015-04-16,8739.55,8746.2,8739.55,8746.2,09:30:00,8770.446237504982,3,5
2015-04-16,8741.4,8745.45,8741.4,8742.0,09:35:00,8767.679929171174,3,6
2015-04-16,8734.85,8742.3,8734.85,8739.3,09:40:00,8764.553269250111,3,7
2015-04-16,8737.35,8737.35,8732.75,8733.15,09:45:00,8761.962481702481,3,8
2015-04-16,8733.95,8735.1,8730.4,8735.1,09:50:00,8759.294626302244,3,9
2015-04-16,8736.25,8738.1,8732.15,8732.15,09:55:00,8757.099899987745,3,10
2015-04-16,8731.7,8737.6,8731.7,8734.2,10:00:00,8754.680861893674,3,11
2015-04-16,8714.85,8720.1,8707.0,8717.8,10:05:00,8750.887446475228,3,12
2015-04-16,8703.5,8713.95,8703.5,8713.95,10:10:00,8746.37435633473,3,13
2015-04-16,8705.7,8711.95,8705.7,8710.4,10:15:00,8742.500608112376,3,14
2015-04-16,8709.35,8711.65,8705.05,8705.05,10:20:00,8739.34340733977,3,15
2015-04-16,8703.15,8709.55,8703.15,8707.8,10:25:00,8735.896416164553,3,16
2015-04-16,8701.05,8702.9,8696.5,8699.2,10:30:00,8732.577709863166,3,17
2015-04-16,8708.95,8709.85,8704.45,8704.45,10:35:00,8730.32745178096,3,18
2015-04-16,8713.65,8715.15,8713.35,8713.35,10:40:00,8728.739123039917,3,19
2015-04-16,8703.7,8711.25,8703.7,8711.25,10:45:00,8726.354444655162,3,20
2015-04-16,8709.05,8709.05,8701.0,8701.75,10:50:00,8724.70640230705,3,21
2015-04-16,8702.95,8704.95,8701.7,8704.35,10:55:00,8722.634363992094,3,22
2015-04-16,8691.15,8702.3,8688.85,8702.3,11:00:00,8719.635853135704,3,23
2015-04-16,8689.15,8695.9,8689.15,8695.55,11:05:00,8716.732438551351,3,24
2015-04-16,8691.55,8691.55,8686.65,8688.4,11:10:00,8714.33411107027,3,25
2015-04-16,8693.65,8694.65,8692.7,8693.5,11:15:00,8712.364195730244,3,26
2015-04-16,8697.1,8697.1,8692.15,8692.15,11:20:00,8710.910462803555,3,27
2015-04-16,8691.9,8696.0,8691.0,8696.0,11:25:00,8709.09994253655,3,28
2015-04-16,8700.05,8701.35,8692.8,8692.8,11:30:00,8708.238043247355,3,29
2015-04-16,8705.75,8708.0,8704.8,8704.8,11:35:00,8708.001086747607,3,30
2015-04-16,8700.7,8705.85,8700.7,8703.55,11:40:00,8707.305745152597,3,31
2015-04-16,8696.8,8701.05,8695.65,8701.05,11:45:00,8706.305197995207,3,32
2015-04-16,8706.55,8706.55,8699.85,8699.85,11:50:00,8706.328512471853,3,33
2015-04-16,8703.35,8705.3,8702.45,8705.3,11:55:00,8706.04484461739,3,34
2015-04-16,8700.25,8702.3,8699.0,8702.3,12:00:00,8705.49295465383,3,35
2015-04-16,8695.15,8700.1,8695.15,8700.1,12:05:00,8704.507911353465,3,36
2015-04-16,8693.0,8694.9,8693.0,8694.9,12:10:00,8703.411919795992,3,37
2015-04-16,8684.0,8693.95,8683.25,8693.95,12:15:00,8701.563165529707,3,38
2015-04-16,8676.95,8685.1,8676.5,8685.1,12:20:00,8699.219054526879,3,39
2015-04-16,8677.6,8677.6,8674.8,8674.8,12:25:00,8697.16009695289,3,40
2015-04-16,8668.2,8677.6,8667.75,8676.35,12:30:00,8694.401992481186,3,41
2015-04-16,8665.2,8667.95,8665.2,8666.85,12:35:00,8691.620850340121,3,42
2015-04-16,8661.7,8665.85,8661.55,8665.85,12:40:00,8688.771245545824,3,43
2015-04-16,8669.35,8669.35,8664.75,8667.7,12:45:00,8686.921603112889,3,44
2015-04-16,8672.45,8676.45,8672.0,8672.0,12:50:00,8685.543355197377,3,45
2015-04-16,8668.3,8676.75,8668.3,8676.75,12:55:00,8683.901130892864,3,46
2015-04-16,8665.2,8666.9,8663.5,8666.9,13:00:00,8682.12007080783,3,47
2015-04-16,8657.4,8660.55,8656.2,8659.55,13:05:00,8679.765778349942,3,48
2015-04-16,8658.75,8658.75,8653.25,8653.25,13:10:00,8677.764275649948,3,49
2015-04-16,8648.7,8656.8,8648.7,8656.8,13:15:00,8674.996249397573,3,50
2015-04-16,8649.95,8654.95,8646.9,8646.9,13:20:00,8672.61089231209,3,51
2015-04-16,8661.3,8661.3,8651.45,8651.45,13:25:00,8671.533664472843,3,52
2015-04-16,8669.7,8669.7,8664.15,8664.95,13:30:00,8671.359029761144,3,53
2015-04-16,8686.65,8686.65,8671.9,8675.85,13:35:00,8672.815312641036,3,54
2015-04-16,8679.55,8693.5,8679.55,8689.95,13:40:00,8673.456711437128,3,55
2015-04-16,8684.5,8684.5,8673.75,8673.75,13:45:00,8674.50845320502,3,56
2015-04-16,8682.15,8684.15,8679.5,8682.4,13:50:00,8675.236219566446,3,57
2015-04-16,8689.6,8689.85,8681.2,8682.5,13:55:00,8676.604198655357,3,58
2015-04-16,8679.15,8693.8,8679.15,8691.7,14:00:00,8676.846655926276,3,59
2015-04-16,8673.5,8674.25,8667.3,8674.25,14:05:00,8676.52792679044,3,60
2015-04-16,8675.95,8678.45,8675.95,8677.15,14:10:00,8676.472886143732,3,61
2015-04-16,8664.4,8675.0,8664.4,8675.0,14:15:00,8675.323087463377,3,62
2015-04-16,8666.95,8667.9,8663.0,8667.9,14:20:00,8674.525650562104,3,63
2015-04-16,8664.65,8672.4,8664.65,8666.7,14:25:00,8673.585112413331,3,64
2015-04-16,8668.05,8668.05,8664.45,8665.9,14:30:00,8673.057958850157,3,65
2015-04-16,8673.95,8681.55,8661.55,8661.55,14:35:00,8673.142915150142,3,66
2015-04-16,8677.9,8679.7,8677.75,8679.7,14:40:00,8673.595970850129,3,67
2015-04-16,8687.25,8687.25,8681.05,8682.85,14:45:00,8674.896354578688,3,68
2015-04-16,8697.9,8703.2,8695.9,8695.9,14:50:00,8677.087177952146,3,69
2015-04-16,8692.15,8695.25,8689.1,8695.25,14:55:00,8678.521732432893,3,70
2015-04-16,8718.2,8718.2,8690.95,8690.95,15:00:00,8682.300615058331,3,71
2015-04-16,8715.75,8721.8,8715.45,8721.8,15:05:00,8685.486270767062,3,72
2015-04-16,8709.05,8711.65,8704.35,8707.75,15:10:00,8687.730435455913,3,73
2015-04-16,8699.05,8711.65,8695.95,8711.65,15:15:00,8688.808489222016,3,74
2015-04-16,8699.65,8707.5,8699.65,8707.05,15:20:00,8689.841014058014,3,75
2015-04-16,8700.05,8701.15,8697.9,8698.15,15:25:00,8690.813298433442,3,76
2015-04-17,8698.05,8698.05,8698.05,8698.05,09:10:00,8691.502508106449,4,1
2015-04-17,8692.1,8698.05,8678.2,8698.05,09:15:00,8691.55941209631,4,2
2015-04-17,8680.9,8693.8,8680.9,8693.8,09:20:00,8690.544229991901,4,3
2015-04-17,8682.1,8682.1,8672.8,8672.8,09:25:00,8689.74001761172,4,4
2015-04-17,8667.1,8678.75,8667.1,8678.75,09:30:00,8687.583825458223,4,5
2015-04-17,8664.7,8671.8,8664.7,8669.7,09:35:00,8685.404413509821,4,6
2015-04-17,8657.8,8668.25,8656.4,8668.25,09:40:00,8682.775421746981,4,7
2015-04-17,8661.85,8663.7,8660.6,8660.6,09:45:00,8680.782524437745,4,8
2015-04-17,8660.2,8660.85,8657.9,8657.9,09:50:00,8678.822284015103,4,9
2015-04-17,8655.05,8662.65,8655.05,8662.65,09:55:00,8676.558256966046,4,10
2015-04-17,8660.45,8660.45,8656.95,8656.95,10:00:00,8675.024137254994,4,11
2015-04-17,8654.9,8662.05,8654.9,8661.15,10:05:00,8673.107552754518,4,12
2015-04-17,8646.0,8647.85,8643.7,8647.85,10:10:00,8670.525881063611,4,13
2015-04-17,8644.95,8645.55,8642.25,8644.0,10:15:00,8668.090082867076,4,14
2015-04-17,8649.9,8649.9,8640.85,8642.85,10:20:00,8666.357694022592,4,15
2015-04-17,8644.5,8651.4,8644.5,8650.25,10:25:00,8664.276008877583,4,16
2015-04-17,8654.55,8655.0,8647.45,8647.45,10:30:00,8663.349722317813,4,17
2015-04-17,8655.75,8656.05,8652.8,8656.05,10:35:00,8662.625939239926,4,18
2015-04-17,8654.85,8656.35,8652.45,8656.35,10:40:00,8661.885373598028,4,19
2015-04-17,8659.65,8659.65,8656.25,8656.55,10:45:00,8661.672480874406,4,20
2015-04-17,8649.8,8657.9,8649.8,8657.9,10:50:00,8660.541768410176,4,21
2015-04-17,8653.6,8653.6,8648.75,8648.75,10:55:00,8659.880647609207,4,22
2015-04-17,8659.6,8662.8,8659.6,8660.1,11:00:00,8659.853919265473,4,23
2015-04-17,8665.2,8667.1,8659.6,8659.6,11:05:00,8660.36306981162,4,24
2015-04-17,8665.35,8665.35,8661.85,8661.85,11:10:00,8660.838015543846,4,25
2015-04-17,8663.5,8664.6,8663.15,8664.6,11:15:00,8661.091537873004,4,26
2015-04-17,8668.05,8668.55,8666.05,8666.05,11:20:00,8661.754248551766,4,27
2015-04-17,8662.3,8668.25,8661.25,8668.25,11:25:00,8661.806224880169,4,28
2015-04-17,8659.85,8664.55,8659.85,8664.55,11:30:00,8661.619917748725,4,29
2015-04-17,8663.3,8663.3,8659.7,8661.0,11:35:00,8661.779925582181,4,30
2015-04-17,8657.95,8661.15,8657.85,8661.15,11:40:00,8661.41517076483,4,31
2015-04-17,8654.35,8658.2,8654.1,8658.2,11:45:00,8660.742297358656,4,32
2015-04-17,8657.15,8657.15,8649.05,8652.05,11:50:00,8660.400173800688,4,33
2015-04-17,8655.4,8659.8,8654.05,8659.8,11:55:00,8659.923966772052,4,34
2015-04-17,8655.6,8657.15,8655.15,8655.15,12:00:00,8659.512160412809,4,35
2015-04-17,8656.5,8656.7,8655.3,8656.45,12:05:00,8659.225287992542,4,36
2015-04-17,8653.45,8654.95,8652.55,8654.05,12:10:00,8658.675260564682,4,37
2015-04-17,8650.7,8650.7,8646.35,8650.35,12:15:00,8657.915711939473,4,38
2015-04-17,8654.25,8654.75,8651.0,8651.0,12:20:00,8657.566596516666,4,39
2015-04-17,8650.1,8653.35,8648.7,8653.35,12:25:00,8656.855492086508,4,40
2015-04-17,8646.4,8648.45,8645.35,8647.75,12:30:00,8655.859730935412,4,41
2015-04-17,8653.9,8653.9,8646.55,8646.55,12:35:00,8655.673089893944,4,42
2015-04-17,8660.65,8660.65,8656.65,8656.65,12:40:00,8656.147081332616,4,43
2015-04-17,8653.05,8662.25,8653.05,8662.25,12:45:00,8655.8521212057,4,44
2015-04-17,8650.8,8653.15,8650.8,8653.15,12:50:00,8655.370966805156,4,45
2015-04-17,8653.1,8655.45,8651.75,8653.1,12:55:00,8655.154684252284,4,46
2015-04-17,8652.7,8652.85,8650.3,8652.1,13:00:00,8654.920904799686,4,47
2015-04-17,8641.75,8650.6,8641.75,8650.6,13:05:00,8653.666532914001,4,48
2015-04-17,8636.9,8641.95,8636.9,8640.4,13:10:00,8652.069720255524,4,49
2015-04-17,8647.85,8647.85,8639.9,8640.45,13:15:00,8651.66784213595,4,50
2015-04-17,8644.5,8649.65,8642.7,8647.05,13:20:00,8650.985190503954,4,51
2015-04-17,8641.35,8646.85,8641.35,8641.4,13:25:00,8650.067553313102,4,52
2015-04-17,8647.25,8650.25,8642.15,8642.15,13:30:00,8649.79921490233,4,53
2015-04-17,8643.6,8645.9,8643.25,8645.05,13:35:00,8649.208813483061,4,54
2015-04-17,8639.8,8641.55,8639.2,8641.1,13:40:00,8648.312736008484,4,55
2015-04-17,8645.9,8648.05,8637.75,8638.95,13:45:00,8648.082951626724,4,56
2015-04-17,8649.85,8652.0,8647.7,8647.7,13:50:00,8648.251241947988,4,57
2015-04-17,8647.4,8648.65,8645.2,8648.65,13:55:00,8648.170171286274,4,58
2015-04-17,8652.45,8652.45,8645.65,8645.65,14:00:00,8648.577774020914,4,59
2015-04-17,8631.45,8649.7,8631.45,8649.7,14:05:00,8646.946557447494,4,60
2015-04-17,8641.2,8641.2,8630.7,8632.9,14:10:00,8646.399266262019,4,61
2015-04-17,8641.5,8644.45,8638.15,8638.15,14:15:00,8645.93266947516,4,62
2015-04-17,8647.55,8647.55,8639.25,8641.45,14:20:00,8646.086700953716,4,63
2015-04-17,8642.9,8649.85,8641.4,8646.4,14:25:00,8645.78320562479,4,64
2015-04-17,8648.75,8648.75,8644.65,8645.25,14:30:00,8646.065757470049,4,65
2015-04-17,8635.4,8647.15,8635.4,8647.15,14:35:00,8645.04997104433,4,66
2015-04-17,8632.65,8639.35,8632.65,8633.2,14:40:00,8643.86902142106,4,67
2015-04-17,8634.6,8634.6,8629.5,8629.5,14:45:00,8642.986257476197,4,68
2015-04-17,8631.0,8635.4,8628.25,8633.15,14:50:00,8641.84470914513,4,69
2015-04-17,8622.45,8635.05,8622.45,8631.65,14:55:00,8639.997593988452,4,70
2015-04-17,8615.05,8617.45,8604.4,8617.45,15:00:00,8637.621632656217,4,71
2015-04-17,8616.45,8616.45,8607.65,8613.2,15:05:00,8635.605286688959,4,72
2015-04-17,8603.35,8612.6,8603.35,8612.6,15:10:00,8632.533354623343,4,73
2015-04-17,8601.55,8602.25,8597.65,8600.65,15:15:00,8629.58255894493,4,74
2015-04-17,8603.25,8605.75,8603.0,8605.45,15:20:00,8627.07469618827,4,75
2015-04-17,8603.5,8603.9,8603.05,8603.85,15:25:00,8624.829487027484,4,76
2015-04-20,8618.8,8618.8,8618.8,8618.8,09:10:00,8624.255250167724,0,1
2015-04-20,8579.85,8615.4,8572.6,8615.4,09:15:00,8620.02617872318,0,2
2015-04-20,8584.55,8584.55,8569.05,8575.8,09:20:00,8616.647495035259,0,3
2015-04-20,8589.6,8596.35,8587.45,8594.65,09:25:00,8614.071543127138,0,4
2015-04-20,8578.8,8587.6,8578.8,8586.4,09:30:00,8610.712348543602,0,5
2015-04-20,8575.4,8578.5,8571.4,8571.4,09:35:00,8607.349267729925,0,6
2015-04-20,8576.05,8579.35,8573.9,8575.95,09:40:00,8604.368385088981,0,7
2015-04-20,8571.2,8573.15,8571.2,8573.15,09:45:00,8601.209491270982,0,8
2015-04-20,8568.3,8568.3,8562.9,8563.85,09:50:00,8598.075254007079,0,9
2015-04-20,8564.2,8565.55,8560.85,8565.55,09:55:00,8594.849039339739,0,10
2015-04-20,8562.95,8563.4,8558.65,8563.4,10:00:00,8591.811035593097,0,11
2015-04-20,8552.4,8563.05,8552.4,8563.05,10:05:00,8588.057603631849,0,12
2015-04-20,8556.0,8558.85,8549.35,8549.35,10:10:00,8585.004498524053,0,13
2015-04-20,8554.1,8557.15,8552.4,8557.15,10:15:00,8582.061212950333,0,14
2015-04-20,8550.1,8551.8,8548.25,8551.8,10:20:00,8579.017287907443,0,15
2015-04-20,8560.75,8560.75,8552.9,8552.9,10:25:00,8577.277546201973,0,16
2015-04-20,8561.4,8563.2,8561.4,8562.15,10:30:00,8575.76539894464,0,17
2015-04-20,8557.15,8558.2,8552.9,8558.2,10:35:00,8573.992503807056,0,18
2015-04-20,8548.9,8556.6,8548.9,8554.95,10:40:00,8571.602741539717,0,19
2015-04-20,8542.3,8545.4,8542.3,8544.25,10:45:00,8568.81200425022,0,20
2015-04-20,8545.85,8548.85,8545.5,8545.5,10:50:00,8566.62514670258,0,21
2015-04-20,8543.15,8545.55,8543.1,8545.5,10:55:00,8564.389418445191,0,22
2015-04-20,8539.4,8543.1,8538.7,8543.1,11:00:00,8562.009473831364,0,23
2015-04-20,8547.7,8547.7,8538.7,8538.7,11:05:00,8560.646666799807,0,24
2015-04-20,8535.45,8547.95,8535.45,8547.95,11:10:00,8558.246984247444,0,25
2015-04-20,8535.15,8536.0,8531.1,8531.1,11:15:00,8556.047271461972,0,26
2015-04-20,8536.2,8536.2,8531.1,8534.3,11:20:00,8554.15705513226,0,27
2015-04-20,8536.9,8539.05,8536.9,8539.05,11:25:00,8552.513526072045,0,28
2015-04-20,8534.6,8536.65,8534.6,8536.35,11:30:00,8550.807475969947,0,29
2015-04-20,8536.75,8536.75,8534.55,8534.9,11:35:00,8549.468668734713,0,30
2015-04-20,8540.95,8542.35,8536.2,8536.2,11:40:00,8548.657366950454,0,31
2015-04-20,8548.55,8548.55,8540.95,8542.7,11:45:00,8548.647141526602,0,32
2015-04-20,8548.45,8549.0,8546.7,8546.7,11:50:00,8548.628366143117,0,33
2015-04-20,8543.9,8547.75,8543.9,8547.65,11:55:00,8548.17804555806,0,34
2015-04-20,8554.3,8554.3,8544.4,8544.4,12:00:00,8548.761088838244,0,35
2015-04-20,8548.75,8552.8,8548.75,8552.8,12:05:00,8548.760032758411,0,36
2015-04-20,8545.65,8548.55,8545.65,8548.55,12:10:00,8548.463839162372,0,37
2015-04-20,8536.0,8543.8,8536.0,8543.3,12:15:00,8547.276806861195,0,38
2015-04-20,8540.3,8541.3,8537.75,8537.75,12:20:00,8546.61234906489,0,39
2015-04-20,8536.15,8539.1,8536.15,8539.05,12:25:00,8545.615934868234,0,40
2015-04-20,8541.2,8541.5,8537.35,8537.35,12:30:00,8545.195369642688,0,41
2015-04-20,8548.85,8548.85,8544.7,8545.15,12:35:00,8545.543429676718,0,42
2015-04-20,8553.3,8555.4,8549.85,8555.4,12:40:00,8546.282150659888,0,43
2015-04-20,8555.15,8561.8,8554.55,8554.55,12:45:00,8547.126707739899,0,44
2015-04-20,8549.9,8556.25,8549.9,8556.25,12:50:00,8547.39083081229,0,45
2015-04-20,8552.15,8552.15,8546.45,8548.9,12:55:00,8547.844085020643,0,46
2015-04-20,8543.85,8549.5,8543.85,8548.95,13:00:00,8547.463695971057,0,47
2015-04-20,8539.25,8540.85,8539.25,8540.0,13:05:00,8546.681439211909,0,48
2015-04-20,8529.75,8539.1,8529.75,8539.1,13:10:00,8545.068921191727,0,49
2015-04-20,8522.2,8527.15,8522.2,8524.25,13:15:00,8542.890928697278,0,50
2015-04-20,8524.6,8527.45,8521.15,8521.15,13:20:00,8541.148935488012,0,51
2015-04-20,8523.5,8526.1,8523.45,8525.9,13:25:00,8539.468084489154,0,52
2015-04-20,8531.75,8533.05,8526.0,8526.0,13:30:00,8538.733028823519,0,53
2015-04-20,8531.75,8533.75,8530.85,8532.8,13:35:00,8538.067978459374,0,54
2015-04-20,8525.8,8528.65,8522.95,8528.65,13:40:00,8536.899599558481,0,55
2015-04-20,8516.95,8522.3,8516.95,8522.3,13:45:00,8534.99963769577,0,56
2015-04-20,8517.55,8519.75,8511.0,8511.0,13:50:00,8533.337767439029,0,57
2015-04-20,8514.65,8520.15,8514.65,8520.15,13:55:00,8531.557980063882,0,58
2015-04-20,8506.95,8513.5,8506.95,8513.5,14:00:00,8529.214362914941,0,59
2015-04-20,8504.2,8509.05,8504.2,8508.85,14:05:00,8526.832042637328,0,60
2015-04-20,8495.35,8502.75,8495.35,8497.55,14:10:00,8523.833752862345,0,61
2015-04-20,8481.75,8494.9,8481.75,8494.85,14:15:00,8519.825776399264,0,62
2015-04-20,8486.05,8486.05,8483.4,8485.9,14:20:00,8516.60903578981,0,63
2015-04-20,8488.4,8489.3,8484.95,8489.3,14:25:00,8513.922460952685,0,64
2015-04-20,8476.25,8476.25,8467.4,8474.75,14:30:00,8510.334607528619,0,65
2015-04-20,8459.9,8472.9,8459.9,8472.9,14:35:00,8505.531311573513,0,66
2015-04-20,8429.8,8461.45,8429.8,8461.45,14:40:00,8498.31880570937,0,67
2015-04-20,8434.95,8439.9,8425.7,8425.7,14:45:00,8492.283681356097,0,68
2015-04-20,8447.05,8447.05,8434.85,8434.85,14:50:00,8487.975711703135,0,69
2015-04-20,8451.0,8451.4,8446.0,8446.0,14:55:00,8484.454215350455,0,70
2015-04-20,8440.4,8453.45,8437.75,8453.45,15:00:00,8480.258575793268,0,71
2015-04-20,8447.3,8453.75,8446.2,8446.2,15:05:00,8477.119663812957,0,72
2015-04-20,8457.8,8457.8,8448.3,8448.3,15:10:00,8475.27969583077,0,73
2015-04-20,8444.8,8453.3,8444.8,8453.3,15:15:00,8472.37686765641,0,74
2015-04-20,8451.25,8451.65,8450.55,8450.8,15:20:00,8470.364785022466,0,75
2015-04-20,8442.65,8450.45,8442.65,8450.45,15:25:00,8467.725281686993,0,76
2015-04-21,8416.1,8416.1,8416.1,8416.1,09:10:00,8462.808588192995,1,1
2015-04-21,8408.9,8421.55,8408.6,8416.1,09:15:00,8457.674436936519,1,2
2015-04-21,8445.4,8445.4,8420.75,8420.75,09:20:00,8456.505442942565,1,3
2015-04-21,8458.4,8458.4,8452.05,8458.15,09:25:00,8456.685876948035,1,4
2015-04-21,8454.55,8468.3,8452.95,8464.2,09:30:00,8456.482460095842,1,5
2015-04-21,8434.25,8451.3,8431.75,8451.3,09:35:00,8454.365082943857,1,6
2015-04-21,8425.7,8436.3,8425.7,8436.3,09:40:00,8451.635075044444,1,7
2015-04-21,8429.4,8431.45,8426.4,8431.45,09:45:00,8449.517448849734,1,8
2015-04-21,8431.65,8436.55,8431.65,8436.55,09:50:00,8447.815787054522,1,9
2015-04-21,8418.15,8436.0,8418.15,8436.0,09:55:00,8444.99047400171,1,10
2015-04-21,8413.6,8424.25,8412.7,8424.25,10:00:00,8442.000905049166,1,11
2015-04-21,8404.6,8404.6,8399.55,8404.35,10:05:00,8438.438914092103,1,12
2015-04-21,8415.0,8415.0,8401.2,8401.85,10:10:00,8436.206636559522,1,13
2015-04-21,8413.5,8423.4,8413.5,8419.85,10:15:00,8434.04409974433,1,14
2015-04-21,8411.15,8417.75,8411.15,8414.5,10:20:00,8431.863709292487,1,15
2015-04-21,8387.0,8401.05,8385.35,8401.05,10:25:00,8427.590975074156,1,16
2015-04-21,8390.75,8394.1,8389.3,8391.9,10:30:00,8424.08231078138,1,17
2015-04-21,8406.45,8406.45,8395.8,8395.8,10:35:00,8422.403043087914,1,18
2015-04-21,8412.3,8412.3,8403.95,8404.1,10:40:00,8421.440848508113,1,19
2015-04-21,8413.85,8416.9,8412.2,8416.9,10:45:00,8420.71791055496,1,20
2015-04-21,8420.55,8423.8,8418.5,8419.05,10:50:00,8420.701919073535,1,21
2015-04-21,8413.75,8420.9,8413.75,8420.9,10:55:00,8420.039831542723,1,22
2015-04-21,8427.25,8427.25,8414.1,8414.1,11:00:00,8420.72651425294,1,23
2015-04-21,8439.3,8439.3,8422.25,8424.1,11:05:00,8422.495417657421,1,24
2015-04-21,8435.65,8444.9,8435.65,8444.9,11:10:00,8423.74823502338,1,25
2015-04-21,8423.95,8434.4,8423.95,8428.55,11:15:00,8423.767450735439,1,26
2015-04-21,8433.85,8433.85,8426.9,8426.9,11:20:00,8424.72769352254,1,27
2015-04-21,8438.0,8441.4,8437.2,8437.2,11:25:00,8425.991722710869,1,28
2015-04-21,8446.05,8446.55,8440.6,8440.6,11:30:00,8427.902034833643,1,29
2015-04-21,8447.2,8459.2,8447.2,8449.4,11:35:00,8429.73993627806,1,30
2015-04-21,8447.3,8447.3,8442.6,8442.6,11:40:00,8431.412323299197,1,31
2015-04-21,8436.0,8442.3,8436.0,8440.7,11:45:00,8431.849244889749,1,32
2015-04-21,8442.3,8442.7,8438.45,8439.75,11:50:00,8432.844554900248,1,33
2015-04-21,8446.45,8448.2,8442.2,8442.2,11:55:00,8434.140311576415,1,34
2015-04-21,8444.65,8449.55,8444.65,8449.05,12:00:00,8435.141234283423,1,35
2015-04-21,8437.5,8445.05,8437.5,8445.05,12:05:00,8435.365878637384,1,36
2015-04-21,8427.35,8436.15,8427.35,8435.0,12:10:00,8434.6024616243,1,37
2015-04-21,8427.1,8427.1,8418.9,8422.8,12:15:00,8433.887941469604,1,38
2015-04-21,8426.6,8426.6,8421.2,8423.95,12:20:00,8433.193851805832,1,39
2015-04-21,8431.15,8432.95,8425.6,8425.6,12:25:00,8432.999199252896,1,40
2015-04-21,8430.3,8430.3,8426.7,8428.7,12:30:00,8432.742132657382,1,41
2015-04-21,8440.7,8440.7,8429.65,8436.7,12:35:00,8433.500024785251,1,42
2015-04-21,8440.3,8442.7,8434.1,8434.1,12:40:00,8434.147641472371,1,43
2015-04-21,8445.25,8445.25,8440.7,8440.7,12:45:00,8435.205008951192,1,44
2015-04-21,8451.75,8462.35,8451.75,8460.35,12:50:00,8436.780722384412,1,45
2015-04-21,8453.05,8458.45,8453.05,8458.45,12:55:00,8438.33017739542,1,46
2015-04-21,8442.85,8446.85,8442.85,8446.85,13:00:00,8438.760636691095,1,47
2015-04-21,8447.0,8447.0,8444.15,8444.15,13:05:00,8439.545337958609,1,48
2015-04-21,8458.85,8458.85,8449.9,8450.65,13:10:00,8441.383877200646,1,49
2015-04-21,8443.1,8456.85,8443.1,8456.55,13:15:00,8441.547317467252,1,50
2015-04-21,8448.1,8448.1,8436.35,8437.9,13:20:00,8442.171382470371,1,51
2015-04-21,8440.95,8442.55,8435.4,8442.55,13:25:00,8442.055060330336,1,52
2015-04-21,8443.35,8447.85,8443.35,8446.45,13:30:00,8442.178387917924,1,53
2015-04-21,8437.95,8439.35,8432.9,8437.7,13:35:00,8441.775684306693,1,54
2015-04-21,8425.9,8437.35,8425.9,8437.35,13:40:00,8440.263714372722,1,55
2015-04-21,8427.6,8427.6,8422.15,8422.15,13:45:00,8439.057646337225,1,56
2015-04-21,8431.85,8433.9,8430.5,8431.25,13:50:00,8438.371203828918,1,57
2015-04-21,8438.05,8444.2,8434.9,8434.9,13:55:00,8438.340612988068,1,58
2015-04-21,8432.05,8436.6,8432.05,8436.6,14:00:00,8437.741506989203,1,59
2015-04-21,8426.5,8432.0,8426.25,8431.55,14:05:00,8436.670887275946,1,60
2015-04-21,8429.1,8430.15,8427.0,8430.15,14:10:00,8435.949850392522,1,61
2015-04-21,8437.55,8437.55,8431.05,8431.05,14:15:00,8436.102245593234,1,62
2015-04-21,8437.25,8439.7,8437.25,8439.7,14:20:00,8436.211555536736,1,63
2015-04-21,8433.85,8436.15,8428.0,8436.0,14:25:00,8435.986645485618,1,64
2015-04-21,8420.25,8434.85,8420.25,8431.6,14:30:00,8434.487917344131,1,65
2015-04-21,8420.75,8424.25,8410.45,8415.45,14:35:00,8433.179544263738,1,66
2015-04-21,8416.3,8425.1,8416.3,8425.1,14:40:00,8431.571968619572,1,67
2015-04-21,8391.05,8413.1,8391.05,8409.7,14:45:00,8427.712733512946,1,68
2015-04-21,8402.2,8402.2,8389.0,8389.0,14:50:00,8425.282949368857,1,69
2015-04-21,8383.1,8403.2,8383.1,8403.2,14:55:00,8421.265525619443,1,70
2015-04-21,8379.65,8390.7,8379.65,8390.7,15:00:00,8417.302142227114,1,71
2015-04-21,8367.55,8379.1,8363.95,8379.1,15:05:00,8412.563842967389,1,72
2015-04-21,8366.1,8366.1,8353.55,8364.35,15:10:00,8408.138715065734,1,73
2015-04-21,8378.35,8378.35,8369.05,8369.05,15:15:00,8405.301694583282,1,74
2015-04-21,8388.9,8388.9,8380.85,8380.85,15:20:00,8403.739628432493,1,75
2015-04-21,8395.4,8395.4,8389.65,8389.65,15:25:00,8402.945378105589,1,76
2015-04-22,8400.4,8400.4,8400.4,8400.4,09:10:00,8402.702961143152,2,1
2015-04-22,8406.4,8406.7,8387.05,8400.4,09:15:00,8403.055060081899,2,2
2015-04-22,8420.6,8421.0,8409.5,8415.4,09:20:00,8404.726006740766,2,3
2015-04-22,8408.6,8415.75,8408.6,8414.6,09:25:00,8405.094958479742,2,4
2015-04-22,8391.25,8406.9,8391.25,8406.9,09:30:00,8403.77639100548,2,5
2015-04-22,8398.45,8402.3,8395.95,8395.95,09:35:00,8403.269115671625,2,6
2015-04-22,8393.1,8403.15,8393.1,8403.15,09:40:00,8402.300628464804,2,7
2015-04-22,8395.65,8395.65,8386.45,8387.7,09:45:00,8401.66723527768,2,8
2015-04-22,8402.45,8402.45,8396.5,8396.9,09:50:00,8401.741784298854,2,9
2015-04-22,8402.5,8406.0,8402.5,8403.1,09:55:00,8401.81399531801,2,10
2015-04-22,8397.35,8403.45,8397.35,8403.45,10:00:00,8401.388852906772,2,11
2015-04-22,8400.3,8404.65,8396.95,8396.95,10:05:00,8401.285152629936,2,12
2015-04-22,8390.05,8399.35,8390.05,8399.35,10:10:00,8400.215138093752,2,13
2015-04-22,8383.85,8394.15,8383.85,8392.65,10:15:00,8398.656553513394,2,14
2015-04-22,8391.45,8391.45,8385.65,8385.65,10:20:00,8397.970215083547,2,15
2015-04-22,8388.0,8392.35,8388.0,8388.9,10:25:00,8397.020670789876,2,16
2015-04-22,8391.65,8391.65,8388.45,8390.95,10:30:00,8396.509178333697,2,17
2015-04-22,8381.85,8384.55,8377.8,8384.55,10:35:00,8395.11306611144,2,18
2015-04-22,8370.45,8379.4,8370.45,8379.4,10:40:00,8392.764202672255,2,19
2015-04-22,8376.85,8376.85,8373.6,8373.6,10:45:00,8391.248564322517,2,20
2015-04-22,8387.05,8387.05,8378.2,8378.2,10:50:00,8390.848701053706,2,21
2015-04-22,8392.7,8397.8,8390.5,8392.45,10:55:00,8391.025015239067,2,22
2015-04-22,8397.35,8400.3,8396.85,8399.4,11:00:00,8391.62739474011,2,23
2015-04-22,8394.6,8396.95,8393.95,8396.1,11:05:00,8391.910500002956,2,24
2015-04-22,8397.65,8397.65,8394.45,8395.0,11:10:00,8392.457119050294,2,25
2015-04-22,8394.25,8395.75,8393.45,8395.75,11:15:00,8392.627869616932,2,26
2015-04-22,8396.6,8396.6,8394.65,8394.65,11:20:00,8393.006167748652,2,27
2015-04-22,8402.15,8404.85,8402.15,8403.35,11:25:00,8393.877008915448,2,28
2015-04-22,8395.4,8403.25,8395.4,8403.25,11:30:00,8394.022055685406,2,29
2015-04-22,8390.75,8395.7,8390.75,8395.7,11:35:00,8393.710431334413,2,30
2015-04-22,8388.6,8390.95,8388.6,8390.1,11:40:00,8393.223723588279,2,31
2015-04-22,8397.1,8397.1,8390.85,8390.85,11:45:00,8393.592892770348,2,32
2015-04-22,8398.3,8399.45,8397.45,8397.75,11:50:00,8394.041188696981,2,33
2015-04-22,8396.75,8397.35,8394.7,8397.35,11:55:00,8394.29917072584,2,34
2015-04-22,8393.8,8398.1,8393.8,8397.35,12:00:00,8394.251630656712,2,35
2015-04-22,8391.85,8393.5,8389.35,8393.5,12:05:00,8394.022903927502,2,36
2015-04-22,8389.2,8392.0,8389.2,8390.5,12:10:00,8393.56357974393,2,37
2015-04-22,8392.15,8394.75,8388.65,8388.65,12:15:00,8393.428953101651,2,38
2015-04-22,8392.05,8393.55,8392.05,8393.2,12:20:00,8393.297624234827,2,39
2015-04-22,8390.65,8395.5,8390.65,8395.5,12:25:00,8393.045469545796,2,40
2015-04-22,8388.6,8394.3,8388.45,8394.3,12:30:00,8392.622091493815,2,41
2015-04-22,8392.55,8393.35,8391.1,8391.1,12:35:00,8392.61522563726,2,42
2015-04-22,8391.1,8392.85,8389.85,8392.85,12:40:00,8392.470918433712,2,43
2015-04-22,8389.3,8389.65,8388.0,8389.65,12:45:00,8392.16892620193,2,44
2015-04-22,8377.6,8388.15,8377.05,8388.15,12:50:00,8390.781409420793,2,45
2015-04-22,8365.4,8378.25,8365.4,8378.25,12:55:00,8388.3641323331,2,46
2015-04-22,8375.15,8375.55,8365.6,8365.6,13:00:00,8387.105643539471,2,47
2015-04-22,8369.35,8372.4,8369.35,8372.15,13:05:00,8385.414629869045,2,48
2015-04-22,8366.2,8369.05,8364.85,8364.85,13:10:00,8383.584665119612,2,49
2015-04-22,8365.65,8367.95,8361.65,8367.95,13:15:00,8381.876601774886,2,50
2015-04-22,8355.95,8365.45,8354.6,8365.45,13:20:00,8379.40740160585,2,51
2015-04-22,8358.95,8359.1,8356.15,8357.4,13:25:00,8377.459077643387,2,52
2015-04-22,8335.05,8361.1,8335.05,8361.1,13:30:00,8373.420117867827,2,53
2015-04-22,8333.9,8340.75,8333.9,8338.1,13:35:00,8369.65629711851,2,54
2015-04-22,8325.0,8337.65,8324.3,8337.65,13:40:00,8365.403316440557,2,55
2015-04-22,8311.45,8329.3,8311.45,8329.3,13:45:00,8360.264905350981,2,56
2015-04-22,8297.75,8309.25,8295.35,8309.25,13:50:00,8354.311104841365,2,57
2015-04-22,8303.65,8307.95,8293.95,8293.95,13:55:00,8349.486237713616,2,58
2015-04-22,8300.8,8304.35,8292.7,8304.35,14:00:00,8344.849453169461,2,59
2015-04-22,8310.3,8310.3,8301.9,8302.25,14:05:00,8341.559029058084,2,60
2015-04-22,8311.8,8316.6,8304.8,8311.4,14:10:00,8338.724835814457,2,61
2015-04-22,8303.05,8309.45,8303.05,8309.45,14:15:00,8335.327232403557,2,62
2015-04-22,8316.15,8316.15,8300.4,8304.3,14:20:00,8333.500829317505,2,63
2015-04-22,8318.35,8318.35,8314.8,8317.1,14:25:00,8332.057893192028,2,64
2015-04-22,8337.2,8337.2,8321.65,8321.65,14:30:00,8332.54761764993,2,65
2015-04-22,8347.0,8369.05,8347.0,8353.85,14:35:00,8333.924035016604,2,66
2015-04-22,8383.3,8395.9,8360.3,8360.3,14:40:00,8338.626507872164,2,67
2015-04-22,8390.15,8401.65,8379.0,8381.8,14:45:00,8343.533507122434,2,68
2015-04-22,8395.3,8405.55,8395.3,8400.0,14:50:00,8348.46364930125,2,69
2015-04-22,8379.95,8396.05,8372.55,8392.25,14:55:00,8351.462349367797,2,70
2015-04-22,8400.5,8400.5,8386.75,8389.75,15:00:00,8356.132601808958,2,71
2015-04-22,8429.55,8430.05,8411.25,8411.25,15:05:00,8363.12473497001,2,72
2015-04-22,8434.4,8435.1,8422.0,8435.1,15:10:00,8369.912855449056,2,73
2015-04-22,8436.8,8447.8,8436.8,8440.6,15:15:00,8376.283059692003,2,74
2015-04-22,8432.3,8436.3,8431.8,8431.8,15:20:00,8381.618006388004,2,75
2015-04-22,8432.6,8435.1,8430.1,8435.1,15:25:00,8386.473434351052,2,76
2015-04-23,8478.2,8478.2,8478.2,8478.2,09:10:00,8395.20929774619,3,1
2015-04-23,8465.05,8478.35,8465.05,8478.2,09:15:00,8401.860793198935,3,2
2015-04-23,8457.0,8462.9,8451.5,8460.8,09:20:00,8407.112146227608,3,3
2015-04-23,8471.95,8471.95,8461.25,8461.25,09:25:00,8413.287179920217,3,4
2015-04-23,8479.1,8482.8,8471.85,8471.85,09:30:00,8419.555067546862,3,5
2015-04-23,8476.25,8477.85,8473.05,8477.45,09:35:00,8424.954584923351,3,6
2015-04-23,8485.95,8485.95,8477.6,8477.6,09:40:00,8430.763672073508,3,7
2015-04-23,8494.2,8495.95,8486.85,8486.85,09:45:00,8436.805227114126,3,8
2015-04-23,8492.95,8497.85,8492.95,8493.0,09:50:00,8442.152348341351,3,9
2015-04-23,8496.2,8503.45,8496.2,8496.25,09:55:00,8447.299743737412,3,10
2015-04-23,8491.55,8498.25,8491.55,8494.05,10:00:00,8451.51405385766,3,11
2015-04-23,8491.2,8496.1,8491.2,8496.1,10:05:00,8455.293667775979,3,12
2015-04-23,8489.6,8493.05,8489.45,8493.05,10:10:00,8458.5609375116,3,13
2015-04-23,8482.5,8486.9,8482.5,8486.9,10:15:00,8460.840848224781,3,14
2015-04-23,8492.8,8493.85,8483.6,8483.6,10:20:00,8463.884576965278,3,15
2015-04-23,8485.95,8491.05,8485.3,8491.05,10:25:00,8465.986045825728,3,16
2015-04-23,8460.05,8486.75,8460.05,8486.75,10:30:00,8465.42070812804,3,17
2015-04-23,8451.0,8452.85,8440.8,8445.75,10:35:00,8464.047307353942,3,18
2015-04-23,8431.8,8444.95,8428.0,8441.9,10:40:00,8460.976135224995,3,19
2015-04-23,8433.9,8439.7,8433.9,8437.7,10:45:00,8458.397455679757,3,20
2015-04-23,8415.2,8436.4,8415.2,8435.15,10:50:00,8454.283412281686,3,21
2015-04-23,8412.6,8412.6,8401.05,8407.95,10:55:00,8450.313563492955,3,22
2015-04-23,8427.65,8427.65,8413.3,8413.3,11:00:00,8448.15512887458,3,23
2015-04-23,8429.55,8434.85,8425.0,8425.0,11:05:00,8446.383211838905,3,24
2015-04-23,8418.5,8432.35,8418.5,8431.65,11:10:00,8443.727667854248,3,25
2015-04-23,8417.65,8422.55,8416.25,8418.6,11:15:00,8441.244080439557,3,26
2015-04-23,8420.15,8423.95,8419.3,8419.3,11:20:00,8439.235120397694,3,27
2015-04-23,8408.25,8419.5,8408.25,8419.5,11:25:00,8436.284156550295,3,28
2015-04-23,8399.05,8410.85,8397.35,8408.25,11:30:00,8432.738046402648,3,29
2015-04-23,8405.7,8405.7,8398.25,8398.25,11:35:00,8430.1629943643,3,30
2015-04-23,8412.5,8412.75,8406.95,8406.95,11:40:00,8428.480804424842,3,31
2015-04-23,8412.5,8416.25,8410.5,8413.25,11:45:00,8426.958823051047,3,32
2015-04-23,8414.2,8414.2,8408.2,8413.25,11:50:00,8425.743697046186,3,33
2015-04-23,8416.35,8419.1,8414.95,8419.1,11:55:00,8424.849059232263,3,34
2015-04-23,8425.15,8428.65,8413.25,8413.25,12:00:00,8424.877720257762,3,35
2015-04-23,8422.65,8427.1,8422.55,8427.1,12:05:00,8424.66555642369,3,36
2015-04-23,8414.3,8418.35,8414.3,8418.35,12:10:00,8423.678360573815,3,37
2015-04-23,8414.2,8414.2,8408.35,8411.2,12:15:00,8422.775659566785,3,38
2015-04-23,8402.4,8412.4,8402.4,8411.25,12:20:00,8420.835120560425,3,39
2015-04-23,8401.3,8405.9,8398.45,8402.1,12:25:00,8418.974632888003,3,40
2015-04-23,8404.4,8408.5,8397.25,8397.25,12:30:00,8417.586572612954,3,41
2015-04-23,8398.75,8405.75,8398.75,8404.05,12:35:00,8415.792613316482,3,42
2015-04-23,8386.8,8400.15,8386.8,8397.85,12:40:00,8413.031412048245,3,43
2015-04-23,8389.85,8389.85,8386.2,8386.3,12:45:00,8410.823658519841,3,44
2015-04-23,8394.05,8397.05,8393.95,8393.95,12:50:00,8409.226167232237,3,45
2015-04-23,8389.4,8395.5,8389.4,8395.5,12:55:00,8407.337960829165,3,46
2015-04-23,8395.15,8395.15,8384.95,8391.4,13:00:00,8406.177202654959,3,47
2015-04-23,8390.85,8394.7,8388.3,8394.7,13:05:00,8404.717469068772,3,48
2015-04-23,8378.9,8385.35,8378.9,8384.0,13:10:00,8402.258662490793,3,49
2015-04-23,8377.55,8377.55,8372.7,8373.95,13:15:00,8399.905456539289,3,50
2015-04-23,8385.85,8385.85,8378.7,8378.7,13:20:00,8398.566841630785,3,51
2015-04-23,8386.25,8390.25,8385.05,8387.6,13:25:00,8397.39380909452,3,52
2015-04-23,8366.85,8388.5,8366.85,8388.5,13:30:00,8394.48487489504,3,53
2015-04-23,8376.4,8376.4,8366.85,8370.35,13:35:00,8392.762505857418,3,54
2015-04-23,8388.6,8388.6,8382.0,8382.85,13:40:00,8392.36607672814,3,55
2015-04-23,8400.0,8400.0,8383.45,8385.75,13:45:00,8393.093117039745,3,56
2015-04-23,8409.65,8409.65,8394.5,8398.7,13:50:00,8394.66996303596,3,57
2015-04-23,8403.95,8410.3,8401.65,8408.0,13:55:00,8395.553776080154,3,58
2015-04-23,8390.75,8399.1,8387.1,8399.1,14:00:00,8395.09627359633,3,59
2015-04-23,8385.05,8396.0,8380.65,8396.0,14:05:00,8394.139485634774,3,60
2015-04-23,8392.0,8392.0,8386.95,8386.95,14:10:00,8393.935725098128,3,61
2015-04-23,8403.5,8403.5,8391.85,8392.35,14:15:00,8394.846608422116,3,62
2015-04-23,8418.8,8419.2,8410.05,8411.8,14:20:00,8397.127883810486,3,63
2015-04-23,8436.0,8436.0,8426.15,8428.55,14:25:00,8400.829990114249,3,64
2015-04-23,8424.25,8450.25,8424.25,8447.15,14:30:00,8403.060467246225,3,65
2015-04-23,8415.75,8421.3,8414.6,8421.3,14:35:00,8404.268994175156,3,66
2015-04-23,8395.4,8428.6,8395.4,8428.6,14:40:00,8403.424328063236,3,67
2015-04-23,8391.1,8396.1,8381.85,8381.85,14:45:00,8402.250582533405,3,68
2015-04-23,8392.25,8404.25,8392.25,8403.95,14:50:00,8401.298146101652,3,69
2015-04-23,8407.6,8412.85,8400.9,8402.6,14:55:00,8401.898322663399,3,70
2015-04-23,8406.25,8406.95,8402.25,8402.85,15:00:00,8402.312768124028,3,71
2015-04-23,8403.25,8405.55,8397.8,8404.6,15:05:00,8402.402028302691,3,72
2015-04-23,8401.4,8405.65,8400.35,8404.65,15:10:00,8402.306597035767,3,73
2015-04-23,8395.3,8401.65,8391.7,8401.65,15:15:00,8401.63930207998,3,74
2015-04-23,8395.45,8397.2,8394.9,8395.4,15:20:00,8401.049844739031,3,75
2015-04-23,8387.75,8394.2,8386.9,8394.2,15:25:00,8399.783192859124,3,76
2015-04-24,8405.7,8405.7,8405.7,8405.7,09:10:00,8400.346698301111,4,1
2015-04-24,8372.6,8405.7,8372.6,8405.7,09:15:00,8397.704155605768,4,2
2015-04-24,8371.55,8379.05,8371.55,8374.0,09:20:00,8395.213283643314,4,3
2015-04-24,8367.15,8374.4,8365.95,8374.4,09:25:00,8392.540589962999,4,4
2015-04-24,8352.05,8366.15,8349.15,8366.15,09:30:00,8388.684343299856,4,5
2015-04-24,8359.25,8359.25,8344.8,8344.8,09:35:00,8385.881072509394,4,6
2015-04-24,8360.45,8361.25,8354.0,8356.5,09:40:00,8383.459065603736,4,7
2015-04-24,8350.6,8364.3,8350.6,8362.45,09:45:00,8380.329630784332,4,8
2015-04-24,8346.6,8354.4,8343.7,8354.4,09:50:00,8377.117284995347,4,9
2015-04-24,8346.85,8357.05,8346.85,8349.35,09:55:00,8374.234686424363,4,10
2015-04-24,8358.7,8358.7,8352.7,8352.7,10:00:00,8372.755192479186,4,11
2015-04-24,8356.85,8357.5,8355.45,8356.6,10:05:00,8371.240412243073,4,12
2015-04-24,8358.6,8358.6,8352.45,8357.4,10:10:00,8370.036563458018,4,13
2015-04-24,8357.5,8359.7,8355.2,8358.7,10:15:00,8368.842605033446,4,14
2015-04-24,8354.75,8359.35,8354.75,8356.85,10:20:00,8367.500452173117,4,15
2015-04-24,8355.1,8355.95,8350.2,8354.8,10:25:00,8366.319456728059,4,16
2015-04-24,8354.8,8356.3,8352.65,8356.3,10:30:00,8365.222365611102,4,17
2015-04-24,8343.6,8355.3,8343.6,8355.3,10:35:00,8363.163092695759,4,18
2015-04-24,8335.9,8346.45,8335.9,8343.5,10:40:00,8360.566607677116,4,19
2015-04-24,8338.25,8338.25,8334.55,8334.55,10:45:00,8358.441216469771,4,20
2015-04-24,8345.05,8345.05,8337.75,8337.75,10:50:00,8357.165862520269,4,21
2015-04-24,8342.3,8345.95,8342.3,8344.55,10:55:00,8355.750066089768,4,22
2015-04-24,8345.05,8347.05,8343.85,8343.85,11:00:00,8354.731012176457,4,23
2015-04-24,8334.8,8343.35,8334.8,8343.35,11:05:00,8352.832820540603,4,24
2015-04-24,8331.65,8333.45,8324.5,8333.45,11:10:00,8350.815409060546,4,25
2015-04-24,8330.15,8332.15,8330.15,8332.15,11:15:00,8348.847274864303,4,26
2015-04-24,8324.05,8330.0,8321.7,8330.0,11:20:00,8346.485629639132,4,27
2015-04-24,8328.55,8328.55,8324.25,8326.45,11:25:00,8344.777474435405,4,28
2015-04-24,8333.9,8334.3,8331.05,8331.05,11:30:00,8343.741524489176,4,29
2015-04-24,8339.4,8341.0,8335.5,8339.05,11:35:00,8343.328045966398,4,30
2015-04-24,8339.75,8341.6,8337.2,8337.2,11:40:00,8342.987279683884,4,31
2015-04-24,8340.75,8343.35,8339.2,8339.2,11:45:00,8342.774205428277,4,32
2015-04-24,8343.8,8343.8,8339.35,8341.3,11:50:00,8342.871900149394,4,33
2015-04-24,8347.25,8347.25,8340.45,8340.45,11:55:00,8343.288862039928,4,34
2015-04-24,8357.2,8357.2,8347.5,8351.1,12:00:00,8344.613732321839,4,35
2015-04-24,8351.75,8361.1,8351.75,8357.55,12:05:00,8345.293376862617,4,36
2015-04-24,8354.1,8355.4,8349.8,8353.25,12:10:00,8346.132102875701,4,37
2015-04-24,8348.25,8349.85,8344.7,8349.85,12:15:00,8346.33380736373,4,38
2015-04-24,8343.95,8345.7,8342.15,8345.05,12:20:00,8346.106778090994,4,39
2015-04-24,8355.8,8355.8,8345.85,8345.85,12:25:00,8347.029942082328,4,40
2015-04-24,8355.45,8355.45,8347.95,8347.95,12:30:00,8347.831852360203,4,41
2015-04-24,8358.45,8363.65,8357.55,8357.55,12:35:00,8348.843104516374,4,42
2015-04-24,8352.6,8357.3,8349.65,8357.3,12:40:00,8349.200904086243,4,43
2015-04-24,8354.0,8358.5,8354.0,8354.2,12:45:00,8349.657960839933,4,44
2015-04-24,8360.0,8360.0,8354.0,8354.0,12:50:00,8350.642916950415,4,45
2015-04-24,8360.7,8361.25,8360.0,8360.15,12:55:00,8351.60073438371,4,46
2015-04-24,8356.9,8362.1,8356.9,8361.75,13:00:00,8352.105426347167,4,47
2015-04-24,8351.65,8355.1,8347.6,8355.1,13:05:00,8352.062052409341,4,48
2015-04-24,8343.55,8351.85,8343.55,8351.85,13:10:00,8351.251380751308,4,49
2015-04-24,8346.4,8350.65,8341.2,8341.2,13:15:00,8350.789344489278,4,50
2015-04-24,8349.65,8349.65,8347.9,8348.2,13:20:00,8350.680835490299,4,51
2015-04-24,8341.0,8348.45,8341.0,8347.25,13:25:00,8349.75885115789,4,52
2015-04-24,8339.9,8340.95,8338.25,8340.95,13:30:00,8348.819912952378,4,53
2015-04-24,8341.5,8341.5,8337.05,8337.45,13:35:00,8348.122778385485,4,54
2015-04-24,8342.4,8342.4,8338.95,8340.25,13:40:00,8347.57775187258,4,55
2015-04-24,8341.55,8344.45,8341.55,8342.45,13:45:00,8347.003680265669,4,56
2015-04-24,8337.2,8338.5,8332.05,8338.5,13:50:00,8346.069996430844,4,57
2015-04-24,8336.0,8337.2,8335.85,8336.65,13:55:00,8345.110949151716,4,58
2015-04-24,8337.2,8338.35,8335.8,8335.8,14:00:00,8344.357525422982,4,59
2015-04-24,8349.2,8349.2,8337.5,8337.5,14:05:00,8344.818713477936,4,60
2015-04-24,8343.0,8350.1,8343.0,8349.85,14:10:00,8344.645502670513,4,61
2015-04-24,8324.0,8349.3,8324.0,8346.65,14:15:00,8342.679264320941,4,62
2015-04-24,8347.8,8347.9,8337.0,8344.0,14:20:00,8343.166953433232,4,63
2015-04-24,8337.4,8339.7,8333.75,8333.75,14:25:00,8342.617719772925,4,64
2015-04-24,8321.55,8342.15,8321.55,8338.35,14:30:00,8340.611270270741,4,65
2015-04-24,8326.2,8326.2,8313.7,8316.2,14:35:00,8339.238768340194,4,66
2015-04-24,8302.25,8318.75,8298.0,8318.75,14:40:00,8335.716028498271,4,67
2015-04-24,8305.0,8312.35,8300.1,8312.35,14:45:00,8332.790692450817,4,68
2015-04-24,8303.85,8303.85,8295.65,8295.65,14:50:00,8330.03443602693,4,69
2015-04-24,8295.5,8301.55,8291.35,8301.55,14:55:00,8326.745442119603,4,70
2015-04-24,8277.1,8296.6,8277.1,8296.6,15:00:00,8322.01730477488,4,71
2015-04-24,8280.45,8280.9,8273.8,8280.9,15:05:00,8318.058513843938,4,72
2015-04-24,8298.9,8298.9,8284.0,8284.0,15:10:00,8316.233893477849,4,73
2015-04-24,8324.45,8324.45,8306.1,8306.45,15:15:00,8317.016379813293,4,74
2015-04-24,8321.65,8325.9,8319.75,8325.9,15:20:00,8317.45767697393,4,75
2015-04-24,8323.5,8323.5,8320.7,8320.7,15:25:00,8318.033136309747,4,76
2015-04-27,8330.55,8330.55,8330.55,8330.55,09:10:00,8319.22521856596,0,1
2015-04-27,8307.25,8330.55,8307.25,8330.55,09:15:00,8318.084721559679,0,2
2015-04-27,8300.9,8306.4,8294.1,8302.65,09:20:00,8316.448081411138,0,3
2015-04-27,8299.7,8299.9,8294.2,8294.5,09:25:00,8314.853026038649,0,4
2015-04-27,8294.4,8298.3,8294.4,8298.3,09:30:00,8312.905118796873,0,5
2015-04-27,8283.55,8288.9,8281.55,8288.9,09:35:00,8310.10939319717,0,6
2015-04-27,8292.95,8292.95,8283.0,8283.0,09:40:00,8308.47516527363,0,7
2015-04-27,8288.85,8294.1,8288.75,8293.3,09:45:00,8306.606101914236,0,8
2015-04-27,8284.35,8293.1,8284.35,8293.1,09:50:00,8304.4864731605,0,9
2015-04-27,8270.9,8282.1,8270.9,8282.1,09:55:00,8301.28776143093,0,10
2015-04-27,8278.75,8278.75,8272.35,8272.35,10:00:00,8299.141307961318,0,11
2015-04-27,8273.75,8276.7,8273.25,8273.25,10:05:00,8296.723088155477,0,12
2015-04-27,8254.8,8261.75,8248.05,8261.75,10:10:00,8292.73041309305,0,13
2015-04-27,8250.55,8251.15,8248.5,8248.55,10:15:00,8288.713230893713,0,14
2015-04-27,8244.75,8247.7,8244.75,8247.5,10:20:00,8284.526256522882,0,15
2015-04-27,8261.6,8261.6,8251.4,8251.45,10:25:00,8282.342803520703,0,16
2015-04-27,8254.3,8261.55,8254.3,8261.55,10:30:00,8279.672060328256,0,17
2015-04-27,8244.15,8254.15,8243.4,8254.15,10:35:00,8276.28900696366,0,18
2015-04-27,8228.05,8237.25,8226.85,8235.55,10:40:00,8271.694815824263,0,19
2015-04-27,8231.45,8231.45,8221.65,8227.95,10:45:00,8267.861976221953,0,20
2015-04-27,8236.85,8239.7,8236.75,8236.75,10:50:00,8264.908454677005,0,21
2015-04-27,8231.1,8235.45,8231.1,8235.45,10:55:00,8261.688601850623,0,22
2015-04-27,8240.05,8240.05,8228.45,8231.05,11:00:00,8259.627782626754,0,23
2015-04-27,8241.85,8241.85,8236.95,8239.0,11:05:00,8257.934660471825,0,24
2015-04-27,8242.6,8247.7,8238.8,8243.65,11:10:00,8256.474216617366,0,25
2015-04-27,8269.6,8269.6,8245.0,8245.0,11:15:00,8257.724291225235,0,26
2015-04-27,8260.0,8261.55,8256.8,8261.5,11:20:00,8257.94102539426,0,27
2015-04-27,8256.5,8258.95,8256.3,8258.95,11:25:00,8257.803784880522,0,28
2015-04-27,8263.05,8263.55,8257.15,8257.65,11:30:00,8258.30342441571,0,29
2015-04-27,8279.15,8280.3,8266.6,8266.6,11:35:00,8260.288812566594,0,30
2015-04-27,8268.85,8274.55,8267.65,8274.55,11:40:00,8261.104163750728,0,31
2015-04-27,8269.4,8269.4,8263.5,8266.3,11:45:00,8261.894243393515,0,32
2015-04-27,8271.5,8273.45,8267.35,8268.05,11:50:00,8262.809077356038,0,33
2015-04-27,8264.1,8270.0,8264.1,8270.0,11:55:00,8262.932022369749,0,34
2015-04-27,8261.35,8262.5,8259.6,8262.5,12:00:00,8262.781353572629,0,35
2015-04-27,8260.3,8260.8,8255.95,8260.8,12:05:00,8262.54503418476,0,36
2015-04-27,8260.85,8263.7,8259.15,8261.45,12:10:00,8262.38360235764,0,37
2015-04-27,8259.9,8261.55,8258.15,8261.55,12:15:00,8262.14706879977,0,38
2015-04-27,8255.6,8259.0,8255.6,8259.0,12:20:00,8261.523538437887,0,39
2015-04-27,8247.15,8254.25,8247.15,8254.25,12:25:00,8260.15463001523,0,40
2015-04-27,8253.4,8253.4,8249.15,8250.75,12:30:00,8259.51133191854,0,41
2015-04-27,8255.4,8259.55,8252.9,8252.9,12:35:00,8259.119776497726,0,42
2015-04-27,8259.4,8259.85,8254.2,8254.2,12:40:00,8259.146464450323,0,43
2015-04-27,8253.5,8258.35,8253.35,8253.35,12:45:00,8258.608705931245,0,44
2015-04-27,8253.5,8255.85,8249.55,8249.55,12:50:00,8258.122162509222,0,45
2015-04-27,8246.85,8255.2,8245.55,8255.2,12:55:00,8257.04862322263,0,46
2015-04-27,8249.45,8249.45,8245.15,8248.05,13:00:00,8256.324944820475,0,47
2015-04-27,8263.9,8263.9,8250.65,8250.65,13:05:00,8257.046378647097,0,48
2015-04-27,8260.65,8264.8,8256.0,8264.8,13:10:00,8257.389580680707,0,49
2015-04-27,8258.95,8262.25,8258.2,8262.25,13:15:00,8257.538192044449,0,50
2015-04-27,8253.05,8256.05,8250.75,8256.05,13:20:00,8257.110745183072,0,51
2015-04-27,8253.6,8254.65,8251.0,8252.95,13:25:00,8256.776388498969,0,52
2015-04-27,8248.95,8253.45,8247.05,8253.45,13:30:00,8256.031018165733,0,53
2015-04-27,8241.9,8246.1,8241.5,8246.1,13:35:00,8254.685206911854,0,54
2015-04-27,8251.35,8251.35,8242.7,8242.7,13:40:00,8254.367568158345,0,55
2015-04-27,8252.65,8257.05,8252.65,8255.05,13:45:00,8254.203990238502,0,56
2015-04-27,8249.45,8253.1,8249.45,8253.1,13:50:00,8253.751229263407,0,57
2015-04-27,8248.1,8250.05,8243.75,8250.05,13:55:00,8253.213016952606,0,58
2015-04-27,8236.2,8248.0,8227.65,8248.0,14:00:00,8251.592729623786,0,59
2015-04-27,8243.6,8243.6,8233.05,8233.05,14:05:00,8250.831517278664,0,60
2015-04-27,8244.4,8247.7,8243.65,8243.65,14:10:00,8250.218991823553,0,61
2015-04-27,8246.9,8249.85,8245.15,8249.85,14:15:00,8249.902897364167,0,62
2015-04-27,8227.4,8244.85,8227.4,8239.9,14:20:00,8247.759764281866,0,63
2015-04-27,8222.15,8229.45,8221.3,8223.25,14:25:00,8245.320739112163,0,64
2015-04-27,8229.45,8229.45,8214.95,8222.0,14:30:00,8243.809240149101,0,65
2015-04-27,8229.6,8237.3,8229.6,8237.3,14:35:00,8242.45597918252,0,66
2015-04-27,8235.75,8235.85,8233.25,8235.15,14:40:00,8241.81731449847,0,67
2015-04-27,8232.25,8234.65,8225.55,8234.65,14:45:00,8240.906141689093,0,68
2015-04-27,8229.8,8232.15,8229.05,8230.7,14:50:00,8239.84841390918,0,69
2015-04-27,8218.2,8226.9,8218.2,8225.9,14:55:00,8237.786660203543,0,70
2015-04-27,8215.9,8219.05,8212.55,8217.55,15:00:00,8235.702216374633,0,71
2015-04-27,8213.1,8218.5,8213.1,8218.5,15:05:00,8233.549624338953,0,72
2015-04-27,8219.5,8219.5,8214.0,8214.8,15:10:00,8232.2115648781,0,73
2015-04-27,8215.9,8223.6,8215.9,8222.1,15:15:00,8230.658082508757,0,74
2015-04-27,8211.95,8214.55,8211.4,8211.4,15:20:00,8228.876360365066,0,75
2015-04-27,8206.55,8211.6,8206.55,8211.05,15:25:00,8226.750040330298,0,76
2015-04-28,8215.55,8215.55,8215.55,8215.55,09:10:00,8225.683369822651,1,1
2015-04-28,8205.45,8215.55,8187.85,8215.55,09:15:00,8223.756382220494,1,2
2015-04-28,8225.5,8227.45,8208.9,8208.9,09:20:00,8223.922441056638,1,3
2015-04-28,8215.2,8221.3,8215.2,8216.55,09:25:00,8223.091732384577,1,4
2015-04-28,8225.3,8226.7,8218.55,8218.55,09:30:00,8223.302043586045,1,5
2015-04-28,8219.6,8222.85,8216.25,8222.85,09:35:00,8222.949468006422,1,6
2015-04-28,8226.55,8226.55,8214.15,8214.15,09:40:00,8223.292375815334,1,7
2015-04-28,8229.6,8229.6,8223.0,8223.0,09:45:00,8223.893101928159,1,8
2015-04-28,8233.05,8233.4,8225.2,8225.2,09:50:00,8224.76518745881,1,9
2015-04-28,8238.1,8238.1,8235.0,8235.0,09:55:00,8226.03516960559,1,10
2015-04-28,8256.55,8260.3,8240.5,8240.5,10:00:00,8228.941343928867,1,11
2015-04-28,8253.3,8258.45,8252.0,8252.0,10:05:00,8231.261215935641,1,12
2015-04-28,8242.35,8249.35,8242.35,8249.35,10:10:00,8232.317290608436,1,13
2015-04-28,8244.3,8244.65,8242.6,8242.6,10:15:00,8233.45850102668,1,14
2015-04-28,8257.35,8257.35,8242.65,8242.65,10:20:00,8235.733881881282,1,15
2015-04-28,8254.85,8262.35,8254.85,8262.35,10:25:00,8237.554464559254,1,16
2015-04-28,8256.65,8262.55,8253.75,8260.55,10:30:00,8239.373086982183,1,17
2015-04-28,8255.95,8261.45,8253.05,8261.45,10:35:00,8240.951840602927,1,18
2015-04-28,8253.55,8259.85,8253.55,8259.85,10:40:00,8242.15166530741,1,19
2015-04-28,8240.85,8252.0,8239.9,8252.0,10:45:00,8242.027697182895,1,20
2015-04-28,8237.4,8241.75,8237.35,8241.75,10:50:00,8241.586964117858,1,21
2015-04-28,8235.25,8236.55,8232.05,8236.55,10:55:00,8240.983443725681,1,22
2015-04-28,8243.3,8243.3,8237.65,8237.65,11:00:00,8241.20406813276,1,23
2015-04-28,8245.2,8246.05,8243.05,8246.05,11:05:00,8241.584633072498,1,24
2015-04-28,8250.35,8250.35,8247.1,8247.1,11:10:00,8242.419429922737,1,25
2015-04-28,8245.15,8250.5,8245.15,8250.5,11:15:00,8242.679484215809,1,26
2015-04-28,8243.5,8244.95,8242.0,8244.85,11:20:00,8242.757628576208,1,27
2015-04-28,8236.45,8241.2,8236.45,8239.65,11:25:00,8242.15690204514,1,28
2015-04-28,8234.1,8235.95,8233.8,8234.85,11:30:00,8241.389578040842,1,29
2015-04-28,8235.25,8242.45,8235.25,8238.95,11:35:00,8240.804856322666,1,30
2015-04-28,8232.15,8236.0,8230.5,8235.2,11:40:00,8239.980584291936,1,31
2015-04-28,8226.65,8232.2,8226.65,8232.2,11:45:00,8238.71100483556,1,32
2015-04-28,8212.3,8230.2,8212.3,8228.4,11:50:00,8236.195671041698,1,33
2015-04-28,8217.0,8219.25,8213.15,8213.9,11:55:00,8234.36751189487,1,34
2015-04-28,8197.8,8215.45,8197.8,8215.45,12:00:00,8230.884891714406,1,35
2015-04-28,8206.45,8206.95,8201.5,8202.25,12:05:00,8228.557759170177,1,36
2015-04-28,8211.65,8211.65,8205.6,8206.05,12:10:00,8226.947496392064,1,37
2015-04-28,8213.95,8213.95,8210.45,8210.45,12:15:00,8225.70963959282,1,38
2015-04-28,8221.25,8223.8,8218.45,8218.45,12:20:00,8225.284912012552,1,39
2015-04-28,8217.4,8222.5,8214.5,8220.4,12:25:00,8224.533968011356,1,40
2015-04-28,8219.4,8220.4,8215.7,8216.2,12:30:00,8224.045018676941,1,41
2015-04-28,8220.7,8220.95,8217.3,8218.7,12:35:00,8223.726445469614,1,42
2015-04-28,8218.4,8219.45,8214.15,8219.0,12:40:00,8223.2191649487,1,43
2015-04-28,8215.1,8217.4,8213.55,8217.4,12:45:00,8222.445911144061,1,44
2015-04-28,8219.55,8219.55,8215.55,8215.55,12:50:00,8222.170110082721,1,45
2015-04-28,8218.2,8222.75,8217.35,8220.05,12:55:00,8221.792004360557,1,46
2015-04-28,8222.45,8225.0,8222.45,8222.5,13:00:00,8221.854670611932,1,47
2015-04-28,8216.15,8219.55,8216.15,8218.2,13:05:00,8221.31136864889,1,48
2015-04-28,8204.7,8215.1,8201.15,8215.1,13:10:00,8219.729333539473,1,49
2015-04-28,8200.05,8202.75,8200.05,8201.3,13:15:00,8217.855111297618,1,50
2015-04-28,8201.75,8201.75,8196.65,8197.2,13:20:00,8216.321291174036,1,51
2015-04-28,8205.75,8207.4,8204.15,8204.15,13:25:00,8215.314501538414,1,52
2015-04-28,8202.75,8207.1,8202.75,8204.45,13:30:00,8214.11788234428,1,53
2015-04-28,8199.7,8202.45,8191.15,8201.75,13:35:00,8212.744750692444,1,54
2015-04-28,8202.35,8203.35,8200.75,8200.75,13:40:00,8211.75477443602,1,55
2015-04-28,8226.7,8226.7,8201.95,8201.95,13:45:00,8213.178129251637,1,56
2015-04-28,8226.45,8235.15,8224.05,8231.35,13:50:00,8214.442116941957,1,57
2015-04-28,8216.6,8232.1,8216.6,8232.1,13:55:00,8214.647629614152,1,58
2015-04-28,8220.8,8224.9,8218.45,8218.45,14:00:00,8215.233569650898,1,59
2015-04-28,8207.95,8215.0,8206.15,8213.85,14:05:00,8214.539896350812,1,60
2015-04-28,8209.15,8213.3,8208.85,8209.95,14:10:00,8214.02657288883,1,61
2015-04-28,8224.2,8225.0,8215.25,8215.25,14:15:00,8214.995470708942,1,62
2015-04-28,8220.15,8221.65,8218.9,8221.5,14:20:00,8215.486378260472,1,63
2015-04-28,8220.3,8220.6,8218.45,8220.4,14:25:00,8215.944818426142,1,64
2015-04-28,8233.15,8233.15,8219.9,8219.9,14:30:00,8217.583407147462,1,65
2015-04-28,8231.9,8238.0,8228.1,8238.0,14:35:00,8218.946892181037,1,66
2015-04-28,8246.9,8246.9,8233.45,8236.0,14:40:00,8221.609092925699,1,67
2015-04-28,8271.75,8271.75,8250.3,8252.35,14:45:00,8226.384417408966,1,68
2015-04-28,8303.4,8303.4,8271.2,8274.5,14:50:00,8233.71923479859,1,69
2015-04-28,8285.8,8295.1,8285.7,8295.1,14:55:00,8238.679307674915,1,70
2015-04-28,8299.85,8299.85,8278.9,8278.9,15:00:00,8244.505087896352,1,71
2015-04-28,8298.15,8304.0,8298.1,8304.0,15:05:00,8249.614127144318,1,72
2015-04-28,8301.3,8304.3,8297.15,8300.1,15:10:00,8254.536591225811,1,73
2015-04-28,8271.7,8296.55,8271.7,8296.55,15:15:00,8256.171201585257,1,74
2015-04-28,8263.3,8272.55,8263.3,8272.55,15:20:00,8256.850134767614,1,75
2015-04-28,8264.65,8267.65,8263.1,8263.1,15:25:00,8257.59297907546,1,76
2015-04-29,8274.8,8274.8,8274.8,8274.8,09:10:00,8259.231742973036,2,1
2015-04-29,8260.1,8274.8,8257.5,8274.8,09:15:00,8259.31443411846,2,2
2015-04-29,8263.45,8268.45,8262.1,8264.9,09:20:00,8259.70829753575,2,3
2015-04-29,8269.25,8269.25,8264.15,8264.15,09:25:00,8260.617031103773,2,4
2015-04-29,8276.0,8276.0,8267.45,8270.5,09:30:00,8262.082075760558,2,5
2015-04-29,8285.6,8288.35,8278.3,8278.3,09:35:00,8264.321878069077,2,6
2015-04-29,8282.0,8289.25,8282.0,8284.8,09:40:00,8266.005508729166,2,7
2015-04-29,8267.45,8277.3,8267.45,8274.65,09:45:00,8266.143079326388,2,8
2015-04-29,8271.4,8278.35,8271.4,8272.05,09:50:00,8266.64373843816,2,9
2015-04-29,8271.45,8271.45,8268.6,8268.6,09:55:00,8267.101477634527,2,10
2015-04-29,8267.45,8267.45,8267.0,8267.2,10:00:00,8267.134670240763,2,11
2015-04-29,8270.2,8272.3,8264.6,8264.6,10:05:00,8267.42660640831,2,12
2015-04-29,8264.95,8266.65,8263.25,8264.7,10:10:00,8267.190739131327,2,13
2015-04-29,8248.65,8262.2,8244.3,8262.2,10:15:00,8265.424954452154,2,14
2015-04-29,8254.95,8254.95,8244.85,8247.8,10:20:00,8264.427339742426,2,15
2015-04-29,8248.8,8253.75,8248.8,8253.75,10:25:00,8262.939021671718,2,16
2015-04-29,8228.35,8248.0,8228.35,8247.6,10:30:00,8259.644829131556,2,17
2015-04-29,8227.6,8234.85,8224.85,8234.85,10:35:00,8256.592940642837,2,18
2015-04-29,8224.95,8227.95,8220.8,8224.85,10:40:00,8253.57932724828,2,19
2015-04-29,8230.35,8232.25,8227.7,8227.7,10:45:00,8251.367010367492,2,20
2015-04-29,8231.05,8234.35,8229.25,8229.25,10:50:00,8249.43205699916,2,21
2015-04-29,8231.15,8233.65,8228.4,8231.95,10:55:00,8247.690908713525,2,22
2015-04-29,8234.75,8234.75,8230.7,8230.7,11:00:00,8246.458441216999,2,23
2015-04-29,8237.8,8238.0,8233.0,8238.0,11:05:00,8245.63382776776,2,24
2015-04-29,8238.6,8242.15,8238.6,8240.1,11:10:00,8244.963939408926,2,25
2015-04-29,8238.7,8241.5,8237.85,8241.5,11:15:00,8244.367373750934,2,26
2015-04-29,8239.8,8242.3,8239.8,8240.25,11:20:00,8243.932385774655,2,27
2015-04-29,8231.35,8239.95,8231.35,8239.95,11:25:00,8242.734063319926,2,28
2015-04-29,8228.75,8230.8,8227.55,8230.8,11:30:00,8241.402247765647,2,29
2015-04-29,8232.25,8232.25,8227.6,8228.1,11:35:00,8240.5306051213,2,30
2015-04-29,8232.55,8232.55,8229.65,8231.05,11:40:00,8239.7705474907,2,31
2015-04-29,8234.7,8236.9,8234.7,8236.2,11:45:00,8239.287638205871,2,32
2015-04-29,8242.85,8243.15,8234.6,8234.6,11:50:00,8239.626910757694,2,33
2015-04-29,8242.2,8244.35,8241.75,8244.35,11:55:00,8239.871966876008,2,34
2015-04-29,8233.65,8242.0,8233.65,8242.0,12:00:00,8239.279398602102,2,35
2015-04-29,8237.6,8238.35,8236.2,8236.2,12:05:00,8239.119455878094,2,36
2015-04-29,8244.65,8244.65,8237.85,8239.3,12:10:00,8239.646174365895,2,37
2015-04-29,8242.05,8246.3,8242.05,8246.3,12:15:00,8239.875110140572,2,38
2015-04-29,8240.25,8243.25,8240.25,8242.25,12:20:00,8239.910813936709,2,39
2015-04-29,8238.9,8238.9,8236.45,8238.7,12:25:00,8239.814545942736,2,40
2015-04-29,8252.1,8252.1,8239.75,8239.75,12:30:00,8240.984589186284,2,41
2015-04-29,8249.6,8251.7,8247.7,8251.7,12:35:00,8241.805104501876,2,42
2015-04-29,8249.2,8252.7,8249.2,8249.95,12:40:00,8242.509380263602,2,43
2015-04-29,8261.45,8261.45,8250.6,8250.6,12:45:00,8244.313248809925,2,44
2015-04-29,8269.9,8270.35,8261.15,8261.4,12:50:00,8246.7500822566,2,45
2015-04-29,8286.95,8286.95,8268.5,8268.5,12:55:00,8250.578645851208,2,46
2015-04-29,8297.35,8297.35,8291.75,8292.45,13:00:00,8255.033060532045,2,47
2015-04-29,8289.95,8292.1,8286.1,8291.4,13:05:00,8258.358483338518,2,48
2015-04-29,8276.1,8279.0,8274.6,8279.0,13:10:00,8260.048151591993,2,49
2015-04-29,8281.0,8281.0,8270.5,8274.35,13:15:00,8262.043565726088,2,50
2015-04-29,8278.8,8280.05,8278.8,8279.95,13:20:00,8263.639416609318,2,51
2015-04-29,8282.4,8291.95,8281.45,8281.45,13:25:00,8265.426138837001,2,52
2015-04-29,8286.1,8286.1,8281.35,8282.3,13:30:00,8267.395077995383,2,53
2015-04-29,8287.9,8290.3,8286.2,8290.3,13:35:00,8269.347927710109,2,54
2015-04-29,8293.0,8297.75,8289.7,8289.7,13:40:00,8271.600506023431,2,55
2015-04-29,8296.35,8299.85,8294.2,8295.0,13:45:00,8273.957600687867,2,56
2015-04-29,8297.55,8303.95,8297.55,8300.7,13:50:00,8276.204495860451,2,57
2015-04-29,8286.15,8295.35,8286.15,8295.35,13:55:00,8277.151686730884,2,58
2015-04-29,8270.2,8290.6,8267.15,8290.6,14:00:00,8276.489621327943,2,59
2015-04-29,8276.15,8276.15,8264.0,8264.0,14:05:00,8276.457276439567,2,60
2015-04-29,8279.2,8286.3,8278.15,8278.15,14:10:00,8276.718488207229,2,61
2015-04-29,8275.3,8281.1,8274.6,8281.1,14:15:00,8276.583394092255,2,62
2015-04-29,8276.9,8277.2,8271.2,8271.2,14:20:00,8276.61354703585,2,63
2015-04-29,8287.1,8287.1,8278.85,8280.35,14:25:00,8277.61225684196,2,64
2015-04-29,8269.2,8285.15,8269.2,8285.15,14:30:00,8276.811089523677,2,65
2015-04-29,8236.35,8273.25,8236.35,8273.25,14:35:00,8272.957652426183,2,66
2015-04-29,8237.75,8239.3,8234.85,8237.75,14:40:00,8269.604542671308,2,67
2015-04-29,8239.65,8244.85,8233.75,8233.75,14:45:00,8266.751729083564,2,68
2015-04-29,8254.25,8255.3,8246.6,8246.6,14:50:00,8265.561088218463,2,69
2015-04-29,8252.4,8254.05,8247.35,8251.2,14:55:00,8264.307651245275,2,70
2015-04-29,8249.45,8249.45,8244.8,8247.8,15:00:00,8262.892636840963,2,71
2015-04-29,8233.7,8242.6,8233.7,8242.6,15:05:00,8260.112385713252,2,72
2015-04-29,8238.6,8238.6,8232.7,8234.55,15:10:00,8258.063587073895,2,73
2015-04-29,8241.15,8241.15,8238.4,8239.95,15:15:00,8256.452769257334,2,74
2015-04-29,8238.05,8241.8,8235.6,8241.8,15:20:00,8254.70012456616,2,75
2015-04-29,8234.8,8239.45,8230.7,8239.45,15:25:00,8252.804874607478,2,76
2015-04-30,8224.5,8224.5,8224.5,8224.5,09:10:00,8250.109172263908,3,1
2015-04-30,8187.5,8224.5,8187.5,8224.5,09:15:00,8244.14639395306,3,2
2015-04-30,8176.2,8194.4,8176.2,8190.3,09:20:00,8237.675308814672,3,3
2015-04-30,8169.9,8174.5,8166.95,8166.95,09:25:00,8231.22051749899,3,4
2015-04-30,8153.9,8166.9,8153.9,8166.9,09:30:00,8223.856658689563,3,5
2015-04-30,8162.0,8162.0,8156.6,8156.6,09:35:00,8217.965548338176,3,6
2015-04-30,8152.85,8156.2,8150.0,8156.2,09:40:00,8211.764067544063,3,7
2015-04-30,8162.2,8162.2,8152.4,8156.8,09:45:00,8207.043680158915,3,8
2015-04-30,8161.45,8166.35,8161.45,8164.65,09:50:00,8202.701424905685,3,9
2015-04-30,8159.7,8164.75,8159.7,8164.75,09:55:00,8198.606051105144,3,10
2015-04-30,8157.65,8158.6,8155.0,8158.6,10:00:00,8194.705474809416,3,11
2015-04-30,8157.05,8157.05,8151.8,8151.8,10:05:00,8191.119239113282,3,12
2015-04-30,8166.2,8166.2,8157.95,8157.95,10:10:00,8188.745978245351,3,13
2015-04-30,8166.65,8166.65,8163.3,8163.45,10:15:00,8186.641599364841,3,14
2015-04-30,8165.15,8168.95,8164.4,8168.95,10:20:00,8184.594780377713,3,15
2015-04-30,8173.45,8174.85,8166.2,8166.2,10:25:00,8183.533372722693,3,16
2015-04-30,8173.8,8173.8,8170.4,8173.25,10:30:00,8182.606384844341,3,17
2015-04-30,8167.4,8173.75,8167.4,8173.75,10:35:00,8181.158157716309,3,18
2015-04-30,8166.4,8167.6,8163.95,8167.45,10:40:00,8179.752618886184,3,19
2015-04-30,8172.7,8172.7,8165.35,8165.35,10:45:00,8179.080940897023,3,20
2015-04-30,8174.2,8175.65,8172.65,8174.05,10:50:00,8178.616089383021,3,21
2015-04-30,8174.25,8174.5,8172.95,8174.5,10:55:00,8178.200271346543,3,22
2015-04-30,8173.95,8173.95,8171.85,8173.45,11:00:00,8177.795483599253,3,23
2015-04-30,8172.05,8172.85,8170.7,8172.85,11:05:00,8177.248294685039,3,24
2015-04-30,8175.7,8175.7,8170.95,8170.95,11:10:00,8177.100838048368,3,25
2015-04-30,8179.2,8179.2,8175.2,8175.2,11:15:00,8177.300758234238,3,26
2015-04-30,8178.65,8184.05,8178.65,8184.05,11:20:00,8177.429257450025,3,27
2015-04-30,8175.45,8177.65,8173.8,8177.65,11:25:00,8177.240756740499,3,28
2015-04-30,8176.45,8176.85,8175.3,8176.85,11:30:00,8177.165446574737,3,29
2015-04-30,8175.3,8176.4,8174.8,8175.2,11:35:00,8176.987784996191,3,30
2015-04-30,8177.95,8177.95,8176.15,8176.15,11:40:00,8177.079424520364,3,31
2015-04-30,8181.45,8181.85,8178.55,8178.55,11:45:00,8177.495669804139,3,32
2015-04-30,8185.9,8187.35,8185.4,8187.35,11:50:00,8178.296082203745,3,33
2015-04-30,8188.2,8189.65,8186.35,8186.35,11:55:00,8179.239312470055,3,34
2015-04-30,8185.95,8190.25,8184.8,8190.05,12:00:00,8179.878425568145,3,35
2015-04-30,8192.05,8194.95,8187.5,8187.5,12:05:00,8181.037623133084,3,36
2015-04-30,8184.95,8189.75,8184.95,8188.45,12:10:00,8181.410230453742,3,37
2015-04-30,8181.5,8181.5,8174.95,8179.5,12:15:00,8181.418779934338,3,38
2015-04-30,8180.9,8181.05,8178.3,8179.05,12:20:00,8181.369372321544,3,39
2015-04-30,8184.2,8185.15,8180.85,8180.85,12:25:00,8181.638955909968,3,40
2015-04-30,8185.9,8187.6,8185.9,8186.4,12:30:00,8182.044769632828,3,41
2015-04-30,8182.0,8183.7,8181.9,8181.9,12:35:00,8182.040505858274,3,42
2015-04-30,8177.65,8179.0,8177.65,8178.2,12:40:00,8181.6223624432,3,43
2015-04-30,8179.5,8180.05,8177.8,8177.8,12:45:00,8181.420232686704,3,44
2015-04-30,8173.8,8177.2,8172.15,8177.2,12:50:00,8180.694496240351,3,45
2015-04-30,8164.45,8174.6,8164.25,8174.6,12:55:00,8179.147401360317,3,46
2015-04-30,8152.55,8161.85,8152.55,8159.1,13:00:00,8176.614315516478,3,47
2015-04-30,8151.8,8151.8,8146.05,8149.9,13:05:00,8174.251047372052,3,48
2015-04-30,8156.3,8156.3,8153.55,8153.55,13:10:00,8172.54142381281,3,49
2015-04-30,8161.2,8162.35,8159.55,8159.55,13:15:00,8171.46128821159,3,50
2015-04-30,8161.8,8161.8,8156.75,8159.15,13:20:00,8170.541165524772,3,51
2015-04-30,8156.8,8163.15,8155.25,8162.6,13:25:00,8169.23248309384,3,52
2015-04-30,8159.5,8160.55,8156.6,8158.4,13:30:00,8168.305579942045,3,53
2015-04-30,8154.1,8159.15,8149.6,8159.15,13:35:00,8166.952667566612,3,54
2015-04-30,8154.0,8154.0,8152.3,8153.1,13:40:00,8165.719080179316,3,55
2015-04-30,8156.6,8158.35,8154.35,8156.25,13:45:00,8164.850596352714,3,56
2015-04-30,8171.35,8172.85,8158.5,8158.5,13:50:00,8165.469587176265,3,57
2015-04-30,8168.05,8174.85,8167.8,8174.85,13:55:00,8165.715340778526,3,58
2015-04-30,8180.0,8180.0,8168.75,8168.75,14:00:00,8167.075784513905,3,59
2015-04-30,8185.5,8185.5,8178.2,8183.6,14:05:00,8168.830471703057,3,60
2015-04-30,8180.25,8187.2,8180.25,8187.2,14:10:00,8169.918045826575,3,61
2015-04-30,8192.0,8192.0,8179.6,8179.6,14:15:00,8172.021089081188,3,62
2015-04-30,8192.9,8192.9,8183.0,8184.6,14:20:00,8174.009556787741,3,63
2015-04-30,8193.5,8209.75,8193.5,8196.2,14:25:00,8175.865789474622,3,64
2015-04-30,8200.4,8208.1,8200.4,8203.85,14:30:00,8178.202380953229,3,65
2015-04-30,8206.85,8206.85,8195.45,8195.45,14:35:00,8180.930725624351,3,66
2015-04-30,8206.3,8206.3,8199.75,8204.35,14:40:00,8183.34684699346,3,67
2015-04-30,8202.65,8208.0,8202.65,8208.0,14:45:00,8185.185242517892,3,68
2015-04-30,8195.1,8199.7,8185.55,8199.7,14:50:00,8186.129505135236,3,69
2015-04-30,8200.4,8200.4,8186.05,8190.05,14:55:00,8187.488599884262,3,70
2015-04-30,8184.7,8207.45,8178.45,8207.45,15:00:00,8187.223018942904,3,71
2015-04-30,8176.7,8184.0,8173.95,8180.95,15:05:00,8186.220826662628,3,72
2015-04-30,8168.75,8174.8,8168.75,8174.25,15:10:00,8184.556938409044,3,73
2015-04-30,8179.95,8179.95,8172.35,8172.35,15:15:00,8184.118182370088,3,74
2015-04-30,8189.3,8189.3,8180.9,8180.9,15:20:00,8184.611688811032,3,75
2015-04-30,8202.5,8202.5,8194.1,8194.1,15:25:00,8186.315337495695,3,76
2015-05-04,8230.05,8230.05,8230.05,8230.05,09:10:00,8190.480543448486,0,1
2015-05-04,8231.1,8236.65,8227.55,8230.05,09:15:00,8194.349063120058,0,2
2015-05-04,8232.8,8236.05,8229.55,8236.05,09:20:00,8198.011057108624,0,3
2015-05-04,8247.75,8247.75,8236.2,8239.3,09:25:00,8202.748099288754,0,4
2015-05-04,8280.65,8280.65,8260.0,8263.75,09:30:00,8210.16732792792,0,5
2015-05-04,8274.45,8279.25,8274.0,8279.25,09:35:00,8216.28948717288,0,6
2015-05-04,8287.5,8291.9,8276.95,8279.85,09:40:00,8223.071440775464,0,7
2015-05-04,8286.3,8286.9,8282.55,8286.9,09:45:00,8229.093208320657,0,8
2015-05-04,8279.35,8284.75,8279.35,8284.75,09:50:00,8233.879569432976,0,9
2015-05-04,8270.35,8277.85,8270.35,8277.85,09:55:00,8237.352943772694,0,10
2015-05-04,8269.9,8273.65,8269.9,8271.8,10:00:00,8240.452663413389,0,11
2015-05-04,8255.7,8272.15,8255.7,8272.15,10:05:00,8241.904790707353,0,12
2015-05-04,8259.25,8260.95,8254.7,8260.95,10:10:00,8243.55671540189,0,13
2015-05-04,8266.65,8271.55,8258.9,8258.9,10:15:00,8245.756075839805,0,14
2015-05-04,8267.45,8268.7,8266.85,8266.85,10:20:00,8247.82216385506,0,15
2015-05-04,8270.55,8270.55,8267.75,8268.2,10:25:00,8249.986719678387,0,16
2015-05-04,8263.05,8270.35,8260.45,8270.35,10:30:00,8251.230841613778,0,17
2015-05-04,8263.35,8263.7,8259.85,8263.7,10:35:00,8252.38504717437,0,18
2015-05-04,8269.3,8269.3,8265.4,8265.5,10:40:00,8253.995995062525,0,19
2015-05-04,8272.85,8272.85,8268.2,8270.35,10:45:00,8255.791614580381,0,20
2015-05-04,8277.8,8277.8,8272.05,8273.7,10:50:00,8257.887651287012,0,21
2015-05-04,8275.9,8276.4,8273.6,8273.6,10:55:00,8259.6031130692,0,22
2015-05-04,8271.75,8274.0,8271.75,8274.0,11:00:00,8260.759959443563,0,23
2015-05-04,8272.75,8272.75,8268.1,8268.1,11:05:00,8261.901868067986,0,24
2015-05-04,8279.15,8279.15,8274.15,8274.15,11:10:00,8263.544547299605,0,25
2015-05-04,8283.0,8283.15,8279.8,8279.8,11:15:00,8265.397447556785,0,26
2015-05-04,8285.55,8285.55,8280.85,8282.05,11:20:00,8267.316738265663,0,27
2015-05-04,8285.3,8288.45,8285.3,8286.35,11:25:00,8269.029429859409,0,28
2015-05-04,8283.0,8284.3,8282.95,8283.45,11:30:00,8270.35996034899,0,29
2015-05-04,8287.75,8288.9,8284.1,8284.1,11:35:00,8272.016154601466,0,30
2015-05-04,8287.4,8290.3,8287.35,8287.35,11:40:00,8273.48128273466,0,31
2015-05-04,8293.35,8293.35,8285.55,8285.55,11:45:00,8275.373541521834,0,32
2015-05-04,8289.2,8293.6,8289.2,8293.3,11:50:00,8276.690347091184,0,33
2015-05-04,8289.4,8292.4,8287.15,8292.4,11:55:00,8277.900790225356,0,34
2015-05-04,8286.5,8288.7,8286.5,8288.7,12:00:00,8278.719762584846,0,35
2015-05-04,8286.85,8289.9,8286.85,8288.5,12:05:00,8279.4940709101,0,36
2015-05-04,8292.65,8292.65,8287.1,8288.15,12:10:00,8280.747016537709,0,37
2015-05-04,8290.45,8293.1,8289.9,8293.1,12:15:00,8281.671110200785,0,38
2015-05-04,8291.0,8292.85,8290.3,8291.9,12:20:00,8282.559575895948,0,39
2015-05-04,8294.4,8294.4,8290.45,8290.45,12:25:00,8283.68723533443,0,40
2015-05-04,8292.4,8296.85,8291.85,8296.85,12:30:00,8284.517022445438,0,41
2015-05-04,8294.8,8294.8,8293.3,8293.3,12:35:00,8285.49635364111,0,42
2015-05-04,8283.85,8288.45,8283.5,8288.45,12:40:00,8285.339558056243,0,43
2015-05-04,8285.05,8289.1,8285.05,8286.85,12:45:00,8285.311981098504,0,44
2015-05-04,8279.25,8281.4,8279.25,8279.75,12:50:00,8284.734649565315,0,45
2015-05-04,8282.25,8282.25,8277.4,8279.15,12:55:00,8284.49801627338,0,46
2015-05-04,8283.1,8285.3,8283.1,8283.7,13:00:00,8284.36487186639,0,47
2015-05-04,8288.2,8288.5,8283.65,8283.65,13:05:00,8284.730122164829,0,48
2015-05-04,8291.3,8295.05,8291.3,8293.7,13:10:00,8285.355824815797,0,49
2015-05-04,8284.55,8288.15,8284.55,8287.8,13:15:00,8285.279079595246,0,50
2015-05-04,8283.7,8284.5,8283.0,8284.5,13:20:00,8285.128691062366,0,51
2015-05-04,8281.15,8284.3,8281.15,8282.4,13:25:00,8284.749768104044,0,52
2015-05-04,8287.2,8287.2,8281.65,8282.4,13:30:00,8284.983123522707,0,53
2015-05-04,8286.95,8289.05,8285.4,8287.0,13:35:00,8285.170445091973,0,54
2015-05-04,8286.95,8288.6,8286.5,8286.5,13:40:00,8285.339926511786,0,55
2015-05-04,8282.4,8286.2,8282.4,8285.8,13:45:00,8285.059933510664,0,56
2015-05-04,8291.25,8291.25,8285.55,8286.3,13:50:00,8285.649463652506,0,57
2015-05-04,8291.95,8293.8,8290.0,8290.0,13:55:00,8286.24951473322,0,58
2015-05-04,8292.5,8295.6,8292.45,8294.3,14:00:00,8286.844799044342,0,59
2015-05-04,8297.1,8300.7,8290.05,8290.05,14:05:00,8287.821484849643,0,60
2015-05-04,8292.95,8296.45,8289.5,8296.45,14:10:00,8288.309914863963,0,61
2015-05-04,8285.85,8293.45,8285.85,8293.45,14:15:00,8288.075637257873,0,62
2015-05-04,8283.25,8289.45,8283.25,8287.9,14:20:00,8287.616052757123,0,63
2015-05-04,8275.45,8277.4,8263.55,8263.55,14:25:00,8286.45738106597,0,64
2015-05-04,8271.7,8279.0,8271.45,8277.35,14:30:00,8285.051916202543,0,65
2015-05-04,8276.45,8279.0,8272.05,8272.05,14:35:00,8284.232686088015,0,66
2015-05-04,8285.75,8285.75,8276.2,8276.2,14:40:00,8284.37719217487,0,67
2015-05-04,8283.85,8285.1,8282.65,8283.3,14:45:00,8284.326983396311,0,68
2015-05-04,8284.05,8284.15,8278.3,8278.3,14:50:00,8284.300604025235,0,69
2015-05-04,8302.85,8302.85,8283.3,8283.3,14:55:00,8286.067213165688,0,70
2015-05-04,8308.9,8314.6,8307.1,8307.1,15:00:00,8288.241764292767,0,71
2015-05-04,8321.6,8324.85,8310.95,8310.95,15:05:00,8291.418739122028,0,72
2015-05-04,8333.9,8334.5,8328.4,8328.4,15:10:00,8295.46457349136,0,73
2015-05-04,8334.65,8337.3,8328.65,8328.65,15:15:00,8299.196518873136,0,74
2015-05-04,8341.2,8342.9,8333.7,8333.7,15:20:00,8303.196850409027,0,75
2015-05-04,8343.85,8343.85,8341.75,8341.9,15:25:00,8307.0685789415,0,76
2015-05-05,8338.4,8338.4,8338.4,8338.4,09:10:00,8310.052523804214,1,1
2015-05-05,8320.05,8338.4,8311.05,8338.4,09:15:00,8311.004664394288,1,2
2015-05-05,8322.7,8325.4,8320.15,8320.15,09:20:00,8312.118505880546,1,3
2015-05-05,8316.15,8327.3,8316.15,8323.95,09:25:00,8312.502457701446,1,4
2015-05-05,8306.95,8313.95,8306.95,8311.85,09:30:00,8311.97365220607,1,5
2015-05-05,8310.4,8312.55,8304.55,8304.55,09:35:00,8311.823780567396,1,6
2015-05-05,8316.1,8316.1,8308.55,8308.55,09:40:00,8312.231039560978,1,7
2015-05-05,8328.65,8328.65,8315.15,8315.15,09:45:00,8313.794750078981,1,8
2015-05-05,8323.2,8323.2,8319.45,8320.9,09:50:00,8314.690488166698,1,9
2015-05-05,8317.75,8323.85,8317.75,8323.85,09:55:00,8314.98187024606,1,10
2015-05-05,8313.55,8320.0,8312.6,8320.0,10:00:00,8314.845501651198,1,11
2015-05-05,8319.75,8319.75,8311.35,8314.5,10:05:00,8315.312596732036,1,12
2015-05-05,8317.45,8319.95,8316.05,8316.4,10:10:00,8315.516158948032,1,13
2015-05-05,8321.4,8323.45,8318.05,8320.5,10:15:00,8316.076524762506,1,14
2015-05-05,8325.15,8325.15,8320.5,8320.5,10:20:00,8316.940665261314,1,15
2015-05-05,8337.8,8337.8,8329.9,8329.9,10:25:00,8318.927268569762,1,16
2015-05-05,8336.55,8343.7,8336.55,8343.7,10:30:00,8320.60562394407,1,17
2015-05-05,8338.8,8339.15,8337.3,8337.3,10:35:00,8322.338421663682,1,18
2015-05-05,8341.15,8341.15,8333.95,8338.5,10:40:00,8324.130000552856,1,19
2015-05-05,8345.45,8345.45,8338.9,8342.6,10:45:00,8326.160476690678,1,20
2015-05-05,8344.25,8345.75,8343.65,8345.75,10:50:00,8327.883288434423,1,21
2015-05-05,8350.95,8350.95,8342.8,8343.5,10:55:00,8330.080118107335,1,22
2015-05-05,8349.45,8351.75,8349.4,8351.7,11:00:00,8331.92486876378,1,23
2015-05-05,8352.5,8354.4,8350.55,8350.55,11:05:00,8333.88440507199,1,24
2015-05-05,8350.1,8351.35,8349.45,8350.0,11:10:00,8335.428747446087,1,25
2015-05-05,8341.7,8349.75,8341.7,8349.75,11:15:00,8336.02600959408,1,26
2015-05-05,8345.9,8345.9,8340.1,8341.1,11:20:00,8336.966389632738,1,27
2015-05-05,8346.3,8349.15,8345.85,8346.55,11:25:00,8337.85530490581,1,28
2015-05-05,8346.0,8347.45,8342.6,8345.5,11:30:00,8338.630990152875,1,29
2015-05-05,8346.6,8346.6,8345.85,8345.85,11:35:00,8339.389943471648,1,30
2015-05-05,8343.75,8348.0,8343.75,8347.5,11:40:00,8339.805186950538,1,31
2015-05-05,8337.75,8342.45,8335.55,8342.45,11:45:00,8339.60945486001,1,32
2015-05-05,8328.0,8336.35,8324.95,8336.35,11:50:00,8338.50379249239,1,33
2015-05-05,8324.95,8331.3,8324.95,8330.1,11:55:00,8337.212955112163,1,34
2015-05-05,8319.9,8330.65,8319.9,8330.45,12:00:00,8335.564102244338,1,35
2015-05-05,8332.9,8332.9,8320.15,8320.15,12:05:00,8335.310378221067,1,36
2015-05-05,8333.95,8333.95,8329.1,8329.1,12:10:00,8335.18081839049,1,37
2015-05-05,8326.55,8333.7,8324.05,8332.95,12:15:00,8334.358835686635,1,38
2015-05-05,8332.85,8332.85,8326.0,8326.0,12:20:00,8334.215137049812,1,39
2015-05-05,8326.8,8331.55,8326.8,8331.5,12:25:00,8333.50893352126,1,40
2015-05-05,8322.6,8327.1,8322.55,8326.4,12:30:00,8332.469987471617,1,41
2015-05-05,8331.55,8331.55,8323.3,8323.3,12:35:00,8332.382369617177,1,42
2015-05-05,8335.3,8338.75,8332.2,8332.2,12:40:00,8332.660239177445,1,43
2015-05-05,8326.5,8332.85,8326.5,8331.0,12:45:00,8332.073549731973,1,44
2015-05-05,8328.05,8328.3,8326.0,8328.25,12:50:00,8331.690354519404,1,45
2015-05-05,8323.1,8328.4,8323.1,8327.8,12:55:00,8330.872225517556,1,46
2015-05-05,8323.45,8323.6,8320.05,8320.05,13:00:00,8330.165346896836,1,47
2015-05-05,8312.6,8324.95,8312.6,8324.95,13:05:00,8328.492456716185,1,48
2015-05-05,8298.8,8311.9,8298.8,8309.9,13:10:00,8325.664603695595,1,49
2015-05-05,8288.4,8298.45,8285.65,8298.45,13:15:00,8322.115593819824,1,50
2015-05-05,8289.35,8290.2,8285.45,8290.2,13:20:00,8318.99506107508,1,51
2015-05-05,8298.85,8301.25,8297.15,8297.15,13:25:00,8317.076483829835,1,52
2015-05-05,8306.2,8311.4,8303.85,8303.85,13:30:00,8316.040628226994,1,53
2015-05-05,8303.7,8307.8,8302.3,8305.55,13:35:00,8314.865330300614,1,54
2015-05-05,8297.85,8303.9,8296.9,8303.9,13:40:00,8313.244822652936,1,55
2015-05-05,8312.45,8314.7,8305.55,8305.55,13:45:00,8313.169125257418,1,56
2015-05-05,8314.95,8316.05,8312.15,8313.7,13:50:00,8313.33873237576,1,57
2015-05-05,8315.1,8315.45,8310.05,8315.45,13:55:00,8313.506472149496,1,58
2015-05-05,8311.5,8315.8,8311.45,8311.45,14:00:00,8313.31537956383,1,59
2015-05-05,8314.05,8319.5,8311.2,8311.2,14:05:00,8313.385343414893,1,60
2015-05-05,8318.05,8318.05,8313.85,8313.85,14:10:00,8313.829596422998,1,61
2015-05-05,8320.05,8322.05,8315.8,8318.35,14:15:00,8314.422015811284,1,62
2015-05-05,8318.2,8318.65,8314.65,8318.65,14:20:00,8314.781823829257,1,63
2015-05-05,8314.25,8314.8,8311.85,8314.8,14:25:00,8314.731173940756,1,64
2015-05-05,8295.05,8312.8,8295.05,8312.8,14:30:00,8312.856776422588,1,65
2015-05-05,8303.4,8303.4,8298.4,8302.65,14:35:00,8311.956131049008,1,66
2015-05-05,8309.0,8310.45,8304.75,8304.75,14:40:00,8311.674594758626,1,67
2015-05-05,8305.15,8310.05,8303.25,8308.55,14:45:00,8311.053204781614,1,68
2015-05-05,8318.35,8318.35,8304.3,8304.3,14:50:00,8311.748137659555,1,69
2015-05-05,8321.3,8321.3,8313.7,8319.3,14:55:00,8312.657838834835,1,70
2015-05-05,8326.1,8329.8,8319.2,8319.2,15:00:00,8313.93804466009,1,71
2015-05-05,8320.0,8324.6,8320.0,8321.65,15:05:00,8314.515373740081,1,72
2015-05-05,8327.95,8327.95,8320.45,8320.45,15:10:00,8315.794861955312,1,73
2015-05-05,8324.5,8326.2,8320.2,8326.2,15:15:00,8316.623922721472,1,74
2015-05-05,8325.7,8325.7,8322.3,8322.85,15:20:00,8317.488311033712,1,75
2015-05-05,8324.55,8326.25,8323.85,8325.35,15:25:00,8318.160852840025,1,76
2015-05-06,8316.6,8316.6,8316.6,8316.6,09:10:00,8318.012200188594,2,1
2015-05-06,8304.8,8316.6,8298.05,8316.6,09:15:00,8316.753895408727,2,2
2015-05-06,8304.4,8306.7,8302.2,8306.7,09:20:00,8315.57733394123,2,3
2015-05-06,8309.2,8309.55,8303.65,8303.65,09:25:00,8314.96996880397,2,4
2015-05-06,8297.3,8308.75,8297.3,8308.75,09:30:00,8313.287114632163,2,5
2015-05-06,8275.75,8294.15,8275.75,8294.15,09:35:00,8309.712151333862,2,6
2015-05-06,8220.1,8274.8,8213.3,8274.8,09:40:00,8301.177660730636,2,7
2015-05-06,8190.55,8218.1,8163.1,8218.1,09:45:00,8290.641693042004,2,8
2015-05-06,8209.9,8211.75,8195.9,8211.75,09:50:00,8282.952007990385,2,9
2015-05-06,8186.85,8206.3,8183.75,8206.3,09:55:00,8273.799435800825,2,10
2015-05-06,8184.9,8185.95,8170.1,8185.95,10:00:00,8265.332822867415,2,11
2015-05-06,8144.65,8180.4,8144.65,8180.4,10:05:00,8253.839220689566,2,12
2015-05-06,8164.45,8164.45,8145.4,8150.15,10:10:00,8245.325961576273,2,13
2015-05-06,8168.2,8173.55,8166.2,8166.2,10:15:00,8237.980631902341,2,14
2015-05-06,8172.15,8172.15,8164.5,8164.5,10:20:00,8231.711047911642,2,15
2015-05-06,8166.75,8174.5,8166.75,8174.5,10:25:00,8225.524281443866,2,16
2015-05-06,8151.9,8164.25,8151.9,8161.55,10:30:00,8218.512445115879,2,17
2015-05-06,8154.85,8156.65,8145.65,8145.65,10:35:00,8212.449355104844,2,18
2015-05-06,8157.55,8157.55,8148.5,8148.5,10:40:00,8207.220845094858,2,19
2015-05-06,8165.1,8165.1,8158.45,8158.45,10:45:00,8203.209336038206,2,20
2015-05-06,8175.15,8175.15,8167.65,8167.65,10:50:00,8200.537018320281,2,21
2015-05-06,8174.5,8181.95,8171.75,8181.0,10:55:00,8198.057302289779,2,22
2015-05-06,8166.05,8177.25,8166.05,8175.75,11:00:00,8195.00898778599,2,23
2015-05-06,8160.6,8167.55,8160.6,8167.55,11:05:00,8191.731941330181,2,24
2015-05-06,8154.8,8154.8,8148.45,8151.05,11:10:00,8188.21461358445,2,25
2015-05-06,8148.3,8156.25,8148.3,8154.85,11:15:00,8184.413221814501,2,26
2015-05-06,8148.0,8149.4,8139.9,8142.7,11:20:00,8180.945295927406,2,27
2015-05-06,8151.4,8151.4,8147.55,8150.8,11:25:00,8178.131458220034,2,28
2015-05-06,8147.95,8150.7,8145.65,8150.7,11:30:00,8175.257033627649,2,29
2015-05-06,8151.75,8151.75,8145.75,8145.75,11:35:00,8173.018268520254,2,30
2015-05-06,8151.65,8151.65,8146.1,8148.75,11:40:00,8170.98319532785,2,31
2015-05-06,8131.55,8150.75,8125.65,8150.75,11:45:00,8167.227652915673,2,32
2015-05-06,8124.6,8132.75,8123.5,8132.75,11:50:00,8163.167876447514,2,33
2015-05-06,8127.05,8134.4,8127.05,8130.05,11:55:00,8159.728078690608,2,34
2015-05-06,8126.5,8129.55,8121.15,8127.5,12:00:00,8156.5634997676925,2,35
2015-05-06,8128.0,8131.8,8123.6,8126.65,12:05:00,8153.843166456483,2,36
2015-05-06,8133.55,8133.7,8127.45,8127.45,12:10:00,8151.910483936818,2,37
2015-05-06,8139.5,8139.5,8134.3,8134.3,12:15:00,8150.728533085693,2,38
2015-05-06,8129.1,8136.7,8129.1,8135.3,12:20:00,8148.668672791818,2,39
2015-05-06,8129.3,8132.0,8129.3,8130.15,12:25:00,8146.824037287835,2,40
2015-05-06,8131.6,8134.35,8127.8,8130.75,12:30:00,8145.374128974709,2,41
2015-05-06,8115.5,8115.5,8107.1,8113.45,12:35:00,8142.52897383426,2,42
2015-05-06,8118.95,8118.95,8113.2,8114.0,12:40:00,8140.283357278617,2,43
2015-05-06,8127.55,8128.4,8122.85,8122.85,12:45:00,8139.070656585415,2,44
2015-05-06,8123.05,8127.3,8119.95,8126.4,12:50:00,8137.544879767756,2,45
2015-05-06,8122.5,8122.75,8119.05,8120.2,12:55:00,8136.112034075589,2,46
2015-05-06,8137.4,8137.4,8123.25,8123.25,13:00:00,8136.234697496961,2,47
2015-05-06,8125.4,8133.2,8125.4,8133.2,13:05:00,8135.20282154487,2,48
2015-05-06,8125.1,8126.95,8122.85,8125.05,13:10:00,8134.240648064406,2,49
2015-05-06,8123.55,8123.55,8117.55,8122.95,13:15:00,8133.222491105891,2,50
2015-05-06,8124.55,8126.95,8121.85,8122.15,13:20:00,8132.396539571996,2,51
2015-05-06,8125.95,8125.95,8122.7,8122.7,13:25:00,8131.782583422282,2,52
2015-05-06,8125.45,8125.45,8122.0,8122.65,13:30:00,8131.179480239208,2,53
2015-05-06,8135.9,8135.9,8124.1,8124.1,13:35:00,8131.629053549759,2,54
2015-05-06,8144.3,8145.9,8137.65,8137.65,13:40:00,8132.835810354543,2,55
2015-05-06,8134.8,8139.55,8134.8,8139.5,13:45:00,8133.022876035063,2,56
2015-05-06,8128.75,8132.2,8125.45,8132.2,13:50:00,8132.615935460295,2,57
2015-05-06,8135.1,8138.25,8128.3,8128.3,13:55:00,8132.852513035505,2,58
2015-05-06,8143.35,8147.15,8136.85,8136.85,14:00:00,8133.85227369879,2,59
2015-05-06,8139.5,8142.1,8139.05,8142.1,14:05:00,8134.390152394143,2,60
2015-05-06,8144.6,8145.05,8143.15,8143.2,14:10:00,8135.362518832796,2,61
2015-05-06,8126.7,8153.85,8126.7,8153.85,14:15:00,8134.537517039196,2,62
2015-05-06,8128.1,8131.95,8128.1,8131.45,14:20:00,8133.92442017832,2,63
2015-05-06,8124.55,8131.45,8120.45,8120.45,14:25:00,8133.031618256576,2,64
2015-05-06,8112.45,8126.95,8111.1,8126.95,14:30:00,8131.071464136902,2,65
2015-05-06,8113.7,8119.15,8112.7,8116.5,14:35:00,8129.417038981007,2,66
2015-05-06,8120.25,8122.65,8118.2,8118.2,14:40:00,8128.543987649483,2,67
2015-05-06,8123.05,8129.2,8123.05,8124.2,14:45:00,8128.020750730485,2,68
2015-05-06,8126.8,8126.8,8125.1,8125.65,14:50:00,8127.904488756153,2,69
2015-05-06,8108.45,8122.8,8108.45,8121.2,14:55:00,8126.051680303186,2,70
2015-05-06,8102.35,8113.65,8102.35,8110.25,15:00:00,8123.794377417168,2,71
2015-05-06,8107.9,8107.9,8101.8,8101.8,15:05:00,8122.280627186962,2,72
2015-05-06,8097.55,8106.35,8097.55,8105.45,15:10:00,8119.925329359632,2,73
2015-05-06,8086.4,8098.75,8086.4,8098.75,15:15:00,8116.73244084919,2,74
2015-05-06,8090.25,8091.0,8088.6,8090.15,15:20:00,8114.210303625458,2,75
2015-05-06,8094.1,8094.1,8090.1,8090.1,15:25:00,8112.29503661351,2,76
2015-05-07,8077.0,8077.0,8077.0,8077.0,09:10:00,8108.933604555081,3,1
2015-05-07,8052.65,8077.0,8047.3,8077.0,09:15:00,8103.573261264121,3,2
2015-05-07,8060.1,8063.15,8055.0,8056.6,09:20:00,8099.432950667538,3,3
2015-05-07,8049.2,8060.75,8041.2,8060.75,09:25:00,8094.648860127772,3,4
2015-05-07,8043.45,8048.65,8037.85,8048.65,09:30:00,8089.772778210842,3,5
2015-05-07,8061.95,8061.95,8050.3,8050.3,09:35:00,8087.12298980981,3,6
2015-05-07,8079.5,8087.3,8068.45,8068.45,09:40:00,8086.396990780305,3,7
2015-05-07,8073.05,8083.15,8069.45,8083.15,09:45:00,8085.125848801228,3,8
2015-05-07,8085.0,8091.0,8085.0,8087.0,09:50:00,8085.113863201112,3,9
2015-05-07,8098.95,8104.4,8098.95,8099.55,09:55:00,8086.431590515292,3,10
2015-05-07,8098.35,8098.35,8085.6,8090.9,10:00:00,8087.566677132882,3,11
2015-05-07,8112.8,8120.15,8110.25,8110.25,10:05:00,8089.969850739274,3,12
2015-05-07,8109.15,8118.9,8109.15,8117.1,10:10:00,8091.796531621248,3,13
2015-05-07,8100.45,8114.35,8100.45,8103.7,10:15:00,8092.620671466844,3,14
2015-05-07,8099.05,8104.3,8096.65,8103.9,10:20:00,8093.232988470001,3,15
2015-05-07,8115.2,8115.2,8097.55,8097.55,10:25:00,8095.325084806192,3,16
2015-05-07,8108.15,8113.5,8106.45,8113.5,10:30:00,8096.54650530084,3,17
2015-05-07,8093.4,8111.7,8093.4,8111.5,10:35:00,8096.246838129332,3,18
2015-05-07,8088.6,8091.05,8084.45,8091.05,10:40:00,8095.518567831301,3,19
2015-05-07,8072.45,8090.25,8072.3,8090.25,10:45:00,8093.321561371177,3,20
2015-05-07,8078.65,8083.15,8074.95,8080.05,10:50:00,8091.924269812017,3,21
2015-05-07,8082.6,8083.0,8072.9,8072.9,10:55:00,8091.036244115634,3,22
2015-05-07,8083.6,8083.8,8081.05,8083.8,11:00:00,8090.328030390336,3,23
2015-05-07,8083.7,8088.55,8080.2,8088.55,11:05:00,8089.69678940078,3,24
2015-05-07,8081.45,8083.3,8080.0,8080.0,11:10:00,8088.91138088642,3,25
2015-05-07,8086.35,8086.35,8083.85,8083.85,11:15:00,8088.667439849619,3,26
2015-05-07,8083.35,8083.35,8081.55,8082.75,11:20:00,8088.161017006798,3,27
2015-05-07,8092.9,8092.9,8085.95,8085.95,11:25:00,8088.612348720436,3,28
2015-05-07,8089.3,8095.55,8089.3,8095.1,11:30:00,8088.67783931849,3,29
2015-05-07,8068.9,8083.55,8068.9,8083.55,11:35:00,8086.794235573872,3,30
2015-05-07,8061.65,8068.2,8061.65,8068.2,11:40:00,8084.399546471598,3,31
2015-05-07,8067.95,8067.95,8064.3,8064.3,11:45:00,8082.832922998113,3,32
2015-05-07,8068.35,8069.55,8068.0,8069.55,11:50:00,8081.453596998293,3,33
2015-05-07,8065.2,8071.6,8065.2,8068.8,11:55:00,8079.905635379408,3,34
2015-05-07,8060.35,8064.05,8060.35,8064.05,12:00:00,8078.043193914702,3,35
2015-05-07,8062.95,8067.65,8061.05,8061.5,12:05:00,8076.605746875206,3,36
2015-05-07,8057.9,8062.65,8057.9,8062.65,12:10:00,8074.824247172805,3,37
2015-05-07,8050.2,8057.5,8050.2,8057.4,12:15:00,8072.479080775395,3,38
2015-05-07,8052.55,8052.55,8045.05,8049.4,12:20:00,8070.5810730825,3,39
2015-05-07,8045.6,8054.35,8045.6,8054.35,12:25:00,8068.201923265119,3,40
2015-05-07,8043.3,8043.3,8031.65,8038.35,12:30:00,8065.830311525584,3,41
2015-05-07,8043.85,8043.85,8036.1,8042.6,12:35:00,8063.7369485231475,3,42
2015-05-07,8032.1,8045.15,8032.1,8042.6,12:40:00,8060.723905806657,3,43
2015-05-07,8051.45,8051.45,8034.25,8034.25,12:45:00,8059.840676682214,3,44
2015-05-07,8065.3,8065.3,8052.55,8052.55,12:50:00,8060.360612236289,3,45
2015-05-07,8064.5,8072.05,8064.5,8066.85,12:55:00,8060.754839642357,3,46
2015-05-07,8074.45,8074.45,8062.15,8066.65,13:00:00,8062.059140628799,3,47
2015-05-07,8073.0,8082.35,8072.8,8082.35,13:05:00,8063.101127235581,3,48
2015-05-07,8066.05,8077.35,8066.05,8077.35,13:10:00,8063.381972260763,3,49
2015-05-07,8046.0,8065.35,8046.0,8065.35,13:15:00,8061.726546331167,3,50
2015-05-07,8052.6,8052.6,8047.95,8047.95,13:20:00,8060.857351442484,3,51
2015-05-07,8050.5,8050.5,8042.1,8048.25,13:25:00,8059.87093701939,3,52
2015-05-07,8067.75,8067.75,8051.0,8051.0,13:30:00,8060.621323969925,3,53
2015-05-07,8068.65,8071.45,8066.4,8066.4,13:35:00,8061.385959782313,3,54
2015-05-07,8062.9,8066.7,8062.6,8066.7,13:40:00,8061.530154088759,3,55
2015-05-07,8059.0,8064.95,8056.7,8061.4,13:45:00,8061.289187032687,3,56
2015-05-07,8061.45,8064.4,8058.4,8061.25,13:50:00,8061.304502553383,3,57
2015-05-07,8054.55,8060.85,8052.9,8060.85,13:55:00,8060.661216595919,3,58
2015-05-07,8047.1,8054.05,8047.1,8052.2,14:00:00,8059.369672158212,3,59
2015-05-07,8036.15,8052.75,8036.15,8052.75,14:05:00,8057.15827480981,3,60
2015-05-07,8038.45,8038.9,8026.1,8026.1,14:10:00,8055.376534351732,3,61
2015-05-07,8034.05,8037.05,8032.25,8033.9,14:15:00,8053.345435842043,3,62
2015-05-07,8042.8,8042.8,8030.05,8031.95,14:20:00,8052.341108618992,3,63
2015-05-07,8051.4,8051.4,8045.2,8045.6,14:25:00,8052.251479226707,3,64
2015-05-07,8033.45,8053.4,8033.45,8053.4,14:30:00,8050.460862157496,3,65
2015-05-07,8024.35,8039.65,8024.35,8039.65,14:35:00,8047.974113380592,3,66
2015-05-07,8023.55,8029.8,8018.5,8029.8,14:40:00,8045.648007344344,3,67
2015-05-07,7999.85,8025.25,7999.85,8025.25,14:45:00,8041.286292359168,3,68
2015-05-07,8012.05,8021.65,8010.1,8010.1,14:50:00,8038.501883563057,3,69
2015-05-07,8017.8,8017.8,8011.8,8012.55,14:55:00,8036.530275604671,3,70
2015-05-07,8041.7,8045.05,8022.3,8022.3,15:00:00,8037.0226303089885,3,71
2015-05-07,8057.55,8057.55,8038.9,8038.9,15:05:00,8038.977617898608,3,72
2015-05-07,8070.15,8076.9,8063.05,8063.05,15:10:00,8041.946416193979,3,73
2015-05-07,8062.55,8070.25,8062.55,8069.15,15:15:00,8043.908662270743,3,74
2015-05-07,8057.65,8061.8,8055.6,8061.8,15:20:00,8045.217361102101,3,75
2015-05-07,8047.5,8061.85,8047.5,8060.55,15:25:00,8045.434755282853,3,76
2015-05-08,8131.5,8131.5,8131.5,8131.5,09:10:00,8053.631445255914,4,1
2015-05-08,8130.6,8131.5,8125.35,8131.5,09:15:00,8060.96178380297,4,2
2015-05-08,8155.35,8163.0,8132.05,8132.05,09:20:00,8069.951137726496,4,3
2015-05-08,8152.6,8157.35,8147.65,8154.85,09:25:00,8077.822457943021,4,4
2015-05-08,8152.4,8152.4,8142.9,8149.65,09:30:00,8084.925080996067,4,5
2015-05-08,8162.85,8166.9,8156.05,8156.05,09:35:00,8092.346501853584,4,6
2015-05-08,8167.3,8171.4,8167.3,8169.75,09:40:00,8099.484930248481,4,7
2015-05-08,8152.35,8161.6,8152.35,8161.6,09:45:00,8104.519698796245,4,8
2015-05-08,8149.25,8155.05,8145.15,8152.65,09:50:00,8108.779727482317,4,9
2015-05-08,8155.35,8156.2,8151.5,8155.85,09:55:00,8113.21499153162,4,10
2015-05-08,8156.3,8158.95,8155.2,8158.95,10:00:00,8117.318325671466,4,11
2015-05-08,8159.2,8160.55,8159.1,8159.1,10:05:00,8121.307056559898,4,12
2015-05-08,8163.55,8163.55,8158.25,8158.25,10:10:00,8125.330194030384,4,13
2015-05-08,8167.05,8167.05,8162.15,8162.15,10:15:00,8129.303508884634,4,14
2015-05-08,8166.65,8168.95,8162.4,8168.15,10:20:00,8132.860317562287,4,15
2015-05-08,8169.6,8170.65,8168.4,8168.4,10:25:00,8136.359334937308,4,16
2015-05-08,8160.2,8167.7,8160.2,8167.55,10:30:00,8138.629874467088,4,17
2015-05-08,8160.5,8163.45,8157.25,8157.25,10:35:00,8140.71274356546,4,18
2015-05-08,8155.25,8161.6,8155.25,8161.6,10:40:00,8142.097244178273,4,19
2015-05-08,8159.3,8159.3,8156.4,8156.4,10:45:00,8143.735601875581,4,20
2015-05-08,8166.9,8166.9,8160.65,8160.65,10:50:00,8145.941735030287,4,21
2015-05-08,8165.2,8169.4,8165.2,8169.4,10:55:00,8147.775855503593,4,22
2015-05-08,8163.65,8165.6,8163.65,8165.6,11:00:00,8149.287678788965,4,23
2015-05-08,8170.8,8170.8,8166.7,8166.7,11:05:00,8151.336471285254,4,24
2015-05-08,8166.75,8170.75,8166.6,8170.75,11:10:00,8152.804426400944,4,25
2015-05-08,8170.2,8170.7,8168.35,8168.35,11:15:00,8154.461147696093,4,26
2015-05-08,8175.95,8175.95,8169.0,8169.0,11:20:00,8156.5077050583695,4,27
2015-05-08,8165.7,8173.75,8164.8,8173.75,11:25:00,8157.383161719477,4,28
2015-05-08,8164.8,8165.75,8159.35,8165.75,11:30:00,8158.089527270004,4,29
2015-05-08,8170.0,8170.0,8164.4,8164.8,11:35:00,8159.223858006193,4,30
2015-05-08,8171.3,8171.3,8168.05,8168.05,11:40:00,8160.373966767507,4,31
2015-05-08,8173.5,8173.5,8170.4,8172.2,11:45:00,8161.624065170602,4,32
2015-05-08,8166.95,8173.4,8166.95,8173.4,11:50:00,8162.131297059116,4,33
2015-05-08,8172.8,8172.8,8168.1,8168.1,11:55:00,8163.1473640058675,4,34
2015-05-08,8182.35,8186.1,8174.65,8174.65,12:00:00,8164.976186481499,4,35
2015-05-08,8183.55,8187.5,8183.55,8183.6,12:05:00,8166.745121102309,4,36
2015-05-08,8173.25,8181.3,8173.25,8180.75,12:10:00,8167.364633378279,4,37
2015-05-08,8173.5,8173.5,8166.2,8168.75,12:15:00,8167.948954008919,4,38
2015-05-08,8171.7,8171.7,8168.9,8168.9,12:20:00,8168.30619648426,4,39
2015-05-08,8180.9,8180.9,8172.3,8172.3,12:25:00,8169.505606342902,4,40
2015-05-08,8193.95,8201.1,8182.55,8182.55,12:30:00,8171.833643834054,4,41
2015-05-08,8195.45,8200.95,8194.0,8194.0,12:35:00,8174.082820611763,4,42
2015-05-08,8190.55,8197.85,8190.55,8195.25,12:40:00,8175.651123410643,4,43
2015-05-08,8196.35,8198.2,8191.15,8191.15,12:45:00,8177.622444990582,4,44
2015-05-08,8203.3,8203.5,8199.4,8199.4,12:50:00,8180.067926420051,4,45
2015-05-08,8203.55,8203.9,8202.25,8202.25,12:55:00,8182.304314380046,4,46
2015-05-08,8196.15,8202.3,8194.1,8201.05,13:00:00,8183.622951105755,4,47
2015-05-08,8196.85,8197.6,8194.45,8197.6,13:05:00,8184.882670048064,4,48
2015-05-08,8198.1,8198.85,8197.75,8197.95,13:10:00,8186.14146337682,4,49
2015-05-08,8188.8,8195.1,8188.8,8193.5,13:15:00,8186.394657340932,4,50
2015-05-08,8195.8,8195.8,8188.15,8189.6,13:20:00,8187.290404260843,4,51
2015-05-08,8200.4,8200.4,8191.25,8195.65,13:25:00,8188.538937188382,4,52
2015-05-08,8197.25,8198.2,8193.55,8198.1,13:30:00,8189.36856221806,4,53
2015-05-08,8196.95,8200.5,8196.85,8200.0,13:35:00,8190.090603911579,4,54
2015-05-08,8192.95,8195.9,8192.95,8194.15,13:40:00,8190.362927348571,4,55
2015-05-08,8175.7,8193.2,8175.7,8193.2,13:45:00,8188.966458077279,4,56
2015-05-08,8187.9,8188.5,8173.85,8179.5,13:50:00,8188.864890641347,4,57
2015-05-08,8196.6,8196.6,8185.65,8189.2,13:55:00,8189.6015677231235,4,58
2015-05-08,8203.0,8203.0,8200.7,8200.7,14:00:00,8190.87760889235,4,59
2015-05-08,8195.85,8199.1,8193.2,8199.1,14:05:00,8191.351169950221,4,60
2015-05-08,8198.3,8199.35,8194.45,8199.3,14:10:00,8192.012963288296,4,61
2015-05-08,8200.75,8200.75,8196.5,8196.5,14:15:00,8192.845062022745,4,62
2015-05-08,8208.55,8208.9,8203.35,8203.35,14:20:00,8194.340770401532,4,63
2015-05-08,8202.75,8212.1,8202.75,8208.2,14:25:00,8195.141649410909,4,64
2015-05-08,8205.9,8208.1,8200.5,8208.1,14:30:00,8196.166254228918,4,65
2015-05-08,8220.5,8223.8,8206.1,8206.1,14:35:00,8198.483753826164,4,66
2015-05-08,8215.9,8217.35,8211.6,8217.35,14:40:00,8200.142443937957,4,67
2015-05-08,8214.1,8217.3,8214.1,8215.55,14:45:00,8201.471734991484,4,68
2015-05-08,8210.0,8210.0,8206.6,8206.85,14:50:00,8202.283950706582,4,69
2015-05-08,8206.7,8213.55,8206.7,8213.55,14:55:00,8202.704526829764,4,70
2015-05-08,8206.35,8210.2,8206.35,8207.8,15:00:00,8203.051714750738,4,71
2015-05-08,8199.3,8200.35,8199.3,8199.6,15:05:00,8202.694408584,4,72
2015-05-08,8190.3,8195.85,8190.3,8195.85,15:10:00,8201.513988718858,4,73
2015-05-08,8185.8,8185.8,8180.2,8183.85,15:15:00,8200.017418364681,4,74
2015-05-08,8187.45,8187.65,8183.8,8187.65,15:20:00,8198.82052137757,4,75
2015-05-08,8187.9,8188.5,8185.45,8188.5,15:25:00,8197.780471722563,4,76
2015-05-11,8243.2,8243.2,8243.2,8243.2,09:10:00,8202.106141082319,0,1
2015-05-11,8241.2,8245.9,8239.6,8243.2,09:15:00,8205.829365741145,0,2
2015-05-11,8231.7,8241.7,8231.7,8239.85,09:20:00,8208.29323567056,0,3
2015-05-11,8234.45,8236.9,8228.45,8228.45,09:25:00,8210.784356082888,0,4
2015-05-11,8251.75,8253.6,8236.4,8236.4,09:30:00,8214.685845979755,0,5
2015-05-11,8260.65,8260.85,8255.3,8255.3,09:35:00,8219.063384457873,0,6
2015-05-11,8256.25,8261.25,8256.25,8261.25,09:40:00,8222.604966890456,0,7
2015-05-11,8263.4,8263.65,8256.1,8256.1,09:45:00,8226.490208138985,0,8
2015-05-11,8264.2,8269.35,8261.95,8268.05,09:50:00,8230.081616887654,0,9
2015-05-11,8262.65,8262.75,8261.35,8262.05,09:55:00,8233.183367660258,0,10
2015-05-11,8263.8,8263.8,8259.95,8259.95,10:00:00,8236.099237406901,0,11
2015-05-11,8257.95,8264.6,8257.95,8263.85,10:05:00,8238.180262415768,0,12
2015-05-11,8255.5,8256.7,8253.8,8253.8,10:10:00,8239.829761233314,0,13
2015-05-11,8262.85,8262.85,8258.15,8258.15,10:15:00,8242.02216492538,0,14
2015-05-11,8266.1,8270.1,8265.3,8265.3,10:20:00,8244.315292075344,0,15
2015-05-11,8269.6,8270.4,8267.55,8267.55,10:25:00,8246.72335949674,0,16
2015-05-11,8268.35,8269.35,8267.6,8269.35,10:30:00,8248.783039544669,0,17
2015-05-11,8268.85,8269.35,8267.65,8269.35,10:35:00,8250.694178635653,0,18
2015-05-11,8274.3,8274.3,8267.9,8267.9,10:40:00,8252.942352098924,0,19
2015-05-11,8277.25,8278.9,8273.1,8273.1,10:45:00,8255.25736618474,0,20
2015-05-11,8278.25,8279.5,8275.0,8277.85,10:50:00,8257.447140833812,0,21
2015-05-11,8281.65,8281.65,8275.6,8275.6,10:55:00,8259.752175040116,0,22
2015-05-11,8281.35,8282.15,8277.75,8279.1,11:00:00,8261.80911075058,0,23
2015-05-11,8282.6,8285.2,8279.45,8279.45,11:05:00,8263.789195441002,0,24
2015-05-11,8285.15,8285.15,8282.1,8284.4,11:10:00,8265.823557779955,0,25
2015-05-11,8299.0,8299.0,8290.6,8290.6,11:15:00,8268.98321894377,0,26
2015-05-11,8299.15,8303.15,8297.95,8303.15,11:20:00,8271.85624571103,0,27
2015-05-11,8304.1,8304.1,8302.6,8303.7,11:25:00,8274.927079452837,0,28
2015-05-11,8308.45,8311.65,8305.25,8305.25,11:30:00,8278.119738552567,0,29
2015-05-11,8301.75,8306.6,8301.75,8306.6,11:35:00,8280.370239642798,0,30
2015-05-11,8301.65,8305.1,8300.15,8302.25,11:40:00,8282.39688348634,0,31
2015-05-11,8304.85,8305.15,8302.45,8302.45,11:45:00,8284.535275535261,0,32
2015-05-11,8305.45,8306.3,8304.85,8304.85,11:50:00,8286.527154055713,0,33
2015-05-11,8310.85,8310.85,8303.8,8306.7,11:55:00,8288.843615574217,0,34
2015-05-11,8304.8,8315.45,8304.8,8315.45,12:00:00,8290.363271233815,0,35
2015-05-11,8297.55,8304.95,8297.55,8304.4,12:05:00,8291.047721592498,0,36
2015-05-11,8300.5,8300.5,8298.05,8299.4,12:10:00,8291.94793858369,0,37
2015-05-11,8303.15,8303.4,8300.15,8300.15,12:15:00,8293.014801575719,0,38
2015-05-11,8311.6,8311.6,8302.5,8304.35,12:20:00,8294.784820473269,0,39
2015-05-11,8310.4,8310.4,8309.35,8309.35,12:25:00,8296.271980428195,0,40
2015-05-11,8307.3,8311.0,8305.35,8310.65,12:30:00,8297.322268006463,0,41
2015-05-11,8304.75,8310.55,8304.75,8310.1,12:35:00,8298.029671053466,0,42
2015-05-11,8309.45,8312.5,8306.75,8306.75,12:40:00,8299.117321429327,0,43
2015-05-11,8313.8,8314.65,8307.35,8308.05,12:45:00,8300.51567176939,0,44
2015-05-11,8316.5,8320.15,8315.1,8315.55,12:50:00,8302.037988743734,0,45
2015-05-11,8311.15,8321.15,8311.15,8315.85,12:55:00,8302.905799339569,0,46
2015-05-11,8299.45,8310.7,8299.45,8310.7,13:00:00,8302.576675592944,0,47
2015-05-11,8302.45,8308.75,8301.8,8301.8,13:05:00,8302.564611250758,0,48
2015-05-11,8308.35,8310.15,8305.45,8305.9,13:10:00,8303.115600655448,0,49
2015-05-11,8303.25,8309.15,8303.25,8307.2,13:15:00,8303.128400593025,0,50
2015-05-11,8301.1,8306.45,8298.4,8302.8,13:20:00,8302.935219584166,0,51
2015-05-11,8307.1,8307.1,8299.6,8299.6,13:25:00,8303.331865338056,0,52
2015-05-11,8308.95,8311.65,8307.45,8307.45,13:30:00,8303.866925782051,0,53
2015-05-11,8302.6,8310.75,8302.6,8310.75,13:35:00,8303.74626618376,0,54
2015-05-11,8305.45,8306.6,8302.9,8304.05,13:40:00,8303.908526547211,0,55
2015-05-11,8308.8,8308.8,8305.75,8305.75,13:45:00,8304.374381161762,0,56
2015-05-11,8316.0,8316.0,8310.6,8312.0,13:50:00,8305.48158295588,0,57
2015-05-11,8315.45,8316.55,8314.75,8316.55,13:55:00,8306.4309560077,0,58
2015-05-11,8312.6,8316.45,8309.7,8316.45,14:00:00,8307.018484006967,0,59
2015-05-11,8308.7,8311.4,8308.7,8311.4,14:05:00,8307.178628387255,0,60
2015-05-11,8307.9,8310.5,8307.9,8309.95,14:10:00,8307.247330445613,0,61
2015-05-11,8302.6,8306.35,8300.35,8306.35,14:15:00,8306.80472754603,0,62
2015-05-11,8302.2,8304.0,8302.2,8302.3,14:20:00,8306.366182065456,0,63
2015-05-11,8302.7,8305.8,8301.0,8302.9,14:25:00,8306.017021868745,0,64
2015-05-11,8297.1,8298.4,8288.5,8298.4,14:30:00,8305.16778169077,0,65
2015-05-11,8293.85,8294.85,8288.55,8291.6,14:35:00,8304.089897720221,0,66
2015-05-11,8318.95,8318.95,8298.05,8298.05,14:40:00,8305.505145556392,0,67
2015-05-11,8317.35,8327.05,8317.35,8327.05,14:45:00,8306.633226931974,0,68
2015-05-11,8319.05,8319.3,8318.0,8318.75,14:50:00,8307.815776747977,0,69
2015-05-11,8313.75,8319.2,8309.3,8319.2,14:55:00,8308.380940867217,0,70
2015-05-11,8322.05,8322.05,8315.5,8315.5,15:00:00,8309.682756022721,0,71
2015-05-11,8324.8,8324.8,8321.75,8321.75,15:05:00,8311.122493544366,0,72
2015-05-11,8330.7,8331.1,8322.75,8322.75,15:10:00,8312.987017968713,0,73
2015-05-11,8329.0,8329.0,8327.45,8328.45,15:15:00,8314.512063876455,0,74
2015-05-11,8322.95,8325.25,8322.95,8323.4,15:20:00,8315.315676840602,0,75
2015-05-11,8322.4,8324.35,8322.35,8324.35,15:25:00,8315.990374284354,0,76
2015-05-12,8326.15,8326.15,8326.15,8326.15,09:10:00,8316.957957685845,1,1
2015-05-12,8253.15,8326.15,8253.15,8326.15,09:15:00,8310.881009334813,1,2
2015-05-12,8247.8,8260.95,8247.8,8253.9,09:20:00,8304.873294160068,1,3
2015-05-12,8238.3,8250.6,8231.9,8250.6,09:25:00,8298.532980430538,1,4
2015-05-12,8217.3,8245.3,8211.3,8245.3,09:30:00,8290.796506103821,1,5
2015-05-12,8222.05,8222.05,8207.75,8215.25,09:35:00,8284.249219808218,1,6
2015-05-12,8218.2,8225.6,8218.2,8225.05,09:40:00,8277.95881792172,1,7
2015-05-12,8211.7,8212.15,8206.3,8212.15,09:45:00,8271.648454310129,1,8
2015-05-12,8212.5,8215.7,8205.05,8211.05,09:50:00,8266.015268185354,1,9
2015-05-12,8216.2,8217.75,8211.3,8211.3,09:55:00,8261.270956929606,1,10
2015-05-12,8212.4,8218.65,8212.4,8218.65,10:00:00,8256.616580079168,1,11
2015-05-12,8212.45,8216.5,8211.65,8216.5,10:05:00,8252.410239119248,1,12
2015-05-12,8175.6,8212.45,8173.5,8212.45,10:10:00,8245.094978250749,1,13
2015-05-12,8180.2,8186.3,8180.2,8180.35,10:15:00,8238.91450413163,1,14
2015-05-12,8168.25,8178.4,8168.25,8177.1,10:20:00,8232.184551357188,1,15
2015-05-12,8171.9,8174.6,8161.95,8165.95,10:25:00,8226.443165513647,1,16
2015-05-12,8172.6,8172.6,8163.65,8165.4,10:30:00,8221.315244988538,1,17
2015-05-12,8166.95,8173.8,8166.95,8170.65,10:35:00,8216.137602608676,1,18
2015-05-12,8180.95,8180.95,8168.55,8168.55,10:40:00,8212.78640236023,1,19
2015-05-12,8171.25,8178.6,8171.25,8176.75,10:45:00,8208.830554516398,1,20
2015-05-12,8173.75,8174.85,8171.25,8171.9,10:50:00,8205.48954932436,1,21
2015-05-12,8182.85,8182.85,8172.1,8172.1,10:55:00,8203.33340176966,1,22
2015-05-12,8182.65,8185.7,8179.5,8185.7,11:00:00,8201.363553982073,1,23
2015-05-12,8175.7,8182.1,8175.7,8182.1,11:05:00,8198.919405983781,1,24
2015-05-12,8175.45,8178.25,8175.45,8176.8,11:10:00,8196.684224461516,1,25
2015-05-12,8169.45,8170.2,8168.0,8168.0,11:15:00,8194.090488798514,1,26
2015-05-12,8178.85,8178.85,8170.9,8170.9,11:20:00,8192.639013674845,1,27
2015-05-12,8184.7,8184.7,8180.05,8180.05,11:25:00,8191.882917134384,1,28
2015-05-12,8179.7,8181.65,8175.7,8181.65,11:30:00,8190.722639312062,1,29
2015-05-12,8177.25,8182.1,8177.25,8182.1,11:35:00,8189.43953080615,1,30
2015-05-12,8173.75,8176.65,8173.75,8176.25,11:40:00,8187.945289776993,1,31
2015-05-12,8169.8,8175.15,8169.8,8175.15,11:45:00,8186.217166941089,1,32
2015-05-12,8171.25,8172.2,8170.4,8170.4,11:50:00,8184.791722470509,1,33
2015-05-12,8169.35,8172.25,8168.15,8172.25,11:55:00,8183.321082235223,1,34
2015-05-12,8165.15,8171.25,8162.55,8171.1,12:00:00,8181.590502974725,1,35
2015-05-12,8160.65,8165.95,8160.65,8165.95,12:05:00,8179.596169358085,1,36
2015-05-12,8155.7,8160.85,8153.35,8160.85,12:10:00,8177.320343704934,1,37
2015-05-12,8143.35,8156.65,8143.35,8153.15,12:15:00,8174.085072875893,1,38
2015-05-12,8151.55,8151.55,8143.8,8145.15,12:20:00,8171.938875459141,1,39
2015-05-12,8156.25,8156.25,8149.85,8149.85,12:25:00,8170.444696843984,1,40
2015-05-12,8157.95,8157.95,8151.3,8153.1,12:30:00,8169.254725715986,1,41
2015-05-12,8161.55,8161.55,8157.65,8159.25,12:35:00,8168.520942314463,1,42
2015-05-12,8154.65,8163.2,8153.95,8163.2,12:40:00,8167.199900189276,1,43
2015-05-12,8156.25,8157.0,8151.5,8151.5,12:45:00,8166.157052552202,1,44
2015-05-12,8150.55,8154.55,8146.55,8154.55,12:50:00,8164.6706665948495,1,45
2015-05-12,8150.6,8150.6,8144.55,8144.55,12:55:00,8163.330603109626,1,46
2015-05-12,8152.9,8155.5,8151.25,8151.25,13:00:00,8162.33721233728,1,47
2015-05-12,8150.7,8152.95,8148.5,8152.95,13:05:00,8161.228906400396,1,48
2015-05-12,8139.55,8151.9,8139.55,8151.9,13:10:00,8159.164248647978,1,49
2015-05-12,8146.9,8147.45,8144.25,8145.3,13:15:00,8157.996224967218,1,50
2015-05-12,8143.3,8147.55,8141.4,8147.55,13:20:00,8156.59658449415,1,51
2015-05-12,8150.05,8150.05,8144.45,8144.45,13:25:00,8155.973100256612,1,52
2015-05-12,8154.2,8156.9,8151.6,8151.6,13:30:00,8155.804233565506,1,53
2015-05-12,8155.85,8157.2,8150.15,8150.8,13:35:00,8155.808592273554,1,54
2015-05-12,8153.45,8157.55,8153.45,8157.55,13:40:00,8155.583964437977,1,55
2015-05-12,8157.55,8161.5,8153.35,8153.35,13:45:00,8155.771205920075,1,56
2015-05-12,8160.9,8160.9,8157.85,8159.6,13:50:00,8156.259662499116,1,57
2015-05-12,8151.0,8157.5,8151.0,8157.05,13:55:00,8155.758742261105,1,58
2015-05-12,8135.3,8147.35,8135.3,8147.35,14:00:00,8153.810290617191,1,59
2015-05-12,8141.25,8141.25,8132.45,8138.15,14:05:00,8152.614072463173,1,60
2015-05-12,8136.75,8145.75,8136.75,8145.75,14:10:00,8151.103208419062,1,61
2015-05-12,8141.65,8143.45,8137.85,8139.15,14:15:00,8150.202902855342,1,62
2015-05-12,8145.05,8145.05,8137.35,8142.15,14:20:00,8149.712150202451,1,63
2015-05-12,8148.7,8152.1,8148.0,8148.0,14:25:00,8149.615754945074,1,64
2015-05-12,8141.1,8150.45,8141.1,8147.65,14:30:00,8148.804730664591,1,65
2015-05-12,8147.6,8147.6,8141.4,8141.4,14:35:00,8148.68999441082,1,66
2015-05-12,8139.15,8151.35,8139.15,8147.8,14:40:00,8147.781423514551,1,67
2015-05-12,8139.1,8142.35,8134.85,8141.7,14:45:00,8146.954621275069,1,68
2015-05-12,8142.95,8142.95,8135.6,8138.85,14:50:00,8146.573228772681,1,69
2015-05-12,8141.85,8146.55,8141.85,8143.2,14:55:00,8146.123397460998,1,70
2015-05-12,8128.7,8140.75,8128.7,8140.75,15:00:00,8144.464026274236,1,71
2015-05-12,8122.75,8126.55,8122.75,8126.55,15:05:00,8142.396023771927,1,72
2015-05-12,8120.75,8124.85,8120.55,8122.75,15:10:00,8140.33449769841,1,73
2015-05-12,8127.2,8127.2,8118.6,8118.6,15:15:00,8139.083593155704,1,74
2015-05-12,8133.4,8133.4,8124.05,8124.05,15:20:00,8138.542298569447,1,75
2015-05-12,8126.5,8136.55,8126.5,8136.55,15:25:00,8137.395412991404,1,76
2015-05-13,8181.55,8181.55,8181.55,8181.55,09:10:00,8141.600611754127,2,1
2015-05-13,8220.05,8220.05,8159.25,8181.55,09:15:00,8149.071982063258,2,2
2015-05-13,8236.3,8236.3,8215.2,8222.6,09:20:00,8157.379412342948,2,3
2015-05-13,8222.05,8235.45,8221.35,8230.45,09:25:00,8163.538515929334,2,4
2015-05-13,8222.6,8225.25,8218.85,8218.85,09:30:00,8169.16341917416,2,5
2015-05-13,8219.6,8222.15,8218.55,8218.55,09:35:00,8173.9669030623345,2,6
2015-05-13,8230.25,8230.25,8220.65,8221.6,09:40:00,8179.327198008778,2,7
2015-05-13,8245.35,8245.35,8227.2,8227.2,09:45:00,8185.615083912704,2,8
2015-05-13,8240.7,8245.45,8239.55,8244.6,09:50:00,8190.861266397208,2,9
2015-05-13,8247.1,8247.1,8238.2,8239.3,09:55:00,8196.21733626414,2,10
2015-05-13,8245.4,8254.25,8245.4,8247.3,10:00:00,8200.90139947708,2,11
2015-05-13,8244.8,8244.8,8238.7,8241.5,10:05:00,8205.0822185745,2,12
2015-05-13,8246.55,8248.9,8243.1,8247.65,10:10:00,8209.031531091216,2,13
2015-05-13,8243.05,8245.6,8243.05,8244.15,10:15:00,8212.271385273005,2,14
2015-05-13,8240.35,8250.45,8240.35,8245.7,10:20:00,8214.945539056527,2,15
2015-05-13,8237.1,8239.1,8235.2,8235.2,10:25:00,8217.05548771781,2,16
2015-05-13,8232.1,8236.35,8232.1,8236.35,10:30:00,8218.488298411352,2,17
2015-05-13,8229.55,8229.55,8225.5,8228.55,10:35:00,8219.541793800747,2,18
2015-05-13,8227.9,8233.65,8227.15,8233.65,10:40:00,8220.337813438771,2,19
2015-05-13,8214.65,8228.85,8214.65,8228.85,10:45:00,8219.796116920794,2,20
2015-05-13,8203.05,8214.9,8203.05,8214.9,10:50:00,8218.201248642623,2,21
2015-05-13,8154.15,8196.35,8154.15,8196.35,10:55:00,8212.101129724279,2,22
2015-05-13,8142.9,8149.05,8119.75,8149.05,11:00:00,8205.510545941013,2,23
2015-05-13,8101.05,8144.65,8101.05,8144.65,11:05:00,8195.56192251806,2,24
2015-05-13,8111.15,8119.15,8101.1,8108.95,11:10:00,8187.522691802054,2,25
2015-05-13,8142.8,8142.8,8123.2,8123.2,11:15:00,8183.263387820906,2,26
2015-05-13,8149.15,8149.15,8136.75,8146.25,11:20:00,8180.014493742725,2,27
2015-05-13,8137.7,8147.5,8133.35,8147.5,11:25:00,8175.984541957703,2,28
2015-05-13,8133.95,8143.8,8133.95,8136.1,11:30:00,8171.981252247446,2,29
2015-05-13,8143.9,8146.5,8133.0,8133.0,11:35:00,8169.306847271499,2,30
2015-05-13,8138.15,8144.1,8135.6,8143.4,11:40:00,8166.339528483737,2,31
2015-05-13,8130.55,8132.25,8127.85,8132.25,11:45:00,8162.931001961476,2,32
2015-05-13,8130.6,8133.75,8128.7,8130.0,11:50:00,8159.851858917525,2,33
2015-05-13,8119.55,8126.65,8119.55,8126.65,11:55:00,8156.013586639667,2,34
2015-05-13,8132.65,8132.65,8120.05,8120.05,12:00:00,8153.788483150174,2,35
2015-05-13,8120.4,8136.0,8120.4,8133.05,12:05:00,8150.608627612062,2,36
2015-05-13,8124.75,8126.4,8121.4,8121.4,12:10:00,8148.145901172818,2,37
2015-05-13,8131.6,8131.6,8127.2,8127.9,12:15:00,8146.570101061121,2,38
2015-05-13,8133.8,8141.3,8133.8,8141.3,12:20:00,8145.353900960062,2,39
2015-05-13,8128.9,8133.45,8127.9,8133.45,12:25:00,8143.78686277339,2,40
2015-05-13,8133.4,8133.4,8130.35,8130.35,12:30:00,8142.797637747352,2,41
2015-05-13,8143.5,8144.0,8137.8,8137.8,12:35:00,8142.864529390462,2,42
2015-05-13,8133.15,8140.45,8131.15,8140.45,12:40:00,8141.93933611518,2,43
2015-05-13,8131.45,8134.1,8131.45,8132.5,12:45:00,8140.940351723258,2,44
2015-05-13,8131.95,8136.65,8131.45,8135.2,12:50:00,8140.084127749615,2,45
2015-05-13,8139.25,8139.25,8129.35,8129.35,12:55:00,8140.004687011557,2,46
2015-05-13,8156.25,8159.4,8138.05,8138.05,13:00:00,8141.5518596771235,2,47
2015-05-13,8169.9,8177.5,8154.25,8154.25,13:05:00,8144.251682565016,2,48
2015-05-13,8173.05,8173.05,8162.55,8165.5,13:10:00,8146.994379463586,2,49
2015-05-13,8187.55,8187.55,8167.75,8170.3,13:15:00,8150.856819514674,2,50
2015-05-13,8191.9,8197.1,8189.55,8191.5,13:20:00,8154.76569384661,2,51
2015-05-13,8210.55,8213.9,8191.1,8191.1,13:25:00,8160.078484908837,2,52
2015-05-13,8217.0,8226.65,8217.0,8217.1,13:30:00,8165.499581584186,2,53
2015-05-13,8203.1,8216.95,8203.1,8215.25,13:35:00,8169.080573814263,2,54
2015-05-13,8217.75,8217.75,8210.2,8212.3,13:40:00,8173.715757260524,2,55
2015-05-13,8216.5,8216.5,8212.8,8212.8,13:45:00,8177.790447045236,2,56
2015-05-13,8221.95,8226.75,8216.75,8216.75,13:50:00,8181.996118755213,2,57
2015-05-13,8235.65,8235.65,8217.5,8222.85,13:55:00,8187.106012207098,2,58
2015-05-13,8237.5,8237.55,8233.25,8233.25,14:00:00,8191.905439615945,2,59
2015-05-13,8228.3,8233.4,8226.05,8233.4,14:05:00,8195.37158822395,2,60
2015-05-13,8226.4,8232.25,8226.4,8230.05,14:10:00,8198.326675059765,2,61
2015-05-13,8216.3,8221.4,8214.4,8221.4,14:15:00,8200.038420292169,2,62
2015-05-13,8225.85,8227.7,8220.3,8220.3,14:20:00,8202.49666597863,2,63
2015-05-13,8237.8,8237.8,8226.5,8233.25,14:25:00,8205.858888266379,2,64
2015-05-13,8231.4,8233.3,8227.1,8233.3,14:30:00,8208.291375098153,2,65
2015-05-13,8223.75,8231.35,8218.7,8231.35,14:35:00,8209.763625088806,2,66
2015-05-13,8232.85,8232.85,8221.9,8221.9,14:40:00,8211.9623274613,2,67
2015-05-13,8224.35,8234.0,8223.65,8234.0,14:45:00,8213.142105798319,2,68
2015-05-13,8212.4,8224.5,8206.85,8223.7,14:50:00,8213.07142905562,2,69
2015-05-13,8212.8,8216.15,8212.35,8216.15,14:55:00,8213.045578669371,2,70
2015-05-13,8234.4,8234.4,8221.05,8221.05,15:00:00,8215.079333081812,2,71
2015-05-13,8235.8,8242.9,8235.8,8242.9,15:05:00,8217.052729931163,2,72
2015-05-13,8231.95,8238.3,8231.95,8238.3,15:10:00,8218.471517556767,2,73
2015-05-13,8232.05,8235.4,8232.05,8234.95,15:15:00,8219.764706360886,2,74
2015-05-13,8236.2,8236.2,8231.15,8231.15,15:20:00,8221.329972421754,2,75
2015-05-13,8237.05,8238.15,8235.9,8235.9,15:25:00,8222.827117905397,2,76
2015-05-14,8232.45,8232.45,8232.45,8232.45,09:10:00,8223.743582866788,3,1
2015-05-14,8164.65,8232.45,8164.65,8232.45,09:15:00,8218.115622593761,3,2
2015-05-14,8160.9,8163.4,8143.65,8148.3,09:20:00,8212.66651568007,3,3
2015-05-14,8175.5,8175.5,8162.4,8163.25,09:25:00,8209.126847520063,3,4
2015-05-14,8190.65,8190.65,8176.6,8176.6,09:30:00,8207.367147756248,3,5
2015-05-14,8189.05,8191.35,8183.65,8185.85,09:35:00,8205.622657493748,3,6
2015-05-14,8187.25,8191.4,8185.4,8191.4,09:40:00,8203.87288058958,3,7
2015-05-14,8179.4,8186.95,8173.0,8186.95,09:45:00,8201.54213005724,3,8
2015-05-14,8183.1,8185.8,8178.05,8178.05,09:50:00,8199.785736718455,3,9
2015-05-14,8191.75,8192.05,8186.75,8186.75,09:55:00,8199.020428459555,3,10
2015-05-14,8190.0,8191.3,8188.7,8191.3,10:00:00,8198.161340034836,3,11
2015-05-14,8208.8,8211.85,8192.35,8192.35,10:05:00,8199.174545745804,3,12
2015-05-14,8203.7,8217.05,8203.7,8215.85,10:10:00,8199.60554138906,3,13
2015-05-14,8205.75,8206.7,8203.85,8203.85,10:15:00,8200.190727923436,3,14
2015-05-14,8208.85,8213.65,8208.85,8212.15,10:20:00,8201.015420502157,3,15
2015-05-14,8218.35,8218.35,8208.5,8208.5,10:25:00,8202.666332835286,3,16
2015-05-14,8212.75,8222.6,8211.6,8222.6,10:30:00,8203.626682089069,3,17
2015-05-14,8207.85,8213.95,8207.75,8212.9,10:35:00,8204.02890284249,3,18
2015-05-14,8182.55,8204.9,8182.55,8204.9,10:40:00,8201.983293047968,3,19
2015-05-14,8180.95,8185.8,8170.95,8185.8,10:45:00,8199.980122281495,3,20
2015-05-14,8184.05,8184.8,8179.3,8181.1,10:50:00,8198.462967778494,3,21
2015-05-14,8176.75,8178.7,8176.75,8177.05,10:55:00,8196.395066085304,3,22
2015-05-14,8178.0,8178.6,8175.3,8175.3,11:00:00,8194.64315502956,3,23
2015-05-14,8185.0,8189.9,8179.15,8179.15,11:05:00,8193.72475931246,3,24
2015-05-14,8179.75,8187.6,8179.75,8187.6,11:10:00,8192.39382985413,3,25
2015-05-14,8186.4,8188.45,8183.6,8183.6,11:15:00,8191.822988915642,3,26
2015-05-14,8187.5,8189.8,8186.65,8186.65,11:20:00,8191.41127568558,3,27
2015-05-14,8184.6,8190.5,8183.2,8188.0,11:25:00,8190.762582763145,3,28
2015-05-14,8180.95,8183.65,8178.95,8183.65,11:30:00,8189.828051071417,3,29
2015-05-14,8180.75,8181.3,8180.35,8181.2,11:35:00,8188.9634747789,3,30
2015-05-14,8183.2,8184.85,8182.0,8183.5,11:40:00,8188.414572419006,3,31
2015-05-14,8190.65,8190.65,8185.55,8185.55,11:45:00,8188.627470283863,3,32
2015-05-14,8190.85,8196.35,8190.85,8194.85,11:50:00,8188.839139780637,3,33
2015-05-14,8188.95,8191.8,8186.75,8191.2,11:55:00,8188.849697896767,3,34
2015-05-14,8186.3,8191.3,8186.3,8191.3,12:00:00,8188.606869525646,3,35
2015-05-14,8193.4,8193.4,8189.35,8190.55,12:05:00,8189.063358142252,3,36
2015-05-14,8191.05,8193.15,8191.05,8191.6,12:10:00,8189.252562128704,3,37
2015-05-14,8181.05,8190.95,8181.05,8190.95,12:15:00,8188.471365735494,3,38
2015-05-14,8186.95,8187.75,8182.45,8182.45,12:20:00,8188.326473760685,3,39
2015-05-14,8185.75,8189.8,8185.3,8189.15,12:25:00,8188.081095307287,3,40
2015-05-14,8191.8,8191.8,8186.55,8186.55,12:30:00,8188.435276706593,3,41
2015-05-14,8183.15,8191.75,8183.15,8190.8,12:35:00,8187.931917020251,3,42
2015-05-14,8174.9,8185.15,8174.9,8185.15,12:40:00,8186.690782065941,3,43
2015-05-14,8177.95,8178.6,8171.7,8171.7,12:45:00,8185.85832663109,3,44
2015-05-14,8179.6,8181.3,8178.15,8179.65,12:50:00,8185.262295523366,3,45
2015-05-14,8172.35,8178.1,8172.35,8178.1,12:55:00,8184.032553092569,3,46
2015-05-14,8176.05,8176.1,8172.8,8176.1,13:00:00,8183.272309940896,3,47
2015-05-14,8170.1,8176.1,8163.25,8176.1,13:05:00,8182.017804232239,3,48
2015-05-14,8176.6,8176.6,8164.85,8164.85,13:10:00,8181.501822876788,3,49
2015-05-14,8182.35,8182.45,8176.45,8176.45,13:15:00,8181.582601650427,3,50
2015-05-14,8204.6,8204.6,8185.55,8185.55,13:20:00,8183.774734826577,3,51
2015-05-14,8197.4,8206.85,8197.4,8203.05,13:25:00,8185.072379128807,3,52
2015-05-14,8196.6,8197.2,8193.65,8193.65,13:30:00,8186.170247783207,3,53
2015-05-14,8194.3,8194.3,8191.45,8191.45,13:35:00,8186.944509899092,3,54
2015-05-14,8201.15,8201.65,8196.75,8196.75,13:40:00,8188.297413718226,3,55
2015-05-14,8193.25,8203.3,8193.25,8203.3,13:45:00,8188.769088602205,3,56
2015-05-14,8193.2,8194.35,8189.4,8189.4,13:50:00,8189.1910801639,3,57
2015-05-14,8194.45,8194.45,8192.45,8192.45,13:55:00,8189.6919296721,3,58
2015-05-14,8182.4,8192.2,8179.15,8192.2,14:00:00,8188.997460179518,3,59
2015-05-14,8194.95,8198.35,8188.25,8188.25,14:05:00,8189.564368733851,3,60
2015-05-14,8204.6,8204.6,8193.4,8196.7,14:10:00,8190.996333616341,3,61
2015-05-14,8201.75,8203.05,8198.95,8201.15,14:15:00,8192.020492319547,3,62
2015-05-14,8207.15,8207.9,8198.0,8198.0,14:20:00,8193.461397812924,3,63
2015-05-14,8208.65,8209.8,8207.0,8207.0,14:25:00,8194.90793135455,3,64
2015-05-14,8204.75,8204.75,8197.15,8198.85,14:30:00,8195.845271225546,3,65
2015-05-14,8201.85,8201.85,8198.6,8200.75,14:35:00,8196.417150156445,3,66
2015-05-14,8203.65,8203.65,8198.9,8202.05,14:40:00,8197.105992998688,3,67
2015-05-14,8209.25,8210.9,8206.8,8206.9,14:45:00,8198.262565094052,3,68
2015-05-14,8230.55,8230.55,8212.45,8212.45,14:50:00,8201.337558894618,3,69
2015-05-14,8213.8,8220.15,8213.25,8220.15,14:55:00,8202.524458047512,3,70
2015-05-14,8221.55,8221.55,8211.2,8211.2,15:00:00,8204.336414423939,3,71
2015-05-14,8220.3,8220.3,8216.2,8216.2,15:05:00,8205.856755907373,3,72
2015-05-14,8227.15,8231.8,8223.1,8223.1,15:10:00,8207.884683916194,3,73
2015-05-14,8227.15,8228.55,8220.05,8228.55,15:15:00,8209.719475924176,3,74
2015-05-14,8226.9,8234.7,8226.9,8234.7,15:20:00,8211.35571631235,3,75
2015-05-14,8222.1,8226.35,8222.1,8226.35,15:25:00,8212.37898142546,3,76
2015-05-15,8240.3,8240.3,8240.3,8240.3,09:10:00,8215.038126051606,4,1
2015-05-15,8264.6,8277.5,8240.3,8240.3,09:15:00,8219.758304522882,4,2
2015-05-15,8273.1,8273.1,8259.7,8259.7,09:20:00,8224.838465996892,4,3
2015-05-15,8254.2,8277.5,8254.2,8277.5,09:25:00,8227.634802568617,4,4
2015-05-15,8220.25,8258.85,8220.25,8255.3,09:30:00,8226.931488038272,4,5
2015-05-15,8243.6,8243.6,8229.9,8229.9,09:35:00,8228.51896536796,4,6
2015-05-15,8242.35,8247.5,8240.9,8247.5,09:40:00,8229.836206761489,4,7
2015-05-15,8245.7,8249.2,8238.95,8238.95,09:45:00,8231.347044212775,4,8
2015-05-15,8254.2,8254.2,8242.8,8242.8,09:50:00,8233.52351619251,4,9
2015-05-15,8257.95,8263.8,8257.95,8263.8,09:55:00,8235.8498479837,4,10
2015-05-15,8259.8,8259.8,8255.6,8256.3,10:00:00,8238.130814842396,4,11
2015-05-15,8259.65,8260.25,8256.1,8260.25,10:05:00,8240.18026104788,4,12
2015-05-15,8254.45,8262.1,8254.45,8260.3,10:10:00,8241.539283805227,4,13
2015-05-15,8248.15,8249.1,8245.7,8249.1,10:15:00,8242.168875823776,4,14
2015-05-15,8250.3,8254.4,8250.3,8250.95,10:20:00,8242.943268602463,4,15
2015-05-15,8251.65,8252.85,8250.5,8251.15,10:25:00,8243.772481116514,4,16
2015-05-15,8248.35,8250.15,8248.35,8249.65,10:30:00,8244.208435295894,4,17
2015-05-15,8241.35,8246.35,8239.7,8246.35,10:35:00,8243.936203362951,4,18
2015-05-15,8243.35,8243.35,8234.9,8238.35,10:40:00,8243.880374471242,4,19
2015-05-15,8240.1,8245.8,8240.1,8245.8,10:45:00,8243.520338807315,4,20
2015-05-15,8235.2,8236.1,8233.5,8234.65,10:50:00,8242.727925587571,4,21
2015-05-15,8238.35,8238.35,8231.7,8231.7,10:55:00,8242.310980293516,4,22
2015-05-15,8237.6,8240.1,8235.9,8237.1,11:00:00,8241.862315503657,4,23
2015-05-15,8243.05,8243.55,8241.65,8242.25,11:05:00,8241.975428312831,4,24
2015-05-15,8239.45,8244.2,8239.45,8243.6,11:10:00,8241.734911330657,4,25
2015-05-15,8243.05,8243.05,8240.55,8240.85,11:15:00,8241.860157870595,4,26
2015-05-15,8242.7,8243.35,8241.0,8241.0,11:20:00,8241.9401428353,4,27
2015-05-15,8248.8,8248.8,8245.55,8245.55,11:25:00,8242.593462565272,4,28
2015-05-15,8247.65,8248.85,8242.5,8248.85,11:30:00,8243.075037559054,4,29
2015-05-15,8250.0,8250.0,8247.05,8248.2,11:35:00,8243.734557791526,4,30
2015-05-15,8252.05,8252.05,8249.65,8250.2,11:40:00,8244.526504668524,4,31
2015-05-15,8259.55,8259.55,8250.0,8250.0,11:45:00,8245.957313747711,4,32
2015-05-15,8261.45,8261.45,8257.35,8258.25,11:50:00,8247.4328076765,4,33
2015-05-15,8253.65,8256.15,8253.65,8256.15,11:55:00,8248.02492123112,4,34
2015-05-15,8256.05,8256.25,8252.55,8252.55,12:00:00,8248.789214447203,4,35
2015-05-15,8262.65,8262.65,8255.95,8256.45,12:05:00,8250.109289261754,4,36
2015-05-15,8259.4,8263.85,8258.55,8261.6,12:10:00,8250.994118855873,4,37
2015-05-15,8270.4,8270.55,8258.7,8258.7,12:15:00,8252.842298012456,4,38
2015-05-15,8264.25,8267.45,8264.25,8267.0,12:20:00,8253.928745820795,4,39
2015-05-15,8260.4,8265.7,8259.8,8265.7,12:25:00,8254.545055742625,4,40
2015-05-15,8255.8,8260.3,8255.8,8260.3,12:30:00,8254.664574243327,4,41
2015-05-15,8259.65,8259.65,8256.25,8257.55,12:35:00,8255.139376696343,4,42
2015-05-15,8265.75,8266.8,8261.1,8261.1,12:40:00,8256.149912249071,4,43
2015-05-15,8260.85,8266.6,8260.85,8266.6,12:45:00,8256.597539653922,4,44
2015-05-15,8255.2,8262.4,8255.2,8261.75,12:50:00,8256.464440639262,4,45
2015-05-15,8250.6,8255.55,8247.25,8255.25,12:55:00,8255.905922483142,4,46
2015-05-15,8252.25,8252.85,8250.05,8250.05,13:00:00,8255.55773938951,4,47
2015-05-15,8257.65,8258.5,8254.25,8254.25,13:05:00,8255.757002304794,4,48
2015-05-15,8258.5,8261.4,8257.75,8257.75,13:10:00,8256.018240180529,4,49
2015-05-15,8262.35,8262.35,8258.3,8258.3,13:15:00,8256.621264925241,4,50
2015-05-15,8252.6,8261.25,8252.6,8261.25,13:20:00,8256.238287313314,4,51
2015-05-15,8258.0,8258.0,8254.2,8254.55,13:25:00,8256.406069473951,4,52
2015-05-15,8255.25,8258.35,8255.25,8258.35,13:30:00,8256.29596761929,4,53
2015-05-15,8249.2,8256.2,8247.15,8255.4,13:35:00,8255.620161179357,4,54
2015-05-15,8252.35,8252.35,8249.4,8250.0,13:40:00,8255.308717257514,4,55
2015-05-15,8258.25,8259.75,8256.15,8256.15,13:45:00,8255.588839423464,4,56
2015-05-15,8255.45,8258.8,8255.45,8258.8,13:50:00,8255.575616621229,4,57
2015-05-15,8261.85,8263.05,8258.85,8258.85,13:55:00,8256.173176943017,4,58
2015-05-15,8263.8,8266.25,8263.2,8263.45,14:00:00,8256.899541043682,4,59
2015-05-15,8266.6,8269.8,8263.45,8263.45,14:05:00,8257.823394277617,4,60
2015-05-15,8257.2,8262.9,8257.2,8262.9,14:10:00,8257.764023394035,4,61
2015-05-15,8263.3,8263.6,8257.6,8257.6,14:15:00,8258.29125926127,4,62
2015-05-15,8267.45,8267.45,8261.6,8261.6,14:20:00,8259.163520284006,4,63
2015-05-15,8269.5,8271.75,8266.4,8266.4,14:25:00,8260.147946923626,4,64
2015-05-15,8266.0,8271.35,8266.0,8268.95,14:30:00,8260.705285311851,4,65
2015-05-15,8260.35,8263.45,8257.65,8263.45,14:35:00,8260.671448615485,4,66
2015-05-15,8251.65,8263.15,8251.65,8262.8,14:40:00,8259.812263033058,4,67
2015-05-15,8242.55,8259.05,8242.55,8255.55,14:45:00,8258.16823798229,4,68
2015-05-15,8255.25,8257.35,8242.75,8242.75,14:50:00,8257.890310555405,4,69
2015-05-15,8258.75,8260.6,8256.55,8256.55,14:55:00,8257.972185740604,4,70
2015-05-15,8267.75,8271.55,8257.35,8257.35,15:00:00,8258.90340614626,4,71
2015-05-15,8269.6,8269.6,8265.25,8267.25,15:05:00,8259.922129370427,4,72
2015-05-15,8260.25,8265.0,8259.5,8263.75,15:10:00,8259.953355144673,4,73
2015-05-15,8261.25,8261.25,8259.1,8260.65,15:15:00,8260.076845130894,4,74
2015-05-15,8255.2,8262.1,8255.2,8262.1,15:20:00,8259.612383689857,4,75
2015-05-15,8257.95,8258.5,8257.4,8258.5,15:25:00,8259.45406143368,4,76
2015-05-18,8284.95,8284.95,8284.95,8284.95,09:10:00,8261.882246059044,0,1
2015-05-18,8284.05,8292.85,8273.7,8284.95,09:15:00,8263.993460720087,0,2
2015-05-18,8286.85,8286.85,8281.75,8284.8,09:20:00,8266.17027398484,0,3
2015-05-18,8308.3,8313.6,8284.35,8284.35,09:25:00,8270.182628843428,0,4
2015-05-18,8302.1,8306.8,8302.1,8306.65,09:30:00,8273.222378477387,0,5
2015-05-18,8302.7,8308.3,8302.7,8307.0,09:35:00,8276.02977100335,0,6
2015-05-18,8302.15,8303.3,8300.7,8303.3,09:40:00,8278.517411860174,0,7
2015-05-18,8311.25,8311.25,8302.25,8302.5,09:45:00,8281.634801206823,0,8
2015-05-18,8319.5,8319.5,8309.25,8309.25,09:50:00,8285.241010615697,0,9
2015-05-18,8317.65,8320.05,8316.25,8316.25,09:55:00,8288.327581033249,0,10
2015-05-18,8308.5,8315.3,8307.9,8315.0,10:00:00,8290.248763791988,0,11
2015-05-18,8310.3,8310.3,8307.9,8308.75,10:05:00,8292.158405335607,0,12
2015-05-18,8314.15,8314.55,8312.0,8312.15,10:10:00,8294.252842922693,0,13
2015-05-18,8313.3,8314.5,8313.1,8313.7,10:15:00,8296.066857882437,0,14
2015-05-18,8319.45,8319.45,8311.2,8311.2,10:20:00,8298.293823798396,0,15
2015-05-18,8319.65,8320.7,8318.95,8318.95,10:25:00,8300.327745341407,0,16
2015-05-18,8314.9,8319.9,8314.9,8319.9,10:30:00,8301.715579118416,0,17
2015-05-18,8304.8,8312.55,8304.8,8312.55,10:35:00,8302.00933348809,0,18
2015-05-18,8304.3,8304.55,8302.55,8304.55,10:40:00,8302.22749220351,0,19
2015-05-18,8303.3,8309.15,8303.3,8308.9,10:45:00,8302.329635803177,0,20
2015-05-18,8289.2,8306.1,8289.2,8303.25,10:50:00,8301.079194298112,0,21
2015-05-18,8294.75,8294.75,8287.95,8289.2,10:55:00,8300.476413888768,0,22
2015-05-18,8289.8,8295.15,8287.2,8287.2,11:00:00,8299.459612566028,0,23
2015-05-18,8291.8,8295.2,8291.45,8291.45,11:05:00,8298.730125654978,0,24
2015-05-18,8290.65,8293.5,8290.65,8291.35,11:10:00,8297.960589878314,0,25
2015-05-18,8297.35,8297.35,8290.85,8290.85,11:15:00,8297.902438461331,0,26
2015-05-18,8299.6,8301.5,8297.25,8297.25,11:20:00,8298.064110988824,0,27
2015-05-18,8297.4,8300.0,8297.4,8299.9,11:25:00,8298.00086232322,0,28
2015-05-18,8298.2,8298.2,8296.35,8296.35,11:30:00,8298.019827816246,0,29
2015-05-18,8305.8,8305.8,8299.45,8299.5,11:35:00,8298.760796595652,0,30
2015-05-18,8301.95,8304.1,8301.95,8304.1,11:40:00,8299.064530253208,0,31
2015-05-18,8298.0,8302.4,8298.0,8302.4,11:45:00,8298.96314641957,0,32
2015-05-18,8298.35,8299.8,8298.35,8299.1,11:50:00,8298.904751522468,0,33
2015-05-18,8295.35,8297.75,8293.65,8297.75,11:55:00,8298.566203758424,0,34
2015-05-18,8296.2,8296.25,8294.85,8295.55,12:00:00,8298.340851019526,0,35
2015-05-18,8302.9,8302.9,8296.65,8297.3,12:05:00,8298.775055684333,0,36
2015-05-18,8303.0,8304.0,8302.05,8303.2,12:10:00,8299.177431333444,0,37
2015-05-18,8296.25,8305.5,8296.25,8303.4,12:15:00,8298.898628349307,0,38
2015-05-18,8299.0,8304.15,8297.7,8297.7,12:20:00,8298.90828279223,0,39
2015-05-18,8299.85,8300.9,8299.85,8300.35,12:25:00,8298.997970145352,0,40
2015-05-18,8295.35,8298.85,8295.35,8298.65,12:30:00,8298.650544417224,0,41
2015-05-18,8296.25,8297.5,8295.2,8295.7,12:35:00,8298.421921139392,0,42
2015-05-18,8294.25,8296.55,8294.25,8296.55,12:40:00,8298.024595316592,0,43
2015-05-18,8294.95,8294.95,8291.1,8291.1,12:45:00,8297.731776715013,0,44
2015-05-18,8303.65,8303.65,8297.0,8297.0,12:50:00,8298.295417027868,0,45
2015-05-18,8305.6,8305.6,8303.15,8303.15,12:55:00,8298.991091596643,0,46
2015-05-18,8306.9,8306.9,8303.2,8303.45,13:00:00,8299.744320968392,0,47
2015-05-18,8301.65,8309.05,8301.65,8309.05,13:05:00,8299.925814209497,0,48
2015-05-18,8304.35,8305.75,8303.3,8305.75,13:10:00,8300.347165237165,0,49
2015-05-18,8302.25,8305.8,8302.25,8304.4,13:15:00,8300.52838759553,0,50
2015-05-18,8304.2,8306.3,8303.4,8303.4,13:20:00,8300.878064967384,0,51
2015-05-18,8307.2,8307.6,8304.65,8305.7,13:25:00,8301.48015401811,0,52
2015-05-18,8310.65,8310.65,8307.3,8308.65,13:30:00,8302.353472683053,0,53
2015-05-18,8315.15,8315.15,8309.1,8309.1,13:35:00,8303.572189570381,0,54
2015-05-18,8316.9,8317.55,8314.9,8314.9,13:40:00,8304.841504849392,0,55
2015-05-18,8319.65,8320.05,8315.15,8316.35,13:45:00,8306.251837720878,0,56
2015-05-18,8318.95,8318.95,8314.95,8317.65,13:50:00,8307.461186509367,0,57
2015-05-18,8328.4,8332.6,8321.75,8321.75,13:55:00,8309.45535922276,0,58
2015-05-18,8326.35,8327.15,8324.95,8327.15,14:00:00,8311.064372630117,0,59
2015-05-18,8324.65,8325.5,8321.15,8325.5,14:05:00,8312.35824190344,0,60
2015-05-18,8325.9,8327.85,8324.25,8324.25,14:10:00,8313.64793315073,0,61
2015-05-18,8327.95,8328.8,8325.05,8325.05,14:15:00,8315.010034755423,0,62
2015-05-18,8338.65,8338.65,8329.5,8329.5,14:20:00,8317.261460016813,0,63
2015-05-18,8333.7,8337.1,8332.45,8337.1,14:25:00,8318.827035253307,0,64
2015-05-18,8340.25,8342.3,8337.35,8337.35,14:30:00,8320.867317610135,0,65
2015-05-18,8344.95,8344.95,8340.6,8342.95,14:35:00,8323.16090640917,0,66
2015-05-18,8337.0,8344.15,8337.0,8343.3,14:40:00,8324.478915322583,0,67
2015-05-18,8338.35,8339.7,8336.8,8336.8,14:45:00,8325.799971006147,0,68
2015-05-18,8338.4,8339.6,8336.4,8339.6,14:50:00,8326.999973767466,0,69
2015-05-18,8339.0,8339.0,8337.25,8337.3,14:55:00,8328.14283340866,0,70
2015-05-18,8359.1,8359.1,8343.35,8343.35,15:00:00,8331.091134988787,0,71
2015-05-18,8372.45,8372.45,8364.35,8364.35,15:05:00,8335.030074513663,0,72
2015-05-18,8379.65,8379.7,8373.8,8373.8,15:10:00,8339.279591226647,0,73
2015-05-18,8376.35,8377.3,8373.5,8375.3,15:15:00,8342.810106347919,0,74
2015-05-18,8378.7,8378.7,8374.1,8375.75,15:20:00,8346.228191457642,0,75
2015-05-18,8377.6,8379.65,8376.2,8379.65,15:25:00,8349.21598274739,0,76
2015-05-19,8356.2,8356.2,8356.2,8356.2,09:10:00,8349.881127247638,1,1
2015-05-19,8348.35,8356.2,8348.0,8356.2,09:15:00,8349.735305605005,1,2
2015-05-19,8362.0,8365.65,8356.15,8356.15,09:20:00,8350.903371737862,1,3
2015-05-19,8354.15,8359.6,8354.15,8359.6,09:25:00,8351.212574429494,1,4
2015-05-19,8346.05,8348.05,8335.8,8348.05,09:30:00,8350.720900674303,1,5
2015-05-19,8348.2,8348.2,8339.3,8339.3,09:35:00,8350.480814895798,1,6
2015-05-19,8350.5,8350.5,8345.5,8345.5,09:40:00,8350.482642048579,1,7
2015-05-19,8350.05,8351.75,8349.25,8350.8,09:45:00,8350.441438043952,1,8
2015-05-19,8353.0,8353.0,8348.9,8351.2,09:50:00,8350.685110611195,1,9
2015-05-19,8346.65,8354.8,8345.95,8354.8,09:55:00,8350.30081436251,1,10
2015-05-19,8346.15,8348.45,8343.85,8346.8,10:00:00,8349.905498708937,1,11
2015-05-19,8348.05,8348.05,8344.9,8344.9,10:05:00,8349.72878454618,1,12
2015-05-19,8355.0,8355.45,8350.35,8350.35,10:10:00,8350.230805065592,1,13
2015-05-19,8354.7,8358.5,8354.7,8357.55,10:15:00,8350.656442678392,1,14
2015-05-19,8355.85,8358.0,8354.4,8354.4,10:20:00,8351.151067185212,1,15
2015-05-19,8360.95,8360.95,8355.9,8356.2,10:25:00,8352.084298881859,1,16
2015-05-19,8357.45,8363.3,8357.45,8363.3,10:30:00,8352.595318035968,1,17
2015-05-19,8363.5,8363.5,8359.05,8359.05,10:35:00,8353.6338591754,1,18
2015-05-19,8367.95,8367.95,8365.75,8366.45,10:40:00,8354.997301158695,1,19
2015-05-19,8366.6,8368.6,8365.65,8368.6,10:45:00,8356.102320095963,1,20
2015-05-19,8364.15,8365.5,8364.1,8364.75,10:50:00,8356.86876580111,1,21
2015-05-19,8363.25,8363.25,8358.8,8360.3,10:55:00,8357.47650239148,1,22
2015-05-19,8357.9,8363.45,8357.9,8363.45,11:00:00,8357.516835497054,1,23
2015-05-19,8356.5,8358.7,8355.15,8358.5,11:05:00,8357.419994021144,1,24
2015-05-19,8360.75,8360.9,8356.5,8356.5,11:10:00,8357.737137447702,1,25
2015-05-19,8362.5,8362.5,8360.7,8360.7,11:15:00,8358.190743405064,1,26
2015-05-19,8363.4,8364.35,8362.55,8362.55,11:20:00,8358.686863080773,1,27
2015-05-19,8362.35,8363.3,8362.1,8363.3,11:25:00,8359.035733263556,1,28
2015-05-19,8362.0,8362.2,8360.9,8362.15,11:30:00,8359.318044381313,1,29
2015-05-19,8366.5,8366.5,8361.4,8362.6,11:35:00,8360.00204015452,1,30
2015-05-19,8374.1,8374.1,8366.35,8366.35,11:40:00,8361.344702996947,1,31
2015-05-19,8373.75,8377.85,8373.75,8377.85,11:45:00,8362.52615985438,1,32
2015-05-19,8371.3,8373.5,8370.6,8373.5,11:50:00,8363.361763677773,1,33
2015-05-19,8373.95,8374.45,8372.35,8372.35,11:55:00,8364.370167137033,1,34
2015-05-19,8382.4,8382.4,8376.2,8377.45,12:00:00,8366.087294076364,1,35
2015-05-19,8395.65,8395.65,8384.85,8384.85,12:05:00,8368.902789878615,1,36
2015-05-19,8394.75,8395.65,8390.55,8395.65,12:10:00,8371.364428937795,1,37
2015-05-19,8393.4,8398.6,8393.05,8398.6,12:15:00,8373.463054753243,1,38
2015-05-19,8400.15,8400.15,8393.45,8393.45,12:20:00,8376.004668586269,1,39
2015-05-19,8397.85,8398.4,8394.05,8397.15,12:25:00,8378.085176339957,1,40
2015-05-19,8395.1,8396.1,8394.75,8395.15,12:30:00,8379.70563573615,1,41
2015-05-19,8405.55,8405.55,8392.9,8392.9,12:35:00,8382.167003761278,1,42
2015-05-19,8400.15,8404.35,8400.15,8404.35,12:40:00,8383.879670069728,1,43
2015-05-19,8406.05,8406.05,8399.8,8400.75,12:45:00,8385.991130063087,1,44
2015-05-19,8409.65,8409.65,8405.45,8405.45,12:50:00,8388.244355771363,1,45
2015-05-19,8405.5,8409.65,8405.5,8409.65,12:55:00,8389.887750459806,1,46
2015-05-19,8403.75,8405.2,8402.1,8405.2,13:00:00,8391.207964701729,1,47
2015-05-19,8401.65,8402.7,8401.55,8402.3,13:05:00,8392.202444253946,1,48
2015-05-19,8409.2,8409.75,8404.1,8404.1,13:10:00,8393.821259086904,1,49
2015-05-19,8409.6,8409.6,8405.95,8407.1,13:15:00,8395.323996316723,1,50
2015-05-19,8412.9,8412.9,8410.0,8411.75,13:20:00,8396.997901429417,1,51
2015-05-19,8410.2,8412.3,8409.85,8410.9,13:25:00,8398.255244150425,1,52
2015-05-19,8409.75,8412.55,8409.75,8411.85,13:30:00,8399.349982802765,1,53
2015-05-19,8408.4,8409.95,8408.2,8408.85,13:35:00,8400.211889202501,1,54
2015-05-19,8411.9,8411.9,8409.7,8409.75,13:40:00,8401.325042611787,1,55
2015-05-19,8418.45,8418.75,8410.75,8410.85,13:45:00,8402.955990934473,1,56
2015-05-19,8424.2,8424.2,8418.4,8418.4,13:50:00,8404.979229893095,1,57
2015-05-19,8421.6,8421.6,8418.45,8419.55,13:55:00,8406.562160379466,1,58
2015-05-19,8423.7,8426.3,8421.7,8421.7,14:00:00,8408.194335581422,1,59
2015-05-19,8419.9,8426.25,8419.9,8426.25,14:05:00,8409.309160764144,1,60
2015-05-19,8398.2,8419.35,8395.4,8419.35,14:10:00,8408.251145453272,1,61
2015-05-19,8362.75,8395.8,8362.75,8395.8,14:15:00,8403.917703029152,1,62
2015-05-19,8345.8,8369.5,8345.8,8369.5,14:20:00,8398.382683693042,1,63
2015-05-19,8368.85,8368.85,8336.85,8336.85,14:25:00,8395.570047150848,1,64
2015-05-19,8363.8,8366.65,8362.2,8362.95,14:30:00,8392.544328374577,1,65
2015-05-19,8364.15,8368.1,8364.0,8368.1,14:35:00,8389.840106624617,1,66
2015-05-19,8347.65,8366.3,8347.65,8366.3,14:40:00,8385.822001231796,1,67
2015-05-19,8357.8,8362.8,8356.0,8356.0,14:45:00,8383.15323920972,1,68
2015-05-19,8367.55,8367.55,8361.35,8365.05,14:50:00,8381.667216427843,1,69
2015-05-19,8371.6,8376.55,8370.8,8370.8,14:55:00,8380.708433910904,1,70
2015-05-19,8381.3,8381.3,8371.0,8371.0,15:00:00,8380.764773538438,1,71
2015-05-19,8374.65,8381.85,8374.6,8377.95,15:05:00,8380.182414153825,1,72
2015-05-19,8363.05,8367.2,8362.65,8366.75,15:10:00,8378.550755662985,1,73
2015-05-19,8364.15,8368.45,8364.15,8368.45,15:15:00,8377.179255123654,1,74
2015-05-19,8355.8,8363.45,8355.8,8363.45,15:20:00,8375.143135588069,1,75
2015-05-19,8357.55,8358.05,8356.7,8357.85,15:25:00,8373.467598865396,1,76
2015-05-20,8392.65,8392.65,8392.65,8392.65,09:10:00,8375.294494211548,2,1
2015-05-20,8417.3,8417.3,8392.65,8392.65,09:15:00,8379.295018572353,2,2
2015-05-20,8418.6,8421.15,8416.8,8421.15,09:20:00,8383.03835013689,2,3
2015-05-20,8419.2,8421.85,8417.85,8421.85,09:25:00,8386.48231679052,2,4
2015-05-20,8429.4,8429.4,8419.9,8419.9,09:30:00,8390.569715191423,2,5
2015-05-20,8424.25,8432.1,8424.25,8432.1,09:35:00,8393.777361363667,2,6
2015-05-20,8424.95,8426.8,8424.95,8426.8,09:40:00,8396.746184090938,2,7
2015-05-20,8423.5,8426.4,8423.5,8425.15,09:45:00,8399.294166558468,2,8
2015-05-20,8434.55,8434.55,8426.0,8426.0,09:50:00,8402.65186498147,2,9
2015-05-20,8434.6,8434.6,8433.6,8434.3,09:55:00,8405.694544507043,2,10
2015-05-20,8437.65,8438.95,8437.1,8438.95,10:00:00,8408.737921220658,2,11
2015-05-20,8427.25,8432.5,8427.25,8432.5,10:05:00,8410.5009763425,2,12
2015-05-20,8425.1,8429.05,8421.55,8429.05,10:10:00,8411.891359547977,2,13
2015-05-20,8423.0,8423.95,8418.8,8422.65,10:15:00,8412.949325305312,2,14
2015-05-20,8424.0,8424.0,8422.7,8422.7,10:20:00,8414.00177051433,2,15
2015-05-20,8433.75,8433.75,8425.0,8425.0,10:25:00,8415.88255427487,2,16
2015-05-20,8434.15,8437.25,8434.15,8435.8,10:30:00,8417.622311010597,2,17
2015-05-20,8435.3,8435.35,8433.5,8435.35,10:35:00,8419.30590043816,2,18
2015-05-20,8424.8,8436.0,8424.8,8436.0,10:40:00,8419.829148015477,2,19
2015-05-20,8421.8,8423.7,8420.55,8423.7,10:45:00,8420.01684820448,2,20
2015-05-20,8424.15,8424.15,8421.05,8423.35,10:50:00,8420.410481708814,2,21
2015-05-20,8425.7,8425.7,8422.8,8424.55,10:55:00,8420.914245355594,2,22
2015-05-20,8435.1,8435.1,8429.75,8429.75,11:00:00,8422.265269607442,2,23
2015-05-20,8433.4,8433.4,8430.75,8431.4,11:05:00,8423.325720121018,2,24
2015-05-20,8432.25,8434.0,8432.15,8433.8,11:10:00,8424.175651538064,2,25
2015-05-20,8436.45,8438.45,8435.95,8435.95,11:15:00,8425.344637105867,2,26
2015-05-20,8437.35,8437.35,8433.2,8434.4,11:20:00,8426.488005000547,2,27
2015-05-20,8429.85,8439.25,8429.85,8436.1,11:25:00,8426.808195000494,2,28
2015-05-20,8426.25,8427.75,8424.5,8426.05,11:30:00,8426.755033571877,2,29
2015-05-20,8421.9,8426.55,8421.9,8426.55,11:35:00,8426.292649422174,2,30
2015-05-20,8427.9,8428.15,8423.5,8423.5,11:40:00,8426.445730429587,2,31
2015-05-20,8428.1,8430.05,8427.95,8428.35,11:45:00,8426.603279912482,2,32
2015-05-20,8425.05,8427.45,8425.05,8427.45,11:50:00,8426.455348492247,2,33
2015-05-20,8427.55,8427.6,8425.45,8426.45,11:55:00,8426.559601016794,2,34
2015-05-20,8425.7,8428.2,8425.7,8427.65,12:00:00,8426.47773425329,2,35
2015-05-20,8424.4,8424.95,8422.4,8424.95,12:05:00,8426.279854800596,2,36
2015-05-20,8409.95,8421.5,8409.95,8421.5,12:10:00,8424.724630533872,2,37
2015-05-20,8415.15,8415.15,8403.55,8408.6,12:15:00,8423.812760959217,2,38
2015-05-20,8416.1,8418.55,8414.6,8414.6,12:20:00,8423.078212296436,2,39
2015-05-20,8413.65,8414.9,8410.1,8414.9,12:25:00,8422.180287315823,2,40
2015-05-20,8414.3,8414.65,8411.85,8411.85,12:30:00,8421.429783761934,2,41
2015-05-20,8410.25,8414.35,8410.25,8413.4,12:35:00,8420.365042451274,2,42
2015-05-20,8415.9,8416.3,8410.5,8410.5,12:40:00,8419.939800313057,2,43
2015-05-20,8418.2,8419.7,8417.4,8417.4,12:45:00,8419.774105045148,2,44
2015-05-20,8417.65,8419.65,8415.25,8419.65,12:50:00,8419.571809326562,2,45
2015-05-20,8420.9,8421.75,8417.9,8418.75,12:55:00,8419.698303676414,2,46
2015-05-20,8425.55,8425.55,8422.95,8423.0,13:00:00,8420.255608088184,2,47
2015-05-20,8427.25,8427.5,8424.15,8425.05,13:05:00,8420.921740651214,2,48
2015-05-20,8416.0,8424.15,8416.0,8424.15,13:10:00,8420.453003446337,2,49
2015-05-20,8417.8,8417.8,8416.15,8416.15,13:15:00,8420.200336451448,2,50
2015-05-20,8419.25,8419.75,8417.9,8418.05,13:20:00,8420.109828217977,2,51
2015-05-20,8416.8,8420.15,8416.8,8420.15,13:25:00,8419.794606482932,2,52
2015-05-20,8407.65,8413.35,8407.65,8413.35,13:30:00,8418.637977294082,2,53
2015-05-20,8413.55,8413.55,8407.3,8407.3,13:35:00,8418.153408027978,2,54
2015-05-20,8413.0,8414.4,8413.0,8413.4,13:40:00,8417.662607263408,2,55
2015-05-20,8414.1,8414.1,8410.2,8410.4,13:45:00,8417.32331133356,2,56
2015-05-20,8414.55,8416.15,8411.6,8413.25,13:50:00,8417.059186444649,2,57
2015-05-20,8417.2,8418.5,8415.35,8418.5,13:55:00,8417.072597259445,2,58
2015-05-20,8413.7,8418.15,8413.7,8418.15,14:00:00,8416.75139752045,2,59
2015-05-20,8425.1,8425.1,8415.25,8415.25,14:05:00,8417.546502518502,2,60
2015-05-20,8419.35,8424.0,8419.35,8424.0,14:10:00,8417.718264183406,2,61
2015-05-20,8417.1,8420.7,8417.1,8419.2,14:15:00,8417.659381880225,2,62
2015-05-20,8424.6,8424.6,8416.55,8416.85,14:20:00,8418.320393129727,2,63
2015-05-20,8420.35,8421.9,8418.8,8421.75,14:25:00,8418.513689022133,2,64
2015-05-20,8419.5,8422.7,8418.8,8422.7,14:30:00,8418.607623400978,2,65
2015-05-20,8418.95,8423.25,8418.95,8421.2,14:35:00,8418.640230696123,2,66
2015-05-20,8417.45,8420.05,8417.3,8420.05,14:40:00,8418.52687539173,2,67
2015-05-20,8417.05,8418.25,8416.0,8416.0,14:45:00,8418.386220592518,2,68
2015-05-20,8421.75,8421.95,8416.9,8417.15,14:50:00,8418.706580536087,2,69
2015-05-20,8427.35,8428.05,8423.95,8423.95,14:55:00,8419.529763342174,2,70
2015-05-20,8421.35,8432.55,8421.35,8426.45,15:00:00,8419.703119214348,2,71
2015-05-20,8422.4,8427.25,8418.9,8424.9,15:05:00,8419.959965003458,2,72
2015-05-20,8422.25,8423.9,8420.75,8422.1,15:10:00,8420.178063574556,2,73
2015-05-20,8424.8,8424.8,8422.3,8423.4,15:15:00,8420.618247996026,2,74
2015-05-20,8423.05,8426.8,8422.75,8426.8,15:20:00,8420.849843424976,2,75
2015-05-20,8415.15,8422.6,8415.15,8422.6,15:25:00,8420.307001194025,2,76
2015-05-21,8434.5,8434.5,8434.5,8434.5,09:10:00,8421.658715366022,3,1
2015-05-21,8429.0,8434.5,8411.9,8434.5,09:15:00,8422.357885331163,3,2
2015-05-21,8436.45,8436.45,8425.05,8429.5,09:20:00,8423.699991490099,3,3
2015-05-21,8426.7,8439.7,8426.7,8436.1,09:25:00,8423.98570658628,3,4
2015-05-21,8408.05,8428.0,8408.05,8428.0,09:30:00,8422.468020244729,3,5
2015-05-21,8410.55,8415.8,8408.35,8411.7,09:35:00,8421.332970697611,3,6
2015-05-21,8415.35,8415.35,8405.55,8408.0,09:40:00,8420.763163964506,3,7
2015-05-21,8422.4,8422.4,8414.1,8414.9,09:45:00,8420.919053110743,3,8
2015-05-21,8421.75,8422.0,8419.7,8420.35,09:50:00,8420.99819090972,3,9
2015-05-21,8413.65,8419.65,8413.4,8419.65,09:55:00,8420.298363204032,3,10
2015-05-21,8410.2,8415.9,8405.95,8415.9,10:00:00,8419.336614327458,3,11
2015-05-21,8397.15,8406.8,8391.0,8406.8,10:05:00,8417.223603439128,3,12
2015-05-21,8392.7,8395.8,8384.3,8395.8,10:10:00,8414.888022159212,3,13
2015-05-21,8402.65,8403.55,8395.55,8395.55,10:15:00,8413.722496239287,3,14
2015-05-21,8391.55,8398.95,8391.55,8398.95,10:20:00,8411.610829930783,3,15
2015-05-21,8386.6,8390.0,8385.3,8390.0,10:25:00,8409.228846127851,3,16
2015-05-21,8385.05,8389.35,8385.05,8388.35,10:30:00,8406.92609887758,3,17
2015-05-21,8392.1,8392.1,8385.15,8385.5,10:35:00,8405.514089460668,3,18
2015-05-21,8396.2,8396.2,8393.15,8393.15,10:40:00,8404.627033321558,3,19
2015-05-21,8400.65,8400.65,8396.6,8396.65,10:45:00,8404.248268243315,3,20
2015-05-21,8404.3,8404.3,8400.65,8400.65,10:50:00,8404.253195077285,3,21
2015-05-21,8404.0,8406.7,8402.8,8406.7,10:55:00,8404.2290812604,3,22
2015-05-21,8407.5,8407.5,8404.8,8405.35,11:00:00,8404.540597330839,3,23
2015-05-21,8403.9,8408.3,8403.9,8408.3,11:05:00,8404.479588061235,3,24
2015-05-21,8402.2,8402.2,8400.1,8401.5,11:10:00,8404.262484436354,3,25
2015-05-21,8394.25,8402.0,8394.25,8402.0,11:15:00,8403.308914490035,3,26
2015-05-21,8392.45,8395.5,8392.45,8395.5,11:20:00,8402.274732157652,3,27
2015-05-21,8391.9,8392.7,8390.65,8391.3,11:25:00,8401.28666242835,3,28
2015-05-21,8396.7,8396.7,8392.2,8392.2,11:30:00,8400.849837435175,3,29
2015-05-21,8399.15,8399.15,8397.7,8397.7,11:35:00,8400.687948155633,3,30
2015-05-21,8400.0,8400.05,8398.7,8398.85,11:40:00,8400.622429283669,3,31
2015-05-21,8398.6,8400.9,8398.6,8400.75,11:45:00,8400.429816970938,3,32
2015-05-21,8398.8,8400.85,8398.65,8400.85,11:50:00,8400.27459630704,3,33
2015-05-21,8392.2,8399.5,8392.2,8399.5,11:55:00,8399.505587134941,3,34
2015-05-21,8396.45,8396.5,8395.45,8395.45,12:00:00,8399.214578836376,3,35
2015-05-21,8398.5,8399.35,8394.5,8395.85,12:05:00,8399.146523709102,3,36
2015-05-21,8406.25,8406.55,8401.9,8401.9,12:10:00,8399.823045260615,3,37
2015-05-21,8412.3,8412.85,8406.7,8406.7,12:15:00,8401.011326664366,3,38
2015-05-21,8408.85,8409.75,8407.35,8409.6,12:20:00,8401.757866982045,3,39
2015-05-21,8408.25,8410.1,8407.8,8407.8,12:25:00,8402.376165364707,3,40
2015-05-21,8410.75,8410.75,8409.5,8409.5,12:30:00,8403.173673425212,3,41
2015-05-21,8408.8,8412.45,8408.8,8411.4,12:35:00,8403.709514051383,3,42
2015-05-21,8405.1,8409.1,8405.1,8408.75,12:40:00,8403.841941284585,3,43
2015-05-21,8405.95,8406.45,8405.85,8406.45,12:45:00,8404.042708781291,3,44
2015-05-21,8402.3,8406.25,8399.45,8406.25,12:50:00,8403.876736516406,3,45
2015-05-21,8404.3,8404.3,8400.8,8402.5,12:55:00,8403.917047324367,3,46
2015-05-21,8407.15,8407.15,8402.55,8405.6,13:00:00,8404.224947579189,3,47
2015-05-21,8416.7,8419.05,8409.35,8409.35,13:05:00,8405.413047809741,3,48
2015-05-21,8412.3,8418.05,8412.3,8418.05,13:10:00,8406.068948018337,3,49
2015-05-21,8410.4,8410.4,8406.75,8410.0,13:15:00,8406.481429159448,3,50
2015-05-21,8417.0,8417.0,8411.8,8411.8,13:20:00,8407.483197810929,3,51
2015-05-21,8419.6,8419.6,8415.55,8416.9,13:25:00,8408.637178971792,3,52
2015-05-21,8422.75,8422.75,8417.4,8417.4,13:30:00,8409.981257164955,3,53
2015-05-21,8423.35,8429.25,8423.35,8424.25,13:35:00,8411.254470768292,3,54
2015-05-21,8429.0,8432.85,8423.8,8423.8,13:40:00,8412.944521171312,3,55
2015-05-21,8434.05,8434.05,8428.65,8428.65,13:45:00,8414.954566774044,3,56
2015-05-21,8426.8,8433.45,8425.05,8433.45,13:50:00,8416.082703271753,3,57
2015-05-21,8426.75,8428.7,8424.15,8424.15,13:55:00,8417.098636293491,3,58
2015-05-21,8416.9,8426.2,8416.9,8426.2,14:00:00,8417.079718551253,3,59
2015-05-21,8418.9,8419.8,8415.25,8415.25,14:05:00,8417.25307868923,3,60
2015-05-21,8416.35,8422.15,8416.35,8421.6,14:10:00,8417.167071195017,3,61
2015-05-21,8410.45,8414.2,8410.45,8411.95,14:15:00,8416.527350128825,3,62
2015-05-21,8423.0,8423.25,8412.75,8412.75,14:20:00,8417.143792973699,3,63
2015-05-21,8416.0,8419.95,8416.0,8419.95,14:25:00,8417.034860309537,3,64
2015-05-21,8418.1,8420.3,8414.2,8414.2,14:30:00,8417.13630218482,3,65
2015-05-21,8417.2,8417.4,8412.8,8417.4,14:35:00,8417.142368643408,3,66
2015-05-21,8422.95,8422.95,8415.6,8416.25,14:40:00,8417.695476391655,3,67
2015-05-21,8421.9,8422.9,8420.0,8422.9,14:45:00,8418.095907211497,3,68
2015-05-21,8417.35,8418.65,8417.35,8418.4,14:50:00,8418.02486842945,3,69
2015-05-21,8406.35,8416.35,8406.35,8416.35,14:55:00,8416.912976198073,3,70
2015-05-21,8424.85,8424.85,8411.05,8411.05,15:00:00,8417.668883226828,3,71
2015-05-21,8423.15,8424.15,8422.6,8423.65,15:05:00,8418.190894348083,3,72
2015-05-21,8421.15,8424.3,8418.75,8421.75,15:10:00,8418.47271393398,3,73
2015-05-21,8422.1,8425.0,8421.65,8422.9,15:15:00,8418.818169749791,3,74
2015-05-21,8419.6,8423.0,8419.6,8423.0,15:20:00,8418.89262977362,3,75
2015-05-21,8418.85,8421.35,8417.45,8417.5,15:25:00,8418.88856979518,3,76
2015-05-22,8432.5,8432.5,8432.5,8432.5,09:10:00,8420.184896481353,4,1
2015-05-22,8421.85,8438.75,8421.85,8430.9,09:15:00,8420.343477768844,4,2
2015-05-22,8428.55,8434.35,8424.5,8424.5,09:20:00,8421.125051314668,4,3
2015-05-22,8431.75,8431.75,8426.45,8426.45,09:25:00,8422.13695118946,4,4
2015-05-22,8431.8,8433.8,8428.85,8428.85,09:30:00,8423.05724155237,4,5
2015-05-22,8421.3,8430.45,8421.3,8430.45,09:35:00,8422.889885214048,4,6
2015-05-22,8428.55,8428.55,8425.45,8425.45,09:40:00,8423.428943765091,4,7
2015-05-22,8434.35,8434.35,8427.8,8427.8,09:45:00,8424.469044358892,4,8
2015-05-22,8434.9,8437.2,8434.9,8437.2,09:50:00,8425.462468705664,4,9
2015-05-22,8440.1,8440.45,8434.7,8434.7,09:55:00,8426.856519305125,4,10
2015-05-22,8439.45,8440.05,8437.65,8439.15,10:00:00,8428.055898418923,4,11
2015-05-22,8434.95,8439.7,8434.95,8439.7,10:05:00,8428.712479521882,4,12
2015-05-22,8433.55,8433.7,8433.2,8433.35,10:10:00,8429.173195757892,4,13
2015-05-22,8438.8,8438.8,8434.4,8434.4,10:15:00,8430.09003425714,4,14
2015-05-22,8442.35,8442.35,8439.35,8440.4,10:20:00,8431.257650042175,4,15
2015-05-22,8442.85,8442.85,8440.45,8440.45,10:25:00,8432.361683371491,4,16
2015-05-22,8458.65,8458.65,8443.7,8443.7,10:30:00,8434.865332574207,4,17
2015-05-22,8458.1,8463.9,8457.0,8457.0,10:35:00,8437.07815804333,4,18
2015-05-22,8458.75,8458.75,8456.4,8456.7,10:40:00,8439.142142991584,4,19
2015-05-22,8464.4,8464.4,8458.2,8458.2,10:45:00,8441.54765318286,4,20
2015-05-22,8466.15,8466.45,8463.55,8463.55,10:50:00,8443.890733832111,4,21
2015-05-22,8466.75,8466.95,8464.55,8465.5,10:55:00,8446.067806800482,4,22
2015-05-22,8468.3,8469.6,8466.7,8469.6,11:00:00,8448.185158533768,4,23
2015-05-22,8465.6,8467.6,8465.6,8467.6,11:05:00,8449.843714863886,4,24
2015-05-22,8462.7,8465.0,8462.7,8465.0,11:10:00,8451.068122972087,4,25
2015-05-22,8464.25,8465.15,8462.65,8462.65,11:15:00,8452.323539831888,4,26
2015-05-22,8463.35,8463.65,8462.0,8462.0,11:20:00,8453.373678895518,4,27
2015-05-22,8465.15,8465.9,8462.45,8462.45,11:25:00,8454.495233286421,4,28
2015-05-22,8470.25,8473.35,8469.2,8469.2,11:30:00,8455.995687259143,4,29
2015-05-22,8466.95,8469.95,8466.95,8469.95,11:35:00,8457.038955139225,4,30
2015-05-22,8464.05,8466.65,8464.05,8466.65,11:40:00,8457.706673697394,4,31
2015-05-22,8466.75,8467.05,8464.7,8464.7,11:45:00,8458.567942869071,4,32
2015-05-22,8469.75,8469.75,8468.0,8468.1,11:50:00,8459.632900691064,4,33
2015-05-22,8470.75,8474.3,8470.7,8470.7,11:55:00,8460.69167205382,4,34
2015-05-22,8473.8,8473.8,8471.3,8471.3,12:00:00,8461.94008423917,4,35
2015-05-22,8473.9,8475.35,8473.7,8473.7,12:05:00,8463.07912383544,4,36
2015-05-22,8477.35,8479.2,8476.15,8476.15,12:10:00,8464.43825489873,4,37
2015-05-22,8476.7,8477.8,8475.5,8477.8,12:15:00,8465.606040146471,4,38
2015-05-22,8477.2,8477.2,8474.0,8474.75,12:20:00,8466.710226799189,4,39
2015-05-22,8478.05,8479.15,8477.55,8477.6,12:25:00,8467.790205199266,4,40
2015-05-22,8471.0,8477.3,8471.0,8477.3,12:30:00,8468.095899942193,4,41
2015-05-22,8464.1,8469.9,8464.1,8469.9,12:35:00,8467.715338042935,4,42
2015-05-22,8461.95,8463.45,8457.45,8463.45,12:40:00,8467.166258229323,4,43
2015-05-22,8467.15,8467.65,8464.75,8464.75,12:45:00,8467.164709826531,4,44
2015-05-22,8465.9,8470.05,8465.9,8470.05,12:50:00,8467.044261271623,4,45
2015-05-22,8470.55,8471.5,8470.2,8470.85,12:55:00,8467.378141150517,4,46
2015-05-22,8473.8,8474.9,8470.9,8470.9,13:00:00,8467.98974675523,4,47
2015-05-22,8476.4,8478.0,8473.95,8473.95,13:05:00,8468.790723254731,4,48
2015-05-22,8478.5,8478.5,8474.65,8475.4,13:10:00,8469.71541627809,4,49
2015-05-22,8486.65,8489.1,8482.6,8482.6,13:15:00,8471.328233775414,4,50
2015-05-22,8481.7,8486.4,8481.7,8484.7,13:20:00,8472.316021034898,4,51
2015-05-22,8471.55,8481.65,8471.55,8481.65,13:25:00,8472.24306665062,4,52
2015-05-22,8460.35,8475.25,8460.35,8475.0,13:30:00,8471.110393636276,4,53
2015-05-22,8464.4,8467.55,8464.4,8467.3,13:35:00,8470.47130852806,4,54
2015-05-22,8472.7,8472.7,8466.55,8466.55,13:40:00,8470.68356485872,4,55
2015-05-22,8473.25,8473.25,8471.45,8472.85,13:45:00,8470.927987253128,4,56
2015-05-22,8478.8,8478.8,8474.25,8474.55,13:50:00,8471.67770275283,4,57
2015-05-22,8465.85,8479.05,8465.85,8479.05,13:55:00,8471.122683443036,4,58
2015-05-22,8449.75,8462.9,8449.75,8462.9,14:00:00,8469.087189781794,4,59
2015-05-22,8457.3,8457.8,8449.9,8449.9,14:05:00,8467.964600278767,4,60
2015-05-22,8457.5,8460.5,8453.05,8460.5,14:10:00,8466.96797168079,4,61
2015-05-22,8464.2,8465.25,8459.4,8459.4,14:15:00,8466.704355330237,4,62
2015-05-22,8459.95,8463.45,8459.95,8463.45,14:20:00,8466.061083394025,4,63
2015-05-22,8459.6,8461.45,8455.8,8455.8,14:25:00,8465.445742118403,4,64
2015-05-22,8461.1,8464.15,8459.1,8459.1,14:30:00,8465.031861916652,4,65
2015-05-22,8450.35,8459.8,8450.35,8459.8,14:35:00,8463.633589353161,4,66
2015-05-22,8454.25,8454.25,8445.35,8449.85,14:40:00,8462.73991417667,4,67
2015-05-22,8462.35,8462.35,8456.35,8457.3,14:45:00,8462.702779493176,4,68
2015-05-22,8460.0,8460.85,8459.3,8460.8,14:50:00,8462.445371922398,4,69
2015-05-22,8458.3,8460.05,8456.0,8458.0,14:55:00,8462.050574596455,4,70
2015-05-22,8467.45,8467.45,8454.6,8454.6,15:00:00,8462.564805587268,4,71
2015-05-22,8465.25,8468.65,8465.25,8466.8,15:05:00,8462.820538388482,4,72
2015-05-22,8463.8,8467.7,8457.2,8457.2,15:10:00,8462.913820446722,4,73
2015-05-22,8463.15,8466.2,8461.2,8461.2,15:15:00,8462.936313737511,4,74
2015-05-22,8456.6,8459.05,8456.15,8459.05,15:20:00,8462.33285528632,4,75
2015-05-22,8446.25,8451.75,8446.25,8451.75,15:25:00,8460.801154782861,4,76
2015-05-25,8438.15,8438.15,8438.15,8438.15,09:10:00,8458.643901946398,0,1
2015-05-25,8432.05,8438.15,8421.05,8438.15,09:15:00,8456.111149380074,0,2
2015-05-25,8430.6,8440.65,8429.4,8429.4,09:20:00,8453.681516105782,0,3
2015-05-25,8429.95,8429.95,8423.15,8426.55,09:25:00,8451.421371714756,0,4
2015-05-25,8428.4,8430.9,8428.4,8429.45,09:30:00,8449.228860122874,0,5
2015-05-25,8422.7,8423.0,8415.55,8423.0,09:35:00,8446.702302015934,0,6
2015-05-25,8427.55,8435.45,8427.55,8431.2,09:40:00,8444.87827325251,0,7
2015-05-25,8423.65,8427.75,8422.6,8425.85,09:45:00,8442.856532942747,0,8
2015-05-25,8422.0,8426.35,8420.85,8426.35,09:50:00,8440.87019647201,0,9
2015-05-25,8419.85,8424.7,8419.85,8422.95,09:55:00,8438.868272998485,0,10
2015-05-25,8424.2,8425.65,8419.05,8419.05,10:00:00,8437.471294617677,0,11
2015-05-25,8422.45,8427.5,8422.45,8426.55,10:05:00,8436.04069513028,0,12
2015-05-25,8427.45,8427.45,8424.85,8424.85,10:10:00,8435.2225336893,0,13
2015-05-25,8430.3,8430.3,8429.2,8429.6,10:15:00,8434.753720956985,0,14
2015-05-25,8438.05,8438.05,8433.8,8433.8,10:20:00,8435.067652294416,0,15
2015-05-25,8431.75,8437.15,8431.75,8437.15,10:25:00,8434.751685409234,0,16
2015-05-25,8427.75,8431.1,8426.7,8431.1,10:30:00,8434.084858227403,0,17
2015-05-25,8429.7,8430.6,8427.45,8427.45,10:35:00,8433.667252681937,0,18
2015-05-25,8430.9,8431.05,8428.7,8429.5,10:40:00,8433.403704807466,0,19
2015-05-25,8429.2,8430.35,8427.9,8428.9,10:45:00,8433.00335196866,0,20
2015-05-25,8429.6,8430.55,8428.9,8429.75,10:50:00,8432.679223209741,0,21
2015-05-25,8427.15,8427.2,8425.9,8425.9,10:55:00,8432.1526305231,0,22
2015-05-25,8431.75,8431.75,8429.45,8429.45,11:00:00,8432.114284758996,0,23
2015-05-25,8429.2,8432.1,8429.2,8430.6,11:05:00,8431.836733829568,0,24
2015-05-25,8426.2,8429.55,8426.2,8429.55,11:10:00,8431.299902036277,0,25
2015-05-25,8425.1,8425.4,8423.35,8424.5,11:15:00,8430.709435175679,0,26
2015-05-25,8427.2,8427.2,8425.1,8425.1,11:20:00,8430.375203254185,0,27
2015-05-25,8427.65,8428.75,8426.6,8426.6,11:25:00,8430.11566008712,0,28
2015-05-25,8425.7,8428.5,8425.1,8428.5,11:30:00,8429.695121031204,0,29
2015-05-25,8426.2,8426.2,8424.55,8424.55,11:35:00,8429.362252361565,0,30
2015-05-25,8430.7,8430.7,8427.65,8427.65,11:40:00,8429.489656898559,0,31
2015-05-25,8433.55,8434.6,8431.1,8431.55,11:45:00,8429.876356241553,0,32
2015-05-25,8428.35,8433.55,8428.35,8433.55,11:50:00,8429.730988980453,0,33
2015-05-25,8426.85,8428.25,8423.6,8428.25,11:55:00,8429.456609077552,0,34
2015-05-25,8427.15,8427.15,8425.45,8426.15,12:00:00,8429.236932022546,0,35
2015-05-25,8429.1,8429.7,8427.35,8427.35,12:05:00,8429.223890877542,0,36
2015-05-25,8429.8,8429.8,8429.25,8429.7,12:10:00,8429.278758413015,0,37
2015-05-25,8430.25,8430.3,8429.45,8430.3,12:15:00,8429.371257611776,0,38
2015-05-25,8426.9,8428.9,8426.8,8428.9,12:20:00,8429.135899743987,0,39
2015-05-25,8425.45,8426.95,8425.45,8426.15,12:25:00,8428.784861673132,0,40
2015-05-25,8424.0,8425.8,8424.0,8425.55,12:30:00,8428.329160561405,0,41
2015-05-25,8421.75,8425.1,8421.75,8425.1,12:35:00,8427.702573841272,0,42
2015-05-25,8412.4,8421.05,8412.4,8420.8,12:40:00,8426.245185856389,0,43
2015-05-25,8401.7,8404.8,8396.15,8402.5,12:45:00,8423.907549108162,0,44
2015-05-25,8398.45,8401.05,8395.65,8397.05,12:50:00,8421.48302062167,0,45
2015-05-25,8396.5,8398.7,8393.55,8398.7,12:55:00,8419.103685324368,0,46
2015-05-25,8395.65,8400.45,8395.65,8397.75,13:00:00,8416.870001007761,0,47
2015-05-25,8393.15,8396.15,8393.15,8394.0,13:05:00,8414.610953292737,0,48
2015-05-25,8397.1,8397.1,8392.4,8392.4,13:10:00,8412.943243455333,0,49
2015-05-25,8394.35,8397.65,8393.65,8397.65,13:15:00,8411.172458364348,0,50
2015-05-25,8374.4,8393.95,8374.4,8393.95,13:20:00,8407.670319472505,0,51
2015-05-25,8379.85,8379.85,8372.15,8378.55,13:25:00,8405.020765237028,0,52
2015-05-25,8379.4,8379.55,8376.65,8377.25,13:30:00,8402.58069235731,0,53
2015-05-25,8375.5,8379.5,8375.5,8379.5,13:35:00,8400.001578799473,0,54
2015-05-25,8373.7,8376.7,8372.95,8375.5,13:40:00,8397.496666532857,0,55
2015-05-25,8384.5,8384.5,8377.0,8377.0,13:45:00,8396.258888767823,0,56
2015-05-25,8388.7,8390.65,8385.9,8388.1,13:50:00,8395.53899459946,0,57
2015-05-25,8382.15,8392.75,8382.15,8390.05,13:55:00,8394.263852256654,0,58
2015-05-25,8385.15,8385.75,8384.0,8384.3,14:00:00,8393.39586632745,0,59
2015-05-25,8388.3,8390.0,8384.3,8385.4,14:05:00,8392.910545724835,0,60
2015-05-25,8387.45,8388.1,8386.45,8388.1,14:10:00,8392.390493751042,0,61
2015-05-25,8384.25,8386.6,8384.25,8386.6,14:15:00,8391.615208631894,0,62
2015-05-25,8386.1,8386.1,8384.15,8384.15,14:20:00,8391.089950666952,0,63
2015-05-25,8394.05,8394.85,8389.05,8389.05,14:25:00,8391.371860127241,0,64
2015-05-25,8396.0,8397.9,8396.0,8396.7,14:30:00,8391.812635353217,0,65
2015-05-25,8391.15,8396.1,8390.45,8395.15,14:35:00,8391.74952722434,0,66
2015-05-25,8379.85,8388.3,8379.85,8388.3,14:40:00,8390.61623891726,0,67
2015-05-25,8372.15,8376.5,8370.35,8375.3,14:45:00,8388.85754949657,0,68
2015-05-25,8370.65,8374.1,8369.75,8374.1,14:50:00,8387.123497163564,0,69
2015-05-25,8368.9,8370.65,8365.0,8370.65,14:55:00,8385.387926005129,0,70
2015-05-25,8376.9,8377.4,8370.45,8370.45,15:00:00,8384.579552099878,0,71
2015-05-25,8369.1,8373.75,8365.35,8373.75,15:05:00,8383.105309042747,0,72
2015-05-25,8371.6,8371.6,8367.2,8369.25,15:10:00,8382.00956532439,0,73
2015-05-25,8372.7,8373.9,8369.85,8372.6,15:15:00,8381.1229400554,0,74
2015-05-25,8369.1,8372.15,8369.1,8372.15,15:20:00,8379.977898145362,0,75
2015-05-25,8371.8,8373.0,8368.85,8368.85,15:25:00,8379.199050702946,0,76
2015-05-26,8377.1,8377.1,8377.1,8377.1,09:10:00,8378.99914111219,1,1
2015-05-26,8373.9,8377.1,8362.2,8377.1,09:15:00,8378.513508625316,1,2
2015-05-26,8366.9,8375.85,8366.9,8374.45,09:20:00,8377.40746018481,1,3
2015-05-26,8349.8,8366.35,8349.8,8366.35,09:25:00,8374.778178262446,1,4
2015-05-26,8342.05,8352.3,8338.9,8352.3,09:30:00,8371.661208904117,1,5
2015-05-26,8346.9,8349.4,8343.9,8343.9,09:35:00,8369.302998532297,1,6
2015-05-26,8344.15,8348.3,8344.15,8348.3,09:40:00,8366.907474862555,1,7
2015-05-26,8345.9,8345.9,8342.8,8343.7,09:45:00,8364.906762970882,1,8
2015-05-26,8352.4,8352.8,8345.85,8345.85,09:50:00,8363.715642687941,1,9
2015-05-26,8356.2,8356.2,8354.3,8354.35,09:55:00,8362.999867193852,1,10
2015-05-26,8357.9,8357.95,8355.55,8357.95,10:00:00,8362.514165556342,1,11
2015-05-26,8361.15,8361.15,8355.55,8358.75,10:05:00,8362.384245027166,1,12
2015-05-26,8365.85,8367.0,8363.45,8363.45,10:10:00,8362.714316929341,1,13
2015-05-26,8360.55,8368.65,8360.55,8368.65,10:15:00,8362.508191507499,1,14
2015-05-26,8354.35,8358.7,8354.35,8357.9,10:20:00,8361.731220887737,1,15
2015-05-26,8353.75,8355.05,8353.6,8353.6,10:25:00,8360.971104612714,1,16
2015-05-26,8347.65,8351.95,8347.3,8351.95,10:30:00,8359.702427982933,1,17
2015-05-26,8354.65,8354.65,8350.7,8350.7,10:35:00,8359.22124436551,1,18
2015-05-26,8351.85,8353.95,8349.3,8353.05,10:40:00,8358.519221092603,1,19
2015-05-26,8351.35,8354.9,8351.35,8352.85,10:45:00,8357.836438131402,1,20
2015-05-26,8356.65,8356.65,8350.1,8350.1,10:50:00,8357.72344402365,1,21
2015-05-26,8354.75,8358.3,8354.75,8358.3,10:55:00,8357.440258878541,1,22
2015-05-26,8354.8,8356.2,8354.2,8354.2,11:00:00,8357.188805652015,1,23
2015-05-26,8353.1,8354.55,8351.65,8354.55,11:05:00,8356.799395589918,1,24
2015-05-26,8355.8,8355.8,8353.05,8354.55,11:10:00,8356.704215057545,1,25
2015-05-26,8353.25,8355.0,8353.25,8354.6,11:15:00,8356.375242194921,1,26
2015-05-26,8354.95,8354.95,8351.95,8352.55,11:20:00,8356.239504843024,1,27
2015-05-26,8356.7,8358.1,8353.85,8353.85,11:25:00,8356.283361524642,1,28
2015-05-26,8357.2,8360.75,8357.2,8359.4,11:30:00,8356.370660427057,1,29
2015-05-26,8360.2,8360.2,8357.85,8358.5,11:35:00,8356.735359434004,1,30
2015-05-26,8358.65,8361.85,8358.65,8360.8,11:40:00,8356.917706154574,1,31
2015-05-26,8357.05,8357.75,8355.7,8357.75,11:45:00,8356.930305568425,1,32
2015-05-26,8354.6,8356.1,8354.0,8356.1,11:50:00,8356.708371704764,1,33
2015-05-26,8354.15,8357.05,8354.15,8354.45,11:55:00,8356.464717256691,1,34
2015-05-26,8353.15,8353.15,8349.45,8350.45,12:00:00,8356.14902989891,1,35
2015-05-26,8352.7,8354.35,8352.7,8352.7,12:05:00,8355.820550860919,1,36
2015-05-26,8354.3,8354.35,8351.6,8352.9,12:10:00,8355.675736493213,1,37
2015-05-26,8352.8,8354.65,8352.75,8354.65,12:15:00,8355.401856827193,1,38
2015-05-26,8349.75,8351.95,8349.7,8351.95,12:20:00,8354.863584748413,1,39
2015-05-26,8347.45,8348.75,8346.4,8348.75,12:25:00,8354.157529058088,1,40
2015-05-26,8349.95,8350.25,8347.0,8347.0,12:30:00,8353.756812004936,1,41
2015-05-26,8351.35,8351.35,8348.65,8348.65,12:35:00,8353.52759181399,1,42
2015-05-26,8352.35,8353.5,8352.0,8352.0,12:40:00,8353.415440212659,1,43
2015-05-26,8354.55,8354.55,8349.85,8349.85,12:45:00,8353.52349352574,1,44
2015-05-26,8357.05,8358.25,8355.3,8355.3,12:50:00,8353.859351285193,1,45
2015-05-26,8353.6,8355.65,8353.6,8355.45,12:55:00,8353.834651162793,1,46
2015-05-26,8348.45,8350.7,8346.75,8350.7,13:00:00,8353.321827242527,1,47
2015-05-26,8353.9,8353.9,8349.75,8350.1,13:05:00,8353.376891314667,1,48
2015-05-26,8347.4,8353.8,8347.4,8353.8,13:10:00,8352.807663570413,1,49
2015-05-26,8346.9,8350.05,8346.7,8350.05,13:15:00,8352.245028944659,1,50
2015-05-26,8337.85,8347.95,8337.85,8347.95,13:20:00,8350.874073807072,1,51
2015-05-26,8344.9,8344.9,8340.5,8340.5,13:25:00,8350.305114396873,1,52
2015-05-26,8344.7,8344.7,8342.7,8343.65,13:30:00,8349.771293978123,1,53
2015-05-26,8341.5,8345.35,8341.5,8344.0,13:35:00,8348.983551694491,1,54
2015-05-26,8338.95,8342.25,8338.95,8341.2,13:40:00,8348.027975342635,1,55
2015-05-26,8338.2,8338.85,8334.7,8338.85,13:45:00,8347.091977690956,1,56
2015-05-26,8334.95,8334.95,8330.15,8331.9,13:50:00,8345.935598863245,1,57
2015-05-26,8332.15,8335.4,8331.8,8335.4,13:55:00,8344.622684685794,1,58
2015-05-26,8326.25,8328.05,8326.25,8327.75,14:00:00,8342.872905191909,1,59
2015-05-26,8327.4,8327.4,8323.65,8325.0,14:05:00,8341.399295173633,1,60
2015-05-26,8334.5,8334.75,8328.6,8328.6,14:10:00,8340.74221944281,1,61
2015-05-26,8330.95,8333.0,8330.0,8330.0,14:15:00,8339.809627114924,1,62
2015-05-26,8332.85,8332.85,8330.65,8330.8,14:20:00,8339.146805484932,1,63
2015-05-26,8332.05,8333.65,8332.05,8333.65,14:25:00,8338.470919248271,1,64
2015-05-26,8326.65,8331.7,8325.65,8331.5,14:30:00,8337.345117415103,1,65
2015-05-26,8323.85,8325.8,8321.55,8325.8,14:35:00,8336.059868137474,1,66
2015-05-26,8323.6,8326.55,8323.6,8326.55,14:40:00,8334.873214029143,1,67
2015-05-26,8332.35,8332.35,8325.5,8325.5,14:45:00,8334.632907931129,1,68
2015-05-26,8329.8,8332.0,8328.7,8332.0,14:50:00,8334.172630985307,1,69
2015-05-26,8335.6,8335.9,8330.55,8330.55,14:55:00,8334.308570891468,1,70
2015-05-26,8333.05,8336.05,8333.05,8335.1,15:00:00,8334.188706997042,1,71
2015-05-26,8331.25,8334.3,8331.25,8333.15,15:05:00,8333.90883014018,1,72
2015-05-26,8331.5,8331.6,8330.4,8331.6,15:10:00,8333.679417745878,1,73
2015-05-26,8335.7,8335.7,8332.3,8332.3,15:15:00,8333.871854151032,1,74
2015-05-26,8349.7,8349.7,8341.55,8341.55,15:20:00,8335.379296612839,1,75
2015-05-26,8350.7,8351.25,8348.3,8349.15,15:25:00,8336.838411221139,1,76
2015-05-27,8302.75,8302.75,8302.75,8302.75,09:10:00,8333.591895866744,2,1
2015-05-27,8291.75,8302.75,8283.35,8302.75,09:15:00,8329.606953403245,2,2
2015-05-27,8281.5,8292.3,8281.5,8292.3,09:20:00,8325.025338793412,2,3
2015-05-27,8280.85,8289.75,8280.85,8285.45,09:25:00,8320.81816367023,2,4
2015-05-27,8290.6,8290.6,8282.9,8282.9,09:30:00,8317.940243320685,2,5
2015-05-27,8292.15,8294.1,8289.25,8294.1,09:35:00,8315.484029671095,2,6
2015-05-27,8292.05,8294.85,8291.65,8294.85,09:40:00,8313.252217321467,2,7
2015-05-27,8313.15,8313.15,8293.45,8293.45,09:45:00,8313.24248233847,2,8
2015-05-27,8328.05,8328.05,8311.3,8312.8,09:50:00,8314.65272211576,2,9
2015-05-27,8319.2,8332.55,8319.2,8332.55,09:55:00,8315.085796199972,2,10
2015-05-27,8326.05,8326.05,8315.45,8315.45,10:00:00,8316.130006085688,2,11
2015-05-27,8322.9,8327.05,8322.9,8324.95,10:05:00,8316.774767410861,2,12
2015-05-27,8322.25,8323.8,8322.25,8323.3,10:10:00,8317.296218133637,2,13
2015-05-27,8323.1,8324.15,8320.8,8320.8,10:15:00,8317.848959263767,2,14
2015-05-27,8318.65,8323.25,8318.65,8323.25,10:20:00,8317.925248857693,2,15
2015-05-27,8323.95,8323.95,8321.35,8321.35,10:25:00,8318.49903468077,2,16
2015-05-27,8325.3,8327.2,8325.3,8327.2,10:30:00,8319.146745663555,2,17
2015-05-27,8331.65,8334.0,8327.75,8327.75,10:35:00,8320.337531790834,2,18
2015-05-27,8322.6,8332.3,8322.6,8331.35,10:40:00,8320.553004953612,2,19
2015-05-27,8320.2,8320.3,8318.35,8320.1,10:45:00,8320.51938543422,2,20
2015-05-27,8315.3,8321.65,8315.3,8321.65,10:50:00,8320.02230110715,2,21
2015-05-27,8318.5,8318.5,8314.65,8314.75,10:55:00,8319.877320049327,2,22
2015-05-27,8317.6,8319.4,8317.1,8319.35,11:00:00,8319.660432425582,2,23
2015-05-27,8318.7,8318.7,8317.35,8318.7,11:05:00,8319.568962670764,2,24
2015-05-27,8314.0,8317.85,8314.0,8317.85,11:10:00,8319.038585273549,2,25
2015-05-27,8309.75,8311.3,8309.75,8310.85,11:15:00,8318.15395810464,2,26
2015-05-27,8309.55,8312.55,8309.55,8312.2,11:20:00,8317.334533523244,2,27
2015-05-27,8313.2,8314.5,8309.85,8309.85,11:25:00,8316.940768425793,2,28
2015-05-27,8314.0,8314.95,8313.35,8314.95,11:30:00,8316.660695242384,2,29
2015-05-27,8316.15,8316.85,8315.4,8315.4,11:35:00,8316.612057600252,2,30
2015-05-27,8315.7,8316.9,8315.35,8316.9,11:40:00,8316.525194971657,2,31
2015-05-27,8314.7,8315.6,8313.2,8315.6,11:45:00,8316.351366879118,2,32
2015-05-27,8309.25,8313.95,8309.25,8313.95,11:50:00,8315.675046223963,2,33
2015-05-27,8311.5,8311.5,8308.9,8308.9,11:55:00,8315.277422774063,2,34
2015-05-27,8312.3,8312.5,8311.4,8312.5,12:00:00,8314.993858700343,2,35
2015-05-27,8316.9,8316.9,8315.05,8315.05,12:05:00,8315.175395966977,2,36
2015-05-27,8315.4,8316.15,8314.1,8315.95,12:10:00,8315.196786827266,2,37
2015-05-27,8312.9,8316.7,8312.9,8316.05,12:15:00,8314.978045224669,2,38
2015-05-27,8311.45,8314.15,8311.45,8313.65,12:20:00,8314.642040917557,2,39
2015-05-27,8311.0,8311.0,8308.45,8310.7,12:25:00,8314.29517987779,2,40
2015-05-27,8315.0,8315.0,8310.75,8310.75,12:30:00,8314.362305603716,2,41
2015-05-27,8314.05,8317.05,8314.05,8316.5,12:35:00,8314.332562212885,2,42
2015-05-27,8312.85,8314.45,8312.85,8314.45,12:40:00,8314.191365811657,2,43
2015-05-27,8311.15,8312.95,8311.15,8311.25,12:45:00,8313.901711924833,2,44
2015-05-27,8319.6,8319.6,8310.45,8310.45,12:50:00,8314.444406027229,2,45
2015-05-27,8323.2,8323.2,8316.5,8316.5,12:55:00,8315.278272119875,2,46
2015-05-27,8329.25,8329.25,8322.2,8322.2,13:00:00,8316.608912870362,2,47
2015-05-27,8328.35,8331.3,8328.35,8328.65,13:05:00,8317.727111644614,2,48
2015-05-27,8340.2,8340.2,8329.4,8329.4,13:10:00,8319.867386726079,2,49
2015-05-27,8331.35,8337.55,8331.35,8337.55,13:15:00,8320.960968942643,2,50
2015-05-27,8326.55,8334.65,8326.55,8334.65,13:20:00,8321.493257614773,2,51
2015-05-27,8323.1,8324.45,8322.1,8324.45,13:25:00,8321.64628069908,2,52
2015-05-27,8308.65,8322.0,8308.65,8322.0,13:30:00,8320.40853968012,2,53
2015-05-27,8316.8,8317.5,8315.05,8315.05,13:35:00,8320.064869234395,2,54
2015-05-27,8311.95,8317.1,8309.75,8317.1,13:40:00,8319.292024545404,2,55
2015-05-27,8311.25,8312.4,8310.9,8312.4,13:45:00,8318.526117445841,2,56
2015-05-27,8313.35,8313.35,8311.1,8311.1,13:50:00,8318.03315387957,2,57
2015-05-27,8310.85,8315.75,8310.85,8315.75,13:55:00,8317.349043986278,2,58
2015-05-27,8310.9,8310.9,8308.25,8309.15,14:00:00,8316.73484932092,2,59
2015-05-27,8311.4,8315.7,8310.95,8310.95,14:05:00,8316.226768433213,2,60
2015-05-27,8310.35,8312.35,8310.0,8312.35,14:10:00,8315.667076201478,2,61
2015-05-27,8320.95,8320.95,8311.5,8311.5,14:15:00,8316.170211801338,2,62
2015-05-27,8318.6,8320.75,8318.3,8320.75,14:20:00,8316.40162020121,2,63
2015-05-27,8317.1,8318.25,8316.05,8318.15,14:25:00,8316.468132562999,2,64
2015-05-27,8319.55,8321.2,8317.85,8317.85,14:30:00,8316.761643747475,2,65
2015-05-27,8322.9,8322.9,8319.7,8319.7,14:35:00,8317.34624910486,2,66
2015-05-27,8325.85,8328.4,8322.35,8322.35,14:40:00,8318.156130142492,2,67
2015-05-27,8325.85,8327.45,8325.75,8325.75,14:45:00,8318.888879652732,2,68
2015-05-27,8319.95,8324.4,8317.15,8324.4,14:50:00,8318.989938733423,2,69
2015-05-27,8322.2,8322.35,8321.0,8322.35,14:55:00,8319.29565885405,2,70
2015-05-27,8331.55,8332.8,8321.6,8321.6,15:00:00,8320.462738963188,2,71
2015-05-27,8329.25,8331.7,8329.25,8330.6,15:05:00,8321.299620966694,2,72
2015-05-27,8330.6,8330.6,8326.35,8329.65,15:10:00,8322.185371350819,2,73
2015-05-27,8333.15,8333.15,8329.7,8329.7,15:15:00,8323.22962169836,2,74
2015-05-27,8340.7,8341.2,8334.75,8334.75,15:20:00,8324.893467250897,2,75
2015-05-27,8338.55,8341.8,8337.8,8338.9,15:25:00,8326.194089417479,2,76
2015-05-28,8345.7,8345.7,8345.7,8345.7,09:10:00,8328.051795187243,3,1
2015-05-28,8360.7,8360.7,8345.7,8345.7,09:15:00,8331.161148026553,3,2
2015-05-28,8355.95,8361.3,8354.3,8361.3,09:20:00,8333.521991071642,3,3
2015-05-28,8349.3,8349.3,8345.5,8348.3,09:25:00,8335.024658588629,3,4
2015-05-28,8348.25,8348.25,8343.95,8346.35,09:30:00,8336.284214913521,3,5
2015-05-28,8343.1,8348.65,8342.05,8346.35,09:35:00,8336.93333730271,3,6
2015-05-28,8338.45,8342.55,8337.5,8342.55,09:40:00,8337.077781369118,3,7
2015-05-28,8338.25,8340.5,8337.9,8337.9,09:45:00,8337.189421238725,3,8
2015-05-28,8344.3,8344.95,8341.15,8341.7,09:50:00,8337.866619215989,3,9
2015-05-28,8348.05,8348.5,8345.6,8345.6,09:55:00,8338.836465004943,3,10
2015-05-28,8345.85,8348.1,8345.8,8348.1,10:00:00,8339.504420718758,3,11
2015-05-28,8342.25,8345.35,8342.25,8343.8,10:05:00,8339.76590445983,3,12
2015-05-28,8339.25,8342.85,8339.25,8341.9,10:10:00,8339.71677070175,3,13
2015-05-28,8343.0,8346.0,8342.55,8342.55,10:15:00,8340.029459206346,3,14
2015-05-28,8339.1,8342.3,8339.1,8340.75,10:20:00,8339.940939281933,3,15
2015-05-28,8336.7,8337.55,8335.25,8337.1,10:25:00,8339.63227839794,3,16
2015-05-28,8330.65,8338.65,8330.65,8338.65,10:30:00,8338.776823312422,3,17
2015-05-28,8338.25,8338.25,8332.15,8332.15,10:35:00,8338.72664966362,3,18
2015-05-28,8338.1,8338.95,8337.65,8338.2,10:40:00,8338.666968743275,3,19
2015-05-28,8331.75,8337.75,8331.75,8337.75,10:45:00,8338.008209815343,3,20
2015-05-28,8334.65,8337.45,8334.65,8334.85,10:50:00,8337.68838030912,3,21
2015-05-28,8333.95,8336.35,8333.95,8335.0,10:55:00,8337.332344089204,3,22
2015-05-28,8319.1,8329.1,8319.1,8326.9,11:00:00,8335.595930366422,3,23
2015-05-28,8321.05,8322.8,8318.3,8318.3,11:05:00,8334.210603664858,3,24
2015-05-28,8317.8,8319.95,8315.95,8319.95,11:10:00,8332.64768903011,3,25
2015-05-28,8314.4,8319.5,8314.4,8318.15,11:15:00,8330.909813884384,3,26
2015-05-28,8315.15,8315.15,8311.4,8314.65,11:20:00,8329.408879228728,3,27
2015-05-28,8312.5,8315.8,8311.2,8315.8,11:25:00,8327.798509778373,3,28
2015-05-28,8318.95,8318.95,8313.1,8313.1,11:30:00,8326.955794561385,3,29
2015-05-28,8315.2,8318.85,8314.45,8318.85,11:35:00,8325.836195079348,3,30
2015-05-28,8314.3,8317.1,8314.3,8315.05,11:40:00,8324.737509833696,3,31
2015-05-28,8317.7,8317.7,8312.25,8315.55,11:45:00,8324.067270801916,3,32
2015-05-28,8321.25,8322.2,8318.45,8318.45,11:50:00,8323.798959296972,3,33
2015-05-28,8319.8,8324.9,8319.8,8324.0,11:55:00,8323.418106030593,3,34
2015-05-28,8319.4,8319.4,8317.65,8319.4,12:00:00,8323.035429265774,3,35
2015-05-28,8312.75,8318.9,8312.75,8318.2,12:05:00,8322.055864573795,3,36
2015-05-28,8297.45,8304.65,8297.45,8304.65,12:10:00,8319.7124489001,3,37
2015-05-28,8301.25,8301.25,8293.15,8294.3,12:15:00,8317.954120433424,3,38
2015-05-28,8304.85,8304.85,8301.9,8302.2,12:20:00,8316.706108963574,3,39
2015-05-28,8298.2,8303.3,8298.2,8303.3,12:25:00,8314.943622395615,3,40
2015-05-28,8290.4,8297.65,8290.4,8297.65,12:30:00,8312.606134548412,3,41
2015-05-28,8292.55,8294.8,8292.25,8292.25,12:35:00,8310.696026496184,3,42
2015-05-28,8293.25,8293.9,8289.6,8293.9,12:40:00,8309.034500163214,3,43
2015-05-28,8287.35,8294.45,8287.35,8294.2,12:45:00,8306.96930967148,3,44
2015-05-28,8286.6,8286.95,8283.4,8283.4,12:50:00,8305.029375417054,3,45
2015-05-28,8273.75,8283.4,8271.6,8283.4,12:55:00,8302.050387282097,3,46
2015-05-28,8280.45,8280.75,8276.05,8276.05,13:00:00,8299.993207540945,3,47
2015-05-28,8276.05,8280.2,8274.25,8279.8,13:05:00,8297.712902060855,3,48
2015-05-28,8277.55,8277.55,8276.1,8277.5,13:10:00,8295.792625674107,3,49
2015-05-28,8281.6,8281.6,8278.4,8278.55,13:15:00,8294.440947038478,3,50
2015-05-28,8278.15,8283.15,8278.15,8282.5,13:20:00,8292.889428272909,3,51
2015-05-28,8275.75,8279.6,8274.25,8279.6,13:25:00,8291.257101770727,3,52
2015-05-28,8281.35,8281.35,8277.2,8277.2,13:30:00,8290.313568268753,3,53
2015-05-28,8279.25,8283.6,8279.25,8282.3,13:35:00,8289.259895100302,3,54
2015-05-28,8273.3,8278.1,8273.3,8276.85,13:40:00,8287.73990509075,3,55
2015-05-28,8282.55,8282.55,8276.55,8276.55,13:45:00,8287.24562841544,3,56
2015-05-28,8277.95,8283.4,8277.95,8282.35,13:50:00,8286.360330471112,3,57
2015-05-28,8281.5,8282.85,8281.05,8281.3,13:55:00,8285.897441854817,3,58
2015-05-28,8291.15,8291.15,8285.9,8285.9,14:00:00,8286.397685487691,3,59
2015-05-28,8285.3,8290.7,8281.5,8290.7,14:05:00,8286.293144012672,3,60
2015-05-28,8289.4,8289.4,8284.85,8284.85,14:10:00,8286.589035059085,3,61
2015-05-28,8287.3,8290.0,8287.3,8287.75,14:15:00,8286.65674600584,3,62
2015-05-28,8287.45,8289.6,8284.45,8284.45,14:20:00,8286.732294005284,3,63
2015-05-28,8292.0,8292.0,8285.85,8285.85,14:25:00,8287.233980290495,3,64
2015-05-28,8302.6,8302.6,8294.55,8295.25,14:30:00,8288.69741073902,3,65
2015-05-28,8293.8,8297.1,8292.7,8297.1,14:35:00,8289.183371621017,3,66
2015-05-28,8300.1,8300.1,8294.0,8295.05,14:40:00,8290.223050514252,3,67
2015-05-28,8296.9,8304.95,8296.9,8301.3,14:45:00,8290.858950465275,3,68
2015-05-28,8292.1,8296.95,8288.4,8296.95,14:50:00,8290.977145659059,3,69
2015-05-28,8291.3,8291.55,8287.9,8288.15,14:55:00,8291.007893691529,3,70
2015-05-28,8315.4,8315.4,8296.45,8296.45,15:00:00,8293.330951435193,3,71
2015-05-28,8324.9,8325.2,8314.0,8317.55,15:05:00,8296.337527488984,3,72
2015-05-28,8324.0,8326.45,8320.8,8326.45,15:10:00,8298.972048680509,3,73
2015-05-28,8319.05,8321.5,8318.8,8320.0,15:15:00,8300.884234520461,3,74
2015-05-28,8317.9,8317.9,8313.8,8314.25,15:20:00,8302.504783613751,3,75
2015-05-28,8321.4,8321.4,8317.2,8317.2,15:25:00,8304.304328031489,3,76
2015-05-29,8327.1,8327.1,8327.1,8327.1,09:10:00,8306.475344409442,4,1
2015-05-29,8314.0,8327.1,8307.1,8327.1,09:15:00,8307.191978275208,4,2
2015-05-29,8350.2,8350.2,8322.0,8322.0,09:20:00,8311.287980344237,4,3
2015-05-29,8347.5,8356.95,8347.5,8351.7,09:25:00,8314.736744120977,4,4
2015-05-29,8347.6,8347.6,8344.6,8344.6,09:30:00,8317.866578014218,4,5
2015-05-29,8354.7,8358.55,8353.25,8353.25,09:35:00,8321.374522965245,4,6
2015-05-29,8356.15,8358.05,8354.0,8354.0,09:40:00,8324.686473159032,4,7
2015-05-29,8355.2,8355.2,8349.55,8355.2,09:45:00,8327.592523334362,4,8
2015-05-29,8351.9,8354.3,8348.2,8354.3,09:50:00,8329.907521112042,4,9
2015-05-29,8354.05,8354.05,8348.95,8350.85,09:55:00,8332.206804815656,4,10
2015-05-29,8359.8,8359.8,8353.7,8353.7,10:00:00,8334.834728166546,4,11
2015-05-29,8356.9,8358.45,8354.7,8358.45,10:05:00,8336.936182626876,4,12
2015-05-29,8357.1,8357.1,8352.35,8354.55,10:10:00,8338.856546186222,4,13
2015-05-29,8386.3,8393.75,8357.6,8357.6,10:15:00,8343.374970358964,4,14
2015-05-29,8387.2,8399.9,8387.2,8399.05,10:20:00,8347.54878270573,4,15
2015-05-29,8398.4,8398.4,8389.1,8390.4,10:25:00,8352.391755781375,4,16
2015-05-29,8397.15,8397.15,8389.8,8396.4,10:30:00,8356.654445706958,4,17
2015-05-29,8400.7,8400.7,8393.35,8393.35,10:35:00,8360.849260401534,4,18
2015-05-29,8399.25,8401.3,8399.25,8400.05,10:40:00,8364.506473696625,4,19
2015-05-29,8396.15,8401.3,8396.15,8398.0,10:45:00,8367.520142868376,4,20
2015-05-29,8397.45,8398.45,8397.2,8398.45,10:50:00,8370.37060545234,4,21
2015-05-29,8403.4,8403.4,8397.8,8397.8,10:55:00,8373.516262075927,4,22
2015-05-29,8408.9,8409.65,8401.75,8401.75,11:00:00,8376.88614187822,4,23
2015-05-29,8413.8,8415.4,8410.85,8415.4,11:05:00,8380.401747413627,4,24
2015-05-29,8410.6,8413.9,8410.6,8413.9,11:10:00,8383.277771469473,4,25
2015-05-29,8408.3,8414.1,8408.3,8414.1,11:15:00,8385.660840853332,4,26
2015-05-29,8404.65,8407.5,8404.15,8407.5,11:20:00,8387.469332200633,4,27
2015-05-29,8407.5,8409.25,8406.05,8406.3,11:25:00,8389.377014848193,4,28
2015-05-29,8409.05,8410.9,8407.4,8407.4,11:30:00,8391.250632481699,4,29
2015-05-29,8414.85,8414.85,8410.3,8410.35,11:35:00,8393.498191292965,4,30
2015-05-29,8420.1,8420.1,8413.9,8414.35,11:40:00,8396.03169688411,4,31
2015-05-29,8408.0,8416.05,8408.0,8416.05,11:45:00,8397.1715352761,4,32
2015-05-29,8411.2,8411.5,8409.85,8410.2,11:50:00,8398.50757953552,4,33
2015-05-29,8411.7,8412.25,8410.25,8411.5,11:55:00,8399.764000532137,4,34
2015-05-29,8410.7,8411.75,8409.5,8411.3,12:00:00,8400.805524290981,4,35
2015-05-29,8410.7,8411.95,8410.45,8410.45,12:05:00,8401.747855310889,4,36
2015-05-29,8411.25,8413.35,8410.45,8413.35,12:10:00,8402.652821471756,4,37
2015-05-29,8410.05,8411.0,8409.65,8410.8,12:15:00,8403.357314664923,4,38
2015-05-29,8406.85,8410.95,8406.85,8409.75,12:20:00,8403.689951363502,4,39
2015-05-29,8407.95,8413.35,8407.95,8410.15,12:25:00,8404.095670281264,4,40
2015-05-29,8411.15,8411.15,8408.0,8410.35,12:30:00,8404.767511206857,4,41
2015-05-29,8411.6,8411.6,8406.4,8410.65,12:35:00,8405.418224425252,4,42
2015-05-29,8404.65,8408.7,8404.65,8407.75,12:40:00,8405.345060194275,4,43
2015-05-29,8408.4,8408.4,8403.1,8403.5,12:45:00,8405.636006842438,4,44
2015-05-29,8411.65,8411.65,8407.15,8409.2,12:50:00,8406.20876809554,4,45
2015-05-29,8418.3,8418.3,8411.6,8411.6,12:55:00,8407.360313991201,4,46
2015-05-29,8414.7,8416.8,8412.65,8415.75,13:00:00,8408.059331706325,4,47
2015-05-29,8412.85,8417.7,8412.85,8417.7,13:05:00,8408.515585829531,4,48
2015-05-29,8410.95,8412.75,8410.7,8412.75,13:10:00,8408.747434798148,4,49
2015-05-29,8410.0,8412.2,8409.3,8412.2,13:15:00,8408.866726722134,4,50
2015-05-29,8398.75,8412.3,8398.75,8412.3,13:20:00,8407.903228939074,4,51
2015-05-29,8387.0,8396.45,8387.0,8395.2,13:25:00,8405.912445230591,4,52
2015-05-29,8377.1,8383.15,8369.3,8381.35,13:30:00,8403.168402827678,4,53
2015-05-29,8377.4,8380.25,8376.2,8376.95,13:35:00,8400.714269225042,4,54
2015-05-29,8380.65,8387.3,8380.65,8387.3,13:40:00,8398.803386441705,4,55
2015-05-29,8375.25,8381.55,8375.25,8381.55,13:45:00,8396.56020678059,4,56
2015-05-29,8376.9,8385.9,8376.9,8377.55,13:50:00,8394.68780613482,4,57
2015-05-29,8378.1,8381.35,8375.9,8381.35,13:55:00,8393.10801507436,4,58
2015-05-29,8387.05,8387.05,8379.75,8379.75,14:00:00,8392.531061257754,4,59
2015-05-29,8396.2,8396.2,8387.4,8387.4,14:05:00,8392.880483995112,4,60
2015-05-29,8387.6,8391.15,8384.6,8390.9,14:10:00,8392.377580757482,4,61
2015-05-29,8386.2,8388.05,8385.85,8388.05,14:15:00,8391.78923973296,4,62
2015-05-29,8391.35,8392.65,8389.65,8389.65,14:20:00,8391.74740737744,4,63
2015-05-29,8392.95,8392.95,8390.55,8390.55,14:25:00,8391.861940008159,4,64
2015-05-29,8394.7,8394.7,8385.35,8385.35,14:30:00,8392.132231435953,4,65
2015-05-29,8413.15,8418.25,8400.55,8400.55,14:35:00,8394.133923680147,4,66
2015-05-29,8412.4,8418.75,8412.4,8418.7,14:40:00,8395.873549996322,4,67
2015-05-29,8425.85,8425.85,8414.2,8414.2,14:45:00,8398.728449996672,4,68
2015-05-29,8435.05,8435.05,8424.4,8424.4,14:50:00,8402.187645235084,4,69
2015-05-29,8436.9,8443.55,8436.9,8439.7,14:55:00,8405.493583784124,4,70
2015-05-29,8437.65,8439.35,8430.8,8438.7,15:00:00,8408.556099614207,4,71
2015-05-29,8429.15,8433.5,8429.15,8433.5,15:05:00,8410.517423460473,4,72
2015-05-29,8432.65,8437.35,8429.0,8431.8,15:10:00,8412.625287892808,4,73
2015-05-29,8432.2,8435.15,8425.4,8431.75,15:15:00,8414.489546188732,4,74
2015-05-29,8437.05,8437.05,8428.2,8428.2,15:20:00,8416.638160837425,4,75
2015-05-29,8436.5,8437.15,8434.65,8436.2,15:25:00,8418.529764567194,4,76
2015-06-01,8417.25,8417.25,8417.25,8417.25,09:10:00,8418.407882227462,0,1
2015-06-01,8446.4,8446.4,8417.25,8417.25,09:15:00,8421.0737982058,0,2
2015-06-01,8432.95,8442.1,8430.4,8442.1,09:20:00,8422.204865043343,0,3
2015-06-01,8434.2,8441.1,8434.2,8435.8,09:25:00,8423.347258848738,0,4
2015-06-01,8430.35,8433.0,8429.55,8430.55,09:30:00,8424.01418657743,0,5
2015-06-01,8437.05,8437.05,8428.85,8436.05,09:35:00,8425.255692617675,0,6
2015-06-01,8433.0,8437.85,8433.0,8437.85,09:40:00,8425.993245701706,0,7
2015-06-01,8427.3,8427.8,8425.15,8425.15,09:45:00,8426.11769849202,0,8
2015-06-01,8433.7,8433.7,8427.65,8427.65,09:50:00,8426.839822445161,0,9
2015-06-01,8429.8,8433.55,8429.05,8433.55,09:55:00,8427.12174411705,0,10
2015-06-01,8438.9,8438.9,8430.25,8430.25,10:00:00,8428.24348277257,0,11
2015-06-01,8437.55,8442.9,8437.55,8441.15,10:05:00,8429.12981774661,0,12
2015-06-01,8435.15,8441.95,8435.15,8439.75,10:10:00,8429.703168437409,0,13
2015-06-01,8433.55,8434.7,8433.0,8434.05,10:15:00,8430.06953334813,0,14
2015-06-01,8435.25,8436.95,8433.4,8433.4,10:20:00,8430.5629111245,0,15
2015-06-01,8439.55,8440.95,8437.6,8437.6,10:25:00,8431.418824350738,0,16
2015-06-01,8435.6,8438.05,8434.6,8438.05,10:30:00,8431.817031555429,0,17
2015-06-01,8437.4,8438.15,8435.55,8435.55,10:35:00,8432.348742835864,0,18
2015-06-01,8440.2,8440.2,8437.45,8437.45,10:40:00,8433.0964816134,0,19
2015-06-01,8442.05,8442.1,8441.25,8442.1,10:45:00,8433.94919765022,0,20
2015-06-01,8443.95,8447.45,8443.7,8443.7,10:50:00,8434.901655016865,0,21
2015-06-01,8446.45,8447.1,8445.15,8445.15,10:55:00,8436.001497396212,0,22
2015-06-01,8445.3,8445.45,8444.25,8444.95,11:00:00,8436.887069072762,0,23
2015-06-01,8449.35,8449.35,8446.2,8446.2,11:05:00,8438.074014875356,0,24
2015-06-01,8457.2,8458.85,8450.0,8451.5,11:10:00,8439.89553726818,0,25
2015-06-01,8456.15,8461.35,8456.15,8461.35,11:15:00,8441.443581337877,0,26
2015-06-01,8460.3,8460.3,8456.55,8456.55,11:20:00,8443.23943073427,0,27
2015-06-01,8463.55,8464.35,8461.1,8464.35,11:25:00,8445.173770664338,0,28
2015-06-01,8461.05,8465.75,8459.7,8465.75,11:30:00,8446.685792505828,0,29
2015-06-01,8454.7,8459.6,8454.7,8459.6,11:35:00,8447.449050362417,0,30
2015-06-01,8457.55,8457.55,8455.85,8455.85,11:40:00,8448.411045565996,0,31
2015-06-01,8457.65,8457.65,8454.55,8456.3,11:45:00,8449.290945988281,0,32
2015-06-01,8460.8,8460.8,8459.8,8460.15,11:50:00,8450.38704637035,0,33
2015-06-01,8458.5,8461.65,8458.5,8461.65,11:55:00,8451.159708620793,0,34
2015-06-01,8449.45,8455.95,8446.35,8455.95,12:00:00,8450.996879228336,0,35
2015-06-01,8441.45,8452.0,8441.45,8451.45,12:05:00,8450.087652635162,0,36
2015-06-01,8450.15,8450.15,8441.55,8441.55,12:10:00,8450.093590479433,0,37
2015-06-01,8448.6,8451.95,8448.6,8451.95,12:15:00,8449.951343767107,0,38
2015-06-01,8446.0,8449.45,8446.0,8449.45,12:20:00,8449.575025313097,0,39
2015-06-01,8446.5,8446.5,8443.55,8444.3,12:25:00,8449.282165759469,0,40
2015-06-01,8446.7,8447.45,8446.4,8446.5,12:30:00,8449.036245210948,0,41
2015-06-01,8446.75,8448.5,8446.75,8448.5,12:35:00,8448.81850757181,0,42
2015-06-01,8451.8,8451.8,8447.35,8447.45,12:40:00,8449.102459231637,0,43
2015-06-01,8457.45,8457.45,8452.6,8452.6,12:45:00,8449.89746311434,0,44
2015-06-01,8458.5,8458.5,8454.6,8454.6,12:50:00,8450.716752341545,0,45
2015-06-01,8457.5,8457.5,8454.6,8457.3,12:55:00,8451.362775928064,0,46
2015-06-01,8456.85,8457.65,8456.25,8457.3,13:00:00,8451.88536869682,0,47
2015-06-01,8458.85,8462.0,8457.1,8457.1,13:05:00,8452.54866691617,0,48
2015-06-01,8455.65,8458.6,8455.65,8458.6,13:10:00,8452.844031971772,0,49
2015-06-01,8451.55,8455.05,8451.55,8453.75,13:15:00,8452.720790831603,0,50
2015-06-01,8451.85,8451.85,8448.85,8450.75,13:20:00,8452.63785837145,0,51
2015-06-01,8458.2,8458.2,8455.0,8456.3,13:25:00,8453.167586145599,0,52
2015-06-01,8456.25,8457.05,8455.1,8456.15,13:30:00,8453.461149369827,0,53
2015-06-01,8451.8,8457.4,8450.25,8457.4,13:35:00,8453.302944667937,0,54
2015-06-01,8451.45,8452.8,8450.5,8450.5,13:40:00,8453.126473747181,0,55
2015-06-01,8450.35,8452.4,8450.35,8452.4,13:45:00,8452.86204767602,0,56
2015-06-01,8437.7,8448.4,8437.7,8448.4,13:50:00,8451.418043135447,0,57
2015-06-01,8442.0,8443.55,8434.35,8434.35,13:55:00,8450.521086646357,0,58
2015-06-01,8439.2,8440.95,8439.2,8440.95,14:00:00,8449.442887918132,0,59
2015-06-01,8431.1,8439.9,8431.1,8439.9,14:05:00,8447.695946211643,0,60
2015-06-01,8438.5,8439.0,8429.85,8429.85,14:10:00,8446.820141810535,0,61
2015-06-01,8442.2,8442.2,8438.1,8438.15,14:15:00,8446.380128304769,0,62
2015-06-01,8439.55,8442.3,8439.55,8441.1,14:20:00,8445.729639894791,0,63
2015-06-01,8439.25,8443.15,8438.15,8438.15,14:25:00,8445.112531333381,0,64
2015-06-01,8438.05,8440.7,8436.7,8440.7,14:30:00,8444.43990930163,0,65
2015-06-01,8444.45,8444.45,8438.75,8438.75,14:35:00,8444.440870320523,0,66
2015-06-01,8442.5,8443.5,8442.5,8443.2,14:40:00,8444.256025528091,0,67
2015-06-01,8440.75,8443.3,8440.75,8442.55,14:45:00,8443.92211833494,0,68
2015-06-01,8435.85,8440.75,8435.85,8440.75,14:50:00,8443.153345160184,0,69
2015-06-01,8437.4,8439.4,8437.0,8437.45,14:55:00,8442.605407525882,0,70
2015-06-01,8434.7,8436.35,8427.45,8436.35,15:00:00,8441.852511571036,0,71
2015-06-01,8438.3,8439.5,8437.2,8439.5,15:05:00,8441.5141771357,0,72
2015-06-01,8433.1,8438.5,8433.1,8436.9,15:10:00,8440.7128269323,0,73
2015-06-01,8431.05,8436.4,8429.9,8436.4,15:15:00,8439.792557700654,0,74
2015-06-01,8428.15,8433.45,8427.65,8433.45,15:20:00,8438.683742681544,0,75
2015-06-01,8424.5,8427.85,8424.4,8427.85,15:25:00,8437.332910045207,0,76
2015-06-02,8442.8,8442.8,8442.8,8442.8,09:10:00,8437.853585278997,1,1
2015-06-02,8421.6,8442.8,8420.35,8442.8,09:15:00,8436.305624776236,1,2
2015-06-02,8408.4,8426.65,8408.4,8426.65,09:20:00,8433.647946226118,1,3
2015-06-02,8377.25,8413.15,8377.25,8413.15,09:25:00,8428.276713252202,1,4
2015-06-02,8383.05,8384.6,8379.55,8382.4,09:30:00,8423.969407228182,1,5
2015-06-02,8386.15,8386.15,8380.9,8385.95,09:35:00,8420.367558920736,1,6
2015-06-02,8388.0,8393.2,8388.0,8390.5,09:40:00,8417.284934261617,1,7
2015-06-02,8393.85,8395.4,8389.75,8389.75,09:45:00,8415.053035760511,1,8
2015-06-02,8391.5,8392.9,8388.15,8392.9,09:50:00,8412.809889497606,1,9
2015-06-02,8392.2,8396.6,8392.2,8392.6,09:55:00,8410.847042878788,1,10
2015-06-02,8393.5,8393.55,8387.95,8387.95,10:00:00,8409.194943556999,1,11
2015-06-02,8387.25,8395.6,8385.2,8395.6,10:05:00,8407.104948932523,1,12
2015-06-02,8397.35,8397.35,8388.95,8388.95,10:10:00,8406.175906177046,1,13
2015-06-02,8394.75,8396.25,8393.1,8396.25,10:15:00,8405.087724636374,1,14
2015-06-02,8395.25,8396.2,8392.95,8393.7,10:20:00,8404.150798480528,1,15
2015-06-02,8386.8,8394.8,8386.8,8394.8,10:25:00,8402.498341482382,1,16
2015-06-02,8380.5,8383.45,8380.5,8383.15,10:30:00,8400.403261341204,1,17
2015-06-02,8380.85,8380.85,8378.0,8379.4,10:35:00,8398.541045975375,1,18
2015-06-02,8375.5,8380.7,8375.5,8378.1,10:40:00,8396.346660644387,1,19
2015-06-02,8379.15,8379.95,8377.2,8377.7,10:45:00,8394.70888344016,1,20
2015-06-02,8373.5,8378.7,8373.5,8378.7,10:50:00,8392.688989779192,1,21
2015-06-02,8387.75,8391.3,8374.65,8374.65,10:55:00,8392.21860980022,1,22
2015-06-02,8348.65,8386.1,8340.15,8386.1,11:00:00,8388.069218390676,1,23
2015-06-02,8357.25,8364.65,8357.0,8360.4,11:05:00,8385.13405473442,1,24
2015-06-02,8361.15,8361.15,8349.1,8351.3,11:10:00,8382.849859045427,1,25
2015-06-02,8353.6,8358.0,8353.6,8354.95,11:15:00,8380.064158183959,1,26
2015-06-02,8334.35,8350.15,8334.35,8347.1,11:20:00,8375.710428833107,1,27
2015-06-02,8345.4,8345.55,8339.3,8339.3,11:25:00,8372.823721325192,1,28
2015-06-02,8320.8,8340.1,8320.8,8340.1,11:30:00,8367.869081198984,1,29
2015-06-02,8306.9,8320.35,8300.05,8320.35,11:35:00,8362.062502037175,1,30
2015-06-02,8319.8,8319.8,8308.75,8308.75,11:40:00,8358.037501843159,1,31
2015-06-02,8317.1,8317.35,8309.25,8312.05,11:45:00,8354.13869214381,1,32
2015-06-02,8326.3,8326.3,8317.3,8317.8,11:50:00,8351.487388130114,1,33
2015-06-02,8328.15,8328.35,8322.75,8326.0,11:55:00,8349.26477973677,1,34
2015-06-02,8336.95,8336.95,8327.75,8331.65,12:00:00,8348.091943571362,1,35
2015-06-02,8353.45,8353.45,8340.2,8340.2,12:05:00,8348.602234659804,1,36
2015-06-02,8353.05,8355.9,8348.6,8348.6,12:10:00,8349.025831358871,1,37
2015-06-02,8350.75,8352.95,8348.85,8352.45,12:15:00,8349.190037896122,1,38
2015-06-02,8355.55,8358.65,8348.5,8348.5,12:20:00,8349.795748572682,1,39
2015-06-02,8348.7,8355.1,8348.7,8350.6,12:25:00,8349.691391565759,1,40
2015-06-02,8345.95,8347.2,8341.8,8347.2,12:30:00,8349.335068559496,1,41
2015-06-02,8349.1,8349.55,8348.25,8348.25,12:35:00,8349.31268107764,1,42
2015-06-02,8347.95,8351.15,8347.0,8351.15,12:40:00,8349.182901927388,1,43
2015-06-02,8337.15,8345.5,8335.7,8345.5,12:45:00,8348.036911267638,1,44
2015-06-02,8332.55,8337.6,8328.85,8337.6,12:50:00,8346.561967337388,1,45
2015-06-02,8318.75,8323.5,8318.75,8323.5,12:55:00,8343.91320854335,1,46
2015-06-02,8328.5,8328.5,8319.5,8319.5,13:00:00,8342.445283920173,1,47
2015-06-02,8308.75,8326.2,8308.75,8323.4,13:05:00,8339.23620926111,1,48
2015-06-02,8299.65,8305.9,8299.65,8304.95,13:10:00,8335.466094093385,1,49
2015-06-02,8303.6,8308.55,8303.6,8305.35,13:15:00,8332.431227989253,1,50
2015-06-02,8301.75,8304.05,8296.05,8304.05,13:20:00,8329.50920627599,1,51
2015-06-02,8298.0,8305.75,8298.0,8301.3,13:25:00,8326.5083294878,1,52
2015-06-02,8315.05,8315.05,8302.85,8302.85,13:30:00,8325.417060012773,1,53
2015-06-02,8316.55,8316.55,8312.45,8312.45,13:35:00,8324.572578106794,1,54
2015-06-02,8296.05,8311.2,8296.05,8308.35,13:40:00,8321.856142096623,1,55
2015-06-02,8301.45,8302.45,8290.55,8290.55,13:45:00,8319.912699992183,1,56
2015-06-02,8296.8,8299.05,8293.9,8298.3,13:50:00,8317.711490469117,1,57
2015-06-02,8287.3,8299.2,8287.3,8297.8,13:55:00,8314.815158043488,1,58
2015-06-02,8287.6,8290.25,8284.35,8288.85,14:00:00,8312.223238229823,1,59
2015-06-02,8282.9,8283.45,8279.85,8283.45,14:05:00,8309.430548874601,1,60
2015-06-02,8279.35,8289.95,8279.35,8286.75,14:10:00,8306.565734696069,1,61
2015-06-02,8268.1,8278.35,8268.1,8278.35,14:15:00,8302.90233139168,1,62
2015-06-02,8270.35,8270.35,8262.75,8263.8,14:20:00,8299.802109354378,1,63
2015-06-02,8254.95,8272.0,8254.95,8272.0,14:25:00,8295.530479892055,1,64
2015-06-02,8241.75,8252.9,8241.75,8242.55,14:30:00,8290.408529426144,1,65
2015-06-02,8255.4,8258.15,8247.35,8247.35,14:35:00,8287.07438376651,1,66
2015-06-02,8249.45,8252.55,8248.25,8252.55,14:40:00,8283.49110912208,1,67
2015-06-02,8249.9,8249.9,8242.6,8248.95,14:45:00,8280.291955872359,1,68
2015-06-02,8257.5,8261.7,8249.8,8249.8,14:50:00,8278.121293408325,1,69
2015-06-02,8263.05,8264.45,8262.25,8264.45,14:55:00,8276.685932131342,1,70
2015-06-02,8251.2,8254.95,8246.15,8254.95,15:00:00,8274.258700499786,1,71
2015-06-02,8240.4,8251.55,8237.35,8251.55,15:05:00,8271.034062356948,1,72
2015-06-02,8240.3,8247.3,8236.6,8236.6,15:10:00,8268.107008799143,1,73
2015-06-02,8231.25,8236.9,8231.0,8236.9,15:15:00,8264.596817484939,1,74
2015-06-02,8230.9,8234.05,8228.4,8228.4,15:20:00,8261.387596772087,1,75
2015-06-02,8228.15,8231.1,8228.15,8229.9,15:25:00,8258.222111365221,1,76
2015-06-03,8232.45,8232.45,8232.45,8232.45,09:10:00,8255.767624568534,2,1
2015-06-03,8204.25,8232.45,8199.7,8232.45,09:15:00,8250.861184133435,2,2
2015-06-03,8210.8,8219.5,8210.8,8212.9,09:20:00,8247.045833263584,2,3
2015-06-03,8197.6,8212.7,8197.6,8204.9,09:25:00,8242.3367062861,2,4
2015-06-03,8201.75,8202.0,8192.8,8192.8,09:30:00,8238.471305687423,2,5
2015-06-03,8210.05,8210.05,8203.5,8203.5,09:35:00,8235.764514669572,2,6
2015-06-03,8188.35,8206.3,8188.35,8206.3,09:40:00,8231.248846605804,2,7
2015-06-03,8199.05,8199.05,8185.3,8185.3,09:45:00,8228.182289786204,2,8
2015-06-03,8193.15,8202.45,8193.15,8200.5,09:50:00,8224.845881235136,2,9
2015-06-03,8180.05,8190.3,8177.75,8190.3,09:55:00,8220.57960683179,2,10
2015-06-03,8180.5,8186.6,8180.5,8186.6,10:00:00,8216.762501419238,2,11
2015-06-03,8178.7,8185.8,8178.7,8183.65,10:05:00,8213.137501284073,2,12
2015-06-03,8182.8,8182.8,8174.15,8174.15,10:10:00,8210.248215447495,2,13
2015-06-03,8177.95,8184.65,8177.95,8183.1,10:15:00,8207.172194928686,2,14
2015-06-03,8166.85,8178.7,8166.85,8178.7,10:20:00,8203.331985887859,2,15
2015-06-03,8167.5,8171.4,8167.5,8171.4,10:25:00,8199.9194158033,2,16
2015-06-03,8173.85,8173.85,8169.65,8169.65,10:30:00,8197.436614298225,2,17
2015-06-03,8182.7,8182.7,8173.55,8173.55,10:35:00,8196.033127222203,2,18
2015-06-03,8184.3,8186.35,8183.85,8186.35,10:40:00,8194.915686534374,2,19
2015-06-03,8174.35,8180.05,8174.1,8180.05,10:45:00,8192.957049721577,2,20
2015-06-03,8181.6,8181.6,8174.15,8174.15,10:50:00,8191.87542593857,2,21
2015-06-03,8190.05,8190.05,8183.65,8184.5,10:55:00,8191.701575849182,2,22
2015-06-03,8184.9,8190.8,8183.4,8190.8,11:00:00,8191.053806720688,2,23
2015-06-03,8188.85,8190.05,8186.4,8186.95,11:05:00,8190.843920366336,2,24
2015-06-03,8178.35,8191.85,8178.35,8191.85,11:10:00,8189.65402318859,2,25
2015-06-03,8170.45,8177.65,8170.45,8176.15,11:15:00,8187.825068599201,2,26
2015-06-03,8168.0,8171.3,8165.85,8169.75,11:20:00,8185.936966827848,2,27
2015-06-03,8157.85,8167.55,8157.7,8167.55,11:25:00,8183.262017606148,2,28
2015-06-03,8158.55,8159.05,8156.0,8157.2,11:30:00,8180.908492119848,2,29
2015-06-03,8155.75,8156.55,8153.75,8155.7,11:35:00,8178.512445251292,2,30
2015-06-03,8155.45,8155.45,8152.6,8154.2,11:40:00,8176.316021894026,2,31
2015-06-03,8163.65,8163.65,8155.2,8155.5,11:45:00,8175.109734094594,2,32
2015-06-03,8150.65,8161.45,8150.65,8161.45,11:50:00,8172.780235609395,2,33
2015-06-03,8134.1,8147.75,8134.1,8146.0,11:55:00,8169.096403646596,2,34
2015-06-03,8126.7,8130.1,8121.25,8130.1,12:00:00,8165.058650918349,2,35
2015-06-03,8103.95,8120.9,8103.95,8120.9,12:05:00,8159.238779402315,2,36
2015-06-03,8123.55,8127.7,8101.75,8101.75,12:10:00,8155.839848030667,2,37
2015-06-03,8116.9,8132.2,8116.9,8132.2,12:15:00,8152.131291075366,2,38
2015-06-03,8113.75,8113.75,8107.0,8107.0,12:20:00,8148.47593002057,2,39
2015-06-03,8132.9,8132.9,8114.25,8114.25,12:25:00,8146.992508113849,2,40
2015-06-03,8130.6,8130.6,8126.15,8126.55,12:30:00,8145.431316864911,2,41
2015-06-03,8134.75,8134.75,8130.65,8133.15,12:35:00,8144.4140485920625,2,42
2015-06-03,8131.95,8141.85,8131.95,8136.15,12:40:00,8143.2269963452,2,43
2015-06-03,8132.75,8132.75,8127.5,8131.6,12:45:00,8142.229187169467,2,44
2015-06-03,8125.2,8133.45,8121.95,8133.45,12:50:00,8140.607359819994,2,45
2015-06-03,8127.25,8127.25,8125.45,8126.05,12:55:00,8139.335230313327,2,46
2015-06-03,8143.65,8143.65,8132.5,8132.5,13:00:00,8139.746160759676,2,47
2015-06-03,8138.05,8141.8,8137.55,8141.8,13:05:00,8139.584621639707,2,48
2015-06-03,8136.65,8137.4,8135.25,8137.2,13:10:00,8139.305133864497,2,49
2015-06-03,8144.1,8144.1,8135.1,8135.1,13:15:00,8139.761787782164,2,50
2015-06-03,8149.45,8159.25,8149.3,8149.3,13:20:00,8140.684474660053,2,51
2015-06-03,8152.75,8152.75,8143.35,8146.35,13:25:00,8141.833572311476,2,52
2015-06-03,8157.85,8159.85,8151.55,8153.4,13:30:00,8143.3589463770495,2,53
2015-06-03,8146.85,8157.0,8143.15,8157.0,13:35:00,8143.691427674473,2,54
2015-06-03,8137.7,8140.4,8132.7,8140.4,13:40:00,8143.120815514999,2,55
2015-06-03,8135.45,8140.1,8135.45,8135.5,13:45:00,8142.390261656427,2,56
2015-06-03,8133.6,8137.05,8125.8,8137.05,13:50:00,8141.553093879625,2,57
2015-06-03,8131.5,8133.35,8128.2,8133.35,13:55:00,8140.59565636728,2,58
2015-06-03,8130.5,8132.05,8130.5,8130.8,14:00:00,8139.634165284681,2,59
2015-06-03,8115.15,8130.95,8112.35,8130.95,14:05:00,8137.302340019473,2,60
2015-06-03,8115.9,8117.4,8113.65,8113.65,14:10:00,8135.26402192238,2,61
2015-06-03,8112.55,8115.35,8102.0,8115.35,14:15:00,8133.100781739296,2,62
2015-06-03,8124.5,8124.5,8112.25,8112.25,14:20:00,8132.281659668887,2,63
2015-06-03,8122.25,8125.9,8122.25,8124.55,14:25:00,8131.326263509945,2,64
2015-06-03,8109.6,8116.6,8108.7,8116.6,14:30:00,8129.257095556617,2,65
2015-06-03,8120.0,8120.0,8112.1,8114.35,14:35:00,8128.375467408367,2,66
2015-06-03,8123.35,8128.25,8122.95,8128.25,14:40:00,8127.896851464713,2,67
2015-06-03,8122.7,8122.7,8113.75,8117.05,14:45:00,8127.401913229978,2,68
2015-06-03,8111.5,8120.5,8111.5,8120.5,14:50:00,8125.887445303313,2,69
2015-06-03,8119.85,8122.8,8114.65,8114.65,14:55:00,8125.3124505125215,2,70
2015-06-03,8134.7,8134.7,8118.2,8118.2,15:00:00,8126.206502844662,2,71
2015-06-03,8135.05,8135.75,8130.65,8135.75,15:05:00,8127.04874066898,2,72
2015-06-03,8123.3,8132.75,8123.3,8132.75,15:10:00,8126.691717748125,2,73
2015-06-03,8131.55,8131.55,8127.7,8127.75,15:15:00,8127.154411295923,2,74
2015-06-03,8144.1,8144.1,8132.85,8132.85,15:20:00,8128.768276886787,2,75
2015-06-03,8152.05,8152.05,8144.4,8144.4,15:25:00,8130.98558384995,2,76
2015-06-04,8155.15,8155.15,8155.15,8155.15,09:10:00,8133.286956816622,3,1
2015-06-04,8143.55,8155.15,8117.95,8155.15,09:15:00,8134.264389500752,3,2
2015-06-04,8147.1,8147.1,8133.4,8133.4,09:20:00,8135.486828595919,3,3
2015-06-04,8130.45,8149.55,8130.45,8142.2,09:25:00,8135.007130634402,3,4
2015-06-04,8121.15,8126.2,8114.15,8125.1,09:30:00,8133.687403907316,3,5
2015-06-04,8108.4,8123.8,8108.4,8123.8,09:35:00,8131.2790797256675,3,6
2015-06-04,8114.0,8118.2,8108.3,8108.3,09:40:00,8129.633453085127,3,7
2015-06-04,8124.4,8124.4,8114.3,8114.3,09:45:00,8129.135028981782,3,8
2015-06-04,8113.65,8126.25,8113.65,8126.25,09:50:00,8127.660264316851,3,9
2015-06-04,8121.5,8121.5,8116.6,8116.6,09:55:00,8127.073572477151,3,10
2015-06-04,8119.55,8120.15,8118.85,8119.8,10:00:00,8126.357041765042,3,11
2015-06-04,8122.9,8122.9,8116.9,8116.9,10:05:00,8126.02779969218,3,12
2015-06-04,8135.75,8135.75,8126.15,8126.15,10:10:00,8126.95372353102,3,13
2015-06-04,8130.0,8137.0,8128.35,8137.0,10:15:00,8127.243845099494,3,14
2015-06-04,8129.9,8130.6,8125.1,8127.2,10:20:00,8127.4968122328755,3,15
2015-06-04,8148.4,8148.4,8128.3,8128.3,10:25:00,8129.487592020221,3,16
2015-06-04,8139.2,8152.25,8139.2,8146.15,10:30:00,8130.412583256391,3,17
2015-06-04,8140.2,8144.0,8140.2,8141.85,10:35:00,8131.344718184354,3,18
2015-06-04,8137.5,8137.5,8134.2,8136.8,10:40:00,8131.93093550013,3,19
2015-06-04,8128.65,8139.0,8128.65,8137.3,10:45:00,8131.618465452498,3,20
2015-06-04,8129.55,8129.65,8123.9,8129.65,10:50:00,8131.421468742737,3,21
2015-06-04,8134.8,8137.75,8131.0,8131.0,10:55:00,8131.743233624381,3,22
2015-06-04,8134.4,8139.25,8134.4,8135.85,11:00:00,8131.996258993488,3,23
2015-06-04,8133.7,8137.7,8133.7,8135.85,11:05:00,8132.158520041727,3,24
2015-06-04,8142.65,8142.65,8135.65,8135.65,11:10:00,8133.157708609181,3,25
2015-06-04,8141.25,8141.35,8138.15,8141.35,11:15:00,8133.928403027355,3,26
2015-06-04,8141.55,8141.55,8140.15,8141.25,11:20:00,8134.654269405702,3,27
2015-06-04,8146.05,8146.05,8140.05,8140.05,11:25:00,8135.739577081349,3,28
2015-06-04,8138.7,8145.9,8138.7,8145.9,11:30:00,8136.021522121221,3,29
2015-06-04,8136.2,8139.2,8135.1,8135.1,11:35:00,8136.038520014438,3,30
2015-06-04,8134.5,8138.4,8132.7,8137.45,11:40:00,8135.891994298777,3,31
2015-06-04,8129.8,8134.5,8126.1,8134.5,11:45:00,8135.311804365559,3,32
2015-06-04,8129.2,8133.2,8129.2,8130.75,11:50:00,8134.729727759315,3,33
2015-06-04,8130.0,8132.65,8129.55,8129.55,11:55:00,8134.279277496524,3,34
2015-06-04,8125.65,8127.35,8124.4,8126.6,12:00:00,8133.457441544474,3,35
2015-06-04,8119.05,8119.05,8112.75,8116.95,12:05:00,8132.085304254524,3,36
2015-06-04,8114.5,8121.85,8114.35,8121.85,12:10:00,8130.410513373141,3,37
2015-06-04,8115.9,8116.75,8114.15,8116.25,12:15:00,8129.028559718556,3,38
2015-06-04,8118.95,8119.4,8118.25,8118.25,12:20:00,8128.068696888217,3,39
2015-06-04,8120.95,8120.95,8116.75,8116.75,12:25:00,8127.390725756007,3,40
2015-06-04,8125.2,8125.85,8119.2,8119.2,12:30:00,8127.182085207815,3,41
2015-06-04,8114.35,8119.75,8112.65,8118.5,12:35:00,8125.95998185469,3,42
2015-06-04,8122.9,8122.9,8117.15,8117.15,12:40:00,8125.668555011387,3,43
2015-06-04,8119.4,8123.65,8119.4,8123.05,12:45:00,8125.071549772207,3,44
2015-06-04,8112.75,8119.6,8112.75,8119.6,12:50:00,8123.89806884152,3,45
2015-06-04,8107.95,8111.0,8102.8,8108.55,12:55:00,8122.379205142328,3,46
2015-06-04,8098.05,8105.45,8095.8,8105.45,13:00:00,8120.062137985916,3,47
2015-06-04,8085.15,8097.5,8085.15,8097.5,13:05:00,8116.737172463448,3,48
2015-06-04,8081.6,8088.25,8079.6,8079.6,13:10:00,8113.390775085977,3,49
2015-06-04,8071.25,8081.65,8065.35,8081.65,13:15:00,8109.3773679349315,3,50
2015-06-04,8072.75,8074.2,8068.25,8072.6,13:20:00,8105.889047179224,3,51
2015-06-04,8061.25,8068.3,8061.25,8062.6,13:25:00,8101.637709352632,3,52
2015-06-04,8075.0,8075.0,8064.25,8064.25,13:30:00,8099.100784652382,3,53
2015-06-04,8076.65,8084.1,8076.65,8078.05,13:35:00,8096.962614685488,3,54
2015-06-04,8075.6,8080.15,8071.8,8078.2,13:40:00,8094.928079953537,3,55
2015-06-04,8078.5,8078.5,8071.6,8074.8,13:45:00,8093.363500910343,3,56
2015-06-04,8075.8,8076.3,8072.65,8076.3,13:50:00,8091.690786537929,3,57
2015-06-04,8074.4,8077.45,8074.4,8074.5,13:55:00,8090.044044962889,3,58
2015-06-04,8076.7,8079.5,8076.55,8079.5,14:00:00,8088.773183537852,3,59
2015-06-04,8066.5,8071.95,8066.5,8071.95,14:05:00,8086.651927962818,3,60
2015-06-04,8060.45,8063.85,8059.95,8060.65,14:10:00,8084.156506252073,3,61
2015-06-04,8072.35,8072.35,8068.25,8068.25,14:15:00,8083.0320770852095,3,62
2015-06-04,8089.45,8089.45,8071.4,8071.4,14:20:00,8083.643307838999,3,63
2015-06-04,8098.4,8098.4,8084.15,8089.85,14:25:00,8085.048707092427,3,64
2015-06-04,8118.15,8118.15,8107.15,8111.25,14:30:00,8088.201211178863,3,65
2015-06-04,8115.25,8115.25,8106.6,8114.25,14:35:00,8090.777286304685,3,66
2015-06-04,8137.25,8137.25,8118.15,8118.15,14:40:00,8095.203259037572,3,67
2015-06-04,8126.35,8133.6,8126.35,8130.05,14:45:00,8098.169615319708,3,68
2015-06-04,8137.85,8137.85,8119.95,8119.95,14:50:00,8101.948699574974,3,69
2015-06-04,8121.55,8128.35,8121.55,8128.35,14:55:00,8103.815490091643,3,70
2015-06-04,8126.7,8130.35,8119.95,8122.5,15:00:00,8105.994967225772,3,71
2015-06-04,8125.15,8127.55,8121.8,8127.55,15:05:00,8107.819256061412,3,72
2015-06-04,8127.05,8134.05,8127.05,8128.45,15:10:00,8109.650755484135,3,73
2015-06-04,8132.85,8132.85,8125.9,8127.75,15:15:00,8111.860207342789,3,74
2015-06-04,8128.55,8137.3,8128.55,8134.65,15:20:00,8113.44971140538,3,75
2015-06-04,8135.5,8135.5,8128.6,8128.6,15:25:00,8115.549738890582,3,76
2015-06-05,8119.15,8119.15,8119.15,8119.15,09:10:00,8115.892620901003,4,1
2015-06-05,8108.55,8121.35,8108.55,8119.15,09:15:00,8115.193323672336,4,2
2015-06-05,8129.45,8129.45,8110.95,8110.95,09:20:00,8116.551102370209,4,3
2015-06-05,8118.6,8130.15,8118.6,8125.3,09:25:00,8116.746235477808,4,4
2015-06-05,8124.4,8128.45,8120.1,8120.1,09:30:00,8117.475165432303,4,5
2015-06-05,8134.95,8134.95,8126.4,8130.1,09:35:00,8119.139435391131,4,6
2015-06-05,8116.9,8123.0,8114.1,8123.0,09:40:00,8118.926155830071,4,7
2015-06-05,8118.9,8123.05,8118.9,8122.6,09:45:00,8118.923664798636,4,8
2015-06-05,8118.3,8118.3,8109.15,8109.15,09:50:00,8118.864268151147,4,9
2015-06-05,8125.0,8126.45,8117.45,8117.45,09:55:00,8119.448623565324,4,10
2015-06-05,8131.25,8131.25,8119.3,8119.3,10:00:00,8120.57256417815,4,11
2015-06-05,8125.65,8135.75,8125.65,8135.75,10:05:00,8121.056129494516,4,12
2015-06-05,8121.75,8125.35,8118.75,8125.35,10:10:00,8121.1222123998,4,13
2015-06-05,8127.25,8129.05,8123.4,8123.4,10:15:00,8121.705811218867,4,14
2015-06-05,8116.3,8124.6,8116.3,8124.6,10:20:00,8121.190972055166,4,15
2015-06-05,8115.3,8118.0,8115.0,8115.0,10:25:00,8120.62992709753,4,16
2015-06-05,8109.35,8112.85,8106.4,8112.85,10:30:00,8119.555648326337,4,17
2015-06-05,8119.2,8119.2,8109.95,8109.95,10:35:00,8119.521777057163,4,18
2015-06-05,8117.05,8117.95,8115.0,8117.95,10:40:00,8119.286369718386,4,19
2015-06-05,8116.95,8117.35,8115.05,8115.05,10:45:00,8119.063858316635,4,20
2015-06-05,8120.35,8121.65,8119.85,8119.85,10:50:00,8119.186348000765,4,21
2015-06-05,8114.65,8118.65,8114.65,8116.65,10:55:00,8118.754314857835,4,22
2015-06-05,8124.05,8124.05,8117.2,8117.2,11:00:00,8119.258665823756,4,23
2015-06-05,8126.95,8126.95,8124.15,8124.4,11:05:00,8119.991173840542,4,24
2015-06-05,8121.05,8126.4,8119.9,8125.45,11:10:00,8120.092014427157,4,25
2015-06-05,8121.0,8121.0,8116.95,8119.8,11:15:00,8120.178489243618,4,26
2015-06-05,8121.5,8121.5,8119.05,8119.05,11:20:00,8120.304347410893,4,27
2015-06-05,8124.45,8124.45,8120.25,8121.0,11:25:00,8120.699171466998,4,28
2015-06-05,8129.15,8129.15,8123.65,8123.65,11:30:00,8121.504012279665,4,29
2015-06-05,8127.6,8130.7,8127.35,8130.7,11:35:00,8122.084582538745,4,30
2015-06-05,8121.2,8127.1,8121.15,8127.1,11:40:00,8122.000336582674,4,31
2015-06-05,8128.65,8128.65,8121.2,8121.2,11:45:00,8122.633637860515,4,32
2015-06-05,8133.25,8133.25,8126.9,8126.9,11:50:00,8123.644719969037,4,33
2015-06-05,8143.55,8143.55,8133.45,8133.45,11:55:00,8125.540460924367,4,34
2015-06-05,8172.0,8172.0,8150.2,8150.2,12:00:00,8129.96517893157,4,35
2015-06-05,8168.4,8171.0,8165.7,8165.7,12:05:00,8133.625638080945,4,36
2015-06-05,8174.7,8180.2,8172.95,8172.95,12:10:00,8137.537482073236,4,37
2015-06-05,8166.55,8170.8,8166.55,8170.8,12:15:00,8140.300579018642,4,38
2015-06-05,8162.6,8167.5,8162.6,8164.4,12:20:00,8142.424333397818,4,39
2015-06-05,8161.1,8164.35,8161.1,8162.7,12:25:00,8144.202968312312,4,40
2015-06-05,8138.15,8147.65,8133.5,8147.65,12:30:00,8143.626495139711,4,41
2015-06-05,8149.8,8149.8,8137.95,8143.3,12:35:00,8144.214447983548,4,42
2015-06-05,8156.85,8156.85,8150.45,8150.45,12:40:00,8145.417833889876,4,43
2015-06-05,8161.55,8161.55,8152.95,8157.3,12:45:00,8146.95423066227,4,44
2015-06-05,8161.35,8162.6,8159.35,8159.35,12:50:00,8148.325256313482,4,45
2015-06-05,8168.35,8168.35,8161.65,8161.65,12:55:00,8150.2323747598175,4,46
2015-06-05,8167.35,8170.85,8165.8,8170.85,13:00:00,8151.862624782692,4,47
2015-06-05,8171.4,8171.4,8165.6,8165.6,13:05:00,8153.723327184341,4,48
2015-06-05,8153.9,8166.75,8153.9,8166.75,13:10:00,8153.740153166785,4,49
2015-06-05,8152.55,8157.15,8152.55,8155.75,13:15:00,8153.626805246138,4,50
2015-06-05,8155.05,8155.05,8151.45,8154.7,13:20:00,8153.762347603649,4,51
2015-06-05,8157.5,8160.1,8155.2,8155.2,13:25:00,8154.118314498539,4,52
2015-06-05,8164.45,8166.0,8160.4,8160.4,13:30:00,8155.102284546297,4,53
2015-06-05,8165.5,8167.9,8165.1,8165.1,13:35:00,8156.092543160936,4,54
2015-06-05,8162.35,8167.15,8162.35,8164.8,13:40:00,8156.688491431323,4,55
2015-06-05,8163.35,8163.75,8160.5,8163.75,13:45:00,8157.322920818816,4,56
2015-06-05,8173.5,8174.7,8165.45,8165.45,13:50:00,8158.863595026548,4,57
2015-06-05,8168.05,8172.05,8168.05,8172.05,13:55:00,8159.738490738306,4,58
2015-06-05,8165.2,8170.2,8165.2,8168.15,14:00:00,8160.258634477514,4,59
2015-06-05,8172.8,8172.8,8168.3,8168.3,14:05:00,8161.453050241561,4,60
2015-06-05,8183.8,8186.05,8173.9,8173.9,14:10:00,8163.581331170935,4,61
2015-06-05,8186.75,8187.0,8178.85,8178.85,14:15:00,8165.787871059418,4,62
2015-06-05,8174.25,8182.6,8170.35,8181.65,14:20:00,8166.593788101378,4,63
2015-06-05,8179.65,8180.55,8178.2,8180.35,14:25:00,8167.8372368536275,4,64
2015-06-05,8183.1,8185.4,8181.35,8181.85,14:30:00,8169.290833343759,4,65
2015-06-05,8176.25,8183.9,8176.25,8182.0,14:35:00,8169.953611120543,4,66
2015-06-05,8178.1,8179.25,8176.85,8176.85,14:40:00,8170.729457680492,4,67
2015-06-05,8168.1,8183.05,8168.1,8181.5,14:45:00,8170.479033139492,4,68
2015-06-05,8134.8,8156.75,8134.8,8156.75,14:50:00,8167.08102998335,4,69
2015-06-05,8134.1,8138.85,8125.2,8136.75,14:55:00,8163.939979508746,4,70
2015-06-05,8110.0,8133.8,8110.0,8133.8,15:00:00,8158.802838603151,4,71
2015-06-05,8120.9,8120.9,8109.05,8109.05,15:05:00,8155.193044450471,4,72
2015-06-05,8120.15,8122.4,8116.9,8116.9,15:10:00,8151.855611645664,4,73
2015-06-05,8114.6,8118.55,8113.55,8118.55,15:15:00,8148.3074581556,4,74
2015-06-05,8108.55,8112.7,8107.5,8112.7,15:20:00,8144.521033569353,4,75
2015-06-05,8112.75,8112.75,8110.6,8110.6,15:25:00,8141.495220848462,4,76
2015-06-08,8124.35,8124.35,8124.35,8124.35,09:10:00,8139.862342672418,0,1
2015-06-08,8119.0,8124.35,8108.25,8124.35,09:15:00,8137.875452894093,0,2
2015-06-08,8079.25,8109.45,8079.25,8109.45,09:20:00,8132.292076427989,0,3
2015-06-08,8079.4,8088.1,8079.4,8087.15,09:25:00,8127.254735815799,0,4
2015-06-08,8072.1,8081.6,8064.35,8081.6,09:30:00,8122.001903833342,0,5
2015-06-08,8075.85,8075.85,8066.45,8066.45,09:35:00,8117.606484420643,0,6
2015-06-08,8070.25,8074.6,8066.85,8070.0,09:40:00,8113.096343047249,0,7
2015-06-08,8057.55,8066.4,8057.55,8066.4,09:45:00,8107.806215137987,0,8
2015-06-08,8077.5,8077.5,8067.2,8067.2,09:50:00,8104.919908934369,0,9
2015-06-08,8073.7,8076.5,8073.5,8075.9,09:55:00,8101.946584273954,0,10
2015-06-08,8070.05,8072.4,8069.25,8072.4,10:00:00,8098.908814343101,0,11
2015-06-08,8074.7,8079.9,8074.0,8074.0,10:05:00,8096.603212977091,0,12
2015-06-08,8077.35,8079.6,8075.3,8075.3,10:10:00,8094.769573645939,0,13
2015-06-08,8068.9,8080.4,8068.9,8079.9,10:15:00,8092.305804727278,0,14
2015-06-08,8070.45,8072.55,8069.95,8070.1,10:20:00,8090.224299515156,0,15
2015-06-08,8073.95,8075.45,8071.9,8071.9,10:25:00,8088.674366227999,0,16
2015-06-08,8071.0,8072.8,8070.5,8072.8,10:30:00,8086.991093253904,0,17
2015-06-08,8074.85,8074.85,8068.85,8068.85,10:35:00,8085.834798658294,0,18
2015-06-08,8073.4,8074.2,8071.0,8074.2,10:40:00,8084.650532119408,0,19
2015-06-08,8070.5,8076.45,8070.5,8075.9,10:45:00,8083.302862393751,0,20
2015-06-08,8074.25,8075.4,8070.65,8070.65,10:50:00,8082.440685022918,0,21
2015-06-08,8073.65,8075.85,8073.65,8074.0,10:55:00,8081.6034769254975,0,22
2015-06-08,8075.5,8077.75,8075.5,8076.5,11:00:00,8081.022193408784,0,23
2015-06-08,8074.25,8074.5,8073.25,8074.5,11:05:00,8080.377222607948,0,24
2015-06-08,8070.8,8071.9,8067.75,8069.65,11:10:00,8079.465106169096,0,25
2015-06-08,8060.2,8071.1,8060.2,8071.1,11:15:00,8077.630334152991,0,26
2015-06-08,8065.2,8065.2,8060.45,8060.6,11:20:00,8076.446492805087,0,27
2015-06-08,8059.85,8065.95,8059.85,8065.9,11:25:00,8074.865874442698,0,28
2015-06-08,8070.45,8070.45,8061.65,8061.95,11:30:00,8074.445314971966,0,29
2015-06-08,8071.9,8074.7,8071.55,8072.15,11:35:00,8074.202904022255,0,30
2015-06-08,8068.6,8072.5,8068.6,8072.5,11:40:00,8073.669294115373,0,31
2015-06-08,8064.85,8067.5,8064.85,8066.45,11:45:00,8072.82936134248,0,32
2015-06-08,8068.4,8068.4,8062.35,8062.35,11:50:00,8072.407517405101,0,33
2015-06-08,8065.85,8070.35,8065.85,8069.45,11:55:00,8071.782991937949,0,34
2015-06-08,8066.8,8066.9,8064.65,8066.25,12:00:00,8071.308421277192,0,35
2015-06-08,8065.2,8065.2,8063.85,8064.85,12:05:00,8070.72666686984,0,36
2015-06-08,8064.7,8064.7,8061.05,8063.4,12:10:00,8070.152698596522,0,37
2015-06-08,8067.5,8069.25,8065.6,8065.6,12:15:00,8069.900060634948,0,38
2015-06-08,8065.2,8069.15,8065.2,8067.45,12:20:00,8069.452435812573,0,39
2015-06-08,8064.95,8066.45,8064.3,8064.3,12:25:00,8069.0236324018515,0,40
2015-06-08,8048.9,8064.25,8048.9,8062.5,12:30:00,8067.1070959826275,0,41
2015-06-08,8054.6,8056.45,8048.0,8056.45,12:35:00,8065.915943984282,0,42
2015-06-08,8055.2,8055.2,8051.0,8051.0,12:40:00,8064.895377890542,0,43
2015-06-08,8059.0,8060.0,8057.15,8057.55,12:45:00,8064.333913329538,0,44
2015-06-08,8064.1,8064.1,8059.3,8059.3,12:50:00,8064.311635869582,0,45
2015-06-08,8058.55,8062.8,8058.55,8061.3,12:55:00,8063.762908643907,0,46
2015-06-08,8055.85,8056.85,8055.1,8056.85,13:00:00,8063.009298296869,0,47
2015-06-08,8058.1,8058.1,8054.85,8054.85,13:05:00,8062.54174607812,0,48
2015-06-08,8060.85,8060.85,8059.2,8060.0,13:10:00,8062.380627404013,0,49
2015-06-08,8046.85,8055.35,8046.85,8055.35,13:15:00,8060.901520032203,0,50
2015-06-08,8046.15,8046.15,8041.3,8042.05,13:20:00,8059.496613362469,0,51
2015-06-08,8045.75,8051.65,8045.75,8050.75,13:25:00,8058.187412089853,0,52
2015-06-08,8049.55,8050.5,8049.1,8049.8,13:30:00,8057.364801414629,0,53
2015-06-08,8044.85,8048.4,8044.85,8047.75,13:35:00,8056.172915565618,0,54
2015-06-08,8037.8,8040.75,8035.5,8040.75,13:40:00,8054.423114083178,0,55
2015-06-08,8040.15,8044.3,8040.15,8044.3,13:45:00,8053.06376988478,0,56
2015-06-08,8050.85,8050.85,8040.85,8040.85,13:50:00,8052.852934657659,0,57
2015-06-08,8047.65,8049.5,8046.15,8048.35,13:55:00,8052.357417071215,0,58
2015-06-08,8048.45,8048.85,8046.35,8047.8,14:00:00,8051.985282112052,0,59
2015-06-08,8044.2,8047.45,8043.6,8047.45,14:05:00,8051.2438266728095,0,60
2015-06-08,8048.8,8048.8,8044.25,8044.25,14:10:00,8051.011081275399,0,61
2015-06-08,8058.15,8059.95,8051.1,8051.1,14:15:00,8051.69097829679,0,62
2015-06-08,8055.65,8063.1,8055.65,8058.3,14:20:00,8052.068027982809,0,63
2015-06-08,8060.65,8060.65,8058.6,8058.95,14:25:00,8052.885358651113,0,64
2015-06-08,8072.45,8078.55,8069.45,8078.55,14:30:00,8054.748657827197,0,65
2015-06-08,8074.1,8077.2,8068.85,8069.85,14:35:00,8056.591642796036,0,66
2015-06-08,8066.2,8074.25,8064.45,8074.25,14:40:00,8057.506724434508,0,67
2015-06-08,8068.75,8070.45,8065.55,8065.55,14:45:00,8058.577512583603,0,68
2015-06-08,8068.5,8070.85,8066.6,8068.25,14:50:00,8059.522511385165,0,69
2015-06-08,8063.3,8067.35,8061.85,8067.35,14:55:00,8059.882272205626,0,70
2015-06-08,8045.15,8056.25,8041.9,8056.25,15:00:00,8058.479198662232,0,71
2015-06-08,8045.0,8047.4,8038.75,8038.75,15:05:00,8057.195465456305,0,72
2015-06-08,8048.5,8049.4,8048.1,8048.5,15:10:00,8056.367325889038,0,73
2015-06-08,8048.1,8052.9,8046.85,8052.9,15:15:00,8055.579961518653,0,74
2015-06-08,8039.7,8046.25,8039.7,8046.25,15:20:00,8054.067584231163,0,75
2015-06-08,8035.4,8039.0,8031.75,8037.15,15:25:00,8052.28971906629,0,76
2015-06-09,8026.5,8026.5,8026.5,8026.5,09:10:00,8049.833555345691,1,1
2015-06-09,8031.15,8031.15,8020.6,8026.5,09:15:00,8048.054169122292,1,2
2015-06-09,8028.1,8032.75,8021.65,8032.75,09:20:00,8046.153772063026,1,3
2015-06-09,8030.95,8032.0,8025.65,8025.65,09:25:00,8044.70579377131,1,4
2015-06-09,8042.7,8042.7,8027.45,8033.85,09:30:00,8044.51476579309,1,5
2015-06-09,8046.35,8050.2,8039.8,8039.8,09:35:00,8044.689550003272,1,6
2015-06-09,8055.25,8055.25,8047.45,8047.45,09:40:00,8045.695307145818,1,7
2015-06-09,8051.65,8053.6,8048.15,8048.9,09:45:00,8046.262420750978,1,8
2015-06-09,8035.75,8047.85,8035.75,8047.85,09:50:00,8045.261237822314,1,9
2015-06-09,8030.6,8037.45,8030.6,8035.9,09:55:00,8043.864929458284,1,10
2015-06-09,8025.2,8029.95,8025.2,8025.2,10:00:00,8042.087317128923,1,11
2015-06-09,8035.75,8035.75,8028.4,8028.4,10:05:00,8041.483763116645,1,12
2015-06-09,8026.65,8029.7,8023.2,8029.7,10:10:00,8040.071023772202,1,13
2015-06-09,8025.85,8030.4,8025.85,8030.4,10:15:00,8038.716640555802,1,14
2015-06-09,8032.4,8036.35,8031.6,8031.6,10:20:00,8038.115055740964,1,15
2015-06-09,8025.05,8032.6,8025.05,8032.6,10:25:00,8036.870764718015,1,16
2015-06-09,8019.75,8021.05,8015.4,8015.4,10:30:00,8035.240215697251,1,17
2015-06-09,8025.7,8025.7,8021.95,8021.95,10:35:00,8034.331623726085,1,18
2015-06-09,8025.8,8027.3,8024.9,8027.05,10:40:00,8033.519088133125,1,19
2015-06-09,8017.05,8023.3,8015.85,8023.3,10:45:00,8031.950603549017,1,20
2015-06-09,8017.95,8020.0,8017.55,8017.55,10:50:00,8030.617212734824,1,21
2015-06-09,8013.95,8017.0,8011.45,8016.85,10:55:00,8029.029859141032,1,22
2015-06-09,8025.3,8025.8,8016.75,8016.75,11:00:00,8028.674634460934,1,23
2015-06-09,8020.45,8024.4,8018.9,8024.4,11:05:00,8027.891335940845,1,24
2015-06-09,8022.9,8022.9,8014.95,8017.6,11:10:00,8027.415970613145,1,25
2015-06-09,8025.9,8025.9,8020.35,8020.35,11:15:00,8027.271592459512,1,26
2015-06-09,8029.45,8029.45,8023.9,8023.9,11:20:00,8027.479059844321,1,27
2015-06-09,8035.0,8035.0,8032.1,8033.35,11:25:00,8028.195339859148,1,28
2015-06-09,8031.95,8035.85,8029.9,8029.9,11:30:00,8028.552926539229,1,29
2015-06-09,8032.3,8034.25,8031.8,8033.8,11:35:00,8028.90979067835,1,30
2015-06-09,8037.2,8037.6,8034.7,8034.7,11:40:00,8029.699334423269,1,31
2015-06-09,8036.45,8037.6,8033.2,8033.2,11:45:00,8030.342254954386,1,32
2015-06-09,8037.35,8039.85,8036.8,8037.55,11:50:00,8031.009659244444,1,33
2015-06-09,8028.9,8037.85,8028.9,8037.35,11:55:00,8030.808739316401,1,34
2015-06-09,8030.3,8030.45,8028.55,8030.45,12:00:00,8030.760287952935,1,35
2015-06-09,8032.95,8033.7,8030.8,8030.8,12:05:00,8030.968831957418,1,36
2015-06-09,8030.2,8032.35,8030.2,8032.1,12:10:00,8030.895609866235,1,37
2015-06-09,8025.85,8029.5,8025.85,8029.5,12:15:00,8030.415075593261,1,38
2015-06-09,8028.25,8028.9,8025.2,8025.2,12:20:00,8030.208877917712,1,39
2015-06-09,8033.0,8033.0,8028.95,8028.95,12:25:00,8030.474699068406,1,40
2015-06-09,8031.9,8032.75,8029.75,8032.75,12:30:00,8030.610442014272,1,41
2015-06-09,8030.85,8031.45,8030.85,8031.2,12:35:00,8030.633257060532,1,42
2015-06-09,8036.25,8036.25,8031.95,8031.95,12:40:00,8031.168184959529,1,43
2015-06-09,8037.9,8037.9,8032.65,8032.7,12:45:00,8031.809310201478,1,44
2015-06-09,8043.7,8051.4,8043.7,8047.75,12:50:00,8032.941756848956,1,45
2015-06-09,8043.1,8044.3,8042.2,8043.7,12:55:00,8033.909208577626,1,46
2015-06-09,8045.45,8045.45,8042.45,8043.8,13:00:00,8035.008331570234,1,47
2015-06-09,8046.45,8048.4,8046.45,8047.15,13:05:00,8036.098014277831,1,48
2015-06-09,8043.4,8046.1,8043.05,8046.1,13:10:00,8036.793441489466,1,49
2015-06-09,8034.35,8044.1,8032.6,8044.1,13:15:00,8036.560732776184,1,50
2015-06-09,8032.5,8037.45,8031.3,8037.45,13:20:00,8036.173996321309,1,51
2015-06-09,8034.55,8035.15,8029.3,8029.3,13:25:00,8036.019330004994,1,52
2015-06-09,8035.2,8035.7,8033.25,8035.3,13:30:00,8035.941298575947,1,53
2015-06-09,8034.75,8034.9,8032.5,8032.5,13:35:00,8035.827841568714,1,54
2015-06-09,8037.45,8039.7,8037.45,8039.7,13:40:00,8035.982332847883,1,55
2015-06-09,8046.35,8046.35,8038.4,8038.55,13:45:00,8036.969729719513,1,56
2015-06-09,8044.9,8044.9,8042.05,8044.8,13:50:00,8037.72499355575,1,57
2015-06-09,8044.0,8049.15,8044.0,8048.4,13:55:00,8038.322613217108,1,58
2015-06-09,8030.15,8045.65,8030.15,8045.65,14:00:00,8037.544269101192,1,59
2015-06-09,8032.6,8034.5,8029.9,8033.4,14:05:00,8037.07338632965,1,60
2015-06-09,8037.3,8042.65,8034.45,8034.45,14:10:00,8037.094968583969,1,61
2015-06-09,8022.8,8035.65,8021.35,8035.65,14:15:00,8035.733543004543,1,62
2015-06-09,8020.9,8025.15,8019.4,8025.15,14:20:00,8034.320824623158,1,63
2015-06-09,8030.5,8030.5,8020.95,8020.95,14:25:00,8033.95693656381,1,64
2015-06-09,8016.45,8024.05,8016.45,8024.05,14:30:00,8032.289609272018,1,65
2015-06-09,8021.2,8021.2,8012.5,8014.35,14:35:00,8031.233456008017,1,66
2015-06-09,8017.9,8024.4,8017.9,8024.4,14:40:00,8029.963603054873,1,67
2015-06-09,8018.6,8018.6,8007.5,8016.55,14:45:00,8028.881355144885,1,68
2015-06-09,8018.35,8018.35,8013.6,8013.6,14:50:00,8027.87836894061,1,69
2015-06-09,8014.85,8016.05,8011.2,8015.9,14:55:00,8026.637571898647,1,70
2015-06-09,8028.85,8028.85,8014.55,8014.55,15:00:00,8026.848279336871,1,71
2015-06-09,8025.1,8025.55,8020.8,8025.1,15:05:00,8026.681776542884,1,72
2015-06-09,8027.35,8032.75,8021.65,8021.65,15:10:00,8026.745416872133,1,73
2015-06-09,8020.9,8024.95,8020.1,8024.95,15:15:00,8026.188710503358,1,74
2015-06-09,8021.25,8024.25,8021.25,8022.15,15:20:00,8025.718357122087,1,75
2015-06-09,8015.3,8019.5,8014.75,8019.5,15:25:00,8024.72613263427,1,76
2015-06-10,8024.15,8024.15,8024.15,8024.15,09:10:00,8024.671262859577,2,1
2015-06-10,8083.15,8083.15,8024.15,8024.15,09:15:00,8030.24066639676,2,2
2015-06-10,8084.8,8086.75,8076.9,8076.9,09:20:00,8035.436793406593,2,3
2015-06-10,8094.3,8094.3,8083.2,8092.7,09:25:00,8041.042813082156,2,4
2015-06-10,8095.1,8095.1,8090.35,8092.9,09:30:00,8046.19111659814,2,5
2015-06-10,8087.3,8093.55,8083.45,8093.55,09:35:00,8050.106248350698,2,6
2015-06-10,8104.35,8104.35,8090.65,8090.7,09:40:00,8055.272319936346,2,7
2015-06-10,8095.5,8106.25,8095.5,8106.25,09:45:00,8059.103527561456,2,8
2015-06-10,8091.75,8093.1,8087.95,8093.1,09:50:00,8062.212715412746,2,9
2015-06-10,8095.25,8095.25,8091.75,8091.9,09:55:00,8065.359123468675,2,10
2015-06-10,8096.05,8097.05,8092.4,8094.6,10:00:00,8068.282064090706,2,11
2015-06-10,8092.1,8093.2,8091.2,8092.1,10:05:00,8070.55043893921,2,12
2015-06-10,8099.15,8099.15,8091.85,8091.85,10:10:00,8073.274206659285,2,13
2015-06-10,8102.95,8102.95,8096.9,8096.9,10:15:00,8076.1004726917345,2,14
2015-06-10,8109.1,8109.1,8103.9,8103.9,10:20:00,8079.243284816332,2,15
2015-06-10,8106.05,8109.5,8105.0,8109.5,10:25:00,8081.796305310015,2,16
2015-06-10,8102.75,8108.2,8102.75,8106.45,10:30:00,8083.791895280489,2,17
2015-06-10,8097.35,8103.4,8097.35,8103.4,10:35:00,8085.083143349015,2,18
2015-06-10,8099.6,8102.9,8098.7,8098.7,10:40:00,8086.465701125299,2,19
2015-06-10,8093.75,8100.2,8092.7,8100.2,10:45:00,8087.159443875271,2,20
2015-06-10,8097.15,8097.55,8096.35,8096.8,10:50:00,8088.110925410959,2,21
2015-06-10,8093.75,8096.95,8093.75,8096.95,10:55:00,8088.647980133725,2,22
2015-06-10,8095.9,8097.45,8094.3,8095.0,11:00:00,8089.338648692417,2,23
2015-06-10,8100.4,8100.4,8096.15,8096.15,11:05:00,8090.39211072171,2,24
2015-06-10,8094.1,8098.45,8093.45,8098.45,11:10:00,8090.745243033928,2,25
2015-06-10,8088.4,8094.75,8088.4,8094.75,11:15:00,8090.521886554507,2,26
2015-06-10,8091.35,8091.9,8089.75,8090.45,11:20:00,8090.600754501696,2,27
2015-06-10,8092.3,8094.15,8090.8,8090.8,11:25:00,8090.762587406297,2,28
2015-06-10,8094.6,8095.9,8092.6,8094.5,11:30:00,8091.128055272365,2,29
2015-06-10,8100.05,8100.05,8096.6,8096.75,11:35:00,8091.977764294044,2,30
2015-06-10,8101.0,8101.7,8098.1,8101.2,11:40:00,8092.837024837469,2,31
2015-06-10,8100.55,8101.7,8100.45,8100.45,11:45:00,8093.571593900567,2,32
2015-06-10,8103.1,8103.1,8100.55,8100.55,11:50:00,8094.479061148132,2,33
2015-06-10,8100.65,8104.35,8099.0,8104.35,11:55:00,8095.066769610215,2,34
2015-06-10,8104.95,8104.95,8100.9,8100.9,12:00:00,8096.008029647337,2,35
2015-06-10,8105.45,8106.2,8103.55,8103.55,12:05:00,8096.907264919019,2,36
2015-06-10,8106.55,8108.95,8106.15,8106.15,12:10:00,8097.825620641018,2,37
2015-06-10,8105.75,8105.85,8104.15,8104.8,12:15:00,8098.580323437111,2,38
2015-06-10,8106.75,8109.1,8103.55,8103.55,12:20:00,8099.358387871672,2,39
2015-06-10,8105.35,8107.0,8104.95,8104.95,12:25:00,8099.92901759818,2,40
2015-06-10,8098.2,8102.9,8098.2,8102.9,12:30:00,8099.764349255496,2,41
2015-06-10,8099.65,8099.65,8096.8,8099.25,12:35:00,8099.75345885021,2,42
2015-06-10,8100.5,8100.5,8097.45,8097.45,12:40:00,8099.824558007333,2,43
2015-06-10,8099.9,8103.65,8099.9,8101.15,12:45:00,8099.831742959016,2,44
2015-06-10,8108.95,8108.95,8102.25,8102.25,12:50:00,8100.70014839149,2,45
2015-06-10,8102.35,8106.05,8102.35,8106.05,12:55:00,8100.85727711611,2,46
2015-06-10,8103.1,8103.1,8100.7,8100.9,13:00:00,8101.070869771719,2,47
2015-06-10,8109.55,8109.55,8106.25,8106.25,13:05:00,8101.878405983936,2,48
2015-06-10,8109.35,8114.95,8109.35,8113.7,13:10:00,8102.589986366418,2,49
2015-06-10,8108.7,8108.7,8106.85,8108.7,13:15:00,8103.171892426759,2,50
2015-06-10,8106.25,8108.75,8105.4,8108.75,13:20:00,8103.465045528972,2,51
2015-06-10,8105.55,8105.55,8099.35,8105.45,13:25:00,8103.663612621451,2,52
2015-06-10,8104.9,8106.65,8104.1,8104.8,13:30:00,8103.78136380036,2,53
2015-06-10,8104.8,8108.7,8104.55,8108.7,13:35:00,8103.878376771754,2,54
2015-06-10,8094.65,8105.8,8092.25,8105.8,13:40:00,8102.9994837458735,2,55
2015-06-10,8096.1,8097.45,8095.0,8096.1,13:45:00,8102.34239005579,2,56
2015-06-10,8103.3,8103.3,8097.7,8097.7,13:50:00,8102.433591002858,2,57
2015-06-10,8101.8,8104.0,8101.8,8103.25,13:55:00,8102.373249002586,2,58
2015-06-10,8109.1,8109.65,8104.55,8104.55,14:00:00,8103.013891954721,2,59
2015-06-10,8109.4,8109.7,8106.7,8109.25,14:05:00,8103.622092720938,2,60
2015-06-10,8113.05,8113.05,8106.2,8106.2,14:10:00,8104.519988652278,2,61
2015-06-10,8111.7,8113.3,8110.9,8110.9,14:15:00,8105.203799256823,2,62
2015-06-10,8119.2,8119.2,8111.65,8111.65,14:20:00,8106.536770756173,2,63
2015-06-10,8122.4,8124.85,8121.85,8122.85,14:25:00,8108.04755449368,2,64
2015-06-10,8138.2,8138.2,8121.25,8121.25,14:30:00,8110.919215970473,2,65
2015-06-10,8139.45,8143.55,8137.7,8139.3,14:35:00,8113.636433497094,2,66
2015-06-10,8141.15,8141.15,8138.65,8140.55,14:40:00,8116.256773164037,2,67
2015-06-10,8144.9,8148.5,8142.4,8142.4,14:45:00,8118.984699529367,2,68
2015-06-10,8137.4,8149.95,8137.4,8149.95,14:50:00,8120.738537669427,2,69
2015-06-10,8141.0,8142.35,8136.65,8137.45,14:55:00,8122.66820074853,2,70
2015-06-10,8131.8,8141.85,8131.8,8141.85,15:00:00,8123.537895915336,2,71
2015-06-10,8124.35,8128.3,8124.35,8127.0,15:05:00,8123.615239161494,2,72
2015-06-10,8120.1,8125.45,8119.7,8122.45,15:10:00,8123.280454479447,2,73
2015-06-10,8121.25,8128.05,8121.25,8122.35,15:15:00,8123.087077862357,2,74
2015-06-10,8118.5,8122.1,8118.5,8121.35,15:20:00,8122.650213304037,2,75
2015-06-10,8121.0,8121.0,8117.85,8117.85,15:25:00,8122.493050132224,2,76
2015-06-11,8157.3,8157.3,8157.3,8157.3,09:10:00,8125.807997738679,3,1
2015-06-11,8147.75,8157.3,8147.75,8157.3,09:15:00,8127.897712239757,3,2
2015-06-11,8153.75,8158.8,8151.05,8152.85,09:20:00,8130.35983488359,3,3
2015-06-11,8149.4,8154.0,8147.7,8147.7,09:25:00,8132.173183942295,3,4
2015-06-11,8142.45,8148.9,8142.45,8145.45,09:30:00,8133.151928328743,3,5
2015-06-11,8142.1,8143.7,8142.1,8142.9,09:35:00,8134.004125630768,3,6
2015-06-11,8139.05,8144.0,8139.05,8139.55,09:40:00,8134.484685094504,3,7
2015-06-11,8128.45,8141.75,8128.45,8141.75,09:45:00,8133.909953180741,3,8
2015-06-11,8135.95,8136.35,8133.2,8134.0,09:50:00,8134.104243354004,3,9
2015-06-11,8132.0,8137.7,8131.65,8137.7,09:55:00,8133.903839225052,3,10
2015-06-11,8138.7,8138.7,8132.55,8132.55,10:00:00,8134.360616441714,3,11
2015-06-11,8131.45,8137.45,8131.45,8137.45,10:05:00,8134.083414875837,3,12
2015-06-11,8129.55,8130.75,8123.95,8127.05,10:10:00,8133.651661078138,3,13
2015-06-11,8117.35,8125.5,8117.35,8124.5,10:15:00,8132.099121927839,3,14
2015-06-11,8104.45,8106.1,8096.95,8106.1,10:20:00,8129.465872220427,3,15
2015-06-11,8102.95,8103.35,8094.7,8103.35,10:25:00,8126.940551056577,3,16
2015-06-11,8076.65,8099.9,8072.45,8098.8,10:30:00,8122.150974765474,3,17
2015-06-11,8075.3,8077.45,8067.95,8067.95,10:35:00,8117.688977168762,3,18
2015-06-11,8068.1,8079.35,8068.1,8079.35,10:40:00,8112.966217438404,3,19
2015-06-11,8066.65,8071.7,8060.75,8071.7,10:45:00,8108.555149110937,3,20
2015-06-11,8057.15,8068.7,8057.15,8063.45,10:50:00,8103.659420624181,3,21
2015-06-11,8058.3,8064.95,8056.85,8056.85,10:55:00,8099.33947580283,3,22
2015-06-11,8052.7,8057.75,8052.7,8053.0,11:00:00,8094.897620964465,3,23
2015-06-11,8046.3,8049.05,8042.9,8045.4,11:05:00,8090.269276110706,3,24
2015-06-11,8030.65,8044.6,8030.65,8040.8,11:10:00,8084.591249814449,3,25
2015-06-11,8048.2,8048.2,8036.25,8036.25,11:15:00,8081.125416498788,3,26
2015-06-11,8044.3,8048.15,8044.15,8044.15,11:20:00,8077.618233975094,3,27
2015-06-11,8038.45,8041.7,8035.65,8041.7,11:25:00,8073.887925977466,3,28
2015-06-11,8040.1,8041.05,8038.0,8038.0,11:30:00,8070.670028265326,3,29
2015-06-11,8016.6,8037.2,8016.6,8037.2,11:35:00,8065.520501763867,3,30
2015-06-11,8027.2,8027.2,8015.15,8015.15,11:40:00,8061.870930167309,3,31
2015-06-11,8026.55,8033.8,8026.55,8027.6,11:45:00,8058.507032056136,3,32
2015-06-11,8035.7,8035.7,8024.4,8024.4,11:50:00,8056.334933765076,3,33
2015-06-11,8036.3,8037.95,8033.75,8033.75,11:55:00,8054.426844835069,3,34
2015-06-11,8029.8,8031.45,8025.35,8031.45,12:00:00,8052.081431041253,3,35
2015-06-11,8034.1,8034.75,8032.6,8032.6,12:05:00,8050.368913799229,3,36
2015-06-11,8035.95,8040.1,8034.65,8034.65,12:10:00,8048.9956839135875,3,37
2015-06-11,8044.2,8044.2,8035.2,8036.8,12:15:00,8048.538952112293,3,38
2015-06-11,8042.65,8045.75,8042.5,8045.75,12:20:00,8047.97809953017,3,39
2015-06-11,8045.6,8045.8,8044.75,8044.75,12:25:00,8047.75161386063,3,40
2015-06-11,8041.6,8044.0,8041.6,8043.55,12:30:00,8047.165745873904,3,41
2015-06-11,8045.5,8045.5,8040.2,8040.2,12:35:00,8047.007103409723,3,42
2015-06-11,8049.25,8049.25,8044.5,8048.1,12:40:00,8047.220712608796,3,43
2015-06-11,8043.75,8052.45,8043.75,8052.45,12:45:00,8046.890168550815,3,44
2015-06-11,8034.25,8040.2,8034.25,8040.2,12:50:00,8045.686342974547,3,45
2015-06-11,8029.35,8036.2,8029.35,8036.2,12:55:00,8044.130500786495,3,46
2015-06-11,8033.35,8036.0,8032.15,8032.15,13:00:00,8043.103786425876,3,47
2015-06-11,8027.4,8035.65,8027.4,8034.95,13:05:00,8041.60818771865,3,48
2015-06-11,8036.4,8036.4,8029.85,8030.4,13:10:00,8041.112169840683,3,49
2015-06-11,8032.9,8034.6,8032.75,8034.6,13:15:00,8040.330058427286,3,50
2015-06-11,8034.7,8037.0,8034.7,8034.9,13:20:00,8039.793862386591,3,51
2015-06-11,8040.9,8040.9,8035.45,8036.15,13:25:00,8039.899208825964,3,52
2015-06-11,8033.15,8037.1,8033.15,8037.1,13:30:00,8039.256427033015,3,53
2015-06-11,8027.7,8031.05,8025.3,8031.05,13:35:00,8038.155814934633,3,54
2015-06-11,8027.1,8029.3,8023.5,8029.1,13:40:00,8037.1028801789535,3,55
2015-06-11,8025.8,8029.6,8025.8,8025.8,13:45:00,8036.026415400006,3,56
2015-06-11,8024.8,8026.5,8024.45,8026.25,13:50:00,8034.957232980958,3,57
2015-06-11,8009.65,8021.1,8007.05,8021.1,13:55:00,8032.547020316105,3,58
2015-06-11,8000.95,8015.85,8000.95,8014.45,14:00:00,8029.537780285999,3,59
2015-06-11,8015.75,8015.75,8005.8,8005.8,14:05:00,8028.224658353999,3,60
2015-06-11,8014.2,8015.5,8011.05,8011.05,14:10:00,8026.888976605999,3,61
2015-06-11,8018.7,8018.7,8015.25,8015.25,14:15:00,8026.109074072095,3,62
2015-06-11,8007.8,8019.55,8007.8,8019.55,14:20:00,8024.365352731895,3,63
2015-06-11,8005.15,8008.5,8003.7,8008.5,14:25:00,8022.535319138381,3,64
2015-06-11,8001.2,8004.2,8001.2,8003.2,14:30:00,8020.503383982344,3,65
2015-06-11,7989.9,7999.75,7984.0,7999.75,14:35:00,8017.588775984026,3,66
2015-06-11,7981.35,7992.7,7981.35,7992.7,14:40:00,8014.137463985548,3,67
2015-06-11,7985.3,7986.95,7982.1,7984.95,14:45:00,8011.391038844067,3,68
2015-06-11,7984.5,7984.5,7980.4,7982.9,14:50:00,8008.829987525585,3,69
2015-06-11,7991.2,7991.2,7985.2,7986.7,14:55:00,8007.150941094577,3,70
2015-06-11,7976.5,7987.95,7973.65,7987.95,15:00:00,8004.231803847475,3,71
2015-06-11,7960.9,7971.85,7960.9,7971.45,15:05:00,8000.104965385811,3,72
2015-06-11,7969.05,7969.05,7964.95,7965.2,15:10:00,7997.147349634781,3,73
2015-06-11,7963.85,7969.3,7962.2,7969.3,15:15:00,7993.976173479087,3,74
2015-06-11,7963.1,7964.55,7961.7,7963.6,15:20:00,7991.035585528698,3,75
2015-06-11,7963.65,7963.65,7959.85,7960.7,15:25:00,7988.427434525965,3,76
2015-06-12,7959.85,7959.85,7959.85,7959.85,09:10:00,7985.70577409492,4,1
2015-06-12,7948.55,7961.6,7942.6,7961.6,09:15:00,7982.167128943023,4,2
2015-06-12,7960.0,7960.0,7953.3,7957.8,09:20:00,7980.055973805593,4,3
2015-06-12,7962.7,7970.55,7962.7,7963.45,09:25:00,7978.403023919346,4,4
2015-06-12,7969.8,7969.8,7960.05,7960.05,09:30:00,7977.583688307979,4,5
2015-06-12,7965.35,7965.5,7961.35,7962.9,09:35:00,7976.418575135791,4,6
2015-06-12,7959.4,7964.6,7959.4,7962.55,09:40:00,7974.797758456192,4,7
2015-06-12,7949.75,7962.75,7949.75,7962.75,09:45:00,7972.412257650841,4,8
2015-06-12,7954.2,7954.2,7948.25,7948.3,09:50:00,7970.677756922189,4,9
2015-06-12,7965.75,7965.75,7954.75,7954.75,09:55:00,7970.208446739123,4,10
2015-06-12,7966.55,7971.05,7966.55,7967.1,10:00:00,7969.860023240159,4,11
2015-06-12,7973.2,7973.2,7963.6,7963.6,10:05:00,7970.178116264906,4,12
2015-06-12,7980.95,7980.95,7970.95,7970.95,10:10:00,7971.204009953962,4,13
2015-06-12,7985.15,7985.15,7979.15,7979.15,10:15:00,7972.532199482156,4,14
2015-06-12,7981.85,7987.55,7979.1,7987.55,10:20:00,7973.419609055284,4,15
2015-06-12,7974.45,7979.4,7974.45,7979.4,10:25:00,7973.51774152621,4,16
2015-06-12,7971.2,7973.25,7969.65,7971.8,10:30:00,7973.297004237998,4,17
2015-06-12,7974.95,7974.95,7971.8,7971.8,10:35:00,7973.454432405808,4,18
2015-06-12,7979.25,7979.25,7972.5,7973.55,10:40:00,7974.006391224302,4,19
2015-06-12,7979.15,7982.2,7977.2,7977.7,10:45:00,7974.49625872675,4,20
2015-06-12,7976.0,7979.6,7976.0,7978.1,10:50:00,7974.639472181346,4,21
2015-06-12,7972.1,7976.4,7972.1,7974.95,10:55:00,7974.397617687884,4,22
2015-06-12,7971.2,7975.05,7971.2,7973.65,11:00:00,7974.09308266999,4,23
2015-06-12,7967.5,7971.4,7965.95,7971.4,11:05:00,7973.465170034752,4,24
2015-06-12,7964.8,7969.9,7964.8,7968.6,11:10:00,7972.639915745728,4,25
2015-06-12,7957.3,7963.15,7954.55,7963.15,11:15:00,7971.178971388992,4,26
2015-06-12,7961.5,7962.4,7960.1,7960.1,11:20:00,7970.257164590041,4,27
2015-06-12,7965.35,7965.35,7960.25,7962.0,11:25:00,7969.7898155814655,4,28
2015-06-12,7971.9,7972.4,7965.05,7965.05,11:30:00,7969.990785526088,4,29
2015-06-12,7971.45,7971.45,7969.2,7970.35,11:35:00,7970.129758333127,4,30
2015-06-12,7969.25,7969.25,7965.7,7968.45,11:40:00,7970.04597182521,4,31
2015-06-12,7970.75,7970.75,7967.15,7968.1,11:45:00,7970.113022127572,4,32
2015-06-12,7972.2,7977.65,7972.2,7977.65,11:50:00,7970.3117819249455,4,33
2015-06-12,7975.7,7980.3,7972.55,7972.55,11:55:00,7970.82494555114,4,34
2015-06-12,7985.9,7986.75,7975.1,7975.1,12:00:00,7972.260665022461,4,35
2015-06-12,7991.15,7994.25,7984.1,7984.1,12:05:00,7974.059649306036,4,36
2015-06-12,7990.35,7994.4,7989.7,7994.4,12:10:00,7975.6111112768895,4,37
2015-06-12,7992.75,7993.2,7991.9,7992.95,12:15:00,7977.243386393376,4,38
2015-06-12,7986.9,7994.45,7986.9,7992.55,12:20:00,7978.16306387972,4,39
2015-06-12,7980.15,7980.8,7976.55,7980.8,12:25:00,7978.352295891175,4,40
2015-06-12,7979.0,7982.55,7979.0,7979.3,12:30:00,7978.413981996778,4,41
2015-06-12,7967.35,7973.65,7959.7,7973.65,12:35:00,7977.360269425656,4,42
2015-06-12,7963.55,7969.55,7962.65,7969.55,12:40:00,7976.045005670831,4,43
2015-06-12,7971.9,7974.0,7963.55,7966.8,12:45:00,7975.65024322599,4,44
2015-06-12,7972.65,7972.65,7970.45,7971.2,12:50:00,7975.364505775896,4,45
2015-06-12,7977.05,7978.55,7972.65,7975.45,12:55:00,7975.525029035334,4,46
2015-06-12,7978.9,7979.0,7977.95,7978.45,13:00:00,7975.846454841492,4,47
2015-06-12,7966.0,7980.4,7966.0,7979.35,13:05:00,7974.908697237541,4,48
2015-06-12,7963.9,7970.4,7963.25,7963.25,13:10:00,7973.860249881584,4,49
2015-06-12,7967.15,7968.7,7965.5,7965.5,13:15:00,7973.22117846429,4,50
2015-06-12,7960.6,7965.4,7960.5,7965.4,13:20:00,7972.019161467691,4,51
2015-06-12,7962.5,7964.3,7961.55,7961.55,13:25:00,7971.112574661244,4,52
2015-06-12,7967.7,7967.7,7960.2,7960.2,13:30:00,7970.787567550649,4,53
2015-06-12,7963.75,7966.8,7962.5,7966.8,13:35:00,7970.117323022016,4,54
2015-06-12,7972.85,7972.85,7965.4,7967.9,13:40:00,7970.3775779723,4,55
2015-06-12,7966.15,7970.15,7965.85,7970.15,13:45:00,7969.974951498748,4,56
2015-06-12,7961.7,7966.2,7959.5,7966.2,13:50:00,7969.1868608798195,4,57
2015-06-12,7962.4,7962.4,7960.7,7961.7,13:55:00,7968.540493176979,4,58
2015-06-12,7961.75,7964.85,7961.05,7961.05,14:00:00,7967.893779541076,4,59
2015-06-12,7954.7,7957.8,7950.9,7957.8,14:05:00,7966.637229108592,4,60
2015-06-12,7955.2,7956.75,7951.35,7951.35,14:10:00,7965.547969193488,4,61
2015-06-12,7951.1,7962.4,7951.1,7954.3,14:15:00,7964.171972127441,4,62
2015-06-12,7948.8,7952.05,7946.65,7946.65,14:20:00,7962.70797478197,4,63
2015-06-12,7949.6,7951.0,7946.8,7951.0,14:25:00,7961.459596231306,4,64
2015-06-12,7947.7,7948.75,7944.55,7948.75,14:30:00,7960.149158494992,4,65
2015-06-12,7977.35,7977.35,7947.25,7947.25,14:35:00,7961.787333876421,4,66
2015-06-12,7979.55,7988.7,7969.65,7969.65,14:40:00,7963.479016364381,4,67
2015-06-12,7979.1,7985.4,7979.1,7985.4,14:45:00,7964.966729091583,4,68
2015-06-12,7983.55,7983.55,7976.85,7979.8,14:50:00,7966.736564416194,4,69
2015-06-12,7975.5,7977.85,7975.5,7977.75,14:55:00,7967.571177328937,4,70
2015-06-12,7980.7,7980.7,7975.45,7980.4,15:00:00,7968.821541392847,4,71
2015-06-12,7981.9,7986.65,7981.9,7986.65,15:05:00,7970.067108879243,4,72
2015-06-12,7983.7,7983.7,7977.2,7978.25,15:10:00,7971.3654794621725,4,73
2015-06-12,7982.75,7984.5,7980.85,7984.5,15:15:00,7972.449719513394,4,74
2015-06-12,7980.7,7985.15,7980.7,7982.05,15:20:00,7973.235460512119,4,75
2015-06-12,7988.6,7988.6,7980.25,7980.25,15:25:00,7974.698749987156,4,76
2015-06-15,7986.6,7986.6,7986.6,7986.6,09:10:00,7975.832202369332,0,1
2015-06-15,7960.4,7986.6,7947.55,7986.6,09:15:00,7974.362468810347,0,2
2015-06-15,7975.8,7975.8,7971.5,7971.55,09:20:00,7974.499376542695,0,3
2015-06-15,7969.4,7977.7,7969.4,7976.15,09:25:00,7974.013721633867,0,4
2015-06-15,7993.25,7993.25,7973.9,7973.9,09:30:00,7975.845748144928,0,5
2015-06-15,7996.65,7999.0,7989.65,7989.65,09:35:00,7977.827105464458,0,6
2015-06-15,8027.35,8027.35,7993.7,7993.7,09:40:00,7982.5435716107,0,7
2015-06-15,8024.45,8030.6,8021.85,8029.25,09:45:00,7986.534660028729,0,8
2015-06-15,8022.1,8025.1,8019.95,8019.95,09:50:00,7989.921835264088,0,9
2015-06-15,8023.0,8026.5,8023.0,8026.5,09:55:00,7993.072136667508,0,10
2015-06-15,8017.4,8025.65,8017.4,8025.65,10:00:00,7995.389076032508,0,11
2015-06-15,8007.4,8017.5,8006.35,8017.5,10:05:00,7996.532973553221,0,12
2015-06-15,7985.75,8000.25,7985.75,8000.25,10:10:00,7995.50602369101,0,13
2015-06-15,7993.05,7993.05,7981.95,7981.95,10:15:00,7995.272116672819,0,14
2015-06-15,7997.05,8001.7,7992.2,7993.8,10:20:00,7995.441438894455,0,15
2015-06-15,7990.7,7995.8,7990.7,7992.95,10:25:00,7994.989873285459,0,16
2015-06-15,7990.0,7990.2,7987.15,7987.15,10:30:00,7994.514647258272,0,17
2015-06-15,7995.4,7995.4,7992.15,7992.4,10:35:00,7994.598966567008,0,18
2015-06-15,8013.3,8016.1,7997.15,7997.15,10:40:00,7996.38001737015,0,19
2015-06-15,8019.1,8019.1,8015.75,8015.75,10:45:00,7998.54382523966,0,20
2015-06-15,8017.7,8018.9,8015.0,8015.0,10:50:00,8000.368222835882,0,21
2015-06-15,8014.65,8016.9,8013.15,8016.45,10:55:00,8001.728392089608,0,22
2015-06-15,8019.65,8019.95,8011.75,8011.75,11:00:00,8003.435211890597,0,23
2015-06-15,8022.95,8024.65,8022.4,8024.65,11:05:00,8005.293763139111,0,24
2015-06-15,8018.2,8022.8,8017.85,8022.8,11:10:00,8006.522928554434,0,25
2015-06-15,8019.65,8022.65,8015.75,8020.35,11:15:00,8007.773125834963,0,26
2015-06-15,8020.7,8021.1,8016.5,8016.5,11:20:00,8009.004256707823,0,27
2015-06-15,8016.25,8019.8,8016.25,8019.8,11:25:00,8009.694327497555,0,28
2015-06-15,8008.15,8016.55,8008.15,8016.55,11:30:00,8009.547248688264,0,29
2015-06-15,8017.2,8017.85,8011.45,8011.45,11:35:00,8010.2760821465245,0,30
2015-06-15,8018.9,8020.5,8016.65,8016.65,11:40:00,8011.097407656379,0,31
2015-06-15,8019.9,8022.2,8018.3,8018.3,11:45:00,8011.935749784343,0,32
2015-06-15,8014.05,8018.95,8014.05,8018.95,11:50:00,8012.137106947739,0,33
2015-06-15,8013.9,8015.7,8013.55,8014.55,11:55:00,8012.305001524145,0,34
2015-06-15,8017.65,8018.05,8013.65,8013.65,12:00:00,8012.814048998036,0,35
2015-06-15,8012.5,8018.95,8010.0,8018.95,12:05:00,8012.784139569652,0,36
2015-06-15,8017.2,8017.2,8013.65,8014.8,12:10:00,8013.204697705876,0,37
2015-06-15,8004.75,8016.2,8004.75,8016.2,12:15:00,8012.399488400555,0,38
2015-06-15,8006.25,8008.65,8006.25,8006.85,12:20:00,8011.813822838598,0,39
2015-06-15,7999.75,8005.9,7999.75,8005.9,12:25:00,8010.66488733016,0,40
2015-06-15,8003.95,8003.95,8000.45,8002.5,12:30:00,8010.025374251097,0,41
2015-06-15,8002.65,8002.75,8001.1,8002.75,12:35:00,8009.322957655754,0,42
2015-06-15,7987.05,7992.3,7983.95,7992.3,12:40:00,8007.201723593302,0,43
2015-06-15,7997.1,7997.1,7991.05,7991.05,12:45:00,8006.239654679653,0,44
2015-06-15,8003.45,8003.45,7999.45,7999.45,12:50:00,8005.973973281591,0,45
2015-06-15,8000.85,8005.4,8000.85,8005.05,12:55:00,8005.485975826202,0,46
2015-06-15,8013.75,8013.75,8002.95,8003.15,13:00:00,8006.273025747516,0,47
2015-06-15,8014.35,8016.4,8014.25,8015.2,13:05:00,8007.042261390609,0,48
2015-06-15,8024.15,8024.15,8015.55,8015.55,13:10:00,8008.671569829598,0,49
2015-06-15,8026.4,8028.4,8024.45,8024.45,13:15:00,8010.359991750589,0,50
2015-06-15,8032.9,8037.75,8031.85,8031.85,13:20:00,8012.506659202914,0,51
2015-06-15,8031.45,8032.45,8029.65,8029.7,13:25:00,8014.310786897874,0,52
2015-06-15,8022.1,8030.9,8022.1,8030.9,13:30:00,8015.052616717124,0,53
2015-06-15,8032.45,8032.45,8022.5,8022.5,13:35:00,8016.709510363112,0,54
2015-06-15,8045.75,8045.75,8034.85,8034.85,13:40:00,8019.47527128091,0,55
2015-06-15,8043.3,8056.45,8043.3,8053.05,13:45:00,8021.744293063681,0,56
2015-06-15,8048.05,8048.05,8043.9,8043.9,13:50:00,8024.249598486188,0,57
2015-06-15,8044.55,8049.55,8042.2,8049.55,13:55:00,8026.1829700589315,0,58
2015-06-15,8050.5,8052.0,8045.35,8045.35,14:00:00,8028.498877672366,0,59
2015-06-15,8044.1,8051.85,8044.1,8051.85,14:05:00,8029.984698846427,0,60
2015-06-15,8033.25,8046.8,8033.25,8046.8,14:10:00,8030.295679908671,0,61
2015-06-15,8042.6,8043.5,8037.25,8037.25,14:15:00,8031.467519917369,0,62
2015-06-15,8045.1,8046.75,8044.3,8044.35,14:20:00,8032.76585135381,0,63
2015-06-15,8035.65,8039.2,8035.35,8039.2,14:25:00,8033.040532177257,0,64
2015-06-15,8023.25,8036.65,8021.05,8036.65,14:30:00,8032.108100541328,0,65
2015-06-15,8020.6,8020.6,8014.5,8018.35,14:35:00,8031.012090965964,0,66
2015-06-15,8019.85,8019.85,8012.55,8019.35,14:40:00,8029.949034683491,0,67
2015-06-15,8025.7,8031.8,8024.3,8024.3,14:45:00,8029.544364713635,0,68
2015-06-15,8019.6,8027.2,8019.6,8026.1,14:50:00,8028.597282359956,0,69
2015-06-15,8021.5,8024.65,8018.75,8018.75,14:55:00,8027.921350706627,0,70
2015-06-15,8022.2,8022.2,8019.7,8020.8,15:00:00,8027.376460163138,0,71
2015-06-15,8012.0,8021.55,8012.0,8021.55,15:05:00,8025.912035385697,0,72
2015-06-15,8018.25,8019.45,8016.45,8016.45,15:10:00,8025.182317729916,0,73
2015-06-15,8016.0,8018.75,8016.0,8016.45,15:15:00,8024.307811279447,0,74
2015-06-15,8009.7,8012.5,8009.7,8012.5,15:20:00,8022.916591157595,0,75
2015-06-15,8004.75,8009.9,8004.75,8009.9,15:25:00,8021.186439618777,0,76
2015-06-16,8004.2,8004.2,8004.2,8004.2,09:10:00,8019.568683464608,1,1
2015-06-16,7989.5,8004.2,7989.5,8004.2,09:15:00,8016.704999325121,1,2
2015-06-16,7994.7,8004.65,7994.7,7998.3,09:20:00,8014.609285103681,1,3
2015-06-16,7979.9,7996.9,7979.9,7996.9,09:25:00,8011.30363890333,1,4
2015-06-16,7986.85,7986.85,7974.15,7980.05,09:30:00,8008.974720912537,1,5
2015-06-16,7976.65,7986.4,7976.65,7984.4,09:35:00,8005.896176063724,1,6
2015-06-16,7984.6,7984.6,7976.35,7976.35,09:40:00,8003.86796881956,1,7
2015-06-16,7983.2,7987.25,7978.1,7978.1,09:45:00,8001.899590836745,1,8
2015-06-16,7985.6,7987.0,7983.95,7983.95,09:50:00,8000.347248852293,1,9
2015-06-16,7979.7,7984.9,7976.6,7984.9,09:55:00,7998.380844199693,1,10
2015-06-16,7981.15,7982.5,7980.55,7981.95,10:00:00,7996.739811418771,1,11
2015-06-16,7978.05,7981.25,7977.0,7977.0,10:05:00,7994.959829378888,1,12
2015-06-16,7977.9,7978.85,7977.1,7977.1,10:10:00,7993.335083723756,1,13
2015-06-16,7982.85,7982.85,7978.3,7978.3,10:15:00,7992.336504321493,1,14
2015-06-16,7985.2,7985.2,7982.65,7982.65,10:20:00,7991.656837243256,1,15
2015-06-16,7983.15,7983.15,7982.05,7983.15,10:25:00,7990.846662267708,1,16
2015-06-16,7992.25,7994.9,7984.35,7984.35,10:30:00,7990.980313480308,1,17
2015-06-16,7988.45,7994.7,7988.45,7994.7,10:35:00,7990.739331244088,1,18
2015-06-16,7987.95,7989.0,7987.35,7989.0,10:40:00,7990.473680649413,1,19
2015-06-16,7989.5,7989.5,7987.85,7987.9,10:45:00,7990.380949158992,1,20
2015-06-16,7993.0,7993.0,7989.4,7990.05,10:50:00,7990.630382572422,1,21
2015-06-16,7992.6,7994.4,7992.6,7994.4,10:55:00,7990.817965184572,1,22
2015-06-16,7983.9,7989.1,7982.75,7989.1,11:00:00,7990.1591113574705,1,23
2015-06-16,7987.75,7987.75,7982.65,7982.65,11:05:00,7989.929672180569,1,24
2015-06-16,7987.65,7987.95,7986.15,7986.3,11:10:00,7989.712560544324,1,25
2015-06-16,7985.7,7987.4,7985.7,7986.45,11:15:00,7989.330411921056,1,26
2015-06-16,7986.8,7986.8,7984.95,7984.95,11:20:00,7989.089420309527,1,27
2015-06-16,7991.65,7991.65,7988.3,7988.3,11:25:00,7989.333285041953,1,28
2015-06-16,7984.9,7991.0,7984.9,7991.0,11:30:00,7988.91106741891,1,29
2015-06-16,7985.35,7986.35,7983.85,7983.85,11:35:00,7988.571918140919,1,30
2015-06-16,7982.05,7985.75,7982.05,7985.75,11:40:00,7987.950783079878,1,31
2015-06-16,7982.85,7984.25,7982.85,7984.25,11:45:00,7987.464994215128,1,32
2015-06-16,7984.15,7984.3,7982.4,7982.7,11:50:00,7987.149280480354,1,33
2015-06-16,7983.25,7986.2,7983.25,7984.65,11:55:00,7986.777920434606,1,34
2015-06-16,7980.9,7981.95,7980.55,7980.85,12:00:00,7986.218118488453,1,35
2015-06-16,7979.15,7980.3,7977.65,7980.3,12:05:00,7985.544964346695,1,36
2015-06-16,7973.9,7979.9,7973.9,7979.9,12:10:00,7984.435920123201,1,37
2015-06-16,7980.5,7981.35,7977.05,7977.05,12:15:00,7984.061070587658,1,38
2015-06-16,7985.75,7985.75,7983.2,7983.2,12:20:00,7984.221921007881,1,39
2015-06-16,7985.3,7986.25,7985.3,7985.45,12:25:00,7984.324595197607,1,40
2015-06-16,7983.1,7983.2,7982.4,7983.2,12:30:00,7984.207967083549,1,41
2015-06-16,7984.9,7984.9,7982.1,7982.1,12:35:00,7984.273874980354,1,42
2015-06-16,7980.8,7986.55,7980.8,7986.55,12:40:00,7983.9430297441295,1,43
2015-06-16,7981.1,7981.1,7976.65,7976.65,12:45:00,7983.672265006594,1,44
2015-06-16,7979.25,7982.05,7977.85,7982.05,12:50:00,7983.251096910728,1,45
2015-06-16,7976.0,7978.05,7975.45,7976.15,12:55:00,7982.5605162525635,1,46
2015-06-16,7971.65,7971.95,7967.8,7970.2,13:00:00,7981.521419466605,1,47
2015-06-16,7974.05,7974.5,7969.55,7969.55,13:05:00,7980.809855707881,1,48
2015-06-16,7967.45,7976.45,7967.45,7975.0,13:10:00,7979.537488497607,1,49
2015-06-16,7966.75,7967.1,7964.1,7964.95,13:15:00,7978.319632450216,1,50
2015-06-16,7963.75,7967.0,7961.25,7967.0,13:20:00,7976.932048407338,1,51
2015-06-16,7959.3,7963.05,7956.65,7963.05,13:25:00,7975.252805701876,1,52
2015-06-16,7966.0,7966.0,7959.95,7959.95,13:30:00,7974.371586111221,1,53
2015-06-16,7967.95,7969.45,7966.5,7966.5,13:35:00,7973.760006481581,1,54
2015-06-16,7965.35,7966.8,7964.55,7965.9,13:40:00,7972.959053483336,1,55
2015-06-16,7968.9,7969.6,7966.8,7966.8,13:45:00,7972.572476961113,1,56
2015-06-16,7965.0,7967.8,7963.85,7967.8,13:50:00,7971.851288679102,1,57
2015-06-16,7953.15,7965.3,7953.15,7965.3,13:55:00,7970.070213566807,1,58
2015-06-16,7961.7,7962.25,7955.8,7955.8,14:00:00,7969.273050369969,1,59
2015-06-16,7965.5,7965.5,7963.1,7963.1,14:05:00,7968.913712239496,1,60
2015-06-16,7974.3,7974.3,7964.8,7965.6,14:10:00,7969.426692026211,1,61
2015-06-16,7987.95,7987.95,7972.15,7977.9,14:15:00,7971.190816595143,1,62
2015-06-16,7995.25,7995.5,7989.35,7990.35,14:20:00,7973.482167395605,1,63
2015-06-16,8003.3,8003.3,7993.6,7993.6,14:25:00,7976.321960976977,1,64
2015-06-16,8007.6,8014.55,8005.3,8005.3,14:30:00,7979.300821836312,1,65
2015-06-16,8009.35,8009.35,8001.25,8003.7,14:35:00,7982.1626483280925,1,66
2015-06-16,8008.6,8009.3,8006.2,8009.3,14:40:00,7984.680491344465,1,67
2015-06-16,8019.25,8022.1,8013.95,8013.95,14:45:00,7987.972825502135,1,68
2015-06-16,8025.85,8029.15,8020.05,8020.05,14:50:00,7991.580175454314,1,69
2015-06-16,8033.85,8033.85,8027.25,8029.55,14:55:00,7995.605873030093,1,70
2015-06-16,8023.2,8035.2,8021.85,8035.2,15:00:00,7998.233885122465,1,71
2015-06-16,8046.3,8046.3,8030.0,8030.0,15:05:00,8002.811610348896,1,72
2015-06-16,8049.55,8054.45,8047.8,8047.8,15:10:00,8007.262885553763,1,73
2015-06-16,8048.0,8050.45,8044.45,8050.45,15:15:00,8011.14261073912,1,74
2015-06-16,8054.75,8055.65,8048.9,8048.9,15:20:00,8015.295695430633,1,75
2015-06-16,8060.95,8060.95,8055.15,8055.15,15:25:00,8019.643724437239,1,76
2015-06-17,8084.2,8084.2,8084.2,8084.2,09:10:00,8025.791941157502,2,1
2015-06-17,8084.9,8086.9,8081.25,8084.2,09:15:00,8031.4212800948835,2,2
2015-06-17,8076.8,8084.45,8071.9,8084.45,09:20:00,8035.743062942989,2,3
2015-06-17,8073.3,8075.85,8069.1,8075.85,09:25:00,8039.319914091276,2,4
2015-06-17,8064.7,8067.25,8059.7,8067.25,09:30:00,8041.737065130202,2,5
2015-06-17,8070.2,8070.2,8065.75,8069.9,09:35:00,8044.447820832087,2,6
2015-06-17,8057.0,8065.6,8056.45,8065.6,09:40:00,8045.6432664671265,2,7
2015-06-17,8058.05,8058.05,8054.45,8055.0,09:45:00,8046.824860136924,2,8
2015-06-17,8060.65,8060.65,8053.85,8055.4,09:50:00,8048.141540123884,2,9
2015-06-17,8052.65,8060.85,8051.85,8060.85,09:55:00,8048.570917254942,2,10
2015-06-17,8056.6,8056.6,8052.4,8054.35,10:00:00,8049.335591802091,2,11
2015-06-17,8059.4,8059.9,8056.25,8059.45,10:05:00,8050.294106868559,2,12
2015-06-17,8060.55,8061.75,8058.75,8058.75,10:10:00,8051.270858595363,2,13
2015-06-17,8062.6,8063.7,8061.6,8062.8,10:15:00,8052.349824443424,2,14
2015-06-17,8063.55,8065.1,8061.5,8065.1,10:20:00,8053.416507829765,2,15
2015-06-17,8071.35,8071.35,8064.6,8064.6,10:25:00,8055.124459465025,2,16
2015-06-17,8067.15,8073.9,8067.15,8073.9,10:30:00,8056.269749039785,2,17
2015-06-17,8063.7,8066.55,8062.95,8066.55,10:35:00,8056.977391988377,2,18
2015-06-17,8069.15,8070.9,8064.1,8064.1,10:40:00,8058.136687989484,2,19
2015-06-17,8073.2,8073.2,8067.8,8070.9,10:45:00,8059.571289133342,2,20
2015-06-17,8073.15,8073.6,8071.15,8073.2,10:50:00,8060.864499692072,2,21
2015-06-17,8071.55,8072.65,8071.1,8072.25,10:55:00,8061.882166388064,2,22
2015-06-17,8074.6,8075.5,8073.0,8073.3,11:00:00,8063.09338863682,2,23
2015-06-17,8076.35,8077.65,8075.9,8076.3,11:05:00,8064.3559230523615,2,24
2015-06-17,8076.4,8076.65,8073.5,8073.5,11:10:00,8065.502977999756,2,25
2015-06-17,8078.45,8083.8,8077.05,8077.05,11:15:00,8066.736027714065,2,26
2015-06-17,8079.3,8081.05,8077.85,8077.85,11:20:00,8067.932596503201,2,27
2015-06-17,8082.4,8085.0,8080.2,8080.2,11:25:00,8069.310444455277,2,28
2015-06-17,8077.25,8083.5,8077.25,8082.3,11:30:00,8070.066592602394,2,29
2015-06-17,8080.3,8081.15,8079.05,8079.4,11:35:00,8071.041202830737,2,30
2015-06-17,8080.6,8082.35,8078.95,8078.95,11:40:00,8071.951564465905,2,31
2015-06-17,8083.7,8083.7,8078.7,8080.85,11:45:00,8073.0704630882,2,32
2015-06-17,8084.05,8084.05,8080.9,8080.9,11:50:00,8074.116133270276,2,33
2015-06-17,8080.55,8085.0,8080.55,8085.0,11:55:00,8074.72888248263,2,34
2015-06-17,8081.9,8083.2,8078.75,8078.75,12:00:00,8075.411846055713,2,35
2015-06-17,8081.5,8081.6,8078.85,8079.25,12:05:00,8075.991670240884,2,36
2015-06-17,8079.6,8082.45,8079.6,8079.7,12:10:00,8076.335320694133,2,37
2015-06-17,8086.85,8088.9,8082.55,8082.55,12:15:00,8077.336718723263,2,38
2015-06-17,8083.3,8089.45,8083.3,8088.6,12:20:00,8077.904650273428,2,39
2015-06-17,8084.0,8085.05,8083.1,8085.05,12:25:00,8078.485159771197,2,40
2015-06-17,8080.35,8082.6,8080.35,8082.6,12:30:00,8078.662763602511,2,41
2015-06-17,8079.15,8080.25,8078.7,8080.25,12:35:00,8078.709167068939,2,42
2015-06-17,8082.45,8083.45,8078.55,8078.55,12:40:00,8079.065436871897,2,43
2015-06-17,8083.15,8084.8,8082.35,8084.15,12:45:00,8079.454442884097,2,44
2015-06-17,8086.65,8087.05,8085.55,8087.05,12:50:00,8080.139734037993,2,45
2015-06-17,8087.85,8088.95,8085.6,8085.6,12:55:00,8080.874045081993,2,46
2015-06-17,8078.4,8085.2,8078.4,8085.2,13:00:00,8080.638421740851,2,47
2015-06-17,8072.55,8075.75,8070.95,8075.75,13:05:00,8079.86809586077,2,48
2015-06-17,8075.3,8075.9,8067.95,8067.95,13:10:00,8079.433039112125,2,49
2015-06-17,8070.85,8076.55,8070.85,8076.55,13:15:00,8078.615606815732,2,50
2015-06-17,8067.0,8067.75,8064.25,8067.75,13:20:00,8077.509358547566,2,51
2015-06-17,8075.3,8075.3,8071.95,8071.95,13:25:00,8077.298943447798,2,52
2015-06-17,8084.9,8084.9,8077.15,8077.45,13:30:00,8078.022853595627,2,53
2015-06-17,8084.35,8084.35,8081.3,8081.3,13:35:00,8078.625438967471,2,54
2015-06-17,8094.8,8097.3,8085.45,8085.45,13:40:00,8080.165873351521,2,55
2015-06-17,8107.35,8107.35,8092.65,8092.65,13:45:00,8082.754837794234,2,56
2015-06-17,8103.3,8106.75,8099.45,8106.75,13:50:00,8084.711519909069,2,57
2015-06-17,8107.3,8108.2,8103.15,8103.15,13:55:00,8086.862803727253,2,58
2015-06-17,8115.05,8115.05,8109.35,8109.35,14:00:00,8089.547298610372,2,59
2015-06-17,8109.75,8115.2,8109.75,8115.2,14:05:00,8091.471365409385,2,60
2015-06-17,8113.65,8113.65,8107.8,8108.05,14:10:00,8093.583616322777,2,61
2015-06-17,8112.0,8117.7,8112.0,8115.3,14:15:00,8095.337557625369,2,62
2015-06-17,8114.45,8116.2,8110.9,8111.4,14:20:00,8097.157790232477,2,63
2015-06-17,8111.7,8112.9,8107.9,8112.9,14:25:00,8098.542762591289,2,64
2015-06-17,8117.75,8117.75,8113.75,8115.8,14:30:00,8100.372023296881,2,65
2015-06-17,8123.45,8123.65,8116.0,8116.0,14:35:00,8102.569925840035,2,66
2015-06-17,8128.2,8129.15,8124.1,8124.1,14:40:00,8105.010885283841,2,67
2015-06-17,8123.75,8127.4,8120.75,8127.4,14:45:00,8106.795562875856,2,68
2015-06-17,8135.85,8135.85,8124.3,8124.3,14:50:00,8109.562652125775,2,69
2015-06-17,8126.6,8135.7,8126.6,8135.7,14:55:00,8111.185256685224,2,70
2015-06-17,8080.65,8119.8,8080.65,8119.8,15:00:00,8108.277137000917,2,71
2015-06-17,8088.45,8095.15,8079.5,8079.5,15:05:00,8106.388838238924,2,72
2015-06-17,8090.45,8094.95,8089.4,8089.4,15:10:00,8104.87085364474,2,73
2015-06-17,8092.8,8093.95,8088.6,8090.15,15:15:00,8103.721248535718,2,74
2015-06-17,8094.7,8095.95,8093.3,8093.3,15:20:00,8102.862082008507,2,75
2015-06-17,8088.9,8090.2,8087.85,8090.2,15:25:00,8101.532359912459,2,76
2015-06-18,8113.7,8113.7,8113.7,8113.7,09:10:00,8102.691182777939,3,1
2015-06-18,8119.4,8119.4,8112.5,8114.25,09:15:00,8104.282498703848,3,2
2015-06-18,8136.15,8136.15,8126.1,8126.1,09:20:00,8107.317498827291,3,3
2015-06-18,8144.15,8144.55,8137.55,8139.25,09:25:00,8110.825356081835,3,4
2015-06-18,8145.25,8147.95,8145.25,8147.95,09:30:00,8114.10389359785,3,5
2015-06-18,8134.95,8145.3,8134.95,8145.3,09:35:00,8116.089237064722,3,6
2015-06-18,8149.95,8149.95,8136.05,8136.05,09:40:00,8119.314071629986,3,7
2015-06-18,8152.5,8153.1,8147.9,8153.1,09:45:00,8122.474636236654,3,8
2015-06-18,8152.0,8156.35,8151.75,8156.35,09:50:00,8125.286575642687,3,9
2015-06-18,8154.7,8156.65,8149.4,8149.4,09:55:00,8128.087854152907,3,10
2015-06-18,8150.45,8155.9,8150.45,8155.5,10:00:00,8130.217582328821,3,11
2015-06-18,8150.2,8150.7,8149.25,8150.7,10:05:00,8132.120669726076,3,12
2015-06-18,8141.7,8148.6,8141.7,8148.6,10:10:00,8133.032986895021,3,13
2015-06-18,8145.55,8145.55,8138.95,8138.95,10:15:00,8134.2250833812095,3,14
2015-06-18,8149.95,8149.95,8146.65,8146.85,10:20:00,8135.722694487761,3,15
2015-06-18,8152.3,8152.3,8151.25,8151.25,10:25:00,8137.301485488926,3,16
2015-06-18,8150.8,8154.95,8150.8,8154.95,10:30:00,8138.587058299504,3,17
2015-06-18,8155.2,8155.2,8152.4,8153.4,10:35:00,8140.16924322336,3,18
2015-06-18,8152.3,8153.9,8152.3,8152.9,10:40:00,8141.324553392564,3,19
2015-06-18,8158.5,8158.5,8152.55,8152.55,10:45:00,8142.960310212319,3,20
2015-06-18,8160.95,8164.9,8159.4,8164.9,10:50:00,8144.673614001623,3,21
2015-06-18,8155.75,8157.8,8155.7,8157.25,10:55:00,8145.72850790623,3,22
2015-06-18,8154.2,8158.55,8154.2,8156.8,11:00:00,8146.535316677066,3,23
2015-06-18,8159.05,8162.3,8153.85,8153.85,11:05:00,8147.72719127925,3,24
2015-06-18,8158.55,8158.8,8157.5,8158.55,11:10:00,8148.75793496694,3,25
2015-06-18,8152.05,8157.8,8152.05,8157.8,11:15:00,8149.071464970088,3,26
2015-06-18,8152.4,8152.6,8150.7,8150.7,11:20:00,8149.388468306271,3,27
2015-06-18,8152.35,8155.9,8152.35,8153.15,11:25:00,8149.670518943769,3,28
2015-06-18,8145.7,8153.15,8145.7,8153.15,11:30:00,8149.292374282457,3,29
2015-06-18,8145.9,8149.9,8145.9,8149.9,11:35:00,8148.969291017461,3,30
2015-06-18,8145.9,8146.0,8142.9,8142.9,11:40:00,8148.676977587226,3,31
2015-06-18,8151.05,8153.75,8148.7,8148.7,11:45:00,8148.902979721776,3,32
2015-06-18,8151.4,8153.25,8150.2,8151.6,11:50:00,8149.140791176845,3,33
2015-06-18,8154.1,8154.8,8150.9,8150.9,11:55:00,8149.61309677905,3,34
2015-06-18,8160.95,8160.95,8156.35,8156.35,12:00:00,8150.692801847712,3,35
2015-06-18,8158.3,8160.85,8156.85,8160.85,12:05:00,8151.417296909835,3,36
2015-06-18,8159.3,8160.7,8158.15,8158.15,12:10:00,8152.16803053747,3,37
2015-06-18,8161.75,8162.4,8160.6,8160.6,12:15:00,8153.080599057711,3,38
2015-06-18,8157.25,8159.75,8157.25,8157.75,12:20:00,8153.477684861738,3,39
2015-06-18,8158.25,8158.25,8155.45,8156.2,12:25:00,8153.9321910653825,3,40
2015-06-18,8148.8,8159.65,8148.8,8159.15,12:30:00,8153.443410963918,3,41
2015-06-18,8150.85,8151.05,8147.5,8151.05,12:35:00,8153.196419443544,3,42
2015-06-18,8153.15,8155.85,8151.55,8151.55,12:40:00,8153.191998544159,3,43
2015-06-18,8161.2,8161.2,8152.45,8152.45,12:45:00,8153.954665349477,3,44
2015-06-18,8162.2,8165.3,8162.2,8162.6,12:50:00,8154.739935316194,3,45
2015-06-18,8163.3,8165.15,8163.3,8164.45,12:55:00,8155.555179571794,3,46
2015-06-18,8165.45,8166.15,8164.8,8164.8,13:00:00,8156.4975434221,3,47
2015-06-18,8175.75,8175.75,8173.25,8174.0,13:05:00,8158.331110715233,3,48
2015-06-18,8176.6,8176.6,8171.55,8175.8,13:10:00,8160.07100493283,3,49
2015-06-18,8173.1,8178.8,8173.1,8177.55,13:15:00,8161.311861605894,3,50
2015-06-18,8168.4,8170.75,8167.2,8170.5,13:20:00,8161.986922405333,3,51
2015-06-18,8172.15,8173.25,8170.45,8171.9,13:25:00,8162.954834557206,3,52
2015-06-18,8172.7,8174.8,8171.7,8171.7,13:30:00,8163.882945551758,3,53
2015-06-18,8174.9,8177.35,8174.3,8174.35,13:35:00,8164.932188832543,3,54
2015-06-18,8172.6,8173.45,8168.15,8173.45,13:40:00,8165.662456562777,3,55
2015-06-18,8171.55,8174.7,8169.5,8174.7,13:45:00,8166.22317498537,3,56
2015-06-18,8176.55,8177.4,8173.5,8173.5,13:50:00,8167.206682129621,3,57
2015-06-18,8177.05,8181.25,8176.75,8177.65,13:55:00,8168.144140974419,3,58
2015-06-18,8179.1,8179.1,8174.95,8176.8,14:00:00,8169.187556119712,3,59
2015-06-18,8184.0,8184.15,8181.25,8182.2,14:05:00,8170.598265060692,3,60
2015-06-18,8185.3,8185.75,8182.55,8185.5,14:10:00,8171.998430293007,3,61
2015-06-18,8176.85,8183.15,8175.55,8183.15,14:15:00,8172.460484550816,3,62
2015-06-18,8179.8,8179.8,8176.35,8176.65,14:20:00,8173.159486022166,3,63
2015-06-18,8181.25,8182.0,8180.85,8181.65,14:25:00,8173.930011162912,3,64
2015-06-18,8159.25,8180.25,8159.25,8180.25,14:30:00,8172.531914861682,3,65
2015-06-18,8171.7,8172.25,8165.95,8165.95,14:35:00,8172.452684874855,3,66
2015-06-18,8179.8,8179.8,8170.4,8170.4,14:40:00,8173.152429172487,3,67
2015-06-18,8180.75,8181.3,8177.85,8177.85,14:45:00,8173.876007346536,3,68
2015-06-18,8176.7,8185.7,8173.75,8182.05,14:50:00,8174.144959027819,3,69
2015-06-18,8172.4,8175.6,8172.4,8174.5,14:55:00,8173.978772453741,3,70
2015-06-18,8172.55,8172.55,8167.15,8169.5,15:00:00,8173.842698886718,3,71
2015-06-18,8177.65,8179.2,8174.45,8174.45,15:05:00,8174.205298992744,3,72
2015-06-18,8174.3,8176.75,8171.4,8174.35,15:10:00,8174.214318136293,3,73
2015-06-18,8173.25,8175.5,8171.2,8175.5,15:15:00,8174.122478313788,3,74
2015-06-18,8169.8,8169.8,8165.95,8168.1,15:20:00,8173.710813712474,3,75
2015-06-18,8170.5,8175.75,8169.15,8169.15,15:25:00,8173.405021930333,3,76
2015-06-19,8201.15,8201.15,8201.15,8201.15,09:10:00,8176.047400794111,4,1
2015-06-19,8206.7,8210.35,8201.35,8201.35,09:15:00,8178.966695956577,4,2
2015-06-19,8212.4,8215.3,8207.95,8207.95,09:20:00,8182.150820151188,4,3
2015-06-19,8212.5,8215.9,8212.5,8215.55,09:25:00,8185.041218232027,4,4
2015-06-19,8206.3,8215.15,8206.3,8215.15,09:30:00,8187.065864114691,4,5
2015-06-19,8211.05,8211.05,8204.05,8205.7,09:35:00,8189.350067532339,4,6
2015-06-19,8205.35,8207.95,8204.7,8206.2,09:40:00,8190.873870624498,4,7
2015-06-19,8210.65,8210.65,8207.55,8207.55,09:45:00,8192.757311517402,4,8
2015-06-19,8211.65,8214.2,8211.65,8212.55,09:50:00,8194.556615182411,4,9
2015-06-19,8216.6,8216.6,8210.35,8210.35,09:55:00,8196.655985165038,4,10
2015-06-19,8217.8,8218.0,8216.15,8216.15,10:00:00,8198.669700863606,4,11
2015-06-19,8220.95,8222.75,8218.0,8218.0,10:05:00,8200.791634114692,4,12
2015-06-19,8224.2,8225.0,8223.15,8223.15,10:10:00,8203.021002294245,4,13
2015-06-19,8226.4,8226.4,8221.75,8224.65,10:15:00,8205.247573504317,4,14
2015-06-19,8228.6,8229.25,8227.2,8229.25,10:20:00,8207.471614122953,4,15
2015-06-19,8228.9,8231.45,8226.5,8226.5,10:25:00,8209.512412777909,4,16
2015-06-19,8222.35,8229.85,8222.35,8229.85,10:30:00,8210.735040132395,4,17
2015-06-19,8223.75,8223.75,8221.1,8223.75,10:35:00,8211.974560119786,4,18
2015-06-19,8230.05,8230.05,8226.3,8226.3,10:40:00,8213.696030584568,4,19
2015-06-19,8223.7,8227.65,8222.15,8227.65,10:45:00,8214.648789576513,4,20
2015-06-19,8224.8,8224.8,8221.95,8224.7,10:50:00,8215.615571521606,4,21
2015-06-19,8222.85,8223.1,8221.6,8223.1,10:55:00,8216.304564710026,4,22
2015-06-19,8228.0,8228.0,8225.8,8226.65,11:00:00,8217.418415690023,4,23
2015-06-19,8229.95,8231.05,8228.0,8228.3,11:05:00,8218.61189991002,4,24
2015-06-19,8231.2,8231.9,8229.25,8231.45,11:10:00,8219.810766585257,4,25
2015-06-19,8232.65,8234.35,8232.65,8232.75,11:15:00,8221.033550719994,4,26
2015-06-19,8232.35,8232.95,8231.2,8232.95,11:20:00,8222.111307794281,4,27
2015-06-19,8228.4,8231.65,8228.15,8229.3,11:25:00,8222.710230861492,4,28
2015-06-19,8227.85,8230.35,8226.45,8230.35,11:30:00,8223.199732684207,4,29
2015-06-19,8226.9,8227.2,8224.95,8227.2,11:35:00,8223.552139095234,4,30
2015-06-19,8226.1,8226.55,8224.35,8226.55,11:40:00,8223.794792514736,4,31
2015-06-19,8225.05,8228.15,8225.05,8228.15,11:45:00,8223.914336084761,4,32
2015-06-19,8223.05,8225.25,8223.05,8223.75,11:50:00,8223.832018362404,4,33
2015-06-19,8226.25,8226.5,8223.85,8223.95,11:55:00,8224.06230232789,4,34
2015-06-19,8228.3,8228.9,8226.35,8226.35,12:00:00,8224.465892582377,4,35
2015-06-19,8231.5,8231.7,8229.55,8229.55,12:05:00,8225.135807574532,4,36
2015-06-19,8228.9,8231.25,8228.9,8231.25,12:10:00,8225.494302091243,4,37
2015-06-19,8213.8,8224.65,8213.15,8224.65,12:15:00,8224.380559034935,4,38
2015-06-19,8214.25,8214.25,8208.5,8212.25,12:20:00,8223.41574388875,4,39
2015-06-19,8219.55,8219.95,8212.55,8212.55,12:25:00,8223.047577804107,4,40
2015-06-19,8215.95,8218.8,8214.2,8218.8,12:30:00,8222.37161801324,4,41
2015-06-19,8208.4,8214.0,8208.4,8214.0,12:35:00,8221.040987726265,4,42
2015-06-19,8206.2,8206.75,8201.55,8201.55,12:40:00,8219.627560323763,4,43
2015-06-19,8205.25,8206.4,8202.25,8202.25,12:45:00,8218.258268864358,4,44
2015-06-19,8207.4,8209.05,8206.65,8207.75,12:50:00,8217.224148020134,4,45
2015-06-19,8209.95,8209.95,8206.8,8207.5,12:55:00,8216.531372018217,4,46
2015-06-19,8208.0,8209.65,8207.2,8209.65,13:00:00,8215.718860397434,4,47
2015-06-19,8220.9,8220.9,8209.2,8209.2,13:05:00,8216.212302264345,4,48
2015-06-19,8221.1,8221.8,8219.1,8221.2,13:10:00,8216.677797286788,4,49
2015-06-19,8224.55,8224.55,8222.75,8222.75,13:15:00,8217.427530878522,4,50
2015-06-19,8223.5,8224.25,8221.15,8224.25,13:20:00,8218.005861271044,4,51
2015-06-19,8222.9,8226.3,8222.6,8224.6,13:25:00,8218.47196972142,4,52
2015-06-19,8224.95,8225.25,8223.4,8223.4,13:30:00,8219.088924986047,4,53
2015-06-19,8219.65,8225.0,8219.65,8225.0,13:35:00,8219.142360701662,4,54
2015-06-19,8224.9,8224.9,8222.3,8222.3,13:40:00,8219.690707301505,4,55
2015-06-19,8222.45,8224.95,8221.85,8224.95,13:45:00,8219.953497082313,4,56
2015-06-19,8226.1,8227.5,8223.55,8223.55,13:50:00,8220.538878312569,4,57
2015-06-19,8226.6,8228.45,8226.6,8227.6,13:55:00,8221.116127997086,4,58
2015-06-19,8230.85,8234.7,8229.85,8229.85,14:00:00,8222.043163425935,4,59
2015-06-19,8232.8,8235.7,8232.7,8233.2,14:05:00,8223.067624052037,4,60
2015-06-19,8236.55,8236.55,8233.75,8233.75,14:10:00,8224.351659856604,4,61
2015-06-19,8236.8,8239.2,8235.05,8237.3,14:15:00,8225.537216060737,4,62
2015-06-19,8240.0,8240.0,8235.9,8235.9,14:20:00,8226.914624054953,4,63
2015-06-19,8240.65,8242.3,8238.0,8238.0,14:25:00,8228.222755097338,4,64
2015-06-19,8237.95,8244.65,8237.95,8242.1,14:30:00,8229.149159373783,4,65
2015-06-19,8244.4,8247.1,8240.95,8240.95,14:35:00,8230.601620385803,4,66
2015-06-19,8247.1,8248.85,8244.0,8244.0,14:40:00,8232.172894634776,4,67
2015-06-19,8246.0,8249.4,8246.0,8247.15,14:45:00,8233.489761812416,4,68
2015-06-19,8228.25,8242.45,8228.25,8242.45,14:50:00,8232.9907368779,4,69
2015-06-19,8227.6,8233.9,8227.45,8227.45,14:55:00,8232.47733336572,4,70
2015-06-19,8229.2,8231.75,8224.4,8224.4,15:00:00,8232.165206378508,4,71
2015-06-19,8222.85,8232.85,8222.85,8232.85,15:05:00,8231.278043866268,4,72
2015-06-19,8213.4,8223.0,8213.4,8221.4,15:10:00,8229.575373021862,4,73
2015-06-19,8221.95,8221.95,8214.0,8214.0,15:15:00,8228.84914701978,4,74
2015-06-19,8230.5,8230.5,8223.3,8223.3,15:20:00,8229.006371113135,4,75
2015-06-19,8236.8,8236.8,8227.5,8230.8,15:25:00,8229.748621483313,4,76
2015-06-22,8259.3,8259.3,8259.3,8259.3,09:10:00,8232.563038484903,0,1
2015-06-22,8268.8,8271.55,8259.3,8259.3,09:15:00,8236.014177676818,0,2
2015-06-22,8278.6,8278.6,8268.1,8268.1,09:20:00,8240.069970279026,0,3
2015-06-22,8276.85,8276.85,8271.75,8275.75,09:25:00,8243.572830252453,0,4
2015-06-22,8270.3,8275.85,8267.9,8275.85,09:30:00,8246.118274990315,0,5
2015-06-22,8275.6,8275.85,8270.25,8270.25,09:35:00,8248.92605832457,0,6
2015-06-22,8286.4,8290.25,8282.0,8282.0,09:40:00,8252.495005150802,0,7
2015-06-22,8294.3,8296.55,8290.45,8290.45,09:45:00,8256.476433231677,0,8
2015-06-22,8292.8,8294.9,8290.55,8294.7,09:50:00,8259.935820542945,0,9
2015-06-22,8292.5,8292.95,8289.8,8292.55,09:55:00,8263.037170967427,0,10
2015-06-22,8291.9,8293.9,8291.9,8293.55,10:00:00,8265.786011827673,0,11
2015-06-22,8296.1,8296.1,8294.25,8294.25,10:05:00,8268.673058320275,0,12
2015-06-22,8301.3,8301.3,8296.1,8298.05,10:10:00,8271.780386099297,0,13
2015-06-22,8301.45,8301.45,8298.0,8301.05,10:15:00,8274.60606361365,0,14
2015-06-22,8300.55,8304.5,8300.55,8304.5,10:20:00,8277.076914698064,0,15
2015-06-22,8302.65,8303.85,8301.95,8302.85,10:25:00,8279.512446631581,0,16
2015-06-22,8306.45,8306.45,8302.25,8302.25,10:30:00,8282.077927904764,0,17
2015-06-22,8303.9,8306.4,8303.9,8306.4,10:35:00,8284.156220485262,0,18
2015-06-22,8313.35,8313.35,8306.15,8306.15,10:40:00,8286.936580439047,0,19
2015-06-22,8315.25,8318.4,8312.6,8312.6,10:45:00,8289.63309658771,0,20
2015-06-22,8313.1,8317.9,8313.1,8317.15,10:50:00,8291.868039769832,0,21
2015-06-22,8311.85,8318.15,8311.85,8316.85,10:55:00,8293.771083601276,0,22
2015-06-22,8317.75,8317.75,8310.9,8310.9,11:00:00,8296.054789924963,0,23
2015-06-22,8321.15,8321.75,8318.7,8318.7,11:05:00,8298.444809932109,0,24
2015-06-22,8318.5,8323.15,8318.5,8322.2,11:10:00,8300.354828033813,0,25
2015-06-22,8312.25,8320.35,8312.25,8320.35,11:15:00,8301.487701554403,0,26
2015-06-22,8311.75,8315.05,8311.75,8313.65,11:20:00,8302.465063311127,0,27
2015-06-22,8309.1,8310.1,8307.95,8310.1,11:25:00,8303.0969620434,0,28
2015-06-22,8315.85,8315.85,8312.45,8313.2,11:30:00,8304.311537086885,0,29
2015-06-22,8318.0,8319.4,8316.2,8316.2,11:35:00,8305.615200221468,0,30
2015-06-22,8320.95,8322.85,8318.4,8318.4,11:40:00,8307.075657343232,0,31
2015-06-22,8322.2,8322.25,8320.25,8320.6,11:45:00,8308.51607092959,0,32
2015-06-22,8324.55,8324.55,8323.15,8323.85,11:50:00,8310.043111793439,0,33
2015-06-22,8328.0,8328.0,8324.6,8324.6,11:55:00,8311.753291622636,0,34
2015-06-22,8328.65,8328.7,8327.85,8328.7,12:00:00,8313.36250194429,0,35
2015-06-22,8329.75,8329.95,8329.1,8329.95,12:05:00,8314.923216044834,0,36
2015-06-22,8331.75,8332.25,8329.6,8329.6,12:10:00,8316.525766897706,0,37
2015-06-22,8328.25,8330.1,8328.15,8330.1,12:15:00,8317.642360526495,0,38
2015-06-22,8326.5,8326.55,8325.15,8326.55,12:20:00,8318.485945238259,0,39
2015-06-22,8333.4,8333.4,8328.15,8328.15,12:25:00,8319.906331406044,0,40
2015-06-22,8330.8,8332.6,8330.8,8331.8,12:30:00,8320.943823653088,0,41
2015-06-22,8333.9,8333.9,8328.55,8329.8,12:35:00,8322.177745209936,0,42
2015-06-22,8335.85,8336.7,8333.1,8333.1,12:40:00,8323.479864713752,0,43
2015-06-22,8336.05,8337.15,8336.05,8336.9,12:45:00,8324.6770204553,0,44
2015-06-22,8330.85,8336.9,8330.8,8336.9,12:50:00,8325.26492326908,0,45
2015-06-22,8336.55,8336.55,8331.2,8331.2,12:55:00,8326.33969248155,0,46
2015-06-22,8336.7,8339.4,8336.7,8337.2,13:00:00,8327.326388435687,0,47
2015-06-22,8330.75,8337.35,8330.75,8337.1,13:05:00,8327.652446679907,0,48
2015-06-22,8335.25,8337.2,8333.85,8333.85,13:10:00,8328.376023186584,0,49
2015-06-22,8339.45,8339.6,8336.0,8336.0,13:15:00,8329.430687645005,0,50
2015-06-22,8340.85,8341.9,8338.3,8338.3,13:20:00,8330.518241202622,0,51
2015-06-22,8341.05,8341.55,8339.9,8339.9,13:25:00,8331.521265849991,0,52
2015-06-22,8342.45,8342.5,8341.25,8342.5,13:30:00,8332.562097673803,0,53
2015-06-22,8345.2,8345.6,8343.25,8343.25,13:35:00,8333.765707419156,0,54
2015-06-22,8349.25,8349.25,8347.25,8347.25,13:40:00,8335.240401950665,0,55
2015-06-22,8348.55,8350.6,8347.0,8350.6,13:45:00,8336.507982717269,0,56
2015-06-22,8352.85,8356.8,8348.05,8348.05,13:50:00,8338.064365315624,0,57
2015-06-22,8354.95,8356.45,8354.25,8354.25,13:55:00,8339.672520999851,0,58
2015-06-22,8351.5,8353.25,8350.4,8351.4,14:00:00,8340.798947571293,0,59
2015-06-22,8343.35,8350.4,8342.65,8350.4,14:05:00,8341.041904945456,0,60
2015-06-22,8344.0,8346.0,8341.7,8342.6,14:10:00,8341.323628283984,0,61
2015-06-22,8352.95,8352.95,8344.2,8344.2,14:15:00,8342.430901780748,0,62
2015-06-22,8351.9,8354.1,8351.05,8351.05,14:20:00,8343.332720658773,0,63
2015-06-22,8351.2,8351.2,8348.6,8350.35,14:25:00,8344.081985357938,0,64
2015-06-22,8356.25,8356.25,8354.45,8354.45,14:30:00,8345.240843895277,0,65
2015-06-22,8359.95,8362.4,8357.85,8358.3,14:35:00,8346.64171590525,0,66
2015-06-22,8366.8,8366.8,8361.6,8361.6,14:40:00,8348.561552485704,0,67
2015-06-22,8365.35,8367.95,8365.15,8365.15,14:45:00,8350.16045224897,0,68
2015-06-22,8357.45,8368.55,8357.45,8368.55,14:50:00,8350.854694891927,0,69
2015-06-22,8357.65,8357.65,8354.6,8355.1,14:55:00,8351.50186680698,0,70
2015-06-22,8358.7,8362.05,8356.65,8358.15,15:00:00,8352.187403301554,0,71
2015-06-22,8358.45,8358.45,8354.05,8354.05,15:05:00,8352.783841082359,0,72
2015-06-22,8349.35,8358.35,8349.35,8358.35,15:10:00,8352.456808598325,0,73
2015-06-22,8351.55,8355.0,8351.55,8351.75,15:15:00,8352.370445874674,0,74
2015-06-22,8349.35,8350.9,8349.35,8350.9,15:20:00,8352.0827843628,0,75
2015-06-22,8351.0,8351.6,8348.4,8348.4,15:25:00,8351.979662042533,0,76
2015-06-23,8377.45,8377.45,8377.45,8377.45,09:10:00,8354.405408514673,1,1
2015-06-23,8337.15,8377.45,8337.15,8377.45,09:15:00,8352.76203627518,1,2
2015-06-23,8343.75,8346.55,8338.85,8338.85,09:20:00,8351.903747106116,1,3
2015-06-23,8351.85,8354.15,8347.1,8347.1,09:25:00,8351.898628334106,1,4
2015-06-23,8360.45,8360.45,8353.4,8353.4,09:30:00,8352.713044683238,1,5
2015-06-23,8377.3,8377.3,8364.7,8364.7,09:35:00,8355.05465947531,1,6
2015-06-23,8383.65,8383.65,8375.05,8375.05,09:40:00,8357.778025239568,1,7
2015-06-23,8377.75,8379.35,8373.95,8379.35,09:45:00,8359.680118073895,1,8
2015-06-23,8378.2,8378.2,8373.4,8376.4,09:50:00,8361.443916352571,1,9
2015-06-23,8378.0,8381.0,8378.0,8378.45,09:55:00,8363.020686223756,1,10
2015-06-23,8382.0,8382.0,8378.1,8378.1,10:00:00,8364.828239916731,1,11
2015-06-23,8381.4,8382.5,8380.7,8381.6,10:05:00,8366.406502781803,1,12
2015-06-23,8389.15,8389.15,8382.0,8382.0,10:10:00,8368.572550135917,1,13
2015-06-23,8395.75,8395.75,8390.35,8391.0,10:15:00,8371.160878694402,1,14
2015-06-23,8394.45,8397.1,8393.5,8397.1,10:20:00,8373.378890247315,1,15
2015-06-23,8390.85,8396.2,8390.8,8395.35,10:25:00,8375.042805461857,1,16
2015-06-23,8395.05,8395.05,8390.7,8391.25,10:30:00,8376.948252560727,1,17
2015-06-23,8394.3,8396.55,8394.3,8395.35,10:35:00,8378.600799935897,1,18
2015-06-23,8392.25,8393.95,8391.25,8393.95,10:40:00,8379.900723751527,1,19
2015-06-23,8392.3,8393.05,8392.3,8392.6,10:45:00,8381.081607203763,1,20
2015-06-23,8378.3,8390.5,8378.3,8390.5,10:50:00,8380.816692231976,1,21
2015-06-23,8384.45,8384.45,8376.9,8376.9,10:55:00,8381.162721543216,1,22
2015-06-23,8381.65,8388.5,8381.65,8388.5,11:00:00,8381.209129015291,1,23
2015-06-23,8365.8,8382.35,8365.8,8382.35,11:05:00,8379.741592918597,1,24
2015-06-23,8363.4,8365.3,8359.9,8359.9,11:10:00,8378.185250735874,1,25
2015-06-23,8351.9,8365.9,8351.9,8365.05,11:15:00,8375.681893522933,1,26
2015-06-23,8361.85,8361.85,8354.85,8354.85,11:20:00,8374.364570330272,1,27
2015-06-23,8365.4,8368.5,8361.95,8361.95,11:25:00,8373.510801727389,1,28
2015-06-23,8372.15,8372.15,8367.35,8367.35,11:30:00,8373.381201562876,1,29
2015-06-23,8370.0,8374.4,8370.0,8372.0,11:35:00,8373.05918236641,1,30
2015-06-23,8366.45,8367.4,8365.45,8367.3,11:40:00,8372.429736426753,1,31
2015-06-23,8365.8,8365.8,8360.9,8361.45,11:45:00,8371.798332957538,1,32
2015-06-23,8364.75,8366.65,8364.75,8366.65,11:50:00,8371.127063152058,1,33
2015-06-23,8366.95,8366.95,8363.45,8363.7,11:55:00,8370.729247613766,1,34
2015-06-23,8370.0,8370.0,8366.7,8366.7,12:00:00,8370.659795460075,1,35
2015-06-23,8371.7,8376.2,8371.7,8372.55,12:05:00,8370.758862559114,1,36
2015-06-23,8372.15,8374.05,8372.15,8372.15,12:10:00,8370.891351839198,1,37
2015-06-23,8378.9,8379.35,8374.35,8374.35,12:15:00,8371.654080235465,1,38
2015-06-23,8385.15,8385.15,8378.75,8378.75,12:20:00,8372.939405927325,1,39
2015-06-23,8385.25,8385.25,8381.65,8381.65,12:25:00,8374.111843458057,1,40
2015-06-23,8380.4,8386.6,8380.4,8386.15,12:30:00,8374.710715509671,1,41
2015-06-23,8375.65,8378.15,8374.15,8375.85,12:35:00,8374.800171175417,1,42
2015-06-23,8377.9,8378.3,8376.3,8376.3,12:40:00,8375.095392968235,1,43
2015-06-23,8384.0,8384.0,8379.2,8379.2,12:45:00,8375.943450780784,1,44
2015-06-23,8379.4,8382.45,8379.4,8382.25,12:50:00,8376.272645944518,1,45
2015-06-23,8382.0,8382.0,8378.7,8378.7,12:55:00,8376.818108235517,1,46
2015-06-23,8386.6,8387.45,8385.2,8387.25,13:00:00,8377.749716974991,1,47
2015-06-23,8383.4,8385.2,8381.45,8385.2,13:05:00,8378.28783916785,1,48
2015-06-23,8382.4,8384.65,8382.4,8384.1,13:10:00,8378.679473532817,1,49
2015-06-23,8378.9,8383.6,8378.9,8382.4,13:15:00,8378.7004760535,1,50
2015-06-23,8375.95,8377.7,8374.3,8377.7,13:20:00,8378.438525953166,1,51
2015-06-23,8381.95,8381.95,8378.05,8378.05,13:25:00,8378.772952052865,1,52
2015-06-23,8384.45,8385.5,8384.15,8385.05,13:30:00,8379.313623285925,1,53
2015-06-23,8387.4,8389.95,8384.9,8384.9,13:35:00,8380.08375440155,1,54
2015-06-23,8388.5,8390.8,8388.5,8390.3,13:40:00,8380.885301601404,1,55
2015-06-23,8390.8,8390.8,8386.25,8388.3,13:45:00,8381.829558591746,1,56
2015-06-23,8393.15,8395.65,8391.9,8392.3,13:50:00,8382.907695868722,1,57
2015-06-23,8385.7,8392.15,8385.7,8391.75,13:55:00,8383.17362959551,1,58
2015-06-23,8381.55,8383.55,8377.05,8383.55,14:00:00,8383.018998205462,1,59
2015-06-23,8378.15,8383.55,8378.15,8383.55,14:05:00,8382.555284090655,1,60
2015-06-23,8373.05,8376.45,8369.55,8376.45,14:10:00,8381.650018939163,1,61
2015-06-23,8378.4,8378.4,8372.4,8374.15,14:15:00,8381.340493325908,1,62
2015-06-23,8380.95,8380.95,8379.5,8380.3,14:20:00,8381.303303485345,1,63
2015-06-23,8391.1,8391.1,8379.65,8379.65,14:25:00,8382.236322201026,1,64
2015-06-23,8387.8,8390.1,8387.1,8390.1,14:30:00,8382.76619627712,1,65
2015-06-23,8386.95,8391.25,8386.95,8389.65,14:35:00,8383.164653774538,1,66
2015-06-23,8377.45,8384.3,8377.45,8384.3,14:40:00,8382.620401034106,1,67
2015-06-23,8383.95,8383.95,8379.75,8382.2,14:45:00,8382.747029507049,1,68
2015-06-23,8384.15,8384.15,8380.65,8380.65,14:50:00,8382.880645744472,1,69
2015-06-23,8379.5,8381.85,8377.0,8381.85,14:55:00,8382.558679483092,1,70
2015-06-23,8387.3,8389.5,8384.45,8384.45,15:00:00,8383.010233818037,1,71
2015-06-23,8385.45,8385.45,8379.8,8381.8,15:05:00,8383.242592502032,1,72
2015-06-23,8384.2,8384.5,8383.45,8384.5,15:10:00,8383.333774168506,1,73
2015-06-23,8379.85,8385.1,8379.85,8385.1,15:15:00,8383.001986152458,1,74
2015-06-23,8376.9,8378.0,8376.9,8377.3,15:20:00,8382.42084461413,1,75
2015-06-23,8381.2,8381.2,8376.25,8376.25,15:25:00,8382.304573698499,1,76
2015-06-24,8399.4,8399.4,8399.4,8399.4,09:10:00,8383.932709536737,2,1
2015-06-24,8385.05,8399.4,8376.25,8399.4,09:15:00,8384.039118152286,2,2
2015-06-24,8390.9,8396.55,8389.7,8389.7,09:20:00,8384.692535471117,2,3
2015-06-24,8377.8,8386.25,8377.8,8386.25,09:25:00,8384.036103521486,2,4
2015-06-24,8383.9,8391.8,8382.1,8382.1,09:30:00,8384.023141281345,2,5
2015-06-24,8391.2,8391.2,8385.1,8385.1,09:35:00,8384.706651635503,2,6
2015-06-24,8388.25,8392.4,8388.25,8391.95,09:40:00,8385.044113384502,2,7
2015-06-24,8393.95,8396.6,8390.55,8390.55,09:45:00,8385.892293062168,2,8
2015-06-24,8406.1,8406.1,8397.05,8397.15,09:50:00,8387.816836580057,2,9
2015-06-24,8404.5,8410.0,8404.5,8406.5,09:55:00,8389.405709286719,2,10
2015-06-24,8410.35,8410.7,8405.75,8405.75,10:00:00,8391.400403640364,2,11
2015-06-24,8409.55,8412.45,8408.6,8411.9,10:05:00,8393.128936626996,2,12
2015-06-24,8405.5,8407.9,8401.35,8407.85,10:10:00,8394.307133138711,2,13
2015-06-24,8408.1,8409.4,8405.65,8409.0,10:15:00,8395.620739506452,2,14
2015-06-24,8402.15,8406.65,8400.6,8406.65,10:20:00,8396.24257383917,2,15
2015-06-24,8399.6,8402.0,8398.15,8402.0,10:25:00,8396.56232871163,2,16
2015-06-24,8392.85,8400.55,8392.85,8399.0,10:30:00,8396.208773596238,2,17
2015-06-24,8396.45,8396.45,8392.5,8396.2,10:35:00,8396.231747539454,2,18
2015-06-24,8398.85,8398.85,8397.15,8397.6,10:40:00,8396.48110491665,2,19
2015-06-24,8400.7,8403.25,8399.9,8399.9,10:45:00,8396.882904448397,2,20
2015-06-24,8400.8,8402.5,8399.95,8401.95,10:50:00,8397.255961167597,2,21
2015-06-24,8400.8,8405.0,8400.8,8402.45,10:55:00,8397.593488675446,2,22
2015-06-24,8402.35,8403.45,8401.25,8401.25,11:00:00,8398.046489753975,2,23
2015-06-24,8403.4,8403.8,8401.25,8401.25,11:05:00,8398.556347872644,2,24
2015-06-24,8403.3,8403.3,8401.7,8401.7,11:10:00,8399.008124265725,2,25
2015-06-24,8405.7,8405.7,8403.0,8404.15,11:15:00,8399.645445764227,2,26
2015-06-24,8406.8,8408.0,8406.8,8406.8,11:20:00,8400.32683188192,2,27
2015-06-24,8405.9,8407.15,8405.9,8407.15,11:25:00,8400.857609797926,2,28
2015-06-24,8403.85,8405.85,8403.85,8405.85,11:30:00,8401.14259934098,2,29
2015-06-24,8402.3,8404.9,8402.3,8402.8,11:35:00,8401.252827975171,2,30
2015-06-24,8397.35,8399.55,8395.7,8398.35,11:40:00,8400.881130072774,2,31
2015-06-24,8397.65,8398.3,8396.0,8396.0,11:45:00,8400.573403399176,2,32
2015-06-24,8401.8,8401.8,8398.2,8398.4,11:50:00,8400.690222123063,2,33
2015-06-24,8402.1,8403.3,8402.1,8402.65,11:55:00,8400.824486682772,2,34
2015-06-24,8404.4,8404.4,8400.5,8401.5,12:00:00,8401.165011760602,2,35
2015-06-24,8406.6,8408.15,8405.7,8405.7,12:05:00,8401.682629688163,2,36
2015-06-24,8405.4,8405.7,8405.25,8405.25,12:10:00,8402.036664955956,2,37
2015-06-24,8404.7,8405.0,8402.5,8402.65,12:15:00,8402.290315912533,2,38
2015-06-24,8404.5,8404.5,8402.75,8403.25,12:20:00,8402.500762016101,2,39
2015-06-24,8406.75,8408.0,8404.5,8404.5,12:25:00,8402.905451347902,2,40
2015-06-24,8407.9,8409.15,8406.65,8406.65,12:30:00,8403.381122648101,2,41
2015-06-24,8409.7,8412.1,8407.5,8407.5,12:35:00,8403.982920491138,2,42
2015-06-24,8405.25,8410.55,8405.25,8408.0,12:40:00,8404.103594730077,2,43
2015-06-24,8410.15,8412.1,8409.45,8409.45,12:45:00,8404.679442851022,2,44
2015-06-24,8414.05,8414.05,8409.45,8410.65,12:50:00,8405.571876865211,2,45
2015-06-24,8410.95,8412.9,8410.95,8411.8,12:55:00,8406.084079068525,2,46
2015-06-24,8413.7,8413.7,8409.0,8412.85,13:00:00,8406.809404871523,2,47
2015-06-24,8414.2,8414.2,8412.0,8412.0,13:05:00,8407.513271074235,2,48
2015-06-24,8415.9,8416.8,8414.45,8415.9,13:10:00,8408.312007162403,2,49
2015-06-24,8409.55,8415.2,8409.55,8415.2,13:15:00,8408.429911242174,2,50
2015-06-24,8410.0,8410.0,8406.75,8408.1,13:20:00,8408.579443504825,2,51
2015-06-24,8410.65,8410.65,8407.15,8408.1,13:25:00,8408.776639361507,2,52
2015-06-24,8409.95,8411.1,8409.0,8409.0,13:30:00,8408.888387993746,2,53
2015-06-24,8407.15,8410.35,8407.15,8410.1,13:35:00,8408.722827232436,2,54
2015-06-24,8409.95,8409.95,8408.7,8409.5,13:40:00,8408.839700829347,2,55
2015-06-24,8411.8,8411.8,8408.85,8408.85,13:45:00,8409.121634083695,2,56
2015-06-24,8407.55,8411.9,8407.55,8411.9,13:50:00,8408.971954647152,2,57
2015-06-24,8409.1,8409.1,8406.35,8406.35,13:55:00,8408.98414944266,2,58
2015-06-24,8414.85,8416.6,8412.6,8412.6,14:00:00,8409.542801876692,2,59
2015-06-24,8415.0,8418.05,8415.0,8416.7,14:05:00,8410.062535031293,2,60
2015-06-24,8415.9,8416.9,8415.9,8416.3,14:10:00,8410.618484075932,2,61
2015-06-24,8417.15,8417.15,8412.05,8414.75,14:15:00,8411.240533211558,2,62
2015-06-24,8418.6,8418.6,8415.5,8415.5,14:20:00,8411.941434810456,2,63
2015-06-24,8415.9,8420.65,8415.9,8420.65,14:25:00,8412.318441018984,2,64
2015-06-24,8408.45,8410.8,8408.45,8410.8,14:30:00,8411.950018064796,2,65
2015-06-24,8408.0,8410.55,8407.45,8407.5,14:35:00,8411.573825868149,2,66
2015-06-24,8412.7,8412.7,8408.65,8408.65,14:40:00,8411.681080547372,2,67
2015-06-24,8410.05,8412.15,8409.65,8409.65,14:45:00,8411.525739542862,2,68
2015-06-24,8408.3,8410.5,8407.8,8408.1,14:50:00,8411.218526253066,2,69
2015-06-24,8389.45,8399.1,8389.45,8399.1,14:55:00,8409.145333276583,2,70
2015-06-24,8386.75,8387.4,8378.35,8384.3,15:00:00,8407.012444393098,2,71
2015-06-24,8373.45,8387.5,8373.45,8387.5,15:05:00,8403.816021117565,2,72
2015-06-24,8358.35,8375.05,8358.35,8375.05,15:10:00,8399.485923868273,2,73
2015-06-24,8342.0,8345.3,8340.55,8345.3,15:15:00,8394.011073976057,2,74
2015-06-24,8349.3,8349.3,8342.65,8342.65,15:20:00,8389.752876454528,2,75
2015-06-24,8340.45,8348.55,8340.45,8344.75,15:25:00,8385.05736441124,2,76
2015-06-25,8336.25,8336.25,8336.25,8336.25,09:10:00,8380.409043991122,3,1
2015-06-25,8346.05,8353.65,8336.25,8336.25,09:15:00,8377.136754087205,3,2
2015-06-25,8341.65,8349.7,8340.55,8349.7,09:20:00,8373.757063221758,3,3
2015-06-25,8359.5,8359.5,8343.4,8343.4,09:25:00,8372.399247676829,3,4
2015-06-25,8364.15,8364.15,8356.15,8356.35,09:30:00,8371.61360504094,3,5
2015-06-25,8360.4,8363.25,8358.6,8360.05,09:35:00,8370.545642656089,3,6
2015-06-25,8364.75,8366.45,8360.85,8360.85,09:40:00,8369.993676688842,3,7
2015-06-25,8356.05,8362.6,8356.05,8362.6,09:45:00,8368.66570748038,3,8
2015-06-25,8357.15,8357.15,8354.0,8355.0,09:50:00,8367.56897343463,3,9
2015-06-25,8364.8,8364.8,8356.65,8356.65,09:55:00,8367.305261678952,3,10
2015-06-25,8363.85,8366.05,8360.05,8366.05,10:00:00,8366.976189138099,3,11
2015-06-25,8359.95,8363.8,8359.95,8363.8,10:05:00,8366.307028267804,3,12
2015-06-25,8366.2,8366.2,8360.3,8360.3,10:10:00,8366.296835099442,3,13
2015-06-25,8367.35,8369.85,8367.35,8368.0,10:15:00,8366.397136518543,3,14
2015-06-25,8364.05,8368.15,8363.75,8368.15,10:20:00,8366.173599707254,3,15
2015-06-25,8367.85,8367.85,8362.65,8362.65,10:25:00,8366.333256877992,3,16
2015-06-25,8367.5,8369.25,8367.15,8367.15,10:30:00,8366.444375270565,3,17
2015-06-25,8363.75,8366.2,8363.75,8365.7,10:35:00,8366.18776810194,3,18
2015-06-25,8355.9,8360.15,8355.45,8360.15,10:40:00,8365.20798066366,3,19
2015-06-25,8357.2,8357.25,8355.3,8356.6,10:45:00,8364.44531583855,3,20
2015-06-25,8358.3,8358.3,8353.35,8357.2,10:50:00,8363.86004766345,3,21
2015-06-25,8367.4,8367.4,8359.65,8359.65,10:55:00,8364.197185981217,3,22
2015-06-25,8366.25,8368.0,8365.85,8367.5,11:00:00,8364.392692078243,3,23
2015-06-25,8361.85,8367.4,8361.7,8367.4,11:05:00,8364.150530927935,3,24
2015-06-25,8364.75,8365.1,8361.95,8365.1,11:10:00,8364.207623220513,3,25
2015-06-25,8364.85,8366.2,8364.35,8365.0,11:15:00,8364.268801961416,3,26
2015-06-25,8362.3,8363.45,8362.3,8363.25,11:20:00,8364.08129701271,3,27
2015-06-25,8362.95,8362.95,8361.55,8362.25,11:25:00,8363.97355444007,3,28
2015-06-25,8358.55,8361.75,8358.55,8361.1,11:30:00,8363.457025445778,3,29
2015-06-25,8359.95,8362.1,8359.95,8360.6,11:35:00,8363.12302302237,3,30
2015-06-25,8356.45,8360.0,8356.15,8360.0,11:40:00,8362.48749702024,3,31
2015-06-25,8358.95,8358.95,8355.55,8355.55,11:45:00,8362.150592542122,3,32
2015-06-25,8362.45,8362.45,8360.45,8360.45,11:50:00,8362.17910753811,3,33
2015-06-25,8363.75,8364.9,8363.75,8363.75,11:55:00,8362.328716344004,3,34
2015-06-25,8364.85,8366.45,8363.6,8363.6,12:00:00,8362.568838596955,3,35
2015-06-25,8366.9,8367.75,8365.0,8365.0,12:05:00,8362.98133015915,3,36
2015-06-25,8370.4,8371.85,8366.95,8366.95,12:10:00,8363.687870143993,3,37
2015-06-25,8370.05,8370.35,8370.0,8370.35,12:15:00,8364.293787273136,3,38
2015-06-25,8371.1,8371.1,8368.2,8369.25,12:20:00,8364.941998009028,3,39
2015-06-25,8371.35,8371.85,8370.6,8371.35,12:25:00,8365.55228391293,3,40
2015-06-25,8368.9,8371.7,8368.9,8371.7,12:30:00,8365.87111401646,3,41
2015-06-25,8368.95,8368.95,8367.1,8367.55,12:35:00,8366.164341252987,3,42
2015-06-25,8365.65,8367.85,8364.2,8367.85,12:40:00,8366.115356371749,3,43
2015-06-25,8368.55,8368.55,8365.15,8365.15,12:45:00,8366.347227193488,3,44
2015-06-25,8369.9,8369.9,8368.1,8368.1,12:50:00,8366.685586508393,3,45
2015-06-25,8377.2,8378.55,8370.5,8370.5,12:55:00,8367.686959221879,3,46
2015-06-25,8381.75,8384.65,8380.3,8380.3,13:00:00,8369.026296438844,3,47
2015-06-25,8382.7,8385.25,8382.45,8382.45,13:05:00,8370.32855392086,3,48
2015-06-25,8386.5,8386.55,8384.65,8384.65,13:10:00,8371.868691642681,3,49
2015-06-25,8399.2,8399.2,8389.35,8389.35,13:15:00,8374.471673390997,3,50
2015-06-25,8389.4,8391.5,8388.3,8391.5,13:20:00,8375.89341878233,3,51
2015-06-25,8388.05,8389.55,8387.3,8387.95,13:25:00,8377.051188422109,3,52
2015-06-25,8393.65,8393.65,8390.85,8390.85,13:30:00,8378.632027620004,3,53
2015-06-25,8393.45,8394.45,8392.3,8392.3,13:35:00,8380.043263084764,3,54
2015-06-25,8396.85,8398.2,8395.85,8395.85,13:40:00,8381.64390469574,3,55
2015-06-25,8393.05,8398.35,8393.05,8397.9,13:45:00,8382.730199486623,3,56
2015-06-25,8397.6,8397.6,8395.1,8395.1,13:50:00,8384.146370964088,3,57
2015-06-25,8404.95,8404.95,8394.95,8396.0,13:55:00,8386.127668967509,3,58
2015-06-25,8405.9,8405.9,8402.4,8403.25,14:00:00,8388.01074811346,3,59
2015-06-25,8405.9,8406.9,8405.6,8405.6,14:05:00,8389.714486388368,3,60
2015-06-25,8396.1,8405.25,8396.1,8405.25,14:10:00,8390.322630541858,3,61
2015-06-25,8394.35,8398.7,8394.35,8394.8,14:15:00,8390.706189537872,3,62
2015-06-25,8399.85,8400.85,8398.75,8399.7,14:20:00,8391.577028629503,3,63
2015-06-25,8403.45,8403.95,8400.55,8400.55,14:25:00,8392.707787807645,3,64
2015-06-25,8402.4,8402.5,8400.85,8402.5,14:30:00,8393.630855635489,3,65
2015-06-25,8410.85,8410.85,8402.75,8404.2,14:35:00,8395.270774146395,3,66
2015-06-25,8416.7,8422.5,8410.05,8410.05,14:40:00,8397.311652799119,3,67
2015-06-25,8410.65,8421.0,8410.65,8421.0,14:45:00,8398.581971580155,3,68
2015-06-25,8407.9,8410.1,8404.4,8404.4,14:50:00,8399.469402858236,3,69
2015-06-25,8400.3,8409.95,8400.3,8406.6,14:55:00,8399.548507347929,3,70
2015-06-25,8387.4,8408.4,8387.4,8408.4,15:00:00,8398.391506648126,3,71
2015-06-25,8392.65,8396.6,8391.45,8391.45,15:05:00,8397.844696491162,3,72
2015-06-25,8394.15,8394.15,8387.25,8389.55,15:10:00,8397.49282063486,3,73
2015-06-25,8406.2,8406.2,8396.7,8397.0,15:15:00,8398.322075812492,3,74
2015-06-25,8404.95,8405.6,8404.0,8405.6,15:20:00,8398.953306687492,3,75
2015-06-25,8414.3,8415.3,8404.95,8404.95,15:25:00,8400.414896526778,3,76
2015-06-26,8393.95,8393.95,8393.95,8393.95,09:10:00,8399.799192095656,4,1
2015-06-26,8402.3,8405.75,8393.95,8393.95,09:15:00,8400.037364277021,4,2
2015-06-26,8394.1,8398.15,8392.55,8398.15,09:20:00,8399.471901012543,4,3
2015-06-26,8381.0,8388.25,8381.0,8385.35,09:25:00,8397.712672344682,4,4
2015-06-26,8366.2,8375.55,8366.2,8375.55,09:30:00,8394.711465454711,4,5
2015-06-26,8363.1,8363.2,8353.45,8363.2,09:35:00,8391.70084969712,4,6
2015-06-26,8371.45,8371.45,8366.25,8367.55,09:40:00,8389.772197345013,4,7
2015-06-26,8374.4,8374.4,8371.95,8372.85,09:45:00,8388.308178550249,4,8
2015-06-26,8374.85,8378.7,8374.55,8378.7,09:50:00,8387.026447259748,4,9
2015-06-26,8358.3,8366.15,8358.3,8366.15,09:55:00,8384.290595139772,4,10
2015-06-26,8356.25,8359.65,8356.0,8358.4,10:00:00,8381.620062269318,4,11
2015-06-26,8371.4,8371.6,8362.65,8362.65,10:05:00,8380.646723005573,4,12
2015-06-26,8371.1,8372.85,8370.65,8371.85,10:10:00,8379.737511290758,4,13
2015-06-26,8375.0,8375.8,8372.0,8372.0,10:15:00,8379.286319739256,4,14
2015-06-26,8376.1,8376.65,8374.3,8374.3,10:20:00,8378.982860716469,4,15
2015-06-26,8381.1,8381.75,8376.7,8376.75,10:25:00,8379.184493029186,4,16
2015-06-26,8379.8,8384.35,8379.8,8383.25,10:30:00,8379.243112740693,4,17
2015-06-26,8384.15,8384.15,8377.8,8377.8,10:35:00,8379.710435336818,4,18
2015-06-26,8387.25,8387.25,8382.1,8382.75,10:40:00,8380.428489114263,4,19
2015-06-26,8389.4,8389.7,8385.95,8385.95,10:45:00,8381.282918722429,4,20
2015-06-26,8388.55,8388.55,8385.35,8385.35,10:50:00,8381.975021701244,4,21
2015-06-26,8383.6,8387.7,8383.6,8387.7,10:55:00,8382.12978153922,4,22
2015-06-26,8375.65,8384.05,8374.5,8383.6,11:00:00,8381.512659487866,4,23
2015-06-26,8375.65,8377.25,8375.1,8376.45,11:05:00,8380.954310965211,4,24
2015-06-26,8375.85,8378.0,8375.85,8376.0,11:10:00,8380.468186111382,4,25
2015-06-26,8381.7,8381.7,8376.15,8376.15,11:15:00,8380.585501719823,4,26
2015-06-26,8380.65,8382.45,8379.15,8379.15,11:20:00,8380.591644413173,4,27
2015-06-26,8377.15,8379.25,8376.1,8379.25,11:25:00,8380.263868754775,4,28
2015-06-26,8368.15,8376.4,8367.85,8376.4,11:30:00,8379.110166968607,4,29
2015-06-26,8373.3,8374.35,8368.9,8368.9,11:35:00,8378.5568177335,4,30
2015-06-26,8373.95,8375.15,8373.25,8374.4,11:40:00,8378.118073187454,4,31
2015-06-26,8367.2,8372.45,8367.2,8372.45,11:45:00,8377.07825669341,4,32
2015-06-26,8368.9,8369.9,8365.6,8365.6,11:50:00,8376.299375103561,4,33
2015-06-26,8363.9,8369.9,8363.05,8369.9,11:55:00,8375.118482236554,4,34
2015-06-26,8357.95,8367.95,8357.95,8365.8,12:00:00,8373.483388690216,4,35
2015-06-26,8356.3,8361.25,8356.15,8356.15,12:05:00,8371.846875481624,4,36
2015-06-26,8358.05,8358.05,8351.45,8354.9,12:10:00,8370.532887340516,4,37
2015-06-26,8362.3,8362.3,8357.9,8359.05,12:15:00,8369.748802831895,4,38
2015-06-26,8361.5,8361.95,8360.55,8360.55,12:20:00,8368.96320256219,4,39
2015-06-26,8351.35,8360.2,8351.35,8358.5,12:25:00,8367.285754699124,4,40
2015-06-26,8341.6,8354.85,8341.6,8354.85,12:30:00,8364.839492346826,4,41
2015-06-26,8351.95,8351.95,8342.7,8342.7,12:35:00,8363.611921647129,4,42
2015-06-26,8344.4,8351.75,8344.4,8351.75,12:40:00,8361.782214823594,4,43
2015-06-26,8353.9,8353.9,8343.7,8343.7,12:45:00,8361.031527697536,4,44
2015-06-26,8361.55,8361.55,8357.2,8357.2,12:50:00,8361.080906012057,4,45
2015-06-26,8368.8,8368.8,8365.05,8365.05,12:55:00,8361.816057820433,4,46
2015-06-26,8365.45,8369.25,8365.4,8365.4,13:00:00,8362.16214755182,4,47
2015-06-26,8365.45,8369.7,8365.3,8365.3,13:05:00,8362.475276356408,4,48
2015-06-26,8375.55,8375.55,8365.7,8365.7,13:10:00,8363.720488131989,4,49
2015-06-26,8386.0,8386.0,8381.15,8382.8,13:15:00,8365.842346405132,4,50
2015-06-26,8378.7,8385.45,8378.7,8381.8,13:20:00,8367.066884842738,4,51
2015-06-26,8380.35,8382.0,8379.0,8379.0,13:25:00,8368.331943429144,4,52
2015-06-26,8387.25,8389.05,8381.05,8381.05,13:30:00,8370.133663102559,4,53
2015-06-26,8388.8,8388.8,8386.1,8387.1,13:35:00,8371.911409473743,4,54
2015-06-26,8385.6,8388.05,8385.45,8387.65,13:40:00,8373.21508476196,4,55
2015-06-26,8378.6,8386.3,8376.8,8385.85,13:45:00,8373.72793383225,4,56
2015-06-26,8379.95,8381.0,8375.2,8376.8,13:50:00,8374.320511562511,4,57
2015-06-26,8378.15,8381.6,8376.75,8380.3,13:55:00,8374.685224747034,4,58
2015-06-26,8384.4,8385.3,8379.35,8380.95,14:00:00,8375.610441437793,4,59
2015-06-26,8382.85,8382.85,8380.45,8382.25,14:05:00,8376.299923205623,4,60
2015-06-26,8388.35,8388.35,8382.55,8382.55,14:10:00,8377.447549566992,4,61
2015-06-26,8393.1,8401.3,8389.5,8389.5,14:15:00,8378.938259132041,4,62
2015-06-26,8395.05,8395.35,8395.0,8395.35,14:20:00,8380.472710643275,4,63
2015-06-26,8403.1,8403.1,8395.75,8395.75,14:25:00,8382.62769058201,4,64
2015-06-26,8394.35,8401.75,8394.35,8399.3,14:30:00,8383.744101002772,4,65
2015-06-26,8377.2,8391.05,8375.8,8391.05,14:35:00,8383.120853288223,4,66
2015-06-26,8367.25,8381.05,8367.25,8381.05,14:40:00,8381.60934345125,4,67
2015-06-26,8374.25,8377.3,8369.75,8369.75,14:45:00,8380.90845359875,4,68
2015-06-26,8375.15,8381.55,8374.9,8378.55,14:50:00,8380.360029446489,4,69
2015-06-26,8380.7,8381.35,8376.45,8376.45,14:55:00,8380.392407594441,4,70
2015-06-26,8372.25,8379.6,8369.0,8379.6,15:00:00,8379.616940204494,4,71
2015-06-26,8381.35,8381.35,8372.75,8374.8,15:05:00,8379.781993518352,4,72
2015-06-26,8380.0,8385.95,8380.0,8385.95,15:10:00,8379.802756040413,4,73
2015-06-26,8386.85,8386.85,8381.65,8381.65,15:15:00,8380.473922131801,4,74
2015-06-26,8383.85,8387.35,8383.85,8386.8,15:20:00,8380.795453357345,4,75
2015-06-26,8381.25,8382.5,8380.95,8382.5,15:25:00,8380.838743513788,4,76
2015-06-29,8247.05,8247.05,8247.05,8247.05,09:10:00,8368.096958417236,0,1
2015-06-29,8224.65,8247.05,8219.6,8247.05,09:15:00,8354.43534332988,0,2
2015-06-29,8209.35,8227.55,8208.3,8220.65,09:20:00,8340.617691584177,0,3
2015-06-29,8235.9,8237.9,8218.6,8218.6,09:25:00,8330.64457809997,0,4
2015-06-29,8237.5,8237.5,8225.85,8232.35,09:30:00,8321.773665899973,0,5
2015-06-29,8235.55,8240.55,8235.55,8238.3,09:35:00,8313.561888195214,0,6
2015-06-29,8226.95,8236.15,8225.6,8230.4,09:40:00,8305.313136938526,0,7
2015-06-29,8229.5,8229.5,8225.3,8226.05,09:45:00,8298.092838182476,0,8
2015-06-29,8231.35,8234.75,8230.55,8230.55,09:50:00,8291.736377403193,0,9
2015-06-29,8225.8,8230.8,8224.15,8230.8,09:55:00,8285.456722412413,0,10
2015-06-29,8234.45,8234.45,8229.0,8229.0,10:00:00,8280.598939325517,0,11
2015-06-29,8236.25,8239.15,8236.25,8236.75,10:05:00,8276.375230818325,0,12
2015-06-29,8231.35,8233.8,8231.35,8232.45,10:10:00,8272.087113597532,0,13
2015-06-29,8236.2,8236.2,8231.1,8231.5,10:15:00,8268.66929325491,0,14
2015-06-29,8241.4,8241.4,8237.15,8237.15,10:20:00,8266.072217706824,0,15
2015-06-29,8234.85,8241.0,8234.85,8240.05,10:25:00,8263.098673163317,0,16
2015-06-29,8236.75,8237.8,8235.35,8236.9,10:30:00,8260.589275719192,0,17
2015-06-29,8222.7,8234.6,8222.7,8234.6,10:35:00,8256.980773269745,0,18
2015-06-29,8214.15,8219.3,8214.15,8219.3,10:40:00,8252.90165200596,0,19
2015-06-29,8219.5,8219.5,8214.4,8214.4,10:45:00,8249.720542291107,0,20
2015-06-29,8199.25,8217.1,8199.25,8217.1,10:50:00,8244.913823977668,0,21
2015-06-29,8202.75,8202.75,8197.5,8200.65,10:55:00,8240.89822169408,0,22
2015-06-29,8202.95,8206.8,8202.95,8206.55,11:00:00,8237.284105342264,0,23
2015-06-29,8209.65,8210.0,8203.0,8203.0,11:05:00,8234.652285785856,0,24
2015-06-29,8207.35,8211.4,8207.35,8209.15,11:10:00,8232.052068091965,0,25
2015-06-29,8209.75,8209.75,8205.1,8205.1,11:15:00,8229.928061607017,0,26
2015-06-29,8208.4,8209.65,8203.1,8203.1,11:20:00,8227.877770025396,0,27
2015-06-29,8218.15,8218.8,8214.35,8214.35,11:25:00,8226.951315737262,0,28
2015-06-29,8206.0,8214.85,8206.0,8214.85,11:30:00,8224.955952333714,0,29
2015-06-29,8215.75,8216.1,8208.2,8208.2,11:35:00,8224.079194968599,0,30
2015-06-29,8217.45,8218.15,8215.8,8215.8,11:40:00,8223.447843066828,0,31
2015-06-29,8216.0,8217.45,8213.7,8217.45,11:45:00,8222.738524679511,0,32
2015-06-29,8217.5,8219.0,8217.45,8219.0,11:50:00,8222.239617567177,0,33
2015-06-29,8217.8,8217.8,8215.45,8217.15,11:55:00,8221.816796846493,0,34
2015-06-29,8213.25,8215.15,8211.8,8215.15,12:00:00,8221.000911432542,0,35
2015-06-29,8214.25,8214.55,8210.3,8212.8,12:05:00,8220.357967486585,0,36
2015-06-29,8212.05,8215.4,8210.95,8215.4,12:10:00,8219.566732487863,0,37
2015-06-29,8214.75,8215.55,8214.0,8214.75,12:15:00,8219.107996060447,0,38
2015-06-29,8215.75,8215.75,8213.9,8213.9,12:20:00,8218.788186911834,0,39
2015-06-29,8217.8,8217.8,8216.3,8216.65,12:25:00,8218.694073872612,0,40
2015-06-29,8214.55,8216.25,8212.4,8216.25,12:30:00,8218.299400170457,0,41
2015-06-29,8230.05,8231.1,8224.5,8224.5,12:35:00,8219.418504916128,0,42
2015-06-29,8231.55,8237.75,8231.55,8237.75,12:40:00,8220.573885400307,0,43
2015-06-29,8234.75,8234.75,8229.25,8231.55,12:45:00,8221.92399155266,0,44
2015-06-29,8237.45,8237.45,8232.15,8232.15,12:50:00,8223.402659023835,0,45
2015-06-29,8237.25,8237.25,8235.05,8236.0,12:55:00,8224.721453402519,0,46
2015-06-29,8243.35,8243.4,8239.7,8240.7,13:00:00,8226.495600697517,0,47
2015-06-29,8247.55,8248.5,8240.9,8240.9,13:05:00,8228.500781583467,0,48
2015-06-29,8252.65,8253.4,8249.2,8249.2,13:10:00,8230.800707146946,0,49
2015-06-29,8260.4,8260.4,8248.2,8248.2,13:15:00,8233.619687418664,0,50
2015-06-29,8250.1,8259.0,8250.1,8259.0,13:20:00,8235.189240997839,0,51
2015-06-29,8244.8,8252.25,8242.4,8252.25,13:25:00,8236.104551378998,0,52
2015-06-29,8254.05,8254.05,8247.0,8247.0,13:30:00,8237.813641723855,0,53
2015-06-29,8255.7,8255.7,8254.1,8254.45,13:35:00,8239.517104416822,0,54
2015-06-29,8247.45,8254.45,8247.45,8253.05,13:40:00,8240.272618281886,0,55
2015-06-29,8242.65,8247.3,8242.65,8245.15,13:45:00,8240.499035588373,0,56
2015-06-29,8242.3,8243.35,8239.7,8243.35,13:50:00,8240.670556008528,0,57
2015-06-29,8250.7,8250.7,8244.75,8244.75,13:55:00,8241.625741150574,0,58
2015-06-29,8249.95,8251.55,8247.55,8250.65,14:00:00,8242.418527707663,0,59
2015-06-29,8298.35,8298.35,8252.25,8254.5,14:05:00,8247.745334592648,0,60
2015-06-29,8296.65,8303.6,8284.0,8284.0,14:10:00,8252.402921774301,0,61
2015-06-29,8304.5,8320.7,8302.3,8319.55,14:15:00,8257.364548271986,0,62
2015-06-29,8306.65,8312.8,8306.65,8309.6,14:20:00,8262.05840081751,0,63
2015-06-29,8319.05,8319.05,8305.0,8305.0,14:25:00,8267.486172168223,0,64
2015-06-29,8315.45,8322.75,8315.45,8322.75,14:30:00,8272.05415577125,0,65
2015-06-29,8312.25,8315.6,8305.05,8313.85,14:35:00,8275.882331412084,0,66
2015-06-29,8317.4,8319.1,8313.1,8313.1,14:40:00,8279.836395087124,0,67
2015-06-29,8303.85,8311.75,8303.05,8311.75,14:45:00,8282.123405078826,0,68
2015-06-29,8313.7,8313.7,8306.9,8306.9,14:50:00,8285.130699833224,0,69
2015-06-29,8314.15,8314.65,8304.8,8304.8,14:55:00,8287.89444270625,0,70
2015-06-29,8325.55,8325.55,8313.9,8317.4,15:00:00,8291.480686258037,0,71
2015-06-29,8323.9,8324.5,8322.9,8323.4,15:05:00,8294.568239947748,0,72
2015-06-29,8314.15,8321.1,8314.15,8319.25,15:10:00,8296.433169476535,0,73
2015-06-29,8317.2,8318.55,8310.8,8310.8,15:15:00,8298.410962859722,0,74
2015-06-29,8316.7,8316.7,8314.15,8316.1,15:20:00,8300.1527759207,0,75
2015-06-29,8325.45,8326.45,8315.55,8315.55,15:25:00,8302.562035356825,0,76
2015-06-30,8316.35,8316.35,8316.35,8316.35,09:10:00,8303.875174846651,1,1
2015-06-30,8343.0,8345.8,8316.35,8316.35,09:15:00,8307.60134867078,1,2
2015-06-30,8336.2,8352.35,8336.2,8351.4,09:20:00,8310.325029749753,1,3
2015-06-30,8322.95,8345.1,8322.95,8345.1,09:25:00,8311.527407868824,1,4
2015-06-30,8317.55,8328.95,8315.8,8328.95,09:30:00,8312.100988071792,1,5
2015-06-30,8320.25,8320.25,8308.7,8308.7,09:35:00,8312.877084445907,1,6
2015-06-30,8316.6,8317.25,8312.55,8312.55,09:40:00,8313.23164783201,1,7
2015-06-30,8321.9,8322.05,8318.45,8319.9,09:45:00,8314.057205181341,1,8
2015-06-30,8332.85,8333.0,8323.9,8324.05,09:50:00,8315.84699516407,1,9
2015-06-30,8327.0,8328.2,8324.5,8328.2,09:55:00,8316.909186100826,1,10
2015-06-30,8325.8,8328.85,8322.6,8328.85,10:00:00,8317.755930281699,1,11
2015-06-30,8323.95,8330.7,8323.95,8329.3,10:05:00,8318.345841683442,1,12
2015-06-30,8325.55,8327.35,8322.6,8324.05,10:10:00,8319.031951999305,1,13
2015-06-30,8335.8,8335.8,8327.0,8327.0,10:15:00,8320.628908951752,1,14
2015-06-30,8337.75,8337.75,8331.85,8331.85,10:20:00,8322.259489051587,1,15
2015-06-30,8339.9,8340.1,8333.65,8340.1,10:25:00,8323.93953771334,1,16
2015-06-30,8335.55,8342.3,8335.55,8340.75,10:30:00,8325.045296026356,1,17
2015-06-30,8338.0,8338.0,8334.05,8334.05,10:35:00,8326.27907735718,1,18
2015-06-30,8339.7,8340.9,8339.7,8340.9,10:40:00,8327.55726046602,1,19
2015-06-30,8342.15,8342.15,8339.35,8339.35,10:45:00,8328.94704518354,1,20
2015-06-30,8347.7,8347.7,8342.75,8342.75,10:50:00,8330.733040880346,1,21
2015-06-30,8331.55,8341.95,8330.15,8341.95,10:55:00,8330.810846510789,1,22
2015-06-30,8325.05,8335.5,8324.45,8335.5,11:00:00,8330.262194462142,1,23
2015-06-30,8325.6,8328.9,8325.05,8325.05,11:05:00,8329.818175941939,1,24
2015-06-30,8320.9,8327.05,8320.9,8324.6,11:10:00,8328.968825852231,1,25
2015-06-30,8329.85,8329.85,8322.35,8322.35,11:15:00,8329.052747199637,1,26
2015-06-30,8333.0,8336.4,8332.45,8333.75,11:20:00,8329.428676037767,1,27
2015-06-30,8334.6,8334.6,8332.1,8334.05,11:25:00,8329.92118308179,1,28
2015-06-30,8336.55,8340.25,8336.55,8336.6,11:30:00,8330.552498978763,1,29
2015-06-30,8340.55,8340.55,8335.95,8335.95,11:35:00,8331.504641933167,1,30
2015-06-30,8342.75,8342.75,8339.55,8339.65,11:40:00,8332.575628415721,1,31
2015-06-30,8329.55,8343.9,8327.15,8343.85,11:45:00,8332.28747332851,1,32
2015-06-30,8326.9,8330.15,8326.2,8330.15,11:50:00,8331.774380630557,1,33
2015-06-30,8328.05,8329.4,8327.2,8327.6,11:55:00,8331.419677713362,1,34
2015-06-30,8328.25,8329.7,8325.05,8329.7,12:00:00,8331.117803645422,1,35
2015-06-30,8335.3,8335.3,8330.45,8330.45,12:05:00,8331.516108060145,1,36
2015-06-30,8331.1,8334.4,8331.1,8334.4,12:10:00,8331.476478721084,1,37
2015-06-30,8333.65,8334.75,8332.7,8332.7,12:15:00,8331.683480747648,1,38
2015-06-30,8331.35,8333.05,8330.85,8332.15,12:20:00,8331.651720676444,1,39
2015-06-30,8331.95,8334.15,8331.95,8332.05,12:25:00,8331.680128231068,1,40
2015-06-30,8337.45,8337.45,8332.35,8332.35,12:30:00,8332.229639828109,1,41
2015-06-30,8332.45,8336.25,8331.8,8336.25,12:35:00,8332.250626511146,1,42
2015-06-30,8325.95,8333.45,8325.95,8332.95,12:40:00,8331.650566843418,1,43
2015-06-30,8324.2,8327.9,8324.2,8326.4,12:45:00,8330.940989048808,1,44
2015-06-30,8316.8,8316.9,8313.2,8316.9,12:50:00,8329.594228187018,1,45
2015-06-30,8315.8,8318.05,8315.05,8315.15,12:55:00,8328.280492169206,1,46
2015-06-30,8320.55,8320.55,8314.25,8314.25,13:00:00,8327.544254819757,1,47
2015-06-30,8318.55,8319.2,8317.5,8319.15,13:05:00,8326.687659122637,1,48
2015-06-30,8325.35,8325.35,8319.3,8320.95,13:10:00,8326.56026301572,1,49
2015-06-30,8332.05,8332.05,8327.7,8331.25,13:15:00,8327.08309510946,1,50
2015-06-30,8336.3,8337.0,8334.75,8334.75,13:20:00,8327.960895575225,1,51
2015-06-30,8332.35,8334.1,8330.1,8334.1,13:25:00,8328.378905520442,1,52
2015-06-30,8335.3,8335.3,8333.25,8333.7,13:30:00,8329.038057375637,1,53
2015-06-30,8334.7,8335.15,8333.15,8335.15,13:35:00,8329.57729000653,1,54
2015-06-30,8331.95,8338.65,8331.95,8336.3,13:40:00,8329.80326238686,1,55
2015-06-30,8321.1,8331.7,8321.1,8331.7,13:45:00,8328.974380254778,1,56
2015-06-30,8323.55,8323.8,8317.45,8317.45,13:50:00,8328.457772611466,1,57
2015-06-30,8328.15,8328.15,8323.55,8325.3,13:55:00,8328.428460934183,1,58
2015-06-30,8330.4,8330.4,8326.9,8326.9,14:00:00,8328.6162265595,1,59
2015-06-30,8325.75,8328.05,8325.75,8327.2,14:05:00,8328.343252601451,1,60
2015-06-30,8322.0,8327.25,8322.0,8326.4,14:10:00,8327.739133306075,1,61
2015-06-30,8317.85,8317.85,8310.25,8310.25,14:15:00,8326.797311086448,1,62
2015-06-30,8319.55,8321.3,8317.3,8318.25,14:20:00,8326.107090982976,1,63
2015-06-30,8333.7,8333.7,8325.0,8325.05,14:25:00,8326.830225175074,1,64
2015-06-30,8333.75,8333.75,8327.15,8329.55,14:30:00,8327.489251348878,1,65
2015-06-30,8348.65,8348.65,8332.8,8332.8,14:35:00,8329.504560744223,1,66
2015-06-30,8340.6,8344.25,8340.6,8343.45,14:40:00,8330.561269244772,1,67
2015-06-30,8347.75,8347.75,8339.5,8339.5,14:45:00,8332.19829122146,1,68
2015-06-30,8348.7,8350.5,8345.85,8348.5,14:50:00,8333.769882533703,1,69
2015-06-30,8363.9,8363.9,8351.1,8351.1,14:55:00,8336.639417530492,1,70
2015-06-30,8373.05,8373.05,8358.9,8364.2,15:00:00,8340.107092051398,1,71
2015-06-30,8368.45,8371.9,8365.9,8371.45,15:05:00,8342.806416617932,1,72
2015-06-30,8371.3,8377.6,8371.3,8374.45,15:10:00,8345.520091225748,1,73
2015-06-30,8368.45,8372.05,8367.9,8367.9,15:15:00,8347.703892061392,1,74
2015-06-30,8369.1,8371.5,8368.65,8370.45,15:20:00,8349.741616626974,1,75
2015-06-30,8370.95,8371.65,8367.25,8367.25,15:25:00,8351.7614626625,1,76
2015-07-01,8376.25,8376.25,8376.25,8376.25,09:10:00,8354.093704313691,2,1
2015-07-01,8383.35,8383.4,8372.3,8376.25,09:15:00,8356.880018188578,2,2
2015-07-01,8384.0,8393.5,8384.0,8388.9,09:20:00,8359.46287359919,2,3
2015-07-01,8377.15,8384.65,8377.15,8379.6,09:25:00,8361.14736182784,2,4
2015-07-01,8386.85,8386.85,8383.25,8386.15,09:30:00,8363.59523212995,2,5
2015-07-01,8401.15,8401.15,8388.05,8388.05,09:35:00,8367.171876689003,2,6
2015-07-01,8397.4,8404.45,8395.85,8404.45,09:40:00,8370.050745575765,2,7
2015-07-01,8399.3,8400.6,8398.85,8399.7,09:45:00,8372.836388854263,2,8
2015-07-01,8406.15,8409.55,8404.4,8404.4,09:50:00,8376.009113725286,2,9
2015-07-01,8412.9,8414.05,8407.45,8407.45,09:55:00,8379.522531465735,2,10
2015-07-01,8415.95,8418.45,8413.2,8413.2,10:00:00,8382.991814183284,2,11
2015-07-01,8415.55,8415.55,8410.25,8413.85,10:05:00,8386.092593784875,2,12
2015-07-01,8420.4,8425.7,8417.65,8417.65,10:10:00,8389.359965805364,2,13
2015-07-01,8421.7,8424.8,8419.95,8422.3,10:15:00,8392.439969061998,2,14
2015-07-01,8420.5,8423.4,8420.5,8423.1,10:20:00,8395.112352960856,2,15
2015-07-01,8430.75,8430.75,8421.15,8421.15,10:25:00,8398.506414583631,2,16
2015-07-01,8436.85,8437.7,8430.9,8430.9,10:30:00,8402.158184623286,2,17
2015-07-01,8432.6,8432.95,8430.05,8432.95,10:35:00,8405.057405135354,2,18
2015-07-01,8433.3,8433.4,8430.65,8433.4,10:40:00,8407.747176074845,2,19
2015-07-01,8420.25,8433.0,8420.25,8433.0,10:45:00,8408.937921210574,2,20
2015-07-01,8428.6,8428.6,8421.6,8421.6,10:50:00,8410.810500142901,2,21
2015-07-01,8437.55,8438.0,8429.8,8429.8,10:55:00,8413.357119176912,2,22
2015-07-01,8436.95,8438.8,8436.45,8438.8,11:00:00,8415.604060207683,2,23
2015-07-01,8435.3,8437.55,8435.3,8437.25,11:05:00,8417.479863997427,2,24
2015-07-01,8440.0,8440.0,8435.75,8437.6,11:10:00,8419.624638854815,2,25
2015-07-01,8437.6,8440.1,8437.55,8439.35,11:15:00,8421.3365780115,2,26
2015-07-01,8435.4,8435.8,8433.55,8435.8,11:20:00,8422.675951534215,2,27
2015-07-01,8434.5,8436.0,8434.5,8436.0,11:25:00,8423.802051388098,2,28
2015-07-01,8435.1,8435.65,8434.2,8435.0,11:30:00,8424.878046493994,2,29
2015-07-01,8424.1,8435.8,8424.1,8435.5,11:35:00,8424.803946827898,2,30
2015-07-01,8417.55,8427.1,8414.4,8427.1,11:40:00,8424.113094749051,2,31
2015-07-01,8419.5,8419.75,8419.05,8419.75,11:45:00,8423.673752391998,2,32
2015-07-01,8421.1,8421.1,8414.9,8415.3,11:50:00,8423.42863311657,2,33
2015-07-01,8424.15,8424.35,8420.45,8422.75,11:55:00,8423.497334724516,2,34
2015-07-01,8422.3,8424.7,8422.3,8424.7,12:00:00,8423.38330284599,2,35
2015-07-01,8427.75,8429.05,8423.6,8423.6,12:05:00,8423.799178765421,2,36
2015-07-01,8430.2,8430.2,8428.35,8428.35,12:10:00,8424.408780787762,2,37
2015-07-01,8429.35,8431.0,8428.75,8431.0,12:15:00,8424.879373093689,2,38
2015-07-01,8437.65,8437.65,8429.55,8429.55,12:20:00,8426.095623275241,2,39
2015-07-01,8435.2,8437.85,8435.2,8436.05,12:25:00,8426.962706772838,2,40
2015-07-01,8436.35,8436.35,8428.25,8433.75,12:30:00,8427.856734699235,2,41
2015-07-01,8437.95,8439.45,8435.3,8436.95,12:35:00,8428.817998061213,2,42
2015-07-01,8438.0,8438.0,8435.35,8435.35,12:40:00,8429.692474436335,2,43
2015-07-01,8438.95,8439.35,8438.05,8438.05,12:45:00,8430.574143537637,2,44
2015-07-01,8444.6,8444.6,8440.05,8440.05,12:50:00,8431.909939391197,2,45
2015-07-01,8445.7,8446.45,8443.45,8443.45,12:55:00,8433.223278496796,2,46
2015-07-01,8442.35,8446.8,8442.35,8446.8,13:00:00,8434.09249006853,2,47
2015-07-01,8446.5,8446.5,8441.8,8441.8,13:05:00,8435.27415768105,2,48
2015-07-01,8450.65,8450.65,8444.75,8444.75,13:10:00,8436.738523616188,2,49
2015-07-01,8445.2,8448.2,8445.2,8447.25,13:15:00,8437.544378509885,2,50
2015-07-01,8450.35,8450.35,8446.3,8446.3,13:20:00,8438.763961508943,2,51
2015-07-01,8451.95,8451.95,8449.95,8451.05,13:25:00,8440.019774698567,2,52
2015-07-01,8441.75,8449.8,8441.75,8449.8,13:30:00,8440.184558060608,2,53
2015-07-01,8446.25,8446.25,8443.35,8443.7,13:35:00,8440.762219197693,2,54
2015-07-01,8444.15,8444.45,8443.15,8444.45,13:40:00,8441.08486498839,2,55
2015-07-01,8436.0,8443.65,8436.0,8442.0,13:45:00,8440.600592132352,2,56
2015-07-01,8441.75,8442.45,8439.4,8439.4,13:50:00,8440.710059548319,2,57
2015-07-01,8442.3,8442.35,8439.55,8439.9,13:55:00,8440.86148244848,2,58
2015-07-01,8450.8,8450.8,8443.3,8443.3,14:00:00,8441.808007929576,2,59
2015-07-01,8450.6,8453.45,8450.6,8453.45,14:05:00,8442.645340507712,2,60
2015-07-01,8448.05,8453.35,8447.4,8453.35,14:10:00,8443.160069983169,2,61
2015-07-01,8447.95,8447.95,8442.5,8446.1,14:15:00,8443.616253794296,2,62
2015-07-01,8449.05,8451.3,8449.0,8449.0,14:20:00,8444.133753432934,2,63
2015-07-01,8457.3,8457.3,8449.45,8449.45,14:25:00,8445.387681677417,2,64
2015-07-01,8460.8,8460.85,8456.45,8456.45,14:30:00,8446.855521517664,2,65
2015-07-01,8464.25,8466.9,8462.9,8462.9,14:35:00,8448.512138515982,2,66
2015-07-01,8466.75,8471.45,8462.9,8462.9,14:40:00,8450.249077704935,2,67
2015-07-01,8469.95,8469.95,8463.2,8463.2,14:45:00,8452.12535601875,2,68
2015-07-01,8464.6,8472.85,8464.6,8471.25,14:50:00,8453.313417350299,2,69
2015-07-01,8461.2,8465.95,8461.2,8463.7,14:55:00,8454.064520459795,2,70
2015-07-01,8461.75,8464.35,8459.35,8464.35,15:00:00,8454.796470892195,2,71
2015-07-01,8451.5,8456.7,8450.9,8456.7,15:05:00,8454.482521283415,2,72
2015-07-01,8449.0,8453.05,8449.0,8452.9,15:10:00,8453.96037639928,2,73
2015-07-01,8447.6,8448.2,8446.1,8446.1,15:15:00,8453.354626266015,2,74
2015-07-01,8450.25,8450.25,8443.7,8445.9,15:20:00,8453.058947574013,2,75
2015-07-01,8467.05,8467.05,8451.6,8452.8,15:25:00,8454.39142875744,2,76
2015-07-02,8471.95,8471.95,8471.95,8471.95,09:10:00,8456.063673637684,3,1
2015-07-02,8458.75,8471.95,8447.75,8471.95,09:15:00,8456.319514243618,3,2
2015-07-02,8446.75,8458.85,8442.45,8458.85,09:20:00,8455.408131934702,3,3
2015-07-02,8444.45,8447.5,8439.15,8447.5,09:25:00,8454.364500321873,3,4
2015-07-02,8449.05,8449.6,8441.8,8446.4,09:30:00,8453.858357434076,3,5
2015-07-02,8457.05,8457.05,8449.5,8449.5,09:35:00,8454.162323392735,3,6
2015-07-02,8451.35,8453.3,8449.1,8453.05,09:40:00,8453.894483069618,3,7
2015-07-02,8460.1,8460.1,8454.5,8454.5,09:45:00,8454.485484682036,3,8
2015-07-02,8468.8,8468.8,8462.95,8463.55,09:50:00,8455.848771855175,3,9
2015-07-02,8466.85,8468.75,8464.55,8465.35,09:55:00,8456.896507868967,3,10
2015-07-02,8460.75,8461.95,8458.9,8461.95,10:00:00,8457.263507119542,3,11
2015-07-02,8456.95,8459.75,8454.5,8458.95,10:05:00,8457.233649298632,3,12
2015-07-02,8454.15,8459.75,8452.95,8459.75,10:10:00,8456.939968413048,3,13
2015-07-02,8465.65,8465.65,8455.1,8455.1,10:15:00,8457.769495230852,3,14
2015-07-02,8467.45,8468.75,8463.3,8464.9,10:20:00,8458.691448066009,3,15
2015-07-02,8473.1,8473.1,8466.7,8466.7,10:25:00,8460.063691107342,3,16
2015-07-02,8470.55,8474.05,8470.55,8471.2,10:30:00,8461.062387192356,3,17
2015-07-02,8466.6,8468.75,8465.0,8468.75,10:35:00,8461.589778888323,3,18
2015-07-02,8465.9,8467.0,8463.75,8463.75,10:40:00,8462.000276137054,3,19
2015-07-02,8466.9,8467.4,8465.65,8465.65,10:45:00,8462.466916504953,3,20
2015-07-02,8462.9,8467.1,8461.35,8467.1,10:50:00,8462.5081625521,3,21
2015-07-02,8462.45,8463.65,8462.45,8463.35,10:55:00,8462.502623261424,3,22
2015-07-02,8466.05,8466.05,8462.75,8462.75,11:00:00,8462.840468665097,3,23
2015-07-02,8469.75,8470.4,8466.65,8466.65,11:05:00,8463.498519268422,3,24
2015-07-02,8469.65,8469.9,8468.1,8469.9,11:10:00,8464.084374576192,3,25
2015-07-02,8474.1,8474.1,8470.2,8470.2,11:15:00,8465.038243664174,3,26
2015-07-02,8469.45,8473.5,8468.9,8473.4,11:20:00,8465.458410934252,3,27
2015-07-02,8471.05,8471.8,8469.05,8469.05,11:25:00,8465.990943226228,3,28
2015-07-02,8475.6,8475.6,8472.0,8472.0,11:30:00,8466.906091490397,3,29
2015-07-02,8474.35,8478.4,8474.35,8474.8,11:35:00,8467.615035157978,3,30
2015-07-02,8472.9,8476.45,8472.9,8476.45,11:40:00,8468.118365142933,3,31
2015-07-02,8471.6,8471.75,8469.4,8471.75,11:45:00,8468.449949415035,3,32
2015-07-02,8472.5,8474.25,8472.0,8472.0,11:50:00,8468.835668518364,3,33
2015-07-02,8474.5,8475.8,8474.5,8475.1,11:55:00,8469.375128659472,3,34
2015-07-02,8471.5,8471.5,8469.95,8471.3,12:00:00,8469.57749735857,3,35
2015-07-02,8455.85,8471.65,8455.85,8471.65,12:05:00,8468.270116657755,3,36
2015-07-02,8462.05,8462.05,8449.6,8449.6,12:10:00,8467.677724595113,3,37
2015-07-02,8454.45,8461.4,8452.1,8461.4,12:15:00,8466.41794130034,3,38
2015-07-02,8453.85,8458.4,8453.85,8457.9,12:20:00,8465.220994509833,3,39
2015-07-02,8454.25,8455.35,8449.45,8450.05,12:25:00,8464.176137889848,3,40
2015-07-02,8460.65,8461.1,8454.3,8454.45,12:30:00,8463.840315233672,3,41
2015-07-02,8461.7,8462.1,8459.45,8460.45,12:35:00,8463.636475687608,3,42
2015-07-02,8463.7,8463.7,8460.65,8461.6,12:40:00,8463.642525622123,3,43
2015-07-02,8466.0,8466.55,8461.45,8463.85,12:45:00,8463.867046991445,3,44
2015-07-02,8469.45,8470.45,8466.35,8467.45,12:50:00,8464.398756801784,3,45
2015-07-02,8468.8,8472.95,8468.8,8471.05,12:55:00,8464.81792282066,3,46
2015-07-02,8464.8,8470.35,8464.8,8466.9,13:00:00,8464.81621588536,3,47
2015-07-02,8463.95,8463.95,8459.15,8461.0,13:05:00,8464.733719134372,3,48
2015-07-02,8459.2,8464.3,8459.2,8464.1,13:10:00,8464.206698264432,3,49
2015-07-02,8458.85,8458.85,8457.1,8457.1,13:15:00,8463.696536524962,3,50
2015-07-02,8461.7,8461.7,8459.35,8460.0,13:20:00,8463.50639018925,3,51
2015-07-02,8459.2,8460.7,8458.25,8460.7,13:25:00,8463.096257790274,3,52
2015-07-02,8462.05,8463.1,8459.25,8459.25,13:30:00,8462.996614191201,3,53
2015-07-02,8463.45,8463.9,8462.25,8462.25,13:35:00,8463.039793792039,3,54
2015-07-02,8465.85,8467.15,8464.65,8464.65,13:40:00,8463.307432478512,3,55
2015-07-02,8468.45,8468.45,8465.15,8465.15,13:45:00,8463.797200813891,3,56
2015-07-02,8462.0,8470.7,8462.0,8470.7,13:50:00,8463.626038831617,3,57
2015-07-02,8467.2,8467.2,8461.8,8461.8,13:55:00,8463.966416085748,3,58
2015-07-02,8467.1,8470.05,8467.1,8467.4,14:00:00,8464.26485264901,3,59
2015-07-02,8463.75,8466.2,8463.75,8465.9,14:05:00,8464.21581906339,3,60
2015-07-02,8456.7,8463.0,8449.6,8463.0,14:10:00,8463.500026771639,3,61
2015-07-02,8454.9,8458.75,8454.9,8458.0,14:15:00,8462.680976602911,3,62
2015-07-02,8443.15,8453.15,8443.15,8451.45,14:20:00,8460.82088359311,3,63
2015-07-02,8445.5,8445.5,8435.1,8443.65,14:25:00,8459.361751822336,3,64
2015-07-02,8447.25,8451.7,8445.7,8451.7,14:30:00,8458.20825164878,3,65
2015-07-02,8450.0,8451.5,8446.55,8446.55,14:35:00,8457.426513396516,3,66
2015-07-02,8448.55,8449.7,8447.45,8448.05,14:40:00,8456.581131168276,3,67
2015-07-02,8457.35,8457.35,8445.3,8445.3,14:45:00,8456.654356771298,3,68
2015-07-02,8458.6,8458.8,8455.55,8458.8,14:50:00,8456.839656126413,3,69
2015-07-02,8454.75,8457.75,8454.3,8457.75,14:55:00,8456.64064125723,3,70
2015-07-02,8454.0,8456.5,8454.0,8455.75,15:00:00,8456.389151613685,3,71
2015-07-02,8459.95,8459.95,8451.25,8453.15,15:05:00,8456.72828003143,3,72
2015-07-02,8448.15,8455.75,8448.15,8455.75,15:10:00,8455.911300980817,3,73
2015-07-02,8440.9,8445.45,8436.95,8445.45,15:15:00,8454.481653268358,3,74
2015-07-02,8438.9,8443.65,8436.2,8441.15,15:20:00,8452.997686290419,3,75
2015-07-02,8441.3,8441.3,8438.45,8438.45,15:25:00,8451.883620929426,3,76
2015-07-03,8440.1,8440.1,8440.1,8440.1,09:10:00,8450.7613713171,4,1
2015-07-03,8446.85,8450.7,8440.1,8440.1,09:15:00,8450.38885976309,4,2
2015-07-03,8470.85,8470.85,8445.95,8445.95,09:20:00,8452.337539785654,4,3
2015-07-03,8465.7,8469.15,8465.7,8468.3,09:25:00,8453.610155044164,4,4
2015-07-03,8475.45,8475.45,8463.6,8463.6,09:30:00,8455.690140278053,4,5
2015-07-03,8481.45,8485.25,8475.7,8475.7,09:35:00,8458.143460251573,4,6
2015-07-03,8481.6,8482.55,8479.85,8479.85,09:40:00,8460.37741641809,4,7
2015-07-03,8486.6,8486.6,8480.5,8482.15,09:45:00,8462.874805330654,4,8
2015-07-03,8485.1,8487.5,8482.8,8487.25,09:50:00,8464.991490537257,4,9
2015-07-03,8486.0,8491.1,8486.0,8491.1,09:55:00,8466.99230096228,4,10
2015-07-03,8484.2,8486.7,8484.15,8485.4,10:00:00,8468.631129442063,4,11
2015-07-03,8493.75,8494.0,8489.65,8489.65,10:05:00,8471.023402828532,4,12
2015-07-03,8494.25,8495.7,8492.4,8492.4,10:10:00,8473.235459702006,4,13
2015-07-03,8490.0,8496.5,8490.0,8496.0,10:15:00,8474.832082587529,4,14
2015-07-03,8484.0,8487.95,8483.15,8487.95,10:20:00,8475.705217579194,4,15
2015-07-03,8478.2,8483.1,8478.2,8482.75,10:25:00,8475.942815904986,4,16
2015-07-03,8481.2,8481.2,8476.15,8476.15,10:30:00,8476.443500104511,4,17
2015-07-03,8480.1,8482.55,8479.65,8482.55,10:35:00,8476.791738189797,4,18
2015-07-03,8484.95,8485.8,8481.55,8481.55,10:40:00,8477.568715505055,4,19
2015-07-03,8483.45,8485.55,8483.45,8484.8,10:45:00,8478.128837837907,4,20
2015-07-03,8476.5,8480.65,8475.3,8480.65,10:50:00,8477.973710424772,4,21
2015-07-03,8479.0,8480.1,8477.7,8477.7,10:55:00,8478.07145228908,4,22
2015-07-03,8481.2,8481.2,8477.95,8477.95,11:00:00,8478.369409213929,4,23
2015-07-03,8482.0,8483.55,8481.3,8481.5,11:05:00,8478.715179764982,4,24
2015-07-03,8486.4,8486.7,8482.35,8482.8,11:10:00,8479.447067406412,4,25
2015-07-03,8488.7,8490.1,8488.6,8488.6,11:15:00,8480.328299081992,4,26
2015-07-03,8487.65,8488.05,8487.45,8487.45,11:20:00,8481.025603931326,4,27
2015-07-03,8489.0,8489.0,8487.2,8487.5,11:25:00,8481.785070223581,4,28
2015-07-03,8489.65,8491.25,8489.65,8490.9,11:30:00,8482.534111154668,4,29
2015-07-03,8490.35,8492.6,8490.0,8490.0,11:35:00,8483.278481520889,4,30
2015-07-03,8488.3,8491.3,8488.05,8490.05,11:40:00,8483.756721376043,4,31
2015-07-03,8487.85,8489.65,8485.8,8489.05,11:45:00,8484.146557435468,4,32
2015-07-03,8483.6,8486.55,8482.75,8485.35,11:50:00,8484.094504346376,4,33
2015-07-03,8484.3,8486.1,8484.3,8484.65,11:55:00,8484.114075361007,4,34
2015-07-03,8482.3,8483.7,8480.35,8483.7,12:00:00,8483.941306279006,4,35
2015-07-03,8485.95,8485.95,8483.4,8483.4,12:05:00,8484.13261044291,4,36
2015-07-03,8486.4,8489.55,8486.1,8486.1,12:10:00,8484.34855230549,4,37
2015-07-03,8487.45,8488.15,8487.15,8487.15,12:15:00,8484.643928276395,4,38
2015-07-03,8485.25,8487.5,8485.25,8487.5,12:20:00,8484.701649392928,4,39
2015-07-03,8485.55,8488.05,8484.2,8484.55,12:25:00,8484.782444688839,4,40
2015-07-03,8476.45,8483.7,8476.45,8483.6,12:30:00,8483.988878527996,4,41
2015-07-03,8473.7,8474.2,8471.05,8473.55,12:35:00,8483.008985334855,4,42
2015-07-03,8471.15,8474.25,8468.45,8474.25,12:40:00,8481.879558160106,4,43
2015-07-03,8461.95,8471.4,8460.8,8471.4,12:45:00,8479.981505002,4,44
2015-07-03,8472.5,8472.5,8462.05,8462.05,12:50:00,8479.268980716095,4,45
2015-07-03,8475.75,8477.15,8474.85,8476.6,12:55:00,8478.933839695515,4,46
2015-07-03,8481.0,8483.45,8478.0,8478.0,13:00:00,8479.130616867371,4,47
2015-07-03,8480.35,8485.05,8480.3,8480.3,13:05:00,8479.246748594289,4,48
2015-07-03,8478.95,8481.6,8478.05,8481.6,13:10:00,8479.218486823405,4,49
2015-07-03,8478.25,8481.3,8478.25,8478.7,13:15:00,8479.126249983081,4,50
2015-07-03,8477.25,8478.3,8476.25,8478.3,13:20:00,8478.947559508502,4,51
2015-07-03,8475.05,8479.15,8475.05,8477.35,13:25:00,8478.576363364835,4,52
2015-07-03,8472.6,8472.6,8468.05,8470.45,13:30:00,8478.007185901517,4,53
2015-07-03,8468.95,8471.8,8468.2,8471.8,13:35:00,8477.14459676804,4,54
2015-07-03,8469.7,8469.95,8468.75,8468.75,13:40:00,8476.435587552036,4,55
2015-07-03,8474.3,8475.3,8472.25,8472.25,13:45:00,8476.232198261367,4,56
2015-07-03,8474.4,8474.4,8472.3,8473.0,13:50:00,8476.057703188855,4,57
2015-07-03,8477.6,8478.15,8474.1,8474.1,13:55:00,8476.204588599441,4,58
2015-07-03,8477.95,8477.95,8474.75,8474.8,14:00:00,8476.370818256637,4,59
2015-07-03,8478.35,8480.05,8477.85,8480.05,14:05:00,8476.559311756006,4,60
2015-07-03,8475.4,8478.15,8472.85,8478.15,14:10:00,8476.448901112577,4,61
2015-07-03,8477.35,8478.2,8476.9,8477.4,14:15:00,8476.534720054236,4,62
2015-07-03,8475.95,8479.2,8475.95,8479.2,14:20:00,8476.479032430023,4,63
2015-07-03,8464.9,8475.6,8464.7,8475.6,14:25:00,8475.376267436686,4,64
2015-07-03,8469.3,8471.9,8467.55,8467.55,14:30:00,8474.79757529986,4,65
2015-07-03,8465.3,8468.9,8465.05,8468.9,14:35:00,8473.89304431892,4,66
2015-07-03,8476.1,8477.5,8466.9,8466.9,14:40:00,8474.103230574261,4,67
2015-07-03,8480.3,8480.3,8473.25,8473.25,14:45:00,8474.693399090998,4,68
2015-07-03,8479.95,8484.15,8479.95,8482.2,14:50:00,8475.194027748998,4,69
2015-07-03,8474.2,8477.7,8474.1,8477.7,14:55:00,8475.09935843957,4,70
2015-07-03,8476.4,8477.9,8473.6,8473.6,15:00:00,8475.223229064371,4,71
2015-07-03,8476.7,8480.7,8476.6,8478.2,15:05:00,8475.363873915383,4,72
2015-07-03,8479.05,8479.65,8476.6,8478.8,15:10:00,8475.71493354249,4,73
2015-07-03,8486.6,8487.15,8479.25,8479.25,15:15:00,8476.751606538443,4,74
2015-07-03,8492.85,8493.55,8488.85,8490.45,15:20:00,8478.284786868115,4,75
2015-07-03,8491.65,8491.95,8489.75,8491.65,15:25:00,8479.557664309246,4,76
2015-07-06,8386.15,8386.15,8386.15,8386.15,09:10:00,8470.661696279794,0,1
2015-07-06,8420.9,8421.5,8386.15,8386.15,09:15:00,8465.92248711029,0,2
2015-07-06,8421.75,8437.25,8421.75,8432.4,09:20:00,8461.715583575977,0,3
2015-07-06,8398.55,8421.05,8395.4,8421.05,09:25:00,8455.699813711597,0,4
2015-07-06,8414.25,8414.25,8394.85,8394.85,09:30:00,8451.75221240573,0,5
2015-07-06,8420.5,8420.5,8410.25,8410.25,09:35:00,8448.775811224232,0,6
2015-07-06,8414.9,8427.1,8413.75,8425.55,09:40:00,8445.54954348859,0,7
2015-07-06,8427.55,8427.55,8411.65,8411.65,09:45:00,8443.835301251582,0,8
2015-07-06,8429.3,8429.4,8425.5,8429.4,09:50:00,8442.450986846668,0,9
2015-07-06,8432.6,8432.6,8426.75,8426.75,09:55:00,8441.512797623176,0,10
2015-07-06,8434.0,8434.45,8431.35,8431.35,10:00:00,8440.797293087635,0,11
2015-07-06,8432.7,8438.3,8432.7,8436.5,10:05:00,8440.026122317384,0,12
2015-07-06,8423.15,8425.55,8421.65,8425.1,10:10:00,8438.41887257287,0,13
2015-07-06,8424.25,8424.25,8420.95,8420.95,10:15:00,8437.069456137358,0,14
2015-07-06,8425.75,8428.75,8425.75,8427.2,10:20:00,8435.991412695705,0,15
2015-07-06,8426.2,8426.2,8425.05,8426.2,10:25:00,8435.058897200875,0,16
2015-07-06,8425.35,8429.25,8425.35,8427.4,10:30:00,8434.134240324602,0,17
2015-07-06,8419.8,8421.8,8416.7,8421.8,10:35:00,8432.769074579403,0,18
2015-07-06,8425.35,8426.05,8422.7,8422.7,10:40:00,8432.06249604803,0,19
2015-07-06,8420.8,8424.4,8419.7,8424.4,10:45:00,8430.989877376789,0,20
2015-07-06,8417.9,8419.85,8417.45,8418.2,10:50:00,8429.743222388524,0,21
2015-07-06,8410.35,8419.3,8410.35,8419.3,10:55:00,8427.896248827712,0,22
2015-07-06,8404.85,8410.9,8404.85,8410.75,11:00:00,8425.701367986978,0,23
2015-07-06,8406.35,8411.1,8405.0,8405.0,11:05:00,8423.858380559646,0,24
2015-07-06,8411.2,8411.2,8404.25,8405.05,11:10:00,8422.652820506348,0,25
2015-07-06,8418.7,8418.7,8412.4,8412.4,11:15:00,8422.276361410506,0,26
2015-07-06,8415.1,8420.35,8415.1,8417.45,11:20:00,8421.592898419029,0,27
2015-07-06,8417.85,8419.0,8415.8,8415.8,11:25:00,8421.236431902931,0,28
2015-07-06,8416.9,8417.15,8415.05,8417.15,11:30:00,8420.823438388366,0,29
2015-07-06,8417.95,8417.95,8415.2,8415.85,11:35:00,8420.549777589475,0,30
2015-07-06,8420.6,8420.6,8416.8,8416.95,11:40:00,8420.554560676192,0,31
2015-07-06,8423.15,8423.25,8421.6,8421.6,11:45:00,8420.801745373697,0,32
2015-07-06,8424.75,8426.5,8424.25,8424.25,11:50:00,8421.17776962382,0,33
2015-07-06,8426.4,8426.4,8423.8,8423.95,11:55:00,8421.675124897743,0,34
2015-07-06,8432.85,8432.85,8428.35,8428.35,12:00:00,8422.739398717007,0,35
2015-07-06,8426.15,8432.05,8426.15,8432.05,12:05:00,8423.064217886817,0,36
2015-07-06,8429.35,8429.35,8426.4,8426.55,12:10:00,8423.662863802358,0,37
2015-07-06,8432.05,8432.85,8429.55,8429.55,12:15:00,8424.461638678324,0,38
2015-07-06,8431.45,8432.1,8430.2,8431.95,12:20:00,8425.127196899437,0,39
2015-07-06,8431.25,8432.1,8430.75,8432.05,12:25:00,8425.710321004253,0,40
2015-07-06,8429.4,8431.35,8426.55,8431.35,12:30:00,8426.061719003848,0,41
2015-07-06,8448.0,8451.1,8439.85,8439.85,12:35:00,8428.15107909872,0,42
2015-07-06,8452.95,8452.95,8447.65,8447.65,12:40:00,8430.512881089318,0,43
2015-07-06,8455.9,8455.9,8450.1,8451.55,12:45:00,8432.930701937956,0,44
2015-07-06,8455.4,8455.4,8452.35,8453.3,12:50:00,8435.070635086722,0,45
2015-07-06,8457.0,8460.2,8456.1,8460.2,12:55:00,8437.159146030843,0,46
2015-07-06,8467.85,8467.85,8453.4,8456.0,13:00:00,8440.082084504096,0,47
2015-07-06,8464.65,8467.05,8462.85,8467.05,13:05:00,8442.421885979897,0,48
2015-07-06,8459.05,8467.05,8458.25,8467.05,13:10:00,8444.005515886573,0,49
2015-07-06,8470.2,8471.75,8459.7,8459.7,13:15:00,8446.500228659279,0,50
2015-07-06,8462.4,8467.8,8462.4,8467.1,13:20:00,8448.01449259649,0,51
2015-07-06,8458.85,8461.75,8458.85,8461.75,13:25:00,8449.04644568254,0,52
2015-07-06,8458.4,8459.05,8456.35,8458.65,13:30:00,8449.93726037944,0,53
2015-07-06,8461.9,8461.9,8459.6,8459.6,13:35:00,8451.076568914732,0,54
2015-07-06,8459.75,8465.7,8459.75,8462.85,13:40:00,8451.902609970472,0,55
2015-07-06,8454.3,8461.35,8454.3,8461.35,13:45:00,8452.130932830427,0,56
2015-07-06,8465.2,8465.2,8457.2,8457.2,13:50:00,8453.375605894196,0,57
2015-07-06,8463.75,8465.4,8463.75,8464.8,13:55:00,8454.363643428083,0,58
2015-07-06,8464.95,8467.65,8464.35,8464.35,14:00:00,8455.371867863505,0,59
2015-07-06,8466.3,8466.55,8464.45,8464.45,14:05:00,8456.412642352694,0,60
2015-07-06,8467.5,8467.75,8466.7,8467.75,14:10:00,8457.468581176247,0,61
2015-07-06,8473.25,8474.1,8471.8,8474.1,14:15:00,8458.971573445175,0,62
2015-07-06,8487.45,8487.45,8477.25,8477.25,14:20:00,8461.683804545635,0,63
2015-07-06,8498.6,8498.6,8487.6,8487.6,14:25:00,8465.199632684147,0,64
2015-07-06,8490.05,8496.85,8487.4,8496.85,14:30:00,8467.566334333276,0,65
2015-07-06,8499.4,8499.4,8488.55,8488.55,14:35:00,8470.598112015821,0,66
2015-07-06,8492.9,8500.3,8492.9,8497.6,14:40:00,8472.722101347648,0,67
2015-07-06,8493.05,8497.15,8493.05,8494.6,14:45:00,8474.658091695492,0,68
2015-07-06,8500.8,8502.35,8491.95,8491.95,14:50:00,8477.147797248303,0,69
2015-07-06,8505.9,8505.9,8502.05,8504.3,14:55:00,8479.886102272274,0,70
2015-07-06,8523.4,8523.4,8508.4,8508.4,15:00:00,8484.030283008247,0,71
2015-07-06,8527.0,8527.0,8519.75,8519.75,15:05:00,8488.122637007462,0,72
2015-07-06,8526.2,8531.0,8524.3,8524.3,15:10:00,8491.74905253056,0,73
2015-07-06,8522.1,8525.1,8522.1,8524.35,15:15:00,8494.639618956222,0,74
2015-07-06,8519.25,8520.15,8518.7,8518.8,15:20:00,8496.983464769915,0,75
2015-07-06,8523.35,8524.4,8522.15,8523.25,15:25:00,8499.494563363256,0,76
2015-07-07,8525.5,8525.5,8525.5,8525.5,09:10:00,8501.971271614375,1,1
2015-07-07,8539.9,8550.7,8525.5,8525.5,09:15:00,8505.583531460625,1,2
2015-07-07,8559.9,8559.9,8540.5,8540.5,09:20:00,8510.756528464375,1,3
2015-07-07,8547.9,8556.8,8547.9,8556.8,09:25:00,8514.29400194396,1,4
2015-07-07,8537.55,8549.8,8537.55,8549.7,09:30:00,8516.508858901678,1,5
2015-07-07,8529.3,8535.1,8524.4,8534.8,09:35:00,8517.727062815804,1,6
2015-07-07,8535.6,8539.2,8530.7,8530.7,09:40:00,8519.429247309537,1,7
2015-07-07,8531.55,8531.65,8527.45,8531.65,09:45:00,8520.583604708629,1,8
2015-07-07,8535.55,8535.55,8529.05,8534.05,09:50:00,8522.00897568876,1,9
2015-07-07,8538.4,8538.4,8535.2,8536.35,09:55:00,8523.570025623163,1,10
2015-07-07,8538.5,8539.5,8537.9,8538.4,10:00:00,8524.991927944768,1,11
2015-07-07,8542.55,8542.65,8539.6,8540.1,10:05:00,8526.664125283361,1,12
2015-07-07,8547.6,8548.1,8542.4,8542.4,10:10:00,8528.658018113518,1,13
2015-07-07,8544.3,8550.8,8544.3,8550.8,10:15:00,8530.147730674134,1,14
2015-07-07,8546.5,8546.5,8540.5,8543.75,10:20:00,8531.705089657551,1,15
2015-07-07,8549.4,8549.4,8545.25,8545.25,10:25:00,8533.390319213975,1,16
2015-07-07,8544.05,8547.25,8543.7,8547.25,10:30:00,8534.405526907882,1,17
2015-07-07,8543.2,8544.15,8541.3,8544.15,10:35:00,8535.243095773798,1,18
2015-07-07,8539.95,8543.25,8539.95,8543.25,10:40:00,8535.69137236677,1,19
2015-07-07,8541.95,8541.95,8538.85,8539.7,10:45:00,8536.287432141364,1,20
2015-07-07,8544.5,8544.9,8542.55,8542.55,10:50:00,8537.069581461234,1,21
2015-07-07,8547.75,8547.75,8543.7,8546.25,10:55:00,8538.086764179212,1,22
2015-07-07,8544.85,8549.15,8543.9,8547.8,11:00:00,8538.73088187643,1,23
2015-07-07,8543.3,8544.3,8543.3,8543.8,11:05:00,8539.166035983437,1,24
2015-07-07,8535.8,8542.8,8535.8,8542.8,11:10:00,8538.84546112787,1,25
2015-07-07,8525.85,8533.9,8525.85,8533.35,11:15:00,8537.607798163312,1,26
2015-07-07,8535.95,8539.85,8529.45,8529.45,11:20:00,8537.44991262395,1,27
2015-07-07,8534.95,8534.95,8533.65,8534.2,11:25:00,8537.211825707383,1,28
2015-07-07,8536.3,8536.55,8535.5,8536.3,11:30:00,8537.124985163822,1,29
2015-07-07,8539.65,8539.8,8536.55,8536.55,11:35:00,8537.365462767268,1,30
2015-07-07,8538.3,8541.0,8537.25,8541.0,11:40:00,8537.454466313242,1,31
2015-07-07,8541.5,8541.9,8539.6,8539.6,11:45:00,8537.839755235791,1,32
2015-07-07,8543.95,8543.95,8542.7,8542.7,11:50:00,8538.421683308574,1,33
2015-07-07,8541.55,8543.75,8541.55,8542.45,11:55:00,8538.719618231567,1,34
2015-07-07,8544.5,8544.5,8540.7,8540.7,12:00:00,8539.270130780942,1,35
2015-07-07,8539.0,8542.75,8539.0,8542.75,12:05:00,8539.2444040399,1,36
2015-07-07,8541.6,8541.6,8536.05,8536.05,12:10:00,8539.468746512292,1,37
2015-07-07,8535.65,8539.85,8535.15,8539.85,12:15:00,8539.105056368264,1,38
2015-07-07,8537.45,8538.6,8533.5,8534.85,12:20:00,8538.94743195224,1,39
2015-07-07,8536.6,8538.9,8535.3,8537.95,12:25:00,8538.723867004408,1,40
2015-07-07,8529.15,8536.8,8528.7,8536.8,12:30:00,8537.812070146845,1,41
2015-07-07,8537.9,8537.9,8533.75,8533.75,12:35:00,8537.820444418574,1,42
2015-07-07,8534.75,8536.4,8532.95,8535.7,12:40:00,8537.528021140615,1,43
2015-07-07,8539.4,8539.4,8535.15,8535.45,12:45:00,8537.70630484151,1,44
2015-07-07,8541.0,8544.85,8540.85,8540.85,12:50:00,8538.0199900947,1,45
2015-07-07,8542.05,8542.05,8540.7,8541.95,12:55:00,8538.403800561871,1,46
2015-07-07,8541.3,8542.9,8540.9,8542.9,13:00:00,8538.679629079788,1,47
2015-07-07,8542.6,8542.95,8542.0,8542.3,13:05:00,8539.052997738856,1,48
2015-07-07,8542.25,8543.05,8542.1,8542.45,13:10:00,8539.35747414468,1,49
2015-07-07,8539.7,8543.0,8539.7,8543.0,13:15:00,8539.39009565471,1,50
2015-07-07,8540.0,8540.55,8539.4,8539.7,13:20:00,8539.448181782833,1,51
2015-07-07,8540.6,8540.6,8538.6,8538.9,13:25:00,8539.557878755897,1,52
2015-07-07,8541.9,8543.4,8541.15,8541.15,13:30:00,8539.780937922002,1,53
2015-07-07,8546.55,8546.55,8542.3,8542.75,13:35:00,8540.425610500859,1,54
2015-07-07,8543.95,8546.6,8543.95,8544.55,13:40:00,8540.761266643634,1,55
2015-07-07,8542.6,8544.15,8542.6,8544.15,13:45:00,8540.936384106146,1,56
2015-07-07,8539.7,8542.15,8539.7,8541.85,13:50:00,8540.818633238894,1,57
2015-07-07,8536.15,8540.25,8534.1,8540.25,13:55:00,8540.374001501857,1,58
2015-07-07,8535.85,8537.25,8535.7,8536.4,14:00:00,8539.943144215966,1,59
2015-07-07,8511.55,8535.5,8511.55,8535.5,14:05:00,8537.239035243016,1,60
2015-07-07,8511.0,8518.85,8511.0,8513.5,14:10:00,8534.740079505586,1,61
2015-07-07,8518.5,8518.75,8510.4,8513.1,14:15:00,8533.193405266959,1,62
2015-07-07,8518.7,8518.7,8512.35,8516.25,14:20:00,8531.813080955819,1,63
2015-07-07,8508.15,8517.6,8508.15,8516.65,14:25:00,8529.55945419812,1,64
2015-07-07,8495.35,8506.9,8495.35,8502.25,14:30:00,8526.301410941158,1,65
2015-07-07,8495.45,8495.45,8485.8,8491.8,14:35:00,8523.363181327715,1,66
2015-07-07,8511.15,8512.15,8498.8,8498.8,14:40:00,8522.200021201266,1,67
2015-07-07,8523.25,8523.25,8511.1,8511.1,14:45:00,8522.300019182097,1,68
2015-07-07,8514.4,8521.3,8514.4,8521.3,14:50:00,8521.547636402851,1,69
2015-07-07,8509.4,8515.0,8509.4,8514.8,14:55:00,8520.390718650198,1,70
2015-07-07,8499.2,8510.7,8499.2,8510.7,15:00:00,8518.372554969228,1,71
2015-07-07,8504.9,8504.9,8502.5,8502.55,15:05:00,8517.089454495968,1,72
2015-07-07,8508.75,8510.45,8507.9,8507.9,15:10:00,8516.295220734448,1,73
2015-07-07,8515.9,8517.5,8510.55,8510.55,15:15:00,8516.2575806645,1,74
2015-07-07,8513.45,8516.7,8512.35,8516.7,15:20:00,8515.990192029785,1,75
2015-07-07,8517.95,8517.95,8516.6,8516.8,15:25:00,8516.176840407901,1,76
2015-07-08,8439.2,8439.2,8439.2,8439.2,09:10:00,8508.845712750006,2,1
2015-07-08,8427.6,8439.2,8421.05,8439.2,09:15:00,8501.108025821435,2,2
2015-07-08,8440.15,8440.15,8424.5,8424.6,09:20:00,8495.302499552727,2,3
2015-07-08,8439.55,8447.8,8439.0,8439.0,09:25:00,8489.992737690562,2,4
2015-07-08,8441.0,8443.35,8434.1,8436.25,09:30:00,8485.326762672414,2,5
2015-07-08,8427.75,8436.7,8427.75,8436.7,09:35:00,8479.843261465518,2,6
2015-07-08,8438.15,8439.15,8430.3,8430.3,09:40:00,8475.872474659278,2,7
2015-07-08,8447.3,8447.3,8441.8,8441.8,09:45:00,8473.15128659649,2,8
2015-07-08,8442.9,8450.1,8442.9,8446.6,09:50:00,8470.270211682539,2,9
2015-07-08,8447.0,8447.0,8442.55,8445.0,09:55:00,8468.054001046106,2,10
2015-07-08,8452.85,8452.85,8445.4,8445.4,10:00:00,8466.606000946476,2,11
2015-07-08,8452.65,8456.15,8452.65,8452.95,10:05:00,8465.276857999193,2,12
2015-07-08,8453.35,8455.95,8452.65,8452.65,10:10:00,8464.140966761175,2,13
2015-07-08,8445.2,8450.65,8444.55,8450.65,10:15:00,8462.337065164873,2,14
2015-07-08,8445.55,8447.15,8445.35,8446.8,10:20:00,8460.738297053933,2,15
2015-07-08,8450.15,8451.95,8447.35,8447.35,10:25:00,8459.729887810701,2,16
2015-07-08,8456.1,8456.1,8448.25,8448.25,10:30:00,8459.384184209683,2,17
2015-07-08,8446.75,8455.95,8446.75,8455.95,10:35:00,8458.180928570666,2,18
2015-07-08,8441.65,8446.15,8438.3,8446.15,10:40:00,8456.606554421078,2,19
2015-07-08,8430.45,8438.5,8430.2,8438.5,10:45:00,8454.115454000023,2,20
2015-07-08,8416.55,8427.5,8414.45,8427.5,10:50:00,8450.537791714307,2,21
2015-07-08,8407.6,8420.4,8407.6,8420.1,10:55:00,8446.448478217706,2,22
2015-07-08,8402.1,8407.65,8400.5,8404.05,11:00:00,8442.224813625544,2,23
2015-07-08,8378.75,8398.55,8378.75,8398.55,11:05:00,8436.179593280254,2,24
2015-07-08,8391.0,8391.0,8377.75,8380.65,11:10:00,8431.876774872611,2,25
2015-07-08,8393.7,8393.7,8387.25,8391.0,11:15:00,8428.24089155141,2,26
2015-07-08,8388.25,8391.7,8388.25,8391.7,11:20:00,8424.43223521318,2,27
2015-07-08,8370.95,8385.5,8370.95,8385.5,11:25:00,8419.338689002401,2,28
2015-07-08,8371.5,8371.5,8367.3,8369.8,11:30:00,8414.782623383126,2,29
2015-07-08,8371.35,8373.4,8367.5,8367.5,11:35:00,8410.646183060924,2,30
2015-07-08,8377.35,8378.5,8370.1,8370.1,11:40:00,8407.475118007504,2,31
2015-07-08,8369.9,8376.7,8369.9,8376.7,11:45:00,8403.896535340122,2,32
2015-07-08,8357.5,8367.2,8357.5,8365.05,11:50:00,8399.477817688681,2,33
2015-07-08,8358.65,8358.65,8350.65,8352.3,11:55:00,8395.589454099283,2,34
2015-07-08,8352.0,8360.4,8352.0,8360.4,12:00:00,8391.438077518398,2,35
2015-07-08,8364.1,8364.1,8352.55,8352.55,12:05:00,8388.834451088074,2,36
2015-07-08,8365.15,8365.15,8360.4,8362.65,12:10:00,8386.578789079686,2,37
2015-07-08,8359.1,8363.85,8358.5,8363.85,12:15:00,8383.961761548288,2,38
2015-07-08,8349.2,8356.75,8349.2,8356.75,12:20:00,8380.651117591307,2,39
2015-07-08,8344.5,8346.6,8343.1,8346.6,12:25:00,8377.208154011183,2,40
2015-07-08,8359.35,8359.35,8345.15,8345.15,12:30:00,8375.50737743869,2,41
2015-07-08,8364.85,8368.0,8354.65,8354.65,12:35:00,8374.492389111196,2,42
2015-07-08,8367.2,8371.95,8365.05,8365.05,12:40:00,8373.79787586251,2,43
2015-07-08,8361.7,8369.0,8361.7,8369.0,12:45:00,8372.645697208938,2,44
2015-07-08,8360.85,8364.95,8359.35,8360.55,12:50:00,8371.522297474754,2,45
2015-07-08,8361.35,8361.85,8359.3,8359.3,12:55:00,8370.553507239063,2,46
2015-07-08,8349.3,8362.25,8349.3,8362.25,13:00:00,8368.529363692485,2,47
2015-07-08,8348.0,8352.4,8348.0,8349.2,13:05:00,8366.574186197962,2,48
2015-07-08,8354.35,8354.35,8350.5,8350.95,13:10:00,8365.409977988633,2,49
2015-07-08,8354.4,8355.75,8354.4,8354.5,13:15:00,8364.361408656383,2,50
2015-07-08,8352.15,8355.65,8351.9,8353.9,13:20:00,8363.198417355776,2,51
2015-07-08,8362.35,8362.35,8352.6,8352.6,13:25:00,8363.117615702844,2,52
2015-07-08,8372.15,8372.15,8363.8,8364.85,13:30:00,8363.977842778764,2,53
2015-07-08,8387.6,8387.6,8377.5,8377.5,13:35:00,8366.22757203793,2,54
2015-07-08,8372.6,8385.9,8372.6,8385.9,13:40:00,8366.83446993908,2,55
2015-07-08,8386.55,8386.55,8370.5,8370.5,13:45:00,8368.712139468691,2,56
2015-07-08,8411.8,8411.8,8383.05,8383.05,13:50:00,8372.815745233576,2,57
2015-07-08,8396.65,8414.85,8396.65,8414.85,13:55:00,8375.08567425895,2,58
2015-07-08,8400.95,8402.85,8399.95,8399.95,14:00:00,8377.548943377145,2,59
2015-07-08,8381.2,8393.5,8376.55,8393.5,14:05:00,8377.896663055513,2,60
2015-07-08,8383.05,8383.25,8376.65,8376.65,14:10:00,8378.387457050227,2,61
2015-07-08,8383.65,8383.65,8375.5,8377.8,14:15:00,8378.888651616871,2,62
2015-07-08,8387.3,8387.5,8385.75,8385.75,14:20:00,8379.689732415265,2,63
2015-07-08,8395.05,8400.5,8390.3,8395.25,14:25:00,8381.152615042383,2,64
2015-07-08,8390.8,8400.5,8390.8,8396.1,14:30:00,8382.071413609776,2,65
2015-07-08,8399.2,8399.2,8386.45,8386.45,14:35:00,8383.702707551702,2,66
2015-07-08,8409.65,8409.65,8401.1,8404.65,14:40:00,8386.173878261063,2,67
2015-07-08,8397.55,8413.75,8397.4,8413.75,14:45:00,8387.257318426677,2,68
2015-07-08,8393.1,8399.3,8392.3,8399.3,14:50:00,8387.813764290802,2,69
2015-07-08,8387.25,8393.75,8387.25,8387.75,14:55:00,8387.760072453582,2,70
2015-07-08,8388.7,8394.45,8388.4,8388.4,15:00:00,8387.849589362764,2,71
2015-07-08,8378.0,8382.55,8375.2,8382.55,15:05:00,8386.911533232977,2,72
2015-07-08,8359.15,8372.8,8359.15,8372.8,15:10:00,8384.267577686978,2,73
2015-07-08,8353.85,8358.15,8349.5,8358.15,15:15:00,8381.370665526314,2,74
2015-07-08,8357.05,8358.9,8353.6,8356.35,15:20:00,8379.054411666664,2,75
2015-07-08,8353.45,8358.7,8353.45,8357.65,15:25:00,8376.61589626984,2,76
2015-07-09,8364.85,8364.85,8364.85,8364.85,09:10:00,8375.49533472033,3,1
2015-07-09,8398.2,8398.2,8364.85,8364.85,09:15:00,8377.657683794585,3,2
2015-07-09,8382.25,8388.55,8378.6,8388.55,09:20:00,8378.09504724272,3,3
2015-07-09,8355.5,8373.6,8355.5,8373.6,09:25:00,8375.943137981509,3,4
2015-07-09,8361.35,8368.05,8360.25,8360.25,09:30:00,8374.553315316603,3,5
2015-07-09,8366.3,8366.3,8356.7,8359.3,09:35:00,8373.76728528645,3,6
2015-07-09,8373.85,8374.3,8368.85,8368.85,09:40:00,8373.775162878217,3,7
2015-07-09,8355.15,8371.5,8355.15,8371.5,09:45:00,8372.001337842195,3,8
2015-07-09,8357.15,8357.15,8350.4,8350.4,09:50:00,8370.586924714367,3,9
2015-07-09,8360.4,8364.1,8356.8,8356.8,09:55:00,8369.616741408237,3,10
2015-07-09,8349.65,8361.15,8349.65,8361.15,10:00:00,8367.715146988405,3,11
2015-07-09,8351.55,8351.55,8344.9,8349.2,10:05:00,8366.175609179985,3,12
2015-07-09,8350.7,8354.55,8350.6,8350.6,10:10:00,8364.701741639034,3,13
2015-07-09,8357.4,8357.4,8350.8,8350.8,10:15:00,8364.00633767341,3,14
2015-07-09,8356.85,8357.4,8353.5,8357.4,10:20:00,8363.324781704514,3,15
2015-07-09,8357.25,8362.15,8357.25,8359.45,10:25:00,8362.746231065988,3,16
2015-07-09,8358.75,8358.75,8350.15,8353.95,10:30:00,8362.365637631132,3,17
2015-07-09,8366.5,8366.5,8359.15,8359.15,10:35:00,8362.759386428166,3,18
2015-07-09,8364.15,8374.5,8364.15,8369.3,10:40:00,8362.89182581596,3,19
2015-07-09,8374.05,8374.05,8368.75,8368.75,10:45:00,8363.954509071582,3,20
2015-07-09,8370.85,8370.85,8363.9,8368.5,10:50:00,8364.611222493337,3,21
2015-07-09,8368.95,8372.8,8368.95,8371.7,10:55:00,8365.024439398732,3,22
2015-07-09,8369.1,8371.55,8365.6,8367.35,11:00:00,8365.412588027424,3,23
2015-07-09,8369.6,8369.6,8367.6,8368.4,11:05:00,8365.81138916767,3,24
2015-07-09,8368.35,8370.8,8367.4,8369.25,11:10:00,8366.053161627891,3,25
2015-07-09,8366.7,8368.35,8364.8,8364.8,11:15:00,8366.114765282378,3,26
2015-07-09,8369.55,8370.25,8367.6,8367.95,11:20:00,8366.44193049358,3,27
2015-07-09,8368.5,8371.8,8368.5,8371.55,11:25:00,8366.637937113239,3,28
2015-07-09,8367.15,8370.0,8367.15,8367.55,11:30:00,8366.686705007216,3,29
2015-07-09,8354.2,8363.7,8354.2,8363.7,11:35:00,8365.49749500653,3,30
2015-07-09,8354.95,8356.25,8351.3,8355.85,11:40:00,8364.492971672575,3,31
2015-07-09,8357.3,8357.3,8352.05,8352.55,11:45:00,8363.807926751377,3,32
2015-07-09,8352.95,8361.65,8352.95,8361.65,11:50:00,8362.773838489342,3,33
2015-07-09,8353.7,8355.3,8353.6,8354.85,11:55:00,8361.90966339512,3,34
2015-07-09,8354.25,8360.0,8354.25,8357.35,12:00:00,8361.180171643204,3,35
2015-07-09,8356.05,8358.25,8355.3,8358.25,12:05:00,8360.69158386766,3,36
2015-07-09,8347.4,8353.85,8347.15,8353.85,12:10:00,8359.425718737406,3,37
2015-07-09,8348.3,8348.85,8347.15,8347.15,12:15:00,8358.366126476702,3,38
2015-07-09,8355.1,8355.1,8351.3,8351.3,12:20:00,8358.055066812254,3,39
2015-07-09,8350.1,8355.65,8350.1,8355.4,12:25:00,8357.297441401563,3,40
2015-07-09,8350.6,8351.05,8350.0,8350.6,12:30:00,8356.659589839508,3,41
2015-07-09,8357.3,8357.35,8353.2,8353.6,12:35:00,8356.720581283364,3,42
2015-07-09,8351.35,8356.55,8351.35,8356.55,12:40:00,8356.209097351615,3,43
2015-07-09,8350.7,8350.7,8347.4,8350.2,12:45:00,8355.684421413365,3,44
2015-07-09,8353.5,8355.15,8351.4,8351.4,12:50:00,8355.476381278759,3,45
2015-07-09,8352.8,8353.3,8352.75,8353.3,12:55:00,8355.22148782364,3,46
2015-07-09,8355.0,8355.2,8352.4,8353.0,13:00:00,8355.200393745197,3,47
2015-07-09,8351.75,8355.2,8351.75,8355.2,13:05:00,8354.871784817084,3,48
2015-07-09,8348.35,8349.55,8344.95,8348.1,13:10:00,8354.250662453553,3,49
2015-07-09,8338.55,8347.9,8338.55,8347.9,13:15:00,8352.7553612675,3,50
2015-07-09,8341.8,8344.15,8339.65,8339.65,13:20:00,8351.711993527739,3,51
2015-07-09,8337.7,8342.15,8337.7,8342.15,13:25:00,8350.37751795367,3,52
2015-07-09,8344.7,8344.7,8337.05,8338.05,13:30:00,8349.836801958081,3,53
2015-07-09,8348.2,8350.6,8342.9,8342.9,13:35:00,8349.680916057312,3,54
2015-07-09,8351.05,8351.05,8345.9,8348.95,13:40:00,8349.811305004236,3,55
2015-07-09,8355.5,8355.5,8348.4,8349.15,13:45:00,8350.353085480023,3,56
2015-07-09,8359.45,8361.9,8354.15,8354.15,13:50:00,8351.219458291449,3,57
2015-07-09,8358.7,8365.4,8358.35,8364.05,13:55:00,8351.931890835122,3,58
2015-07-09,8351.7,8354.4,8351.7,8354.4,14:00:00,8351.909805993682,3,59
2015-07-09,8355.0,8355.3,8353.3,8354.2,14:05:00,8352.20411018476,3,60
2015-07-09,8352.7,8356.55,8352.5,8356.55,14:10:00,8352.251337786212,3,61
2015-07-09,8351.6,8358.9,8351.6,8353.75,14:15:00,8352.189305616097,3,62
2015-07-09,8349.4,8353.6,8349.4,8353.6,14:20:00,8351.923657462183,3,63
2015-07-09,8333.35,8347.75,8333.35,8347.75,14:25:00,8350.15473770388,3,64
2015-07-09,8337.6,8341.45,8337.6,8338.1,14:30:00,8348.959048398749,3,65
2015-07-09,8336.6,8336.85,8333.05,8336.4,14:35:00,8347.781996170297,3,66
2015-07-09,8334.25,8338.85,8334.25,8338.45,14:40:00,8346.493234630268,3,67
2015-07-09,8333.1,8339.2,8333.1,8339.2,14:45:00,8345.217688475004,3,68
2015-07-09,8327.1,8333.0,8326.9,8333.0,14:50:00,8343.492194334527,3,69
2015-07-09,8338.75,8338.75,8331.1,8331.1,14:55:00,8343.040556778858,3,70
2015-07-09,8331.3,8338.35,8331.2,8338.35,15:00:00,8341.922408514205,3,71
2015-07-09,8325.7,8332.35,8325.7,8332.35,15:05:00,8340.377417227137,3,72
2015-07-09,8328.55,8330.9,8326.55,8326.55,15:10:00,8339.250996538838,3,73
2015-07-09,8327.4,8328.3,8324.25,8326.8,15:15:00,8338.122330201806,3,74
2015-07-09,8331.0,8331.0,8328.75,8328.75,15:20:00,8337.444013039729,3,75
2015-07-09,8331.95,8331.95,8329.45,8330.9,15:25:00,8336.920773702612,3,76
2015-07-10,8365.7,8365.7,8365.7,8365.7,09:10:00,8339.6616523976,4,1
2015-07-10,8357.4,8369.05,8356.0,8365.7,09:15:00,8341.351018835925,4,2
2015-07-10,8367.45,8375.45,8363.3,8363.3,09:20:00,8343.836636089647,4,3
2015-07-10,8362.35,8365.8,8361.95,8364.15,09:25:00,8345.599813604918,4,4
2015-07-10,8353.9,8356.2,8352.65,8356.2,09:30:00,8346.390307547306,4,5
2015-07-10,8363.3,8364.1,8357.15,8358.05,09:35:00,8348.000754447563,4,6
2015-07-10,8363.85,8363.85,8360.25,8362.25,09:40:00,8349.510206404937,4,7
2015-07-10,8362.55,8365.85,8362.55,8365.15,09:45:00,8350.752091509228,4,8
2015-07-10,8363.25,8363.25,8361.95,8361.95,09:50:00,8351.94236850835,4,9
2015-07-10,8354.6,8363.4,8352.25,8363.4,09:55:00,8352.195476269459,4,10
2015-07-10,8356.95,8361.35,8354.7,8358.75,10:00:00,8352.64828805332,4,11
2015-07-10,8355.75,8358.85,8355.0,8357.05,10:05:00,8352.9436891911,4,12
2015-07-10,8349.85,8354.85,8348.3,8354.85,10:10:00,8352.64905212528,4,13
2015-07-10,8344.1,8348.7,8343.45,8343.45,10:15:00,8351.834856684776,4,14
2015-07-10,8339.85,8346.25,8339.85,8346.25,10:20:00,8350.693441762416,4,15
2015-07-10,8342.75,8342.75,8339.55,8341.2,10:25:00,8349.936923499328,4,16
2015-07-10,8334.9,8345.5,8334.9,8343.05,10:30:00,8348.504835547012,4,17
2015-07-10,8336.95,8337.35,8334.45,8334.45,10:35:00,8347.404375018725,4,18
2015-07-10,8330.5,8335.35,8328.55,8335.35,10:40:00,8345.794434540752,4,19
2015-07-10,8325.6,8332.7,8325.6,8332.7,10:45:00,8343.87115506068,4,20
2015-07-10,8323.5,8326.0,8321.7,8325.2,10:50:00,8341.931045054902,4,21
2015-07-10,8321.25,8322.15,8316.55,8316.55,10:55:00,8339.96142171634,4,22
2015-07-10,8328.9,8328.9,8319.75,8319.75,11:00:00,8338.90795298145,4,23
2015-07-10,8333.3,8333.3,8329.6,8330.3,11:05:00,8338.373862221311,4,24
2015-07-10,8335.55,8336.75,8334.65,8334.65,11:10:00,8338.104922962139,4,25
2015-07-10,8335.85,8337.1,8332.95,8333.25,11:15:00,8337.890168394317,4,26
2015-07-10,8331.9,8333.35,8331.2,8333.35,11:20:00,8337.319676166288,4,27
2015-07-10,8335.9,8337.4,8333.75,8333.75,11:25:00,8337.184468912355,4,28
2015-07-10,8335.4,8335.8,8333.3,8335.8,11:30:00,8337.014519492132,4,29
2015-07-10,8328.95,8335.9,8328.95,8332.95,11:35:00,8336.246470016691,4,30
2015-07-10,8329.9,8329.9,8326.1,8326.1,11:40:00,8335.642044300816,4,31
2015-07-10,8330.05,8333.5,8330.05,8331.7,11:45:00,8335.10946865312,4,32
2015-07-10,8331.25,8331.25,8329.35,8330.05,11:50:00,8334.741900209965,4,33
2015-07-10,8332.75,8332.75,8329.55,8329.55,11:55:00,8334.552195428063,4,34
2015-07-10,8333.75,8333.75,8330.7,8331.85,12:00:00,8334.475795863485,4,35
2015-07-10,8334.4,8334.95,8334.05,8334.05,12:05:00,8334.46857720982,4,36
2015-07-10,8327.3,8334.3,8327.3,8334.3,12:10:00,8333.78585557079,4,37
2015-07-10,8325.1,8325.1,8323.15,8324.3,12:15:00,8332.958631230715,4,38
2015-07-10,8320.6,8326.35,8319.7,8326.15,12:20:00,8331.781618732552,4,39
2015-07-10,8325.25,8325.25,8322.2,8322.2,12:25:00,8331.159559805641,4,40
2015-07-10,8327.3,8327.85,8325.3,8327.45,12:30:00,8330.791982681294,4,41
2015-07-10,8342.95,8342.95,8329.7,8329.7,12:35:00,8331.9498890926,4,42
2015-07-10,8342.4,8342.4,8335.85,8340.2,12:40:00,8332.945137750448,4,43
2015-07-10,8342.5,8343.85,8340.25,8342.65,12:45:00,8333.855124631358,4,44
2015-07-10,8335.75,8341.8,8335.75,8340.8,12:50:00,8334.035588952182,4,45
2015-07-10,8338.65,8341.1,8337.25,8337.25,12:55:00,8334.47505667102,4,46
2015-07-10,8344.3,8344.3,8337.6,8338.4,13:00:00,8335.410765559496,4,47
2015-07-10,8353.05,8354.95,8347.7,8352.1,13:05:00,8337.090692649068,4,48
2015-07-10,8344.05,8352.25,8344.05,8352.25,13:10:00,8337.753483825347,4,49
2015-07-10,8344.9,8347.1,8344.15,8344.15,13:15:00,8338.434104413409,4,50
2015-07-10,8340.7,8344.2,8340.7,8343.8,13:20:00,8338.649903993084,4,51
2015-07-10,8344.5,8345.75,8343.5,8345.05,13:25:00,8339.207055993742,4,52
2015-07-10,8347.0,8347.8,8345.3,8345.3,13:30:00,8339.949241137196,4,53
2015-07-10,8342.95,8345.8,8342.95,8345.8,13:35:00,8340.235027695559,4,54
2015-07-10,8337.0,8343.7,8336.4,8343.7,13:40:00,8339.92692981979,4,55
2015-07-10,8338.7,8338.7,8330.35,8335.0,13:45:00,8339.810079360763,4,56
2015-07-10,8337.5,8338.75,8335.65,8335.65,13:50:00,8339.590071802595,4,57
2015-07-10,8331.3,8335.45,8331.3,8335.45,13:55:00,8338.80054115473,4,58
2015-07-10,8320.45,8332.4,8320.45,8332.4,14:00:00,8337.052870568565,4,59
2015-07-10,8329.8,8329.8,8325.1,8325.1,14:05:00,8336.362120990605,4,60
2015-07-10,8330.75,8330.9,8323.5,8323.5,14:10:00,8335.827633277215,4,61
2015-07-10,8327.05,8331.45,8327.05,8330.75,14:15:00,8334.991668203194,4,62
2015-07-10,8333.8,8335.6,8327.45,8327.45,14:20:00,8334.878175993366,4,63
2015-07-10,8327.75,8334.85,8327.75,8334.85,14:25:00,8334.199302089235,4,64
2015-07-10,8331.4,8331.4,8325.9,8326.6,14:30:00,8333.93270189026,4,65
2015-07-10,8334.8,8334.8,8330.4,8330.4,14:35:00,8334.015301710235,4,66
2015-07-10,8335.05,8335.05,8331.35,8333.6,14:40:00,8334.113844404497,4,67
2015-07-10,8343.1,8346.25,8339.65,8340.8,14:45:00,8334.969668746926,4,68
2015-07-10,8345.35,8355.55,8345.35,8349.05,14:50:00,8335.95827172341,4,69
2015-07-10,8345.95,8348.8,8344.45,8344.45,14:55:00,8336.909864892608,4,70
2015-07-10,8356.35,8356.35,8345.0,8346.6,15:00:00,8338.761306331407,4,71
2015-07-10,8368.2,8372.75,8362.25,8362.25,15:05:00,8341.564991442701,4,72
2015-07-10,8363.95,8372.95,8363.95,8372.95,15:10:00,8343.696897019587,4,73
2015-07-10,8358.7,8362.95,8358.7,8359.95,15:15:00,8345.125763970103,4,74
2015-07-10,8357.6,8361.45,8356.5,8357.45,15:20:00,8346.313786449142,4,75
2015-07-10,8356.2,8356.2,8351.4,8354.0,15:25:00,8347.255330596843,4,76
2015-07-13,8397.25,8397.25,8397.25,8397.25,09:10:00,8352.016727682858,0,1
2015-07-13,8380.55,8397.25,8380.55,8397.25,09:15:00,8354.734182189253,0,2
2015-07-13,8382.45,8382.45,8373.05,8373.05,09:20:00,8357.373783885516,0,3
2015-07-13,8375.4,8385.05,8375.4,8385.05,09:25:00,8359.09056637261,0,4
2015-07-13,8381.4,8381.4,8374.1,8374.1,09:30:00,8361.215274337123,0,5
2015-07-13,8374.9,8383.8,8374.05,8383.8,09:35:00,8362.51858154311,0,6
2015-07-13,8370.4,8376.5,8370.35,8376.5,09:40:00,8363.269192824719,0,7
2015-07-13,8377.65,8378.3,8373.8,8373.8,09:45:00,8364.638793508078,0,8
2015-07-13,8375.2,8380.55,8375.2,8377.5,09:50:00,8365.644622697786,0,9
2015-07-13,8377.3,8378.35,8372.6,8375.55,09:55:00,8366.754658631331,0,10
2015-07-13,8379.55,8381.2,8377.2,8377.2,10:00:00,8367.973262571204,0,11
2015-07-13,8376.4,8378.8,8376.4,8377.9,10:05:00,8368.775808992994,0,12
2015-07-13,8366.6,8376.05,8364.3,8376.05,10:10:00,8368.5685890889,0,13
2015-07-13,8367.6,8368.8,8366.8,8366.85,10:15:00,8368.476342509004,0,14
2015-07-13,8370.4,8371.55,8365.1,8365.1,10:20:00,8368.659547984336,0,15
2015-07-13,8371.85,8371.85,8367.85,8371.65,10:25:00,8368.963400557257,0,16
2015-07-13,8371.55,8372.15,8369.9,8372.15,10:30:00,8369.209743361327,0,17
2015-07-13,8370.15,8372.35,8370.15,8371.55,10:35:00,8369.29929161263,0,18
2015-07-13,8371.35,8372.65,8370.1,8370.5,10:40:00,8369.494597173332,0,19
2015-07-13,8373.45,8373.45,8370.25,8370.25,10:45:00,8369.871302204443,0,20
2015-07-13,8373.5,8373.5,8372.1,8373.45,10:50:00,8370.216892470686,0,21
2015-07-13,8368.7,8375.25,8368.7,8374.2,10:55:00,8370.072426521097,0,22
2015-07-13,8364.35,8366.2,8359.35,8364.05,11:00:00,8369.527433519088,0,23
2015-07-13,8368.0,8368.0,8365.0,8365.0,11:05:00,8369.381963660127,0,24
2015-07-13,8362.95,8366.3,8362.95,8365.55,11:10:00,8368.769395692496,0,25
2015-07-13,8363.25,8363.45,8361.9,8362.95,11:15:00,8368.243738959878,0,26
2015-07-13,8366.8,8368.25,8366.4,8368.25,11:20:00,8368.106240011319,0,27
2015-07-13,8369.5,8369.55,8365.65,8365.65,11:25:00,8368.23897905786,0,28
2015-07-13,8368.4,8370.55,8367.0,8370.55,11:30:00,8368.254314385682,0,29
2015-07-13,8365.6,8368.7,8365.6,8368.7,11:35:00,8368.001522539427,0,30
2015-07-13,8364.6,8365.1,8363.55,8365.1,11:40:00,8367.677568011863,0,31
2015-07-13,8361.55,8366.15,8361.55,8364.8,11:45:00,8367.093990105972,0,32
2015-07-13,8364.05,8365.7,8363.5,8363.5,11:50:00,8366.804086286356,0,33
2015-07-13,8357.5,8364.6,8357.5,8364.6,11:55:00,8365.917982830513,0,34
2015-07-13,8361.7,8361.7,8358.0,8358.25,12:00:00,8365.516270179987,0,35
2015-07-13,8363.9,8363.9,8360.3,8361.15,12:05:00,8365.362339686655,0,36
2015-07-13,8366.3,8367.8,8363.55,8363.55,12:10:00,8365.451640668878,0,37
2015-07-13,8374.85,8374.85,8364.65,8364.65,12:15:00,8366.346722509938,0,38
2015-07-13,8373.95,8377.6,8373.95,8374.25,12:20:00,8367.070844175658,0,39
2015-07-13,8393.35,8393.35,8376.05,8376.05,12:25:00,8369.573620920833,0,40
2015-07-13,8415.85,8415.85,8394.15,8395.15,12:30:00,8373.98089511885,0,41
2015-07-13,8414.1,8416.85,8407.9,8416.85,12:35:00,8377.801762250388,0,42
2015-07-13,8441.65,8441.65,8415.1,8415.1,12:40:00,8383.882546797971,0,43
2015-07-13,8432.1,8446.3,8431.3,8446.3,12:45:00,8388.474685198164,0,44
2015-07-13,8444.25,8446.7,8432.45,8436.25,12:50:00,8393.786619941196,0,45
2015-07-13,8445.7,8449.0,8444.25,8444.25,12:55:00,8398.730751375368,0,46
2015-07-13,8456.55,8460.8,8445.0,8445.0,13:00:00,8404.237346482474,0,47
2015-07-13,8448.0,8452.9,8446.65,8452.9,13:05:00,8408.40521824605,0,48
2015-07-13,8445.55,8449.05,8443.7,8449.05,13:10:00,8411.94281650833,0,49
2015-07-13,8444.8,8449.05,8444.2,8444.2,13:15:00,8415.072072078965,0,50
2015-07-13,8443.55,8446.9,8442.9,8444.75,13:20:00,8417.784255690493,0,51
2015-07-13,8449.5,8449.5,8443.85,8443.85,13:25:00,8420.804802767589,0,52
2015-07-13,8453.75,8453.75,8450.75,8450.75,13:30:00,8423.942440599247,0,53
2015-07-13,8450.05,8454.25,8450.05,8452.3,13:35:00,8426.42887482789,0,54
2015-07-13,8458.6,8458.6,8448.55,8448.55,13:40:00,8429.49279151095,0,55
2015-07-13,8453.65,8457.7,8453.55,8453.55,13:45:00,8431.793478033716,0,56
2015-07-13,8455.45,8456.8,8450.8,8450.8,13:50:00,8434.046480125744,0,57
2015-07-13,8461.45,8461.45,8455.15,8457.25,13:55:00,8436.656339161387,0,58
2015-07-13,8462.15,8466.4,8459.3,8465.1,14:00:00,8439.084306860303,0,59
2015-07-13,8461.9,8465.3,8461.5,8461.7,14:05:00,8441.257230016465,0,60
2015-07-13,8462.4,8462.4,8458.75,8458.75,14:10:00,8443.270827157754,0,61
2015-07-13,8450.75,8462.95,8450.75,8462.95,14:15:00,8443.983129333206,0,62
2015-07-13,8451.85,8453.65,8451.85,8452.45,14:20:00,8444.732355110997,0,63
2015-07-13,8458.05,8458.05,8452.4,8452.4,14:25:00,8446.000702243282,0,64
2015-07-13,8457.5,8459.85,8456.1,8458.5,14:30:00,8447.095873458207,0,65
2015-07-13,8462.3,8465.05,8459.65,8459.65,14:35:00,8448.543885509805,0,66
2015-07-13,8462.8,8465.3,8460.6,8460.6,14:40:00,8449.901610699348,0,67
2015-07-13,8464.95,8464.95,8458.6,8460.7,14:45:00,8451.334790632744,0,68
2015-07-13,8469.45,8469.55,8466.45,8466.45,14:50:00,8453.06004866772,0,69
2015-07-13,8461.15,8466.15,8461.15,8466.15,14:55:00,8453.830520223175,0,70
2015-07-13,8459.35,8463.55,8459.35,8461.65,15:00:00,8454.356184963824,0,71
2015-07-13,8461.9,8461.9,8454.9,8458.45,15:05:00,8455.0746435387,0,72
2015-07-13,8462.65,8463.9,8461.75,8462.35,15:10:00,8455.796106058822,0,73
2015-07-13,8460.1,8462.2,8459.35,8462.2,15:15:00,8456.206000719887,0,74
2015-07-13,8458.85,8458.85,8456.35,8458.3,15:20:00,8456.457810175136,0,75
2015-07-13,8462.2,8462.2,8459.1,8460.2,15:25:00,8457.00468539655,0,76
2015-07-14,8470.6,8470.6,8470.6,8470.6,09:10:00,8458.299477263545,1,1
2015-07-14,8445.45,8470.6,8445.45,8470.6,09:15:00,8457.07571752416,1,2
2015-07-14,8454.1,8454.1,8449.35,8449.35,09:20:00,8456.792315855193,1,3
2015-07-14,8446.3,8454.7,8445.95,8454.7,09:25:00,8455.793047678508,1,4
2015-07-14,8449.85,8451.65,8446.9,8446.9,09:30:00,8455.227043137696,1,5
2015-07-14,8437.5,8447.05,8437.1,8447.05,09:35:00,8453.538753315059,1,6
2015-07-14,8443.1,8443.1,8433.45,8433.45,09:40:00,8452.544586332671,1,7
2015-07-14,8442.95,8444.4,8442.35,8444.4,09:45:00,8451.63081620575,1,8
2015-07-14,8446.5,8446.5,8442.05,8442.05,09:50:00,8451.142167043297,1,9
2015-07-14,8445.1,8448.25,8442.8,8448.25,09:55:00,8450.566722562984,1,10
2015-07-14,8447.45,8448.15,8444.8,8444.8,10:00:00,8450.2698918427,1,11
2015-07-14,8448.65,8448.9,8446.9,8448.9,10:05:00,8450.11561642911,1,12
2015-07-14,8454.55,8454.55,8448.25,8448.25,10:10:00,8450.537938673955,1,13
2015-07-14,8456.85,8459.1,8455.75,8455.75,10:15:00,8451.139087371674,1,14
2015-07-14,8461.5,8461.5,8457.0,8457.0,10:20:00,8452.125840955323,1,15
2015-07-14,8457.75,8459.7,8455.5,8458.45,10:25:00,8452.661475150053,1,16
2015-07-14,8462.65,8462.65,8456.95,8456.95,10:30:00,8453.612763231,1,17
2015-07-14,8463.05,8463.1,8462.05,8462.7,10:35:00,8454.51154768519,1,18
2015-07-14,8454.6,8462.65,8454.6,8462.65,10:40:00,8454.519971715172,1,19
2015-07-14,8452.5,8454.65,8451.1,8452.4,10:45:00,8454.327593456583,1,20
2015-07-14,8452.9,8454.25,8451.8,8451.95,10:50:00,8454.191632175003,1,21
2015-07-14,8453.85,8453.85,8450.8,8450.8,10:55:00,8454.159095777384,1,22
2015-07-14,8444.5,8454.05,8444.5,8454.05,11:00:00,8453.239181893823,1,23
2015-07-14,8438.6,8441.6,8435.75,8441.6,11:05:00,8451.84497409441,1,24
2015-07-14,8436.6,8437.2,8431.9,8437.2,11:10:00,8450.393071799705,1,25
2015-07-14,8436.8,8436.8,8432.65,8435.15,11:15:00,8449.098493533067,1,26
2015-07-14,8436.95,8439.3,8436.95,8438.1,11:20:00,8447.941494148965,1,27
2015-07-14,8431.35,8435.3,8431.35,8433.7,11:25:00,8446.361351849064,1,28
2015-07-14,8433.6,8433.6,8430.9,8431.4,11:30:00,8445.145985006297,1,29
2015-07-14,8430.5,8434.15,8430.5,8431.0,11:35:00,8443.751129291411,1,30
2015-07-14,8430.4,8430.7,8426.4,8426.4,11:40:00,8442.47959316842,1,31
2015-07-14,8436.35,8436.35,8428.3,8428.4,11:45:00,8441.895822390476,1,32
2015-07-14,8440.75,8440.75,8437.65,8437.85,11:50:00,8441.786696448526,1,33
2015-07-14,8445.85,8445.85,8441.0,8441.0,11:55:00,8442.173677739142,1,34
2015-07-14,8447.35,8447.35,8443.0,8445.1,12:00:00,8442.666660811605,1,35
2015-07-14,8445.7,8451.8,8445.7,8451.2,12:05:00,8442.955550258119,1,36
2015-07-14,8442.95,8444.45,8442.1,8444.45,12:10:00,8442.955021662108,1,37
2015-07-14,8446.85,8450.3,8442.75,8442.75,12:15:00,8443.325971980003,1,38
2015-07-14,8447.5,8447.75,8443.9,8447.15,12:20:00,8443.723498458097,1,39
2015-07-14,8446.5,8451.3,8446.5,8448.6,12:25:00,8443.987927176373,1,40
2015-07-14,8447.15,8447.5,8446.0,8446.35,12:30:00,8444.289076969098,1,41
2015-07-14,8443.2,8444.9,8442.55,8444.25,12:35:00,8444.185355352993,1,42
2015-07-14,8445.65,8445.65,8442.8,8442.8,12:40:00,8444.324845319374,1,43
2015-07-14,8451.85,8451.85,8446.15,8447.2,12:45:00,8445.041526717529,1,44
2015-07-14,8450.95,8452.95,8449.7,8452.95,12:50:00,8445.604238458716,1,45
2015-07-14,8449.3,8450.85,8447.75,8449.15,12:55:00,8445.956215748363,1,46
2015-07-14,8446.3,8448.7,8446.2,8448.7,13:00:00,8445.988957105663,1,47
2015-07-14,8446.45,8447.2,8445.1,8445.1,13:05:00,8446.032865952742,1,48
2015-07-14,8446.4,8448.75,8446.4,8447.35,13:10:00,8446.0678311001,1,49
2015-07-14,8446.55,8452.9,8446.55,8448.15,13:15:00,8446.113751947709,1,50
2015-07-14,8441.95,8446.1,8439.85,8446.1,13:20:00,8445.717204143166,1,51
2015-07-14,8446.85,8446.85,8443.2,8444.05,13:25:00,8445.825089462864,1,52
2015-07-14,8464.35,8464.35,8447.35,8447.35,13:30:00,8447.589366656877,1,53
2015-07-14,8457.15,8465.45,8457.05,8464.1,13:35:00,8448.499903165746,1,54
2015-07-14,8462.55,8462.55,8455.25,8455.25,13:40:00,8449.838007626151,1,55
2015-07-14,8465.4,8466.6,8463.3,8464.4,13:45:00,8451.320102137946,1,56
2015-07-14,8463.05,8463.05,8457.3,8462.6,13:50:00,8452.437235267666,1,57
2015-07-14,8467.85,8467.85,8464.1,8464.1,13:55:00,8453.905117623126,1,58
2015-07-14,8472.95,8476.55,8465.55,8465.55,14:00:00,8455.718915944733,1,59
2015-07-14,8476.1,8476.1,8471.5,8472.8,14:05:00,8457.659971569045,1,60
2015-07-14,8473.3,8478.1,8472.3,8478.1,14:10:00,8459.149498086279,1,61
2015-07-14,8466.95,8471.95,8464.8,8471.95,14:15:00,8459.892403030444,1,62
2015-07-14,8451.65,8464.05,8451.65,8463.9,14:20:00,8459.10741226564,1,63
2015-07-14,8441.2,8443.85,8441.2,8443.1,14:25:00,8457.401944430816,1,64
2015-07-14,8454.9,8455.4,8444.25,8444.25,14:30:00,8457.163664008833,1,65
2015-07-14,8456.4,8456.65,8454.8,8454.8,14:35:00,8457.09093410323,1,66
2015-07-14,8460.55,8464.55,8460.55,8461.15,14:40:00,8457.420368950541,1,67
2015-07-14,8460.7,8462.7,8458.4,8458.4,14:45:00,8457.732714764776,1,68
2015-07-14,8461.55,8461.55,8458.4,8460.4,14:50:00,8458.09626573956,1,69
2015-07-14,8457.0,8462.25,8457.0,8462.25,14:55:00,8457.991859478649,1,70
2015-07-14,8459.15,8461.2,8457.75,8457.75,15:00:00,8458.102158575919,1,71
2015-07-14,8459.25,8462.45,8459.25,8460.9,15:05:00,8458.211476806784,1,72
2015-07-14,8463.95,8463.95,8459.3,8459.45,15:10:00,8458.758002825185,1,73
2015-07-14,8448.35,8461.4,8448.35,8461.4,15:15:00,8457.766764460881,1,74
2015-07-14,8449.15,8449.15,8443.85,8446.95,15:20:00,8456.94612022651,1,75
2015-07-14,8444.2,8450.0,8444.2,8448.55,15:25:00,8455.73220401446,1,76
2015-07-15,8463.4,8463.4,8463.4,8463.4,09:10:00,8456.462470298799,2,1
2015-07-15,8479.75,8481.9,8463.4,8463.4,09:15:00,8458.680330270341,2,2
2015-07-15,8483.0,8486.75,8476.15,8476.15,09:20:00,8460.996489292213,2,3
2015-07-15,8494.1,8494.1,8485.35,8486.35,09:25:00,8464.149204597716,2,4
2015-07-15,8497.15,8497.15,8492.75,8493.85,09:30:00,8467.292137493172,2,5
2015-07-15,8502.8,8502.8,8499.75,8501.2,09:35:00,8470.673838684299,2,6
2015-07-15,8499.35,8505.35,8499.35,8503.25,09:40:00,8473.404901666747,2,7
2015-07-15,8506.25,8506.25,8498.45,8498.85,09:45:00,8476.533006269914,2,8
2015-07-15,8506.2,8509.25,8506.2,8508.9,09:50:00,8479.358434244208,2,9
2015-07-15,8514.35,8518.25,8509.05,8509.05,09:55:00,8482.690964316189,2,10
2015-07-15,8512.75,8515.0,8512.75,8514.4,10:00:00,8485.553729619409,2,11
2015-07-15,8510.45,8512.65,8510.15,8512.0,10:05:00,8487.92480298899,2,12
2015-07-15,8509.35,8511.2,8508.55,8510.55,10:10:00,8489.965297942419,2,13
2015-07-15,8508.2,8508.6,8507.4,8507.4,10:15:00,8491.701936233618,2,14
2015-07-15,8513.05,8513.05,8507.45,8507.45,10:20:00,8493.73508516375,2,15
2015-07-15,8512.0,8515.45,8512.0,8515.45,10:25:00,8495.47460086244,2,16
2015-07-15,8513.1,8515.15,8513.1,8513.2,10:30:00,8497.153210304114,2,17
2015-07-15,8514.95,8514.95,8513.05,8514.95,10:35:00,8498.848142656103,2,18
2015-07-15,8514.7,8514.7,8512.9,8513.2,10:40:00,8500.357843355521,2,19
2015-07-15,8517.25,8518.95,8515.3,8515.3,10:45:00,8501.966620178804,2,20
2015-07-15,8516.55,8517.85,8516.0,8517.15,10:50:00,8503.355513495108,2,21
2015-07-15,8518.6,8518.6,8516.3,8516.7,10:55:00,8504.807369352717,2,22
2015-07-15,8519.65,8522.15,8519.4,8521.85,11:00:00,8506.220953223887,2,23
2015-07-15,8522.15,8523.15,8521.15,8521.15,11:05:00,8507.738005297802,2,24
2015-07-15,8524.15,8524.15,8523.4,8523.4,11:10:00,8509.301052412298,2,25
2015-07-15,8519.65,8524.4,8519.65,8524.4,11:15:00,8510.28666646827,2,26
2015-07-15,8518.85,8518.9,8517.3,8518.35,11:20:00,8511.10222204272,2,27
2015-07-15,8518.0,8519.7,8518.0,8519.7,11:25:00,8511.759153276747,2,28
2015-07-15,8517.6,8519.1,8517.55,8518.3,11:30:00,8512.315424393248,2,29
2015-07-15,8516.45,8516.95,8515.8,8515.8,11:35:00,8512.709193498653,2,30
2015-07-15,8520.15,8520.15,8517.55,8517.9,11:40:00,8513.417841736877,2,31
2015-07-15,8520.5,8522.05,8520.4,8520.4,11:45:00,8514.092333000031,2,32
2015-07-15,8519.45,8520.1,8516.95,8520.1,11:50:00,8514.602587000029,2,33
2015-07-15,8520.7,8520.7,8518.65,8519.15,11:55:00,8515.183293000026,2,34
2015-07-15,8524.35,8524.35,8521.35,8521.35,12:00:00,8516.056312714309,2,35
2015-07-15,8522.95,8525.7,8522.95,8525.4,12:05:00,8516.712854360565,2,36
2015-07-15,8520.85,8524.1,8520.85,8524.1,12:10:00,8517.106868230987,2,37
2015-07-15,8523.85,8524.8,8522.65,8522.65,12:15:00,8517.749071256607,2,38
2015-07-15,8522.65,8524.25,8522.2,8524.25,12:20:00,8518.215826375024,2,39
2015-07-15,8527.2,8527.2,8524.15,8524.15,12:25:00,8519.071461958356,2,40
2015-07-15,8522.75,8526.4,8521.2,8526.25,12:30:00,8519.421798914704,2,41
2015-07-15,8527.7,8527.7,8522.35,8523.1,12:35:00,8520.210199018065,2,42
2015-07-15,8526.6,8530.7,8526.6,8529.5,12:40:00,8520.818751492536,2,43
2015-07-15,8517.6,8525.75,8517.6,8525.75,12:45:00,8520.512203731341,2,44
2015-07-15,8517.45,8520.8,8515.85,8515.85,12:50:00,8520.220565280737,2,45
2015-07-15,8520.5,8520.65,8516.35,8516.7,12:55:00,8520.247178111144,2,46
2015-07-15,8518.95,8524.85,8518.95,8523.4,13:00:00,8520.123637338655,2,47
2015-07-15,8516.4,8518.6,8515.05,8518.6,13:05:00,8519.769005211163,2,48
2015-07-15,8513.4,8517.3,8510.45,8517.3,13:10:00,8519.16243328629,2,49
2015-07-15,8514.45,8514.45,8511.9,8511.9,13:15:00,8518.713630116168,2,50
2015-07-15,8512.5,8513.75,8510.55,8513.7,13:20:00,8518.12185581939,2,51
2015-07-15,8513.4,8513.4,8512.3,8513.05,13:25:00,8517.672155265163,2,52
2015-07-15,8521.15,8521.15,8512.15,8512.15,13:30:00,8518.003378573243,2,53
2015-07-15,8522.7,8523.2,8522.3,8522.3,13:35:00,8518.450675851982,2,54
2015-07-15,8523.15,8524.6,8522.2,8522.2,13:40:00,8518.898230532746,2,55
2015-07-15,8525.45,8525.45,8523.0,8525.1,13:45:00,8519.522208577248,2,56
2015-07-15,8529.0,8530.0,8527.0,8527.2,13:50:00,8520.424855379415,2,57
2015-07-15,8526.85,8528.55,8526.8,8528.55,13:55:00,8521.03677391471,2,58
2015-07-15,8528.8,8529.4,8526.95,8526.95,14:00:00,8521.776128779975,2,59
2015-07-15,8527.35,8528.7,8527.35,8528.7,14:05:00,8522.306973658073,2,60
2015-07-15,8525.0,8529.25,8525.0,8527.9,14:10:00,8522.563452357304,2,61
2015-07-15,8520.65,8524.55,8517.45,8521.1,14:15:00,8522.381218799466,2,62
2015-07-15,8523.75,8524.3,8521.05,8521.05,14:20:00,8522.511578913804,2,63
2015-07-15,8523.3,8523.35,8520.95,8520.95,14:25:00,8522.586666636298,2,64
2015-07-15,8525.8,8528.15,8523.35,8523.75,14:30:00,8522.892698385222,2,65
2015-07-15,8521.35,8524.35,8521.35,8524.35,14:35:00,8522.745774729487,2,66
2015-07-15,8520.5,8522.25,8520.5,8521.3,14:40:00,8522.531891421917,2,67
2015-07-15,8520.15,8521.55,8518.3,8518.3,14:45:00,8522.305044619829,2,68
2015-07-15,8518.1,8520.05,8518.1,8520.05,14:50:00,8521.904564179844,2,69
2015-07-15,8507.35,8511.75,8507.35,8508.75,14:55:00,8520.518415210336,2,70
2015-07-15,8515.55,8518.05,8515.1,8515.1,15:00:00,8520.045232809352,2,71
2015-07-15,8519.3,8519.3,8515.25,8515.25,15:05:00,8519.974258256081,2,72
2015-07-15,8526.15,8528.9,8521.05,8521.05,15:10:00,8520.562424136455,2,73
2015-07-15,8526.95,8527.75,8524.85,8526.7,15:15:00,8521.170764694887,2,74
2015-07-15,8523.0,8526.95,8523.0,8526.95,15:20:00,8521.344977581088,2,75
2015-07-15,8528.0,8528.0,8523.75,8523.75,15:25:00,8521.97878924003,2,76
2015-07-16,8546.15,8546.15,8546.15,8546.15,09:10:00,8524.28080931241,3,1
2015-07-16,8554.7,8558.3,8545.8,8545.8,09:15:00,8527.17787509218,3,2
2015-07-16,8551.65,8561.75,8551.65,8556.95,09:20:00,8529.508553654829,3,3
2015-07-16,8562.6,8562.6,8550.4,8550.4,09:25:00,8532.660119973416,3,4
2015-07-16,8557.6,8563.25,8557.6,8561.8,09:30:00,8535.035346642615,3,5
2015-07-16,8556.05,8557.15,8553.7,8555.7,09:35:00,8537.03674220046,3,6
2015-07-16,8558.9,8561.9,8558.8,8559.2,09:40:00,8539.118957228988,3,7
2015-07-16,8569.8,8569.8,8562.4,8563.15,09:45:00,8542.040961302417,3,8
2015-07-16,8568.45,8570.6,8568.4,8568.4,09:50:00,8544.556107845043,3,9
2015-07-16,8571.5,8571.5,8566.7,8568.8,09:55:00,8547.122192812181,3,10
2015-07-16,8574.3,8574.3,8571.45,8571.45,10:00:00,8549.710555401498,3,11
2015-07-16,8569.5,8574.1,8569.5,8573.25,10:05:00,8551.59526441088,3,12
2015-07-16,8572.9,8572.9,8568.35,8568.35,10:10:00,8553.624286847938,3,13
2015-07-16,8569.15,8572.3,8569.15,8572.3,10:15:00,8555.102926195754,3,14
2015-07-16,8571.4,8571.4,8568.4,8568.95,10:20:00,8556.655028462825,3,15
2015-07-16,8572.1,8573.2,8571.4,8571.4,10:25:00,8558.125978133032,3,16
2015-07-16,8571.45,8571.45,8569.55,8571.3,10:30:00,8559.394932596553,3,17
2015-07-16,8571.45,8572.75,8570.6,8572.25,10:35:00,8560.543034254024,3,18
2015-07-16,8568.75,8568.75,8566.0,8567.15,10:40:00,8561.324650039356,3,19
2015-07-16,8572.0,8572.55,8569.65,8569.9,10:45:00,8562.341350035607,3,20
2015-07-16,8568.25,8571.75,8568.1,8569.55,10:50:00,8562.904078603646,3,21
2015-07-16,8573.55,8573.55,8569.7,8569.7,10:55:00,8563.917975879489,3,22
2015-07-16,8568.25,8570.4,8568.2,8570.0,11:00:00,8564.330549605253,3,23
2015-07-16,8566.75,8566.75,8564.35,8564.45,11:05:00,8564.560973452371,3,24
2015-07-16,8568.9,8568.9,8568.05,8568.15,11:10:00,8564.974214075955,3,25
2015-07-16,8571.55,8571.55,8569.15,8569.95,11:15:00,8565.600479402055,3,26
2015-07-16,8573.9,8574.75,8572.4,8572.4,11:20:00,8566.390909935193,3,27
2015-07-16,8573.45,8573.45,8570.6,8571.7,11:25:00,8567.063204227079,3,28
2015-07-16,8572.65,8572.65,8571.75,8572.2,11:30:00,8567.595280014975,3,29
2015-07-16,8573.95,8574.75,8573.5,8573.95,11:35:00,8568.200491442121,3,30
2015-07-16,8569.85,8573.5,8569.85,8573.5,11:40:00,8568.357587495253,3,31
2015-07-16,8567.2,8570.45,8567.2,8570.45,11:45:00,8568.247341067134,3,32
2015-07-16,8569.3,8569.35,8567.55,8567.55,11:50:00,8568.347594298835,3,33
2015-07-16,8567.35,8569.45,8567.35,8569.45,11:55:00,8568.252585317994,3,34
2015-07-16,8569.3,8569.3,8568.05,8568.05,12:00:00,8568.352339097233,3,35
2015-07-16,8571.5,8571.9,8569.75,8569.75,12:05:00,8568.652116326068,3,36
2015-07-16,8574.65,8574.65,8571.8,8571.8,12:10:00,8569.223343342634,3,37
2015-07-16,8573.15,8574.6,8573.15,8574.6,12:15:00,8569.597310643336,3,38
2015-07-16,8575.25,8575.25,8573.1,8573.1,12:20:00,8570.135662010638,3,39
2015-07-16,8572.7,8573.95,8572.7,8573.9,12:25:00,8570.379884676291,3,40
2015-07-16,8571.5,8572.6,8571.0,8572.6,12:30:00,8570.486562326168,3,41
2015-07-16,8570.6,8573.35,8570.6,8573.35,12:35:00,8570.497365914152,3,42
2015-07-16,8567.65,8570.85,8567.55,8570.85,12:40:00,8570.226188208042,3,43
2015-07-16,8568.25,8568.25,8566.45,8566.85,12:45:00,8570.037979807275,3,44
2015-07-16,8578.05,8578.05,8569.35,8569.35,12:50:00,8570.801029349439,3,45
2015-07-16,8575.5,8579.7,8574.25,8576.6,12:55:00,8571.248550363778,3,46
2015-07-16,8578.6,8580.1,8574.95,8574.95,13:00:00,8571.94868842437,3,47
2015-07-16,8582.2,8583.8,8582.2,8582.35,13:05:00,8572.925003812526,3,48
2015-07-16,8585.4,8585.4,8581.15,8581.15,13:10:00,8574.113098687523,3,49
2015-07-16,8587.2,8587.2,8582.85,8584.4,13:15:00,8575.359470241092,3,50
2015-07-16,8596.55,8596.55,8587.55,8587.55,13:20:00,8577.377615932417,3,51
2015-07-16,8593.1,8596.3,8592.55,8596.0,13:25:00,8578.874985843615,3,52
2015-07-16,8585.0,8592.1,8585.0,8592.1,13:30:00,8579.458320525175,3,53
2015-07-16,8590.95,8590.95,8586.95,8587.3,13:35:00,8580.552766189445,3,54
2015-07-16,8588.25,8590.85,8587.3,8587.3,13:40:00,8581.285836076164,3,55
2015-07-16,8594.1,8594.1,8587.0,8587.0,13:45:00,8582.506232640339,3,56
2015-07-16,8593.5,8595.0,8592.5,8594.75,13:50:00,8583.553258103164,3,57
2015-07-16,8591.55,8594.1,8591.4,8594.1,13:55:00,8584.314852569529,3,58
2015-07-16,8590.4,8592.05,8589.9,8592.05,14:00:00,8584.89439042005,3,59
2015-07-16,8595.1,8595.1,8590.65,8590.65,14:05:00,8585.866353237188,3,60
2015-07-16,8608.35,8608.35,8596.1,8596.1,14:10:00,8588.007652928885,3,61
2015-07-16,8604.55,8606.95,8604.55,8606.4,14:15:00,8589.583114554705,3,62
2015-07-16,8605.2,8605.75,8604.35,8605.75,14:20:00,8591.070436978067,3,63
2015-07-16,8609.25,8609.25,8606.2,8606.2,14:25:00,8592.801823932536,3,64
2015-07-16,8606.8,8612.2,8606.8,8611.85,14:30:00,8594.134983558008,3,65
2015-07-16,8605.25,8607.55,8602.5,8607.55,14:35:00,8595.193556552484,3,66
2015-07-16,8595.6,8602.65,8595.2,8602.65,14:40:00,8595.232265452247,3,67
2015-07-16,8598.95,8600.7,8597.5,8597.5,14:45:00,8595.586335409176,3,68
2015-07-16,8596.6,8598.5,8594.2,8598.5,14:50:00,8595.682874894017,3,69
2015-07-16,8597.05,8597.05,8594.5,8596.3,14:55:00,8595.813077285064,3,70
2015-07-16,8597.2,8599.2,8595.05,8597.35,15:00:00,8595.945165162677,3,71
2015-07-16,8608.7,8608.7,8599.45,8599.45,15:05:00,8597.15991133766,3,72
2015-07-16,8609.25,8610.15,8608.15,8608.95,15:10:00,8598.31134835312,3,73
2015-07-16,8609.85,8609.85,8605.9,8605.9,15:15:00,8599.410267557585,3,74
2015-07-16,8609.6,8611.25,8609.6,8611.25,15:20:00,8600.380718266386,3,75
2015-07-16,8612.85,8615.1,8612.45,8612.5,15:25:00,8601.568268907682,3,76
2015-07-17,8623.65,8623.65,8623.65,8623.65,09:10:00,8603.671290916474,4,1
2015-07-17,8620.05,8623.65,8614.9,8623.65,09:15:00,8605.231167972048,4,2
2015-07-17,8632.9,8632.9,8621.25,8621.25,09:20:00,8607.866294831852,4,3
2015-07-17,8638.0,8638.4,8632.65,8632.65,09:25:00,8610.736171514533,4,4
2015-07-17,8629.85,8641.65,8629.85,8641.65,09:30:00,8612.556536132197,4,5
2015-07-17,8620.35,8628.45,8620.35,8628.45,09:35:00,8613.298770786274,4,6
2015-07-17,8606.15,8620.2,8606.15,8620.2,09:40:00,8612.617935473296,4,7
2015-07-17,8604.65,8611.85,8604.65,8609.0,09:45:00,8611.859084475838,4,8
2015-07-17,8600.65,8607.0,8600.6,8606.2,09:50:00,8610.791552620996,4,9
2015-07-17,8597.1,8601.05,8597.1,8601.05,09:55:00,8609.48759522852,4,10
2015-07-17,8613.4,8613.4,8599.9,8599.9,10:00:00,8609.860205206756,4,11
2015-07-17,8609.75,8614.35,8609.75,8612.55,10:05:00,8609.849709472779,4,12
2015-07-17,8611.45,8612.45,8606.8,8606.8,10:10:00,8610.002118094419,4,13
2015-07-17,8613.2,8613.3,8611.5,8613.3,10:15:00,8610.306678275902,4,14
2015-07-17,8608.2,8611.8,8608.2,8611.75,10:20:00,8610.106042249625,4,15
2015-07-17,8609.15,8609.15,8606.65,8606.65,10:25:00,8610.014990606804,4,16
2015-07-17,8609.95,8610.0,8608.05,8608.05,10:30:00,8610.008801025204,4,17
2015-07-17,8609.05,8609.05,8607.55,8607.55,10:35:00,8609.91748664185,4,18
2015-07-17,8610.05,8610.05,8608.45,8608.45,10:40:00,8609.930106961674,4,19
2015-07-17,8611.85,8613.2,8610.8,8610.8,10:45:00,8610.112953917705,4,20
2015-07-17,8603.9,8611.35,8603.9,8611.15,10:50:00,8609.521244020782,4,21
2015-07-17,8602.55,8603.85,8601.75,8603.65,10:55:00,8608.857316018803,4,22
2015-07-17,8603.55,8603.75,8601.05,8603.55,11:00:00,8608.351857350346,4,23
2015-07-17,8607.95,8607.95,8605.3,8605.3,11:05:00,8608.313585221742,4,24
2015-07-17,8606.2,8607.35,8606.2,8606.4,11:10:00,8608.1122913911,4,25
2015-07-17,8607.35,8608.25,8606.0,8607.05,11:15:00,8608.039692210996,4,26
2015-07-17,8606.65,8607.25,8605.3,8606.45,11:20:00,8607.907340571854,4,27
2015-07-17,8614.25,8614.25,8607.5,8607.5,11:25:00,8608.511403374534,4,28
2015-07-17,8608.15,8613.35,8608.15,8613.35,11:30:00,8608.47698400553,4,29
2015-07-17,8605.05,8608.25,8605.05,8606.8,11:35:00,8608.150604576433,4,30
2015-07-17,8601.3,8605.7,8601.3,8603.95,11:40:00,8607.498166045343,4,31
2015-07-17,8601.95,8603.35,8601.6,8601.65,11:45:00,8606.96976927912,4,32
2015-07-17,8604.4,8604.8,8604.0,8604.1,11:50:00,8606.725029347775,4,33
2015-07-17,8606.2,8606.2,8603.5,8604.1,11:55:00,8606.67502655275,4,34
2015-07-17,8610.3,8611.4,8607.65,8607.65,12:00:00,8607.020262119155,4,35
2015-07-17,8611.65,8611.75,8610.05,8611.1,12:05:00,8607.461189536378,4,36
2015-07-17,8609.65,8613.35,8609.65,8613.3,12:10:00,8607.66964767577,4,37
2015-07-17,8610.65,8610.65,8608.55,8608.55,12:15:00,8607.953490754267,4,38
2015-07-17,8610.3,8610.3,8609.0,8609.8,12:20:00,8608.17696782529,4,39
2015-07-17,8608.4,8611.3,8608.4,8611.1,12:25:00,8608.198208984786,4,40
2015-07-17,8607.35,8609.3,8606.2,8609.3,12:30:00,8608.117427176712,4,41
2015-07-17,8612.9,8612.9,8609.25,8609.25,12:35:00,8608.57291030274,4,42
2015-07-17,8610.95,8612.9,8610.95,8612.9,12:40:00,8608.799299797718,4,43
2015-07-17,8612.45,8612.45,8608.75,8611.35,12:45:00,8609.146985531268,4,44
2015-07-17,8616.8,8616.8,8612.2,8612.2,12:50:00,8609.8758440521,4,45
2015-07-17,8619.5,8620.7,8617.55,8617.55,12:55:00,8610.792430332853,4,46
2015-07-17,8614.3,8616.85,8613.55,8616.85,13:00:00,8611.126484586866,4,47
2015-07-17,8609.65,8611.3,8607.75,8611.3,13:05:00,8610.985867007164,4,48
2015-07-17,8617.3,8617.3,8610.75,8610.75,13:10:00,8611.587213006482,4,49
2015-07-17,8613.0,8616.15,8612.75,8616.15,13:15:00,8611.721764148722,4,50
2015-07-17,8614.8,8616.25,8612.35,8612.35,13:20:00,8612.014929467892,4,51
2015-07-17,8614.15,8616.4,8612.2,8616.4,13:25:00,8612.21826951857,4,52
2015-07-17,8616.15,8616.15,8613.0,8613.0,13:30:00,8612.592720040611,4,53
2015-07-17,8620.55,8620.55,8615.8,8616.3,13:35:00,8613.350556227218,4,54
2015-07-17,8621.6,8626.25,8620.15,8620.15,13:40:00,8614.136217538911,4,55
2015-07-17,8623.95,8623.95,8622.4,8623.75,13:45:00,8615.070863487586,4,56
2015-07-17,8626.55,8626.8,8624.6,8624.6,13:50:00,8616.164114584008,4,57
2015-07-17,8623.45,8624.85,8622.85,8624.85,13:55:00,8616.85800843315,4,58
2015-07-17,8629.6,8630.25,8626.7,8627.0,14:00:00,8618.071531439517,4,59
2015-07-17,8633.85,8635.2,8629.9,8629.9,14:05:00,8619.57424273099,4,60
2015-07-17,8627.5,8635.15,8627.5,8635.0,14:10:00,8620.32907675661,4,61
2015-07-17,8624.0,8628.05,8624.0,8628.05,14:15:00,8620.678688494076,4,62
2015-07-17,8614.6,8616.85,8611.0,8614.85,14:20:00,8620.099765780355,4,63
2015-07-17,8618.2,8618.2,8612.35,8612.35,14:25:00,8619.918835706036,4,64
2015-07-17,8623.35,8624.65,8618.6,8618.6,14:30:00,8620.245613257843,4,65
2015-07-17,8624.2,8624.9,8623.75,8623.75,14:35:00,8620.622221519001,4,66
2015-07-17,8620.25,8625.5,8620.25,8625.5,14:40:00,8620.586771850525,4,67
2015-07-17,8621.3,8621.3,8619.7,8619.7,14:45:00,8620.654698340952,4,68
2015-07-17,8621.05,8624.35,8621.05,8623.45,14:50:00,8620.692346118003,4,69
2015-07-17,8621.55,8621.55,8619.45,8619.45,14:55:00,8620.774027440099,4,70
2015-07-17,8612.2,8621.0,8612.0,8621.0,15:00:00,8619.957453398185,4,71
2015-07-17,8609.05,8610.7,8604.0,8610.7,15:05:00,8618.918648312643,4,72
2015-07-17,8603.55,8608.9,8603.55,8608.9,15:10:00,8617.454967520964,4,73
2015-07-17,8612.6,8612.6,8605.55,8605.65,15:15:00,8616.992589661824,4,74
2015-07-17,8615.95,8615.95,8610.55,8612.25,15:20:00,8616.893295408317,4,75
2015-07-17,8613.4,8617.05,8613.4,8617.05,15:25:00,8616.560600607525,4,76
2015-07-20,8623.9,8623.9,8623.9,8623.9,09:10:00,8617.259591025857,0,1
2015-07-20,8596.2,8623.9,8596.2,8623.9,09:15:00,8615.25391569006,0,2
2015-07-20,8595.75,8595.75,8589.05,8589.1,09:20:00,8613.396399910054,0,3
2015-07-20,8585.5,8595.0,8585.5,8595.0,09:25:00,8610.739599918621,0,4
2015-07-20,8574.3,8579.7,8572.35,8579.7,09:30:00,8607.269161831133,0,5
2015-07-20,8583.55,8583.65,8575.25,8575.25,09:35:00,8605.010194037692,0,6
2015-07-20,8583.95,8589.65,8583.95,8584.95,09:40:00,8603.004461272198,0,7
2015-07-20,8590.55,8590.55,8589.15,8589.75,09:45:00,8601.818322103418,0,8
2015-07-20,8587.1,8591.9,8587.1,8591.9,09:50:00,8600.416577141188,0,9
2015-07-20,8588.75,8588.75,8587.4,8587.4,09:55:00,8599.305474556313,0,10
2015-07-20,8588.4,8588.45,8586.8,8586.8,10:00:00,8598.266857931903,0,11
2015-07-20,8585.9,8589.15,8585.9,8589.05,10:05:00,8597.089061938388,0,12
2015-07-20,8578.9,8583.75,8578.9,8582.45,10:10:00,8595.356770325208,0,13
2015-07-20,8577.3,8581.25,8577.3,8581.15,10:15:00,8593.637077913285,0,14
2015-07-20,8575.5,8575.5,8570.0,8571.85,10:20:00,8591.909737159638,0,15
2015-07-20,8580.9,8580.9,8577.25,8577.25,10:25:00,8590.861190763482,0,16
2015-07-20,8581.75,8582.2,8580.7,8580.7,10:30:00,8589.993458309817,0,17
2015-07-20,8585.75,8586.85,8582.85,8582.85,10:35:00,8589.589319423168,0,18
2015-07-20,8583.95,8584.6,8583.5,8583.5,10:40:00,8589.052241382868,0,19
2015-07-20,8582.65,8582.95,8580.9,8582.95,10:45:00,8588.442504108309,0,20
2015-07-20,8583.3,8585.1,8583.05,8585.1,10:50:00,8587.95274181228,0,21
2015-07-20,8578.5,8583.25,8578.5,8583.25,10:55:00,8587.0524806873,0,22
2015-07-20,8580.65,8580.65,8574.25,8579.8,11:00:00,8586.442720621842,0,23
2015-07-20,8578.65,8580.1,8577.8,8580.1,11:05:00,8585.700556753096,0,24
2015-07-20,8575.35,8579.4,8575.35,8578.9,11:10:00,8584.714789443278,0,25
2015-07-20,8579.7,8579.7,8575.7,8575.7,11:15:00,8584.23719044868,0,26
2015-07-20,8582.65,8583.6,8581.45,8582.35,11:20:00,8584.086029453569,0,27
2015-07-20,8579.45,8580.95,8579.45,8580.95,11:25:00,8583.644502838943,0,28
2015-07-20,8570.75,8579.25,8570.75,8579.25,11:30:00,8582.41645494952,0,29
2015-07-20,8571.15,8572.65,8569.3,8569.3,11:35:00,8581.34345924004,0,30
2015-07-20,8572.95,8574.55,8571.85,8571.85,11:40:00,8580.544082169561,0,31
2015-07-20,8572.25,8574.7,8572.25,8573.5,11:45:00,8579.754169581984,0,32
2015-07-20,8566.55,8568.7,8564.15,8568.7,11:50:00,8578.496629621795,0,33
2015-07-20,8565.1,8565.1,8563.0,8564.75,11:55:00,8577.220760134005,0,34
2015-07-20,8570.3,8570.3,8566.6,8566.6,12:00:00,8576.561640121243,0,35
2015-07-20,8567.8,8570.4,8567.8,8570.4,12:05:00,8575.727198204933,0,36
2015-07-20,8565.45,8566.55,8563.6,8566.55,12:10:00,8574.748417423512,0,37
2015-07-20,8565.5,8567.75,8564.5,8564.5,12:15:00,8573.867615764131,0,38
2015-07-20,8562.7,8568.1,8562.7,8568.1,12:20:00,8572.804033310404,0,39
2015-07-20,8563.95,8563.95,8562.0,8562.65,12:25:00,8571.960792042746,0,40
2015-07-20,8570.5,8570.5,8565.35,8565.35,12:30:00,8571.821668991055,0,41
2015-07-20,8568.65,8570.25,8568.4,8570.25,12:35:00,8571.519605277621,0,42
2015-07-20,8563.9,8567.25,8563.9,8567.25,12:40:00,8570.793928584513,0,43
2015-07-20,8564.65,8564.65,8563.7,8564.2,12:45:00,8570.208792528845,0,44
2015-07-20,8568.95,8572.45,8565.0,8565.0,12:50:00,8570.088907526098,0,45
2015-07-20,8566.35,8567.6,8563.75,8567.6,12:55:00,8569.732821095042,0,46
2015-07-20,8566.35,8566.35,8562.7,8564.0,13:00:00,8569.410647657418,0,47
2015-07-20,8565.8,8565.8,8565.2,8565.8,13:05:00,8569.06677645195,0,48
2015-07-20,8566.7,8567.45,8565.5,8567.0,13:10:00,8568.841369170812,0,49
2015-07-20,8564.95,8568.45,8564.95,8567.5,13:15:00,8568.470762583116,0,50
2015-07-20,8564.45,8566.05,8564.45,8564.8,13:20:00,8568.087832813295,0,51
2015-07-20,8564.85,8565.1,8562.5,8563.3,13:25:00,8567.779467783457,0,52
2015-07-20,8575.65,8577.2,8564.35,8564.35,13:30:00,8568.52904228027,0,53
2015-07-20,8573.2,8575.35,8573.2,8573.45,13:35:00,8568.973895396435,0,54
2015-07-20,8570.25,8574.7,8570.25,8574.7,13:40:00,8569.095429168203,0,55
2015-07-20,8567.0,8569.45,8566.5,8569.45,13:45:00,8568.895864485517,0,56
2015-07-20,8575.55,8575.55,8570.5,8570.5,13:50:00,8569.529591677372,0,57
2015-07-20,8570.45,8574.2,8570.25,8570.25,13:55:00,8569.61724961286,0,58
2015-07-20,8578.25,8578.55,8570.65,8570.65,14:00:00,8570.439416316398,0,59
2015-07-20,8580.45,8581.6,8576.4,8576.4,14:05:00,8571.392805238645,0,60
2015-07-20,8583.65,8585.3,8582.45,8582.9,14:10:00,8572.560157120679,0,61
2015-07-20,8587.0,8587.0,8586.2,8586.25,14:15:00,8573.935380252042,0,62
2015-07-20,8590.6,8591.75,8587.8,8591.75,14:20:00,8575.522486894704,0,63
2015-07-20,8590.75,8590.75,8588.65,8589.65,14:25:00,8576.972726238066,0,64
2015-07-20,8607.05,8607.05,8590.45,8590.45,14:30:00,8579.837228501106,0,65
2015-07-20,8604.8,8609.75,8604.35,8604.9,14:35:00,8582.214635310524,0,66
2015-07-20,8606.15,8610.3,8605.7,8605.7,14:40:00,8584.494193852377,0,67
2015-07-20,8604.05,8607.45,8602.0,8606.8,14:45:00,8586.356651580722,0,68
2015-07-20,8614.7,8615.4,8606.1,8606.3,14:50:00,8589.056018096844,0,69
2015-07-20,8614.9,8620.9,8614.9,8618.55,14:55:00,8591.517349706668,0,70
2015-07-20,8619.65,8619.65,8611.5,8611.5,15:00:00,8594.196649734604,0,71
2015-07-20,8612.85,8617.25,8612.85,8616.9,15:05:00,8595.973159283689,0,72
2015-07-20,8599.85,8610.3,8599.85,8610.3,15:10:00,8596.342382209052,0,73
2015-07-20,8602.05,8602.05,8599.0,8601.15,15:15:00,8596.885964855808,0,74
2015-07-20,8598.1,8598.75,8597.35,8598.75,15:20:00,8597.001587250494,0,75
2015-07-20,8598.95,8600.95,8598.45,8598.75,15:25:00,8597.187150369495,0,76
2015-07-21,8601.5,8601.5,8601.5,8601.5,09:10:00,8597.597897953352,1,1
2015-07-21,8620.75,8629.3,8601.5,8601.5,09:15:00,8599.802860053032,1,2
2015-07-21,8593.4,8624.85,8593.4,8624.85,09:20:00,8599.193063857505,1,3
2015-07-21,8601.2,8601.2,8590.05,8590.05,09:25:00,8599.384200632981,1,4
2015-07-21,8605.45,8605.45,8598.65,8600.65,09:30:00,8599.961895810793,1,5
2015-07-21,8607.3,8610.4,8604.1,8604.1,09:35:00,8600.660762876432,1,6
2015-07-21,8616.55,8616.55,8607.25,8607.25,09:40:00,8602.174023554868,1,7
2015-07-21,8616.65,8618.5,8613.8,8616.2,09:45:00,8603.552687978214,1,8
2015-07-21,8627.2,8629.05,8616.5,8617.35,09:50:00,8605.80481293267,1,9
2015-07-21,8624.5,8626.7,8624.5,8625.5,09:55:00,8607.585306939083,1,10
2015-07-21,8621.15,8626.15,8615.25,8626.15,10:00:00,8608.877182468694,1,11
2015-07-21,8618.25,8622.35,8618.25,8622.35,10:05:00,8609.76983175739,1,12
2015-07-21,8622.0,8623.2,8617.35,8621.9,10:10:00,8610.934609685259,1,13
2015-07-21,8628.15,8628.15,8621.0,8621.0,10:15:00,8612.574170667614,1,14
2015-07-21,8632.75,8632.75,8626.7,8626.7,10:20:00,8614.49567822308,1,15
2015-07-21,8628.55,8633.7,8628.55,8632.8,10:25:00,8615.834185058977,1,16
2015-07-21,8627.95,8629.85,8626.3,8629.85,10:30:00,8616.988072196218,1,17
2015-07-21,8623.4,8630.05,8623.4,8630.05,10:35:00,8617.598731987055,1,18
2015-07-21,8624.0,8624.0,8621.9,8621.9,10:40:00,8618.208376559716,1,19
2015-07-21,8622.75,8625.0,8622.15,8624.3,10:45:00,8618.640912125458,1,20
2015-07-21,8620.65,8623.5,8620.65,8623.5,10:50:00,8618.832253827795,1,21
2015-07-21,8619.6,8621.05,8618.85,8620.9,10:55:00,8618.905372510862,1,22
2015-07-21,8623.7,8623.7,8618.95,8619.1,11:00:00,8619.362003700304,1,23
2015-07-21,8624.8,8627.2,8623.55,8626.8,11:05:00,8619.879908109799,1,24
2015-07-21,8621.95,8624.75,8621.95,8624.75,11:10:00,8620.07705971839,1,25
2015-07-21,8620.5,8622.45,8620.5,8621.65,11:15:00,8620.11733974521,1,26
2015-07-21,8612.7,8619.5,8612.7,8619.5,11:20:00,8619.410926436141,1,27
2015-07-21,8613.05,8613.05,8606.2,8612.6,11:25:00,8618.805123918413,1,28
2015-07-21,8612.5,8615.0,8612.5,8614.2,11:30:00,8618.204635926184,1,29
2015-07-21,8606.65,8611.7,8603.15,8611.7,11:35:00,8617.104194409405,1,30
2015-07-21,8599.2,8606.85,8599.2,8606.85,11:40:00,8615.39903303708,1,31
2015-07-21,8602.05,8602.05,8593.2,8599.7,11:45:00,8614.127696557358,1,32
2015-07-21,8605.45,8605.45,8602.7,8604.35,11:50:00,8613.301249266182,1,33
2015-07-21,8601.35,8604.5,8601.35,8604.5,11:55:00,8612.163035050355,1,34
2015-07-21,8596.55,8600.1,8596.5,8600.1,12:00:00,8610.676079331273,1,35
2015-07-21,8600.15,8603.0,8598.7,8598.7,12:05:00,8609.673595585436,1,36
2015-07-21,8600.7,8605.55,8600.7,8601.8,12:10:00,8608.818967434443,1,37
2015-07-21,8611.4,8611.4,8601.45,8601.45,12:15:00,8609.064780059734,1,38
2015-07-21,8611.1,8612.8,8607.3,8612.8,12:20:00,8609.258610530236,1,39
2015-07-21,8605.0,8608.4,8604.4,8608.4,12:25:00,8608.853028574977,1,40
2015-07-21,8605.5,8606.7,8604.3,8604.6,12:30:00,8608.533692520217,1,41
2015-07-21,8602.2,8603.5,8600.75,8602.65,12:35:00,8607.93048370877,1,42
2015-07-21,8608.85,8608.85,8601.85,8601.85,12:40:00,8608.018056688887,1,43
2015-07-21,8607.7,8607.7,8604.85,8605.6,12:45:00,8607.987765575659,1,44
2015-07-21,8607.9,8608.05,8606.0,8606.65,12:50:00,8607.979406949406,1,45
2015-07-21,8609.9,8610.6,8607.7,8607.7,12:55:00,8608.162320573272,1,46
2015-07-21,8606.3,8612.25,8606.25,8612.25,13:00:00,8607.984956709151,1,47
2015-07-21,8601.6,8605.1,8600.55,8605.1,13:05:00,8607.376865593995,1,48
2015-07-21,8597.95,8604.9,8597.95,8598.25,13:10:00,8606.479068870756,1,49
2015-07-21,8601.4,8603.8,8598.9,8598.9,13:15:00,8605.995348025923,1,50
2015-07-21,8607.65,8607.65,8602.05,8602.05,13:20:00,8606.152933928215,1,51
2015-07-21,8608.4,8609.3,8607.1,8607.1,13:25:00,8606.366940220765,1,52
2015-07-21,8604.15,8607.85,8603.6,8607.85,13:30:00,8606.155803056883,1,53
2015-07-21,8607.55,8609.8,8605.8,8606.5,13:35:00,8606.288583718133,1,54
2015-07-21,8604.05,8605.45,8602.45,8604.7,13:40:00,8606.075385268787,1,55
2015-07-21,8605.35,8606.15,8604.3,8606.05,13:45:00,8606.006300957473,1,56
2015-07-21,8607.7,8608.9,8605.9,8605.9,13:50:00,8606.16760562819,1,57
2015-07-21,8605.5,8608.65,8605.5,8605.85,13:55:00,8606.104024139791,1,58
2015-07-21,8608.25,8608.25,8605.8,8606.15,14:00:00,8606.308402793145,1,59
2015-07-21,8602.7,8608.65,8602.7,8608.4,14:05:00,8605.964745384274,1,60
2015-07-21,8601.0,8604.0,8601.0,8601.9,14:10:00,8605.491912490534,1,61
2015-07-21,8600.25,8604.7,8600.25,8604.7,14:15:00,8604.992682729531,1,62
2015-07-21,8594.3,8601.45,8594.3,8598.85,14:20:00,8603.974331993384,1,63
2015-07-21,8585.6,8594.4,8585.6,8594.4,14:25:00,8602.224395613062,1,64
2015-07-21,8575.2,8583.55,8575.2,8581.0,14:30:00,8599.650643649915,1,65
2015-07-21,8576.9,8577.0,8570.35,8577.0,14:35:00,8597.483915683257,1,66
2015-07-21,8578.9,8583.3,8577.8,8580.6,14:40:00,8595.714018951518,1,67
2015-07-21,8557.05,8578.6,8557.05,8578.6,14:45:00,8592.031731432326,1,68
2015-07-21,8553.9,8557.3,8553.25,8553.25,14:50:00,8588.40013796258,1,69
2015-07-21,8544.75,8547.2,8544.05,8547.2,14:55:00,8584.242981966145,1,70
2015-07-21,8519.35,8540.0,8519.35,8540.0,15:00:00,8578.062697969368,1,71
2015-07-21,8537.7,8537.7,8525.35,8525.35,15:05:00,8574.218631496095,1,72
2015-07-21,8526.35,8537.25,8525.8,8537.25,15:10:00,8569.659714210753,1,73
2015-07-21,8530.75,8530.75,8523.35,8525.95,15:15:00,8565.954027143063,1,74
2015-07-21,8531.0,8533.5,8528.8,8533.5,15:20:00,8562.625072177058,1,75
2015-07-21,8531.15,8532.55,8531.05,8531.05,15:25:00,8559.627446255432,1,76
2015-07-22,8512.25,8512.25,8512.25,8512.25,09:10:00,8555.115308516819,2,1
2015-07-22,8514.1,8514.75,8508.6,8512.25,09:15:00,8551.209088658074,2,2
2015-07-22,8517.8,8521.25,8515.25,8515.25,09:20:00,8548.027270690638,2,3
2015-07-22,8510.8,8512.8,8502.9,8512.8,09:25:00,8544.481816339148,2,4
2015-07-22,8517.6,8521.9,8513.75,8513.75,09:30:00,8541.921643354468,2,5
2015-07-22,8517.0,8517.0,8515.25,8515.25,09:35:00,8539.548153511185,2,6
2015-07-22,8511.0,8515.85,8510.05,8515.85,09:40:00,8536.829281748216,2,7
2015-07-22,8525.75,8525.75,8513.2,8513.2,09:45:00,8535.77411205791,2,8
2015-07-22,8531.1,8531.1,8525.2,8525.2,09:50:00,8535.328958528586,2,9
2015-07-22,8554.85,8554.85,8541.7,8541.7,09:55:00,8537.188105335386,2,10
2015-07-22,8555.05,8562.75,8553.6,8553.6,10:00:00,8538.889238160587,2,11
2015-07-22,8552.45,8552.45,8546.95,8552.2,10:05:00,8540.180739288151,2,12
2015-07-22,8574.6,8574.6,8555.2,8555.2,10:10:00,8543.458764117851,2,13
2015-07-22,8565.35,8570.15,8565.35,8570.15,10:15:00,8545.543643725676,2,14
2015-07-22,8573.35,8577.55,8569.45,8569.45,10:20:00,8548.191868132755,2,15
2015-07-22,8563.4,8571.1,8563.15,8571.1,10:25:00,8549.64026164392,2,16
2015-07-22,8566.7,8567.15,8563.4,8563.4,10:30:00,8551.264998630213,2,17
2015-07-22,8563.0,8565.0,8562.95,8564.4,10:35:00,8552.382617808289,2,18
2015-07-22,8570.85,8570.85,8564.95,8564.95,10:40:00,8554.141416112261,2,19
2015-07-22,8573.4,8573.4,8571.25,8571.25,10:45:00,8555.975566958712,2,20
2015-07-22,8576.85,8577.35,8575.1,8575.1,10:50:00,8557.96360820074,2,21
2015-07-22,8575.6,8577.5,8574.75,8577.5,10:55:00,8559.643264562574,2,22
2015-07-22,8579.65,8579.65,8575.6,8575.6,11:00:00,8561.548667937566,2,23
2015-07-22,8584.3,8590.35,8580.35,8580.35,11:05:00,8563.715461467322,2,24
2015-07-22,8577.35,8582.55,8576.2,8582.55,11:10:00,8565.013988946625,2,25
2015-07-22,8586.3,8586.7,8580.1,8580.1,11:15:00,8567.041228094564,2,26
2015-07-22,8583.7,8588.7,8583.7,8588.7,11:20:00,8568.627777799844,2,27
2015-07-22,8595.15,8595.15,8583.95,8583.95,11:25:00,8571.153703723669,2,28
2015-07-22,8595.9,8596.05,8594.0,8595.95,11:30:00,8573.510493845224,2,29
2015-07-22,8588.6,8596.4,8588.6,8596.4,11:35:00,8574.94758966949,2,30
2015-07-22,8589.75,8589.75,8586.05,8588.65,11:40:00,8576.3573430343,2,31
2015-07-22,8585.15,8587.85,8584.05,8587.4,11:45:00,8577.194738935796,2,32
2015-07-22,8582.7,8584.35,8579.1,8584.35,11:50:00,8577.719049513338,2,33
2015-07-22,8589.1,8589.2,8586.2,8586.55,11:55:00,8578.802949559687,2,34
2015-07-22,8587.8,8589.55,8587.8,8588.9,12:00:00,8579.659811506383,2,35
2015-07-22,8585.95,8587.65,8585.95,8586.1,12:05:00,8580.258877077204,2,36
2015-07-22,8607.35,8607.35,8590.0,8590.0,12:10:00,8582.838984022232,2,37
2015-07-22,8606.2,8611.8,8606.2,8607.4,12:15:00,8585.06384268678,2,38
2015-07-22,8613.05,8613.05,8607.85,8607.85,12:20:00,8587.729191002325,2,39
2015-07-22,8608.65,8614.45,8608.65,8612.6,12:25:00,8589.721649002104,2,40
2015-07-22,8603.1,8608.2,8602.7,8608.2,12:30:00,8590.99577766857,2,41
2015-07-22,8606.4,8606.4,8604.0,8605.05,12:35:00,8592.46284646204,2,42
2015-07-22,8607.45,8608.15,8604.1,8607.1,12:40:00,8593.890194418036,2,43
2015-07-22,8606.15,8607.4,8605.95,8607.4,12:45:00,8595.057794949651,2,44
2015-07-22,8605.8,8608.75,8605.8,8607.5,12:50:00,8596.080862097304,2,45
2015-07-22,8599.6,8605.8,8599.6,8605.8,12:55:00,8596.416018088037,2,46
2015-07-22,8604.45,8604.45,8600.3,8600.3,13:00:00,8597.18115922251,2,47
2015-07-22,8598.5,8604.6,8598.5,8604.6,13:05:00,8597.30676310608,2,48
2015-07-22,8599.75,8600.6,8596.05,8597.6,13:10:00,8597.539452334073,2,49
2015-07-22,8614.9,8614.9,8601.3,8601.3,13:15:00,8599.192837826065,2,50
2015-07-22,8613.4,8615.25,8612.25,8615.25,13:20:00,8600.54590089025,2,51
2015-07-22,8609.55,8610.85,8608.85,8610.85,13:25:00,8601.403434138798,2,52
2015-07-22,8612.95,8616.65,8610.45,8610.45,13:30:00,8602.50310707796,2,53
2015-07-22,8614.35,8614.75,8612.25,8612.25,13:35:00,8603.631382594345,2,54
2015-07-22,8620.8,8621.65,8615.2,8615.2,13:40:00,8605.266489013931,2,55
2015-07-22,8618.75,8623.6,8618.75,8620.2,13:45:00,8606.550632917366,2,56
2015-07-22,8620.1,8620.1,8617.0,8618.15,13:50:00,8607.841048829998,2,57
2015-07-22,8631.2,8632.4,8622.85,8622.85,13:55:00,8610.06571084619,2,58
2015-07-22,8635.45,8641.15,8635.45,8637.85,14:00:00,8612.483262194171,2,59
2015-07-22,8631.7,8637.25,8631.25,8634.4,14:05:00,8614.31342769949,2,60
2015-07-22,8628.35,8633.6,8624.05,8633.6,14:10:00,8615.650244109063,2,61
2015-07-22,8625.45,8627.9,8625.2,8625.2,14:15:00,8616.583554193914,2,62
2015-07-22,8627.45,8633.6,8624.8,8624.8,14:20:00,8617.618453794494,2,63
2015-07-22,8635.95,8635.95,8627.6,8627.6,14:25:00,8619.364315337874,2,64
2015-07-22,8629.15,8636.25,8628.9,8636.25,14:30:00,8620.296285305696,2,65
2015-07-22,8630.25,8630.25,8626.8,8628.6,14:35:00,8621.244258133725,2,66
2015-07-22,8630.4,8634.85,8629.6,8629.6,14:40:00,8622.116233549561,2,67
2015-07-22,8640.45,8640.45,8630.25,8630.25,14:45:00,8623.862306544841,2,68
2015-07-22,8636.8,8641.75,8636.8,8639.6,14:50:00,8625.094467826284,2,69
2015-07-22,8635.6,8636.6,8633.4,8635.6,14:55:00,8626.094994699972,2,70
2015-07-22,8631.95,8633.6,8630.5,8633.45,15:00:00,8626.652614252356,2,71
2015-07-22,8636.1,8636.1,8632.65,8632.65,15:05:00,8627.55236527594,2,72
2015-07-22,8632.0,8636.65,8631.6,8636.65,15:10:00,8627.975949535374,2,73
2015-07-22,8640.2,8640.2,8633.3,8633.3,15:15:00,8629.14014481772,2,74
2015-07-22,8628.55,8638.45,8628.55,8638.45,15:20:00,8629.083940549366,2,75
2015-07-22,8630.7,8631.05,8627.3,8627.3,15:25:00,8629.237850973235,2,76
2015-07-23,8643.95,8643.95,8643.95,8643.95,09:10:00,8630.639008023403,3,1
2015-07-23,8632.4,8643.95,8628.3,8643.95,09:15:00,8630.806721544985,3,2
2015-07-23,8629.95,8631.15,8624.25,8624.25,09:20:00,8630.725129016892,3,3
2015-07-23,8645.4,8645.4,8629.95,8629.95,09:25:00,8632.122735777188,3,4
2015-07-23,8650.6,8652.8,8647.6,8651.85,09:30:00,8633.88247522698,3,5
2015-07-23,8628.0,8649.35,8628.0,8649.35,09:35:00,8633.322239491077,3,6
2015-07-23,8626.35,8627.85,8626.35,8627.45,09:40:00,8632.658216682403,3,7
2015-07-23,8633.8,8635.15,8630.6,8630.6,09:45:00,8632.766957950746,3,8
2015-07-23,8641.6,8642.15,8636.1,8636.1,09:50:00,8633.608200050676,3,9
2015-07-23,8640.05,8642.35,8637.55,8642.35,09:55:00,8634.221704807755,3,10
2015-07-23,8636.6,8642.25,8636.6,8642.25,10:00:00,8634.448209111779,3,11
2015-07-23,8633.25,8636.8,8630.65,8636.8,10:05:00,8634.334093958276,3,12
2015-07-23,8633.85,8635.55,8631.55,8631.55,10:10:00,8634.287989771774,3,13
2015-07-23,8624.75,8630.45,8624.75,8630.45,10:15:00,8633.37960979351,3,14
2015-07-23,8632.3,8632.3,8627.4,8627.4,10:20:00,8633.276789813175,3,15
2015-07-23,8634.65,8634.85,8631.85,8631.85,10:25:00,8633.40757173573,3,16
2015-07-23,8631.0,8634.95,8631.0,8634.95,10:30:00,8633.17827918947,3,17
2015-07-23,8632.65,8633.95,8631.05,8631.85,10:35:00,8633.12796688571,3,18
2015-07-23,8637.8,8637.8,8632.5,8632.5,10:40:00,8633.572922420404,3,19
2015-07-23,8636.35,8636.55,8635.55,8636.4,10:45:00,8633.837405999413,3,20
2015-07-23,8639.15,8642.0,8639.15,8639.4,10:50:00,8634.343367332802,3,21
2015-07-23,8638.35,8639.95,8637.75,8637.75,10:55:00,8634.724951396345,3,22
2015-07-23,8638.05,8640.5,8638.05,8638.3,11:00:00,8635.041622691931,3,23
2015-07-23,8629.8,8636.75,8629.8,8635.15,11:05:00,8634.542420530795,3,24
2015-07-23,8631.45,8631.85,8629.75,8629.75,11:10:00,8634.247904289767,3,25
2015-07-23,8634.65,8634.85,8632.0,8632.3,11:15:00,8634.286199119313,3,26
2015-07-23,8629.7,8630.2,8628.75,8630.2,11:20:00,8633.849418250808,3,27
2015-07-23,8616.85,8626.6,8616.85,8626.6,11:25:00,8632.230426036445,3,28
2015-07-23,8609.0,8615.85,8606.5,8615.85,11:30:00,8630.018004509166,3,29
2015-07-23,8598.9,8604.2,8593.05,8604.2,11:35:00,8627.054385032101,3,30
2015-07-23,8597.05,8597.95,8593.5,8594.65,11:40:00,8624.196824552853,3,31
2015-07-23,8605.75,8605.75,8599.1,8599.1,11:45:00,8622.439984119248,3,32
2015-07-23,8606.6,8608.7,8605.05,8605.05,11:50:00,8620.931414203129,3,33
2015-07-23,8597.7,8607.6,8597.7,8607.6,11:55:00,8618.718898564735,3,34
2015-07-23,8601.25,8602.8,8598.55,8598.55,12:00:00,8617.055193939523,3,35
2015-07-23,8613.5,8613.5,8601.65,8601.75,12:05:00,8616.71660404052,3,36
2015-07-23,8617.9,8620.05,8611.9,8611.9,12:10:00,8616.829308417615,3,37
2015-07-23,8613.3,8618.55,8613.3,8618.55,12:15:00,8616.493183806413,3,38
2015-07-23,8613.9,8615.8,8613.6,8615.05,12:20:00,8616.246213920087,3,39
2015-07-23,8616.15,8617.95,8614.6,8614.6,12:25:00,8616.237050689602,3,40
2015-07-23,8614.5,8618.6,8614.5,8618.6,12:30:00,8616.071617290592,3,41
2015-07-23,8615.2,8615.75,8614.55,8614.55,12:35:00,8615.98860612006,3,42
2015-07-23,8608.2,8612.7,8608.2,8611.6,12:40:00,8615.246834108626,3,43
2015-07-23,8614.9,8614.9,8610.1,8610.1,12:45:00,8615.213802288758,3,44
2015-07-23,8618.2,8618.2,8613.55,8613.55,12:50:00,8615.498202070781,3,45
2015-07-23,8626.2,8627.75,8622.6,8627.75,12:55:00,8616.517420921184,3,46
2015-07-23,8627.05,8629.85,8627.05,8628.05,13:00:00,8617.520523690595,3,47
2015-07-23,8627.5,8628.95,8625.15,8627.4,13:05:00,8618.470950005776,3,48
2015-07-23,8622.65,8627.75,8619.2,8627.75,13:10:00,8618.868954767131,3,49
2015-07-23,8627.2,8627.2,8620.7,8624.3,13:15:00,8619.662387646453,3,50
2015-07-23,8627.75,8628.15,8625.55,8628.15,13:20:00,8620.432636442029,3,51
2015-07-23,8616.0,8624.0,8614.55,8624.0,13:25:00,8620.010480590407,3,52
2015-07-23,8599.2,8616.05,8597.45,8616.05,13:30:00,8618.028530057987,3,53
2015-07-23,8594.05,8607.7,8594.05,8605.1,13:35:00,8615.744860528655,3,54
2015-07-23,8595.45,8598.55,8591.6,8591.6,13:40:00,8613.812016668784,3,55
2015-07-23,8592.9,8599.2,8592.9,8598.35,13:45:00,8611.820396033661,3,56
2015-07-23,8593.8,8596.25,8585.35,8591.45,13:50:00,8610.10416783998,3,57
2015-07-23,8605.9,8605.9,8595.55,8595.55,13:55:00,8609.70377090284,3,58
2015-07-23,8597.9,8600.0,8595.4,8600.0,14:00:00,8608.579602245425,3,59
2015-07-23,8593.95,8601.65,8593.95,8598.2,14:05:00,8607.18630679348,3,60
2015-07-23,8580.15,8590.55,8580.15,8589.05,14:10:00,8604.611420432195,3,61
2015-07-23,8584.2,8584.2,8578.95,8579.85,14:15:00,8602.667475629129,3,62
2015-07-23,8584.55,8590.0,8584.55,8588.0,14:20:00,8600.942001759688,3,63
2015-07-23,8590.65,8591.5,8586.5,8586.5,14:25:00,8599.961811115907,3,64
2015-07-23,8597.55,8597.55,8589.7,8591.95,14:30:00,8599.732114819153,3,65
2015-07-23,8609.35,8612.15,8603.7,8603.7,14:35:00,8600.648103883996,3,66
2015-07-23,8614.25,8617.15,8613.3,8615.8,14:40:00,8601.94352256171,3,67
2015-07-23,8616.45,8617.15,8611.75,8611.75,14:45:00,8603.325091841547,3,68
2015-07-23,8616.35,8619.7,8615.75,8618.3,14:50:00,8604.565559285209,3,69
2015-07-23,8603.05,8616.35,8603.05,8616.35,14:55:00,8604.421220305665,3,70
2015-07-23,8597.75,8607.15,8597.75,8602.25,15:00:00,8603.78586599084,3,71
2015-07-23,8590.2,8594.7,8582.75,8594.7,15:05:00,8602.491973991711,3,72
2015-07-23,8587.3,8591.7,8587.3,8591.7,15:10:00,8601.045119325834,3,73
2015-07-23,8590.3,8590.3,8585.95,8589.15,15:15:00,8600.021774628136,3,74
2015-07-23,8591.65,8591.65,8588.8,8588.8,15:20:00,8599.22446275879,3,75
2015-07-23,8589.95,8593.1,8589.55,8593.1,15:25:00,8598.341180591286,3,76
2015-07-24,8588.15,8588.15,8588.15,8588.15,09:10:00,8597.370591963543,4,1
2015-07-24,8583.2,8588.15,8565.35,8588.15,09:15:00,8596.02101177654,4,2
2015-07-24,8568.05,8577.8,8568.05,8577.8,09:20:00,8593.357105893061,4,3
2015-07-24,8571.7,8576.2,8568.2,8568.2,09:25:00,8591.294524379437,4,4
2015-07-24,8574.1,8574.1,8568.5,8568.5,09:30:00,8589.656950629014,4,5
2015-07-24,8574.65,8574.7,8570.75,8574.7,09:35:00,8588.227717235775,4,6
2015-07-24,8576.2,8577.5,8573.45,8576.25,09:40:00,8587.082220356178,4,7
2015-07-24,8570.5,8579.15,8570.45,8578.15,09:45:00,8585.502961274637,4,8
2015-07-24,8576.8,8576.8,8569.4,8569.4,09:50:00,8584.67410781991,4,9
2015-07-24,8579.6,8581.3,8576.9,8576.9,09:55:00,8584.190859456108,4,10
2015-07-24,8582.0,8582.3,8579.15,8579.15,10:00:00,8583.982206174574,4,11
2015-07-24,8571.5,8578.9,8571.5,8578.05,10:05:00,8582.79342463414,4,12
2015-07-24,8571.4,8572.3,8569.25,8572.3,10:10:00,8581.708336573745,4,13
2015-07-24,8574.25,8575.9,8573.4,8575.05,10:15:00,8580.998018804818,4,14
2015-07-24,8568.95,8573.0,8568.95,8573.0,10:20:00,8579.850588442454,4,15
2015-07-24,8573.75,8573.75,8569.5,8569.5,10:25:00,8579.269580019363,4,16
2015-07-24,8573.65,8573.65,8571.3,8571.65,10:30:00,8578.73438192228,4,17
2015-07-24,8574.55,8575.7,8573.0,8573.0,10:35:00,8578.335869358254,4,18
2015-07-24,8572.8,8575.55,8572.15,8574.6,10:40:00,8577.808643705088,4,19
2015-07-24,8570.65,8572.6,8570.65,8571.75,10:45:00,8577.126868114126,4,20
2015-07-24,8574.25,8574.25,8572.45,8572.45,10:50:00,8576.852880674685,4,21
2015-07-24,8582.65,8582.65,8577.25,8577.25,10:55:00,8577.404987277096,4,22
2015-07-24,8575.55,8581.65,8575.55,8581.65,11:00:00,8577.228321822135,4,23
2015-07-24,8571.6,8574.8,8571.6,8571.9,11:05:00,8576.692291172407,4,24
2015-07-24,8569.3,8573.55,8569.3,8573.05,11:10:00,8575.9882634417,4,25
2015-07-24,8572.8,8572.8,8563.25,8566.75,11:15:00,8575.684619304397,4,26
2015-07-24,8571.1,8571.1,8569.75,8570.05,11:20:00,8575.247988894454,4,27
2015-07-24,8573.2,8573.2,8571.1,8571.1,11:25:00,8575.052942333077,4,28
2015-07-24,8572.55,8573.65,8572.0,8573.65,11:30:00,8574.814566872783,4,29
2015-07-24,8574.6,8577.5,8574.6,8577.5,11:35:00,8574.794131932518,4,30
2015-07-24,8575.7,8575.7,8574.55,8575.15,11:40:00,8574.880405081802,4,31
2015-07-24,8575.9,8576.55,8574.35,8576.05,11:45:00,8574.977509359725,4,32
2015-07-24,8574.35,8576.4,8574.35,8574.65,11:50:00,8574.91774656356,4,33
2015-07-24,8574.85,8574.95,8573.4,8573.4,11:55:00,8574.911294509888,4,34
2015-07-24,8575.5,8576.4,8575.0,8575.1,12:00:00,8574.967361699422,4,35
2015-07-24,8571.15,8574.95,8570.25,8574.95,12:05:00,8574.603803442335,4,36
2015-07-24,8569.1,8571.9,8569.1,8571.3,12:10:00,8574.079631685921,4,37
2015-07-24,8570.25,8571.75,8569.0,8571.75,12:15:00,8573.71490485869,4,38
2015-07-24,8571.75,8571.75,8570.15,8570.15,12:20:00,8573.527771062625,4,39
2015-07-24,8574.55,8574.55,8571.4,8571.4,12:25:00,8573.625126199517,4,40
2015-07-24,8574.8,8575.6,8573.65,8573.65,12:30:00,8573.73701894242,4,41
2015-07-24,8571.65,8574.9,8571.25,8574.9,12:35:00,8573.538255233618,4,42
2015-07-24,8567.25,8569.45,8563.4,8569.35,12:40:00,8572.939373782796,4,43
2015-07-24,8571.2,8571.2,8565.8,8565.95,12:45:00,8572.773719136814,4,44
2015-07-24,8576.15,8576.15,8570.65,8570.65,12:50:00,8573.095269695214,4,45
2015-07-24,8574.45,8574.45,8573.6,8574.4,12:55:00,8573.224291629003,4,46
2015-07-24,8571.75,8574.5,8571.75,8574.5,13:00:00,8573.08388290243,4,47
2015-07-24,8574.8,8576.25,8571.95,8573.3,13:05:00,8573.247322626008,4,48
2015-07-24,8568.8,8573.95,8568.8,8573.95,13:10:00,8572.823768090198,4,49
2015-07-24,8565.55,8570.95,8565.55,8570.95,13:15:00,8572.131028272084,4,50
2015-07-24,8552.1,8566.5,8550.3,8566.5,13:20:00,8570.22331129379,4,51
2015-07-24,8548.45,8552.0,8547.15,8552.0,13:25:00,8568.149662599144,4,52
2015-07-24,8553.75,8553.75,8546.4,8546.4,13:30:00,8566.77826616113,4,53
2015-07-24,8547.75,8553.4,8547.75,8553.4,13:35:00,8564.966050336261,4,54
2015-07-24,8553.1,8554.6,8551.9,8551.9,13:40:00,8563.835950304236,4,55
2015-07-24,8550.6,8554.2,8550.6,8552.8,13:45:00,8562.575383608595,4,56
2015-07-24,8554.4,8554.4,8547.1,8549.3,13:50:00,8561.796775645871,4,57
2015-07-24,8560.6,8560.6,8555.0,8555.0,13:55:00,8561.68279701293,4,58
2015-07-24,8550.3,8558.25,8550.3,8558.25,14:00:00,8560.598721106937,4,59
2015-07-24,8549.2,8553.8,8549.2,8552.25,14:05:00,8559.513128620561,4,60
2015-07-24,8546.2,8551.55,8545.1,8551.55,14:10:00,8558.245211609079,4,61
2015-07-24,8555.55,8555.55,8543.75,8543.75,14:15:00,8557.988524789167,4,62
2015-07-24,8556.75,8558.25,8556.75,8557.1,14:20:00,8557.870570047342,4,63
2015-07-24,8546.4,8555.15,8545.0,8555.15,14:25:00,8556.77813480474,4,64
2015-07-24,8556.4,8556.4,8546.1,8546.1,14:30:00,8556.742121966194,4,65
2015-07-24,8552.8,8555.1,8552.8,8554.55,14:35:00,8556.366681778936,4,66
2015-07-24,8552.9,8553.45,8548.55,8553.45,14:40:00,8556.036521609514,4,67
2015-07-24,8552.15,8552.15,8549.25,8550.05,14:45:00,8555.666376694322,4,68
2015-07-24,8551.1,8551.1,8545.85,8549.35,14:50:00,8555.231483675816,4,69
2015-07-24,8539.5,8549.55,8539.5,8549.55,14:55:00,8553.733247135262,4,70
2015-07-24,8528.05,8543.1,8528.05,8543.1,15:00:00,8551.28722359857,4,71
2015-07-24,8518.6,8524.5,8514.65,8524.5,15:05:00,8548.17415468442,4,72
2015-07-24,8522.65,8522.65,8518.05,8518.05,15:10:00,8545.743282809713,4,73
2015-07-24,8517.75,8522.3,8517.75,8522.3,15:15:00,8543.077255875454,4,74
2015-07-24,8520.75,8522.5,8520.5,8520.5,15:20:00,8540.950850553982,4,75
2015-07-24,8527.9,8527.9,8520.5,8520.5,15:25:00,8539.707912405984,4,76
2015-07-27,8492.1,8492.1,8492.1,8492.1,09:10:00,8535.173825510175,0,1
2015-07-27,8463.05,8492.1,8463.05,8492.1,09:15:00,8528.304889747302,0,2
2015-07-27,8456.3,8462.8,8451.75,8462.8,09:20:00,8521.44728119994,0,3
2015-07-27,8455.1,8461.15,8451.6,8451.6,09:25:00,8515.128492514232,0,4
2015-07-27,8453.6,8453.6,8445.25,8451.25,09:30:00,8509.268636084305,0,5
2015-07-27,8452.65,8456.65,8450.65,8450.65,09:35:00,8503.876385028658,0,6
2015-07-27,8446.6,8453.5,8446.6,8453.5,09:40:00,8498.421491216404,0,7
2015-07-27,8437.55,8447.55,8437.55,8445.1,09:45:00,8492.624206338653,0,8
2015-07-27,8437.1,8437.1,8431.85,8433.45,09:50:00,8487.336186687353,0,9
2015-07-27,8430.8,8438.75,8430.8,8438.75,09:55:00,8481.951787955224,0,10
2015-07-27,8429.05,8433.9,8426.1,8433.9,10:00:00,8476.91352243568,0,11
2015-07-27,8437.3,8439.55,8431.75,8431.75,10:05:00,8473.140806013234,0,12
2015-07-27,8430.9,8434.6,8430.8,8434.6,10:10:00,8469.117872107212,0,13
2015-07-27,8434.7,8434.7,8431.35,8431.35,10:15:00,8465.839979525572,0,14
2015-07-27,8432.45,8435.45,8432.45,8435.45,10:20:00,8462.659981475517,0,15
2015-07-27,8425.45,8431.85,8425.45,8431.85,10:25:00,8459.116173715944,0,16
2015-07-27,8427.5,8428.0,8425.1,8425.1,10:30:00,8456.10510955252,0,17
2015-07-27,8429.05,8429.05,8425.55,8425.85,10:35:00,8453.52843245228,0,18
2015-07-27,8433.6,8433.6,8430.2,8430.2,10:40:00,8451.630486504444,0,19
2015-07-27,8439.35,8439.35,8433.1,8433.1,10:45:00,8450.460916361164,0,20
2015-07-27,8439.35,8442.65,8438.9,8439.85,10:50:00,8449.402733850577,0,21
2015-07-27,8442.05,8442.75,8439.85,8439.85,10:55:00,8448.702473483856,0,22
2015-07-27,8448.3,8448.3,8443.4,8443.4,11:00:00,8448.664142675869,0,23
2015-07-27,8445.0,8447.45,8443.7,8447.45,11:05:00,8448.31517670674,0,24
2015-07-27,8438.65,8445.8,8438.65,8445.55,11:10:00,8447.39468368705,0,25
2015-07-27,8445.25,8445.25,8437.05,8437.05,11:15:00,8447.190428097805,0,26
2015-07-27,8442.7,8444.0,8442.35,8442.85,11:20:00,8446.762768278966,0,27
2015-07-27,8439.25,8441.95,8439.25,8441.95,11:25:00,8446.047266538111,0,28
2015-07-27,8438.85,8440.55,8437.15,8437.15,11:30:00,8445.361812582101,0,29
2015-07-27,8437.4,8440.05,8437.4,8438.75,11:35:00,8444.603544717138,0,30
2015-07-27,8435.9,8437.35,8435.15,8437.35,11:40:00,8443.774635696458,0,31
2015-07-27,8435.9,8439.95,8435.9,8438.05,11:45:00,8443.024670392033,0,32
2015-07-27,8436.25,8436.25,8432.1,8435.95,11:50:00,8442.37946368803,0,33
2015-07-27,8437.5,8439.5,8437.15,8437.4,11:55:00,8441.914752860599,0,34
2015-07-27,8434.55,8436.85,8434.1,8436.85,12:00:00,8441.213347826257,0,35
2015-07-27,8432.1,8432.5,8430.8,8432.5,12:05:00,8440.345409938041,0,36
2015-07-27,8430.6,8430.95,8429.8,8430.95,12:10:00,8439.417275658228,0,37
2015-07-27,8417.85,8428.25,8417.85,8428.25,12:15:00,8437.363249405063,0,38
2015-07-27,8414.0,8423.9,8414.0,8423.9,12:20:00,8435.138178033152,0,39
2015-07-27,8415.8,8416.0,8414.5,8415.1,12:25:00,8433.2964467919,0,40
2015-07-27,8417.45,8419.05,8413.3,8413.3,12:30:00,8431.787261383146,0,41
2015-07-27,8407.35,8412.9,8407.35,8412.5,12:35:00,8429.45990315618,0,42
2015-07-27,8408.45,8411.3,8407.65,8408.75,12:40:00,8427.458959998448,0,43
2015-07-27,8401.6,8404.4,8401.6,8404.3,12:45:00,8424.996201903357,0,44
2015-07-27,8397.9,8404.15,8395.0,8404.15,12:50:00,8422.415611245895,0,45
2015-07-27,8396.7,8396.7,8393.95,8394.9,12:55:00,8419.966505412953,0,46
2015-07-27,8401.0,8401.0,8397.2,8397.55,13:00:00,8418.1601715641,0,47
2015-07-27,8396.85,8400.05,8396.8,8399.75,13:05:00,8416.130631415139,0,48
2015-07-27,8400.4,8400.4,8394.7,8397.75,13:10:00,8414.632476042269,0,49
2015-07-27,8396.35,8400.4,8396.35,8399.1,13:15:00,8412.891287847768,0,50
2015-07-27,8393.2,8395.65,8393.2,8395.65,13:20:00,8411.015927100361,0,51
2015-07-27,8391.15,8397.4,8391.15,8394.4,13:25:00,8409.123934043184,0,52
2015-07-27,8398.3,8398.3,8388.9,8388.9,13:30:00,8408.093083181928,0,53
2015-07-27,8403.25,8403.25,8398.55,8398.55,13:35:00,8407.631837164601,0,54
2015-07-27,8404.05,8404.05,8400.85,8402.75,13:40:00,8407.290709815592,0,55
2015-07-27,8404.65,8409.6,8404.65,8405.9,13:45:00,8407.039213642678,0,56
2015-07-27,8402.65,8406.6,8402.65,8405.6,13:50:00,8406.621193295756,0,57
2015-07-27,8406.5,8406.5,8405.45,8405.45,13:55:00,8406.609651077111,0,58
2015-07-27,8401.55,8404.1,8401.55,8404.1,14:00:00,8406.127779545957,0,59
2015-07-27,8397.7,8400.0,8395.9,8398.95,14:05:00,8405.325133874914,0,60
2015-07-27,8390.8,8397.25,8388.1,8397.25,14:10:00,8403.94178779159,0,61
2015-07-27,8394.35,8394.35,8390.2,8390.2,14:15:00,8403.02828419239,0,62
2015-07-27,8393.55,8395.3,8393.25,8395.1,14:20:00,8402.125590459782,0,63
2015-07-27,8385.95,8392.7,8385.95,8392.2,14:25:00,8400.585058035042,0,64
2015-07-27,8399.15,8399.15,8391.45,8391.45,14:30:00,8400.448385841228,0,65
2015-07-27,8388.25,8395.85,8388.25,8395.6,14:35:00,8399.28663480873,0,66
2015-07-27,8375.05,8381.25,8375.05,8381.25,14:40:00,8396.978383874564,0,67
2015-07-27,8374.95,8377.8,8372.05,8372.05,14:45:00,8394.880442553176,0,68
2015-07-27,8371.3,8375.15,8371.0,8375.15,14:50:00,8392.63468611954,0,69
2015-07-27,8371.55,8372.1,8368.6,8368.7,14:55:00,8390.626620774821,0,70
2015-07-27,8365.7,8374.35,8365.7,8374.35,15:00:00,8388.252656891505,0,71
2015-07-27,8361.7,8364.25,8361.7,8363.5,15:05:00,8385.723832425647,0,72
2015-07-27,8357.85,8367.2,8357.85,8364.95,15:10:00,8383.069181718442,0,73
2015-07-27,8356.9,8359.05,8356.35,8356.35,15:15:00,8380.576878697639,0,74
2015-07-27,8366.2,8367.85,8360.95,8360.95,15:20:00,8379.207652155006,0,75
2015-07-27,8362.85,8366.6,8359.25,8366.6,15:25:00,8377.649780521197,0,76
2015-07-28,8371.1,8371.1,8371.1,8371.1,09:10:00,8377.02599190013,1,1
2015-07-28,8371.65,8390.7,8371.1,8371.1,09:15:00,8376.513992671546,1,2
2015-07-28,8378.7,8380.6,8370.8,8370.8,09:20:00,8376.722183845684,1,3
2015-07-28,8383.05,8385.8,8379.9,8379.9,09:25:00,8377.324833003238,1,4
2015-07-28,8375.05,8382.9,8375.05,8382.9,09:30:00,8377.108182241025,1,5
2015-07-28,8367.75,8375.0,8366.65,8375.0,09:35:00,8376.216926789499,1,6
2015-07-28,8366.75,8366.75,8358.35,8364.4,09:40:00,8375.31531471431,1,7
2015-07-28,8360.35,8366.8,8360.35,8366.8,09:45:00,8373.89004664628,1,8
2015-07-28,8348.85,8360.85,8348.85,8360.85,09:50:00,8371.505280299014,1,9
2015-07-28,8350.7,8350.7,8346.9,8347.45,09:55:00,8369.52382503244,1,10
2015-07-28,8353.8,8353.8,8346.3,8346.3,10:00:00,8368.026317886493,1,11
2015-07-28,8363.5,8363.5,8356.9,8360.1,10:05:00,8367.595239992543,1,12
2015-07-28,8370.75,8371.05,8367.35,8367.35,10:10:00,8367.895693326587,1,13
2015-07-28,8382.85,8382.85,8371.05,8371.05,10:15:00,8369.31991300977,1,14
2015-07-28,8395.25,8395.25,8386.7,8386.7,10:20:00,8371.789445104077,1,15
2015-07-28,8392.5,8396.05,8387.5,8396.05,10:25:00,8373.76187890369,1,16
2015-07-28,8388.3,8393.2,8388.3,8392.15,10:30:00,8375.146461865243,1,17
2015-07-28,8382.05,8387.85,8382.05,8386.25,10:35:00,8375.8039416876,1,18
2015-07-28,8377.1,8382.8,8377.1,8382.8,10:40:00,8375.927375812591,1,19
2015-07-28,8379.75,8381.8,8379.75,8381.8,10:45:00,8376.29143525901,1,20
2015-07-28,8381.7,8384.55,8380.15,8381.1,10:50:00,8376.806536662914,1,21
2015-07-28,8371.3,8380.95,8371.3,8380.95,10:55:00,8376.28210459978,1,22
2015-07-28,8374.0,8375.95,8372.15,8372.15,11:00:00,8376.064761304564,1,23
2015-07-28,8361.95,8372.2,8361.95,8372.2,11:05:00,8374.720498323177,1,24
2015-07-28,8360.65,8365.4,8360.65,8363.05,11:10:00,8373.380450863828,1,25
2015-07-28,8365.6,8368.25,8359.8,8359.8,11:15:00,8372.639455543464,1,26
2015-07-28,8364.05,8368.8,8364.05,8368.8,11:20:00,8371.821412158371,1,27
2015-07-28,8360.35,8364.25,8360.35,8363.35,11:25:00,8370.728896714718,1,28
2015-07-28,8364.85,8364.85,8360.75,8360.75,11:30:00,8370.169001789507,1,29
2015-07-28,8366.5,8367.15,8364.6,8366.55,11:35:00,8369.81957304765,1,30
2015-07-28,8365.45,8367.1,8365.45,8365.75,11:40:00,8369.403423233587,1,31
2015-07-28,8360.6,8366.1,8360.6,8366.1,11:45:00,8368.565001973246,1,32
2015-07-28,8364.2,8364.2,8360.2,8361.2,11:50:00,8368.149287499604,1,33
2015-07-28,8363.4,8366.75,8363.4,8366.75,11:55:00,8367.696974404404,1,34
2015-07-28,8369.25,8369.25,8362.85,8362.85,12:00:00,8367.844881603985,1,35
2015-07-28,8368.15,8372.3,8368.15,8372.3,12:05:00,8367.873940498845,1,36
2015-07-28,8370.3,8370.3,8365.6,8368.3,12:10:00,8368.10499378467,1,37
2015-07-28,8373.95,8373.95,8370.1,8370.55,12:15:00,8368.661661043272,1,38
2015-07-28,8368.4,8372.85,8368.4,8372.85,12:20:00,8368.636740943912,1,39
2015-07-28,8365.55,8368.95,8365.55,8368.95,12:25:00,8368.34276561592,1,40
2015-07-28,8368.05,8369.5,8365.0,8365.0,12:30:00,8368.314883176308,1,41
2015-07-28,8367.3,8368.55,8367.1,8368.55,12:35:00,8368.218227635707,1,42
2015-07-28,8372.0,8372.0,8368.05,8368.05,12:40:00,8368.578396432307,1,43
2015-07-28,8363.05,8370.7,8363.05,8370.35,12:45:00,8368.051882486374,1,44
2015-07-28,8370.45,8370.45,8366.3,8366.3,12:50:00,8368.280274630528,1,45
2015-07-28,8376.05,8376.05,8370.1,8370.1,12:55:00,8369.020248475239,1,46
2015-07-28,8376.65,8380.7,8373.9,8375.75,13:00:00,8369.746891477598,1,47
2015-07-28,8379.35,8379.55,8377.85,8379.55,13:05:00,8370.661473241636,1,48
2015-07-28,8382.05,8384.0,8380.9,8381.1,13:10:00,8371.74609483767,1,49
2015-07-28,8370.4,8380.5,8370.4,8380.5,13:15:00,8371.61789532932,1,50
2015-07-28,8364.7,8368.0,8361.15,8368.0,13:20:00,8370.9590481551,1,51
2015-07-28,8360.95,8366.75,8360.95,8365.7,13:25:00,8370.005805473662,1,52
2015-07-28,8350.35,8362.7,8350.35,8362.3,13:30:00,8368.13382399998,1,53
2015-07-28,8348.45,8348.45,8346.55,8346.7,13:35:00,8366.259174095221,1,54
2015-07-28,8341.2,8345.8,8334.25,8345.8,13:40:00,8363.872586086152,1,55
2015-07-28,8338.55,8341.3,8337.9,8340.65,13:45:00,8361.460911220805,1,56
2015-07-28,8333.1,8335.7,8330.1,8335.45,13:50:00,8358.759872056919,1,57
2015-07-28,8325.05,8332.35,8325.05,8332.25,13:55:00,8355.549408051498,1,58
2015-07-28,8341.35,8341.35,8324.8,8324.8,14:00:00,8354.197083475165,1,59
2015-07-28,8351.8,8351.8,8338.85,8342.2,14:05:00,8353.968789810864,1,60
2015-07-28,8364.6,8364.6,8352.1,8352.1,14:10:00,8354.981286019352,1,61
2015-07-28,8364.85,8368.4,8361.55,8368.4,14:15:00,8355.92116354132,1,62
2015-07-28,8364.4,8367.25,8357.35,8367.25,14:20:00,8356.72867177548,1,63
2015-07-28,8350.05,8360.55,8350.05,8360.15,14:25:00,8356.092607796862,1,64
2015-07-28,8353.95,8359.3,8353.95,8356.5,14:30:00,8355.888549911446,1,65
2015-07-28,8356.85,8356.85,8354.05,8354.8,14:35:00,8355.980116586547,1,66
2015-07-28,8351.25,8361.8,8351.25,8361.8,14:40:00,8355.529629292589,1,67
2015-07-28,8353.55,8356.8,8352.55,8353.95,14:45:00,8355.341093169485,1,68
2015-07-28,8355.85,8356.75,8350.0,8350.0,14:50:00,8355.389560486678,1,69
2015-07-28,8350.85,8353.6,8350.05,8353.35,14:55:00,8354.95722139271,1,70
2015-07-28,8346.65,8352.6,8344.4,8352.6,15:00:00,8354.166057450546,1,71
2015-07-28,8333.5,8347.15,8333.5,8344.7,15:05:00,8352.197861502875,1,72
2015-07-28,8340.9,8341.15,8331.95,8331.95,15:10:00,8351.121874693077,1,73
2015-07-28,8331.2,8337.45,8331.2,8337.45,15:15:00,8349.224553293738,1,74
2015-07-28,8333.55,8334.65,8333.0,8334.35,15:20:00,8347.731738694334,1,75
2015-07-28,8341.9,8341.9,8334.05,8334.05,15:25:00,8347.176335009159,1,76
2015-07-29,8365.6,8365.6,8365.6,8365.6,09:10:00,8348.930969770192,2,1
2015-07-29,8350.45,8372.05,8350.45,8365.6,09:15:00,8349.075639315888,2,2
2015-07-29,8353.75,8353.75,8349.0,8349.0,09:20:00,8349.520816523898,2,3
2015-07-29,8340.95,8348.85,8340.95,8348.85,09:25:00,8348.704548283527,2,4
2015-07-29,8345.8,8346.3,8340.9,8342.1,09:30:00,8348.427924637477,2,5
2015-07-29,8349.9,8350.1,8343.35,8343.35,09:35:00,8348.56812229105,2,6
2015-07-29,8356.75,8361.35,8354.3,8354.3,09:40:00,8349.34734873952,2,7
2015-07-29,8358.45,8358.45,8354.4,8354.45,09:45:00,8350.214267907186,2,8
2015-07-29,8358.3,8359.9,8356.85,8356.85,09:50:00,8350.98433763031,2,9
2015-07-29,8361.8,8361.8,8360.35,8360.55,09:55:00,8352.014400713138,2,10
2015-07-29,8364.9,8364.9,8359.25,8363.15,10:00:00,8353.24160064522,2,11
2015-07-29,8366.55,8366.55,8364.15,8364.9,10:05:00,8354.509067250438,2,12
2015-07-29,8364.2,8366.4,8362.6,8366.4,10:10:00,8355.432013226586,2,13
2015-07-29,8358.4,8360.45,8355.8,8360.45,10:15:00,8355.714678633578,2,14
2015-07-29,8365.0,8365.0,8361.05,8361.05,10:20:00,8356.598994954189,2,15
2015-07-29,8361.8,8366.05,8361.8,8363.7,10:25:00,8357.094328768075,2,16
2015-07-29,8358.9,8363.9,8358.9,8362.55,10:30:00,8357.26629745683,2,17
2015-07-29,8359.85,8362.35,8359.85,8362.35,10:35:00,8357.512364365703,2,18
2015-07-29,8361.45,8363.65,8361.45,8362.45,10:40:00,8357.887377283256,2,19
2015-07-29,8359.5,8359.5,8357.65,8359.2,10:45:00,8358.040960399136,2,20
2015-07-29,8359.15,8361.35,8359.15,8361.35,10:50:00,8358.146583218266,2,21
2015-07-29,8360.25,8360.25,8358.1,8359.35,10:55:00,8358.34690862605,2,22
2015-07-29,8361.05,8362.75,8361.05,8362.75,11:00:00,8358.60434589976,2,23
2015-07-29,8355.95,8362.7,8355.95,8361.5,11:05:00,8358.351551052163,2,24
2015-07-29,8352.5,8354.2,8349.6,8354.2,11:10:00,8357.794260475766,2,25
2015-07-29,8356.2,8357.15,8353.8,8353.8,11:15:00,8357.642426144741,2,26
2015-07-29,8358.9,8359.85,8357.8,8357.8,11:20:00,8357.762195083336,2,27
2015-07-29,8349.65,8356.25,8349.65,8356.25,11:25:00,8356.9896050754,2,28
2015-07-29,8348.7,8349.5,8348.05,8348.05,11:30:00,8356.200118877743,2,29
2015-07-29,8351.35,8351.35,8347.4,8347.4,11:35:00,8355.738202794148,2,30
2015-07-29,8348.95,8350.65,8348.95,8349.95,11:40:00,8355.091707289943,2,31
2015-07-29,8352.85,8353.55,8350.5,8350.5,11:45:00,8354.878211357567,2,32
2015-07-29,8352.2,8354.35,8352.2,8353.15,11:50:00,8354.623143609228,2,33
2015-07-29,8344.4,8351.2,8344.4,8350.8,11:55:00,8353.64951088454,2,34
2015-07-29,8349.7,8349.7,8344.1,8346.3,12:00:00,8353.273366990774,2,35
2015-07-29,8348.4,8351.6,8348.4,8349.25,12:05:00,8352.809236801177,2,36
2015-07-29,8346.2,8349.1,8345.6,8345.6,12:10:00,8352.179785677255,2,37
2015-07-29,8352.25,8352.9,8347.95,8347.95,12:15:00,8352.186472755613,2,38
2015-07-29,8359.95,8359.95,8353.45,8353.45,12:20:00,8352.925856302698,2,39
2015-07-29,8362.9,8363.8,8359.5,8359.5,12:25:00,8353.87577475006,2,40
2015-07-29,8366.9,8366.9,8361.45,8361.55,12:30:00,8355.116177154816,2,41
2015-07-29,8363.75,8369.4,8361.9,8369.4,12:35:00,8355.938445997213,2,42
2015-07-29,8362.25,8363.15,8360.0,8363.15,12:40:00,8356.539546378432,2,43
2015-07-29,8362.85,8362.85,8359.9,8360.1,12:45:00,8357.140541961438,2,44
2015-07-29,8364.65,8365.75,8364.4,8364.4,12:50:00,8357.8557284413,2,45
2015-07-29,8364.55,8365.45,8363.9,8364.5,12:55:00,8358.493278113558,2,46
2015-07-29,8370.0,8370.0,8366.6,8368.0,13:00:00,8359.589156388458,2,47
2015-07-29,8379.45,8379.45,8368.8,8368.8,13:05:00,8361.480665303843,2,48
2015-07-29,8374.9,8379.5,8373.6,8379.5,13:10:00,8362.758697179668,2,49
2015-07-29,8375.2,8376.95,8374.05,8374.5,13:15:00,8363.943583162558,2,50
2015-07-29,8370.6,8375.1,8370.6,8374.25,13:20:00,8364.577527623267,2,51
2015-07-29,8372.75,8373.1,8371.75,8371.75,13:25:00,8365.355858325813,2,52
2015-07-29,8368.5,8371.25,8363.95,8371.25,13:30:00,8365.65530039002,2,53
2015-07-29,8355.1,8363.7,8355.1,8363.7,13:35:00,8364.65003368621,2,54
2015-07-29,8357.85,8358.4,8357.85,8358.25,13:40:00,8364.00241143038,2,55
2015-07-29,8356.35,8357.9,8355.55,8356.95,13:45:00,8363.273610341772,2,56
2015-07-29,8362.0,8365.25,8356.9,8356.9,13:50:00,8363.152314118746,2,57
2015-07-29,8355.05,8359.15,8355.05,8359.15,13:55:00,8362.380665155057,2,58
2015-07-29,8357.1,8357.1,8353.05,8353.85,14:00:00,8361.8777446641,2,59
2015-07-29,8354.7,8355.95,8351.75,8351.75,14:05:00,8361.194149934185,2,60
2015-07-29,8360.15,8360.15,8354.5,8354.5,14:10:00,8361.09470708331,2,61
2015-07-29,8357.3,8360.4,8356.65,8360.4,14:15:00,8360.733306408709,2,62
2015-07-29,8365.5,8365.5,8358.1,8358.1,14:20:00,8361.187277226927,2,63
2015-07-29,8365.25,8366.3,8364.25,8364.25,14:25:00,8361.574203205315,2,64
2015-07-29,8373.5,8374.05,8367.05,8367.05,14:30:00,8362.709993376237,2,65
2015-07-29,8374.2,8376.3,8371.3,8371.3,14:35:00,8363.804279721357,2,66
2015-07-29,8373.5,8378.1,8373.5,8377.9,14:40:00,8364.727681652656,2,67
2015-07-29,8370.45,8372.7,8370.45,8372.5,14:45:00,8365.272664352404,2,68
2015-07-29,8363.1,8371.4,8363.1,8371.4,14:50:00,8365.065743937888,2,69
2015-07-29,8362.2,8364.2,8361.35,8364.2,14:55:00,8364.792815943803,2,70
2015-07-29,8371.85,8371.85,8360.85,8360.85,15:00:00,8365.46492871106,2,71
2015-07-29,8374.15,8375.15,8372.4,8374.7,15:05:00,8366.292078357626,2,72
2015-07-29,8373.35,8374.05,8372.6,8373.35,15:10:00,8366.964261371186,2,73
2015-07-29,8377.5,8377.5,8372.65,8373.65,15:15:00,8367.96766505012,2,74
2015-07-29,8377.35,8377.8,8376.55,8377.3,15:20:00,8368.861220759632,2,75
2015-07-29,8377.6,8377.6,8375.6,8375.95,15:25:00,8369.69348544919,2,76
2015-07-30,8417.0,8417.0,8417.0,8417.0,09:10:00,8374.198867787361,3,1
2015-07-30,8415.5,8415.8,8410.75,8413.2,09:15:00,8378.13230895047,3,2
2015-07-30,8415.25,8418.35,8415.25,8416.3,09:20:00,8381.667327145664,3,3
2015-07-30,8410.8,8414.8,8410.8,8413.6,09:25:00,8384.441867417505,3,4
2015-07-30,8413.45,8413.65,8410.6,8413.35,09:30:00,8387.204546711077,3,5
2015-07-30,8419.2,8419.2,8414.65,8414.65,09:35:00,8390.251732738594,3,6
2015-07-30,8423.7,8423.7,8421.1,8421.1,09:40:00,8393.437282001585,3,7
2015-07-30,8425.8,8425.8,8422.55,8422.55,09:45:00,8396.519445620483,3,8
2015-07-30,8425.7,8425.7,8420.05,8422.05,09:50:00,8399.29854603758,3,9
2015-07-30,8432.65,8432.65,8427.6,8427.6,09:55:00,8402.474874986381,3,10
2015-07-30,8430.5,8434.75,8430.5,8432.85,10:00:00,8405.143934511489,3,11
2015-07-30,8429.05,8430.65,8428.9,8430.65,10:05:00,8407.420702653251,3,12
2015-07-30,8432.4,8432.4,8428.9,8428.9,10:10:00,8409.799683352941,3,13
2015-07-30,8435.3,8435.3,8432.6,8432.6,10:15:00,8412.228284938376,3,14
2015-07-30,8436.0,8437.65,8436.0,8436.35,10:20:00,8414.492257801387,3,15
2015-07-30,8434.45,8434.45,8432.8,8433.5,10:25:00,8416.392995153636,3,16
2015-07-30,8436.15,8436.7,8435.85,8435.85,10:30:00,8418.274614662812,3,17
2015-07-30,8435.6,8437.35,8435.6,8436.45,10:35:00,8419.924651361593,3,18
2015-07-30,8437.55,8438.15,8436.3,8437.95,10:40:00,8421.603255993823,3,19
2015-07-30,8438.9,8440.15,8438.8,8439.55,10:45:00,8423.250564946793,3,20
2015-07-30,8438.3,8442.0,8438.3,8442.0,10:50:00,8424.68384447567,3,21
2015-07-30,8436.95,8441.05,8436.95,8439.6,10:55:00,8425.852049763702,3,22
2015-07-30,8437.55,8437.55,8435.8,8437.15,11:00:00,8426.966140262397,3,23
2015-07-30,8437.7,8438.0,8437.15,8437.4,11:05:00,8427.988412618359,3,24
2015-07-30,8439.8,8439.8,8437.4,8438.0,11:10:00,8429.113325702325,3,25
2015-07-30,8441.85,8441.85,8439.85,8441.65,11:15:00,8430.326342302104,3,26
2015-07-30,8441.9,8442.7,8440.35,8441.65,11:20:00,8431.428595416188,3,27
2015-07-30,8444.4,8444.4,8442.7,8442.7,11:25:00,8432.663967281313,3,28
2015-07-30,8444.1,8445.4,8443.6,8443.6,11:30:00,8433.753113254521,3,29
2015-07-30,8445.2,8447.6,8445.2,8447.6,11:35:00,8434.843292944566,3,30
2015-07-30,8447.45,8447.45,8445.0,8445.0,11:40:00,8436.04393171175,3,31
2015-07-30,8447.6,8450.0,8447.6,8450.0,11:45:00,8437.144509643966,3,32
2015-07-30,8457.05,8457.7,8449.05,8449.05,11:50:00,8439.040270630254,3,33
2015-07-30,8454.2,8455.7,8454.2,8455.35,11:55:00,8440.484054379753,3,34
2015-07-30,8450.95,8454.45,8450.95,8453.55,12:00:00,8441.48081110549,3,35
2015-07-30,8448.5,8448.7,8447.55,8448.7,12:05:00,8442.149305285919,3,36
2015-07-30,8445.9,8448.3,8445.9,8448.3,12:10:00,8442.506514306308,3,37
2015-07-30,8449.05,8451.0,8448.3,8448.3,12:15:00,8443.129703419992,3,38
2015-07-30,8450.35,8450.75,8445.7,8450.1,12:20:00,8443.817350713327,3,39
2015-07-30,8450.25,8453.5,8450.25,8450.8,12:25:00,8444.429983978724,3,40
2015-07-30,8448.7,8451.7,8447.8,8451.7,12:30:00,8444.836652171227,3,41
2015-07-30,8444.45,8445.95,8442.7,8445.95,12:35:00,8444.799828154919,3,42
2015-07-30,8443.3,8445.95,8442.65,8445.95,12:40:00,8444.65698737826,3,43
2015-07-30,8442.85,8444.0,8442.45,8442.75,12:45:00,8444.484893342234,3,44
2015-07-30,8447.4,8447.4,8445.1,8445.1,12:50:00,8444.762522547737,3,45
2015-07-30,8446.5,8447.45,8445.9,8447.45,12:55:00,8444.92799659081,3,46
2015-07-30,8448.75,8448.75,8444.45,8445.8,13:00:00,8445.291996915495,3,47
2015-07-30,8449.4,8450.25,8448.8,8450.25,13:05:00,8445.683235304496,3,48
2015-07-30,8447.25,8448.55,8447.25,8448.55,13:10:00,8445.832450989783,3,49
2015-07-30,8445.05,8448.9,8445.05,8448.9,13:15:00,8445.757931847898,3,50
2015-07-30,8434.75,8445.2,8433.3,8444.95,13:20:00,8444.709557386193,3,51
2015-07-30,8423.25,8433.05,8423.25,8429.5,13:25:00,8442.665790016079,3,52
2015-07-30,8421.95,8426.85,8417.2,8417.2,13:30:00,8440.692857633596,3,53
2015-07-30,8423.85,8424.2,8414.6,8414.6,13:35:00,8439.088775954206,3,54
2015-07-30,8415.85,8422.9,8415.85,8422.9,13:40:00,8436.875559196662,3,55
2015-07-30,8412.75,8420.45,8412.75,8417.9,13:45:00,8434.577886892219,3,56
2015-07-30,8421.15,8421.15,8412.2,8412.2,13:50:00,8433.299040521531,3,57
2015-07-30,8417.75,8420.85,8417.75,8420.85,13:55:00,8431.81817951948,3,58
2015-07-30,8424.75,8424.75,8415.5,8415.5,14:00:00,8431.145019565243,3,59
2015-07-30,8428.65,8429.35,8426.6,8426.6,14:05:00,8430.907398654268,3,60
2015-07-30,8431.6,8431.75,8428.65,8429.15,14:10:00,8430.973360687196,3,61
2015-07-30,8424.8,8431.65,8424.8,8431.65,14:15:00,8430.38542157413,3,62
2015-07-30,8426.15,8428.6,8425.75,8426.1,14:20:00,8429.98204809088,3,63
2015-07-30,8419.95,8425.45,8419.95,8425.15,14:25:00,8429.026614939368,3,64
2015-07-30,8412.3,8419.3,8412.3,8419.3,14:30:00,8427.433603992762,3,65
2015-07-30,8418.65,8419.95,8411.7,8411.7,14:35:00,8426.597070279166,3,66
2015-07-30,8419.15,8423.25,8417.15,8420.6,14:40:00,8425.887825490674,3,67
2015-07-30,8425.5,8425.5,8417.8,8417.8,14:45:00,8425.850889729658,3,68
2015-07-30,8431.05,8431.05,8424.25,8426.8,14:50:00,8426.346043088739,3,69
2015-07-30,8434.95,8435.3,8433.6,8433.6,14:55:00,8427.165467556479,3,70
2015-07-30,8416.15,8437.8,8410.45,8437.8,15:00:00,8426.116375408243,3,71
2015-07-30,8424.35,8424.35,8413.7,8414.55,15:05:00,8425.948149178887,3,72
2015-07-30,8421.45,8424.95,8421.45,8421.7,15:10:00,8425.519754018993,3,73
2015-07-30,8422.3,8422.3,8419.05,8422.2,15:15:00,8425.213110779088,3,74
2015-07-30,8425.5,8426.6,8421.7,8421.7,15:20:00,8425.240433562032,3,75
2015-07-30,8434.1,8434.1,8425.45,8427.8,15:25:00,8426.08420179422,3,76
2015-07-31,8456.1,8456.1,8456.1,8456.1,09:10:00,8428.942849242389,4,1
2015-07-31,8471.75,8471.75,8456.1,8456.1,09:15:00,8433.019720743114,4,2
2015-07-31,8478.85,8484.9,8476.0,8476.0,09:20:00,8437.38450924377,4,3
2015-07-31,8476.6,8476.6,8471.6,8475.0,09:25:00,8441.11931788722,4,4
2015-07-31,8480.2,8481.65,8479.0,8479.35,09:30:00,8444.841287612247,4,5
2015-07-31,8482.3,8483.9,8480.3,8483.25,09:35:00,8448.408784030129,4,6
2015-07-31,8476.85,8481.1,8473.85,8481.1,09:40:00,8451.117471265356,4,7
2015-07-31,8469.45,8474.3,8468.85,8474.3,09:45:00,8452.86342638294,4,8
2015-07-31,8464.45,8468.4,8462.45,8468.4,09:50:00,8453.966909584566,4,9
2015-07-31,8457.6,8466.75,8456.05,8466.75,09:55:00,8454.31291819556,4,10
2015-07-31,8464.1,8464.1,8458.2,8458.2,10:00:00,8455.245021224553,4,11
2015-07-31,8471.35,8471.35,8466.35,8466.35,10:05:00,8456.778828726976,4,12
2015-07-31,8466.7,8468.9,8466.1,8467.25,10:10:00,8457.723702181549,4,13
2015-07-31,8470.65,8472.35,8468.85,8469.7,10:15:00,8458.954778164258,4,14
2015-07-31,8474.3,8474.3,8470.1,8470.1,10:20:00,8460.416227862901,4,15
2015-07-31,8473.25,8474.7,8473.25,8473.75,10:25:00,8461.638491875958,4,16
2015-07-31,8471.15,8476.4,8471.15,8475.35,10:30:00,8462.544349792533,4,17
2015-07-31,8468.45,8472.45,8468.45,8472.45,10:35:00,8463.106792669436,4,18
2015-07-31,8471.4,8471.4,8467.35,8467.35,10:40:00,8463.896621939013,4,19
2015-07-31,8472.25,8473.75,8470.1,8471.25,10:45:00,8464.692181754344,4,20
2015-07-31,8474.55,8475.4,8473.7,8473.7,10:50:00,8465.631021587264,4,21
2015-07-31,8479.7,8479.7,8476.6,8476.6,10:55:00,8466.970924293239,4,22
2015-07-31,8499.0,8499.0,8480.0,8480.0,11:00:00,8470.021312455787,4,23
2015-07-31,8497.8,8502.1,8497.8,8499.6,11:05:00,8472.666901745712,4,24
2015-07-31,8495.8,8497.15,8494.05,8497.15,11:10:00,8474.870053960405,4,25
2015-07-31,8493.4,8496.1,8493.4,8496.1,11:15:00,8476.634810726082,4,26
2015-07-31,8496.8,8496.8,8491.95,8491.95,11:20:00,8478.555304942645,4,27
2015-07-31,8501.8,8501.8,8496.95,8496.95,11:25:00,8480.769085424297,4,28
2015-07-31,8499.2,8501.25,8499.2,8500.25,11:30:00,8482.524410621983,4,29
2015-07-31,8500.25,8502.6,8499.8,8499.8,11:35:00,8484.212561991319,4,30
2015-07-31,8506.55,8506.55,8500.2,8500.2,11:40:00,8486.339937039764,4,31
2015-07-31,8505.3,8507.4,8504.65,8507.4,11:45:00,8488.145657321691,4,32
2015-07-31,8507.6,8507.6,8505.3,8505.3,11:50:00,8489.998451862482,4,33
2015-07-31,8511.45,8511.45,8507.7,8507.7,11:55:00,8492.041456447008,4,34
2015-07-31,8507.35,8510.35,8507.35,8509.65,12:00:00,8493.499412975865,4,35
2015-07-31,8506.5,8506.5,8504.3,8506.2,12:05:00,8494.737564121022,4,36
2015-07-31,8515.75,8515.75,8507.5,8508.1,12:10:00,8496.738748490448,4,37
2015-07-31,8514.2,8518.35,8512.25,8518.35,12:15:00,8498.401724824693,4,38
2015-07-31,8508.25,8511.0,8506.65,8511.0,12:20:00,8499.339655793769,4,39
2015-07-31,8508.3,8513.25,8505.95,8507.4,12:25:00,8500.193021908648,4,40
2015-07-31,8509.25,8509.9,8506.9,8506.9,12:30:00,8501.055591250682,4,41
2015-07-31,8510.65,8511.9,8507.35,8511.9,12:35:00,8501.969344464904,4,42
2015-07-31,8512.1,8514.05,8511.9,8511.9,12:40:00,8502.93416880158,4,43
2015-07-31,8509.4,8514.25,8508.4,8510.6,12:45:00,8503.549962249048,4,44
2015-07-31,8510.05,8514.55,8510.05,8511.8,12:50:00,8504.169013463425,4,45
2015-07-31,8508.2,8510.5,8505.45,8510.5,12:55:00,8504.552916943097,4,46
2015-07-31,8512.5,8512.5,8508.4,8510.1,13:00:00,8505.309781996137,4,47
2015-07-31,8511.0,8511.9,8509.4,8511.3,13:05:00,8505.851707520314,4,48
2015-07-31,8512.25,8512.8,8511.15,8512.8,13:10:00,8506.461068708857,4,49
2015-07-31,8514.4,8514.4,8510.3,8514.2,13:15:00,8507.217157403253,4,50
2015-07-31,8518.6,8522.2,8516.75,8516.75,13:20:00,8508.301237650561,4,51
2015-07-31,8521.7,8523.85,8519.55,8519.55,13:25:00,8509.57731025527,4,52
2015-07-31,8525.55,8526.65,8520.8,8520.8,13:30:00,8511.098518802388,4,53
2015-07-31,8526.1,8528.15,8522.7,8522.7,13:35:00,8512.5272312974,4,54
2015-07-31,8533.35,8533.35,8527.95,8529.9,13:40:00,8514.510352126219,4,55
2015-07-31,8536.8,8536.8,8533.95,8534.1,13:45:00,8516.633175733246,4,56
2015-07-31,8538.95,8540.3,8535.8,8536.7,13:50:00,8518.758587568174,4,57
2015-07-31,8536.55,8539.25,8535.4,8539.25,13:55:00,8520.453007799777,4,58
2015-07-31,8539.05,8539.05,8536.95,8539.0,14:00:00,8522.224149914084,4,59
2015-07-31,8538.35,8539.15,8534.6,8537.7,14:05:00,8523.759945160362,4,60
2015-07-31,8540.2,8541.7,8540.15,8540.4,14:10:00,8525.325664668899,4,61
2015-07-31,8539.6,8539.6,8535.05,8538.95,14:15:00,8526.685125176622,4,62
2015-07-31,8541.4,8544.35,8541.4,8544.35,14:20:00,8528.086541826468,4,63
2015-07-31,8543.9,8546.25,8543.05,8543.85,14:25:00,8529.592585462042,4,64
2015-07-31,8546.1,8547.35,8544.4,8544.4,14:30:00,8531.164720179942,4,65
2015-07-31,8547.9,8548.65,8545.8,8548.25,14:35:00,8532.758556353281,4,66
2015-07-31,8537.05,8544.8,8537.05,8544.8,14:40:00,8533.167265272015,4,67
2015-07-31,8531.1,8536.6,8531.1,8536.6,14:45:00,8532.970382865156,4,68
2015-07-31,8536.1,8536.1,8525.6,8525.6,14:50:00,8533.268441639904,4,69
2015-07-31,8542.1,8542.35,8537.75,8537.75,14:55:00,8534.109542436105,4,70
2015-07-31,8536.15,8542.6,8536.15,8542.6,15:00:00,8534.303871727905,4,71
2015-07-31,8538.9,8539.95,8536.4,8539.6,15:05:00,8534.74159823001,4,72
2015-07-31,8538.1,8540.8,8537.55,8538.45,15:10:00,8535.061446017628,4,73
2015-07-31,8529.4,8536.05,8529.4,8536.05,15:15:00,8534.522260682616,4,74
2015-07-31,8526.35,8529.85,8525.75,8529.05,15:20:00,8533.743950141414,4,75
2015-07-31,8531.05,8531.9,8528.15,8528.15,15:25:00,8533.487383461279,4,76
2015-08-03,8510.65,8510.65,8510.65,8510.65,09:10:00,8531.312394560206,0,1
2015-08-03,8546.05,8546.05,8510.65,8510.65,09:15:00,8532.715976030662,0,2
2015-08-03,8541.65,8544.9,8534.7,8544.9,09:20:00,8533.566835456313,0,3
2015-08-03,8539.95,8543.8,8536.75,8540.7,09:25:00,8534.174755889046,0,4
2015-08-03,8547.7,8547.7,8541.4,8541.4,09:30:00,8535.462874375804,0,5
2015-08-03,8545.8,8551.55,8545.8,8550.55,09:35:00,8536.447362530489,0,6
2015-08-03,8544.95,8544.95,8539.15,8542.1,09:40:00,8537.257137527586,0,7
2015-08-03,8551.8,8551.8,8547.3,8549.65,09:45:00,8538.642172048769,0,8
2015-08-03,8552.9,8553.2,8550.5,8553.2,09:50:00,8540.000060425076,0,9
2015-08-03,8545.15,8551.15,8541.9,8551.15,09:55:00,8540.490530860783,0,10
2015-08-03,8551.75,8551.75,8544.45,8544.45,10:00:00,8541.562861254995,0,11
2015-08-03,8555.55,8557.1,8552.7,8552.7,10:05:00,8542.8949697069,0,12
2015-08-03,8558.95,8559.85,8555.75,8555.75,10:10:00,8544.424020211005,0,13
2015-08-03,8553.6,8558.6,8550.95,8558.6,10:15:00,8545.297923048052,0,14
2015-08-03,8556.7,8556.7,8553.45,8554.85,10:20:00,8546.383835138713,0,15
2015-08-03,8550.05,8556.45,8550.05,8556.45,10:25:00,8546.73299369693,0,16
2015-08-03,8546.15,8547.25,8543.35,8543.35,10:30:00,8546.677470487699,0,17
2015-08-03,8550.35,8552.0,8548.35,8550.0,10:35:00,8547.027235203157,0,18
2015-08-03,8554.5,8554.5,8550.2,8550.2,10:40:00,8547.73892708857,0,19
2015-08-03,8550.45,8554.65,8550.45,8554.1,10:45:00,8547.997124508707,0,20
2015-08-03,8549.2,8549.2,8546.25,8547.95,10:50:00,8548.111684079307,0,21
2015-08-03,8550.4,8550.4,8548.8,8548.8,10:55:00,8548.329618928898,0,22
2015-08-03,8551.05,8551.05,8550.5,8550.8,11:00:00,8548.588702840432,0,23
2015-08-03,8551.85,8551.85,8549.5,8549.5,11:05:00,8548.899302569915,0,24
2015-08-03,8550.15,8552.55,8549.7,8552.55,11:10:00,8549.018416610876,0,25
2015-08-03,8550.0,8551.55,8548.8,8551.55,11:15:00,8549.111900743173,0,26
2015-08-03,8557.05,8557.05,8550.2,8551.05,11:20:00,8549.867910196204,0,27
2015-08-03,8556.05,8556.05,8555.05,8555.35,11:25:00,8550.456680653708,0,28
2015-08-03,8552.25,8556.1,8552.25,8554.65,11:30:00,8550.627472972403,0,29
2015-08-03,8553.9,8555.8,8553.9,8555.0,11:35:00,8550.939142213127,0,30
2015-08-03,8558.85,8559.95,8555.5,8555.5,11:40:00,8551.692557240447,0,31
2015-08-03,8562.55,8562.6,8559.95,8560.75,11:45:00,8552.726599408023,0,32
2015-08-03,8554.9,8561.45,8554.9,8561.45,11:50:00,8552.933589940592,0,33
2015-08-03,8552.25,8558.2,8552.25,8556.7,11:55:00,8552.868486136726,0,34
2015-08-03,8558.95,8558.95,8554.35,8554.35,12:00:00,8553.447677933229,0,35
2015-08-03,8557.6,8560.0,8557.6,8560.0,12:05:00,8553.843137177684,0,36
2015-08-03,8559.9,8560.2,8558.65,8559.35,12:10:00,8554.419981256,0,37
2015-08-03,8559.9,8561.15,8556.15,8561.15,12:15:00,8554.941887803048,0,38
2015-08-03,8558.55,8560.3,8558.0,8560.3,12:20:00,8555.285517536091,0,39
2015-08-03,8558.2,8561.05,8557.8,8559.15,12:25:00,8555.563087294558,0,40
2015-08-03,8563.7,8563.7,8555.8,8556.9,12:30:00,8556.338031361744,0,41
2015-08-03,8562.25,8562.25,8560.75,8560.75,12:35:00,8556.90107599396,0,42
2015-08-03,8562.0,8562.2,8559.55,8559.55,12:40:00,8557.386687804059,0,43
2015-08-03,8561.0,8562.05,8560.5,8562.05,12:45:00,8557.7308127751,0,44
2015-08-03,8559.95,8561.6,8559.5,8559.5,12:50:00,8557.942163939377,0,45
2015-08-03,8561.6,8562.8,8560.75,8560.75,12:55:00,8558.290529278484,0,46
2015-08-03,8548.85,8559.6,8548.85,8559.6,13:00:00,8557.391431251961,0,47
2015-08-03,8544.9,8548.7,8544.9,8548.7,13:05:00,8556.201771132726,0,48
2015-08-03,8545.25,8546.1,8544.3,8544.65,13:10:00,8555.158745310562,0,49
2015-08-03,8530.1,8538.25,8530.1,8538.25,13:15:00,8552.772198138127,0,50
2015-08-03,8550.1,8550.1,8535.5,8535.5,13:20:00,8552.517703077354,0,51
2015-08-03,8549.1,8550.6,8547.65,8549.85,13:25:00,8552.192207546177,0,52
2015-08-03,8549.95,8551.3,8548.8,8549.9,13:30:00,8551.97866397035,0,53
2015-08-03,8551.15,8551.75,8549.1,8549.6,13:35:00,8551.899743592223,0,54
2015-08-03,8548.55,8551.5,8543.95,8551.5,13:40:00,8551.580720392963,0,55
2015-08-03,8541.4,8547.75,8541.4,8545.7,13:45:00,8550.611127974586,0,56
2015-08-03,8543.15,8543.15,8540.95,8542.6,13:50:00,8549.900544357959,0,57
2015-08-03,8549.65,8549.65,8542.75,8542.75,13:55:00,8549.876682990534,0,58
2015-08-03,8553.45,8553.65,8550.9,8552.2,14:00:00,8550.216998896198,0,59
2015-08-03,8552.8,8554.2,8552.05,8553.2,14:05:00,8550.462999001322,0,60
2015-08-03,8553.4,8557.4,8553.4,8553.75,14:10:00,8550.742713382147,0,61
2015-08-03,8557.6,8557.6,8553.5,8553.5,14:15:00,8551.395788298134,0,62
2015-08-03,8560.0,8563.05,8559.8,8559.8,14:20:00,8552.215237031645,0,63
2015-08-03,8550.15,8557.6,8550.15,8557.6,14:25:00,8552.018547790536,0,64
2015-08-03,8549.6,8550.75,8549.25,8549.95,14:30:00,8551.788209905724,0,65
2015-08-03,8544.8,8550.8,8544.8,8550.8,14:35:00,8551.122666105179,0,66
2015-08-03,8545.2,8547.05,8543.85,8543.85,14:40:00,8550.55860266659,0,67
2015-08-03,8542.55,8546.85,8542.55,8544.4,14:45:00,8549.795878603105,0,68
2015-08-03,8550.35,8550.35,8539.75,8539.75,14:50:00,8549.848652069477,0,69
2015-08-03,8548.0,8554.3,8546.65,8554.3,14:55:00,8549.672589967622,0,70
2015-08-03,8547.2,8547.5,8545.75,8547.5,15:00:00,8549.4371052088,0,71
2015-08-03,8548.0,8549.85,8547.45,8549.85,15:05:00,8549.300238046058,0,72
2015-08-03,8545.1,8546.6,8543.9,8546.6,15:10:00,8548.900215375006,0,73
2015-08-03,8542.75,8547.05,8541.4,8547.05,15:15:00,8548.314480577386,0,74
2015-08-03,8537.15,8541.7,8537.15,8541.45,15:20:00,8547.251196712872,0,75
2015-08-03,8537.4,8537.4,8535.3,8537.0,15:25:00,8546.312987502122,0,76
2015-08-04,8564.1,8564.1,8564.1,8564.1,09:10:00,8548.006988692396,1,1
2015-08-04,8542.15,8564.1,8542.15,8564.1,09:15:00,8547.449180245501,1,2
2015-08-04,8518.55,8536.45,8503.5,8536.45,09:20:00,8544.696877364977,1,3
2015-08-04,8517.75,8522.0,8517.75,8519.85,09:25:00,8542.130508092123,1,4
2015-08-04,8506.85,8517.15,8506.85,8516.45,09:30:00,8538.770459702397,1,5
2015-08-04,8507.85,8511.35,8502.7,8502.7,09:35:00,8535.825654016455,1,6
2015-08-04,8516.8,8516.8,8507.8,8507.8,09:40:00,8534.013686967268,1,7
2015-08-04,8518.6,8518.6,8514.45,8517.15,09:45:00,8532.545716779909,1,8
2015-08-04,8523.95,8523.95,8518.4,8518.4,09:50:00,8531.727077086583,1,9
2015-08-04,8525.5,8527.7,8522.1,8527.7,09:55:00,8531.134022125956,1,10
2015-08-04,8520.6,8520.85,8518.95,8518.95,10:00:00,8530.130781923484,1,11
2015-08-04,8517.75,8520.85,8516.6,8520.85,10:05:00,8528.951659835533,1,12
2015-08-04,8514.75,8517.7,8514.75,8515.0,10:10:00,8527.599120803578,1,13
2015-08-04,8508.2,8514.4,8505.35,8514.4,10:15:00,8525.751585488952,1,14
2015-08-04,8513.95,8514.45,8510.1,8510.1,10:20:00,8524.627624966195,1,15
2015-08-04,8506.05,8513.95,8505.25,8513.95,10:25:00,8522.858327350366,1,16
2015-08-04,8507.7,8510.85,8507.45,8507.45,10:30:00,8521.414677126522,1,17
2015-08-04,8502.45,8502.45,8495.3,8495.3,10:35:00,8519.608517400187,1,18
2015-08-04,8506.5,8506.5,8503.95,8505.4,10:40:00,8518.360087171599,1,19
2015-08-04,8510.75,8511.45,8506.25,8506.25,10:45:00,8517.63531696478,1,20
2015-08-04,8504.25,8511.3,8504.25,8511.3,10:50:00,8516.360524872895,1,21
2015-08-04,8506.25,8508.1,8505.3,8505.3,10:55:00,8515.397617742143,1,22
2015-08-04,8507.65,8525.4,8505.2,8506.4,11:00:00,8514.659749385748,1,23
2015-08-04,8522.15,8522.15,8504.7,8504.7,11:05:00,8515.373106587105,1,24
2015-08-04,8520.6,8532.75,8520.6,8532.75,11:10:00,8515.870905959762,1,25
2015-08-04,8521.15,8524.35,8517.15,8524.35,11:15:00,8516.373676820736,1,26
2015-08-04,8537.2,8537.2,8522.95,8522.95,11:20:00,8518.357136171142,1,27
2015-08-04,8554.75,8555.1,8540.35,8540.35,11:25:00,8521.823123202461,1,28
2015-08-04,8543.45,8549.25,8542.8,8549.25,11:30:00,8523.882825754608,1,29
2015-08-04,8539.1,8542.7,8537.75,8537.75,11:35:00,8525.332080444645,1,30
2015-08-04,8537.65,8538.6,8535.9,8536.1,11:40:00,8526.505215640393,1,31
2015-08-04,8535.35,8538.3,8533.3,8536.95,11:45:00,8527.347576055594,1,32
2015-08-04,8540.6,8540.6,8537.35,8537.35,11:50:00,8528.609711669347,1,33
2015-08-04,8536.95,8539.0,8536.85,8539.0,11:55:00,8529.404024843696,1,34
2015-08-04,8520.05,8532.45,8520.05,8532.45,12:00:00,8528.513165334773,1,35
2015-08-04,8503.3,8513.55,8503.3,8513.55,12:05:00,8526.111911493366,1,36
2015-08-04,8510.15,8510.5,8497.9,8497.9,12:10:00,8524.591729446378,1,37
2015-08-04,8510.6,8511.45,8507.9,8510.1,12:15:00,8523.259183784818,1,38
2015-08-04,8514.7,8514.7,8507.1,8507.1,12:20:00,8522.44402342436,1,39
2015-08-04,8509.5,8513.6,8509.05,8512.4,12:25:00,8521.211259288706,1,40
2015-08-04,8511.7,8512.9,8510.75,8511.6,12:30:00,8520.305425070734,1,41
2015-08-04,8501.95,8513.0,8501.2,8513.0,12:35:00,8518.557289349712,1,42
2015-08-04,8459.25,8501.8,8459.25,8501.8,12:40:00,8512.908976078312,1,43
2015-08-04,8457.55,8461.3,8450.7,8455.2,12:45:00,8507.636692642282,1,44
2015-08-04,8462.95,8462.95,8453.3,8456.65,12:50:00,8503.380817152542,1,45
2015-08-04,8468.05,8468.05,8463.05,8465.45,12:55:00,8500.015977423727,1,46
2015-08-04,8463.55,8467.55,8462.4,8467.55,13:00:00,8496.543027192896,1,47
2015-08-04,8472.3,8472.95,8465.45,8465.45,13:05:00,8494.23416746024,1,48
2015-08-04,8470.75,8473.55,8467.05,8471.25,13:10:00,8491.997580083074,1,49
2015-08-04,8468.25,8468.45,8465.85,8465.85,13:15:00,8489.735905789448,1,50
2015-08-04,8471.85,8472.15,8468.95,8470.55,13:20:00,8488.032486190454,1,51
2015-08-04,8482.7,8483.3,8471.4,8471.4,13:25:00,8487.524630362792,1,52
2015-08-04,8479.35,8484.55,8479.35,8479.85,13:30:00,8486.746094137763,1,53
2015-08-04,8482.65,8482.65,8476.55,8476.55,13:35:00,8486.355989934165,1,54
2015-08-04,8486.75,8487.4,8482.9,8484.0,13:40:00,8486.39351470234,1,55
2015-08-04,8509.7,8509.7,8487.75,8487.75,13:45:00,8488.613179968785,1,56
2015-08-04,8510.4,8517.55,8510.4,8517.5,13:50:00,8490.688115209852,1,57
2015-08-04,8518.45,8519.55,8508.45,8508.45,13:55:00,8493.332104237485,1,58
2015-08-04,8510.8,8519.3,8510.8,8517.65,14:00:00,8494.995713357725,1,59
2015-08-04,8516.5,8516.5,8511.95,8511.95,14:05:00,8497.043740656989,1,60
2015-08-04,8513.35,8513.35,8508.2,8511.7,14:10:00,8498.596717737275,1,61
2015-08-04,8517.85,8519.1,8513.7,8513.7,14:15:00,8500.430363667057,1,62
2015-08-04,8514.9,8520.2,8514.9,8518.7,14:20:00,8501.808424270195,1,63
2015-08-04,8514.75,8516.4,8512.55,8516.4,14:25:00,8503.040955292081,1,64
2015-08-04,8519.65,8519.65,8514.1,8514.1,14:30:00,8504.622769073787,1,65
2015-08-04,8521.35,8526.85,8519.95,8519.95,14:35:00,8506.215838685806,1,66
2015-08-04,8521.9,8521.9,8517.65,8519.55,14:40:00,8507.709568334776,1,67
2015-08-04,8521.6,8524.15,8521.6,8523.6,14:45:00,8509.032466588607,1,68
2015-08-04,8513.4,8520.35,8513.4,8519.25,14:50:00,8509.448422151598,1,69
2015-08-04,8517.55,8517.55,8511.35,8511.35,14:55:00,8510.220000994303,1,70
2015-08-04,8518.25,8519.5,8517.3,8517.35,15:00:00,8510.98476280437,1,71
2015-08-04,8510.55,8517.5,8510.55,8517.5,15:05:00,8510.943356823002,1,72
2015-08-04,8511.3,8512.55,8508.25,8508.25,15:10:00,8510.977322839859,1,73
2015-08-04,8519.35,8519.35,8513.35,8513.35,15:15:00,8511.774720664635,1,74
2015-08-04,8525.1,8526.4,8522.45,8522.45,15:20:00,8513.04379488705,1,75
2015-08-04,8528.4,8528.4,8523.65,8525.15,15:25:00,8514.506290612093,1,76
2015-08-05,8547.45,8547.45,8547.45,8547.45,09:10:00,8517.643786744275,2,1
2015-08-05,8566.05,8566.05,8547.4,8547.4,09:15:00,8522.25390229244,2,2
2015-08-05,8573.95,8577.65,8572.6,8572.6,09:20:00,8527.17734016935,2,3
2015-08-05,8568.4,8579.55,8568.4,8578.15,09:25:00,8531.10330777227,2,4
2015-08-05,8576.15,8576.15,8564.5,8564.6,09:30:00,8535.393468936816,2,5
2015-08-05,8578.1,8578.55,8576.0,8576.0,09:35:00,8539.4607576095,2,6
2015-08-05,8571.15,8575.6,8569.35,8575.6,09:40:00,8542.47878069431,2,7
2015-08-05,8577.5,8577.95,8571.35,8571.65,09:45:00,8545.814134913899,2,8
2015-08-05,8575.25,8579.7,8575.25,8579.7,09:50:00,8548.617550636383,2,9
2015-08-05,8570.25,8572.6,8570.25,8572.6,09:55:00,8550.677783909108,2,10
2015-08-05,8577.6,8577.6,8572.35,8572.35,10:00:00,8553.241804489193,2,11
2015-08-05,8587.0,8587.0,8579.8,8579.8,10:05:00,8556.456870728318,2,12
2015-08-05,8581.6,8584.85,8580.6,8584.85,10:10:00,8558.851454468479,2,13
2015-08-05,8580.35,8583.25,8580.35,8581.0,10:15:00,8560.89893499529,2,14
2015-08-05,8579.4,8579.95,8576.2,8579.95,10:20:00,8562.660941186215,2,15
2015-08-05,8578.1,8580.2,8577.95,8580.1,10:25:00,8564.13132773991,2,16
2015-08-05,8572.05,8579.85,8572.05,8579.25,10:30:00,8564.885487002775,2,17
2015-08-05,8568.9,8569.45,8567.15,8567.15,10:35:00,8565.26782157394,2,18
2015-08-05,8571.55,8571.55,8566.45,8567.75,10:40:00,8565.866124281183,2,19
2015-08-05,8575.6,8578.6,8573.45,8574.0,10:45:00,8566.793160063928,2,20
2015-08-05,8574.75,8576.7,8574.7,8574.7,10:50:00,8567.550954343555,2,21
2015-08-05,8579.7,8579.7,8576.05,8576.05,10:55:00,8568.708006310835,2,22
2015-08-05,8572.85,8580.1,8569.05,8579.35,11:00:00,8569.10248190028,2,23
2015-08-05,8572.95,8574.95,8571.1,8572.45,11:05:00,8569.46891219549,2,24
2015-08-05,8573.75,8573.75,8572.05,8572.05,11:10:00,8569.876634843538,2,25
2015-08-05,8576.1,8576.75,8574.45,8574.45,11:15:00,8570.469336287011,2,26
2015-08-05,8574.8,8576.25,8574.8,8576.25,11:20:00,8570.881780450152,2,27
2015-08-05,8576.9,8576.9,8574.8,8575.2,11:25:00,8571.454944216805,2,28
2015-08-05,8579.95,8579.95,8576.35,8576.35,11:30:00,8572.263997148537,2,29
2015-08-05,8580.95,8582.6,8580.95,8582.1,11:35:00,8573.091235515343,2,30
2015-08-05,8574.3,8579.75,8574.3,8579.75,11:40:00,8573.206355942453,2,31
2015-08-05,8575.0,8575.0,8571.65,8573.15,11:45:00,8573.377179186029,2,32
2015-08-05,8577.7,8577.7,8574.05,8575.05,11:50:00,8573.788876406406,2,33
2015-08-05,8577.9,8578.25,8577.05,8577.1,11:55:00,8574.180411986748,2,34
2015-08-05,8574.5,8578.15,8574.5,8578.15,12:00:00,8574.21084894039,2,35
2015-08-05,8573.3,8576.3,8571.8,8576.3,12:05:00,8574.124101422258,2,36
2015-08-05,8568.3,8571.9,8568.3,8571.75,12:10:00,8573.569425096328,2,37
2015-08-05,8573.35,8573.35,8566.15,8566.15,12:15:00,8573.548527468107,2,38
2015-08-05,8574.8,8574.8,8570.45,8572.6,12:20:00,8573.667715328287,2,39
2015-08-05,8576.75,8576.75,8574.3,8574.3,12:25:00,8573.961266249404,2,40
2015-08-05,8580.25,8581.7,8579.65,8579.65,12:30:00,8574.56019327327,2,41
2015-08-05,8578.7,8581.4,8578.7,8578.9,12:35:00,8574.954460580577,2,42
2015-08-05,8579.45,8579.45,8576.45,8577.8,12:40:00,8575.38260719195,2,43
2015-08-05,8583.85,8586.45,8581.1,8581.1,12:45:00,8576.189025554622,2,44
2015-08-05,8576.8,8585.5,8576.8,8585.5,12:50:00,8576.24721359704,2,45
2015-08-05,8580.65,8580.65,8574.95,8574.95,12:55:00,8576.666526587798,2,46
2015-08-05,8581.85,8581.85,8580.15,8580.15,13:00:00,8577.160190722294,2,47
2015-08-05,8580.2,8581.75,8580.2,8581.3,13:05:00,8577.44969636779,2,48
2015-08-05,8574.75,8579.05,8574.75,8577.5,13:10:00,8577.192582428,2,49
2015-08-05,8576.05,8576.05,8572.65,8572.65,13:15:00,8577.083765053905,2,50
2015-08-05,8580.25,8580.8,8575.95,8575.95,13:20:00,8577.385311239248,2,51
2015-08-05,8577.85,8583.0,8577.85,8583.0,13:25:00,8577.429567311701,2,52
2015-08-05,8579.5,8579.5,8577.85,8579.0,13:30:00,8577.626751377253,2,53
2015-08-05,8579.3,8579.3,8576.2,8577.9,13:35:00,8577.786108388944,2,54
2015-08-05,8581.1,8582.3,8579.9,8581.05,13:40:00,8578.101717113806,2,55
2015-08-05,8585.9,8585.9,8580.5,8580.5,13:45:00,8578.844410722015,2,56
2015-08-05,8588.35,8589.65,8582.95,8584.0,13:50:00,8579.749704938966,2,57
2015-08-05,8584.05,8587.6,8584.05,8587.6,13:55:00,8580.15925684954,2,58
2015-08-05,8570.05,8580.6,8570.05,8580.6,14:00:00,8579.196470482917,2,59
2015-08-05,8560.05,8567.2,8558.6,8565.5,14:05:00,8577.372997103592,2,60
2015-08-05,8565.95,8567.6,8562.95,8562.95,14:10:00,8576.285092617536,2,61
2015-08-05,8558.9,8565.75,8558.05,8565.75,14:15:00,8574.629369511105,2,62
2015-08-05,8571.65,8571.65,8562.15,8562.15,14:20:00,8574.345620033857,2,63
2015-08-05,8569.3,8573.35,8566.8,8573.35,14:25:00,8573.865084792536,2,64
2015-08-05,8569.15,8571.8,8568.8,8569.65,14:30:00,8573.416029098009,2,65
2015-08-05,8563.9,8570.0,8563.0,8570.0,14:35:00,8572.509740612484,2,66
2015-08-05,8566.35,8566.35,8562.5,8564.75,14:40:00,8571.923098649391,2,67
2015-08-05,8568.15,8570.15,8567.8,8570.15,14:45:00,8571.563755920879,2,68
2015-08-05,8573.1,8576.95,8572.8,8572.8,14:50:00,8571.710064880795,2,69
2015-08-05,8573.95,8574.45,8573.15,8574.2,14:55:00,8571.923392035005,2,70
2015-08-05,8569.1,8572.7,8569.1,8572.7,15:00:00,8571.65449755548,2,71
2015-08-05,8569.35,8571.55,8569.35,8571.55,15:05:00,8571.435021597816,2,72
2015-08-05,8570.75,8570.75,8569.05,8570.05,15:10:00,8571.369781445643,2,73
2015-08-05,8570.25,8572.75,8569.45,8569.45,15:15:00,8571.263135593677,2,74
2015-08-05,8561.35,8568.45,8561.35,8568.45,15:20:00,8570.319027441898,2,75
2015-08-05,8568.25,8568.25,8563.9,8564.05,15:25:00,8570.121977209335,2,76
2015-08-06,8585.8,8585.8,8585.8,8585.8,09:10:00,8571.615122237017,3,1
2015-08-06,8566.55,8585.8,8566.55,8585.8,09:15:00,8571.132729643015,3,2
2015-08-06,8565.6,8569.45,8560.35,8569.45,09:20:00,8570.605803010347,3,3
2015-08-06,8569.15,8575.75,8569.1,8569.1,09:25:00,8570.4671551046,3,4
2015-08-06,8560.2,8567.2,8553.45,8567.2,09:30:00,8569.489330808923,3,5
2015-08-06,8560.15,8563.6,8558.25,8558.25,09:35:00,8568.599870731883,3,6
2015-08-06,8557.0,8562.45,8557.0,8562.45,09:40:00,8567.49512113837,3,7
2015-08-06,8561.6,8564.25,8553.45,8553.45,09:45:00,8566.933681029954,3,8
2015-08-06,8563.45,8566.75,8562.1,8562.1,09:50:00,8566.601901884243,3,9
2015-08-06,8569.0,8569.95,8564.9,8564.9,09:55:00,8566.830292180983,3,10
2015-08-06,8575.15,8576.2,8570.25,8570.25,10:00:00,8567.622645306603,3,11
2015-08-06,8570.9,8575.3,8569.7,8575.3,10:05:00,8567.934774325022,3,12
2015-08-06,8570.15,8572.7,8570.15,8572.7,10:10:00,8568.14574819883,3,13
2015-08-06,8574.2,8574.35,8569.8,8569.8,10:15:00,8568.722343608464,3,14
2015-08-06,8576.65,8579.4,8575.2,8575.2,10:20:00,8569.477358502896,3,15
2015-08-06,8576.3,8577.7,8574.15,8575.8,10:25:00,8570.127133883572,3,16
2015-08-06,8572.3,8574.95,8572.3,8574.95,10:30:00,8570.334073513708,3,17
2015-08-06,8573.0,8573.0,8570.4,8572.7,10:35:00,8570.587971274308,3,18
2015-08-06,8575.45,8575.45,8573.3,8574.8,10:40:00,8571.051021629137,3,19
2015-08-06,8574.45,8577.2,8574.45,8576.2,10:45:00,8571.374733854933,3,20
2015-08-06,8576.3,8576.35,8574.5,8575.05,10:50:00,8571.843806821129,3,21
2015-08-06,8571.3,8576.05,8570.65,8576.05,10:55:00,8571.792015695306,3,22
2015-08-06,8568.6,8569.55,8567.4,8569.55,11:00:00,8571.488014200515,3,23
2015-08-06,8567.5,8567.5,8562.5,8563.95,11:05:00,8571.108203324276,3,24
2015-08-06,8567.0,8567.0,8563.75,8563.75,11:10:00,8570.716945864822,3,25
2015-08-06,8566.2,8567.35,8565.45,8567.35,11:15:00,8570.286760544363,3,26
2015-08-06,8561.95,8565.9,8561.95,8565.9,11:20:00,8569.49278334966,3,27
2015-08-06,8556.25,8562.45,8556.25,8562.45,11:25:00,8568.231565887789,3,28
2015-08-06,8556.05,8557.35,8554.0,8557.35,11:30:00,8567.071416755618,3,29
2015-08-06,8559.25,8560.1,8556.85,8556.95,11:35:00,8566.32651992175,3,30
2015-08-06,8559.55,8559.55,8555.0,8558.2,11:40:00,8565.681137072059,3,31
2015-08-06,8557.6,8560.15,8557.6,8560.05,11:45:00,8564.911504969958,3,32
2015-08-06,8557.15,8557.35,8552.2,8557.35,11:50:00,8564.172314020438,3,33
2015-08-06,8560.6,8560.6,8556.5,8556.5,11:55:00,8563.832093637538,3,34
2015-08-06,8556.3,8561.15,8556.3,8561.15,12:00:00,8563.114751386343,3,35
2015-08-06,8555.0,8557.75,8555.0,8556.6,12:05:00,8562.341917920978,3,36
2015-08-06,8555.5,8555.5,8551.55,8553.7,12:10:00,8561.690306690409,3,37
2015-08-06,8559.6,8559.6,8555.3,8555.3,12:15:00,8561.491229862751,3,38
2015-08-06,8562.2,8562.2,8560.1,8560.1,12:20:00,8561.558731780586,3,39
2015-08-06,8562.8,8563.0,8562.45,8562.95,12:25:00,8561.676947801483,3,40
2015-08-06,8561.6,8566.0,8561.6,8564.55,12:30:00,8561.669619439437,3,41
2015-08-06,8558.65,8561.05,8558.65,8561.05,12:35:00,8561.382036635681,3,42
2015-08-06,8563.3,8563.3,8558.5,8558.95,12:40:00,8561.564699813236,3,43
2015-08-06,8563.6,8563.6,8562.4,8563.5,12:45:00,8561.758537926262,3,44
2015-08-06,8561.7,8564.3,8560.15,8564.3,12:50:00,8561.752962885666,3,45
2015-08-06,8567.65,8567.65,8563.9,8563.9,12:55:00,8562.314585467984,3,46
2015-08-06,8572.95,8573.0,8568.4,8568.4,13:00:00,8563.32748209008,3,47
2015-08-06,8573.2,8574.75,8571.4,8574.75,13:05:00,8564.267721891025,3,48
2015-08-06,8570.85,8570.85,8568.3,8569.05,13:10:00,8564.89460552045,3,49
2015-08-06,8583.6,8583.6,8568.9,8568.9,13:15:00,8566.676071661359,3,50
2015-08-06,8591.5,8599.25,8589.9,8589.9,13:20:00,8569.040255312659,3,51
2015-08-06,8585.5,8589.75,8585.4,8589.75,13:25:00,8570.607850044786,3,52
2015-08-06,8592.55,8596.6,8589.7,8589.7,13:30:00,8572.69757861195,3,53
2015-08-06,8590.45,8592.9,8586.25,8591.45,13:35:00,8574.388285410812,3,54
2015-08-06,8591.7,8592.95,8590.75,8590.9,13:40:00,8576.037020133592,3,55
2015-08-06,8592.4,8592.4,8588.7,8590.3,13:45:00,8577.595399168487,3,56
2015-08-06,8594.7,8597.25,8592.15,8597.25,13:50:00,8579.224408771488,3,57
2015-08-06,8590.3,8592.2,8588.35,8592.2,13:55:00,8580.279226983726,3,58
2015-08-06,8586.65,8591.6,8586.65,8588.7,14:00:00,8580.885967270991,3,59
2015-08-06,8583.4,8586.55,8580.65,8586.55,14:05:00,8581.125398959468,3,60
2015-08-06,8591.6,8591.6,8584.1,8584.15,14:10:00,8582.122980010947,3,61
2015-08-06,8591.65,8593.9,8589.95,8590.35,14:15:00,8583.030315248,3,62
2015-08-06,8605.85,8605.85,8594.05,8594.05,14:20:00,8585.203618557713,3,63
2015-08-06,8599.9,8602.1,8598.45,8602.1,14:25:00,8586.603273933168,3,64
2015-08-06,8599.65,8600.5,8598.8,8599.9,14:30:00,8587.845819272867,3,65
2015-08-06,8591.2,8596.6,8591.2,8596.6,14:35:00,8588.165265056403,3,66
2015-08-06,8590.7,8594.45,8589.8,8594.45,14:40:00,8588.406668384365,3,67
2015-08-06,8585.35,8591.3,8585.15,8591.3,14:45:00,8588.115557109664,3,68
2015-08-06,8586.8,8586.8,8577.5,8581.65,14:50:00,8587.990265956363,3,69
2015-08-06,8584.8,8585.9,8582.05,8585.05,14:55:00,8587.686431103377,3,70
2015-08-06,8594.1,8594.1,8586.15,8586.15,15:00:00,8588.29724718877,3,71
2015-08-06,8595.0,8595.0,8591.2,8591.2,15:05:00,8588.935604599363,3,72
2015-08-06,8592.05,8596.85,8592.05,8594.8,15:10:00,8589.232213685138,3,73
2015-08-06,8585.05,8592.95,8585.05,8591.75,15:15:00,8588.833907619886,3,74
2015-08-06,8584.55,8586.75,8581.35,8584.85,15:20:00,8588.425916417993,3,75
2015-08-06,8584.15,8584.15,8581.05,8583.25,15:25:00,8588.018686282947,3,76
2015-08-07,8580.8,8580.8,8580.8,8580.8,09:10:00,8587.331192351237,4,1
2015-08-07,8570.7,8588.65,8570.7,8588.65,09:15:00,8585.747269270167,4,2
2015-08-07,8589.0,8590.05,8572.4,8572.4,09:20:00,8586.057053149198,4,3
2015-08-07,8592.85,8595.4,8588.0,8588.0,09:25:00,8586.704000468322,4,4
2015-08-07,8582.95,8591.45,8582.95,8591.45,09:30:00,8586.346476614197,4,5
2015-08-07,8584.7,8584.7,8578.75,8582.8,09:35:00,8586.189669317608,4,6
2015-08-07,8588.35,8588.35,8585.15,8586.7,09:40:00,8586.395415096882,4,7
2015-08-07,8586.0,8588.9,8584.2,8588.85,09:45:00,8586.357756516227,4,8
2015-08-07,8590.4,8590.4,8584.5,8585.4,09:50:00,8586.74273208611,4,9
2015-08-07,8590.6,8595.2,8589.1,8592.75,09:55:00,8587.110090935052,4,10
2015-08-07,8591.95,8593.55,8591.95,8592.8,10:00:00,8587.571034655522,4,11
2015-08-07,8588.8,8590.9,8586.75,8590.9,10:05:00,8587.688078974044,4,12
2015-08-07,8591.75,8591.75,8587.15,8587.4,10:10:00,8588.074928595564,4,13
2015-08-07,8592.25,8593.6,8591.2,8592.8,10:15:00,8588.472554443606,4,14
2015-08-07,8580.05,8591.2,8579.2,8591.2,10:20:00,8587.670406401357,4,15
2015-08-07,8585.75,8586.0,8580.85,8580.85,10:25:00,8587.487510553608,4,16
2015-08-07,8585.7,8586.7,8585.2,8586.05,10:30:00,8587.317271453265,4,17
2015-08-07,8586.25,8590.3,8586.25,8590.3,10:35:00,8587.215626552954,4,18
2015-08-07,8589.2,8589.2,8586.8,8586.8,10:40:00,8587.404614500292,4,19
2015-08-07,8590.25,8591.85,8589.6,8589.6,10:45:00,8587.675603595502,4,20
2015-08-07,8589.8,8592.0,8589.8,8591.0,10:50:00,8587.877927062598,4,21
2015-08-07,8586.55,8590.9,8586.55,8590.9,10:55:00,8587.751457818542,4,22
2015-08-07,8580.9,8585.05,8580.9,8585.05,11:00:00,8587.0989380263,4,23
2015-08-07,8581.05,8581.45,8579.25,8579.25,11:05:00,8586.522848690462,4,24
2015-08-07,8574.6,8583.05,8574.6,8583.05,11:10:00,8585.38733929137,4,25
2015-08-07,8571.8,8575.6,8569.9,8575.6,11:15:00,8584.093306977906,4,26
2015-08-07,8567.1,8572.4,8567.1,8571.8,11:20:00,8582.474896789534,4,27
2015-08-07,8568.9,8570.15,8567.0,8567.0,11:25:00,8581.182049476245,4,28
2015-08-07,8574.95,8575.1,8569.3,8569.3,11:30:00,8580.588520954698,4,29
2015-08-07,8581.9,8581.9,8576.35,8576.35,11:35:00,8580.713423720917,4,30
2015-08-07,8583.5,8585.6,8581.2,8581.2,11:40:00,8580.978811937974,4,31
2015-08-07,8584.05,8584.05,8583.3,8583.3,11:45:00,8581.27130603912,4,32
2015-08-07,8579.35,8581.5,8579.35,8581.5,11:50:00,8581.088324511586,4,33
2015-08-07,8583.4,8583.9,8580.2,8580.2,11:55:00,8581.30848408191,4,34
2015-08-07,8586.95,8586.95,8583.35,8583.35,12:00:00,8581.845771312204,4,35
2015-08-07,8583.75,8585.95,8583.35,8585.95,12:05:00,8582.027126425328,4,36
2015-08-07,8586.7,8586.7,8583.0,8583.0,12:10:00,8582.472162003869,4,37
2015-08-07,8585.2,8585.2,8584.0,8585.1,12:15:00,8582.73195609874,4,38
2015-08-07,8588.95,8588.95,8585.45,8585.45,12:20:00,8583.324150756001,4,39
2015-08-07,8590.6,8591.7,8590.6,8591.5,12:25:00,8584.01708877924,4,40
2015-08-07,8583.3,8588.7,8583.3,8588.1,12:30:00,8583.948794609789,4,41
2015-08-07,8583.05,8583.05,8579.85,8579.85,12:35:00,8583.863195123142,4,42
2015-08-07,8583.85,8585.15,8583.2,8583.2,12:40:00,8583.861938444748,4,43
2015-08-07,8586.35,8586.35,8584.3,8584.3,12:45:00,8584.098896688105,4,44
2015-08-07,8587.1,8587.1,8585.05,8585.15,12:50:00,8584.384716051143,4,45
2015-08-07,8586.85,8587.0,8585.65,8587.0,12:55:00,8584.619504998653,4,46
2015-08-07,8589.45,8590.5,8589.45,8590.5,13:00:00,8585.079552141638,4,47
2015-08-07,8590.05,8590.35,8587.55,8588.55,13:05:00,8585.552928128149,4,48
2015-08-07,8588.05,8590.1,8588.05,8590.1,13:10:00,8585.790744496897,4,49
2015-08-07,8590.4,8590.4,8588.5,8589.35,13:15:00,8586.229721211479,4,50
2015-08-07,8588.75,8589.95,8587.55,8589.95,13:20:00,8586.469747762767,4,51
2015-08-07,8589.2,8589.55,8587.25,8589.55,13:25:00,8586.729771785362,4,52
2015-08-07,8581.35,8588.8,8581.35,8588.8,13:30:00,8586.217412567708,4,53
2015-08-07,8576.65,8580.0,8576.65,8580.0,13:35:00,8585.306230418402,4,54
2015-08-07,8569.7,8574.6,8568.85,8574.6,13:40:00,8583.819922759507,4,55
2015-08-07,8560.6,8569.1,8558.6,8569.1,13:45:00,8581.608501544315,4,56
2015-08-07,8564.35,8566.55,8558.45,8558.85,13:50:00,8579.96483473057,4,57
2015-08-07,8567.6,8567.6,8562.45,8562.45,13:55:00,8578.787231422897,4,58
2015-08-07,8563.7,8567.35,8563.25,8567.35,14:00:00,8577.350352239764,4,59
2015-08-07,8569.3,8569.3,8565.2,8565.45,14:05:00,8576.583652026453,4,60
2015-08-07,8568.55,8568.9,8563.85,8568.9,14:10:00,8575.818542309647,4,61
2015-08-07,8570.65,8570.65,8566.15,8566.15,14:15:00,8575.32630018492,4,62
2015-08-07,8574.3,8575.7,8574.0,8575.6,14:20:00,8575.228557310165,4,63
2015-08-07,8570.7,8573.55,8569.4,8573.55,14:25:00,8574.79726613777,4,64
2015-08-07,8571.15,8572.5,8570.85,8570.85,14:30:00,8574.449907457982,4,65
2015-08-07,8574.7,8577.95,8574.2,8574.2,14:35:00,8574.473725795317,4,66
2015-08-07,8570.4,8577.25,8570.4,8574.9,14:40:00,8574.085751910048,4,67
2015-08-07,8572.4,8572.4,8567.15,8567.15,14:45:00,8573.925204109091,4,68
2015-08-07,8568.7,8573.7,8568.7,8573.6,14:50:00,8573.42756562251,4,69
2015-08-07,8564.35,8568.45,8564.35,8568.35,14:55:00,8572.563035563224,4,70
2015-08-07,8554.6,8566.2,8554.6,8566.2,15:00:00,8570.852270271489,4,71
2015-08-07,8563.7,8563.95,8556.55,8556.55,15:05:00,8570.171101674205,4,72
2015-08-07,8565.65,8568.45,8563.2,8564.7,15:10:00,8569.740520562376,4,73
2015-08-07,8567.35,8571.95,8565.5,8565.5,15:15:00,8569.512851937388,4,74
2015-08-07,8568.0,8568.0,8564.8,8566.4,15:20:00,8569.368770800495,4,75
2015-08-07,8567.65,8570.75,8567.15,8570.75,15:25:00,8569.205078343304,4,76
2015-08-10,8577.0,8577.0,8577.0,8577.0,09:10:00,8569.947451834418,0,1
2015-08-10,8575.4,8577.0,8567.55,8577.0,09:15:00,8570.466742135903,0,2
2015-08-10,8600.45,8604.55,8576.8,8576.8,09:20:00,8573.322290503913,0,3
2015-08-10,8596.0,8597.45,8593.45,8597.45,09:25:00,8575.482072360683,0,4
2015-08-10,8597.3,8606.4,8597.3,8600.2,09:30:00,8577.559970231094,0,5
2015-08-10,8602.55,8603.85,8597.65,8597.65,09:35:00,8579.939973066228,0,6
2015-08-10,8596.9,8602.45,8595.1,8602.45,09:40:00,8581.555213726588,0,7
2015-08-10,8617.2,8617.2,8601.5,8601.5,09:45:00,8584.949955276436,0,8
2015-08-10,8615.4,8619.3,8615.4,8616.55,09:50:00,8587.849959535823,0,9
2015-08-10,8607.75,8612.15,8607.75,8612.15,09:55:00,8589.745201484791,0,10
2015-08-10,8606.7,8609.95,8605.95,8608.65,10:00:00,8591.359944200525,0,11
2015-08-10,8609.0,8609.0,8607.2,8608.05,10:05:00,8593.039949514761,0,12
2015-08-10,8611.95,8613.1,8609.0,8609.0,10:10:00,8594.840906703832,0,13
2015-08-10,8614.75,8614.75,8609.75,8609.75,10:15:00,8596.737010827277,0,14
2015-08-10,8615.1,8615.5,8613.75,8615.2,10:20:00,8598.485866938965,0,15
2015-08-10,8619.2,8619.85,8615.05,8615.25,10:25:00,8600.458641516207,0,16
2015-08-10,8616.15,8620.55,8615.5,8620.55,10:30:00,8601.953056609902,0,17
2015-08-10,8614.35,8616.65,8614.35,8616.65,10:35:00,8603.13371788515,0,18
2015-08-10,8614.15,8614.65,8611.8,8613.75,10:40:00,8604.182887610374,0,19
2015-08-10,8616.15,8616.5,8612.65,8613.85,10:45:00,8605.322612599863,0,20
2015-08-10,8612.75,8616.85,8612.75,8616.85,10:50:00,8606.029982828448,0,21
2015-08-10,8606.65,8612.3,8605.8,8612.3,10:55:00,8606.08903208288,0,22
2015-08-10,8609.25,8609.25,8605.6,8606.1,11:00:00,8606.390076646416,0,23
2015-08-10,8610.35,8612.35,8609.65,8609.65,11:05:00,8606.7672122039,0,24
2015-08-10,8609.6,8612.6,8609.6,8611.1,11:10:00,8607.037001517814,0,25
2015-08-10,8609.05,8609.75,8608.55,8608.85,11:15:00,8607.228715658975,0,26
2015-08-10,8608.3,8608.3,8607.5,8608.25,11:20:00,8607.330742739074,0,27
2015-08-10,8608.85,8610.6,8608.75,8608.75,11:25:00,8607.47543390678,0,28
2015-08-10,8607.6,8610.0,8607.5,8609.2,11:30:00,8607.48729734423,0,29
2015-08-10,8608.65,8608.65,8606.25,8606.85,11:35:00,8607.598030930494,0,30
2015-08-10,8607.95,8608.75,8607.95,8608.25,11:40:00,8607.631551794257,0,31
2015-08-10,8608.05,8608.5,8607.55,8607.55,11:45:00,8607.671404004326,0,32
2015-08-10,8608.35,8608.55,8606.85,8607.95,11:50:00,8607.73603219439,0,33
2015-08-10,8610.95,8610.95,8608.95,8610.2,11:55:00,8608.042124366353,0,34
2015-08-10,8608.45,8610.5,8608.45,8610.45,12:00:00,8608.080969664796,0,35
2015-08-10,8607.5,8608.4,8607.5,8607.65,12:05:00,8608.02563922053,0,36
2015-08-10,8607.2,8607.2,8607.0,8607.05,12:10:00,8607.947006913813,0,37
2015-08-10,8609.95,8611.4,8606.8,8606.8,12:15:00,8608.137768160117,0,38
2015-08-10,8610.25,8610.95,8610.1,8610.95,12:20:00,8608.33893309725,0,39
2015-08-10,8608.55,8609.7,8608.5,8609.45,12:25:00,8608.359034707035,0,40
2015-08-10,8598.75,8608.1,8598.75,8608.1,12:30:00,8607.44388854446,0,41
2015-08-10,8596.6,8601.05,8596.6,8601.05,12:35:00,8606.41113725451,0,42
2015-08-10,8600.55,8600.55,8599.65,8599.65,12:40:00,8605.852933706461,0,43
2015-08-10,8598.25,8600.35,8598.25,8600.35,12:45:00,8605.128844782037,0,44
2015-08-10,8602.7,8602.7,8597.7,8597.7,12:50:00,8604.897526231367,0,45
2015-08-10,8605.1,8605.1,8601.55,8601.95,12:55:00,8604.916809447428,0,46
2015-08-10,8605.35,8605.8,8603.35,8603.35,13:00:00,8604.95806569053,0,47
2015-08-10,8603.5,8603.7,8601.9,8603.7,13:05:00,8604.81920229143,0,48
2015-08-10,8603.95,8604.45,8603.75,8603.75,13:10:00,8604.736421120817,0,49
2015-08-10,8598.75,8602.9,8598.75,8602.9,13:15:00,8604.166285775977,0,50
2015-08-10,8599.65,8599.65,8598.4,8598.4,13:20:00,8603.736163321122,0,51
2015-08-10,8602.65,8602.65,8600.2,8600.2,13:25:00,8603.6327191953,0,52
2015-08-10,8595.05,8603.7,8595.05,8603.7,13:30:00,8602.815317367176,0,53
2015-08-10,8590.55,8591.85,8589.75,8590.8,13:35:00,8601.647191903636,0,54
2015-08-10,8588.6,8588.6,8581.95,8586.25,13:40:00,8600.404602198527,0,55
2015-08-10,8596.75,8596.75,8590.65,8590.65,13:45:00,8600.056544846286,0,56
2015-08-10,8592.25,8598.3,8592.25,8598.3,13:50:00,8599.313064384734,0,57
2015-08-10,8591.05,8596.0,8586.8,8596.0,13:55:00,8598.526105871902,0,58
2015-08-10,8593.95,8593.95,8591.6,8591.6,14:00:00,8598.090286265055,0,59
2015-08-10,8593.55,8594.5,8592.3,8594.5,14:05:00,8597.657878049335,0,60
2015-08-10,8595.9,8595.9,8592.0,8592.0,14:10:00,8597.490461092255,0,61
2015-08-10,8595.3,8596.25,8594.1,8596.25,14:15:00,8597.281845750136,0,62
2015-08-10,8596.9,8596.9,8595.5,8595.5,14:20:00,8597.245479488218,0,63
2015-08-10,8598.55,8598.55,8596.65,8596.65,14:25:00,8597.369719536959,0,64
2015-08-10,8592.0,8597.25,8592.0,8597.25,14:30:00,8596.858317676297,0,65
2015-08-10,8593.8,8596.6,8593.8,8596.15,14:35:00,8596.567049326173,0,66
2015-08-10,8590.55,8593.0,8590.55,8592.55,14:40:00,8595.993997009395,0,67
2015-08-10,8593.4,8593.4,8588.6,8588.6,14:45:00,8595.746949675167,0,68
2015-08-10,8595.85,8595.85,8590.2,8592.85,14:50:00,8595.756763991818,0,69
2015-08-10,8592.0,8595.25,8592.0,8595.25,14:55:00,8595.398976944978,0,70
2015-08-10,8573.7,8590.55,8573.7,8590.55,15:00:00,8593.332407712123,0,71
2015-08-10,8522.85,8571.7,8522.85,8571.7,15:05:00,8586.619797453826,0,72
2015-08-10,8503.0,8513.4,8503.0,8512.1,15:10:00,8578.656007220128,0,73
2015-08-10,8522.4,8522.75,8506.65,8506.65,15:15:00,8573.298292246784,0,74
2015-08-10,8517.3,8527.7,8517.3,8527.7,15:20:00,8567.965121556614,0,75
2015-08-10,8507.3,8516.1,8507.3,8516.1,15:25:00,8562.187490932174,0,76
2015-08-11,8548.45,8548.45,8548.45,8548.45,09:10:00,8560.879158462443,1,1
2015-08-11,8518.35,8549.85,8510.15,8549.85,09:15:00,8556.828762418401,1,2
2015-08-11,8521.1,8521.1,8517.9,8517.9,09:20:00,8553.426023140459,1,3
2015-08-11,8515.8,8515.9,8508.15,8509.8,09:25:00,8549.842592365178,1,4
2015-08-11,8509.8,8515.0,8509.45,8515.0,09:30:00,8546.029012139923,1,5
2015-08-11,8505.2,8508.2,8496.9,8508.2,09:35:00,8542.140534793263,1,6
2015-08-11,8521.85,8522.7,8513.0,8513.0,09:40:00,8540.208102908191,1,7
2015-08-11,8528.25,8528.25,8518.85,8523.9,09:45:00,8539.069235964555,1,8
2015-08-11,8521.1,8527.95,8521.1,8526.15,09:50:00,8537.357880158406,1,9
2015-08-11,8524.2,8525.65,8521.3,8521.3,09:55:00,8536.104748714748,1,10
2015-08-11,8522.2,8522.9,8521.15,8522.1,10:00:00,8534.780486932392,1,11
2015-08-11,8521.4,8523.3,8521.4,8521.6,10:05:00,8533.506154843592,1,12
2015-08-11,8526.25,8526.25,8520.3,8520.3,10:10:00,8532.815092477535,1,13
2015-08-11,8525.05,8526.3,8524.25,8524.4,10:15:00,8532.075559860627,1,14
2015-08-11,8519.2,8520.55,8515.1,8520.55,10:20:00,8530.849316064376,1,15
2015-08-11,8517.2,8519.8,8516.75,8519.1,10:25:00,8529.549381201101,1,16
2015-08-11,8511.85,8517.2,8511.85,8517.2,10:30:00,8527.863725848616,1,17
2015-08-11,8515.6,8517.0,8512.85,8512.85,10:35:00,8526.695751958272,1,18
2015-08-11,8518.45,8520.65,8518.45,8519.2,10:40:00,8525.910442247961,1,19
2015-08-11,8517.65,8518.2,8517.15,8518.2,10:45:00,8525.123733462442,1,20
2015-08-11,8517.05,8518.6,8515.85,8516.55,10:50:00,8524.354806466019,1,21
2015-08-11,8514.85,8516.65,8513.55,8516.65,10:55:00,8523.449586802588,1,22
2015-08-11,8512.05,8512.95,8510.05,8512.95,11:00:00,8522.363911869008,1,23
2015-08-11,8515.5,8515.5,8510.4,8511.2,11:05:00,8521.71020597672,1,24
2015-08-11,8512.7,8515.5,8512.3,8515.5,11:10:00,8520.852091121795,1,25
2015-08-11,8510.45,8515.8,8510.45,8513.35,11:15:00,8519.861415776862,1,26
2015-08-11,8501.45,8511.1,8501.0,8511.1,11:20:00,8518.107947607637,1,27
2015-08-11,8478.5,8504.1,8478.5,8504.1,11:25:00,8514.335762121196,1,28
2015-08-11,8487.2,8487.25,8474.65,8483.55,11:30:00,8511.751403823939,1,29
2015-08-11,8488.85,8488.85,8485.55,8487.9,11:35:00,8509.570317745469,1,30
2015-08-11,8490.35,8490.35,8486.5,8486.55,11:40:00,8507.739811293519,1,31
2015-08-11,8495.5,8496.45,8491.9,8492.15,11:45:00,8506.57411497985,1,32
2015-08-11,8490.0,8494.1,8488.85,8494.1,11:50:00,8504.995627838913,1,33
2015-08-11,8487.3,8491.2,8487.3,8489.95,11:55:00,8503.310329949492,1,34
2015-08-11,8481.8,8486.35,8481.8,8485.6,12:00:00,8501.26172709716,1,35
2015-08-11,8487.85,8487.85,8483.5,8484.85,12:05:00,8499.984419754574,1,36
2015-08-11,8485.75,8486.75,8484.35,8486.55,12:10:00,8498.628760730327,1,37
2015-08-11,8490.9,8490.9,8485.2,8485.5,12:15:00,8497.89268827982,1,38
2015-08-11,8488.8,8492.1,8488.4,8488.4,12:20:00,8497.026717967457,1,39
2015-08-11,8493.3,8493.3,8485.5,8488.85,12:25:00,8496.671792446748,1,40
2015-08-11,8485.95,8496.1,8475.9,8496.1,12:30:00,8495.650669356583,1,41
2015-08-11,8487.25,8487.25,8482.2,8485.4,12:35:00,8494.850605608337,1,42
2015-08-11,8478.1,8480.85,8478.1,8480.2,12:40:00,8493.255309836113,1,43
2015-08-11,8479.65,8482.55,8475.35,8476.7,12:45:00,8491.959566042198,1,44
2015-08-11,8464.45,8480.3,8464.45,8480.3,12:50:00,8489.339607371514,1,45
2015-08-11,8472.1,8472.1,8465.8,8465.8,12:55:00,8487.697740002797,1,46
2015-08-11,8467.75,8474.05,8467.75,8474.05,13:00:00,8485.797955240627,1,47
2015-08-11,8471.25,8471.25,8464.05,8469.9,13:05:00,8484.412435693901,1,48
2015-08-11,8477.25,8477.25,8473.25,8473.25,13:10:00,8483.730298961149,1,49
2015-08-11,8482.15,8482.35,8476.3,8476.3,13:15:00,8483.579794298183,1,50
2015-08-11,8482.1,8485.65,8476.3,8479.7,13:20:00,8483.43886150788,1,51
2015-08-11,8477.7,8482.0,8477.7,8481.8,13:25:00,8482.892303269035,1,52
2015-08-11,8477.45,8477.45,8472.65,8474.85,13:30:00,8482.373988671985,1,53
2015-08-11,8478.25,8478.25,8475.7,8476.7,13:35:00,8481.981227846081,1,54
2015-08-11,8476.45,8478.65,8476.45,8477.8,13:40:00,8481.454444241692,1,55
2015-08-11,8471.55,8477.1,8471.55,8474.25,13:45:00,8480.51116383772,1,56
2015-08-11,8470.9,8470.9,8468.4,8468.4,13:50:00,8479.595814900795,1,57
2015-08-11,8458.55,8471.2,8458.55,8471.2,13:55:00,8477.59145157691,1,58
2015-08-11,8462.85,8462.85,8455.5,8458.8,14:00:00,8476.18750380768,1,59
2015-08-11,8456.9,8463.85,8456.9,8463.85,14:05:00,8474.350598683139,1,60
2015-08-11,8444.15,8455.75,8444.15,8455.75,14:10:00,8471.474351189507,1,61
2015-08-11,8453.65,8453.65,8442.2,8446.05,14:15:00,8469.776793933363,1,62
2015-08-11,8473.7,8473.7,8457.4,8457.4,14:20:00,8470.150432606375,1,63
2015-08-11,8468.75,8477.65,8468.75,8476.75,14:25:00,8470.017058072435,1,64
2015-08-11,8471.85,8476.15,8470.4,8476.15,14:30:00,8470.191623970299,1,65
2015-08-11,8469.75,8473.05,8467.45,8473.05,14:35:00,8470.149564544556,1,66
2015-08-11,8460.2,8466.05,8460.2,8466.05,14:40:00,8469.201986968883,1,67
2015-08-11,8466.05,8473.0,8463.6,8463.6,14:45:00,8468.901797733752,1,68
2015-08-11,8464.85,8471.85,8464.85,8471.85,14:50:00,8468.5159122353,1,69
2015-08-11,8469.05,8469.05,8463.45,8464.0,14:55:00,8468.5667777367,1,70
2015-08-11,8466.6,8468.3,8462.6,8468.3,15:00:00,8468.379465571299,1,71
2015-08-11,8462.95,8464.05,8461.55,8464.05,15:05:00,8467.862373612128,1,72
2015-08-11,8458.85,8460.15,8456.45,8460.15,15:10:00,8467.004052315735,1,73
2015-08-11,8462.2,8462.2,8460.55,8460.55,15:15:00,8466.54652352376,1,74
2015-08-11,8459.75,8461.1,8458.45,8461.1,15:20:00,8465.899235569117,1,75
2015-08-11,8466.45,8471.4,8463.6,8464.25,15:25:00,8465.95168932444,1,76
2015-08-12,8445.7,8445.7,8445.7,8445.7,09:10:00,8464.022957007826,2,1
2015-08-12,8421.0,8446.7,8413.3,8446.7,09:15:00,8459.925532530891,2,2
2015-08-12,8431.05,8431.05,8416.7,8418.25,09:20:00,8457.175481813663,2,3
2015-08-12,8422.05,8429.5,8422.05,8428.7,09:25:00,8453.83019783141,2,4
2015-08-12,8419.7,8424.05,8419.7,8421.95,09:30:00,8450.579702799849,2,5
2015-08-12,8407.25,8417.95,8405.85,8417.95,09:35:00,8446.45306443796,2,6
2015-08-12,8405.05,8413.85,8405.05,8408.5,09:40:00,8442.509915443869,2,7
2015-08-12,8391.85,8397.6,8391.85,8397.25,09:45:00,8437.685161592071,2,8
2015-08-12,8387.55,8393.9,8386.05,8393.9,09:50:00,8432.910384297587,2,9
2015-08-12,8392.0,8393.05,8388.35,8393.05,09:55:00,8429.014157221627,2,10
2015-08-12,8405.65,8406.7,8392.35,8392.35,10:00:00,8426.788999390996,2,11
2015-08-12,8407.1,8410.15,8402.9,8410.15,10:05:00,8424.913856591853,2,12
2015-08-12,8406.55,8409.75,8406.55,8409.75,10:10:00,8423.164917868819,2,13
2015-08-12,8412.2,8412.2,8407.35,8408.85,10:15:00,8422.12063997655,2,14
2015-08-12,8412.2,8414.65,8409.85,8413.4,10:20:00,8421.17581712164,2,15
2015-08-12,8416.95,8417.8,8414.1,8415.2,10:25:00,8420.773358348151,2,16
2015-08-12,8414.1,8419.45,8414.1,8418.5,10:30:00,8420.137800410232,2,17
2015-08-12,8412.15,8415.2,8410.2,8413.1,10:35:00,8419.377057514019,2,18
2015-08-12,8418.55,8419.25,8414.5,8414.5,10:40:00,8419.298290131732,2,19
2015-08-12,8431.45,8431.45,8419.45,8420.35,10:45:00,8420.455595833471,2,20
2015-08-12,8423.5,8427.85,8423.5,8426.5,10:50:00,8420.745539087426,2,21
2015-08-12,8424.1,8424.75,8422.5,8422.75,10:55:00,8421.065011555289,2,22
2015-08-12,8427.4,8427.4,8422.65,8423.7,11:00:00,8421.668343788118,2,23
2015-08-12,8425.25,8427.95,8425.05,8427.85,11:05:00,8422.009453903536,2,24
2015-08-12,8422.0,8425.3,8419.9,8425.3,11:10:00,8422.00855353177,2,25
2015-08-12,8412.4,8418.4,8412.4,8417.75,11:15:00,8421.093453195412,2,26
2015-08-12,8412.9,8415.45,8412.9,8413.55,11:20:00,8420.313124319659,2,27
2015-08-12,8416.55,8417.15,8415.15,8415.15,11:25:00,8419.95473152731,2,28
2015-08-12,8412.55,8414.8,8412.55,8414.8,11:30:00,8419.2495190009,2,29
2015-08-12,8422.5,8426.45,8414.3,8414.3,11:35:00,8419.559088619862,2,30
2015-08-12,8423.45,8425.6,8421.85,8422.75,11:40:00,8419.929651608447,2,31
2015-08-12,8427.3,8428.1,8424.2,8424.2,11:45:00,8420.6315895505,2,32
2015-08-12,8430.6,8431.3,8426.9,8426.9,11:50:00,8421.580961974261,2,33
2015-08-12,8429.55,8432.25,8427.1,8432.25,11:55:00,8422.339917976713,2,34
2015-08-12,8422.75,8427.4,8422.75,8427.4,12:00:00,8422.378973407502,2,35
2015-08-12,8423.0,8425.4,8421.85,8421.85,12:05:00,8422.438118797263,2,36
2015-08-12,8421.8,8422.4,8419.85,8421.65,12:10:00,8422.377345578476,2,37
2015-08-12,8421.45,8422.5,8421.35,8421.35,12:15:00,8422.289026951954,2,38
2015-08-12,8420.4,8420.4,8417.7,8418.4,12:20:00,8422.109119623197,2,39
2015-08-12,8417.3,8420.55,8417.2,8420.55,12:25:00,8421.651108230511,2,40
2015-08-12,8421.05,8421.05,8416.9,8418.6,12:30:00,8421.593859827604,2,41
2015-08-12,8417.55,8422.3,8416.65,8422.3,12:35:00,8421.208730320213,2,42
2015-08-12,8414.5,8418.0,8413.75,8418.0,12:40:00,8420.56980362305,2,43
2015-08-12,8405.55,8413.55,8405.35,8413.55,12:45:00,8419.13934613514,2,44
2015-08-12,8400.9,8408.7,8400.5,8408.7,12:50:00,8417.402265550842,2,45
2015-08-12,8392.1,8402.95,8392.1,8402.95,12:55:00,8414.992525974572,2,46
2015-08-12,8399.45,8401.15,8390.65,8390.65,13:00:00,8413.512285405566,2,47
2015-08-12,8389.75,8396.0,8389.75,8394.75,13:05:00,8411.249210605036,2,48
2015-08-12,8389.75,8389.75,8383.45,8387.35,13:10:00,8409.20166673789,2,49
2015-08-12,8395.2,8395.2,8390.05,8393.5,13:15:00,8407.868174667616,2,50
2015-08-12,8407.65,8407.65,8397.05,8397.05,13:20:00,8407.847396127843,2,51
2015-08-12,8399.75,8408.85,8399.75,8407.15,13:25:00,8407.076215544239,2,52
2015-08-12,8399.75,8400.65,8398.55,8400.35,13:30:00,8406.378480730502,2,53
2015-08-12,8394.7,8400.35,8394.7,8400.35,13:35:00,8405.266244470455,2,54
2015-08-12,8395.95,8397.1,8392.7,8395.35,13:40:00,8404.378983092316,2,55
2015-08-12,8400.0,8400.0,8394.35,8394.35,13:45:00,8403.961937083524,2,56
2015-08-12,8394.4,8397.05,8394.25,8397.05,13:50:00,8403.051276408904,2,57
2015-08-12,8394.4,8394.4,8387.9,8392.6,13:55:00,8402.22734532234,2,58
2015-08-12,8391.15,8394.6,8390.65,8394.6,14:00:00,8401.172360053546,2,59
2015-08-12,8376.75,8389.15,8372.55,8389.15,14:05:00,8398.846421000828,2,60
2015-08-12,8370.95,8376.75,8370.95,8375.9,14:10:00,8396.189619000748,2,61
2015-08-12,8371.5,8371.5,8366.05,8366.6,14:15:00,8393.838226714963,2,62
2015-08-12,8368.8,8374.3,8367.3,8374.3,14:20:00,8391.45363369449,2,63
2015-08-12,8359.9,8365.9,8359.9,8365.9,14:25:00,8388.448525723585,2,64
2015-08-12,8370.65,8371.5,8363.75,8363.75,14:30:00,8386.753428035625,2,65
2015-08-12,8364.4,8366.6,8360.85,8366.6,14:35:00,8384.62453012747,2,66
2015-08-12,8371.7,8371.7,8365.3,8367.7,14:40:00,8383.393622496282,2,67
2015-08-12,8377.15,8380.35,8372.85,8375.7,14:45:00,8382.79899178235,2,68
2015-08-12,8373.3,8375.15,8373.3,8373.5,14:50:00,8381.894325898318,2,69
2015-08-12,8370.1,8371.95,8366.4,8370.05,14:55:00,8380.771056765145,2,70
2015-08-12,8356.35,8370.95,8356.35,8370.95,15:00:00,8378.44524183513,2,71
2015-08-12,8349.65,8355.3,8346.8,8355.3,15:05:00,8375.702837850833,2,72
2015-08-12,8344.55,8347.8,8344.0,8344.25,15:10:00,8372.735900912658,2,73
2015-08-12,8338.75,8345.65,8338.75,8345.4,15:15:00,8369.499148444786,2,74
2015-08-12,8353.8,8353.9,8344.4,8344.4,15:20:00,8368.003991450045,2,75
2015-08-12,8350.45,8354.9,8350.45,8354.3,15:25:00,8366.332182740516,2,76
2015-08-13,8384.45,8384.45,8384.45,8384.45,09:10:00,8368.057689146182,3,1
2015-08-13,8415.4,8416.3,8385.3,8385.3,09:15:00,8372.566480656069,3,2
2015-08-13,8415.5,8427.8,8412.8,8423.1,09:20:00,8376.655387260253,3,3
2015-08-13,8411.95,8418.9,8411.95,8413.95,09:25:00,8380.016778949752,3,4
2015-08-13,8414.9,8419.3,8414.9,8417.8,09:30:00,8383.338990478347,3,5
2015-08-13,8419.65,8422.85,8417.2,8417.2,09:35:00,8386.79718186136,3,6
2015-08-13,8406.85,8418.1,8406.85,8418.1,09:40:00,8388.70697406504,3,7
2015-08-13,8411.05,8411.9,8404.9,8404.9,09:45:00,8390.834881296942,3,8
2015-08-13,8408.15,8409.85,8408.0,8408.2,09:50:00,8392.483940221042,3,9
2015-08-13,8398.85,8408.5,8398.85,8408.5,09:55:00,8393.090231628563,3,10
2015-08-13,8394.3,8397.0,8393.0,8393.75,10:00:00,8393.205447663939,3,11
2015-08-13,8400.65,8404.85,8398.95,8398.95,10:05:00,8393.914452648325,3,12
2015-08-13,8388.35,8402.75,8388.35,8402.75,10:10:00,8393.384504777056,3,13
2015-08-13,8377.9,8390.3,8377.9,8390.3,10:15:00,8391.909790036383,3,14
2015-08-13,8391.65,8391.65,8380.95,8380.95,10:20:00,8391.885048128157,3,15
2015-08-13,8386.55,8394.4,8386.55,8394.4,10:25:00,8391.376948306428,3,16
2015-08-13,8388.65,8388.65,8380.65,8386.35,10:30:00,8391.11723894391,3,17
2015-08-13,8389.0,8394.65,8384.8,8394.65,10:35:00,8390.915597139729,3,18
2015-08-13,8395.9,8395.95,8392.05,8392.05,10:40:00,8391.39030217404,3,19
2015-08-13,8394.7,8399.05,8394.7,8396.95,10:45:00,8391.7055114908,3,20
2015-08-13,8393.85,8395.4,8392.35,8395.4,10:50:00,8391.909748491677,3,21
2015-08-13,8395.2,8396.75,8394.65,8394.65,10:55:00,8392.223105778183,3,22
2015-08-13,8387.05,8391.9,8387.05,8391.9,11:00:00,8391.730429037403,3,23
2015-08-13,8389.75,8390.15,8388.7,8389.8,11:05:00,8391.541816748128,3,24
2015-08-13,8396.55,8397.15,8391.9,8392.1,11:10:00,8392.018786581639,3,25
2015-08-13,8392.3,8395.0,8391.05,8395.0,11:15:00,8392.04556881196,3,26
2015-08-13,8388.25,8393.45,8386.05,8393.45,11:20:00,8391.684086067964,3,27
2015-08-13,8389.55,8389.55,8385.9,8385.9,11:25:00,8391.480839775777,3,28
2015-08-13,8387.95,8391.45,8387.15,8391.45,11:30:00,8391.14456932094,3,29
2015-08-13,8393.6,8393.6,8389.95,8389.95,11:35:00,8391.378419861803,3,30
2015-08-13,8391.8,8394.0,8391.2,8394.0,11:40:00,8391.418570351156,3,31
2015-08-13,8393.25,8393.25,8391.35,8392.5,11:45:00,8391.592992222473,3,32
2015-08-13,8392.5,8394.0,8391.2,8394.0,11:50:00,8391.679373915571,3,33
2015-08-13,8393.3,8393.3,8391.45,8392.25,11:55:00,8391.833719256945,3,34
2015-08-13,8390.5,8392.9,8390.35,8390.35,12:00:00,8391.706698375332,3,35
2015-08-13,8383.1,8389.9,8379.5,8389.9,12:05:00,8390.887012815778,3,36
2015-08-13,8367.7,8381.45,8367.7,8381.45,12:10:00,8388.678725880942,3,37
2015-08-13,8373.65,8373.65,8360.85,8363.1,12:15:00,8387.247418654186,3,38
2015-08-13,8365.2,8372.8,8365.2,8369.5,12:20:00,8385.147664496644,3,39
2015-08-13,8367.9,8367.9,8359.6,8359.6,12:25:00,8383.505029782678,3,40
2015-08-13,8357.5,8363.6,8354.2,8363.6,12:30:00,8381.028360279566,3,41
2015-08-13,8391.75,8391.75,8363.7,8363.7,12:35:00,8382.049468824369,3,42
2015-08-13,8411.9,8411.9,8393.65,8393.65,12:40:00,8384.89237655538,3,43
2015-08-13,8403.0,8405.0,8396.65,8405.0,12:45:00,8386.616912121535,3,44
2015-08-13,8403.25,8407.2,8400.05,8407.15,12:50:00,8388.201015729008,3,45
2015-08-13,8401.85,8402.5,8398.7,8399.75,12:55:00,8389.500918992911,3,46
2015-08-13,8399.4,8402.75,8399.4,8401.65,13:00:00,8390.443688612635,3,47
2015-08-13,8394.6,8400.4,8394.6,8399.15,13:05:00,8390.839527792385,3,48
2015-08-13,8393.05,8393.05,8390.0,8392.0,13:10:00,8391.050048955014,3,49
2015-08-13,8393.2,8395.95,8390.65,8395.95,13:15:00,8391.254806197394,3,50
2015-08-13,8389.7,8392.25,8389.7,8390.5,13:20:00,8391.10672941669,3,51
2015-08-13,8386.05,8387.4,8381.45,8387.4,13:25:00,8390.62513613891,3,52
2015-08-13,8386.85,8390.7,8382.65,8382.65,13:30:00,8390.265599363775,3,53
2015-08-13,8397.65,8397.65,8387.3,8387.55,13:35:00,8390.968875614844,3,54
2015-08-13,8390.9,8405.65,8390.9,8405.65,13:40:00,8390.962316032477,3,55
2015-08-13,8383.0,8390.7,8380.9,8390.7,13:45:00,8390.20400021986,3,56
2015-08-13,8387.4,8387.75,8381.75,8381.75,13:50:00,8389.936952579872,3,57
2015-08-13,8368.9,8384.65,8368.9,8384.65,13:55:00,8387.933433286551,3,58
2015-08-13,8376.55,8378.55,8363.8,8363.8,14:00:00,8386.84929678307,3,59
2015-08-13,8380.3,8380.3,8373.95,8377.9,14:05:00,8386.2255542323,3,60
2015-08-13,8376.9,8378.9,8372.45,8378.9,14:10:00,8385.337406210176,3,61
2015-08-13,8385.9,8385.9,8372.85,8372.85,14:15:00,8385.390986571112,3,62
2015-08-13,8383.25,8392.3,8383.25,8385.85,14:20:00,8385.187083088149,3,63
2015-08-13,8391.1,8392.75,8384.15,8384.15,14:25:00,8385.750218032135,3,64
2015-08-13,8382.15,8392.75,8381.5,8392.0,14:30:00,8385.407340124313,3,65
2015-08-13,8379.8,8387.15,8379.8,8382.45,14:35:00,8384.873307731521,3,66
2015-08-13,8378.45,8380.65,8374.55,8379.8,14:40:00,8384.261564138043,3,67
2015-08-13,8380.55,8385.0,8379.45,8381.95,14:45:00,8383.908081839183,3,68
2015-08-13,8377.6,8385.95,8377.6,8379.25,14:50:00,8383.307312140212,3,69
2015-08-13,8378.3,8380.05,8376.25,8380.05,14:55:00,8382.830425269716,3,70
2015-08-13,8349.85,8374.6,8349.85,8374.6,15:00:00,8379.689432386886,3,71
2015-08-13,8353.8,8353.8,8342.25,8344.0,15:05:00,8377.223772159563,3,72
2015-08-13,8345.45,8353.2,8345.4,8350.5,15:10:00,8374.197698620557,3,73
2015-08-13,8360.3,8360.3,8348.15,8348.15,15:15:00,8372.874108275742,3,74
2015-08-13,8368.95,8370.75,8359.75,8362.0,15:20:00,8372.500383678052,3,75
2015-08-13,8379.75,8379.75,8366.15,8366.15,15:25:00,8373.190823327763,3,76
2015-08-14,8402.35,8402.35,8402.35,8402.35,09:10:00,8375.967887772738,4,1
2015-08-14,8390.25,8402.35,8390.25,8402.35,09:15:00,8377.32808893724,4,2
2015-08-14,8391.9,8391.9,8382.1,8391.15,09:20:00,8378.715889990835,4,3
2015-08-14,8398.55,8400.1,8387.35,8387.35,09:25:00,8380.60485284885,4,4
2015-08-14,8401.4,8401.4,8395.85,8397.55,09:30:00,8382.58534305372,4,5
2015-08-14,8403.9,8403.9,8398.8,8399.35,09:35:00,8384.615310381938,4,6
2015-08-14,8399.8,8400.4,8397.05,8400.4,09:40:00,8386.061471297944,4,7
2015-08-14,8391.3,8400.25,8391.3,8400.25,09:45:00,8386.560378793378,4,8
2015-08-14,8392.6,8392.6,8390.65,8391.35,09:50:00,8387.135580813056,4,9
2015-08-14,8398.15,8399.6,8392.3,8392.3,09:55:00,8388.184573116574,4,10
2015-08-14,8406.1,8406.1,8400.95,8402.5,10:00:00,8389.890804248329,4,11
2015-08-14,8403.8,8406.75,8401.8,8406.75,10:05:00,8391.215489558012,4,12
2015-08-14,8396.6,8398.7,8394.85,8398.7,10:10:00,8391.728300076296,4,13
2015-08-14,8405.4,8405.4,8397.55,8397.55,10:15:00,8393.030366735697,4,14
2015-08-14,8404.95,8407.6,8404.9,8406.3,10:20:00,8394.165569903726,4,15
2015-08-14,8399.35,8407.15,8399.35,8405.95,10:25:00,8394.65932515099,4,16
2015-08-14,8398.05,8401.3,8398.05,8401.3,10:30:00,8394.98224656518,4,17
2015-08-14,8406.1,8406.1,8400.6,8400.6,10:35:00,8396.04108022564,4,18
2015-08-14,8411.5,8411.5,8405.2,8405.2,10:40:00,8397.513358299388,4,19
2015-08-14,8413.0,8413.0,8410.85,8412.35,10:45:00,8398.988276556589,4,20
2015-08-14,8425.95,8425.95,8415.45,8415.45,10:50:00,8401.556059741675,4,21
2015-08-14,8419.45,8422.25,8415.7,8422.25,10:55:00,8403.260244528183,4,22
2015-08-14,8452.55,8452.55,8419.4,8419.4,11:00:00,8407.954506954069,4,23
2015-08-14,8465.6,8470.0,8456.5,8456.5,11:05:00,8413.444553910824,4,24
2015-08-14,8463.6,8464.9,8463.35,8463.85,11:10:00,8418.221263062174,4,25
2015-08-14,8460.45,8464.3,8460.45,8462.1,11:15:00,8422.243047532444,4,26
2015-08-14,8483.55,8483.55,8463.85,8463.85,11:20:00,8428.081804910305,4,27
2015-08-14,8477.45,8487.85,8477.45,8487.85,11:25:00,8432.783537775991,4,28
2015-08-14,8473.15,8482.0,8473.15,8482.0,11:30:00,8436.627962749706,4,29
2015-08-14,8470.8,8473.2,8468.75,8473.2,11:35:00,8439.88244248783,4,30
2015-08-14,8469.1,8469.85,8468.85,8469.85,11:40:00,8442.665067012798,4,31
2015-08-14,8472.45,8473.0,8468.5,8468.5,11:45:00,8445.501727297295,4,32
2015-08-14,8469.3,8473.0,8468.75,8472.85,11:50:00,8447.768229459456,4,33
2015-08-14,8476.4,8476.4,8470.8,8470.8,11:55:00,8450.495064749031,4,34
2015-08-14,8483.75,8483.9,8477.8,8477.8,12:00:00,8453.6622014396,4,35
2015-08-14,8473.05,8481.9,8473.05,8481.9,12:05:00,8455.508658445353,4,36
2015-08-14,8475.75,8475.75,8471.75,8473.65,12:10:00,8457.436405260081,4,37
2015-08-14,8471.4,8478.1,8471.4,8477.0,12:15:00,8458.766271425788,4,38
2015-08-14,8472.6,8472.6,8469.5,8472.35,12:20:00,8460.083769385237,4,39
2015-08-14,8485.45,8485.45,8474.25,8474.25,12:25:00,8462.499600872357,4,40
2015-08-14,8491.5,8497.8,8485.75,8485.75,12:30:00,8465.261543646418,4,41
2015-08-14,8491.8,8491.95,8490.5,8491.95,12:35:00,8467.789015680093,4,42
2015-08-14,8497.25,8497.7,8491.85,8491.85,12:40:00,8470.59482371056,4,43
2015-08-14,8505.4,8508.4,8498.25,8498.25,12:45:00,8473.909602404792,4,44
2015-08-14,8508.5,8509.0,8505.4,8508.15,12:50:00,8477.203925985288,4,45
2015-08-14,8509.1,8509.1,8504.3,8506.7,12:55:00,8480.241647320023,4,46
2015-08-14,8503.0,8509.25,8503.0,8507.0,13:00:00,8482.40910948002,4,47
2015-08-14,8506.4,8506.4,8501.95,8501.95,13:05:00,8484.69395619621,4,48
2015-08-14,8510.8,8512.05,8509.45,8511.8,13:10:00,8487.180246082286,4,49
2015-08-14,8519.65,8519.65,8510.2,8510.8,13:15:00,8490.272603598258,4,50
2015-08-14,8518.75,8522.15,8518.05,8522.0,13:20:00,8492.9847365889,4,51
2015-08-14,8515.8,8518.1,8513.75,8515.75,13:25:00,8495.157618818528,4,52
2015-08-14,8511.05,8520.2,8511.05,8514.55,13:30:00,8496.67117893105,4,53
2015-08-14,8513.85,8515.05,8513.85,8514.35,13:35:00,8498.307257128094,4,54
2015-08-14,8520.45,8524.3,8517.55,8519.05,13:40:00,8500.41608978256,4,55
2015-08-14,8520.3,8520.3,8516.15,8519.55,13:45:00,8502.309795517554,4,56
2015-08-14,8512.15,8519.35,8512.15,8519.35,13:50:00,8503.246957849216,4,57
2015-08-14,8515.3,8515.4,8513.65,8514.9,13:55:00,8504.394866625482,4,58
2015-08-14,8523.3,8523.3,8517.05,8518.65,14:00:00,8506.195355518294,4,59
2015-08-14,8520.8,8525.1,8520.8,8522.3,14:05:00,8507.58627404036,4,60
2015-08-14,8519.75,8523.8,8519.75,8521.8,14:10:00,8508.744724131755,4,61
2015-08-14,8516.4,8522.0,8516.4,8520.15,14:15:00,8509.47379802397,4,62
2015-08-14,8512.0,8513.45,8510.0,8513.45,14:20:00,8509.714388688353,4,63
2015-08-14,8507.1,8508.65,8504.5,8507.7,14:25:00,8509.465399289462,4,64
2015-08-14,8514.25,8514.65,8506.25,8506.25,14:30:00,8509.921075547609,4,65
2015-08-14,8511.25,8512.7,8510.75,8512.45,14:35:00,8510.047639781169,4,66
2015-08-14,8504.15,8510.8,8504.15,8510.8,14:40:00,8509.48595980201,4,67
2015-08-14,8505.1,8512.75,8501.3,8501.3,14:45:00,8509.068249344677,4,68
2015-08-14,8507.8,8508.0,8506.8,8508.0,14:50:00,8508.947463692803,4,69
2015-08-14,8510.7,8510.7,8504.1,8504.1,14:55:00,8509.114371912536,4,70
2015-08-14,8508.5,8508.5,8496.8,8508.45,15:00:00,8509.055860301818,4,71
2015-08-14,8520.4,8520.4,8507.85,8507.85,15:05:00,8510.136254558787,4,72
2015-08-14,8520.15,8526.35,8520.15,8523.0,15:10:00,8511.089944600808,4,73
2015-08-14,8527.75,8527.75,8521.25,8521.25,15:15:00,8512.676616543587,4,74
2015-08-14,8520.15,8523.0,8520.15,8523.0,15:20:00,8513.38836734896,4,75
2015-08-14,8518.3,8519.1,8517.15,8517.15,15:25:00,8513.856141887154,4,76
2015-08-17,8530.5,8530.5,8530.5,8530.5,09:10:00,8515.441271231235,0,1
2015-08-17,8529.6,8530.5,8510.2,8530.5,09:15:00,8516.789721590165,0,2
2015-08-17,8462.5,8518.05,8446.0,8518.05,09:20:00,8511.619271914911,0,3
2015-08-17,8438.55,8461.95,8432.7,8461.95,09:25:00,8504.6602936373,0,4
2015-08-17,8443.15,8447.9,8440.65,8447.9,09:30:00,8498.802170433748,0,5
2015-08-17,8442.9,8446.4,8442.9,8443.55,09:35:00,8493.478154201963,0,6
2015-08-17,8448.9,8449.4,8443.15,8443.75,09:40:00,8489.232615706538,0,7
2015-08-17,8451.4,8455.25,8451.4,8452.1,09:45:00,8485.629509448772,0,8
2015-08-17,8471.2,8471.2,8453.9,8453.9,09:50:00,8484.255270453652,0,9
2015-08-17,8462.95,8470.35,8459.5,8470.35,09:55:00,8482.226197077114,0,10
2015-08-17,8454.95,8472.15,8454.95,8463.6,10:00:00,8479.628464022151,0,11
2015-08-17,8459.65,8459.65,8449.85,8450.4,10:05:00,8477.725753162898,0,12
2015-08-17,8459.7,8461.45,8456.05,8461.45,10:10:00,8476.009014766432,0,13
2015-08-17,8455.85,8462.2,8454.75,8462.2,10:15:00,8474.0891085982,0,14
2015-08-17,8441.55,8451.0,8441.55,8451.0,10:20:00,8470.990145874563,0,15
2015-08-17,8448.45,8450.55,8445.95,8445.95,10:25:00,8468.84346531508,0,16
2015-08-17,8448.05,8448.7,8447.75,8448.5,10:30:00,8466.863135285072,0,17
2015-08-17,8448.95,8451.05,8448.95,8451.05,10:35:00,8465.157122400778,0,18
2015-08-17,8442.65,8447.05,8442.6,8447.05,10:40:00,8463.013586934037,0,19
2015-08-17,8449.15,8449.15,8444.1,8444.1,10:45:00,8461.693245321272,0,20
2015-08-17,8451.75,8452.05,8450.3,8452.05,10:50:00,8460.746269576388,0,21
2015-08-17,8445.7,8450.75,8444.8,8450.75,10:55:00,8459.313291521494,0,22
2015-08-17,8439.75,8444.25,8436.8,8444.05,11:00:00,8457.4501209004,0,23
2015-08-17,8444.65,8444.65,8440.1,8440.95,11:05:00,8456.231061767028,0,24
2015-08-17,8444.4,8445.1,8442.95,8443.25,11:10:00,8455.104293979692,0,25
2015-08-17,8446.1,8446.1,8441.5,8441.5,11:15:00,8454.246742172103,0,26
2015-08-17,8450.9,8450.9,8446.0,8446.55,11:20:00,8453.928004822379,0,27
2015-08-17,8445.1,8452.8,8445.1,8452.6,11:25:00,8453.087242458343,0,28
2015-08-17,8450.15,8452.7,8446.9,8446.9,11:30:00,8452.807505081359,0,29
2015-08-17,8454.15,8454.15,8450.55,8450.55,11:35:00,8452.935361740278,0,30
2015-08-17,8457.35,8457.55,8453.95,8453.95,11:40:00,8453.355803479299,0,31
2015-08-17,8453.75,8456.05,8453.75,8456.05,11:45:00,8453.39334600508,0,32
2015-08-17,8466.45,8466.45,8454.1,8454.9,11:50:00,8454.636836861739,0,33
2015-08-17,8484.25,8484.25,8472.7,8475.35,11:55:00,8457.457138113003,0,34
2015-08-17,8482.05,8490.75,8480.2,8487.75,12:00:00,8459.799315435574,0,35
2015-08-17,8481.95,8488.45,8481.95,8486.35,12:05:00,8461.908904441709,0,36
2015-08-17,8482.1,8482.1,8479.45,8480.1,12:10:00,8463.831865923452,0,37
2015-08-17,8487.0,8487.1,8479.75,8479.75,12:15:00,8466.038354883123,0,38
2015-08-17,8497.6,8497.85,8491.0,8491.0,12:20:00,8469.044225846636,0,39
2015-08-17,8496.05,8499.95,8496.05,8496.95,12:25:00,8471.616204337432,0,40
2015-08-17,8501.35,8502.95,8489.95,8492.85,12:30:00,8474.447994400534,0,41
2015-08-17,8507.15,8513.35,8507.15,8511.4,12:35:00,8477.562471124293,0,42
2015-08-17,8511.5,8511.6,8506.9,8509.0,12:40:00,8480.794616731502,0,43
2015-08-17,8507.9,8508.7,8502.75,8508.7,12:45:00,8483.376081804692,0,44
2015-08-17,8496.1,8506.4,8496.1,8506.4,12:50:00,8484.587883537579,0,45
2015-08-17,8497.95,8497.95,8494.45,8497.6,12:55:00,8485.86046605781,0,46
2015-08-17,8499.85,8502.9,8498.15,8498.15,13:00:00,8487.192802623733,0,47
2015-08-17,8497.5,8499.8,8497.5,8499.7,13:05:00,8488.17444046909,0,48
2015-08-17,8500.6,8500.6,8499.05,8499.05,13:10:00,8489.357827091082,0,49
2015-08-17,8493.2,8497.9,8490.95,8497.9,13:15:00,8489.723748320503,0,50
2015-08-17,8492.4,8492.85,8489.85,8489.85,13:20:00,8489.978629432835,0,51
2015-08-17,8477.15,8485.55,8470.7,8485.55,13:25:00,8488.756855201136,0,52
2015-08-17,8482.65,8482.65,8476.95,8476.95,13:30:00,8488.175249943884,0,53
2015-08-17,8477.65,8483.35,8477.65,8483.35,13:35:00,8487.172845187324,0,54
2015-08-17,8481.0,8481.0,8472.45,8477.65,13:40:00,8486.584955169485,0,55
2015-08-17,8481.7,8486.2,8480.5,8480.5,13:45:00,8486.119721343819,0,56
2015-08-17,8484.3,8485.3,8481.35,8484.45,13:50:00,8485.94641454917,0,57
2015-08-17,8487.05,8487.05,8481.85,8485.6,13:55:00,8486.051517925438,0,58
2015-08-17,8482.8,8484.7,8478.3,8484.7,14:00:00,8485.741849551587,0,59
2015-08-17,8485.15,8485.15,8479.35,8479.35,14:05:00,8485.685482927625,0,60
2015-08-17,8479.85,8485.85,8479.85,8483.6,14:10:00,8485.129722648804,0,61
2015-08-17,8482.5,8482.5,8480.7,8481.1,14:15:00,8484.879272872728,0,62
2015-08-17,8470.3,8480.4,8463.65,8480.4,14:20:00,8483.490770694372,0,63
2015-08-17,8477.6,8478.35,8468.5,8468.75,14:25:00,8482.929744913956,0,64
2015-08-17,8483.1,8483.1,8477.8,8477.8,14:30:00,8482.945959684055,0,65
2015-08-17,8477.35,8485.55,8477.35,8483.45,14:35:00,8482.413011142717,0,66
2015-08-17,8474.95,8479.45,8474.95,8479.15,14:40:00,8481.702248176744,0,67
2015-08-17,8481.95,8487.05,8477.6,8477.6,14:45:00,8481.725843588481,0,68
2015-08-17,8489.35,8489.35,8484.25,8486.1,14:50:00,8482.451953722912,0,69
2015-08-17,8490.55,8492.65,8486.75,8487.5,14:55:00,8483.223196225492,0,70
2015-08-17,8481.65,8491.7,8481.65,8491.7,15:00:00,8483.07336801354,0,71
2015-08-17,8480.0,8485.3,8478.7,8485.3,15:05:00,8482.780666297964,0,72
2015-08-17,8474.95,8478.75,8473.2,8478.75,15:10:00,8482.034888555301,0,73
2015-08-17,8474.3,8477.6,8472.45,8477.6,15:15:00,8481.298232502415,0,74
2015-08-17,8476.25,8478.3,8476.25,8478.3,15:20:00,8480.817448454567,0,75
2015-08-17,8470.55,8473.35,8470.55,8473.3,15:25:00,8479.8395962208,0,76
2015-08-18,8505.85,8505.85,8505.85,8505.85,09:10:00,8482.316777533104,1,1
2015-08-18,8511.3,8511.3,8503.75,8503.75,09:15:00,8485.077084434713,1,2
2015-08-18,8519.05,8519.05,8502.2,8502.2,09:20:00,8488.312600202837,1,3
2015-08-18,8513.55,8515.85,8508.7,8512.95,09:25:00,8490.71616208828,1,4
2015-08-18,8507.65,8516.0,8507.65,8516.0,09:30:00,8492.328908556063,1,5
2015-08-18,8510.7,8512.55,8508.55,8508.55,09:35:00,8494.078536312629,1,6
2015-08-18,8518.45,8518.45,8511.4,8511.4,09:40:00,8496.399628092378,1,7
2015-08-18,8516.1,8518.5,8516.1,8518.35,09:45:00,8498.275853988342,1,8
2015-08-18,8510.8,8515.95,8503.95,8515.95,09:50:00,8499.468629798976,1,9
2015-08-18,8510.0,8514.3,8510.0,8511.95,09:55:00,8500.471617437168,1,10
2015-08-18,8512.5,8512.55,8508.95,8512.4,10:00:00,8501.617177681248,1,11
2015-08-18,8511.85,8516.25,8510.45,8510.45,10:05:00,8502.591732187795,1,12
2015-08-18,8513.95,8513.95,8507.85,8507.85,10:10:00,8503.673471979433,1,13
2015-08-18,8513.6,8514.25,8512.7,8514.1,10:15:00,8504.61885560044,1,14
2015-08-18,8519.15,8521.15,8513.8,8513.8,10:20:00,8506.002774114684,1,15
2015-08-18,8519.1,8519.1,8516.25,8516.25,10:25:00,8507.250128960904,1,16
2015-08-18,8521.75,8522.45,8518.75,8520.35,10:30:00,8508.631069059866,1,17
2015-08-18,8521.0,8524.35,8521.0,8524.35,10:35:00,8509.809062482736,1,18
2015-08-18,8518.45,8521.35,8518.35,8521.35,10:40:00,8510.632008912951,1,19
2015-08-18,8510.35,8519.35,8508.5,8519.35,10:45:00,8510.605150921241,1,20
2015-08-18,8505.0,8511.35,8500.7,8510.7,10:50:00,8510.07132702398,1,21
2015-08-18,8505.8,8507.6,8502.1,8502.1,10:55:00,8509.664533974077,1,22
2015-08-18,8503.35,8505.4,8502.85,8503.3,11:00:00,8509.06314978607,1,23
2015-08-18,8502.95,8504.25,8502.95,8503.75,11:05:00,8508.48094504454,1,24
2015-08-18,8496.7,8502.35,8495.4,8502.15,11:10:00,8507.358950278393,1,25
2015-08-18,8499.65,8499.65,8494.0,8494.0,11:15:00,8506.624764537593,1,26
2015-08-18,8503.2,8506.75,8502.3,8502.3,11:20:00,8506.298596486395,1,27
2015-08-18,8487.8,8502.45,8487.8,8502.45,11:25:00,8504.536825392452,1,28
2015-08-18,8485.75,8492.25,8485.75,8492.25,11:30:00,8502.747603926504,1,29
2015-08-18,8491.0,8491.0,8485.25,8486.05,11:35:00,8501.628784504932,1,30
2015-08-18,8494.65,8498.1,8493.9,8494.4,11:40:00,8500.964138361605,1,31
2015-08-18,8493.05,8494.65,8493.0,8494.65,11:45:00,8500.210410898595,1,32
2015-08-18,8487.35,8492.8,8487.35,8492.8,11:50:00,8498.985609860634,1,33
2015-08-18,8475.65,8486.7,8470.65,8486.7,11:55:00,8496.763170826289,1,34
2015-08-18,8478.35,8479.2,8477.5,8478.45,12:00:00,8495.0095355095,1,35
2015-08-18,8448.9,8475.75,8448.9,8475.75,12:05:00,8490.618151175262,1,36
2015-08-18,8447.4,8453.45,8444.9,8445.25,12:10:00,8486.502136777619,1,37
2015-08-18,8434.5,8454.0,8434.5,8449.1,12:15:00,8481.549552322607,1,38
2015-08-18,8446.7,8448.9,8439.9,8439.9,12:20:00,8478.230547339503,1,39
2015-08-18,8442.6,8451.0,8442.6,8451.0,12:25:00,8474.837161878597,1,40
2015-08-18,8448.6,8448.6,8438.8,8438.8,12:30:00,8472.338384556826,1,41
2015-08-18,8456.2,8457.85,8450.9,8450.9,12:35:00,8470.801395551414,1,42
2015-08-18,8452.55,8456.7,8452.55,8456.7,12:40:00,8469.06316740366,1,43
2015-08-18,8459.85,8459.85,8454.45,8456.65,12:45:00,8468.185722889026,1,44
2015-08-18,8467.5,8467.6,8461.3,8461.3,12:50:00,8468.120415947213,1,45
2015-08-18,8464.85,8471.65,8463.7,8463.7,12:55:00,8467.808947761763,1,46
2015-08-18,8461.75,8464.25,8458.95,8463.05,13:00:00,8467.231905117786,1,47
2015-08-18,8452.35,8458.7,8452.35,8457.15,13:05:00,8465.814580820854,1,48
2015-08-18,8460.7,8460.8,8455.45,8455.45,13:10:00,8465.327477885534,1,49
2015-08-18,8462.0,8463.75,8458.5,8458.5,13:15:00,8465.01057522977,1,50
2015-08-18,8451.7,8459.8,8451.7,8459.15,13:20:00,8463.742901398362,1,51
2015-08-18,8454.55,8454.55,8450.65,8452.35,13:25:00,8462.86738697947,1,52
2015-08-18,8456.75,8456.75,8451.5,8451.5,13:30:00,8462.28477869571,1,53
2015-08-18,8459.15,8460.35,8458.2,8460.35,13:35:00,8461.986228343738,1,54
2015-08-18,8445.25,8457.35,8444.6,8457.35,13:40:00,8460.39230183481,1,55
2015-08-18,8453.6,8453.6,8443.25,8443.25,13:45:00,8459.745415945781,1,56
2015-08-18,8454.2,8454.25,8449.25,8450.6,13:50:00,8459.217281093803,1,57
2015-08-18,8460.1,8462.6,8454.8,8454.8,13:55:00,8459.30134956106,1,58
2015-08-18,8464.45,8464.45,8460.1,8460.1,14:00:00,8459.791697221912,1,59
2015-08-18,8458.5,8467.0,8455.0,8467.0,14:05:00,8459.668678438873,1,60
2015-08-18,8465.6,8465.6,8461.0,8462.15,14:10:00,8460.2335662066,1,61
2015-08-18,8468.6,8476.55,8465.6,8470.1,14:15:00,8461.03036942502,1,62
2015-08-18,8474.25,8475.65,8469.1,8470.4,14:20:00,8462.289381860732,1,63
2015-08-18,8480.95,8484.55,8479.75,8479.75,14:25:00,8464.066583588281,1,64
2015-08-18,8474.55,8485.5,8474.55,8481.2,14:30:00,8465.065004198921,1,65
2015-08-18,8484.55,8484.55,8473.4,8473.4,14:35:00,8466.920718084737,1,66
2015-08-18,8485.8,8486.75,8478.15,8478.15,14:40:00,8468.718744933809,1,67
2015-08-18,8477.05,8482.5,8477.05,8482.25,14:45:00,8469.512197797256,1,68
2015-08-18,8475.3,8480.3,8475.3,8478.5,14:50:00,8470.06341705466,1,69
2015-08-18,8477.85,8478.1,8474.75,8475.9,14:55:00,8470.804996382787,1,70
2015-08-18,8464.0,8474.55,8464.0,8474.55,15:00:00,8470.156901489188,1,71
2015-08-18,8470.35,8470.35,8463.5,8466.2,15:05:00,8470.175291823552,1,72
2015-08-18,8468.85,8468.85,8465.2,8468.75,15:10:00,8470.049073554643,1,73
2015-08-18,8469.05,8470.6,8469.05,8470.6,15:15:00,8469.953923692296,1,74
2015-08-18,8465.65,8469.1,8463.45,8469.1,15:20:00,8469.544026197791,1,75
2015-08-18,8465.5,8467.4,8462.75,8467.4,15:25:00,8469.15888084562,1,76
2015-08-19,8468.05,8468.05,8468.05,8468.05,09:10:00,8469.053273146037,2,1
2015-08-19,8432.7,8468.05,8427.15,8468.05,09:15:00,8465.591056655938,2,2
2015-08-19,8444.65,8444.65,8436.7,8436.7,09:20:00,8463.596670307754,2,3
2015-08-19,8452.6,8453.65,8444.05,8444.05,09:25:00,8462.549368373682,2,4
2015-08-19,8454.15,8457.7,8453.2,8456.45,09:30:00,8461.74942852857,2,5
2015-08-19,8455.25,8463.5,8454.5,8456.7,09:35:00,8461.130435335373,2,6
2015-08-19,8450.35,8456.35,8450.25,8456.35,09:40:00,8460.103727208196,2,7
2015-08-19,8449.05,8451.95,8449.05,8449.8,09:45:00,8459.050991283606,2,8
2015-08-19,8446.15,8450.25,8446.15,8450.25,09:50:00,8457.822325447072,2,9
2015-08-19,8452.35,8452.35,8443.0,8443.65,09:55:00,8457.30115159497,2,10
2015-08-19,8452.5,8453.8,8451.2,8451.2,10:00:00,8456.843899062114,2,11
2015-08-19,8455.45,8458.7,8453.5,8453.5,10:05:00,8456.711146770485,2,12
2015-08-19,8460.1,8461.8,8456.9,8456.9,10:10:00,8457.033894697106,2,13
2015-08-19,8457.4,8460.85,8457.05,8459.6,10:15:00,8457.06876186881,2,14
2015-08-19,8470.9,8470.9,8458.9,8458.9,10:20:00,8458.386022643208,2,15
2015-08-19,8467.8,8470.25,8467.05,8467.05,10:25:00,8459.282591915284,2,16
2015-08-19,8466.75,8466.75,8459.05,8464.45,10:30:00,8459.993773637638,2,17
2015-08-19,8464.45,8466.85,8463.2,8466.4,10:35:00,8460.41817614834,2,18
2015-08-19,8473.0,8473.0,8466.15,8466.15,10:40:00,8461.616445086593,2,19
2015-08-19,8478.55,8478.55,8471.0,8472.55,10:45:00,8463.229164602155,2,20
2015-08-19,8477.1,8478.85,8475.25,8475.25,10:50:00,8464.550196544807,2,21
2015-08-19,8490.25,8490.25,8478.7,8478.7,10:55:00,8466.997796873873,2,22
2015-08-19,8491.0,8495.5,8491.0,8495.5,11:00:00,8469.283720981122,2,23
2015-08-19,8491.85,8492.65,8489.4,8491.25,11:05:00,8471.432890411492,2,24
2015-08-19,8491.75,8491.75,8489.3,8490.85,11:10:00,8473.367853229445,2,25
2015-08-19,8496.15,8496.15,8493.65,8493.65,11:15:00,8475.537581493307,2,26
2015-08-19,8510.25,8510.75,8497.95,8497.95,11:20:00,8478.843526112993,2,27
2015-08-19,8516.55,8516.55,8508.8,8508.8,11:25:00,8482.434618864136,2,28
2015-08-19,8501.1,8517.5,8501.1,8517.5,11:30:00,8484.212274210407,2,29
2015-08-19,8493.1,8501.25,8493.1,8501.25,11:35:00,8485.058724285607,2,30
2015-08-19,8499.95,8499.95,8495.25,8495.25,11:40:00,8486.476941020312,2,31
2015-08-19,8505.1,8505.1,8500.75,8502.25,11:45:00,8488.250565685044,2,32
2015-08-19,8494.85,8504.05,8494.85,8504.05,11:50:00,8488.87908323885,2,33
2015-08-19,8497.65,8499.4,8495.8,8496.15,11:55:00,8489.714408644673,2,34
2015-08-19,8503.35,8504.0,8498.15,8498.15,12:00:00,8491.0130363928,2,35
2015-08-19,8508.8,8510.6,8502.45,8502.45,12:05:00,8492.707032926819,2,36
2015-08-19,8511.15,8511.15,8506.25,8506.25,12:10:00,8494.463505981408,2,37
2015-08-19,8511.5,8514.05,8510.95,8511.45,12:15:00,8496.086029221273,2,38
2015-08-19,8508.7,8510.2,8506.9,8510.2,12:20:00,8497.287359771628,2,39
2015-08-19,8512.35,8512.35,8507.95,8507.95,12:25:00,8498.721896936235,2,40
2015-08-19,8511.7,8512.6,8509.45,8512.45,12:30:00,8499.957906751832,2,41
2015-08-19,8510.6,8514.75,8510.6,8511.5,12:35:00,8500.971439442133,2,42
2015-08-19,8504.3,8509.85,8504.3,8509.85,12:40:00,8501.28844520955,2,43
2015-08-19,8502.45,8504.55,8502.0,8504.55,12:45:00,8501.399069475307,2,44
2015-08-19,8499.8,8499.8,8491.65,8498.65,12:50:00,8501.246777144326,2,45
2015-08-19,8504.65,8504.65,8498.4,8498.4,12:55:00,8501.570893606771,2,46
2015-08-19,8503.5,8506.8,8503.5,8505.0,13:00:00,8501.754618025174,2,47
2015-08-19,8509.15,8509.4,8504.55,8504.55,13:05:00,8502.458940118015,2,48
2015-08-19,8504.05,8508.55,8504.05,8508.55,13:10:00,8502.610469630585,2,49
2015-08-19,8504.65,8507.6,8502.15,8505.45,13:15:00,8502.804710618148,2,50
2015-08-19,8503.75,8505.4,8502.7,8502.7,13:20:00,8502.894738178324,2,51
2015-08-19,8507.25,8507.25,8502.6,8502.6,13:25:00,8503.309525018483,2,52
2015-08-19,8501.95,8509.15,8501.95,8509.15,13:30:00,8503.180046445295,2,53
2015-08-19,8501.9,8502.7,8497.35,8499.0,13:35:00,8503.05813726003,2,54
2015-08-19,8508.2,8508.2,8503.25,8503.25,13:40:00,8503.54783847336,2,55
2015-08-19,8511.7,8511.7,8508.35,8510.45,13:45:00,8504.32423480923,2,56
2015-08-19,8513.65,8516.4,8513.25,8514.55,13:50:00,8505.212402922636,2,57
2015-08-19,8502.35,8509.15,8502.35,8507.35,13:55:00,8504.93979312048,2,58
2015-08-19,8496.85,8503.7,8496.85,8503.7,14:00:00,8504.169336632816,2,59
2015-08-19,8502.45,8503.6,8499.15,8499.15,14:05:00,8504.005590286833,2,60
2015-08-19,8508.7,8510.45,8507.5,8507.5,14:10:00,8504.452676926183,2,61
2015-08-19,8504.25,8508.1,8504.05,8506.5,14:15:00,8504.433374361784,2,62
2015-08-19,8501.5,8505.35,8501.5,8505.35,14:20:00,8504.154005374949,2,63
2015-08-19,8503.05,8503.05,8497.95,8501.0,14:25:00,8504.048862005906,2,64
2015-08-19,8480.1,8500.5,8480.1,8496.85,14:30:00,8501.768018005343,2,65
2015-08-19,8492.7,8497.7,8484.75,8484.75,14:35:00,8500.90439724293,2,66
2015-08-19,8499.55,8500.1,8495.15,8495.15,14:40:00,8500.775407029318,2,67
2015-08-19,8498.35,8501.4,8493.85,8501.4,14:45:00,8500.544415883667,2,68
2015-08-19,8500.6,8500.6,8495.95,8498.85,14:50:00,8500.549709609033,2,69
2015-08-19,8501.0,8501.05,8497.8,8498.3,14:55:00,8500.592594408172,2,70
2015-08-19,8506.45,8506.7,8502.7,8506.7,15:00:00,8501.150442559774,2,71
2015-08-19,8496.6,8503.55,8495.65,8503.55,15:05:00,8500.71706707789,2,72
2015-08-19,8492.8,8495.7,8492.8,8493.75,15:10:00,8499.96306068952,2,73
2015-08-19,8490.95,8491.4,8490.7,8491.4,15:15:00,8499.104673957185,2,74
2015-08-19,8494.4,8494.4,8488.85,8489.6,15:20:00,8498.656609770786,2,75
2015-08-19,8498.75,8498.75,8493.7,8495.75,15:25:00,8498.66550407833,2,76
2015-08-20,8471.05,8471.05,8471.05,8471.05,09:10:00,8496.03545607087,3,1
2015-08-20,8475.7,8475.7,8465.45,8471.05,09:15:00,8494.098745968882,3,2
2015-08-20,8477.65,8477.65,8472.75,8476.45,09:20:00,8492.53219873375,3,3
2015-08-20,8486.35,8486.35,8477.15,8479.45,09:25:00,8491.943417901964,3,4
2015-08-20,8492.5,8496.25,8486.1,8486.1,09:30:00,8491.996425720825,3,5
2015-08-20,8491.45,8495.4,8489.3,8489.3,09:35:00,8491.944385175984,3,6
2015-08-20,8484.8,8494.05,8484.6,8494.05,09:40:00,8491.263967540177,3,7
2015-08-20,8485.65,8490.8,8485.65,8488.5,09:45:00,8490.729303964921,3,8
2015-08-20,8483.9,8483.9,8475.6,8483.65,09:50:00,8490.0788940635,3,9
2015-08-20,8472.45,8482.3,8472.45,8482.3,09:55:00,8488.399951771738,3,10
2015-08-20,8461.45,8472.95,8458.35,8472.1,10:00:00,8485.83328969824,3,11
2015-08-20,8463.85,8463.85,8458.5,8460.1,10:05:00,8483.739643060311,3,12
2015-08-20,8467.3,8469.0,8464.5,8464.5,10:10:00,8482.173962768853,3,13
2015-08-20,8461.95,8470.65,8461.95,8470.65,10:15:00,8480.24787107658,3,14
2015-08-20,8465.75,8465.75,8461.9,8463.25,10:20:00,8478.867121450241,3,15
2015-08-20,8468.3,8470.2,8468.3,8468.55,10:25:00,8477.86072893117,3,16
2015-08-20,8472.8,8472.8,8468.85,8468.85,10:30:00,8477.378754747248,3,17
2015-08-20,8471.05,8473.55,8471.05,8473.35,10:35:00,8476.77601619989,3,18
2015-08-20,8478.2,8480.65,8471.7,8474.4,10:40:00,8476.911633704663,3,19
2015-08-20,8478.65,8481.1,8478.65,8481.1,10:45:00,8477.077192399458,3,20
2015-08-20,8476.45,8481.9,8476.45,8480.8,10:50:00,8477.017459789986,3,21
2015-08-20,8479.95,8479.95,8475.65,8475.7,10:55:00,8477.296749333796,3,22
2015-08-20,8482.3,8482.3,8478.15,8478.15,11:00:00,8477.773249397245,3,23
2015-08-20,8484.25,8484.25,8480.6,8480.6,11:05:00,8478.390082787984,3,24
2015-08-20,8487.5,8488.1,8484.45,8485.0,11:10:00,8479.257693951033,3,25
2015-08-20,8486.1,8487.85,8484.5,8484.5,11:15:00,8479.909342146173,3,26
2015-08-20,8481.5,8484.85,8481.5,8484.85,11:20:00,8480.060833370348,3,27
2015-08-20,8477.8,8483.9,8477.8,8483.9,11:25:00,8479.845515906505,3,28
2015-08-20,8474.95,8477.85,8474.95,8476.9,11:30:00,8479.379276296362,3,29
2015-08-20,8478.4,8480.45,8476.8,8478.1,11:35:00,8479.286011887185,3,30
2015-08-20,8480.8,8480.8,8477.15,8478.4,11:40:00,8479.430201231262,3,31
2015-08-20,8479.05,8481.5,8478.3,8481.5,11:45:00,8479.39399159019,3,32
2015-08-20,8478.15,8478.15,8473.3,8476.55,11:50:00,8479.275516200647,3,33
2015-08-20,8472.15,8478.7,8472.15,8478.3,11:55:00,8478.59689561011,3,34
2015-08-20,8467.45,8474.85,8467.45,8473.1,12:00:00,8477.535286504384,3,35
2015-08-20,8465.1,8469.85,8465.1,8468.45,12:05:00,8476.350973503966,3,36
2015-08-20,8468.35,8470.5,8466.35,8466.35,12:10:00,8475.588976027399,3,37
2015-08-20,8470.7,8471.0,8467.05,8470.0,12:15:00,8475.123359262885,3,38
2015-08-20,8472.35,8472.35,8469.95,8469.95,12:20:00,8474.859229809277,3,39
2015-08-20,8473.45,8473.45,8470.05,8471.5,12:25:00,8474.72501744649,3,40
2015-08-20,8472.5,8473.65,8469.25,8469.25,12:30:00,8474.513111023014,3,41
2015-08-20,8475.1,8477.45,8472.8,8472.8,12:35:00,8474.569005211299,3,42
2015-08-20,8462.15,8473.1,8462.15,8473.1,12:40:00,8473.386242810222,3,43
2015-08-20,8448.85,8461.9,8448.85,8461.9,12:45:00,8471.049457780677,3,44
2015-08-20,8447.5,8452.25,8443.9,8452.25,12:50:00,8468.806652277755,3,45
2015-08-20,8451.5,8454.05,8448.85,8449.0,12:55:00,8467.158399679874,3,46
2015-08-20,8429.4,8449.4,8429.4,8449.4,13:00:00,8463.562361615124,3,47
2015-08-20,8424.7,8427.05,8422.45,8427.05,13:05:00,8459.861184318446,3,48
2015-08-20,8414.4,8426.75,8407.15,8426.75,13:10:00,8455.53154771669,3,49
2015-08-20,8419.95,8419.95,8412.6,8412.6,13:15:00,8452.142828886528,3,50
2015-08-20,8421.05,8422.0,8418.7,8422.0,13:20:00,8449.181607087812,3,51
2015-08-20,8411.1,8422.05,8411.1,8422.05,13:25:00,8445.554787365163,3,52
2015-08-20,8403.05,8407.9,8398.05,8407.9,13:30:00,8441.506712378005,3,53
2015-08-20,8414.45,8419.25,8408.6,8408.6,13:35:00,8438.929882627719,3,54
2015-08-20,8411.15,8413.85,8407.6,8412.05,13:40:00,8436.284179520317,3,55
2015-08-20,8407.05,8411.95,8407.05,8410.4,13:45:00,8433.499971946952,3,56
2015-08-20,8407.45,8409.45,8406.6,8409.3,13:50:00,8431.019022237719,3,57
2015-08-20,8413.0,8414.65,8405.25,8405.25,13:55:00,8429.302924881746,3,58
2015-08-20,8412.15,8414.45,8409.85,8414.45,14:00:00,8427.669312988246,3,59
2015-08-20,8409.9,8414.5,8409.9,8411.4,14:05:00,8425.976997465556,3,60
2015-08-20,8398.25,8409.5,8398.25,8409.5,14:10:00,8423.336331040266,3,61
2015-08-20,8398.15,8401.8,8397.5,8399.6,14:15:00,8420.937632845955,3,62
2015-08-20,8398.8,8403.0,8396.4,8403.0,14:20:00,8418.829286860626,3,63
2015-08-20,8383.6,8397.65,8383.6,8397.65,14:25:00,8415.474116683425,3,64
2015-08-20,8370.15,8385.8,8370.15,8384.65,14:30:00,8411.157534142147,3,65
2015-08-20,8375.0,8375.0,8366.3,8367.15,14:35:00,8407.713959461942,3,66
2015-08-20,8382.15,8382.15,8371.55,8373.65,14:40:00,8405.279296656043,3,67
2015-08-20,8375.6,8377.65,8375.6,8377.6,14:45:00,8402.452696974515,3,68
2015-08-20,8369.65,8374.3,8369.0,8374.3,14:50:00,8399.32863059599,3,69
2015-08-20,8381.1,8381.1,8370.6,8370.6,14:55:00,8397.59257053923,3,70
2015-08-20,8363.4,8378.05,8361.35,8378.05,15:00:00,8394.33613524978,3,71
2015-08-20,8368.45,8368.45,8365.75,8367.9,15:05:00,8391.870789035514,3,72
2015-08-20,8375.0,8377.85,8371.0,8371.0,15:10:00,8390.264047222608,3,73
2015-08-20,8376.35,8376.35,8372.45,8374.45,15:15:00,8388.938899868073,3,74
2015-08-20,8377.75,8378.95,8374.15,8377.35,15:20:00,8387.873290356827,3,75
2015-08-20,8384.35,8384.35,8376.1,8376.1,15:25:00,8387.537738894272,3,76
2015-08-21,8305.4,8305.4,8305.4,8305.4,09:10:00,8379.715097094817,4,1
2015-08-21,8258.1,8298.7,8244.05,8298.7,09:15:00,8368.13270689531,4,2
2015-08-21,8232.4,8257.05,8232.4,8255.5,09:20:00,8355.20578242909,4,3
2015-08-21,8242.2,8243.0,8230.1,8230.1,09:25:00,8344.443326959652,4,4
2015-08-21,8245.5,8248.3,8245.5,8246.55,09:30:00,8335.020152963494,4,5
2015-08-21,8253.8,8254.9,8242.7,8243.35,09:35:00,8327.284900300305,4,6
2015-08-21,8253.25,8253.25,8245.95,8253.2,09:40:00,8320.23395741456,4,7
2015-08-21,8259.3,8259.95,8254.15,8254.8,09:45:00,8314.430723375079,4,8
2015-08-21,8258.45,8262.75,8256.0,8259.85,09:50:00,8309.099225910786,4,9
2015-08-21,8267.85,8267.85,8260.35,8260.35,09:55:00,8305.170728204997,4,10
2015-08-21,8266.55,8268.4,8265.7,8267.45,10:00:00,8301.492563614045,4,11
2015-08-21,8263.1,8267.05,8258.9,8267.05,10:05:00,8297.836128984136,4,12
2015-08-21,8264.0,8264.0,8260.35,8260.35,10:10:00,8294.613640509457,4,13
2015-08-21,8267.4,8267.4,8262.35,8266.3,10:15:00,8292.021865222841,4,14
2015-08-21,8257.9,8264.25,8257.9,8261.95,10:20:00,8288.772163773046,4,15
2015-08-21,8262.4,8262.4,8256.5,8256.5,10:25:00,8286.260529127994,4,16
2015-08-21,8257.9,8263.25,8255.45,8263.25,10:30:00,8283.5595263539,4,17
2015-08-21,8248.65,8256.1,8242.05,8256.1,10:35:00,8280.234809558291,4,18
2015-08-21,8237.65,8244.15,8237.65,8243.3,10:40:00,8276.179113409882,4,19
2015-08-21,8240.15,8240.15,8234.2,8238.4,10:45:00,8272.747769275607,4,20
2015-08-21,8246.8,8246.8,8240.35,8240.35,10:50:00,8270.27655315412,4,21
2015-08-21,8247.9,8252.6,8240.95,8243.7,10:55:00,8268.145452853729,4,22
2015-08-21,8248.5,8252.5,8246.4,8246.4,11:00:00,8266.27445734385,4,23
2015-08-21,8243.55,8246.85,8242.6,8246.85,11:05:00,8264.110223311103,4,24
2015-08-21,8247.35,8247.35,8243.55,8243.75,11:10:00,8262.51401156719,4,25
2015-08-21,8247.85,8248.3,8245.75,8245.75,11:15:00,8261.117439036982,4,26
2015-08-21,8256.6,8256.6,8251.6,8251.6,11:20:00,8260.687206747745,4,27
2015-08-21,8258.1,8260.2,8255.0,8255.0,11:25:00,8260.440806105102,4,28
2015-08-21,8263.75,8263.75,8259.3,8259.3,11:30:00,8260.755967428426,4,29
2015-08-21,8263.6,8265.5,8262.7,8263.4,11:35:00,8261.026827673339,4,30
2015-08-21,8251.95,8260.15,8251.95,8259.75,11:40:00,8260.162367894925,4,31
2015-08-21,8261.05,8261.05,8251.6,8251.6,11:45:00,8260.246904285885,4,32
2015-08-21,8270.15,8273.5,8264.85,8264.85,11:50:00,8261.190056258658,4,33
2015-08-21,8264.95,8270.85,8263.85,8270.85,11:55:00,8261.548146138786,4,34
2015-08-21,8264.45,8268.4,8263.75,8268.3,12:00:00,8261.824513173187,4,35
2015-08-21,8263.85,8263.85,8259.8,8259.8,12:05:00,8262.017416680503,4,36
2015-08-21,8254.45,8261.4,8254.45,8261.4,12:10:00,8261.29671032998,4,37
2015-08-21,8249.9,8253.7,8249.2,8252.65,12:15:00,8260.211309346172,4,38
2015-08-21,8247.15,8252.3,8247.15,8249.75,12:20:00,8258.967375122727,4,39
2015-08-21,8252.65,8252.65,8244.55,8244.55,12:25:00,8258.365720349135,4,40
2015-08-21,8249.2,8250.85,8246.2,8250.85,12:30:00,8257.492794601598,4,41
2015-08-21,8248.15,8249.7,8245.85,8247.75,12:35:00,8256.60300463954,4,42
2015-08-21,8249.05,8249.05,8246.1,8246.85,12:40:00,8255.883670864347,4,43
2015-08-21,8255.05,8256.75,8252.7,8252.7,12:45:00,8255.80427363917,4,44
2015-08-21,8254.0,8256.95,8254.0,8256.75,12:50:00,8255.632438054488,4,45
2015-08-21,8259.55,8261.7,8257.6,8257.6,12:55:00,8256.005539192156,4,46
2015-08-21,8275.35,8275.35,8262.1,8262.9,13:00:00,8257.847868792902,4,47
2015-08-21,8275.0,8283.0,8270.55,8270.55,13:05:00,8259.48140509834,4,48
2015-08-21,8265.6,8276.5,8265.6,8276.5,13:10:00,8260.064128422307,4,49
2015-08-21,8276.2,8277.3,8268.35,8268.35,13:15:00,8261.600878096373,4,50
2015-08-21,8268.15,8277.3,8268.15,8277.3,13:20:00,8262.224603991956,4,51
2015-08-21,8272.7,8272.75,8268.0,8268.0,13:25:00,8263.222260754626,4,52
2015-08-21,8272.85,8275.75,8272.85,8274.85,13:30:00,8264.139188301806,4,53
2015-08-21,8267.95,8272.65,8267.95,8271.1,13:35:00,8264.502122749253,4,54
2015-08-21,8268.35,8268.35,8263.85,8263.85,13:40:00,8264.868587249324,4,55
2015-08-21,8271.85,8272.2,8269.6,8269.6,13:45:00,8265.533483701769,4,56
2015-08-21,8259.3,8272.9,8259.3,8272.25,13:50:00,8264.939818587314,4,57
2015-08-21,8263.0,8263.0,8256.2,8259.7,13:55:00,8264.755073959952,4,58
2015-08-21,8255.05,8262.7,8255.05,8262.7,14:00:00,8263.830781201861,4,59
2015-08-21,8253.2,8253.2,8249.05,8252.95,14:05:00,8262.818325849303,4,60
2015-08-21,8260.5,8260.5,8252.85,8252.85,14:10:00,8262.597532911273,4,61
2015-08-21,8274.7,8274.7,8258.9,8258.9,14:15:00,8263.750148824485,4,62
2015-08-21,8268.95,8274.75,8268.8,8272.7,14:20:00,8264.245372745963,4,63
2015-08-21,8266.85,8276.1,8266.85,8276.1,14:25:00,8264.493432484443,4,64
2015-08-21,8267.55,8270.4,8267.5,8269.45,14:30:00,8264.784534152592,4,65
2015-08-21,8285.25,8285.25,8269.65,8269.65,14:35:00,8266.733626138059,4,66
2015-08-21,8289.8,8289.8,8279.5,8279.5,14:40:00,8268.930423648719,4,67
2015-08-21,8284.6,8289.85,8284.6,8289.85,14:45:00,8270.422764253603,4,68
2015-08-21,8305.45,8305.45,8283.15,8283.15,14:50:00,8273.758691467545,4,69
2015-08-21,8317.6,8317.6,8297.3,8299.35,14:55:00,8277.934054184921,4,70
2015-08-21,8309.45,8319.05,8301.65,8319.05,15:00:00,8280.935572833976,4,71
2015-08-21,8309.3,8314.6,8305.65,8314.6,15:05:00,8283.636946849787,4,72
2015-08-21,8310.25,8318.7,8308.9,8309.1,15:10:00,8286.171523340283,4,73
2015-08-21,8301.15,8308.1,8301.15,8308.1,15:15:00,8287.598044926923,4,74
2015-08-21,8282.4,8298.7,8282.4,8298.7,15:20:00,8287.10299302912,4,75
2015-08-21,8284.8,8284.8,8279.15,8279.35,15:25:00,8286.883660359681,4,76
2015-08-24,8055.95,8055.95,8055.95,8055.95,09:10:00,8264.889978420664,0,1
2015-08-24,8038.1,8055.95,8013.9,8055.95,09:15:00,8243.290932856791,0,2
2015-08-24,8038.8,8038.8,8014.1,8023.0,09:20:00,8223.81560591805,0,3
2015-08-24,8031.6,8046.4,8018.95,8043.15,09:25:00,8205.509357735378,0,4
2015-08-24,8032.8,8039.35,8025.25,8025.25,09:30:00,8189.060847474866,0,5
2015-08-24,8029.6,8033.9,8025.6,8031.4,09:35:00,8173.874100096308,0,6
2015-08-24,8041.5,8041.5,8029.05,8029.05,09:40:00,8161.267042944279,0,7
2015-08-24,8048.8,8048.8,8039.85,8040.2,09:45:00,8150.555895997205,0,8
2015-08-24,8044.05,8051.6,8041.6,8051.6,09:50:00,8140.412477330805,0,9
2015-08-24,8044.95,8049.7,8044.95,8046.75,09:55:00,8131.320812823109,0,10
2015-08-24,8035.65,8043.1,8035.65,8043.1,10:00:00,8122.209306839956,0,11
2015-08-24,8044.9,8044.9,8038.75,8038.75,10:05:00,8114.846515712342,0,12
2015-08-24,8040.2,8045.95,8040.2,8042.65,10:10:00,8107.737323739738,0,13
2015-08-24,8016.25,8033.6,8016.25,8033.6,10:15:00,8099.024245288334,0,14
2015-08-24,8006.6,8018.05,8003.5,8003.5,10:20:00,8090.221936213255,0,15
2015-08-24,7978.9,8004.9,7978.9,8004.9,10:25:00,8079.619847050088,0,16
2015-08-24,7971.85,7973.85,7963.8,7969.4,10:30:00,8069.356052092937,0,17
2015-08-24,7964.5,7967.4,7961.65,7967.4,10:35:00,8059.369761417419,0,18
2015-08-24,7972.7,7975.65,7972.7,7973.05,10:40:00,8051.1154984252835,0,19
2015-08-24,7965.05,7983.35,7965.05,7983.35,10:45:00,8042.918784289542,0,20
2015-08-24,7953.95,7959.65,7952.6,7959.65,10:50:00,8034.445566738156,0,21
2015-08-24,7965.6,7965.6,7942.1,7942.1,10:55:00,8027.888846096427,0,22
2015-08-24,7990.9,7990.9,7970.15,7970.15,11:00:00,8024.366098849148,0,23
2015-08-24,7981.55,7995.95,7981.55,7995.95,11:05:00,8020.288375149229,0,24
2015-08-24,8002.95,8002.95,7990.15,7990.15,11:10:00,8018.637101325493,0,25
2015-08-24,7989.5,8006.6,7989.5,8001.65,11:15:00,8015.862139294493,0,26
2015-08-24,8000.7,8000.7,7990.45,7990.45,11:20:00,8014.418126028351,0,27
2015-08-24,8008.75,8009.3,8004.9,8004.9,11:25:00,8013.878304501842,0,28
2015-08-24,7994.55,8009.25,7994.55,8007.45,11:30:00,8012.037513596904,0,29
2015-08-24,7999.0,8000.15,7994.0,7994.0,11:35:00,8010.795845635294,0,30
2015-08-24,7996.7,8001.55,7996.7,8000.0,11:40:00,8009.453384146218,0,31
2015-08-24,7990.4,7998.4,7990.4,7998.4,11:45:00,8007.638776132293,0,32
2015-08-24,7987.35,7992.25,7985.35,7992.25,11:50:00,8005.706511738741,0,33
2015-08-24,7984.9,7990.15,7981.9,7989.15,11:55:00,8003.724939192194,0,34
2015-08-24,7977.8,7988.05,7977.8,7986.45,12:00:00,8001.255897364366,0,35
2015-08-24,7971.9,7978.65,7971.7,7975.6,12:05:00,7998.46009761538,0,36
2015-08-24,7963.3,7968.4,7963.3,7968.0,12:10:00,7995.111516890105,0,37
2015-08-24,7959.65,7965.75,7959.65,7962.35,12:15:00,7991.734229567238,0,38
2015-08-24,7968.0,7968.0,7955.6,7955.6,12:20:00,7989.473826751311,0,39
2015-08-24,7970.95,7972.3,7969.85,7972.3,12:25:00,7987.709652774995,0,40
2015-08-24,7975.3,7979.0,7970.85,7970.85,12:30:00,7986.527781082139,0,41
2015-08-24,7984.1,7985.6,7982.5,7983.0,12:35:00,7986.296563836221,0,42
2015-08-24,7982.8,7986.85,7980.4,7980.4,12:40:00,7985.96355775658,0,43
2015-08-24,7974.1,7982.5,7974.1,7982.5,12:45:00,7984.833695113097,0,44
2015-08-24,7970.8,7975.75,7966.7,7975.75,12:50:00,7983.497152721374,0,45
2015-08-24,7958.25,7975.9,7958.25,7975.9,12:55:00,7981.092661986005,0,46
2015-08-24,7949.5,7958.4,7949.5,7958.4,13:00:00,7978.083837034957,0,47
2015-08-24,7925.6,7945.9,7925.6,7945.9,13:05:00,7973.085376364961,0,48
2015-08-24,7947.2,7947.2,7924.0,7924.0,13:10:00,7970.6201024254415,0,49
2015-08-24,7947.6,7950.0,7939.0,7939.0,13:15:00,7968.427711718257,0,50
2015-08-24,7952.3,7958.55,7946.15,7946.15,13:20:00,7966.891739173661,0,51
2015-08-24,7956.5,7961.95,7953.5,7953.5,13:25:00,7965.902049728551,0,52
2015-08-24,7952.8,7957.9,7952.55,7957.5,13:30:00,7964.65423546869,0,53
2015-08-24,7957.7,7957.7,7952.05,7952.05,13:35:00,7963.991927328815,0,54
2015-08-24,7949.45,7955.45,7946.15,7953.95,13:40:00,7962.606981868927,0,55
2015-08-24,7935.7,7944.05,7935.7,7944.05,13:45:00,7960.044412167124,0,56
2015-08-24,7921.45,7926.05,7920.1,7921.05,13:50:00,7956.368753865494,0,57
2015-08-24,7915.25,7918.2,7913.75,7917.4,13:55:00,7952.45268206878,0,58
2015-08-24,7908.55,7915.7,7906.1,7915.7,14:00:00,7948.271474252705,0,59
2015-08-24,7912.2,7913.75,7910.75,7910.9,14:05:00,7944.836095752447,0,60
2015-08-24,7858.95,7911.65,7858.95,7911.65,14:10:00,7936.656467585548,0,61
2015-08-24,7860.4,7860.4,7826.55,7853.2,14:15:00,7929.393946863115,0,62
2015-08-24,7871.95,7871.95,7864.7,7864.95,14:20:00,7923.923094780914,0,63
2015-08-24,7849.2,7869.1,7849.2,7869.1,14:25:00,7916.806609563684,0,64
2015-08-24,7830.7,7849.9,7829.8,7849.9,14:30:00,7908.605980081428,0,65
2015-08-24,7854.15,7854.15,7832.0,7833.8,14:35:00,7903.419696264149,0,66
2015-08-24,7851.15,7851.95,7843.95,7851.95,14:40:00,7898.441629953278,0,67
2015-08-24,7857.9,7857.9,7852.6,7852.6,14:45:00,7894.58052233868,0,68
2015-08-24,7862.5,7875.35,7862.5,7871.2,14:50:00,7891.5252344969,0,69
2015-08-24,7858.95,7866.75,7858.95,7865.45,14:55:00,7888.422831211481,0,70
2015-08-24,7836.7,7853.4,7836.7,7853.4,15:00:00,7883.496847286578,0,71
2015-08-24,7832.05,7833.15,7829.2,7829.2,15:05:00,7878.597147544999,0,72
2015-08-24,7827.5,7834.35,7821.9,7834.35,15:10:00,7873.730752540713,0,73
2015-08-24,7787.55,7821.25,7787.55,7821.25,15:15:00,7865.5230618225505,0,74
2015-08-24,7771.9,7790.0,7771.9,7790.0,15:20:00,7856.606579744212,0,75
2015-08-24,7798.05,7798.05,7775.4,7775.4,15:25:00,7851.029762625716,0,76
2015-08-25,7895.4,7895.4,7895.4,7895.4,09:10:00,7855.255499518505,1,1
2015-08-25,7893.35,7923.25,7893.35,7896.55,09:15:00,7858.883547183409,1,2
2015-08-25,7900.15,7919.4,7895.95,7895.95,09:20:00,7862.813685546894,1,3
2015-08-25,7905.1,7905.1,7899.2,7899.2,09:25:00,7866.840953590047,1,4
2015-08-25,7870.25,7903.3,7870.25,7903.3,09:30:00,7867.16562467671,1,5
2015-08-25,7830.7,7865.1,7830.7,7851.65,09:35:00,7863.692708040832,1,6
2015-08-25,7823.4,7823.4,7800.4,7815.9,09:40:00,7859.855307275038,1,7
2015-08-25,7847.9,7852.3,7841.85,7841.85,09:45:00,7858.716706582178,1,8
2015-08-25,7834.85,7844.8,7832.5,7844.8,09:50:00,7856.443686907684,1,9
2015-08-25,7837.15,7837.15,7835.2,7835.2,09:55:00,7854.606192916476,1,10
2015-08-25,7862.25,7862.25,7846.9,7847.25,10:00:00,7855.334174543479,1,11
2015-08-25,7866.9,7871.25,7853.05,7867.6,10:05:00,7856.435681729815,1,12
2015-08-25,7845.35,7863.75,7845.35,7863.75,10:10:00,7855.379902517452,1,13
2015-08-25,7854.25,7856.3,7840.95,7850.9,10:15:00,7855.272292753885,1,14
2015-08-25,7851.2,7852.0,7841.5,7852.0,10:20:00,7854.884455348753,1,15
2015-08-25,7840.1,7845.15,7831.85,7837.55,10:25:00,7853.476411982206,1,16
2015-08-25,7834.45,7840.9,7834.45,7836.85,10:30:00,7851.664372745805,1,17
2015-08-25,7815.85,7836.0,7815.85,7836.0,10:35:00,7848.253480103347,1,18
2015-08-25,7813.5,7827.9,7813.5,7827.9,10:40:00,7844.943624855409,1,19
2015-08-25,7813.5,7815.0,7805.35,7813.5,10:45:00,7841.948993916799,1,20
2015-08-25,7779.5,7805.25,7779.5,7805.25,10:50:00,7836.001470686627,1,21
2015-08-25,7792.95,7803.05,7786.3,7786.3,10:55:00,7831.901330621234,1,22
2015-08-25,7782.05,7792.85,7782.05,7790.1,11:00:00,7827.153584847782,1,23
2015-08-25,7753.4,7773.8,7753.4,7773.8,11:05:00,7820.129433909899,1,24
2015-08-25,7732.1,7760.65,7732.1,7760.65,11:10:00,7811.745678299432,1,25
2015-08-25,7693.6,7726.2,7693.6,7726.2,11:15:00,7800.493708937582,1,26
2015-08-25,7708.8,7729.15,7695.75,7695.75,11:20:00,7791.76097475305,1,27
2015-08-25,7700.85,7712.85,7700.85,7701.3,11:25:00,7783.102786681332,1,28
2015-08-25,7722.65,7722.65,7694.35,7694.35,11:30:00,7777.345378425967,1,29
2015-08-25,7705.8,7734.6,7705.8,7725.65,11:35:00,7770.53153286159,1,30
2015-08-25,7692.75,7707.9,7692.75,7702.25,11:40:00,7763.123767827153,1,31
2015-08-25,7688.9,7688.9,7669.65,7688.7,11:45:00,7756.0548375579,1,32
2015-08-25,7685.75,7688.4,7675.1,7675.1,11:50:00,7749.359138742862,1,33
2015-08-25,7675.45,7690.75,7675.45,7690.75,11:55:00,7742.320173148304,1,34
2015-08-25,7707.3,7707.3,7679.05,7679.05,12:00:00,7738.984918562751,1,35
2015-08-25,7758.25,7764.2,7726.55,7726.55,12:05:00,7740.8196882234415,1,36
2015-08-25,7756.55,7761.85,7755.95,7757.7,12:10:00,7742.317813154543,1,37
2015-08-25,7771.9,7777.35,7752.95,7752.95,12:15:00,7745.135164282682,1,38
2015-08-25,7776.95,7789.6,7775.6,7775.6,12:20:00,7748.165148636712,1,39
2015-08-25,7779.95,7787.85,7772.95,7773.75,12:25:00,7751.192277337977,1,40
2015-08-25,7825.65,7825.65,7791.7,7791.7,12:30:00,7758.283489020075,1,41
2015-08-25,7813.15,7831.0,7808.7,7831.0,12:35:00,7763.5088710181635,1,42
2015-08-25,7833.2,7833.2,7812.7,7821.65,12:40:00,7770.146121397386,1,43
2015-08-25,7816.6,7825.85,7815.65,7825.85,12:45:00,7774.570300311921,1,44
2015-08-25,7805.45,7817.05,7804.45,7808.2,12:50:00,7777.511224091738,1,45
2015-08-25,7841.45,7847.25,7817.35,7817.35,12:55:00,7783.600631321096,1,46
2015-08-25,7861.35,7861.35,7846.45,7849.25,13:00:00,7791.00533310004,1,47
2015-08-25,7858.1,7866.15,7858.1,7860.3,13:05:00,7797.395301376227,1,48
2015-08-25,7841.25,7859.05,7841.25,7859.05,13:10:00,7801.571939340396,1,49
2015-08-25,7861.6,7862.4,7852.7,7853.75,13:15:00,7807.288897498454,1,50
2015-08-25,7882.25,7882.25,7861.2,7867.6,13:20:00,7814.428050117649,1,51
2015-08-25,7874.45,7889.7,7874.45,7876.9,13:25:00,7820.144426296921,1,52
2015-08-25,7882.5,7883.35,7865.45,7865.45,13:30:00,7826.083052363881,1,53
2015-08-25,7878.25,7889.15,7878.25,7881.6,13:35:00,7831.05133309113,1,54
2015-08-25,7874.8,7881.3,7874.2,7874.2,13:40:00,7835.217872796737,1,55
2015-08-25,7877.95,7881.85,7877.45,7877.45,13:45:00,7839.287599197047,1,56
2015-08-25,7874.6,7874.6,7860.25,7874.4,13:50:00,7842.650684987804,1,57
2015-08-25,7876.55,7887.6,7876.55,7881.75,13:55:00,7845.8791911794415,1,58
2015-08-25,7880.4,7881.05,7873.45,7873.45,14:00:00,7849.16688725759,1,59
2015-08-25,7890.25,7893.45,7881.5,7881.5,14:05:00,7853.079564661629,1,60
2015-08-25,7867.55,7894.65,7867.55,7894.65,14:10:00,7854.457701360522,1,61
2015-08-25,7849.55,7865.35,7835.55,7865.35,14:15:00,7853.990301230949,1,62
2015-08-25,7856.8,7856.8,7842.6,7851.65,14:20:00,7854.257891589906,1,63
2015-08-25,7875.9,7877.7,7858.95,7858.95,14:25:00,7856.319044771819,1,64
2015-08-25,7860.6,7869.5,7860.6,7869.5,14:30:00,7856.726754793551,1,65
2015-08-25,7857.6,7857.6,7852.35,7857.05,14:35:00,7856.809921003689,1,66
2015-08-25,7857.55,7864.6,7857.55,7859.1,14:40:00,7856.880404717623,1,67
2015-08-25,7870.55,7872.95,7862.8,7864.85,14:45:00,7858.182270934992,1,68
2015-08-25,7871.35,7872.8,7864.9,7872.8,14:50:00,7859.436340369754,1,69
2015-08-25,7881.75,7885.35,7869.6,7869.6,14:55:00,7861.56145081073,1,70
2015-08-25,7867.7,7874.65,7859.6,7874.65,15:00:00,7862.146074543041,1,71
2015-08-25,7866.5,7871.05,7865.25,7865.3,15:05:00,7862.56073411037,1,72
2015-08-25,7868.65,7870.6,7864.3,7864.3,15:10:00,7863.140664195097,1,73
2015-08-25,7883.85,7883.85,7877.45,7878.1,15:15:00,7865.112981890803,1,74
2015-08-25,7908.2,7909.9,7890.3,7890.3,15:20:00,7869.2165074250115,1,75
2015-08-25,7904.15,7904.15,7900.1,7900.35,15:25:00,7872.543506717867,1,76
2015-08-26,7865.25,7865.25,7865.25,7865.25,09:10:00,7871.848887030451,2,1
2015-08-26,7812.85,7865.25,7790.75,7865.25,09:15:00,7866.229945408503,2,2
2015-08-26,7816.0,7816.0,7801.55,7810.45,09:20:00,7861.446141083884,2,3
2015-08-26,7827.2,7839.1,7824.85,7824.85,09:25:00,7858.1846038378,2,4
2015-08-26,7847.5,7851.5,7833.3,7849.35,09:30:00,7857.167022519914,2,5
2015-08-26,7857.05,7868.25,7852.7,7852.7,09:35:00,7857.155877518018,2,6
2015-08-26,7837.45,7865.75,7837.45,7865.75,09:40:00,7855.279127278207,2,7
2015-08-26,7848.2,7850.3,7841.4,7845.25,09:45:00,7854.604924680282,2,8
2015-08-26,7848.65,7848.65,7843.35,7843.35,09:50:00,7854.037788996446,2,9
2015-08-26,7858.75,7858.75,7846.7,7847.9,09:55:00,7854.486570996784,2,10
2015-08-26,7862.55,7865.45,7855.85,7855.85,10:00:00,7855.254516616138,2,11
2015-08-26,7876.5,7876.5,7869.65,7871.9,10:05:00,7857.27789598603,2,12
2015-08-26,7889.3,7889.3,7879.15,7880.0,10:10:00,7860.327620177836,2,13
2015-08-26,7872.15,7891.1,7872.15,7891.1,10:15:00,7861.453561113281,2,14
2015-08-26,7873.05,7873.45,7866.65,7870.35,10:20:00,7862.557983864397,2,15
2015-08-26,7892.35,7892.35,7882.95,7882.95,10:25:00,7865.395318734454,2,16
2015-08-26,7906.15,7909.95,7895.1,7895.1,10:30:00,7869.27671695022,2,17
2015-08-26,7913.15,7915.15,7902.75,7902.75,10:35:00,7873.455124859723,2,18
2015-08-26,7921.8,7928.3,7914.6,7928.3,10:40:00,7878.059398682606,2,19
2015-08-26,7905.05,7920.15,7905.05,7920.15,10:45:00,7880.629932141405,2,20
2015-08-26,7914.05,7914.05,7904.7,7904.7,10:50:00,7883.812795746986,2,21
2015-08-26,7900.9,7910.6,7900.15,7910.6,10:55:00,7885.440148532987,2,22
2015-08-26,7908.7,7910.5,7901.45,7901.45,11:00:00,7887.655372482226,2,23
2015-08-26,7906.95,7908.05,7901.6,7905.0,11:05:00,7889.492956055347,2,24
2015-08-26,7909.6,7909.6,7905.2,7906.75,11:10:00,7891.407912621505,2,25
2015-08-26,7916.55,7916.55,7911.15,7911.9,11:15:00,7893.8023971337425,2,26
2015-08-26,7915.55,7918.0,7914.25,7914.25,11:20:00,7895.873597406719,2,27
2015-08-26,7915.3,7916.55,7907.4,7908.1,11:25:00,7897.723730987032,2,28
2015-08-26,7914.8,7915.3,7912.6,7912.6,11:30:00,7899.3500423216,2,29
2015-08-26,7914.25,7919.45,7914.25,7917.3,11:35:00,7900.769085910019,2,30
2015-08-26,7901.95,7913.8,7901.95,7913.8,11:40:00,7900.881553918589,2,31
2015-08-26,7883.9,7889.6,7882.3,7888.9,11:45:00,7899.264263069199,2,32
2015-08-26,7887.35,7889.55,7875.15,7889.55,11:50:00,7898.129571348323,2,33
2015-08-26,7898.45,7898.8,7891.55,7891.55,11:55:00,7898.160088362769,2,34
2015-08-26,7889.05,7892.9,7889.05,7892.9,12:00:00,7897.292460899647,2,35
2015-08-26,7871.45,7882.65,7871.4,7882.65,12:05:00,7894.8312741473,2,36
2015-08-26,7869.55,7870.85,7856.75,7861.15,12:10:00,7892.42353375232,2,37
2015-08-26,7854.25,7874.75,7854.25,7874.75,12:15:00,7888.7879591092415,2,38
2015-08-26,7863.8,7863.8,7851.25,7851.3,12:20:00,7886.40815347979,2,39
2015-08-26,7865.8,7872.4,7863.8,7866.35,12:25:00,7884.445472196,2,40
2015-08-26,7867.05,7867.05,7854.85,7864.7,12:30:00,7882.788760558285,2,41
2015-08-26,7861.4,7864.85,7860.6,7864.85,12:35:00,7880.751735743211,2,42
2015-08-26,7835.35,7856.6,7835.35,7856.6,12:40:00,7876.427760910525,2,43
2015-08-26,7845.45,7845.45,7840.95,7845.4,12:45:00,7873.477497966665,2,44
2015-08-26,7863.5,7863.5,7855.15,7856.8,12:50:00,7872.527260065078,2,45
2015-08-26,7850.85,7867.45,7850.85,7867.45,12:55:00,7870.462759106499,2,46
2015-08-26,7861.7,7861.7,7850.75,7850.75,13:00:00,7869.628210620166,2,47
2015-08-26,7867.9,7870.55,7861.5,7861.5,13:05:00,7869.463619132531,2,48
2015-08-26,7867.0,7867.0,7860.1,7862.45,13:10:00,7869.228988738957,2,49
2015-08-26,7860.75,7868.55,7860.5,7868.55,13:15:00,7868.421466001913,2,50
2015-08-26,7858.65,7861.0,7854.3,7858.6,13:20:00,7867.490850192207,2,51
2015-08-26,7850.2,7853.9,7850.1,7852.9,13:25:00,7865.844102554854,2,52
2015-08-26,7875.55,7875.55,7854.65,7854.65,13:30:00,7866.768473740106,2,53
2015-08-26,7866.65,7873.2,7866.65,7872.15,13:35:00,7866.757190526762,2,54
2015-08-26,7875.5,7875.5,7867.15,7867.15,13:40:00,7867.589839048023,2,55
2015-08-26,7878.15,7883.85,7877.65,7881.85,13:45:00,7868.5955686624975,2,56
2015-08-26,7872.75,7886.55,7872.75,7879.05,13:50:00,7868.991228789879,2,57
2015-08-26,7863.3,7867.85,7861.5,7865.5,13:55:00,7868.449207000366,2,58
2015-08-26,7856.75,7869.8,7856.75,7863.6,14:00:00,7867.334996809855,2,59
2015-08-26,7865.95,7865.95,7858.0,7859.4,14:05:00,7867.203092351773,2,60
2015-08-26,7849.2,7864.8,7849.2,7864.8,14:10:00,7865.488512127795,2,61
2015-08-26,7857.7,7859.55,7855.25,7856.3,14:15:00,7864.746749068006,2,62
2015-08-26,7860.05,7860.05,7853.0,7853.6,14:20:00,7864.299439632957,2,63
2015-08-26,7856.85,7864.75,7856.85,7864.75,14:25:00,7863.589969191723,2,64
2015-08-26,7864.55,7864.55,7855.1,7857.65,14:30:00,7863.681400697273,2,65
2015-08-26,7824.35,7870.0,7824.35,7870.0,14:35:00,7859.935553011818,2,66
2015-08-26,7827.15,7832.8,7815.1,7816.35,14:40:00,7856.813119391645,2,67
2015-08-26,7811.65,7834.2,7811.65,7834.2,14:45:00,7852.511869925774,2,68
2015-08-26,7820.35,7823.25,7802.1,7802.1,14:50:00,7849.448834694748,2,69
2015-08-26,7823.7,7828.1,7814.9,7814.9,14:55:00,7846.9965647238205,2,70
2015-08-26,7805.6,7826.6,7805.6,7826.6,15:00:00,7843.054034750123,2,71
2015-08-26,7798.2,7804.65,7797.4,7798.65,15:05:00,7838.782221916777,2,72
2015-08-26,7788.0,7791.7,7781.15,7786.5,15:10:00,7833.945819829465,2,73
2015-08-26,7783.65,7787.45,7780.3,7786.65,15:15:00,7829.155741750468,2,74
2015-08-26,7787.2,7795.6,7786.3,7786.3,15:20:00,7825.159956821852,2,75
2015-08-26,7789.85,7794.2,7787.0,7791.65,15:25:00,7821.797103791199,2,76
2015-08-27,7921.6,7921.6,7921.6,7921.6,09:10:00,7831.302141525371,3,1
2015-08-27,7903.15,7919.15,7887.25,7919.15,09:15:00,7838.144794713431,3,2
2015-08-27,7878.2,7894.1,7877.1,7894.1,09:20:00,7841.959576169295,3,3
2015-08-27,7867.75,7881.95,7863.9,7876.35,09:25:00,7844.415807010315,3,4
2015-08-27,7878.85,7878.85,7866.4,7866.95,09:30:00,7847.695253961713,3,5
2015-08-27,7876.45,7880.95,7875.35,7880.95,09:35:00,7850.433801203455,3,6
2015-08-27,7864.85,7875.3,7864.85,7875.3,09:40:00,7851.806772517411,3,7
2015-08-27,7877.5,7877.5,7868.4,7868.4,09:45:00,7854.253746563372,3,8
2015-08-27,7881.6,7882.45,7877.5,7877.5,09:50:00,7856.858151652575,3,9
2015-08-27,7890.4,7890.4,7883.35,7883.35,09:55:00,7860.052613399948,3,10
2015-08-27,7887.5,7893.4,7887.5,7889.45,10:00:00,7862.666650219001,3,11
2015-08-27,7892.55,7892.55,7884.55,7885.2,10:05:00,7865.512683531478,3,12
2015-08-27,7896.25,7896.9,7893.8,7894.95,10:10:00,7868.44004700467,3,13
2015-08-27,7902.35,7902.35,7896.9,7898.85,10:15:00,7871.669566337559,3,14
2015-08-27,7905.0,7905.0,7897.95,7897.95,10:20:00,7874.843893353031,3,15
2015-08-27,7902.9,7909.2,7902.9,7906.1,10:25:00,7877.515903509884,3,16
2015-08-27,7893.75,7899.25,7892.8,7899.25,10:30:00,7879.062007937515,3,17
2015-08-27,7898.35,7902.05,7897.15,7897.15,10:35:00,7880.8989595625135,3,18
2015-08-27,7904.4,7904.4,7897.1,7897.1,10:40:00,7883.137153889893,3,19
2015-08-27,7906.05,7910.3,7904.2,7904.2,10:45:00,7885.319329709903,3,20
2015-08-27,7910.8,7911.75,7903.3,7903.3,10:50:00,7887.746060213722,3,21
2015-08-27,7911.4,7911.4,7910.1,7910.1,10:55:00,7889.998816383843,3,22
2015-08-27,7905.85,7906.55,7904.3,7904.3,11:00:00,7891.508452918715,3,23
2015-08-27,7909.3,7909.4,7907.8,7909.35,11:05:00,7893.202885974076,3,24
2015-08-27,7904.85,7909.0,7900.65,7909.0,11:10:00,7894.312134928925,3,25
2015-08-27,7902.9,7905.75,7902.9,7904.75,11:15:00,7895.130026840456,3,26
2015-08-27,7902.2,7904.75,7902.2,7903.45,11:20:00,7895.803357617555,3,27
2015-08-27,7899.55,7902.4,7897.1,7897.6,11:25:00,7896.160180701597,3,28
2015-08-27,7885.75,7898.1,7885.75,7898.1,11:30:00,7895.168734920492,3,29
2015-08-27,7891.0,7891.0,7885.5,7885.7,11:35:00,7894.771712547112,3,30
2015-08-27,7886.6,7889.0,7884.5,7886.6,11:40:00,7893.9934542092915,3,31
2015-08-27,7889.85,7889.85,7886.35,7889.25,11:45:00,7893.598839522692,3,32
2015-08-27,7897.6,7897.6,7888.35,7891.35,11:50:00,7893.9799024252925,3,33
2015-08-27,7894.3,7898.25,7894.3,7898.25,11:55:00,7894.010387908597,3,34
2015-08-27,7892.1,7895.6,7892.05,7892.7,12:00:00,7893.828446203017,3,35
2015-08-27,7889.3,7890.45,7885.7,7888.05,12:05:00,7893.397165612254,3,36
2015-08-27,7898.8,7898.8,7894.3,7894.3,12:10:00,7893.911721268229,3,37
2015-08-27,7901.4,7903.05,7900.65,7900.65,12:15:00,7894.624890671255,3,38
2015-08-27,7898.95,7901.35,7897.75,7900.0,12:20:00,7895.036805845421,3,39
2015-08-27,7899.65,7900.2,7897.8,7898.45,12:25:00,7895.476157669667,3,40
2015-08-27,7910.7,7910.7,7900.0,7900.45,12:30:00,7896.926047415413,3,41
2015-08-27,7907.95,7916.15,7906.7,7916.15,12:35:00,7897.9759476615645,3,42
2015-08-27,7903.6,7903.85,7901.25,7903.85,12:40:00,7898.511571693797,3,43
2015-08-27,7908.15,7912.5,7906.85,7906.85,12:45:00,7899.429517246768,3,44
2015-08-27,7904.25,7905.35,7900.65,7902.65,12:50:00,7899.888610842314,3,45
2015-08-27,7918.3,7918.3,7904.0,7904.0,12:55:00,7901.64207647638,3,46
2015-08-27,7914.2,7915.95,7912.25,7914.8,13:00:00,7902.838069192915,3,47
2015-08-27,7920.7,7922.65,7919.15,7920.0,13:05:00,7904.539205460257,3,48
2015-08-27,7939.7,7939.7,7924.7,7924.7,13:10:00,7907.887852559281,3,49
2015-08-27,7938.6,7944.2,7934.75,7944.2,13:15:00,7910.812818982206,3,50
2015-08-27,7947.2,7947.2,7935.7,7935.7,13:20:00,7914.278264793425,3,51
2015-08-27,7943.15,7957.95,7943.15,7955.0,13:25:00,7917.027953860717,3,52
2015-08-27,7941.5,7942.95,7940.3,7940.3,13:30:00,7919.358624921601,3,53
2015-08-27,7940.4,7940.4,7927.7,7936.8,13:35:00,7921.362565405258,3,54
2015-08-27,7944.65,7945.05,7942.85,7943.4,13:40:00,7923.580416319043,3,55
2015-08-27,7945.6,7946.85,7940.95,7940.95,13:45:00,7925.677519526754,3,56
2015-08-27,7945.15,7948.25,7940.75,7948.25,13:50:00,7927.532041476586,3,57
2015-08-27,7940.0,7940.85,7934.75,7940.85,13:55:00,7928.719466097864,3,58
2015-08-27,7946.6,7946.6,7936.35,7936.35,14:00:00,7930.422374088544,3,59
2015-08-27,7944.6,7947.65,7943.95,7943.95,14:05:00,7931.772624175349,3,60
2015-08-27,7959.55,7959.55,7943.9,7944.6,14:10:00,7934.418088539602,3,61
2015-08-27,7940.65,7956.2,7940.65,7956.2,14:15:00,7935.011603916782,3,62
2015-08-27,7953.75,7953.75,7940.0,7940.0,14:20:00,7936.796213067565,3,63
2015-08-27,7958.05,7961.65,7954.3,7954.3,14:25:00,7938.8203832516065,3,64
2015-08-27,7955.95,7960.2,7955.6,7958.95,14:30:00,7940.451775322882,3,65
2015-08-27,7953.7,7953.7,7944.95,7952.65,14:35:00,7941.713511006417,3,66
2015-08-27,7957.1,7958.35,7952.5,7955.9,14:40:00,7943.178890910568,3,67
2015-08-27,7957.2,7959.85,7957.2,7957.9,14:45:00,7944.51423463337,3,68
2015-08-27,7945.45,7954.9,7945.45,7954.15,14:50:00,7944.603355144478,3,69
2015-08-27,7956.8,7956.8,7944.05,7944.05,14:55:00,7945.764940368814,3,70
2015-08-27,7955.4,7962.5,7944.25,7962.5,15:00:00,7946.682565095593,3,71
2015-08-27,7948.35,7950.8,7948.35,7948.65,15:05:00,7946.841368419823,3,72
2015-08-27,7952.0,7956.05,7945.25,7946.95,15:10:00,7947.332666665554,3,73
2015-08-27,7955.0,7955.0,7950.9,7951.0,15:15:00,7948.062888887882,3,74
2015-08-27,7948.55,7951.95,7947.5,7951.95,15:20:00,7948.109280422369,3,75
2015-08-27,7952.95,7952.95,7941.25,7946.7,15:25:00,7948.570301334525,3,76
2015-08-28,8053.7,8053.7,8053.7,8053.7,09:10:00,7958.582653588379,4,1
2015-08-28,8052.15,8054.8,8047.1,8053.7,09:15:00,7967.493829437105,4,2
2015-08-28,8035.7,8060.25,8035.7,8050.85,09:20:00,7973.989655204999,4,3
2015-08-28,8031.9,8041.85,8027.85,8034.4,09:25:00,7979.504926137856,4,4
2015-08-28,8044.35,8048.0,8034.55,8034.55,09:30:00,7985.680647458061,4,5
2015-08-28,8040.35,8048.7,8040.35,8048.7,09:35:00,7990.887252462055,4,6
2015-08-28,8051.9,8051.9,8033.25,8033.25,09:40:00,7996.697990322811,4,7
2015-08-28,8051.5,8052.4,8044.85,8052.4,09:45:00,8001.917229339686,4,8
2015-08-28,8058.8,8058.8,8051.95,8051.95,09:50:00,8007.334636069239,4,9
2015-08-28,8054.65,8058.15,8054.4,8058.15,09:55:00,8011.840861205503,4,10
2015-08-28,8061.85,8067.4,8058.0,8058.0,10:00:00,8016.603636328788,4,11
2015-08-28,8073.7,8073.7,8065.9,8065.9,10:05:00,8022.041385249857,4,12
2015-08-28,8074.3,8081.3,8074.3,8075.25,10:10:00,8027.018396178442,4,13
2015-08-28,8073.9,8076.8,8073.9,8076.8,10:15:00,8031.483310828115,4,14
2015-08-28,8077.95,8080.55,8076.0,8076.0,10:20:00,8035.908709796865,4,15
2015-08-28,8083.65,8089.6,8079.95,8079.95,10:25:00,8040.455499340021,4,16
2015-08-28,8078.05,8087.0,8078.05,8087.0,10:30:00,8044.035927974304,4,17
2015-08-28,8066.95,8077.9,8066.95,8077.25,10:35:00,8046.2182205481795,4,18
2015-08-28,8068.8,8072.5,8065.35,8065.35,10:40:00,8048.368866210258,4,19
2015-08-28,8064.95,8068.15,8064.85,8068.1,10:45:00,8049.94802180928,4,20
2015-08-28,8067.9,8068.3,8065.8,8065.8,10:50:00,8051.65773401792,4,21
2015-08-28,8074.85,8074.85,8068.8,8068.95,10:55:00,8053.866521254309,4,22
2015-08-28,8071.6,8076.45,8071.6,8076.45,11:00:00,8055.555423991995,4,23
2015-08-28,8073.75,8074.5,8073.0,8073.0,11:05:00,8057.288240754662,4,24
2015-08-28,8075.75,8076.5,8070.15,8070.15,11:10:00,8059.046503539933,4,25
2015-08-28,8065.0,8073.9,8065.0,8073.9,11:15:00,8059.613503202796,4,26
2015-08-28,8059.75,8063.25,8058.85,8063.25,11:20:00,8059.626502897769,4,27
2015-08-28,8053.25,8058.45,8051.9,8058.45,11:25:00,8059.019216907505,4,28
2015-08-28,8064.6,8064.6,8057.75,8057.75,11:30:00,8059.550720059172,4,29
2015-08-28,8069.2,8070.85,8068.9,8068.9,11:35:00,8060.469699101156,4,30
2015-08-28,8067.45,8068.65,8066.9,8068.65,11:40:00,8061.134489662951,4,31
2015-08-28,8070.4,8070.4,8066.9,8067.75,11:45:00,8062.0169192188605,4,32
2015-08-28,8070.55,8070.65,8069.6,8070.1,11:50:00,8062.829593578969,4,33
2015-08-28,8073.7,8073.7,8071.0,8071.5,11:55:00,8063.864870380972,4,34
2015-08-28,8078.05,8079.25,8075.35,8075.35,12:00:00,8065.215835106594,4,35
2015-08-28,8077.3,8080.2,8077.3,8080.2,12:05:00,8066.366707953584,4,36
2015-08-28,8077.7,8077.7,8074.7,8075.3,12:10:00,8067.446069100863,4,37
2015-08-28,8076.55,8080.2,8076.55,8080.2,12:15:00,8068.313110138875,4,38
2015-08-28,8070.65,8075.25,8070.2,8075.25,12:20:00,8068.53567107803,4,39
2015-08-28,8070.05,8070.4,8067.0,8067.0,12:25:00,8068.679892880122,4,40
2015-08-28,8072.0,8072.0,8067.3,8067.3,12:30:00,8068.996093558205,4,41
2015-08-28,8075.65,8075.65,8070.85,8071.95,12:35:00,8069.629798933614,4,42
2015-08-28,8077.45,8077.45,8076.1,8076.2,12:40:00,8070.374579987555,4,43
2015-08-28,8075.8,8078.75,8071.6,8078.75,12:45:00,8070.891286655407,4,44
2015-08-28,8081.8,8083.25,8074.95,8074.95,12:50:00,8071.930211735845,4,45
2015-08-28,8073.8,8080.2,8073.35,8080.2,12:55:00,8072.108286808621,4,46
2015-08-28,8061.0,8068.75,8056.4,8068.75,13:00:00,8071.050354731609,4,47
2015-08-28,8053.7,8061.25,8052.8,8061.25,13:05:00,8069.397939995265,4,48
2015-08-28,8050.65,8052.1,8049.25,8052.1,13:10:00,8067.612421900478,4,49
2015-08-28,8044.2,8044.2,8034.55,8035.6,13:15:00,8065.382667433766,4,50
2015-08-28,8032.85,8050.85,8024.4,8050.85,13:20:00,8062.284318154359,4,51
2015-08-28,8019.9,8030.95,8011.45,8030.95,13:25:00,8058.247716425373,4,52
2015-08-28,7999.55,8016.65,7989.35,8016.15,13:30:00,8052.6574577181955,4,53
2015-08-28,8010.25,8013.5,8002.45,8004.6,13:35:00,8048.618652221225,4,54
2015-08-28,8007.7,8012.45,8000.5,8002.35,13:40:00,8044.721637723965,4,55
2015-08-28,8005.3,8005.3,8002.1,8005.1,13:45:00,8040.967196035968,4,56
2015-08-28,7988.75,8007.0,7988.1,8007.0,13:50:00,8035.994129746829,4,57
2015-08-28,8003.9,8003.9,7985.65,7985.65,13:55:00,8032.937545961416,4,58
2015-08-28,8027.45,8027.45,8006.9,8006.9,14:00:00,8032.414922536519,4,59
2015-08-28,8023.65,8026.1,8018.85,8026.1,14:05:00,8031.580168009231,4,60
2015-08-28,8005.3,8020.2,8003.25,8020.2,14:10:00,8029.077294865494,4,61
2015-08-28,8008.45,8008.45,8001.1,8001.1,14:15:00,8027.11279059259,4,62
2015-08-28,7989.5,8012.2,7989.5,8011.8,14:20:00,8023.530620059962,4,63
2015-08-28,8009.5,8009.5,7987.65,7987.95,14:25:00,8022.194370530441,4,64
2015-08-28,7992.95,8005.85,7990.55,8005.85,14:30:00,8019.409192384685,4,65
2015-08-28,7976.65,7991.8,7974.85,7991.8,14:35:00,8015.336888348049,4,66
2015-08-28,7985.35,7988.15,7976.9,7976.9,14:40:00,8012.480994219663,4,67
2015-08-28,7973.5,7989.85,7973.5,7989.85,14:45:00,8008.768518579695,4,68
2015-08-28,7983.95,7996.45,7979.6,7979.6,14:50:00,8006.404850143534,4,69
2015-08-28,7974.05,7980.85,7969.95,7980.85,14:55:00,8003.32343584415,4,70
2015-08-28,7999.85,7999.85,7978.85,7979.3,15:00:00,8002.992632430421,4,71
2015-08-28,8015.35,8015.35,8000.95,8000.95,15:05:00,8004.169524579905,4,72
2015-08-28,8010.05,8025.25,8010.05,8016.1,15:10:00,8004.729569858009,4,73
2015-08-28,7998.65,8009.6,7998.65,8009.6,15:15:00,8004.150563204865,4,74
2015-08-28,7995.4,7997.55,7994.3,7995.45,15:20:00,8003.317176232972,4,75
2015-08-28,7993.85,7998.75,7993.85,7998.75,15:25:00,8002.415540401261,4,76
2015-08-31,8009.25,8009.25,8009.25,8009.25,09:10:00,8003.066441315426,0,1
2015-08-31,7972.35,8006.7,7965.85,8006.7,09:15:00,8000.141065952052,0,2
2015-08-31,7972.05,7980.9,7967.0,7980.9,09:20:00,7997.465726337571,0,3
2015-08-31,7967.9,7970.6,7960.25,7960.25,09:25:00,7994.649942876849,0,4
2015-08-31,7966.7,7967.0,7959.9,7967.0,09:30:00,7991.988043555245,0,5
2015-08-31,7963.6,7970.05,7963.6,7969.5,09:35:00,7989.284420359508,0,6
2015-08-31,7970.25,7970.25,7962.75,7963.25,09:40:00,7987.471618420507,0,7
2015-08-31,7973.35,7973.35,7969.45,7973.15,09:45:00,7986.126702380459,0,8
2015-08-31,7961.85,7971.5,7961.85,7971.5,09:50:00,7983.814635487082,0,9
2015-08-31,7970.8,7970.8,7959.75,7959.75,09:55:00,7982.575146393075,0,10
2015-08-31,7972.1,7972.1,7965.95,7971.3,10:00:00,7981.577513403258,0,11
2015-08-31,7968.25,7972.35,7968.25,7971.9,10:05:00,7980.308226412471,0,12
2015-08-31,7970.1,7972.15,7968.0,7969.25,10:10:00,7979.336014373189,0,13
2015-08-31,7966.15,7972.25,7960.05,7972.25,10:15:00,7978.080203480505,0,14
2015-08-31,7982.85,7982.85,7971.65,7971.65,10:20:00,7978.534469815694,0,15
2015-08-31,7997.8,7997.8,7982.4,7982.4,10:25:00,7980.369282214199,0,16
2015-08-31,7995.9,8003.65,7994.35,8003.65,10:30:00,7981.848398193799,0,17
2015-08-31,7998.75,8002.75,7996.3,7999.45,10:35:00,7983.458074556294,0,18
2015-08-31,7997.45,7997.45,7992.65,7993.9,10:40:00,7984.790638884266,0,19
2015-08-31,7994.05,8003.85,7994.05,8003.85,10:45:00,7985.67248280005,0,20
2015-08-31,7993.2,7994.5,7988.7,7990.75,10:50:00,7986.389389200045,0,21
2015-08-31,7996.2,7996.2,7992.6,7992.6,10:55:00,7987.3237330857555,0,22
2015-08-31,8011.75,8011.75,7998.7,7998.7,11:00:00,7989.650044220445,0,23
2015-08-31,8015.5,8016.3,8012.75,8012.75,11:05:00,7992.111944770879,0,24
2015-08-31,8012.3,8013.1,8009.65,8013.1,11:10:00,7994.034616697461,0,25
2015-08-31,8020.9,8020.9,8013.45,8013.45,11:15:00,7996.593224631036,0,26
2015-08-31,8025.35,8025.95,8020.9,8020.9,11:20:00,7999.331965142365,0,27
2015-08-31,8037.6,8040.55,8036.85,8036.85,11:25:00,8002.976539890712,0,28
2015-08-31,8026.9,8036.75,8026.35,8036.75,11:30:00,8005.254964663025,0,29
2015-08-31,8024.55,8026.9,8024.3,8025.8,11:35:00,8007.09258707607,0,30
2015-08-31,8032.4,8033.4,8024.55,8024.55,11:40:00,8009.502816878349,0,31
2015-08-31,8018.7,8032.5,8018.7,8029.95,11:45:00,8010.378739080411,0,32
2015-08-31,8013.7,8018.25,8010.15,8018.25,11:50:00,8010.695049644181,0,33
2015-08-31,8010.05,8016.2,8009.65,8016.2,11:55:00,8010.633616344736,0,34
2015-08-31,8004.45,8011.3,8000.8,8010.85,12:00:00,8010.04470050238,0,35
2015-08-31,8009.2,8009.2,8002.85,8004.2,12:05:00,8009.964252835486,0,36
2015-08-31,8007.9,8008.05,8005.2,8008.05,12:10:00,8009.767657327344,0,37
2015-08-31,8008.75,8016.05,8008.75,8011.4,12:15:00,8009.670737581882,0,38
2015-08-31,8011.0,8011.0,8007.15,8007.55,12:20:00,8009.797334002656,0,39
2015-08-31,8015.6,8016.05,8007.1,8007.1,12:25:00,8010.349968859546,0,40
2015-08-31,8016.4,8023.5,8016.4,8018.95,12:30:00,8010.926162301494,0,41
2015-08-31,8019.25,8021.05,8018.5,8020.15,12:35:00,8011.71890874897,0,42
2015-08-31,8026.85,8028.05,8020.5,8020.65,12:40:00,8013.159965058592,0,43
2015-08-31,8026.45,8026.45,8023.65,8024.4,12:45:00,8014.42568267206,0,44
2015-08-31,8018.7,8027.5,8018.7,8026.2,12:50:00,8014.832760512816,0,45
2015-08-31,8019.7,8021.1,8016.65,8018.4,12:55:00,8015.296307130643,0,46
2015-08-31,8018.05,8020.35,8015.1,8020.35,13:00:00,8015.558563594392,0,47
2015-08-31,8006.35,8014.6,8006.35,8012.45,13:05:00,8014.681557537783,0,48
2015-08-31,8015.8,8015.95,8008.5,8008.5,13:10:00,8014.788075867518,0,49
2015-08-31,8019.0,8019.75,8017.9,8018.05,13:15:00,8015.189211499182,0,50
2015-08-31,8016.6,8017.7,8016.1,8017.7,13:20:00,8015.323572308785,0,51
2015-08-31,8020.0,8021.1,8018.45,8018.45,13:25:00,8015.768946374615,0,52
2015-08-31,8005.2,8022.3,8005.2,8020.6,13:30:00,8014.762380053223,0,53
2015-08-31,7988.7,7998.9,7975.35,7998.9,13:35:00,8012.280248619582,0,54
2015-08-31,7977.4,7984.9,7977.4,7983.85,13:40:00,8008.958320179622,0,55
2015-08-31,7992.5,7992.5,7983.7,7983.7,13:45:00,8007.390861114896,0,56
2015-08-31,7993.4,7999.1,7990.75,7991.65,13:50:00,8006.058398151573,0,57
2015-08-31,7987.7,7992.9,7987.2,7991.45,13:55:00,8004.309979279995,0,58
2015-08-31,7983.2,7988.45,7983.2,7985.6,14:00:00,8002.299505062852,0,59
2015-08-31,7982.5,7982.5,7979.3,7981.45,14:05:00,8000.4138379140095,0,60
2015-08-31,7964.45,7972.6,7952.95,7972.6,14:10:00,7996.988710493627,0,61
2015-08-31,7966.45,7970.35,7965.55,7965.55,14:15:00,7994.080261875186,0,62
2015-08-31,7970.8,7970.8,7963.25,7963.25,14:20:00,7991.863094077549,0,63
2015-08-31,7967.2,7976.25,7967.2,7971.75,14:25:00,7989.514227974925,0,64
2015-08-31,7977.8,7977.8,7968.9,7968.9,14:30:00,7988.398587215409,0,65
2015-08-31,7973.55,7977.95,7971.85,7977.95,14:35:00,7986.984436052036,0,66
2015-08-31,7983.75,7983.75,7967.85,7967.85,14:40:00,7986.676394523271,0,67
2015-08-31,7983.65,7989.05,7983.15,7987.3,14:45:00,7986.388166473436,0,68
2015-08-31,7982.6,7987.8,7979.35,7987.8,14:50:00,7986.027388714061,0,69
2015-08-31,7985.7,7985.7,7980.45,7980.45,14:55:00,7985.996208836532,0,70
2015-08-31,7976.55,7994.7,7976.55,7994.7,15:00:00,7985.09656989972,0,71
2015-08-31,7963.2,7972.1,7963.2,7970.0,15:05:00,7983.011182290223,0,72
2015-08-31,7965.2,7967.25,7962.0,7962.0,15:10:00,7981.314879214963,0,73
2015-08-31,7973.8,7973.8,7967.4,7967.4,15:15:00,7980.599176432586,0,74
2015-08-31,7972.15,7973.3,7970.95,7971.95,15:20:00,7979.794492962817,0,75
2015-08-31,7976.4,7977.75,7971.5,7972.8,15:25:00,7979.471207918738,0,76
2015-09-01,7907.95,7907.95,7907.95,7907.95,09:10:00,7972.65966430743,1,1
2015-09-01,7902.15,7907.95,7894.85,7907.95,09:15:00,7965.944458182912,1,2
2015-09-01,7904.95,7913.3,7904.95,7910.4,09:20:00,7960.135462165492,1,3
2015-09-01,7916.3,7916.3,7901.35,7901.35,09:25:00,7955.960656244969,1,4
2015-09-01,7914.15,7916.1,7909.9,7916.1,09:30:00,7951.978688983544,1,5
2015-09-01,7914.75,7914.75,7907.4,7907.4,09:35:00,7948.43309955654,1,6
2015-09-01,7917.1,7918.85,7910.7,7911.0,09:40:00,7945.448994836869,1,7
2015-09-01,7918.1,7926.9,7918.1,7918.9,09:45:00,7942.8443286619295,1,8
2015-09-01,7919.8,7925.1,7918.7,7918.7,09:50:00,7940.649630694126,1,9
2015-09-01,7918.75,7918.75,7911.5,7911.5,09:55:00,7938.5639515804,1,10
2015-09-01,7910.95,7919.5,7910.95,7918.45,10:00:00,7935.9340514298865,1,11
2015-09-01,7915.75,7915.75,7913.15,7913.35,10:05:00,7934.011760817516,1,12
2015-09-01,7902.15,7908.5,7899.15,7908.5,10:10:00,7930.977307406324,1,13
2015-09-01,7897.0,7903.05,7894.1,7903.05,10:15:00,7927.741373367626,1,14
2015-09-01,7904.8,7904.8,7901.0,7901.1,10:20:00,7925.556480665947,1,15
2015-09-01,7904.1,7907.65,7901.65,7901.65,10:25:00,7923.513006316809,1,16
2015-09-01,7897.7,7899.7,7895.1,7899.7,10:30:00,7921.054624762826,1,17
2015-09-01,7905.05,7905.45,7899.5,7899.5,10:35:00,7919.530374785414,1,18
2015-09-01,7895.5,7903.6,7893.9,7903.6,10:40:00,7917.241767662994,1,19
2015-09-01,7904.4,7905.35,7898.8,7898.8,10:45:00,7916.018742171281,1,20
2015-09-01,7902.95,7903.6,7894.5,7903.6,10:50:00,7914.774100059731,1,21
2015-09-01,7901.65,7904.1,7898.6,7904.1,10:55:00,7913.524185768329,1,22
2015-09-01,7906.15,7910.25,7903.25,7903.25,11:00:00,7912.821882361821,1,23
2015-09-01,7913.4,7913.7,7905.75,7905.75,11:05:00,7912.876941184504,1,24
2015-09-01,7913.9,7913.9,7906.7,7913.65,11:10:00,7912.974375357408,1,25
2015-09-01,7913.4,7917.0,7912.9,7917.0,11:15:00,7913.014911037655,1,26
2015-09-01,7905.95,7911.9,7905.95,7911.9,11:20:00,7912.342062367402,1,27
2015-09-01,7898.5,7906.7,7898.5,7906.7,11:25:00,7911.023770713364,1,28
2015-09-01,7891.2,7896.15,7891.2,7892.2,11:30:00,7909.135792550187,1,29
2015-09-01,7881.45,7890.85,7881.45,7890.85,11:35:00,7906.49905040255,1,30
2015-09-01,7878.1,7879.85,7873.1,7879.85,11:40:00,7903.79437893564,1,31
2015-09-01,7874.75,7877.45,7871.35,7877.45,11:45:00,7901.028247608437,1,32
2015-09-01,7875.6,7881.15,7875.4,7875.9,11:50:00,7898.606509740966,1,33
2015-09-01,7882.4,7882.4,7875.8,7875.8,11:55:00,7897.063032622779,1,34
2015-09-01,7875.3,7884.35,7875.3,7884.35,12:00:00,7894.990362849181,1,35
2015-09-01,7874.85,7875.55,7873.45,7875.55,12:05:00,7893.072233054021,1,36
2015-09-01,7865.8,7865.8,7861.2,7862.0,12:10:00,7890.474877525066,1,37
2015-09-01,7861.15,7866.95,7858.55,7866.95,12:15:00,7887.682032046488,1,38
2015-09-01,7853.9,7863.3,7852.0,7861.35,12:20:00,7884.464695661109,1,39
2015-09-01,7867.05,7867.05,7860.6,7860.6,12:25:00,7882.806153217193,1,40
2015-09-01,7868.3,7873.7,7867.0,7868.3,12:30:00,7881.424614815556,1,41
2015-09-01,7872.65,7873.4,7869.45,7869.5,12:35:00,7880.588937214075,1,42
2015-09-01,7874.7,7874.7,7868.1,7868.8,12:40:00,7880.02808605083,1,43
2015-09-01,7866.3,7873.3,7866.3,7873.3,12:45:00,7878.720649284085,1,44
2015-09-01,7857.35,7865.6,7857.35,7865.6,12:50:00,7876.685349352268,1,45
2015-09-01,7860.4,7866.1,7859.55,7865.3,12:55:00,7875.134363699671,1,46
2015-09-01,7863.1,7863.1,7854.95,7854.95,13:00:00,7873.988233823512,1,47
2015-09-01,7861.1,7861.1,7854.4,7856.8,13:05:00,7872.760782983178,1,48
2015-09-01,7857.05,7860.9,7854.4,7858.55,13:10:00,7871.264517937161,1,49
2015-09-01,7830.2,7854.45,7830.2,7854.45,13:15:00,7867.353611466956,1,50
2015-09-01,7826.4,7835.5,7826.4,7832.75,13:20:00,7863.453267517722,1,51
2015-09-01,7828.4,7838.25,7828.4,7833.1,13:25:00,7860.114861087463,1,52
2015-09-01,7840.1,7840.1,7830.75,7831.25,13:30:00,7858.208683841039,1,53
2015-09-01,7842.05,7844.85,7842.05,7844.85,13:35:00,7856.669761570463,1,54
2015-09-01,7831.95,7836.1,7831.65,7835.1,13:40:00,7854.315498563752,1,55
2015-09-01,7827.25,7832.7,7827.25,7832.7,13:45:00,7851.73783203387,1,56
2015-09-01,7799.3,7814.2,7799.3,7814.2,13:50:00,7846.743752792549,1,57
2015-09-01,7811.15,7813.1,7803.45,7805.45,13:55:00,7843.353871574212,1,58
2015-09-01,7791.35,7807.85,7791.35,7807.85,14:00:00,7838.401121900477,1,59
2015-09-01,7788.7,7792.2,7784.1,7788.7,14:05:00,7833.667681719478,1,60
2015-09-01,7793.2,7798.15,7782.1,7782.1,14:10:00,7829.813616793814,1,61
2015-09-01,7767.1,7788.3,7767.1,7788.3,14:15:00,7823.84089138488,1,62
2015-09-01,7760.75,7771.9,7757.05,7771.9,14:20:00,7817.83223506251,1,63
2015-09-01,7747.45,7765.5,7747.45,7765.5,14:25:00,7811.129165056557,1,64
2015-09-01,7763.0,7763.0,7751.25,7754.4,14:30:00,7806.545435051171,1,65
2015-09-01,7764.35,7770.95,7758.5,7761.95,14:35:00,7802.526822189155,1,66
2015-09-01,7770.75,7776.35,7768.8,7770.75,14:40:00,7799.50045817114,1,67
2015-09-01,7758.9,7764.65,7754.2,7764.55,14:45:00,7795.633747869127,1,68
2015-09-01,7760.45,7762.15,7759.2,7762.15,14:50:00,7792.282914738733,1,69
2015-09-01,7765.35,7765.7,7753.0,7753.0,14:55:00,7789.717875239806,1,70
2015-09-01,7767.4,7769.75,7760.3,7766.15,15:00:00,7787.592363312206,1,71
2015-09-01,7777.35,7785.9,7773.25,7773.25,15:05:00,7786.616900139615,1,72
2015-09-01,7783.4,7792.05,7783.4,7785.45,15:10:00,7786.310528697746,1,73
2015-09-01,7798.95,7798.95,7785.75,7785.75,15:15:00,7787.51428786939,1,74
2015-09-01,7787.95,7801.75,7787.95,7801.75,15:20:00,7787.55578426278,1,75
2015-09-01,7783.85,7789.85,7783.85,7787.5,15:25:00,7787.20285242823,1,76
2015-09-02,7856.65,7856.65,7856.65,7856.65,09:10:00,7793.8168664826835,2,1
2015-09-02,7832.7,7857.8,7830.05,7857.8,09:15:00,7797.520022055762,2,2
2015-09-02,7815.3,7822.25,7804.95,7822.25,09:20:00,7799.213353288546,2,3
2015-09-02,7787.6,7805.6,7786.05,7805.6,09:25:00,7798.107319642018,2,4
2015-09-02,7797.4,7798.6,7782.35,7798.6,09:30:00,7798.039955866589,2,5
2015-09-02,7806.9,7806.95,7796.65,7796.65,09:35:00,7798.88376959358,2,6
2015-09-02,7808.9,7817.45,7808.9,7811.65,09:40:00,7799.837696298953,2,7
2015-09-02,7821.15,7821.15,7810.55,7810.55,09:45:00,7801.867439508577,2,8
2015-09-02,7801.5,7820.0,7801.05,7820.0,09:50:00,7801.832445269665,2,9
2015-09-02,7812.0,7813.5,7805.3,7805.3,09:55:00,7802.800783815412,2,10
2015-09-02,7814.55,7817.75,7814.55,7815.85,10:00:00,7803.919756785373,2,11
2015-09-02,7809.15,7809.3,7803.95,7808.9,10:05:00,7804.417875186766,2,12
2015-09-02,7810.65,7812.1,7807.2,7808.35,10:10:00,7805.011410883264,2,13
2015-09-02,7814.55,7814.55,7810.1,7810.15,10:15:00,7805.919847942001,2,14
2015-09-02,7819.4,7819.9,7814.0,7814.0,10:20:00,7807.203671947524,2,15
2015-09-02,7834.45,7834.45,7824.0,7824.0,10:25:00,7809.798560333475,2,16
2015-09-02,7838.9,7842.25,7833.75,7833.75,10:30:00,7812.570126016001,2,17
2015-09-02,7821.45,7834.75,7821.45,7834.75,10:35:00,7813.415828300192,2,18
2015-09-02,7828.35,7831.0,7824.3,7824.3,10:40:00,7814.83813036684,2,19
2015-09-02,7833.15,7833.15,7824.75,7824.75,10:45:00,7816.58211795095,2,20
2015-09-02,7817.45,7831.8,7817.45,7831.8,10:50:00,7816.664773384193,2,21
2015-09-02,7808.6,7818.9,7808.4,7816.2,10:55:00,7815.896699728555,2,22
2015-09-02,7796.2,7796.2,7791.8,7796.05,11:00:00,7814.020823563931,2,23
2015-09-02,7790.65,7795.55,7790.65,7793.65,11:05:00,7811.795030843557,2,24
2015-09-02,7789.9,7790.55,7780.25,7780.25,11:10:00,7809.709789810837,2,25
2015-09-02,7773.6,7784.1,7770.05,7784.1,11:15:00,7806.270762209804,2,26
2015-09-02,7780.1,7784.5,7774.3,7774.3,11:20:00,7803.778308666013,2,27
2015-09-02,7765.2,7784.25,7765.2,7784.25,11:25:00,7800.104184031155,2,28
2015-09-02,7772.4,7775.75,7763.9,7763.9,11:30:00,7797.465690313902,2,29
2015-09-02,7790.15,7790.15,7779.7,7779.7,11:35:00,7796.768957903055,2,30
2015-09-02,7774.35,7791.9,7774.35,7791.9,11:40:00,7794.633819055145,2,31
2015-09-02,7780.2,7784.2,7777.15,7777.15,11:45:00,7793.259169621322,2,32
2015-09-02,7792.4,7792.4,7781.0,7781.0,11:50:00,7793.177343943101,2,33
2015-09-02,7786.7,7792.9,7783.75,7792.9,11:55:00,7792.560454043757,2,34
2015-09-02,7795.85,7795.85,7784.2,7784.2,12:00:00,7792.873744134828,2,35
2015-09-02,7794.3,7803.85,7793.55,7802.0,12:05:00,7793.009578026748,2,36
2015-09-02,7810.35,7810.35,7795.15,7795.15,12:10:00,7794.661046786106,2,37
2015-09-02,7796.7,7802.0,7796.7,7801.85,12:15:00,7794.855232806478,2,38
2015-09-02,7794.85,7799.5,7792.9,7797.5,12:20:00,7794.854734443957,2,39
2015-09-02,7789.0,7798.3,7789.0,7794.2,12:25:00,7794.297140687389,2,40
2015-09-02,7802.0,7802.0,7786.65,7786.65,12:30:00,7795.03074633621,2,41
2015-09-02,7799.95,7806.15,7797.1,7805.3,12:35:00,7795.499246685143,2,42
2015-09-02,7809.1,7810.45,7805.55,7809.6,12:40:00,7796.794556524654,2,43
2015-09-02,7807.35,7808.1,7804.85,7806.2,12:45:00,7797.799836855639,2,44
2015-09-02,7795.45,7798.9,7793.25,7798.9,12:50:00,7797.576042869388,2,45
2015-09-02,7801.25,7801.25,7796.55,7796.55,12:55:00,7797.925943548495,2,46
2015-09-02,7790.8,7798.65,7789.8,7798.65,13:00:00,7797.247282258162,2,47
2015-09-02,7790.35,7795.45,7784.85,7784.85,13:05:00,7796.590398233575,2,48
2015-09-02,7787.75,7790.2,7785.85,7787.8,13:10:00,7795.748455544663,2,49
2015-09-02,7792.5,7795.9,7788.7,7788.7,13:15:00,7795.4390788261235,2,50
2015-09-02,7785.5,7795.05,7785.5,7794.05,13:20:00,7794.4924998903025,2,51
2015-09-02,7778.6,7778.6,7767.7,7778.1,13:25:00,7792.978928472178,2,52
2015-09-02,7753.2,7774.7,7753.2,7774.7,13:30:00,7789.190459093876,2,53
2015-09-02,7744.6,7758.4,7744.6,7748.7,13:35:00,7784.943748703982,2,54
2015-09-02,7744.1,7754.1,7744.1,7748.8,13:40:00,7781.053867875031,2,55
2015-09-02,7761.7,7763.25,7755.55,7755.55,13:45:00,7779.210642363123,2,56
2015-09-02,7753.95,7767.2,7753.95,7761.35,13:50:00,7776.804866899969,2,57
2015-09-02,7754.3,7754.3,7750.8,7750.8,13:55:00,7774.661546242829,2,58
2015-09-02,7747.55,7760.1,7747.55,7755.25,14:00:00,7772.079494219703,2,59
2015-09-02,7746.8,7750.15,7739.35,7750.15,14:05:00,7769.671923341636,2,60
2015-09-02,7757.6,7757.6,7749.4,7753.0,14:10:00,7768.522216356719,2,61
2015-09-02,7758.0,7761.8,7756.25,7756.25,14:15:00,7767.520100513222,2,62
2015-09-02,7765.0,7765.0,7760.2,7760.2,14:20:00,7767.280090940534,2,63
2015-09-02,7762.65,7768.4,7762.3,7768.4,14:25:00,7766.839129898579,2,64
2015-09-02,7755.05,7764.4,7754.0,7764.4,14:30:00,7765.716355622523,2,65
2015-09-02,7754.45,7756.05,7747.4,7756.05,14:35:00,7764.643369372759,2,66
2015-09-02,7742.15,7749.35,7738.35,7748.35,14:40:00,7762.501143718209,2,67
2015-09-02,7741.5,7747.45,7741.5,7746.8,14:45:00,7760.501034792665,2,68
2015-09-02,7729.15,7752.35,7729.15,7745.55,14:50:00,7757.515221955269,2,69
2015-09-02,7721.5,7733.85,7721.5,7732.3,14:55:00,7754.085200816672,2,70
2015-09-02,7718.2,7726.05,7713.65,7726.05,15:00:00,7750.667562643655,2,71
2015-09-02,7705.05,7710.8,7702.25,7710.8,15:05:00,7746.323032868069,2,72
2015-09-02,7718.2,7719.75,7714.15,7714.15,15:10:00,7743.644648785396,2,73
2015-09-02,7723.2,7729.2,7720.65,7720.65,15:15:00,7741.697539377264,2,74
2015-09-02,7728.2,7728.4,7726.15,7728.4,15:20:00,7740.412059436571,2,75
2015-09-02,7725.75,7727.05,7715.8,7727.05,15:25:00,7739.015672823565,2,76
2015-09-03,7774.45,7774.45,7774.45,7774.45,09:10:00,7742.390370649892,3,1
2015-09-03,7776.1,7776.1,7772.6,7774.45,09:15:00,7745.600811540378,3,2
2015-09-03,7773.0,7774.15,7763.2,7774.15,09:20:00,7748.210258060342,3,3
2015-09-03,7764.75,7768.8,7757.9,7768.8,09:25:00,7749.785471578405,3,4
2015-09-03,7774.35,7774.35,7767.05,7767.05,09:30:00,7752.124950475701,3,5
2015-09-03,7774.1,7780.5,7774.1,7780.5,09:35:00,7754.217812335158,3,6
2015-09-03,7766.55,7774.1,7765.5,7771.0,09:40:00,7755.392306398477,3,7
2015-09-03,7770.65,7770.65,7764.85,7769.4,09:45:00,7756.845420074812,3,8
2015-09-03,7780.9,7781.2,7774.15,7774.15,09:50:00,7759.136332448639,3,9
2015-09-03,7793.65,7794.45,7788.9,7791.7,09:55:00,7762.423348405911,3,10
2015-09-03,7798.35,7804.35,7793.7,7804.35,10:00:00,7765.844934272015,3,11
2015-09-03,7804.5,7804.5,7793.25,7793.25,10:05:00,7769.526369103252,3,12
2015-09-03,7805.65,7805.65,7799.6,7803.25,10:10:00,7772.966714902942,3,13
2015-09-03,7808.7,7811.2,7806.25,7807.15,10:15:00,7776.369884912186,3,14
2015-09-03,7793.45,7807.85,7793.45,7807.85,10:20:00,7777.996562539597,3,15
2015-09-03,7796.85,7802.35,7796.65,7796.65,10:25:00,7779.792128012016,3,16
2015-09-03,7795.25,7797.85,7793.65,7796.95,10:30:00,7781.264306296585,3,17
2015-09-03,7797.2,7797.2,7788.85,7788.85,10:35:00,7782.781991411196,3,18
2015-09-03,7791.1,7793.15,7791.0,7792.95,10:40:00,7783.574182705368,3,19
2015-09-03,7787.05,7791.9,7783.8,7791.9,10:45:00,7783.905212923904,3,20
2015-09-03,7789.2,7792.0,7789.2,7790.8,10:50:00,7784.409478359723,3,21
2015-09-03,7799.05,7799.05,7790.45,7790.45,10:55:00,7785.803813754035,3,22
2015-09-03,7801.3,7801.3,7800.05,7800.25,11:00:00,7787.279641015556,3,23
2015-09-03,7804.55,7808.05,7800.9,7800.9,11:05:00,7788.924437109313,3,24
2015-09-03,7800.4,7800.4,7793.2,7800.15,11:10:00,7790.017347860807,3,25
2015-09-03,7793.05,7803.65,7793.05,7799.4,11:15:00,7790.306171874063,3,26
2015-09-03,7797.15,7797.15,7793.4,7796.35,11:20:00,7790.957965028913,3,27
2015-09-03,7797.5,7798.45,7794.85,7797.35,11:25:00,7791.581015978541,3,28
2015-09-03,7797.15,7798.4,7795.2,7795.4,11:30:00,7792.111395409155,3,29
2015-09-03,7802.9,7803.9,7799.7,7799.7,11:35:00,7793.138881560664,3,30
2015-09-03,7800.45,7802.7,7800.15,7802.7,11:40:00,7793.835178554887,3,31
2015-09-03,7797.25,7802.85,7796.95,7800.55,11:45:00,7794.160399644898,3,32
2015-09-03,7800.85,7800.85,7798.0,7798.1,11:50:00,7794.797504440621,3,33
2015-09-03,7806.6,7806.6,7800.75,7800.75,11:55:00,7795.921551636753,3,34
2015-09-03,7803.65,7807.65,7803.65,7806.85,12:00:00,7796.657594338015,3,35
2015-09-03,7792.25,7801.6,7791.9,7801.6,12:05:00,7796.23782344868,3,36
2015-09-03,7794.9,7794.9,7786.45,7790.75,12:10:00,7796.110411691663,3,37
2015-09-03,7790.65,7797.7,7790.65,7797.7,12:15:00,7795.590372482933,3,38
2015-09-03,7790.55,7792.2,7786.2,7792.2,12:20:00,7795.110337008367,3,39
2015-09-03,7778.45,7788.3,7778.45,7788.3,12:25:00,7793.523638245666,3,40
2015-09-03,7782.75,7782.75,7765.25,7773.4,12:30:00,7792.4975774603645,3,41
2015-09-03,7787.15,7788.45,7779.5,7779.5,12:35:00,7791.988284368901,3,42
2015-09-03,7783.7,7790.25,7783.7,7787.25,12:40:00,7791.198923952816,3,43
2015-09-03,7790.15,7790.15,7786.0,7786.0,12:45:00,7791.0990264335005,3,44
2015-09-03,7799.05,7799.05,7794.1,7794.1,12:50:00,7791.8562620112625,3,45
2015-09-03,7795.75,7795.75,7793.2,7795.4,12:55:00,7792.227094200666,3,46
2015-09-03,7792.85,7795.5,7792.85,7793.7,13:00:00,7792.286418562508,3,47
2015-09-03,7792.85,7795.25,7792.5,7794.9,13:05:00,7792.340092985126,3,48
2015-09-03,7800.9,7800.9,7793.55,7794.0,13:10:00,7793.155322224637,3,49
2015-09-03,7810.0,7814.6,7798.9,7799.2,13:15:00,7794.759577250863,3,50
2015-09-03,7821.55,7821.55,7809.3,7809.3,13:20:00,7797.311046084114,3,51
2015-09-03,7825.2,7825.5,7819.0,7820.35,13:25:00,7799.967136933246,3,52
2015-09-03,7833.75,7833.75,7824.25,7824.25,13:30:00,7803.184552463414,3,53
2015-09-03,7828.05,7834.4,7825.55,7834.4,13:35:00,7805.552690324041,3,54
2015-09-03,7833.15,7839.25,7826.55,7826.55,13:40:00,7808.181005531274,3,55
2015-09-03,7832.3,7838.35,7832.3,7833.7,13:45:00,7810.4780526235345,3,56
2015-09-03,7825.75,7832.35,7825.75,7830.1,13:50:00,7811.932523802246,3,57
2015-09-03,7823.35,7829.05,7822.2,7822.2,13:55:00,7813.019902487746,3,58
2015-09-03,7829.9,7829.9,7825.95,7825.95,14:00:00,7814.627530822246,3,59
2015-09-03,7831.8,7834.3,7829.6,7834.3,14:05:00,7816.26300407727,3,60
2015-09-03,7844.55,7844.55,7833.95,7833.95,14:10:00,7818.957003688959,3,61
2015-09-03,7841.1,7841.9,7838.25,7841.9,14:15:00,7821.065860480487,3,62
2015-09-03,7836.9,7845.35,7836.9,7843.35,14:20:00,7822.5738737680595,3,63
2015-09-03,7841.15,7841.15,7833.95,7836.85,14:25:00,7824.343028647291,3,64
2015-09-03,7836.7,7843.35,7836.7,7843.35,14:30:00,7825.519883061836,3,65
2015-09-03,7836.95,7836.95,7832.6,7835.05,14:35:00,7826.608465627375,3,66
2015-09-03,7826.55,7836.3,7826.55,7836.25,14:40:00,7826.602897472387,3,67
2015-09-03,7827.05,7830.55,7825.8,7825.8,14:45:00,7826.645478665493,3,68
2015-09-03,7826.25,7828.95,7825.2,7825.8,14:50:00,7826.6078140306845,3,69
2015-09-03,7828.6,7828.6,7824.25,7824.6,14:55:00,7826.797546027762,3,70
2015-09-03,7815.15,7829.7,7815.15,7829.3,15:00:00,7825.68825592988,3,71
2015-09-03,7815.9,7821.55,7815.65,7815.65,15:05:00,7824.756041079416,3,72
2015-09-03,7818.2,7818.2,7813.45,7816.85,15:10:00,7824.131656214709,3,73
2015-09-03,7829.2,7831.45,7823.05,7823.05,15:15:00,7824.614355622833,3,74
2015-09-03,7822.75,7826.9,7822.75,7825.0,15:20:00,7824.436797944467,3,75
2015-09-03,7828.2,7828.2,7819.15,7821.85,15:25:00,7824.795198140232,3,76
2015-09-04,7803.4,7803.4,7803.4,7803.4,09:10:00,7822.757560222115,4,1
2015-09-04,7754.9,7803.4,7754.8,7803.4,09:15:00,7816.294935439057,4,2
2015-09-04,7745.3,7765.05,7737.9,7765.05,09:20:00,7809.533513016289,4,3
2015-09-04,7748.5,7758.05,7748.5,7755.0,09:25:00,7803.720797490928,4,4
2015-09-04,7716.15,7751.5,7716.15,7751.5,09:30:00,7795.380721539411,4,5
2015-09-04,7697.2,7715.7,7688.7,7715.7,09:35:00,7786.030176630896,4,6
2015-09-04,7674.6,7697.9,7661.15,7697.9,09:40:00,7775.417778856525,4,7
2015-09-04,7673.8,7683.3,7666.9,7666.9,09:45:00,7765.739895155903,4,8
2015-09-04,7673.2,7684.6,7673.2,7680.3,09:50:00,7756.926571807722,4,9
2015-09-04,7663.6,7672.15,7663.6,7671.1,09:55:00,7748.038326873653,4,10
2015-09-04,7657.7,7659.9,7646.8,7648.25,10:00:00,7739.43467669521,4,11
2015-09-04,7660.85,7666.3,7657.4,7657.4,10:05:00,7731.950421771858,4,12
2015-09-04,7660.2,7665.25,7655.9,7655.9,10:10:00,7725.117048269776,4,13
2015-09-04,7678.3,7678.3,7667.6,7667.6,10:15:00,7720.658281767893,4,14
2015-09-04,7670.0,7682.5,7665.6,7682.5,10:20:00,7715.833683504285,4,15
2015-09-04,7674.2,7674.8,7667.8,7667.8,10:25:00,7711.868570789591,4,16
2015-09-04,7678.4,7680.2,7677.35,7678.8,10:30:00,7708.681087857249,4,17
2015-09-04,7669.25,7673.55,7667.95,7673.55,10:35:00,7704.925746156558,4,18
2015-09-04,7671.4,7677.3,7671.4,7677.3,10:40:00,7701.7328179511715,4,19
2015-09-04,7660.4,7673.5,7660.4,7671.6,10:45:00,7697.796359098679,4,20
2015-09-04,7645.3,7660.15,7645.3,7660.15,10:50:00,7692.796705851186,4,21
2015-09-04,7660.85,7660.85,7647.75,7647.75,10:55:00,7689.754162436788,4,22
2015-09-04,7657.75,7660.2,7656.25,7660.2,11:00:00,7686.706146966618,4,23
2015-09-04,7660.3,7663.7,7660.3,7661.5,11:05:00,7684.19127582694,4,24
2015-09-04,7670.3,7672.5,7663.05,7663.05,11:10:00,7682.868297176755,4,25
2015-09-04,7683.3,7689.95,7673.4,7673.4,11:15:00,7682.90941173135,4,26
2015-09-04,7691.85,7693.5,7685.6,7693.5,11:20:00,7683.760896328365,4,27
2015-09-04,7685.35,7691.95,7685.35,7691.95,11:25:00,7683.912239535187,4,28
2015-09-04,7670.55,7684.1,7668.25,7684.1,11:30:00,7682.639645293741,4,29
2015-09-04,7668.05,7677.0,7664.9,7677.0,11:35:00,7681.250155265766,4,30
2015-09-04,7664.3,7668.4,7663.25,7668.4,11:40:00,7679.635854764265,4,31
2015-09-04,7678.0,7678.0,7668.15,7668.15,11:45:00,7679.480059072431,4,32
2015-09-04,7674.75,7683.0,7674.75,7676.7,11:50:00,7679.029577256009,4,33
2015-09-04,7667.55,7673.4,7667.55,7673.35,11:55:00,7677.936284184008,4,34
2015-09-04,7676.0,7679.7,7672.6,7672.6,12:00:00,7677.751876166484,4,35
2015-09-04,7678.75,7678.75,7677.05,7677.05,12:05:00,7677.8469355792,4,36
2015-09-04,7674.85,7682.15,7674.85,7678.25,12:10:00,7677.561513143086,4,37
2015-09-04,7667.0,7670.95,7667.0,7668.9,12:15:00,7676.555654748507,4,38
2015-09-04,7667.85,7675.05,7665.3,7665.3,12:20:00,7675.726544772458,4,39
2015-09-04,7664.4,7668.7,7664.4,7667.3,12:25:00,7674.6478262227,4,40
2015-09-04,7658.7,7665.75,7658.7,7665.2,12:30:00,7673.128985630062,4,41
2015-09-04,7662.9,7663.4,7661.6,7662.4,12:35:00,7672.154796522437,4,42
2015-09-04,7648.65,7657.6,7648.65,7653.9,12:40:00,7669.916244472682,4,43
2015-09-04,7645.35,7653.1,7645.35,7651.4,12:45:00,7667.57660214195,4,44
2015-09-04,7639.65,7647.75,7637.8,7647.75,12:50:00,7664.916925747479,4,45
2015-09-04,7643.75,7649.8,7641.5,7645.4,12:55:00,7662.901028057243,4,46
2015-09-04,7641.95,7647.7,7641.95,7647.7,13:00:00,7660.905692051791,4,47
2015-09-04,7650.35,7650.35,7641.9,7641.9,13:05:00,7659.900388046859,4,48
2015-09-04,7645.9,7648.85,7643.5,7648.3,13:10:00,7658.567017756682,4,49
2015-09-04,7654.35,7654.35,7647.15,7647.15,13:15:00,7658.16539701795,4,50
2015-09-04,7667.95,7667.95,7661.15,7661.15,13:20:00,7659.097263968621,4,51
2015-09-04,7669.95,7669.95,7663.85,7668.1,13:25:00,7660.130857876371,4,52
2015-09-04,7655.35,7668.75,7655.35,7667.25,13:30:00,7659.675538078621,4,53
2015-09-04,7652.45,7657.4,7652.2,7652.2,13:35:00,7658.987391594943,4,54
2015-09-04,7652.85,7652.85,7647.6,7650.3,13:40:00,7658.402878109709,4,55
2015-09-04,7651.85,7657.85,7651.85,7655.45,13:45:00,7657.778794480213,4,56
2015-09-04,7630.85,7650.75,7630.85,7650.75,13:50:00,7655.21414738686,4,57
2015-09-04,7637.2,7637.2,7628.35,7633.25,13:55:00,7653.498514302397,4,58
2015-09-04,7636.0,7642.15,7635.75,7642.05,14:00:00,7651.83198913074,4,59
2015-09-04,7633.6,7634.05,7631.65,7631.65,14:05:00,7650.095609213527,4,60
2015-09-04,7633.9,7633.9,7629.4,7633.75,14:10:00,7648.55317024081,4,61
2015-09-04,7636.5,7640.25,7636.5,7638.1,14:15:00,7647.405249265494,4,62
2015-09-04,7639.35,7639.35,7630.2,7630.9,14:20:00,7646.63808266878,4,63
2015-09-04,7652.25,7653.25,7646.4,7652.25,14:25:00,7647.172550986039,4,64
2015-09-04,7652.25,7655.0,7648.85,7655.0,14:30:00,7647.656117558798,4,65
2015-09-04,7661.4,7661.4,7650.9,7650.9,14:35:00,7648.965058743674,4,66
2015-09-04,7649.0,7657.9,7647.5,7657.9,14:40:00,7648.968386482372,4,67
2015-09-04,7657.65,7657.8,7652.2,7652.2,14:45:00,7649.795206817384,4,68
2015-09-04,7640.85,7657.4,7640.85,7657.4,14:50:00,7648.943282358586,4,69
2015-09-04,7661.75,7661.75,7649.05,7649.05,14:55:00,7650.162969753006,4,70
2015-09-04,7662.65,7664.5,7661.95,7663.7,15:00:00,7651.35221072891,4,71
2015-09-04,7651.55,7661.4,7651.55,7661.4,15:05:00,7651.371047802348,4,72
2015-09-04,7655.2,7658.25,7650.4,7650.4,15:10:00,7651.73570991641,4,73
2015-09-04,7652.65,7655.35,7649.85,7655.35,15:15:00,7651.822785162466,4,74
2015-09-04,7653.7,7654.2,7650.85,7652.6,15:20:00,7652.001567527946,4,75
2015-09-04,7650.55,7655.1,7650.55,7653.35,15:25:00,7651.863323001475,4,76
2015-09-07,7685.85,7685.85,7685.85,7685.85,09:10:00,7655.100149382287,0,1
2015-09-07,7666.15,7690.65,7647.4,7690.65,09:15:00,7656.152516107783,0,2
2015-09-07,7678.8,7681.4,7672.7,7673.15,09:20:00,7658.309419335614,0,3
2015-09-07,7691.7,7701.2,7691.7,7697.2,09:25:00,7661.489474636985,0,4
2015-09-07,7680.8,7700.5,7680.8,7700.5,09:30:00,7663.328572290605,0,5
2015-09-07,7667.45,7685.25,7666.8,7685.25,09:35:00,7663.72108921531,0,6
2015-09-07,7655.95,7672.1,7654.7,7672.1,09:40:00,7662.980985480518,0,7
2015-09-07,7638.65,7654.95,7638.65,7654.95,09:45:00,7660.663748768088,0,8
2015-09-07,7615.85,7641.2,7615.85,7640.6,09:50:00,7656.395772694937,0,9
2015-09-07,7623.05,7623.05,7613.85,7613.85,09:55:00,7653.219984819229,0,10
2015-09-07,7622.25,7624.2,7617.25,7624.2,10:00:00,7650.270462455493,0,11
2015-09-07,7625.1,7627.7,7621.85,7627.7,10:05:00,7647.873275554969,0,12
2015-09-07,7632.3,7632.3,7620.2,7620.2,10:10:00,7646.390106454495,0,13
2015-09-07,7657.05,7657.05,7642.35,7642.35,10:15:00,7647.40533441121,0,14
2015-09-07,7653.1,7653.1,7644.55,7647.05,10:20:00,7647.947683514904,0,15
2015-09-07,7657.75,7657.75,7647.4,7647.4,10:25:00,7648.8812374658655,0,16
2015-09-07,7638.05,7657.6,7638.05,7657.3,10:30:00,7647.849691040545,0,17
2015-09-07,7642.3,7645.2,7637.85,7637.85,10:35:00,7647.321149036683,0,18
2015-09-07,7644.9,7644.9,7638.35,7641.85,10:40:00,7647.090563414142,0,19
2015-09-07,7640.3,7643.4,7639.8,7643.4,10:45:00,7646.443843088985,0,20
2015-09-07,7635.1,7637.3,7629.85,7629.85,10:50:00,7645.36347708051,0,21
2015-09-07,7639.8,7642.0,7636.5,7636.5,10:55:00,7644.833622120462,0,22
2015-09-07,7644.85,7644.85,7640.1,7640.1,11:00:00,7644.835181918513,0,23
2015-09-07,7648.05,7648.05,7642.45,7642.45,11:05:00,7645.14135506913,0,24
2015-09-07,7647.55,7649.2,7645.6,7646.55,11:10:00,7645.370749824451,0,25
2015-09-07,7642.7,7653.9,7642.7,7646.9,11:15:00,7645.116392698313,0,26
2015-09-07,7625.0,7638.9,7625.0,7638.9,11:20:00,7643.200545774664,0,27
2015-09-07,7628.55,7639.0,7625.3,7625.3,11:25:00,7641.805255700886,0,28
2015-09-07,7638.15,7638.15,7631.95,7631.95,11:30:00,7641.457136110325,0,29
2015-09-07,7636.6,7639.4,7636.6,7637.1,11:35:00,7640.994551718866,0,30
2015-09-07,7638.2,7638.2,7634.1,7637.4,11:40:00,7640.728403936117,0,31
2015-09-07,7633.7,7636.3,7631.25,7636.3,11:45:00,7640.059032132676,0,32
2015-09-07,7630.05,7632.6,7630.05,7632.6,11:50:00,7639.105790977183,0,33
2015-09-07,7635.75,7636.1,7628.65,7628.65,11:55:00,7638.786191836499,0,34
2015-09-07,7644.95,7644.95,7635.45,7635.45,12:00:00,7639.373221185403,0,35
2015-09-07,7649.5,7653.95,7645.95,7645.95,12:05:00,7640.337676310603,0,36
2015-09-07,7642.0,7649.75,7642.0,7649.75,12:10:00,7640.49599285245,0,37
2015-09-07,7639.8,7643.05,7639.8,7643.05,12:15:00,7640.429707818884,0,38
2015-09-07,7643.2,7644.1,7639.3,7639.3,12:20:00,7640.693545169466,0,39
2015-09-07,7638.2,7644.15,7638.2,7643.25,12:25:00,7640.456064677136,0,40
2015-09-07,7642.6,7643.2,7640.05,7641.05,12:30:00,7640.660248993599,0,41
2015-09-07,7649.5,7649.5,7645.5,7647.2,12:35:00,7641.5021300418275,0,42
2015-09-07,7638.5,7643.9,7638.5,7643.85,12:40:00,7641.216212894988,0,43
2015-09-07,7639.25,7640.95,7638.4,7638.4,12:45:00,7641.028954524037,0,44
2015-09-07,7640.75,7640.75,7637.75,7639.1,12:50:00,7641.002387426509,0,45
2015-09-07,7642.2,7642.2,7640.25,7642.05,12:55:00,7641.116445766841,0,46
2015-09-07,7632.3,7642.8,7632.3,7642.8,13:00:00,7640.276784265237,0,47
2015-09-07,7631.35,7634.2,7631.35,7632.8,13:05:00,7639.426614335215,0,48
2015-09-07,7627.15,7629.55,7627.15,7629.55,13:10:00,7638.257412969956,0,49
2015-09-07,7630.15,7630.15,7623.3,7625.0,13:15:00,7637.485278401389,0,50
2015-09-07,7627.7,7630.4,7626.8,7629.6,13:20:00,7636.553347125066,0,51
2015-09-07,7625.65,7628.2,7625.65,7628.2,13:25:00,7635.514933113155,0,52
2015-09-07,7622.3,7622.3,7617.9,7619.9,13:30:00,7634.256368054759,0,53
2015-09-07,7622.6,7623.1,7620.1,7621.05,13:35:00,7633.146237763829,0,54
2015-09-07,7623.6,7623.6,7621.2,7621.2,13:40:00,7632.237072262512,0,55
2015-09-07,7620.55,7623.55,7620.55,7623.55,13:45:00,7631.12401776132,0,56
2015-09-07,7627.05,7627.05,7621.35,7621.35,13:50:00,7630.736016069765,0,57
2015-09-07,7636.8,7638.15,7630.4,7630.4,13:55:00,7631.313538348835,0,58
2015-09-07,7628.4,7631.7,7627.85,7631.45,14:00:00,7631.036058506089,0,59
2015-09-07,7624.25,7628.7,7623.2,7628.7,14:05:00,7630.389767219794,0,60
2015-09-07,7614.75,7624.1,7614.75,7624.1,14:10:00,7628.900265579814,0,61
2015-09-07,7613.8,7615.55,7612.6,7613.95,14:15:00,7627.462145048403,0,62
2015-09-07,7607.05,7611.05,7605.2,7610.75,14:20:00,7625.518131234269,0,63
2015-09-07,7599.5,7604.8,7595.8,7604.8,14:25:00,7623.040213973863,0,64
2015-09-07,7586.85,7596.55,7586.85,7596.55,14:30:00,7619.593526928733,0,65
2015-09-07,7586.6,7586.6,7578.1,7578.1,14:35:00,7616.451286268853,0,66
2015-09-07,7586.2,7591.85,7580.65,7588.25,14:40:00,7613.570211386105,0,67
2015-09-07,7581.5,7589.7,7581.5,7585.15,14:45:00,7610.51590553981,0,68
2015-09-07,7584.55,7590.9,7584.55,7588.85,14:50:00,7608.042962155066,0,69
2015-09-07,7582.0,7584.4,7577.9,7584.4,14:55:00,7605.562680045059,0,70
2015-09-07,7576.8,7581.65,7575.55,7581.65,15:00:00,7602.823377183625,0,71
2015-09-07,7558.0,7575.95,7558.0,7575.95,15:05:00,7598.554484118517,0,72
2015-09-07,7555.75,7563.8,7551.45,7551.45,15:10:00,7594.47786658342,0,73
2015-09-07,7556.8,7560.6,7555.65,7560.6,15:15:00,7590.88949833738,0,74
2015-09-07,7558.9,7564.4,7558.15,7560.3,15:20:00,7587.842879448106,0,75
2015-09-07,7548.9,7554.0,7548.6,7553.95,15:25:00,7584.134033786381,0,76
2015-09-08,7587.7,7587.7,7587.7,7587.7,09:10:00,7584.4736496162495,1,1
2015-09-08,7567.05,7587.7,7545.45,7587.7,09:15:00,7582.814254414702,1,2
2015-09-08,7587.6,7591.55,7575.3,7575.3,09:20:00,7583.27003970854,1,3
2015-09-08,7567.25,7592.35,7567.25,7592.35,09:25:00,7581.74432164106,1,4
2015-09-08,7567.3,7575.45,7566.75,7571.3,09:30:00,7580.36867196096,1,5
2015-09-08,7566.15,7573.1,7565.3,7573.1,09:35:00,7579.014512726582,1,6
2015-09-08,7574.95,7574.95,7565.55,7570.75,09:40:00,7578.627416276432,1,7
2015-09-08,7585.25,7585.75,7576.95,7578.2,09:45:00,7579.258138535819,1,8
2015-09-08,7587.55,7597.55,7587.55,7592.7,09:50:00,7580.047839627646,1,9
2015-09-08,7579.7,7585.8,7579.7,7585.8,09:55:00,7580.014712044061,1,10
2015-09-08,7561.3,7573.6,7561.1,7573.6,10:00:00,7578.232358516055,1,11
2015-09-08,7559.65,7565.5,7555.5,7555.5,10:05:00,7576.462610085954,1,12
2015-09-08,7563.6,7567.75,7561.9,7567.3,10:10:00,7575.237599601578,1,13
2015-09-08,7574.7,7574.7,7562.75,7562.75,10:15:00,7575.186399639522,1,14
2015-09-08,7581.2,7584.4,7578.55,7578.55,10:20:00,7575.759123483377,1,15
2015-09-08,7596.05,7596.05,7583.6,7584.25,10:25:00,7577.691587913532,1,16
2015-09-08,7584.7,7592.25,7584.7,7592.25,10:30:00,7578.359055731292,1,17
2015-09-08,7588.35,7589.8,7583.55,7583.55,10:35:00,7579.310574233074,1,18
2015-09-08,7576.45,7585.95,7576.45,7585.55,10:40:00,7579.038138591828,1,19
2015-09-08,7574.4,7576.1,7573.45,7575.55,10:45:00,7578.596411106892,1,20
2015-09-08,7572.95,7576.2,7571.8,7574.05,10:50:00,7578.058657668141,1,21
2015-09-08,7561.95,7572.6,7561.95,7572.6,10:55:00,7576.524499794985,1,22
2015-09-08,7547.0,7559.4,7547.0,7559.05,11:00:00,7573.712642671653,1,23
2015-09-08,7551.5,7551.5,7543.1,7544.8,11:05:00,7571.597152893401,1,24
2015-09-08,7556.15,7558.9,7554.0,7558.9,11:10:00,7570.125995474981,1,25
2015-09-08,7567.05,7567.05,7559.95,7560.2,11:15:00,7569.833043524984,1,26
2015-09-08,7577.7,7581.5,7567.25,7568.25,11:20:00,7570.582277474985,1,27
2015-09-08,7575.7,7577.2,7571.1,7571.1,11:25:00,7571.069679620225,1,28
2015-09-08,7569.15,7575.7,7567.8,7575.7,11:30:00,7570.886852989727,1,29
2015-09-08,7568.25,7568.25,7559.3,7562.95,11:35:00,7570.635724133563,1,30
2015-09-08,7595.0,7595.0,7573.0,7573.0,11:40:00,7572.9561313589375,1,31
2015-09-08,7587.5,7590.55,7585.45,7590.55,11:45:00,7574.341261705706,1,32
2015-09-08,7612.15,7612.15,7590.35,7590.35,11:50:00,7577.942093924209,1,33
2015-09-08,7606.15,7617.2,7606.15,7613.8,11:55:00,7580.628561169522,1,34
2015-09-08,7623.0,7623.0,7609.2,7609.2,12:00:00,7584.663936296234,1,35
2015-09-08,7611.6,7620.4,7610.0,7620.4,12:05:00,7587.2292756965935,1,36
2015-09-08,7617.9,7617.9,7611.95,7612.5,12:10:00,7590.150297058823,1,37
2015-09-08,7621.2,7628.4,7620.85,7622.15,12:15:00,7593.107411624649,1,38
2015-09-08,7615.15,7616.8,7610.45,7616.8,12:20:00,7595.206705755635,1,39
2015-09-08,7612.55,7617.75,7610.95,7615.1,12:25:00,7596.858448064622,1,40
2015-09-08,7628.1,7628.1,7613.0,7613.0,12:30:00,7599.83383396323,1,41
2015-09-08,7619.65,7625.65,7619.65,7625.65,12:35:00,7601.721087871494,1,42
2015-09-08,7619.5,7621.95,7618.0,7619.45,12:40:00,7603.414317598019,1,43
2015-09-08,7634.7,7634.7,7623.55,7623.55,12:45:00,7606.393906398208,1,44
2015-09-08,7640.8,7640.8,7630.35,7630.35,12:50:00,7609.670677217427,1,45
2015-09-08,7634.0,7640.8,7634.0,7639.3,12:55:00,7611.987755577672,1,46
2015-09-08,7654.4,7654.4,7635.25,7635.25,13:00:00,7616.027016951227,1,47
2015-09-08,7651.35,7652.8,7651.35,7652.35,13:05:00,7619.391110574919,1,48
2015-09-08,7654.55,7654.55,7645.85,7645.85,13:10:00,7622.73957623445,1,49
2015-09-08,7645.4,7650.65,7644.3,7650.65,13:15:00,7624.8977118311695,1,50
2015-09-08,7642.05,7642.15,7638.05,7638.5,13:20:00,7626.531263085344,1,51
2015-09-08,7645.0,7649.8,7641.05,7641.05,13:25:00,7628.290190410549,1,52
2015-09-08,7660.85,7660.85,7643.9,7643.9,13:30:00,7631.391124657164,1,53
2015-09-08,7657.75,7658.1,7656.55,7658.1,13:35:00,7633.901493737434,1,54
2015-09-08,7641.7,7654.35,7641.7,7654.35,13:40:00,7634.644208619583,1,55
2015-09-08,7644.1,7647.6,7641.05,7647.6,13:45:00,7635.544760179622,1,56
2015-09-08,7652.4,7656.15,7644.8,7644.8,13:50:00,7637.150021114897,1,57
2015-09-08,7657.4,7661.9,7653.6,7656.45,13:55:00,7639.078590532526,1,58
2015-09-08,7673.3,7673.3,7656.5,7656.5,14:00:00,7642.3377723865715,1,59
2015-09-08,7673.45,7674.45,7668.45,7672.2,14:05:00,7645.300841683089,1,60
2015-09-08,7684.2,7684.2,7670.65,7673.3,14:10:00,7649.005523427557,1,61
2015-09-08,7694.25,7694.25,7682.75,7686.55,14:15:00,7653.31452119636,1,62
2015-09-08,7687.35,7690.95,7687.35,7689.95,14:20:00,7656.555995368135,1,63
2015-09-08,7703.05,7704.0,7691.15,7691.15,14:25:00,7660.983995809265,1,64
2015-09-08,7712.1,7716.3,7708.45,7708.45,14:30:00,7665.852186684574,1,65
2015-09-08,7711.6,7711.6,7700.15,7706.9,14:35:00,7670.209121286043,1,66
2015-09-08,7706.65,7711.0,7705.85,7711.0,14:40:00,7673.679681163562,1,67
2015-09-08,7705.15,7709.35,7705.15,7706.0,14:45:00,7676.67685438608,1,68
2015-09-08,7705.7,7710.4,7703.4,7703.4,14:50:00,7679.440963492168,1,69
2015-09-08,7706.8,7708.85,7704.45,7704.45,14:55:00,7682.046586016723,1,70
2015-09-08,7700.35,7703.9,7689.0,7703.9,15:00:00,7683.789768300845,1,71
2015-09-08,7690.1,7691.55,7687.9,7691.55,15:05:00,7684.390742748384,1,72
2015-09-08,7680.85,7686.0,7677.9,7685.6,15:10:00,7684.0535291533,1,73
2015-09-08,7684.9,7684.9,7673.65,7679.75,15:15:00,7684.134145424414,1,74
2015-09-08,7694.8,7696.4,7684.95,7684.95,15:20:00,7685.149941098279,1,75
2015-09-08,7699.4,7699.4,7694.3,7697.1,15:25:00,7686.507089565109,1,76
2015-09-09,7805.85,7805.85,7805.85,7805.85,09:10:00,7697.873081035099,2,1
2015-09-09,7808.4,7814.55,7806.1,7806.1,09:15:00,7708.399454269851,2,2
2015-09-09,7803.0,7803.65,7796.3,7802.45,09:20:00,7717.409030053674,2,3
2015-09-09,7812.4,7812.4,7804.85,7806.05,09:25:00,7726.455789096182,2,4
2015-09-09,7810.25,7814.0,7810.25,7814.0,09:30:00,7734.436190134641,2,5
2015-09-09,7803.45,7803.85,7796.95,7803.85,09:35:00,7741.008933931342,2,6
2015-09-09,7810.95,7810.95,7803.95,7809.75,09:40:00,7747.669987842642,2,7
2015-09-09,7800.4,7811.6,7800.4,7811.6,09:45:00,7752.6918937623905,2,8
2015-09-09,7797.7,7804.2,7797.7,7798.0,09:50:00,7756.978380070734,2,9
2015-09-09,7793.9,7796.65,7786.85,7792.15,09:55:00,7760.494724825901,2,10
2015-09-09,7791.5,7791.5,7782.5,7787.75,10:00:00,7763.447608175816,2,11
2015-09-09,7791.55,7792.85,7789.85,7792.85,10:05:00,7766.124026444786,2,12
2015-09-09,7802.3,7802.3,7794.85,7794.85,10:10:00,7769.569357259568,2,13
2015-09-09,7794.6,7801.8,7794.6,7801.25,10:15:00,7771.953227996752,2,14
2015-09-09,7794.95,7797.45,7794.95,7796.1,10:20:00,7774.143396758965,2,15
2015-09-09,7801.0,7801.0,7796.75,7797.75,10:25:00,7776.701168496207,2,16
2015-09-09,7795.9,7797.25,7795.3,7796.0,10:30:00,7778.529628639425,2,17
2015-09-09,7787.9,7795.65,7787.9,7795.65,10:35:00,7779.422044959479,2,18
2015-09-09,7782.4,7782.4,7778.65,7780.8,10:40:00,7779.705659725243,2,19
2015-09-09,7774.65,7775.45,7769.7,7775.4,10:45:00,7779.2241683228385,2,20
2015-09-09,7770.5,7773.45,7768.6,7769.25,10:50:00,7778.393295149235,2,21
2015-09-09,7786.35,7786.35,7770.8,7770.8,10:55:00,7779.151076563594,2,22
2015-09-09,7783.05,7787.05,7781.95,7785.2,11:00:00,7779.522402605156,2,23
2015-09-09,7790.05,7790.35,7786.85,7786.85,11:05:00,7780.525030928475,2,24
2015-09-09,7786.35,7789.35,7785.5,7789.35,11:10:00,7781.079789887668,2,25
2015-09-09,7790.95,7792.55,7787.95,7787.95,11:15:00,7782.0198098983665,2,26
2015-09-09,7799.4,7799.4,7793.75,7793.75,11:20:00,7783.675066098523,2,27
2015-09-09,7802.7,7803.9,7796.55,7796.55,11:25:00,7785.48696456533,2,28
2015-09-09,7820.15,7820.15,7802.85,7802.85,11:30:00,7788.788206035298,2,29
2015-09-09,7820.05,7821.65,7815.9,7816.85,11:35:00,7791.765519746222,2,30
2015-09-09,7806.25,7818.05,7806.25,7818.05,11:40:00,7793.144994056105,2,31
2015-09-09,7813.65,7816.8,7807.6,7807.6,11:45:00,7795.097851765047,2,32
2015-09-09,7811.3,7813.7,7811.3,7813.1,11:50:00,7796.640913501709,2,33
2015-09-09,7811.55,7811.6,7808.75,7809.65,11:55:00,7798.060826501546,2,34
2015-09-09,7811.95,7814.2,7811.7,7814.2,12:00:00,7799.383604929971,2,35
2015-09-09,7824.5,7826.45,7816.55,7816.55,12:05:00,7801.775642555688,2,36
2015-09-09,7832.75,7833.25,7825.75,7825.75,12:10:00,7804.725581359909,2,37
2015-09-09,7835.55,7835.55,7831.55,7834.9,12:15:00,7807.661240278013,2,38
2015-09-09,7827.75,7833.5,7827.75,7833.5,12:20:00,7809.574455489631,2,39
2015-09-09,7836.85,7836.85,7830.6,7830.6,12:25:00,7812.17212639538,2,40
2015-09-09,7831.1,7835.05,7829.7,7835.05,12:30:00,7813.974781024392,2,41
2015-09-09,7831.65,7834.1,7830.2,7833.95,12:35:00,7815.658135212545,2,42
2015-09-09,7832.2,7834.7,7832.2,7834.45,12:40:00,7817.233550906589,2,43
2015-09-09,7827.0,7829.0,7825.8,7827.7,12:45:00,7818.163688915485,2,44
2015-09-09,7830.35,7830.35,7823.35,7825.4,12:50:00,7819.324289971153,2,45
2015-09-09,7831.9,7833.25,7830.45,7832.05,12:55:00,7820.521976640567,2,46
2015-09-09,7838.75,7838.75,7832.65,7832.65,13:00:00,7822.257978865276,2,47
2015-09-09,7832.75,7839.2,7831.3,7839.2,13:05:00,7823.257218973345,2,48
2015-09-09,7839.2,7844.2,7836.65,7836.65,13:10:00,7824.775579071121,2,49
2015-09-09,7832.5,7839.2,7832.5,7839.2,13:15:00,7825.511238207205,2,50
2015-09-09,7832.45,7834.05,7831.95,7834.05,13:20:00,7826.172072663661,2,51
2015-09-09,7835.75,7837.1,7831.4,7831.4,13:25:00,7827.084256219503,2,52
2015-09-09,7822.4,7834.0,7822.4,7833.9,13:30:00,7826.6381365795505,2,53
2015-09-09,7817.8,7822.45,7812.45,7822.45,13:35:00,7825.79640928626,2,54
2015-09-09,7820.6,7822.2,7809.95,7809.95,13:40:00,7825.301513163759,2,55
2015-09-09,7820.15,7820.15,7813.75,7816.95,13:45:00,7824.810892862449,2,56
2015-09-09,7824.65,7824.65,7818.25,7822.0,13:50:00,7824.795569732692,2,57
2015-09-09,7810.55,7824.4,7810.55,7824.0,13:55:00,7823.438848805768,2,58
2015-09-09,7809.6,7809.6,7797.65,7809.1,14:00:00,7822.120863205218,2,59
2015-09-09,7786.5,7803.65,7786.5,7801.75,14:05:00,7818.728400042816,2,60
2015-09-09,7796.65,7796.65,7784.5,7784.5,14:10:00,7816.625695276834,2,61
2015-09-09,7802.15,7808.65,7797.95,7797.95,14:15:00,7815.247057631422,2,62
2015-09-09,7797.05,7800.35,7794.3,7800.35,14:20:00,7813.514004523667,2,63
2015-09-09,7807.4,7807.4,7794.35,7794.35,14:25:00,7812.931718378556,2,64
2015-09-09,7816.35,7816.35,7805.9,7810.1,14:30:00,7813.25726900917,2,65
2015-09-09,7819.4,7819.4,7814.2,7814.2,14:35:00,7813.842291008296,2,66
2015-09-09,7819.6,7821.15,7815.85,7820.1,14:40:00,7814.390644245602,2,67
2015-09-09,7825.85,7833.1,7822.45,7822.45,14:45:00,7815.482011460306,2,68
2015-09-09,7830.6,7834.05,7829.3,7829.3,14:50:00,7816.921819892657,2,69
2015-09-09,7823.0,7828.25,7821.75,7827.5,14:55:00,7817.500694188595,2,70
2015-09-09,7822.9,7826.9,7819.5,7822.8,15:00:00,7818.014913789681,2,71
2015-09-09,7824.7,7829.6,7824.7,7827.55,15:05:00,7818.651588666854,2,72
2015-09-09,7829.65,7829.65,7823.05,7823.05,15:10:00,7819.699056412868,2,73
2015-09-09,7821.7,7828.45,7818.0,7828.45,15:15:00,7819.889622468786,2,74
2015-09-09,7807.9,7819.3,7807.9,7817.2,15:20:00,7818.7477536622355,2,75
2015-09-09,7803.75,7806.1,7801.95,7806.1,15:25:00,7817.319396170594,2,76
2015-09-10,7729.05,7729.05,7729.05,7729.05,09:10:00,7808.91278701149,3,1
2015-09-10,7686.55,7721.35,7686.55,7721.35,09:15:00,7797.259188248491,3,2
2015-09-10,7712.75,7712.75,7686.3,7686.3,09:20:00,7789.210694129588,3,3
2015-09-10,7707.6,7711.75,7700.85,7711.75,09:25:00,7781.438247069627,3,4
2015-09-10,7701.5,7707.3,7692.45,7707.3,09:30:00,7773.825080682044,3,5
2015-09-10,7694.7,7694.7,7690.05,7691.95,09:35:00,7766.289358712325,3,6
2015-09-10,7705.45,7705.45,7694.95,7700.8,09:40:00,7760.495134073057,3,7
2015-09-10,7709.6,7709.6,7705.55,7709.0,09:45:00,7755.647978447051,3,8
2015-09-10,7713.0,7715.25,7712.55,7715.05,09:50:00,7751.586266213999,3,9
2015-09-10,7695.9,7709.45,7695.9,7709.45,09:55:00,7746.282812288856,3,10
2015-09-10,7700.65,7700.65,7697.1,7697.5,10:00:00,7741.936830166107,3,11
2015-09-10,7693.5,7701.35,7688.95,7701.35,10:05:00,7737.323798721715,3,12
2015-09-10,7703.3,7703.3,7699.2,7700.3,10:10:00,7734.083436938695,3,13
2015-09-10,7704.25,7704.35,7701.45,7704.35,10:15:00,7731.242157230248,3,14
2015-09-10,7701.4,7705.45,7696.1,7705.45,10:20:00,7728.4000470178435,3,15
2015-09-10,7705.95,7705.95,7701.7,7704.2,10:25:00,7726.261947301858,3,16
2015-09-10,7711.7,7714.15,7707.4,7707.4,10:30:00,7724.875095177871,3,17
2015-09-10,7712.15,7713.2,7707.9,7707.9,10:35:00,7723.663181351408,3,18
2015-09-10,7713.25,7716.35,7712.0,7714.2,10:40:00,7722.67144979413,3,19
2015-09-10,7708.8,7711.95,7704.85,7711.95,10:45:00,7721.350359337546,3,20
2015-09-10,7712.45,7712.45,7707.5,7707.5,10:50:00,7720.502706067304,3,21
2015-09-10,7720.8,7720.8,7714.3,7714.3,10:55:00,7720.53101977518,3,22
2015-09-10,7716.5,7722.45,7716.5,7722.45,11:00:00,7720.147113129924,3,23
2015-09-10,7719.7,7720.6,7713.35,7714.15,11:05:00,7720.104530927074,3,24
2015-09-10,7710.85,7720.6,7710.85,7720.6,11:10:00,7719.223147029257,3,25
2015-09-10,7715.95,7716.15,7710.55,7710.55,11:15:00,7718.911418740757,3,26
2015-09-10,7722.25,7722.25,7714.5,7714.5,11:20:00,7719.229378860685,3,27
2015-09-10,7721.35,7721.35,7715.95,7718.35,11:25:00,7719.431342778715,3,28
2015-09-10,7720.5,7726.05,7720.05,7720.05,11:30:00,7719.533119656933,3,29
2015-09-10,7715.75,7720.55,7715.75,7717.6,11:35:00,7719.172822546749,3,30
2015-09-10,7714.35,7714.35,7712.7,7713.65,11:40:00,7718.713506113725,3,31
2015-09-10,7721.85,7721.85,7714.85,7715.15,11:45:00,7719.01221981718,3,32
2015-09-10,7726.5,7728.7,7721.3,7721.3,11:50:00,7719.725341739354,3,33
2015-09-10,7724.45,7724.55,7720.3,7724.55,11:55:00,7720.175309192749,3,34
2015-09-10,7742.45,7742.45,7728.65,7728.65,12:00:00,7722.29670831725,3,35
2015-09-10,7751.5,7754.2,7742.9,7742.9,12:05:00,7725.077974191798,3,36
2015-09-10,7746.7,7753.2,7746.7,7748.4,12:10:00,7727.137214744959,3,37
2015-09-10,7739.4,7746.35,7738.95,7746.35,12:15:00,7728.305099054963,3,38
2015-09-10,7738.85,7739.1,7733.3,7739.1,12:20:00,7729.309375335442,3,39
2015-09-10,7742.95,7742.95,7739.8,7742.3,12:25:00,7730.608482446353,3,40
2015-09-10,7740.9,7744.15,7740.4,7742.1,12:30:00,7731.588626975273,3,41
2015-09-10,7752.2,7752.2,7742.75,7742.75,12:35:00,7733.55161488239,3,42
2015-09-10,7746.4,7749.4,7746.4,7747.75,12:40:00,7734.775270607876,3,43
2015-09-10,7734.1,7743.15,7734.1,7743.15,12:45:00,7734.710959121412,3,44
2015-09-10,7736.55,7737.3,7733.6,7733.6,12:50:00,7734.886105871754,3,45
2015-09-10,7724.8,7734.9,7724.1,7734.9,12:55:00,7733.925524360158,3,46
2015-09-10,7733.05,7733.05,7728.95,7728.95,13:00:00,7733.842141087763,3,47
2015-09-10,7743.3,7743.3,7734.35,7736.4,13:05:00,7734.742889555595,3,48
2015-09-10,7744.45,7744.45,7739.4,7743.55,13:10:00,7735.667376264586,3,49
2015-09-10,7742.5,7747.35,7740.95,7747.35,13:15:00,7736.318102334625,3,50
2015-09-10,7752.15,7753.1,7741.95,7741.95,13:20:00,7737.82590211228,3,51
2015-09-10,7772.4,7772.4,7753.0,7753.9,13:25:00,7741.118673339683,3,52
2015-09-10,7763.95,7766.85,7759.45,7766.85,13:30:00,7743.29308540257,3,53
2015-09-10,7761.45,7765.9,7760.35,7760.35,13:35:00,7745.02231536423,3,54
2015-09-10,7752.4,7759.55,7752.4,7759.55,13:40:00,7745.724951996208,3,55
2015-09-10,7765.55,7765.55,7751.15,7751.15,13:45:00,7747.613051806093,3,56
2015-09-10,7766.3,7770.5,7761.75,7761.75,13:50:00,7749.392761157893,3,57
2015-09-10,7738.2,7763.5,7738.2,7763.5,13:55:00,7748.32678390476,3,58
2015-09-10,7727.4,7740.8,7722.85,7738.6,14:00:00,7746.333756866212,3,59
2015-09-10,7726.6,7732.6,7723.15,7723.15,14:05:00,7744.454351450382,3,60
2015-09-10,7727.95,7735.8,7726.6,7727.05,14:10:00,7742.882508455108,3,61
2015-09-10,7729.5,7733.15,7725.85,7733.15,14:15:00,7741.607983840336,3,62
2015-09-10,7741.7,7741.7,7731.2,7733.85,14:20:00,7741.616747284113,3,63
2015-09-10,7748.1,7749.55,7745.55,7745.55,14:25:00,7742.234199923722,3,64
2015-09-10,7746.4,7746.55,7743.9,7746.2,14:30:00,7742.63094278813,3,65
2015-09-10,7758.05,7760.0,7750.5,7750.5,14:35:00,7744.099424427356,3,66
2015-09-10,7750.55,7755.6,7750.5,7754.45,14:40:00,7744.713764958084,3,67
2015-09-10,7747.55,7754.85,7747.55,7750.3,14:45:00,7744.983882581124,3,68
2015-09-10,7747.05,7747.9,7739.75,7742.05,14:50:00,7745.180655668636,3,69
2015-09-10,7753.95,7753.95,7744.15,7744.75,14:55:00,7746.015831319242,3,70
2015-09-10,7753.6,7757.5,7753.6,7754.1,15:00:00,7746.738133098363,3,71
2015-09-10,7769.75,7769.75,7757.45,7758.85,15:05:00,7748.929739469948,3,72
2015-09-10,7781.1,7786.25,7778.35,7778.35,15:10:00,7751.993573806143,3,73
2015-09-10,7788.3,7800.8,7788.3,7789.4,15:15:00,7755.451328681748,3,74
2015-09-10,7804.1,7805.15,7789.85,7789.85,15:20:00,7760.084535473963,3,75
2015-09-10,7813.75,7816.05,7807.95,7807.95,15:25:00,7765.195532095491,3,76
2015-09-11,7833.8,7833.8,7833.8,7833.8,09:10:00,7771.729290943539,4,1
2015-09-11,7854.05,7861.05,7832.75,7833.2,09:15:00,7779.569358472726,4,2
2015-09-11,7840.35,7854.65,7839.8,7854.65,09:20:00,7785.357990999133,4,3
2015-09-11,7852.85,7852.85,7841.7,7843.3,09:25:00,7791.785801380168,4,4
2015-09-11,7836.65,7846.25,7836.65,7845.95,09:30:00,7796.058582201103,4,5
2015-09-11,7841.7,7841.7,7832.1,7832.1,09:35:00,7800.405383896236,4,6
2015-09-11,7829.3,7845.25,7829.3,7843.0,09:40:00,7803.157252096595,4,7
2015-09-11,7826.55,7831.2,7825.55,7831.2,09:45:00,7805.3851328493,4,8
2015-09-11,7837.15,7837.15,7831.85,7831.85,09:50:00,7808.410358292223,4,9
2015-09-11,7833.7,7835.75,7833.7,7835.75,09:55:00,7810.818895597726,4,10
2015-09-11,7844.15,7844.15,7834.55,7834.55,10:00:00,7813.993286493181,4,11
2015-09-11,7833.25,7841.9,7833.25,7841.9,10:05:00,7815.827259208116,4,12
2015-09-11,7832.85,7832.85,7829.45,7829.95,10:10:00,7817.448472616867,4,13
2015-09-11,7842.9,7842.9,7837.3,7838.15,10:15:00,7819.872427605736,4,14
2015-09-11,7834.15,7841.0,7834.15,7840.7,10:20:00,7821.232196405191,4,15
2015-09-11,7832.35,7832.9,7829.8,7832.9,10:25:00,7822.291034842791,4,16
2015-09-11,7835.85,7838.8,7834.3,7834.3,10:30:00,7823.582364857763,4,17
2015-09-11,7825.85,7833.85,7825.85,7833.85,10:35:00,7823.798330109405,4,18
2015-09-11,7821.45,7828.1,7821.45,7823.7,10:40:00,7823.574679622794,4,19
2015-09-11,7827.05,7829.55,7824.25,7828.25,10:45:00,7823.905662515861,4,20
2015-09-11,7825.35,7825.35,7821.35,7824.9,10:50:00,7824.043218466731,4,21
2015-09-11,7828.5,7829.95,7826.6,7826.6,10:55:00,7824.4676738508515,4,22
2015-09-11,7822.4,7829.7,7821.9,7829.7,11:00:00,7824.270752531723,4,23
2015-09-11,7825.5,7825.5,7821.55,7821.8,11:05:00,7824.387823719178,4,24
2015-09-11,7804.25,7824.8,7804.25,7824.8,11:10:00,7822.469935745923,4,25
2015-09-11,7811.0,7812.2,7804.6,7804.6,11:15:00,7821.377560912978,4,26
2015-09-11,7817.75,7817.75,7810.65,7810.65,11:20:00,7821.032078921266,4,27
2015-09-11,7812.15,7814.45,7812.15,7814.45,11:25:00,7820.18616664305,4,28
2015-09-11,7799.3,7813.15,7799.3,7813.15,11:30:00,7818.197007915141,4,29
2015-09-11,7811.4,7811.7,7804.8,7804.8,11:35:00,7817.549673827985,4,30
2015-09-11,7819.05,7819.05,7811.15,7811.15,11:40:00,7817.692562034844,4,31
2015-09-11,7814.05,7818.3,7814.05,7817.0,11:45:00,7817.345651364859,4,32
2015-09-11,7815.45,7815.45,7811.05,7811.05,11:50:00,7817.165113139634,4,33
2015-09-11,7817.6,7817.6,7815.45,7816.5,11:55:00,7817.206530935859,4,34
2015-09-11,7818.1,7823.25,7818.1,7819.0,12:00:00,7817.291623227681,4,35
2015-09-11,7807.6,7818.3,7806.3,7818.3,12:05:00,7816.368611491711,4,36
2015-09-11,7813.2,7813.2,7805.15,7807.75,12:10:00,7816.066838968691,4,37
2015-09-11,7811.55,7814.4,7811.55,7811.7,12:15:00,7815.636663828815,4,38
2015-09-11,7809.05,7809.2,7807.4,7808.4,12:20:00,7815.009362511786,4,39
2015-09-11,7816.4,7817.8,7809.6,7809.6,12:25:00,7815.14180417733,4,40
2015-09-11,7805.05,7818.9,7805.05,7817.65,12:30:00,7814.180679969965,4,41
2015-09-11,7799.45,7804.3,7797.1,7804.3,12:35:00,7812.777758068064,4,42
2015-09-11,7808.75,7810.25,7805.8,7805.8,12:40:00,7812.394162061581,4,43
2015-09-11,7807.75,7807.75,7803.15,7805.1,12:45:00,7811.951860912859,4,44
2015-09-11,7799.95,7808.5,7796.75,7808.5,12:50:00,7810.808826540207,4,45
2015-09-11,7799.15,7800.25,7797.35,7798.45,12:55:00,7809.698462107805,4,46
2015-09-11,7803.6,7803.6,7798.7,7798.7,13:00:00,7809.117656192776,4,47
2015-09-11,7798.15,7807.25,7798.05,7804.8,13:05:00,7808.07311750775,4,48
2015-09-11,7786.1,7787.7,7782.7,7787.7,13:10:00,7805.980439649869,4,49
2015-09-11,7778.6,7790.25,7778.6,7790.25,13:15:00,7803.372778730834,4,50
2015-09-11,7795.4,7796.7,7784.65,7784.65,13:20:00,7802.613466470755,4,51
2015-09-11,7800.9,7803.15,7795.35,7795.75,13:25:00,7802.450279187826,4,52
2015-09-11,7800.4,7808.5,7800.4,7803.7,13:30:00,7802.255014503271,4,53
2015-09-11,7797.85,7800.95,7797.85,7800.4,13:35:00,7801.835489312483,4,54
2015-09-11,7805.9,7805.9,7800.3,7800.3,13:40:00,7802.222585568437,4,55
2015-09-11,7793.0,7803.05,7793.0,7803.05,13:45:00,7801.344244085729,4,56
2015-09-11,7790.05,7795.0,7786.6,7793.9,13:50:00,7800.2686017918495,4,57
2015-09-11,7794.2,7798.4,7791.45,7798.4,13:55:00,7799.690639716436,4,58
2015-09-11,7782.15,7794.25,7782.15,7794.25,14:00:00,7798.020102600584,4,59
2015-09-11,7794.0,7795.4,7790.05,7790.05,14:05:00,7797.637235686243,4,60
2015-09-11,7795.7,7799.0,7795.7,7797.0,14:10:00,7797.452737049458,4,61
2015-09-11,7792.65,7797.15,7791.75,7794.5,14:15:00,7796.9953335209375,4,62
2015-09-11,7805.65,7805.65,7795.65,7795.65,14:20:00,7797.819587471324,4,63
2015-09-11,7799.45,7804.2,7797.9,7802.8,14:25:00,7797.974864855008,4,64
2015-09-11,7792.55,7798.25,7792.1,7798.25,14:30:00,7797.458211059292,4,65
2015-09-11,7792.4,7797.65,7792.4,7795.55,14:35:00,7796.976476672693,4,66
2015-09-11,7798.4,7798.4,7794.4,7794.4,14:40:00,7797.112050322912,4,67
2015-09-11,7796.25,7797.1,7793.15,7794.4,14:45:00,7797.029950292159,4,68
2015-09-11,7797.8,7799.35,7797.25,7797.25,14:50:00,7797.103288359572,4,69
2015-09-11,7815.15,7815.45,7797.05,7797.05,14:55:00,7798.822022801517,4,70
2015-09-11,7819.65,7821.45,7811.65,7821.45,15:00:00,7800.805639677564,4,71
2015-09-11,7811.6,7817.0,7811.6,7813.1,15:05:00,7801.833673993986,4,72
2015-09-11,7782.45,7805.8,7782.45,7805.8,15:10:00,7799.987609804082,4,73
2015-09-11,7780.6,7780.6,7764.95,7765.4,15:15:00,7798.141170775122,4,74
2015-09-11,7786.3,7786.3,7776.4,7784.45,15:20:00,7797.013440225111,4,75
2015-09-11,7779.95,7783.9,7779.95,7782.3,15:25:00,7795.388350679862,4,76
2015-09-14,7811.1,7811.1,7811.1,7811.1,09:10:00,7796.884698234161,0,1
2015-09-14,7780.85,7811.1,7776.35,7811.1,09:15:00,7795.357584116622,0,2
2015-09-14,7795.05,7795.05,7784.65,7787.35,09:20:00,7795.328290391229,0,3
2015-09-14,7773.9,7799.95,7773.9,7798.55,09:25:00,7793.28750083016,0,4
2015-09-14,7763.8,7785.0,7763.8,7776.45,09:30:00,7790.479167417763,0,5
2015-09-14,7768.4,7772.65,7768.4,7772.65,09:35:00,7788.3763895684515,0,6
2015-09-14,7775.15,7776.65,7766.05,7766.05,09:40:00,7787.116733419075,0,7
2015-09-14,7786.7,7788.35,7779.05,7779.05,09:45:00,7787.07704452202,0,8
2015-09-14,7789.8,7789.8,7782.7,7782.7,09:50:00,7787.33637361516,0,9
2015-09-14,7784.4,7787.1,7783.0,7787.1,09:55:00,7787.056718985145,0,10
2015-09-14,7788.45,7789.05,7778.9,7778.9,10:00:00,7787.189412415131,0,11
2015-09-14,7791.55,7794.15,7790.05,7790.05,10:05:00,7787.604706470834,0,12
2015-09-14,7790.2,7792.1,7790.2,7792.1,10:10:00,7787.851877283136,0,13
2015-09-14,7796.35,7796.35,7783.75,7787.1,10:15:00,7788.661222303789,0,14
2015-09-14,7819.25,7819.85,7806.75,7806.75,10:20:00,7791.574439227238,0,15
2015-09-14,7808.25,7815.45,7805.45,7815.45,10:25:00,7793.1625878722625,0,16
2015-09-14,7819.45,7819.45,7809.75,7809.75,10:30:00,7795.666150932047,0,17
2015-09-14,7817.1,7817.95,7815.2,7816.5,10:35:00,7797.707469890899,0,18
2015-09-14,7821.7,7821.7,7815.2,7817.05,10:40:00,7799.992472758433,0,19
2015-09-14,7820.1,7826.25,7820.1,7825.15,10:45:00,7801.907475352868,0,20
2015-09-14,7823.7,7824.25,7819.9,7819.9,10:50:00,7803.98295389069,0,21
2015-09-14,7826.6,7826.6,7822.5,7822.5,10:55:00,7806.136958282053,0,22
2015-09-14,7825.5,7829.55,7824.7,7827.05,11:00:00,7807.981057493285,0,23
2015-09-14,7818.6,7821.45,7818.1,7821.45,11:05:00,7808.992385351067,0,24
2015-09-14,7824.3,7824.3,7819.9,7819.9,11:10:00,7810.450253412871,0,25
2015-09-14,7822.9,7823.25,7822.2,7822.65,11:15:00,7811.635943564026,0,26
2015-09-14,7823.55,7823.55,7822.3,7822.4,11:20:00,7812.770615605547,0,27
2015-09-14,7814.15,7821.75,7814.15,7821.75,11:25:00,7812.901985547876,0,28
2015-09-14,7816.15,7816.15,7810.65,7813.8,11:30:00,7813.211320257602,0,29
2015-09-14,7812.85,7817.0,7812.85,7815.6,11:35:00,7813.176908804497,0,30
2015-09-14,7810.7,7812.85,7807.25,7812.85,11:40:00,7812.941012727878,0,31
2015-09-14,7810.75,7811.6,7810.15,7810.7,11:45:00,7812.732344849032,0,32
2015-09-14,7807.85,7809.25,7806.35,7809.25,11:50:00,7812.267359625315,0,33
2015-09-14,7812.35,7814.2,7808.3,7808.3,11:55:00,7812.275230137189,0,34
2015-09-14,7816.45,7820.4,7813.4,7813.4,12:00:00,7812.672827266981,0,35
2015-09-14,7819.05,7820.4,7818.8,7818.8,12:05:00,7813.280177051078,0,36
2015-09-14,7809.7,7817.1,7809.2,7817.1,12:10:00,7812.939207808117,0,37
2015-09-14,7808.8,7812.4,7808.8,7810.25,12:15:00,7812.544997540677,0,38
2015-09-14,7812.6,7813.25,7805.4,7805.4,12:20:00,7812.550235870137,0,39
2015-09-14,7813.55,7813.55,7811.85,7811.85,12:25:00,7812.645451501552,0,40
2015-09-14,7817.6,7817.85,7813.8,7813.85,12:30:00,7813.1173132633085,0,41
2015-09-14,7814.35,7814.35,7810.1,7812.3,12:35:00,7813.234712000137,0,42
2015-09-14,7820.05,7820.05,7814.4,7814.4,12:40:00,7813.883787047743,0,43
2015-09-14,7822.6,7822.6,7817.25,7818.5,12:45:00,7814.713902567005,0,44
2015-09-14,7830.3,7835.75,7830.3,7831.65,12:50:00,7816.198292798719,0,45
2015-09-14,7841.65,7842.2,7837.8,7839.2,12:55:00,7818.622264913127,0,46
2015-09-14,7837.3,7841.85,7835.9,7839.5,13:00:00,7820.401096826163,0,47
2015-09-14,7834.8,7839.7,7834.8,7837.35,13:05:00,7821.772420937957,0,48
2015-09-14,7843.5,7843.5,7833.55,7833.55,13:10:00,7823.841714181961,0,49
2015-09-14,7847.7,7848.8,7846.85,7848.55,13:15:00,7826.113931878916,0,50
2015-09-14,7844.1,7847.75,7843.0,7847.75,13:20:00,7827.826890747591,0,51
2015-09-14,7842.6,7846.9,7842.6,7843.1,13:25:00,7829.233853533536,0,52
2015-09-14,7842.75,7844.5,7841.6,7841.6,13:30:00,7830.521105577961,0,53
2015-09-14,7838.8,7844.45,7838.8,7844.45,13:35:00,7831.309571713394,0,54
2015-09-14,7839.75,7839.75,7837.8,7839.65,13:40:00,7832.113422026404,0,55
2015-09-14,7836.6,7843.3,7836.6,7843.3,13:45:00,7832.540715166746,0,56
2015-09-14,7837.85,7838.15,7836.2,7838.15,13:50:00,7833.046361341341,0,57
2015-09-14,7837.15,7839.4,7833.9,7835.4,13:55:00,7833.437184070737,0,58
2015-09-14,7841.25,7842.0,7837.6,7838.05,14:00:00,7834.181261778285,0,59
2015-09-14,7846.35,7846.35,7840.5,7840.5,14:05:00,7835.340189227972,0,60
2015-09-14,7832.6,7843.0,7830.0,7843.0,14:10:00,7835.079218825307,0,61
2015-09-14,7833.85,7833.85,7830.1,7832.75,14:15:00,7834.962150365754,0,62
2015-09-14,7835.45,7835.45,7833.5,7833.5,14:20:00,7835.008612235682,0,63
2015-09-14,7839.55,7839.55,7835.6,7838.4,14:25:00,7835.441125356094,0,64
2015-09-14,7844.95,7844.95,7836.75,7838.4,14:30:00,7836.346732465037,0,65
2015-09-14,7849.45,7851.6,7844.55,7848.65,14:35:00,7837.594662706462,0,66
2015-09-14,7849.05,7849.05,7839.65,7847.6,14:40:00,7838.685647210608,0,67
2015-09-14,7865.75,7868.75,7854.8,7854.8,14:45:00,7841.263204619122,0,68
2015-09-14,7861.7,7864.2,7861.7,7864.2,14:50:00,7843.209566083968,0,69
2015-09-14,7863.45,7863.45,7859.25,7863.15,14:55:00,7845.137226456923,0,70
2015-09-14,7868.35,7872.85,7865.95,7865.95,15:00:00,7847.347966794358,0,71
2015-09-14,7870.7,7870.7,7864.25,7867.15,15:05:00,7849.5719699568,0,72
2015-09-14,7874.1,7876.75,7869.9,7873.0,15:10:00,7851.907972818058,0,73
2015-09-14,7872.8,7878.8,7872.8,7873.45,15:15:00,7853.897689692529,0,74
2015-09-14,7869.25,7870.0,7867.65,7868.1,15:20:00,7855.359814483716,0,75
2015-09-14,7862.85,7867.7,7862.85,7867.7,15:25:00,7856.073165485266,0,76
2015-09-15,7867.35,7867.35,7867.35,7867.35,09:10:00,7857.147149724764,1,1
2015-09-15,7866.5,7867.85,7852.85,7867.85,09:15:00,7858.037897370024,1,2
2015-09-15,7867.7,7867.7,7855.65,7862.25,09:20:00,7858.958097620499,1,3
2015-09-15,7868.85,7868.85,7861.3,7864.4,09:25:00,7859.900183561404,1,4
2015-09-15,7871.55,7878.8,7871.55,7873.85,09:30:00,7861.00968988889,1,5
2015-09-15,7860.1,7861.25,7852.5,7861.25,09:35:00,7860.923052756614,1,6
2015-09-15,7844.45,7853.95,7844.45,7853.95,09:40:00,7859.354190589317,1,7
2015-09-15,7857.5,7857.5,7846.95,7846.95,09:45:00,7859.177601009382,1,8
2015-09-15,7855.15,7859.25,7850.25,7850.25,09:50:00,7858.794019960869,1,9
2015-09-15,7845.7,7850.3,7845.7,7850.0,09:55:00,7857.546970440786,1,10
2015-09-15,7839.1,7842.3,7838.45,7841.85,10:00:00,7855.790116113092,1,11
2015-09-15,7846.3,7847.5,7842.2,7842.2,10:05:00,7854.886295530892,1,12
2015-09-15,7844.35,7844.35,7837.6,7842.35,10:10:00,7853.882838813664,1,13
2015-09-15,7836.25,7843.0,7836.25,7842.5,10:15:00,7852.203520831411,1,14
2015-09-15,7832.7,7836.75,7832.7,7834.35,10:20:00,7850.346042656991,1,15
2015-09-15,7839.0,7839.0,7835.8,7835.8,10:25:00,7849.265467165849,1,16
2015-09-15,7844.5,7844.5,7840.1,7840.1,10:30:00,7848.811613150054,1,17
2015-09-15,7835.15,7842.2,7835.15,7842.2,10:35:00,7847.510507135763,1,18
2015-09-15,7840.35,7840.35,7835.95,7837.4,10:40:00,7846.828554075214,1,19
2015-09-15,7842.2,7845.3,7841.35,7841.35,10:45:00,7846.387739401384,1,20
2015-09-15,7840.4,7841.25,7839.85,7839.85,10:50:00,7845.817478506015,1,21
2015-09-15,7844.0,7844.0,7840.95,7841.25,10:55:00,7845.644385314966,1,22
2015-09-15,7846.85,7846.85,7843.2,7843.2,11:00:00,7845.759205761159,1,23
2015-09-15,7845.9,7850.95,7845.9,7849.1,11:05:00,7845.772614736287,1,24
2015-09-15,7842.55,7844.45,7841.75,7844.45,11:10:00,7845.465699047118,1,25
2015-09-15,7835.2,7840.25,7834.2,7840.25,11:15:00,7844.488013423583,1,26
2015-09-15,7824.75,7836.05,7823.7,7836.05,11:20:00,7842.608202621336,1,27
2015-09-15,7829.4,7829.4,7822.65,7826.35,11:25:00,7841.350278562161,1,28
2015-09-15,7822.1,7829.0,7822.1,7829.0,11:30:00,7839.516918699098,1,29
2015-09-15,7824.7,7825.95,7823.45,7823.45,11:35:00,7838.105783584898,1,30
2015-09-15,7823.95,7825.2,7822.95,7822.95,11:40:00,7836.757613719669,1,31
2015-09-15,7828.7,7828.7,7823.7,7823.7,11:45:00,7835.990221936843,1,32
2015-09-15,7823.85,7826.75,7822.15,7826.75,11:50:00,7834.834010323811,1,33
2015-09-15,7827.85,7828.05,7824.25,7824.25,11:55:00,7834.168866483447,1,34
2015-09-15,7836.45,7836.45,7827.1,7827.45,12:00:00,7834.386117294547,1,35
2015-09-15,7828.85,7834.55,7828.85,7834.55,12:05:00,7833.8588680284,1,36
2015-09-15,7827.2,7828.05,7825.4,7828.05,12:10:00,7833.224690120934,1,37
2015-09-15,7828.2,7828.2,7824.65,7824.65,12:15:00,7832.746148204655,1,38
2015-09-15,7830.7,7830.7,7826.0,7826.0,12:20:00,7832.551276947068,1,39
2015-09-15,7828.45,7830.0,7828.45,7829.55,12:25:00,7832.160679142586,1,40
2015-09-15,7837.0,7838.95,7831.6,7832.75,12:30:00,7832.6215668432915,1,41
2015-09-15,7847.1,7847.1,7836.5,7837.8,12:35:00,7834.000465239169,1,42
2015-09-15,7843.6,7845.75,7843.35,7844.55,12:40:00,7834.914706644962,1,43
2015-09-15,7843.25,7843.25,7840.05,7840.9,12:45:00,7835.708544107347,1,44
2015-09-15,7838.8,7844.05,7838.8,7842.5,12:50:00,7836.002968478076,1,45
2015-09-15,7836.5,7837.85,7836.5,7837.85,12:55:00,7836.050304813497,1,46
2015-09-15,7841.35,7842.7,7837.4,7837.4,13:00:00,7836.555037688402,1,47
2015-09-15,7843.15,7843.65,7840.2,7841.0,13:05:00,7837.183129337125,1,48
2015-09-15,7850.35,7850.35,7845.75,7848.05,13:10:00,7838.437117019303,1,49
2015-09-15,7848.4,7853.15,7848.4,7853.15,13:15:00,7839.385963017465,1,50
2015-09-15,7845.15,7849.4,7844.75,7849.4,13:20:00,7839.934918920563,1,51
2015-09-15,7842.4,7846.85,7842.4,7846.75,13:25:00,7840.169688547176,1,52
2015-09-15,7838.4,7840.85,7838.1,7840.85,13:30:00,7840.001146780778,1,53
2015-09-15,7835.9,7835.9,7833.25,7835.65,13:35:00,7839.610561373084,1,54
2015-09-15,7841.25,7841.25,7836.1,7836.1,13:40:00,7839.766698385172,1,55
2015-09-15,7838.45,7839.7,7835.7,7839.7,13:45:00,7839.641298538965,1,56
2015-09-15,7826.8,7838.85,7826.8,7838.65,13:50:00,7838.418317725731,1,57
2015-09-15,7814.9,7822.75,7810.85,7822.75,13:55:00,7836.178477942328,1,58
2015-09-15,7808.55,7810.95,7803.1,7810.15,14:00:00,7833.547194328773,1,59
2015-09-15,7812.65,7815.95,7809.45,7811.5,14:05:00,7831.556985345081,1,60
2015-09-15,7815.4,7817.95,7811.6,7813.1,14:10:00,7830.018224836025,1,61
2015-09-15,7811.25,7811.3,7802.65,7811.3,14:15:00,7828.230774851642,1,62
2015-09-15,7816.5,7816.5,7809.9,7809.9,14:20:00,7827.113558199105,1,63
2015-09-15,7813.2,7816.6,7813.2,7815.8,14:25:00,7825.788457418238,1,64
2015-09-15,7810.15,7812.8,7808.6,7812.1,14:30:00,7824.299080521263,1,65
2015-09-15,7811.2,7812.05,7808.15,7812.0,14:35:00,7823.051549043048,1,66
2015-09-15,7825.85,7825.85,7815.3,7815.3,14:40:00,7823.318068181805,1,67
2015-09-15,7822.9,7825.1,7818.8,7823.35,14:45:00,7823.2782521644895,1,68
2015-09-15,7831.85,7831.85,7819.75,7820.2,14:50:00,7824.094609101205,1,69
2015-09-15,7831.55,7831.55,7827.9,7830.05,14:55:00,7824.804646329661,1,70
2015-09-15,7839.1,7839.1,7827.6,7827.6,15:00:00,7826.166108583979,1,71
2015-09-15,7835.8,7842.45,7835.2,7842.45,15:05:00,7827.083622052171,1,72
2015-09-15,7826.6,7837.4,7826.6,7837.4,15:10:00,7827.037562809107,1,73
2015-09-15,7825.25,7829.75,7825.25,7829.75,15:15:00,7826.867318732049,1,74
2015-09-15,7821.9,7826.8,7820.8,7825.75,15:20:00,7826.394240757569,1,75
2015-09-15,7816.85,7819.45,7816.1,7817.75,15:25:00,7825.485265447323,1,76
2015-09-16,7886.85,7886.85,7886.85,7886.85,09:10:00,7831.329525880911,2,1
2015-09-16,7874.45,7886.2,7869.95,7886.2,09:15:00,7835.436237701777,2,2
2015-09-16,7869.1,7879.65,7869.1,7875.85,09:20:00,7838.642310301608,2,3
2015-09-16,7865.5,7866.95,7864.6,7865.95,09:25:00,7841.200185510979,2,4
2015-09-16,7869.7,7870.25,7868.0,7868.0,09:30:00,7843.914453557552,2,5
2015-09-16,7876.15,7876.15,7872.95,7873.95,09:35:00,7846.98450559969,2,6
2015-09-16,7876.3,7878.5,7873.9,7878.5,09:40:00,7849.776457447338,2,7
2015-09-16,7879.7,7880.7,7878.4,7878.4,09:45:00,7852.62631864283,2,8
2015-09-16,7884.6,7886.3,7881.4,7884.3,09:50:00,7855.671431153037,2,9
2015-09-16,7874.25,7882.7,7873.95,7882.7,09:55:00,7857.440818662271,2,10
2015-09-16,7870.85,7872.15,7869.9,7871.65,10:00:00,7858.717883551579,2,11
2015-09-16,7873.7,7876.4,7873.7,7873.85,10:05:00,7860.144751784762,2,12
2015-09-16,7864.15,7874.8,7864.15,7874.8,10:10:00,7860.526203995737,2,13
2015-09-16,7868.65,7869.4,7867.55,7867.9,10:15:00,7861.299898853285,2,14
2015-09-16,7861.05,7869.4,7860.6,7869.4,10:20:00,7861.276098962497,2,15
2015-09-16,7863.6,7863.6,7858.15,7859.5,10:25:00,7861.497422870831,2,16
2015-09-16,7862.5,7865.65,7862.5,7864.8,10:30:00,7861.592906406942,2,17
2015-09-16,7866.7,7866.7,7862.15,7862.15,10:35:00,7862.079296272947,2,18
2015-09-16,7867.2,7872.65,7867.2,7871.15,10:40:00,7862.56698234219,2,19
2015-09-16,7865.4,7865.55,7864.15,7865.55,10:45:00,7862.836793547695,2,20
2015-09-16,7855.15,7865.55,7855.15,7865.1,10:50:00,7862.104717971724,2,21
2015-09-16,7855.2,7857.6,7855.2,7857.6,10:55:00,7861.447125783941,2,22
2015-09-16,7858.55,7861.55,7857.55,7857.55,11:00:00,7861.171209042614,2,23
2015-09-16,7867.95,7867.95,7860.4,7860.4,11:05:00,7861.816808181412,2,24
2015-09-16,7864.75,7866.3,7864.75,7866.3,11:10:00,7862.096159783182,2,25
2015-09-16,7872.45,7872.45,7865.25,7865.25,11:15:00,7863.082239803831,2,26
2015-09-16,7871.55,7872.45,7871.2,7872.45,11:20:00,7863.888693155847,2,27
2015-09-16,7868.2,7870.1,7867.6,7870.1,11:25:00,7864.299293807671,2,28
2015-09-16,7873.15,7873.15,7870.15,7870.6,11:30:00,7865.142218206941,2,29
2015-09-16,7869.95,7872.3,7868.65,7872.3,11:35:00,7865.600102187232,2,30
2015-09-16,7870.9,7870.9,7869.75,7870.4,11:40:00,7866.104854359876,2,31
2015-09-16,7877.6,7877.6,7872.5,7872.5,11:45:00,7867.199630135126,2,32
2015-09-16,7878.0,7878.9,7876.4,7876.4,11:50:00,7868.228236788924,2,33
2015-09-16,7885.95,7885.95,7878.6,7878.6,11:55:00,7869.916023761408,2,34
2015-09-16,7885.6,7891.05,7885.6,7887.75,12:00:00,7871.409735784131,2,35
2015-09-16,7893.3,7893.3,7884.7,7884.7,12:05:00,7873.494522852309,2,36
2015-09-16,7889.45,7892.25,7889.45,7892.15,12:10:00,7875.01409210447,2,37
2015-09-16,7901.5,7901.5,7889.85,7889.85,12:15:00,7877.536559523092,2,38
2015-09-16,7898.15,7901.85,7898.15,7901.85,12:20:00,7879.499744330416,2,39
2015-09-16,7902.6,7902.6,7896.45,7896.45,12:25:00,7881.6997686799,2,40
2015-09-16,7906.1,7906.1,7903.5,7903.5,12:30:00,7884.023600234195,2,41
2015-09-16,7907.1,7909.4,7904.5,7908.4,12:35:00,7886.221352592844,2,42
2015-09-16,7902.3,7905.25,7902.3,7905.25,12:40:00,7887.752652345906,2,43
2015-09-16,7901.2,7902.4,7900.55,7902.4,12:45:00,7889.033352122487,2,44
2015-09-16,7902.75,7902.75,7900.35,7901.2,12:50:00,7890.339699539392,2,45
2015-09-16,7907.8,7907.8,7904.75,7904.75,12:55:00,7892.002585297546,2,46
2015-09-16,7910.75,7913.35,7908.85,7908.85,13:00:00,7893.788053364446,2,47
2015-09-16,7906.95,7911.05,7906.95,7911.05,13:05:00,7895.041572091642,2,48
2015-09-16,7902.85,7907.55,7902.7,7907.0,13:10:00,7895.785231892437,2,49
2015-09-16,7903.05,7903.05,7899.3,7902.1,13:15:00,7896.477114569348,2,50
2015-09-16,7900.65,7902.45,7900.65,7901.2,13:20:00,7896.87453222941,2,51
2015-09-16,7895.95,7899.25,7895.0,7899.25,13:25:00,7896.786481540895,2,52
2015-09-16,7897.0,7900.5,7896.15,7897.05,13:30:00,7896.806816632237,2,53
2015-09-16,7896.6,7896.6,7893.2,7895.45,13:35:00,7896.787119810119,2,54
2015-09-16,7900.85,7902.25,7898.65,7898.65,13:40:00,7897.174060780584,2,55
2015-09-16,7905.7,7905.7,7899.65,7899.65,13:45:00,7897.986054991958,2,56
2015-09-16,7907.6,7908.9,7905.9,7905.9,13:50:00,7898.901668802247,2,57
2015-09-16,7907.1,7907.1,7904.35,7905.4,13:55:00,7899.682462249652,2,58
2015-09-16,7901.65,7907.55,7899.55,7907.55,14:00:00,7899.869846797304,2,59
2015-09-16,7905.5,7905.5,7900.95,7900.95,14:05:00,7900.406051864227,2,60
2015-09-16,7900.95,7907.8,7900.95,7905.8,14:10:00,7900.457856448587,2,61
2015-09-16,7884.65,7897.75,7884.65,7897.75,14:15:00,7898.952346310627,2,62
2015-09-16,7884.75,7884.75,7881.5,7883.75,14:20:00,7897.599741900091,2,63
2015-09-16,7887.4,7887.4,7885.85,7885.85,14:25:00,7896.628337909607,2,64
2015-09-16,7883.7,7888.05,7883.5,7888.05,14:30:00,7895.397067632501,2,65
2015-09-16,7887.3,7887.3,7883.85,7885.0,14:35:00,7894.625918334167,2,66
2015-09-16,7893.8,7895.05,7890.4,7890.4,14:40:00,7894.547259445199,2,67
2015-09-16,7893.45,7894.2,7892.2,7892.2,14:45:00,7894.442758545657,2,68
2015-09-16,7891.75,7891.75,7889.3,7889.3,14:50:00,7894.186305350833,2,69
2015-09-16,7889.45,7891.0,7889.25,7889.25,14:55:00,7893.735228650754,2,70
2015-09-16,7901.1,7901.1,7890.2,7890.2,15:00:00,7894.436635445921,2,71
2015-09-16,7903.5,7903.5,7898.4,7898.4,15:05:00,7895.2998130225,2,72
2015-09-16,7902.55,7907.25,7902.55,7907.25,15:10:00,7895.990307020357,2,73
2015-09-16,7897.2,7901.7,7897.05,7901.7,15:15:00,7896.105515875562,2,74
2015-09-16,7897.1,7897.1,7893.45,7893.85,15:20:00,7896.200228649318,2,75
2015-09-16,7891.55,7896.8,7891.55,7895.5,15:25:00,7895.757349730336,2,76
2015-09-18,7967.45,7967.45,7967.45,7967.45,09:10:00,7902.585221184589,4,1
2015-09-18,7975.8,7975.8,7966.55,7967.45,09:15:00,7909.558057262248,4,2
2015-09-18,7986.35,7993.4,7980.4,7980.4,09:20:00,7916.8715756182255,4,3
2015-09-18,7995.75,7995.75,7982.15,7982.15,09:25:00,7924.383806511728,4,4
2015-09-18,7978.5,7989.65,7978.5,7988.55,09:30:00,7929.537729701087,4,5
2015-09-18,7994.0,7994.0,7982.4,7982.4,09:35:00,7935.6769935390785,4,6
2015-09-18,7999.5,8000.0,7994.1,7995.2,09:40:00,7941.755375106785,4,7
2015-09-18,8005.25,8005.25,8000.25,8000.25,09:45:00,7947.802482239472,4,8
2015-09-18,7998.05,8006.95,7998.05,8006.95,09:50:00,7952.587960121427,4,9
2015-09-18,8006.05,8006.05,7997.3,7997.3,09:55:00,7957.679582967006,4,10
2015-09-18,8013.6,8015.15,8005.85,8005.85,10:00:00,7963.005336970148,4,11
2015-09-18,8020.4,8022.85,8017.65,8017.65,10:05:00,7968.471495353944,4,12
2015-09-18,8029.45,8029.45,8022.05,8022.05,10:10:00,7974.278971986901,4,13
2015-09-18,8037.8,8037.8,8029.0,8029.0,10:15:00,7980.328593702435,4,14
2015-09-18,8032.5,8042.5,8032.0,8042.5,10:20:00,7985.297299064107,4,15
2015-09-18,8033.95,8033.95,8030.95,8030.95,10:25:00,7989.930889629431,4,16
2015-09-18,8028.6,8035.45,8028.6,8035.45,10:30:00,7993.6136620456755,4,17
2015-09-18,8033.55,8034.8,8028.3,8028.3,10:35:00,7997.417122803231,4,18
2015-09-18,8029.9,8033.95,8028.15,8033.95,10:40:00,8000.510730155304,4,19
2015-09-18,8023.95,8026.8,8023.95,8026.8,10:45:00,8002.743041569085,4,20
2015-09-18,8030.65,8030.65,8025.35,8025.35,10:50:00,8005.400847133934,4,21
2015-09-18,8033.95,8036.3,8031.55,8031.55,10:55:00,8008.119814073559,4,22
2015-09-18,8033.45,8035.35,8032.05,8035.35,11:00:00,8010.532212733219,4,23
2015-09-18,8031.65,8034.95,8031.65,8034.2,11:05:00,8012.543430568151,4,24
2015-09-18,8029.05,8031.3,8028.5,8031.3,11:10:00,8014.115484799756,4,25
2015-09-18,8024.45,8029.25,8024.45,8029.25,11:15:00,8015.099724342636,4,26
2015-09-18,8023.0,8025.85,8022.25,8022.75,11:20:00,8015.852131548099,4,27
2015-09-18,8033.65,8033.65,8026.65,8026.65,11:25:00,8017.547166638757,4,28
2015-09-18,8034.65,8034.65,8030.1,8032.85,11:30:00,8019.176007911255,4,29
2015-09-18,8037.35,8038.45,8034.75,8034.75,11:35:00,8020.906864300659,4,30
2015-09-18,8042.4,8042.4,8038.5,8038.5,11:40:00,8022.953829605359,4,31
2015-09-18,8043.4,8044.0,8041.2,8041.2,11:45:00,8024.901083928658,4,32
2015-09-18,8044.5,8045.45,8040.55,8045.45,11:50:00,8026.767647364024,4,33
2015-09-18,8045.65,8047.3,8044.05,8044.05,11:55:00,8028.565966662688,4,34
2015-09-18,8047.3,8047.8,8044.55,8044.6,12:00:00,8030.350160313861,4,35
2015-09-18,8053.55,8053.7,8045.7,8045.7,12:05:00,8032.559668855398,4,36
2015-09-18,8048.5,8054.7,8048.15,8053.5,12:10:00,8034.077795631074,4,37
2015-09-18,8050.0,8051.4,8048.5,8049.45,12:15:00,8035.594196047163,4,38
2015-09-18,8052.65,8052.65,8050.1,8051.55,12:20:00,8037.218558328385,4,39
2015-09-18,8051.5,8053.05,8051.5,8052.8,12:25:00,8038.578695630444,4,40
2015-09-18,8041.2,8048.55,8041.2,8048.55,12:30:00,8038.828343665639,4,41
2015-09-18,8038.05,8038.05,8035.4,8037.7,12:35:00,8038.754215697483,4,42
2015-09-18,8034.45,8038.55,8034.45,8038.55,12:40:00,8038.344290392961,4,43
2015-09-18,8032.85,8034.85,8031.65,8034.85,12:45:00,8037.821024641251,4,44
2015-09-18,8035.4,8035.4,8030.9,8035.35,12:50:00,8037.590450865893,4,45
2015-09-18,8031.6,8036.3,8029.55,8036.3,12:55:00,8037.019931735808,4,46
2015-09-18,8028.7,8030.15,8024.15,8030.15,13:00:00,8036.227557284778,4,47
2015-09-18,8034.15,8034.15,8027.6,8027.75,13:05:00,8036.029694686227,4,48
2015-09-18,8035.5,8036.6,8034.9,8035.1,13:10:00,8035.979247573254,4,49
2015-09-18,8034.85,8034.85,8031.8,8032.8,13:15:00,8035.871700185326,4,50
2015-09-18,8033.25,8037.9,8033.25,8037.6,13:20:00,8035.62201445339,4,51
2015-09-18,8034.0,8034.95,8031.75,8031.75,13:25:00,8035.4675368864,4,52
2015-09-18,8035.45,8035.45,8032.45,8033.5,13:30:00,8035.465866706742,4,53
2015-09-18,8028.2,8033.85,8028.2,8033.85,13:35:00,8034.773879401338,4,54
2015-09-18,8041.45,8041.45,8030.6,8030.6,13:40:00,8035.409700410734,4,55
2015-09-18,8043.2,8043.2,8040.4,8041.25,13:45:00,8036.15163370495,4,56
2015-09-18,8038.15,8043.45,8038.15,8043.45,13:50:00,8036.341954304478,4,57
2015-09-18,8039.2,8039.95,8036.65,8039.95,13:55:00,8036.614149132623,4,58
2015-09-18,8036.25,8040.0,8035.4,8040.0,14:00:00,8036.57946826285,4,59
2015-09-18,8032.5,8036.5,8031.9,8036.5,14:05:00,8036.190947475912,4,60
2015-09-18,8026.95,8034.9,8026.95,8032.5,14:10:00,8035.310857240111,4,61
2015-09-18,8015.2,8024.45,8014.45,8022.7,14:15:00,8033.395537502957,4,62
2015-09-18,8010.85,8015.85,8009.3,8013.55,14:20:00,8031.248343455057,4,63
2015-09-18,8014.8,8016.55,8009.9,8009.9,14:25:00,8029.681834554575,4,64
2015-09-18,8002.55,8015.3,8002.55,8014.9,14:30:00,8027.097850311282,4,65
2015-09-18,7996.85,8001.55,7994.5,8001.55,14:35:00,8024.217102662588,4,66
2015-09-18,7995.85,7995.85,7983.85,7985.7,14:40:00,8021.5154738375795,4,67
2015-09-18,7977.45,7990.1,7969.75,7990.1,14:45:00,8017.318762043525,4,68
2015-09-18,7987.4,7987.4,7970.4,7974.3,14:50:00,8014.469356134618,4,69
2015-09-18,7985.95,7986.15,7983.45,7985.85,14:55:00,8011.75322697894,4,70
2015-09-18,7974.55,7984.05,7974.55,7981.25,15:00:00,8008.210062504755,4,71
2015-09-18,7980.25,7983.7,7973.3,7973.3,15:05:00,8005.547199409064,4,72
2015-09-18,7992.1,7992.1,7981.9,7983.9,15:10:00,8004.266513751058,4,73
2015-09-18,7983.35,7995.6,7983.35,7992.6,15:15:00,8002.274464822385,4,74
2015-09-18,7982.1,7988.1,7982.1,7988.1,15:20:00,8000.353087220253,4,75
2015-09-18,7971.45,7975.75,7969.45,7975.75,15:25:00,7997.600412246896,4,76
2015-09-21,7911.5,7911.5,7911.5,7911.5,09:10:00,7989.400372985287,0,1
2015-09-21,7927.05,7930.0,7910.95,7910.95,09:15:00,7983.462242224783,0,2
2015-09-21,7923.0,7923.0,7918.05,7922.1,09:20:00,7977.70393344147,0,3
2015-09-21,7926.05,7926.05,7920.95,7920.95,09:25:00,7972.78451120895,0,4
2015-09-21,7925.75,7928.85,7925.75,7928.2,09:30:00,7968.305033950955,0,5
2015-09-21,7918.55,7921.45,7918.55,7920.4,09:35:00,7963.566459288959,0,6
2015-09-21,7930.8,7930.8,7921.25,7921.25,09:40:00,7960.445844118582,0,7
2015-09-21,7932.7,7934.95,7931.25,7931.25,09:45:00,7957.803382773955,0,8
2015-09-21,7932.35,7933.5,7930.55,7933.05,09:50:00,7955.379251081196,0,9
2015-09-21,7925.9,7929.75,7925.25,7929.75,09:55:00,7952.571703359177,0,10
2015-09-21,7936.25,7936.25,7927.55,7927.55,10:00:00,7951.017255420208,0,11
2015-09-21,7942.55,7942.55,7932.2,7933.45,10:05:00,7950.210850142093,0,12
2015-09-21,7939.5,7945.8,7939.5,7945.8,10:10:00,7949.19076917618,0,13
2015-09-21,7934.95,7938.0,7934.95,7938.0,10:15:00,7947.834505445115,0,14
2015-09-21,7932.8,7936.45,7932.8,7936.45,10:20:00,7946.402647783675,0,15
2015-09-21,7941.05,7941.05,7934.6,7935.3,10:25:00,7945.892871804278,0,16
2015-09-21,7937.7,7942.65,7937.7,7940.9,10:30:00,7945.112598299109,0,17
2015-09-21,7948.1,7948.1,7938.85,7938.85,10:35:00,7945.397112746812,0,18
2015-09-21,7949.0,7949.0,7944.05,7946.95,10:40:00,7945.740244866163,0,19
2015-09-21,7957.55,7957.65,7950.25,7950.25,10:45:00,7946.864983450338,0,20
2015-09-21,7957.0,7962.65,7957.0,7958.95,10:50:00,7947.830223121735,0,21
2015-09-21,7954.35,7959.05,7952.85,7957.7,10:55:00,7948.451154252998,0,22
2015-09-21,7961.2,7961.2,7955.05,7955.05,11:00:00,7949.665330038427,0,23
2015-09-21,7959.0,7960.6,7958.65,7960.6,11:05:00,7950.5543462252435,0,24
2015-09-21,7957.15,7958.85,7956.25,7957.45,11:10:00,7951.182503727601,0,25
2015-09-21,7957.7,7957.7,7953.1,7953.45,11:15:00,7951.803217658306,0,26
2015-09-21,7958.6,7958.6,7957.25,7957.25,11:20:00,7952.450530262276,0,27
2015-09-21,7961.95,7961.95,7956.75,7956.75,11:25:00,7953.355241665869,0,28
2015-09-21,7963.5,7964.8,7963.15,7963.2,11:30:00,7954.321409126263,0,29
2015-09-21,7952.25,7959.7,7952.25,7959.7,11:35:00,7954.124132066619,0,30
2015-09-21,7950.5,7951.8,7949.3,7949.3,11:40:00,7953.778976631703,0,31
2015-09-21,7950.05,7951.65,7947.8,7951.65,11:45:00,7953.423836000112,0,32
2015-09-21,7951.65,7951.65,7944.7,7947.75,11:50:00,7953.254899238196,0,33
2015-09-21,7955.0,7955.0,7950.75,7950.75,11:55:00,7953.421099310749,0,34
2015-09-21,7959.85,7959.85,7955.9,7956.05,12:00:00,7954.033375566868,0,35
2015-09-21,7957.95,7957.95,7955.2,7957.35,12:05:00,7954.406387417642,0,36
2015-09-21,7958.2,7959.05,7956.65,7959.05,12:10:00,7954.767683854057,0,37
2015-09-21,7962.05,7962.05,7959.35,7959.35,12:15:00,7955.461237772719,0,38
2015-09-21,7950.4,7958.65,7950.4,7958.65,12:20:00,7954.979215127698,0,39
2015-09-21,7943.3,7949.45,7943.3,7946.0,12:25:00,7953.86690892506,0,40
2015-09-21,7949.35,7949.35,7941.7,7941.7,12:30:00,7953.436727122673,0,41
2015-09-21,7958.5,7958.5,7951.05,7951.05,12:35:00,7953.91894358718,0,42
2015-09-21,7963.4,7963.85,7961.8,7961.8,12:40:00,7954.8219013407825,0,43
2015-09-21,7965.55,7965.6,7961.7,7961.7,12:45:00,7955.843625022613,0,44
2015-09-21,7970.3,7970.4,7969.1,7969.1,12:50:00,7957.220422639507,0,45
2015-09-21,7966.8,7967.3,7965.0,7965.0,12:55:00,7958.132763340506,0,46
2015-09-21,7967.75,7969.0,7964.95,7968.45,13:00:00,7959.04869064141,0,47
2015-09-21,7966.75,7970.35,7966.75,7968.95,13:05:00,7959.782148675561,0,48
2015-09-21,7974.25,7974.7,7968.15,7968.15,13:10:00,7961.160039277888,0,49
2015-09-21,7973.1,7976.75,7973.1,7974.65,13:15:00,7962.297178394279,0,50
2015-09-21,7971.05,7974.05,7969.5,7969.5,13:20:00,7963.1307804519665,0,51
2015-09-21,7960.5,7971.35,7960.05,7971.35,13:25:00,7962.880229932732,0,52
2015-09-21,7954.8,7958.65,7950.75,7958.65,13:30:00,7962.110684224853,0,53
2015-09-21,7955.25,7956.9,7953.1,7956.9,13:35:00,7961.457285727248,0,54
2015-09-21,7958.75,7958.75,7953.1,7953.1,13:40:00,7961.199448991319,0,55
2015-09-21,7961.8,7962.7,7957.45,7957.45,13:45:00,7961.256644325479,0,56
2015-09-21,7962.2,7962.45,7958.8,7959.5,13:50:00,7961.346487723053,0,57
2015-09-21,7964.6,7966.35,7962.75,7962.75,13:55:00,7961.656346035143,0,58
2015-09-21,7971.6,7971.6,7965.4,7966.1,14:00:00,7962.603360698462,0,59
2015-09-21,7965.2,7966.25,7963.25,7966.25,14:05:00,7962.85065967956,0,60
2015-09-21,7960.95,7967.55,7960.95,7967.55,14:10:00,7962.669644471984,0,61
2015-09-21,7966.2,7966.2,7957.2,7957.2,14:15:00,7963.005868807985,0,62
2015-09-21,7968.8,7970.55,7968.45,7969.2,14:20:00,7963.557690826273,0,63
2015-09-21,7964.35,7970.1,7964.35,7970.1,14:25:00,7963.633148842819,0,64
2015-09-21,7964.8,7965.05,7962.05,7962.05,14:30:00,7963.744277524455,0,65
2015-09-21,7967.25,7967.25,7962.05,7964.15,14:35:00,7964.078155855459,0,66
2015-09-21,7968.2,7973.35,7967.9,7968.45,14:40:00,7964.470712440653,0,67
2015-09-21,7976.3,7978.05,7970.25,7970.25,14:45:00,7965.597311255829,0,68
2015-09-21,7976.7,7976.7,7972.65,7975.6,14:50:00,7966.654710183845,0,69
2015-09-21,7987.4,7987.4,7978.6,7978.6,14:55:00,7968.630452071097,0,70
2015-09-21,7976.85,7982.3,7973.6,7982.3,15:00:00,7969.413266159564,0,71
2015-09-21,7973.8,7980.0,7973.8,7979.55,15:05:00,7969.831050334844,0,72
2015-09-21,7973.5,7976.1,7972.0,7972.0,15:10:00,7970.180474112478,0,73
2015-09-21,7979.0,7979.0,7971.5,7971.5,15:15:00,7971.020428958908,0,74
2015-09-21,7974.25,7976.15,7974.15,7975.45,15:20:00,7971.328007153298,0,75
2015-09-21,7983.35,7983.35,7973.8,7973.8,15:25:00,7972.472958852983,0,76
2015-09-22,8014.8,8014.8,8014.8,8014.8,09:10:00,7976.50410562889,1,1
2015-09-22,8012.85,8014.8,8002.3,8014.8,09:15:00,7979.965619378519,1,2
2015-09-22,8009.15,8021.05,8009.15,8013.55,09:20:00,7982.745084199612,1,3
2015-09-22,8015.65,8017.55,8010.7,8010.7,09:25:00,7985.878885704411,1,4
2015-09-22,8004.95,8013.4,8004.95,8009.3,09:30:00,7987.695182303991,1,5
2015-09-22,7994.8,7997.9,7994.8,7996.7,09:35:00,7988.371831608372,1,6
2015-09-22,8000.4,8002.65,7999.35,7999.35,09:40:00,7989.517371455194,1,7
2015-09-22,8006.55,8006.8,8001.6,8001.6,09:45:00,7991.139526554699,1,8
2015-09-22,7997.35,8003.65,7997.35,8003.65,09:50:00,7991.731000216156,1,9
2015-09-22,8000.05,8000.05,7996.9,7997.0,09:55:00,7992.523285909856,1,10
2015-09-22,7993.15,7994.1,7990.2,7994.1,10:00:00,7992.58297296606,1,11
2015-09-22,7989.8,7990.35,7984.55,7990.35,10:05:00,7992.317927921674,1,12
2015-09-22,7991.3,7992.3,7989.7,7989.7,10:10:00,7992.220982405323,1,13
2015-09-22,7982.25,7991.1,7982.25,7991.1,10:15:00,7991.271365033387,1,14
2015-09-22,7988.25,7988.25,7981.35,7984.0,10:20:00,7990.983615982588,1,15
2015-09-22,7989.75,7991.3,7988.95,7988.95,10:25:00,7990.866128746151,1,16
2015-09-22,7986.05,7990.95,7986.05,7988.7,10:30:00,7990.407449817946,1,17
2015-09-22,7983.25,7986.35,7982.5,7986.35,10:35:00,7989.725787930522,1,18
2015-09-22,7988.75,7989.1,7987.25,7987.25,10:40:00,7989.632855746663,1,19
2015-09-22,7992.4,7992.45,7987.4,7987.4,10:45:00,7989.8963932946,1,20
2015-09-22,7993.2,7995.85,7991.2,7994.45,10:50:00,7990.211022504638,1,21
2015-09-22,7988.9,7993.45,7988.9,7993.45,10:55:00,7990.086163218482,1,22
2015-09-22,7994.1,7994.1,7990.45,7991.2,11:00:00,7990.4684333881505,1,23
2015-09-22,7997.85,7998.1,7994.25,7994.25,11:05:00,7991.171439732136,1,24
2015-09-22,7996.3,7996.65,7994.55,7994.55,11:10:00,7991.659874043361,1,25
2015-09-22,7997.4,8000.6,7997.4,7998.45,11:15:00,7992.206552705898,1,26
2015-09-22,7996.9,7999.05,7996.9,7998.95,11:20:00,7992.653547686288,1,27
2015-09-22,7993.3,7997.4,7993.3,7997.4,11:25:00,7992.715114573308,1,28
2015-09-22,7994.4,7995.35,7991.95,7992.6,11:30:00,7992.875579852041,1,29
2015-09-22,7995.3,7995.7,7994.9,7994.9,11:35:00,7993.106477008989,1,30
2015-09-22,7995.95,7995.95,7994.7,7994.9,11:40:00,7993.377288722419,1,31
2015-09-22,7998.7,8000.85,7996.85,7996.85,11:45:00,7993.884213605997,1,32
2015-09-22,8000.55,8002.9,7998.2,7998.2,11:50:00,7994.519050405426,1,33
2015-09-22,8004.35,8004.35,7999.7,7999.7,11:55:00,7995.4553313191955,1,34
2015-09-22,7994.95,8003.45,7994.95,8003.45,12:00:00,7995.407204526891,1,35
2015-09-22,7996.35,7996.5,7994.1,7994.1,12:05:00,7995.496994571949,1,36
2015-09-22,7994.05,7995.4,7992.4,7995.4,12:10:00,7995.359185565097,1,37
2015-09-22,7996.15,7996.6,7993.65,7993.65,12:15:00,7995.4345012255635,1,38
2015-09-22,7992.65,7997.25,7992.05,7997.25,12:20:00,7995.169310632653,1,39
2015-09-22,7993.45,7993.5,7992.0,7992.9,12:25:00,7995.005566762876,1,40
2015-09-22,7987.2,7995.2,7987.2,7995.2,12:30:00,7994.262179452126,1,41
2015-09-22,7988.2,7988.9,7984.8,7984.8,12:35:00,7993.684829028113,1,42
2015-09-22,7989.25,7989.25,7985.9,7985.9,12:40:00,7993.262464358769,1,43
2015-09-22,7975.3,7982.55,7975.0,7982.55,12:45:00,7991.551753467457,1,44
2015-09-22,7982.25,7982.25,7971.35,7971.35,12:50:00,7990.665872184842,1,45
2015-09-22,7980.75,7980.85,7979.55,7980.55,12:55:00,7989.721503405332,1,46
2015-09-22,7977.65,7980.7,7975.15,7980.7,13:00:00,7988.571836414348,1,47
2015-09-22,7973.5,7981.75,7973.5,7981.75,13:05:00,7987.136423422505,1,48
2015-09-22,7963.85,7977.9,7963.85,7977.9,13:10:00,7984.918668810837,1,49
2015-09-22,7957.95,7961.05,7957.95,7960.7,13:15:00,7982.350224162186,1,50
2015-09-22,7960.7,7960.7,7957.85,7958.6,13:20:00,7980.288298051502,1,51
2015-09-22,7944.85,7956.05,7939.2,7956.05,13:25:00,7976.913222046597,1,52
2015-09-22,7940.6,7945.45,7939.5,7943.85,13:30:00,7973.454819946921,1,53
2015-09-22,7929.6,7936.35,7927.15,7936.35,13:35:00,7969.278170428166,1,54
2015-09-22,7931.3,7931.3,7925.6,7928.05,13:40:00,7965.66120181596,1,55
2015-09-22,7918.55,7931.55,7918.55,7931.55,13:45:00,7961.1744206906305,1,56
2015-09-22,7880.05,7924.95,7880.05,7922.95,13:50:00,7953.448285386761,1,57
2015-09-22,7867.5,7876.15,7864.15,7876.15,13:55:00,7945.2627343975455,1,58
2015-09-22,7826.25,7869.15,7826.25,7869.15,14:00:00,7933.928188264446,1,59
2015-09-22,7852.1,7852.1,7837.4,7837.4,14:05:00,7926.135027477356,1,60
2015-09-22,7840.0,7851.0,7840.0,7850.5,14:10:00,7917.931691527132,1,61
2015-09-22,7820.65,7835.55,7820.65,7835.55,14:15:00,7908.6667685245475,1,62
2015-09-22,7834.75,7835.45,7827.55,7830.35,14:20:00,7901.627076284115,1,63
2015-09-22,7838.55,7838.55,7834.7,7838.1,14:25:00,7895.619735685627,1,64
2015-09-22,7832.45,7838.55,7830.75,7838.55,14:30:00,7889.603570382234,1,65
2015-09-22,7826.15,7833.8,7823.5,7831.4,14:35:00,7883.560373202974,1,66
2015-09-22,7803.85,7826.0,7803.85,7826.0,14:40:00,7875.968909088406,1,67
2015-09-22,7811.15,7811.7,7802.8,7802.95,14:45:00,7869.795679651415,1,68
2015-09-22,7797.8,7815.3,7797.8,7815.3,14:50:00,7862.938948256042,1,69
2015-09-22,7814.2,7814.2,7792.15,7797.6,14:55:00,7858.297143660228,1,70
2015-09-22,7821.65,7824.45,7815.05,7815.05,15:00:00,7854.806939502112,1,71
2015-09-22,7826.65,7826.65,7816.15,7816.15,15:05:00,7852.125326216196,1,72
2015-09-22,7822.85,7830.65,7822.55,7830.65,15:10:00,7849.337199909893,1,73
2015-09-22,7806.25,7818.85,7806.25,7818.85,15:15:00,7845.2336570613315,1,74
2015-09-22,7802.85,7806.65,7802.85,7806.65,15:20:00,7841.197118293586,1,75
2015-09-22,7790.8,7799.7,7790.8,7799.7,15:25:00,7836.397392741816,1,76
2015-09-23,7737.35,7737.35,7737.35,7737.35,09:10:00,7826.964307718787,2,1
2015-09-23,7743.9,7743.9,7734.7,7734.7,09:15:00,7819.053421269378,2,2
2015-09-23,7743.2,7743.2,7724.35,7733.3,09:20:00,7811.829285910389,2,3
2015-09-23,7752.9,7752.9,7747.3,7747.3,09:25:00,7806.216972966543,2,4
2015-09-23,7753.15,7753.45,7745.5,7745.5,09:30:00,7801.162975541158,2,5
2015-09-23,7750.6,7750.6,7744.6,7749.65,09:35:00,7796.347454061047,2,6
2015-09-23,7767.7,7769.3,7761.7,7762.6,09:40:00,7793.619125102851,2,7
2015-09-23,7755.85,7766.0,7755.85,7765.75,09:45:00,7790.0220655692465,2,8
2015-09-23,7751.0,7756.0,7751.0,7756.0,09:50:00,7786.305678372175,2,9
2015-09-23,7753.4,7760.45,7753.4,7758.7,09:55:00,7783.171804241492,2,10
2015-09-23,7750.1,7756.6,7750.1,7754.65,10:00:00,7780.022108599445,2,11
2015-09-23,7744.1,7747.5,7741.4,7747.5,10:05:00,7776.600955399499,2,12
2015-09-23,7771.25,7771.25,7752.2,7752.2,10:10:00,7776.091340599547,2,13
2015-09-23,7776.0,7776.0,7768.25,7770.1,10:15:00,7776.082641494828,2,14
2015-09-23,7774.75,7775.1,7767.0,7775.1,10:20:00,7775.955723257225,2,15
2015-09-23,7771.45,7777.8,7771.45,7776.75,10:25:00,7775.526606756537,2,16
2015-09-23,7774.6,7774.6,7769.4,7769.4,10:30:00,7775.43835849401,2,17
2015-09-23,7775.8,7782.7,7775.8,7779.5,10:35:00,7775.472800542199,2,18
2015-09-23,7774.1,7779.15,7774.0,7777.5,10:40:00,7775.342057633418,2,19
2015-09-23,7777.85,7780.4,7772.15,7772.15,10:45:00,7775.580909287379,2,20
2015-09-23,7776.5,7777.3,7774.9,7775.9,10:50:00,7775.6684417362,2,21
2015-09-23,7777.5,7778.15,7777.45,7777.45,10:55:00,7775.8428758565615,2,22
2015-09-23,7784.8,7785.15,7783.0,7784.5,11:00:00,7776.695935298794,2,23
2015-09-23,7764.55,7782.5,7764.55,7782.05,11:05:00,7775.539179556053,2,24
2015-09-23,7763.55,7765.7,7761.4,7765.7,11:10:00,7774.397352931666,2,25
2015-09-23,7770.9,7771.15,7766.0,7766.0,11:15:00,7774.064271700079,2,26
2015-09-23,7771.6,7774.55,7771.45,7771.45,11:20:00,7773.8295791572145,2,27
2015-09-23,7774.45,7774.45,7770.8,7772.7,11:25:00,7773.888666856527,2,28
2015-09-23,7774.5,7777.55,7773.7,7773.7,11:30:00,7773.946889060668,2,29
2015-09-23,7791.6,7791.6,7776.85,7776.85,11:35:00,7775.628137721556,2,30
2015-09-23,7789.9,7795.95,7788.35,7790.2,11:40:00,7776.987362700455,2,31
2015-09-23,7802.4,7802.4,7790.85,7790.85,11:45:00,7779.40761387184,2,32
2015-09-23,7801.55,7809.35,7801.55,7805.75,11:50:00,7781.516412550713,2,33
2015-09-23,7796.65,7803.95,7796.65,7803.95,11:55:00,7782.957706593503,2,34
2015-09-23,7792.15,7795.7,7790.9,7794.0,12:00:00,7783.833163108407,2,35
2015-09-23,7797.2,7797.2,7791.25,7793.15,12:05:00,7785.106195193321,2,36
2015-09-23,7798.1,7798.45,7796.3,7796.3,12:10:00,7786.343700413005,2,37
2015-09-23,7806.2,7806.2,7798.0,7798.0,12:15:00,7788.234776564147,2,38
2015-09-23,7816.15,7816.15,7805.85,7805.85,12:20:00,7790.893369272323,2,39
2015-09-23,7813.4,7819.2,7813.0,7819.2,12:25:00,7793.0368579130545,2,40
2015-09-23,7818.15,7818.15,7809.05,7809.05,12:30:00,7795.428585730859,2,41
2015-09-23,7824.45,7828.9,7821.95,7828.9,12:35:00,7798.192529946968,2,42
2015-09-23,7801.7,7819.1,7801.7,7819.1,12:40:00,7798.526574713923,2,43
2015-09-23,7810.15,7810.15,7799.6,7799.6,12:45:00,7799.633567598311,2,44
2015-09-23,7818.25,7818.25,7807.6,7807.6,12:50:00,7801.406561160376,2,45
2015-09-23,7822.85,7822.85,7817.05,7817.75,12:55:00,7803.448793430816,2,46
2015-09-23,7820.7,7825.1,7820.05,7825.1,13:00:00,7805.091765485024,2,47
2015-09-23,7821.9,7821.9,7819.55,7820.5,13:05:00,7806.692549724545,2,48
2015-09-23,7836.5,7836.5,7822.85,7822.85,13:10:00,7809.531354512683,2,49
2015-09-23,7822.55,7832.8,7822.55,7832.8,13:15:00,7810.771225511475,2,50
2015-09-23,7827.1,7829.75,7823.4,7823.4,13:20:00,7812.326346891335,2,51
2015-09-23,7821.2,7828.2,7821.2,7826.95,13:25:00,7813.171456711208,2,52
2015-09-23,7822.65,7825.6,7822.65,7825.6,13:30:00,7814.074175119664,2,53
2015-09-23,7825.1,7826.3,7824.4,7824.7,13:35:00,7815.124253679696,2,54
2015-09-23,7853.9,7853.9,7832.35,7832.35,13:40:00,7818.817181900677,2,55
2015-09-23,7848.15,7862.35,7848.15,7862.35,13:45:00,7821.610783624423,2,56
2015-09-23,7848.4,7848.4,7843.25,7843.25,13:50:00,7824.162137564954,2,57
2015-09-23,7846.15,7849.25,7841.35,7849.25,13:55:00,7826.256219701625,2,58
2015-09-23,7854.6,7856.4,7850.85,7850.85,14:00:00,7828.95562734909,2,59
2015-09-23,7852.8,7858.2,7852.8,7858.2,14:05:00,7831.22651998251,2,60
2015-09-23,7852.9,7853.65,7848.3,7848.3,14:10:00,7833.290660936556,2,61
2015-09-23,7862.45,7862.45,7845.7,7851.25,14:15:00,7836.06774084736,2,62
2015-09-23,7865.3,7866.9,7862.3,7865.95,14:20:00,7838.851765528564,2,63
2015-09-23,7862.15,7865.85,7862.15,7862.4,14:25:00,7841.070645002033,2,64
2015-09-23,7875.4,7880.45,7875.4,7878.9,14:30:00,7844.340107382792,2,65
2015-09-23,7871.7,7878.7,7869.1,7878.7,14:35:00,7846.945811441574,2,66
2015-09-23,7871.2,7871.2,7862.65,7862.65,14:40:00,7849.255734161424,2,67
2015-09-23,7865.65,7866.1,7861.35,7866.1,14:45:00,7850.817092812717,2,68
2015-09-23,7869.6,7873.85,7869.6,7869.75,14:50:00,7852.605941116269,2,69
2015-09-23,7854.25,7870.25,7854.25,7870.25,14:55:00,7852.762518152815,2,70
2015-09-23,7855.5,7855.5,7848.85,7853.95,15:00:00,7853.023230709689,2,71
2015-09-23,7839.9,7852.05,7839.9,7852.05,15:05:00,7851.773399213528,2,72
2015-09-23,7844.55,7848.0,7841.6,7847.55,15:10:00,7851.085456431288,2,73
2015-09-23,7844.0,7851.3,7842.25,7842.25,15:15:00,7850.41065105688,2,74
2015-09-23,7847.25,7847.25,7842.25,7844.95,15:20:00,7850.109636670511,2,75
2015-09-23,7853.3,7853.3,7847.8,7848.2,15:25:00,7850.413480797129,2,76
2015-09-24,7838.4,7838.4,7838.4,7838.4,09:10:00,7849.269339768831,3,1
2015-09-24,7831.75,7835.5,7821.2,7835.5,09:15:00,7847.600831219418,3,2
2015-09-24,7848.15,7848.15,7836.1,7836.1,09:20:00,7847.653133008045,3,3
2015-09-24,7837.7,7845.95,7837.7,7845.25,09:25:00,7846.705215578708,3,4
2015-09-24,7838.15,7846.65,7838.15,7846.65,09:30:00,7845.89043314264,3,5
2015-09-24,7835.2,7837.65,7831.05,7837.65,09:35:00,7844.872296652865,3,6
2015-09-24,7827.9,7829.1,7823.35,7829.1,09:40:00,7843.25588744783,3,7
2015-09-24,7809.75,7829.65,7809.75,7829.65,09:45:00,7840.064850548037,3,8
2015-09-24,7819.2,7819.2,7809.45,7809.45,09:50:00,7838.077721924415,3,9
2015-09-24,7820.1,7820.1,7815.95,7815.95,09:55:00,7836.365557931613,3,10
2015-09-24,7827.05,7827.4,7820.55,7820.55,10:00:00,7835.478361938126,3,11
2015-09-24,7821.1,7826.2,7821.1,7824.85,10:05:00,7834.108994134495,3,12
2015-09-24,7825.2,7825.2,7820.15,7820.15,10:10:00,7833.260518502639,3,13
2015-09-24,7836.5,7836.5,7826.0,7826.0,10:15:00,7833.569040550006,3,14
2015-09-24,7832.95,7835.5,7830.95,7835.5,10:20:00,7833.510084307149,3,15
2015-09-24,7838.2,7838.2,7835.75,7835.75,10:25:00,7833.956742944563,3,16
2015-09-24,7843.9,7845.2,7836.05,7836.05,10:30:00,7834.9037198069855,3,17
2015-09-24,7833.35,7839.8,7833.35,7839.8,10:35:00,7834.755746492034,3,18
2015-09-24,7830.65,7834.0,7829.45,7834.0,10:40:00,7834.364723016602,3,19
2015-09-24,7831.55,7832.4,7831.25,7831.25,10:45:00,7834.096654157878,3,20
2015-09-24,7826.8,7830.2,7825.2,7830.2,10:50:00,7833.401734714271,3,21
2015-09-24,7830.7,7832.9,7829.45,7829.45,10:55:00,7833.144426646245,3,22
2015-09-24,7828.8,7832.05,7828.4,7832.05,11:00:00,7832.730671727555,3,23
2015-09-24,7826.5,7827.7,7824.45,7825.8,11:05:00,7832.137274420169,3,24
2015-09-24,7825.2,7827.3,7825.0,7825.5,11:10:00,7831.476581618248,3,25
2015-09-24,7830.4,7830.4,7827.25,7827.25,11:15:00,7831.374050035558,3,26
2015-09-24,7829.1,7829.6,7827.85,7828.55,11:20:00,7831.157473841696,3,27
2015-09-24,7829.0,7829.45,7828.1,7829.45,11:25:00,7830.952000142487,3,28
2015-09-24,7828.2,7831.1,7827.85,7827.85,11:30:00,7830.689904890822,3,29
2015-09-24,7833.0,7833.0,7829.15,7829.15,11:35:00,7830.909913948839,3,30
2015-09-24,7837.6,7837.6,7834.75,7834.75,11:40:00,7831.54706500133,3,31
2015-09-24,7834.05,7836.9,7834.05,7836.45,11:45:00,7831.785439763109,3,32
2015-09-24,7841.65,7841.65,7833.5,7833.5,11:50:00,7832.724921690432,3,33
2015-09-24,7843.8,7843.8,7841.0,7841.0,11:55:00,7833.779691053248,3,34
2015-09-24,7843.95,7848.45,7843.95,7846.2,12:00:00,7834.74829190532,3,35
2015-09-24,7841.35,7845.95,7841.35,7845.05,12:05:00,7835.377026009575,3,36
2015-09-24,7847.8,7847.8,7842.65,7842.65,12:10:00,7836.560166389616,3,37
2015-09-24,7852.75,7853.8,7850.3,7850.5,12:15:00,7838.10205530489,3,38
2015-09-24,7855.85,7856.65,7850.45,7850.45,12:20:00,7839.792335752044,3,39
2015-09-24,7854.8,7855.9,7853.35,7855.9,12:25:00,7841.221637108992,3,40
2015-09-24,7844.55,7855.75,7844.55,7854.7,12:30:00,7841.538624050992,3,41
2015-09-24,7847.65,7847.65,7845.35,7845.35,12:35:00,7842.120659855659,3,42
2015-09-24,7843.7,7844.7,7841.5,7844.7,12:40:00,7842.271073202739,3,43
2015-09-24,7847.95,7847.95,7845.2,7845.2,12:45:00,7842.811923373907,3,44
2015-09-24,7846.3,7848.4,7845.4,7848.4,12:50:00,7843.14412114782,3,45
2015-09-24,7836.5,7845.5,7836.5,7844.05,12:55:00,7842.511347705171,3,46
2015-09-24,7834.9,7837.5,7825.75,7837.5,13:00:00,7841.786457447536,3,47
2015-09-24,7826.6,7834.7,7826.6,7834.7,13:05:00,7840.340128166818,3,48
2015-09-24,7820.45,7828.85,7820.45,7828.85,13:10:00,7838.445830246169,3,49
2015-09-24,7831.05,7831.05,7824.3,7824.3,13:15:00,7837.741465460819,3,50
2015-09-24,7840.8,7843.85,7833.35,7833.35,13:20:00,7838.032754464551,3,51
2015-09-24,7839.4,7841.9,7839.4,7839.45,13:25:00,7838.16296832507,3,52
2015-09-24,7852.9,7853.2,7841.75,7841.75,13:30:00,7839.566495151254,3,53
2015-09-24,7863.0,7863.0,7855.0,7855.0,13:35:00,7841.798257517801,3,54
2015-09-24,7881.15,7881.15,7874.7,7874.7,13:40:00,7845.546042516105,3,55
2015-09-24,7887.9,7894.45,7880.5,7880.5,13:45:00,7849.579752752667,3,56
2015-09-24,7880.25,7883.65,7880.25,7882.3,13:50:00,7852.500728680985,3,57
2015-09-24,7878.7,7883.9,7878.35,7878.35,13:55:00,7854.995897378035,3,58
2015-09-24,7880.9,7883.25,7878.75,7878.75,14:00:00,7857.462954770603,3,59
2015-09-24,7877.6,7879.45,7876.6,7879.45,14:05:00,7859.380768601974,3,60
2015-09-24,7869.65,7876.3,7869.15,7876.3,14:10:00,7860.358790639881,3,61
2015-09-24,7870.05,7872.85,7868.8,7872.85,14:15:00,7861.281762959891,3,62
2015-09-24,7883.9,7883.9,7873.75,7873.75,14:20:00,7863.435880773235,3,63
2015-09-24,7874.35,7880.8,7868.75,7880.8,14:25:00,7864.475320699594,3,64
2015-09-24,7870.0,7874.0,7870.0,7873.2,14:30:00,7865.001480632965,3,65
2015-09-24,7877.7,7877.7,7867.05,7867.05,14:35:00,7866.210863429826,3,66
2015-09-24,7883.8,7883.8,7878.05,7881.35,14:40:00,7867.886019293652,3,67
2015-09-24,7882.85,7884.7,7882.65,7884.7,14:45:00,7869.311160313304,3,68
2015-09-24,7866.1,7880.15,7866.1,7880.15,14:50:00,7869.00533552156,3,69
2015-09-24,7870.8,7873.15,7870.8,7871.8,14:55:00,7869.1762559480785,3,70
2015-09-24,7876.75,7876.75,7873.15,7873.7,15:00:00,7869.897564905405,3,71
2015-09-24,7868.75,7872.65,7868.4,7872.65,15:05:00,7869.788273009652,3,72
2015-09-24,7864.9,7868.55,7864.65,7868.55,15:10:00,7869.322723199208,3,73
2015-09-24,7864.8,7868.1,7864.8,7865.65,15:15:00,7868.891987656426,3,74
2015-09-24,7868.2,7868.2,7866.2,7866.2,15:20:00,7868.8260840701,3,75
2015-09-24,7872.1,7872.1,7869.8,7869.8,15:25:00,7869.137885587234,3,76
2015-09-28,7892.8,7892.8,7892.8,7892.8,09:10:00,7871.391420293212,0,1
2015-09-28,7879.65,7892.8,7860.1,7892.8,09:15:00,7872.177951693859,0,2
2015-09-28,7875.85,7885.05,7866.9,7885.05,09:20:00,7872.527670580158,0,3
2015-09-28,7858.3,7875.65,7858.3,7874.65,09:25:00,7871.172654334428,0,4
2015-09-28,7850.75,7861.75,7842.7,7861.75,09:30:00,7869.227639635911,0,5
2015-09-28,7843.1,7854.3,7843.1,7852.3,09:35:00,7866.73929300392,0,6
2015-09-28,7839.85,7841.7,7833.1,7833.1,09:40:00,7864.178407955927,0,7
2015-09-28,7856.45,7856.45,7846.4,7846.4,09:45:00,7863.442369102981,0,8
2015-09-28,7845.8,7849.6,7842.2,7849.6,09:50:00,7861.762143474127,0,9
2015-09-28,7845.65,7845.65,7842.0,7842.15,09:55:00,7860.227653619448,0,10
2015-09-28,7855.95,7855.95,7846.55,7846.55,10:00:00,7859.820258036643,0,11
2015-09-28,7870.05,7870.05,7863.2,7863.85,10:05:00,7860.79451917601,0,12
2015-09-28,7867.2,7870.45,7864.25,7867.2,10:10:00,7861.40456496877,0,13
2015-09-28,7875.05,7875.05,7866.4,7867.65,10:15:00,7862.70413020984,0,14
2015-09-28,7864.05,7874.25,7864.05,7872.95,10:20:00,7862.832308285093,0,15
2015-09-28,7862.6,7868.7,7862.6,7866.65,10:25:00,7862.810183686513,0,16
2015-09-28,7858.05,7859.95,7857.45,7859.95,10:30:00,7862.3568328592255,0,17
2015-09-28,7866.65,7866.65,7862.6,7864.9,10:35:00,7862.765705920251,0,18
2015-09-28,7867.5,7867.5,7865.45,7867.0,10:40:00,7863.216591070703,0,19
2015-09-28,7871.05,7871.9,7870.4,7871.1,10:45:00,7863.96263001635,0,20
2015-09-28,7873.85,7879.65,7872.05,7872.05,10:50:00,7864.904284300507,0,21
2015-09-28,7875.35,7875.35,7872.85,7872.85,10:55:00,7865.8991143671265,0,22
2015-09-28,7868.9,7876.65,7868.9,7875.45,11:00:00,7866.184912998829,0,23
2015-09-28,7865.8,7870.55,7865.8,7867.05,11:05:00,7866.148254617988,0,24
2015-09-28,7862.75,7865.0,7859.3,7865.0,11:10:00,7865.824611321036,0,25
2015-09-28,7859.6,7862.9,7859.6,7862.9,11:15:00,7865.231791195223,0,26
2015-09-28,7859.4,7863.45,7858.55,7863.3,11:20:00,7864.676382509963,0,27
2015-09-28,7865.4,7865.8,7860.05,7860.05,11:25:00,7864.745298461395,0,28
2015-09-28,7858.7,7863.65,7858.7,7863.65,11:30:00,7864.169555750786,0,29
2015-09-28,7862.9,7862.9,7857.9,7857.9,11:35:00,7864.048645679282,0,30
2015-09-28,7863.4,7864.4,7862.65,7864.15,11:40:00,7863.986869900303,0,31
2015-09-28,7862.45,7863.35,7861.8,7861.8,11:45:00,7863.840501338369,0,32
2015-09-28,7865.8,7865.8,7862.65,7862.85,11:50:00,7864.0271202585245,0,33
2015-09-28,7868.95,7868.95,7864.2,7864.2,11:55:00,7864.495965948189,0,34
2015-09-28,7867.4,7870.65,7866.75,7870.15,12:00:00,7864.77254061979,0,35
2015-09-28,7868.15,7870.15,7867.25,7867.25,12:05:00,7865.094203417904,0,36
2015-09-28,7865.9,7869.6,7865.9,7869.6,12:10:00,7865.170945949532,0,37
2015-09-28,7863.1,7864.05,7861.05,7864.05,12:15:00,7864.973713001958,0,38
2015-09-28,7865.7,7866.45,7865.0,7865.0,12:20:00,7865.042883192247,0,39
2015-09-28,7860.75,7863.8,7860.75,7863.45,12:25:00,7864.634037173938,0,40
2015-09-28,7865.0,7865.0,7852.9,7859.75,12:30:00,7864.66889077642,0,41
2015-09-28,7863.0,7865.15,7862.85,7862.85,12:35:00,7864.509948797714,0,42
2015-09-28,7866.65,7867.65,7865.55,7865.55,12:40:00,7864.713763197931,0,43
2015-09-28,7852.6,7866.35,7852.6,7866.35,12:45:00,7863.560071464795,0,44
2015-09-28,7847.75,7852.8,7847.0,7852.8,12:50:00,7862.054350372909,0,45
2015-09-28,7853.45,7853.55,7843.1,7846.65,12:55:00,7861.234888432632,0,46
2015-09-28,7858.7,7858.7,7848.45,7848.45,13:00:00,7860.993470486667,0,47
2015-09-28,7868.95,7868.95,7858.0,7858.0,13:05:00,7861.751235202223,0,48
2015-09-28,7870.1,7872.85,7865.75,7872.85,13:10:00,7862.546355659155,0,49
2015-09-28,7871.7,7874.6,7871.7,7874.6,13:15:00,7863.418131310664,0,50
2015-09-28,7870.65,7874.15,7868.85,7868.85,13:20:00,7864.106880709648,0,51
2015-09-28,7869.95,7869.95,7865.75,7868.95,13:25:00,7864.66336826111,0,52
2015-09-28,7869.55,7869.55,7867.55,7868.75,13:30:00,7865.128761760052,0,53
2015-09-28,7872.55,7875.1,7869.65,7869.65,13:35:00,7865.835546354332,0,54
2015-09-28,7874.3,7875.35,7873.0,7873.6,13:40:00,7866.641684796777,0,55
2015-09-28,7875.7,7875.7,7874.4,7874.75,13:45:00,7867.504381482798,0,56
2015-09-28,7886.2,7888.55,7875.45,7875.45,13:50:00,7869.284916579674,0,57
2015-09-28,7881.8,7884.45,7881.8,7882.4,13:55:00,7870.476829286372,0,58
2015-09-28,7870.05,7880.95,7869.3,7880.95,14:00:00,7870.436178878145,0,59
2015-09-28,7863.0,7871.05,7863.0,7871.05,14:05:00,7869.727971365941,0,60
2015-09-28,7855.8,7861.95,7855.45,7855.45,14:10:00,7868.401497902518,0,61
2015-09-28,7855.2,7855.2,7849.35,7849.35,14:15:00,7867.144212387992,0,62
2015-09-28,7854.95,7854.95,7851.95,7853.9,14:20:00,7865.982858827231,0,63
2015-09-28,7849.65,7852.5,7849.65,7852.5,14:25:00,7864.427348462733,0,64
2015-09-28,7856.45,7857.85,7850.85,7850.85,14:30:00,7863.667600990092,0,65
2015-09-28,7851.4,7854.7,7849.85,7853.4,14:35:00,7862.499258038655,0,66
2015-09-28,7853.0,7853.1,7850.5,7851.85,14:40:00,7861.594566796878,0,67
2015-09-28,7816.7,7850.8,7810.6,7850.8,14:45:00,7857.318893768604,0,68
2015-09-28,7816.25,7818.45,7814.5,7816.7,14:50:00,7853.407570552546,0,69
2015-09-28,7812.35,7817.55,7811.25,7813.3,14:55:00,7849.497325738017,0,70
2015-09-28,7798.75,7805.3,7798.25,7805.3,15:00:00,7844.664247096302,0,71
2015-09-28,7801.2,7805.2,7797.55,7797.55,15:05:00,7840.524794991892,0,72
2015-09-28,7795.95,7797.05,7792.35,7797.05,15:10:00,7836.279576421235,0,73
2015-09-28,7793.9,7798.75,7789.3,7795.75,15:15:00,7832.243426285879,0,74
2015-09-28,7796.45,7797.4,7794.5,7795.85,15:20:00,7828.834528544367,0,75
2015-09-28,7800.7,7800.7,7795.1,7795.1,15:25:00,7826.155049635379,0,76
2015-09-29,7725.7,7725.7,7725.7,7725.7,09:10:00,7816.587902051057,1,1
2015-09-29,7716.55,7725.7,7711.85,7725.7,09:15:00,7807.0604828081,1,2
2015-09-29,7708.8,7718.8,7708.8,7710.4,09:20:00,7797.70234158828,1,3
2015-09-29,7722.0,7726.0,7713.5,7713.5,09:25:00,7790.49259477035,1,4
2015-09-29,7722.2,7725.8,7718.35,7718.85,09:30:00,7783.988538125554,1,5
2015-09-29,7718.3,7718.3,7708.7,7717.85,09:35:00,7777.732486875501,1,6
2015-09-29,7723.05,7724.6,7715.75,7715.75,09:40:00,7772.524630982596,1,7
2015-09-29,7720.95,7723.65,7717.35,7723.65,09:45:00,7767.612761365206,1,8
2015-09-29,7717.0,7720.85,7717.0,7720.85,09:50:00,7762.792498378043,1,9
2015-09-29,7720.1,7723.2,7719.85,7720.7,09:55:00,7758.726546151563,1,10
2015-09-29,7717.7,7717.7,7716.6,7716.75,10:00:00,7754.81925604189,1,11
2015-09-29,7713.55,7717.95,7713.55,7717.95,10:05:00,7750.888850704568,1,12
2015-09-29,7713.05,7713.05,7708.85,7710.55,10:10:00,7747.285150637465,1,13
2015-09-29,7719.55,7719.55,7709.9,7711.5,10:15:00,7744.6437077196115,1,14
2015-09-29,7717.75,7720.55,7717.75,7718.45,10:20:00,7742.082402222505,1,15
2015-09-29,7712.3,7715.35,7711.15,7714.5,10:25:00,7739.245982963219,1,16
2015-09-29,7693.15,7714.55,7693.15,7714.55,10:30:00,7734.855889347675,1,17
2015-09-29,7693.25,7700.6,7693.25,7698.0,10:35:00,7730.893423695516,1,18
2015-09-29,7695.2,7699.65,7695.2,7696.8,10:40:00,7727.494050010228,1,19
2015-09-29,7698.3,7700.55,7697.6,7697.6,10:45:00,7724.713664294969,1,20
2015-09-29,7701.7,7702.65,7699.5,7699.5,10:50:00,7722.521886743068,1,21
2015-09-29,7701.95,7713.85,7701.95,7702.0,10:55:00,7720.562659434204,1,22
2015-09-29,7793.75,7814.4,7703.2,7703.2,11:00:00,7727.532882345232,1,23
2015-09-29,7793.85,7803.5,7777.35,7777.35,11:05:00,7733.848798312352,1,24
2015-09-29,7797.1,7802.7,7797.1,7802.1,11:10:00,7739.872722282605,1,25
2015-09-29,7778.05,7800.65,7775.8,7800.65,11:15:00,7743.508653493785,1,26
2015-09-29,7784.4,7784.4,7772.0,7779.15,11:20:00,7747.403067446758,1,27
2015-09-29,7783.4,7788.75,7783.4,7787.25,11:25:00,7750.831346737542,1,28
2015-09-29,7775.15,7782.55,7775.15,7782.55,11:30:00,7753.147408953015,1,29
2015-09-29,7754.05,7781.0,7754.05,7781.0,11:35:00,7753.233370005109,1,30
2015-09-29,7754.05,7762.8,7748.95,7754.45,11:40:00,7753.311144290336,1,31
2015-09-29,7750.4,7765.7,7750.4,7763.9,11:45:00,7753.033892453162,1,32
2015-09-29,7758.75,7762.9,7758.75,7760.25,11:50:00,7753.578283648098,1,33
2015-09-29,7769.25,7771.15,7760.3,7760.3,11:55:00,7755.070828062566,1,34
2015-09-29,7776.7,7776.7,7769.4,7773.05,12:00:00,7757.130749199464,1,35
2015-09-29,7783.7,7787.45,7777.1,7780.85,12:05:00,7759.661154037611,1,36
2015-09-29,7797.95,7797.95,7784.4,7784.8,12:10:00,7763.307710795934,1,37
2015-09-29,7790.85,7797.8,7787.3,7797.8,12:15:00,7765.930785958227,1,38
2015-09-29,7809.95,7809.95,7793.0,7793.0,12:20:00,7770.1230920574435,1,39
2015-09-29,7820.8,7820.8,7805.55,7805.55,12:25:00,7774.949464242449,1,40
2015-09-29,7815.45,7822.75,7815.45,7817.6,12:30:00,7778.80665812412,1,41
2015-09-29,7812.55,7821.8,7812.55,7817.5,12:35:00,7782.020309731347,1,42
2015-09-29,7811.6,7811.6,7804.3,7804.3,12:40:00,7784.837423090266,1,43
2015-09-29,7849.1,7849.1,7816.7,7816.7,12:45:00,7790.95766851024,1,44
2015-09-29,7839.5,7847.0,7839.5,7840.3,12:50:00,7795.580747699742,1,45
2015-09-29,7844.6,7844.6,7838.85,7842.45,12:55:00,7800.249247918814,1,46
2015-09-29,7869.0,7869.0,7858.2,7859.25,13:00:00,7806.796938593213,1,47
2015-09-29,7854.55,7861.0,7851.35,7861.0,13:05:00,7811.344849203383,1,48
2015-09-29,7860.5,7862.2,7852.1,7852.1,13:10:00,7816.026292136395,1,49
2015-09-29,7869.45,7872.05,7866.7,7866.7,13:15:00,7821.114264313881,1,50
2015-09-29,7859.1,7865.65,7854.9,7865.65,13:20:00,7824.731953426845,1,51
2015-09-29,7863.35,7863.35,7855.5,7855.5,13:25:00,7828.409862624288,1,52
2015-09-29,7859.4,7860.35,7855.45,7860.35,13:30:00,7831.361304279118,1,53
2015-09-29,7868.0,7869.05,7860.9,7860.9,13:35:00,7834.8507038715825,1,54
2015-09-29,7878.7,7881.55,7867.55,7867.55,13:40:00,7839.026827312385,1,55
2015-09-29,7874.65,7880.8,7874.65,7877.6,13:45:00,7842.41951042549,1,56
2015-09-29,7888.85,7888.85,7874.3,7875.65,13:50:00,7846.841461813539,1,57
2015-09-29,7890.4,7892.95,7886.0,7886.0,13:55:00,7850.989894021774,1,58
2015-09-29,7909.6,7909.6,7893.95,7893.95,14:00:00,7856.571808876843,1,59
2015-09-29,7916.7,7916.7,7907.35,7910.45,14:05:00,7862.298303269525,1,60
2015-09-29,7918.7,7924.0,7918.45,7924.0,14:10:00,7867.669893434331,1,61
2015-09-29,7923.4,7923.4,7917.25,7917.25,14:15:00,7872.977522631062,1,62
2015-09-29,7906.3,7920.7,7906.3,7920.7,14:20:00,7876.151091904295,1,63
2015-09-29,7910.0,7910.0,7906.35,7909.6,14:25:00,7879.374797437219,1,64
2015-09-29,7912.1,7917.3,7911.7,7911.7,14:30:00,7882.491483395579,1,65
2015-09-29,7905.45,7913.9,7905.45,7913.0,14:35:00,7884.678008786476,1,66
2015-09-29,7896.5,7904.05,7896.5,7903.8,14:40:00,7885.803912711574,1,67
2015-09-29,7894.4,7902.9,7891.0,7891.0,14:45:00,7886.622587691425,1,68
2015-09-29,7882.05,7888.7,7880.95,7888.6,14:50:00,7886.187103149385,1,69
2015-09-29,7867.65,7881.5,7862.6,7876.75,14:55:00,7884.421664754205,1,70
2015-09-29,7863.15,7871.2,7856.0,7871.2,15:00:00,7882.395791920471,1,71
2015-09-29,7854.55,7862.05,7854.55,7862.05,15:05:00,7879.74381173757,1,72
2015-09-29,7849.05,7852.9,7844.5,7851.2,15:10:00,7876.820591572086,1,73
2015-09-29,7833.2,7849.15,7833.2,7849.15,15:15:00,7872.6662495176015,1,74
2015-09-29,7827.7,7832.0,7827.05,7830.35,15:20:00,7868.383749563544,1,75
2015-09-29,7827.55,7828.25,7825.25,7828.25,15:25:00,7864.494821033683,1,76
2015-09-30,7924.25,7924.25,7924.25,7924.25,09:10:00,7870.185790459047,2,1
2015-09-30,7906.65,7924.25,7896.85,7924.25,09:15:00,7873.65857232009,2,2
2015-09-30,7906.25,7916.5,7905.35,7916.5,09:20:00,7876.762517813415,2,3
2015-09-30,7899.85,7906.6,7899.85,7904.8,09:25:00,7878.961325640709,2,4
2015-09-30,7907.95,7908.4,7902.3,7907.1,09:30:00,7881.722151770165,2,5
2015-09-30,7887.85,7905.7,7887.8,7905.7,09:35:00,7882.305756363484,2,6
2015-09-30,7890.85,7895.1,7887.75,7895.1,09:40:00,7883.119493852676,2,7
2015-09-30,7893.05,7898.8,7893.05,7898.8,09:45:00,7884.065256342898,2,8
2015-09-30,7888.75,7893.6,7888.75,7893.6,09:50:00,7884.511422405479,2,9
2015-09-30,7876.2,7886.95,7876.2,7886.95,09:55:00,7883.719858366861,2,10
2015-09-30,7886.45,7888.05,7876.1,7876.1,10:00:00,7883.979871855731,2,11
2015-09-30,7896.5,7896.5,7891.05,7891.05,10:05:00,7885.172265012328,2,12
2015-09-30,7896.75,7896.75,7893.05,7894.65,10:10:00,7886.274906439726,2,13
2015-09-30,7900.2,7904.55,7899.3,7899.3,10:15:00,7887.601105826418,2,14
2015-09-30,7907.0,7907.0,7898.2,7898.85,10:20:00,7889.448619557236,2,15
2015-09-30,7906.8,7906.8,7904.55,7906.2,10:25:00,7891.101131980356,2,16
2015-09-30,7909.4,7909.4,7906.6,7909.05,10:30:00,7892.84388131556,2,17
2015-09-30,7909.55,7911.9,7908.35,7908.35,10:35:00,7894.434940237887,2,18
2015-09-30,7899.95,7902.85,7898.7,7902.85,10:40:00,7894.960184024755,2,19
2015-09-30,7892.3,7899.35,7892.3,7899.35,10:45:00,7894.7068331652545,2,20
2015-09-30,7892.4,7892.8,7887.85,7887.85,10:50:00,7894.487134768563,2,21
2015-09-30,7897.65,7897.85,7892.35,7892.35,10:55:00,7894.7883600287,2,22
2015-09-30,7897.55,7897.55,7894.85,7894.85,11:00:00,7895.0513733593,2,23
2015-09-30,7889.6,7893.4,7885.9,7893.4,11:05:00,7894.532194944129,2,24
2015-09-30,7883.3,7885.9,7882.65,7885.9,11:10:00,7893.462462092307,2,25
2015-09-30,7892.4,7892.4,7884.25,7887.75,11:15:00,7893.361275226372,2,26
2015-09-30,7890.5,7895.3,7890.5,7895.3,11:20:00,7893.088772823861,2,27
2015-09-30,7885.5,7890.45,7885.5,7890.45,11:25:00,7892.366032554922,2,28
2015-09-30,7899.9,7901.3,7886.35,7886.35,11:30:00,7893.083553263977,2,29
2015-09-30,7904.7,7911.8,7900.9,7901.0,11:35:00,7894.18988152455,2,30
2015-09-30,7905.4,7906.0,7904.8,7904.8,11:40:00,7895.257511855545,2,31
2015-09-30,7893.5,7903.85,7892.45,7903.85,11:45:00,7895.090129774065,2,32
2015-09-30,7894.65,7894.65,7889.0,7889.0,11:50:00,7895.048212652725,2,33
2015-09-30,7886.25,7893.15,7886.25,7893.15,11:55:00,7894.21028763818,2,34
2015-09-30,7895.7,7896.85,7889.05,7889.05,12:00:00,7894.352165005972,2,35
2015-09-30,7895.45,7897.2,7894.95,7894.95,12:05:00,7894.456720719689,2,36
2015-09-30,7892.75,7893.65,7890.7,7893.65,12:10:00,7894.294175889242,2,37
2015-09-30,7891.65,7891.65,7891.0,7891.2,12:15:00,7894.042349614076,2,38
2015-09-30,7898.2,7898.2,7893.4,7893.4,12:20:00,7894.438316317497,2,39
2015-09-30,7897.0,7898.0,7895.55,7898.0,12:25:00,7894.682286192021,2,40
2015-09-30,7906.3,7906.3,7897.65,7898.95,12:30:00,7895.788735126114,2,41
2015-09-30,7906.35,7911.8,7905.85,7905.85,12:35:00,7896.794569876009,2,42
2015-09-30,7905.05,7907.7,7905.05,7907.35,12:40:00,7897.580801316389,2,43
2015-09-30,7911.9,7911.9,7901.8,7901.8,12:45:00,7898.944534524351,2,44
2015-09-30,7921.8,7921.8,7913.25,7913.25,12:50:00,7901.121245522032,2,45
2015-09-30,7917.8,7919.45,7916.7,7919.45,12:55:00,7902.709698329458,2,46
2015-09-30,7911.55,7920.75,7911.55,7918.15,13:00:00,7903.551631821891,2,47
2015-09-30,7911.65,7915.7,7910.3,7910.3,13:05:00,7904.322904981711,2,48
2015-09-30,7909.8,7913.6,7907.35,7913.6,13:10:00,7904.844533078691,2,49
2015-09-30,7913.8,7914.15,7912.2,7913.65,13:15:00,7905.697434690244,2,50
2015-09-30,7901.45,7915.0,7901.45,7915.0,13:20:00,7905.292917100697,2,51
2015-09-30,7898.05,7904.3,7898.05,7902.35,13:25:00,7904.6031154720595,2,52
2015-09-30,7887.6,7898.65,7885.65,7898.65,13:30:00,7902.983771141387,2,53
2015-09-30,7889.4,7891.45,7889.1,7891.45,13:35:00,7901.690078651731,2,54
2015-09-30,7894.95,7895.8,7894.5,7894.7,13:40:00,7901.048166399185,2,55
2015-09-30,7898.75,7899.0,7896.5,7896.5,13:45:00,7900.829293408787,2,56
2015-09-30,7894.6,7900.6,7894.6,7900.35,13:50:00,7900.236027369855,2,57
2015-09-30,7904.55,7906.2,7893.45,7893.45,13:55:00,7900.646881906059,2,58
2015-09-30,7909.0,7910.4,7904.35,7905.4,14:00:00,7901.442416962625,2,59
2015-09-30,7901.4,7908.1,7901.0,7908.1,14:05:00,7901.438377251899,2,60
2015-09-30,7909.55,7909.55,7902.85,7902.85,14:10:00,7902.210912751718,2,61
2015-09-30,7916.5,7918.15,7910.8,7910.8,14:15:00,7903.571778203935,2,62
2015-09-30,7914.35,7918.75,7911.5,7918.75,14:20:00,7904.598275517846,2,63
2015-09-30,7916.45,7916.45,7913.2,7914.95,14:25:00,7905.727011182813,2,64
2015-09-30,7909.05,7916.6,7906.7,7916.6,14:30:00,7906.043486308259,2,65
2015-09-30,7908.95,7909.15,7906.15,7909.15,14:35:00,7906.320297136044,2,66
2015-09-30,7911.15,7911.75,7907.3,7911.75,14:40:00,7906.780268837373,2,67
2015-09-30,7931.05,7931.05,7915.6,7915.6,14:45:00,7909.091671805242,2,68
2015-09-30,7925.75,7931.5,7922.95,7931.5,14:50:00,7910.678179252362,2,69
2015-09-30,7938.8,7938.8,7927.45,7930.5,14:55:00,7913.356447894994,2,70
2015-09-30,7946.55,7946.55,7932.45,7932.45,15:00:00,7916.517738571661,2,71
2015-09-30,7940.9,7943.1,7936.0,7943.1,15:05:00,7918.839858707694,2,72
2015-09-30,7956.25,7956.25,7946.65,7946.65,15:10:00,7922.402729306961,2,73
2015-09-30,7950.4,7955.75,7950.4,7955.75,15:15:00,7925.069136039631,2,74
2015-09-30,7953.4,7954.15,7948.25,7948.25,15:20:00,7927.767313559666,2,75
2015-09-30,7950.7,7952.85,7946.25,7952.85,15:25:00,7929.951378934936,2,76
2015-10-01,7992.05,7992.05,7992.05,7992.05,09:10:00,7935.865533322084,3,1
2015-10-01,8003.75,8006.05,7986.9,7986.9,09:15:00,7942.330720624743,3,2
2015-10-01,7988.75,7999.4,7985.05,7999.4,09:20:00,7946.751604374767,3,3
2015-10-01,7992.75,7996.1,7983.5,7996.1,09:25:00,7951.132403958122,3,4
2015-10-01,7996.7,7999.65,7989.15,7989.15,09:30:00,7955.47217500973,3,5
2015-10-01,7996.0,8002.8,7996.0,8002.2,09:35:00,7959.331967865945,3,6
2015-10-01,7995.9,7998.25,7995.9,7998.0,09:40:00,7962.814637592998,3,7
2015-10-01,7993.0,7996.85,7992.05,7996.85,09:45:00,7965.689434012713,3,8
2015-10-01,7999.15,8000.3,7994.7,7995.65,09:50:00,7968.87615458293,3,9
2015-10-01,7997.75,8006.0,7997.75,8001.15,09:55:00,7971.6260446226515,3,10
2015-10-01,7991.25,8000.7,7991.25,7997.05,10:00:00,7973.494992753827,3,11
2015-10-01,7997.55,7998.5,7994.25,7994.25,10:05:00,7975.785945824891,3,12
2015-10-01,7991.05,7996.35,7991.05,7995.6,10:10:00,7977.23966527014,3,13
2015-10-01,7979.15,7990.5,7977.5,7990.5,10:15:00,7977.421601911079,3,14
2015-10-01,7967.35,7979.2,7967.35,7979.2,10:20:00,7976.462401729072,3,15
2015-10-01,7972.65,7975.9,7970.05,7970.05,10:25:00,7976.099315850112,3,16
2015-10-01,7962.85,7969.5,7959.3,7969.5,10:30:00,7974.8374762453395,3,17
2015-10-01,7956.95,7963.05,7943.65,7963.05,10:35:00,7973.133907079117,3,18
2015-10-01,7964.05,7964.15,7955.55,7955.55,10:40:00,7972.2687730715825,3,19
2015-10-01,7954.8,7959.85,7952.25,7959.85,10:45:00,7970.605080398099,3,20
2015-10-01,7943.55,7960.15,7943.55,7960.15,10:50:00,7968.02840607447,3,21
2015-10-01,7939.7,7949.9,7939.7,7948.55,10:55:00,7965.330462638805,3,22
2015-10-01,7945.25,7945.25,7936.65,7937.0,11:00:00,7963.418037625585,3,23
2015-10-01,7953.15,7955.25,7945.85,7945.85,11:05:00,7962.440129280291,3,24
2015-10-01,7953.65,7958.7,7951.8,7958.7,11:10:00,7961.6029741107395,3,25
2015-10-01,7950.2,7959.25,7950.2,7956.6,11:15:00,7960.516976576384,3,26
2015-10-01,7950.2,7952.95,7949.7,7951.05,11:20:00,7959.534407378633,3,27
2015-10-01,7953.8,7953.8,7947.9,7947.9,11:25:00,7958.988273342572,3,28
2015-10-01,7963.15,7963.15,7959.2,7959.2,11:30:00,7959.384628262327,3,29
2015-10-01,7953.8,7964.05,7953.8,7964.05,11:35:00,7958.85275890401,3,30
2015-10-01,7955.45,7955.6,7952.15,7952.15,11:40:00,7958.528686627438,3,31
2015-10-01,7964.65,7966.2,7959.3,7959.3,11:45:00,7959.111668853397,3,32
2015-10-01,7959.25,7965.0,7958.7,7965.0,11:50:00,7959.124843248311,3,33
2015-10-01,7959.85,7962.3,7958.15,7958.15,11:55:00,7959.193905796091,3,34
2015-10-01,7965.15,7965.15,7959.9,7959.9,12:00:00,7959.76115286313,3,35
2015-10-01,7968.35,7972.35,7968.35,7968.45,12:05:00,7960.579138304736,3,36
2015-10-01,7966.75,7969.1,7966.75,7967.85,12:10:00,7961.166839418571,3,37
2015-10-01,7964.1,7964.1,7959.9,7962.55,12:15:00,7961.446188045374,3,38
2015-10-01,7965.15,7965.15,7961.7,7961.7,12:20:00,7961.7989320410525,3,39
2015-10-01,7968.3,7968.3,7966.3,7967.1,12:25:00,7962.418081370476,3,40
2015-10-01,7971.55,7971.55,7967.95,7967.95,12:30:00,7963.287787906621,3,41
2015-10-01,7964.05,7971.3,7964.05,7971.3,12:35:00,7963.360379534562,3,42
2015-10-01,7960.3,7965.4,7959.65,7964.45,12:40:00,7963.068914816985,3,43
2015-10-01,7961.7,7963.05,7960.6,7963.05,12:45:00,7962.938541977272,3,44
2015-10-01,7965.35,7968.8,7963.1,7963.1,12:50:00,7963.168204646103,3,45
2015-10-01,7965.35,7965.35,7961.65,7961.65,12:55:00,7963.375994679807,3,46
2015-10-01,7955.1,7959.55,7955.1,7959.55,13:00:00,7962.587804710301,3,47
2015-10-01,7963.7,7964.75,7959.95,7959.95,13:05:00,7962.693728071225,3,48
2015-10-01,7964.1,7964.1,7961.95,7963.8,13:10:00,7962.827658731109,3,49
2015-10-01,7973.0,7977.1,7967.7,7967.7,13:15:00,7963.79645313767,3,50
2015-10-01,7970.25,7972.8,7967.2,7968.95,13:20:00,7964.411076648368,3,51
2015-10-01,7968.45,7968.5,7968.25,7968.25,13:25:00,7964.795736015189,3,52
2015-10-01,7961.5,7968.35,7961.5,7968.35,13:30:00,7964.481856394696,3,53
2015-10-01,7953.95,7959.85,7953.95,7959.85,13:35:00,7963.478822452344,3,54
2015-10-01,7954.75,7958.7,7952.45,7952.45,13:40:00,7962.64750602831,3,55
2015-10-01,7951.95,7953.95,7943.15,7953.95,13:45:00,7961.628695930375,3,56
2015-10-01,7944.2,7956.6,7944.2,7954.95,13:50:00,7959.968820127482,3,57
2015-10-01,7940.95,7948.0,7940.95,7943.35,13:55:00,7958.157503924865,3,58
2015-10-01,7937.15,7941.45,7934.05,7940.4,14:00:00,7956.156789265354,3,59
2015-10-01,7945.1,7945.2,7939.4,7939.4,14:05:00,7955.103761716273,3,60
2015-10-01,7948.1,7948.1,7941.35,7941.35,14:10:00,7954.4367367909135,3,61
2015-10-01,7944.7,7949.75,7944.15,7947.4,14:15:00,7953.509428525112,3,62
2015-10-01,7942.45,7945.65,7942.45,7945.15,14:20:00,7952.456149617959,3,63
2015-10-01,7940.05,7940.5,7932.65,7940.5,14:25:00,7951.274611559106,3,64
2015-10-01,7947.55,7947.55,7936.2,7936.2,14:30:00,7950.919886648715,3,65
2015-10-01,7952.35,7952.35,7945.9,7945.9,14:35:00,7951.056087920266,3,66
2015-10-01,7954.3,7961.7,7954.3,7955.4,14:40:00,7951.3650319278595,3,67
2015-10-01,7944.1,7950.95,7944.1,7950.95,14:45:00,7950.673124125206,3,68
2015-10-01,7949.3,7949.3,7942.5,7943.35,14:50:00,7950.542350398996,3,69
2015-10-01,7947.95,7949.65,7947.15,7949.65,14:55:00,7950.295459884805,3,70
2015-10-01,7952.6,7952.75,7944.7,7947.5,15:00:00,7950.514939895776,3,71
2015-10-01,7952.1,7957.3,7952.1,7952.75,15:05:00,7950.665898000941,3,72
2015-10-01,7950.9,7954.05,7950.9,7954.05,15:10:00,7950.688193429423,3,73
2015-10-01,7951.8,7951.8,7944.1,7947.55,15:15:00,7950.794079769478,3,74
2015-10-01,7953.4,7953.4,7950.55,7950.55,15:20:00,7951.042262648575,3,75
2015-10-01,7950.45,7955.05,7950.45,7953.45,15:25:00,7950.985856682044,3,76
2015-10-05,8005.1,8005.1,8005.1,8005.1,09:10:00,7956.139584617087,0,1
2015-10-05,8037.55,8037.55,8009.55,8009.55,09:15:00,7963.892957510699,0,2
2015-10-05,8032.1,8035.3,8032.1,8033.4,09:20:00,7970.388866319203,0,3
2015-10-05,8040.5,8046.15,8035.5,8035.5,09:25:00,7977.066117145945,0,4
2015-10-05,8044.45,8054.65,8044.45,8048.5,09:30:00,7983.483629798712,0,5
2015-10-05,8047.4,8047.4,8043.6,8044.3,09:35:00,7989.570903151216,0,6
2015-10-05,8057.6,8057.6,8048.9,8048.9,09:40:00,7996.049864755862,0,7
2015-10-05,8053.55,8058.75,8053.55,8057.95,09:45:00,8001.526068112446,0,8
2015-10-05,8055.85,8056.4,8052.35,8056.15,09:50:00,8006.699775911262,0,9
2015-10-05,8058.15,8058.15,8052.35,8056.05,09:55:00,8011.599797253047,0,10
2015-10-05,8058.05,8058.75,8056.05,8056.05,10:00:00,8016.02362608609,0,11
2015-10-05,8054.6,8059.05,8054.55,8059.05,10:05:00,8019.6975664588435,0,12
2015-10-05,8054.7,8057.6,8053.2,8057.6,10:10:00,8023.031131558001,0,13
2015-10-05,8051.55,8053.1,8050.85,8051.3,10:15:00,8025.747214266763,0,14
2015-10-05,8061.1,8061.1,8054.8,8057.0,10:20:00,8029.114146241357,0,15
2015-10-05,8065.15,8065.15,8061.55,8062.7,10:25:00,8032.546132313609,0,16
2015-10-05,8065.8,8068.5,8065.65,8068.5,10:30:00,8035.713167331361,0,17
2015-10-05,8065.7,8067.25,8064.35,8064.35,10:35:00,8038.569056156944,0,18
2015-10-05,8059.0,8064.95,8059.0,8063.75,10:40:00,8040.514860332473,0,19
2015-10-05,8059.25,8060.45,8055.65,8060.45,10:45:00,8042.2991593484285,0,20
2015-10-05,8057.3,8059.2,8057.3,8058.9,10:50:00,8043.727810839055,0,21
2015-10-05,8061.0,8061.0,8055.15,8055.15,10:55:00,8045.3727812353345,0,22
2015-10-05,8060.7,8061.7,8057.25,8061.7,11:00:00,8046.832516355779,0,23
2015-10-05,8065.1,8065.9,8062.1,8062.1,11:05:00,8048.572276702848,0,24
2015-10-05,8063.05,8066.05,8062.85,8066.05,11:10:00,8049.951107493052,0,25
2015-10-05,8061.2,8062.7,8059.2,8061.35,11:15:00,8051.022430588952,0,26
2015-10-05,8059.65,8061.3,8057.55,8061.3,11:20:00,8051.844103866195,0,27
2015-10-05,8060.9,8062.45,8060.9,8062.45,11:25:00,8052.7065701646525,0,28
2015-10-05,8060.65,8061.65,8059.15,8059.65,11:30:00,8053.463087291829,0,29
2015-10-05,8058.85,8061.4,8058.85,8059.1,11:35:00,8053.976126597368,0,30
2015-10-05,8061.2,8062.15,8059.1,8059.5,11:40:00,8054.6641145404765,0,31
2015-10-05,8053.05,8059.9,8053.05,8059.9,11:45:00,8054.5103893461455,0,32
2015-10-05,8057.15,8057.15,8053.75,8053.75,11:50:00,8054.761780836989,0,33
2015-10-05,8056.3,8059.65,8056.3,8059.65,11:55:00,8054.908277900133,0,34
2015-10-05,8056.6,8056.6,8055.0,8055.2,12:00:00,8055.069394290596,0,35
2015-10-05,8061.95,8061.95,8056.9,8056.9,12:05:00,8055.724690072445,0,36
2015-10-05,8065.85,8065.85,8062.7,8062.8,12:10:00,8056.68900530364,0,37
2015-10-05,8062.95,8065.0,8062.4,8064.7,12:15:00,8057.2852905128175,0,38
2015-10-05,8062.7,8065.2,8062.7,8063.6,12:20:00,8057.800977130644,0,39
2015-10-05,8064.2,8064.2,8060.8,8061.55,12:25:00,8058.410407880106,0,40
2015-10-05,8061.7,8061.7,8059.2,8060.95,12:30:00,8058.723702367715,0,41
2015-10-05,8062.35,8063.3,8062.2,8063.25,12:35:00,8059.06906404698,0,42
2015-10-05,8062.25,8063.3,8059.2,8063.3,12:40:00,8059.37201032822,0,43
2015-10-05,8060.1,8064.05,8059.45,8064.05,12:45:00,8059.441342677914,0,44
2015-10-05,8065.3,8065.3,8060.25,8060.85,12:50:00,8059.999310041922,0,45
2015-10-05,8065.6,8066.15,8065.15,8066.15,12:55:00,8060.532709085548,0,46
2015-10-05,8069.0,8069.0,8063.45,8063.45,13:00:00,8061.339117744068,0,47
2015-10-05,8072.3,8072.3,8067.75,8068.3,13:05:00,8062.383011292252,0,48
2015-10-05,8074.6,8074.6,8072.65,8074.15,13:10:00,8063.546534026324,0,49
2015-10-05,8076.25,8076.65,8074.95,8074.95,13:15:00,8064.756387928579,0,50
2015-10-05,8077.65,8077.65,8074.05,8074.05,13:20:00,8065.984350983001,0,51
2015-10-05,8078.3,8078.8,8078.15,8078.8,13:25:00,8067.157269937001,0,52
2015-10-05,8086.8,8087.65,8080.7,8080.7,13:30:00,8069.028006133477,0,53
2015-10-05,8084.25,8085.45,8083.25,8085.45,13:35:00,8070.477719835051,0,54
2015-10-05,8087.2,8088.3,8083.95,8083.95,13:40:00,8072.070317945999,0,55
2015-10-05,8088.65,8088.65,8086.25,8086.25,13:45:00,8073.6493352844755,0,56
2015-10-05,8085.85,8087.8,8084.95,8087.8,13:50:00,8074.811303352621,0,57
2015-10-05,8089.3,8089.3,8085.45,8085.45,13:55:00,8076.191179223799,0,58
2015-10-05,8093.8,8096.8,8088.2,8088.2,14:00:00,8077.868209773913,0,59
2015-10-05,8092.95,8094.75,8092.3,8094.75,14:05:00,8079.304570747826,0,60
2015-10-05,8093.45,8095.15,8093.45,8094.85,14:10:00,8080.651754486128,0,61
2015-10-05,8094.9,8094.9,8089.65,8091.1,14:15:00,8082.008730249354,0,62
2015-10-05,8104.65,8105.1,8098.8,8098.8,14:20:00,8084.165041654177,0,63
2015-10-05,8110.15,8110.15,8107.3,8107.3,14:25:00,8086.639799591874,0,64
2015-10-05,8109.65,8112.75,8108.65,8112.75,14:30:00,8088.831247249791,0,65
2015-10-05,8113.1,8113.1,8107.8,8107.8,14:35:00,8091.142557035525,0,66
2015-10-05,8117.4,8120.55,8114.35,8114.35,14:40:00,8093.643265889284,0,67
2015-10-05,8119.7,8119.7,8113.65,8116.8,14:45:00,8096.124859614115,0,68
2015-10-05,8123.35,8123.35,8119.4,8120.25,14:50:00,8098.717730127056,0,69
2015-10-05,8121.6,8125.0,8121.6,8125.0,14:55:00,8100.896993924479,0,70
2015-10-05,8126.5,8126.5,8120.0,8121.65,15:00:00,8103.335375455481,0,71
2015-10-05,8115.75,8126.3,8115.75,8126.3,15:05:00,8104.517720650198,0,72
2015-10-05,8113.4,8113.55,8110.8,8113.55,15:10:00,8105.363652016846,0,73
2015-10-05,8117.45,8123.25,8112.3,8112.3,15:15:00,8106.514732777146,0,74
2015-10-05,8118.75,8120.0,8118.7,8118.7,15:20:00,8107.679996322179,0,75
2015-10-05,8123.2,8123.2,8118.75,8119.95,15:25:00,8109.158091910543,0,76
2015-10-06,8180.45,8180.45,8180.45,8180.45,09:10:00,8115.947797442872,1,1
2015-10-06,8156.25,8180.45,8146.9,8180.45,09:15:00,8119.786102448312,1,2
2015-10-06,8146.45,8146.45,8133.9,8146.3,09:20:00,8122.325521262758,1,3
2015-10-06,8141.3,8145.2,8137.3,8145.2,09:25:00,8124.132614475829,1,4
2015-10-06,8150.05,8152.75,8146.0,8146.0,09:30:00,8126.600936906703,1,5
2015-10-06,8150.6,8150.6,8147.45,8147.8,09:35:00,8128.886561963208,1,6
2015-10-06,8148.6,8154.55,8148.6,8148.75,09:40:00,8130.764032252427,1,7
2015-10-06,8141.25,8148.8,8141.25,8148.8,09:45:00,8131.762695847434,1,8
2015-10-06,8144.4,8148.0,8141.55,8141.55,09:50:00,8132.9662486238685,1,9
2015-10-06,8144.4,8144.95,8142.45,8144.95,09:55:00,8134.055177326357,1,10
2015-10-06,8130.4,8138.7,8130.4,8138.7,10:00:00,8133.707065200037,1,11
2015-10-06,8119.05,8125.55,8118.4,8125.1,10:05:00,8132.311154228605,1,12
2015-10-06,8124.75,8131.25,8124.75,8127.65,10:10:00,8131.591044302071,1,13
2015-10-06,8123.25,8123.5,8118.85,8123.0,10:15:00,8130.796659130445,1,14
2015-10-06,8133.9,8133.9,8127.6,8127.6,10:20:00,8131.092215403735,1,15
2015-10-06,8134.05,8135.45,8131.5,8135.45,10:25:00,8131.373909174808,1,16
2015-10-06,8140.65,8140.65,8136.25,8136.25,10:30:00,8132.257346396255,1,17
2015-10-06,8138.6,8143.15,8138.6,8140.3,10:35:00,8132.861408644231,1,18
2015-10-06,8138.1,8139.75,8135.95,8139.75,10:40:00,8133.360322106685,1,19
2015-10-06,8134.0,8137.5,8134.0,8136.9,10:45:00,8133.421243810811,1,20
2015-10-06,8135.75,8136.1,8133.3,8133.3,10:50:00,8133.643030114543,1,21
2015-10-06,8136.85,8136.85,8134.25,8135.75,10:55:00,8133.94845581792,1,22
2015-10-06,8139.55,8139.55,8135.8,8139.0,11:00:00,8134.481936216213,1,23
2015-10-06,8137.3,8141.85,8137.3,8139.4,11:05:00,8134.750323243241,1,24
2015-10-06,8138.15,8138.25,8134.35,8134.6,11:10:00,8135.07410198198,1,25
2015-10-06,8133.65,8137.75,8130.6,8137.55,11:15:00,8134.938473221791,1,26
2015-10-06,8130.8,8134.2,8130.8,8134.2,11:20:00,8134.544332914954,1,27
2015-10-06,8126.8,8127.5,8126.3,8127.5,11:25:00,8133.806777399244,1,28
2015-10-06,8130.25,8131.15,8126.1,8126.1,11:30:00,8133.468036694554,1,29
2015-10-06,8122.35,8130.0,8115.0,8130.0,11:35:00,8132.409176056977,1,30
2015-10-06,8119.2,8120.7,8117.05,8120.3,11:40:00,8131.151159289646,1,31
2015-10-06,8122.25,8123.65,8120.6,8120.6,11:45:00,8130.30342983349,1,32
2015-10-06,8118.9,8122.6,8118.55,8122.6,11:50:00,8129.217388896967,1,33
2015-10-06,8121.75,8122.05,8118.4,8118.4,11:55:00,8128.506209002018,1,34
2015-10-06,8113.9,8121.2,8113.9,8121.2,12:00:00,8127.115141478017,1,35
2015-10-06,8114.6,8116.9,8114.6,8115.3,12:05:00,8125.923223242015,1,36
2015-10-06,8118.0,8119.55,8117.0,8117.0,12:10:00,8125.1686305523,1,37
2015-10-06,8112.7,8118.65,8112.7,8117.2,12:15:00,8123.981141928271,1,38
2015-10-06,8114.55,8114.55,8106.15,8106.15,12:20:00,8123.082937935103,1,39
2015-10-06,8115.85,8116.85,8114.75,8114.9,12:25:00,8122.394086703188,1,40
2015-10-06,8109.6,8116.6,8109.6,8116.6,12:30:00,8121.175602255265,1,41
2015-10-06,8109.7,8114.8,8109.7,8113.2,12:35:00,8120.082687754764,1,42
2015-10-06,8102.55,8106.25,8102.55,8106.25,12:40:00,8118.412907968596,1,43
2015-10-06,8107.65,8107.65,8098.15,8099.6,12:45:00,8117.387869114444,1,44
2015-10-06,8116.5,8116.5,8109.05,8109.05,12:50:00,8117.303310151164,1,45
2015-10-06,8121.2,8124.95,8117.1,8117.1,12:55:00,8117.6744234701,1,46
2015-10-06,8113.65,8123.5,8112.2,8123.5,13:00:00,8117.291145044376,1,47
2015-10-06,8118.2,8118.2,8115.15,8115.7,13:05:00,8117.377702659198,1,48
2015-10-06,8122.1,8122.4,8116.3,8121.35,13:10:00,8117.827445263083,1,49
2015-10-06,8119.15,8123.4,8119.15,8123.4,13:15:00,8117.953402857075,1,50
2015-10-06,8113.8,8121.1,8112.05,8121.1,13:20:00,8117.557840680211,1,51
2015-10-06,8114.2,8114.2,8109.55,8112.15,13:25:00,8117.238046329714,1,52
2015-10-06,8113.3,8113.3,8109.75,8112.55,13:30:00,8116.862994298312,1,53
2015-10-06,8124.65,8125.6,8114.15,8114.15,13:35:00,8117.604613888949,1,54
2015-10-06,8135.3,8135.3,8125.85,8127.15,13:40:00,8119.289888756668,1,55
2015-10-06,8134.5,8136.15,8133.0,8133.0,13:45:00,8120.738470779842,1,56
2015-10-06,8138.9,8138.9,8134.9,8134.9,13:50:00,8122.468140229381,1,57
2015-10-06,8143.35,8143.35,8135.7,8140.1,13:55:00,8124.456888778964,1,58
2015-10-06,8144.35,8145.55,8143.6,8143.95,14:00:00,8126.351470800015,1,59
2015-10-06,8150.3,8151.05,8145.7,8145.7,14:05:00,8128.632283104775,1,60
2015-10-06,8142.3,8151.35,8142.2,8151.35,14:10:00,8129.933970428129,1,61
2015-10-06,8155.1,8155.1,8142.05,8142.05,14:15:00,8132.33073514926,1,62
2015-10-06,8156.95,8162.5,8156.95,8160.2,14:20:00,8134.675427039808,1,63
2015-10-06,8151.5,8159.5,8151.5,8159.5,14:25:00,8136.277767321731,1,64
2015-10-06,8153.3,8154.75,8148.55,8148.55,14:30:00,8137.898932338709,1,65
2015-10-06,8159.65,8161.35,8154.3,8154.3,14:35:00,8139.970462592165,1,66
2015-10-06,8163.65,8163.65,8160.45,8160.45,14:40:00,8142.225656631006,1,67
2015-10-06,8168.2,8168.2,8163.9,8163.9,14:45:00,8144.69940361853,1,68
2015-10-06,8160.4,8170.45,8160.4,8169.65,14:50:00,8146.194698512003,1,69
2015-10-06,8155.9,8160.45,8155.9,8159.35,14:55:00,8147.119012939432,1,70
2015-10-06,8158.3,8159.65,8157.15,8157.15,15:00:00,8148.183868849962,1,71
2015-10-06,8158.7,8160.45,8156.8,8156.8,15:05:00,8149.185405149965,1,72
2015-10-06,8148.4,8156.4,8145.25,8156.4,15:10:00,8149.110604659492,1,73
2015-10-06,8151.5,8151.5,8146.95,8148.95,15:15:00,8149.338166120493,1,74
2015-10-06,8148.0,8150.85,8148.0,8149.75,15:20:00,8149.210721728065,1,75
2015-10-06,8150.65,8151.9,8149.65,8149.8,15:25:00,8149.347795849202,1,76
2015-10-07,8146.2,8146.2,8146.2,8146.2,09:10:00,8149.048005768325,2,1
2015-10-07,8136.3,8146.2,8136.3,8146.2,09:15:00,8147.833909980865,2,2
2015-10-07,8148.9,8148.9,8136.75,8137.1,09:20:00,8147.93544236364,2,3
2015-10-07,8149.0,8153.35,8146.7,8146.7,09:25:00,8148.036828805198,2,4
2015-10-07,8164.45,8164.55,8151.7,8156.8,09:30:00,8149.599987966608,2,5
2015-10-07,8162.95,8167.8,8162.75,8165.55,09:35:00,8150.871417684074,2,6
2015-10-07,8158.35,8164.15,8156.05,8164.15,09:40:00,8151.583663618924,2,7
2015-10-07,8155.9,8158.15,8154.15,8157.75,09:45:00,8151.994743274265,2,8
2015-10-07,8158.55,8158.55,8152.75,8152.75,09:50:00,8152.6190534386205,2,9
2015-10-07,8162.2,8162.5,8160.05,8160.05,09:55:00,8153.531524539705,2,10
2015-10-07,8163.15,8165.95,8158.8,8165.95,10:00:00,8154.447569821637,2,11
2015-10-07,8163.85,8163.85,8160.3,8160.3,10:05:00,8155.343039362434,2,12
2015-10-07,8171.45,8171.45,8164.75,8164.75,10:10:00,8156.877035613631,2,13
2015-10-07,8177.6,8182.55,8174.85,8174.85,10:15:00,8158.850651269476,2,14
2015-10-07,8175.45,8176.25,8173.55,8173.85,10:20:00,8160.431541624764,2,15
2015-10-07,8172.7,8175.65,8172.7,8174.75,10:25:00,8161.599966231929,2,16
2015-10-07,8171.8,8171.8,8164.4,8171.15,10:30:00,8162.571398019364,2,17
2015-10-07,8176.05,8176.05,8171.55,8171.75,10:35:00,8163.855074398472,2,18
2015-10-07,8177.0,8178.45,8177.0,8177.95,10:40:00,8165.106972074808,2,19
2015-10-07,8175.05,8175.05,8171.85,8173.25,10:45:00,8166.053927115303,2,20
2015-10-07,8179.75,8179.75,8176.3,8177.3,10:50:00,8167.3583150090835,2,21
2015-10-07,8178.25,8183.1,8178.25,8181.0,10:55:00,8168.395618341552,2,22
2015-10-07,8176.3,8177.45,8175.4,8177.45,11:00:00,8169.148416594738,2,23
2015-10-07,8181.3,8183.75,8179.6,8179.6,11:05:00,8170.305710252382,2,24
2015-10-07,8176.0,8181.3,8176.0,8181.3,11:10:00,8170.848023561679,2,25
2015-10-07,8169.95,8176.25,8169.95,8176.25,11:15:00,8170.762497508185,2,26
2015-10-07,8171.5,8171.6,8169.35,8169.35,11:20:00,8170.83273584074,2,27
2015-10-07,8169.9,8169.9,8167.5,8169.15,11:25:00,8170.743903855907,2,28
2015-10-07,8174.95,8174.95,8169.75,8169.75,11:30:00,8171.144484441059,2,29
2015-10-07,8174.7,8175.55,8173.65,8175.05,11:35:00,8171.483104970483,2,30
2015-10-07,8177.7,8177.7,8172.85,8172.85,11:40:00,8172.075190211389,2,31
2015-10-07,8172.35,8175.65,8172.35,8175.65,11:45:00,8172.101362572209,2,32
2015-10-07,8156.75,8170.45,8156.75,8170.45,11:50:00,8170.639328041522,2,33
2015-10-07,8158.5,8159.15,8155.5,8159.15,11:55:00,8169.483201561377,2,34
2015-10-07,8166.25,8166.25,8160.3,8160.8,12:00:00,8169.175277603151,2,35
2015-10-07,8166.9,8166.9,8163.75,8165.5,12:05:00,8168.958584498089,2,36
2015-10-07,8155.9,8163.6,8155.9,8163.6,12:10:00,8167.714909783986,2,37
2015-10-07,8146.65,8153.3,8146.65,8152.35,12:15:00,8165.708727899797,2,38
2015-10-07,8149.0,8149.0,8143.25,8147.05,12:20:00,8164.117420480768,2,39
2015-10-07,8154.55,8154.55,8148.2,8148.2,12:25:00,8163.206237577838,2,40
2015-10-07,8149.9,8149.9,8144.35,8149.7,12:30:00,8161.938976856139,2,41
2015-10-07,8157.4,8158.6,8152.4,8153.3,12:35:00,8161.50669334603,2,42
2015-10-07,8150.5,8157.75,8150.5,8157.75,12:40:00,8160.458436836885,2,43
2015-10-07,8148.85,8151.5,8148.85,8149.1,12:45:00,8159.352871423848,2,44
2015-10-07,8142.0,8147.35,8142.0,8147.35,12:50:00,8157.70021700253,2,45
2015-10-07,8138.1,8140.9,8135.75,8137.8,12:55:00,8155.833529668956,2,46
2015-10-07,8146.4,8146.4,8139.2,8141.5,13:00:00,8154.935098271912,2,47
2015-10-07,8155.1,8155.1,8147.85,8147.95,13:05:00,8154.950803198396,2,48
2015-10-07,8168.1,8168.1,8159.5,8159.5,13:10:00,8156.203107655692,2,49
2015-10-07,8164.2,8174.3,8164.2,8172.35,13:15:00,8156.964716450389,2,50
2015-10-07,8166.4,8168.05,8162.8,8167.55,13:20:00,8157.863314883685,2,51
2015-10-07,8170.25,8172.35,8166.1,8166.1,13:25:00,8159.042999180478,2,52
2015-10-07,8165.1,8168.85,8165.1,8168.85,13:30:00,8159.619856401385,2,53
2015-10-07,8164.6,8164.6,8162.75,8163.4,13:35:00,8160.094155791729,2,54
2015-10-07,8162.35,8166.5,8161.65,8161.65,13:40:00,8160.308998097278,2,55
2015-10-07,8157.0,8161.1,8156.65,8161.1,13:45:00,8159.993855421347,2,56
2015-10-07,8175.0,8175.0,8159.4,8159.4,13:50:00,8161.423012047885,2,57
2015-10-07,8171.25,8173.45,8168.8,8168.95,13:55:00,8162.358915662372,2,58
2015-10-07,8172.0,8176.4,8172.0,8172.1,14:00:00,8163.277114170718,2,59
2015-10-07,8171.15,8171.15,8166.85,8170.9,14:05:00,8164.026912821126,2,60
2015-10-07,8163.65,8166.9,8161.65,8166.9,14:10:00,8163.991016361971,2,61
2015-10-07,8166.3,8172.3,8165.0,8165.0,14:15:00,8164.210919565593,2,62
2015-10-07,8160.5,8168.95,8160.5,8168.95,14:20:00,8163.857498654585,2,63
2015-10-07,8159.4,8159.9,8150.65,8155.5,14:25:00,8163.432974973195,2,64
2015-10-07,8158.65,8163.75,8157.55,8157.55,14:30:00,8162.977453547176,2,65
2015-10-07,8155.05,8159.85,8154.3,8157.5,14:35:00,8162.222457971255,2,66
2015-10-07,8160.35,8160.35,8153.85,8153.85,14:40:00,8162.044128640659,2,67
2015-10-07,8162.4,8162.8,8159.1,8161.15,14:45:00,8162.078021151073,2,68
2015-10-07,8160.0,8162.15,8158.75,8161.3,14:50:00,8161.88011437478,2,69
2015-10-07,8156.9,8162.1,8156.9,8162.1,14:55:00,8161.405817767658,2,70
2015-10-07,8174.25,8174.25,8158.2,8158.2,15:00:00,8162.629073218357,2,71
2015-10-07,8170.75,8171.2,8170.55,8171.2,15:05:00,8163.402494816609,2,72
2015-10-07,8172.8,8176.6,8172.8,8173.8,15:10:00,8164.297495310266,2,73
2015-10-07,8179.25,8179.25,8173.65,8173.65,15:15:00,8165.721543375955,2,74
2015-10-07,8179.3,8181.45,8179.0,8181.45,15:20:00,8167.014729721102,2,75
2015-10-07,8187.25,8187.25,8181.6,8181.6,15:25:00,8168.941898319093,2,76
2015-10-08,8196.75,8196.75,8196.75,8196.75,09:10:00,8171.590288955369,3,1
2015-10-08,8176.1,8196.75,8168.1,8196.75,09:15:00,8172.019785245334,3,2
2015-10-08,8170.5,8170.5,8164.0,8166.55,09:20:00,8171.875043793397,3,3
2015-10-08,8173.6,8179.6,8173.45,8177.15,09:25:00,8172.039325336883,3,4
2015-10-08,8160.8,8167.85,8158.7,8167.85,09:30:00,8170.968913400036,3,5
2015-10-08,8156.7,8156.7,8148.75,8154.8,09:35:00,8169.609969266699,3,6
2015-10-08,8161.8,8161.85,8159.9,8161.05,09:40:00,8168.866162669871,3,7
2015-10-08,8151.05,8158.2,8151.05,8157.25,09:45:00,8167.169385272741,3,8
2015-10-08,8157.4,8157.4,8145.8,8149.55,09:50:00,8166.238967627718,3,9
2015-10-08,8154.85,8157.65,8154.85,8157.45,09:55:00,8165.154304044126,3,10
2015-10-08,8142.5,8153.1,8142.4,8153.1,10:00:00,8162.996751278019,3,11
2015-10-08,8146.65,8146.65,8145.45,8145.45,10:05:00,8161.43991782297,3,12
2015-10-08,8148.2,8151.4,8147.45,8147.5,10:10:00,8160.178973268401,3,13
2015-10-08,8152.5,8153.75,8150.05,8150.05,10:15:00,8159.4476424809345,3,14
2015-10-08,8149.7,8156.05,8149.7,8154.9,10:20:00,8158.519295577988,3,15
2015-10-08,8147.25,8148.35,8144.1,8148.35,10:25:00,8157.4460293324655,3,16
2015-10-08,8146.8,8149.75,8146.1,8146.95,10:30:00,8156.432121776992,3,17
2015-10-08,8152.2,8152.2,8149.5,8149.5,10:35:00,8156.029062560136,3,18
2015-10-08,8155.05,8155.05,8152.5,8154.7,10:40:00,8155.935818506789,3,19
2015-10-08,8157.75,8158.3,8155.9,8156.5,10:45:00,8156.10859769662,3,20
2015-10-08,8151.45,8156.75,8151.3,8156.75,10:50:00,8155.664921725513,3,21
2015-10-08,8147.7,8150.25,8147.65,8149.35,10:55:00,8154.906357751654,3,22
2015-10-08,8150.55,8153.8,8149.85,8149.85,11:00:00,8154.491466537211,3,23
2015-10-08,8145.65,8150.85,8145.25,8150.85,11:05:00,8153.649422105095,3,24
2015-10-08,8143.65,8144.45,8141.9,8144.45,11:10:00,8152.697096190324,3,25
2015-10-08,8141.45,8144.75,8141.45,8144.75,11:15:00,8151.625944172199,3,26
2015-10-08,8143.65,8143.8,8142.8,8143.65,11:20:00,8150.866330441513,3,27
2015-10-08,8132.45,8141.45,8132.45,8141.45,11:25:00,8149.112394208988,3,28
2015-10-08,8134.2,8137.55,8133.0,8133.0,11:30:00,8147.692166189085,3,29
2015-10-08,8126.45,8134.9,8123.2,8134.9,11:35:00,8145.669102742505,3,30
2015-10-08,8120.8,8124.65,8120.8,8124.05,11:40:00,8143.300616767028,3,31
2015-10-08,8120.7,8120.7,8113.7,8117.65,11:45:00,8141.14817707493,3,32
2015-10-08,8119.25,8121.1,8117.65,8120.05,11:50:00,8139.062636401127,3,33
2015-10-08,8126.4,8126.5,8119.0,8119.0,11:55:00,8137.856671029591,3,34
2015-10-08,8122.9,8130.75,8122.9,8129.0,12:00:00,8136.43222616963,3,35
2015-10-08,8123.6,8124.1,8120.45,8123.55,12:05:00,8135.21010939157,3,36
2015-10-08,8120.25,8120.95,8118.6,8120.95,12:10:00,8133.785337068563,3,37
2015-10-08,8117.75,8119.3,8117.1,8119.3,12:15:00,8132.258162109652,3,38
2015-10-08,8119.45,8120.45,8118.95,8118.95,12:20:00,8131.038337146828,3,39
2015-10-08,8124.1,8124.1,8120.0,8120.0,12:25:00,8130.377543132845,3,40
2015-10-08,8126.55,8126.55,8124.05,8124.05,12:30:00,8130.013015215431,3,41
2015-10-08,8127.7,8130.35,8127.7,8129.25,12:35:00,8129.792728052056,3,42
2015-10-08,8123.2,8127.9,8123.2,8127.85,12:40:00,8129.164849189955,3,43
2015-10-08,8116.55,8121.45,8116.55,8121.4,12:45:00,8127.963434981388,3,44
2015-10-08,8119.45,8122.0,8113.6,8114.3,12:50:00,8127.152631649827,3,45
2015-10-08,8114.85,8121.25,8114.85,8121.25,12:55:00,8125.980952445081,3,46
2015-10-08,8123.0,8123.0,8114.4,8114.4,13:00:00,8125.697052212216,3,47
2015-10-08,8126.25,8126.25,8121.85,8125.3,13:05:00,8125.749713906292,3,48
2015-10-08,8122.5,8126.45,8122.5,8125.8,13:10:00,8125.4402173437875,3,49
2015-10-08,8125.95,8126.55,8125.05,8125.7,13:15:00,8125.48876807295,3,50
2015-10-08,8126.65,8126.65,8120.2,8124.05,13:20:00,8125.599361589811,3,51
2015-10-08,8114.7,8120.45,8114.15,8120.45,13:25:00,8124.561327152686,3,52
2015-10-08,8120.9,8120.9,8117.3,8117.3,13:30:00,8124.212629328621,3,53
2015-10-08,8134.4,8134.65,8122.25,8122.25,13:35:00,8125.182855106847,3,54
2015-10-08,8136.55,8136.55,8130.1,8135.05,13:40:00,8126.265440334766,3,55
2015-10-08,8132.65,8137.95,8132.65,8137.95,13:45:00,8126.873493636216,3,56
2015-10-08,8125.65,8130.1,8125.65,8130.1,13:50:00,8126.756970432767,3,57
2015-10-08,8122.1,8124.3,8121.65,8124.3,13:55:00,8126.313449439171,3,58
2015-10-08,8121.8,8125.1,8121.8,8123.5,14:00:00,8125.8835971116305,3,59
2015-10-08,8116.5,8122.2,8116.5,8121.1,14:05:00,8124.989921196237,3,60
2015-10-08,8120.3,8121.2,8114.9,8115.85,14:10:00,8124.543262034691,3,61
2015-10-08,8119.85,8120.75,8118.15,8118.15,14:15:00,8124.096284698054,3,62
2015-10-08,8116.9,8120.1,8116.9,8119.75,14:20:00,8123.41092425062,3,63
2015-10-08,8113.9,8116.55,8113.65,8113.65,14:25:00,8122.505121941037,3,64
2015-10-08,8117.45,8117.45,8106.15,8106.15,14:30:00,8122.023681756176,3,65
2015-10-08,8116.3,8117.95,8112.05,8117.95,14:35:00,8121.4785692079695,3,66
2015-10-08,8122.4,8122.4,8115.8,8115.8,14:40:00,8121.566324521496,3,67
2015-10-08,8122.95,8125.05,8122.35,8123.9,14:45:00,8121.698103138497,3,68
2015-10-08,8130.35,8130.35,8117.7,8119.45,14:50:00,8122.5220933157825,3,69
2015-10-08,8127.2,8135.1,8127.2,8135.1,14:55:00,8122.967608238088,3,70
2015-10-08,8133.0,8133.0,8122.95,8122.95,15:00:00,8123.923074120175,3,71
2015-10-08,8130.2,8134.4,8130.2,8131.85,15:05:00,8124.520876584921,3,72
2015-10-08,8125.6,8130.35,8122.75,8130.35,15:10:00,8124.6236502435,3,73
2015-10-08,8129.65,8129.65,8126.9,8126.9,15:15:00,8125.10235022031,3,74
2015-10-08,8134.1,8135.4,8133.0,8133.0,15:20:00,8125.959269246947,3,75
2015-10-08,8130.3,8133.15,8130.3,8132.4,15:25:00,8126.372672175809,3,76
2015-10-09,8186.35,8186.35,8186.35,8186.35,09:10:00,8132.084798635255,4,1
2015-10-09,8208.5,8208.5,8187.65,8187.65,09:15:00,8139.362436860469,4,2
2015-10-09,8204.65,8207.0,8201.85,8207.0,09:20:00,8145.580300016614,4,3
2015-10-09,8218.45,8221.1,8212.35,8212.35,09:25:00,8152.520271443603,4,4
2015-10-09,8212.5,8215.3,8212.5,8215.3,09:30:00,8158.232626544212,4,5
2015-10-09,8214.7,8218.9,8214.7,8218.9,09:35:00,8163.610471635239,4,6
2015-10-09,8210.55,8214.3,8206.45,8214.3,09:40:00,8168.080902908074,4,7
2015-10-09,8216.25,8216.25,8208.2,8208.2,09:45:00,8172.668435964448,4,8
2015-10-09,8213.15,8216.15,8213.15,8216.15,09:50:00,8176.523823015453,4,9
2015-10-09,8215.55,8216.9,8214.75,8214.75,09:55:00,8180.240601775886,4,10
2015-10-09,8218.0,8218.0,8215.15,8215.15,10:00:00,8183.836734940088,4,11
2015-10-09,8216.15,8218.35,8214.85,8216.9,10:05:00,8186.914188755318,4,12
2015-10-09,8221.6,8221.6,8217.3,8217.3,10:10:00,8190.21759935005,4,13
2015-10-09,8222.05,8222.05,8218.65,8218.65,10:15:00,8193.249256554807,4,14
2015-10-09,8227.8,8229.6,8225.0,8225.0,10:20:00,8196.539803549587,4,15
2015-10-09,8220.6,8228.35,8219.3,8228.35,10:25:00,8198.831250830579,4,16
2015-10-09,8217.9,8222.45,8217.9,8221.35,10:30:00,8200.647322180048,4,17
2015-10-09,8220.35,8220.8,8217.3,8217.3,10:35:00,8202.523767686711,4,18
2015-10-09,8215.85,8217.7,8215.85,8217.7,10:40:00,8203.792932668928,4,19
2015-10-09,8213.35,8215.15,8213.35,8214.7,10:45:00,8204.703129557602,4,20
2015-10-09,8209.35,8212.7,8209.35,8212.7,10:50:00,8205.145688647353,4,21
2015-10-09,8206.0,8210.4,8206.0,8210.4,10:55:00,8205.22705163332,4,22
2015-10-09,8201.25,8204.0,8196.65,8204.0,11:00:00,8204.848284811098,4,23
2015-10-09,8196.65,8201.65,8196.65,8199.65,11:05:00,8204.06749578147,4,24
2015-10-09,8194.6,8195.85,8191.25,8191.25,11:10:00,8203.165829516569,4,25
2015-10-09,8194.4,8198.1,8194.4,8195.2,11:15:00,8202.330988610229,4,26
2015-10-09,8193.3,8195.3,8193.3,8195.3,11:20:00,8201.470894456874,4,27
2015-10-09,8196.25,8196.25,8192.3,8195.7,11:25:00,8200.973666413362,4,28
2015-10-09,8193.2,8197.25,8191.7,8197.25,11:30:00,8200.233317231136,4,29
2015-10-09,8199.0,8199.0,8193.0,8193.85,11:35:00,8200.115858447218,4,30
2015-10-09,8198.15,8199.2,8196.95,8196.95,11:40:00,8199.928633833197,4,31
2015-10-09,8195.45,8197.25,8194.95,8197.25,11:45:00,8199.502097277655,4,32
2015-10-09,8188.6,8196.3,8188.6,8196.3,11:50:00,8198.46380229883,4,33
2015-10-09,8188.55,8188.55,8184.7,8185.45,11:55:00,8197.51963065132,4,34
2015-10-09,8187.35,8192.2,8187.35,8188.3,12:00:00,8196.551094398814,4,35
2015-10-09,8182.1,8186.6,8182.1,8186.6,12:05:00,8195.174799694165,4,36
2015-10-09,8169.25,8183.45,8169.25,8183.45,12:10:00,8192.705771151863,4,37
2015-10-09,8173.4,8173.4,8170.95,8171.05,12:15:00,8190.867126280257,4,38
2015-10-09,8174.5,8175.9,8172.5,8174.35,12:20:00,8189.308352348804,4,39
2015-10-09,8167.9,8175.15,8164.15,8175.15,12:25:00,8187.269461648918,4,40
2015-10-09,8175.1,8177.1,8169.55,8171.15,12:30:00,8186.110465301402,4,41
2015-10-09,8183.25,8186.65,8181.65,8181.65,12:35:00,8185.838040034602,4,42
2015-10-09,8180.95,8184.85,8177.0,8184.85,12:40:00,8185.372512412259,4,43
2015-10-09,8175.05,8177.65,8175.05,8176.7,12:45:00,8184.389415992044,4,44
2015-10-09,8160.95,8173.6,8158.85,8173.6,12:50:00,8182.157090659469,4,45
2015-10-09,8169.0,8169.0,8158.35,8158.35,12:55:00,8180.904034406186,4,46
2015-10-09,8168.0,8168.0,8165.75,8167.4,13:00:00,8179.675078748453,4,47
2015-10-09,8162.75,8165.5,8162.45,8165.5,13:05:00,8178.063166486696,4,48
2015-10-09,8157.25,8161.7,8157.25,8160.7,13:10:00,8176.08096015463,4,49
2015-10-09,8147.8,8155.8,8144.15,8155.8,13:15:00,8173.387535377999,4,50
2015-10-09,8150.15,8150.15,8145.6,8147.4,13:20:00,8171.17443677057,4,51
2015-10-09,8151.1,8156.7,8151.1,8152.45,13:25:00,8169.262585649563,4,52
2015-10-09,8161.15,8161.15,8154.05,8154.05,13:30:00,8168.489958444843,4,53
2015-10-09,8160.85,8160.85,8157.95,8157.95,13:35:00,8167.762343354859,4,54
2015-10-09,8162.3,8162.85,8158.75,8158.75,13:40:00,8167.242120178205,4,55
2015-10-09,8162.0,8163.8,8160.75,8160.75,13:45:00,8166.742870637424,4,56
2015-10-09,8156.55,8161.4,8156.55,8161.4,13:50:00,8165.772121052907,4,57
2015-10-09,8156.3,8159.9,8155.2,8159.9,13:55:00,8164.870014285964,4,58
2015-10-09,8159.3,8160.9,8156.95,8156.95,14:00:00,8164.33953673492,4,59
2015-10-09,8168.25,8168.25,8159.2,8159.2,14:05:00,8164.711961807785,4,60
2015-10-09,8172.15,8172.35,8169.2,8169.2,14:10:00,8165.42034639752,4,61
2015-10-09,8172.0,8176.2,8172.0,8173.95,14:15:00,8166.046980073946,4,62
2015-10-09,8168.4,8173.7,8168.4,8170.85,14:20:00,8166.271077209761,4,63
2015-10-09,8167.9,8169.4,8167.25,8167.25,14:25:00,8166.426212713593,4,64
2015-10-09,8172.6,8172.75,8167.85,8167.85,14:30:00,8167.014192455155,4,65
2015-10-09,8179.15,8179.5,8174.5,8176.6,14:35:00,8168.169983649902,4,66
2015-10-09,8175.75,8177.9,8172.25,8177.9,14:40:00,8168.891889968959,4,67
2015-10-09,8171.5,8173.45,8169.65,8173.45,14:45:00,8169.140281400487,4,68
2015-10-09,8187.8,8189.15,8178.35,8179.0,14:50:00,8170.917397457583,4,69
2015-10-09,8186.55,8186.55,8183.45,8185.1,14:55:00,8172.406216747338,4,70
2015-10-09,8198.9,8198.9,8186.45,8186.45,15:00:00,8174.929434199972,4,71
2015-10-09,8198.5,8200.35,8196.55,8196.55,15:05:00,8177.174249990451,4,72
2015-10-09,8187.1,8196.45,8187.1,8196.45,15:10:00,8178.11955951517,4,73
2015-10-09,8183.85,8186.3,8183.2,8185.8,15:15:00,8178.665315751821,4,74
2015-10-09,8187.55,8187.55,8186.1,8186.1,15:20:00,8179.511476156409,4,75
2015-10-09,8180.3,8185.85,8180.3,8185.85,15:25:00,8179.586573665322,4,76
2015-10-12,8231.5,8231.5,8231.5,8231.5,09:10:00,8184.53070950672,0,1
2015-10-12,8228.5,8242.25,8216.75,8231.5,09:15:00,8188.718260982271,0,2
2015-10-12,8191.5,8219.8,8191.5,8219.8,09:20:00,8188.983188507769,0,3
2015-10-12,8185.25,8200.0,8185.25,8199.3,09:25:00,8188.627646745124,0,4
2015-10-12,8180.45,8189.35,8176.65,8177.05,09:30:00,8187.848823245588,0,5
2015-10-12,8188.4,8188.4,8175.45,8175.45,09:35:00,8187.9013162698175,0,6
2015-10-12,8200.3,8200.3,8186.6,8190.75,09:40:00,8189.08214329174,0,7
2015-10-12,8207.0,8207.0,8200.5,8203.75,09:45:00,8190.788605835384,0,8
2015-10-12,8200.4,8207.85,8200.4,8207.85,09:50:00,8191.703976708205,0,9
2015-10-12,8201.65,8205.1,8199.75,8203.6,09:55:00,8192.651217021708,0,10
2015-10-12,8202.45,8204.3,8202.35,8202.95,10:00:00,8193.584434448212,0,11
2015-10-12,8201.35,8204.25,8201.35,8202.35,10:05:00,8194.32401211981,0,12
2015-10-12,8214.85,8214.85,8207.95,8207.95,10:10:00,8196.2788681084,0,13
2015-10-12,8208.75,8219.45,8208.0,8219.45,10:15:00,8197.46659495522,0,14
2015-10-12,8206.35,8211.3,8206.0,8211.3,10:20:00,8198.312633530913,0,15
2015-10-12,8206.35,8206.35,8202.35,8203.45,10:25:00,8199.07809700416,0,16
2015-10-12,8206.4,8208.25,8204.75,8204.75,10:30:00,8199.775421099,0,17
2015-10-12,8198.6,8206.2,8198.6,8206.2,10:35:00,8199.66347623243,0,18
2015-10-12,8192.65,8200.8,8192.65,8200.8,10:40:00,8198.995526115057,0,19
2015-10-12,8194.5,8197.7,8194.5,8195.3,10:45:00,8198.567380770766,0,20
2015-10-12,8197.95,8197.95,8189.15,8196.2,10:50:00,8198.508582602122,0,21
2015-10-12,8190.45,8195.05,8188.95,8195.05,10:55:00,8197.741098544777,0,22
2015-10-12,8194.95,8194.95,8192.1,8192.1,11:00:00,8197.47527963575,0,23
2015-10-12,8191.15,8195.7,8190.05,8195.7,11:05:00,8196.872872051392,0,24
2015-10-12,8187.05,8193.7,8187.05,8193.35,11:10:00,8195.93736042745,0,25
2015-10-12,8191.3,8191.3,8187.1,8188.35,11:15:00,8195.495707053407,0,26
2015-10-12,8195.1,8195.7,8191.9,8191.9,11:20:00,8195.458020667369,0,27
2015-10-12,8186.65,8195.1,8186.65,8195.1,11:25:00,8194.619161556191,0,28
2015-10-12,8176.0,8184.25,8176.0,8184.25,11:30:00,8192.845908074649,0,29
2015-10-12,8182.65,8183.45,8178.0,8178.0,11:35:00,8191.874869210396,0,30
2015-10-12,8187.8,8187.9,8184.25,8184.25,11:40:00,8191.486786428454,0,31
2015-10-12,8186.6,8186.6,8183.0,8185.8,11:45:00,8191.021378197173,0,32
2015-10-12,8181.25,8186.55,8181.25,8186.55,11:50:00,8190.090770749824,0,33
2015-10-12,8179.05,8180.85,8178.1,8180.45,11:55:00,8189.039268773649,0,34
2015-10-12,8177.1,8177.1,8171.35,8176.35,12:00:00,8187.902195557111,0,35
2015-10-12,8180.95,8181.9,8177.6,8177.6,12:05:00,8187.240081694528,0,36
2015-10-12,8182.45,8183.15,8181.25,8181.25,12:10:00,8186.783883437906,0,37
2015-10-12,8186.3,8186.3,8182.95,8183.25,12:15:00,8186.737799300962,0,38
2015-10-12,8187.4,8187.65,8185.1,8187.65,12:20:00,8186.800866034204,0,39
2015-10-12,8191.15,8191.15,8186.35,8186.9,12:25:00,8187.215069269042,0,40
2015-10-12,8189.95,8191.4,8189.95,8191.4,12:30:00,8187.475538862467,0,41
2015-10-12,8187.6,8187.6,8184.25,8185.3,12:35:00,8187.487392304137,0,42
2015-10-12,8186.1,8186.9,8185.05,8185.05,12:40:00,8187.355259703743,0,43
2015-10-12,8187.25,8187.25,8184.65,8184.65,12:45:00,8187.345234970054,0,44
2015-10-12,8188.8,8191.75,8188.8,8191.75,12:50:00,8187.483784020525,0,45
2015-10-12,8195.5,8196.7,8189.35,8189.35,12:55:00,8188.247233161426,0,46
2015-10-12,8192.05,8198.1,8192.05,8197.95,13:00:00,8188.609401431767,0,47
2015-10-12,8192.85,8194.7,8191.55,8194.7,13:05:00,8189.013267962075,0,48
2015-10-12,8189.95,8195.2,8189.2,8194.35,13:10:00,8189.102480537115,0,49
2015-10-12,8191.65,8192.4,8188.9,8188.9,13:15:00,8189.345101438342,0,50
2015-10-12,8184.3,8193.15,8184.3,8189.9,13:20:00,8188.864615587071,0,51
2015-10-12,8183.0,8186.05,8182.15,8182.15,13:25:00,8188.306080769255,0,52
2015-10-12,8181.35,8184.35,8181.35,8184.35,13:30:00,8187.643596886469,0,53
2015-10-12,8180.9,8180.9,8178.5,8178.5,13:35:00,8187.001349563948,0,54
2015-10-12,8182.7,8182.9,8180.2,8180.2,13:40:00,8186.591697224524,0,55
2015-10-12,8181.6,8181.6,8179.45,8181.2,13:45:00,8186.116297488855,0,56
2015-10-12,8173.8,8184.5,8173.8,8184.5,13:50:00,8184.943316775631,0,57
2015-10-12,8164.75,8172.25,8164.75,8172.25,13:55:00,8183.02014374938,0,58
2015-10-12,8157.2,8166.2,8157.2,8166.2,14:00:00,8180.561082439915,0,59
2015-10-12,8155.1,8156.95,8149.45,8155.5,14:05:00,8178.136217445637,0,60
2015-10-12,8160.85,8160.85,8149.55,8155.6,14:10:00,8176.489911022243,0,61
2015-10-12,8154.0,8163.9,8154.0,8163.9,14:15:00,8174.348014734411,0,62
2015-10-12,8156.6,8157.35,8151.95,8155.8,14:20:00,8172.657727616848,0,63
2015-10-12,8150.6,8156.05,8150.6,8152.75,14:25:00,8170.556991653339,0,64
2015-10-12,8145.75,8146.95,8142.7,8146.95,14:30:00,8168.194421019687,0,65
2015-10-12,8149.05,8149.6,8144.65,8144.65,14:35:00,8166.371142827336,0,66
2015-10-12,8152.4,8155.4,8151.1,8153.1,14:40:00,8165.040557796162,0,67
2015-10-12,8139.95,8147.85,8139.95,8147.2,14:45:00,8162.650980863194,0,68
2015-10-12,8139.85,8139.85,8129.4,8134.2,14:50:00,8160.479458876224,0,69
2015-10-12,8136.1,8140.7,8135.95,8140.7,14:55:00,8158.157605649917,0,70
2015-10-12,8139.95,8139.95,8131.65,8131.65,15:00:00,8156.423547968973,0,71
2015-10-12,8137.85,8142.05,8136.55,8142.05,15:05:00,8154.654638638594,0,72
2015-10-12,8139.55,8139.55,8135.1,8137.95,15:10:00,8153.216101625395,0,73
2015-10-12,8147.85,8147.85,8141.65,8142.0,15:15:00,8152.705044327738,0,74
2015-10-12,8147.75,8151.0,8146.55,8149.55,15:20:00,8152.233135344145,0,75
2015-10-12,8144.65,8151.4,8144.65,8147.5,15:25:00,8151.510931978036,0,76
2015-10-13,8121.95,8121.95,8121.95,8121.95,09:10:00,8148.695605122984,1,1
2015-10-13,8134.25,8140.2,8121.95,8121.95,09:15:00,8147.319833206509,1,2
2015-10-13,8138.05,8149.4,8138.05,8139.65,09:20:00,8146.436991948747,1,3
2015-10-13,8138.65,8140.4,8132.85,8140.4,09:25:00,8145.695373667914,1,4
2015-10-13,8133.9,8139.0,8133.9,8139.0,09:30:00,8144.57200474716,1,5
2015-10-13,8120.75,8138.05,8120.75,8138.05,09:35:00,8142.303242390288,1,6
2015-10-13,8117.05,8122.6,8117.05,8121.4,09:40:00,8139.898171686451,1,7
2015-10-13,8127.05,8127.05,8114.95,8116.85,09:45:00,8138.674536287741,1,8
2015-10-13,8131.15,8131.15,8128.95,8129.7,09:50:00,8137.957913784146,1,9
2015-10-13,8130.05,8136.3,8130.05,8136.3,09:55:00,8137.204779138037,1,10
2015-10-13,8125.6,8125.6,8122.9,8125.3,10:00:00,8136.099562077272,1,11
2015-10-13,8126.05,8129.1,8126.05,8127.5,10:05:00,8135.142460927056,1,12
2015-10-13,8124.55,8125.65,8122.35,8122.35,10:10:00,8134.133655124479,1,13
2015-10-13,8128.35,8128.55,8126.45,8126.45,10:15:00,8133.58283082691,1,14
2015-10-13,8128.4,8128.4,8125.8,8127.65,10:20:00,8133.089227891014,1,15
2015-10-13,8125.5,8127.25,8125.35,8127.25,10:25:00,8132.366444282346,1,16
2015-10-13,8127.45,8132.65,8125.35,8125.35,10:30:00,8131.898211493552,1,17
2015-10-13,8125.9,8127.3,8125.9,8126.05,10:35:00,8131.32695325607,1,18
2015-10-13,8123.4,8128.1,8123.4,8128.1,10:40:00,8130.57200532692,1,19
2015-10-13,8117.4,8123.25,8116.75,8123.25,10:45:00,8129.317528629117,1,20
2015-10-13,8118.15,8118.15,8113.6,8116.1,10:50:00,8128.253954473963,1,21
2015-10-13,8113.95,8120.1,8113.95,8119.4,10:55:00,8126.891673095491,1,22
2015-10-13,8111.5,8114.1,8111.5,8113.5,11:00:00,8125.425799467348,1,23
2015-10-13,8118.8,8118.8,8109.95,8109.95,11:05:00,8124.794770946648,1,24
2015-10-13,8111.65,8115.8,8111.65,8115.8,11:10:00,8123.542887999349,1,25
2015-10-13,8120.85,8120.85,8110.4,8112.45,11:15:00,8123.286422475601,1,26
2015-10-13,8116.8,8120.3,8116.8,8119.7,11:20:00,8122.668667954115,1,27
2015-10-13,8122.3,8122.3,8117.75,8117.9,11:25:00,8122.6335567203905,1,28
2015-10-13,8118.1,8123.25,8118.1,8123.25,11:30:00,8122.201789413686,1,29
2015-10-13,8116.3,8116.3,8114.5,8116.25,11:35:00,8121.639714231431,1,30
2015-10-13,8118.55,8118.55,8115.3,8116.05,11:40:00,8121.345455733199,1,31
2015-10-13,8114.8,8118.1,8112.4,8118.1,11:45:00,8120.722078996703,1,32
2015-10-13,8122.25,8122.25,8118.2,8118.2,11:50:00,8120.867595282732,1,33
2015-10-13,8121.85,8121.85,8119.5,8119.5,11:55:00,8120.961157636757,1,34
2015-10-13,8126.75,8128.05,8123.5,8123.5,12:00:00,8121.512475957066,1,35
2015-10-13,8124.05,8124.8,8123.55,8124.8,12:05:00,8121.754144913537,1,36
2015-10-13,8123.05,8124.2,8122.3,8124.2,12:10:00,8121.877559683677,1,37
2015-10-13,8130.85,8130.85,8123.65,8123.65,12:15:00,8122.732077809041,1,38
2015-10-13,8131.55,8132.55,8130.8,8131.0,12:20:00,8123.571879922465,1,39
2015-10-13,8136.15,8136.15,8127.6,8129.5,12:25:00,8124.769796120326,1,40
2015-10-13,8133.95,8140.0,8132.9,8140.0,12:30:00,8125.644101251722,1,41
2015-10-13,8129.7,8132.5,8125.7,8132.5,12:35:00,8126.030377322987,1,42
2015-10-13,8122.55,8129.2,8122.55,8129.2,12:40:00,8125.698912816036,1,43
2015-10-13,8116.55,8122.65,8116.55,8122.65,12:45:00,8124.827587785937,1,44
2015-10-13,8113.5,8119.85,8111.4,8119.85,12:50:00,8123.748769901562,1,45
2015-10-13,8116.65,8117.95,8113.8,8113.8,12:55:00,8123.072696577604,1,46
2015-10-13,8111.25,8117.55,8111.1,8117.55,13:00:00,8121.946725474975,1,47
2015-10-13,8114.05,8114.05,8109.2,8109.85,13:05:00,8121.19465638212,1,48
2015-10-13,8117.0,8117.25,8113.95,8115.7,13:10:00,8120.795165298109,1,49
2015-10-13,8112.7,8117.2,8112.7,8117.2,13:15:00,8120.02419717448,1,50
2015-10-13,8114.8,8114.8,8111.85,8112.0,13:20:00,8119.526654586434,1,51
2015-10-13,8110.15,8113.9,8108.15,8113.9,13:25:00,8118.633639863917,1,52
2015-10-13,8100.85,8107.0,8100.85,8107.0,13:30:00,8116.939959876877,1,53
2015-10-13,8100.75,8102.95,8098.0,8098.0,13:35:00,8115.398058936222,1,54
2015-10-13,8100.1,8100.1,8097.6,8098.1,13:40:00,8113.941100942296,1,55
2015-10-13,8092.85,8101.8,8091.35,8101.8,13:45:00,8111.932424662077,1,56
2015-10-13,8097.9,8097.9,8089.65,8089.65,13:50:00,8110.596003265689,1,57
2015-10-13,8098.35,8102.05,8098.35,8100.45,13:55:00,8109.429717240386,1,58
2015-10-13,8095.7,8097.6,8091.65,8097.6,14:00:00,8108.122125122253,1,59
2015-10-13,8098.1,8101.75,8096.15,8096.55,14:05:00,8107.167637015372,1,60
2015-10-13,8107.25,8107.85,8096.6,8098.5,14:10:00,8107.175481109146,1,61
2015-10-13,8105.2,8105.8,8103.35,8105.8,14:15:00,8106.987340051132,1,62
2015-10-13,8103.15,8106.55,8103.15,8106.55,14:20:00,8106.621879093882,1,63
2015-10-13,8103.7,8106.15,8102.65,8102.65,14:25:00,8106.343604894464,1,64
2015-10-13,8108.25,8108.3,8106.75,8108.3,14:30:00,8106.525166333086,1,65
2015-10-13,8103.5,8107.05,8103.5,8107.05,14:35:00,8106.237055253745,1,66
2015-10-13,8096.2,8101.95,8096.2,8101.95,14:40:00,8105.281145229579,1,67
2015-10-13,8096.95,8097.15,8095.7,8095.7,14:45:00,8104.487702826762,1,68
2015-10-13,8104.2,8104.2,8099.75,8099.75,14:50:00,8104.460302557546,1,69
2015-10-13,8108.2,8108.2,8103.35,8103.4,14:55:00,8104.816464218732,1,70
2015-10-13,8129.6,8129.6,8106.9,8106.9,15:00:00,8107.176800959805,1,71
2015-10-13,8133.1,8133.1,8131.4,8132.25,15:05:00,8109.645677058871,1,72
2015-10-13,8134.0,8140.55,8133.6,8139.85,15:10:00,8111.965136386598,1,73
2015-10-13,8131.2,8133.25,8131.2,8132.05,15:15:00,8113.7970281593025,1,74
2015-10-13,8134.25,8135.15,8132.85,8132.9,15:20:00,8115.744930239369,1,75
2015-10-13,8127.65,8135.9,8127.65,8135.9,15:25:00,8116.878746407048,1,76
2015-10-14,8102.4,8102.4,8102.4,8102.4,09:10:00,8115.499818177805,2,1
2015-10-14,8114.25,8114.25,8102.4,8102.4,09:15:00,8115.380787875158,2,2
2015-10-14,8118.05,8126.15,8110.15,8110.15,09:20:00,8115.634998553714,2,3
2015-10-14,8122.45,8123.8,8116.5,8123.8,09:25:00,8116.284046310503,2,4
2015-10-14,8111.85,8119.65,8111.6,8119.65,09:30:00,8115.861756185694,2,5
2015-10-14,8119.95,8122.5,8114.25,8114.25,09:35:00,8116.251112739437,2,6
2015-10-14,8126.4,8126.4,8121.65,8121.65,09:40:00,8117.21767343092,2,7
2015-10-14,8128.05,8130.2,8124.65,8124.65,09:45:00,8118.249323580356,2,8
2015-10-14,8128.95,8129.55,8125.4,8129.55,09:50:00,8119.268435620322,2,9
2015-10-14,8123.25,8127.15,8120.65,8127.15,09:55:00,8119.647632227909,2,10
2015-10-14,8120.7,8120.95,8118.8,8120.95,10:00:00,8119.747857730013,2,11
2015-10-14,8129.75,8129.75,8121.15,8121.15,10:05:00,8120.700442708107,2,12
2015-10-14,8131.15,8132.7,8129.3,8129.3,10:10:00,8121.695638640668,2,13
2015-10-14,8135.0,8138.25,8130.45,8130.45,10:15:00,8122.96272067489,2,14
2015-10-14,8126.8,8130.95,8125.85,8130.95,10:20:00,8123.32817584871,2,15
2015-10-14,8127.15,8131.0,8126.5,8126.5,10:25:00,8123.692159101213,2,16
2015-10-14,8122.85,8126.0,8122.7,8126.0,10:30:00,8123.611953472527,2,17
2015-10-14,8121.6,8123.35,8121.6,8121.7,10:35:00,8123.420338856095,2,18
2015-10-14,8124.5,8124.5,8122.75,8123.75,10:40:00,8123.523163726943,2,19
2015-10-14,8127.75,8128.9,8124.0,8124.0,10:45:00,8123.925719562472,2,20
2015-10-14,8127.35,8127.7,8126.05,8127.7,10:50:00,8124.251841508903,2,21
2015-10-14,8136.3,8136.3,8128.95,8128.95,10:55:00,8125.399285174722,2,22
2015-10-14,8132.0,8134.8,8132.0,8133.1,11:00:00,8126.027924681892,2,23
2015-10-14,8127.45,8133.25,8127.45,8133.25,11:05:00,8126.163360426473,2,24
2015-10-14,8128.7,8128.85,8125.1,8125.1,11:10:00,8126.404945147762,2,25
2015-10-14,8124.1,8129.65,8124.1,8129.65,11:15:00,8126.185426562261,2,26
2015-10-14,8125.0,8125.05,8120.5,8120.5,11:20:00,8126.072528794427,2,27
2015-10-14,8122.65,8124.55,8119.85,8124.55,11:25:00,8125.746573671148,2,28
2015-10-14,8122.9,8125.35,8122.9,8123.7,11:30:00,8125.475471416754,2,29
2015-10-14,8125.2,8126.5,8125.1,8125.5,11:35:00,8125.44923604373,2,30
2015-10-14,8119.35,8124.6,8119.35,8123.5,11:40:00,8124.868356420518,2,31
2015-10-14,8118.25,8119.7,8118.25,8119.45,11:45:00,8124.238036761421,2,32
2015-10-14,8118.35,8118.35,8115.95,8117.5,11:50:00,8123.677271355572,2,33
2015-10-14,8120.5,8121.0,8119.15,8120.25,11:55:00,8123.374674083612,2,34
2015-10-14,8118.0,8119.5,8116.1,8119.5,12:00:00,8122.862800361363,2,35
2015-10-14,8117.8,8117.85,8116.1,8117.8,12:05:00,8122.380628898376,2,36
2015-10-14,8121.3,8121.6,8119.85,8120.45,12:10:00,8122.277711860435,2,37
2015-10-14,8120.45,8121.9,8120.45,8121.1,12:15:00,8122.103644064204,2,38
2015-10-14,8117.2,8119.05,8113.45,8119.05,12:20:00,8121.6366303438035,2,39
2015-10-14,8120.85,8120.85,8117.7,8118.5,12:25:00,8121.561713168204,2,40
2015-10-14,8115.75,8120.85,8115.75,8120.85,12:30:00,8121.008216675994,2,41
2015-10-14,8112.3,8113.25,8110.2,8112.1,12:35:00,8120.178862706852,2,42
2015-10-14,8115.25,8117.0,8112.6,8112.6,12:40:00,8119.709447210961,2,43
2015-10-14,8119.0,8119.0,8112.1,8112.1,12:45:00,8119.641880809917,2,44
2015-10-14,8117.25,8119.05,8117.25,8117.35,12:50:00,8119.414082637544,2,45
2015-10-14,8116.7,8116.7,8114.95,8115.95,12:55:00,8119.1555985768255,2,46
2015-10-14,8110.7,8115.45,8110.7,8115.45,13:00:00,8118.350303474271,2,47
2015-10-14,8105.9,8107.9,8105.9,8107.9,13:05:00,8117.164560286245,2,48
2015-10-14,8105.95,8109.6,8105.3,8105.3,13:10:00,8116.096506925651,2,49
2015-10-14,8114.0,8114.0,8104.45,8106.0,13:15:00,8115.896839599398,2,50
2015-10-14,8115.4,8115.4,8113.5,8113.9,13:20:00,8115.849521542312,2,51
2015-10-14,8115.8,8117.0,8115.4,8116.3,13:25:00,8115.844805204949,2,52
2015-10-14,8124.35,8124.35,8114.4,8114.55,13:30:00,8116.654823756859,2,53
2015-10-14,8128.7,8128.7,8125.45,8125.8,13:35:00,8117.801983399062,2,54
2015-10-14,8125.15,8130.7,8125.15,8128.15,13:40:00,8118.5017945039135,2,55
2015-10-14,8124.1,8125.9,8123.15,8123.15,13:45:00,8119.034956932112,2,56
2015-10-14,8123.95,8123.95,8121.05,8122.75,13:50:00,8119.503056271911,2,57
2015-10-14,8128.2,8128.2,8124.25,8124.25,13:55:00,8120.331336626968,2,58
2015-10-14,8132.65,8133.4,8129.7,8129.7,14:00:00,8121.504542662495,2,59
2015-10-14,8124.2,8131.1,8124.2,8131.1,14:05:00,8121.761252885114,2,60
2015-10-14,8124.45,8127.35,8122.3,8122.3,14:10:00,8122.017324038913,2,61
2015-10-14,8121.3,8121.3,8118.6,8120.35,14:15:00,8121.949007463778,2,62
2015-10-14,8118.25,8119.15,8116.2,8119.15,14:20:00,8121.596721038656,2,63
2015-10-14,8120.65,8120.65,8115.95,8117.3,14:25:00,8121.506557130212,2,64
2015-10-14,8123.2,8123.2,8121.9,8122.5,14:30:00,8121.667837403525,2,65
2015-10-14,8126.45,8126.45,8123.3,8123.3,14:35:00,8122.123281460333,2,66
2015-10-14,8121.05,8125.55,8120.9,8125.55,14:40:00,8122.021064178396,2,67
2015-10-14,8121.85,8124.25,8120.2,8120.2,14:45:00,8122.004772351882,2,68
2015-10-14,8120.1,8121.1,8115.15,8121.1,14:50:00,8121.823365461227,2,69
2015-10-14,8118.9,8120.35,8116.8,8120.35,14:55:00,8121.544949703015,2,70
2015-10-14,8107.95,8119.95,8107.95,8119.95,15:00:00,8120.250192588443,2,71
2015-10-14,8107.4,8109.35,8107.4,8109.2,15:05:00,8119.026364722877,2,72
2015-10-14,8105.15,8106.7,8103.9,8106.7,15:10:00,8117.704806177841,2,73
2015-10-14,8110.05,8110.05,8106.2,8106.2,15:15:00,8116.975777018047,2,74
2015-10-14,8106.6,8107.7,8105.8,8107.7,15:20:00,8115.987607778233,2,75
2015-10-14,8108.75,8110.45,8108.6,8109.4,15:25:00,8115.2983117993535,2,76
2015-10-15,8134.35,8134.35,8134.35,8134.35,09:10:00,8117.112758294653,3,1
2015-10-15,8151.5,8154.3,8134.35,8134.35,09:15:00,8120.387733695162,3,2
2015-10-15,8149.5,8158.55,8149.5,8157.6,09:20:00,8123.160330486098,3,3
2015-10-15,8152.25,8152.25,8145.4,8149.95,09:25:00,8125.930775201708,3,4
2015-10-15,8155.3,8158.1,8152.05,8152.05,09:30:00,8128.727844230117,3,5
2015-10-15,8151.55,8155.15,8150.6,8155.15,09:35:00,8130.9013828748675,3,6
2015-10-15,8153.4,8154.6,8152.0,8153.75,09:40:00,8133.044108315356,3,7
2015-10-15,8155.5,8155.55,8152.3,8152.3,09:45:00,8135.182764666274,3,8
2015-10-15,8158.95,8158.95,8153.4,8154.15,09:50:00,8137.446310888534,3,9
2015-10-15,8174.2,8174.9,8160.35,8160.35,09:55:00,8140.9466622324835,3,10
2015-10-15,8175.6,8178.95,8175.55,8176.45,10:00:00,8144.246980115104,3,11
2015-10-15,8175.85,8178.0,8172.9,8176.05,10:05:00,8147.256791532713,3,12
2015-10-15,8173.65,8175.85,8173.35,8175.85,10:10:00,8149.770430434359,3,13
2015-10-15,8174.15,8175.4,8171.4,8171.4,10:15:00,8152.092294202515,3,14
2015-10-15,8171.0,8172.75,8171.0,8172.75,10:20:00,8153.89302808799,3,15
2015-10-15,8167.95,8170.35,8167.95,8170.35,10:25:00,8155.231787317705,3,16
2015-10-15,8171.9,8171.9,8169.15,8169.15,10:30:00,8156.81923614459,3,17
2015-10-15,8167.65,8170.7,8167.65,8170.7,10:35:00,8157.850737464153,3,18
2015-10-15,8166.75,8168.5,8165.2,8168.5,10:40:00,8158.698286277091,3,19
2015-10-15,8170.05,8170.05,8167.15,8168.05,10:45:00,8159.77940186975,3,20
2015-10-15,8174.1,8174.1,8168.85,8169.45,10:50:00,8161.143268358345,3,21
2015-10-15,8173.35,8173.35,8171.5,8171.75,10:55:00,8162.305814228979,3,22
2015-10-15,8174.55,8174.75,8171.25,8173.35,11:00:00,8163.471927159552,3,23
2015-10-15,8177.35,8177.35,8174.25,8174.55,11:05:00,8164.793648382452,3,24
2015-10-15,8170.75,8175.7,8170.75,8175.7,11:10:00,8165.360919965076,3,25
2015-10-15,8171.3,8171.45,8170.15,8171.45,11:15:00,8165.92654663507,3,26
2015-10-15,8173.55,8173.55,8171.2,8171.85,11:20:00,8166.652589812682,3,27
2015-10-15,8174.4,8175.35,8173.9,8173.9,11:25:00,8167.390438401951,3,28
2015-10-15,8175.45,8176.05,8174.2,8174.2,11:30:00,8168.158015697003,3,29
2015-10-15,8177.7,8179.55,8175.15,8175.7,11:35:00,8169.0667761068125,3,30
2015-10-15,8177.2,8180.45,8177.2,8178.7,11:40:00,8169.841368858544,3,31
2015-10-15,8175.35,8176.8,8175.35,8175.85,11:45:00,8170.366000395826,3,32
2015-10-15,8174.55,8174.55,8172.2,8173.7,11:50:00,8170.764476548604,3,33
2015-10-15,8175.55,8176.75,8175.45,8176.75,11:55:00,8171.220240686832,3,34
2015-10-15,8177.5,8177.8,8175.05,8175.05,12:00:00,8171.818313002372,3,35
2015-10-15,8176.25,8176.7,8176.1,8176.7,12:05:00,8172.240378430717,3,36
2015-10-15,8185.05,8185.05,8177.5,8177.5,12:10:00,8173.460342389696,3,37
2015-10-15,8179.55,8184.1,8179.55,8182.5,12:15:00,8174.040309781153,3,38
2015-10-15,8181.9,8181.9,8179.65,8180.25,12:20:00,8174.788851706758,3,39
2015-10-15,8180.15,8181.35,8180.15,8181.2,12:25:00,8175.299437258495,3,40
2015-10-15,8179.25,8180.85,8179.25,8180.85,12:30:00,8175.675681329115,3,41
2015-10-15,8176.45,8178.0,8174.75,8178.0,12:35:00,8175.749425964437,3,42
2015-10-15,8172.8,8173.55,8172.75,8173.55,12:40:00,8175.468528253538,3,43
2015-10-15,8175.5,8177.0,8175.5,8175.75,12:45:00,8175.471525562725,3,44
2015-10-15,8175.55,8175.65,8173.65,8175.15,12:50:00,8175.478999318656,3,45
2015-10-15,8177.75,8177.75,8176.1,8177.3,12:55:00,8175.695285097831,3,46
2015-10-15,8178.0,8180.45,8177.0,8177.95,13:00:00,8175.914781755181,3,47
2015-10-15,8176.25,8176.65,8174.75,8175.8,13:05:00,8175.946707302307,3,48
2015-10-15,8180.75,8180.75,8175.1,8175.1,13:10:00,8176.404163749707,3,49
2015-10-15,8184.65,8184.65,8179.4,8179.4,13:15:00,8177.18948148783,3,50
2015-10-15,8181.3,8182.85,8180.9,8182.3,13:20:00,8177.58095944137,3,51
2015-10-15,8183.1,8183.1,8180.85,8180.85,13:25:00,8178.106582351716,3,52
2015-10-15,8186.6,8187.25,8183.5,8183.5,13:30:00,8178.915479270601,3,53
2015-10-15,8186.9,8186.9,8183.75,8185.7,13:35:00,8179.675909816258,3,54
2015-10-15,8187.85,8188.9,8187.3,8188.9,13:40:00,8180.454394595663,3,55
2015-10-15,8184.65,8188.65,8184.65,8187.05,13:45:00,8180.853976062743,3,56
2015-10-15,8183.35,8183.4,8181.4,8183.05,13:50:00,8181.091692628196,3,57
2015-10-15,8185.65,8185.65,8181.6,8182.95,13:55:00,8181.525817139796,3,58
2015-10-15,8184.15,8185.55,8182.8,8185.55,14:00:00,8181.775739316959,3,59
2015-10-15,8184.35,8185.9,8183.05,8183.5,14:05:00,8182.020907001058,3,60
2015-10-15,8170.45,8189.15,8170.45,8189.15,14:10:00,8180.918915858099,3,61
2015-10-15,8168.25,8175.25,8166.55,8171.35,14:15:00,8179.712352443043,3,62
2015-10-15,8176.6,8177.4,8170.05,8170.05,14:20:00,8179.415937924658,3,63
2015-10-15,8174.45,8175.95,8173.45,8173.45,14:25:00,8178.942991455643,3,64
2015-10-15,8178.65,8178.65,8175.35,8175.35,14:30:00,8178.9150875074865,3,65
2015-10-15,8178.05,8178.6,8177.05,8177.65,14:35:00,8178.832698221059,3,66
2015-10-15,8175.4,8177.45,8175.4,8177.45,14:40:00,8178.505774580959,3,67
2015-10-15,8177.4,8177.4,8170.4,8174.7,14:45:00,8178.400462716106,3,68
2015-10-15,8179.3,8179.95,8177.1,8177.25,14:50:00,8178.48613293362,3,69
2015-10-15,8184.3,8185.6,8179.85,8179.85,14:55:00,8179.039834558989,3,70
2015-10-15,8180.35,8184.8,8180.35,8184.8,15:00:00,8179.164612220037,3,71
2015-10-15,8180.95,8183.7,8179.05,8179.05,15:05:00,8179.334649151462,3,72
2015-10-15,8179.4,8181.55,8179.4,8179.7,15:10:00,8179.3408730418,3,73
2015-10-15,8179.6,8180.0,8177.4,8178.6,15:15:00,8179.365551799723,3,74
2015-10-15,8176.5,8176.95,8175.45,8175.6,15:20:00,8179.092642104511,3,75
2015-10-15,8179.65,8179.65,8174.75,8176.3,15:25:00,8179.145723808843,3,76
2015-10-16,8193.65,8193.65,8193.65,8193.65,09:10:00,8180.527083446097,4,1
2015-10-16,8170.75,8193.65,8170.75,8193.65,09:15:00,8179.595932641707,4,2
2015-10-16,8172.4,8174.8,8167.55,8174.2,09:20:00,8178.910605723449,4,3
2015-10-16,8167.2,8172.25,8166.65,8169.9,09:25:00,8177.795309940264,4,4
2015-10-16,8171.65,8177.3,8171.65,8171.85,09:30:00,8177.210042326906,4,5
2015-10-16,8166.2,8172.5,8163.15,8172.5,09:35:00,8176.161466867201,4,6
2015-10-16,8161.75,8162.3,8157.25,8162.3,09:40:00,8174.788946213182,4,7
2015-10-16,8167.6,8167.6,8160.6,8160.6,09:45:00,8174.104284669069,4,8
2015-10-16,8171.75,8171.75,8167.35,8167.35,09:50:00,8173.880067081538,4,9
2015-10-16,8168.2,8172.4,8168.2,8172.4,09:55:00,8173.339108311868,4,10
2015-10-16,8166.5,8169.2,8166.5,8168.65,10:00:00,8172.687764663118,4,11
2015-10-16,8169.85,8170.25,8166.5,8166.5,10:05:00,8172.417501361869,4,12
2015-10-16,8171.5,8173.5,8170.65,8170.65,10:10:00,8172.330120279787,4,13
2015-10-16,8168.8,8172.15,8168.8,8170.5,10:15:00,8171.993918348378,4,14
2015-10-16,8171.4,8171.7,8169.2,8169.2,10:20:00,8171.937354696152,4,15
2015-10-16,8173.25,8173.6,8170.95,8170.95,10:25:00,8172.062368534614,4,16
2015-10-16,8174.55,8174.55,8171.55,8171.55,10:30:00,8172.299285817031,4,17
2015-10-16,8176.2,8176.35,8173.05,8173.05,10:35:00,8172.670782405885,4,18
2015-10-16,8176.2,8176.95,8174.25,8176.95,10:40:00,8173.006898367229,4,19
2015-10-16,8174.0,8176.15,8174.0,8175.45,10:45:00,8173.101479475113,4,20
2015-10-16,8170.05,8173.05,8169.55,8173.05,10:50:00,8172.810862382245,4,21
2015-10-16,8169.15,8171.2,8168.5,8171.15,10:55:00,8172.462208822031,4,22
2015-10-16,8168.35,8168.35,8166.0,8167.75,11:00:00,8172.070569886599,4,23
2015-10-16,8169.25,8169.25,8167.6,8167.8,11:05:00,8171.801944183114,4,24
2015-10-16,8162.1,8171.3,8162.1,8169.8,11:10:00,8170.877949499008,4,25
2015-10-16,8164.15,8165.4,8162.7,8163.5,11:15:00,8170.237192403865,4,26
2015-10-16,8158.7,8161.8,8158.7,8160.45,11:20:00,8169.138412174925,4,27
2015-10-16,8157.8,8160.05,8157.65,8160.05,11:25:00,8168.058563396361,4,28
2015-10-16,8161.55,8162.15,8157.95,8158.85,11:30:00,8167.4387002157555,4,29
2015-10-16,8159.95,8161.4,8159.95,8160.45,11:35:00,8166.725490671398,4,30
2015-10-16,8159.9,8159.9,8159.15,8159.3,11:40:00,8166.075443940788,4,31
2015-10-16,8161.55,8164.6,8161.55,8162.55,11:45:00,8165.644449279761,4,32
2015-10-16,8162.1,8162.95,8161.45,8162.55,11:50:00,8165.306882681689,4,33
2015-10-16,8163.2,8164.75,8162.8,8163.2,11:55:00,8165.106227188195,4,34
2015-10-16,8161.35,8162.6,8161.05,8162.6,12:00:00,8164.748491265509,4,35
2015-10-16,8158.25,8162.25,8158.25,8161.9,12:05:00,8164.129587335461,4,36
2015-10-16,8152.6,8154.25,8150.7,8152.95,12:10:00,8163.03153139875,4,37
2015-10-16,8151.25,8153.25,8150.25,8151.05,12:15:00,8161.909480789345,4,38
2015-10-16,8154.9,8154.9,8152.15,8152.5,12:20:00,8161.241911190359,4,39
2015-10-16,8157.55,8157.7,8155.8,8156.35,12:25:00,8160.8903006008,4,40
2015-10-16,8156.2,8156.9,8153.75,8156.9,12:30:00,8160.443605305486,4,41
2015-10-16,8157.8,8157.85,8156.5,8156.5,12:35:00,8160.19183337163,4,42
2015-10-16,8160.5,8161.05,8158.7,8158.7,12:40:00,8160.2211825743325,4,43
2015-10-16,8157.0,8159.4,8157.0,8157.6,12:45:00,8159.914403281539,4,44
2015-10-16,8163.95,8163.95,8159.25,8159.25,12:50:00,8160.298745826154,4,45
2015-10-16,8168.25,8168.25,8163.8,8163.8,12:55:00,8161.056008128426,4,46
2015-10-16,8166.45,8171.0,8166.45,8169.65,13:00:00,8161.569721640004,4,47
2015-10-16,8165.05,8166.0,8163.55,8165.85,13:05:00,8161.901176721908,4,48
2015-10-16,8163.05,8165.3,8162.9,8164.75,13:10:00,8162.010588462679,4,49
2015-10-16,8163.0,8163.3,8162.1,8162.7,13:15:00,8162.104818132901,4,50
2015-10-16,8159.85,8162.95,8158.95,8162.95,13:20:00,8161.890073548815,4,51
2015-10-16,8157.35,8159.6,8157.35,8158.05,13:25:00,8161.457685591785,4,52
2015-10-16,8159.4,8162.05,8156.75,8157.2,13:30:00,8161.261715535424,4,53
2015-10-16,8164.1,8165.55,8163.0,8163.45,13:35:00,8161.532028341573,4,54
2015-10-16,8166.45,8166.45,8163.2,8163.2,13:40:00,8162.000406594757,4,55
2015-10-16,8169.4,8169.4,8166.0,8166.05,13:45:00,8162.705129776208,4,56
2015-10-16,8169.9,8169.9,8166.9,8168.65,13:50:00,8163.390355511807,4,57
2015-10-16,8171.3,8171.3,8168.95,8169.65,13:55:00,8164.143654986872,4,58
2015-10-16,8170.45,8170.45,8169.2,8169.7,14:00:00,8164.744259273836,4,59
2015-10-16,8175.05,8175.05,8169.95,8170.35,14:05:00,8165.725758390614,4,60
2015-10-16,8183.1,8186.25,8177.5,8177.5,14:10:00,8167.380448067699,4,61
2015-10-16,8213.25,8213.25,8189.25,8189.25,14:15:00,8171.748976823156,4,62
2015-10-16,8222.3,8222.3,8213.0,8213.75,14:20:00,8176.563359982855,4,63
2015-10-16,8222.65,8222.65,8214.45,8218.45,14:25:00,8180.952563794012,4,64
2015-10-16,8230.8,8230.8,8223.6,8223.6,14:30:00,8185.699938670773,4,65
2015-10-16,8235.7,8235.7,8224.9,8227.0,14:35:00,8190.461849273557,4,66
2015-10-16,8241.3,8241.3,8234.6,8239.55,14:40:00,8195.303577914172,4,67
2015-10-16,8239.5,8243.3,8238.85,8238.85,14:45:00,8199.512760969965,4,68
2015-10-16,8238.35,8238.35,8236.3,8236.65,14:50:00,8203.211545639491,4,69
2015-10-16,8235.1,8237.05,8234.45,8237.05,14:55:00,8206.248541292873,4,70
2015-10-16,8242.4,8244.45,8239.35,8239.35,15:00:00,8209.691537360219,4,71
2015-10-16,8235.75,8238.05,8235.75,8238.05,15:05:00,8212.173295706865,4,72
2015-10-16,8235.1,8235.65,8233.65,8234.15,15:10:00,8214.35679135383,4,73
2015-10-16,8238.0,8238.5,8233.65,8233.65,15:15:00,8216.608525510608,4,74
2015-10-16,8241.0,8241.0,8236.65,8236.65,15:20:00,8218.931523081026,4,75
2015-10-16,8242.75,8243.1,8240.85,8240.85,15:25:00,8221.199949454262,4,76
2015-10-19,8262.55,8262.55,8262.55,8262.55,09:10:00,8225.138049506237,0,1
2015-10-19,8243.95,8262.55,8243.95,8262.55,09:15:00,8226.929663838977,0,2
2015-10-19,8251.8,8251.8,8241.8,8245.75,09:20:00,8229.298267282884,0,3
2015-10-19,8258.35,8258.35,8255.05,8255.05,09:25:00,8232.065098970228,0,4
2015-10-19,8248.3,8256.15,8247.5,8256.15,09:30:00,8233.611280020683,0,5
2015-10-19,8247.2,8248.0,8242.7,8246.05,09:35:00,8234.905443828236,0,6
2015-10-19,8253.7,8253.7,8242.3,8242.3,09:40:00,8236.695401558882,0,7
2015-10-19,8252.05,8255.2,8251.85,8251.85,09:45:00,8238.157744267559,0,8
2015-10-19,8251.75,8255.7,8251.75,8253.05,09:50:00,8239.452244813507,0,9
2015-10-19,8245.5,8247.35,8245.5,8247.35,09:55:00,8240.028221497934,0,10
2015-10-19,8248.75,8248.75,8247.85,8248.65,10:00:00,8240.858867069559,0,11
2015-10-19,8247.15,8251.9,8247.15,8249.6,10:05:00,8241.458022586743,0,12
2015-10-19,8242.0,8247.05,8242.0,8246.9,10:10:00,8241.509639483244,0,13
2015-10-19,8247.65,8249.8,8245.75,8245.75,10:15:00,8242.094435722935,0,14
2015-10-19,8250.6,8250.7,8246.85,8246.85,10:20:00,8242.904489463608,0,15
2015-10-19,8249.1,8251.3,8249.1,8250.95,10:25:00,8243.49453808612,0,16
2015-10-19,8251.55,8251.55,8249.55,8250.05,10:30:00,8244.261724935062,0,17
2015-10-19,8252.0,8252.15,8250.45,8251.25,10:35:00,8244.998703512676,0,18
2015-10-19,8251.8,8253.2,8251.5,8252.95,10:40:00,8245.646446035278,0,19
2015-10-19,8252.95,8252.95,8249.95,8250.55,10:45:00,8246.342022603347,0,20
2015-10-19,8249.55,8252.1,8247.65,8252.1,10:50:00,8246.647544260171,0,21
2015-10-19,8248.5,8248.5,8244.7,8247.3,10:55:00,8246.823968616345,0,22
2015-10-19,8244.0,8246.2,8242.2,8246.2,11:00:00,8246.555019224312,0,23
2015-10-19,8243.65,8243.65,8241.0,8241.0,11:05:00,8246.278350726758,0,24
2015-10-19,8243.5,8245.85,8241.2,8241.2,11:10:00,8246.013745895638,0,25
2015-10-19,8243.65,8244.35,8241.05,8242.9,11:15:00,8245.78862723891,0,26
2015-10-19,8246.0,8246.0,8244.65,8244.65,11:20:00,8245.80875797806,0,27
2015-10-19,8246.8,8248.05,8246.8,8248.05,11:25:00,8245.90316198015,0,28
2015-10-19,8241.75,8244.8,8241.75,8244.8,11:30:00,8245.507622743944,0,29
2015-10-19,8245.05,8245.05,8242.15,8242.15,11:35:00,8245.464039625473,0,30
2015-10-19,8247.4,8247.4,8245.35,8245.35,11:40:00,8245.648416803999,0,31
2015-10-19,8246.7,8247.35,8246.45,8247.35,11:45:00,8245.748567584571,0,32
2015-10-19,8248.0,8248.25,8247.0,8248.25,11:50:00,8245.962989719374,0,33
2015-10-19,8252.5,8252.65,8248.2,8248.2,11:55:00,8246.585562127053,0,34
2015-10-19,8255.35,8257.65,8252.7,8252.7,12:00:00,8247.420270495904,0,35
2015-10-19,8254.5,8256.75,8254.5,8256.25,12:05:00,8248.094530448676,0,36
2015-10-19,8251.85,8253.5,8251.35,8252.4,12:10:00,8248.45219421547,0,37
2015-10-19,8256.85,8256.85,8254.65,8255.45,12:15:00,8249.251985242567,0,38
2015-10-19,8259.8,8260.95,8258.2,8258.2,12:20:00,8250.256558076608,0,39
2015-10-19,8258.8,8258.8,8255.95,8258.15,12:25:00,8251.070219212168,0,40
2015-10-19,8261.65,8261.65,8259.0,8260.55,12:30:00,8252.077817382438,0,41
2015-10-19,8269.85,8269.85,8264.9,8264.9,12:35:00,8253.770406203159,0,42
2015-10-19,8273.35,8273.35,8268.35,8268.35,12:40:00,8255.635129421906,0,43
2015-10-19,8274.4,8275.4,8272.75,8275.4,12:45:00,8257.422259953153,0,44
2015-10-19,8274.7,8274.7,8274.05,8274.3,12:50:00,8259.067759005235,0,45
2015-10-19,8272.55,8272.7,8270.5,8272.7,12:55:00,8260.351781957117,0,46
2015-10-19,8275.35,8275.35,8273.9,8274.2,13:00:00,8261.780183675488,0,47
2015-10-19,8275.1,8277.85,8275.1,8277.85,13:05:00,8263.048737611156,0,48
2015-10-19,8275.65,8276.95,8273.8,8275.25,13:10:00,8264.248857838666,0,49
2015-10-19,8275.7,8276.15,8275.25,8275.25,13:15:00,8265.339442806411,0,50
2015-10-19,8270.0,8276.4,8269.4,8276.4,13:20:00,8265.783305396277,0,51
2015-10-19,8270.05,8270.7,8268.95,8270.4,13:25:00,8266.189657263298,0,52
2015-10-19,8262.85,8270.45,8262.85,8270.45,13:30:00,8265.871594666794,0,53
2015-10-19,8261.7,8263.1,8261.0,8261.0,13:35:00,8265.474299936624,0,54
2015-10-19,8267.95,8268.2,8265.15,8265.35,13:40:00,8265.710080895042,0,55
2015-10-19,8268.1,8269.25,8267.05,8267.05,13:45:00,8265.93769223837,0,56
2015-10-19,8268.4,8269.35,8266.15,8269.35,13:50:00,8266.172197739479,0,57
2015-10-19,8262.6,8265.55,8262.35,8265.55,13:55:00,8265.831988430957,0,58
2015-10-19,8269.35,8269.35,8264.05,8264.25,14:00:00,8266.167037151818,0,59
2015-10-19,8270.9,8275.4,8270.9,8271.75,14:05:00,8266.617795518312,0,60
2015-10-19,8271.15,8271.45,8269.9,8271.05,14:10:00,8267.049434040377,0,61
2015-10-19,8271.45,8271.75,8269.65,8269.65,14:15:00,8267.468535560341,0,62
2015-10-19,8264.4,8269.7,8262.0,8269.7,14:20:00,8267.176294078405,0,63
2015-10-19,8265.35,8268.1,8264.85,8267.0,14:25:00,8267.002361309032,0,64
2015-10-19,8271.1,8271.1,8264.8,8264.8,14:30:00,8267.392612612934,0,65
2015-10-19,8255.15,8270.05,8255.15,8270.05,14:35:00,8266.22664950694,0,66
2015-10-19,8262.7,8262.7,8254.65,8254.65,14:40:00,8265.890778125326,0,67
2015-10-19,8261.65,8261.65,8257.15,8260.3,14:45:00,8265.486894494343,0,68
2015-10-19,8260.0,8263.2,8260.0,8261.8,14:50:00,8264.964333113929,0,69
2015-10-19,8258.65,8259.8,8255.3,8259.8,14:55:00,8264.362968055459,0,70
2015-10-19,8272.8,8275.1,8259.7,8259.7,15:00:00,8265.16649490732,0,71
2015-10-19,8272.65,8277.55,8272.65,8273.8,15:05:00,8265.87920967805,0,72
2015-10-19,8274.1,8274.1,8268.9,8269.8,15:10:00,8266.662142089664,0,73
2015-10-19,8274.3,8274.6,8269.3,8274.6,15:15:00,8267.389557128745,0,74
2015-10-19,8277.75,8279.0,8273.95,8273.95,15:20:00,8268.376265973626,0,75
2015-10-19,8276.3,8282.65,8276.3,8281.85,15:25:00,8269.13090730947,0,76
2015-10-20,8280.3,8280.3,8280.3,8280.3,09:10:00,8270.194630422855,1,1
2015-10-20,8274.3,8281.3,8268.9,8281.3,09:15:00,8270.58561800163,1,2
2015-10-20,8270.7,8272.25,8265.9,8268.3,09:20:00,8270.596511525284,1,3
2015-10-20,8270.2,8273.5,8268.2,8268.2,09:25:00,8270.558748522877,1,4
2015-10-20,8263.1,8270.95,8263.1,8270.75,09:30:00,8269.848391520698,1,5
2015-10-20,8261.05,8266.8,8261.05,8266.8,09:35:00,8269.010449471109,1,6
2015-10-20,8262.8,8265.1,8260.75,8261.8,09:40:00,8268.418978092908,1,7
2015-10-20,8265.3,8265.3,8261.9,8261.95,09:45:00,8268.12193256025,1,8
2015-10-20,8267.45,8267.45,8266.65,8266.65,09:50:00,8268.057938983084,1,9
2015-10-20,8267.3,8269.7,8267.2,8267.2,09:55:00,8267.985754318028,1,10
2015-10-20,8266.7,8269.6,8264.9,8269.6,10:00:00,8267.863301525835,1,11
2015-10-20,8272.4,8272.4,8267.1,8267.1,10:05:00,8268.295368047184,1,12
2015-10-20,8278.15,8279.0,8274.75,8274.75,10:10:00,8269.233904423643,1,13
2015-10-20,8285.6,8286.95,8283.45,8283.45,10:15:00,8270.79258019282,1,14
2015-10-20,8283.45,8288.5,8283.45,8288.5,10:20:00,8271.998048745885,1,15
2015-10-20,8283.4,8285.15,8282.3,8285.15,10:25:00,8273.083948865326,1,16
2015-10-20,8280.8,8286.25,8280.8,8286.25,10:30:00,8273.818810878152,1,17
2015-10-20,8283.2,8283.45,8281.7,8283.45,10:35:00,8274.712257461186,1,18
2015-10-20,8285.5,8285.7,8282.6,8283.55,10:40:00,8275.739661512502,1,19
2015-10-20,8284.5,8286.8,8282.6,8284.5,10:45:00,8276.573979463692,1,20
2015-10-20,8284.85,8285.85,8284.4,8285.2,10:50:00,8277.362171895722,1,21
2015-10-20,8288.3,8288.3,8284.3,8285.25,10:55:00,8278.403869810414,1,22
2015-10-20,8286.5,8288.9,8284.85,8288.25,11:00:00,8279.17492982847,1,23
2015-10-20,8288.8,8288.8,8285.2,8285.75,11:05:00,8280.09160317814,1,24
2015-10-20,8286.25,8288.05,8285.45,8288.05,11:10:00,8280.678117161175,1,25
2015-10-20,8280.25,8285.55,8279.65,8285.55,11:15:00,8280.637344098206,1,26
2015-10-20,8280.95,8282.55,8280.0,8280.0,11:20:00,8280.667120850758,1,27
2015-10-20,8274.4,8281.3,8274.4,8281.25,11:25:00,8280.070252198304,1,28
2015-10-20,8272.75,8273.35,8271.35,8271.35,11:30:00,8279.373085322275,1,29
2015-10-20,8276.7,8277.1,8272.85,8272.85,11:35:00,8279.118505767774,1,30
2015-10-20,8280.2,8280.45,8276.2,8276.2,11:40:00,8279.221505218462,1,31
2015-10-20,8284.75,8287.3,8284.55,8284.55,11:45:00,8279.74802853099,1,32
2015-10-20,8285.35,8285.35,8281.55,8284.1,11:50:00,8280.281549623278,1,33
2015-10-20,8284.85,8284.85,8283.75,8284.5,11:55:00,8280.716640135346,1,34
2015-10-20,8282.0,8284.45,8282.0,8284.45,12:00:00,8280.838864884361,1,35
2015-10-20,8282.95,8282.95,8281.7,8281.7,12:05:00,8281.039925371564,1,36
2015-10-20,8285.6,8285.6,8283.0,8283.0,12:10:00,8281.47421819332,1,37
2015-10-20,8282.3,8285.3,8281.6,8285.3,12:15:00,8281.552864079671,1,38
2015-10-20,8285.4,8286.45,8283.4,8283.4,12:20:00,8281.919257976846,1,39
2015-10-20,8283.25,8287.1,8282.45,8286.75,12:25:00,8282.045995312385,1,40
2015-10-20,8284.55,8286.7,8283.85,8284.5,12:30:00,8282.2844719493,1,41
2015-10-20,8284.1,8284.5,8283.6,8284.5,12:35:00,8282.4573793827,1,42
2015-10-20,8282.3,8286.25,8281.85,8285.5,12:40:00,8282.442390870063,1,43
2015-10-20,8288.85,8288.85,8284.6,8284.6,12:45:00,8283.052639358628,1,44
2015-10-20,8291.2,8291.6,8287.85,8287.85,12:50:00,8283.82857846733,1,45
2015-10-20,8290.45,8290.55,8289.55,8289.55,12:55:00,8284.45919004187,1,46
2015-10-20,8286.15,8288.95,8286.15,8288.15,13:00:00,8284.620219561693,1,47
2015-10-20,8286.35,8288.2,8285.15,8286.65,13:05:00,8284.784960555817,1,48
2015-10-20,8286.85,8287.5,8284.45,8286.85,13:10:00,8284.981630979073,1,49
2015-10-20,8288.45,8288.45,8285.65,8285.65,13:15:00,8285.311951838208,1,50
2015-10-20,8293.25,8293.25,8288.9,8288.9,13:20:00,8286.067956425046,1,51
2015-10-20,8288.4,8291.5,8286.75,8291.5,13:25:00,8286.290055813137,1,52
2015-10-20,8289.55,8291.55,8288.45,8291.55,13:30:00,8286.600526688077,1,53
2015-10-20,8278.45,8289.7,8278.45,8288.35,13:35:00,8285.824286051116,1,54
2015-10-20,8267.2,8276.7,8267.2,8276.7,13:40:00,8284.050544522439,1,55
2015-10-20,8258.1,8268.55,8257.2,8268.55,13:45:00,8281.57906409173,1,56
2015-10-20,8266.25,8266.25,8254.45,8256.15,13:50:00,8280.11915322585,1,57
2015-10-20,8258.75,8267.2,8258.75,8267.2,13:55:00,8278.083995775769,1,58
2015-10-20,8264.65,8267.4,8256.45,8256.45,14:00:00,8276.804567606649,1,59
2015-10-20,8262.75,8267.65,8262.75,8267.65,14:05:00,8275.466037358396,1,60
2015-10-20,8262.5,8265.65,8262.5,8263.05,14:10:00,8274.231176657597,1,61
2015-10-20,8256.95,8263.65,8256.95,8263.65,14:15:00,8272.585350309255,1,62
2015-10-20,8260.0,8260.0,8256.55,8256.55,14:20:00,8271.386745517897,1,63
2015-10-20,8241.05,8256.5,8240.7,8255.35,14:25:00,8268.49753165905,1,64
2015-10-20,8231.35,8241.2,8231.35,8241.2,14:30:00,8264.959671501045,1,65
2015-10-20,8246.05,8246.05,8237.15,8237.15,14:35:00,8263.158750405708,1,66
2015-10-20,8246.1,8246.1,8243.15,8245.7,14:40:00,8261.534107509926,1,67
2015-10-20,8250.25,8250.25,8245.65,8246.25,14:45:00,8260.459430604218,1,68
2015-10-20,8256.25,8259.1,8249.7,8249.7,14:50:00,8260.058532451436,1,69
2015-10-20,8256.2,8257.2,8254.6,8257.2,14:55:00,8259.691053170347,1,70
2015-10-20,8261.85,8266.05,8261.1,8261.1,15:00:00,8259.896667154124,1,71
2015-10-20,8261.35,8263.55,8261.35,8261.8,15:05:00,8260.035079806112,1,72
2015-10-20,8256.55,8259.8,8253.85,8259.8,15:10:00,8259.703167443626,1,73
2015-10-20,8263.9,8263.9,8260.0,8260.0,15:15:00,8260.102865782328,1,74
2015-10-20,8264.9,8267.2,8264.9,8267.2,15:20:00,8260.55973570782,1,75
2015-10-20,8254.25,8266.7,8254.25,8266.7,15:25:00,8259.958808497551,1,76
2015-10-21,8258.35,8258.35,8258.35,8258.35,09:10:00,8259.805588640642,2,1
2015-10-21,8273.8,8276.75,8258.35,8258.35,09:15:00,8261.138389722486,2,2
2015-10-21,8272.5,8276.2,8272.3,8272.3,09:20:00,8262.220447844154,2,3
2015-10-21,8276.9,8280.35,8275.8,8275.8,09:25:00,8263.618500430426,2,4
2015-10-21,8278.5,8283.95,8278.5,8279.75,09:30:00,8265.03578610372,2,5
2015-10-21,8276.7,8279.15,8275.25,8279.15,09:35:00,8266.146663617652,2,6
2015-10-21,8279.3,8279.75,8277.65,8278.7,09:40:00,8267.399362320732,2,7
2015-10-21,8278.4,8279.0,8277.75,8278.95,09:45:00,8268.44704209971,2,8
2015-10-21,8276.15,8276.55,8274.4,8276.55,09:50:00,8269.180657137833,2,9
2015-10-21,8278.75,8278.75,8276.35,8276.5,09:55:00,8270.092023124706,2,10
2015-10-21,8278.75,8281.0,8278.75,8279.9,10:00:00,8270.916592350924,2,11
2015-10-21,8280.95,8282.35,8277.5,8277.5,10:05:00,8271.87215498417,2,12
2015-10-21,8288.25,8288.25,8282.05,8282.05,10:10:00,8273.431949747583,2,13
2015-10-21,8292.6,8292.6,8288.1,8288.25,10:15:00,8275.257478343052,2,14
2015-10-21,8290.35,8293.25,8290.2,8290.6,10:20:00,8276.694861357999,2,15
2015-10-21,8286.25,8289.15,8286.25,8289.15,10:25:00,8277.604874562,2,16
2015-10-21,8286.9,8287.35,8285.6,8285.6,10:30:00,8278.490124603713,2,17
2015-10-21,8288.8,8288.8,8285.6,8286.55,10:35:00,8279.472017498598,2,18
2015-10-21,8291.15,8292.55,8289.5,8289.5,10:40:00,8280.584206308256,2,19
2015-10-21,8289.0,8290.8,8288.45,8290.8,10:45:00,8281.385710469374,2,20
2015-10-21,8286.7,8287.9,8286.7,8287.35,10:50:00,8281.891833281816,2,21
2015-10-21,8287.5,8288.3,8287.5,8288.3,10:55:00,8282.425944397834,2,22
2015-10-21,8285.0,8286.35,8283.5,8286.35,11:00:00,8282.671092550421,2,23
2015-10-21,8287.6,8287.6,8283.85,8283.85,11:05:00,8283.140512307524,2,24
2015-10-21,8289.05,8289.05,8287.7,8287.7,11:10:00,8283.703320659188,2,25
2015-10-21,8291.35,8291.35,8289.15,8289.15,11:15:00,8284.431575834504,2,26
2015-10-21,8284.5,8289.45,8284.5,8288.05,11:20:00,8284.438092421693,2,27
2015-10-21,8286.2,8286.9,8285.0,8285.85,11:25:00,8284.605893143436,2,28
2015-10-21,8286.4,8286.4,8285.7,8285.7,11:30:00,8284.776760463108,2,29
2015-10-21,8279.8,8287.8,8279.8,8286.05,11:35:00,8284.302783276145,2,30
2015-10-21,8276.9,8279.75,8276.9,8279.75,11:40:00,8283.597756297466,2,31
2015-10-21,8275.85,8277.15,8274.05,8277.15,11:45:00,8282.859874745325,2,32
2015-10-21,8274.75,8276.3,8274.75,8274.95,11:50:00,8282.087505721962,2,33
2015-10-21,8275.55,8276.15,8274.3,8274.3,11:55:00,8281.464886129394,2,34
2015-10-21,8271.35,8274.5,8271.2,8274.5,12:00:00,8280.501563640879,2,35
2015-10-21,8260.15,8269.75,8260.15,8269.75,12:05:00,8278.563319484605,2,36
2015-10-21,8247.1,8261.25,8247.1,8257.45,12:10:00,8275.566812867024,2,37
2015-10-21,8253.3,8253.3,8245.1,8245.1,12:15:00,8273.446164022545,2,38
2015-10-21,8250.0,8254.8,8249.55,8254.8,12:20:00,8271.213196020399,2,39
2015-10-21,8232.35,8249.6,8232.35,8249.6,12:25:00,8267.511939256552,2,40
2015-10-21,8236.3,8240.1,8236.3,8240.1,12:30:00,8264.539373613072,2,41
2015-10-21,8239.45,8241.5,8238.0,8238.0,12:35:00,8262.149909459446,2,42
2015-10-21,8233.5,8239.1,8233.5,8239.1,12:40:00,8259.421346653784,2,43
2015-10-21,8217.5,8230.2,8217.5,8230.2,12:45:00,8255.42883744866,2,44
2015-10-21,8226.55,8228.95,8220.45,8220.45,12:50:00,8252.678471977359,2,45
2015-10-21,8223.95,8226.65,8223.25,8226.65,12:55:00,8249.942427027134,2,46
2015-10-21,8230.55,8230.55,8222.85,8222.85,13:00:00,8248.095529215025,2,47
2015-10-21,8234.4,8236.9,8232.55,8232.55,13:05:00,8246.791193099309,2,48
2015-10-21,8233.0,8238.8,8233.0,8237.45,13:10:00,8245.47774613747,2,49
2015-10-21,8240.0,8240.0,8235.0,8235.25,13:15:00,8244.956056029141,2,50
2015-10-21,8245.6,8245.6,8239.75,8240.35,13:20:00,8245.017384026365,2,51
2015-10-21,8241.7,8243.0,8241.7,8242.15,13:25:00,8244.70144269052,2,52
2015-10-21,8238.7,8240.4,8231.6,8240.4,13:30:00,8244.129876719995,2,53
2015-10-21,8246.1,8246.1,8239.9,8239.9,13:35:00,8244.317507508567,2,54
2015-10-21,8249.1,8249.1,8245.0,8247.35,13:40:00,8244.77298298394,2,55
2015-10-21,8245.3,8252.35,8245.3,8252.35,13:45:00,8244.823175080708,2,56
2015-10-21,8241.0,8245.6,8241.0,8245.6,13:50:00,8244.45906316826,2,57
2015-10-21,8239.6,8240.3,8239.6,8239.8,13:55:00,8243.996295247474,2,58
2015-10-21,8238.55,8240.2,8235.1,8240.2,14:00:00,8243.477600462,2,59
2015-10-21,8229.55,8237.5,8229.55,8237.5,14:05:00,8242.151162322762,2,60
2015-10-21,8228.2,8228.2,8222.7,8222.7,14:10:00,8240.822480196784,2,61
2015-10-21,8235.6,8235.6,8228.05,8228.05,14:15:00,8240.325101130424,2,62
2015-10-21,8246.5,8246.5,8235.45,8235.65,14:20:00,8240.913186737049,2,63
2015-10-21,8250.65,8252.65,8250.65,8250.9,14:25:00,8241.8405022859,2,64
2015-10-21,8256.85,8256.85,8247.2,8247.2,14:30:00,8243.269978258671,2,65
2015-10-21,8249.35,8258.55,8247.25,8258.55,14:35:00,8243.849027948321,2,66
2015-10-21,8247.55,8249.6,8245.55,8247.3,14:40:00,8244.201501477053,2,67
2015-10-21,8249.25,8251.55,8247.1,8247.1,14:45:00,8244.682310860191,2,68
2015-10-21,8252.95,8252.95,8248.1,8249.05,14:50:00,8245.469709825888,2,69
2015-10-21,8257.0,8263.05,8257.0,8258.55,14:55:00,8246.567832699613,2,70
2015-10-21,8252.8,8254.35,8248.45,8254.35,15:00:00,8247.161372442506,2,71
2015-10-21,8254.65,8256.15,8251.0,8251.0,15:05:00,8247.87457506703,2,72
2015-10-21,8257.05,8257.05,8253.8,8254.5,15:10:00,8248.748425060647,2,73
2015-10-21,8256.8,8257.7,8254.6,8255.1,15:15:00,8249.515241721538,2,74
2015-10-21,8247.3,8253.45,8246.15,8253.45,15:20:00,8249.304266319486,2,75
2015-10-21,8249.0,8251.35,8247.1,8247.45,15:25:00,8249.275288574772,2,76
2015-10-23,8308.25,8308.25,8308.25,8308.25,09:10:00,8254.891927758128,4,1
2015-10-23,8316.15,8323.05,8308.25,8308.25,09:15:00,8260.726029876401,4,2
2015-10-23,8322.75,8324.55,8316.2,8316.2,09:20:00,8266.633074650077,4,3
2015-10-23,8311.85,8318.9,8311.85,8318.9,09:25:00,8270.939448492927,4,4
2015-10-23,8313.55,8313.55,8309.6,8309.6,09:30:00,8274.997596255505,4,5
2015-10-23,8312.4,8315.45,8310.3,8313.65,09:35:00,8278.559729945457,4,6
2015-10-23,8312.65,8312.65,8310.05,8312.0,09:40:00,8281.806422331603,4,7
2015-10-23,8319.35,8319.35,8312.2,8312.2,09:45:00,8285.382001157166,4,8
2015-10-23,8317.3,8318.2,8317.05,8317.05,09:50:00,8288.42181057077,4,9
2015-10-23,8313.2,8316.9,8311.6,8316.9,09:55:00,8290.781638135459,4,10
2015-10-23,8310.0,8315.45,8310.0,8313.85,10:00:00,8292.611958313033,4,11
2015-10-23,8303.25,8310.1,8303.25,8310.1,10:05:00,8293.625105140363,4,12
2015-10-23,8309.5,8309.5,8305.05,8305.05,10:10:00,8295.1369998889,4,13
2015-10-23,8312.95,8312.95,8308.4,8308.4,10:15:00,8296.833476089958,4,14
2015-10-23,8307.45,8310.4,8307.45,8310.4,10:20:00,8297.8445736052,4,15
2015-10-23,8312.2,8312.25,8308.8,8310.25,10:25:00,8299.21175707137,4,16
2015-10-23,8310.2,8312.8,8309.4,8312.6,10:30:00,8300.258256397907,4,17
2015-10-23,8308.95,8311.05,8308.85,8310.45,10:35:00,8301.086041502867,4,18
2015-10-23,8309.95,8311.4,8309.3,8309.3,10:40:00,8301.930228026404,4,19
2015-10-23,8306.7,8309.9,8306.7,8309.9,10:45:00,8302.384492023888,4,20
2015-10-23,8306.9,8308.9,8306.9,8308.9,10:50:00,8302.814540402565,4,21
2015-10-23,8307.85,8309.25,8306.45,8306.45,10:55:00,8303.294107983273,4,22
2015-10-23,8310.4,8310.4,8307.65,8307.65,11:00:00,8303.970859603913,4,23
2015-10-23,8308.2,8310.0,8308.2,8310.0,11:05:00,8304.37363487973,4,24
2015-10-23,8306.1,8308.05,8306.1,8308.05,11:10:00,8304.53805060547,4,25
2015-10-23,8306.45,8309.7,8304.75,8305.6,11:15:00,8304.720141023996,4,26
2015-10-23,8304.7,8307.5,8304.45,8304.95,11:20:00,8304.718222831234,4,27
2015-10-23,8305.4,8306.2,8305.25,8305.4,11:25:00,8304.783153990164,4,28
2015-10-23,8306.95,8306.95,8306.3,8306.3,11:30:00,8304.989520276815,4,29
2015-10-23,8304.15,8308.4,8304.15,8307.3,11:35:00,8304.909565964737,4,30
2015-10-23,8304.75,8305.3,8300.8,8300.8,11:40:00,8304.894369206191,4,31
2015-10-23,8307.1,8307.1,8304.55,8306.9,11:45:00,8305.104429281791,4,32
2015-10-23,8311.3,8311.45,8309.05,8309.05,11:50:00,8305.694483635907,4,33
2015-10-23,8311.35,8311.35,8310.2,8311.05,11:55:00,8306.23310424201,4,34
2015-10-23,8309.25,8310.35,8309.25,8309.3,12:00:00,8306.520427647532,4,35
2015-10-23,8310.35,8310.4,8308.55,8309.45,12:05:00,8306.885148823958,4,36
2015-10-23,8308.9,8310.8,8308.05,8310.8,12:10:00,8307.077039412152,4,37
2015-10-23,8308.0,8309.1,8308.0,8308.6,12:15:00,8307.164940420518,4,38
2015-10-23,8307.25,8309.55,8307.25,8308.4,12:20:00,8307.17304133285,4,39
2015-10-23,8305.15,8307.6,8303.95,8307.6,12:25:00,8306.980370729721,4,40
2015-10-23,8306.1,8306.1,8303.1,8303.9,12:30:00,8306.896525898319,4,41
2015-10-23,8305.6,8306.6,8304.4,8305.3,12:35:00,8306.773047241337,4,42
2015-10-23,8305.25,8305.25,8304.25,8304.25,12:40:00,8306.627995123114,4,43
2015-10-23,8305.8,8309.85,8305.8,8307.9,12:45:00,8306.549138444721,4,44
2015-10-23,8309.2,8309.2,8306.75,8306.75,12:50:00,8306.801601449986,4,45
2015-10-23,8300.15,8307.6,8300.15,8307.6,12:55:00,8306.168115597606,4,46
2015-10-23,8297.75,8298.7,8294.45,8297.9,13:00:00,8305.366390302595,4,47
2015-10-23,8290.9,8297.75,8290.9,8294.6,13:05:00,8303.988638845205,4,48
2015-10-23,8296.7,8296.7,8292.6,8292.6,13:10:00,8303.29448276471,4,49
2015-10-23,8299.2,8299.2,8296.05,8296.1,13:15:00,8302.904532025213,4,50
2015-10-23,8296.9,8299.2,8296.9,8298.75,13:20:00,8302.332671832335,4,51
2015-10-23,8292.55,8294.8,8292.4,8294.6,13:25:00,8301.400988800684,4,52
2015-10-23,8300.8,8300.8,8291.1,8291.1,13:30:00,8301.343751772047,4,53
2015-10-23,8300.15,8301.85,8299.4,8301.55,13:35:00,8301.23006112709,4,54
2015-10-23,8305.8,8305.8,8301.15,8301.15,13:40:00,8301.6652934007,4,55
2015-10-23,8311.75,8312.7,8304.8,8304.8,13:45:00,8302.625741648251,4,56
2015-10-23,8311.5,8312.55,8310.05,8312.55,13:50:00,8303.470909110323,4,57
2015-10-23,8311.0,8314.75,8311.0,8313.5,13:55:00,8304.18796538553,4,58
2015-10-23,8308.05,8310.0,8308.05,8309.45,14:00:00,8304.555778205955,4,59
2015-10-23,8310.85,8310.85,8307.55,8307.75,14:05:00,8305.155227900626,4,60
2015-10-23,8308.35,8310.65,8308.35,8309.85,14:10:00,8305.459491910091,4,61
2015-10-23,8309.1,8309.1,8306.2,8307.55,14:15:00,8305.806206966272,4,62
2015-10-23,8303.25,8310.3,8303.25,8309.95,14:20:00,8305.562758683769,4,63
2015-10-23,8303.6,8303.9,8302.9,8303.9,14:25:00,8305.375829285314,4,64
2015-10-23,8284.8,8304.15,8284.8,8304.15,14:30:00,8303.416226496238,4,65
2015-10-23,8288.95,8289.75,8286.4,8287.05,14:35:00,8302.038490639454,4,66
2015-10-23,8284.9,8286.55,8281.8,8286.55,14:40:00,8300.406253435696,4,67
2015-10-23,8295.0,8295.0,8289.0,8290.3,14:45:00,8299.891372156108,4,68
2015-10-23,8290.65,8297.45,8290.65,8297.45,14:50:00,8299.011241474574,4,69
2015-10-23,8289.8,8289.9,8287.8,8288.15,14:55:00,8298.133980381757,4,70
2015-10-23,8291.55,8291.55,8284.65,8288.6,15:00:00,8297.506934631114,4,71
2015-10-23,8296.05,8296.05,8291.8,8291.8,15:05:00,8297.36817895196,4,72
2015-10-23,8294.85,8296.5,8293.95,8296.5,15:10:00,8297.128352385105,4,73
2015-10-23,8296.5,8298.35,8296.5,8298.15,15:15:00,8297.06850930081,4,74
2015-10-23,8297.8,8298.7,8297.8,8298.6,15:20:00,8297.138175081685,4,75
2015-10-23,8298.15,8299.15,8296.65,8296.85,15:25:00,8297.23453935962,4,76
2015-10-26,8333.65,8333.65,8333.65,8333.65,09:10:00,8300.702678468228,0,1
2015-10-26,8322.0,8330.35,8315.6,8330.35,09:15:00,8302.730994804588,0,2
2015-10-26,8313.75,8321.35,8311.2,8321.35,09:20:00,8303.780423870818,0,3
2015-10-26,8315.05,8316.9,8312.05,8312.05,09:25:00,8304.853716835501,0,4
2015-10-26,8315.5,8318.0,8315.5,8316.75,09:30:00,8305.867648565454,0,5
2015-10-26,8310.05,8313.05,8309.95,8313.05,09:35:00,8306.265967749696,0,6
2015-10-26,8310.95,8311.45,8306.0,8307.8,09:40:00,8306.712066059248,0,7
2015-10-26,8308.45,8308.85,8307.3,8307.3,09:45:00,8306.877583577416,0,8
2015-10-26,8301.1,8306.35,8300.65,8306.35,09:50:00,8306.327337522423,0,9
2015-10-26,8297.85,8299.5,8294.75,8296.9,09:55:00,8305.519972044098,0,10
2015-10-26,8301.35,8304.15,8301.35,8303.85,10:00:00,8305.122831849421,0,11
2015-10-26,8303.7,8303.7,8299.0,8302.5,10:05:00,8304.987324054238,0,12
2015-10-26,8295.6,8301.2,8295.6,8299.9,10:10:00,8304.093293191929,0,13
2015-10-26,8292.4,8293.05,8290.9,8292.9,10:15:00,8302.979646221269,0,14
2015-10-26,8292.75,8293.6,8291.45,8292.85,10:20:00,8302.005394200196,0,15
2015-10-26,8298.85,8298.85,8294.95,8297.55,10:25:00,8301.704880466843,0,16
2015-10-26,8296.75,8300.35,8296.75,8296.95,10:30:00,8301.232987089048,0,17
2015-10-26,8294.25,8296.7,8294.25,8296.7,10:35:00,8300.567940699615,0,18
2015-10-26,8297.35,8297.35,8294.0,8294.0,10:40:00,8300.261470156795,0,19
2015-10-26,8287.7,8295.3,8287.7,8295.3,10:45:00,8299.06513966567,0,20
2015-10-26,8293.2,8293.2,8287.0,8287.0,10:50:00,8298.506554935606,0,21
2015-10-26,8289.55,8292.95,8289.55,8292.95,10:55:00,8297.653549703644,0,22
2015-10-26,8277.1,8288.6,8277.1,8288.6,11:00:00,8295.696068779487,0,23
2015-10-26,8276.2,8279.55,8275.6,8277.35,11:05:00,8293.839300324298,0,24
2015-10-26,8276.3,8276.95,8273.35,8275.75,11:10:00,8292.168890769603,0,25
2015-10-26,8281.2,8281.2,8274.2,8274.2,11:15:00,8291.12423450583,0,26
2015-10-26,8282.45,8282.5,8279.8,8280.85,11:20:00,8290.298116933847,0,27
2015-10-26,8278.5,8279.95,8277.6,8279.95,11:25:00,8289.17448674967,0,28
2015-10-26,8277.25,8278.8,8276.05,8278.8,11:30:00,8288.03882134494,0,29
2015-10-26,8283.7,8284.05,8279.75,8279.75,11:35:00,8287.62560026447,0,30
2015-10-26,8284.05,8284.05,8281.7,8283.15,11:40:00,8287.285066905948,0,31
2015-10-26,8284.55,8285.3,8283.0,8283.0,11:45:00,8287.024584343477,0,32
2015-10-26,8280.1,8284.55,8280.1,8284.55,11:50:00,8286.365100120289,0,33
2015-10-26,8279.55,8280.3,8279.45,8280.3,11:55:00,8285.716042965976,0,34
2015-10-26,8278.8,8278.8,8274.95,8276.55,12:00:00,8285.057372207311,0,35
2015-10-26,8278.1,8278.85,8276.3,8278.65,12:05:00,8284.394765330424,0,36
2015-10-26,8278.3,8278.3,8274.8,8275.8,12:10:00,8283.814311489432,0,37
2015-10-26,8281.15,8281.35,8277.85,8277.85,12:15:00,8283.560567538058,0,38
2015-10-26,8281.75,8282.8,8281.25,8281.25,12:20:00,8283.388132534432,0,39
2015-10-26,8280.7,8283.3,8280.7,8281.8,12:25:00,8283.132119912105,0,40
2015-10-26,8281.25,8282.7,8280.65,8281.4,12:30:00,8282.952870396666,0,41
2015-10-26,8278.7,8280.2,8277.55,8280.1,12:35:00,8282.547835120793,0,42
2015-10-26,8277.6,8278.7,8277.6,8278.4,12:40:00,8282.076612728337,0,43
2015-10-26,8270.3,8275.75,8270.3,8275.75,12:45:00,8280.955030563733,0,44
2015-10-26,8268.0,8269.65,8265.5,8269.65,12:50:00,8279.721218129092,0,45
2015-10-26,8267.35,8269.65,8267.35,8269.65,12:55:00,8278.543006878703,0,46
2015-10-26,8270.0,8271.05,8267.55,8269.5,13:00:00,8277.729387175968,0,47
2015-10-26,8271.15,8271.5,8270.75,8270.75,13:05:00,8277.102778873495,0,48
2015-10-26,8273.75,8273.75,8271.7,8272.35,13:10:00,8276.783466599829,0,49
2015-10-26,8274.15,8278.65,8274.15,8278.65,13:15:00,8276.532660256988,0,50
2015-10-26,8278.65,8281.35,8277.5,8277.5,13:20:00,8276.734311661083,0,51
2015-10-26,8279.25,8281.45,8277.5,8281.45,13:25:00,8276.973901026693,0,52
2015-10-26,8285.3,8287.35,8278.2,8278.2,13:30:00,8277.766862833674,0,53
2015-10-26,8285.8,8285.8,8283.05,8285.4,13:35:00,8278.53192351618,0,54
2015-10-26,8286.5,8286.5,8283.2,8283.2,13:40:00,8279.290787943211,0,55
2015-10-26,8280.7,8286.45,8280.7,8286.45,13:45:00,8279.424998615286,0,56
2015-10-26,8275.05,8279.9,8274.85,8279.9,13:50:00,8279.008332080497,0,57
2015-10-26,8281.8,8281.8,8273.75,8273.75,13:55:00,8279.274205215688,0,58
2015-10-26,8275.1,8279.1,8274.9,8277.95,14:00:00,8278.876661861814,0,59
2015-10-26,8274.8,8278.65,8273.8,8278.65,14:05:00,8278.488408351164,0,60
2015-10-26,8276.45,8280.35,8276.45,8277.75,14:10:00,8278.294274222482,0,61
2015-10-26,8280.45,8281.9,8274.85,8274.85,14:15:00,8278.499581439388,0,62
2015-10-26,8278.7,8281.8,8278.7,8279.45,14:20:00,8278.518668921351,0,63
2015-10-26,8274.75,8277.75,8273.2,8277.75,14:25:00,8278.1597480717,0,64
2015-10-26,8277.95,8277.95,8270.85,8270.85,14:30:00,8278.139772064871,0,65
2015-10-26,8279.9,8280.15,8278.95,8278.95,14:35:00,8278.307412820597,0,66
2015-10-26,8278.55,8283.8,8278.55,8283.8,14:40:00,8278.330516361493,0,67
2015-10-26,8272.25,8279.25,8272.25,8279.25,14:45:00,8277.75141956516,0,68
2015-10-26,8260.2,8269.05,8260.2,8269.05,14:50:00,8276.07985579705,0,69
2015-10-26,8258.85,8262.65,8258.85,8262.2,14:55:00,8274.438917149711,0,70
2015-10-26,8258.1,8258.9,8257.05,8257.45,15:00:00,8272.88282980212,0,71
2015-10-26,8262.5,8262.5,8259.4,8260.05,15:05:00,8271.893988868585,0,72
2015-10-26,8259.7,8264.2,8259.7,8264.2,15:10:00,8270.732656595386,0,73
2015-10-26,8260.1,8260.6,8258.65,8259.15,15:15:00,8269.720022633921,0,74
2015-10-26,8262.55,8264.0,8261.7,8264.0,15:20:00,8269.037163335452,0,75
2015-10-26,8256.0,8263.35,8256.0,8263.35,15:25:00,8267.795528732075,0,76
2015-10-27,8230.35,8230.35,8230.35,8230.35,09:10:00,8264.229287900449,1,1
2015-10-27,8228.25,8235.55,8228.25,8232.35,09:15:00,8260.802689052787,1,2
2015-10-27,8232.3,8235.7,8231.0,8231.0,09:20:00,8258.088147238235,1,3
2015-10-27,8233.4,8236.8,8233.4,8236.05,09:25:00,8255.736895120308,1,4
2015-10-27,8236.4,8238.7,8233.65,8238.7,09:30:00,8253.895286061232,1,5
2015-10-27,8236.6,8240.4,8235.45,8240.4,09:35:00,8252.248115960163,1,6
2015-10-27,8236.85,8237.35,8235.6,8236.35,09:40:00,8250.781628725861,1,7
2015-10-27,8238.45,8240.7,8238.45,8238.9,09:45:00,8249.607187894826,1,8
2015-10-27,8237.25,8237.95,8237.25,8237.35,09:50:00,8248.430312857225,1,9
2015-10-27,8232.85,8236.25,8232.7,8236.25,09:55:00,8246.94647353749,1,10
2015-10-27,8233.05,8233.05,8231.7,8232.25,10:00:00,8245.622999867252,1,11
2015-10-27,8234.3,8235.15,8233.85,8233.85,10:05:00,8244.544618927514,1,12
2015-10-27,8233.8,8235.15,8233.8,8234.55,10:10:00,8243.521321886798,1,13
2015-10-27,8233.1,8233.4,8232.65,8232.75,10:15:00,8242.528815040436,1,14
2015-10-27,8230.95,8233.55,8229.3,8233.55,10:20:00,8241.426070750871,1,15
2015-10-27,8230.0,8233.4,8230.0,8233.4,10:25:00,8240.337873536502,1,16
2015-10-27,8225.45,8230.15,8224.9,8230.15,10:30:00,8238.91998081874,1,17
2015-10-27,8223.05,8225.9,8223.05,8225.9,10:35:00,8237.408554074098,1,18
2015-10-27,8219.9,8219.9,8217.9,8218.45,10:40:00,8235.741072733708,1,19
2015-10-27,8220.95,8223.0,8220.95,8221.2,10:45:00,8234.332399140023,1,20
2015-10-27,8224.75,8224.85,8220.5,8220.5,10:50:00,8233.419789698115,1,21
2015-10-27,8220.7,8224.55,8220.7,8224.55,10:55:00,8232.208381155437,1,22
2015-10-27,8223.7,8223.7,8221.35,8222.25,11:00:00,8231.398059140633,1,23
2015-10-27,8224.2,8224.4,8223.2,8223.5,11:05:00,8230.712529698669,1,24
2015-10-27,8223.0,8224.25,8222.45,8224.25,11:10:00,8229.9780030607,1,25
2015-10-27,8220.3,8222.25,8220.3,8222.0,11:15:00,8229.05628848349,1,26
2015-10-27,8219.6,8221.4,8218.95,8221.4,11:20:00,8228.155689580302,1,27
2015-10-27,8224.65,8224.65,8220.95,8220.95,11:25:00,8227.821814382178,1,28
2015-10-27,8227.05,8228.25,8224.75,8224.75,11:30:00,8227.748308250542,1,29
2015-10-27,8234.6,8234.6,8230.3,8230.5,11:35:00,8228.40085032192,1,30
2015-10-27,8233.4,8234.55,8233.1,8234.55,11:40:00,8228.876959815068,1,31
2015-10-27,8240.2,8240.2,8232.9,8233.45,11:45:00,8229.955344594586,1,32
2015-10-27,8236.25,8238.6,8236.25,8238.6,11:50:00,8230.554835585577,1,33
2015-10-27,8232.05,8235.7,8232.05,8235.7,11:55:00,8230.697232196475,1,34
2015-10-27,8231.2,8233.05,8231.2,8232.05,12:00:00,8230.745114844429,1,35
2015-10-27,8230.85,8231.05,8230.15,8231.05,12:05:00,8230.755103906864,1,36
2015-10-27,8234.1,8234.3,8232.05,8232.05,12:10:00,8231.073665439544,1,37
2015-10-27,8236.5,8237.1,8235.25,8235.6,12:15:00,8231.590459207206,1,38
2015-10-27,8232.4,8236.0,8232.0,8236.0,12:20:00,8231.66755833033,1,39
2015-10-27,8230.0,8231.3,8230.0,8231.2,12:25:00,8231.50874325125,1,40
2015-10-27,8228.1,8230.95,8228.1,8230.95,12:30:00,8231.184101036844,1,41
2015-10-27,8230.1,8230.1,8226.85,8226.85,12:35:00,8231.08085331905,1,42
2015-10-27,8228.65,8229.5,8227.0,8229.5,12:40:00,8230.84934347914,1,43
2015-10-27,8230.65,8231.45,8229.6,8229.85,12:45:00,8230.830358385889,1,44
2015-10-27,8232.85,8234.65,8232.85,8233.55,12:50:00,8231.02270520628,1,45
2015-10-27,8234.05,8234.05,8230.95,8232.0,12:55:00,8231.311018996159,1,46
2015-10-27,8226.05,8232.2,8225.95,8232.2,13:00:00,8230.809969567954,1,47
2015-10-27,8227.8,8227.8,8225.4,8226.6,13:05:00,8230.523305799577,1,48
2015-10-27,8228.55,8231.5,8228.05,8229.7,13:10:00,8230.335371913903,1,49
2015-10-27,8228.1,8230.25,8225.7,8225.7,13:15:00,8230.122479350674,1,50
2015-10-27,8231.4,8231.9,8228.75,8228.75,13:20:00,8230.244147983944,1,51
2015-10-27,8229.95,8231.25,8227.4,8231.2,13:25:00,8230.216133890235,1,52
2015-10-27,8233.75,8233.75,8230.75,8230.75,13:30:00,8230.552692567355,1,53
2015-10-27,8230.9,8232.6,8230.25,8232.6,13:35:00,8230.585769465702,1,54
2015-10-27,8229.9,8232.7,8229.9,8231.35,13:40:00,8230.520458088016,1,55
2015-10-27,8228.2,8230.2,8228.2,8229.45,13:45:00,8230.299462079634,1,56
2015-10-27,8228.25,8229.75,8228.25,8228.25,13:50:00,8230.104275214908,1,57
2015-10-27,8227.55,8229.75,8226.45,8227.95,13:55:00,8229.861010908726,1,58
2015-10-27,8226.6,8230.45,8226.6,8230.45,14:00:00,8229.550438441227,1,59
2015-10-27,8228.55,8228.55,8225.85,8227.6,14:05:00,8229.45515858968,1,60
2015-10-27,8227.5,8227.55,8225.45,8227.55,14:10:00,8229.268953009712,1,61
2015-10-27,8227.65,8230.9,8226.4,8230.9,14:15:00,8229.114767008787,1,62
2015-10-27,8226.3,8229.2,8226.3,8226.55,14:20:00,8228.846693960331,1,63
2015-10-27,8220.3,8227.7,8220.3,8227.0,14:25:00,8228.032723106966,1,64
2015-10-27,8223.6,8224.45,8222.95,8222.95,14:30:00,8227.610559001541,1,65
2015-10-27,8222.1,8222.75,8220.25,8222.75,14:35:00,8227.085743858537,1,66
2015-10-27,8223.6,8224.3,8223.0,8223.0,14:40:00,8226.753768252962,1,67
2015-10-27,8223.45,8223.9,8222.6,8223.9,14:45:00,8226.439123657441,1,68
2015-10-27,8218.65,8223.55,8217.95,8222.5,14:50:00,8225.697302356732,1,69
2015-10-27,8223.7,8223.7,8219.1,8219.1,14:55:00,8225.507083084662,1,70
2015-10-27,8235.5,8235.5,8221.8,8221.8,15:00:00,8226.45878945755,1,71
2015-10-27,8232.0,8236.0,8232.0,8236.0,15:05:00,8226.986523794927,1,72
2015-10-27,8231.2,8234.4,8230.95,8230.95,15:10:00,8227.387807243029,1,73
2015-10-27,8232.1,8233.05,8229.85,8233.05,15:15:00,8227.836587505599,1,74
2015-10-27,8233.6,8235.95,8233.6,8235.15,15:20:00,8228.385483933636,1,75
2015-10-27,8229.0,8235.25,8229.0,8235.25,15:25:00,8228.44400927329,1,76
2015-10-28,8188.9,8188.9,8188.9,8188.9,09:10:00,8224.677913152023,2,1
2015-10-28,8204.9,8204.9,8188.9,8188.9,09:15:00,8222.79430237564,2,2
2015-10-28,8201.25,8207.25,8194.5,8207.25,09:20:00,8220.74246405415,2,3
2015-10-28,8198.05,8203.35,8198.05,8203.35,09:25:00,8218.581277001374,2,4
2015-10-28,8196.0,8200.3,8196.0,8198.3,09:30:00,8216.43067919172,2,5
2015-10-28,8197.25,8200.85,8197.25,8200.85,09:35:00,8214.603947840129,2,6
2015-10-28,8200.45,8200.45,8193.45,8195.75,09:40:00,8213.255952807736,2,7
2015-10-28,8204.15,8205.45,8200.45,8200.45,09:45:00,8212.388719207,2,8
2015-10-28,8204.15,8208.75,8204.15,8205.4,09:50:00,8211.604079282524,2,9
2015-10-28,8203.45,8204.35,8203.45,8204.1,09:55:00,8210.827500303236,2,10
2015-10-28,8203.85,8206.25,8203.85,8206.25,10:00:00,8210.162976464833,2,11
2015-10-28,8201.05,8202.0,8200.5,8201.75,10:05:00,8209.295073944373,2,12
2015-10-28,8203.65,8203.65,8201.95,8203.35,10:10:00,8208.757447854432,2,13
2015-10-28,8205.4,8205.4,8203.8,8203.8,10:15:00,8208.437690915915,2,14
2015-10-28,8204.55,8205.55,8204.3,8205.55,10:20:00,8208.067434638207,2,15
2015-10-28,8202.45,8205.45,8202.45,8204.4,10:25:00,8207.53244086314,2,16
2015-10-28,8200.35,8202.5,8200.35,8201.55,10:30:00,8206.848398876175,2,17
2015-10-28,8200.25,8200.75,8199.05,8200.0,10:35:00,8206.219979935586,2,18
2015-10-28,8196.9,8198.7,8196.9,8198.45,10:40:00,8205.332362798863,2,19
2015-10-28,8196.65,8196.65,8192.75,8192.9,10:45:00,8204.505471103734,2,20
2015-10-28,8195.15,8197.4,8195.15,8197.35,10:50:00,8203.61447385576,2,21
2015-10-28,8199.35,8199.35,8196.15,8197.55,10:55:00,8203.208333488545,2,22
2015-10-28,8201.05,8201.1,8198.35,8198.35,11:00:00,8203.002777918207,2,23
2015-10-28,8199.75,8201.3,8199.75,8200.15,11:05:00,8202.692989545045,2,24
2015-10-28,8196.9,8198.2,8195.75,8195.75,11:10:00,8202.14127625504,2,25
2015-10-28,8200.25,8200.25,8197.7,8197.7,11:15:00,8201.961154706942,2,26
2015-10-28,8193.75,8199.1,8188.05,8199.1,11:20:00,8201.179139972946,2,27
2015-10-28,8190.35,8195.15,8190.05,8195.15,11:25:00,8200.147793308855,2,28
2015-10-28,8196.9,8196.9,8191.75,8191.75,11:30:00,8199.838479660393,2,29
2015-10-28,8193.7,8196.5,8193.7,8196.5,11:35:00,8199.25386254988,2,30
2015-10-28,8189.25,8193.6,8189.25,8193.6,11:40:00,8198.301113735606,2,31
2015-10-28,8194.65,8194.85,8189.55,8189.55,11:45:00,8197.95338861793,2,32
2015-10-28,8195.6,8196.25,8194.2,8194.2,11:50:00,8197.729256368604,2,33
2015-10-28,8194.8,8195.0,8193.35,8194.35,11:55:00,8197.450279571594,2,34
2015-10-28,8191.95,8194.2,8191.95,8193.85,12:00:00,8196.926443421919,2,35
2015-10-28,8191.55,8192.9,8190.5,8192.9,12:05:00,8196.41440119126,2,36
2015-10-28,8193.0,8193.0,8190.85,8192.1,12:10:00,8196.089220125425,2,37
2015-10-28,8191.5,8193.15,8191.5,8193.0,12:15:00,8195.652151542052,2,38
2015-10-28,8193.75,8193.75,8190.95,8190.95,12:20:00,8195.470994252333,2,39
2015-10-28,8195.5,8195.5,8190.25,8193.0,12:25:00,8195.473756704492,2,40
2015-10-28,8192.45,8194.25,8192.45,8192.95,12:30:00,8195.185779875494,2,41
2015-10-28,8194.85,8197.2,8193.6,8196.3,12:35:00,8195.153800839733,2,42
2015-10-28,8195.2,8196.65,8195.2,8196.65,12:40:00,8195.158200759757,2,43
2015-10-28,8195.15,8197.55,8195.1,8195.1,12:45:00,8195.157419735018,2,44
2015-10-28,8188.5,8191.5,8186.6,8191.5,12:50:00,8194.523379760254,2,45
2015-10-28,8179.6,8188.9,8179.6,8188.9,12:55:00,8193.102105497373,2,46
2015-10-28,8170.6,8174.75,8168.2,8174.75,13:00:00,8190.9590478309565,2,47
2015-10-28,8167.35,8171.95,8167.35,8171.95,13:05:00,8188.710567085151,2,48
2015-10-28,8165.1,8167.35,8164.35,8164.35,13:10:00,8186.461941648469,2,49
2015-10-28,8163.55,8163.55,8161.0,8163.2,13:15:00,8184.279851967663,2,50
2015-10-28,8160.4,8165.25,8159.15,8164.2,13:20:00,8182.005580351695,2,51
2015-10-28,8156.2,8157.75,8154.4,8155.35,13:25:00,8179.547906032486,2,52
2015-10-28,8162.95,8163.7,8155.1,8155.1,13:30:00,8177.967153077011,2,53
2015-10-28,8163.5,8166.05,8161.9,8165.35,13:35:00,8176.589328974439,2,54
2015-10-28,8160.75,8163.6,8160.75,8162.75,13:40:00,8175.080821453063,2,55
2015-10-28,8159.0,8159.2,8156.7,8157.1,13:45:00,8173.54931464801,2,56
2015-10-28,8164.3,8164.3,8159.3,8159.3,13:50:00,8172.668427538676,2,57
2015-10-28,8170.1,8170.1,8165.7,8165.85,13:55:00,8172.423815392136,2,58
2015-10-28,8169.7,8172.3,8169.7,8169.95,14:00:00,8172.164404402409,2,59
2015-10-28,8162.7,8169.65,8162.7,8169.65,14:05:00,8171.26303255456,2,60
2015-10-28,8164.1,8166.55,8162.05,8162.05,14:10:00,8170.580838977936,2,61
2015-10-28,8163.2,8164.15,8162.7,8164.0,14:15:00,8169.877901932418,2,62
2015-10-28,8160.35,8163.3,8158.4,8162.75,14:20:00,8168.97048270076,2,63
2015-10-28,8157.7,8162.3,8157.5,8161.95,14:25:00,8167.897103395926,2,64
2015-10-28,8158.75,8158.75,8156.35,8156.85,14:30:00,8167.025950691552,2,65
2015-10-28,8151.15,8159.05,8151.15,8159.05,14:35:00,8165.513955387594,2,66
2015-10-28,8143.25,8147.5,8143.25,8147.5,14:40:00,8163.393578684014,2,67
2015-10-28,8136.55,8139.1,8133.25,8139.1,14:45:00,8160.837047380774,2,68
2015-10-28,8144.15,8144.15,8136.65,8138.0,14:50:00,8159.247804773081,2,69
2015-10-28,8147.65,8147.65,8145.15,8145.15,14:55:00,8158.143251937549,2,70
2015-10-28,8157.4,8157.4,8148.05,8148.05,15:00:00,8158.072466038735,2,71
2015-10-28,8170.0,8170.0,8159.85,8159.85,15:05:00,8159.208421654093,2,72
2015-10-28,8169.0,8174.0,8169.0,8174.0,15:10:00,8160.140952925132,2,73
2015-10-28,8179.2,8179.2,8171.2,8171.2,15:15:00,8161.9561002655955,2,74
2015-10-28,8180.95,8182.25,8180.2,8181.4,15:20:00,8163.765043097444,2,75
2015-10-28,8178.1,8179.65,8177.9,8179.4,15:25:00,8165.130277088163,2,76
2015-10-29,8175.45,8175.45,8175.45,8175.45,09:10:00,8166.113107841671,3,1
2015-10-29,8153.85,8175.45,8153.85,8175.45,09:15:00,8164.945192809131,3,2
2015-10-29,8150.45,8157.75,8150.45,8157.75,09:20:00,8163.564698255881,3,3
2015-10-29,8150.1,8153.8,8148.4,8150.4,09:25:00,8162.282346041035,3,4
2015-10-29,8141.95,8150.3,8141.95,8150.3,09:30:00,8160.345932132365,3,5
2015-10-29,8138.45,8142.4,8138.2,8141.05,09:35:00,8158.260605262616,3,6
2015-10-29,8145.35,8146.0,8140.15,8140.15,09:40:00,8157.031023809033,3,7
2015-10-29,8138.85,8142.1,8135.15,8142.1,09:45:00,8155.299497731982,3,8
2015-10-29,8144.4,8144.4,8140.2,8140.2,09:50:00,8154.261450328936,3,9
2015-10-29,8136.95,8140.7,8135.75,8140.7,09:55:00,8152.612740773799,3,10
2015-10-29,8139.25,8139.25,8135.9,8136.35,10:00:00,8151.340098795343,3,11
2015-10-29,8141.15,8143.35,8140.4,8141.1,10:05:00,8150.369613195786,3,12
2015-10-29,8150.85,8150.85,8147.45,8147.45,10:10:00,8150.415364319996,3,13
2015-10-29,8152.15,8153.2,8149.75,8153.2,10:15:00,8150.5805677180915,3,14
2015-10-29,8145.35,8150.65,8145.35,8150.65,10:20:00,8150.082418411606,3,15
2015-10-29,8142.0,8145.15,8142.0,8145.15,10:25:00,8149.312664277168,3,16
2015-10-29,8141.75,8143.45,8140.05,8141.85,10:30:00,8148.592410536485,3,17
2015-10-29,8141.2,8143.45,8140.8,8140.8,10:35:00,8147.888371437773,3,18
2015-10-29,8141.4,8143.15,8141.1,8142.3,10:40:00,8147.270431300842,3,19
2015-10-29,8141.75,8142.9,8140.15,8140.15,10:45:00,8146.744675938857,3,20
2015-10-29,8143.95,8145.3,8143.1,8143.35,10:50:00,8146.478516325633,3,21
2015-10-29,8147.1,8147.1,8143.8,8143.8,10:55:00,8146.537705247001,3,22
2015-10-29,8150.95,8150.95,8148.4,8148.4,11:00:00,8146.957923794906,3,23
2015-10-29,8146.8,8151.3,8146.8,8151.3,11:05:00,8146.942883433486,3,24
2015-10-29,8146.2,8147.75,8145.4,8147.75,11:10:00,8146.872132630297,3,25
2015-10-29,8145.75,8146.45,8145.45,8145.45,11:15:00,8146.765262855983,3,26
2015-10-29,8143.6,8146.25,8143.6,8146.25,11:20:00,8146.463809250651,3,27
2015-10-29,8141.8,8143.5,8141.8,8143.35,11:25:00,8146.019636941066,3,28
2015-10-29,8141.6,8142.8,8141.6,8141.85,11:30:00,8145.598719137155,3,29
2015-10-29,8142.75,8144.15,8142.5,8142.5,11:35:00,8145.327412552664,3,30
2015-10-29,8145.95,8145.95,8143.85,8143.85,11:40:00,8145.386706595267,3,31
2015-10-29,8145.1,8145.7,8144.4,8144.55,11:45:00,8145.359401205243,3,32
2015-10-29,8147.2,8147.2,8144.85,8146.0,11:50:00,8145.534696328553,3,33
2015-10-29,8141.75,8146.95,8141.75,8146.95,11:55:00,8145.174249059167,3,34
2015-10-29,8140.9,8143.55,8140.9,8142.5,12:00:00,8144.767177720199,3,35
2015-10-29,8144.05,8144.05,8141.05,8142.05,12:05:00,8144.698875080179,3,36
2015-10-29,8141.3,8144.35,8140.55,8144.35,12:10:00,8144.375172691591,3,37
2015-10-29,8147.05,8147.05,8142.4,8142.4,12:15:00,8144.629918149534,3,38
2015-10-29,8147.05,8149.3,8146.8,8148.45,12:20:00,8144.860402135293,3,39
2015-10-29,8148.6,8149.05,8148.15,8148.15,12:25:00,8145.216554312884,3,40
2015-10-29,8142.65,8148.65,8142.65,8148.65,12:30:00,8144.9721205688,3,41
2015-10-29,8126.55,8143.1,8126.55,8142.6,12:35:00,8143.217632895581,3,42
2015-10-29,8128.95,8128.95,8122.6,8122.6,12:40:00,8141.85881071505,3,43
2015-10-29,8132.9,8132.9,8127.65,8127.65,12:45:00,8141.00559064695,3,44
2015-10-29,8125.95,8131.9,8125.95,8131.55,12:50:00,8139.57172487105,3,45
2015-10-29,8123.5,8126.2,8122.9,8124.2,12:55:00,8138.04108440714,3,46
2015-10-29,8126.95,8126.95,8119.9,8119.9,13:00:00,8136.984790654079,3,47
2015-10-29,8124.7,8129.5,8124.7,8127.25,13:05:00,8135.814810591785,3,48
2015-10-29,8121.15,8127.0,8121.15,8127.0,13:10:00,8134.418161963996,3,49
2015-10-29,8118.75,8122.0,8117.2,8122.0,13:15:00,8132.925956062662,3,50
2015-10-29,8124.3,8124.3,8119.55,8121.15,13:20:00,8132.104436437647,3,51
2015-10-29,8125.6,8125.6,8125.25,8125.4,13:25:00,8131.484966300728,3,52
2015-10-29,8128.0,8128.85,8125.8,8125.8,13:30:00,8131.153064748278,3,53
2015-10-29,8125.3,8127.65,8125.3,8127.65,13:35:00,8130.595630010346,3,54
2015-10-29,8126.7,8129.65,8125.3,8129.65,13:40:00,8130.224617628408,3,55
2015-10-29,8117.8,8124.75,8117.55,8124.75,13:45:00,8129.041320711417,3,56
2015-10-29,8118.45,8118.8,8114.9,8116.7,13:50:00,8128.032623500806,3,57
2015-10-29,8117.5,8119.55,8116.65,8119.4,13:55:00,8127.02951650073,3,58
2015-10-29,8123.65,8123.65,8117.4,8117.4,14:00:00,8126.707657786375,3,59
2015-10-29,8130.65,8130.65,8124.4,8124.4,14:05:00,8127.083118949578,3,60
2015-10-29,8128.2,8129.3,8125.1,8129.3,14:10:00,8127.189488573428,3,61
2015-10-29,8123.9,8130.35,8123.9,8127.4,14:15:00,8126.876203947387,3,62
2015-10-29,8121.55,8123.85,8121.55,8123.85,14:20:00,8126.368946428588,3,63
2015-10-29,8125.05,8125.2,8120.95,8121.35,14:25:00,8126.243332483008,3,64
2015-10-29,8125.3,8127.4,8122.85,8127.4,14:30:00,8126.15349129415,3,65
2015-10-29,8116.85,8126.6,8116.85,8126.6,14:35:00,8125.26744450423,3,66
2015-10-29,8117.05,8118.4,8113.25,8113.25,14:40:00,8124.484830741922,3,67
2015-10-29,8114.4,8114.4,8111.15,8114.4,14:45:00,8123.524370671264,3,68
2015-10-29,8117.8,8117.8,8115.6,8115.6,14:50:00,8122.979192512095,3,69
2015-10-29,8120.9,8123.3,8119.05,8120.0,14:55:00,8122.78117417761,3,70
2015-10-29,8118.05,8120.55,8117.85,8119.15,15:00:00,8122.330586160695,3,71
2015-10-29,8109.95,8114.15,8109.95,8113.55,15:05:00,8121.151482716819,3,72
2015-10-29,8113.9,8113.9,8110.7,8110.7,15:10:00,8120.460865315217,3,73
2015-10-29,8109.6,8115.3,8108.65,8115.3,15:15:00,8119.426497189959,3,74
2015-10-29,8101.8,8107.9,8100.35,8107.5,15:20:00,8117.747783171868,3,75
2015-10-29,8113.35,8113.35,8104.35,8104.35,15:25:00,8117.3289466793085,3,76
2015-10-30,8123.55,8123.55,8123.55,8123.55,09:10:00,8117.921427947946,4,1
2015-10-30,8115.55,8123.55,8097.3,8123.55,09:15:00,8117.695577667189,4,2
2015-10-30,8117.45,8120.8,8116.1,8116.1,09:20:00,8117.672189317933,4,3
2015-10-30,8113.05,8122.45,8113.05,8121.35,09:25:00,8117.231980811463,4,4
2015-10-30,8116.5,8117.35,8113.25,8113.25,09:30:00,8117.162268353229,4,5
2015-10-30,8118.7,8121.2,8117.2,8117.2,09:35:00,8117.3087189862545,4,6
2015-10-30,8112.5,8120.1,8111.9,8118.7,09:40:00,8116.850745749469,4,7
2015-10-30,8107.7,8111.6,8107.7,8111.5,09:45:00,8115.979246154282,4,8
2015-10-30,8114.95,8115.75,8108.15,8109.05,09:50:00,8115.8812227110175,4,9
2015-10-30,8115.15,8115.15,8112.1,8114.55,09:55:00,8115.811582452826,4,10
2015-10-30,8112.4,8114.25,8111.3,8113.55,10:00:00,8115.486669838271,4,11
2015-10-30,8108.65,8110.95,8105.55,8110.95,10:05:00,8114.835558425102,4,12
2015-10-30,8114.15,8114.15,8109.3,8109.3,10:10:00,8114.77026714652,4,13
2015-10-30,8119.15,8119.55,8114.65,8114.65,10:15:00,8115.187384561137,4,14
2015-10-30,8123.95,8123.95,8119.6,8120.7,10:20:00,8116.021919364838,4,15
2015-10-30,8124.45,8127.8,8124.25,8127.8,10:25:00,8116.824593711044,4,16
2015-10-30,8128.6,8132.55,8123.5,8123.5,10:30:00,8117.946060976658,4,17
2015-10-30,8138.95,8138.95,8128.6,8128.6,10:35:00,8119.946436121739,4,18
2015-10-30,8138.55,8140.95,8138.55,8140.95,10:40:00,8121.718204110145,4,19
2015-10-30,8144.55,8144.55,8136.4,8136.4,10:45:00,8123.89266086156,4,20
2015-10-30,8138.3,8143.65,8138.3,8143.65,10:50:00,8125.264788398555,4,21
2015-10-30,8133.45,8139.2,8133.45,8137.95,10:55:00,8126.044332360597,4,22
2015-10-30,8133.75,8135.25,8133.75,8135.15,11:00:00,8126.778205469111,4,23
2015-10-30,8125.8,8132.7,8125.8,8129.95,11:05:00,8126.6850430434815,4,24
2015-10-30,8134.25,8134.25,8126.4,8126.4,11:10:00,8127.405515134578,4,25
2015-10-30,8134.9,8136.35,8132.55,8136.35,11:15:00,8128.119275597952,4,26
2015-10-30,8134.9,8135.35,8134.05,8135.35,11:20:00,8128.765058874337,4,27
2015-10-30,8134.85,8134.85,8132.95,8134.45,11:25:00,8129.344577076781,4,28
2015-10-30,8134.4,8135.2,8134.1,8135.2,11:30:00,8129.826045926611,4,29
2015-10-30,8131.7,8134.55,8130.05,8134.55,11:35:00,8130.004517743124,4,30
2015-10-30,8128.7,8131.75,8128.7,8131.75,11:40:00,8129.880277958064,4,31
2015-10-30,8128.4,8128.4,8126.15,8126.25,11:45:00,8129.739299104915,4,32
2015-10-30,8131.4,8131.4,8128.9,8129.5,11:50:00,8129.897461094923,4,33
2015-10-30,8140.45,8140.45,8130.7,8130.7,11:55:00,8130.902464800168,4,34
2015-10-30,8134.85,8136.5,8133.15,8136.5,12:00:00,8131.278420533486,4,35
2015-10-30,8141.5,8141.5,8136.45,8136.45,12:05:00,8132.251904292201,4,36
2015-10-30,8140.4,8142.3,8140.4,8140.95,12:10:00,8133.02791340723,4,37
2015-10-30,8137.95,8143.65,8137.95,8140.65,12:15:00,8133.496683558922,4,38
2015-10-30,8134.65,8135.95,8133.75,8135.3,12:20:00,8133.606523219977,4,39
2015-10-30,8134.75,8134.75,8133.25,8134.4,12:25:00,8133.715425770456,4,40
2015-10-30,8130.5,8133.5,8130.5,8133.35,12:30:00,8133.409194744698,4,41
2015-10-30,8128.4,8129.8,8126.55,8128.95,12:35:00,8132.932128578536,4,42
2015-10-30,8125.0,8127.8,8125.0,8126.7,12:40:00,8132.176687761533,4,43
2015-10-30,8115.55,8122.0,8113.8,8122.0,12:45:00,8130.5931936890065,4,44
2015-10-30,8102.85,8111.3,8100.95,8111.3,12:50:00,8127.950984766244,4,45
2015-10-30,8105.9,8108.75,8101.5,8101.5,12:55:00,8125.8508909789825,4,46
2015-10-30,8107.2,8111.55,8104.35,8107.3,13:00:00,8124.074615647651,4,47
2015-10-30,8102.45,8106.45,8097.25,8097.25,13:05:00,8122.015128443112,4,48
2015-10-30,8103.5,8108.35,8103.5,8104.3,13:10:00,8120.251782877101,4,49
2015-10-30,8106.9,8106.9,8105.35,8105.35,13:15:00,8118.980184507854,4,50
2015-10-30,8102.55,8107.1,8099.9,8105.9,13:20:00,8117.415405030915,4,51
2015-10-30,8101.85,8105.1,8101.85,8102.75,13:25:00,8115.9329855041615,4,52
2015-10-30,8104.45,8105.55,8102.9,8102.9,13:30:00,8114.839367837098,4,53
2015-10-30,8099.55,8103.0,8098.9,8103.0,13:35:00,8113.383237566899,4,54
2015-10-30,8103.6,8103.95,8099.3,8100.6,13:40:00,8112.451500655766,4,55
2015-10-30,8109.6,8109.6,8104.15,8104.15,13:45:00,8112.17992916474,4,56
2015-10-30,8103.3,8109.4,8103.3,8109.4,13:50:00,8111.334221625241,4,57
2015-10-30,8095.85,8103.95,8095.85,8103.95,13:55:00,8109.85953385141,4,58
2015-10-30,8092.05,8095.85,8088.5,8095.85,14:00:00,8108.163387770323,4,59
2015-10-30,8100.7,8100.7,8093.75,8095.15,14:05:00,8107.452588935054,4,60
2015-10-30,8080.35,8097.95,8080.35,8097.95,14:10:00,8104.871389988859,4,61
2015-10-30,8081.55,8081.55,8073.2,8078.3,14:15:00,8102.650305228016,4,62
2015-10-30,8077.35,8084.85,8077.35,8084.85,14:20:00,8100.240752349156,4,63
2015-10-30,8077.15,8077.85,8076.75,8077.3,14:25:00,8098.041633077808,4,64
2015-10-30,8058.9,8069.2,8058.6,8069.2,14:30:00,8094.313858498969,4,65
2015-10-30,8067.6,8068.15,8056.1,8060.15,14:35:00,8091.769681499067,4,66
2015-10-30,8059.3,8068.65,8059.3,8068.65,14:40:00,8088.6773308801085,4,67
2015-10-30,8047.85,8058.95,8047.85,8058.95,14:45:00,8084.789013653431,4,68
2015-10-30,8055.25,8055.25,8044.6,8047.65,14:50:00,8081.975774257867,4,69
2015-10-30,8052.3,8056.55,8052.3,8056.55,14:55:00,8079.149510042832,4,70
2015-10-30,8070.5,8070.5,8051.55,8056.75,15:00:00,8078.32574718161,4,71
2015-10-30,8074.0,8078.45,8069.15,8069.15,15:05:00,8077.913771259551,4,72
2015-10-30,8065.8,8071.75,8065.8,8071.75,15:10:00,8076.760078758642,4,73
2015-10-30,8066.4,8066.4,8064.0,8064.0,15:15:00,8075.773404591152,4,74
2015-10-30,8062.65,8067.85,8062.65,8067.85,15:20:00,8074.523556534852,4,75
2015-10-30,8055.85,8062.8,8055.85,8061.2,15:25:00,8072.745122579152,4,76
2015-11-02,8054.55,8054.55,8054.55,8054.55,09:10:00,8071.01225376209,0,1
2015-11-02,8057.35,8057.35,8046.9,8054.55,09:15:00,8069.711086737129,0,2
2015-11-02,8041.35,8054.7,8041.35,8054.7,09:20:00,8067.010030857402,0,3
2015-11-02,8036.35,8043.1,8035.95,8043.1,09:25:00,8064.090027918602,0,4
2015-11-02,8028.75,8039.4,8028.7,8037.3,09:30:00,8060.724310973973,0,5
2015-11-02,8032.7,8032.7,8026.25,8026.25,09:35:00,8058.055328976451,0,6
2015-11-02,8038.95,8038.95,8032.8,8036.05,09:40:00,8056.235773835837,0,7
2015-11-02,8032.5,8044.45,8032.5,8041.35,09:45:00,8053.97522394671,0,8
2015-11-02,8025.35,8030.25,8025.35,8029.8,09:50:00,8051.249012142262,0,9
2015-11-02,8026.15,8026.15,8019.65,8022.75,09:55:00,8048.858630033475,0,10
2015-11-02,8032.65,8032.65,8026.75,8026.75,10:00:00,8047.314950982667,0,11
2015-11-02,8032.25,8034.6,8030.9,8030.9,10:05:00,8045.880193746223,0,12
2015-11-02,8023.15,8030.55,8023.15,8030.55,10:10:00,8043.71541338944,0,13
2015-11-02,8027.3,8027.3,8022.85,8025.25,10:15:00,8042.1520406856835,0,14
2015-11-02,8032.3,8032.3,8025.8,8025.8,10:20:00,8041.213751096571,0,15
2015-11-02,8037.6,8037.75,8034.8,8034.8,10:25:00,8040.869584325469,0,16
2015-11-02,8038.05,8042.1,8038.05,8038.05,10:30:00,8040.601052484948,0,17
2015-11-02,8032.5,8036.8,8032.4,8036.8,10:35:00,8039.829523676858,0,18
2015-11-02,8030.25,8032.0,8030.25,8031.75,10:40:00,8038.917188088586,0,19
2015-11-02,8032.4,8032.4,8028.25,8030.75,10:45:00,8038.296503508721,0,20
2015-11-02,8027.35,8031.9,8027.35,8031.9,10:50:00,8037.253979365033,0,21
2015-11-02,8027.5,8031.45,8027.5,8029.95,10:55:00,8036.325028949315,0,22
2015-11-02,8027.0,8027.45,8025.55,8027.45,11:00:00,8035.436930954143,0,23
2015-11-02,8032.25,8032.6,8028.6,8028.9,11:05:00,8035.133413720415,0,24
2015-11-02,8029.65,8034.05,8029.65,8033.1,11:10:00,8034.61118384228,0,25
2015-11-02,8019.35,8029.7,8019.35,8029.7,11:15:00,8033.157737762063,0,26
2015-11-02,8015.45,8019.5,8011.45,8019.5,11:20:00,8031.471286546629,0,27
2015-11-02,8022.15,8022.45,8017.45,8019.65,11:25:00,8030.583544970759,0,28
2015-11-02,8018.6,8021.9,8016.4,8021.9,11:30:00,8029.442254973545,0,29
2015-11-02,8010.2,8013.35,8010.0,8013.35,11:35:00,8027.609659261779,0,30
2015-11-02,8013.8,8015.1,8011.75,8011.75,11:40:00,8026.2944536178,0,31
2015-11-02,8010.8,8015.0,8010.8,8015.0,11:45:00,8024.818791368486,0,32
2015-11-02,8018.1,8019.25,8014.55,8014.55,11:50:00,8024.178906476249,0,33
2015-11-02,8010.4,8017.15,8010.4,8017.15,11:55:00,8022.866629668987,0,34
2015-11-02,8011.05,8013.85,8011.05,8011.95,12:00:00,8021.741236367178,0,35
2015-11-02,8009.8,8012.9,8009.8,8012.9,12:05:00,8020.6039757607805,0,36
2015-11-02,8011.35,8011.8,8009.65,8009.65,12:10:00,8019.722644735944,0,37
2015-11-02,8007.8,8012.6,8007.8,8012.25,12:15:00,8018.587154761092,0,38
2015-11-02,8007.25,8009.55,8006.45,8009.55,12:20:00,8017.507425736227,0,39
2015-11-02,8012.35,8013.6,8009.55,8009.55,12:25:00,8017.016242332776,0,40
2015-11-02,8006.35,8011.15,8006.35,8011.15,12:30:00,8016.000409729655,0,41
2015-11-02,8007.65,8009.55,8007.65,8009.55,12:35:00,8015.205132612545,0,42
2015-11-02,8005.0,8008.5,8005.0,8007.8,12:40:00,8014.233215220874,0,43
2015-11-02,8004.5,8004.5,8001.05,8002.55,12:45:00,8013.306242342695,0,44
2015-11-02,8004.65,8005.85,8003.0,8005.2,12:50:00,8012.481838310057,0,45
2015-11-02,8009.8,8012.25,8007.75,8007.75,12:55:00,8012.226425137671,0,46
2015-11-02,8009.1,8013.5,8009.1,8010.85,13:00:00,8011.928670362654,0,47
2015-11-02,8010.65,8013.15,8010.25,8011.65,13:05:00,8011.806892232877,0,48
2015-11-02,8011.8,8011.8,8008.95,8009.65,13:10:00,8011.806235829746,0,49
2015-11-02,8015.45,8017.85,8014.55,8014.55,13:15:00,8012.153260988817,0,50
2015-11-02,8017.65,8019.05,8015.1,8016.25,13:20:00,8012.676759942263,0,51
2015-11-02,8016.05,8018.35,8014.8,8018.35,13:25:00,8012.998020900142,0,52
2015-11-02,8010.1,8015.0,8010.1,8015.0,13:30:00,8012.722018909652,0,53
2015-11-02,8006.7,8009.5,8006.35,8009.5,13:35:00,8012.14849329921,0,54
2015-11-02,8010.25,8010.25,8006.25,8010.15,13:40:00,8011.967684413571,0,55
2015-11-02,8013.55,8015.3,8012.4,8012.4,13:45:00,8012.118381136088,0,56
2015-11-02,8016.25,8016.25,8012.6,8012.6,13:50:00,8012.511868646937,0,57
2015-11-02,8009.15,8014.95,8008.65,8013.95,13:55:00,8012.191690680562,0,58
2015-11-02,8012.6,8014.45,8011.65,8012.65,14:00:00,8012.230577282414,0,59
2015-11-02,8010.7,8014.35,8010.7,8014.35,14:05:00,8012.084808017422,0,60
2015-11-02,7999.65,8010.6,7999.65,8010.6,14:10:00,8010.900540587191,0,61
2015-11-02,8004.2,8004.2,7996.85,7997.6,14:15:00,8010.262393864602,0,62
2015-11-02,8013.3,8013.3,8004.5,8007.7,14:20:00,8010.551689687021,0,63
2015-11-02,8014.25,8014.45,8012.7,8012.7,14:25:00,8010.903909716829,0,64
2015-11-02,8025.8,8029.4,8016.4,8016.4,14:30:00,8012.322584981893,0,65
2015-11-02,8024.8,8028.45,8023.3,8023.3,14:35:00,8013.510910221712,0,66
2015-11-02,8026.1,8026.1,8020.15,8020.4,14:40:00,8014.709871152977,0,67
2015-11-02,8028.55,8033.0,8026.1,8026.7,14:45:00,8016.027978662218,0,68
2015-11-02,8024.3,8026.45,8022.75,8026.45,14:50:00,8016.815790218197,0,69
2015-11-02,8028.95,8028.95,8026.2,8028.75,14:55:00,8017.971429245035,0,70
2015-11-02,8038.4,8039.8,8035.0,8035.0,15:00:00,8019.917007412175,0,71
2015-11-02,8051.65,8051.65,8040.75,8040.75,15:05:00,8022.939197182443,0,72
2015-11-02,8048.35,8054.1,8047.35,8054.1,15:10:00,8025.359273641258,0,73
2015-11-02,8056.85,8056.85,8048.1,8050.95,15:15:00,8028.358390437329,0,74
2015-11-02,8056.2,8059.65,8056.2,8056.6,15:20:00,8031.00997230044,0,75
2015-11-02,8048.35,8056.5,8048.35,8055.65,15:25:00,8032.661403509922,0,76
2015-11-03,8086.35,8086.35,8086.35,8086.35,09:10:00,8037.774603175643,1,1
2015-11-03,8072.95,8086.35,8072.95,8086.35,09:15:00,8041.12464096844,1,2
2015-11-03,8077.5,8082.05,8070.35,8077.5,09:20:00,8044.588960876208,1,3
2015-11-03,8091.75,8091.75,8073.65,8073.65,09:25:00,8049.080488411807,1,4
2015-11-03,8093.3,8097.35,8087.45,8087.45,09:30:00,8053.291870467826,1,5
2015-11-03,8086.35,8089.25,8085.1,8089.25,09:35:00,8056.4402637566045,1,6
2015-11-03,8087.65,8087.8,8087.4,8087.65,09:40:00,8059.412619589309,1,7
2015-11-03,8091.4,8091.4,8088.3,8088.3,09:45:00,8062.45903677128,1,8
2015-11-03,8084.9,8089.35,8083.7,8089.35,09:50:00,8064.596271364491,1,9
2015-11-03,8084.9,8086.55,8084.55,8086.55,09:55:00,8066.529959805968,1,10
2015-11-03,8082.1,8084.7,8080.75,8083.95,10:00:00,8068.012820776828,1,11
2015-11-03,8075.55,8082.3,8073.45,8082.3,10:05:00,8068.730647369512,1,12
2015-11-03,8079.55,8079.55,8077.1,8077.1,10:10:00,8069.761061905749,1,13
2015-11-03,8082.85,8084.75,8081.2,8081.2,10:15:00,8071.007627438535,1,14
2015-11-03,8081.05,8083.05,8081.05,8083.05,10:20:00,8071.96404387296,1,15
2015-11-03,8083.05,8083.05,8080.25,8080.25,10:25:00,8073.019849218393,1,16
2015-11-03,8081.55,8085.85,8081.55,8084.9,10:30:00,8073.832244530927,1,17
2015-11-03,8084.4,8085.1,8083.0,8083.25,10:35:00,8074.838697432743,1,18
2015-11-03,8080.15,8084.1,8079.35,8084.1,10:40:00,8075.344535772481,1,19
2015-11-03,8081.75,8082.7,8081.75,8081.8,10:45:00,8075.9545799846255,1,20
2015-11-03,8079.3,8080.2,8077.2,8080.2,10:50:00,8076.273191414661,1,21
2015-11-03,8079.6,8079.8,8077.65,8078.25,10:55:00,8076.59003032755,1,22
2015-11-03,8084.25,8084.25,8081.05,8081.05,11:00:00,8077.319551248736,1,23
2015-11-03,8087.0,8087.0,8084.25,8084.25,11:05:00,8078.241498748856,1,24
2015-11-03,8081.45,8086.5,8081.45,8086.5,11:10:00,8078.547070296585,1,25
2015-11-03,8082.95,8084.85,8082.95,8083.55,11:15:00,8078.966396935006,1,26
2015-11-03,8082.85,8082.85,8081.85,8082.7,11:20:00,8079.336263893577,1,27
2015-11-03,8085.2,8085.45,8083.2,8083.2,11:25:00,8079.8947149513315,1,28
2015-11-03,8086.6,8088.15,8086.6,8087.4,11:30:00,8080.533313527395,1,29
2015-11-03,8091.65,8091.65,8087.05,8087.3,11:35:00,8081.592045572404,1,30
2015-11-03,8088.85,8092.7,8088.85,8092.7,11:40:00,8082.283279327414,1,31
2015-11-03,8088.8,8088.8,8085.9,8086.8,11:45:00,8082.90391939147,1,32
2015-11-03,8084.1,8089.55,8084.1,8088.35,11:50:00,8083.017831830378,1,33
2015-11-03,8086.6,8086.6,8083.15,8083.25,11:55:00,8083.358990703675,1,34
2015-11-03,8081.55,8086.9,8081.05,8086.9,12:00:00,8083.186705874754,1,35
2015-11-03,8083.2,8083.2,8081.3,8082.55,12:05:00,8083.18797198192,1,36
2015-11-03,8082.1,8085.25,8082.1,8082.45,12:10:00,8083.08435560269,1,37
2015-11-03,8076.1,8079.55,8076.1,8079.55,12:15:00,8082.419178878624,1,38
2015-11-03,8067.85,8067.85,8059.9,8067.4,12:20:00,8081.03163803304,1,39
2015-11-03,8065.95,8070.05,8065.65,8069.0,12:25:00,8079.595291553704,1,40
2015-11-03,8069.85,8070.0,8067.0,8067.0,12:30:00,8078.667168548589,1,41
2015-11-03,8062.6,8067.75,8062.6,8067.25,12:35:00,8077.136962020152,1,42
2015-11-03,8062.45,8063.0,8059.3,8059.3,12:40:00,8075.738203732519,1,43
2015-11-03,8061.85,8062.5,8060.65,8062.3,12:45:00,8074.4155176627555,1,44
2015-11-03,8065.15,8066.05,8063.55,8063.85,12:50:00,8073.53308740916,1,45
2015-11-03,8063.2,8065.8,8063.2,8065.8,12:55:00,8072.548983846383,1,46
2015-11-03,8065.0,8065.55,8063.0,8065.55,13:00:00,8071.830033003871,1,47
2015-11-03,8060.55,8061.8,8058.7,8061.8,13:05:00,8070.75574414636,1,48
2015-11-03,8063.1,8063.1,8059.3,8059.3,13:10:00,8070.026625656231,1,49
2015-11-03,8065.35,8065.35,8060.05,8060.05,13:15:00,8069.58123273659,1,50
2015-11-03,8063.1,8067.15,8063.1,8067.15,13:20:00,8068.963972475963,1,51
2015-11-03,8057.85,8064.95,8057.85,8063.45,13:25:00,8067.905498906824,1,52
2015-11-03,8046.0,8059.5,8044.45,8059.5,13:30:00,8065.819260915698,1,53
2015-11-03,8042.35,8042.35,8032.1,8032.1,13:35:00,8063.584093209441,1,54
2015-11-03,8045.8,8045.8,8041.25,8041.35,13:40:00,8061.890370046636,1,55
2015-11-03,8046.1,8046.1,8042.05,8043.95,13:45:00,8060.38652528029,1,56
2015-11-03,8045.5,8046.6,8044.75,8046.6,13:50:00,8058.968760967881,1,57
2015-11-03,8057.1,8057.1,8047.35,8047.35,13:55:00,8058.790783732846,1,58
2015-11-03,8058.2,8058.2,8055.45,8055.45,14:00:00,8058.734518615432,1,59
2015-11-03,8055.9,8057.85,8055.8,8057.85,14:05:00,8058.464564461581,1,60
2015-11-03,8060.3,8060.3,8055.65,8055.65,14:10:00,8058.639367846192,1,61
2015-11-03,8066.45,8073.35,8063.55,8063.55,14:15:00,8059.383237575126,1,62
2015-11-03,8069.5,8074.9,8069.5,8070.15,14:20:00,8060.346738758447,1,63
2015-11-03,8062.9,8069.5,8062.9,8068.75,14:25:00,8060.5899064957375,1,64
2015-11-03,8065.25,8065.25,8061.5,8064.4,14:30:00,8061.033724924715,1,65
2015-11-03,8064.9,8067.65,8062.1,8063.9,14:35:00,8061.401941598551,1,66
2015-11-03,8068.45,8068.45,8065.65,8065.65,14:40:00,8062.073185255832,1,67
2015-11-03,8067.35,8069.35,8067.0,8069.35,14:45:00,8062.575739040991,1,68
2015-11-03,8064.05,8067.3,8063.85,8067.3,14:50:00,8062.71614484661,1,69
2015-11-03,8067.65,8067.65,8064.8,8065.95,14:55:00,8063.1860358136,1,70
2015-11-03,8067.9,8077.0,8066.9,8068.4,15:00:00,8063.634984783734,1,71
2015-11-03,8066.05,8066.05,8063.8,8065.85,15:05:00,8063.864986232902,1,72
2015-11-03,8066.35,8066.35,8061.45,8063.7,15:10:00,8064.101654210722,1,73
2015-11-03,8059.25,8066.1,8059.25,8066.1,15:15:00,8063.639591904939,1,74
2015-11-03,8049.6,8060.6,8049.6,8060.6,15:20:00,8062.302487913993,1,75
2015-11-03,8048.9,8048.9,8045.55,8045.9,15:25:00,8061.026060493613,1,76
2015-11-04,8104.9,8104.9,8104.9,8104.9,09:10:00,8065.204530922792,2,1
2015-11-04,8104.25,8112.55,8104.25,8104.9,09:15:00,8068.923147025383,2,2
2015-11-04,8105.45,8114.8,8105.45,8110.65,09:20:00,8072.401894927728,2,3
2015-11-04,8102.65,8107.05,8097.35,8107.05,09:25:00,8075.282666839373,2,4
2015-11-04,8097.4,8104.5,8097.4,8104.5,09:30:00,8077.389079521337,2,5
2015-11-04,8099.55,8099.55,8095.4,8095.4,09:35:00,8079.499643376448,2,6
2015-11-04,8091.6,8095.65,8091.6,8095.65,09:40:00,8080.652058292977,2,7
2015-11-04,8088.9,8093.05,8088.9,8092.8,09:45:00,8081.437576550788,2,8
2015-11-04,8088.05,8093.85,8088.05,8093.85,09:50:00,8082.067331165,2,9
2015-11-04,8092.65,8092.65,8088.1,8088.1,09:55:00,8083.075204387381,2,10
2015-11-04,8088.45,8092.6,8088.45,8092.6,10:00:00,8083.5870896838205,2,11
2015-11-04,8088.95,8089.65,8083.85,8089.65,10:05:00,8084.097843047266,2,12
2015-11-04,8088.75,8090.6,8087.1,8087.1,10:10:00,8084.540905614193,2,13
2015-11-04,8086.85,8090.25,8086.85,8088.25,10:15:00,8084.760819365223,2,14
2015-11-04,8088.2,8091.85,8088.2,8091.85,10:20:00,8085.088360378059,2,15
2015-11-04,8082.55,8082.55,8080.85,8081.8,10:25:00,8084.846611770625,2,16
2015-11-04,8086.85,8086.85,8080.8,8080.8,10:30:00,8085.037410649613,2,17
2015-11-04,8084.7,8086.25,8084.7,8086.25,10:35:00,8085.00527630203,2,18
2015-11-04,8089.1,8089.55,8085.35,8085.35,10:40:00,8085.395249987551,2,19
2015-11-04,8085.65,8087.2,8085.65,8087.2,10:45:00,8085.419511893499,2,20
2015-11-04,8075.7,8085.6,8075.7,8085.6,10:50:00,8084.493844094118,2,21
2015-11-04,8073.25,8078.95,8072.4,8078.95,10:55:00,8083.42300179944,2,22
2015-11-04,8080.0,8080.0,8075.7,8075.7,11:00:00,8083.097001628064,2,23
2015-11-04,8079.25,8081.9,8077.35,8080.75,11:05:00,8082.73062052063,2,24
2015-11-04,8080.35,8081.45,8079.35,8079.35,11:10:00,8082.50389475676,2,25
2015-11-04,8086.3,8086.3,8080.75,8080.75,11:15:00,8082.86542858945,2,26
2015-11-04,8084.2,8085.75,8083.35,8085.2,11:20:00,8082.99253062855,2,27
2015-11-04,8085.65,8085.65,8082.3,8082.95,11:25:00,8083.245622949641,2,28
2015-11-04,8086.7,8087.3,8083.15,8083.15,11:30:00,8083.574611240152,2,29
2015-11-04,8084.45,8089.1,8084.45,8088.4,11:35:00,8083.657981598233,2,30
2015-11-04,8081.65,8083.1,8081.65,8083.1,11:40:00,8083.466745255544,2,31
2015-11-04,8082.9,8084.2,8082.25,8082.9,11:45:00,8083.412769516921,2,32
2015-11-04,8083.85,8085.3,8083.05,8083.05,11:50:00,8083.454410515309,2,33
2015-11-04,8085.45,8085.5,8083.95,8083.95,11:55:00,8083.644466656709,2,34
2015-11-04,8077.25,8085.05,8076.0,8085.05,12:00:00,8083.03546983226,2,35
2015-11-04,8078.5,8080.15,8078.0,8080.15,12:05:00,8082.6035203244255,2,36
2015-11-04,8077.85,8079.1,8077.85,8079.1,12:10:00,8082.150804103052,2,37
2015-11-04,8076.75,8078.45,8076.75,8078.05,12:15:00,8081.636441807523,2,38
2015-11-04,8076.9,8077.25,8076.55,8076.55,12:20:00,8081.185352111568,2,39
2015-11-04,8078.75,8078.75,8077.8,8078.25,12:25:00,8080.953413815228,2,40
2015-11-04,8086.5,8087.2,8084.4,8084.4,12:30:00,8081.481660118539,2,41
2015-11-04,8090.85,8090.85,8086.25,8086.65,12:35:00,8082.373882964393,2,42
2015-11-04,8089.05,8089.1,8087.05,8089.05,12:40:00,8083.00970363445,2,43
2015-11-04,8087.75,8090.8,8087.75,8089.5,12:45:00,8083.461160431169,2,44
2015-11-04,8082.95,8084.35,8082.95,8084.35,12:50:00,8083.412478485344,2,45
2015-11-04,8085.6,8085.7,8084.45,8084.45,12:55:00,8083.620813867692,2,46
2015-11-04,8089.25,8089.75,8086.75,8086.75,13:00:00,8084.156926832673,2,47
2015-11-04,8088.15,8089.3,8088.15,8089.05,13:05:00,8084.537219515276,2,48
2015-11-04,8083.7,8088.3,8083.7,8087.65,13:10:00,8084.457484323345,2,49
2015-11-04,8081.35,8082.2,8079.9,8082.2,13:15:00,8084.161533435407,2,50
2015-11-04,8083.15,8085.95,8083.15,8083.25,13:20:00,8084.06519691775,2,51
2015-11-04,8084.8,8086.5,8083.65,8084.85,13:25:00,8084.135178163679,2,52
2015-11-04,8084.75,8085.5,8083.15,8085.2,13:30:00,8084.193732624281,2,53
2015-11-04,8082.2,8084.0,8081.55,8084.0,13:35:00,8084.003853326731,2,54
2015-11-04,8077.35,8081.75,8077.35,8081.75,13:40:00,8083.370153009899,2,55
2015-11-04,8077.75,8078.0,8074.35,8077.2,13:45:00,8082.834900342289,2,56
2015-11-04,8072.85,8077.25,8072.85,8076.55,13:50:00,8081.883957452548,2,57
2015-11-04,8067.85,8067.85,8060.6,8067.55,13:55:00,8080.547390076115,2,58
2015-11-04,8070.2,8070.7,8067.35,8067.35,14:00:00,8079.56192435458,2,59
2015-11-04,8069.4,8069.4,8065.4,8066.15,14:05:00,8078.594122035096,2,60
2015-11-04,8065.15,8068.55,8065.15,8068.55,14:10:00,8077.313729460325,2,61
2015-11-04,8069.8,8069.8,8064.55,8065.4,14:15:00,8076.59813617839,2,62
2015-11-04,8079.75,8079.75,8072.3,8072.3,14:20:00,8076.898313685209,2,63
2015-11-04,8077.2,8079.1,8076.85,8079.1,14:25:00,8076.92704571519,2,64
2015-11-04,8071.8,8076.4,8071.8,8076.4,14:30:00,8076.438755647076,2,65
2015-11-04,8075.5,8075.5,8072.6,8072.6,14:35:00,8076.349350347355,2,66
2015-11-04,8071.75,8075.5,8071.75,8075.4,14:40:00,8075.91131698094,2,67
2015-11-04,8066.5,8073.5,8066.5,8073.5,14:45:00,8075.0150010779935,2,68
2015-11-04,8063.25,8067.15,8063.05,8067.15,14:50:00,8073.8945247848515,2,69
2015-11-04,8058.75,8064.6,8058.75,8064.6,14:55:00,8072.452189091056,2,70
2015-11-04,8054.4,8061.4,8048.95,8060.35,15:00:00,8070.732932987146,2,71
2015-11-04,8042.45,8056.45,8038.7,8056.45,15:05:00,8068.039320321704,2,72
2015-11-04,8034.7,8041.9,8034.7,8041.9,15:10:00,8064.8641469577315,2,73
2015-11-04,8037.4,8040.45,8034.05,8040.45,15:15:00,8062.248513914137,2,74
2015-11-04,8036.75,8042.3,8036.75,8039.25,15:20:00,8059.820084017552,2,75
2015-11-04,8029.3,8037.95,8028.95,8037.95,15:25:00,8056.913409349214,2,76
2015-11-05,8030.35,8030.35,8030.35,8030.35,09:10:00,8054.383560839765,3,1
2015-11-05,8013.4,8030.35,8013.35,8030.35,09:15:00,8050.480364569311,3,2
2015-11-05,8021.7,8022.35,8015.45,8015.45,09:20:00,8047.739377467471,3,3
2015-11-05,8013.65,8023.4,8013.65,8023.4,09:25:00,8044.492770089617,3,4
2015-11-05,8008.65,8011.4,8005.7,8011.4,09:30:00,8041.079172938225,3,5
2015-11-05,8008.25,8008.25,8001.55,8002.7,09:35:00,8037.952585039347,3,6
2015-11-05,8016.7,8016.7,8009.15,8009.15,09:40:00,8035.928529321313,3,7
2015-11-05,8012.4,8019.2,8012.4,8019.2,09:45:00,8033.687717004997,3,8
2015-11-05,8007.6,8011.3,8004.7,8011.3,09:50:00,8031.203172528331,3,9
2015-11-05,8009.75,8010.95,8007.2,8010.95,09:55:00,8029.160013239919,3,10
2015-11-05,8005.7,8010.5,8005.7,8010.5,10:00:00,8026.925726264689,3,11
2015-11-05,8002.55,8005.7,8002.55,8004.85,10:05:00,8024.604228525194,3,12
2015-11-05,8002.15,8003.05,8001.2,8001.2,10:10:00,8022.465730570414,3,13
2015-11-05,7987.0,8001.5,7987.0,8001.5,10:15:00,8019.08804194466,3,14
2015-11-05,7995.65,7996.6,7988.15,7988.15,10:20:00,8016.85584747374,3,15
2015-11-05,7991.65,7993.6,7991.65,7992.55,10:25:00,8014.455290571479,3,16
2015-11-05,7985.7,7990.85,7983.35,7990.75,10:30:00,8011.7166914694335,3,17
2015-11-05,7990.95,7990.95,7983.7,7983.7,10:35:00,8009.738911329488,3,18
2015-11-05,8002.95,8002.95,7992.05,7992.05,10:40:00,8009.092348345727,3,19
2015-11-05,7999.6,8003.35,7999.6,8001.9,10:45:00,8008.188315169944,3,20
2015-11-05,8003.0,8003.0,7997.4,7997.4,10:50:00,8007.694189915664,3,21
2015-11-05,8004.15,8005.65,8002.35,8002.35,10:55:00,8007.356648018934,3,22
2015-11-05,7996.25,8003.15,7996.25,8003.0,11:00:00,8006.298872017131,3,23
2015-11-05,7993.45,7996.05,7993.25,7996.05,11:05:00,8005.075169920261,3,24
2015-11-05,7995.75,7996.75,7994.95,7994.95,11:10:00,8004.187058499284,3,25
2015-11-05,7993.3,7994.55,7992.55,7994.55,11:15:00,8003.150195785066,3,26
2015-11-05,8011.45,8012.05,7994.05,7994.05,11:20:00,8003.940653329346,3,27
2015-11-05,8007.6,8008.6,8006.95,8008.5,11:25:00,8004.289162536074,3,28
2015-11-05,8015.85,8016.4,8009.85,8009.85,11:30:00,8005.390194675496,3,29
2015-11-05,8012.95,8014.05,8012.25,8013.8,11:35:00,8006.110176134972,3,30
2015-11-05,8008.05,8011.8,8008.05,8011.55,11:40:00,8006.294921264975,3,31
2015-11-05,8007.1,8007.9,8006.8,8007.65,11:45:00,8006.371595430215,3,32
2015-11-05,8011.85,8012.9,8007.4,8007.4,11:50:00,8006.893348246385,3,33
2015-11-05,8020.9,8020.9,8014.0,8014.0,11:55:00,8008.227315080063,3,34
2015-11-05,8022.6,8024.8,8020.8,8024.8,12:00:00,8009.596142215295,3,35
2015-11-05,8019.35,8022.8,8019.35,8022.6,12:05:00,8010.525081051934,3,36
2015-11-05,8018.7,8020.5,8018.7,8020.15,12:10:00,8011.303644761273,3,37
2015-11-05,8016.3,8017.85,8016.0,8017.4,12:15:00,8011.779488117342,3,38
2015-11-05,8016.55,8019.4,8016.55,8016.95,12:20:00,8012.233822582358,3,39
2015-11-05,8015.65,8017.05,8015.65,8017.05,12:25:00,8012.559172812609,3,40
2015-11-05,8015.55,8017.55,8015.55,8015.95,12:30:00,8012.844013497122,3,41
2015-11-05,8012.65,8015.95,8012.5,8014.6,12:35:00,8012.825536021206,3,42
2015-11-05,8010.55,8011.9,8010.25,8011.9,12:40:00,8012.608818304901,3,43
2015-11-05,8011.85,8013.4,8011.85,8012.55,12:45:00,8012.53654989491,3,44
2015-11-05,8008.95,8011.6,8008.95,8010.65,12:50:00,8012.194973714442,3,45
2015-11-05,8006.8,8007.75,8006.7,8007.75,12:55:00,8011.681166694019,3,46
2015-11-05,8002.4,8007.05,8002.4,8007.05,13:00:00,8010.797246056493,3,47
2015-11-05,7996.25,8002.75,7996.25,8002.4,13:05:00,8009.411794051113,3,48
2015-11-05,8001.4,8001.4,7995.95,7995.95,13:10:00,8008.648766046244,3,49
2015-11-05,8007.1,8007.1,8005.25,8005.25,13:15:00,8008.50126451803,3,50
2015-11-05,8012.0,8012.3,8006.4,8006.4,13:20:00,8008.8344774210755,3,51
2015-11-05,8009.6,8010.35,8009.6,8010.15,13:25:00,8008.907384333354,3,52
2015-11-05,8008.25,8010.0,8007.35,8010.0,13:30:00,8008.844776301606,3,53
2015-11-05,8007.2,8009.0,8007.2,8007.55,13:35:00,8008.688130939548,3,54
2015-11-05,8001.65,8006.85,8001.65,8006.85,13:40:00,8008.017832754829,3,55
2015-11-05,7994.5,8002.2,7992.3,8002.2,13:45:00,8006.730420111512,3,56
2015-11-05,8000.1,8004.35,7999.7,7999.7,13:50:00,8006.098951529464,3,57
2015-11-05,8000.65,8001.1,7996.9,8001.1,13:55:00,8005.580003764753,3,58
2015-11-05,7993.45,7999.7,7992.9,7999.7,14:00:00,8004.424765310967,3,59
2015-11-05,7998.1,7998.1,7986.75,7992.8,14:05:00,8003.822406709923,3,60
2015-11-05,7991.95,7995.5,7991.95,7995.5,14:10:00,8002.691701308978,3,61
2015-11-05,7988.15,7993.55,7988.15,7993.55,14:15:00,8001.306777374789,3,62
2015-11-05,7986.8,7987.1,7985.85,7987.1,14:20:00,7999.92517952957,3,63
2015-11-05,7997.75,7997.75,7987.35,7987.35,14:25:00,7999.718019574373,3,64
2015-11-05,7989.9,7997.35,7989.9,7997.35,14:30:00,7998.7829700911,3,65
2015-11-05,7997.9,7997.9,7989.45,7989.45,14:35:00,7998.698877701471,3,66
2015-11-05,7992.75,7994.5,7991.0,7994.5,14:40:00,7998.132317920378,3,67
2015-11-05,7987.7,7990.35,7987.7,7990.05,14:45:00,7997.138763832723,3,68
2015-11-05,7981.05,7987.45,7980.35,7987.45,14:50:00,7995.606500610559,3,69
2015-11-05,7980.55,7980.55,7975.1,7980.15,14:55:00,7994.172548171458,3,70
2015-11-05,7968.45,7978.0,7965.4,7978.0,15:00:00,7991.722781678938,3,71
2015-11-05,7962.1,7968.65,7962.1,7968.65,15:05:00,7988.901564376182,3,72
2015-11-05,7953.2,7956.5,7950.65,7956.5,15:10:00,7985.501415387975,3,73
2015-11-05,7957.7,7960.45,7953.3,7953.6,15:15:00,7982.8536615415005,3,74
2015-11-05,7955.05,7956.05,7951.3,7956.05,15:20:00,7980.205693775643,3,75
2015-11-05,7947.2,7952.8,7946.15,7952.8,15:25:00,7977.062294368439,3,76
2015-11-06,7956.55,7956.55,7956.55,7956.55,09:10:00,7975.108742523826,4,1
2015-11-06,7983.5,7983.5,7956.55,7956.55,09:15:00,7975.907909902508,4,2
2015-11-06,7993.85,8000.2,7990.5,7992.05,09:20:00,7977.616680387984,4,3
2015-11-06,7978.95,7993.55,7978.95,7993.55,09:25:00,7977.743663208176,4,4
2015-11-06,7979.7,7979.7,7974.95,7978.75,09:30:00,7977.929980997873,4,5
2015-11-06,7962.95,7975.25,7962.35,7975.25,09:35:00,7976.503316140933,4,6
2015-11-06,7958.2,7958.2,7951.05,7958.05,09:40:00,7974.76014317513,4,7
2015-11-06,7968.65,7971.75,7964.05,7968.0,09:45:00,7974.178224777499,4,8
2015-11-06,7965.45,7969.75,7965.2,7969.75,09:50:00,7973.34696527488,4,9
2015-11-06,7962.3,7964.2,7960.25,7964.2,09:55:00,7972.294873343939,4,10
2015-11-06,7968.95,7968.95,7962.5,7962.5,10:00:00,7971.97631397785,4,11
2015-11-06,7969.1,7969.1,7966.2,7967.0,10:05:00,7971.702379313292,4,12
2015-11-06,7954.55,7968.05,7954.55,7967.2,10:10:00,7970.068819378693,4,13
2015-11-06,7937.95,7954.15,7935.95,7954.15,10:15:00,7967.00988419977,4,14
2015-11-06,7933.35,7944.85,7933.35,7937.65,10:20:00,7963.804180942649,4,15
2015-11-06,7930.6,7934.55,7930.6,7933.1,10:25:00,7960.64187799573,4,16
2015-11-06,7942.9,7943.25,7933.3,7933.3,10:30:00,7958.95217532947,4,17
2015-11-06,7942.25,7947.75,7942.25,7943.55,10:35:00,7957.361491964758,4,18
2015-11-06,7943.4,7943.4,7938.15,7943.0,10:40:00,7956.031826063352,4,19
2015-11-06,7956.3,7956.9,7945.35,7945.35,10:45:00,7956.057366438271,4,20
2015-11-06,7956.75,7956.75,7952.4,7955.85,10:50:00,7956.123331539387,4,21
2015-11-06,7968.2,7968.2,7955.15,7955.15,10:55:00,7957.273490440398,4,22
2015-11-06,7961.2,7970.1,7961.2,7970.1,11:00:00,7957.647443731788,4,23
2015-11-06,7967.95,7967.95,7960.65,7960.65,11:05:00,7958.628639566857,4,24
2015-11-06,7967.75,7974.35,7967.75,7971.55,11:10:00,7959.497340560489,4,25
2015-11-06,7971.2,7972.75,7966.5,7966.5,11:15:00,7960.611879554728,4,26
2015-11-06,7967.3,7968.9,7966.05,7968.9,11:20:00,7961.248843406659,4,27
2015-11-06,7970.65,7970.7,7968.35,7970.7,11:25:00,7962.144191653644,4,28
2015-11-06,7977.6,7979.7,7973.75,7973.75,11:30:00,7963.616173400916,4,29
2015-11-06,7971.75,7977.1,7971.75,7977.1,11:35:00,7964.390823553209,4,30
2015-11-06,7970.1,7972.05,7969.15,7971.55,11:40:00,7964.93455464338,4,31
2015-11-06,7963.95,7969.9,7963.95,7968.6,11:45:00,7964.840787534486,4,32
2015-11-06,7964.9,7964.95,7962.3,7962.3,11:50:00,7964.8464268169155,4,33
2015-11-06,7966.6,7968.35,7966.35,7966.35,11:55:00,7965.013433786734,4,34
2015-11-06,7965.35,7967.45,7965.35,7965.35,12:00:00,7965.045487711807,4,35
2015-11-06,7964.35,7964.95,7961.7,7962.2,12:05:00,7964.979250786873,4,36
2015-11-06,7962.0,7964.9,7960.85,7963.45,12:10:00,7964.695512616694,4,37
2015-11-06,7954.45,7963.4,7954.45,7963.4,12:15:00,7963.719749510342,4,38
2015-11-06,7953.2,7956.95,7951.85,7951.85,12:20:00,7962.717868604594,4,39
2015-11-06,7955.15,7955.4,7954.05,7954.05,12:25:00,7961.997119213681,4,40
2015-11-06,7959.7,7960.6,7956.4,7956.4,12:30:00,7961.778345955235,4,41
2015-11-06,7956.9,7958.0,7956.25,7958.0,12:35:00,7961.313741578546,4,42
2015-11-06,7958.6,7958.6,7955.3,7957.3,12:40:00,7961.055289999636,4,43
2015-11-06,7966.45,7966.45,7958.3,7958.3,12:45:00,7961.569071904432,4,44
2015-11-06,7963.9,7970.3,7963.9,7969.7,12:50:00,7961.791065056391,4,45
2015-11-06,7957.95,7965.5,7957.95,7965.5,12:55:00,7961.425249336734,4,46
2015-11-06,7958.4,7958.4,7954.75,7956.35,13:00:00,7961.137130352283,4,47
2015-11-06,7959.5,7959.5,7956.25,7956.25,13:05:00,7960.981213175875,4,48
2015-11-06,7951.0,7958.05,7951.0,7958.05,13:10:00,7960.03062144484,4,49
2015-11-06,7956.85,7956.85,7952.7,7952.7,13:15:00,7959.72770511676,4,50
2015-11-06,7954.7,7957.85,7953.5,7957.85,13:20:00,7959.248876058021,4,51
2015-11-06,7946.85,7954.15,7946.85,7954.15,13:25:00,7958.0680307191615,4,52
2015-11-06,7942.9,7951.25,7942.9,7951.25,13:30:00,7956.623456364955,4,53
2015-11-06,7942.35,7944.85,7941.0,7941.0,13:35:00,7955.264079568293,4,54
2015-11-06,7945.85,7946.25,7939.35,7940.25,13:40:00,7954.367500561789,4,55
2015-11-06,7948.2,7948.2,7946.95,7947.95,13:45:00,7953.780119555904,4,56
2015-11-06,7938.0,7947.7,7938.0,7947.7,13:50:00,7952.27725102677,4,57
2015-11-06,7926.5,7936.2,7926.5,7936.2,13:55:00,7949.822274738506,4,58
2015-11-06,7936.95,7939.25,7933.0,7933.0,14:00:00,7948.596343811029,4,59
2015-11-06,7935.85,7941.65,7935.85,7938.1,14:05:00,7947.382406305217,4,60
2015-11-06,7944.9,7944.9,7936.5,7936.5,14:10:00,7947.1459866571,4,61
2015-11-06,7947.25,7947.25,7941.8,7941.8,14:15:00,7947.155892689758,4,62
2015-11-06,7948.8,7948.8,7946.8,7948.4,14:20:00,7947.312474338352,4,63
2015-11-06,7963.2,7963.2,7947.75,7947.75,14:25:00,7948.825572020413,4,64
2015-11-06,7968.9,7970.95,7961.4,7961.55,14:30:00,7950.737422304183,4,65
2015-11-06,7971.7,7975.25,7970.3,7970.3,14:35:00,7952.733858275214,4,66
2015-11-06,7959.25,7965.35,7959.25,7964.45,14:40:00,7953.354443201383,4,67
2015-11-06,7956.3,7964.1,7956.3,7961.0,14:45:00,7953.634972420299,4,68
2015-11-06,7957.9,7963.65,7957.9,7963.65,14:50:00,7954.041165523127,4,69
2015-11-06,7948.9,7956.7,7942.8,7956.7,14:55:00,7953.5515307114,4,70
2015-11-06,7942.95,7948.4,7937.25,7948.4,15:00:00,7952.541861119838,4,71
2015-11-06,7947.65,7949.7,7944.6,7944.6,15:05:00,7952.075969584616,4,72
2015-11-06,7949.1,7955.9,7948.95,7948.95,15:10:00,7951.792543909891,4,73
2015-11-06,7958.6,7958.6,7948.7,7948.7,15:15:00,7952.4408730613295,4,74
2015-11-06,7959.45,7961.1,7959.25,7959.25,15:20:00,7953.108408960251,4,75
2015-11-06,7960.1,7960.1,7957.75,7958.7,15:25:00,7953.774274773561,4,76
2015-11-09,7788.25,7788.25,7788.25,7788.25,09:10:00,7938.0100581284605,0,1
2015-11-09,7805.35,7805.35,7781.9,7788.25,09:15:00,7925.375766878131,0,2
2015-11-09,7807.1,7820.05,7799.65,7799.65,09:20:00,7914.111408127832,0,3
2015-11-09,7817.25,7822.9,7808.85,7808.85,09:25:00,7904.886512115658,0,4
2015-11-09,7817.25,7819.45,7808.3,7819.45,09:30:00,7896.540177628452,0,5
2015-11-09,7827.45,7827.45,7816.75,7821.15,09:35:00,7889.960160711456,0,6
2015-11-09,7836.6,7836.6,7829.95,7829.95,09:40:00,7884.878240643698,0,7
2015-11-09,7839.3,7839.3,7832.9,7832.9,09:45:00,7880.537455820489,0,8
2015-11-09,7831.5,7839.7,7830.95,7836.65,09:50:00,7875.867221932824,0,9
2015-11-09,7832.3,7832.7,7831.6,7832.7,09:55:00,7871.717962701126,0,10
2015-11-09,7844.55,7844.55,7833.65,7833.65,10:00:00,7869.130537681972,0,11
2015-11-09,7851.2,7851.9,7847.8,7848.05,10:05:00,7867.422867426546,0,12
2015-11-09,7862.45,7862.45,7851.55,7851.55,10:10:00,7866.94926100497,0,13
2015-11-09,7858.45,7865.4,7857.65,7865.4,10:15:00,7866.139807575925,0,14
2015-11-09,7855.95,7858.55,7851.8,7857.95,10:20:00,7865.169349711551,0,15
2015-11-09,7863.1,7863.1,7856.35,7856.35,10:25:00,7864.9722687866415,0,16
2015-11-09,7866.5,7866.5,7862.9,7863.85,10:30:00,7865.117766997438,0,17
2015-11-09,7867.0,7867.0,7864.85,7864.85,10:35:00,7865.297027283396,0,18
2015-11-09,7859.35,7868.45,7859.35,7868.45,10:40:00,7864.730643732597,0,19
2015-11-09,7857.3,7857.95,7855.0,7857.15,10:45:00,7864.022963377111,0,20
2015-11-09,7862.95,7862.95,7859.15,7859.15,10:50:00,7863.920776388815,0,21
2015-11-09,7862.2,7864.6,7862.2,7862.85,10:55:00,7863.756892923214,0,22
2015-11-09,7864.9,7869.75,7864.9,7865.25,11:00:00,7863.86576026386,0,23
2015-11-09,7870.15,7870.15,7863.7,7863.7,11:05:00,7864.464259286349,0,24
2015-11-09,7867.85,7872.1,7867.85,7872.1,11:10:00,7864.786710782887,0,25
2015-11-09,7861.25,7869.05,7861.25,7869.05,11:15:00,7864.449881184517,0,26
2015-11-09,7863.65,7864.3,7862.5,7862.5,11:20:00,7864.373702024087,0,27
2015-11-09,7868.4,7868.4,7864.8,7864.8,11:25:00,7864.757158974174,0,28
2015-11-09,7864.9,7868.75,7863.2,7868.75,11:30:00,7864.770762881395,0,29
2015-11-09,7856.45,7862.0,7856.45,7860.85,11:35:00,7863.978309273643,0,30
2015-11-09,7854.65,7857.1,7854.6,7855.65,11:40:00,7863.089898866629,0,31
2015-11-09,7858.85,7858.85,7855.95,7855.95,11:45:00,7862.686098974569,0,32
2015-11-09,7852.05,7857.15,7852.05,7857.15,11:50:00,7861.673137167468,0,33
2015-11-09,7843.3,7848.8,7843.3,7847.35,11:55:00,7859.92331458009,0,34
2015-11-09,7854.35,7854.35,7844.5,7844.5,12:00:00,7859.392522715319,0,35
2015-11-09,7857.05,7857.45,7854.7,7854.7,12:05:00,7859.169425313861,0,36
2015-11-09,7856.45,7858.05,7855.05,7855.5,12:10:00,7858.910432426827,0,37
2015-11-09,7860.75,7860.75,7857.0,7857.0,12:15:00,7859.085629338558,0,38
2015-11-09,7857.9,7862.0,7857.9,7860.3,12:20:00,7858.972712258695,0,39
2015-11-09,7855.4,7861.45,7855.4,7859.6,12:25:00,7858.632453948344,0,40
2015-11-09,7855.6,7857.4,7854.95,7856.45,12:30:00,7858.343648810406,0,41
2015-11-09,7860.25,7860.25,7854.55,7854.55,12:35:00,7858.525206066559,0,42
2015-11-09,7859.4,7861.85,7857.65,7861.85,12:40:00,7858.608519774505,0,43
2015-11-09,7864.2,7864.2,7859.85,7859.85,12:45:00,7859.141041700743,0,44
2015-11-09,7866.2,7866.2,7861.15,7864.95,12:50:00,7859.81332344353,0,45
2015-11-09,7861.3,7867.85,7861.3,7867.85,12:55:00,7859.954911687003,0,46
2015-11-09,7865.0,7865.0,7861.6,7861.6,13:00:00,7860.4353962882415,0,47
2015-11-09,7864.05,7865.45,7862.9,7864.2,13:05:00,7860.77964426079,0,48
2015-11-09,7862.05,7862.25,7859.6,7861.95,13:10:00,7860.900630521666,0,49
2015-11-09,7862.85,7862.85,7859.0,7859.0,13:15:00,7861.086284757697,0,50
2015-11-09,7864.6,7865.65,7863.5,7863.5,13:20:00,7861.420924304583,0,51
2015-11-09,7862.95,7863.65,7860.65,7863.65,13:25:00,7861.566550561291,0,52
2015-11-09,7861.6,7861.6,7860.0,7860.35,13:30:00,7861.569736222121,0,53
2015-11-09,7857.85,7860.9,7857.85,7860.9,13:35:00,7861.215475629538,0,54
2015-11-09,7862.0,7862.55,7857.45,7857.45,13:40:00,7861.290192236248,0,55
2015-11-09,7863.0,7864.65,7862.25,7864.1,13:45:00,7861.4530310708915,0,56
2015-11-09,7865.05,7865.05,7862.7,7862.7,13:50:00,7861.795599540331,0,57
2015-11-09,7881.8,7881.8,7863.6,7863.6,13:55:00,7863.700780536489,0,58
2015-11-09,7877.4,7880.4,7875.8,7878.35,14:00:00,7865.005468104443,0,59
2015-11-09,7882.95,7883.55,7879.85,7880.85,14:05:00,7866.714471142115,0,60
2015-11-09,7887.15,7887.15,7880.5,7881.15,14:10:00,7868.660711985723,0,61
2015-11-09,7898.3,7898.3,7887.5,7887.5,14:15:00,7871.483501320416,0,62
2015-11-09,7904.85,7904.85,7892.7,7892.7,14:20:00,7874.661263099424,0,63
2015-11-09,7900.15,7904.75,7896.9,7904.75,14:25:00,7877.08876185186,0,64
2015-11-09,7903.0,7904.35,7901.85,7901.85,14:30:00,7879.55649881835,0,65
2015-11-09,7912.35,7912.35,7899.05,7900.8,14:35:00,7882.6796894070785,0,66
2015-11-09,7916.55,7918.2,7909.85,7909.85,14:40:00,7885.905433273071,0,67
2015-11-09,7917.25,7922.8,7916.5,7916.5,14:45:00,7888.890630104207,0,68
2015-11-09,7920.8,7922.75,7916.55,7916.55,14:50:00,7891.92961771333,0,69
2015-11-09,7927.15,7929.5,7923.65,7923.65,14:55:00,7895.28393983587,0,70
2015-11-09,7930.75,7936.2,7927.65,7936.2,15:00:00,7898.661659851502,0,71
2015-11-09,7915.15,7928.85,7915.15,7928.85,15:05:00,7900.231977960882,0,72
2015-11-09,7914.65,7916.6,7911.65,7916.6,15:10:00,7901.605122916989,0,73
2015-11-09,7914.55,7916.85,7910.75,7910.75,15:15:00,7902.837968353466,0,74
2015-11-09,7904.2,7911.6,7904.2,7911.6,15:20:00,7902.967685653135,0,75
2015-11-09,7913.9,7913.9,7905.35,7905.35,15:25:00,7904.008858448074,0,76
2015-11-10,7877.6,7877.6,7877.6,7877.6,09:10:00,7901.493729072067,1,1
2015-11-10,7883.2,7883.2,7871.95,7877.6,09:15:00,7899.751469160441,1,2
2015-11-10,7867.3,7884.05,7867.3,7884.05,09:20:00,7896.660853049922,1,3
2015-11-10,7857.2,7862.25,7857.2,7860.15,09:25:00,7892.902676568978,1,4
2015-11-10,7872.6,7872.6,7863.85,7864.15,09:30:00,7890.969088324313,1,5
2015-11-10,7875.2,7875.2,7868.35,7868.35,09:35:00,7889.467270388664,1,6
2015-11-10,7876.45,7881.7,7876.45,7877.75,09:40:00,7888.227530351648,1,7
2015-11-10,7866.1,7875.4,7866.1,7874.7,09:45:00,7886.120146508633,1,8
2015-11-10,7864.3,7869.85,7864.3,7869.85,09:50:00,7884.042037317336,1,9
2015-11-10,7859.95,7863.2,7859.9,7863.2,09:55:00,7881.747557572828,1,10
2015-11-10,7858.25,7862.55,7855.75,7862.55,10:00:00,7879.509694946843,1,11
2015-11-10,7863.25,7863.25,7861.7,7861.7,10:05:00,7877.961152570953,1,12
2015-11-10,7855.15,7861.4,7855.15,7861.4,10:10:00,7875.788661849911,1,13
2015-11-10,7850.2,7857.7,7850.2,7857.7,10:15:00,7873.3516464356335,1,14
2015-11-10,7857.95,7857.95,7852.95,7852.95,10:20:00,7871.884822965573,1,15
2015-11-10,7856.45,7859.95,7856.45,7858.2,10:25:00,7870.414839825995,1,16
2015-11-10,7859.75,7859.75,7855.95,7855.95,10:30:00,7869.399140794948,1,17
2015-11-10,7860.45,7861.45,7860.2,7860.65,10:35:00,7868.546841671619,1,18
2015-11-10,7856.6,7860.75,7856.6,7860.75,10:40:00,7867.409047226703,1,19
2015-11-10,7856.95,7856.95,7855.75,7855.75,10:45:00,7866.412947490827,1,20
2015-11-10,7856.6,7857.8,7856.6,7857.25,10:50:00,7865.478381063129,1,21
2015-11-10,7852.85,7853.6,7852.05,7853.05,10:55:00,7864.275678104736,1,22
2015-11-10,7855.05,7855.05,7853.25,7853.25,11:00:00,7863.397042094761,1,23
2015-11-10,7860.45,7860.45,7855.55,7855.55,11:05:00,7863.11637141907,1,24
2015-11-10,7862.7,7863.8,7861.55,7861.55,11:10:00,7863.076716998205,1,25
2015-11-10,7860.4,7864.1,7860.25,7864.1,11:15:00,7862.821791569805,1,26
2015-11-10,7867.85,7867.85,7862.95,7862.95,11:20:00,7863.300668563157,1,27
2015-11-10,7866.6,7868.9,7866.6,7868.45,11:25:00,7863.614890604761,1,28
2015-11-10,7859.7,7864.55,7859.7,7864.55,11:30:00,7863.242043880498,1,29
2015-11-10,7863.45,7863.45,7859.8,7859.8,11:35:00,7863.261849225212,1,30
2015-11-10,7861.5,7864.0,7861.5,7864.0,11:40:00,7863.094054060906,1,31
2015-11-10,7859.25,7862.75,7856.55,7862.75,11:45:00,7862.7279536741535,1,32
2015-11-10,7859.3,7859.8,7857.5,7858.15,11:50:00,7862.401481895663,1,33
2015-11-10,7852.9,7857.85,7852.9,7857.85,11:55:00,7861.49657885798,1,34
2015-11-10,7852.85,7853.25,7851.25,7851.25,12:00:00,7860.67309515722,1,35
2015-11-10,7847.15,7855.6,7847.15,7855.6,12:05:00,7859.385181332722,1,36
2015-11-10,7847.5,7847.5,7842.95,7842.95,12:10:00,7858.253259301034,1,37
2015-11-10,7845.25,7849.4,7845.25,7849.4,12:15:00,7857.014853653317,1,38
2015-11-10,7843.65,7843.65,7841.0,7841.0,12:20:00,7855.742010448239,1,39
2015-11-10,7838.2,7841.6,7837.25,7841.6,12:25:00,7854.071342786502,1,40
2015-11-10,7830.0,7834.2,7822.95,7834.2,12:30:00,7851.778833949692,1,41
2015-11-10,7829.95,7833.15,7829.6,7830.85,12:35:00,7849.699897383054,1,42
2015-11-10,7827.5,7830.2,7824.6,7824.6,12:40:00,7847.585621441811,1,43
2015-11-10,7836.4,7836.4,7828.7,7828.7,12:45:00,7846.520324161638,1,44
2015-11-10,7838.35,7838.35,7835.0,7836.45,12:50:00,7845.742198051006,1,45
2015-11-10,7831.85,7838.9,7831.85,7838.9,12:55:00,7844.419131569958,1,46
2015-11-10,7828.9,7831.4,7828.5,7831.4,13:00:00,7842.941119039486,1,47
2015-11-10,7831.45,7833.65,7829.45,7829.45,13:05:00,7841.846726750011,1,48
2015-11-10,7826.0,7830.8,7826.0,7830.8,13:10:00,7840.337514678581,1,49
2015-11-10,7830.25,7830.25,7825.3,7825.3,13:15:00,7839.376798994906,1,50
2015-11-10,7828.5,7832.2,7828.5,7830.9,13:20:00,7838.340913376343,1,51
2015-11-10,7828.9,7829.75,7828.45,7828.8,13:25:00,7837.441778769073,1,52
2015-11-10,7819.6,7820.1,7818.1,7820.1,13:30:00,7835.742561743447,1,53
2015-11-10,7821.1,7822.05,7815.45,7817.6,13:35:00,7834.3480320535955,1,54
2015-11-10,7822.05,7823.05,7819.25,7819.25,13:40:00,7833.176790905633,1,55
2015-11-10,7826.25,7827.15,7821.55,7821.55,13:45:00,7832.517096533668,1,56
2015-11-10,7828.15,7829.7,7827.55,7828.15,13:50:00,7832.101182578081,1,57
2015-11-10,7837.75,7838.45,7829.45,7829.45,13:55:00,7832.639165189692,1,58
2015-11-10,7843.0,7844.25,7840.95,7840.95,14:00:00,7833.625911362102,1,59
2015-11-10,7838.15,7842.6,7836.55,7842.6,14:05:00,7834.056776946663,1,60
2015-11-10,7841.4,7842.35,7839.6,7839.85,14:10:00,7834.7561315231715,1,61
2015-11-10,7844.1,7844.1,7842.0,7842.5,14:15:00,7835.64602375906,1,62
2015-11-10,7840.45,7842.1,7839.65,7842.1,14:20:00,7836.103545305816,1,63
2015-11-10,7841.2,7841.2,7839.95,7840.9,14:25:00,7836.588921943357,1,64
2015-11-10,7851.35,7853.75,7842.55,7842.55,14:30:00,7837.994738901132,1,65
2015-11-10,7843.05,7849.35,7842.75,7847.55,14:35:00,7838.47619233912,1,66
2015-11-10,7823.25,7841.45,7823.25,7841.45,14:40:00,7837.026078783013,1,67
2015-11-10,7812.95,7821.85,7812.95,7821.0,14:45:00,7834.733118898916,1,68
2015-11-10,7810.35,7810.4,7804.15,7810.4,14:50:00,7832.41091709902,1,69
2015-11-10,7805.0,7810.15,7803.25,7810.15,14:55:00,7829.800353565779,1,70
2015-11-10,7788.55,7802.5,7788.55,7800.55,15:00:00,7825.871748464276,1,71
2015-11-10,7778.95,7793.0,7778.95,7793.0,15:05:00,7821.403010515298,1,72
2015-11-10,7785.25,7786.65,7784.1,7785.5,15:10:00,7817.959866656698,1,73
2015-11-10,7782.85,7782.85,7774.7,7781.65,15:15:00,7814.616069832251,1,74
2015-11-10,7780.8,7787.85,7780.8,7787.85,15:20:00,7811.395491752989,1,75
2015-11-10,7780.35,7781.4,7778.45,7779.95,15:25:00,7808.438778252705,1,76
2015-11-11,7783.35,7783.35,7783.35,7783.35,17:00:00,7806.049370800066,2,1
2015-11-11,7783.35,7783.35,7783.35,7783.35,17:05:00,7803.8875259619645,2,2
2015-11-11,7783.35,7783.35,7783.35,7783.35,17:10:00,7801.931571108444,2,3
2015-11-11,7783.35,7783.35,7783.35,7783.35,17:15:00,7800.161897669544,2,4
2015-11-11,7783.35,7783.35,7783.35,7783.35,17:20:00,7798.560764558159,2,5
2015-11-11,7783.35,7783.35,7783.35,7783.35,17:25:00,7797.112120314524,2,6
2015-11-11,7838.6,7844.25,7783.35,7783.35,17:30:00,7801.063346951236,2,7
2015-11-11,7838.8,7842.45,7838.8,7840.1,17:35:00,7804.657313908261,2,8
2015-11-11,7838.8,7838.8,7838.8,7838.8,17:40:00,7807.90899829795,2,9
2015-11-11,7830.3,7841.75,7826.25,7838.2,17:45:00,7810.041474650527,2,10
2015-11-11,7832.7,7832.7,7827.35,7831.2,17:50:00,7812.199429445714,2,11
2015-11-11,7834.55,7836.4,7834.45,7835.5,17:55:00,7814.328055212789,2,12
2015-11-11,7828.4,7834.25,7828.4,7834.25,18:00:00,7815.668240430618,2,13
2015-11-11,7826.5,7828.4,7825.4,7828.4,18:05:00,7816.699836580084,2,14
2015-11-11,7830.7,7830.7,7826.85,7826.85,18:10:00,7818.033185477218,2,15
2015-11-11,7829.15,7831.1,7828.95,7831.1,18:15:00,7819.091929717483,2,16
2015-11-11,7827.2,7828.35,7825.95,7828.2,18:20:00,7819.864126887247,2,17
2015-11-11,7826.05,7827.4,7825.75,7827.4,18:25:00,7820.4532576598895,2,18
2015-11-11,7824.4,7825.55,7821.8,7825.55,18:30:00,7820.829137882757,2,19
2015-11-11,7823.85,7824.9,7823.85,7824.9,18:35:00,7821.11683903678,2,20
2015-11-11,7825.5,7826.5,7822.85,7826.5,18:40:00,7821.534282938039,2,21
2015-11-11,7825.0,7828.7,7825.0,7828.7,18:45:00,7821.864351229654,2,22
2015-11-11,7825.0,7825.0,7825.0,7825.0,18:50:00,7822.162984445878,2,23
2015-11-11,7825.0,7825.0,7825.0,7825.0,18:55:00,7822.433176403413,2,24
2015-11-11,7825.0,7825.0,7825.0,7825.0,19:00:00,7822.677635793564,2,25
2015-11-11,7825.0,7825.0,7825.0,7825.0,19:05:00,7822.898813337035,2,26
2015-11-11,7825.0,7825.0,7825.0,7825.0,19:10:00,7823.098926352555,2,27
2015-11-11,7825.0,7825.0,7825.0,7825.0,19:15:00,7823.279980985645,2,28
2015-11-13,7762.45,7762.45,7762.45,7762.45,09:10:00,7817.486649463202,4,1
2015-11-13,7761.75,7762.45,7758.8,7762.45,09:15:00,7812.178397133373,4,2
2015-11-13,7746.25,7753.7,7742.8,7753.7,09:20:00,7805.89950216829,4,3
2015-11-13,7749.75,7750.7,7746.6,7748.75,09:25:00,7800.551930533215,4,4
2015-11-13,7750.05,7755.35,7749.15,7755.35,09:30:00,7795.742222863386,4,5
2015-11-13,7754.0,7755.2,7749.6,7749.6,09:35:00,7791.766773066874,4,6
2015-11-13,7766.5,7766.5,7756.65,7756.65,09:40:00,7789.360413727171,4,7
2015-11-13,7758.75,7763.35,7758.5,7763.35,09:45:00,7786.445136229346,4,8
2015-11-13,7773.15,7773.15,7765.65,7766.85,09:50:00,7785.178932778932,4,9
2015-11-13,7762.3,7768.95,7762.1,7767.8,09:55:00,7782.999986799986,4,10
2015-11-13,7756.2,7760.25,7756.15,7760.25,10:00:00,7780.447607104749,4,11
2015-11-13,7758.15,7758.75,7754.0,7758.75,10:05:00,7778.324025475726,4,12
2015-11-13,7761.5,7763.55,7761.45,7763.55,10:10:00,7776.7217373351805,4,13
2015-11-13,7766.45,7768.1,7757.3,7758.95,10:15:00,7775.743476636591,4,14
2015-11-13,7763.4,7766.6,7763.4,7766.5,10:20:00,7774.567907433106,4,15
2015-11-13,7765.4,7765.4,7761.35,7763.45,10:25:00,7773.694773391859,4,16
2015-11-13,7766.7,7767.35,7764.2,7764.2,10:30:00,7773.028604497396,4,17
2015-11-13,7759.95,7764.8,7759.95,7764.55,10:35:00,7771.783023116693,4,18
2015-11-13,7760.05,7760.05,7759.45,7759.45,10:40:00,7770.665592343675,4,19
2015-11-13,7760.9,7760.9,7757.65,7760.5,10:45:00,7769.735535929991,4,20
2015-11-13,7759.5,7765.25,7759.5,7763.2,10:50:00,7768.760722984278,4,21
2015-11-13,7751.65,7759.45,7751.65,7758.0,10:55:00,7767.131130319109,4,22
2015-11-13,7749.9,7755.3,7749.9,7750.8,11:00:00,7765.490070288717,4,23
2015-11-13,7743.9,7749.3,7742.6,7749.3,11:05:00,7763.433873118362,4,24
2015-11-13,7747.2,7747.55,7741.4,7743.4,11:10:00,7761.887789964233,4,25
2015-11-13,7748.8,7748.8,7746.3,7747.0,11:15:00,7760.641333777164,4,26
2015-11-13,7745.25,7749.0,7745.25,7749.0,11:20:00,7759.175492465052,4,27
2015-11-13,7738.95,7743.65,7738.2,7743.65,11:25:00,7757.249255087428,4,28
2015-11-13,7735.0,7742.05,7732.8,7742.05,11:30:00,7755.1302784124355,4,29
2015-11-13,7739.3,7739.3,7732.6,7734.1,11:35:00,7753.622632849346,4,30
2015-11-13,7740.45,7742.95,7739.95,7739.95,11:40:00,7752.368096387503,4,31
2015-11-13,7741.3,7741.6,7739.1,7741.45,11:45:00,7751.313991969645,4,32
2015-11-13,7746.15,7746.15,7739.95,7739.95,11:50:00,7750.822183210632,4,33
2015-11-13,7748.55,7748.55,7744.75,7746.9,11:55:00,7750.605784809619,4,34
2015-11-13,7750.65,7750.65,7748.55,7750.4,12:00:00,7750.609995780131,4,35
2015-11-13,7750.5,7751.45,7750.5,7750.95,12:05:00,7750.599519991547,4,36
2015-11-13,7751.1,7751.55,7748.85,7751.55,12:10:00,7750.647184754256,4,37
2015-11-13,7755.8,7757.8,7754.5,7754.5,12:15:00,7751.137929063374,4,38
2015-11-13,7760.55,7761.3,7757.25,7757.25,12:20:00,7752.034316771625,4,39
2015-11-13,7755.6,7758.5,7753.55,7758.5,12:25:00,7752.373905650517,4,40
2015-11-13,7760.45,7760.45,7753.7,7753.7,12:30:00,7753.143057493325,4,41
2015-11-13,7758.0,7760.7,7758.0,7759.75,12:35:00,7753.605623446341,4,42
2015-11-13,7760.65,7760.65,7758.9,7759.2,12:40:00,7754.276516451452,4,43
2015-11-13,7759.6,7760.3,7757.45,7757.45,12:45:00,7754.783514884647,4,44
2015-11-13,7759.1,7760.15,7757.85,7759.1,12:50:00,7755.194608705156,4,45
2015-11-13,7758.0,7758.0,7755.9,7757.7,12:55:00,7755.461788828476,4,46
2015-11-13,7765.3,7765.3,7757.8,7757.8,13:00:00,7756.398761321002,4,47
2015-11-13,7767.35,7768.85,7767.05,7768.5,13:05:00,7757.441736433288,4,48
2015-11-13,7765.65,7770.95,7765.65,7769.85,13:10:00,7758.223475820593,4,49
2015-11-13,7761.2,7764.9,7761.2,7764.7,13:15:00,7758.506954313871,4,50
2015-11-13,7756.45,7761.25,7756.45,7760.45,13:20:00,7758.311053903026,4,51
2015-11-13,7755.45,7756.3,7753.55,7755.75,13:25:00,7758.038572578928,4,52
2015-11-13,7752.75,7755.2,7752.75,7755.2,13:30:00,7757.534898999983,4,53
2015-11-13,7758.25,7760.35,7754.55,7754.55,13:35:00,7757.603003857127,4,54
2015-11-13,7751.55,7756.6,7751.55,7756.6,13:40:00,7757.026527299306,4,55
2015-11-13,7756.15,7757.75,7750.45,7750.45,13:45:00,7756.943048508896,4,56
2015-11-13,7755.2,7758.5,7755.0,7755.0,13:50:00,7756.777043889001,4,57
2015-11-13,7757.0,7757.0,7754.4,7754.4,13:55:00,7756.798277804334,4,58
2015-11-13,7759.1,7759.1,7756.7,7757.6,14:00:00,7757.017489442016,4,59
2015-11-13,7770.4,7774.9,7762.7,7762.7,14:05:00,7758.292014257062,4,60
2015-11-13,7764.95,7768.45,7763.7,7767.65,14:10:00,7758.926108137341,4,61
2015-11-13,7763.55,7768.65,7763.55,7764.5,14:15:00,7759.366478790928,4,62
2015-11-13,7761.5,7762.9,7760.75,7762.9,14:20:00,7759.56967128703,4,63
2015-11-13,7764.5,7764.5,7760.25,7760.25,14:25:00,7760.039226402551,4,64
2015-11-13,7764.5,7765.6,7764.25,7765.6,14:30:00,7760.464061983261,4,65
2015-11-13,7758.15,7763.45,7758.15,7763.45,14:35:00,7760.243675127712,4,66
2015-11-13,7763.1,7763.1,7760.6,7761.2,14:40:00,7760.51570606793,4,67
2015-11-13,7758.7,7763.8,7758.7,7763.8,14:45:00,7760.342781680509,4,68
2015-11-13,7761.75,7762.95,7760.1,7760.1,14:50:00,7760.476802472841,4,69
2015-11-13,7770.95,7770.95,7761.5,7761.5,14:55:00,7761.474249856379,4,70
2015-11-13,7769.25,7772.7,7769.25,7772.7,15:00:00,7762.214797489105,4,71
2015-11-13,7762.0,7765.6,7761.15,7765.6,15:05:00,7762.194340585381,4,72
2015-11-13,7757.65,7761.85,7757.65,7761.85,15:10:00,7761.761546243916,4,73
2015-11-13,7761.6,7761.7,7760.15,7760.15,15:15:00,7761.746160887353,4,74
2015-11-13,7760.95,7762.1,7760.55,7761.5,15:20:00,7761.670336040938,4,75
2015-11-13,7760.75,7761.4,7759.25,7761.4,15:25:00,7761.58268498942,4,76
2015-11-16,7732.95,7732.95,7732.95,7732.95,09:10:00,7758.855762609475,0,1
2015-11-16,7738.5,7738.5,7729.9,7732.95,09:15:00,7756.91711855143,0,2
2015-11-16,7745.05,7745.05,7738.25,7741.4,09:20:00,7755.786916784627,0,3
2015-11-16,7743.1,7746.35,7742.2,7742.2,09:25:00,7754.578638995615,0,4
2015-11-16,7729.9,7741.0,7729.55,7741.0,09:30:00,7752.228292424604,0,5
2015-11-16,7732.5,7734.35,7729.2,7729.2,09:35:00,7750.349407431784,0,6
2015-11-16,7733.7,7733.7,7730.05,7733.1,09:40:00,7748.763749581139,0,7
2015-11-16,7731.65,7732.35,7729.6,7729.6,09:45:00,7747.133868668649,0,8
2015-11-16,7727.3,7730.6,7724.4,7730.6,09:50:00,7745.244928795444,0,9
2015-11-16,7722.05,7727.2,7721.3,7727.2,09:55:00,7743.0358879577825,0,10
2015-11-16,7716.0,7724.1,7716.0,7721.6,10:00:00,7740.461041485613,0,11
2015-11-16,7721.95,7722.4,7716.55,7716.55,10:05:00,7738.69808515365,0,12
2015-11-16,7728.35,7728.35,7724.05,7724.05,10:10:00,7737.712553234254,0,13
2015-11-16,7733.5,7733.5,7728.55,7728.55,10:15:00,7737.311357688134,0,14
2015-11-16,7726.5,7736.5,7726.5,7736.5,10:20:00,7736.281704574979,0,15
2015-11-16,7731.6,7731.6,7729.15,7729.15,10:25:00,7735.835827948791,0,16
2015-11-16,7732.9,7735.05,7731.4,7731.95,10:30:00,7735.556225287001,0,17
2015-11-16,7732.5,7732.5,7730.0,7730.2,10:35:00,7735.265156212049,0,18
2015-11-16,7739.35,7739.35,7736.55,7737.2,10:40:00,7735.654188953758,0,19
2015-11-16,7747.4,7749.15,7744.3,7744.3,10:45:00,7736.772837624829,0,20
2015-11-16,7753.55,7753.55,7747.75,7748.0,10:50:00,7738.370662612941,0,21
2015-11-16,7767.7,7767.7,7753.6,7753.6,10:55:00,7741.163932840279,0,22
2015-11-16,7759.6,7766.2,7759.6,7764.75,11:00:00,7742.919748760252,0,23
2015-11-16,7763.65,7764.1,7761.75,7762.15,11:05:00,7744.894058402133,0,24
2015-11-16,7761.35,7765.05,7761.35,7765.05,11:10:00,7746.461290935264,0,25
2015-11-16,7757.6,7761.35,7756.1,7761.35,11:15:00,7747.52212037,0,26
2015-11-16,7762.15,7762.15,7757.85,7757.85,11:20:00,7748.915251763334,0,27
2015-11-16,7767.4,7767.4,7765.6,7765.6,11:25:00,7750.67570397635,0,28
2015-11-16,7769.15,7772.25,7769.15,7772.25,11:30:00,7752.435160740507,0,29
2015-11-16,7766.75,7767.7,7764.65,7767.7,11:35:00,7753.79847876522,0,30
2015-11-16,7769.6,7769.6,7766.65,7768.85,11:40:00,7755.303385549485,0,31
2015-11-16,7771.85,7771.85,7768.1,7769.3,11:45:00,7756.879253592391,0,32
2015-11-16,7774.45,7774.45,7770.0,7770.0,11:50:00,7758.552658012164,0,33
2015-11-16,7779.15,7779.15,7773.75,7773.75,11:55:00,7760.514309630053,0,34
2015-11-16,7790.8,7790.8,7777.25,7777.25,12:00:00,7763.398661093858,0,35
2015-11-16,7789.85,7790.45,7784.2,7784.2,12:05:00,7765.917836227776,0,36
2015-11-16,7789.9,7794.65,7788.95,7794.65,12:10:00,7768.201851825131,0,37
2015-11-16,7792.0,7792.9,7791.2,7791.2,12:15:00,7770.468342127498,0,38
2015-11-16,7793.75,7794.9,7792.7,7792.7,12:20:00,7772.685642877261,0,39
2015-11-16,7790.0,7791.9,7787.6,7791.9,12:25:00,7774.3346292699025,0,40
2015-11-16,7790.85,7790.85,7786.85,7790.45,12:30:00,7775.907521720388,0,41
2015-11-16,7795.9,7795.9,7792.3,7792.65,12:35:00,7777.811567270827,0,42
2015-11-16,7800.25,7800.25,7795.6,7797.25,12:40:00,7779.948560864082,0,43
2015-11-16,7802.2,7802.2,7799.65,7799.7,12:45:00,7782.067745543693,0,44
2015-11-16,7798.45,7802.6,7798.45,7802.6,12:50:00,7783.627960253817,0,45
2015-11-16,7786.55,7795.55,7786.55,7795.2,12:55:00,7783.906249753453,0,46
2015-11-16,7792.25,7792.8,7787.35,7788.75,13:00:00,7784.700892634077,0,47
2015-11-16,7794.35,7795.55,7793.55,7795.55,13:05:00,7785.619855240355,0,48
2015-11-16,7792.55,7794.65,7790.4,7794.65,13:10:00,7786.279869026987,0,49
2015-11-16,7792.3,7793.4,7789.9,7793.4,13:15:00,7786.853214833941,0,50
2015-11-16,7790.5,7793.25,7789.6,7792.5,13:20:00,7787.200527706898,0,51
2015-11-16,7789.05,7789.4,7786.25,7789.4,13:25:00,7787.376667925289,0,52
2015-11-16,7800.85,7800.85,7791.0,7791.0,13:30:00,7788.659842408595,0,53
2015-11-16,7807.65,7807.65,7803.25,7803.25,13:35:00,7790.468428845871,0,54
2015-11-16,7802.95,7810.45,7802.95,7810.3,13:40:00,7791.657149908169,0,55
2015-11-16,7807.05,7807.05,7801.0,7801.0,13:45:00,7793.1231356312,0,56
2015-11-16,7804.3,7808.75,7804.3,7807.1,13:50:00,7794.187598904419,0,57
2015-11-16,7804.2,7806.3,7804.2,7805.05,13:55:00,7795.141160913522,0,58
2015-11-16,7815.75,7815.75,7805.45,7805.45,14:00:00,7797.103907493187,0,59
2015-11-16,7816.25,7816.25,7813.95,7815.8,14:05:00,7798.927344874788,0,60
2015-11-16,7817.35,7822.4,7817.35,7821.1,14:10:00,7800.681883458142,0,61
2015-11-16,7822.5,7822.5,7814.65,7815.6,14:15:00,7802.759799319271,0,62
2015-11-16,7816.05,7822.25,7816.05,7822.25,14:20:00,7804.025532717435,0,63
2015-11-16,7818.75,7819.8,7816.7,7819.8,14:25:00,7805.427862934823,0,64
2015-11-16,7830.5,7830.5,7817.75,7817.75,14:30:00,7807.815685512459,0,65
2015-11-16,7829.9,7831.95,7829.5,7829.5,14:35:00,7809.918953558891,0,66
2015-11-16,7837.35,7837.35,7830.8,7830.8,14:40:00,7812.531434172331,0,67
2015-11-16,7831.9,7835.2,7831.65,7835.2,14:45:00,7814.376059489251,0,68
2015-11-16,7827.55,7831.55,7827.55,7831.55,14:50:00,7815.630720490275,0,69
2015-11-16,7822.1,7825.95,7822.1,7825.95,14:55:00,7816.246842348344,0,70
2015-11-16,7817.8,7824.25,7814.9,7824.25,15:00:00,7816.394762124692,0,71
2015-11-16,7806.35,7815.65,7806.35,7815.65,15:05:00,7815.438118112816,0,72
2015-11-16,7800.95,7805.0,7800.95,7805.0,15:10:00,7814.058297340167,0,73
2015-11-16,7801.3,7801.75,7798.4,7798.4,15:15:00,7812.843221403008,0,74
2015-11-16,7803.1,7803.1,7801.5,7802.95,15:20:00,7811.915295555103,0,75
2015-11-16,7809.2,7809.5,7804.2,7804.2,15:25:00,7811.656695978427,0,76
2015-11-17,7848.75,7848.75,7848.75,7848.75,09:10:00,7815.189391599529,1,1
2015-11-17,7837.95,7848.75,7835.3,7848.75,09:15:00,7817.35706859005,1,2
2015-11-17,7831.2,7837.05,7825.45,7837.05,09:20:00,7818.675443010045,1,3
2015-11-17,7839.2,7839.2,7833.2,7833.2,09:25:00,7820.630162723374,1,4
2015-11-17,7825.75,7838.05,7825.75,7838.05,09:30:00,7821.117766273529,1,5
2015-11-17,7831.5,7831.5,7823.9,7823.9,09:35:00,7822.106550437955,1,6
2015-11-17,7836.05,7836.05,7831.55,7831.65,09:40:00,7823.434498015293,1,7
2015-11-17,7829.8,7835.8,7829.8,7835.8,09:45:00,7824.04073629955,1,8
2015-11-17,7822.35,7826.15,7822.1,7826.15,09:50:00,7823.879713794831,1,9
2015-11-17,7830.7,7830.7,7822.55,7822.55,09:55:00,7824.52926486199,1,10
2015-11-17,7824.65,7830.6,7824.65,7830.15,10:00:00,7824.540763446562,1,11
2015-11-17,7821.65,7822.75,7818.45,7822.75,10:05:00,7824.265452642127,1,12
2015-11-17,7823.75,7823.75,7817.75,7818.35,10:10:00,7824.216361914306,1,13
2015-11-17,7827.2,7827.2,7825.3,7826.2,10:15:00,7824.500517922467,1,14
2015-11-17,7828.85,7829.35,7827.6,7828.85,10:20:00,7824.914754310804,1,15
2015-11-17,7834.25,7834.25,7829.85,7829.85,10:25:00,7825.803825328822,1,16
2015-11-17,7841.0,7841.0,7834.75,7834.75,10:30:00,7827.251080059411,1,17
2015-11-17,7839.75,7842.55,7839.35,7840.75,10:35:00,7828.441453387086,1,18
2015-11-17,7836.15,7839.75,7835.45,7839.75,10:40:00,7829.175600683554,1,19
2015-11-17,7832.2,7836.9,7832.2,7835.4,10:45:00,7829.463638713692,1,20
2015-11-17,7831.85,7834.3,7831.85,7832.7,10:50:00,7829.69091121715,1,21
2015-11-17,7835.9,7835.9,7831.95,7831.95,10:55:00,7830.282253005992,1,22
2015-11-17,7836.05,7836.25,7834.8,7834.9,11:00:00,7830.831562243517,1,23
2015-11-17,7828.35,7835.2,7828.35,7835.2,11:05:00,7830.59522298223,1,24
2015-11-17,7819.85,7827.05,7816.8,7827.05,11:10:00,7829.571868412493,1,25
2015-11-17,7813.15,7817.65,7808.95,7817.65,11:15:00,7828.007880944637,1,26
2015-11-17,7812.6,7812.6,7809.05,7812.05,11:20:00,7826.5404637118145,1,27
2015-11-17,7802.35,7811.55,7802.35,7811.55,11:25:00,7824.236610024975,1,28
2015-11-17,7812.1,7814.2,7804.2,7804.2,11:30:00,7823.080742403548,1,29
2015-11-17,7817.1,7817.1,7813.1,7813.1,11:35:00,7822.511147888925,1,30
2015-11-17,7818.9,7818.95,7817.35,7817.35,11:40:00,7822.16722904236,1,31
2015-11-17,7818.4,7818.8,7816.0,7816.25,11:45:00,7821.808445324041,1,32
2015-11-17,7816.75,7819.55,7816.6,7819.55,11:50:00,7821.326688626513,1,33
2015-11-17,7811.75,7814.0,7810.9,7814.0,11:55:00,7820.414623043036,1,34
2015-11-17,7810.15,7814.05,7809.85,7814.05,12:00:00,7819.43703989608,1,35
2015-11-17,7809.9,7811.25,7807.85,7811.25,12:05:00,7818.528750382168,1,36
2015-11-17,7809.35,7810.35,7809.35,7810.35,12:10:00,7817.654583679105,1,37
2015-11-17,7813.05,7813.05,7811.0,7811.4,12:15:00,7817.216051900143,1,38
2015-11-17,7816.0,7817.0,7814.45,7814.45,12:20:00,7817.100237433462,1,39
2015-11-17,7815.2,7816.15,7814.25,7815.6,12:25:00,7816.919262439799,1,40
2015-11-17,7808.95,7816.35,7808.95,7814.45,12:30:00,7816.16028506458,1,41
2015-11-17,7807.15,7809.0,7804.15,7809.0,12:35:00,7815.302162677477,1,42
2015-11-17,7796.1,7806.25,7793.35,7806.25,12:40:00,7813.473385279623,1,43
2015-11-17,7799.8,7799.8,7797.0,7797.0,12:45:00,7812.1711581101345,1,44
2015-11-17,7805.05,7805.3,7799.55,7799.55,12:50:00,7811.492952575835,1,45
2015-11-17,7804.55,7805.6,7799.4,7805.6,12:55:00,7810.831718997185,1,46
2015-11-17,7802.65,7804.8,7801.15,7804.8,13:00:00,7810.05250766412,1,47
2015-11-17,7809.15,7809.15,7803.25,7803.25,13:05:00,7809.966554553252,1,48
2015-11-17,7814.1,7814.1,7808.4,7808.4,13:10:00,7810.36021602437,1,49
2015-11-17,7815.65,7816.0,7813.05,7816.0,13:15:00,7810.86400497443,1,50
2015-11-17,7821.7,7821.7,7816.4,7816.4,13:20:00,7811.896004500675,1,51
2015-11-17,7818.25,7820.5,7818.05,7820.5,13:25:00,7812.501146929182,1,52
2015-11-17,7815.2,7820.05,7815.2,7820.05,13:30:00,7812.758180554974,1,53
2015-11-17,7828.8,7828.8,7815.4,7815.4,13:35:00,7814.285972883073,1,54
2015-11-17,7831.0,7831.15,7829.45,7829.45,13:40:00,7815.877784989447,1,55
2015-11-17,7828.15,7829.25,7826.35,7829.25,13:45:00,7817.046567371404,1,56
2015-11-17,7829.0,7829.5,7827.75,7828.1,13:50:00,7818.184989526509,1,57
2015-11-17,7832.35,7832.35,7830.2,7830.8,13:55:00,7819.534038143031,1,58
2015-11-17,7840.4,7840.4,7831.5,7831.5,14:00:00,7821.5212726056,1,59
2015-11-17,7846.7,7847.2,7840.55,7840.55,14:05:00,7823.919246643161,1,60
2015-11-17,7857.2,7857.2,7845.5,7845.5,14:10:00,7827.088842200956,1,61
2015-11-17,7846.75,7856.45,7846.75,7856.45,14:15:00,7828.961333419912,1,62
2015-11-17,7847.75,7847.75,7842.1,7843.25,14:20:00,7830.750730237063,1,63
2015-11-17,7842.35,7850.5,7842.35,7849.2,14:25:00,7831.855422595438,1,64
2015-11-17,7846.05,7846.05,7839.9,7839.9,14:30:00,7833.207287110158,1,65
2015-11-17,7852.55,7852.55,7845.2,7845.2,14:35:00,7835.0494502425245,1,66
2015-11-17,7845.9,7849.75,7844.3,7849.75,14:40:00,7836.082835933713,1,67
2015-11-17,7844.55,7845.05,7842.55,7844.6,14:45:00,7836.889232511455,1,68
2015-11-17,7831.95,7839.7,7831.05,7839.7,14:50:00,7836.418829415125,1,69
2015-11-17,7832.25,7833.7,7831.65,7833.25,14:55:00,7836.021798042257,1,70
2015-11-17,7838.7,7838.7,7831.0,7831.0,15:00:00,7836.276864895375,1,71
2015-11-17,7843.1,7843.1,7835.7,7837.75,15:05:00,7836.926687286292,1,72
2015-11-17,7838.9,7842.95,7838.9,7840.75,15:10:00,7837.114621830455,1,73
2015-11-17,7836.15,7841.3,7834.35,7841.3,15:15:00,7837.022753084698,1,74
2015-11-17,7839.15,7839.15,7835.55,7837.15,15:20:00,7837.225348029012,1,75
2015-11-17,7832.4,7837.95,7831.95,7837.95,15:25:00,7836.765791073868,1,76
2015-11-18,7823.15,7823.15,7823.15,7823.15,09:10:00,7835.469049066833,2,1
2015-11-18,7826.65,7826.65,7817.0,7817.0,09:15:00,7834.629139631896,2,2
2015-11-18,7820.35,7829.6,7820.35,7829.6,09:20:00,7833.269221571715,2,3
2015-11-18,7825.9,7825.9,7816.9,7816.9,09:25:00,7832.567390945837,2,4
2015-11-18,7833.35,7834.35,7831.4,7831.4,09:30:00,7832.641925141472,2,5
2015-11-18,7833.95,7833.95,7832.1,7833.2,09:35:00,7832.766503699427,2,6
2015-11-18,7838.75,7842.45,7836.9,7836.9,09:40:00,7833.336360489958,2,7
2015-11-18,7834.15,7838.9,7834.15,7838.1,09:45:00,7833.413849967105,2,8
2015-11-18,7831.35,7836.1,7831.35,7836.1,09:50:00,7833.217292827381,2,9
2015-11-18,7829.8,7831.2,7829.0,7831.2,09:55:00,7832.89183636763,2,10
2015-11-18,7817.35,7827.35,7817.35,7827.35,10:00:00,7831.411661475475,2,11
2015-11-18,7819.7,7819.7,7815.25,7817.5,10:05:00,7830.296265144478,2,12
2015-11-18,7823.4,7824.7,7822.85,7822.85,10:10:00,7829.63947798786,2,13
2015-11-18,7816.5,7824.65,7816.5,7824.65,10:15:00,7828.388099131874,2,14
2015-11-18,7820.7,7823.15,7818.95,7818.95,10:20:00,7827.655899214552,2,15
2015-11-18,7824.45,7825.9,7819.9,7819.9,10:25:00,7827.350575479832,2,16
2015-11-18,7824.35,7824.35,7822.3,7822.75,10:30:00,7827.064806386516,2,17
2015-11-18,7825.7,7826.95,7825.15,7825.5,10:35:00,7826.934824825895,2,18
2015-11-18,7827.4,7829.7,7826.2,7826.2,10:40:00,7826.979127223428,2,19
2015-11-18,7822.7,7826.45,7822.7,7826.45,10:45:00,7826.571591297386,2,20
2015-11-18,7824.7,7824.7,7820.9,7820.9,10:50:00,7826.393344507159,2,21
2015-11-18,7824.5,7826.3,7824.5,7825.65,10:55:00,7826.213025982667,2,22
2015-11-18,7819.45,7822.9,7819.45,7822.9,11:00:00,7825.568928270032,2,23
2015-11-18,7818.95,7818.95,7815.3,7815.85,11:05:00,7824.938554149077,2,24
2015-11-18,7818.5,7819.25,7817.55,7819.25,11:10:00,7824.325358515832,2,25
2015-11-18,7819.1,7819.1,7817.45,7818.25,11:15:00,7823.827705323848,2,26
2015-11-18,7818.55,7819.75,7818.1,7819.75,11:20:00,7823.325066721577,2,27
2015-11-18,7821.3,7821.3,7818.5,7818.5,11:25:00,7823.132203224284,2,28
2015-11-18,7828.1,7828.1,7823.7,7824.3,11:30:00,7823.6053267267325,2,29
2015-11-18,7826.8,7829.4,7826.8,7828.6,11:35:00,7823.9095813241875,2,30
2015-11-18,7826.0,7826.0,7824.3,7825.7,11:40:00,7824.108668817122,2,31
2015-11-18,7830.2,7830.2,7827.5,7827.5,11:45:00,7824.688795596444,2,32
2015-11-18,7831.05,7831.5,7830.25,7831.5,11:50:00,7825.294624587259,2,33
2015-11-18,7828.65,7829.6,7828.65,7829.45,11:55:00,7825.614184150377,2,34
2015-11-18,7827.9,7830.15,7827.9,7830.15,12:00:00,7825.83188089796,2,35
2015-11-18,7828.85,7829.95,7827.7,7827.7,12:05:00,7826.11932081244,2,36
2015-11-18,7832.0,7832.0,7829.25,7829.25,12:10:00,7826.679385496969,2,37
2015-11-18,7831.0,7833.35,7831.0,7831.2,12:15:00,7827.090872592496,2,38
2015-11-18,7812.15,7829.45,7812.15,7829.45,12:20:00,7825.667932345592,2,39
2015-11-18,7809.85,7815.0,7809.85,7813.7,12:25:00,7824.161462598393,2,40
2015-11-18,7813.85,7813.85,7809.95,7809.95,12:30:00,7823.179418541404,2,41
2015-11-18,7807.9,7815.3,7807.9,7815.3,12:35:00,7821.724235823175,2,42
2015-11-18,7811.9,7811.9,7805.7,7808.0,12:40:00,7820.788594316206,2,43
2015-11-18,7810.5,7812.1,7810.5,7812.1,12:45:00,7819.808728190854,2,44
2015-11-18,7811.5,7812.2,7808.3,7808.3,12:50:00,7819.017420744106,2,45
2015-11-18,7815.15,7815.15,7810.85,7810.85,12:55:00,7818.649094958953,2,46
2015-11-18,7813.05,7815.6,7811.35,7815.6,13:00:00,7818.115847820006,2,47
2015-11-18,7814.05,7814.45,7813.3,7813.3,13:05:00,7817.728624218101,2,48
2015-11-18,7810.2,7814.1,7810.2,7814.1,13:10:00,7817.011612387805,2,49
2015-11-18,7782.4,7808.5,7782.4,7808.5,13:15:00,7813.715268350871,2,50
2015-11-18,7772.15,7776.15,7772.15,7774.8,13:20:00,7809.756671365074,2,51
2015-11-18,7769.55,7770.0,7758.35,7767.2,13:25:00,7805.9274645684,2,52
2015-11-18,7748.2,7765.5,7746.6,7765.5,13:30:00,7800.429610799981,2,53
2015-11-18,7759.05,7760.3,7750.55,7750.55,13:35:00,7796.488695485697,2,54
2015-11-18,7758.05,7760.5,7755.35,7759.9,13:40:00,7792.827867344202,2,55
2015-11-18,7759.9,7759.9,7755.8,7758.5,13:45:00,7789.691879978087,2,56
2015-11-18,7761.8,7769.3,7761.8,7764.6,13:50:00,7787.035510456364,2,57
2015-11-18,7763.7,7763.7,7760.7,7761.8,13:55:00,7784.813080889091,2,58
2015-11-18,7760.35,7764.25,7760.35,7764.25,14:00:00,7782.483263661558,2,59
2015-11-18,7762.15,7762.15,7756.2,7756.65,14:05:00,7780.546762360457,2,60
2015-11-18,7758.95,7763.1,7755.75,7761.45,14:10:00,7778.489927849937,2,61
2015-11-18,7739.5,7756.55,7734.65,7756.55,14:15:00,7774.776601388039,2,62
2015-11-18,7731.9,7740.15,7731.9,7739.35,14:20:00,7770.69311554156,2,63
2015-11-18,7728.1,7735.2,7726.25,7734.15,14:25:00,7766.636628347125,2,64
2015-11-18,7739.3,7739.3,7731.5,7731.5,14:30:00,7764.0331399331135,2,65
2015-11-18,7745.65,7747.9,7743.25,7743.25,14:35:00,7762.282364701388,2,66
2015-11-18,7745.55,7748.5,7744.45,7744.45,14:40:00,7760.688806158399,2,67
2015-11-18,7740.45,7745.9,7739.5,7745.9,14:45:00,7758.761300809981,2,68
2015-11-18,7742.1,7744.45,7739.8,7739.8,14:50:00,7757.174510256649,2,69
2015-11-18,7734.35,7737.6,7731.3,7737.6,14:55:00,7755.000747375064,2,70
2015-11-18,7730.8,7736.95,7730.8,7733.4,15:00:00,7752.695914291724,2,71
2015-11-18,7728.85,7729.25,7727.3,7727.3,15:05:00,7750.424874835369,2,72
2015-11-18,7732.8,7738.95,7732.8,7733.7,15:10:00,7748.746315327238,2,73
2015-11-18,7731.75,7732.35,7728.5,7732.35,15:15:00,7747.127618629406,2,74
2015-11-18,7731.95,7733.8,7731.95,7732.65,15:20:00,7745.682131140891,2,75
2015-11-18,7727.8,7731.25,7727.1,7731.25,15:25:00,7743.979071032235,2,76
2015-11-19,7788.5,7788.5,7788.5,7788.5,09:10:00,7748.2191595053555,3,1
2015-11-19,7779.0,7788.8,7779.0,7788.8,09:15:00,7751.150668123893,3,2
2015-11-19,7777.9,7777.9,7772.3,7775.75,09:20:00,7753.698223540666,3,3
2015-11-19,7785.0,7785.0,7775.05,7777.0,09:25:00,7756.679345108221,3,4
2015-11-19,7768.35,7781.2,7768.35,7781.2,09:30:00,7757.790836050295,3,5
2015-11-19,7767.35,7771.9,7767.35,7771.9,09:35:00,7758.701232616934,3,6
2015-11-19,7770.9,7770.9,7766.0,7766.0,09:40:00,7759.863019986749,3,7
2015-11-19,7777.75,7778.65,7774.55,7774.55,09:45:00,7761.566541892774,3,8
2015-11-19,7780.9,7784.4,7776.8,7776.8,09:50:00,7763.407823617272,3,9
2015-11-19,7778.3,7782.0,7777.95,7782.0,09:55:00,7764.826126129913,3,10
2015-11-19,7775.8,7779.8,7775.8,7776.25,10:00:00,7765.871256974683,3,11
2015-11-19,7777.85,7779.65,7776.4,7776.4,10:05:00,7767.012089643761,3,12
2015-11-19,7784.7,7784.7,7776.55,7776.55,10:10:00,7768.696652534831,3,13
2015-11-19,7783.4,7783.4,7777.95,7782.25,10:15:00,7770.096971341037,3,14
2015-11-19,7790.1,7792.25,7788.75,7788.75,10:20:00,7772.00202168951,3,15
2015-11-19,7797.0,7797.0,7787.35,7788.25,10:25:00,7774.382781528604,3,16
2015-11-19,7795.4,7796.65,7793.95,7796.65,10:30:00,7776.384421383023,3,17
2015-11-19,7803.15,7803.15,7795.7,7796.5,10:35:00,7778.933524108449,3,18
2015-11-19,7801.65,7807.4,7801.65,7807.4,10:40:00,7781.096998002882,3,19
2015-11-19,7803.3,7803.4,7801.6,7801.6,10:45:00,7783.211569621655,3,20
2015-11-19,7811.6,7812.1,7803.75,7803.75,10:50:00,7785.915229657688,3,21
2015-11-19,7813.45,7817.45,7811.3,7811.3,10:55:00,7788.537588737908,3,22
2015-11-19,7809.6,7813.7,7809.6,7811.75,11:00:00,7790.543532667631,3,23
2015-11-19,7808.15,7809.4,7807.1,7807.1,11:05:00,7792.220339080237,3,24
2015-11-19,7807.7,7809.8,7807.45,7808.15,11:10:00,7793.694592501166,3,25
2015-11-19,7807.45,7809.5,7806.85,7809.15,11:15:00,7795.004631310579,3,26
2015-11-19,7805.65,7806.7,7803.95,7806.7,11:20:00,7796.018475947666,3,27
2015-11-19,7812.3,7812.3,7808.95,7808.95,11:25:00,7797.569097285983,3,28
2015-11-19,7814.5,7814.7,7813.5,7813.75,11:30:00,7799.181564211128,3,29
2015-11-19,7808.05,7813.75,7808.05,7813.75,11:35:00,7800.026177143402,3,30
2015-11-19,7806.75,7808.55,7805.9,7807.65,11:40:00,7800.666541224982,3,31
2015-11-19,7807.05,7808.05,7807.05,7807.8,11:45:00,7801.274489679746,3,32
2015-11-19,7809.25,7809.5,7807.6,7807.6,11:50:00,7802.034062091198,3,33
2015-11-19,7819.2,7819.2,7811.55,7812.95,11:55:00,7803.668913320608,3,34
2015-11-19,7817.45,7821.0,7817.45,7819.0,12:00:00,7804.981397766264,3,35
2015-11-19,7814.65,7816.1,7814.65,7816.1,12:05:00,7805.90221702662,3,36
2015-11-19,7816.05,7817.3,7814.6,7814.6,12:10:00,7806.868672547894,3,37
2015-11-19,7816.05,7816.7,7815.2,7815.9,12:15:00,7807.74308468619,3,38
2015-11-19,7816.15,7816.15,7815.1,7816.15,12:20:00,7808.543743287505,3,39
2015-11-19,7821.1,7822.8,7817.3,7817.3,12:25:00,7809.739577260124,3,40
2015-11-19,7818.65,7821.0,7817.95,7821.0,12:30:00,7810.588188949636,3,41
2015-11-19,7816.35,7818.95,7816.35,7818.95,12:35:00,7811.136932859194,3,42
2015-11-19,7821.6,7821.65,7817.35,7817.35,12:40:00,7812.133415444034,3,43
2015-11-19,7819.15,7822.1,7819.15,7822.1,12:45:00,7812.801661592221,3,44
2015-11-19,7818.5,7820.1,7818.5,7820.1,12:50:00,7813.3443604882,3,45
2015-11-19,7821.5,7823.05,7820.1,7820.1,12:55:00,7814.121088060752,3,46
2015-11-19,7822.8,7822.8,7821.65,7822.7,13:00:00,7814.947651102585,3,47
2015-11-19,7833.9,7833.9,7829.75,7829.75,13:05:00,7816.752636711863,3,48
2015-11-19,7829.1,7835.05,7829.1,7834.45,13:10:00,7817.928576072638,3,49
2015-11-19,7834.4,7835.3,7829.15,7829.15,13:15:00,7819.497283113339,3,50
2015-11-19,7839.2,7839.2,7833.4,7833.4,13:20:00,7821.373732340639,3,51
2015-11-19,7838.95,7841.0,7836.95,7839.3,13:25:00,7823.047662593912,3,52
2015-11-19,7835.95,7841.15,7835.5,7841.15,13:30:00,7824.276456632587,3,53
2015-11-19,7829.75,7834.45,7829.75,7834.4,13:35:00,7824.797746477102,3,54
2015-11-19,7833.8,7833.8,7826.7,7829.5,13:40:00,7825.655103955473,3,55
2015-11-19,7836.8,7837.2,7833.7,7833.7,13:45:00,7826.7165226263805,3,56
2015-11-19,7836.35,7837.35,7833.4,7837.35,13:50:00,7827.6339966619635,3,57
2015-11-19,7828.0,7834.85,7828.0,7834.85,13:55:00,7827.668854122729,3,58
2015-11-19,7827.95,7828.9,7826.85,7826.85,14:00:00,7827.695629920564,3,59
2015-11-19,7834.3,7834.3,7829.65,7830.6,14:05:00,7828.324617547177,3,60
2015-11-19,7822.8,7840.7,7822.8,7840.7,14:10:00,7827.798463495064,3,61
2015-11-19,7822.0,7822.0,7817.15,7821.6,14:15:00,7827.246228876486,3,62
2015-11-19,7822.35,7825.9,7822.1,7822.1,14:20:00,7826.77992136444,3,63
2015-11-19,7823.35,7825.6,7822.65,7822.9,14:25:00,7826.453262186874,3,64
2015-11-19,7818.7,7820.25,7818.7,7820.1,14:30:00,7825.714856264314,3,65
2015-11-19,7814.05,7817.6,7813.0,7813.0,14:35:00,7824.603917572474,3,66
2015-11-19,7823.4,7824.25,7814.7,7814.7,14:40:00,7824.489258756048,3,67
2015-11-19,7830.7,7830.7,7823.9,7823.9,14:45:00,7825.080757922138,3,68
2015-11-19,7825.5,7828.9,7825.5,7828.9,14:50:00,7825.120685739077,3,69
2015-11-19,7829.2,7829.2,7827.45,7827.45,14:55:00,7825.509191859165,3,70
2015-11-19,7825.85,7829.25,7825.85,7829.25,15:00:00,7825.541649777339,3,71
2015-11-19,7830.8,7832.5,7825.5,7825.5,15:05:00,7826.042445036641,3,72
2015-11-19,7843.6,7843.6,7831.85,7831.85,15:10:00,7827.714593128389,3,73
2015-11-19,7851.05,7853.85,7842.35,7842.35,15:15:00,7829.937012830447,3,74
2015-11-19,7847.05,7850.05,7846.85,7846.85,15:20:00,7831.566821132309,3,75
2015-11-19,7844.2,7846.3,7840.6,7846.3,15:25:00,7832.76998102447,3,76
2015-11-20,7841.9,7841.9,7841.9,7841.9,09:10:00,7833.639506641188,4,1
2015-11-20,7832.05,7841.9,7829.95,7841.9,09:15:00,7833.488125056312,4,2
2015-11-20,7845.5,7845.5,7832.5,7832.5,09:20:00,7834.632113146187,4,3
2015-11-20,7830.15,7840.5,7830.15,7840.5,09:25:00,7834.205245227503,4,4
2015-11-20,7827.5,7830.15,7827.5,7830.15,09:30:00,7833.566650443931,4,5
2015-11-20,7836.6,7836.6,7828.95,7828.95,09:35:00,7833.855540877843,4,6
2015-11-20,7841.15,7841.6,7838.7,7838.7,09:40:00,7834.550251270429,4,7
2015-11-20,7835.95,7843.5,7835.95,7842.05,09:45:00,7834.683560673245,4,8
2015-11-20,7822.75,7834.15,7822.75,7834.15,09:50:00,7833.547031085316,4,9
2015-11-20,7823.1,7823.1,7820.1,7823.1,09:55:00,7832.552075743857,4,10
2015-11-20,7832.35,7832.35,7825.35,7825.35,10:00:00,7832.532830434919,4,11
2015-11-20,7819.95,7830.55,7819.95,7830.55,10:05:00,7831.334465631593,4,12
2015-11-20,7820.05,7823.3,7820.05,7820.6,10:10:00,7830.25975461906,4,13
2015-11-20,7821.35,7821.6,7820.5,7820.9,10:15:00,7829.411206560102,4,14
2015-11-20,7828.1,7828.1,7824.25,7824.25,10:20:00,7829.286329744855,4,15
2015-11-20,7828.45,7828.45,7826.95,7826.95,10:25:00,7829.206679292964,4,16
2015-11-20,7831.85,7831.85,7826.3,7827.75,10:30:00,7829.458424122205,4,17
2015-11-20,7836.4,7836.4,7832.4,7832.4,10:35:00,7830.119526586756,4,18
2015-11-20,7835.1,7836.5,7832.9,7836.5,10:40:00,7830.593857388018,4,19
2015-11-20,7859.8,7859.8,7835.9,7835.9,10:45:00,7833.375394779635,4,20
2015-11-20,7880.45,7883.3,7869.75,7872.35,10:50:00,7837.858690514908,4,21
2015-11-20,7888.15,7888.15,7874.7,7874.7,10:55:00,7842.648339037298,4,22
2015-11-20,7888.3,7891.05,7884.2,7884.2,11:00:00,7846.996116271841,4,23
2015-11-20,7887.15,7890.1,7884.4,7884.4,11:05:00,7850.820295674523,4,24
2015-11-20,7896.15,7896.15,7885.25,7885.6,11:10:00,7855.137410372187,4,25
2015-11-20,7898.5,7899.35,7895.65,7898.05,11:15:00,7859.267180812932,4,26
2015-11-20,7898.15,7905.0,7898.15,7905.0,11:20:00,7862.970306449795,4,27
2015-11-20,7896.05,7896.1,7893.6,7894.5,11:25:00,7866.120753454576,4,28
2015-11-20,7899.25,7899.25,7896.6,7897.75,11:30:00,7869.275919792236,4,29
2015-11-20,7897.35,7899.1,7894.75,7899.1,11:35:00,7871.949641716785,4,30
2015-11-20,7903.2,7903.2,7895.7,7896.35,11:40:00,7874.925866315186,4,31
2015-11-20,7896.0,7902.2,7896.0,7902.2,11:45:00,7876.932926666121,4,32
2015-11-20,7899.0,7899.0,7896.1,7897.05,11:50:00,7879.034552697918,4,33
2015-11-20,7900.9,7900.9,7895.1,7899.55,11:55:00,7881.116976250497,4,34
2015-11-20,7903.55,7906.05,7903.55,7904.4,12:00:00,7883.25345470283,4,35
2015-11-20,7901.25,7903.4,7901.25,7902.55,12:05:00,7884.967411397799,4,36
2015-11-20,7900.05,7900.9,7899.35,7900.9,12:10:00,7886.403848407533,4,37
2015-11-20,7898.55,7899.65,7897.05,7899.65,12:15:00,7887.560624749673,4,38
2015-11-20,7890.8,7898.55,7890.8,7898.55,12:20:00,7887.869136678275,4,39
2015-11-20,7886.8,7890.6,7886.8,7889.65,12:25:00,7887.767314137487,4,40
2015-11-20,7885.8,7889.15,7885.1,7889.15,12:30:00,7887.579950886297,4,41
2015-11-20,7885.3,7886.55,7885.2,7885.2,12:35:00,7887.36281270665,4,42
2015-11-20,7883.35,7883.75,7880.85,7883.75,12:40:00,7886.980640067922,4,43
2015-11-20,7894.05,7894.05,7883.85,7883.85,12:45:00,7887.653912442405,4,44
2015-11-20,7896.95,7897.1,7893.35,7893.35,12:50:00,7888.539254114557,4,45
2015-11-20,7895.55,7895.95,7894.95,7895.95,12:55:00,7889.206944198884,4,46
2015-11-20,7895.3,7896.2,7895.0,7895.1,13:00:00,7889.787235227562,4,47
2015-11-20,7901.45,7901.45,7895.25,7895.25,13:05:00,7890.897974729698,4,48
2015-11-20,7898.3,7905.5,7897.2,7903.35,13:10:00,7891.602929517347,4,49
2015-11-20,7900.5,7900.5,7896.95,7896.95,13:15:00,7892.450269563314,4,50
2015-11-20,7899.8,7900.2,7898.45,7900.05,13:20:00,7893.150243890617,4,51
2015-11-20,7899.2,7900.45,7898.4,7899.3,13:25:00,7893.72641113913,4,52
2015-11-20,7897.4,7899.1,7895.05,7899.1,13:30:00,7894.076276744928,4,53
2015-11-20,7895.8,7897.75,7895.8,7897.1,13:35:00,7894.240440864459,4,54
2015-11-20,7887.35,7891.3,7887.35,7889.4,13:40:00,7893.584208401177,4,55
2015-11-20,7895.55,7895.55,7888.35,7889.85,13:45:00,7893.771426648684,4,56
2015-11-20,7893.35,7896.55,7893.35,7896.4,13:50:00,7893.73129077738,4,57
2015-11-20,7897.35,7897.85,7895.85,7897.75,13:55:00,7894.075929750963,4,58
2015-11-20,7903.3,7903.3,7897.4,7897.4,14:00:00,7894.954412631823,4,59
2015-11-20,7901.25,7903.15,7901.25,7902.0,14:05:00,7895.553992381174,4,60
2015-11-20,7894.4,7900.15,7893.45,7900.15,14:10:00,7895.444088344871,4,61
2015-11-20,7898.55,7898.75,7890.9,7895.15,14:15:00,7895.739889454884,4,62
2015-11-20,7899.5,7899.5,7896.2,7899.15,14:20:00,7896.097995221085,4,63
2015-11-20,7904.4,7904.4,7897.7,7899.15,14:25:00,7896.888662342887,4,64
2015-11-20,7901.05,7902.65,7901.05,7902.65,14:30:00,7897.284980214993,4,65
2015-11-20,7889.2,7904.8,7889.2,7903.85,14:35:00,7896.51498209928,4,66
2015-11-20,7875.15,7883.0,7869.6,7883.0,14:40:00,7894.480221899348,4,67
2015-11-20,7863.6,7873.45,7862.15,7873.45,14:45:00,7891.539248385125,4,68
2015-11-20,7881.0,7881.0,7871.55,7871.55,14:50:00,7890.535510443684,4,69
2015-11-20,7866.25,7879.2,7863.75,7876.6,14:55:00,7888.222604687143,4,70
2015-11-20,7872.2,7872.2,7865.45,7865.45,15:00:00,7886.696642335986,4,71
2015-11-20,7866.35,7868.4,7863.35,7865.8,15:05:00,7884.758866875416,4,72
2015-11-20,7851.0,7865.85,7851.0,7863.65,15:10:00,7881.543736696804,4,73
2015-11-20,7850.4,7855.75,7848.5,7853.6,15:15:00,7878.577666535203,4,74
2015-11-20,7845.05,7850.1,7845.05,7850.1,15:20:00,7875.384555436613,4,75
2015-11-20,7853.7,7853.7,7847.25,7847.25,15:25:00,7873.319359680745,4,76
2015-11-23,7869.5,7869.5,7869.5,7869.5,09:10:00,7872.955611139722,0,1
2015-11-23,7862.6,7871.15,7856.55,7871.15,09:15:00,7871.969362459748,0,2
2015-11-23,7865.4,7865.4,7853.8,7859.55,09:20:00,7871.343708892153,0,3
2015-11-23,7873.85,7875.95,7868.4,7868.4,09:25:00,7871.582403283376,0,4
2015-11-23,7864.15,7873.3,7864.15,7870.7,09:30:00,7870.8745553516255,0,5
2015-11-23,7865.65,7865.85,7862.3,7862.3,09:35:00,7870.376978651471,0,6
2015-11-23,7862.4,7867.55,7862.4,7867.55,09:40:00,7869.61726639895,0,7
2015-11-23,7864.55,7866.75,7863.9,7866.75,09:45:00,7869.13466959905,0,8
2015-11-23,7854.75,7860.8,7852.85,7860.8,09:50:00,7867.764701065807,0,9
2015-11-23,7862.6,7862.6,7859.4,7859.4,09:55:00,7867.272824773825,0,10
2015-11-23,7856.15,7860.2,7853.15,7860.2,10:00:00,7866.213508128699,0,11
2015-11-23,7857.65,7860.25,7854.95,7854.95,10:05:00,7865.397935925965,0,12
2015-11-23,7859.8,7860.6,7855.8,7855.8,10:10:00,7864.864799171111,0,13
2015-11-23,7859.4,7862.25,7859.4,7862.25,10:15:00,7864.344342107196,0,14
2015-11-23,7855.15,7858.8,7855.15,7858.75,10:20:00,7863.468690477939,0,15
2015-11-23,7854.8,7855.85,7853.4,7853.4,10:25:00,7862.643100908612,0,16
2015-11-23,7858.9,7860.4,7856.45,7856.45,10:30:00,7862.286615107791,0,17
2015-11-23,7852.2,7857.7,7852.2,7857.7,10:35:00,7861.325985097525,0,18
2015-11-23,7851.05,7851.95,7849.8,7850.4,10:40:00,7860.347319850141,0,19
2015-11-23,7853.1,7853.5,7852.55,7852.55,10:45:00,7859.657098912033,0,20
2015-11-23,7856.75,7856.75,7852.45,7852.5,10:50:00,7859.380232348982,0,21
2015-11-23,7858.15,7859.95,7857.9,7859.95,10:55:00,7859.263067363364,0,22
2015-11-23,7863.3,7863.3,7860.4,7861.15,11:00:00,7859.647537138281,0,23
2015-11-23,7863.0,7863.3,7861.35,7863.3,11:05:00,7859.966819315588,0,24
2015-11-23,7860.6,7860.6,7859.8,7859.8,11:10:00,7860.027122237913,0,25
2015-11-23,7865.7,7865.7,7860.4,7860.4,11:15:00,7860.567396310493,0,26
2015-11-23,7865.3,7867.65,7864.35,7867.4,11:20:00,7861.018120471398,0,27
2015-11-23,7869.75,7869.75,7864.3,7864.75,11:25:00,7861.84972804555,0,28
2015-11-23,7868.1,7871.0,7867.85,7871.0,11:30:00,7862.444992041212,0,29
2015-11-23,7867.75,7870.3,7867.75,7868.05,11:35:00,7862.950230894429,0,30
2015-11-23,7870.0,7870.0,7867.45,7867.45,11:40:00,7863.621637475911,0,31
2015-11-23,7870.25,7870.25,7868.8,7869.25,11:45:00,7864.252910097253,0,32
2015-11-23,7874.45,7874.45,7870.3,7870.3,11:50:00,7865.224061516563,0,33
2015-11-23,7866.1,7873.6,7866.1,7873.6,11:55:00,7865.307484229271,0,34
2015-11-23,7866.15,7867.05,7864.55,7867.05,12:00:00,7865.387723826483,0,35
2015-11-23,7864.65,7868.35,7864.65,7866.5,12:05:00,7865.317464414437,0,36
2015-11-23,7862.25,7864.0,7860.2,7863.3,12:10:00,7865.025324946395,0,37
2015-11-23,7856.6,7863.55,7856.6,7863.55,12:15:00,7864.222913046738,0,38
2015-11-23,7866.9,7866.9,7856.75,7856.75,12:20:00,7864.477873708955,0,39
2015-11-23,7865.15,7865.9,7864.85,7865.5,12:25:00,7864.541885736673,0,40
2015-11-23,7863.5,7866.4,7863.5,7865.65,12:30:00,7864.442658523656,0,41
2015-11-23,7858.35,7864.65,7858.35,7864.65,12:35:00,7863.862405330928,0,42
2015-11-23,7862.5,7862.5,7858.0,7858.15,12:40:00,7863.732652442268,0,43
2015-11-23,7858.25,7861.2,7858.25,7861.2,12:45:00,7863.210495066814,0,44
2015-11-23,7858.8,7859.4,7858.55,7858.55,12:50:00,7862.790447917593,0,45
2015-11-23,7855.75,7856.1,7854.0,7854.8,12:55:00,7862.119929068299,0,46
2015-11-23,7850.1,7854.1,7847.5,7854.1,13:00:00,7860.975173918937,0,47
2015-11-23,7852.75,7852.75,7849.8,7850.3,13:05:00,7860.191824021896,0,48
2015-11-23,7847.8,7853.65,7847.8,7853.65,13:10:00,7859.011650305525,0,49
2015-11-23,7850.05,7850.05,7844.8,7848.8,13:15:00,7858.158159800237,0,50
2015-11-23,7849.6,7852.9,7849.6,7852.1,13:20:00,7857.343096962119,0,51
2015-11-23,7852.1,7852.1,7849.0,7849.0,13:25:00,7856.843754394297,0,52
2015-11-23,7850.5,7853.75,7849.6,7853.75,13:30:00,7856.239587309126,0,53
2015-11-23,7849.25,7852.45,7849.0,7850.35,13:35:00,7855.573912327305,0,54
2015-11-23,7830.1,7849.5,7830.1,7849.45,13:40:00,7853.14782543899,0,55
2015-11-23,7834.5,7836.8,7832.05,7832.05,13:45:00,7851.371842063848,0,56
2015-11-23,7832.55,7834.9,7831.85,7834.9,13:50:00,7849.579285676815,0,57
2015-11-23,7838.25,7838.5,7828.85,7831.0,13:55:00,7848.500306088546,0,58
2015-11-23,7831.25,7836.85,7831.25,7836.1,14:00:00,7846.857419794399,0,59
2015-11-23,7828.8,7829.3,7825.7,7829.3,14:05:00,7845.137665528267,0,60
2015-11-23,7831.0,7833.95,7831.0,7833.1,14:10:00,7843.791221192241,0,61
2015-11-23,7835.75,7835.75,7830.1,7830.1,14:15:00,7843.025390602504,0,62
2015-11-23,7836.9,7836.9,7834.3,7836.35,14:20:00,7842.442020068932,0,63
2015-11-23,7838.15,7843.05,7838.05,7838.35,14:25:00,7842.033256252844,0,64
2015-11-23,7834.75,7842.5,7834.4,7841.4,14:30:00,7841.339612800192,0,65
2015-11-23,7837.8,7840.8,7831.8,7831.8,14:35:00,7841.002506819222,0,66
2015-11-23,7847.85,7850.8,7840.65,7840.65,14:40:00,7841.654649026916,0,67
2015-11-23,7859.45,7861.4,7855.8,7855.8,14:45:00,7843.349444357686,0,68
2015-11-23,7859.55,7861.6,7859.55,7861.6,14:50:00,7844.892354418858,0,69
2015-11-23,7854.95,7859.9,7853.65,7859.9,14:55:00,7845.850225426586,0,70
2015-11-23,7853.85,7855.25,7853.85,7855.2,15:00:00,7846.612108719292,0,71
2015-11-23,7851.65,7854.45,7851.65,7854.45,15:05:00,7847.091907888883,0,72
2015-11-23,7845.35,7848.2,7844.3,7848.2,15:10:00,7846.926011899465,0,73
2015-11-23,7847.8,7848.25,7844.3,7845.45,15:15:00,7847.009248861421,0,74
2015-11-23,7848.95,7850.95,7848.9,7848.9,15:20:00,7847.19408230319,0,75
2015-11-23,7849.1,7849.1,7846.85,7848.8,15:25:00,7847.375598274315,0,76
2015-11-24,7837.0,7837.0,7837.0,7837.0,09:10:00,7846.3874460577135,1,1
2015-11-24,7835.75,7837.0,7820.65,7837.0,09:15:00,7845.374355956978,1,2
2015-11-24,7838.9,7838.9,7830.9,7832.75,09:20:00,7844.757750627742,1,3
2015-11-24,7843.35,7843.35,7837.55,7837.55,09:25:00,7844.623679139386,1,4
2015-11-24,7842.4,7847.0,7842.4,7842.95,09:30:00,7844.41190017373,1,5
2015-11-24,7848.9,7848.9,7843.05,7843.05,09:35:00,7844.839338252422,1,6
2015-11-24,7846.0,7846.55,7844.1,7846.55,09:40:00,7844.949877466477,1,7
2015-11-24,7848.65,7850.1,7847.85,7847.9,09:45:00,7845.302270088718,1,8
2015-11-24,7849.95,7849.95,7848.35,7849.35,09:50:00,7845.74491103265,1,9
2015-11-24,7854.6,7854.6,7850.45,7850.85,09:55:00,7846.588252839064,1,10
2015-11-24,7862.1,7865.15,7853.65,7853.65,10:00:00,7848.065562092486,1,11
2015-11-24,7854.6,7860.0,7854.6,7860.0,10:05:00,7848.68788951225,1,12
2015-11-24,7858.95,7859.55,7853.95,7853.95,10:10:00,7849.665233368227,1,13
2015-11-24,7863.1,7865.9,7861.75,7861.75,10:15:00,7850.944734952205,1,14
2015-11-24,7861.7,7864.45,7861.2,7864.45,10:20:00,7851.969045909138,1,15
2015-11-24,7859.95,7861.15,7859.95,7861.15,10:25:00,7852.729136774934,1,16
2015-11-24,7851.65,7857.45,7851.65,7857.45,10:30:00,7852.626361843988,1,17
2015-11-24,7850.15,7851.7,7848.6,7849.35,10:35:00,7852.390517858847,1,18
2015-11-24,7851.45,7851.75,7849.95,7851.05,10:40:00,7852.300944729433,1,19
2015-11-24,7850.25,7851.25,7848.6,7851.25,10:45:00,7852.105616659963,1,20
2015-11-24,7850.65,7851.1,7849.9,7851.1,10:50:00,7851.966986501871,1,21
2015-11-24,7844.45,7850.85,7844.45,7850.85,10:55:00,7851.251083025502,1,22
2015-11-24,7848.8,7848.8,7845.15,7845.4,11:00:00,7851.017646546883,1,23
2015-11-24,7856.7,7856.7,7849.55,7849.55,11:05:00,7851.558823066228,1,24
2015-11-24,7854.55,7855.65,7854.5,7854.55,11:10:00,7851.84369705992,1,25
2015-11-24,7853.9,7854.85,7852.65,7854.85,11:15:00,7852.039535435167,1,26
2015-11-24,7848.1,7852.7,7847.8,7852.7,11:20:00,7851.664341584198,1,27
2015-11-24,7849.0,7849.4,7846.65,7849.4,11:25:00,7851.410594766655,1,28
2015-11-24,7845.8,7848.45,7844.95,7847.2,11:30:00,7850.876252407927,1,29
2015-11-24,7853.5,7853.5,7846.2,7846.2,11:35:00,7851.126133130981,1,30
2015-11-24,7853.75,7853.75,7852.0,7852.0,11:40:00,7851.376025213744,1,31
2015-11-24,7849.85,7852.9,7849.85,7852.9,11:45:00,7851.230689479103,1,32
2015-11-24,7848.7,7848.7,7846.2,7846.2,11:50:00,7850.989671433474,1,33
2015-11-24,7849.7,7850.35,7848.6,7848.9,11:55:00,7850.866845582666,1,34
2015-11-24,7847.55,7848.7,7847.55,7848.65,12:00:00,7850.550955527175,1,35
2015-11-24,7848.95,7848.95,7846.95,7847.6,12:05:00,7850.398483572206,1,36
2015-11-24,7847.75,7848.9,7847.6,7848.4,12:10:00,7850.146247041519,1,37
2015-11-24,7844.95,7846.35,7842.35,7846.35,12:15:00,7849.651366370898,1,38
2015-11-24,7849.0,7849.0,7842.8,7843.9,12:20:00,7849.589331478432,1,39
2015-11-24,7853.1,7853.1,7849.85,7850.75,12:25:00,7849.923680861439,1,40
2015-11-24,7855.7,7857.05,7854.3,7854.3,12:30:00,7850.473806493683,1,41
2015-11-24,7852.9,7856.25,7852.5,7855.45,12:35:00,7850.704872541904,1,42
2015-11-24,7850.2,7852.6,7850.15,7852.3,12:40:00,7850.656789442674,1,43
2015-11-24,7854.9,7854.9,7849.85,7849.85,12:45:00,7851.060904733848,1,44
2015-11-24,7854.8,7854.8,7854.35,7854.35,12:50:00,7851.41700904491,1,45
2015-11-24,7857.4,7859.45,7855.75,7859.45,12:55:00,7851.986817707299,1,46
2015-11-24,7858.85,7858.85,7856.35,7857.0,13:00:00,7852.640454116127,1,47
2015-11-24,7859.0,7860.65,7858.4,7858.65,13:05:00,7853.246125152687,1,48
2015-11-24,7857.4,7858.65,7857.35,7858.05,13:10:00,7853.641732281003,1,49
2015-11-24,7862.0,7862.0,7858.3,7858.35,13:15:00,7854.437757778051,1,50
2015-11-24,7862.6,7864.8,7862.25,7862.4,13:20:00,7855.2151141801405,1,51
2015-11-24,7868.7,7868.7,7864.85,7864.85,13:25:00,7856.499389020127,1,52
2015-11-24,7862.35,7869.45,7862.35,7869.45,13:30:00,7857.056590065829,1,53
2015-11-24,7848.6,7859.65,7847.9,7859.65,13:35:00,7856.25120053575,1,54
2015-11-24,7852.75,7853.0,7848.35,7849.1,13:40:00,7855.917752865679,1,55
2015-11-24,7855.9,7855.9,7851.3,7851.3,13:45:00,7855.916062116567,1,56
2015-11-24,7851.7,7852.5,7850.4,7852.5,13:50:00,7855.514532391179,1,57
2015-11-24,7857.4,7857.85,7856.1,7856.15,13:55:00,7855.694100734876,1,58
2015-11-24,7857.45,7857.8,7856.15,7856.9,14:00:00,7855.861329236316,1,59
2015-11-24,7855.9,7856.8,7851.15,7856.8,14:05:00,7855.865012166191,1,60
2015-11-24,7857.05,7857.05,7856.65,7856.65,14:10:00,7855.977868150364,1,61
2015-11-24,7857.6,7859.0,7854.0,7856.85,14:15:00,7856.132356897948,1,62
2015-11-24,7839.9,7858.85,7839.9,7858.85,14:20:00,7854.586418145762,1,63
2015-11-24,7841.05,7844.8,7837.25,7837.25,14:25:00,7853.297235465213,1,64
2015-11-24,7828.6,7843.0,7824.4,7843.0,14:30:00,7850.945117801859,1,65
2015-11-24,7832.15,7832.15,7824.95,7831.6,14:35:00,7849.155106582634,1,66
2015-11-24,7832.95,7833.4,7829.8,7833.4,14:40:00,7847.611763098574,1,67
2015-11-24,7829.9,7832.55,7826.65,7832.55,14:45:00,7845.924928517757,1,68
2015-11-24,7837.45,7837.45,7829.4,7829.65,14:50:00,7845.117792468447,1,69
2015-11-24,7840.5,7841.05,7837.55,7837.55,14:55:00,7844.678002709547,1,70
2015-11-24,7835.8,7842.15,7834.8,7842.15,15:00:00,7843.832478641972,1,71
2015-11-24,7835.4,7835.4,7831.55,7834.35,15:05:00,7843.029385437974,1,72
2015-11-24,7829.5,7835.35,7829.5,7835.35,15:10:00,7841.74087253912,1,73
2015-11-24,7831.1,7831.1,7828.5,7829.3,15:15:00,7840.7274561068225,1,74
2015-11-24,7829.15,7831.55,7828.7,7830.55,15:20:00,7839.624841239506,1,75
2015-11-24,7833.8,7833.8,7829.45,7829.45,15:25:00,7839.070094454791,1,76
2015-11-26,7837.15,7837.15,7837.15,7837.15,09:10:00,7838.887228316239,3,1
2015-11-26,7856.55,7858.9,7837.15,7837.15,09:15:00,7840.569397048026,3,2
2015-11-26,7855.7,7856.25,7849.05,7849.05,09:20:00,7842.010406852976,3,3
2015-11-26,7849.5,7852.45,7849.5,7852.45,09:25:00,7842.723701438407,3,4
2015-11-26,7853.1,7853.45,7851.05,7851.05,09:30:00,7843.711920349036,3,5
2015-11-26,7851.7,7854.35,7851.7,7852.05,09:35:00,7844.472689839603,3,6
2015-11-26,7855.75,7855.75,7850.9,7850.9,09:40:00,7845.546719378689,3,7
2015-11-26,7862.8,7862.8,7861.45,7861.75,09:45:00,7847.1898889616705,3,8
2015-11-26,7870.7,7870.7,7862.5,7865.15,09:50:00,7849.428947155797,3,9
2015-11-26,7870.85,7871.5,7868.2,7868.2,09:55:00,7851.469047426674,3,10
2015-11-26,7881.0,7881.0,7869.65,7869.65,10:00:00,7854.281519100324,3,11
2015-11-26,7877.95,7885.05,7877.95,7881.15,10:05:00,7856.535660138387,3,12
2015-11-26,7878.75,7880.95,7876.85,7876.85,10:10:00,7858.651311553779,3,13
2015-11-26,7872.05,7876.9,7872.05,7876.9,10:15:00,7859.927377120086,3,14
2015-11-26,7874.7,7875.85,7872.0,7872.0,10:20:00,7861.334293584839,3,15
2015-11-26,7870.45,7874.9,7870.45,7873.25,10:25:00,7862.202456100569,3,16
2015-11-26,7871.6,7871.75,7870.6,7871.6,10:30:00,7863.097460281468,3,17
2015-11-26,7871.45,7874.15,7871.0,7874.15,10:35:00,7863.892940254662,3,18
2015-11-26,7868.7,7870.35,7868.15,7870.35,10:40:00,7864.350755468503,3,19
2015-11-26,7870.3,7870.7,7867.65,7869.5,10:45:00,7864.917350185789,3,20
2015-11-26,7869.55,7872.05,7869.55,7870.25,10:50:00,7865.35855493,3,21
2015-11-26,7876.35,7876.35,7871.8,7871.8,10:55:00,7866.405359222381,3,22
2015-11-26,7875.3,7876.7,7875.15,7876.7,11:00:00,7867.252467867868,3,23
2015-11-26,7875.8,7875.8,7874.4,7874.95,11:05:00,7868.066518547119,3,24
2015-11-26,7874.75,7878.3,7874.75,7876.35,11:10:00,7868.703040590251,3,25
2015-11-26,7874.5,7874.65,7874.2,7874.45,11:15:00,7869.255131962607,3,26
2015-11-26,7874.2,7876.1,7874.2,7874.8,11:20:00,7869.726071775693,3,27
2015-11-26,7872.4,7874.45,7872.4,7874.45,11:25:00,7869.980731606579,3,28
2015-11-26,7872.15,7874.7,7872.15,7873.25,11:30:00,7870.187328596429,3,29
2015-11-26,7868.3,7872.45,7868.3,7872.45,11:35:00,7870.0075830158175,3,30
2015-11-26,7869.1,7869.6,7866.4,7869.6,11:40:00,7869.92114653812,3,31
2015-11-26,7871.5,7871.5,7869.55,7869.6,11:45:00,7870.07151353449,3,32
2015-11-26,7872.1,7872.1,7870.65,7870.65,11:50:00,7870.264702721682,3,33
2015-11-26,7872.45,7872.45,7870.35,7871.85,11:55:00,7870.472826271997,3,34
2015-11-26,7872.65,7873.7,7872.55,7872.7,12:00:00,7870.680176150854,3,35
2015-11-26,7871.25,7873.95,7870.95,7873.95,12:05:00,7870.734445088868,3,36
2015-11-26,7870.45,7871.55,7869.65,7871.55,12:10:00,7870.707355080404,3,37
2015-11-26,7869.3,7870.45,7868.75,7870.45,12:15:00,7870.573321263223,3,38
2015-11-26,7868.75,7870.1,7868.75,7869.0,12:20:00,7870.399671619106,3,39
2015-11-26,7866.95,7868.9,7866.95,7868.9,12:25:00,7870.071131464905,3,40
2015-11-26,7873.4,7873.4,7868.85,7868.85,12:30:00,7870.388166563485,3,41
2015-11-26,7876.65,7877.2,7873.15,7874.2,12:35:00,7870.984531652677,3,42
2015-11-26,7876.65,7877.4,7876.65,7877.35,12:40:00,7871.524100066707,3,43
2015-11-26,7875.95,7875.95,7874.85,7875.05,12:45:00,7871.945614346068,3,44
2015-11-26,7872.6,7875.7,7872.25,7875.7,12:50:00,7872.0079367892995,3,45
2015-11-26,7872.0,7872.8,7871.2,7872.6,12:55:00,7872.007180904604,3,46
2015-11-26,7871.6,7871.75,7871.4,7871.45,13:00:00,7871.968401770832,3,47
2015-11-26,7873.8,7873.95,7871.75,7871.75,13:05:00,7872.14283969742,3,48
2015-11-26,7874.25,7875.05,7873.1,7873.1,13:10:00,7872.343521630999,3,49
2015-11-26,7870.45,7874.55,7870.45,7873.15,13:15:00,7872.163186237571,3,50
2015-11-26,7871.85,7873.35,7869.95,7869.95,13:20:00,7872.133358976849,3,51
2015-11-26,7876.35,7876.35,7870.75,7870.75,13:25:00,7872.534943836197,3,52
2015-11-26,7875.25,7876.25,7875.25,7875.7,13:30:00,7872.793520613702,3,53
2015-11-26,7882.8,7882.8,7876.95,7876.95,13:35:00,7873.746518650492,3,54
2015-11-26,7881.4,7882.95,7880.05,7882.55,13:40:00,7874.47542163616,3,55
2015-11-26,7878.9,7882.2,7877.4,7882.2,13:45:00,7874.896810051764,3,56
2015-11-26,7879.25,7879.25,7877.35,7877.9,13:50:00,7875.3113995706435,3,57
2015-11-26,7885.4,7886.65,7880.9,7880.9,13:55:00,7876.272218659154,3,58
2015-11-26,7880.75,7883.95,7879.6,7883.95,14:00:00,7876.698674024949,3,59
2015-11-26,7882.7,7883.4,7880.05,7881.25,14:05:00,7877.270228879715,3,60
2015-11-26,7886.55,7886.55,7883.55,7883.55,14:10:00,7878.154016605457,3,61
2015-11-26,7891.45,7891.5,7888.35,7888.35,14:15:00,7879.420300738271,3,62
2015-11-26,7891.15,7894.3,7891.15,7892.5,14:20:00,7880.537414953675,3,63
2015-11-26,7885.05,7890.1,7885.05,7889.8,14:25:00,7880.967184958086,3,64
2015-11-26,7889.3,7889.3,7885.25,7885.25,14:30:00,7881.76078639065,3,65
2015-11-26,7895.7,7895.7,7887.85,7887.85,14:35:00,7883.088330543922,3,66
2015-11-26,7891.85,7896.1,7891.85,7896.1,14:40:00,7883.922775254025,3,67
2015-11-26,7887.7,7892.15,7887.7,7892.15,14:45:00,7884.282510944117,3,68
2015-11-26,7888.0,7889.05,7887.85,7889.05,14:50:00,7884.636557520868,3,69
2015-11-26,7892.0,7892.0,7888.5,7888.5,14:55:00,7885.337837756976,3,70
2015-11-26,7879.7,7893.6,7879.7,7893.6,15:00:00,7884.80090082774,3,71
2015-11-26,7884.5,7884.5,7877.2,7877.2,15:05:00,7884.77224360605,3,72
2015-11-26,7885.65,7885.65,7883.85,7884.15,15:10:00,7884.855839453093,3,73
2015-11-26,7885.15,7885.85,7884.35,7885.85,15:15:00,7884.883854743274,3,74
2015-11-26,7885.05,7885.05,7883.85,7883.9,15:20:00,7884.899678101057,3,75
2015-11-26,7895.05,7895.05,7885.5,7885.5,15:25:00,7885.866375424766,3,76
2015-11-27,7910.6,7910.6,7910.6,7910.6,09:10:00,7888.221958717646,4,1
2015-11-27,7905.95,7910.6,7892.9,7910.6,09:15:00,7889.910343601679,4,2
2015-11-27,7898.5,7901.2,7896.2,7901.2,09:20:00,7890.728406115805,4,3
2015-11-27,7898.8,7898.8,7894.55,7896.65,09:25:00,7891.497129342872,4,4
2015-11-27,7889.85,7896.9,7889.85,7896.9,09:30:00,7891.3402598816465,4,5
2015-11-27,7882.15,7884.65,7880.25,7884.65,09:35:00,7890.464997035776,4,6
2015-11-27,7898.0,7898.0,7881.1,7881.1,09:40:00,7891.182616365702,4,7
2015-11-27,7911.0,7911.0,7905.65,7905.65,09:45:00,7893.069986235636,4,8
2015-11-27,7911.7,7911.7,7907.25,7910.5,09:50:00,7894.844273260814,4,9
2015-11-27,7927.2,7927.2,7911.55,7911.55,09:55:00,7897.925771045499,4,10
2015-11-27,7927.45,7930.6,7926.4,7928.15,10:00:00,7900.737602374499,4,11
2015-11-27,7922.95,7925.6,7920.75,7925.6,10:05:00,7902.853068815023,4,12
2015-11-27,7923.6,7926.2,7923.6,7926.2,10:10:00,7904.828967023116,4,13
2015-11-27,7930.25,7930.25,7922.95,7922.95,10:15:00,7907.250017782819,4,14
2015-11-27,7934.45,7935.05,7930.6,7931.15,10:20:00,7909.840492279693,4,15
2015-11-27,7926.25,7930.75,7926.25,7930.75,10:25:00,7911.40330253877,4,16
2015-11-27,7926.35,7926.35,7924.25,7925.0,10:30:00,7912.826797535077,4,17
2015-11-27,7930.3,7930.3,7927.4,7927.4,10:35:00,7914.490912055546,4,18
2015-11-27,7928.2,7931.4,7928.2,7931.4,10:40:00,7915.796539478827,4,19
2015-11-27,7930.75,7930.75,7927.4,7929.2,10:45:00,7917.220678576082,4,20
2015-11-27,7931.25,7931.9,7930.9,7931.9,10:50:00,7918.556804425979,4,21
2015-11-27,7936.9,7938.6,7932.45,7932.45,10:55:00,7920.303775433028,4,22
2015-11-27,7936.15,7938.45,7936.15,7938.45,11:00:00,7921.812939677501,4,23
2015-11-27,7934.0,7935.6,7931.75,7935.6,11:05:00,7922.973612089168,4,24
2015-11-27,7935.85,7936.8,7933.55,7933.55,11:10:00,7924.199934747342,4,25
2015-11-27,7935.55,7935.75,7933.35,7934.45,11:15:00,7925.280893342833,4,26
2015-11-27,7936.2,7936.2,7933.7,7935.6,11:20:00,7926.320808262563,4,27
2015-11-27,7934.15,7936.75,7934.15,7935.55,11:25:00,7927.06644557089,4,28
2015-11-27,7931.45,7936.85,7931.45,7933.7,11:30:00,7927.483926945091,4,29
2015-11-27,7932.0,7932.0,7930.35,7931.2,11:35:00,7927.914029140797,4,30
2015-11-27,7922.4,7929.8,7922.4,7929.8,11:40:00,7927.38888350834,4,31
2015-11-27,7916.25,7922.2,7916.25,7922.0,11:45:00,7926.328037459927,4,32
2015-11-27,7916.8,7920.0,7916.8,7917.55,11:50:00,7925.420605320886,4,33
2015-11-27,7906.85,7915.7,7906.85,7915.7,11:55:00,7923.651976242707,4,34
2015-11-27,7901.6,7907.0,7894.7,7906.2,12:00:00,7921.551788029115,4,35
2015-11-27,7905.3,7905.3,7899.1,7899.1,12:05:00,7920.003998693009,4,36
2015-11-27,7898.5,7904.35,7898.5,7904.35,12:10:00,7917.955998817484,4,37
2015-11-27,7897.65,7900.7,7896.0,7898.65,12:15:00,7916.022094168199,4,38
2015-11-27,7903.0,7903.0,7899.05,7899.05,12:20:00,7914.781894723609,4,39
2015-11-27,7911.8,7911.9,7906.65,7906.65,12:25:00,7914.497904749932,4,40
2015-11-27,7906.45,7910.0,7905.85,7908.25,12:30:00,7913.73143763089,4,41
2015-11-27,7905.65,7908.8,7905.65,7906.85,12:35:00,7912.96177690414,4,42
2015-11-27,7906.35,7906.5,7905.45,7906.15,12:40:00,7912.33208386565,4,43
2015-11-27,7907.3,7907.3,7905.5,7905.5,12:45:00,7911.852837783207,4,44
2015-11-27,7909.2,7910.45,7907.85,7907.85,12:50:00,7911.600186565759,4,45
2015-11-27,7908.5,7909.35,7907.75,7909.35,12:55:00,7911.304930702353,4,46
2015-11-27,7903.6,7907.4,7903.6,7907.4,13:00:00,7910.571127778319,4,47
2015-11-27,7903.2,7903.2,7900.0,7902.0,13:05:00,7909.869115608955,4,48
2015-11-27,7913.85,7913.85,7908.45,7909.05,13:10:00,7910.248247455721,4,49
2015-11-27,7916.35,7919.55,7912.7,7912.7,13:15:00,7910.829366745652,4,50
2015-11-27,7917.85,7918.25,7913.55,7918.25,13:20:00,7911.497998484161,4,51
2015-11-27,7919.0,7919.0,7916.65,7917.7,13:25:00,7912.212474819003,4,52
2015-11-27,7913.75,7922.3,7913.75,7920.6,13:30:00,7912.358905788621,4,53
2015-11-27,7916.2,7916.2,7911.25,7911.95,13:35:00,7912.724724284943,4,54
2015-11-27,7914.9,7918.45,7911.45,7916.45,13:40:00,7912.931893400663,4,55
2015-11-27,7922.05,7922.05,7912.15,7912.15,13:45:00,7913.800284505362,4,56
2015-11-27,7920.8,7923.2,7919.35,7920.15,13:50:00,7914.46692407628,4,57
2015-11-27,7920.6,7920.6,7916.9,7919.35,13:55:00,7915.051026545207,4,58
2015-11-27,7931.6,7931.6,7922.3,7922.55,14:00:00,7916.627119255187,4,59
2015-11-27,7927.95,7933.4,7926.15,7933.4,14:05:00,7917.7054888499315,4,60
2015-11-27,7932.35,7932.35,7926.75,7926.75,14:10:00,7919.100204197557,4,61
2015-11-27,7931.2,7933.1,7931.15,7931.35,14:15:00,7920.252565702552,4,62
2015-11-27,7937.95,7937.95,7927.6,7927.6,14:20:00,7921.938035635642,4,63
2015-11-27,7938.05,7938.05,7935.1,7936.85,14:25:00,7923.472508432248,4,64
2015-11-27,7951.35,7951.35,7940.75,7941.5,14:30:00,7926.127507629177,4,65
2015-11-27,7948.75,7949.75,7944.6,7948.7,14:35:00,7928.282030712112,4,66
2015-11-27,7950.15,7950.15,7943.2,7943.2,14:40:00,7930.364694453815,4,67
2015-11-27,7956.6,7958.3,7953.5,7953.5,14:45:00,7932.863294982023,4,68
2015-11-27,7948.2,7954.6,7947.9,7954.6,14:50:00,7934.323933555164,4,69
2015-11-27,7944.65,7949.4,7944.65,7948.8,14:55:00,7935.307368454672,4,70
2015-11-27,7939.05,7944.05,7939.05,7944.05,15:00:00,7935.663809554228,4,71
2015-11-27,7937.95,7938.7,7936.4,7937.6,15:05:00,7935.881541977635,4,72
2015-11-27,7942.55,7942.6,7937.6,7937.6,15:10:00,7936.51663321786,4,73
2015-11-27,7945.0,7949.5,7943.15,7943.15,15:15:00,7937.324572911397,4,74
2015-11-27,7942.7,7945.9,7941.9,7945.9,15:20:00,7937.836518348407,4,75
2015-11-27,7946.05,7946.05,7942.6,7942.65,15:25:00,7938.618754696177,4,76
2015-11-30,7936.25,7936.25,7936.25,7936.25,09:10:00,7938.393159010827,0,1
2015-11-30,7940.0,7940.0,7928.6,7936.25,09:15:00,7938.546191485986,0,2
2015-11-30,7938.05,7948.85,7938.05,7943.65,09:20:00,7938.498935153987,0,3
2015-11-30,7950.8,7950.8,7938.15,7938.15,09:25:00,7939.670465139321,0,4
2015-11-30,7959.0,7959.0,7948.6,7950.15,09:30:00,7941.51137322129,0,5
2015-11-30,7961.0,7961.45,7959.0,7960.4,09:35:00,7943.367432914501,0,6
2015-11-30,7957.0,7962.9,7957.0,7962.9,09:40:00,7944.665772636929,0,7
2015-11-30,7953.05,7956.2,7953.05,7954.7,09:45:00,7945.464270481031,0,8
2015-11-30,7949.5,7951.1,7948.75,7951.1,09:50:00,7945.848625673314,0,9
2015-11-30,7948.05,7949.05,7948.05,7948.1,09:55:00,7946.058280371093,0,10
2015-11-30,7940.0,7949.35,7940.0,7949.35,10:00:00,7945.481301288132,0,11
2015-11-30,7938.7,7939.7,7937.7,7939.3,10:05:00,7944.835463070215,0,12
2015-11-30,7937.9,7942.4,7937.9,7940.2,10:10:00,7944.174942777814,0,13
2015-11-30,7933.45,7937.15,7932.6,7937.15,10:15:00,7943.153519656117,0,14
2015-11-30,7928.85,7933.9,7928.5,7933.9,10:20:00,7941.791279688868,0,15
2015-11-30,7934.3,7934.3,7929.5,7929.5,10:25:00,7941.077824480404,0,16
2015-11-30,7935.1,7935.1,7934.1,7934.95,10:30:00,7940.508507863223,0,17
2015-11-30,7932.4,7935.3,7932.4,7935.3,10:35:00,7939.736269019106,0,18
2015-11-30,7930.45,7930.85,7929.05,7930.85,10:40:00,7938.8518624458575,0,19
2015-11-30,7932.9,7934.4,7929.45,7929.95,10:45:00,7938.285018403395,0,20
2015-11-30,7936.5,7937.95,7932.9,7934.85,10:50:00,7938.115016650691,0,21
2015-11-30,7935.15,7935.5,7932.85,7934.4,10:55:00,7937.83263411253,0,22
2015-11-30,7939.7,7941.2,7935.6,7935.6,11:00:00,7938.010478482765,0,23
2015-11-30,7936.0,7939.05,7936.0,7939.05,11:05:00,7937.81900434155,0,24
2015-11-30,7935.2,7936.15,7933.8,7936.15,11:10:00,7937.569575356641,0,25
2015-11-30,7938.05,7940.45,7934.7,7934.7,11:15:00,7937.61533008458,0,26
2015-11-30,7936.95,7937.8,7936.8,7937.3,11:20:00,7937.551965314619,0,27
2015-11-30,7931.35,7937.9,7931.35,7937.9,11:25:00,7936.961301951323,0,28
2015-11-30,7931.7,7933.8,7931.7,7932.35,11:30:00,7936.460225575006,0,29
2015-11-30,7933.4,7934.15,7931.05,7931.85,11:35:00,7936.168775520244,0,30
2015-11-30,7930.7,7932.7,7930.55,7932.5,11:40:00,7935.647939756411,0,31
2015-11-30,7932.45,7932.45,7930.25,7931.55,11:45:00,7935.343374065324,0,32
2015-11-30,7936.35,7936.35,7933.65,7934.4,11:50:00,7935.439243201959,0,33
2015-11-30,7936.3,7939.3,7936.3,7937.55,11:55:00,7935.521220039867,0,34
2015-11-30,7941.0,7941.0,7936.25,7936.25,12:00:00,7936.043008607499,0,35
2015-11-30,7939.25,7940.0,7937.7,7940.0,12:05:00,7936.348436359166,0,36
2015-11-30,7943.05,7943.05,7938.95,7938.95,12:10:00,7936.986680515436,0,37
2015-11-30,7946.3,7947.45,7943.95,7943.95,12:15:00,7937.87366332349,0,38
2015-11-30,7947.55,7949.95,7947.55,7947.55,12:20:00,7938.795219197444,0,39
2015-11-30,7947.0,7947.1,7946.1,7946.1,12:25:00,7939.576626892926,0,40
2015-11-30,7951.65,7952.9,7945.95,7945.95,12:30:00,7940.726471950742,0,41
2015-11-30,7948.1,7949.9,7948.1,7949.9,12:35:00,7941.4287127173375,0,42
2015-11-30,7949.95,7950.05,7947.9,7947.9,12:40:00,7942.240263887114,0,43
2015-11-30,7942.85,7950.85,7942.85,7950.85,12:45:00,7942.298333993103,0,44
2015-11-30,7940.85,7942.05,7937.3,7942.05,12:50:00,7942.160397422332,0,45
2015-11-30,7943.45,7943.45,7939.9,7939.9,12:55:00,7942.283216715443,0,46
2015-11-30,7939.35,7943.2,7939.35,7943.2,13:00:00,7942.003862742544,0,47
2015-11-30,7934.5,7940.0,7933.95,7940.0,13:05:00,7941.289209148016,0,48
2015-11-30,7932.1,7934.65,7931.15,7934.65,13:10:00,7940.414046372015,0,49
2015-11-30,7933.55,7933.55,7927.35,7930.6,13:15:00,7939.760327669918,0,50
2015-11-30,7940.05,7940.05,7934.05,7934.05,13:20:00,7939.7879155108785,0,51
2015-11-30,7939.1,7941.7,7937.65,7941.7,13:25:00,7939.722399747938,0,52
2015-11-30,7936.3,7940.85,7936.3,7940.85,13:30:00,7939.3964569148,0,53
2015-11-30,7934.5,7936.2,7932.25,7936.2,13:35:00,7938.930127684819,0,54
2015-11-30,7938.75,7939.9,7938.55,7939.15,13:40:00,7938.912972667217,0,55
2015-11-30,7940.45,7940.45,7938.4,7939.75,13:45:00,7939.05935622272,0,56
2015-11-30,7939.05,7941.1,7938.25,7939.7,13:50:00,7939.05846515389,0,57
2015-11-30,7939.8,7940.7,7939.5,7940.35,13:55:00,7939.129087520187,0,58
2015-11-30,7943.15,7945.3,7940.7,7940.7,14:00:00,7939.512031565883,0,59
2015-11-30,7945.85,7945.85,7943.35,7943.35,14:05:00,7940.115647607227,0,60
2015-11-30,7942.7,7944.6,7941.25,7944.4,14:10:00,7940.361776406539,0,61
2015-11-30,7940.05,7948.2,7940.05,7947.05,14:15:00,7940.33208341544,0,62
2015-11-30,7943.35,7943.75,7939.3,7939.3,14:20:00,7940.619504042541,0,63
2015-11-30,7939.15,7940.9,7937.9,7939.05,14:25:00,7940.479551276585,0,64
2015-11-30,7939.3,7939.3,7936.0,7938.05,14:30:00,7940.367213059767,0,65
2015-11-30,7944.3,7946.3,7940.95,7940.95,14:35:00,7940.741764196932,0,66
2015-11-30,7945.85,7950.75,7943.55,7944.85,14:40:00,7941.228262844844,0,67
2015-11-30,7959.15,7959.15,7947.95,7947.95,14:45:00,7942.935094954859,0,68
2015-11-30,7959.25,7959.85,7958.2,7959.35,14:50:00,7944.488895435348,0,69
2015-11-30,7961.45,7963.0,7959.1,7962.95,14:55:00,7946.10423872722,0,70
2015-11-30,7933.75,7958.5,7933.75,7958.5,15:00:00,7944.927644562724,0,71
2015-11-30,7934.45,7938.35,7934.45,7935.45,15:05:00,7943.9297736519875,0,72
2015-11-30,7939.0,7939.65,7936.3,7936.3,15:10:00,7943.460271399417,0,73
2015-11-30,7935.4,7937.15,7935.15,7936.9,15:15:00,7942.692626504235,0,74
2015-11-30,7925.2,7937.0,7925.2,7937.0,15:20:00,7941.02666207526,0,75
2015-11-30,7940.2,7940.2,7926.25,7926.25,15:25:00,7940.947932353806,0,76
2015-12-01,7958.15,7958.15,7958.15,7958.15,09:10:00,7942.586224510587,1,1
2015-12-01,7961.6,7968.1,7958.15,7958.15,09:15:00,7944.3970602714835,1,2
2015-12-01,7967.55,7967.55,7961.65,7965.55,09:20:00,7946.60210215039,1,3
2015-12-01,7967.05,7971.65,7966.6,7968.05,09:25:00,7948.54952099321,1,4
2015-12-01,7964.9,7964.9,7963.5,7964.8,09:30:00,7950.106709470047,1,5
2015-12-01,7962.2,7963.2,7961.0,7963.2,09:35:00,7951.25845142528,1,6
2015-12-01,7962.25,7964.75,7959.4,7959.4,09:40:00,7952.305265575253,1,7
2015-12-01,7960.15,7964.1,7959.45,7964.1,09:45:00,7953.052383139516,1,8
2015-12-01,7958.5,7961.1,7958.5,7959.4,09:50:00,7953.571203792895,1,9
2015-12-01,7957.65,7958.85,7957.15,7958.0,09:55:00,7953.959660574525,1,10
2015-12-01,7953.0,7958.9,7953.0,7957.45,10:00:00,7953.868264329332,1,11
2015-12-01,7954.25,7958.15,7954.25,7954.9,10:05:00,7953.904620107492,1,12
2015-12-01,7956.95,7957.25,7954.4,7954.4,10:10:00,7954.194656287731,1,13
2015-12-01,7959.7,7961.15,7958.3,7958.3,10:15:00,7954.718974736518,1,14
2015-12-01,7959.35,7959.85,7958.3,7959.85,10:20:00,7955.160024761612,1,15
2015-12-01,7960.5,7960.5,7959.15,7959.15,10:25:00,7955.668593831934,1,16
2015-12-01,7958.8,7959.45,7958.05,7958.95,10:30:00,7955.966822990798,1,17
2015-12-01,7961.45,7961.45,7959.6,7959.6,10:35:00,7956.489030325009,1,18
2015-12-01,7961.0,7961.5,7957.75,7961.5,10:40:00,7956.918646484532,1,19
2015-12-01,7957.65,7961.55,7957.65,7959.9,10:45:00,7956.98829920029,1,20
2015-12-01,7955.75,7957.7,7955.75,7956.35,10:50:00,7956.87036594312,1,21
2015-12-01,7954.2,7956.0,7951.05,7955.5,10:55:00,7956.616045377109,1,22
2015-12-01,7959.45,7962.9,7950.2,7957.75,11:00:00,7956.885945817385,1,23
2015-12-01,7967.9,7970.65,7963.3,7970.65,11:05:00,7957.934903358586,1,24
2015-12-01,7956.7,7965.95,7956.7,7965.95,11:10:00,7957.8172935149105,1,25
2015-12-01,7946.6,7956.85,7946.6,7955.7,11:15:00,7956.748979846824,1,26
2015-12-01,7945.8,7945.8,7934.9,7945.0,11:20:00,7955.706219861412,1,27
2015-12-01,7956.35,7956.35,7948.35,7948.35,11:25:00,7955.767532255563,1,28
2015-12-01,7959.35,7959.6,7953.65,7956.8,11:30:00,7956.108719659795,1,29
2015-12-01,7956.95,7959.2,7955.4,7959.2,11:35:00,7956.188841596957,1,30
2015-12-01,7953.45,7956.25,7953.45,7956.1,11:40:00,7955.927999540105,1,31
2015-12-01,7953.45,7954.75,7952.95,7954.75,11:45:00,7955.691999583903,1,32
2015-12-01,7960.75,7960.75,7953.95,7953.95,11:50:00,7956.1737139092465,1,33
2015-12-01,7958.05,7961.2,7958.05,7961.2,11:55:00,7956.352407822651,1,34
2015-12-01,7965.6,7965.6,7959.1,7959.1,12:00:00,7957.233130887161,1,35
2015-12-01,7966.95,7970.7,7966.95,7970.7,12:05:00,7958.158546993145,1,36
2015-12-01,7965.05,7966.05,7965.05,7966.05,12:10:00,7958.814875850941,1,37
2015-12-01,7962.4,7964.05,7962.0,7963.65,12:15:00,7959.156316246089,1,38
2015-12-01,7962.25,7962.25,7959.25,7962.0,12:20:00,7959.450952794081,1,39
2015-12-01,7962.2,7964.55,7962.1,7962.1,12:25:00,7959.712766813693,1,40
2015-12-01,7964.95,7966.05,7963.45,7963.45,12:30:00,7960.211550926674,1,41
2015-12-01,7961.95,7963.55,7960.35,7963.55,12:35:00,7960.377117505086,1,42
2015-12-01,7962.8,7962.85,7962.15,7962.55,12:40:00,7960.607868218887,1,43
2015-12-01,7953.9,7960.65,7953.9,7960.65,12:45:00,7959.969023626612,1,44
2015-12-01,7954.15,7954.75,7951.7,7954.75,12:50:00,7959.4148309002685,1,45
2015-12-01,7948.35,7954.0,7948.35,7953.7,12:55:00,7958.361037481195,1,46
2015-12-01,7948.3,7948.3,7940.85,7943.3,13:00:00,7957.402843435368,1,47
2015-12-01,7947.65,7950.55,7947.65,7949.4,13:05:00,7956.474001203428,1,48
2015-12-01,7953.6,7956.2,7950.95,7950.95,13:10:00,7956.200286803102,1,49
2015-12-01,7945.6,7952.1,7945.6,7952.1,13:15:00,7955.190735678998,1,50
2015-12-01,7949.75,7950.35,7945.45,7945.45,13:20:00,7954.672570376237,1,51
2015-12-01,7952.5,7953.5,7951.05,7951.8,13:25:00,7954.465658911833,1,52
2015-12-01,7948.15,7950.65,7945.15,7950.65,13:30:00,7953.864167586897,1,53
2015-12-01,7951.25,7951.9,7948.4,7950.25,13:35:00,7953.615199245287,1,54
2015-12-01,7954.0,7954.15,7952.35,7952.35,13:40:00,7953.651846936212,1,55
2015-12-01,7946.15,7951.7,7946.0,7951.7,13:45:00,7952.937385323239,1,56
2015-12-01,7946.65,7946.65,7938.5,7942.9,13:50:00,7952.338586721025,1,57
2015-12-01,7943.0,7945.9,7943.0,7945.9,13:55:00,7951.4491975095,1,58
2015-12-01,7945.35,7945.35,7939.65,7943.0,14:00:00,7950.868321556214,1,59
2015-12-01,7949.05,7949.05,7941.7,7941.7,14:05:00,7950.69514807467,1,60
2015-12-01,7951.45,7953.25,7948.4,7948.4,14:10:00,7950.767038734225,1,61
2015-12-01,7951.55,7954.65,7949.85,7951.05,14:15:00,7950.841606473823,1,62
2015-12-01,7954.65,7954.65,7951.55,7951.55,14:20:00,7951.204310619173,1,63
2015-12-01,7954.55,7956.15,7953.8,7953.8,14:25:00,7951.522947703062,1,64
2015-12-01,7953.5,7953.5,7947.8,7950.55,14:30:00,7951.711238398008,1,65
2015-12-01,7955.15,7955.15,7951.8,7951.8,14:35:00,7952.03873950296,1,66
2015-12-01,7955.2,7955.85,7954.4,7954.6,14:40:00,7952.33981193125,1,67
2015-12-01,7955.5,7955.5,7951.95,7954.55,14:45:00,7952.640782223512,1,68
2015-12-01,7955.85,7957.3,7955.0,7957.3,14:50:00,7952.946422011749,1,69
2015-12-01,7960.85,7963.8,7959.45,7959.45,14:55:00,7953.699143724916,1,70
2015-12-01,7955.4,7960.2,7954.45,7960.2,15:00:00,7953.861130036828,1,71
2015-12-01,7957.3,7957.3,7955.7,7956.0,15:05:00,7954.188641461892,1,72
2015-12-01,7956.0,7960.3,7955.35,7960.3,15:10:00,7954.361151798855,1,73
2015-12-01,7955.45,7956.2,7953.7,7955.9,15:15:00,7954.464851627536,1,74
2015-12-01,7951.25,7956.1,7951.25,7956.1,15:20:00,7954.158675282056,1,75
2015-12-01,7952.0,7952.0,7949.3,7950.25,15:25:00,7953.953087159955,1,76
2015-12-02,7976.7,7976.7,7976.7,7976.7,09:10:00,7956.119459811388,2,1
2015-12-02,7971.15,7976.7,7967.3,7976.7,09:15:00,7957.550939829351,2,2
2015-12-02,7961.6,7966.15,7961.6,7965.5,09:20:00,7957.9365646075075,2,3
2015-12-02,7961.1,7963.15,7959.15,7959.15,09:25:00,7958.237844168697,2,4
2015-12-02,7965.15,7965.15,7958.2,7958.2,09:30:00,7958.896144724059,2,5
2015-12-02,7963.2,7965.25,7960.25,7965.25,09:35:00,7959.30603570272,2,6
2015-12-02,7966.3,7966.3,7964.1,7964.35,09:40:00,7959.972127540556,2,7
2015-12-02,7961.85,7968.95,7960.2,7968.95,09:45:00,7960.150972536693,2,8
2015-12-02,7954.85,7957.7,7954.85,7957.7,09:50:00,7959.646118009389,2,9
2015-12-02,7953.5,7954.0,7951.85,7952.2,09:55:00,7959.060773437067,2,10
2015-12-02,7948.85,7954.5,7948.85,7951.9,10:00:00,7958.088318824013,2,11
2015-12-02,7952.55,7952.55,7950.9,7951.4,10:05:00,7957.560859888393,2,12
2015-12-02,7955.7,7957.85,7955.35,7955.35,10:10:00,7957.383635137117,2,13
2015-12-02,7941.8,7954.2,7941.8,7954.2,10:15:00,7955.899479409773,2,14
2015-12-02,7946.1,7946.1,7943.4,7943.6,10:20:00,7954.966195656461,2,15
2015-12-02,7944.55,7946.7,7943.9,7946.7,10:25:00,7953.974177022513,2,16
2015-12-02,7938.2,7944.5,7938.2,7944.5,10:30:00,7952.47187444894,2,17
2015-12-02,7921.45,7922.65,7914.15,7919.85,10:35:00,7949.517410215708,2,18
2015-12-02,7921.65,7922.9,7920.8,7922.45,10:40:00,7946.863371147545,2,19
2015-12-02,7921.1,7921.1,7917.2,7918.7,10:45:00,7944.409716752541,2,20
2015-12-02,7928.0,7928.0,7923.0,7923.0,10:50:00,7942.846886585632,2,21
2015-12-02,7924.7,7928.55,7924.7,7928.3,10:55:00,7941.118611672715,2,22
2015-12-02,7925.05,7926.85,7925.05,7926.0,11:00:00,7939.588267703884,2,23
2015-12-02,7922.55,7923.9,7919.35,7923.9,11:05:00,7937.96557554161,2,24
2015-12-02,7919.9,7922.05,7918.6,7922.05,11:10:00,7936.245044537646,2,25
2015-12-02,7911.7,7920.45,7911.7,7920.45,11:15:00,7933.907421248346,2,26
2015-12-02,7914.6,7915.6,7912.1,7912.1,11:20:00,7932.068619224694,2,27
2015-12-02,7924.6,7924.6,7916.2,7917.5,11:25:00,7931.357322155676,2,28
2015-12-02,7919.6,7923.75,7919.45,7923.75,11:30:00,7930.237577188469,2,29
2015-12-02,7922.15,7922.15,7919.55,7919.55,11:35:00,7929.467331741948,2,30
2015-12-02,7920.25,7923.25,7920.25,7921.5,11:40:00,7928.589490623667,2,31
2015-12-02,7924.35,7924.35,7921.5,7921.5,11:45:00,7928.18572961189,2,32
2015-12-02,7925.5,7927.4,7925.5,7925.95,11:50:00,7927.929945839329,2,33
2015-12-02,7922.8,7924.45,7921.55,7924.45,11:55:00,7927.441379568917,2,34
2015-12-02,7923.7,7924.35,7923.7,7924.35,12:00:00,7927.085057705211,2,35
2015-12-02,7921.15,7924.6,7921.15,7924.6,12:05:00,7926.519814114238,2,36
2015-12-02,7920.8,7920.85,7919.1,7920.85,12:10:00,7925.975069912883,2,37
2015-12-02,7921.0,7922.4,7921.0,7921.45,12:15:00,7925.501253730703,2,38
2015-12-02,7919.25,7921.9,7919.25,7921.9,12:20:00,7924.905896232541,2,39
2015-12-02,7921.3,7921.3,7919.35,7919.35,12:25:00,7924.562477543728,2,40
2015-12-02,7920.8,7922.5,7919.65,7922.5,12:30:00,7924.204146349088,2,41
2015-12-02,7924.45,7924.45,7922.1,7922.8,12:35:00,7924.227560982507,2,42
2015-12-02,7925.8,7926.45,7925.4,7925.4,12:40:00,7924.377317079411,2,43
2015-12-02,7923.3,7926.2,7923.2,7926.2,12:45:00,7924.274715452801,2,44
2015-12-02,7918.15,7922.55,7918.15,7922.55,12:50:00,7923.691409219201,2,45
2015-12-02,7917.1,7917.1,7915.8,7916.0,12:55:00,7923.063655960229,2,46
2015-12-02,7919.75,7919.75,7917.65,7917.65,13:00:00,7922.748069678302,2,47
2015-12-02,7915.45,7918.8,7915.3,7918.8,13:05:00,7922.053015423226,2,48
2015-12-02,7918.45,7918.45,7915.6,7915.6,13:10:00,7921.709871097205,2,49
2015-12-02,7917.8,7919.95,7917.7,7919.95,13:15:00,7921.337502421281,2,50
2015-12-02,7918.15,7919.65,7917.4,7919.05,13:20:00,7921.033930762112,2,51
2015-12-02,7915.6,7918.35,7915.6,7918.35,13:25:00,7920.516413546673,2,52
2015-12-02,7912.85,7917.6,7912.85,7917.4,13:30:00,7919.78627892318,2,53
2015-12-02,7917.1,7917.1,7913.1,7913.1,13:35:00,7919.530442835258,2,54
2015-12-02,7933.95,7933.95,7918.55,7918.55,13:40:00,7920.903733993805,2,55
2015-12-02,7937.5,7939.9,7936.95,7939.9,13:45:00,7922.4843307563,2,56
2015-12-02,7932.4,7935.6,7932.1,7935.6,13:50:00,7923.428680208081,2,57
2015-12-02,7931.8,7931.8,7930.15,7930.75,13:55:00,7924.225948759691,2,58
2015-12-02,7932.25,7933.9,7932.25,7933.9,14:00:00,7924.990144115911,2,59
2015-12-02,7927.1,7932.35,7927.1,7932.35,14:05:00,7925.191082771538,2,60
2015-12-02,7927.35,7927.35,7925.95,7925.95,14:10:00,7925.3966939361535,2,61
2015-12-02,7919.4,7924.2,7919.15,7924.2,14:15:00,7924.825580227949,2,62
2015-12-02,7923.35,7923.35,7921.7,7921.7,14:20:00,7924.685048777668,2,63
2015-12-02,7927.0,7927.85,7924.25,7924.25,14:25:00,7924.905520322652,2,64
2015-12-02,7927.65,7927.8,7926.2,7926.7,14:30:00,7925.166899339541,2,65
2015-12-02,7928.6,7928.6,7924.6,7925.45,14:35:00,7925.493861307204,2,66
2015-12-02,7928.35,7931.35,7928.35,7930.15,14:40:00,7925.765874516042,2,67
2015-12-02,7931.05,7931.05,7927.6,7927.75,14:45:00,7926.269124562133,2,68
2015-12-02,7928.95,7931.45,7928.95,7931.45,14:50:00,7926.524446032406,2,69
2015-12-02,7937.3,7937.3,7931.1,7931.1,14:55:00,7927.550689267415,2,70
2015-12-02,7934.2,7939.9,7934.2,7939.9,15:00:00,7928.183956956233,2,71
2015-12-02,7940.55,7940.55,7934.3,7934.3,15:05:00,7929.3616753413535,2,72
2015-12-02,7933.0,7940.35,7933.0,7940.35,15:10:00,7929.708182451701,2,73
2015-12-02,7930.05,7935.85,7930.05,7935.85,15:15:00,7929.74073650392,2,74
2015-12-02,7926.5,7930.05,7926.5,7930.05,15:20:00,7929.432094932117,2,75
2015-12-02,7922.5,7926.55,7922.5,7926.55,15:25:00,7928.771895414772,2,76
2015-12-03,7902.3,7902.3,7902.3,7902.3,09:10:00,7926.250762518128,3,1
2015-12-03,7906.75,7911.0,7900.8,7900.8,09:15:00,7924.39354704021,3,2
2015-12-03,7908.55,7908.55,7900.45,7900.45,09:20:00,7922.884637798285,3,3
2015-12-03,7907.85,7910.8,7906.25,7906.25,09:25:00,7921.452767531782,3,4
2015-12-03,7908.25,7909.95,7907.7,7909.95,09:30:00,7920.195361100184,3,5
2015-12-03,7904.6,7907.05,7899.75,7906.0,09:35:00,7918.710088614453,3,6
2015-12-03,7900.0,7904.3,7900.0,7904.3,09:40:00,7916.928175413076,3,7
2015-12-03,7900.15,7900.6,7899.15,7899.15,09:45:00,7915.330253945164,3,8
2015-12-03,7899.55,7900.95,7899.5,7900.15,09:50:00,7913.827372617053,3,9
2015-12-03,7884.9,7898.5,7882.8,7898.5,09:55:00,7911.072384748762,3,10
2015-12-03,7887.0,7887.3,7881.75,7883.75,10:00:00,7908.779776677451,3,11
2015-12-03,7890.85,7892.95,7888.25,7888.25,10:05:00,7907.072178898646,3,12
2015-12-03,7890.9,7890.9,7888.2,7889.5,10:10:00,7905.531971384489,3,13
2015-12-03,7884.1,7890.8,7884.1,7889.95,10:15:00,7903.490831252633,3,14
2015-12-03,7887.5,7888.5,7885.2,7885.2,10:20:00,7901.967894942859,3,15
2015-12-03,7887.25,7887.25,7885.9,7886.8,10:25:00,7900.566190662587,3,16
2015-12-03,7885.85,7887.75,7885.85,7886.4,10:30:00,7899.164648694721,3,17
2015-12-03,7885.5,7890.35,7885.5,7887.8,10:35:00,7897.863253580938,3,18
2015-12-03,7884.55,7886.35,7884.55,7886.35,10:40:00,7896.595324668468,3,19
2015-12-03,7887.45,7887.45,7884.5,7884.5,10:45:00,7895.724341366709,3,20
2015-12-03,7888.5,7889.2,7887.75,7888.25,10:50:00,7895.036308855593,3,21
2015-12-03,7887.8,7890.2,7887.8,7888.85,10:55:00,7894.347136583632,3,22
2015-12-03,7889.55,7889.75,7888.05,7888.05,11:00:00,7893.89026643281,3,23
2015-12-03,7887.3,7889.4,7887.3,7889.4,11:05:00,7893.262622010638,3,24
2015-12-03,7887.2,7887.2,7884.8,7885.0,11:10:00,7892.685229438195,3,25
2015-12-03,7892.25,7892.25,7886.95,7887.2,11:15:00,7892.64377901551,3,26
2015-12-03,7894.15,7894.15,7891.6,7892.9,11:20:00,7892.78722863308,3,27
2015-12-03,7895.45,7899.15,7895.4,7896.85,11:25:00,7893.04082590612,3,28
2015-12-03,7892.0,7895.45,7892.0,7895.45,11:30:00,7892.941699629348,3,29
2015-12-03,7891.15,7893.1,7891.15,7892.75,11:35:00,7892.77106156941,3,30
2015-12-03,7892.15,7892.15,7891.4,7891.65,11:40:00,7892.711912848514,3,31
2015-12-03,7890.9,7892.7,7890.3,7892.7,11:45:00,7892.539349720084,3,32
2015-12-03,7888.4,7889.0,7886.95,7886.95,11:50:00,7892.145125937219,3,33
2015-12-03,7888.6,7888.8,7888.55,7888.6,11:55:00,7891.807494895579,3,34
2015-12-03,7891.35,7891.35,7888.75,7889.15,12:00:00,7891.763923953143,3,35
2015-12-03,7893.65,7893.65,7892.75,7892.8,12:05:00,7891.943550243319,3,36
2015-12-03,7891.55,7893.75,7890.95,7893.75,12:10:00,7891.906069267765,3,37
2015-12-03,7890.8,7892.5,7890.8,7891.8,12:15:00,7891.800729337501,3,38
2015-12-03,7887.0,7890.3,7887.0,7890.3,12:20:00,7891.3435170196435,3,39
2015-12-03,7886.95,7887.6,7886.95,7887.05,12:25:00,7890.925086827297,3,40
2015-12-03,7889.3,7889.3,7886.45,7886.55,12:30:00,7890.770316653268,3,41
2015-12-03,7886.55,7889.4,7886.1,7889.4,12:35:00,7890.36838173391,3,42
2015-12-03,7886.4,7887.0,7886.4,7886.8,12:40:00,7889.990440616394,3,43
2015-12-03,7884.8,7887.0,7884.35,7887.0,12:45:00,7889.496112938642,3,44
2015-12-03,7883.4,7884.35,7882.9,7884.35,12:50:00,7888.9155307540095,3,45
2015-12-03,7883.1,7883.85,7882.85,7883.05,12:55:00,7888.361670682199,3,46
2015-12-03,7882.85,7885.35,7882.85,7884.2,13:00:00,7887.836749664846,3,47
2015-12-03,7885.4,7886.55,7882.1,7882.1,13:05:00,7887.604678268194,3,48
2015-12-03,7882.85,7883.25,7881.1,7883.25,13:10:00,7887.151851766462,3,49
2015-12-03,7882.0,7882.6,7881.55,7882.35,13:15:00,7886.661199217276,3,50
2015-12-03,7886.1,7886.1,7882.3,7882.3,13:20:00,7886.607751672774,3,51
2015-12-03,7887.35,7889.35,7886.75,7886.75,13:25:00,7886.678441989653,3,52
2015-12-03,7887.3,7889.15,7887.05,7888.7,13:30:00,7886.737637990639,3,53
2015-12-03,7894.15,7894.7,7888.25,7888.25,13:35:00,7887.443577229626,3,54
2015-12-03,7894.9,7895.25,7894.8,7895.05,13:40:00,7888.153712731566,3,55
2015-12-03,7898.7,7899.95,7896.5,7896.5,13:45:00,7889.158121042846,3,56
2015-12-03,7902.25,7902.25,7897.95,7897.95,13:50:00,7890.404966657812,3,57
2015-12-03,7900.0,7901.2,7899.6,7900.3,13:55:00,7891.318779357068,3,58
2015-12-03,7896.9,7899.65,7896.9,7898.5,14:00:00,7891.850324180204,3,59
2015-12-03,7899.6,7899.6,7896.6,7896.6,14:05:00,7892.588388543994,3,60
2015-12-03,7905.5,7907.1,7899.4,7899.4,14:10:00,7893.818065825519,3,61
2015-12-03,7903.4,7906.2,7903.4,7906.1,14:15:00,7894.730630984993,3,62
2015-12-03,7899.6,7901.5,7899.6,7901.05,14:20:00,7895.194380414994,3,63
2015-12-03,7897.65,7901.2,7897.65,7899.4,14:25:00,7895.428248946899,3,64
2015-12-03,7896.6,7896.6,7893.15,7896.4,14:30:00,7895.539844285289,3,65
2015-12-03,7895.4,7898.7,7895.4,7898.4,14:35:00,7895.526525781928,3,66
2015-12-03,7895.6,7898.2,7895.6,7896.5,14:40:00,7895.533523326506,3,67
2015-12-03,7888.8,7891.7,7886.95,7891.7,14:45:00,7894.892235390648,3,68
2015-12-03,7883.8,7888.3,7883.8,7888.3,14:50:00,7893.83583202011,3,69
2015-12-03,7886.95,7888.55,7884.6,7884.6,14:55:00,7893.180038494384,3,70
2015-12-03,7881.75,7885.25,7881.75,7885.25,15:00:00,7892.091463399681,3,71
2015-12-03,7863.25,7878.95,7863.25,7878.95,15:05:00,7889.344657361616,3,72
2015-12-03,7862.3,7863.55,7854.3,7863.55,15:10:00,7886.768975708129,3,73
2015-12-03,7860.0,7860.8,7857.9,7860.8,15:15:00,7884.219549450212,3,74
2015-12-03,7859.45,7861.3,7859.45,7860.65,15:20:00,7881.860544740668,3,75
2015-12-03,7864.25,7864.25,7859.1,7859.1,15:25:00,7880.183350003462,3,76
2015-12-04,7817.6,7817.6,7817.6,7817.6,09:10:00,7874.223030955512,4,1
2015-12-04,7805.9,7817.6,7805.7,7817.6,09:15:00,7867.716075626417,4,2
2015-12-04,7800.15,7800.15,7791.5,7793.8,09:20:00,7861.281211281043,4,3
2015-12-04,7804.0,7807.5,7803.55,7803.55,09:25:00,7855.825857825706,4,4
2015-12-04,7804.3,7806.0,7803.65,7804.3,09:30:00,7850.918633270877,4,5
2015-12-04,7799.0,7804.95,7799.0,7804.95,09:35:00,7845.974001530793,4,6
2015-12-04,7804.75,7805.4,7799.1,7799.1,09:40:00,7842.047906146909,4,7
2015-12-04,7806.05,7807.1,7805.15,7805.15,09:45:00,7838.619534132918,4,8
2015-12-04,7810.5,7810.7,7808.1,7808.1,09:50:00,7835.941483263116,4,9
2015-12-04,7806.2,7811.7,7806.0,7811.7,09:55:00,7833.108961047581,4,10
2015-12-04,7807.8,7807.8,7805.85,7805.85,10:00:00,7830.698583804955,4,11
2015-12-04,7811.5,7811.6,7808.7,7808.7,10:05:00,7828.870147252102,4,12
2015-12-04,7805.8,7809.8,7805.8,7809.8,10:10:00,7826.672990370949,4,13
2015-12-04,7803.35,7805.05,7803.35,7805.05,10:15:00,7824.451753192764,4,14
2015-12-04,7801.5,7804.35,7801.5,7803.7,10:20:00,7822.265871936311,4,15
2015-12-04,7801.8,7801.8,7797.6,7800.8,10:25:00,7820.316741275709,4,16
2015-12-04,7801.95,7802.1,7799.25,7802.1,10:30:00,7818.56752782088,4,17
2015-12-04,7804.75,7806.0,7804.05,7804.05,10:35:00,7817.25157279032,4,18
2015-12-04,7807.25,7807.25,7804.55,7804.55,10:40:00,7816.299042048385,4,19
2015-12-04,7805.1,7807.85,7805.1,7807.85,10:45:00,7815.232466615205,4,20
2015-12-04,7800.75,7805.8,7800.75,7805.8,10:50:00,7813.853184080424,4,21
2015-12-04,7793.55,7800.45,7793.55,7800.25,10:55:00,7811.919547501337,4,22
2015-12-04,7792.55,7793.15,7789.55,7793.15,11:00:00,7810.074828691685,4,23
2015-12-04,7796.7,7797.65,7795.15,7795.15,11:05:00,7808.801035482954,4,24
2015-12-04,7787.75,7797.65,7787.75,7797.25,11:10:00,7806.796174960767,4,25
2015-12-04,7794.95,7795.4,7790.1,7790.1,11:15:00,7805.667967821647,4,26
2015-12-04,7795.75,7796.4,7794.4,7794.4,11:20:00,7804.72339945768,4,27
2015-12-04,7799.7,7799.7,7796.35,7796.35,11:25:00,7804.24498046171,4,28
2015-12-04,7795.45,7799.85,7795.45,7799.6,11:30:00,7803.40736327488,4,29
2015-12-04,7795.0,7796.55,7795.0,7796.0,11:35:00,7802.606662010606,4,30
2015-12-04,7793.15,7795.55,7793.15,7794.55,11:40:00,7801.706027533405,4,31
2015-12-04,7795.6,7796.3,7793.45,7793.45,11:45:00,7801.124501101653,4,32
2015-12-04,7793.5,7794.85,7792.8,7794.85,11:50:00,7800.3983581395905,4,33
2015-12-04,7796.15,7797.85,7794.75,7794.75,11:55:00,7799.993752602487,4,34
2015-12-04,7795.5,7796.8,7795.5,7795.9,12:00:00,7799.565776164155,4,35
2015-12-04,7795.7,7795.95,7794.55,7794.55,12:05:00,7799.197607005664,4,36
2015-12-04,7794.65,7795.5,7794.65,7794.65,12:10:00,7798.764501576554,4,37
2015-12-04,7790.45,7791.6,7790.45,7791.6,12:15:00,7797.972644283549,4,38
2015-12-04,7791.35,7792.4,7791.05,7791.05,12:20:00,7797.341916256544,4,39
2015-12-04,7789.3,7791.65,7789.3,7791.65,12:25:00,7796.576019470206,4,40
2015-12-04,7792.2,7792.2,7789.65,7789.65,12:30:00,7796.159255711139,4,41
2015-12-04,7800.5,7800.5,7790.7,7790.7,12:35:00,7796.572659929126,4,42
2015-12-04,7801.95,7802.85,7801.35,7801.35,12:40:00,7797.084787554923,4,43
2015-12-04,7798.4,7801.35,7797.6,7801.25,12:45:00,7797.2100458830255,4,44
2015-12-04,7799.0,7800.6,7798.5,7798.5,12:50:00,7797.380517703689,4,45
2015-12-04,7806.15,7806.15,7799.65,7799.65,12:55:00,7798.215706493814,4,46
2015-12-04,7804.35,7806.65,7804.35,7804.5,13:00:00,7798.799924922974,4,47
2015-12-04,7804.7,7805.0,7803.85,7803.85,13:05:00,7799.361836835072,4,48
2015-12-04,7808.35,7809.55,7803.85,7803.85,13:10:00,7800.217852374588,4,49
2015-12-04,7807.35,7812.6,7807.35,7810.3,13:15:00,7800.897104529389,4,50
2015-12-04,7810.75,7810.75,7807.8,7808.15,13:20:00,7801.83547552659,4,51
2015-12-04,7811.45,7813.3,7810.15,7810.15,13:25:00,7802.751144524058,4,52
2015-12-04,7808.75,7808.75,7806.25,7808.4,13:30:00,7803.322464093195,4,53
2015-12-04,7815.55,7817.85,7808.55,7808.55,13:35:00,7804.486991322414,4,54
2015-12-04,7813.8,7814.8,7813.35,7814.8,13:40:00,7805.373944529803,4,55
2015-12-04,7814.3,7814.35,7811.1,7814.35,13:45:00,7806.224045050774,4,56
2015-12-04,7819.3,7819.6,7815.3,7816.0,13:50:00,7807.469374093557,4,57
2015-12-04,7816.55,7817.6,7812.65,7817.6,13:55:00,7808.334195608457,4,58
2015-12-04,7818.55,7818.55,7815.85,7815.85,14:00:00,7809.307129360032,4,59
2015-12-04,7811.25,7818.75,7809.4,7818.75,14:05:00,7809.492164659077,4,60
2015-12-04,7799.45,7808.4,7798.9,7808.4,14:10:00,7808.53576802488,4,61
2015-12-04,7801.3,7801.3,7800.0,7800.25,14:15:00,7807.846647260606,4,62
2015-12-04,7802.0,7802.5,7800.85,7802.5,14:20:00,7807.289823711977,4,63
2015-12-04,7803.85,7803.85,7801.6,7801.95,14:25:00,7806.962221453694,4,64
2015-12-04,7805.9,7806.1,7803.75,7805.05,14:30:00,7806.861057505724,4,65
2015-12-04,7801.85,7806.5,7801.05,7806.5,14:35:00,7806.383813933749,4,66
2015-12-04,7797.05,7804.15,7797.05,7802.75,14:40:00,7805.494879273392,4,67
2015-12-04,7789.95,7791.3,7788.75,7791.0,14:45:00,7804.014414580688,4,68
2015-12-04,7791.4,7791.4,7786.2,7786.2,14:50:00,7802.81304176348,4,69
2015-12-04,7790.05,7792.65,7789.05,7792.65,14:55:00,7801.597513976481,4,70
2015-12-04,7782.25,7790.05,7781.45,7790.05,15:00:00,7799.754893597769,4,71
2015-12-04,7784.65,7784.65,7779.85,7780.0,15:05:00,7798.316332302744,4,72
2015-12-04,7787.7,7790.0,7785.7,7787.8,15:10:00,7797.305253035816,4,73
2015-12-04,7780.0,7784.5,7780.0,7784.5,15:15:00,7795.657133699072,4,74
2015-12-04,7778.5,7780.75,7777.5,7779.2,15:20:00,7794.023120965827,4,75
2015-12-04,7783.0,7783.0,7776.5,7776.5,15:25:00,7792.973299921463,4,76
2015-12-07,7816.55,7816.55,7816.55,7816.55,09:10:00,7795.218699928942,0,1
2015-12-07,7813.65,7820.4,7813.65,7816.55,09:15:00,7796.974061840471,0,2
2015-12-07,7813.55,7823.15,7813.55,7817.2,09:20:00,7798.552722617569,0,3
2015-12-07,7813.35,7813.35,7809.8,7809.8,09:25:00,7799.961987130181,0,4
2015-12-07,7807.25,7814.6,7806.4,7814.6,09:30:00,7800.656083593974,0,5
2015-12-07,7801.1,7807.25,7801.1,7803.9,09:35:00,7800.698361346928,0,6
2015-12-07,7808.4,7809.5,7800.5,7800.5,09:40:00,7801.431850742459,0,7
2015-12-07,7798.65,7810.5,7798.65,7810.5,09:45:00,7801.16691257651,0,8
2015-12-07,7800.7,7801.6,7798.75,7798.75,09:50:00,7801.122444712081,0,9
2015-12-07,7801.45,7803.0,7801.2,7802.85,09:55:00,7801.153640453788,0,10
2015-12-07,7795.2,7802.45,7792.1,7802.45,10:00:00,7800.586627077237,0,11
2015-12-07,7799.1,7799.1,7794.45,7794.45,10:05:00,7800.445043546071,0,12
2015-12-07,7795.8,7800.35,7795.6,7800.35,10:10:00,7800.002658446445,0,13
2015-12-07,7798.1,7798.85,7797.8,7798.0,10:15:00,7799.821452880117,0,14
2015-12-07,7800.1,7800.35,7798.3,7798.3,10:20:00,7799.8479811772495,0,15
2015-12-07,7793.95,7800.35,7793.95,7800.35,10:25:00,7799.286268684178,0,16
2015-12-07,7796.4,7796.4,7794.9,7794.9,10:30:00,7799.011385952352,0,17
2015-12-07,7799.85,7799.85,7797.0,7797.0,10:35:00,7799.091253956889,0,18
2015-12-07,7787.05,7797.65,7786.75,7797.65,10:40:00,7797.944467865756,0,19
2015-12-07,7784.3,7789.05,7784.3,7787.9,10:45:00,7796.644994735685,0,20
2015-12-07,7779.9,7784.45,7779.9,7784.45,10:50:00,7795.050233332287,0,21
2015-12-07,7780.85,7781.8,7779.1,7779.45,10:55:00,7793.697830157784,0,22
2015-12-07,7784.55,7784.55,7780.85,7781.55,11:00:00,7792.826608237995,0,23
2015-12-07,7789.5,7789.8,7786.25,7786.25,11:05:00,7792.509788405805,0,24
2015-12-07,7783.1,7789.25,7783.1,7789.05,11:10:00,7791.613618081443,0,25
2015-12-07,7785.35,7785.35,7782.35,7783.55,11:15:00,7791.017083026067,0,26
2015-12-07,7785.2,7787.1,7785.2,7785.6,11:20:00,7790.463075118822,0,27
2015-12-07,7783.3,7785.9,7783.3,7785.1,11:25:00,7789.780877488458,0,28
2015-12-07,7779.8,7781.3,7779.2,7781.3,11:30:00,7788.830317727652,0,29
2015-12-07,7787.25,7789.15,7779.85,7779.85,11:35:00,7788.679811277399,0,30
2015-12-07,7787.45,7788.75,7786.35,7786.35,11:40:00,7788.562686393838,0,31
2015-12-07,7787.95,7789.55,7786.85,7786.85,11:45:00,7788.50433530871,0,32
2015-12-07,7790.45,7790.45,7788.45,7788.9,11:50:00,7788.689636707881,0,33
2015-12-07,7785.3,7789.05,7785.3,7789.05,11:55:00,7788.366814164273,0,34
2015-12-07,7785.0,7785.15,7784.35,7785.15,12:00:00,7788.046165196247,0,35
2015-12-07,7783.85,7785.35,7782.8,7785.35,12:05:00,7787.646530415652,0,36
2015-12-07,7784.95,7785.3,7782.85,7782.95,12:10:00,7787.389717995114,0,37
2015-12-07,7785.7,7785.8,7785.2,7785.2,12:15:00,7787.228792471769,0,38
2015-12-07,7788.85,7789.15,7785.75,7785.75,12:20:00,7787.383193188744,0,39
2015-12-07,7786.7,7788.45,7786.35,7787.55,12:25:00,7787.318127170768,0,40
2015-12-07,7783.05,7783.75,7782.5,7783.45,12:30:00,7786.911638868791,0,41
2015-12-07,7772.95,7783.0,7772.95,7783.0,12:35:00,7785.581958976524,0,42
2015-12-07,7769.5,7770.9,7767.3,7767.3,12:40:00,7784.050343835903,0,43
2015-12-07,7766.45,7766.6,7764.25,7764.85,12:45:00,7782.374120613436,0,44
2015-12-07,7765.15,7769.35,7765.15,7769.35,12:50:00,7780.733728174062,0,45
2015-12-07,7762.4,7766.7,7762.4,7766.15,12:55:00,7778.987658824151,0,46
2015-12-07,7759.65,7761.1,7758.75,7761.1,13:00:00,7777.145977031375,0,47
2015-12-07,7769.15,7769.15,7760.25,7760.25,13:05:00,7776.384455409339,0,48
2015-12-07,7768.95,7771.0,7766.65,7770.2,13:10:00,7775.676412037021,0,49
2015-12-07,7766.15,7768.25,7764.9,7768.25,13:15:00,7774.769134700162,0,50
2015-12-07,7761.5,7764.5,7760.9,7764.5,13:20:00,7773.505407585861,0,51
2015-12-07,7759.15,7761.7,7759.15,7761.7,13:25:00,7772.138225911016,0,52
2015-12-07,7752.8,7757.95,7752.8,7757.95,13:30:00,7770.296490109967,0,53
2015-12-07,7754.7,7759.2,7754.3,7754.3,13:35:00,7768.811110099494,0,54
2015-12-07,7759.4,7759.85,7756.6,7759.85,13:40:00,7767.914813899542,0,55
2015-12-07,7757.6,7759.4,7757.6,7759.4,13:45:00,7766.9324506710145,0,56
2015-12-07,7755.15,7757.3,7753.25,7757.3,13:50:00,7765.81031251187,0,57
2015-12-07,7754.55,7758.75,7754.55,7758.75,13:55:00,7764.737901796453,0,58
2015-12-07,7757.75,7758.15,7754.35,7754.35,14:00:00,7764.072387339648,0,59
2015-12-07,7752.0,7759.35,7750.45,7759.35,14:05:00,7762.922636164443,0,60
2015-12-07,7748.2,7751.4,7747.1,7751.2,14:10:00,7761.520480339258,0,61
2015-12-07,7757.9,7757.9,7748.0,7748.0,14:15:00,7761.175672687899,0,62
2015-12-07,7756.05,7756.75,7756.05,7756.45,14:20:00,7760.68751338429,0,63
2015-12-07,7758.05,7759.8,7757.45,7757.45,14:25:00,7760.436321633406,0,64
2015-12-07,7769.25,7771.15,7757.3,7757.3,14:30:00,7761.275719573082,0,65
2015-12-07,7765.1,7770.85,7765.1,7769.75,14:35:00,7761.639936756597,0,66
2015-12-07,7767.2,7770.7,7767.2,7769.25,14:40:00,7762.169466589303,0,67
2015-12-07,7758.4,7766.05,7758.4,7766.05,14:45:00,7761.810469771273,0,68
2015-12-07,7758.6,7759.35,7757.0,7759.35,14:50:00,7761.504710745438,0,69
2015-12-07,7765.25,7765.25,7758.15,7758.15,14:55:00,7761.861404960159,0,70
2015-12-07,7765.2,7767.05,7762.2,7767.05,15:00:00,7762.179366392525,0,71
2015-12-07,7765.55,7768.75,7764.95,7764.95,15:05:00,7762.500379117047,0,72
2015-12-07,7766.6,7767.85,7764.25,7764.25,15:10:00,7762.890819201138,0,73
2015-12-07,7763.25,7766.3,7763.25,7766.3,15:15:00,7762.925026896268,0,74
2015-12-07,7767.65,7767.65,7764.2,7764.2,15:20:00,7763.375024334719,0,75
2015-12-07,7766.5,7766.5,7764.8,7766.5,15:25:00,7763.672641064746,0,76
2015-12-08,7738.5,7738.5,7738.5,7738.5,09:10:00,7761.275246677627,1,1
2015-12-08,7748.6,7750.2,7735.85,7735.85,09:15:00,7760.068080327377,1,2
2015-12-08,7747.25,7747.25,7743.25,7743.25,09:20:00,7758.847310772388,1,3
2015-12-08,7747.45,7747.45,7741.95,7741.95,09:25:00,7757.76185260359,1,4
2015-12-08,7746.5,7748.75,7746.5,7748.0,09:30:00,7756.689295212772,1,5
2015-12-08,7747.5,7749.95,7746.4,7748.05,09:35:00,7755.814124240127,1,6
2015-12-08,7758.6,7761.15,7751.25,7751.6,09:40:00,7756.0794457410675,1,7
2015-12-08,7760.6,7762.4,7757.85,7757.85,09:45:00,7756.509974718109,1,8
2015-12-08,7756.8,7761.25,7756.8,7761.25,09:50:00,7756.537596173528,1,9
2015-12-08,7761.45,7761.45,7757.95,7757.95,09:55:00,7757.005444157002,1,10
2015-12-08,7770.35,7770.35,7763.65,7763.65,10:00:00,7758.276354237287,1,11
2015-12-08,7764.6,7769.3,7764.6,7769.3,10:05:00,7758.878606214688,1,12
2015-12-08,7758.0,7761.45,7758.0,7761.3,10:10:00,7758.794929432337,1,13
2015-12-08,7756.15,7758.55,7754.0,7758.55,10:15:00,7758.543031391162,1,14
2015-12-08,7756.15,7756.15,7754.6,7755.25,10:20:00,7758.3151236396225,1,15
2015-12-08,7754.7,7756.6,7753.75,7756.6,10:25:00,7757.970826150135,1,16
2015-12-08,7756.8,7757.55,7753.7,7753.7,10:30:00,7757.859318897741,1,17
2015-12-08,7753.35,7757.4,7753.05,7757.4,10:35:00,7757.429859955099,1,18
2015-12-08,7749.6,7753.05,7749.6,7753.05,10:40:00,7756.684159006994,1,19
2015-12-08,7745.3,7746.85,7745.25,7746.85,10:45:00,7755.59995338728,1,20
2015-12-08,7750.85,7750.85,7747.15,7747.15,10:50:00,7755.147576874206,1,21
2015-12-08,7752.2,7752.2,7751.5,7751.6,10:55:00,7754.866855267139,1,22
2015-12-08,7750.8,7752.45,7750.0,7752.15,11:00:00,7754.479535717888,1,23
2015-12-08,7746.4,7746.4,7745.75,7745.85,11:05:00,7753.710056125708,1,24
2015-12-08,7744.85,7747.7,7744.85,7747.7,11:10:00,7752.866241256594,1,25
2015-12-08,7742.15,7746.05,7742.15,7746.05,11:15:00,7751.845646851203,1,26
2015-12-08,7736.7,7738.0,7736.7,7737.25,11:20:00,7750.403204293945,1,27
2015-12-08,7741.95,7741.95,7739.95,7739.95,11:25:00,7749.598137218331,1,28
2015-12-08,7740.35,7742.85,7740.35,7742.35,11:30:00,7748.717362245157,1,29
2015-12-08,7741.75,7742.5,7739.95,7739.95,11:35:00,7748.0538039360945,1,30
2015-12-08,7737.0,7740.7,7736.6,7740.7,11:40:00,7747.001060704086,1,31
2015-12-08,7735.15,7736.15,7734.75,7736.0,11:45:00,7745.872388256078,1,32
2015-12-08,7739.7,7739.7,7737.05,7737.05,11:50:00,7745.284541755499,1,33
2015-12-08,7739.8,7739.8,7738.6,7739.45,11:55:00,7744.762204445452,1,34
2015-12-08,7740.35,7740.75,7738.75,7740.75,12:00:00,7744.341994498266,1,35
2015-12-08,7742.05,7742.05,7739.6,7739.6,12:05:00,7744.123709307954,1,36
2015-12-08,7741.7,7743.1,7741.7,7742.2,12:10:00,7743.892879850054,1,37
2015-12-08,7739.3,7741.4,7738.95,7741.4,12:15:00,7743.455462721477,1,38
2015-12-08,7739.3,7740.15,7739.3,7739.95,12:20:00,7743.05970436705,1,39
2015-12-08,7738.65,7740.5,7738.65,7739.5,12:25:00,7742.639732522569,1,40
2015-12-08,7738.65,7738.65,7738.35,7738.55,12:30:00,7742.25975799661,1,41
2015-12-08,7741.15,7741.15,7739.35,7739.65,12:35:00,7742.154066758837,1,42
2015-12-08,7738.6,7740.25,7738.6,7740.0,12:40:00,7741.815584210376,1,43
2015-12-08,7735.25,7739.45,7735.25,7739.45,12:45:00,7741.1902904760545,1,44
2015-12-08,7729.3,7732.5,7729.3,7732.5,12:50:00,7740.057881859288,1,45
2015-12-08,7731.1,7731.2,7730.05,7730.05,12:55:00,7739.204750253642,1,46
2015-12-08,7733.35,7734.55,7731.7,7731.7,13:00:00,7738.647154991389,1,47
2015-12-08,7732.25,7733.35,7732.25,7733.0,13:05:00,7738.037902135066,1,48
2015-12-08,7732.55,7732.55,7727.45,7729.6,13:10:00,7737.515244788869,1,49
2015-12-08,7734.05,7735.05,7732.6,7733.15,13:15:00,7737.185221475644,1,50
2015-12-08,7741.45,7741.45,7736.1,7736.1,13:20:00,7737.5913908589155,1,51
2015-12-08,7742.45,7744.95,7741.7,7744.95,13:25:00,7738.054115539019,1,52
2015-12-08,7738.25,7740.45,7737.75,7740.45,13:30:00,7738.07277120197,1,53
2015-12-08,7737.85,7739.2,7737.1,7739.2,13:35:00,7738.051554897021,1,54
2015-12-08,7737.65,7739.1,7737.65,7738.3,13:40:00,7738.013311573495,1,55
2015-12-08,7739.85,7739.85,7736.1,7736.1,13:45:00,7738.188234280781,1,56
2015-12-08,7736.75,7739.55,7736.75,7739.0,13:50:00,7738.051259587373,1,57
2015-12-08,7735.25,7736.65,7734.5,7736.65,13:55:00,7737.784472960005,1,58
2015-12-08,7734.05,7735.15,7733.45,7735.15,14:00:00,7737.428808868575,1,59
2015-12-08,7731.55,7735.05,7731.55,7735.05,14:05:00,7736.868922309663,1,60
2015-12-08,7735.9,7735.95,7732.7,7732.7,14:10:00,7736.776643994456,1,61
2015-12-08,7737.75,7737.75,7734.95,7734.95,14:15:00,7736.869344566413,1,62
2015-12-08,7735.9,7737.7,7735.9,7737.55,14:20:00,7736.777026036279,1,63
2015-12-08,7741.35,7742.8,7737.6,7737.6,14:25:00,7737.212547366156,1,64
2015-12-08,7739.5,7742.05,7739.5,7741.2,14:30:00,7737.430399997951,1,65
2015-12-08,7739.3,7740.6,7739.3,7740.1,14:35:00,7737.608457141003,1,66
2015-12-08,7736.35,7740.3,7736.35,7740.3,14:40:00,7737.488604079956,1,67
2015-12-08,7733.3,7733.3,7732.35,7733.05,14:45:00,7737.089689405674,1,68
2015-12-08,7733.75,7735.85,7733.75,7735.85,14:50:00,7736.771623747991,1,69
2015-12-08,7725.7,7732.4,7725.7,7732.4,14:55:00,7735.717183391039,1,70
2015-12-08,7719.4,7725.2,7719.4,7725.2,15:00:00,7734.163165925226,1,71
2015-12-08,7707.7,7718.55,7707.7,7718.55,15:05:00,7731.642864408538,1,72
2015-12-08,7699.85,7706.05,7699.45,7706.05,15:10:00,7728.614972560106,1,73
2015-12-08,7698.6,7699.45,7696.55,7699.45,15:15:00,7725.756403744858,1,74
2015-12-08,7688.5,7697.6,7688.5,7697.6,15:20:00,7722.208174816777,1,75
2015-12-08,7690.85,7690.85,7686.8,7686.8,15:25:00,7719.221681977083,1,76
2015-12-09,7695.5,7695.5,7695.5,7695.5,09:10:00,7716.962474169742,2,1
2015-12-09,7695.25,7697.95,7694.1,7695.5,09:15:00,7714.894619486909,2,2
2015-12-09,7682.45,7689.25,7674.45,7689.25,09:20:00,7711.804655726251,2,3
2015-12-09,7691.6,7691.6,7685.4,7685.4,09:25:00,7709.880402799941,2,4
2015-12-09,7698.75,7702.7,7694.5,7694.5,09:30:00,7708.820364438042,2,5
2015-12-09,7686.05,7694.6,7686.05,7694.6,09:35:00,7706.651758301085,2,6
2015-12-09,7690.4,7690.4,7685.8,7685.8,09:40:00,7705.10397179622,2,7
2015-12-09,7696.95,7699.1,7695.4,7696.0,09:45:00,7704.327403053723,2,8
2015-12-09,7693.65,7701.35,7693.65,7701.35,09:50:00,7703.310507524798,2,9
2015-12-09,7689.75,7692.55,7689.15,7692.55,09:55:00,7702.019030617675,2,10
2015-12-09,7686.85,7690.45,7686.85,7690.45,10:00:00,7700.574361035039,2,11
2015-12-09,7681.6,7684.35,7679.5,7684.35,10:05:00,7698.767279031702,2,12
2015-12-09,7683.05,7683.45,7681.45,7682.6,10:10:00,7697.270395314397,2,13
2015-12-09,7675.35,7682.5,7672.2,7682.5,10:15:00,7695.182738617788,2,14
2015-12-09,7672.55,7678.45,7672.55,7678.45,10:20:00,7693.027239701809,2,15
2015-12-09,7673.45,7673.45,7670.05,7673.1,10:25:00,7691.162740682589,2,16
2015-12-09,7665.6,7671.9,7662.7,7671.9,10:30:00,7688.728193950914,2,17
2015-12-09,7661.7,7666.35,7661.7,7666.0,10:35:00,7686.154080241303,2,18
2015-12-09,7658.45,7659.7,7658.0,7659.7,10:40:00,7683.515596408798,2,19
2015-12-09,7663.0,7663.0,7656.4,7657.2,10:45:00,7681.56173008415,2,20
2015-12-09,7670.4,7670.4,7664.5,7664.5,10:50:00,7680.498708171374,2,21
2015-12-09,7675.15,7675.15,7668.15,7668.15,10:55:00,7679.989307393148,2,22
2015-12-09,7682.4,7682.4,7675.4,7675.4,11:00:00,7680.218897165229,2,23
2015-12-09,7672.95,7680.8,7672.95,7680.8,11:05:00,7679.52662124473,2,24
2015-12-09,7676.95,7678.7,7672.0,7672.0,11:10:00,7679.281228745232,2,25
2015-12-09,7671.1,7678.1,7671.1,7678.1,11:15:00,7678.502064102829,2,26
2015-12-09,7672.75,7675.7,7672.4,7672.4,11:20:00,7677.954248473989,2,27
2015-12-09,7673.2,7674.45,7672.5,7672.5,11:25:00,7677.5014629050365,2,28
2015-12-09,7668.55,7673.4,7668.55,7673.4,11:30:00,7676.648942628366,2,29
2015-12-09,7663.3,7667.3,7663.3,7667.3,11:35:00,7675.377614758998,2,30
2015-12-09,7660.0,7664.05,7658.4,7664.05,11:40:00,7673.913080020045,2,31
2015-12-09,7659.6,7660.65,7658.8,7660.65,11:45:00,7672.549929541946,2,32
2015-12-09,7666.25,7666.25,7659.35,7659.35,11:50:00,7671.9499362522365,2,33
2015-12-09,7663.4,7667.0,7662.8,7667.0,11:55:00,7671.135656609167,2,34
2015-12-09,7669.6,7669.6,7662.05,7662.05,12:00:00,7670.98940359877,2,35
2015-12-09,7668.85,7670.3,7667.15,7670.3,12:05:00,7670.785650875077,2,36
2015-12-09,7665.95,7668.55,7664.95,7668.55,12:10:00,7670.325112696498,2,37
2015-12-09,7667.9,7667.9,7665.6,7666.15,12:15:00,7670.0941495825455,2,38
2015-12-09,7669.2,7669.2,7667.35,7668.85,12:20:00,7670.008992479446,2,39
2015-12-09,7664.9,7668.6,7664.9,7668.6,12:25:00,7669.522421767117,2,40
2015-12-09,7665.7,7666.65,7665.15,7665.15,12:30:00,7669.158381598821,2,41
2015-12-09,7665.1,7665.5,7663.05,7665.5,12:35:00,7668.771869065599,2,42
2015-12-09,7658.25,7664.05,7658.25,7663.8,12:40:00,7667.769786297447,2,43
2015-12-09,7666.05,7666.05,7661.15,7661.45,12:45:00,7667.605997126262,2,44
2015-12-09,7664.5,7668.5,7664.5,7667.2,12:50:00,7667.310187876142,2,45
2015-12-09,7664.95,7666.35,7664.95,7664.95,12:55:00,7667.085408078414,2,46
2015-12-09,7665.45,7666.3,7663.9,7663.9,13:00:00,7666.929654928089,2,47
2015-12-09,7660.9,7662.65,7660.0,7661.7,13:05:00,7666.355402077795,2,48
2015-12-09,7664.7,7664.7,7662.65,7662.65,13:10:00,7666.197744737052,2,49
2015-12-09,7660.7,7663.85,7659.75,7663.85,13:15:00,7665.674150000189,2,50
2015-12-09,7665.25,7666.6,7662.25,7662.25,13:20:00,7665.633754762075,2,51
2015-12-09,7664.2,7668.35,7663.65,7663.65,13:25:00,7665.497206689497,2,52
2015-12-09,7659.75,7665.15,7659.75,7663.35,13:30:00,7664.94985367145,2,53
2015-12-09,7659.85,7661.9,7659.2,7660.1,13:35:00,7664.464153321788,2,54
2015-12-09,7664.95,7664.95,7660.65,7660.65,13:40:00,7664.510424433999,2,55
2015-12-09,7667.35,7669.05,7664.95,7664.95,13:45:00,7664.7808602021905,2,56
2015-12-09,7666.75,7666.9,7665.45,7666.9,13:50:00,7664.968397325792,2,57
2015-12-09,7660.45,7666.0,7660.45,7666.0,13:55:00,7664.538073770954,2,58
2015-12-09,7647.05,7663.5,7644.65,7663.5,14:00:00,7662.8725429356255,2,59
2015-12-09,7644.8,7650.7,7644.8,7649.35,14:05:00,7661.151348370327,2,60
2015-12-09,7639.8,7645.5,7639.05,7639.05,14:10:00,7659.117886620773,2,61
2015-12-09,7647.85,7647.85,7643.25,7643.25,14:15:00,7658.044754561652,2,62
2015-12-09,7634.3,7644.3,7634.3,7644.3,14:20:00,7655.783349365303,2,63
2015-12-09,7638.6,7638.6,7635.2,7636.3,14:25:00,7654.146839901941,2,64
2015-12-09,7637.6,7637.6,7633.55,7636.55,14:30:00,7652.5709503874705,2,65
2015-12-09,7637.95,7637.95,7634.7,7636.65,14:35:00,7651.178478921997,2,66
2015-12-09,7629.1,7637.3,7629.1,7636.6,14:40:00,7649.075766643712,2,67
2015-12-09,7620.2,7626.6,7620.2,7626.6,14:45:00,7646.325693630026,2,68
2015-12-09,7612.6,7622.55,7612.6,7622.55,14:50:00,7643.113722808119,2,69
2015-12-09,7627.05,7627.05,7612.3,7612.9,14:55:00,7641.583844445441,2,70
2015-12-09,7618.65,7629.0,7617.3,7629.0,15:00:00,7639.39966878397,2,71
2015-12-09,7609.1,7616.95,7608.55,7616.95,15:05:00,7636.51398604264,2,72
2015-12-09,7613.3,7613.9,7611.65,7613.45,15:10:00,7634.303130229055,2,73
2015-12-09,7614.5,7615.1,7612.3,7612.6,15:15:00,7632.417117826288,2,74
2015-12-09,7610.7,7614.05,7610.7,7614.05,15:20:00,7630.348820890451,2,75
2015-12-09,7618.45,7618.45,7611.4,7611.4,15:25:00,7629.215599853265,2,76
2015-12-10,7643.3,7643.3,7643.3,7643.3,09:10:00,7630.556971295811,3,1
2015-12-10,7648.6,7650.55,7643.3,7643.3,09:15:00,7632.275354981924,3,2
2015-12-10,7629.7,7643.35,7629.7,7643.35,09:20:00,7632.030083078884,3,3
2015-12-10,7634.45,7637.1,7629.65,7631.65,09:25:00,7632.260551357085,3,4
2015-12-10,7622.15,7636.7,7622.15,7636.7,09:30:00,7631.29764170403,3,5
2015-12-10,7627.75,7627.85,7623.75,7623.85,09:35:00,7630.959771065551,3,6
2015-12-10,7624.65,7625.9,7620.25,7625.9,09:40:00,7630.358840487879,3,7
2015-12-10,7620.9,7625.25,7618.0,7625.25,09:45:00,7629.457998536653,3,8
2015-12-10,7634.55,7634.55,7626.8,7626.8,09:50:00,7629.942951056972,3,9
2015-12-10,7639.55,7641.2,7636.2,7637.3,09:55:00,7630.857908099165,3,10
2015-12-10,7627.35,7636.5,7626.95,7636.5,10:00:00,7630.52382161353,3,11
2015-12-10,7631.65,7633.35,7628.8,7628.8,10:05:00,7630.631076697956,3,12
2015-12-10,7629.55,7629.85,7628.35,7629.75,10:10:00,7630.528117012436,3,13
2015-12-10,7634.95,7634.95,7630.45,7630.45,10:15:00,7630.9492487255375,3,14
2015-12-10,7636.7,7636.7,7631.9,7634.1,10:20:00,7631.496939323106,3,15
2015-12-10,7629.75,7633.45,7629.75,7633.45,10:25:00,7631.330564149476,3,16
2015-12-10,7627.8,7628.35,7627.15,7628.25,10:30:00,7630.994319944764,3,17
2015-12-10,7628.5,7628.5,7625.1,7626.45,10:35:00,7630.7567656643105,3,18
2015-12-10,7624.2,7628.45,7623.6,7628.45,10:40:00,7630.132311791519,3,19
2015-12-10,7624.75,7624.75,7623.15,7623.95,10:45:00,7629.619710668518,3,20
2015-12-10,7620.95,7625.15,7620.95,7625.15,10:50:00,7628.794023938182,3,21
2015-12-10,7622.2,7622.2,7620.65,7620.65,10:55:00,7628.166021658356,3,22
2015-12-10,7625.3,7625.3,7620.3,7620.3,11:00:00,7627.893067214703,3,23
2015-12-10,7620.6,7623.15,7620.45,7623.15,11:05:00,7627.198489384731,3,24
2015-12-10,7612.3,7620.35,7612.3,7620.35,11:10:00,7625.779585633804,3,25
2015-12-10,7619.05,7620.1,7610.8,7610.8,11:15:00,7625.138672716299,3,26
2015-12-10,7626.9,7627.5,7619.7,7619.7,11:20:00,7625.30641817189,3,27
2015-12-10,7623.7,7626.1,7622.7,7626.1,11:25:00,7625.153425965043,3,28
2015-12-10,7627.75,7627.75,7624.5,7624.5,11:30:00,7625.400718730277,3,29
2015-12-10,7631.7,7631.7,7626.35,7628.6,11:35:00,7626.000650279774,3,30
2015-12-10,7632.4,7633.65,7632.05,7633.1,11:40:00,7626.61011215789,3,31
2015-12-10,7638.7,7638.7,7633.75,7633.75,11:45:00,7627.761530047615,3,32
2015-12-10,7644.75,7646.45,7642.05,7642.05,11:50:00,7629.37947956689,3,33
2015-12-10,7640.45,7641.0,7637.85,7641.0,11:55:00,7630.433814846234,3,34
2015-12-10,7628.85,7638.8,7628.85,7638.8,12:00:00,7630.282975337069,3,35
2015-12-10,7634.25,7635.05,7630.2,7630.2,12:05:00,7630.660787209729,3,36
2015-12-10,7633.95,7637.05,7632.55,7637.05,12:10:00,7630.974045570708,3,37
2015-12-10,7628.15,7632.1,7627.65,7631.25,12:15:00,7630.705088849688,3,38
2015-12-10,7636.95,7636.95,7627.95,7627.95,12:20:00,7631.299842292575,3,39
2015-12-10,7637.05,7638.85,7637.05,7637.65,12:25:00,7631.847476359948,3,40
2015-12-10,7638.35,7638.4,7633.75,7633.75,12:30:00,7632.466764325667,3,41
2015-12-10,7635.7,7636.85,7634.65,7636.85,12:35:00,7632.774691532746,3,42
2015-12-10,7640.1,7640.1,7635.65,7635.65,12:40:00,7633.472339958199,3,43
2015-12-10,7641.3,7643.4,7641.3,7641.8,12:45:00,7634.217831390752,3,44
2015-12-10,7641.95,7642.75,7637.8,7637.8,12:50:00,7634.954228401157,3,45
2015-12-10,7638.2,7642.55,7638.2,7642.55,12:55:00,7635.263349505808,3,46
2015-12-10,7637.3,7639.35,7637.3,7639.35,13:00:00,7635.457316219541,3,47
2015-12-10,7642.0,7642.0,7638.35,7638.35,13:05:00,7636.080428960538,3,48
2015-12-10,7643.05,7643.05,7639.85,7641.7,13:10:00,7636.744197630962,3,49
2015-12-10,7640.15,7641.95,7637.75,7641.95,13:15:00,7637.068559761346,3,50
2015-12-10,7633.65,7638.45,7633.65,7637.15,13:20:00,7636.742982641218,3,51
2015-12-10,7639.0,7639.15,7635.35,7635.35,13:25:00,7636.957936675388,3,52
2015-12-10,7638.75,7639.75,7637.4,7639.75,13:30:00,7637.12860937297,3,53
2015-12-10,7630.2,7635.8,7628.85,7635.8,13:35:00,7636.468741813639,3,54
2015-12-10,7632.1,7632.1,7627.5,7630.0,13:40:00,7636.052671164722,3,55
2015-12-10,7666.75,7666.75,7634.95,7634.95,13:45:00,7638.976226291891,3,56
2015-12-10,7663.9,7675.2,7662.1,7668.85,13:50:00,7641.349919025996,3,57
2015-12-10,7661.2,7670.8,7661.2,7670.8,13:55:00,7643.240402928282,3,58
2015-12-10,7665.75,7672.1,7662.9,7662.9,14:00:00,7645.38417407797,3,59
2015-12-10,7657.15,7668.05,7657.15,7668.05,14:05:00,7646.504728927687,3,60
2015-12-10,7655.55,7661.0,7655.55,7659.05,14:10:00,7647.3661833155265,3,61
2015-12-10,7657.2,7659.85,7655.5,7655.75,14:15:00,7648.302737285477,3,62
2015-12-10,7663.5,7663.5,7660.65,7661.95,14:20:00,7649.750095639241,3,63
2015-12-10,7658.85,7662.85,7658.85,7662.85,14:25:00,7650.61675319741,3,64
2015-12-10,7660.15,7660.15,7656.6,7658.3,14:30:00,7651.524681464323,3,65
2015-12-10,7655.25,7661.25,7655.25,7661.25,14:35:00,7651.879473705816,3,66
2015-12-10,7662.8,7662.8,7657.5,7657.5,14:40:00,7652.919523829072,3,67
2015-12-10,7667.0,7667.0,7663.9,7666.5,14:45:00,7654.260521559637,3,68
2015-12-10,7668.25,7669.05,7667.4,7667.45,14:50:00,7655.592852839672,3,69
2015-12-10,7668.45,7668.45,7663.9,7667.55,14:55:00,7656.817343045417,3,70
2015-12-10,7679.4,7681.15,7668.4,7668.4,15:00:00,7658.968072279187,3,71
2015-12-10,7690.2,7690.2,7678.2,7678.2,15:05:00,7661.942541585931,3,72
2015-12-10,7687.15,7690.55,7684.95,7690.55,15:10:00,7664.343251911081,3,73
2015-12-10,7682.7,7685.75,7682.7,7685.05,15:15:00,7666.091513633835,3,74
2015-12-10,7682.0,7683.65,7679.0,7683.65,15:20:00,7667.60660757347,3,75
2015-12-10,7683.15,7683.45,7681.95,7682.95,15:25:00,7669.086930661711,3,76
2015-12-11,7699.6,7699.6,7699.6,7699.6,09:10:00,7671.992937265359,4,1
2015-12-11,7676.95,7699.45,7673.25,7699.45,09:15:00,7672.465038478182,4,2
2015-12-11,7667.9,7682.85,7667.9,7677.5,09:20:00,7672.030272908831,4,3
2015-12-11,7666.2,7668.5,7661.15,7661.15,09:25:00,7671.475008822275,4,4
2015-12-11,7668.05,7668.05,7662.6,7667.2,09:30:00,7671.1488175058685,4,5
2015-12-11,7669.65,7671.15,7661.5,7661.5,09:35:00,7671.0060729815,4,6
2015-12-11,7673.35,7673.5,7669.65,7673.0,09:40:00,7671.22930412612,4,7
2015-12-11,7666.5,7673.9,7666.5,7673.9,09:45:00,7670.778894209347,4,8
2015-12-11,7670.65,7670.65,7665.15,7665.4,09:50:00,7670.766618570362,4,9
2015-12-11,7668.15,7669.65,7667.2,7669.05,09:55:00,7670.517416801757,4,10
2015-12-11,7668.15,7669.55,7667.5,7668.55,10:00:00,7670.291948534923,4,11
2015-12-11,7668.15,7669.2,7668.15,7668.55,10:05:00,7670.087953436359,4,12
2015-12-11,7669.35,7669.35,7666.9,7668.35,10:10:00,7670.017672156707,4,13
2015-12-11,7676.15,7676.55,7671.35,7671.35,10:15:00,7670.601703379878,4,14
2015-12-11,7677.45,7677.65,7675.45,7675.45,10:20:00,7671.253922105604,4,15
2015-12-11,7678.7,7682.25,7678.7,7679.15,10:25:00,7671.963072381261,4,16
2015-12-11,7679.15,7679.15,7676.9,7677.6,10:30:00,7672.647541678283,4,17
2015-12-11,7682.85,7682.85,7677.95,7678.05,10:35:00,7673.619204375589,4,18
2015-12-11,7672.15,7681.8,7672.15,7681.8,10:40:00,7673.479280149342,4,19
2015-12-11,7673.8,7675.0,7669.15,7669.15,10:45:00,7673.509824897023,4,20
2015-12-11,7671.2,7674.9,7671.2,7674.9,10:50:00,7673.289841573497,4,21
2015-12-11,7673.35,7673.35,7669.95,7670.05,10:55:00,7673.29557094745,4,22
2015-12-11,7670.25,7672.25,7669.4,7672.25,11:00:00,7673.005516571502,4,23
2015-12-11,7671.2,7671.2,7669.65,7669.65,11:05:00,7672.833562612311,4,24
2015-12-11,7667.5,7668.25,7667.2,7667.2,11:10:00,7672.3256042682815,4,25
2015-12-11,7668.15,7669.25,7666.5,7666.5,11:15:00,7671.927927671302,4,26
2015-12-11,7667.95,7669.45,7665.55,7667.15,11:20:00,7671.549077416892,4,27
2015-12-11,7657.75,7664.35,7657.45,7664.05,11:25:00,7670.234879567664,4,28
2015-12-11,7650.55,7657.65,7646.45,7657.65,11:30:00,7668.360129132649,4,29
2015-12-11,7646.7,7651.7,7644.45,7651.7,11:35:00,7666.297259691444,4,30
2015-12-11,7642.25,7644.65,7637.95,7644.65,11:40:00,7664.007044482735,4,31
2015-12-11,7645.15,7646.9,7643.35,7643.35,11:45:00,7662.21113548438,4,32
2015-12-11,7638.85,7643.8,7638.85,7641.1,11:50:00,7659.986265438249,4,33
2015-12-11,7634.2,7641.4,7631.95,7641.4,11:55:00,7657.530430634606,4,34
2015-12-11,7637.5,7637.5,7633.25,7633.25,12:00:00,7655.622770574168,4,35
2015-12-11,7633.65,7639.05,7633.65,7638.6,12:05:00,7653.53012575758,4,36
2015-12-11,7633.7,7636.45,7633.5,7633.5,12:10:00,7651.641542352096,4,37
2015-12-11,7633.25,7635.45,7632.05,7632.05,12:15:00,7649.889966889992,4,38
2015-12-11,7623.25,7635.85,7623.25,7634.85,12:20:00,7647.352827186183,4,39
2015-12-11,7629.7,7629.7,7623.8,7624.4,12:25:00,7645.6716055494035,4,40
2015-12-11,7625.95,7630.7,7624.15,7630.7,12:30:00,7643.793357401841,4,41
2015-12-11,7619.85,7625.75,7619.85,7624.5,12:35:00,7641.513037649284,4,42
2015-12-11,7622.9,7622.9,7621.2,7622.0,12:40:00,7639.740367396972,4,43
2015-12-11,7612.65,7621.4,7610.5,7621.4,12:45:00,7637.160332406784,4,44
2015-12-11,7601.15,7612.1,7596.35,7612.1,12:50:00,7633.730776939471,4,45
2015-12-11,7588.85,7600.85,7588.85,7600.85,12:55:00,7629.45641723095,4,46
2015-12-11,7601.35,7601.45,7592.65,7592.65,13:00:00,7626.779615589908,4,47
2015-12-11,7608.25,7610.95,7603.05,7603.05,13:05:00,7625.014890295632,4,48
2015-12-11,7605.75,7612.05,7605.75,7612.05,13:10:00,7623.180138838905,4,49
2015-12-11,7605.05,7610.3,7605.05,7609.3,13:15:00,7621.453458949486,4,50
2015-12-11,7613.65,7613.65,7602.35,7602.35,13:20:00,7620.710272382868,4,51
2015-12-11,7619.25,7619.35,7616.05,7617.1,13:25:00,7620.571198822595,4,52
2015-12-11,7618.6,7618.6,7609.4,7612.6,13:30:00,7620.383465601395,4,53
2015-12-11,7617.05,7617.05,7613.8,7615.75,13:35:00,7620.065992686977,4,54
2015-12-11,7614.9,7615.55,7606.1,7615.55,13:40:00,7619.573993383456,4,55
2015-12-11,7614.1,7614.55,7611.2,7614.55,13:45:00,7619.052660680269,4,56
2015-12-11,7609.3,7616.3,7609.3,7615.15,13:50:00,7618.123835853577,4,57
2015-12-11,7601.05,7609.8,7601.05,7609.8,13:55:00,7616.497756248475,4,58
2015-12-11,7585.05,7601.35,7585.05,7601.35,14:00:00,7613.502731843858,4,59
2015-12-11,7585.85,7593.65,7585.85,7593.65,14:05:00,7610.869138334919,4,60
2015-12-11,7591.6,7591.6,7581.95,7587.1,14:10:00,7609.033982303022,4,61
2015-12-11,7591.9,7596.85,7591.9,7592.6,14:15:00,7607.402174464638,4,62
2015-12-11,7591.3,7592.15,7590.65,7592.15,14:20:00,7605.868634039434,4,63
2015-12-11,7586.0,7589.75,7584.0,7589.75,14:25:00,7603.976383178536,4,64
2015-12-11,7587.05,7587.05,7576.6,7580.55,14:30:00,7602.364346685342,4,65
2015-12-11,7609.7,7609.7,7587.25,7587.25,14:35:00,7603.062980334357,4,66
2015-12-11,7606.45,7611.75,7604.65,7611.75,14:40:00,7603.385553635847,4,67
2015-12-11,7598.05,7603.55,7596.15,7603.55,14:45:00,7602.877405670528,4,68
2015-12-11,7601.75,7601.75,7596.95,7600.6,14:50:00,7602.770033701907,4,69
2015-12-11,7620.5,7620.5,7603.2,7603.2,14:55:00,7604.458601920773,4,70
2015-12-11,7611.2,7620.25,7611.2,7620.25,15:00:00,7605.10063983308,4,71
2015-12-11,7610.6,7613.45,7608.5,7608.5,15:05:00,7605.624388420406,4,72
2015-12-11,7599.15,7608.0,7599.15,7606.6,15:10:00,7605.007779999415,4,73
2015-12-11,7609.55,7609.55,7603.35,7603.35,15:15:00,7605.440372380423,4,74
2015-12-11,7607.55,7610.4,7607.55,7610.4,15:20:00,7605.641289296573,4,75
2015-12-11,7609.8,7616.1,7609.15,7609.15,15:25:00,7606.037356982613,4,76
2015-12-14,7558.2,7558.2,7558.2,7558.2,09:10:00,7601.4814182223645,0,1
2015-12-14,7578.2,7578.2,7558.2,7558.2,09:15:00,7599.2641402964255,0,2
2015-12-14,7576.2,7579.0,7574.8,7575.35,09:20:00,7597.06755550629,0,3
2015-12-14,7580.3,7586.3,7575.5,7575.5,09:25:00,7595.470645458072,0,4
2015-12-14,7594.1,7594.25,7584.75,7584.75,09:30:00,7595.340107795399,0,5
2015-12-14,7580.45,7590.5,7580.45,7590.5,09:35:00,7593.922002291075,0,6
2015-12-14,7579.1,7579.1,7574.35,7577.9,09:40:00,7592.510383025258,0,7
2015-12-14,7580.8,7580.85,7578.75,7580.0,09:45:00,7591.395108451425,0,8
2015-12-14,7586.75,7586.75,7579.05,7579.05,09:50:00,7590.952717170337,0,9
2015-12-14,7596.85,7598.5,7587.25,7587.25,09:55:00,7591.514363154114,0,10
2015-12-14,7601.65,7607.3,7600.6,7600.6,10:00:00,7592.479661901341,0,11
2015-12-14,7610.65,7610.65,7601.6,7601.6,10:05:00,7594.21017029169,0,12
2015-12-14,7611.25,7615.7,7611.25,7615.7,10:10:00,7595.83301121629,0,13
2015-12-14,7638.65,7638.65,7611.45,7611.45,10:15:00,7599.910819671882,0,14
2015-12-14,7639.4,7639.4,7635.3,7638.15,10:20:00,7603.671693988846,0,15
2015-12-14,7636.8,7638.2,7632.8,7637.15,10:25:00,7606.826770751813,0,16
2015-12-14,7641.65,7641.65,7634.45,7634.45,10:30:00,7610.1432687754495,0,17
2015-12-14,7623.9,7636.4,7623.9,7636.4,10:35:00,7611.453433653978,0,18
2015-12-14,7635.4,7635.4,7623.7,7624.3,10:40:00,7613.734059020266,0,19
2015-12-14,7638.55,7640.65,7637.5,7637.5,10:45:00,7616.097481970717,0,20
2015-12-14,7639.55,7639.55,7631.8,7634.0,10:50:00,7618.331055116363,0,21
2015-12-14,7634.35,7641.75,7634.35,7641.75,10:55:00,7619.856668914805,0,22
2015-12-14,7633.6,7634.85,7633.5,7633.5,11:00:00,7621.165557589585,0,23
2015-12-14,7629.5,7633.3,7629.35,7633.3,11:05:00,7621.959314009624,0,24
2015-12-14,7627.8,7634.15,7627.8,7632.75,11:10:00,7622.515569818231,0,25
2015-12-14,7629.1,7630.75,7628.6,7628.6,11:15:00,7623.14265840697,0,26
2015-12-14,7621.35,7626.75,7621.1,7626.75,11:20:00,7622.9719290348785,0,27
2015-12-14,7629.35,7629.35,7622.25,7624.55,11:25:00,7623.57936436489,0,28
2015-12-14,7630.15,7630.15,7627.0,7628.65,11:30:00,7624.205139187282,0,29
2015-12-14,7621.15,7629.5,7621.15,7629.45,11:35:00,7623.914173550398,0,30
2015-12-14,7624.8,7625.0,7623.7,7625.0,11:40:00,7623.99853797417,0,31
2015-12-14,7628.05,7628.05,7624.1,7624.1,11:45:00,7624.38439150044,0,32
2015-12-14,7630.45,7630.45,7626.05,7627.85,11:50:00,7624.962068500397,0,33
2015-12-14,7633.5,7633.5,7631.4,7631.7,11:55:00,7625.775204833693,0,34
2015-12-14,7639.3,7639.3,7633.55,7634.5,12:00:00,7627.063280563818,0,35
2015-12-14,7633.25,7638.25,7633.25,7638.25,12:05:00,7627.652491938693,0,36
2015-12-14,7633.05,7633.75,7630.95,7633.75,12:10:00,7628.166540325484,0,37
2015-12-14,7629.3,7632.5,7629.3,7631.75,12:15:00,7628.274488865914,0,38
2015-12-14,7627.55,7629.0,7627.55,7628.9,12:20:00,7628.205489926304,0,39
2015-12-14,7628.4,7628.4,7626.15,7626.15,12:25:00,7628.224014695227,0,40
2015-12-14,7631.3,7631.75,7628.3,7628.3,12:30:00,7628.516965676635,0,41
2015-12-14,7631.4,7631.4,7629.35,7629.35,12:35:00,7628.791540374098,0,42
2015-12-14,7635.1,7635.3,7632.5,7632.5,12:40:00,7629.392346052755,0,43
2015-12-14,7649.0,7649.0,7636.3,7636.6,12:45:00,7631.259741666779,0,44
2015-12-14,7646.05,7646.8,7644.55,7646.3,12:50:00,7632.668337698514,0,45
2015-12-14,7651.75,7652.75,7649.4,7652.75,12:55:00,7634.485638870085,0,46
2015-12-14,7653.9,7654.9,7652.1,7652.1,13:00:00,7636.334625644362,0,47
2015-12-14,7648.45,7651.55,7648.45,7651.55,13:05:00,7637.488470821089,0,48
2015-12-14,7647.1,7651.3,7647.1,7651.25,13:10:00,7638.4038545524145,0,49
2015-12-14,7654.0,7654.0,7647.55,7647.8,13:15:00,7639.889201737898,0,50
2015-12-14,7650.75,7653.3,7650.1,7653.3,13:20:00,7640.923563477146,0,51
2015-12-14,7652.15,7652.15,7649.7,7649.7,13:25:00,7641.992747907893,0,52
2015-12-14,7654.75,7660.75,7651.65,7651.65,13:30:00,7643.2077242976175,0,53
2015-12-14,7650.35,7652.5,7644.1,7652.5,13:35:00,7643.887941031178,0,54
2015-12-14,7654.9,7654.9,7650.3,7654.15,13:40:00,7644.936708552019,0,55
2015-12-14,7649.6,7652.65,7649.6,7652.65,13:45:00,7645.380831547065,0,56
2015-12-14,7650.5,7650.7,7648.95,7648.95,13:50:00,7645.868371399726,0,57
2015-12-14,7657.0,7657.05,7653.2,7654.65,13:55:00,7646.928526504515,0,58
2015-12-14,7654.35,7656.7,7654.3,7656.7,14:00:00,7647.635333504085,0,59
2015-12-14,7643.0,7653.55,7643.0,7653.55,14:05:00,7647.193873170362,0,60
2015-12-14,7633.9,7637.65,7626.0,7637.65,14:10:00,7645.927790011279,0,61
2015-12-14,7615.65,7633.0,7615.65,7629.65,14:15:00,7643.044190962586,0,62
2015-12-14,7613.35,7625.0,7613.35,7618.8,14:20:00,7640.216172775673,0,63
2015-12-14,7615.75,7620.1,7609.35,7614.8,14:25:00,7637.886061082751,0,64
2015-12-14,7615.3,7618.75,7613.2,7615.35,14:30:00,7635.735007646299,0,65
2015-12-14,7610.2,7615.75,7610.2,7615.75,14:35:00,7633.303102156175,0,66
2015-12-14,7603.6,7603.6,7598.65,7598.65,14:40:00,7630.474235284158,0,67
2015-12-14,7611.65,7611.65,7602.7,7602.7,14:45:00,7628.681450971381,0,68
2015-12-14,7618.2,7618.2,7610.0,7610.0,14:50:00,7627.683217545536,0,69
2015-12-14,7626.35,7626.35,7624.1,7625.4,14:55:00,7627.556244445961,0,70
2015-12-14,7643.15,7644.7,7631.85,7631.85,15:00:00,7629.041364022536,0,71
2015-12-14,7645.8,7645.8,7636.6,7639.05,15:05:00,7630.637424591819,0,72
2015-12-14,7645.95,7646.7,7644.25,7644.25,15:10:00,7632.095765106884,0,73
2015-12-14,7659.35,7659.35,7649.05,7649.65,15:15:00,7634.691406525276,0,74
2015-12-14,7651.65,7659.5,7651.65,7658.05,15:20:00,7636.306510665726,0,75
2015-12-14,7656.75,7657.6,7651.3,7651.3,15:25:00,7638.253509649942,0,76
2015-12-15,7659.15,7659.15,7659.15,7659.15,09:10:00,7640.243651588043,1,1
2015-12-15,7653.35,7659.4,7650.45,7659.4,09:15:00,7641.491875246324,1,2
2015-12-15,7650.8,7660.1,7650.8,7651.5,09:20:00,7642.378363318103,1,3
2015-12-15,7641.65,7656.5,7641.65,7656.5,09:25:00,7642.308995383045,1,4
2015-12-15,7633.95,7642.1,7633.95,7640.8,09:30:00,7641.51290058466,1,5
2015-12-15,7645.1,7645.1,7635.15,7635.15,09:35:00,7641.854529100407,1,6
2015-12-15,7640.5,7646.4,7640.5,7646.4,09:40:00,7641.725526328941,1,7
2015-12-15,7637.75,7639.8,7635.4,7638.95,09:45:00,7641.3469047738035,1,8
2015-12-15,7634.4,7638.2,7634.0,7638.2,09:50:00,7640.685294795346,1,9
2015-12-15,7627.7,7635.2,7626.95,7635.2,09:55:00,7639.448600052931,1,10
2015-12-15,7641.25,7641.25,7631.9,7631.9,10:00:00,7639.620161952653,1,11
2015-12-15,7643.95,7645.5,7641.4,7641.4,10:05:00,7640.032527480972,1,12
2015-12-15,7640.05,7643.65,7640.05,7643.65,10:10:00,7640.034191530403,1,13
2015-12-15,7637.5,7641.3,7637.5,7641.3,10:15:00,7639.79283995608,1,14
2015-12-15,7632.85,7637.55,7632.85,7637.55,10:20:00,7639.131617103119,1,15
2015-12-15,7637.9,7640.5,7633.7,7633.7,10:25:00,7639.014320236156,1,16
2015-12-15,7638.65,7639.5,7638.0,7639.5,10:30:00,7638.979623070808,1,17
2015-12-15,7639.0,7639.15,7636.3,7639.15,10:35:00,7638.981563730731,1,18
2015-12-15,7636.8,7639.15,7636.35,7638.35,10:40:00,7638.773795756376,1,19
2015-12-15,7641.1,7641.1,7637.4,7638.45,10:45:00,7638.995339017674,1,20
2015-12-15,7639.25,7644.45,7639.25,7642.55,10:50:00,7639.019592444562,1,21
2015-12-15,7640.35,7641.45,7639.95,7639.95,10:55:00,7639.146297926032,1,22
2015-12-15,7634.9,7640.9,7634.9,7640.9,11:00:00,7638.741888599743,1,23
2015-12-15,7631.1,7636.35,7631.1,7634.85,11:05:00,7638.014089685482,1,24
2015-12-15,7635.75,7635.75,7629.6,7629.6,11:10:00,7637.798462096388,1,25
2015-12-15,7635.65,7635.65,7634.7,7634.7,11:15:00,7637.593846658637,1,26
2015-12-15,7634.35,7635.65,7634.35,7635.6,11:20:00,7637.284908881624,1,27
2015-12-15,7637.4,7637.4,7635.15,7635.15,11:25:00,7637.295869940517,1,28
2015-12-15,7637.8,7639.75,7637.7,7638.3,11:30:00,7637.343882327135,1,29
2015-12-15,7640.3,7640.3,7636.6,7636.6,11:35:00,7637.625417343598,1,30
2015-12-15,7645.6,7645.6,7640.25,7640.25,11:40:00,7638.384901406112,1,31
2015-12-15,7645.25,7651.9,7645.25,7645.35,11:45:00,7639.038720319816,1,32
2015-12-15,7649.55,7650.65,7646.3,7646.3,11:50:00,7640.039794575071,1,33
2015-12-15,7648.1,7649.05,7647.0,7649.05,11:55:00,7640.807433186968,1,34
2015-12-15,7651.3,7651.3,7648.55,7648.65,12:00:00,7641.8067252644,1,35
2015-12-15,7655.85,7656.4,7652.2,7652.2,12:05:00,7643.1441800011235,1,36
2015-12-15,7651.2,7654.4,7649.45,7654.4,12:10:00,7643.911400953398,1,37
2015-12-15,7645.75,7651.15,7645.75,7651.15,12:15:00,7644.086505624503,1,38
2015-12-15,7650.2,7650.2,7646.55,7646.55,12:20:00,7644.668743184074,1,39
2015-12-15,7649.6,7649.6,7648.15,7648.15,12:25:00,7645.138386690352,1,40
2015-12-15,7653.65,7653.65,7650.8,7651.15,12:30:00,7645.949016529366,1,41
2015-12-15,7652.7,7652.7,7651.15,7652.6,12:35:00,7646.591967336093,1,42
2015-12-15,7656.25,7656.25,7654.7,7654.7,12:40:00,7647.511779970751,1,43
2015-12-15,7654.85,7655.85,7654.8,7655.85,12:45:00,7648.210658068776,1,44
2015-12-15,7656.95,7657.6,7656.6,7656.8,12:50:00,7649.042976347941,1,45
2015-12-15,7651.3,7651.85,7649.15,7651.85,12:55:00,7649.25793098147,1,46
2015-12-15,7646.15,7652.6,7646.15,7652.3,13:00:00,7648.961937554664,1,47
2015-12-15,7648.95,7648.95,7645.4,7645.4,13:05:00,7648.960800644696,1,48
2015-12-15,7647.3,7648.6,7645.8,7648.6,13:10:00,7648.802629154725,1,49
2015-12-15,7660.4,7660.4,7649.2,7649.2,13:15:00,7649.907140663799,1,50
2015-12-15,7656.6,7657.95,7656.6,7657.95,13:20:00,7650.544555838675,1,51
2015-12-15,7655.15,7655.4,7653.0,7655.4,13:25:00,7650.983169568324,1,52
2015-12-15,7663.2,7663.2,7654.7,7654.7,13:30:00,7652.146677228484,1,53
2015-12-15,7664.7,7664.75,7661.85,7662.5,13:35:00,7653.342231778151,1,54
2015-12-15,7661.8,7667.65,7661.8,7667.65,13:40:00,7654.147733513566,1,55
2015-12-15,7663.05,7663.35,7661.95,7662.1,13:45:00,7654.995568417036,1,56
2015-12-15,7668.65,7668.65,7664.4,7664.4,13:50:00,7656.295990472556,1,57
2015-12-15,7671.0,7673.1,7669.25,7672.95,13:55:00,7657.696372332312,1,58
2015-12-15,7678.35,7678.4,7669.85,7669.85,14:00:00,7659.663384491139,1,59
2015-12-15,7677.55,7680.45,7674.7,7675.05,14:05:00,7661.3668716824595,1,60
2015-12-15,7675.7,7675.7,7672.55,7674.0,14:10:00,7662.731931522225,1,61
2015-12-15,7680.9,7682.95,7679.7,7681.55,14:15:00,7664.462223758203,1,62
2015-12-15,7685.15,7689.5,7685.15,7689.5,14:20:00,7666.432488162184,1,63
2015-12-15,7689.15,7689.8,7686.3,7686.45,14:25:00,7668.596060718167,1,64
2015-12-15,7683.7,7686.45,7680.85,7686.45,14:30:00,7670.03453112596,1,65
2015-12-15,7688.65,7688.65,7684.1,7684.1,14:35:00,7671.807432923488,1,66
2015-12-15,7688.0,7688.0,7683.4,7687.1,14:40:00,7673.34958216887,1,67
2015-12-15,7695.9,7695.9,7690.3,7693.05,14:45:00,7675.49724100993,1,68
2015-12-15,7696.7,7697.9,7694.8,7695.05,14:50:00,7677.516551389936,1,69
2015-12-15,7691.4,7697.9,7691.4,7697.9,14:55:00,7678.838784590895,1,70
2015-12-15,7698.75,7698.75,7691.25,7691.25,15:00:00,7680.7350908203325,1,71
2015-12-15,7702.2,7702.5,7699.05,7699.05,15:05:00,7682.779367885063,1,72
2015-12-15,7702.5,7703.25,7699.25,7701.15,15:10:00,7684.65752332458,1,73
2015-12-15,7702.65,7703.3,7702.2,7703.3,15:15:00,7686.371092531763,1,74
2015-12-15,7699.7,7701.8,7699.7,7701.8,15:20:00,7687.640512290643,1,75
2015-12-15,7693.7,7700.7,7693.7,7700.7,15:25:00,7688.217606358201,1,76
2015-12-16,7725.25,7725.25,7725.25,7725.25,09:10:00,7691.744500990753,2,1
2015-12-16,7726.95,7732.8,7725.25,7725.25,09:15:00,7695.0974056583,2,2
2015-12-16,7728.4,7731.15,7726.65,7726.65,09:20:00,7698.269081309891,2,3
2015-12-16,7717.8,7727.0,7717.35,7727.0,09:25:00,7700.129168804186,2,4
2015-12-16,7728.45,7729.35,7721.3,7721.3,09:30:00,7702.8263908228355,2,5
2015-12-16,7729.5,7731.85,7727.0,7727.0,09:35:00,7705.366734553993,2,6
2015-12-16,7726.2,7732.2,7726.2,7731.15,09:40:00,7707.35085507266,2,7
2015-12-16,7725.8,7727.05,7724.0,7724.0,09:45:00,7709.107916494312,2,8
2015-12-16,7730.95,7730.95,7724.55,7725.15,09:50:00,7711.188114923425,2,9
2015-12-16,7750.35,7750.35,7741.0,7742.75,09:55:00,7714.917818264051,2,10
2015-12-16,7758.9,7762.4,7754.2,7754.2,10:00:00,7719.106597476998,2,11
2015-12-16,7757.3,7762.0,7757.3,7762.0,10:05:00,7722.744064383951,2,12
2015-12-16,7756.1,7758.4,7755.95,7757.6,10:10:00,7725.920820156908,2,13
2015-12-16,7760.7,7760.7,7756.3,7756.3,10:15:00,7729.233122999108,2,14
2015-12-16,7753.85,7758.15,7753.85,7758.15,10:20:00,7731.577587475383,2,15
2015-12-16,7759.2,7759.2,7756.95,7757.95,10:25:00,7734.208293430109,2,16
2015-12-16,7756.75,7758.0,7756.75,7758.0,10:30:00,7736.355122627241,2,17
2015-12-16,7759.7,7759.7,7757.15,7758.3,10:35:00,7738.578444281789,2,18
2015-12-16,7758.5,7760.1,7756.85,7760.1,10:40:00,7740.475735302571,2,19
2015-12-16,7753.1,7758.4,7753.1,7758.4,10:45:00,7741.678046226135,2,20
2015-12-16,7751.35,7753.55,7750.25,7753.55,10:50:00,7742.599184680789,2,21
2015-12-16,7755.05,7755.05,7752.4,7752.4,10:55:00,7743.784976615952,2,22
2015-12-16,7751.25,7754.55,7751.1,7754.3,11:00:00,7744.495931223956,2,23
2015-12-16,7754.1,7754.1,7750.7,7750.7,11:05:00,7745.410604440723,2,24
2015-12-16,7755.1,7757.25,7755.1,7755.45,11:10:00,7746.333404017796,2,25
2015-12-16,7756.05,7756.55,7755.3,7755.3,11:15:00,7747.25879411134,2,26
2015-12-16,7752.7,7759.35,7752.7,7759.35,11:20:00,7747.777004195975,2,27
2015-12-16,7754.25,7754.25,7752.2,7752.2,11:25:00,7748.393479986835,2,28
2015-12-16,7754.25,7754.8,7753.55,7754.3,11:30:00,7748.951243797613,2,29
2015-12-16,7756.4,7756.4,7755.35,7755.35,11:35:00,7749.660649150221,2,30
2015-12-16,7757.3,7757.3,7755.75,7755.75,11:40:00,7750.388206374009,2,31
2015-12-16,7756.0,7757.5,7756.0,7757.35,11:45:00,7750.922662909818,2,32
2015-12-16,7757.7,7757.7,7755.65,7756.15,11:50:00,7751.568123585073,2,33
2015-12-16,7760.25,7760.25,7756.95,7756.95,11:55:00,7752.394968957923,2,34
2015-12-16,7758.75,7760.8,7758.75,7760.45,12:00:00,7753.00021000955,2,35
2015-12-16,7765.75,7768.85,7760.95,7760.95,12:05:00,7754.214475722925,2,36
2015-12-16,7767.75,7767.75,7765.55,7765.55,12:10:00,7755.503573273123,2,37
2015-12-16,7767.7,7770.0,7767.4,7767.4,12:15:00,7756.665137723301,2,38
2015-12-16,7772.55,7772.55,7767.3,7768.45,12:20:00,7758.177981749654,2,39
2015-12-16,7773.35,7773.35,7771.5,7772.45,12:25:00,7759.622935868734,2,40
2015-12-16,7775.85,7775.85,7773.2,7773.2,12:30:00,7761.168370547903,2,41
2015-12-16,7773.95,7776.3,7773.55,7775.25,12:35:00,7762.385668590959,2,42
2015-12-16,7765.0,7771.2,7765.0,7771.2,12:40:00,7762.634652534677,2,43
2015-12-16,7756.25,7764.45,7756.25,7764.45,12:45:00,7762.026590388517,2,44
2015-12-16,7761.25,7761.25,7757.75,7757.75,12:50:00,7761.952629399135,2,45
2015-12-16,7762.7,7763.1,7761.3,7761.3,12:55:00,7762.023807551598,2,46
2015-12-16,7761.75,7763.8,7761.75,7763.8,13:00:00,7761.997730641921,2,47
2015-12-16,7758.3,7762.4,7758.3,7762.4,13:05:00,7761.645565818882,2,48
2015-12-16,7760.05,7760.05,7756.1,7757.05,13:10:00,7761.493607169465,2,49
2015-12-16,7760.3,7763.5,7760.3,7763.5,13:15:00,7761.3799302961825,2,50
2015-12-16,7756.7,7760.75,7756.7,7760.4,13:20:00,7760.934222648927,2,51
2015-12-16,7760.6,7760.6,7757.95,7758.6,13:25:00,7760.902391920458,2,52
2015-12-16,7761.6,7761.65,7760.75,7760.75,13:30:00,7760.968830785177,2,53
2015-12-16,7751.35,7759.95,7744.6,7759.95,13:35:00,7760.052751662779,2,54
2015-12-16,7737.05,7747.85,7737.05,7747.85,13:40:00,7757.862013409182,2,55
2015-12-16,7740.5,7741.5,7734.75,7737.5,13:45:00,7756.208488322592,2,56
2015-12-16,7738.1,7743.25,7738.1,7743.0,13:50:00,7754.483870387107,2,57
2015-12-16,7744.25,7744.25,7737.05,7737.05,13:55:00,7753.509216064526,2,58
2015-12-16,7746.55,7747.65,7746.2,7747.65,14:00:00,7752.84643358219,2,59
2015-12-16,7748.75,7750.9,7747.8,7750.9,14:05:00,7752.456297050553,2,60
2015-12-16,7747.35,7748.25,7745.3,7748.25,14:10:00,7751.969983045739,2,61
2015-12-16,7755.15,7756.35,7751.6,7751.6,14:15:00,7752.272841803287,2,62
2015-12-16,7750.2,7753.85,7748.95,7753.85,14:20:00,7752.075428298212,2,63
2015-12-16,7751.35,7753.25,7749.1,7753.25,14:25:00,7752.00633988886,2,64
2015-12-16,7762.25,7762.25,7751.15,7751.15,14:30:00,7752.981926566111,2,65
2015-12-16,7761.1,7762.0,7760.6,7761.35,14:35:00,7753.755076416957,2,66
2015-12-16,7759.4,7766.65,7759.4,7761.45,14:40:00,7754.292688186771,2,67
2015-12-16,7760.1,7760.1,7756.75,7756.75,14:45:00,7754.845765502317,2,68
2015-12-16,7758.05,7761.55,7758.05,7758.45,14:50:00,7755.150930692573,2,69
2015-12-16,7761.4,7761.65,7755.05,7755.05,14:55:00,7755.746080150423,2,70
2015-12-16,7758.9,7761.7,7758.9,7761.4,15:00:00,7756.04645346943,2,71
2015-12-16,7753.1,7757.7,7752.65,7757.7,15:05:00,7755.765838853294,2,72
2015-12-16,7750.9,7754.6,7750.9,7754.6,15:10:00,7755.302425629171,2,73
2015-12-16,7746.05,7747.8,7744.8,7747.8,15:15:00,7754.421242235916,2,74
2015-12-16,7746.5,7746.5,7744.65,7745.6,15:20:00,7753.666838213448,2,75
2015-12-16,7751.9,7751.9,7750.7,7750.8,15:25:00,7753.498567907404,2,76
2015-12-17,7783.05,7783.05,7783.05,7783.05,09:10:00,7756.312990011461,3,1
2015-12-17,7787.55,7797.05,7784.3,7784.3,09:15:00,7759.287943343703,3,2
2015-12-17,7784.6,7784.6,7770.65,7778.55,09:20:00,7761.698615406207,3,3
2015-12-17,7787.35,7789.15,7781.8,7781.8,09:25:00,7764.141604415139,3,4
2015-12-17,7779.7,7784.4,7779.7,7781.45,09:30:00,7765.623356375602,3,5
2015-12-17,7770.5,7774.5,7770.5,7770.75,09:35:00,7766.0877986255455,3,6
2015-12-17,7764.3,7771.6,7764.25,7771.6,09:40:00,7765.917532089779,3,7
2015-12-17,7761.75,7763.4,7756.5,7758.3,09:45:00,7765.520624271705,3,8
2015-12-17,7763.15,7768.05,7763.15,7763.4,09:50:00,7765.294850531542,3,9
2015-12-17,7767.35,7768.8,7765.1,7765.1,09:55:00,7765.490579052347,3,10
2015-12-17,7770.9,7773.1,7767.4,7767.4,10:00:00,7766.005761999742,3,11
2015-12-17,7764.95,7767.95,7764.95,7767.95,10:05:00,7765.905213237862,3,12
2015-12-17,7760.8,7765.0,7760.8,7764.4,10:10:00,7765.419002453304,3,13
2015-12-17,7751.3,7759.7,7751.3,7759.7,10:15:00,7764.0743355529885,3,14
2015-12-17,7754.8,7757.65,7752.45,7752.45,10:20:00,7763.191065500323,3,15
2015-12-17,7765.3,7766.55,7755.3,7755.3,10:25:00,7763.391916405054,3,16
2015-12-17,7764.05,7764.05,7762.4,7762.4,10:30:00,7763.454591033144,3,17
2015-12-17,7761.5,7763.7,7761.5,7763.15,10:35:00,7763.268439506178,3,18
2015-12-17,7758.45,7761.75,7758.4,7758.4,10:40:00,7762.809540505589,3,19
2015-12-17,7759.25,7759.4,7758.9,7759.4,10:45:00,7762.470536647915,3,20
2015-12-17,7760.1,7761.2,7759.7,7759.7,10:50:00,7762.244771252876,3,21
2015-12-17,7757.3,7760.55,7757.3,7760.3,10:55:00,7761.773840657364,3,22
2015-12-17,7755.55,7759.7,7755.55,7759.7,11:00:00,7761.181093928091,3,23
2015-12-17,7745.2,7752.8,7745.2,7752.8,11:05:00,7759.659084982559,3,24
2015-12-17,7743.7,7744.05,7739.9,7739.9,11:10:00,7758.139172127077,3,25
2015-12-17,7739.6,7743.6,7737.8,7743.6,11:15:00,7756.373536686404,3,26
2015-12-17,7744.85,7744.85,7739.9,7739.9,11:20:00,7755.276057001985,3,27
2015-12-17,7746.2,7746.2,7744.0,7745.6,11:25:00,7754.411670620843,3,28
2015-12-17,7750.0,7750.0,7744.55,7744.7,11:30:00,7753.991511514096,3,29
2015-12-17,7755.45,7755.45,7749.9,7749.9,11:35:00,7754.13041517942,3,30
2015-12-17,7751.45,7757.05,7751.45,7757.05,11:40:00,7753.875137543285,3,31
2015-12-17,7750.8,7751.75,7750.3,7751.75,11:45:00,7753.582267301067,3,32
2015-12-17,7752.45,7753.75,7750.2,7750.2,11:50:00,7753.474432320013,3,33
2015-12-17,7752.75,7752.8,7751.45,7751.45,11:55:00,7753.405438765726,3,34
2015-12-17,7745.85,7751.9,7745.85,7751.9,12:00:00,7752.68587316899,3,35
2015-12-17,7746.6,7746.6,7742.65,7743.6,12:05:00,7752.106266200514,3,36
2015-12-17,7749.5,7749.5,7746.9,7747.5,12:10:00,7751.858050371894,3,37
2015-12-17,7750.95,7750.95,7749.35,7750.3,12:15:00,7751.771569384095,3,38
2015-12-17,7752.75,7753.25,7752.6,7752.8,12:20:00,7751.864753252276,3,39
2015-12-17,7754.1,7754.1,7751.45,7753.0,12:25:00,7752.077633894917,3,40
2015-12-17,7748.25,7753.75,7748.25,7753.75,12:30:00,7751.713097333497,3,41
2015-12-17,7750.3,7750.3,7747.1,7747.7,12:35:00,7751.578516635069,3,42
2015-12-17,7749.8,7749.8,7748.8,7748.8,12:40:00,7751.409134098395,3,43
2015-12-17,7745.85,7748.4,7745.85,7748.35,12:45:00,7750.87969275569,3,44
2015-12-17,7744.15,7745.7,7744.05,7745.7,12:50:00,7750.2387696361,3,45
2015-12-17,7746.6,7746.85,7743.5,7743.5,12:55:00,7749.892220146948,3,46
2015-12-17,7745.05,7746.95,7745.05,7746.95,13:00:00,7749.431056323428,3,47
2015-12-17,7744.95,7746.7,7744.95,7745.35,13:05:00,7749.004289054531,3,48
2015-12-17,7751.9,7751.9,7745.45,7745.45,13:10:00,7749.2800710493375,3,49
2015-12-17,7756.95,7756.95,7753.05,7753.05,13:15:00,7750.01054047321,3,50
2015-12-17,7754.6,7756.7,7754.6,7756.4,13:20:00,7750.447631856714,3,51
2015-12-17,7761.85,7761.85,7755.85,7755.85,13:25:00,7751.5335716798845,3,52
2015-12-17,7763.0,7763.0,7759.45,7759.45,13:30:00,7752.625612472276,3,53
2015-12-17,7760.55,7760.55,7757.45,7760.5,13:35:00,7753.380316046345,3,54
2015-12-17,7771.35,7771.35,7760.0,7760.0,13:40:00,7755.091714518122,3,55
2015-12-17,7772.9,7775.35,7769.0,7769.0,13:45:00,7756.787741706872,3,56
2015-12-17,7783.05,7783.05,7770.7,7770.75,13:50:00,7759.288909163361,3,57
2015-12-17,7787.2,7790.75,7787.2,7790.1,13:55:00,7761.947108290659,3,58
2015-12-17,7807.8,7807.8,7785.7,7788.9,14:00:00,7766.314050358216,3,59
2015-12-17,7812.5,7815.35,7804.5,7804.5,14:05:00,7770.712712228863,3,60
2015-12-17,7815.95,7815.95,7803.55,7808.7,14:10:00,7775.021025349924,3,61
2015-12-17,7821.05,7821.05,7813.6,7813.6,14:15:00,7779.40473722136,3,62
2015-12-17,7820.25,7823.7,7819.5,7821.0,14:20:00,7783.294762247897,3,63
2015-12-17,7816.95,7819.15,7816.15,7816.6,14:25:00,7786.500022986193,3,64
2015-12-17,7817.4,7818.75,7814.15,7815.35,14:30:00,7789.442877939889,3,65
2015-12-17,7822.4,7823.9,7821.1,7821.1,14:35:00,7792.581651469423,3,66
2015-12-17,7826.3,7826.3,7822.95,7825.05,14:40:00,7795.79292275805,3,67
2015-12-17,7837.45,7837.45,7827.05,7827.05,14:45:00,7799.76026344776,3,68
2015-12-17,7829.8,7836.2,7829.8,7836.2,14:50:00,7802.6211907384495,3,69
2015-12-17,7826.65,7829.2,7826.65,7829.2,14:55:00,7804.909648763359,3,70
2015-12-17,7833.25,7833.25,7826.05,7826.05,15:00:00,7807.608729833515,3,71
2015-12-17,7844.95,7844.95,7834.0,7834.0,15:05:00,7811.165041277942,3,72
2015-12-17,7846.05,7846.3,7842.45,7842.45,15:10:00,7814.487418299091,3,73
2015-12-17,7850.5,7850.5,7846.4,7847.0,15:15:00,7817.917187984892,3,74
2015-12-17,7845.1,7850.2,7844.9,7850.2,15:20:00,7820.506027224425,3,75
2015-12-17,7837.0,7844.7,7837.0,7844.7,15:25:00,7822.07688177448,3,76
2015-12-18,7828.9,7828.9,7828.9,7828.9,09:10:00,7822.726702557863,4,1
2015-12-18,7822.6,7828.9,7814.3,7828.9,09:15:00,7822.7146356475905,4,2
2015-12-18,7835.15,7835.15,7813.15,7814.85,09:20:00,7823.898956062106,4,3
2015-12-18,7819.05,7833.45,7819.05,7833.35,09:25:00,7823.437150722858,4,4
2015-12-18,7820.0,7820.9,7818.35,7820.9,09:30:00,7823.109803034967,4,5
2015-12-18,7828.9,7829.45,7824.95,7824.95,09:35:00,7823.66125036497,4,6
2015-12-18,7830.8,7834.35,7830.8,7832.0,09:40:00,7824.341131282593,4,7
2015-12-18,7819.7,7826.85,7819.7,7826.85,09:45:00,7823.899118779489,4,8
2015-12-18,7817.7,7820.6,7816.35,7818.95,09:50:00,7823.308726514776,4,9
2015-12-18,7822.3,7822.3,7816.2,7816.2,09:55:00,7823.2126573228925,4,10
2015-12-18,7817.1,7823.35,7817.1,7823.35,10:00:00,7822.630499482617,4,11
2015-12-18,7812.1,7817.1,7812.1,7815.95,10:05:00,7821.627594769987,4,12
2015-12-18,7812.95,7812.95,7809.1,7810.95,10:10:00,7820.801157172845,4,13
2015-12-18,7814.85,7814.85,7812.5,7814.6,10:15:00,7820.23438029924,4,14
2015-12-18,7818.6,7818.6,7814.95,7814.95,10:20:00,7820.078725032646,4,15
2015-12-18,7820.55,7822.15,7818.95,7818.95,10:25:00,7820.12360836287,4,16
2015-12-18,7815.55,7821.5,7815.55,7821.5,10:30:00,7819.688026614025,4,17
2015-12-18,7806.55,7815.65,7806.55,7815.65,10:35:00,7818.436785984119,4,18
2015-12-18,7806.5,7807.3,7804.95,7806.6,10:40:00,7817.299949223727,4,19
2015-12-18,7803.65,7804.95,7801.85,7804.95,10:45:00,7815.999954059562,4,20
2015-12-18,7799.65,7807.55,7799.65,7802.95,10:50:00,7814.442815577699,4,21
2015-12-18,7796.6,7802.25,7796.6,7799.9,10:55:00,7812.743499808394,4,22
2015-12-18,7799.9,7799.9,7796.1,7796.1,11:00:00,7811.5203093504515,4,23
2015-12-18,7802.85,7805.3,7801.7,7802.3,11:05:00,7810.694565602789,4,24
2015-12-18,7800.35,7805.3,7800.35,7803.05,11:10:00,7809.709368878714,4,25
2015-12-18,7800.25,7800.25,7795.25,7798.8,11:15:00,7808.80847660455,4,26
2015-12-18,7807.15,7807.15,7799.95,7799.95,11:20:00,7808.650526451736,4,27
2015-12-18,7799.45,7805.55,7799.45,7804.7,11:25:00,7807.774285837286,4,28
2015-12-18,7802.7,7803.7,7799.05,7799.05,11:30:00,7807.291020519449,4,29
2015-12-18,7803.5,7803.7,7802.4,7803.6,11:35:00,7806.929970946168,4,30
2015-12-18,7805.3,7806.0,7805.15,7806.0,11:40:00,7806.774735617962,4,31
2015-12-18,7803.15,7805.05,7803.15,7804.65,11:45:00,7806.429522701966,4,32
2015-12-18,7800.65,7802.7,7800.65,7801.35,11:50:00,7805.879091968445,4,33
2015-12-18,7801.45,7801.45,7800.65,7801.15,11:55:00,7805.457273685736,4,34
2015-12-18,7801.4,7802.4,7801.4,7802.3,12:00:00,7805.070866668047,4,35
2015-12-18,7800.25,7801.15,7800.05,7801.0,12:05:00,7804.611736509186,4,36
2015-12-18,7797.9,7801.35,7797.9,7801.35,12:10:00,7803.972523508311,4,37
2015-12-18,7795.5,7797.5,7793.4,7797.5,12:15:00,7803.165616507519,4,38
2015-12-18,7802.1,7802.1,7797.2,7797.2,12:20:00,7803.064129221088,4,39
2015-12-18,7804.05,7807.6,7804.05,7804.95,12:25:00,7803.158021676223,4,40
2015-12-18,7801.4,7801.4,7800.25,7800.4,12:30:00,7802.990591040392,4,41
2015-12-18,7799.0,7800.5,7799.0,7799.55,12:35:00,7802.610534750831,4,42
2015-12-18,7802.8,7802.8,7798.9,7798.9,12:40:00,7802.628579060276,4,43
2015-12-18,7804.9,7808.55,7803.95,7803.95,12:45:00,7802.84490486406,4,44
2015-12-18,7806.05,7809.75,7804.8,7804.8,12:50:00,7803.150152019863,4,45
2015-12-18,7804.85,7806.15,7803.5,7806.15,12:55:00,7803.312042303686,4,46
2015-12-18,7798.7,7804.15,7798.7,7804.15,13:00:00,7802.872800179526,4,47
2015-12-18,7792.5,7801.1,7791.3,7801.1,13:05:00,7801.884914448143,4,48
2015-12-18,7784.75,7791.75,7783.7,7791.75,13:10:00,7800.253017834034,4,49
2015-12-18,7785.35,7786.9,7785.35,7785.5,13:15:00,7798.833682802221,4,50
2015-12-18,7776.15,7784.75,7775.4,7784.75,13:20:00,7796.673332059152,4,51
2015-12-18,7782.85,7782.85,7778.85,7778.85,13:25:00,7795.356824243995,4,52
2015-12-18,7784.85,7784.85,7778.75,7779.75,13:30:00,7794.356174315996,4,53
2015-12-18,7784.9,7790.25,7784.9,7786.9,13:35:00,7793.455586285901,4,54
2015-12-18,7797.8,7797.8,7786.85,7786.85,13:40:00,7793.869339972958,4,55
2015-12-18,7794.8,7797.8,7794.8,7797.7,13:45:00,7793.957974261248,4,56
2015-12-18,7797.55,7797.55,7792.1,7792.1,13:50:00,7794.300071950653,4,57
2015-12-18,7803.8,7803.8,7795.55,7797.9,13:55:00,7795.204827002972,4,58
2015-12-18,7794.9,7802.7,7794.9,7802.7,14:00:00,7795.175795859832,4,59
2015-12-18,7792.5,7797.25,7792.25,7797.25,14:05:00,7794.920958158896,4,60
2015-12-18,7793.8,7795.3,7793.8,7794.65,14:10:00,7794.814200239,4,61
2015-12-18,7795.8,7795.8,7792.75,7792.75,14:15:00,7794.908085930524,4,62
2015-12-18,7800.0,7800.0,7796.3,7796.3,14:20:00,7795.393030127618,4,63
2015-12-18,7794.8,7800.4,7794.8,7800.4,14:25:00,7795.336551067845,4,64
2015-12-18,7793.25,7793.25,7788.5,7791.9,14:30:00,7795.137831918526,4,65
2015-12-18,7789.05,7792.75,7787.8,7792.75,14:35:00,7794.558038402476,4,66
2015-12-18,7782.6,7788.15,7781.75,7788.15,14:40:00,7793.41917760224,4,67
2015-12-18,7793.15,7793.15,7783.85,7783.85,14:45:00,7793.393541640122,4,68
2015-12-18,7791.1,7795.35,7791.1,7795.35,14:50:00,7793.175109102967,4,69
2015-12-18,7787.4,7792.5,7787.4,7792.5,14:55:00,7792.625098712208,4,70
2015-12-18,7766.35,7781.4,7766.35,7781.4,15:00:00,7790.122708358665,4,71
2015-12-18,7759.25,7762.2,7755.95,7762.2,15:05:00,7787.182450419745,4,72
2015-12-18,7765.25,7765.25,7753.95,7757.2,15:10:00,7785.093645617864,4,73
2015-12-18,7758.85,7763.55,7758.85,7763.55,15:15:00,7782.594250797115,4,74
2015-12-18,7763.65,7765.2,7760.9,7760.9,15:20:00,7780.790036435485,4,75
2015-12-18,7764.55,7764.55,7761.0,7762.65,15:25:00,7779.243366298772,4,76
2015-12-21,7745.65,7745.65,7745.65,7745.65,09:10:00,7776.043998079842,0,1
2015-12-21,7756.0,7756.0,7745.65,7745.65,09:15:00,7774.135045881762,0,2
2015-12-21,7768.65,7768.65,7755.1,7755.1,09:20:00,7773.61266055969,0,3
2015-12-21,7755.05,7769.9,7755.05,7769.9,09:25:00,7771.844788125433,0,4
2015-12-21,7758.95,7758.95,7753.45,7753.45,09:30:00,7770.616713065868,0,5
2015-12-21,7766.2,7766.6,7762.6,7766.6,09:35:00,7770.196073726262,0,6
2015-12-21,7761.4,7767.25,7761.4,7767.25,09:40:00,7769.358352418999,0,7
2015-12-21,7757.0,7758.85,7757.0,7758.55,09:45:00,7768.181366474332,0,8
2015-12-21,7761.45,7761.45,7757.2,7757.2,09:50:00,7767.540283952967,0,9
2015-12-21,7773.65,7773.65,7762.9,7762.9,09:55:00,7768.122161671732,0,10
2015-12-21,7782.55,7784.65,7773.55,7773.55,10:00:00,7769.496241512519,0,11
2015-12-21,7792.15,7792.15,7783.3,7785.0,10:05:00,7771.653742320851,0,12
2015-12-21,7790.9,7794.45,7790.9,7793.7,10:10:00,7773.486719242675,0,13
2015-12-21,7799.25,7801.2,7787.8,7787.8,10:15:00,7775.940365029086,0,14
2015-12-21,7800.5,7801.4,7798.8,7800.75,10:20:00,7778.279377883458,0,15
2015-12-21,7799.45,7799.45,7797.95,7799.0,10:25:00,7780.2956276088435,0,16
2015-12-21,7800.7,7803.05,7800.6,7800.6,10:30:00,7782.238901169906,0,17
2015-12-21,7800.05,7804.35,7800.05,7800.9,10:35:00,7783.935196296582,0,18
2015-12-21,7805.3,7805.3,7800.3,7800.3,10:40:00,7785.969939506432,0,19
2015-12-21,7814.55,7814.55,7812.85,7813.0,10:45:00,7788.691850029629,0,20
2015-12-21,7808.3,7811.15,7805.95,7811.15,10:50:00,7790.55929288395,0,21
2015-12-21,7808.6,7808.6,7805.4,7807.35,10:55:00,7792.277455466431,0,22
2015-12-21,7805.3,7809.5,7803.4,7809.5,11:00:00,7793.517697802961,0,23
2015-12-21,7800.9,7807.1,7800.9,7807.1,11:05:00,7794.220774202679,0,24
2015-12-21,7800.85,7803.4,7800.85,7802.3,11:10:00,7794.85212904052,0,25
2015-12-21,7798.95,7799.7,7795.9,7799.7,11:15:00,7795.242402465232,0,26
2015-12-21,7800.25,7800.85,7798.85,7799.6,11:20:00,7795.719316516162,0,27
2015-12-21,7802.35,7802.35,7798.6,7800.25,11:25:00,7796.3508101812895,0,28
2015-12-21,7802.9,7802.9,7800.8,7801.35,11:30:00,7796.974542544976,0,29
2015-12-21,7801.7,7804.55,7801.7,7804.2,11:35:00,7797.424586112122,0,30
2015-12-21,7801.7,7802.7,7801.15,7801.15,11:40:00,7797.831768387157,0,31
2015-12-21,7799.55,7802.85,7799.45,7802.85,11:45:00,7797.995409493143,0,32
2015-12-21,7803.55,7803.55,7800.5,7800.5,11:50:00,7798.524418112844,0,33
2015-12-21,7807.85,7807.85,7804.9,7804.9,11:55:00,7799.412568768764,0,34
2015-12-21,7806.05,7807.6,7806.05,7807.6,12:00:00,7800.044705076501,0,35
2015-12-21,7810.05,7810.05,7805.9,7805.9,12:05:00,7800.99759030731,0,36
2015-12-21,7805.25,7810.35,7805.25,7810.35,12:10:00,7801.402581706614,0,37
2015-12-21,7805.6,7806.9,7804.9,7805.95,12:15:00,7801.802335829793,0,38
2015-12-21,7804.85,7807.45,7804.85,7806.0,12:20:00,7802.0925895602895,0,39
2015-12-21,7802.5,7804.75,7802.5,7804.75,12:25:00,7802.131390554548,0,40
2015-12-21,7807.3,7807.3,7802.2,7802.2,12:30:00,7802.623639073163,0,41
2015-12-21,7808.35,7808.35,7807.25,7807.3,12:35:00,7803.16900678048,0,42
2015-12-21,7813.55,7813.55,7807.9,7807.9,12:40:00,7804.157672801387,0,43
2015-12-21,7814.05,7814.65,7814.05,7814.6,12:45:00,7805.099799201254,0,44
2015-12-21,7814.8,7814.8,7812.8,7814.15,12:50:00,7806.023627848754,0,45
2015-12-21,7812.4,7814.9,7812.4,7814.9,12:55:00,7806.630901386967,0,46
2015-12-21,7813.65,7814.6,7812.65,7813.5,13:00:00,7807.29938696916,0,47
2015-12-21,7812.0,7813.0,7811.95,7812.6,13:05:00,7807.747064400669,0,48
2015-12-21,7815.15,7815.15,7811.2,7812.15,13:10:00,7808.45210588632,0,49
2015-12-21,7820.65,7821.5,7818.3,7818.3,13:15:00,7809.613810087623,0,50
2015-12-21,7819.75,7819.75,7818.95,7819.05,13:20:00,7810.57916150785,0,51
2015-12-21,7819.8,7819.85,7818.9,7818.9,13:25:00,7811.457336602341,0,52
2015-12-21,7818.7,7819.2,7818.4,7818.4,13:30:00,7812.147114068784,0,53
2015-12-21,7815.65,7817.0,7815.35,7815.95,13:35:00,7812.480722252711,0,54
2015-12-21,7819.0,7819.0,7814.9,7814.9,13:40:00,7813.101605847691,0,55
2015-12-21,7823.4,7823.4,7818.85,7819.45,13:45:00,7814.082405290767,0,56
2015-12-21,7824.85,7825.8,7824.65,7825.8,13:50:00,7815.107890501171,0,57
2015-12-21,7825.7,7825.7,7823.9,7825.45,13:55:00,7816.116662834393,0,58
2015-12-21,7825.6,7827.05,7825.6,7825.6,14:00:00,7817.019837802546,0,59
2015-12-21,7822.8,7824.85,7822.8,7824.85,14:05:00,7817.570329440398,0,60
2015-12-21,7824.2,7825.0,7820.6,7820.6,14:10:00,7818.201726636551,0,61
2015-12-21,7832.05,7833.65,7824.4,7824.4,14:15:00,7819.5206098140225,0,62
2015-12-21,7830.5,7831.9,7829.25,7831.9,14:20:00,7820.566266022211,0,63
2015-12-21,7831.75,7833.55,7831.55,7831.55,14:25:00,7821.631383543905,0,64
2015-12-21,7832.5,7834.55,7831.35,7831.35,14:30:00,7822.666489873057,0,65
2015-12-21,7827.8,7831.35,7827.8,7831.35,14:35:00,7823.155395599432,0,66
2015-12-21,7831.05,7831.05,7826.05,7826.55,14:40:00,7823.9072626852,0,67
2015-12-21,7831.4,7832.3,7830.7,7830.7,14:45:00,7824.620856715181,0,68
2015-12-21,7833.9,7833.9,7832.0,7832.2,14:50:00,7825.5045846470675,0,69
2015-12-21,7836.25,7836.65,7835.0,7835.1,14:55:00,7826.527957537823,0,70
2015-12-21,7828.7,7833.55,7828.7,7833.55,15:00:00,7826.734818724696,0,71
2015-12-21,7835.85,7835.85,7829.05,7829.05,15:05:00,7827.602931227106,0,72
2015-12-21,7838.95,7839.05,7835.55,7835.7,15:10:00,7828.683604443572,0,73
2015-12-21,7837.35,7839.25,7833.6,7837.55,15:15:00,7829.508975448946,0,74
2015-12-21,7831.35,7836.5,7831.35,7836.5,15:20:00,7829.684311120476,0,75
2015-12-21,7829.9,7832.95,7829.9,7832.95,15:25:00,7829.704852918526,0,76
2015-12-22,7829.4,7829.4,7829.4,7829.4,09:10:00,7829.675819307237,1,1
2015-12-22,7822.3,7829.4,7818.3,7829.4,09:15:00,7828.973360325596,1,2
2015-12-22,7823.35,7826.2,7823.35,7826.2,09:20:00,7828.437802199349,1,3
2015-12-22,7818.05,7820.15,7815.1,7820.15,09:25:00,7827.448487704172,1,4
2015-12-22,7807.8,7809.75,7807.8,7809.15,09:30:00,7825.5772031609185,1,5
2015-12-22,7809.75,7812.05,7805.65,7805.65,09:35:00,7824.069850478927,1,6
2015-12-22,7808.15,7809.5,7802.4,7809.5,09:40:00,7822.5536742428385,1,7
2015-12-22,7812.15,7812.15,7809.0,7809.0,09:45:00,7821.562848124473,1,8
2015-12-22,7813.85,7814.95,7813.85,7814.75,09:50:00,7820.828291160237,1,9
2015-12-22,7818.15,7818.15,7814.65,7814.65,09:55:00,7820.573215811643,1,10
2015-12-22,7818.5,7822.35,7818.35,7820.85,10:00:00,7820.375766686725,1,11
2015-12-22,7818.6,7818.9,7816.9,7818.9,10:05:00,7820.206646049894,1,12
2015-12-22,7823.55,7825.05,7820.2,7820.2,10:10:00,7820.525060711809,1,13
2015-12-22,7827.35,7827.35,7823.35,7823.35,10:15:00,7821.175054929731,1,14
2015-12-22,7826.0,7829.35,7824.85,7829.35,10:20:00,7821.634573507852,1,15
2015-12-22,7827.0,7827.0,7826.2,7826.45,10:25:00,7822.145566507104,1,16
2015-12-22,7826.6,7827.05,7825.85,7826.55,10:30:00,7822.569798268332,1,17
2015-12-22,7826.65,7827.05,7826.45,7827.05,10:35:00,7822.958388909443,1,18
2015-12-22,7825.3,7827.35,7825.3,7827.25,10:40:00,7823.181399489496,1,19
2015-12-22,7825.35,7825.45,7823.7,7825.2,10:45:00,7823.387932871448,1,20
2015-12-22,7823.0,7825.1,7823.0,7824.95,10:50:00,7823.350986883692,1,21
2015-12-22,7815.2,7821.6,7815.2,7821.6,10:55:00,7822.574702418578,1,22
2015-12-22,7815.25,7815.75,7813.7,7815.45,11:00:00,7821.877111712047,1,23
2015-12-22,7818.8,7818.85,7815.55,7815.55,11:05:00,7821.5840534537565,1,24
2015-12-22,7820.5,7820.5,7816.4,7816.4,11:10:00,7821.480810267684,1,25
2015-12-22,7820.75,7820.75,7819.5,7819.75,11:15:00,7821.411209289809,1,26
2015-12-22,7824.7,7824.7,7820.9,7821.5,11:20:00,7821.724427452685,1,27
2015-12-22,7824.45,7825.85,7824.4,7825.65,11:25:00,7821.984005790524,1,28
2015-12-22,7826.05,7826.05,7824.9,7824.9,11:30:00,7822.3712433342835,1,29
2015-12-22,7826.2,7827.5,7826.05,7826.45,11:35:00,7822.735886826257,1,30
2015-12-22,7823.85,7826.4,7823.85,7826.4,11:40:00,7822.841992842804,1,31
2015-12-22,7821.9,7823.25,7821.15,7823.25,11:45:00,7822.752279238727,1,32
2015-12-22,7821.25,7821.6,7820.25,7821.6,11:50:00,7822.609205025515,1,33
2015-12-22,7821.7,7821.75,7820.8,7821.35,11:55:00,7822.522614070704,1,34
2015-12-22,7823.0,7823.0,7821.7,7822.85,12:00:00,7822.568079397303,1,35
2015-12-22,7824.0,7824.0,7823.2,7823.2,12:05:00,7822.704452788036,1,36
2015-12-22,7824.2,7825.05,7824.05,7824.35,12:10:00,7822.846885855843,1,37
2015-12-22,7823.9,7825.2,7823.9,7824.35,12:15:00,7822.947182441,1,38
2015-12-22,7825.5,7825.5,7823.7,7823.7,12:20:00,7823.19030792281,1,39
2015-12-22,7827.6,7827.6,7826.05,7827.45,12:25:00,7823.610278596829,1,40
2015-12-22,7836.2,7836.2,7828.15,7828.15,12:30:00,7824.809299682845,1,41
2015-12-22,7835.55,7836.45,7835.55,7835.75,12:35:00,7825.832223522574,1,42
2015-12-22,7832.5,7836.75,7832.5,7836.4,12:40:00,7826.467249853757,1,43
2015-12-22,7830.15,7831.6,7829.95,7831.6,12:45:00,7826.817987962924,1,44
2015-12-22,7835.15,7835.15,7832.8,7832.8,12:50:00,7827.611512918836,1,45
2015-12-22,7835.4,7836.2,7835.4,7835.55,12:55:00,7828.353273593232,1,46
2015-12-22,7833.7,7835.95,7833.7,7835.95,13:00:00,7828.862485631972,1,47
2015-12-22,7831.7,7831.7,7830.55,7831.55,13:05:00,7829.132725095594,1,48
2015-12-22,7833.8,7833.8,7831.5,7831.85,13:10:00,7829.577227467442,1,49
2015-12-22,7839.2,7839.85,7835.35,7835.35,13:15:00,7830.493681994351,1,50
2015-12-22,7838.3,7838.3,7837.65,7838.25,13:20:00,7831.237140852032,1,51
2015-12-22,7837.65,7838.35,7837.0,7838.35,13:25:00,7831.847889342314,1,52
2015-12-22,7843.25,7843.25,7838.4,7839.15,13:30:00,7832.933804643047,1,53
2015-12-22,7841.5,7845.8,7841.5,7843.6,13:35:00,7833.74963277228,1,54
2015-12-22,7841.65,7842.85,7841.65,7842.4,13:40:00,7834.50204869873,1,55
2015-12-22,7834.45,7841.5,7833.45,7841.5,13:45:00,7834.497091679803,1,56
2015-12-22,7822.3,7830.55,7822.3,7830.55,13:50:00,7833.335463900775,1,57
2015-12-22,7817.4,7823.9,7817.4,7822.25,13:55:00,7831.817800672129,1,58
2015-12-22,7813.05,7815.1,7809.05,7811.6,14:00:00,7830.030391084308,1,59
2015-12-22,7819.85,7819.85,7815.5,7816.45,14:05:00,7829.060830028659,1,60
2015-12-22,7820.65,7820.65,7813.55,7816.25,14:10:00,7828.259798597358,1,61
2015-12-22,7810.35,7820.75,7810.15,7820.75,14:15:00,7826.554103492848,1,62
2015-12-22,7791.5,7809.9,7789.9,7809.9,14:20:00,7823.2156174459105,1,63
2015-12-22,7786.3,7789.8,7779.65,7789.8,14:25:00,7819.699844355824,1,64
2015-12-22,7789.0,7789.0,7780.9,7783.4,14:30:00,7816.776049655269,1,65
2015-12-22,7795.75,7795.75,7785.55,7785.55,14:35:00,7814.77356873572,1,66
2015-12-22,7788.85,7794.4,7788.85,7794.4,14:40:00,7812.304657427557,1,67
2015-12-22,7797.25,7797.25,7789.05,7789.05,14:45:00,7810.870880529694,1,68
2015-12-22,7795.45,7795.45,7793.6,7795.45,14:50:00,7809.402225241151,1,69
2015-12-22,7793.5,7797.35,7793.5,7795.75,14:55:00,7807.887727599137,1,70
2015-12-22,7787.0,7791.35,7785.6,7791.35,15:00:00,7805.898420208743,1,71
2015-12-22,7789.45,7795.25,7789.45,7789.55,15:05:00,7804.331903998387,1,72
2015-12-22,7785.6,7789.8,7785.6,7787.3,15:10:00,7802.547913141399,1,73
2015-12-22,7783.25,7786.5,7780.4,7786.5,15:15:00,7800.710016651741,1,74
2015-12-22,7785.25,7785.45,7783.65,7784.95,15:20:00,7799.237634113479,1,75
2015-12-22,7788.95,7788.95,7784.2,7784.2,15:25:00,7798.257859436006,1,76
2015-12-23,7830.45,7830.45,7830.45,7830.45,09:10:00,7801.323777584957,2,1
2015-12-23,7838.4,7839.55,7829.0,7830.45,09:15:00,7804.85484638639,2,2
2015-12-23,7841.05,7841.05,7836.2,7838.85,09:20:00,7808.3020038734,2,3
2015-12-23,7850.2,7850.2,7845.85,7845.85,09:25:00,7812.292289218791,2,4
2015-12-23,7846.25,7851.55,7846.25,7851.55,09:30:00,7815.526356912239,2,5
2015-12-23,7848.7,7848.7,7842.95,7843.75,09:35:00,7818.685751492026,2,6
2015-12-23,7849.1,7852.05,7849.1,7851.1,09:40:00,7821.582346588024,2,7
2015-12-23,7844.1,7847.7,7842.95,7847.7,09:45:00,7823.726885008212,2,8
2015-12-23,7843.65,7846.15,7843.65,7845.55,09:50:00,7825.624324531239,2,9
2015-12-23,7845.6,7845.6,7843.35,7843.35,09:55:00,7827.526769813978,2,10
2015-12-23,7849.0,7849.3,7845.65,7845.65,10:00:00,7829.571839355503,2,11
2015-12-23,7851.75,7851.75,7849.25,7849.45,10:05:00,7831.684045131169,2,12
2015-12-23,7855.05,7857.3,7854.8,7854.8,10:10:00,7833.909374166296,2,13
2015-12-23,7857.0,7857.0,7854.15,7854.2,10:15:00,7836.108481388554,2,14
2015-12-23,7859.65,7862.3,7859.65,7862.3,10:20:00,7838.350530780121,2,15
2015-12-23,7861.7,7861.7,7859.45,7860.0,10:25:00,7840.574289753443,2,16
2015-12-23,7860.9,7863.85,7860.9,7862.05,10:30:00,7842.510071681686,2,17
2015-12-23,7858.2,7860.7,7858.2,7860.15,10:35:00,7844.004350569144,2,18
2015-12-23,7860.2,7860.85,7859.25,7859.3,10:40:00,7845.546793372082,2,19
2015-12-23,7857.6,7860.35,7857.6,7860.25,10:45:00,7846.694717812836,2,20
2015-12-23,7858.9,7859.0,7858.1,7858.1,10:50:00,7847.857125640185,2,21
2015-12-23,7858.85,7860.2,7858.85,7860.05,10:55:00,7848.904066055405,2,22
2015-12-23,7861.8,7861.9,7859.55,7859.55,11:00:00,7850.132250240605,2,23
2015-12-23,7860.05,7862.05,7860.05,7860.3,11:05:00,7851.076797836738,2,24
2015-12-23,7863.55,7864.15,7860.5,7860.5,11:10:00,7852.264721852287,2,25
2015-12-23,7861.35,7862.15,7858.9,7862.15,11:15:00,7853.129986437783,2,26
2015-12-23,7862.6,7862.6,7861.45,7862.3,11:20:00,7854.031892491328,2,27
2015-12-23,7864.0,7865.25,7863.05,7863.05,11:25:00,7854.981236063582,2,28
2015-12-23,7862.7,7863.05,7862.15,7863.05,11:30:00,7855.716356438479,2,29
2015-12-23,7855.9,7862.3,7855.9,7862.3,11:35:00,7855.733846301481,2,30
2015-12-23,7854.45,7855.6,7850.85,7855.6,11:40:00,7855.61157522515,2,31
2015-12-23,7855.05,7855.7,7854.5,7855.7,11:45:00,7855.5580918703745,2,32
2015-12-23,7855.15,7857.85,7855.15,7856.0,11:50:00,7855.519225977958,2,33
2015-12-23,7857.45,7858.45,7856.05,7856.05,11:55:00,7855.703109218152,2,34
2015-12-23,7860.25,7860.25,7857.8,7857.8,12:00:00,7856.13614643547,2,35
2015-12-23,7859.05,7860.6,7858.75,7860.6,12:05:00,7856.41365629876,2,36
2015-12-23,7856.45,7859.5,7856.45,7859.45,12:10:00,7856.41711760364,2,37
2015-12-23,7854.6,7855.75,7854.2,7855.75,12:15:00,7856.244058784246,2,38
2015-12-23,7854.55,7855.5,7854.3,7854.3,12:20:00,7856.082719852413,2,39
2015-12-23,7853.45,7854.45,7853.25,7854.45,12:25:00,7855.831984628374,2,40
2015-12-23,7851.75,7852.1,7849.9,7852.1,12:30:00,7855.443224187577,2,41
2015-12-23,7849.35,7852.6,7849.35,7852.1,12:35:00,7854.862917122093,2,42
2015-12-23,7850.05,7850.05,7848.0,7849.15,12:40:00,7854.404544062846,2,43
2015-12-23,7855.4,7855.4,7850.8,7850.9,12:45:00,7854.499349390194,2,44
2015-12-23,7857.4,7858.45,7856.85,7857.1,12:50:00,7854.775601829223,2,45
2015-12-23,7858.7,7859.1,7857.75,7857.75,12:55:00,7855.149354035963,2,46
2015-12-23,7855.7,7858.2,7855.7,7858.2,13:00:00,7855.201796508729,2,47
2015-12-23,7856.95,7858.25,7856.15,7856.15,13:05:00,7855.368292079325,2,48
2015-12-23,7856.95,7857.05,7856.5,7857.05,13:10:00,7855.518930928913,2,49
2015-12-23,7857.5,7858.7,7857.05,7857.05,13:15:00,7855.707604173778,2,50
2015-12-23,7857.05,7857.3,7856.65,7857.3,13:20:00,7855.835451395324,2,51
2015-12-23,7862.15,7862.15,7857.0,7857.0,13:25:00,7856.436836976721,2,52
2015-12-23,7862.0,7864.5,7860.2,7861.5,13:30:00,7856.966662026557,2,53
2015-12-23,7858.4,7861.35,7858.4,7859.4,13:35:00,7857.10317040498,2,54
2015-12-23,7859.9,7862.0,7859.9,7861.7,13:40:00,7857.369535128315,2,55
2015-12-23,7860.35,7861.05,7859.05,7861.05,13:45:00,7857.653388925619,2,56
2015-12-23,7865.9,7865.9,7860.1,7860.1,13:50:00,7858.438780456512,2,57
2015-12-23,7863.6,7866.0,7863.3,7864.35,13:55:00,7858.93032517494,2,58
2015-12-23,7864.05,7865.8,7863.6,7863.6,14:00:00,7859.417913253516,2,59
2015-12-23,7865.6,7865.9,7864.2,7865.9,14:05:00,7860.006683419849,2,60
2015-12-23,7867.8,7868.05,7866.0,7866.0,14:10:00,7860.74890404653,2,61
2015-12-23,7870.4,7870.4,7867.95,7867.95,14:15:00,7861.668056042098,2,62
2015-12-23,7858.0,7869.5,7858.0,7869.5,14:20:00,7861.318717371422,2,63
2015-12-23,7861.1,7861.1,7859.05,7859.05,14:25:00,7861.297887145572,2,64
2015-12-23,7865.45,7865.5,7859.35,7859.35,14:30:00,7861.6933264650415,2,65
2015-12-23,7866.45,7868.1,7864.25,7865.4,14:35:00,7862.14634299218,2,66
2015-12-23,7865.4,7867.35,7864.55,7867.15,14:40:00,7862.456215088163,2,67
2015-12-23,7866.15,7866.8,7865.4,7865.4,14:45:00,7862.808004127385,2,68
2015-12-23,7860.5,7864.35,7860.5,7864.35,14:50:00,7862.588194210492,2,69
2015-12-23,7861.1,7861.25,7860.3,7860.8,14:55:00,7862.44646142854,2,70
2015-12-23,7867.65,7867.65,7862.45,7862.45,15:00:00,7862.942036530584,2,71
2015-12-23,7870.2,7870.2,7866.15,7866.85,15:05:00,7863.633271146719,2,72
2015-12-23,7867.4,7869.55,7865.45,7869.55,15:10:00,7863.992007227984,2,73
2015-12-23,7866.65,7867.4,7865.9,7866.95,15:15:00,7864.245149396747,2,74
2015-12-23,7863.85,7865.1,7863.85,7865.1,15:20:00,7864.207516120867,2,75
2015-12-23,7864.9,7865.4,7864.2,7865.3,15:25:00,7864.273466966499,2,76
2015-12-24,7888.75,7888.75,7888.75,7888.75,09:10:00,7866.604565350642,3,1
2015-12-24,7872.9,7888.75,7872.9,7888.75,09:15:00,7867.204130555343,3,2
2015-12-24,7867.25,7871.75,7863.35,7871.75,09:20:00,7867.208499073881,3,3
2015-12-24,7872.55,7874.75,7868.15,7868.15,09:25:00,7867.717213447797,3,4
2015-12-24,7861.55,7872.15,7861.55,7872.15,09:30:00,7867.129859786102,3,5
2015-12-24,7862.35,7863.35,7859.15,7859.15,09:35:00,7866.674635044569,3,6
2015-12-24,7862.35,7863.25,7860.9,7863.25,09:40:00,7866.262765040325,3,7
2015-12-24,7858.4,7861.35,7856.2,7861.35,09:45:00,7865.51393027458,3,8
2015-12-24,7860.2,7860.65,7854.55,7854.55,09:50:00,7865.007841677001,3,9
2015-12-24,7860.85,7862.95,7860.85,7861.4,09:55:00,7864.611856755381,3,10
2015-12-24,7858.1,7860.85,7857.65,7857.8,10:00:00,7863.991679921535,3,11
2015-12-24,7859.55,7861.05,7858.3,7858.3,10:05:00,7863.5686627861505,3,12
2015-12-24,7861.4,7862.75,7860.3,7860.3,10:10:00,7863.362123473184,3,13
2015-12-24,7865.85,7865.85,7862.5,7862.5,10:15:00,7863.599064094785,3,14
2015-12-24,7868.9,7868.9,7867.9,7867.95,10:20:00,7864.103915133377,3,15
2015-12-24,7864.0,7866.15,7864.0,7866.15,10:25:00,7864.094018454008,3,16
2015-12-24,7866.3,7866.95,7863.95,7863.95,10:30:00,7864.304111934579,3,17
2015-12-24,7867.45,7868.05,7866.7,7866.7,10:35:00,7864.603720321761,3,18
2015-12-24,7865.15,7867.7,7865.15,7867.7,10:40:00,7864.655746957784,3,19
2015-12-24,7861.55,7863.2,7861.0,7863.2,10:45:00,7864.359961533233,3,20
2015-12-24,7862.85,7862.85,7860.6,7861.3,10:50:00,7864.216155672926,3,21
2015-12-24,7863.4,7864.3,7863.4,7863.55,10:55:00,7864.138426561219,3,22
2015-12-24,7862.1,7863.05,7862.0,7863.05,11:00:00,7863.944290698245,3,23
2015-12-24,7865.2,7865.2,7863.6,7863.75,11:05:00,7864.063882060317,3,24
2015-12-24,7863.1,7864.95,7863.1,7864.3,11:10:00,7863.972083768858,3,25
2015-12-24,7861.9,7862.65,7861.9,7862.65,11:15:00,7863.774742457538,3,26
2015-12-24,7861.45,7862.7,7861.45,7862.3,11:20:00,7863.553338413963,3,27
2015-12-24,7859.0,7861.5,7859.0,7859.6,11:25:00,7863.119687136443,3,28
2015-12-24,7861.15,7861.15,7860.1,7860.1,11:30:00,7862.932097885353,3,29
2015-12-24,7862.05,7862.05,7861.3,7861.45,11:35:00,7862.848088562938,3,30
2015-12-24,7862.0,7862.35,7861.85,7862.35,11:40:00,7862.76731822361,3,31
2015-12-24,7860.9,7863.45,7860.9,7862.95,11:45:00,7862.58947839279,3,32
2015-12-24,7859.55,7860.05,7859.5,7859.7,11:50:00,7862.3000042601425,3,33
2015-12-24,7859.0,7859.0,7858.15,7858.85,11:55:00,7861.985718140129,3,34
2015-12-24,7860.3,7860.3,7858.15,7858.15,12:00:00,7861.825173555356,3,35
2015-12-24,7860.05,7860.25,7860.0,7860.0,12:05:00,7861.656109407227,3,36
2015-12-24,7855.85,7859.9,7855.85,7859.9,12:10:00,7861.103146606539,3,37
2015-12-24,7856.05,7856.05,7853.75,7853.75,12:15:00,7860.621894548773,3,38
2015-12-24,7854.9,7856.05,7854.9,7855.7,12:20:00,7860.076952210795,3,39
2015-12-24,7856.6,7857.6,7855.5,7855.5,12:25:00,7859.745813905005,3,40
2015-12-24,7857.5,7858.05,7856.5,7856.9,12:30:00,7859.531926866432,3,41
2015-12-24,7859.55,7860.15,7858.65,7858.65,12:35:00,7859.533648117248,3,42
2015-12-24,7859.0,7860.25,7858.7,7859.75,12:40:00,7859.482824487034,3,43
2015-12-24,7857.5,7858.55,7855.55,7858.5,12:45:00,7859.293984059697,3,44
2015-12-24,7857.65,7857.65,7855.45,7855.45,12:50:00,7859.137414149251,3,45
2015-12-24,7861.0,7862.75,7858.75,7858.75,12:55:00,7859.314803277894,3,46
2015-12-24,7861.65,7861.65,7860.25,7860.3,13:00:00,7859.537202965714,3,47
2015-12-24,7859.3,7861.25,7859.3,7860.25,13:05:00,7859.514612207075,3,48
2015-12-24,7860.0,7860.9,7860.0,7860.05,13:10:00,7859.560839615924,3,49
2015-12-24,7861.75,7861.75,7859.6,7859.6,13:15:00,7859.769331081075,3,50
2015-12-24,7859.55,7860.35,7859.55,7859.8,13:20:00,7859.748442406686,3,51
2015-12-24,7860.3,7860.9,7860.15,7860.9,13:25:00,7859.800971701287,3,52
2015-12-24,7860.95,7860.95,7859.25,7859.25,13:30:00,7859.910402967831,3,53
2015-12-24,7864.1,7864.5,7862.75,7862.75,13:35:00,7860.30941220899,3,54
2015-12-24,7864.1,7864.6,7862.9,7864.6,13:40:00,7860.670420570038,3,55
2015-12-24,7859.7,7863.9,7859.7,7863.55,13:45:00,7860.577999563368,3,56
2015-12-24,7854.15,7859.2,7854.15,7859.2,13:50:00,7859.965809128762,3,57
2015-12-24,7850.45,7853.15,7850.05,7853.15,13:55:00,7859.059541592689,3,58
2015-12-24,7848.0,7850.25,7848.0,7849.3,14:00:00,7858.006251917195,3,59
2015-12-24,7843.25,7844.4,7838.4,7844.4,14:05:00,7856.600894591748,3,60
2015-12-24,7844.65,7844.65,7842.25,7843.6,14:10:00,7855.462714154439,3,61
2015-12-24,7846.0,7847.95,7845.0,7845.0,14:15:00,7854.561503282588,3,62
2015-12-24,7848.75,7848.75,7845.65,7845.65,14:20:00,7854.008026779485,3,63
2015-12-24,7850.05,7850.1,7848.75,7848.75,14:25:00,7853.631071848105,3,64
2015-12-24,7856.6,7856.6,7849.9,7849.9,14:30:00,7853.91382691019,3,65
2015-12-24,7852.35,7857.65,7851.95,7856.2,14:35:00,7853.764891013981,3,66
2015-12-24,7852.35,7853.6,7852.35,7852.65,14:40:00,7853.63013948884,3,67
2015-12-24,7853.75,7853.75,7851.95,7852.15,14:45:00,7853.641554775617,3,68
2015-12-24,7857.5,7857.5,7854.15,7854.15,14:50:00,7854.009025749367,3,69
2015-12-24,7856.75,7857.6,7856.7,7857.6,14:55:00,7854.2700709160945,3,70
2015-12-24,7853.05,7856.55,7853.05,7856.55,15:00:00,7854.153873685991,3,71
2015-12-24,7851.45,7852.3,7850.55,7852.3,15:05:00,7853.896361906372,3,72
2015-12-24,7859.2,7859.2,7854.2,7855.6,15:10:00,7854.401470296242,3,73
2015-12-24,7865.55,7865.55,7857.0,7860.45,15:15:00,7855.463235029933,3,74
2015-12-24,7866.15,7866.6,7864.0,7866.6,15:20:00,7856.481022169939,3,75
2015-12-24,7862.9,7865.55,7862.6,7865.55,15:25:00,7857.09235339185,3,76
2015-12-28,7863.2,7863.2,7863.2,7863.2,09:10:00,7857.674034021198,0,1
2015-12-28,7886.45,7886.45,7864.45,7864.45,09:15:00,7860.414602209655,0,2
2015-12-28,7885.45,7888.8,7884.35,7885.35,09:20:00,7862.798925808735,0,3
2015-12-28,7887.9,7887.9,7883.7,7884.95,09:25:00,7865.189504303142,0,4
2015-12-28,7892.5,7893.05,7890.0,7890.0,09:30:00,7867.790503893319,0,5
2015-12-28,7896.4,7896.4,7893.1,7893.6,09:35:00,7870.515217808241,0,6
2015-12-28,7896.5,7897.65,7895.9,7897.2,09:40:00,7872.989958969361,0,7
2015-12-28,7894.5,7896.6,7892.75,7896.6,09:45:00,7875.038534305613,0,8
2015-12-28,7901.35,7901.35,7895.4,7895.4,09:50:00,7877.544388181269,0,9
2015-12-28,7901.3,7902.4,7901.05,7902.4,09:55:00,7879.806827402101,0,10
2015-12-28,7899.0,7901.4,7899.0,7901.4,10:00:00,7881.6347486019,0,11
2015-12-28,7901.35,7901.85,7899.3,7899.3,10:05:00,7883.512391592196,0,12
2015-12-28,7903.0,7904.4,7902.7,7903.65,10:10:00,7885.368354297701,0,13
2015-12-28,7893.4,7901.25,7893.4,7901.25,10:15:00,7886.133272936016,0,14
2015-12-28,7895.8,7896.45,7894.65,7894.85,10:20:00,7887.053913608776,0,15
2015-12-28,7898.7,7898.7,7894.25,7894.25,10:25:00,7888.163064693655,0,16
2015-12-28,7899.3,7901.3,7899.1,7899.1,10:30:00,7889.223725199021,0,17
2015-12-28,7899.95,7899.95,7899.05,7899.35,10:35:00,7890.245275180066,0,18
2015-12-28,7899.85,7900.25,7899.05,7899.25,10:40:00,7891.160010877204,0,19
2015-12-28,7899.75,7900.45,7898.6,7898.9,10:45:00,7891.978105079375,0,20
2015-12-28,7898.7,7900.0,7898.2,7898.95,10:50:00,7892.6182855480065,0,21
2015-12-28,7899.7,7900.5,7899.7,7900.1,10:55:00,7893.292734543435,0,22
2015-12-28,7897.15,7899.4,7896.1,7899.4,11:00:00,7893.660093158346,0,23
2015-12-28,7896.85,7896.85,7895.55,7896.65,11:05:00,7893.963893809932,0,24
2015-12-28,7895.85,7896.7,7895.85,7896.7,11:10:00,7894.143522970891,0,25
2015-12-28,7894.0,7896.2,7894.0,7896.2,11:15:00,7894.129854116521,0,26
2015-12-28,7895.4,7895.9,7894.55,7894.55,11:20:00,7894.2508203911375,0,27
2015-12-28,7896.2,7896.6,7895.7,7896.6,11:25:00,7894.436456544362,0,28
2015-12-28,7897.3,7897.3,7895.6,7895.6,11:30:00,7894.709174968709,0,29
2015-12-28,7899.65,7899.65,7897.95,7898.1,11:35:00,7895.179729733594,0,30
2015-12-28,7901.2,7901.2,7899.65,7899.65,11:40:00,7895.753088806586,0,31
2015-12-28,7902.7,7902.7,7901.15,7901.15,11:45:00,7896.414699396435,0,32
2015-12-28,7901.2,7903.3,7900.7,7902.3,11:50:00,7896.87044231106,0,33
2015-12-28,7904.6,7904.65,7902.5,7902.5,11:55:00,7897.606590662388,0,34
2015-12-28,7904.7,7905.3,7903.1,7903.1,12:00:00,7898.282153456446,0,35
2015-12-28,7902.35,7903.75,7902.35,7903.05,12:05:00,7898.669567412976,0,36
2015-12-28,7904.5,7905.1,7902.35,7903.35,12:10:00,7899.224846706978,0,37
2015-12-28,7905.2,7906.4,7904.75,7906.4,12:15:00,7899.793908925361,0,38
2015-12-28,7904.65,7906.5,7904.5,7904.5,12:20:00,7900.256393789613,0,39
2015-12-28,7905.6,7907.1,7904.75,7905.55,12:25:00,7900.765308666793,0,40
2015-12-28,7905.9,7905.9,7905.2,7905.2,12:30:00,7901.254326889003,0,41
2015-12-28,7903.05,7905.75,7903.05,7905.75,12:35:00,7901.425343375765,0,42
2015-12-28,7897.7,7904.75,7897.7,7904.3,12:40:00,7901.07054876855,0,43
2015-12-28,7898.6,7899.2,7897.25,7897.65,12:45:00,7900.83525840964,0,44
2015-12-28,7902.45,7902.45,7898.7,7899.75,12:50:00,7900.989043323007,0,45
2015-12-28,7903.55,7903.55,7901.15,7901.15,12:55:00,7901.232943958912,0,46
2015-12-28,7903.55,7905.1,7903.35,7903.35,13:00:00,7901.453615962826,0,47
2015-12-28,7904.65,7904.95,7904.25,7904.25,13:05:00,7901.758033490176,0,48
2015-12-28,7909.15,7909.15,7905.85,7906.9,13:10:00,7902.462030300635,0,49
2015-12-28,7912.55,7913.5,7910.25,7910.25,13:15:00,7903.422789319622,0,50
2015-12-28,7910.2,7911.45,7910.2,7910.9,13:20:00,7904.068237955849,0,51
2015-12-28,7910.1,7911.4,7908.35,7911.4,13:25:00,7904.642691483863,0,52
2015-12-28,7908.45,7909.1,7907.25,7909.1,13:30:00,7905.0052922949235,0,53
2015-12-28,7907.7,7909.15,7907.4,7909.15,13:35:00,7905.261931123979,0,54
2015-12-28,7911.45,7911.45,7909.7,7909.85,13:40:00,7905.851271016932,0,55
2015-12-28,7914.4,7915.6,7912.55,7912.55,13:45:00,7906.665435681986,0,56
2015-12-28,7910.9,7912.8,7910.1,7912.8,13:50:00,7907.068727521798,0,57
2015-12-28,7910.05,7910.05,7908.2,7909.4,13:55:00,7907.352658234007,0,58
2015-12-28,7908.45,7909.55,7908.45,7909.45,14:00:00,7907.457166973626,0,59
2015-12-28,7912.65,7912.65,7910.1,7910.1,14:05:00,7907.951722499947,0,60
2015-12-28,7913.75,7914.9,7912.15,7912.15,14:10:00,7908.503939404714,0,61
2015-12-28,7911.6,7913.2,7911.6,7913.2,14:15:00,7908.798802318552,0,62
2015-12-28,7910.95,7910.95,7910.55,7910.7,14:20:00,7909.003678288213,0,63
2015-12-28,7908.9,7912.2,7908.9,7911.95,14:25:00,7908.993804165527,0,64
2015-12-28,7903.95,7906.95,7903.95,7906.95,14:30:00,7908.513441864048,0,65
2015-12-28,7915.65,7915.65,7908.35,7908.35,14:35:00,7909.193114067472,0,66
2015-12-28,7923.35,7923.35,7919.85,7920.15,14:40:00,7910.54138891819,0,67
2015-12-28,7926.85,7926.85,7920.7,7920.7,14:45:00,7912.094589973601,0,68
2015-12-28,7931.75,7933.25,7929.1,7929.1,14:50:00,7913.966533785639,0,69
2015-12-28,7934.4,7936.85,7932.8,7932.8,14:55:00,7915.912578187006,0,70
2015-12-28,7918.85,7932.65,7918.85,7932.65,15:00:00,7916.192332645387,0,71
2015-12-28,7915.65,7918.2,7913.15,7918.2,15:05:00,7916.140681917255,0,72
2015-12-28,7925.45,7925.45,7920.2,7921.3,15:10:00,7917.027283639421,0,73
2015-12-28,7924.55,7928.8,7924.55,7925.8,15:15:00,7917.74373281662,0,74
2015-12-28,7923.65,7924.5,7923.5,7924.5,15:20:00,7918.306234453132,0,75
2015-12-28,7919.75,7924.7,7919.75,7924.55,15:25:00,7918.443735933785,0,76
2015-12-29,7929.2,7929.2,7929.2,7929.2,09:10:00,7919.46814203533,1,1
2015-12-29,7932.2,7937.05,7929.0,7929.2,09:15:00,7920.680699936727,1,2
2015-12-29,7937.45,7937.45,7934.1,7935.35,09:20:00,7922.277776133229,1,3
2015-12-29,7933.45,7941.05,7933.45,7940.1,09:25:00,7923.341797453874,1,4
2015-12-29,7928.55,7932.5,7925.4,7932.5,09:30:00,7923.837816743982,1,5
2015-12-29,7929.4,7929.4,7928.9,7929.15,09:35:00,7924.367548482651,1,6
2015-12-29,7927.4,7927.55,7925.45,7927.55,09:40:00,7924.656353389065,1,7
2015-12-29,7933.45,7933.45,7929.55,7929.55,09:45:00,7925.493843542487,1,8
2015-12-29,7933.9,7935.0,7933.25,7935.0,09:50:00,7926.294429871775,1,9
2015-12-29,7935.65,7935.65,7933.35,7933.35,09:55:00,7927.185436550653,1,10
2015-12-29,7934.2,7934.8,7934.05,7934.75,10:00:00,7927.853490212496,1,11
2015-12-29,7931.3,7934.4,7931.3,7934.1,10:05:00,7928.181729239877,1,12
2015-12-29,7930.85,7930.85,7928.6,7929.4,10:10:00,7928.435850264651,1,13
2015-12-29,7933.35,7933.35,7929.95,7929.95,10:15:00,7928.90386452516,1,14
2015-12-29,7934.9,7935.25,7932.15,7932.15,10:20:00,7929.474925046574,1,15
2015-12-29,7932.75,7934.55,7931.75,7934.55,10:25:00,7929.786836946901,1,16
2015-12-29,7935.95,7935.95,7933.0,7933.0,10:30:00,7930.37380485672,1,17
2015-12-29,7933.05,7936.2,7933.05,7936.2,10:35:00,7930.628680584651,1,18
2015-12-29,7933.4,7934.0,7933.4,7933.95,10:40:00,7930.892615767066,1,19
2015-12-29,7935.55,7935.55,7934.4,7935.3,10:45:00,7931.336176170202,1,20
2015-12-29,7935.05,7935.5,7934.75,7935.25,10:50:00,7931.689873677802,1,21
2015-12-29,7932.3,7934.25,7930.45,7934.25,10:55:00,7931.747980946582,1,22
2015-12-29,7936.75,7936.75,7933.3,7934.65,11:00:00,7932.224363713574,1,23
2015-12-29,7937.2,7937.2,7934.6,7935.75,11:05:00,7932.698233836091,1,24
2015-12-29,7939.9,7940.2,7935.85,7935.85,11:10:00,7933.384116327892,1,25
2015-12-29,7939.15,7939.45,7938.45,7939.1,11:15:00,7933.933248106188,1,26
2015-12-29,7936.15,7938.55,7936.15,7938.55,11:20:00,7934.14436733417,1,27
2015-12-29,7934.4,7936.45,7934.4,7936.25,11:25:00,7934.168713302344,1,28
2015-12-29,7928.95,7933.7,7928.95,7933.7,11:30:00,7933.671692987835,1,29
2015-12-29,7925.7,7927.8,7925.7,7927.8,11:35:00,7932.912484131851,1,30
2015-12-29,7923.05,7927.1,7923.05,7925.8,11:40:00,7931.973199928817,1,31
2015-12-29,7919.65,7922.2,7919.65,7922.2,11:45:00,7930.799561840358,1,32
2015-12-29,7921.8,7921.8,7918.8,7918.8,11:50:00,7929.942460712705,1,33
2015-12-29,7921.5,7923.9,7921.5,7923.35,11:55:00,7929.138416835304,1,34
2015-12-29,7920.8,7922.4,7920.8,7921.55,12:00:00,7928.344281898609,1,35
2015-12-29,7916.65,7919.8,7916.65,7919.8,12:05:00,7927.230540765408,1,36
2015-12-29,7914.95,7917.25,7914.95,7917.25,12:10:00,7926.060965454417,1,37
2015-12-29,7914.05,7914.6,7913.05,7913.05,12:15:00,7924.917063982568,1,38
2015-12-29,7913.8,7915.25,7913.8,7915.25,12:20:00,7923.858295984228,1,39
2015-12-29,7911.05,7912.95,7910.5,7912.95,12:25:00,7922.638458271444,1,40
2015-12-29,7908.95,7909.45,7907.45,7909.45,12:30:00,7921.334795578926,1,41
2015-12-29,7904.4,7907.6,7904.4,7907.6,12:35:00,7919.721957904742,1,42
2015-12-29,7909.1,7909.1,7905.2,7906.35,12:40:00,7918.710342866196,1,43
2015-12-29,7908.8,7910.0,7908.8,7909.5,12:45:00,7917.766500688464,1,44
2015-12-29,7905.55,7907.45,7905.55,7907.45,12:50:00,7916.603024432419,1,45
2015-12-29,7904.55,7906.0,7903.15,7905.55,12:55:00,7915.4551173436175,1,46
2015-12-29,7909.05,7909.05,7905.4,7905.4,13:00:00,7914.845106168035,1,47
2015-12-29,7908.05,7909.0,7908.05,7909.0,13:05:00,7914.19795319965,1,48
2015-12-29,7905.75,7908.95,7905.75,7907.75,13:10:00,7913.393386228256,1,49
2015-12-29,7905.2,7905.4,7904.4,7905.15,13:15:00,7912.613063730327,1,50
2015-12-29,7911.35,7911.35,7904.5,7904.5,13:20:00,7912.492771946486,1,51
2015-12-29,7914.25,7914.25,7912.5,7912.9,13:25:00,7912.660126999202,1,52
2015-12-29,7918.8,7918.8,7913.05,7913.05,13:30:00,7913.244876808802,1,53
2015-12-29,7919.35,7920.05,7917.05,7917.05,13:35:00,7913.826317112725,1,54
2015-12-29,7918.25,7919.55,7918.25,7919.55,13:40:00,7914.247620244847,1,55
2015-12-29,7923.85,7923.85,7917.75,7917.75,13:45:00,7915.162132602481,1,56
2015-12-29,7927.95,7927.95,7923.4,7924.6,13:50:00,7916.380024735578,1,57
2015-12-29,7931.2,7931.2,7927.75,7927.75,13:55:00,7917.791450951238,1,58
2015-12-29,7935.35,7937.05,7933.8,7933.8,14:00:00,7919.4636937177875,1,59
2015-12-29,7932.35,7938.4,7932.35,7935.7,14:05:00,7920.69096098276,1,60
2015-12-29,7935.0,7935.0,7932.65,7932.65,14:10:00,7922.053726603449,1,61
2015-12-29,7938.45,7938.5,7935.6,7935.6,14:15:00,7923.61527645074,1,62
2015-12-29,7935.25,7936.9,7935.15,7936.9,14:20:00,7924.723345360193,1,63
2015-12-29,7937.85,7937.9,7936.05,7936.05,14:25:00,7925.973502944937,1,64
2015-12-29,7933.55,7937.05,7933.55,7937.05,14:30:00,7926.695074093038,1,65
2015-12-29,7936.95,7937.45,7935.5,7935.5,14:35:00,7927.671733703224,1,66
2015-12-29,7934.1,7935.75,7933.85,7935.75,14:40:00,7928.283949541013,1,67
2015-12-29,7931.55,7932.6,7930.85,7932.6,14:45:00,7928.595001965677,1,68
2015-12-29,7932.35,7933.15,7931.4,7931.4,14:50:00,7928.952620826089,1,69
2015-12-29,7927.2,7931.9,7927.2,7931.9,14:55:00,7928.785704556938,1,70
2015-12-29,7923.7,7928.45,7922.1,7928.45,15:00:00,7928.301351741991,1,71
2015-12-29,7923.85,7925.55,7923.35,7925.55,15:05:00,7927.877413480849,1,72
2015-12-29,7928.3,7928.3,7925.3,7927.0,15:10:00,7927.917659816007,1,73
2015-12-29,7930.05,7930.6,7929.35,7929.35,15:15:00,7928.12073983353,1,74
2015-12-29,7928.2,7929.1,7928.2,7929.0,15:20:00,7928.128288420813,1,75
2015-12-29,7932.9,7932.9,7928.45,7928.9,15:25:00,7928.58273714264,1,76
2015-12-30,7938.6,7938.6,7938.6,7938.6,09:10:00,7929.536762176674,2,1
2015-12-30,7937.0,7940.35,7934.2,7940.35,09:15:00,7930.247546731277,2,2
2015-12-30,7938.4,7938.4,7934.05,7935.45,09:20:00,7931.023970852108,2,3
2015-12-30,7935.95,7938.2,7932.65,7938.2,09:25:00,7931.49311648524,2,4
2015-12-30,7936.25,7936.25,7933.8,7935.55,09:30:00,7931.946153010455,2,5
2015-12-30,7935.4,7936.55,7934.5,7936.5,09:35:00,7932.275090818984,2,6
2015-12-30,7933.15,7935.55,7932.8,7935.55,09:40:00,7932.358415502889,2,7
2015-12-30,7933.3,7933.65,7931.5,7932.6,09:45:00,7932.4480902169,2,8
2015-12-30,7929.35,7931.4,7929.35,7931.4,09:50:00,7932.153034005767,2,9
2015-12-30,7926.4,7927.8,7924.6,7927.8,09:55:00,7931.605126005217,2,10
2015-12-30,7932.2,7932.2,7928.3,7928.3,10:00:00,7931.661780671387,2,11
2015-12-30,7932.2,7933.3,7930.45,7932.95,10:05:00,7931.713039655064,2,12
2015-12-30,7929.2,7931.35,7929.0,7931.35,10:10:00,7931.473702545058,2,13
2015-12-30,7933.05,7933.05,7930.25,7930.25,10:15:00,7931.623826112194,2,14
2015-12-30,7933.7,7933.95,7933.35,7933.95,10:20:00,7931.821556958652,2,15
2015-12-30,7934.3,7935.2,7934.3,7934.65,10:25:00,7932.057599153066,2,16
2015-12-30,7934.15,7934.15,7933.05,7933.05,10:30:00,7932.256875424202,2,17
2015-12-30,7933.9,7935.1,7933.9,7934.15,10:35:00,7932.41336347904,2,18
2015-12-30,7936.1,7936.1,7934.2,7934.2,10:40:00,7932.7644717191315,2,19
2015-12-30,7936.25,7936.7,7936.05,7936.05,10:45:00,7933.0964267935,2,20
2015-12-30,7934.85,7936.65,7934.25,7936.65,10:50:00,7933.263433765547,2,21
2015-12-30,7934.15,7934.5,7933.55,7934.5,10:55:00,7933.347868645019,2,22
2015-12-30,7933.7,7935.05,7933.7,7935.05,11:00:00,7933.381404964541,2,23
2015-12-30,7933.3,7933.8,7932.65,7933.8,11:05:00,7933.373652110775,2,24
2015-12-30,7929.95,7931.7,7929.95,7931.7,11:10:00,7933.047590004987,2,25
2015-12-30,7926.15,7929.7,7926.15,7929.7,11:15:00,7932.390676671179,2,26
2015-12-30,7925.65,7926.1,7924.6,7925.75,11:20:00,7931.7487074644,2,27
2015-12-30,7926.75,7927.7,7925.7,7925.7,11:25:00,7931.272640086838,2,28
2015-12-30,7928.55,7928.65,7927.45,7927.45,11:30:00,7931.013341030949,2,29
2015-12-30,7929.8,7929.8,7927.8,7928.45,11:35:00,7930.897784742287,2,30
2015-12-30,7930.2,7930.25,7929.05,7930.25,11:40:00,7930.831329052545,2,31
2015-12-30,7929.75,7930.8,7929.5,7929.5,11:45:00,7930.728345333255,2,32
2015-12-30,7928.55,7930.3,7928.55,7930.3,11:50:00,7930.520883872945,2,33
2015-12-30,7928.45,7928.45,7927.15,7927.7,11:55:00,7930.323656837426,2,34
2015-12-30,7930.5,7930.55,7929.05,7929.45,12:00:00,7930.3404514243375,2,35
2015-12-30,7929.9,7930.55,7929.9,7930.4,12:05:00,7930.298503669639,2,36
2015-12-30,7929.5,7930.3,7929.35,7930.3,12:10:00,7930.222455701102,2,37
2015-12-30,7930.15,7930.15,7928.35,7928.35,12:15:00,7930.21555515814,2,38
2015-12-30,7931.5,7931.5,7930.55,7930.55,12:20:00,7930.337883238317,2,39
2015-12-30,7932.8,7932.8,7931.4,7931.85,12:25:00,7930.572370548954,2,40
2015-12-30,7931.25,7933.55,7931.25,7933.55,12:30:00,7930.636906687148,2,41
2015-12-30,7930.55,7930.55,7929.2,7929.95,12:35:00,7930.628629859802,2,42
2015-12-30,7928.85,7931.6,7928.85,7931.4,12:40:00,7930.45923653982,2,43
2015-12-30,7927.3,7929.6,7927.3,7929.6,12:45:00,7930.158356869361,2,44
2015-12-30,7929.25,7929.25,7927.5,7927.5,12:50:00,7930.071846691328,2,45
2015-12-30,7929.3,7930.95,7929.3,7930.2,12:55:00,7929.99833748263,2,46
2015-12-30,7930.75,7930.75,7929.75,7930.0,13:00:00,7930.069924389046,2,47
2015-12-30,7930.65,7931.45,7930.15,7930.8,13:05:00,7930.125169685328,2,48
2015-12-30,7934.8,7934.8,7931.4,7931.4,13:10:00,7930.570391620058,2,49
2015-12-30,7934.15,7936.25,7933.45,7936.25,13:15:00,7930.9113067038625,2,50
2015-12-30,7930.5,7934.05,7930.5,7934.05,13:20:00,7930.8721346368275,2,51
2015-12-30,7931.15,7931.85,7930.2,7930.2,13:25:00,7930.898598004749,2,52
2015-12-30,7925.95,7929.55,7925.25,7929.55,13:30:00,7930.427302956678,2,53
2015-12-30,7922.45,7926.75,7922.35,7926.75,13:35:00,7929.667559817947,2,54
2015-12-30,7923.0,7923.7,7922.1,7922.1,13:40:00,7929.032554120999,2,55
2015-12-30,7919.75,7923.55,7919.75,7922.15,13:45:00,7928.148501347571,2,56
2015-12-30,7921.1,7921.1,7917.85,7917.85,13:50:00,7927.477215504945,2,57
2015-12-30,7923.15,7923.15,7920.8,7921.0,13:55:00,7927.065099742569,2,58
2015-12-30,7927.15,7927.15,7923.1,7923.5,14:00:00,7927.073185481372,2,59
2015-12-30,7927.5,7929.95,7927.1,7927.1,14:05:00,7927.113834483146,2,60
2015-12-30,7927.45,7928.0,7927.45,7927.6,14:10:00,7927.145850246656,2,61
2015-12-30,7914.8,7926.5,7914.8,7926.5,14:15:00,7925.970054985069,2,62
2015-12-30,7912.2,7912.2,7907.5,7907.5,14:20:00,7924.658621176968,2,63
2015-12-30,7912.65,7914.65,7912.2,7914.65,14:25:00,7923.514942969638,2,64
2015-12-30,7919.2,7919.6,7914.3,7914.3,14:30:00,7923.103996020148,2,65
2015-12-30,7919.75,7920.95,7918.85,7920.95,14:35:00,7922.784567827753,2,66
2015-12-30,7912.95,7920.7,7912.95,7920.7,14:40:00,7921.847942320348,2,67
2015-12-30,7912.7,7913.95,7909.6,7913.95,14:45:00,7920.976709718409,2,68
2015-12-30,7913.2,7915.55,7913.2,7914.85,14:50:00,7920.236070697609,2,69
2015-12-30,7909.6,7911.95,7909.1,7910.9,14:55:00,7919.223111583551,2,70
2015-12-30,7900.95,7909.6,7900.85,7909.6,15:00:00,7917.48281524226,2,71
2015-12-30,7899.45,7900.0,7897.5,7897.5,15:05:00,7915.765404266806,2,72
2015-12-30,7895.1,7898.4,7895.1,7898.2,15:10:00,7913.797270527111,2,73
2015-12-30,7894.3,7896.05,7891.5,7896.05,15:15:00,7911.940387619767,2,74
2015-12-30,7896.4,7898.0,7894.95,7894.95,15:20:00,7910.460350703599,2,75
2015-12-30,7895.5,7897.85,7895.5,7897.85,15:25:00,7909.035555398495,2,76
2015-12-31,7897.8,7897.8,7897.8,7897.8,09:10:00,7907.9655025034,3,1
2015-12-31,7901.25,7906.75,7897.65,7897.65,09:15:00,7907.3259308364095,3,2
2015-12-31,7900.85,7901.8,7898.25,7900.25,09:20:00,7906.709175518656,3,3
2015-12-31,7902.1,7904.0,7901.85,7901.85,09:25:00,7906.270206421641,3,4
2015-12-31,7898.05,7902.5,7898.05,7902.5,09:30:00,7905.48732961958,3,5
2015-12-31,7894.8,7897.7,7894.8,7897.7,09:35:00,7904.469488703429,3,6
2015-12-31,7894.75,7894.75,7892.95,7892.95,09:40:00,7903.543823112626,3,7
2015-12-31,7894.4,7895.65,7892.6,7895.0,09:45:00,7902.672982816186,3,8
2015-12-31,7899.65,7900.15,7897.2,7897.2,09:50:00,7902.3850796908355,3,9
2015-12-31,7900.5,7902.05,7900.5,7901.3,09:55:00,7902.2055482917085,3,10
2015-12-31,7902.9,7902.9,7899.65,7899.65,10:00:00,7902.27168654964,3,11
2015-12-31,7902.25,7904.25,7902.25,7904.2,10:05:00,7902.269621163959,3,12
2015-12-31,7900.25,7902.25,7900.25,7902.25,10:10:00,7902.077276291201,3,13
2015-12-31,7901.75,7901.75,7900.8,7901.25,10:15:00,7902.046107120611,3,14
2015-12-31,7899.9,7901.45,7899.9,7901.45,10:20:00,7901.841715966267,3,15
2015-12-31,7897.65,7899.95,7897.45,7899.95,10:25:00,7901.44250492186,3,16
2015-12-31,7896.85,7897.5,7896.55,7897.5,10:30:00,7901.00512350073,3,17
2015-12-31,7900.1,7900.1,7897.6,7897.6,10:35:00,7900.918921262565,3,18
2015-12-31,7900.5,7900.95,7900.35,7900.8,10:40:00,7900.879023999464,3,19
2015-12-31,7905.95,7905.95,7901.35,7901.35,10:45:00,7901.361974094753,3,20
2015-12-31,7906.6,7909.85,7906.6,7909.85,10:50:00,7901.860833704777,3,21
2015-12-31,7906.3,7906.9,7906.1,7906.55,10:55:00,7902.283611447179,3,22
2015-12-31,7906.7,7906.9,7905.55,7905.55,11:00:00,7902.704219880781,3,23
2015-12-31,7910.95,7910.95,7906.4,7906.4,11:05:00,7903.489532273088,3,24
2015-12-31,7911.4,7912.15,7909.9,7912.15,11:10:00,7904.242910151841,3,25
2015-12-31,7912.65,7912.65,7911.05,7911.3,11:15:00,7905.043585375475,3,26
2015-12-31,7913.7,7914.9,7912.65,7912.95,11:20:00,7905.868005815906,3,27
2015-12-31,7910.2,7912.85,7910.2,7912.0,11:25:00,7906.280576690582,3,28
2015-12-31,7910.75,7911.0,7910.35,7910.35,11:30:00,7906.706236053384,3,29
2015-12-31,7913.5,7913.5,7910.9,7910.9,11:35:00,7907.353261191157,3,30
2015-12-31,7913.7,7914.45,7913.25,7914.45,11:40:00,7907.957712506285,3,31
2015-12-31,7913.25,7913.55,7913.1,7913.3,11:45:00,7908.4617398866385,3,32
2015-12-31,7912.0,7913.1,7912.0,7913.0,11:50:00,7908.798717040292,3,33
2015-12-31,7914.5,7914.7,7912.5,7913.1,11:55:00,7909.341696369788,3,34
2015-12-31,7914.35,7914.35,7913.4,7913.45,12:00:00,7909.818677667904,3,35
2015-12-31,7911.9,7914.05,7911.9,7914.05,12:05:00,7910.016898842389,3,36
2015-12-31,7911.85,7912.25,7911.8,7911.95,12:10:00,7910.191479905019,3,37
2015-12-31,7910.65,7912.4,7910.6,7912.4,12:15:00,7910.235148485493,3,38
2015-12-31,7909.1,7909.85,7909.1,7909.85,12:20:00,7910.127039105922,3,39
2015-12-31,7909.05,7909.35,7908.25,7909.35,12:25:00,7910.024463952977,3,40
2015-12-31,7908.9,7908.9,7907.35,7907.6,12:30:00,7909.917372147932,3,41
2015-12-31,7907.7,7907.95,7906.45,7907.95,12:35:00,7909.706193848129,3,42
2015-12-31,7906.55,7908.0,7906.55,7906.85,12:40:00,7909.405603957831,3,43
2015-12-31,7907.7,7907.7,7906.45,7906.45,12:45:00,7909.243165485656,3,44
2015-12-31,7908.35,7909.05,7907.95,7908.5,12:50:00,7909.15810210607,3,45
2015-12-31,7907.85,7908.65,7907.35,7907.35,12:55:00,7909.033520953111,3,46
2015-12-31,7906.55,7907.1,7906.2,7907.1,13:00:00,7908.796995148053,3,47
2015-12-31,7901.35,7906.25,7900.1,7906.25,13:05:00,7908.087757514904,3,48
2015-12-31,7902.4,7902.4,7900.9,7900.9,13:10:00,7907.546066323009,3,49
2015-12-31,7904.25,7905.0,7902.15,7902.15,13:15:00,7907.232155244626,3,50
2015-12-31,7906.25,7906.25,7904.2,7904.2,13:20:00,7907.1386166499005,3,51
2015-12-31,7906.4,7908.0,7906.15,7906.75,13:25:00,7907.068272207053,3,52
2015-12-31,7906.55,7907.3,7905.8,7905.85,13:30:00,7907.018912949238,3,53
2015-12-31,7907.05,7907.5,7906.35,7906.75,13:35:00,7907.02187362074,3,54
2015-12-31,7909.4,7909.4,7906.25,7906.25,13:40:00,7907.248361847336,3,55
2015-12-31,7916.75,7916.75,7908.6,7908.6,13:45:00,7908.153279766638,3,56
2015-12-31,7918.85,7918.85,7913.6,7917.4,13:50:00,7909.172015026958,3,57
2015-12-31,7916.5,7921.5,7915.75,7921.5,13:55:00,7909.869918357724,3,58
2015-12-31,7914.9,7917.75,7913.65,7914.95,14:00:00,7910.348973752227,3,59
2016-01-04,7911.25,7922.75,7902.55,7922.75,09:15:00,7910.434785775824,0,1
2016-01-04,7915.25,7918.3,7907.9,7911.0,09:20:00,7910.893377606698,0,2
2016-01-04,7916.85,7918.25,7913.85,7914.5,09:25:00,7911.460674977488,0,3
2016-01-04,7918.75,7919.65,7911.55,7916.8,09:30:00,7912.154896408204,0,4
2016-01-04,7930.4,7934.1,7918.6,7918.6,09:35:00,7913.892525321708,0,5
2016-01-04,7931.55,7932.3,7927.0,7930.55,09:40:00,7915.574189576783,0,6
2016-01-04,7929.8,7931.65,7929.1,7931.35,09:45:00,7916.929028664708,0,7
2016-01-04,7932.5,7937.55,7929.7,7929.7,09:50:00,7918.411978315688,0,8
2016-01-04,7918.75,7932.65,7918.55,7932.65,09:55:00,7918.444170857052,0,9
2016-01-04,7908.9,7918.6,7900.6,7918.6,10:00:00,7917.535202204,0,10
2016-01-04,7903.7,7910.75,7900.5,7909.9,10:05:00,7916.217563898857,0,11
2016-01-04,7885.65,7903.65,7878.1,7903.65,10:10:00,7913.306367337062,0,12
2016-01-04,7887.65,7888.75,7879.8,7884.8,10:15:00,7910.862903781151,0,13
2016-01-04,7891.75,7894.5,7887.45,7887.9,10:20:00,7909.042627230565,0,14
2016-01-04,7890.0,7897.6,7889.2,7891.9,10:25:00,7907.229043684797,0,15
2016-01-04,7885.0,7891.75,7880.15,7889.75,10:30:00,7905.111991905293,0,16
2016-01-04,7871.05,7886.25,7869.35,7885.35,10:35:00,7901.867992676217,0,17
2016-01-04,7874.0,7874.0,7864.65,7870.9,10:40:00,7899.213898135625,0,18
2016-01-04,7869.75,7874.5,7867.15,7873.9,10:45:00,7896.407812598899,0,19
2016-01-04,7877.2,7877.55,7869.05,7869.65,10:50:00,7894.578497113289,0,20
2016-01-04,7871.25,7877.95,7870.75,7876.7,10:55:00,7892.356735483451,0,21
2016-01-04,7865.4,7871.1,7860.9,7871.1,11:00:00,7889.78942734217,0,22
2016-01-04,7853.3,7867.85,7853.3,7865.15,11:05:00,7886.314243785773,0,23
2016-01-04,7845.45,7857.9,7845.1,7852.7,11:10:00,7882.422411044271,0,24
2016-01-04,7838.35,7845.7,7834.2,7845.5,11:15:00,7878.225038563864,0,25
2016-01-04,7835.25,7841.2,7829.55,7838.4,11:20:00,7874.132177748258,0,26
2016-01-04,7840.5,7842.8,7833.4,7835.3,11:25:00,7870.929113200805,0,27
2016-01-04,7838.4,7842.1,7836.1,7840.6,11:30:00,7867.831102419776,0,28
2016-01-04,7837.2,7841.45,7837.2,7838.6,11:35:00,7864.913854570273,0,29
2016-01-04,7831.9,7837.7,7829.3,7837.1,11:40:00,7861.769677944532,0,30
2016-01-04,7816.2,7832.3,7813.55,7831.6,11:45:00,7857.429708616482,0,31
2016-01-04,7820.35,7823.6,7815.65,7816.6,11:50:00,7853.898307795865,0,32
2016-01-04,7823.9,7824.65,7819.9,7820.95,11:55:00,7851.04132610102,0,33
2016-01-04,7826.55,7827.1,7820.0,7824.1,12:00:00,7848.708818853303,0,34
2016-01-04,7831.0,7833.65,7825.95,7826.05,12:05:00,7847.022264676799,0,35
2016-01-04,7839.9,7839.9,7829.85,7830.65,12:10:00,7846.3439537551985,0,36
2016-01-04,7831.05,7839.85,7830.15,7839.8,12:15:00,7844.887386730894,0,37
2016-01-04,7835.9,7840.9,7830.1,7830.1,12:20:00,7844.031445137475,0,38
2016-01-04,7830.05,7837.55,7830.05,7835.85,12:25:00,7842.699878933907,0,39
2016-01-04,7830.0,7830.7,7825.6,7829.95,12:30:00,7841.490366654487,0,40
2016-01-04,7828.45,7832.75,7828.35,7830.05,12:35:00,7840.248426973108,0,41
2016-01-04,7826.45,7828.45,7823.25,7828.15,12:40:00,7838.934291070906,0,42
2016-01-04,7825.8,7830.6,7825.0,7826.3,12:45:00,7837.683406207011,0,43
2016-01-04,7823.35,7827.85,7823.25,7825.95,12:50:00,7836.318319901581,0,44
2016-01-04,7825.75,7826.9,7823.3,7823.3,12:55:00,7835.311813244288,0,45
2016-01-04,7819.85,7827.35,7819.85,7825.6,13:00:00,7833.839259601975,0,46
2016-01-04,7812.15,7820.15,7811.7,7819.9,13:05:00,7831.773615830358,0,47
2016-01-04,7811.9,7813.9,7809.95,7811.95,13:10:00,7829.880890513181,0,48
2016-01-04,7810.95,7815.25,7807.85,7811.45,13:15:00,7828.077948559544,0,49
2016-01-04,7808.65,7813.0,7807.65,7812.5,13:20:00,7826.22766774435,0,50
2016-01-04,7812.6,7812.95,7808.3,7808.6,13:25:00,7824.92979462584,0,51
2016-01-04,7810.15,7815.35,7809.95,7812.5,13:30:00,7823.522195137665,0,52
2016-01-04,7798.4,7810.2,7797.65,7809.45,13:35:00,7821.129605124554,0,53
2016-01-04,7804.05,7805.45,7798.45,7799.4,13:40:00,7819.502976065073,0,54
2016-01-04,7793.4,7806.05,7792.6,7804.75,13:45:00,7817.016978344591,0,55
2016-01-04,7797.0,7798.35,7791.2,7792.8,13:50:00,7815.11059945463,0,56
2016-01-04,7790.25,7798.2,7789.4,7797.1,13:55:00,7812.742923316094,0,57
2016-01-04,7793.55,7794.25,7786.25,7789.7,14:00:00,7810.915025857418,0,58
2016-01-04,7797.95,7798.2,7790.1,7793.75,14:05:00,7809.680261490044,0,59
2016-01-04,7798.55,7800.85,7797.6,7797.65,14:10:00,7808.62023658623,0,60
2016-01-04,7805.95,7806.65,7796.55,7798.05,14:15:00,7808.365928339923,0,61
2016-01-04,7800.15,7807.25,7799.65,7806.5,14:20:00,7807.583458974216,0,62
2016-01-04,7805.5,7807.05,7799.45,7799.9,14:25:00,7807.385034310005,0,63
2016-01-04,7796.7,7806.55,7796.05,7805.1,14:30:00,7806.367411994766,0,64
2016-01-04,7790.2,7798.95,7787.45,7797.25,14:35:00,7804.827658471456,0,65
2016-01-04,7789.75,7792.65,7788.45,7790.7,14:40:00,7803.391690997983,0,66
2016-01-04,7787.05,7794.55,7787.05,7789.85,14:45:00,7801.835339474366,0,67
2016-01-04,7798.45,7800.5,7783.5,7786.5,14:50:00,7801.512926191093,0,68
2016-01-04,7808.0,7808.5,7797.6,7798.15,14:55:00,7802.130742744323,0,69
2016-01-04,7798.7,7812.15,7797.75,7807.9,15:00:00,7801.804005340102,0,70
2016-01-04,7796.2,7800.6,7793.65,7799.5,15:05:00,7801.270290545806,0,71
2016-01-04,7784.25,7796.4,7783.45,7796.4,15:10:00,7799.649310493825,0,72
2016-01-04,7785.25,7788.2,7781.1,7784.45,15:15:00,7798.277947589651,0,73
2016-01-04,7792.15,7793.15,7783.95,7785.85,15:20:00,7797.6943335334945,0,74
2016-01-04,7789.15,7795.05,7788.25,7792.1,15:25:00,7796.880587482686,0,75
2016-01-05,7823.9,7831.2,7817.05,7824.9,09:15:00,7799.453864865287,1,1
2016-01-05,7814.6,7829.75,7813.3,7823.15,09:20:00,7800.896353925736,1,2
2016-01-05,7807.25,7814.25,7806.0,7814.0,09:25:00,7801.501463075666,1,3
2016-01-05,7808.7,7810.65,7799.85,7806.55,09:30:00,7802.187038020841,1,4
2016-01-05,7801.15,7809.75,7798.1,7809.15,09:35:00,7802.088272495046,1,5
2016-01-05,7798.95,7803.6,7795.4,7801.0,09:40:00,7801.78938940028,1,6
2016-01-05,7797.9,7799.6,7794.75,7799.15,09:45:00,7801.418971362158,1,7
2016-01-05,7783.75,7797.8,7783.2,7797.8,09:50:00,7799.73621218481,1,8
2016-01-05,7800.85,7800.85,7783.85,7783.85,09:55:00,7799.8422872148285,1,9
2016-01-05,7800.3,7803.0,7795.3,7801.1,10:00:00,7799.885878908654,1,10
2016-01-05,7804.6,7805.2,7799.65,7800.1,10:05:00,7800.334842822116,1,11
2016-01-05,7808.6,7809.6,7803.45,7804.65,10:10:00,7801.122000648582,1,12
2016-01-05,7811.05,7813.75,7805.95,7808.3,10:15:00,7802.067524396336,1,13
2016-01-05,7815.3,7817.3,7808.2,7811.55,10:20:00,7803.327760168114,1,14
2016-01-05,7813.6,7817.35,7812.6,7815.35,10:25:00,7804.306068723531,1,15
2016-01-05,7807.45,7815.0,7806.8,7813.95,10:30:00,7804.605490749861,1,16
2016-01-05,7801.75,7808.4,7800.7,7807.4,10:35:00,7804.333539249874,1,17
2016-01-05,7800.95,7803.0,7799.9,7801.55,10:40:00,7804.011297416552,1,18
2016-01-05,7791.25,7801.0,7791.25,7801.0,10:45:00,7802.795935757833,1,19
2016-01-05,7785.7,7791.35,7785.0,7791.35,10:50:00,7801.167751399944,1,20
2016-01-05,7783.5,7788.1,7781.85,7785.85,10:55:00,7799.4851084094735,1,21
2016-01-05,7771.35,7785.95,7770.35,7783.2,11:00:00,7796.805574275238,1,22
2016-01-05,7777.0,7779.1,7771.3,7771.3,11:05:00,7794.919329106167,1,23
2016-01-05,7774.25,7777.6,7768.7,7776.95,11:10:00,7792.950821572246,1,24
2016-01-05,7769.55,7774.2,7768.6,7774.2,11:15:00,7790.722171898698,1,25
2016-01-05,7780.6,7780.6,7769.35,7769.9,11:20:00,7789.758155527394,1,26
2016-01-05,7775.9,7781.0,7773.7,7780.55,11:25:00,7788.438331191452,1,27
2016-01-05,7775.6,7778.65,7774.25,7776.15,11:30:00,7787.215632982741,1,28
2016-01-05,7771.15,7778.5,7771.15,7775.8,11:35:00,7785.6855726986705,1,29
2016-01-05,7765.15,7771.2,7763.25,7771.2,11:40:00,7783.729803870226,1,30
2016-01-05,7772.0,7772.1,7763.65,7765.2,11:45:00,7782.61267969211,1,31
2016-01-05,7776.1,7776.4,7770.6,7772.35,11:50:00,7781.992424483337,1,32
2016-01-05,7782.95,7782.95,7776.3,7776.3,11:55:00,7782.083622151591,1,33
2016-01-05,7782.4,7787.2,7781.45,7782.55,12:00:00,7782.113753375249,1,34
2016-01-05,7787.05,7788.35,7779.45,7782.2,12:05:00,7782.583872101416,1,35
2016-01-05,7792.8,7794.5,7785.05,7786.95,12:10:00,7783.556836663186,1,36
2016-01-05,7789.85,7795.15,7788.0,7792.7,12:15:00,7784.156185552406,1,37
2016-01-05,7785.65,7790.15,7784.75,7789.95,12:20:00,7784.298453595034,1,38
2016-01-05,7796.4,7796.4,7785.25,7785.45,12:25:00,7785.450981824079,1,39
2016-01-05,7794.9,7796.55,7792.75,7796.55,12:30:00,7786.350888317023,1,40
2016-01-05,7793.8,7794.9,7789.1,7794.65,12:35:00,7787.060327524926,1,41
2016-01-05,7800.05,7800.35,7789.6,7793.65,12:40:00,7788.297439189218,1,42
2016-01-05,7803.65,7805.4,7799.1,7800.0,12:45:00,7789.759587837864,1,43
2016-01-05,7804.45,7804.7,7799.05,7803.55,12:50:00,7791.158674710448,1,44
2016-01-05,7803.9,7808.2,7800.95,7804.3,12:55:00,7792.372134261835,1,45
2016-01-05,7803.4,7807.15,7799.85,7804.15,13:00:00,7793.422407189279,1,46
2016-01-05,7809.9,7810.75,7802.05,7803.1,13:05:00,7794.9917017426815,1,47
2016-01-05,7806.7,7810.05,7803.9,7810.05,13:10:00,7796.106777767188,1,48
2016-01-05,7803.5,7807.85,7802.45,7806.95,13:15:00,7796.810894170313,1,49
2016-01-05,7801.7,7806.7,7801.45,7803.35,13:20:00,7797.27652329695,1,50
2016-01-05,7801.3,7801.6,7793.75,7801.6,13:25:00,7797.659711554384,1,51
2016-01-05,7805.35,7805.45,7800.35,7800.95,13:30:00,7798.392119977776,1,52
2016-01-05,7806.3,7810.1,7804.35,7805.2,13:35:00,7799.145251408464,1,53
2016-01-05,7799.35,7806.8,7795.0,7806.15,13:40:00,7799.164751274325,1,54
2016-01-05,7796.95,7799.75,7794.25,7799.65,13:45:00,7798.953822581532,1,55
2016-01-05,7792.0,7797.1,7790.2,7796.15,13:50:00,7798.291553764244,1,56
2016-01-05,7795.4,7795.4,7787.65,7791.95,13:55:00,7798.0161676914595,1,57
2016-01-05,7793.55,7795.6,7790.5,7794.7,14:00:00,7797.590818387511,1,58
2016-01-05,7797.15,7798.7,7793.15,7793.15,14:05:00,7797.548835683938,1,59
2016-01-05,7802.7,7806.7,7794.5,7797.7,14:10:00,7798.039422761658,1,60
2016-01-05,7802.2,7803.9,7800.05,7802.8,14:15:00,7798.435668212928,1,61
2016-01-05,7802.05,7804.9,7801.85,7802.45,14:20:00,7798.779890287888,1,62
2016-01-05,7799.5,7802.05,7796.95,7802.0,14:25:00,7798.848472165232,1,63
2016-01-05,7795.7,7801.2,7795.7,7799.45,14:30:00,7798.548617673305,1,64
2016-01-05,7793.4,7796.95,7793.15,7795.25,14:35:00,7798.0582731329905,1,65
2016-01-05,7783.35,7793.85,7782.35,7793.2,14:40:00,7796.657485215563,1,66
2016-01-05,7787.55,7790.9,7783.0,7783.4,14:45:00,7795.790105671223,1,67
2016-01-05,7786.4,7787.65,7781.25,7787.5,14:50:00,7794.895809893012,1,68
2016-01-05,7786.4,7789.0,7784.35,7786.55,14:55:00,7794.086685141297,1,69
2016-01-05,7783.6,7787.2,7778.55,7786.05,15:00:00,7793.087953223078,1,70
2016-01-05,7791.95,7792.35,7783.15,7783.8,15:05:00,7792.979576725642,1,71
2016-01-05,7785.8,7792.0,7784.6,7791.6,15:10:00,7792.295807513676,1,72
2016-01-05,7785.35,7786.8,7783.05,7785.15,15:15:00,7791.634302036183,1,73
2016-01-05,7782.85,7786.3,7782.05,7785.25,15:20:00,7790.797701842261,1,74
2016-01-05,7779.0,7783.45,7776.85,7782.75,15:25:00,7789.674111190617,1,75
2016-01-06,7780.55,7788.3,7763.3,7785.4,09:15:00,7788.805148220082,2,1
2016-01-06,7765.6,7779.95,7759.2,7779.65,09:20:00,7786.5951341038835,2,2
2016-01-06,7768.2,7772.0,7762.6,7765.3,09:25:00,7784.84321657018,2,3
2016-01-06,7767.6,7775.55,7767.15,7768.4,09:30:00,7783.201005468258,2,4
2016-01-06,7773.05,7774.75,7765.7,7768.5,09:35:00,7782.23424304271,2,5
2016-01-06,7767.85,7774.7,7765.9,7773.15,09:40:00,7780.86431513388,2,6
2016-01-06,7768.15,7769.15,7764.6,7767.15,09:45:00,7779.653427978273,2,7
2016-01-06,7768.6,7773.75,7767.55,7767.85,09:50:00,7778.600720551771,2,8
2016-01-06,7766.2,7768.4,7762.95,7768.4,09:55:00,7777.41969954684,2,9
2016-01-06,7768.4,7772.0,7765.7,7765.9,10:00:00,7776.5606805423795,2,10
2016-01-06,7769.5,7771.25,7767.85,7768.5,10:05:00,7775.888234776438,2,11
2016-01-06,7770.6,7772.5,7766.0,7769.45,10:10:00,7775.384593369158,2,12
2016-01-06,7779.35,7779.45,7770.25,7770.5,10:15:00,7775.762251143524,2,13
2016-01-06,7778.7,7781.75,7775.4,7779.4,10:20:00,7776.042036748902,2,14
2016-01-06,7786.05,7793.45,7778.95,7778.95,10:25:00,7776.995176106149,2,15
2016-01-06,7783.9,7790.45,7783.25,7785.8,10:30:00,7777.652778381754,2,16
2016-01-06,7782.1,7786.05,7779.65,7784.05,10:35:00,7778.076323297777,2,17
2016-01-06,7785.0,7786.75,7781.7,7781.75,10:40:00,7778.735721078941,2,18
2016-01-06,7786.65,7787.45,7781.4,7785.05,10:45:00,7779.489461928566,2,19
2016-01-06,7784.55,7789.2,7782.5,7786.8,10:50:00,7779.97141793537,2,20
2016-01-06,7790.95,7792.55,7784.4,7784.5,10:55:00,7781.01699717962,2,21
2016-01-06,7786.35,7791.0,7783.85,7790.75,11:00:00,7781.524902210132,2,22
2016-01-06,7787.3,7789.0,7785.55,7786.5,11:05:00,7782.074911523453,2,23
2016-01-06,7789.95,7791.4,7786.35,7787.1,11:10:00,7782.8249199497905,2,24
2016-01-06,7794.8,7797.25,7789.85,7789.85,11:15:00,7783.965403764097,2,25
2016-01-06,7784.45,7795.7,7784.1,7794.75,11:20:00,7784.011555786564,2,26
2016-01-06,7780.5,7786.0,7779.4,7784.2,11:25:00,7783.677121902129,2,27
2016-01-06,7785.9,7786.75,7778.8,7778.85,11:30:00,7783.888824578117,2,28
2016-01-06,7783.65,7785.6,7780.25,7785.45,11:35:00,7783.866079380202,2,29
2016-01-06,7786.45,7786.55,7779.95,7783.8,11:40:00,7784.112167058278,2,30
2016-01-06,7782.3,7786.35,7781.75,7786.35,11:45:00,7783.939579719395,2,31
2016-01-06,7785.1,7785.45,7778.55,7782.45,11:50:00,7784.050095936595,2,32
2016-01-06,7786.35,7787.2,7779.55,7785.15,11:55:00,7784.269134418824,2,33
2016-01-06,7788.2,7791.8,7785.55,7785.9,12:00:00,7784.643502569413,2,34
2016-01-06,7791.0,7791.1,7787.2,7788.0,12:05:00,7785.248883277088,2,35
2016-01-06,7789.1,7791.7,7786.75,7791.2,12:10:00,7785.615656298318,2,36
2016-01-06,7787.75,7791.9,7786.45,7789.3,12:15:00,7785.818927127049,2,37
2016-01-06,7785.9,7791.15,7783.25,7787.9,12:20:00,7785.826648353044,2,38
2016-01-06,7784.85,7787.95,7784.55,7786.05,12:25:00,7785.733634224183,2,39
2016-01-06,7785.85,7786.65,7784.25,7785.1,12:30:00,7785.7447166790225,2,40
2016-01-06,7784.75,7787.5,7782.55,7786.1,12:35:00,7785.64998175721,2,41
2016-01-06,7783.45,7785.95,7780.8,7784.8,12:40:00,7785.4404596850945,2,42
2016-01-06,7781.95,7783.95,7780.8,7783.75,12:45:00,7785.10803495318,2,43
2016-01-06,7777.5,7783.15,7775.85,7782.1,12:50:00,7784.383460195734,2,44
2016-01-06,7780.95,7780.95,7775.9,7777.1,12:55:00,7784.056463986617,2,45
2016-01-06,7782.8,7784.55,7777.05,7780.75,13:00:00,7783.936800749796,2,46
2016-01-06,7779.95,7784.5,7779.05,7782.45,13:05:00,7783.557105440292,2,47
2016-01-06,7791.55,7791.55,7779.0,7780.1,13:10:00,7784.318333493597,2,48
2016-01-06,7791.9,7793.5,7786.7,7790.9,13:15:00,7785.040396970397,2,49
2016-01-06,7796.8,7800.95,7791.0,7792.05,13:20:00,7786.160359163693,2,50
2016-01-06,7794.4,7798.4,7794.4,7796.6,13:25:00,7786.945086862389,2,51
2016-01-06,7791.65,7795.05,7790.4,7794.45,13:30:00,7787.393173827876,2,52
2016-01-06,7788.25,7791.9,7786.8,7791.85,13:35:00,7787.47477632046,2,53
2016-01-06,7784.8,7788.75,7782.15,7788.4,13:40:00,7787.22003571851,2,54
2016-01-06,7785.45,7788.3,7782.25,7784.7,13:45:00,7787.051460888177,2,55
2016-01-06,7782.55,7785.9,7778.45,7785.7,13:50:00,7786.622750327398,2,56
2016-01-06,7747.0,7782.4,7746.7,7782.4,13:55:00,7782.849155058122,2,57
2016-01-06,7737.7,7752.5,7736.45,7746.4,14:00:00,7778.549235528777,2,58
2016-01-06,7728.45,7740.65,7728.45,7738.0,14:05:00,7773.777879764132,2,59
2016-01-06,7723.35,7732.45,7723.35,7728.8,14:10:00,7768.975224548501,2,60
2016-01-06,7735.8,7739.25,7721.2,7723.35,14:15:00,7765.815679353405,2,61
2016-01-06,7743.95,7744.95,7727.35,7735.5,14:20:00,7763.7332337007,2,62
2016-01-06,7740.7,7748.5,7739.7,7744.1,14:25:00,7761.539592395871,2,63
2016-01-06,7741.1,7747.4,7737.65,7740.5,14:30:00,7759.592964548646,2,64
2016-01-06,7746.95,7746.95,7736.1,7741.25,14:35:00,7758.38887268687,2,65
2016-01-06,7744.4,7748.3,7743.4,7747.1,14:40:00,7757.056599097645,2,66
2016-01-06,7744.95,7746.45,7741.8,7744.15,14:45:00,7755.903589659774,2,67
2016-01-06,7750.2,7751.4,7744.9,7745.6,14:50:00,7755.360390644558,2,68
2016-01-06,7753.6,7757.7,7750.25,7750.35,14:55:00,7755.192734392695,2,69
2016-01-06,7751.8,7754.0,7746.85,7753.7,15:00:00,7754.869616831486,2,70
2016-01-06,7741.45,7752.3,7740.75,7751.9,15:05:00,7753.59155808563,2,71
2016-01-06,7738.7,7745.15,7737.85,7741.5,15:10:00,7752.173314458427,2,72
2016-01-06,7740.85,7741.05,7734.35,7738.5,15:15:00,7751.094903557625,2,73
2016-01-06,7737.65,7743.15,7737.65,7740.9,15:20:00,7749.8144365521375,2,74
2016-01-06,7733.4,7738.35,7731.8,7737.7,15:25:00,7748.251156880505,2,75
2016-01-07,7649.35,7667.9,7638.4,7667.9,09:15:00,7738.831999082361,3,1
2016-01-07,7645.95,7649.1,7635.5,7649.1,09:20:00,7729.986094407851,3,2
2016-01-07,7650.95,7651.65,7643.85,7646.2,09:25:00,7722.458847321388,3,3
2016-01-07,7637.95,7652.25,7637.95,7651.25,09:30:00,7714.410385671732,3,4
2016-01-07,7633.15,7638.0,7624.2,7637.8,09:35:00,7706.671301322043,3,5
2016-01-07,7626.65,7634.85,7623.15,7632.85,09:40:00,7699.050225005658,3,6
2016-01-07,7633.05,7636.9,7624.0,7626.9,09:45:00,7692.764489290833,3,7
2016-01-07,7636.55,7640.15,7632.0,7633.25,09:50:00,7687.410728405992,3,8
2016-01-07,7631.4,7637.55,7628.2,7636.8,09:55:00,7682.076373319707,3,9
2016-01-07,7635.2,7636.95,7631.35,7631.45,10:00:00,7677.611956813069,3,10
2016-01-07,7634.6,7638.45,7632.25,7635.4,10:05:00,7673.5155799737295,3,11
2016-01-07,7628.8,7635.0,7626.6,7634.55,10:10:00,7669.256953309565,3,12
2016-01-07,7628.45,7631.3,7625.0,7629.0,10:15:00,7665.370576803892,3,13
2016-01-07,7621.9,7629.4,7618.45,7628.8,10:20:00,7661.230521870188,3,14
2016-01-07,7615.4,7621.95,7613.3,7621.55,10:25:00,7656.8657102635025,3,15
2016-01-07,7613.5,7617.65,7612.6,7615.45,10:30:00,7652.73564261936,3,16
2016-01-07,7623.35,7624.5,7612.25,7612.95,10:35:00,7649.937009988946,3,17
2016-01-07,7627.8,7627.8,7622.1,7623.8,10:40:00,7647.828723323331,3,18
2016-01-07,7630.5,7634.95,7627.55,7627.55,10:45:00,7646.178368721109,3,19
2016-01-07,7634.05,7634.35,7628.95,7631.1,10:50:00,7645.023285985765,3,20
2016-01-07,7634.25,7634.7,7629.05,7634.15,10:55:00,7643.997258749026,3,21
2016-01-07,7632.05,7637.85,7629.5,7634.4,11:00:00,7642.8594245824515,3,22
2016-01-07,7621.75,7631.55,7621.15,7631.4,11:05:00,7640.849003193646,3,23
2016-01-07,7621.7,7622.6,7616.3,7621.7,11:10:00,7639.025288603775,3,24
2016-01-07,7618.55,7623.75,7615.0,7621.9,11:15:00,7637.075261117701,3,25
2016-01-07,7615.3,7620.5,7614.7,7618.65,11:20:00,7635.001426725539,3,26
2016-01-07,7621.05,7621.05,7614.4,7615.4,11:25:00,7633.672719418345,3,27
2016-01-07,7616.25,7621.35,7614.05,7620.75,11:30:00,7632.013412807074,3,28
2016-01-07,7605.95,7617.55,7596.35,7615.15,11:35:00,7629.531183015924,3,29
2016-01-07,7601.25,7608.2,7601.2,7605.75,11:40:00,7626.837737014408,3,30
2016-01-07,7602.4,7604.0,7597.8,7601.45,11:45:00,7624.510333489226,3,31
2016-01-07,7598.15,7606.95,7597.85,7602.15,11:50:00,7621.999825537871,3,32
2016-01-07,7595.95,7598.35,7591.25,7598.2,11:55:00,7619.51888977236,3,33
2016-01-07,7596.95,7602.6,7595.85,7596.05,12:00:00,7617.369471698802,3,34
2016-01-07,7587.2,7597.45,7587.1,7596.55,12:05:00,7614.496188679868,3,35
2016-01-07,7588.6,7588.6,7580.8,7587.4,12:10:00,7612.029884996072,3,36
2016-01-07,7593.35,7594.65,7587.6,7588.75,12:15:00,7610.25084832978,3,37
2016-01-07,7605.1,7607.6,7592.8,7593.2,12:20:00,7609.760291345991,3,38
2016-01-07,7594.95,7606.1,7593.85,7604.35,12:25:00,7608.349787408278,3,39
2016-01-07,7592.45,7595.5,7589.3,7594.15,12:30:00,7606.835521940822,3,40
2016-01-07,7594.0,7595.7,7591.2,7592.55,12:35:00,7605.613091279792,3,41
2016-01-07,7589.45,7594.85,7588.5,7594.15,12:40:00,7604.073749253145,3,42
2016-01-07,7589.6,7593.0,7588.3,7589.5,12:45:00,7602.695296943321,3,43
2016-01-07,7592.6,7596.2,7589.6,7589.9,12:50:00,7601.733840091577,3,44
2016-01-07,7597.55,7598.35,7592.45,7593.0,12:55:00,7601.335379130474,3,45
2016-01-07,7600.55,7606.2,7595.05,7597.1,13:00:00,7601.260581118048,3,46
2016-01-07,7597.55,7603.55,7597.55,7600.35,13:05:00,7600.907192440139,3,47
2016-01-07,7591.4,7599.55,7591.4,7597.8,13:10:00,7600.001745541078,3,48
2016-01-07,7590.95,7593.1,7587.65,7591.5,13:15:00,7599.139674537166,3,49
2016-01-07,7594.25,7595.55,7590.45,7591.0,13:20:00,7598.673991247911,3,50
2016-01-07,7593.6,7596.45,7591.6,7594.45,13:25:00,7598.190753986206,3,51
2016-01-07,7596.3,7600.55,7589.7,7593.9,13:30:00,7598.0106821779955,3,52
2016-01-07,7588.35,7598.0,7588.05,7596.25,13:35:00,7597.0906172086625,3,53
2016-01-07,7599.2,7602.1,7588.15,7588.15,13:40:00,7597.291510807838,3,54
2016-01-07,7596.1,7601.1,7592.55,7599.0,13:45:00,7597.178033588044,3,55
2016-01-07,7600.85,7601.1,7594.35,7596.05,13:50:00,7597.527744674897,3,56
2016-01-07,7600.15,7603.35,7596.85,7601.0,13:55:00,7597.777483277287,3,57
2016-01-07,7590.2,7600.65,7590.2,7600.1,14:00:00,7597.05581820326,3,58
2016-01-07,7587.5,7592.0,7583.4,7590.5,14:05:00,7596.14574027914,3,59
2016-01-07,7591.35,7591.9,7585.75,7587.35,14:10:00,7595.689003109698,3,60
2016-01-07,7599.75,7606.0,7591.2,7591.25,14:15:00,7596.075764718298,3,61
2016-01-07,7588.95,7601.25,7587.3,7600.25,14:20:00,7595.397120459413,3,62
2016-01-07,7581.15,7590.65,7580.35,7588.55,14:25:00,7594.040251844231,3,63
2016-01-07,7586.15,7587.7,7581.1,7581.7,14:30:00,7593.288799287638,3,64
2016-01-07,7578.65,7588.25,7573.95,7586.1,14:35:00,7591.89462792691,3,65
2016-01-07,7578.4,7578.6,7567.15,7577.6,14:40:00,7590.609425267205,3,66
2016-01-07,7571.15,7578.3,7568.45,7578.05,14:45:00,7588.756146670328,3,67
2016-01-07,7570.0,7572.6,7566.75,7571.5,14:50:00,7586.969846987439,3,68
2016-01-07,7571.15,7571.15,7565.7,7570.35,14:55:00,7585.463194893397,3,69
2016-01-07,7578.95,7583.3,7570.35,7571.5,15:00:00,7584.842890617836,3,70
2016-01-07,7580.3,7580.7,7576.5,7577.5,15:05:00,7584.410234368518,3,71
2016-01-07,7571.25,7580.85,7568.6,7580.45,15:10:00,7583.156878714373,3,72
2016-01-07,7559.35,7571.3,7556.6,7570.95,15:15:00,7580.889556932052,3,73
2016-01-07,7565.45,7565.8,7557.25,7560.15,15:20:00,7579.419122938523,3,74
2016-01-07,7569.65,7571.5,7563.2,7564.85,15:25:00,7578.488730277711,3,75
2016-01-08,7624.6,7634.1,7609.25,7609.25,09:15:00,7582.880279775072,4,1
2016-01-08,7622.55,7632.3,7622.55,7623.95,09:20:00,7586.658348367922,4,2
2016-01-08,7615.45,7623.25,7611.25,7623.25,09:25:00,7589.40041042812,4,3
2016-01-08,7613.55,7619.55,7612.8,7615.5,09:30:00,7591.700371339728,4,4
2016-01-08,7600.95,7616.25,7600.4,7613.65,09:35:00,7592.581288354992,4,5
2016-01-08,7603.75,7603.75,7595.45,7602.0,09:40:00,7593.644975178326,4,6
2016-01-08,7611.45,7611.75,7602.1,7604.05,09:45:00,7595.340691828009,4,7
2016-01-08,7600.4,7611.7,7600.4,7611.5,09:50:00,7595.822530701531,4,8
2016-01-08,7604.75,7605.9,7597.7,7600.35,09:55:00,7596.672765872813,4,9
2016-01-08,7590.15,7605.05,7586.5,7605.05,10:00:00,7596.051550075403,4,10
2016-01-08,7593.85,7597.8,7587.25,7590.5,10:05:00,7595.84187863965,4,11
2016-01-08,7596.85,7596.85,7585.5,7593.95,10:10:00,7595.937890197779,4,12
2016-01-08,7601.75,7604.95,7595.7,7596.45,10:15:00,7596.491424464657,4,13
2016-01-08,7596.55,7602.75,7594.3,7602.0,10:20:00,7596.497003087071,4,14
2016-01-08,7596.5,7598.95,7591.85,7596.75,10:25:00,7596.49728850735,4,15
2016-01-08,7600.4,7601.85,7595.9,7596.45,10:30:00,7596.868975316174,4,16
2016-01-08,7592.75,7602.7,7590.35,7600.1,10:35:00,7596.476691952729,4,17
2016-01-08,7590.3,7594.95,7586.95,7593.3,10:40:00,7595.888435576278,4,18
2016-01-08,7594.35,7596.25,7588.85,7589.75,10:45:00,7595.741917902347,4,19
2016-01-08,7594.6,7596.3,7593.25,7594.6,10:50:00,7595.63316381641,4,20
2016-01-08,7589.95,7595.05,7589.25,7593.75,10:55:00,7595.09191011961,4,21
2016-01-08,7588.5,7592.0,7588.05,7590.65,11:00:00,7594.464109155837,4,22
2016-01-08,7585.3,7588.95,7584.05,7588.8,11:05:00,7593.591336855281,4,23
2016-01-08,7585.4,7586.85,7581.05,7585.4,11:10:00,7592.811209535731,4,24
2016-01-08,7598.95,7599.2,7586.1,7586.1,11:15:00,7593.395856246613,4,25
2016-01-08,7592.1,7601.9,7591.15,7598.05,11:20:00,7593.272441365983,4,26
2016-01-08,7592.6,7594.0,7589.55,7592.3,11:25:00,7593.208399331128,4,27
2016-01-08,7593.35,7596.3,7588.4,7592.55,11:30:00,7593.221885109116,4,28
2016-01-08,7595.05,7596.05,7589.35,7593.75,11:35:00,7593.3959912892,4,29
2016-01-08,7592.7,7600.05,7592.7,7595.45,11:40:00,7593.329706404515,4,30
2016-01-08,7590.45,7594.7,7590.45,7593.2,11:45:00,7593.055448651703,4,31
2016-01-08,7585.85,7592.0,7585.85,7590.8,11:50:00,7592.369215446779,4,32
2016-01-08,7587.9,7589.45,7585.8,7586.15,11:55:00,7591.943575880418,4,33
2016-01-08,7591.85,7591.85,7586.6,7587.8,12:00:00,7591.934663891807,4,34
2016-01-08,7591.6,7593.55,7591.15,7592.05,12:05:00,7591.902791140206,4,35
2016-01-08,7589.15,7592.05,7583.9,7591.9,12:10:00,7591.640620555424,4,36
2016-01-08,7591.55,7591.9,7587.0,7589.3,12:15:00,7591.631990026336,4,37
2016-01-08,7593.35,7594.1,7590.05,7591.65,12:20:00,7591.795610023828,4,38
2016-01-08,7594.55,7595.8,7591.85,7593.3,12:25:00,7592.057932878702,4,39
2016-01-08,7598.3,7599.3,7593.3,7594.65,12:30:00,7592.652415461682,4,40
2016-01-08,7605.1,7608.15,7598.25,7598.35,12:35:00,7593.837899703427,4,41
2016-01-08,7604.5,7606.9,7601.75,7604.9,12:40:00,7594.85333782691,4,42
2016-01-08,7613.75,7614.85,7603.9,7604.6,12:45:00,7596.653019938633,4,43
2016-01-08,7617.0,7617.65,7610.3,7614.15,12:50:00,7598.590827563526,4,44
2016-01-08,7613.2,7619.1,7611.5,7617.8,12:55:00,7599.982177319381,4,45
2016-01-08,7615.35,7615.4,7606.25,7613.35,13:00:00,7601.44577947944,4,46
2016-01-08,7616.65,7619.65,7612.7,7615.15,13:05:00,7602.893800481398,4,47
2016-01-08,7618.55,7620.05,7614.4,7616.6,13:10:00,7604.384867102217,4,48
2016-01-08,7621.25,7624.85,7617.95,7618.25,13:15:00,7605.991070235339,4,49
2016-01-08,7617.9,7621.5,7616.1,7621.1,13:20:00,7607.12525402245,4,50
2016-01-08,7618.2,7619.75,7616.75,7617.8,13:25:00,7608.179991734598,4,51
2016-01-08,7614.9,7621.25,7612.25,7618.65,13:30:00,7608.81999252178,4,52
2016-01-08,7606.1,7614.75,7606.05,7614.35,13:35:00,7608.560945614943,4,53
2016-01-08,7603.3,7609.7,7600.6,7605.85,13:40:00,7608.059903175425,4,54
2016-01-08,7611.55,7611.9,7603.15,7603.15,13:45:00,7608.392293349194,4,55
2016-01-08,7617.25,7617.95,7610.65,7611.65,13:50:00,7609.235884458794,4,56
2016-01-08,7621.15,7622.65,7613.95,7617.4,13:55:00,7610.370562129385,4,57
2016-01-08,7621.75,7626.95,7618.8,7621.1,14:00:00,7611.454318117062,4,58
2016-01-08,7619.35,7621.8,7616.55,7621.5,14:05:00,7612.206287820199,4,59
2016-01-08,7626.8,7626.85,7618.05,7619.25,14:10:00,7613.596165170657,4,60
2016-01-08,7624.2,7627.15,7623.3,7626.25,14:15:00,7614.606054202023,4,61
2016-01-08,7628.25,7630.2,7621.4,7623.8,14:20:00,7615.905477611354,4,62
2016-01-08,7623.65,7628.45,7623.2,7628.45,14:25:00,7616.643051172178,4,63
2016-01-08,7613.6,7623.75,7610.1,7623.5,14:30:00,7616.3532367748285,4,64
2016-01-08,7609.8,7614.3,7606.9,7613.65,14:35:00,7615.72911898675,4,65
2016-01-08,7606.7,7609.95,7605.45,7609.9,14:40:00,7614.869202892773,4,66
2016-01-08,7612.4,7613.15,7606.6,7607.2,14:45:00,7614.63404071251,4,67
2016-01-08,7608.35,7612.85,7608.2,7612.05,14:50:00,7614.035560644652,4,68
2016-01-08,7599.15,7610.05,7599.15,7608.45,14:55:00,7612.617888202304,4,69
2016-01-08,7595.5,7600.6,7593.7,7599.6,15:00:00,7610.987613135418,4,70
2016-01-08,7605.6,7607.45,7595.35,7595.85,15:05:00,7610.474507122521,4,71
2016-01-08,7599.0,7605.75,7599.0,7605.55,15:10:00,7609.381696920375,4,72
2016-01-08,7602.65,7605.0,7597.6,7599.1,15:15:00,7608.740582927959,4,73
2016-01-08,7601.7,7604.35,7600.65,7602.95,15:20:00,7608.070051220535,4,74
2016-01-08,7607.15,7607.95,7600.15,7601.55,15:25:00,7607.98242729477,4,75
2016-01-11,7506.45,7524.7,7495.65,7521.3,09:15:00,7598.312672314315,0,1
2016-01-11,7512.0,7513.95,7501.15,7506.2,09:20:00,7590.09241780819,0,2
2016-01-11,7509.6,7517.05,7506.7,7510.5,09:25:00,7582.426473255028,0,3
2016-01-11,7505.1,7509.55,7503.55,7509.45,09:30:00,7575.062047230739,0,4
2016-01-11,7500.0,7505.85,7494.4,7505.15,09:35:00,7567.913280827812,0,5
2016-01-11,7500.7,7501.65,7494.35,7500.9,09:40:00,7561.5120159870685,0,6
2016-01-11,7504.3,7508.6,7501.0,7501.0,09:45:00,7556.063252559728,0,7
2016-01-11,7511.2,7511.75,7501.0,7504.5,09:50:00,7551.790561839754,0,8
2016-01-11,7516.0,7516.0,7508.95,7510.85,09:55:00,7548.381936902635,0,9
2016-01-11,7525.6,7525.6,7515.3,7515.95,10:00:00,7546.212228626194,0,10
2016-01-11,7523.65,7530.25,7521.6,7526.0,10:05:00,7544.063444947509,0,11
2016-01-11,7526.85,7529.15,7522.35,7523.75,10:10:00,7542.424069238223,0,12
2016-01-11,7526.6,7529.7,7524.95,7526.8,10:15:00,7540.917015025058,0,13
2016-01-11,7522.9,7528.55,7522.05,7526.85,10:20:00,7539.201108832195,0,14
2016-01-11,7525.05,7525.5,7519.25,7522.7,10:25:00,7537.853384181511,0,15
2016-01-11,7525.05,7529.05,7521.5,7525.0,10:30:00,7536.634014259463,0,16
2016-01-11,7533.8,7534.3,7524.9,7525.35,10:35:00,7536.3641081395135,0,17
2016-01-11,7538.1,7539.25,7528.35,7533.5,10:40:00,7536.529431173846,0,18
2016-01-11,7533.9,7541.25,7532.7,7538.3,10:45:00,7536.27900915729,0,19
2016-01-11,7538.05,7540.4,7532.75,7533.6,10:50:00,7536.447674951834,0,20
2016-01-11,7536.55,7540.35,7531.1,7538.25,10:55:00,7536.457420194517,0,21
2016-01-11,7547.1,7550.55,7536.65,7536.65,11:00:00,7537.47099922361,0,22
2016-01-11,7547.65,7556.0,7546.5,7547.0,11:05:00,7538.440427868981,0,23
2016-01-11,7543.45,7549.3,7543.2,7547.55,11:10:00,7538.917529976698,0,24
2016-01-11,7545.8,7551.1,7542.9,7543.05,11:15:00,7539.57300331225,0,25
2016-01-11,7552.4,7552.75,7543.15,7546.05,11:20:00,7540.794622044416,0,26
2016-01-11,7542.7,7553.35,7542.2,7552.15,11:25:00,7540.976086611615,0,27
2016-01-11,7542.25,7543.65,7536.65,7542.85,11:30:00,7541.097411696223,0,28
2016-01-11,7549.05,7550.3,7539.75,7542.3,11:35:00,7541.854801058487,0,29
2016-01-11,7555.15,7557.75,7545.75,7548.9,11:40:00,7543.121010481489,0,30
2016-01-11,7557.5,7558.25,7552.0,7555.0,11:45:00,7544.49043805468,0,31
2016-01-11,7561.75,7566.25,7557.9,7557.9,11:50:00,7546.134205858997,0,32
2016-01-11,7561.95,7566.4,7559.45,7561.65,11:55:00,7547.640471967664,0,33
2016-01-11,7558.0,7564.05,7557.0,7562.75,12:00:00,7548.62709368503,0,34
2016-01-11,7545.1,7558.2,7544.1,7558.2,12:05:00,7548.29118000074,0,35
2016-01-11,7536.65,7547.15,7534.65,7545.15,12:10:00,7547.182496191146,0,36
2016-01-11,7531.35,7540.35,7529.1,7536.85,12:15:00,7545.674639411037,0,37
2016-01-11,7536.25,7539.55,7530.4,7531.25,12:20:00,7544.777054705224,0,38
2016-01-11,7533.45,7536.2,7528.45,7536.2,12:25:00,7543.698287590441,0,39
2016-01-11,7535.6,7536.6,7532.8,7533.55,12:30:00,7542.927022105638,0,40
2016-01-11,7536.5,7541.25,7533.0,7536.15,12:35:00,7542.314924762243,0,41
2016-01-11,7536.6,7537.0,7531.9,7536.2,12:40:00,7541.770646213457,0,42
2016-01-11,7536.65,7537.0,7533.15,7536.5,12:45:00,7541.282965621699,0,43
2016-01-11,7540.3,7542.25,7536.35,7536.45,12:50:00,7541.189349848204,0,44
2016-01-11,7536.95,7542.35,7535.3,7540.8,12:55:00,7540.785602243613,0,45
2016-01-11,7535.2,7538.15,7534.85,7536.45,13:00:00,7540.253640125174,0,46
2016-01-11,7537.2,7538.05,7534.15,7535.05,13:05:00,7539.96281725611,0,47
2016-01-11,7540.85,7542.8,7536.7,7537.1,13:10:00,7540.047310850766,0,48
2016-01-11,7546.6,7549.4,7539.9,7540.7,13:15:00,7540.671376484027,0,49
2016-01-11,7545.55,7548.4,7545.1,7546.65,13:20:00,7541.136007295072,0,50
2016-01-11,7547.4,7547.75,7544.15,7545.75,13:25:00,7541.732578028875,0,51
2016-01-11,7555.0,7558.7,7546.95,7546.95,13:30:00,7542.996142026124,0,52
2016-01-11,7554.95,7557.45,7550.5,7555.35,13:35:00,7544.134604690303,0,53
2016-01-11,7553.75,7558.25,7552.95,7555.0,13:40:00,7545.050356624559,0,54
2016-01-11,7552.45,7556.8,7552.45,7553.85,13:45:00,7545.755084565077,0,55
2016-01-11,7566.4,7569.55,7551.4,7552.8,13:50:00,7547.721266987451,0,56
2016-01-11,7562.65,7567.15,7560.0,7566.8,13:55:00,7549.143051083884,0,57
2016-01-11,7581.55,7586.85,7561.75,7563.05,14:00:00,7552.229427171133,0,58
2016-01-11,7589.7,7594.3,7576.0,7582.45,14:05:00,7555.798053154834,0,59
2016-01-11,7583.65,7596.3,7582.95,7589.45,14:10:00,7558.45061952104,0,60
2016-01-11,7587.0,7592.15,7580.4,7583.75,14:15:00,7561.169608138083,0,61
2016-01-11,7597.85,7601.5,7586.8,7586.8,14:20:00,7564.6629787916,0,62
2016-01-11,7597.65,7605.1,7594.4,7597.95,14:25:00,7567.804599859066,0,63
2016-01-11,7583.85,7600.4,7583.85,7597.55,14:30:00,7569.332733205822,0,64
2016-01-11,7588.6,7589.75,7577.45,7583.75,14:35:00,7571.167710995744,0,65
2016-01-11,7587.4,7591.65,7586.0,7588.8,14:40:00,7572.713643281863,0,66
2016-01-11,7583.4,7588.4,7581.4,7587.75,14:45:00,7573.731391540734,0,67
2016-01-11,7582.4,7587.95,7580.1,7583.25,14:50:00,7574.55697329876,0,68
2016-01-11,7585.5,7588.05,7578.4,7582.3,14:55:00,7575.599166317926,0,69
2016-01-11,7566.55,7585.35,7565.9,7585.35,15:00:00,7574.737340954313,0,70
2016-01-11,7565.75,7570.7,7562.15,7566.3,15:05:00,7573.881403720569,0,71
2016-01-11,7558.45,7568.6,7557.75,7565.65,15:10:00,7572.411746223373,0,72
2016-01-11,7561.75,7562.15,7554.25,7557.25,15:15:00,7571.396341821147,0,73
2016-01-11,7562.15,7564.5,7557.5,7561.9,15:20:00,7570.51573783818,0,74
2016-01-11,7572.1,7572.1,7557.7,7561.65,15:25:00,7570.666619948829,0,75
2016-01-12,7574.05,7585.0,7565.3,7582.3,09:15:00,7570.988846620369,1,1
2016-01-12,7572.0,7578.5,7567.85,7574.55,09:20:00,7571.085146942239,1,2
2016-01-12,7570.8,7573.55,7561.8,7572.3,09:25:00,7571.057990090597,1,3
2016-01-12,7561.0,7573.05,7559.75,7571.1,09:30:00,7570.100086272445,1,4
2016-01-12,7565.4,7566.9,7554.55,7561.1,09:35:00,7569.652459008403,1,5
2016-01-12,7561.55,7568.45,7559.35,7564.95,09:40:00,7568.880796245698,1,6
2016-01-12,7556.85,7565.5,7556.25,7561.95,09:45:00,7567.73500612706,1,7
2016-01-12,7554.15,7562.4,7551.95,7557.05,09:50:00,7566.441196019721,1,8
2016-01-12,7557.15,7558.45,7551.65,7554.7,09:55:00,7565.556320208319,1,9
2016-01-12,7562.1,7563.45,7556.3,7556.95,10:00:00,7565.227146855146,1,10
2016-01-12,7553.7,7562.45,7550.85,7562.45,10:05:00,7564.1293233451315,1,11
2016-01-12,7556.35,7556.35,7549.9,7554.05,10:10:00,7563.3884354075,1,12
2016-01-12,7551.0,7559.3,7547.95,7555.85,10:15:00,7562.208584416309,1,13
2016-01-12,7540.7,7551.15,7539.25,7551.1,10:20:00,7560.160147805233,1,14
2016-01-12,7540.65,7544.9,7536.9,7540.4,10:25:00,7558.302038490448,1,15
2016-01-12,7536.4,7541.05,7527.5,7541.05,10:30:00,7556.216130062787,1,16
2016-01-12,7519.25,7537.0,7517.95,7537.0,10:35:00,7552.695546247283,1,17
2016-01-12,7519.95,7526.65,7517.55,7519.3,10:40:00,7549.576922795161,1,18
2016-01-12,7524.35,7524.35,7512.4,7520.05,10:45:00,7547.174358719432,1,19
2016-01-12,7518.85,7526.5,7517.95,7524.95,10:50:00,7544.476800746153,1,20
2016-01-12,7512.6,7520.65,7509.9,7519.0,10:55:00,7541.440914960805,1,21
2016-01-12,7528.05,7528.5,7508.8,7511.15,11:00:00,7540.165589726442,1,22
2016-01-12,7527.5,7533.2,7527.5,7528.15,11:05:00,7538.959343085828,1,23
2016-01-12,7529.6,7530.0,7525.4,7527.7,11:10:00,7538.067977077654,1,24
2016-01-12,7535.25,7536.55,7530.15,7530.15,11:15:00,7537.799598308354,1,25
2016-01-12,7529.6,7537.9,7529.55,7535.05,11:20:00,7537.018684183749,1,26
2016-01-12,7528.95,7534.45,7527.45,7529.5,11:25:00,7536.250238071012,1,27
2016-01-12,7528.3,7530.1,7525.9,7529.15,11:30:00,7535.49307254044,1,28
2016-01-12,7525.05,7529.2,7524.85,7528.4,11:35:00,7534.498494203256,1,29
2016-01-12,7522.55,7525.0,7518.9,7524.8,11:40:00,7533.360542374375,1,30
2016-01-12,7520.7,7522.4,7517.2,7522.4,11:45:00,7532.154776433958,1,31
2016-01-12,7522.05,7525.65,7519.7,7520.75,11:50:00,7531.192416773581,1,32
2016-01-12,7517.3,7523.15,7516.05,7522.4,11:55:00,7529.8693294618115,1,33
2016-01-12,7513.85,7517.55,7510.95,7517.55,12:00:00,7528.343679036878,1,34
2016-01-12,7513.85,7515.5,7512.4,7513.65,12:05:00,7526.963328652414,1,35
2016-01-12,7503.0,7514.9,7502.05,7513.9,12:10:00,7524.6811068759935,1,36
2016-01-12,7505.4,7505.4,7497.55,7503.05,12:15:00,7522.8448109830415,1,37
2016-01-12,7503.35,7508.95,7500.05,7505.3,12:20:00,7520.98816231799,1,38
2016-01-12,7511.1,7511.1,7503.5,7503.5,12:25:00,7520.046432573419,1,39
2016-01-12,7513.8,7514.95,7510.1,7511.35,12:30:00,7519.451534233094,1,40
2016-01-12,7516.4,7521.5,7513.3,7513.6,12:35:00,7519.160911925181,1,41
2016-01-12,7511.55,7516.55,7509.4,7516.45,12:40:00,7518.436063170401,1,42
2016-01-12,7513.65,7515.5,7510.2,7511.75,12:45:00,7517.980247630363,1,43
2016-01-12,7510.7,7517.05,7510.55,7513.85,12:50:00,7517.286890713186,1,44
2016-01-12,7510.0,7517.45,7509.45,7510.4,12:55:00,7516.592901121454,1,45
2016-01-12,7503.6,7510.55,7501.1,7510.1,13:00:00,7515.35548196703,1,46
2016-01-12,7496.65,7504.65,7491.6,7503.35,13:05:00,7513.574007493979,1,47
2016-01-12,7494.05,7500.0,7488.05,7496.6,13:10:00,7511.714578208837,1,48
2016-01-12,7499.65,7501.5,7494.3,7494.3,13:15:00,7510.565570760376,1,49
2016-01-12,7503.25,7506.45,7498.2,7499.35,13:20:00,7509.868849735578,1,50
2016-01-12,7495.9,7504.75,7495.75,7503.7,13:25:00,7508.538483094094,1,51
2016-01-12,7498.25,7499.1,7487.8,7496.15,13:30:00,7507.558627561323,1,52
2016-01-12,7496.55,7499.9,7494.45,7498.55,13:35:00,7506.510186841197,1,53
2016-01-12,7502.75,7502.85,7493.15,7496.35,13:40:00,7506.152073808702,1,54
2016-01-12,7498.8,7503.15,7494.85,7503.15,13:45:00,7505.451876303112,1,55
2016-01-12,7506.9,7509.9,7498.95,7499.0,13:50:00,7505.589792845672,1,56
2016-01-12,7515.25,7517.7,7506.1,7506.55,13:55:00,7506.509812574656,1,57
2016-01-12,7508.35,7517.15,7508.35,7515.45,14:00:00,7506.685068519927,1,58
2016-01-12,7503.95,7517.9,7503.3,7508.55,14:05:00,7506.424585803743,1,59
2016-01-12,7505.55,7507.6,7500.05,7504.4,14:10:00,7506.341291917673,1,60
2016-01-12,7500.2,7505.75,7497.35,7505.35,14:15:00,7505.7564069731325,1,61
2016-01-12,7507.2,7513.15,7499.35,7499.7,14:20:00,7505.89389202331,1,62
2016-01-12,7503.1,7507.4,7499.75,7506.85,14:25:00,7505.627807068709,1,63
2016-01-12,7499.25,7504.1,7497.4,7502.95,14:30:00,7505.020396871689,1,64
2016-01-12,7507.6,7510.1,7498.55,7498.55,14:35:00,7505.2660733601,1,65
2016-01-12,7499.6,7507.7,7495.5,7507.7,14:40:00,7504.726447325805,1,66
2016-01-12,7501.35,7504.2,7498.85,7499.95,14:45:00,7504.404880913824,1,67
2016-01-12,7500.35,7505.45,7496.6,7501.15,14:50:00,7504.018701779174,1,68
2016-01-12,7510.6,7511.6,7497.15,7500.15,14:55:00,7504.64549208592,1,69
2016-01-12,7507.95,7517.65,7507.1,7510.45,15:00:00,7504.960207125356,1,70
2016-01-12,7509.85,7513.2,7507.5,7507.7,15:05:00,7505.425901684846,1,71
2016-01-12,7506.05,7511.25,7504.45,7510.3,15:10:00,7505.485339619623,1,72
2016-01-12,7511.85,7512.05,7503.6,7506.1,15:15:00,7506.091497751088,1,73
2016-01-12,7513.15,7514.45,7510.65,7511.55,15:20:00,7506.763736060508,1,74
2016-01-12,7510.65,7514.5,7510.65,7513.25,15:25:00,7507.133856435697,1,75
2016-01-13,7563.85,7570.15,7556.25,7556.9,09:15:00,7512.535393918012,2,1
2016-01-13,7564.5,7565.0,7551.2,7564.05,09:20:00,7517.484404021059,2,2
2016-01-13,7558.95,7569.8,7558.85,7564.45,09:25:00,7521.433508400006,2,3
2016-01-13,7576.7,7581.5,7558.9,7558.9,09:30:00,7526.696983790481,2,4
2016-01-13,7569.6,7579.3,7569.4,7577.1,09:35:00,7530.782985334245,2,5
2016-01-13,7578.0,7579.85,7569.7,7569.7,09:40:00,7535.27984387384,2,6
2016-01-13,7575.3,7580.55,7574.4,7577.95,09:45:00,7539.091287314426,2,7
2016-01-13,7584.2,7584.35,7573.65,7575.15,09:50:00,7543.387355189243,2,8
2016-01-13,7579.25,7585.95,7579.25,7584.1,09:55:00,7546.80284517122,2,9
2016-01-13,7580.9,7582.0,7578.1,7579.1,10:00:00,7550.050193250151,2,10
2016-01-13,7575.6,7580.95,7574.95,7580.7,10:05:00,7552.483508178709,2,11
2016-01-13,7576.3,7579.65,7574.8,7575.75,10:10:00,7554.751745495022,2,12
2016-01-13,7578.05,7579.75,7575.45,7575.95,10:15:00,7556.970626876449,2,13
2016-01-13,7580.7,7580.95,7574.35,7578.1,10:20:00,7559.23056717393,2,14
2016-01-13,7580.3,7583.25,7579.5,7580.95,10:25:00,7561.237179824033,2,15
2016-01-13,7581.6,7583.5,7578.3,7580.1,10:30:00,7563.176496031268,2,16
2016-01-13,7573.75,7582.3,7573.35,7581.5,10:35:00,7564.183496409242,2,17
2016-01-13,7569.05,7574.4,7564.3,7573.5,10:40:00,7564.646972941696,2,18
2016-01-13,7574.5,7575.0,7568.25,7569.1,10:45:00,7565.585356471058,2,19
2016-01-13,7569.4,7574.9,7568.85,7574.45,10:50:00,7565.948655854766,2,20
2016-01-13,7561.8,7569.6,7561.65,7569.35,10:55:00,7565.55354577336,2,21
2016-01-13,7539.85,7563.4,7532.15,7561.75,11:00:00,7563.10558903304,2,22
2016-01-13,7514.8,7541.5,7514.8,7539.5,11:05:00,7558.505056744179,2,23
2016-01-13,7481.65,7514.75,7460.3,7514.75,11:10:00,7551.185527530448,2,24
2016-01-13,7493.05,7498.4,7482.5,7482.5,11:15:00,7545.648810622786,2,25
2016-01-13,7504.2,7506.65,7492.6,7492.6,11:20:00,7541.701304849187,2,26
2016-01-13,7483.8,7506.4,7481.6,7504.35,11:25:00,7536.18689486355,2,27
2016-01-13,7481.9,7494.15,7477.05,7483.95,11:30:00,7531.016714400355,2,28
2016-01-13,7465.5,7487.6,7463.2,7482.0,11:35:00,7524.777027314607,2,29
2016-01-13,7472.45,7475.2,7453.2,7465.1,11:40:00,7519.793500903692,2,30
2016-01-13,7479.15,7487.9,7470.2,7472.65,11:45:00,7515.922691293817,2,31
2016-01-13,7487.3,7487.45,7478.3,7479.05,11:50:00,7513.196720694405,2,32
2016-01-13,7480.7,7489.0,7479.85,7486.85,11:55:00,7510.101794913986,2,33
2016-01-13,7477.7,7481.2,7472.45,7480.0,12:00:00,7507.015909684082,2,34
2016-01-13,7477.75,7478.4,7466.45,7477.15,12:05:00,7504.22868019036,2,35
2016-01-13,7474.85,7480.45,7470.55,7477.55,12:10:00,7501.430710648421,2,36
2016-01-13,7478.7,7481.95,7474.3,7474.75,12:15:00,7499.265881062857,2,37
2016-01-13,7470.85,7482.15,7470.45,7478.65,12:20:00,7496.559606675918,2,38
2016-01-13,7469.5,7474.25,7467.75,7470.55,12:25:00,7493.982501278211,2,39
2016-01-13,7455.35,7472.4,7454.95,7469.35,12:30:00,7490.303215442191,2,40
2016-01-13,7455.45,7460.2,7454.65,7457.35,12:35:00,7486.983861590554,2,41
2016-01-13,7455.35,7460.35,7446.85,7454.95,12:40:00,7483.9711128676445,2,42
2016-01-13,7452.9,7459.35,7452.9,7455.3,12:45:00,7481.011959261203,2,43
2016-01-13,7433.45,7452.35,7432.55,7452.35,12:50:00,7476.482248855374,2,44
2016-01-13,7435.6,7440.65,7430.3,7433.65,12:55:00,7472.5887013453375,2,45
2016-01-13,7429.25,7437.25,7425.8,7436.45,13:00:00,7468.461205979115,2,46
2016-01-13,7436.7,7447.0,7428.5,7429.65,13:05:00,7465.436329219199,2,47
2016-01-13,7449.35,7449.35,7435.65,7437.1,13:10:00,7463.904297864989,2,48
2016-01-13,7454.2,7455.2,7441.95,7449.6,13:15:00,7462.9800790207055,2,49
2016-01-13,7465.95,7470.75,7454.1,7454.1,13:20:00,7463.262928637781,2,50
2016-01-13,7468.85,7469.3,7461.7,7465.7,13:25:00,7463.795030672279,2,51
2016-01-13,7477.45,7484.05,7463.35,7469.35,13:30:00,7465.095503941586,2,52
2016-01-13,7493.5,7493.5,7476.1,7477.65,13:35:00,7467.8006940423875,2,53
2016-01-13,7517.7,7518.65,7492.55,7493.25,13:40:00,7472.553008895493,2,54
2016-01-13,7526.9,7539.3,7516.55,7517.4,13:45:00,7477.728912810207,2,55
2016-01-13,7533.9,7533.9,7513.6,7526.05,13:50:00,7483.078540161616,2,56
2016-01-13,7518.25,7535.95,7516.35,7534.1,13:55:00,7486.428203003366,2,57
2016-01-13,7507.55,7526.15,7507.55,7518.7,14:00:00,7488.439802717331,2,58
2016-01-13,7518.2,7522.9,7507.4,7507.4,14:05:00,7491.274107220443,2,59
2016-01-13,7536.05,7539.4,7519.15,7519.15,14:10:00,7495.538477961352,2,60
2016-01-13,7531.2,7541.25,7524.4,7537.15,14:15:00,7498.934813393605,2,61
2016-01-13,7543.4,7547.85,7528.75,7532.3,14:20:00,7503.169593070404,2,62
2016-01-13,7560.65,7564.35,7543.05,7543.45,14:25:00,7508.64391753989,2,63
2016-01-13,7563.5,7571.35,7560.2,7561.9,14:30:00,7513.868306345615,2,64
2016-01-13,7569.9,7572.4,7553.55,7563.1,14:35:00,7519.204658122223,2,65
2016-01-13,7577.75,7588.4,7567.25,7568.85,14:40:00,7524.780404967725,2,66
2016-01-13,7574.85,7590.95,7573.9,7578.15,14:45:00,7529.548937827943,2,67
2016-01-13,7575.65,7580.6,7567.35,7575.45,14:50:00,7533.9395151776625,2,68
2016-01-13,7571.9,7575.8,7563.9,7575.6,14:55:00,7537.554799446457,2,69
2016-01-13,7562.05,7577.15,7560.3,7572.55,15:00:00,7539.887675689652,2,70
2016-01-13,7568.8,7568.8,7560.85,7561.75,15:05:00,7542.641230385875,2,71
2016-01-13,7570.1,7574.8,7568.75,7569.15,15:10:00,7545.256351301506,2,72
2016-01-13,7562.95,7570.25,7561.3,7569.55,15:15:00,7546.941460701362,2,73
2016-01-13,7556.8,7565.8,7556.45,7563.65,15:20:00,7547.880369205995,2,74
2016-01-13,7556.65,7558.5,7549.1,7555.85,15:25:00,7548.715572138757,2,75
2016-01-14,7457.25,7479.3,7452.3,7465.25,09:15:00,7540.004565268399,3,1
2016-01-14,7459.35,7465.2,7443.8,7456.45,09:20:00,7532.32317809998,3,2
2016-01-14,7479.35,7488.55,7449.65,7459.8,09:25:00,7527.27811351903,3,3
2016-01-14,7490.9,7492.95,7475.0,7478.75,09:30:00,7523.813531279123,3,4
2016-01-14,7480.35,7490.5,7472.9,7490.5,09:35:00,7519.674147347778,3,5
2016-01-14,7487.55,7493.6,7480.6,7480.75,09:40:00,7516.614704743228,3,6
2016-01-14,7476.7,7488.4,7475.0,7487.7,09:45:00,7512.8133042914915,3,7
2016-01-14,7472.4,7481.5,7469.05,7477.1,09:50:00,7508.964418168492,3,8
2016-01-14,7468.35,7480.0,7468.35,7472.45,09:55:00,7505.096378342921,3,9
2016-01-14,7462.0,7468.6,7458.8,7468.3,10:00:00,7500.991961357881,3,10
2016-01-14,7461.5,7463.65,7454.9,7462.5,10:05:00,7497.230822180941,3,11
2016-01-14,7484.3,7484.3,7461.55,7461.55,10:10:00,7495.999315306566,3,12
2016-01-14,7485.2,7486.3,7476.0,7483.7,10:15:00,7494.970809086893,3,13
2016-01-14,7479.0,7486.25,7477.4,7485.1,10:20:00,7493.449779650047,3,14
2016-01-14,7477.15,7486.1,7477.15,7478.95,10:25:00,7491.897419683376,3,15
2016-01-14,7489.0,7490.4,7476.2,7477.3,10:30:00,7491.621474951626,3,16
2016-01-14,7499.7,7503.1,7483.4,7489.65,10:35:00,7492.3908582895665,3,17
2016-01-14,7499.45,7507.65,7496.2,7499.65,10:40:00,7493.063157500084,3,18
2016-01-14,7500.55,7505.05,7493.45,7499.95,10:45:00,7493.776190119123,3,19
2016-01-14,7508.75,7509.8,7500.45,7501.25,10:50:00,7495.2022672506355,3,20
2016-01-14,7513.1,7513.95,7504.65,7508.65,10:55:00,7496.906813226766,3,21
2016-01-14,7516.85,7518.55,7510.3,7512.95,11:00:00,7498.806164348026,3,22
2016-01-14,7506.2,7516.6,7504.8,7516.5,11:05:00,7499.510339172023,3,23
2016-01-14,7513.0,7517.45,7505.65,7506.35,11:10:00,7500.795068774687,3,24
2016-01-14,7525.5,7526.15,7512.0,7513.05,11:15:00,7503.147919367573,3,25
2016-01-14,7529.65,7532.5,7523.75,7525.2,11:20:00,7505.671927046852,3,26
2016-01-14,7516.55,7530.75,7516.55,7530.1,11:25:00,7506.707933994771,3,27
2016-01-14,7527.75,7529.1,7516.8,7516.95,11:30:00,7508.711940280984,3,28
2016-01-14,7530.75,7535.75,7527.45,7527.45,11:35:00,7510.810803111366,3,29
2016-01-14,7530.5,7532.2,7526.1,7530.45,11:40:00,7512.685964719807,3,30
2016-01-14,7528.15,7534.65,7527.75,7530.7,11:45:00,7514.158729984587,3,31
2016-01-14,7523.05,7528.65,7519.75,7528.0,11:50:00,7515.005517605103,3,32
2016-01-14,7526.8,7527.1,7522.45,7522.7,11:55:00,7516.128801642712,3,33
2016-01-14,7527.65,7530.25,7524.6,7526.95,12:00:00,7517.22605862912,3,34
2016-01-14,7543.65,7544.2,7527.75,7527.9,12:05:00,7519.742624473966,3,35
2016-01-14,7537.0,7545.6,7536.85,7543.45,12:10:00,7521.386184047874,3,36
2016-01-14,7542.75,7545.9,7537.2,7537.25,12:15:00,7523.420833186172,3,37
2016-01-14,7551.4,7553.0,7542.25,7542.55,12:20:00,7526.08551573987,3,38
2016-01-14,7549.1,7552.45,7544.85,7551.7,12:25:00,7528.277371383691,3,39
2016-01-14,7547.15,7550.65,7545.7,7549.4,12:30:00,7530.074764585244,3,40
2016-01-14,7546.65,7550.5,7544.9,7547.2,12:35:00,7531.653358434269,3,41
2016-01-14,7546.15,7549.65,7545.1,7546.55,12:40:00,7533.033990964339,3,42
2016-01-14,7541.45,7547.65,7539.45,7546.35,12:45:00,7533.835515634402,3,43
2016-01-14,7563.35,7563.9,7540.95,7541.5,12:50:00,7536.646418907317,3,44
2016-01-14,7565.15,7570.95,7560.65,7563.5,12:55:00,7539.361045678049,3,45
2016-01-14,7575.75,7581.3,7564.7,7565.05,13:00:00,7542.826660375377,3,46
2016-01-14,7577.6,7578.95,7574.2,7575.85,13:05:00,7546.138407006294,3,47
2016-01-14,7579.3,7583.7,7575.65,7577.55,13:10:00,7549.296653958076,3,48
2016-01-14,7575.3,7580.65,7571.4,7579.55,13:15:00,7551.773163104925,3,49
2016-01-14,7581.45,7582.4,7571.7,7575.15,13:20:00,7554.599528523504,3,50
2016-01-14,7601.8,7604.8,7580.95,7580.95,13:25:00,7559.094811521266,3,51
2016-01-14,7580.95,7603.4,7580.95,7601.25,13:30:00,7561.17625804305,3,52
2016-01-14,7574.65,7585.35,7568.95,7580.8,13:35:00,7562.45947156276,3,53
2016-01-14,7582.1,7589.05,7574.6,7574.6,13:40:00,7564.329998080592,3,54
2016-01-14,7546.5,7582.9,7542.8,7582.55,13:45:00,7562.631903025297,3,55
2016-01-14,7557.8,7561.75,7543.0,7547.0,13:50:00,7562.171721784793,3,56
2016-01-14,7561.9,7571.0,7552.0,7557.55,13:55:00,7562.145843519575,3,57
2016-01-14,7559.0,7570.05,7558.85,7562.8,14:00:00,7561.846239374853,3,58
2016-01-14,7558.15,7566.7,7552.95,7560.1,14:05:00,7561.494216577248,3,59
2016-01-14,7554.15,7563.05,7550.8,7558.75,14:10:00,7560.794767379415,3,60
2016-01-14,7547.95,7554.75,7542.65,7554.75,14:15:00,7559.571456200423,3,61
2016-01-14,7534.4,7550.85,7532.15,7548.45,14:20:00,7557.174174657526,3,62
2016-01-14,7546.6,7548.0,7528.45,7533.55,14:25:00,7556.167110404429,3,63
2016-01-14,7523.55,7547.9,7520.85,7546.55,14:30:00,7553.06071893734,3,64
2016-01-14,7519.4,7531.65,7514.5,7520.35,14:35:00,7549.854936181403,3,65
2016-01-14,7530.2,7537.25,7519.8,7519.8,14:40:00,7547.983037497459,3,66
2016-01-14,7532.9,7535.1,7525.1,7530.05,14:45:00,7546.546557735796,3,67
2016-01-14,7542.9,7543.25,7529.05,7533.4,14:50:00,7546.199266522864,3,68
2016-01-14,7535.85,7543.6,7531.25,7543.1,14:55:00,7545.213622092115,3,69
2016-01-14,7531.35,7536.6,7526.2,7536.25,15:00:00,7543.893277130961,3,70
2016-01-14,7535.25,7536.45,7528.95,7531.7,15:05:00,7543.070107880393,3,71
2016-01-14,7539.75,7547.35,7533.75,7535.8,15:10:00,7542.75390712988,3,72
2016-01-14,7540.0,7542.75,7537.05,7539.95,15:15:00,7542.491630260367,3,73
2016-01-14,7535.75,7540.5,7531.1,7540.25,15:20:00,7541.84957023557,3,74
2016-01-14,7541.0,7544.15,7535.1,7535.9,15:25:00,7541.768658784564,3,75
2016-01-15,7550.55,7560.65,7531.0,7560.65,09:15:00,7542.604976995558,4,1
2016-01-15,7560.2,7560.25,7540.4,7550.6,09:20:00,7544.280693472171,4,2
2016-01-15,7547.2,7562.5,7547.05,7559.95,09:25:00,7544.558722665297,4,3
2016-01-15,7539.45,7553.25,7539.45,7547.35,09:30:00,7544.072177649555,4,4
2016-01-15,7545.9,7551.3,7537.55,7539.3,09:35:00,7544.246255968645,4,5
2016-01-15,7530.65,7545.95,7530.6,7545.95,09:40:00,7542.951374447821,4,6
2016-01-15,7536.2,7538.8,7525.65,7530.55,09:45:00,7542.308386405171,4,7
2016-01-15,7535.45,7542.15,7532.9,7536.3,09:50:00,7541.655206747537,4,8
2016-01-15,7535.55,7541.95,7531.25,7535.65,09:55:00,7541.073758485867,4,9
2016-01-15,7528.7,7537.85,7523.95,7535.5,10:00:00,7539.895305296736,4,10
2016-01-15,7524.6,7528.35,7517.4,7528.3,10:05:00,7538.43860955419,4,11
2016-01-15,7533.0,7533.4,7521.05,7524.5,10:10:00,7537.920646739506,4,12
2016-01-15,7533.9,7537.65,7530.35,7533.7,10:15:00,7537.53772800241,4,13
2016-01-15,7530.9,7534.4,7526.35,7534.0,10:20:00,7536.905563430752,4,14
2016-01-15,7526.7,7530.8,7522.5,7530.7,10:25:00,7535.933605008776,4,15
2016-01-15,7533.1,7534.45,7524.6,7526.45,10:30:00,7535.663737865083,4,16
2016-01-15,7524.1,7536.05,7523.7,7533.2,10:35:00,7534.562429496979,4,17
2016-01-15,7517.2,7525.9,7511.7,7523.85,10:40:00,7532.908864782981,4,18
2016-01-15,7513.85,7520.0,7508.3,7517.65,10:45:00,7531.09373480365,4,19
2016-01-15,7513.15,7520.6,7511.2,7513.75,10:50:00,7529.384807679493,4,20
2016-01-15,7505.5,7514.7,7502.8,7513.3,10:55:00,7527.11006409097,4,21
2016-01-15,7511.55,7512.75,7506.0,7506.0,11:00:00,7525.628153225163,4,22
2016-01-15,7522.9,7524.8,7507.95,7511.95,11:05:00,7525.368329108481,4,23
2016-01-15,7517.9,7523.35,7514.95,7523.3,11:10:00,7524.657059669578,4,24
2016-01-15,7523.75,7525.8,7515.35,7517.6,11:15:00,7524.570673034381,4,25
2016-01-15,7519.5,7524.35,7518.65,7523.8,11:20:00,7524.087751793011,4,26
2016-01-15,7519.5,7521.0,7514.85,7519.4,11:25:00,7523.65082305082,4,27
2016-01-15,7525.95,7526.6,7518.7,7519.65,11:30:00,7523.869792284075,4,28
2016-01-15,7533.95,7536.85,7525.65,7526.0,11:35:00,7524.829812066543,4,29
2016-01-15,7527.95,7534.8,7525.9,7534.4,11:40:00,7525.1269728221105,4,30
2016-01-15,7528.9,7532.35,7527.45,7527.85,11:45:00,7525.486308743813,4,31
2016-01-15,7529.15,7531.8,7522.6,7529.2,11:50:00,7525.835231720594,4,32
2016-01-15,7524.55,7530.6,7524.55,7529.1,11:55:00,7525.712828699585,4,33
2016-01-15,7518.65,7523.95,7518.4,7523.95,12:00:00,7525.040178347243,4,34
2016-01-15,7513.7,7520.4,7512.8,7518.6,12:05:00,7523.960161361791,4,35
2016-01-15,7510.25,7514.2,7509.15,7514.05,12:10:00,7522.654431708287,4,36
2016-01-15,7515.2,7515.65,7507.7,7510.1,12:15:00,7521.944485831307,4,37
2016-01-15,7506.15,7515.95,7505.05,7515.3,12:20:00,7520.440249085468,4,38
2016-01-15,7511.15,7511.3,7506.8,7506.8,12:25:00,7519.55546345828,4,39
2016-01-15,7514.25,7514.45,7506.95,7511.25,12:30:00,7519.050181224158,4,40
2016-01-15,7512.25,7514.75,7509.2,7514.45,12:35:00,7518.402544917095,4,41
2016-01-15,7514.25,7515.15,7511.85,7512.5,12:40:00,7518.0070644488,4,42
2016-01-15,7521.3,7522.1,7513.65,7514.15,12:45:00,7518.320677358438,4,43
2016-01-15,7521.6,7523.1,7519.2,7521.35,12:50:00,7518.632993800491,4,44
2016-01-15,7518.45,7522.0,7516.35,7521.45,12:55:00,7518.615565819492,4,45
2016-01-15,7529.25,7529.35,7518.1,7519.3,13:00:00,7519.628369074779,4,46
2016-01-15,7530.85,7531.45,7527.15,7529.3,13:05:00,7520.697095829562,4,47
2016-01-15,7531.95,7532.55,7528.6,7530.75,13:10:00,7521.7688009886515,4,48
2016-01-15,7528.65,7534.25,7523.95,7531.85,13:15:00,7522.424153275447,4,49
2016-01-15,7526.7,7530.4,7523.85,7528.95,13:20:00,7522.831376773023,4,50
2016-01-15,7521.85,7526.45,7517.8,7526.45,13:25:00,7522.73791231845,4,51
2016-01-15,7537.15,7538.4,7521.2,7522.95,13:30:00,7524.110492097645,4,52
2016-01-15,7533.0,7543.6,7532.7,7537.35,13:35:00,7524.957111897869,4,53
2016-01-15,7524.2,7532.85,7519.75,7532.85,13:40:00,7524.8850060028335,4,54
2016-01-15,7510.75,7524.45,7508.9,7524.45,13:45:00,7523.538814954944,4,55
2016-01-15,7512.05,7514.15,7504.95,7510.65,13:50:00,7522.444642102093,4,56
2016-01-15,7516.7,7517.95,7508.15,7512.25,13:55:00,7521.897533330465,4,57
2016-01-15,7525.25,7525.9,7513.6,7517.4,14:00:00,7522.216815870421,4,58
2016-01-15,7524.5,7528.4,7520.3,7525.55,14:05:00,7522.434261978,4,59
2016-01-15,7522.25,7525.6,7521.55,7524.6,14:10:00,7522.41671321819,4,60
2016-01-15,7524.55,7530.6,7522.5,7522.7,14:15:00,7522.619883387886,4,61
2016-01-15,7516.95,7526.1,7514.05,7524.6,14:20:00,7522.0798944938015,4,62
2016-01-15,7490.2,7516.75,7487.9,7516.75,14:25:00,7519.0437140658205,4,63
2016-01-15,7479.45,7494.15,7473.6,7490.0,14:30:00,7515.27288415479,4,64
2016-01-15,7468.2,7479.4,7468.2,7479.25,14:35:00,7510.789752330524,4,65
2016-01-15,7451.75,7468.15,7450.95,7468.15,14:40:00,7505.166918775236,4,66
2016-01-15,7455.05,7462.55,7446.5,7452.0,14:45:00,7500.39387889188,4,67
2016-01-15,7462.65,7464.35,7450.8,7455.55,14:50:00,7496.799223759321,4,68
2016-01-15,7451.35,7464.6,7450.15,7462.25,14:55:00,7492.470726258432,4,69
2016-01-15,7430.5,7451.65,7427.3,7451.65,15:00:00,7486.568752329058,4,70
2016-01-15,7445.5,7447.6,7429.5,7430.35,15:05:00,7482.657442583433,4,71
2016-01-15,7443.35,7447.4,7438.7,7445.05,15:10:00,7478.913876623106,4,72
2016-01-15,7435.6,7444.65,7435.15,7443.3,15:15:00,7474.788745516143,4,73
2016-01-15,7434.65,7436.75,7433.7,7435.55,15:20:00,7470.966007847939,4,74
2016-01-15,7433.95,7441.45,7430.65,7434.95,15:25:00,7467.440673767183,4,75
2016-01-18,7434.15,7463.65,7418.3,7418.4,09:15:00,7464.270133408404,0,1
2016-01-18,7410.1,7434.2,7405.8,7434.2,09:20:00,7459.111073083794,0,2
2016-01-18,7440.9,7440.95,7407.9,7410.3,09:25:00,7457.376685171052,0,3
2016-01-18,7422.8,7442.25,7419.0,7440.35,09:30:00,7454.083667535713,0,4
2016-01-18,7422.5,7432.1,7417.75,7422.95,09:35:00,7451.075699198978,0,5
2016-01-18,7427.45,7434.25,7421.15,7422.4,09:40:00,7448.825632608599,0,6
2016-01-18,7416.65,7427.25,7413.9,7427.25,09:45:00,7445.761286645875,0,7
2016-01-18,7412.25,7417.05,7409.95,7416.95,09:50:00,7442.569735536744,0,8
2016-01-18,7400.6,7416.2,7395.1,7412.2,09:55:00,7438.572617866577,0,9
2016-01-18,7393.0,7401.55,7383.35,7400.35,10:00:00,7434.2323685459505,0,10
2016-01-18,7391.75,7399.1,7388.45,7390.95,10:05:00,7430.186428684432,0,11
2016-01-18,7408.25,7413.75,7388.0,7391.15,10:10:00,7428.097245000201,0,12
2016-01-18,7403.7,7410.4,7398.55,7408.6,10:15:00,7425.773697857325,0,13
2016-01-18,7420.3,7420.3,7400.45,7403.65,10:20:00,7425.2523932994845,0,14
2016-01-18,7418.5,7424.35,7415.1,7420.4,10:25:00,7424.609308223343,0,15
2016-01-18,7418.1,7420.9,7409.55,7418.65,10:30:00,7423.989374106834,0,16
2016-01-18,7427.25,7428.5,7414.4,7417.35,10:35:00,7424.299909906183,0,17
2016-01-18,7434.55,7437.1,7420.85,7427.35,10:40:00,7425.276108962737,0,18
2016-01-18,7434.75,7436.55,7425.15,7434.85,10:45:00,7426.178384299619,0,19
2016-01-18,7428.3,7438.5,7425.25,7434.1,10:50:00,7426.380442937751,0,20
2016-01-18,7430.75,7434.1,7423.3,7428.45,10:55:00,7426.796591229393,0,21
2016-01-18,7431.05,7433.2,7425.85,7430.8,11:00:00,7427.201677778974,0,22
2016-01-18,7435.35,7438.25,7425.55,7431.65,11:05:00,7427.977708466691,0,23
2016-01-18,7430.65,7437.95,7428.65,7435.2,11:10:00,7428.232212422245,0,24
2016-01-18,7420.95,7437.9,7420.7,7431.15,11:15:00,7427.538668382031,0,25
2016-01-18,7421.1,7425.95,7415.75,7421.05,11:20:00,7426.925461869456,0,26
2016-01-18,7420.0,7429.35,7417.8,7421.7,11:25:00,7426.265894072365,0,27
2016-01-18,7422.65,7427.2,7417.85,7420.45,11:30:00,7425.921523208331,0,28
2016-01-18,7423.15,7428.2,7420.5,7423.2,11:35:00,7425.657568617061,0,29
2016-01-18,7418.9,7426.2,7417.1,7423.5,11:40:00,7425.013990653531,0,30
2016-01-18,7404.05,7419.8,7400.5,7419.45,11:45:00,7423.017420115099,0,31
2016-01-18,7406.15,7411.1,7402.7,7404.25,11:50:00,7421.410999151756,0,32
2016-01-18,7404.75,7408.7,7393.65,7406.05,11:55:00,7419.824237327779,0,33
2016-01-18,7399.5,7405.75,7397.7,7404.7,12:00:00,7417.888595677514,0,34
2016-01-18,7401.1,7412.85,7398.55,7400.05,12:05:00,7416.289681803465,0,35
2016-01-18,7404.6,7407.5,7398.55,7400.7,12:10:00,7415.176378774563,0,36
2016-01-18,7409.35,7412.35,7403.35,7404.5,12:15:00,7414.621485557937,0,37
2016-01-18,7400.1,7410.5,7399.85,7409.2,12:20:00,7413.238486933372,0,38
2016-01-18,7403.45,7406.45,7397.45,7399.55,12:25:00,7412.3062500825745,0,39
2016-01-18,7406.6,7411.65,7400.95,7402.15,12:30:00,7411.762797693757,0,40
2016-01-18,7410.65,7413.2,7405.0,7406.65,12:35:00,7411.656816961018,0,41
2016-01-18,7415.0,7415.3,7409.05,7410.45,12:40:00,7411.975215345683,0,42
2016-01-18,7417.6,7420.65,7409.95,7414.55,12:45:00,7412.510909122285,0,43
2016-01-18,7413.3,7418.85,7411.4,7418.05,12:50:00,7412.586060634448,0,44
2016-01-18,7411.75,7416.6,7405.9,7413.7,12:55:00,7412.506435812119,0,45
2016-01-18,7411.9,7414.45,7406.55,7411.65,13:00:00,7412.448680020489,0,46
2016-01-18,7403.25,7412.05,7399.85,7411.55,13:05:00,7411.572615256632,0,47
2016-01-18,7402.6,7404.95,7399.9,7403.45,13:10:00,7410.718080470286,0,48
2016-01-18,7394.05,7402.85,7387.25,7402.5,13:15:00,7409.130644235021,0,49
2016-01-18,7390.65,7398.5,7388.65,7393.8,13:20:00,7407.370582879304,0,50
2016-01-18,7384.55,7391.55,7379.45,7390.95,13:25:00,7405.197194033657,0,51
2016-01-18,7404.55,7404.55,7384.3,7384.75,13:30:00,7405.135556506642,0,52
2016-01-18,7411.65,7414.15,7400.85,7405.0,13:35:00,7405.755979696486,0,53
2016-01-18,7413.75,7416.2,7407.75,7412.15,13:40:00,7406.517314963487,0,54
2016-01-18,7429.0,7431.95,7411.0,7413.2,13:45:00,7408.658523062202,0,55
2016-01-18,7415.9,7432.5,7415.55,7431.2,13:50:00,7409.348187532469,0,56
2016-01-18,7424.3,7425.35,7416.15,7416.15,13:55:00,7410.772169672234,0,57
2016-01-18,7414.95,7426.55,7412.4,7423.85,14:00:00,7411.170058274878,0,58
2016-01-18,7410.95,7418.4,7410.05,7416.8,14:05:00,7411.149100343938,0,59
2016-01-18,7416.7,7421.1,7410.75,7410.75,14:10:00,7411.677757454039,0,60
2016-01-18,7405.15,7418.2,7405.15,7416.85,14:15:00,7411.05606626794,0,61
2016-01-18,7407.0,7411.95,7399.55,7405.2,14:20:00,7410.669774242422,0,62
2016-01-18,7405.95,7410.3,7400.8,7407.15,14:25:00,7410.22027193362,0,63
2016-01-18,7394.3,7407.3,7394.1,7406.2,14:30:00,7408.70405555899,0,64
2016-01-18,7388.65,7399.25,7385.25,7393.65,14:35:00,7406.7941455057535,0,65
2016-01-18,7385.0,7392.1,7382.15,7388.55,14:40:00,7404.718512600443,0,66
2016-01-18,7384.65,7391.55,7380.65,7384.75,14:45:00,7402.807225686116,0,67
2016-01-18,7377.0,7384.05,7369.65,7384.05,14:50:00,7400.34939466839,0,68
2016-01-18,7369.5,7379.5,7366.3,7377.55,14:55:00,7397.411357080925,0,69
2016-01-18,7354.5,7372.05,7354.15,7369.45,15:00:00,7393.324561168456,0,70
2016-01-18,7347.8,7358.6,7347.5,7356.1,15:05:00,7388.988888676223,0,71
2016-01-18,7339.55,7348.25,7336.4,7348.25,15:10:00,7384.280423088011,0,72
2016-01-18,7351.55,7353.2,7340.05,7340.05,15:15:00,7381.163239936772,0,73
2016-01-18,7352.9,7355.6,7350.25,7350.75,15:20:00,7378.471502799936,0,74
2016-01-18,7351.15,7355.55,7347.65,7352.7,15:25:00,7375.869454914228,0,75
2016-01-19,7387.3,7393.5,7375.6,7390.25,09:15:00,7376.95807825573,1,1
2016-01-19,7379.9,7388.9,7366.55,7386.7,09:20:00,7377.238261278993,1,2
2016-01-19,7371.05,7381.5,7364.15,7380.2,09:25:00,7376.648903061946,1,3
2016-01-19,7371.25,7375.35,7365.3,7369.05,09:30:00,7376.134721817951,1,4
2016-01-19,7372.95,7381.45,7366.25,7371.0,09:35:00,7375.831414978146,1,5
2016-01-19,7374.6,7379.8,7372.65,7373.0,09:40:00,7375.714137361179,1,6
2016-01-19,7387.45,7391.6,7373.8,7374.1,09:45:00,7376.831838564876,1,7
2016-01-19,7401.35,7402.55,7384.2,7387.65,09:50:00,7379.166901558698,1,8
2016-01-19,7405.35,7406.95,7398.4,7401.15,09:55:00,7381.660529981678,1,9
2016-01-19,7395.85,7405.25,7392.5,7405.25,10:00:00,7383.011908078662,1,10
2016-01-19,7401.75,7403.15,7390.7,7396.35,10:05:00,7384.796488261646,1,11
2016-01-19,7397.4,7404.5,7391.75,7401.65,10:10:00,7385.996822712917,1,12
2016-01-19,7397.7,7404.3,7396.95,7397.45,10:15:00,7387.111411025973,1,13
2016-01-19,7380.6,7398.85,7380.2,7398.1,10:20:00,7386.491276642548,1,14
2016-01-19,7383.1,7383.1,7378.05,7380.3,10:25:00,7386.168297914685,1,15
2016-01-19,7395.25,7395.7,7383.2,7383.4,10:30:00,7387.03322192281,1,16
2016-01-19,7402.4,7402.4,7393.9,7395.35,10:35:00,7388.496724596828,1,17
2016-01-19,7405.85,7406.4,7393.8,7402.65,10:40:00,7390.149417492368,1,18
2016-01-19,7409.55,7411.6,7404.6,7405.75,10:45:00,7391.997092016905,1,19
2016-01-19,7409.2,7410.75,7405.35,7409.65,10:50:00,7393.635464205771,1,20
2016-01-19,7414.25,7416.35,7406.45,7409.15,10:55:00,7395.598753329032,1,21
2016-01-19,7408.85,7418.5,7408.6,7414.8,11:00:00,7396.860776821505,1,22
2016-01-19,7407.5,7410.85,7405.95,7409.05,11:05:00,7397.874036171838,1,23
2016-01-19,7405.35,7407.35,7402.95,7407.35,11:10:00,7398.586032726901,1,24
2016-01-19,7401.15,7406.65,7399.5,7405.55,11:15:00,7398.830220086244,1,25
2016-01-19,7397.45,7403.1,7397.45,7401.3,11:20:00,7398.698770554221,1,26
2016-01-19,7407.95,7409.45,7395.85,7397.6,11:25:00,7399.579840025247,1,27
2016-01-19,7414.7,7417.15,7405.7,7407.9,11:30:00,7401.019855260938,1,28
2016-01-19,7416.85,7418.9,7413.05,7414.55,11:35:00,7402.52748809323,1,29
2016-01-19,7417.65,7424.4,7415.9,7416.7,11:40:00,7403.967727322446,1,30
2016-01-19,7414.65,7419.7,7414.3,7417.9,11:45:00,7404.98508662507,1,31
2016-01-19,7413.4,7416.55,7411.7,7414.45,11:50:00,7405.7865069464915,1,32
2016-01-19,7406.6,7417.9,7406.1,7413.55,11:55:00,7405.863982475397,1,33
2016-01-19,7417.7,7419.0,7406.0,7406.7,12:00:00,7406.991222239645,1,34
2016-01-19,7416.75,7418.5,7413.9,7417.3,12:05:00,7407.920629645393,1,35
2016-01-19,7417.0,7420.4,7413.45,7416.7,12:10:00,7408.785331583927,1,36
2016-01-19,7425.85,7426.95,7414.45,7415.85,12:15:00,7410.410538099744,1,37
2016-01-19,7430.3,7432.5,7421.85,7425.8,12:20:00,7412.3047725664355,1,38
2016-01-19,7421.6,7429.3,7419.45,7428.7,12:25:00,7413.190032322013,1,39
2016-01-19,7419.8,7423.9,7418.9,7420.55,12:30:00,7413.81955305325,1,40
2016-01-19,7421.7,7425.2,7416.65,7418.95,12:35:00,7414.570071810083,1,41
2016-01-19,7435.0,7436.85,7421.35,7421.9,12:40:00,7416.5157792567425,1,42
2016-01-19,7436.0,7437.4,7431.05,7435.1,12:45:00,7418.371419327529,1,43
2016-01-19,7434.7,7440.35,7432.55,7436.45,12:50:00,7419.9265222487165,1,44
2016-01-19,7428.5,7439.05,7428.05,7434.35,12:55:00,7420.743043939316,1,45
2016-01-19,7451.0,7456.25,7428.0,7428.45,13:00:00,7423.624658802238,1,46
2016-01-19,7451.15,7456.3,7449.45,7451.7,13:05:00,7426.2461198686915,1,47
2016-01-19,7446.25,7453.05,7444.75,7451.25,13:10:00,7428.151251309769,1,48
2016-01-19,7444.15,7448.05,7440.3,7445.45,13:15:00,7429.674941661219,1,49
2016-01-19,7438.8,7451.55,7437.4,7443.95,13:20:00,7430.543994836341,1,50
2016-01-19,7446.1,7446.25,7439.05,7439.85,13:25:00,7432.025519137642,1,51
2016-01-19,7450.7,7451.45,7440.5,7445.7,13:30:00,7433.804041124533,1,52
2016-01-19,7450.25,7453.3,7443.1,7450.9,13:35:00,7435.370322922196,1,53
2016-01-19,7448.1,7453.9,7445.0,7450.35,13:40:00,7436.582673120083,1,54
2016-01-19,7450.6,7451.55,7444.25,7448.15,13:45:00,7437.917656632456,1,55
2016-01-19,7460.7,7462.75,7448.1,7450.35,13:50:00,7440.087403619841,1,56
2016-01-19,7448.45,7461.45,7448.45,7459.7,13:55:00,7440.883841370332,1,57
2016-01-19,7437.7,7449.25,7432.95,7448.4,14:00:00,7440.580618382682,1,58
2016-01-19,7427.1,7436.95,7425.95,7436.95,14:05:00,7439.296749965284,1,59
2016-01-19,7441.3,7441.95,7425.75,7427.2,14:10:00,7439.487535682876,1,60
2016-01-19,7432.55,7442.95,7430.2,7441.4,14:15:00,7438.826817998793,1,61
2016-01-19,7433.0,7433.0,7427.2,7432.5,14:20:00,7438.271882951288,1,62
2016-01-19,7436.85,7437.5,7428.25,7431.7,14:25:00,7438.1364655273555,1,63
2016-01-19,7417.25,7439.05,7416.4,7436.9,14:30:00,7436.147278334273,1,64
2016-01-19,7416.75,7420.55,7407.2,7416.85,14:35:00,7434.299918492914,1,65
2016-01-19,7417.8,7425.4,7415.2,7416.9,14:40:00,7432.728497684065,1,66
2016-01-19,7420.15,7422.05,7410.8,7418.0,14:45:00,7431.530545523678,1,67
2016-01-19,7428.5,7430.5,7418.15,7419.8,14:50:00,7431.241922140471,1,68
2016-01-19,7430.95,7435.75,7428.8,7429.0,14:55:00,7431.214120031854,1,69
2016-01-19,7434.7,7440.15,7429.1,7431.1,15:00:00,7431.546108600249,1,70
2016-01-19,7436.4,7440.2,7434.45,7434.95,15:05:00,7432.008383971654,1,71
2016-01-19,7432.55,7437.5,7429.2,7436.15,15:10:00,7432.059966450544,1,72
2016-01-19,7434.15,7436.65,7432.1,7432.3,15:15:00,7432.259017264778,1,73
2016-01-19,7431.9,7436.0,7430.95,7434.1,15:20:00,7432.224825144323,1,74
2016-01-19,7440.05,7440.45,7431.1,7432.05,15:25:00,7432.970079892483,1,75
2016-01-20,7318.65,7365.1,7315.7,7349.85,09:15:00,7422.082453236056,2,1
2016-01-20,7307.5,7327.55,7307.5,7319.25,09:20:00,7411.169838642146,2,2
2016-01-20,7324.45,7324.85,7303.35,7308.05,09:25:00,7402.910806390513,2,3
2016-01-20,7314.95,7330.1,7313.3,7323.95,09:30:00,7394.533586734275,2,4
2016-01-20,7308.2,7315.3,7298.7,7314.8,09:35:00,7386.311340378629,2,5
2016-01-20,7302.6,7308.6,7298.15,7307.85,09:40:00,7378.338831771141,2,6
2016-01-20,7304.25,7305.2,7291.5,7302.7,09:45:00,7371.282752554841,2,7
2016-01-20,7313.0,7318.7,7305.0,7305.0,09:50:00,7365.732014216285,2,8
2016-01-20,7320.15,7320.15,7312.0,7313.35,09:55:00,7361.39087000521,2,9
2016-01-20,7316.85,7323.65,7315.25,7320.25,10:00:00,7357.148882385665,2,10
2016-01-20,7322.25,7322.85,7316.65,7317.65,10:05:00,7353.825179301317,2,11
2016-01-20,7314.65,7323.35,7307.95,7322.6,10:10:00,7350.094209844048,2,12
2016-01-20,7317.8,7317.9,7309.3,7314.95,10:15:00,7347.018570811282,2,13
2016-01-20,7319.3,7319.85,7315.55,7318.05,10:20:00,7344.378706924494,2,14
2016-01-20,7314.3,7321.5,7314.05,7319.8,10:25:00,7341.51406816978,2,15
2016-01-20,7309.55,7316.4,7308.4,7314.05,10:30:00,7338.46987120123,2,16
2016-01-20,7310.85,7310.9,7304.3,7309.9,10:35:00,7335.839407277303,2,17
2016-01-20,7314.15,7314.15,7306.3,7310.95,10:40:00,7333.773749441369,2,18
2016-01-20,7315.1,7317.75,7309.8,7314.3,10:45:00,7331.995297113619,2,19
2016-01-20,7321.35,7321.75,7315.05,7315.3,10:50:00,7330.981459293274,2,20
2016-01-20,7320.65,7323.7,7318.45,7321.8,10:55:00,7329.997510789153,2,21
2016-01-20,7312.85,7322.75,7312.2,7320.85,11:00:00,7328.364414523519,2,22
2016-01-20,7312.8,7317.15,7311.4,7312.9,11:05:00,7326.882089330803,2,23
2016-01-20,7311.85,7313.15,7304.75,7312.65,11:10:00,7325.450461775488,2,24
2016-01-20,7317.75,7317.95,7311.55,7311.8,11:15:00,7324.7170844635375,2,25
2016-01-20,7320.45,7321.4,7317.05,7317.25,11:20:00,7324.31069546701,2,26
2016-01-20,7317.25,7323.3,7316.9,7320.85,11:25:00,7323.638248279676,2,27
2016-01-20,7313.85,7319.9,7313.3,7317.15,11:30:00,7322.706034157803,2,28
2016-01-20,7307.4,7314.2,7306.55,7313.45,11:35:00,7321.248316618964,2,29
2016-01-20,7300.7,7307.3,7299.0,7307.25,11:40:00,7319.291334083825,2,30
2016-01-20,7301.6,7304.5,7297.3,7300.8,11:45:00,7317.606445123461,2,31
2016-01-20,7297.35,7302.3,7294.8,7301.75,11:50:00,7315.677259873608,2,32
2016-01-20,7293.45,7297.15,7287.15,7296.8,11:55:00,7313.5603779808835,2,33
2016-01-20,7296.65,7297.85,7292.25,7293.5,12:00:00,7311.949865792229,2,34
2016-01-20,7303.5,7307.85,7297.05,7297.2,12:05:00,7311.145116669159,2,35
2016-01-20,7304.4,7305.95,7300.15,7304.15,12:10:00,7310.50272460543,2,36
2016-01-20,7300.65,7306.4,7297.2,7304.7,12:15:00,7309.564369881104,2,37
2016-01-20,7302.0,7302.7,7298.15,7301.1,12:20:00,7308.843953701951,2,38
2016-01-20,7297.85,7302.8,7296.65,7302.3,12:25:00,7307.796910492241,2,39
2016-01-20,7295.25,7299.5,7290.85,7297.75,12:30:00,7306.601966635837,2,40
2016-01-20,7294.9,7298.55,7291.85,7295.4,12:35:00,7305.4874936229,2,41
2016-01-20,7294.2,7298.65,7292.65,7295.15,12:40:00,7304.412494230242,2,42
2016-01-20,7302.35,7302.45,7293.5,7294.65,12:45:00,7304.216066208314,2,43
2016-01-20,7305.85,7306.15,7301.5,7302.3,12:50:00,7304.37167895038,2,44
2016-01-20,7296.05,7306.35,7296.05,7306.2,12:55:00,7303.579138097963,2,45
2016-01-20,7299.95,7300.6,7291.15,7295.8,13:00:00,7303.233505898157,2,46
2016-01-20,7299.2,7301.7,7296.9,7299.8,13:05:00,7302.849362479284,2,47
2016-01-20,7296.35,7301.2,7294.4,7299.3,13:10:00,7302.230375576495,2,48
2016-01-20,7300.4,7302.75,7294.45,7296.1,13:15:00,7302.056054093019,2,49
2016-01-20,7289.55,7303.55,7289.25,7300.0,13:20:00,7300.865001322256,2,50
2016-01-20,7294.75,7295.45,7281.95,7289.75,13:25:00,7300.282620243946,2,51
2016-01-20,7292.7,7297.9,7287.1,7295.0,13:30:00,7299.560465934999,2,52
2016-01-20,7293.2,7299.35,7291.65,7293.3,13:35:00,7298.954707274523,2,53
2016-01-20,7295.45,7297.65,7292.15,7293.05,13:40:00,7298.62092562933,2,54
2016-01-20,7287.25,7295.5,7286.7,7295.5,13:45:00,7297.537980331299,2,55
2016-01-20,7286.1,7289.15,7284.0,7287.35,13:50:00,7296.448648871175,2,56
2016-01-20,7278.55,7286.35,7274.95,7286.05,13:55:00,7294.744015645349,2,57
2016-01-20,7263.45,7284.15,7260.9,7278.85,14:00:00,7291.763633202935,2,58
2016-01-20,7260.9,7268.55,7257.25,7262.45,14:05:00,7288.82423956456,2,59
2016-01-20,7270.9,7272.2,7260.55,7261.1,14:10:00,7287.11716912984,2,60
2016-01-20,7259.3,7271.6,7259.3,7271.6,14:15:00,7284.467914926998,2,61
2016-01-20,7260.7,7266.8,7258.5,7260.75,14:20:00,7282.20430398157,2,62
2016-01-20,7262.45,7263.2,7254.0,7260.95,14:25:00,7280.32294169761,2,63
2016-01-20,7263.3,7263.3,7254.7,7262.2,14:30:00,7278.701709154981,2,64
2016-01-20,7245.7,7263.1,7245.15,7263.1,14:35:00,7275.558689235459,2,65
2016-01-20,7249.15,7251.15,7241.5,7246.1,14:40:00,7273.043575974939,2,66
2016-01-20,7254.95,7257.65,7245.15,7248.7,14:45:00,7271.32037826304,2,67
2016-01-20,7268.4,7268.4,7253.75,7254.85,14:50:00,7271.042246999894,2,68
2016-01-20,7294.0,7294.0,7269.2,7269.4,14:55:00,7273.228699666571,2,69
2016-01-20,7305.5,7306.6,7289.85,7294.05,15:00:00,7276.302156841183,2,70
2016-01-20,7300.35,7309.95,7296.45,7305.0,15:05:00,7278.592427618213,2,71
2016-01-20,7313.25,7315.0,7297.7,7299.6,15:10:00,7281.893148797431,2,72
2016-01-20,7313.05,7316.6,7304.05,7313.95,15:15:00,7284.860467959581,2,73
2016-01-20,7312.45,7315.15,7309.85,7313.9,15:20:00,7287.488042439621,2,74
2016-01-20,7317.0,7318.55,7312.45,7312.6,15:25:00,7290.29870506442,2,75
2016-01-21,7375.35,7387.75,7372.45,7382.4,09:15:00,7298.398828391618,3,1
2016-01-21,7387.7,7398.7,7374.1,7376.35,09:20:00,7306.90370187813,3,2
2016-01-21,7386.55,7395.4,7383.3,7388.1,09:25:00,7314.489063604023,3,3
2016-01-21,7374.6,7386.45,7363.65,7386.4,09:30:00,7320.213914689353,3,4
2016-01-21,7362.65,7378.4,7361.65,7374.45,09:35:00,7324.255446623701,3,5
2016-01-21,7353.85,7365.15,7344.1,7362.85,09:40:00,7327.0739755166815,3,6
2016-01-21,7333.35,7354.35,7328.65,7354.1,09:45:00,7327.67169213414,3,7
2016-01-21,7347.0,7352.0,7333.4,7334.0,09:50:00,7329.51248335946,3,8
2016-01-21,7346.65,7349.1,7332.8,7347.4,09:55:00,7331.144627801416,3,9
2016-01-21,7347.35,7349.65,7342.0,7346.75,10:00:00,7332.687996582234,3,10
2016-01-21,7335.8,7349.4,7334.8,7348.25,10:05:00,7332.984377860116,3,11
2016-01-21,7333.05,7343.1,7330.55,7336.1,10:10:00,7332.990627587724,3,12
2016-01-21,7327.4,7334.85,7323.95,7333.0,10:15:00,7332.458186865084,3,13
2016-01-21,7333.1,7336.85,7325.2,7327.65,10:20:00,7332.519311925552,3,14
2016-01-21,7334.15,7338.8,7331.25,7332.95,10:25:00,7332.67461555169,3,15
2016-01-21,7326.25,7340.0,7325.9,7333.65,10:30:00,7332.06274740391,3,16
2016-01-21,7318.3,7326.3,7308.0,7326.05,10:35:00,7330.752009555919,3,17
2016-01-21,7302.5,7317.7,7299.9,7317.25,10:40:00,7328.061341979165,3,18
2016-01-21,7316.1,7316.5,7297.65,7301.75,10:45:00,7326.922166552577,3,19
2016-01-21,7320.15,7321.5,7306.75,7315.85,10:50:00,7326.277198309474,3,20
2016-01-21,7318.65,7325.15,7316.1,7320.2,10:55:00,7325.550798470476,3,21
2016-01-21,7317.9,7324.15,7312.85,7318.75,11:00:00,7324.822150997097,3,22
2016-01-21,7312.6,7318.7,7310.9,7317.5,11:05:00,7323.658136616421,3,23
2016-01-21,7309.95,7313.85,7308.25,7312.55,11:10:00,7322.3525997958095,3,24
2016-01-21,7322.0,7324.65,7309.15,7309.8,11:15:00,7322.319018862875,3,25
2016-01-21,7306.0,7322.8,7306.0,7321.7,11:20:00,7320.764826590221,3,26
2016-01-21,7293.7,7310.2,7292.95,7306.25,11:25:00,7318.187224057819,3,27
2016-01-21,7288.45,7301.5,7284.35,7294.05,11:30:00,7315.355107480884,3,28
2016-01-21,7291.4,7295.95,7283.45,7288.1,11:35:00,7313.073668673181,3,29
2016-01-21,7279.35,7291.75,7279.3,7291.25,11:40:00,7309.861890704306,3,30
2016-01-21,7277.15,7284.5,7275.75,7279.65,11:45:00,7306.746472541991,3,31
2016-01-21,7275.25,7277.05,7265.65,7277.05,11:50:00,7303.746808490373,3,32
2016-01-21,7280.1,7280.9,7274.0,7275.1,11:55:00,7301.49473149129,3,33
2016-01-21,7285.2,7285.45,7279.2,7280.2,12:00:00,7299.942852301643,3,34
2016-01-21,7280.7,7289.95,7279.65,7285.35,12:05:00,7298.110199701487,3,35
2016-01-21,7271.95,7281.0,7271.55,7280.95,12:10:00,7295.618752110869,3,36
2016-01-21,7274.65,7278.8,7268.45,7271.9,12:15:00,7293.621728100309,3,37
2016-01-21,7279.7,7281.2,7274.25,7274.75,12:20:00,7292.295849233613,3,38
2016-01-21,7279.25,7284.75,7277.9,7279.75,12:25:00,7291.05338740184,3,39
2016-01-21,7273.3,7280.5,7272.15,7279.35,12:30:00,7289.362588601665,3,40
2016-01-21,7270.35,7275.55,7266.3,7273.6,12:35:00,7287.551865877697,3,41
2016-01-21,7276.75,7277.4,7265.4,7270.95,12:40:00,7286.523116746488,3,42
2016-01-21,7273.2,7279.1,7273.2,7277.0,12:45:00,7285.254248484918,3,43
2016-01-21,7265.2,7272.95,7263.6,7272.95,12:50:00,7283.344320057783,3,44
2016-01-21,7264.25,7269.3,7260.75,7265.1,12:55:00,7281.525813385613,3,45
2016-01-21,7261.9,7265.95,7257.25,7264.5,13:00:00,7279.656688301269,3,46
2016-01-21,7262.05,7266.5,7261.2,7262.05,13:05:00,7277.979860844006,3,47
2016-01-21,7252.95,7261.85,7251.85,7261.75,13:10:00,7275.596064573148,3,48
2016-01-21,7259.5,7259.6,7250.0,7253.5,13:15:00,7274.063106042372,3,49
2016-01-21,7274.7,7275.95,7257.7,7259.25,13:20:00,7274.123762609765,3,50
2016-01-21,7272.65,7283.5,7262.25,7274.75,13:25:00,7273.983404265979,3,51
2016-01-21,7300.95,7301.05,7273.15,7273.15,13:30:00,7276.551651478742,3,52
2016-01-21,7299.55,7307.9,7293.95,7300.85,13:35:00,7278.741970385528,3,53
2016-01-21,7310.7,7315.2,7296.5,7299.4,13:40:00,7281.785592253574,3,54
2016-01-21,7326.15,7327.4,7298.05,7310.75,13:45:00,7286.01077394371,3,55
2016-01-21,7319.4,7329.1,7311.5,7326.0,13:50:00,7289.190700234785,3,56
2016-01-21,7305.15,7319.45,7294.6,7319.05,13:55:00,7290.710633545758,3,57
2016-01-21,7308.15,7313.75,7301.45,7305.35,14:00:00,7292.371525589019,3,58
2016-01-21,7314.6,7320.45,7300.1,7307.6,14:05:00,7294.48852315197,3,59
2016-01-21,7308.75,7315.15,7305.55,7314.5,14:10:00,7295.846759042259,3,60
2016-01-21,7283.5,7309.2,7283.2,7308.65,14:15:00,7294.670877228711,3,61
2016-01-21,7290.95,7297.3,7284.0,7284.9,14:20:00,7294.316507968834,3,62
2016-01-21,7285.45,7297.65,7282.95,7290.75,14:25:00,7293.47207863847,3,63
2016-01-21,7281.7,7292.45,7281.0,7285.15,14:30:00,7292.350928291949,3,64
2016-01-21,7284.7,7285.65,7273.3,7281.9,14:35:00,7291.62226845462,3,65
2016-01-21,7292.55,7293.45,7282.05,7284.95,14:40:00,7291.710623839894,3,66
2016-01-21,7285.7,7303.95,7285.7,7292.85,14:45:00,7291.13818347419,3,67
2016-01-21,7286.4,7288.25,7280.8,7285.25,14:50:00,7290.686927905219,3,68
2016-01-21,7292.0,7295.05,7285.25,7286.05,14:55:00,7290.811982390436,3,69
2016-01-21,7286.9,7292.45,7284.5,7292.05,15:00:00,7290.439412638966,3,70
2016-01-21,7272.15,7289.35,7271.15,7287.7,15:05:00,7288.697563816208,3,71
2016-01-21,7267.4,7276.0,7267.4,7272.05,15:10:00,7286.66922440514,3,72
2016-01-21,7270.45,7271.5,7265.9,7267.45,15:15:00,7285.124536366556,3,73
2016-01-21,7276.25,7279.75,7270.35,7270.5,15:20:00,7284.279342426884,3,74
2016-01-21,7280.05,7282.95,7275.3,7275.45,15:25:00,7283.876547910037,3,75
2016-01-22,7341.9,7354.05,7327.6,7353.55,09:15:00,7289.402590966225,4,1
2016-01-22,7342.55,7352.9,7336.9,7341.85,09:20:00,7294.464248969442,4,2
2016-01-22,7340.6,7343.95,7333.05,7342.6,09:25:00,7298.858130019972,4,3
2016-01-22,7347.45,7347.6,7338.3,7340.5,09:30:00,7303.485927160927,4,4
2016-01-22,7359.05,7359.05,7345.9,7347.75,09:35:00,7308.777743621792,4,5
2016-01-22,7348.55,7360.7,7348.55,7358.8,09:40:00,7312.565577562574,4,6
2016-01-22,7342.6,7355.3,7342.45,7348.8,09:45:00,7315.42599874709,4,7
2016-01-22,7354.65,7356.05,7342.55,7342.85,09:50:00,7319.161617914035,4,8
2016-01-22,7366.5,7368.0,7355.0,7355.05,09:55:00,7323.670035255555,4,9
2016-01-22,7370.5,7375.8,7366.6,7367.0,10:00:00,7328.130031897883,4,10
2016-01-22,7374.2,7376.2,7365.85,7370.6,10:05:00,7332.517647907608,4,11
2016-01-22,7373.35,7378.35,7370.6,7374.1,10:10:00,7336.406443344979,4,12
2016-01-22,7382.0,7382.0,7369.6,7373.15,10:15:00,7340.748686835934,4,13
2016-01-22,7375.1,7382.1,7370.85,7382.1,10:20:00,7344.020240470607,4,14
2016-01-22,7370.75,7377.65,7370.5,7375.65,10:25:00,7346.565931854359,4,15
2016-01-22,7385.0,7385.85,7370.6,7370.85,10:30:00,7350.226319296801,4,16
2016-01-22,7385.5,7387.6,7382.85,7385.25,10:35:00,7353.585717459011,4,17
2016-01-22,7388.1,7390.7,7384.95,7385.35,10:40:00,7356.872791986724,4,18
2016-01-22,7386.7,7391.2,7381.65,7387.75,10:45:00,7359.713478464179,4,19
2016-01-22,7390.8,7393.5,7385.05,7386.15,10:50:00,7362.674099562829,4,20
2016-01-22,7395.05,7397.55,7390.6,7390.9,10:55:00,7365.7575186520835,4,21
2016-01-22,7407.1,7410.3,7394.95,7395.35,11:00:00,7369.694897828075,4,22
2016-01-22,7405.3,7407.85,7400.85,7407.25,11:05:00,7373.085859939687,4,23
2016-01-22,7400.8,7408.1,7398.9,7405.35,11:10:00,7375.725301850192,4,24
2016-01-22,7398.15,7400.35,7392.7,7400.35,11:15:00,7377.860987388269,4,25
2016-01-22,7406.3,7406.3,7397.65,7398.4,11:20:00,7380.569464779863,4,26
2016-01-22,7409.1,7410.8,7402.3,7406.1,11:25:00,7383.286658610352,4,27
2016-01-22,7407.45,7414.55,7407.45,7409.35,11:30:00,7385.587929218889,4,28
2016-01-22,7408.0,7412.55,7404.7,7407.3,11:35:00,7387.722412150423,4,29
2016-01-22,7404.15,7410.8,7402.95,7407.9,11:40:00,7389.286944326573,4,30
2016-01-22,7395.0,7405.3,7393.6,7403.75,11:45:00,7389.8310448669,4,31
2016-01-22,7398.4,7398.55,7393.9,7395.3,11:50:00,7390.647135831958,4,32
2016-01-22,7404.45,7404.45,7397.35,7397.65,11:55:00,7391.961694324153,4,33
2016-01-22,7407.75,7410.45,7404.7,7405.05,12:00:00,7393.465342483757,4,34
2016-01-22,7411.8,7414.3,7407.4,7408.1,12:05:00,7395.211500342447,4,35
2016-01-22,7411.2,7412.3,7408.05,7411.75,12:10:00,7396.734214595547,4,36
2016-01-22,7416.0,7416.0,7411.15,7411.85,12:15:00,7398.569051300734,4,37
2016-01-22,7419.6,7421.4,7414.8,7415.45,12:20:00,7400.571998795902,4,38
2016-01-22,7415.65,7419.65,7414.7,7419.4,12:25:00,7402.007998910578,4,39
2016-01-22,7414.2,7415.7,7410.6,7415.7,12:30:00,7403.169141871475,4,40
2016-01-22,7419.6,7419.85,7411.85,7414.35,12:35:00,7404.733985502763,4,41
2016-01-22,7416.2,7421.4,7416.0,7419.3,12:40:00,7405.825986883452,4,42
2016-01-22,7413.85,7417.15,7412.8,7415.7,12:45:00,7406.590178608837,4,43
2016-01-22,7407.2,7414.05,7406.55,7413.6,12:50:00,7406.648256836566,4,44
2016-01-22,7409.1,7409.9,7405.65,7407.4,12:55:00,7406.881756185465,4,45
2016-01-22,7414.75,7414.9,7408.8,7408.8,13:00:00,7407.63111273923,4,46
2016-01-22,7412.3,7414.95,7408.75,7414.95,13:05:00,7408.075768668828,4,47
2016-01-22,7413.75,7417.55,7410.1,7412.2,13:10:00,7408.616171652749,4,48
2016-01-22,7403.7,7415.05,7402.4,7413.7,13:15:00,7408.147964828678,4,49
2016-01-22,7407.95,7410.4,7402.65,7403.95,13:20:00,7408.1291110354705,4,50
2016-01-22,7408.35,7409.3,7404.1,7407.85,13:25:00,7408.150148079711,4,51
2016-01-22,7413.55,7413.7,7404.8,7408.8,13:30:00,7408.664419691167,4,52
2016-01-22,7421.6,7428.5,7413.3,7413.4,13:35:00,7409.89637972058,4,53
2016-01-22,7418.85,7426.65,7418.25,7421.85,13:40:00,7410.749105461477,4,54
2016-01-22,7413.3,7422.5,7409.75,7419.1,13:45:00,7410.992047798479,4,55
2016-01-22,7404.7,7415.65,7403.45,7413.65,13:50:00,7410.392805151005,4,56
2016-01-22,7412.25,7412.4,7401.75,7404.5,13:55:00,7410.569680850909,4,57
2016-01-22,7415.15,7416.45,7408.4,7413.15,14:00:00,7411.005901722251,4,58
2016-01-22,7408.7,7417.05,7407.2,7415.0,14:05:00,7410.786292034417,4,59
2016-01-22,7406.35,7411.45,7398.35,7408.75,14:10:00,7410.363788031139,4,60
2016-01-22,7420.05,7423.2,7405.85,7408.15,14:15:00,7411.286284409126,4,61
2016-01-22,7418.2,7423.65,7416.65,7421.35,14:20:00,7411.944733513019,4,62
2016-01-22,7417.0,7421.1,7413.8,7420.2,14:25:00,7412.42618746416,4,63
2016-01-22,7427.65,7428.15,7416.4,7418.7,14:30:00,7413.876074372335,4,64
2016-01-22,7428.0,7433.4,7425.2,7429.55,14:35:00,7415.221210146398,4,65
2016-01-22,7425.6,7430.35,7423.15,7430.35,14:40:00,7416.209666322931,4,66
2016-01-22,7422.35,7427.35,7421.25,7425.45,14:45:00,7416.794460006461,4,67
2016-01-22,7427.7,7428.45,7421.5,7422.45,14:50:00,7417.833082862989,4,68
2016-01-22,7428.3,7429.35,7425.75,7428.15,14:55:00,7418.829932114132,4,69
2016-01-22,7426.0,7428.8,7423.6,7428.4,15:00:00,7419.51279572231,4,70
2016-01-22,7420.45,7425.95,7415.35,7425.95,15:05:00,7419.602053272566,4,71
2016-01-22,7423.5,7431.0,7418.65,7420.35,15:10:00,7419.973286294226,4,72
2016-01-22,7419.6,7428.3,7419.4,7423.65,15:15:00,7419.937735218586,4,73
2016-01-22,7422.55,7422.65,7418.0,7420.15,15:20:00,7420.186522340626,4,74
2016-01-22,7422.9,7427.65,7422.1,7422.95,15:25:00,7420.444948784376,4,75
2016-01-25,7470.0,7471.8,7447.85,7468.15,09:15:00,7425.164477471579,0,1
2016-01-25,7467.95,7474.3,7463.6,7470.2,09:20:00,7429.239289140953,0,2
2016-01-25,7474.25,7474.3,7466.25,7467.7,09:25:00,7433.526023508481,0,3
2016-01-25,7479.15,7483.15,7474.45,7474.45,09:30:00,7437.871164126721,0,4
2016-01-25,7484.6,7486.2,7475.95,7479.25,09:35:00,7442.321529447986,0,5
2016-01-25,7483.75,7487.15,7481.55,7483.8,09:40:00,7446.267098071988,0,6
2016-01-25,7471.4,7485.25,7470.25,7483.45,09:45:00,7448.660707779418,0,7
2016-01-25,7470.9,7473.1,7467.35,7471.5,09:50:00,7450.77873560995,0,8
2016-01-25,7471.7,7472.65,7468.45,7471.7,09:55:00,7452.77123698043,0,9
2016-01-25,7481.3,7481.7,7471.75,7472.05,10:00:00,7455.488262029913,0,10
2016-01-25,7479.6,7482.3,7478.55,7481.25,10:05:00,7457.784618027064,0,11
2016-01-25,7475.5,7480.45,7471.3,7479.5,10:10:00,7459.471797262582,0,12
2016-01-25,7475.85,7478.55,7475.05,7475.45,10:15:00,7461.031626094717,0,13
2016-01-25,7470.8,7476.0,7469.7,7475.75,10:20:00,7461.96194741903,0,14
2016-01-25,7468.95,7473.0,7467.65,7471.05,10:25:00,7462.6274762362655,0,15
2016-01-25,7475.45,7475.7,7468.25,7468.8,10:30:00,7463.848668975668,0,16
2016-01-25,7476.3,7478.5,7473.9,7475.85,10:35:00,7465.034510025604,0,17
2016-01-25,7475.65,7479.75,7474.9,7476.45,10:40:00,7466.045509070785,0,18
2016-01-25,7476.05,7476.6,7473.95,7475.8,10:45:00,7466.998317730709,0,19
2016-01-25,7475.4,7477.45,7475.05,7476.15,10:50:00,7467.798477946832,0,20
2016-01-25,7476.15,7476.65,7473.6,7475.3,10:55:00,7468.593860999515,0,21
2016-01-25,7474.75,7478.95,7471.3,7476.6,11:00:00,7469.180159951942,0,22
2016-01-25,7465.65,7475.5,7458.7,7474.25,11:05:00,7468.843954242233,0,23
2016-01-25,7459.55,7465.85,7455.55,7465.85,11:10:00,7467.958815742973,0,24
2016-01-25,7454.8,7460.65,7449.1,7459.6,11:15:00,7466.705595196023,0,25
2016-01-25,7455.2,7458.1,7454.65,7454.7,11:20:00,7465.609824224973,0,26
2016-01-25,7460.75,7460.85,7454.9,7455.35,11:25:00,7465.146983822595,0,27
2016-01-25,7459.9,7463.35,7458.5,7461.25,11:30:00,7464.647271077585,0,28
2016-01-25,7460.1,7461.35,7458.55,7459.8,11:35:00,7464.214197641625,0,29
2016-01-25,7462.65,7462.65,7458.1,7459.95,11:40:00,7464.065226437661,0,30
2016-01-25,7458.0,7463.05,7456.35,7462.75,11:45:00,7463.4875858245505,0,31
2016-01-25,7456.2,7459.1,7455.95,7458.7,11:50:00,7462.793530031737,0,32
2016-01-25,7458.65,7458.7,7454.6,7456.6,11:55:00,7462.398908123952,0,33
2016-01-25,7464.3,7464.3,7458.25,7458.35,12:00:00,7462.579964493099,0,34
2016-01-25,7462.05,7465.05,7460.75,7464.2,12:05:00,7462.529491684233,0,35
2016-01-25,7463.9,7464.95,7461.75,7462.2,12:10:00,7462.660016285734,0,36
2016-01-25,7462.85,7464.3,7462.25,7464.25,12:15:00,7462.678109972807,0,37
2016-01-25,7462.25,7463.35,7460.0,7462.7,12:20:00,7462.637337594444,0,38
2016-01-25,7464.15,7466.15,7462.2,7462.4,12:25:00,7462.781400680687,0,39
2016-01-25,7463.5,7464.9,7462.2,7464.25,12:30:00,7462.849838711098,0,40
2016-01-25,7464.6,7466.1,7462.75,7463.9,12:35:00,7463.016520738613,0,41
2016-01-25,7459.8,7465.6,7459.7,7464.85,12:40:00,7462.710185430174,0,42
2016-01-25,7452.85,7460.05,7452.45,7459.75,12:45:00,7461.77112015111,0,43
2016-01-25,7458.0,7458.25,7450.85,7453.0,12:50:00,7461.411965851004,0,44
2016-01-25,7455.2,7458.4,7451.2,7458.15,12:55:00,7460.82035005567,0,45
2016-01-25,7459.25,7459.8,7453.75,7455.5,13:00:00,7460.670792907511,0,46
2016-01-25,7455.25,7459.95,7453.2,7459.3,13:05:00,7460.154526916319,0,47
2016-01-25,7452.5,7456.05,7452.5,7455.45,13:10:00,7459.42552435286,0,48
2016-01-25,7453.75,7456.3,7451.85,7452.8,13:15:00,7458.884998224015,0,49
2016-01-25,7461.1,7461.35,7453.4,7454.25,13:20:00,7459.095950774109,0,50
2016-01-25,7459.15,7461.4,7458.7,7461.4,13:25:00,7459.101098319432,0,51
2016-01-25,7457.7,7459.0,7452.85,7459.0,13:30:00,7458.967660384248,0,52
2016-01-25,7457.0,7459.15,7450.4,7457.95,13:35:00,7458.780264157177,0,53
2016-01-25,7449.8,7457.9,7447.1,7457.3,13:40:00,7457.925000904112,0,54
2016-01-25,7437.8,7450.55,7435.7,7450.4,13:45:00,7456.00833415134,0,55
2016-01-25,7429.2,7438.65,7425.3,7437.85,13:50:00,7453.455159470261,0,56
2016-01-25,7421.9,7434.8,7421.9,7429.45,13:55:00,7450.449906187379,0,57
2016-01-25,7432.7,7433.9,7421.2,7421.45,14:00:00,7448.759438931438,0,58
2016-01-25,7434.45,7438.05,7429.2,7432.85,14:05:00,7447.396635223682,0,59
2016-01-25,7434.95,7437.25,7431.0,7434.5,14:10:00,7446.211241392855,0,60
2016-01-25,7429.0,7436.65,7426.75,7435.55,14:15:00,7444.572075545916,0,61
2016-01-25,7438.85,7438.85,7428.8,7428.8,14:20:00,7444.027115970114,0,62
2016-01-25,7447.25,7451.15,7438.9,7438.95,14:25:00,7444.334057306293,0,63
2016-01-25,7435.0,7451.3,7433.2,7447.2,14:30:00,7443.445099467599,0,64
2016-01-25,7438.2,7439.2,7430.85,7435.4,14:35:00,7442.945566184971,0,65
2016-01-25,7442.0,7447.45,7438.65,7438.65,14:40:00,7442.855512262592,0,66
2016-01-25,7440.15,7443.9,7436.7,7442.45,14:45:00,7442.597844428059,0,67
2016-01-25,7434.45,7440.2,7429.85,7440.1,14:50:00,7441.821859244435,0,68
2016-01-25,7438.25,7438.85,7433.35,7434.25,14:55:00,7441.481682173536,0,69
2016-01-25,7434.25,7439.1,7428.65,7438.65,15:00:00,7440.792950537961,0,70
2016-01-25,7434.9,7437.9,7433.35,7434.3,15:05:00,7440.231717153392,0,71
2016-01-25,7435.7,7441.5,7432.05,7434.6,15:10:00,7439.800125043544,0,72
2016-01-25,7441.0,7441.3,7432.45,7435.9,15:15:00,7439.914398848921,0,73
2016-01-25,7437.5,7441.6,7437.3,7440.75,15:20:00,7439.684456101405,0,74
2016-01-25,7436.4,7438.05,7434.05,7437.45,15:25:00,7439.371650758414,0,75
2016-01-27,7438.65,7475.85,7429.8,7469.4,09:15:00,7439.302922114755,2,1
2016-01-27,7430.8,7439.3,7426.3,7438.2,09:20:00,7438.493120008588,2,2
2016-01-27,7435.5,7437.4,7424.65,7430.75,09:25:00,7438.208060960152,2,3
2016-01-27,7432.05,7435.85,7428.85,7435.65,09:30:00,7437.621578963946,2,4
2016-01-27,7425.65,7434.65,7423.65,7431.7,09:35:00,7436.481428586428,2,5
2016-01-27,7422.8,7425.6,7419.7,7425.6,09:40:00,7435.17843538772,2,6
2016-01-27,7433.6,7434.9,7421.45,7422.45,09:45:00,7435.028108207937,2,7
2016-01-27,7429.45,7435.75,7429.4,7433.85,09:50:00,7434.496859807181,2,8
2016-01-27,7427.8,7431.65,7426.3,7429.2,09:55:00,7433.859063635069,2,9
2016-01-27,7443.9,7444.15,7427.15,7427.55,10:00:00,7434.815343288872,2,10
2016-01-27,7440.3,7448.5,7439.0,7443.75,10:05:00,7435.337691547075,2,11
2016-01-27,7440.55,7443.8,7438.9,7440.35,10:10:00,7435.834101875926,2,12
2016-01-27,7435.75,7441.35,7433.5,7440.7,10:15:00,7435.826092173457,2,13
2016-01-27,7433.75,7439.35,7433.75,7435.7,10:20:00,7435.628369109319,2,14
2016-01-27,7436.9,7437.5,7432.45,7433.7,10:25:00,7435.749476813193,2,15
2016-01-27,7439.0,7441.35,7436.35,7436.55,10:30:00,7436.059050450032,2,16
2016-01-27,7433.05,7440.9,7429.8,7439.35,10:35:00,7435.772474216696,2,17
2016-01-27,7432.0,7437.6,7430.9,7433.3,10:40:00,7435.413190957963,2,18
2016-01-27,7435.75,7437.75,7430.75,7432.1,10:45:00,7435.445268009586,2,19
2016-01-27,7439.4,7440.3,7435.4,7436.05,10:50:00,7435.821909151529,2,20
2016-01-27,7443.85,7444.55,7437.95,7439.7,10:55:00,7436.586489232336,2,21
2016-01-27,7440.4,7445.45,7440.0,7444.0,11:00:00,7436.949680734018,2,22
2016-01-27,7443.0,7445.0,7438.2,7440.3,11:05:00,7437.525901616493,2,23
2016-01-27,7440.6,7443.6,7436.5,7442.9,11:10:00,7437.818672891112,2,24
2016-01-27,7441.25,7443.65,7440.1,7440.2,11:15:00,7438.145465949102,2,25
2016-01-27,7438.5,7441.5,7438.25,7441.05,11:20:00,7438.179231096807,2,26
2016-01-27,7436.4,7438.6,7435.7,7438.6,11:25:00,7438.009780516159,2,27
2016-01-27,7441.75,7442.0,7435.9,7435.9,11:30:00,7438.365991895572,2,28
2016-01-27,7437.75,7442.7,7436.75,7441.8,11:35:00,7438.307326000756,2,29
2016-01-27,7436.2,7439.25,7433.1,7437.55,11:40:00,7438.106628286398,2,30
2016-01-27,7443.5,7445.1,7435.45,7435.75,11:45:00,7438.620282735312,2,31
2016-01-27,7440.15,7443.25,7438.65,7443.25,11:50:00,7438.765970093853,2,32
2016-01-27,7445.3,7445.5,7439.0,7440.0,11:55:00,7439.388258656343,2,33
2016-01-27,7455.7,7457.05,7445.05,7445.15,12:00:00,7440.94175783193,2,34
2016-01-27,7459.45,7460.5,7455.4,7455.4,12:05:00,7442.704447562222,2,35
2016-01-27,7463.85,7466.35,7456.45,7459.3,12:10:00,7444.718309699154,2,36
2016-01-27,7468.35,7470.75,7463.55,7463.55,12:15:00,7446.968946870663,2,37
2016-01-27,7469.5,7469.85,7464.5,7468.15,12:20:00,7449.114761454409,2,38
2016-01-27,7469.8,7475.55,7468.9,7469.05,12:25:00,7451.084784173037,2,39
2016-01-27,7472.15,7474.15,7468.2,7469.9,12:30:00,7453.090995204177,2,40
2016-01-27,7474.85,7477.45,7471.1,7472.4,12:35:00,7455.163281375208,2,41
2016-01-27,7469.5,7477.9,7469.5,7474.7,12:40:00,7456.528683148997,2,42
2016-01-27,7464.7,7469.75,7464.65,7469.35,12:45:00,7457.306903801475,2,43
2016-01-27,7464.0,7465.3,7462.6,7464.35,12:50:00,7457.944341534668,2,44
2016-01-27,7468.4,7469.1,7463.2,7463.55,12:55:00,7458.940118531365,2,45
2016-01-27,7460.25,7468.45,7459.7,7467.9,13:00:00,7459.064869147426,2,46
2016-01-27,7460.2,7461.45,7457.75,7460.55,13:05:00,7459.172976847672,2,47
2016-01-27,7463.5,7464.05,7459.65,7459.9,13:10:00,7459.5850742907505,2,48
2016-01-27,7460.3,7464.0,7459.9,7463.6,13:15:00,7459.653162453536,2,49
2016-01-27,7458.75,7460.1,7457.15,7460.05,13:20:00,7459.567146981772,2,50
2016-01-27,7451.95,7460.85,7447.75,7458.7,13:25:00,7458.841704412079,2,51
2016-01-27,7450.6,7455.85,7449.3,7451.8,13:30:00,7458.056780182357,2,52
2016-01-27,7443.1,7450.45,7439.75,7450.4,13:35:00,7456.632324926894,2,53
2016-01-27,7441.85,7446.45,7440.8,7442.8,13:40:00,7455.224484457666,2,54
2016-01-27,7435.05,7442.05,7433.8,7442.05,13:45:00,7453.303104985508,2,55
2016-01-27,7434.3,7435.7,7422.55,7435.2,13:50:00,7451.493285463079,2,56
2016-01-27,7434.75,7438.1,7433.65,7434.05,13:55:00,7449.898686847548,2,57
2016-01-27,7441.95,7446.1,7434.5,7434.6,14:00:00,7449.141669052543,2,58
2016-01-27,7442.5,7443.65,7438.85,7441.9,14:05:00,7448.509129142777,2,59
2016-01-27,7450.1,7451.45,7442.05,7442.15,14:10:00,7448.660640652988,2,60
2016-01-27,7446.5,7453.75,7446.0,7450.25,14:15:00,7448.454865352704,2,61
2016-01-27,7443.2,7448.15,7442.95,7446.6,14:20:00,7447.954401985779,2,62
2016-01-27,7442.25,7446.0,7440.0,7442.8,14:25:00,7447.411125606181,2,63
2016-01-27,7444.0,7447.3,7439.7,7442.1,14:30:00,7447.08625650083,2,64
2016-01-27,7445.1,7446.35,7441.85,7444.15,14:35:00,7446.897089215037,2,65
2016-01-27,7449.0,7451.4,7443.65,7444.7,14:40:00,7447.097366432653,2,66
2016-01-27,7447.6,7453.1,7447.3,7449.35,14:45:00,7447.14523629621,2,67
2016-01-27,7449.95,7451.8,7447.15,7447.25,14:50:00,7447.412356648952,2,68
2016-01-27,7443.55,7454.75,7443.55,7451.15,14:55:00,7447.044513158575,2,69
2016-01-27,7439.65,7447.1,7436.35,7443.15,15:00:00,7446.3402738101395,2,70
2016-01-27,7436.6,7441.0,7434.3,7439.5,15:05:00,7445.412628685364,2,71
2016-01-27,7437.95,7442.7,7434.75,7436.75,15:10:00,7444.701902143901,2,72
2016-01-27,7439.8,7441.35,7437.4,7438.05,15:15:00,7444.235054320672,2,73
2016-01-27,7436.15,7440.25,7434.9,7440.05,15:20:00,7443.465049147275,2,74
2016-01-27,7431.35,7436.4,7428.7,7435.9,15:25:00,7442.311234942773,2,75
2016-01-28,7441.3,7441.3,7409.6,7424.0,09:15:00,7442.214926852985,3,1
2016-01-28,7434.9,7446.8,7434.9,7441.1,09:20:00,7441.5182671527,3,2
2016-01-28,7441.75,7442.3,7434.65,7435.8,09:25:00,7441.540336947681,3,3
2016-01-28,7434.45,7442.65,7434.25,7441.5,09:30:00,7440.865066762188,3,4
2016-01-28,7433.05,7435.95,7430.4,7434.5,09:35:00,7440.120774689598,3,5
2016-01-28,7438.55,7439.05,7430.1,7433.15,09:40:00,7439.971177100113,3,6
2016-01-28,7438.65,7442.55,7436.6,7438.7,09:45:00,7439.845350709626,3,7
2016-01-28,7433.9,7439.45,7433.55,7438.55,09:50:00,7439.279126832518,3,8
2016-01-28,7435.1,7436.3,7433.35,7433.55,09:55:00,7438.881114753231,3,9
2016-01-28,7431.85,7435.0,7431.6,7435.0,10:00:00,7438.211484776733,3,10
2016-01-28,7424.4,7433.1,7424.2,7431.75,10:05:00,7436.896105274187,3,11
2016-01-28,7431.0,7432.0,7424.0,7424.15,10:10:00,7436.33457143855,3,12
2016-01-28,7429.85,7431.1,7428.25,7430.8,10:15:00,7435.716993206307,3,13
2016-01-28,7433.0,7434.55,7429.25,7430.0,10:20:00,7435.4582319485635,3,14
2016-01-28,7439.1,7440.0,7433.25,7433.7,10:25:00,7435.805067001082,3,15
2016-01-28,7444.45,7447.35,7438.95,7439.15,10:30:00,7436.62839395336,3,16
2016-01-28,7441.55,7446.25,7441.3,7444.5,10:35:00,7437.097118338754,3,17
2016-01-28,7442.05,7442.3,7438.5,7441.35,10:40:00,7437.568821354111,3,18
2016-01-28,7440.85,7443.15,7440.35,7442.1,10:45:00,7437.881314558481,3,19
2016-01-28,7438.65,7441.5,7438.1,7441.15,10:50:00,7437.954522695768,3,20
2016-01-28,7440.0,7442.15,7438.45,7438.7,10:55:00,7438.149330058076,3,21
2016-01-28,7444.2,7444.85,7439.1,7439.85,11:00:00,7438.725584338259,3,22
2016-01-28,7443.7,7444.85,7441.45,7444.0,11:05:00,7439.199338210806,3,23
2016-01-28,7441.65,7443.65,7440.5,7443.6,11:10:00,7439.432734571682,3,24
2016-01-28,7441.15,7442.1,7440.0,7441.6,11:15:00,7439.596283660093,3,25
2016-01-28,7441.1,7442.05,7438.55,7440.8,11:20:00,7439.739494740084,3,26
2016-01-28,7438.65,7441.0,7436.65,7441.0,11:25:00,7439.635733336267,3,27
2016-01-28,7437.05,7438.75,7435.0,7438.45,11:30:00,7439.389473018527,3,28
2016-01-28,7437.4,7437.8,7434.9,7437.0,11:35:00,7439.199999397715,3,29
2016-01-28,7438.3,7440.05,7436.7,7437.1,11:40:00,7439.114285169362,3,30
2016-01-28,7437.95,7439.45,7437.05,7437.95,11:45:00,7439.003400867518,3,31
2016-01-28,7435.1,7437.7,7434.2,7437.65,11:50:00,7438.631648403945,3,32
2016-01-28,7431.55,7436.0,7431.05,7434.65,11:55:00,7437.957205698807,3,33
2016-01-28,7434.95,7435.15,7430.05,7431.4,12:00:00,7437.670805156064,3,34
2016-01-28,7431.9,7435.6,7430.0,7435.2,12:05:00,7437.12120466501,3,35
2016-01-28,7428.05,7434.25,7427.95,7431.85,12:10:00,7436.2572804112,3,36
2016-01-28,7425.45,7429.05,7423.65,7427.4,12:15:00,7435.228015610133,3,37
2016-01-28,7429.25,7429.5,7424.55,7425.6,12:20:00,7434.658680790121,3,38
2016-01-28,7429.3,7430.75,7426.65,7428.6,12:25:00,7434.148330238681,3,39
2016-01-28,7429.6,7431.4,7428.2,7429.0,12:30:00,7433.715155930236,3,40
2016-01-28,7430.8,7431.2,7427.9,7429.55,12:35:00,7433.437522032118,3,41
2016-01-28,7433.4,7434.95,7430.55,7430.7,12:40:00,7433.43394850525,3,42
2016-01-28,7430.65,7434.15,7429.9,7433.8,12:45:00,7433.168810552369,3,43
2016-01-28,7435.55,7436.15,7430.5,7430.5,12:50:00,7433.395590499762,3,44
2016-01-28,7438.65,7440.55,7435.35,7435.7,12:55:00,7433.896010452166,3,45
2016-01-28,7435.9,7439.8,7434.7,7439.05,13:00:00,7434.086866599579,3,46
2016-01-28,7435.45,7436.95,7433.0,7435.8,13:05:00,7434.21668882819,3,47
2016-01-28,7436.4,7438.35,7434.05,7435.35,13:10:00,7434.4246232255055,3,48
2016-01-28,7438.4,7438.8,7434.1,7436.15,13:15:00,7434.803230537363,3,49
2016-01-28,7445.65,7445.65,7438.4,7438.7,13:20:00,7435.836256200471,3,50
2016-01-28,7450.1,7451.9,7445.45,7445.45,13:25:00,7437.194707990902,3,51
2016-01-28,7444.65,7451.75,7443.75,7450.05,13:30:00,7437.904735801292,3,52
2016-01-28,7447.55,7449.4,7442.45,7444.75,13:35:00,7438.823332391646,3,53
2016-01-28,7453.35,7454.45,7446.45,7447.5,13:40:00,7440.206824544823,3,54
2016-01-28,7452.1,7454.2,7451.05,7453.5,13:45:00,7441.339507921507,3,55
2016-01-28,7454.6,7456.65,7449.45,7452.35,13:50:00,7442.602411928982,3,56
2016-01-28,7453.8,7461.6,7453.6,7454.1,13:55:00,7443.668848888126,3,57
2016-01-28,7455.75,7458.9,7452.95,7453.7,14:00:00,7444.819434708304,3,58
2016-01-28,7454.6,7459.35,7452.6,7456.2,14:05:00,7445.750917117037,3,59
2016-01-28,7461.45,7463.45,7453.3,7454.95,14:10:00,7447.246067867795,3,60
2016-01-28,7462.65,7468.85,7460.45,7461.35,14:15:00,7448.713109023243,3,61
2016-01-28,7463.25,7466.3,7461.4,7465.45,14:20:00,7450.097574830554,3,62
2016-01-28,7454.25,7465.5,7449.45,7463.6,14:25:00,7450.49304389431,3,63
2016-01-28,7457.2,7461.25,7454.75,7454.9,14:30:00,7451.131801618661,3,64
2016-01-28,7450.6,7457.65,7450.6,7456.75,14:35:00,7451.081153845455,3,65
2016-01-28,7452.5,7455.7,7450.75,7450.75,14:40:00,7451.21628205065,3,66
2016-01-28,7449.0,7454.1,7447.9,7452.8,14:45:00,7451.005207569636,3,67
2016-01-28,7455.95,7456.95,7449.0,7449.25,14:50:00,7451.4761401820515,3,68
2016-01-28,7464.6,7465.2,7454.45,7455.9,14:55:00,7452.726031593285,3,69
2016-01-28,7430.1,7464.45,7429.35,7464.4,15:00:00,7450.571171441544,3,70
2016-01-28,7424.2,7430.9,7420.35,7430.3,15:05:00,7448.059631304254,3,71
2016-01-28,7422.3,7428.25,7421.05,7423.75,15:10:00,7445.606333084801,3,72
2016-01-28,7420.2,7422.75,7417.15,7421.95,15:15:00,7443.18668231482,3,73
2016-01-28,7422.45,7425.5,7419.3,7419.3,15:20:00,7441.211760189599,3,74
2016-01-28,7426.6,7427.8,7419.9,7422.2,15:25:00,7439.820163981066,3,75
2016-01-29,7469.45,7476.35,7402.8,7404.5,09:15:00,7442.642053125726,4,1
2016-01-29,7460.05,7479.0,7457.0,7470.3,09:20:00,7444.299952828039,4,2
2016-01-29,7471.45,7472.4,7458.3,7459.6,09:25:00,7446.885671606321,4,3
2016-01-29,7475.6,7479.45,7471.45,7472.05,09:30:00,7449.620369548576,4,4
2016-01-29,7459.25,7476.6,7457.1,7475.1,09:35:00,7450.537477210615,4,5
2016-01-29,7450.9,7460.7,7447.25,7458.9,09:40:00,7450.572003190557,4,6
2016-01-29,7454.25,7455.5,7444.85,7450.65,09:45:00,7450.92228860098,4,7
2016-01-29,7457.8,7457.95,7448.55,7454.05,09:50:00,7451.57730873422,4,8
2016-01-29,7461.15,7462.3,7453.8,7457.65,09:55:00,7452.4889936166755,4,9
2016-01-29,7449.4,7461.9,7447.75,7460.8,10:00:00,7452.194803748421,4,10
2016-01-29,7448.45,7454.25,7446.25,7449.2,10:05:00,7451.838155772381,4,11
2016-01-29,7455.45,7455.7,7447.35,7448.65,10:10:00,7452.182140936916,4,12
2016-01-29,7453.3,7459.05,7449.75,7455.2,10:15:00,7452.288603704828,4,13
2016-01-29,7462.2,7462.45,7452.7,7453.05,10:20:00,7453.23254620913,4,14
2016-01-29,7454.55,7462.55,7454.45,7462.25,10:25:00,7453.358017998737,4,15
2016-01-29,7453.8,7457.5,7453.4,7454.35,10:30:00,7453.400111522666,4,16
2016-01-29,7447.65,7453.95,7445.85,7453.6,10:35:00,7452.852481853842,4,17
2016-01-29,7451.9,7455.05,7447.25,7447.6,10:40:00,7452.761769296333,4,18
2016-01-29,7455.15,7456.45,7450.95,7451.7,10:45:00,7452.989219839539,4,19
2016-01-29,7463.2,7463.3,7454.8,7454.8,10:50:00,7453.961675092916,4,20
2016-01-29,7461.05,7464.0,7457.6,7463.4,10:55:00,7454.636753655495,4,21
2016-01-29,7465.4,7465.4,7458.1,7461.25,11:00:00,7455.661824735925,4,22
2016-01-29,7469.55,7473.5,7465.3,7465.55,11:05:00,7456.984508094408,4,23
2016-01-29,7486.95,7488.05,7469.0,7469.45,11:10:00,7459.838364466369,4,24
2016-01-29,7486.35,7491.95,7481.3,7486.5,11:15:00,7462.363282136239,4,25
2016-01-29,7495.5,7497.65,7484.7,7486.55,11:20:00,7465.519160028026,4,26
2016-01-29,7490.25,7496.7,7489.85,7495.55,11:25:00,7467.874478120595,4,27
2016-01-29,7493.4,7495.75,7490.35,7490.7,11:30:00,7470.305480204347,4,28
2016-01-29,7497.95,7501.4,7493.45,7493.6,11:35:00,7472.938291613456,4,29
2016-01-29,7497.5,7501.45,7496.6,7498.05,11:40:00,7475.277501935984,4,30
2016-01-29,7501.7,7506.3,7496.25,7497.45,11:45:00,7477.793930323033,4,31
2016-01-29,7494.9,7503.1,7492.45,7501.65,11:50:00,7479.423079816078,4,32
2016-01-29,7501.95,7504.3,7494.3,7494.95,11:55:00,7481.568500785976,4,33
2016-01-29,7503.55,7503.85,7500.05,7502.1,12:00:00,7483.661976901597,4,34
2016-01-29,7502.7,7510.85,7501.4,7503.65,12:05:00,7485.475121958588,4,35
2016-01-29,7511.5,7513.85,7501.05,7503.1,12:10:00,7487.953681772055,4,36
2016-01-29,7517.9,7519.85,7511.35,7511.45,12:15:00,7490.805712079479,4,37
2016-01-29,7521.0,7523.35,7514.45,7517.35,12:20:00,7493.6813585480995,4,38
2016-01-29,7514.9,7520.7,7514.05,7520.7,12:25:00,7495.702181543518,4,39
2016-01-29,7508.25,7515.6,7506.8,7515.0,12:30:00,7496.897211872707,4,40
2016-01-29,7508.2,7509.15,7506.0,7508.4,12:35:00,7497.97366788483,4,41
2016-01-29,7513.1,7513.5,7506.65,7507.85,12:40:00,7499.414270943418,4,42
2016-01-29,7512.1,7513.45,7509.3,7512.95,12:45:00,7500.6224356154735,4,43
2016-01-29,7513.1,7516.6,7510.9,7512.95,12:50:00,7501.810775080667,4,44
2016-01-29,7516.1,7516.35,7510.95,7512.95,12:55:00,7503.171653644413,4,45
2016-01-29,7516.95,7517.15,7508.9,7515.75,13:00:00,7504.483877106849,4,46
2016-01-29,7512.55,7518.8,7510.2,7517.3,13:05:00,7505.252079287149,4,47
2016-01-29,7519.65,7519.9,7512.2,7512.75,13:10:00,7506.62330983123,4,48
2016-01-29,7515.6,7519.9,7512.6,7519.85,13:15:00,7507.478232704446,4,49
2016-01-29,7514.9,7517.05,7510.7,7515.35,13:20:00,7508.1850676849745,4,50
2016-01-29,7524.1,7525.65,7514.5,7514.5,13:25:00,7509.7007755245,4,51
2016-01-29,7529.95,7532.6,7519.9,7523.8,13:30:00,7511.629273093596,4,52
2016-01-29,7534.95,7535.4,7525.85,7529.7,13:35:00,7513.85029470373,4,53
2016-01-29,7529.8,7536.05,7529.3,7534.6,13:40:00,7515.369314255755,4,54
2016-01-29,7532.5,7532.6,7527.25,7529.35,13:45:00,7517.000808136159,4,55
2016-01-29,7521.05,7537.05,7517.45,7532.3,13:50:00,7517.386445456525,4,56
2016-01-29,7530.5,7530.85,7520.65,7520.65,13:55:00,7518.635355413046,4,57
2016-01-29,7538.15,7538.15,7529.05,7530.8,14:00:00,7520.493892992757,4,58
2016-01-29,7532.8,7539.15,7532.2,7536.95,14:05:00,7521.665903183923,4,59
2016-01-29,7533.4,7536.7,7531.95,7532.65,14:10:00,7522.783436214025,4,60
2016-01-29,7528.7,7536.65,7526.55,7533.75,14:15:00,7523.346918479356,4,61
2016-01-29,7527.1,7536.5,7524.9,7528.9,14:20:00,7523.704354814656,4,62
2016-01-29,7530.9,7534.8,7525.85,7526.6,14:25:00,7524.389654356118,4,63
2016-01-29,7535.45,7535.8,7530.05,7530.45,14:30:00,7525.443020607916,4,64
2016-01-29,7546.1,7548.6,7535.3,7535.6,14:35:00,7527.410351978591,4,65
2016-01-29,7540.15,7548.95,7538.95,7546.3,14:40:00,7528.623651790154,4,66
2016-01-29,7541.4,7546.65,7537.35,7539.9,14:45:00,7529.840446857759,4,67
2016-01-29,7537.95,7545.95,7537.1,7541.5,14:50:00,7530.612785252258,4,68
2016-01-29,7535.1,7540.8,7535.1,7537.65,14:55:00,7531.040139037757,4,69
2016-01-29,7556.45,7556.85,7534.55,7534.85,15:00:00,7533.460125796066,4,70
2016-01-29,7560.7,7561.95,7555.75,7557.1,15:05:00,7536.054399529774,4,71
2016-01-29,7568.15,7569.2,7557.45,7561.05,15:10:00,7539.111123384081,4,72
2016-01-29,7564.45,7575.65,7564.45,7568.0,15:15:00,7541.524349728455,4,73
2016-01-29,7566.25,7567.35,7561.55,7564.5,15:20:00,7543.879173563841,4,74
2016-01-29,7559.4,7568.05,7551.4,7566.45,15:25:00,7545.357347510141,4,75
2016-02-01,7574.4,7592.35,7567.3,7587.45,09:15:00,7548.123314413937,0,1
2016-02-01,7565.25,7574.25,7556.8,7574.25,09:20:00,7549.754427326895,0,2
2016-02-01,7566.05,7571.95,7562.5,7565.85,09:25:00,7551.306386629095,0,3
2016-02-01,7574.7,7580.85,7566.5,7566.65,09:30:00,7553.534349807276,0,4
2016-02-01,7571.85,7579.9,7571.3,7574.15,09:35:00,7555.278697444678,0,5
2016-02-01,7565.7,7573.3,7565.7,7571.75,09:40:00,7556.271202449947,0,6
2016-02-01,7573.75,7574.2,7559.95,7565.4,09:45:00,7557.935849835666,0,7
2016-02-01,7573.9,7577.7,7569.6,7573.6,09:50:00,7559.456245089412,0,8
2016-02-01,7577.45,7581.9,7573.5,7574.15,09:55:00,7561.169936033277,0,9
2016-02-01,7585.85,7591.7,7574.5,7576.85,10:00:00,7563.520418315821,0,10
2016-02-01,7583.4,7591.55,7583.0,7586.25,10:05:00,7565.413711809553,0,11
2016-02-01,7581.25,7585.55,7578.05,7583.0,10:10:00,7566.921929732453,0,12
2016-02-01,7583.35,7585.25,7579.75,7581.45,10:15:00,7568.486507853172,0,13
2016-02-01,7594.85,7595.65,7581.5,7583.3,10:20:00,7570.99731662906,0,14
2016-02-01,7595.85,7598.25,7593.4,7594.8,10:25:00,7573.364238854864,0,15
2016-02-01,7598.25,7600.45,7592.65,7595.4,10:30:00,7575.734311344877,0,16
2016-02-01,7597.65,7598.95,7594.85,7597.65,10:35:00,7577.821519788222,0,17
2016-02-01,7587.25,7597.7,7586.5,7597.7,10:40:00,7578.719470284581,0,18
2016-02-01,7585.55,7588.2,7581.9,7587.4,10:45:00,7579.369996924144,0,19
2016-02-01,7587.05,7588.65,7583.25,7585.15,10:50:00,7580.101425788512,0,20
2016-02-01,7590.2,7593.1,7584.95,7586.9,10:55:00,7581.063194761034,0,21
2016-02-01,7591.1,7594.65,7589.45,7590.4,11:00:00,7582.019080974269,0,22
2016-02-01,7585.75,7591.8,7583.95,7590.8,11:05:00,7582.374406595767,0,23
2016-02-01,7581.9,7590.9,7580.75,7585.95,11:10:00,7582.329225015217,0,24
2016-02-01,7578.45,7582.95,7570.2,7582.1,11:15:00,7581.959775013768,0,25
2016-02-01,7584.55,7587.95,7578.6,7578.6,11:20:00,7582.206463107695,0,26
2016-02-01,7586.9,7590.65,7584.55,7584.75,11:25:00,7582.653466621247,0,27
2016-02-01,7587.8,7589.0,7580.9,7586.75,11:30:00,7583.143612657319,0,28
2016-02-01,7589.4,7592.35,7587.5,7588.05,11:35:00,7583.739459070908,0,29
2016-02-01,7590.1,7591.3,7586.0,7589.75,11:40:00,7584.345224873679,0,30
2016-02-01,7587.4,7591.65,7586.9,7590.0,11:45:00,7584.636155838091,0,31
2016-02-01,7585.7,7588.0,7580.65,7587.15,11:50:00,7584.737474329701,0,32
2016-02-01,7587.4,7589.5,7584.65,7586.2,11:55:00,7584.991048203064,0,33
2016-02-01,7584.05,7588.3,7579.65,7587.5,12:00:00,7584.901424564677,0,34
2016-02-01,7578.4,7589.55,7576.5,7583.95,12:05:00,7584.282241272803,0,35
2016-02-01,7579.0,7582.3,7577.6,7578.7,12:10:00,7583.779170675393,0,36
2016-02-01,7580.75,7582.5,7576.4,7579.55,12:15:00,7583.490678230118,0,37
2016-02-01,7581.6,7584.35,7576.9,7580.7,12:20:00,7583.310613636773,0,38
2016-02-01,7581.55,7582.35,7579.05,7581.55,12:25:00,7583.142936147557,0,39
2016-02-01,7573.55,7582.7,7573.4,7581.65,12:30:00,7582.229323181123,0,40
2016-02-01,7564.1,7573.7,7564.1,7573.7,12:35:00,7580.502720973396,0,41
2016-02-01,7564.65,7565.6,7556.15,7564.4,12:40:00,7578.992938023549,0,42
2016-02-01,7562.15,7570.55,7561.75,7565.65,12:45:00,7577.388848687972,0,43
2016-02-01,7573.7,7574.1,7560.75,7562.0,12:50:00,7577.037529765308,0,44
2016-02-01,7575.25,7577.9,7572.45,7573.45,12:55:00,7576.8672888352785,0,45
2016-02-01,7576.05,7579.3,7568.45,7574.8,13:00:00,7576.789451803347,0,46
2016-02-01,7571.95,7577.45,7570.2,7576.25,13:05:00,7576.3285516316,0,47
2016-02-01,7573.15,7577.0,7567.65,7572.5,13:10:00,7576.025832428591,0,48
2016-02-01,7575.25,7576.5,7568.95,7572.9,13:15:00,7575.951943625868,0,49
2016-02-01,7572.55,7579.75,7571.55,7575.6,13:20:00,7575.627948994833,0,50
2016-02-01,7576.0,7576.45,7572.3,7572.95,13:25:00,7575.663382423896,0,51
2016-02-01,7567.55,7576.3,7567.15,7576.3,13:30:00,7574.890679335906,0,52
2016-02-01,7558.85,7567.2,7556.6,7567.2,13:35:00,7573.362995589629,0,53
2016-02-01,7558.5,7559.35,7549.1,7558.3,13:40:00,7571.9474722001405,0,54
2016-02-01,7564.2,7564.45,7552.6,7558.25,13:45:00,7571.209617704889,0,55
2016-02-01,7567.6,7569.15,7560.6,7564.05,13:50:00,7570.865844590138,0,56
2016-02-01,7565.1,7570.95,7564.75,7567.75,13:55:00,7570.316716533935,0,57
2016-02-01,7569.45,7573.6,7563.95,7565.25,14:00:00,7570.234172102131,0,58
2016-02-01,7562.85,7570.2,7562.85,7569.6,14:05:00,7569.530917616214,0,59
2016-02-01,7568.15,7569.3,7559.8,7563.2,14:10:00,7569.399401652764,0,60
2016-02-01,7561.25,7569.2,7560.0,7568.05,14:15:00,7568.623268162025,0,61
2016-02-01,7566.15,7569.95,7560.3,7561.4,14:20:00,7568.38771881326,0,62
2016-02-01,7561.8,7568.55,7561.25,7566.4,14:25:00,7567.760317021522,0,63
2016-02-01,7566.45,7566.5,7558.8,7561.7,14:30:00,7567.635524924234,0,64
2016-02-01,7567.35,7570.65,7565.9,7566.4,14:35:00,7567.608332074307,0,65
2016-02-01,7544.5,7567.65,7542.35,7567.65,14:40:00,7565.407538543421,0,66
2016-02-01,7547.35,7550.0,7541.7,7544.4,14:45:00,7563.687772967857,0,67
2016-02-01,7544.65,7547.95,7541.25,7547.05,14:50:00,7561.874651732824,0,68
2016-02-01,7548.05,7551.75,7543.7,7544.75,14:55:00,7560.558018234459,0,69
2016-02-01,7556.55,7559.15,7548.3,7548.3,15:00:00,7560.17630221213,0,70
2016-02-01,7556.7,7564.85,7556.6,7556.85,15:05:00,7559.845225810975,0,71
2016-02-01,7557.75,7558.05,7550.5,7556.55,15:10:00,7559.645680495645,0,72
2016-02-01,7558.9,7559.95,7549.5,7557.8,15:15:00,7559.574663305583,0,73
2016-02-01,7555.3,7559.05,7553.8,7558.6,15:20:00,7559.167552514576,0,74
2016-02-01,7549.45,7557.05,7547.4,7555.15,15:25:00,7558.242071322711,0,75
2016-02-02,7561.0,7566.95,7554.7,7558.55,09:15:00,7558.504731196739,1,1
2016-02-02,7566.85,7568.35,7556.75,7561.5,09:20:00,7559.299518701811,1,2
2016-02-02,7562.4,7568.55,7561.75,7567.1,09:25:00,7559.594802634972,1,3
2016-02-02,7562.1,7564.9,7557.5,7561.75,09:30:00,7559.833392860213,1,4
2016-02-02,7561.1,7562.45,7557.85,7561.85,09:35:00,7559.954022111622,1,5
2016-02-02,7560.85,7563.35,7552.5,7561.25,09:40:00,7560.039353339086,1,6
2016-02-02,7563.3,7563.85,7559.1,7560.75,09:45:00,7560.349891116316,1,7
2016-02-02,7562.1,7567.45,7561.4,7563.2,09:50:00,7560.516568152857,1,8
2016-02-02,7554.7,7565.6,7554.7,7562.25,09:55:00,7559.962609281157,1,9
2016-02-02,7559.0,7560.75,7554.6,7554.6,10:00:00,7559.870932206761,1,10
2016-02-02,7559.0,7563.85,7556.05,7558.1,10:05:00,7559.787986282306,1,11
2016-02-02,7556.35,7560.75,7553.8,7558.8,10:10:00,7559.460559017324,1,12
2016-02-02,7556.85,7556.9,7549.75,7556.6,10:15:00,7559.211934349008,1,13
2016-02-02,7552.85,7558.6,7552.3,7556.6,10:20:00,7558.606035839578,1,14
2016-02-02,7559.95,7560.4,7552.3,7552.3,10:25:00,7558.734032426285,1,15
2016-02-02,7561.05,7562.35,7557.6,7560.1,10:30:00,7558.954600766639,1,16
2016-02-02,7554.7,7562.15,7554.7,7561.25,10:35:00,7558.549400693626,1,17
2016-02-02,7553.3,7557.65,7551.85,7554.85,10:40:00,7558.049457770424,1,18
2016-02-02,7553.2,7555.75,7549.4,7553.25,10:45:00,7557.587604649431,1,19
2016-02-02,7555.0,7556.0,7551.25,7553.25,10:50:00,7557.34116611139,1,20
2016-02-02,7563.55,7564.5,7551.55,7554.85,10:55:00,7557.9324836245905,1,21
2016-02-02,7536.8,7563.65,7525.95,7563.65,11:00:00,7555.919866136534,1,22
2016-02-02,7536.55,7545.45,7535.5,7536.85,11:05:00,7554.075116980674,1,23
2016-02-02,7521.1,7536.3,7520.6,7536.15,11:10:00,7550.934629649181,1,24
2016-02-02,7518.1,7523.3,7508.9,7521.05,11:15:00,7547.807522063545,1,25
2016-02-02,7531.8,7532.55,7517.65,7517.75,11:20:00,7546.28299615273,1,26
2016-02-02,7533.85,7535.95,7528.0,7531.9,11:25:00,7545.098901281041,1,27
2016-02-02,7530.6,7540.8,7530.45,7533.2,11:30:00,7543.718053539989,1,28
2016-02-02,7535.9,7536.55,7524.05,7530.7,11:35:00,7542.973477012371,1,29
2016-02-02,7535.7,7536.05,7527.7,7535.85,11:40:00,7542.280764915955,1,30
2016-02-02,7532.85,7536.85,7531.25,7535.55,11:45:00,7541.382596828722,1,31
2016-02-02,7552.3,7553.4,7532.4,7533.15,11:50:00,7542.4223495117,1,32
2016-02-02,7558.85,7564.75,7550.65,7551.85,11:55:00,7543.986887653443,1,33
2016-02-02,7571.95,7576.3,7558.5,7558.95,12:00:00,7546.650041210258,1,34
2016-02-02,7574.5,7574.5,7565.9,7571.85,12:05:00,7549.302418237852,1,35
2016-02-02,7563.0,7575.35,7563.0,7574.6,12:10:00,7550.606949834248,1,36
2016-02-02,7566.65,7568.3,7561.55,7562.95,12:15:00,7552.134859373843,1,37
2016-02-02,7565.15,7570.5,7564.95,7566.55,12:20:00,7553.374396576334,1,38
2016-02-02,7568.1,7569.0,7564.75,7565.1,12:25:00,7554.776834997636,1,39
2016-02-02,7572.4,7573.85,7566.85,7567.85,12:30:00,7556.455231664528,1,40
2016-02-02,7564.85,7573.65,7563.7,7572.25,12:35:00,7557.254733410763,1,41
2016-02-02,7555.6,7565.0,7546.35,7564.9,12:40:00,7557.097139752595,1,42
2016-02-02,7546.4,7559.4,7538.45,7555.65,12:45:00,7556.078364538062,1,43
2016-02-02,7553.45,7555.5,7545.1,7546.5,12:50:00,7555.828044105865,1,44
2016-02-02,7557.75,7557.85,7551.25,7553.4,12:55:00,7556.011087524354,1,45
2016-02-02,7554.1,7557.7,7548.25,7557.7,13:00:00,7555.829079188701,1,46
2016-02-02,7544.3,7554.05,7542.6,7554.05,13:05:00,7554.73107164692,1,47
2016-02-02,7547.55,7547.55,7543.45,7544.5,13:10:00,7554.047160061499,1,48
2016-02-02,7537.8,7552.15,7536.25,7547.6,13:15:00,7552.499811484214,1,49
2016-02-02,7538.65,7544.0,7537.5,7538.8,13:20:00,7551.18078181905,1,50
2016-02-02,7531.5,7539.4,7528.4,7538.9,13:25:00,7549.306421645808,1,51
2016-02-02,7528.55,7531.4,7519.55,7531.4,13:30:00,7547.329619584302,1,52
2016-02-02,7528.0,7533.2,7523.8,7528.65,13:35:00,7545.488703433416,1,53
2016-02-02,7533.25,7538.7,7528.45,7528.65,13:40:00,7544.3231126302335,1,54
2016-02-02,7529.85,7534.05,7527.2,7533.4,13:45:00,7542.944720951164,1,55
2016-02-02,7517.8,7533.95,7516.7,7530.15,13:50:00,7540.5499856224815,1,56
2016-02-02,7522.5,7526.1,7516.85,7517.45,13:55:00,7538.830939372721,1,57
2016-02-02,7497.9,7522.55,7496.75,7522.55,14:00:00,7534.932754670557,1,58
2016-02-02,7504.25,7510.0,7496.2,7497.35,14:05:00,7532.010587559075,1,59
2016-02-02,7509.6,7510.05,7500.15,7504.3,14:10:00,7529.876245886782,1,60
2016-02-02,7512.35,7517.35,7509.15,7509.75,14:15:00,7528.20707961185,1,61
2016-02-02,7512.8,7518.8,7512.1,7512.4,14:20:00,7526.739738696436,1,62
2016-02-02,7510.5,7514.65,7504.15,7512.85,14:25:00,7525.193096915822,1,63
2016-02-02,7513.6,7513.6,7507.05,7510.25,14:30:00,7524.088992447649,1,64
2016-02-02,7515.4,7516.45,7509.35,7514.1,14:35:00,7523.261469357397,1,65
2016-02-02,7518.35,7520.1,7509.35,7515.3,14:40:00,7522.793710370977,1,66
2016-02-02,7521.65,7528.45,7515.05,7518.15,14:45:00,7522.684785573741,1,67
2016-02-02,7520.05,7525.6,7517.15,7521.55,14:50:00,7522.433853614338,1,68
2016-02-02,7506.95,7520.3,7506.95,7520.15,14:55:00,7520.959200889162,1,69
2016-02-02,7489.15,7507.45,7487.45,7507.1,15:00:00,7517.929753185433,1,70
2016-02-02,7464.4,7489.7,7464.15,7489.3,15:05:00,7512.831681453486,1,71
2016-02-02,7454.25,7464.75,7446.8,7462.75,15:10:00,7507.252473696011,1,72
2016-02-02,7442.6,7454.7,7440.3,7454.3,15:15:00,7501.095095248772,1,73
2016-02-02,7438.05,7444.25,7428.05,7443.55,15:20:00,7495.090800463175,1,74
2016-02-02,7440.7,7447.65,7436.0,7437.5,15:25:00,7489.910724228586,1,75
2016-02-03,7383.6,7391.65,7371.8,7384.7,09:15:00,7479.785893349674,2,1
2016-02-03,7374.0,7385.35,7370.0,7383.4,09:20:00,7469.711046363991,2,2
2016-02-03,7390.65,7391.2,7374.45,7374.45,09:25:00,7462.181422900754,2,3
2016-02-03,7379.45,7390.95,7376.95,7390.95,09:30:00,7454.302239767349,2,4
2016-02-03,7386.55,7386.9,7372.15,7379.35,09:35:00,7447.849645503793,2,5
2016-02-03,7402.55,7404.55,7384.15,7386.6,09:40:00,7443.535393551051,2,6
2016-02-03,7388.7,7403.7,7384.6,7403.2,09:45:00,7438.3129751176175,2,7
2016-02-03,7397.75,7398.5,7388.6,7388.6,09:50:00,7434.449834630225,2,8
2016-02-03,7401.55,7402.3,7392.7,7397.4,09:55:00,7431.316517046394,2,9
2016-02-03,7396.9,7406.1,7390.4,7400.15,10:00:00,7428.038753518166,2,10
2016-02-03,7395.4,7403.25,7393.8,7397.05,10:05:00,7424.930300802151,2,11
2016-02-03,7391.45,7396.0,7385.2,7395.2,10:10:00,7421.741700725755,2,12
2016-02-03,7384.3,7392.35,7382.35,7391.4,10:15:00,7418.17582446616,2,13
2016-02-03,7385.9,7391.5,7384.15,7385.05,10:20:00,7415.101936421764,2,14
2016-02-03,7384.4,7390.85,7381.35,7385.6,10:25:00,7412.177942476834,2,15
2016-02-03,7382.45,7385.8,7380.45,7384.25,10:30:00,7409.346709859992,2,16
2016-02-03,7374.5,7382.1,7373.1,7382.1,10:35:00,7406.027975587612,2,17
2016-02-03,7371.9,7374.5,7362.65,7374.4,10:40:00,7402.777692198315,2,18
2016-02-03,7376.05,7378.5,7369.7,7372.05,10:45:00,7400.232197703238,2,19
2016-02-03,7381.0,7381.0,7374.7,7375.95,10:50:00,7398.400559826739,2,20
2016-02-03,7384.9,7386.15,7379.05,7381.15,10:55:00,7397.114792224192,2,21
2016-02-03,7381.55,7389.25,7377.2,7385.1,11:00:00,7395.632431059983,2,22
2016-02-03,7378.5,7381.75,7375.85,7381.5,11:05:00,7394.000770959032,2,23
2016-02-03,7378.5,7378.85,7369.95,7378.65,11:10:00,7392.524507058171,2,24
2016-02-03,7373.0,7378.65,7372.3,7378.65,11:15:00,7390.665030195489,2,25
2016-02-03,7378.35,7383.75,7372.3,7373.1,11:20:00,7389.492170176871,2,26
2016-02-03,7386.65,7387.15,7376.1,7378.45,11:25:00,7389.221487302883,2,27
2016-02-03,7388.35,7388.5,7379.55,7386.25,11:30:00,7389.138488512132,2,28
2016-02-03,7381.7,7388.4,7381.5,7388.3,11:35:00,7388.430061034786,2,29
2016-02-03,7385.35,7385.45,7374.75,7382.1,11:40:00,7388.136721888616,2,30
2016-02-03,7387.3,7391.95,7382.15,7385.1,11:45:00,7388.0570340897,2,31
2016-02-03,7383.95,7390.2,7383.85,7387.75,11:50:00,7387.66588798592,2,32
2016-02-03,7387.8,7387.8,7382.35,7384.4,11:55:00,7387.678660558689,2,33
2016-02-03,7385.2,7388.6,7382.55,7387.5,12:00:00,7387.442597648338,2,34
2016-02-03,7379.75,7385.55,7377.5,7385.45,12:05:00,7386.709969300877,2,35
2016-02-03,7380.95,7381.1,7374.6,7379.7,12:10:00,7386.161400796032,2,36
2016-02-03,7384.25,7386.95,7381.95,7382.0,12:15:00,7385.979362624981,2,37
2016-02-03,7381.6,7385.7,7379.7,7384.2,12:20:00,7385.562280470221,2,38
2016-02-03,7379.7,7381.9,7376.45,7381.5,12:25:00,7385.003968044485,2,39
2016-02-03,7388.5,7388.5,7379.0,7379.65,12:30:00,7385.336923468821,2,40
2016-02-03,7391.15,7391.65,7387.65,7388.3,12:35:00,7385.890549805124,2,41
2016-02-03,7389.3,7396.45,7388.85,7391.6,12:40:00,7386.215259347493,2,42
2016-02-03,7399.7,7401.95,7389.4,7389.4,12:45:00,7387.499520362017,2,43
2016-02-03,7393.95,7401.25,7393.95,7398.95,12:50:00,7388.113851756111,2,44
2016-02-03,7397.35,7399.25,7392.35,7393.85,12:55:00,7388.993484922195,2,45
2016-02-03,7394.45,7398.05,7392.1,7397.4,13:00:00,7389.513153024844,2,46
2016-02-03,7392.0,7398.1,7391.7,7394.6,13:05:00,7389.749995593906,2,47
2016-02-03,7393.65,7394.0,7390.9,7391.95,13:10:00,7390.121424584962,2,48
2016-02-03,7412.3,7414.25,7391.35,7393.6,13:15:00,7392.233669862585,2,49
2016-02-03,7405.65,7415.8,7404.5,7412.55,13:20:00,7393.511415589958,2,50
2016-02-03,7414.75,7418.85,7404.55,7405.0,13:25:00,7395.534137914725,2,51
2016-02-03,7409.25,7419.4,7406.65,7414.9,13:30:00,7396.840410494275,2,52
2016-02-03,7404.6,7415.2,7401.4,7409.65,13:35:00,7397.57941901863,2,53
2016-02-03,7396.2,7407.05,7396.05,7403.85,13:40:00,7397.44804577876,2,54
2016-02-03,7387.55,7397.55,7385.65,7396.1,13:45:00,7396.5053747522115,2,55
2016-02-03,7398.5,7398.75,7382.05,7387.35,13:50:00,7396.695339061524,2,56
2016-02-03,7396.8,7400.1,7395.2,7398.65,13:55:00,7396.705306769951,2,57
2016-02-03,7392.8,7397.75,7389.7,7396.95,14:00:00,7396.33337279186,2,58
2016-02-03,7393.85,7394.65,7388.95,7392.35,14:05:00,7396.096861097397,2,59
2016-02-03,7394.0,7398.8,7391.75,7393.4,14:10:00,7395.897160040502,2,60
2016-02-03,7392.65,7394.25,7390.2,7394.25,14:15:00,7395.587906703311,2,61
2016-02-03,7411.35,7411.8,7391.15,7392.7,14:20:00,7397.089058445852,2,62
2016-02-03,7411.75,7412.0,7403.2,7411.15,14:25:00,7398.485338593866,2,63
2016-02-03,7406.2,7416.95,7404.3,7412.25,14:30:00,7399.220068251593,2,64
2016-02-03,7402.85,7410.2,7399.8,7406.1,14:35:00,7399.565776037156,2,65
2016-02-03,7404.2,7410.35,7402.45,7402.7,14:40:00,7400.007130700284,2,66
2016-02-03,7407.0,7408.2,7402.5,7404.05,14:45:00,7400.673118252637,2,67
2016-02-03,7398.1,7410.25,7397.8,7406.85,14:50:00,7400.428059371434,2,68
2016-02-03,7398.25,7401.2,7396.35,7398.25,14:55:00,7400.220625145583,2,69
2016-02-03,7371.3,7398.4,7366.15,7398.4,15:00:00,7397.466279893622,2,70
2016-02-03,7360.6,7372.45,7360.05,7372.05,15:05:00,7393.955205618039,2,71
2016-02-03,7356.1,7366.9,7351.1,7360.65,15:10:00,7390.349947940131,2,72
2016-02-03,7356.55,7359.65,7350.3,7356.3,15:15:00,7387.130905279166,2,73
2016-02-03,7358.0,7358.15,7353.25,7356.7,15:20:00,7384.356533347816,2,74
2016-02-03,7373.3,7382.95,7356.8,7357.6,15:25:00,7383.303530171834,2,75
2016-02-04,7421.3,7431.9,7410.9,7410.9,09:15:00,7386.92224158404,3,1
2016-02-04,7425.3,7429.3,7416.8,7420.6,09:20:00,7390.577266195084,3,2
2016-02-04,7419.6,7429.2,7414.45,7424.85,09:25:00,7393.341336081266,3,3
2016-02-04,7420.15,7425.15,7418.2,7419.3,09:30:00,7395.894542168765,3,4
2016-02-04,7425.9,7426.55,7416.95,7419.9,09:35:00,7398.752204819359,3,5
2016-02-04,7424.95,7428.85,7421.85,7426.3,09:40:00,7401.247232931801,3,6
2016-02-04,7412.8,7425.25,7412.75,7425.05,09:45:00,7402.3474964621055,3,7
2016-02-04,7410.15,7415.2,7409.7,7413.25,09:50:00,7403.090592037143,3,8
2016-02-04,7418.3,7419.1,7409.55,7410.45,09:55:00,7404.539107081225,3,9
2016-02-04,7414.35,7422.2,7414.35,7418.1,10:00:00,7405.473477835394,3,10
2016-02-04,7406.6,7416.6,7405.8,7414.0,10:05:00,7405.580765660595,3,11
2016-02-04,7400.9,7409.8,7400.5,7406.5,10:10:00,7405.134978454824,3,12
2016-02-04,7403.45,7407.85,7400.45,7400.45,10:15:00,7404.974504316268,3,13
2016-02-04,7394.65,7405.6,7388.6,7403.75,10:20:00,7403.991218190909,3,14
2016-02-04,7400.05,7400.05,7392.0,7394.9,10:25:00,7403.615864077489,3,15
2016-02-04,7391.05,7400.75,7388.2,7400.65,10:30:00,7402.419115117729,3,16
2016-02-04,7393.25,7393.3,7382.55,7390.55,10:35:00,7401.545866058898,3,17
2016-02-04,7398.35,7402.9,7391.25,7393.35,10:40:00,7401.241497862813,3,18
2016-02-04,7399.15,7402.5,7395.0,7398.85,10:45:00,7401.042307590164,3,19
2016-02-04,7405.15,7406.05,7396.7,7398.95,10:50:00,7401.433516391101,3,20
2016-02-04,7413.95,7415.3,7404.0,7405.2,10:55:00,7402.625562449091,3,21
2016-02-04,7412.0,7414.7,7409.25,7413.8,11:00:00,7403.518366025368,3,22
2016-02-04,7406.05,7413.4,7405.6,7411.9,11:05:00,7403.759474022951,3,23
2016-02-04,7408.05,7409.55,7402.55,7405.4,11:10:00,7404.1680955445745,3,24
2016-02-04,7411.2,7413.55,7406.95,7407.55,11:15:00,7404.837800730806,3,25
2016-02-04,7410.1,7411.55,7408.2,7411.15,11:20:00,7405.338962565967,3,26
2016-02-04,7409.55,7411.65,7406.75,7410.15,11:25:00,7405.740013750161,3,27
2016-02-04,7415.2,7416.25,7408.8,7409.35,11:30:00,7406.640964821574,3,28
2016-02-04,7414.7,7416.35,7411.95,7415.75,11:35:00,7407.408491981425,3,29
2016-02-04,7419.3,7420.1,7413.75,7414.6,11:40:00,7408.541016554623,3,30
2016-02-04,7419.5,7420.2,7416.0,7419.05,11:45:00,7409.584729263706,3,31
2016-02-04,7418.6,7420.65,7417.55,7419.75,11:50:00,7410.443326476687,3,32
2016-02-04,7418.95,7420.3,7412.05,7418.25,11:55:00,7411.253485859859,3,33
2016-02-04,7425.25,7429.8,7418.0,7419.0,12:00:00,7412.5864872065395,3,34
2016-02-04,7427.75,7430.1,7423.3,7424.95,12:05:00,7414.030631282107,3,35
2016-02-04,7422.35,7428.5,7420.65,7427.45,12:10:00,7414.822952112382,3,36
2016-02-04,7421.8,7424.3,7419.05,7422.55,12:15:00,7415.487432863583,3,37
2016-02-04,7426.1,7427.05,7420.1,7421.95,12:20:00,7416.498153543243,3,38
2016-02-04,7430.85,7431.1,7423.05,7426.65,12:25:00,7417.864996062934,3,39
2016-02-04,7431.75,7434.45,7428.55,7431.1,12:30:00,7419.1873773902735,3,40
2016-02-04,7432.6,7433.3,7429.1,7432.1,12:35:00,7420.464770019771,3,41
2016-02-04,7447.45,7453.5,7431.4,7432.75,12:40:00,7423.03479192265,3,42
2016-02-04,7443.7,7457.05,7442.9,7447.65,12:45:00,7425.002906977636,3,43
2016-02-04,7449.35,7451.2,7443.0,7443.65,12:50:00,7427.32167774167,3,44
2016-02-04,7449.1,7451.1,7446.45,7449.6,12:55:00,7429.395803671035,3,45
2016-02-04,7448.55,7452.95,7448.1,7449.3,13:00:00,7431.220012845221,3,46
2016-02-04,7443.25,7448.85,7441.7,7448.15,13:05:00,7432.365725907581,3,47
2016-02-04,7444.25,7447.5,7442.85,7443.4,13:10:00,7433.497561535431,3,48
2016-02-04,7435.05,7444.5,7434.5,7444.1,13:15:00,7433.645412817771,3,49
2016-02-04,7439.2,7442.7,7434.25,7435.2,13:20:00,7434.174421120841,3,50
2016-02-04,7434.8,7439.55,7431.5,7439.25,13:25:00,7434.234000061713,3,51
2016-02-04,7437.95,7438.4,7431.8,7435.0,13:30:00,7434.58790481774,3,52
2016-02-04,7421.0,7443.0,7420.3,7437.9,13:35:00,7433.293818644622,3,53
2016-02-04,7407.0,7422.75,7402.75,7421.25,13:40:00,7430.789645440373,3,54
2016-02-04,7414.0,7418.15,7406.9,7407.2,13:45:00,7429.190631588908,3,55
2016-02-04,7416.5,7416.6,7397.05,7413.85,13:50:00,7427.982000009012,3,56
2016-02-04,7420.15,7420.4,7409.05,7416.9,13:55:00,7427.2360952462495,3,57
2016-02-04,7421.3,7422.15,7414.6,7419.8,14:00:00,7426.670752841846,3,58
2016-02-04,7418.7,7425.7,7417.9,7421.15,14:05:00,7425.911633523575,3,59
2016-02-04,7420.05,7427.2,7417.35,7418.65,14:10:00,7425.353382711806,3,60
2016-02-04,7418.35,7426.2,7417.7,7420.0,14:15:00,7424.686393882111,3,61
2016-02-04,7413.9,7418.95,7409.6,7418.95,14:20:00,7423.65911827429,3,62
2016-02-04,7417.75,7422.05,7413.95,7413.95,14:25:00,7423.09634510531,3,63
2016-02-04,7406.5,7418.15,7401.9,7417.8,14:30:00,7421.5157408095665,3,64
2016-02-04,7399.6,7407.75,7397.9,7407.05,14:35:00,7419.428527399132,3,65
2016-02-04,7381.9,7400.35,7380.05,7399.5,14:40:00,7415.854381932548,3,66
2016-02-04,7374.1,7383.7,7365.95,7381.25,14:45:00,7411.877774129448,3,67
2016-02-04,7379.0,7384.35,7368.65,7374.15,14:50:00,7408.746557545691,3,68
2016-02-04,7373.35,7384.75,7373.35,7378.4,14:55:00,7405.375456827054,3,69
2016-02-04,7388.95,7391.9,7372.75,7372.75,15:00:00,7403.81112760543,3,70
2016-02-04,7396.05,7400.2,7388.0,7388.0,15:05:00,7403.071972595389,3,71
2016-02-04,7407.85,7408.1,7395.75,7395.9,15:10:00,7403.527022824399,3,72
2016-02-04,7406.85,7409.55,7403.5,7407.8,15:15:00,7403.843496841123,3,73
2016-02-04,7414.35,7414.75,7405.65,7406.4,15:20:00,7404.844116189587,3,74
2016-02-04,7412.8,7416.65,7412.25,7413.75,15:25:00,7405.601819409627,3,75
2016-02-05,7421.1,7422.65,7410.2,7412.3,09:15:00,7407.07783660871,4,1
2016-02-05,7409.55,7425.5,7406.65,7420.35,09:20:00,7407.313280741214,4,2
2016-02-05,7420.75,7422.65,7409.3,7409.75,09:25:00,7408.59296828967,4,3
2016-02-05,7425.55,7431.85,7415.2,7420.8,09:30:00,7410.207923690654,4,4
2016-02-05,7440.25,7440.9,7422.3,7425.3,09:35:00,7413.0690738153535,4,5
2016-02-05,7441.25,7443.85,7434.15,7440.45,09:40:00,7415.752971547225,4,6
2016-02-05,7436.25,7442.5,7434.65,7441.3,09:45:00,7417.705069495108,4,7
2016-02-05,7429.95,7436.3,7428.9,7436.0,09:50:00,7418.871253352717,4,8
2016-02-05,7428.55,7434.55,7426.75,7429.7,09:55:00,7419.793038747696,4,9
2016-02-05,7424.7,7430.85,7423.4,7428.75,10:00:00,7420.260368390773,4,10
2016-02-05,7424.15,7429.25,7422.95,7424.5,10:05:00,7420.630809496413,4,11
2016-02-05,7429.8,7432.45,7422.6,7424.3,10:10:00,7421.504065734851,4,12
2016-02-05,7440.65,7441.3,7428.9,7429.95,10:15:00,7423.3274880458175,4,13
2016-02-05,7450.4,7451.75,7437.15,7441.0,10:20:00,7425.905822517644,4,14
2016-02-05,7455.8,7457.05,7442.55,7450.5,10:25:00,7428.752887039773,4,15
2016-02-05,7480.25,7480.45,7454.9,7455.4,10:30:00,7433.657373988365,4,16
2016-02-05,7469.6,7485.0,7467.05,7481.15,10:35:00,7437.080481227568,4,17
2016-02-05,7470.6,7475.5,7466.25,7469.75,10:40:00,7440.272816348753,4,18
2016-02-05,7472.5,7474.95,7469.35,7470.7,10:45:00,7443.342071934586,4,19
2016-02-05,7470.0,7472.75,7465.2,7472.4,10:50:00,7445.88092222653,4,20
2016-02-05,7468.3,7472.4,7463.35,7470.25,10:55:00,7448.01607249067,4,21
2016-02-05,7463.9,7470.8,7462.7,7468.05,11:00:00,7449.528827491558,4,22
2016-02-05,7461.9,7468.35,7458.55,7464.0,11:05:00,7450.707034397124,4,23
2016-02-05,7463.4,7464.85,7460.65,7461.8,11:10:00,7451.915888264064,4,24
2016-02-05,7476.2,7476.35,7461.95,7463.3,11:15:00,7454.228660810343,4,25
2016-02-05,7475.1,7480.45,7470.7,7476.1,11:20:00,7456.216407399835,4,26
2016-02-05,7472.2,7476.55,7470.85,7475.05,11:25:00,7457.738654314136,4,27
2016-02-05,7468.1,7474.8,7467.55,7471.8,11:30:00,7458.72544914136,4,28
2016-02-05,7465.05,7471.4,7464.25,7468.2,11:35:00,7459.327787318373,4,29
2016-02-05,7465.15,7466.55,7460.85,7465.2,11:40:00,7459.882283764242,4,30
2016-02-05,7461.65,7466.0,7460.6,7465.45,11:45:00,7460.050637691457,4,31
2016-02-05,7457.05,7463.35,7455.45,7461.5,11:50:00,7459.764862673223,4,32
2016-02-05,7466.85,7467.4,7456.8,7456.9,11:55:00,7460.439637656726,4,33
2016-02-05,7467.15,7469.4,7462.4,7467.1,12:00:00,7461.078719784656,4,34
2016-02-05,7476.15,7477.8,7467.3,7467.3,12:05:00,7462.514079805164,4,35
2016-02-05,7473.35,7478.35,7471.35,7476.3,12:10:00,7463.546072204673,4,36
2016-02-05,7468.85,7475.6,7468.8,7473.05,12:15:00,7464.05120818518,4,37
2016-02-05,7468.4,7472.3,7465.75,7468.6,12:20:00,7464.46537883421,4,38
2016-02-05,7471.35,7471.85,7468.15,7468.15,12:25:00,7465.121057040476,4,39
2016-02-05,7474.0,7475.2,7470.65,7471.55,12:30:00,7465.966670655669,4,40
2016-02-05,7468.3,7473.75,7466.15,7473.05,12:35:00,7466.188892497986,4,41
2016-02-05,7461.35,7470.4,7461.35,7468.65,12:40:00,7465.728045593416,4,42
2016-02-05,7465.5,7468.1,7461.3,7461.3,12:45:00,7465.706326965472,4,43
2016-02-05,7464.25,7467.3,7460.85,7465.8,12:50:00,7465.567629159236,4,44
2016-02-05,7461.75,7467.4,7461.7,7463.9,12:55:00,7465.204045429785,4,45
2016-02-05,7456.55,7462.85,7454.75,7461.35,13:00:00,7464.379850626948,4,46
2016-02-05,7453.5,7458.5,7447.3,7456.6,13:05:00,7463.343674376762,4,47
2016-02-05,7452.05,7460.1,7450.85,7453.05,13:10:00,7462.26808634088,4,48
2016-02-05,7453.0,7453.5,7447.45,7451.9,13:15:00,7461.385411451273,4,49
2016-02-05,7462.5,7464.1,7453.0,7453.1,13:20:00,7461.491562741628,4,50
2016-02-05,7464.05,7468.2,7458.85,7462.8,13:25:00,7461.735223432901,4,51
2016-02-05,7456.6,7463.7,7451.45,7463.7,13:30:00,7461.2461545345295,4,52
2016-02-05,7469.3,7472.6,7456.5,7457.2,13:35:00,7462.013187436003,4,53
2016-02-05,7470.6,7474.05,7466.05,7469.25,13:40:00,7462.830979108765,4,54
2016-02-05,7465.4,7470.5,7462.55,7470.4,13:45:00,7463.075647765073,4,55
2016-02-05,7459.2,7465.6,7457.75,7465.15,13:50:00,7462.706538454113,4,56
2016-02-05,7460.05,7462.4,7455.9,7458.55,13:55:00,7462.453534791816,4,57
2016-02-05,7458.4,7460.45,7455.3,7459.95,14:00:00,7462.067483859262,4,58
2016-02-05,7454.65,7461.0,7452.9,7457.9,14:05:00,7461.361056825046,4,59
2016-02-05,7461.5,7464.2,7454.5,7455.7,14:10:00,7461.374289508375,4,60
2016-02-05,7452.8,7463.7,7450.05,7462.7,14:15:00,7460.557690507578,4,61
2016-02-05,7455.45,7461.0,7453.65,7453.95,14:20:00,7460.07124379257,4,62
2016-02-05,7460.2,7460.2,7453.65,7455.1,14:25:00,7460.083506288516,4,63
2016-02-05,7467.6,7467.85,7457.35,7459.85,14:30:00,7460.799362832467,4,64
2016-02-05,7487.35,7487.85,7467.85,7467.85,14:35:00,7463.32799494366,4,65
2016-02-05,7477.15,7487.3,7474.7,7486.7,14:40:00,7464.644376377598,4,66
2016-02-05,7454.75,7477.25,7454.75,7476.65,14:45:00,7463.702054817827,4,67
2016-02-05,7463.5,7464.2,7454.1,7454.7,14:50:00,7463.682811501843,4,68
2016-02-05,7464.8,7469.9,7463.7,7463.7,14:55:00,7463.789210406429,4,69
2016-02-05,7477.25,7477.25,7462.65,7464.95,15:00:00,7465.071190367722,4,70
2016-02-05,7479.25,7482.05,7475.3,7476.55,15:05:00,7466.4215531898435,4,71
2016-02-05,7482.65,7483.4,7477.95,7479.8,15:10:00,7467.967119552715,4,72
2016-02-05,7493.15,7497.95,7482.4,7482.4,15:15:00,7470.365489119124,4,73
2016-02-05,7497.55,7500.95,7492.55,7492.55,15:20:00,7472.954490155398,4,74
2016-02-05,7500.1,7503.15,7496.6,7498.2,15:25:00,7475.539776807265,4,75
2016-02-08,7491.5,7491.8,7473.7,7487.65,09:15:00,7477.059798063717,0,1
2016-02-08,7486.15,7495.45,7476.4,7492.15,09:20:00,7477.925531581458,0,2
2016-02-08,7490.4,7491.8,7476.55,7486.4,09:25:00,7479.113576192748,0,3
2016-02-08,7486.45,7496.65,7485.95,7490.45,09:30:00,7479.812283222011,0,4
2016-02-08,7481.5,7489.45,7481.0,7486.1,09:35:00,7479.973018153248,0,5
2016-02-08,7482.05,7482.05,7477.2,7481.6,09:40:00,7480.170825948177,0,6
2016-02-08,7469.3,7482.25,7468.9,7482.2,09:45:00,7479.135509191207,0,7
2016-02-08,7475.6,7475.95,7463.95,7469.25,09:50:00,7478.79879403014,0,8
2016-02-08,7476.75,7478.9,7469.65,7475.1,09:55:00,7478.603670789174,0,9
2016-02-08,7482.05,7482.05,7474.55,7476.7,10:00:00,7478.931892618777,0,10
2016-02-08,7489.0,7489.0,7480.95,7481.8,10:05:00,7479.890759988418,0,11
2016-02-08,7487.95,7491.95,7486.75,7488.9,10:10:00,7480.658306656187,0,12
2016-02-08,7483.7,7488.45,7479.2,7487.7,10:15:00,7480.947991736551,0,13
2016-02-08,7486.7,7487.85,7482.45,7484.15,10:20:00,7481.495802047355,0,14
2016-02-08,7486.65,7487.2,7484.15,7486.9,10:25:00,7481.986678042845,0,15
2016-02-08,7489.8,7490.85,7485.7,7486.35,10:30:00,7482.730803943527,0,16
2016-02-08,7498.9,7499.1,7489.8,7489.9,10:35:00,7484.270727377477,0,17
2016-02-08,7501.0,7504.7,7497.8,7499.1,10:40:00,7485.863991436765,0,18
2016-02-08,7502.8,7503.25,7496.2,7501.15,10:45:00,7487.476944633264,0,19
2016-02-08,7496.95,7503.2,7495.5,7502.95,10:50:00,7488.379140382477,0,20
2016-02-08,7502.7,7502.7,7493.65,7497.3,10:55:00,7489.743031774622,0,21
2016-02-08,7505.5,7507.4,7498.9,7502.55,11:00:00,7491.243695415134,0,22
2016-02-08,7506.8,7510.95,7501.5,7504.95,11:05:00,7492.72524823274,0,23
2016-02-08,7501.85,7508.55,7501.05,7507.25,11:10:00,7493.594272210575,0,24
2016-02-08,7495.3,7504.95,7494.35,7501.6,11:15:00,7493.756722476234,0,25
2016-02-08,7490.0,7496.65,7489.45,7495.15,11:20:00,7493.398939383259,0,26
2016-02-08,7491.05,7492.85,7487.9,7489.95,11:25:00,7493.175230870568,0,27
2016-02-08,7494.25,7497.6,7491.1,7491.1,11:30:00,7493.277589835277,0,28
2016-02-08,7491.4,7495.1,7486.9,7494.4,11:35:00,7493.098771755726,0,29
2016-02-08,7495.0,7498.55,7491.65,7491.65,11:40:00,7493.279841112324,0,30
2016-02-08,7495.4,7495.4,7492.0,7495.35,11:45:00,7493.481761006389,0,31
2016-02-08,7493.0,7495.95,7492.25,7495.25,11:50:00,7493.43587900578,0,32
2016-02-08,7489.9,7493.45,7488.9,7493.25,11:55:00,7493.099128624277,0,33
2016-02-08,7489.8,7492.05,7488.3,7489.95,12:00:00,7492.784925898155,0,34
2016-02-08,7498.35,7500.5,7489.1,7489.4,12:05:00,7493.3149329554735,0,35
2016-02-08,7495.1,7499.0,7493.4,7498.2,12:10:00,7493.484939340667,0,36
2016-02-08,7503.4,7503.4,7494.9,7495.3,12:15:00,7494.429230832032,0,37
2016-02-08,7504.55,7504.9,7498.5,7503.35,12:20:00,7495.3931136099345,0,38
2016-02-08,7502.65,7505.0,7499.55,7504.45,12:25:00,7496.084245647084,0,39
2016-02-08,7501.0,7504.05,7496.9,7502.9,12:30:00,7496.552412728313,0,40
2016-02-08,7495.15,7500.95,7494.95,7500.95,12:35:00,7496.418849611331,0,41
2016-02-08,7490.9,7497.15,7487.7,7494.95,12:40:00,7495.893244886442,0,42
2016-02-08,7494.8,7497.3,7487.9,7491.05,12:45:00,7495.789126325829,0,43
2016-02-08,7497.0,7498.4,7493.95,7494.85,12:50:00,7495.904447628131,0,44
2016-02-08,7499.0,7501.2,7496.35,7496.8,12:55:00,7496.199262139738,0,45
2016-02-08,7495.15,7500.75,7494.9,7498.7,13:00:00,7496.099332412144,0,46
2016-02-08,7492.05,7496.65,7491.8,7495.05,13:05:00,7495.713681706225,0,47
2016-02-08,7495.65,7496.55,7490.55,7491.8,13:10:00,7495.707616781822,0,48
2016-02-08,7497.7,7499.75,7495.05,7495.6,13:15:00,7495.897367564506,0,49
2016-02-08,7493.35,7497.5,7493.15,7497.0,13:20:00,7495.65476112979,0,50
2016-02-08,7496.45,7497.7,7492.25,7493.3,13:25:00,7495.730498165048,0,51
2016-02-08,7484.55,7501.3,7480.5,7496.8,13:30:00,7494.665688815996,0,52
2016-02-08,7480.8,7489.2,7480.8,7484.7,13:35:00,7493.345147023996,0,53
2016-02-08,7483.55,7485.85,7480.0,7480.55,13:40:00,7492.412275878854,0,54
2016-02-08,7490.8,7490.9,7482.4,7483.3,13:45:00,7492.258725795154,0,55
2016-02-08,7498.75,7500.4,7488.6,7490.85,13:50:00,7492.876942386092,0,56
2016-02-08,7503.15,7512.55,7498.8,7498.85,13:55:00,7493.855328825512,0,57
2016-02-08,7489.7,7508.7,7489.5,7503.55,14:00:00,7493.459583223082,0,58
2016-02-08,7487.7,7491.15,7483.15,7489.65,14:05:00,7492.911051487551,0,59
2016-02-08,7490.45,7491.9,7484.4,7487.65,14:10:00,7492.676665631594,0,60
2016-02-08,7493.65,7494.45,7489.05,7490.55,14:15:00,7492.7693641428705,0,61
2016-02-08,7484.15,7493.25,7482.75,7493.25,14:20:00,7491.948472319739,0,62
2016-02-08,7482.65,7486.95,7482.45,7484.25,14:25:00,7491.062903527383,0,63
2016-02-08,7469.2,7484.05,7462.45,7482.4,14:30:00,7488.980722239062,0,64
2016-02-08,7449.85,7470.9,7448.85,7469.55,14:35:00,7485.253986787722,0,65
2016-02-08,7438.45,7450.8,7437.65,7449.45,14:40:00,7480.7964642365105,0,66
2016-02-08,7437.8,7441.2,7427.8,7437.25,14:45:00,7476.701562880653,0,67
2016-02-08,7418.25,7440.05,7415.45,7437.45,14:50:00,7471.13474736821,0,68
2016-02-08,7418.95,7425.15,7406.6,7418.6,14:55:00,7466.16477142838,0,69
2016-02-08,7393.85,7422.0,7389.2,7419.65,15:00:00,7459.277650339963,0,70
2016-02-08,7394.0,7398.95,7385.85,7394.5,15:05:00,7453.060731259966,0,71
2016-02-08,7379.1,7395.2,7378.85,7393.95,15:10:00,7446.01685209235,0,72
2016-02-08,7388.3,7391.25,7378.3,7379.7,15:15:00,7440.520009035935,0,73
2016-02-08,7376.65,7390.7,7375.85,7388.2,15:20:00,7434.437151032513,0,74
2016-02-08,7365.05,7377.45,7363.2,7376.7,15:25:00,7427.828850934178,0,75
2016-02-09,7293.35,7299.7,7280.7,7299.7,09:15:00,7415.0213413214,1,1
2016-02-09,7311.25,7315.05,7291.8,7293.3,09:20:00,7405.138356433647,1,2
2016-02-09,7316.25,7319.7,7308.8,7311.65,09:25:00,7396.6727986780625,1,3
2016-02-09,7305.1,7317.5,7303.75,7316.65,09:30:00,7387.951579756343,1,4
2016-02-09,7298.35,7307.25,7295.15,7304.9,09:35:00,7379.418095970024,1,5
2016-02-09,7303.05,7306.0,7293.9,7298.4,09:40:00,7372.1449439728785,1,6
2016-02-09,7308.05,7311.5,7301.6,7302.5,09:45:00,7366.040663594509,1,7
2016-02-09,7309.9,7315.8,7307.5,7307.65,09:50:00,7360.693933728366,1,8
2016-02-09,7306.0,7312.3,7303.8,7309.35,09:55:00,7355.484987658998,1,9
2016-02-09,7305.4,7309.65,7304.85,7306.15,10:00:00,7350.714988834331,1,10
2016-02-09,7309.35,7311.55,7304.75,7305.35,10:05:00,7346.775466088205,1,11
2016-02-09,7311.15,7314.5,7308.45,7309.85,10:10:00,7343.382564555995,1,12
2016-02-09,7313.15,7315.25,7310.45,7311.0,10:15:00,7340.503272693519,1,13
2016-02-09,7302.0,7313.55,7301.75,7313.2,10:20:00,7336.836294341755,1,14
2016-02-09,7302.6,7303.75,7296.45,7302.8,10:25:00,7333.575694880636,1,15
2016-02-09,7304.0,7304.3,7299.1,7302.35,10:30:00,7330.758962034861,1,16
2016-02-09,7301.15,7304.15,7298.95,7304.15,10:35:00,7327.939060888684,1,17
2016-02-09,7304.15,7305.6,7300.8,7301.0,10:40:00,7325.673436042142,1,18
2016-02-09,7297.55,7307.8,7297.55,7303.7,10:45:00,7322.995013561938,1,19
2016-02-09,7298.5,7299.9,7295.5,7297.45,10:50:00,7320.6621551274675,1,20
2016-02-09,7296.65,7299.4,7295.2,7298.65,10:55:00,7318.3752832105665,1,21
2016-02-09,7295.1,7300.5,7294.65,7295.95,11:00:00,7316.158589571464,1,22
2016-02-09,7299.15,7301.65,7294.45,7295.05,11:05:00,7314.538723897991,1,23
2016-02-09,7304.2,7307.3,7298.75,7299.2,11:10:00,7313.554083526754,1,24
2016-02-09,7303.7,7304.05,7299.25,7303.75,11:15:00,7312.615599381348,1,25
2016-02-09,7298.3,7303.9,7296.65,7303.45,11:20:00,7311.252208964077,1,26
2016-02-09,7291.4,7299.4,7290.8,7298.45,11:25:00,7309.36152239607,1,27
2016-02-09,7290.25,7292.05,7285.7,7291.35,11:30:00,7307.541377405968,1,28
2016-02-09,7283.75,7290.15,7283.35,7289.9,11:35:00,7305.275531938733,1,29
2016-02-09,7281.15,7285.2,7275.15,7284.1,11:40:00,7302.977862230283,1,30
2016-02-09,7291.65,7291.85,7280.65,7280.8,11:45:00,7301.899018208351,1,31
2016-02-09,7294.15,7295.65,7291.0,7291.25,11:50:00,7301.161016474222,1,32
2016-02-09,7290.9,7294.35,7286.1,7294.2,11:55:00,7300.18377681001,1,33
2016-02-09,7282.5,7291.4,7282.5,7291.0,12:00:00,7298.499607590009,1,34
2016-02-09,7280.4,7286.35,7277.8,7282.7,12:05:00,7296.77583543858,1,35
2016-02-09,7284.8,7290.65,7279.5,7280.1,12:10:00,7295.635279682525,1,36
2016-02-09,7287.15,7288.5,7284.95,7284.95,12:15:00,7294.827157807998,1,37
2016-02-09,7285.15,7288.6,7283.9,7287.3,12:20:00,7293.905523731046,1,38
2016-02-09,7286.45,7289.85,7284.65,7285.35,12:25:00,7293.195473851899,1,39
2016-02-09,7283.95,7287.6,7283.8,7286.35,12:30:00,7292.31495253267,1,40
2016-02-09,7278.45,7284.35,7278.45,7284.15,12:35:00,7290.994480862892,1,41
2016-02-09,7283.8,7285.15,7277.95,7278.75,12:40:00,7290.309292209283,1,42
2016-02-09,7284.1,7289.7,7282.65,7284.05,12:45:00,7289.717931046494,1,43
2016-02-09,7280.6,7286.25,7280.6,7284.0,12:50:00,7288.849556661114,1,44
2016-02-09,7286.05,7287.15,7278.95,7280.45,12:55:00,7288.582932217198,1,45
2016-02-09,7280.8,7286.45,7279.55,7286.25,13:00:00,7287.841700577464,1,46
2016-02-09,7289.6,7290.55,7279.65,7280.9,13:05:00,7288.009157665325,1,47
2016-02-09,7299.95,7301.35,7289.25,7289.75,13:10:00,7289.146380744818,1,48
2016-02-09,7303.05,7309.2,7298.55,7299.7,13:15:00,7290.470534959597,1,49
2016-02-09,7303.05,7304.35,7296.1,7302.75,13:20:00,7291.668579249159,1,50
2016-02-09,7302.7,7306.35,7302.15,7302.65,13:25:00,7292.719190749239,1,51
2016-02-09,7320.1,7322.95,7302.05,7303.0,13:30:00,7295.326886868359,1,52
2016-02-09,7313.2,7320.85,7312.8,7320.05,13:35:00,7297.029088118991,1,53
2016-02-09,7309.45,7323.45,7309.45,7313.55,13:40:00,7298.212032107658,1,54
2016-02-09,7294.15,7310.2,7293.6,7309.4,13:45:00,7297.825171906928,1,55
2016-02-09,7292.95,7293.8,7286.35,7293.75,13:50:00,7297.360869820554,1,56
2016-02-09,7289.6,7300.85,7289.6,7292.8,13:55:00,7296.621739361454,1,57
2016-02-09,7290.55,7292.85,7287.25,7289.4,14:00:00,7296.043478469887,1,58
2016-02-09,7294.3,7294.3,7285.5,7291.2,14:05:00,7295.877432901327,1,59
2016-02-09,7296.5,7300.75,7293.6,7294.45,14:10:00,7295.936725005962,1,60
2016-02-09,7301.5,7301.8,7294.6,7296.6,14:15:00,7296.46656071968,1,61
2016-02-09,7296.6,7308.3,7295.45,7302.1,14:20:00,7296.479269222568,1,62
2016-02-09,7305.4,7306.65,7296.55,7297.15,14:25:00,7297.328862629943,1,63
2016-02-09,7304.4,7306.05,7300.45,7305.7,14:30:00,7298.002304284233,1,64
2016-02-09,7315.0,7317.3,7303.1,7304.2,14:35:00,7299.62113244764,1,65
2016-02-09,7321.15,7321.5,7310.75,7314.6,14:40:00,7301.67150078596,1,66
2016-02-09,7310.15,7321.1,7307.9,7320.9,14:45:00,7302.478976901582,1,67
2016-02-09,7310.0,7312.35,7303.8,7309.65,14:50:00,7303.195264815718,1,68
2016-02-09,7296.15,7311.55,7296.15,7309.8,14:55:00,7302.524287214221,1,69
2016-02-09,7298.3,7302.55,7291.65,7296.35,15:00:00,7302.121974146199,1,70
2016-02-09,7292.6,7301.1,7291.25,7298.75,15:05:00,7301.215119465609,1,71
2016-02-09,7292.6,7297.8,7290.25,7292.4,15:10:00,7300.394631897456,1,72
2016-02-09,7296.5,7301.4,7290.65,7292.35,15:15:00,7300.023714573888,1,73
2016-02-09,7300.15,7303.25,7297.15,7297.6,15:20:00,7300.035741757328,1,74
2016-02-09,7301.0,7302.9,7299.15,7300.35,15:25:00,7300.127575875677,1,75
2016-02-10,7260.75,7271.85,7251.6,7258.7,09:15:00,7296.377330554184,2,1
2016-02-10,7266.0,7266.95,7253.15,7260.8,09:20:00,7293.484251453786,2,2
2016-02-10,7253.0,7266.25,7249.65,7266.25,09:25:00,7289.628608458187,2,3
2016-02-10,7247.9,7256.5,7245.25,7252.9,09:30:00,7285.654455271692,2,4
2016-02-10,7247.75,7247.75,7242.2,7247.5,09:35:00,7282.044507150578,2,5
2016-02-10,7238.0,7254.35,7232.5,7247.95,09:40:00,7277.849792183856,2,6
2016-02-10,7231.0,7238.75,7226.25,7238.2,09:45:00,7273.387907213965,2,7
2016-02-10,7229.65,7235.1,7221.25,7231.15,09:50:00,7269.222392241207,2,8
2016-02-10,7245.8,7249.95,7227.8,7229.5,09:55:00,7266.991688218234,2,9
2016-02-10,7231.6,7248.1,7230.7,7245.9,10:00:00,7263.62105124507,2,10
2016-02-10,7235.3,7237.85,7228.9,7231.4,10:05:00,7260.923808269349,2,11
2016-02-10,7240.45,7241.85,7235.45,7235.6,10:10:00,7258.973921767506,2,12
2016-02-10,7231.05,7242.7,7229.75,7240.55,10:15:00,7256.314500646791,2,13
2016-02-10,7231.65,7233.15,7228.8,7231.1,10:20:00,7253.965500585193,2,14
2016-02-10,7228.35,7232.45,7226.25,7231.85,10:25:00,7251.525929100889,2,15
2016-02-10,7220.2,7228.4,7213.5,7228.4,10:30:00,7248.542507281756,2,16
2016-02-10,7221.6,7225.4,7220.15,7220.25,10:35:00,7245.976554207303,2,17
2016-02-10,7227.35,7229.7,7217.45,7222.1,10:40:00,7244.20259666375,2,18
2016-02-10,7221.85,7231.6,7221.75,7227.4,10:45:00,7242.07377793387,2,19
2016-02-10,7222.7,7226.45,7221.55,7222.0,10:50:00,7240.228656225882,2,20
2016-02-10,7229.4,7231.1,7221.85,7222.45,10:55:00,7239.197355632941,2,21
2016-02-10,7223.25,7229.35,7223.0,7229.35,11:00:00,7237.678559858376,2,22
2016-02-10,7226.7,7227.85,7220.3,7223.05,11:05:00,7236.6329827290065,2,23
2016-02-10,7218.3,7229.35,7218.3,7226.8,11:10:00,7234.886984373863,2,24
2016-02-10,7224.1,7227.5,7213.95,7217.95,11:15:00,7233.859652528733,2,25
2016-02-10,7223.6,7225.9,7220.9,7224.0,11:20:00,7232.882542764091,2,26
2016-02-10,7223.05,7227.75,7221.35,7223.85,11:25:00,7231.946110119892,2,27
2016-02-10,7239.75,7239.75,7222.7,7222.7,11:30:00,7232.689337727522,2,28
2016-02-10,7238.6,7242.55,7237.45,7239.7,11:35:00,7233.252257943948,2,29
2016-02-10,7229.25,7238.8,7229.25,7238.8,11:40:00,7232.871090520715,2,30
2016-02-10,7232.55,7235.1,7229.2,7229.45,11:45:00,7232.840510471124,2,31
2016-02-10,7239.55,7239.9,7231.25,7232.65,11:50:00,7233.479509473874,2,32
2016-02-10,7236.35,7245.65,7235.7,7239.3,11:55:00,7233.752889523981,2,33
2016-02-10,7233.0,7237.9,7231.0,7236.3,12:00:00,7233.681185759793,2,34
2016-02-10,7227.5,7233.05,7225.95,7232.75,12:05:00,7233.092501401717,2,35
2016-02-10,7226.35,7229.55,7223.55,7227.7,12:10:00,7232.450358411078,2,36
2016-02-10,7235.3,7240.4,7225.75,7226.65,12:15:00,7232.721752848118,2,37
2016-02-10,7232.15,7235.85,7229.9,7235.15,12:20:00,7232.667300195916,2,38
2016-02-10,7235.6,7235.9,7228.7,7232.35,12:25:00,7232.946604939162,2,39
2016-02-10,7233.15,7246.4,7233.15,7235.8,12:30:00,7232.965975897338,2,40
2016-02-10,7228.65,7237.95,7228.05,7233.85,12:35:00,7232.554930573781,2,41
2016-02-10,7233.15,7234.15,7225.45,7229.05,12:40:00,7232.611603852469,2,42
2016-02-10,7240.55,7241.55,7233.25,7233.25,12:45:00,7233.367641580805,2,43
2016-02-10,7238.25,7244.6,7236.3,7240.7,12:50:00,7233.832628096919,2,44
2016-02-10,7240.75,7242.4,7236.4,7238.55,12:55:00,7234.491425421022,2,45
2016-02-10,7230.7,7241.15,7226.65,7240.8,13:00:00,7234.130337285686,2,46
2016-02-10,7229.3,7231.85,7225.05,7230.55,13:05:00,7233.67030516324,2,47
2016-02-10,7229.35,7230.95,7224.05,7229.25,13:10:00,7233.258847528646,2,48
2016-02-10,7224.7,7229.5,7223.15,7229.3,13:15:00,7232.443719192584,2,49
2016-02-10,7227.35,7230.65,7224.75,7225.15,13:20:00,7231.958603079005,2,50
2016-02-10,7229.9,7230.6,7224.1,7227.5,13:25:00,7231.76254564291,2,51
2016-02-10,7230.3,7233.7,7226.95,7230.4,13:30:00,7231.62325558168,2,52
2016-02-10,7222.9,7233.35,7221.15,7230.25,13:35:00,7230.792469335806,2,53
2016-02-10,7217.85,7223.55,7207.45,7223.1,13:40:00,7229.559853208587,2,54
2016-02-10,7189.45,7217.75,7188.25,7217.65,13:45:00,7225.739867188721,2,55
2016-02-10,7187.4,7193.8,7177.75,7188.95,13:50:00,7222.088451265986,2,56
2016-02-10,7191.85,7195.85,7184.9,7187.0,13:55:00,7219.208598764463,2,57
2016-02-10,7193.7,7197.25,7189.05,7191.95,14:00:00,7216.779208405943,2,58
2016-02-10,7197.35,7197.7,7188.05,7193.25,14:05:00,7214.928807605376,2,59
2016-02-10,7207.85,7216.15,7196.6,7197.7,14:10:00,7214.254635452483,2,60
2016-02-10,7215.55,7217.9,7207.35,7207.35,14:15:00,7214.3780035046275,2,61
2016-02-10,7229.95,7234.85,7215.5,7215.5,14:20:00,7215.861050789901,2,62
2016-02-10,7230.65,7246.8,7227.4,7229.55,14:25:00,7217.269522143244,2,63
2016-02-10,7247.5,7247.5,7230.5,7230.5,14:30:00,7220.148615272459,2,64
2016-02-10,7239.35,7256.8,7238.4,7247.75,14:35:00,7221.977318579844,2,65
2016-02-10,7246.85,7252.55,7231.15,7239.1,14:40:00,7224.346145381764,2,66
2016-02-10,7231.6,7248.95,7231.6,7247.05,14:45:00,7225.036988678738,2,67
2016-02-10,7219.15,7241.35,7217.35,7232.3,14:50:00,7224.476323090286,2,68
2016-02-10,7216.55,7224.8,7211.6,7219.0,14:55:00,7223.721435176926,2,69
2016-02-10,7217.35,7229.35,7214.05,7215.65,15:00:00,7223.114631826743,2,70
2016-02-10,7198.65,7219.3,7198.25,7216.9,15:05:00,7220.784666890862,2,71
2016-02-10,7206.45,7215.2,7198.3,7199.05,15:10:00,7219.419460520304,2,72
2016-02-10,7218.6,7218.8,7204.25,7206.55,15:15:00,7219.341416661227,2,73
2016-02-10,7218.9,7226.3,7218.5,7218.5,15:20:00,7219.299376979206,2,74
2016-02-10,7220.25,7224.25,7219.5,7219.5,15:25:00,7219.389912504996,2,75
2016-02-11,7173.0,7208.65,7167.8,7203.0,09:15:00,7214.971825599758,3,1
2016-02-11,7185.75,7187.05,7172.65,7173.15,09:20:00,7212.188794590257,3,2
2016-02-11,7177.3,7191.15,7176.9,7186.05,09:25:00,7208.866052248328,3,3
2016-02-11,7183.3,7184.4,7170.1,7177.25,09:30:00,7206.431190129439,3,4
2016-02-11,7177.9,7185.4,7177.05,7183.45,09:35:00,7203.713933926636,3,5
2016-02-11,7165.4,7177.7,7162.8,7177.7,09:40:00,7200.064987838386,3,6
2016-02-11,7158.65,7168.7,7153.75,7165.75,09:45:00,7196.120703282349,3,7
2016-02-11,7158.3,7166.05,7158.3,7158.75,09:50:00,7192.518731541173,3,8
2016-02-11,7161.4,7162.45,7154.75,7157.9,09:55:00,7189.555042822965,3,9
2016-02-11,7153.3,7164.85,7152.95,7161.45,10:00:00,7186.10218160173,3,10
2016-02-11,7149.5,7155.55,7147.25,7152.75,10:05:00,7182.616259544422,3,11
2016-02-11,7152.65,7153.05,7142.65,7149.55,10:10:00,7179.762330064001,3,12
2016-02-11,7160.15,7163.75,7150.65,7152.7,10:15:00,7177.894489105524,3,13
2016-02-11,7147.8,7162.1,7146.15,7160.25,10:20:00,7175.028347285951,3,14
2016-02-11,7155.05,7155.35,7147.35,7148.25,10:25:00,7173.125647544432,3,15
2016-02-11,7163.95,7165.2,7152.2,7154.65,10:30:00,7172.251776349724,3,16
2016-02-11,7160.1,7166.85,7159.4,7163.6,10:35:00,7171.094464316417,3,17
2016-02-11,7158.95,7162.6,7156.15,7160.15,10:40:00,7169.937848667234,3,18
2016-02-11,7158.75,7159.85,7156.4,7158.7,10:45:00,7168.872339270354,3,19
2016-02-11,7156.45,7160.65,7154.7,7158.7,10:50:00,7167.689259339844,3,20
2016-02-11,7151.4,7157.5,7150.5,7156.5,10:55:00,7166.1379013074775,3,21
2016-02-11,7149.95,7151.95,7147.05,7151.0,11:00:00,7164.596196421051,3,22
2016-02-11,7146.3,7150.05,7144.5,7150.05,11:05:00,7162.853701523808,3,23
2016-02-11,7146.15,7148.15,7144.4,7146.35,11:10:00,7161.262872807255,3,24
2016-02-11,7152.3,7153.3,7144.05,7146.3,11:15:00,7160.409265873231,3,25
2016-02-11,7147.6,7152.4,7145.3,7152.25,11:20:00,7159.189335790066,3,26
2016-02-11,7138.75,7149.0,7133.85,7147.1,11:25:00,7157.242732381488,3,27
2016-02-11,7141.65,7143.85,7137.85,7138.7,11:30:00,7155.757710249917,3,28
2016-02-11,7146.05,7147.3,7138.5,7141.4,11:35:00,7154.833166416592,3,29
2016-02-11,7144.0,7147.55,7140.35,7145.25,11:40:00,7153.801436281678,3,30
2016-02-11,7137.4,7145.15,7133.7,7143.5,11:45:00,7152.239394731042,3,31
2016-02-11,7137.0,7137.75,7128.15,7137.5,11:50:00,7150.788023804275,3,32
2016-02-11,7138.9,7139.0,7130.0,7137.05,11:55:00,7149.655831061011,3,33
2016-02-11,7131.7,7138.7,7128.8,7138.65,12:00:00,7147.945751912343,3,34
2016-02-11,7128.05,7132.3,7126.55,7130.85,12:05:00,7146.050918396882,3,35
2016-02-11,7133.8,7134.15,7126.6,7127.6,12:10:00,7144.884164263845,3,36
2016-02-11,7138.55,7140.65,7133.1,7133.75,12:15:00,7144.280910524431,3,37
2016-02-11,7134.65,7139.65,7131.35,7138.75,12:20:00,7143.363680950676,3,38
2016-02-11,7132.65,7136.5,7132.25,7134.6,12:25:00,7142.343330383946,3,39
2016-02-11,7137.2,7144.2,7132.65,7132.8,12:30:00,7141.853489394999,3,40
2016-02-11,7134.0,7140.35,7133.45,7137.3,12:35:00,7141.105538024047,3,41
2016-02-11,7132.35,7134.25,7129.1,7133.9,12:40:00,7140.271677259852,3,42
2016-02-11,7132.2,7132.85,7127.15,7132.2,12:45:00,7139.502946092247,3,43
2016-02-11,7131.9,7133.0,7124.9,7131.9,12:50:00,7138.778855988224,3,44
2016-02-11,7131.6,7133.9,7129.6,7132.35,12:55:00,7138.095155417916,3,45
2016-02-11,7119.7,7131.65,7114.75,7131.5,13:00:00,7136.343235854305,3,46
2016-02-11,7113.4,7135.5,7110.85,7119.95,13:05:00,7134.158165772942,3,47
2016-02-11,7116.95,7126.85,7108.7,7113.55,13:10:00,7132.519292842186,3,48
2016-02-11,7116.35,7123.3,7115.35,7117.25,13:15:00,7130.979360190549,3,49
2016-02-11,7118.85,7120.1,7115.3,7116.1,13:20:00,7129.824183029545,3,50
2016-02-11,7118.8,7119.7,7113.8,7118.65,13:25:00,7128.774260836255,3,51
2016-02-11,7116.95,7119.65,7109.05,7119.1,13:30:00,7127.648140756612,3,52
2016-02-11,7099.8,7116.75,7094.45,7116.75,13:35:00,7124.99593687503,3,53
2016-02-11,7090.65,7103.45,7089.85,7099.4,13:40:00,7121.724895267884,3,54
2016-02-11,7085.75,7095.2,7077.75,7090.55,13:45:00,7118.298714766181,3,55
2016-02-11,7066.55,7085.05,7061.8,7084.75,13:50:00,7113.37026574083,3,56
2016-02-11,7078.2,7080.85,7063.0,7066.3,13:55:00,7110.020716622656,3,57
2016-02-11,7076.5,7091.25,7075.0,7078.8,14:00:00,7106.828267420498,3,58
2016-02-11,7058.25,7080.25,7055.15,7076.9,14:05:00,7102.201765761403,3,59
2016-02-11,7064.8,7066.8,7045.7,7058.1,14:10:00,7098.639692831745,3,60
2016-02-11,7050.3,7065.75,7049.65,7064.45,14:15:00,7094.035912562055,3,61
2016-02-11,7034.2,7051.25,7032.25,7049.7,14:20:00,7088.337254222813,3,62
2016-02-11,7039.45,7050.8,7030.45,7034.55,14:25:00,7083.681325249212,3,63
2016-02-11,7018.25,7039.65,7011.7,7039.65,14:30:00,7077.449770463572,3,64
2016-02-11,7027.55,7029.35,7003.75,7018.6,14:35:00,7072.697411371804,3,65
2016-02-11,6997.6,7031.65,6995.9,7026.85,14:40:00,7065.545276955442,3,66
2016-02-11,6994.95,7003.85,6983.4,6998.95,14:45:00,7058.8219172454,3,67
2016-02-11,7000.3,7010.55,6989.2,6994.9,14:50:00,7053.248401317267,3,68
2016-02-11,6979.5,7006.2,6979.1,7000.9,14:55:00,7046.224744048956,3,69
2016-02-11,6965.25,6982.85,6963.6,6978.2,15:00:00,7038.512863663341,3,70
2016-02-11,6995.65,6998.8,6963.0,6964.85,15:05:00,7034.430686171594,3,71
2016-02-11,6995.0,7008.1,6994.5,6995.95,15:10:00,7030.67538272668,3,72
2016-02-11,6984.3,6997.25,6974.75,6994.65,15:15:00,7026.258679609854,3,73
2016-02-11,6960.45,6984.4,6960.05,6984.4,15:20:00,7019.991186313677,3,74
2016-02-11,6975.7,6984.2,6959.95,6960.75,15:25:00,7015.772978093327,3,75
2016-02-12,7006.85,7026.4,6985.55,7019.2,09:15:00,7014.923170655867,4,1
2016-02-12,6955.15,7007.25,6952.95,7006.45,09:20:00,7009.23048773626,4,2
2016-02-12,6994.2,6995.2,6955.55,6955.55,09:25:00,7007.799012713759,4,3
2016-02-12,6992.6,7005.6,6988.45,6995.4,09:30:00,7006.3514876934005,4,4
2016-02-12,6992.9,7001.35,6989.15,6992.55,09:35:00,7005.070393627362,4,5
2016-02-12,6979.45,6996.8,6970.2,6993.65,09:40:00,7002.630356139041,4,6
2016-02-12,6970.15,6981.15,6962.75,6979.15,09:45:00,6999.536988887704,4,7
2016-02-12,6978.35,6978.55,6963.7,6970.35,09:50:00,6997.519180422209,4,8
2016-02-12,6968.75,6979.0,6966.25,6977.75,09:55:00,6994.779258477236,4,9
2016-02-12,6969.95,6972.6,6962.9,6968.7,10:00:00,6992.414567193689,4,10
2016-02-12,6957.8,6971.85,6957.8,6970.4,10:05:00,6989.117941746671,4,11
2016-02-12,6954.15,6959.9,6943.1,6957.6,10:10:00,6985.787661580322,4,12
2016-02-12,6931.2,6955.45,6930.3,6954.0,10:15:00,6980.58883666791,4,13
2016-02-12,6929.5,6936.4,6919.7,6931.75,10:20:00,6975.723233175728,4,14
2016-02-12,6941.95,6942.45,6924.55,6929.95,10:25:00,6972.50673477804,4,15
2016-02-12,6952.4,6952.4,6938.5,6942.05,10:30:00,6970.591807656321,4,16
2016-02-12,6963.15,6983.7,6952.7,6952.75,10:35:00,6969.883064070004,4,17
2016-02-12,6973.7,6986.15,6963.05,6963.65,10:40:00,6970.246581777623,4,18
2016-02-12,6984.5,6985.55,6968.75,6974.05,10:45:00,6971.604050179754,4,19
2016-02-12,6962.85,6984.15,6955.05,6984.15,10:50:00,6970.770331115015,4,20
2016-02-12,6969.5,6972.4,6959.05,6962.9,10:55:00,6970.6493471993,4,21
2016-02-12,6968.35,6975.7,6963.05,6969.35,11:00:00,6970.430361751747,4,22
2016-02-12,6966.85,6971.55,6964.3,6968.4,11:05:00,6970.089374918247,4,23
2016-02-12,6954.45,6967.25,6950.9,6967.25,11:10:00,6968.599910640319,4,24
2016-02-12,6954.5,6955.6,6946.1,6954.15,11:15:00,6967.257062007907,4,25
2016-02-12,6953.55,6955.3,6945.9,6954.7,11:20:00,6965.951627530963,4,26
2016-02-12,6936.3,6953.75,6929.9,6953.3,11:25:00,6963.127663004206,4,27
2016-02-12,6939.8,6945.1,6930.8,6936.4,11:30:00,6960.905980813329,4,28
2016-02-12,6933.7,6943.05,6931.5,6939.9,11:35:00,6958.314935021584,4,29
2016-02-12,6924.2,6936.85,6924.2,6933.6,11:40:00,6955.065893590957,4,30
2016-02-12,6913.95,6927.35,6908.2,6924.05,11:45:00,6951.150094201343,4,31
2016-02-12,6928.8,6930.2,6913.85,6913.85,11:50:00,6949.021513801215,4,32
2016-02-12,6919.4,6932.1,6916.7,6929.05,11:55:00,6946.200417248718,4,33
2016-02-12,6915.45,6919.5,6909.95,6919.3,12:00:00,6943.2718060821735,4,34
2016-02-12,6917.5,6922.05,6914.2,6915.9,12:05:00,6940.817348360062,4,35
2016-02-12,6912.3,6918.8,6910.65,6917.6,12:10:00,6938.101410421009,4,36
2016-02-12,6906.15,6914.05,6901.3,6912.8,12:15:00,6935.0584189523415,4,37
2016-02-12,6901.0,6913.1,6901.0,6905.8,12:20:00,6931.8147600045,4,38
2016-02-12,6892.85,6900.5,6888.2,6900.5,12:25:00,6928.103830480261,4,39
2016-02-12,6873.7,6896.3,6869.0,6893.3,12:30:00,6922.922513291665,4,40
2016-02-12,6908.3,6909.85,6873.55,6873.85,12:35:00,6921.529892978174,4,41
2016-02-12,6935.65,6935.65,6899.45,6908.4,12:40:00,6922.874665075491,4,42
2016-02-12,6935.45,6949.45,6916.3,6937.55,12:45:00,6924.072316020683,4,43
2016-02-12,6935.15,6936.5,6922.55,6935.55,12:50:00,6925.127333542522,4,44
2016-02-12,6933.05,6940.15,6926.7,6935.35,12:55:00,6925.88187320514,4,45
2016-02-12,6934.0,6940.6,6930.7,6933.3,13:00:00,6926.655028137983,4,46
2016-02-12,6955.8,6965.55,6933.15,6934.4,13:05:00,6929.43073974389,4,47
2016-02-12,6939.9,6959.05,6939.05,6956.25,13:10:00,6930.427812149233,4,48
2016-02-12,6935.05,6942.55,6929.0,6940.35,13:15:00,6930.8680205159735,4,49
2016-02-12,6942.45,6944.85,6931.85,6934.9,13:20:00,6931.971066181119,4,50
2016-02-12,6950.3,6954.85,6942.25,6942.7,13:25:00,6933.716678925774,4,51
2016-02-12,6956.6,6959.0,6946.25,6950.9,13:30:00,6935.896042837605,4,52
2016-02-12,6986.55,6988.25,6955.45,6956.5,13:35:00,6940.720229234024,4,53
2016-02-12,6998.15,7001.35,6968.7,6986.5,13:40:00,6946.189731211735,4,54
2016-02-12,6985.2,7002.35,6970.25,6998.05,13:45:00,6949.904994905855,4,55
2016-02-12,6975.25,6987.45,6973.55,6985.85,13:50:00,6952.318804914821,4,56
2016-02-12,6963.8,6978.0,6955.3,6975.3,13:55:00,6953.412252065791,4,57
2016-02-12,6958.4,6969.0,6957.2,6963.05,14:00:00,6953.887275678573,4,58
2016-02-12,6975.8,6978.35,6958.0,6958.0,14:05:00,6955.974201804424,4,59
2016-02-12,6970.5,6978.2,6964.75,6975.55,14:10:00,6957.357611156383,4,60
2016-02-12,6977.45,6978.3,6970.8,6970.8,14:15:00,6959.271171998633,4,61
2016-02-12,6984.1,6985.0,6966.15,6977.35,14:20:00,6961.6358222844765,4,62
2016-02-12,6997.0,7001.8,6983.7,6983.9,14:25:00,6965.003839209764,4,63
2016-02-12,7005.35,7011.1,6992.3,6996.7,14:30:00,6968.846330713596,4,64
2016-02-12,7005.9,7010.55,6994.05,7005.4,14:35:00,6972.375251598016,4,65
2016-02-12,7006.9,7013.3,7001.4,7005.25,14:40:00,6975.663322874395,4,66
2016-02-12,7029.3,7034.8,7004.95,7007.6,14:45:00,6980.771577838738,4,67
2016-02-12,7008.2,7029.25,7008.2,7029.25,14:50:00,6983.383808520764,4,68
2016-02-12,6992.7,7008.55,6978.1,7008.55,14:55:00,6984.271064852119,4,69
2016-02-12,6987.3,7006.05,6980.7,6992.8,15:00:00,6984.559534866203,4,70
2016-02-12,6974.55,6986.85,6971.6,6986.75,15:05:00,6983.606245831326,4,71
2016-02-12,6982.15,6987.2,6972.0,6975.0,15:10:00,6983.467555752152,4,72
2016-02-12,6981.0,6987.6,6979.95,6981.8,15:15:00,6983.232550442423,4,73
2016-02-12,6975.9,6983.0,6974.9,6981.25,15:20:00,6982.53421230505,4,74
2016-02-12,6970.55,6976.75,6966.1,6975.75,15:25:00,6981.392858752188,4,75
2016-02-15,7074.85,7083.9,7056.8,7056.8,09:15:00,6990.293538871028,0,1
2016-02-15,7088.95,7092.3,7075.3,7075.3,09:20:00,6999.689392311882,0,2
2016-02-15,7086.2,7096.05,7084.0,7089.15,09:25:00,7007.928497805989,0,3
2016-02-15,7098.75,7102.7,7086.0,7086.0,09:30:00,7016.5781646816085,0,4
2016-02-15,7112.05,7113.95,7098.2,7098.9,09:35:00,7025.670720426217,0,5
2016-02-15,7104.6,7118.1,7103.5,7111.7,09:40:00,7033.187794671338,0,6
2016-02-15,7114.6,7114.6,7101.6,7104.55,09:45:00,7040.941338035973,0,7
2016-02-15,7123.85,7124.9,7114.75,7114.75,09:50:00,7048.837401080165,0,8
2016-02-15,7130.4,7133.65,7121.55,7123.75,09:55:00,7056.605267643959,0,9
2016-02-15,7119.1,7132.3,7117.4,7130.65,10:00:00,7062.557146915962,0,10
2016-02-15,7121.0,7123.4,7115.95,7118.95,10:05:00,7068.123132923965,0,11
2016-02-15,7126.75,7128.1,7119.1,7120.95,10:10:00,7073.706644074065,0,12
2016-02-15,7132.3,7133.85,7125.9,7127.15,10:15:00,7079.286963686058,0,13
2016-02-15,7131.55,7136.6,7128.05,7132.65,10:20:00,7084.264395715957,0,14
2016-02-15,7130.2,7134.55,7129.0,7132.0,10:25:00,7088.63921517158,0,15
2016-02-15,7129.7,7132.9,7127.9,7129.95,10:30:00,7092.54976610762,0,16
2016-02-15,7134.95,7135.1,7127.8,7129.9,10:35:00,7096.58788362118,0,17
2016-02-15,7136.45,7140.75,7133.8,7134.5,10:40:00,7100.384275657258,0,18
2016-02-15,7137.8,7140.2,7135.25,7136.5,10:45:00,7103.947677975614,0,19
2016-02-15,7135.75,7138.1,7133.7,7137.7,10:50:00,7106.976470549365,0,20
2016-02-15,7141.45,7142.3,7134.95,7135.8,10:55:00,7110.259663830378,0,21
2016-02-15,7148.05,7148.5,7141.65,7141.65,11:00:00,7113.858743465579,0,22
2016-02-15,7152.3,7152.6,7146.85,7147.75,11:05:00,7117.519815516477,0,23
2016-02-15,7149.5,7155.05,7144.7,7152.55,11:10:00,7120.565547372051,0,24
2016-02-15,7158.85,7161.1,7148.95,7149.65,11:15:00,7124.21168571757,0,25
2016-02-15,7157.1,7159.7,7152.75,7159.05,11:20:00,7127.34390612542,0,26
2016-02-15,7154.3,7158.05,7150.15,7157.45,11:25:00,7129.911153161095,0,27
2016-02-15,7156.65,7157.6,7150.25,7154.75,11:30:00,7132.457710002896,0,28
2016-02-15,7155.2,7160.75,7154.65,7156.25,11:35:00,7134.623642383572,0,29
2016-02-15,7158.3,7159.2,7152.45,7155.8,11:40:00,7136.878533585136,0,30
2016-02-15,7156.9,7159.1,7154.45,7158.05,11:45:00,7138.7853399103615,0,31
2016-02-15,7151.05,7158.0,7151.05,7157.2,11:50:00,7139.953402776042,0,32
2016-02-15,7140.9,7151.45,7140.0,7151.45,11:55:00,7140.043554892609,0,33
2016-02-15,7146.25,7146.75,7138.95,7140.65,12:00:00,7140.634644902837,0,34
2016-02-15,7148.55,7151.2,7144.05,7146.45,12:05:00,7141.388488245424,0,35
2016-02-15,7153.55,7155.95,7145.05,7148.4,12:10:00,7142.546727460146,0,36
2016-02-15,7147.35,7155.3,7147.0,7153.65,12:15:00,7143.004181987751,0,37
2016-02-15,7153.8,7158.0,7146.85,7148.1,12:20:00,7144.032355131774,0,38
2016-02-15,7156.2,7157.65,7152.85,7154.55,12:25:00,7145.191178452558,0,39
2016-02-15,7158.35,7163.9,7156.2,7157.05,12:30:00,7146.444399552314,0,40
2016-02-15,7157.5,7160.2,7156.6,7158.45,12:35:00,7147.497313880665,0,41
2016-02-15,7160.85,7163.55,7155.95,7157.75,12:40:00,7148.768998272984,0,42
2016-02-15,7158.85,7167.45,7157.7,7161.05,12:45:00,7149.729093675557,0,43
2016-02-15,7157.25,7161.9,7157.15,7158.9,12:50:00,7150.445370468361,0,44
2016-02-15,7155.65,7158.2,7152.15,7157.05,12:55:00,7150.941049471375,0,45
2016-02-15,7158.4,7163.6,7156.15,7156.15,13:00:00,7151.651425712196,0,46
2016-02-15,7158.85,7162.1,7156.4,7158.75,13:05:00,7152.337004215797,0,47
2016-02-15,7162.15,7163.45,7158.75,7158.75,13:10:00,7153.271575242864,0,48
2016-02-15,7164.85,7166.1,7160.9,7162.5,13:15:00,7154.374282362592,0,49
2016-02-15,7168.0,7168.55,7163.35,7164.55,13:20:00,7155.671969756631,0,50
2016-02-15,7179.4,7182.8,7166.45,7167.9,13:25:00,7157.931782160761,0,51
2016-02-15,7161.25,7180.6,7161.25,7180.3,13:30:00,7158.2478029073545,0,52
2016-02-15,7161.3,7167.7,7159.35,7161.5,13:35:00,7158.538488344749,0,53
2016-02-15,7162.6,7169.35,7159.9,7161.2,13:40:00,7158.925298978582,0,54
2016-02-15,7166.05,7172.55,7161.5,7161.5,13:45:00,7159.6038419330025,0,55
2016-02-15,7170.45,7171.65,7164.75,7166.2,13:50:00,7160.636809367954,0,56
2016-02-15,7168.75,7171.05,7168.4,7170.0,13:55:00,7161.409494190054,0,57
2016-02-15,7167.85,7172.75,7164.5,7169.15,14:00:00,7162.022875695763,0,58
2016-02-15,7174.7,7176.35,7166.1,7167.75,14:05:00,7163.230220867596,0,59
2016-02-15,7171.75,7175.95,7170.3,7174.8,14:10:00,7164.041628404015,0,60
2016-02-15,7159.8,7171.95,7159.3,7171.45,14:15:00,7163.637663794108,0,61
2016-02-15,7162.6,7164.55,7150.2,7160.55,14:20:00,7163.53883867086,0,62
2016-02-15,7165.25,7168.85,7158.7,7162.4,14:25:00,7163.701806416492,0,63
2016-02-15,7166.1,7168.7,7162.7,7165.2,14:30:00,7163.930205805398,0,64
2016-02-15,7173.3,7175.35,7166.35,7166.35,14:35:00,7164.822567157265,0,65
2016-02-15,7176.95,7177.55,7172.45,7173.7,14:40:00,7165.977560761336,0,66
2016-02-15,7173.55,7178.15,7167.4,7177.2,14:45:00,7166.6987454507325,0,67
2016-02-15,7162.0,7175.7,7158.65,7173.4,14:50:00,7166.251245883996,0,68
2016-02-15,7162.7,7169.05,7158.85,7162.2,14:55:00,7165.9130319902815,0,69
2016-02-15,7162.95,7166.3,7158.65,7162.6,15:00:00,7165.630838467398,0,70
2016-02-15,7163.0,7167.95,7161.45,7162.9,15:05:00,7165.380282422883,0,71
2016-02-15,7162.75,7171.7,7162.15,7163.4,15:10:00,7165.12977933499,0,72
2016-02-15,7157.15,7167.25,7156.85,7163.05,15:15:00,7164.369800350705,0,73
2016-02-15,7154.3,7160.6,7153.05,7156.9,15:20:00,7163.410771745876,0,74
2016-02-15,7156.7,7157.15,7152.7,7155.45,15:25:00,7162.771650627221,0,75
2016-02-16,7181.1,7198.15,7174.0,7197.85,09:15:00,7164.517207710343,1,1
2016-02-16,7177.7,7186.35,7170.4,7180.8,09:20:00,7165.772711737929,1,2
2016-02-16,7160.5,7178.8,7160.5,7178.35,09:25:00,7165.270548715269,1,3
2016-02-16,7144.55,7161.05,7140.05,7160.35,09:30:00,7163.297163123339,1,4
2016-02-16,7134.75,7143.8,7123.4,7143.8,09:35:00,7160.57838568302,1,5
2016-02-16,7136.1,7140.6,7125.95,7134.55,09:40:00,7158.247110856066,1,6
2016-02-16,7141.4,7141.95,7127.5,7136.65,09:45:00,7156.642624107869,1,7
2016-02-16,7150.8,7152.95,7139.15,7142.0,09:50:00,7156.086183716643,1,8
2016-02-16,7147.7,7151.95,7143.2,7150.6,09:55:00,7155.287499553154,1,9
2016-02-16,7141.6,7151.8,7141.6,7147.1,10:00:00,7153.983928167138,1,10
2016-02-16,7136.4,7142.6,7134.95,7141.2,10:05:00,7152.309268341696,1,11
2016-02-16,7129.7,7136.45,7127.6,7136.45,10:10:00,7150.156004690106,1,12
2016-02-16,7140.95,7141.0,7128.05,7129.5,10:15:00,7149.279242338667,1,13
2016-02-16,7144.35,7144.35,7135.7,7141.05,10:20:00,7148.809790687366,1,14
2016-02-16,7146.2,7147.75,7142.25,7144.3,10:25:00,7148.561239193331,1,15
2016-02-16,7141.6,7146.5,7140.35,7145.95,10:30:00,7147.898264032061,1,16
2016-02-16,7140.95,7143.3,7139.15,7141.8,10:35:00,7147.236524600436,1,17
2016-02-16,7144.15,7144.65,7137.2,7141.15,10:40:00,7146.9425698765845,1,18
2016-02-16,7148.2,7148.2,7142.9,7144.2,10:45:00,7147.062325126433,1,19
2016-02-16,7154.5,7158.9,7147.3,7147.65,10:50:00,7147.770675114392,1,20
2016-02-16,7158.05,7167.6,7154.7,7154.9,10:55:00,7148.749658436831,1,21
2016-02-16,7153.0,7161.5,7153.0,7157.85,11:00:00,7149.1544528714185,1,22
2016-02-16,7150.0,7154.2,7146.75,7152.8,11:05:00,7149.234981169378,1,23
2016-02-16,7147.9,7154.9,7147.05,7150.2,11:10:00,7149.107840105628,1,24
2016-02-16,7136.3,7149.0,7135.05,7148.35,11:15:00,7147.888045809854,1,25
2016-02-16,7119.2,7137.2,7116.8,7136.15,11:20:00,7145.15585097082,1,26
2016-02-16,7118.45,7126.4,7115.05,7118.65,11:25:00,7142.612436592647,1,27
2016-02-16,7114.05,7123.35,7110.9,7118.55,11:30:00,7139.892204536204,1,28
2016-02-16,7122.3,7122.3,7112.7,7113.65,11:35:00,7138.216756485137,1,29
2016-02-16,7121.45,7131.0,7120.75,7122.1,11:40:00,7136.619922534172,1,30
2016-02-16,7125.65,7127.6,7118.95,7121.3,11:45:00,7135.575168007107,1,31
2016-02-16,7124.75,7126.65,7122.5,7125.8,11:50:00,7134.544199625479,1,32
2016-02-16,7131.2,7131.2,7124.2,7124.45,11:55:00,7134.225704423052,1,33
2016-02-16,7135.65,7138.1,7131.5,7131.5,12:00:00,7134.361351620856,1,34
2016-02-16,7124.3,7136.8,7123.4,7135.6,12:05:00,7133.403127656965,1,35
2016-02-16,7119.85,7125.3,7113.5,7124.5,12:10:00,7132.112353594396,1,36
2016-02-16,7118.45,7120.35,7116.0,7120.05,12:15:00,7130.811177061596,1,37
2016-02-16,7121.7,7123.8,7118.3,7118.85,12:20:00,7129.943445912872,1,38
2016-02-16,7120.8,7121.8,7114.85,7121.8,12:25:00,7129.072641540218,1,39
2016-02-16,7114.05,7120.4,7111.75,7120.4,12:30:00,7127.641913774482,1,40
2016-02-16,7104.1,7113.7,7100.7,7113.7,12:35:00,7125.399826748341,1,41
2016-02-16,7111.7,7114.3,7103.9,7104.4,12:40:00,7124.095081343738,1,42
2016-02-16,7112.15,7113.7,7107.1,7111.65,12:45:00,7122.957454549096,1,43
2016-02-16,7119.65,7119.65,7107.8,7112.1,12:50:00,7122.642458877754,1,44
2016-02-16,7119.4,7120.95,7115.5,7119.85,12:55:00,7122.333653270349,1,45
2016-02-16,7114.6,7119.6,7102.4,7118.85,13:00:00,7121.597114863649,1,46
2016-02-16,7115.0,7118.75,7111.35,7114.3,13:05:00,7120.968818209968,1,47
2016-02-16,7112.2,7119.75,7109.1,7115.65,13:10:00,7120.133692666162,1,48
2016-02-16,7122.6,7125.75,7111.5,7111.8,13:15:00,7120.368579078908,1,49
2016-02-16,7129.55,7130.45,7119.8,7123.1,13:20:00,7121.243000119011,1,50
2016-02-16,7133.35,7139.0,7128.65,7129.9,13:25:00,7122.396047726725,1,51
2016-02-16,7139.0,7140.5,7127.2,7133.25,13:30:00,7123.977376514656,1,52
2016-02-16,7126.2,7139.7,7126.2,7139.5,13:35:00,7124.189054941831,1,53
2016-02-16,7127.35,7132.65,7125.35,7126.35,13:40:00,7124.490097328324,1,54
2016-02-16,7121.35,7128.65,7116.75,7127.3,13:45:00,7124.191040439912,1,55
2016-02-16,7115.6,7124.5,7114.9,7121.55,13:50:00,7123.372846112302,1,56
2016-02-16,7109.9,7115.75,7100.85,7115.4,13:55:00,7122.08971791113,1,57
2016-02-16,7106.95,7113.5,7105.65,7110.15,14:00:00,7120.647840014832,1,58
2016-02-16,7102.55,7106.75,7091.35,7106.75,14:05:00,7118.924236203896,1,59
2016-02-16,7085.6,7105.65,7079.55,7102.8,14:10:00,7115.750499422572,1,60
2016-02-16,7082.15,7094.95,7082.15,7086.05,14:15:00,7112.550451858518,1,61
2016-02-16,7088.3,7090.7,7076.7,7081.85,14:20:00,7110.2408850148495,1,62
2016-02-16,7097.0,7097.35,7084.9,7088.5,14:25:00,7108.979848346768,1,63
2016-02-16,7069.6,7099.95,7063.7,7096.8,14:30:00,7105.229386599457,1,64
2016-02-16,7055.7,7069.75,7053.0,7069.0,14:35:00,7100.512302161413,1,65
2016-02-16,7047.4,7058.6,7042.75,7055.95,14:40:00,7095.45398766985,1,66
2016-02-16,7063.95,7071.55,7046.65,7048.05,14:45:00,7092.453607891769,1,67
2016-02-16,7064.15,7067.0,7055.6,7064.35,14:50:00,7089.758026187791,1,68
2016-02-16,7056.4,7069.0,7052.75,7064.25,14:55:00,7086.581071312763,1,69
2016-02-16,7053.85,7060.25,7047.35,7057.0,15:00:00,7083.463826425834,1,70
2016-02-16,7060.55,7064.45,7050.95,7053.7,15:05:00,7081.2815572424215,1,71
2016-02-16,7048.6,7060.9,7046.85,7060.4,15:10:00,7078.169027981239,1,72
2016-02-16,7040.3,7049.7,7037.7,7049.25,15:15:00,7074.562453887788,1,73
2016-02-16,7045.55,7046.6,7038.6,7040.6,15:20:00,7071.799363041332,1,74
2016-02-16,7044.6,7047.75,7041.45,7046.3,15:25:00,7069.208947513586,1,75
2016-02-17,7024.9,7057.05,7024.9,7057.05,09:15:00,7064.989047750387,2,1
2016-02-17,7041.35,7042.3,7019.4,7025.1,09:20:00,7062.737709869398,2,2
2016-02-17,7027.75,7042.95,7027.2,7040.95,09:25:00,7059.405547024693,2,3
2016-02-17,7013.6,7027.1,7012.6,7027.1,09:30:00,7055.043113974722,2,4
2016-02-17,7010.35,7014.85,7005.05,7012.65,09:35:00,7050.78662692951,2,5
2016-02-17,6988.2,7010.3,6986.1,7010.3,09:40:00,7044.825995793367,2,6
2016-02-17,6999.1,7001.55,6984.5,6988.0,09:45:00,7040.471139051141,2,7
2016-02-17,6991.15,6999.7,6988.95,6999.7,09:50:00,7035.773887712937,2,8
2016-02-17,6979.55,6991.4,6974.45,6991.4,09:55:00,7030.419231740276,2,9
2016-02-17,6975.7,6986.4,6974.85,6981.55,10:00:00,7025.207876336441,2,10
2016-02-17,6969.65,6979.35,6969.65,6973.95,10:05:00,7019.916650018684,2,11
2016-02-17,6971.95,6972.85,6960.65,6970.5,10:10:00,7015.348397635952,2,12
2016-02-17,6981.65,6982.35,6971.8,6971.8,10:15:00,7012.139026432528,2,13
2016-02-17,6996.35,7003.15,6981.6,6981.95,10:20:00,7010.635309629431,2,14
2016-02-17,6981.7,6997.4,6981.7,6997.4,10:25:00,7007.879565855199,2,15
2016-02-17,6996.4,6997.0,6981.1,6983.05,10:30:00,7006.786273868989,2,16
2016-02-17,7000.25,7002.05,6993.25,6996.3,10:35:00,7006.163771595752,2,17
2016-02-17,7001.85,7012.9,6999.9,7000.85,10:40:00,7005.752936205681,2,18
2016-02-17,6985.9,7002.65,6985.25,7002.65,10:45:00,7003.862180376568,2,19
2016-02-17,7002.2,7003.55,6985.4,6986.35,10:50:00,7003.703877483562,2,20
2016-02-17,7005.7,7007.45,7000.75,7001.9,10:55:00,7003.893984389889,2,21
2016-02-17,7004.0,7005.8,6996.05,7005.8,11:00:00,7003.9040811146615,2,22
2016-02-17,7019.7,7020.0,7001.85,7004.55,11:05:00,7005.408454341837,2,23
2016-02-17,7034.7,7034.7,7019.8,7019.8,11:10:00,7008.198125356899,2,24
2016-02-17,7039.15,7043.1,7029.65,7034.5,11:15:00,7011.145922941956,2,25
2016-02-17,7050.0,7055.35,7039.55,7039.55,11:20:00,7014.846311233198,2,26
2016-02-17,7049.1,7057.55,7044.15,7050.05,11:25:00,7018.108567306228,2,27
2016-02-17,7032.0,7049.0,7029.25,7049.0,11:30:00,7019.431560896111,2,28
2016-02-17,7037.55,7038.9,7029.95,7031.25,11:35:00,7021.157126525052,2,29
2016-02-17,7043.45,7045.9,7036.0,7038.45,11:40:00,7023.280257332191,2,30
2016-02-17,7033.05,7044.25,7030.2,7044.25,11:45:00,7024.210709014839,2,31
2016-02-17,7031.2,7036.85,7031.15,7033.95,11:50:00,7024.876355775331,2,32
2016-02-17,7035.85,7038.05,7029.15,7032.0,11:55:00,7025.921464749109,2,33
2016-02-17,7022.15,7036.7,7019.4,7036.7,12:00:00,7025.562277630146,2,34
2016-02-17,7025.55,7028.25,7018.15,7022.45,12:05:00,7025.561108332037,2,35
2016-02-17,7034.9,7036.45,7024.95,7025.95,12:10:00,7026.450526586129,2,36
2016-02-17,7023.55,7035.2,7022.9,7035.2,12:15:00,7026.174285958879,2,37
2016-02-17,7030.15,7030.15,7020.75,7023.7,12:20:00,7026.552925391366,2,38
2016-02-17,7028.9,7034.0,7026.6,7029.8,12:25:00,7026.776456306475,2,39
2016-02-17,7014.95,7032.25,7014.05,7028.2,12:30:00,7025.65012713443,2,40
2016-02-17,7010.5,7016.85,7004.8,7014.5,12:35:00,7024.207257883532,2,41
2016-02-17,7013.15,7016.75,7009.3,7012.2,12:40:00,7023.154185704148,2,42
2016-02-17,7001.2,7013.25,7000.3,7013.25,12:45:00,7021.063310875182,2,43
2016-02-17,7005.5,7007.65,6996.4,7002.0,12:50:00,7019.581090791831,2,44
2016-02-17,7021.5,7022.25,7002.05,7005.15,12:55:00,7019.763844049752,2,45
2016-02-17,7006.8,7021.75,7006.35,7021.75,13:00:00,7018.52919223549,2,46
2016-02-17,7007.25,7016.3,7005.15,7006.6,13:05:00,7017.454983451158,2,47
2016-02-17,7005.4,7008.05,6997.6,7007.2,13:10:00,7016.306889789144,2,48
2016-02-17,7004.35,7006.15,7000.6,7005.35,13:15:00,7015.1681383806535,2,49
2016-02-17,6999.9,7004.9,6993.95,7004.15,13:20:00,7013.714029963448,2,50
2016-02-17,7005.3,7009.55,6997.8,6999.85,13:25:00,7012.912693776454,2,51
2016-02-17,7010.1,7016.2,7005.3,7005.35,13:30:00,7012.644818178696,2,52
2016-02-17,7028.75,7029.05,7010.35,7010.35,13:35:00,7014.17864501882,2,53
2016-02-17,7017.1,7030.85,7014.05,7029.15,13:40:00,7014.456869302742,2,54
2016-02-17,7021.85,7024.1,7014.65,7017.0,13:45:00,7015.160976988195,2,55
2016-02-17,7022.45,7026.3,7018.6,7022.2,13:50:00,7015.855169655986,2,56
2016-02-17,7021.3,7023.0,7014.7,7021.95,13:55:00,7016.373724926844,2,57
2016-02-17,7046.5,7046.5,7020.0,7021.4,14:00:00,7019.242893981431,2,58
2016-02-17,7041.45,7056.95,7034.8,7046.8,14:05:00,7021.35785645939,2,59
2016-02-17,7044.65,7051.85,7037.45,7041.2,14:10:00,7023.57615584421,2,60
2016-02-17,7058.35,7061.15,7042.15,7044.35,14:15:00,7026.887950525715,2,61
2016-02-17,7047.05,7060.2,7041.6,7058.4,14:20:00,7028.808145713741,2,62
2016-02-17,7063.6,7073.15,7046.3,7047.1,14:25:00,7032.121655645767,2,63
2016-02-17,7084.35,7087.5,7063.1,7063.45,14:30:00,7037.095783679503,2,64
2016-02-17,7081.15,7097.45,7080.6,7084.65,14:35:00,7041.291423329074,2,65
2016-02-17,7091.45,7101.5,7079.5,7081.25,14:40:00,7046.068430631067,2,66
2016-02-17,7085.05,7105.2,7084.8,7091.5,14:45:00,7049.780961047156,2,67
2016-02-17,7096.25,7100.9,7079.45,7085.85,14:50:00,7054.206583804569,2,68
2016-02-17,7094.7,7102.55,7094.25,7096.35,14:55:00,7058.063099632705,2,69
2016-02-17,7098.6,7105.95,7094.35,7094.6,15:00:00,7061.923756810543,2,70
2016-02-17,7106.55,7106.65,7097.65,7098.9,15:05:00,7066.173875209539,2,71
2016-02-17,7110.6,7113.95,7106.2,7106.8,15:10:00,7070.404934713392,2,72
2016-02-17,7110.7,7112.4,7105.9,7110.55,15:15:00,7074.242559978783,2,73
2016-02-17,7113.4,7115.45,7109.8,7110.5,15:20:00,7077.971839980803,2,74
2016-02-17,7120.7,7123.7,7112.25,7113.3,15:25:00,7082.04118855406,2,75
2016-02-18,7200.05,7200.45,7175.3,7175.3,09:15:00,7093.280122977483,3,1
2016-02-18,7184.25,7205.55,7180.6,7199.75,09:20:00,7101.943920789151,3,2
2016-02-18,7197.6,7200.25,7184.65,7184.65,09:25:00,7111.054023571137,3,3
2016-02-18,7207.05,7209.2,7197.8,7197.8,09:30:00,7120.196497516743,3,4
2016-02-18,7202.4,7210.6,7192.7,7207.5,09:35:00,7128.025402515148,3,5
2016-02-18,7205.55,7206.35,7196.25,7202.65,09:40:00,7135.408697513705,3,6
2016-02-18,7202.8,7211.8,7202.8,7205.65,09:45:00,7141.826916798114,3,7
2016-02-18,7200.1,7208.25,7198.65,7203.0,09:50:00,7147.376734245913,3,8
2016-02-18,7189.65,7201.5,7189.25,7200.15,09:55:00,7151.402759555826,3,9
2016-02-18,7190.9,7191.2,7179.5,7189.85,10:00:00,7155.1644015028905,3,10
2016-02-18,7190.1,7197.05,7189.6,7191.0,10:05:00,7158.491601359758,3,11
2016-02-18,7188.5,7190.4,7181.6,7189.9,10:10:00,7161.3495440874,3,12
2016-02-18,7186.7,7193.6,7185.95,7188.45,10:15:00,7163.763873221934,3,13
2016-02-18,7189.2,7189.5,7179.8,7187.0,10:20:00,7166.186361486512,3,14
2016-02-18,7188.6,7189.55,7181.5,7189.15,10:25:00,7168.320993725892,3,15
2016-02-18,7188.15,7192.25,7185.45,7188.55,10:30:00,7170.209470513902,3,16
2016-02-18,7191.5,7192.35,7185.3,7188.35,10:35:00,7172.237139988768,3,17
2016-02-18,7193.8,7197.75,7188.25,7191.85,10:40:00,7174.290745704124,3,18
2016-02-18,7194.35,7194.95,7191.1,7193.7,10:45:00,7176.20115087516,3,19
2016-02-18,7200.3,7201.6,7194.65,7194.65,10:50:00,7178.49627936324,3,20
2016-02-18,7200.3,7202.35,7199.0,7200.4,10:55:00,7180.572824185789,3,21
2016-02-18,7206.15,7206.4,7200.1,7200.45,11:00:00,7183.008745691905,3,22
2016-02-18,7208.65,7215.1,7204.6,7206.25,11:05:00,7185.450769911724,3,23
2016-02-18,7197.45,7211.15,7197.45,7208.4,11:10:00,7186.593553729656,3,24
2016-02-18,7194.4,7198.05,7191.0,7197.2,11:15:00,7187.337024803021,3,25
2016-02-18,7186.8,7194.75,7186.55,7194.3,11:20:00,7187.2858795836855,3,26
2016-02-18,7167.6,7187.1,7162.95,7186.75,11:25:00,7185.4110339090485,3,27
2016-02-18,7177.9,7179.5,7167.85,7167.85,11:30:00,7184.695697346282,3,28
2016-02-18,7174.95,7178.15,7172.05,7177.55,11:35:00,7183.767535694255,3,29
2016-02-18,7172.25,7175.15,7168.4,7174.8,11:40:00,7182.670627532897,3,30
2016-02-18,7164.55,7175.25,7157.55,7172.5,11:45:00,7180.944853482145,3,31
2016-02-18,7162.85,7168.2,7159.15,7164.6,11:50:00,7179.221534102893,3,32
2016-02-18,7165.45,7165.45,7155.9,7162.7,11:55:00,7177.909959426427,3,33
2016-02-18,7170.4,7172.75,7165.25,7165.35,12:00:00,7177.194725195339,3,34
2016-02-18,7171.75,7177.15,7170.1,7170.45,12:05:00,7176.67617993864,3,35
2016-02-18,7168.3,7172.1,7164.65,7171.8,12:10:00,7175.878448515912,3,36
2016-02-18,7158.15,7168.2,7157.1,7168.2,12:15:00,7174.1900248477305,3,37
2016-02-18,7155.55,7159.7,7150.0,7157.7,12:20:00,7172.414784386042,3,38
2016-02-18,7151.8,7155.3,7144.85,7155.1,12:25:00,7170.451471587371,3,39
2016-02-18,7161.0,7161.5,7147.95,7151.6,12:30:00,7169.551331436193,3,40
2016-02-18,7158.3,7171.45,7158.25,7161.5,12:35:00,7168.479776061318,3,41
2016-02-18,7163.85,7165.5,7156.55,7158.25,12:40:00,7168.038845007859,3,42
2016-02-18,7170.75,7174.35,7163.75,7163.8,12:45:00,7168.297050245206,3,43
2016-02-18,7167.8,7174.05,7167.0,7170.65,12:50:00,7168.249712126615,3,44
2016-02-18,7153.7,7169.3,7153.2,7167.5,12:55:00,7166.864025257414,3,45
2016-02-18,7162.4,7163.35,7153.3,7153.45,13:00:00,7166.438879994803,3,46
2016-02-18,7163.95,7166.95,7160.25,7162.25,13:05:00,7166.201843804821,3,47
2016-02-18,7163.05,7166.0,7158.05,7164.0,13:10:00,7165.901668204361,3,48
2016-02-18,7167.35,7170.0,7162.25,7162.9,13:15:00,7166.039604565851,3,49
2016-02-18,7163.05,7170.45,7159.45,7167.6,13:20:00,7165.754880321484,3,50
2016-02-18,7172.75,7173.95,7162.7,7162.8,13:25:00,7166.4210821956285,3,51
2016-02-18,7169.0,7172.95,7162.0,7172.95,13:30:00,7166.666693415093,3,52
2016-02-18,7156.95,7171.9,7155.85,7169.7,13:35:00,7165.741294042226,3,53
2016-02-18,7159.7,7160.2,7147.2,7156.9,13:40:00,7165.165932704872,3,54
2016-02-18,7168.3,7169.95,7156.7,7159.5,13:45:00,7165.464415304408,3,55
2016-02-18,7152.2,7170.95,7152.0,7168.45,13:50:00,7164.20113765637,3,56
2016-02-18,7142.4,7155.3,7140.2,7151.5,13:55:00,7162.124838831954,3,57
2016-02-18,7151.4,7151.85,7141.65,7141.95,14:00:00,7161.103425609863,3,58
2016-02-18,7142.4,7155.5,7138.75,7151.35,14:05:00,7159.322146980352,3,59
2016-02-18,7146.9,7149.25,7137.55,7142.9,14:10:00,7158.139085363176,3,60
2016-02-18,7141.45,7147.1,7139.45,7146.45,14:15:00,7156.54964866192,3,61
2016-02-18,7132.15,7146.5,7132.0,7141.25,14:20:00,7154.22587259888,3,62
2016-02-18,7145.15,7145.15,7127.85,7131.65,14:25:00,7153.36150377994,3,63
2016-02-18,7155.55,7160.7,7142.25,7145.05,14:30:00,7153.569931991375,3,64
2016-02-18,7163.75,7166.9,7155.05,7155.4,14:35:00,7154.53946227791,3,65
2016-02-18,7178.65,7181.2,7162.9,7165.3,14:40:00,7156.8357039657285,3,66
2016-02-18,7178.8,7184.65,7174.15,7178.15,14:45:00,7158.927541683278,3,67
2016-02-18,7179.95,7192.4,7179.1,7179.1,14:50:00,7160.929680570585,3,68
2016-02-18,7181.25,7184.7,7173.2,7179.65,14:55:00,7162.864949087672,3,69
2016-02-18,7191.9,7193.8,7179.2,7180.5,15:00:00,7165.630192031704,3,70
2016-02-18,7194.15,7199.1,7190.7,7191.3,15:05:00,7168.34636421916,3,71
2016-02-18,7202.7,7206.3,7194.35,7194.35,15:10:00,7171.61813905543,3,72
2016-02-18,7183.0,7203.2,7182.7,7202.45,15:15:00,7172.702125812057,3,73
2016-02-18,7181.65,7186.6,7180.55,7183.3,15:20:00,7173.554304306146,3,74
2016-02-18,7178.5,7184.75,7177.8,7181.8,15:25:00,7174.025322943657,3,75
2016-02-19,7161.45,7165.9,7145.95,7160.4,09:15:00,7172.827673139499,4,1
2016-02-19,7167.6,7175.25,7158.55,7161.55,09:20:00,7172.329799507166,4,2
2016-02-19,7171.9,7178.35,7163.85,7167.45,09:25:00,7172.28886622077,4,3
2016-02-19,7186.45,7186.45,7171.65,7171.8,09:30:00,7173.637545628316,4,4
2016-02-19,7186.95,7196.7,7183.85,7186.7,09:35:00,7174.905398425619,4,5
2016-02-19,7172.95,7186.9,7172.25,7186.9,09:40:00,7174.719170004131,4,6
2016-02-19,7176.35,7179.65,7171.7,7172.7,09:45:00,7174.874487146594,4,7
2016-02-19,7171.5,7181.2,7171.5,7176.2,09:50:00,7174.553107418347,4,8
2016-02-19,7175.25,7176.4,7168.3,7170.8,09:55:00,7174.61947814041,4,9
2016-02-19,7180.8,7184.05,7174.25,7174.95,10:00:00,7175.208099269895,4,10
2016-02-19,7179.1,7180.55,7172.65,7180.55,10:05:00,7175.578756482286,4,11
2016-02-19,7174.75,7178.9,7171.55,7178.9,10:10:00,7175.499827293497,4,12
2016-02-19,7176.1,7177.85,7173.1,7174.7,10:15:00,7175.556986598878,4,13
2016-02-19,7174.95,7177.15,7172.9,7176.2,10:20:00,7175.499178351366,4,14
2016-02-19,7165.65,7176.25,7165.2,7174.9,10:25:00,7174.561161365522,4,15
2016-02-19,7173.1,7173.9,7164.7,7165.15,10:30:00,7174.422003140234,4,16
2016-02-19,7183.4,7183.9,7172.45,7172.8,10:35:00,7175.277050460211,4,17
2016-02-19,7181.5,7187.1,7180.8,7183.25,10:40:00,7175.869712321143,4,18
2016-02-19,7194.0,7195.4,7181.2,7181.25,10:45:00,7177.596406385796,4,19
2016-02-19,7188.95,7195.95,7186.25,7194.25,10:50:00,7178.67770101572,4,20
2016-02-19,7191.95,7193.2,7187.7,7189.25,10:55:00,7179.941729490413,4,21
2016-02-19,7197.4,7198.7,7191.1,7192.05,11:00:00,7181.6044219198975,4,22
2016-02-19,7193.65,7202.2,7191.8,7197.25,11:05:00,7182.751619832288,4,23
2016-02-19,7189.25,7195.55,7189.2,7193.45,11:10:00,7183.370513181594,4,24
2016-02-19,7189.2,7189.6,7184.9,7188.9,11:15:00,7183.925702402395,4,25
2016-02-19,7188.0,7190.9,7187.75,7189.4,11:20:00,7184.313730745023,4,26
2016-02-19,7187.05,7187.75,7180.9,7187.55,11:25:00,7184.574327816927,4,27
2016-02-19,7194.95,7198.75,7186.95,7187.25,11:30:00,7185.562487072458,4,28
2016-02-19,7195.45,7196.55,7191.5,7194.85,11:35:00,7186.504154970318,4,29
2016-02-19,7195.35,7195.35,7187.85,7195.35,11:40:00,7187.346616401716,4,30
2016-02-19,7190.8,7196.45,7190.6,7195.55,11:45:00,7187.675510077743,4,31
2016-02-19,7189.6,7191.6,7183.95,7190.7,11:50:00,7187.858794832244,4,32
2016-02-19,7185.15,7190.1,7184.5,7189.45,11:55:00,7187.60081437203,4,33
2016-02-19,7191.6,7192.1,7182.75,7185.2,12:00:00,7187.981689193742,4,34
2016-02-19,7187.75,7191.95,7186.4,7191.75,12:05:00,7187.959623556243,4,35
2016-02-19,7188.1,7189.9,7185.45,7187.95,12:10:00,7187.972992741363,4,36
2016-02-19,7182.65,7188.8,7182.65,7187.95,12:15:00,7187.466041051709,4,37
2016-02-19,7187.5,7189.75,7182.4,7182.8,12:20:00,7187.46927523726,4,38
2016-02-19,7185.95,7187.6,7183.9,7187.3,12:25:00,7187.324582357522,4,39
2016-02-19,7184.8,7185.85,7183.65,7185.45,12:30:00,7187.084145942519,4,40
2016-02-19,7178.65,7185.4,7175.85,7184.65,12:35:00,7186.280893947994,4,41
2016-02-19,7180.45,7181.15,7177.1,7178.6,12:40:00,7185.725570714852,4,42
2016-02-19,7168.75,7181.0,7164.05,7180.55,12:45:00,7184.108849694389,4,43
2016-02-19,7169.55,7172.1,7165.65,7168.4,12:50:00,7182.722292580638,4,44
2016-02-19,7171.0,7171.05,7164.05,7169.05,12:55:00,7181.605883763435,4,45
2016-02-19,7166.55,7172.2,7166.2,7171.65,13:00:00,7180.171990071679,4,46
2016-02-19,7171.95,7173.45,7164.35,7166.35,13:05:00,7179.388943398186,4,47
2016-02-19,7173.55,7175.95,7170.45,7172.1,13:10:00,7178.83285355074,4,48
2016-02-19,7165.8,7173.7,7160.15,7173.3,13:15:00,7177.59162940305,4,49
2016-02-19,7164.9,7169.05,7163.15,7165.95,13:20:00,7176.382902793236,4,50
2016-02-19,7166.45,7170.35,7163.3,7164.6,13:25:00,7175.436912051023,4,51
2016-02-19,7160.1,7167.45,7155.15,7166.2,13:30:00,7173.976253760449,4,52
2016-02-19,7178.05,7180.65,7158.4,7159.95,13:35:00,7174.364229592788,4,53
2016-02-19,7179.45,7187.15,7175.9,7178.0,13:40:00,7174.848588679189,4,54
2016-02-19,7173.05,7183.05,7172.3,7179.3,13:45:00,7174.677294519266,4,55
2016-02-19,7176.25,7180.6,7172.75,7173.1,13:50:00,7174.827075993621,4,56
2016-02-19,7180.35,7180.65,7174.05,7175.85,13:55:00,7175.353068756134,4,57
2016-02-19,7182.4,7186.95,7178.05,7180.4,14:00:00,7176.024205065074,4,58
2016-02-19,7183.8,7188.95,7179.8,7182.5,14:05:00,7176.764756963638,4,59
2016-02-19,7195.7,7195.9,7182.0,7183.55,14:10:00,7178.568113443292,4,60
2016-02-19,7192.4,7205.65,7191.15,7196.75,14:15:00,7179.885435972502,4,61
2016-02-19,7203.55,7205.85,7191.1,7194.45,14:20:00,7182.139203975121,4,62
2016-02-19,7211.95,7214.15,7203.5,7203.5,14:25:00,7184.978327406062,4,63
2016-02-19,7221.85,7226.5,7211.95,7212.2,14:30:00,7188.489915272152,4,64
2016-02-19,7223.85,7225.3,7216.1,7222.1,14:35:00,7191.85754238909,4,65
2016-02-19,7214.95,7226.85,7208.2,7224.1,14:40:00,7194.056824066319,4,66
2016-02-19,7202.6,7215.35,7202.1,7215.15,14:45:00,7194.870459869526,4,67
2016-02-19,7216.3,7217.3,7201.5,7202.15,14:50:00,7196.91136845338,4,68
2016-02-19,7213.5,7220.4,7209.65,7216.7,14:55:00,7198.491238124487,4,69
2016-02-19,7219.75,7221.3,7213.4,7213.6,15:00:00,7200.515882112632,4,70
2016-02-19,7222.65,7223.8,7212.95,7220.1,15:05:00,7202.62389334,4,71
2016-02-19,7213.55,7223.15,7212.1,7222.5,15:10:00,7203.664474926667,4,72
2016-02-19,7204.65,7213.85,7203.4,7213.7,15:15:00,7203.7583344574605,4,73
2016-02-19,7206.3,7206.85,7201.4,7204.55,15:20:00,7204.000397842464,4,74
2016-02-19,7202.0,7206.9,7198.8,7206.45,15:25:00,7203.809883762229,4,75
2016-02-22,7218.25,7220.15,7200.7,7207.8,09:15:00,7205.185132927731,0,1
2016-02-22,7214.75,7226.8,7206.45,7218.2,09:20:00,7206.096072648899,0,2
2016-02-22,7221.2,7226.3,7211.15,7215.45,09:25:00,7207.534541920433,0,3
2016-02-22,7227.75,7228.75,7221.05,7221.4,09:30:00,7209.459823642297,0,4
2016-02-22,7231.4,7231.4,7223.3,7228.25,09:35:00,7211.549364247792,0,5
2016-02-22,7234.3,7234.3,7230.2,7230.9,09:40:00,7213.716091462288,0,6
2016-02-22,7241.65,7243.05,7234.15,7234.45,09:45:00,7216.376463703975,0,7
2016-02-22,7234.75,7241.55,7234.05,7241.55,09:50:00,7218.126324303596,0,8
2016-02-22,7233.05,7235.85,7228.8,7234.7,09:55:00,7219.547626750873,0,9
2016-02-22,7238.75,7239.05,7229.15,7232.7,10:00:00,7221.37642420317,0,10
2016-02-22,7236.5,7239.85,7235.65,7238.7,10:05:00,7222.816764755249,0,11
2016-02-22,7229.6,7236.9,7229.6,7236.25,10:10:00,7223.462787159511,0,12
2016-02-22,7227.85,7233.9,7227.05,7229.65,10:15:00,7223.880616953844,0,13
2016-02-22,7234.95,7237.05,7225.9,7227.55,10:20:00,7224.934843910621,0,14
2016-02-22,7239.25,7239.8,7234.15,7234.65,10:25:00,7226.298192109609,0,15
2016-02-22,7236.1,7239.8,7234.2,7239.2,10:30:00,7227.2316976229795,0,16
2016-02-22,7234.8,7237.7,7234.8,7236.2,10:35:00,7227.952488325553,0,17
2016-02-22,7233.9,7237.6,7233.0,7235.3,10:40:00,7228.518918008834,0,18
2016-02-22,7233.65,7235.1,7229.85,7233.85,10:45:00,7229.007592484183,0,19
2016-02-22,7233.0,7234.6,7231.25,7233.4,10:50:00,7229.387821771404,0,20
2016-02-22,7231.85,7236.4,7231.85,7233.2,10:55:00,7229.622314936032,0,21
2016-02-22,7228.65,7233.4,7227.95,7232.15,11:00:00,7229.529713513552,0,22
2016-02-22,7223.2,7231.2,7223.2,7228.35,11:05:00,7228.926883655119,0,23
2016-02-22,7224.95,7225.4,7219.45,7222.7,11:10:00,7228.548132830821,0,24
2016-02-22,7227.25,7229.25,7224.05,7225.15,11:15:00,7228.424501132648,0,25
2016-02-22,7228.65,7230.25,7226.65,7227.0,11:20:00,7228.445977215253,0,26
2016-02-22,7226.1,7229.25,7225.5,7228.6,11:25:00,7228.2225508138,0,27
2016-02-22,7227.05,7227.05,7223.85,7226.15,11:30:00,7228.110879307724,0,28
2016-02-22,7224.15,7227.75,7223.15,7227.25,11:35:00,7227.733652706988,0,29
2016-02-22,7219.35,7224.2,7213.8,7223.9,11:40:00,7226.935209592038,0,30
2016-02-22,7218.45,7219.6,7213.25,7219.6,11:45:00,7226.127094392796,0,31
2016-02-22,7219.05,7220.8,7216.05,7218.15,11:50:00,7225.453085403005,0,32
2016-02-22,7220.65,7223.1,7218.35,7219.1,11:55:00,7224.995648697957,0,33
2016-02-22,7221.85,7222.55,7219.0,7220.45,12:00:00,7224.696063107676,0,34
2016-02-22,7228.5,7228.7,7221.7,7222.15,12:05:00,7225.058342811707,0,35
2016-02-22,7223.15,7231.65,7222.85,7228.4,12:10:00,7224.876595877259,0,36
2016-02-22,7227.75,7229.25,7223.05,7223.05,12:15:00,7225.1502534127585,0,37
2016-02-22,7227.85,7230.0,7226.3,7227.85,12:20:00,7225.407372135353,0,38
2016-02-22,7226.55,7229.45,7224.55,7227.95,12:25:00,7225.516193836748,0,39
2016-02-22,7226.65,7227.55,7224.25,7226.3,12:30:00,7225.624175376106,0,40
2016-02-22,7228.25,7228.5,7224.8,7226.45,12:35:00,7225.874253911715,0,41
2016-02-22,7228.7,7230.2,7226.05,7228.05,12:40:00,7226.143372586789,0,42
2016-02-22,7224.05,7229.0,7222.45,7228.55,12:45:00,7225.944003769,0,43
2016-02-22,7221.25,7226.95,7221.25,7224.1,12:50:00,7225.496955791,0,44
2016-02-22,7224.35,7225.1,7220.7,7221.45,12:55:00,7225.387721906143,0,45
2016-02-22,7230.65,7231.6,7223.85,7224.4,13:00:00,7225.888891248415,0,46
2016-02-22,7229.45,7231.1,7226.3,7230.25,13:05:00,7226.228044462851,0,47
2016-02-22,7228.35,7229.8,7227.5,7229.35,13:10:00,7226.430135466389,0,48
2016-02-22,7232.05,7232.75,7227.9,7228.4,13:15:00,7226.965360660067,0,49
2016-02-22,7234.25,7234.7,7230.15,7232.1,13:20:00,7227.659135835299,0,50
2016-02-22,7237.7,7237.85,7233.4,7233.8,13:25:00,7228.61540861289,0,51
2016-02-22,7241.55,7242.95,7233.35,7237.55,13:30:00,7229.847274459282,0,52
2016-02-22,7244.45,7244.45,7238.9,7241.65,13:35:00,7231.238010225064,0,53
2016-02-22,7245.6,7249.45,7244.1,7244.7,13:40:00,7232.605818775059,0,54
2016-02-22,7246.3,7247.25,7243.25,7245.55,13:45:00,7233.910026510767,0,55
2016-02-22,7241.9,7246.6,7241.8,7246.15,13:50:00,7234.670976366884,0,56
2016-02-22,7245.55,7246.45,7241.6,7242.0,13:55:00,7235.707073855752,0,57
2016-02-22,7251.1,7251.35,7244.65,7245.7,14:00:00,7237.173066821871,0,58
2016-02-22,7245.4,7252.4,7245.3,7251.15,14:05:00,7237.956584267407,0,59
2016-02-22,7243.05,7246.05,7241.6,7245.8,14:10:00,7238.441671480035,0,60
2016-02-22,7245.55,7247.8,7244.05,7245.55,14:15:00,7239.1186551486035,0,61
2016-02-22,7243.4,7246.45,7242.35,7244.95,14:20:00,7239.526402277308,0,62
2016-02-22,7233.8,7245.15,7233.8,7242.85,14:25:00,7238.98103063185,0,63
2016-02-22,7228.4,7237.2,7223.0,7233.65,14:30:00,7237.973313428817,0,64
2016-02-22,7231.95,7232.8,7227.6,7227.85,14:35:00,7237.399664530834,0,65
2016-02-22,7235.4,7236.6,7223.6,7231.8,14:40:00,7237.209220289802,0,66
2016-02-22,7235.35,7237.1,7230.05,7235.2,14:45:00,7237.032151690773,0,67
2016-02-22,7233.95,7237.65,7231.1,7235.6,14:50:00,7236.738613434509,0,68
2016-02-22,7234.15,7238.65,7231.7,7234.15,14:55:00,7236.492078821698,0,69
2016-02-22,7235.7,7239.0,7234.4,7234.4,15:00:00,7236.416642743441,0,70
2016-02-22,7233.5,7236.3,7232.25,7235.5,15:05:00,7236.138867244065,0,71
2016-02-22,7231.15,7234.85,7230.75,7233.6,15:10:00,7235.663737030345,0,72
2016-02-22,7233.05,7233.1,7227.9,7230.85,15:15:00,7235.414809694122,0,73
2016-02-22,7237.4,7238.1,7232.95,7233.25,15:20:00,7235.603875437539,0,74
2016-02-22,7232.9,7237.65,7232.15,7237.0,15:25:00,7235.346363491106,0,75
2016-02-23,7211.6,7238.3,7203.35,7238.3,09:15:00,7233.084805063381,1,1
2016-02-23,7203.55,7215.2,7200.6,7211.45,09:20:00,7230.271966485917,1,2
2016-02-23,7202.3,7206.75,7197.1,7203.45,09:25:00,7227.607969677734,1,3
2016-02-23,7195.75,7206.5,7195.75,7201.8,09:30:00,7224.573877327474,1,4
2016-02-23,7193.2,7197.4,7187.35,7195.35,09:35:00,7221.585889010572,1,5
2016-02-23,7179.6,7193.75,7179.3,7193.15,09:40:00,7217.587232914327,1,6
2016-02-23,7181.65,7184.05,7175.1,7179.45,09:45:00,7214.164639303438,1,7
2016-02-23,7186.6,7190.5,7180.95,7181.9,09:50:00,7211.539435560254,1,8
2016-02-23,7187.65,7189.5,7185.65,7186.05,09:55:00,7209.264251221182,1,9
2016-02-23,7184.6,7188.1,7183.4,7187.95,10:00:00,7206.915274914403,1,10
2016-02-23,7175.7,7185.3,7171.9,7184.95,10:05:00,7203.942391589221,1,11
2016-02-23,7174.25,7179.75,7173.35,7175.75,10:10:00,7201.1145447712,1,12
2016-02-23,7160.0,7177.85,7158.85,7174.35,10:15:00,7197.198873840609,1,13
2016-02-23,7167.9,7167.9,7159.15,7159.95,10:20:00,7194.408504903407,1,14
2016-02-23,7171.6,7173.1,7163.0,7167.7,10:25:00,7192.236266341178,1,15
2016-02-23,7170.4,7173.4,7168.55,7171.5,10:30:00,7190.156621927732,1,16
2016-02-23,7170.25,7174.95,7169.25,7170.6,10:35:00,7188.26075317271,1,17
2016-02-23,7165.75,7171.4,7165.25,7170.1,10:40:00,7186.116871918166,1,18
2016-02-23,7170.1,7172.55,7165.5,7165.85,10:45:00,7184.591455545007,1,19
2016-02-23,7163.55,7170.75,7163.55,7170.2,10:50:00,7182.587507397864,1,20
2016-02-23,7167.7,7168.6,7163.7,7163.75,10:55:00,7181.169649550448,1,21
2016-02-23,7175.25,7177.55,7165.15,7167.9,11:00:00,7180.6058734027865,1,22
2016-02-23,7173.4,7177.6,7171.45,7175.65,11:05:00,7179.919599745378,1,23
2016-02-23,7174.6,7177.1,7171.5,7174.35,11:10:00,7179.4129711982,1,24
2016-02-23,7175.6,7176.6,7173.25,7174.3,11:15:00,7179.049831084085,1,25
2016-02-23,7175.1,7178.9,7174.3,7175.7,11:20:00,7178.673656695124,1,26
2016-02-23,7170.35,7175.45,7169.2,7175.2,11:25:00,7177.880927486064,1,27
2016-02-23,7169.55,7170.55,7168.2,7170.0,11:30:00,7177.087505820725,1,28
2016-02-23,7161.75,7169.8,7161.75,7169.75,11:35:00,7175.626790980656,1,29
2016-02-23,7159.7,7162.15,7153.65,7161.95,11:40:00,7174.109953744402,1,30
2016-02-23,7161.05,7162.45,7155.0,7159.6,11:45:00,7172.866148625888,1,31
2016-02-23,7160.05,7162.95,7158.25,7160.95,11:50:00,7171.64556304247,1,32
2016-02-23,7162.6,7163.25,7153.5,7160.0,11:55:00,7170.784080847949,1,33
2016-02-23,7165.0,7167.1,7160.7,7162.65,12:00:00,7170.233216005287,1,34
2016-02-23,7156.6,7164.95,7155.6,7164.95,12:05:00,7168.934814480974,1,35
2016-02-23,7153.65,7158.25,7153.3,7156.75,12:10:00,7167.479117863739,1,36
2016-02-23,7148.0,7155.5,7143.2,7153.75,12:15:00,7165.623963781478,1,37
2016-02-23,7147.7,7150.4,7147.1,7147.95,12:20:00,7163.916919611814,1,38
2016-02-23,7150.75,7153.4,7147.5,7147.5,12:25:00,7162.662927267831,1,39
2016-02-23,7150.4,7152.65,7149.15,7150.8,12:30:00,7161.4950294328,1,40
2016-02-23,7147.35,7150.6,7146.6,7150.15,12:35:00,7160.1478837725335,1,41
2016-02-23,7141.25,7147.6,7138.9,7147.6,12:40:00,7158.348085318006,1,42
2016-02-23,7134.8,7142.25,7133.4,7141.35,12:45:00,7156.105410525815,1,43
2016-02-23,7135.2,7137.8,7129.75,7135.1,12:50:00,7154.114419047167,1,44
2016-02-23,7123.8,7137.1,7122.8,7135.35,12:55:00,7151.227331518865,1,45
2016-02-23,7126.25,7127.15,7112.9,7124.1,13:00:00,7148.848538040877,1,46
2016-02-23,7121.15,7126.5,7117.9,7126.45,13:05:00,7146.210582036984,1,47
2016-02-23,7118.1,7122.4,7113.4,7121.2,13:10:00,7143.533383747748,1,48
2016-02-23,7128.0,7128.25,7118.15,7118.15,13:15:00,7142.05401386701,1,49
2016-02-23,7130.95,7131.5,7123.6,7128.4,13:20:00,7140.996488736819,1,50
2016-02-23,7131.4,7136.65,7126.85,7130.9,13:25:00,7140.082537428551,1,51
2016-02-23,7128.55,7134.7,7128.45,7131.15,13:30:00,7138.984200530593,1,52
2016-02-23,7122.35,7128.1,7119.35,7128.1,13:35:00,7137.399990956251,1,53
2016-02-23,7112.6,7122.3,7109.6,7122.3,13:40:00,7135.038087055656,1,54
2016-02-23,7115.05,7116.75,7103.35,7112.65,13:45:00,7133.134459717022,1,55
2016-02-23,7117.45,7118.35,7109.85,7114.9,13:50:00,7131.640701648735,1,56
2016-02-23,7121.1,7124.0,7114.4,7117.7,13:55:00,7130.636825301236,1,57
2016-02-23,7126.65,7130.3,7120.15,7122.55,14:00:00,7130.2571276535,1,58
2016-02-23,7117.95,7128.3,7117.65,7126.55,14:05:00,7129.085020257929,1,59
2016-02-23,7120.85,7129.15,7118.25,7118.25,14:10:00,7128.300732614317,1,60
2016-02-23,7117.3,7124.15,7113.2,7123.25,14:15:00,7127.253043793906,1,61
2016-02-23,7128.25,7129.7,7114.35,7116.75,14:20:00,7127.34799200401,1,62
2016-02-23,7129.35,7133.45,7125.1,7128.3,14:25:00,7127.5386594322,1,63
2016-02-23,7121.95,7130.95,7120.8,7130.95,14:30:00,7127.006406152942,1,64
2016-02-23,7125.2,7125.45,7120.1,7121.85,14:35:00,7126.834367471709,1,65
2016-02-23,7129.4,7130.75,7121.4,7125.4,14:40:00,7127.078713426785,1,66
2016-02-23,7136.85,7137.4,7128.85,7129.3,14:45:00,7128.009312148043,1,67
2016-02-23,7143.25,7144.25,7136.0,7136.8,14:50:00,7129.460806229182,1,68
2016-02-23,7128.85,7144.9,7128.65,7143.6,14:55:00,7129.402634207355,1,69
2016-02-23,7122.2,7128.85,7115.35,7128.8,15:00:00,7128.716669044749,1,70
2016-02-23,7115.75,7122.9,7111.4,7122.6,15:05:00,7127.481748183344,1,71
2016-02-23,7113.55,7118.8,7113.3,7116.1,15:10:00,7126.154915023026,1,72
2016-02-23,7103.4,7114.3,7102.95,7113.45,15:15:00,7123.987780258928,1,73
2016-02-23,7102.95,7104.55,7099.35,7103.5,15:20:00,7121.984182139031,1,74
2016-02-23,7090.7,7107.2,7090.7,7103.2,15:25:00,7119.004736221028,1,75
2016-02-24,7069.9,7078.65,7062.45,7070.45,09:15:00,7114.328094676168,2,1
2016-02-24,7073.45,7080.15,7068.05,7069.7,09:20:00,7110.434942802247,2,2
2016-02-24,7065.1,7074.7,7061.7,7073.75,09:25:00,7106.117329202033,2,3
2016-02-24,7058.9,7068.3,7058.7,7065.2,09:30:00,7101.620440706601,2,4
2016-02-24,7059.2,7064.3,7053.0,7058.3,09:35:00,7097.580398734543,2,5
2016-02-24,7055.6,7059.6,7054.45,7059.25,09:40:00,7093.58226552173,2,6
2016-02-24,7058.1,7062.3,7055.25,7055.55,09:45:00,7090.203002138708,2,7
2016-02-24,7062.5,7062.7,7057.15,7058.35,09:50:00,7087.564620982641,2,8
2016-02-24,7062.2,7063.25,7057.6,7062.85,09:55:00,7085.148942793818,2,9
2016-02-24,7066.55,7071.65,7062.15,7062.7,10:00:00,7083.3776149086925,2,10
2016-02-24,7066.05,7067.15,7060.2,7066.3,10:05:00,7081.7273658697695,2,11
2016-02-24,7075.4,7077.1,7066.05,7066.2,10:10:00,7081.124759596458,2,12
2016-02-24,7062.75,7075.2,7062.75,7075.2,10:15:00,7079.374782492033,2,13
2016-02-24,7064.65,7066.0,7059.8,7062.55,10:20:00,7077.9724222546965,2,14
2016-02-24,7065.35,7068.3,7064.05,7064.05,10:25:00,7076.770286801868,2,15
2016-02-24,7070.05,7070.15,7061.0,7065.25,10:30:00,7076.130259487404,2,16
2016-02-24,7064.0,7070.65,7063.65,7070.2,10:35:00,7074.97499667908,2,17
2016-02-24,7062.0,7067.1,7062.0,7063.95,10:40:00,7073.739282709644,2,18
2016-02-24,7065.3,7065.6,7060.75,7062.15,10:45:00,7072.9355414992015,2,19
2016-02-24,7057.9,7066.75,7056.75,7065.5,10:50:00,7071.503585165944,2,20
2016-02-24,7055.9,7058.5,7049.45,7057.95,10:55:00,7070.017529435854,2,21
2016-02-24,7048.3,7056.5,7046.9,7055.95,11:00:00,7067.949193299106,2,22
2016-02-24,7048.05,7049.25,7042.55,7048.45,11:05:00,7066.054032032524,2,23
2016-02-24,7045.65,7048.05,7041.9,7047.95,11:10:00,7064.11079088657,2,24
2016-02-24,7038.95,7045.9,7038.15,7045.8,11:15:00,7061.714525087848,2,25
2016-02-24,7036.0,7041.1,7031.0,7039.05,11:20:00,7059.26552269853,2,26
2016-02-24,7037.95,7042.35,7036.25,7036.3,11:25:00,7057.235472917717,2,27
2016-02-24,7047.8,7050.2,7038.1,7038.25,11:30:00,7056.336856449363,2,28
2016-02-24,7043.8,7050.65,7043.3,7048.05,11:35:00,7055.142870120852,2,29
2016-02-24,7041.3,7044.8,7040.65,7043.65,11:40:00,7053.824501537913,2,30
2016-02-24,7042.25,7043.8,7038.45,7041.9,11:45:00,7052.722168058112,2,31
2016-02-24,7047.85,7050.05,7041.5,7042.15,11:50:00,7052.258152052578,2,32
2016-02-24,7058.2,7058.65,7047.85,7048.15,11:55:00,7052.8240423332845,2,33
2016-02-24,7056.25,7062.15,7056.25,7058.45,12:00:00,7053.150324015828,2,34
2016-02-24,7055.65,7058.7,7054.25,7056.3,12:05:00,7053.388388395273,2,35
2016-02-24,7047.95,7061.05,7047.95,7055.45,12:10:00,7052.870446643343,2,36
2016-02-24,7053.45,7053.6,7046.05,7048.25,12:15:00,7052.925642201119,2,37
2016-02-24,7053.55,7055.25,7050.1,7053.35,12:20:00,7052.985104848632,2,38
2016-02-24,7051.3,7054.9,7050.6,7053.9,12:25:00,7052.824618672572,2,39
2016-02-24,7061.1,7065.1,7050.35,7051.55,12:30:00,7053.612750227565,2,40
2016-02-24,7066.95,7066.95,7058.45,7061.2,12:35:00,7054.882964491607,2,41
2016-02-24,7067.45,7071.4,7061.65,7066.9,12:40:00,7056.079825016215,2,42
2016-02-24,7063.2,7068.15,7063.2,7067.25,12:45:00,7056.757936919433,2,43
2016-02-24,7068.5,7068.65,7060.55,7063.4,12:50:00,7057.876228641391,2,44
2016-02-24,7077.8,7084.65,7068.45,7068.45,12:55:00,7059.773730675544,2,45
2016-02-24,7079.6,7080.2,7073.05,7077.9,13:00:00,7061.661946801683,2,46
2016-02-24,7082.3,7090.8,7079.2,7079.65,13:05:00,7063.627475677714,2,47
2016-02-24,7078.45,7082.4,7072.8,7082.4,13:10:00,7065.039144660788,2,48
2016-02-24,7081.8,7086.35,7078.9,7078.9,13:15:00,7066.635416597856,2,49
2016-02-24,7079.5,7086.25,7078.15,7082.2,13:20:00,7067.860615017107,2,50
2016-02-24,7076.8,7080.1,7075.1,7079.3,13:25:00,7068.711985015479,2,51
2016-02-24,7065.8,7076.75,7064.25,7076.65,13:30:00,7068.434653109242,2,52
2016-02-24,7059.9,7069.8,7058.5,7065.75,13:35:00,7067.6218290036,2,53
2016-02-24,7060.3,7060.3,7053.25,7059.85,13:40:00,7066.924511955638,2,54
2016-02-24,7052.4,7060.45,7050.2,7060.45,13:45:00,7065.54122510272,2,55
2016-02-24,7059.0,7062.5,7048.7,7052.8,13:50:00,7064.918251283414,2,56
2016-02-24,7060.6,7067.5,7058.5,7058.95,13:55:00,7064.506989256423,2,57
2016-02-24,7056.2,7061.15,7056.0,7060.25,14:00:00,7063.715847422477,2,58
2016-02-24,7058.5,7058.75,7050.15,7056.25,14:05:00,7063.219100048908,2,59
2016-02-24,7066.85,7066.85,7054.05,7058.7,14:10:00,7063.56490004425,2,60
2016-02-24,7072.5,7077.1,7066.7,7066.7,14:15:00,7064.415861944797,2,61
2016-02-24,7072.8,7075.5,7067.6,7072.15,14:20:00,7065.214351283388,2,62
2016-02-24,7059.3,7074.9,7059.3,7073.4,14:25:00,7064.651079732589,2,63
2016-02-24,7046.65,7062.35,7046.5,7059.05,14:30:00,7062.936691186628,2,64
2016-02-24,7044.2,7049.4,7042.15,7046.15,14:35:00,7061.15224440695,2,65
2016-02-24,7044.0,7046.5,7035.9,7043.7,14:40:00,7059.518697320574,2,66
2016-02-24,7037.3,7043.55,7036.75,7043.55,14:45:00,7057.402630909091,2,67
2016-02-24,7028.85,7039.05,7023.7,7037.95,14:50:00,7054.683332727273,2,68
2016-02-24,7015.05,7029.3,7013.85,7028.95,14:55:00,7050.908729610391,2,69
2016-02-24,7020.3,7025.75,7011.45,7014.9,15:00:00,7047.99361250464,2,70
2016-02-24,7015.7,7020.9,7014.35,7019.5,15:05:00,7044.918030361341,2,71
2016-02-24,7016.15,7019.15,7009.75,7015.65,15:10:00,7042.178217945975,2,72
2016-02-24,7020.45,7021.35,7015.9,7016.35,15:15:00,7040.108863855882,2,73
2016-02-24,7021.95,7024.0,7018.3,7021.1,15:20:00,7038.37944825056,2,74
2016-02-24,7020.45,7026.05,7019.85,7021.7,15:25:00,7036.671881750507,2,75
2016-02-25,7022.8,7033.6,7010.9,7029.15,09:15:00,7035.35075015522,3,1
2016-02-25,7017.3,7024.75,7011.85,7022.7,09:20:00,7033.631631092819,3,2
2016-02-25,7012.85,7017.9,7011.0,7017.45,09:25:00,7031.652428131598,3,3
2016-02-25,6999.85,7014.9,6999.85,7012.65,09:30:00,7028.623625452397,3,4
2016-02-25,7012.95,7012.95,6997.8,7000.5,09:35:00,7027.130899218835,3,5
2016-02-25,7014.2,7019.2,7010.55,7012.9,09:40:00,7025.899385007518,3,6
2016-02-25,7004.35,7014.35,7003.95,7014.35,09:45:00,7023.847062625849,3,7
2016-02-25,7004.6,7005.45,7000.5,7004.15,09:50:00,7022.014009042435,3,8
2016-02-25,7010.9,7011.5,7001.6,7004.25,09:55:00,7020.955531990774,3,9
2016-02-25,7009.65,7016.05,7009.45,7010.95,10:00:00,7019.878814658319,3,10
2016-02-25,7010.6,7011.05,7005.15,7009.5,10:05:00,7018.995118024194,3,11
2016-02-25,7019.25,7019.25,7010.65,7010.65,10:10:00,7019.01939249808,3,12
2016-02-25,7023.25,7027.05,7017.5,7019.3,10:15:00,7019.422307498263,3,13
2016-02-25,7021.15,7022.55,7017.1,7022.5,10:20:00,7019.586849641286,3,14
2016-02-25,7018.9,7021.45,7018.35,7021.35,10:25:00,7019.521435389735,3,15
2016-02-25,7020.05,7021.5,7017.15,7019.15,10:30:00,7019.571774876426,3,16
2016-02-25,7016.5,7023.25,7016.0,7021.0,10:35:00,7019.279224888195,3,17
2016-02-25,7014.85,7016.85,7012.8,7016.7,10:40:00,7018.857393946462,3,18
2016-02-25,7023.25,7023.55,7014.5,7015.2,10:45:00,7019.275737380132,3,19
2016-02-25,7022.35,7025.55,7019.5,7023.5,10:50:00,7019.568524296311,3,20
2016-02-25,7019.0,7022.8,7017.35,7022.4,10:55:00,7019.514379125234,3,21
2016-02-25,7018.35,7020.3,7017.35,7018.7,11:00:00,7019.403485875212,3,22
2016-02-25,7019.2,7021.35,7018.05,7018.55,11:05:00,7019.384106268049,3,23
2016-02-25,7017.8,7021.35,7017.75,7019.55,11:10:00,7019.233239004426,3,24
2016-02-25,7019.85,7020.05,7016.45,7017.7,11:15:00,7019.291978146862,3,25
2016-02-25,7019.8,7021.4,7018.9,7020.0,11:20:00,7019.340361180494,3,26
2016-02-25,7022.75,7023.25,7019.05,7019.45,11:25:00,7019.665088687114,3,27
2016-02-25,7023.25,7024.2,7021.0,7022.65,11:30:00,7020.006508812151,3,28
2016-02-25,7023.65,7028.4,7022.7,7022.85,11:35:00,7020.353507972899,3,29
2016-02-25,7012.65,7023.85,7007.95,7023.8,11:40:00,7019.619840546909,3,30
2016-02-25,7012.45,7014.4,7011.15,7012.6,11:45:00,7018.93699859006,3,31
2016-02-25,7001.9,7012.75,6999.15,7012.4,11:50:00,7017.314427295769,3,32
2016-02-25,6997.35,7006.35,6996.7,7002.55,11:55:00,7015.413053267601,3,33
2016-02-25,7002.4,7005.35,6993.05,6997.2,12:00:00,7014.173714861163,3,34
2016-02-25,6987.25,7002.95,6987.25,7002.35,12:05:00,7011.609551541052,3,35
2016-02-25,6980.45,6993.75,6979.75,6987.85,12:10:00,7008.641975203809,3,36
2016-02-25,6985.85,6989.45,6979.0,6980.4,12:15:00,7006.471310898684,3,37
2016-02-25,6981.9,6988.7,6981.65,6986.15,12:20:00,7004.131186051191,3,38
2016-02-25,6986.6,6990.0,6979.5,6982.15,12:25:00,7002.4615492844105,3,39
2016-02-25,6988.35,6988.9,6981.7,6986.9,12:30:00,7001.1175922097045,3,40
2016-02-25,6994.0,7007.4,6987.55,6988.2,12:35:00,7000.439726284971,3,41
2016-02-25,6993.8,6998.55,6991.45,6994.2,12:40:00,6999.807371400688,3,42
2016-02-25,6984.1,6993.95,6983.7,6993.7,12:45:00,6998.311431267289,3,43
2016-02-25,6991.35,6991.35,6982.0,6983.9,12:50:00,6997.648437813261,3,44
2016-02-25,6989.5,6992.15,6989.05,6991.1,12:55:00,6996.87239611676,3,45
2016-02-25,6986.1,6989.95,6983.15,6989.1,13:00:00,6995.846453629449,3,46
2016-02-25,6981.15,6987.55,6980.8,6986.5,13:05:00,6994.446791379025,3,47
2016-02-25,6982.05,6982.7,6972.3,6980.8,13:10:00,6993.266144581023,3,48
2016-02-25,6978.45,6984.4,6978.4,6981.8,13:15:00,6991.855083192354,3,49
2016-02-25,6976.25,6979.45,6970.6,6978.25,13:20:00,6990.368884793082,3,50
2016-02-25,6977.05,6981.0,6975.35,6975.9,13:25:00,6989.100419574694,3,51
2016-02-25,6993.6,6994.15,6977.15,6977.15,13:30:00,6989.528951043771,3,52
2016-02-25,6997.45,6998.3,6990.1,6993.45,13:35:00,6990.28333665865,3,53
2016-02-25,6998.8,7002.5,6993.8,6997.65,13:40:00,6991.094447453064,3,54
2016-02-25,7000.0,7003.0,6996.1,6998.6,13:45:00,6991.942595314677,3,55
2016-02-25,6984.9,7000.95,6981.85,6999.95,13:50:00,6991.271871951375,3,56
2016-02-25,6987.1,6988.7,6979.5,6984.0,13:55:00,6990.874550813149,3,57
2016-02-25,7000.3,7000.65,6987.05,6987.05,14:00:00,6991.772212640468,3,58
2016-02-25,6994.05,7000.9,6992.1,7000.6,14:05:00,6991.989144769947,3,59
2016-02-25,6999.35,6999.55,6993.65,6993.8,14:10:00,6992.690178601381,3,60
2016-02-25,6991.35,7001.05,6989.45,6999.15,14:15:00,6992.562542544107,3,61
2016-02-25,6994.15,6995.15,6987.85,6991.55,14:20:00,6992.713728968478,3,62
2016-02-25,6985.3,6994.15,6984.45,6993.45,14:25:00,6992.007659542908,3,63
2016-02-25,6995.75,6996.85,6985.0,6985.25,14:30:00,6992.364072919774,3,64
2016-02-25,6998.45,6998.5,6991.65,6996.1,14:35:00,6992.943685022653,3,65
2016-02-25,7004.3,7008.45,6998.75,6998.75,14:40:00,6994.02523883002,3,66
2016-02-25,6991.0,7004.35,6987.1,7004.1,14:45:00,6993.737120846208,3,67
2016-02-25,6988.15,6992.9,6987.5,6991.3,14:50:00,6993.20501409895,3,68
2016-02-25,6980.7,6989.5,6972.7,6988.1,14:55:00,6992.014060375241,3,69
2016-02-25,6965.5,6980.85,6963.65,6980.85,15:00:00,6989.488911768075,3,70
2016-02-25,6966.8,6967.3,6961.4,6966.4,15:05:00,6987.328063028258,3,71
2016-02-25,6966.45,6969.15,6965.9,6966.85,15:10:00,6985.339676073187,3,72
2016-02-25,6973.7,6974.1,6965.05,6966.15,15:15:00,6984.231135494789,3,73
2016-02-25,6973.85,6978.2,6973.15,6973.35,15:20:00,6983.242455923857,3,74
2016-02-25,6983.4,6985.0,6973.15,6974.3,15:25:00,6983.257460121585,3,75
2016-02-26,7034.05,7052.9,7034.05,7037.15,09:15:00,6988.09484487191,4,1
2016-02-26,7028.7,7037.85,7023.35,7034.75,09:20:00,6991.962002503156,4,2
2016-02-26,7022.2,7032.15,7019.2,7028.8,09:25:00,6994.841811788569,4,3
2016-02-26,7019.6,7024.2,7008.3,7022.25,09:30:00,6997.199734475373,4,4
2016-02-26,7017.5,7026.3,7012.65,7019.2,09:35:00,6999.133093096765,4,5
2016-02-26,7019.2,7022.9,7015.8,7017.6,09:40:00,7001.044227087549,4,6
2016-02-26,7014.0,7019.8,7009.8,7019.0,09:45:00,7002.278110222069,4,7
2016-02-26,7011.7,7021.7,7010.95,7013.1,09:50:00,7003.175433058062,4,8
2016-02-26,7001.05,7014.1,7000.7,7012.05,09:55:00,7002.973010862055,4,9
2016-02-26,7006.65,7006.75,6993.65,7000.6,10:00:00,7003.323200303765,4,10
2016-02-26,6995.25,7006.95,6992.95,7006.85,10:05:00,7002.554324084358,4,11
2016-02-26,6996.55,7001.45,6991.5,6995.55,10:10:00,7001.982483695371,4,12
2016-02-26,6999.7,6999.7,6990.85,6996.75,10:15:00,7001.765104295812,4,13
2016-02-26,7006.6,7010.0,6999.1,6999.65,10:20:00,7002.225570553354,4,14
2016-02-26,7006.55,7012.55,7005.95,7006.55,10:25:00,7002.637420976845,4,15
2016-02-26,7011.6,7017.7,7006.2,7006.4,10:30:00,7003.49099993143,4,16
2016-02-26,7003.15,7015.5,7003.15,7011.95,10:35:00,7003.458523747484,4,17
2016-02-26,7004.25,7006.9,7000.7,7003.35,10:40:00,7003.533902438199,4,18
2016-02-26,7007.35,7009.35,7001.1,7004.5,10:45:00,7003.897340301228,4,19
2016-02-26,7002.1,7007.85,6999.5,7007.2,10:50:00,7003.726165034444,4,20
2016-02-26,7001.35,7003.55,6996.05,7001.8,10:55:00,7003.499863602593,4,21
2016-02-26,7003.55,7006.65,7001.15,7001.15,11:00:00,7003.504638497584,4,22
2016-02-26,7002.65,7005.95,7002.05,7003.2,11:05:00,7003.423244354957,4,23
2016-02-26,7007.0,7010.2,7001.5,7002.6,11:10:00,7003.763887749723,4,24
2016-02-26,7004.8,7014.6,7004.7,7007.25,11:15:00,7003.862565106892,4,25
2016-02-26,7006.9,7008.95,7003.9,7004.7,11:20:00,7004.151844620522,4,26
2016-02-26,6995.0,7006.95,6987.55,7006.7,11:25:00,7003.280240370948,4,27
2016-02-26,6992.0,6995.25,6988.65,6995.25,11:30:00,7002.205931764191,4,28
2016-02-26,6988.75,6995.7,6987.25,6991.85,11:35:00,7000.924414453315,4,29
2016-02-26,6988.5,6992.25,6988.45,6989.0,11:40:00,6999.741136886332,4,30
2016-02-26,6995.5,6998.1,6985.1,6988.45,11:45:00,6999.337219087634,4,31
2016-02-26,6990.85,6995.4,6990.75,6994.8,11:50:00,6998.52891250786,4,32
2016-02-26,6990.1,6992.75,6987.4,6990.75,11:55:00,6997.726158935683,4,33
2016-02-26,6993.1,6999.5,6989.75,6989.95,12:00:00,6997.28557237038,4,34
2016-02-26,6992.2,6993.2,6988.2,6993.2,12:05:00,6996.8012321446295,4,35
2016-02-26,6993.45,6995.8,6990.05,6992.15,12:10:00,6996.482067178475,4,36
2016-02-26,6993.5,6995.3,6991.65,6993.85,12:15:00,6996.198060780525,4,37
2016-02-26,7002.2,7007.8,6993.25,6993.55,12:20:00,6996.769674039523,4,38
2016-02-26,7001.55,7006.8,6999.8,7002.25,12:25:00,6997.224943178616,4,39
2016-02-26,7011.7,7013.45,7001.05,7001.35,12:30:00,6998.603520018747,4,40
2016-02-26,7006.0,7012.35,7004.8,7011.15,12:35:00,6999.307946683629,4,41
2016-02-26,7012.4,7015.25,7004.1,7005.75,12:40:00,7000.554808904235,4,42
2016-02-26,7021.0,7024.25,7012.15,7012.2,12:45:00,7002.501969960975,4,43
2016-02-26,7026.7,7030.25,7020.45,7021.35,12:50:00,7004.806544250406,4,44
2016-02-26,7024.4,7034.45,7023.4,7026.65,12:55:00,7006.672587655129,4,45
2016-02-26,7023.85,7024.35,7019.0,7024.15,13:00:00,7008.308531687974,4,46
2016-02-26,7019.1,7025.0,7018.15,7023.9,13:05:00,7009.3362905748345,4,47
2016-02-26,7022.65,7022.85,7017.85,7018.9,13:10:00,7010.604262901041,4,48
2016-02-26,7022.5,7023.75,7014.35,7022.5,13:15:00,7011.737190243799,4,49
2016-02-26,7028.5,7029.25,7021.4,7022.4,13:20:00,7013.333648315818,4,50
2016-02-26,7029.45,7031.75,7023.9,7028.45,13:25:00,7014.868538952407,4,51
2016-02-26,7040.05,7040.25,7023.45,7029.3,13:30:00,7017.266773337892,4,52
2016-02-26,7038.9,7040.2,7033.6,7039.25,13:35:00,7019.327080639046,4,53
2016-02-26,7041.8,7043.2,7035.45,7038.7,13:40:00,7021.467358673422,4,54
2016-02-26,7045.4,7046.55,7039.0,7041.65,13:45:00,7023.746657847381,4,55
2016-02-26,7041.55,7047.6,7036.15,7045.8,13:50:00,7025.442214242869,4,56
2016-02-26,7041.9,7043.4,7037.5,7041.6,13:55:00,7027.009622410214,4,57
2016-02-26,7042.3,7046.85,7038.25,7042.05,14:00:00,7028.465848847337,4,58
2016-02-26,7036.85,7042.6,7033.85,7042.0,14:05:00,7029.264339433305,4,59
2016-02-26,7033.0,7039.15,7032.5,7037.15,14:10:00,7029.620116630133,4,60
2016-02-26,7034.05,7036.75,7031.35,7031.75,14:15:00,7030.042010284407,4,61
2016-02-26,7037.5,7040.05,7032.5,7033.8,14:20:00,7030.752295019226,4,62
2016-02-26,7044.35,7048.0,7037.35,7037.55,14:25:00,7032.047314541204,4,63
2016-02-26,7046.25,7047.95,7041.45,7044.6,14:30:00,7033.399951251566,4,64
2016-02-26,7045.25,7050.6,7041.05,7046.6,14:35:00,7034.528527322846,4,65
2016-02-26,7041.55,7048.25,7036.15,7045.3,14:40:00,7035.197239006384,4,66
2016-02-26,7044.4,7048.25,7039.2,7041.3,14:45:00,7036.073692434347,4,67
2016-02-26,7043.15,7047.5,7042.0,7044.75,14:50:00,7036.747626488219,4,68
2016-02-26,7020.5,7045.15,7019.45,7042.3,14:55:00,7035.200233489341,4,69
2016-02-26,7027.65,7029.0,7020.05,7020.75,15:00:00,7034.481163633214,4,70
2016-02-26,7032.85,7033.25,7024.65,7027.85,15:05:00,7034.325814715766,4,71
2016-02-26,7026.9,7034.35,7025.25,7032.3,15:10:00,7033.618594266645,4,72
2016-02-26,7026.55,7029.7,7024.95,7026.7,15:15:00,7032.945394812679,4,73
2016-02-26,7033.15,7033.5,7025.85,7025.85,15:20:00,7032.964881020996,4,74
2016-02-26,7035.95,7038.55,7032.65,7033.3,15:25:00,7033.249178066615,4,75
2016-02-29,7020.0,7050.4,7006.15,7050.4,09:15:00,7031.98735158408,0,1
2016-02-29,7019.35,7029.4,7011.7,7019.55,09:20:00,7030.783794290358,0,2
2016-02-29,7023.0,7024.3,7014.25,7019.1,09:25:00,7030.042480548419,0,3
2016-02-29,7024.05,7031.95,7020.95,7023.25,09:30:00,7029.471768115236,0,4
2016-02-29,7022.45,7025.95,7019.15,7024.35,09:35:00,7028.8030282947375,0,5
2016-02-29,7021.35,7025.85,7021.05,7021.9,09:40:00,7028.093216076191,0,6
2016-02-29,7022.8,7024.65,7017.95,7021.15,09:45:00,7027.589100259411,0,7
2016-02-29,7015.6,7025.75,7015.6,7022.75,09:50:00,7026.4472811870855,0,8
2016-02-29,7009.15,7019.7,6999.3,7015.4,09:55:00,7024.799921074029,0,9
2016-02-29,7008.5,7010.45,7002.6,7009.25,10:00:00,7023.247547638408,0,10
2016-02-29,7013.5,7016.45,7007.7,7008.65,10:05:00,7022.319209768083,0,11
2016-02-29,7015.25,7017.65,7013.55,7013.9,10:10:00,7021.645951694933,0,12
2016-02-29,7008.25,7014.95,7006.35,7014.95,10:15:00,7020.3701467716055,0,13
2016-02-29,7015.85,7016.4,7006.35,7008.3,10:20:00,7019.939656602882,0,14
2016-02-29,7012.65,7016.6,7010.1,7016.0,10:25:00,7019.245403593083,0,15
2016-02-29,7017.2,7019.5,7011.95,7012.8,10:30:00,7019.050603250885,0,16
2016-02-29,7018.1,7020.05,7009.4,7017.55,10:35:00,7018.960069607943,0,17
2016-02-29,7017.9,7019.3,7011.35,7018.3,10:40:00,7018.859110597663,0,18
2016-02-29,7019.15,7020.75,7015.3,7017.75,10:45:00,7018.886814350267,0,19
2016-02-29,7018.65,7020.15,7015.05,7018.95,10:50:00,7018.864260602622,0,20
2016-02-29,7014.75,7019.9,7014.45,7019.1,10:55:00,7018.472426259516,0,21
2016-02-29,7018.15,7022.6,7008.55,7014.45,11:00:00,7018.441718996704,0,22
2016-02-29,7042.9,7068.3,7018.35,7018.45,11:05:00,7020.7710790922565,0,23
2016-02-29,7029.5,7048.0,7027.3,7042.3,11:10:00,7021.602404892994,0,24
2016-02-29,7035.65,7045.6,7028.35,7030.1,11:15:00,7022.940271093661,0,25
2016-02-29,7033.2,7035.85,7024.15,7035.05,11:20:00,7023.91738813236,0,26
2016-02-29,7011.95,7035.95,7008.85,7033.15,11:25:00,7022.7776368816585,0,27
2016-02-29,7024.75,7026.4,7011.55,7011.9,11:30:00,7022.965480988167,0,28
2016-02-29,6992.55,7025.75,6982.05,7025.05,11:35:00,7020.068768513103,0,29
2016-02-29,6991.9,7003.5,6989.1,6992.5,11:40:00,7017.386028654712,0,30
2016-02-29,7004.0,7009.45,6982.75,6991.85,11:45:00,7016.111168782835,0,31
2016-02-29,7031.45,7034.35,7003.8,7003.95,11:50:00,7017.572009851137,0,32
2016-02-29,6967.35,7031.9,6962.0,7031.5,11:55:00,7012.788961293886,0,33
2016-02-29,6976.7,6982.85,6964.25,6967.45,12:00:00,7009.351917361135,0,34
2016-02-29,6982.4,6984.15,6968.75,6976.75,12:05:00,7006.785068088646,0,35
2016-02-29,6975.6,6987.1,6972.95,6981.45,12:10:00,7003.815061604013,0,36
2016-02-29,6941.05,6974.8,6927.65,6974.8,12:15:00,6997.837436689345,0,37
2016-02-29,6875.8,6940.9,6875.8,6940.9,12:20:00,6986.214823671312,0,38
2016-02-29,6912.75,6935.8,6825.8,6875.0,12:25:00,6979.2181737978535,0,39
2016-02-29,6919.2,6934.55,6872.15,6910.9,12:30:00,6973.502157245677,0,40
2016-02-29,6920.95,6926.95,6900.85,6919.85,12:35:00,6968.497189888946,0,41
2016-02-29,6927.8,6954.1,6920.35,6921.75,12:40:00,6964.62126704238,0,42
2016-02-29,6967.35,6968.1,6929.15,6929.15,12:45:00,6964.8811463716775,0,43
2016-02-29,6991.55,7010.65,6967.05,6967.05,12:50:00,6967.421037193422,0,44
2016-02-29,7020.4,7020.4,6986.4,6992.5,12:55:00,6972.466652698811,0,45
2016-02-29,7041.5,7041.9,7017.25,7021.25,13:00:00,6979.041257203687,0,46
2016-02-29,7002.2,7042.0,7002.2,7042.0,13:05:00,6981.246851755716,0,47
2016-02-29,7041.1,7051.2,7002.7,7003.2,13:10:00,6986.947151588505,0,48
2016-02-29,7084.8,7086.2,7042.8,7042.8,13:15:00,6996.266470484839,0,49
2016-02-29,7074.2,7094.6,7071.45,7085.5,13:20:00,7003.688711391044,0,50
2016-02-29,7063.65,7083.8,7057.35,7073.4,13:25:00,7009.399310306183,0,51
2016-02-29,7052.15,7067.0,7040.0,7065.6,13:30:00,7013.470804562737,0,52
2016-02-29,7047.15,7054.7,7040.65,7052.35,13:35:00,7016.678346985333,0,53
2016-02-29,7064.0,7065.95,7045.65,7047.1,13:40:00,7021.185171081967,0,54
2016-02-29,7014.55,7066.4,7014.3,7064.4,13:45:00,7020.553250026542,0,55
2016-02-29,7028.65,7033.0,7008.5,7013.7,13:50:00,7021.324369071633,0,56
2016-02-29,7035.8,7040.05,7026.3,7029.25,13:55:00,7022.70300058862,0,57
2016-02-29,7069.6,7074.0,7033.4,7036.0,14:00:00,7027.169381484942,0,58
2016-02-29,7054.55,7080.6,7054.4,7070.8,14:05:00,7029.7770594387575,0,59
2016-02-29,7051.5,7061.3,7046.55,7054.15,14:10:00,7031.845910920781,0,60
2016-02-29,7046.4,7059.05,7045.8,7050.95,14:15:00,7033.232014642611,0,61
2016-02-29,7049.9,7052.1,7030.15,7046.1,14:20:00,7034.819441819505,0,62
2016-02-29,7038.85,7060.25,7037.25,7053.25,14:25:00,7035.203304503362,0,63
2016-02-29,7045.35,7052.3,7039.5,7039.5,14:30:00,7036.169656455423,0,64
2016-02-29,7037.2,7049.75,7031.95,7045.2,14:35:00,7036.267784412049,0,65
2016-02-29,7023.1,7040.05,7022.35,7036.25,14:40:00,7035.01370970614,0,66
2016-02-29,7007.0,7026.9,6999.85,7022.5,14:45:00,7032.345737353174,0,67
2016-02-29,7000.55,7015.85,6999.45,7007.5,14:50:00,7029.317571890966,0,68
2016-02-29,7001.7,7008.2,6988.45,7001.2,14:55:00,7026.687326948969,0,69
2016-02-29,6994.65,7006.15,6992.45,7001.9,15:00:00,7023.636152953828,0,70
2016-02-29,6996.6,6997.95,6987.85,6994.75,15:05:00,7021.061281243939,0,71
2016-02-29,6974.3,6996.35,6969.55,6996.35,15:10:00,7016.607825887373,0,72
2016-02-29,6986.75,6987.5,6974.0,6974.2,15:15:00,7013.764223421908,0,73
2016-02-29,6982.7,6989.9,6978.55,6986.35,15:20:00,7010.805725953155,0,74
2016-02-29,6998.55,6999.55,6982.1,6982.1,15:25:00,7009.638513957616,0,75
2016-03-01,7069.0,7076.75,7035.1,7035.1,09:15:00,7015.291988818795,1,1
2016-03-01,7066.95,7077.9,7061.85,7069.3,09:20:00,7020.2117994074815,1,2
2016-03-01,7086.4,7087.5,7065.9,7067.45,09:25:00,7026.51543755915,1,3
2016-03-01,7110.45,7118.4,7085.7,7085.85,09:30:00,7034.50920541066,1,4
2016-03-01,7112.9,7115.85,7105.0,7111.05,09:35:00,7041.97499537155,1,5
2016-03-01,7113.1,7116.8,7104.45,7112.95,09:40:00,7048.748805336164,1,6
2016-03-01,7127.3,7127.45,7112.8,7113.2,09:45:00,7056.229871494625,1,7
2016-03-01,7136.2,7136.8,7123.95,7127.6,09:50:00,7063.846074209422,1,8
2016-03-01,7135.55,7140.4,7130.1,7136.6,09:55:00,7070.6750195228105,1,9
2016-03-01,7146.3,7151.65,7135.45,7135.45,10:00:00,7077.877398615877,1,10
2016-03-01,7137.55,7146.75,7135.3,7146.25,10:05:00,7083.560503509602,1,11
2016-03-01,7137.95,7143.65,7136.25,7137.5,10:10:00,7088.740455556307,1,12
2016-03-01,7138.95,7141.15,7134.7,7138.35,10:15:00,7093.522316931897,1,13
2016-03-01,7138.25,7140.8,7135.85,7139.0,10:20:00,7097.782096271716,1,14
2016-03-01,7140.85,7143.6,7138.2,7138.2,10:25:00,7101.883801388695,1,15
2016-03-01,7138.0,7141.3,7134.9,7140.55,10:30:00,7105.323439351677,1,16
2016-03-01,7143.65,7147.35,7135.4,7137.75,10:35:00,7108.97358798485,1,17
2016-03-01,7143.1,7146.25,7142.25,7143.6,10:40:00,7112.223722462484,1,18
2016-03-01,7132.9,7143.1,7130.3,7142.9,10:45:00,7114.192891751772,1,19
2016-03-01,7131.75,7133.85,7128.45,7132.6,10:50:00,7115.864997299222,1,20
2016-03-01,7139.4,7143.05,7131.8,7131.95,10:55:00,7118.106426127867,1,21
2016-03-01,7141.15,7142.45,7135.65,7138.85,11:00:00,7120.301052210928,1,22
2016-03-01,7142.85,7149.55,7139.95,7141.55,11:05:00,7122.448571047982,1,23
2016-03-01,7145.1,7146.25,7139.7,7142.8,11:10:00,7124.6058499957935,1,24
2016-03-01,7148.8,7149.4,7144.0,7145.55,11:15:00,7126.910054758098,1,25
2016-03-01,7148.65,7154.7,7148.0,7148.4,11:20:00,7128.980525733517,1,26
2016-03-01,7142.55,7149.55,7142.5,7148.75,11:25:00,7130.27285661604,1,27
2016-03-01,7138.95,7142.65,7134.1,7142.65,11:30:00,7131.099251224036,1,28
2016-03-01,7142.1,7144.85,7138.55,7139.0,11:35:00,7132.146941583651,1,29
2016-03-01,7143.65,7147.1,7141.75,7142.4,11:40:00,7133.242470956637,1,30
2016-03-01,7146.1,7146.6,7140.95,7144.05,11:45:00,7134.466997532195,1,31
2016-03-01,7151.95,7151.95,7145.3,7146.0,11:50:00,7136.132045386272,1,32
2016-03-01,7155.15,7155.15,7149.3,7152.15,11:55:00,7137.943279159008,1,33
2016-03-01,7159.0,7159.2,7154.35,7155.35,12:00:00,7139.948681143865,1,34
2016-03-01,7160.55,7160.55,7157.35,7159.35,12:05:00,7141.910711511116,1,35
2016-03-01,7165.45,7168.65,7158.4,7160.35,12:10:00,7144.152548510057,1,36
2016-03-01,7160.9,7165.65,7155.3,7165.4,12:15:00,7145.747543890052,1,37
2016-03-01,7168.0,7168.0,7160.5,7160.5,12:20:00,7147.866825424333,1,38
2016-03-01,7162.05,7169.15,7161.7,7168.3,12:25:00,7149.21760395535,1,39
2016-03-01,7165.0,7166.6,7161.1,7162.0,12:30:00,7150.720689292935,1,40
2016-03-01,7162.55,7166.0,7161.3,7165.05,12:35:00,7151.847290312656,1,41
2016-03-01,7164.3,7164.65,7160.65,7162.6,12:40:00,7153.033262663831,1,42
2016-03-01,7172.9,7174.9,7164.15,7165.1,12:45:00,7154.925332886323,1,43
2016-03-01,7170.15,7173.55,7169.6,7173.0,12:50:00,7156.375301182864,1,44
2016-03-01,7175.0,7177.65,7169.7,7170.4,12:55:00,7158.149082022591,1,45
2016-03-01,7178.65,7187.1,7174.55,7174.55,13:00:00,7160.101550401392,1,46
2016-03-01,7180.3,7181.0,7176.95,7178.5,13:05:00,7162.025212267926,1,47
2016-03-01,7173.0,7180.85,7172.0,7180.8,13:10:00,7163.070430147171,1,48
2016-03-01,7174.85,7176.6,7171.6,7172.75,13:15:00,7164.192293942678,1,49
2016-03-01,7181.2,7183.0,7174.9,7175.05,13:20:00,7165.812075471947,1,50
2016-03-01,7181.0,7182.8,7173.75,7181.3,13:25:00,7167.258544474618,1,51
2016-03-01,7173.85,7181.7,7167.35,7181.45,13:30:00,7167.886302143703,1,52
2016-03-01,7176.3,7178.15,7168.35,7174.6,13:35:00,7168.6876067014455,1,53
2016-03-01,7190.55,7192.85,7174.45,7176.6,13:40:00,7170.769739396546,1,54
2016-03-01,7191.1,7196.85,7186.05,7189.35,13:45:00,7172.705954692114,1,55
2016-03-01,7188.95,7193.0,7188.05,7190.95,13:50:00,7174.253006626199,1,56
2016-03-01,7193.35,7193.5,7188.05,7189.25,13:55:00,7176.0717678998935,1,57
2016-03-01,7204.3,7206.85,7193.15,7193.3,14:00:00,7178.760170957046,1,58
2016-03-01,7201.25,7205.3,7196.35,7204.55,14:05:00,7180.902059437327,1,59
2016-03-01,7208.6,7211.85,7201.35,7201.35,14:10:00,7183.539958538533,1,60
2016-03-01,7212.7,7213.35,7206.65,7208.7,14:15:00,7186.317105344388,1,61
2016-03-01,7203.25,7212.95,7201.95,7212.9,14:20:00,7187.929761978255,1,62
2016-03-01,7207.05,7210.25,7200.65,7202.9,14:25:00,7189.7507370279445,1,63
2016-03-01,7202.8,7207.85,7197.7,7207.45,14:30:00,7190.993523977664,1,64
2016-03-01,7200.65,7209.2,7199.95,7202.9,14:35:00,7191.913188360743,1,65
2016-03-01,7205.75,7205.8,7193.75,7200.8,14:40:00,7193.230979945434,1,66
2016-03-01,7202.55,7205.8,7201.45,7204.95,14:45:00,7194.1185056649165,1,67
2016-03-01,7208.4,7211.05,7201.9,7202.7,14:50:00,7195.478647982543,1,68
2016-03-01,7208.35,7210.65,7202.4,7207.75,14:55:00,7196.704491031825,1,69
2016-03-01,7208.65,7212.0,7205.5,7209.1,15:00:00,7197.842158552603,1,70
2016-03-01,7214.65,7216.5,7206.5,7209.5,15:05:00,7199.4429053571175,1,71
2016-03-01,7222.5,7223.75,7212.8,7214.15,15:10:00,7201.638819132631,1,72
2016-03-01,7231.05,7235.5,7221.9,7222.65,15:15:00,7204.439883977142,1,73
2016-03-01,7231.05,7231.05,7224.05,7230.55,15:20:00,7206.974180741224,1,74
2016-03-01,7228.55,7232.55,7227.45,7229.9,15:25:00,7209.029020670631,1,75
2016-03-02,7323.75,7351.4,7316.1,7318.65,09:15:00,7219.954828225809,2,1
2016-03-02,7320.8,7336.55,7319.75,7323.8,09:20:00,7229.559130299542,2,2
2016-03-02,7322.45,7328.15,7313.45,7320.5,09:25:00,7238.405879794824,2,3
2016-03-02,7317.35,7322.6,7308.15,7322.6,09:30:00,7245.924367433412,2,4
2016-03-02,7324.15,7324.25,7316.15,7317.5,09:35:00,7253.374427677849,2,5
2016-03-02,7319.2,7327.6,7319.1,7323.85,09:40:00,7259.643529803768,2,6
2016-03-02,7320.3,7323.25,7316.2,7318.95,09:45:00,7265.420336489124,2,7
2016-03-02,7330.3,7332.45,7319.45,7319.7,09:50:00,7271.599352061588,2,8
2016-03-02,7343.1,7343.1,7329.9,7330.85,09:55:00,7278.408937579532,2,9
2016-03-02,7344.1,7349.65,7339.1,7342.6,10:00:00,7284.665229238624,2,10
2016-03-02,7349.85,7352.1,7342.95,7342.95,10:05:00,7290.87330264447,2,11
2016-03-02,7357.45,7361.1,7349.9,7349.9,10:10:00,7297.213940487853,2,12
2016-03-02,7359.6,7366.4,7356.8,7357.55,10:15:00,7303.1554699652015,2,13
2016-03-02,7369.8,7370.4,7357.65,7359.25,10:20:00,7309.502568063754,2,14
2016-03-02,7369.3,7372.45,7366.4,7369.1,10:25:00,7315.197561581491,2,15
2016-03-02,7349.1,7369.8,7349.0,7368.8,10:30:00,7318.426365240397,2,16
2016-03-02,7353.85,7358.0,7345.5,7349.3,10:35:00,7321.800044741311,2,17
2016-03-02,7347.3,7355.95,7340.7,7353.8,10:40:00,7324.228611908806,2,18
2016-03-02,7355.8,7359.8,7347.85,7347.95,10:45:00,7327.235410774634,2,19
2016-03-02,7354.05,7357.35,7351.3,7355.65,10:50:00,7329.78918117705,2,20
2016-03-02,7355.9,7356.8,7353.0,7353.8,10:55:00,7332.275925826854,2,21
2016-03-02,7354.4,7362.2,7354.2,7355.95,11:00:00,7334.382980510011,2,22
2016-03-02,7350.15,7354.3,7345.9,7354.3,11:05:00,7335.88460141382,2,23
2016-03-02,7352.0,7357.05,7346.75,7350.05,11:10:00,7337.41940127917,2,24
2016-03-02,7355.3,7361.75,7351.3,7352.85,11:15:00,7339.122315443059,2,25
2016-03-02,7355.75,7359.65,7351.35,7355.2,11:20:00,7340.705904448482,2,26
2016-03-02,7354.95,7359.75,7352.85,7355.4,11:25:00,7342.062484977197,2,27
2016-03-02,7355.9,7358.35,7354.0,7355.05,11:30:00,7343.380343550798,2,28
2016-03-02,7359.4,7362.65,7355.0,7355.4,11:35:00,7344.906025117389,2,29
2016-03-02,7362.8,7364.15,7358.05,7359.7,11:40:00,7346.610213201448,2,30
2016-03-02,7360.3,7363.35,7355.7,7362.75,11:45:00,7347.914002420358,2,31
2016-03-02,7357.55,7361.0,7355.65,7360.25,11:50:00,7348.831716475563,2,32
2016-03-02,7359.0,7364.8,7356.8,7357.6,11:55:00,7349.800124430271,2,33
2016-03-02,7360.35,7362.8,7357.85,7358.9,12:00:00,7350.804874484532,2,34
2016-03-02,7361.8,7363.0,7359.05,7360.15,12:05:00,7351.852029295529,2,35
2016-03-02,7363.4,7363.4,7357.85,7361.65,12:10:00,7352.951836029288,2,36
2016-03-02,7356.75,7365.0,7356.6,7364.6,12:15:00,7353.31356593126,2,37
2016-03-02,7358.0,7358.65,7354.1,7356.25,12:20:00,7353.759892985426,2,38
2016-03-02,7357.7,7358.65,7353.15,7357.5,12:25:00,7354.135141272528,2,39
2016-03-02,7357.25,7358.65,7354.65,7357.5,12:30:00,7354.431794484668,2,40
2016-03-02,7357.2,7359.35,7354.6,7357.85,12:35:00,7354.695433105176,2,41
2016-03-02,7360.3,7361.5,7354.65,7357.65,12:40:00,7355.229201380874,2,42
2016-03-02,7368.7,7368.75,7359.75,7361.2,12:45:00,7356.512134582695,2,43
2016-03-02,7363.3,7371.15,7361.9,7368.95,12:50:00,7357.158597955771,2,44
2016-03-02,7367.35,7368.05,7361.15,7363.45,12:55:00,7358.129207674269,2,45
2016-03-02,7366.75,7367.75,7363.4,7366.95,13:00:00,7358.950235514814,2,46
2016-03-02,7375.4,7377.7,7365.35,7366.8,13:05:00,7360.516879751499,2,47
2016-03-02,7373.65,7377.75,7372.9,7375.55,13:10:00,7361.767653108499,2,48
2016-03-02,7370.85,7377.4,7370.85,7373.55,13:15:00,7362.6326385267375,2,49
2016-03-02,7364.75,7371.35,7357.95,7371.35,13:20:00,7362.834292000381,2,50
2016-03-02,7374.8,7375.7,7363.25,7364.6,13:25:00,7363.973883238441,2,51
2016-03-02,7363.25,7375.15,7361.45,7375.15,13:30:00,7363.904941977637,2,52
2016-03-02,7361.1,7366.55,7355.3,7363.1,13:35:00,7363.637804646433,2,53
2016-03-02,7352.7,7363.5,7347.0,7361.7,13:40:00,7362.59610896582,2,54
2016-03-02,7349.9,7357.55,7343.65,7352.3,13:45:00,7361.386955730981,2,55
2016-03-02,7349.6,7356.65,7346.25,7349.25,13:50:00,7360.264388518506,2,56
2016-03-02,7354.55,7355.3,7346.0,7349.9,13:55:00,7359.720161040554,2,57
2016-03-02,7363.8,7365.2,7354.0,7354.6,14:00:00,7360.10871713193,2,58
2016-03-02,7362.95,7363.65,7359.1,7363.65,14:05:00,7360.379315500318,2,59
2016-03-02,7366.9,7367.2,7359.05,7362.9,14:10:00,7361.000333071716,2,60
2016-03-02,7373.75,7374.3,7366.7,7367.3,14:15:00,7362.2145870648865,2,61
2016-03-02,7374.55,7377.2,7369.65,7373.25,14:20:00,7363.389388296801,2,62
2016-03-02,7374.55,7374.65,7368.7,7374.6,14:25:00,7364.452303697106,2,63
2016-03-02,7374.95,7379.0,7371.75,7374.7,14:30:00,7365.452084297382,2,64
2016-03-02,7378.45,7380.35,7375.15,7375.15,14:35:00,7366.689981030964,2,65
2016-03-02,7366.3,7379.4,7366.05,7378.55,14:40:00,7366.6528399803965,2,66
2016-03-02,7365.75,7373.05,7359.9,7366.55,14:45:00,7366.566855220359,2,67
2016-03-02,7364.35,7371.5,7363.75,7365.4,14:50:00,7366.3557261517535,2,68
2016-03-02,7365.4,7368.35,7363.45,7364.15,14:55:00,7366.264704613491,2,69
2016-03-02,7357.4,7366.45,7352.9,7365.7,15:00:00,7365.420447031253,2,70
2016-03-02,7360.7,7367.35,7357.65,7357.7,15:05:00,7364.9708806473245,2,71
2016-03-02,7369.15,7370.1,7360.65,7360.65,15:10:00,7365.368892014246,2,72
2016-03-02,7377.1,7377.3,7368.25,7370.0,15:15:00,7366.486140393841,2,73
2016-03-02,7372.7,7378.9,7371.5,7377.25,15:20:00,7367.077936546808,2,74
2016-03-02,7376.25,7377.35,7371.25,7372.9,15:25:00,7367.951466399493,2,75
2016-03-03,7422.85,7427.7,7415.1,7421.7,09:15:00,7373.17989817097,3,1
2016-03-03,7429.4,7430.75,7413.6,7422.65,09:20:00,7378.534193583258,3,2
2016-03-03,7441.6,7445.7,7428.9,7430.05,09:25:00,7384.540460861043,3,3
2016-03-03,7429.6,7441.15,7425.4,7441.1,09:30:00,7388.831845540943,3,4
2016-03-03,7420.85,7431.6,7420.15,7429.25,09:35:00,7391.881193584663,3,5
2016-03-03,7416.2,7428.75,7415.9,7420.6,09:40:00,7394.197270386124,3,6
2016-03-03,7410.2,7420.05,7409.45,7415.95,09:45:00,7395.72133987316,3,7
2016-03-03,7414.9,7418.45,7406.05,7409.1,09:50:00,7397.547878932859,3,8
2016-03-03,7420.65,7420.65,7412.1,7414.6,09:55:00,7399.748080939254,3,9
2016-03-03,7422.15,7426.5,7418.1,7420.45,10:00:00,7401.881597040277,3,10
2016-03-03,7430.3,7430.35,7420.4,7422.5,10:05:00,7404.58811160787,3,11
2016-03-03,7428.55,7430.55,7426.85,7429.8,10:10:00,7406.870196216644,3,12
2016-03-03,7431.6,7433.7,7420.05,7428.2,10:15:00,7409.225415624583,3,13
2016-03-03,7431.0,7432.2,7424.95,7431.15,10:20:00,7411.299185565098,3,14
2016-03-03,7433.0,7435.25,7428.85,7431.2,10:25:00,7413.365929796993,3,15
2016-03-03,7442.2,7442.25,7430.1,7432.7,10:30:00,7416.112031721089,3,16
2016-03-03,7436.0,7445.1,7434.65,7442.05,10:35:00,7418.006123938128,3,17
2016-03-03,7439.45,7442.6,7436.1,7436.2,10:40:00,7420.048397848783,3,18
2016-03-03,7435.1,7440.5,7434.45,7439.75,10:45:00,7421.481883767947,3,19
2016-03-03,7436.85,7442.3,7434.95,7434.95,10:50:00,7422.945513885284,3,20
2016-03-03,7437.5,7443.25,7435.85,7436.9,10:55:00,7424.331655420019,3,21
2016-03-03,7436.45,7439.3,7432.65,7438.15,11:00:00,7425.485783475256,3,22
2016-03-03,7439.95,7442.4,7436.3,7436.55,11:05:00,7426.863327906183,3,23
2016-03-03,7440.55,7443.8,7437.05,7439.85,11:10:00,7428.166820486546,3,24
2016-03-03,7443.5,7445.25,7440.5,7440.5,11:15:00,7429.627123297351,3,25
2016-03-03,7442.15,7444.45,7439.5,7443.4,11:20:00,7430.819778221413,3,26
2016-03-03,7441.85,7443.6,7440.2,7442.45,11:25:00,7431.870275533659,3,27
2016-03-03,7435.45,7447.45,7435.1,7441.45,11:30:00,7432.21120167331,3,28
2016-03-03,7428.85,7436.0,7426.85,7435.15,11:35:00,7431.891087228233,3,29
2016-03-03,7428.2,7429.15,7420.3,7428.8,11:40:00,7431.539555111259,3,30
2016-03-03,7428.75,7431.6,7427.3,7428.3,11:45:00,7431.2738831959,3,31
2016-03-03,7425.3,7429.0,7424.25,7429.0,11:50:00,7430.704941939149,3,32
2016-03-03,7436.05,7436.35,7425.35,7425.4,11:55:00,7431.213995087801,3,33
2016-03-03,7433.15,7437.1,7431.0,7436.8,12:00:00,7431.39837650801,3,34
2016-03-03,7434.8,7435.8,7430.85,7433.2,12:05:00,7431.722340650104,3,35
2016-03-03,7436.8,7439.05,7433.8,7434.95,12:10:00,7432.205927254856,3,36
2016-03-03,7438.65,7441.15,7433.9,7437.35,12:15:00,7432.819648468679,3,37
2016-03-03,7437.0,7440.9,7433.65,7438.6,12:20:00,7433.217777185948,3,38
2016-03-03,7443.95,7445.1,7436.85,7437.55,12:25:00,7434.239893644429,3,39
2016-03-03,7445.35,7446.95,7440.85,7443.5,12:30:00,7435.2979990116255,3,40
2016-03-03,7447.2,7450.25,7441.55,7445.4,12:35:00,7436.43152291528,3,41
2016-03-03,7448.8,7452.8,7447.1,7447.45,12:40:00,7437.6094731138255,3,42
2016-03-03,7443.5,7450.9,7442.55,7448.85,12:45:00,7438.170475674413,3,43
2016-03-03,7447.9,7448.75,7442.85,7443.15,12:50:00,7439.097097038754,3,44
2016-03-03,7453.05,7454.45,7447.1,7447.95,12:55:00,7440.425944939825,3,45
2016-03-03,7456.3,7460.5,7453.0,7453.2,13:00:00,7441.937759707461,3,46
2016-03-03,7460.85,7467.45,7455.75,7455.75,13:05:00,7443.738925449607,3,47
2016-03-03,7461.75,7464.85,7458.9,7461.25,13:10:00,7445.454265882978,3,48
2016-03-03,7463.1,7463.7,7458.4,7461.35,13:15:00,7447.134811989361,3,49
2016-03-03,7465.9,7466.9,7460.95,7463.0,13:20:00,7448.921972752279,3,50
2016-03-03,7469.8,7472.4,7465.8,7465.85,13:25:00,7450.910356299681,3,51
2016-03-03,7457.0,7471.65,7452.25,7470.1,13:30:00,7451.490322366378,3,52
2016-03-03,7444.7,7457.15,7444.15,7457.15,13:35:00,7450.843624998151,3,53
2016-03-03,7452.4,7455.55,7443.9,7445.75,13:40:00,7450.991851188804,3,54
2016-03-03,7463.55,7465.65,7451.05,7452.3,13:45:00,7452.187865361298,3,55
2016-03-03,7453.65,7464.55,7453.55,7463.65,13:50:00,7452.32711627927,3,56
2016-03-03,7457.8,7458.45,7450.3,7453.7,13:55:00,7452.848343300291,3,57
2016-03-03,7453.8,7457.85,7452.25,7457.85,14:00:00,7452.938977271692,3,58
2016-03-03,7459.15,7459.5,7453.0,7453.9,14:05:00,7453.530503245816,3,59
2016-03-03,7458.85,7461.0,7456.35,7459.35,14:10:00,7454.03712198431,3,60
2016-03-03,7460.45,7461.0,7454.35,7458.75,14:15:00,7454.647872271518,3,61
2016-03-03,7461.75,7463.65,7459.7,7460.6,14:20:00,7455.324265388516,3,62
2016-03-03,7461.6,7462.45,7458.0,7461.45,14:25:00,7455.921954399134,3,63
2016-03-03,7464.95,7469.8,7461.05,7461.35,14:30:00,7456.781768265883,3,64
2016-03-03,7463.55,7466.15,7460.35,7464.8,14:35:00,7457.426361764371,3,65
2016-03-03,7463.0,7466.65,7462.1,7463.95,14:40:00,7457.9571844534785,3,66
2016-03-03,7465.1,7465.75,7460.1,7462.65,14:45:00,7458.637452600766,3,67
2016-03-03,7468.7,7470.85,7463.35,7464.95,14:50:00,7459.595790448312,3,68
2016-03-03,7456.0,7469.8,7453.5,7468.5,14:55:00,7459.25333421514,3,69
2016-03-03,7469.05,7469.55,7456.35,7456.5,15:00:00,7460.186350004174,3,70
2016-03-03,7473.7,7475.7,7467.65,7468.75,15:05:00,7461.47336428949,3,71
2016-03-03,7479.0,7481.35,7473.3,7473.8,15:10:00,7463.142567690491,3,72
2016-03-03,7481.45,7483.95,7476.55,7479.7,15:15:00,7464.886132672349,3,73
2016-03-03,7472.8,7481.4,7470.05,7481.2,15:20:00,7465.639834322601,3,74
2016-03-03,7473.05,7475.6,7471.45,7473.15,15:25:00,7466.345564387115,3,75
2016-03-04,7475.65,7502.55,7466.6,7499.65,09:15:00,7467.231701112151,4,1
2016-03-04,7457.0,7477.0,7449.25,7475.5,09:20:00,7466.257253387184,4,2
2016-03-04,7456.05,7467.65,7454.55,7457.45,09:25:00,7465.285134016976,4,3
2016-03-04,7460.4,7464.2,7451.8,7455.55,09:30:00,7464.819883158217,4,4
2016-03-04,7446.65,7462.25,7446.65,7460.55,09:35:00,7463.089418095529,4,5
2016-03-04,7453.65,7455.75,7444.1,7447.5,09:40:00,7462.190425895955,4,6
2016-03-04,7451.85,7454.4,7447.15,7453.95,09:45:00,7461.205623429673,4,7
2016-03-04,7453.65,7459.0,7449.2,7452.05,09:50:00,7460.486040245895,4,8
2016-03-04,7459.45,7463.9,7453.0,7453.2,09:55:00,7460.387369746287,4,9
2016-03-04,7468.9,7469.05,7460.0,7460.0,10:00:00,7461.198096437117,4,10
2016-03-04,7468.85,7473.15,7466.95,7469.05,10:05:00,7461.926849157391,4,11
2016-03-04,7465.0,7468.75,7460.15,7468.75,10:10:00,7462.21953019002,4,12
2016-03-04,7465.4,7471.25,7464.65,7464.8,10:15:00,7462.522432076685,4,13
2016-03-04,7471.6,7472.05,7461.85,7465.35,10:20:00,7463.386962355095,4,14
2016-03-04,7478.95,7479.35,7471.8,7471.8,10:25:00,7464.869156416515,4,15
2016-03-04,7471.35,7481.2,7464.8,7479.3,10:30:00,7465.486379614942,4,16
2016-03-04,7471.25,7474.85,7468.6,7471.15,10:35:00,7466.035295842091,4,17
2016-03-04,7461.85,7471.1,7461.6,7471.1,10:40:00,7465.636696238082,4,18
2016-03-04,7466.35,7469.45,7462.05,7462.05,10:45:00,7465.704629929693,4,19
2016-03-04,7466.45,7472.2,7463.9,7466.1,10:50:00,7465.775617555436,4,20
2016-03-04,7471.4,7471.95,7465.15,7466.35,10:55:00,7466.311273026346,4,21
2016-03-04,7474.4,7475.55,7468.85,7471.65,11:00:00,7467.081627976218,4,22
2016-03-04,7476.05,7478.0,7473.0,7473.95,11:05:00,7467.93575864515,4,23
2016-03-04,7473.85,7476.4,7470.6,7475.85,11:10:00,7468.499019726564,4,24
2016-03-04,7478.95,7478.95,7471.3,7473.65,11:15:00,7469.494351181177,4,25
2016-03-04,7477.3,7482.35,7472.5,7479.25,11:20:00,7470.23774630678,4,26
2016-03-04,7476.2,7481.1,7475.5,7477.35,11:25:00,7470.805579991848,4,27
2016-03-04,7474.25,7479.8,7472.4,7476.4,11:30:00,7471.133619992624,4,28
2016-03-04,7477.35,7477.35,7473.6,7474.75,11:35:00,7471.725656183803,4,29
2016-03-04,7477.85,7478.55,7473.05,7477.3,11:40:00,7472.308927023441,4,30
2016-03-04,7481.5,7483.2,7477.7,7477.7,11:45:00,7473.184267306923,4,31
2016-03-04,7485.3,7488.8,7480.4,7481.65,11:50:00,7474.338146611026,4,32
2016-03-04,7483.45,7487.95,7483.45,7485.5,11:55:00,7475.20594217188,4,33
2016-03-04,7482.45,7483.8,7478.1,7483.5,12:00:00,7475.8958524412255,4,34
2016-03-04,7478.45,7482.8,7476.55,7482.5,12:05:00,7476.139104589681,4,35
2016-03-04,7479.15,7481.6,7476.85,7478.65,12:10:00,7476.425856533521,4,36
2016-03-04,7483.05,7484.75,7479.05,7479.3,12:15:00,7477.056727339853,4,37
2016-03-04,7466.7,7483.25,7466.2,7483.15,12:20:00,7476.070372355105,4,38
2016-03-04,7468.85,7470.45,7464.6,7466.5,12:25:00,7475.382717845095,4,39
2016-03-04,7476.1,7478.25,7467.6,7468.8,12:30:00,7475.451030431276,4,40
2016-03-04,7482.05,7483.05,7475.7,7476.25,12:35:00,7476.079503723536,4,41
2016-03-04,7480.45,7484.7,7476.9,7481.75,12:40:00,7476.495741464151,4,42
2016-03-04,7482.2,7483.45,7479.5,7480.4,12:45:00,7477.039004181851,4,43
2016-03-04,7479.8,7482.65,7477.9,7482.05,12:50:00,7477.301956164532,4,44
2016-03-04,7481.15,7482.5,7478.05,7479.85,12:55:00,7477.668436529815,4,45
2016-03-04,7478.65,7482.2,7478.55,7480.95,13:00:00,7477.761918765071,4,46
2016-03-04,7475.8,7479.35,7474.4,7478.6,13:05:00,7477.575069358873,4,47
2016-03-04,7472.7,7479.45,7472.65,7475.9,13:10:00,7477.110777038981,4,48
2016-03-04,7463.35,7473.5,7458.6,7473.0,13:15:00,7475.800226844793,4,49
2016-03-04,7463.0,7464.8,7453.9,7463.1,13:20:00,7474.581157621479,4,50
2016-03-04,7465.6,7467.3,7462.75,7462.9,13:25:00,7473.725809276576,4,51
2016-03-04,7466.8,7475.4,7465.6,7465.65,13:30:00,7473.066208393093,4,52
2016-03-04,7470.25,7473.3,7466.6,7467.1,13:35:00,7472.797998069941,4,53
2016-03-04,7470.4,7474.35,7469.55,7469.65,13:40:00,7472.569617301375,4,54
2016-03-04,7466.85,7472.65,7464.25,7470.6,13:45:00,7472.024891844101,4,55
2016-03-04,7460.9,7466.95,7453.75,7466.9,13:50:00,7470.96537833514,4,56
2016-03-04,7461.75,7463.25,7458.6,7461.25,13:55:00,7470.087723255602,4,57
2016-03-04,7461.65,7465.35,7460.05,7461.5,14:00:00,7469.284130564592,4,58
2016-03-04,7466.9,7467.4,7461.35,7461.5,14:05:00,7469.057070510822,4,59
2016-03-04,7491.55,7491.55,7466.35,7466.85,14:10:00,7471.199254271696,4,60
2016-03-04,7494.8,7500.55,7490.65,7491.35,14:15:00,7473.446944341059,4,61
2016-03-04,7491.8,7501.5,7490.55,7494.4,14:20:00,7475.194854403815,4,62
2016-03-04,7495.75,7502.4,7489.9,7491.4,14:25:00,7477.152487317738,4,63
2016-03-04,7492.3,7496.45,7489.3,7495.4,14:30:00,7478.595107573192,4,64
2016-03-04,7495.3,7501.1,7492.5,7492.5,14:35:00,7480.186049709078,4,65
2016-03-04,7480.35,7495.65,7478.75,7495.4,14:40:00,7480.2016640225,4,66
2016-03-04,7466.4,7480.55,7464.8,7480.15,14:45:00,7478.88721982988,4,67
2016-03-04,7457.6,7466.95,7457.0,7466.55,14:50:00,7476.859865560368,4,68
2016-03-04,7462.9,7464.8,7454.25,7457.35,14:55:00,7475.530354554618,4,69
2016-03-04,7476.8,7481.9,7463.75,7463.75,15:00:00,7475.651273168464,4,70
2016-03-04,7480.25,7481.6,7473.1,7477.0,15:05:00,7476.089247152419,4,71
2016-03-04,7484.15,7486.5,7479.85,7480.3,15:10:00,7476.856937899807,4,72
2016-03-04,7486.85,7488.9,7478.35,7483.85,15:15:00,7477.808658099826,4,73
2016-03-04,7494.45,7495.15,7485.95,7487.4,15:20:00,7479.393547804604,4,74
2016-03-04,7501.85,7504.7,7493.65,7494.55,15:25:00,7481.532257537498,4,75
2016-03-08,7485.85,7505.3,7482.65,7482.65,09:15:00,7481.9434711053555,1,1
2016-03-08,7496.7,7500.6,7484.85,7485.5,09:20:00,7483.348854809607,1,2
2016-03-08,7499.5,7500.25,7490.8,7497.05,09:25:00,7484.887059113454,1,3
2016-03-08,7514.6,7514.9,7498.4,7499.3,09:30:00,7487.716863007411,1,4
2016-03-08,7508.05,7516.75,7505.8,7515.1,09:35:00,7489.653352244801,1,5
2016-03-08,7521.15,7524.2,7507.9,7508.4,09:40:00,7492.653032983391,1,6
2016-03-08,7520.85,7527.15,7519.35,7521.65,09:45:00,7495.338458413545,1,7
2016-03-08,7513.9,7520.85,7510.4,7520.8,09:50:00,7497.106224278921,1,8
2016-03-08,7517.7,7519.5,7510.95,7513.65,09:55:00,7499.067536252358,1,9
2016-03-08,7524.05,7524.25,7515.8,7517.65,10:00:00,7501.446818514038,1,10
2016-03-08,7523.1,7526.25,7520.2,7524.1,10:05:00,7503.509026274606,1,11
2016-03-08,7511.4,7523.7,7509.9,7523.0,10:10:00,7504.260547581786,1,12
2016-03-08,7515.3,7515.3,7505.3,7511.2,10:15:00,7505.311924002569,1,13
2016-03-08,7514.85,7519.15,7513.6,7515.15,10:20:00,7506.2203121928,1,14
2016-03-08,7516.9,7517.45,7509.2,7514.45,10:25:00,7507.237425317296,1,15
2016-03-08,7516.55,7518.95,7513.0,7516.85,10:30:00,7508.124337191839,1,16
2016-03-08,7509.7,7516.7,7508.4,7516.35,10:35:00,7508.274400316425,1,17
2016-03-08,7507.1,7510.6,7505.55,7509.6,10:40:00,7508.1625526672415,1,18
2016-03-08,7507.05,7507.05,7499.45,7506.95,10:45:00,7508.056595270361,1,19
2016-03-08,7512.5,7515.5,7507.35,7507.35,10:50:00,7508.479776673184,1,20
2016-03-08,7510.35,7513.05,7507.7,7512.1,10:55:00,7508.6578931805,1,21
2016-03-08,7514.45,7514.55,7507.45,7510.55,11:00:00,7509.209522401405,1,22
2016-03-08,7498.8,7514.5,7498.6,7514.15,11:05:00,7508.218139315557,1,23
2016-03-08,7507.9,7508.35,7498.15,7498.4,11:10:00,7508.187840333123,1,24
2016-03-08,7501.1,7508.0,7499.75,7508.0,11:15:00,7507.512807920444,1,25
2016-03-08,7503.85,7506.85,7500.95,7500.95,11:20:00,7507.163969070878,1,26
2016-03-08,7507.7,7511.5,7503.35,7503.75,11:25:00,7507.215019635556,1,27
2016-03-08,7508.45,7510.1,7504.45,7507.65,11:30:00,7507.332636813122,1,28
2016-03-08,7503.55,7509.75,7502.35,7508.35,11:35:00,7506.972385688063,1,29
2016-03-08,7499.45,7507.45,7498.4,7503.35,11:40:00,7506.255968003486,1,30
2016-03-08,7498.05,7500.55,7497.6,7499.85,11:45:00,7505.474447241249,1,31
2016-03-08,7502.05,7502.55,7496.9,7498.2,11:50:00,7505.14830940875,1,32
2016-03-08,7499.8,7502.65,7498.5,7501.95,11:55:00,7504.638946607916,1,33
2016-03-08,7489.85,7499.75,7489.4,7499.75,12:00:00,7503.230475502401,1,34
2016-03-08,7497.25,7497.7,7486.3,7489.6,12:05:00,7502.660906406933,1,35
2016-03-08,7494.8,7501.05,7494.55,7497.1,12:10:00,7501.912248653893,1,36
2016-03-08,7492.1,7495.3,7491.0,7494.85,12:15:00,7500.977748782094,1,37
2016-03-08,7492.2,7497.0,7490.6,7491.85,12:20:00,7500.141772707609,1,38
2016-03-08,7492.55,7494.05,7488.25,7492.1,12:25:00,7499.418746735455,1,39
2016-03-08,7500.45,7500.75,7489.7,7492.6,12:30:00,7499.516961332078,1,40
2016-03-08,7501.55,7501.6,7496.75,7500.55,12:35:00,7499.710584062356,1,41
2016-03-08,7495.65,7502.9,7495.65,7501.5,12:40:00,7499.323861770703,1,42
2016-03-08,7492.3,7496.05,7491.5,7496.05,12:45:00,7498.654922554446,1,43
2016-03-08,7492.25,7493.9,7486.75,7492.25,12:50:00,7498.044929930214,1,44
2016-03-08,7494.2,7496.0,7491.5,7492.1,12:55:00,7497.678746127336,1,45
2016-03-08,7495.4,7501.65,7493.5,7494.3,13:00:00,7497.461722686638,1,46
2016-03-08,7487.85,7496.3,7487.3,7495.3,13:05:00,7496.546320526006,1,47
2016-03-08,7483.05,7489.0,7475.85,7487.95,13:10:00,7495.260956666387,1,48
2016-03-08,7473.9,7484.1,7473.35,7483.3,13:15:00,7493.226579841017,1,49
2016-03-08,7475.15,7477.25,7468.05,7473.6,13:20:00,7491.50500080854,1,50
2016-03-08,7472.8,7476.1,7470.35,7475.4,13:25:00,7489.723572160107,1,51
2016-03-08,7466.25,7474.25,7463.15,7472.75,13:30:00,7487.487993859145,1,52
2016-03-08,7452.15,7466.2,7451.55,7465.9,13:35:00,7484.122470634465,1,53
2016-03-08,7459.9,7464.2,7449.55,7451.9,13:40:00,7481.815568669277,1,54
2016-03-08,7459.1,7464.95,7454.95,7459.55,13:45:00,7479.652181176964,1,55
2016-03-08,7453.1,7459.55,7449.5,7459.3,13:50:00,7477.123402017253,1,56
2016-03-08,7446.65,7455.2,7446.65,7453.2,13:55:00,7474.221173253705,1,57
2016-03-08,7452.4,7453.45,7443.2,7447.15,14:00:00,7472.142966277162,1,58
2016-03-08,7457.35,7461.4,7448.8,7452.5,14:05:00,7470.734112346004,1,59
2016-03-08,7455.85,7464.95,7454.8,7457.45,14:10:00,7469.31657783686,1,60
2016-03-08,7451.45,7458.15,7450.95,7455.75,14:15:00,7467.614998995254,1,61
2016-03-08,7444.5,7453.65,7442.15,7451.8,14:20:00,7465.413570519515,1,62
2016-03-08,7449.9,7451.15,7444.4,7445.45,14:25:00,7463.936087612894,1,63
2016-03-08,7449.8,7453.6,7449.05,7450.25,14:30:00,7462.589793554523,1,64
2016-03-08,7449.55,7453.3,7447.05,7449.7,14:35:00,7461.347908454092,1,65
2016-03-08,7447.7,7454.95,7444.9,7449.5,14:40:00,7460.0481076489405,1,66
2016-03-08,7457.2,7457.3,7447.4,7448.05,14:45:00,7459.776859301422,1,67
2016-03-08,7468.9,7469.9,7456.95,7457.9,14:50:00,7460.645729844143,1,68
2016-03-08,7465.65,7468.75,7459.25,7468.75,14:55:00,7461.122327001844,1,69
2016-03-08,7488.6,7488.6,7465.55,7465.55,15:00:00,7463.739248239763,1,70
2016-03-08,7482.5,7489.9,7480.6,7488.4,15:05:00,7465.525986502643,1,71
2016-03-08,7480.55,7486.05,7478.75,7481.8,15:10:00,7466.956844930963,1,72
2016-03-08,7489.15,7489.15,7476.6,7480.0,15:15:00,7469.070478747061,1,73
2016-03-08,7492.6,7494.5,7487.85,7489.0,15:20:00,7471.311385533055,1,74
2016-03-08,7482.0,7494.25,7480.65,7492.9,15:25:00,7472.32934881562,1,75
2016-03-09,7438.85,7442.45,7429.2,7432.2,09:15:00,7469.140839404608,2,1
2016-03-09,7425.45,7447.65,7424.3,7438.45,09:20:00,7464.97980708036,2,2
2016-03-09,7435.8,7436.1,7425.25,7425.95,09:25:00,7462.2007778346115,2,3
2016-03-09,7438.0,7442.8,7435.15,7436.2,09:30:00,7459.895941850363,2,4
2016-03-09,7440.6,7446.85,7433.9,7438.15,09:35:00,7458.058233102709,2,5
2016-03-09,7446.95,7447.2,7439.5,7440.15,09:40:00,7457.000306140547,2,6
2016-03-09,7446.95,7451.65,7442.7,7447.6,09:45:00,7456.0431341271615,2,7
2016-03-09,7442.35,7450.35,7438.25,7445.7,09:50:00,7454.739026115051,2,8
2016-03-09,7443.65,7443.65,7437.35,7441.55,09:55:00,7453.682928389809,2,9
2016-03-09,7445.8,7448.05,7442.5,7443.5,10:00:00,7452.932173305065,2,10
2016-03-09,7454.2,7456.1,7445.5,7445.5,10:05:00,7453.052918704582,2,11
2016-03-09,7452.45,7457.75,7451.55,7454.45,10:10:00,7452.995497875574,2,12
2016-03-09,7460.2,7461.95,7452.15,7452.15,10:15:00,7453.681640935043,2,13
2016-03-09,7456.7,7461.4,7455.55,7459.95,10:20:00,7453.969103703133,2,14
2016-03-09,7447.15,7457.65,7446.9,7456.1,10:25:00,7453.319665255216,2,15
2016-03-09,7447.3,7449.25,7443.45,7446.7,10:30:00,7452.746363802338,2,16
2016-03-09,7448.2,7451.25,7446.1,7447.05,10:35:00,7452.313376773544,2,17
2016-03-09,7445.25,7451.1,7443.95,7447.45,10:40:00,7451.640674223683,2,18
2016-03-09,7442.3,7447.35,7442.3,7444.35,10:45:00,7450.75108620238,2,19
2016-03-09,7442.1,7446.05,7441.0,7442.45,10:50:00,7449.927173230724,2,20
2016-03-09,7442.85,7443.2,7438.3,7441.9,10:55:00,7449.25315673256,2,21
2016-03-09,7438.05,7443.1,7436.25,7442.75,11:00:00,7448.186189424698,2,22
2016-03-09,7434.15,7438.8,7433.15,7437.5,11:05:00,7446.849409479488,2,23
2016-03-09,7435.55,7439.35,7433.35,7433.4,11:10:00,7445.773275243346,2,24
2016-03-09,7432.1,7437.15,7430.85,7435.8,11:15:00,7444.471058553503,2,25
2016-03-09,7435.25,7437.0,7430.95,7432.2,11:20:00,7443.592862500788,2,26
2016-03-09,7436.8,7437.75,7434.65,7434.65,11:25:00,7442.945923214998,2,27
2016-03-09,7442.9,7442.9,7436.3,7436.4,11:30:00,7442.941549575475,2,28
2016-03-09,7444.95,7445.35,7440.55,7442.6,11:35:00,7443.132830568287,2,29
2016-03-09,7445.05,7449.3,7444.2,7444.9,11:40:00,7443.315418133213,2,30
2016-03-09,7443.55,7445.9,7439.5,7444.6,11:45:00,7443.337759263382,2,31
2016-03-09,7443.95,7445.0,7439.95,7443.25,11:50:00,7443.396067904965,2,32
2016-03-09,7445.1,7445.5,7439.8,7444.0,11:55:00,7443.558347152111,2,33
2016-03-09,7460.75,7461.65,7444.25,7444.25,12:00:00,7445.195647423339,2,34
2016-03-09,7455.9,7461.3,7452.45,7461.3,12:05:00,7446.215109573497,2,35
2016-03-09,7459.6,7459.9,7453.95,7455.4,12:10:00,7447.489861042688,2,36
2016-03-09,7461.5,7466.15,7459.45,7459.75,12:15:00,7448.824159991003,2,37
2016-03-09,7474.55,7478.15,7461.1,7461.1,12:20:00,7451.274239991861,2,38
2016-03-09,7470.8,7475.7,7467.15,7473.75,12:25:00,7453.133836183112,2,39
2016-03-09,7479.9,7487.85,7470.15,7470.4,12:30:00,7455.682994641864,2,40
2016-03-09,7477.7,7483.9,7475.8,7480.1,12:35:00,7457.77985229502,2,41
2016-03-09,7476.95,7484.15,7474.55,7477.35,12:40:00,7459.605580647874,2,42
2016-03-09,7480.5,7481.25,7475.25,7476.85,12:45:00,7461.595525348077,2,43
2016-03-09,7471.55,7480.8,7471.2,7480.55,12:50:00,7462.543570553022,2,44
2016-03-09,7471.75,7473.65,7467.15,7471.5,12:55:00,7463.420373357496,2,45
2016-03-09,7470.25,7474.95,7469.35,7471.4,13:00:00,7464.070813990115,2,46
2016-03-09,7476.55,7479.05,7470.25,7470.4,13:05:00,7465.259307895819,2,47
2016-03-09,7478.35,7480.05,7474.65,7476.65,13:10:00,7466.50604047717,2,48
2016-03-09,7472.2,7478.8,7470.8,7478.2,13:15:00,7467.048322336487,2,49
2016-03-09,7474.0,7478.2,7470.35,7471.85,13:20:00,7467.710386875869,2,50
2016-03-09,7468.9,7476.05,7467.65,7474.35,13:25:00,7467.823683363882,2,51
2016-03-09,7468.65,7472.9,7464.3,7468.5,13:30:00,7467.90238018637,2,52
2016-03-09,7468.1,7471.0,7464.6,7468.9,13:35:00,7467.921201121001,2,53
2016-03-09,7475.7,7476.0,7466.0,7468.4,13:40:00,7468.662039109477,2,54
2016-03-09,7487.35,7490.8,7475.4,7475.85,13:45:00,7470.441844908574,2,55
2016-03-09,7492.75,7494.55,7484.8,7488.65,13:50:00,7472.566431107758,2,56
2016-03-09,7497.8,7502.6,7492.0,7492.55,13:55:00,7474.969628145114,2,57
2016-03-09,7508.55,7513.05,7497.7,7497.7,14:00:00,7478.167758797961,2,58
2016-03-09,7502.55,7513.55,7502.45,7508.6,14:05:00,7480.489877007679,2,59
2016-03-09,7502.4,7508.05,7499.1,7502.95,14:10:00,7482.5765553879,2,60
2016-03-09,7504.55,7506.4,7498.85,7501.7,14:15:00,7484.669264398577,2,61
2016-03-09,7500.7,7504.3,7493.3,7504.3,14:20:00,7486.196001122523,2,62
2016-03-09,7495.8,7502.5,7495.0,7500.95,14:25:00,7487.110667682283,2,63
2016-03-09,7505.7,7508.7,7495.45,7495.55,14:30:00,7488.88108028397,2,64
2016-03-09,7504.1,7507.1,7501.4,7505.75,14:35:00,7490.330501209306,2,65
2016-03-09,7506.5,7507.75,7503.25,7504.05,14:40:00,7491.870453475086,2,66
2016-03-09,7512.0,7513.2,7505.05,7506.4,14:45:00,7493.787553144126,2,67
2016-03-09,7510.45,7514.05,7509.2,7511.95,14:50:00,7495.374452844685,2,68
2016-03-09,7516.65,7518.65,7506.85,7509.95,14:55:00,7497.400695430905,2,69
2016-03-09,7527.75,7528.2,7515.55,7516.4,15:00:00,7500.291105389867,2,70
2016-03-09,7532.55,7535.5,7527.7,7527.7,15:05:00,7503.363381067023,2,71
2016-03-09,7535.05,7539.0,7531.15,7532.45,15:10:00,7506.381154298735,2,72
2016-03-09,7531.35,7538.0,7531.0,7535.15,15:15:00,7508.759139603617,2,73
2016-03-09,7533.15,7534.8,7530.65,7531.2,15:20:00,7511.082078688986,2,74
2016-03-09,7532.5,7536.1,7532.5,7533.5,15:25:00,7513.121880718607,2,75
2016-03-10,7526.8,7544.75,7518.75,7544.2,09:15:00,7514.424558745406,3,1
2016-03-10,7520.8,7526.7,7509.4,7526.7,09:20:00,7515.031743626796,3,2
2016-03-10,7524.15,7529.5,7520.3,7520.5,09:25:00,7515.900148995673,3,3
2016-03-10,7518.9,7525.75,7517.35,7523.75,09:30:00,7516.185849091323,3,4
2016-03-10,7515.8,7519.55,7510.95,7519.0,09:35:00,7516.149101558816,3,5
2016-03-10,7511.4,7519.55,7510.5,7515.65,09:40:00,7515.696806172263,3,6
2016-03-10,7505.0,7512.3,7499.45,7512.15,09:45:00,7514.678062727286,3,7
2016-03-10,7508.05,7509.9,7503.4,7504.5,09:50:00,7514.04681865802,3,8
2016-03-10,7496.95,7509.55,7496.2,7508.1,09:55:00,7512.418550214399,3,9
2016-03-10,7483.3,7496.75,7478.45,7496.75,10:00:00,7509.645354955885,3,10
2016-03-10,7486.55,7488.9,7480.7,7483.6,10:05:00,7507.445797341038,3,11
2016-03-10,7492.45,7492.55,7482.05,7486.5,10:10:00,7506.017626165701,3,12
2016-03-10,7498.4,7498.8,7490.85,7492.75,10:15:00,7505.292137959444,3,13
2016-03-10,7499.5,7501.25,7495.5,7498.3,10:20:00,7504.74050577283,3,14
2016-03-10,7489.45,7499.2,7489.4,7499.2,10:25:00,7503.284267127799,3,15
2016-03-10,7491.85,7492.35,7486.15,7489.4,10:30:00,7502.195289306103,3,16
2016-03-10,7491.8,7493.75,7490.35,7491.4,10:35:00,7501.205261753141,3,17
2016-03-10,7471.8,7491.7,7469.45,7491.7,10:40:00,7498.404760633794,3,18
2016-03-10,7473.35,7478.15,7467.3,7472.15,10:45:00,7496.018592954386,3,19
2016-03-10,7472.55,7475.4,7469.4,7473.25,10:50:00,7493.783488863492,3,20
2016-03-10,7471.4,7477.95,7468.65,7472.7,10:55:00,7491.65172801935,3,21
2016-03-10,7466.65,7472.7,7459.8,7471.6,11:00:00,7489.270611065127,3,22
2016-03-10,7466.65,7470.1,7463.95,7466.7,11:05:00,7487.116267154162,3,23
2016-03-10,7469.25,7474.2,7466.4,7466.4,11:10:00,7485.414717901385,3,24
2016-03-10,7472.5,7475.6,7469.15,7469.6,11:15:00,7484.18474476792,3,25
2016-03-10,7469.25,7474.95,7468.95,7472.95,11:20:00,7482.762388123357,3,26
2016-03-10,7466.3,7470.3,7465.05,7469.35,11:25:00,7481.194541635417,3,27
2016-03-10,7467.35,7468.25,7462.65,7466.25,11:30:00,7479.876013860616,3,28
2016-03-10,7474.8,7477.75,7466.9,7467.55,11:35:00,7479.392583969128,3,29
2016-03-10,7476.45,7480.8,7474.05,7474.85,11:40:00,7479.112337876831,3,30
2016-03-10,7476.05,7476.8,7472.15,7475.6,11:45:00,7478.820686650466,3,31
2016-03-10,7481.0,7481.6,7475.0,7475.8,11:50:00,7479.028240302803,3,32
2016-03-10,7477.9,7485.35,7477.6,7480.8,11:55:00,7478.920788845394,3,33
2016-03-10,7476.35,7479.3,7475.05,7478.25,12:00:00,7478.6759518125,3,34
2016-03-10,7472.6,7477.15,7470.0,7476.65,12:05:00,7478.097289735119,3,35
2016-03-10,7465.95,7474.1,7465.55,7473.0,12:10:00,7476.940404998441,3,36
2016-03-10,7463.25,7467.4,7455.2,7465.8,12:15:00,7475.636556903351,3,37
2016-03-10,7459.1,7464.55,7452.3,7463.3,12:20:00,7474.06164672208,3,38
2016-03-10,7453.55,7460.5,7451.95,7459.55,12:25:00,7472.108156558073,3,39
2016-03-10,7458.85,7459.2,7451.55,7453.75,12:30:00,7470.8454749811135,3,40
2016-03-10,7461.6,7462.1,7455.6,7458.8,12:35:00,7469.96495355434,3,41
2016-03-10,7458.95,7462.6,7456.1,7461.75,12:40:00,7468.915910358689,3,42
2016-03-10,7455.2,7460.9,7455.2,7458.9,12:45:00,7467.609633181671,3,43
2016-03-10,7451.75,7456.4,7451.05,7455.85,12:50:00,7466.099191926273,3,44
2016-03-10,7457.15,7457.15,7447.4,7451.55,12:55:00,7465.246887933295,3,45
2016-03-10,7465.6,7465.6,7457.45,7457.7,13:00:00,7465.280517653933,3,46
2016-03-10,7466.75,7467.25,7464.4,7466.15,13:05:00,7465.420468353559,3,47
2016-03-10,7467.55,7468.15,7462.15,7466.95,13:10:00,7465.6232808913155,3,48
2016-03-10,7469.25,7473.75,7466.75,7467.5,13:15:00,7465.968682711191,3,49
2016-03-10,7471.25,7472.6,7469.1,7469.15,13:20:00,7466.471665310125,3,50
2016-03-10,7477.8,7480.8,7471.35,7471.35,13:25:00,7467.550554328209,3,51
2016-03-10,7473.85,7478.15,7471.2,7477.75,13:30:00,7468.150501535047,3,52
2016-03-10,7466.55,7474.75,7466.3,7473.8,13:35:00,7467.998072817423,3,53
2016-03-10,7478.05,7480.55,7466.15,7466.5,13:40:00,7468.9553992157635,3,54
2016-03-10,7487.0,7487.85,7477.85,7477.95,13:45:00,7470.673932623787,3,55
2016-03-10,7492.4,7493.15,7484.45,7486.65,13:50:00,7472.743081897712,3,56
2016-03-10,7486.15,7493.75,7485.05,7492.65,13:55:00,7474.019931240787,3,57
2016-03-10,7497.8,7500.0,7486.05,7486.5,14:00:00,7476.284699694045,3,58
2016-03-10,7499.6,7506.2,7494.95,7498.4,14:05:00,7478.505204485089,3,59
2016-03-10,7495.45,7500.0,7494.2,7499.1,14:10:00,7480.118994534128,3,60
2016-03-10,7483.95,7495.8,7482.25,7495.05,14:15:00,7480.483852197544,3,61
2016-03-10,7483.75,7484.3,7476.9,7484.2,14:20:00,7480.794913893016,3,62
2016-03-10,7488.5,7490.8,7481.0,7483.95,14:25:00,7481.528731617491,3,63
2016-03-10,7495.3,7501.9,7487.55,7488.3,14:30:00,7482.840280987253,3,64
2016-03-10,7492.9,7498.0,7490.05,7495.1,14:35:00,7483.798349464658,3,65
2016-03-10,7493.65,7497.25,7491.9,7492.95,14:40:00,7484.736601896595,3,66
2016-03-10,7483.25,7495.4,7482.5,7493.8,14:45:00,7484.595020763586,3,67
2016-03-10,7489.05,7492.25,7482.5,7483.1,14:50:00,7485.019304500387,3,68
2016-03-10,7486.15,7489.25,7482.5,7489.0,14:55:00,7485.126989786064,3,69
2016-03-10,7493.15,7498.2,7486.65,7486.65,15:00:00,7485.891085996915,3,70
2016-03-10,7491.5,7496.15,7491.0,7493.4,15:05:00,7486.425268282923,3,71
2016-03-10,7482.15,7492.35,7479.6,7491.25,15:10:00,7486.018099875025,3,72
2016-03-10,7487.1,7488.55,7479.35,7482.2,15:15:00,7486.121137982165,3,73
2016-03-10,7483.25,7489.2,7483.25,7487.6,15:20:00,7485.847696269578,3,74
2016-03-10,7481.8,7488.25,7481.8,7483.7,15:25:00,7485.462201386761,3,75
2016-03-11,7495.35,7504.9,7481.9,7484.75,09:15:00,7486.403896492784,4,1
2016-03-11,7476.05,7495.3,7475.9,7495.3,09:20:00,7485.417811112519,4,2
2016-03-11,7498.7,7498.7,7475.85,7475.85,09:25:00,7486.682781482756,4,3
2016-03-11,7510.95,7511.55,7497.2,7499.2,09:30:00,7488.993945151064,4,4
2016-03-11,7523.15,7530.1,7514.0,7514.0,09:35:00,7492.246902755725,4,5
2016-03-11,7520.3,7524.6,7516.4,7522.65,09:40:00,7494.918626302799,4,6
2016-03-11,7533.1,7533.1,7520.25,7520.25,09:45:00,7498.554947607294,4,7
2016-03-11,7534.6,7539.3,7530.55,7533.25,09:50:00,7501.987809739932,4,8
2016-03-11,7539.05,7542.7,7534.55,7535.25,09:55:00,7505.517542145653,4,9
2016-03-11,7533.65,7543.95,7532.15,7539.6,10:00:00,7508.196823846068,4,10
2016-03-11,7529.6,7534.7,7528.65,7533.9,10:05:00,7510.235221575014,4,11
2016-03-11,7534.75,7535.5,7525.8,7529.35,10:10:00,7512.569962377394,4,12
2016-03-11,7538.3,7538.7,7533.7,7534.65,10:15:00,7515.020442150976,4,13
2016-03-11,7536.25,7538.45,7534.4,7538.45,10:20:00,7517.042304803264,4,14
2016-03-11,7539.55,7540.05,7535.35,7536.2,10:25:00,7519.1858948220015,4,15
2016-03-11,7538.85,7541.85,7537.7,7539.8,10:30:00,7521.058666743716,4,16
2016-03-11,7534.7,7539.4,7532.95,7539.3,10:35:00,7522.357841339552,4,17
2016-03-11,7534.5,7538.05,7534.05,7534.6,10:40:00,7523.514237402452,4,18
2016-03-11,7536.25,7537.9,7533.6,7534.45,10:45:00,7524.727167173647,4,19
2016-03-11,7536.95,7538.75,7535.85,7536.2,10:50:00,7525.891246490442,4,20
2016-03-11,7539.5,7540.1,7536.55,7537.05,10:55:00,7527.187318253258,4,21
2016-03-11,7540.0,7542.3,7539.35,7539.4,11:00:00,7528.407573657711,4,22
2016-03-11,7531.35,7541.95,7530.4,7540.65,11:05:00,7528.687804737929,4,23
2016-03-11,7520.6,7531.25,7518.5,7531.1,11:10:00,7527.917537620031,4,24
2016-03-11,7525.4,7528.9,7520.1,7521.0,11:15:00,7527.677772132409,4,25
2016-03-11,7526.35,7526.35,7520.1,7525.7,11:20:00,7527.551317643608,4,26
2016-03-11,7519.6,7528.35,7519.0,7526.6,11:25:00,7526.794049296597,4,27
2016-03-11,7512.8,7520.35,7511.2,7519.25,11:30:00,7525.461282696921,4,28
2016-03-11,7503.9,7513.0,7492.6,7513.0,11:35:00,7523.407827201976,4,29
2016-03-11,7482.95,7503.85,7476.7,7503.75,11:40:00,7519.5547008017875,4,30
2016-03-11,7467.3,7489.35,7467.3,7482.8,11:45:00,7514.578062630189,4,31
2016-03-11,7476.05,7480.3,7464.7,7464.7,11:50:00,7510.908723332076,4,32
2016-03-11,7471.45,7479.3,7470.3,7476.2,11:55:00,7507.150749681402,4,33
2016-03-11,7475.65,7476.3,7460.6,7471.25,12:00:00,7504.150678283173,4,34
2016-03-11,7482.1,7482.1,7473.95,7475.85,12:05:00,7502.050613684775,4,35
2016-03-11,7489.65,7491.3,7482.05,7482.05,12:10:00,7500.869602857654,4,36
2016-03-11,7491.4,7493.2,7484.45,7489.6,12:15:00,7499.96773591883,4,37
2016-03-11,7490.35,7493.3,7486.85,7491.05,12:20:00,7499.051761069418,4,38
2016-03-11,7488.0,7491.95,7487.65,7490.5,12:25:00,7497.99921239614,4,39
2016-03-11,7494.05,7499.55,7488.5,7488.5,12:30:00,7497.623096929841,4,40
2016-03-11,7497.7,7499.0,7492.3,7493.2,12:35:00,7497.630421031761,4,41
2016-03-11,7491.45,7498.9,7488.9,7497.5,12:40:00,7497.041809504926,4,42
2016-03-11,7494.6,7495.2,7491.0,7491.2,12:45:00,7496.809256218742,4,43
2016-03-11,7512.75,7514.95,7494.35,7494.75,12:50:00,7498.327422293148,4,44
2016-03-11,7516.8,7521.45,7510.5,7512.5,12:55:00,7500.086715408086,4,45
2016-03-11,7518.05,7523.9,7512.15,7516.85,13:00:00,7501.79750441684,4,46
2016-03-11,7509.25,7520.3,7509.25,7518.0,13:05:00,7502.50726590095,4,47
2016-03-11,7512.15,7516.1,7508.6,7509.4,13:10:00,7503.425621529431,4,48
2016-03-11,7505.6,7515.85,7504.35,7512.1,13:15:00,7503.632705193295,4,49
2016-03-11,7514.75,7515.35,7505.15,7505.7,13:20:00,7504.691495174886,4,50
2016-03-11,7512.2,7515.05,7509.2,7514.4,13:25:00,7505.406590872516,4,51
2016-03-11,7515.4,7518.75,7509.1,7512.25,13:30:00,7506.358344122753,4,52
2016-03-11,7518.5,7519.35,7514.6,7515.25,13:35:00,7507.514692301538,4,53
2016-03-11,7521.5,7524.8,7515.35,7518.25,13:40:00,7508.846626368058,4,54
2016-03-11,7509.4,7522.25,7509.1,7521.05,13:45:00,7508.89932861872,4,55
2016-03-11,7511.1,7514.25,7508.9,7508.9,13:50:00,7509.108916369318,4,56
2016-03-11,7499.8,7516.3,7498.9,7510.9,13:55:00,7508.222352905573,4,57
2016-03-11,7487.8,7500.3,7482.75,7499.7,14:00:00,7506.277366914566,4,58
2016-03-11,7489.05,7495.7,7486.35,7488.05,14:05:00,7504.636665303656,4,59
2016-03-11,7494.4,7499.35,7488.5,7489.45,14:10:00,7503.661744798545,4,60
2016-03-11,7491.0,7495.0,7490.6,7494.0,14:15:00,7502.455864341541,4,61
2016-03-11,7494.3,7494.3,7488.35,7490.8,14:20:00,7501.679115356633,4,62
2016-03-11,7500.2,7500.2,7493.5,7494.2,14:25:00,7501.53824722743,4,63
2016-03-11,7513.1,7518.1,7500.1,7500.1,14:30:00,7502.639366539102,4,64
2016-03-11,7509.15,7514.25,7504.1,7512.3,14:35:00,7503.259426868712,4,65
2016-03-11,7493.5,7510.55,7493.5,7509.6,14:40:00,7502.32995764312,4,66
2016-03-11,7504.15,7505.1,7493.15,7493.55,14:45:00,7502.503295010442,4,67
2016-03-11,7503.95,7506.5,7499.05,7504.05,14:50:00,7502.64107643802,4,68
2016-03-11,7505.0,7505.8,7501.35,7504.25,14:55:00,7502.865735824875,4,69
2016-03-11,7505.55,7513.3,7504.95,7505.2,15:00:00,7503.121380032029,4,70
2016-03-11,7512.1,7513.2,7504.1,7505.45,15:05:00,7503.976486695646,4,71
2016-03-11,7504.0,7512.5,7502.3,7511.95,15:10:00,7503.978726057965,4,72
2016-03-11,7508.55,7509.05,7501.05,7504.4,15:15:00,7504.414085481017,4,73
2016-03-11,7512.75,7513.6,7508.95,7509.0,15:20:00,7505.207982101872,4,74
2016-03-11,7514.35,7516.95,7511.4,7512.95,15:25:00,7506.078650473122,4,75
2016-03-15,7514.8,7538.75,7513.6,7531.6,09:15:00,7506.909255189968,1,1
2016-03-15,7517.6,7520.15,7501.65,7514.9,09:20:00,7507.927421362351,1,2
2016-03-15,7520.65,7522.55,7513.75,7518.05,09:25:00,7509.139095518318,1,3
2016-03-15,7513.9,7524.15,7513.9,7520.8,09:30:00,7509.592514992764,1,4
2016-03-15,7509.55,7516.95,7507.4,7514.2,09:35:00,7509.588465945834,1,5
2016-03-15,7523.1,7523.1,7509.1,7509.1,09:40:00,7510.875278712898,1,6
2016-03-15,7521.0,7526.3,7521.0,7523.45,09:45:00,7511.839537883097,1,7
2016-03-15,7522.15,7522.7,7519.85,7521.4,09:50:00,7512.821486656136,1,8
2016-03-15,7515.75,7524.3,7515.45,7522.2,09:55:00,7513.100392688884,1,9
2016-03-15,7512.1,7516.05,7510.2,7515.55,10:00:00,7513.005117194705,1,10
2016-03-15,7504.4,7513.3,7503.05,7512.0,10:05:00,7512.18558222378,1,11
2016-03-15,7495.5,7503.75,7495.25,7503.75,10:10:00,7510.5964791548495,1,12
2016-03-15,7491.85,7494.9,7488.35,7494.9,10:15:00,7508.81110018772,1,13
2016-03-15,7485.9,7491.85,7485.35,7491.15,10:20:00,7506.629090646033,1,14
2016-03-15,7498.3,7499.0,7483.35,7485.55,10:25:00,7505.835843917839,1,15
2016-03-15,7496.75,7498.55,7494.0,7498.25,10:30:00,7504.970525449474,1,16
2016-03-15,7489.15,7497.7,7488.45,7497.0,10:35:00,7503.46380874,1,17
2016-03-15,7495.3,7495.55,7487.6,7488.65,10:40:00,7502.686303145714,1,18
2016-03-15,7493.75,7498.15,7492.65,7495.0,10:45:00,7501.835226655646,1,19
2016-03-15,7492.15,7495.3,7490.4,7493.6,10:50:00,7500.912824117013,1,20
2016-03-15,7502.4,7503.5,7492.1,7492.3,10:55:00,7501.054459915393,1,21
2016-03-15,7502.9,7503.35,7499.05,7502.3,11:00:00,7501.230225637736,1,22
2016-03-15,7498.65,7503.5,7498.35,7502.85,11:05:00,7500.984489862713,1,23
2016-03-15,7499.45,7501.45,7495.7,7498.7,11:10:00,7500.838347971026,1,24
2016-03-15,7500.8,7501.3,7498.3,7499.4,11:15:00,7500.83469578331,1,25
2016-03-15,7499.15,7503.0,7499.05,7501.2,11:20:00,7500.6742485658515,1,26
2016-03-15,7496.35,7500.3,7496.2,7498.9,11:25:00,7500.262415369104,1,27
2016-03-15,7491.1,7496.65,7490.9,7496.55,11:30:00,7499.389804381571,1,28
2016-03-15,7490.2,7494.15,7488.3,7491.35,11:35:00,7498.514584916659,1,29
2016-03-15,7497.9,7498.55,7489.3,7490.1,11:40:00,7498.456053019834,1,30
2016-03-15,7495.6,7498.45,7494.6,7497.8,11:45:00,7498.184047970326,1,31
2016-03-15,7494.95,7496.55,7492.35,7495.65,11:50:00,7497.876043401724,1,32
2016-03-15,7492.95,7496.3,7492.65,7494.35,11:55:00,7497.406896411084,1,33
2016-03-15,7491.9,7494.5,7490.2,7493.25,12:00:00,7496.882430086219,1,34
2016-03-15,7490.6,7492.25,7489.15,7492.05,12:05:00,7496.284103411341,1,35
2016-03-15,7489.45,7492.45,7487.7,7490.75,12:10:00,7495.633236419784,1,36
2016-03-15,7485.35,7489.7,7482.25,7489.6,12:15:00,7494.653880570281,1,37
2016-03-15,7481.35,7489.2,7479.8,7485.05,12:20:00,7493.386844325492,1,38
2016-03-15,7480.2,7484.75,7480.2,7481.0,12:25:00,7492.13095438973,1,39
2016-03-15,7485.6,7486.9,7479.35,7479.95,12:30:00,7491.508958733566,1,40
2016-03-15,7485.85,7488.9,7485.45,7485.5,12:35:00,7490.97001028275,1,41
2016-03-15,7486.7,7489.15,7483.2,7485.65,12:40:00,7490.563342636774,1,42
2016-03-15,7485.15,7488.6,7484.5,7486.8,12:45:00,7490.047786195177,1,43
2016-03-15,7485.15,7488.35,7484.65,7485.1,12:50:00,7489.581330367065,1,44
2016-03-15,7479.45,7485.95,7477.25,7485.1,12:55:00,7488.616441760678,1,45
2016-03-15,7475.85,7479.8,7475.85,7479.55,13:00:00,7487.400590164423,1,46
2016-03-15,7481.05,7482.05,7473.8,7476.05,13:05:00,7486.795772053526,1,47
2016-03-15,7475.65,7481.05,7474.7,7480.45,13:10:00,7485.73426995319,1,48
2016-03-15,7477.9,7478.95,7475.0,7475.5,13:15:00,7484.988149005268,1,49
2016-03-15,7476.35,7480.35,7474.75,7478.1,13:20:00,7484.165468147623,1,50
2016-03-15,7472.15,7479.5,7472.05,7476.0,13:25:00,7483.021137847849,1,51
2016-03-15,7470.9,7472.15,7465.45,7471.8,13:30:00,7481.866743767101,1,52
2016-03-15,7474.6,7475.0,7468.5,7470.7,13:35:00,7481.174672932139,1,53
2016-03-15,7471.75,7477.25,7471.25,7474.5,13:40:00,7480.27708503384,1,54
2016-03-15,7469.05,7472.0,7465.65,7472.0,13:45:00,7479.2078388401405,1,55
2016-03-15,7469.0,7472.85,7468.9,7468.95,13:50:00,7478.235663712508,1,56
2016-03-15,7467.4,7471.7,7467.4,7469.05,13:55:00,7477.203695739888,1,57
2016-03-15,7454.85,7467.3,7454.85,7467.3,14:00:00,7475.074772336089,1,58
2016-03-15,7463.95,7465.0,7453.8,7454.8,14:05:00,7474.015270208843,1,59
2016-03-15,7460.35,7464.0,7459.9,7464.0,14:10:00,7472.713815903238,1,60
2016-03-15,7460.2,7461.15,7456.15,7459.7,14:15:00,7471.522023912454,1,61
2016-03-15,7468.85,7469.25,7459.0,7460.1,14:20:00,7471.267545444601,1,62
2016-03-15,7462.5,7472.35,7462.5,7468.8,14:25:00,7470.432541116543,1,63
2016-03-15,7467.4,7467.8,7461.65,7462.3,14:30:00,7470.143727676872,1,64
2016-03-15,7468.85,7469.5,7465.9,7466.85,14:35:00,7470.02051551717,1,65
2016-03-15,7474.0,7476.65,7468.4,7469.1,14:40:00,7470.399514039344,1,66
2016-03-15,7470.35,7474.65,7470.1,7474.15,14:45:00,7470.39479841655,1,67
2016-03-15,7468.35,7470.1,7464.25,7470.0,14:50:00,7470.200055710211,1,68
2016-03-15,7462.35,7471.35,7461.4,7468.15,14:55:00,7469.452431356857,1,69
2016-03-15,7459.3,7465.45,7458.95,7462.25,15:00:00,7468.485533132394,1,70
2016-03-15,7453.55,7460.65,7452.8,7459.35,15:05:00,7467.0631014055,1,71
2016-03-15,7458.85,7459.65,7454.05,7455.0,15:10:00,7466.280901271642,1,72
2016-03-15,7463.3,7464.05,7456.85,7459.15,15:15:00,7465.997005912439,1,73
2016-03-15,7463.85,7466.4,7462.6,7463.15,15:20:00,7465.792529158873,1,74
2016-03-15,7463.1,7465.05,7460.7,7463.9,15:25:00,7465.536097810408,1,75
2016-03-16,7461.9,7463.4,7447.05,7454.85,09:15:00,7465.189802780845,2,1
2016-03-16,7461.55,7470.4,7461.55,7461.8,09:20:00,7464.843154896955,2,2
2016-03-16,7448.3,7462.45,7446.9,7461.6,09:25:00,7463.26761633534,2,3
2016-03-16,7443.25,7450.5,7441.45,7448.85,09:30:00,7461.361176684355,2,4
2016-03-16,7443.15,7447.0,7441.95,7443.55,09:35:00,7459.6267789048925,2,5
2016-03-16,7443.8,7443.8,7433.75,7443.25,09:40:00,7458.119466628236,2,6
2016-03-16,7442.5,7443.95,7434.0,7443.95,09:45:00,7456.631898377928,2,7
2016-03-16,7434.5,7442.9,7433.6,7442.65,09:50:00,7454.524098532412,2,8
2016-03-16,7443.0,7443.55,7431.4,7434.6,09:55:00,7453.426565338849,2,9
2016-03-16,7439.0,7445.7,7439.0,7443.05,10:00:00,7452.052606735149,2,10
2016-03-16,7434.6,7439.7,7434.4,7439.5,10:05:00,7450.390453712755,2,11
2016-03-16,7438.2,7441.4,7434.2,7434.95,10:10:00,7449.229458121063,2,12
2016-03-16,7441.9,7445.2,7438.65,7438.85,10:15:00,7448.531414490486,2,13
2016-03-16,7438.35,7442.95,7438.0,7442.1,10:20:00,7447.561755967583,2,14
2016-03-16,7438.9,7440.45,7436.5,7438.45,10:25:00,7446.736826827812,2,15
2016-03-16,7431.25,7438.9,7431.25,7438.55,10:30:00,7445.26189093945,2,16
2016-03-16,7430.05,7431.65,7426.6,7431.15,10:35:00,7443.813139421407,2,17
2016-03-16,7427.05,7430.45,7422.3,7430.3,10:40:00,7442.216649952701,2,18
2016-03-16,7428.55,7428.55,7422.95,7427.45,10:45:00,7440.91506424292,2,19
2016-03-16,7429.4,7433.5,7427.6,7428.9,10:50:00,7439.81839145788,2,20
2016-03-16,7434.35,7434.8,7427.9,7429.5,10:55:00,7439.297592271416,2,21
2016-03-16,7436.15,7439.35,7433.65,7434.2,11:00:00,7438.9978215789,2,22
2016-03-16,7432.35,7436.1,7430.0,7436.1,11:05:00,7438.364695714243,2,23
2016-03-16,7435.65,7435.85,7430.5,7432.55,11:10:00,7438.106153265267,2,24
2016-03-16,7432.9,7437.45,7430.7,7435.9,11:15:00,7437.610329144764,2,25
2016-03-16,7433.4,7436.0,7432.3,7433.05,11:20:00,7437.209345416692,2,26
2016-03-16,7428.65,7434.2,7427.25,7433.0,11:25:00,7436.394169662721,2,27
2016-03-16,7423.75,7429.2,7417.6,7428.55,11:30:00,7435.189963028176,2,28
2016-03-16,7419.1,7424.25,7418.8,7424.25,11:35:00,7433.657585596921,2,29
2016-03-16,7412.65,7422.15,7410.75,7418.95,11:40:00,7431.656863159119,2,30
2016-03-16,7415.6,7417.1,7411.6,7412.8,11:45:00,7430.127638096345,2,31
2016-03-16,7409.85,7417.5,7409.15,7415.8,11:50:00,7428.196434468122,2,32
2016-03-16,7416.9,7417.15,7409.1,7409.6,11:55:00,7427.120583566396,2,33
2016-03-16,7415.85,7417.55,7414.1,7416.65,12:00:00,7426.047194655311,2,34
2016-03-16,7411.1,7416.2,7411.1,7415.9,12:05:00,7424.623652307186,2,35
2016-03-16,7411.55,7412.45,7409.8,7411.15,12:10:00,7423.378542563644,2,36
2016-03-16,7420.5,7421.15,7411.5,7411.65,12:15:00,7423.104395652821,2,37
2016-03-16,7418.5,7420.95,7417.15,7420.4,12:20:00,7422.665881781123,2,38
2016-03-16,7417.6,7420.3,7414.75,7418.4,12:25:00,7422.183416849588,2,39
2016-03-16,7414.15,7418.2,7413.15,7417.7,12:30:00,7421.41832953058,2,40
2016-03-16,7410.4,7414.95,7405.15,7414.3,12:35:00,7420.368964813382,2,41
2016-03-16,7409.0,7411.65,7407.15,7409.85,12:40:00,7419.286206259727,2,42
2016-03-16,7415.0,7415.55,7406.85,7408.65,12:45:00,7418.877996139753,2,43
2016-03-16,7417.6,7419.0,7414.9,7414.9,12:50:00,7418.756282221681,2,44
2016-03-16,7416.0,7417.95,7412.65,7417.65,12:55:00,7418.49377915295,2,45
2016-03-16,7411.9,7416.9,7411.7,7416.2,13:00:00,7417.865800186002,2,46
2016-03-16,7410.7,7414.45,7410.2,7412.1,13:05:00,7417.18334302543,2,47
2016-03-16,7421.35,7421.4,7410.75,7410.9,13:10:00,7417.580167499199,2,48
2016-03-16,7418.85,7427.3,7418.85,7421.5,13:15:00,7417.701103927847,2,49
2016-03-16,7417.8,7420.4,7417.45,7419.35,13:20:00,7417.710522601385,2,50
2016-03-16,7418.95,7419.65,7417.0,7417.6,13:25:00,7417.828568067919,2,51
2016-03-16,7429.65,7431.55,7418.8,7419.1,13:30:00,7418.954418728117,2,52
2016-03-16,7428.9,7435.5,7428.0,7429.4,13:35:00,7419.901616944487,2,53
2016-03-16,7431.1,7435.7,7429.0,7429.0,13:40:00,7420.968129616441,2,54
2016-03-16,7429.1,7432.85,7427.3,7431.25,13:45:00,7421.742593462493,2,55
2016-03-16,7426.05,7430.2,7426.05,7429.45,13:50:00,7422.152822656541,2,56
2016-03-16,7426.95,7429.1,7425.3,7426.25,13:55:00,7422.609696689252,2,57
2016-03-16,7447.2,7447.55,7427.2,7427.2,14:00:00,7424.951630337894,2,58
2016-03-16,7446.85,7456.25,7445.85,7447.3,14:05:00,7427.037189353333,2,59
2016-03-16,7441.35,7450.0,7441.35,7446.75,14:10:00,7428.400314176825,2,60
2016-03-16,7447.2,7448.45,7441.2,7441.6,14:15:00,7430.190760445699,2,61
2016-03-16,7456.4,7456.5,7441.6,7447.1,14:20:00,7432.68687849849,2,62
2016-03-16,7458.5,7461.5,7450.4,7456.35,14:25:00,7435.145271022443,2,63
2016-03-16,7482.9,7488.35,7458.2,7458.75,14:30:00,7439.693340448876,2,64
2016-03-16,7482.4,7485.8,7476.45,7482.65,14:35:00,7443.760641358507,2,65
2016-03-16,7492.85,7498.45,7479.55,7482.45,14:40:00,7448.435818371983,2,66
2016-03-16,7485.05,7492.5,7484.75,7492.45,14:45:00,7451.922883288938,2,67
2016-03-16,7486.7,7491.0,7483.55,7485.85,14:50:00,7455.234989642372,2,68
2016-03-16,7487.55,7496.0,7486.55,7486.55,14:55:00,7458.312609676433,2,69
2016-03-16,7495.2,7498.7,7488.75,7488.75,15:00:00,7461.825694469153,2,70
2016-03-16,7496.2,7500.1,7495.15,7495.15,15:05:00,7465.099437853043,2,71
2016-03-16,7495.65,7497.7,7492.2,7496.15,15:10:00,7468.009015200372,2,72
2016-03-16,7503.2,7508.0,7493.7,7495.55,15:15:00,7471.360537562241,2,73
2016-03-16,7498.45,7504.9,7497.25,7503.4,15:20:00,7473.940486365837,2,74
2016-03-16,7502.2,7506.0,7498.2,7498.2,15:25:00,7476.631868616711,2,75
2016-03-17,7570.6,7576.95,7555.45,7555.45,09:15:00,7485.581214462738,3,1
2016-03-17,7573.6,7582.9,7570.8,7570.8,09:20:00,7493.963955942478,3,2
2016-03-17,7569.4,7574.9,7566.3,7573.4,09:25:00,7501.148341090813,3,3
2016-03-17,7574.9,7576.9,7568.55,7569.8,09:30:00,7508.172308605974,3,4
2016-03-17,7579.85,7580.25,7574.35,7575.1,09:35:00,7514.998755405405,3,5
2016-03-17,7583.15,7585.3,7579.0,7579.65,09:40:00,7521.4893501287,3,6
2016-03-17,7581.9,7583.9,7578.25,7583.05,09:45:00,7527.242745354538,3,7
2016-03-17,7575.6,7582.75,7574.3,7581.8,09:50:00,7531.848198177915,3,8
2016-03-17,7568.05,7576.15,7565.0,7575.2,09:55:00,7535.295988827637,3,9
2016-03-17,7568.9,7570.1,7566.9,7568.0,10:00:00,7538.496370844054,3,10
2016-03-17,7574.25,7575.0,7567.85,7568.85,10:05:00,7541.901478382715,3,11
2016-03-17,7569.5,7574.85,7567.8,7573.9,10:10:00,7544.529909012932,3,12
2016-03-17,7560.25,7569.7,7560.2,7569.7,10:15:00,7546.02706053551,3,13
2016-03-17,7557.45,7559.6,7556.15,7559.45,10:20:00,7547.114959532128,3,14
2016-03-17,7552.0,7557.75,7551.55,7557.4,10:25:00,7547.580201481449,3,15
2016-03-17,7555.7,7557.0,7550.85,7551.8,10:30:00,7548.353515626072,3,16
2016-03-17,7546.35,7556.05,7541.95,7556.05,10:35:00,7548.162704614066,3,17
2016-03-17,7552.3,7553.95,7546.0,7546.3,10:40:00,7548.556732746059,3,18
2016-03-17,7556.65,7558.35,7551.0,7552.05,10:45:00,7549.327520103578,3,19
2016-03-17,7557.25,7557.95,7554.4,7556.85,10:50:00,7550.082041998475,3,20
2016-03-17,7550.05,7558.3,7549.3,7557.1,10:55:00,7550.078990379573,3,21
2016-03-17,7558.7,7559.25,7549.8,7550.0,11:00:00,7550.900038914851,3,22
2016-03-17,7555.85,7559.75,7554.65,7558.65,11:05:00,7551.371463780104,3,23
2016-03-17,7555.3,7556.3,7552.85,7555.95,11:10:00,7551.745610086761,3,24
2016-03-17,7554.5,7556.2,7553.3,7555.35,11:15:00,7552.007932935641,3,25
2016-03-17,7557.7,7558.45,7553.7,7554.55,11:20:00,7552.550034560818,3,26
2016-03-17,7559.15,7560.1,7557.45,7558.05,11:25:00,7553.178602697883,3,27
2016-03-17,7561.45,7563.55,7559.35,7559.4,11:30:00,7553.966354821894,3,28
2016-03-17,7567.0,7569.7,7560.75,7561.35,11:35:00,7555.207654362666,3,29
2016-03-17,7565.7,7568.6,7564.0,7567.2,11:40:00,7556.206925375746,3,30
2016-03-17,7568.25,7570.85,7565.2,7565.45,11:45:00,7557.353884863771,3,31
2016-03-17,7566.25,7568.55,7565.0,7568.3,11:50:00,7558.201133924364,3,32
2016-03-17,7557.55,7566.1,7557.3,7565.7,11:55:00,7558.139121169662,3,33
2016-03-17,7554.05,7558.7,7550.6,7557.75,12:00:00,7557.749681058265,3,34
2016-03-17,7558.6,7559.65,7553.9,7553.9,12:05:00,7557.830663814621,3,35
2016-03-17,7554.45,7559.0,7554.35,7558.4,12:10:00,7557.508695832277,3,36
2016-03-17,7555.8,7556.45,7552.65,7554.2,12:15:00,7557.34596289587,3,37
2016-03-17,7554.25,7556.4,7553.1,7555.75,12:20:00,7557.051109286739,3,38
2016-03-17,7558.35,7558.5,7553.8,7554.15,12:25:00,7557.174813164192,3,39
2016-03-17,7557.05,7561.1,7556.5,7558.4,12:30:00,7557.162926196173,3,40
2016-03-17,7556.6,7557.55,7554.3,7557.1,12:35:00,7557.109314177491,3,41
2016-03-17,7556.3,7558.95,7554.8,7556.7,12:40:00,7557.032236636777,3,42
2016-03-17,7556.2,7557.5,7554.9,7556.4,12:45:00,7556.952976004703,3,43
2016-03-17,7555.9,7556.55,7552.95,7556.4,12:50:00,7556.852692575684,3,44
2016-03-17,7564.3,7564.6,7555.5,7555.85,12:55:00,7557.561959949429,3,45
2016-03-17,7563.05,7565.35,7560.45,7563.75,13:00:00,7558.084630430437,3,46
2016-03-17,7560.5,7563.6,7559.95,7562.95,13:05:00,7558.314665627538,3,47
2016-03-17,7559.2,7561.0,7557.0,7560.65,13:10:00,7558.398983186821,3,48
2016-03-17,7554.65,7559.9,7553.85,7559.65,13:15:00,7558.041937169029,3,49
2016-03-17,7558.85,7560.55,7554.5,7554.75,13:20:00,7558.118895533883,3,50
2016-03-17,7564.45,7567.2,7558.1,7558.35,13:25:00,7558.721857863989,3,51
2016-03-17,7562.7,7565.75,7560.1,7564.3,13:30:00,7559.10072854361,3,52
2016-03-17,7564.35,7567.05,7562.05,7562.75,13:35:00,7559.600659158505,3,53
2016-03-17,7570.75,7575.35,7564.35,7564.4,13:40:00,7560.662501143409,3,54
2016-03-17,7565.45,7571.25,7563.4,7571.25,13:45:00,7561.118453415465,3,55
2016-03-17,7565.3,7566.1,7560.6,7565.05,13:50:00,7561.516695947325,3,56
2016-03-17,7562.25,7567.05,7561.85,7565.45,13:55:00,7561.586534428532,3,57
2016-03-17,7566.65,7566.65,7562.4,7562.6,14:00:00,7562.068769244862,3,58
2016-03-17,7565.1,7566.8,7564.0,7566.3,14:05:00,7562.357457888209,3,59
2016-03-17,7554.6,7565.9,7553.4,7565.3,14:10:00,7561.618652375047,3,60
2016-03-17,7552.9,7555.65,7540.05,7553.9,14:15:00,7560.788304529804,3,61
2016-03-17,7555.8,7557.05,7550.3,7553.45,14:20:00,7560.313227907918,3,62
2016-03-17,7548.15,7558.35,7547.65,7555.6,14:25:00,7559.154825250021,3,63
2016-03-17,7548.55,7548.8,7536.45,7548.3,14:30:00,7558.144841892876,3,64
2016-03-17,7546.5,7553.85,7545.65,7548.45,14:35:00,7557.035809331649,3,65
2016-03-17,7534.85,7550.45,7531.15,7546.1,14:40:00,7554.922875109588,3,66
2016-03-17,7525.2,7538.15,7525.2,7534.9,14:45:00,7552.092125099151,3,67
2016-03-17,7533.15,7534.7,7524.0,7525.75,14:50:00,7550.288113184946,3,68
2016-03-17,7526.5,7533.6,7525.85,7532.65,14:55:00,7548.022578595904,3,69
2016-03-17,7537.7,7538.2,7524.3,7526.8,15:00:00,7547.039475872484,3,70
2016-03-17,7525.9,7538.75,7525.05,7538.75,15:05:00,7545.026192456057,3,71
2016-03-17,7518.8,7528.2,7513.25,7525.65,15:10:00,7542.528459841194,3,72
2016-03-17,7502.7,7518.55,7502.4,7518.15,15:15:00,7538.735273189653,3,73
2016-03-17,7484.6,7503.15,7481.85,7502.8,15:20:00,7533.579532885876,3,74
2016-03-17,7489.6,7489.6,7479.4,7484.65,15:25:00,7529.391005944364,3,75
2016-03-18,7525.0,7542.8,7525.0,7533.3,09:15:00,7528.972814902044,4,1
2016-03-18,7533.9,7538.3,7524.65,7524.65,09:20:00,7529.442070625659,4,2
2016-03-18,7538.2,7542.3,7534.0,7534.0,09:25:00,7530.276159137501,4,3
2016-03-18,7539.85,7543.45,7537.25,7537.95,09:30:00,7531.187953505358,4,4
2016-03-18,7530.5,7541.8,7527.2,7540.1,09:35:00,7531.122434123895,4,5
2016-03-18,7520.25,7530.7,7517.9,7530.45,09:40:00,7530.086964207333,4,6
2016-03-18,7529.8,7529.85,7519.65,7520.3,09:45:00,7530.059634282825,4,7
2016-03-18,7532.8,7535.65,7529.75,7529.85,09:50:00,7530.320621493984,4,8
2016-03-18,7537.35,7537.6,7532.25,7532.6,09:55:00,7530.990086113605,4,9
2016-03-18,7543.7,7543.7,7537.15,7537.2,10:00:00,7532.200554102785,4,10
2016-03-18,7555.0,7559.4,7543.35,7543.5,10:05:00,7534.371929902519,4,11
2016-03-18,7555.85,7558.75,7554.75,7554.85,10:10:00,7536.417460387994,4,12
2016-03-18,7560.8,7566.75,7554.45,7555.5,10:15:00,7538.739607017708,4,13
2016-03-18,7559.65,7565.35,7559.65,7560.65,10:20:00,7540.731073016022,4,14
2016-03-18,7560.1,7561.15,7557.7,7559.9,10:25:00,7542.575732728781,4,15
2016-03-18,7552.95,7560.1,7552.75,7560.05,10:30:00,7543.5637581831825,4,16
2016-03-18,7553.45,7555.25,7549.8,7553.1,10:35:00,7544.50530502288,4,17
2016-03-18,7559.0,7559.2,7553.1,7553.65,10:40:00,7545.885752163557,4,18
2016-03-18,7551.3,7559.65,7551.2,7558.95,10:45:00,7546.401394814648,4,19
2016-03-18,7553.3,7553.55,7550.5,7551.45,10:50:00,7547.058404832301,4,20
2016-03-18,7554.0,7554.9,7552.15,7553.2,10:55:00,7547.719509133986,4,21
2016-03-18,7556.15,7557.45,7553.5,7553.6,11:00:00,7548.522413025988,4,22
2016-03-18,7557.95,7561.2,7555.4,7555.95,11:05:00,7549.420278452084,4,23
2016-03-18,7553.95,7558.1,7553.9,7558.1,11:10:00,7549.851680504266,4,24
2016-03-18,7541.95,7554.3,7539.2,7554.2,11:15:00,7549.09913950386,4,25
2016-03-18,7545.05,7546.05,7541.1,7541.75,11:20:00,7548.713507170159,4,26
2016-03-18,7544.9,7548.65,7544.9,7545.15,11:25:00,7548.350316011096,4,27
2016-03-18,7538.1,7545.0,7537.65,7544.85,11:30:00,7547.374095438611,4,28
2016-03-18,7540.1,7541.2,7536.6,7537.85,11:35:00,7546.681324444458,4,29
2016-03-18,7538.4,7543.55,7537.75,7540.0,11:40:00,7545.89262687832,4,30
2016-03-18,7540.15,7542.05,7538.05,7538.35,11:45:00,7545.345710032766,4,31
2016-03-18,7536.8,7540.6,7536.75,7540.4,11:50:00,7544.531832886789,4,32
2016-03-18,7533.35,7537.55,7531.9,7534.2,11:55:00,7543.46689642138,4,33
2016-03-18,7534.5,7535.7,7531.85,7533.55,12:00:00,7542.61290628601,4,34
2016-03-18,7532.8,7538.25,7531.55,7534.85,12:05:00,7541.67834378258,4,35
2016-03-18,7537.75,7538.65,7530.15,7533.05,12:10:00,7541.304215803287,4,36
2016-03-18,7548.6,7553.2,7537.15,7537.5,12:15:00,7541.99905239345,4,37
2016-03-18,7545.65,7548.55,7543.9,7548.55,12:20:00,7542.346761689312,4,38
2016-03-18,7542.3,7546.45,7542.25,7546.0,12:25:00,7542.342308195092,4,39
2016-03-18,7555.9,7556.0,7542.35,7542.7,12:30:00,7543.633516938417,4,40
2016-03-18,7554.45,7561.0,7552.9,7555.8,12:35:00,7544.663658182377,4,41
2016-03-18,7561.0,7561.2,7553.5,7554.6,12:40:00,7546.219500260246,4,42
2016-03-18,7560.05,7565.15,7558.3,7561.25,12:45:00,7547.53669071165,4,43
2016-03-18,7556.05,7560.3,7554.8,7559.9,12:50:00,7548.347482072446,4,44
2016-03-18,7549.25,7556.45,7548.75,7556.1,12:55:00,7548.433436160784,4,45
2016-03-18,7547.5,7550.2,7546.5,7549.4,13:00:00,7548.344537478805,4,46
2016-03-18,7550.5,7554.75,7546.3,7547.7,13:05:00,7548.54981962368,4,47
2016-03-18,7553.05,7555.55,7547.8,7550.4,13:10:00,7548.978408230949,4,48
2016-03-18,7549.95,7555.75,7548.75,7553.15,13:15:00,7549.070940780382,4,49
2016-03-18,7551.6,7552.15,7549.2,7549.9,13:20:00,7549.311803563203,4,50
2016-03-18,7553.45,7554.85,7550.5,7551.65,13:25:00,7549.705917509565,4,51
2016-03-18,7539.2,7554.65,7538.6,7553.0,13:30:00,7548.705353937225,4,52
2016-03-18,7538.5,7542.75,7534.2,7539.55,13:35:00,7547.733415467012,4,53
2016-03-18,7533.9,7538.4,7526.35,7538.4,13:40:00,7546.415947327297,4,54
2016-03-18,7539.9,7539.9,7532.05,7534.2,13:45:00,7545.795380915173,4,55
2016-03-18,7544.15,7548.7,7539.4,7539.7,13:50:00,7545.638677970871,4,56
2016-03-18,7544.3,7546.05,7539.1,7544.1,13:55:00,7545.511184830788,4,57
2016-03-18,7543.75,7549.8,7543.4,7543.85,14:00:00,7545.343452942141,4,58
2016-03-18,7552.5,7555.55,7543.35,7543.85,14:05:00,7546.025028852413,4,59
2016-03-18,7549.7,7555.65,7547.9,7552.55,14:10:00,7546.375026104564,4,60
2016-03-18,7548.45,7549.9,7542.45,7549.9,14:15:00,7546.572642666034,4,61
2016-03-18,7548.8,7551.0,7546.15,7548.65,14:20:00,7546.784771935935,4,62
2016-03-18,7552.45,7555.85,7548.05,7548.6,14:25:00,7547.324317465845,4,63
2016-03-18,7558.1,7559.75,7552.0,7552.3,14:30:00,7548.350572945289,4,64
2016-03-18,7568.45,7570.65,7557.6,7558.2,14:35:00,7550.264804093357,4,65
2016-03-18,7564.75,7568.4,7562.85,7568.4,14:40:00,7551.644346560656,4,66
2016-03-18,7564.55,7571.25,7564.1,7564.3,14:45:00,7552.873456412022,4,67
2016-03-18,7572.1,7573.75,7564.3,7564.3,14:50:00,7554.704555801353,4,68
2016-03-18,7588.65,7590.05,7572.3,7572.4,14:55:00,7557.937455248843,4,69
2016-03-18,7612.25,7613.6,7588.95,7588.95,15:00:00,7563.110078558478,4,70
2016-03-18,7604.45,7612.85,7596.6,7612.4,15:05:00,7567.047213933861,4,71
2016-03-18,7607.0,7610.1,7604.4,7604.4,15:10:00,7570.852241178255,4,72
2016-03-18,7597.75,7607.35,7596.65,7607.15,15:15:00,7573.413932494612,4,73
2016-03-18,7604.45,7605.6,7595.45,7597.8,15:20:00,7576.369748447506,4,74
2016-03-18,7600.6,7607.0,7599.6,7604.3,15:25:00,7578.677391452506,4,75
2016-03-21,7629.65,7638.35,7617.7,7617.7,09:15:00,7583.531925599886,0,1
2016-03-21,7636.95,7642.85,7629.0,7629.05,09:20:00,7588.61936125704,0,2
2016-03-21,7639.5,7640.85,7630.65,7636.85,09:25:00,7593.465136375416,0,3
2016-03-21,7637.85,7641.05,7634.4,7640.15,09:30:00,7597.692266244425,0,4
2016-03-21,7634.3,7639.8,7633.85,7638.0,09:35:00,7601.178717078289,0,5
2016-03-21,7633.35,7634.3,7629.5,7633.85,09:40:00,7604.242648785119,0,6
2016-03-21,7633.55,7636.65,7630.7,7633.5,09:45:00,7607.033825091298,0,7
2016-03-21,7638.15,7638.65,7630.5,7633.3,09:50:00,7609.997270320699,0,8
2016-03-21,7641.2,7647.1,7637.1,7638.35,09:55:00,7612.968958861585,0,9
2016-03-21,7650.1,7650.6,7641.15,7641.15,10:00:00,7616.505248493814,0,10
2016-03-21,7652.0,7652.6,7649.1,7649.9,10:05:00,7619.885701018213,0,11
2016-03-21,7649.9,7653.6,7648.75,7652.1,10:10:00,7622.744205683145,0,12
2016-03-21,7647.1,7650.6,7644.05,7649.6,10:15:00,7625.063805141894,0,13
2016-03-21,7647.8,7648.55,7644.35,7647.3,10:20:00,7627.229157033142,0,14
2016-03-21,7649.95,7650.35,7646.3,7647.75,10:25:00,7629.393046839509,0,15
2016-03-21,7649.8,7651.9,7647.55,7649.8,10:30:00,7631.336566188128,0,16
2016-03-21,7652.05,7652.8,7648.0,7649.5,10:35:00,7633.309274170211,0,17
2016-03-21,7658.1,7659.2,7651.05,7652.1,10:40:00,7635.67029567781,0,18
2016-03-21,7658.5,7662.55,7657.6,7658.5,10:45:00,7637.844553232304,0,19
2016-03-21,7658.5,7660.7,7656.45,7658.75,10:50:00,7639.811738638751,0,20
2016-03-21,7653.65,7659.5,7653.65,7658.35,10:55:00,7641.129668292204,0,21
2016-03-21,7653.65,7656.1,7653.35,7654.0,11:00:00,7642.322080835804,0,22
2016-03-21,7656.6,7659.45,7653.1,7653.85,11:05:00,7643.681882660965,0,23
2016-03-21,7652.95,7658.25,7652.65,7656.85,11:10:00,7644.564560502778,0,24
2016-03-21,7649.1,7653.35,7648.8,7652.45,11:15:00,7644.996507121562,0,25
2016-03-21,7651.75,7653.35,7648.7,7649.25,11:20:00,7645.639696919508,0,26
2016-03-21,7645.4,7651.95,7644.65,7651.7,11:25:00,7645.61686864146,0,27
2016-03-21,7645.75,7647.8,7643.2,7645.1,11:30:00,7645.629547818465,0,28
2016-03-21,7648.5,7649.05,7643.25,7645.9,11:35:00,7645.902924216706,0,29
2016-03-21,7647.7,7650.8,7646.25,7648.55,11:40:00,7646.074074291306,0,30
2016-03-21,7647.25,7648.5,7646.5,7648.0,11:45:00,7646.186067215944,0,31
2016-03-21,7648.9,7652.6,7647.05,7647.35,11:50:00,7646.444537004901,0,32
2016-03-21,7649.05,7650.95,7648.75,7648.8,11:55:00,7646.692676337768,0,33
2016-03-21,7651.65,7652.1,7648.3,7648.9,12:00:00,7647.164802400838,0,34
2016-03-21,7655.0,7656.15,7651.35,7651.6,12:05:00,7647.911011695996,0,35
2016-03-21,7653.45,7655.5,7652.85,7654.65,12:10:00,7648.438534391616,0,36
2016-03-21,7651.1,7653.6,7650.3,7653.5,12:15:00,7648.6920073067,0,37
2016-03-21,7651.35,7652.8,7650.05,7651.2,12:20:00,7648.945149467967,0,38
2016-03-21,7650.75,7654.15,7650.3,7651.5,12:25:00,7649.117039994827,0,39
2016-03-21,7652.45,7652.95,7649.75,7650.55,12:30:00,7649.434464757224,0,40
2016-03-21,7649.1,7652.75,7649.1,7652.65,12:35:00,7649.402610970822,0,41
2016-03-21,7643.55,7649.15,7640.0,7649.15,12:40:00,7648.845219449791,0,42
2016-03-21,7648.1,7651.1,7642.65,7643.5,12:45:00,7648.774246168859,0,43
2016-03-21,7641.25,7648.35,7640.35,7648.3,12:50:00,7648.057651295634,0,44
2016-03-21,7640.5,7642.3,7638.2,7641.6,12:55:00,7647.337874981765,0,45
2016-03-21,7645.75,7645.8,7640.25,7640.25,13:00:00,7647.186648793026,0,46
2016-03-21,7647.7,7650.25,7645.25,7645.85,13:05:00,7647.235539384166,0,47
2016-03-21,7646.2,7648.5,7645.1,7647.45,13:10:00,7647.136916585674,0,48
2016-03-21,7646.2,7648.3,7643.8,7646.3,13:15:00,7647.047686434657,0,49
2016-03-21,7636.6,7648.0,7635.4,7646.0,13:20:00,7646.052668678976,0,50
2016-03-21,7641.45,7643.25,7635.95,7636.65,13:25:00,7645.614319280979,0,51
2016-03-21,7632.8,7641.95,7632.25,7641.2,13:30:00,7644.393907920886,0,52
2016-03-21,7636.75,7636.75,7627.8,7632.45,13:35:00,7643.665916690325,0,53
2016-03-21,7646.45,7647.0,7636.35,7636.7,13:40:00,7643.931067481723,0,54
2016-03-21,7653.9,7653.9,7644.9,7646.2,13:45:00,7644.880489626321,0,55
2016-03-21,7652.4,7656.75,7651.9,7653.8,13:50:00,7645.596633471433,0,56
2016-03-21,7655.8,7655.8,7651.15,7652.5,13:55:00,7646.56838266463,0,57
2016-03-21,7661.3,7662.35,7654.45,7655.75,14:00:00,7647.971393839427,0,58
2016-03-21,7661.45,7662.35,7657.55,7661.6,14:05:00,7649.255070616624,0,59
2016-03-21,7663.8,7667.0,7661.5,7661.5,14:10:00,7650.640301986469,0,60
2016-03-21,7661.4,7663.8,7660.0,7663.5,14:15:00,7651.665035130614,0,61
2016-03-21,7667.4,7670.3,7660.85,7661.5,14:20:00,7653.163603213413,0,62
2016-03-21,7669.5,7672.95,7665.9,7667.55,14:25:00,7654.719450526421,0,63
2016-03-21,7675.1,7675.65,7669.25,7669.25,14:30:00,7656.6604552381905,0,64
2016-03-21,7685.8,7686.05,7675.05,7675.05,14:35:00,7659.43564997741,0,65
2016-03-21,7685.45,7688.8,7683.05,7686.25,14:40:00,7661.913207122418,0,66
2016-03-21,7680.7,7690.35,7680.7,7685.65,14:45:00,7663.702425491712,0,67
2016-03-21,7683.1,7686.3,7680.2,7680.25,14:50:00,7665.549813540121,0,68
2016-03-21,7682.25,7684.2,7680.25,7683.35,14:55:00,7667.140307488681,0,69
2016-03-21,7696.35,7697.15,7682.25,7682.45,15:00:00,7669.92218296595,0,70
2016-03-21,7703.15,7703.85,7696.7,7697.2,15:05:00,7673.086736969193,0,71
2016-03-21,7711.55,7713.45,7703.1,7703.1,15:10:00,7676.74990487689,0,72
2016-03-21,7709.15,7713.55,7707.75,7711.65,15:15:00,7679.835628221947,0,73
2016-03-21,7707.6,7708.95,7704.05,7708.7,15:20:00,7682.479854105572,0,74
2016-03-21,7703.55,7708.8,7701.65,7707.25,15:25:00,7684.486534666946,0,75
2016-03-22,7690.95,7711.1,7682.8,7694.5,09:15:00,7685.102102793904,1,1
2016-03-22,7677.35,7691.35,7672.8,7691.15,09:20:00,7684.363807289723,1,2
2016-03-22,7684.25,7685.65,7674.5,7677.5,09:25:00,7684.352968500225,1,3
2016-03-22,7684.65,7686.95,7679.2,7684.5,09:30:00,7684.38125721449,1,4
2016-03-22,7674.65,7685.2,7673.65,7684.4,09:35:00,7683.45447081311,1,5
2016-03-22,7674.35,7675.95,7669.15,7675.15,09:40:00,7682.587378354719,1,6
2016-03-22,7678.25,7679.25,7674.0,7674.0,09:45:00,7682.174294701888,1,7
2016-03-22,7676.2,7678.3,7674.55,7677.9,09:50:00,7681.6053142540895,1,8
2016-03-22,7684.05,7684.05,7675.5,7676.45,09:55:00,7681.838141467986,1,9
2016-03-22,7685.0,7689.45,7683.3,7683.8,10:00:00,7682.139270851987,1,10
2016-03-22,7676.75,7684.95,7676.4,7684.95,10:05:00,7681.626006961322,1,11
2016-03-22,7672.65,7678.15,7672.1,7676.85,10:10:00,7680.771149155482,1,12
2016-03-22,7682.65,7684.25,7672.45,7672.45,10:15:00,7680.950087331151,1,13
2016-03-22,7680.05,7683.8,7679.9,7682.45,10:20:00,7680.864364728184,1,14
2016-03-22,7700.9,7702.2,7679.25,7680.8,10:25:00,7682.772520468357,1,15
2016-03-22,7697.9,7703.2,7696.45,7700.2,10:30:00,7684.213232804705,1,16
2016-03-22,7705.95,7709.35,7692.1,7698.1,10:35:00,7686.283401109018,1,17
2016-03-22,7698.45,7706.6,7697.9,7705.65,10:40:00,7687.442124812921,1,18
2016-03-22,7698.55,7700.7,7696.1,7698.8,10:45:00,7688.500017687881,1,19
2016-03-22,7700.8,7703.1,7698.0,7698.5,10:50:00,7689.671444574749,1,20
2016-03-22,7702.7,7705.55,7700.6,7700.9,10:55:00,7690.9122593771535,1,21
2016-03-22,7697.8,7704.6,7697.65,7702.95,11:00:00,7691.568234674568,1,22
2016-03-22,7686.7,7698.0,7686.7,7697.45,11:05:00,7691.10459327699,1,23
2016-03-22,7691.65,7692.05,7686.05,7686.6,11:10:00,7691.156536774421,1,24
2016-03-22,7688.0,7693.15,7687.45,7691.8,11:15:00,7690.855914224476,1,25
2016-03-22,7688.5,7691.75,7687.65,7688.05,11:20:00,7690.631541441193,1,26
2016-03-22,7694.5,7697.55,7688.95,7688.95,11:25:00,7690.999966065841,1,27
2016-03-22,7695.25,7698.85,7692.7,7695.3,11:30:00,7691.404731202428,1,28
2016-03-22,7695.55,7697.5,7693.55,7695.4,11:35:00,7691.799518706959,1,29
2016-03-22,7695.5,7699.05,7693.2,7695.75,11:40:00,7692.151945496772,1,30
2016-03-22,7699.05,7701.45,7693.15,7695.35,11:45:00,7692.808903068508,1,31
2016-03-22,7694.75,7702.15,7694.65,7699.35,11:50:00,7692.993769442935,1,32
2016-03-22,7691.0,7696.05,7690.6,7695.3,11:55:00,7692.803886638847,1,33
2016-03-22,7688.5,7692.35,7688.5,7690.9,12:00:00,7692.393992673243,1,34
2016-03-22,7692.25,7694.4,7688.35,7688.35,12:05:00,7692.380279085315,1,35
2016-03-22,7690.55,7693.5,7689.4,7692.15,12:10:00,7692.2059667914755,1,36
2016-03-22,7687.85,7693.75,7687.75,7690.3,12:15:00,7691.791112811336,1,37
2016-03-22,7680.3,7689.05,7680.25,7687.65,12:20:00,7690.696721115018,1,38
2016-03-22,7683.4,7685.15,7679.25,7680.25,12:25:00,7690.00179529454,1,39
2016-03-22,7678.55,7684.5,7678.2,7683.25,12:30:00,7688.911148123631,1,40
2016-03-22,7678.75,7681.25,7676.9,7678.3,12:35:00,7687.943419730905,1,41
2016-03-22,7682.15,7686.5,7678.5,7678.5,12:40:00,7687.391665470818,1,42
2016-03-22,7680.45,7683.6,7679.3,7681.95,12:45:00,7686.730554473597,1,43
2016-03-22,7675.1,7682.9,7675.1,7680.4,12:50:00,7685.622882618969,1,44
2016-03-22,7675.35,7677.1,7671.55,7675.3,12:55:00,7684.644512845734,1,45
2016-03-22,7675.0,7677.6,7673.8,7675.2,13:00:00,7683.725987812807,1,46
2016-03-22,7681.05,7685.0,7674.95,7674.95,13:05:00,7683.471131830634,1,47
2016-03-22,7669.35,7681.9,7667.5,7680.7,13:10:00,7682.126262132479,1,48
2016-03-22,7672.95,7674.5,7666.65,7668.4,13:15:00,7681.252332405576,1,49
2016-03-22,7665.3,7674.15,7663.95,7673.05,13:20:00,7679.733062652664,1,50
2016-03-22,7665.4,7666.5,7653.75,7665.2,13:25:00,7678.368009066695,1,51
2016-03-22,7661.8,7665.85,7655.4,7665.85,13:30:00,7676.790103441295,1,52
2016-03-22,7668.65,7669.1,7660.9,7661.85,13:35:00,7676.014855494504,1,53
2016-03-22,7663.1,7672.45,7663.1,7668.9,13:40:00,7674.784869256932,1,54
2016-03-22,7659.7,7663.6,7655.9,7662.7,13:45:00,7673.348215041987,1,55
2016-03-22,7653.85,7661.05,7651.2,7659.75,13:50:00,7671.491242180845,1,56
2016-03-22,7650.0,7660.0,7648.2,7654.55,13:55:00,7669.444457211241,1,57
2016-03-22,7651.1,7652.05,7643.8,7649.75,14:00:00,7667.697366048265,1,58
2016-03-22,7659.15,7660.55,7651.05,7651.05,14:05:00,7666.883331186525,1,59
2016-03-22,7665.05,7665.45,7655.45,7659.35,14:10:00,7666.70872821638,1,60
2016-03-22,7665.8,7669.3,7662.65,7666.0,14:15:00,7666.622182671963,1,61
2016-03-22,7676.7,7678.55,7662.35,7665.7,14:20:00,7667.581974798443,1,62
2016-03-22,7683.3,7685.0,7669.3,7676.85,14:25:00,7669.078929579544,1,63
2016-03-22,7679.45,7692.9,7678.4,7682.95,14:30:00,7670.066650571968,1,64
2016-03-22,7678.35,7686.25,7676.45,7679.7,14:35:00,7670.855540993685,1,65
2016-03-22,7682.35,7685.55,7678.5,7678.5,14:40:00,7671.950251375239,1,66
2016-03-22,7685.15,7688.8,7682.35,7682.7,14:45:00,7673.207370291883,1,67
2016-03-22,7685.3,7688.5,7682.45,7685.5,14:50:00,7674.359049311704,1,68
2016-03-22,7689.15,7690.75,7683.1,7685.15,14:55:00,7675.767711282018,1,69
2016-03-22,7706.1,7706.7,7689.25,7689.25,15:00:00,7678.656500683731,1,70
2016-03-22,7717.05,7718.35,7706.15,7706.15,15:05:00,7682.313024428137,1,71
2016-03-22,7718.05,7721.3,7715.15,7716.6,15:10:00,7685.716545911172,1,72
2016-03-22,7720.0,7720.95,7714.5,7717.95,15:15:00,7688.981636776775,1,73
2016-03-22,7725.25,7728.2,7719.25,7720.15,15:20:00,7692.435766607558,1,74
2016-03-22,7713.3,7725.85,7711.25,7725.75,15:25:00,7694.422836454458,1,75
2016-03-23,7694.6,7711.45,7692.85,7710.35,09:15:00,7694.439709173081,2,1
2016-03-23,7693.35,7700.9,7690.35,7694.35,09:20:00,7694.335927347073,2,2
2016-03-23,7696.5,7704.25,7693.3,7693.5,09:25:00,7694.542029504495,2,3
2016-03-23,7686.85,7697.45,7686.15,7696.6,09:30:00,7693.809455265971,2,4
2016-03-23,7689.85,7694.75,7687.55,7687.6,09:35:00,7693.43236428826,2,5
2016-03-23,7697.85,7698.05,7687.5,7690.0,09:40:00,7693.853091498902,2,6
2016-03-23,7703.95,7704.2,7697.95,7698.0,09:45:00,7694.81470183234,2,7
2016-03-23,7701.1,7704.95,7697.85,7704.1,09:50:00,7695.413301657832,2,8
2016-03-23,7703.95,7707.75,7700.95,7701.2,09:55:00,7696.226320547562,2,9
2016-03-23,7699.15,7706.35,7698.65,7703.65,10:00:00,7696.504766209699,2,10
2016-03-23,7698.2,7699.3,7693.9,7699.3,10:05:00,7696.66621704687,2,11
2016-03-23,7700.0,7702.0,7697.75,7698.6,10:10:00,7696.983720185263,2,12
2016-03-23,7705.45,7706.6,7699.05,7699.75,10:15:00,7697.790032548572,2,13
2016-03-23,7708.7,7711.25,7703.5,7705.7,10:20:00,7698.829077067756,2,14
2016-03-23,7701.45,7709.05,7701.45,7708.75,10:25:00,7699.078688775589,2,15
2016-03-23,7701.4,7703.35,7696.65,7701.8,10:30:00,7699.299766035057,2,16
2016-03-23,7696.2,7701.3,7691.35,7701.3,10:35:00,7699.004550222195,2,17
2016-03-23,7688.35,7697.1,7687.75,7696.7,10:40:00,7697.989831153414,2,18
2016-03-23,7689.0,7692.65,7686.8,7688.65,10:45:00,7697.133656757851,2,19
2016-03-23,7679.05,7690.3,7679.05,7688.9,10:50:00,7695.411403733294,2,20
2016-03-23,7678.85,7682.95,7676.9,7678.65,10:55:00,7693.834127187266,2,21
2016-03-23,7676.95,7679.85,7675.5,7678.7,11:00:00,7692.226115074192,2,22
2016-03-23,7678.9,7678.9,7675.95,7676.9,11:05:00,7690.956961257602,2,23
2016-03-23,7678.8,7681.5,7678.45,7679.15,11:10:00,7689.799155423545,2,24
2016-03-23,7682.15,7683.6,7678.7,7678.7,11:15:00,7689.070664430827,2,25
2016-03-23,7675.1,7682.55,7674.6,7681.9,11:20:00,7687.740124961224,2,26
2016-03-23,7671.2,7676.1,7670.8,7674.95,11:25:00,7686.164874964917,2,27
2016-03-23,7674.85,7675.7,7670.9,7671.45,11:30:00,7685.087267825401,2,28
2016-03-23,7680.2,7680.5,7673.35,7675.0,11:35:00,7684.621813746791,2,29
2016-03-23,7676.6,7680.6,7676.2,7680.6,11:40:00,7683.857831485192,2,30
2016-03-23,7684.55,7684.55,7676.55,7676.55,11:45:00,7683.923752296127,2,31
2016-03-23,7685.7,7688.9,7684.3,7684.4,11:50:00,7684.092918744114,2,32
2016-03-23,7684.65,7686.85,7683.25,7685.45,11:55:00,7684.145974101818,2,33
2016-03-23,7687.0,7687.45,7683.85,7684.45,12:00:00,7684.417786092121,2,34
2016-03-23,7688.6,7693.2,7685.7,7687.1,12:05:00,7684.816092178586,2,35
2016-03-23,7683.25,7689.25,7682.65,7688.9,12:10:00,7684.66694054253,2,36
2016-03-23,7688.85,7688.85,7681.4,7683.4,12:15:00,7685.065327157527,2,37
2016-03-23,7685.1,7689.4,7683.0,7688.95,12:20:00,7685.068629333001,2,38
2016-03-23,7681.35,7687.25,7681.15,7685.9,12:25:00,7684.71447415843,2,39
2016-03-23,7679.45,7681.5,7677.1,7681.3,12:30:00,7684.213095667151,2,40
2016-03-23,7676.7,7680.1,7674.7,7679.25,12:35:00,7683.49756274647,2,41
2016-03-23,7672.45,7677.35,7670.6,7676.75,12:40:00,7682.445413913472,2,42
2016-03-23,7676.9,7679.9,7672.3,7672.5,12:45:00,7681.917279255046,2,43
2016-03-23,7679.15,7679.15,7675.0,7676.7,12:50:00,7681.653728849804,2,44
2016-03-23,7677.9,7680.7,7675.05,7679.9,12:55:00,7681.296230864109,2,45
2016-03-23,7681.95,7684.5,7677.55,7677.55,13:00:00,7681.358494591337,2,46
2016-03-23,7686.7,7687.5,7681.55,7682.15,13:05:00,7681.867209392162,2,47
2016-03-23,7683.6,7687.25,7680.95,7686.2,13:10:00,7682.032237069099,2,48
2016-03-23,7689.3,7691.6,7683.6,7683.7,13:15:00,7682.72440496728,2,49
2016-03-23,7684.5,7693.1,7684.45,7689.2,13:20:00,7682.8935092561105,2,50
2016-03-23,7683.05,7685.5,7678.55,7684.2,13:25:00,7682.908413136482,2,51
2016-03-23,7696.5,7696.5,7682.9,7682.95,13:30:00,7684.202849980626,2,52
2016-03-23,7690.35,7699.9,7688.8,7695.8,13:35:00,7684.788292839615,2,53
2016-03-23,7695.3,7696.95,7690.05,7690.3,13:40:00,7685.78940780727,2,54
2016-03-23,7691.9,7695.7,7687.55,7695.1,13:45:00,7686.371368968483,2,55
2016-03-23,7697.5,7698.5,7690.9,7691.95,13:50:00,7687.431238590532,2,56
2016-03-23,7703.65,7706.85,7696.7,7697.3,13:55:00,7688.9758825342915,2,57
2016-03-23,7706.3,7707.4,7702.1,7703.75,14:00:00,7690.6257984834065,2,58
2016-03-23,7704.8,7707.9,7701.65,7706.1,14:05:00,7691.975722437368,2,59
2016-03-23,7696.1,7706.4,7693.8,7704.4,14:10:00,7692.368510776666,2,60
2016-03-23,7690.5,7698.2,7687.75,7696.05,14:15:00,7692.190557369365,2,61
2016-03-23,7694.45,7695.35,7689.9,7690.35,14:20:00,7692.405742381807,2,62
2016-03-23,7697.15,7701.0,7694.3,7694.3,14:25:00,7692.857576440682,2,63
2016-03-23,7700.25,7703.05,7696.7,7697.3,14:30:00,7693.561616779665,2,64
2016-03-23,7692.1,7702.55,7692.1,7700.2,14:35:00,7693.4224151816015,2,65
2016-03-23,7694.55,7696.3,7683.8,7691.7,14:40:00,7693.529804211925,2,66
2016-03-23,7701.15,7702.15,7694.25,7694.25,14:45:00,7694.255537144122,2,67
2016-03-23,7704.65,7705.05,7698.6,7700.95,14:50:00,7695.245485987539,2,68
2016-03-23,7705.4,7708.05,7701.55,7706.5,14:55:00,7696.212582560154,2,69
2016-03-23,7714.5,7721.05,7704.55,7705.25,15:00:00,7697.954241363948,2,70
2016-03-23,7718.85,7719.75,7709.45,7715.0,15:05:00,7699.944313615001,2,71
2016-03-23,7722.3,7724.15,7715.15,7719.0,15:10:00,7702.073426604048,2,72
2016-03-23,7722.6,7726.85,7716.85,7722.4,15:15:00,7704.028338356044,2,73
2016-03-23,7714.35,7723.35,7714.1,7722.45,15:20:00,7705.011353750706,2,74
2016-03-23,7705.2,7715.05,7704.85,7714.45,15:25:00,7705.029320060163,2,75
2016-03-28,7715.9,7740.4,7708.65,7738.7,09:15:00,7706.064622911575,0,1
2016-03-28,7722.1,7726.7,7714.15,7715.75,09:20:00,7707.591801681901,0,2
2016-03-28,7713.05,7725.3,7712.65,7722.0,09:25:00,7708.111630093149,0,3
2016-03-28,7715.95,7720.35,7710.8,7712.25,09:30:00,7708.858141512849,0,4
2016-03-28,7709.0,7716.7,7705.75,7716.4,09:35:00,7708.871651844959,0,5
2016-03-28,7705.3,7713.7,7703.45,7708.95,09:40:00,7708.531494526392,0,6
2016-03-28,7697.9,7705.9,7697.5,7705.9,09:45:00,7707.518971238163,0,7
2016-03-28,7696.95,7700.75,7694.6,7698.0,09:50:00,7706.512402548815,0,8
2016-03-28,7697.0,7701.65,7693.4,7697.15,09:55:00,7705.606459448928,0,9
2016-03-28,7697.6,7699.3,7695.95,7696.95,10:00:00,7704.843939501411,0,10
2016-03-28,7692.3,7698.55,7690.95,7698.0,10:05:00,7703.649278596516,0,11
2016-03-28,7695.1,7697.3,7691.95,7691.95,10:10:00,7702.835061587324,0,12
2016-03-28,7698.45,7698.9,7694.45,7695.2,10:15:00,7702.417436674245,0,13
2016-03-28,7704.05,7704.05,7697.85,7698.35,10:20:00,7702.572918895747,0,14
2016-03-28,7695.85,7703.7,7695.65,7703.5,10:25:00,7701.932640905676,0,15
2016-03-28,7695.95,7699.05,7694.75,7696.0,10:30:00,7701.362865581325,0,16
2016-03-28,7697.4,7698.4,7695.55,7696.15,10:35:00,7700.985449811675,0,17
2016-03-28,7698.0,7700.25,7697.5,7697.6,10:40:00,7700.701121258182,0,18
2016-03-28,7694.75,7698.3,7694.65,7697.95,10:45:00,7700.134347805021,0,19
2016-03-28,7691.7,7696.4,7691.25,7694.85,10:50:00,7699.331076585496,0,20
2016-03-28,7688.35,7691.7,7688.35,7691.5,10:55:00,7698.28525976783,0,21
2016-03-28,7682.55,7688.7,7679.95,7688.7,11:00:00,7696.786663599466,0,22
2016-03-28,7688.75,7688.75,7680.5,7682.35,11:05:00,7696.021267066183,0,23
2016-03-28,7684.6,7690.25,7684.2,7688.65,11:10:00,7694.933527345594,0,24
2016-03-28,7682.25,7687.35,7682.25,7684.4,11:15:00,7693.725572360299,0,25
2016-03-28,7681.1,7683.85,7678.55,7682.1,11:20:00,7692.523136897415,0,26
2016-03-28,7682.6,7684.15,7680.75,7681.2,11:25:00,7691.578076240518,0,27
2016-03-28,7682.6,7686.5,7682.15,7682.55,11:30:00,7690.723021360469,0,28
2016-03-28,7681.15,7685.6,7680.55,7682.65,11:35:00,7689.811305040424,0,29
2016-03-28,7678.35,7681.5,7676.9,7681.2,11:40:00,7688.719752179431,0,30
2016-03-28,7683.9,7685.35,7678.2,7678.2,11:45:00,7688.260728162343,0,31
2016-03-28,7683.75,7684.65,7679.75,7683.75,11:50:00,7687.831135004024,0,32
2016-03-28,7688.55,7689.65,7683.25,7683.4,11:55:00,7687.899598336974,0,33
2016-03-28,7689.55,7694.35,7687.6,7688.2,12:00:00,7688.056779447738,0,34
2016-03-28,7689.0,7690.65,7685.8,7689.35,12:05:00,7688.146609976526,0,35
2016-03-28,7684.7,7688.75,7683.0,7688.65,12:10:00,7687.818361407333,0,36
2016-03-28,7683.2,7688.65,7682.6,7684.6,12:15:00,7687.378517463778,0,37
2016-03-28,7682.65,7686.45,7682.65,7683.05,12:20:00,7686.928182467228,0,38
2016-03-28,7682.1,7684.05,7681.45,7682.75,12:25:00,7686.468355565587,0,39
2016-03-28,7682.2,7685.0,7681.45,7682.0,12:30:00,7686.061845511722,0,40
2016-03-28,7675.1,7685.7,7675.1,7683.05,12:35:00,7685.017860224891,0,41
2016-03-28,7669.05,7676.6,7669.05,7674.45,12:40:00,7683.497111632044,0,42
2016-03-28,7672.8,7676.4,7668.4,7668.55,12:45:00,7682.478339095659,0,43
2016-03-28,7674.2,7674.7,7670.1,7672.85,12:50:00,7681.689925848454,0,44
2016-03-28,7675.25,7677.75,7672.85,7674.25,12:55:00,7681.076599577173,0,45
2016-03-28,7675.05,7675.95,7670.75,7675.05,13:00:00,7680.50263771268,0,46
2016-03-28,7672.9,7677.6,7671.9,7674.8,13:05:00,7679.778576978138,0,47
2016-03-28,7669.0,7675.1,7668.8,7672.7,13:10:00,7678.752045837364,0,48
2016-03-28,7668.2,7670.4,7666.45,7668.7,13:15:00,7677.747089090948,0,49
2016-03-28,7678.6,7679.05,7666.7,7667.7,13:20:00,7677.828318701334,0,50
2016-03-28,7675.65,7679.1,7674.25,7678.45,13:25:00,7677.620859777397,0,51
2016-03-28,7663.5,7677.45,7663.5,7677.2,13:30:00,7676.276015989074,0,52
2016-03-28,7665.65,7670.85,7660.05,7663.25,13:35:00,7675.2640144663055,0,53
2016-03-28,7666.9,7671.75,7664.3,7665.4,13:40:00,7674.467441659991,0,54
2016-03-28,7662.7,7667.75,7661.35,7667.1,13:45:00,7673.346732930468,0,55
2016-03-28,7656.0,7662.55,7653.95,7662.55,13:50:00,7671.694663127566,0,56
2016-03-28,7648.95,7655.6,7641.9,7655.6,13:55:00,7669.528504734464,0,57
2016-03-28,7648.1,7653.5,7644.6,7648.6,14:00:00,7667.487694759753,0,58
2016-03-28,7642.2,7651.65,7641.4,7647.4,14:05:00,7665.079342877872,0,59
2016-03-28,7645.1,7649.9,7639.95,7642.3,14:10:00,7663.176548318074,0,60
2016-03-28,7630.2,7646.85,7629.85,7644.8,14:15:00,7660.035924668734,0,61
2016-03-28,7625.25,7631.3,7619.1,7629.5,14:20:00,7656.722979462187,0,62
2016-03-28,7624.45,7632.8,7623.05,7625.2,14:25:00,7653.64936237055,0,63
2016-03-28,7618.2,7628.2,7615.9,7624.65,14:30:00,7650.273232620974,0,64
2016-03-28,7616.9,7620.4,7612.15,7618.5,14:35:00,7647.094829514215,0,65
2016-03-28,7607.3,7623.3,7604.5,7617.5,14:40:00,7643.304845750957,0,66
2016-03-28,7600.2,7608.3,7596.4,7607.0,14:45:00,7639.199622346104,0,67
2016-03-28,7610.9,7611.95,7600.7,7600.7,14:50:00,7636.504420217903,0,68
2016-03-28,7600.65,7611.25,7595.2,7610.8,14:55:00,7633.089713530484,0,69
2016-03-28,7596.35,7603.25,7587.7,7600.75,15:00:00,7629.590693194247,0,70
2016-03-28,7607.8,7613.0,7595.1,7595.3,15:05:00,7627.515389080509,0,71
2016-03-28,7614.15,7618.45,7607.7,7607.75,15:10:00,7626.242494882365,0,72
2016-03-28,7627.3,7627.55,7610.05,7613.95,15:15:00,7626.343209655473,0,73
2016-03-28,7627.35,7630.3,7621.5,7626.75,15:20:00,7626.43909445019,0,74
2016-03-28,7630.45,7637.1,7627.2,7627.2,15:25:00,7626.821085454933,0,75
2016-03-29,7615.4,7627.85,7603.85,7603.85,09:15:00,7625.733363030654,1,1
2016-03-29,7616.6,7620.35,7602.1,7616.0,09:20:00,7624.863518932496,1,2
2016-03-29,7622.35,7622.35,7611.65,7616.7,09:25:00,7624.62413617702,1,3
2016-03-29,7630.25,7630.25,7620.45,7622.65,09:30:00,7625.15993273159,1,4
2016-03-29,7630.3,7634.75,7627.85,7630.7,09:35:00,7625.649462947629,1,5
2016-03-29,7637.4,7640.8,7628.95,7630.6,09:40:00,7626.768561714522,1,6
2016-03-29,7642.75,7645.8,7637.6,7637.65,09:45:00,7628.290603455996,1,7
2016-03-29,7635.15,7642.55,7630.55,7642.25,09:50:00,7628.943879317328,1,8
2016-03-29,7628.6,7638.0,7623.0,7635.2,09:55:00,7628.911128906155,1,9
2016-03-29,7618.55,7630.85,7618.15,7628.5,10:00:00,7627.924354724616,1,10
2016-03-29,7616.8,7620.2,7610.65,7618.75,10:05:00,7626.864892369891,1,11
2016-03-29,7614.35,7621.3,7612.45,7618.15,10:10:00,7625.6729978584735,1,12
2016-03-29,7620.65,7625.35,7613.95,7614.3,10:15:00,7625.194617110047,1,13
2016-03-29,7613.5,7621.2,7613.35,7620.8,10:20:00,7624.080844051947,1,14
2016-03-29,7611.65,7617.75,7611.2,7613.15,10:25:00,7622.896954142237,1,15
2016-03-29,7615.9,7618.6,7611.55,7611.55,10:30:00,7622.230577557262,1,16
2016-03-29,7609.8,7616.35,7609.8,7615.85,10:35:00,7621.046713027999,1,17
2016-03-29,7609.25,7610.3,7603.35,7609.85,10:40:00,7619.923216549142,1,18
2016-03-29,7600.35,7609.2,7600.35,7608.95,10:45:00,7618.059100687318,1,19
2016-03-29,7598.2,7603.15,7597.95,7599.7,10:50:00,7616.167757764716,1,20
2016-03-29,7592.95,7598.55,7584.15,7598.3,10:55:00,7613.956542739505,1,21
2016-03-29,7595.6,7595.6,7589.8,7593.1,11:00:00,7612.208300573838,1,22
2016-03-29,7589.7,7599.15,7589.65,7595.95,11:05:00,7610.064652900139,1,23
2016-03-29,7587.75,7590.55,7582.25,7589.8,11:10:00,7607.93944786203,1,24
2016-03-29,7596.05,7596.2,7586.45,7587.3,11:15:00,7606.807119494218,1,25
2016-03-29,7593.15,7597.75,7593.05,7595.9,11:20:00,7605.506441447149,1,26
2016-03-29,7597.75,7598.25,7591.5,7593.45,11:25:00,7604.767732737897,1,27
2016-03-29,7604.7,7604.7,7595.0,7596.9,11:30:00,7604.761282000954,1,28
2016-03-29,7606.5,7613.4,7604.85,7605.05,11:35:00,7604.92687419134,1,29
2016-03-29,7611.2,7612.0,7602.75,7606.3,11:40:00,7605.524314744546,1,30
2016-03-29,7612.1,7619.95,7611.3,7611.3,11:45:00,7606.150570483161,1,31
2016-03-29,7607.1,7614.25,7605.95,7612.2,11:50:00,7606.240992341907,1,32
2016-03-29,7602.35,7609.05,7602.35,7607.4,11:55:00,7605.870421642678,1,33
2016-03-29,7603.95,7604.85,7598.0,7602.2,12:00:00,7605.687524343375,1,34
2016-03-29,7608.75,7608.85,7600.35,7603.9,12:05:00,7605.979188691625,1,35
2016-03-29,7603.9,7608.5,7602.05,7608.5,12:10:00,7605.781170720994,1,36
2016-03-29,7606.35,7609.15,7603.35,7603.75,12:15:00,7605.835344938043,1,37
2016-03-29,7611.6,7612.85,7605.25,7605.6,12:20:00,7606.384359705848,1,38
2016-03-29,7610.95,7612.6,7609.15,7611.85,12:25:00,7606.819182591006,1,39
2016-03-29,7611.95,7614.15,7607.85,7611.0,12:30:00,7607.307831868053,1,40
2016-03-29,7621.0,7622.45,7612.25,7612.25,12:35:00,7608.611847880619,1,41
2016-03-29,7619.95,7629.95,7619.6,7621.25,12:40:00,7609.691671891988,1,42
2016-03-29,7619.5,7623.8,7617.9,7619.85,12:45:00,7610.625798378466,1,43
2016-03-29,7628.15,7632.75,7619.1,7619.3,12:50:00,7612.29476996147,1,44
2016-03-29,7619.5,7628.9,7619.5,7627.8,12:55:00,7612.980982346092,1,45
2016-03-29,7619.55,7621.0,7613.75,7619.95,13:00:00,7613.606603075036,1,46
2016-03-29,7615.85,7620.55,7615.85,7619.7,13:05:00,7613.820259925033,1,47
2016-03-29,7610.7,7615.8,7606.3,7615.8,13:10:00,7613.523092313125,1,48
2016-03-29,7618.95,7619.6,7611.05,7611.05,13:15:00,7614.039940664256,1,49
2016-03-29,7616.55,7624.3,7616.55,7618.9,13:20:00,7614.278993934327,1,50
2016-03-29,7620.85,7621.75,7616.15,7616.35,13:25:00,7614.90480403582,1,51
2016-03-29,7611.9,7621.8,7611.9,7620.8,13:30:00,7614.618632222885,1,52
2016-03-29,7603.3,7612.45,7602.45,7612.05,13:35:00,7613.540667249277,1,53
2016-03-29,7596.25,7603.7,7596.0,7603.7,13:40:00,7611.89393703506,1,54
2016-03-29,7614.2,7614.45,7595.9,7596.55,13:45:00,7612.113562079339,1,55
2016-03-29,7617.65,7619.8,7610.4,7614.05,13:50:00,7612.640841881307,1,56
2016-03-29,7619.7,7621.05,7616.55,7617.75,13:55:00,7613.313142654516,1,57
2016-03-29,7628.2,7629.9,7618.55,7619.6,14:00:00,7614.730938592182,1,58
2016-03-29,7623.9,7629.85,7623.6,7628.4,14:05:00,7615.604182535783,1,59
2016-03-29,7631.1,7631.5,7619.7,7623.85,14:10:00,7617.079974675233,1,60
2016-03-29,7638.9,7640.05,7630.75,7631.05,14:15:00,7619.15807232521,1,61
2016-03-29,7634.45,7639.6,7633.45,7638.7,14:20:00,7620.614446389475,1,62
2016-03-29,7643.2,7643.2,7632.8,7634.5,14:25:00,7622.76545149524,1,63
2016-03-29,7633.75,7652.9,7633.75,7643.45,14:30:00,7623.8115989718835,1,64
2016-03-29,7628.3,7640.7,7625.85,7633.8,14:35:00,7624.239065736466,1,65
2016-03-29,7633.55,7637.55,7625.6,7628.05,14:40:00,7625.125821380612,1,66
2016-03-29,7640.4,7640.4,7633.2,7633.35,14:45:00,7626.580505058649,1,67
2016-03-29,7629.7,7640.95,7626.15,7640.55,14:50:00,7626.877599814968,1,68
2016-03-29,7618.9,7634.3,7616.25,7629.8,14:55:00,7626.117828404019,1,69
2016-03-29,7598.35,7618.8,7598.35,7618.75,15:00:00,7623.473273317922,1,70
2016-03-29,7600.05,7605.75,7594.2,7598.25,15:05:00,7621.242485382882,1,71
2016-03-29,7596.9,7609.95,7594.65,7602.05,15:10:00,7618.924153441654,1,72
2016-03-29,7592.95,7599.85,7590.25,7598.2,15:15:00,7616.450424542449,1,73
2016-03-29,7588.5,7596.4,7587.5,7593.1,15:20:00,7613.78847934793,1,74
2016-03-29,7593.0,7594.9,7587.55,7589.0,15:25:00,7611.808624171937,1,75
2016-03-30,7660.1,7665.4,7651.05,7651.05,09:15:00,7616.407802822228,2,1
2016-03-30,7658.6,7662.7,7652.6,7660.25,09:20:00,7620.426107315349,2,2
2016-03-30,7653.1,7658.45,7651.15,7658.45,09:25:00,7623.53790661865,2,3
2016-03-30,7659.35,7659.85,7652.9,7653.0,09:30:00,7626.9485821787775,2,4
2016-03-30,7644.4,7660.6,7644.4,7659.0,09:35:00,7628.610621971275,2,5
2016-03-30,7647.55,7648.45,7643.45,7644.25,09:40:00,7630.414372259725,2,6
2016-03-30,7655.3,7656.45,7647.05,7647.35,09:45:00,7632.784432044513,2,7
2016-03-30,7653.45,7655.25,7647.45,7655.25,09:50:00,7634.7525813736065,2,8
2016-03-30,7653.95,7654.45,7648.6,7653.35,09:55:00,7636.580906957072,2,9
2016-03-30,7655.9,7657.9,7652.0,7653.75,10:00:00,7638.420820580208,2,10
2016-03-30,7653.4,7658.25,7652.8,7656.15,10:05:00,7639.847409096378,2,11
2016-03-30,7656.15,7660.55,7651.95,7653.25,10:10:00,7641.400036801485,2,12
2016-03-30,7658.65,7661.2,7656.25,7656.45,10:15:00,7643.042890439438,2,13
2016-03-30,7656.05,7661.15,7656.05,7658.9,10:20:00,7644.28166277854,2,14
2016-03-30,7660.95,7661.2,7655.35,7655.9,10:25:00,7645.869123466298,2,15
2016-03-30,7657.8,7661.15,7657.3,7661.15,10:30:00,7647.005397421889,2,16
2016-03-30,7656.35,7660.2,7656.0,7658.05,10:35:00,7647.895359572186,2,17
2016-03-30,7652.75,7656.4,7651.4,7656.4,10:40:00,7648.357706279597,2,18
2016-03-30,7651.45,7656.25,7650.6,7652.5,10:45:00,7648.652210443444,2,19
2016-03-30,7652.25,7652.8,7649.55,7651.05,10:50:00,7648.994857067879,2,20
2016-03-30,7656.65,7657.1,7651.3,7652.3,10:55:00,7649.723918299509,2,21
2016-03-30,7662.45,7664.4,7656.0,7656.55,11:00:00,7650.935926080508,2,22
2016-03-30,7672.1,7672.7,7661.5,7662.5,11:05:00,7652.951552168079,2,23
2016-03-30,7678.85,7678.85,7668.05,7671.95,11:10:00,7655.418071009214,2,24
2016-03-30,7669.65,7678.4,7669.45,7677.8,11:15:00,7656.773492817861,2,25
2016-03-30,7670.4,7672.35,7667.5,7669.4,11:20:00,7658.071255406636,2,26
2016-03-30,7675.8,7676.3,7669.85,7670.45,11:25:00,7659.75970727267,2,27
2016-03-30,7673.6,7678.25,7673.55,7675.95,11:30:00,7661.077830389559,2,28
2016-03-30,7675.55,7677.05,7671.05,7673.8,11:35:00,7662.45613225722,2,29
2016-03-30,7673.65,7675.6,7672.4,7675.35,11:40:00,7663.522214899389,2,30
2016-03-30,7672.05,7673.95,7669.6,7673.6,11:45:00,7664.3343849089715,2,31
2016-03-30,7673.9,7677.2,7672.35,7672.9,11:50:00,7665.245395870023,2,32
2016-03-30,7676.1,7677.85,7673.05,7673.8,11:55:00,7666.279167691925,2,33
2016-03-30,7672.5,7679.25,7672.5,7676.15,12:00:00,7666.871627911742,2,34
2016-03-30,7673.75,7673.95,7667.9,7672.75,12:05:00,7667.526710967766,2,35
2016-03-30,7675.3,7678.25,7672.4,7673.8,12:10:00,7668.267024208932,2,36
2016-03-30,7681.8,7684.25,7675.15,7675.15,12:15:00,7669.555879046176,2,37
2016-03-30,7681.15,7684.95,7680.5,7681.5,12:20:00,7670.660081041778,2,38
2016-03-30,7685.65,7687.95,7680.45,7680.5,12:25:00,7672.087692371133,2,39
2016-03-30,7684.55,7690.4,7684.2,7685.95,12:30:00,7673.274578811977,2,40
2016-03-30,7687.25,7688.8,7682.75,7684.6,12:35:00,7674.605571306075,2,41
2016-03-30,7692.65,7692.65,7686.35,7686.95,12:40:00,7676.324088324544,2,42
2016-03-30,7694.05,7696.55,7690.35,7691.95,12:45:00,7678.012270388874,2,43
2016-03-30,7697.1,7698.35,7693.8,7694.2,12:50:00,7679.830149399458,2,44
2016-03-30,7695.65,7699.45,7694.1,7696.8,12:55:00,7681.336801837605,2,45
2016-03-30,7703.7,7704.4,7694.65,7695.05,13:00:00,7683.466630234024,2,46
2016-03-30,7703.2,7709.25,7700.95,7703.85,13:05:00,7685.345998783164,2,47
2016-03-30,7704.25,7708.8,7702.6,7703.15,13:10:00,7687.146379851434,2,48
2016-03-30,7696.5,7705.05,7696.5,7704.3,13:15:00,7688.037200817965,2,49
2016-03-30,7704.95,7705.75,7696.2,7697.0,13:20:00,7689.647943597206,2,50
2016-03-30,7704.8,7707.4,7700.9,7704.8,13:25:00,7691.090996587948,2,51
2016-03-30,7708.8,7710.65,7704.9,7705.7,13:30:00,7692.777568341477,2,52
2016-03-30,7703.7,7711.85,7703.7,7708.85,13:35:00,7693.817799928003,2,53
2016-03-30,7704.55,7707.15,7703.45,7703.55,13:40:00,7694.839914220574,2,54
2016-03-30,7710.5,7711.25,7703.85,7704.5,13:45:00,7696.331350961472,2,55
2016-03-30,7720.2,7722.35,7710.45,7710.85,13:50:00,7698.604555631808,2,56
2016-03-30,7718.65,7723.4,7715.5,7720.65,13:55:00,7700.513645571636,2,57
2016-03-30,7714.15,7721.15,7713.65,7718.95,14:00:00,7701.812345993385,2,58
2016-03-30,7714.3,7715.8,7711.45,7714.3,14:05:00,7703.001646374967,2,59
2016-03-30,7713.45,7715.4,7711.55,7714.2,14:10:00,7703.996727672589,2,60
2016-03-30,7716.45,7721.3,7713.15,7713.15,14:15:00,7705.182753608533,2,61
2016-03-30,7721.3,7723.45,7714.2,7716.35,14:20:00,7706.717729455339,2,62
2016-03-30,7725.0,7725.0,7718.6,7720.8,14:25:00,7708.45889807864,2,63
2016-03-30,7727.25,7729.1,7723.1,7725.35,14:30:00,7710.248526833056,2,64
2016-03-30,7728.25,7732.3,7726.25,7727.45,14:35:00,7711.962952848955,2,65
2016-03-30,7732.15,7734.65,7725.5,7728.65,14:40:00,7713.885528768102,2,66
2016-03-30,7734.1,7737.5,7732.05,7732.05,14:45:00,7715.810716504473,2,67
2016-03-30,7736.85,7739.0,7733.6,7734.2,14:50:00,7717.814457789762,2,68
2016-03-30,7729.35,7737.0,7723.7,7736.35,14:55:00,7718.913080857404,2,69
2016-03-30,7734.65,7736.85,7729.55,7730.65,15:00:00,7720.411835061461,2,70
2016-03-30,7731.75,7735.35,7728.55,7734.25,15:05:00,7721.491660293703,2,71
2016-03-30,7730.75,7733.25,7729.75,7732.15,15:10:00,7722.373406932397,2,72
2016-03-30,7737.85,7738.15,7729.7,7731.15,15:15:00,7723.847368176931,2,73
2016-03-30,7736.05,7741.95,7736.05,7737.8,15:20:00,7725.009523588652,2,74
2016-03-30,7737.05,7741.15,7732.95,7737.35,15:25:00,7726.156235627828,2,75
2016-03-31,7741.8,7743.15,7725.5,7727.1,09:15:00,7727.646117948987,3,1
2016-03-31,7745.35,7754.3,7741.8,7742.05,09:20:00,7729.332201953845,3,2
2016-03-31,7742.6,7745.9,7741.7,7744.95,09:25:00,7730.595801767765,3,3
2016-03-31,7744.65,7745.35,7739.4,7742.3,09:30:00,7731.934296837501,3,4
2016-03-31,7740.15,7748.85,7740.15,7744.75,09:35:00,7732.716744757738,3,5
2016-03-31,7738.75,7742.05,7735.35,7740.3,09:40:00,7733.291340495097,3,6
2016-03-31,7752.3,7752.4,7738.8,7738.8,09:45:00,7735.101689019373,3,7
2016-03-31,7749.0,7753.9,7748.35,7751.75,09:50:00,7736.425337684195,3,8
2016-03-31,7763.5,7767.05,7749.0,7749.15,09:55:00,7739.003876952367,3,9
2016-03-31,7765.55,7768.9,7762.95,7763.0,10:00:00,7741.53207914738,3,10
2016-03-31,7768.05,7770.15,7757.9,7765.7,10:05:00,7744.057595419058,3,11
2016-03-31,7767.45,7768.1,7762.95,7767.75,10:10:00,7746.285443474386,3,12
2016-03-31,7774.3,7775.55,7767.25,7767.25,10:15:00,7748.953496476824,3,13
2016-03-31,7772.7,7777.6,7767.85,7774.2,10:20:00,7751.215068240936,3,14
2016-03-31,7766.95,7774.5,7766.95,7772.5,10:25:00,7752.71363317037,3,15
2016-03-31,7765.5,7767.5,7761.35,7766.7,10:30:00,7753.93138239224,3,16
2016-03-31,7764.4,7766.45,7762.5,7765.6,10:35:00,7754.928393592979,3,17
2016-03-31,7761.35,7765.15,7760.9,7764.6,10:40:00,7755.539975155552,3,18
2016-03-31,7761.2,7764.05,7759.85,7761.2,10:45:00,7756.079025140738,3,19
2016-03-31,7767.65,7769.85,7760.4,7761.25,10:50:00,7757.181022746382,3,20
2016-03-31,7767.2,7774.2,7766.9,7767.45,10:55:00,7758.135211056251,3,21
2016-03-31,7772.05,7773.0,7766.45,7767.35,11:00:00,7759.460429050894,3,22
2016-03-31,7771.75,7772.75,7769.65,7772.1,11:05:00,7760.630864379381,3,23
2016-03-31,7773.4,7776.4,7771.9,7771.9,11:10:00,7761.846972533725,3,24
2016-03-31,7769.5,7775.05,7768.1,7773.55,11:15:00,7762.575832292418,3,25
2016-03-31,7770.5,7773.95,7768.85,7769.45,11:20:00,7763.330514931236,3,26
2016-03-31,7763.4,7770.95,7762.7,7770.25,11:25:00,7763.337132556833,3,27
2016-03-31,7761.8,7764.8,7759.7,7762.9,11:30:00,7763.190738979993,3,28
2016-03-31,7758.4,7762.25,7753.9,7761.45,11:35:00,7762.734478124755,3,29
2016-03-31,7759.85,7763.05,7757.2,7758.0,11:40:00,7762.459765922396,3,30
2016-03-31,7764.75,7765.55,7758.85,7759.8,11:45:00,7762.677883453597,3,31
2016-03-31,7763.3,7765.85,7762.15,7764.65,11:50:00,7762.737132648493,3,32
2016-03-31,7763.45,7765.4,7761.7,7763.5,11:55:00,7762.805024777208,3,33
2016-03-31,7762.95,7764.8,7761.6,7763.25,12:00:00,7762.818831941283,3,34
2016-03-31,7758.15,7763.65,7756.7,7762.55,12:05:00,7762.374181280208,3,35
2016-03-31,7757.25,7761.2,7756.75,7757.6,12:10:00,7761.886164015426,3,36
2016-03-31,7762.3,7763.55,7756.15,7756.95,12:15:00,7761.925576966338,3,37
2016-03-31,7758.15,7763.15,7756.35,7762.1,12:20:00,7761.565998207639,3,38
2016-03-31,7756.1,7759.5,7752.3,7758.55,12:25:00,7761.045426949769,3,39
2016-03-31,7756.2,7758.3,7752.85,7756.05,12:30:00,7760.583957716457,3,40
2016-03-31,7757.75,7760.5,7754.7,7756.35,12:35:00,7760.314056981556,3,41
2016-03-31,7757.2,7759.5,7754.5,7757.7,12:40:00,7760.017480126169,3,42
2016-03-31,7758.5,7760.6,7755.65,7757.0,12:45:00,7759.872958209391,3,43
2016-03-31,7756.95,7758.8,7754.8,7758.65,12:50:00,7759.594581237068,3,44
2016-03-31,7751.7,7759.0,7751.3,7757.1,12:55:00,7758.842716357348,3,45
2016-03-31,7749.15,7752.4,7744.15,7751.6,13:00:00,7757.919600513791,3,46
2016-03-31,7744.3,7750.6,7744.3,7749.6,13:05:00,7756.6224957029535,3,47
2016-03-31,7749.2,7749.2,7740.2,7744.65,13:10:00,7755.915591350291,3,48
2016-03-31,7749.25,7749.4,7746.25,7749.0,13:15:00,7755.280773126454,3,49
2016-03-31,7753.65,7753.65,7745.8,7749.7,13:20:00,7755.125461400125,3,50
2016-03-31,7755.25,7760.75,7753.25,7753.7,13:25:00,7755.13732221916,3,51
2016-03-31,7746.3,7755.4,7745.65,7755.35,13:30:00,7754.295672484001,3,52
2016-03-31,7750.5,7752.6,7746.1,7746.5,13:35:00,7753.934179866477,3,53
2016-03-31,7759.95,7759.95,7750.45,7750.6,13:40:00,7754.50711511729,3,54
2016-03-31,7756.75,7762.5,7756.6,7759.85,13:45:00,7754.720723201358,3,55
2016-03-31,7757.7,7759.75,7755.65,7756.85,13:50:00,7755.004463848847,3,56
2016-03-31,7758.05,7758.75,7753.95,7757.75,13:55:00,7755.294514910862,3,57
2016-03-31,7758.25,7760.15,7756.95,7758.1,14:00:00,7755.575989681256,3,58
2016-03-31,7764.95,7764.95,7756.25,7758.3,14:05:00,7756.468752568755,3,59
2016-03-31,7764.9,7769.15,7761.7,7765.05,14:10:00,7757.271728514587,3,60
2016-03-31,7762.7,7771.75,7762.7,7764.95,14:15:00,7757.788706751294,3,61
2016-03-31,7743.95,7762.3,7743.35,7762.3,14:20:00,7756.470734679742,3,62
2016-03-31,7747.65,7750.5,7741.65,7744.65,14:25:00,7755.630664710243,3,63
2016-03-31,7735.0,7748.3,7730.15,7747.75,14:30:00,7753.665839499744,3,64
2016-03-31,7714.25,7735.9,7712.95,7735.35,14:35:00,7749.911950023577,3,65
2016-03-31,7722.1,7731.9,7713.7,7713.7,14:40:00,7747.263192878475,3,66
2016-03-31,7723.9,7727.1,7716.9,7722.35,14:45:00,7745.038126890049,3,67
2016-03-31,7711.9,7725.45,7710.8,7723.3,14:50:00,7741.882114805282,3,68
2016-03-31,7708.1,7713.85,7702.0,7712.2,14:55:00,7738.664770538113,3,69
2016-03-31,7741.25,7746.6,7706.9,7707.85,15:00:00,7738.910982867816,3,70
2016-03-31,7730.95,7741.7,7728.05,7740.85,15:05:00,7738.152794023262,3,71
2016-03-31,7739.65,7741.15,7729.45,7730.2,15:10:00,7738.295385068665,3,72
2016-03-31,7736.45,7742.9,7732.0,7738.3,15:15:00,7738.119634109745,3,73
2016-03-31,7747.2,7748.0,7735.6,7736.8,15:20:00,7738.984430861197,3,74
2016-03-31,7748.15,7761.75,7745.55,7747.9,15:25:00,7739.857342207751,3,75
2016-04-01,7719.3,7724.45,7707.1,7717.25,09:15:00,7737.899500092727,4,1
2016-04-01,7711.2,7719.25,7699.6,7718.75,09:20:00,7735.3566905600865,4,2
2016-04-01,7719.05,7719.55,7707.7,7710.75,09:25:00,7733.803672411506,4,3
2016-04-01,7718.6,7727.75,7718.5,7719.2,09:30:00,7732.355703610411,4,4
2016-04-01,7725.85,7727.0,7713.4,7718.5,09:35:00,7731.736112790372,4,5
2016-04-01,7726.25,7731.45,7723.5,7724.95,09:40:00,7731.213625857956,4,6
2016-04-01,7721.5,7726.1,7718.1,7726.1,09:45:00,7730.288518633389,4,7
2016-04-01,7735.85,7735.85,7721.6,7721.6,09:50:00,7730.818183525447,4,8
2016-04-01,7731.9,7740.15,7729.45,7736.15,09:55:00,7730.921213665881,4,9
2016-04-01,7723.65,7732.75,7722.65,7731.8,10:00:00,7730.228717126272,4,10
2016-04-01,7716.15,7723.8,7716.0,7723.4,10:05:00,7728.887886923771,4,11
2016-04-01,7727.35,7728.15,7714.6,7716.5,10:10:00,7728.741421502459,4,12
2016-04-01,7730.45,7734.55,7725.45,7726.95,10:15:00,7728.90414326413,4,13
2016-04-01,7721.9,7730.2,7721.7,7730.2,10:20:00,7728.23708200088,4,14
2016-04-01,7714.85,7722.6,7714.5,7721.85,10:25:00,7726.96212181032,4,15
2016-04-01,7719.75,7720.15,7709.45,7715.2,10:30:00,7726.27525306648,4,16
2016-04-01,7718.55,7720.95,7716.95,7719.55,10:35:00,7725.539514679197,4,17
2016-04-01,7713.95,7719.55,7712.85,7718.2,10:40:00,7724.435751376417,4,18
2016-04-01,7708.95,7714.25,7702.75,7713.9,10:45:00,7722.960917911996,4,19
2016-04-01,7711.55,7713.35,7707.45,7708.9,10:50:00,7721.8741638251395,4,20
2016-04-01,7717.45,7718.2,7710.95,7711.45,10:55:00,7721.452814889412,4,21
2016-04-01,7717.25,7719.25,7712.35,7717.2,11:00:00,7721.052546804707,4,22
2016-04-01,7714.6,7719.0,7714.15,7717.55,11:05:00,7720.438018537593,4,23
2016-04-01,7705.85,7715.4,7705.75,7714.5,11:10:00,7719.048683438775,4,24
2016-04-01,7697.2,7707.3,7697.2,7705.65,11:15:00,7716.967856444606,4,25
2016-04-01,7701.65,7704.65,7697.0,7697.45,11:20:00,7715.509012973691,4,26
2016-04-01,7702.45,7704.75,7700.35,7701.9,11:25:00,7714.265297452387,4,27
2016-04-01,7698.7,7704.3,7698.45,7702.7,11:30:00,7712.782888171208,4,28
2016-04-01,7692.75,7702.1,7692.05,7698.75,11:35:00,7710.874994059664,4,29
2016-04-01,7699.5,7699.7,7692.6,7692.6,11:40:00,7709.791661292076,4,30
2016-04-01,7705.65,7708.85,7699.2,7699.45,11:45:00,7709.3972173594975,4,31
2016-04-01,7711.95,7712.2,7705.4,7705.4,11:50:00,7709.640339515736,4,32
2016-04-01,7712.4,7716.45,7712.0,7712.1,11:55:00,7709.90316432376,4,33
2016-04-01,7714.1,7714.3,7711.0,7712.75,12:00:00,7710.302862959593,4,34
2016-04-01,7719.45,7719.9,7712.95,7713.95,12:05:00,7711.174018868203,4,35
2016-04-01,7716.95,7722.3,7716.4,7718.95,12:10:00,7711.724112309326,4,36
2016-04-01,7713.2,7716.7,7711.25,7716.7,12:15:00,7711.864673041771,4,37
2016-04-01,7707.25,7713.2,7707.05,7713.1,12:20:00,7711.425180371126,4,38
2016-04-01,7706.0,7707.3,7704.75,7705.7,12:25:00,7710.908496526256,4,39
2016-04-01,7697.65,7706.0,7696.65,7705.95,12:30:00,7709.645782571375,4,40
2016-04-01,7687.2,7697.6,7684.9,7697.45,12:35:00,7707.508088993149,4,41
2016-04-01,7692.35,7692.6,7683.85,7687.35,12:40:00,7706.064461469992,4,42
2016-04-01,7681.65,7692.35,7679.45,7691.95,12:45:00,7703.739274663326,4,43
2016-04-01,7679.45,7685.6,7675.45,7681.55,12:50:00,7701.426010409676,4,44
2016-04-01,7682.45,7686.65,7678.65,7679.55,12:55:00,7699.618771323039,4,45
2016-04-01,7680.35,7683.8,7677.0,7682.75,13:00:00,7697.783650244654,4,46
2016-04-01,7685.5,7685.55,7678.5,7680.75,13:05:00,7696.613778792783,4,47
2016-04-01,7689.4,7690.95,7685.5,7686.15,13:10:00,7695.926752241089,4,48
2016-04-01,7687.05,7692.9,7685.6,7689.75,13:15:00,7695.081347265747,4,49
2016-04-01,7670.9,7687.1,7670.7,7686.4,13:20:00,7692.778361811866,4,50
2016-04-01,7674.2,7676.05,7666.1,7670.65,13:25:00,7691.008994020261,4,51
2016-04-01,7679.35,7680.7,7669.05,7674.25,13:30:00,7689.898613637379,4,52
2016-04-01,7679.5,7684.8,7675.15,7679.2,13:35:00,7688.908269481438,4,53
2016-04-01,7675.65,7680.85,7672.8,7679.85,13:40:00,7687.645577149872,4,54
2016-04-01,7672.2,7680.05,7672.2,7675.5,13:45:00,7686.174569802265,4,55
2016-04-01,7674.4,7676.9,7671.25,7672.05,13:50:00,7685.053182202049,4,56
2016-04-01,7690.55,7692.9,7672.15,7674.55,13:55:00,7685.576688658997,4,57
2016-04-01,7695.35,7700.35,7689.05,7690.45,14:00:00,7686.507480215283,4,58
2016-04-01,7708.7,7708.7,7694.2,7695.95,14:05:00,7688.621053528113,4,59
2016-04-01,7699.6,7710.7,7695.95,7708.9,14:10:00,7689.666667477817,4,60
2016-04-01,7703.9,7706.7,7698.25,7699.0,14:15:00,7691.02222295612,4,61
2016-04-01,7695.8,7704.1,7695.8,7704.0,14:20:00,7691.477249341252,4,62
2016-04-01,7692.7,7696.25,7688.05,7695.7,14:25:00,7691.593701784942,4,63
2016-04-01,7703.5,7704.2,7692.0,7692.9,14:30:00,7692.727634948281,4,64
2016-04-01,7703.5,7708.55,7701.25,7703.4,14:35:00,7693.753574477017,4,65
2016-04-01,7699.5,7704.5,7696.8,7703.2,14:40:00,7694.300853098253,4,66
2016-04-01,7698.55,7704.75,7698.35,7699.8,14:45:00,7694.705533755562,4,67
2016-04-01,7698.6,7701.9,7697.4,7698.9,14:50:00,7695.076435302652,4,68
2016-04-01,7692.9,7699.2,7688.5,7698.55,14:55:00,7694.869155750018,4,69
2016-04-01,7711.0,7711.0,7692.3,7692.8,15:00:00,7696.405426630969,4,70
2016-04-01,7710.65,7717.1,7709.8,7711.35,15:05:00,7697.762052666114,4,71
2016-04-01,7712.05,7712.9,7706.35,7711.25,15:10:00,7699.122809555056,4,72
2016-04-01,7716.1,7716.4,7708.6,7712.45,15:15:00,7700.7396848355265,4,73
2016-04-01,7721.6,7723.4,7716.05,7716.45,15:20:00,7702.726381517858,4,74
2016-04-01,7712.75,7722.35,7711.8,7721.45,15:25:00,7703.68101184949,4,75
2016-04-04,7748.95,7756.35,7729.95,7729.95,09:15:00,7707.992344054301,0,1
2016-04-04,7746.35,7754.2,7743.05,7748.65,09:20:00,7711.645454144367,0,2
2016-04-04,7746.65,7757.6,7746.15,7746.6,09:25:00,7714.979220416332,0,3
2016-04-04,7746.45,7751.05,7741.65,7746.8,09:30:00,7717.976437519539,0,4
2016-04-04,7734.9,7747.9,7734.9,7746.7,09:35:00,7719.588205374821,0,5
2016-04-04,7742.35,7743.55,7734.2,7735.1,09:40:00,7721.755995339124,0,6
2016-04-04,7741.2,7743.8,7738.6,7742.45,09:45:00,7723.607805306826,0,7
2016-04-04,7740.4,7747.55,7740.35,7740.95,09:50:00,7725.207061944271,0,8
2016-04-04,7743.65,7746.0,7739.85,7740.7,09:55:00,7726.963532235293,0,9
2016-04-04,7748.05,7748.9,7743.05,7743.75,10:00:00,7728.971767260504,0,10
2016-04-04,7753.85,7753.85,7747.65,7748.0,10:05:00,7731.341122759503,0,11
2016-04-04,7745.95,7753.75,7743.9,7753.75,10:10:00,7732.732444401455,0,12
2016-04-04,7744.8,7748.4,7743.95,7746.05,10:15:00,7733.88173541084,0,13
2016-04-04,7739.8,7747.25,7739.8,7744.5,10:20:00,7734.445379657427,0,14
2016-04-04,7734.95,7740.95,7734.7,7739.75,10:25:00,7734.493438737672,0,15
2016-04-04,7738.85,7739.15,7731.05,7734.9,10:30:00,7734.908349334084,0,16
2016-04-04,7734.95,7741.15,7734.35,7738.45,10:35:00,7734.912316064172,0,17
2016-04-04,7725.55,7737.85,7722.8,7735.0,10:40:00,7734.020666915203,0,18
2016-04-04,7727.25,7728.9,7719.35,7725.75,10:45:00,7733.375841494708,0,19
2016-04-04,7732.1,7732.7,7726.9,7727.15,10:50:00,7733.254332780926,0,20
2016-04-04,7728.6,7732.0,7725.15,7731.4,10:55:00,7732.811062992267,0,21
2016-04-04,7729.9,7731.75,7728.35,7728.7,11:00:00,7732.533818897765,0,22
2016-04-04,7729.2,7731.7,7728.75,7729.95,11:05:00,7732.216312336073,0,23
2016-04-04,7734.75,7736.25,7729.1,7729.4,11:10:00,7732.457615923114,0,24
2016-04-04,7734.15,7736.6,7732.6,7734.4,11:15:00,7732.618795359007,0,25
2016-04-04,7734.5,7737.05,7733.35,7734.05,11:20:00,7732.797957705769,0,26
2016-04-04,7732.05,7734.85,7731.45,7734.55,11:25:00,7732.726723638552,0,27
2016-04-04,7732.3,7733.9,7731.5,7732.1,11:30:00,7732.686083292023,0,28
2016-04-04,7726.3,7732.35,7724.85,7731.85,11:35:00,7732.077884883259,0,29
2016-04-04,7717.3,7726.75,7716.35,7726.6,11:40:00,7730.670467275329,0,30
2016-04-04,7724.3,7724.7,7717.15,7717.5,11:45:00,7730.06375610625,0,31
2016-04-04,7721.05,7724.55,7719.6,7724.2,11:50:00,7729.20530314375,0,32
2016-04-04,7722.55,7723.3,7719.15,7721.15,11:55:00,7728.571464749108,0,33
2016-04-04,7726.9,7729.05,7721.55,7722.2,12:00:00,7728.412277630145,0,34
2016-04-04,7722.85,7727.55,7722.85,7726.75,12:05:00,7727.882536903464,0,35
2016-04-04,7717.3,7724.1,7716.9,7722.9,12:10:00,7726.874676245991,0,36
2016-04-04,7716.05,7722.3,7715.9,7716.8,12:15:00,7725.843754698754,0,37
2016-04-04,7716.55,7719.2,7714.65,7716.2,12:20:00,7724.958635203635,0,38
2016-04-04,7718.0,7719.45,7715.7,7716.35,12:25:00,7724.295908041384,0,39
2016-04-04,7719.0,7726.25,7716.25,7718.1,12:30:00,7723.791535846966,0,40
2016-04-04,7710.45,7721.5,7709.05,7719.45,12:35:00,7722.5209133853505,0,41
2016-04-04,7706.05,7711.65,7705.65,7710.7,12:40:00,7720.952254967698,0,42
2016-04-04,7709.25,7710.9,7704.4,7706.55,12:45:00,7719.837754494584,0,43
2016-04-04,7717.45,7717.7,7708.8,7709.4,12:50:00,7719.610349304624,0,44
2016-04-04,7723.2,7728.0,7716.3,7717.25,12:55:00,7719.952220799422,0,45
2016-04-04,7709.45,7723.55,7709.45,7723.55,13:00:00,7718.952009294716,0,46
2016-04-04,7715.9,7718.2,7710.2,7710.2,13:05:00,7718.661341742838,0,47
2016-04-04,7720.8,7720.8,7715.85,7715.85,13:10:00,7718.865023481615,0,48
2016-04-04,7723.4,7724.2,7720.1,7720.55,13:15:00,7719.296926007176,0,49
2016-04-04,7728.9,7731.45,7722.0,7723.05,13:20:00,7720.211504482682,0,50
2016-04-04,7723.05,7729.8,7721.95,7728.7,13:25:00,7720.481837389093,0,51
2016-04-04,7724.35,7725.6,7721.35,7723.35,13:30:00,7720.850233828227,0,52
2016-04-04,7729.15,7729.55,7722.8,7724.4,13:35:00,7721.640687749348,0,53
2016-04-04,7732.7,7737.15,7729.1,7729.2,13:40:00,7722.693955582744,0,54
2016-04-04,7735.7,7735.7,7729.8,7732.6,13:45:00,7723.9326264796255,0,55
2016-04-04,7733.2,7738.4,7732.2,7735.35,13:50:00,7724.815233481566,0,56
2016-04-04,7731.45,7733.4,7728.95,7733.1,13:55:00,7725.447116007131,0,57
2016-04-04,7731.85,7733.8,7730.65,7731.65,14:00:00,7726.056914482642,0,58
2016-04-04,7729.7,7732.3,7725.2,7731.8,14:05:00,7726.403875008105,0,59
2016-04-04,7736.7,7737.7,7729.65,7729.65,14:10:00,7727.384458340666,0,60
2016-04-04,7736.4,7738.5,7735.5,7736.75,14:15:00,7728.243081355841,0,61
2016-04-04,7734.85,7737.1,7732.0,7736.15,14:20:00,7728.872311702904,0,62
2016-04-04,7731.35,7736.15,7729.4,7734.65,14:25:00,7729.108282016913,0,63
2016-04-04,7730.5,7731.65,7727.1,7731.45,14:30:00,7729.240826586731,0,64
2016-04-04,7734.15,7734.6,7728.55,7730.75,14:35:00,7729.708366911804,0,65
2016-04-04,7732.45,7734.6,7729.9,7734.3,14:40:00,7729.969474824966,0,66
2016-04-04,7735.7,7735.7,7732.15,7732.4,14:45:00,7730.5152391273505,0,67
2016-04-04,7743.8,7746.9,7735.55,7735.85,14:50:00,7731.780454448555,0,68
2016-04-04,7745.6,7748.75,7743.55,7743.65,14:55:00,7733.0966016439315,0,69
2016-04-04,7750.9,7758.8,7746.1,7746.1,15:00:00,7734.792163392129,0,70
2016-04-04,7756.75,7760.4,7751.3,7751.3,15:05:00,7736.883385926212,0,71
2016-04-04,7761.85,7762.6,7754.7,7757.15,15:10:00,7739.261158695145,0,72
2016-04-04,7760.1,7764.35,7755.2,7761.5,15:15:00,7741.245810247989,0,73
2016-04-04,7759.9,7761.65,7758.9,7760.3,15:20:00,7743.022399748181,0,74
2016-04-04,7756.5,7764.45,7754.6,7760.05,15:25:00,7744.305980724544,0,75
2016-04-05,7725.9,7733.55,7715.35,7728.8,09:15:00,7742.55303017935,1,1
2016-04-05,7729.1,7731.35,7725.1,7725.35,09:20:00,7741.271789209888,1,2
2016-04-05,7727.4,7730.25,7724.1,7729.0,09:25:00,7739.950666427994,1,3
2016-04-05,7722.55,7730.9,7722.1,7727.15,09:30:00,7738.293460101519,1,4
2016-04-05,7722.8,7726.9,7719.75,7722.45,09:35:00,7736.817892472803,1,5
2016-04-05,7723.2,7727.0,7723.1,7723.35,09:40:00,7735.520950332536,1,6
2016-04-05,7723.8,7727.2,7717.75,7723.1,09:45:00,7734.404669348485,1,7
2016-04-05,7729.3,7730.2,7721.5,7723.9,09:50:00,7733.918510362915,1,8
2016-04-05,7726.85,7731.1,7726.0,7728.9,09:55:00,7733.245318899781,1,9
2016-04-05,7723.8,7727.65,7718.8,7727.25,10:00:00,7732.34576471885,1,10
2016-04-05,7718.1,7725.2,7718.1,7723.5,10:05:00,7730.989025221816,1,11
2016-04-05,7720.6,7720.85,7717.7,7717.95,10:10:00,7729.99959424831,1,12
2016-04-05,7710.6,7720.7,7705.8,7720.45,10:15:00,7728.15201384371,1,13
2016-04-05,7713.35,7713.9,7708.6,7710.55,10:20:00,7726.742298239547,1,14
2016-04-05,7717.35,7717.5,7712.65,7713.3,10:25:00,7725.847793645305,1,15
2016-04-05,7715.45,7717.55,7710.7,7717.55,10:30:00,7724.857527583847,1,16
2016-04-05,7715.25,7717.25,7714.6,7715.5,10:35:00,7723.942524956814,1,17
2016-04-05,7711.15,7715.7,7709.0,7715.4,10:40:00,7722.724189246641,1,18
2016-04-05,7714.8,7715.2,7706.8,7711.0,10:45:00,7721.969504556485,1,19
2016-04-05,7718.0,7722.65,7714.6,7714.9,10:50:00,7721.591456503486,1,20
2016-04-05,7716.75,7719.1,7714.65,7717.85,10:55:00,7721.1303654079165,1,21
2016-04-05,7696.95,7718.0,7669.0,7716.45,11:00:00,7718.8274734643055,1,22
2016-04-05,7718.3,7721.15,7697.3,7697.3,11:05:00,7718.777237896276,1,23
2016-04-05,7704.8,7725.9,7704.8,7718.8,11:10:00,7717.446072382346,1,24
2016-04-05,7698.25,7714.2,7695.2,7705.0,11:15:00,7715.617875012599,1,25
2016-04-05,7673.25,7699.35,7671.45,7698.2,11:20:00,7711.582839297114,1,26
2016-04-05,7665.7,7674.15,7655.85,7673.15,11:25:00,7707.213045078342,1,27
2016-04-05,7676.75,7676.75,7659.45,7666.05,11:30:00,7704.311802689928,1,28
2016-04-05,7683.0,7688.4,7675.65,7676.35,11:35:00,7702.282107195649,1,29
2016-04-05,7686.15,7686.35,7676.95,7682.35,11:40:00,7700.745716034158,1,30
2016-04-05,7686.85,7696.75,7685.0,7686.05,11:45:00,7699.422314507095,1,31
2016-04-05,7681.6,7687.85,7681.6,7687.15,11:50:00,7697.724951220705,1,32
2016-04-05,7673.9,7681.5,7666.45,7680.1,11:55:00,7695.455908247304,1,33
2016-04-05,7652.85,7673.65,7644.7,7673.65,12:00:00,7691.398202699942,1,34
2016-04-05,7650.05,7656.6,7643.6,7652.35,12:05:00,7687.460278633281,1,35
2016-04-05,7659.5,7663.1,7645.3,7649.95,12:10:00,7684.797394953921,1,36
2016-04-05,7659.85,7663.75,7657.15,7659.35,12:15:00,7682.421452577357,1,37
2016-04-05,7652.1,7660.35,7648.75,7659.4,12:20:00,7679.533695189037,1,38
2016-04-05,7654.0,7654.15,7648.95,7652.0,12:25:00,7677.101914694843,1,39
2016-04-05,7647.5,7654.95,7645.5,7654.95,12:30:00,7674.282684723905,1,40
2016-04-05,7653.65,7659.75,7647.35,7647.35,12:35:00,7672.317667131152,1,41
2016-04-05,7646.05,7655.3,7644.1,7653.25,12:40:00,7669.815984547233,1,42
2016-04-05,7639.0,7649.0,7636.6,7645.45,12:45:00,7666.881128876067,1,43
2016-04-05,7643.15,7644.85,7637.05,7638.9,12:50:00,7664.621021364061,1,44
2016-04-05,7639.25,7644.15,7633.6,7643.2,12:55:00,7662.204733615103,1,45
2016-04-05,7632.15,7640.35,7630.6,7639.65,13:00:00,7659.342378032712,1,46
2016-04-05,7630.85,7635.85,7628.4,7632.05,13:05:00,7656.628818220073,1,47
2016-04-05,7639.35,7639.85,7630.6,7630.9,13:10:00,7654.9832164848285,1,48
2016-04-05,7637.9,7641.8,7637.15,7639.2,13:15:00,7653.356243486273,1,49
2016-04-05,7634.9,7639.1,7633.35,7638.3,13:20:00,7651.59850601139,1,50
2016-04-05,7640.45,7640.9,7627.1,7634.75,13:25:00,7650.536743534114,1,51
2016-04-05,7642.85,7642.85,7637.85,7640.35,13:30:00,7649.804672721341,1,52
2016-04-05,7644.2,7644.25,7636.55,7642.7,13:35:00,7649.270894366928,1,53
2016-04-05,7642.75,7645.85,7641.45,7644.55,13:40:00,7648.649856808172,1,54
2016-04-05,7638.15,7644.0,7636.9,7642.65,13:45:00,7647.649870445489,1,55
2016-04-05,7629.55,7640.1,7627.75,7638.0,13:50:00,7645.926073260204,1,56
2016-04-05,7622.75,7633.7,7621.4,7629.25,13:55:00,7643.718828187804,1,57
2016-04-05,7621.95,7622.5,7612.85,7622.35,14:00:00,7641.645606455632,1,58
2016-04-05,7619.6,7624.4,7618.3,7621.65,14:05:00,7639.546024888429,1,59
2016-04-05,7624.55,7624.55,7615.0,7619.2,14:10:00,7638.117832041912,1,60
2016-04-05,7622.4,7625.65,7619.1,7624.65,14:15:00,7636.620895656968,1,61
2016-04-05,7629.9,7629.9,7622.3,7622.65,14:20:00,7635.980810356304,1,62
2016-04-05,7628.5,7632.3,7625.05,7630.0,14:25:00,7635.268352227132,1,63
2016-04-05,7626.7,7629.8,7623.15,7628.4,14:30:00,7634.452318681691,1,64
2016-04-05,7635.8,7635.95,7625.2,7626.75,14:35:00,7634.580669283436,1,65
2016-04-05,7637.0,7643.8,7635.5,7635.5,14:40:00,7634.811081732632,1,66
2016-04-05,7638.1,7639.9,7635.6,7637.8,14:45:00,7635.12431204381,1,67
2016-04-05,7641.9,7643.55,7636.6,7637.85,14:50:00,7635.769615658685,1,68
2016-04-05,7642.75,7647.3,7640.5,7642.65,14:55:00,7636.434414167382,1,69
2016-04-05,7618.15,7643.25,7618.15,7643.25,15:00:00,7634.693041389535,1,70
2016-04-05,7604.5,7617.5,7604.05,7617.5,15:05:00,7631.817513638151,1,71
2016-04-05,7605.1,7605.65,7596.3,7603.75,15:10:00,7629.272988529757,1,72
2016-04-05,7595.1,7606.45,7594.65,7605.0,15:15:00,7626.018418193589,1,73
2016-04-05,7596.3,7601.4,7594.9,7595.15,15:20:00,7623.188092651342,1,74
2016-04-05,7592.95,7596.85,7588.65,7596.05,15:25:00,7620.308274303595,1,75
2016-04-06,7626.05,7637.15,7615.1,7632.75,09:15:00,7620.8551053223,2,1
2016-04-06,7621.7,7634.1,7616.65,7626.55,09:20:00,7620.935571482081,2,2
2016-04-06,7608.0,7623.6,7608.0,7621.8,09:25:00,7619.703612293311,2,3
2016-04-06,7607.75,7607.85,7594.2,7607.1,09:30:00,7618.565173027282,2,4
2016-04-06,7619.55,7620.25,7607.25,7607.8,09:35:00,7618.658966072303,2,5
2016-04-06,7616.1,7619.5,7613.6,7619.1,09:40:00,7618.415255017799,2,6
2016-04-06,7620.8,7622.9,7606.0,7616.25,09:45:00,7618.642373587532,2,7
2016-04-06,7627.2,7630.9,7620.35,7620.9,09:50:00,7619.457385626814,2,8
2016-04-06,7621.5,7629.8,7621.1,7627.1,09:55:00,7619.651920329023,2,9
2016-04-06,7620.65,7625.25,7619.7,7621.3,10:00:00,7619.746975535782,2,10
2016-04-06,7614.25,7625.45,7613.9,7621.0,10:05:00,7619.223454056185,2,11
2016-04-06,7612.95,7620.25,7612.85,7614.35,10:10:00,7618.62598224131,2,12
2016-04-06,7607.95,7613.05,7604.5,7612.8,10:15:00,7617.609222027852,2,13
2016-04-06,7605.65,7608.1,7600.25,7608.1,10:20:00,7616.470248501389,2,14
2016-04-06,7616.8,7616.8,7604.6,7605.2,10:25:00,7616.50165340602,2,15
2016-04-06,7609.85,7616.85,7607.8,7616.4,10:30:00,7615.868162605447,2,16
2016-04-06,7613.55,7614.2,7608.75,7610.0,10:35:00,7615.647385214452,2,17
2016-04-06,7616.3,7618.25,7611.3,7613.6,10:40:00,7615.709539003552,2,18
2016-04-06,7619.75,7621.45,7614.15,7616.6,10:45:00,7616.094344812737,2,19
2016-04-06,7609.9,7619.65,7609.9,7619.65,10:50:00,7615.504407211524,2,20
2016-04-06,7611.7,7616.15,7609.2,7610.0,10:55:00,7615.142082715189,2,21
2016-04-06,7611.75,7612.4,7605.1,7611.75,11:00:00,7614.819027218504,2,22
2016-04-06,7604.6,7613.5,7604.3,7611.55,11:05:00,7613.845786531027,2,23
2016-04-06,7605.15,7608.35,7601.8,7604.65,11:10:00,7613.017616385216,2,24
2016-04-06,7611.0,7612.1,7603.6,7604.9,11:15:00,7612.825462443767,2,25
2016-04-06,7615.85,7616.2,7610.4,7610.7,11:20:00,7613.113513639599,2,26
2016-04-06,7624.15,7625.75,7614.9,7616.0,11:25:00,7614.164607578685,2,27
2016-04-06,7627.15,7633.6,7621.7,7624.0,11:30:00,7615.40131161881,2,28
2016-04-06,7627.15,7634.05,7625.6,7627.0,11:35:00,7616.52023432178,2,29
2016-04-06,7631.55,7633.5,7627.3,7627.3,11:40:00,7617.951640576848,2,30
2016-04-06,7629.55,7631.7,7625.15,7631.35,11:45:00,7619.056246236196,2,31
2016-04-06,7629.5,7632.05,7627.15,7629.2,11:50:00,7620.050889451796,2,32
2016-04-06,7627.4,7629.4,7625.4,7629.4,11:55:00,7620.750804742101,2,33
2016-04-06,7631.75,7635.35,7627.55,7627.55,12:00:00,7621.798347147615,2,34
2016-04-06,7628.8,7631.6,7626.65,7631.05,12:05:00,7622.465171228795,2,35
2016-04-06,7624.75,7630.95,7624.75,7628.75,12:10:00,7622.68277396891,2,36
2016-04-06,7620.9,7625.4,7617.65,7625.4,12:15:00,7622.512985971871,2,37
2016-04-06,7620.5,7624.1,7617.5,7620.85,12:20:00,7622.321273022168,2,38
2016-04-06,7624.4,7625.0,7620.3,7620.55,12:25:00,7622.519247020057,2,39
2016-04-06,7616.25,7624.3,7615.3,7624.3,12:30:00,7621.92217587529,2,40
2016-04-06,7615.15,7617.6,7610.1,7616.2,12:35:00,7621.27720674431,2,41
2016-04-06,7614.75,7618.95,7614.6,7615.1,12:40:00,7620.655568006757,2,42
2016-04-06,7619.4,7619.9,7614.85,7614.85,12:45:00,7620.535990101351,2,43
2016-04-06,7622.45,7623.35,7619.05,7619.6,12:50:00,7620.7182767583645,2,44
2016-04-06,7618.15,7623.0,7616.6,7622.3,12:55:00,7620.473678971854,2,45
2016-04-06,7625.1,7626.8,7617.05,7618.35,13:00:00,7620.914280974534,2,46
2016-04-06,7625.55,7625.95,7620.3,7625.3,13:05:00,7621.355778024579,2,47
2016-04-06,7624.9,7629.65,7624.5,7625.2,13:10:00,7621.693322974619,2,48
2016-04-06,7622.5,7628.25,7621.35,7625.15,13:15:00,7621.770149357989,2,49
2016-04-06,7628.25,7629.45,7622.35,7622.75,13:20:00,7622.387277990561,2,50
2016-04-06,7626.4,7632.2,7625.75,7628.0,13:25:00,7622.769441991461,2,51
2016-04-06,7618.35,7626.45,7617.65,7626.3,13:30:00,7622.348542754179,2,52
2016-04-06,7620.7,7622.3,7617.0,7618.45,13:35:00,7622.191538682352,2,53
2016-04-06,7614.5,7621.2,7612.7,7620.65,13:40:00,7621.459011188795,2,54
2016-04-06,7602.8,7614.95,7599.7,7614.4,13:45:00,7619.681962504147,2,55
2016-04-06,7602.1,7606.45,7598.8,7602.45,13:50:00,7618.007489884704,2,56
2016-04-06,7596.9,7603.15,7591.75,7602.2,13:55:00,7615.997252752827,2,57
2016-04-06,7603.7,7611.15,7596.35,7596.95,14:00:00,7614.826085823986,2,58
2016-04-06,7601.25,7604.3,7599.8,7603.8,14:05:00,7613.533125269321,2,59
2016-04-06,7604.45,7609.6,7600.75,7601.6,14:10:00,7612.668065719862,2,60
2016-04-06,7602.85,7605.35,7595.8,7604.4,14:15:00,7611.733011841779,2,61
2016-04-06,7604.0,7606.6,7601.7,7603.6,14:20:00,7610.996534523515,2,62
2016-04-06,7615.9,7616.1,7603.95,7603.95,14:25:00,7611.463531235561,2,63
2016-04-06,7619.95,7621.35,7613.05,7615.85,14:30:00,7612.271766355983,2,64
2016-04-06,7617.95,7620.2,7612.5,7619.5,14:35:00,7612.812550512556,2,65
2016-04-06,7610.75,7618.65,7608.45,7618.55,14:40:00,7612.616117130407,2,66
2016-04-06,7611.85,7614.95,7609.55,7610.9,14:45:00,7612.543153594178,2,67
2016-04-06,7615.15,7620.25,7611.4,7611.6,14:50:00,7612.791424680447,2,68
2016-04-06,7617.2,7618.35,7613.35,7615.5,14:55:00,7613.211288996595,2,69
2016-04-06,7617.95,7618.05,7612.35,7617.1,15:00:00,7613.662594806443,2,70
2016-04-06,7614.7,7620.2,7613.45,7618.0,15:05:00,7613.761395301067,2,71
2016-04-06,7608.0,7615.35,7607.45,7614.5,15:10:00,7613.212690986679,2,72
2016-04-06,7612.15,7612.95,7606.45,7607.95,15:15:00,7613.111482321281,2,73
2016-04-06,7616.5,7617.1,7611.3,7612.1,15:20:00,7613.434198290683,2,74
2016-04-06,7618.3,7622.25,7616.5,7616.6,15:25:00,7613.897607977285,2,75
2016-04-07,7592.4,7626.8,7590.5,7626.8,09:15:00,7611.850216741353,3,1
2016-04-07,7602.25,7602.5,7588.6,7592.0,09:20:00,7610.935910385033,3,2
2016-04-07,7602.55,7604.25,7596.15,7601.55,09:25:00,7610.137252253126,3,3
2016-04-07,7590.65,7606.35,7589.8,7602.7,09:30:00,7608.281323467114,3,4
2016-04-07,7574.5,7591.25,7567.95,7590.9,09:35:00,7605.064054565484,3,5
2016-04-07,7563.85,7574.4,7558.05,7574.25,09:40:00,7601.138906511629,3,6
2016-04-07,7564.15,7565.55,7553.85,7563.9,09:45:00,7597.616153510521,3,7
2016-04-07,7566.5,7571.7,7564.1,7564.4,09:50:00,7594.652710319043,3,8
2016-04-07,7568.5,7568.8,7560.9,7566.45,09:55:00,7592.161976002943,3,9
2016-04-07,7563.8,7569.05,7559.9,7568.2,10:00:00,7589.460835431235,3,10
2016-04-07,7548.15,7564.55,7548.15,7563.25,10:05:00,7585.52647015207,3,11
2016-04-07,7549.75,7552.85,7547.5,7547.5,10:10:00,7582.119187280444,3,12
2016-04-07,7546.4,7549.65,7542.15,7549.65,10:15:00,7578.717359920402,3,13
2016-04-07,7555.5,7556.1,7544.45,7546.3,10:20:00,7576.506182785125,3,14
2016-04-07,7555.9,7558.35,7554.35,7555.4,10:25:00,7574.543689186542,3,15
2016-04-07,7556.4,7559.55,7555.75,7555.75,10:30:00,7572.815718787823,3,16
2016-04-07,7564.55,7564.6,7555.75,7556.1,10:35:00,7572.028507474697,3,17
2016-04-07,7566.75,7566.8,7560.6,7564.2,10:40:00,7571.525792477107,3,18
2016-04-07,7580.8,7583.4,7566.75,7566.8,10:45:00,7572.4090503364305,3,19
2016-04-07,7577.4,7581.6,7576.55,7580.6,10:50:00,7572.884378875818,3,20
2016-04-07,7576.2,7578.05,7575.35,7577.75,10:55:00,7573.200152316216,3,21
2016-04-07,7573.05,7577.0,7570.4,7576.35,11:00:00,7573.185852095624,3,22
2016-04-07,7572.95,7573.2,7570.4,7573.1,11:05:00,7573.163389991279,3,23
2016-04-07,7567.35,7576.4,7567.35,7573.15,11:10:00,7572.609733801633,3,24
2016-04-07,7577.55,7577.55,7566.2,7567.4,11:15:00,7573.080235344335,3,25
2016-04-07,7572.35,7579.3,7572.0,7577.3,11:20:00,7573.010689121065,3,26
2016-04-07,7572.75,7575.0,7571.2,7572.4,11:25:00,7572.985861585726,3,27
2016-04-07,7588.5,7591.0,7572.7,7572.7,11:30:00,7574.463398577561,3,28
2016-04-07,7593.5,7597.95,7588.5,7588.85,11:35:00,7576.27640823684,3,29
2016-04-07,7593.3,7594.15,7590.25,7593.35,11:40:00,7577.897702690475,3,30
2016-04-07,7598.9,7602.7,7593.3,7593.4,11:45:00,7579.897921481858,3,31
2016-04-07,7595.65,7599.6,7592.95,7598.7,11:50:00,7581.398119435967,3,32
2016-04-07,7591.75,7597.1,7591.5,7595.55,11:55:00,7582.384012823017,3,33
2016-04-07,7588.6,7591.75,7585.75,7591.65,12:00:00,7582.976011601778,3,34
2016-04-07,7585.15,7589.45,7581.6,7588.65,12:05:00,7583.183058115894,3,35
2016-04-07,7589.4,7589.85,7584.1,7585.1,12:10:00,7583.775147819142,3,36
2016-04-07,7592.25,7593.4,7588.55,7589.55,12:15:00,7584.582276598271,3,37
2016-04-07,7590.65,7594.3,7588.2,7591.7,12:20:00,7585.160155017484,3,38
2016-04-07,7588.4,7591.65,7585.3,7590.8,12:25:00,7585.468711682485,3,39
2016-04-07,7577.45,7589.15,7574.85,7588.25,12:30:00,7584.705024855582,3,40
2016-04-07,7569.3,7580.75,7568.3,7577.4,12:35:00,7583.237879631241,3,41
2016-04-07,7574.35,7576.5,7568.1,7569.25,12:40:00,7582.391414904457,3,42
2016-04-07,7576.85,7578.95,7572.25,7574.3,12:45:00,7581.863661104033,3,43
2016-04-07,7582.2,7582.2,7575.65,7576.45,12:50:00,7581.895693379839,3,44
2016-04-07,7589.0,7589.9,7582.35,7582.35,12:55:00,7582.572294010331,3,45
2016-04-07,7587.85,7591.55,7587.65,7589.25,13:00:00,7583.074932676013,3,46
2016-04-07,7581.05,7588.35,7579.55,7588.2,13:05:00,7582.882081944965,3,47
2016-04-07,7581.25,7583.35,7575.6,7580.5,13:10:00,7582.726645569253,3,48
2016-04-07,7575.9,7581.45,7575.4,7581.1,13:15:00,7582.076488848372,3,49
2016-04-07,7572.35,7576.95,7569.5,7576.2,13:20:00,7581.150156577099,3,50
2016-04-07,7570.9,7575.85,7569.2,7572.25,13:25:00,7580.173951188803,3,51
2016-04-07,7568.95,7572.9,7567.45,7571.1,13:30:00,7579.105003456536,3,52
2016-04-07,7578.25,7578.25,7568.5,7568.7,13:35:00,7579.023574555914,3,53
2016-04-07,7583.45,7583.55,7578.25,7578.5,13:40:00,7579.445138883922,3,54
2016-04-07,7581.65,7583.6,7579.8,7583.6,13:45:00,7579.655125656882,3,55
2016-04-07,7583.35,7584.25,7574.55,7581.6,13:50:00,7580.007018451465,3,56
2016-04-07,7585.0,7586.8,7581.4,7583.4,13:55:00,7580.482540503706,3,57
2016-04-07,7582.3,7585.55,7577.35,7584.75,14:00:00,7580.655631884306,3,58
2016-04-07,7579.75,7583.2,7577.75,7582.65,14:05:00,7580.569381228657,3,59
2016-04-07,7576.75,7582.05,7576.6,7579.5,14:10:00,7580.205630635452,3,60
2016-04-07,7577.0,7579.0,7573.2,7576.95,14:15:00,7579.900332479694,3,61
2016-04-07,7574.6,7576.85,7573.7,7576.75,14:20:00,7579.395538910199,3,62
2016-04-07,7568.55,7583.2,7567.1,7574.45,14:25:00,7578.362630442562,3,63
2016-04-07,7571.45,7574.2,7566.85,7568.1,14:30:00,7577.704284686127,3,64
2016-04-07,7572.0,7576.5,7570.05,7571.3,14:35:00,7577.161019477924,3,65
2016-04-07,7572.5,7574.85,7570.45,7571.95,14:40:00,7576.717112860979,3,66
2016-04-07,7571.05,7573.65,7568.85,7572.25,14:45:00,7576.1773878266,3,67
2016-04-07,7555.7,7570.65,7552.95,7570.3,14:50:00,7574.227160414543,3,68
2016-04-07,7552.1,7560.9,7550.4,7555.75,14:55:00,7572.119811803634,3,69
2016-04-07,7562.4,7564.3,7551.55,7552.5,15:00:00,7571.194115441383,3,70
2016-04-07,7546.6,7562.45,7546.3,7562.35,15:05:00,7568.851818732681,3,71
2016-04-07,7539.9,7549.0,7538.2,7546.5,15:10:00,7566.094502662901,3,72
2016-04-07,7543.85,7545.0,7535.85,7540.3,15:15:00,7563.975978599768,3,73
2016-04-07,7541.45,7544.7,7541.0,7543.65,15:20:00,7561.830647304552,3,74
2016-04-07,7542.15,7547.1,7540.5,7541.3,15:25:00,7559.956299942214,3,75
2016-04-08,7547.9,7548.0,7530.95,7541.85,09:15:00,7558.808080900098,4,1
2016-04-08,7541.05,7554.1,7541.05,7547.3,09:20:00,7557.116835100089,4,2
2016-04-08,7533.3,7545.6,7526.7,7540.2,09:25:00,7554.848565090556,4,3
2016-04-08,7538.8,7540.4,7532.2,7532.75,09:30:00,7553.320130320027,4,4
2016-04-08,7543.4,7543.7,7533.05,7539.3,09:35:00,7552.375356003834,4,5
2016-04-08,7537.35,7547.1,7537.3,7543.1,09:40:00,7550.944369717754,4,6
2016-04-08,7541.45,7542.4,7536.5,7536.75,09:45:00,7550.040144030349,4,7
2016-04-08,7540.0,7541.95,7536.25,7541.4,09:50:00,7549.083939836983,4,8
2016-04-08,7549.9,7552.8,7540.15,7540.15,09:55:00,7549.161659852509,4,9
2016-04-08,7555.4,7555.95,7547.75,7549.65,10:00:00,7549.755787485603,4,10
2016-04-08,7550.75,7556.35,7549.7,7554.95,10:05:00,7549.850474391736,4,11
2016-04-08,7548.1,7550.8,7542.0,7550.8,10:10:00,7549.683762544904,4,12
2016-04-08,7555.4,7555.4,7548.25,7548.25,10:15:00,7550.228166112056,4,13
2016-04-08,7558.85,7566.2,7554.5,7554.8,10:20:00,7551.049293149003,4,14
2016-04-08,7552.75,7559.9,7552.75,7558.7,10:25:00,7551.21126523005,4,15
2016-04-08,7550.7,7556.55,7550.5,7552.6,10:30:00,7551.162573303379,4,16
2016-04-08,7554.6,7555.3,7550.5,7550.85,10:35:00,7551.489947274485,4,17
2016-04-08,7554.6,7562.45,7553.95,7554.55,10:40:00,7551.786142772154,4,18
2016-04-08,7560.35,7561.1,7554.25,7555.35,10:45:00,7552.601748222425,4,19
2016-04-08,7559.25,7565.7,7557.75,7560.2,10:50:00,7553.234915058385,4,20
2016-04-08,7561.1,7563.3,7558.45,7558.75,10:55:00,7553.983970767111,4,21
2016-04-08,7566.35,7569.05,7560.25,7560.8,11:00:00,7555.1616878369105,4,22
2016-04-08,7566.65,7568.55,7564.3,7566.5,11:05:00,7556.255812804824,4,23
2016-04-08,7559.85,7569.35,7559.85,7566.8,11:10:00,7556.598116347222,4,24
2016-04-08,7554.15,7560.75,7554.15,7559.5,11:15:00,7556.3649624093905,4,25
2016-04-08,7554.45,7555.55,7550.15,7554.0,11:20:00,7556.182585037068,4,26
2016-04-08,7554.25,7557.1,7552.4,7554.15,11:25:00,7555.998529319251,4,27
2016-04-08,7555.65,7555.85,7549.8,7553.85,11:30:00,7555.965336050751,4,28
2016-04-08,7553.35,7558.7,7552.45,7555.6,11:35:00,7555.71625642687,4,29
2016-04-08,7549.8,7554.65,7545.0,7553.3,11:40:00,7555.152803433834,4,30
2016-04-08,7547.6,7550.05,7546.3,7549.95,11:45:00,7554.433488821088,4,31
2016-04-08,7545.2,7548.7,7543.85,7547.35,11:50:00,7553.554108933365,4,32
2016-04-08,7551.45,7551.6,7545.25,7545.45,11:55:00,7553.353717606377,4,33
2016-04-08,7550.75,7555.1,7549.65,7551.5,12:00:00,7553.105744501008,4,34
2016-04-08,7553.95,7554.85,7550.2,7550.2,12:05:00,7553.186149786627,4,35
2016-04-08,7555.45,7555.45,7551.1,7554.35,12:10:00,7553.401754568853,4,36
2016-04-08,7557.95,7559.05,7554.65,7555.35,12:15:00,7553.834920800391,4,37
2016-04-08,7553.65,7559.4,7553.6,7557.8,12:20:00,7553.817309295591,4,38
2016-04-08,7552.35,7555.4,7552.05,7554.0,12:25:00,7553.677565553154,4,39
2016-04-08,7559.55,7560.4,7552.15,7552.75,12:30:00,7554.236845024282,4,40
2016-04-08,7562.25,7566.0,7558.35,7559.7,12:35:00,7555.000002641017,4,41
2016-04-08,7560.45,7562.65,7558.8,7562.05,12:40:00,7555.51905000854,4,42
2016-04-08,7563.3,7563.65,7559.9,7560.25,12:45:00,7556.26009286487,4,43
2016-04-08,7562.2,7564.2,7561.6,7563.05,12:50:00,7556.82579830631,4,44
2016-04-08,7559.75,7562.4,7559.3,7562.25,12:55:00,7557.10429370571,4,45
2016-04-08,7557.05,7560.3,7553.05,7559.95,13:00:00,7557.099122876594,4,46
2016-04-08,7558.5,7558.95,7555.95,7557.7,13:05:00,7557.232539745491,4,47
2016-04-08,7562.7,7564.1,7557.15,7558.25,13:10:00,7557.75325024592,4,48
2016-04-08,7559.85,7565.0,7559.1,7562.75,13:15:00,7557.952940698689,4,49
2016-04-08,7559.5,7561.7,7556.9,7559.8,13:20:00,7558.100279679767,4,50
2016-04-08,7561.0,7562.4,7558.55,7559.4,13:25:00,7558.376443519788,4,51
2016-04-08,7558.25,7563.05,7557.6,7560.9,13:30:00,7558.364401279808,4,52
2016-04-08,7554.9,7559.3,7554.2,7558.5,13:35:00,7558.034458300778,4,53
2016-04-08,7554.45,7558.45,7553.3,7554.75,13:40:00,7557.693081319752,4,54
2016-04-08,7548.15,7554.45,7546.2,7554.3,13:45:00,7556.784216432157,4,55
2016-04-08,7544.4,7548.7,7541.85,7547.9,13:50:00,7555.604767248142,4,56
2016-04-08,7551.5,7552.85,7544.1,7544.2,13:55:00,7555.213837034033,4,57
2016-04-08,7546.8,7552.6,7545.45,7551.35,14:00:00,7554.412519221268,4,58
2016-04-08,7543.25,7547.3,7540.6,7546.75,14:05:00,7553.349422152575,4,59
2016-04-08,7540.6,7545.8,7540.6,7543.2,14:10:00,7552.135191471377,4,60
2016-04-08,7543.25,7544.65,7536.9,7540.55,14:15:00,7551.288982759816,4,61
2016-04-08,7542.55,7544.95,7540.75,7543.2,14:20:00,7550.456698687452,4,62
2016-04-08,7543.25,7546.45,7542.1,7542.4,14:25:00,7549.770346431505,4,63
2016-04-08,7553.8,7555.6,7540.1,7543.35,14:30:00,7550.154122961838,4,64
2016-04-08,7555.7,7559.65,7553.3,7553.3,14:35:00,7550.682301727376,4,65
2016-04-08,7552.55,7559.15,7552.55,7554.85,14:40:00,7550.860177753341,4,66
2016-04-08,7548.95,7552.25,7547.7,7552.1,14:45:00,7550.678256062547,4,67
2016-04-08,7552.1,7556.55,7548.25,7548.8,14:50:00,7550.813660247067,4,68
2016-04-08,7547.85,7552.85,7546.5,7552.4,14:55:00,7550.531406890203,4,69
2016-04-08,7555.25,7556.75,7547.2,7547.35,15:00:00,7550.980796710183,4,70
2016-04-08,7553.05,7555.1,7549.7,7554.8,15:05:00,7551.177863690165,4,71
2016-04-08,7551.1,7555.65,7548.95,7553.6,15:10:00,7551.170448100625,4,72
2016-04-08,7558.55,7558.65,7550.8,7551.3,15:15:00,7551.873262567233,4,73
2016-04-08,7557.35,7558.5,7555.05,7558.25,15:20:00,7552.394856608449,4,74
2016-04-08,7558.3,7559.55,7557.1,7557.45,15:25:00,7552.957251217168,4,75
2016-04-11,7563.1,7580.8,7562.6,7576.1,09:15:00,7553.923227291723,0,1
2016-04-11,7560.55,7565.95,7555.25,7563.3,09:20:00,7554.554348502035,0,2
2016-04-11,7560.4,7564.4,7558.95,7560.5,09:25:00,7555.111077216126,0,3
2016-04-11,7563.65,7566.15,7558.8,7560.5,09:30:00,7555.924307957448,0,4
2016-04-11,7565.1,7567.75,7563.05,7563.45,09:35:00,7556.798183390072,0,5
2016-04-11,7559.15,7565.9,7558.5,7565.0,09:40:00,7557.022165924352,0,6
2016-04-11,7559.4,7565.25,7557.6,7558.65,09:45:00,7557.248626312508,0,7
2016-04-11,7548.0,7561.4,7547.9,7559.85,09:50:00,7556.367804758936,0,8
2016-04-11,7540.2,7552.2,7540.2,7548.4,09:55:00,7554.828013829514,0,9
2016-04-11,7541.65,7543.45,7534.95,7540.25,10:00:00,7553.57296489337,0,10
2016-04-11,7546.7,7546.7,7541.6,7541.6,10:05:00,7552.918396808288,0,11
2016-04-11,7545.3,7550.35,7544.2,7547.15,10:10:00,7552.192835207499,0,12
2016-04-11,7549.7,7550.75,7545.35,7545.35,10:15:00,7551.955422330594,0,13
2016-04-11,7550.3,7553.75,7549.45,7550.1,10:20:00,7551.797763061014,0,14
2016-04-11,7551.65,7553.4,7549.25,7550.5,10:25:00,7551.783690388536,0,15
2016-04-11,7550.3,7555.2,7550.05,7552.0,10:30:00,7551.642386542009,0,16
2016-04-11,7552.7,7554.4,7546.8,7550.15,10:35:00,7551.743111633246,0,17
2016-04-11,7555.9,7556.45,7551.3,7552.95,10:40:00,7552.139005763413,0,18
2016-04-11,7561.25,7563.05,7555.55,7555.75,10:45:00,7553.006719500231,0,19
2016-04-11,7558.4,7562.4,7557.85,7561.35,10:50:00,7553.520365262113,0,20
2016-04-11,7547.1,7559.45,7546.5,7558.65,10:55:00,7552.908901903816,0,21
2016-04-11,7547.65,7551.4,7547.1,7547.85,11:00:00,7552.408054103453,0,22
2016-04-11,7552.8,7556.7,7547.2,7547.6,11:05:00,7552.445382284076,0,23
2016-04-11,7552.9,7553.65,7548.55,7552.75,11:10:00,7552.488679209402,0,24
2016-04-11,7553.45,7555.1,7551.0,7553.05,11:15:00,7552.580233570411,0,25
2016-04-11,7551.7,7555.25,7551.2,7553.2,11:20:00,7552.4964018018,0,26
2016-04-11,7550.85,7553.05,7550.45,7551.55,11:25:00,7552.3396016302,0,27
2016-04-11,7547.95,7552.05,7547.6,7550.35,11:30:00,7551.921544332086,0,28
2016-04-11,7551.1,7551.65,7547.5,7548.2,11:35:00,7551.843302014744,0,29
2016-04-11,7551.1,7552.25,7550.2,7551.2,11:40:00,7551.772511346673,0,30
2016-04-11,7549.3,7552.0,7548.6,7551.25,11:45:00,7551.537034075562,0,31
2016-04-11,7549.65,7551.65,7548.85,7549.2,11:50:00,7551.357316544556,0,32
2016-04-11,7548.25,7550.0,7547.7,7549.3,11:55:00,7551.061381635551,0,33
2016-04-11,7541.4,7547.6,7539.6,7547.5,12:00:00,7550.141250051213,0,34
2016-04-11,7543.25,7543.9,7540.9,7541.15,12:05:00,7549.484940522526,0,35
2016-04-11,7548.95,7551.15,7542.65,7543.05,12:10:00,7549.433993806095,0,36
2016-04-11,7552.85,7552.9,7547.4,7548.6,12:15:00,7549.759327729324,0,37
2016-04-11,7552.6,7554.35,7550.35,7553.0,12:20:00,7550.029867945579,0,38
2016-04-11,7551.2,7555.55,7551.2,7551.9,12:25:00,7550.141309093618,0,39
2016-04-11,7547.55,7552.2,7547.3,7551.6,12:30:00,7549.894517751369,0,40
2016-04-11,7542.15,7548.3,7540.85,7547.5,12:35:00,7549.156944632191,0,41
2016-04-11,7539.0,7542.45,7537.55,7542.0,12:40:00,7548.189616571983,0,42
2016-04-11,7533.3,7539.05,7533.3,7538.65,12:45:00,7546.771557850841,0,43
2016-04-11,7531.75,7532.4,7523.2,7531.45,12:50:00,7545.340933293619,0,44
2016-04-11,7533.35,7534.55,7531.15,7532.55,12:55:00,7544.198939646607,0,45
2016-04-11,7528.2,7533.3,7527.95,7533.3,13:00:00,7542.675231108835,0,46
2016-04-11,7526.85,7528.1,7516.85,7527.95,13:05:00,7541.168066241327,0,47
2016-04-11,7530.05,7530.4,7524.2,7526.75,13:10:00,7540.109202789772,0,48
2016-04-11,7552.1,7554.45,7530.0,7530.0,13:15:00,7541.251183476461,0,49
2016-04-11,7556.6,7561.0,7550.95,7551.1,13:20:00,7542.712975526322,0,50
2016-04-11,7576.7,7585.2,7553.4,7556.8,13:25:00,7545.949835000006,0,51
2016-04-11,7601.0,7603.35,7576.25,7576.65,13:30:00,7551.192707857148,0,52
2016-04-11,7600.35,7615.65,7599.45,7600.8,13:35:00,7555.874354727895,0,53
2016-04-11,7606.75,7613.75,7599.95,7599.95,13:40:00,7560.719654277619,0,54
2016-04-11,7600.05,7616.75,7598.95,7606.95,13:45:00,7564.465401489275,0,55
2016-04-11,7600.75,7603.5,7597.9,7600.5,13:50:00,7567.921077537915,0,56
2016-04-11,7599.5,7601.2,7591.05,7600.8,13:55:00,7570.928593962875,0,57
2016-04-11,7607.05,7607.05,7595.7,7600.0,14:00:00,7574.368727871173,0,58
2016-04-11,7606.9,7610.55,7606.05,7607.35,14:05:00,7577.466944264394,0,59
2016-04-11,7604.85,7611.4,7604.45,7606.55,14:10:00,7580.074854334452,0,60
2016-04-11,7605.85,7610.2,7604.25,7604.65,14:15:00,7582.529630112123,0,61
2016-04-11,7594.55,7605.8,7593.45,7605.45,14:20:00,7583.674427244303,0,62
2016-04-11,7598.6,7600.7,7594.25,7594.25,14:25:00,7585.095910363893,0,63
2016-04-11,7606.5,7606.5,7598.15,7598.4,14:30:00,7587.134395091141,0,64
2016-04-11,7608.85,7608.85,7604.15,7606.4,14:35:00,7589.202547939603,0,65
2016-04-11,7639.6,7639.85,7607.85,7609.25,14:40:00,7594.002305278688,0,66
2016-04-11,7638.3,7645.8,7635.9,7639.35,14:45:00,7598.221133347384,0,67
2016-04-11,7650.25,7654.45,7635.8,7637.95,14:50:00,7603.176263504776,0,68
2016-04-11,7663.2,7666.5,7646.3,7650.1,14:55:00,7608.892809837655,0,69
2016-04-11,7671.1,7677.3,7663.25,7663.25,15:00:00,7614.81730413883,0,70
2016-04-11,7667.2,7672.8,7666.55,7671.75,15:05:00,7619.806132316084,0,71
2016-04-11,7670.75,7672.7,7666.6,7666.65,15:10:00,7624.657929238361,0,72
2016-04-11,7673.35,7678.8,7670.1,7670.5,15:15:00,7629.295269310898,0,73
2016-04-11,7668.2,7673.45,7667.0,7673.25,15:20:00,7633.000481757479,0,74
2016-04-11,7664.3,7672.9,7664.3,7668.45,15:25:00,7635.981388256767,0,75
2016-04-12,7681.35,7688.95,7663.35,7669.2,09:15:00,7640.30220842279,1,1
2016-04-12,7687.1,7687.9,7676.05,7681.6,09:20:00,7644.759140953953,1,2
2016-04-12,7688.8,7692.6,7685.45,7687.7,09:25:00,7648.953508482147,1,3
2016-04-12,7695.15,7701.65,7688.7,7688.7,09:30:00,7653.35317434099,1,4
2016-04-12,7699.5,7700.0,7695.4,7695.4,09:35:00,7657.748110118038,1,5
2016-04-12,7698.0,7700.85,7694.85,7699.35,09:40:00,7661.58162344013,1,6
2016-04-12,7693.0,7698.05,7690.35,7698.05,09:45:00,7664.573849779165,1,7
2016-04-12,7694.7,7699.5,7692.5,7693.15,09:50:00,7667.443006943055,1,8
2016-04-12,7691.85,7694.95,7689.9,7694.9,09:55:00,7669.767482472287,1,9
2016-04-12,7693.2,7693.4,7690.0,7691.65,10:00:00,7671.99915080826,1,10
2016-04-12,7682.1,7693.25,7680.3,7693.1,10:05:00,7672.961136445569,1,11
2016-04-12,7686.5,7687.4,7681.9,7681.9,10:10:00,7674.250552022181,1,12
2016-04-12,7685.45,7686.75,7679.2,7686.65,10:15:00,7675.317166115306,1,13
2016-04-12,7683.7,7690.15,7683.25,7685.7,10:20:00,7676.115531247182,1,14
2016-04-12,7685.05,7685.05,7679.1,7684.1,10:25:00,7676.966433033165,1,15
2016-04-12,7691.5,7692.75,7684.85,7685.15,10:30:00,7678.350582268102,1,16
2016-04-12,7694.55,7696.15,7691.45,7691.45,10:35:00,7679.893383956854,1,17
2016-04-12,7693.25,7694.85,7690.45,7694.4,10:40:00,7681.16544262763,1,18
2016-04-12,7696.2,7697.2,7693.05,7693.05,10:45:00,7682.597305234522,1,19
2016-04-12,7697.8,7699.8,7696.0,7696.1,10:50:00,7684.045180926472,1,20
2016-04-12,7698.0,7699.8,7696.65,7697.7,10:55:00,7685.374211314427,1,21
2016-04-12,7704.55,7704.85,7697.45,7697.95,11:00:00,7687.200476903529,1,22
2016-04-12,7705.05,7709.1,7704.05,7704.45,11:05:00,7688.900431484146,1,23
2016-04-12,7701.0,7706.65,7700.65,7704.9,11:10:00,7690.052771342799,1,24
2016-04-12,7697.4,7701.1,7696.8,7700.95,11:15:00,7690.752507405389,1,25
2016-04-12,7700.25,7700.35,7696.7,7697.2,11:20:00,7691.657030509638,1,26
2016-04-12,7694.9,7701.35,7694.9,7700.1,11:25:00,7691.965884746816,1,27
2016-04-12,7697.25,7697.7,7694.2,7695.0,11:30:00,7692.469133818548,1,28
2016-04-12,7700.05,7701.65,7697.15,7697.65,11:35:00,7693.191121073924,1,29
2016-04-12,7705.45,7705.9,7700.0,7700.15,11:40:00,7694.358633352598,1,30
2016-04-12,7704.25,7705.85,7703.1,7705.25,11:45:00,7695.3006682713985,1,31
2016-04-12,7697.95,7705.45,7697.8,7704.55,11:50:00,7695.552985578884,1,32
2016-04-12,7700.4,7700.4,7695.4,7698.0,11:55:00,7696.014605999943,1,33
2016-04-12,7700.15,7700.65,7696.7,7700.65,12:00:00,7696.408453047568,1,34
2016-04-12,7701.95,7703.0,7699.85,7700.25,12:05:00,7696.93621942399,1,35
2016-04-12,7701.65,7702.75,7699.15,7702.1,12:10:00,7697.38515090742,1,36
2016-04-12,7706.05,7706.15,7701.6,7701.7,12:15:00,7698.210374630524,1,37
2016-04-12,7706.55,7708.8,7705.35,7706.15,12:20:00,7699.004624665712,1,38
2016-04-12,7705.65,7707.2,7703.65,7706.7,12:25:00,7699.637517554692,1,39
2016-04-12,7707.4,7712.05,7705.3,7705.7,12:30:00,7700.376801597102,1,40
2016-04-12,7704.7,7708.6,7704.4,7707.45,12:35:00,7700.788534778329,1,41
2016-04-12,7705.45,7706.05,7700.95,7704.55,12:40:00,7701.23248384706,1,42
2016-04-12,7706.5,7708.05,7703.9,7705.5,12:45:00,7701.734152052102,1,43
2016-04-12,7709.8,7711.25,7706.55,7706.6,12:50:00,7702.50232804714,1,44
2016-04-12,7707.85,7717.0,7707.6,7710.05,12:55:00,7703.011630137888,1,45
2016-04-12,7704.8,7709.65,7702.0,7707.7,13:00:00,7703.181951077137,1,46
2016-04-12,7703.9,7707.25,7701.4,7704.15,13:05:00,7703.250336688838,1,47
2016-04-12,7707.65,7707.7,7703.05,7704.6,13:10:00,7703.669352242282,1,48
2016-04-12,7710.4,7712.25,7706.4,7707.1,13:15:00,7704.310366314446,1,49
2016-04-12,7705.15,7710.45,7703.75,7710.45,13:20:00,7704.390331427356,1,50
2016-04-12,7695.9,7706.1,7694.05,7705.6,13:25:00,7703.581728434274,1,51
2016-04-12,7696.6,7697.75,7691.05,7695.65,13:30:00,7702.916801916724,1,52
2016-04-12,7684.05,7696.3,7683.95,7696.3,13:35:00,7701.11996363894,1,53
2016-04-12,7682.6,7684.65,7674.15,7684.35,13:40:00,7699.356157578089,1,54
2016-04-12,7680.75,7683.55,7673.95,7682.75,13:45:00,7697.584142570651,1,55
2016-04-12,7687.3,7689.15,7681.0,7681.2,13:50:00,7696.604700421066,1,56
2016-04-12,7692.7,7693.55,7686.9,7687.4,13:55:00,7696.232824190488,1,57
2016-04-12,7698.2,7698.35,7691.65,7692.85,14:00:00,7696.420174267585,1,58
2016-04-12,7689.35,7699.1,7687.05,7698.0,14:05:00,7695.746824337339,1,59
2016-04-12,7695.15,7695.55,7687.2,7689.3,14:10:00,7695.689983924259,1,60
2016-04-12,7703.1,7704.6,7695.0,7695.35,14:15:00,7696.395699740996,1,61
2016-04-12,7707.9,7708.0,7702.65,7703.35,14:20:00,7697.49134738471,1,62
2016-04-12,7710.1,7711.1,7706.0,7708.15,14:25:00,7698.692171443309,1,63
2016-04-12,7707.0,7713.45,7705.75,7710.3,14:30:00,7699.483393210613,1,64
2016-04-12,7714.8,7717.4,7707.0,7707.25,14:35:00,7700.942117666746,1,65
2016-04-12,7713.5,7715.7,7710.85,7714.85,14:40:00,7702.138106460389,1,66
2016-04-12,7708.95,7714.05,7708.65,7713.3,14:45:00,7702.786858226066,1,67
2016-04-12,7708.25,7709.5,7703.05,7709.05,14:50:00,7703.307157442631,1,68
2016-04-12,7712.15,7715.45,7708.45,7708.45,14:55:00,7704.149332924286,1,69
2016-04-12,7713.0,7716.25,7709.7,7711.85,15:00:00,7704.992253598163,1,70
2016-04-12,7707.3,7715.6,7705.1,7713.05,15:05:00,7705.212038969767,1,71
2016-04-12,7710.0,7710.0,7704.95,7706.9,15:10:00,7705.668035258361,1,72
2016-04-12,7711.45,7713.7,7708.45,7710.25,15:15:00,7706.218698567089,1,73
2016-04-12,7707.45,7712.55,7706.75,7710.25,15:20:00,7706.335965370224,1,74
2016-04-12,7709.15,7711.9,7706.2,7707.15,15:25:00,7706.603968668297,1,75
2016-04-13,7802.0,7802.0,7772.2,7776.15,09:15:00,7715.689304985603,2,1
2016-04-13,7798.85,7801.1,7795.55,7800.95,09:20:00,7723.60937117745,2,2
2016-04-13,7804.75,7806.0,7796.0,7798.95,09:25:00,7731.337050112931,2,3
2016-04-13,7816.5,7819.1,7804.2,7804.45,09:30:00,7739.447807245033,2,4
2016-04-13,7821.85,7823.1,7812.8,7816.45,09:35:00,7747.295635126458,2,5
2016-04-13,7816.3,7823.35,7815.75,7822.35,09:40:00,7753.867479400129,2,6
2016-04-13,7813.15,7821.2,7813.05,7816.4,09:45:00,7759.5134337429745,2,7
2016-04-13,7812.1,7817.05,7811.7,7813.1,09:50:00,7764.521678148405,2,8
2016-04-13,7819.85,7820.05,7811.35,7812.05,09:55:00,7769.791042134271,2,9
2016-04-13,7827.65,7833.55,7819.5,7819.9,10:00:00,7775.301419073865,2,10
2016-04-13,7830.4,7831.25,7825.15,7827.6,10:05:00,7780.548902971592,2,11
2016-04-13,7826.15,7831.6,7825.6,7829.85,10:10:00,7784.891864593344,2,12
2016-04-13,7826.3,7828.75,7824.45,7827.05,10:15:00,7788.835496536835,2,13
2016-04-13,7825.05,7828.05,7824.0,7826.0,10:20:00,7792.28449686666,2,14
2016-04-13,7829.85,7830.0,7823.15,7824.95,10:25:00,7795.86216383174,2,15
2016-04-13,7833.4,7835.6,7829.4,7829.8,10:30:00,7799.437195847764,2,16
2016-04-13,7840.05,7840.65,7833.35,7833.35,10:35:00,7803.305081957501,2,17
2016-04-13,7837.05,7842.95,7836.7,7839.85,10:40:00,7806.518883675834,2,18
2016-04-13,7838.3,7838.8,7835.15,7836.95,10:45:00,7809.545656659088,2,19
2016-04-13,7836.5,7839.95,7836.45,7838.45,10:50:00,7812.11273697727,2,20
2016-04-13,7833.4,7836.45,7830.75,7836.25,10:55:00,7814.140095360388,2,21
2016-04-13,7835.8,7837.2,7832.8,7833.15,11:00:00,7816.202943421303,2,22
2016-04-13,7833.3,7836.2,7832.0,7836.0,11:05:00,7817.831234524036,2,23
2016-04-13,7830.4,7834.05,7829.65,7832.05,11:10:00,7819.028259807461,2,24
2016-04-13,7829.65,7830.7,7827.15,7830.65,11:15:00,7820.039854111513,2,25
2016-04-13,7833.8,7835.25,7828.9,7830.0,11:20:00,7821.35034419613,2,26
2016-04-13,7830.95,7834.2,7829.8,7833.9,11:25:00,7822.264597129832,2,27
2016-04-13,7830.3,7832.85,7829.55,7831.15,11:30:00,7823.029873593658,2,28
2016-04-13,7831.25,7831.95,7829.55,7830.4,11:35:00,7823.812742775214,2,29
2016-04-13,7832.1,7834.7,7830.7,7831.45,11:40:00,7824.602005368051,2,30
2016-04-13,7833.0,7834.0,7830.3,7832.2,11:45:00,7825.401814380618,2,31
2016-04-13,7833.3,7834.65,7832.05,7832.8,11:50:00,7826.154022534844,2,32
2016-04-13,7833.35,7835.65,7832.95,7833.4,11:55:00,7826.839353722002,2,33
2016-04-13,7830.95,7833.7,7828.35,7833.5,12:00:00,7827.230843843716,2,34
2016-04-13,7829.35,7831.0,7827.65,7830.75,12:05:00,7827.432668239552,2,35
2016-04-13,7827.8,7829.8,7824.7,7828.75,12:10:00,7827.467652216737,2,36
2016-04-13,7830.0,7831.35,7826.35,7827.9,12:15:00,7827.708828196095,2,37
2016-04-13,7832.6,7832.8,7829.75,7830.1,12:20:00,7828.17465408218,2,38
2016-04-13,7831.0,7833.55,7830.35,7832.75,12:25:00,7828.443734645783,2,39
2016-04-13,7830.15,7835.1,7829.9,7831.05,12:30:00,7828.606236108089,2,40
2016-04-13,7832.85,7835.5,7829.75,7830.2,12:35:00,7829.010404097796,2,41
2016-04-13,7837.95,7839.25,7832.05,7832.95,12:40:00,7829.86179418372,2,42
2016-04-13,7840.2,7840.5,7837.6,7838.25,12:45:00,7830.846385213842,2,43
2016-04-13,7839.25,7841.4,7838.65,7840.15,12:50:00,7831.646729479191,2,44
2016-04-13,7837.2,7841.25,7836.2,7839.15,12:55:00,7832.175612385934,2,45
2016-04-13,7837.65,7838.55,7834.8,7836.95,13:00:00,7832.696982634892,2,46
2016-04-13,7839.15,7841.25,7837.25,7837.9,13:05:00,7833.311555717283,2,47
2016-04-13,7842.2,7843.6,7838.4,7838.95,13:10:00,7834.158074220399,2,48
2016-04-13,7846.55,7847.3,7841.0,7842.0,13:15:00,7835.33825762798,2,49
2016-04-13,7842.4,7848.15,7840.75,7846.0,13:20:00,7836.010804520553,2,50
2016-04-13,7842.35,7848.75,7841.75,7842.3,13:25:00,7836.614537423357,2,51
2016-04-13,7838.3,7847.75,7838.05,7842.25,13:30:00,7836.775057668752,2,52
2016-04-13,7836.45,7839.95,7835.0,7838.15,13:35:00,7836.744099795537,2,53
2016-04-13,7842.8,7843.55,7836.7,7836.7,13:40:00,7837.320852195962,2,54
2016-04-13,7845.4,7846.75,7842.5,7842.6,13:45:00,7838.090294843966,2,55
2016-04-13,7845.65,7847.55,7841.4,7845.15,13:50:00,7838.810266763588,2,56
2016-04-13,7837.45,7845.85,7837.25,7844.8,13:55:00,7838.680717548009,2,57
2016-04-13,7838.2,7840.1,7836.95,7837.6,14:00:00,7838.634934924389,2,58
2016-04-13,7830.7,7839.35,7830.7,7838.6,14:05:00,7837.879226836351,2,59
2016-04-13,7837.4,7837.9,7828.75,7830.1,14:10:00,7837.83358618527,2,60
2016-04-13,7838.75,7840.05,7834.15,7837.6,14:15:00,7837.920863691435,2,61
2016-04-13,7838.4,7839.35,7834.95,7838.55,14:20:00,7837.966495720822,2,62
2016-04-13,7845.8,7846.0,7837.25,7837.7,14:25:00,7838.7125437474115,2,63
2016-04-13,7853.55,7853.85,7844.3,7845.45,14:30:00,7840.125634819086,2,64
2016-04-13,7854.9,7854.9,7850.85,7853.5,14:35:00,7841.532717217268,2,65
2016-04-13,7859.55,7861.3,7852.0,7854.95,14:40:00,7843.248648910861,2,66
2016-04-13,7862.75,7863.75,7857.05,7859.5,14:45:00,7845.10592044316,2,67
2016-04-13,7855.1,7864.8,7855.1,7862.55,14:50:00,7846.057737543812,2,68
2016-04-13,7854.4,7855.75,7844.55,7854.8,14:55:00,7846.852238730116,2,69
2016-04-13,7856.15,7858.15,7852.5,7854.35,15:00:00,7847.737739803439,2,70
2016-04-13,7855.6,7858.1,7854.6,7856.05,15:05:00,7848.486526488825,2,71
2016-04-13,7848.65,7855.85,7847.15,7855.4,15:10:00,7848.502095394651,2,72
2016-04-13,7847.1,7850.65,7846.2,7848.05,15:15:00,7848.368562499923,2,73
2016-04-13,7847.95,7849.65,7845.4,7846.6,15:20:00,7848.328699404693,2,74
2016-04-13,7848.1,7849.1,7845.05,7848.2,15:25:00,7848.306918509008,2,75
2016-04-18,7858.35,7912.65,7858.35,7903.3,09:15:00,7849.263402460531,0,1
2016-04-18,7849.1,7858.0,7842.75,7858.0,09:20:00,7849.247840321434,0,2
2016-04-18,7859.3,7859.45,7846.5,7848.85,09:25:00,7850.205188862249,0,3
2016-04-18,7861.1,7864.9,7852.6,7859.2,09:30:00,7851.242789922988,0,4
2016-04-18,7862.65,7868.4,7860.35,7861.0,09:35:00,7852.329190882703,0,5
2016-04-18,7862.2,7867.1,7861.05,7863.45,09:40:00,7853.269267941493,0,6
2016-04-18,7859.75,7865.35,7858.65,7862.15,09:45:00,7853.886480518494,0,7
2016-04-18,7864.25,7864.4,7859.45,7859.5,09:50:00,7854.873482373876,0,8
2016-04-18,7869.95,7869.95,7864.25,7864.3,09:55:00,7856.309341195411,0,9
2016-04-18,7870.05,7873.2,7868.8,7870.1,10:00:00,7857.617975367277,0,10
2016-04-18,7872.0,7873.85,7868.45,7870.1,10:05:00,7858.987691998965,0,11
2016-04-18,7874.2,7875.55,7871.0,7871.85,10:10:00,7860.436483237158,0,12
2016-04-18,7879.8,7880.35,7874.15,7874.45,10:15:00,7862.280627690762,0,13
2016-04-18,7883.15,7883.45,7878.3,7879.4,10:20:00,7864.268186958308,0,14
2016-04-18,7884.1,7888.4,7882.55,7883.3,10:25:00,7866.156931057517,0,15
2016-04-18,7883.55,7885.5,7882.2,7884.2,10:30:00,7867.813413813944,0,16
2016-04-18,7890.75,7890.8,7883.75,7883.75,10:35:00,7869.997850593569,0,17
2016-04-18,7892.3,7896.1,7888.85,7890.7,10:40:00,7872.121864822752,0,18
2016-04-18,7885.75,7893.85,7884.95,7892.5,10:45:00,7873.41978245868,0,19
2016-04-18,7882.75,7891.15,7882.75,7885.85,10:50:00,7874.308374605473,0,20
2016-04-18,7886.3,7890.5,7882.7,7882.95,10:55:00,7875.450434166856,0,21
2016-04-18,7888.2,7888.75,7884.9,7886.15,11:00:00,7876.664678531917,0,22
2016-04-18,7889.35,7891.2,7886.15,7888.65,11:05:00,7877.87280438602,0,23
2016-04-18,7891.25,7895.4,7888.8,7889.25,11:10:00,7879.1468230159235,0,24
2016-04-18,7891.8,7893.2,7890.25,7891.65,11:15:00,7880.351887490598,0,25
2016-04-18,7887.0,7892.8,7885.8,7892.7,11:20:00,7880.9850410629215,0,26
2016-04-18,7884.85,7886.85,7883.2,7886.85,11:25:00,7881.3531323902625,0,27
2016-04-18,7876.15,7885.0,7874.7,7885.0,11:30:00,7880.857595972143,0,28
2016-04-18,7879.55,7879.95,7873.7,7875.7,11:35:00,7880.733063022415,0,29
2016-04-18,7879.8,7879.85,7876.5,7879.6,11:40:00,7880.644199877423,0,30
2016-04-18,7885.35,7885.45,7879.0,7879.85,11:45:00,7881.092371317668,0,31
2016-04-18,7888.1,7889.9,7883.85,7885.2,11:50:00,7881.759764525509,0,32
2016-04-18,7885.65,7891.6,7885.65,7887.85,11:55:00,7882.130263142127,0,33
2016-04-18,7882.85,7885.65,7879.7,7885.6,12:00:00,7882.198809509543,0,34
2016-04-18,7879.95,7882.95,7877.9,7882.95,12:05:00,7881.984637175301,0,35
2016-04-18,7876.85,7882.5,7876.1,7880.25,12:10:00,7881.495624110987,0,36
2016-04-18,7874.25,7877.75,7870.9,7877.1,12:15:00,7880.805564671845,0,37
2016-04-18,7878.0,7880.95,7873.55,7874.3,12:20:00,7880.53836803643,0,38
2016-04-18,7877.1,7880.05,7875.15,7878.35,12:25:00,7880.210904413913,0,39
2016-04-18,7876.05,7879.8,7872.55,7877.35,12:30:00,7879.814627803064,0,40
2016-04-18,7886.15,7886.15,7871.8,7875.85,12:35:00,7880.417996583725,0,41
2016-04-18,7888.45,7891.0,7884.2,7886.5,12:40:00,7881.182949290036,0,42
2016-04-18,7889.4,7894.9,7888.35,7888.8,12:45:00,7881.965525548127,0,43
2016-04-18,7890.85,7892.75,7884.65,7889.35,12:50:00,7882.811665972115,0,44
2016-04-18,7889.5,7893.9,7887.4,7891.15,12:55:00,7883.448650165247,0,45
2016-04-18,7893.85,7894.05,7888.9,7889.45,13:00:00,7884.4392549114145,0,46
2016-04-18,7899.2,7903.35,7893.5,7893.5,13:05:00,7885.845040157947,0,47
2016-04-18,7898.4,7900.2,7898.0,7899.1,13:10:00,7887.040750619095,0,48
2016-04-18,7896.15,7898.6,7894.0,7898.5,13:15:00,7887.908298179181,0,49
2016-04-18,7900.8,7901.05,7896.35,7896.35,13:20:00,7889.136079304973,0,50
2016-04-18,7904.15,7904.55,7900.7,7900.7,13:25:00,7890.565976514023,0,51
2016-04-18,7907.1,7907.1,7903.15,7903.95,13:30:00,7892.140645417449,0,52
2016-04-18,7906.95,7911.0,7906.55,7907.15,13:35:00,7893.551060139597,0,53
2016-04-18,7906.1,7907.55,7904.6,7906.9,13:40:00,7894.746197269159,0,54
2016-04-18,7904.3,7906.8,7902.45,7906.15,13:45:00,7895.656083243525,0,55
2016-04-18,7902.55,7904.75,7900.95,7904.2,13:50:00,7896.312646744142,0,56
2016-04-18,7896.75,7904.25,7896.6,7902.25,13:55:00,7896.354299435176,0,57
2016-04-18,7898.85,7898.95,7896.4,7897.0,14:00:00,7896.591985203254,0,58
2016-04-18,7899.55,7900.45,7897.25,7899.1,14:05:00,7896.873700898182,0,59
2016-04-18,7905.8,7909.05,7899.6,7899.6,14:10:00,7897.723824622164,0,60
2016-04-18,7905.5,7906.85,7902.65,7905.95,14:15:00,7898.464412753387,0,61
2016-04-18,7900.35,7907.25,7900.25,7907.25,14:20:00,7898.643992491159,0,62
2016-04-18,7897.1,7900.7,7896.3,7900.6,14:25:00,7898.49694558724,0,63
2016-04-18,7908.95,7911.15,7897.1,7897.4,14:30:00,7899.492474578931,0,64
2016-04-18,7901.15,7911.8,7900.3,7908.7,14:35:00,7899.650334142842,0,65
2016-04-18,7903.35,7903.85,7899.75,7901.9,14:40:00,7900.002683272095,0,66
2016-04-18,7899.7,7904.6,7898.75,7903.55,14:45:00,7899.973856293801,0,67
2016-04-18,7898.4,7903.2,7898.15,7899.3,14:50:00,7899.823965218201,0,68
2016-04-18,7894.0,7898.45,7890.75,7898.45,14:55:00,7899.269301864087,0,69
2016-04-18,7915.95,7915.95,7893.7,7894.1,15:00:00,7900.857939781792,0,70
2016-04-18,7914.0,7918.55,7913.35,7916.1,15:05:00,7902.109564564478,0,71
2016-04-18,7916.9,7918.4,7912.95,7913.45,15:10:00,7903.518177463099,0,72
2016-04-18,7915.3,7920.6,7915.3,7916.8,15:15:00,7904.640255799946,0,73
2016-04-18,7914.8,7916.9,7911.05,7915.55,15:20:00,7905.607850485666,0,74
2016-04-18,7907.8,7916.85,7906.95,7914.85,15:25:00,7905.816626629889,0,75
2016-04-20,7907.55,7945.25,7907.55,7945.25,09:15:00,7905.981709807995,2,1
2016-04-20,7921.25,7921.25,7906.7,7907.35,09:20:00,7907.435832683423,2,2
2016-04-20,7926.05,7926.55,7916.65,7921.0,09:25:00,7909.208610523097,2,3
2016-04-20,7929.6,7929.65,7924.0,7926.2,09:30:00,7911.150647616136,2,4
2016-04-20,7927.35,7935.35,7926.9,7929.7,09:35:00,7912.693443081266,2,5
2016-04-20,7938.1,7938.9,7926.65,7927.55,09:40:00,7915.113115168764,2,6
2016-04-20,7942.9,7943.4,7935.0,7937.55,09:45:00,7917.759485152691,2,7
2016-04-20,7940.95,7945.1,7940.05,7943.15,09:50:00,7919.968105614339,2,8
2016-04-20,7932.35,7941.35,7932.35,7941.35,09:55:00,7921.147333651068,2,9
2016-04-20,7929.05,7932.6,7928.9,7932.4,10:00:00,7921.899968541442,2,10
2016-04-20,7934.05,7935.2,7928.55,7929.0,10:05:00,7923.057114394638,2,11
2016-04-20,7930.65,7934.05,7929.55,7933.85,10:10:00,7923.780246357053,2,12
2016-04-20,7919.8,7931.6,7919.65,7930.55,10:15:00,7923.401175275429,2,13
2016-04-20,7921.8,7921.9,7914.6,7919.65,10:20:00,7923.248682392054,2,14
2016-04-20,7923.2,7924.4,7921.1,7921.5,10:25:00,7923.244045973764,2,15
2016-04-20,7917.1,7923.35,7916.95,7923.05,10:30:00,7922.658898738167,2,16
2016-04-20,7910.0,7917.25,7908.65,7917.25,10:35:00,7921.453289334532,2,17
2016-04-20,7906.35,7910.1,7901.85,7909.95,10:40:00,7920.014880826482,2,18
2016-04-20,7905.7,7906.1,7896.95,7906.0,10:45:00,7918.651558843007,2,19
2016-04-20,7906.6,7911.05,7904.85,7905.45,10:50:00,7917.503791334149,2,20
2016-04-20,7899.75,7909.0,7899.4,7906.55,10:55:00,7915.81295406423,2,21
2016-04-20,7895.5,7899.45,7891.5,7899.45,11:00:00,7913.878387010493,2,22
2016-04-20,7883.95,7899.45,7881.7,7896.0,11:05:00,7911.0280644380655,2,23
2016-04-20,7886.5,7888.65,7878.85,7884.4,11:10:00,7908.692058301107,2,24
2016-04-20,7884.5,7889.6,7883.75,7886.7,11:15:00,7906.38805274862,2,25
2016-04-20,7890.9,7893.75,7882.0,7884.55,11:20:00,7904.913000105894,2,26
2016-04-20,7889.4,7894.85,7889.4,7890.7,11:25:00,7903.43557152438,2,27
2016-04-20,7892.15,7892.55,7887.55,7889.35,11:30:00,7902.360755188724,2,28
2016-04-20,7895.4,7896.2,7890.9,7892.3,11:35:00,7901.697826123132,2,29
2016-04-20,7890.4,7899.2,7890.4,7895.6,11:40:00,7900.621842682833,2,30
2016-04-20,7890.3,7890.5,7886.85,7890.3,11:45:00,7899.638810046372,2,31
2016-04-20,7903.95,7904.65,7889.55,7889.9,11:50:00,7900.049399565765,2,32
2016-04-20,7900.0,7906.95,7899.65,7903.8,11:55:00,7900.044694845216,2,33
2016-04-20,7897.65,7900.15,7892.55,7900.15,12:00:00,7899.816628669481,2,34
2016-04-20,7895.9,7898.65,7894.8,7897.75,12:05:00,7899.443616415245,2,35
2016-04-20,7896.7,7897.0,7892.45,7895.35,12:10:00,7899.182319613793,2,36
2016-04-20,7900.35,7901.45,7894.8,7896.85,12:15:00,7899.293527269622,2,37
2016-04-20,7899.85,7901.8,7898.95,7900.1,12:20:00,7899.346524672515,2,38
2016-04-20,7903.95,7906.4,7899.0,7899.75,12:25:00,7899.784950894181,2,39
2016-04-20,7907.7,7909.5,7903.45,7903.65,12:30:00,7900.538765094735,2,40
2016-04-20,7901.2,7907.75,7901.2,7907.5,12:35:00,7900.601739847618,2,41
2016-04-20,7899.35,7903.0,7898.55,7901.1,12:40:00,7900.482526528797,2,42
2016-04-20,7882.85,7899.45,7881.55,7898.95,12:45:00,7898.803238287959,2,43
2016-04-20,7881.65,7884.75,7877.55,7883.1,12:50:00,7897.169596546249,2,44
2016-04-20,7890.8,7891.5,7881.1,7881.25,12:55:00,7896.562968303749,2,45
2016-04-20,7888.7,7895.45,7888.45,7891.1,13:00:00,7895.814114179582,2,46
2016-04-20,7896.8,7898.7,7888.45,7888.6,13:05:00,7895.908008067241,2,47
2016-04-20,7895.0,7897.95,7891.2,7896.7,13:10:00,7895.821531108456,2,48
2016-04-20,7896.2,7896.3,7891.1,7895.05,13:15:00,7895.857575764793,2,49
2016-04-20,7901.3,7902.35,7895.4,7895.9,13:20:00,7896.375901882432,2,50
2016-04-20,7905.25,7909.0,7900.55,7901.5,13:25:00,7897.221054084105,2,51
2016-04-20,7908.25,7912.3,7905.45,7905.45,13:30:00,7898.271429885619,2,52
2016-04-20,7916.1,7916.8,7906.75,7908.15,13:35:00,7899.969388944131,2,53
2016-04-20,7915.7,7921.15,7914.9,7916.3,13:40:00,7901.467542378024,2,54
2016-04-20,7915.0,7918.85,7914.05,7915.65,13:45:00,7902.756347865831,2,55
2016-04-20,7908.8,7915.05,7908.5,7914.5,13:50:00,7903.331933783371,2,56
2016-04-20,7905.9,7909.5,7905.6,7908.75,13:55:00,7903.576511518288,2,57
2016-04-20,7908.8,7909.85,7905.8,7905.8,14:00:00,7904.073986611784,2,58
2016-04-20,7913.25,7915.8,7910.2,7910.2,14:05:00,7904.947892648756,2,59
2016-04-20,7913.6,7915.3,7911.45,7913.55,14:10:00,7905.771902872684,2,60
2016-04-20,7906.4,7915.15,7906.4,7913.95,14:15:00,7905.831721646715,2,61
2016-04-20,7899.2,7906.7,7896.2,7906.45,14:20:00,7905.200129108933,2,62
2016-04-20,7903.75,7905.35,7899.05,7899.05,14:25:00,7905.0620215747485,2,63
2016-04-20,7913.45,7914.6,7903.85,7903.85,14:30:00,7905.860876662868,2,64
2016-04-20,7911.95,7915.95,7910.35,7913.5,14:35:00,7906.440793171166,2,65
2016-04-20,7910.35,7912.5,7907.35,7911.45,14:40:00,7906.813098583436,2,66
2016-04-20,7919.55,7919.75,7909.3,7910.45,14:45:00,7908.026136813585,2,67
2016-04-20,7911.2,7920.15,7909.8,7919.6,14:50:00,7908.328409498005,2,68
2016-04-20,7909.2,7911.7,7905.65,7911.35,14:55:00,7908.411418117243,2,69
2016-04-20,7916.15,7919.95,7909.5,7909.5,15:00:00,7909.1484259156,2,70
2016-04-20,7913.25,7920.0,7913.25,7916.0,15:05:00,7909.539052018877,2,71
2016-04-20,7911.45,7913.25,7906.7,7912.95,15:10:00,7909.721047064699,2,72
2016-04-20,7912.35,7915.3,7909.95,7911.4,15:15:00,7909.971423534727,2,73
2016-04-20,7918.2,7918.4,7910.85,7912.4,15:20:00,7910.755097483801,2,74
2016-04-20,7919.3,7920.35,7916.3,7918.3,15:25:00,7911.568897723439,2,75
2016-04-21,7971.8,7975.95,7953.6,7953.6,09:15:00,7917.305193178348,3,1
2016-04-21,7970.25,7978.45,7968.05,7972.1,09:20:00,7922.347555732791,3,2
2016-04-21,7963.05,7971.0,7962.45,7970.85,09:25:00,7926.223978996335,3,3
2016-04-21,7966.35,7970.25,7962.85,7963.1,09:30:00,7930.045504806208,3,4
2016-04-21,7975.15,7975.15,7964.4,7966.3,09:35:00,7934.3411710151395,3,5
2016-04-21,7972.8,7977.1,7972.2,7974.75,09:40:00,7938.003916632745,3,6
2016-04-21,7973.75,7976.8,7971.7,7972.3,09:45:00,7941.408305524864,3,7
2016-04-21,7972.2,7974.2,7970.2,7973.95,09:50:00,7944.340847855829,3,8
2016-04-21,7967.5,7972.95,7965.8,7972.65,09:55:00,7946.5464813933695,3,9
2016-04-21,7970.2,7970.35,7966.1,7967.35,10:00:00,7948.799197451144,3,10
2016-04-21,7970.95,7973.15,7969.7,7970.85,10:05:00,7950.908797693893,3,11
2016-04-21,7968.75,7972.6,7968.65,7971.15,10:10:00,7952.607959818284,3,12
2016-04-21,7952.15,7970.45,7952.0,7968.85,10:15:00,7952.564344597495,3,13
2016-04-21,7954.3,7954.85,7944.45,7952.5,10:20:00,7952.729645112019,3,14
2016-04-21,7956.2,7957.05,7953.15,7954.05,10:25:00,7953.060155101351,3,15
2016-04-21,7939.2,7957.35,7938.3,7956.15,10:30:00,7951.740140329794,3,16
2016-04-21,7936.9,7939.95,7930.0,7939.9,10:35:00,7950.326793631718,3,17
2016-04-21,7940.9,7942.6,7932.9,7937.2,10:40:00,7949.42900376203,3,18
2016-04-21,7943.55,7943.55,7936.5,7940.75,10:45:00,7948.869098641837,3,19
2016-04-21,7943.8,7944.2,7939.55,7943.75,10:50:00,7948.386327342614,3,20
2016-04-21,7937.95,7944.8,7937.85,7943.7,10:55:00,7947.392391405222,3,21
2016-04-21,7942.05,7942.05,7933.15,7937.5,11:00:00,7946.883592223772,3,22
2016-04-21,7944.5,7945.85,7940.9,7942.15,11:05:00,7946.656583440556,3,23
2016-04-21,7939.85,7945.15,7938.7,7944.75,11:10:00,7946.008337398598,3,24
2016-04-21,7942.0,7944.35,7938.55,7940.05,11:15:00,7945.626590979684,3,25
2016-04-21,7942.25,7945.1,7941.05,7942.05,11:20:00,7945.30501088638,3,26
2016-04-21,7944.65,7948.8,7941.8,7941.8,11:25:00,7945.242628897201,3,27
2016-04-21,7941.95,7946.2,7941.6,7944.8,11:30:00,7944.929045192705,3,28
2016-04-21,7942.55,7946.0,7941.6,7942.05,11:35:00,7944.702469460067,3,29
2016-04-21,7944.35,7946.45,7942.5,7942.75,11:40:00,7944.668900940061,3,30
2016-04-21,7945.4,7947.45,7944.5,7944.55,11:45:00,7944.738529421959,3,31
2016-04-21,7945.65,7948.25,7944.8,7945.55,11:50:00,7944.825336143678,3,32
2016-04-21,7945.25,7947.8,7941.95,7945.8,11:55:00,7944.865780320471,3,33
2016-04-21,7941.35,7945.75,7940.0,7945.1,12:00:00,7944.530944099473,3,34
2016-04-21,7937.4,7941.9,7935.25,7941.5,12:05:00,7943.85180656619,3,35
2016-04-21,7939.85,7939.85,7935.95,7937.5,12:10:00,7943.470682131315,3,36
2016-04-21,7936.85,7940.0,7933.6,7939.65,12:15:00,7942.840140975952,3,37
2016-04-21,7935.05,7937.05,7933.2,7937.0,12:20:00,7942.098222787767,3,38
2016-04-21,7929.85,7935.0,7927.55,7934.95,12:25:00,7940.931725379408,3,39
2016-04-21,7936.2,7936.55,7929.25,7929.75,12:30:00,7940.481084867083,3,40
2016-04-21,7932.75,7938.1,7932.5,7936.1,12:35:00,7939.744791070218,3,41
2016-04-21,7934.1,7935.85,7931.7,7932.6,12:40:00,7939.207191920674,3,42
2016-04-21,7929.55,7934.65,7924.7,7934.25,12:45:00,7938.2874593568,3,43
2016-04-21,7929.45,7933.3,7925.35,7929.25,12:50:00,7937.445796560914,3,44
2016-04-21,7931.45,7931.7,7927.15,7929.4,12:55:00,7936.874768317018,3,45
2016-04-21,7937.65,7938.65,7931.4,7931.4,13:00:00,7936.948599905872,3,46
2016-04-21,7938.5,7940.15,7936.2,7937.8,13:05:00,7937.09635229579,3,47
2016-04-21,7935.65,7938.65,7934.5,7938.65,13:10:00,7936.958604458096,3,48
2016-04-21,7937.4,7938.9,7935.4,7935.75,13:15:00,7937.0006421287535,3,49
2016-04-21,7934.1,7937.85,7933.6,7937.6,13:20:00,7936.724390497444,3,50
2016-04-21,7936.6,7936.6,7932.7,7933.65,13:25:00,7936.712543783402,3,51
2016-04-21,7936.7,7937.85,7934.65,7936.05,13:30:00,7936.711349137364,3,52
2016-04-21,7934.1,7937.7,7933.8,7936.55,13:35:00,7936.462649219519,3,53
2016-04-21,7937.45,7937.75,7934.2,7934.65,13:40:00,7936.556682627184,3,54
2016-04-21,7936.9,7944.4,7936.7,7937.5,13:45:00,7936.5893795198335,3,55
2016-04-21,7941.15,7942.2,7936.45,7936.6,13:50:00,7937.023724327469,3,56
2016-04-21,7940.6,7941.85,7939.2,7941.1,13:55:00,7937.364322010567,3,57
2016-04-21,7935.95,7941.6,7934.55,7940.45,14:00:00,7937.229624676227,3,58
2016-04-21,7933.3,7936.3,7928.75,7935.8,14:05:00,7936.855374707063,3,59
2016-04-21,7932.95,7933.5,7929.25,7933.05,14:10:00,7936.483434258771,3,60
2016-04-21,7934.15,7934.6,7930.2,7932.6,14:15:00,7936.261202424602,3,61
2016-04-21,7936.05,7938.75,7933.95,7934.05,14:20:00,7936.241087907973,3,62
2016-04-21,7937.9,7938.4,7934.8,7936.45,14:25:00,7936.399079535786,3,63
2016-04-21,7933.85,7937.65,7932.35,7937.3,14:30:00,7936.156310056188,3,64
2016-04-21,7932.2,7934.85,7931.35,7933.25,14:35:00,7935.779518622266,3,65
2016-04-21,7909.05,7931.75,7909.05,7931.75,14:40:00,7933.23385018205,3,66
2016-04-21,7895.35,7909.2,7884.1,7908.65,14:45:00,7929.625864450427,3,67
2016-04-21,7900.5,7901.6,7888.3,7894.7,14:50:00,7926.851972598006,3,68
2016-04-21,7899.35,7907.5,7898.45,7900.55,14:55:00,7924.232737112481,3,69
2016-04-21,7908.7,7911.0,7899.25,7899.25,15:00:00,7922.753428816054,3,70
2016-04-21,7917.9,7917.95,7907.65,7908.45,15:05:00,7922.291197500239,3,71
2016-04-21,7924.3,7924.4,7917.6,7917.7,15:10:00,7922.482512024026,3,72
2016-04-21,7917.95,7924.55,7913.65,7923.7,15:15:00,7922.050844212214,3,73
2016-04-21,7906.0,7918.45,7906.0,7918.2,15:20:00,7920.522192382479,3,74
2016-04-21,7897.0,7907.5,7896.3,7906.15,15:25:00,7918.281983584147,3,75
2016-04-22,7880.15,7899.15,7880.15,7891.5,09:15:00,7914.650366099943,4,1
2016-04-22,7888.65,7889.3,7873.35,7880.05,09:20:00,7912.174140757092,4,2
2016-04-22,7883.15,7894.4,7881.5,7888.75,09:25:00,7909.409936875463,4,3
2016-04-22,7885.1,7885.3,7879.45,7883.1,09:30:00,7907.094704792085,4,4
2016-04-22,7890.95,7893.2,7885.2,7885.2,09:35:00,7905.557113859506,4,5
2016-04-22,7893.8,7896.85,7887.55,7890.65,09:40:00,7904.43738873003,4,6
2016-04-22,7887.3,7894.4,7885.95,7894.0,09:45:00,7902.805256470027,4,7
2016-04-22,7888.35,7888.35,7881.35,7887.15,09:50:00,7901.428565377643,4,8
2016-04-22,7893.4,7893.9,7888.05,7888.05,09:55:00,7900.663940103582,4,9
2016-04-22,7903.9,7908.15,7893.2,7893.45,10:00:00,7900.972136284193,4,10
2016-04-22,7906.0,7910.95,7899.95,7904.1,10:05:00,7901.450980447603,4,11
2016-04-22,7905.15,7911.45,7905.15,7906.1,10:10:00,7901.803268024022,4,12
2016-04-22,7901.5,7905.55,7901.1,7904.75,10:15:00,7901.774385355067,4,13
2016-04-22,7901.55,7903.05,7897.6,7901.4,10:20:00,7901.753015321251,4,14
2016-04-22,7904.0,7907.0,7901.25,7901.4,10:25:00,7901.967013862084,4,15
2016-04-22,7909.6,7909.65,7903.65,7903.8,10:30:00,7902.693964922838,4,16
2016-04-22,7918.5,7920.65,7909.0,7909.45,10:35:00,7904.199301596853,4,17
2016-04-22,7913.8,7920.35,7913.3,7917.95,10:40:00,7905.113653825724,4,18
2016-04-22,7910.85,7914.65,7909.5,7913.9,10:45:00,7905.659972508989,4,19
2016-04-22,7908.95,7911.7,7908.75,7911.0,10:50:00,7905.973308460514,4,20
2016-04-22,7909.7,7909.7,7903.6,7908.7,10:55:00,7906.328231464275,4,21
2016-04-22,7906.35,7911.25,7906.2,7909.75,11:00:00,7906.330304658153,4,22
2016-04-22,7903.2,7909.05,7903.05,7906.55,11:05:00,7906.032180404995,4,23
2016-04-22,7902.9,7906.0,7901.35,7903.25,11:10:00,7905.733877509281,4,24
2016-04-22,7903.25,7904.85,7900.2,7902.25,11:15:00,7905.497317746493,4,25
2016-04-22,7901.85,7904.45,7900.7,7903.1,11:20:00,7905.149954151589,4,26
2016-04-22,7899.4,7905.5,7899.4,7901.65,11:25:00,7904.602339470485,4,27
2016-04-22,7902.0,7902.5,7897.85,7899.3,11:30:00,7904.354497616153,4,28
2016-04-22,7901.25,7905.1,7901.25,7902.15,11:35:00,7904.05883117652,4,29
2016-04-22,7902.5,7905.85,7899.7,7901.8,11:40:00,7903.91037106447,4,30
2016-04-22,7907.95,7908.95,7902.85,7902.95,11:45:00,7904.295097629759,4,31
2016-04-22,7907.4,7911.0,7906.25,7907.9,11:50:00,7904.5908026174,4,32
2016-04-22,7910.4,7912.9,7906.8,7907.3,11:55:00,7905.144059510982,4,33
2016-04-22,7916.8,7916.85,7907.15,7910.35,12:00:00,7906.254149081365,4,34
2016-04-22,7920.1,7923.35,7916.65,7916.75,12:05:00,7907.572801549806,4,35
2016-04-22,7918.65,7921.8,7917.15,7920.75,12:10:00,7908.627772830777,4,36
2016-04-22,7914.8,7918.5,7912.6,7918.5,12:15:00,7909.215603989751,4,37
2016-04-22,7913.45,7917.9,7913.05,7914.9,12:20:00,7909.618879800251,4,38
2016-04-22,7911.0,7915.15,7910.75,7914.1,12:25:00,7909.75041505737,4,39
2016-04-22,7909.85,7912.2,7907.95,7911.45,12:30:00,7909.75989933762,4,40
2016-04-22,7908.2,7910.7,7903.95,7909.9,12:35:00,7909.611337495942,4,41
2016-04-22,7909.55,7912.85,7905.0,7908.25,12:40:00,7909.605495829663,4,42
2016-04-22,7909.2,7911.1,7908.55,7909.3,12:45:00,7909.566877179219,4,43
2016-04-22,7914.85,7915.85,7908.95,7909.25,12:50:00,7910.0700317335795,4,44
2016-04-22,7915.85,7916.05,7911.1,7914.9,12:55:00,7910.62050490181,4,45
2016-04-22,7916.3,7918.55,7914.6,7915.45,13:00:00,7911.161409196876,4,46
2016-04-22,7909.65,7917.4,7909.5,7916.4,13:05:00,7911.01746546384,4,47
2016-04-22,7920.1,7920.35,7907.7,7909.7,13:10:00,7911.882468752999,4,48
2016-04-22,7916.6,7920.8,7915.9,7919.55,13:15:00,7912.331757443188,4,49
2016-04-22,7916.0,7916.65,7912.45,7916.65,13:20:00,7912.68111387717,4,50
2016-04-22,7916.95,7918.6,7913.3,7916.05,13:25:00,7913.087674460296,4,51
2016-04-22,7913.45,7917.65,7912.95,7917.25,13:30:00,7913.122181654553,4,52
2016-04-22,7903.0,7915.3,7902.05,7913.5,13:35:00,7912.158164354119,4,53
2016-04-22,7909.4,7909.4,7897.45,7902.75,13:40:00,7911.895482034679,4,54
2016-04-22,7908.55,7911.65,7907.1,7909.45,13:45:00,7911.576864698043,4,55
2016-04-22,7911.8,7914.2,7907.65,7908.1,13:50:00,7911.598115679182,4,56
2016-04-22,7914.8,7917.35,7911.8,7911.9,13:55:00,7911.90305704307,4,57
2016-04-22,7910.9,7916.4,7910.5,7915.0,14:00:00,7911.807527800873,4,58
2016-04-22,7905.95,7910.85,7904.3,7910.5,14:05:00,7911.249668010313,4,59
2016-04-22,7905.45,7907.2,7904.55,7905.5,14:10:00,7910.697318675997,4,60
2016-04-22,7892.4,7905.35,7890.15,7905.2,14:15:00,7908.95471689733,4,61
2016-04-22,7890.2,7894.95,7887.4,7892.8,14:20:00,7907.168553383299,4,62
2016-04-22,7889.35,7891.8,7884.05,7889.75,14:25:00,7905.471548299175,4,63
2016-04-22,7890.65,7892.1,7884.85,7889.25,14:30:00,7904.059972270682,4,64
2016-04-22,7887.9,7892.15,7884.85,7890.6,14:35:00,7902.520927292522,4,65
2016-04-22,7887.45,7889.1,7886.3,7887.65,14:40:00,7901.085600883711,4,66
2016-04-22,7897.5,7899.7,7887.4,7887.55,14:45:00,7900.744115085262,4,67
2016-04-22,7895.2,7898.05,7890.4,7897.4,14:50:00,7900.216104124761,4,68
2016-04-22,7893.4,7896.9,7893.2,7895.05,14:55:00,7899.566951350974,4,69
2016-04-22,7892.4,7897.05,7890.75,7893.85,15:00:00,7898.884384555642,4,70
2016-04-22,7900.6,7901.1,7892.5,7892.5,15:05:00,7899.0477765027235,4,71
2016-04-22,7900.85,7903.75,7898.65,7900.15,15:10:00,7899.219416835797,4,72
2016-04-22,7900.3,7903.1,7898.95,7901.25,15:15:00,7899.322329518101,4,73
2016-04-22,7903.1,7903.8,7897.7,7900.2,15:20:00,7899.682107659235,4,74
2016-04-22,7902.55,7905.25,7902.3,7902.8,15:25:00,7899.955240263117,4,75
2016-04-25,7895.9,7911.0,7894.6,7894.6,09:15:00,7899.569026904725,0,1
2016-04-25,7892.9,7901.15,7891.65,7895.95,09:20:00,7898.933881485227,0,2
2016-04-25,7902.6,7904.1,7892.05,7892.1,09:25:00,7899.283035629492,0,3
2016-04-25,7891.7,7905.15,7891.7,7903.0,09:30:00,7898.560841760016,0,4
2016-04-25,7873.0,7892.9,7873.0,7892.25,09:35:00,7896.12647587811,0,5
2016-04-25,7883.25,7883.25,7872.15,7872.8,09:40:00,7894.900144842099,0,6
2016-04-25,7876.95,7884.7,7875.65,7883.1,09:45:00,7893.190607238089,0,7
2016-04-25,7878.45,7878.95,7873.85,7876.8,09:50:00,7891.78673988208,0,8
2016-04-25,7883.15,7885.6,7878.05,7878.55,09:55:00,7890.964193226643,0,9
2016-04-25,7882.55,7884.5,7880.8,7882.95,10:00:00,7890.162841490772,0,10
2016-04-25,7875.15,7883.45,7874.65,7882.4,10:05:00,7888.733047063079,0,11
2016-04-25,7873.85,7876.85,7873.55,7875.1,10:10:00,7887.3156140094525,0,12
2016-04-25,7861.65,7874.75,7861.65,7873.75,10:15:00,7884.871269818076,0,13
2016-04-25,7861.35,7865.2,7856.45,7861.55,10:20:00,7882.631148883021,0,14
2016-04-25,7863.05,7865.15,7860.6,7861.4,10:25:00,7880.76627756083,0,15
2016-04-25,7862.25,7863.6,7856.25,7863.0,10:30:00,7879.002822555036,0,16
2016-04-25,7862.05,7865.85,7861.65,7862.6,10:35:00,7877.388268025985,0,17
2016-04-25,7864.6,7864.6,7859.15,7862.3,10:40:00,7876.170337737795,0,18
2016-04-25,7866.2,7867.65,7864.35,7864.8,10:45:00,7875.220781762768,0,19
2016-04-25,7855.9,7866.0,7854.5,7865.8,10:50:00,7873.380707309171,0,20
2016-04-25,7860.05,7861.9,7855.55,7855.95,10:55:00,7872.111116136869,0,21
2016-04-25,7860.95,7861.5,7857.75,7860.0,11:00:00,7871.048152695263,0,22
2016-04-25,7862.2,7866.55,7861.05,7861.05,11:05:00,7870.20547148619,0,23
2016-04-25,7856.25,7862.55,7853.85,7862.1,11:10:00,7868.876378963695,0,24
2016-04-25,7859.05,7860.2,7854.9,7856.1,11:15:00,7867.940533348105,0,25
2016-04-25,7861.7,7862.35,7858.45,7858.85,11:20:00,7867.346196838762,0,26
2016-04-25,7849.7,7862.05,7848.9,7861.65,11:25:00,7865.6656066636415,0,27
2016-04-25,7846.75,7849.6,7844.15,7849.6,11:30:00,7863.864120314724,0,28
2016-04-25,7850.55,7852.8,7846.3,7846.95,11:35:00,7862.596108856179,0,29
2016-04-25,7845.5,7853.1,7845.5,7850.65,11:40:00,7860.967908012733,0,30
2016-04-25,7843.8,7845.7,7841.55,7845.55,11:45:00,7859.3328691543775,0,31
2016-04-25,7848.1,7849.1,7843.8,7843.95,11:50:00,7858.263072092056,0,32
2016-04-25,7841.95,7849.9,7840.5,7847.95,11:55:00,7856.709446178527,0,33
2016-04-25,7853.95,7854.6,7842.25,7842.3,12:00:00,7856.4466417805725,0,34
2016-04-25,7854.05,7855.25,7850.6,7854.05,12:05:00,7856.218390182423,0,35
2016-04-25,7855.25,7859.45,7853.8,7854.45,12:10:00,7856.126162546002,0,36
2016-04-25,7854.9,7857.55,7854.15,7855.55,12:15:00,7856.009385160668,0,37
2016-04-25,7857.0,7857.3,7852.45,7854.85,12:20:00,7856.103729431081,0,38
2016-04-25,7854.45,7857.1,7853.3,7857.1,12:25:00,7855.946231390026,0,39
2016-04-25,7858.6,7859.0,7854.4,7854.4,12:30:00,7856.198971257642,0,40
2016-04-25,7854.9,7858.45,7851.5,7858.45,12:35:00,7856.075259709295,0,41
2016-04-25,7850.15,7853.8,7848.55,7853.65,12:40:00,7855.510949260791,0,42
2016-04-25,7847.0,7850.75,7846.8,7850.05,12:45:00,7854.700382664525,0,43
2016-04-25,7846.6,7847.9,7844.9,7846.75,12:50:00,7853.928917648856,0,44
2016-04-25,7845.35,7846.65,7841.95,7846.15,12:55:00,7853.111877872775,0,45
2016-04-25,7846.45,7849.4,7843.55,7845.3,13:00:00,7852.477413313462,0,46
2016-04-25,7847.5,7849.5,7843.5,7846.3,13:05:00,7852.003373950275,0,47
2016-04-25,7847.3,7848.2,7844.1,7847.25,13:10:00,7851.555433574059,0,48
2016-04-25,7843.85,7847.35,7840.95,7847.35,13:15:00,7850.821582757482,0,49
2016-04-25,7842.0,7845.05,7841.45,7843.7,13:20:00,7849.981432018675,0,50
2016-04-25,7836.3,7842.35,7834.75,7841.8,13:25:00,7848.678438493087,0,51
2016-04-25,7836.35,7836.65,7829.75,7836.15,13:30:00,7847.5043014937455,0,52
2016-04-25,7840.05,7841.3,7836.15,7836.15,13:35:00,7846.794368018151,0,53
2016-04-25,7840.8,7844.8,7839.75,7840.15,13:40:00,7846.223475825946,0,54
2016-04-25,7841.95,7845.35,7839.55,7840.85,13:45:00,7845.816478128237,0,55
2016-04-25,7840.95,7844.15,7837.65,7841.7,13:50:00,7845.353004020785,0,56
2016-04-25,7842.0,7842.3,7839.1,7840.55,13:55:00,7845.03367030452,0,57
2016-04-25,7837.7,7843.05,7837.7,7842.05,14:00:00,7844.335225513613,0,58
2016-04-25,7839.65,7839.7,7836.3,7837.45,14:05:00,7843.889013559936,0,59
2016-04-25,7842.5,7845.15,7839.2,7839.8,14:10:00,7843.7567265542275,0,60
2016-04-25,7847.8,7849.2,7842.35,7842.6,14:15:00,7844.14180021573,0,61
2016-04-25,7841.7,7849.85,7841.7,7847.7,14:20:00,7843.909247814231,0,62
2016-04-25,7840.35,7842.1,7838.3,7842.1,14:25:00,7843.5702718319235,0,63
2016-04-25,7838.5,7842.25,7838.5,7840.3,14:30:00,7843.087388800312,0,64
2016-04-25,7831.45,7838.95,7831.45,7838.9,14:35:00,7841.979066057425,0,65
2016-04-25,7828.2,7835.05,7827.0,7832.25,14:40:00,7840.666774051957,0,66
2016-04-25,7834.0,7834.0,7827.65,7828.6,14:45:00,7840.031843189865,0,67
2016-04-25,7844.35,7844.35,7833.25,7833.65,14:50:00,7840.443096219401,0,68
2016-04-25,7842.8,7845.15,7842.0,7844.0,14:55:00,7840.667563246125,0,69
2016-04-25,7848.4,7849.25,7840.75,7842.7,15:00:00,7841.403985794112,0,70
2016-04-25,7851.4,7855.5,7848.3,7848.3,15:05:00,7842.355987147054,0,71
2016-04-25,7850.7,7851.05,7846.7,7851.05,15:10:00,7843.150655037811,0,72
2016-04-25,7856.45,7856.45,7847.3,7850.75,15:15:00,7844.417259319925,0,73
2016-04-25,7863.05,7863.7,7856.55,7856.55,15:20:00,7846.191806051361,0,74
2016-04-25,7864.85,7866.25,7860.6,7862.8,15:25:00,7847.968776903612,0,75
2016-04-26,7833.75,7839.0,7822.9,7826.65,09:15:00,7846.614607674696,1,1
2016-04-26,7826.15,7834.2,7825.15,7834.05,09:20:00,7844.665597419964,1,2
2016-04-26,7833.7,7836.95,7826.2,7826.3,09:25:00,7843.621254808539,1,3
2016-04-26,7825.9,7834.05,7825.5,7833.65,09:30:00,7841.933516255344,1,4
2016-04-26,7830.05,7830.05,7822.55,7825.85,09:35:00,7840.801752802454,1,5
2016-04-26,7826.05,7830.1,7825.3,7829.35,09:40:00,7839.396823964124,1,6
2016-04-26,7830.1,7831.0,7824.9,7825.6,09:45:00,7838.511412158018,1,7
2016-04-26,7834.25,7836.0,7830.7,7830.7,09:50:00,7838.105563381064,1,8
2016-04-26,7839.4,7841.95,7834.2,7834.2,09:55:00,7838.228843059058,1,9
2016-04-26,7845.45,7848.2,7839.0,7839.2,10:00:00,7838.916572291529,1,10
2016-04-26,7845.85,7848.35,7844.1,7845.4,10:05:00,7839.576898739955,1,11
2016-04-26,7844.0,7845.75,7838.8,7845.75,10:10:00,7839.998146479007,1,12
2016-04-26,7846.15,7852.1,7843.65,7844.05,10:15:00,7840.58403729053,1,13
2016-04-26,7847.4,7849.25,7844.4,7845.95,10:20:00,7841.233176596194,1,14
2016-04-26,7845.85,7847.55,7845.1,7847.45,10:25:00,7841.672874063224,1,15
2016-04-26,7844.0,7846.95,7842.95,7845.9,10:30:00,7841.894505104822,1,16
2016-04-26,7840.6,7844.35,7840.3,7843.85,10:35:00,7841.771218904363,1,17
2016-04-26,7845.4,7845.8,7840.6,7840.8,10:40:00,7842.116817103948,1,18
2016-04-26,7847.7,7849.8,7845.2,7845.45,10:45:00,7842.648548808333,1,19
2016-04-26,7852.05,7852.3,7846.5,7847.65,10:50:00,7843.543925112302,1,20
2016-04-26,7851.55,7852.5,7850.05,7852.0,10:55:00,7844.306408434939,1,21
2016-04-26,7851.1,7855.9,7850.65,7851.25,11:00:00,7844.953417155421,1,22
2016-04-26,7852.9,7853.7,7850.5,7851.05,11:05:00,7845.710234569191,1,23
2016-04-26,7859.85,7860.75,7852.6,7852.8,11:10:00,7847.0568788959345,1,24
2016-04-26,7856.8,7859.7,7855.45,7859.35,11:15:00,7847.98479519156,1,25
2016-04-26,7856.1,7856.75,7853.35,7856.75,11:20:00,7848.757671839982,1,26
2016-04-26,7862.2,7862.95,7855.25,7856.3,11:25:00,7850.037893569507,1,27
2016-04-26,7859.65,7862.8,7859.45,7862.4,11:30:00,7850.953332277173,1,28
2016-04-26,7859.75,7860.85,7856.75,7859.55,11:35:00,7851.791110155538,1,29
2016-04-26,7864.65,7864.65,7859.25,7859.4,11:40:00,7853.015766331201,1,30
2016-04-26,7867.25,7868.75,7864.55,7864.7,11:45:00,7854.371407632992,1,31
2016-04-26,7863.05,7867.55,7862.75,7867.2,11:50:00,7855.197940239374,1,32
2016-04-26,7865.65,7867.7,7862.5,7863.2,11:55:00,7856.193374502291,1,33
2016-04-26,7863.5,7867.55,7863.5,7865.45,12:00:00,7856.88924359731,1,34
2016-04-26,7857.75,7863.45,7856.6,7863.45,12:05:00,7856.971220397567,1,35
2016-04-26,7863.1,7864.45,7857.5,7857.85,12:10:00,7857.554913693037,1,36
2016-04-26,7865.75,7866.65,7862.95,7863.0,12:15:00,7858.335398103224,1,37
2016-04-26,7863.8,7865.9,7863.05,7865.9,12:20:00,7858.855836379108,1,38
2016-04-26,7863.7,7865.55,7862.75,7863.5,12:25:00,7859.317185295384,1,39
2016-04-26,7902.05,7907.35,7863.65,7863.65,12:30:00,7863.386977172014,1,40
2016-04-26,7914.55,7914.55,7898.2,7901.5,12:35:00,7868.259646012774,1,41
2016-04-26,7924.2,7933.75,7915.25,7915.45,12:40:00,7873.587298773463,1,42
2016-04-26,7918.85,7928.4,7918.15,7924.05,12:45:00,7877.898032223609,1,43
2016-04-26,7929.55,7932.25,7918.6,7918.6,12:50:00,7882.817267249932,1,44
2016-04-26,7932.0,7932.8,7922.55,7928.8,12:55:00,7887.501337035653,1,45
2016-04-26,7951.85,7954.95,7932.0,7932.2,13:00:00,7893.629781127495,1,46
2016-04-26,7949.0,7954.35,7948.0,7951.1,13:05:00,7898.903135305829,1,47
2016-04-26,7938.7,7950.2,7938.2,7948.7,13:10:00,7902.69331289575,1,48
2016-04-26,7947.4,7951.35,7939.0,7939.0,13:15:00,7906.951092619964,1,49
2016-04-26,7956.2,7958.4,7946.45,7947.3,13:20:00,7911.641464751396,1,50
2016-04-26,7960.2,7966.45,7955.35,7956.25,13:25:00,7916.266087156025,1,51
2016-04-26,7963.3,7964.75,7956.7,7959.65,13:30:00,7920.74550742688,1,52
2016-04-26,7955.0,7964.55,7954.4,7963.5,13:35:00,7924.007840052892,1,53
2016-04-26,7959.8,7963.0,7953.1,7954.95,13:40:00,7927.416617190712,1,54
2016-04-26,7956.25,7959.8,7951.9,7959.65,13:45:00,7930.162653648739,1,55
2016-04-26,7955.65,7957.75,7951.2,7956.15,13:50:00,7932.590019967907,1,56
2016-04-26,7960.4,7962.5,7953.7,7955.6,13:55:00,7935.238589494773,1,57
2016-04-26,7961.65,7965.45,7959.7,7960.05,14:00:00,7937.753961923842,1,58
2016-04-26,7965.55,7967.55,7960.35,7961.35,14:05:00,7940.401203645381,1,59
2016-04-26,7963.8,7966.45,7962.25,7965.5,14:10:00,7942.629660441059,1,60
2016-04-26,7963.75,7964.65,7960.25,7963.95,14:15:00,7944.641121351434,1,61
2016-04-26,7962.6,7964.65,7960.55,7963.5,14:20:00,7946.351490746536,1,62
2016-04-26,7963.9,7966.7,7962.7,7962.8,14:25:00,7948.022777342104,1,63
2016-04-26,7952.4,7964.05,7950.55,7964.05,14:30:00,7948.439655690475,1,64
2016-04-26,7957.6,7960.05,7952.2,7953.3,14:35:00,7949.31206943424,1,65
2016-04-26,7959.25,7960.4,7956.1,7957.1,14:40:00,7950.258539011931,1,66
2016-04-26,7963.9,7967.35,7958.4,7958.95,14:45:00,7951.557725772699,1,67
2016-04-26,7962.1,7966.45,7960.65,7964.15,14:50:00,7952.561751889585,1,68
2016-04-26,7965.8,7966.0,7960.9,7962.0,14:55:00,7953.82253742391,1,69
2016-04-26,7969.55,7972.3,7965.25,7966.15,15:00:00,7955.320391002585,1,70
2016-04-26,7970.95,7974.5,7969.65,7970.75,15:05:00,7956.808925192815,1,71
2016-04-26,7965.15,7971.3,7964.1,7970.7,15:10:00,7957.603313269689,1,72
2016-04-26,7953.9,7967.8,7953.9,7964.7,15:15:00,7957.250616767814,1,73
2016-04-26,7952.75,7956.85,7952.1,7954.1,15:20:00,7956.821986599451,1,74
2016-04-26,7955.4,7956.25,7952.5,7952.95,15:25:00,7956.686559304265,1,75
2016-04-27,7963.25,7964.95,7940.55,7940.75,09:15:00,7957.311648894334,2,1
2016-04-27,7973.15,7974.45,7962.6,7963.7,09:20:00,7958.820063285349,2,2
2016-04-27,7969.1,7974.75,7966.4,7973.0,09:25:00,7959.799104877221,2,3
2016-04-27,7957.55,7970.75,7957.25,7969.3,09:30:00,7959.584904412724,2,4
2016-04-27,7963.65,7964.1,7956.2,7957.2,09:35:00,7959.972056373417,2,5
2016-04-27,7967.85,7968.9,7960.7,7963.95,09:40:00,7960.722336718805,2,6
2016-04-27,7972.3,7972.5,7965.6,7968.1,09:45:00,7961.824971317014,2,7
2016-04-27,7973.7,7975.5,7969.05,7972.65,09:50:00,7962.955926429679,2,8
2016-04-27,7971.95,7975.05,7971.95,7973.85,09:55:00,7963.812504864948,2,9
2016-04-27,7981.35,7982.55,7971.65,7972.05,10:00:00,7965.482742496858,2,10
2016-04-27,7977.2,7983.0,7976.7,7981.05,10:05:00,7966.598671782872,2,11
2016-04-27,7979.15,7980.55,7977.05,7977.1,10:10:00,7967.794036374979,2,12
2016-04-27,7983.6,7984.8,7978.85,7979.25,10:15:00,7969.299366244029,2,13
2016-04-27,7978.8,7983.6,7978.45,7983.55,10:20:00,7970.204188506503,2,14
2016-04-27,7981.2,7981.5,7978.0,7979.0,10:25:00,7971.251408648741,2,15
2016-04-27,7969.75,7981.0,7969.4,7981.0,10:30:00,7971.108417348861,2,16
2016-04-27,7962.8,7971.5,7962.8,7969.5,10:35:00,7970.317139506113,2,17
2016-04-27,7968.75,7971.0,7960.25,7962.35,10:40:00,7970.167888124578,2,18
2016-04-27,7959.25,7969.1,7958.7,7968.65,10:45:00,7969.128089255571,2,19
2016-04-27,7959.3,7960.5,7955.15,7959.15,10:50:00,7968.19208075504,2,20
2016-04-27,7960.75,7963.6,7956.45,7959.05,10:55:00,7967.483311159322,2,21
2016-04-27,7964.8,7965.25,7959.35,7960.8,11:00:00,7967.227757715576,2,22
2016-04-27,7968.15,7968.7,7963.95,7964.9,11:05:00,7967.315590314093,2,23
2016-04-27,7972.0,7972.1,7968.1,7968.1,11:10:00,7967.761724569894,2,24
2016-04-27,7969.6,7972.95,7967.85,7972.25,11:15:00,7967.93679842038,2,25
2016-04-27,7963.8,7970.65,7961.6,7969.35,11:20:00,7967.542817618439,2,26
2016-04-27,7964.75,7969.0,7963.4,7963.9,11:25:00,7967.276834988112,2,27
2016-04-27,7964.85,7965.85,7961.85,7964.7,11:30:00,7967.045707846387,2,28
2016-04-27,7962.95,7965.05,7961.55,7964.9,11:35:00,7966.655640432446,2,29
2016-04-27,7966.7,7967.3,7962.5,7963.05,11:40:00,7966.659865153165,2,30
2016-04-27,7970.95,7971.3,7965.9,7966.6,11:45:00,7967.068449424292,2,31
2016-04-27,7969.9,7971.2,7967.9,7970.8,11:50:00,7967.338120907692,2,32
2016-04-27,7970.35,7971.65,7968.4,7970.25,11:55:00,7967.624966535531,2,33
2016-04-27,7975.25,7975.25,7970.6,7970.8,12:00:00,7968.351160198814,2,34
2016-04-27,7971.15,7978.1,7971.1,7974.95,12:05:00,7968.617716370355,2,35
2016-04-27,7973.2,7973.65,7970.65,7971.35,12:10:00,7969.0541243350835,2,36
2016-04-27,7974.1,7975.55,7971.25,7973.05,12:15:00,7969.534683922218,2,37
2016-04-27,7977.1,7977.4,7973.95,7974.2,12:20:00,7970.255190215341,2,38
2016-04-27,7984.05,7984.7,7976.6,7977.2,12:25:00,7971.5689816234035,2,39
2016-04-27,7979.3,7984.95,7974.65,7984.0,12:30:00,7972.305269087841,2,40
2016-04-27,7980.4,7982.55,7977.9,7979.35,12:35:00,7973.07619584138,2,41
2016-04-27,7977.55,7980.75,7976.35,7980.2,12:40:00,7973.502272427915,2,42
2016-04-27,7973.8,7978.25,7973.2,7977.95,12:45:00,7973.53062743478,2,43
2016-04-27,7972.85,7975.3,7971.2,7973.85,12:50:00,7973.465805774325,2,44
2016-04-27,7973.75,7975.1,7972.05,7972.7,12:55:00,7973.492871891056,2,45
2016-04-27,7975.25,7975.3,7973.0,7973.4,13:00:00,7973.660217425241,2,46
2016-04-27,7976.35,7976.45,7973.2,7975.3,13:05:00,7973.916387194266,2,47
2016-04-27,7979.7,7979.9,7975.25,7976.7,13:10:00,7974.467207461479,2,48
2016-04-27,7977.6,7980.1,7974.6,7979.8,13:15:00,7974.765568655624,2,49
2016-04-27,7986.9,7986.9,7976.0,7977.2,13:20:00,7975.921228783659,2,50
2016-04-27,7989.4,7989.4,7984.25,7986.2,13:25:00,7977.204921280453,2,51
2016-04-27,7987.85,7991.0,7986.7,7989.25,13:30:00,7978.218738301362,2,52
2016-04-27,7984.35,7989.5,7984.15,7987.6,13:35:00,7978.802667986947,2,53
2016-04-27,7978.35,7984.6,7977.8,7984.2,13:40:00,7978.759556750096,2,54
2016-04-27,7970.0,7978.45,7966.4,7978.4,13:45:00,7977.925313250087,2,55
2016-04-27,7976.7,7977.55,7970.3,7970.3,13:50:00,7977.808616750079,2,56
2016-04-27,7975.35,7977.9,7973.75,7976.0,13:55:00,7977.57446277388,2,57
2016-04-27,7968.15,7975.45,7967.5,7975.2,14:00:00,7976.676894890654,2,58
2016-04-27,7967.45,7968.15,7960.95,7968.05,14:05:00,7975.798142996306,2,59
2016-04-27,7968.45,7971.1,7966.6,7967.35,14:10:00,7975.0983198538,2,60
2016-04-27,7965.95,7969.25,7962.95,7969.25,14:15:00,7974.227051296295,2,61
2016-04-27,7976.35,7978.4,7966.1,7966.1,14:20:00,7974.429236887124,2,62
2016-04-27,7976.25,7977.15,7972.25,7976.4,14:25:00,7974.602642897874,2,63
2016-04-27,7971.2,7978.7,7970.9,7975.85,14:30:00,7974.278581669505,2,64
2016-04-27,7970.05,7973.8,7968.45,7971.05,14:35:00,7973.875859605743,2,65
2016-04-27,7977.05,7977.05,7968.7,7970.1,14:40:00,7974.178158690911,2,66
2016-04-27,7975.65,7979.0,7974.4,7977.35,14:45:00,7974.318334053681,2,67
2016-04-27,7974.2,7977.05,7972.2,7975.45,14:50:00,7974.307064143806,2,68
2016-04-27,7975.95,7977.7,7973.9,7974.8,14:55:00,7974.463534225349,2,69
2016-04-27,7978.0,7979.75,7975.75,7976.15,15:00:00,7974.800340489602,2,70
2016-04-27,7983.7,7986.35,7978.2,7978.3,15:05:00,7975.64792710964,2,71
2016-04-27,7980.2,7985.8,7980.2,7983.6,15:10:00,7976.0814578611025,2,72
2016-04-27,7978.45,7980.95,7975.25,7980.0,15:15:00,7976.307033302903,2,73
2016-04-27,7979.85,7980.15,7976.8,7978.6,15:20:00,7976.644458702626,2,74
2016-04-27,7976.75,7980.5,7976.4,7980.0,15:25:00,7976.654510254757,2,75
2016-04-28,7973.3,7978.35,7959.1,7965.45,09:15:00,7976.335033087637,3,1
2016-04-28,7987.05,7990.2,7973.25,7973.25,09:20:00,7977.35550612691,3,2
2016-04-28,7981.8,7986.9,7977.8,7986.9,09:25:00,7977.77879125768,3,3
2016-04-28,7976.15,7985.55,7975.85,7981.65,09:30:00,7977.6236682807585,3,4
2016-04-28,7976.8,7977.75,7974.1,7976.9,09:35:00,7977.545223682591,3,5
2016-04-28,7979.15,7981.3,7976.65,7976.65,09:40:00,7977.698059522345,3,6
2016-04-28,7977.75,7980.15,7977.45,7978.75,09:45:00,7977.703006234502,3,7
2016-04-28,7985.75,7985.75,7977.35,7977.8,09:50:00,7978.469386593121,3,8
2016-04-28,7983.15,7986.65,7983.0,7985.15,09:55:00,7978.915159298538,3,9
2016-04-28,7990.3,7992.0,7982.7,7983.65,10:00:00,7979.999429841535,3,10
2016-04-28,7987.5,7991.15,7985.3,7990.25,10:05:00,7980.713769856627,3,11
2016-04-28,7987.45,7987.65,7983.85,7987.6,10:10:00,7981.355315584567,3,12
2016-04-28,7986.0,7987.45,7983.95,7987.2,10:15:00,7981.797666481274,3,13
2016-04-28,7980.7,7987.7,7980.1,7985.7,10:20:00,7981.693126816391,3,14
2016-04-28,7979.05,7982.75,7978.6,7980.5,10:25:00,7981.441400452924,3,15
2016-04-28,7974.1,7979.4,7972.5,7979.25,10:30:00,7980.742219457408,3,16
2016-04-28,7977.2,7977.95,7973.55,7974.7,10:35:00,7980.40486522337,3,17
2016-04-28,7970.2,7977.3,7969.65,7977.3,10:40:00,7979.432973297335,3,18
2016-04-28,7967.5,7973.6,7967.4,7971.0,10:45:00,7978.2964996499695,3,19
2016-04-28,7962.6,7967.45,7960.0,7967.45,10:50:00,7976.8015949214,3,20
2016-04-28,7967.35,7970.0,7960.65,7962.7,10:55:00,7975.901443024124,3,21
2016-04-28,7963.2,7967.65,7962.5,7967.4,11:00:00,7974.691781783731,3,22
2016-04-28,7944.55,7963.05,7942.9,7962.85,11:05:00,7971.821135899566,3,23
2016-04-28,7931.15,7947.85,7930.75,7944.7,11:10:00,7967.947694385322,3,24
2016-04-28,7938.75,7941.55,7931.55,7931.55,11:15:00,7965.16696158672,3,25
2016-04-28,7919.55,7939.0,7919.0,7938.95,11:20:00,7960.822489054652,3,26
2016-04-28,7925.95,7926.05,7908.4,7918.75,11:25:00,7957.501299620876,3,27
2016-04-28,7919.65,7925.9,7914.25,7925.65,11:30:00,7953.896413942697,3,28
2016-04-28,7924.9,7929.4,7919.0,7919.55,11:35:00,7951.134850710059,3,29
2016-04-28,7918.2,7925.0,7915.85,7924.85,11:40:00,7947.998198261483,3,30
2016-04-28,7926.2,7926.9,7918.05,7918.25,11:45:00,7945.922179379437,3,31
2016-04-28,7931.4,7933.2,7926.15,7926.15,11:50:00,7944.539114676633,3,32
2016-04-28,7928.1,7934.1,7924.85,7931.55,11:55:00,7942.9734847074305,3,33
2016-04-28,7929.0,7930.8,7925.05,7928.15,12:00:00,7941.642676640056,3,34
2016-04-28,7924.1,7930.9,7923.6,7928.6,12:05:00,7939.97194553148,3,35
2016-04-28,7925.25,7925.7,7921.9,7924.2,12:10:00,7938.569855480862,3,36
2016-04-28,7919.4,7926.35,7914.95,7926.35,12:15:00,7936.744154958876,3,37
2016-04-28,7907.7,7920.4,7907.7,7919.15,12:20:00,7933.978044962792,3,38
2016-04-28,7905.25,7913.15,7904.75,7907.85,12:25:00,7931.242040680621,3,39
2016-04-28,7901.15,7905.95,7895.65,7905.2,12:30:00,7928.376132044372,3,40
2016-04-28,7899.95,7904.85,7898.8,7901.2,12:35:00,7925.668881373479,3,41
2016-04-28,7901.3,7901.35,7895.55,7900.35,12:40:00,7923.3480355283855,3,42
2016-04-28,7896.25,7902.0,7893.95,7901.7,12:45:00,7920.767270239968,3,43
2016-04-28,7909.8,7909.8,7896.85,7896.85,12:50:00,7919.722768312352,3,44
2016-04-28,7917.3,7918.65,7910.1,7910.1,12:55:00,7919.49202847308,3,45
2016-04-28,7915.85,7917.95,7912.45,7917.8,13:00:00,7919.1451686185,3,46
2016-04-28,7902.45,7916.25,7901.4,7916.25,13:05:00,7917.555152559596,3,47
2016-04-28,7903.55,7906.4,7900.6,7902.4,13:10:00,7916.221328506301,3,48
2016-04-28,7906.5,7906.5,7902.9,7903.5,13:15:00,7915.295487696177,3,49
2016-04-28,7902.0,7909.4,7901.5,7906.8,13:20:00,7914.029250772731,3,50
2016-04-28,7901.8,7906.55,7901.8,7902.05,13:25:00,7912.864560222947,3,51
2016-04-28,7898.3,7903.45,7896.3,7901.85,13:30:00,7911.477459249334,3,52
2016-04-28,7900.05,7900.3,7892.65,7898.6,13:35:00,7910.389129797017,3,53
2016-04-28,7897.8,7900.0,7895.35,7900.0,13:40:00,7909.190165054444,3,54
2016-04-28,7899.25,7899.35,7895.05,7898.1,13:45:00,7908.243482668307,3,55
2016-04-28,7903.05,7905.2,7899.2,7899.2,13:50:00,7907.748865271325,3,56
2016-04-28,7902.55,7903.75,7899.2,7903.15,13:55:00,7907.253735245485,3,57
2016-04-28,7898.45,7903.35,7898.35,7902.5,14:00:00,7906.415284269725,3,58
2016-04-28,7887.05,7898.4,7885.7,7898.25,14:05:00,7904.570971482131,3,59
2016-04-28,7882.3,7888.75,7876.05,7886.45,14:10:00,7902.449926579071,3,60
2016-04-28,7882.0,7885.4,7881.45,7882.5,14:15:00,7900.502314523922,3,61
2016-04-28,7874.8,7882.35,7869.7,7881.9,14:20:00,7898.054475045454,3,62
2016-04-28,7872.15,7878.5,7868.55,7875.2,14:25:00,7895.587382183982,3,63
2016-04-28,7873.5,7876.8,7871.15,7872.65,14:30:00,7893.483821975984,3,64
2016-04-28,7876.25,7879.95,7872.35,7873.7,14:35:00,7891.842505597319,3,65
2016-04-28,7867.45,7876.65,7866.2,7876.65,14:40:00,7889.519409826145,3,66
2016-04-28,7868.85,7870.75,7866.5,7867.35,14:45:00,7887.550894604608,3,67
2016-04-28,7871.25,7871.45,7865.3,7868.6,14:50:00,7885.998428451789,3,68
2016-04-28,7872.45,7874.4,7871.2,7871.4,14:55:00,7884.708101932571,3,69
2016-04-28,7851.25,7876.8,7850.5,7873.1,15:00:00,7881.521616034231,3,70
2016-04-28,7848.7,7853.55,7845.0,7851.85,15:05:00,7878.395747840495,3,71
2016-04-28,7845.15,7850.65,7841.0,7848.65,15:10:00,7875.229486141399,3,72
2016-04-28,7837.65,7844.45,7834.45,7844.2,15:15:00,7871.650487461266,3,73
2016-04-28,7848.75,7849.85,7837.7,7837.95,15:20:00,7869.469488655431,3,74
2016-04-28,7851.05,7851.6,7845.05,7848.7,15:25:00,7867.715251640628,3,75
2016-04-29,7838.2,7843.1,7831.6,7841.5,09:15:00,7864.904275293901,4,1
2016-04-29,7837.1,7848.0,7829.85,7838.4,09:20:00,7862.256249075434,4,2
2016-04-29,7825.75,7837.3,7821.8,7837.25,09:25:00,7858.779463449203,4,3
2016-04-29,7838.05,7839.5,7824.2,7825.8,09:30:00,7856.805228834994,4,4
2016-04-29,7841.35,7844.5,7838.05,7838.4,09:35:00,7855.33330227928,4,5
2016-04-29,7868.7,7868.7,7838.65,7841.55,09:40:00,7856.606321109824,4,6
2016-04-29,7887.35,7887.35,7863.4,7869.45,09:45:00,7859.534290527937,4,7
2016-04-29,7881.65,7888.9,7877.75,7887.4,09:50:00,7861.640548572895,4,8
2016-04-29,7876.9,7889.05,7876.6,7881.8,09:55:00,7863.09382966119,4,9
2016-04-29,7873.95,7878.35,7872.7,7876.4,10:00:00,7864.127750645838,4,10
2016-04-29,7862.6,7875.05,7862.6,7873.55,10:05:00,7863.982250584329,4,11
2016-04-29,7865.1,7866.85,7859.25,7863.45,10:10:00,7864.088702909631,4,12
2016-04-29,7867.85,7876.65,7864.35,7864.45,10:15:00,7864.446921680143,4,13
2016-04-29,7859.05,7868.05,7858.15,7867.8,10:20:00,7863.932929139177,4,14
2016-04-29,7862.1,7865.8,7857.95,7858.85,10:25:00,7863.758364459255,4,15
2016-04-29,7851.75,7862.1,7845.9,7862.05,10:30:00,7862.614710701231,4,16
2016-04-29,7847.95,7851.55,7837.6,7851.55,10:35:00,7861.218071586828,4,17
2016-04-29,7862.9,7864.25,7846.45,7847.2,10:40:00,7861.378255245225,4,18
2016-04-29,7864.5,7872.9,7862.15,7863.15,10:45:00,7861.675564269489,4,19
2016-04-29,7869.0,7869.0,7863.75,7864.7,10:50:00,7862.373129577157,4,20
2016-04-29,7857.85,7869.35,7856.55,7869.25,10:55:00,7861.942355331714,4,21
2016-04-29,7865.95,7872.3,7856.9,7858.0,11:00:00,7862.324035776312,4,22
2016-04-29,7863.75,7865.8,7859.7,7865.45,11:05:00,7862.4598418928545,4,23
2016-04-29,7859.15,7863.8,7855.95,7863.8,11:10:00,7862.14461885544,4,24
2016-04-29,7859.1,7863.55,7857.65,7859.35,11:15:00,7861.854655154922,4,25
2016-04-29,7860.75,7862.5,7857.95,7858.7,11:20:00,7861.749449902072,4,26
2016-04-29,7852.65,7860.95,7852.5,7860.85,11:25:00,7860.882835625684,4,27
2016-04-29,7848.7,7852.35,7842.5,7852.25,11:30:00,7859.722565566096,4,28
2016-04-29,7852.8,7854.1,7848.25,7848.25,11:35:00,7859.06327360742,4,29
2016-04-29,7853.95,7856.35,7851.7,7852.95,11:40:00,7858.576295168618,4,30
2016-04-29,7847.3,7854.0,7845.85,7853.75,11:45:00,7857.502362295417,4,31
2016-04-29,7855.15,7855.3,7846.7,7846.8,11:50:00,7857.278327791091,4,32
2016-04-29,7852.5,7861.0,7851.45,7855.1,11:55:00,7856.823248953845,4,33
2016-04-29,7851.05,7854.7,7845.15,7852.65,12:00:00,7856.273415720145,4,34
2016-04-29,7848.55,7859.35,7848.55,7850.85,12:05:00,7855.537852318226,4,35
2016-04-29,7837.3,7848.7,7836.6,7848.6,12:10:00,7853.800914002204,4,36
2016-04-29,7843.3,7843.35,7835.4,7837.75,12:15:00,7852.800826954375,4,37
2016-04-29,7843.2,7845.0,7838.15,7843.8,12:20:00,7851.886462482529,4,38
2016-04-29,7841.7,7844.1,7836.35,7843.3,12:25:00,7850.9163231984785,4,39
2016-04-29,7841.95,7845.4,7836.1,7841.45,12:30:00,7850.0623876557665,4,40
2016-04-29,7843.75,7845.25,7837.45,7842.1,12:35:00,7849.461207879027,4,41
2016-04-29,7840.75,7851.45,7840.65,7843.65,12:40:00,7848.631569033406,4,42
2016-04-29,7826.75,7840.9,7826.1,7840.65,12:45:00,7846.547610077843,4,43
2016-04-29,7825.4,7827.3,7821.1,7825.95,12:50:00,7844.533551975192,4,44
2016-04-29,7809.85,7826.0,7808.55,7825.1,12:55:00,7841.230356548983,4,45
2016-04-29,7796.3,7810.35,7795.4,7809.45,13:00:00,7836.951274972889,4,46
2016-04-29,7803.05,7805.25,7795.0,7796.6,13:05:00,7833.722582118328,4,47
2016-04-29,7808.2,7810.45,7802.6,7802.6,13:10:00,7831.291860011821,4,48
2016-04-29,7797.9,7808.0,7796.25,7808.0,13:15:00,7828.111682867838,4,49
2016-04-29,7793.05,7800.75,7788.7,7797.85,13:20:00,7824.772474975663,4,50
2016-04-29,7808.0,7808.0,7790.35,7793.15,13:25:00,7823.175096406552,4,51
2016-04-29,7803.9,7811.95,7803.45,7808.3,13:30:00,7821.339372939262,4,52
2016-04-29,7801.8,7804.4,7795.6,7803.7,13:35:00,7819.47848027838,4,53
2016-04-29,7804.4,7806.0,7800.05,7802.0,13:40:00,7818.042434537581,4,54
2016-04-29,7804.65,7808.8,7801.2,7804.5,13:45:00,7816.766964581621,4,55
2016-04-29,7796.95,7805.4,7796.95,7804.55,13:50:00,7814.879634621467,4,56
2016-04-29,7800.9,7802.7,7796.4,7796.65,13:55:00,7813.548240847994,4,57
2016-04-29,7799.9,7806.95,7798.2,7801.8,14:00:00,7812.24840838628,4,58
2016-04-29,7808.85,7808.85,7790.5,7800.1,14:05:00,7811.924750444729,4,59
2016-04-29,7811.95,7827.5,7809.25,7809.25,14:10:00,7811.927155164279,4,60
2016-04-29,7802.75,7812.45,7798.1,7811.55,14:15:00,7811.053140386728,4,61
2016-04-29,7809.75,7810.9,7801.5,7802.35,14:20:00,7810.929031778469,4,62
2016-04-29,7806.8,7809.9,7802.5,7809.35,14:25:00,7810.53579065671,4,63
2016-04-29,7814.1,7816.9,7803.4,7806.7,14:30:00,7810.875239165594,4,64
2016-04-29,7823.55,7824.45,7813.2,7813.95,14:35:00,7812.082359245062,4,65
2016-04-29,7816.45,7824.65,7815.2,7823.8,14:40:00,7812.498325031247,4,66
2016-04-29,7814.7,7821.35,7813.4,7816.1,14:45:00,7812.708008361605,4,67
2016-04-29,7824.65,7825.45,7814.45,7814.45,14:50:00,7813.845340898594,4,68
2016-04-29,7827.4,7828.65,7822.9,7825.0,14:55:00,7815.136260813014,4,69
2016-04-29,7839.4,7849.5,7826.3,7827.2,15:00:00,7817.447093116537,4,70
2016-04-29,7864.7,7864.8,7840.0,7840.0,15:05:00,7821.94736996258,4,71
2016-04-29,7855.5,7867.85,7851.8,7864.8,15:10:00,7825.142858537572,4,72
2016-04-29,7850.55,7859.1,7848.55,7855.25,15:15:00,7827.5625862959,4,73
2016-04-29,7849.35,7851.35,7848.1,7850.8,15:20:00,7829.637578077242,4,74
2016-04-29,7845.5,7851.2,7843.1,7849.15,15:25:00,7831.148284927029,4,75
2016-05-02,7800.65,7819.95,7795.0,7817.25,09:15:00,7828.24368636255,0,1
2016-05-02,7799.85,7804.1,7786.85,7800.3,09:20:00,7825.539525756592,0,2
2016-05-02,7805.4,7805.4,7794.65,7800.1,09:25:00,7823.621475684536,0,3
2016-05-02,7792.3,7805.55,7791.5,7805.1,09:30:00,7820.6384780002945,0,4
2016-05-02,7796.85,7799.05,7788.2,7792.35,09:35:00,7818.372908666934,0,5
2016-05-02,7798.8,7801.1,7796.1,7797.8,09:40:00,7816.508822127226,0,6
2016-05-02,7792.75,7799.45,7790.85,7798.95,09:45:00,7814.246077162729,0,7
2016-05-02,7796.8,7796.85,7787.95,7792.65,09:50:00,7812.584546004375,0,8
2016-05-02,7802.4,7804.25,7797.85,7797.85,09:55:00,7811.614589242053,0,9
2016-05-02,7795.0,7803.0,7794.75,7802.3,10:00:00,7810.032247409476,0,10
2016-05-02,7799.15,7799.55,7790.8,7794.9,10:05:00,7808.995842894288,0,11
2016-05-02,7802.15,7806.35,7799.45,7799.8,10:10:00,7808.343857856737,0,12
2016-05-02,7797.3,7803.85,7794.75,7801.85,10:15:00,7807.292061870381,0,13
2016-05-02,7801.35,7801.5,7796.35,7797.35,10:20:00,7806.726151216059,0,14
2016-05-02,7799.85,7804.6,7799.0,7801.65,10:25:00,7806.071279671672,0,15
2016-05-02,7802.2,7803.25,7799.8,7799.8,10:30:00,7805.702586369608,0,16
2016-05-02,7804.9,7805.1,7800.15,7802.35,10:35:00,7805.626149572502,0,17
2016-05-02,7806.45,7810.75,7804.9,7805.2,10:40:00,7805.704611517978,0,18
2016-05-02,7802.5,7806.4,7801.05,7806.4,10:45:00,7805.399410421029,0,19
2016-05-02,7808.7,7810.0,7802.35,7802.55,10:50:00,7805.713752285693,0,20
2016-05-02,7804.05,7810.35,7802.8,7808.6,10:55:00,7805.555299687056,0,21
2016-05-02,7795.95,7804.75,7794.95,7804.1,11:00:00,7804.640509240669,0,22
2016-05-02,7797.7,7800.7,7794.95,7795.85,11:05:00,7803.979508360606,0,23
2016-05-02,7794.85,7798.45,7788.6,7798.2,11:10:00,7803.110031373882,0,24
2016-05-02,7784.95,7795.05,7777.3,7795.05,11:15:00,7801.380504576369,0,25
2016-05-02,7788.95,7789.7,7780.25,7784.5,11:20:00,7800.196646997668,0,26
2016-05-02,7788.35,7791.0,7786.55,7788.65,11:25:00,7799.068394902652,0,27
2016-05-02,7793.7,7795.75,7788.5,7788.5,11:30:00,7798.557119197637,0,28
2016-05-02,7795.3,7796.15,7792.7,7793.6,11:35:00,7798.24691736929,0,29
2016-05-02,7798.15,7799.4,7795.4,7795.4,11:40:00,7798.237687143644,0,30
2016-05-02,7804.5,7805.45,7798.15,7798.4,11:45:00,7798.834097891868,0,31
2016-05-02,7805.65,7807.0,7804.0,7804.65,11:50:00,7799.483231425976,0,32
2016-05-02,7805.25,7806.25,7800.7,7805.95,11:55:00,7800.032447480645,0,33
2016-05-02,7829.25,7829.65,7803.85,7804.6,12:00:00,7802.815071530107,0,34
2016-05-02,7816.8,7829.8,7815.85,7829.3,12:05:00,7804.146969479621,0,35
2016-05-02,7815.35,7818.75,7814.8,7817.05,12:10:00,7805.213924767276,0,36
2016-05-02,7813.1,7821.3,7813.1,7815.1,12:15:00,7805.964979551345,0,37
2016-05-02,7813.9,7814.5,7809.55,7813.55,12:20:00,7806.72069578455,0,38
2016-05-02,7809.15,7817.7,7808.55,7814.0,12:25:00,7806.952058090784,0,39
2016-05-02,7814.9,7818.25,7809.35,7809.35,12:30:00,7807.70900493928,0,40
2016-05-02,7807.15,7815.95,7807.15,7815.1,12:35:00,7807.655766373635,0,41
2016-05-02,7803.4,7808.15,7795.15,7806.95,12:40:00,7807.250455290432,0,42
2016-05-02,7803.9,7804.0,7798.05,7803.0,12:45:00,7806.931364310391,0,43
2016-05-02,7802.8,7806.15,7801.7,7803.55,12:50:00,7806.537901042735,0,44
2016-05-02,7799.8,7804.65,7795.15,7803.45,12:55:00,7805.896196181522,0,45
2016-05-02,7806.55,7809.0,7797.5,7799.75,13:00:00,7805.958463211854,0,46
2016-05-02,7808.35,7811.6,7802.75,7806.65,13:05:00,7806.186228620249,0,47
2016-05-02,7806.25,7808.2,7801.5,7808.05,13:10:00,7806.192302084986,0,48
2016-05-02,7810.1,7813.55,7806.5,7806.75,13:15:00,7806.564463791178,0,49
2016-05-02,7808.25,7811.9,7808.25,7810.45,13:20:00,7806.724991049161,0,50
2016-05-02,7807.65,7809.25,7802.9,7808.05,13:25:00,7806.813087139717,0,51
2016-05-02,7807.95,7809.15,7803.2,7807.55,13:30:00,7806.921364554983,0,52
2016-05-02,7815.05,7816.65,7805.9,7807.65,13:35:00,7807.695520311651,0,53
2016-05-02,7811.25,7818.8,7810.25,7815.1,13:40:00,7808.034042186732,0,54
2016-05-02,7809.2,7811.75,7806.3,7811.35,13:45:00,7808.145085787996,0,55
2016-05-02,7808.8,7810.5,7804.9,7808.85,13:50:00,7808.207458570092,0,56
2016-05-02,7811.8,7815.1,7806.5,7808.4,13:55:00,7808.549605372941,0,57
2016-05-02,7815.2,7818.05,7811.3,7811.65,14:00:00,7809.182976289804,0,58
2016-05-02,7812.7,7815.4,7805.7,7815.4,14:05:00,7809.517930928871,0,59
2016-05-02,7810.5,7815.85,7809.55,7813.0,14:10:00,7809.611461316597,0,60
2016-05-02,7809.75,7812.7,7809.2,7810.55,14:15:00,7809.624655476922,0,61
2016-05-02,7804.7,7811.95,7804.55,7809.4,14:20:00,7809.155640669596,0,62
2016-05-02,7798.25,7805.4,7798.05,7804.6,14:25:00,7808.117008224873,0,63
2016-05-02,7801.5,7803.65,7796.85,7798.2,14:30:00,7807.486816965361,0,64
2016-05-02,7802.05,7804.9,7800.7,7801.65,14:35:00,7806.969024873422,0,65
2016-05-02,7806.5,7809.05,7801.35,7802.25,14:40:00,7806.924355837858,0,66
2016-05-02,7807.05,7810.55,7805.2,7806.6,14:45:00,7806.936321948538,0,67
2016-05-02,7803.65,7807.6,7803.05,7807.35,14:50:00,7806.623338905821,0,68
2016-05-02,7800.85,7806.55,7799.75,7803.5,14:55:00,7806.073497105266,0,69
2016-05-02,7811.05,7811.35,7800.7,7800.75,15:00:00,7806.547449761907,0,70
2016-05-02,7807.6,7812.0,7807.5,7811.4,15:05:00,7806.647692641725,0,71
2016-05-02,7805.4,7808.6,7801.4,7807.95,15:10:00,7806.528864771085,0,72
2016-05-02,7804.85,7806.1,7799.7,7805.05,15:15:00,7806.3689728881245,0,73
2016-05-02,7807.3,7807.3,7802.95,7804.65,15:20:00,7806.457642136875,0,74
2016-05-02,7807.15,7809.85,7805.25,7807.1,15:25:00,7806.523580980982,0,75
2016-05-03,7829.15,7830.95,7820.95,7824.45,09:15:00,7808.678478030412,1,1
2016-05-03,7864.35,7874.65,7828.25,7828.55,09:20:00,7813.980527741802,1,2
2016-05-03,7866.5,7869.15,7861.3,7864.0,09:25:00,7818.982382242582,1,3
2016-05-03,7864.75,7867.5,7857.25,7866.6,09:30:00,7823.341202981383,1,4
2016-05-03,7871.95,7872.9,7859.8,7865.0,09:35:00,7827.970612221251,1,5
2016-05-03,7882.8,7890.05,7872.35,7872.35,09:40:00,7833.19245867637,1,6
2016-05-03,7879.7,7889.3,7876.95,7882.75,09:45:00,7837.621748326239,1,7
2016-05-03,7882.0,7882.3,7873.75,7879.7,09:50:00,7841.848248485645,1,8
2016-05-03,7885.75,7886.7,7880.4,7881.85,09:55:00,7846.029367677488,1,9
2016-05-03,7879.5,7886.4,7878.3,7885.85,10:00:00,7849.217046946299,1,10
2016-05-03,7871.0,7879.05,7868.9,7879.05,10:05:00,7851.291613903794,1,11
2016-05-03,7870.95,7871.55,7867.25,7870.85,10:10:00,7853.163841151052,1,12
2016-05-03,7867.0,7876.2,7867.0,7871.25,10:15:00,7854.481570565238,1,13
2016-05-03,7868.35,7870.6,7864.75,7866.95,10:20:00,7855.802373368549,1,14
2016-05-03,7869.05,7871.9,7867.25,7868.2,10:25:00,7857.064052095354,1,15
2016-05-03,7860.0,7870.35,7859.95,7869.6,10:30:00,7857.34366618151,1,16
2016-05-03,7851.55,7863.5,7844.9,7860.25,10:35:00,7856.791888449938,1,17
2016-05-03,7856.95,7858.4,7849.5,7851.75,10:40:00,7856.8069466928,1,18
2016-05-03,7851.95,7857.7,7851.3,7857.05,10:45:00,7856.344380341105,1,19
2016-05-03,7853.2,7854.85,7850.85,7851.9,10:50:00,7856.044915546714,1,20
2016-05-03,7850.3,7853.8,7850.15,7853.8,10:55:00,7855.497780732741,1,21
2016-05-03,7850.6,7852.55,7848.4,7850.2,11:00:00,7855.031325424861,1,22
2016-05-03,7853.95,7855.65,7850.45,7850.5,11:05:00,7854.928342051065,1,23
2016-05-03,7846.4,7855.25,7845.15,7853.8,11:10:00,7854.116118998582,1,24
2016-05-03,7850.1,7851.4,7845.8,7846.35,11:15:00,7853.733631474908,1,25
2016-05-03,7856.05,7857.15,7849.75,7850.25,11:20:00,7853.954238001107,1,26
2016-05-03,7853.05,7856.45,7852.4,7855.95,11:25:00,7853.86812009624,1,27
2016-05-03,7848.2,7854.05,7848.0,7854.05,11:30:00,7853.328299134693,1,28
2016-05-03,7846.2,7848.95,7845.65,7848.05,11:35:00,7852.649413502818,1,29
2016-05-03,7845.9,7847.0,7840.7,7846.4,11:40:00,7852.0066122168355,1,30
2016-05-03,7845.25,7850.55,7845.25,7845.85,11:45:00,7851.363125339042,1,31
2016-05-03,7843.9,7847.3,7843.6,7845.0,11:50:00,7850.652351497229,1,32
2016-05-03,7845.4,7846.95,7843.7,7843.8,11:55:00,7850.152127545111,1,33
2016-05-03,7846.15,7848.85,7843.0,7845.2,12:00:00,7849.770972540815,1,34
2016-05-03,7846.85,7848.25,7845.15,7845.75,12:05:00,7849.492784679785,1,35
2016-05-03,7850.0,7856.75,7846.9,7847.45,12:10:00,7849.541090900758,1,36
2016-05-03,7848.35,7852.75,7847.95,7850.05,12:15:00,7849.427653672114,1,37
2016-05-03,7850.4,7851.7,7848.65,7849.35,12:20:00,7849.520258084292,1,38
2016-05-03,7849.4,7853.3,7848.5,7850.35,12:25:00,7849.508804933407,1,39
2016-05-03,7827.05,7850.75,7827.05,7849.55,12:30:00,7847.369871130226,1,40
2016-05-03,7814.3,7825.75,7814.3,7823.15,12:35:00,7844.220359594014,1,41
2016-05-03,7811.25,7815.1,7798.9,7814.25,12:40:00,7841.080325346965,1,42
2016-05-03,7798.0,7811.45,7797.2,7811.45,12:45:00,7836.977437218683,1,43
2016-05-03,7796.6,7799.95,7788.65,7797.9,12:50:00,7833.131967007379,1,44
2016-05-03,7792.1,7800.4,7790.0,7796.45,12:55:00,7829.224160625724,1,45
2016-05-03,7787.0,7792.25,7777.45,7792.25,13:00:00,7825.202811994703,1,46
2016-05-03,7790.9,7794.25,7784.9,7786.55,13:05:00,7821.935877519017,1,47
2016-05-03,7778.05,7795.15,7777.9,7790.75,13:10:00,7817.756270136253,1,48
2016-05-03,7760.95,7777.6,7759.3,7777.6,13:15:00,7812.346149170896,1,49
2016-05-03,7756.5,7764.35,7751.4,7760.35,13:20:00,7807.027468297477,1,50
2016-05-03,7760.05,7766.05,7756.4,7756.7,13:25:00,7802.553423697717,1,51
2016-05-03,7739.2,7761.55,7739.2,7760.4,13:30:00,7796.519764297935,1,52
2016-05-03,7752.35,7753.85,7735.15,7739.7,13:35:00,7792.313120079084,1,53
2016-05-03,7760.95,7760.95,7747.35,7752.1,13:40:00,7789.326156262028,1,54
2016-05-03,7757.1,7761.7,7753.6,7761.05,13:45:00,7786.256998522787,1,55
2016-05-03,7761.2,7761.2,7753.95,7756.8,13:50:00,7783.870617711093,1,56
2016-05-03,7770.4,7771.85,7759.05,7762.2,13:55:00,7782.587701738608,1,57
2016-05-03,7772.05,7772.05,7763.4,7770.35,14:00:00,7781.584111096836,1,58
2016-05-03,7760.75,7772.8,7760.2,7772.5,14:05:00,7779.599910039994,1,59
2016-05-03,7758.8,7761.95,7755.9,7761.0,14:10:00,7777.618966226661,1,60
2016-05-03,7758.35,7761.45,7752.6,7758.3,14:15:00,7775.783826586027,1,61
2016-05-03,7762.05,7763.65,7757.35,7758.55,14:20:00,7774.4758431016435,1,62
2016-05-03,7764.1,7764.45,7759.7,7762.0,14:25:00,7773.4876675681535,1,63
2016-05-03,7753.7,7764.55,7753.4,7764.05,14:30:00,7771.603127799758,1,64
2016-05-03,7742.85,7754.45,7741.8,7753.6,14:35:00,7768.864734675972,1,65
2016-05-03,7749.9,7752.6,7743.15,7743.15,14:40:00,7767.058569468736,1,66
2016-05-03,7751.5,7755.4,7748.2,7749.95,14:45:00,7765.576800947904,1,67
2016-05-03,7745.9,7752.7,7743.0,7751.3,14:50:00,7763.7028199052465,1,68
2016-05-03,7744.6,7746.5,7741.35,7745.95,14:55:00,7761.883503723794,1,69
2016-05-03,7756.2,7761.65,7745.45,7746.05,15:00:00,7761.342217654861,1,70
2016-05-03,7751.75,7759.15,7751.7,7755.4,15:05:00,7760.428673116303,1,71
2016-05-03,7743.75,7753.9,7741.0,7751.5,15:10:00,7758.840228057607,1,72
2016-05-03,7750.25,7750.6,7739.55,7743.65,15:15:00,7758.02211109974,1,73
2016-05-03,7745.45,7751.85,7745.25,7750.5,15:20:00,7756.824767185479,1,74
2016-05-03,7742.75,7746.65,7739.55,7745.4,15:25:00,7755.484313167813,1,75
2016-05-04,7729.8,7736.05,7715.6,7723.9,09:15:00,7753.038188104212,2,1
2016-05-04,7722.85,7730.4,7715.95,7730.0,09:20:00,7750.163122570478,2,2
2016-05-04,7734.65,7737.0,7723.35,7723.8,09:25:00,7748.68568232567,2,3
2016-05-04,7718.6,7738.0,7718.2,7734.25,09:30:00,7745.820379247036,2,4
2016-05-04,7717.9,7722.15,7715.15,7718.7,09:35:00,7743.161295509222,2,5
2016-05-04,7716.5,7719.15,7712.25,7717.7,09:40:00,7740.622124508343,2,6
2016-05-04,7722.35,7724.6,7716.0,7716.6,09:45:00,7738.881922174215,2,7
2016-05-04,7716.5,7724.2,7716.1,7722.45,09:50:00,7736.750310538575,2,8
2016-05-04,7718.45,7719.85,7715.65,7716.3,09:55:00,7735.007423820615,2,9
2016-05-04,7718.95,7720.25,7711.9,7718.35,10:00:00,7733.478145361509,2,10
2016-05-04,7730.4,7732.2,7718.2,7719.3,10:05:00,7733.184988660413,2,11
2016-05-04,7732.45,7738.2,7729.8,7729.8,10:10:00,7733.114989740374,2,12
2016-05-04,7726.25,7732.5,7726.2,7732.45,10:15:00,7732.461181193671,2,13
2016-05-04,7724.3,7727.45,7723.45,7726.05,10:20:00,7731.683925841892,2,14
2016-05-04,7718.95,7725.8,7716.8,7725.0,10:25:00,7730.471170999807,2,15
2016-05-04,7713.85,7720.35,7713.55,7718.85,10:30:00,7728.888202333159,2,16
2016-05-04,7709.0,7715.4,7708.85,7713.55,10:35:00,7726.994087825239,2,17
2016-05-04,7714.3,7714.3,7703.85,7708.55,10:40:00,7725.785127079978,2,18
2016-05-04,7719.75,7719.85,7713.0,7713.95,10:45:00,7725.210353072361,2,19
2016-05-04,7716.4,7720.05,7713.95,7719.5,10:50:00,7724.371271827374,2,20
2016-05-04,7727.25,7727.3,7715.65,7715.65,10:55:00,7724.645436415243,2,21
2016-05-04,7730.15,7732.35,7726.45,7727.4,11:00:00,7725.169680566172,2,22
2016-05-04,7724.6,7730.85,7723.65,7730.2,11:05:00,7725.115425274156,2,23
2016-05-04,7722.8,7726.0,7721.05,7724.3,11:10:00,7724.894908581379,2,24
2016-05-04,7716.25,7724.9,7715.15,7723.0,11:15:00,7724.071583954581,2,25
2016-05-04,7720.4,7722.9,7714.6,7716.2,11:20:00,7723.72190929224,2,26
2016-05-04,7718.45,7722.5,7718.35,7719.95,11:25:00,7723.219822692979,2,27
2016-05-04,7730.35,7734.4,7718.35,7718.4,11:30:00,7723.898887198409,2,28
2016-05-04,7734.2,7739.9,7731.45,7731.45,11:35:00,7724.879945560465,2,29
2016-05-04,7742.0,7745.55,7733.2,7733.7,11:40:00,7726.510426935659,2,30
2016-05-04,7746.75,7748.15,7740.45,7741.8,11:45:00,7728.43800532274,2,31
2016-05-04,7742.6,7748.95,7738.7,7746.4,11:50:00,7729.786766720574,2,32
2016-05-04,7742.35,7744.05,7739.7,7742.8,11:55:00,7730.983265128139,2,33
2016-05-04,7733.45,7744.15,7733.3,7742.6,12:00:00,7731.218192258791,2,34
2016-05-04,7725.8,7734.05,7723.25,7733.6,12:05:00,7730.702173948431,2,35
2016-05-04,7731.95,7733.8,7723.95,7725.35,12:10:00,7730.82101452477,2,36
2016-05-04,7723.45,7732.4,7723.05,7731.55,12:15:00,7730.119013141459,2,37
2016-05-04,7722.85,7726.95,7722.8,7723.2,12:20:00,7729.426726175606,2,38
2016-05-04,7720.15,7723.85,7719.3,7722.95,12:25:00,7728.543228444596,2,39
2016-05-04,7726.35,7731.9,7720.0,7720.0,12:30:00,7728.33434954511,2,40
2016-05-04,7730.3,7731.7,7725.9,7726.8,12:35:00,7728.521554350338,2,41
2016-05-04,7733.4,7738.05,7728.9,7730.0,12:40:00,7728.986168221734,2,42
2016-05-04,7734.3,7744.3,7732.75,7733.55,12:45:00,7729.492247438712,2,43
2016-05-04,7731.65,7733.85,7729.0,7733.2,12:50:00,7729.697747682645,2,44
2016-05-04,7742.95,7743.7,7731.15,7731.15,12:55:00,7730.959866950965,2,45
2016-05-04,7741.05,7744.75,7737.95,7742.55,13:00:00,7731.920832003254,2,46
2016-05-04,7737.85,7741.15,7735.8,7741.15,13:05:00,7732.485514669611,2,47
2016-05-04,7737.7,7739.15,7734.8,7737.95,13:10:00,7732.982132320124,2,48
2016-05-04,7745.2,7749.0,7737.75,7737.75,13:15:00,7734.145738765826,2,49
2016-05-04,7738.45,7746.5,7737.65,7745.15,13:20:00,7734.555668407176,2,50
2016-05-04,7735.65,7740.05,7734.25,7738.7,13:25:00,7734.659890463636,2,51
2016-05-04,7736.5,7739.75,7734.95,7735.2,13:30:00,7734.8351389909085,2,52
2016-05-04,7735.85,7737.4,7734.15,7735.95,13:35:00,7734.931792420346,2,53
2016-05-04,7726.05,7737.15,7725.7,7735.9,13:40:00,7734.085907427932,2,54
2016-05-04,7725.4,7726.15,7719.6,7725.55,13:45:00,7733.258678149082,2,55
2016-05-04,7728.55,7729.35,7725.0,7725.05,13:50:00,7732.810232611074,2,56
2016-05-04,7720.6,7729.3,7720.1,7728.7,13:55:00,7731.647353314781,2,57
2016-05-04,7716.6,7720.65,7713.9,7720.35,14:00:00,7730.214272046707,2,58
2016-05-04,7707.5,7716.2,7706.45,7716.2,14:05:00,7728.051008042259,2,59
2016-05-04,7716.4,7716.5,7704.85,7707.35,14:10:00,7726.941388228711,2,60
2016-05-04,7718.1,7722.15,7715.0,7716.25,14:15:00,7726.099351254548,2,61
2016-05-04,7720.4,7726.95,7717.9,7717.9,14:20:00,7725.556555896972,2,62
2016-05-04,7715.3,7721.5,7715.2,7720.1,14:25:00,7724.579741049642,2,63
2016-05-04,7711.2,7716.2,7710.25,7714.65,14:30:00,7723.305479997294,2,64
2016-05-04,7716.15,7719.7,7710.5,7711.0,14:35:00,7722.624005711837,2,65
2016-05-04,7707.35,7716.5,7703.45,7715.6,14:40:00,7721.169338501186,2,66
2016-05-04,7709.4,7711.35,7705.05,7707.45,14:45:00,7720.04844912012,2,67
2016-05-04,7714.25,7715.25,7708.7,7709.95,14:50:00,7719.496215870585,2,68
2016-05-04,7717.5,7724.4,7713.6,7714.2,14:55:00,7719.306100073386,2,69
2016-05-04,7712.9,7720.3,7712.7,7717.25,15:00:00,7718.6959953044925,2,70
2016-05-04,7714.4,7717.75,7711.45,7712.7,15:05:00,7718.286852894541,2,71
2016-05-04,7703.1,7716.2,7700.55,7714.3,15:10:00,7716.840485952203,2,72
2016-05-04,7703.6,7705.0,7697.25,7702.8,15:15:00,7715.579487290089,2,73
2016-05-04,7704.8,7705.1,7699.35,7703.15,15:20:00,7714.552869452938,2,74
2016-05-04,7700.35,7707.05,7700.35,7705.2,15:25:00,7713.2002152193245,2,75
2016-05-05,7728.4,7741.45,7725.65,7728.6,09:15:00,7714.647813769865,3,1
2016-05-05,7727.35,7729.2,7716.15,7729.2,09:20:00,7715.857545791782,3,2
2016-05-05,7727.8,7735.25,7723.35,7728.05,09:25:00,7716.994922383042,3,3
2016-05-05,7727.75,7728.7,7721.4,7727.55,09:30:00,7718.019215489419,3,4
2016-05-05,7730.75,7732.6,7723.25,7727.65,09:35:00,7719.231671157094,3,5
2016-05-05,7730.6,7733.0,7728.3,7730.85,09:40:00,7720.314369142133,3,6
2016-05-05,7725.15,7731.35,7714.6,7729.95,09:45:00,7720.774905414311,3,7
2016-05-05,7726.3,7728.95,7724.3,7725.25,09:50:00,7721.301104898663,3,8
2016-05-05,7729.25,7731.65,7724.85,7726.95,09:55:00,7722.058142527361,3,9
2016-05-05,7726.35,7731.4,7726.25,7729.05,10:00:00,7722.466890858088,3,10
2016-05-05,7722.7,7727.55,7721.2,7726.4,10:05:00,7722.489091728747,3,11
2016-05-05,7722.8,7724.65,7721.4,7722.5,10:10:00,7722.518702040295,3,12
2016-05-05,7728.85,7729.8,7724.0,7724.0,10:15:00,7723.121682798362,3,13
2016-05-05,7734.45,7738.3,7728.55,7728.8,10:20:00,7724.200570150899,3,14
2016-05-05,7734.2,7734.4,7731.65,7734.4,10:25:00,7725.1528968031935,3,15
2016-05-05,7739.15,7739.15,7734.4,7734.4,10:30:00,7726.485954250508,3,16
2016-05-05,7731.45,7743.5,7730.95,7739.2,10:35:00,7726.958720512364,3,17
2016-05-05,7732.6,7734.15,7729.85,7731.85,10:40:00,7727.495985225472,3,18
2016-05-05,7726.6,7732.85,7724.15,7732.75,10:45:00,7727.410653299237,3,19
2016-05-05,7727.05,7729.85,7726.1,7726.1,10:50:00,7727.376305365977,3,20
2016-05-05,7720.0,7727.15,7719.0,7727.15,10:55:00,7726.673800093027,3,21
2016-05-05,7725.8,7727.55,7718.0,7719.75,11:00:00,7726.590581036548,3,22
2016-05-05,7728.4,7730.45,7724.15,7725.95,11:05:00,7726.762906652115,3,23
2016-05-05,7730.6,7734.15,7727.6,7728.6,11:10:00,7727.128344113818,3,24
2016-05-05,7737.15,7737.5,7729.8,7730.35,11:15:00,7728.08278753155,3,25
2016-05-05,7733.95,7736.9,7731.5,7736.9,11:20:00,7728.641569671402,3,26
2016-05-05,7732.55,7737.35,7731.95,7734.15,11:25:00,7729.013801131268,3,27
2016-05-05,7737.7,7738.2,7731.45,7732.5,11:30:00,7729.841058166386,3,28
2016-05-05,7736.15,7737.95,7734.7,7737.95,11:35:00,7730.441909769586,3,29
2016-05-05,7734.55,7736.3,7730.85,7736.3,11:40:00,7730.833156458198,3,30
2016-05-05,7740.85,7741.15,7733.85,7734.5,11:45:00,7731.787141557417,3,31
2016-05-05,7739.75,7740.9,7737.55,7740.9,11:50:00,7732.545509028139,3,32
2016-05-05,7744.0,7746.1,7738.4,7739.6,11:55:00,7733.636412930221,3,33
2016-05-05,7742.3,7743.85,7737.35,7743.85,12:00:00,7734.461516460677,3,34
2016-05-05,7742.15,7743.85,7737.05,7741.85,12:05:00,7735.193752988231,3,35
2016-05-05,7746.7,7750.7,7742.65,7743.05,12:10:00,7736.28958603697,3,36
2016-05-05,7747.45,7751.6,7745.7,7746.2,12:15:00,7737.352482604878,3,37
2016-05-05,7747.85,7748.1,7742.1,7747.5,12:20:00,7738.352246166318,3,38
2016-05-05,7743.6,7747.0,7742.7,7746.55,12:25:00,7738.852032245716,3,39
2016-05-05,7741.05,7743.8,7736.3,7743.65,12:30:00,7739.061362508029,3,40
2016-05-05,7739.2,7741.4,7736.95,7741.2,12:35:00,7739.074566078692,3,41
2016-05-05,7730.35,7740.05,7730.35,7739.45,12:40:00,7738.243655023579,3,42
2016-05-05,7738.0,7738.5,7729.95,7730.55,12:45:00,7738.220449783238,3,43
2016-05-05,7717.75,7737.95,7710.65,7737.95,12:50:00,7736.270883137215,3,44
2016-05-05,7721.9,7722.05,7716.85,7717.55,12:55:00,7734.902227600337,3,45
2016-05-05,7724.55,7727.45,7721.1,7722.5,13:00:00,7733.91630116221,3,46
2016-05-05,7720.4,7724.7,7716.2,7724.7,13:05:00,7732.629034384857,3,47
2016-05-05,7720.6,7725.6,7719.2,7720.35,13:10:00,7731.48341206249,3,48
2016-05-05,7716.45,7721.2,7714.2,7720.85,13:15:00,7730.051658532729,3,49
2016-05-05,7713.75,7716.65,7706.85,7716.65,13:20:00,7728.499119624849,3,50
2016-05-05,7714.1,7717.85,7712.75,7714.35,13:25:00,7727.127774898673,3,51
2016-05-05,7725.15,7726.5,7713.35,7714.3,13:30:00,7726.939415384514,3,52
2016-05-05,7720.6,7726.85,7718.2,7724.95,13:35:00,7726.33566153837,3,53
2016-05-05,7722.75,7724.4,7718.45,7720.55,13:40:00,7725.994169963287,3,54
2016-05-05,7727.55,7729.9,7722.7,7722.7,13:45:00,7726.142344252497,3,55
2016-05-05,7725.55,7729.4,7720.95,7728.45,13:50:00,7726.085930514164,3,56
2016-05-05,7745.95,7750.9,7725.8,7725.95,13:55:00,7727.977746655672,3,57
2016-05-05,7746.4,7750.35,7743.7,7745.9,14:00:00,7729.732246974179,3,58
2016-05-05,7773.95,7777.55,7745.95,7746.5,14:05:00,7733.943461548067,3,59
2016-05-05,7772.25,7774.55,7766.85,7774.15,14:10:00,7737.591703305394,3,60
2016-05-05,7761.55,7777.2,7761.35,7772.2,14:15:00,7739.8734458477375,3,61
2016-05-05,7757.8,7765.0,7755.15,7762.25,14:20:00,7741.580736719381,3,62
2016-05-05,7760.05,7763.1,7756.65,7757.75,14:25:00,7743.339714174678,3,63
2016-05-05,7759.85,7762.8,7755.65,7760.2,14:30:00,7744.912122348518,3,64
2016-05-05,7761.3,7764.3,7758.6,7760.1,14:35:00,7746.472872601041,3,65
2016-05-05,7767.75,7771.25,7760.45,7761.4,14:40:00,7748.499265686656,3,66
2016-05-05,7767.9,7770.0,7766.9,7768.1,14:45:00,7750.346954668879,3,67
2016-05-05,7770.7,7773.45,7766.55,7767.95,14:50:00,7752.285339938509,3,68
2016-05-05,7765.85,7771.05,7765.85,7770.6,14:55:00,7753.577212325318,3,69
2016-05-05,7737.5,7766.4,7735.75,7766.1,15:00:00,7752.046049246716,3,70
2016-05-05,7735.3,7739.65,7729.1,7737.4,15:05:00,7750.451187413696,3,71
2016-05-05,7733.75,7736.15,7729.3,7735.9,15:10:00,7748.860598136202,3,72
2016-05-05,7737.15,7738.55,7731.2,7733.65,15:15:00,7747.745303075611,3,73
2016-05-05,7733.85,7737.35,7728.75,7736.8,15:20:00,7746.4219408779345,3,74
2016-05-05,7738.7,7741.45,7729.4,7733.7,15:25:00,7745.686517937179,3,75
2016-05-06,7700.45,7713.3,7695.25,7713.3,09:15:00,7741.378278133638,4,1
2016-05-06,7691.8,7699.6,7678.35,7699.6,09:20:00,7736.656537359006,4,2
2016-05-06,7691.45,7695.1,7686.15,7691.95,09:25:00,7732.351152848624,4,3
2016-05-06,7683.6,7691.5,7683.5,7691.5,09:30:00,7727.70818591066,4,4
2016-05-06,7691.75,7693.55,7682.7,7683.3,09:35:00,7724.283596776312,4,5
2016-05-06,7691.7,7696.6,7690.5,7691.3,09:40:00,7721.180397083331,4,6
2016-05-06,7699.15,7700.7,7691.05,7691.9,09:45:00,7719.082264027776,4,7
2016-05-06,7692.2,7699.25,7690.65,7699.0,09:50:00,7716.522048406082,4,8
2016-05-06,7691.7,7692.2,7687.95,7691.95,09:55:00,7714.158043795979,4,9
2016-05-06,7690.15,7692.5,7687.3,7691.8,10:00:00,7711.871563434457,4,10
2016-05-06,7694.55,7698.65,7689.4,7690.25,10:05:00,7710.221890726413,4,11
2016-05-06,7695.05,7696.4,7691.2,7694.45,10:10:00,7708.776948752469,4,12
2016-05-06,7693.2,7695.25,7690.9,7694.9,10:15:00,7707.293429823662,4,13
2016-05-06,7696.35,7699.5,7692.8,7693.6,10:20:00,7706.251198411885,4,14
2016-05-06,7700.4,7701.2,7694.7,7696.25,10:25:00,7705.693941420277,4,15
2016-05-06,7701.95,7707.05,7699.95,7700.3,10:30:00,7705.337375570726,4,16
2016-05-06,7701.15,7704.15,7695.65,7701.9,10:35:00,7704.938577897324,4,17
2016-05-06,7701.9,7704.45,7700.0,7701.2,10:40:00,7704.64918952615,4,18
2016-05-06,7702.15,7703.3,7700.5,7701.85,10:45:00,7704.41117147604,4,19
2016-05-06,7706.45,7706.7,7701.45,7702.25,10:50:00,7704.605345621179,4,20
2016-05-06,7703.95,7707.6,7700.35,7706.7,10:55:00,7704.542931752495,4,21
2016-05-06,7699.0,7704.15,7696.3,7703.55,11:00:00,7704.015033490353,4,22
2016-05-06,7699.05,7700.15,7696.25,7698.4,11:05:00,7703.542173157938,4,23
2016-05-06,7696.4,7700.85,7695.0,7699.3,11:10:00,7702.861966190516,4,24
2016-05-06,7698.15,7699.2,7693.25,7696.7,11:15:00,7702.413207505704,4,25
2016-05-06,7698.25,7699.0,7695.95,7698.05,11:20:00,7702.01671155278,4,26
2016-05-06,7701.35,7701.7,7695.75,7698.1,11:25:00,7701.95321521442,4,27
2016-05-06,7704.4,7704.7,7697.95,7701.3,11:30:00,7702.186242336857,4,28
2016-05-06,7702.3,7704.2,7699.0,7704.0,11:35:00,7702.197076400013,4,29
2016-05-06,7702.4,7705.9,7701.2,7702.35,11:40:00,7702.216402457155,4,30
2016-05-06,7703.45,7704.65,7699.75,7702.25,11:45:00,7702.333887937426,4,31
2016-05-06,7706.15,7707.1,7702.95,7703.75,11:50:00,7702.697327181481,4,32
2016-05-06,7704.5,7711.3,7703.4,7706.1,11:55:00,7702.869010307055,4,33
2016-05-06,7701.9,7707.45,7701.5,7704.4,12:00:00,7702.776723611145,4,34
2016-05-06,7700.5,7702.1,7697.85,7702.05,12:05:00,7702.559892791036,4,35
2016-05-06,7700.7,7702.65,7699.15,7700.55,12:10:00,7702.38276014427,4,36
2016-05-06,7702.55,7703.2,7700.25,7700.6,12:15:00,7702.398687749577,4,37
2016-05-06,7701.9,7704.25,7701.25,7702.7,12:20:00,7702.351193678189,4,38
2016-05-06,7705.5,7706.8,7701.3,7701.8,12:25:00,7702.651079994552,4,39
2016-05-06,7692.05,7705.7,7691.75,7705.05,12:30:00,7701.641453328404,4,40
2016-05-06,7697.1,7697.6,7689.15,7692.45,12:35:00,7701.208933963794,4,41
2016-05-06,7702.95,7703.75,7696.95,7696.95,12:40:00,7701.374749776766,4,42
2016-05-06,7717.95,7717.95,7701.65,7702.5,12:45:00,7702.953345036122,4,43
2016-05-06,7712.6,7719.75,7711.4,7718.15,12:50:00,7703.872074080302,4,44
2016-05-06,7712.7,7714.75,7711.15,7712.9,12:55:00,7704.712828929797,4,45
2016-05-06,7725.75,7727.1,7712.8,7712.8,13:00:00,7706.716369031721,4,46
2016-05-06,7727.15,7727.3,7720.75,7725.2,13:05:00,7708.662429123939,4,47
2016-05-06,7724.75,7731.3,7720.25,7727.25,13:10:00,7710.194578731182,4,48
2016-05-06,7720.15,7730.15,7719.8,7724.9,13:15:00,7711.142714090118,4,49
2016-05-06,7720.7,7724.6,7718.75,7719.8,13:20:00,7712.052931795821,4,50
2016-05-06,7716.55,7721.15,7712.6,7721.0,13:25:00,7712.481224005742,4,51
2016-05-06,7719.6,7723.7,7715.1,7716.7,13:30:00,7713.159202671862,4,52
2016-05-06,7724.85,7726.85,7718.2,7719.4,13:35:00,7714.272611941208,4,53
2016-05-06,7726.75,7733.6,7725.2,7725.2,13:40:00,7715.460934613474,4,54
2016-05-06,7722.4,7729.05,7721.9,7726.85,13:45:00,7716.121797983619,4,55
2016-05-06,7721.2,7723.15,7716.6,7722.7,13:50:00,7716.605436270894,4,56
2016-05-06,7718.8,7723.6,7718.2,7721.25,13:55:00,7716.814442340333,4,57
2016-05-06,7717.7,7718.85,7715.55,7718.5,14:00:00,7716.898781165063,4,58
2016-05-06,7731.65,7737.05,7717.7,7717.85,14:05:00,7718.303659149344,4,59
2016-05-06,7735.4,7736.0,7729.25,7732.25,14:10:00,7719.931882087501,4,60
2016-05-06,7731.65,7735.45,7723.15,7735.15,14:15:00,7721.047893317263,4,61
2016-05-06,7725.35,7732.2,7723.6,7731.55,14:20:00,7721.457617763239,4,62
2016-05-06,7729.9,7730.7,7725.1,7725.4,14:25:00,7722.26165416674,4,63
2016-05-06,7729.05,7730.45,7723.95,7729.85,14:30:00,7722.908163293718,4,64
2016-05-06,7725.05,7735.2,7725.05,7728.95,14:35:00,7723.112147741935,4,65
2016-05-06,7726.7,7728.45,7723.55,7724.85,14:40:00,7723.453847956988,4,66
2016-05-06,7720.8,7729.75,7719.1,7726.45,14:45:00,7723.201100532513,4,67
2016-05-06,7726.55,7727.9,7720.45,7720.75,14:50:00,7723.520043338941,4,68
2016-05-06,7724.65,7727.25,7723.3,7726.6,14:55:00,7723.627658259042,4,69
2016-05-06,7730.05,7731.4,7718.25,7724.9,15:00:00,7724.239309853418,4,70
2016-05-06,7731.15,7734.2,7727.9,7730.2,15:05:00,7724.89747081976,4,71
2016-05-06,7736.5,7736.5,7728.5,7731.45,15:10:00,7726.002473598831,4,72
2016-05-06,7735.3,7738.9,7732.5,7736.6,15:15:00,7726.887952303704,4,73
2016-05-06,7732.6,7737.35,7732.1,7735.25,15:20:00,7727.431956846209,4,74
2016-05-06,7734.25,7735.2,7731.8,7732.25,15:25:00,7728.081294289426,4,75
2016-05-09,7784.4,7784.9,7753.55,7753.55,09:15:00,7733.444980547576,0,1
2016-05-09,7783.0,7790.8,7778.25,7784.45,09:20:00,7738.164506209712,0,2
2016-05-09,7786.85,7787.15,7778.9,7783.25,09:25:00,7742.801219904026,0,3
2016-05-09,7817.8,7820.8,7786.9,7786.95,09:30:00,7749.9439608655475,0,4
2016-05-09,7810.9,7824.7,7810.2,7817.45,09:35:00,7755.749297925971,0,5
2016-05-09,7814.1,7815.3,7810.0,7811.2,09:40:00,7761.306507647308,0,6
2016-05-09,7822.25,7822.3,7814.15,7814.15,09:45:00,7767.110649776136,0,7
2016-05-09,7818.7,7821.8,7816.65,7821.8,09:50:00,7772.023921226028,0,8
2016-05-09,7822.6,7823.55,7818.65,7818.95,09:55:00,7776.840690633073,0,9
2016-05-09,7828.65,7836.45,7822.0,7822.7,10:00:00,7781.77491057278,0,10
2016-05-09,7828.1,7831.7,7827.5,7828.85,10:05:00,7786.1868238515635,0,11
2016-05-09,7826.8,7828.65,7824.75,7828.15,10:10:00,7790.054745389511,0,12
2016-05-09,7830.9,7832.7,7826.15,7826.55,10:15:00,7793.944769638128,0,13
2016-05-09,7826.05,7831.6,7825.8,7830.85,10:20:00,7797.002410624973,0,14
2016-05-09,7825.75,7830.9,7824.3,7825.95,10:25:00,7799.740276279737,0,15
2016-05-09,7825.9,7830.6,7822.15,7825.8,10:30:00,7802.23167853881,0,16
2016-05-09,7825.1,7828.15,7825.1,7825.7,10:35:00,7804.409613916066,0,17
2016-05-09,7832.0,7833.85,7824.35,7825.05,10:40:00,7807.037269733583,0,18
2016-05-09,7836.25,7837.0,7831.4,7831.8,10:45:00,7809.819434520861,0,19
2016-05-09,7835.7,7838.85,7833.55,7835.9,10:50:00,7812.284250280779,0,20
2016-05-09,7833.9,7839.5,7832.6,7835.9,10:55:00,7814.34289311118,0,21
2016-05-09,7838.45,7840.15,7831.8,7833.1,11:00:00,7816.638808052972,0,22
2016-05-09,7839.15,7840.65,7837.1,7838.35,11:05:00,7818.782731095546,0,23
2016-05-09,7837.9,7843.9,7837.3,7839.0,11:10:00,7820.60342337216,0,24
2016-05-09,7833.8,7840.2,7833.25,7837.75,11:15:00,7821.860240193859,0,25
2016-05-09,7836.65,7836.7,7833.65,7833.95,11:20:00,7823.268788746824,0,26
2016-05-09,7836.65,7838.15,7834.8,7836.55,11:25:00,7824.543189818554,0,27
2016-05-09,7835.65,7839.85,7835.05,7836.95,11:30:00,7825.600981264406,0,28
2016-05-09,7838.5,7839.45,7834.8,7835.6,11:35:00,7826.829459239224,0,29
2016-05-09,7839.85,7840.3,7836.5,7838.4,11:40:00,7828.06951074025,0,30
2016-05-09,7839.55,7840.65,7838.75,7839.65,11:45:00,7829.16289066975,0,31
2016-05-09,7835.5,7839.65,7834.8,7839.6,11:50:00,7829.766424891678,0,32
2016-05-09,7829.85,7837.7,7829.8,7835.6,11:55:00,7829.774384425804,0,33
2016-05-09,7832.1,7832.25,7828.6,7830.5,12:00:00,7829.995871623347,0,34
2016-05-09,7832.3,7833.85,7830.9,7832.35,12:05:00,7830.215312421124,0,35
2016-05-09,7833.8,7836.25,7831.8,7832.5,12:10:00,7830.55671123816,0,36
2016-05-09,7833.8,7836.6,7832.95,7834.2,12:15:00,7830.865595882145,0,37
2016-05-09,7836.75,7836.75,7833.4,7833.6,12:20:00,7831.42601532194,0,38
2016-05-09,7838.2,7838.5,7833.95,7835.65,12:25:00,7832.07115671985,0,39
2016-05-09,7831.8,7838.5,7831.7,7838.05,12:30:00,7832.045332270341,0,40
2016-05-09,7827.7,7833.2,7827.7,7831.7,12:35:00,7831.631491101737,0,41
2016-05-09,7828.3,7830.8,7825.85,7828.0,12:40:00,7831.314206234905,0,42
2016-05-09,7823.7,7828.15,7823.4,7828.15,12:45:00,7830.589043736343,0,43
2016-05-09,7822.8,7825.65,7820.15,7823.85,12:50:00,7829.847230047168,0,44
2016-05-09,7821.55,7826.35,7821.3,7823.3,12:55:00,7829.057017661724,0,45
2016-05-09,7822.1,7823.55,7816.85,7821.35,13:00:00,7828.394444551083,0,46
2016-05-09,7823.25,7823.8,7820.0,7822.25,13:05:00,7827.90449745098,0,47
2016-05-09,7831.4,7831.65,7822.35,7823.35,13:10:00,7828.237402455648,0,48
2016-05-09,7830.35,7832.65,7828.6,7831.2,13:15:00,7828.438602221777,0,49
2016-05-09,7829.9,7834.8,7827.85,7830.3,13:20:00,7828.577782962559,0,50
2016-05-09,7830.75,7831.5,7826.85,7829.3,13:25:00,7828.784660775649,0,51
2016-05-09,7831.55,7835.05,7829.4,7830.85,13:30:00,7829.048026416064,0,52
2016-05-09,7832.1,7835.95,7831.5,7831.5,13:35:00,7829.338690566916,0,53
2016-05-09,7834.65,7834.65,7830.1,7832.4,13:40:00,7829.8445295605425,0,54
2016-05-09,7833.75,7835.45,7831.7,7834.95,13:45:00,7830.216479126205,0,55
2016-05-09,7834.15,7836.45,7832.85,7833.65,13:50:00,7830.591100161804,0,56
2016-05-09,7838.6,7841.45,7831.6,7834.05,13:55:00,7831.353852527347,0,57
2016-05-09,7847.85,7849.9,7838.7,7838.75,14:00:00,7832.92491419141,0,58
2016-05-09,7847.4,7850.95,7845.4,7848.7,14:05:00,7834.3034937922275,0,59
2016-05-09,7844.65,7847.75,7844.0,7847.15,14:10:00,7835.288875335825,0,60
2016-05-09,7855.65,7860.1,7844.5,7844.5,14:15:00,7837.228030065746,0,61
2016-05-09,7857.2,7858.2,7854.55,7855.55,14:20:00,7839.130122440437,0,62
2016-05-09,7862.8,7863.8,7857.35,7857.4,14:25:00,7841.384396493729,0,63
2016-05-09,7860.8,7865.15,7858.9,7862.65,14:30:00,7843.233501589564,0,64
2016-05-09,7864.7,7870.6,7860.05,7860.9,14:35:00,7845.277930009605,0,65
2016-05-09,7865.75,7868.4,7863.25,7864.65,14:40:00,7847.227650961072,0,66
2016-05-09,7870.45,7873.65,7865.85,7866.1,14:45:00,7849.439303250494,0,67
2016-05-09,7869.7,7872.4,7868.15,7870.5,14:50:00,7851.368893417114,0,68
2016-05-09,7867.9,7871.95,7867.25,7869.75,14:55:00,7852.943284520246,0,69
2016-05-09,7868.15,7870.05,7861.3,7868.1,15:00:00,7854.391543137366,0,70
2016-05-09,7867.05,7871.75,7867.05,7868.05,15:05:00,7855.597110457617,0,71
2016-05-09,7865.35,7868.7,7865.3,7866.7,15:10:00,7856.525957080701,0,72
2016-05-09,7864.0,7866.05,7862.65,7865.45,15:15:00,7857.237770692062,0,73
2016-05-09,7867.95,7868.45,7861.95,7864.2,15:20:00,7858.257983007104,0,74
2016-05-09,7868.55,7870.2,7865.8,7868.15,15:25:00,7859.238175101665,0,75
2016-05-10,7858.1,7871.5,7855.0,7870.2,09:15:00,7859.129777472935,1,1
2016-05-10,7864.8,7867.8,7850.6,7858.05,09:20:00,7859.669798665988,1,2
2016-05-10,7864.7,7865.15,7857.75,7864.25,09:25:00,7860.148865459703,1,3
2016-05-10,7854.05,7866.4,7853.85,7865.75,09:30:00,7859.568021130208,1,4
2016-05-10,7853.4,7854.65,7850.1,7854.2,09:35:00,7858.980590546378,1,5
2016-05-10,7847.0,7853.25,7843.15,7853.25,09:40:00,7857.839581922914,1,6
2016-05-10,7849.45,7851.3,7846.4,7847.15,09:45:00,7857.040574120731,1,7
2016-05-10,7856.95,7857.3,7844.9,7849.35,09:50:00,7857.031948013995,1,8
2016-05-10,7856.45,7859.4,7854.35,7856.75,09:55:00,7856.976524393615,1,9
2016-05-10,7860.25,7863.75,7856.55,7856.6,10:00:00,7857.288283975176,1,10
2016-05-10,7850.85,7861.75,7850.4,7861.1,10:05:00,7856.675114072778,1,11
2016-05-10,7854.4,7855.1,7848.9,7850.95,10:10:00,7856.458436542038,1,12
2016-05-10,7856.5,7857.15,7853.3,7854.3,10:15:00,7856.462394966606,1,13
2016-05-10,7854.85,7857.9,7854.65,7856.6,10:20:00,7856.308833541214,1,14
2016-05-10,7852.0,7855.7,7851.55,7854.65,10:25:00,7855.898468442051,1,15
2016-05-10,7847.6,7854.4,7847.3,7851.95,10:30:00,7855.108138114237,1,16
2016-05-10,7845.15,7848.85,7838.85,7846.85,10:35:00,7854.159744008119,1,17
2016-05-10,7842.95,7845.95,7841.8,7845.25,10:40:00,7853.092149340679,1,18
2016-05-10,7846.95,7848.1,7843.35,7843.35,10:45:00,7852.507182736805,1,19
2016-05-10,7850.35,7852.75,7846.9,7847.45,10:50:00,7852.30173676187,1,20
2016-05-10,7848.75,7850.55,7844.75,7850.25,10:55:00,7851.963476117883,1,21
2016-05-10,7842.5,7850.15,7842.5,7849.0,11:00:00,7851.062192678084,1,22
2016-05-10,7841.65,7843.65,7839.2,7842.65,11:05:00,7850.1657933754095,1,23
2016-05-10,7838.75,7842.5,7837.7,7841.75,11:10:00,7849.078574958704,1,24
2016-05-10,7846.4,7848.3,7838.45,7838.8,11:15:00,7848.823472581684,1,25
2016-05-10,7846.0,7847.6,7843.95,7846.55,11:20:00,7848.554570431047,1,26
2016-05-10,7845.7,7847.3,7843.8,7845.95,11:25:00,7848.282706580471,1,27
2016-05-10,7842.0,7846.65,7841.2,7845.5,11:30:00,7847.684353572808,1,28
2016-05-10,7842.65,7844.7,7841.55,7841.95,11:35:00,7847.204891327779,1,29
2016-05-10,7848.3,7848.65,7840.7,7843.0,11:40:00,7847.309187391799,1,30
2016-05-10,7850.7,7851.85,7847.9,7848.55,11:45:00,7847.632121925913,1,31
2016-05-10,7851.15,7854.1,7850.05,7850.65,11:50:00,7847.96715793297,1,32
2016-05-10,7847.35,7851.2,7843.4,7850.35,11:55:00,7847.908380986973,1,33
2016-05-10,7853.65,7855.5,7847.0,7847.15,12:00:00,7848.455201845356,1,34
2016-05-10,7850.3,7855.0,7849.55,7853.75,12:05:00,7848.630896907703,1,35
2016-05-10,7849.0,7852.0,7848.2,7850.7,12:10:00,7848.666049583159,1,36
2016-05-10,7848.25,7850.3,7847.4,7849.05,12:15:00,7848.626425813334,1,37
2016-05-10,7852.95,7854.65,7848.3,7848.35,12:20:00,7849.038194783492,1,38
2016-05-10,7850.0,7853.7,7850.0,7853.0,12:25:00,7849.1297952803025,1,39
2016-05-10,7855.05,7855.65,7849.25,7850.15,12:30:00,7849.693624301226,1,40
2016-05-10,7862.6,7863.1,7854.3,7855.25,12:35:00,7850.922802939204,1,41
2016-05-10,7865.7,7866.2,7860.95,7862.4,12:40:00,7852.330155040233,1,42
2016-05-10,7866.4,7870.15,7864.8,7865.85,12:45:00,7853.670140274497,1,43
2016-05-10,7867.2,7871.15,7865.95,7866.25,12:50:00,7854.958698343592,1,44
2016-05-10,7871.8,7872.45,7864.55,7867.15,12:55:00,7856.5626318346785,1,45
2016-05-10,7878.35,7880.3,7871.35,7871.95,13:00:00,7858.637619278995,1,46
2016-05-10,7882.6,7886.0,7878.3,7878.3,13:05:00,7860.919750776234,1,47
2016-05-10,7886.4,7888.0,7881.8,7882.65,13:10:00,7863.346441178497,1,48
2016-05-10,7877.8,7888.15,7876.9,7886.05,13:15:00,7864.722970590069,1,49
2016-05-10,7880.25,7880.9,7876.7,7878.05,13:20:00,7866.201735295776,1,50
2016-05-10,7870.2,7880.8,7870.05,7880.65,13:25:00,7866.582522410465,1,51
2016-05-10,7871.65,7873.0,7864.8,7869.75,13:30:00,7867.065139323754,1,52
2016-05-10,7873.55,7875.0,7869.5,7871.7,13:35:00,7867.682745102445,1,53
2016-05-10,7867.95,7874.05,7867.3,7873.65,13:40:00,7867.708197949831,1,54
2016-05-10,7868.65,7869.55,7865.75,7867.6,13:45:00,7867.79789338318,1,55
2016-05-10,7876.9,7877.1,7868.8,7868.8,13:50:00,7868.66476068002,1,56
2016-05-10,7884.15,7885.25,7877.85,7878.05,13:55:00,7870.139545377161,1,57
2016-05-10,7881.9,7884.75,7881.0,7884.4,14:00:00,7871.259588674574,1,58
2016-05-10,7882.0,7886.2,7881.0,7882.4,14:05:00,7872.282484991281,1,59
2016-05-10,7882.55,7884.95,7881.6,7881.8,14:10:00,7873.260343563541,1,60
2016-05-10,7882.1,7883.6,7879.05,7882.8,14:15:00,7874.102215605108,1,61
2016-05-10,7886.0,7889.9,7881.95,7882.3,14:20:00,7875.235337928431,1,62
2016-05-10,7885.9,7887.1,7882.9,7885.9,14:25:00,7876.251020030486,1,63
2016-05-10,7894.7,7896.45,7886.1,7886.1,14:30:00,7878.008065741868,1,64
2016-05-10,7889.15,7896.9,7887.9,7894.35,14:35:00,7879.0692023378815,1,65
2016-05-10,7888.0,7892.05,7887.25,7889.25,14:40:00,7879.919754496179,1,66
2016-05-10,7889.3,7891.45,7887.8,7888.05,14:45:00,7880.8131112108285,1,67
2016-05-10,7890.45,7893.45,7888.95,7889.2,14:50:00,7881.730910143131,1,68
2016-05-10,7880.15,7890.9,7879.8,7890.0,14:55:00,7881.580347272356,1,69
2016-05-10,7885.75,7887.0,7879.2,7880.5,15:00:00,7881.977457055941,1,70
2016-05-10,7885.25,7887.9,7884.5,7885.9,15:05:00,7882.289127812519,1,71
2016-05-10,7888.05,7888.15,7883.3,7885.6,15:10:00,7882.837782306565,1,72
2016-05-10,7887.35,7888.8,7884.35,7888.35,15:15:00,7883.267517324987,1,73
2016-05-10,7892.15,7892.5,7887.15,7887.15,15:20:00,7884.113468055941,1,74
2016-05-10,7889.9,7893.3,7888.85,7892.0,15:25:00,7884.664566336328,1,75
2016-05-11,7822.3,7825.25,7780.9,7795.75,09:15:00,7878.725083828106,2,1
2016-05-11,7841.15,7841.5,7818.45,7821.75,09:20:00,7875.146504415905,2,2
2016-05-11,7845.3,7850.65,7837.8,7841.65,09:25:00,7872.3039801858195,2,3
2016-05-11,7840.3,7849.8,7832.15,7845.55,09:30:00,7869.255982072884,2,4
2016-05-11,7841.7,7841.7,7830.8,7840.5,09:35:00,7866.631602827847,2,5
2016-05-11,7856.8,7858.45,7841.55,7842.0,09:40:00,7865.695259701385,2,6
2016-05-11,7863.35,7865.3,7854.15,7856.45,09:45:00,7865.471901634586,2,7
2016-05-11,7859.9,7863.3,7853.2,7863.3,09:50:00,7864.941244336054,2,8
2016-05-11,7867.65,7869.65,7858.15,7859.95,09:55:00,7865.199221065954,2,9
2016-05-11,7855.8,7873.6,7854.65,7868.45,10:00:00,7864.304057154911,2,10
2016-05-11,7858.7,7860.05,7849.95,7855.4,10:05:00,7863.770337425872,2,11
2016-05-11,7857.5,7860.1,7852.3,7858.55,10:10:00,7863.173162432931,2,12
2016-05-11,7862.15,7865.55,7855.5,7857.15,10:15:00,7863.075718391699,2,13
2016-05-11,7865.35,7865.45,7860.65,7861.75,10:20:00,7863.292316640109,2,14
2016-05-11,7870.8,7870.8,7863.4,7865.4,10:25:00,7864.007334102956,2,15
2016-05-11,7864.25,7871.85,7862.35,7870.7,10:30:00,7864.03044514077,2,16
2016-05-11,7871.3,7877.15,7863.45,7864.45,10:35:00,7864.722783698791,2,17
2016-05-11,7869.9,7872.15,7866.35,7871.55,10:40:00,7865.215851917954,2,18
2016-05-11,7871.95,7875.9,7869.5,7869.65,10:45:00,7865.857199354339,2,19
2016-05-11,7875.0,7875.3,7871.2,7871.8,10:50:00,7866.727942272973,2,20
2016-05-11,7878.85,7883.85,7872.35,7874.65,10:55:00,7867.882423961262,2,21
2016-05-11,7884.4,7886.65,7878.65,7879.3,11:00:00,7869.455526441142,2,22
2016-05-11,7885.0,7887.3,7883.6,7884.7,11:05:00,7870.935952494367,2,23
2016-05-11,7877.05,7885.45,7873.75,7885.25,11:10:00,7871.518242732998,2,24
2016-05-11,7879.85,7880.4,7872.7,7876.6,11:15:00,7872.311743425093,2,25
2016-05-11,7878.5,7883.55,7877.25,7880.2,11:20:00,7872.901101194132,2,26
2016-05-11,7881.15,7881.2,7877.85,7878.4,11:25:00,7873.686710604215,2,27
2016-05-11,7880.9,7883.0,7878.55,7880.45,11:30:00,7874.37369054667,2,28
2016-05-11,7882.1,7883.55,7880.55,7881.3,11:35:00,7875.109529542226,2,29
2016-05-11,7883.2,7885.85,7881.75,7882.25,11:40:00,7875.880050538203,2,30
2016-05-11,7888.45,7890.7,7882.6,7883.45,11:45:00,7877.077188582183,2,31
2016-05-11,7891.5,7893.1,7886.35,7889.2,11:50:00,7878.450789669594,2,32
2016-05-11,7890.0,7892.1,7888.5,7891.45,11:55:00,7879.550714462966,2,33
2016-05-11,7883.7,7892.25,7883.7,7890.15,12:00:00,7879.945884514113,2,34
2016-05-11,7879.3,7884.75,7877.5,7883.55,12:05:00,7879.884371703245,2,35
2016-05-11,7878.05,7880.45,7877.4,7879.65,12:10:00,7879.70966963627,2,36
2016-05-11,7873.15,7878.45,7865.35,7877.85,12:15:00,7879.08493919472,2,37
2016-05-11,7863.0,7873.1,7860.8,7873.0,12:20:00,7877.553040223795,2,38
2016-05-11,7855.65,7862.95,7850.1,7862.85,12:25:00,7875.467036392956,2,39
2016-05-11,7853.85,7865.15,7848.95,7857.45,12:30:00,7873.408271022199,2,40
2016-05-11,7846.75,7855.55,7846.15,7853.6,12:35:00,7870.869388067704,2,41
2016-05-11,7849.0,7852.7,7837.65,7846.7,12:40:00,7868.786589204113,2,42
2016-05-11,7842.4,7848.95,7840.65,7848.95,12:45:00,7866.273580708483,2,43
2016-05-11,7839.35,7842.9,7834.7,7842.3,12:50:00,7863.709430164818,2,44
2016-05-11,7838.65,7841.45,7833.45,7839.6,12:55:00,7861.322817768168,2,45
2016-05-11,7822.45,7838.4,7815.05,7838.4,13:00:00,7857.620644647391,2,46
2016-05-11,7824.15,7828.8,7821.65,7822.3,13:05:00,7854.432964204781,2,47
2016-05-11,7831.55,7834.0,7823.65,7824.05,13:10:00,7852.253634280517,2,48
2016-05-11,7831.5,7836.2,7829.25,7831.4,13:15:00,7850.277097682373,2,49
2016-05-11,7823.2,7831.35,7820.4,7831.3,13:20:00,7847.698326474528,2,50
2016-05-11,7829.4,7829.5,7822.6,7822.95,13:25:00,7845.955628715048,2,51
2016-05-11,7834.3,7836.35,7826.55,7829.85,13:30:00,7844.845568837424,2,52
2016-05-11,7831.1,7834.1,7827.55,7834.0,13:35:00,7843.536467043384,2,53
2016-05-11,7841.6,7842.3,7828.35,7831.2,13:40:00,7843.35204161068,2,54
2016-05-11,7839.4,7842.4,7836.95,7841.75,13:45:00,7842.975656695377,2,55
2016-05-11,7837.0,7839.55,7834.75,7839.35,13:50:00,7842.406546533913,2,56
2016-05-11,7849.15,7849.15,7836.05,7837.15,13:55:00,7843.048780197349,2,57
2016-05-11,7853.9,7854.75,7847.3,7848.85,14:00:00,7844.082229702363,2,58
2016-05-11,7854.45,7855.7,7847.5,7853.95,14:05:00,7845.069636397377,2,59
2016-05-11,7852.8,7858.6,7852.8,7854.7,14:10:00,7845.805861502388,2,60
2016-05-11,7855.95,7856.35,7850.8,7852.7,14:15:00,7846.771969930733,2,61
2016-05-11,7854.3,7859.05,7853.7,7856.0,14:20:00,7847.488925175425,2,62
2016-05-11,7851.15,7855.25,7846.35,7854.2,14:25:00,7847.837598968242,2,63
2016-05-11,7846.05,7850.9,7843.2,7850.8,14:30:00,7847.667351447457,2,64
2016-05-11,7851.95,7852.0,7840.55,7845.8,14:35:00,7848.075222738175,2,65
2016-05-11,7847.95,7855.45,7847.85,7851.85,14:40:00,7848.063296763111,2,66
2016-05-11,7839.0,7848.85,7837.95,7848.5,14:45:00,7847.200125642815,2,67
2016-05-11,7837.75,7839.65,7832.3,7838.55,14:50:00,7846.300113676833,2,68
2016-05-11,7835.85,7841.1,7833.7,7837.6,14:55:00,7845.30486475523,2,69
2016-05-11,7841.75,7845.55,7834.95,7835.8,15:00:00,7844.966306207112,2,70
2016-05-11,7847.1,7847.1,7840.25,7841.3,15:05:00,7845.169515139769,2,71
2016-05-11,7849.05,7851.45,7843.45,7846.55,15:10:00,7845.539085126457,2,72
2016-05-11,7849.45,7850.3,7846.35,7849.1,15:15:00,7845.911553209652,2,73
2016-05-11,7854.7,7854.7,7849.1,7849.85,15:20:00,7846.748548142066,2,74
2016-05-11,7851.85,7854.7,7849.6,7854.5,15:25:00,7847.234400699965,2,75
2016-05-12,7881.3,7887.15,7873.05,7877.15,09:15:00,7850.478743490445,3,1
2016-05-12,7879.8,7883.45,7873.3,7881.2,09:20:00,7853.271244110402,3,2
2016-05-12,7893.65,7893.9,7879.55,7879.55,09:25:00,7857.116839909411,3,3
2016-05-12,7905.05,7905.5,7893.7,7893.7,09:30:00,7861.681902775182,3,4
2016-05-12,7906.1,7912.0,7904.0,7904.95,09:35:00,7865.912197748974,3,5
2016-05-12,7913.2,7916.05,7905.85,7906.5,09:40:00,7870.415797963357,3,6
2016-05-12,7905.6,7913.1,7904.65,7913.0,09:45:00,7873.7666743478,3,7
2016-05-12,7905.25,7908.95,7905.1,7905.5,09:50:00,7876.765086314676,3,8
2016-05-12,7901.85,7907.7,7901.45,7904.9,09:55:00,7879.1541257132785,3,9
2016-05-12,7904.45,7908.75,7900.85,7902.0,10:00:00,7881.563256597728,3,10
2016-05-12,7903.65,7905.55,7903.25,7904.35,10:05:00,7883.666755969373,3,11
2016-05-12,7895.95,7904.25,7894.95,7903.7,10:10:00,7884.836588734195,3,12
2016-05-12,7895.05,7896.9,7893.15,7895.55,10:15:00,7885.809294569033,3,13
2016-05-12,7889.45,7896.4,7889.45,7894.95,10:20:00,7886.156028419601,3,14
2016-05-12,7888.8,7894.45,7886.6,7889.5,10:25:00,7886.407835236782,3,15
2016-05-12,7892.45,7892.85,7885.9,7888.85,10:30:00,7886.983279499946,3,16
2016-05-12,7893.6,7895.6,7891.8,7892.25,10:35:00,7887.613443357093,3,17
2016-05-12,7889.1,7893.85,7888.15,7893.55,10:40:00,7887.755020180228,3,18
2016-05-12,7892.9,7893.05,7888.15,7889.25,10:45:00,7888.245018258302,3,19
2016-05-12,7890.45,7893.05,7888.55,7893.05,10:50:00,7888.455016519416,3,20
2016-05-12,7888.4,7891.4,7886.0,7890.6,10:55:00,7888.4497768509,3,21
2016-05-12,7890.9,7891.4,7887.7,7888.45,11:00:00,7888.683131436528,3,22
2016-05-12,7889.65,7891.7,7888.75,7890.75,11:05:00,7888.775214156859,3,23
2016-05-12,7890.9,7891.4,7888.85,7889.85,11:10:00,7888.977574713348,3,24
2016-05-12,7893.6,7893.8,7889.9,7890.7,11:15:00,7889.417805693029,3,25
2016-05-12,7892.1,7896.65,7892.1,7893.95,11:20:00,7889.673252769883,3,26
2016-05-12,7891.3,7892.5,7888.5,7891.85,11:25:00,7889.828181077513,3,27
2016-05-12,7896.2,7897.9,7890.6,7891.25,11:30:00,7890.435020974893,3,28
2016-05-12,7898.75,7899.05,7896.0,7896.0,11:35:00,7891.226923739188,3,29
2016-05-12,7898.15,7899.3,7897.05,7898.15,11:40:00,7891.886264335456,3,30
2016-05-12,7900.05,7901.25,7897.85,7897.95,11:45:00,7892.6637629701745,3,31
2016-05-12,7896.75,7900.15,7896.75,7900.15,11:50:00,7893.052928401586,3,32
2016-05-12,7895.0,7897.45,7894.75,7896.85,11:55:00,7893.238363791911,3,33
2016-05-12,7897.3,7898.6,7894.9,7895.1,12:00:00,7893.62518628792,3,34
2016-05-12,7893.8,7897.35,7893.8,7897.0,12:05:00,7893.64183521288,3,35
2016-05-12,7897.25,7897.55,7893.65,7893.7,12:10:00,7893.985469954511,3,36
2016-05-12,7893.35,7897.65,7893.1,7897.15,12:15:00,7893.924949006463,3,37
2016-05-12,7891.95,7894.0,7889.3,7893.4,12:20:00,7893.736858624895,3,38
2016-05-12,7891.7,7892.85,7890.55,7892.1,12:25:00,7893.5428720891905,3,39
2016-05-12,7881.45,7892.25,7880.75,7891.95,12:30:00,7892.391169985458,3,40
2016-05-12,7884.6,7887.05,7879.9,7881.15,12:35:00,7891.649153796367,3,41
2016-05-12,7882.7,7884.55,7880.6,7884.5,12:40:00,7890.796853434809,3,42
2016-05-12,7878.85,7884.85,7878.85,7882.55,12:45:00,7889.65905786959,3,43
2016-05-12,7878.9,7880.0,7875.45,7878.35,12:50:00,7888.634385691534,3,44
2016-05-12,7868.9,7879.5,7868.9,7879.0,12:55:00,7886.754920387579,3,45
2016-05-12,7857.9,7861.95,7849.65,7861.95,13:00:00,7884.006832731619,3,46
2016-05-12,7862.1,7866.15,7856.1,7857.25,13:05:00,7881.92046770956,3,47
2016-05-12,7867.15,7869.4,7861.75,7862.05,13:10:00,7880.513756499126,3,48
2016-05-12,7875.3,7875.55,7863.3,7867.35,13:15:00,7880.017208261114,3,49
2016-05-12,7878.5,7884.8,7872.7,7875.35,13:20:00,7879.872712236246,3,50
2016-05-12,7883.1,7885.6,7877.3,7878.65,13:25:00,7880.180072975651,3,51
2016-05-12,7885.85,7890.65,7882.75,7882.75,13:30:00,7880.720066025589,3,52
2016-05-12,7879.3,7886.15,7879.0,7885.35,13:35:00,7880.5848216422,3,53
2016-05-12,7880.45,7883.4,7879.15,7879.35,13:40:00,7880.571981485799,3,54
2016-05-12,7876.5,7880.95,7873.3,7880.5,13:45:00,7880.184173725247,3,55
2016-05-12,7880.4,7880.45,7874.35,7876.55,13:50:00,7880.204728608557,3,56
2016-05-12,7882.95,7883.9,7880.25,7880.5,13:55:00,7880.46618302679,3,57
2016-05-12,7888.0,7889.35,7882.35,7882.9,14:00:00,7881.183689405191,3,58
2016-05-12,7894.4,7895.8,7886.3,7887.85,14:05:00,7882.442385652315,3,59
2016-05-12,7891.25,7894.8,7888.1,7894.7,14:10:00,7883.281206066381,3,60
2016-05-12,7891.9,7893.65,7889.95,7890.85,14:15:00,7884.102043583869,3,61
2016-05-12,7894.55,7894.55,7890.65,7891.65,14:20:00,7885.097087052072,3,62
2016-05-12,7887.95,7894.7,7884.9,7894.65,14:25:00,7885.368793047113,3,63
2016-05-12,7897.95,7897.95,7888.05,7888.05,14:30:00,7886.567003233103,3,64
2016-05-12,7897.4,7899.4,7896.7,7898.0,14:35:00,7887.598717210903,3,65
2016-05-12,7892.7,7898.95,7892.7,7897.75,14:40:00,7888.084553667007,3,66
2016-05-12,7896.4,7897.25,7893.0,7893.05,14:45:00,7888.876500936816,3,67
2016-05-12,7894.9,7898.85,7894.5,7896.55,14:50:00,7889.450167514262,3,68
2016-05-12,7893.6,7895.25,7891.75,7894.85,14:55:00,7889.84538965576,3,69
2016-05-12,7896.7,7899.2,7893.15,7893.45,15:00:00,7890.498209688545,3,70
2016-05-12,7897.6,7898.05,7895.25,7896.5,15:05:00,7891.174570670588,3,71
2016-05-12,7900.1,7900.45,7897.1,7897.3,15:10:00,7892.024611559103,3,72
2016-05-12,7905.2,7905.85,7897.1,7900.3,15:15:00,7893.279410458236,3,73
2016-05-12,7903.85,7906.4,7903.35,7905.35,15:20:00,7894.2861332717375,3,74
2016-05-12,7905.2,7907.35,7903.3,7903.65,15:25:00,7895.32554915062,3,75
2016-05-13,7877.45,7878.9,7862.25,7877.65,09:15:00,7893.62311589818,4,1
2016-05-13,7875.4,7878.55,7870.75,7877.65,09:20:00,7891.887581050734,4,2
2016-05-13,7874.5,7879.85,7874.0,7874.4,09:25:00,7890.231620950664,4,3
2016-05-13,7826.4,7875.45,7823.3,7874.65,09:30:00,7884.152418955363,4,4
2016-05-13,7827.5,7833.85,7820.2,7826.8,09:35:00,7878.756950483424,4,5
2016-05-13,7837.3,7837.3,7821.6,7827.2,09:40:00,7874.808669485003,4,6
2016-05-13,7837.35,7838.0,7829.15,7837.45,09:45:00,7871.241177153098,4,7
2016-05-13,7831.65,7838.95,7830.95,7837.0,09:50:00,7867.470588852803,4,8
2016-05-13,7835.35,7835.7,7828.15,7831.9,09:55:00,7864.411485152536,4,9
2016-05-13,7837.65,7838.85,7832.15,7835.45,10:00:00,7861.862772280866,4,10
2016-05-13,7839.25,7839.85,7836.0,7838.1,10:05:00,7859.709174920783,4,11
2016-05-13,7837.75,7841.55,7837.75,7839.05,10:10:00,7857.617824928327,4,12
2016-05-13,7830.2,7838.5,7829.0,7837.3,10:15:00,7855.006603506582,4,13
2016-05-13,7836.65,7837.45,7829.9,7830.4,10:20:00,7853.258355553575,4,14
2016-05-13,7834.85,7837.1,7832.8,7836.25,10:25:00,7851.505178834187,4,15
2016-05-13,7837.3,7838.1,7832.9,7835.1,10:30:00,7850.152304659503,4,16
2016-05-13,7833.05,7837.5,7832.4,7837.2,10:35:00,7848.52351373955,4,17
2016-05-13,7835.95,7836.35,7831.6,7833.15,10:40:00,7847.326036240545,4,18
2016-05-13,7833.95,7836.9,7833.3,7836.0,10:45:00,7846.05212802716,4,19
2016-05-13,7835.7,7837.75,7833.55,7833.75,10:50:00,7845.066211072192,4,20
2016-05-13,7834.65,7837.25,7833.75,7835.55,10:55:00,7844.074190970078,4,21
2016-05-13,7826.95,7835.6,7819.1,7834.75,11:00:00,7842.443315639594,4,22
2016-05-13,7830.8,7831.55,7826.05,7826.05,11:05:00,7841.334428435824,4,23
2016-05-13,7827.4,7830.75,7826.7,7830.7,11:10:00,7840.007340013364,4,24
2016-05-13,7827.6,7828.6,7824.85,7827.3,11:15:00,7838.82568858352,4,25
2016-05-13,7831.75,7833.6,7827.5,7827.5,11:20:00,7838.151813480327,4,26
2016-05-13,7835.15,7837.2,7830.1,7831.9,11:25:00,7837.865926482201,4,27
2016-05-13,7840.4,7840.6,7832.5,7835.0,11:30:00,7838.107266817229,4,28
2016-05-13,7842.8,7844.05,7839.65,7842.3,11:35:00,7838.554193787017,4,29
2016-05-13,7840.0,7843.75,7838.55,7842.75,11:40:00,7838.691889616824,4,30
2016-05-13,7836.85,7841.3,7835.45,7839.95,11:45:00,7838.516471558079,4,31
2016-05-13,7835.05,7837.65,7829.25,7837.65,11:50:00,7838.186331409691,4,32
2016-05-13,7830.75,7835.25,7830.7,7834.85,11:55:00,7837.478109370673,4,33
2016-05-13,7829.95,7832.05,7825.75,7830.7,12:00:00,7836.761146573466,4,34
2016-05-13,7830.1,7831.35,7828.4,7830.15,12:05:00,7836.126751661708,4,35
2016-05-13,7828.95,7830.55,7827.85,7829.9,12:10:00,7835.44325150345,4,36
2016-05-13,7801.35,7829.1,7800.95,7829.1,12:15:00,7832.196275169788,4,37
2016-05-13,7811.0,7811.15,7798.65,7801.75,12:20:00,7830.177582296475,4,38
2016-05-13,7806.0,7812.75,7806.0,7810.95,12:25:00,7827.874955411096,4,39
2016-05-13,7792.7,7806.75,7784.2,7806.25,12:30:00,7824.524959657658,4,40
2016-05-13,7797.0,7797.2,7788.15,7792.25,12:35:00,7821.903534928357,4,41
2016-05-13,7797.8,7798.6,7793.7,7796.1,12:40:00,7819.607960173274,4,42
2016-05-13,7803.0,7803.6,7796.3,7797.75,12:45:00,7818.026249680582,4,43
2016-05-13,7796.0,7803.85,7795.15,7803.25,12:50:00,7815.928511615764,4,44
2016-05-13,7792.1,7797.55,7790.05,7795.8,12:55:00,7813.659129557121,4,45
2016-05-13,7793.55,7794.75,7788.9,7791.95,13:00:00,7811.743974361205,4,46
2016-05-13,7793.3,7795.95,7791.9,7793.3,13:05:00,7809.987405374424,4,47
2016-05-13,7801.85,7801.9,7792.25,7793.6,13:10:00,7809.212414386384,4,48
2016-05-13,7804.7,7806.8,7801.2,7802.0,13:15:00,7808.7826606353,4,49
2016-05-13,7812.1,7813.0,7804.35,7804.85,13:20:00,7809.098597717652,4,50
2016-05-13,7803.65,7814.7,7803.35,7812.65,13:25:00,7808.579683649305,4,51
2016-05-13,7803.75,7807.3,7802.7,7803.85,13:30:00,7808.119713777942,4,52
2016-05-13,7796.1,7805.7,7795.5,7803.65,13:35:00,7806.974979132424,4,53
2016-05-13,7799.3,7801.35,7794.2,7796.35,13:40:00,7806.24402873886,4,54
2016-05-13,7800.5,7805.1,7794.95,7799.65,13:45:00,7805.696978382778,4,55
2016-05-13,7804.65,7805.1,7800.9,7800.9,13:50:00,7805.597266155847,4,56
2016-05-13,7802.5,7805.8,7801.8,7804.75,13:55:00,7805.302288426719,4,57
2016-05-13,7805.55,7805.55,7801.4,7802.8,14:00:00,7805.325880005127,4,58
2016-05-13,7804.5,7807.6,7804.5,7805.45,14:05:00,7805.247224766543,4,59
2016-05-13,7809.9,7810.7,7803.4,7804.65,14:10:00,7805.690346217349,4,60
2016-05-13,7810.05,7812.9,7805.2,7810.1,14:15:00,7806.105551339506,4,61
2016-05-13,7810.25,7812.9,7809.55,7810.4,14:20:00,7806.500260735743,4,62
2016-05-13,7811.5,7816.05,7808.7,7810.05,14:25:00,7806.976426379958,4,63
2016-05-13,7817.15,7819.55,7810.85,7811.75,14:30:00,7807.945338153296,4,64
2016-05-13,7818.65,7819.85,7815.3,7817.3,14:35:00,7808.964829757744,4,65
2016-05-13,7809.0,7818.9,7807.9,7818.3,14:40:00,7808.968179304626,4,66
2016-05-13,7812.6,7812.95,7807.9,7809.35,14:45:00,7809.314066989899,4,67
2016-05-13,7812.45,7817.5,7811.45,7813.1,14:50:00,7809.612727276576,4,68
2016-05-13,7818.5,7819.15,7812.1,7812.7,14:55:00,7810.459134202617,4,69
2016-05-13,7809.95,7819.2,7809.9,7818.75,15:00:00,7810.41064523094,4,70
2016-05-13,7810.25,7813.25,7808.0,7809.55,15:05:00,7810.395345685136,4,71
2016-05-13,7821.35,7821.9,7810.25,7810.85,15:10:00,7811.438646096075,4,72
2016-05-13,7818.55,7821.35,7815.0,7820.9,15:15:00,7812.115917896449,4,73
2016-05-13,7814.8,7819.2,7813.35,7818.45,15:20:00,7812.371544763454,4,74
2016-05-13,7813.6,7815.65,7811.65,7814.6,15:25:00,7812.488540500268,4,75
2016-05-16,7802.55,7845.65,7800.8,7829.6,09:15:00,7811.542012833576,0,1
2016-05-16,7816.15,7816.65,7796.9,7802.5,09:20:00,7811.980868754188,0,2
2016-05-16,7809.1,7818.35,7803.85,7816.1,09:25:00,7811.706500301409,0,3
2016-05-16,7803.0,7809.1,7797.75,7809.0,09:30:00,7810.877309796512,0,4
2016-05-16,7812.8,7812.8,7802.85,7802.9,09:35:00,7811.060423149225,0,5
2016-05-16,7812.1,7819.6,7811.45,7812.5,09:40:00,7811.159430468347,0,6
2016-05-16,7819.9,7820.15,7808.9,7812.2,09:45:00,7811.991865661837,0,7
2016-05-16,7814.25,7822.7,7813.55,7819.75,09:50:00,7812.206926074996,0,8
2016-05-16,7816.8,7820.5,7814.1,7814.1,09:55:00,7812.644361686901,0,9
2016-05-16,7809.05,7816.95,7807.45,7816.95,10:00:00,7812.302041526244,0,10
2016-05-16,7808.6,7811.2,7805.8,7808.85,10:05:00,7811.949466142792,0,11
2016-05-16,7801.9,7808.9,7801.0,7808.85,10:10:00,7810.992374129193,0,12
2016-05-16,7807.25,7807.9,7801.35,7801.7,10:15:00,7810.635957545461,0,13
2016-05-16,7800.4,7807.9,7800.35,7807.55,10:20:00,7809.661104445893,0,14
2016-05-16,7797.15,7805.75,7796.05,7801.0,10:25:00,7808.469570689142,0,15
2016-05-16,7799.75,7802.7,7796.65,7797.45,10:30:00,7807.639135385413,0,16
2016-05-16,7803.85,7806.25,7799.8,7800.45,10:35:00,7807.2782653487075,0,17
2016-05-16,7805.05,7807.75,7803.35,7803.8,10:40:00,7807.0660496012115,0,18
2016-05-16,7800.95,7805.45,7800.2,7805.15,10:45:00,7806.48356868681,0,19
2016-05-16,7791.5,7803.35,7791.5,7801.0,10:50:00,7805.05656214521,0,20
2016-05-16,7784.25,7791.35,7781.35,7791.3,10:55:00,7803.074984798047,0,21
2016-05-16,7792.7,7793.5,7782.8,7784.7,11:00:00,7802.086891007757,0,22
2016-05-16,7784.7,7795.0,7784.6,7792.9,11:05:00,7800.430996626065,0,23
2016-05-16,7776.6,7787.2,7776.6,7784.6,11:10:00,7798.161377899773,0,24
2016-05-16,7776.4,7778.8,7772.65,7776.95,11:15:00,7796.088865718842,0,25
2016-05-16,7784.6,7784.7,7776.9,7777.3,11:20:00,7794.994688031334,0,26
2016-05-16,7785.75,7785.95,7781.7,7784.7,11:25:00,7794.114241552159,0,27
2016-05-16,7788.75,7790.9,7785.3,7785.6,11:30:00,7793.603361404334,0,28
2016-05-16,7786.55,7790.25,7784.4,7788.8,11:35:00,7792.931612699159,0,29
2016-05-16,7785.4,7787.8,7785.4,7786.3,11:40:00,7792.2143162516195,0,30
2016-05-16,7784.8,7785.45,7778.9,7785.05,11:45:00,7791.508190894323,0,31
2016-05-16,7783.6,7786.85,7782.05,7784.45,11:50:00,7790.755029856768,0,32
2016-05-16,7787.0,7787.05,7783.4,7783.95,11:55:00,7790.397407965648,0,33
2016-05-16,7790.35,7792.1,7786.45,7787.1,12:00:00,7790.392892921301,0,34
2016-05-16,7786.7,7791.75,7785.85,7790.2,12:05:00,7790.041188833557,0,35
2016-05-16,7787.95,7788.5,7785.5,7786.65,12:10:00,7789.842027992266,0,36
2016-05-16,7791.3,7792.3,7786.55,7788.05,12:15:00,7789.980882469193,0,37
2016-05-16,7793.2,7793.75,7789.7,7791.2,12:20:00,7790.287465091174,0,38
2016-05-16,7788.85,7793.9,7788.05,7793.4,12:25:00,7790.15056365392,0,39
2016-05-16,7783.1,7789.15,7782.2,7788.75,12:30:00,7789.479081401166,0,40
2016-05-16,7785.65,7786.85,7780.15,7782.8,12:35:00,7789.114406982007,0,41
2016-05-16,7787.6,7789.45,7785.5,7786.2,12:40:00,7788.970177745626,0,42
2016-05-16,7782.55,7789.65,7782.35,7787.8,12:45:00,7788.358732246043,0,43
2016-05-16,7779.05,7779.05,7772.15,7777.35,12:50:00,7787.472186317848,0,44
2016-05-16,7777.6,7780.7,7776.1,7778.8,12:55:00,7786.531978097101,0,45
2016-05-16,7787.8,7789.55,7776.85,7777.8,13:00:00,7786.652742087854,0,46
2016-05-16,7792.4,7792.45,7787.1,7787.95,13:05:00,7787.200099984248,0,47
2016-05-16,7793.25,7794.55,7790.8,7792.45,13:10:00,7787.776280938129,0,48
2016-05-16,7795.5,7797.15,7788.7,7793.3,13:15:00,7788.511873229736,0,49
2016-05-16,7796.95,7802.25,7794.7,7795.85,13:20:00,7789.315504350713,0,50
2016-05-16,7810.95,7811.15,7796.25,7797.05,13:25:00,7791.375932507788,0,51
2016-05-16,7808.0,7814.35,7804.85,7811.0,13:30:00,7792.959177030856,0,52
2016-05-16,7804.2,7808.7,7802.95,7807.95,13:35:00,7794.029731599346,0,53
2016-05-16,7807.9,7809.85,7804.2,7804.25,13:40:00,7795.350709542266,0,54
2016-05-16,7806.0,7808.0,7801.4,7808.0,13:45:00,7796.3649276810975,0,55
2016-05-16,7807.3,7809.65,7805.05,7805.9,13:50:00,7797.40636314004,0,56
2016-05-16,7805.8,7810.0,7805.5,7807.65,13:55:00,7798.205757126703,0,57
2016-05-16,7817.95,7818.15,7804.1,7805.55,14:00:00,7800.086161209874,0,58
2016-05-16,7816.4,7818.6,7812.55,7817.75,14:05:00,7801.639860142268,0,59
2016-05-16,7823.8,7827.1,7815.4,7816.15,14:10:00,7803.750349652528,0,60
2016-05-16,7820.5,7825.0,7820.25,7823.75,14:15:00,7805.345554447525,0,61
2016-05-16,7820.25,7821.25,7815.6,7820.35,14:20:00,7806.765025452523,0,62
2016-05-16,7832.9,7833.05,7818.45,7819.65,14:25:00,7809.254070647521,0,63
2016-05-16,7845.7,7850.85,7832.8,7832.8,14:30:00,7812.725111538233,0,64
2016-05-16,7848.95,7849.2,7842.15,7846.2,14:35:00,7816.175100915544,0,65
2016-05-16,7845.8,7852.5,7843.6,7849.55,14:40:00,7818.996519875969,0,66
2016-05-16,7841.35,7847.45,7840.35,7845.45,14:45:00,7821.125422744924,0,67
2016-05-16,7847.5,7850.05,7839.6,7841.6,14:50:00,7823.637287245408,0,68
2016-05-16,7862.0,7864.25,7847.35,7847.45,14:55:00,7827.290878936321,0,69
2016-05-16,7868.0,7873.9,7859.05,7861.9,15:00:00,7831.167938085243,0,70
2016-05-16,7860.65,7872.1,7860.65,7867.45,15:05:00,7833.975753505696,0,71
2016-05-16,7860.55,7862.65,7855.3,7860.7,15:10:00,7836.506634124201,0,72
2016-05-16,7861.25,7862.15,7857.8,7860.25,15:15:00,7838.863145159991,0,73
2016-05-16,7858.2,7862.6,7857.6,7861.45,15:20:00,7840.704750382849,0,74
2016-05-16,7859.3,7861.1,7856.05,7858.1,15:25:00,7842.475726536863,0,75
2016-05-17,7908.4,7910.9,7891.2,7891.2,09:15:00,7848.754228771448,1,1
2016-05-17,7913.2,7913.9,7901.0,7908.25,09:20:00,7854.8919212694045,1,2
2016-05-17,7909.5,7913.75,7904.85,7912.65,09:25:00,7860.092690672318,1,3
2016-05-17,7908.5,7914.1,7906.45,7909.9,09:30:00,7864.702910608287,1,4
2016-05-17,7898.05,7908.95,7896.45,7908.3,09:35:00,7867.878823883689,1,5
2016-05-17,7903.2,7906.5,7897.6,7899.65,09:40:00,7871.242745418575,1,6
2016-05-17,7906.45,7910.9,7902.25,7903.35,09:45:00,7874.5958172834735,1,7
2016-05-17,7907.8,7908.1,7902.45,7906.3,09:50:00,7877.758120399333,1,8
2016-05-17,7906.65,7908.0,7903.1,7907.35,09:55:00,7880.5097279803485,1,9
2016-05-17,7899.45,7907.0,7895.6,7906.8,10:00:00,7882.313563410791,1,10
2016-05-17,7892.5,7900.05,7891.35,7899.6,10:05:00,7883.2837002288115,1,11
2016-05-17,7894.65,7894.85,7889.2,7892.6,10:10:00,7884.366204968925,1,12
2016-05-17,7897.85,7898.25,7894.7,7894.7,10:15:00,7885.650375924265,1,13
2016-05-17,7902.7,7903.9,7897.35,7898.05,10:20:00,7887.274149645764,1,14
2016-05-17,7906.45,7906.45,7902.3,7902.65,10:25:00,7889.100421108072,1,15
2016-05-17,7907.35,7909.2,7905.45,7906.2,10:30:00,7890.838476240636,1,16
2016-05-17,7906.6,7908.1,7904.65,7907.05,10:35:00,7892.339573741528,1,17
2016-05-17,7904.15,7906.95,7903.25,7906.7,10:40:00,7893.464376242334,1,18
2016-05-17,7906.05,7906.85,7902.65,7904.05,10:45:00,7894.663007076397,1,19
2016-05-17,7903.35,7906.65,7902.7,7905.85,10:50:00,7895.4903397357875,1,20
2016-05-17,7908.45,7909.0,7902.95,7903.3,10:55:00,7896.724593094284,1,21
2016-05-17,7906.25,7910.75,7905.35,7908.35,11:00:00,7897.631774704352,1,22
2016-05-17,7899.55,7907.2,7898.95,7906.8,11:05:00,7897.814462827747,1,23
2016-05-17,7897.5,7901.65,7896.5,7899.75,11:10:00,7897.784513987009,1,24
2016-05-17,7894.95,7899.05,7894.15,7897.85,11:15:00,7897.51456027396,1,25
2016-05-17,7903.1,7903.35,7895.05,7895.05,11:20:00,7898.046506914536,1,26
2016-05-17,7908.05,7908.05,7902.0,7902.9,11:25:00,7898.999220541723,1,27
2016-05-17,7903.75,7909.0,7903.15,7907.55,11:30:00,7899.451675728225,1,28
2016-05-17,7908.4,7910.05,7903.25,7904.2,11:35:00,7900.303897087442,1,29
2016-05-17,7907.05,7909.35,7906.05,7908.5,11:40:00,7900.946383079115,1,30
2016-05-17,7907.4,7909.25,7906.45,7906.8,11:45:00,7901.561013262056,1,31
2016-05-17,7907.35,7910.4,7906.7,7907.55,11:50:00,7902.112345332336,1,32
2016-05-17,7911.8,7912.1,7907.15,7907.25,11:55:00,7903.034979110209,1,33
2016-05-17,7920.35,7920.35,7910.95,7912.25,12:00:00,7904.684028718761,1,34
2016-05-17,7924.95,7928.3,7918.5,7920.4,12:05:00,7906.614121221735,1,35
2016-05-17,7927.95,7929.1,7923.1,7925.45,12:10:00,7908.646109676809,1,36
2016-05-17,7925.0,7927.95,7924.45,7927.85,12:15:00,7910.203623040922,1,37
2016-05-17,7925.65,7927.15,7924.05,7925.05,12:20:00,7911.674706560834,1,38
2016-05-17,7930.55,7931.25,7924.8,7925.35,12:25:00,7913.472353555041,1,39
2016-05-17,7930.55,7930.65,7923.0,7930.65,12:30:00,7915.098796073609,1,40
2016-05-17,7927.35,7930.1,7925.7,7929.8,12:35:00,7916.265577399932,1,41
2016-05-17,7928.85,7929.1,7926.0,7927.3,12:40:00,7917.4640938380335,1,42
2016-05-17,7932.85,7933.6,7927.9,7928.95,12:45:00,7918.929418234411,1,43
2016-05-17,7927.6,7933.15,7927.55,7933.15,12:50:00,7919.755187926372,1,44
2016-05-17,7927.4,7928.6,7926.2,7928.05,12:55:00,7920.483265266717,1,45
2016-05-17,7932.15,7932.25,7927.45,7927.45,13:00:00,7921.594382860363,1,46
2016-05-17,7928.95,7932.35,7928.9,7932.3,13:05:00,7922.294917826042,1,47
2016-05-17,7922.65,7930.55,7922.05,7929.0,13:10:00,7922.328735175943,1,48
2016-05-17,7923.05,7924.9,7922.2,7923.1,13:15:00,7922.397427063948,1,49
2016-05-17,7920.1,7923.6,7919.15,7923.25,13:20:00,7922.17862448643,1,50
2016-05-17,7926.7,7927.9,7920.2,7920.2,13:25:00,7922.609231678199,1,51
2016-05-17,7928.2,7932.9,7926.9,7927.05,13:30:00,7923.141685804085,1,52
2016-05-17,7923.5,7930.4,7921.4,7928.6,13:35:00,7923.1758109656,1,53
2016-05-17,7919.5,7925.6,7918.55,7923.85,13:40:00,7922.825733730781,1,54
2016-05-17,7919.5,7920.7,7916.25,7919.55,13:45:00,7922.508997184993,1,55
2016-05-17,7920.65,7922.4,7918.55,7919.25,13:50:00,7922.331949834041,1,56
2016-05-17,7921.5,7922.2,7918.75,7920.6,13:55:00,7922.252716516513,1,57
2016-05-17,7929.85,7929.85,7922.0,7922.0,14:00:00,7922.976267324464,1,58
2016-05-17,7929.8,7931.2,7927.25,7929.8,14:05:00,7923.626146626895,1,59
2016-05-17,7939.4,7940.1,7927.75,7930.0,14:10:00,7925.128418376715,1,60
2016-05-17,7935.3,7939.5,7933.75,7939.5,14:15:00,7926.097140436075,1,61
2016-05-17,7935.15,7937.95,7933.85,7935.65,14:20:00,7926.959317537402,1,62
2016-05-17,7928.15,7935.4,7925.7,7935.2,14:25:00,7927.072715867173,1,63
2016-05-17,7921.7,7928.4,7920.65,7927.75,14:30:00,7926.561028641729,1,64
2016-05-17,7918.9,7923.15,7917.45,7921.8,14:35:00,7925.831406866326,1,65
2016-05-17,7896.05,7919.6,7892.0,7919.25,14:40:00,7922.995082402866,1,66
2016-05-17,7904.8,7905.2,7886.65,7895.9,14:45:00,7921.262217412117,1,67
2016-05-17,7904.25,7908.4,7903.3,7904.85,14:50:00,7919.642006230011,1,68
2016-05-17,7906.4,7908.1,7903.55,7904.5,14:55:00,7918.380862779534,1,69
2016-05-17,7899.35,7906.85,7894.05,7906.6,15:00:00,7916.568399657674,1,70
2016-05-17,7898.05,7903.65,7897.85,7899.7,15:05:00,7914.804742547419,1,71
2016-05-17,7894.75,7900.05,7892.45,7898.25,15:10:00,7912.894767066712,1,72
2016-05-17,7885.75,7895.0,7885.55,7894.6,15:15:00,7910.309551155597,1,73
2016-05-17,7881.75,7887.75,7879.7,7885.85,15:20:00,7907.589593902682,1,74
2016-05-17,7887.5,7888.5,7880.4,7881.85,15:25:00,7905.676299245284,1,75
2016-05-20,7806.35,7809.55,7780.5,7786.75,09:15:00,7896.216651698114,4,1
2016-05-20,7789.0,7811.1,7787.0,7806.15,09:20:00,7886.00554201258,4,2
2016-05-20,7784.1,7789.75,7773.4,7789.1,09:25:00,7876.300252297096,4,3
2016-05-20,7798.3,7803.65,7782.85,7784.2,09:30:00,7868.87165684023,4,4
2016-05-20,7796.0,7802.25,7795.65,7798.65,09:35:00,7861.931499045922,4,5
2016-05-20,7803.95,7804.9,7793.55,7795.75,09:40:00,7856.409451517739,4,6
2016-05-20,7798.45,7807.55,7798.15,7804.05,09:45:00,7850.889503754145,4,7
2016-05-20,7792.65,7799.5,7789.75,7798.35,09:50:00,7845.342884348988,4,8
2016-05-20,7790.15,7796.8,7789.9,7792.45,09:55:00,7840.086419172894,4,9
2016-05-20,7793.5,7793.5,7785.45,7790.3,10:00:00,7835.649617346905,4,10
2016-05-20,7792.75,7795.4,7791.7,7793.45,10:05:00,7831.563939504343,4,11
2016-05-20,7785.25,7792.6,7784.8,7792.6,10:10:00,7827.153088122976,4,12
2016-05-20,7777.6,7785.85,7774.7,7785.15,10:15:00,7822.433746396979,4,13
2016-05-20,7778.9,7781.0,7777.05,7777.35,10:20:00,7818.287675311552,4,14
2016-05-20,7779.7,7784.95,7777.7,7778.7,10:25:00,7814.612658615214,4,15
2016-05-20,7785.4,7786.15,7777.25,7779.65,10:30:00,7811.83050065186,4,16
2016-05-20,7786.35,7789.3,7783.5,7785.45,10:35:00,7809.403786304064,4,17
2016-05-20,7783.45,7787.2,7782.8,7786.1,10:40:00,7806.931997132247,4,18
2016-05-20,7786.9,7786.9,7781.7,7783.55,10:45:00,7805.024187881558,4,19
2016-05-20,7787.1,7790.55,7786.55,7786.95,10:50:00,7803.317122369029,4,20
2016-05-20,7789.4,7789.65,7786.7,7787.05,10:55:00,7801.991682143407,4,21
2016-05-20,7795.45,7797.3,7789.0,7789.3,11:00:00,7801.368664796416,4,22
2016-05-20,7794.4,7797.55,7793.8,7795.55,11:05:00,7800.704982434852,4,23
2016-05-20,7793.4,7794.5,7792.25,7793.55,11:10:00,7800.00926982201,4,24
2016-05-20,7798.6,7800.0,7792.3,7793.05,11:15:00,7799.875053648485,4,25
2016-05-20,7798.7,7806.3,7798.6,7798.85,11:20:00,7799.763143777201,4,26
2016-05-20,7796.55,7798.7,7794.15,7798.6,11:25:00,7799.457130084133,4,27
2016-05-20,7799.5,7799.6,7795.45,7796.2,11:30:00,7799.461212933264,4,28
2016-05-20,7794.8,7800.9,7794.05,7799.65,11:35:00,7799.017287892,4,29
2016-05-20,7791.65,7796.4,7790.45,7794.75,11:40:00,7798.315641426096,4,30
2016-05-20,7794.2,7794.85,7790.95,7791.55,11:45:00,7797.923675575991,4,31
2016-05-20,7793.7,7795.55,7792.45,7794.0,11:50:00,7797.52142075923,4,32
2016-05-20,7792.6,7795.85,7792.45,7793.65,11:55:00,7797.052714020255,4,33
2016-05-20,7789.55,7792.75,7788.9,7792.75,12:00:00,7796.33816982785,4,34
2016-05-20,7793.85,7793.9,7788.95,7789.45,12:05:00,7796.101201272816,4,35
2016-05-20,7794.6,7794.9,7792.8,7793.95,12:10:00,7795.958229723024,4,36
2016-05-20,7797.85,7798.4,7794.3,7794.3,12:15:00,7796.138398320832,4,37
2016-05-20,7792.85,7798.5,7792.7,7798.15,12:20:00,7795.8252175283715,4,38
2016-05-20,7793.9,7795.35,7791.35,7793.1,12:25:00,7795.64186347805,4,39
2016-05-20,7800.55,7804.35,7793.4,7793.4,12:30:00,7796.10930505157,4,40
2016-05-20,7800.05,7804.0,7797.8,7800.45,12:35:00,7796.484609332373,4,41
2016-05-20,7803.5,7803.9,7799.55,7799.7,12:40:00,7797.152741776909,4,42
2016-05-20,7805.5,7810.45,7803.2,7803.85,12:45:00,7797.947718750537,4,43
2016-05-20,7804.3,7808.3,7803.25,7805.15,12:50:00,7798.552697917153,4,44
2016-05-20,7809.65,7810.1,7803.3,7804.5,12:55:00,7799.609583829804,4,45
2016-05-20,7805.0,7812.4,7804.0,7809.7,13:00:00,7800.122956798394,4,46
2016-05-20,7797.95,7805.55,7796.5,7804.8,13:05:00,7799.91600853188,4,47
2016-05-20,7800.95,7803.15,7796.3,7797.3,13:10:00,7800.014483909796,4,48
2016-05-20,7790.75,7801.85,7790.75,7800.65,13:15:00,7799.132152108863,4,49
2016-05-20,7790.8,7793.45,7787.4,7788.55,13:20:00,7798.338613812781,4,50
2016-05-20,7792.9,7796.2,7790.4,7790.9,13:25:00,7797.820650592516,4,51
2016-05-20,7801.35,7802.35,7792.55,7793.25,13:30:00,7798.156779107515,4,52
2016-05-20,7799.9,7802.45,7799.05,7801.45,13:35:00,7798.322800144895,4,53
2016-05-20,7797.85,7801.15,7795.95,7800.55,13:40:00,7798.277771559667,4,54
2016-05-20,7795.9,7801.45,7795.55,7798.1,13:45:00,7798.051317125412,4,55
2016-05-20,7798.9,7799.5,7795.8,7797.25,13:50:00,7798.132144065849,4,56
2016-05-20,7796.45,7801.25,7796.0,7799.25,13:55:00,7797.971939869101,4,57
2016-05-20,7790.15,7798.45,7790.15,7797.05,14:00:00,7797.226993214901,4,58
2016-05-20,7783.9,7791.15,7775.9,7790.6,14:05:00,7795.957755765863,4,59
2016-05-20,7786.2,7788.25,7780.85,7783.75,14:10:00,7795.028445692924,4,60
2016-05-20,7779.6,7786.35,7779.05,7786.25,14:15:00,7793.559069912646,4,61
2016-05-20,7784.0,7788.0,7775.8,7780.05,14:20:00,7792.648682301918,4,62
2016-05-20,7786.45,7790.8,7783.35,7784.05,14:25:00,7792.058331606497,4,63
2016-05-20,7779.9,7788.05,7779.9,7787.3,14:30:00,7790.900395263021,4,64
2016-05-20,7769.8,7780.3,7765.6,7780.3,14:35:00,7788.890833809401,4,65
2016-05-20,7757.65,7770.3,7755.75,7770.3,14:40:00,7785.915516303743,4,66
2016-05-20,7758.1,7758.6,7754.75,7758.05,14:45:00,7783.266419512911,4,67
2016-05-20,7752.75,7758.75,7750.25,7758.0,14:50:00,7780.360093845015,4,68
2016-05-20,7752.6,7757.1,7750.45,7753.0,14:55:00,7777.7162753835855,4,69
2016-05-20,7743.05,7752.25,7739.7,7752.1,15:00:00,7774.414725347054,4,70
2016-05-20,7742.65,7745.85,7738.15,7743.45,15:05:00,7771.389513409239,4,71
2016-05-20,7747.4,7749.7,7735.75,7743.1,15:10:00,7769.104797846454,4,72
2016-05-20,7749.85,7754.85,7747.8,7748.45,15:15:00,7767.271007575363,4,73
2016-05-20,7753.25,7755.3,7748.1,7750.75,15:20:00,7765.9356735205665,4,74
2016-05-20,7760.0,7761.45,7751.7,7752.7,15:25:00,7765.370371280513,4,75
2016-05-24,7722.85,7735.75,7722.2,7735.0,09:15:00,7761.32081211094,1,1
2016-05-24,7725.45,7731.2,7715.8,7722.8,09:20:00,7757.904544290851,1,2
2016-05-24,7733.0,7734.55,7725.2,7725.2,09:25:00,7755.532682929818,1,3
2016-05-24,7729.05,7733.55,7726.2,7732.6,09:30:00,7753.010522650788,1,4
2016-05-24,7726.85,7729.2,7723.15,7728.95,09:35:00,7750.519044303094,1,5
2016-05-24,7732.55,7732.55,7724.05,7726.95,09:40:00,7748.807706750419,1,6
2016-05-24,7741.35,7744.8,7732.15,7732.4,09:45:00,7748.097448964665,1,7
2016-05-24,7737.0,7742.1,7736.4,7741.45,09:50:00,7747.040549063268,1,8
2016-05-24,7736.9,7737.6,7733.15,7736.6,09:55:00,7746.074782485814,1,9
2016-05-24,7736.5,7740.35,7736.3,7736.7,10:00:00,7745.162898439546,1,10
2016-05-24,7731.9,7736.4,7730.55,7736.35,10:05:00,7743.899765254827,1,11
2016-05-24,7735.6,7735.7,7731.55,7731.7,10:10:00,7743.109311421034,1,12
2016-05-24,7734.95,7737.9,7734.7,7735.7,10:15:00,7742.332234142841,1,13
2016-05-24,7735.5,7736.75,7734.45,7735.05,10:20:00,7741.681545176856,1,14
2016-05-24,7733.2,7735.65,7732.1,7735.4,10:25:00,7740.873778969537,1,15
2016-05-24,7739.45,7740.35,7732.6,7732.85,10:30:00,7740.738180972437,1,16
2016-05-24,7737.0,7740.25,7736.15,7739.5,10:35:00,7740.382163736967,1,17
2016-05-24,7734.75,7736.9,7731.2,7736.45,10:40:00,7739.845767190589,1,18
2016-05-24,7733.0,7737.15,7732.85,7734.8,10:45:00,7739.193789362914,1,19
2016-05-24,7734.0,7734.9,7731.8,7733.15,10:50:00,7738.699142756922,1,20
2016-05-24,7736.2,7736.95,7733.55,7734.3,10:55:00,7738.461129161024,1,21
2016-05-24,7736.5,7737.5,7734.3,7736.5,11:00:00,7738.274354955212,1,22
2016-05-24,7736.45,7740.05,7735.95,7736.4,11:05:00,7738.10060686424,1,23
2016-05-24,7729.0,7736.7,7728.85,7736.6,11:10:00,7737.233882400978,1,24
2016-05-24,7730.45,7732.3,7726.0,7728.65,11:15:00,7736.587798362791,1,25
2016-05-24,7730.25,7731.4,7726.35,7730.75,11:20:00,7735.984198518715,1,26
2016-05-24,7729.65,7731.7,7729.55,7730.2,11:25:00,7735.380941516933,1,27
2016-05-24,7724.95,7730.7,7724.5,7729.9,11:30:00,7734.387518515319,1,28
2016-05-24,7729.2,7730.45,7722.5,7724.9,11:35:00,7733.893469132908,1,29
2016-05-24,7726.5,7729.9,7725.7,7729.55,11:40:00,7733.189329215488,1,30
2016-05-24,7725.2,7727.3,7724.2,7726.2,11:45:00,7732.428440718775,1,31
2016-05-24,7724.0,7726.05,7723.0,7725.25,11:50:00,7731.625732078892,1,32
2016-05-24,7719.15,7724.45,7718.35,7723.7,11:55:00,7730.437567118997,1,33
2016-05-24,7725.1,7726.4,7717.35,7719.1,12:00:00,7729.929227393379,1,34
2016-05-24,7726.05,7728.95,7724.25,7725.4,12:05:00,7729.559777165438,1,35
2016-05-24,7724.0,7727.45,7722.9,7726.45,12:10:00,7729.030274578254,1,36
2016-05-24,7729.5,7730.9,7723.9,7723.9,12:15:00,7729.0750103327055,1,37
2016-05-24,7733.3,7733.65,7728.85,7729.6,12:20:00,7729.477390301019,1,38
2016-05-24,7728.1,7734.85,7727.7,7733.7,12:25:00,7729.346210272351,1,39
2016-05-24,7726.2,7728.0,7721.85,7727.4,12:30:00,7729.046571198794,1,40
2016-05-24,7722.8,7727.05,7721.35,7726.1,12:35:00,7728.451659656052,1,41
2016-05-24,7727.9,7728.4,7722.2,7722.85,12:40:00,7728.399120641189,1,42
2016-05-24,7736.85,7736.95,7726.85,7727.8,12:45:00,7729.20396629441,1,43
2016-05-24,7741.65,7743.25,7733.6,7736.45,12:50:00,7730.3893028378,1,44
2016-05-24,7739.25,7744.0,7737.0,7742.0,12:55:00,7731.233178758009,1,45
2016-05-24,7743.65,7750.75,7739.4,7739.4,13:00:00,7732.415733162008,1,46
2016-05-24,7746.55,7746.8,7742.7,7743.55,13:05:00,7733.761853813246,1,47
2016-05-24,7747.15,7751.2,7745.55,7746.25,13:10:00,7735.036915354841,1,48
2016-05-24,7740.6,7749.95,7738.6,7747.3,13:15:00,7735.566732940094,1,49
2016-05-24,7739.65,7742.25,7737.85,7740.15,13:20:00,7735.955615517229,1,50
2016-05-24,7741.4,7744.95,7739.6,7739.6,13:25:00,7736.474128325111,1,51
2016-05-24,7748.9,7750.6,7740.85,7740.9,13:30:00,7737.657544675101,1,52
2016-05-24,7753.35,7755.1,7748.25,7748.25,13:35:00,7739.152064229854,1,53
2016-05-24,7749.45,7756.9,7748.85,7753.45,13:40:00,7740.132820017487,1,54
2016-05-24,7751.55,7752.85,7749.05,7749.15,13:45:00,7741.220170492012,1,55
2016-05-24,7753.0,7756.45,7751.15,7751.15,13:50:00,7742.342059016581,1,56
2016-05-24,7744.45,7754.45,7744.45,7753.25,13:55:00,7742.542815300717,1,57
2016-05-24,7742.1,7745.75,7740.5,7744.2,14:00:00,7742.500642414934,1,58
2016-05-24,7742.9,7746.1,7741.9,7741.9,14:05:00,7742.538676470655,1,59
2016-05-24,7746.8,7749.5,7741.85,7743.0,14:10:00,7742.944516806784,1,60
2016-05-24,7742.8,7748.5,7742.8,7747.75,14:15:00,7742.930753301376,1,61
2016-05-24,7732.15,7743.4,7731.1,7742.95,14:20:00,7741.904014891721,1,62
2016-05-24,7734.75,7735.8,7731.35,7732.85,14:25:00,7741.222680140128,1,63
2016-05-24,7737.15,7738.35,7731.0,7734.85,14:30:00,7740.834805841068,1,64
2016-05-24,7739.6,7740.0,7736.7,7737.2,14:35:00,7740.717205284776,1,65
2016-05-24,7745.1,7745.65,7739.3,7739.65,14:40:00,7741.134614305274,1,66
2016-05-24,7746.2,7751.35,7745.0,7745.2,14:45:00,7741.617031990487,1,67
2016-05-24,7747.0,7749.35,7744.8,7745.85,14:50:00,7742.129695610441,1,68
2016-05-24,7747.15,7748.6,7746.1,7746.85,14:55:00,7742.607819838017,1,69
2016-05-24,7736.9,7747.35,7736.35,7747.1,15:00:00,7742.064217948682,1,70
2016-05-24,7743.5,7743.55,7734.3,7737.0,15:05:00,7742.200959096427,1,71
2016-05-24,7744.6,7745.2,7743.2,7743.55,15:10:00,7742.4294391824815,1,72
2016-05-24,7752.5,7752.8,7744.65,7744.65,15:15:00,7743.388540212721,1,73
2016-05-24,7756.45,7757.7,7752.55,7752.55,15:20:00,7744.63248876389,1,74
2016-05-24,7759.9,7761.55,7756.2,7756.2,15:25:00,7746.086537453044,1,75
2016-05-25,7842.7,7843.15,7809.3,7809.3,09:15:00,7755.287819600373,2,1
2016-05-25,7836.2,7846.85,7834.3,7842.2,09:20:00,7762.993741543195,2,2
2016-05-25,7835.65,7839.2,7833.55,7835.9,09:25:00,7769.9133852057475,2,3
2016-05-25,7846.9,7848.1,7835.8,7835.8,09:30:00,7777.245443757581,2,4
2016-05-25,7855.95,7859.4,7847.0,7847.05,09:35:00,7784.741115780668,2,5
2016-05-25,7858.75,7860.15,7854.25,7856.05,09:40:00,7791.789580944413,2,6
2016-05-25,7853.0,7858.7,7852.8,7858.35,09:45:00,7797.619144663993,2,7
2016-05-25,7851.2,7853.45,7849.95,7852.45,09:50:00,7802.722083267423,2,8
2016-05-25,7856.85,7856.9,7850.9,7851.1,09:55:00,7807.87712295624,2,9
2016-05-25,7859.3,7860.75,7855.95,7856.75,10:00:00,7812.77453981755,2,10
2016-05-25,7865.4,7866.2,7858.7,7859.55,10:05:00,7817.786488406355,2,11
2016-05-25,7862.75,7866.45,7861.5,7865.5,10:10:00,7822.068727605749,2,12
2016-05-25,7863.3,7864.4,7861.15,7862.65,10:15:00,7825.995515452821,2,13
2016-05-25,7866.35,7867.7,7863.35,7863.75,10:20:00,7829.83879969541,2,14
2016-05-25,7865.05,7867.3,7863.5,7866.45,10:25:00,7833.192247343466,2,15
2016-05-25,7862.05,7865.15,7859.45,7865.0,10:30:00,7835.940604739326,2,16
2016-05-25,7861.95,7864.9,7861.15,7861.55,10:35:00,7838.417690002248,2,17
2016-05-25,7868.25,7868.25,7860.95,7861.8,10:40:00,7841.258862382986,2,18
2016-05-25,7867.55,7868.05,7864.65,7867.95,10:45:00,7843.762780251273,2,19
2016-05-25,7865.35,7868.4,7863.85,7867.4,10:50:00,7845.818705941628,2,20
2016-05-25,7864.1,7865.8,7863.85,7865.6,10:55:00,7847.559781566234,2,21
2016-05-25,7865.25,7865.25,7861.85,7864.25,11:00:00,7849.244564274211,2,22
2016-05-25,7873.2,7873.75,7865.35,7865.35,11:05:00,7851.526034343334,2,23
2016-05-25,7871.15,7874.7,7868.9,7873.1,11:10:00,7853.394983453492,2,24
2016-05-25,7871.05,7871.75,7869.15,7871.2,11:15:00,7855.076413600779,2,25
2016-05-25,7868.0,7871.2,7866.5,7871.2,11:20:00,7856.307231353086,2,26
2016-05-25,7867.6,7869.5,7867.6,7868.05,11:25:00,7857.382733128982,2,27
2016-05-25,7872.7,7873.25,7867.7,7868.2,11:30:00,7858.841520450031,2,28
2016-05-25,7873.25,7874.25,7869.85,7872.0,11:35:00,7860.213756597646,2,29
2016-05-25,7877.65,7879.75,7873.1,7873.75,11:40:00,7861.874351207394,2,30
2016-05-25,7876.0,7879.65,7875.55,7877.55,11:45:00,7863.219651092404,2,31
2016-05-25,7882.25,7883.65,7875.7,7876.05,11:50:00,7865.03206527408,2,32
2016-05-25,7887.6,7887.6,7882.05,7882.1,11:55:00,7867.181392390834,2,33
2016-05-25,7891.7,7893.6,7886.0,7887.85,12:00:00,7869.516497877421,2,34
2016-05-25,7889.25,7893.65,7887.65,7891.55,12:05:00,7871.395879031953,2,35
2016-05-25,7888.85,7891.05,7888.35,7889.3,12:10:00,7873.058176267005,2,36
2016-05-25,7885.95,7889.45,7884.35,7889.1,12:15:00,7874.285969003481,2,37
2016-05-25,7888.35,7889.35,7885.45,7885.6,12:20:00,7875.625400526958,2,38
2016-05-25,7891.7,7892.7,7888.4,7888.6,12:25:00,7877.156314762486,2,39
2016-05-25,7881.7,7891.9,7881.15,7891.9,12:30:00,7877.589046689868,2,40
2016-05-25,7883.0,7885.7,7881.05,7882.05,12:35:00,7878.104375576548,2,41
2016-05-25,7886.05,7887.3,7881.15,7882.7,12:40:00,7878.861101712115,2,42
2016-05-25,7888.25,7890.2,7885.75,7886.4,12:45:00,7879.755282501437,2,43
2016-05-25,7885.85,7889.2,7884.5,7888.1,12:50:00,7880.335731787014,2,44
2016-05-25,7887.15,7888.05,7885.5,7886.25,12:55:00,7880.98470971206,2,45
2016-05-25,7888.05,7888.5,7885.35,7887.4,13:00:00,7881.657594501387,2,46
2016-05-25,7889.5,7892.4,7887.2,7888.4,13:05:00,7882.40449026316,2,47
2016-05-25,7895.3,7896.8,7888.75,7889.55,13:10:00,7883.632634047622,2,48
2016-05-25,7892.15,7895.95,7892.15,7895.45,13:15:00,7884.443811757372,2,49
2016-05-25,7888.05,7893.5,7888.05,7892.1,13:20:00,7884.78725825667,2,50
2016-05-25,7887.25,7888.95,7884.5,7888.25,13:25:00,7885.021805089368,2,51
2016-05-25,7891.25,7892.05,7886.85,7887.95,13:30:00,7885.614966509429,2,52
2016-05-25,7896.05,7898.5,7891.1,7891.6,13:35:00,7886.608779222816,2,53
2016-05-25,7897.15,7899.65,7895.7,7895.8,13:40:00,7887.61270501112,2,54
2016-05-25,7900.7,7901.6,7895.65,7897.3,13:45:00,7888.85911405768,2,55
2016-05-25,7906.55,7907.5,7899.35,7900.85,13:50:00,7890.543960337901,2,56
2016-05-25,7904.1,7909.75,7903.85,7906.75,13:55:00,7891.835011734291,2,57
2016-05-25,7906.45,7908.05,7903.95,7904.5,14:00:00,7893.226915378644,2,58
2016-05-25,7904.2,7908.85,7902.5,7906.85,14:05:00,7894.271971056868,2,59
2016-05-25,7904.05,7907.35,7903.85,7904.45,14:10:00,7895.203211908594,2,60
2016-05-25,7907.2,7908.05,7903.6,7906.5,14:15:00,7896.345763155395,2,61
2016-05-25,7906.75,7909.5,7903.75,7907.1,14:20:00,7897.336642854881,2,62
2016-05-25,7914.65,7916.2,7905.3,7907.4,14:25:00,7898.985534011558,2,63
2016-05-25,7918.45,7919.1,7911.05,7915.15,14:30:00,7900.839292677124,2,64
2016-05-25,7924.5,7925.9,7918.4,7918.5,14:35:00,7903.09269337454,2,65
2016-05-25,7924.55,7927.5,7923.0,7924.15,14:40:00,7905.13624638649,2,66
2016-05-25,7924.05,7927.3,7923.55,7924.35,14:45:00,7906.937556254444,2,67
2016-05-25,7932.95,7933.3,7924.2,7924.65,14:50:00,7909.414931849258,2,68
2016-05-25,7935.8,7936.45,7931.35,7932.9,14:55:00,7911.927795482663,2,69
2016-05-25,7934.6,7937.75,7928.55,7935.6,15:00:00,7914.087053055743,2,70
2016-05-25,7929.65,7934.65,7929.25,7934.65,15:05:00,7915.569238479005,2,71
2016-05-25,7933.6,7934.65,7929.05,7929.05,15:10:00,7917.286453861957,2,72
2016-05-25,7940.75,7941.2,7933.2,7933.75,15:15:00,7919.521077303675,2,73
2016-05-25,7935.75,7940.9,7934.75,7940.8,15:20:00,7921.06668898904,2,74
2016-05-25,7932.8,7936.35,7930.45,7935.8,15:25:00,7922.18414718056,2,75
2016-05-26,7957.45,7986.35,7957.1,7973.6,09:15:00,7925.542799830031,3,1
2016-05-26,7962.95,7962.95,7948.5,7957.0,09:20:00,7929.105390322409,3,2
2016-05-26,7964.25,7966.75,7962.25,7962.9,09:25:00,7932.452496005989,3,3
2016-05-26,7969.85,7970.1,7961.05,7964.1,09:30:00,7936.014163053038,3,4
2016-05-26,7972.5,7974.0,7966.6,7970.0,09:35:00,7939.489004667033,3,5
2016-05-26,7973.05,7974.05,7969.35,7972.3,09:40:00,7942.68528993684,3,6
2016-05-26,7970.95,7975.25,7968.25,7972.75,09:45:00,7945.377167085712,3,7
2016-05-26,7967.05,7970.7,7966.1,7970.7,09:50:00,7947.441246410883,3,8
2016-05-26,7975.85,7977.3,7967.15,7967.2,09:55:00,7950.146841990799,3,9
2016-05-26,7973.55,7979.65,7973.2,7975.7,10:00:00,7952.375714182152,3,10
2016-05-26,7968.8,7973.85,7967.5,7973.8,10:05:00,7953.939931879089,3,11
2016-05-26,7972.9,7972.95,7966.5,7968.35,10:10:00,7955.745652652509,3,12
2016-05-26,7973.9,7974.9,7970.7,7972.8,10:15:00,7957.474638114176,3,13
2016-05-26,7974.9,7976.25,7972.4,7974.1,10:20:00,7959.134196389016,3,14
2016-05-26,7979.55,7979.75,7974.95,7975.0,10:25:00,7961.078558637681,3,15
2016-05-26,7979.65,7980.6,7977.05,7979.4,10:30:00,7962.847267338854,3,16
2016-05-26,7975.0,7980.05,7973.65,7979.55,10:35:00,7964.004670449439,3,17
2016-05-26,7976.25,7979.0,7974.4,7974.9,10:40:00,7965.170892311396,3,18
2016-05-26,7973.2,7976.9,7972.6,7976.45,10:45:00,7965.935569234121,3,19
2016-05-26,7973.8,7975.0,7971.5,7973.15,10:50:00,7966.684562640396,3,20
2016-05-26,7978.7,7978.75,7973.5,7973.95,10:55:00,7967.828890007977,3,21
2016-05-26,7976.4,7979.95,7976.4,7978.75,11:00:00,7968.645186197693,3,22
2016-05-26,7980.7,7981.6,7974.4,7976.2,11:05:00,7969.793263702674,3,23
2016-05-26,7970.2,7980.85,7968.45,7980.85,11:10:00,7969.832000492895,3,24
2016-05-26,7961.25,7971.05,7960.55,7970.45,11:15:00,7969.0146671126195,3,25
2016-05-26,7968.35,7968.85,7958.9,7961.4,11:20:00,7968.951365482846,3,26
2016-05-26,7969.45,7971.15,7966.0,7968.45,11:25:00,7968.99885448448,3,27
2016-05-26,7970.3,7973.5,7967.65,7969.7,11:30:00,7969.122773105006,3,28
2016-05-26,7970.1,7970.75,7968.7,7970.4,11:35:00,7969.2158423331,3,29
2016-05-26,7968.2,7971.0,7967.55,7970.15,11:40:00,7969.119095444234,3,30
2016-05-26,7971.25,7972.0,7967.4,7968.1,11:45:00,7969.322038735259,3,31
2016-05-26,7973.1,7974.25,7970.6,7971.4,11:50:00,7969.681844569997,3,32
2016-05-26,7977.05,7978.05,7972.75,7973.05,11:55:00,7970.38357365857,3,33
2016-05-26,7978.75,7979.65,7975.0,7977.4,12:00:00,7971.180376167277,3,34
2016-05-26,7980.1,7982.95,7978.75,7978.9,12:05:00,7972.029864151346,3,35
2016-05-26,7976.4,7980.75,7975.95,7980.65,12:10:00,7972.446067565504,3,36
2016-05-26,7983.4,7985.15,7974.6,7976.8,12:15:00,7973.489299225932,3,37
2016-05-26,7982.3,7983.7,7980.75,7983.35,12:20:00,7974.328413585366,3,38
2016-05-26,7978.35,7982.1,7977.25,7982.1,12:25:00,7974.711421815331,3,39
2016-05-26,7980.95,7981.45,7978.25,7978.7,12:30:00,7975.305572118633,3,40
2016-05-26,7985.6,7987.3,7980.75,7981.15,12:35:00,7976.285993821621,3,41
2016-05-26,7987.7,7988.35,7983.35,7985.95,12:40:00,7977.373042029086,3,42
2016-05-26,7987.65,7991.2,7986.95,7987.95,12:45:00,7978.351799931078,3,43
2016-05-26,7989.7,7991.25,7987.25,7987.8,12:50:00,7979.432580890023,3,44
2016-05-26,7990.7,7991.8,7987.9,7989.65,12:55:00,7980.505668424306,3,45
2016-05-26,7995.35,7995.5,7990.3,7990.45,13:00:00,7981.919414288658,3,46
2016-05-26,7993.25,7995.85,7990.5,7995.5,13:05:00,7982.998517689738,3,47
2016-05-26,7999.95,8001.05,7993.45,7994.3,13:10:00,7984.612944576429,3,48
2016-05-26,8008.7,8009.05,7999.4,8000.0,13:15:00,7986.906949854864,3,49
2016-05-26,8010.5,8014.75,8008.25,8008.65,13:20:00,7989.153907011543,3,50
2016-05-26,8011.4,8014.45,8010.4,8010.4,13:25:00,7991.272582534253,3,51
2016-05-26,8008.35,8012.0,8007.05,8011.45,13:30:00,7992.899003245277,3,52
2016-05-26,8013.5,8017.45,8007.9,8008.2,13:35:00,7994.861002936203,3,53
2016-05-26,8024.1,8024.55,8013.0,8013.0,13:40:00,7997.64566932323,3,54
2016-05-26,8020.6,8029.25,8020.05,8024.45,13:45:00,7999.831796054352,3,55
2016-05-26,8015.45,8023.5,8014.05,8020.85,13:50:00,8001.319244049176,3,56
2016-05-26,8019.8,8021.1,8015.55,8015.55,13:55:00,8003.079316044493,3,57
2016-05-26,8022.85,8025.5,8019.35,8020.35,14:00:00,8004.962238325969,3,58
2016-05-26,8023.8,8027.6,8022.5,8024.15,14:05:00,8006.7563108663535,3,59
2016-05-26,8023.65,8025.5,8023.4,8024.65,14:10:00,8008.365233640986,3,60
2016-05-26,8026.7,8027.25,8022.0,8023.5,14:15:00,8010.111401865653,3,61
2016-05-26,8016.55,8028.95,8014.6,8026.75,14:20:00,8010.724601687973,3,62
2016-05-26,8009.9,8016.55,8008.5,8016.45,14:25:00,8010.646068193881,3,63
2016-05-26,8022.3,8022.3,8010.3,8010.35,14:30:00,8011.75596646113,3,64
2016-05-26,8029.3,8030.55,8021.2,8021.35,14:35:00,8013.426826798165,3,65
2016-05-26,8030.55,8030.9,8026.3,8029.25,14:40:00,8015.05760519834,3,66
2016-05-26,8026.4,8032.2,8025.55,8030.95,14:45:00,8016.137833274689,3,67
2016-05-26,8033.9,8035.35,8026.55,8026.6,14:50:00,8017.829468200909,3,68
2016-05-26,8033.1,8034.6,8029.15,8033.6,14:55:00,8019.283804562728,3,69
2016-05-26,8059.75,8059.75,8032.65,8032.8,15:00:00,8023.137727937707,3,70
2016-05-26,8065.35,8067.45,8058.8,8060.15,15:05:00,8027.157944324592,3,71
2016-05-26,8072.35,8072.7,8064.15,8066.4,15:10:00,8031.461949627012,3,72
2016-05-26,8079.6,8083.0,8070.95,8072.8,15:15:00,8036.04652585301,3,73
2016-05-26,8071.5,8080.25,8069.95,8078.5,15:20:00,8039.423047200342,3,74
2016-05-26,8077.95,8080.25,8070.4,8071.05,15:25:00,8043.092280800309,3,75
2016-05-27,8097.9,8112.65,8077.05,8078.35,09:15:00,8048.312063581232,4,1
2016-05-27,8112.75,8114.7,8095.05,8097.5,09:20:00,8054.449009906829,4,2
2016-05-27,8113.7,8117.7,8108.05,8112.6,09:25:00,8060.091961344274,4,3
2016-05-27,8111.55,8119.15,8109.25,8113.5,09:30:00,8064.992726930533,4,4
2016-05-27,8124.5,8126.4,8109.3,8111.3,09:35:00,8070.660086270483,4,5
2016-05-27,8131.75,8136.3,8121.1,8124.95,09:40:00,8076.478173292341,4,6
2016-05-27,8128.7,8135.85,8127.7,8131.6,09:45:00,8081.451680597833,4,7
2016-05-27,8123.5,8129.5,8119.25,8128.85,09:50:00,8085.456282445659,4,8
2016-05-27,8127.3,8128.1,8120.8,8124.0,09:55:00,8089.441398403214,4,9
2016-05-27,8124.9,8127.9,8123.6,8127.6,10:00:00,8092.818408079099,4,10
2016-05-27,8119.15,8126.15,8118.75,8124.75,10:05:00,8095.326178738233,4,11
2016-05-27,8116.1,8119.6,8114.4,8119.1,10:10:00,8097.30463790602,4,12
2016-05-27,8123.15,8124.8,8115.6,8115.6,10:15:00,8099.766100962589,4,13
2016-05-27,8127.9,8129.5,8120.85,8123.6,10:20:00,8102.445519918532,4,14
2016-05-27,8131.6,8132.65,8126.8,8127.85,10:25:00,8105.222137069149,4,15
2016-05-27,8134.7,8135.25,8129.25,8131.85,10:30:00,8108.029552586373,4,16
2016-05-27,8129.9,8135.6,8129.8,8135.0,10:35:00,8110.112452340051,4,17
2016-05-27,8133.05,8133.05,8129.15,8129.85,10:40:00,8112.296980688618,4,18
2016-05-27,8131.75,8137.15,8130.15,8132.75,10:45:00,8114.149649194464,4,19
2016-05-27,8139.5,8141.3,8130.65,8131.7,10:50:00,8116.5639683188,4,20
2016-05-27,8134.55,8139.5,8131.95,8139.35,10:55:00,8118.27692371701,4,21
2016-05-27,8133.3,8136.1,8129.05,8134.7,11:00:00,8119.707692886819,4,22
2016-05-27,8137.55,8140.3,8131.7,8133.4,11:05:00,8121.406960230932,4,23
2016-05-27,8139.7,8140.05,8135.5,8137.35,11:10:00,8123.149154494652,4,24
2016-05-27,8135.2,8139.6,8131.3,8139.6,11:15:00,8124.29685406659,4,25
2016-05-27,8134.5,8139.05,8131.0,8134.4,11:20:00,8125.268582250724,4,26
2016-05-27,8132.2,8136.15,8131.75,8134.05,11:25:00,8125.928717274464,4,27
2016-05-27,8130.05,8134.6,8127.95,8132.3,11:30:00,8126.321220391183,4,28
2016-05-27,8125.1,8129.75,8121.85,8129.7,11:35:00,8126.20491368726,4,29
2016-05-27,8130.85,8132.6,8124.3,8124.85,11:40:00,8126.647302859902,4,30
2016-05-27,8127.4,8131.0,8125.05,8130.65,11:45:00,8126.718988301816,4,31
2016-05-27,8126.3,8129.55,8125.05,8127.65,11:50:00,8126.679084654024,4,32
2016-05-27,8127.15,8127.35,8123.2,8125.75,11:55:00,8126.723933734594,4,33
2016-05-27,8133.05,8133.3,8126.75,8127.45,12:00:00,8127.326416236061,4,34
2016-05-27,8126.8,8133.15,8125.15,8132.85,12:05:00,8127.276281356437,4,35
2016-05-27,8130.8,8131.95,8126.2,8127.7,12:10:00,8127.611873608205,4,36
2016-05-27,8135.35,8135.9,8128.85,8130.65,12:15:00,8128.348838026472,4,37
2016-05-27,8137.5,8137.9,8134.5,8136.0,12:20:00,8129.220377262046,4,38
2016-05-27,8134.5,8137.55,8132.8,8137.3,12:25:00,8129.723198475184,4,39
2016-05-27,8132.9,8137.75,8131.8,8134.8,12:30:00,8130.025751001357,4,40
2016-05-27,8131.2,8134.75,8130.05,8132.45,12:35:00,8130.137584239323,4,41
2016-05-27,8133.0,8136.2,8130.1,8131.15,12:40:00,8130.410195264149,4,42
2016-05-27,8132.75,8133.85,8130.75,8133.15,12:45:00,8130.633033810421,4,43
2016-05-27,8122.55,8133.8,8122.55,8133.1,12:50:00,8129.863221066571,4,44
2016-05-27,8126.05,8127.0,8118.6,8122.2,12:55:00,8129.500057155468,4,45
2016-05-27,8127.35,8136.1,8125.65,8126.9,13:00:00,8129.295289807329,4,46
2016-05-27,8161.85,8162.15,8127.0,8127.0,13:05:00,8132.395738397107,4,47
2016-05-27,8149.5,8162.2,8144.05,8162.2,13:10:00,8134.024715692621,4,48
2016-05-27,8146.2,8149.75,8144.1,8149.45,13:15:00,8135.184266579037,4,49
2016-05-27,8137.5,8147.0,8137.2,8146.85,13:20:00,8135.404812619129,4,50
2016-05-27,8141.7,8150.3,8137.25,8137.95,13:25:00,8136.00435427445,4,51
2016-05-27,8141.35,8142.85,8136.35,8141.3,13:30:00,8136.513463391169,4,52
2016-05-27,8137.25,8144.05,8134.6,8141.4,13:35:00,8136.583609734868,4,53
2016-05-27,8142.05,8145.0,8133.35,8136.9,13:40:00,8137.104218331548,4,54
2016-05-27,8147.15,8148.15,8141.95,8141.95,13:45:00,8138.060959442829,4,55
2016-05-27,8148.6,8157.65,8145.9,8146.8,13:50:00,8139.064677591131,4,56
2016-05-27,8152.6,8156.65,8148.25,8148.45,13:55:00,8140.353755915785,4,57
2016-05-27,8151.9,8159.65,8151.05,8152.4,14:00:00,8141.45339820952,4,58
2016-05-27,8141.2,8153.85,8140.55,8151.85,14:05:00,8141.429265046709,4,59
2016-05-27,8139.35,8147.4,8138.0,8140.75,14:10:00,8141.231239804165,4,60
2016-05-27,8145.85,8146.35,8135.95,8139.2,14:15:00,8141.671121727578,4,61
2016-05-27,8145.95,8147.7,8142.7,8145.6,14:20:00,8142.078633943999,4,62
2016-05-27,8142.45,8146.95,8139.85,8145.7,14:25:00,8142.11400213981,4,63
2016-05-27,8152.5,8153.15,8141.35,8142.05,14:30:00,8143.103144793161,4,64
2016-05-27,8148.35,8156.75,8146.3,8152.65,14:35:00,8143.60284528905,4,65
2016-05-27,8148.65,8153.05,8146.3,8148.1,14:40:00,8144.083526690092,4,66
2016-05-27,8157.1,8160.15,8147.2,8148.6,14:45:00,8145.323190814845,4,67
2016-05-27,8148.95,8157.25,8146.55,8156.75,14:50:00,8145.668601213431,4,68
2016-05-27,8150.3,8156.4,8147.05,8148.4,14:55:00,8146.109686812153,4,69
2016-05-27,8160.2,8160.25,8149.8,8150.8,15:00:00,8147.451621401471,4,70
2016-05-27,8157.75,8164.2,8156.15,8159.75,15:05:00,8148.432419363236,4,71
2016-05-27,8152.7,8159.1,8145.7,8157.6,15:10:00,8148.838855614355,4,72
2016-05-27,8155.5,8157.65,8149.45,8152.6,15:15:00,8149.47325031775,4,73
2016-05-27,8155.75,8157.15,8153.55,8155.95,15:20:00,8150.071036001774,4,74
2016-05-27,8149.35,8157.05,8148.7,8155.7,15:25:00,8150.002365906366,4,75
2016-05-30,8179.2,8194.85,8165.1,8165.95,09:15:00,8152.783092962903,0,1
2016-05-30,8191.3,8194.1,8178.8,8179.75,09:20:00,8156.45136982358,0,2
2016-05-30,8196.05,8198.9,8189.6,8190.25,09:25:00,8160.22266793562,0,3
2016-05-30,8197.35,8200.0,8189.75,8195.95,09:30:00,8163.758604322704,0,4
2016-05-30,8191.9,8199.65,8190.25,8196.95,09:35:00,8166.438737244352,0,5
2016-05-30,8186.05,8196.7,8184.25,8192.05,09:40:00,8168.306476554413,0,6
2016-05-30,8186.95,8191.05,8183.4,8185.55,09:45:00,8170.082050215898,0,7
2016-05-30,8182.15,8188.7,8178.45,8186.75,09:50:00,8171.2313787667645,0,8
2016-05-30,8173.25,8181.75,8172.85,8181.75,09:55:00,8171.423628408024,0,9
2016-05-30,8176.35,8182.6,8170.9,8173.45,10:00:00,8171.892806654879,0,10
2016-05-30,8174.65,8181.85,8174.65,8177.05,10:05:00,8172.155396497272,0,11
2016-05-30,8170.6,8180.9,8168.85,8174.8,10:10:00,8172.007263497531,0,12
2016-05-30,8165.55,8170.5,8160.8,8170.4,10:15:00,8171.392286021576,0,13
2016-05-30,8155.95,8165.7,8150.8,8165.6,10:20:00,8169.92159211476,0,14
2016-05-30,8170.35,8171.65,8155.6,8155.9,10:25:00,8169.962392865735,0,15
2016-05-30,8164.35,8170.25,8164.15,8169.8,10:30:00,8169.427879259474,0,16
2016-05-30,8167.7,8170.2,8163.5,8163.75,10:35:00,8169.263319330001,0,17
2016-05-30,8163.8,8169.05,8161.55,8167.9,10:40:00,8168.743003203334,0,18
2016-05-30,8163.9,8163.95,8159.25,8163.45,10:45:00,8168.281764803017,0,19
2016-05-30,8169.05,8169.85,8159.1,8163.15,10:50:00,8168.354930059872,0,20
2016-05-30,8174.2,8174.4,8168.85,8168.85,10:55:00,8168.911603387503,0,21
2016-05-30,8175.45,8179.85,8174.35,8174.35,11:00:00,8169.534307826789,0,22
2016-05-30,8175.7,8179.45,8173.6,8176.15,11:05:00,8170.12151660519,0,23
2016-05-30,8176.3,8179.15,8172.9,8175.35,11:10:00,8170.709943595171,0,24
2016-05-30,8172.15,8176.35,8171.15,8176.2,11:15:00,8170.847091824203,0,25
2016-05-30,8167.55,8173.05,8166.75,8172.55,11:20:00,8170.533083079041,0,26
2016-05-30,8167.35,8169.05,8162.75,8167.2,11:25:00,8170.229932309609,0,27
2016-05-30,8169.65,8171.05,8163.55,8166.8,11:30:00,8170.174700661075,0,28
2016-05-30,8166.65,8170.2,8165.0,8169.85,11:35:00,8169.839014883829,0,29
2016-05-30,8165.45,8167.7,8161.85,8166.85,11:40:00,8169.421013466321,0,30
2016-05-30,8170.25,8171.9,8164.0,8165.5,11:45:00,8169.499964564767,0,31
2016-05-30,8170.85,8173.1,8169.2,8170.2,11:50:00,8169.628539368123,0,32
2016-05-30,8170.8,8171.6,8166.6,8170.8,11:55:00,8169.74010704735,0,33
2016-05-30,8173.9,8174.35,8167.8,8171.15,12:00:00,8170.136287328554,0,34
2016-05-30,8174.0,8176.25,8171.8,8173.7,12:05:00,8170.50425996393,0,35
2016-05-30,8167.05,8174.95,8166.5,8174.2,12:10:00,8170.175282824508,0,36
2016-05-30,8165.8,8167.55,8163.05,8167.45,12:15:00,8169.758589222174,0,37
2016-05-30,8167.65,8168.5,8163.4,8165.45,12:20:00,8169.5577712010145,0,38
2016-05-30,8168.8,8169.1,8166.5,8167.75,12:25:00,8169.485602515204,0,39
2016-05-30,8167.3,8170.15,8161.5,8168.7,12:30:00,8169.277449894708,0,40
2016-05-30,8163.35,8167.9,8156.6,8167.15,12:35:00,8168.712930857117,0,41
2016-05-30,8161.75,8166.85,8161.65,8163.2,12:40:00,8168.04979458501,0,42
2016-05-30,8166.05,8167.0,8161.25,8161.45,12:45:00,8167.859337957867,0,43
2016-05-30,8166.65,8170.8,8165.15,8165.9,12:50:00,8167.74416291426,0,44
2016-05-30,8169.5,8170.65,8166.65,8167.1,12:55:00,8167.911385493855,0,45
2016-05-30,8172.25,8173.1,8168.8,8169.2,13:00:00,8168.324586875393,0,46
2016-05-30,8171.35,8173.4,8168.65,8172.15,13:05:00,8168.6127214586895,0,47
2016-05-30,8178.65,8179.4,8171.1,8171.1,13:10:00,8169.568652748338,0,48
2016-05-30,8176.15,8180.5,8173.65,8178.85,13:15:00,8170.195447724687,0,49
2016-05-30,8172.85,8176.9,8168.45,8176.2,13:20:00,8170.448262227098,0,50
2016-05-30,8173.8,8177.3,8170.35,8172.55,13:25:00,8170.767475348326,0,51
2016-05-30,8177.4,8177.4,8171.85,8173.7,13:30:00,8171.399144362771,0,52
2016-05-30,8176.85,8178.75,8174.75,8177.2,13:35:00,8171.9182734710785,0,53
2016-05-30,8179.35,8181.05,8177.1,8177.2,13:40:00,8172.626056950024,0,54
2016-05-30,8171.6,8180.9,8170.25,8179.1,13:45:00,8172.528337240497,0,55
2016-05-30,8174.15,8175.2,8169.15,8171.45,13:50:00,8172.682781312831,0,56
2016-05-30,8170.6,8174.75,8166.5,8174.0,13:55:00,8172.484421187799,0,57
2016-05-30,8172.55,8175.5,8171.0,8171.0,14:00:00,8172.490666788961,0,58
2016-05-30,8172.95,8173.45,8168.8,8172.85,14:05:00,8172.53441280906,0,59
2016-05-30,8174.45,8174.55,8169.85,8173.0,14:10:00,8172.716849684388,0,60
2016-05-30,8171.3,8175.75,8170.35,8174.55,14:15:00,8172.581911619209,0,61
2016-05-30,8176.15,8176.2,8170.25,8170.65,14:20:00,8172.921729560237,0,62
2016-05-30,8182.25,8183.65,8173.75,8176.25,14:25:00,8173.810136268786,0,63
2016-05-30,8188.0,8190.0,8178.95,8182.2,14:30:00,8175.161551862235,0,64
2016-05-30,8178.85,8188.75,8174.65,8188.15,14:35:00,8175.51283263726,0,65
2016-05-30,8181.05,8183.1,8177.7,8178.5,14:40:00,8176.040181909902,0,66
2016-05-30,8173.6,8183.4,8173.05,8181.0,14:45:00,8175.807783632768,0,67
2016-05-30,8176.85,8179.35,8170.75,8173.5,14:50:00,8175.907042334409,0,68
2016-05-30,8178.65,8180.65,8175.35,8176.95,14:55:00,8176.168276397799,0,69
2016-05-30,8179.9,8182.55,8176.95,8178.5,15:00:00,8176.523678645628,0,70
2016-05-30,8182.5,8183.9,8178.95,8180.5,15:05:00,8177.092852107949,0,71
2016-05-30,8179.5,8186.8,8177.85,8182.9,15:10:00,8177.322104288145,0,72
2016-05-30,8178.1,8181.2,8177.15,8179.85,15:15:00,8177.396189594036,0,73
2016-05-30,8175.0,8178.45,8174.4,8177.4,15:20:00,8177.167981061271,0,74
2016-05-30,8172.0,8177.7,8171.95,8174.9,15:25:00,8176.675792388769,0,75
2016-05-31,8197.1,8208.4,8194.45,8205.3,09:15:00,8178.62095501841,1,1
2016-05-31,8198.65,8199.75,8185.85,8197.05,09:20:00,8180.528483111895,1,2
2016-05-31,8205.1,8205.6,8194.6,8198.6,09:25:00,8182.868627577429,1,3
2016-05-31,8199.35,8207.4,8195.5,8205.7,09:30:00,8184.438282093864,1,4
2016-05-31,8182.75,8199.25,8182.1,8199.25,09:35:00,8184.27749332302,1,5
2016-05-31,8179.3,8188.95,8174.9,8182.95,09:40:00,8183.803446339876,1,6
2016-05-31,8175.7,8180.15,8166.45,8178.85,09:45:00,8183.031689545603,1,7
2016-05-31,8164.75,8176.2,8163.9,8176.0,09:50:00,8181.290576255546,1,8
2016-05-31,8162.15,8167.95,8160.55,8164.15,09:55:00,8179.467664231208,1,9
2016-05-31,8157.85,8168.9,8157.2,8162.3,10:00:00,8177.408839066331,1,10
2016-05-31,8164.0,8164.05,8154.4,8158.0,10:05:00,8176.1318067743,1,11
2016-05-31,8159.45,8166.2,8154.2,8164.25,10:10:00,8174.543063271985,1,12
2016-05-31,8144.9,8159.1,8144.9,8159.0,10:15:00,8171.719914388939,1,13
2016-05-31,8158.7,8160.55,8145.15,8146.15,10:20:00,8170.479922542373,1,14
2016-05-31,8162.45,8162.45,8158.35,8158.45,10:25:00,8169.715168014528,1,15
2016-05-31,8166.15,8166.45,8161.85,8162.55,10:30:00,8169.375628203621,1,16
2016-05-31,8163.5,8167.4,8160.35,8166.45,10:35:00,8168.816044565181,1,17
2016-05-31,8162.7,8163.9,8160.55,8163.65,10:40:00,8168.233564130402,1,18
2016-05-31,8164.25,8166.65,8162.4,8162.4,10:45:00,8167.854177070363,1,19
2016-05-31,8157.7,8164.5,8157.25,8164.4,10:50:00,8166.887112587472,1,20
2016-05-31,8157.7,8161.1,8155.4,8157.65,10:55:00,8166.012149483903,1,21
2016-05-31,8159.05,8162.85,8156.95,8157.75,11:00:00,8165.349087628293,1,22
2016-05-31,8162.05,8162.9,8158.65,8159.0,11:05:00,8165.034888806551,1,23
2016-05-31,8163.95,8164.8,8160.4,8162.2,11:10:00,8164.93156606307,1,24
2016-05-31,8155.55,8164.3,8155.5,8164.05,11:15:00,8164.038083580874,1,25
2016-05-31,8156.7,8158.1,8149.95,8155.7,11:20:00,8163.339218477933,1,26
2016-05-31,8153.8,8158.85,8153.15,8156.2,11:25:00,8162.430721480035,1,27
2016-05-31,8158.45,8159.15,8152.25,8153.85,11:30:00,8162.051605148603,1,28
2016-05-31,8159.9,8162.7,8158.1,8158.4,11:35:00,8161.846690372546,1,29
2016-05-31,8160.55,8161.25,8155.25,8159.65,11:40:00,8161.723196051351,1,30
2016-05-31,8162.95,8163.65,8159.15,8160.95,11:45:00,8161.840034522651,1,31
2016-05-31,8164.05,8164.3,8160.95,8163.0,11:50:00,8162.050507425255,1,32
2016-05-31,8166.8,8169.0,8163.75,8164.1,11:55:00,8162.502840051422,1,33
2016-05-31,8165.0,8168.9,8163.4,8166.6,12:00:00,8162.74066480843,1,34
2016-05-31,8166.8,8169.55,8165.05,8165.5,12:05:00,8163.127268160008,1,35
2016-05-31,8160.45,8168.9,8160.45,8166.75,12:10:00,8162.872290240008,1,36
2016-05-31,8166.45,8167.85,8159.7,8160.6,12:15:00,8163.213024502864,1,37
2016-05-31,8167.15,8169.6,8165.85,8166.6,12:20:00,8163.58797455021,1,38
2016-05-31,8167.55,8168.75,8165.4,8166.9,12:25:00,8163.965310307333,1,39
2016-05-31,8171.4,8174.3,8167.55,8167.75,12:30:00,8164.67337599235,1,40
2016-05-31,8166.3,8171.9,8165.5,8171.55,12:35:00,8164.828292564507,1,41
2016-05-31,8159.45,8167.15,8159.05,8166.35,12:40:00,8164.31607422503,1,42
2016-05-31,8163.3,8165.4,8159.3,8159.3,12:45:00,8164.2193052512175,1,43
2016-05-31,8166.3,8166.3,8161.35,8163.15,12:50:00,8164.417466655864,1,44
2016-05-31,8167.6,8168.6,8164.35,8166.25,12:55:00,8164.720565069591,1,45
2016-05-31,8168.1,8170.1,8164.0,8167.55,13:00:00,8165.042416015345,1,46
2016-05-31,8170.05,8171.85,8166.15,8168.15,13:05:00,8165.519328775789,1,47
2016-05-31,8169.65,8173.0,8168.1,8169.65,13:10:00,8165.912726035238,1,48
2016-05-31,8172.05,8174.55,8167.9,8169.6,13:15:00,8166.497228317597,1,49
2016-05-31,8165.75,8171.75,8161.7,8171.75,13:20:00,8166.42606371592,1,50
2016-05-31,8162.7,8169.0,8162.45,8166.15,13:25:00,8166.07120050488,1,51
2016-05-31,8155.8,8162.85,8150.95,8162.55,13:30:00,8165.092990932987,1,52
2016-05-31,8156.0,8156.9,8150.5,8155.85,13:35:00,8164.226991796512,1,53
2016-05-31,8160.4,8162.1,8153.3,8155.8,13:40:00,8163.862516387321,1,54
2016-05-31,8159.55,8166.25,8157.25,8159.95,13:45:00,8163.45180054091,1,55
2016-05-31,8157.75,8164.6,8157.75,8159.8,13:50:00,8162.908771917966,1,56
2016-05-31,8160.95,8164.35,8156.95,8157.9,13:55:00,8162.722222211493,1,57
2016-05-31,8158.05,8165.75,8152.1,8161.1,14:00:00,8162.277248667541,1,58
2016-05-31,8152.8,8157.7,8149.35,8157.7,14:05:00,8161.374653556347,1,59
2016-05-31,8147.0,8156.6,8144.8,8153.25,14:10:00,8160.0056389319325,1,60
2016-05-31,8145.25,8147.4,8141.6,8147.3,14:15:00,8158.600339986035,1,61
2016-05-31,8142.05,8146.3,8134.3,8146.0,14:20:00,8157.024117130222,1,62
2016-05-31,8149.6,8149.95,8140.6,8141.95,14:25:00,8156.317058355915,1,63
2016-05-31,8166.2,8166.2,8149.55,8149.55,14:30:00,8157.258290893447,1,64
2016-05-31,8165.4,8170.6,8164.1,8166.15,14:35:00,8158.033691760737,1,65
2016-05-31,8177.25,8177.25,8163.95,8165.75,14:40:00,8159.863816354953,1,66
2016-05-31,8173.0,8181.25,8173.0,8177.55,14:45:00,8161.114881464005,1,67
2016-05-31,8178.0,8182.1,8169.15,8173.1,14:50:00,8162.722987991244,1,68
2016-05-31,8172.4,8178.35,8168.95,8177.95,14:55:00,8163.644608182553,1,69
2016-05-31,8155.8,8172.8,8149.5,8172.45,15:00:00,8162.897502641358,1,70
2016-05-31,8152.05,8158.45,8150.1,8156.65,15:05:00,8161.864407151705,1,71
2016-05-31,8157.25,8162.05,8150.75,8152.1,15:10:00,8161.424939803923,1,72
2016-05-31,8163.25,8168.3,8157.35,8157.45,15:15:00,8161.5987550606915,1,73
2016-05-31,8162.8,8167.8,8160.75,8164.15,15:20:00,8161.713159340625,1,74
2016-05-31,8160.55,8172.3,8160.3,8162.55,15:25:00,8161.602382260565,1,75
2016-06-01,8186.95,8187.9,8176.2,8178.6,09:15:00,8164.016441092892,2,1
2016-06-01,8180.4,8187.4,8173.75,8187.25,09:20:00,8165.576780036426,2,2
2016-06-01,8177.0,8183.35,8175.05,8180.55,09:25:00,8166.664705747242,2,3
2016-06-01,8182.1,8183.75,8176.35,8176.35,09:30:00,8168.134733771314,2,4
2016-06-01,8188.1,8188.1,8179.5,8182.15,09:35:00,8170.036187697856,2,5
2016-06-01,8190.45,8197.0,8187.45,8188.55,09:40:00,8171.98036029806,2,6
2016-06-01,8190.55,8196.35,8189.75,8190.6,09:45:00,8173.748897412531,2,7
2016-06-01,8200.25,8200.9,8190.45,8190.8,09:50:00,8176.272811944671,2,8
2016-06-01,8201.9,8205.9,8200.15,8200.3,09:55:00,8178.713496521369,2,9
2016-06-01,8207.55,8209.8,8201.9,8202.2,10:00:00,8181.459830186,2,10
2016-06-01,8203.15,8207.9,8200.4,8207.9,10:05:00,8183.525560644477,2,11
2016-06-01,8198.9,8203.55,8198.35,8203.2,10:10:00,8184.98979296405,2,12
2016-06-01,8204.5,8204.95,8196.3,8198.85,10:15:00,8186.847907919855,2,13
2016-06-01,8208.9,8209.4,8204.3,8205.0,10:20:00,8188.948107165584,2,14
2016-06-01,8206.75,8210.85,8205.85,8209.0,10:25:00,8190.643525530766,2,15
2016-06-01,8210.75,8210.75,8206.45,8206.95,10:30:00,8192.55842786117,2,16
2016-06-01,8205.35,8211.9,8204.3,8211.9,10:35:00,8193.776672826772,2,17
2016-06-01,8206.05,8210.75,8204.0,8205.0,10:40:00,8194.945561128985,2,18
2016-06-01,8211.3,8212.6,8205.3,8205.9,10:45:00,8196.503126735748,2,19
2016-06-01,8211.35,8215.35,8210.75,8211.65,10:50:00,8197.917114665677,2,20
2016-06-01,8208.15,8211.4,8206.55,8211.1,10:55:00,8198.891675173707,2,21
2016-06-01,8209.7,8211.45,8206.3,8208.0,11:00:00,8199.921039442877,2,22
2016-06-01,8211.2,8211.85,8207.5,8209.95,11:05:00,8200.995226162604,2,23
2016-06-01,8210.15,8212.9,8208.1,8211.1,11:10:00,8201.867109385214,2,24
2016-06-01,8212.0,8212.65,8209.75,8212.2,11:15:00,8202.832146586621,2,25
2016-06-01,8209.8,8213.35,8209.6,8211.7,11:20:00,8203.49575167361,2,26
2016-06-01,8198.85,8210.85,8196.45,8209.55,11:25:00,8203.053299133266,2,27
2016-06-01,8202.65,8204.75,8196.05,8198.1,11:30:00,8203.014889692002,2,28
2016-06-01,8204.3,8205.0,8200.0,8202.55,11:35:00,8203.137281149906,2,29
2016-06-01,8198.8,8204.05,8196.4,8204.05,11:40:00,8202.724206754678,2,30
2016-06-01,8200.35,8200.45,8196.9,8198.65,11:45:00,8202.49809182566,2,31
2016-06-01,8191.6,8201.0,8191.6,8199.85,11:50:00,8201.460178318455,2,32
2016-06-01,8183.85,8194.4,8183.15,8191.95,11:55:00,8199.783018478602,2,33
2016-06-01,8185.95,8188.15,8178.9,8183.3,12:00:00,8198.465588147306,2,34
2016-06-01,8188.2,8188.3,8183.95,8186.05,12:05:00,8197.487913085659,2,35
2016-06-01,8189.85,8192.65,8186.0,8188.0,12:10:00,8196.760492791786,2,36
2016-06-01,8188.65,8191.5,8188.4,8190.15,12:15:00,8195.988064906853,2,37
2016-06-01,8189.75,8192.45,8186.25,8189.05,12:20:00,8195.393963487153,2,38
2016-06-01,8186.2,8190.0,8185.25,8189.9,12:25:00,8194.518347916948,2,39
2016-06-01,8190.1,8191.15,8185.7,8186.15,12:30:00,8194.09755287724,2,40
2016-06-01,8178.25,8190.45,8178.25,8190.15,12:35:00,8192.588262127027,2,41
2016-06-01,8180.7,8182.25,8176.15,8177.1,12:40:00,8191.456046686358,2,42
2016-06-01,8178.05,8181.15,8174.15,8180.6,12:45:00,8190.179280335276,2,43
2016-06-01,8183.75,8183.85,8175.6,8177.9,12:50:00,8189.566967922393,2,44
2016-06-01,8187.35,8188.0,8183.7,8183.7,12:55:00,8189.35582812026,2,45
2016-06-01,8185.05,8188.95,8182.6,8187.65,13:00:00,8188.945749251664,2,46
2016-06-01,8184.45,8186.35,8182.2,8185.3,13:05:00,8188.517582656268,2,47
2016-06-01,8197.1,8201.35,8184.05,8184.6,13:10:00,8189.334955736624,2,48
2016-06-01,8197.35,8201.1,8196.7,8197.2,13:15:00,8190.098293285517,2,49
2016-06-01,8197.5,8199.5,8196.65,8197.3,13:20:00,8190.803217734515,2,50
2016-06-01,8193.15,8199.55,8189.35,8197.45,13:25:00,8191.026720807418,2,51
2016-06-01,8192.15,8195.4,8191.3,8193.1,13:30:00,8191.13369977814,2,52
2016-06-01,8199.1,8199.3,8192.05,8192.35,13:35:00,8191.892395037365,2,53
2016-06-01,8197.9,8200.85,8197.4,8199.2,13:40:00,8192.464547890948,2,54
2016-06-01,8198.2,8200.1,8196.85,8198.0,13:45:00,8193.010781425144,2,55
2016-06-01,8195.3,8199.95,8194.95,8198.3,13:50:00,8193.228802241796,2,56
2016-06-01,8193.2,8197.7,8193.2,8195.35,13:55:00,8193.22605917115,2,57
2016-06-01,8197.65,8197.95,8191.5,8193.15,14:00:00,8193.647386869136,2,58
2016-06-01,8193.85,8197.75,8192.2,8197.6,14:05:00,8193.66668335779,2,59
2016-06-01,8192.45,8199.9,8191.8,8193.7,14:10:00,8193.550808752285,2,60
2016-06-01,8186.45,8193.8,8184.9,8192.6,14:15:00,8192.874541252068,2,61
2016-06-01,8191.15,8191.3,8186.05,8186.25,14:20:00,8192.710299228062,2,62
2016-06-01,8187.85,8196.55,8186.65,8191.25,14:25:00,8192.247413587294,2,63
2016-06-01,8178.4,8190.75,8178.35,8188.3,14:30:00,8190.928612293266,2,64
2016-06-01,8189.55,8191.1,8177.6,8178.25,14:35:00,8190.797315884383,2,65
2016-06-01,8183.95,8190.8,8180.95,8189.65,14:40:00,8190.145190562061,2,66
2016-06-01,8186.0,8188.75,8179.2,8185.45,14:45:00,8189.750410508532,2,67
2016-06-01,8188.35,8191.4,8182.5,8186.35,14:50:00,8189.617038079148,2,68
2016-06-01,8187.45,8191.6,8184.95,8189.35,14:55:00,8189.410653500182,2,69
2016-06-01,8174.2,8188.25,8174.2,8187.15,15:00:00,8187.962019833498,2,70
2016-06-01,8179.0,8180.65,8171.05,8174.45,15:05:00,8187.108494135069,2,71
2016-06-01,8177.4,8180.65,8175.05,8179.25,15:10:00,8186.183875646015,2,72
2016-06-01,8181.45,8182.9,8175.75,8177.15,15:15:00,8185.733030346394,2,73
2016-06-01,8183.15,8184.3,8180.65,8181.75,15:20:00,8185.487027456262,2,74
2016-06-01,8180.2,8183.55,8177.75,8182.95,15:25:00,8184.983501031856,2,75
2016-06-02,8171.2,8180.55,8154.75,8155.35,09:15:00,8183.670786647869,3,1
2016-06-02,8173.75,8178.1,8170.25,8171.5,09:20:00,8182.725949824262,3,2
2016-06-02,8179.05,8179.9,8170.05,8174.05,09:25:00,8182.375859364808,3,3
2016-06-02,8183.5,8185.85,8176.15,8179.2,09:30:00,8182.4829203776835,3,4
2016-06-02,8174.5,8184.55,8172.55,8183.3,09:35:00,8181.7226422464755,3,5
2016-06-02,8169.05,8178.9,8168.6,8174.35,09:40:00,8180.515723937287,3,6
2016-06-02,8159.2,8168.5,8156.3,8168.35,09:45:00,8178.485654990879,3,7
2016-06-02,8165.0,8167.85,8157.7,8159.15,09:50:00,8177.20130689651,3,8
2016-06-02,8163.5,8166.55,8163.1,8165.2,09:55:00,8175.896420525414,3,9
2016-06-02,8168.6,8168.9,8161.35,8163.6,10:00:00,8175.201523332517,3,10
2016-06-02,8163.05,8170.2,8161.4,8168.7,10:05:00,8174.044235396087,3,11
2016-06-02,8166.65,8166.75,8162.7,8163.2,10:10:00,8173.340022501221,3,12
2016-06-02,8163.75,8167.65,8161.9,8166.95,10:15:00,8172.426687024914,3,13
2016-06-02,8166.95,8167.6,8163.35,8163.5,10:20:00,8171.905097784446,3,14
2016-06-02,8169.5,8170.05,8166.85,8166.9,10:25:00,8171.676040852594,3,15
2016-06-02,8167.3,8172.75,8166.65,8169.8,10:30:00,8171.259275057108,3,16
2016-06-02,8174.5,8174.65,8167.1,8167.15,10:35:00,8171.567915527859,3,17
2016-06-02,8173.95,8177.75,8173.25,8174.3,10:40:00,8171.794780715682,3,18
2016-06-02,8167.35,8173.9,8164.9,8173.9,10:45:00,8171.371468266569,3,19
2016-06-02,8161.45,8167.6,8159.25,8167.5,10:50:00,8170.426566526895,3,20
2016-06-02,8164.2,8164.95,8158.6,8161.55,10:55:00,8169.833560191,3,21
2016-06-02,8162.3,8165.0,8162.1,8163.95,11:00:00,8169.116078268048,3,22
2016-06-02,8164.65,8164.9,8158.45,8162.2,11:05:00,8168.690737480615,3,23
2016-06-02,8165.15,8168.7,8163.75,8164.95,11:10:00,8168.353524387223,3,24
2016-06-02,8168.45,8169.9,8163.55,8165.3,11:15:00,8168.36271254082,3,25
2016-06-02,8164.2,8169.75,8164.2,8167.95,11:20:00,8167.966263727409,3,26
2016-06-02,8161.55,8167.8,8161.15,8164.1,11:25:00,8167.355190991465,3,27
2016-06-02,8164.3,8165.25,8159.95,8161.25,11:30:00,8167.06422042085,3,28
2016-06-02,8163.5,8165.65,8162.65,8164.75,11:35:00,8166.724770856959,3,29
2016-06-02,8165.6,8165.75,8161.85,8163.55,11:40:00,8166.617649822963,3,30
2016-06-02,8169.45,8170.35,8164.35,8165.8,11:45:00,8166.887397458872,3,31
2016-06-02,8166.85,8170.05,8165.45,8169.75,11:50:00,8166.883835796123,3,32
2016-06-02,8164.55,8168.05,8164.5,8167.1,11:55:00,8166.661565720302,3,33
2016-06-02,8165.75,8166.35,8162.1,8164.65,12:00:00,8166.574749937416,3,34
2016-06-02,8169.35,8170.2,8164.2,8166.05,12:05:00,8166.8390594671855,3,35
2016-06-02,8166.8,8171.5,8166.2,8169.45,12:10:00,8166.83533951793,3,36
2016-06-02,8168.3,8170.6,8166.4,8166.9,12:15:00,8166.974830992413,3,37
2016-06-02,8168.05,8170.6,8167.5,8168.0,12:20:00,8167.077228040755,3,38
2016-06-02,8164.8,8168.95,8164.8,8167.95,12:25:00,8166.86034917973,3,39
2016-06-02,8164.45,8170.3,8163.8,8164.9,12:30:00,8166.630792114994,3,40
2016-06-02,8160.1,8164.65,8156.85,8164.65,12:35:00,8166.008811913565,3,41
2016-06-02,8166.45,8166.5,8159.35,8159.85,12:40:00,8166.050829826559,3,42
2016-06-02,8174.9,8174.9,8166.4,8166.4,12:45:00,8166.893607938315,3,43
2016-06-02,8168.2,8179.4,8163.3,8175.15,12:50:00,8167.018026229904,3,44
2016-06-02,8167.8,8170.3,8166.05,8168.3,12:55:00,8167.092499922293,3,45
2016-06-02,8164.6,8170.85,8163.65,8167.85,13:00:00,8166.855118977312,3,46
2016-06-02,8165.7,8166.95,8164.5,8164.8,13:05:00,8166.74510764614,3,47
2016-06-02,8168.7,8169.9,8164.4,8165.8,13:10:00,8166.931287870317,3,48
2016-06-02,8166.9,8169.3,8165.95,8168.5,13:15:00,8166.928308073144,3,49
2016-06-02,8170.0,8171.75,8166.6,8167.1,13:20:00,8167.220850161415,3,50
2016-06-02,8171.2,8172.85,8170.0,8170.3,13:25:00,8167.599816812709,3,51
2016-06-02,8164.95,8171.3,8164.3,8171.3,13:30:00,8167.347453306736,3,52
2016-06-02,8167.35,8169.3,8163.65,8164.75,13:35:00,8167.347695848952,3,53
2016-06-02,8166.95,8167.3,8162.65,8167.3,13:40:00,8167.309820053813,3,54
2016-06-02,8166.25,8167.5,8165.7,8167.05,13:45:00,8167.208884810593,3,55
2016-06-02,8169.3,8169.5,8165.3,8166.1,13:50:00,8167.408038638156,3,56
2016-06-02,8173.85,8174.5,8168.3,8169.15,13:55:00,8168.021558767855,3,57
2016-06-02,8174.45,8174.45,8169.7,8174.0,14:00:00,8168.633791266154,3,58
2016-06-02,8183.9,8189.4,8173.95,8174.6,14:05:00,8170.087715907473,3,59
2016-06-02,8186.15,8190.1,8183.2,8183.85,14:10:00,8171.617457249618,3,60
2016-06-02,8183.45,8186.8,8183.2,8186.2,14:15:00,8172.744366082988,3,61
2016-06-02,8184.65,8185.5,8180.35,8183.35,14:20:00,8173.878235979846,3,62
2016-06-02,8185.0,8190.25,8183.0,8183.85,14:25:00,8174.937451600813,3,63
2016-06-02,8190.35,8193.35,8184.0,8185.15,14:30:00,8176.405313353116,3,64
2016-06-02,8201.35,8202.35,8190.3,8190.6,14:35:00,8178.780997795676,3,65
2016-06-02,8212.85,8212.85,8197.6,8201.45,14:40:00,8182.025664672278,3,66
2016-06-02,8207.05,8216.1,8205.0,8212.9,14:45:00,8184.40893470349,3,67
2016-06-02,8210.65,8213.1,8206.7,8206.95,14:50:00,8186.908083779347,3,68
2016-06-02,8215.95,8218.35,8210.05,8210.6,14:55:00,8189.673980562267,3,69
2016-06-02,8223.25,8223.65,8213.3,8216.35,15:00:00,8192.871696699194,3,70
2016-06-02,8228.3,8229.5,8220.2,8222.6,15:05:00,8196.24582082308,3,71
2016-06-02,8220.1,8228.45,8217.7,8228.45,15:10:00,8198.517647411358,3,72
2016-06-02,8216.95,8220.15,8215.45,8220.05,15:15:00,8200.273109562657,3,73
2016-06-02,8211.35,8217.4,8210.45,8216.8,15:20:00,8201.32805150907,3,74
2016-06-02,8216.95,8217.65,8210.8,8211.25,15:25:00,8202.815856127254,3,75
2016-06-03,8251.25,8256.1,8245.25,8245.35,09:15:00,8207.428631734183,4,1
2016-06-03,8243.85,8253.95,8241.4,8250.25,09:20:00,8210.897333473786,4,2
2016-06-03,8251.8,8254.1,8240.9,8243.4,09:25:00,8214.792825523902,4,3
2016-06-03,8253.65,8256.75,8250.7,8251.7,09:30:00,8218.49350880734,4,4
2016-06-03,8258.75,8259.3,8252.05,8253.6,09:35:00,8222.327460349497,4,5
2016-06-03,8254.85,8262.0,8252.7,8258.9,09:40:00,8225.424845078116,4,6
2016-06-03,8257.05,8257.7,8252.15,8254.8,09:45:00,8228.436764594486,4,7
2016-06-03,8250.35,8257.8,8249.3,8256.9,09:50:00,8230.523739395012,4,8
2016-06-03,8251.9,8253.4,8248.85,8250.7,09:55:00,8232.559573738345,4,9
2016-06-03,8253.9,8254.9,8251.6,8251.85,10:00:00,8234.591995287074,4,10
2016-06-03,8246.45,8254.15,8245.75,8254.0,10:05:00,8235.721329069256,4,11
2016-06-03,8250.6,8251.15,8245.6,8246.35,10:10:00,8237.138345348374,4,12
2016-06-03,8245.15,8250.9,8245.15,8250.7,10:15:00,8237.9013600771,4,13
2016-06-03,8246.6,8246.75,8242.25,8244.95,10:20:00,8238.72980197452,4,14
2016-06-03,8245.9,8248.6,8245.5,8246.75,10:25:00,8239.412677976947,4,15
2016-06-03,8248.65,8248.95,8245.7,8245.85,10:30:00,8240.292422931523,4,16
2016-06-03,8247.05,8248.9,8245.05,8248.55,10:35:00,8240.936001699949,4,17
2016-06-03,8250.15,8250.6,8247.0,8247.0,10:40:00,8241.813525347572,4,18
2016-06-03,8247.15,8250.05,8245.75,8250.05,10:45:00,8242.321761028756,4,19
2016-06-03,8237.85,8247.2,8236.45,8247.2,10:50:00,8241.895879026017,4,20
2016-06-03,8233.5,8237.3,8232.45,8237.25,10:55:00,8241.09627149973,4,21
2016-06-03,8241.05,8243.75,8232.55,8233.7,11:00:00,8241.091864690232,4,22
2016-06-03,8243.8,8245.1,8241.0,8241.0,11:05:00,8241.34978233878,4,23
2016-06-03,8238.55,8244.85,8236.5,8243.5,11:10:00,8241.083136401754,4,24
2016-06-03,8237.4,8238.9,8234.6,8238.75,11:15:00,8240.732361506349,4,25
2016-06-03,8241.45,8242.5,8236.85,8237.65,11:20:00,8240.800708029554,4,26
2016-06-03,8240.65,8242.75,8238.5,8241.25,11:25:00,8240.786354883883,4,27
2016-06-03,8241.5,8243.0,8239.1,8240.7,11:30:00,8240.854321085419,4,28
2016-06-03,8245.45,8246.2,8241.65,8241.7,11:35:00,8241.292004791569,4,29
2016-06-03,8243.6,8245.2,8241.75,8245.2,11:40:00,8241.511813859039,4,30
2016-06-03,8242.85,8246.8,8242.8,8243.85,11:45:00,8241.639260158177,4,31
2016-06-03,8244.55,8244.65,8241.55,8243.25,11:50:00,8241.916473476445,4,32
2016-06-03,8244.7,8245.6,8242.65,8244.35,11:55:00,8242.181571240593,4,33
2016-06-03,8246.5,8246.85,8242.75,8244.25,12:00:00,8242.592850170062,4,34
2016-06-03,8243.65,8247.15,8242.35,8247.05,12:05:00,8242.693531106246,4,35
2016-06-03,8237.8,8245.4,8237.8,8243.85,12:10:00,8242.227480524698,4,36
2016-06-03,8238.45,8238.8,8236.45,8237.95,12:15:00,8241.867720474727,4,37
2016-06-03,8239.5,8240.1,8238.05,8238.55,12:20:00,8241.642223286659,4,38
2016-06-03,8243.9,8244.4,8238.95,8239.35,12:25:00,8241.85724964031,4,39
2016-06-03,8243.75,8246.75,8242.8,8244.1,12:30:00,8242.037511579329,4,40
2016-06-03,8239.95,8244.6,8239.35,8243.8,12:35:00,8241.838700952727,4,41
2016-06-03,8240.45,8241.3,8238.9,8239.9,12:40:00,8241.706443719133,4,42
2016-06-03,8243.4,8244.5,8240.0,8240.2,12:45:00,8241.8677347935,4,43
2016-06-03,8247.65,8249.0,8243.6,8243.6,12:50:00,8242.41842671793,4,44
2016-06-03,8252.0,8253.2,8246.7,8247.45,12:55:00,8243.330957506698,4,45
2016-06-03,8248.85,8256.75,8248.7,8252.15,13:00:00,8243.856580601298,4,46
2016-06-03,8252.0,8252.35,8248.3,8248.6,13:05:00,8244.632144353554,4,47
2016-06-03,8252.65,8253.3,8251.35,8252.15,13:10:00,8245.395749653217,4,48
2016-06-03,8247.9,8254.25,8247.65,8252.6,13:15:00,8245.634249686243,4,49
2016-06-03,8240.2,8248.8,8238.8,8247.85,13:20:00,8245.116702097077,4,50
2016-06-03,8242.75,8245.55,8240.15,8240.4,13:25:00,8244.891301897356,4,51
2016-06-03,8236.45,8243.6,8235.3,8243.1,13:30:00,8244.087368383322,4,52
2016-06-03,8233.7,8241.5,8232.95,8236.6,13:35:00,8243.098095203957,4,53
2016-06-03,8233.15,8234.2,8224.05,8233.95,13:40:00,8242.150657565486,4,54
2016-06-03,8229.35,8233.2,8227.4,8232.75,13:45:00,8240.931547321154,4,55
2016-06-03,8234.45,8235.75,8228.4,8229.25,13:50:00,8240.314257100092,4,56
2016-06-03,8233.7,8236.85,8233.35,8234.55,13:55:00,8239.684327852465,4,57
2016-06-03,8215.1,8233.75,8213.65,8233.75,14:00:00,8237.342963295088,4,58
2016-06-03,8218.5,8224.85,8215.0,8215.05,14:05:00,8235.548395362222,4,59
2016-06-03,8227.9,8229.05,8217.95,8218.7,14:10:00,8234.819976756296,4,60
2016-06-03,8225.95,8229.25,8223.9,8228.0,14:15:00,8233.975217065221,4,61
2016-06-03,8232.1,8233.45,8225.25,8226.0,14:20:00,8233.796624963772,4,62
2016-06-03,8227.05,8233.7,8227.0,8232.45,14:25:00,8233.154089252937,4,63
2016-06-03,8228.4,8232.5,8224.45,8226.5,14:30:00,8232.701318847896,4,64
2016-06-03,8229.25,8232.9,8228.95,8228.95,14:35:00,8232.372621814762,4,65
2016-06-03,8225.7,8231.05,8225.3,8229.05,14:40:00,8231.73713402288,4,66
2016-06-03,8224.8,8226.1,8222.2,8225.55,14:45:00,8231.076454592128,4,67
2016-06-03,8222.5,8227.2,8222.5,8225.0,14:50:00,8230.259649392878,4,68
2016-06-03,8222.2,8223.45,8215.4,8222.45,14:55:00,8229.492063736414,4,69
2016-06-03,8220.1,8223.55,8219.7,8222.25,15:00:00,8228.597581475802,4,70
2016-06-03,8228.7,8229.5,8218.7,8219.75,15:05:00,8228.607335620964,4,71
2016-06-03,8226.25,8230.45,8224.4,8228.8,15:10:00,8228.382827466587,4,72
2016-06-03,8218.85,8227.15,8218.0,8226.45,15:15:00,8227.474939136435,4,73
2016-06-03,8216.9,8221.05,8215.7,8219.05,15:20:00,8226.467802075822,4,74
2016-06-03,8212.85,8217.6,8209.85,8217.6,15:25:00,8225.17086854479,4,75
2016-06-06,8226.6,8230.8,8217.7,8226.8,09:15:00,8225.306976302429,0,1
2016-06-06,8228.1,8234.7,8224.2,8226.95,09:20:00,8225.57297855934,0,2
2016-06-06,8226.2,8232.95,8225.9,8228.2,09:25:00,8225.632694887021,0,3
2016-06-06,8220.85,8231.8,8220.85,8226.05,09:30:00,8225.177200135877,0,4
2016-06-06,8223.7,8224.05,8215.55,8220.9,09:35:00,8225.03651440865,0,5
2016-06-06,8226.25,8227.25,8222.75,8223.75,09:40:00,8225.15208446497,0,6
2016-06-06,8221.8,8227.2,8220.5,8226.5,09:45:00,8224.832838325448,0,7
2016-06-06,8221.35,8224.7,8218.9,8221.75,09:50:00,8224.50113943731,0,8
2016-06-06,8223.05,8225.35,8220.75,8221.4,09:55:00,8224.362935681376,0,9
2016-06-06,8216.2,8223.45,8212.3,8222.35,10:00:00,8223.585513235532,0,10
2016-06-06,8218.25,8218.45,8212.65,8216.1,10:05:00,8223.077369117862,0,11
2016-06-06,8214.2,8219.25,8213.6,8218.3,10:10:00,8222.231905392351,0,12
2016-06-06,8215.6,8216.9,8212.0,8214.05,10:15:00,8221.600295354983,0,13
2016-06-06,8217.6,8219.5,8215.3,8215.8,10:20:00,8221.219314844984,0,14
2016-06-06,8218.35,8219.35,8216.45,8217.95,10:25:00,8220.94604676451,0,15
2016-06-06,8224.85,8224.85,8218.5,8218.65,10:30:00,8221.317851834556,0,16
2016-06-06,8220.25,8227.55,8217.6,8224.7,10:35:00,8221.216151659835,0,17
2016-06-06,8225.1,8225.75,8218.25,8220.15,10:40:00,8221.586041977946,0,18
2016-06-06,8224.65,8229.1,8223.4,8224.85,10:45:00,8221.877847503856,0,19
2016-06-06,8224.3,8225.1,8221.95,8224.45,10:50:00,8222.108528693965,0,20
2016-06-06,8223.3,8225.3,8222.2,8224.15,10:55:00,8222.222002151682,0,21
2016-06-06,8220.1,8224.15,8218.85,8223.5,11:00:00,8222.019906708665,0,22
2016-06-06,8221.9,8222.1,8217.7,8220.15,11:05:00,8222.008487022125,0,23
2016-06-06,8223.55,8223.55,8221.1,8222.1,11:10:00,8222.155297781923,0,24
2016-06-06,8220.35,8223.85,8218.95,8223.3,11:15:00,8221.983364659834,0,25
2016-06-06,8218.85,8222.45,8218.5,8220.6,11:20:00,8221.684948977945,0,26
2016-06-06,8218.35,8219.7,8217.1,8218.75,11:25:00,8221.36733478957,0,27
2016-06-06,8212.0,8219.7,8211.45,8218.5,11:30:00,8220.475207666754,0,28
2016-06-06,8211.6,8214.8,8210.4,8211.8,11:35:00,8219.629949793729,0,29
2016-06-06,8215.55,8216.3,8211.4,8211.9,11:40:00,8219.241383146707,0,30
2016-06-06,8212.8,8215.95,8212.6,8215.6,11:45:00,8218.627918085116,0,31
2016-06-06,8212.3,8213.7,8209.75,8212.65,11:50:00,8218.025259219867,0,32
2016-06-06,8211.85,8216.5,8211.7,8212.85,11:55:00,8217.437139294165,0,33
2016-06-06,8208.2,8211.7,8207.6,8211.2,12:00:00,8216.55741174234,0,34
2016-06-06,8208.55,8208.9,8204.9,8208.0,12:05:00,8215.794801100214,0,35
2016-06-06,8214.1,8214.8,8208.75,8208.85,12:10:00,8215.633391471622,0,36
2016-06-06,8209.4,8215.85,8209.4,8214.35,12:15:00,8215.03973514099,0,37
2016-06-06,8212.7,8213.95,8209.1,8209.35,12:20:00,8214.8169032228,0,38
2016-06-06,8210.45,8213.25,8208.95,8212.8,12:25:00,8214.401007677772,0,39
2016-06-06,8216.25,8217.45,8209.6,8210.7,12:30:00,8214.577102184652,0,40
2016-06-06,8214.75,8216.3,8212.75,8216.05,12:35:00,8214.593568643257,0,41
2016-06-06,8212.8,8215.5,8211.95,8214.65,12:40:00,8214.422752581993,0,42
2016-06-06,8215.45,8216.15,8212.35,8212.85,12:45:00,8214.520585669423,0,43
2016-06-06,8221.65,8221.95,8214.05,8215.25,12:50:00,8215.19957751043,0,44
2016-06-06,8218.75,8222.45,8217.75,8221.6,12:55:00,8215.537712985626,0,45
2016-06-06,8216.5,8219.85,8215.75,8219.0,13:00:00,8215.629359367947,0,46
2016-06-06,8216.95,8220.8,8216.55,8216.8,13:05:00,8215.755134666239,0,47
2016-06-06,8217.85,8218.45,8215.3,8217.5,13:10:00,8215.954645650407,0,48
2016-06-06,8215.95,8218.7,8215.35,8218.0,13:15:00,8215.954203207511,0,49
2016-06-06,8220.25,8221.55,8215.7,8215.7,13:20:00,8216.363326711558,0,50
2016-06-06,8220.35,8223.85,8220.0,8220.3,13:25:00,8216.743009881886,0,51
2016-06-06,8214.45,8221.7,8214.2,8220.6,13:30:00,8216.524627988374,0,52
2016-06-06,8212.35,8215.95,8211.8,8214.65,13:35:00,8216.127044370434,0,53
2016-06-06,8214.05,8216.95,8211.4,8212.2,13:40:00,8215.92923062087,0,54
2016-06-06,8213.65,8216.05,8213.65,8214.25,13:45:00,8215.712161037929,0,55
2016-06-06,8212.3,8214.45,8209.95,8213.8,13:50:00,8215.38719332003,0,56
2016-06-06,8216.25,8217.1,8211.35,8212.7,13:55:00,8215.46936538479,0,57
2016-06-06,8216.65,8219.8,8215.4,8216.0,14:00:00,8215.581806776714,0,58
2016-06-06,8218.05,8219.5,8215.25,8217.25,14:05:00,8215.81687279798,0,59
2016-06-06,8212.95,8218.1,8211.4,8218.0,14:10:00,8215.54383729341,0,60
2016-06-06,8216.2,8218.1,8212.9,8212.9,14:15:00,8215.606328979751,0,61
2016-06-06,8214.85,8217.65,8214.0,8216.15,14:20:00,8215.534297648346,0,62
2016-06-06,8206.3,8216.8,8205.8,8214.6,14:25:00,8214.654840729456,0,63
2016-06-06,8192.2,8206.3,8186.25,8205.9,14:30:00,8212.516284469508,0,64
2016-06-06,8194.15,8194.2,8189.5,8191.95,14:35:00,8210.767114520031,0,65
2016-06-06,8190.15,8194.6,8186.05,8193.8,14:40:00,8208.803579803838,0,66
2016-06-06,8195.85,8196.1,8188.15,8190.35,14:45:00,8207.569905536806,0,67
2016-06-06,8196.5,8199.95,8195.5,8196.0,14:50:00,8206.515628819014,0,68
2016-06-06,8196.85,8200.8,8193.4,8196.4,14:55:00,8205.595092741012,0,69
2016-06-06,8192.35,8198.2,8191.3,8196.45,15:00:00,8204.333655337106,0,70
2016-06-06,8196.05,8202.1,8192.05,8192.3,15:05:00,8203.544735781192,0,71
2016-06-06,8202.05,8202.75,8195.5,8195.5,15:10:00,8203.402379992507,0,72
2016-06-06,8203.65,8206.5,8200.65,8201.75,15:15:00,8203.425962850364,0,73
2016-06-06,8202.25,8205.0,8199.75,8202.85,15:20:00,8203.313966388425,0,74
2016-06-06,8205.45,8207.5,8200.35,8202.3,15:25:00,8203.517398160955,0,75
2016-06-07,8227.85,8236.5,8223.9,8232.05,09:15:00,8205.834788812292,1,1
2016-06-07,8226.35,8232.7,8224.1,8227.7,09:20:00,8207.788618449216,1,2
2016-06-07,8230.2,8232.05,8225.75,8225.75,09:25:00,8209.923035739768,1,3
2016-06-07,8229.5,8231.8,8228.9,8230.05,09:30:00,8211.787508526457,1,4
2016-06-07,8225.25,8230.2,8224.75,8229.55,09:35:00,8213.069650571557,1,5
2016-06-07,8223.7,8225.95,8222.2,8225.0,09:40:00,8214.082064802837,1,6
2016-06-07,8225.45,8227.1,8223.15,8223.75,09:45:00,8215.164725297804,1,7
2016-06-07,8226.3,8228.95,8225.45,8225.75,09:50:00,8216.225227650393,1,8
2016-06-07,8230.6,8230.85,8225.0,8226.05,09:55:00,8217.594253588451,1,9
2016-06-07,8234.95,8235.3,8230.1,8230.7,10:00:00,8219.247181818122,1,10
2016-06-07,8230.45,8235.35,8229.85,8234.85,10:05:00,8220.314116883063,1,11
2016-06-07,8229.35,8231.6,8227.45,8230.6,10:10:00,8221.174677179913,1,12
2016-06-07,8231.1,8232.3,8229.0,8229.3,10:15:00,8222.119946019922,1,13
2016-06-07,8233.1,8234.0,8230.85,8231.15,10:20:00,8223.165665446597,1,14
2016-06-07,8231.55,8233.7,8231.45,8232.9,10:25:00,8223.964173499302,1,15
2016-06-07,8230.75,8231.8,8229.4,8231.5,10:30:00,8224.610442689846,1,16
2016-06-07,8229.6,8231.35,8226.05,8230.8,10:35:00,8225.085638624147,1,17
2016-06-07,8229.0,8231.35,8228.15,8229.4,10:40:00,8225.458434945656,1,18
2016-06-07,8230.4,8232.65,8228.5,8229.05,10:45:00,8225.929060188928,1,19
2016-06-07,8230.3,8231.8,8228.75,8230.3,10:50:00,8226.345340170936,1,20
2016-06-07,8230.35,8230.5,8225.9,8230.15,10:55:00,8226.726736345132,1,21
2016-06-07,8227.45,8240.3,8216.4,8231.0,11:00:00,8226.795618597976,1,22
2016-06-07,8229.5,8233.25,8222.35,8227.35,11:05:00,8227.053178731503,1,23
2016-06-07,8231.55,8232.5,8228.5,8230.3,11:10:00,8227.481447423741,1,24
2016-06-07,8228.0,8232.35,8221.75,8231.65,11:15:00,8227.530833383384,1,25
2016-06-07,8228.3,8228.55,8219.65,8227.75,11:20:00,8227.604087346872,1,26
2016-06-07,8227.2,8231.3,8225.25,8228.05,11:25:00,8227.565602837645,1,27
2016-06-07,8235.25,8236.05,8227.25,8227.25,11:30:00,8228.297450186441,1,28
2016-06-07,8246.1,8253.5,8235.55,8235.9,11:35:00,8229.992931121065,1,29
2016-06-07,8246.9,8251.85,8244.15,8246.6,11:40:00,8231.603128157154,1,30
2016-06-07,8240.5,8249.1,8239.05,8246.7,11:45:00,8232.450449285045,1,31
2016-06-07,8237.6,8243.0,8236.7,8240.85,11:50:00,8232.94088268647,1,32
2016-06-07,8238.5,8241.55,8236.95,8237.3,11:55:00,8233.470322430614,1,33
2016-06-07,8241.0,8243.6,8238.3,8239.45,12:00:00,8234.187434580079,1,34
2016-06-07,8244.45,8245.6,8241.1,8241.3,12:05:00,8235.164821762928,1,35
2016-06-07,8242.4,8245.0,8240.15,8244.3,12:10:00,8235.853886356934,1,36
2016-06-07,8245.65,8246.35,8242.3,8242.5,12:15:00,8236.786849561035,1,37
2016-06-07,8245.35,8246.65,8243.9,8245.25,12:20:00,8237.60238769808,1,38
2016-06-07,8246.6,8248.0,8244.85,8244.85,12:25:00,8238.459303155405,1,39
2016-06-07,8253.65,8255.3,8246.5,8246.5,12:30:00,8239.906036188224,1,40
2016-06-07,8264.25,8266.8,8253.4,8253.4,12:35:00,8242.224508932202,1,41
2016-06-07,8274.45,8276.25,8263.25,8263.25,12:40:00,8245.293603319611,1,42
2016-06-07,8284.65,8286.35,8272.75,8275.35,12:45:00,8249.041831574887,1,43
2016-06-07,8284.6,8291.25,8281.1,8284.5,12:50:00,8252.42832380585,1,44
2016-06-07,8278.9,8285.35,8278.25,8284.45,12:55:00,8254.949435824341,1,45
2016-06-07,8282.5,8287.95,8278.65,8278.65,13:00:00,8257.573299079166,1,46
2016-06-07,8276.65,8284.05,8276.65,8282.45,13:05:00,8259.390127738294,1,47
2016-06-07,8277.75,8279.75,8274.7,8276.9,13:10:00,8261.138687001314,1,48
2016-06-07,8278.85,8280.7,8277.15,8278.2,13:15:00,8262.825478715475,1,49
2016-06-07,8284.35,8285.5,8278.3,8279.25,13:20:00,8264.875433123525,1,50
2016-06-07,8283.95,8288.1,8283.25,8284.45,13:25:00,8266.692058540333,1,51
2016-06-07,8288.75,8290.25,8282.6,8283.8,13:30:00,8268.792814869825,1,52
2016-06-07,8286.0,8290.1,8285.25,8288.25,13:35:00,8270.431594406033,1,53
2016-06-07,8293.2,8294.05,8285.3,8286.3,13:40:00,8272.60001398641,1,54
2016-06-07,8290.5,8293.6,8288.3,8293.05,13:45:00,8274.304774559134,1,55
2016-06-07,8288.0,8291.85,8284.9,8290.4,13:50:00,8275.609081743978,1,56
2016-06-07,8290.8,8292.3,8284.6,8287.75,13:55:00,8277.055835863599,1,57
2016-06-07,8293.15,8294.95,8289.8,8290.65,14:00:00,8278.5886134004,1,58
2016-06-07,8291.75,8293.3,8290.2,8293.1,14:05:00,8279.842078790838,1,59
2016-06-07,8283.0,8291.95,8283.0,8291.35,14:10:00,8280.14283319171,1,60
2016-06-07,8275.4,8283.35,8272.35,8282.8,14:15:00,8279.6911347925,1,61
2016-06-07,8276.25,8278.35,8272.65,8275.6,14:20:00,8279.363407669405,1,62
2016-06-07,8283.05,8284.5,8275.85,8276.5,14:25:00,8279.71451170089,1,63
2016-06-07,8275.75,8283.7,8274.4,8283.0,14:30:00,8279.336939157947,1,64
2016-06-07,8256.2,8276.35,8255.35,8275.4,14:35:00,8277.133421142904,1,65
2016-06-07,8251.15,8258.7,8251.0,8256.0,14:40:00,8274.658809605486,1,66
2016-06-07,8256.9,8260.15,8249.9,8250.9,14:45:00,8272.967494404962,1,67
2016-06-07,8255.5,8258.2,8252.4,8256.6,14:50:00,8271.303923509251,1,68
2016-06-07,8254.4,8256.3,8251.1,8255.6,14:55:00,8269.694026032179,1,69
2016-06-07,8267.55,8268.6,8255.2,8255.2,15:00:00,8269.489833076732,1,70
2016-06-07,8269.5,8270.6,8264.55,8267.85,15:05:00,8269.49080135514,1,71
2016-06-07,8269.55,8271.45,8266.3,8269.55,15:10:00,8269.496439321318,1,72
2016-06-07,8266.3,8271.3,8263.55,8269.6,15:15:00,8269.192016528812,1,73
2016-06-07,8265.7,8268.15,8265.7,8266.25,15:20:00,8268.859443526067,1,74
2016-06-07,8264.6,8267.55,8262.25,8265.6,15:25:00,8268.45378223787,1,75
2016-06-08,8277.15,8288.9,8263.95,8285.3,09:15:00,8269.28199345331,2,1
2016-06-08,8270.2,8276.95,8262.5,8276.9,09:20:00,8269.369422648235,2,2
2016-06-08,8273.0,8277.65,8267.65,8270.45,09:25:00,8269.715191919831,2,3
2016-06-08,8268.55,8279.05,8268.25,8272.85,09:30:00,8269.604221260799,2,4
2016-06-08,8265.25,8271.25,8264.7,8268.5,09:35:00,8269.189533521676,2,5
2016-06-08,8269.4,8269.85,8263.45,8265.35,09:40:00,8269.209577948182,2,6
2016-06-08,8274.4,8274.4,8266.7,8269.0,09:45:00,8269.703903857879,2,7
2016-06-08,8268.8,8274.2,8268.75,8274.0,09:50:00,8269.617817776176,2,8
2016-06-08,8268.9,8271.2,8266.75,8269.0,09:55:00,8269.549454178445,2,9
2016-06-08,8264.05,8270.75,8264.05,8268.95,10:00:00,8269.02569663764,2,10
2016-06-08,8268.4,8269.25,8262.8,8264.3,10:05:00,8268.966106481674,2,11
2016-06-08,8271.2,8274.45,8268.15,8268.35,10:10:00,8269.178858245323,2,12
2016-06-08,8270.1,8271.55,8268.65,8271.55,10:15:00,8269.266586031483,2,13
2016-06-08,8274.65,8275.05,8268.6,8270.0,10:20:00,8269.779292123721,2,14
2016-06-08,8274.75,8276.95,8272.85,8275.0,10:25:00,8270.252692873844,2,15
2016-06-08,8275.4,8277.95,8274.7,8275.0,10:30:00,8270.742912600144,2,16
2016-06-08,8270.6,8275.55,8269.9,8275.25,10:35:00,8270.729301876321,2,17
2016-06-08,8265.05,8270.05,8261.05,8270.05,10:40:00,8270.188415983339,2,18
2016-06-08,8268.6,8269.6,8264.65,8264.8,10:45:00,8270.03713827064,2,19
2016-06-08,8270.7,8272.7,8268.35,8268.35,10:50:00,8270.100267959151,2,20
2016-06-08,8268.75,8270.65,8268.45,8270.55,10:55:00,8269.97167101066,2,21
2016-06-08,8269.65,8270.25,8267.15,8269.15,11:00:00,8269.941035676313,2,22
2016-06-08,8264.8,8270.1,8264.6,8269.7,11:05:00,8269.451413230949,2,23
2016-06-08,8263.7,8266.85,8263.65,8264.5,11:10:00,8268.903659589907,2,24
2016-06-08,8261.5,8264.65,8261.5,8263.8,11:15:00,8268.198549152772,2,25
2016-06-08,8262.25,8262.5,8256.45,8261.85,11:20:00,8267.632020662033,2,26
2016-06-08,8268.9,8269.0,8260.65,8262.5,11:25:00,8267.752780598983,2,27
2016-06-08,8267.9,8269.7,8265.0,8268.7,11:30:00,8267.766801494317,2,28
2016-06-08,8267.0,8268.7,8266.6,8267.85,11:35:00,8267.693772780573,2,29
2016-06-08,8272.05,8272.1,8266.55,8267.25,11:40:00,8268.108651563374,2,30
2016-06-08,8273.05,8274.35,8271.4,8272.95,11:45:00,8268.579256176386,2,31
2016-06-08,8269.7,8273.85,8269.35,8272.95,11:50:00,8268.685993683397,2,32
2016-06-08,8275.15,8278.3,8267.9,8270.4,11:55:00,8269.301613332596,2,33
2016-06-08,8275.9,8277.05,8272.5,8275.0,12:00:00,8269.930031110443,2,34
2016-06-08,8280.25,8281.8,8275.95,8276.45,12:05:00,8270.912885290401,2,35
2016-06-08,8273.7,8280.85,8273.7,8280.35,12:10:00,8271.178324786553,2,36
2016-06-08,8271.95,8274.6,8270.1,8274.3,12:15:00,8271.251817664024,2,37
2016-06-08,8271.4,8273.4,8270.1,8271.9,12:20:00,8271.265930267451,2,38
2016-06-08,8270.85,8273.95,8270.05,8271.15,12:25:00,8271.226317861028,2,39
2016-06-08,8267.15,8271.95,8265.9,8271.05,12:30:00,8270.838097112359,2,40
2016-06-08,8271.5,8271.85,8267.2,8267.2,12:35:00,8270.90113548261,2,41
2016-06-08,8267.0,8272.9,8266.75,8271.65,12:40:00,8270.529598769981,2,42
2016-06-08,8268.05,8268.65,8265.65,8267.35,12:45:00,8270.293446506173,2,43
2016-06-08,8264.3,8268.5,8264.05,8267.3,12:50:00,8269.722642077015,2,44
2016-06-08,8269.4,8271.3,8263.85,8264.25,12:55:00,8269.691914260156,2,45
2016-06-08,8271.65,8273.55,8269.35,8269.35,13:00:00,8269.878398616333,2,46
2016-06-08,8272.9,8276.25,8271.45,8271.45,13:05:00,8270.166170176682,2,47
2016-06-08,8271.0,8274.85,8270.75,8272.85,13:10:00,8270.245582540809,2,48
2016-06-08,8272.9,8274.7,8271.15,8271.15,13:15:00,8270.498384203589,2,49
2016-06-08,8274.5,8277.25,8272.2,8272.75,13:20:00,8270.879490469913,2,50
2016-06-08,8278.2,8278.8,8273.65,8274.35,13:25:00,8271.576681853732,2,51
2016-06-08,8276.8,8280.55,8276.65,8278.35,13:30:00,8272.074140724806,2,52
2016-06-08,8273.05,8277.85,8272.25,8276.7,13:35:00,8272.167079703397,2,53
2016-06-08,8273.35,8274.65,8269.85,8273.2,13:40:00,8272.279738779263,2,54
2016-06-08,8274.45,8276.05,8272.75,8273.4,13:45:00,8272.486430324096,2,55
2016-06-08,8273.85,8275.5,8272.25,8274.2,13:50:00,8272.616294102752,2,56
2016-06-08,8274.75,8276.65,8273.45,8273.75,13:55:00,8272.819504188205,2,57
2016-06-08,8273.45,8278.15,8273.3,8274.8,14:00:00,8272.879551408376,2,58
2016-06-08,8266.0,8274.35,8265.15,8273.4,14:05:00,8272.22435603615,2,59
2016-06-08,8268.6,8269.5,8265.5,8265.95,14:10:00,8271.879179270802,2,60
2016-06-08,8266.8,8269.6,8265.9,8268.65,14:15:00,8271.395447911676,2,61
2016-06-08,8257.3,8267.15,8252.05,8266.9,14:20:00,8270.05302430104,2,62
2016-06-08,8260.6,8261.2,8257.1,8257.1,14:25:00,8269.15273627237,2,63
2016-06-08,8261.55,8265.2,8260.85,8260.9,14:30:00,8268.428666151192,2,64
2016-06-08,8265.8,8266.4,8261.7,8261.7,14:35:00,8268.178316993935,2,65
2016-06-08,8269.25,8271.95,8265.7,8265.7,14:40:00,8268.280382042132,2,66
2016-06-08,8269.5,8272.45,8268.9,8270.15,14:45:00,8268.396536133358,2,67
2016-06-08,8266.75,8271.05,8266.15,8269.55,14:50:00,8268.239723168275,2,68
2016-06-08,8267.15,8267.8,8263.05,8266.65,14:55:00,8268.135940009392,2,69
2016-06-08,8270.7,8274.35,8267.2,8267.25,15:00:00,8268.380136198974,2,70
2016-06-08,8273.1,8274.6,8270.95,8270.95,15:05:00,8268.829647037166,2,71
2016-06-08,8275.0,8275.85,8272.3,8273.2,15:10:00,8269.417299700293,2,72
2016-06-08,8275.55,8277.8,8274.4,8274.9,15:15:00,8270.001366395503,2,73
2016-06-08,8272.55,8276.65,8271.55,8275.35,15:20:00,8270.244093405456,2,74
2016-06-08,8269.7,8274.0,8268.0,8272.75,15:25:00,8270.192274985888,2,75
2016-06-09,8250.8,8269.95,8249.3,8268.35,09:15:00,8268.345391653898,3,1
2016-06-09,8256.75,8258.4,8247.25,8251.2,09:20:00,8267.241068639241,3,2
2016-06-09,8257.9,8258.45,8254.35,8256.4,09:25:00,8266.351443054551,3,3
2016-06-09,8254.8,8262.05,8254.5,8257.45,09:30:00,8265.251305620784,3,4
2016-06-09,8257.15,8259.65,8253.45,8254.85,09:35:00,8264.47975270452,3,5
2016-06-09,8252.05,8257.45,8251.85,8257.2,09:40:00,8263.29596673266,3,6
2016-06-09,8224.35,8252.1,8220.7,8251.95,09:45:00,8259.586827043835,3,7
2016-06-09,8228.5,8230.65,8215.95,8224.45,09:50:00,8256.626176849184,3,8
2016-06-09,8225.0,8228.35,8219.5,8228.25,09:55:00,8253.614160006406,3,9
2016-06-09,8224.7,8225.45,8220.55,8224.85,10:00:00,8250.860430481986,3,10
2016-06-09,8224.75,8226.85,8221.15,8224.55,10:05:00,8248.373722817034,3,11
2016-06-09,8224.55,8226.05,8222.05,8224.1,10:10:00,8246.10479683446,3,12
2016-06-09,8226.9,8230.0,8224.15,8224.6,10:15:00,8244.27576856451,3,13
2016-06-09,8228.55,8229.9,8226.6,8226.95,10:20:00,8242.778076320272,3,14
2016-06-09,8228.8,8229.5,8226.35,8228.75,10:25:00,8241.446830956436,3,15
2016-06-09,8229.95,8231.2,8228.25,8228.75,10:30:00,8240.35189467487,3,16
2016-06-09,8235.3,8236.25,8229.6,8229.7,10:35:00,8239.870761848691,3,17
2016-06-09,8235.6,8238.5,8235.55,8235.55,10:40:00,8239.464022625007,3,18
2016-06-09,8231.9,8236.3,8231.75,8235.75,10:45:00,8238.743639517863,3,19
2016-06-09,8230.8,8232.0,8227.85,8231.75,10:50:00,8237.987102420924,3,20
2016-06-09,8234.0,8234.05,8229.75,8230.7,10:55:00,8237.607378380835,3,21
2016-06-09,8229.05,8235.35,8229.05,8233.95,11:00:00,8236.792389963613,3,22
2016-06-09,8228.9,8230.15,8228.1,8229.2,11:05:00,8236.040733776603,3,23
2016-06-09,8228.15,8232.2,8228.15,8228.8,11:10:00,8235.289235321688,3,24
2016-06-09,8224.0,8228.5,8223.5,8227.9,11:15:00,8234.214070052956,3,25
2016-06-09,8226.4,8228.4,8221.95,8223.6,11:20:00,8233.469872905056,3,26
2016-06-09,8222.6,8227.65,8222.25,8226.55,11:25:00,8232.434646914098,3,27
2016-06-09,8219.35,8224.15,8219.2,8222.55,11:30:00,8231.188490065137,3,28
2016-06-09,8222.15,8222.15,8218.6,8219.5,11:35:00,8230.327681487504,3,29
2016-06-09,8226.45,8227.65,8222.25,8222.25,11:40:00,8229.958378488695,3,30
2016-06-09,8226.75,8227.8,8225.0,8226.15,11:45:00,8229.652818632629,3,31
2016-06-09,8225.45,8227.5,8224.5,8227.05,11:50:00,8229.252550191426,3,32
2016-06-09,8226.7,8227.6,8225.05,8225.4,11:55:00,8229.009450173195,3,33
2016-06-09,8224.25,8227.75,8224.1,8226.55,12:00:00,8228.55616920432,3,34
2016-06-09,8225.35,8226.7,8224.05,8224.6,12:05:00,8228.25081975629,3,35
2016-06-09,8222.95,8226.15,8221.45,8225.05,12:10:00,8227.7459797795,3,36
2016-06-09,8227.0,8227.0,8222.25,8223.05,12:15:00,8227.674934086215,3,37
2016-06-09,8226.15,8227.25,8224.85,8227.05,12:20:00,8227.52970226848,3,38
2016-06-09,8227.4,8230.6,8226.2,8226.35,12:25:00,8227.517349671481,3,39
2016-06-09,8221.9,8227.85,8221.55,8227.6,12:30:00,8226.982363988483,3,40
2016-06-09,8221.3,8223.05,8217.65,8222.1,12:35:00,8226.44118646577,3,41
2016-06-09,8217.35,8222.5,8217.25,8220.55,12:40:00,8225.575359183316,3,42
2016-06-09,8216.25,8219.45,8214.25,8217.55,12:45:00,8224.687229737287,3,43
2016-06-09,8219.85,8221.75,8216.15,8216.4,12:50:00,8224.226541190877,3,44
2016-06-09,8216.8,8220.55,8215.2,8219.95,12:55:00,8223.519251553651,3,45
2016-06-09,8212.55,8216.85,8211.85,8216.5,13:00:00,8222.474560929493,3,46
2016-06-09,8214.05,8216.85,8212.25,8212.3,13:05:00,8221.672221793351,3,47
2016-06-09,8218.15,8218.6,8214.45,8214.5,13:10:00,8221.336772098746,3,48
2016-06-09,8221.95,8222.1,8216.9,8217.55,13:15:00,8221.395174756008,3,49
2016-06-09,8214.8,8222.2,8214.8,8221.7,13:20:00,8220.767062874484,3,50
2016-06-09,8213.1,8215.4,8211.25,8214.45,13:25:00,8220.036866410248,3,51
2016-06-09,8216.8,8217.25,8211.55,8213.4,13:30:00,8219.728593418795,3,52
2016-06-09,8220.25,8221.95,8215.5,8216.7,13:35:00,8219.778251188432,3,53
2016-06-09,8220.1,8222.6,8219.4,8220.1,13:40:00,8219.808893932392,3,54
2016-06-09,8221.65,8224.1,8219.8,8219.9,13:45:00,8219.984237367402,3,55
2016-06-09,8222.6,8222.6,8218.95,8221.6,13:50:00,8220.233357618125,3,56
2016-06-09,8217.65,8223.35,8217.35,8222.5,13:55:00,8219.987323559257,3,57
2016-06-09,8200.4,8218.2,8197.7,8217.5,14:00:00,8218.121864172661,3,58
2016-06-09,8198.25,8202.1,8194.7,8200.05,14:05:00,8216.229305680026,3,59
2016-06-09,8187.15,8198.95,8187.15,8198.2,14:10:00,8213.459847996213,3,60
2016-06-09,8195.7,8196.0,8184.6,8187.55,14:15:00,8211.768433901336,3,61
2016-06-09,8195.05,8197.5,8193.7,8195.55,14:20:00,8210.17620210121,3,62
2016-06-09,8200.8,8200.9,8194.8,8195.35,14:25:00,8209.283230472523,3,63
2016-06-09,8196.9,8204.05,8196.3,8201.05,14:30:00,8208.103875189427,3,64
2016-06-09,8199.0,8199.7,8194.85,8196.5,14:35:00,8207.2368394571,3,65
2016-06-09,8201.35,8202.0,8198.05,8199.15,14:40:00,8206.676188080233,3,66
2016-06-09,8202.3,8203.95,8201.15,8201.6,14:45:00,8206.259408263068,3,67
2016-06-09,8202.8,8206.4,8201.6,8202.15,14:50:00,8205.929940809443,3,68
2016-06-09,8197.4,8203.1,8195.75,8203.1,14:55:00,8205.117565494258,3,69
2016-06-09,8206.15,8213.75,8198.0,8198.0,15:00:00,8205.215892590042,3,70
2016-06-09,8203.7,8210.8,8202.65,8206.7,15:05:00,8205.071521867181,3,71
2016-06-09,8203.65,8204.45,8197.85,8203.45,15:10:00,8204.936138832212,3,72
2016-06-09,8206.95,8207.65,8199.75,8203.75,15:15:00,8205.127935133905,3,73
2016-06-09,8202.1,8207.1,8201.8,8206.6,15:20:00,8204.839560359247,3,74
2016-06-09,8200.05,8202.95,8197.85,8202.95,15:25:00,8204.383411753604,3,75
2016-06-10,8193.0,8197.2,8179.05,8179.05,09:15:00,8203.299277300881,4,1
2016-06-10,8189.85,8199.15,8189.8,8192.7,09:20:00,8202.018393748416,4,2
2016-06-10,8190.7,8192.15,8185.8,8189.6,09:25:00,8200.940451486662,4,3
2016-06-10,8194.7,8196.0,8188.45,8190.8,09:30:00,8200.346122773646,4,4
2016-06-10,8196.35,8196.65,8193.25,8194.55,09:35:00,8199.965539652347,4,5
2016-06-10,8199.7,8199.7,8193.4,8196.15,09:40:00,8199.940250161646,4,6
2016-06-10,8191.3,8199.8,8189.6,8199.8,09:45:00,8199.117369193871,4,7
2016-06-10,8189.95,8191.9,8185.55,8191.25,09:50:00,8198.244286413503,4,8
2016-06-10,8191.25,8194.55,8189.75,8189.8,09:55:00,8197.578163897932,4,9
2016-06-10,8203.05,8203.95,8190.65,8191.0,10:00:00,8198.099291145747,4,10
2016-06-10,8203.0,8205.3,8201.4,8203.45,10:05:00,8198.566025322341,4,11
2016-06-10,8198.55,8202.8,8196.55,8202.7,10:10:00,8198.564499101165,4,12
2016-06-10,8196.35,8200.15,8195.5,8198.5,10:15:00,8198.353594424863,4,13
2016-06-10,8199.1,8200.4,8195.85,8196.25,10:20:00,8198.424680670114,4,14
2016-06-10,8205.35,8205.35,8198.85,8199.05,10:25:00,8199.084234892009,4,15
2016-06-10,8208.2,8209.15,8203.65,8205.05,10:30:00,8199.952402997531,4,16
2016-06-10,8211.4,8211.4,8204.15,8207.95,10:35:00,8201.0426503311,4,17
2016-06-10,8213.85,8215.2,8210.8,8211.05,10:40:00,8202.262397918614,4,18
2016-06-10,8216.4,8221.15,8213.75,8213.95,10:45:00,8203.608836212079,4,19
2016-06-10,8217.15,8217.6,8214.3,8216.35,10:50:00,8204.898470858549,4,20
2016-06-10,8218.65,8219.85,8215.95,8216.85,10:55:00,8206.208140300592,4,21
2016-06-10,8257.85,8265.6,8218.1,8218.8,11:00:00,8211.126412652917,4,22
2016-06-10,8252.2,8259.05,8251.15,8257.75,11:05:00,8215.038182876448,4,23
2016-06-10,8261.45,8261.45,8252.75,8252.75,11:10:00,8219.458355935833,4,24
2016-06-10,8255.95,8264.25,8255.05,8261.4,11:15:00,8222.93375060861,4,25
2016-06-10,8251.15,8257.3,8251.05,8256.1,11:20:00,8225.621012455409,4,26
2016-06-10,8245.4,8252.95,8245.4,8251.1,11:25:00,8227.504725554894,4,27
2016-06-10,8252.65,8254.25,8245.3,8246.15,11:30:00,8229.899513597285,4,28
2016-06-10,8250.25,8253.0,8250.2,8252.5,11:35:00,8231.837655159448,4,29
2016-06-10,8246.95,8251.45,8246.6,8250.15,11:40:00,8233.276926096643,4,30
2016-06-10,8245.25,8249.1,8244.5,8247.1,11:45:00,8234.417218849345,4,31
2016-06-10,8242.1,8246.45,8242.1,8245.15,11:50:00,8235.148912292265,4,32
2016-06-10,8243.6,8244.55,8238.6,8242.15,11:55:00,8235.95377778824,4,33
2016-06-10,8248.45,8249.4,8243.05,8243.85,12:00:00,8237.14389418936,4,34
2016-06-10,8244.65,8251.15,8243.95,8249.3,12:05:00,8237.858761409421,4,35
2016-06-10,8244.95,8250.15,8241.7,8244.5,12:10:00,8238.534117465666,4,36
2016-06-10,8243.6,8249.4,8242.2,8245.05,12:15:00,8239.016582468936,4,37
2016-06-10,8239.8,8247.85,8239.55,8243.45,12:20:00,8239.09119366237,4,38
2016-06-10,8240.2,8241.55,8237.6,8239.85,12:25:00,8239.196794265954,4,39
2016-06-10,8231.1,8242.1,8231.0,8241.1,12:30:00,8238.42567100253,4,40
2016-06-10,8230.15,8232.25,8224.65,8231.2,12:35:00,8237.637511859431,4,41
2016-06-10,8226.65,8230.5,8224.45,8230.3,12:40:00,8236.591082158533,4,42
2016-06-10,8210.9,8226.55,8210.0,8226.55,12:45:00,8234.144312429149,4,43
2016-06-10,8212.4,8214.25,8209.45,8210.75,12:50:00,8232.073425531134,4,44
2016-06-10,8201.4,8212.35,8195.2,8212.0,12:55:00,8229.152146909122,4,45
2016-06-10,8194.1,8199.75,8181.65,8199.75,13:00:00,8225.813847203492,4,46
2016-06-10,8203.45,8204.75,8192.55,8193.7,13:05:00,8223.683956993635,4,47
2016-06-10,8186.7,8204.85,8186.7,8203.3,13:10:00,8220.161675375193,4,48
2016-06-10,8177.95,8187.6,8176.5,8186.8,13:15:00,8216.14151581565,4,49
2016-06-10,8183.3,8187.8,8177.2,8178.3,13:20:00,8213.013752404637,4,50
2016-06-10,8167.2,8183.05,8167.15,8182.7,13:25:00,8208.65053788991,4,51
2016-06-10,8179.45,8183.05,8164.4,8166.8,13:30:00,8205.869534281346,4,52
2016-06-10,8171.0,8179.4,8170.35,8179.15,13:35:00,8202.548626254551,4,53
2016-06-10,8174.5,8174.55,8165.75,8171.1,13:40:00,8199.877328516022,4,54
2016-06-10,8175.95,8177.8,8171.5,8174.65,13:45:00,8197.59853532402,4,55
2016-06-10,8190.7,8191.25,8175.25,8175.9,13:50:00,8196.941531959827,4,56
2016-06-10,8185.9,8191.6,8183.6,8190.65,13:55:00,8195.889957487461,4,57
2016-06-10,8182.45,8185.95,8177.55,8185.95,14:00:00,8194.609961536275,4,58
2016-06-10,8175.75,8182.8,8175.65,8182.3,14:05:00,8192.813774723296,4,59
2016-06-10,8175.5,8179.05,8174.55,8175.8,14:10:00,8191.164843797268,4,60
2016-06-10,8172.9,8176.35,8171.85,8175.3,14:15:00,8189.425334864195,4,61
2016-06-10,8177.1,8177.1,8171.7,8172.85,14:20:00,8188.251493448557,4,62
2016-06-10,8179.75,8183.6,8176.2,8176.95,14:25:00,8187.441827405837,4,63
2016-06-10,8184.0,8184.0,8178.55,8179.65,14:30:00,8187.114034319567,4,64
2016-06-10,8172.55,8189.4,8172.55,8183.75,14:35:00,8185.726983431989,4,65
2016-06-10,8169.2,8175.65,8167.05,8172.6,14:40:00,8184.152985009895,4,66
2016-06-10,8167.25,8172.6,8165.45,8169.55,14:45:00,8182.543176913714,4,67
2016-06-10,8169.4,8170.6,8166.75,8167.0,14:50:00,8181.291445779074,4,68
2016-06-10,8169.55,8173.25,8168.0,8169.3,14:55:00,8180.173212847733,4,69
2016-06-10,8168.9,8170.0,8165.15,8168.9,15:00:00,8179.099573528902,4,70
2016-06-10,8166.65,8170.05,8166.5,8168.8,15:05:00,8177.913899859482,4,71
2016-06-10,8171.75,8174.15,8162.85,8166.5,15:10:00,8177.326861777627,4,72
2016-06-10,8173.4,8174.95,8171.1,8171.5,15:15:00,8176.952874941662,4,73
2016-06-10,8171.4,8174.4,8170.95,8173.2,15:20:00,8176.424029709124,4,74
2016-06-10,8172.65,8174.2,8169.4,8171.5,15:25:00,8176.064598308254,4,75
2016-06-13,8103.15,8104.4,8094.25,8098.6,09:15:00,8169.120350850326,0,1
2016-06-13,8104.4,8105.1,8090.95,8102.95,09:20:00,8162.9565079122,0,2
2016-06-13,8109.5,8111.6,8104.6,8104.7,09:25:00,8157.865411920562,0,3
2016-06-13,8095.95,8109.35,8093.25,8109.35,09:30:00,8151.968706023366,0,4
2016-06-13,8100.2,8100.45,8093.15,8095.85,09:35:00,8147.038353068759,0,5
2016-06-13,8099.85,8104.95,8099.65,8100.3,09:40:00,8142.5442242050685,0,6
2016-06-13,8091.9,8100.4,8090.55,8099.5,09:45:00,8137.720964756966,0,7
2016-06-13,8093.2,8094.9,8086.85,8091.85,09:50:00,8133.48087287535,0,8
2016-06-13,8091.4,8093.2,8086.05,8093.1,09:55:00,8129.473170696745,0,9
2016-06-13,8091.65,8091.65,8087.0,8091.0,10:00:00,8125.870963963722,0,10
2016-06-13,8090.3,8092.2,8089.8,8091.25,10:05:00,8122.483253110034,0,11
2016-06-13,8092.9,8095.0,8090.15,8090.55,10:10:00,8119.665800432887,0,12
2016-06-13,8096.75,8097.3,8091.05,8092.75,10:15:00,8117.483343248803,0,13
2016-06-13,8095.75,8098.95,8094.9,8096.9,10:20:00,8115.413501034631,0,14
2016-06-13,8091.05,8096.05,8091.0,8095.8,10:25:00,8113.093167602761,0,15
2016-06-13,8094.6,8095.2,8090.55,8091.2,10:30:00,8111.331913545356,0,16
2016-06-13,8095.65,8097.55,8094.15,8094.4,10:35:00,8109.838397969607,0,17
2016-06-13,8092.35,8097.75,8091.85,8095.7,10:40:00,8108.172836258216,0,18
2016-06-13,8090.15,8092.2,8086.35,8092.2,10:45:00,8106.456375662196,0,19
2016-06-13,8086.9,8091.0,8086.45,8090.2,10:50:00,8104.593863694367,0,20
2016-06-13,8095.6,8096.05,8086.65,8086.8,10:55:00,8103.737305247285,0,21
2016-06-13,8091.9,8095.4,8090.6,8095.4,11:00:00,8102.609942842781,0,22
2016-06-13,8083.45,8091.7,8083.2,8091.7,11:05:00,8100.785186381565,0,23
2016-06-13,8083.7,8084.2,8079.95,8083.15,11:10:00,8099.158025773797,0,24
2016-06-13,8083.1,8085.35,8080.45,8083.6,11:15:00,8097.628689985816,0,25
2016-06-13,8080.05,8083.1,8077.3,8083.0,11:20:00,8095.954529034785,0,26
2016-06-13,8077.4,8080.6,8076.95,8079.95,11:25:00,8094.187431031471,0,27
2016-06-13,8079.15,8080.5,8074.75,8076.95,11:30:00,8092.75529474276,0,28
2016-06-13,8072.05,8079.35,8071.5,8079.05,11:35:00,8090.783361910117,0,29
2016-06-13,8074.55,8075.9,8071.35,8073.5,11:40:00,8089.237327442486,0,30
2016-06-13,8074.95,8076.95,8072.55,8074.65,11:45:00,8087.876629590821,0,31
2016-06-13,8075.5,8076.2,8069.8,8074.45,11:50:00,8086.697902963124,0,32
2016-06-13,8073.95,8075.0,8071.4,8075.0,11:55:00,8085.4838169666355,0,33
2016-06-13,8064.95,8073.45,8063.9,8073.1,12:00:00,8083.528215350765,0,34
2016-06-13,8066.95,8069.4,8064.3,8065.3,12:05:00,8081.949337698311,0,35
2016-06-13,8065.25,8069.35,8064.55,8066.4,12:10:00,8080.358924584186,0,36
2016-06-13,8073.4,8074.55,8064.55,8064.95,12:15:00,8079.696169861882,0,37
2016-06-13,8076.8,8079.25,8072.2,8073.45,12:20:00,8079.420344160751,0,38
2016-06-13,8077.3,8083.45,8075.95,8076.75,12:25:00,8079.218406621632,0,39
2016-06-13,8086.3,8088.8,8076.7,8077.25,12:30:00,8079.892844086239,0,40
2016-06-13,8085.15,8093.4,8083.6,8086.0,12:35:00,8080.393525601835,0,41
2016-06-13,8085.15,8088.25,8080.05,8084.8,12:40:00,8080.846523163565,0,42
2016-06-13,8081.1,8086.35,8080.4,8085.45,12:45:00,8080.870663814654,0,43
2016-06-13,8087.5,8087.6,8080.2,8080.95,12:50:00,8081.502029165639,0,44
2016-06-13,8100.35,8106.85,8087.2,8087.3,12:55:00,8083.297074007007,0,45
2016-06-13,8094.7,8106.3,8094.55,8100.25,13:00:00,8084.38306695872,0,46
2016-06-13,8093.25,8095.4,8088.95,8094.5,13:05:00,8085.227536772176,0,47
2016-06-13,8096.25,8098.35,8091.15,8093.1,13:10:00,8086.277295174826,0,48
2016-06-13,8095.9,8099.6,8094.4,8096.35,13:15:00,8087.193743253414,0,49
2016-06-13,8098.25,8100.8,8095.0,8097.35,13:20:00,8088.246720086422,0,50
2016-06-13,8105.55,8108.1,8097.85,8098.05,13:25:00,8089.894651506763,0,51
2016-06-13,8111.3,8115.0,8097.7,8105.85,13:30:00,8091.933256125167,0,52
2016-06-13,8109.8,8112.6,8105.75,8111.65,13:35:00,8093.634850779913,0,53
2016-06-13,8120.3,8125.25,8109.35,8109.6,13:40:00,8096.174388800874,0,54
2016-06-13,8109.3,8121.3,8109.3,8120.25,13:45:00,8097.424447010315,0,55
2016-06-13,8106.8,8110.5,8104.1,8108.95,13:50:00,8098.317356818856,0,56
2016-06-13,8101.5,8106.45,8101.1,8106.45,13:55:00,8098.62046569325,0,57
2016-06-13,8100.25,8103.15,8098.95,8101.0,14:00:00,8098.77565943675,0,58
2016-06-13,8103.05,8103.4,8096.95,8099.45,14:05:00,8099.182739490394,0,59
2016-06-13,8098.15,8105.0,8097.5,8103.2,14:10:00,8099.084383348451,0,60
2016-06-13,8099.1,8101.2,8097.2,8098.3,14:15:00,8099.0858706486,0,61
2016-06-13,8103.75,8104.5,8098.55,8098.95,14:20:00,8099.530073443972,0,62
2016-06-13,8102.85,8105.35,8099.5,8103.7,14:25:00,8099.846256925498,0,63
2016-06-13,8103.9,8107.65,8100.75,8103.0,14:30:00,8100.232327694498,0,64
2016-06-13,8099.75,8107.95,8099.75,8103.35,14:35:00,8100.186391723593,0,65
2016-06-13,8097.35,8099.15,8094.2,8099.0,14:40:00,8099.91625917849,0,66
2016-06-13,8099.75,8102.55,8095.8,8097.15,14:45:00,8099.900424971014,0,67
2016-06-13,8094.2,8099.45,8093.8,8099.25,14:50:00,8099.357527354728,0,68
2016-06-13,8097.5,8097.65,8090.4,8094.45,14:55:00,8099.180619987611,0,69
2016-06-13,8108.75,8108.75,8095.5,8097.35,15:00:00,8100.0919895126,0,70
2016-06-13,8108.5,8110.95,8107.3,8108.65,15:05:00,8100.892752416162,0,71
2016-06-13,8112.2,8112.75,8108.35,8108.55,15:10:00,8101.969633138432,0,72
2016-06-13,8116.25,8117.75,8111.95,8112.1,15:15:00,8103.329668077629,0,73
2016-06-13,8113.6,8116.85,8113.5,8116.6,15:20:00,8104.307794927379,0,74
2016-06-13,8113.0,8113.75,8109.55,8113.5,15:25:00,8105.135623981915,0,75
2016-06-14,8121.3,8132.55,8114.15,8132.55,09:15:00,8106.67508836459,1,1
2016-06-14,8116.9,8121.85,8108.25,8121.45,09:20:00,8107.648889472724,1,2
2016-06-14,8118.15,8121.3,8114.3,8117.05,09:25:00,8108.648995237227,1,3
2016-06-14,8099.65,8118.3,8097.2,8118.1,09:30:00,8107.791948071776,1,4
2016-06-14,8102.95,8106.3,8097.35,8099.75,09:35:00,8107.330810160179,1,5
2016-06-14,8102.85,8105.75,8101.25,8102.55,09:40:00,8106.9040663354,1,6
2016-06-14,8092.95,8103.2,8092.95,8102.75,09:45:00,8105.575107636791,1,7
2016-06-14,8089.25,8096.75,8088.05,8093.4,09:50:00,8104.0203354809055,1,8
2016-06-14,8098.6,8098.65,8088.4,8091.45,09:55:00,8103.504113054153,1,9
2016-06-14,8105.9,8108.0,8096.8,8097.85,10:00:00,8103.732292763281,1,10
2016-06-14,8108.3,8108.8,8100.8,8105.85,10:05:00,8104.167312500112,1,11
2016-06-14,8106.75,8108.65,8105.65,8108.35,10:10:00,8104.413282738197,1,12
2016-06-14,8106.85,8110.7,8106.05,8106.95,10:15:00,8104.6453510488445,1,13
2016-06-14,8109.35,8109.8,8106.55,8106.9,10:20:00,8105.093412853716,1,14
2016-06-14,8102.05,8109.2,8101.35,8109.2,10:25:00,8104.803564010505,1,15
2016-06-14,8101.3,8102.75,8099.9,8102.0,10:30:00,8104.469891247601,1,16
2016-06-14,8104.3,8104.35,8097.35,8101.35,10:35:00,8104.453711128781,1,17
2016-06-14,8099.4,8104.8,8098.95,8104.1,10:40:00,8103.972405306992,1,18
2016-06-14,8102.95,8104.85,8099.2,8099.2,10:45:00,8103.875033372992,1,19
2016-06-14,8103.9,8104.5,8101.95,8103.1,10:50:00,8103.877411146993,1,20
2016-06-14,8102.55,8103.8,8100.15,8103.75,10:55:00,8103.750991037756,1,21
2016-06-14,8100.05,8102.65,8100.0,8102.5,11:00:00,8103.398515700826,1,22
2016-06-14,8098.55,8100.55,8096.15,8100.0,11:05:00,8102.936752300748,1,23
2016-06-14,8099.55,8099.95,8097.5,8098.65,11:10:00,8102.614204462581,1,24
2016-06-14,8095.6,8100.1,8095.55,8099.7,11:15:00,8101.946184989954,1,25
2016-06-14,8101.2,8102.0,8095.55,8095.85,11:20:00,8101.875119752816,1,26
2016-06-14,8106.55,8106.8,8100.75,8101.35,11:25:00,8102.320346443024,1,27
2016-06-14,8110.35,8111.35,8106.85,8106.85,11:30:00,8103.085075353213,1,28
2016-06-14,8106.85,8111.6,8106.8,8110.3,11:35:00,8103.443639605288,1,29
2016-06-14,8101.45,8107.25,8098.9,8106.75,11:40:00,8103.253769166689,1,30
2016-06-14,8103.9,8104.9,8100.1,8101.5,11:45:00,8103.315314960339,1,31
2016-06-14,8102.65,8105.15,8101.3,8104.05,11:50:00,8103.251951630783,1,32
2016-06-14,8106.0,8106.6,8102.65,8102.85,11:55:00,8103.51367052309,1,33
2016-06-14,8106.85,8109.2,8103.75,8106.2,12:00:00,8103.831416187557,1,34
2016-06-14,8101.55,8107.75,8101.55,8106.95,12:05:00,8103.614138455408,1,35
2016-06-14,8103.15,8104.35,8099.85,8101.6,12:10:00,8103.5699347929885,1,36
2016-06-14,8100.2,8103.75,8099.15,8103.05,12:15:00,8103.248988622227,1,37
2016-06-14,8101.95,8103.05,8099.4,8100.25,12:20:00,8103.1252754201105,1,38
2016-06-14,8100.05,8102.75,8098.85,8102.05,12:25:00,8102.8323920467665,1,39
2016-06-14,8100.85,8102.85,8095.05,8100.0,12:30:00,8102.643592804217,1,40
2016-06-14,8096.1,8102.4,8094.9,8100.6,12:35:00,8102.02039348953,1,41
2016-06-14,8097.6,8101.05,8090.5,8095.9,12:40:00,8101.599403633384,1,42
2016-06-14,8096.85,8100.6,8095.0,8097.7,12:45:00,8101.147079477823,1,43
2016-06-14,8096.35,8100.4,8094.65,8097.0,12:50:00,8100.690214765649,1,44
2016-06-14,8092.95,8096.7,8091.6,8096.7,12:55:00,8099.953051454635,1,45
2016-06-14,8093.8,8097.1,8092.5,8093.0,13:00:00,8099.367046554194,1,46
2016-06-14,8096.6,8099.4,8093.6,8093.75,13:05:00,8099.103518310937,1,47
2016-06-14,8096.3,8097.75,8094.55,8095.5,13:10:00,8098.836516567038,1,48
2016-06-14,8094.95,8098.1,8093.45,8095.95,13:15:00,8098.466372132082,1,49
2016-06-14,8090.0,8095.95,8089.85,8094.75,13:20:00,8097.660050976646,1,50
2016-06-14,8084.85,8090.85,8083.8,8090.25,13:25:00,8096.440046121727,1,51
2016-06-14,8091.4,8092.2,8084.2,8084.75,13:30:00,8095.960041729182,1,52
2016-06-14,8093.15,8094.7,8089.15,8091.75,13:35:00,8095.692418707355,1,53
2016-06-14,8091.65,8094.55,8090.75,8093.25,13:40:00,8095.307426449511,1,54
2016-06-14,8092.15,8093.6,8090.0,8092.0,13:45:00,8095.006719168605,1,55
2016-06-14,8078.95,8092.9,8078.05,8092.3,13:50:00,8093.477507819214,1,56
2016-06-14,8082.35,8082.35,8077.25,8078.75,13:55:00,8092.417745169765,1,57
2016-06-14,8082.8,8084.65,8081.25,8082.3,14:00:00,8091.501769439312,1,58
2016-06-14,8075.85,8083.8,8069.5,8082.7,14:05:00,8090.011124730806,1,59
2016-06-14,8076.9,8077.05,8072.05,8076.05,14:10:00,8088.762446185015,1,60
2016-06-14,8073.1,8077.15,8071.45,8076.85,14:15:00,8087.270784643586,1,61
2016-06-14,8078.5,8079.55,8071.55,8073.05,14:20:00,8086.435471820388,1,62
2016-06-14,8088.5,8090.45,8078.45,8078.75,14:25:00,8086.632093551779,1,63
2016-06-14,8085.25,8089.45,8084.55,8088.7,14:30:00,8086.500465594466,1,64
2016-06-14,8081.05,8085.65,8080.85,8084.95,14:35:00,8085.981373633088,1,65
2016-06-14,8092.65,8092.95,8079.65,8081.25,14:40:00,8086.616480906127,1,66
2016-06-14,8100.45,8106.4,8091.7,8092.25,14:45:00,8087.933958915068,1,67
2016-06-14,8098.75,8102.2,8096.05,8100.75,14:50:00,8088.964058066013,1,68
2016-06-14,8097.5,8100.6,8094.55,8098.95,14:55:00,8089.777004916869,1,69
2016-06-14,8111.15,8113.55,8097.8,8097.8,15:00:00,8091.81252825812,1,70
2016-06-14,8108.0,8111.35,8107.65,8111.35,15:05:00,8093.354192233537,1,71
2016-06-14,8109.4,8110.45,8105.15,8108.3,15:10:00,8094.882364401771,1,72
2016-06-14,8111.95,8113.0,8103.75,8108.95,15:15:00,8096.507853506364,1,73
2016-06-14,8111.25,8113.55,8110.15,8111.65,15:20:00,8097.911867458139,1,74
2016-06-14,8111.55,8111.55,8108.75,8110.95,15:25:00,8099.21073722403,1,75
2016-06-15,8133.4,8147.6,8131.45,8135.75,09:15:00,8102.466857488408,2,1
2016-06-15,8133.7,8138.9,8131.55,8133.55,09:20:00,8105.441442489512,2,2
2016-06-15,8125.05,8134.5,8123.15,8133.45,09:25:00,8107.308924157178,2,3
2016-06-15,8134.4,8134.55,8123.9,8125.15,09:30:00,8109.889026618399,2,4
2016-06-15,8135.65,8135.65,8131.5,8134.3,09:35:00,8112.342452654741,2,5
2016-06-15,8131.2,8138.8,8131.2,8135.7,09:40:00,8114.138409544766,2,6
2016-06-15,8127.65,8131.55,8126.4,8131.4,09:45:00,8115.425227683359,2,7
2016-06-15,8135.15,8135.2,8127.0,8127.75,09:50:00,8117.303777427801,2,8
2016-06-15,8135.0,8136.05,8133.45,8135.1,09:55:00,8118.989131958487,2,9
2016-06-15,8136.85,8137.15,8134.45,8134.9,10:00:00,8120.69016701006,2,10
2016-06-15,8138.65,8140.1,8136.65,8136.95,10:05:00,8122.400627294816,2,11
2016-06-15,8134.95,8139.05,8133.0,8138.35,10:10:00,8123.595805647691,2,12
2016-06-15,8139.5,8141.55,8133.55,8135.05,10:15:00,8125.110490824101,2,13
2016-06-15,8136.25,8140.1,8134.8,8139.6,10:20:00,8126.171396459901,2,14
2016-06-15,8135.1,8137.5,8134.2,8136.2,10:25:00,8127.021739654196,2,15
2016-06-15,8132.5,8135.95,8132.4,8135.15,10:30:00,8127.5434787347485,2,16
2016-06-15,8133.1,8134.0,8131.4,8132.7,10:35:00,8128.072671236201,2,17
2016-06-15,8131.9,8133.2,8129.7,8133.15,10:40:00,8128.437178737515,2,18
2016-06-15,8131.9,8133.45,8130.5,8132.25,10:45:00,8128.766971238703,2,19
2016-06-15,8132.65,8133.9,8131.1,8131.85,10:50:00,8129.136783501684,2,20
2016-06-15,8132.4,8134.1,8131.6,8132.9,10:55:00,8129.447566025334,2,21
2016-06-15,8127.9,8133.9,8126.5,8132.95,11:00:00,8129.300178784825,2,22
2016-06-15,8131.95,8131.95,8127.6,8127.65,11:05:00,8129.55254271008,2,23
2016-06-15,8134.9,8135.0,8131.05,8131.3,11:10:00,8130.06182435674,2,24
2016-06-15,8133.6,8135.8,8131.3,8134.85,11:15:00,8130.398793465622,2,25
2016-06-15,8131.75,8134.35,8131.25,8133.55,11:20:00,8130.527479802229,2,26
2016-06-15,8132.15,8133.1,8130.55,8131.7,11:25:00,8130.68200553535,2,27
2016-06-15,8136.25,8137.75,8131.05,8132.4,11:30:00,8131.212290722459,2,28
2016-06-15,8134.3,8137.0,8134.05,8136.15,11:35:00,8131.506358272702,2,29
2016-06-15,8133.05,8135.1,8131.55,8134.2,11:40:00,8131.65337177054,2,30
2016-06-15,8132.35,8134.05,8131.5,8133.25,11:45:00,8131.719717316202,2,31
2016-06-15,8134.3,8134.55,8131.9,8132.2,11:50:00,8131.965458524182,2,32
2016-06-15,8134.95,8135.55,8133.45,8134.1,11:55:00,8132.249700569499,2,33
2016-06-15,8133.0,8135.55,8131.9,8135.2,12:00:00,8132.321157658118,2,34
2016-06-15,8134.8,8135.75,8132.6,8132.85,12:05:00,8132.557237881155,2,35
2016-06-15,8141.65,8143.05,8134.4,8135.05,12:10:00,8133.423215225806,2,36
2016-06-15,8143.15,8144.05,8140.4,8141.45,12:15:00,8134.349575680491,2,37
2016-06-15,8144.8,8146.9,8142.5,8143.05,12:20:00,8135.344854187111,2,38
2016-06-15,8144.3,8144.9,8140.8,8144.65,12:25:00,8136.19772521691,2,39
2016-06-15,8141.6,8144.45,8140.8,8144.2,12:30:00,8136.712227577204,2,40
2016-06-15,8145.7,8145.8,8141.55,8141.55,12:35:00,8137.568205903184,2,41
2016-06-15,8151.2,8155.2,8145.5,8145.5,12:40:00,8138.866472007643,2,42
2016-06-15,8146.3,8151.6,8146.3,8151.45,12:45:00,8139.574427054534,2,43
2016-06-15,8145.75,8147.7,8143.85,8146.2,12:50:00,8140.162576858864,2,44
2016-06-15,8143.8,8147.35,8143.8,8145.7,12:55:00,8140.508998110401,2,45
2016-06-15,8142.55,8145.25,8142.5,8143.95,13:00:00,8140.703379242744,2,46
2016-06-15,8143.85,8144.05,8141.65,8142.5,13:05:00,8141.003057410102,2,47
2016-06-15,8149.3,8149.55,8143.8,8143.8,13:10:00,8141.793242418664,2,48
2016-06-15,8145.9,8149.7,8145.1,8148.95,13:15:00,8142.184362188315,2,49
2016-06-15,8147.45,8148.15,8142.65,8145.85,13:20:00,8142.685851503714,2,50
2016-06-15,8145.55,8147.6,8145.0,8147.3,13:25:00,8142.958627550979,2,51
2016-06-15,8148.3,8150.65,8145.3,8145.5,13:30:00,8143.46732968898,2,52
2016-06-15,8151.95,8154.2,8147.8,8148.5,13:35:00,8144.275203051935,2,53
2016-06-15,8150.15,8153.2,8149.45,8151.85,13:40:00,8144.8347075231795,2,54
2016-06-15,8145.75,8152.65,8144.8,8151.95,13:45:00,8144.921878235258,2,55
2016-06-15,8151.5,8152.35,8145.8,8145.8,13:50:00,8145.548366022376,2,56
2016-06-15,8153.65,8155.85,8150.0,8151.35,13:55:00,8146.319950210722,2,57
2016-06-15,8170.65,8172.25,8150.4,8153.85,14:00:00,8148.6370978097,2,58
2016-06-15,8167.35,8173.2,8165.65,8170.7,14:05:00,8150.419278970681,2,59
2016-06-15,8177.35,8180.35,8167.65,8167.65,14:10:00,8152.984109544903,2,60
2016-06-15,8175.55,8182.95,8173.15,8179.2,14:15:00,8155.133241969198,2,61
2016-06-15,8172.75,8175.9,8170.5,8175.5,14:20:00,8156.811028448323,2,62
2016-06-15,8173.4,8176.2,8170.9,8172.45,14:25:00,8158.390930500864,2,63
2016-06-15,8182.7,8183.9,8173.2,8173.2,14:30:00,8160.706079976972,2,64
2016-06-15,8190.8,8192.65,8182.75,8182.75,14:35:00,8163.572167598213,2,65
2016-06-15,8190.25,8197.7,8189.95,8192.35,14:40:00,8166.11291354124,2,66
2016-06-15,8194.5,8197.15,8190.05,8190.35,14:45:00,8168.816445584932,2,67
2016-06-15,8195.8,8199.9,8193.75,8193.95,14:50:00,8171.386307910177,2,68
2016-06-15,8202.5,8202.5,8196.2,8197.5,14:55:00,8174.349516680636,2,69
2016-06-15,8210.35,8213.2,8201.3,8201.3,15:00:00,8177.778134139623,2,70
2016-06-15,8211.05,8212.4,8209.6,8210.4,15:05:00,8180.946883269183,2,71
2016-06-15,8202.25,8211.95,8202.25,8211.1,15:10:00,8182.975751529261,2,72
2016-06-15,8201.5,8206.5,8200.15,8202.0,15:15:00,8184.739965669332,2,73
2016-06-15,8205.45,8206.45,8201.55,8201.85,15:20:00,8186.712349891301,2,74
2016-06-15,8199.4,8206.4,8199.25,8205.25,15:25:00,8187.920697520701,2,75
2016-06-16,8159.5,8176.65,8152.5,8176.65,09:15:00,8185.21396442349,3,1
2016-06-16,8150.95,8159.4,8145.7,8159.3,09:20:00,8181.950729716491,3,2
2016-06-16,8146.85,8153.9,8146.4,8150.75,09:25:00,8178.607803076825,3,3
2016-06-16,8130.35,8146.95,8129.55,8146.65,09:30:00,8174.011821831413,3,4
2016-06-16,8137.0,8139.2,8128.9,8129.85,09:35:00,8170.4868864188975,3,5
2016-06-16,8142.85,8144.5,8133.65,8136.5,09:40:00,8167.85480199805,3,6
2016-06-16,8147.15,8147.95,8142.8,8142.9,09:45:00,8165.882916093474,3,7
2016-06-16,8146.3,8152.95,8146.0,8146.95,09:50:00,8164.017876465524,3,8
2016-06-16,8146.15,8151.7,8142.55,8145.95,09:55:00,8162.316173944998,3,9
2016-06-16,8142.75,8146.15,8141.0,8145.95,10:00:00,8160.452728807379,3,10
2016-06-16,8135.9,8143.05,8135.55,8142.45,10:05:00,8158.114373682867,3,11
2016-06-16,8107.05,8136.3,8101.9,8135.65,10:10:00,8153.251099998785,3,12
2016-06-16,8111.7,8115.0,8106.5,8107.2,10:15:00,8149.293852379854,3,13
2016-06-16,8115.9,8118.0,8109.65,8111.95,10:20:00,8146.113485486534,3,14
2016-06-16,8112.95,8118.55,8110.9,8115.75,10:25:00,8142.955058297341,3,15
2016-06-16,8114.55,8116.6,8112.25,8112.9,10:30:00,8140.249814649975,3,16
2016-06-16,8107.5,8115.2,8105.45,8114.7,10:35:00,8137.130784683311,3,17
2016-06-16,8107.75,8111.4,8105.4,8107.45,10:40:00,8134.332614713472,3,18
2016-06-16,8101.6,8108.5,8100.35,8108.05,10:45:00,8131.215222835998,3,19
2016-06-16,8106.85,8107.45,8100.8,8101.95,10:50:00,8128.894725423046,3,20
2016-06-16,8106.5,8109.6,8105.45,8107.15,10:55:00,8126.761894430375,3,21
2016-06-16,8092.1,8106.65,8087.4,8106.65,11:00:00,8123.460761627482,3,22
2016-06-16,8094.2,8097.45,8091.1,8091.1,11:05:00,8120.674022424865,3,23
2016-06-16,8091.45,8096.65,8091.3,8094.15,11:10:00,8117.890782193926,3,24
2016-06-16,8092.2,8092.2,8084.4,8091.05,11:15:00,8115.4440410326,3,25
2016-06-16,8096.6,8097.9,8093.4,8093.4,11:20:00,8113.649370458067,3,26
2016-06-16,8092.65,8098.4,8091.0,8096.1,11:25:00,8111.649430414442,3,27
2016-06-16,8085.65,8092.8,8084.25,8092.7,11:30:00,8109.173294184495,3,28
2016-06-16,8092.75,8092.75,8083.45,8085.75,11:35:00,8107.6091709288285,3,29
2016-06-16,8091.75,8094.25,8090.65,8092.85,11:40:00,8106.098773697511,3,30
2016-06-16,8086.7,8091.85,8084.6,8091.8,11:45:00,8104.251271440606,3,31
2016-06-16,8083.75,8088.7,8078.95,8086.45,11:50:00,8102.298769398643,3,32
2016-06-16,8078.4,8084.9,8074.45,8084.25,11:55:00,8100.022696122583,3,33
2016-06-16,8082.45,8084.15,8077.35,8078.75,12:00:00,8098.34910601567,3,34
2016-06-16,8080.55,8086.55,8079.75,8082.55,12:05:00,8096.653953061796,3,35
2016-06-16,8077.85,8083.05,8077.7,8081.1,12:10:00,8094.863100389244,3,36
2016-06-16,8084.2,8084.7,8076.8,8077.8,12:15:00,8093.84756701884,3,37
2016-06-16,8090.25,8090.25,8082.65,8084.9,12:20:00,8093.504941588474,3,38
2016-06-16,8086.95,8090.95,8085.25,8090.35,12:25:00,8092.880661437191,3,39
2016-06-16,8091.4,8093.55,8083.5,8087.3,12:30:00,8092.73964606222,3,40
2016-06-16,8099.6,8100.4,8087.8,8091.45,12:35:00,8093.393013103913,3,41
2016-06-16,8099.55,8100.25,8093.15,8099.95,12:40:00,8093.979392808303,3,42
2016-06-16,8106.45,8107.7,8098.4,8099.6,12:45:00,8095.167069683703,3,43
2016-06-16,8101.35,8107.1,8101.0,8107.1,12:50:00,8095.755920190017,3,44
2016-06-16,8103.1,8103.1,8097.7,8101.65,12:55:00,8096.455356362397,3,45
2016-06-16,8109.8,8113.05,8102.75,8103.4,13:00:00,8097.726274804074,3,46
2016-06-16,8110.25,8110.8,8106.85,8109.65,13:05:00,8098.919010537019,3,47
2016-06-16,8109.45,8112.1,8108.7,8110.05,13:10:00,8099.921961914445,3,48
2016-06-16,8107.85,8111.25,8107.8,8109.8,13:15:00,8100.677013160689,3,49
2016-06-16,8119.5,8119.7,8107.95,8108.4,13:20:00,8102.469678573956,3,50
2016-06-16,8114.0,8125.15,8113.6,8119.45,13:25:00,8103.567804424056,3,51
2016-06-16,8111.45,8114.05,8107.25,8113.85,13:30:00,8104.318489717002,3,52
2016-06-16,8111.05,8112.4,8108.3,8112.0,13:35:00,8104.959585934431,3,53
2016-06-16,8117.65,8118.8,8111.35,8111.35,13:40:00,8106.168196797818,3,54
2016-06-16,8122.0,8125.45,8117.25,8117.35,13:45:00,8107.675987578978,3,55
2016-06-16,8131.6,8132.35,8121.05,8122.05,13:50:00,8109.95446495241,3,56
2016-06-16,8123.15,8134.7,8123.15,8131.0,13:55:00,8111.211182575989,3,57
2016-06-16,8130.9,8134.05,8123.25,8123.25,14:00:00,8113.086308044943,3,58
2016-06-16,8129.65,8132.65,8125.1,8131.3,14:05:00,8114.663802516853,3,59
2016-06-16,8125.35,8131.3,8123.95,8130.25,14:10:00,8115.681535610487,3,60
2016-06-16,8124.2,8130.15,8123.8,8125.95,14:15:00,8116.492817933298,3,61
2016-06-16,8128.6,8128.9,8123.3,8124.6,14:20:00,8117.645882892031,3,62
2016-06-16,8115.8,8129.95,8108.5,8128.25,14:25:00,8117.470084521362,3,63
2016-06-16,8114.25,8118.15,8112.05,8116.45,14:30:00,8117.163409805042,3,64
2016-06-16,8132.25,8132.5,8112.15,8114.4,14:35:00,8118.600227918847,3,65
2016-06-16,8130.35,8132.4,8127.1,8132.1,14:40:00,8119.7192538313375,3,66
2016-06-16,8132.45,8134.5,8129.0,8130.7,14:45:00,8120.931705847401,3,67
2016-06-16,8132.35,8134.55,8129.4,8132.7,14:50:00,8122.019162433363,3,68
2016-06-16,8143.5,8144.25,8131.25,8132.45,14:55:00,8124.064956487328,3,69
2016-06-16,8144.05,8147.95,8143.05,8144.45,15:00:00,8125.968293964725,3,70
2016-06-16,8149.35,8155.1,8144.4,8144.4,15:05:00,8128.195123110942,3,71
2016-06-16,8139.7,8150.4,8138.85,8149.0,15:10:00,8129.290825671805,3,72
2016-06-16,8141.9,8142.4,8134.15,8140.2,15:15:00,8130.491699417347,3,73
2016-06-16,8138.35,8142.35,8137.2,8142.35,15:20:00,8131.240108996647,3,74
2016-06-16,8131.1,8139.35,8130.3,8138.45,15:25:00,8131.22676528268,3,75
2016-06-17,8183.65,8192.6,8176.25,8176.25,09:15:00,8136.2194543033775,4,1
2016-06-17,8193.55,8195.25,8182.35,8183.7,09:20:00,8141.679506274484,4,2
2016-06-17,8184.7,8194.15,8182.3,8194.05,09:25:00,8145.776696153105,4,3
2016-06-17,8186.55,8188.15,8182.85,8183.95,09:30:00,8149.659867948048,4,4
2016-06-17,8169.25,8188.0,8168.05,8186.75,09:35:00,8151.525594810138,4,5
2016-06-17,8171.45,8176.4,8168.8,8169.1,09:40:00,8153.423157209172,4,6
2016-06-17,8181.05,8181.05,8170.7,8171.4,09:45:00,8156.054285094013,4,7
2016-06-17,8170.0,8181.35,8169.8,8180.9,09:50:00,8157.382448418393,4,8
2016-06-17,8169.15,8172.75,8167.45,8169.9,09:55:00,8158.503167616642,4,9
2016-06-17,8163.0,8169.75,8157.35,8169.05,10:00:00,8158.931437367438,4,10
2016-06-17,8161.25,8165.75,8160.65,8163.15,10:05:00,8159.152252856253,4,11
2016-06-17,8168.0,8170.45,8160.9,8161.0,10:10:00,8159.994895441371,4,12
2016-06-17,8174.6,8178.8,8168.05,8168.3,10:15:00,8161.385857780288,4,13
2016-06-17,8173.95,8178.1,8172.5,8174.7,10:20:00,8162.582442753594,4,14
2016-06-17,8173.0,8175.65,8170.7,8173.7,10:25:00,8163.574591062775,4,15
2016-06-17,8173.8,8173.8,8170.75,8173.1,10:30:00,8164.548439532987,4,16
2016-06-17,8176.0,8176.95,8171.75,8173.4,10:35:00,8165.63906433937,4,17
2016-06-17,8176.05,8178.0,8174.35,8175.75,10:40:00,8166.630582021335,4,18
2016-06-17,8175.5,8177.4,8174.65,8176.25,10:45:00,8167.475288495493,4,19
2016-06-17,8172.4,8176.7,8170.45,8175.4,10:50:00,8167.944308638779,4,20
2016-06-17,8170.65,8173.95,8170.1,8172.3,10:55:00,8168.201993530323,4,21
2016-06-17,8166.8,8170.9,8166.25,8170.45,11:00:00,8168.06847033696,4,22
2016-06-17,8168.15,8169.75,8166.35,8166.7,11:05:00,8168.076235066774,4,23
2016-06-17,8170.45,8170.55,8167.45,8168.25,11:10:00,8168.302307917557,4,24
2016-06-17,8164.15,8171.0,8163.6,8170.55,11:15:00,8167.906850020647,4,25
2016-06-17,8167.05,8167.25,8164.25,8164.6,11:20:00,8167.825245256776,4,26
2016-06-17,8161.9,8167.2,8161.0,8167.2,11:25:00,8167.260936184702,4,27
2016-06-17,8164.75,8164.75,8160.5,8161.8,11:30:00,8167.021799405205,4,28
2016-06-17,8166.05,8167.75,8164.45,8164.6,11:35:00,8166.9292470809,4,29
2016-06-17,8167.0,8170.25,8165.95,8166.15,11:40:00,8166.935985454147,4,30
2016-06-17,8165.25,8167.7,8164.05,8167.1,11:45:00,8166.775415410895,4,31
2016-06-17,8164.65,8165.45,8161.0,8165.45,11:50:00,8166.572994895571,4,32
2016-06-17,8164.55,8166.45,8163.65,8164.45,11:55:00,8166.38032871504,4,33
2016-06-17,8167.6,8169.05,8164.3,8164.7,12:00:00,8166.496487885037,4,34
2016-06-17,8168.2,8169.9,8165.7,8167.8,12:05:00,8166.658727134081,4,35
2016-06-17,8169.15,8169.85,8166.8,8168.05,12:10:00,8166.895991216549,4,36
2016-06-17,8165.95,8169.55,8165.35,8168.95,12:15:00,8166.805896814973,4,37
2016-06-17,8151.55,8166.1,8148.4,8165.9,12:20:00,8165.352954261165,4,38
2016-06-17,8158.4,8158.75,8149.75,8151.2,12:25:00,8164.690768141054,4,39
2016-06-17,8155.8,8159.0,8153.5,8159.0,12:30:00,8163.844028318096,4,40
2016-06-17,8160.1,8161.2,8154.65,8155.9,12:35:00,8163.487454192563,4,41
2016-06-17,8164.4,8165.9,8160.2,8160.3,12:40:00,8163.57436331708,4,42
2016-06-17,8165.05,8168.4,8162.15,8164.3,12:45:00,8163.714900144026,4,43
2016-06-17,8168.0,8169.45,8163.75,8165.3,12:50:00,8164.123004892213,4,44
2016-06-17,8173.0,8173.65,8167.8,8168.25,12:55:00,8164.968432997717,4,45
2016-06-17,8172.45,8179.4,8172.1,8173.15,13:00:00,8165.680963188411,4,46
2016-06-17,8168.55,8173.5,8167.0,8172.4,13:05:00,8165.954204789514,4,47
2016-06-17,8171.55,8171.55,8167.65,8168.35,13:10:00,8166.487137666703,4,48
2016-06-17,8176.15,8177.25,8171.75,8171.85,13:15:00,8167.407410269874,4,49
2016-06-17,8170.85,8176.05,8170.85,8175.95,13:20:00,8167.735275958457,4,50
2016-06-17,8164.35,8171.45,8162.25,8171.0,13:25:00,8167.412868724318,4,51
2016-06-17,8161.0,8166.5,8159.55,8164.45,13:30:00,8166.802119322003,4,52
2016-06-17,8158.55,8161.3,8157.4,8160.85,13:35:00,8166.016203196098,4,53
2016-06-17,8156.8,8159.95,8153.1,8158.7,13:40:00,8165.138469558374,4,54
2016-06-17,8163.7,8164.4,8156.65,8156.65,13:45:00,8165.001472457577,4,55
2016-06-17,8162.2,8164.7,8161.65,8163.6,13:50:00,8164.734665556855,4,56
2016-06-17,8168.25,8168.4,8161.8,8162.15,13:55:00,8165.069459313346,4,57
2016-06-17,8169.0,8170.1,8167.3,8168.1,14:00:00,8165.443796521598,4,58
2016-06-17,8172.45,8173.6,8169.05,8169.05,14:05:00,8166.111053995732,4,59
2016-06-17,8172.0,8176.65,8171.5,8172.4,14:10:00,8166.671905996138,4,60
2016-06-17,8166.0,8173.7,8165.0,8171.95,14:15:00,8166.607914948886,4,61
2016-06-17,8157.15,8166.1,8157.15,8166.1,14:20:00,8165.707161144231,4,62
2016-06-17,8154.95,8157.55,8147.1,8157.55,14:25:00,8164.682669606685,4,63
2016-06-17,8154.65,8158.5,8153.85,8154.85,14:30:00,8163.727177263191,4,64
2016-06-17,8154.1,8155.7,8151.3,8154.45,14:35:00,8162.810303238125,4,65
2016-06-17,8140.55,8154.75,8137.4,8153.95,14:40:00,8160.690274358304,4,66
2016-06-17,8149.5,8150.0,8135.8,8140.7,14:45:00,8159.624533943227,4,67
2016-06-17,8148.15,8150.8,8144.35,8150.1,14:50:00,8158.53172118673,4,68
2016-06-17,8162.15,8162.15,8147.9,8148.25,14:55:00,8158.876319168945,4,69
2016-06-17,8173.75,8174.5,8162.35,8162.55,15:00:00,8160.292860200474,4,70
2016-06-17,8168.8,8177.05,8168.6,8174.05,15:05:00,8161.103063990905,4,71
2016-06-17,8168.5,8170.8,8162.25,8169.15,15:10:00,8161.807534087009,4,72
2016-06-17,8171.85,8172.85,8162.75,8168.55,15:15:00,8162.763959412056,4,73
2016-06-17,8170.85,8172.5,8168.1,8172.2,15:20:00,8163.534058515669,4,74
2016-06-17,8156.05,8172.65,8155.3,8171.2,15:25:00,8162.821291037986,4,75
2016-06-20,8135.4,8140.4,8107.35,8109.85,09:15:00,8160.209739510559,0,1
2016-06-20,8143.9,8146.35,8134.25,8134.35,09:20:00,8158.656430985744,0,2
2016-06-20,8152.0,8158.65,8143.85,8143.85,09:25:00,8158.022485177577,0,3
2016-06-20,8167.45,8170.85,8152.25,8152.3,09:30:00,8158.920343732094,0,4
2016-06-20,8157.5,8173.85,8157.2,8166.75,09:35:00,8158.785072900466,0,5
2016-06-20,8162.1,8164.65,8157.1,8157.3,09:40:00,8159.100780243278,0,6
2016-06-20,8174.8,8176.1,8159.6,8161.75,09:45:00,8160.595944029633,0,7
2016-06-20,8183.1,8190.3,8174.9,8174.9,09:50:00,8162.739187455381,0,8
2016-06-20,8192.3,8193.75,8181.3,8182.85,09:55:00,8165.554502935821,0,9
2016-06-20,8195.3,8203.85,8191.55,8192.05,10:00:00,8168.387407418124,0,10
2016-06-20,8187.5,8195.4,8186.7,8195.4,10:05:00,8170.207654330684,0,11
2016-06-20,8186.35,8188.4,8183.65,8187.35,10:10:00,8171.745020584904,0,12
2016-06-20,8187.55,8190.7,8185.65,8187.2,10:15:00,8173.250256719675,0,13
2016-06-20,8186.95,8189.0,8184.55,8187.5,10:20:00,8174.554994174944,0,14
2016-06-20,8190.15,8190.15,8185.0,8186.9,10:25:00,8176.040232824949,0,15
2016-06-20,8189.4,8191.4,8188.05,8190.25,10:30:00,8177.312591603525,0,16
2016-06-20,8188.05,8189.7,8186.65,8189.6,10:35:00,8178.335201926999,0,17
2016-06-20,8177.7,8188.25,8177.2,8187.7,10:40:00,8178.27470650538,0,18
2016-06-20,8181.25,8181.25,8176.6,8178.4,10:45:00,8178.558067790582,0,19
2016-06-20,8184.3,8184.75,8180.45,8181.1,10:50:00,8179.104918477193,0,20
2016-06-20,8184.0,8185.45,8180.95,8183.8,10:55:00,8179.57111671746,0,21
2016-06-20,8184.95,8186.15,8183.4,8184.15,11:00:00,8180.083391315798,0,22
2016-06-20,8183.7,8185.05,8182.55,8185.0,11:05:00,8180.427830238103,0,23
2016-06-20,8186.3,8187.35,8183.1,8183.5,11:10:00,8180.98708450114,0,24
2016-06-20,8186.85,8188.6,8185.35,8186.4,11:15:00,8181.545457405793,0,25
2016-06-20,8186.1,8188.95,8185.5,8186.75,11:20:00,8181.979223367146,0,26
2016-06-20,8184.6,8186.25,8181.9,8185.95,11:25:00,8182.228821141703,0,27
2016-06-20,8192.75,8193.9,8183.9,8184.35,11:30:00,8183.230838175827,0,28
2016-06-20,8195.1,8195.25,8192.45,8192.8,11:35:00,8184.361234540034,0,29
2016-06-20,8197.0,8198.9,8192.45,8195.15,11:40:00,8185.564926488602,0,30
2016-06-20,8198.65,8202.55,8196.4,8197.55,11:45:00,8186.811123965878,0,31
2016-06-20,8201.4,8204.0,8196.25,8198.6,11:50:00,8188.200540731033,0,32
2016-06-20,8197.95,8202.0,8197.2,8201.45,11:55:00,8189.12906066141,0,33
2016-06-20,8202.4,8202.85,8197.65,8198.05,12:00:00,8190.392959646037,0,34
2016-06-20,8204.3,8204.3,8201.3,8202.45,12:05:00,8191.717439679748,0,35
2016-06-20,8204.45,8205.1,8201.7,8203.9,12:10:00,8192.930064472153,0,36
2016-06-20,8206.05,8208.5,8203.8,8204.35,12:15:00,8194.179582141473,0,37
2016-06-20,8203.5,8206.45,8202.95,8205.85,12:20:00,8195.067240985141,0,38
2016-06-20,8207.2,8207.25,8202.45,8203.1,12:25:00,8196.2227418437,0,39
2016-06-20,8214.95,8217.55,8206.85,8207.9,12:30:00,8198.006290239537,0,40
2016-06-20,8222.95,8225.45,8214.8,8214.85,12:35:00,8200.381881645295,0,41
2016-06-20,8225.8,8227.3,8220.5,8223.15,12:40:00,8202.802654821933,0,42
2016-06-20,8229.2,8229.9,8225.05,8226.0,12:45:00,8205.316687696035,0,43
2016-06-20,8217.15,8229.3,8217.15,8228.7,12:50:00,8206.443669820223,0,44
2016-06-20,8217.8,8221.85,8216.15,8217.1,12:55:00,8207.52522507544,0,45
2016-06-20,8215.15,8219.3,8212.6,8218.0,13:00:00,8208.251394115874,0,46
2016-06-20,8218.15,8219.4,8214.65,8215.3,13:05:00,8209.19411848579,0,47
2016-06-20,8219.65,8220.45,8217.0,8218.35,13:10:00,8210.189916725238,0,48
2016-06-20,8218.9,8219.65,8215.1,8219.45,13:15:00,8211.019448465691,0,49
2016-06-20,8215.15,8219.5,8214.15,8219.5,13:20:00,8211.412834326102,0,50
2016-06-20,8208.55,8215.75,8207.9,8215.6,13:25:00,8211.140183437901,0,51
2016-06-20,8213.75,8213.75,8207.2,8208.85,13:30:00,8211.388737396197,0,52
2016-06-20,8216.15,8219.05,8210.5,8214.2,13:35:00,8211.842190977512,0,53
2016-06-20,8217.75,8219.7,8214.5,8216.75,13:40:00,8212.404839455845,0,54
2016-06-20,8217.45,8219.15,8216.6,8217.65,13:45:00,8212.88533093624,0,55
2016-06-20,8217.5,8218.2,8214.25,8217.75,13:50:00,8213.324823228026,0,56
2016-06-20,8220.2,8220.6,8216.25,8217.4,13:55:00,8213.979601968214,0,57
2016-06-20,8225.8,8226.6,8218.7,8220.1,14:00:00,8215.105354161718,0,58
2016-06-20,8224.9,8227.45,8224.0,8225.65,14:05:00,8216.038177574888,0,59
2016-06-20,8224.65,8227.8,8223.7,8225.95,14:10:00,8216.858351139184,0,60
2016-06-20,8227.9,8230.8,8224.95,8224.95,14:15:00,8217.909936744976,0,61
2016-06-20,8235.65,8237.55,8228.6,8228.6,14:20:00,8219.599466578788,0,62
2016-06-20,8235.25,8236.45,8231.75,8235.15,14:25:00,8221.089993571284,0,63
2016-06-20,8235.95,8239.65,8234.8,8235.65,14:30:00,8222.505232278781,0,64
2016-06-20,8239.95,8241.7,8236.05,8236.05,14:35:00,8224.166638728422,0,65
2016-06-20,8239.45,8243.0,8238.3,8240.15,14:40:00,8225.622196944763,0,66
2016-06-20,8233.65,8243.8,8232.3,8239.8,14:45:00,8226.386749616691,0,67
2016-06-20,8236.15,8237.85,8233.75,8235.1,14:50:00,8227.31658298653,0,68
2016-06-20,8231.7,8236.8,8229.05,8236.1,14:55:00,8227.734051273528,0,69
2016-06-20,8239.6,8239.7,8231.75,8232.4,15:00:00,8228.86414162843,0,70
2016-06-20,8239.95,8242.55,8238.7,8240.35,15:05:00,8229.919937663817,0,71
2016-06-20,8241.75,8242.3,8238.25,8239.7,15:10:00,8231.046610267264,0,72
2016-06-20,8236.45,8244.15,8236.25,8242.5,15:15:00,8231.561218813238,0,73
2016-06-20,8235.4,8237.4,8233.9,8236.2,15:20:00,8231.926817021502,0,74
2016-06-20,8235.25,8239.05,8234.4,8235.85,15:25:00,8232.243310638501,0,75
2016-06-21,8227.45,8257.15,8224.5,8255.1,09:15:00,8231.786804863406,1,1
2016-06-21,8224.05,8234.3,8222.4,8227.5,09:20:00,8231.049966304987,1,2
2016-06-21,8222.45,8226.55,8217.8,8224.25,09:25:00,8230.230921894989,1,3
2016-06-21,8211.25,8222.8,8210.05,8222.65,09:30:00,8228.423215047847,1,4
2016-06-21,8218.1,8221.05,8210.9,8211.3,09:35:00,8227.440051709957,1,5
2016-06-21,8221.8,8223.0,8214.9,8217.95,09:40:00,8226.902903928056,1,6
2016-06-21,8226.2,8227.2,8220.35,8221.85,09:45:00,8226.835960696813,1,7
2016-06-21,8219.1,8226.25,8219.1,8226.1,09:50:00,8226.099202535212,1,8
2016-06-21,8214.35,8218.8,8210.0,8218.7,09:55:00,8224.980230865192,1,9
2016-06-21,8216.2,8219.4,8214.0,8214.1,10:00:00,8224.144018401841,1,10
2016-06-21,8221.0,8222.35,8216.0,8216.0,10:05:00,8223.844588077856,1,11
2016-06-21,8217.55,8226.55,8217.25,8221.15,10:10:00,8223.245103499012,1,12
2016-06-21,8221.3,8221.55,8217.25,8217.25,10:15:00,8223.059855546724,1,13
2016-06-21,8222.6,8223.65,8220.85,8221.55,10:20:00,8223.01605978037,1,14
2016-06-21,8219.35,8222.4,8217.4,8222.4,10:25:00,8222.666911229859,1,15
2016-06-21,8224.2,8225.6,8219.25,8219.3,10:30:00,8222.812919684158,1,16
2016-06-21,8228.9,8230.3,8223.85,8224.15,10:35:00,8223.392641619,1,17
2016-06-21,8227.6,8230.85,8226.3,8228.8,10:40:00,8223.793342417192,1,18
2016-06-21,8227.25,8228.4,8225.2,8227.2,10:45:00,8224.122547901268,1,19
2016-06-21,8221.45,8227.55,8221.1,8227.15,10:50:00,8223.86801952972,1,20
2016-06-21,8217.55,8222.6,8217.35,8221.6,10:55:00,8223.266303384033,1,21
2016-06-21,8219.4,8219.4,8215.85,8217.5,11:00:00,8222.898084014125,1,22
2016-06-21,8218.65,8220.9,8217.45,8219.45,11:05:00,8222.493504584208,1,23
2016-06-21,8219.15,8220.45,8218.1,8218.55,11:10:00,8222.17507557619,1,24
2016-06-21,8221.65,8221.95,8218.2,8219.3,11:15:00,8222.125068378458,1,25
2016-06-21,8219.8,8223.45,8218.35,8221.55,11:20:00,8221.903633294796,1,26
2016-06-21,8221.35,8222.4,8219.55,8219.9,11:25:00,8221.85090631434,1,27
2016-06-21,8222.9,8223.6,8221.35,8221.5,11:30:00,8221.950819998689,1,28
2016-06-21,8222.85,8225.7,8221.65,8223.05,11:35:00,8222.03645618929,1,29
2016-06-21,8223.5,8223.65,8221.35,8222.8,11:40:00,8222.175841314118,1,30
2016-06-21,8225.95,8227.75,8222.95,8223.45,11:45:00,8222.535284998487,1,31
2016-06-21,8226.65,8228.75,8226.0,8226.0,11:50:00,8222.927162617678,1,32
2016-06-21,8223.3,8227.2,8221.25,8226.6,11:55:00,8222.962670939804,1,33
2016-06-21,8220.45,8224.75,8220.3,8223.05,12:00:00,8222.723368945537,1,34
2016-06-21,8216.85,8221.15,8215.35,8220.8,12:05:00,8222.164000474533,1,35
2016-06-21,8216.25,8218.45,8214.95,8216.75,12:10:00,8221.600762334101,1,36
2016-06-21,8212.8,8217.3,8210.65,8216.15,12:15:00,8220.762594492759,1,37
2016-06-21,8205.6,8213.95,8202.15,8212.75,12:20:00,8219.3185378744,1,38
2016-06-21,8212.1,8214.15,8205.65,8205.7,12:25:00,8218.631058076839,1,39
2016-06-21,8210.35,8213.35,8208.9,8212.35,12:30:00,8217.842385879045,1,40
2016-06-21,8208.7,8213.9,8208.4,8210.05,12:35:00,8216.971682461994,1,41
2016-06-21,8208.25,8209.55,8204.95,8208.95,12:40:00,8216.14104603704,1,42
2016-06-21,8213.5,8215.2,8207.6,8208.35,12:45:00,8215.889517843036,1,43
2016-06-21,8218.8,8219.6,8213.55,8213.55,12:50:00,8216.16670661989,1,44
2016-06-21,8218.75,8219.15,8214.65,8216.65,12:55:00,8216.412734560852,1,45
2016-06-21,8220.85,8222.85,8218.45,8218.55,13:00:00,8216.835331269343,1,46
2016-06-21,8218.5,8223.6,8218.25,8220.8,13:05:00,8216.993871148454,1,47
2016-06-21,8213.1,8218.7,8212.65,8218.6,13:10:00,8216.623026277173,1,48
2016-06-21,8209.9,8214.5,8209.65,8213.25,13:15:00,8215.9827380603,1,49
2016-06-21,8219.4,8220.1,8210.3,8210.3,13:20:00,8216.308191578366,1,50
2016-06-21,8220.8,8222.7,8218.5,8219.3,13:25:00,8216.735982856617,1,51
2016-06-21,8216.65,8221.1,8216.0,8220.55,13:30:00,8216.72779401313,1,52
2016-06-21,8214.8,8217.4,8212.9,8216.3,13:35:00,8216.544194583308,1,53
2016-06-21,8213.45,8216.7,8211.8,8214.9,13:40:00,8216.249509384897,1,54
2016-06-21,8217.85,8217.85,8212.85,8213.5,13:45:00,8216.401937062526,1,55
2016-06-21,8222.4,8223.15,8217.8,8217.8,13:50:00,8216.97318115181,1,56
2016-06-21,8221.65,8223.7,8219.85,8222.15,13:55:00,8217.418592470685,1,57
2016-06-21,8223.65,8225.7,8221.75,8221.85,14:00:00,8218.012059854429,1,58
2016-06-21,8222.95,8227.95,8222.7,8223.5,14:05:00,8218.482339868293,1,59
2016-06-21,8227.4,8228.7,8222.7,8222.7,14:10:00,8219.331640833218,1,60
2016-06-21,8223.2,8229.1,8221.8,8227.65,14:15:00,8219.700055991958,1,61
2016-06-21,8223.85,8225.75,8221.3,8223.3,14:20:00,8220.095288754628,1,62
2016-06-21,8224.5,8225.85,8222.5,8224.1,14:25:00,8220.514785063711,1,63
2016-06-21,8226.45,8229.05,8225.05,8225.3,14:30:00,8221.080043629072,1,64
2016-06-21,8224.4,8228.8,8222.1,8226.3,14:35:00,8221.396229950113,1,65
2016-06-21,8223.1,8225.95,8222.9,8224.3,14:40:00,8221.558493764387,1,66
2016-06-21,8217.3,8224.35,8216.25,8223.3,14:45:00,8221.152922929683,1,67
2016-06-21,8219.55,8220.15,8215.85,8217.1,14:50:00,8221.000263603046,1,68
2016-06-21,8221.65,8222.2,8217.9,8219.2,14:55:00,8221.062143259898,1,69
2016-06-21,8220.55,8227.0,8220.5,8221.4,15:00:00,8221.013367711337,1,70
2016-06-21,8219.6,8220.95,8215.3,8220.4,15:05:00,8220.878761262638,1,71
2016-06-21,8220.75,8222.55,8216.65,8219.2,15:10:00,8220.866498285244,1,72
2016-06-21,8221.75,8222.85,8218.0,8221.25,15:15:00,8220.950641305697,1,73
2016-06-21,8219.95,8222.35,8219.85,8220.95,15:20:00,8220.855342133726,1,74
2016-06-21,8208.4,8219.95,8207.45,8219.75,15:25:00,8219.66911907337,1,75
2016-06-22,8223.8,8225.85,8208.15,8213.35,09:15:00,8220.062536304478,2,1
2016-06-22,8216.85,8225.05,8216.85,8223.7,09:20:00,8219.756580465957,2,2
2016-06-22,8213.9,8216.55,8209.35,8216.55,09:25:00,8219.198810897771,2,3
2016-06-22,8222.8,8222.8,8213.55,8214.1,09:30:00,8219.541781288459,2,4
2016-06-22,8220.05,8224.85,8217.75,8222.25,09:35:00,8219.59018307051,2,5
2016-06-22,8225.95,8226.5,8219.8,8219.9,09:40:00,8220.195879920937,2,6
2016-06-22,8232.2,8233.1,8226.15,8226.15,09:45:00,8221.339129452277,2,7
2016-06-22,8231.3,8238.35,8231.3,8232.35,09:50:00,8222.287783790156,2,8
2016-06-22,8230.35,8231.15,8227.0,8231.15,09:55:00,8223.055613905379,2,9
2016-06-22,8232.05,8235.15,8229.7,8229.8,10:00:00,8223.912222104867,2,10
2016-06-22,8231.35,8232.05,8228.25,8231.65,10:05:00,8224.620581904404,2,11
2016-06-22,8231.4,8232.45,8230.45,8231.45,10:10:00,8225.266240770652,2,12
2016-06-22,8229.3,8232.1,8229.3,8231.55,10:15:00,8225.650408316304,2,13
2016-06-22,8227.4,8229.65,8224.05,8229.4,10:20:00,8225.817036095703,2,14
2016-06-22,8224.75,8227.6,8220.95,8227.6,10:25:00,8225.715413610398,2,15
2016-06-22,8213.1,8225.8,8213.05,8225.05,10:30:00,8224.513945647503,2,16
2016-06-22,8215.25,8218.0,8212.85,8213.45,10:35:00,8223.631665109646,2,17
2016-06-22,8220.7,8220.7,8214.7,8215.1,10:40:00,8223.352458908726,2,18
2016-06-22,8218.5,8223.3,8217.2,8221.1,10:45:00,8222.890319965038,2,19
2016-06-22,8215.8,8219.15,8214.15,8218.2,10:50:00,8222.215051396939,2,20
2016-06-22,8216.35,8217.4,8214.6,8215.85,10:55:00,8221.656475073421,2,21
2016-06-22,8213.15,8216.5,8207.95,8216.3,11:00:00,8220.846334590238,2,22
2016-06-22,8217.6,8217.8,8212.85,8213.1,11:05:00,8220.53715986736,2,23
2016-06-22,8218.05,8220.25,8216.6,8217.75,11:10:00,8220.30028749904,2,24
2016-06-22,8217.55,8218.9,8216.55,8217.85,11:15:00,8220.038355356273,2,25
2016-06-22,8216.75,8217.6,8215.65,8217.15,11:20:00,8219.725178655675,2,26
2016-06-22,8217.25,8218.3,8215.65,8216.95,11:25:00,8219.489447355134,2,27
2016-06-22,8220.75,8221.45,8217.5,8217.8,11:30:00,8219.609499987979,2,28
2016-06-22,8217.05,8220.95,8215.75,8220.7,11:35:00,8219.365738084362,2,29
2016-06-22,8213.45,8217.1,8212.95,8217.1,11:40:00,8218.80233445728,2,30
2016-06-22,8214.15,8214.3,8210.25,8213.55,11:45:00,8218.359254985156,2,31
2016-06-22,8214.6,8215.85,8213.95,8214.1,11:50:00,8218.001230700856,2,32
2016-06-22,8212.65,8216.25,8212.4,8214.5,11:55:00,8217.491589681727,2,33
2016-06-22,8213.1,8213.95,8211.5,8212.7,12:00:00,8217.073343045373,2,34
2016-06-22,8212.6,8213.05,8211.0,8213.05,12:05:00,8216.647310374385,2,35
2016-06-22,8214.2,8214.6,8212.3,8212.55,12:10:00,8216.414233195872,2,36
2016-06-22,8213.75,8215.1,8212.95,8214.3,12:15:00,8216.160496701028,2,37
2016-06-22,8215.3,8216.5,8212.75,8214.05,12:20:00,8216.078544634263,2,38
2016-06-22,8215.95,8217.0,8213.8,8215.55,12:25:00,8216.066302288144,2,39
2016-06-22,8215.8,8217.35,8213.9,8216.0,12:30:00,8216.040940165463,2,40
2016-06-22,8218.0,8218.25,8215.25,8215.85,12:35:00,8216.227517292562,2,41
2016-06-22,8215.65,8218.8,8215.15,8218.1,12:40:00,8216.172515645652,2,42
2016-06-22,8209.15,8216.1,8208.95,8215.95,12:45:00,8215.503704631781,2,43
2016-06-22,8211.25,8212.1,8207.1,8209.2,12:50:00,8215.098589904945,2,44
2016-06-22,8201.95,8212.35,8201.95,8211.6,12:55:00,8213.84634324733,2,45
2016-06-22,8200.55,8205.4,8199.15,8202.55,13:00:00,8212.580024842824,2,46
2016-06-22,8206.6,8206.8,8198.85,8200.5,13:05:00,8212.010498667318,2,47
2016-06-22,8205.4,8208.5,8205.3,8206.7,13:10:00,8211.380927365668,2,48
2016-06-22,8206.3,8208.0,8203.0,8205.25,13:15:00,8210.897029521318,2,49
2016-06-22,8207.9,8210.0,8205.6,8206.4,13:20:00,8210.611598138335,2,50
2016-06-22,8204.35,8208.1,8204.0,8207.85,13:25:00,8210.015255458493,2,51
2016-06-22,8205.15,8206.45,8203.4,8204.55,13:30:00,8209.55189779578,2,52
2016-06-22,8199.7,8205.3,8199.7,8205.2,13:35:00,8208.61362181523,2,53
2016-06-22,8167.05,8199.5,8167.05,8199.45,13:40:00,8204.65518164235,2,54
2016-06-22,8178.35,8179.0,8153.25,8167.8,13:45:00,8202.149926247841,2,55
2016-06-22,8178.6,8178.6,8172.05,8178.15,13:50:00,8199.907076128999,2,56
2016-06-22,8179.4,8183.6,8178.45,8178.65,13:55:00,8197.95402125957,2,57
2016-06-22,8184.6,8185.05,8178.3,8179.25,14:00:00,8196.682209711038,2,58
2016-06-22,8173.45,8184.85,8172.95,8184.45,14:05:00,8194.469618309986,2,59
2016-06-22,8175.35,8178.6,8171.3,8173.5,14:10:00,8192.648702280463,2,60
2016-06-22,8184.85,8186.9,8175.1,8175.45,14:15:00,8191.905968729942,2,61
2016-06-22,8180.2,8187.35,8179.7,8185.2,14:20:00,8190.791114565186,2,62
2016-06-22,8183.75,8186.75,8180.45,8180.45,14:25:00,8190.120532225644,2,63
2016-06-22,8196.1,8198.25,8183.95,8183.95,14:30:00,8190.690005347011,2,64
2016-06-22,8194.85,8203.65,8194.35,8196.15,14:35:00,8191.086195313962,2,65
2016-06-22,8197.2,8202.3,8194.4,8194.4,14:40:00,8191.668462426918,2,66
2016-06-22,8194.05,8201.8,8193.9,8196.95,14:45:00,8191.895275529117,2,67
2016-06-22,8192.35,8196.2,8187.75,8194.9,14:50:00,8191.938582621582,2,68
2016-06-22,8200.5,8201.2,8192.45,8192.6,14:55:00,8192.75395570524,2,69
2016-06-22,8197.9,8203.45,8195.9,8200.0,15:00:00,8193.244055161886,2,70
2016-06-22,8204.2,8207.2,8198.5,8198.5,15:05:00,8194.2874784798,2,71
2016-06-22,8201.55,8206.8,8199.3,8203.95,15:10:00,8194.97914719601,2,72
2016-06-22,8202.6,8206.0,8199.35,8200.5,15:15:00,8195.704942701153,2,73
2016-06-22,8205.55,8207.85,8202.4,8202.4,15:20:00,8196.642567205805,2,74
2016-06-22,8194.35,8207.45,8193.6,8205.2,15:25:00,8196.424227471918,2,75
2016-06-23,8205.95,8212.35,8196.7,8199.5,09:15:00,8197.331443903164,3,1
2016-06-23,8195.2,8209.1,8192.65,8205.8,09:20:00,8197.12844924572,3,2
2016-06-23,8199.05,8200.05,8194.8,8195.45,09:25:00,8197.311454079461,3,3
2016-06-23,8199.35,8204.75,8195.7,8199.2,09:30:00,8197.50560130999,3,4
2016-06-23,8202.55,8202.6,8199.45,8199.45,09:35:00,8197.986020232847,3,5
2016-06-23,8198.15,8203.3,8197.2,8202.5,09:40:00,8198.001637353529,3,6
2016-06-23,8201.15,8201.35,8196.35,8198.25,09:45:00,8198.301481415097,3,7
2016-06-23,8200.45,8201.7,8199.45,8201.2,09:50:00,8198.506102232706,3,8
2016-06-23,8198.2,8201.15,8197.35,8200.55,09:55:00,8198.476949639115,3,9
2016-06-23,8191.7,8198.4,8188.3,8198.15,10:00:00,8197.831525863961,3,10
2016-06-23,8193.35,8195.6,8189.95,8191.55,10:05:00,8197.404713876918,3,11
2016-06-23,8195.35,8196.0,8192.8,8193.6,10:10:00,8197.209026841021,3,12
2016-06-23,8199.6,8199.6,8194.9,8195.45,10:15:00,8197.436738570448,3,13
2016-06-23,8200.3,8201.55,8198.4,8199.65,10:20:00,8197.709430135168,3,14
2016-06-23,8198.45,8202.1,8198.35,8200.5,10:25:00,8197.779960598486,3,15
2016-06-23,8196.05,8200.6,8195.3,8198.2,10:30:00,8197.61520244625,3,16
2016-06-23,8198.15,8199.0,8196.3,8196.4,10:35:00,8197.666135546608,3,17
2016-06-23,8194.75,8199.15,8194.4,8197.95,10:40:00,8197.388408351693,3,18
2016-06-23,8197.6,8198.1,8194.6,8194.95,10:45:00,8197.408559937247,3,19
2016-06-23,8194.65,8198.05,8194.25,8197.55,10:50:00,8197.145839943223,3,20
2016-06-23,8191.15,8195.35,8190.5,8194.7,10:55:00,8196.574807567678,3,21
2016-06-23,8192.75,8193.8,8190.1,8191.0,11:00:00,8196.21054018028,3,22
2016-06-23,8196.2,8196.45,8192.8,8192.85,11:05:00,8196.209536353586,3,23
2016-06-23,8197.2,8198.7,8195.2,8196.1,11:10:00,8196.303866224673,3,24
2016-06-23,8196.15,8198.65,8196.15,8197.3,11:15:00,8196.289212298514,3,25
2016-06-23,8194.05,8196.7,8191.45,8196.35,11:20:00,8196.07595398437,3,26
2016-06-23,8194.2,8196.4,8193.25,8194.0,11:25:00,8195.897291700145,3,27
2016-06-23,8197.25,8197.4,8194.05,8194.05,11:30:00,8196.026121062036,3,28
2016-06-23,8195.15,8197.15,8194.7,8197.15,11:35:00,8195.942680960889,3,29
2016-06-23,8192.35,8195.2,8191.9,8195.2,11:40:00,8195.600520869375,3,30
2016-06-23,8193.4,8194.35,8192.55,8192.7,11:45:00,8195.390947453245,3,31
2016-06-23,8195.7,8196.55,8193.15,8193.15,11:50:00,8195.420381029126,3,32
2016-06-23,8192.6,8196.15,8191.5,8196.05,11:55:00,8195.151773312067,3,33
2016-06-23,8193.55,8194.3,8192.65,8192.75,12:00:00,8194.999223472823,3,34
2016-06-23,8194.6,8195.4,8193.2,8193.6,12:05:00,8194.961202189697,3,35
2016-06-23,8197.1,8198.95,8194.65,8194.65,12:10:00,8195.16489721925,3,36
2016-06-23,8195.7,8198.95,8195.7,8197.55,12:15:00,8195.215859388845,3,37
2016-06-23,8196.75,8197.1,8194.45,8195.6,12:20:00,8195.36196801848,3,38
2016-06-23,8199.8,8201.4,8195.4,8197.05,12:25:00,8195.784637731005,3,39
2016-06-23,8202.2,8203.8,8198.7,8200.0,12:30:00,8196.395624613766,3,40
2016-06-23,8214.75,8217.55,8202.0,8202.1,12:35:00,8198.143660364836,3,41
2016-06-23,8219.5,8223.2,8215.35,8215.35,12:40:00,8200.177597472946,3,42
2016-06-23,8220.65,8221.55,8215.4,8219.7,12:45:00,8202.12735009457,3,43
2016-06-23,8217.95,8221.15,8217.1,8220.7,12:50:00,8203.634269133183,3,44
2016-06-23,8217.8,8219.2,8215.95,8218.0,12:55:00,8204.983386358594,3,45
2016-06-23,8213.55,8217.95,8211.35,8217.6,13:00:00,8205.799254324442,3,46
2016-06-23,8215.9,8217.05,8213.25,8213.6,13:05:00,8206.761230103066,3,47
2016-06-23,8217.0,8219.0,8215.7,8216.15,13:10:00,8207.73635104563,3,48
2016-06-23,8214.95,8218.55,8214.8,8217.4,13:15:00,8208.42336523176,3,49
2016-06-23,8213.9,8214.9,8210.3,8214.55,13:20:00,8208.944949495402,3,50
2016-06-23,8215.7,8216.05,8211.8,8213.7,13:25:00,8209.588287638699,3,51
2016-06-23,8215.45,8218.35,8212.8,8215.8,13:30:00,8210.146545958822,3,52
2016-06-23,8215.35,8216.7,8213.55,8215.55,13:35:00,8210.642113010363,3,53
2016-06-23,8216.4,8217.0,8212.85,8215.2,13:40:00,8211.190483199853,3,54
2016-06-23,8220.85,8224.75,8216.45,8216.6,13:45:00,8212.110437180818,3,55
2016-06-23,8222.05,8223.1,8219.9,8221.85,13:50:00,8213.057062211215,3,56
2016-06-23,8219.85,8222.6,8217.6,8222.15,13:55:00,8213.70400866729,3,57
2016-06-23,8219.15,8220.95,8218.3,8219.75,14:00:00,8214.2226745085,3,58
2016-06-23,8221.3,8222.7,8218.6,8219.2,14:05:00,8214.896705507692,3,59
2016-06-23,8225.35,8226.25,8220.85,8221.55,14:10:00,8215.892257364101,3,60
2016-06-23,8225.1,8226.4,8224.5,8225.5,14:15:00,8216.769185234187,3,61
2016-06-23,8229.75,8234.8,8224.85,8224.95,14:20:00,8218.005453307122,3,62
2016-06-23,8256.1,8256.75,8230.15,8230.65,14:25:00,8221.633505373109,3,63
2016-06-23,8251.4,8259.65,8249.25,8256.2,14:30:00,8224.468409623289,3,64
2016-06-23,8257.6,8262.0,8250.6,8251.65,14:35:00,8227.623799182977,3,65
2016-06-23,8269.95,8272.9,8257.5,8257.5,14:40:00,8231.654865927454,3,66
2016-06-23,8277.35,8278.5,8267.3,8270.35,14:45:00,8236.006783458173,3,67
2016-06-23,8267.8,8285.6,8267.45,8277.75,14:50:00,8239.03470884311,3,68
2016-06-23,8275.15,8275.15,8265.2,8268.0,14:55:00,8242.474260381861,3,69
2016-06-23,8277.25,8278.4,8273.25,8275.8,15:00:00,8245.786235583588,3,70
2016-06-23,8267.15,8277.0,8266.8,8277.0,15:05:00,8247.820879813722,3,71
2016-06-23,8268.15,8272.0,8266.6,8267.25,15:10:00,8249.75698649813,3,72
2016-06-23,8266.45,8269.7,8264.2,8268.05,15:15:00,8251.346797307833,3,73
2016-06-23,8264.9,8267.6,8264.3,8266.35,15:20:00,8252.637578516611,3,74
2016-06-23,8269.45,8272.5,8264.8,8264.8,15:25:00,8254.23876151503,3,75
2016-06-24,8020.2,8024.0,7976.3,8017.5,09:15:00,8231.949355656456,4,1
2016-06-24,8019.9,8052.0,8019.45,8019.5,09:20:00,8211.75417892727,4,2
2016-06-24,8044.7,8044.7,8016.95,8020.0,09:25:00,8195.844257124672,4,3
2016-06-24,8036.45,8058.45,8034.5,8044.55,09:30:00,8180.663851684228,4,4
2016-06-24,8022.45,8042.95,8022.45,8036.4,09:35:00,8165.59586580954,4,5
2016-06-24,8016.4,8022.45,8011.6,8021.8,09:40:00,8151.386735732441,4,6
2016-06-24,7998.55,8018.9,7998.55,8016.6,09:45:00,8136.830856138875,4,7
2016-06-24,7991.0,8002.25,7982.85,7998.6,09:50:00,8122.942203173268,4,8
2016-06-24,7984.25,7991.5,7978.95,7989.75,09:55:00,8109.733421918671,4,9
2016-06-24,7956.1,7983.95,7953.9,7983.95,10:00:00,8095.101667450227,4,10
2016-06-24,7981.05,7985.15,7952.2,7956.65,10:05:00,8084.2396038835395,4,11
2016-06-24,7969.5,7980.75,7966.4,7980.75,10:10:00,8073.312022561297,4,12
2016-06-24,7964.2,7971.1,7962.05,7969.35,10:15:00,8062.920401364983,4,13
2016-06-24,7964.3,7973.4,7960.9,7963.85,10:20:00,8053.527982187365,4,14
2016-06-24,7947.15,7963.55,7944.0,7963.55,10:25:00,8043.396745788569,4,15
2016-06-24,7950.1,7950.8,7938.6,7947.45,10:30:00,8034.511341427753,4,16
2016-06-24,7967.2,7967.6,7945.95,7949.6,10:35:00,8028.100737482252,4,17
2016-06-24,7969.25,7980.15,7964.1,7967.65,10:40:00,8022.495905341086,4,18
2016-06-24,7969.3,7972.35,7961.85,7968.95,10:45:00,8017.429628641935,4,19
2016-06-24,7974.25,7975.85,7967.45,7969.1,10:50:00,8013.317283056988,4,20
2016-06-24,7963.85,7976.75,7963.15,7974.15,10:55:00,8008.606113242036,4,21
2016-06-24,7961.65,7964.55,7956.6,7963.75,11:00:00,8004.13410245708,4,22
2016-06-24,7959.0,7962.45,7957.9,7960.95,11:05:00,7999.835616508787,4,23
2016-06-24,7959.9,7961.1,7957.3,7959.15,11:10:00,7996.032224460331,4,24
2016-06-24,7967.05,7967.05,7956.8,7960.0,11:15:00,7993.272012606966,4,25
2016-06-24,7970.4,7972.3,7966.15,7967.45,11:20:00,7991.093725692017,4,26
2016-06-24,7956.8,7971.2,7956.35,7970.6,11:25:00,7987.827656578492,4,27
2016-06-24,7947.9,7957.85,7947.25,7957.1,11:30:00,7984.025022618635,4,28
2016-06-24,7956.2,7956.5,7947.8,7948.35,11:35:00,7981.37502046448,4,29
2016-06-24,7961.7,7963.55,7954.15,7955.8,11:40:00,7979.501208991673,4,30
2016-06-24,7962.65,7964.15,7958.95,7961.8,11:45:00,7977.896331944847,4,31
2016-06-24,7961.75,7968.3,7961.4,7962.35,11:50:00,7976.358586045338,4,32
2016-06-24,7955.8,7961.15,7952.6,7961.0,11:55:00,7974.400625469591,4,33
2016-06-24,7948.8,7956.55,7948.75,7955.3,12:00:00,7971.962470662963,4,34
2016-06-24,7949.5,7952.1,7946.7,7948.75,12:05:00,7969.823187742681,4,35
2016-06-24,7946.2,7950.85,7938.55,7950.4,12:10:00,7967.573360338615,4,36
2016-06-24,7945.7,7949.55,7943.5,7946.0,12:15:00,7965.490183163509,4,37
2016-06-24,7932.95,7946.95,7932.35,7945.4,12:20:00,7962.391118100318,4,38
2016-06-24,7933.15,7937.85,7929.15,7933.35,12:25:00,7959.606249709812,4,39
2016-06-24,7949.2,7968.0,7927.05,7932.75,12:30:00,7958.615178308877,4,40
2016-06-24,7965.05,7968.75,7943.85,7948.4,12:35:00,7959.228018469937,4,41
2016-06-24,7974.75,7985.95,7964.45,7964.45,12:40:00,7960.706302425181,4,42
2016-06-24,7992.75,7992.75,7973.25,7974.35,12:45:00,7963.758083146592,4,43
2016-06-24,7974.45,7998.85,7969.3,7992.2,12:50:00,7964.776360942154,4,44
2016-06-24,7991.9,7994.3,7971.25,7973.6,12:55:00,7967.35956466195,4,45
2016-06-24,7993.0,7993.7,7987.05,7991.5,13:00:00,7969.801510884621,4,46
2016-06-24,8008.45,8016.5,7992.85,7992.85,13:05:00,7973.4823193718,4,47
2016-06-24,8016.1,8016.1,8002.85,8008.25,13:10:00,7977.541146098296,4,48
2016-06-24,8021.25,8022.0,8015.15,8016.25,13:15:00,7981.703894088934,4,49
2016-06-24,8006.7,8025.35,8004.45,8020.95,13:20:00,7984.084475604274,4,50
2016-06-24,8024.45,8025.8,8006.85,8007.3,13:25:00,7987.92881126101,4,51
2016-06-24,8026.0,8033.0,8023.25,8024.75,13:30:00,7991.554638759962,4,52
2016-06-24,8016.8,8028.0,8011.1,8025.35,13:35:00,7993.95895887806,4,53
2016-06-24,8028.05,8029.75,8015.25,8017.2,13:40:00,7997.205724699197,4,54
2016-06-24,8042.7,8042.8,8026.1,8028.1,13:45:00,8001.538512823083,4,55
2016-06-24,8042.5,8043.3,8035.85,8043.05,13:50:00,8005.439606839932,4,56
2016-06-24,8057.0,8062.8,8042.1,8042.9,13:55:00,8010.350120474224,4,57
2016-06-24,8044.7,8058.8,8044.35,8057.1,14:00:00,8013.621537571917,4,58
2016-06-24,8065.35,8066.1,8045.1,8045.1,14:05:00,8018.548057803163,4,59
2016-06-24,8078.05,8078.05,8065.55,8065.55,14:10:00,8024.214909440957,4,60
2016-06-24,8073.85,8086.25,8073.15,8077.85,14:15:00,8028.942060922771,4,61
2016-06-24,8057.85,8074.85,8053.0,8073.45,14:20:00,8031.695197977746,4,62
2016-06-24,8044.6,8059.4,8041.45,8057.9,14:25:00,8032.924226741769,4,63
2016-06-24,8054.25,8058.4,8038.05,8044.8,14:30:00,8034.955252766363,4,64
2016-06-24,8065.65,8066.8,8052.85,8054.2,14:35:00,8037.878562026709,4,65
2016-06-24,8060.8,8065.4,8054.65,8063.5,14:40:00,8040.061556119404,4,66
2016-06-24,8068.75,8069.9,8058.2,8060.75,14:45:00,8042.793788869936,4,67
2016-06-24,8066.4,8069.15,8063.0,8068.25,14:50:00,8045.041999453752,4,68
2016-06-24,8067.0,8069.45,8063.2,8067.2,14:55:00,8047.133237601014,4,69
2016-06-24,8085.75,8086.4,8065.35,8066.8,15:00:00,8050.811024496155,4,70
2016-06-24,8093.3,8100.7,8085.1,8085.95,15:05:00,8054.85759359176,4,71
2016-06-24,8089.35,8097.55,8086.05,8094.4,15:10:00,8058.1425846782595,4,72
2016-06-24,8089.45,8090.85,8080.4,8089.9,15:15:00,8061.12424328033,4,73
2016-06-24,8086.3,8092.4,8084.6,8088.45,15:20:00,8063.521934396489,4,74
2016-06-24,8076.75,8087.4,8074.2,8085.25,15:25:00,8064.781750168252,4,75
2016-06-27,8077.2,8078.75,8056.75,8057.8,09:15:00,8065.964440628419,0,1
2016-06-27,8079.3,8082.15,8072.55,8077.35,09:20:00,8067.234493901902,0,2
2016-06-27,8079.3,8082.55,8075.05,8079.05,09:25:00,8068.383589720768,0,3
2016-06-27,8095.05,8095.75,8078.65,8079.4,09:30:00,8070.923247842599,0,4
2016-06-27,8096.1,8100.3,8090.1,8095.0,09:35:00,8073.321033762352,0,5
2016-06-27,8098.45,8100.75,8095.85,8096.15,09:40:00,8075.714268642127,0,6
2016-06-27,8089.65,8099.9,8089.0,8098.65,09:45:00,8077.0414811524015,0,7
2016-06-27,8078.8,8089.7,8078.6,8089.5,09:50:00,8077.208959137886,0,8
2016-06-27,8077.95,8078.9,8073.05,8078.9,09:55:00,8077.279534458087,0,9
2016-06-27,8077.25,8083.0,8076.3,8078.3,10:00:00,8077.276721652555,0,10
2016-06-27,8071.3,8077.6,8068.85,8076.8,10:05:00,8076.707510066598,0,11
2016-06-27,8078.9,8079.35,8070.9,8071.4,10:10:00,8076.916318631685,0,12
2016-06-27,8080.0,8082.7,8078.45,8078.55,10:15:00,8077.210002571524,0,13
2016-06-27,8082.4,8082.4,8078.6,8080.3,10:20:00,8077.704288040903,0,14
2016-06-27,8078.55,8082.75,8076.85,8082.2,10:25:00,8077.784832037007,0,15
2016-06-27,8081.0,8081.6,8078.25,8078.65,10:30:00,8078.091038509673,0,16
2016-06-27,8085.6,8086.35,8080.15,8081.05,10:35:00,8078.806177699228,0,17
2016-06-27,8086.2,8087.4,8082.9,8085.5,10:40:00,8079.510351251683,0,18
2016-06-27,8089.95,8090.85,8084.9,8085.9,10:45:00,8080.504603513427,0,19
2016-06-27,8088.35,8090.9,8085.45,8090.05,10:50:00,8081.2517841311965,0,20
2016-06-27,8091.25,8091.6,8087.7,8088.45,10:55:00,8082.203995166321,0,21
2016-06-27,8089.5,8093.25,8089.1,8091.35,11:00:00,8082.898852769528,0,22
2016-06-27,8086.35,8091.3,8084.05,8089.45,11:05:00,8083.227533458144,0,23
2016-06-27,8084.6,8088.55,8083.65,8086.4,11:10:00,8083.358244557368,0,24
2016-06-27,8087.75,8088.75,8084.15,8084.65,11:15:00,8083.776506980476,0,25
2016-06-27,8086.4,8088.95,8085.05,8087.6,11:20:00,8084.026363458526,0,26
2016-06-27,8085.0,8087.8,8083.75,8086.45,11:25:00,8084.1190907481905,0,27
2016-06-27,8084.15,8085.3,8080.8,8084.7,11:30:00,8084.122034486459,0,28
2016-06-27,8089.45,8089.45,8082.05,8084.4,11:35:00,8084.629459773463,0,29
2016-06-27,8093.0,8093.3,8085.9,8089.55,11:40:00,8085.426654080752,0,30
2016-06-27,8090.65,8095.3,8089.7,8093.55,11:45:00,8085.92411559687,0,31
2016-06-27,8106.85,8106.85,8089.8,8090.7,11:50:00,8087.917056968597,0,32
2016-06-27,8100.85,8107.65,8099.7,8106.6,11:55:00,8089.148765828731,0,33
2016-06-27,8101.2,8101.6,8097.6,8100.75,12:00:00,8090.2965024164705,0,34
2016-06-27,8105.6,8106.65,8100.0,8100.0,12:05:00,8091.753978376806,0,35
2016-06-27,8100.3,8105.75,8099.55,8105.75,12:10:00,8092.567885198063,0,36
2016-06-27,8096.35,8100.55,8095.05,8100.25,12:15:00,8092.928086607771,0,37
2016-06-27,8102.0,8102.0,8093.95,8096.15,12:20:00,8093.792078359412,0,38
2016-06-27,8103.6,8105.35,8099.2,8101.35,12:25:00,8094.726166134706,0,39
2016-06-27,8101.0,8104.65,8098.55,8103.3,12:30:00,8095.323674121876,0,40
2016-06-27,8118.25,8119.45,8100.75,8101.35,12:35:00,8097.507133729317,0,41
2016-06-27,8111.3,8119.7,8110.15,8117.25,12:40:00,8098.82074004081,0,42
2016-06-27,8117.65,8118.55,8111.35,8111.9,12:45:00,8100.614002894066,0,43
2016-06-27,8117.85,8120.65,8116.35,8117.55,12:50:00,8102.2555264279645,0,44
2016-06-27,8116.4,8118.45,8114.35,8117.15,12:55:00,8103.602619149111,0,45
2016-06-27,8110.1,8117.25,8108.0,8116.05,13:00:00,8104.221417325386,0,46
2016-06-27,8107.5,8111.1,8106.2,8110.35,13:05:00,8104.533663294396,0,47
2016-06-27,8102.95,8109.4,8101.95,8106.8,13:10:00,8104.382838218739,0,48
2016-06-27,8104.3,8107.55,8101.45,8103.35,13:15:00,8104.374948864573,0,49
2016-06-27,8105.75,8109.95,8103.6,8104.35,13:20:00,8104.505906115567,0,50
2016-06-27,8102.05,8106.65,8101.0,8105.65,13:25:00,8104.272010295037,0,51
2016-06-27,8105.35,8105.85,8100.85,8100.95,13:30:00,8104.374675981224,0,52
2016-06-27,8091.6,8105.95,8091.2,8105.25,13:35:00,8103.158040173488,0,53
2016-06-27,8090.1,8092.35,8083.75,8091.75,13:40:00,8101.914417299823,0,54
2016-06-27,8081.75,8090.15,8080.55,8090.15,13:45:00,8099.993996604602,0,55
2016-06-27,8078.6,8083.5,8076.9,8082.0,13:50:00,8097.956473118449,0,56
2016-06-27,8069.7,8078.5,8062.45,8078.5,13:55:00,8095.265380440502,0,57
2016-06-27,8067.1,8078.2,8065.75,8070.3,14:00:00,8092.582963255692,0,58
2016-06-27,8062.2,8066.6,8055.7,8066.3,14:05:00,8089.689347707531,0,59
2016-06-27,8077.15,8077.15,8060.95,8062.4,14:10:00,8088.495124116337,0,60
2016-06-27,8087.15,8091.05,8077.3,8077.35,14:15:00,8088.367017057638,0,61
2016-06-27,8086.7,8096.3,8084.55,8087.05,14:20:00,8088.208253528339,0,62
2016-06-27,8093.5,8094.05,8086.55,8086.65,14:25:00,8088.712229382783,0,63
2016-06-27,8094.7,8101.8,8092.05,8093.1,14:30:00,8089.28249325109,0,64
2016-06-27,8102.7,8106.1,8094.35,8095.1,14:35:00,8090.560351036701,0,65
2016-06-27,8106.2,8106.75,8097.55,8102.65,14:40:00,8092.049841414157,0,66
2016-06-27,8104.5,8111.5,8102.95,8105.95,14:45:00,8093.235570803286,0,67
2016-06-27,8098.7,8107.05,8096.85,8104.65,14:50:00,8093.755992631544,0,68
2016-06-27,8098.0,8103.6,8097.65,8098.8,14:55:00,8094.160183809493,0,69
2016-06-27,8095.85,8098.8,8091.2,8098.25,15:00:00,8094.32111868478,0,70
2016-06-27,8093.55,8095.9,8092.3,8095.75,15:05:00,8094.247678810039,0,71
2016-06-27,8095.7,8095.7,8089.3,8093.3,15:10:00,8094.385995113845,0,72
2016-06-27,8096.8,8098.5,8093.2,8095.85,15:15:00,8094.615900341098,0,73
2016-06-27,8095.1,8097.0,8093.85,8096.85,15:20:00,8094.662005070517,0,74
2016-06-27,8092.2,8095.85,8091.55,8095.6,15:25:00,8094.427528397135,0,75
2016-06-28,8108.65,8115.7,8086.85,8086.85,09:15:00,8095.78204950217,1,1
2016-06-28,8117.35,8117.95,8108.75,8108.75,09:20:00,8097.836140025773,1,2
2016-06-28,8107.85,8119.9,8106.7,8117.2,09:25:00,8098.789840975699,1,3
2016-06-28,8120.6,8120.6,8107.35,8107.65,09:30:00,8100.866998978013,1,4
2016-06-28,8123.95,8124.7,8119.05,8121.05,09:35:00,8103.065380027726,1,5
2016-06-28,8122.5,8124.9,8120.15,8123.55,09:40:00,8104.9162962155615,1,6
2016-06-28,8115.95,8122.55,8115.2,8122.55,09:45:00,8105.967125147413,1,7
2016-06-28,8107.25,8117.3,8107.05,8115.9,09:50:00,8106.089303704803,1,8
2016-06-28,8109.95,8109.95,8105.85,8107.3,09:55:00,8106.45698906625,1,9
2016-06-28,8108.45,8113.5,8106.45,8109.75,10:00:00,8106.646799631369,1,10
2016-06-28,8110.5,8112.4,8108.2,8108.85,10:05:00,8107.013771095048,1,11
2016-06-28,8113.65,8114.05,8110.15,8110.35,10:10:00,8107.64579289552,1,12
2016-06-28,8111.6,8113.95,8111.3,8113.35,10:15:00,8108.022384048327,1,13
2016-06-28,8114.5,8114.9,8111.3,8111.75,10:20:00,8108.639299853248,1,14
2016-06-28,8118.1,8119.65,8114.45,8114.6,10:25:00,8109.540318914844,1,15
2016-06-28,8119.05,8120.3,8117.45,8118.25,10:30:00,8110.446002827716,1,16
2016-06-28,8117.4,8120.95,8115.6,8119.75,10:35:00,8111.108288272695,1,17
2016-06-28,8114.35,8118.55,8112.85,8117.6,10:40:00,8111.417022722915,1,18
2016-06-28,8117.3,8119.1,8113.85,8114.5,10:45:00,8111.977306273114,1,19
2016-06-28,8116.9,8118.3,8114.35,8117.75,10:50:00,8112.446134247102,1,20
2016-06-28,8115.55,8118.45,8114.8,8117.1,10:55:00,8112.741740509284,1,21
2016-06-28,8112.3,8117.2,8111.95,8115.6,11:00:00,8112.69966998459,1,22
2016-06-28,8107.85,8112.9,8107.2,8112.85,11:05:00,8112.237796652725,1,23
2016-06-28,8110.8,8110.9,8106.05,8107.55,11:10:00,8112.100863638179,1,24
2016-06-28,8112.35,8113.85,8109.3,8110.65,11:15:00,8112.124590910734,1,25
2016-06-28,8112.05,8113.75,8110.6,8112.4,11:20:00,8112.117487014473,1,26
2016-06-28,8110.95,8113.7,8109.5,8111.7,11:25:00,8112.006297775,1,27
2016-06-28,8112.0,8113.75,8110.2,8111.2,11:30:00,8112.005697986905,1,28
2016-06-28,8110.4,8112.8,8109.5,8111.7,11:35:00,8111.852774369105,1,29
2016-06-28,8110.2,8111.95,8109.1,8110.7,11:40:00,8111.695367286333,1,30
2016-06-28,8107.55,8110.45,8106.8,8110.25,11:45:00,8111.30057040192,1,31
2016-06-28,8108.5,8110.05,8106.1,8106.9,11:50:00,8111.033849411261,1,32
2016-06-28,8115.9,8118.15,8107.95,8108.65,11:55:00,8111.497292324474,1,33
2016-06-28,8112.75,8115.8,8112.35,8115.75,12:00:00,8111.616597817381,1,34
2016-06-28,8114.45,8116.0,8110.95,8112.85,12:05:00,8111.886445644297,1,35
2016-06-28,8109.75,8115.65,8109.4,8114.65,12:10:00,8111.682974630555,1,36
2016-06-28,8110.9,8111.15,8107.5,8109.55,12:15:00,8111.608405618121,1,37
2016-06-28,8114.85,8115.2,8110.45,8111.3,12:20:00,8111.917128892586,1,38
2016-06-28,8116.9,8117.8,8113.0,8114.95,12:25:00,8112.391688045673,1,39
2016-06-28,8127.2,8128.95,8116.6,8117.15,12:30:00,8113.802003469894,1,40
2016-06-28,8124.85,8130.75,8123.4,8127.35,12:35:00,8114.854193615619,1,41
2016-06-28,8131.65,8133.5,8123.95,8124.9,12:40:00,8116.453794223655,1,42
2016-06-28,8133.9,8137.1,8130.1,8131.55,12:45:00,8118.115337630926,1,43
2016-06-28,8132.85,8135.0,8130.95,8133.65,12:50:00,8119.518638808933,1,44
2016-06-28,8135.2,8135.3,8130.35,8133.1,12:55:00,8121.012101779511,1,45
2016-06-28,8145.5,8145.5,8135.15,8135.15,13:00:00,8123.344282562414,1,46
2016-06-28,8138.95,8146.35,8138.45,8145.75,13:05:00,8124.830541365994,1,47
2016-06-28,8137.95,8141.2,8136.6,8138.7,13:10:00,8126.080013616852,1,48
2016-06-28,8140.85,8142.95,8137.05,8137.25,13:15:00,8127.4866789866755,1,49
2016-06-28,8135.7,8141.8,8135.4,8141.05,13:20:00,8128.268900035563,1,50
2016-06-28,8135.7,8136.95,8134.25,8135.9,13:25:00,8128.9766238417,1,51
2016-06-28,8137.4,8139.4,8135.0,8135.95,13:30:00,8129.77885014249,1,52
2016-06-28,8133.0,8138.55,8131.2,8137.55,13:35:00,8130.0856263193955,1,53
2016-06-28,8132.25,8136.25,8131.35,8132.95,13:40:00,8130.291757146119,1,54
2016-06-28,8126.65,8133.05,8126.2,8132.5,13:45:00,8129.944923132203,1,55
2016-06-28,8127.3,8128.25,8120.85,8126.8,13:50:00,8129.693025691041,1,56
2016-06-28,8131.75,8134.6,8127.55,8127.75,13:55:00,8129.888928006179,1,57
2016-06-28,8131.1,8135.8,8130.35,8131.8,14:00:00,8130.004268196067,1,58
2016-06-28,8127.65,8133.25,8126.65,8130.85,14:05:00,8129.780052177393,1,59
2016-06-28,8126.35,8129.3,8120.35,8128.2,14:10:00,8129.453380541451,1,60
2016-06-28,8112.55,8128.95,8112.1,8126.75,14:15:00,8127.8435347755985,1,61
2016-06-28,8120.2,8122.35,8111.8,8112.65,14:20:00,8127.115579082685,1,62
2016-06-28,8117.6,8122.35,8117.6,8120.25,14:25:00,8126.209333455763,1,63
2016-06-28,8126.75,8127.9,8118.15,8118.15,14:30:00,8126.260825507596,1,64
2016-06-28,8129.05,8132.25,8126.95,8126.95,14:35:00,8126.526461173539,1,65
2016-06-28,8131.9,8132.95,8129.0,8129.1,14:40:00,8127.038226776059,1,66
2016-06-28,8130.2,8134.3,8128.75,8132.2,14:45:00,8127.339348035482,1,67
2016-06-28,8131.3,8133.0,8129.95,8130.05,14:50:00,8127.716552984484,1,68
2016-06-28,8131.05,8131.45,8126.0,8130.75,14:55:00,8128.034024128819,1,69
2016-06-28,8131.8,8132.55,8129.85,8131.15,15:00:00,8128.392688497503,1,70
2016-06-28,8131.8,8133.65,8131.1,8131.5,15:05:00,8128.717194354883,1,71
2016-06-28,8128.8,8131.95,8126.95,8131.85,15:10:00,8128.725080606799,1,72
2016-06-28,8127.0,8129.5,8125.6,8128.65,15:15:00,8128.560787215675,1,73
2016-06-28,8123.2,8128.15,8123.1,8127.15,15:20:00,8128.050236052278,1,74
2016-06-28,8127.05,8127.85,8123.05,8123.5,15:25:00,8127.95497547587,1,75
2016-06-30,8262.4,8268.6,8253.25,8259.0,09:15:00,8140.759263525787,3,1
2016-06-30,8258.2,8262.55,8255.85,8261.8,09:20:00,8151.944095570951,3,2
2016-06-30,8266.35,8266.45,8257.1,8258.25,09:25:00,8162.8398959927645,3,3
2016-06-30,8267.3,8270.65,8266.3,8266.5,09:30:00,8172.788477326787,3,4
2016-06-30,8265.35,8268.15,8262.95,8267.45,09:35:00,8181.603860438522,3,5
2016-06-30,8264.1,8267.65,8262.2,8265.3,09:40:00,8189.460635634853,3,6
2016-06-30,8263.85,8265.25,8262.15,8264.55,09:45:00,8196.545337002963,3,7
2016-06-30,8266.75,8266.75,8263.0,8264.35,09:50:00,8203.231495383632,3,8
2016-06-30,8269.45,8270.15,8266.3,8266.85,09:55:00,8209.53801963281,3,9
2016-06-30,8271.55,8271.9,8269.3,8269.3,10:00:00,8215.443922524923,3,10
2016-06-30,8276.5,8277.2,8270.3,8271.75,10:05:00,8221.258787046358,3,11
2016-06-30,8274.85,8276.6,8273.55,8276.25,10:10:00,8226.362712089562,3,12
2016-06-30,8270.0,8275.1,8269.6,8274.95,10:15:00,8230.518644271508,3,13
2016-06-30,8271.4,8272.0,8268.15,8269.75,10:20:00,8234.41210672184,3,14
2016-06-30,8272.85,8272.85,8270.2,8271.35,10:25:00,8238.072858462618,3,15
2016-06-30,8271.0,8274.05,8270.75,8272.8,10:30:00,8241.208776704274,3,16
2016-06-30,8268.15,8271.15,8266.05,8271.15,10:35:00,8243.774607494342,3,17
2016-06-30,8263.5,8268.65,8262.2,8268.05,10:40:00,8245.653216304405,3,18
2016-06-30,8257.9,8263.8,8257.6,8263.55,10:45:00,8246.819576656366,3,19
2016-06-30,8257.0,8258.35,8251.7,8258.35,10:50:00,8247.78914078433,3,20
2016-06-30,8256.7,8262.2,8255.65,8257.15,10:55:00,8248.637794042967,3,21
2016-06-30,8259.55,8259.55,8254.2,8256.8,11:00:00,8249.67705175316,3,22
2016-06-30,8257.85,8260.25,8256.7,8259.2,11:05:00,8250.45542777667,3,23
2016-06-30,8264.1,8264.8,8257.5,8257.6,11:10:00,8251.754910845557,3,24
2016-06-30,8261.9,8265.05,8261.2,8264.25,11:15:00,8252.721109812646,3,25
2016-06-30,8263.25,8264.6,8261.3,8261.85,11:20:00,8253.72386125906,3,26
2016-06-30,8263.8,8264.55,8261.5,8263.2,11:25:00,8254.683493520102,3,27
2016-06-30,8256.45,8263.75,8256.3,8263.75,11:30:00,8254.851732232473,3,28
2016-06-30,8257.95,8258.25,8254.75,8256.9,11:35:00,8255.14680535319,3,29
2016-06-30,8255.55,8258.4,8254.6,8258.2,11:40:00,8255.185204843361,3,30
2016-06-30,8254.65,8256.3,8252.7,8255.5,11:45:00,8255.134232953516,3,31
2016-06-30,8253.35,8256.9,8253.05,8254.45,11:50:00,8254.964306005562,3,32
2016-06-30,8255.7,8256.1,8252.35,8252.6,11:55:00,8255.034372100272,3,33
2016-06-30,8248.05,8256.5,8246.85,8255.8,12:00:00,8254.369193805009,3,34
2016-06-30,8249.5,8250.25,8243.15,8248.0,12:05:00,8253.905461061675,3,35
2016-06-30,8253.35,8253.75,8248.7,8249.7,12:10:00,8253.852560008183,3,36
2016-06-30,8256.95,8258.4,8252.95,8252.95,12:15:00,8254.147554293118,3,37
2016-06-30,8257.3,8257.45,8255.7,8257.0,12:20:00,8254.447787217583,3,38
2016-06-30,8258.8,8258.95,8256.95,8257.35,12:25:00,8254.862283673052,3,39
2016-06-30,8254.2,8259.1,8253.65,8258.65,12:30:00,8254.799209037523,3,40
2016-06-30,8249.7,8254.3,8247.05,8254.15,12:35:00,8254.31357008157,3,41
2016-06-30,8245.8,8252.7,8245.3,8250.15,12:40:00,8253.502753883324,3,42
2016-06-30,8250.9,8252.0,8242.1,8245.7,12:45:00,8253.254872561101,3,43
2016-06-30,8248.45,8251.1,8247.65,8250.2,12:50:00,8252.79726565052,3,44
2016-06-30,8252.0,8253.3,8246.8,8248.75,12:55:00,8252.721335588567,3,45
2016-06-30,8251.3,8255.65,8250.9,8251.85,13:00:00,8252.585970294418,3,46
2016-06-30,8255.9,8256.8,8248.75,8251.5,13:05:00,8252.90159217114,3,47
2016-06-30,8262.5,8265.25,8255.9,8256.4,13:10:00,8253.815726250079,3,48
2016-06-30,8268.0,8271.0,8262.15,8262.75,13:15:00,8255.166609464357,3,49
2016-06-30,8274.0,8274.85,8267.75,8267.75,13:20:00,8256.960265705846,3,50
2016-06-30,8282.3,8285.0,8273.05,8274.2,13:25:00,8259.373573733861,3,51
2016-06-30,8288.35,8289.2,8281.55,8282.2,13:30:00,8262.133233378256,3,52
2016-06-30,8287.5,8290.55,8285.0,8288.6,13:35:00,8264.54911591366,3,53
2016-06-30,8292.85,8295.8,8287.6,8287.9,13:40:00,8267.244438207597,3,54
2016-06-30,8290.2,8294.4,8289.9,8292.8,13:45:00,8269.430682187825,3,55
2016-06-30,8293.35,8297.3,8289.4,8290.3,13:50:00,8271.708712455651,3,56
2016-06-30,8293.7,8294.95,8291.0,8293.15,13:55:00,8273.803120793207,3,57
2016-06-30,8298.7,8299.7,8292.75,8293.45,14:00:00,8276.174252146235,3,58
2016-06-30,8301.35,8305.6,8295.55,8298.85,14:05:00,8278.571942418022,3,59
2016-06-30,8305.65,8308.15,8300.95,8300.95,14:10:00,8281.150805044877,3,60
2016-06-30,8299.3,8307.25,8294.7,8305.55,14:15:00,8282.879299802507,3,61
2016-06-30,8296.4,8301.15,8295.5,8299.4,14:20:00,8284.166985535601,3,62
2016-06-30,8299.65,8300.4,8296.2,8296.3,14:25:00,8285.641558341735,3,63
2016-06-30,8301.95,8302.95,8299.55,8299.75,14:30:00,8287.194743261569,3,64
2016-06-30,8300.1,8302.45,8299.35,8302.25,14:35:00,8288.423815331895,3,65
2016-06-30,8295.6,8300.0,8294.05,8300.0,14:40:00,8289.10726149076,3,66
2016-06-30,8299.5,8300.2,8293.45,8295.95,14:45:00,8290.097046110688,3,67
2016-06-30,8297.95,8303.2,8294.7,8299.6,14:50:00,8290.844946481098,3,68
2016-06-30,8305.1,8305.1,8297.6,8297.9,14:55:00,8292.202570625755,3,69
2016-06-30,8277.85,8305.15,8270.8,8305.15,15:00:00,8290.835659137589,3,70
2016-06-30,8288.2,8289.9,8277.45,8278.0,15:05:00,8290.584643981627,3,71
2016-06-30,8291.5,8293.1,8284.8,8287.9,15:10:00,8290.671820745281,3,72
2016-06-30,8291.9,8295.5,8289.6,8292.1,15:15:00,8290.788790198112,3,73
2016-06-30,8289.9,8292.9,8287.6,8291.65,15:20:00,8290.704143512578,3,74
2016-06-30,8285.9,8290.65,8282.3,8289.85,15:25:00,8290.246606035189,3,75
2016-07-01,8326.35,8346.35,8308.65,8312.2,09:15:00,8293.685024508028,4,1
2016-07-01,8331.1,8331.35,8322.55,8326.4,09:20:00,8297.248355507263,4,2
2016-07-01,8335.9,8336.85,8329.2,8331.8,09:25:00,8300.929464506571,4,3
2016-07-01,8340.55,8342.95,8336.2,8336.2,09:30:00,8304.702848839279,4,4
2016-07-01,8343.25,8343.8,8336.45,8340.45,09:35:00,8308.374006092681,4,5
2016-07-01,8339.2,8344.75,8339.1,8343.3,09:40:00,8311.309815036235,4,6
2016-07-01,8331.1,8340.35,8328.15,8339.55,09:45:00,8313.194594556593,4,7
2016-07-01,8335.6,8336.05,8330.25,8331.8,09:50:00,8315.32844269406,4,8
2016-07-01,8343.0,8343.3,8335.4,8335.7,09:55:00,8317.96382910415,4,9
2016-07-01,8349.25,8349.25,8341.0,8343.3,10:00:00,8320.943464427564,4,10
2016-07-01,8353.8,8353.8,8348.35,8349.6,10:05:00,8324.072658291605,4,11
2016-07-01,8345.4,8353.9,8344.4,8353.6,10:10:00,8326.103833692405,4,12
2016-07-01,8345.8,8349.8,8344.65,8345.55,10:15:00,8327.979659055032,4,13
2016-07-01,8344.65,8346.5,8341.15,8345.7,10:20:00,8329.5673105736,4,14
2016-07-01,8347.3,8349.7,8344.1,8344.85,10:25:00,8331.25613813802,4,15
2016-07-01,8344.3,8347.85,8343.8,8347.35,10:30:00,8332.498410696304,4,16
2016-07-01,8344.0,8344.8,8341.6,8344.5,10:35:00,8333.593800153798,4,17
2016-07-01,8346.35,8347.85,8343.75,8344.2,10:40:00,8334.808676329627,4,18
2016-07-01,8348.65,8349.9,8346.0,8346.25,10:45:00,8336.126897631568,4,19
2016-07-01,8349.5,8351.95,8346.65,8348.85,10:50:00,8337.400526428562,4,20
2016-07-01,8355.45,8356.3,8349.05,8349.45,10:55:00,8339.119523911557,4,21
2016-07-01,8354.5,8356.75,8352.0,8355.6,11:00:00,8340.584331158076,4,22
2016-07-01,8350.3,8355.9,8348.6,8354.4,11:05:00,8341.509632952544,4,23
2016-07-01,8348.8,8350.5,8347.3,8350.15,11:10:00,8342.20395362373,4,24
2016-07-01,8348.35,8352.15,8348.2,8349.6,11:15:00,8342.78929137385,4,25
2016-07-01,8352.1,8353.25,8347.7,8348.3,11:20:00,8343.676025528723,4,26
2016-07-01,8349.5,8355.05,8347.2,8351.95,11:25:00,8344.230689764083,4,27
2016-07-01,8345.9,8350.05,8343.4,8348.8,11:30:00,8344.389671691313,4,28
2016-07-01,8345.95,8347.65,8343.85,8345.95,11:35:00,8344.538274387378,4,29
2016-07-01,8341.9,8347.05,8339.4,8345.85,11:40:00,8344.28701016001,4,30
2016-07-01,8344.0,8345.5,8341.4,8341.95,11:45:00,8344.259675859055,4,31
2016-07-01,8343.6,8345.8,8340.7,8343.9,11:50:00,8344.196849586764,4,32
2016-07-01,8344.45,8346.15,8343.05,8343.3,11:55:00,8344.22095914993,4,33
2016-07-01,8348.5,8348.75,8343.55,8343.75,12:00:00,8344.628486849937,4,34
2016-07-01,8348.15,8350.6,8347.05,8348.6,12:05:00,8344.963869054705,4,35
2016-07-01,8352.55,8353.3,8348.1,8348.4,12:10:00,8345.686357716162,4,36
2016-07-01,8352.6,8353.75,8349.25,8351.85,12:15:00,8346.344799838433,4,37
2016-07-01,8352.05,8353.35,8350.05,8352.65,12:20:00,8346.888152234773,4,38
2016-07-01,8352.85,8354.4,8351.85,8352.25,12:25:00,8347.455947260032,4,39
2016-07-01,8345.85,8353.6,8345.1,8352.8,12:30:00,8347.302999901935,4,40
2016-07-01,8344.55,8347.85,8344.25,8345.95,12:35:00,8347.040809435084,4,41
2016-07-01,8345.35,8347.75,8342.65,8344.8,12:40:00,8346.879779965077,4,42
2016-07-01,8346.75,8348.9,8344.05,8344.95,12:45:00,8346.867419968403,4,43
2016-07-01,8348.9,8351.0,8346.6,8346.7,12:50:00,8347.060999019031,4,44
2016-07-01,8352.05,8353.0,8347.8,8348.65,12:55:00,8347.5361419696,4,45
2016-07-01,8349.35,8352.8,8348.55,8351.9,13:00:00,8347.708890353448,4,46
2016-07-01,8346.25,8349.85,8345.55,8349.5,13:05:00,8347.569948415025,4,47
2016-07-01,8341.8,8349.5,8341.8,8347.0,13:10:00,8347.020429518356,4,48
2016-07-01,8333.75,8341.65,8333.4,8341.65,13:15:00,8345.756579088036,4,49
2016-07-01,8337.0,8337.75,8329.05,8333.85,13:20:00,8344.92261917489,4,50
2016-07-01,8342.4,8343.4,8336.6,8337.2,13:25:00,8344.682369729662,4,51
2016-07-01,8336.2,8343.35,8335.95,8342.85,13:30:00,8343.874524993504,4,52
2016-07-01,8335.65,8337.65,8334.15,8336.35,13:35:00,8343.091236898885,4,53
2016-07-01,8334.5,8337.05,8333.3,8335.7,13:40:00,8342.273023860897,4,54
2016-07-01,8343.25,8344.4,8334.15,8334.95,13:45:00,8342.366069207477,4,55
2016-07-01,8345.55,8347.1,8340.95,8343.15,13:50:00,8342.669300711526,4,56
2016-07-01,8345.8,8347.75,8344.4,8345.85,13:55:00,8342.967462548524,4,57
2016-07-01,8347.75,8348.9,8344.75,8345.7,14:00:00,8343.422942305808,4,58
2016-07-01,8345.8,8347.9,8344.1,8347.3,14:05:00,8343.649328752874,4,59
2016-07-01,8344.95,8347.2,8344.4,8345.7,14:10:00,8343.773202204982,4,60
2016-07-01,8342.55,8345.4,8341.85,8344.8,14:15:00,8343.656706756889,4,61
2016-07-01,8342.65,8344.1,8341.05,8342.35,14:20:00,8343.560829922899,4,62
2016-07-01,8342.0,8343.6,8341.1,8342.75,14:25:00,8343.412179454052,4,63
2016-07-01,8340.5,8342.1,8338.1,8341.85,14:30:00,8343.134829029856,4,64
2016-07-01,8335.15,8340.5,8333.85,8340.4,14:35:00,8342.37436912225,4,65
2016-07-01,8343.75,8344.2,8334.5,8335.3,14:40:00,8342.505381586798,4,66
2016-07-01,8340.8,8344.15,8340.35,8343.3,14:45:00,8342.342964292817,4,67
2016-07-01,8334.75,8340.8,8334.05,8340.7,14:50:00,8341.619824836358,4,68
2016-07-01,8336.75,8337.6,8330.1,8334.3,14:55:00,8341.1560319948,4,69
2016-07-01,8331.85,8337.25,8330.6,8337.25,15:00:00,8340.269743233392,4,70
2016-07-01,8326.9,8335.7,8326.9,8332.2,15:05:00,8338.996434354021,4,71
2016-07-01,8330.1,8332.25,8326.5,8328.15,15:10:00,8338.149154891733,4,72
2016-07-01,8325.9,8329.8,8325.4,8329.45,15:15:00,8336.982568711568,4,73
2016-07-01,8325.85,8327.4,8320.6,8325.7,15:20:00,8335.922324072371,4,74
2016-07-01,8327.6,8328.7,8325.25,8326.4,15:25:00,8335.129721779764,4,75
2016-07-04,8385.2,8385.8,8373.9,8375.65,09:15:00,8339.8983197055,0,1
2016-07-04,8378.45,8388.85,8376.75,8385.5,09:20:00,8343.569908304977,0,2
2016-07-04,8376.1,8380.35,8375.9,8378.5,09:25:00,8346.668012275932,0,3
2016-07-04,8382.3,8382.65,8373.2,8375.65,09:30:00,8350.061534916318,0,4
2016-07-04,8378.85,8386.95,8378.0,8382.35,09:35:00,8352.803293495715,0,5
2016-07-04,8380.4,8380.4,8374.55,8378.55,09:40:00,8355.431551258029,0,6
2016-07-04,8380.9,8383.0,8379.55,8380.0,09:45:00,8357.857117804882,0,7
2016-07-04,8380.15,8382.75,8379.55,8380.95,09:50:00,8359.980249442513,0,8
2016-07-04,8378.65,8381.75,8378.35,8380.05,09:55:00,8361.758320924178,0,9
2016-07-04,8375.05,8379.2,8372.65,8378.8,10:00:00,8363.024195121876,0,10
2016-07-04,8378.55,8381.8,8375.15,8375.35,10:05:00,8364.502843205508,0,11
2016-07-04,8380.25,8381.9,8378.5,8378.5,10:10:00,8366.002572424031,0,12
2016-07-04,8383.0,8383.0,8379.2,8380.1,10:15:00,8367.621375050314,0,13
2016-07-04,8386.25,8386.45,8382.4,8383.05,10:20:00,8369.395529807427,0,14
2016-07-04,8387.5,8390.55,8385.0,8386.05,10:25:00,8371.119765063862,0,15
2016-07-04,8385.85,8387.85,8381.0,8387.85,10:30:00,8372.52264458159,0,16
2016-07-04,8388.55,8390.8,8384.05,8385.75,10:35:00,8374.049059383344,0,17
2016-07-04,8385.95,8389.15,8385.4,8388.5,10:40:00,8375.182482299217,0,18
2016-07-04,8388.75,8390.0,8384.5,8385.5,10:45:00,8376.474626842148,0,19
2016-07-04,8391.5,8393.4,8388.8,8388.8,10:50:00,8377.905614761943,0,20
2016-07-04,8390.15,8392.25,8388.75,8391.35,10:55:00,8379.071746689377,0,21
2016-07-04,8390.85,8392.4,8388.85,8389.75,11:00:00,8380.193485099913,0,22
2016-07-04,8392.55,8392.9,8388.55,8390.9,11:05:00,8381.370296042778,0,23
2016-07-04,8391.85,8394.8,8389.6,8392.95,11:10:00,8382.368363086323,0,24
2016-07-04,8386.1,8392.7,8385.65,8391.9,11:15:00,8382.723757078102,0,25
2016-07-04,8386.25,8386.75,8383.85,8386.0,11:20:00,8383.059589737331,0,26
2016-07-04,8388.2,8388.45,8383.85,8385.8,11:25:00,8383.54915261949,0,27
2016-07-04,8387.6,8392.45,8386.55,8387.8,11:30:00,8383.93494760811,0,28
2016-07-04,8386.15,8387.95,8384.9,8387.85,11:35:00,8384.145904978766,0,29
2016-07-04,8387.25,8387.45,8383.75,8385.9,11:40:00,8384.441533076028,0,30
2016-07-04,8392.8,8392.85,8386.35,8386.95,11:45:00,8385.237577544976,0,31
2016-07-04,8389.75,8393.05,8387.15,8392.65,11:50:00,8385.667332064502,0,32
2016-07-04,8389.15,8391.4,8388.45,8390.0,11:55:00,8385.999014725026,0,33
2016-07-04,8391.25,8391.85,8388.55,8388.75,12:00:00,8386.499108560738,0,34
2016-07-04,8390.1,8392.85,8389.45,8391.05,12:05:00,8386.842050602572,0,35
2016-07-04,8391.85,8392.35,8389.35,8390.0,12:10:00,8387.318998164232,0,36
2016-07-04,8394.0,8394.2,8391.2,8391.75,12:15:00,8387.955284053352,0,37
2016-07-04,8398.0,8398.45,8393.5,8393.9,12:20:00,8388.911923667318,0,38
2016-07-04,8394.6,8398.05,8393.0,8397.65,12:25:00,8389.453645222811,0,39
2016-07-04,8391.3,8394.6,8391.25,8394.45,12:30:00,8389.629488534923,0,40
2016-07-04,8390.45,8391.8,8389.25,8391.15,12:35:00,8389.707632483978,0,41
2016-07-04,8390.6,8392.1,8388.75,8390.4,12:40:00,8389.792619866455,0,42
2016-07-04,8385.75,8390.6,8384.75,8390.2,12:45:00,8389.407608450603,0,43
2016-07-04,8380.25,8385.75,8379.6,8385.55,12:50:00,8388.535455264831,0,44
2016-07-04,8383.35,8385.0,8379.6,8379.65,12:55:00,8388.041602382467,0,45
2016-07-04,8383.6,8385.65,8381.5,8383.5,13:00:00,8387.618592631756,0,46
2016-07-04,8382.2,8385.85,8381.5,8383.85,13:05:00,8387.102536190636,0,47
2016-07-04,8375.2,8382.9,8371.4,8382.3,13:10:00,8385.968961315337,0,48
2016-07-04,8378.45,8378.7,8373.75,8375.15,13:15:00,8385.252869761496,0,49
2016-07-04,8379.8,8381.7,8378.05,8378.05,13:20:00,8384.73354883183,0,50
2016-07-04,8377.85,8380.0,8375.95,8379.75,13:25:00,8384.077972752608,0,51
2016-07-04,8378.5,8380.95,8377.5,8378.25,13:30:00,8383.54673725236,0,52
2016-07-04,8379.7,8382.3,8378.1,8378.4,13:35:00,8383.180381323564,0,53
2016-07-04,8369.75,8379.85,8368.65,8379.6,13:40:00,8381.901297387985,0,54
2016-07-04,8374.4,8375.0,8367.95,8369.45,13:45:00,8381.18688811294,0,55
2016-07-04,8374.3,8376.0,8373.0,8374.25,13:50:00,8380.530994006946,0,56
2016-07-04,8375.45,8375.65,8371.45,8374.2,13:55:00,8380.047089815807,0,57
2016-07-04,8378.65,8382.95,8375.3,8375.5,14:00:00,8379.914033642874,0,58
2016-07-04,8375.85,8379.85,8374.6,8378.8,14:05:00,8379.526982819743,0,59
2016-07-04,8377.7,8380.55,8374.2,8375.6,14:10:00,8379.352984455958,0,60
2016-07-04,8383.7,8384.45,8377.2,8377.25,14:15:00,8379.766985936343,0,61
2016-07-04,8377.55,8385.5,8375.1,8383.6,14:20:00,8379.555844418595,0,62
2016-07-04,8375.75,8380.5,8374.85,8377.65,14:25:00,8379.193383045396,0,63
2016-07-04,8376.0,8378.4,8373.75,8375.7,14:30:00,8378.889251326787,0,64
2016-07-04,8368.85,8376.35,8367.8,8375.95,14:35:00,8377.933132152808,0,65
2016-07-04,8369.5,8371.4,8367.25,8369.2,14:40:00,8377.129976709683,0,66
2016-07-04,8368.55,8370.65,8367.3,8369.45,14:45:00,8376.312836070665,0,67
2016-07-04,8367.15,8368.75,8364.7,8368.35,14:50:00,8375.440185016316,0,68
2016-07-04,8371.45,8372.4,8367.3,8367.3,14:55:00,8375.060167395714,0,69
2016-07-04,8373.35,8375.6,8371.15,8371.25,15:00:00,8374.897294310407,0,70
2016-07-04,8370.75,8373.8,8370.0,8373.4,15:05:00,8374.502313899893,0,71
2016-07-04,8368.45,8371.4,8367.5,8370.65,15:10:00,8373.925903052284,0,72
2016-07-04,8370.35,8371.05,8365.75,8368.7,15:15:00,8373.58534085683,0,73
2016-07-04,8372.85,8373.75,8369.6,8370.1,15:20:00,8373.515308394273,0,74
2016-07-04,8370.4,8373.25,8368.25,8372.9,15:25:00,8373.218612356723,0,75
2016-07-05,8355.45,8380.2,8352.05,8378.6,09:15:00,8371.526363560844,1,1
2016-07-05,8356.75,8358.25,8350.35,8356.15,09:20:00,8370.119090840764,1,2
2016-07-05,8353.65,8357.3,8351.6,8357.05,09:25:00,8368.550605998787,1,3
2016-07-05,8351.0,8354.45,8347.6,8354.05,09:30:00,8366.879119713189,1,4
2016-07-05,8355.2,8358.15,8349.95,8350.9,09:35:00,8365.766822597647,1,5
2016-07-05,8356.05,8358.45,8354.9,8355.4,09:40:00,8364.84141092168,1,6
2016-07-05,8357.45,8359.6,8355.35,8355.7,09:45:00,8364.137467024377,1,7
2016-07-05,8356.25,8358.15,8355.3,8357.55,09:50:00,8363.386279688722,1,8
2016-07-05,8355.1,8356.8,8353.85,8356.8,09:55:00,8362.597110194558,1,9
2016-07-05,8355.05,8358.3,8353.9,8355.15,10:00:00,8361.878337795077,1,10
2016-07-05,8351.75,8356.65,8351.4,8355.3,10:05:00,8360.913734195547,1,11
2016-07-05,8354.1,8354.95,8350.5,8351.95,10:10:00,8360.264807129304,1,12
2016-07-05,8355.55,8357.55,8352.2,8354.35,10:15:00,8359.815777878895,1,13
2016-07-05,8353.65,8356.2,8353.2,8355.2,10:20:00,8359.228560938049,1,14
2016-07-05,8352.35,8353.5,8351.25,8353.2,10:25:00,8358.57345989633,1,15
2016-07-05,8352.1,8353.25,8350.75,8352.1,10:30:00,8357.956939906202,1,16
2016-07-05,8340.4,8352.55,8338.35,8352.5,10:35:00,8356.284850391326,1,17
2016-07-05,8343.2,8343.8,8336.1,8340.35,10:40:00,8355.038674163581,1,18
2016-07-05,8341.25,8344.3,8338.5,8343.6,10:45:00,8353.725467100383,1,19
2016-07-05,8340.4,8342.7,8339.25,8341.15,10:50:00,8352.456374995585,1,20
2016-07-05,8344.1,8344.2,8338.4,8340.7,10:55:00,8351.66052975791,1,21
2016-07-05,8342.95,8345.8,8342.25,8344.15,11:00:00,8350.830955495252,1,22
2016-07-05,8348.1,8348.4,8342.85,8342.85,11:05:00,8350.570864495703,1,23
2016-07-05,8347.85,8349.75,8347.15,8348.0,11:10:00,8350.311734543731,1,24
2016-07-05,8345.8,8348.5,8344.35,8347.7,11:15:00,8349.882045539567,1,25
2016-07-05,8347.1,8347.75,8345.3,8345.65,11:20:00,8349.617088821513,1,26
2016-07-05,8348.9,8348.9,8344.95,8347.05,11:25:00,8349.548794648035,1,27
2016-07-05,8352.1,8352.1,8347.45,8349.05,11:30:00,8349.791766586317,1,28
2016-07-05,8357.15,8357.95,8351.7,8352.15,11:35:00,8350.492550720954,1,29
2016-07-05,8355.45,8357.4,8353.15,8357.3,11:40:00,8350.96468874753,1,30
2016-07-05,8357.25,8357.5,8354.4,8355.25,11:45:00,8351.563289819194,1,31
2016-07-05,8359.75,8361.95,8356.4,8357.35,11:50:00,8352.34297650308,1,32
2016-07-05,8363.1,8363.5,8358.7,8359.7,11:55:00,8353.367454931358,1,33
2016-07-05,8354.5,8363.75,8354.5,8363.55,12:00:00,8353.475316366466,1,34
2016-07-05,8353.65,8355.5,8351.9,8354.9,12:05:00,8353.491952902994,1,35
2016-07-05,8347.4,8354.65,8346.85,8353.75,12:10:00,8352.911766912232,1,36
2016-07-05,8348.25,8349.2,8346.25,8347.25,12:15:00,8352.467789111068,1,37
2016-07-05,8343.8,8348.3,8341.4,8348.15,12:20:00,8351.642285386204,1,38
2016-07-05,8342.05,8344.55,8339.65,8343.65,12:25:00,8350.728734397042,1,39
2016-07-05,8346.15,8348.2,8342.0,8342.6,12:30:00,8350.292664454466,1,40
2016-07-05,8345.85,8347.2,8344.05,8346.1,12:35:00,8349.869553554041,1,41
2016-07-05,8338.25,8346.45,8336.05,8346.0,12:40:00,8348.762929406037,1,42
2016-07-05,8336.8,8338.6,8334.9,8337.85,12:45:00,8347.623602795938,1,43
2016-07-05,8339.15,8340.5,8336.45,8336.85,12:50:00,8346.81659300585,1,44
2016-07-05,8343.85,8343.9,8337.85,8339.2,12:55:00,8346.534060338627,1,45
2016-07-05,8345.6,8348.25,8342.5,8343.75,13:00:00,8346.445102211139,1,46
2016-07-05,8342.95,8345.7,8341.2,8345.55,13:05:00,8346.112235333889,1,47
2016-07-05,8346.8,8347.4,8342.2,8342.9,13:10:00,8346.17773673066,1,48
2016-07-05,8343.05,8348.0,8342.75,8346.9,13:15:00,8345.879857042026,1,49
2016-07-05,8339.45,8342.9,8338.45,8342.8,13:20:00,8345.267489704689,1,50
2016-07-05,8339.2,8340.65,8338.0,8339.2,13:25:00,8344.689633542337,1,51
2016-07-05,8331.0,8339.3,8330.85,8339.1,13:30:00,8343.385858919257,1,52
2016-07-05,8337.2,8337.9,8328.95,8330.7,13:35:00,8342.796729498375,1,53
2016-07-05,8334.8,8337.9,8333.65,8337.45,13:40:00,8342.035136212817,1,54
2016-07-05,8327.1,8335.45,8326.6,8334.7,13:45:00,8340.612742287787,1,55
2016-07-05,8329.75,8333.1,8324.45,8326.9,13:50:00,8339.578195403235,1,56
2016-07-05,8332.3,8335.95,8327.4,8329.65,13:55:00,8338.88503393626,1,57
2016-07-05,8324.25,8333.3,8322.3,8332.75,14:00:00,8337.491221180426,1,58
2016-07-05,8325.7,8328.3,8323.35,8324.4,14:05:00,8336.36824773467,1,59
2016-07-05,8328.15,8329.05,8319.95,8325.85,14:10:00,8335.585557474225,1,60
2016-07-05,8331.9,8335.7,8327.15,8328.0,14:15:00,8335.23455200049,1,61
2016-07-05,8329.55,8331.85,8326.25,8331.85,14:20:00,8334.69316609568,1,62
2016-07-05,8329.1,8329.9,8327.25,8329.2,14:25:00,8334.160483610376,1,63
2016-07-05,8335.0,8335.0,8328.65,8329.35,14:30:00,8334.240437552246,1,64
2016-07-05,8332.4,8336.8,8331.85,8335.1,14:35:00,8334.065157785364,1,65
2016-07-05,8327.65,8334.0,8327.55,8332.65,14:40:00,8333.454190377233,1,66
2016-07-05,8321.9,8329.35,8320.1,8328.3,14:45:00,8332.353791293686,1,67
2016-07-05,8329.4,8329.8,8321.35,8321.85,14:50:00,8332.072477837144,1,68
2016-07-05,8332.9,8334.3,8327.55,8329.35,14:55:00,8332.151289471702,1,69
2016-07-05,8337.5,8339.3,8332.6,8332.6,15:00:00,8332.660690474397,1,70
2016-07-05,8336.35,8339.4,8335.35,8337.35,15:05:00,8333.012053286358,1,71
2016-07-05,8336.05,8337.1,8332.9,8336.4,15:10:00,8333.301381544801,1,72
2016-07-05,8335.55,8337.15,8331.5,8335.65,15:15:00,8333.515535683391,1,73
2016-07-05,8336.8,8338.05,8334.2,8335.3,15:20:00,8333.828341808783,1,74
2016-07-05,8329.65,8338.5,8329.55,8336.4,15:25:00,8333.43040449366,1,75
2016-07-07,8325.45,8340.35,8325.15,8340.35,09:15:00,8332.670365970454,3,1
2016-07-07,8338.1,8338.2,8321.85,8325.15,09:20:00,8333.187473973268,3,2
2016-07-07,8332.5,8338.4,8330.85,8337.8,09:25:00,8333.122000261528,3,3
2016-07-07,8339.15,8339.15,8332.35,8332.35,09:30:00,8333.696095474716,3,4
2016-07-07,8338.8,8339.25,8336.6,8338.7,09:35:00,8334.18218161998,3,5
2016-07-07,8340.75,8341.45,8337.65,8338.9,09:40:00,8334.807688132363,3,6
2016-07-07,8334.8,8342.85,8334.55,8340.85,09:45:00,8334.806955929282,3,7
2016-07-07,8341.65,8342.85,8333.45,8334.65,09:50:00,8335.458674412206,3,8
2016-07-07,8342.9,8345.6,8340.2,8340.85,09:55:00,8336.167372087233,3,9
2016-07-07,8340.1,8344.7,8338.8,8342.85,10:00:00,8336.541908078925,3,10
2016-07-07,8336.75,8340.05,8336.15,8340.05,10:05:00,8336.561726357122,3,11
2016-07-07,8335.0,8336.55,8333.25,8336.4,10:10:00,8336.412990513587,3,12
2016-07-07,8337.4,8339.05,8334.7,8335.2,10:15:00,8336.506991417054,3,13
2016-07-07,8334.35,8338.05,8334.0,8337.25,10:20:00,8336.301563663048,3,14
2016-07-07,8327.7,8334.5,8327.6,8334.15,10:25:00,8335.48236712371,3,15
2016-07-07,8324.3,8329.2,8324.3,8327.8,10:30:00,8334.417379778595,3,16
2016-07-07,8332.45,8332.45,8326.9,8326.9,10:35:00,8334.230010275873,3,17
2016-07-07,8341.5,8341.5,8332.1,8332.3,10:40:00,8334.9223902496,3,18
2016-07-07,8336.45,8341.45,8335.5,8341.45,10:45:00,8335.067876892495,3,19
2016-07-07,8339.25,8341.15,8336.35,8336.65,10:50:00,8335.466174331306,3,20
2016-07-07,8337.1,8341.4,8336.8,8339.35,10:55:00,8335.621776775944,3,21
2016-07-07,8335.6,8337.25,8335.4,8336.85,11:00:00,8335.619702797283,3,22
2016-07-07,8329.9,8335.95,8329.9,8335.35,11:05:00,8335.074969197542,3,23
2016-07-07,8325.9,8329.75,8325.15,8329.65,11:10:00,8334.2011626073,3,24
2016-07-07,8328.15,8328.7,8323.2,8326.25,11:15:00,8333.624861406604,3,25
2016-07-07,8331.2,8331.25,8326.85,8328.0,11:20:00,8333.393922225023,3,26
2016-07-07,8331.45,8331.6,8330.2,8331.1,11:25:00,8333.208786775022,3,27
2016-07-07,8329.5,8331.9,8328.1,8331.3,11:30:00,8332.855568986924,3,28
2016-07-07,8330.15,8332.85,8327.75,8329.15,11:35:00,8332.597895750074,3,29
2016-07-07,8329.95,8331.05,8329.4,8329.95,11:40:00,8332.345715202448,3,30
2016-07-07,8326.25,8330.3,8325.95,8329.55,11:45:00,8331.765170897452,3,31
2016-07-07,8327.6,8328.35,8326.3,8326.35,11:50:00,8331.368487954836,3,32
2016-07-07,8330.7,8330.75,8326.8,8327.75,11:55:00,8331.304822435328,3,33
2016-07-07,8329.05,8331.7,8328.3,8330.85,12:00:00,8331.090077441488,3,34
2016-07-07,8328.2,8330.05,8327.7,8328.8,12:05:00,8330.814831970869,3,35
2016-07-07,8321.8,8329.15,8319.9,8328.4,12:10:00,8329.956276545072,3,36
2016-07-07,8325.05,8326.4,8321.5,8321.5,12:15:00,8329.489012112208,3,37
2016-07-07,8318.5,8325.8,8317.7,8325.25,12:20:00,8328.442439530092,3,38
2016-07-07,8325.3,8325.3,8318.6,8318.8,12:25:00,8328.143159574845,3,39
2016-07-07,8332.15,8332.15,8324.75,8325.1,12:30:00,8328.52476342486,3,40
2016-07-07,8338.6,8340.8,8331.8,8331.85,12:35:00,8329.48430976535,3,41
2016-07-07,8338.6,8341.05,8336.8,8338.7,12:40:00,8330.35247074008,3,42
2016-07-07,8331.15,8339.35,8330.7,8338.3,12:45:00,8330.42842590769,3,43
2016-07-07,8332.4,8332.85,8329.6,8330.85,12:50:00,8330.616194868862,3,44
2016-07-07,8331.15,8332.95,8329.95,8332.5,12:55:00,8330.66703345278,3,45
2016-07-07,8332.15,8332.4,8328.15,8330.9,13:00:00,8330.80826836204,3,46
2016-07-07,8331.9,8332.1,8330.35,8331.95,13:05:00,8330.91224280375,3,47
2016-07-07,8331.75,8332.5,8331.15,8331.7,13:10:00,8330.992029203393,3,48
2016-07-07,8331.9,8332.0,8329.7,8331.45,13:15:00,8331.078502612594,3,49
2016-07-07,8335.9,8338.3,8331.75,8331.85,13:20:00,8331.537692839966,3,50
2016-07-07,8336.25,8337.1,8333.55,8336.45,13:25:00,8331.986483998064,3,51
2016-07-07,8347.1,8348.45,8336.65,8336.8,13:30:00,8333.42586647444,3,52
2016-07-07,8338.75,8347.3,8337.7,8346.8,13:35:00,8333.932926810206,3,53
2016-07-07,8340.7,8341.9,8337.0,8338.45,13:40:00,8334.57740997114,3,54
2016-07-07,8334.7,8341.4,8334.2,8340.55,13:45:00,8334.589085211983,3,55
2016-07-07,8336.7,8337.35,8332.95,8334.35,13:50:00,8334.790124715604,3,56
2016-07-07,8341.85,8342.9,8336.6,8336.85,13:55:00,8335.462493790308,3,57
2016-07-07,8346.5,8349.45,8341.2,8341.35,14:00:00,8336.513684857899,3,58
2016-07-07,8357.75,8360.4,8345.6,8346.25,14:05:00,8338.536191061909,3,59
2016-07-07,8358.5,8361.95,8357.35,8357.85,14:10:00,8340.43750619887,3,60
2016-07-07,8358.4,8360.0,8355.6,8357.85,14:15:00,8342.148219894216,3,61
2016-07-07,8356.65,8360.45,8352.3,8358.7,14:20:00,8343.529341809051,3,62
2016-07-07,8355.6,8356.95,8352.75,8356.6,14:25:00,8344.678928303427,3,63
2016-07-07,8350.75,8355.55,8349.4,8355.55,14:30:00,8345.257125607863,3,64
2016-07-07,8347.4,8351.45,8346.85,8350.9,14:35:00,8345.461208883304,3,65
2016-07-07,8346.95,8349.6,8346.15,8347.35,14:40:00,8345.602998513466,3,66
2016-07-07,8345.05,8347.15,8342.4,8346.9,14:45:00,8345.550331988376,3,67
2016-07-07,8341.85,8345.65,8338.2,8344.75,14:50:00,8345.197919418055,3,68
2016-07-07,8335.3,8342.95,8335.0,8342.95,14:55:00,8344.25526042586,3,69
2016-07-07,8332.0,8336.0,8325.85,8335.4,15:00:00,8343.088092766255,3,70
2016-07-07,8329.2,8332.35,8327.8,8331.75,15:05:00,8341.765417264707,3,71
2016-07-07,8325.25,8329.25,8323.0,8329.25,15:10:00,8340.192520382354,3,72
2016-07-07,8331.65,8333.85,8325.05,8325.15,15:15:00,8339.378947012605,3,73
2016-07-07,8341.35,8341.35,8330.3,8331.75,15:20:00,8339.566666344737,3,74
2016-07-07,8342.6,8344.4,8340.2,8340.8,15:25:00,8339.855555264287,3,75
2016-07-08,8334.9,8349.55,8330.55,8349.55,09:15:00,8339.383597620068,4,1
2016-07-08,8332.55,8335.15,8329.0,8334.45,09:20:00,8338.732778799109,4,2
2016-07-08,8318.2,8332.6,8314.1,8332.15,09:25:00,8336.777276056337,4,3
2016-07-08,8298.8,8318.35,8297.5,8318.35,09:30:00,8333.1603926224,4,4
2016-07-08,8300.85,8301.7,8287.55,8298.9,09:35:00,8330.083212372647,4,5
2016-07-08,8298.15,8302.95,8297.85,8301.3,09:40:00,8327.041954051441,4,6
2016-07-08,8306.8,8306.95,8297.1,8298.2,09:45:00,8325.114148903685,4,7
2016-07-08,8300.15,8307.45,8300.1,8306.85,09:50:00,8322.736610912858,4,8
2016-07-08,8302.6,8304.2,8297.1,8300.2,09:55:00,8320.818838444966,4,9
2016-07-08,8305.4,8306.3,8301.95,8302.8,10:00:00,8319.350377640683,4,10
2016-07-08,8312.8,8312.8,8305.6,8305.65,10:05:00,8318.726532151093,4,11
2016-07-08,8311.35,8313.5,8311.05,8312.6,10:10:00,8318.02400527956,4,12
2016-07-08,8306.8,8311.45,8304.1,8311.45,10:15:00,8316.955052395791,4,13
2016-07-08,8306.25,8308.85,8305.35,8307.15,10:20:00,8315.935523596192,4,14
2016-07-08,8307.8,8309.95,8305.85,8306.5,10:25:00,8315.160711825127,4,15
2016-07-08,8316.65,8317.4,8307.15,8307.65,10:30:00,8315.302548794161,4,16
2016-07-08,8317.35,8317.8,8315.35,8316.9,10:35:00,8315.4975441471,4,17
2016-07-08,8311.15,8317.55,8311.15,8317.4,10:40:00,8315.083492323567,4,18
2016-07-08,8307.75,8311.55,8307.55,8311.35,10:45:00,8314.385064483227,4,19
2016-07-08,8308.5,8310.15,8306.75,8307.7,10:50:00,8313.824582151492,4,20
2016-07-08,8305.65,8308.45,8304.65,8308.3,10:55:00,8313.046050518016,4,21
2016-07-08,8308.4,8309.6,8303.15,8305.5,11:00:00,8312.603569516301,4,22
2016-07-08,8307.0,8310.05,8305.55,8308.15,11:05:00,8312.069896229035,4,23
2016-07-08,8307.2,8307.95,8304.4,8306.9,11:10:00,8311.606096588175,4,24
2016-07-08,8306.75,8309.55,8305.95,8307.45,11:15:00,8311.143611198824,4,25
2016-07-08,8310.65,8311.3,8306.55,8307.35,11:20:00,8311.09660060846,4,26
2016-07-08,8311.2,8314.65,8309.95,8310.55,11:25:00,8311.10644816956,4,27
2016-07-08,8311.85,8312.7,8310.6,8311.25,11:30:00,8311.1772626296,4,28
2016-07-08,8311.35,8312.6,8310.5,8311.5,11:35:00,8311.193713807734,4,29
2016-07-08,8306.75,8312.45,8306.55,8311.15,11:40:00,8310.770502968902,4,30
2016-07-08,8306.65,8308.5,8305.2,8306.4,11:45:00,8310.37807411472,4,31
2016-07-08,8305.55,8308.15,8305.0,8306.7,11:50:00,8309.918257532365,4,32
2016-07-08,8309.45,8310.1,8305.5,8305.6,11:55:00,8309.873661576901,4,33
2016-07-08,8309.05,8310.0,8307.95,8309.5,12:00:00,8309.795217617197,4,34
2016-07-08,8310.1,8310.2,8308.6,8309.1,12:05:00,8309.824244510797,4,35
2016-07-08,8309.2,8312.1,8308.9,8309.9,12:10:00,8309.764792652626,4,36
2016-07-08,8306.05,8309.85,8304.75,8308.95,12:15:00,8309.411002876186,4,37
2016-07-08,8306.1,8307.0,8304.55,8305.95,12:20:00,8309.09566926893,4,38
2016-07-08,8307.0,8307.4,8305.5,8305.75,12:25:00,8308.89608171951,4,39
2016-07-08,8316.35,8316.35,8302.7,8307.1,12:30:00,8309.605978698604,4,40
2016-07-08,8319.75,8322.75,8316.45,8316.45,12:35:00,8310.572075965403,4,41
2016-07-08,8317.6,8320.1,8315.65,8319.85,12:40:00,8311.241402063937,4,42
2016-07-08,8318.6,8321.05,8316.65,8317.5,12:45:00,8311.94222091499,4,43
2016-07-08,8324.6,8324.75,8318.05,8318.9,12:50:00,8313.147723684991,4,44
2016-07-08,8315.7,8325.65,8315.4,8324.65,12:55:00,8313.390797619753,4,45
2016-07-08,8315.0,8316.6,8311.1,8315.8,13:00:00,8313.544054989301,4,46
2016-07-08,8319.05,8320.2,8314.9,8314.95,13:05:00,8314.068430704605,4,47
2016-07-08,8319.55,8320.05,8318.0,8319.1,13:10:00,8314.590484923214,4,48
2016-07-08,8320.6,8322.55,8319.5,8319.6,13:15:00,8315.162819692432,4,49
2016-07-08,8324.1,8324.7,8320.3,8320.65,13:20:00,8316.013979721725,4,50
2016-07-08,8322.6,8325.65,8322.05,8324.0,13:25:00,8316.641219748228,4,51
2016-07-08,8319.45,8322.75,8318.25,8322.75,13:30:00,8316.908722629349,4,52
2016-07-08,8320.65,8321.1,8319.45,8319.65,13:35:00,8317.265034759886,4,53
2016-07-08,8329.15,8333.1,8320.65,8320.7,13:40:00,8318.396936211326,4,54
2016-07-08,8329.95,8331.1,8323.75,8329.5,13:45:00,8319.497228000724,4,55
2016-07-08,8326.7,8331.45,8326.6,8329.75,13:50:00,8320.18320628637,4,56
2016-07-08,8323.7,8327.35,8323.25,8327.0,13:55:00,8320.518139021002,4,57
2016-07-08,8320.4,8324.25,8320.0,8323.75,14:00:00,8320.506887685668,4,58
2016-07-08,8318.55,8320.55,8312.95,8320.2,14:05:00,8320.32051742989,4,59
2016-07-08,8315.75,8321.3,8315.4,8318.8,14:10:00,8319.885230055614,4,60
2016-07-08,8314.55,8316.65,8313.8,8315.7,14:15:00,8319.37711290746,4,61
2016-07-08,8321.3,8321.65,8314.25,8314.45,14:20:00,8319.560245011511,4,62
2016-07-08,8323.65,8325.4,8320.9,8321.0,14:25:00,8319.949745486605,4,63
2016-07-08,8317.45,8325.1,8317.4,8323.45,14:30:00,8319.71167448788,4,64
2016-07-08,8310.95,8317.75,8306.9,8317.75,14:35:00,8318.87722929856,4,65
2016-07-08,8314.1,8314.9,8310.65,8311.1,14:40:00,8318.42225507965,4,66
2016-07-08,8316.0,8317.3,8312.85,8313.7,14:45:00,8318.191564119683,4,67
2016-07-08,8320.5,8321.85,8314.6,8316.85,14:50:00,8318.411415155902,4,68
2016-07-08,8322.75,8323.95,8320.0,8320.45,14:55:00,8318.824613712484,4,69
2016-07-08,8326.1,8327.8,8322.15,8323.85,15:00:00,8319.517507644628,4,70
2016-07-08,8323.3,8326.15,8322.45,8325.65,15:05:00,8319.877745011807,4,71
2016-07-08,8322.95,8324.05,8320.35,8322.9,15:10:00,8320.170340724968,4,72
2016-07-08,8323.4,8324.25,8321.1,8322.85,15:15:00,8320.47792732259,4,73
2016-07-08,8321.75,8324.05,8320.7,8323.55,15:20:00,8320.599077101391,4,74
2016-07-08,8325.55,8329.95,8321.75,8322.3,15:25:00,8321.070593567925,4,75
2016-07-11,8431.6,8432.25,8407.05,8411.25,09:15:00,8331.597203704314,0,1
2016-07-11,8441.5,8442.95,8431.8,8431.8,09:20:00,8342.064136684856,0,2
2016-07-11,8435.45,8441.4,8434.4,8441.3,09:25:00,8350.958028429155,0,3
2016-07-11,8448.65,8449.15,8435.75,8435.85,09:30:00,8360.262025721617,0,4
2016-07-11,8452.55,8455.85,8448.2,8448.75,09:35:00,8369.051356605272,0,5
2016-07-11,8448.15,8453.05,8445.6,8453.05,09:40:00,8376.584560738103,0,6
2016-07-11,8448.5,8449.1,8445.95,8448.3,09:45:00,8383.433650191617,0,7
2016-07-11,8452.95,8452.95,8448.05,8448.7,09:50:00,8390.054254935272,0,8
2016-07-11,8455.7,8456.4,8452.25,8453.25,09:55:00,8396.306230655722,0,9
2016-07-11,8458.75,8460.6,8455.4,8455.5,10:00:00,8402.253256307558,0,10
2016-07-11,8456.3,8460.75,8456.3,8458.65,10:05:00,8407.400565230648,0,11
2016-07-11,8455.7,8456.4,8453.4,8456.2,10:10:00,8412.000511399157,0,12
2016-07-11,8459.75,8462.15,8454.9,8455.3,10:15:00,8416.548081742094,0,13
2016-07-11,8457.7,8461.0,8455.95,8460.2,10:20:00,8420.467312052371,0,14
2016-07-11,8456.05,8458.75,8455.6,8457.4,10:25:00,8423.856139475954,0,15
2016-07-11,8456.9,8459.0,8455.25,8456.1,10:30:00,8427.003173811578,0,16
2016-07-11,8453.4,8457.8,8453.3,8457.0,10:35:00,8429.517157258095,0,17
2016-07-11,8455.0,8455.75,8452.7,8453.3,10:40:00,8431.944094662085,0,18
2016-07-11,8451.8,8455.55,8451.25,8455.2,10:45:00,8433.835133265697,0,19
2016-07-11,8448.05,8452.15,8447.4,8451.2,10:50:00,8435.188930097534,0,20
2016-07-11,8451.35,8451.9,8448.25,8448.35,10:55:00,8436.728079612056,0,21
2016-07-11,8453.8,8455.95,8450.95,8451.4,11:00:00,8438.35397679186,0,22
2016-07-11,8454.45,8455.8,8452.65,8453.85,11:05:00,8439.886931383111,0,23
2016-07-11,8451.2,8455.05,8449.55,8453.95,11:10:00,8440.964366489481,0,24
2016-07-11,8448.6,8451.85,8448.2,8451.25,11:15:00,8441.69156968096,0,25
2016-07-11,8448.45,8449.65,8446.75,8448.9,11:20:00,8442.335229711343,0,26
2016-07-11,8449.55,8450.4,8448.15,8448.4,11:25:00,8443.022350691215,0,27
2016-07-11,8451.5,8452.0,8449.35,8449.7,11:30:00,8443.82974586348,0,28
2016-07-11,8448.85,8452.3,8448.5,8451.8,11:35:00,8444.307865305054,0,29
2016-07-11,8452.2,8452.5,8447.45,8448.45,11:40:00,8445.059497180764,0,30
2016-07-11,8455.35,8456.5,8451.7,8452.3,11:45:00,8446.03954506831,0,31
2016-07-11,8453.6,8455.6,8452.65,8455.45,11:50:00,8446.759588395138,0,32
2016-07-11,8456.2,8457.0,8451.2,8453.15,11:55:00,8447.658675214649,0,33
2016-07-11,8454.3,8458.8,8452.3,8456.55,12:00:00,8448.291182337063,0,34
2016-07-11,8453.85,8455.15,8450.0,8454.2,12:05:00,8448.820593543056,0,35
2016-07-11,8458.3,8458.7,8453.75,8454.0,12:10:00,8449.723394158003,0,36
2016-07-11,8463.45,8464.25,8458.1,8458.1,12:15:00,8451.030689952478,0,37
2016-07-11,8461.35,8464.9,8461.15,8463.35,12:20:00,8452.013481385577,0,38
2016-07-11,8461.75,8462.65,8459.8,8461.2,12:25:00,8452.940768872664,0,39
2016-07-11,8462.0,8463.6,8460.7,8461.9,12:30:00,8453.803552789554,0,40
2016-07-11,8461.5,8464.4,8461.3,8462.15,12:35:00,8454.536547761976,0,41
2016-07-11,8464.0,8465.1,8460.75,8461.55,12:40:00,8455.437828927503,0,42
2016-07-11,8466.3,8467.15,8462.75,8464.05,12:45:00,8456.472321410598,0,43
2016-07-11,8463.3,8467.7,8463.05,8466.5,12:50:00,8457.12257651435,0,44
2016-07-11,8462.45,8465.65,8462.15,8463.05,12:55:00,8457.629950179651,0,45
2016-07-11,8459.65,8462.95,8459.25,8462.6,13:00:00,8457.822335876826,0,46
2016-07-11,8455.5,8459.8,8454.35,8459.7,13:05:00,8457.601161031414,0,47
2016-07-11,8456.7,8458.65,8455.55,8455.85,13:10:00,8457.51533617128,0,48
2016-07-11,8455.6,8456.8,8455.0,8456.5,13:15:00,8457.332923202586,0,49
2016-07-11,8452.55,8456.9,8452.35,8455.7,13:20:00,8456.877406707103,0,50
2016-07-11,8450.4,8453.35,8447.7,8452.45,13:25:00,8456.260510830236,0,51
2016-07-11,8452.05,8453.15,8449.9,8451.1,13:30:00,8455.859509798785,0,52
2016-07-11,8454.85,8454.85,8451.45,8452.0,13:35:00,8455.763366008425,0,53
2016-07-11,8455.55,8457.15,8453.35,8455.15,13:40:00,8455.743045436193,0,54
2016-07-11,8458.6,8461.05,8455.4,8455.4,13:45:00,8456.015136347032,0,55
2016-07-11,8456.35,8459.15,8455.95,8458.65,13:50:00,8456.047028123505,0,56
2016-07-11,8458.1,8459.5,8454.7,8456.4,13:55:00,8456.242549254599,0,57
2016-07-11,8456.35,8459.3,8454.4,8458.2,14:00:00,8456.252782658923,0,58
2016-07-11,8463.65,8463.65,8456.4,8456.4,14:05:00,8456.95727954855,0,59
2016-07-11,8461.6,8464.05,8457.75,8462.7,14:10:00,8457.399443401067,0,60
2016-07-11,8457.15,8462.5,8456.85,8461.7,14:15:00,8457.37568688668,0,61
2016-07-11,8454.6,8459.2,8454.55,8457.2,14:20:00,8457.111335754616,0,62
2016-07-11,8446.95,8457.3,8446.95,8454.75,14:25:00,8456.143589492272,0,63
2016-07-11,8448.6,8448.8,8443.5,8447.1,14:30:00,8455.42515239777,0,64
2016-07-11,8448.9,8450.35,8447.9,8448.95,14:35:00,8454.803709312268,0,65
2016-07-11,8446.7,8449.45,8446.15,8448.8,14:40:00,8454.031927473005,0,66
2016-07-11,8449.5,8451.2,8446.5,8446.5,14:45:00,8453.600315332718,0,67
2016-07-11,8450.35,8454.2,8448.4,8449.65,14:50:00,8453.290761491508,0,68
2016-07-11,8456.05,8456.05,8449.4,8450.25,14:55:00,8453.553546111363,0,69
2016-07-11,8460.95,8461.9,8455.3,8455.95,15:00:00,8454.257970291234,0,70
2016-07-11,8462.15,8463.45,8460.15,8462.1,15:05:00,8455.009592168259,0,71
2016-07-11,8468.75,8469.3,8461.6,8462.3,15:10:00,8456.318202437948,0,72
2016-07-11,8473.75,8475.2,8468.05,8468.8,15:15:00,8457.978373634334,0,73
2016-07-11,8473.65,8475.25,8471.85,8474.0,15:20:00,8459.470909478683,0,74
2016-07-11,8469.95,8474.8,8467.9,8473.35,15:25:00,8460.468918099761,0,75
2016-07-12,8492.9,8503.45,8492.25,8495.5,09:15:00,8463.55759256645,1,1
2016-07-12,8494.45,8494.45,8483.8,8493.2,09:20:00,8466.49972660774,1,2
2016-07-12,8492.85,8496.15,8491.5,8494.8,09:25:00,8469.009276454623,1,3
2016-07-12,8487.05,8493.8,8487.05,8493.0,09:30:00,8470.7274406018,1,4
2016-07-12,8489.95,8490.5,8486.85,8487.0,09:35:00,8472.558160544486,1,5
2016-07-12,8483.95,8491.0,8483.95,8490.3,09:40:00,8473.643097635488,1,6
2016-07-12,8482.6,8485.75,8480.65,8483.85,09:45:00,8474.496135955917,1,7
2016-07-12,8485.35,8487.0,8482.95,8483.2,09:50:00,8475.529837293449,1,8
2016-07-12,8482.3,8486.15,8481.45,8485.5,09:55:00,8476.174614694073,1,9
2016-07-12,8481.95,8482.7,8479.2,8482.25,10:00:00,8476.724651389875,1,10
2016-07-12,8487.4,8487.85,8481.8,8482.05,10:05:00,8477.741351257506,1,11
2016-07-12,8488.2,8490.1,8487.0,8487.2,10:10:00,8478.737413042505,1,12
2016-07-12,8488.85,8489.15,8485.15,8488.05,10:15:00,8479.700516562267,1,13
2016-07-12,8488.4,8489.3,8487.2,8488.55,10:20:00,8480.529038794431,1,14
2016-07-12,8489.2,8490.55,8487.55,8488.35,10:25:00,8481.354844623533,1,15
2016-07-12,8492.85,8494.35,8488.95,8489.25,10:30:00,8482.449621326054,1,16
2016-07-12,8488.7,8492.75,8487.5,8492.45,10:35:00,8483.044895485478,1,17
2016-07-12,8486.9,8489.2,8486.65,8488.65,10:40:00,8483.412048296384,1,18
2016-07-12,8489.1,8489.1,8485.3,8487.1,10:45:00,8483.953757982443,1,19
2016-07-12,8487.6,8490.0,8487.35,8489.25,10:50:00,8484.301019126971,1,20
2016-07-12,8486.8,8487.95,8485.15,8487.7,10:55:00,8484.539017305355,1,21
2016-07-12,8485.65,8488.9,8484.85,8487.5,11:00:00,8484.644825181036,1,22
2016-07-12,8486.65,8488.15,8485.3,8486.2,11:05:00,8484.835794211413,1,23
2016-07-12,8487.7,8488.9,8485.8,8487.3,11:10:00,8485.108575715087,1,24
2016-07-12,8490.6,8491.15,8487.0,8487.6,11:15:00,8485.631568504126,1,25
2016-07-12,8490.45,8492.7,8488.6,8490.4,11:20:00,8486.090466741829,1,26
2016-07-12,8491.4,8491.5,8488.85,8491.2,11:25:00,8486.596136575941,1,27
2016-07-12,8491.95,8492.95,8490.2,8491.3,11:30:00,8487.106028330614,1,28
2016-07-12,8493.6,8494.55,8491.75,8492.05,11:35:00,8487.724501822937,1,29
2016-07-12,8494.15,8494.45,8492.4,8493.85,11:40:00,8488.336454030275,1,30
2016-07-12,8493.75,8495.3,8493.2,8494.3,11:45:00,8488.852029836915,1,31
2016-07-12,8491.6,8494.4,8490.95,8494.25,11:50:00,8489.113741281019,1,32
2016-07-12,8492.9,8493.45,8490.7,8491.8,11:55:00,8489.474337349493,1,33
2016-07-12,8496.55,8499.0,8492.6,8492.85,12:00:00,8490.148209982875,1,34
2016-07-12,8496.2,8497.35,8494.8,8496.85,12:05:00,8490.724570936887,1,35
2016-07-12,8497.25,8497.85,8495.5,8496.9,12:10:00,8491.346040371469,1,36
2016-07-12,8496.4,8497.4,8495.75,8496.9,12:15:00,8491.8273698599,1,37
2016-07-12,8500.85,8500.9,8495.85,8496.2,12:20:00,8492.68666796848,1,38
2016-07-12,8495.25,8500.9,8495.25,8500.8,12:25:00,8492.930794828626,1,39
2016-07-12,8498.2,8498.2,8493.5,8495.4,12:30:00,8493.432623892566,1,40
2016-07-12,8503.1,8503.65,8497.85,8498.4,12:35:00,8494.353326378989,1,41
2016-07-12,8502.95,8505.2,8502.1,8502.9,12:40:00,8495.172057200038,1,42
2016-07-12,8498.85,8503.15,8498.6,8503.05,12:45:00,8495.5223374667,1,43
2016-07-12,8501.3,8502.0,8498.35,8498.7,12:50:00,8496.0725910413,1,44
2016-07-12,8501.65,8504.8,8501.2,8501.7,12:55:00,8496.603772846891,1,45
2016-07-12,8500.5,8502.4,8499.6,8501.45,13:00:00,8496.974842099567,1,46
2016-07-12,8496.35,8500.9,8495.9,8500.15,13:05:00,8496.91533332818,1,47
2016-07-12,8493.9,8496.45,8493.0,8496.1,13:10:00,8496.628158725496,1,48
2016-07-12,8486.1,8494.3,8486.1,8493.95,13:15:00,8495.625476942116,1,49
2016-07-12,8490.0,8490.3,8484.7,8486.4,13:20:00,8495.089717233343,1,50
2016-07-12,8483.45,8490.85,8480.4,8490.25,13:25:00,8493.98117273493,1,51
2016-07-12,8488.35,8488.4,8483.7,8483.7,13:30:00,8493.444870569698,1,52
2016-07-12,8491.35,8493.85,8488.15,8488.15,13:35:00,8493.24535908687,1,53
2016-07-12,8494.05,8494.45,8490.2,8491.1,13:40:00,8493.321991554787,1,54
2016-07-12,8494.95,8497.3,8493.8,8494.25,13:45:00,8493.477039978141,1,55
2016-07-12,8495.2,8495.4,8492.5,8494.75,13:50:00,8493.641131408795,1,56
2016-07-12,8497.55,8498.5,8494.3,8494.55,13:55:00,8494.013404607957,1,57
2016-07-12,8498.0,8500.65,8496.75,8497.5,14:00:00,8494.39308035958,1,58
2016-07-12,8498.45,8499.15,8495.25,8497.9,14:05:00,8494.779453658666,1,59
2016-07-12,8502.7,8502.85,8497.5,8498.3,14:10:00,8495.53379140546,1,60
2016-07-12,8501.6,8505.55,8500.6,8502.55,14:15:00,8496.11152555732,1,61
2016-07-12,8495.9,8501.3,8495.6,8501.05,14:20:00,8496.091380266147,1,62
2016-07-12,8501.85,8501.9,8494.85,8497.0,14:25:00,8496.6398202408,1,63
2016-07-12,8503.55,8504.5,8501.5,8502.0,14:30:00,8497.297932598818,1,64
2016-07-12,8503.85,8505.6,8503.1,8503.25,14:35:00,8497.921939017979,1,65
2016-07-12,8507.85,8509.25,8502.85,8503.75,14:40:00,8498.867468635315,1,66
2016-07-12,8507.25,8508.4,8504.25,8507.65,14:45:00,8499.66580495576,1,67
2016-07-12,8510.0,8510.25,8506.65,8507.3,14:50:00,8500.650014007593,1,68
2016-07-12,8511.75,8512.55,8509.95,8509.95,14:55:00,8501.70715553068,1,69
2016-07-12,8519.0,8520.25,8511.0,8511.35,15:00:00,8503.354093099186,1,70
2016-07-12,8523.1,8525.2,8518.6,8518.75,15:05:00,8505.234655661168,1,71
2016-07-12,8523.8,8524.45,8519.55,8522.75,15:10:00,8507.002783693439,1,72
2016-07-12,8524.25,8526.6,8523.05,8523.85,15:15:00,8508.645375722635,1,73
2016-07-12,8517.6,8525.6,8517.6,8524.45,15:20:00,8509.498197082385,1,74
2016-07-12,8516.15,8524.05,8515.9,8517.45,15:25:00,8510.131702122157,1,75
2016-07-13,8519.0,8550.25,8514.95,8537.65,09:15:00,8510.976301920047,2,1
2016-07-13,8522.65,8526.15,8518.5,8518.75,09:20:00,8512.088082689566,2,2
2016-07-13,8530.05,8531.1,8522.1,8522.55,09:25:00,8513.798741481036,2,3
2016-07-13,8526.4,8531.4,8523.3,8529.8,09:30:00,8514.998861339986,2,4
2016-07-13,8526.25,8528.3,8525.35,8526.15,09:35:00,8516.070398355225,2,5
2016-07-13,8530.3,8532.2,8525.3,8525.55,09:40:00,8517.42559851187,2,6
2016-07-13,8534.8,8534.85,8530.25,8530.6,09:45:00,8519.080303415501,2,7
2016-07-13,8535.15,8537.7,8533.6,8534.6,09:50:00,8520.610750709262,2,8
2016-07-13,8528.35,8537.2,8528.1,8535.2,09:55:00,8521.347822070285,2,9
2016-07-13,8516.5,8528.2,8516.5,8528.2,10:00:00,8520.886124730258,2,10
2016-07-13,8526.25,8527.85,8512.75,8516.75,10:05:00,8521.396969994043,2,11
2016-07-13,8521.95,8527.75,8519.8,8526.15,10:10:00,8521.44963951842,2,12
2016-07-13,8526.3,8528.35,8521.75,8522.1,10:15:00,8521.911578611904,2,13
2016-07-13,8528.45,8530.2,8525.5,8526.15,10:20:00,8522.53428541077,2,14
2016-07-13,8524.55,8528.9,8523.7,8528.9,10:25:00,8522.726258228791,2,15
2016-07-13,8526.2,8526.2,8520.9,8524.45,10:30:00,8523.057090778431,2,16
2016-07-13,8523.15,8527.15,8521.85,8526.1,10:35:00,8523.065939275724,2,17
2016-07-13,8522.35,8524.85,8520.9,8523.25,10:40:00,8522.997754582799,2,18
2016-07-13,8512.5,8524.25,8512.25,8522.8,10:45:00,8521.997968432057,2,19
2016-07-13,8508.5,8517.35,8508.4,8512.1,10:50:00,8520.712447629005,2,20
2016-07-13,8509.3,8510.85,8504.95,8508.25,10:55:00,8519.625547854814,2,21
2016-07-13,8501.4,8509.45,8501.25,8509.15,11:00:00,8517.88978139245,2,22
2016-07-13,8501.7,8506.35,8500.45,8501.85,11:05:00,8516.347897450312,2,23
2016-07-13,8513.75,8513.75,8501.2,8501.5,11:10:00,8516.100478645521,2,24
2016-07-13,8509.6,8515.15,8508.1,8513.5,11:15:00,8515.481385441186,2,25
2016-07-13,8500.65,8509.85,8499.9,8509.65,11:20:00,8514.068872542026,2,26
2016-07-13,8501.5,8502.05,8493.55,8500.45,11:25:00,8512.871837061834,2,27
2016-07-13,8502.2,8505.35,8500.3,8501.35,11:30:00,8511.855471627374,2,28
2016-07-13,8503.85,8504.3,8499.05,8502.25,11:35:00,8511.0930457581,2,29
2016-07-13,8507.2,8507.6,8503.5,8504.1,11:40:00,8510.722279495423,2,30
2016-07-13,8507.35,8509.35,8506.75,8507.1,11:45:00,8510.40111001967,2,31
2016-07-13,8506.75,8507.2,8504.1,8507.2,11:50:00,8510.053385255891,2,32
2016-07-13,8508.85,8508.9,8506.85,8506.9,11:55:00,8509.938777136282,2,33
2016-07-13,8507.55,8509.85,8506.65,8509.0,12:00:00,8509.711274551873,2,34
2016-07-13,8513.6,8514.0,8504.75,8507.75,12:05:00,8510.081629356457,2,35
2016-07-13,8515.55,8516.05,8510.8,8513.75,12:10:00,8510.602426560603,2,36
2016-07-13,8509.8,8515.4,8508.7,8515.35,12:15:00,8510.526004983403,2,37
2016-07-13,8501.25,8510.25,8499.95,8509.75,12:20:00,8509.642575937365,2,38
2016-07-13,8501.8,8501.9,8498.05,8500.15,12:25:00,8508.89566394333,2,39
2016-07-13,8503.7,8507.75,8501.05,8501.65,12:30:00,8508.400838805872,2,40
2016-07-13,8505.7,8506.15,8498.95,8503.1,12:35:00,8508.143616062456,2,41
2016-07-13,8501.7,8506.45,8501.35,8505.6,12:40:00,8507.529938342223,2,42
2016-07-13,8503.4,8504.1,8499.0,8501.75,12:45:00,8507.136610881058,2,43
2016-07-13,8505.6,8507.2,8502.2,8502.95,12:50:00,8506.990266987623,2,44
2016-07-13,8506.35,8506.75,8503.2,8505.7,12:55:00,8506.929289179277,2,45
2016-07-13,8507.2,8508.95,8504.85,8506.5,13:00:00,8506.955071162203,2,46
2016-07-13,8503.75,8507.25,8501.9,8507.25,13:05:00,8506.649826289613,2,47
2016-07-13,8504.7,8507.1,8500.95,8504.0,13:10:00,8506.464128547745,2,48
2016-07-13,8504.7,8505.55,8502.8,8504.75,13:15:00,8506.296116305102,2,49
2016-07-13,8516.9,8518.25,8504.05,8505.3,13:20:00,8507.30600999033,2,50
2016-07-13,8516.25,8518.6,8514.05,8517.3,13:25:00,8508.15781856268,2,51
2016-07-13,8512.1,8517.15,8510.45,8516.35,13:30:00,8508.533264413854,2,52
2016-07-13,8513.7,8515.25,8510.5,8511.8,13:35:00,8509.025334469678,2,53
2016-07-13,8514.05,8516.55,8513.25,8513.85,13:40:00,8509.503874043994,2,54
2016-07-13,8515.6,8517.15,8513.0,8514.5,13:45:00,8510.084457468376,2,55
2016-07-13,8518.45,8519.35,8514.95,8515.7,13:50:00,8510.881175804721,2,56
2016-07-13,8514.15,8519.75,8512.3,8518.35,13:55:00,8511.192492394748,2,57
2016-07-13,8518.35,8518.35,8513.4,8514.5,14:00:00,8511.874159785724,2,58
2016-07-13,8519.5,8521.1,8517.2,8517.95,14:05:00,8512.600430282322,2,59
2016-07-13,8518.7,8521.15,8517.6,8519.6,14:10:00,8513.181341684005,2,60
2016-07-13,8517.35,8518.95,8515.9,8518.95,14:15:00,8513.578356761718,2,61
2016-07-13,8524.8,8525.6,8517.1,8517.55,14:20:00,8514.647084689173,2,62
2016-07-13,8520.75,8526.8,8520.6,8524.75,14:25:00,8515.228314718777,2,63
2016-07-13,8513.75,8521.8,8511.75,8521.75,14:30:00,8515.087522840799,2,64
2016-07-13,8514.25,8518.75,8513.85,8513.85,14:35:00,8515.007758760723,2,65
2016-07-13,8506.95,8515.05,8501.1,8514.35,14:40:00,8514.240353164463,2,66
2016-07-13,8510.9,8511.2,8504.15,8507.7,14:45:00,8513.922224291657,2,67
2016-07-13,8513.7,8515.6,8510.0,8511.95,14:50:00,8513.901060073404,2,68
2016-07-13,8513.5,8514.7,8509.8,8514.7,14:55:00,8513.862863875936,2,69
2016-07-13,8523.3,8524.25,8513.85,8513.85,15:00:00,8514.761638744894,2,70
2016-07-13,8525.4,8526.1,8521.95,8523.55,15:05:00,8515.774816007284,2,71
2016-07-13,8519.4,8526.5,8518.7,8525.05,15:10:00,8516.120071625637,2,72
2016-07-13,8520.1,8520.6,8516.35,8519.2,15:15:00,8516.499112423196,2,73
2016-07-13,8515.35,8521.9,8515.05,8519.9,15:20:00,8516.389673144797,2,74
2016-07-13,8504.75,8515.8,8504.75,8515.5,15:25:00,8515.281132845292,2,75
2016-07-14,8513.0,8517.75,8500.7,8512.95,09:15:00,8515.063882098122,3,1
2016-07-14,8512.25,8515.1,8507.05,8512.95,09:20:00,8514.795893326873,3,2
2016-07-14,8517.55,8519.95,8511.8,8511.9,09:25:00,8515.058189200503,3,3
2016-07-14,8508.45,8520.1,8506.95,8517.45,09:30:00,8514.428837848074,3,4
2016-07-14,8512.15,8513.8,8508.3,8508.5,09:35:00,8514.211805672066,3,5
2016-07-14,8515.45,8516.15,8512.05,8512.2,09:40:00,8514.329728941393,3,6
2016-07-14,8522.4,8522.45,8514.35,8515.25,09:45:00,8515.09832618507,3,7
2016-07-14,8516.3,8523.4,8515.6,8522.15,09:50:00,8515.212771310302,3,8
2016-07-14,8516.2,8520.3,8515.8,8516.55,09:55:00,8515.306793090274,3,9
2016-07-14,8515.15,8516.5,8514.65,8515.55,10:00:00,8515.29186041501,3,10
2016-07-14,8510.5,8516.0,8509.75,8515.35,10:05:00,8514.835492756438,3,11
2016-07-14,8514.1,8516.1,8508.65,8510.4,10:10:00,8514.765445827254,3,12
2016-07-14,8506.5,8514.15,8505.95,8513.9,10:15:00,8513.978260510372,3,13
2016-07-14,8509.9,8512.95,8504.4,8506.25,10:20:00,8513.589854747479,3,14
2016-07-14,8506.55,8511.15,8506.4,8509.8,10:25:00,8512.919392390577,3,15
2016-07-14,8507.1,8510.3,8505.1,8506.65,10:30:00,8512.365164543855,3,16
2016-07-14,8510.3,8510.3,8506.3,8507.25,10:35:00,8512.168482206345,3,17
2016-07-14,8509.8,8510.6,8508.2,8509.85,10:40:00,8511.942912472408,3,18
2016-07-14,8514.05,8515.0,8509.5,8509.85,10:45:00,8512.143587475035,3,19
2016-07-14,8516.9,8516.95,8513.5,8513.8,10:50:00,8512.59657914408,3,20
2016-07-14,8513.65,8517.1,8513.65,8516.75,10:55:00,8512.696904939881,3,21
2016-07-14,8514.5,8515.5,8512.85,8513.75,11:00:00,8512.86862827894,3,22
2016-07-14,8514.35,8516.6,8512.85,8514.6,11:05:00,8513.009711299994,3,23
2016-07-14,8511.55,8515.35,8510.7,8514.6,11:10:00,8512.870691176184,3,24
2016-07-14,8511.8,8512.65,8510.25,8510.75,11:15:00,8512.768720587976,3,25
2016-07-14,8514.75,8514.95,8510.65,8512.2,11:20:00,8512.957413865312,3,26
2016-07-14,8510.4,8514.85,8508.15,8514.85,11:25:00,8512.713850640044,3,27
2016-07-14,8506.35,8510.9,8504.8,8510.35,11:30:00,8512.107769626706,3,28
2016-07-14,8511.75,8512.3,8506.15,8506.55,11:35:00,8512.073696328924,3,29
2016-07-14,8515.8,8516.9,8511.0,8512.2,11:40:00,8512.428582392837,3,30
2016-07-14,8518.75,8520.1,8513.25,8515.75,11:45:00,8513.030622164948,3,31
2016-07-14,8525.9,8529.55,8517.35,8518.8,11:50:00,8514.256277196857,3,32
2016-07-14,8533.9,8537.75,8525.25,8525.95,11:55:00,8516.127107940014,3,33
2016-07-14,8536.85,8540.5,8533.05,8534.2,12:00:00,8518.100716707631,3,34
2016-07-14,8533.6,8537.0,8531.55,8536.6,12:05:00,8519.576838925952,3,35
2016-07-14,8536.9,8538.3,8531.85,8533.3,12:10:00,8521.226663790147,3,36
2016-07-14,8537.0,8539.3,8536.25,8536.7,12:15:00,8522.728886286322,3,37
2016-07-14,8536.95,8538.0,8534.35,8537.05,12:20:00,8524.083278068578,3,38
2016-07-14,8541.45,8542.25,8536.65,8537.0,12:25:00,8525.737251585857,3,39
2016-07-14,8541.8,8542.4,8539.55,8541.55,12:30:00,8527.267037149108,3,40
2016-07-14,8549.05,8549.45,8542.05,8542.05,12:35:00,8529.34160503967,3,41
2016-07-14,8546.85,8550.95,8546.25,8549.25,12:40:00,8531.009071226368,3,42
2016-07-14,8542.3,8548.5,8540.75,8546.8,12:45:00,8532.084397776238,3,43
2016-07-14,8538.95,8542.8,8537.15,8542.55,12:50:00,8532.738264654692,3,44
2016-07-14,8540.95,8541.15,8537.1,8538.75,12:55:00,8533.520334687579,3,45
2016-07-14,8541.7,8541.7,8539.25,8541.0,13:00:00,8534.299350431618,3,46
2016-07-14,8544.05,8546.1,8540.4,8541.35,13:05:00,8535.227983723846,3,47
2016-07-14,8539.95,8544.75,8539.7,8544.25,13:10:00,8535.67769955967,3,48
2016-07-14,8540.85,8542.65,8539.35,8539.8,13:15:00,8536.170299601607,3,49
2016-07-14,8544.4,8545.05,8540.65,8540.8,13:20:00,8536.95408059193,3,50
2016-07-14,8545.6,8545.8,8543.2,8544.5,13:25:00,8537.777501487935,3,51
2016-07-14,8546.05,8547.15,8544.8,8545.7,13:30:00,8538.565358489084,3,52
2016-07-14,8547.4,8548.95,8545.95,8546.15,13:35:00,8539.406752918696,3,53
2016-07-14,8547.7,8548.5,8546.4,8547.5,13:40:00,8540.19658597406,3,54
2016-07-14,8542.6,8548.0,8542.55,8547.75,13:45:00,8540.425482547958,3,55
2016-07-14,8540.75,8544.0,8540.3,8542.75,13:50:00,8540.456388971963,3,56
2016-07-14,8546.05,8546.05,8540.2,8540.8,13:55:00,8540.989113831776,3,57
2016-07-14,8545.8,8548.1,8545.05,8545.75,14:00:00,8541.447293466845,3,58
2016-07-14,8549.6,8550.3,8543.75,8545.5,14:05:00,8542.223741708098,3,59
2016-07-14,8549.3,8551.6,8548.8,8549.35,14:10:00,8542.897671069231,3,60
2016-07-14,8543.4,8549.2,8541.4,8549.2,14:15:00,8542.945511919781,3,61
2016-07-14,8543.25,8543.8,8538.4,8543.3,14:20:00,8542.974510784565,3,62
2016-07-14,8545.9,8546.65,8540.0,8543.15,14:25:00,8543.253128805083,3,63
2016-07-14,8549.55,8553.85,8545.85,8545.85,14:30:00,8543.852830823645,3,64
2016-07-14,8548.0,8551.05,8546.15,8549.85,14:35:00,8544.247799316632,3,65
2016-07-14,8548.8,8549.75,8546.35,8548.15,14:40:00,8544.681342238857,3,66
2016-07-14,8545.25,8549.1,8544.1,8548.25,14:45:00,8544.73550012087,3,67
2016-07-14,8548.2,8550.7,8544.5,8544.95,14:50:00,8545.065452490311,3,68
2016-07-14,8549.4,8550.8,8547.1,8548.05,14:55:00,8545.478266538852,3,69
2016-07-14,8561.05,8561.35,8549.5,8549.7,15:00:00,8546.961288773247,3,70
2016-07-14,8566.1,8567.25,8560.85,8561.35,15:05:00,8548.784023175796,3,71
2016-07-14,8568.0,8568.45,8564.1,8566.25,15:10:00,8550.614116206674,3,72
2016-07-14,8563.35,8571.4,8561.7,8568.05,15:15:00,8551.827057520324,3,73
2016-07-14,8566.25,8566.65,8562.4,8563.75,15:20:00,8553.200671089817,3,74
2016-07-14,8563.6,8569.55,8562.95,8566.5,15:25:00,8554.191083366977,3,75
2016-07-15,8581.35,8582.55,8560.75,8560.75,09:15:00,8556.777646855837,4,1
2016-07-15,8585.1,8590.45,8574.35,8581.05,09:20:00,8559.475013821948,4,2
2016-07-15,8587.45,8594.8,8584.6,8584.7,09:25:00,8562.139298219858,4,3
2016-07-15,8573.95,8586.85,8573.9,8586.85,09:30:00,8563.264126960825,4,4
2016-07-15,8550.9,8574.05,8550.9,8573.7,09:35:00,8562.086591059793,4,5
2016-07-15,8561.45,8561.45,8551.2,8551.75,09:40:00,8562.025963339813,4,6
2016-07-15,8569.25,8570.05,8557.6,8561.3,09:45:00,8562.71396683126,4,7
2016-07-15,8568.1,8574.3,8568.1,8569.85,09:50:00,8563.22692237114,4,8
2016-07-15,8574.5,8574.75,8567.45,8568.95,09:55:00,8564.300548811983,4,9
2016-07-15,8562.1,8574.8,8562.0,8574.35,10:00:00,8564.090972734652,4,10
2016-07-15,8539.75,8562.6,8538.3,8562.25,10:05:00,8561.77278485516,4,11
2016-07-15,8541.75,8547.05,8532.45,8539.95,10:10:00,8559.865852964193,4,12
2016-07-15,8523.7,8542.5,8512.75,8542.0,10:15:00,8556.421486015222,4,13
2016-07-15,8531.65,8538.0,8522.1,8524.9,10:20:00,8554.062296870916,4,14
2016-07-15,8545.25,8545.55,8531.4,8531.8,10:25:00,8553.223030502257,4,15
2016-07-15,8536.55,8546.05,8534.55,8545.2,10:30:00,8551.635122835374,4,16
2016-07-15,8533.15,8539.7,8529.25,8536.65,10:35:00,8549.87463494629,4,17
2016-07-15,8535.75,8537.35,8529.85,8533.5,10:40:00,8548.529431618072,4,18
2016-07-15,8532.25,8538.75,8531.05,8535.9,10:45:00,8546.979009559207,4,19
2016-07-15,8531.0,8532.4,8529.65,8531.5,10:50:00,8545.457199124996,4,20
2016-07-15,8523.85,8531.5,8518.6,8531.2,10:55:00,8543.3993706369,4,21
2016-07-15,8526.95,8528.65,8521.15,8524.2,11:00:00,8541.832763909577,4,22
2016-07-15,8524.55,8530.0,8524.55,8527.05,11:05:00,8540.186786394379,4,23
2016-07-15,8527.85,8530.05,8520.85,8524.05,11:10:00,8539.011854356819,4,24
2016-07-15,8527.75,8528.9,8525.3,8527.4,11:15:00,8537.939296799026,4,25
2016-07-15,8528.6,8529.65,8525.3,8527.55,11:20:00,8537.049839961022,4,26
2016-07-15,8527.6,8532.95,8527.25,8528.75,11:25:00,8536.14985520283,4,27
2016-07-15,8526.05,8529.75,8522.6,8527.1,11:30:00,8535.187964231132,4,28
2016-07-15,8528.9,8531.35,8525.3,8525.7,11:35:00,8534.589110494835,4,29
2016-07-15,8527.95,8531.2,8526.2,8528.8,11:40:00,8533.956814257232,4,30
2016-07-15,8519.35,8528.9,8519.0,8528.2,11:45:00,8532.565689089875,4,31
2016-07-15,8512.25,8522.45,8510.05,8519.05,11:50:00,8530.630861557507,4,32
2016-07-15,8519.0,8521.65,8512.2,8512.2,11:55:00,8529.523160456793,4,33
2016-07-15,8524.05,8526.3,8518.7,8518.7,12:00:00,8529.001907079955,4,34
2016-07-15,8522.9,8524.55,8519.75,8524.0,12:05:00,8528.420773072341,4,35
2016-07-15,8522.35,8524.4,8521.55,8523.3,12:10:00,8527.842604208308,4,36
2016-07-15,8519.4,8522.45,8518.25,8522.2,12:15:00,8527.03854666466,4,37
2016-07-15,8517.85,8521.05,8515.9,8519.3,12:20:00,8526.163446982311,4,38
2016-07-15,8515.15,8518.8,8514.45,8517.75,12:25:00,8525.11454726971,4,39
2016-07-15,8518.3,8518.3,8512.9,8515.2,12:30:00,8524.465542767834,4,40
2016-07-15,8523.8,8523.9,8515.8,8518.25,12:35:00,8524.402157742326,4,41
2016-07-15,8522.7,8526.3,8522.2,8523.55,12:40:00,8524.240047481153,4,42
2016-07-15,8528.55,8528.6,8521.4,8522.4,12:45:00,8524.650519149614,4,43
2016-07-15,8541.3,8544.95,8528.2,8528.65,12:50:00,8526.236183992509,4,44
2016-07-15,8540.2,8544.5,8537.45,8540.75,12:55:00,8527.566071231317,4,45
2016-07-15,8540.05,8541.85,8537.2,8539.55,13:00:00,8528.755016828334,4,46
2016-07-15,8550.25,8551.2,8538.7,8540.15,13:05:00,8530.802158082779,4,47
2016-07-15,8558.85,8558.85,8549.55,8550.05,13:10:00,8533.473381122514,4,48
2016-07-15,8557.05,8562.45,8551.2,8558.8,13:15:00,8535.71877339656,4,49
2016-07-15,8558.95,8561.6,8555.0,8555.1,13:20:00,8537.931271168316,4,50
2016-07-15,8551.4,8558.5,8549.9,8558.5,13:25:00,8539.214007247523,4,51
2016-07-15,8557.0,8557.0,8542.15,8550.95,13:30:00,8540.907911319187,4,52
2016-07-15,8551.9,8557.95,8551.6,8556.6,13:35:00,8541.954776907836,4,53
2016-07-15,8556.3,8556.8,8550.85,8552.05,13:40:00,8543.3209886309,4,54
2016-07-15,8557.45,8561.05,8555.35,8556.15,13:45:00,8544.66660876129,4,55
2016-07-15,8556.75,8558.1,8552.85,8557.3,13:50:00,8545.817407926881,4,56
2016-07-15,8555.0,8557.15,8551.15,8556.7,13:55:00,8546.691940505274,4,57
2016-07-15,8558.5,8559.4,8554.0,8554.45,14:00:00,8547.81651760001,4,58
2016-07-15,8556.4,8558.1,8552.9,8557.8,14:05:00,8548.633992114294,4,59
2016-07-15,8552.6,8558.05,8550.8,8555.3,14:10:00,8549.011707151027,4,60
2016-07-15,8547.45,8553.45,8546.35,8553.45,14:15:00,8548.862973136644,4,61
2016-07-15,8550.9,8550.9,8543.9,8547.35,14:20:00,8549.056975695059,4,62
2016-07-15,8550.9,8555.65,8549.25,8550.2,14:25:00,8549.232501819339,4,63
2016-07-15,8548.7,8553.5,8548.4,8550.95,14:30:00,8549.181787360354,4,64
2016-07-15,8532.8,8549.0,8530.15,8548.65,14:35:00,8547.621617135559,4,65
2016-07-15,8537.8,8537.95,8528.5,8532.75,14:40:00,8546.68622502741,4,66
2016-07-15,8534.55,8539.85,8534.5,8537.35,14:45:00,8545.530394072419,4,67
2016-07-15,8526.75,8535.95,8525.1,8534.45,14:50:00,8543.741785113141,4,68
2016-07-15,8535.2,8535.2,8525.9,8526.55,14:55:00,8542.928281769033,4,69
2016-07-15,8543.85,8544.65,8534.9,8534.9,15:00:00,8543.016064457697,4,70
2016-07-15,8542.95,8546.8,8542.45,8543.5,15:05:00,8543.009772604582,4,71
2016-07-15,8543.25,8544.2,8539.95,8543.15,15:10:00,8543.032651404146,4,72
2016-07-15,8541.35,8544.55,8536.3,8543.3,15:15:00,8542.872398889465,4,73
2016-07-15,8542.8,8543.55,8539.35,8540.95,15:20:00,8542.865503757135,4,74
2016-07-15,8538.3,8545.45,8536.4,8542.85,15:25:00,8542.430693875503,4,75
2016-07-18,8572.45,8578.1,8558.45,8558.45,09:15:00,8545.28967541117,0,1
2016-07-18,8569.75,8576.15,8565.1,8572.8,09:20:00,8547.619230133916,0,2
2016-07-18,8572.0,8577.35,8567.7,8569.6,09:25:00,8549.9412082164,0,3
2016-07-18,8578.6,8580.3,8570.6,8571.65,09:30:00,8552.670616957696,0,4
2016-07-18,8575.85,8578.8,8573.25,8578.8,09:35:00,8554.87817724744,0,5
2016-07-18,8581.85,8581.85,8575.05,8575.8,09:40:00,8557.446922271492,0,6
2016-07-18,8579.45,8583.95,8576.7,8581.4,09:45:00,8559.542453483731,0,7
2016-07-18,8583.6,8585.35,8579.45,8579.55,09:50:00,8561.833648390042,0,8
2016-07-18,8576.0,8585.2,8575.8,8583.8,09:55:00,8563.182824733847,0,9
2016-07-18,8570.6,8576.4,8567.75,8575.7,10:00:00,8563.889222378242,0,10
2016-07-18,8575.15,8575.55,8568.5,8570.7,10:05:00,8564.961677389838,0,11
2016-07-18,8573.2,8577.25,8573.1,8574.9,10:10:00,8565.746279543186,0,12
2016-07-18,8574.15,8574.55,8569.45,8573.25,10:15:00,8566.546633872405,0,13
2016-07-18,8572.2,8574.0,8569.45,8574.0,10:20:00,8567.085049694082,0,14
2016-07-18,8574.6,8576.35,8572.0,8572.15,10:25:00,8567.800759247028,0,15
2016-07-18,8579.65,8579.8,8572.05,8575.05,10:30:00,8568.929258366357,0,16
2016-07-18,8579.0,8580.55,8576.8,8579.45,10:35:00,8569.88837661718,0,17
2016-07-18,8582.4,8583.55,8578.4,8579.2,10:40:00,8571.079959796496,0,18
2016-07-18,8581.35,8582.85,8580.05,8582.05,10:45:00,8572.058058863497,0,19
2016-07-18,8581.5,8583.9,8580.0,8581.45,10:50:00,8572.957291352688,0,20
2016-07-18,8580.0,8582.45,8578.1,8581.8,10:55:00,8573.628025509575,0,21
2016-07-18,8576.8,8580.5,8576.8,8580.05,11:00:00,8573.930118318187,0,22
2016-07-18,8577.25,8578.45,8575.2,8576.45,11:05:00,8574.246297525979,0,23
2016-07-18,8581.25,8583.4,8576.9,8577.4,11:10:00,8574.91331680922,0,24
2016-07-18,8576.35,8581.3,8573.25,8581.1,11:15:00,8575.05014377977,0,25
2016-07-18,8574.6,8578.8,8573.55,8576.4,11:20:00,8575.007272943601,0,26
2016-07-18,8575.65,8578.45,8574.7,8574.7,11:25:00,8575.06848504421,0,27
2016-07-18,8580.85,8580.85,8575.0,8575.8,11:30:00,8575.61910551619,0,28
2016-07-18,8580.4,8582.1,8579.9,8581.05,11:35:00,8576.074428800363,0,29
2016-07-18,8580.5,8581.5,8579.45,8580.6,11:40:00,8576.495911771755,0,30
2016-07-18,8580.65,8583.1,8579.9,8580.35,11:45:00,8576.891539222064,0,31
2016-07-18,8578.35,8580.6,8578.05,8580.6,11:50:00,8577.030440248534,0,32
2016-07-18,8576.6,8579.25,8575.95,8578.55,11:55:00,8576.98944593915,0,33
2016-07-18,8578.45,8578.6,8576.15,8576.65,12:00:00,8577.128546325897,0,34
2016-07-18,8578.4,8578.85,8577.1,8578.6,12:05:00,8577.249637152003,0,35
2016-07-18,8578.45,8579.5,8576.95,8578.35,12:10:00,8577.36395742324,0,36
2016-07-18,8574.75,8578.5,8574.55,8578.5,12:15:00,8577.115009097217,0,37
2016-07-18,8577.35,8577.65,8574.5,8575.25,12:20:00,8577.137389183197,0,38
2016-07-18,8578.5,8578.65,8575.0,8577.15,12:25:00,8577.26716164194,0,39
2016-07-18,8582.3,8582.65,8574.45,8578.8,12:30:00,8577.746479580803,0,40
2016-07-18,8581.55,8583.75,8580.45,8581.9,12:35:00,8578.108719620726,0,41
2016-07-18,8584.15,8587.1,8581.65,8581.65,12:40:00,8578.684079656847,0,42
2016-07-18,8581.65,8584.6,8580.75,8584.5,12:45:00,8578.966548260956,0,43
2016-07-18,8582.45,8583.05,8579.25,8581.8,12:50:00,8579.298305569437,0,44
2016-07-18,8581.65,8584.1,8580.95,8582.05,12:55:00,8579.522276467585,0,45
2016-07-18,8575.1,8581.9,8574.15,8581.7,13:00:00,8579.101107280196,0,46
2016-07-18,8570.85,8576.8,8569.15,8574.95,13:05:00,8578.315287539224,0,47
2016-07-18,8568.6,8572.3,8567.35,8570.75,13:10:00,8577.390022059299,0,48
2016-07-18,8562.8,8571.05,8562.2,8568.35,13:15:00,8576.000496148888,0,49
2016-07-18,8562.0,8563.0,8551.15,8562.7,13:20:00,8574.66711556328,0,50
2016-07-18,8557.5,8564.05,8557.5,8562.35,13:25:00,8573.0321521763,0,51
2016-07-18,8556.0,8558.85,8550.5,8557.7,13:30:00,8571.410042445223,0,52
2016-07-18,8556.4,8560.3,8554.5,8556.3,13:35:00,8569.980514593297,0,53
2016-07-18,8548.7,8557.05,8548.25,8556.25,13:40:00,8567.953798917744,0,54
2016-07-18,8547.5,8551.5,8544.3,8548.5,13:45:00,8566.005818068435,0,55
2016-07-18,8538.5,8547.4,8537.75,8547.15,13:50:00,8563.386216347633,0,56
2016-07-18,8552.8,8552.8,8536.8,8538.05,13:55:00,8562.378005266906,0,57
2016-07-18,8554.35,8558.75,8550.35,8552.45,14:00:00,8561.613433336724,0,58
2016-07-18,8555.05,8556.3,8552.45,8554.65,14:05:00,8560.988344447513,0,59
2016-07-18,8555.2,8557.85,8553.85,8555.1,14:10:00,8560.43707354775,0,60
2016-07-18,8551.45,8555.5,8546.85,8555.25,14:15:00,8559.581161781298,0,61
2016-07-18,8543.25,8552.65,8543.05,8551.5,14:20:00,8558.025813040222,0,62
2016-07-18,8542.4,8543.6,8537.2,8543.6,14:25:00,8556.537640369725,0,63
2016-07-18,8546.9,8549.3,8542.15,8542.3,14:30:00,8555.619769858322,0,64
2016-07-18,8539.6,8549.0,8538.75,8547.0,14:35:00,8554.094077490863,0,65
2016-07-18,8543.15,8546.55,8539.5,8539.5,14:40:00,8553.051784396495,0,66
2016-07-18,8529.9,8543.5,8527.55,8543.0,14:45:00,8550.84685254921,0,67
2016-07-18,8526.65,8530.9,8521.85,8530.3,14:50:00,8548.542390401666,0,68
2016-07-18,8521.5,8530.45,8518.35,8526.8,14:55:00,8545.966924649127,0,69
2016-07-18,8515.8,8523.65,8513.65,8521.85,15:00:00,8543.093884206353,0,70
2016-07-18,8520.8,8522.65,8510.9,8516.6,15:05:00,8540.970657139082,0,71
2016-07-18,8514.6,8521.6,8511.7,8520.55,15:10:00,8538.459165982978,0,72
2016-07-18,8509.85,8515.8,8505.9,8514.65,15:15:00,8535.73448350841,0,73
2016-07-18,8504.45,8512.15,8501.65,8510.25,15:20:00,8532.755008888562,0,74
2016-07-18,8497.35,8504.55,8494.35,8504.3,15:25:00,8529.383103280128,0,75
2016-07-19,8516.15,8525.95,8505.7,8505.85,09:15:00,8528.12280772964,1,1
2016-07-19,8515.65,8518.65,8505.05,8515.8,09:20:00,8526.934921279199,1,2
2016-07-19,8522.45,8523.35,8515.4,8515.45,09:25:00,8526.507785919275,1,3
2016-07-19,8498.1,8523.3,8494.9,8522.15,09:30:00,8523.802282498393,1,4
2016-07-19,8496.15,8502.55,8493.65,8497.85,09:35:00,8521.16873178426,1,5
2016-07-19,8504.9,8508.15,8496.4,8496.55,09:40:00,8519.619328757188,1,6
2016-07-19,8505.35,8506.3,8500.4,8505.15,09:45:00,8518.260345066026,1,7
2016-07-19,8501.75,8505.5,8496.8,8505.45,09:50:00,8516.687931250213,1,8
2016-07-19,8502.75,8503.7,8496.8,8501.7,09:55:00,8515.360509226384,1,9
2016-07-19,8514.0,8514.95,8502.65,8502.65,10:00:00,8515.23093691911,1,10
2016-07-19,8512.25,8517.65,8512.25,8514.05,10:05:00,8514.947038164908,1,11
2016-07-19,8513.95,8518.9,8512.15,8512.7,10:10:00,8514.852082149202,1,12
2016-07-19,8510.1,8514.4,8507.0,8513.9,10:15:00,8514.399502896897,1,13
2016-07-19,8517.4,8519.0,8509.5,8510.15,10:20:00,8514.685264525764,1,14
2016-07-19,8520.5,8521.9,8514.65,8517.6,10:25:00,8515.239048856643,1,15
2016-07-19,8518.7,8521.4,8515.45,8520.45,10:30:00,8515.568663251248,1,16
2016-07-19,8522.85,8523.25,8516.15,8518.6,10:35:00,8516.262123893986,1,17
2016-07-19,8522.1,8523.35,8520.2,8523.25,10:40:00,8516.81811209456,1,18
2016-07-19,8518.15,8523.15,8517.65,8522.15,10:45:00,8516.944958561744,1,19
2016-07-19,8515.65,8518.05,8511.25,8518.05,10:50:00,8516.821629174912,1,20
2016-07-19,8518.1,8520.65,8515.55,8515.6,10:55:00,8516.943378777301,1,21
2016-07-19,8515.1,8519.25,8513.9,8518.05,11:00:00,8516.76781889375,1,22
2016-07-19,8515.65,8516.4,8512.9,8514.85,11:05:00,8516.661359951488,1,23
2016-07-19,8516.75,8518.45,8513.55,8515.45,11:10:00,8516.66980186087,1,24
2016-07-19,8513.35,8517.15,8511.75,8517.1,11:15:00,8516.353630255073,1,25
2016-07-19,8513.85,8514.05,8511.2,8513.55,11:20:00,8516.1151892784,1,26
2016-07-19,8511.2,8513.75,8508.8,8513.75,11:25:00,8515.64707601379,1,27
2016-07-19,8508.8,8511.4,8506.45,8511.3,11:30:00,8514.994973536286,1,28
2016-07-19,8513.3,8513.85,8508.55,8508.85,11:35:00,8514.833547485212,1,29
2016-07-19,8511.75,8513.45,8511.05,8513.35,11:40:00,8514.539876296145,1,30
2016-07-19,8507.85,8511.45,8505.65,8511.3,11:45:00,8513.902745220323,1,31
2016-07-19,8502.65,8508.05,8502.6,8508.05,11:50:00,8512.83105519934,1,32
2016-07-19,8507.65,8508.35,8502.1,8502.95,11:55:00,8512.337621370832,1,33
2016-07-19,8504.25,8512.25,8504.1,8507.95,12:00:00,8511.567371716466,1,34
2016-07-19,8509.8,8510.95,8504.4,8504.75,12:05:00,8511.399050600612,1,35
2016-07-19,8506.55,8510.2,8504.45,8509.85,12:10:00,8510.937236257696,1,36
2016-07-19,8507.2,8510.2,8506.65,8506.85,12:15:00,8510.581308995059,1,37
2016-07-19,8507.15,8508.6,8504.5,8507.15,12:20:00,8510.254517662197,1,38
2016-07-19,8513.45,8513.55,8505.7,8507.3,12:25:00,8510.558849313416,1,39
2016-07-19,8515.4,8517.95,8511.6,8513.5,12:30:00,8511.019911283567,1,40
2016-07-19,8513.0,8515.75,8511.15,8515.6,12:35:00,8511.208491161324,1,41
2016-07-19,8511.2,8513.85,8506.05,8512.9,12:40:00,8511.207682479293,1,42
2016-07-19,8511.8,8513.1,8509.6,8511.35,12:45:00,8511.264093671742,1,43
2016-07-19,8527.8,8537.15,8511.2,8511.7,12:50:00,8512.83894189348,1,44
2016-07-19,8521.45,8528.15,8521.3,8527.45,12:55:00,8513.65904266553,1,45
2016-07-19,8518.6,8521.85,8516.25,8521.1,13:00:00,8514.129610030717,1,46
2016-07-19,8514.0,8519.35,8507.7,8518.85,13:05:00,8514.117266218267,1,47
2016-07-19,8502.45,8515.3,8501.5,8514.25,13:10:00,8513.006098007005,1,48
2016-07-19,8497.4,8503.35,8491.6,8502.75,13:15:00,8511.519802958719,1,49
2016-07-19,8490.5,8500.8,8489.9,8497.6,13:20:00,8509.51791696265,1,50
2016-07-19,8488.85,8495.2,8485.65,8490.7,13:25:00,8507.549543918589,1,51
2016-07-19,8482.95,8489.3,8476.7,8489.05,13:30:00,8505.206730212056,1,52
2016-07-19,8486.6,8490.1,8482.05,8483.0,13:35:00,8503.434660668052,1,53
2016-07-19,8489.3,8495.15,8485.6,8486.75,13:40:00,8502.08850250919,1,54
2016-07-19,8489.35,8493.4,8487.6,8489.35,13:45:00,8500.87531179403,1,55
2016-07-19,8491.05,8492.7,8488.2,8489.2,13:50:00,8499.939567813646,1,56
2016-07-19,8493.3,8495.05,8490.6,8491.0,13:55:00,8499.30722802187,1,57
2016-07-19,8492.7,8500.05,8491.05,8493.15,14:00:00,8498.677968210262,1,58
2016-07-19,8496.8,8498.35,8492.05,8493.55,14:05:00,8498.499114094999,1,59
2016-07-19,8489.2,8497.1,8487.7,8496.55,14:10:00,8497.613484181189,1,60
2016-07-19,8489.8,8490.05,8482.2,8489.1,14:15:00,8496.8693428306,1,61
2016-07-19,8491.95,8493.8,8488.3,8490.15,14:20:00,8496.40083398959,1,62
2016-07-19,8491.15,8493.9,8487.8,8492.05,14:25:00,8495.90075456201,1,63
2016-07-19,8496.95,8497.05,8488.75,8491.25,14:30:00,8496.000682698961,1,64
2016-07-19,8495.95,8501.55,8494.45,8497.25,14:35:00,8495.99585577525,1,65
2016-07-19,8495.85,8497.75,8490.8,8495.85,14:40:00,8495.981964749037,1,66
2016-07-19,8499.05,8501.8,8495.95,8495.95,14:45:00,8496.27415858246,1,67
2016-07-19,8509.85,8510.45,8495.6,8499.4,14:50:00,8497.567095860322,1,68
2016-07-19,8503.5,8510.45,8500.35,8509.95,14:55:00,8498.132134349815,1,69
2016-07-19,8519.4,8519.75,8503.45,8503.45,15:00:00,8500.157645364117,1,70
2016-07-19,8527.55,8528.4,8515.45,8519.35,15:05:00,8502.766441043725,1,71
2016-07-19,8535.35,8537.7,8527.85,8527.9,15:10:00,8505.8696371348,1,72
2016-07-19,8533.25,8538.2,8530.55,8535.4,15:15:00,8508.477290741008,1,73
2016-07-19,8530.15,8534.75,8529.3,8533.6,15:20:00,8510.541358289483,1,74
2016-07-19,8535.75,8540.05,8530.2,8530.25,15:25:00,8512.942181309532,1,75
2016-07-20,8552.7,8553.55,8512.55,8513.9,09:15:00,8516.728640232433,2,1
2016-07-20,8552.7,8557.6,8549.5,8553.15,09:20:00,8520.15448401982,2,2
2016-07-20,8549.75,8555.6,8549.3,8552.3,09:25:00,8522.973104589362,2,3
2016-07-20,8558.35,8559.5,8548.45,8550.0,09:30:00,8526.342332723709,2,4
2016-07-20,8550.7,8558.05,8549.7,8558.05,09:35:00,8528.662110559546,2,5
2016-07-20,8547.65,8553.05,8547.35,8550.55,09:40:00,8530.470480982445,2,6
2016-07-20,8551.5,8551.6,8545.9,8547.75,09:45:00,8532.47329231745,2,7
2016-07-20,8554.7,8557.6,8551.15,8551.45,09:50:00,8534.590121620551,2,8
2016-07-20,8549.05,8554.65,8546.0,8554.35,09:55:00,8535.967252894785,2,9
2016-07-20,8550.45,8551.2,8548.2,8548.95,10:00:00,8537.3465621429,2,10
2016-07-20,8554.2,8554.2,8548.65,8550.65,10:05:00,8538.951651462623,2,11
2016-07-20,8550.35,8554.3,8549.5,8554.25,10:10:00,8540.037208466183,2,12
2016-07-20,8544.2,8550.55,8543.35,8550.3,10:15:00,8540.433664802737,2,13
2016-07-20,8542.5,8547.9,8542.3,8544.4,10:20:00,8540.630458631047,2,14
2016-07-20,8546.55,8546.9,8542.15,8542.4,10:25:00,8541.19422447571,2,15
2016-07-20,8547.9,8548.0,8544.0,8546.2,10:30:00,8541.832869763737,2,16
2016-07-20,8552.6,8554.4,8547.85,8547.85,10:35:00,8542.858310738618,2,17
2016-07-20,8551.0,8556.45,8548.35,8552.2,10:40:00,8543.633709715894,2,18
2016-07-20,8551.2,8552.8,8546.25,8550.9,10:45:00,8544.354308790571,2,19
2016-07-20,8546.55,8551.4,8545.1,8551.4,10:50:00,8544.563422239089,2,20
2016-07-20,8549.6,8549.85,8545.85,8546.8,10:55:00,8545.043096311558,2,21
2016-07-20,8547.35,8549.4,8546.3,8549.4,11:00:00,8545.262801424742,2,22
2016-07-20,8545.85,8547.85,8543.55,8547.5,11:05:00,8545.318725098576,2,23
2016-07-20,8548.15,8550.2,8545.3,8545.9,11:10:00,8545.588370327283,2,24
2016-07-20,8548.65,8550.25,8547.05,8548.25,11:15:00,8545.879954105638,2,25
2016-07-20,8550.9,8553.1,8547.6,8548.7,11:20:00,8546.358053714624,2,26
2016-07-20,8548.6,8552.35,8547.85,8551.05,11:25:00,8546.57157240847,2,27
2016-07-20,8553.4,8555.9,8548.3,8548.55,11:30:00,8547.221898845757,2,28
2016-07-20,8553.3,8555.6,8551.25,8553.45,11:35:00,8547.80076562235,2,29
2016-07-20,8562.0,8563.5,8553.0,8553.65,11:40:00,8549.153073658317,2,30
2016-07-20,8562.95,8566.1,8560.15,8562.25,11:45:00,8550.46706664324,2,31
2016-07-20,8558.7,8562.8,8557.95,8562.8,11:50:00,8551.251155534359,2,32
2016-07-20,8562.5,8562.9,8557.0,8558.25,11:55:00,8552.322474054896,2,33
2016-07-20,8561.9,8566.15,8559.6,8562.65,12:00:00,8553.234619383002,2,34
2016-07-20,8564.1,8564.65,8560.2,8561.8,12:05:00,8554.269417537002,2,35
2016-07-20,8559.7,8564.55,8558.85,8564.2,12:10:00,8554.786615866811,2,36
2016-07-20,8563.25,8563.25,8559.15,8559.6,12:15:00,8555.592652450925,2,37
2016-07-20,8562.75,8563.65,8558.4,8563.65,12:20:00,8556.274304598457,2,38
2016-07-20,8561.75,8563.85,8558.7,8562.35,12:25:00,8556.795799398604,2,39
2016-07-20,8559.05,8564.35,8559.05,8561.4,12:30:00,8557.010485170165,2,40
2016-07-20,8556.3,8559.4,8552.55,8558.9,12:35:00,8556.942819915865,2,41
2016-07-20,8547.5,8557.15,8547.45,8556.35,12:40:00,8556.043503733401,2,42
2016-07-20,8550.0,8551.05,8546.45,8547.3,12:45:00,8555.467931949268,2,43
2016-07-20,8551.0,8553.8,8548.95,8550.05,12:50:00,8555.042414620766,2,44
2016-07-20,8551.35,8552.0,8547.05,8551.05,12:55:00,8554.690756085454,2,45
2016-07-20,8552.0,8553.55,8549.35,8551.2,13:00:00,8554.434493601126,2,46
2016-07-20,8552.8,8556.35,8550.9,8551.8,13:05:00,8554.278827543876,2,47
2016-07-20,8550.25,8553.5,8547.7,8552.6,13:10:00,8553.895129682554,2,48
2016-07-20,8551.6,8553.8,8550.15,8550.4,13:15:00,8553.676545903263,2,49
2016-07-20,8559.4,8562.45,8549.25,8551.65,13:20:00,8554.221636769618,2,50
2016-07-20,8555.7,8562.65,8555.45,8559.65,13:25:00,8554.36243326775,2,51
2016-07-20,8554.6,8557.3,8553.85,8555.85,13:30:00,8554.385058670821,2,52
2016-07-20,8554.35,8555.1,8552.7,8554.45,13:35:00,8554.38171974979,2,53
2016-07-20,8547.15,8554.5,8546.0,8554.3,13:40:00,8553.692984535524,2,54
2016-07-20,8551.3,8552.1,8548.0,8550.9,13:45:00,8553.465081246426,2,55
2016-07-20,8547.85,8552.35,8547.25,8551.4,13:50:00,8552.93031160391,2,56
2016-07-20,8548.45,8549.6,8546.55,8547.55,13:55:00,8552.50361526068,2,57
2016-07-20,8553.9,8554.5,8548.15,8548.15,14:00:00,8552.636604283472,2,58
2016-07-20,8555.85,8557.25,8554.05,8554.05,14:05:00,8552.942641970762,2,59
2016-07-20,8555.65,8559.9,8554.1,8556.1,14:10:00,8553.200485592593,2,60
2016-07-20,8559.45,8566.7,8555.6,8555.6,14:15:00,8553.795677440918,2,61
2016-07-20,8557.25,8560.4,8555.55,8559.3,14:20:00,8554.124660541782,2,62
2016-07-20,8558.5,8561.35,8555.75,8557.15,14:25:00,8554.541359537803,2,63
2016-07-20,8561.05,8565.15,8558.3,8559.05,14:30:00,8555.161230058013,2,64
2016-07-20,8566.1,8566.8,8561.05,8561.2,14:35:00,8556.203017671536,2,65
2016-07-20,8564.35,8568.35,8563.0,8566.3,14:40:00,8556.978920750438,2,66
2016-07-20,8565.9,8566.5,8563.35,8564.8,14:45:00,8557.828547345634,2,67
2016-07-20,8565.65,8568.75,8563.7,8565.85,14:50:00,8558.573447598432,2,68
2016-07-20,8562.55,8566.25,8559.35,8566.25,14:55:00,8558.952166874771,2,69
2016-07-20,8567.55,8569.0,8561.55,8562.5,15:00:00,8559.771008124793,2,70
2016-07-20,8566.75,8569.1,8565.9,8567.95,15:05:00,8560.43567401767,2,71
2016-07-20,8565.55,8568.0,8563.3,8567.1,15:10:00,8560.922752682654,2,72
2016-07-20,8563.95,8566.7,8563.4,8565.8,15:15:00,8561.211061950973,2,73
2016-07-20,8565.8,8567.05,8563.6,8565.05,15:20:00,8561.648103669928,2,74
2016-07-20,8566.65,8569.9,8564.45,8565.7,15:25:00,8562.124474748982,2,75
2016-07-21,8572.85,8585.25,8572.25,8579.25,09:15:00,8563.145953344318,3,1
2016-07-21,8569.0,8572.75,8561.05,8572.75,09:20:00,8563.70348159724,3,2
2016-07-21,8570.55,8570.65,8565.95,8569.15,09:25:00,8564.35553096893,3,3
2016-07-21,8573.4,8575.0,8569.2,8570.2,09:30:00,8565.21690897189,3,4
2016-07-21,8575.6,8577.15,8572.7,8573.6,09:35:00,8566.205774784092,3,5
2016-07-21,8565.2,8575.85,8565.0,8575.0,09:40:00,8566.109986709416,3,6
2016-07-21,8556.65,8565.2,8555.9,8564.6,09:45:00,8565.209035594233,3,7
2016-07-21,8555.65,8558.85,8553.65,8556.25,09:50:00,8564.298651251926,3,8
2016-07-21,8562.4,8563.65,8554.65,8555.45,09:55:00,8564.11782732317,3,9
2016-07-21,8563.4,8565.45,8562.0,8562.9,10:00:00,8564.049462816201,3,10
2016-07-21,8557.85,8564.05,8557.3,8563.5,10:05:00,8563.459037786088,3,11
2016-07-21,8555.25,8558.55,8553.75,8557.7,10:10:00,8562.677224663603,3,12
2016-07-21,8563.9,8564.1,8555.55,8555.75,10:15:00,8562.793679457545,3,13
2016-07-21,8567.3,8567.3,8562.7,8563.7,10:20:00,8563.22285284254,3,14
2016-07-21,8566.5,8569.85,8564.8,8567.4,10:25:00,8563.534962095631,3,15
2016-07-21,8564.0,8567.45,8562.4,8566.7,10:30:00,8563.579251419857,3,16
2016-07-21,8562.9,8564.5,8561.0,8564.15,10:35:00,8563.514560808442,3,17
2016-07-21,8565.0,8566.15,8561.75,8562.7,10:40:00,8563.656031207638,3,18
2016-07-21,8562.8,8566.35,8562.4,8564.7,10:45:00,8563.574504425958,3,19
2016-07-21,8564.1,8564.65,8561.7,8562.75,10:50:00,8563.624551623485,3,20
2016-07-21,8569.2,8569.65,8563.4,8563.65,10:55:00,8564.155546706963,3,21
2016-07-21,8573.25,8574.6,8568.25,8569.45,11:00:00,8565.021685115824,3,22
2016-07-21,8568.5,8573.9,8566.7,8573.3,11:05:00,8565.35295320003,3,23
2016-07-21,8569.9,8571.25,8568.4,8569.2,11:10:00,8565.786005276217,3,24
2016-07-21,8570.5,8571.85,8569.55,8570.25,11:15:00,8566.234957154673,3,25
2016-07-21,8571.0,8572.85,8569.2,8570.85,11:20:00,8566.68877075899,3,26
2016-07-21,8566.6,8571.5,8566.45,8571.2,11:25:00,8566.68031640099,3,27
2016-07-21,8567.15,8568.05,8565.7,8566.65,11:30:00,8566.725048172324,3,28
2016-07-21,8570.3,8570.35,8566.05,8567.0,11:35:00,8567.06551977496,3,29
2016-07-21,8573.85,8573.85,8569.8,8570.4,11:40:00,8567.711660748773,3,30
2016-07-21,8570.2,8573.9,8569.35,8573.9,11:45:00,8567.948645439366,3,31
2016-07-21,8563.3,8570.35,8563.2,8570.0,11:50:00,8567.505917302284,3,32
2016-07-21,8563.3,8564.6,8558.95,8563.85,11:55:00,8567.105353749685,3,33
2016-07-21,8557.75,8563.25,8552.45,8563.25,12:00:00,8566.214367678287,3,34
2016-07-21,8551.4,8559.1,8550.55,8557.8,12:05:00,8564.80347551845,3,35
2016-07-21,8551.45,8553.35,8547.2,8551.6,12:10:00,8563.531715945264,3,36
2016-07-21,8544.65,8551.85,8544.25,8551.75,12:15:00,8561.73345728381,3,37
2016-07-21,8556.7,8556.9,8544.55,8544.7,12:20:00,8561.254080399638,3,38
2016-07-21,8553.05,8558.4,8551.95,8556.95,12:25:00,8560.472739409197,3,39
2016-07-21,8557.6,8558.8,8551.9,8553.1,12:30:00,8560.19914517975,3,40
2016-07-21,8552.05,8558.75,8550.55,8557.8,12:35:00,8559.423036115011,3,41
2016-07-21,8552.35,8553.85,8550.2,8552.4,12:40:00,8558.749413627867,3,42
2016-07-21,8537.75,8552.85,8534.9,8552.7,12:45:00,8556.749469472832,3,43
2016-07-21,8542.35,8544.05,8537.45,8537.65,12:50:00,8555.3780914278,3,44
2016-07-21,8543.4,8548.6,8541.9,8542.5,12:55:00,8554.237320815628,3,45
2016-07-21,8542.8,8544.65,8538.7,8543.45,13:00:00,8553.14805216652,3,46
2016-07-21,8544.55,8545.6,8541.55,8543.25,13:05:00,8552.329190055423,3,47
2016-07-21,8531.7,8545.05,8529.75,8545.05,13:10:00,8550.36450528824,3,48
2016-07-21,8529.85,8531.6,8524.7,8531.4,13:15:00,8548.410742879836,3,49
2016-07-21,8533.3,8534.05,8529.2,8529.9,13:20:00,8546.971624510328,3,50
2016-07-21,8531.95,8535.4,8531.05,8533.45,13:25:00,8545.540993604583,3,51
2016-07-21,8534.95,8535.55,8529.55,8532.1,13:30:00,8544.532327547004,3,52
2016-07-21,8537.3,8540.0,8534.65,8535.25,13:35:00,8543.84353444729,3,53
2016-07-21,8535.75,8537.55,8532.8,8537.45,13:40:00,8543.072721642786,3,54
2016-07-21,8537.85,8539.3,8535.6,8535.7,13:45:00,8542.575319581567,3,55
2016-07-21,8548.1,8549.25,8537.9,8538.25,13:50:00,8543.101479621417,3,56
2016-07-21,8545.55,8551.3,8544.95,8548.35,13:55:00,8543.334672038425,3,57
2016-07-21,8541.15,8555.0,8541.15,8546.25,14:00:00,8543.126608034767,3,58
2016-07-21,8533.55,8541.9,8530.65,8541.9,14:05:00,8542.214550126693,3,59
2016-07-21,8534.1,8535.95,8529.4,8533.9,14:10:00,8541.441735828914,3,60
2016-07-21,8535.4,8535.8,8532.85,8534.05,14:15:00,8540.866332416637,3,61
2016-07-21,8528.25,8535.6,8527.9,8535.6,14:20:00,8539.664776948386,3,62
2016-07-21,8530.25,8532.35,8526.2,8528.35,14:25:00,8538.76813152473,3,63
2016-07-21,8533.65,8534.15,8527.15,8530.6,14:30:00,8538.280690427137,3,64
2016-07-21,8533.95,8537.7,8531.65,8533.6,14:35:00,8537.868243719791,3,65
2016-07-21,8539.55,8539.95,8533.85,8534.2,14:40:00,8538.028410984572,3,66
2016-07-21,8539.25,8539.85,8535.7,8539.7,14:45:00,8538.144752795566,3,67
2016-07-21,8534.45,8539.0,8533.25,8539.0,14:50:00,8537.792871576941,3,68
2016-07-21,8514.45,8535.5,8511.0,8534.55,14:55:00,8535.569740950566,3,69
2016-07-21,8508.15,8514.45,8505.9,8513.75,15:00:00,8532.958337050512,3,70
2016-07-21,8514.8,8515.05,8504.45,8508.3,15:05:00,8531.228971617129,3,71
2016-07-21,8512.55,8518.85,8510.95,8514.75,15:10:00,8529.450021939307,3,72
2016-07-21,8510.05,8514.45,8509.0,8513.05,15:15:00,8527.60240080223,3,73
2016-07-21,8507.75,8511.45,8507.15,8510.0,15:20:00,8525.711695963922,3,74
2016-07-21,8505.15,8511.15,8503.45,8507.9,15:25:00,8523.753439205453,3,75
2016-07-22,8519.2,8525.4,8510.5,8518.7,09:15:00,8523.319778328743,4,1
2016-07-22,8516.25,8521.85,8501.35,8519.4,09:20:00,8522.646466106959,4,2
2016-07-22,8516.65,8520.85,8511.35,8516.7,09:25:00,8522.075374096772,4,3
2016-07-22,8498.4,8517.5,8496.75,8516.85,09:30:00,8519.820576563745,4,4
2016-07-22,8501.5,8505.8,8496.35,8499.15,09:35:00,8518.07575974815,4,5
2016-07-22,8496.8,8502.45,8489.8,8501.9,09:40:00,8516.049496914993,4,6
2016-07-22,8505.85,8508.65,8496.85,8496.85,09:45:00,8515.078116256422,4,7
2016-07-22,8504.75,8509.15,8503.0,8506.5,09:50:00,8514.094486136762,4,8
2016-07-22,8506.35,8507.75,8504.05,8504.45,09:55:00,8513.3569160285,4,9
2016-07-22,8508.9,8514.45,8505.3,8506.65,10:00:00,8512.93244783531,4,10
2016-07-22,8508.2,8510.85,8507.1,8508.55,10:05:00,8512.481738517661,4,11
2016-07-22,8510.5,8514.15,8507.8,8508.15,10:10:00,8512.29300151598,4,12
2016-07-22,8502.8,8510.7,8502.0,8510.65,10:15:00,8511.388906133505,4,13
2016-07-22,8501.65,8504.65,8501.45,8502.6,10:20:00,8510.461391263647,4,14
2016-07-22,8501.0,8505.75,8500.95,8501.55,10:25:00,8509.560306381394,4,15
2016-07-22,8496.25,8502.85,8493.85,8501.5,10:30:00,8508.292658154594,4,16
2016-07-22,8498.15,8498.85,8495.7,8496.5,10:35:00,8507.3266907113,4,17
2016-07-22,8498.6,8500.05,8494.0,8498.25,10:40:00,8506.495577310223,4,18
2016-07-22,8503.9,8506.45,8497.8,8498.35,10:45:00,8506.248379471153,4,19
2016-07-22,8505.4,8506.25,8501.7,8503.65,10:50:00,8506.167581426282,4,20
2016-07-22,8505.7,8507.9,8504.75,8505.35,10:55:00,8506.123049861875,4,21
2016-07-22,8503.0,8506.8,8501.6,8505.8,11:00:00,8505.825616541697,4,22
2016-07-22,8508.05,8508.4,8501.7,8503.25,11:05:00,8506.037462585346,4,23
2016-07-22,8509.25,8511.9,8507.75,8508.85,11:10:00,8506.3434185296,4,24
2016-07-22,8507.6,8509.8,8505.3,8509.35,11:15:00,8506.463092955351,4,25
2016-07-22,8505.6,8510.0,8505.05,8507.65,11:20:00,8506.38089362627,4,26
2016-07-22,8507.9,8507.9,8504.8,8505.9,11:25:00,8506.525570423768,4,27
2016-07-22,8522.55,8524.55,8507.45,8507.6,11:30:00,8508.051706573886,4,28
2016-07-22,8519.6,8525.0,8519.25,8522.3,11:35:00,8509.15154404304,4,29
2016-07-22,8523.2,8526.55,8519.7,8519.75,11:40:00,8510.489492229417,4,30
2016-07-22,8520.15,8524.7,8520.1,8523.3,11:45:00,8511.40954058852,4,31
2016-07-22,8520.15,8521.9,8516.8,8520.6,11:50:00,8512.241965294375,4,32
2016-07-22,8521.55,8521.55,8517.1,8520.1,11:55:00,8513.128444790149,4,33
2016-07-22,8519.5,8522.2,8517.0,8521.7,12:00:00,8513.73525957204,4,34
2016-07-22,8524.65,8524.65,8518.8,8519.45,12:05:00,8514.774758660416,4,35
2016-07-22,8534.75,8538.9,8524.45,8524.45,12:10:00,8516.67716259752,4,36
2016-07-22,8535.75,8539.15,8532.6,8535.1,12:15:00,8518.493623302518,4,37
2016-07-22,8532.6,8538.5,8532.6,8535.6,12:20:00,8519.837087749896,4,38
2016-07-22,8534.6,8534.8,8528.65,8532.3,12:25:00,8521.243079392763,4,39
2016-07-22,8523.9,8535.2,8523.6,8534.7,12:30:00,8521.496119450596,4,40
2016-07-22,8526.2,8527.8,8522.2,8523.6,12:35:00,8521.944108074349,4,41
2016-07-22,8525.9,8529.3,8522.35,8526.1,12:40:00,8522.320859686315,4,42
2016-07-22,8520.4,8526.2,8518.65,8525.8,12:45:00,8522.13792066857,4,43
2016-07-22,8523.15,8529.35,8520.4,8520.6,12:50:00,8522.234309176325,4,44
2016-07-22,8524.4,8527.25,8523.35,8523.35,12:55:00,8522.440565445246,4,45
2016-07-22,8530.1,8530.1,8523.4,8524.3,13:00:00,8523.170035402842,4,46
2016-07-22,8540.5,8542.2,8529.05,8529.8,13:05:00,8524.82050822162,4,47
2016-07-22,8539.85,8543.85,8537.85,8540.6,13:10:00,8526.251888390989,4,48
2016-07-22,8536.55,8539.7,8531.4,8539.7,13:15:00,8527.23266092518,4,49
2016-07-22,8535.8,8537.0,8531.55,8536.65,13:20:00,8528.048597979923,4,50
2016-07-22,8530.95,8536.1,8530.05,8535.45,13:25:00,8528.324921981835,4,51
2016-07-22,8533.45,8535.45,8530.55,8531.25,13:30:00,8528.813024650231,4,52
2016-07-22,8531.5,8535.9,8530.95,8533.65,13:35:00,8529.068927064496,4,53
2016-07-22,8533.85,8537.6,8532.1,8533.9,13:40:00,8529.524267344068,4,54
2016-07-22,8533.95,8535.9,8530.65,8533.8,13:45:00,8529.945765692253,4,55
2016-07-22,8518.65,8534.85,8518.65,8533.6,13:50:00,8528.869978483466,4,56
2016-07-22,8507.8,8518.85,8507.7,8518.5,13:55:00,8526.863313865993,4,57
2016-07-22,8520.25,8520.25,8504.55,8507.25,14:00:00,8526.233474450184,4,58
2016-07-22,8525.6,8527.3,8516.9,8519.95,14:05:00,8526.173143550166,4,59
2016-07-22,8539.8,8539.8,8523.55,8524.7,14:10:00,8527.47093940253,4,60
2016-07-22,8540.45,8547.8,8536.5,8540.2,14:15:00,8528.707040411813,4,61
2016-07-22,8535.6,8542.05,8533.85,8540.55,14:20:00,8529.363512753545,4,62
2016-07-22,8536.75,8538.9,8532.05,8535.55,14:25:00,8530.066987729399,4,63
2016-07-22,8536.05,8541.35,8534.85,8536.65,14:30:00,8530.636798421838,4,64
2016-07-22,8535.85,8539.5,8534.65,8535.95,14:35:00,8531.133293810235,4,65
2016-07-22,8536.65,8542.25,8535.65,8535.8,14:40:00,8531.658694399737,4,66
2016-07-22,8535.7,8540.5,8533.4,8536.55,14:45:00,8532.043580647382,4,67
2016-07-22,8537.7,8538.0,8533.6,8535.9,14:50:00,8532.582287252393,4,68
2016-07-22,8543.75,8544.25,8537.0,8537.5,14:55:00,8533.645878942642,4,69
2016-07-22,8542.25,8544.3,8535.7,8543.7,15:00:00,8534.465319043342,4,70
2016-07-22,8542.7,8544.9,8541.75,8542.2,15:05:00,8535.249574372547,4,71
2016-07-22,8537.45,8542.9,8536.95,8542.55,15:10:00,8535.459138718019,4,72
2016-07-22,8542.15,8543.3,8535.3,8537.35,15:15:00,8536.096363602017,4,73
2016-07-22,8541.5,8545.45,8540.9,8542.1,15:20:00,8536.61099563992,4,74
2016-07-22,8546.45,8548.95,8540.55,8541.2,15:25:00,8537.548043674213,4,75
2016-07-25,8537.6,8540.45,8517.2,8517.2,09:15:00,8537.552991895716,0,1
2016-07-25,8540.7,8543.55,8533.25,8537.75,09:20:00,8537.852706953267,0,2
2016-07-25,8535.05,8544.35,8535.05,8540.6,09:25:00,8537.585782481527,0,3
2016-07-25,8530.55,8534.55,8526.75,8534.4,09:30:00,8536.915707959477,0,4
2016-07-25,8534.95,8536.8,8529.95,8530.7,09:35:00,8536.728497677623,0,5
2016-07-25,8531.7,8535.6,8528.0,8535.0,09:40:00,8536.249593136896,0,6
2016-07-25,8533.55,8533.95,8527.15,8531.6,09:45:00,8535.99248902862,0,7
2016-07-25,8536.6,8539.85,8533.4,8533.5,09:50:00,8536.050347216371,0,8
2016-07-25,8541.5,8542.5,8536.3,8536.85,09:55:00,8536.569361767193,0,9
2016-07-25,8542.9,8546.65,8539.55,8541.35,10:00:00,8537.172279694127,0,10
2016-07-25,8539.9,8545.8,8539.55,8542.85,10:05:00,8537.432062580401,0,11
2016-07-25,8541.1,8542.1,8538.8,8540.2,10:10:00,8537.781389953696,0,12
2016-07-25,8538.35,8541.1,8537.05,8541.05,10:15:00,8537.83554329144,0,13
2016-07-25,8542.55,8542.6,8534.55,8538.45,10:20:00,8538.284539168446,0,14
2016-07-25,8546.8,8547.95,8541.25,8542.95,10:25:00,8539.095535438117,0,15
2016-07-25,8548.6,8551.65,8547.3,8547.3,10:30:00,8540.00072253925,0,16
2016-07-25,8546.9,8548.45,8544.35,8548.45,10:35:00,8540.65779658313,0,17
2016-07-25,8547.7,8549.5,8545.2,8546.6,10:40:00,8541.328482622832,0,18
2016-07-25,8547.05,8548.0,8543.05,8547.5,10:45:00,8541.873389039705,0,19
2016-07-25,8543.85,8547.3,8542.35,8547.0,10:50:00,8542.06163770259,0,20
2016-07-25,8549.05,8549.05,8543.55,8544.2,10:55:00,8542.727196016629,0,21
2016-07-25,8548.0,8549.25,8546.0,8549.2,11:00:00,8543.22936782457,0,22
2016-07-25,8551.55,8552.35,8546.7,8547.85,11:05:00,8544.021808984135,0,23
2016-07-25,8564.45,8565.1,8550.95,8551.35,11:10:00,8545.967350985646,0,24
2016-07-25,8571.95,8573.9,8563.4,8564.25,11:15:00,8548.441888987014,0,25
2016-07-25,8579.5,8584.45,8571.0,8572.2,11:20:00,8551.399804321583,0,26
2016-07-25,8577.8,8581.35,8575.75,8579.35,11:25:00,8553.914108671908,0,27
2016-07-25,8582.75,8585.1,8577.05,8577.7,11:30:00,8556.660384036488,0,28
2016-07-25,8584.1,8589.7,8582.0,8582.55,11:35:00,8559.273680794917,0,29
2016-07-25,8584.55,8587.35,8582.4,8584.45,11:40:00,8561.68094929064,0,30
2016-07-25,8577.5,8584.8,8576.3,8584.7,11:45:00,8563.187525548674,0,31
2016-07-25,8579.85,8581.6,8576.45,8576.85,11:50:00,8564.774427877372,0,32
2016-07-25,8580.7,8581.95,8578.6,8579.75,11:55:00,8566.291149031907,0,33
2016-07-25,8577.85,8581.25,8576.35,8580.8,12:00:00,8567.39199198125,0,34
2016-07-25,8579.35,8580.4,8575.65,8578.0,12:05:00,8568.530849887798,0,35
2016-07-25,8582.1,8584.8,8578.95,8579.15,12:10:00,8569.823149898484,0,36
2016-07-25,8586.45,8586.75,8581.4,8582.25,12:15:00,8571.406659431963,0,37
2016-07-25,8583.7,8587.45,8583.7,8586.6,12:20:00,8572.577453771777,0,38
2016-07-25,8580.45,8583.2,8578.4,8583.2,12:25:00,8573.327220079227,0,39
2016-07-25,8584.05,8586.0,8579.1,8581.75,12:30:00,8574.34843721454,0,40
2016-07-25,8580.7,8583.95,8578.6,8583.7,12:35:00,8574.953347956012,0,41
2016-07-25,8583.05,8585.25,8580.55,8580.65,12:40:00,8575.724457674487,0,42
2016-07-25,8581.7,8584.4,8579.05,8583.15,12:45:00,8576.293556943583,0,43
2016-07-25,8580.9,8582.6,8578.2,8581.45,12:50:00,8576.732265806098,0,44
2016-07-25,8584.95,8585.05,8579.95,8580.85,12:55:00,8577.514907157898,0,45
2016-07-25,8593.75,8597.65,8582.95,8584.9,13:00:00,8579.061106476194,0,46
2016-07-25,8596.5,8599.45,8593.85,8593.85,13:05:00,8580.721953478462,0,47
2016-07-25,8598.2,8600.2,8594.5,8596.0,13:10:00,8582.386529337655,0,48
2016-07-25,8607.45,8609.85,8598.1,8598.1,13:15:00,8584.773526543593,0,49
2016-07-25,8610.7,8610.7,8602.6,8607.4,13:20:00,8587.242714491822,0,50
2016-07-25,8607.6,8613.4,8607.1,8610.1,13:25:00,8589.181503587839,0,51
2016-07-25,8608.25,8615.0,8607.55,8607.75,13:30:00,8590.997550865188,0,52
2016-07-25,8604.9,8610.2,8604.9,8608.35,13:35:00,8592.321593639932,0,53
2016-07-25,8611.8,8614.0,8605.05,8605.1,13:40:00,8594.176679959939,0,54
2016-07-25,8619.95,8620.7,8611.5,8612.05,13:45:00,8596.631281868516,0,55
2016-07-25,8620.15,8623.05,8616.85,8620.0,13:50:00,8598.8711597858,0,56
2016-07-25,8622.85,8623.4,8615.45,8619.9,13:55:00,8601.154858853819,0,57
2016-07-25,8627.15,8630.25,8621.95,8622.6,14:00:00,8603.630586582027,0,58
2016-07-25,8631.1,8631.1,8625.85,8627.35,14:05:00,8606.246721193264,0,59
2016-07-25,8620.9,8631.2,8620.9,8630.75,14:10:00,8607.64227155581,0,60
2016-07-25,8626.9,8629.05,8620.75,8621.35,14:15:00,8609.476340931446,0,61
2016-07-25,8627.2,8631.85,8626.25,8627.0,14:20:00,8611.164308461784,0,62
2016-07-25,8628.9,8631.1,8624.4,8627.35,14:25:00,8612.853421941614,0,63
2016-07-25,8625.1,8629.7,8624.7,8629.7,14:30:00,8614.019762709078,0,64
2016-07-25,8622.85,8626.9,8622.65,8625.05,14:35:00,8614.860737689167,0,65
2016-07-25,8625.65,8625.65,8618.85,8622.2,14:40:00,8615.888286480675,0,66
2016-07-25,8621.9,8626.05,8621.65,8625.6,14:45:00,8616.460830625372,0,67
2016-07-25,8628.0,8631.5,8621.85,8621.95,14:50:00,8617.559799137241,0,68
2016-07-25,8630.2,8632.1,8624.3,8627.8,14:55:00,8618.763627790837,0,69
2016-07-25,8636.85,8637.5,8630.6,8630.6,15:00:00,8620.486139429804,0,70
2016-07-25,8636.45,8640.25,8636.3,8636.8,15:05:00,8622.006507103157,0,71
2016-07-25,8639.15,8639.15,8635.8,8636.35,15:10:00,8623.63922071238,0,72
2016-07-25,8637.7,8641.15,8636.15,8638.85,15:15:00,8624.978342549297,0,73
2016-07-25,8633.55,8637.7,8633.55,8637.6,15:20:00,8625.794690877936,0,74
2016-07-25,8630.4,8633.95,8627.3,8633.95,15:25:00,8626.233291746703,0,75
2016-07-26,8626.2,8643.8,8620.45,8630.75,09:15:00,8626.23012110416,1,1
2016-07-26,8642.2,8642.2,8625.45,8625.95,09:20:00,8627.751061951383,1,2
2016-07-26,8642.55,8642.85,8635.35,8642.4,09:25:00,8629.16048462268,1,3
2016-07-26,8634.1,8643.95,8632.9,8642.75,09:30:00,8629.630914658615,1,4
2016-07-26,8633.0,8636.6,8627.15,8634.3,09:35:00,8629.951779929223,1,5
2016-07-26,8631.15,8633.55,8626.05,8633.2,09:40:00,8630.06589612644,1,6
2016-07-26,8639.0,8639.3,8630.5,8631.05,09:45:00,8630.916763162017,1,7
2016-07-26,8636.1,8640.4,8636.0,8639.1,09:50:00,8631.410404765635,1,8
2016-07-26,8633.45,8637.4,8632.75,8636.2,09:55:00,8631.604651930813,1,9
2016-07-26,8626.45,8634.2,8624.5,8633.2,10:00:00,8631.113732699307,1,10
2016-07-26,8629.7,8630.35,8622.75,8626.0,10:05:00,8630.979091489848,1,11
2016-07-26,8631.3,8634.0,8628.55,8629.55,10:10:00,8631.0096542051,1,12
2016-07-26,8631.6,8634.45,8631.2,8631.25,10:15:00,8631.065877614137,1,13
2016-07-26,8631.25,8632.9,8629.7,8631.7,10:20:00,8631.083413079457,1,14
2016-07-26,8629.7,8633.05,8627.55,8631.1,10:25:00,8630.951659452843,1,15
2016-07-26,8629.1,8630.3,8626.6,8629.65,10:30:00,8630.775310933524,1,16
2016-07-26,8628.0,8629.9,8625.05,8629.05,10:35:00,8630.510995606523,1,17
2016-07-26,8623.85,8628.05,8623.45,8628.05,10:40:00,8629.876615072568,1,18
2016-07-26,8627.25,8627.65,8620.65,8624.1,10:45:00,8629.626461256134,1,19
2016-07-26,8628.25,8630.45,8626.3,8626.95,10:50:00,8629.49536970793,1,20
2016-07-26,8628.35,8628.9,8626.1,8628.1,10:55:00,8629.386286878605,1,21
2016-07-26,8630.3,8630.55,8626.35,8628.3,11:00:00,8629.47330717588,1,22
2016-07-26,8634.9,8635.25,8628.05,8630.15,11:05:00,8629.990135063892,1,23
2016-07-26,8640.1,8640.35,8634.85,8634.85,11:10:00,8630.952979343521,1,24
2016-07-26,8640.45,8642.4,8637.45,8640.15,11:15:00,8631.85745750128,1,25
2016-07-26,8634.75,8640.75,8634.75,8640.1,11:20:00,8632.132937739254,1,26
2016-07-26,8634.6,8637.15,8632.9,8634.7,11:25:00,8632.367896049802,1,27
2016-07-26,8639.8,8641.4,8634.95,8634.95,11:30:00,8633.075715473631,1,28
2016-07-26,8636.4,8640.0,8636.4,8639.65,11:35:00,8633.392313999952,1,29
2016-07-26,8635.3,8638.1,8634.6,8636.35,11:40:00,8633.573998380909,1,30
2016-07-26,8632.25,8635.8,8630.55,8635.45,11:45:00,8633.447903297012,1,31
2016-07-26,8628.55,8632.7,8627.85,8632.55,11:50:00,8632.981436316344,1,32
2016-07-26,8631.2,8631.7,8628.45,8628.7,11:55:00,8632.811775714788,1,33
2016-07-26,8633.3,8634.75,8630.2,8631.1,12:00:00,8632.858273265761,1,34
2016-07-26,8634.85,8635.4,8632.05,8632.25,12:05:00,8633.047961526165,1,35
2016-07-26,8638.35,8638.35,8634.0,8634.2,12:10:00,8633.552917571293,1,36
2016-07-26,8635.6,8638.8,8633.7,8638.15,12:15:00,8633.747877802598,1,37
2016-07-26,8637.2,8637.85,8634.75,8635.9,12:20:00,8634.076651345207,1,38
2016-07-26,8637.7,8639.85,8635.85,8637.4,12:25:00,8634.421732169474,1,39
2016-07-26,8636.5,8638.6,8634.95,8637.45,12:30:00,8634.619662439049,1,40
2016-07-26,8635.4,8637.65,8634.25,8636.2,12:35:00,8634.693980301996,1,41
2016-07-26,8630.65,8636.3,8629.55,8635.5,12:40:00,8634.308839320853,1,42
2016-07-26,8627.65,8631.6,8626.55,8630.7,12:45:00,8633.674664147438,1,43
2016-07-26,8629.4,8630.7,8627.25,8627.55,12:50:00,8633.267553276253,1,44
2016-07-26,8632.6,8632.85,8627.7,8629.45,12:55:00,8633.203976773753,1,45
2016-07-26,8634.45,8634.8,8629.85,8632.85,13:00:00,8633.322645652444,1,46
2016-07-26,8625.55,8635.15,8622.25,8634.6,13:05:00,8632.582393685545,1,47
2016-07-26,8623.95,8627.15,8623.25,8625.5,13:10:00,8631.760260953588,1,48
2016-07-26,8626.8,8627.15,8620.05,8624.1,13:15:00,8631.287855148485,1,49
2016-07-26,8626.25,8628.3,8624.65,8627.3,13:20:00,8630.808059420056,1,50
2016-07-26,8628.35,8628.6,8625.3,8625.5,13:25:00,8630.57395852291,1,51
2016-07-26,8627.6,8629.45,8626.05,8628.15,13:30:00,8630.29072437787,1,52
2016-07-26,8629.0,8629.5,8626.65,8627.4,13:35:00,8630.167798246644,1,53
2016-07-26,8631.3,8633.25,8628.7,8628.7,13:40:00,8630.27562698506,1,54
2016-07-26,8635.3,8636.25,8629.4,8631.25,13:45:00,8630.754138700768,1,55
2016-07-26,8630.45,8635.95,8630.15,8635.2,13:50:00,8630.725173110219,1,56
2016-07-26,8630.15,8631.5,8627.15,8631.5,13:55:00,8630.670394718769,1,57
2016-07-26,8632.65,8635.3,8630.1,8630.3,14:00:00,8630.858928555077,1,58
2016-07-26,8635.9,8636.5,8632.5,8632.7,14:05:00,8631.33903059745,1,59
2016-07-26,8633.5,8636.55,8632.65,8636.1,14:10:00,8631.544837207217,1,60
2016-07-26,8637.85,8638.55,8632.3,8633.55,14:15:00,8632.145328901768,1,61
2016-07-26,8642.55,8644.9,8637.55,8638.1,14:20:00,8633.136249958743,1,62
2016-07-26,8635.0,8642.25,8632.8,8642.25,14:25:00,8633.313749962672,1,63
2016-07-26,8631.55,8634.95,8627.25,8634.7,14:30:00,8633.14577377575,1,64
2016-07-26,8632.1,8634.1,8627.6,8631.15,14:35:00,8633.046176273298,1,65
2016-07-26,8635.0,8637.25,8631.3,8632.3,14:40:00,8633.23225472346,1,66
2016-07-26,8615.15,8635.05,8614.95,8635.05,14:45:00,8631.510135225988,1,67
2016-07-26,8616.7,8616.75,8605.3,8614.5,14:50:00,8630.099646156847,1,68
2016-07-26,8612.35,8617.8,8610.05,8616.9,14:55:00,8628.409203665718,1,69
2016-07-26,8608.45,8613.45,8605.95,8612.7,15:00:00,8626.508327126126,1,70
2016-07-26,8597.3,8610.8,8597.3,8608.1,15:05:00,8623.726581685543,1,71
2016-07-26,8584.7,8596.8,8580.35,8596.8,15:10:00,8620.00976438216,1,72
2016-07-26,8580.55,8585.7,8577.15,8585.05,15:15:00,8616.251691583857,1,73
2016-07-26,8586.35,8588.35,8580.15,8580.95,15:20:00,8613.403911433013,1,74
2016-07-26,8584.7,8588.65,8580.6,8586.0,15:25:00,8610.67020558225,1,75
2016-07-27,8629.8,8629.8,8593.85,8598.8,09:15:00,8612.492090764892,2,1
2016-07-27,8630.5,8633.1,8622.55,8630.85,09:20:00,8614.207129739665,2,2
2016-07-27,8632.7,8634.95,8626.35,8630.6,09:25:00,8615.968355478744,2,3
2016-07-27,8638.05,8641.15,8630.55,8632.5,09:30:00,8618.071369242673,2,4
2016-07-27,8642.05,8646.7,8636.0,8638.35,09:35:00,8620.355048362419,2,5
2016-07-27,8640.6,8642.7,8634.9,8641.65,09:40:00,8622.28313899457,2,6
2016-07-27,8647.2,8652.6,8640.0,8640.35,09:45:00,8624.656173376039,2,7
2016-07-27,8655.9,8658.0,8644.65,8647.1,09:50:00,8627.631775911654,2,8
2016-07-27,8659.0,8662.85,8655.55,8655.8,09:55:00,8630.61922582483,2,9
2016-07-27,8660.15,8662.55,8653.25,8659.1,10:00:00,8633.43168050818,2,10
2016-07-27,8660.1,8665.0,8658.1,8659.9,10:05:00,8635.971520459781,2,11
2016-07-27,8660.3,8663.3,8658.75,8659.15,10:10:00,8638.28851851123,2,12
2016-07-27,8654.65,8660.3,8654.2,8660.15,10:15:00,8639.846754843493,2,13
2016-07-27,8654.35,8655.8,8650.4,8654.3,10:20:00,8641.22801628697,2,14
2016-07-27,8653.3,8656.75,8652.65,8654.15,10:25:00,8642.377729021544,2,15
2016-07-27,8645.35,8655.95,8644.05,8653.25,10:30:00,8642.660802448063,2,16
2016-07-27,8645.55,8651.6,8644.0,8644.8,10:35:00,8642.935964119675,2,17
2016-07-27,8638.1,8645.8,8636.45,8645.8,10:40:00,8642.475396108277,2,18
2016-07-27,8638.85,8641.5,8631.95,8638.2,10:45:00,8642.130120288442,2,19
2016-07-27,8640.95,8643.4,8636.65,8638.4,10:50:00,8642.01772788002,2,20
2016-07-27,8643.25,8647.0,8639.85,8642.35,10:55:00,8642.135087129542,2,21
2016-07-27,8639.55,8647.1,8638.4,8643.05,11:00:00,8641.888888355299,2,22
2016-07-27,8639.2,8643.0,8638.85,8639.4,11:05:00,8641.632803750033,2,23
2016-07-27,8638.45,8641.7,8638.0,8639.15,11:10:00,8641.329679583363,2,24
2016-07-27,8619.45,8638.4,8618.8,8638.05,11:15:00,8639.245900575424,2,25
2016-07-27,8608.45,8622.7,8601.7,8619.55,11:20:00,8636.312957663478,2,26
2016-07-27,8599.05,8608.55,8592.35,8608.55,11:25:00,8632.76410455267,2,27
2016-07-27,8583.65,8599.75,8573.05,8599.35,11:30:00,8628.08657078575,2,28
2016-07-27,8596.25,8598.35,8583.4,8583.4,11:35:00,8625.054516425203,2,29
2016-07-27,8591.95,8602.4,8591.85,8596.0,11:40:00,8621.901705337088,2,30
2016-07-27,8595.25,8595.25,8588.45,8592.1,11:45:00,8619.363447685937,2,31
2016-07-27,8594.85,8600.7,8594.3,8594.95,11:50:00,8617.028833620609,2,32
2016-07-27,8594.2,8598.05,8593.8,8594.8,11:55:00,8614.854658990074,2,33
2016-07-27,8593.0,8597.6,8591.35,8594.5,12:00:00,8612.773262895782,2,34
2016-07-27,8590.65,8594.85,8582.9,8593.35,12:05:00,8610.666285477137,2,35
2016-07-27,8578.0,8591.95,8578.0,8590.55,12:10:00,8607.55521066979,2,36
2016-07-27,8578.75,8583.05,8576.55,8577.75,12:15:00,8604.811857272667,2,37
2016-07-27,8583.6,8584.7,8572.05,8578.8,12:20:00,8602.791680389555,2,38
2016-07-27,8587.4,8588.2,8582.85,8584.25,12:25:00,8601.32580606674,2,39
2016-07-27,8594.1,8596.1,8587.65,8587.65,12:30:00,8600.637634060384,2,40
2016-07-27,8608.8,8609.2,8594.2,8594.4,12:35:00,8601.41500224511,2,41
2016-07-27,8605.65,8610.1,8602.4,8608.55,12:40:00,8601.818335364624,2,42
2016-07-27,8599.85,8608.2,8596.15,8606.15,12:45:00,8601.630874853707,2,43
2016-07-27,8601.1,8601.3,8594.15,8600.0,12:50:00,8601.58031534383,2,44
2016-07-27,8603.3,8607.8,8600.8,8601.35,12:55:00,8601.744094834894,2,45
2016-07-27,8597.95,8606.4,8596.9,8602.9,13:00:00,8601.382752469666,2,46
2016-07-27,8590.15,8598.05,8587.1,8598.05,13:05:00,8600.312966520174,2,47
2016-07-27,8585.55,8590.1,8584.8,8589.8,13:10:00,8598.906969708729,2,48
2016-07-27,8588.15,8589.0,8582.85,8585.75,13:15:00,8597.882496403136,2,49
2016-07-27,8593.9,8593.9,8587.1,8588.25,13:20:00,8597.503211031408,2,50
2016-07-27,8593.6,8595.45,8591.5,8593.35,13:25:00,8597.131476647464,2,51
2016-07-27,8596.3,8601.35,8593.3,8593.5,13:30:00,8597.052288395324,2,52
2016-07-27,8591.75,8596.45,8591.05,8596.45,13:35:00,8596.54730854815,2,53
2016-07-27,8594.0,8595.9,8590.1,8591.85,13:40:00,8596.30470773404,2,54
2016-07-27,8592.4,8595.95,8592.0,8594.25,13:45:00,8595.932830806989,2,55
2016-07-27,8599.95,8601.45,8592.4,8592.5,13:50:00,8596.31541834918,2,56
2016-07-27,8592.5,8603.7,8592.15,8599.75,13:55:00,8595.952045173068,2,57
2016-07-27,8594.8,8600.25,8592.0,8592.0,14:00:00,8595.842326585156,2,58
2016-07-27,8595.85,8597.55,8591.05,8594.85,14:05:00,8595.84305738657,2,59
2016-07-27,8588.25,8596.45,8582.35,8595.55,14:10:00,8595.119909064038,2,60
2016-07-27,8593.6,8595.75,8587.7,8587.7,14:15:00,8594.975155819844,2,61
2016-07-27,8594.9,8597.0,8591.6,8593.85,14:20:00,8594.967998122716,2,62
2016-07-27,8595.3,8598.35,8593.35,8594.65,14:25:00,8594.999617349124,2,63
2016-07-27,8593.15,8597.65,8587.25,8595.6,14:30:00,8594.823463315874,2,64
2016-07-27,8590.1,8595.25,8588.95,8593.45,14:35:00,8594.373609666744,2,65
2016-07-27,8584.15,8592.55,8582.5,8590.5,14:40:00,8593.399932555625,2,66
2016-07-27,8593.2,8596.7,8583.75,8584.5,14:45:00,8593.380891359851,2,67
2016-07-27,8592.8,8599.4,8591.05,8593.6,14:50:00,8593.325568373199,2,68
2016-07-27,8587.65,8594.55,8586.7,8592.7,14:55:00,8592.785038051941,2,69
2016-07-27,8600.5,8601.4,8587.9,8587.9,15:00:00,8593.519796332708,2,70
2016-07-27,8618.3,8620.7,8600.55,8601.05,15:05:00,8595.879815729593,2,71
2016-07-27,8623.4,8625.3,8617.9,8618.8,15:10:00,8598.500785660108,2,72
2016-07-27,8620.7,8623.9,8618.1,8623.9,15:15:00,8600.614996549622,2,73
2016-07-27,8618.4,8622.55,8617.45,8620.75,15:20:00,8602.30880640204,2,74
2016-07-27,8609.35,8619.35,8607.65,8618.8,15:25:00,8602.97939626851,2,75
2016-07-28,8633.25,8636.2,8626.35,8636.2,09:15:00,8605.862310909604,3,1
2016-07-28,8643.0,8645.6,8634.05,8634.05,09:20:00,8609.399233680118,3,2
2016-07-28,8642.55,8648.65,8640.55,8643.25,09:25:00,8612.556449520107,3,3
2016-07-28,8643.35,8644.25,8635.35,8642.7,09:30:00,8615.48916861343,3,4
2016-07-28,8645.25,8645.95,8641.15,8643.85,09:35:00,8618.32353350739,3,5
2016-07-28,8639.2,8646.5,8639.2,8645.15,09:40:00,8620.311768411448,3,6
2016-07-28,8639.9,8640.6,8635.6,8638.7,09:45:00,8622.177314277023,3,7
2016-07-28,8640.6,8644.3,8639.7,8640.1,09:50:00,8623.93185577445,3,8
2016-07-28,8630.6,8641.75,8630.25,8640.7,09:55:00,8624.566917129265,3,9
2016-07-28,8637.4,8638.75,8630.8,8631.05,10:00:00,8625.789115497906,3,10
2016-07-28,8637.35,8638.05,8634.55,8637.5,10:05:00,8626.890152117154,3,11
2016-07-28,8638.25,8638.85,8631.65,8637.3,10:10:00,8627.97204239171,3,12
2016-07-28,8637.3,8639.0,8634.9,8638.2,10:15:00,8628.860419306784,3,13
2016-07-28,8640.65,8640.85,8636.75,8637.25,10:20:00,8629.983236515662,3,14
2016-07-28,8641.45,8642.75,8639.15,8640.55,10:25:00,8631.075309228456,3,15
2016-07-28,8637.6,8641.75,8636.6,8641.4,10:30:00,8631.696708349555,3,16
2016-07-28,8637.05,8639.4,8637.05,8637.55,10:35:00,8632.206545649597,3,17
2016-07-28,8638.2,8639.45,8635.0,8636.8,10:40:00,8632.777350825825,3,18
2016-07-28,8639.9,8640.2,8636.6,8638.15,10:45:00,8633.455698366222,3,19
2016-07-28,8644.75,8647.55,8639.45,8639.95,10:50:00,8634.531346140868,3,20
2016-07-28,8647.95,8648.7,8642.2,8644.9,10:55:00,8635.80931317507,3,21
2016-07-28,8643.45,8648.6,8643.0,8648.0,11:00:00,8636.536997634586,3,22
2016-07-28,8645.75,8646.95,8642.95,8643.5,11:05:00,8637.414426431293,3,23
2016-07-28,8647.5,8649.5,8645.5,8646.0,11:10:00,8638.37495724736,3,24
2016-07-28,8647.2,8651.0,8645.75,8647.35,11:15:00,8639.215437509516,3,25
2016-07-28,8645.55,8648.75,8643.85,8647.55,11:20:00,8639.818729175277,3,26
2016-07-28,8643.9,8646.35,8642.1,8645.15,11:25:00,8640.207421634774,3,27
2016-07-28,8643.25,8644.7,8641.6,8643.7,11:30:00,8640.49719100289,3,28
2016-07-28,8644.65,8646.55,8643.15,8643.8,11:35:00,8640.892696621662,3,29
2016-07-28,8645.8,8647.1,8644.0,8644.55,11:40:00,8641.360058848171,3,30
2016-07-28,8648.7,8649.75,8645.4,8645.9,11:45:00,8642.059100862632,3,31
2016-07-28,8647.85,8648.6,8645.45,8648.6,11:50:00,8642.61061506619,3,32
2016-07-28,8648.85,8649.05,8645.9,8647.9,11:55:00,8643.204842202744,3,33
2016-07-28,8645.6,8649.2,8645.25,8648.75,12:00:00,8643.43295246915,3,34
2016-07-28,8646.55,8648.65,8644.05,8645.45,12:05:00,8643.729814138755,3,35
2016-07-28,8649.6,8650.15,8646.3,8646.6,12:10:00,8644.288879458873,3,36
2016-07-28,8648.75,8649.9,8646.7,8649.55,12:15:00,8644.713748081838,3,37
2016-07-28,8650.4,8652.75,8647.95,8648.7,12:20:00,8645.255295883568,3,38
2016-07-28,8649.75,8650.9,8649.3,8650.55,12:25:00,8645.683362942276,3,39
2016-07-28,8649.5,8653.25,8647.2,8649.7,12:30:00,8646.04685218587,3,40
2016-07-28,8636.7,8649.95,8636.65,8649.2,12:35:00,8645.156675787215,3,41
2016-07-28,8640.0,8641.5,8635.75,8636.8,12:40:00,8644.66556380748,3,42
2016-07-28,8642.55,8643.6,8639.55,8639.85,12:45:00,8644.464081540102,3,43
2016-07-28,8639.55,8643.05,8639.15,8642.6,12:50:00,8643.996073774377,3,44
2016-07-28,8646.7,8646.9,8639.45,8639.45,12:55:00,8644.25359055777,3,45
2016-07-28,8645.05,8648.25,8645.05,8646.8,13:00:00,8644.329439076077,3,46
2016-07-28,8652.35,8652.85,8644.05,8644.7,13:05:00,8645.093302021212,3,47
2016-07-28,8650.55,8653.75,8647.6,8652.65,13:10:00,8645.612987543002,3,48
2016-07-28,8650.1,8654.85,8648.4,8650.45,13:15:00,8646.040322062716,3,49
2016-07-28,8654.45,8656.8,8649.1,8649.65,13:20:00,8646.841243771029,3,50
2016-07-28,8648.95,8654.4,8648.05,8654.2,13:25:00,8647.042077697597,3,51
2016-07-28,8646.5,8649.75,8642.7,8649.55,13:30:00,8646.990451250207,3,52
2016-07-28,8640.75,8647.1,8637.1,8646.75,13:35:00,8646.39612255971,3,53
2016-07-28,8644.9,8646.15,8640.2,8640.9,13:40:00,8646.25363469688,3,54
2016-07-28,8643.35,8646.1,8642.9,8644.65,13:45:00,8645.977098059082,3,55
2016-07-28,8639.1,8643.85,8634.15,8643.85,13:50:00,8645.32213633917,3,56
2016-07-28,8641.5,8642.1,8637.0,8638.95,13:55:00,8644.958123354487,3,57
2016-07-28,8645.55,8646.45,8640.4,8641.35,14:00:00,8645.014492558821,3,58
2016-07-28,8643.2,8648.95,8643.0,8646.2,14:05:00,8644.841683743694,3,59
2016-07-28,8639.9,8645.8,8639.5,8643.05,14:10:00,8644.371047196675,3,60
2016-07-28,8638.2,8639.8,8632.25,8639.8,14:15:00,8643.78332841604,3,61
2016-07-28,8642.85,8644.45,8636.6,8638.1,14:20:00,8643.694439995466,3,62
2016-07-28,8640.3,8642.85,8639.55,8642.8,14:25:00,8643.371159995899,3,63
2016-07-28,8645.0,8645.45,8637.55,8640.0,14:30:00,8643.526287615337,3,64
2016-07-28,8642.2,8647.25,8641.85,8645.4,14:35:00,8643.399974509115,3,65
2016-07-28,8642.6,8644.7,8640.15,8642.15,14:40:00,8643.323786460627,3,66
2016-07-28,8627.15,8642.4,8626.85,8642.4,14:45:00,8641.78342584533,3,67
2016-07-28,8638.05,8638.4,8625.25,8627.25,14:50:00,8641.427861479107,3,68
2016-07-28,8633.65,8639.65,8632.7,8638.1,14:55:00,8640.687112766813,3,69
2016-07-28,8658.95,8661.7,8633.75,8634.25,15:00:00,8642.42643536045,3,70
2016-07-28,8668.6,8669.95,8658.55,8658.7,15:05:00,8644.919155802312,3,71
2016-07-28,8668.7,8672.4,8666.4,8668.8,15:10:00,8647.183998106853,3,72
2016-07-28,8667.05,8671.95,8666.15,8668.35,15:15:00,8649.075998287153,3,73
2016-07-28,8671.55,8674.7,8665.05,8666.3,15:20:00,8651.216379402662,3,74
2016-07-28,8666.2,8673.45,8663.2,8671.25,15:25:00,8652.643390888123,3,75
2016-07-29,8651.3,8670.35,8643.0,8664.8,09:15:00,8652.515448898777,4,1
2016-07-29,8653.2,8661.2,8648.55,8651.25,09:20:00,8652.58064424175,4,2
2016-07-29,8663.65,8665.15,8653.1,8653.1,09:25:00,8653.634868599678,4,3
2016-07-29,8655.55,8663.75,8654.2,8663.45,09:30:00,8653.817262066375,4,4
2016-07-29,8651.0,8657.45,8644.9,8655.6,09:35:00,8653.548951393388,4,5
2016-07-29,8651.0,8653.05,8645.2,8650.6,09:40:00,8653.306194117828,4,6
2016-07-29,8657.0,8658.15,8650.85,8650.85,09:45:00,8653.657985154225,4,7
2016-07-29,8657.05,8660.55,8655.0,8656.85,09:50:00,8653.981034187156,4,8
2016-07-29,8655.8,8659.45,8652.75,8656.75,09:55:00,8654.154269026474,4,9
2016-07-29,8649.55,8656.4,8646.35,8655.4,10:00:00,8653.71576721443,4,10
2016-07-29,8643.75,8649.55,8641.5,8649.05,10:05:00,8652.766646527341,4,11
2016-07-29,8642.55,8643.05,8636.2,8641.7,10:10:00,8651.793632572357,4,12
2016-07-29,8654.15,8655.05,8642.5,8642.65,10:15:00,8652.018048517846,4,13
2016-07-29,8653.4,8657.5,8652.7,8654.55,10:20:00,8652.149662944717,4,14
2016-07-29,8654.1,8657.8,8652.55,8653.6,10:25:00,8652.335409330935,4,15
2016-07-29,8660.05,8663.35,8653.75,8653.9,10:30:00,8653.0701322518,4,16
2016-07-29,8660.65,8663.85,8656.2,8660.1,10:35:00,8653.792024418295,4,17
2016-07-29,8658.2,8660.95,8656.55,8660.8,10:40:00,8654.211831616552,4,18
2016-07-29,8657.1,8662.55,8656.5,8657.8,10:45:00,8654.486895272119,4,19
2016-07-29,8651.45,8656.95,8650.6,8656.95,10:50:00,8654.197667150966,4,20
2016-07-29,8651.35,8655.5,8650.05,8651.25,10:55:00,8653.926460755636,4,21
2016-07-29,8650.8,8652.95,8649.55,8650.9,11:00:00,8653.628702588432,4,22
2016-07-29,8652.15,8652.4,8648.9,8651.15,11:05:00,8653.487873770486,4,23
2016-07-29,8657.15,8657.15,8651.3,8652.1,11:10:00,8653.836647697106,4,24
2016-07-29,8660.75,8662.45,8656.85,8657.1,11:15:00,8654.495062202144,4,25
2016-07-29,8664.15,8664.15,8660.2,8660.3,11:20:00,8655.414580087654,4,26
2016-07-29,8665.0,8669.15,8662.9,8664.1,11:25:00,8656.327477222163,4,27
2016-07-29,8658.6,8666.6,8655.05,8664.55,11:30:00,8656.54390796291,4,28
2016-07-29,8657.6,8660.15,8656.1,8658.4,11:35:00,8656.644488156919,4,29
2016-07-29,8655.35,8658.6,8654.75,8657.95,11:40:00,8656.521203570546,4,30
2016-07-29,8658.75,8659.2,8654.7,8655.2,11:45:00,8656.73346989716,4,31
2016-07-29,8659.25,8660.75,8656.95,8658.5,11:50:00,8656.973139430764,4,32
2016-07-29,8654.55,8659.5,8653.05,8659.5,11:55:00,8656.74236424688,4,33
2016-07-29,8646.45,8654.7,8646.15,8654.2,12:00:00,8655.76213908051,4,34
2016-07-29,8648.1,8648.2,8643.55,8646.55,12:05:00,8655.032411549033,4,35
2016-07-29,8652.6,8653.2,8647.55,8647.85,12:10:00,8654.800753306268,4,36
2016-07-29,8649.15,8653.45,8648.55,8652.3,12:15:00,8654.26258632472,4,37
2016-07-29,8647.0,8650.75,8647.0,8649.65,12:20:00,8653.570911436651,4,38
2016-07-29,8649.25,8650.0,8646.75,8647.55,12:25:00,8653.159396061732,4,39
2016-07-29,8651.1,8654.3,8647.65,8649.3,12:30:00,8652.963263103471,4,40
2016-07-29,8652.7,8654.15,8650.55,8650.55,12:35:00,8652.93819042695,4,41
2016-07-29,8647.0,8655.45,8646.05,8652.55,12:40:00,8652.372648481527,4,42
2016-07-29,8649.3,8650.05,8644.5,8647.15,12:45:00,8652.08001529281,4,43
2016-07-29,8647.75,8650.7,8646.2,8649.5,12:50:00,8651.667632883971,4,44
2016-07-29,8648.1,8648.6,8644.4,8648.6,12:55:00,8651.327858323593,4,45
2016-07-29,8649.95,8654.0,8647.4,8648.9,13:00:00,8651.196633721345,4,46
2016-07-29,8651.45,8652.45,8649.15,8650.8,13:05:00,8651.220763843123,4,47
2016-07-29,8653.0,8654.45,8649.7,8651.75,13:10:00,8651.390214905683,4,48
2016-07-29,8652.75,8656.55,8652.0,8654.3,13:15:00,8651.519718247999,4,49
2016-07-29,8648.75,8654.4,8647.95,8652.55,13:20:00,8651.255935557714,4,50
2016-07-29,8644.7,8649.25,8643.65,8649.25,13:25:00,8650.631560742693,4,51
2016-07-29,8644.45,8647.35,8643.85,8645.45,13:30:00,8650.04284067196,4,52
2016-07-29,8644.8,8646.55,8643.05,8645.2,13:35:00,8649.543522512726,4,53
2016-07-29,8653.25,8654.95,8643.2,8644.6,13:40:00,8649.896520368657,4,54
2016-07-29,8649.15,8654.0,8646.7,8653.7,13:45:00,8649.825423190689,4,55
2016-07-29,8647.6,8651.9,8646.4,8649.55,13:50:00,8649.61347812491,4,56
2016-07-29,8640.95,8648.25,8640.5,8647.75,13:55:00,8648.788384970156,4,57
2016-07-29,8642.35,8646.1,8641.1,8641.9,14:00:00,8648.175205449188,4,58
2016-07-29,8642.6,8643.05,8636.6,8642.9,14:05:00,8647.644233501645,4,59
2016-07-29,8642.0,8644.85,8641.35,8643.15,14:10:00,8647.10668745387,4,60
2016-07-29,8647.0,8647.9,8640.85,8641.9,14:15:00,8647.096526743979,4,61
2016-07-29,8643.85,8647.7,8641.65,8647.2,14:20:00,8646.787333720742,4,62
2016-07-29,8637.6,8644.35,8635.55,8643.75,14:25:00,8645.912349556862,4,63
2016-07-29,8639.1,8641.15,8636.45,8637.4,14:30:00,8645.26355436097,4,64
2016-07-29,8636.15,8639.15,8633.35,8639.15,14:35:00,8644.395596802782,4,65
2016-07-29,8640.45,8640.8,8634.95,8636.4,14:40:00,8644.019825678708,4,66
2016-07-29,8638.65,8642.0,8637.35,8640.2,14:45:00,8643.508413709307,4,67
2016-07-29,8639.7,8644.35,8638.55,8638.7,14:50:00,8643.145707641754,4,68
2016-07-29,8637.65,8640.55,8636.95,8639.75,14:55:00,8642.622306913967,4,69
2016-07-29,8632.05,8640.9,8631.15,8637.9,15:00:00,8641.615420541208,4,70
2016-07-29,8639.15,8639.75,8631.9,8631.9,15:05:00,8641.380618584903,4,71
2016-07-29,8638.15,8641.5,8636.6,8639.2,15:10:00,8641.072940624435,4,72
2016-07-29,8639.5,8640.35,8635.3,8638.65,15:15:00,8640.923136755442,4,73
2016-07-29,8638.8,8641.75,8638.65,8639.45,15:20:00,8640.720933254923,4,74
2016-07-29,8642.3,8646.3,8638.75,8639.5,15:25:00,8640.871320563978,4,75
2016-08-01,8698.8,8699.8,8650.8,8654.5,09:15:00,8646.388337653123,0,1
2016-08-01,8692.3,8703.15,8688.0,8698.75,09:20:00,8650.760876924254,0,2
2016-08-01,8694.4,8695.15,8690.15,8692.45,09:25:00,8654.91698388385,0,3
2016-08-01,8697.35,8698.6,8693.15,8693.8,09:30:00,8658.95822351396,0,4
2016-08-01,8694.0,8701.15,8692.85,8697.2,09:35:00,8662.29553556025,0,5
2016-08-01,8695.35,8696.0,8691.35,8693.9,09:40:00,8665.443579792607,0,6
2016-08-01,8698.55,8698.55,8694.05,8695.2,09:45:00,8668.596572193312,0,7
2016-08-01,8698.7,8702.95,8697.6,8698.1,09:50:00,8671.46356531776,0,8
2016-08-01,8694.4,8698.9,8693.3,8698.3,09:55:00,8673.647987668448,0,9
2016-08-01,8693.25,8694.8,8691.5,8694.8,10:00:00,8675.51484598574,0,10
2016-08-01,8694.5,8698.5,8691.8,8693.35,10:05:00,8677.32295589186,0,11
2016-08-01,8697.75,8700.15,8692.1,8694.55,10:10:00,8679.268388664063,0,12
2016-08-01,8701.1,8703.5,8698.1,8698.2,10:15:00,8681.347589743675,0,13
2016-08-01,8707.4,8708.65,8700.9,8700.9,10:20:00,8683.828771672848,0,14
2016-08-01,8710.6,8711.3,8704.9,8707.65,10:25:00,8686.37841246591,0,15
2016-08-01,8705.55,8710.9,8705.55,8710.15,10:30:00,8688.204277945348,0,16
2016-08-01,8706.05,8708.25,8704.9,8705.25,10:35:00,8689.903870521981,0,17
2016-08-01,8707.3,8709.5,8705.05,8705.65,10:40:00,8691.560644757983,0,18
2016-08-01,8694.8,8708.55,8692.7,8707.75,10:45:00,8691.869154781032,0,19
2016-08-01,8694.0,8697.45,8692.2,8694.15,10:50:00,8692.072092420934,0,20
2016-08-01,8704.25,8704.8,8693.3,8694.25,10:55:00,8693.23189314275,0,21
2016-08-01,8696.0,8704.1,8695.25,8703.95,11:00:00,8693.495522367251,0,22
2016-08-01,8692.8,8696.5,8692.35,8695.95,11:05:00,8693.429282141798,0,23
2016-08-01,8692.65,8695.7,8691.8,8692.9,11:10:00,8693.35506479496,0,24
2016-08-01,8694.6,8696.15,8692.3,8692.8,11:15:00,8693.473630052582,0,25
2016-08-01,8694.1,8695.75,8693.45,8694.85,11:20:00,8693.533284333289,0,26
2016-08-01,8691.35,8694.6,8690.6,8694.4,11:25:00,8693.325352492024,0,27
2016-08-01,8690.3,8692.2,8687.85,8691.5,11:30:00,8693.037223683259,0,28
2016-08-01,8689.75,8692.25,8688.35,8690.65,11:35:00,8692.724154761045,0,29
2016-08-01,8690.6,8692.05,8688.05,8689.4,11:40:00,8692.521854307612,0,30
2016-08-01,8685.9,8690.95,8682.85,8690.65,11:45:00,8691.89120151641,0,31
2016-08-01,8686.05,8688.9,8684.35,8685.7,11:50:00,8691.334896610084,0,32
2016-08-01,8659.65,8687.45,8658.45,8686.3,11:55:00,8688.317287409123,0,33
2016-08-01,8658.05,8661.35,8644.3,8659.45,12:00:00,8685.434688608255,0,34
2016-08-01,8661.1,8666.15,8656.9,8657.1,12:05:00,8683.117099216992,0,35
2016-08-01,8655.35,8662.7,8654.55,8660.4,12:10:00,8680.472613577278,0,36
2016-08-01,8651.65,8656.05,8648.7,8655.8,12:15:00,8677.727602760395,0,37
2016-08-01,8645.8,8653.55,8645.65,8651.05,12:20:00,8674.686878687977,0,38
2016-08-01,8639.25,8651.35,8638.1,8645.55,12:25:00,8671.31193786055,0,39
2016-08-01,8639.35,8639.8,8624.6,8639.35,12:30:00,8668.267943778592,0,40
2016-08-01,8638.15,8640.35,8636.65,8639.15,12:35:00,8665.39956818063,0,41
2016-08-01,8633.55,8638.4,8632.0,8637.75,12:40:00,8662.36627597295,0,42
2016-08-01,8627.6,8634.3,8627.6,8633.4,12:45:00,8659.055202070764,0,43
2016-08-01,8630.8,8630.9,8623.2,8626.75,12:50:00,8656.364230444977,0,44
2016-08-01,8633.25,8634.45,8630.6,8630.75,12:55:00,8654.162875164502,0,45
2016-08-01,8628.4,8635.05,8628.4,8633.45,13:00:00,8651.709268005978,0,46
2016-08-01,8615.65,8628.7,8611.0,8628.1,13:05:00,8648.275052005409,0,47
2016-08-01,8610.55,8616.35,8604.5,8615.45,13:10:00,8644.682189909656,0,48
2016-08-01,8596.1,8610.9,8590.5,8610.8,13:15:00,8640.055314680165,0,49
2016-08-01,8610.8,8612.6,8594.65,8595.8,13:20:00,8637.269094234434,0,50
2016-08-01,8615.7,8616.35,8608.5,8610.9,13:25:00,8635.214894783536,0,51
2016-08-01,8628.25,8634.9,8615.3,8616.4,13:30:00,8634.551571470818,0,52
2016-08-01,8633.4,8635.9,8627.0,8628.15,13:35:00,8634.441897997407,0,53
2016-08-01,8632.0,8633.65,8629.15,8633.35,13:40:00,8634.209336283368,0,54
2016-08-01,8636.85,8637.1,8631.85,8632.15,13:45:00,8634.460828065903,0,55
2016-08-01,8642.05,8646.7,8638.05,8638.05,13:50:00,8635.183606345341,0,56
2016-08-01,8637.05,8643.15,8630.9,8643.15,13:55:00,8635.361358121976,0,57
2016-08-01,8638.5,8639.2,8634.9,8637.15,14:00:00,8635.660276396075,0,58
2016-08-01,8638.7,8642.95,8636.5,8638.75,14:05:00,8635.949773882163,0,59
2016-08-01,8639.85,8641.55,8636.4,8638.75,14:10:00,8636.321223988623,0,60
2016-08-01,8633.95,8642.25,8633.95,8640.35,14:15:00,8636.095393132564,0,61
2016-08-01,8634.65,8637.95,8633.8,8634.45,14:20:00,8635.957736643748,0,62
2016-08-01,8622.8,8635.25,8619.65,8634.85,14:25:00,8634.704618868152,0,63
2016-08-01,8628.85,8628.85,8621.8,8622.0,14:30:00,8634.147036118804,0,64
2016-08-01,8626.1,8629.25,8620.05,8628.7,14:35:00,8633.380651726537,0,65
2016-08-01,8629.65,8631.75,8626.15,8626.15,14:40:00,8633.025351562104,0,66
2016-08-01,8635.75,8638.9,8629.55,8630.05,14:45:00,8633.284841889523,0,67
2016-08-01,8630.9,8635.65,8630.05,8635.05,14:50:00,8633.05771409052,0,68
2016-08-01,8626.75,8632.8,8623.65,8631.15,14:55:00,8632.456979415232,0,69
2016-08-01,8636.1,8636.75,8625.15,8626.45,15:00:00,8632.803933756639,0,70
2016-08-01,8634.25,8639.2,8633.8,8635.75,15:05:00,8632.941654351243,0,71
2016-08-01,8636.35,8638.2,8629.65,8634.15,15:10:00,8633.266258698744,0,72
2016-08-01,8637.5,8638.8,8631.4,8635.95,15:15:00,8633.669472156007,0,73
2016-08-01,8637.75,8639.55,8636.1,8638.25,15:20:00,8634.058093855436,0,74
2016-08-01,8647.15,8648.05,8637.25,8637.25,15:25:00,8635.30494205968,0,75
2016-08-03,8598.1,8631.7,8596.25,8631.7,09:15:00,8631.761614244471,2,1
2016-08-03,8596.5,8600.2,8585.8,8597.55,09:20:00,8628.403365268807,2,2
2016-08-03,8592.6,8601.5,8589.05,8596.7,09:25:00,8624.993520957492,2,3
2016-08-03,8584.25,8595.0,8584.25,8593.0,09:30:00,8621.113185628206,2,4
2016-08-03,8575.0,8584.15,8569.45,8584.15,09:35:00,8616.721453663615,2,5
2016-08-03,8569.5,8577.85,8564.3,8574.9,09:40:00,8612.22417236232,2,6
2016-08-03,8570.85,8575.1,8565.95,8569.9,09:45:00,8608.28377499448,2,7
2016-08-03,8574.8,8578.25,8570.65,8570.75,09:50:00,8605.094844042624,2,8
2016-08-03,8571.05,8575.4,8571.05,8574.95,09:55:00,8601.852477943326,2,9
2016-08-03,8582.5,8583.2,8571.25,8571.25,10:00:00,8600.009384805868,2,10
2016-08-03,8579.1,8584.15,8577.1,8582.2,10:05:00,8598.018014824356,2,11
2016-08-03,8605.8,8606.8,8576.9,8579.2,10:10:00,8598.759156269656,2,12
2016-08-03,8595.2,8607.8,8590.75,8605.85,10:15:00,8598.42018900588,2,13
2016-08-03,8593.35,8595.85,8589.95,8594.65,10:20:00,8597.937313862461,2,14
2016-08-03,8592.6,8596.5,8590.4,8593.6,10:25:00,8597.428998256513,2,15
2016-08-03,8585.55,8592.95,8583.4,8592.75,10:30:00,8596.297665089227,2,16
2016-08-03,8578.9,8588.95,8578.45,8585.45,10:35:00,8594.640744604538,2,17
2016-08-03,8577.85,8582.75,8577.35,8578.7,10:40:00,8593.041626070772,2,18
2016-08-03,8573.05,8579.45,8571.95,8577.7,10:45:00,8591.137661683078,2,19
2016-08-03,8573.85,8577.0,8571.05,8573.0,10:50:00,8589.491217713261,2,20
2016-08-03,8573.65,8575.45,8567.7,8573.95,10:55:00,8587.982530311998,2,21
2016-08-03,8577.2,8583.8,8571.55,8573.5,11:00:00,8586.955622663236,2,22
2016-08-03,8571.6,8579.85,8571.3,8577.55,11:05:00,8585.493182409595,2,23
2016-08-03,8571.9,8573.45,8566.2,8571.45,11:10:00,8584.19859360868,2,24
2016-08-03,8569.95,8574.35,8569.05,8572.35,11:15:00,8582.841584693568,2,25
2016-08-03,8561.8,8570.0,8555.45,8569.05,11:20:00,8580.837624246562,2,26
2016-08-03,8562.75,8570.25,8559.45,8562.25,11:25:00,8579.114993365936,2,27
2016-08-03,8560.8,8568.05,8559.4,8562.9,11:30:00,8577.370708283466,2,28
2016-08-03,8554.95,8560.7,8551.55,8560.2,11:35:00,8575.23540273266,2,29
2016-08-03,8548.25,8555.45,8545.15,8554.8,11:40:00,8572.665364377168,2,30
2016-08-03,8559.2,8561.5,8548.05,8550.45,11:45:00,8571.3829487222,2,31
2016-08-03,8562.85,8565.75,8557.5,8558.9,11:50:00,8570.570286939133,2,32
2016-08-03,8559.4,8566.45,8558.6,8563.1,11:55:00,8569.506450087787,2,33
2016-08-03,8563.35,8566.8,8556.1,8560.25,12:00:00,8568.920121507997,2,34
2016-08-03,8565.35,8571.3,8561.5,8563.15,12:05:00,8568.580109935807,2,35
2016-08-03,8569.5,8571.65,8559.6,8565.2,12:10:00,8568.667718513349,2,36
2016-08-03,8566.3,8571.3,8565.7,8569.1,12:15:00,8568.442221512078,2,37
2016-08-03,8566.3,8569.65,8565.4,8566.4,12:20:00,8568.23820041569,2,38
2016-08-03,8562.5,8566.5,8559.95,8566.1,12:25:00,8567.691705138004,2,39
2016-08-03,8564.0,8567.15,8559.8,8562.7,12:30:00,8567.340114172479,2,40
2016-08-03,8570.1,8572.1,8560.3,8563.85,12:35:00,8567.602960441767,2,41
2016-08-03,8572.85,8576.85,8570.1,8570.3,12:40:00,8568.102678494932,2,42
2016-08-03,8558.55,8573.8,8557.6,8572.75,12:45:00,8567.192899590653,2,43
2016-08-03,8557.1,8562.8,8555.85,8558.5,12:50:00,8566.231671058209,2,44
2016-08-03,8556.15,8559.2,8550.35,8557.7,12:55:00,8565.271511909808,2,45
2016-08-03,8556.5,8561.05,8555.3,8556.4,13:00:00,8564.43612982316,2,46
2016-08-03,8554.95,8558.15,8552.85,8556.85,13:05:00,8563.53268888762,2,47
2016-08-03,8547.3,8557.25,8547.25,8555.4,13:10:00,8561.986718517372,2,48
2016-08-03,8555.95,8559.3,8545.95,8547.35,13:15:00,8561.41179294429,2,49
2016-08-03,8563.6,8571.05,8555.6,8556.0,13:20:00,8561.620193616262,2,50
2016-08-03,8566.4,8567.2,8558.3,8563.1,13:25:00,8562.075413271856,2,51
2016-08-03,8561.1,8568.05,8561.1,8566.9,13:30:00,8561.982516769775,2,52
2016-08-03,8562.95,8563.55,8556.2,8561.2,13:35:00,8562.074658029796,2,53
2016-08-03,8566.2,8566.9,8558.75,8563.1,13:40:00,8562.467547741244,2,54
2016-08-03,8578.9,8578.9,8566.4,8566.4,13:45:00,8564.032543194458,2,55
2016-08-03,8578.4,8583.9,8574.6,8579.65,13:50:00,8565.400872414033,2,56
2016-08-03,8576.05,8583.75,8572.55,8578.8,13:55:00,8566.415075041268,2,57
2016-08-03,8572.5,8581.2,8572.45,8575.95,14:00:00,8566.994591704004,2,58
2016-08-03,8575.4,8578.65,8568.3,8572.2,14:05:00,8567.795106779813,2,59
2016-08-03,8572.75,8576.55,8568.65,8575.5,14:10:00,8568.267001372213,2,60
2016-08-03,8568.45,8573.45,8568.1,8572.8,14:15:00,8568.284429812955,2,61
2016-08-03,8569.3,8570.95,8559.25,8568.2,14:20:00,8568.381150783149,2,62
2016-08-03,8575.2,8575.65,8569.0,8569.2,14:25:00,8569.030564994278,2,63
2016-08-03,8570.45,8575.55,8566.05,8575.4,14:30:00,8569.165749280537,2,64
2016-08-03,8576.55,8581.2,8570.05,8570.5,14:35:00,8569.869011253819,2,65
2016-08-03,8568.25,8577.2,8564.95,8576.45,14:40:00,8569.714819705836,2,66
2016-08-03,8570.5,8574.2,8564.45,8567.65,14:45:00,8569.78959878147,2,67
2016-08-03,8575.1,8580.45,8570.75,8570.75,14:50:00,8570.295351278473,2,68
2016-08-03,8569.8,8576.1,8568.15,8575.35,14:55:00,8570.248174966238,2,69
2016-08-03,8563.65,8571.35,8563.65,8569.95,15:00:00,8569.619777350406,2,70
2016-08-03,8553.95,8564.2,8549.3,8563.75,15:05:00,8568.12741760275,2,71
2016-08-03,8539.15,8556.75,8538.5,8554.25,15:10:00,8565.367663545345,2,72
2016-08-03,8535.65,8539.55,8529.6,8539.4,15:15:00,8562.53740987436,2,73
2016-08-03,8539.15,8542.65,8536.15,8536.15,15:20:00,8560.310037505373,2,74
2016-08-03,8540.7,8543.3,8538.15,8538.9,15:25:00,8558.442414885814,2,75
2016-08-04,8569.6,8599.65,8564.3,8595.3,09:15:00,8559.505042039546,3,1
2016-08-04,8557.3,8569.75,8549.15,8569.55,09:20:00,8559.29503803578,3,2
2016-08-04,8534.85,8557.65,8521.65,8557.35,09:25:00,8556.966939175229,3,3
2016-08-04,8526.4,8534.8,8519.5,8534.8,09:30:00,8554.055802110921,3,4
2016-08-04,8542.0,8542.0,8526.15,8526.5,09:35:00,8552.90763048131,3,5
2016-08-04,8543.9,8547.05,8538.4,8541.7,09:40:00,8552.049760911661,3,6
2016-08-04,8554.5,8558.2,8544.05,8544.05,09:45:00,8552.283117015313,3,7
2016-08-04,8568.0,8568.25,8553.15,8554.65,09:50:00,8553.779963013854,3,8
2016-08-04,8559.9,8574.05,8558.85,8568.2,09:55:00,8554.362823679201,3,9
2016-08-04,8566.55,8570.25,8557.5,8559.65,10:00:00,8555.523507138325,3,10
2016-08-04,8565.25,8567.65,8562.45,8566.6,10:05:00,8556.449839791818,3,11
2016-08-04,8562.3,8565.65,8562.3,8565.3,10:10:00,8557.006997906883,3,12
2016-08-04,8558.15,8562.15,8553.9,8562.15,10:15:00,8557.115855249085,3,13
2016-08-04,8556.45,8558.35,8553.85,8558.1,10:20:00,8557.052440463458,3,14
2016-08-04,8565.7,8565.7,8555.65,8556.55,10:25:00,8557.876017562176,3,15
2016-08-04,8567.4,8569.2,8563.75,8565.9,10:30:00,8558.783063508636,3,16
2016-08-04,8564.4,8568.4,8560.65,8567.95,10:35:00,8559.318009841147,3,17
2016-08-04,8562.65,8566.05,8562.5,8564.3,10:40:00,8559.635342237229,3,18
2016-08-04,8566.85,8568.05,8562.1,8562.85,10:45:00,8560.32245250035,3,19
2016-08-04,8569.3,8569.3,8566.05,8567.1,10:50:00,8561.177457024125,3,20
2016-08-04,8568.0,8573.3,8568.0,8569.35,10:55:00,8561.827223021828,3,21
2016-08-04,8566.45,8569.5,8565.4,8568.55,11:00:00,8562.26748749594,3,22
2016-08-04,8564.75,8566.95,8558.75,8566.3,11:05:00,8562.503917258231,3,23
2016-08-04,8564.25,8566.05,8561.65,8564.8,11:10:00,8562.670210852686,3,24
2016-08-04,8559.35,8564.1,8557.4,8564.1,11:15:00,8562.354000295287,3,25
2016-08-04,8556.45,8560.8,8554.1,8559.65,11:20:00,8561.791714552879,3,26
2016-08-04,8558.3,8560.45,8556.05,8556.25,11:25:00,8561.459170309749,3,27
2016-08-04,8562.95,8564.35,8557.0,8558.2,11:30:00,8561.601154089773,3,28
2016-08-04,8563.0,8565.05,8562.35,8562.9,11:35:00,8561.734377509794,3,29
2016-08-04,8563.1,8564.2,8560.35,8563.6,11:40:00,8561.864436794576,3,30
2016-08-04,8564.7,8565.95,8562.15,8563.2,11:45:00,8562.134490433189,3,31
2016-08-04,8566.15,8570.45,8563.9,8564.6,11:50:00,8562.516919915743,3,32
2016-08-04,8564.4,8570.25,8562.7,8566.75,11:55:00,8562.696260876148,3,33
2016-08-04,8559.85,8564.7,8558.45,8564.7,12:00:00,8562.425188411753,3,34
2016-08-04,8555.75,8561.1,8551.1,8559.35,12:05:00,8561.789456182063,3,35
2016-08-04,8554.35,8558.35,8552.05,8556.05,12:10:00,8561.080936545677,3,36
2016-08-04,8554.65,8554.95,8551.35,8553.75,12:15:00,8560.46846639847,3,37
2016-08-04,8552.25,8554.6,8550.6,8554.25,12:20:00,8559.685755312901,3,38
2016-08-04,8555.1,8557.2,8551.4,8551.4,12:25:00,8559.249016711672,3,39
2016-08-04,8558.35,8559.2,8554.8,8555.15,12:30:00,8559.163396072465,3,40
2016-08-04,8559.55,8560.6,8556.1,8558.1,12:35:00,8559.200215494135,3,41
2016-08-04,8557.65,8561.7,8557.65,8559.65,12:40:00,8559.052575923264,3,42
2016-08-04,8556.85,8559.05,8552.95,8557.5,12:45:00,8558.842806787714,3,43
2016-08-04,8558.8,8560.15,8556.4,8556.4,12:50:00,8558.838729950789,3,44
2016-08-04,8556.9,8561.95,8556.8,8558.75,12:55:00,8558.654089003096,3,45
2016-08-04,8547.85,8557.1,8545.65,8556.85,13:00:00,8557.625128145659,3,46
2016-08-04,8547.4,8549.45,8541.6,8547.7,13:05:00,8556.651306417501,3,47
2016-08-04,8539.9,8547.4,8538.3,8547.15,13:10:00,8555.055943901549,3,48
2016-08-04,8539.65,8542.45,8536.35,8539.7,13:15:00,8553.58871114902,3,49
2016-08-04,8541.35,8544.15,8538.5,8539.55,13:20:00,8552.423119611018,3,50
2016-08-04,8539.9,8545.1,8538.5,8541.6,13:25:00,8551.230441552825,3,51
2016-08-04,8539.7,8543.2,8536.0,8539.6,13:30:00,8550.132304262079,3,52
2016-08-04,8535.7,8541.25,8533.4,8539.65,13:35:00,8548.757799094261,3,53
2016-08-04,8535.75,8537.4,8533.0,8536.0,13:40:00,8547.518961085283,3,54
2016-08-04,8535.1,8541.9,8533.05,8535.55,13:45:00,8546.336202886685,3,55
2016-08-04,8525.05,8535.95,8522.95,8535.8,13:50:00,8544.308945468905,3,56
2016-08-04,8526.9,8531.4,8524.05,8525.1,13:55:00,8542.650950662342,3,57
2016-08-04,8530.5,8534.5,8527.35,8527.85,14:00:00,8541.493717265928,3,58
2016-08-04,8526.9,8533.9,8526.9,8530.7,14:05:00,8540.103839431078,3,59
2016-08-04,8524.45,8527.0,8519.75,8526.85,14:10:00,8538.6129975805,3,60
2016-08-04,8523.65,8525.8,8519.75,8524.5,14:15:00,8537.187950191881,3,61
2016-08-04,8524.4,8530.25,8522.4,8523.55,14:20:00,8535.970050173606,3,62
2016-08-04,8520.55,8527.85,8518.15,8524.55,14:25:00,8534.501473966597,3,63
2016-08-04,8533.15,8538.2,8519.55,8520.65,14:30:00,8534.372762160254,3,64
2016-08-04,8528.3,8533.5,8522.6,8533.5,14:35:00,8533.794403859278,3,65
2016-08-04,8527.65,8528.55,8520.0,8528.2,14:40:00,8533.209222539346,3,66
2016-08-04,8526.65,8532.0,8524.6,8528.1,14:45:00,8532.584534678455,3,67
2016-08-04,8530.55,8532.55,8526.4,8526.85,14:50:00,8532.390769470983,3,68
2016-08-04,8539.45,8540.25,8529.8,8530.85,14:55:00,8533.063077140414,3,69
2016-08-04,8542.45,8545.65,8540.45,8540.45,15:00:00,8533.957069793709,3,70
2016-08-04,8541.15,8544.5,8539.5,8542.3,15:05:00,8534.642110765737,3,71
2016-08-04,8545.1,8545.8,8540.7,8541.75,15:10:00,8535.63810021662,3,72
2016-08-04,8559.7,8559.95,8544.75,8544.75,15:15:00,8537.9297097198,3,73
2016-08-04,8562.4,8563.25,8557.3,8560.1,15:20:00,8540.26021355601,3,74
2016-08-04,8561.75,8565.5,8560.45,8563.05,15:25:00,8542.30685988401,3,75
2016-08-05,8617.4,8625.5,8590.15,8594.05,09:15:00,8549.458587514104,4,1
2016-08-05,8623.1,8629.25,8617.2,8617.2,09:20:00,8556.472055369904,4,2
2016-08-05,8621.2,8626.0,8618.0,8622.7,09:25:00,8562.636621525153,4,3
2016-08-05,8625.5,8626.9,8614.2,8621.8,09:30:00,8568.623609951328,4,4
2016-08-05,8617.9,8628.5,8617.0,8626.35,09:35:00,8573.316599479773,4,5
2016-08-05,8625.35,8625.35,8617.55,8618.25,09:40:00,8578.27216143408,4,6
2016-08-05,8624.05,8628.0,8623.1,8624.95,09:45:00,8582.631955583216,4,7
2016-08-05,8623.4,8625.1,8621.6,8624.4,09:50:00,8586.514626480053,4,8
2016-08-05,8626.2,8627.65,8622.4,8623.7,09:55:00,8590.294185862906,4,9
2016-08-05,8628.2,8630.7,8625.65,8626.25,10:00:00,8593.904263399772,4,10
2016-08-05,8629.0,8629.85,8627.15,8627.95,10:05:00,8597.246714504556,4,11
2016-08-05,8627.1,8630.6,8626.35,8629.6,10:10:00,8600.08988455174,4,12
2016-08-05,8633.9,8634.75,8624.45,8626.65,10:15:00,8603.309895546812,4,13
2016-08-05,8634.05,8634.4,8631.65,8633.55,10:20:00,8606.237524542354,4,14
2016-08-05,8644.9,8646.65,8633.65,8634.15,10:25:00,8609.91966506213,4,15
2016-08-05,8638.45,8646.1,8637.9,8644.45,10:30:00,8612.636839818118,4,16
2016-08-05,8641.2,8641.6,8635.95,8638.3,10:35:00,8615.35714078782,4,17
2016-08-05,8642.35,8645.55,8640.5,8641.15,10:40:00,8617.92788928422,4,18
2016-08-05,8637.95,8642.55,8637.95,8642.15,10:45:00,8619.834756971437,4,19
2016-08-05,8639.8,8641.6,8637.1,8637.75,10:50:00,8621.736208688442,4,20
2016-08-05,8639.25,8641.0,8637.9,8639.9,10:55:00,8623.404188813352,4,21
2016-08-05,8638.2,8640.55,8636.5,8639.3,11:00:00,8624.813313688272,4,22
2016-08-05,8639.2,8641.05,8636.25,8638.4,11:05:00,8626.183474289388,4,23
2016-08-05,8641.0,8643.2,8637.25,8639.15,11:10:00,8627.594571976113,4,24
2016-08-05,8645.85,8647.45,8639.7,8641.1,11:15:00,8629.333184168863,4,25
2016-08-05,8644.8,8647.0,8643.25,8645.5,11:20:00,8630.80621424802,4,26
2016-08-05,8644.2,8645.1,8642.8,8644.85,11:25:00,8632.081812891065,4,27
2016-08-05,8645.5,8649.55,8643.85,8644.3,11:30:00,8633.359735472868,4,28
2016-08-05,8647.75,8650.05,8645.25,8645.45,11:35:00,8634.730236856405,4,29
2016-08-05,8650.55,8651.65,8647.05,8647.95,11:40:00,8636.236880965318,4,30
2016-08-05,8649.95,8652.15,8648.1,8650.6,11:45:00,8637.542892301954,4,31
2016-08-05,8646.05,8650.8,8645.0,8650.25,11:50:00,8638.3530930351,4,32
2016-08-05,8644.05,8647.65,8644.05,8646.1,11:55:00,8638.895655603186,4,33
2016-08-05,8641.95,8644.65,8640.65,8643.95,12:00:00,8639.18654554574,4,34
2016-08-05,8643.8,8644.15,8641.35,8641.65,12:05:00,8639.62592216043,4,35
2016-08-05,8645.6,8646.45,8643.25,8643.55,12:10:00,8640.194881954676,4,36
2016-08-05,8647.35,8647.35,8644.4,8645.75,12:15:00,8640.876321768515,4,37
2016-08-05,8649.4,8649.55,8644.95,8647.25,12:20:00,8641.688100647705,4,38
2016-08-05,8651.75,8651.85,8649.25,8649.55,12:25:00,8642.646376776494,4,39
2016-08-05,8651.0,8653.3,8649.0,8650.95,12:30:00,8643.441959940637,4,40
2016-08-05,8648.25,8652.65,8648.2,8650.8,12:35:00,8643.89986851772,4,41
2016-08-05,8648.75,8650.3,8646.95,8648.55,12:40:00,8644.361785801746,4,42
2016-08-05,8647.7,8648.95,8641.05,8648.6,12:45:00,8644.679710963484,4,43
2016-08-05,8645.45,8648.8,8643.0,8647.55,12:50:00,8644.753071824105,4,44
2016-08-05,8645.6,8649.9,8644.7,8645.85,12:55:00,8644.83373165038,4,45
2016-08-05,8634.5,8646.1,8634.0,8646.0,13:00:00,8643.849566731296,4,46
2016-08-05,8642.3,8642.9,8634.05,8634.7,13:05:00,8643.701988947363,4,47
2016-08-05,8642.75,8644.3,8641.4,8642.15,13:10:00,8643.611323333329,4,48
2016-08-05,8645.7,8646.75,8641.8,8642.7,13:15:00,8643.81024492063,4,49
2016-08-05,8645.45,8646.05,8641.05,8645.55,13:20:00,8643.966412071048,4,50
2016-08-05,8647.55,8648.5,8644.75,8645.95,13:25:00,8644.30770615952,4,51
2016-08-05,8644.2,8648.85,8643.25,8647.85,13:30:00,8644.297448430041,4,52
2016-08-05,8643.0,8646.4,8642.35,8644.0,13:35:00,8644.173881912895,4,53
2016-08-05,8642.1,8645.65,8641.65,8642.55,13:40:00,8643.976369349763,4,54
2016-08-05,8645.6,8648.45,8638.55,8642.25,13:45:00,8644.131000840262,4,55
2016-08-05,8645.05,8645.8,8642.45,8645.35,13:50:00,8644.21852456976,4,56
2016-08-05,8641.9,8645.4,8640.1,8644.85,13:55:00,8643.997712705974,4,57
2016-08-05,8642.55,8643.75,8640.6,8641.4,14:00:00,8643.859835305404,4,58
2016-08-05,8643.25,8645.6,8641.2,8642.4,14:05:00,8643.801755752509,4,59
2016-08-05,8633.25,8643.6,8632.85,8643.6,14:10:00,8642.796826633223,4,60
2016-08-05,8633.05,8633.85,8623.65,8633.35,14:15:00,8641.868557430058,4,61
2016-08-05,8631.8,8633.85,8625.05,8633.0,14:20:00,8640.909647198625,4,62
2016-08-05,8634.7,8637.65,8631.3,8631.75,14:25:00,8640.318252227327,4,63
2016-08-05,8639.5,8639.5,8633.7,8634.2,14:30:00,8640.240323443772,4,64
2016-08-05,8643.75,8646.95,8638.8,8639.3,14:35:00,8640.574578353888,4,65
2016-08-05,8644.15,8645.05,8642.55,8644.1,14:40:00,8640.915094701137,4,66
2016-08-05,8648.55,8648.55,8644.1,8644.2,14:45:00,8641.642228539124,4,67
2016-08-05,8660.7,8661.95,8647.85,8648.3,14:50:00,8643.45725439254,4,68
2016-08-05,8663.75,8665.25,8659.6,8660.1,14:55:00,8645.389896831346,4,69
2016-08-05,8679.1,8679.7,8663.4,8663.4,15:00:00,8648.600382847408,4,70
2016-08-05,8682.65,8684.75,8674.9,8678.9,15:05:00,8651.843203528606,4,71
2016-08-05,8684.95,8689.4,8682.55,8682.7,15:10:00,8654.996231763977,4,72
2016-08-05,8683.95,8684.95,8679.65,8684.9,15:15:00,8657.75373350074,4,73
2016-08-05,8685.9,8689.2,8683.55,8684.0,15:20:00,8660.434330310194,4,74
2016-08-05,8679.3,8686.15,8677.05,8686.1,15:25:00,8662.231060756842,4,75
2016-08-08,8711.0,8721.2,8706.2,8706.2,09:15:00,8666.875721637141,0,1
2016-08-08,8721.3,8723.5,8709.0,8710.9,09:20:00,8672.058986243128,0,2
2016-08-08,8719.35,8722.4,8716.1,8721.05,09:25:00,8676.56289231521,0,3
2016-08-08,8705.85,8721.55,8705.85,8719.45,09:30:00,8679.352140666142,0,4
2016-08-08,8701.55,8708.7,8700.65,8706.15,09:35:00,8681.466222507463,0,5
2016-08-08,8714.1,8714.35,8700.1,8701.6,09:40:00,8684.574201316276,0,6
2016-08-08,8712.35,8714.7,8710.15,8714.25,09:45:00,8687.21951547663,0,7
2016-08-08,8717.25,8719.95,8712.2,8712.55,09:50:00,8690.079561621713,0,8
2016-08-08,8717.85,8718.75,8713.75,8717.4,09:55:00,8692.724365276788,0,9
2016-08-08,8716.6,8718.9,8715.15,8717.35,10:00:00,8694.998235250428,0,10
2016-08-08,8709.35,8718.65,8708.9,8716.85,10:05:00,8696.365069988484,0,11
2016-08-08,8711.8,8712.8,8708.75,8708.95,10:10:00,8697.835063322913,0,12
2016-08-08,8713.85,8718.2,8711.15,8711.55,10:15:00,8699.360295387398,0,13
2016-08-08,8712.75,8714.35,8707.95,8713.6,10:20:00,8700.635505350503,0,14
2016-08-08,8711.7,8713.7,8708.4,8712.85,10:25:00,8701.689266745692,0,15
2016-08-08,8708.45,8712.2,8705.3,8711.85,10:30:00,8702.333146103247,0,16
2016-08-08,8702.4,8709.05,8702.05,8708.5,10:35:00,8702.339513141033,0,17
2016-08-08,8702.45,8705.55,8699.15,8702.6,10:40:00,8702.35003569903,0,18
2016-08-08,8705.85,8707.7,8701.95,8702.4,10:45:00,8702.683365632456,0,19
2016-08-08,8707.2,8708.6,8705.45,8705.65,10:50:00,8703.113521286508,0,20
2016-08-08,8704.0,8707.75,8703.6,8706.75,10:55:00,8703.197947830651,0,21
2016-08-08,8708.3,8708.4,8702.8,8703.9,11:00:00,8703.683857561065,0,22
2016-08-08,8708.1,8708.65,8705.15,8708.35,11:05:00,8704.10444255525,0,23
2016-08-08,8709.45,8709.95,8705.15,8707.9,11:10:00,8704.613543264273,0,24
2016-08-08,8709.55,8711.4,8708.6,8709.55,11:15:00,8705.083682001008,0,25
2016-08-08,8710.15,8710.95,8708.8,8709.5,11:20:00,8705.566188477103,0,26
2016-08-08,8710.5,8711.5,8709.25,8710.1,11:25:00,8706.036075288808,0,27
2016-08-08,8709.5,8711.7,8709.4,8710.3,11:30:00,8706.36597288035,0,28
2016-08-08,8704.05,8710.25,8702.6,8710.0,11:35:00,8706.145404034603,0,29
2016-08-08,8704.75,8705.15,8701.0,8704.15,11:40:00,8706.012508412261,0,30
2016-08-08,8701.6,8704.8,8700.15,8704.8,11:45:00,8705.592269515855,0,31
2016-08-08,8705.75,8706.3,8699.65,8701.5,11:50:00,8705.607291466726,0,32
2016-08-08,8700.6,8705.85,8700.6,8705.85,11:55:00,8705.130406565133,0,33
2016-08-08,8700.85,8701.05,8697.6,8699.75,12:00:00,8704.722748797025,0,34
2016-08-08,8702.4,8703.75,8699.0,8700.9,12:05:00,8704.501534625879,0,35
2016-08-08,8704.9,8704.95,8701.5,8702.5,12:10:00,8704.539483709128,0,36
2016-08-08,8705.4,8707.85,8704.5,8705.0,12:15:00,8704.621437641592,0,37
2016-08-08,8708.2,8709.1,8704.9,8705.3,12:20:00,8704.962253104297,0,38
2016-08-08,8709.0,8711.3,8706.75,8708.1,12:25:00,8705.346800427697,0,39
2016-08-08,8705.75,8709.2,8705.35,8708.8,12:30:00,8705.385200386963,0,40
2016-08-08,8708.4,8708.55,8705.2,8705.8,12:35:00,8705.672324159634,0,41
2016-08-08,8706.2,8708.3,8704.1,8708.3,12:40:00,8705.722579001573,0,42
2016-08-08,8709.45,8709.85,8706.0,8706.35,12:45:00,8706.077571477614,0,43
2016-08-08,8708.6,8710.05,8705.75,8709.55,12:50:00,8706.31780276546,0,44
2016-08-08,8707.15,8709.05,8706.2,8708.7,12:55:00,8706.39705964494,0,45
2016-08-08,8711.85,8711.85,8706.35,8706.65,13:00:00,8706.916387297802,0,46
2016-08-08,8711.0,8716.25,8710.3,8711.7,13:05:00,8707.30530279325,0,47
2016-08-08,8710.95,8713.55,8709.7,8710.95,13:10:00,8707.65241681294,0,48
2016-08-08,8709.95,8711.8,8708.95,8711.05,13:15:00,8707.871234259326,0,49
2016-08-08,8709.55,8711.0,8706.85,8709.85,13:20:00,8708.03111671082,0,50
2016-08-08,8715.55,8717.0,8707.75,8709.4,13:25:00,8708.747200833599,0,51
2016-08-08,8716.8,8717.6,8714.1,8715.75,13:30:00,8709.514134087542,0,52
2016-08-08,8714.7,8717.25,8714.7,8716.95,13:35:00,8710.008026079204,0,53
2016-08-08,8711.8,8715.7,8711.55,8715.15,13:40:00,8710.178690262137,0,54
2016-08-08,8706.35,8711.9,8704.5,8711.9,13:45:00,8709.814053094315,0,55
2016-08-08,8703.35,8706.7,8699.25,8706.55,13:50:00,8709.198428990094,0,56
2016-08-08,8703.75,8708.45,8702.15,8703.2,13:55:00,8708.679530991038,0,57
2016-08-08,8711.1,8711.8,8702.5,8704.0,14:00:00,8708.910051849034,0,58
2016-08-08,8712.95,8713.3,8709.5,8710.4,14:05:00,8709.294808815792,0,59
2016-08-08,8712.3,8715.05,8710.1,8712.6,14:10:00,8709.581017500002,0,60
2016-08-08,8711.9,8713.6,8710.95,8712.7,14:15:00,8709.801872976193,0,61
2016-08-08,8709.35,8712.75,8706.3,8711.8,14:20:00,8709.758837454652,0,62
2016-08-08,8706.05,8709.9,8703.75,8709.0,14:25:00,8709.405614839923,0,63
2016-08-08,8709.1,8710.15,8704.6,8706.0,14:30:00,8709.376508664693,0,64
2016-08-08,8709.7,8710.55,8708.35,8708.9,14:35:00,8709.407317363293,0,65
2016-08-08,8707.2,8709.65,8702.45,8709.5,14:40:00,8709.197096662028,0,66
2016-08-08,8708.05,8708.55,8704.85,8706.95,14:45:00,8709.087849360883,0,67
2016-08-08,8710.05,8710.05,8707.0,8707.8,14:50:00,8709.179482755086,0,68
2016-08-08,8712.1,8712.75,8709.4,8709.85,14:55:00,8709.457627254602,0,69
2016-08-08,8719.3,8721.25,8712.25,8712.25,15:00:00,8710.394996087496,0,70
2016-08-08,8719.95,8720.85,8717.45,8719.6,15:05:00,8711.304996460116,0,71
2016-08-08,8714.25,8719.5,8713.9,8719.15,15:10:00,8711.585472987723,0,72
2016-08-08,8710.0,8713.95,8704.65,8713.95,15:15:00,8711.434475560322,0,73
2016-08-08,8705.8,8710.45,8705.5,8710.1,15:20:00,8710.89785884029,0,74
2016-08-08,8700.25,8706.8,8697.9,8705.85,15:25:00,8709.883777045976,0,75
2016-08-09,8709.9,8719.65,8699.65,8711.2,09:15:00,8709.885322089216,1,1
2016-08-09,8691.4,8710.55,8686.75,8710.55,09:20:00,8708.124815223577,1,2
2016-08-09,8696.5,8697.75,8690.35,8691.65,09:25:00,8707.017689964188,1,3
2016-08-09,8698.2,8699.1,8690.8,8696.2,09:30:00,8706.177909967599,1,4
2016-08-09,8697.45,8701.35,8695.2,8697.85,09:35:00,8705.346680446875,1,5
2016-08-09,8698.6,8704.75,8696.75,8697.85,09:40:00,8704.704139451935,1,6
2016-08-09,8705.3,8706.9,8698.65,8699.05,09:45:00,8704.76088807556,1,7
2016-08-09,8704.2,8707.05,8703.9,8705.4,09:50:00,8704.707470163601,1,8
2016-08-09,8698.25,8704.45,8698.05,8704.0,09:55:00,8704.092473005163,1,9
2016-08-09,8697.9,8699.85,8696.7,8698.3,10:00:00,8703.502713671338,1,10
2016-08-09,8696.45,8698.6,8695.75,8697.65,10:05:00,8702.83102665502,1,11
2016-08-09,8693.6,8697.15,8692.8,8696.25,10:10:00,8701.951881259303,1,12
2016-08-09,8693.6,8695.4,8692.35,8693.05,10:15:00,8701.156463996513,1,13
2016-08-09,8692.75,8694.65,8691.6,8693.45,10:20:00,8700.355848377796,1,14
2016-08-09,8691.55,8694.15,8688.75,8692.65,10:25:00,8699.517196151339,1,15
2016-08-09,8694.1,8696.1,8691.8,8692.1,10:30:00,8699.001272708354,1,16
2016-08-09,8691.9,8694.9,8691.25,8694.45,10:35:00,8698.324961021845,1,17
2016-08-09,8693.2,8693.9,8691.1,8691.95,10:40:00,8697.836869495954,1,18
2016-08-09,8689.65,8693.6,8683.75,8692.95,10:45:00,8697.057167639196,1,19
2016-08-09,8691.75,8692.15,8687.35,8689.35,10:50:00,8696.55172310213,1,20
2016-08-09,8690.65,8695.9,8688.5,8692.0,10:55:00,8695.98965423526,1,21
2016-08-09,8688.55,8696.5,8671.25,8690.2,11:00:00,8695.281115736663,1,22
2016-08-09,8692.3,8700.7,8688.35,8688.35,11:05:00,8694.997199952219,1,23
2016-08-09,8689.5,8694.05,8686.0,8692.45,11:10:00,8694.473657099627,1,24
2016-08-09,8690.5,8694.55,8689.0,8689.7,11:15:00,8694.095213566328,1,25
2016-08-09,8694.4,8695.25,8688.8,8690.6,11:20:00,8694.124240845726,1,26
2016-08-09,8694.95,8700.7,8694.0,8694.35,11:25:00,8694.202884574705,1,27
2016-08-09,8701.25,8702.35,8694.15,8694.75,11:30:00,8694.874038424732,1,28
2016-08-09,8703.4,8704.8,8699.2,8701.15,11:35:00,8695.686034765235,1,29
2016-08-09,8696.25,8704.2,8695.8,8703.25,11:40:00,8695.739745739975,1,30
2016-08-09,8689.9,8696.75,8688.55,8695.95,11:45:00,8695.183579479024,1,31
2016-08-09,8679.9,8690.15,8673.7,8689.95,11:50:00,8693.728000481022,1,32
2016-08-09,8670.95,8680.5,8667.2,8680.05,11:55:00,8691.558667101877,1,33
2016-08-09,8677.0,8677.45,8669.35,8671.4,12:00:00,8690.17212737789,1,34
2016-08-09,8652.9,8677.25,8651.75,8677.2,12:05:00,8686.622400960947,1,35
2016-08-09,8659.4,8659.45,8651.05,8652.85,12:10:00,8684.029791345618,1,36
2016-08-09,8644.45,8660.2,8641.5,8659.3,12:15:00,8680.26028740794,1,37
2016-08-09,8650.3,8651.2,8643.0,8644.6,12:20:00,8677.406926702422,1,38
2016-08-09,8654.95,8656.2,8649.8,8650.25,12:25:00,8675.268171778382,1,39
2016-08-09,8651.0,8655.0,8650.2,8655.0,12:30:00,8672.956917323298,1,40
2016-08-09,8653.85,8654.35,8650.7,8651.2,12:35:00,8671.137210911555,1,41
2016-08-09,8654.25,8656.45,8651.7,8653.95,12:40:00,8669.528905110454,1,42
2016-08-09,8651.35,8658.15,8651.35,8654.2,12:45:00,8667.79758081422,1,43
2016-08-09,8655.0,8655.1,8650.25,8651.2,12:50:00,8666.578763593818,1,44
2016-08-09,8654.25,8655.6,8651.95,8655.1,12:55:00,8665.404595632503,1,45
2016-08-09,8655.1,8657.55,8652.95,8654.15,13:00:00,8664.423205572264,1,46
2016-08-09,8652.85,8654.95,8650.75,8654.75,13:05:00,8663.320995517763,1,47
2016-08-09,8641.25,8652.9,8640.85,8652.8,13:10:00,8661.218995944642,1,48
2016-08-09,8651.9,8652.25,8638.2,8640.55,13:15:00,8660.331472521342,1,49
2016-08-09,8657.3,8657.35,8651.9,8652.2,13:20:00,8660.042760852644,1,50
2016-08-09,8662.4,8665.4,8657.4,8657.4,13:25:00,8660.267259819058,1,51
2016-08-09,8657.25,8664.3,8655.0,8662.05,13:30:00,8659.979901741053,1,52
2016-08-09,8660.15,8663.4,8657.0,8657.9,13:35:00,8659.99610157524,1,53
2016-08-09,8656.75,8660.85,8655.9,8660.25,13:40:00,8659.686949044264,1,54
2016-08-09,8659.75,8661.2,8656.7,8656.9,13:45:00,8659.69295389719,1,55
2016-08-09,8664.5,8665.9,8659.65,8659.95,13:50:00,8660.150767811745,1,56
2016-08-09,8659.95,8666.55,8659.85,8664.6,13:55:00,8660.13164706777,1,57
2016-08-09,8657.85,8662.4,8654.9,8659.9,14:00:00,8659.91434734703,1,58
2016-08-09,8669.95,8670.95,8656.8,8657.95,14:05:00,8660.87012379017,1,59
2016-08-09,8673.0,8676.75,8668.8,8669.8,14:10:00,8662.025350095868,1,60
2016-08-09,8677.15,8677.8,8668.85,8672.95,14:15:00,8663.46579294388,1,61
2016-08-09,8681.0,8683.8,8674.7,8677.4,14:20:00,8665.135717425415,1,62
2016-08-09,8680.15,8687.25,8679.5,8680.7,14:25:00,8666.565649099184,1,63
2016-08-09,8681.45,8685.05,8679.05,8679.95,14:30:00,8667.983206327834,1,64
2016-08-09,8669.85,8683.65,8669.85,8681.8,14:35:00,8668.160996201374,1,65
2016-08-09,8679.8,8680.3,8670.35,8671.6,14:40:00,8669.269472753624,1,66
2016-08-09,8685.4,8687.25,8679.35,8679.55,14:45:00,8670.805713443755,1,67
2016-08-09,8680.35,8687.25,8680.25,8685.25,14:50:00,8671.714693115779,1,68
2016-08-09,8674.85,8680.8,8673.4,8680.7,14:55:00,8672.013293771419,1,69
2016-08-09,8678.4,8679.4,8672.5,8675.15,15:00:00,8672.621551507475,1,70
2016-08-09,8676.7,8681.0,8676.35,8678.1,15:05:00,8673.009975173429,1,71
2016-08-09,8675.05,8678.3,8674.0,8677.0,15:10:00,8673.20426325215,1,72
2016-08-09,8683.0,8685.05,8675.1,8675.25,15:15:00,8674.137190561469,1,73
2016-08-09,8679.75,8683.95,8678.5,8682.85,15:20:00,8674.671743841329,1,74
2016-08-09,8670.55,8680.65,8668.85,8679.8,15:25:00,8674.279196808822,1,75
2016-08-10,8675.85,8690.1,8675.85,8686.3,09:15:00,8674.428797112743,2,1
2016-08-10,8667.75,8672.6,8658.2,8672.6,09:20:00,8673.792721197244,2,2
2016-08-10,8678.75,8679.0,8667.0,8667.7,09:25:00,8674.264842987983,2,3
2016-08-10,8670.65,8679.1,8668.6,8679.0,09:30:00,8673.920572227222,2,4
2016-08-10,8673.4,8675.8,8669.15,8670.05,09:35:00,8673.870993919867,2,5
2016-08-10,8668.2,8674.6,8668.15,8673.0,09:40:00,8673.330899260833,2,6
2016-08-10,8666.2,8668.6,8664.7,8668.5,09:45:00,8672.651765997896,2,7
2016-08-10,8656.55,8666.3,8656.55,8666.3,09:50:00,8671.118264474288,2,8
2016-08-10,8660.8,8661.2,8653.4,8657.25,09:55:00,8670.135572619594,2,9
2016-08-10,8660.85,8663.85,8655.8,8661.0,10:00:00,8669.251232370108,2,10
2016-08-10,8633.1,8660.95,8627.1,8660.75,10:05:00,8665.80825785867,2,11
2016-08-10,8615.4,8635.95,8613.8,8632.35,10:10:00,8661.007471395938,2,12
2016-08-10,8616.05,8624.6,8612.2,8616.05,10:15:00,8656.725807453467,2,13
2016-08-10,8617.6,8617.6,8608.7,8615.9,10:20:00,8652.999540076948,2,14
2016-08-10,8615.4,8619.55,8611.55,8617.4,10:25:00,8649.41863149819,2,15
2016-08-10,8607.15,8615.25,8599.05,8615.25,10:30:00,8645.393047545982,2,16
2016-08-10,8599.05,8607.1,8597.4,8607.1,10:35:00,8640.979423970175,2,17
2016-08-10,8610.4,8610.55,8593.6,8599.0,10:40:00,8638.067097877778,2,18
2016-08-10,8613.65,8614.75,8606.3,8610.3,10:45:00,8635.741659984657,2,19
2016-08-10,8605.8,8614.25,8604.85,8613.55,10:50:00,8632.890073319451,2,20
2016-08-10,8607.4,8608.25,8602.95,8605.7,10:55:00,8630.462447289028,2,21
2016-08-10,8609.6,8613.5,8605.3,8607.6,11:00:00,8628.475547547216,2,22
2016-08-10,8601.8,8610.85,8599.75,8609.55,11:05:00,8625.935019209386,2,23
2016-08-10,8607.2,8608.0,8600.55,8601.7,11:10:00,8624.150731665635,2,24
2016-08-10,8612.75,8613.55,8607.1,8607.1,11:15:00,8623.06494769748,2,25
2016-08-10,8606.25,8613.65,8604.85,8612.55,11:20:00,8621.463524107243,2,26
2016-08-10,8599.5,8606.85,8599.5,8605.95,11:25:00,8619.371759906553,2,27
2016-08-10,8590.95,8601.35,8590.2,8599.7,11:30:00,8616.664925629739,2,28
2016-08-10,8595.05,8596.55,8585.25,8591.15,11:35:00,8614.60636128405,2,29
2016-08-10,8597.15,8598.5,8591.35,8594.75,11:40:00,8612.94385068557,2,30
2016-08-10,8599.4,8600.5,8597.15,8597.25,11:45:00,8611.653960144087,2,31
2016-08-10,8603.3,8603.8,8597.4,8599.5,11:50:00,8610.858344892269,2,32
2016-08-10,8606.0,8606.1,8600.7,8603.15,11:55:00,8610.39564537872,2,33
2016-08-10,8606.9,8608.6,8603.5,8605.95,12:00:00,8610.062726771223,2,34
2016-08-10,8605.25,8608.55,8605.25,8606.65,12:05:00,8609.604371840629,2,35
2016-08-10,8604.55,8607.0,8603.95,8605.2,12:10:00,8609.123003093902,2,36
2016-08-10,8600.95,8604.5,8600.35,8604.35,12:15:00,8608.344621846863,2,37
2016-08-10,8599.85,8602.5,8599.6,8601.0,12:20:00,8607.535610242401,2,38
2016-08-10,8594.3,8599.9,8594.3,8599.55,12:25:00,8606.275075933601,2,39
2016-08-10,8600.75,8605.0,8591.55,8594.35,12:30:00,8605.748878225639,2,40
2016-08-10,8605.6,8607.75,8600.9,8601.15,12:35:00,8605.734699347007,2,41
2016-08-10,8605.25,8606.0,8600.85,8605.5,12:40:00,8605.688537504435,2,42
2016-08-10,8605.9,8607.6,8603.85,8604.9,12:45:00,8605.708676789727,2,43
2016-08-10,8605.3,8608.2,8604.5,8605.65,12:50:00,8605.669755190705,2,44
2016-08-10,8603.7,8606.7,8603.05,8605.15,12:55:00,8605.482159458257,2,45
2016-08-10,8597.8,8605.0,8597.5,8603.8,13:00:00,8604.750525224137,2,46
2016-08-10,8605.95,8610.15,8596.8,8597.55,13:05:00,8604.864760917077,2,47
2016-08-10,8602.95,8605.8,8600.5,8605.8,13:10:00,8604.682402734497,2,48
2016-08-10,8597.9,8602.95,8596.65,8602.75,13:15:00,8604.036459616926,2,49
2016-08-10,8597.2,8599.4,8595.0,8597.5,13:20:00,8603.385368224837,2,50
2016-08-10,8596.2,8597.65,8595.5,8597.0,13:25:00,8602.701047441518,2,51
2016-08-10,8596.5,8597.45,8593.15,8596.15,13:30:00,8602.110471494707,2,52
2016-08-10,8596.0,8599.8,8592.1,8596.15,13:35:00,8601.528521828544,2,53
2016-08-10,8588.6,8597.1,8587.05,8595.85,13:40:00,8600.29723403535,2,54
2016-08-10,8590.2,8592.25,8585.2,8588.65,13:45:00,8599.33559269865,2,55
2016-08-10,8581.85,8590.85,8578.95,8590.5,13:50:00,8597.670298155921,2,56
2016-08-10,8582.05,8585.55,8576.0,8581.65,13:55:00,8596.1826507125,2,57
2016-08-10,8587.55,8588.45,8578.2,8581.75,14:00:00,8595.360493501787,2,58
2016-08-10,8584.75,8587.85,8581.2,8587.6,14:05:00,8594.349970311141,2,59
2016-08-10,8583.3,8585.65,8575.5,8584.85,14:10:00,8593.29759218627,2,60
2016-08-10,8584.65,8584.75,8579.0,8583.25,14:15:00,8592.474011978054,2,61
2016-08-10,8593.25,8596.95,8583.75,8584.8,14:20:00,8592.547915599192,2,62
2016-08-10,8590.2,8594.6,8588.95,8593.15,14:25:00,8592.324304589745,2,63
2016-08-10,8593.4,8594.7,8589.9,8590.3,14:30:00,8592.426751771674,2,64
2016-08-10,8581.7,8593.9,8581.25,8593.15,14:35:00,8591.405156364848,2,65
2016-08-10,8588.1,8589.1,8579.05,8581.45,14:40:00,8591.090379568195,2,66
2016-08-10,8585.35,8588.55,8582.35,8588.4,14:45:00,8590.543676752177,2,67
2016-08-10,8575.85,8585.55,8575.25,8585.2,14:50:00,8589.144278966254,2,68
2016-08-10,8583.4,8583.5,8572.65,8575.75,14:55:00,8588.597204778993,2,69
2016-08-10,8584.1,8586.5,8581.1,8583.35,15:00:00,8588.168899561946,2,70
2016-08-10,8589.8,8589.8,8583.1,8583.6,15:05:00,8588.324242460809,2,71
2016-08-10,8574.7,8591.15,8574.1,8589.7,15:10:00,8587.02669555978,2,72
2016-08-10,8573.2,8575.55,8564.6,8574.95,15:15:00,8585.70986741123,2,73
2016-08-10,8571.3,8574.85,8567.1,8573.3,15:20:00,8584.33749908635,2,74
2016-08-10,8567.9,8572.85,8566.05,8571.45,15:25:00,8582.772022982888,2,75
2016-08-11,8560.65,8579.0,8554.45,8570.5,09:15:00,8580.665163651185,3,1
2016-08-11,8559.05,8560.4,8547.45,8560.35,09:20:00,8578.606576636786,3,2
2016-08-11,8578.45,8578.45,8558.6,8559.95,09:25:00,8578.591664576139,3,3
2016-08-11,8563.15,8578.25,8561.8,8578.25,09:30:00,8577.121029854601,3,4
2016-08-11,8565.95,8566.0,8557.2,8562.85,09:35:00,8576.0571222494,3,5
2016-08-11,8574.6,8575.9,8561.8,8565.6,09:40:00,8575.918348701838,3,6
2016-08-11,8571.7,8575.4,8567.4,8574.15,09:45:00,8575.516601206426,3,7
2016-08-11,8580.9,8581.0,8571.2,8571.45,09:50:00,8576.029305853432,3,8
2016-08-11,8577.1,8586.55,8576.3,8580.95,09:55:00,8576.131276724533,3,9
2016-08-11,8580.45,8582.05,8574.8,8577.2,10:00:00,8576.542583703149,3,10
2016-08-11,8570.3,8580.55,8569.5,8580.55,10:05:00,8575.948051921896,3,11
2016-08-11,8566.5,8572.9,8565.9,8570.45,10:10:00,8575.048237453144,3,12
2016-08-11,8564.95,8570.6,8563.85,8566.75,10:15:00,8574.086500552845,3,13
2016-08-11,8569.6,8572.4,8563.65,8564.6,10:20:00,8573.659214785908,3,14
2016-08-11,8570.3,8571.8,8568.8,8569.65,10:25:00,8573.339289568203,3,15
2016-08-11,8567.9,8571.45,8565.3,8570.1,10:30:00,8572.821261990279,3,16
2016-08-11,8570.0,8570.45,8562.35,8568.05,10:35:00,8572.552570372158,3,17
2016-08-11,8568.95,8573.15,8567.1,8570.2,10:40:00,8572.209468431953,3,18
2016-08-11,8568.1,8572.35,8567.85,8569.1,10:45:00,8571.818090486053,3,19
2016-08-11,8572.05,8572.75,8567.45,8568.55,10:50:00,8571.840177106427,3,20
2016-08-11,8575.9,8576.45,8572.1,8572.55,10:55:00,8572.226826905815,3,21
2016-08-11,8584.2,8590.1,8575.75,8576.1,11:00:00,8573.367129105261,3,22
2016-08-11,8584.75,8586.9,8580.45,8584.35,11:05:00,8574.451212047617,3,23
2016-08-11,8582.8,8586.75,8577.35,8584.5,11:10:00,8575.24633470975,3,24
2016-08-11,8581.95,8584.25,8578.35,8582.75,11:15:00,8575.884779023107,3,25
2016-08-11,8589.65,8590.3,8580.45,8582.25,11:20:00,8577.195752449477,3,26
2016-08-11,8591.7,8595.9,8588.7,8589.05,11:25:00,8578.577109359052,3,27
2016-08-11,8597.4,8600.35,8591.45,8591.5,11:30:00,8580.36976561057,3,28
2016-08-11,8596.45,8598.75,8592.95,8597.45,11:35:00,8581.901216504803,3,29
2016-08-11,8593.05,8596.75,8592.45,8596.55,11:40:00,8582.963005409107,3,30
2016-08-11,8591.7,8593.35,8588.8,8592.85,11:45:00,8583.795100132049,3,31
2016-08-11,8596.4,8596.8,8589.65,8591.45,11:50:00,8584.99556678614,3,32
2016-08-11,8593.55,8597.0,8590.7,8596.25,11:55:00,8585.810274711268,3,33
2016-08-11,8598.8,8598.95,8591.5,8593.2,12:00:00,8587.047391405433,3,34
2016-08-11,8597.95,8601.15,8597.4,8598.85,12:05:00,8588.085735081106,3,35
2016-08-11,8590.25,8598.2,8588.65,8598.05,12:10:00,8588.29185554957,3,36
2016-08-11,8584.0,8591.05,8583.95,8590.4,12:15:00,8587.883107401993,3,37
2016-08-11,8585.2,8587.35,8583.2,8583.75,12:20:00,8587.627573363709,3,38
2016-08-11,8578.9,8585.75,8578.05,8585.35,12:25:00,8586.796375900498,3,39
2016-08-11,8578.7,8582.3,8574.65,8578.85,12:30:00,8586.025292481403,3,40
2016-08-11,8573.25,8578.5,8571.25,8577.9,12:35:00,8584.808597959363,3,41
2016-08-11,8569.2,8573.0,8565.2,8572.7,12:40:00,8583.322064820377,3,42
2016-08-11,8569.3,8570.0,8562.2,8569.5,12:45:00,8581.986630075578,3,43
2016-08-11,8565.6,8570.4,8565.2,8569.65,12:50:00,8580.42599863981,3,44
2016-08-11,8554.55,8565.75,8554.55,8565.65,12:55:00,8577.96161781697,3,45
2016-08-11,8557.65,8558.75,8554.5,8554.9,13:00:00,8576.027178024879,3,46
2016-08-11,8565.6,8567.7,8555.7,8557.6,13:05:00,8575.03411345108,3,47
2016-08-11,8564.05,8565.5,8561.25,8565.5,13:10:00,8573.98800740812,3,48
2016-08-11,8562.05,8565.45,8560.65,8564.55,13:15:00,8572.85105432163,3,49
2016-08-11,8555.7,8563.5,8554.1,8562.2,13:20:00,8571.217620576714,3,50
2016-08-11,8552.85,8557.9,8552.85,8556.0,13:25:00,8569.468323378931,3,51
2016-08-11,8547.25,8553.4,8541.35,8553.2,13:30:00,8567.352292580938,3,52
2016-08-11,8563.2,8565.0,8547.4,8547.4,13:35:00,8566.956836144658,3,53
2016-08-11,8559.15,8564.95,8557.9,8563.3,13:40:00,8566.213327940404,3,54
2016-08-11,8550.2,8562.6,8549.85,8559.35,13:45:00,8564.688249088937,3,55
2016-08-11,8557.3,8557.3,8547.15,8550.05,13:50:00,8563.984606318561,3,56
2016-08-11,8553.6,8559.35,8551.45,8558.05,13:55:00,8562.995596192985,3,57
2016-08-11,8551.95,8556.3,8550.95,8553.5,14:00:00,8561.943634650796,3,58
2016-08-11,8552.25,8552.6,8547.3,8552.0,14:05:00,8561.02043135072,3,59
2016-08-11,8546.4,8553.0,8540.05,8552.55,14:10:00,8559.628009317319,3,60
2016-08-11,8551.4,8551.4,8543.0,8546.15,14:15:00,8558.844389382337,3,61
2016-08-11,8553.3,8561.2,8550.75,8550.8,14:20:00,8558.316352298305,3,62
2016-08-11,8559.95,8560.7,8553.15,8553.25,14:25:00,8558.471937793704,3,63
2016-08-11,8559.7,8564.05,8556.45,8560.05,14:30:00,8558.588896099065,3,64
2016-08-11,8555.7,8560.3,8553.9,8559.85,14:35:00,8558.31376313725,3,65
2016-08-11,8573.1,8573.25,8555.45,8555.45,14:40:00,8559.721976171797,3,66
2016-08-11,8568.85,8577.55,8568.75,8573.4,14:45:00,8560.591311774484,3,67
2016-08-11,8576.25,8578.65,8566.55,8568.65,14:50:00,8562.082615415009,3,68
2016-08-11,8588.15,8588.8,8576.75,8576.8,14:55:00,8564.565223470723,3,69
2016-08-11,8585.35,8590.05,8580.9,8588.3,15:00:00,8566.54472599732,3,70
2016-08-11,8591.8,8592.15,8585.3,8585.3,15:05:00,8568.949990188052,3,71
2016-08-11,8590.05,8595.8,8586.3,8592.1,15:10:00,8570.959514932047,3,72
2016-08-11,8593.6,8594.95,8590.3,8590.3,15:15:00,8573.115751605186,3,73
2016-08-11,8596.35,8596.75,8590.4,8593.35,15:20:00,8575.328537166597,3,74
2016-08-11,8594.05,8599.2,8593.05,8596.45,15:25:00,8577.111533626921,3,75
2016-08-12,8629.8,8634.75,8604.45,8604.45,09:15:00,8582.12948280531,4,1
2016-08-12,8616.15,8630.1,8611.55,8628.75,09:20:00,8585.369532061948,4,2
2016-08-12,8625.8,8627.95,8615.95,8616.4,09:25:00,8589.220052817953,4,3
2016-08-12,8639.6,8639.6,8625.2,8625.55,09:30:00,8594.018143025767,4,4
2016-08-12,8660.25,8660.85,8640.5,8640.5,09:35:00,8600.325938928076,4,5
2016-08-12,8666.2,8667.95,8660.15,8660.15,09:40:00,8606.599659030164,4,6
2016-08-12,8659.6,8671.25,8659.6,8666.25,09:45:00,8611.647310551101,4,7
2016-08-12,8658.6,8659.9,8652.85,8659.4,09:50:00,8616.11899526052,4,8
2016-08-12,8665.85,8666.1,8658.3,8658.75,09:55:00,8620.855281426186,4,9
2016-08-12,8664.8,8667.7,8661.9,8665.8,10:00:00,8625.04049271893,4,10
2016-08-12,8664.45,8664.9,8660.15,8664.9,10:05:00,8628.793779126652,4,11
2016-08-12,8670.65,8671.05,8664.3,8664.3,10:10:00,8632.780085876495,4,12
2016-08-12,8673.6,8675.2,8670.2,8670.75,10:15:00,8636.6676967454,4,13
2016-08-12,8667.0,8673.8,8666.05,8673.65,10:20:00,8639.556487531552,4,14
2016-08-12,8668.1,8670.9,8666.4,8667.05,10:25:00,8642.274917290451,4,15
2016-08-12,8669.4,8671.3,8666.75,8668.15,10:30:00,8644.858258500884,4,16
2016-08-12,8670.35,8672.3,8667.95,8669.65,10:35:00,8647.286043405562,4,17
2016-08-12,8669.3,8672.75,8668.2,8670.4,10:40:00,8649.38261070027,4,18
2016-08-12,8667.95,8669.65,8666.45,8669.15,10:45:00,8651.15093349072,4,19
2016-08-12,8664.05,8668.2,8663.8,8668.2,10:50:00,8652.379416015414,4,20
2016-08-12,8666.45,8666.9,8663.8,8663.9,10:55:00,8653.719471632994,4,21
2016-08-12,8669.4,8669.4,8664.55,8667.2,11:00:00,8655.212855286994,4,22
2016-08-12,8672.05,8672.8,8668.05,8669.3,11:05:00,8656.816392878709,4,23
2016-08-12,8668.9,8673.55,8668.9,8671.35,11:10:00,8657.967212604546,4,24
2016-08-12,8667.85,8669.35,8663.35,8669.1,11:15:00,8658.908430451733,4,25
2016-08-12,8670.75,8671.85,8667.2,8667.95,11:20:00,8660.036198980139,4,26
2016-08-12,8668.6,8671.5,8667.25,8670.45,11:25:00,8660.851799077269,4,27
2016-08-12,8653.6,8669.5,8650.1,8668.75,11:30:00,8660.1611515461,4,28
2016-08-12,8654.3,8656.1,8649.4,8653.5,11:35:00,8659.60294663695,4,29
2016-08-12,8653.15,8656.8,8652.95,8654.2,11:40:00,8658.988380290573,4,30
2016-08-12,8642.75,8653.35,8640.6,8653.3,11:45:00,8657.441867881947,4,31
2016-08-12,8644.9,8646.75,8637.5,8642.15,11:50:00,8656.247404274143,4,32
2016-08-12,8651.1,8652.4,8644.9,8645.2,11:55:00,8655.757175295654,4,33
2016-08-12,8653.5,8655.0,8648.3,8651.15,12:00:00,8655.542206219878,4,34
2016-08-12,8656.45,8657.05,8651.8,8653.4,12:05:00,8655.628662770365,4,35
2016-08-12,8659.95,8661.5,8655.0,8656.3,12:10:00,8656.040218696997,4,36
2016-08-12,8655.6,8660.7,8655.15,8659.85,12:15:00,8655.998293106806,4,37
2016-08-12,8647.65,8656.75,8647.65,8655.55,12:20:00,8655.203217572825,4,38
2016-08-12,8651.05,8651.6,8644.6,8647.55,12:25:00,8654.80767304208,4,39
2016-08-12,8654.35,8660.7,8647.3,8651.2,12:30:00,8654.76408513331,4,40
2016-08-12,8657.0,8657.6,8651.35,8654.3,12:35:00,8654.97702940633,4,41
2016-08-12,8655.6,8659.4,8654.7,8657.2,12:40:00,8655.03635993906,4,42
2016-08-12,8668.95,8672.55,8655.75,8655.75,12:45:00,8656.361468516292,4,43
2016-08-12,8662.85,8669.9,8662.85,8668.9,12:50:00,8656.979423895693,4,44
2016-08-12,8664.2,8665.25,8659.6,8663.05,12:55:00,8657.667097810388,4,45
2016-08-12,8663.9,8665.85,8660.55,8663.95,13:00:00,8658.260707542733,4,46
2016-08-12,8663.65,8666.45,8662.35,8664.0,13:05:00,8658.773973491045,4,47
2016-08-12,8669.4,8670.3,8662.75,8663.25,13:10:00,8659.785976015708,4,48
2016-08-12,8666.3,8672.05,8665.1,8669.6,13:15:00,8660.406359252307,4,49
2016-08-12,8664.45,8668.85,8664.45,8666.4,13:20:00,8660.791467894946,4,50
2016-08-12,8659.95,8665.6,8656.75,8664.15,13:25:00,8660.711328095427,4,51
2016-08-12,8659.2,8663.4,8658.8,8660.3,13:30:00,8660.56739208634,4,52
2016-08-12,8655.9,8659.05,8654.55,8659.05,13:35:00,8660.122878554306,4,53
2016-08-12,8656.55,8661.85,8655.5,8655.65,13:40:00,8659.782604406277,4,54
2016-08-12,8657.4,8659.05,8656.6,8656.6,13:45:00,8659.555689700917,4,55
2016-08-12,8656.85,8658.2,8654.8,8657.55,13:50:00,8659.298004967497,4,56
2016-08-12,8663.7,8664.0,8656.55,8656.9,13:55:00,8659.71724258964,4,57
2016-08-12,8665.4,8667.55,8663.7,8663.8,14:00:00,8660.258457581103,4,58
2016-08-12,8664.35,8665.8,8659.95,8665.35,14:05:00,8660.648128287665,4,59
2016-08-12,8662.35,8665.6,8660.05,8664.55,14:10:00,8660.810211307888,4,60
2016-08-12,8663.45,8668.7,8662.55,8662.7,14:15:00,8661.061619754755,4,61
2016-08-12,8654.75,8663.8,8648.15,8663.7,14:20:00,8660.460513111446,4,62
2016-08-12,8660.6,8661.85,8652.5,8654.5,14:25:00,8660.473797577022,4,63
2016-08-12,8661.95,8662.4,8657.7,8660.55,14:30:00,8660.614388283973,4,64
2016-08-12,8669.05,8672.35,8661.8,8662.85,14:35:00,8661.417779875976,4,65
2016-08-12,8678.2,8684.3,8669.1,8669.1,14:40:00,8663.016086554453,4,66
2016-08-12,8675.15,8677.6,8673.0,8677.55,14:45:00,8664.171697358792,4,67
2016-08-12,8664.75,8675.2,8664.65,8675.2,14:50:00,8664.226773800812,4,68
2016-08-12,8665.45,8666.8,8663.4,8664.6,14:55:00,8664.343271534068,4,69
2016-08-12,8679.35,8680.3,8665.65,8665.65,15:00:00,8665.772483768918,4,70
2016-08-12,8677.5,8680.0,8674.15,8678.9,15:05:00,8666.88939007664,4,71
2016-08-12,8669.9,8678.85,8669.4,8677.55,15:10:00,8667.176114831245,4,72
2016-08-12,8669.15,8673.55,8668.75,8669.3,15:15:00,8667.364103894935,4,73
2016-08-12,8671.05,8671.05,8667.65,8668.7,15:20:00,8667.715141619226,4,74
2016-08-12,8656.0,8671.0,8655.5,8670.65,15:25:00,8666.599413845966,4,75
2016-08-16,8653.1,8668.05,8647.1,8668.05,09:15:00,8665.313755384446,1,1
2016-08-16,8660.2,8667.0,8652.6,8653.7,09:20:00,8664.826731062118,1,2
2016-08-16,8669.65,8669.7,8654.5,8660.35,09:25:00,8665.286090008582,1,3
2016-08-16,8671.05,8677.45,8665.55,8669.35,09:30:00,8665.835033817288,1,4
2016-08-16,8674.8,8674.8,8661.65,8670.9,09:35:00,8666.688840120403,1,5
2016-08-16,8675.25,8675.35,8668.95,8674.6,09:40:00,8667.504188680365,1,6
2016-08-16,8677.65,8679.4,8674.0,8674.65,09:45:00,8668.470456425091,1,7
2016-08-16,8674.25,8680.85,8672.0,8677.45,09:50:00,8669.020889146512,1,8
2016-08-16,8670.55,8676.85,8669.85,8673.9,09:55:00,8669.166518751606,1,9
2016-08-16,8672.3,8676.1,8669.75,8670.7,10:00:00,8669.464945537167,1,10
2016-08-16,8673.95,8675.1,8670.0,8671.75,10:05:00,8669.892093581248,1,11
2016-08-16,8680.95,8681.6,8673.75,8673.9,10:10:00,8670.945227525892,1,12
2016-08-16,8678.35,8682.35,8676.55,8681.0,10:15:00,8671.650443951998,1,13
2016-08-16,8675.1,8679.55,8674.3,8678.3,10:20:00,8671.978973099427,1,14
2016-08-16,8668.75,8675.9,8668.55,8675.35,10:25:00,8671.671451851862,1,15
2016-08-16,8671.45,8671.95,8667.45,8668.8,10:30:00,8671.650361199303,1,16
2016-08-16,8674.7,8675.05,8671.6,8671.75,10:35:00,8671.940802989846,1,17
2016-08-16,8673.35,8675.95,8670.75,8674.55,10:40:00,8672.075012228908,1,18
2016-08-16,8671.4,8673.85,8667.15,8673.55,10:45:00,8672.010725349965,1,19
2016-08-16,8667.35,8672.5,8667.15,8670.9,10:50:00,8671.566846745207,1,20
2016-08-16,8658.65,8669.45,8658.1,8667.15,10:55:00,8670.336670864712,1,21
2016-08-16,8655.65,8658.85,8649.0,8658.5,11:00:00,8668.937940306168,1,22
2016-08-16,8658.9,8662.35,8650.9,8655.7,11:05:00,8667.981945991296,1,23
2016-08-16,8662.35,8662.4,8658.6,8659.05,11:10:00,8667.445570182601,1,24
2016-08-16,8658.4,8663.0,8658.2,8662.0,11:15:00,8666.584087308067,1,25
2016-08-16,8661.4,8662.5,8658.1,8658.3,11:20:00,8666.0903647073,1,26
2016-08-16,8658.05,8662.6,8658.05,8660.8,11:25:00,8665.324615687558,1,27
2016-08-16,8657.4,8660.2,8655.0,8657.75,11:30:00,8664.56989038398,1,28
2016-08-16,8623.4,8658.7,8623.4,8657.3,11:35:00,8660.64894844265,1,29
2016-08-16,8627.3,8633.8,8616.05,8623.85,11:40:00,8657.472858114777,1,30
2016-08-16,8634.65,8635.9,8626.55,8627.25,11:45:00,8655.299252580036,1,31
2016-08-16,8628.25,8635.2,8624.55,8634.7,11:50:00,8652.7231332867,1,32
2016-08-16,8621.95,8627.85,8620.8,8627.6,11:55:00,8649.792358687966,1,33
2016-08-16,8606.25,8622.25,8600.45,8622.1,12:00:00,8645.645467384351,1,34
2016-08-16,8617.3,8618.2,8606.25,8606.7,12:05:00,8642.945899062031,1,35
2016-08-16,8611.0,8618.75,8610.0,8616.65,12:10:00,8639.903432484694,1,36
2016-08-16,8619.8,8620.55,8608.85,8610.95,12:15:00,8637.988819867103,1,37
2016-08-16,8621.2,8622.25,8616.1,8619.5,12:20:00,8636.389884641665,1,38
2016-08-16,8624.35,8627.6,8618.8,8620.85,12:25:00,8635.243228961506,1,39
2016-08-16,8620.15,8625.75,8617.95,8624.15,12:30:00,8633.80577858422,1,40
2016-08-16,8624.5,8624.5,8618.65,8620.1,12:35:00,8632.919513957151,1,41
2016-08-16,8624.2,8628.8,8621.8,8624.35,12:40:00,8632.08908405647,1,42
2016-08-16,8620.1,8624.75,8619.55,8624.1,12:45:00,8630.947266527282,1,43
2016-08-16,8621.2,8623.0,8618.65,8620.3,12:50:00,8630.018955429447,1,44
2016-08-16,8624.05,8624.1,8619.75,8621.05,12:55:00,8629.450483483784,1,45
2016-08-16,8623.3,8629.2,8622.7,8623.8,13:00:00,8628.864723151995,1,46
2016-08-16,8626.7,8627.0,8622.7,8623.5,13:05:00,8628.658559042282,1,47
2016-08-16,8625.55,8627.9,8624.15,8626.85,13:10:00,8628.36250580016,1,48
2016-08-16,8623.6,8626.2,8621.05,8625.0,13:15:00,8627.908933819192,1,49
2016-08-16,8625.5,8626.4,8621.95,8623.55,13:20:00,8627.679511550697,1,50
2016-08-16,8624.85,8626.7,8624.1,8625.6,13:25:00,8627.410034260154,1,51
2016-08-16,8616.85,8625.9,8616.85,8625.2,13:30:00,8626.404316711569,1,52
2016-08-16,8614.65,8618.25,8613.5,8616.9,13:35:00,8625.284857977134,1,53
2016-08-16,8611.4,8615.2,8607.5,8614.6,13:40:00,8623.96249055074,1,54
2016-08-16,8613.05,8613.75,8609.55,8611.1,13:45:00,8622.923205736384,1,55
2016-08-16,8619.25,8619.35,8612.5,8612.75,13:50:00,8622.573376618633,1,56
2016-08-16,8622.6,8624.05,8617.4,8618.9,13:55:00,8622.575912178763,1,57
2016-08-16,8617.35,8622.65,8614.65,8622.45,14:00:00,8622.078206256976,1,58
2016-08-16,8615.35,8617.2,8613.95,8617.2,14:05:00,8621.437424708693,1,59
2016-08-16,8616.35,8616.7,8611.6,8615.15,14:10:00,8620.952908069768,1,60
2016-08-16,8616.0,8619.5,8614.75,8616.25,14:15:00,8620.481202539315,1,61
2016-08-16,8618.85,8620.95,8614.65,8615.2,14:20:00,8620.325849916522,1,62
2016-08-16,8627.4,8629.05,8617.6,8618.45,14:25:00,8620.999578495901,1,63
2016-08-16,8645.7,8648.6,8625.85,8626.85,14:30:00,8623.35199959153,1,64
2016-08-16,8647.95,8654.05,8645.0,8645.55,14:35:00,8625.694666297099,1,65
2016-08-16,8647.05,8653.65,8643.4,8647.45,14:40:00,8627.728507602136,1,66
2016-08-16,8645.4,8648.65,8643.05,8646.95,14:45:00,8629.411506878123,1,67
2016-08-16,8643.0,8646.9,8642.4,8644.95,14:50:00,8630.705649080206,1,68
2016-08-16,8641.85,8646.45,8635.4,8642.95,14:55:00,8631.767015834472,1,69
2016-08-16,8643.05,8646.85,8640.35,8641.7,15:00:00,8632.841585754999,1,70
2016-08-16,8640.05,8644.25,8637.65,8642.8,15:05:00,8633.52810139738,1,71
2016-08-16,8645.05,8645.2,8639.6,8639.9,15:10:00,8634.62542507382,1,72
2016-08-16,8643.8,8649.6,8643.6,8645.2,15:15:00,8635.499194114409,1,73
2016-08-16,8638.7,8645.65,8638.5,8643.85,15:20:00,8635.80403277018,1,74
2016-08-16,8638.9,8643.2,8637.6,8638.65,15:25:00,8636.098886792068,1,75
2016-08-17,8646.75,8649.65,8626.55,8638.65,09:15:00,8637.113278526158,2,1
2016-08-17,8646.65,8650.8,8635.9,8646.35,09:20:00,8638.021537714143,2,2
2016-08-17,8652.1,8653.35,8640.7,8647.4,09:25:00,8639.36234364613,2,3
2016-08-17,8647.65,8656.45,8646.9,8652.05,09:30:00,8640.15164425126,2,4
2016-08-17,8652.85,8653.75,8647.05,8647.9,09:35:00,8641.361011465426,2,5
2016-08-17,8653.6,8657.6,8650.9,8653.15,09:40:00,8642.5266294211,2,6
2016-08-17,8639.15,8654.5,8638.5,8653.55,09:45:00,8642.20504566671,2,7
2016-08-17,8641.65,8643.2,8633.2,8639.2,09:50:00,8642.152184174642,2,8
2016-08-17,8641.7,8641.75,8632.35,8641.35,09:55:00,8642.109119015153,2,9
2016-08-17,8638.5,8643.0,8635.45,8641.2,10:00:00,8641.765393394662,2,10
2016-08-17,8638.25,8640.55,8633.0,8638.7,10:05:00,8641.430594023743,2,11
2016-08-17,8641.7,8642.2,8634.7,8638.5,10:10:00,8641.456251735768,2,12
2016-08-17,8645.65,8645.7,8640.05,8641.5,10:15:00,8641.855656332362,2,13
2016-08-17,8645.2,8647.1,8643.75,8645.6,10:20:00,8642.174165253089,2,14
2016-08-17,8642.85,8647.45,8642.45,8644.9,10:25:00,8642.23853046708,2,15
2016-08-17,8646.35,8647.85,8641.15,8643.25,10:30:00,8642.630098994025,2,16
2016-08-17,8640.15,8647.6,8639.15,8646.65,10:35:00,8642.393899089831,2,17
2016-08-17,8638.8,8640.55,8635.75,8640.25,10:40:00,8642.051622986037,2,18
2016-08-17,8641.35,8644.25,8635.9,8638.75,10:45:00,8641.984801749271,2,19
2016-08-17,8645.05,8646.45,8641.55,8641.7,10:50:00,8642.276725392197,2,20
2016-08-17,8647.3,8647.65,8643.7,8644.9,10:55:00,8642.755132497703,2,21
2016-08-17,8652.0,8653.2,8647.25,8647.45,11:00:00,8643.63559606935,2,22
2016-08-17,8649.7,8653.95,8647.25,8652.1,11:05:00,8644.21315834846,2,23
2016-08-17,8653.2,8653.85,8648.25,8650.1,11:10:00,8645.06904802956,2,24
2016-08-17,8650.85,8653.45,8649.9,8652.95,11:15:00,8645.619614883888,2,25
2016-08-17,8651.55,8652.55,8650.75,8650.9,11:20:00,8646.184413466375,2,26
2016-08-17,8650.65,8654.05,8650.4,8651.45,11:25:00,8646.609707421958,2,27
2016-08-17,8643.05,8651.0,8643.05,8650.85,11:30:00,8646.270687667486,2,28
2016-08-17,8643.85,8645.3,8641.85,8642.5,11:35:00,8646.040145984867,2,29
2016-08-17,8642.85,8644.75,8640.35,8644.4,11:40:00,8645.736322557737,2,30
2016-08-17,8648.65,8648.9,8642.3,8642.7,11:45:00,8646.013815647477,2,31
2016-08-17,8645.65,8648.8,8644.15,8648.7,11:50:00,8645.979166538193,2,32
2016-08-17,8646.8,8647.55,8644.35,8645.3,11:55:00,8646.057341153602,2,33
2016-08-17,8638.2,8646.85,8637.6,8646.85,12:00:00,8645.309022948499,2,34
2016-08-17,8640.6,8642.35,8635.35,8638.8,12:05:00,8644.860544572452,2,35
2016-08-17,8651.7,8652.0,8640.65,8641.25,12:10:00,8645.511921279836,2,36
2016-08-17,8653.55,8654.45,8648.4,8651.95,12:15:00,8646.277452586519,2,37
2016-08-17,8659.85,8667.1,8653.5,8653.5,12:20:00,8647.570076149706,2,38
2016-08-17,8657.2,8660.8,8656.6,8660.1,12:25:00,8648.487211754496,2,39
2016-08-17,8653.25,8658.0,8652.85,8657.55,12:30:00,8648.94081063502,2,40
2016-08-17,8648.4,8654.6,8647.5,8653.35,12:35:00,8648.889304860257,2,41
2016-08-17,8638.4,8648.5,8638.4,8648.25,12:40:00,8647.890323444994,2,42
2016-08-17,8636.35,8641.3,8634.9,8638.15,12:45:00,8646.79124502166,2,43
2016-08-17,8636.2,8637.1,8628.05,8636.25,12:50:00,8645.7825550196,2,44
2016-08-17,8633.25,8637.6,8632.6,8636.45,12:55:00,8644.588978351067,2,45
2016-08-17,8640.15,8640.75,8632.95,8632.95,13:00:00,8644.166218508108,2,46
2016-08-17,8636.05,8639.65,8635.8,8639.65,13:05:00,8643.39324531686,2,47
2016-08-17,8635.45,8636.35,8632.9,8635.95,13:10:00,8642.636745762873,2,48
2016-08-17,8629.5,8636.9,8624.65,8635.9,13:15:00,8641.38562711879,2,49
2016-08-17,8615.55,8633.15,8613.4,8629.6,13:20:00,8638.925091202715,2,50
2016-08-17,8619.05,8622.25,8612.25,8615.3,13:25:00,8637.032225373885,2,51
2016-08-17,8613.55,8619.2,8607.25,8618.6,13:30:00,8634.795822957325,2,52
2016-08-17,8612.1,8613.9,8603.6,8613.35,13:35:00,8632.63431600901,2,53
2016-08-17,8619.5,8621.25,8610.55,8611.9,13:40:00,8631.383428770056,2,54
2016-08-17,8618.7,8621.35,8616.25,8619.55,13:45:00,8630.175483172909,2,55
2016-08-17,8621.75,8621.9,8614.5,8618.35,13:50:00,8629.37305620406,2,56
2016-08-17,8616.7,8624.9,8616.7,8621.4,13:55:00,8628.166098470341,2,57
2016-08-17,8619.45,8620.85,8615.35,8616.05,14:00:00,8627.335993854118,2,58
2016-08-17,8618.8,8622.45,8615.4,8620.15,14:05:00,8626.523042058488,2,59
2016-08-17,8616.35,8621.65,8615.2,8618.7,14:10:00,8625.554180910061,2,60
2016-08-17,8614.5,8616.75,8610.9,8615.95,14:15:00,8624.50140177577,2,61
2016-08-17,8618.0,8618.45,8614.3,8614.3,14:20:00,8623.882220654268,2,62
2016-08-17,8611.7,8619.8,8611.35,8617.65,14:25:00,8622.722009163386,2,63
2016-08-17,8610.3,8615.5,8604.8,8612.25,14:30:00,8621.538960671634,2,64
2016-08-17,8612.25,8613.45,8606.4,8610.4,14:35:00,8620.654297750527,2,65
2016-08-17,8621.05,8622.05,8611.65,8612.65,14:40:00,8620.691983679048,2,66
2016-08-17,8623.15,8624.95,8615.65,8621.5,14:45:00,8620.92608047152,2,67
2016-08-17,8617.2,8622.9,8617.0,8622.9,14:50:00,8620.571215664708,2,68
2016-08-17,8617.3,8618.7,8615.15,8616.75,14:55:00,8620.259671315689,2,69
2016-08-17,8627.5,8627.6,8616.9,8617.65,15:00:00,8620.94922642848,2,70
2016-08-17,8628.2,8630.35,8626.1,8627.95,15:05:00,8621.639776292433,2,71
2016-08-17,8622.1,8629.55,8619.8,8628.35,15:10:00,8621.683607121726,2,72
2016-08-17,8623.3,8626.7,8619.25,8621.7,15:15:00,8621.83754930061,2,73
2016-08-17,8623.7,8626.75,8622.6,8622.9,15:20:00,8622.014925557694,2,74
2016-08-17,8622.6,8625.75,8620.4,8623.45,15:25:00,8622.070646933153,2,75
2016-08-18,8663.05,8670.5,8645.05,8648.75,09:15:00,8625.973442463328,3,1
2016-08-18,8663.5,8666.45,8657.25,8663.5,09:20:00,8629.547400323963,3,2
2016-08-18,8658.1,8664.6,8657.25,8663.3,09:25:00,8632.266695531205,3,3
2016-08-18,8660.6,8661.55,8655.3,8658.2,09:30:00,8634.965105480615,3,4
2016-08-18,8652.95,8662.1,8652.75,8660.85,09:35:00,8636.677952577698,3,5
2016-08-18,8655.75,8656.25,8650.9,8652.75,09:40:00,8638.494338046488,3,6
2016-08-18,8661.35,8662.7,8655.7,8656.0,09:45:00,8640.671067756346,3,7
2016-08-18,8659.65,8663.25,8657.4,8661.45,09:50:00,8642.478585112884,3,8
2016-08-18,8658.65,8660.55,8654.05,8659.7,09:55:00,8644.018719864038,3,9
2016-08-18,8655.05,8659.9,8655.0,8658.6,10:00:00,8645.069317972224,3,10
2016-08-18,8659.35,8660.7,8654.9,8655.5,10:05:00,8646.42938292725,3,11
2016-08-18,8657.7,8659.5,8656.25,8659.25,10:10:00,8647.502775029418,3,12
2016-08-18,8663.95,8666.2,8657.15,8658.0,10:15:00,8649.06917740757,3,13
2016-08-18,8662.25,8664.65,8660.8,8663.75,10:20:00,8650.324493844944,3,14
2016-08-18,8673.4,8674.25,8660.7,8662.5,10:25:00,8652.522161097806,3,15
2016-08-18,8680.4,8685.3,8673.3,8673.5,10:30:00,8655.177193374206,3,16
2016-08-18,8680.55,8690.7,8680.05,8680.35,10:35:00,8657.59365114809,3,17
2016-08-18,8683.15,8684.85,8680.6,8680.9,10:40:00,8660.027589133986,3,18
2016-08-18,8683.35,8684.25,8680.75,8682.85,10:45:00,8662.248771121225,3,19
2016-08-18,8684.0,8688.4,8683.35,8683.5,10:50:00,8664.320316728727,3,20
2016-08-18,8685.05,8685.8,8681.65,8683.95,10:55:00,8666.294572278372,3,21
2016-08-18,8677.05,8685.45,8676.8,8685.15,11:00:00,8667.31889872805,3,22
2016-08-18,8677.85,8681.15,8675.85,8677.2,11:05:00,8668.32186075395,3,23
2016-08-18,8679.0,8681.15,8677.5,8678.0,11:10:00,8669.33882639643,3,24
2016-08-18,8675.1,8679.35,8675.0,8679.15,11:15:00,8669.88750959677,3,25
2016-08-18,8674.75,8676.1,8671.7,8675.2,11:20:00,8670.350603920888,3,26
2016-08-18,8679.85,8679.95,8674.2,8674.65,11:25:00,8671.255308309375,3,27
2016-08-18,8676.0,8681.45,8675.6,8679.6,11:30:00,8671.707183708482,3,28
2016-08-18,8675.1,8677.15,8673.9,8676.2,11:35:00,8672.03030906958,3,29
2016-08-18,8675.95,8678.95,8674.25,8674.75,11:40:00,8672.403612967715,3,30
2016-08-18,8678.1,8679.05,8675.8,8676.0,11:45:00,8672.946126018409,3,31
2016-08-18,8678.9,8681.5,8677.5,8677.95,11:50:00,8673.513161635703,3,32
2016-08-18,8675.65,8680.0,8674.95,8678.95,11:55:00,8673.716670051352,3,33
2016-08-18,8670.2,8676.6,8669.85,8675.55,12:00:00,8673.38174909408,3,34
2016-08-18,8672.1,8673.45,8669.55,8670.15,12:05:00,8673.259677751787,3,35
2016-08-18,8674.2,8675.0,8671.85,8672.05,12:10:00,8673.349232251616,3,36
2016-08-18,8674.15,8675.25,8672.9,8674.4,12:15:00,8673.425495846699,3,37
2016-08-18,8675.65,8677.1,8672.5,8674.3,12:20:00,8673.637353385107,3,38
2016-08-18,8677.05,8678.75,8674.4,8675.35,12:25:00,8673.962367348431,3,39
2016-08-18,8677.0,8677.4,8674.85,8677.0,12:30:00,8674.2516656962,3,40
2016-08-18,8675.7,8677.55,8674.9,8676.85,12:35:00,8674.389602296562,3,41
2016-08-18,8677.4,8679.05,8675.15,8675.65,12:40:00,8674.676306839747,3,42
2016-08-18,8676.15,8677.7,8674.3,8677.25,12:45:00,8674.816658569294,3,43
2016-08-18,8674.45,8676.75,8673.6,8675.95,12:50:00,8674.781738705553,3,44
2016-08-18,8676.8,8680.6,8674.15,8674.2,12:55:00,8674.973954066929,3,45
2016-08-18,8677.0,8678.4,8675.85,8676.75,13:00:00,8675.16691082246,3,46
2016-08-18,8679.7,8680.8,8676.85,8676.85,13:05:00,8675.598633601274,3,47
2016-08-18,8676.5,8679.9,8675.8,8679.8,13:10:00,8675.684478020201,3,48
2016-08-18,8677.05,8679.5,8676.1,8676.7,13:15:00,8675.814527732564,3,49
2016-08-18,8679.15,8680.85,8676.95,8677.4,13:20:00,8676.132191758034,3,50
2016-08-18,8680.6,8681.55,8678.0,8679.1,13:25:00,8676.557697304888,3,51
2016-08-18,8685.45,8686.45,8680.2,8680.55,13:30:00,8677.404583275851,3,52
2016-08-18,8684.9,8685.65,8682.7,8685.15,13:35:00,8678.118432487674,3,53
2016-08-18,8682.6,8685.25,8681.8,8684.75,13:40:00,8678.545248441229,3,54
2016-08-18,8683.25,8684.05,8681.5,8682.3,13:45:00,8678.993320018255,3,55
2016-08-18,8685.95,8687.1,8682.75,8683.15,13:50:00,8679.655860968896,3,56
2016-08-18,8683.05,8687.45,8682.55,8685.6,13:55:00,8679.979112305193,3,57
2016-08-18,8683.8,8687.2,8682.45,8682.9,14:00:00,8680.343006371366,3,58
2016-08-18,8665.85,8684.4,8665.25,8683.45,14:05:00,8678.962720050284,3,59
2016-08-18,8668.3,8673.25,8662.45,8665.8,14:10:00,8677.947222902638,3,60
2016-08-18,8670.85,8671.25,8661.9,8668.0,14:15:00,8677.271296911911,3,61
2016-08-18,8666.4,8673.65,8665.45,8671.05,14:20:00,8676.235935301253,3,62
2016-08-18,8670.6,8670.95,8665.0,8666.5,14:25:00,8675.699179558276,3,63
2016-08-18,8670.45,8675.95,8669.85,8670.5,14:30:00,8675.199257695584,3,64
2016-08-18,8674.5,8674.8,8669.25,8670.65,14:35:00,8675.132661724576,3,65
2016-08-18,8671.8,8675.15,8671.15,8674.7,14:40:00,8674.815265369854,3,66
2016-08-18,8669.65,8672.85,8668.85,8671.55,14:45:00,8674.32333533463,3,67
2016-08-18,8671.5,8671.95,8669.15,8669.25,14:50:00,8674.05444625514,3,68
2016-08-18,8674.25,8674.25,8670.5,8671.15,14:55:00,8674.073070421317,3,69
2016-08-18,8677.55,8678.75,8673.7,8673.95,15:00:00,8674.404206571668,3,70
2016-08-18,8671.85,8677.65,8671.55,8677.65,15:05:00,8674.160948802937,3,71
2016-08-18,8670.1,8672.6,8668.9,8672.1,15:10:00,8673.774191774086,3,72
2016-08-18,8671.15,8672.85,8668.5,8670.05,15:15:00,8673.524268747982,3,73
2016-08-18,8673.05,8674.15,8670.45,8671.1,15:20:00,8673.479100295794,3,74
2016-08-18,8668.7,8673.45,8667.5,8673.45,15:25:00,8673.02394788667,3,75
2016-08-19,8683.5,8694.25,8678.9,8692.3,09:15:00,8674.02166713556,4,1
2016-08-19,8681.5,8686.85,8668.7,8683.75,09:20:00,8674.733889313125,4,2
2016-08-19,8670.5,8683.55,8669.55,8681.25,09:25:00,8674.330661759495,4,3
2016-08-19,8671.9,8674.55,8663.35,8669.75,09:30:00,8674.099170163354,4,4
2016-08-19,8673.7,8674.6,8663.85,8670.35,09:35:00,8674.06115395732,4,5
2016-08-19,8678.4,8680.35,8673.15,8673.5,09:40:00,8674.474377389957,4,6
2016-08-19,8682.0,8686.85,8678.05,8678.45,09:45:00,8675.191103352818,4,7
2016-08-19,8678.4,8685.35,8677.5,8681.75,09:50:00,8675.496712557311,4,8
2016-08-19,8681.5,8684.7,8678.1,8678.5,09:55:00,8676.068454218519,4,9
2016-08-19,8681.75,8684.15,8678.35,8681.2,10:00:00,8676.609553816756,4,10
2016-08-19,8678.95,8682.1,8673.6,8681.95,10:05:00,8676.832453453255,4,11
2016-08-19,8675.1,8679.3,8671.65,8679.0,10:10:00,8676.667457886278,4,12
2016-08-19,8671.55,8677.1,8670.8,8675.45,10:15:00,8676.180080944729,4,13
2016-08-19,8677.0,8677.05,8670.9,8671.75,10:20:00,8676.258168473803,4,14
2016-08-19,8672.65,8679.15,8672.65,8676.9,10:25:00,8675.914533381061,4,15
2016-08-19,8675.8,8676.5,8671.0,8672.7,10:30:00,8675.903625440007,4,16
2016-08-19,8673.05,8676.05,8671.7,8675.7,10:35:00,8675.631851588578,4,17
2016-08-19,8675.2,8675.45,8672.9,8673.35,10:40:00,8675.590722865856,4,18
2016-08-19,8673.55,8675.4,8672.25,8675.3,10:45:00,8675.396368307203,4,19
2016-08-19,8670.05,8674.1,8670.05,8673.8,10:50:00,8674.887190373183,4,20
2016-08-19,8668.95,8672.8,8668.4,8670.3,10:55:00,8674.321743670975,4,21
2016-08-19,8671.55,8672.95,8668.75,8668.75,11:00:00,8674.057768083263,4,22
2016-08-19,8672.35,8672.8,8670.5,8671.2,11:05:00,8673.895123503906,4,23
2016-08-19,8669.9,8672.1,8669.55,8671.9,11:10:00,8673.514635551153,4,24
2016-08-19,8670.05,8671.1,8669.35,8669.95,11:15:00,8673.184670260567,4,25
2016-08-19,8671.35,8672.45,8669.9,8670.2,11:20:00,8673.00993975956,4,26
2016-08-19,8672.95,8673.55,8668.95,8671.4,11:25:00,8673.00423121103,4,27
2016-08-19,8675.7,8675.95,8672.9,8673.15,11:30:00,8673.260971095695,4,28
2016-08-19,8675.25,8676.15,8672.75,8675.8,11:35:00,8673.450402419914,4,29
2016-08-19,8673.2,8676.2,8672.65,8675.1,11:40:00,8673.426554570398,4,30
2016-08-19,8678.2,8680.45,8673.1,8673.15,11:45:00,8673.881168420838,4,31
2016-08-19,8679.45,8683.05,8677.7,8678.25,11:50:00,8674.41153333314,4,32
2016-08-19,8681.4,8683.6,8678.15,8679.7,11:55:00,8675.077101587125,4,33
2016-08-19,8683.65,8684.5,8680.7,8681.8,12:00:00,8675.893568102638,4,34
2016-08-19,8682.25,8683.85,8680.25,8683.7,12:05:00,8676.498942569053,4,35
2016-08-19,8680.65,8685.1,8680.6,8682.5,12:10:00,8676.894281372,4,36
2016-08-19,8677.75,8681.45,8677.6,8680.75,12:15:00,8676.97577838419,4,37
2016-08-19,8674.5,8678.25,8673.8,8677.5,12:20:00,8676.739989966649,4,38
2016-08-19,8678.4,8678.75,8674.35,8674.65,12:25:00,8676.898086160301,4,39
2016-08-19,8677.45,8679.95,8676.8,8678.15,12:30:00,8676.95064938313,4,40
2016-08-19,8669.25,8677.3,8669.25,8677.3,12:35:00,8676.217254203784,4,41
2016-08-19,8665.9,8669.2,8663.9,8669.2,12:40:00,8675.234658565329,4,42
2016-08-19,8660.15,8668.7,8659.0,8666.05,12:45:00,8673.79802441625,4,43
2016-08-19,8659.5,8665.45,8656.95,8660.6,12:50:00,8672.43630780518,4,44
2016-08-19,8659.6,8660.6,8657.9,8659.1,12:55:00,8671.213802299924,4,45
2016-08-19,8650.05,8659.75,8647.1,8659.3,13:00:00,8669.198202080883,4,46
2016-08-19,8655.9,8656.95,8649.9,8650.15,13:05:00,8667.931706644607,4,47
2016-08-19,8655.9,8658.6,8654.2,8656.05,13:10:00,8666.78582982131,4,48
2016-08-19,8655.3,8656.85,8651.8,8656.35,13:15:00,8665.6919412669,4,49
2016-08-19,8656.45,8657.1,8651.95,8655.55,13:20:00,8664.811756384337,4,50
2016-08-19,8661.45,8664.1,8656.4,8656.5,13:25:00,8664.491589109639,4,51
2016-08-19,8659.7,8663.25,8658.9,8661.35,13:30:00,8664.035247289674,4,52
2016-08-19,8657.45,8661.2,8655.05,8659.95,13:35:00,8663.408080881134,4,53
2016-08-19,8658.7,8659.45,8656.6,8657.75,13:40:00,8662.959692225788,4,54
2016-08-19,8658.85,8661.0,8658.05,8659.0,13:45:00,8662.568292966189,4,55
2016-08-19,8655.3,8660.0,8653.6,8659.0,13:50:00,8661.876074588456,4,56
2016-08-19,8658.45,8658.7,8651.65,8655.2,13:55:00,8661.549781770507,4,57
2016-08-19,8660.45,8662.15,8656.3,8658.4,14:00:00,8661.445040649507,4,58
2016-08-19,8661.65,8662.35,8659.4,8660.65,14:05:00,8661.464560587649,4,59
2016-08-19,8662.9,8663.65,8661.45,8661.6,14:10:00,8661.60126910311,4,60
2016-08-19,8658.55,8662.5,8657.5,8662.4,14:15:00,8661.31067204567,4,61
2016-08-19,8657.25,8660.05,8656.9,8658.65,14:20:00,8660.923941374655,4,62
2016-08-19,8658.95,8659.6,8652.65,8657.15,14:25:00,8660.73594695802,4,63
2016-08-19,8657.05,8659.25,8653.5,8659.25,14:30:00,8660.38490439059,4,64
2016-08-19,8663.8,8664.35,8656.25,8656.95,14:35:00,8660.710151591486,4,65
2016-08-19,8665.4,8668.3,8663.4,8663.7,14:40:00,8661.156803820868,4,66
2016-08-19,8664.85,8669.25,8664.5,8665.45,14:45:00,8661.508536790308,4,67
2016-08-19,8666.9,8668.35,8662.95,8664.9,14:50:00,8662.022009476945,4,68
2016-08-19,8666.55,8667.55,8663.3,8666.6,14:55:00,8662.453246669616,4,69
2016-08-19,8666.2,8667.25,8661.15,8666.2,15:00:00,8662.810080320129,4,70
2016-08-19,8668.6,8670.65,8666.3,8666.4,15:05:00,8663.361501242021,4,71
2016-08-19,8668.3,8670.65,8666.3,8668.75,15:10:00,8663.831834457067,4,72
2016-08-19,8666.4,8668.95,8664.45,8668.55,15:15:00,8664.07642165163,4,73
2016-08-19,8666.25,8668.3,8664.6,8666.6,15:20:00,8664.28342911338,4,74
2016-08-19,8667.15,8668.5,8664.35,8666.05,15:25:00,8664.556435864488,4,75
2016-08-22,8672.6,8684.65,8659.1,8662.55,09:15:00,8665.32248959168,0,1
2016-08-22,8674.5,8684.85,8672.95,8672.95,09:20:00,8666.196538201995,0,2
2016-08-22,8671.35,8675.65,8667.9,8674.35,09:25:00,8666.687344087519,0,3
2016-08-22,8670.6,8674.15,8666.85,8671.15,09:30:00,8667.059977983945,0,4
2016-08-22,8668.35,8674.85,8666.95,8670.7,09:35:00,8667.182837223569,0,5
2016-08-22,8671.0,8671.8,8663.1,8668.45,09:40:00,8667.546376535609,0,6
2016-08-22,8667.1,8675.5,8666.35,8670.6,09:45:00,8667.503864484599,0,7
2016-08-22,8651.95,8667.0,8650.8,8667.0,09:50:00,8666.022544057494,0,8
2016-08-22,8637.05,8652.65,8633.95,8652.4,09:55:00,8663.263254147258,0,9
2016-08-22,8637.8,8642.95,8632.45,8637.1,10:00:00,8660.838182323709,0,10
2016-08-22,8646.0,8646.55,8636.5,8637.6,10:05:00,8659.425022102403,0,11
2016-08-22,8643.8,8648.6,8643.55,8645.8,10:10:00,8657.936924759317,0,12
2016-08-22,8640.5,8646.45,8638.8,8643.95,10:15:00,8656.27626525843,0,13
2016-08-22,8639.1,8644.2,8638.95,8640.9,10:20:00,8654.640430471913,0,14
2016-08-22,8630.4,8639.15,8629.65,8639.15,10:25:00,8652.331818046016,0,15
2016-08-22,8621.1,8629.95,8615.3,8629.95,10:30:00,8649.35735918449,0,16
2016-08-22,8623.05,8626.15,8618.9,8621.55,10:35:00,8646.851896405014,0,17
2016-08-22,8629.45,8632.2,8620.8,8622.95,10:40:00,8645.19457293787,0,18
2016-08-22,8630.5,8630.65,8623.7,8628.85,10:45:00,8643.79508980093,0,19
2016-08-22,8630.0,8631.65,8626.65,8630.3,10:50:00,8642.481271724651,0,20
2016-08-22,8627.55,8631.2,8626.65,8629.6,10:55:00,8641.059245846112,0,21
2016-08-22,8629.05,8630.95,8626.9,8627.6,11:00:00,8639.915508146481,0,22
2016-08-22,8626.7,8630.35,8626.6,8629.1,11:05:00,8638.656888323007,0,23
2016-08-22,8629.45,8630.8,8626.55,8626.55,11:10:00,8637.780041816053,0,24
2016-08-22,8631.3,8631.35,8628.6,8629.55,11:15:00,8637.162894976429,0,25
2016-08-22,8632.65,8633.65,8629.65,8630.9,11:20:00,8636.733095454865,0,26
2016-08-22,8626.35,8633.0,8625.7,8632.75,11:25:00,8635.744229221069,0,27
2016-08-22,8624.8,8628.65,8623.95,8626.4,11:30:00,8634.701921676206,0,28
2016-08-22,8622.2,8624.7,8618.85,8624.7,11:35:00,8633.511262468948,0,29
2016-08-22,8616.25,8622.65,8614.0,8622.3,11:40:00,8631.86733271,0,30
2016-08-22,8619.15,8620.15,8615.55,8616.45,11:45:00,8630.65615816619,0,31
2016-08-22,8623.8,8624.0,8618.25,8619.0,11:50:00,8630.00319072179,0,32
2016-08-22,8621.4,8624.3,8620.4,8623.75,11:55:00,8629.183839224477,0,33
2016-08-22,8619.45,8621.8,8618.6,8621.45,12:00:00,8628.256806917385,0,34
2016-08-22,8616.9,8619.8,8616.05,8619.35,12:05:00,8627.175206258586,0,35
2016-08-22,8618.5,8619.55,8616.0,8616.55,12:10:00,8626.34899613872,0,36
2016-08-22,8617.1,8620.7,8616.9,8618.2,12:15:00,8625.468139363604,0,37
2016-08-22,8618.9,8619.2,8616.6,8617.15,12:20:00,8624.842602281356,0,38
2016-08-22,8618.9,8620.25,8617.35,8618.65,12:25:00,8624.276640159322,0,39
2016-08-22,8621.0,8624.35,8619.0,8619.0,12:30:00,8623.964579191766,0,40
2016-08-22,8616.5,8620.75,8616.1,8620.75,12:35:00,8623.25366688779,0,41
2016-08-22,8619.8,8621.15,8616.1,8616.4,12:40:00,8622.924746231809,0,42
2016-08-22,8622.7,8626.0,8618.5,8618.85,12:45:00,8622.90334182878,0,43
2016-08-22,8630.1,8630.7,8622.1,8622.4,12:50:00,8623.588737845086,0,44
2016-08-22,8624.65,8631.05,8623.7,8630.4,12:55:00,8623.68981043127,0,45
2016-08-22,8630.55,8633.6,8623.95,8624.55,13:00:00,8624.343161818768,0,46
2016-08-22,8631.15,8632.8,8628.95,8629.8,13:05:00,8624.991432121742,0,47
2016-08-22,8625.45,8631.7,8624.95,8631.1,13:10:00,8625.035105253004,0,48
2016-08-22,8627.7,8628.4,8621.75,8625.3,13:15:00,8625.288904752717,0,49
2016-08-22,8629.45,8632.85,8625.6,8628.0,13:20:00,8625.685199538173,0,50
2016-08-22,8640.0,8642.85,8628.8,8629.1,13:25:00,8627.04851386787,0,51
2016-08-22,8638.9,8641.25,8635.6,8640.1,13:30:00,8628.177226832835,0,52
2016-08-22,8638.4,8640.5,8634.3,8639.1,13:35:00,8629.150824277327,0,53
2016-08-22,8638.8,8641.15,8635.6,8638.1,13:40:00,8630.069793393772,0,54
2016-08-22,8643.1,8644.55,8638.0,8638.65,13:45:00,8631.310765451508,0,55
2016-08-22,8638.9,8642.7,8638.65,8642.3,13:50:00,8632.03354969422,0,56
2016-08-22,8635.5,8639.05,8634.2,8638.85,13:55:00,8632.36368781858,0,57
2016-08-22,8637.5,8638.7,8634.9,8635.55,14:00:00,8632.852860407287,0,58
2016-08-22,8640.95,8641.45,8637.65,8637.8,14:05:00,8633.624016558975,0,59
2016-08-22,8645.15,8645.5,8637.85,8641.15,14:10:00,8634.721729267645,0,60
2016-08-22,8648.1,8649.1,8644.7,8645.05,14:15:00,8635.995850289775,0,61
2016-08-22,8644.25,8648.95,8643.7,8648.35,14:20:00,8636.781959785987,0,62
2016-08-22,8637.75,8644.15,8637.1,8643.9,14:25:00,8636.874154092084,0,63
2016-08-22,8642.0,8642.55,8637.35,8637.65,14:30:00,8637.362329892838,0,64
2016-08-22,8641.5,8643.2,8640.7,8642.1,14:35:00,8637.756393712567,0,65
2016-08-22,8637.25,8642.15,8634.65,8642.15,14:40:00,8637.708165739941,0,66
2016-08-22,8634.0,8637.65,8631.85,8637.35,14:45:00,8637.355007098042,0,67
2016-08-22,8623.2,8634.7,8621.85,8634.15,14:50:00,8636.006911183944,0,68
2016-08-22,8622.75,8627.9,8620.1,8623.05,14:55:00,8634.744348214044,0,69
2016-08-22,8631.5,8632.65,8622.9,8622.9,15:00:00,8634.43536266985,0,70
2016-08-22,8634.2,8635.45,8629.8,8631.3,15:05:00,8634.412947177483,0,71
2016-08-22,8629.65,8635.4,8629.05,8634.1,15:10:00,8633.95933316058,0,72
2016-08-22,8626.25,8631.05,8624.8,8631.05,15:15:00,8633.225110954809,0,73
2016-08-22,8629.95,8631.25,8625.55,8626.15,15:20:00,8632.913195625779,0,74
2016-08-22,8626.9,8631.4,8626.05,8630.2,15:25:00,8632.340510328086,0,75
2016-08-23,8617.65,8629.65,8608.25,8626.05,09:15:00,8630.941414106363,1,1
2016-08-23,8617.2,8623.15,8608.15,8617.8,09:20:00,8629.632708000994,1,2
2016-08-23,8611.05,8619.5,8608.45,8617.6,09:25:00,8627.862926286614,1,3
2016-08-23,8617.2,8617.95,8608.0,8610.85,09:30:00,8626.847409497412,1,4
2016-08-23,8616.85,8621.55,8614.1,8617.4,09:35:00,8625.895275259563,1,5
2016-08-23,8615.1,8618.65,8614.1,8617.05,09:40:00,8624.867153806272,1,6
2016-08-23,8620.8,8622.65,8614.9,8615.3,09:45:00,8624.479805824722,1,7
2016-08-23,8625.95,8628.65,8620.85,8621.2,09:50:00,8624.619824317606,1,8
2016-08-23,8627.95,8629.35,8624.5,8626.1,09:55:00,8624.936983906406,1,9
2016-08-23,8634.45,8635.85,8627.65,8628.15,10:00:00,8625.842985439129,1,10
2016-08-23,8628.9,8635.45,8628.35,8634.8,10:05:00,8626.134129683021,1,11
2016-08-23,8627.35,8630.95,8626.95,8629.15,10:10:00,8626.249926856068,1,12
2016-08-23,8628.2,8629.1,8626.4,8627.45,10:15:00,8626.43564810787,1,13
2016-08-23,8631.55,8632.85,8627.9,8628.05,10:20:00,8626.922729240454,1,14
2016-08-23,8629.75,8632.0,8629.05,8631.8,10:25:00,8627.191993122316,1,15
2016-08-23,8622.45,8629.8,8620.5,8629.8,10:30:00,8626.740374729714,1,16
2016-08-23,8617.75,8622.4,8614.0,8622.4,10:35:00,8625.88414856498,1,17
2016-08-23,8615.85,8617.4,8612.2,8617.1,10:40:00,8624.928515368314,1,18
2016-08-23,8622.1,8622.25,8614.6,8615.7,10:45:00,8624.659132952283,1,19
2016-08-23,8622.3,8624.6,8620.45,8622.05,10:50:00,8624.434453623495,1,20
2016-08-23,8622.0,8623.6,8620.5,8622.6,10:55:00,8624.202600897448,1,21
2016-08-23,8624.4,8624.6,8620.85,8621.65,11:00:00,8624.221400811977,1,22
2016-08-23,8625.5,8625.75,8623.2,8624.3,11:05:00,8624.343172163217,1,23
2016-08-23,8620.95,8625.3,8620.1,8625.3,11:10:00,8624.020012909577,1,24
2016-08-23,8618.5,8622.7,8617.25,8620.9,11:15:00,8623.49429739438,1,25
2016-08-23,8621.15,8621.75,8617.7,8618.65,11:20:00,8623.271030975868,1,26
2016-08-23,8621.7,8622.55,8620.15,8621.4,11:25:00,8623.121408978166,1,27
2016-08-23,8622.3,8623.2,8620.95,8622.0,11:30:00,8623.043179551674,1,28
2016-08-23,8622.0,8623.8,8621.35,8622.25,11:35:00,8622.943829118181,1,29
2016-08-23,8623.45,8625.05,8621.45,8622.4,11:40:00,8622.99203586883,1,30
2016-08-23,8624.65,8625.55,8623.15,8623.4,11:45:00,8623.149937214657,1,31
2016-08-23,8625.25,8626.05,8623.9,8624.8,11:50:00,8623.349943194215,1,32
2016-08-23,8622.0,8625.35,8621.8,8625.15,11:55:00,8623.221377175718,1,33
2016-08-23,8622.95,8623.25,8620.9,8621.85,12:00:00,8623.195531730411,1,34
2016-08-23,8620.45,8623.0,8618.7,8622.45,12:05:00,8622.93405251799,1,35
2016-08-23,8622.5,8623.25,8619.4,8620.6,12:10:00,8622.892714182944,1,36
2016-08-23,8623.55,8624.4,8621.85,8622.2,12:15:00,8622.955312832188,1,37
2016-08-23,8623.95,8624.95,8622.7,8623.45,12:20:00,8623.050044943408,1,38
2016-08-23,8625.05,8626.9,8623.75,8623.75,12:25:00,8623.240516853559,1,39
2016-08-23,8628.55,8629.3,8624.75,8625.4,12:30:00,8623.746181915125,1,40
2016-08-23,8628.3,8632.45,8627.1,8628.6,12:35:00,8624.17987887559,1,41
2016-08-23,8626.4,8629.1,8626.15,8628.25,12:40:00,8624.391318982676,1,42
2016-08-23,8625.85,8627.65,8624.5,8626.55,12:45:00,8624.530240984326,1,43
2016-08-23,8620.5,8626.55,8619.75,8626.05,12:50:00,8624.146408509629,1,44
2016-08-23,8613.15,8620.4,8613.15,8620.4,12:55:00,8623.099131508712,1,45
2016-08-23,8618.6,8620.2,8612.9,8613.45,13:00:00,8622.670642793597,1,46
2016-08-23,8613.65,8618.35,8611.6,8618.35,13:05:00,8621.811533956112,1,47
2016-08-23,8615.65,8617.35,8612.45,8613.95,13:10:00,8621.224721198387,1,48
2016-08-23,8613.65,8617.2,8613.55,8616.15,13:15:00,8620.503319179492,1,49
2016-08-23,8607.15,8614.05,8602.85,8613.7,13:20:00,8619.23157449573,1,50
2016-08-23,8604.5,8609.55,8604.5,8607.75,13:25:00,8617.828567400898,1,51
2016-08-23,8611.9,8613.05,8601.4,8604.8,13:30:00,8617.263941934147,1,52
2016-08-23,8612.7,8616.05,8611.25,8612.65,13:35:00,8616.829280797561,1,53
2016-08-23,8610.45,8613.8,8608.95,8612.75,13:40:00,8616.221730245412,1,54
2016-08-23,8607.2,8613.05,8605.15,8610.7,13:45:00,8615.362517841088,1,55
2016-08-23,8593.95,8609.25,8593.6,8608.0,13:50:00,8613.32323042765,1,56
2016-08-23,8596.05,8600.45,8590.85,8594.05,13:55:00,8611.678160863112,1,57
2016-08-23,8596.85,8598.85,8591.75,8595.8,14:00:00,8610.265955066625,1,58
2016-08-23,8585.55,8597.15,8583.25,8596.5,14:05:00,8607.912054584089,1,59
2016-08-23,8589.9,8595.2,8580.0,8585.95,14:10:00,8606.196620814175,1,60
2016-08-23,8601.5,8603.15,8588.75,8590.05,14:15:00,8605.749323593776,1,61
2016-08-23,8598.9,8602.1,8597.3,8602.1,14:20:00,8605.097007061035,1,62
2016-08-23,8607.55,8607.55,8597.7,8598.8,14:25:00,8605.330625436174,1,63
2016-08-23,8610.15,8612.45,8607.0,8607.65,14:30:00,8605.789613489873,1,64
2016-08-23,8611.4,8612.4,8609.4,8609.9,14:35:00,8606.323936014647,1,65
2016-08-23,8607.45,8611.7,8605.9,8611.45,14:40:00,8606.431180203728,1,66
2016-08-23,8610.4,8610.9,8605.15,8607.0,14:45:00,8606.80916304147,1,67
2016-08-23,8611.3,8612.25,8606.85,8610.75,14:50:00,8607.236861799423,1,68
2016-08-23,8615.2,8615.2,8610.15,8611.45,14:55:00,8607.995255913764,1,69
2016-08-23,8624.95,8626.95,8614.45,8614.95,15:00:00,8609.609993445785,1,70
2016-08-23,8631.55,8631.55,8622.4,8625.1,15:05:00,8611.69951787952,1,71
2016-08-23,8631.3,8634.2,8629.2,8631.15,15:10:00,8613.566230462424,1,72
2016-08-23,8637.6,8639.25,8629.0,8631.0,15:15:00,8615.855160894575,1,73
2016-08-23,8636.05,8638.8,8633.55,8637.7,15:20:00,8617.778478904615,1,74
2016-08-23,8639.3,8642.15,8635.45,8635.65,15:25:00,8619.828147580365,1,75
2016-08-24,8647.05,8661.05,8642.95,8647.35,09:15:00,8622.420704953664,2,1
2016-08-24,8642.5,8651.8,8642.5,8646.9,09:20:00,8624.3330187676,2,2
2016-08-24,8635.9,8646.4,8633.8,8642.45,09:25:00,8625.434636027829,2,3
2016-08-24,8636.5,8642.05,8634.1,8636.55,09:30:00,8626.488480215654,2,4
2016-08-24,8645.0,8645.5,8636.0,8636.2,09:35:00,8628.251482099877,2,5
2016-08-24,8642.3,8647.5,8640.95,8644.85,09:40:00,8629.589436185603,2,6
2016-08-24,8643.55,8646.15,8642.25,8642.4,09:45:00,8630.919013691735,2,7
2016-08-24,8642.95,8647.45,8641.55,8643.7,09:50:00,8632.06482191157,2,8
2016-08-24,8646.25,8648.15,8643.0,8643.0,09:55:00,8633.415791253326,2,9
2016-08-24,8644.3,8648.3,8642.2,8646.5,10:00:00,8634.452382562533,2,10
2016-08-24,8642.8,8645.25,8637.85,8644.35,10:05:00,8635.247393747053,2,11
2016-08-24,8641.7,8642.95,8639.65,8642.55,10:10:00,8635.861927675905,2,12
2016-08-24,8641.25,8645.3,8640.8,8641.85,10:15:00,8636.375077421057,2,13
2016-08-24,8641.8,8643.5,8640.8,8641.0,10:20:00,8636.89173671429,2,14
2016-08-24,8641.05,8641.8,8638.3,8641.45,10:25:00,8637.287761789119,2,15
2016-08-24,8641.8,8644.05,8637.4,8640.8,10:30:00,8637.717498761584,2,16
2016-08-24,8644.05,8644.75,8641.7,8641.75,10:35:00,8638.320594117622,2,17
2016-08-24,8644.0,8646.7,8643.3,8644.3,10:40:00,8638.861489915944,2,18
2016-08-24,8643.05,8645.55,8642.3,8644.05,10:45:00,8639.260395638235,2,19
2016-08-24,8643.0,8643.45,8640.85,8643.0,10:50:00,8639.616548434595,2,20
2016-08-24,8641.5,8644.15,8641.15,8643.1,10:55:00,8639.795924774156,2,21
2016-08-24,8643.05,8645.9,8641.45,8641.45,11:00:00,8640.105836700428,2,22
2016-08-24,8641.4,8643.55,8640.65,8642.7,11:05:00,8640.229090348006,2,23
2016-08-24,8641.2,8642.1,8639.05,8641.05,11:10:00,8640.32155793391,2,24
2016-08-24,8641.75,8643.15,8639.6,8641.45,11:15:00,8640.457600035443,2,25
2016-08-24,8641.65,8642.55,8640.0,8641.55,11:20:00,8640.57116193683,2,26
2016-08-24,8648.0,8648.55,8641.4,8641.9,11:25:00,8641.278670323798,2,27
2016-08-24,8644.8,8648.2,8643.0,8647.85,11:30:00,8641.614035054865,2,28
2016-08-24,8642.5,8645.95,8641.8,8644.7,11:35:00,8641.698412668688,2,29
2016-08-24,8642.45,8643.35,8639.9,8642.45,11:40:00,8641.769992414527,2,30
2016-08-24,8641.45,8642.55,8639.15,8642.4,11:45:00,8641.739516946476,2,31
2016-08-24,8642.5,8643.55,8640.1,8641.3,11:50:00,8641.811943903955,2,32
2016-08-24,8643.35,8644.15,8641.8,8642.2,11:55:00,8641.958425436911,2,33
2016-08-24,8642.75,8643.8,8641.6,8643.25,12:00:00,8642.033813490538,2,34
2016-08-24,8643.45,8644.3,8642.35,8642.8,12:05:00,8642.168688396201,2,35
2016-08-24,8635.85,8643.7,8635.85,8643.7,12:10:00,8641.566908548944,2,36
2016-08-24,8630.3,8636.35,8625.55,8636.25,12:15:00,8640.49386963952,2,37
2016-08-24,8625.85,8631.6,8621.8,8630.2,12:20:00,8639.099215388138,2,38
2016-08-24,8626.1,8628.75,8622.6,8626.0,12:25:00,8637.861194874982,2,39
2016-08-24,8627.2,8627.45,8621.4,8626.65,12:30:00,8636.845842982128,2,40
2016-08-24,8623.15,8628.05,8621.95,8627.45,12:35:00,8635.54147698383,2,41
2016-08-24,8623.7,8625.7,8622.1,8623.45,12:40:00,8634.413717271083,2,42
2016-08-24,8631.05,8631.45,8623.75,8623.95,12:45:00,8634.093363245265,2,43
2016-08-24,8630.85,8633.7,8630.15,8630.9,12:50:00,8633.78447150762,2,44
2016-08-24,8634.95,8637.15,8630.3,8630.6,12:55:00,8633.89547422118,2,45
2016-08-24,8638.4,8640.1,8634.15,8634.55,13:00:00,8634.324476676307,2,46
2016-08-24,8640.85,8642.9,8638.2,8638.35,13:05:00,8634.945955088087,2,47
2016-08-24,8642.6,8649.55,8641.15,8641.2,13:10:00,8635.674911746364,2,48
2016-08-24,8638.05,8642.6,8636.7,8642.55,13:15:00,8635.901110627663,2,49
2016-08-24,8636.6,8638.9,8634.35,8638.2,13:20:00,8635.967671520266,2,50
2016-08-24,8635.4,8637.6,8632.8,8637.2,13:25:00,8635.913607565955,2,51
2016-08-24,8635.05,8640.9,8634.35,8635.25,13:30:00,8635.83135922634,2,52
2016-08-24,8630.45,8635.85,8628.85,8635.45,13:35:00,8635.318848823832,2,53
2016-08-24,8631.55,8634.35,8628.9,8630.1,13:40:00,8634.95991084061,2,54
2016-08-24,8632.35,8634.5,8630.25,8631.6,13:45:00,8634.711347903409,2,55
2016-08-24,8630.5,8634.25,8630.1,8631.8,13:50:00,8634.310267150704,2,56
2016-08-24,8627.2,8630.65,8624.15,8630.65,13:55:00,8633.633098850638,2,57
2016-08-24,8625.95,8627.35,8622.65,8626.85,14:00:00,8632.901375150577,2,58
2016-08-24,8623.55,8625.2,8620.9,8625.2,14:05:00,8632.010767993379,2,59
2016-08-24,8629.95,8630.35,8623.05,8623.85,14:10:00,8631.814504374963,2,60
2016-08-24,8635.05,8636.45,8629.7,8629.7,14:15:00,8632.122646815442,2,61
2016-08-24,8633.45,8636.25,8632.1,8634.65,14:20:00,8632.249061404447,2,62
2016-08-24,8636.35,8637.35,8633.45,8633.7,14:25:00,8632.639626984976,2,63
2016-08-24,8646.65,8647.0,8635.65,8636.4,14:30:00,8633.973948224502,2,64
2016-08-24,8644.8,8648.1,8643.45,8646.95,14:35:00,8635.005000774549,2,65
2016-08-24,8646.75,8648.3,8643.55,8644.7,14:40:00,8636.123572129352,2,66
2016-08-24,8648.9,8649.4,8644.8,8647.0,14:45:00,8637.3403747837,2,67
2016-08-24,8653.35,8654.85,8648.55,8648.95,14:50:00,8638.865100994775,2,68
2016-08-24,8658.4,8658.4,8652.6,8653.25,14:55:00,8640.725567566702,2,69
2016-08-24,8653.75,8659.9,8653.4,8657.9,15:00:00,8641.965989703207,2,70
2016-08-24,8650.6,8653.7,8650.2,8653.5,15:05:00,8642.78827639814,2,71
2016-08-24,8650.55,8652.15,8648.4,8650.3,15:10:00,8643.527488169746,2,72
2016-08-24,8648.55,8651.5,8644.6,8650.4,15:15:00,8644.00582262977,2,73
2016-08-24,8650.95,8651.4,8647.65,8648.35,15:20:00,8644.667172855507,2,74
2016-08-24,8647.6,8651.4,8646.6,8650.85,15:25:00,8644.946489726412,2,75
2016-08-25,8672.1,8675.9,8664.05,8666.0,09:15:00,8647.532538323896,3,1
2016-08-25,8670.15,8675.05,8666.75,8672.9,09:20:00,8649.686582293049,3,2
2016-08-25,8670.95,8672.2,8666.15,8670.1,09:25:00,8651.71166969371,3,3
2016-08-25,8667.7,8671.7,8666.35,8671.3,09:30:00,8653.234367818119,3,4
2016-08-25,8682.0,8682.05,8667.0,8667.85,09:35:00,8655.97395183544,3,5
2016-08-25,8676.45,8683.05,8673.25,8681.9,09:40:00,8657.924051660637,3,6
2016-08-25,8672.8,8676.3,8670.4,8675.85,09:45:00,8659.340808645338,3,7
2016-08-25,8675.6,8675.8,8672.1,8672.95,09:50:00,8660.889303060068,3,8
2016-08-25,8674.8,8676.25,8673.9,8675.65,09:55:00,8662.214131340063,3,9
2016-08-25,8672.6,8675.9,8672.6,8674.9,10:00:00,8663.203261688628,3,10
2016-08-25,8670.85,8673.45,8668.9,8672.95,10:05:00,8663.931522480187,3,11
2016-08-25,8677.95,8678.5,8670.55,8671.0,10:10:00,8665.266615577311,3,12
2016-08-25,8675.65,8677.9,8675.0,8677.7,10:15:00,8666.255509331853,3,13
2016-08-25,8676.8,8677.2,8675.05,8675.9,10:20:00,8667.259746538342,3,14
2016-08-25,8675.9,8678.45,8674.3,8676.95,10:25:00,8668.082627820406,3,15
2016-08-25,8673.85,8677.25,8673.75,8675.85,10:30:00,8668.63190136132,3,16
2016-08-25,8667.25,8674.8,8666.25,8673.95,10:35:00,8668.50029170786,3,17
2016-08-25,8668.35,8668.8,8666.0,8667.1,10:40:00,8668.485978211873,3,18
2016-08-25,8672.55,8672.7,8668.1,8668.2,10:45:00,8668.87302790598,3,19
2016-08-25,8671.5,8674.2,8670.9,8672.95,10:50:00,8669.123215724458,3,20
2016-08-25,8673.75,8674.7,8668.75,8671.6,10:55:00,8669.563861845938,3,21
2016-08-25,8674.95,8675.2,8672.95,8673.65,11:00:00,8670.07682738442,3,22
2016-08-25,8674.4,8676.0,8673.55,8675.1,11:05:00,8670.488558109715,3,23
2016-08-25,8676.45,8676.7,8673.75,8674.3,11:10:00,8671.056314480218,3,24
2016-08-25,8671.8,8676.7,8671.45,8676.65,11:15:00,8671.12714167258,3,25
2016-08-25,8673.35,8674.35,8671.65,8671.7,11:20:00,8671.338842465668,3,26
2016-08-25,8673.75,8675.7,8673.2,8673.2,11:25:00,8671.568476516557,3,27
2016-08-25,8674.75,8675.05,8673.15,8673.65,11:30:00,8671.871478753075,3,28
2016-08-25,8674.6,8675.25,8673.3,8675.0,11:35:00,8672.131337919449,3,29
2016-08-25,8671.85,8674.8,8670.9,8674.5,11:40:00,8672.104543831883,3,30
2016-08-25,8669.85,8673.15,8669.85,8671.7,11:45:00,8671.889825371703,3,31
2016-08-25,8668.7,8671.0,8668.2,8669.9,11:50:00,8671.586032479161,3,32
2016-08-25,8668.25,8669.65,8666.8,8668.5,11:55:00,8671.268315100193,3,33
2016-08-25,8669.4,8669.9,8668.15,8668.85,12:00:00,8671.090380328746,3,34
2016-08-25,8669.3,8670.05,8666.9,8669.5,12:05:00,8670.919867916484,3,35
2016-08-25,8667.85,8669.65,8666.8,8669.2,12:10:00,8670.627499543485,3,36
2016-08-25,8670.35,8670.55,8667.75,8667.75,12:15:00,8670.601071015535,3,37
2016-08-25,8669.75,8671.65,8668.85,8670.25,12:20:00,8670.520016633103,3,38
2016-08-25,8670.85,8671.0,8668.5,8669.95,12:25:00,8670.551443620427,3,39
2016-08-25,8666.55,8670.8,8665.3,8670.8,12:30:00,8670.170353751815,3,40
2016-08-25,8663.35,8666.75,8661.8,8666.25,12:35:00,8669.520796251643,3,41
2016-08-25,8665.6,8665.6,8662.25,8663.25,12:40:00,8669.14738708482,3,42
2016-08-25,8665.2,8665.85,8664.35,8665.55,12:45:00,8668.771445457694,3,43
2016-08-25,8664.5,8666.15,8663.2,8664.9,12:50:00,8668.36464112839,3,44
2016-08-25,8661.5,8664.6,8660.85,8664.35,12:55:00,8667.710865782828,3,45
2016-08-25,8660.95,8661.75,8657.05,8661.45,13:00:00,8667.066973803512,3,46
2016-08-25,8657.25,8660.7,8656.95,8660.7,13:05:00,8666.132023917464,3,47
2016-08-25,8655.45,8657.4,8652.45,8657.35,13:10:00,8665.114688306277,3,48
2016-08-25,8658.55,8659.7,8655.15,8655.55,13:15:00,8664.489479896156,3,49
2016-08-25,8658.25,8659.5,8658.0,8658.6,13:20:00,8663.89524371557,3,50
2016-08-25,8655.1,8658.35,8653.25,8658.35,13:25:00,8663.057601456943,3,51
2016-08-25,8643.0,8655.25,8642.9,8654.9,13:30:00,8661.14735369914,3,52
2016-08-25,8631.35,8642.85,8627.2,8642.8,13:35:00,8658.309510489698,3,53
2016-08-25,8639.65,8639.8,8629.35,8631.2,13:40:00,8656.532414252584,3,54
2016-08-25,8639.65,8643.75,8637.8,8639.7,13:45:00,8654.924565276147,3,55
2016-08-25,8638.7,8641.8,8635.4,8639.5,13:50:00,8653.37936858318,3,56
2016-08-25,8640.2,8644.95,8638.45,8638.45,13:55:00,8652.124190622879,3,57
2016-08-25,8633.75,8641.6,8632.85,8640.45,14:00:00,8650.374267706415,3,58
2016-08-25,8628.25,8634.8,8625.75,8634.05,14:05:00,8648.267194591517,3,59
2016-08-25,8630.35,8632.35,8625.3,8628.1,14:10:00,8646.56079510661,3,60
2016-08-25,8613.85,8630.25,8612.55,8630.05,14:15:00,8643.445481286934,3,61
2016-08-25,8610.2,8613.8,8597.75,8613.8,14:20:00,8640.279244973892,3,62
2016-08-25,8608.25,8612.5,8605.6,8610.55,14:25:00,8637.228840690665,3,63
2016-08-25,8596.3,8608.7,8590.85,8608.45,14:30:00,8633.330855862983,3,64
2016-08-25,8606.2,8606.3,8593.95,8596.1,14:35:00,8630.746964828413,3,65
2016-08-25,8608.9,8609.75,8603.15,8606.25,14:40:00,8628.66630151142,3,66
2016-08-25,8615.25,8619.1,8607.2,8607.9,14:45:00,8627.388558510334,3,67
2016-08-25,8615.65,8617.15,8608.8,8615.45,14:50:00,8626.270600556969,3,68
2016-08-25,8613.25,8616.2,8610.6,8615.9,14:55:00,8625.030543361067,3,69
2016-08-25,8597.0,8619.15,8594.9,8612.8,15:00:00,8622.36096780287,3,70
2016-08-25,8594.3,8597.7,8593.25,8596.9,15:05:00,8619.688494678787,3,71
2016-08-25,8587.1,8594.05,8584.95,8593.3,15:10:00,8616.584828518902,3,72
2016-08-25,8591.05,8593.2,8586.0,8587.3,15:15:00,8614.15294008853,3,73
2016-08-25,8587.4,8591.65,8585.2,8591.2,15:20:00,8611.605041032479,3,74
2016-08-25,8590.55,8592.65,8583.65,8587.65,15:25:00,8609.599799029385,3,75
2016-08-26,8607.1,8618.35,8606.9,8616.8,09:15:00,8609.36172293135,4,1
2016-08-26,8617.95,8621.0,8606.55,8606.6,09:20:00,8610.179654080745,4,2
2016-08-26,8616.6,8619.2,8611.8,8618.5,09:25:00,8610.791115596865,4,3
2016-08-26,8613.3,8620.9,8610.3,8616.65,09:30:00,8611.030056968591,4,4
2016-08-26,8620.0,8622.95,8613.3,8613.85,09:35:00,8611.884337257297,4,5
2016-08-26,8608.35,8620.0,8608.25,8619.7,09:40:00,8611.547733708983,4,6
2016-08-26,8599.35,8609.3,8598.75,8608.3,09:45:00,8610.386044784318,4,7
2016-08-26,8602.95,8603.7,8596.35,8599.5,09:50:00,8609.677850042955,4,8
2016-08-26,8603.15,8606.05,8601.3,8603.05,09:55:00,8609.056150038865,4,9
2016-08-26,8599.8,8603.35,8595.15,8603.35,10:00:00,8608.174611939925,4,10
2016-08-26,8593.65,8600.3,8591.7,8599.6,10:05:00,8606.791315564693,4,11
2016-08-26,8588.9,8596.9,8578.8,8593.8,10:10:00,8605.087380749008,4,12
2016-08-26,8585.2,8595.75,8584.1,8589.3,10:15:00,8603.193344487197,4,13
2016-08-26,8582.15,8592.35,8580.05,8585.3,10:20:00,8601.189216440798,4,14
2016-08-26,8587.3,8589.0,8582.0,8582.25,10:25:00,8599.866433922627,4,15
2016-08-26,8579.8,8587.6,8579.5,8587.55,10:30:00,8597.955344977614,4,16
2016-08-26,8579.5,8583.15,8573.3,8579.7,10:35:00,8596.197693074984,4,17
2016-08-26,8587.35,8588.65,8579.05,8579.05,10:40:00,8595.355055639271,4,18
2016-08-26,8589.9,8590.25,8587.3,8587.85,10:45:00,8594.83552653077,4,19
2016-08-26,8592.15,8595.25,8589.65,8590.1,10:50:00,8594.579762099267,4,20
2016-08-26,8593.4,8595.85,8591.85,8592.2,10:55:00,8594.4674038041,4,21
2016-08-26,8590.55,8593.75,8587.25,8593.75,11:00:00,8594.094317727519,4,22
2016-08-26,8589.85,8592.1,8586.15,8590.65,11:05:00,8593.690096991564,4,23
2016-08-26,8584.1,8590.15,8581.05,8590.15,11:10:00,8592.776754420938,4,24
2016-08-26,8584.2,8587.8,8583.3,8584.25,11:15:00,8591.959920666563,4,25
2016-08-26,8583.6,8586.4,8581.55,8584.25,11:20:00,8591.163737745937,4,26
2016-08-26,8586.4,8588.2,8583.75,8583.8,11:25:00,8590.7100484368,4,27
2016-08-26,8593.0,8593.55,8586.55,8586.55,11:30:00,8590.928139061867,4,28
2016-08-26,8588.55,8593.25,8586.95,8593.2,11:35:00,8590.701649627405,4,29
2016-08-26,8584.95,8589.05,8583.4,8588.8,11:40:00,8590.153873472413,4,30
2016-08-26,8583.15,8586.95,8582.5,8584.55,11:45:00,8589.486837903612,4,31
2016-08-26,8583.95,8584.35,8581.5,8583.5,11:50:00,8588.959520008031,4,32
2016-08-26,8580.95,8584.1,8580.75,8583.9,11:55:00,8588.196708578695,4,33
2016-08-26,8583.6,8586.25,8580.95,8581.15,12:00:00,8587.758926809294,4,34
2016-08-26,8574.0,8583.85,8572.9,8583.85,12:05:00,8586.448552827456,4,35
2016-08-26,8575.8,8577.4,8570.4,8573.8,12:10:00,8585.434404939127,4,36
2016-08-26,8576.15,8577.95,8574.95,8575.85,12:15:00,8584.550175897306,4,37
2016-08-26,8577.95,8579.4,8575.1,8576.1,12:20:00,8583.92158771661,4,38
2016-08-26,8578.05,8578.75,8575.95,8577.9,12:25:00,8583.362388886457,4,39
2016-08-26,8570.85,8578.2,8570.8,8578.0,12:30:00,8582.170732802033,4,40
2016-08-26,8577.65,8577.9,8569.35,8570.75,12:35:00,8581.740186820887,4,41
2016-08-26,8574.0,8578.95,8573.8,8577.5,12:40:00,8581.00302617128,4,42
2016-08-26,8566.8,8573.8,8566.7,8573.8,12:45:00,8579.65035701211,4,43
2016-08-26,8567.0,8571.15,8564.9,8566.4,12:50:00,8578.445561106195,4,44
2016-08-26,8568.8,8569.3,8566.9,8567.1,12:55:00,8577.526936238939,4,45
2016-08-26,8574.45,8576.0,8567.45,8568.7,13:00:00,8577.233894692374,4,46
2016-08-26,8574.0,8575.4,8571.5,8574.85,13:05:00,8576.925904721671,4,47
2016-08-26,8569.6,8575.8,8569.6,8573.9,13:10:00,8576.228199510084,4,48
2016-08-26,8573.3,8573.95,8568.85,8569.55,13:15:00,8575.949323366265,4,49
2016-08-26,8580.25,8583.9,8573.35,8573.9,13:20:00,8576.358911617097,4,50
2016-08-26,8577.7,8580.7,8574.95,8580.45,13:25:00,8576.48663432023,4,51
2016-08-26,8585.2,8585.3,8576.85,8577.9,13:30:00,8577.316478670686,4,52
2016-08-26,8575.35,8585.65,8575.05,8585.4,13:35:00,8577.129194987763,4,53
2016-08-26,8573.3,8576.0,8571.4,8575.0,13:40:00,8576.764509750832,4,54
2016-08-26,8568.9,8574.65,8567.6,8573.65,13:45:00,8576.015508822182,4,55
2016-08-26,8566.05,8569.55,8565.0,8568.95,13:50:00,8575.066412743878,4,56
2016-08-26,8565.8,8568.2,8561.85,8566.25,13:55:00,8574.18389724446,4,57
2016-08-26,8563.1,8566.45,8561.8,8565.95,14:00:00,8573.128287983083,4,58
2016-08-26,8557.8,8564.25,8554.5,8563.2,14:05:00,8571.668451032314,4,59
2016-08-26,8560.8,8563.95,8556.35,8558.0,14:10:00,8570.633360457807,4,60
2016-08-26,8558.9,8561.6,8557.15,8561.0,14:15:00,8569.515897557063,4,61
2016-08-26,8565.6,8567.35,8559.05,8559.05,14:20:00,8569.14295493258,4,62
2016-08-26,8556.65,8566.3,8556.0,8565.65,14:25:00,8567.953149700907,4,63
2016-08-26,8556.65,8559.55,8547.65,8556.7,14:30:00,8566.876659253201,4,64
2016-08-26,8551.35,8559.9,8549.5,8557.2,14:35:00,8565.397929800516,4,65
2016-08-26,8552.7,8557.75,8547.55,8551.15,14:40:00,8564.188603152848,4,66
2016-08-26,8565.2,8565.25,8552.35,8553.15,14:45:00,8564.284926662101,4,67
2016-08-26,8564.9,8570.25,8561.85,8565.1,14:50:00,8564.343505075234,4,68
2016-08-26,8569.55,8572.75,8564.7,8564.8,14:55:00,8564.839361734736,4,69
2016-08-26,8565.6,8570.8,8558.7,8569.35,15:00:00,8564.911803474284,4,70
2016-08-26,8576.4,8578.0,8565.7,8566.0,15:05:00,8566.005917429115,4,71
2016-08-26,8574.9,8577.25,8572.25,8576.35,15:10:00,8566.852972912056,4,72
2016-08-26,8582.25,8582.55,8570.95,8574.65,15:15:00,8568.31935644424,4,73
2016-08-26,8584.7,8585.15,8581.65,8582.6,15:20:00,8569.879417735265,4,74
2016-08-26,8573.55,8585.0,8572.45,8584.8,15:25:00,8570.228996998572,4,75
2016-08-29,8560.75,8574.35,8560.75,8573.25,09:15:00,8569.32623537966,0,1
2016-08-29,8557.1,8565.05,8551.7,8560.7,09:20:00,8568.161832010168,0,2
2016-08-29,8565.3,8565.75,8554.1,8557.0,09:25:00,8567.889276580629,0,3
2016-08-29,8561.5,8571.75,8561.5,8564.6,09:30:00,8567.28077404914,0,4
2016-08-29,8561.6,8567.3,8560.5,8561.55,09:35:00,8566.739747949223,0,5
2016-08-29,8562.05,8566.25,8560.75,8561.5,09:40:00,8566.293105287392,0,6
2016-08-29,8553.2,8563.2,8552.45,8562.5,09:45:00,8565.04614287907,0,7
2016-08-29,8551.2,8554.2,8545.35,8553.4,09:50:00,8563.727462604873,0,8
2016-08-29,8545.2,8551.9,8543.75,8551.3,09:55:00,8561.96294235679,0,9
2016-08-29,8555.7,8556.25,8545.0,8545.05,10:00:00,8561.366471656143,0,10
2016-08-29,8554.15,8557.65,8552.35,8555.85,10:05:00,8560.679188641272,0,11
2016-08-29,8558.8,8559.4,8553.8,8554.0,10:10:00,8560.500218294485,0,12
2016-08-29,8565.2,8565.2,8558.6,8559.05,10:15:00,8560.947816552152,0,13
2016-08-29,8558.1,8565.2,8558.1,8564.9,10:20:00,8560.676595928138,0,14
2016-08-29,8557.45,8558.85,8556.2,8557.45,10:25:00,8560.36930107784,0,15
2016-08-29,8558.95,8558.95,8555.15,8557.5,10:30:00,8560.234129546618,0,16
2016-08-29,8560.5,8561.35,8558.3,8559.1,10:35:00,8560.259450542178,0,17
2016-08-29,8563.95,8563.95,8559.15,8560.85,10:40:00,8560.610931442923,0,18
2016-08-29,8566.15,8566.45,8562.5,8564.15,10:45:00,8561.138461781693,0,19
2016-08-29,8566.15,8568.95,8564.9,8565.95,10:50:00,8561.615751135818,0,20
2016-08-29,8569.0,8569.3,8564.2,8565.95,10:55:00,8562.319012932407,0,21
2016-08-29,8570.2,8574.45,8568.95,8569.1,11:00:00,8563.06958312932,0,22
2016-08-29,8565.05,8572.0,8564.45,8569.85,11:05:00,8563.25819425986,0,23
2016-08-29,8567.4,8568.5,8564.75,8564.95,11:10:00,8563.652651949398,0,24
2016-08-29,8567.4,8568.55,8566.15,8567.5,11:15:00,8564.009542239932,0,25
2016-08-29,8568.55,8569.0,8566.3,8567.45,11:20:00,8564.441966788509,0,26
2016-08-29,8569.45,8569.75,8566.85,8568.5,11:25:00,8564.918922332461,0,27
2016-08-29,8569.8,8572.05,8568.45,8569.7,11:30:00,8565.383786872226,0,28
2016-08-29,8573.3,8573.75,8568.9,8569.75,11:35:00,8566.137711932013,0,29
2016-08-29,8573.85,8575.7,8572.65,8573.7,11:40:00,8566.872215557536,0,30
2016-08-29,8574.05,8575.35,8572.2,8573.7,11:45:00,8567.555814075866,0,31
2016-08-29,8572.3,8574.5,8570.9,8574.5,11:50:00,8568.007641306736,0,32
2016-08-29,8579.1,8579.45,8572.25,8572.5,11:55:00,8569.06405642038,0,33
2016-08-29,8578.15,8580.2,8576.95,8579.2,12:00:00,8569.929384380344,0,34
2016-08-29,8576.0,8578.05,8575.25,8578.05,12:05:00,8570.507538248883,0,35
2016-08-29,8572.4,8576.45,8572.4,8576.2,12:10:00,8570.68777270137,0,36
2016-08-29,8569.6,8573.0,8567.1,8572.5,12:15:00,8570.584175301241,0,37
2016-08-29,8565.75,8570.45,8565.75,8569.55,12:20:00,8570.123777653504,0,38
2016-08-29,8567.75,8568.8,8564.75,8566.05,12:25:00,8569.897703591265,0,39
2016-08-29,8568.0,8568.65,8566.0,8567.65,12:30:00,8569.716969915906,0,40
2016-08-29,8571.9,8574.55,8566.45,8567.9,12:35:00,8569.924877542962,0,41
2016-08-29,8577.15,8578.2,8571.45,8572.35,12:40:00,8570.612984443633,0,42
2016-08-29,8572.45,8577.65,8570.7,8577.2,12:45:00,8570.787938306144,0,43
2016-08-29,8572.75,8577.25,8571.55,8572.6,12:50:00,8570.974801324608,0,44
2016-08-29,8571.85,8573.95,8571.55,8573.35,12:55:00,8571.058153579406,0,45
2016-08-29,8576.9,8577.25,8571.8,8572.05,13:00:00,8571.614519905177,0,46
2016-08-29,8574.05,8576.85,8570.65,8576.8,13:05:00,8571.8464703904,0,47
2016-08-29,8570.75,8574.4,8570.05,8574.0,13:10:00,8571.742044638933,0,48
2016-08-29,8564.7,8571.75,8563.8,8570.85,13:15:00,8571.07137372094,0,49
2016-08-29,8565.85,8567.75,8564.4,8564.8,13:20:00,8570.574100033233,0,50
2016-08-29,8567.8,8568.85,8564.8,8565.9,13:25:00,8570.309900030068,0,51
2016-08-29,8564.4,8568.0,8558.45,8567.7,13:30:00,8569.747052408156,0,52
2016-08-29,8566.3,8567.65,8563.75,8564.25,13:35:00,8569.418761702618,0,53
2016-08-29,8568.8,8568.9,8564.45,8566.45,13:40:00,8569.359832016655,0,54
2016-08-29,8570.0,8572.5,8566.35,8568.75,13:45:00,8569.420800396021,0,55
2016-08-29,8572.2,8572.25,8569.05,8570.2,13:50:00,8569.68548607259,0,56
2016-08-29,8578.95,8579.3,8571.85,8571.95,13:55:00,8570.567820732344,0,57
2016-08-29,8577.0,8580.2,8576.65,8579.1,14:00:00,8571.180409234024,0,58
2016-08-29,8579.85,8580.05,8574.35,8576.8,14:05:00,8572.00608454507,0,59
2016-08-29,8584.4,8585.4,8576.85,8579.2,14:10:00,8573.18645744554,0,60
2016-08-29,8584.35,8590.15,8583.55,8584.5,14:15:00,8574.249651974535,0,61
2016-08-29,8591.85,8596.05,8583.6,8584.25,14:20:00,8575.925875596007,0,62
2016-08-29,8592.8,8593.35,8587.25,8592.0,14:25:00,8577.532935063055,0,63
2016-08-29,8601.75,8604.75,8591.9,8592.65,14:30:00,8579.839322199907,0,64
2016-08-29,8601.75,8605.05,8598.35,8601.9,14:35:00,8581.926053418963,0,65
2016-08-29,8599.5,8601.75,8596.15,8601.45,14:40:00,8583.599762617157,0,66
2016-08-29,8605.55,8609.0,8599.15,8599.2,14:45:00,8585.690261415524,0,67
2016-08-29,8608.85,8612.25,8605.1,8605.6,14:50:00,8587.895950804523,0,68
2016-08-29,8607.25,8611.85,8606.5,8609.05,14:55:00,8589.739193585045,0,69
2016-08-29,8607.05,8608.7,8601.95,8607.1,15:00:00,8591.38784181504,0,70
2016-08-29,8603.0,8607.7,8601.6,8606.9,15:05:00,8592.49376164218,0,71
2016-08-29,8604.95,8606.85,8602.45,8603.35,15:10:00,8593.68007005721,0,72
2016-08-29,8605.4,8608.8,8604.5,8605.1,15:15:00,8594.796253861285,0,73
2016-08-29,8606.9,8607.7,8604.8,8605.65,15:20:00,8595.94899158878,0,74
2016-08-29,8619.2,8622.0,8606.15,8606.65,15:25:00,8598.163373342231,0,75
2016-08-30,8653.7,8654.9,8642.25,8646.3,09:15:00,8603.452575881067,1,1
2016-08-30,8654.6,8658.7,8652.9,8653.6,09:20:00,8608.32375913049,1,2
2016-08-30,8657.55,8658.35,8651.6,8654.75,09:25:00,8613.011972546634,1,3
2016-08-30,8659.65,8661.75,8657.0,8657.4,09:30:00,8617.453689446955,1,4
2016-08-30,8667.7,8668.7,8659.05,8659.7,09:35:00,8622.239052356768,1,5
2016-08-30,8667.25,8668.8,8663.8,8668.1,09:40:00,8626.525809275172,1,6
2016-08-30,8666.25,8667.7,8664.4,8667.55,09:45:00,8630.309065534679,1,7
2016-08-30,8665.6,8666.3,8662.1,8666.0,09:50:00,8633.670106912328,1,8
2016-08-30,8670.05,8670.05,8665.15,8666.0,09:55:00,8637.134858634963,1,9
2016-08-30,8671.9,8673.8,8669.7,8669.85,10:00:00,8640.445824479253,1,10
2016-08-30,8671.65,8672.55,8669.25,8671.5,10:05:00,8643.417650719324,1,11
2016-08-30,8673.3,8675.5,8671.3,8671.3,10:10:00,8646.263588746055,1,12
2016-08-30,8670.15,8673.9,8669.75,8673.25,10:15:00,8648.538485055955,1,13
2016-08-30,8670.7,8672.1,8667.6,8670.2,10:20:00,8650.649105526816,1,14
2016-08-30,8675.25,8675.25,8669.7,8670.75,10:25:00,8652.992047857595,1,15
2016-08-30,8675.55,8677.55,8674.75,8675.6,10:30:00,8655.14042425211,1,16
2016-08-30,8677.95,8681.2,8675.5,8675.6,10:35:00,8657.312764799528,1,17
2016-08-30,8675.7,8679.0,8675.05,8678.35,10:40:00,8659.063930056716,1,18
2016-08-30,8667.95,8676.2,8667.9,8675.6,10:45:00,8659.910222432267,1,19
2016-08-30,8671.2,8671.4,8667.45,8668.0,10:50:00,8660.98543934348,1,20
2016-08-30,8675.0,8675.0,8670.8,8671.4,10:55:00,8662.320159406005,1,21
2016-08-30,8672.7,8675.35,8672.15,8674.75,11:00:00,8663.308715653051,1,22
2016-08-30,8670.5,8673.75,8669.35,8672.65,11:05:00,8663.99359987657,1,23
2016-08-30,8671.1,8671.75,8669.75,8670.25,11:10:00,8664.670399888326,1,24
2016-08-30,8670.95,8672.9,8670.05,8671.25,11:15:00,8665.268457041819,1,25
2016-08-30,8669.65,8672.3,8669.4,8671.0,11:20:00,8665.685746847359,1,26
2016-08-30,8669.05,8671.3,8668.65,8669.6,11:25:00,8666.006151909514,1,27
2016-08-30,8668.1,8669.75,8666.6,8669.2,11:30:00,8666.20556601337,1,28
2016-08-30,8666.05,8668.6,8665.8,8667.75,11:35:00,8666.190750202573,1,29
2016-08-30,8668.1,8668.35,8665.35,8666.0,11:40:00,8666.372583516613,1,30
2016-08-30,8670.35,8670.95,8667.9,8668.45,11:45:00,8666.75138508646,1,31
2016-08-30,8673.45,8673.95,8670.05,8670.05,11:50:00,8667.389348411558,1,32
2016-08-30,8674.0,8674.8,8672.8,8672.8,11:55:00,8668.018934277125,1,33
2016-08-30,8677.5,8678.8,8673.95,8674.2,12:00:00,8668.921892917399,1,34
2016-08-30,8676.45,8679.05,8676.15,8677.05,12:05:00,8669.638855496694,1,35
2016-08-30,8680.1,8681.1,8676.55,8676.55,12:10:00,8670.635154973199,1,36
2016-08-30,8688.05,8688.95,8679.6,8680.15,12:15:00,8672.293711642418,1,37
2016-08-30,8690.1,8693.75,8688.15,8688.35,12:20:00,8673.989548628855,1,38
2016-08-30,8687.5,8690.3,8686.55,8690.05,12:25:00,8675.276258283251,1,39
2016-08-30,8690.0,8691.6,8686.45,8687.45,12:30:00,8676.67851939913,1,40
2016-08-30,8689.05,8690.75,8687.8,8690.05,12:35:00,8677.856755646833,1,41
2016-08-30,8691.45,8692.55,8688.55,8688.8,12:40:00,8679.151350347136,1,42
2016-08-30,8691.7,8692.9,8690.75,8691.9,12:45:00,8680.346459837885,1,43
2016-08-30,8696.2,8697.05,8690.1,8691.6,12:50:00,8681.856320805706,1,44
2016-08-30,8699.5,8699.95,8696.4,8696.4,12:55:00,8683.536671205162,1,45
2016-08-30,8702.1,8706.05,8698.8,8699.45,13:00:00,8685.304607280861,1,46
2016-08-30,8702.25,8702.4,8699.5,8702.0,13:05:00,8686.918454206494,1,47
2016-08-30,8708.8,8708.8,8701.65,8702.1,13:10:00,8689.002410948733,1,48
2016-08-30,8710.65,8711.3,8707.8,8708.6,13:15:00,8691.064086096472,1,49
2016-08-30,8702.9,8711.3,8702.75,8710.75,13:20:00,8692.191315992046,1,50
2016-08-30,8707.4,8707.9,8703.2,8703.35,13:25:00,8693.639762088042,1,51
2016-08-30,8706.55,8708.5,8706.05,8707.6,13:30:00,8694.869308555848,1,52
2016-08-30,8708.95,8710.7,8706.5,8706.5,13:35:00,8696.210326788625,1,53
2016-08-30,8709.5,8714.3,8707.9,8708.8,13:40:00,8697.476009951613,1,54
2016-08-30,8702.5,8709.6,8702.1,8709.6,13:45:00,8697.954485194317,1,55
2016-08-30,8709.2,8709.6,8702.7,8702.8,13:50:00,8699.025486604383,1,56
2016-08-30,8712.35,8712.5,8706.65,8709.45,13:55:00,8700.294487880157,1,57
2016-08-30,8709.7,8712.05,8709.3,8712.05,14:00:00,8701.190250939191,1,58
2016-08-30,8709.35,8711.7,8709.0,8709.85,14:05:00,8701.967369897364,1,59
2016-08-30,8711.75,8712.65,8709.25,8709.3,14:10:00,8702.899048954758,1,60
2016-08-30,8720.35,8721.15,8711.65,8711.85,14:15:00,8704.5610442924,1,61
2016-08-30,8725.1,8727.4,8720.35,8720.4,14:20:00,8706.517135312171,1,62
2016-08-30,8726.3,8728.0,8722.6,8725.2,14:25:00,8708.401217663393,1,63
2016-08-30,8724.65,8727.45,8722.8,8726.5,14:30:00,8709.94872074307,1,64
2016-08-30,8739.2,8740.15,8723.95,8724.75,14:35:00,8712.734556862777,1,65
2016-08-30,8737.05,8742.85,8735.9,8739.25,14:40:00,8715.050313352036,1,66
2016-08-30,8736.45,8738.8,8732.8,8736.95,14:45:00,8717.08837874708,1,67
2016-08-30,8738.7,8742.35,8736.1,8736.4,14:50:00,8719.146628390215,1,68
2016-08-30,8738.2,8739.95,8737.1,8738.6,14:55:00,8720.961235210196,1,69
2016-08-30,8737.5,8739.3,8735.95,8738.1,15:00:00,8722.536355666369,1,70
2016-08-30,8747.2,8747.95,8736.7,8737.65,15:05:00,8724.885274174334,1,71
2016-08-30,8742.95,8749.75,8741.25,8747.8,15:10:00,8726.60572425297,1,72
2016-08-30,8744.35,8749.1,8742.1,8742.65,15:15:00,8728.295655276495,1,73
2016-08-30,8741.75,8744.65,8739.95,8744.25,15:20:00,8729.577021440638,1,74
2016-08-30,8745.1,8750.6,8741.85,8742.15,15:25:00,8731.055400351053,1,75
2016-08-31,8766.7,8770.2,8755.6,8757.05,09:15:00,8734.450124127143,2,1
2016-08-31,8780.85,8781.4,8767.05,8767.05,09:20:00,8738.869159924558,2,2
2016-08-31,8788.3,8789.4,8779.9,8780.2,09:25:00,8743.57685897936,2,3
2016-08-31,8785.35,8791.05,8784.4,8788.35,09:30:00,8747.55525336228,2,4
2016-08-31,8783.35,8788.1,8783.2,8785.6,09:35:00,8750.964276851586,2,5
2016-08-31,8780.6,8785.7,8779.55,8782.85,09:40:00,8753.786726675244,2,6
2016-08-31,8790.65,8791.3,8780.2,8780.45,09:45:00,8757.297514610935,2,7
2016-08-31,8796.5,8800.25,8790.05,8790.25,09:50:00,8761.03108464799,2,8
2016-08-31,8800.8,8801.4,8795.45,8796.75,09:55:00,8764.8186003958,2,9
2016-08-31,8787.6,8801.5,8786.35,8800.7,10:00:00,8766.988257500961,2,10
2016-08-31,8780.9,8788.7,8780.9,8787.2,10:05:00,8768.313185358013,2,11
2016-08-31,8790.35,8790.8,8779.65,8780.5,10:10:00,8770.41192960963,2,12
2016-08-31,8785.3,8790.4,8784.75,8790.4,10:15:00,8771.82984107538,2,13
2016-08-31,8773.6,8786.85,8773.6,8785.15,10:20:00,8771.99842763963,2,14
2016-08-31,8780.15,8780.25,8772.95,8773.65,10:25:00,8772.774767864426,2,15
2016-08-31,8778.7,8781.25,8776.75,8780.05,10:30:00,8773.339075686863,2,16
2016-08-31,8780.5,8780.85,8775.75,8778.85,10:35:00,8774.02106847859,2,17
2016-08-31,8782.4,8784.2,8780.65,8780.75,10:40:00,8774.81906195682,2,18
2016-08-31,8778.25,8782.6,8777.25,8782.5,10:45:00,8775.145817960933,2,19
2016-08-31,8784.05,8784.5,8778.05,8778.05,10:50:00,8775.993835297986,2,20
2016-08-31,8787.25,8787.25,8782.3,8784.0,10:55:00,8777.065850983892,2,21
2016-08-31,8787.4,8788.25,8784.7,8787.15,11:00:00,8778.050055652093,2,22
2016-08-31,8784.5,8788.35,8784.25,8787.7,11:05:00,8778.664336066178,2,23
2016-08-31,8784.9,8785.8,8783.3,8784.6,11:10:00,8779.25820882178,2,24
2016-08-31,8784.8,8786.45,8783.65,8785.05,11:15:00,8779.7859984578,2,25
2016-08-31,8779.75,8785.2,8778.15,8784.85,11:20:00,8779.782570033249,2,26
2016-08-31,8778.85,8780.4,8777.4,8779.05,11:25:00,8779.693753839607,2,27
2016-08-31,8776.5,8779.95,8775.8,8778.7,11:30:00,8779.389586807263,2,28
2016-08-31,8781.9,8782.15,8776.45,8776.45,11:35:00,8779.628673778,2,29
2016-08-31,8782.2,8783.5,8781.55,8781.85,11:40:00,8779.873561989618,2,30
2016-08-31,8784.05,8784.55,8781.25,8782.4,11:45:00,8780.271317990608,2,31
2016-08-31,8779.95,8784.5,8779.8,8783.95,11:50:00,8780.240716277218,2,32
2016-08-31,8779.9,8780.9,8778.7,8780.0,11:55:00,8780.208267107959,2,33
2016-08-31,8781.7,8781.9,8778.8,8779.85,12:00:00,8780.3503369072,2,34
2016-08-31,8778.05,8783.75,8778.05,8781.8,12:05:00,8780.131257201752,2,35
2016-08-31,8772.65,8778.5,8772.65,8778.1,12:10:00,8779.41875651587,2,36
2016-08-31,8774.0,8774.3,8768.1,8772.85,12:15:00,8778.902684466739,2,37
2016-08-31,8770.65,8773.7,8770.15,8773.55,12:20:00,8778.116714517526,2,38
2016-08-31,8772.9,8773.85,8770.2,8770.55,12:25:00,8777.619884563475,2,39
2016-08-31,8779.0,8780.7,8772.7,8773.1,12:30:00,8777.751324128858,2,40
2016-08-31,8781.25,8785.65,8778.85,8779.3,12:35:00,8778.084531354682,2,41
2016-08-31,8787.2,8787.75,8780.8,8781.2,12:40:00,8778.952671225663,2,42
2016-08-31,8783.15,8788.2,8782.8,8787.0,12:45:00,8779.352416823218,2,43
2016-08-31,8785.0,8786.7,8783.3,8783.6,12:50:00,8779.890281887674,2,44
2016-08-31,8785.1,8787.75,8783.35,8785.4,12:55:00,8780.386445517419,2,45
2016-08-31,8789.8,8794.3,8784.8,8785.05,13:00:00,8781.28297451576,2,46
2016-08-31,8789.95,8791.3,8787.95,8789.9,13:05:00,8782.108405514258,2,47
2016-08-31,8793.2,8793.2,8789.4,8789.8,13:10:00,8783.164747846235,2,48
2016-08-31,8797.4,8797.8,8792.85,8793.0,13:15:00,8784.520486146594,2,49
2016-08-31,8796.8,8797.65,8793.0,8797.3,13:20:00,8785.689963656441,2,50
2016-08-31,8804.15,8804.15,8796.7,8796.7,13:25:00,8787.448062355828,2,51
2016-08-31,8805.65,8807.85,8804.1,8804.2,13:30:00,8789.181580226701,2,52
2016-08-31,8803.9,8806.8,8801.55,8806.05,13:35:00,8790.583334490824,2,53
2016-08-31,8811.45,8811.45,8803.8,8803.8,13:40:00,8792.570635967888,2,54
2016-08-31,8810.75,8812.1,8808.1,8811.6,13:45:00,8794.302003970946,2,55
2016-08-31,8812.7,8816.0,8810.45,8811.4,13:50:00,8796.05419406895,2,56
2016-08-31,8813.65,8814.1,8809.2,8812.8,13:55:00,8797.729985110003,2,57
2016-08-31,8817.9,8819.2,8811.25,8813.6,14:00:00,8799.65093890905,2,58
2016-08-31,8809.45,8818.7,8809.15,8817.15,14:05:00,8800.584182822473,2,59
2016-08-31,8795.45,8813.15,8794.35,8809.95,14:10:00,8800.095213029856,2,60
2016-08-31,8803.85,8806.3,8794.4,8794.75,14:15:00,8800.452811788917,2,61
2016-08-31,8809.5,8809.95,8804.3,8804.6,14:20:00,8801.3144487614,2,62
2016-08-31,8807.75,8812.65,8806.75,8808.7,14:25:00,8801.927358403173,2,63
2016-08-31,8812.45,8815.5,8807.6,8808.25,14:30:00,8802.929514745727,2,64
2016-08-31,8814.5,8815.5,8811.9,8812.35,14:35:00,8804.031465722324,2,65
2016-08-31,8812.6,8816.05,8810.1,8814.8,14:40:00,8804.847516605912,2,66
2016-08-31,8810.7,8817.1,8809.15,8812.1,14:45:00,8805.404895976777,2,67
2016-08-31,8808.7,8811.45,8804.45,8809.7,14:50:00,8805.71871540756,2,68
2016-08-31,8811.3,8813.25,8808.7,8809.25,14:55:00,8806.250266321125,2,69
2016-08-31,8800.9,8811.25,8799.5,8810.2,15:00:00,8805.740717147684,2,70
2016-08-31,8785.8,8800.95,8785.65,8800.6,15:05:00,8803.841601228856,2,71
2016-08-31,8779.85,8786.7,8778.7,8786.2,15:10:00,8801.556686826108,2,72
2016-08-31,8778.75,8780.75,8772.45,8779.45,15:15:00,8799.384621414098,2,73
2016-08-31,8781.6,8783.5,8778.15,8778.95,15:20:00,8797.690847946089,2,74
2016-08-31,8783.3,8788.3,8780.6,8781.95,15:25:00,8796.320290998843,2,75
2016-09-01,8802.8,8805.25,8782.4,8789.9,09:15:00,8796.93740614181,3,1
2016-09-01,8798.1,8811.75,8797.2,8803.0,09:20:00,8797.0481293664,3,2
2016-09-01,8789.3,8798.55,8787.45,8798.2,09:25:00,8796.310212283886,3,3
2016-09-01,8794.2,8795.85,8787.85,8788.9,09:30:00,8796.10923968542,3,4
2016-09-01,8798.4,8799.9,8793.3,8794.0,09:35:00,8796.327407334427,3,5
2016-09-01,8778.0,8798.15,8776.8,8797.85,09:40:00,8794.581939969245,3,6
2016-09-01,8782.35,8784.35,8776.1,8778.2,09:45:00,8793.416993305507,3,7
2016-09-01,8781.7,8785.1,8779.9,8782.45,09:50:00,8792.301089181174,3,8
2016-09-01,8786.15,8788.15,8781.55,8781.9,09:55:00,8791.71527116392,3,9
2016-09-01,8792.85,8792.95,8785.45,8786.3,10:00:00,8791.823340576879,3,10
2016-09-01,8789.85,8795.15,8787.7,8792.95,10:05:00,8791.635403379081,3,11
2016-09-01,8790.85,8791.9,8788.75,8789.7,10:10:00,8791.560603057264,3,12
2016-09-01,8797.4,8797.4,8790.6,8790.6,10:15:00,8792.11673609943,3,13
2016-09-01,8797.8,8800.5,8795.3,8797.0,10:20:00,8792.657999328054,3,14
2016-09-01,8792.6,8798.15,8790.9,8797.65,10:25:00,8792.652475582525,3,15
2016-09-01,8794.45,8796.95,8792.05,8792.4,10:30:00,8792.82366838419,3,16
2016-09-01,8797.25,8797.25,8792.5,8794.25,10:35:00,8793.245223776172,3,17
2016-09-01,8800.0,8800.75,8797.1,8797.2,10:40:00,8793.888535797489,3,18
2016-09-01,8801.8,8804.6,8799.55,8799.95,10:45:00,8794.642008578681,3,19
2016-09-01,8798.65,8802.5,8797.75,8801.9,10:50:00,8795.02372204738,3,20
2016-09-01,8796.0,8797.85,8791.6,8797.75,10:55:00,8795.11670090001,3,21
2016-09-01,8796.15,8797.8,8794.8,8795.95,11:00:00,8795.215110338104,3,22
2016-09-01,8800.2,8800.65,8795.9,8796.25,11:05:00,8795.689861734474,3,23
2016-09-01,8800.25,8802.8,8799.95,8800.5,11:10:00,8796.124160616904,3,24
2016-09-01,8799.45,8800.15,8797.5,8800.15,11:15:00,8796.440907224818,3,25
2016-09-01,8795.05,8799.6,8793.75,8799.35,11:20:00,8796.308439870074,3,26
2016-09-01,8788.9,8795.0,8788.9,8795.0,11:25:00,8795.602874168162,3,27
2016-09-01,8782.7,8789.1,8774.95,8789.0,11:30:00,8794.37402900929,3,28
2016-09-01,8787.85,8788.35,8781.3,8781.85,11:35:00,8793.752692913167,3,29
2016-09-01,8783.05,8787.95,8783.0,8787.8,11:40:00,8792.733388826198,3,30
2016-09-01,8783.5,8786.9,8781.05,8783.15,11:45:00,8791.854018461798,3,31
2016-09-01,8775.8,8784.5,8770.6,8783.75,11:50:00,8790.325064322578,3,32
2016-09-01,8772.9,8777.45,8772.15,8775.9,11:55:00,8788.665534387095,3,33
2016-09-01,8779.7,8780.2,8772.55,8772.85,12:00:00,8787.811673969276,3,34
2016-09-01,8786.2,8786.8,8778.85,8779.6,12:05:00,8787.658181210298,3,35
2016-09-01,8782.2,8786.35,8781.55,8786.05,12:10:00,8787.138354428365,3,36
2016-09-01,8779.1,8783.1,8777.45,8782.25,12:15:00,8786.37279686376,3,37
2016-09-01,8777.45,8779.15,8773.3,8779.15,12:20:00,8785.523006686259,3,38
2016-09-01,8775.4,8778.7,8773.1,8777.35,12:25:00,8784.558910811378,3,39
2016-09-01,8785.75,8785.75,8775.0,8775.35,12:30:00,8784.672347876962,3,40
2016-09-01,8784.85,8787.25,8782.15,8786.05,12:35:00,8784.689267126774,3,41
2016-09-01,8780.05,8785.45,8776.2,8785.35,12:40:00,8784.24743216232,3,42
2016-09-01,8783.85,8784.7,8779.25,8779.95,12:45:00,8784.209581480194,3,43
2016-09-01,8785.1,8785.5,8782.65,8783.8,12:50:00,8784.294383243985,3,44
2016-09-01,8792.1,8792.3,8784.35,8785.4,12:55:00,8785.037775315986,3,45
2016-09-01,8789.4,8793.4,8787.25,8792.45,13:00:00,8785.453225285893,3,46
2016-09-01,8792.6,8792.8,8786.2,8789.55,13:05:00,8786.13387049676,3,47
2016-09-01,8792.45,8796.5,8790.9,8792.8,13:10:00,8786.735406639926,3,48
2016-09-01,8793.35,8794.05,8788.5,8792.9,13:15:00,8787.365367912314,3,49
2016-09-01,8800.3,8800.65,8792.05,8793.0,13:20:00,8788.597237634951,3,50
2016-09-01,8803.9,8805.6,8798.8,8800.2,13:25:00,8790.05464357448,3,51
2016-09-01,8803.45,8804.0,8799.35,8803.4,13:30:00,8791.330391805483,3,52
2016-09-01,8804.5,8810.5,8801.8,8803.2,13:35:00,8792.584640204961,3,53
2016-09-01,8808.35,8810.2,8805.1,8805.2,13:40:00,8794.086103042584,3,54
2016-09-01,8810.3,8812.05,8806.9,8808.1,13:45:00,8795.630283705195,3,55
2016-09-01,8800.9,8813.05,8800.45,8810.5,13:50:00,8796.132161447558,3,56
2016-09-01,8804.15,8805.9,8800.4,8801.1,13:55:00,8796.89576511922,3,57
2016-09-01,8795.35,8807.05,8795.1,8803.9,14:00:00,8796.74854939358,3,58
2016-09-01,8800.75,8802.05,8794.3,8795.45,14:05:00,8797.129639927525,3,59
2016-09-01,8808.9,8810.5,8800.5,8800.65,14:10:00,8798.250626601093,3,60
2016-09-01,8807.05,8812.25,8805.9,8808.95,14:15:00,8799.088662162894,3,61
2016-09-01,8807.75,8809.35,8802.9,8806.8,14:20:00,8799.913551480715,3,62
2016-09-01,8810.45,8813.25,8807.45,8807.45,14:25:00,8800.917022768266,3,63
2016-09-01,8810.75,8812.7,8804.95,8810.65,14:30:00,8801.853496790336,3,64
2016-09-01,8809.0,8812.8,8807.1,8810.65,14:35:00,8802.534116143637,3,65
2016-09-01,8800.8,8810.1,8797.55,8809.2,14:40:00,8802.368962225195,3,66
2016-09-01,8784.85,8801.95,8784.85,8800.5,14:45:00,8800.70048963232,3,67
2016-09-01,8772.55,8786.55,8763.75,8784.65,14:50:00,8798.019490619718,3,68
2016-09-01,8779.1,8779.85,8759.95,8772.35,14:55:00,8796.217634370221,3,69
2016-09-01,8779.4,8779.9,8767.85,8778.45,15:00:00,8794.61595490639,3,70
2016-09-01,8770.4,8779.0,8769.0,8779.0,15:05:00,8792.309673486734,3,71
2016-09-01,8767.75,8771.4,8763.3,8769.6,15:10:00,8789.970656964188,3,72
2016-09-01,8779.85,8780.05,8766.15,8766.7,15:15:00,8789.00678487236,3,73
2016-09-01,8780.35,8780.65,8776.7,8779.45,15:20:00,8788.18232917023,3,74
2016-09-01,8779.2,8781.9,8776.75,8780.5,15:25:00,8787.326869249255,3,75
2016-09-02,8791.9,8797.55,8785.1,8794.8,09:15:00,8787.76240551123,4,1
2016-09-02,8792.45,8798.0,8788.3,8792.0,09:20:00,8788.20884308159,4,2
2016-09-02,8785.6,8793.0,8779.9,8792.85,09:25:00,8787.960381835723,4,3
2016-09-02,8788.4,8789.2,8780.2,8785.35,09:30:00,8788.00225023232,4,4
2016-09-02,8781.65,8790.9,8781.55,8788.85,09:35:00,8787.397274019719,4,5
2016-09-02,8785.8,8787.45,8779.6,8780.6,09:40:00,8787.245152684507,4,6
2016-09-02,8774.7,8786.4,8773.75,8785.05,09:45:00,8786.050376238363,4,7
2016-09-02,8776.5,8776.65,8770.1,8774.75,09:50:00,8785.140816596615,4,8
2016-09-02,8773.6,8778.8,8771.55,8776.1,09:55:00,8784.041691206461,4,9
2016-09-02,8777.85,8778.2,8772.4,8773.65,10:00:00,8783.452006329655,4,10
2016-09-02,8783.55,8783.55,8776.35,8777.9,10:05:00,8783.461339060164,4,11
2016-09-02,8782.1,8783.6,8779.75,8783.1,10:10:00,8783.331687721102,4,12
2016-09-02,8781.95,8784.75,8780.05,8782.3,10:15:00,8783.20009841433,4,13
2016-09-02,8784.8,8784.8,8780.55,8781.65,10:20:00,8783.352469993919,4,14
2016-09-02,8786.25,8787.5,8783.55,8784.75,10:25:00,8783.628425232593,4,15
2016-09-02,8782.15,8786.7,8782.05,8786.45,10:30:00,8783.487622829489,4,16
2016-09-02,8776.55,8783.55,8776.2,8781.7,10:35:00,8782.826896845727,4,17
2016-09-02,8778.55,8780.55,8775.65,8776.7,10:40:00,8782.41957333661,4,18
2016-09-02,8778.7,8779.05,8776.8,8778.4,10:45:00,8782.065328256933,4,19
2016-09-02,8779.25,8780.0,8776.85,8778.8,10:50:00,8781.797201756272,4,20
2016-09-02,8780.5,8783.6,8779.5,8779.5,10:55:00,8781.673658731865,4,21
2016-09-02,8782.6,8784.6,8780.45,8780.9,11:00:00,8781.761881709783,4,22
2016-09-02,8781.3,8783.5,8779.85,8783.0,11:05:00,8781.717892975517,4,23
2016-09-02,8783.75,8783.95,8779.55,8781.1,11:10:00,8781.91142697785,4,24
2016-09-02,8783.55,8784.85,8781.85,8783.8,11:15:00,8782.067481551387,4,25
2016-09-02,8785.8,8785.85,8782.8,8783.6,11:20:00,8782.422959498874,4,26
2016-09-02,8785.55,8787.45,8784.7,8786.1,11:25:00,8782.720772879933,4,27
2016-09-02,8790.05,8790.4,8785.5,8785.6,11:30:00,8783.418794510415,4,28
2016-09-02,8788.25,8791.0,8787.35,8790.15,11:35:00,8783.878909318946,4,29
2016-09-02,8793.35,8793.35,8787.6,8788.35,11:40:00,8784.780917955237,4,30
2016-09-02,8787.65,8793.25,8787.55,8793.25,11:45:00,8785.054163864263,4,31
2016-09-02,8785.05,8789.1,8782.5,8787.45,11:50:00,8785.05376730576,4,32
2016-09-02,8785.25,8786.85,8782.8,8784.85,11:55:00,8785.072456133785,4,33
2016-09-02,8784.9,8785.65,8781.85,8785.2,12:00:00,8785.05603174009,4,34
2016-09-02,8781.85,8785.75,8781.75,8785.2,12:05:00,8784.750695383891,4,35
2016-09-02,8782.35,8783.55,8781.55,8781.9,12:10:00,8784.522057728282,4,36
2016-09-02,8780.85,8783.0,8779.15,8782.4,12:15:00,8784.172337944636,4,37
2016-09-02,8786.15,8787.0,8780.2,8780.95,12:20:00,8784.360686711814,4,38
2016-09-02,8785.95,8786.85,8784.4,8786.2,12:25:00,8784.512049882118,4,39
2016-09-02,8786.9,8790.25,8785.0,8786.6,12:30:00,8784.739473702868,4,40
2016-09-02,8781.35,8787.8,8779.45,8787.0,12:35:00,8784.416666683548,4,41
2016-09-02,8780.3,8782.95,8780.2,8781.4,12:40:00,8784.024603189877,4,42
2016-09-02,8775.15,8780.85,8772.4,8780.75,12:45:00,8783.179402886079,4,43
2016-09-02,8771.65,8775.3,8770.05,8775.05,12:50:00,8782.081364515976,4,44
2016-09-02,8773.35,8773.4,8768.2,8771.8,12:55:00,8781.249805990645,4,45
2016-09-02,8776.0,8778.7,8773.1,8773.65,13:00:00,8780.749824467726,4,46
2016-09-02,8776.7,8777.25,8774.45,8776.05,13:05:00,8780.36412689937,4,47
2016-09-02,8776.65,8777.65,8775.3,8776.8,13:10:00,8780.010400528,4,48
2016-09-02,8782.15,8783.15,8776.8,8776.8,13:15:00,8780.214171906287,4,49
2016-09-02,8778.4,8783.0,8778.0,8782.2,13:20:00,8780.041393629499,4,50
2016-09-02,8779.7,8781.9,8777.4,8778.45,13:25:00,8780.0088799505,4,51
2016-09-02,8776.7,8781.35,8773.55,8780.15,13:30:00,8779.693748526643,4,52
2016-09-02,8777.4,8778.05,8775.2,8776.6,13:35:00,8779.475296286011,4,53
2016-09-02,8782.95,8783.75,8777.45,8777.6,13:40:00,8779.806220449249,4,54
2016-09-02,8786.45,8787.55,8782.7,8782.7,13:45:00,8780.438961358845,4,55
2016-09-02,8782.45,8787.65,8780.9,8786.7,13:50:00,8780.630488848477,4,56
2016-09-02,8788.45,8788.85,8781.25,8782.55,13:55:00,8781.375204196242,4,57
2016-09-02,8791.7,8791.7,8785.25,8789.0,14:00:00,8782.358518082314,4,58
2016-09-02,8800.25,8801.25,8791.65,8791.95,14:05:00,8784.06246874114,4,59
2016-09-02,8798.0,8805.9,8797.2,8800.15,14:10:00,8785.389852670556,4,60
2016-09-02,8801.55,8803.7,8798.0,8798.15,14:15:00,8786.928914320979,4,61
2016-09-02,8805.85,8808.35,8799.35,8801.4,14:20:00,8788.730922480885,4,62
2016-09-02,8806.25,8811.15,8804.75,8805.75,14:25:00,8790.399406054134,4,63
2016-09-02,8817.75,8819.9,8805.1,8806.65,14:30:00,8793.004224525168,4,64
2016-09-02,8815.05,8820.55,8812.4,8817.6,14:35:00,8795.103822189438,4,65
2016-09-02,8813.3,8816.3,8808.85,8815.15,14:40:00,8796.83679150473,4,66
2016-09-02,8820.0,8821.8,8813.15,8813.15,14:45:00,8799.042811361422,4,67
2016-09-02,8820.9,8824.1,8816.45,8822.1,14:50:00,8801.12444837462,4,68
2016-09-02,8816.05,8823.0,8814.3,8820.55,14:55:00,8802.545929481797,4,69
2016-09-02,8806.9,8817.5,8806.75,8817.25,15:00:00,8802.960602864483,4,70
2016-09-02,8810.2,8812.95,8804.0,8806.7,15:05:00,8803.650069258341,4,71
2016-09-02,8810.55,8812.6,8807.9,8810.25,15:10:00,8804.307205519452,4,72
2016-09-02,8810.2,8811.3,8807.3,8809.65,15:15:00,8804.86842404141,4,73
2016-09-02,8807.5,8811.85,8807.5,8810.7,15:20:00,8805.11905032318,4,74
2016-09-02,8804.7,8808.5,8804.5,8807.6,15:25:00,8805.07914076859,4,75
2016-09-06,8867.45,8877.75,8848.45,8848.45,09:15:00,8811.019222600153,1,1
2016-09-06,8869.8,8874.95,8866.35,8867.25,09:20:00,8816.617391876329,1,2
2016-09-06,8874.45,8876.4,8866.6,8869.7,09:25:00,8822.12525931668,1,3
2016-09-06,8883.5,8883.6,8874.2,8874.4,09:30:00,8827.970472715091,1,4
2016-09-06,8878.3,8883.95,8873.55,8883.05,09:35:00,8832.76376102794,1,5
2016-09-06,8884.6,8885.55,8877.25,8878.6,09:40:00,8837.700545691945,1,6
2016-09-06,8883.9,8886.7,8882.55,8884.9,09:45:00,8842.100493721284,1,7
2016-09-06,8883.8,8887.05,8883.1,8883.85,09:50:00,8846.071875271638,1,8
2016-09-06,8883.65,8884.55,8880.2,8883.4,09:55:00,8849.650744293387,1,9
2016-09-06,8888.4,8888.75,8883.45,8883.45,10:00:00,8853.341149598778,1,10
2016-09-06,8888.35,8893.75,8888.0,8888.3,10:05:00,8856.675325827466,1,11
2016-09-06,8885.95,8889.1,8885.95,8887.9,10:10:00,8859.463390034374,1,12
2016-09-06,8886.1,8888.05,8885.4,8886.2,10:15:00,8862.000210031101,1,13
2016-09-06,8889.45,8889.6,8886.2,8886.35,10:20:00,8864.614475742424,1,14
2016-09-06,8887.8,8892.2,8886.9,8889.4,10:25:00,8866.822620909812,1,15
2016-09-06,8889.85,8891.45,8887.85,8887.85,10:30:00,8869.015704632688,1,16
2016-09-06,8890.45,8891.7,8888.9,8890.4,10:35:00,8871.057066096242,1,17
2016-09-06,8892.95,8893.65,8889.85,8890.85,10:40:00,8873.14210742041,1,18
2016-09-06,8898.65,8898.65,8892.55,8892.55,10:45:00,8875.571430523229,1,19
2016-09-06,8895.1,8898.75,8893.8,8898.75,10:50:00,8877.431294282922,1,20
2016-09-06,8895.75,8896.1,8893.85,8895.2,10:55:00,8879.175932922644,1,21
2016-09-06,8895.15,8897.1,8894.8,8896.15,11:00:00,8880.697272644296,1,22
2016-09-06,8894.0,8895.5,8891.4,8894.7,11:05:00,8881.964199059124,1,23
2016-09-06,8892.4,8893.85,8890.85,8893.85,11:10:00,8882.958084863018,1,24
2016-09-06,8892.75,8895.05,8891.6,8892.2,11:15:00,8883.890648209397,1,25
2016-09-06,8892.3,8894.45,8891.9,8893.0,11:20:00,8884.691538856121,1,26
2016-09-06,8895.15,8895.75,8892.2,8892.7,11:25:00,8885.687582774586,1,27
2016-09-06,8895.6,8897.05,8894.6,8895.25,11:30:00,8886.63162251034,1,28
2016-09-06,8896.0,8897.45,8895.15,8895.75,11:35:00,8887.523848937926,1,29
2016-09-06,8891.35,8896.15,8889.8,8895.85,11:40:00,8887.888244277172,1,30
2016-09-06,8896.1,8896.1,8890.75,8890.9,11:45:00,8888.670316250775,1,31
2016-09-06,8897.1,8897.65,8894.25,8895.6,11:50:00,8889.47314327451,1,32
2016-09-06,8895.85,8899.6,8893.55,8896.95,11:55:00,8890.080462962653,1,33
2016-09-06,8894.25,8897.35,8893.05,8895.95,12:00:00,8890.477561728114,1,34
2016-09-06,8895.05,8895.55,8893.15,8894.15,12:05:00,8890.913032039722,1,35
2016-09-06,8901.45,8902.5,8894.75,8895.25,12:10:00,8891.916552797844,1,36
2016-09-06,8903.75,8905.35,8901.4,8901.4,12:15:00,8893.043547769477,1,37
2016-09-06,8902.95,8904.95,8902.1,8903.4,12:20:00,8893.987019410479,1,38
2016-09-06,8902.3,8902.8,8898.3,8902.2,12:25:00,8894.778731847577,1,39
2016-09-06,8902.9,8903.85,8899.5,8901.75,12:30:00,8895.552185957331,1,40
2016-09-06,8903.8,8904.45,8900.9,8902.7,12:35:00,8896.337692056633,1,41
2016-09-06,8905.8,8906.85,8903.05,8903.05,12:40:00,8897.238864241715,1,42
2016-09-06,8903.9,8908.0,8900.9,8905.7,12:45:00,8897.873258123456,1,43
2016-09-06,8904.85,8906.25,8902.45,8904.2,12:50:00,8898.537709730746,1,44
2016-09-06,8904.9,8906.0,8903.2,8904.4,12:55:00,8899.143642137342,1,45
2016-09-06,8906.45,8907.8,8903.5,8905.05,13:00:00,8899.839485743309,1,46
2016-09-06,8906.45,8910.35,8905.15,8906.3,13:05:00,8900.46905852966,1,47
2016-09-06,8905.95,8906.3,8904.0,8906.2,13:10:00,8900.991052955407,1,48
2016-09-06,8902.1,8905.65,8901.95,8905.65,13:15:00,8901.096666959655,1,49
2016-09-06,8896.75,8902.55,8896.05,8902.0,13:20:00,8900.682698677783,1,50
2016-09-06,8895.4,8896.9,8894.05,8896.55,13:25:00,8900.179584517995,1,51
2016-09-06,8899.3,8900.45,8894.0,8895.45,13:30:00,8900.0958145639,1,52
2016-09-06,8898.85,8901.7,8898.2,8899.25,13:35:00,8899.977165557815,1,53
2016-09-06,8900.55,8901.3,8897.8,8898.75,13:40:00,8900.031721218975,1,54
2016-09-06,8903.1,8903.85,8898.3,8900.6,13:45:00,8900.32393824574,1,55
2016-09-06,8900.75,8903.5,8900.45,8903.05,13:50:00,8900.36451555567,1,56
2016-09-06,8902.15,8902.7,8900.25,8900.45,13:55:00,8900.534561693225,1,57
2016-09-06,8899.85,8905.6,8899.65,8902.4,14:00:00,8900.469365341489,1,58
2016-09-06,8900.0,8900.65,8899.2,8900.15,14:05:00,8900.424663880394,1,59
2016-09-06,8904.45,8904.8,8899.75,8900.15,14:10:00,8900.808029225118,1,60
2016-09-06,8897.65,8904.75,8897.45,8904.7,14:15:00,8900.507264537011,1,61
2016-09-06,8898.25,8898.4,8894.8,8897.7,14:20:00,8900.292286962058,1,62
2016-09-06,8902.0,8902.8,8897.95,8898.15,14:25:00,8900.454926299004,1,63
2016-09-06,8913.2,8913.45,8901.1,8901.8,14:30:00,8901.668742841957,1,64
2016-09-06,8915.7,8915.7,8909.45,8912.95,14:35:00,8903.005053047485,1,65
2016-09-06,8916.75,8918.65,8914.65,8915.5,14:40:00,8904.314095614392,1,66
2016-09-06,8918.6,8918.85,8913.55,8916.7,14:45:00,8905.674657936832,1,67
2016-09-06,8919.9,8922.5,8918.0,8918.95,14:50:00,8907.02945241904,1,68
2016-09-06,8925.1,8926.15,8918.75,8919.55,14:55:00,8908.75045695056,1,69
2016-09-06,8937.6,8938.95,8924.35,8925.3,15:00:00,8911.498032479078,1,70
2016-09-06,8938.3,8943.0,8936.5,8937.7,15:05:00,8914.050600814404,1,71
2016-09-06,8943.8,8944.3,8937.15,8938.5,15:10:00,8916.883876927317,1,72
2016-09-06,8945.6,8946.45,8941.3,8943.9,15:15:00,8919.618745791382,1,73
2016-09-06,8950.1,8950.85,8944.95,8945.65,15:20:00,8922.521722382678,1,74
2016-09-06,8944.2,8950.7,8942.25,8949.75,15:25:00,8924.586320250995,1,75
2016-09-07,8957.3,8962.9,8951.15,8962.9,09:15:00,8927.701908798519,2,1
2016-09-07,8952.75,8966.1,8949.2,8957.7,09:20:00,8930.0874412939,2,2
2016-09-07,8924.0,8957.05,8922.0,8952.9,09:25:00,8929.507684980195,2,3
2016-09-07,8924.1,8930.4,8919.6,8924.15,09:30:00,8928.992667363034,2,4
2016-09-07,8935.15,8936.1,8924.5,8924.5,09:35:00,8929.579079995126,2,5
2016-09-07,8939.1,8940.8,8934.85,8935.55,09:40:00,8930.485834281304,2,6
2016-09-07,8937.75,8942.8,8936.95,8938.85,09:45:00,8931.177659587847,2,7
2016-09-07,8938.05,8940.4,8935.8,8937.8,09:50:00,8931.832168198529,2,8
2016-09-07,8926.25,8938.55,8924.1,8937.65,09:55:00,8931.300533132002,2,9
2016-09-07,8934.8,8935.45,8926.15,8926.8,10:00:00,8931.633815690859,2,10
2016-09-07,8935.0,8939.0,8932.5,8934.75,10:05:00,8931.954404672682,2,11
2016-09-07,8930.25,8935.15,8930.2,8935.15,10:10:00,8931.792080418141,2,12
2016-09-07,8933.25,8933.75,8926.35,8930.2,10:15:00,8931.930929902128,2,13
2016-09-07,8934.8,8938.9,8933.2,8933.45,10:20:00,8932.204174673354,2,14
2016-09-07,8937.15,8939.85,8934.9,8934.9,10:25:00,8932.675205656844,2,15
2016-09-07,8933.45,8938.55,8932.8,8937.3,10:30:00,8932.748995594287,2,16
2016-09-07,8936.9,8942.5,8933.1,8933.4,10:35:00,8933.144329347211,2,17
2016-09-07,8937.4,8939.0,8936.45,8937.1,10:40:00,8933.549631314143,2,18
2016-09-07,8936.3,8938.4,8935.7,8938.05,10:45:00,8933.811571188986,2,19
2016-09-07,8935.1,8939.85,8934.25,8936.35,10:50:00,8933.934278694796,2,20
2016-09-07,8937.05,8937.1,8932.35,8934.85,10:55:00,8934.231014057197,2,21
2016-09-07,8946.75,8946.75,8936.8,8936.8,11:00:00,8935.423298432703,2,22
2016-09-07,8948.65,8951.0,8945.9,8946.85,11:05:00,8936.682984296254,2,23
2016-09-07,8942.4,8948.85,8942.4,8948.15,11:10:00,8937.227461982326,2,24
2016-09-07,8942.8,8943.85,8939.85,8942.35,11:15:00,8937.75817988877,2,25
2016-09-07,8945.9,8946.4,8941.85,8942.65,11:20:00,8938.533591327934,2,26
2016-09-07,8946.8,8946.8,8940.45,8945.95,11:25:00,8939.32086834432,2,27
2016-09-07,8947.45,8951.8,8946.0,8946.7,11:30:00,8940.095071359148,2,28
2016-09-07,8941.45,8947.7,8941.45,8947.1,11:35:00,8940.224112182086,2,29
2016-09-07,8938.3,8941.6,8933.65,8941.6,11:40:00,8940.04086340284,2,30
2016-09-07,8938.75,8940.55,8937.05,8938.4,11:45:00,8939.91792403114,2,31
2016-09-07,8941.35,8943.45,8938.9,8938.9,11:50:00,8940.05431221865,2,32
2016-09-07,8944.65,8944.85,8940.1,8941.4,11:55:00,8940.491996769255,2,33
2016-09-07,8947.2,8948.25,8943.7,8944.55,12:00:00,8941.130854219802,2,34
2016-09-07,8946.9,8947.9,8945.7,8946.7,12:05:00,8941.680296675058,2,35
2016-09-07,8946.3,8949.4,8945.7,8947.0,12:10:00,8942.12026842029,2,36
2016-09-07,8942.0,8947.15,8942.0,8946.2,12:15:00,8942.108814285024,2,37
2016-09-07,8942.1,8943.75,8939.05,8941.65,12:20:00,8942.107974829309,2,38
2016-09-07,8940.8,8942.75,8939.85,8941.75,12:25:00,8941.983405797946,2,39
2016-09-07,8938.35,8941.15,8935.85,8940.85,12:30:00,8941.637367150523,2,40
2016-09-07,8937.6,8938.75,8935.1,8938.25,12:35:00,8941.25285599333,2,41
2016-09-07,8937.3,8938.35,8934.3,8937.65,12:40:00,8940.876393517776,2,42
2016-09-07,8930.3,8937.45,8925.8,8937.2,12:45:00,8939.869117944654,2,43
2016-09-07,8930.85,8932.8,8926.5,8930.4,12:50:00,8939.010154330877,2,44
2016-09-07,8939.45,8940.35,8930.3,8930.3,12:55:00,8939.052044394604,2,45
2016-09-07,8941.6,8943.25,8939.2,8939.65,13:00:00,8939.294706833214,2,46
2016-09-07,8938.05,8942.7,8937.2,8941.95,13:05:00,8939.176163325288,2,47
2016-09-07,8938.0,8938.8,8933.65,8938.1,13:10:00,8939.0641477705,2,48
2016-09-07,8936.0,8941.9,8935.45,8938.2,13:15:00,8938.77232417331,2,49
2016-09-07,8938.0,8938.1,8935.95,8936.1,13:20:00,8938.698769490136,2,50
2016-09-07,8937.1,8940.65,8935.05,8938.05,13:25:00,8938.546505729171,2,51
2016-09-07,8943.95,8944.35,8936.2,8937.3,13:30:00,8939.061124231155,2,52
2016-09-07,8943.25,8945.75,8941.3,8943.1,13:35:00,8939.46006478057,2,53
2016-09-07,8938.45,8945.8,8938.2,8943.35,13:40:00,8939.3638681348,2,54
2016-09-07,8943.2,8945.55,8938.4,8938.4,13:45:00,8939.729214026724,2,55
2016-09-07,8951.75,8952.35,8942.35,8942.9,13:50:00,8940.874050786084,2,56
2016-09-07,8948.85,8953.25,8947.75,8951.65,13:55:00,8941.633664996933,2,57
2016-09-07,8950.3,8952.9,8947.9,8949.45,14:00:00,8942.45903023532,2,58
2016-09-07,8954.75,8956.65,8949.5,8950.15,14:05:00,8943.629598784339,2,59
2016-09-07,8943.85,8955.6,8943.85,8954.1,14:10:00,8943.650589376306,2,60
2016-09-07,8940.4,8945.0,8939.6,8943.7,14:15:00,8943.341009435706,2,61
2016-09-07,8942.95,8944.75,8939.35,8940.45,14:20:00,8943.30377044183,2,62
2016-09-07,8941.1,8945.6,8940.3,8943.0,14:25:00,8943.093887542607,2,63
2016-09-07,8939.35,8946.5,8938.45,8941.3,14:30:00,8942.737326824263,2,64
2016-09-07,8930.0,8941.75,8929.4,8939.95,14:35:00,8941.524248079095,2,65
2016-09-07,8918.5,8931.7,8913.8,8931.2,14:40:00,8939.331462547752,2,66
2016-09-07,8928.55,8933.35,8916.8,8919.0,14:45:00,8938.304656590824,2,67
2016-09-07,8926.45,8931.3,8925.15,8928.8,14:50:00,8937.175641677413,2,68
2016-09-07,8922.25,8926.35,8918.7,8926.25,14:55:00,8935.75415199385,2,69
2016-09-07,8928.1,8929.8,8922.05,8922.9,15:00:00,8935.025185137292,2,70
2016-09-07,8919.0,8928.65,8918.6,8928.05,15:05:00,8933.498977028978,2,71
2016-09-07,8923.9,8925.55,8916.45,8919.1,15:10:00,8932.584788740503,2,72
2016-09-07,8915.7,8924.15,8913.35,8924.15,15:15:00,8930.97671362236,2,73
2016-09-07,8919.7,8920.25,8913.6,8915.85,15:20:00,8929.902740896421,2,74
2016-09-07,8923.95,8923.95,8917.85,8918.9,15:25:00,8929.335813192,2,75
2016-09-08,8910.45,8911.5,8896.9,8911.5,09:15:00,8927.53716431657,3,1
2016-09-08,8907.9,8915.3,8903.2,8910.2,09:20:00,8925.666958191183,3,2
2016-09-08,8905.75,8912.55,8901.75,8907.6,09:25:00,8923.770105030118,3,3
2016-09-08,8908.5,8908.9,8897.5,8906.25,09:30:00,8922.315809312964,3,4
2016-09-08,8901.05,8908.65,8896.0,8908.45,09:35:00,8920.290494140301,3,5
2016-09-08,8907.5,8908.1,8898.35,8900.8,09:40:00,8919.072351841225,3,6
2016-09-08,8911.0,8912.5,8903.0,8907.3,09:45:00,8918.303556427774,3,7
2016-09-08,8908.65,8911.25,8905.45,8910.6,09:50:00,8917.384170101319,3,8
2016-09-08,8909.95,8909.95,8905.75,8908.7,09:55:00,8916.676153901193,3,9
2016-09-08,8909.7,8912.25,8907.8,8910.05,10:00:00,8916.011758291555,3,10
2016-09-08,8905.0,8910.1,8904.5,8909.1,10:05:00,8914.963019406645,3,11
2016-09-08,8908.85,8909.0,8903.1,8904.7,10:10:00,8914.380827082203,3,12
2016-09-08,8908.25,8911.55,8904.65,8908.95,10:15:00,8913.79693878866,3,13
2016-09-08,8912.05,8912.05,8907.65,8908.1,10:20:00,8913.63056366593,3,14
2016-09-08,8925.05,8925.05,8910.55,8911.9,10:25:00,8914.71812903108,3,15
2016-09-08,8922.0,8927.55,8921.5,8925.25,10:30:00,8915.411640551929,3,16
2016-09-08,8925.7,8926.35,8919.95,8921.95,10:35:00,8916.391484308888,3,17
2016-09-08,8928.95,8932.15,8925.65,8925.8,10:40:00,8917.587533422327,3,18
2016-09-08,8925.85,8932.45,8925.3,8928.8,10:45:00,8918.374435001153,3,19
2016-09-08,8917.7,8927.85,8917.7,8925.4,10:50:00,8918.310203096282,3,20
2016-09-08,8923.1,8926.35,8917.6,8917.6,10:55:00,8918.76637422997,3,21
2016-09-08,8926.4,8926.4,8921.7,8922.7,11:00:00,8919.493386208069,3,22
2016-09-08,8925.65,8929.6,8925.2,8926.8,11:05:00,8920.07973037873,3,23
2016-09-08,8924.75,8927.55,8923.7,8925.5,11:10:00,8920.524517961707,3,24
2016-09-08,8925.5,8926.85,8920.75,8924.9,11:15:00,8920.998373393924,3,25
2016-09-08,8922.05,8925.25,8921.5,8925.25,11:20:00,8921.098528308788,3,26
2016-09-08,8922.55,8924.8,8920.35,8921.7,11:25:00,8921.236763707951,3,27
2016-09-08,8929.15,8929.65,8922.05,8922.7,11:30:00,8921.990405259576,3,28
2016-09-08,8933.7,8936.7,8927.2,8929.35,11:35:00,8923.105604758664,3,29
2016-09-08,8929.35,8936.2,8928.05,8933.35,11:40:00,8923.700309067362,3,30
2016-09-08,8930.25,8933.4,8927.85,8929.15,11:45:00,8924.324089156185,3,31
2016-09-08,8931.45,8932.3,8929.75,8930.0,11:50:00,8925.002747331786,3,32
2016-09-08,8934.8,8934.8,8928.35,8931.35,11:55:00,8925.935819014472,3,33
2016-09-08,8932.0,8936.25,8932.0,8934.65,12:00:00,8926.513360060713,3,34
2016-09-08,8928.7,8932.45,8928.2,8932.2,12:05:00,8926.721611483503,3,35
2016-09-08,8931.25,8933.05,8928.3,8928.85,12:10:00,8927.152886580312,3,36
2016-09-08,8923.85,8931.25,8922.95,8931.1,12:15:00,8926.838325953617,3,37
2016-09-08,8915.1,8924.65,8912.25,8924.3,12:20:00,8925.72039014851,3,38
2016-09-08,8922.8,8925.25,8912.5,8915.05,12:25:00,8925.442257753413,3,39
2016-09-08,8926.3,8927.4,8918.25,8922.65,12:30:00,8925.523947491183,3,40
2016-09-08,8927.1,8931.6,8924.85,8925.9,12:35:00,8925.67404773012,3,41
2016-09-08,8929.3,8932.25,8924.4,8927.0,12:40:00,8926.019376517726,3,42
2016-09-08,8929.5,8930.4,8925.85,8929.9,12:45:00,8926.350864468419,3,43
2016-09-08,8938.8,8938.8,8928.7,8929.6,12:50:00,8927.536496423807,3,44
2016-09-08,8937.0,8940.85,8936.15,8938.95,12:55:00,8928.437782478682,3,45
2016-09-08,8938.3,8939.9,8936.25,8937.15,13:00:00,8929.377041290238,3,46
2016-09-08,8936.05,8939.0,8935.2,8938.25,13:05:00,8930.012561167357,3,47
2016-09-08,8933.55,8936.6,8932.6,8936.1,13:10:00,8930.3494601038,3,48
2016-09-08,8931.35,8934.0,8926.75,8933.4,13:15:00,8930.444749617724,3,49
2016-09-08,8929.3,8932.95,8927.7,8931.25,13:20:00,8930.335725844607,3,50
2016-09-08,8925.25,8930.45,8924.55,8929.2,13:25:00,8929.851371002263,3,51
2016-09-08,8935.15,8936.8,8925.5,8925.5,13:30:00,8930.356002335382,3,52
2016-09-08,8933.8,8935.35,8930.1,8935.25,13:35:00,8930.684002112965,3,53
2016-09-08,8936.3,8937.8,8933.65,8933.65,13:40:00,8931.218859054587,3,54
2016-09-08,8937.3,8939.4,8934.95,8936.15,13:45:00,8931.798015335102,3,55
2016-09-08,8934.6,8939.4,8931.45,8937.25,13:50:00,8932.064871017474,3,56
2016-09-08,8933.6,8936.95,8933.2,8934.5,13:55:00,8932.211073777715,3,57
2016-09-08,8929.1,8935.9,8929.1,8934.0,14:00:00,8931.91478103698,3,58
2016-09-08,8930.75,8934.5,8927.15,8929.85,14:05:00,8931.803849509648,3,59
2016-09-08,8932.6,8934.8,8929.25,8930.95,14:10:00,8931.879673365873,3,60
2016-09-08,8931.15,8934.75,8929.65,8932.85,14:15:00,8931.81018066436,3,61
2016-09-08,8940.2,8940.7,8930.2,8930.85,14:20:00,8932.609211077279,3,62
2016-09-08,8938.05,8943.55,8935.5,8940.6,14:25:00,8933.127381450871,3,63
2016-09-08,8948.5,8949.05,8938.55,8938.55,14:30:00,8934.591440360311,3,64
2016-09-08,8945.4,8950.75,8944.5,8947.75,14:35:00,8935.620826992661,3,65
2016-09-08,8944.9,8949.85,8942.5,8945.65,14:40:00,8936.504557755265,3,66
2016-09-08,8941.75,8946.7,8940.95,8945.25,14:45:00,8937.004123683335,3,67
2016-09-08,8937.5,8945.0,8937.0,8942.25,14:50:00,8937.051349999208,3,68
2016-09-08,8937.05,8940.2,8935.25,8937.6,14:55:00,8937.051221427855,3,69
2016-09-08,8958.1,8958.5,8937.25,8938.8,15:00:00,8939.055867006155,3,70
2016-09-08,8958.35,8960.35,8957.5,8958.25,15:05:00,8940.89340348176,3,71
2016-09-08,8953.45,8957.95,8952.8,8957.95,15:10:00,8942.08926981683,3,72
2016-09-08,8949.0,8955.95,8945.25,8953.5,15:15:00,8942.74743459618,3,73
2016-09-08,8949.8,8954.2,8948.55,8949.15,15:20:00,8943.419107491782,3,74
2016-09-08,8948.45,8951.8,8946.7,8949.6,15:25:00,8943.898240111612,3,75
2016-09-09,8916.6,8934.2,8913.35,8934.2,09:15:00,8941.29840772003,4,1
2016-09-09,8906.6,8917.05,8899.65,8917.05,09:20:00,8937.99379746098,4,2
2016-09-09,8908.95,8911.0,8900.7,8906.05,09:25:00,8935.227721512316,4,3
2016-09-09,8911.85,8917.45,8907.85,8909.0,09:30:00,8933.001271844476,4,4
2016-09-09,8904.7,8913.2,8903.2,8911.45,09:35:00,8930.305912621194,4,5
2016-09-09,8906.6,8906.85,8900.15,8904.45,09:40:00,8928.04820665727,4,6
2016-09-09,8911.95,8913.25,8904.3,8906.15,09:45:00,8926.515044118481,4,7
2016-09-09,8904.55,8911.85,8902.8,8911.65,09:50:00,8924.423135154817,4,8
2016-09-09,8906.75,8908.8,8902.8,8905.05,09:55:00,8922.739979425787,4,9
2016-09-09,8908.25,8910.65,8903.9,8906.55,10:00:00,8921.359981385236,4,10
2016-09-09,8886.9,8909.45,8885.9,8908.3,10:05:00,8918.078078396165,4,11
2016-09-09,8878.0,8889.85,8877.55,8887.2,10:10:00,8914.261118548911,4,12
2016-09-09,8875.05,8878.9,8866.15,8878.6,10:15:00,8910.526726306158,4,13
2016-09-09,8876.1,8879.45,8871.6,8875.45,10:20:00,8907.247990467476,4,14
2016-09-09,8869.45,8876.35,8865.95,8875.7,10:25:00,8903.648181851526,4,15
2016-09-09,8878.75,8880.0,8868.0,8869.85,10:30:00,8901.276926437095,4,16
2016-09-09,8877.15,8881.5,8874.8,8879.1,10:35:00,8898.979123919276,4,17
2016-09-09,8883.25,8885.5,8875.2,8877.35,10:40:00,8897.48111211744,4,18
2016-09-09,8881.25,8888.95,8881.25,8883.35,10:45:00,8895.935291915779,4,19
2016-09-09,8881.4,8883.45,8878.45,8880.65,10:50:00,8894.550978399991,4,20
2016-09-09,8876.85,8884.3,8875.7,8881.2,10:55:00,8892.865170933326,4,21
2016-09-09,8880.4,8881.0,8876.1,8877.35,11:00:00,8891.67801179682,4,22
2016-09-09,8878.9,8881.75,8877.2,8880.85,11:05:00,8890.46105829236,4,23
2016-09-09,8883.35,8884.25,8878.55,8878.55,11:10:00,8889.783814645469,4,24
2016-09-09,8882.3,8886.6,8880.65,8883.55,11:15:00,8889.071070393518,4,25
2016-09-09,8878.6,8883.85,8877.9,8882.1,11:20:00,8888.073825594136,4,26
2016-09-09,8881.3,8883.45,8877.75,8878.35,11:25:00,8887.428699347076,4,27
2016-09-09,8877.45,8881.5,8874.45,8881.4,11:30:00,8886.478347028307,4,28
2016-09-09,8875.9,8878.3,8873.5,8877.25,11:35:00,8885.470885406565,4,29
2016-09-09,8870.6,8875.65,8869.25,8875.4,11:40:00,8884.05461060594,4,30
2016-09-09,8880.6,8883.2,8870.0,8871.05,11:45:00,8883.72560007204,4,31
2016-09-09,8878.55,8881.9,8878.1,8881.65,11:50:00,8883.232685779465,4,32
2016-09-09,8875.85,8879.85,8875.0,8878.6,11:55:00,8882.529572848089,4,33
2016-09-09,8874.85,8876.85,8873.75,8875.8,12:00:00,8881.798184957794,4,34
2016-09-09,8873.0,8877.2,8870.35,8874.8,12:05:00,8880.96026258086,4,35
2016-09-09,8873.1,8873.7,8870.4,8873.1,12:10:00,8880.211666144587,4,36
2016-09-09,8875.1,8877.35,8871.85,8873.25,12:15:00,8879.724840797484,4,37
2016-09-09,8873.9,8876.8,8873.35,8875.35,12:20:00,8879.170094054865,4,38
2016-09-09,8876.0,8876.4,8870.5,8873.7,12:25:00,8878.868180335354,4,39
2016-09-09,8863.2,8877.3,8863.05,8876.2,12:30:00,8877.375972684367,4,40
2016-09-09,8865.75,8867.45,8861.8,8863.1,12:35:00,8876.268737190618,4,41
2016-09-09,8881.15,8883.95,8865.6,8866.15,12:40:00,8876.73361936294,4,42
2016-09-09,8878.45,8881.25,8872.8,8880.7,12:45:00,8876.897084185517,4,43
2016-09-09,8877.15,8879.1,8875.15,8878.25,12:50:00,8876.921171405944,4,44
2016-09-09,8874.95,8878.75,8874.9,8877.35,12:55:00,8876.733440795853,4,45
2016-09-09,8876.6,8877.85,8870.2,8874.6,13:00:00,8876.72073214863,4,46
2016-09-09,8890.85,8893.95,8876.7,8876.7,13:05:00,8878.066376705903,4,47
2016-09-09,8889.85,8896.3,8888.85,8890.75,13:10:00,8879.188626543437,4,48
2016-09-09,8891.05,8892.7,8885.2,8889.95,13:15:00,8880.318281158348,4,49
2016-09-09,8891.05,8896.45,8888.85,8891.25,13:20:00,8881.340349619459,4,50
2016-09-09,8891.95,8901.1,8890.25,8890.65,13:25:00,8882.350792512843,4,51
2016-09-09,8894.35,8898.15,8891.1,8891.75,13:30:00,8883.493574178287,4,52
2016-09-09,8897.9,8902.4,8893.6,8894.45,13:35:00,8884.865614732735,4,53
2016-09-09,8898.6,8901.25,8894.6,8897.35,13:40:00,8886.173651424855,4,54
2016-09-09,8893.3,8902.35,8892.75,8898.75,13:45:00,8886.852351289155,4,55
2016-09-09,8884.45,8896.6,8884.35,8893.7,13:50:00,8886.623555928283,4,56
2016-09-09,8889.0,8891.05,8881.95,8884.35,13:55:00,8886.849883935114,4,57
2016-09-09,8892.3,8892.55,8886.9,8888.5,14:00:00,8887.36894260796,4,58
2016-09-09,8897.7,8899.15,8890.1,8892.1,14:05:00,8888.352852835773,4,59
2016-09-09,8905.3,8909.55,8897.55,8897.55,14:10:00,8889.966866851413,4,60
2016-09-09,8902.85,8907.2,8899.9,8905.35,14:15:00,8891.193831913184,4,61
2016-09-09,8901.65,8904.75,8898.35,8902.95,14:20:00,8892.189657445262,4,62
2016-09-09,8900.75,8903.5,8898.65,8902.15,14:25:00,8893.00492816476,4,63
2016-09-09,8887.3,8901.9,8887.3,8900.4,14:30:00,8892.46160167288,4,64
2016-09-09,8892.45,8894.3,8887.15,8887.15,14:35:00,8892.460496751653,4,65
2016-09-09,8885.2,8894.8,8885.2,8892.35,14:40:00,8891.769020870544,4,66
2016-09-09,8880.85,8888.3,8877.4,8885.45,14:45:00,8890.729114120968,4,67
2016-09-09,8878.8,8884.7,8876.75,8880.7,14:50:00,8889.59300801421,4,68
2016-09-09,8887.95,8888.95,8878.5,8878.6,14:55:00,8889.436531060475,4,69
2016-09-09,8874.8,8888.35,8874.65,8888.35,15:00:00,8888.042575721382,4,70
2016-09-09,8864.9,8876.3,8864.85,8876.3,15:05:00,8885.838520890775,4,71
2016-09-09,8859.3,8867.75,8858.85,8864.75,15:10:00,8883.3110427107,4,72
2016-09-09,8864.9,8870.65,8858.7,8859.15,15:15:00,8881.557610071586,4,73
2016-09-09,8867.35,8867.75,8863.0,8865.0,15:20:00,8880.204504350482,4,74
2016-09-09,8864.6,8869.2,8862.05,8867.6,15:25:00,8878.718361079009,4,75
2016-09-12,8724.2,8734.45,8699.4,8724.95,09:15:00,8864.002326690532,0,1
2016-09-12,8745.7,8746.95,8721.25,8724.0,09:20:00,8852.73543843429,0,2
2016-09-12,8729.5,8745.2,8728.05,8745.2,09:25:00,8840.998730011977,0,3
2016-09-12,8727.5,8730.9,8723.45,8729.55,09:30:00,8830.189327153694,0,4
2016-09-12,8733.2,8735.2,8726.95,8727.3,09:35:00,8820.95224837715,0,5
2016-09-12,8737.75,8738.8,8734.2,8735.8,09:40:00,8813.028224722184,0,6
2016-09-12,8741.8,8742.05,8735.5,8737.5,09:45:00,8806.244584272452,0,7
2016-09-12,8736.35,8743.5,8736.2,8742.1,09:50:00,8799.587957198884,0,8
2016-09-12,8734.15,8736.1,8729.95,8736.1,09:55:00,8793.355770798991,0,9
2016-09-12,8744.2,8746.7,8734.4,8734.4,10:00:00,8788.674268818135,0,10
2016-09-12,8743.3,8744.35,8740.5,8744.35,10:05:00,8784.352909883073,0,11
2016-09-12,8739.2,8743.7,8737.55,8743.7,10:10:00,8780.05263275135,0,12
2016-09-12,8740.2,8741.0,8738.2,8739.05,10:15:00,8776.257143917888,0,13
2016-09-12,8739.25,8742.95,8738.55,8740.5,10:20:00,8772.732654020947,0,14
2016-09-12,8736.5,8743.15,8736.35,8739.85,10:25:00,8769.28192506657,0,15
2016-09-12,8729.35,8736.9,8729.35,8736.4,10:30:00,8765.47888458404,0,16
2016-09-12,8727.95,8732.3,8727.45,8729.15,10:35:00,8761.904705099845,0,17
2016-09-12,8726.65,8728.55,8724.85,8728.3,10:40:00,8758.547114137955,0,18
2016-09-12,8729.75,8730.05,8723.25,8726.85,10:45:00,8755.804531839101,0,19
2016-09-12,8730.45,8733.4,8728.1,8729.6,10:50:00,8753.389814521091,0,20
2016-09-12,8730.9,8731.7,8726.6,8730.65,10:55:00,8751.247927423845,0,21
2016-09-12,8731.15,8734.3,8730.6,8731.05,11:00:00,8749.333839097764,0,22
2016-09-12,8727.8,8731.3,8726.85,8730.95,11:05:00,8747.28299727893,0,23
2016-09-12,8731.95,8732.1,8727.15,8727.4,11:10:00,8745.822711823794,0,24
2016-09-12,8729.75,8732.6,8728.35,8732.35,11:15:00,8744.291977364384,0,25
2016-09-12,8730.75,8731.85,8726.4,8730.0,11:20:00,8743.002265234443,0,26
2016-09-12,8731.6,8733.0,8730.25,8730.85,11:25:00,8741.916335212116,0,27
2016-09-12,8739.35,8740.0,8731.75,8731.85,11:30:00,8741.671922334772,0,28
2016-09-12,8738.35,8740.95,8738.15,8739.5,11:35:00,8741.35554877908,0,29
2016-09-12,8737.75,8738.95,8736.25,8738.4,11:40:00,8741.012163181073,0,30
2016-09-12,8736.35,8739.35,8735.75,8737.65,11:45:00,8740.568147640019,0,31
2016-09-12,8736.5,8737.05,8733.85,8736.1,11:50:00,8740.180705007635,0,32
2016-09-12,8737.25,8737.55,8733.1,8737.05,11:55:00,8739.901590245003,0,33
2016-09-12,8737.4,8739.2,8736.4,8737.45,12:00:00,8739.663343555003,0,34
2016-09-12,8737.95,8738.15,8736.0,8737.35,12:05:00,8739.500167978336,0,35
2016-09-12,8741.15,8742.65,8737.55,8737.9,12:10:00,8739.657294837541,0,36
2016-09-12,8738.65,8742.55,8738.65,8741.25,12:15:00,8739.561361995871,0,37
2016-09-12,8740.6,8741.3,8738.3,8738.5,12:20:00,8739.660279901025,0,38
2016-09-12,8735.85,8740.45,8735.25,8740.35,12:25:00,8739.297396100927,0,39
2016-09-12,8738.9,8739.15,8734.95,8735.65,12:30:00,8739.259548853219,0,40
2016-09-12,8738.1,8741.75,8737.65,8738.75,12:35:00,8739.149115629103,0,41
2016-09-12,8733.05,8738.45,8733.0,8738.05,12:40:00,8738.56824747395,0,42
2016-09-12,8727.55,8734.65,8727.4,8733.25,12:45:00,8737.518890571668,0,43
2016-09-12,8731.9,8731.95,8723.4,8727.25,12:50:00,8736.98375813627,0,44
2016-09-12,8737.3,8737.5,8729.85,8732.1,12:55:00,8737.013876409006,0,45
2016-09-12,8737.5,8739.95,8736.05,8737.45,13:00:00,8737.060173893862,0,46
2016-09-12,8740.85,8743.25,8737.3,8737.3,13:05:00,8737.421109713494,0,47
2016-09-12,8738.5,8746.35,8736.95,8741.0,13:10:00,8737.523861169351,0,48
2016-09-12,8736.95,8739.45,8736.15,8738.65,13:15:00,8737.469207724651,0,49
2016-09-12,8733.95,8738.55,8733.9,8737.35,13:20:00,8737.134045084207,0,50
2016-09-12,8736.45,8737.7,8733.5,8733.8,13:25:00,8737.06889793333,0,51
2016-09-12,8732.1,8738.7,8731.95,8736.4,13:30:00,8736.595669558727,0,52
2016-09-12,8735.8,8735.8,8731.4,8731.95,13:35:00,8736.519891505513,0,53
2016-09-12,8724.4,8737.55,8718.55,8735.85,13:40:00,8735.365616124036,0,54
2016-09-12,8731.95,8735.15,8724.2,8724.2,13:45:00,8735.040319350319,0,55
2016-09-12,8727.95,8733.65,8727.55,8731.9,13:50:00,8734.365050840765,0,56
2016-09-12,8725.6,8729.75,8725.2,8728.0,13:55:00,8733.530284094026,0,57
2016-09-12,8723.75,8729.3,8722.1,8724.8,14:00:00,8732.598828466023,0,58
2016-09-12,8718.9,8724.95,8718.9,8723.7,14:05:00,8731.294178135926,0,59
2016-09-12,8723.05,8724.7,8717.95,8719.0,14:10:00,8730.509018313456,0,60
2016-09-12,8724.75,8728.0,8721.1,8722.8,14:15:00,8729.960540378841,0,61
2016-09-12,8717.85,8725.1,8716.35,8724.6,14:20:00,8728.807155580856,0,62
2016-09-12,8717.65,8720.05,8714.6,8717.9,14:25:00,8727.74456933506,0,63
2016-09-12,8709.8,8718.15,8709.4,8717.7,14:30:00,8726.035562731722,0,64
2016-09-12,8704.0,8713.2,8703.45,8709.7,14:35:00,8723.936937709654,0,65
2016-09-12,8711.3,8711.55,8702.1,8704.35,14:40:00,8722.733419832544,0,66
2016-09-12,8708.45,8713.15,8707.55,8711.7,14:45:00,8721.373094134207,0,67
2016-09-12,8711.55,8712.25,8706.8,8708.3,14:50:00,8720.43756135952,0,68
2016-09-12,8717.2,8721.4,8711.35,8711.35,14:55:00,8720.129222182422,0,69
2016-09-12,8718.0,8718.1,8712.9,8717.4,15:00:00,8719.92643911743,0,70
2016-09-12,8714.7,8717.85,8713.0,8717.85,15:05:00,8719.428683011007,0,71
2016-09-12,8712.85,8716.3,8711.6,8714.55,15:10:00,8718.802141771863,0,72
2016-09-12,8715.5,8715.9,8710.3,8712.8,15:15:00,8718.487652079304,0,73
2016-09-12,8717.5,8719.05,8715.2,8715.2,15:20:00,8718.393589976513,0,74
2016-09-12,8715.3,8718.7,8713.8,8717.65,15:25:00,8718.098962359702,0,75
2016-09-14,8728.15,8737.6,8708.35,8710.2,09:15:00,8719.05620403973,2,1
2016-09-14,8728.7,8730.3,8716.65,8729.25,09:20:00,8719.974660797852,2,2
2016-09-14,8725.3,8732.35,8724.1,8729.0,09:25:00,8720.481835959961,2,3
2016-09-14,8732.1,8732.55,8724.35,8725.0,09:30:00,8721.588327773297,2,4
2016-09-14,8733.8,8735.85,8731.7,8732.2,09:35:00,8722.75134417584,2,5
2016-09-14,8720.0,8733.55,8718.6,8733.35,09:40:00,8722.489311397188,2,6
2016-09-14,8708.5,8720.2,8707.0,8720.2,09:45:00,8721.156996026028,2,7
2016-09-14,8705.15,8713.6,8703.45,8708.15,09:50:00,8719.632520214025,2,8
2016-09-14,8711.25,8711.4,8704.1,8704.85,09:55:00,8718.834184955547,2,9
2016-09-14,8707.85,8713.85,8705.9,8711.15,10:00:00,8717.788072102638,2,10
2016-09-14,8702.2,8709.4,8701.3,8708.05,10:05:00,8716.303493807149,2,11
2016-09-14,8699.2,8703.5,8697.7,8702.25,10:10:00,8714.67458963504,2,12
2016-09-14,8705.75,8707.4,8698.95,8699.1,10:15:00,8713.824628717417,2,13
2016-09-14,8701.25,8705.55,8699.85,8705.55,10:20:00,8712.627045030044,2,14
2016-09-14,8694.95,8702.0,8694.35,8701.3,10:25:00,8710.943516931944,2,15
2016-09-14,8694.9,8697.15,8688.9,8694.8,10:30:00,8709.415562938426,2,16
2016-09-14,8699.0,8699.0,8692.95,8694.8,10:35:00,8708.423604563337,2,17
2016-09-14,8704.4,8706.5,8698.9,8699.05,10:40:00,8708.040404128733,2,18
2016-09-14,8706.5,8706.55,8700.75,8704.15,10:45:00,8707.893698973616,2,19
2016-09-14,8708.35,8709.75,8705.7,8706.3,10:50:00,8707.937156214224,2,20
2016-09-14,8702.0,8708.45,8700.0,8707.9,10:55:00,8707.37171276525,2,21
2016-09-14,8701.85,8704.2,8699.9,8701.75,11:00:00,8706.845835359036,2,22
2016-09-14,8700.8,8703.2,8698.2,8702.2,11:05:00,8706.270041515318,2,23
2016-09-14,8699.65,8701.0,8698.0,8700.45,11:10:00,8705.639561371001,2,24
2016-09-14,8701.35,8701.35,8696.6,8699.4,11:15:00,8705.231031716621,2,25
2016-09-14,8702.85,8705.65,8699.65,8701.5,11:20:00,8705.00426679123,2,26
2016-09-14,8705.25,8708.5,8702.55,8702.95,11:25:00,8705.02766995397,2,27
2016-09-14,8704.7,8708.3,8704.1,8704.95,11:30:00,8704.996463291687,2,28
2016-09-14,8700.35,8704.45,8698.8,8704.45,11:35:00,8704.553942978193,2,29
2016-09-14,8700.55,8702.5,8698.7,8699.6,11:40:00,8704.172615075508,2,30
2016-09-14,8704.7,8706.65,8700.25,8700.95,11:45:00,8704.222842211173,2,31
2016-09-14,8707.1,8708.85,8704.0,8704.8,11:50:00,8704.49685723868,2,32
2016-09-14,8711.1,8712.8,8705.95,8707.3,11:55:00,8705.125727977855,2,33
2016-09-14,8713.4,8717.2,8709.8,8710.8,12:00:00,8705.913753884726,2,34
2016-09-14,8715.25,8716.65,8712.9,8713.6,12:05:00,8706.802920181419,2,35
2016-09-14,8719.4,8719.4,8713.9,8714.35,12:10:00,8708.002642068903,2,36
2016-09-14,8717.45,8719.1,8714.4,8719.05,12:15:00,8708.902390443292,2,37
2016-09-14,8720.7,8724.7,8717.2,8717.75,12:20:00,8710.025972305835,2,38
2016-09-14,8721.45,8721.85,8718.1,8720.3,12:25:00,8711.113974943375,2,39
2016-09-14,8729.4,8729.4,8721.4,8721.6,12:30:00,8712.855501139244,2,40
2016-09-14,8730.25,8732.45,8728.0,8729.25,12:35:00,8714.512120078363,2,41
2016-09-14,8723.15,8731.6,8723.05,8729.85,12:40:00,8715.334775308995,2,42
2016-09-14,8719.8,8723.95,8716.1,8722.75,12:45:00,8715.760034803376,2,43
2016-09-14,8715.55,8722.4,8714.9,8720.25,12:50:00,8715.74003148877,2,44
2016-09-14,8717.8,8718.5,8712.85,8715.3,12:55:00,8715.93621896603,2,45
2016-09-14,8717.55,8721.2,8715.45,8718.35,13:00:00,8716.089912397836,2,46
2016-09-14,8712.05,8717.6,8711.65,8717.45,13:05:00,8715.705158836137,2,47
2016-09-14,8708.8,8718.05,8708.1,8711.15,13:10:00,8715.047524661268,2,48
2016-09-14,8708.8,8710.2,8705.2,8708.7,13:15:00,8714.452522312575,2,49
2016-09-14,8708.95,8710.8,8707.1,8708.65,13:20:00,8713.92847256852,2,50
2016-09-14,8714.15,8716.45,8708.05,8708.2,13:25:00,8713.949570419136,2,51
2016-09-14,8709.9,8714.7,8709.7,8714.05,13:30:00,8713.563897045886,2,52
2016-09-14,8711.15,8713.4,8707.9,8709.95,13:35:00,8713.334002089134,2,53
2016-09-14,8720.05,8721.45,8710.35,8711.2,13:40:00,8713.973620937788,2,54
2016-09-14,8723.0,8723.0,8719.35,8720.1,13:45:00,8714.83327608657,2,55
2016-09-14,8727.45,8728.2,8721.8,8722.6,13:50:00,8716.03486884023,2,56
2016-09-14,8723.7,8730.3,8722.3,8727.5,13:55:00,8716.764881331637,2,57
2016-09-14,8722.1,8724.15,8719.8,8723.55,14:00:00,8717.272987871482,2,58
2016-09-14,8725.75,8727.05,8720.45,8722.35,14:05:00,8718.080322359912,2,59
2016-09-14,8724.35,8726.8,8721.75,8725.7,14:10:00,8718.677434516112,2,60
2016-09-14,8719.75,8723.95,8716.9,8723.45,14:15:00,8718.779583609816,2,61
2016-09-14,8717.3,8721.15,8715.65,8720.35,14:20:00,8718.638670885071,2,62
2016-09-14,8720.95,8722.85,8714.2,8716.8,14:25:00,8718.858797467446,2,63
2016-09-14,8709.45,8721.75,8707.25,8721.45,14:30:00,8717.962721518166,2,64
2016-09-14,8707.4,8712.25,8705.0,8709.65,14:35:00,8716.956748040246,2,65
2016-09-14,8712.0,8712.8,8704.1,8707.75,14:40:00,8716.484676798318,2,66
2016-09-14,8712.85,8716.75,8709.65,8712.55,14:45:00,8716.13851710324,2,67
2016-09-14,8713.15,8713.75,8710.2,8712.65,14:50:00,8715.85389642674,2,68
2016-09-14,8723.1,8723.55,8712.65,8713.3,14:55:00,8716.544001528957,2,69
2016-09-14,8717.75,8724.25,8711.7,8724.25,15:00:00,8716.6588585262,2,70
2016-09-14,8727.45,8729.1,8717.2,8718.05,15:05:00,8717.68658628561,2,71
2016-09-14,8731.25,8732.55,8725.45,8727.75,15:10:00,8718.978339972695,2,72
2016-09-14,8732.05,8733.2,8728.8,8731.6,15:15:00,8720.223259975295,2,73
2016-09-14,8730.0,8733.0,8726.65,8731.85,15:20:00,8721.154378072886,2,74
2016-09-14,8739.2,8739.85,8728.65,8729.7,15:25:00,8722.873008732611,2,75
2016-09-15,8738.3,8749.2,8730.9,8743.0,09:15:00,8724.342245996171,3,1
2016-09-15,8739.4,8742.35,8730.1,8738.05,09:20:00,8725.77631780606,3,2
2016-09-15,8737.7,8741.15,8733.85,8739.65,09:25:00,8726.911906586434,3,3
2016-09-15,8738.35,8740.45,8733.95,8737.6,09:30:00,8728.001248816297,3,4
2016-09-15,8735.5,8740.2,8735.2,8738.05,09:35:00,8728.715415595698,3,5
2016-09-15,8737.75,8739.45,8734.75,8735.7,09:40:00,8729.575852205631,3,6
2016-09-15,8744.5,8744.55,8737.65,8737.65,09:45:00,8730.997199614618,3,7
2016-09-15,8740.1,8744.9,8740.1,8744.25,09:50:00,8731.864132984654,3,8
2016-09-15,8728.85,8740.5,8727.55,8740.5,09:55:00,8731.577072700402,3,9
2016-09-15,8727.25,8732.25,8723.05,8729.35,10:00:00,8731.164970538459,3,10
2016-09-15,8723.35,8728.05,8720.7,8727.35,10:05:00,8730.420687630034,3,11
2016-09-15,8715.4,8723.15,8714.95,8723.15,10:10:00,8728.990145950984,3,12
2016-09-15,8712.4,8715.65,8704.35,8715.3,10:15:00,8727.410132050889,3,13
2016-09-15,8719.55,8721.3,8711.5,8712.6,10:20:00,8726.661548046042,3,14
2016-09-15,8719.35,8722.2,8719.15,8719.85,10:25:00,8725.965210136896,3,15
2016-09-15,8720.85,8720.95,8714.5,8719.25,10:30:00,8725.478047266715,3,16
2016-09-15,8722.4,8725.4,8721.0,8721.25,10:35:00,8725.184899907981,3,17
2016-09-15,8719.9,8722.8,8718.55,8722.35,10:40:00,8724.681576107221,3,18
2016-09-15,8725.1,8725.25,8719.35,8720.3,10:45:00,8724.721426001772,3,19
2016-09-15,8729.45,8731.3,8724.7,8725.2,10:50:00,8725.171766382555,3,20
2016-09-15,8723.8,8729.8,8721.85,8729.55,10:55:00,8725.041121965169,3,21
2016-09-15,8726.3,8727.05,8722.7,8723.65,11:00:00,8725.161015111344,3,22
2016-09-15,8722.6,8728.4,8722.2,8726.45,11:05:00,8724.917108910264,3,23
2016-09-15,8725.1,8725.3,8720.9,8723.0,11:10:00,8724.934527109286,3,24
2016-09-15,8721.25,8725.05,8720.9,8725.05,11:15:00,8724.583619765544,3,25
2016-09-15,8721.6,8723.5,8721.05,8721.45,11:20:00,8724.29946550216,3,26
2016-09-15,8723.15,8723.7,8720.9,8721.1,11:25:00,8724.189992597192,3,27
2016-09-15,8727.8,8728.05,8723.05,8723.1,11:30:00,8724.53380282603,3,28
2016-09-15,8727.25,8730.3,8725.5,8728.0,11:35:00,8724.79248827117,3,29
2016-09-15,8728.95,8731.0,8726.75,8726.9,11:40:00,8725.188441769154,3,30
2016-09-15,8726.65,8730.0,8726.1,8728.8,11:45:00,8725.327637791139,3,31
2016-09-15,8727.65,8727.65,8724.95,8726.85,11:50:00,8725.548815144364,3,32
2016-09-15,8735.05,8735.1,8727.45,8727.8,11:55:00,8726.45368989252,3,33
2016-09-15,8732.25,8736.0,8730.75,8735.1,12:00:00,8727.005719426566,3,34
2016-09-15,8732.2,8734.5,8731.1,8732.3,12:05:00,8727.500412814512,3,35
2016-09-15,8723.4,8733.0,8722.3,8732.35,12:10:00,8727.109897308368,3,36
2016-09-15,8718.15,8723.2,8716.7,8723.15,12:15:00,8726.25657375519,3,37
2016-09-15,8713.9,8718.4,8712.5,8717.9,12:20:00,8725.079757207077,3,38
2016-09-15,8713.2,8714.65,8709.6,8714.05,12:25:00,8723.948351758783,3,39
2016-09-15,8711.05,8713.3,8706.35,8712.75,12:30:00,8722.719937305565,3,40
2016-09-15,8712.65,8718.15,8711.0,8711.45,12:35:00,8721.760895657415,3,41
2016-09-15,8718.55,8718.55,8711.35,8713.0,12:40:00,8721.455096070995,3,42
2016-09-15,8717.7,8720.25,8715.6,8718.4,12:45:00,8721.097467873758,3,43
2016-09-15,8719.1,8726.5,8717.2,8718.15,12:50:00,8720.907232838163,3,44
2016-09-15,8714.9,8721.5,8714.0,8719.4,12:55:00,8720.335115425003,3,45
2016-09-15,8715.75,8716.5,8713.35,8715.4,13:00:00,8719.89843776548,3,46
2016-09-15,8714.9,8716.2,8712.85,8715.4,13:05:00,8719.422396073529,3,47
2016-09-15,8720.15,8722.6,8714.3,8714.95,13:10:00,8719.491691685573,3,48
2016-09-15,8714.95,8720.6,8713.4,8719.85,13:15:00,8719.05914962028,3,49
2016-09-15,8715.4,8716.5,8710.7,8714.8,13:20:00,8718.710659180253,3,50
2016-09-15,8718.05,8718.4,8712.15,8715.55,13:25:00,8718.647739258324,3,51
2016-09-15,8717.9,8719.85,8714.85,8718.2,13:30:00,8718.576525995626,3,52
2016-09-15,8714.65,8718.75,8713.35,8718.05,13:35:00,8718.2025711389,3,53
2016-09-15,8717.65,8720.4,8714.7,8714.9,13:40:00,8718.149945316149,3,54
2016-09-15,8718.45,8720.3,8715.55,8717.35,13:45:00,8718.178521952706,3,55
2016-09-15,8714.55,8718.15,8713.5,8717.75,13:50:00,8717.8329484334,3,56
2016-09-15,8716.1,8716.25,8712.8,8714.6,13:55:00,8717.667905725457,3,57
2016-09-15,8720.55,8720.95,8715.8,8715.8,14:00:00,8717.942390894461,3,58
2016-09-15,8724.25,8724.5,8718.4,8720.8,14:05:00,8718.543115571178,3,59
2016-09-15,8737.75,8738.3,8724.05,8724.05,14:10:00,8720.372342659637,3,60
2016-09-15,8735.6,8739.15,8732.55,8737.85,14:15:00,8721.822595739672,3,61
2016-09-15,8732.65,8740.65,8732.5,8735.75,14:20:00,8722.853777097798,3,62
2016-09-15,8735.05,8737.6,8731.7,8732.85,14:25:00,8724.015322136103,3,63
2016-09-15,8733.65,8737.15,8731.8,8735.15,14:30:00,8724.932910504094,3,64
2016-09-15,8736.3,8736.3,8732.35,8733.5,14:35:00,8726.015490456086,3,65
2016-09-15,8735.5,8740.45,8735.05,8736.2,14:40:00,8726.918777079316,3,66
2016-09-15,8729.2,8735.7,8728.85,8735.15,14:45:00,8727.136036405096,3,67
2016-09-15,8738.1,8739.5,8728.25,8728.8,14:50:00,8728.180223414134,3,68
2016-09-15,8733.2,8739.45,8731.8,8737.95,14:55:00,8728.658297374692,3,69
2016-09-15,8745.2,8751.5,8733.8,8733.8,15:00:00,8730.23369762472,3,70
2016-09-15,8736.85,8746.8,8736.6,8745.3,15:05:00,8730.863821660461,3,71
2016-09-15,8737.75,8740.7,8734.95,8737.25,15:10:00,8731.519648168989,3,72
2016-09-15,8741.8,8742.5,8735.8,8737.7,15:15:00,8732.498729295752,3,73
2016-09-15,8746.15,8746.15,8739.45,8742.1,15:20:00,8733.798850315205,3,74
2016-09-15,8748.6,8751.95,8745.8,8746.25,15:25:00,8735.208483618519,3,75
2016-09-16,8798.7,8802.15,8780.25,8780.6,09:15:00,8741.255294702469,4,1
2016-09-16,8813.25,8816.2,8795.85,8799.1,09:20:00,8748.111933302234,4,2
2016-09-16,8809.75,8814.5,8806.1,8813.4,09:25:00,8753.982225368689,4,3
2016-09-16,8828.0,8829.35,8809.8,8809.8,09:30:00,8761.031537238337,4,4
2016-09-16,8826.15,8832.2,8823.3,8828.35,09:35:00,8767.23329559659,4,5
2016-09-16,8830.45,8835.0,8825.05,8825.95,09:40:00,8773.2539341112,4,6
2016-09-16,8825.95,8831.6,8823.75,8830.8,09:45:00,8778.272607052992,4,7
2016-09-16,8827.35,8828.65,8824.35,8825.55,09:50:00,8782.946644476517,4,8
2016-09-16,8825.9,8829.8,8825.6,8827.1,09:55:00,8787.037440240658,4,9
2016-09-16,8825.85,8829.05,8823.25,8826.8,10:00:00,8790.733874503452,4,10
2016-09-16,8829.5,8829.5,8825.2,8826.1,10:05:00,8794.425886455505,4,11
2016-09-16,8829.45,8833.2,8828.55,8829.3,10:10:00,8797.761516316885,4,12
2016-09-16,8834.65,8836.7,8828.3,8829.5,10:15:00,8801.274705239086,4,13
2016-09-16,8835.75,8837.7,8833.75,8834.7,10:20:00,8804.558066644888,4,14
2016-09-16,8839.2,8842.9,8834.8,8835.8,10:25:00,8807.857298392993,4,15
2016-09-16,8840.75,8841.6,8836.4,8839.55,10:30:00,8810.98993664128,4,16
2016-09-16,8844.15,8845.75,8840.75,8840.9,10:35:00,8814.148037913537,4,17
2016-09-16,8846.9,8847.65,8843.9,8844.3,10:40:00,8817.267272397961,4,18
2016-09-16,8841.05,8847.1,8840.3,8847.1,10:45:00,8819.532294074346,4,19
2016-09-16,8843.65,8844.1,8838.35,8840.95,10:50:00,8821.829218448218,4,20
2016-09-16,8838.5,8843.95,8837.85,8843.95,10:55:00,8823.41691192934,4,21
2016-09-16,8836.1,8838.75,8834.3,8838.7,11:00:00,8824.624825078927,4,22
2016-09-16,8836.75,8837.6,8834.55,8836.2,11:05:00,8825.779603642839,4,23
2016-09-16,8841.9,8843.5,8836.95,8837.2,11:10:00,8827.31487948638,4,24
2016-09-16,8842.15,8844.1,8840.55,8842.25,11:15:00,8828.727748106723,4,25
2016-09-16,8838.9,8842.65,8838.2,8842.5,11:20:00,8829.696534001321,4,26
2016-09-16,8836.0,8839.3,8835.7,8839.05,11:25:00,8830.296864096434,4,27
2016-09-16,8835.4,8836.8,8834.3,8836.5,11:30:00,8830.78287703963,4,28
2016-09-16,8835.75,8837.15,8834.65,8835.5,11:35:00,8831.255936369189,4,29
2016-09-16,8837.6,8839.35,8836.15,8836.15,11:40:00,8831.860132905456,4,30
2016-09-16,8838.65,8841.1,8836.8,8838.3,11:45:00,8832.50678691446,4,31
2016-09-16,8838.95,8839.95,8836.75,8838.75,11:50:00,8833.12042625594,4,32
2016-09-16,8839.1,8841.5,8838.9,8839.0,11:55:00,8833.68990946966,4,33
2016-09-16,8839.05,8840.5,8836.7,8839.35,12:00:00,8834.200394282074,4,34
2016-09-16,8843.05,8844.75,8839.45,8839.45,12:05:00,8835.043213874258,4,35
2016-09-16,8842.4,8843.6,8840.65,8842.8,12:10:00,8835.743860171948,4,36
2016-09-16,8841.85,8843.9,8841.35,8842.55,12:15:00,8836.32539729843,4,37
2016-09-16,8841.6,8843.15,8841.3,8841.8,12:20:00,8836.827740412864,4,38
2016-09-16,8839.0,8842.4,8838.85,8841.55,12:25:00,8837.034622278305,4,39
2016-09-16,8833.1,8839.25,8832.95,8839.15,12:30:00,8836.659896347039,4,40
2016-09-16,8831.05,8835.3,8828.55,8832.9,12:35:00,8836.125620504463,4,41
2016-09-16,8834.75,8837.05,8830.25,8830.9,12:40:00,8835.994609027848,4,42
2016-09-16,8837.0,8837.8,8832.9,8835.05,12:45:00,8836.090360549006,4,43
2016-09-16,8834.75,8837.85,8833.7,8837.4,12:50:00,8835.962707163386,4,44
2016-09-16,8835.35,8835.85,8831.6,8835.7,12:55:00,8835.904354100207,4,45
2016-09-16,8833.25,8835.45,8831.35,8835.45,13:00:00,8835.651558471616,4,46
2016-09-16,8822.3,8834.55,8822.1,8832.95,13:05:00,8834.37998147432,4,47
2016-09-16,8825.1,8830.55,8821.75,8822.45,13:10:00,8833.49617371486,4,48
2016-09-16,8821.5,8825.7,8818.4,8825.5,13:15:00,8832.353680980112,4,49
2016-09-16,8820.95,8826.05,8819.9,8821.15,13:20:00,8831.267616124864,4,50
2016-09-16,8823.35,8825.4,8818.65,8821.2,13:25:00,8830.513557446306,4,51
2016-09-16,8805.45,8823.75,8805.45,8823.25,13:30:00,8828.126551975229,4,52
2016-09-16,8805.2,8808.65,8794.35,8806.9,13:35:00,8825.94307083473,4,53
2016-09-16,8803.05,8811.9,8802.95,8805.35,13:40:00,8823.76277837428,4,54
2016-09-16,8772.0,8803.5,8767.6,8803.4,13:45:00,8818.83298995768,4,55
2016-09-16,8777.05,8783.45,8768.65,8772.3,13:50:00,8814.853657580757,4,56
2016-09-16,8779.65,8788.85,8776.95,8777.1,13:55:00,8811.500928287353,4,57
2016-09-16,8755.9,8781.85,8750.5,8780.0,14:00:00,8806.205601783795,4,58
2016-09-16,8762.65,8763.2,8752.6,8756.65,14:05:00,8802.057449232958,4,59
2016-09-16,8768.35,8772.45,8761.1,8762.7,14:10:00,8798.847215972677,4,60
2016-09-16,8774.4,8774.8,8765.85,8768.25,14:15:00,8796.518909689565,4,61
2016-09-16,8767.0,8776.25,8762.85,8775.1,14:20:00,8793.707584957225,4,62
2016-09-16,8770.55,8777.85,8766.15,8767.95,14:25:00,8791.502100675585,4,63
2016-09-16,8771.0,8774.5,8768.35,8771.1,14:30:00,8789.549519658864,4,64
2016-09-16,8765.4,8772.0,8762.75,8771.35,14:35:00,8787.249565405638,4,65
2016-09-16,8778.9,8779.05,8762.6,8765.05,14:40:00,8786.454368700339,4,66
2016-09-16,8790.6,8792.65,8778.25,8779.1,14:45:00,8786.849190728879,4,67
2016-09-16,8783.7,8793.2,8783.2,8791.35,14:50:00,8786.549267802318,4,68
2016-09-16,8784.3,8791.9,8782.4,8784.5,14:55:00,8786.335051821145,4,69
2016-09-16,8769.6,8785.6,8766.5,8785.15,15:00:00,8784.741237361988,4,70
2016-09-16,8775.8,8777.0,8767.25,8769.65,15:05:00,8783.88969094656,4,71
2016-09-16,8783.45,8783.65,8774.75,8775.85,15:10:00,8783.847815618317,4,72
2016-09-16,8787.4,8787.55,8776.9,8783.65,15:15:00,8784.186118892763,4,73
2016-09-16,8779.7,8790.0,8779.3,8787.3,15:20:00,8783.758869474404,4,74
2016-09-16,8780.8,8782.8,8777.05,8779.8,15:25:00,8783.477072381604,4,75
2016-09-19,8796.25,8809.95,8785.9,8786.8,09:15:00,8784.693541678593,0,1
2016-09-19,8795.6,8801.3,8791.4,8796.4,09:20:00,8785.732251994918,0,2
2016-09-19,8787.65,8799.65,8784.0,8795.7,09:25:00,8785.914894662068,0,3
2016-09-19,8776.15,8790.75,8774.2,8787.55,09:30:00,8784.984904694253,0,4
2016-09-19,8792.25,8795.4,8776.0,8776.0,09:35:00,8785.676818532895,0,5
2016-09-19,8790.15,8798.2,8790.15,8792.15,09:40:00,8786.102835815476,0,6
2016-09-19,8796.35,8796.35,8788.0,8789.9,09:45:00,8787.078756214003,0,7
2016-09-19,8801.45,8803.25,8795.95,8796.25,09:50:00,8788.447446098384,0,8
2016-09-19,8798.7,8803.1,8797.45,8801.35,09:55:00,8789.4238798033,0,9
2016-09-19,8801.65,8802.45,8799.05,8799.05,10:00:00,8790.588272202986,0,10
2016-09-19,8807.2,8808.0,8801.3,8801.7,10:05:00,8792.170341516987,0,11
2016-09-19,8809.15,8809.9,8805.65,8807.4,10:10:00,8793.787451848702,0,12
2016-09-19,8811.0,8813.7,8809.05,8809.05,10:15:00,8795.426742148826,0,13
2016-09-19,8810.1,8812.9,8804.5,8811.05,10:20:00,8796.824195277508,0,14
2016-09-19,8813.05,8814.3,8808.4,8810.0,10:25:00,8798.369510012983,0,15
2016-09-19,8816.1,8822.35,8812.8,8812.95,10:30:00,8800.058128106984,0,16
2016-09-19,8811.35,8816.45,8810.55,8816.25,10:35:00,8801.133544477747,0,17
2016-09-19,8813.75,8815.35,8811.2,8811.3,10:40:00,8802.335111670343,0,18
2016-09-19,8815.25,8817.6,8812.7,8813.95,10:45:00,8803.565101035072,0,19
2016-09-19,8817.9,8820.8,8815.1,8815.3,10:50:00,8804.930329507923,0,20
2016-09-19,8820.05,8822.15,8815.8,8817.6,10:55:00,8806.370298126216,0,21
2016-09-19,8816.55,8820.55,8815.4,8820.0,11:00:00,8807.339793542767,0,22
2016-09-19,8816.05,8819.75,8816.05,8816.35,11:05:00,8808.169337014884,0,23
2016-09-19,8815.05,8817.45,8811.65,8815.45,11:10:00,8808.824638251563,0,24
2016-09-19,8815.3,8817.45,8813.95,8815.6,11:15:00,8809.441339370462,0,25
2016-09-19,8814.7,8818.0,8812.5,8815.55,11:20:00,8809.942164192322,0,26
2016-09-19,8812.5,8815.0,8810.45,8814.65,11:25:00,8810.185767602577,0,27
2016-09-19,8816.15,8816.55,8812.2,8812.65,11:30:00,8810.753789735665,0,28
2016-09-19,8815.35,8816.6,8814.7,8816.1,11:35:00,8811.191524046553,0,29
2016-09-19,8815.95,8817.85,8814.6,8815.15,11:40:00,8811.644712232595,0,30
2016-09-19,8815.3,8816.45,8813.65,8816.15,11:45:00,8811.99283487711,0,31
2016-09-19,8812.45,8815.7,8812.3,8814.9,11:50:00,8812.036374412623,0,32
2016-09-19,8814.2,8815.45,8812.7,8812.85,11:55:00,8812.242433992373,0,33
2016-09-19,8817.5,8818.15,8812.45,8814.3,12:00:00,8812.743154564529,0,34
2016-09-19,8814.05,8818.4,8814.0,8817.6,12:05:00,8812.867616034573,0,35
2016-09-19,8816.0,8818.0,8814.0,8814.0,12:10:00,8813.165938316994,0,36
2016-09-19,8812.8,8816.5,8810.7,8815.8,12:15:00,8813.131087048709,0,37
2016-09-19,8806.95,8813.45,8806.65,8813.15,12:20:00,8812.542412091689,0,38
2016-09-19,8807.2,8808.05,8804.55,8806.8,12:25:00,8812.0336109401,0,39
2016-09-19,8814.05,8814.2,8807.1,8807.1,12:30:00,8812.225647993424,0,40
2016-09-19,8810.75,8814.75,8809.85,8813.85,12:35:00,8812.085110089289,0,41
2016-09-19,8806.9,8811.4,8806.65,8810.9,12:40:00,8811.591290080785,0,42
2016-09-19,8807.2,8809.45,8806.45,8806.7,12:45:00,8811.173071977853,0,43
2016-09-19,8811.45,8812.55,8807.25,8807.25,12:50:00,8811.199446075201,0,44
2016-09-19,8809.0,8812.1,8808.25,8811.4,12:55:00,8810.98997502042,0,45
2016-09-19,8812.7,8813.5,8808.9,8808.9,13:00:00,8811.152834542285,0,46
2016-09-19,8813.75,8814.15,8810.5,8812.95,13:05:00,8811.400183633496,0,47
2016-09-19,8812.65,8814.4,8810.65,8813.55,13:10:00,8811.519213763639,0,48
2016-09-19,8811.6,8817.65,8811.35,8812.95,13:15:00,8811.526907690912,0,49
2016-09-19,8810.6,8813.75,8810.45,8811.65,13:20:00,8811.438630767967,0,50
2016-09-19,8812.05,8812.95,8809.8,8810.55,13:25:00,8811.496856409112,0,51
2016-09-19,8809.95,8812.7,8808.4,8811.9,13:30:00,8811.349536751102,0,52
2016-09-19,8802.9,8810.7,8802.75,8810.15,13:35:00,8810.544818965283,0,53
2016-09-19,8803.15,8803.5,8798.9,8802.75,13:40:00,8809.8405504924,0,54
2016-09-19,8803.1,8806.9,8802.0,8803.8,13:45:00,8809.198593302648,0,55
2016-09-19,8801.55,8805.5,8801.55,8802.75,13:50:00,8808.470155845253,0,56
2016-09-19,8806.1,8806.7,8800.95,8801.6,13:55:00,8808.244426717132,0,57
2016-09-19,8806.05,8809.75,8805.7,8806.25,14:00:00,8808.035433696452,0,58
2016-09-19,8812.0,8812.0,8805.55,8806.1,14:05:00,8808.413011439647,0,59
2016-09-19,8809.05,8812.5,8807.45,8812.45,14:10:00,8808.473677016824,0,60
2016-09-19,8813.4,8814.55,8809.1,8809.1,14:15:00,8808.942850634268,0,61
2016-09-19,8815.9,8816.6,8812.5,8813.6,14:20:00,8809.605436288148,0,62
2016-09-19,8816.65,8818.1,8814.55,8815.85,14:25:00,8810.276347117848,0,63
2016-09-19,8820.05,8820.35,8815.55,8815.95,14:30:00,8811.207171201862,0,64
2016-09-19,8819.3,8824.3,8819.3,8819.85,14:35:00,8811.977916801685,0,65
2016-09-19,8817.75,8820.5,8816.15,8819.1,14:40:00,8812.527639011048,0,66
2016-09-19,8821.35,8822.2,8816.4,8817.55,14:45:00,8813.367863867139,0,67
2016-09-19,8819.95,8822.35,8818.95,8821.4,14:50:00,8813.99473397503,0,68
2016-09-19,8817.85,8819.95,8817.0,8819.05,14:55:00,8814.361902167884,0,69
2016-09-19,8808.7,8817.65,8806.3,8817.65,15:00:00,8813.82267338999,0,70
2016-09-19,8809.35,8810.0,8806.65,8808.3,15:05:00,8813.396704495704,0,71
2016-09-19,8806.3,8810.25,8804.8,8809.1,15:10:00,8812.720827877067,0,72
2016-09-19,8808.55,8808.6,8804.55,8806.15,15:15:00,8812.323606174488,0,73
2016-09-19,8810.6,8811.4,8807.55,8807.55,15:20:00,8812.15945320549,0,74
2016-09-19,8809.05,8811.45,8807.85,8810.25,15:25:00,8811.863314804967,0,75
2016-09-20,8799.2,8816.25,8789.55,8812.55,09:15:00,8810.657284823541,1,1
2016-09-20,8794.65,8800.25,8787.3,8799.0,09:20:00,8809.132781507013,1,2
2016-09-20,8787.55,8795.35,8787.55,8794.75,09:25:00,8807.077278506345,1,3
2016-09-20,8770.9,8788.65,8767.45,8788.2,09:30:00,8803.631823410504,1,4
2016-09-20,8780.1,8780.45,8768.4,8771.5,09:35:00,8801.39069737141,1,5
2016-09-20,8775.2,8780.3,8775.15,8780.3,09:40:00,8798.896345240799,1,6
2016-09-20,8768.35,8776.2,8768.3,8775.7,09:45:00,8795.98716950358,1,7
2016-09-20,8781.05,8781.45,8768.55,8768.85,09:50:00,8794.56458193181,1,8
2016-09-20,8782.75,8784.9,8780.85,8781.1,09:55:00,8793.43938365259,1,9
2016-09-20,8783.4,8785.15,8777.75,8782.85,10:00:00,8792.483251876154,1,10
2016-09-20,8783.6,8788.5,8782.65,8783.5,10:05:00,8791.63722788795,1,11
2016-09-20,8782.05,8783.45,8780.8,8783.0,10:10:00,8790.724158565288,1,12
2016-09-20,8783.4,8785.0,8782.25,8782.25,10:15:00,8790.026619654309,1,13
2016-09-20,8788.2,8789.95,8782.9,8783.2,10:20:00,8789.852655877708,1,14
2016-09-20,8790.45,8790.65,8785.85,8788.25,10:25:00,8789.909545794118,1,15
2016-09-20,8788.4,8790.8,8787.2,8790.15,10:30:00,8789.765779528012,1,16
2016-09-20,8783.7,8789.3,8783.7,8788.3,10:35:00,8789.18808623963,1,17
2016-09-20,8783.45,8784.1,8781.55,8783.5,10:40:00,8788.641601835856,1,18
2016-09-20,8783.0,8785.7,8782.6,8783.55,10:45:00,8788.104306422918,1,19
2016-09-20,8784.3,8785.7,8783.05,8783.05,10:50:00,8787.741991525498,1,20
2016-09-20,8785.95,8786.45,8783.4,8784.25,10:55:00,8787.571325665927,1,21
2016-09-20,8781.25,8786.15,8780.1,8786.15,11:00:00,8786.969294650124,1,22
2016-09-20,8780.85,8783.25,8779.5,8780.95,11:05:00,8786.386504683445,1,23
2016-09-20,8781.75,8783.6,8780.75,8780.75,11:10:00,8785.944932808832,1,24
2016-09-20,8778.25,8782.4,8777.75,8781.8,11:15:00,8785.212082065134,1,25
2016-09-20,8775.7,8779.35,8775.45,8778.2,11:20:00,8784.306169487503,1,26
2016-09-20,8773.55,8775.9,8771.85,8775.9,11:25:00,8783.281772393455,1,27
2016-09-20,8776.1,8778.0,8773.45,8773.65,11:30:00,8782.597794070269,1,28
2016-09-20,8779.35,8779.7,8774.35,8775.85,11:35:00,8782.28848034929,1,29
2016-09-20,8778.05,8781.45,8777.45,8779.4,11:40:00,8781.88481555412,1,30
2016-09-20,8778.55,8779.35,8776.85,8778.25,11:45:00,8781.567214072775,1,31
2016-09-20,8778.7,8779.85,8777.3,8778.65,11:50:00,8781.294146065844,1,32
2016-09-20,8778.65,8779.65,8777.4,8778.95,11:55:00,8781.042322631001,1,33
2016-09-20,8778.65,8780.05,8778.15,8778.75,12:00:00,8780.814482380429,1,34
2016-09-20,8778.55,8779.5,8777.05,8778.55,12:05:00,8780.598817391816,1,35
2016-09-20,8780.9,8781.15,8777.7,8778.7,12:10:00,8780.627501449739,1,36
2016-09-20,8780.7,8782.1,8780.15,8780.85,12:15:00,8780.634406073574,1,37
2016-09-20,8781.95,8783.4,8778.3,8780.6,12:20:00,8780.759700733233,1,38
2016-09-20,8779.55,8782.4,8778.0,8782.0,12:25:00,8780.644491139592,1,39
2016-09-20,8780.7,8783.4,8777.4,8779.45,12:30:00,8780.649777697727,1,40
2016-09-20,8779.45,8783.45,8778.65,8780.45,12:35:00,8780.535513155086,1,41
2016-09-20,8779.25,8781.2,8777.55,8779.25,12:40:00,8780.413083330792,1,42
2016-09-20,8774.35,8779.4,8773.45,8779.3,12:45:00,8779.835646823098,1,43
2016-09-20,8771.8,8774.85,8769.85,8774.45,12:50:00,8779.07034712566,1,44
2016-09-20,8772.8,8775.85,8770.8,8771.7,12:55:00,8778.47317120893,1,45
2016-09-20,8775.35,8775.8,8770.3,8773.05,13:00:00,8778.17572633189,1,46
2016-09-20,8771.35,8775.2,8770.5,8775.2,13:05:00,8777.525657157425,1,47
2016-09-20,8780.1,8781.05,8771.1,8771.1,13:10:00,8777.770832666241,1,48
2016-09-20,8778.3,8784.85,8778.2,8780.15,13:15:00,8777.821229555171,1,49
2016-09-20,8777.65,8780.2,8775.35,8778.5,13:20:00,8777.804921978488,1,50
2016-09-20,8774.4,8777.6,8771.3,8777.6,13:25:00,8777.480643694822,1,51
2016-09-20,8768.45,8775.15,8767.5,8775.15,13:30:00,8776.620582390553,1,52
2016-09-20,8767.75,8771.9,8766.25,8768.4,13:35:00,8775.775765020024,1,53
2016-09-20,8767.35,8769.45,8765.2,8767.95,13:40:00,8774.973311208592,1,54
2016-09-20,8772.1,8772.1,8766.3,8767.55,13:45:00,8774.69966252206,1,55
2016-09-20,8772.9,8777.0,8771.05,8771.7,13:50:00,8774.528266091387,1,56
2016-09-20,8770.95,8773.6,8768.55,8773.1,13:55:00,8774.18747884459,1,57
2016-09-20,8765.1,8771.4,8759.45,8770.85,14:00:00,8773.322004668915,1,58
2016-09-20,8762.95,8768.1,8761.35,8764.15,14:05:00,8772.334194700446,1,59
2016-09-20,8770.7,8771.45,8759.3,8762.9,14:10:00,8772.178557109928,1,60
2016-09-20,8769.65,8772.45,8764.4,8772.45,14:15:00,8771.937742147078,1,61
2016-09-20,8770.35,8773.7,8767.5,8769.85,14:20:00,8771.786528609262,1,62
2016-09-20,8769.2,8771.2,8765.2,8770.1,14:25:00,8771.540192551238,1,63
2016-09-20,8770.45,8770.85,8764.9,8767.35,14:30:00,8771.436364689216,1,64
2016-09-20,8775.6,8776.35,8767.85,8770.2,14:35:00,8771.832901385482,1,65
2016-09-20,8770.95,8775.75,8768.85,8775.75,14:40:00,8771.748815539246,1,66
2016-09-20,8779.35,8779.75,8770.1,8771.05,14:45:00,8772.47273786884,1,67
2016-09-20,8777.65,8779.6,8776.7,8779.15,14:50:00,8772.96581045276,1,68
2016-09-20,8780.65,8781.5,8776.5,8777.5,14:55:00,8773.697638028687,1,69
2016-09-20,8780.4,8781.5,8777.7,8780.5,15:00:00,8774.33595821643,1,70
2016-09-20,8777.25,8781.0,8775.75,8780.55,15:05:00,8774.61348600534,1,71
2016-09-20,8773.4,8777.1,8770.85,8776.95,15:10:00,8774.497915909593,1,72
2016-09-20,8777.35,8778.15,8772.2,8773.25,15:15:00,8774.769542965823,1,73
2016-09-20,8775.5,8778.95,8775.5,8777.5,15:20:00,8774.839110302411,1,74
2016-09-20,8774.05,8778.25,8773.2,8775.4,15:25:00,8774.763956940276,1,75
2016-09-21,8782.1,8795.4,8778.4,8789.2,09:15:00,8775.46262770787,2,1
2016-09-21,8785.15,8790.65,8782.05,8782.15,09:20:00,8776.385234592834,2,2
2016-09-21,8786.65,8789.1,8784.0,8785.7,09:25:00,8777.362831298278,2,3
2016-09-21,8787.6,8790.5,8785.55,8786.6,09:30:00,8778.337799746061,2,4
2016-09-21,8786.2,8789.35,8785.15,8787.65,09:35:00,8779.086580722627,2,5
2016-09-21,8793.2,8793.3,8785.9,8786.05,09:40:00,8780.430715891902,2,6
2016-09-21,8795.95,8812.45,8793.15,8793.3,09:45:00,8781.908742949816,2,7
2016-09-21,8803.55,8807.6,8796.05,8796.2,09:50:00,8783.969815049833,2,8
2016-09-21,8803.55,8809.85,8802.95,8803.4,09:55:00,8785.834594568896,2,9
2016-09-21,8801.25,8805.95,8800.1,8803.75,10:00:00,8787.302728419478,2,10
2016-09-21,8805.75,8807.15,8800.8,8801.2,10:05:00,8789.059611427147,2,11
2016-09-21,8804.65,8807.25,8803.4,8805.7,10:10:00,8790.544410338847,2,12
2016-09-21,8802.75,8805.25,8801.75,8805.25,10:15:00,8791.706847449434,2,13
2016-09-21,8799.3,8802.9,8796.9,8802.2,10:20:00,8792.430004835202,2,14
2016-09-21,8801.45,8801.45,8798.85,8799.15,10:25:00,8793.289051993754,2,15
2016-09-21,8806.05,8806.35,8801.25,8801.25,10:30:00,8794.504380375301,2,16
2016-09-21,8812.6,8815.8,8806.0,8806.0,10:35:00,8796.227772720511,2,17
2016-09-21,8812.3,8812.9,8810.95,8812.7,10:40:00,8797.758461032843,2,18
2016-09-21,8822.3,8822.3,8808.75,8812.25,10:45:00,8800.095750458288,2,19
2016-09-21,8820.75,8824.4,8817.75,8822.95,10:50:00,8802.062821843212,2,20
2016-09-21,8817.65,8822.45,8816.9,8820.55,10:55:00,8803.547315001002,2,21
2016-09-21,8821.6,8821.9,8817.75,8817.75,11:00:00,8805.26661833424,2,22
2016-09-21,8820.35,8823.3,8818.7,8821.65,11:05:00,8806.703130873837,2,23
2016-09-21,8820.25,8820.65,8818.4,8820.25,11:10:00,8807.993308885852,2,24
2016-09-21,8818.35,8820.8,8818.05,8820.15,11:15:00,8808.979660420533,2,25
2016-09-21,8815.5,8819.1,8815.3,8818.2,11:20:00,8809.600645142387,2,26
2016-09-21,8815.3,8816.1,8814.15,8815.4,11:25:00,8810.143440843112,2,27
2016-09-21,8818.95,8819.25,8815.4,8815.4,11:30:00,8810.982160762816,2,28
2016-09-21,8824.35,8826.85,8818.8,8818.85,11:35:00,8812.255288309214,2,29
2016-09-21,8822.5,8825.6,8822.3,8824.3,11:40:00,8813.230975136908,2,30
2016-09-21,8822.3,8823.75,8821.2,8822.35,11:45:00,8814.094691790537,2,31
2016-09-21,8821.35,8822.65,8820.9,8822.25,11:50:00,8814.785673524771,2,32
2016-09-21,8821.7,8822.65,8820.2,8821.5,11:55:00,8815.444180808126,2,33
2016-09-21,8821.5,8823.15,8820.55,8821.75,12:00:00,8816.020925493067,2,34
2016-09-21,8818.65,8821.9,8817.85,8821.55,12:05:00,8816.271313541345,2,35
2016-09-21,8815.65,8818.85,8815.25,8818.85,12:10:00,8816.212140823121,2,36
2016-09-21,8812.2,8815.95,8810.5,8815.4,12:15:00,8815.8300321733,2,37
2016-09-21,8817.75,8817.95,8811.9,8812.3,12:20:00,8816.012886252034,2,38
2016-09-21,8820.95,8821.5,8818.05,8818.05,12:25:00,8816.483087561364,2,39
2016-09-21,8817.95,8822.35,8817.95,8821.1,12:30:00,8816.6227935079,2,40
2016-09-21,8820.65,8821.9,8817.0,8817.75,12:35:00,8817.006336983339,2,41
2016-09-21,8819.55,8821.0,8818.05,8820.55,12:40:00,8817.248590603973,2,42
2016-09-21,8816.95,8819.65,8816.65,8819.35,12:45:00,8817.220153403594,2,43
2016-09-21,8814.2,8816.9,8813.8,8816.9,12:50:00,8816.93251974611,2,44
2016-09-21,8815.0,8815.4,8813.65,8814.25,12:55:00,8816.74847024648,2,45
2016-09-21,8810.0,8815.25,8807.75,8814.8,13:00:00,8816.105758794434,2,46
2016-09-21,8807.4,8810.25,8804.05,8810.05,13:05:00,8815.27663890925,2,47
2016-09-21,8805.05,8808.45,8804.6,8807.15,13:10:00,8814.302673298846,2,48
2016-09-21,8804.2,8805.65,8799.25,8805.2,13:15:00,8813.340513937052,2,49
2016-09-21,8809.3,8810.05,8804.3,8804.3,13:20:00,8812.955703085903,2,50
2016-09-21,8806.55,8809.7,8805.45,8809.35,13:25:00,8812.345636125341,2,51
2016-09-21,8795.7,8807.4,8794.35,8806.5,13:30:00,8810.760337446736,2,52
2016-09-21,8793.2,8796.15,8790.25,8795.6,13:35:00,8809.08792435657,2,53
2016-09-21,8785.5,8793.75,8784.5,8793.25,13:40:00,8806.841455370231,2,54
2016-09-21,8791.1,8792.15,8783.75,8785.7,13:45:00,8805.342269144494,2,55
2016-09-21,8789.2,8793.5,8788.05,8791.2,13:50:00,8803.804910178353,2,56
2016-09-21,8787.6,8793.95,8786.55,8789.3,13:55:00,8802.261585399461,2,57
2016-09-21,8791.2,8793.9,8786.2,8787.2,14:00:00,8801.208101075703,2,58
2016-09-21,8785.85,8791.7,8784.25,8790.8,14:05:00,8799.745424782779,2,59
2016-09-21,8782.3,8789.75,8779.5,8785.7,14:10:00,8798.083955755848,2,60
2016-09-21,8762.4,8785.3,8762.4,8784.05,14:15:00,8794.685483779102,2,61
2016-09-21,8763.4,8766.65,8757.3,8763.7,14:20:00,8791.705913895377,2,62
2016-09-21,8768.4,8775.75,8764.0,8764.15,14:25:00,8789.4863030482,2,63
2016-09-21,8767.05,8771.15,8762.1,8768.8,14:30:00,8787.349512281704,2,64
2016-09-21,8765.6,8770.5,8764.0,8767.85,14:35:00,8785.278130159637,2,65
2016-09-21,8779.2,8779.2,8765.95,8765.95,14:40:00,8784.699260620624,2,66
2016-09-21,8777.35,8782.35,8776.25,8779.35,14:45:00,8783.999331037707,2,67
2016-09-21,8784.9,8784.9,8777.05,8777.3,14:50:00,8784.085109034115,2,68
2016-09-21,8784.65,8786.0,8781.8,8784.8,14:55:00,8784.138908173722,2,69
2016-09-21,8777.75,8784.95,8776.65,8784.75,15:00:00,8783.530440728606,2,70
2016-09-21,8771.4,8778.4,8771.05,8777.8,15:05:00,8782.375160659214,2,71
2016-09-21,8779.5,8780.25,8770.35,8771.5,15:10:00,8782.101335834528,2,72
2016-09-21,8777.35,8780.1,8776.35,8779.7,15:15:00,8781.64882765981,2,73
2016-09-21,8776.45,8779.2,8775.8,8777.55,15:20:00,8781.153701216019,2,74
2016-09-21,8774.75,8778.9,8773.65,8776.9,15:25:00,8780.543824909731,2,75
2016-09-22,8879.35,8893.35,8870.65,8870.65,09:15:00,8789.95393682309,3,1
2016-09-22,8877.65,8887.45,8877.5,8879.8,09:20:00,8798.30594283994,3,2
2016-09-22,8869.9,8878.05,8867.9,8877.55,09:25:00,8805.12442447423,3,3
2016-09-22,8871.75,8875.25,8865.25,8870.15,09:30:00,8811.469717381446,3,4
2016-09-22,8874.25,8874.5,8869.15,8871.8,09:35:00,8817.448791916546,3,5
2016-09-22,8877.7,8880.8,8871.8,8874.15,09:40:00,8823.187002210208,3,6
2016-09-22,8869.95,8880.1,8866.05,8878.1,09:45:00,8827.640621047332,3,7
2016-09-22,8873.5,8873.75,8867.75,8870.0,09:50:00,8832.008180947587,3,8
2016-09-22,8876.35,8878.85,8873.2,8873.55,09:55:00,8836.23121133353,3,9
2016-09-22,8874.05,8878.1,8873.75,8876.15,10:00:00,8839.833000730338,3,10
2016-09-22,8862.3,8874.1,8861.75,8874.1,10:05:00,8841.972714946496,3,11
2016-09-22,8862.0,8867.1,8861.55,8862.4,10:10:00,8843.880075427784,3,12
2016-09-22,8864.35,8866.0,8861.3,8862.2,10:15:00,8845.82959205371,3,13
2016-09-22,8869.0,8869.4,8864.15,8864.45,10:20:00,8848.036297572404,3,14
2016-09-22,8871.95,8873.55,8868.35,8868.8,10:25:00,8850.3137930417,3,15
2016-09-22,8870.3,8872.55,8869.6,8872.1,10:30:00,8852.217241323442,3,16
2016-09-22,8863.75,8870.85,8862.75,8870.25,10:35:00,8853.315599292639,3,17
2016-09-22,8861.4,8865.95,8861.0,8863.55,10:40:00,8854.085542217148,3,18
2016-09-22,8864.9,8864.9,8858.7,8861.2,10:45:00,8855.11549057742,3,19
2016-09-22,8863.95,8866.65,8863.25,8864.95,10:50:00,8855.956872427189,3,20
2016-09-22,8863.8,8865.9,8863.45,8864.05,10:55:00,8856.703836957933,3,21
2016-09-22,8866.0,8867.85,8863.85,8864.35,11:00:00,8857.589185819083,3,22
2016-09-22,8866.7,8868.55,8865.35,8866.6,11:05:00,8858.456882407741,3,23
2016-09-22,8865.65,8867.85,8865.0,8866.6,11:10:00,8859.141941226051,3,24
2016-09-22,8858.95,8866.2,8858.6,8865.95,11:15:00,8859.123661109285,3,25
2016-09-22,8852.75,8859.45,8849.75,8859.05,11:20:00,8858.516645765543,3,26
2016-09-22,8847.1,8853.1,8844.55,8853.05,11:25:00,8857.429346168825,3,27
2016-09-22,8845.65,8848.1,8840.7,8847.25,11:30:00,8856.307503676555,3,28
2016-09-22,8849.1,8850.05,8843.45,8845.9,11:35:00,8855.621074754978,3,29
2016-09-22,8845.9,8850.5,8845.6,8849.8,11:40:00,8854.695258111646,3,30
2016-09-22,8840.05,8846.9,8837.95,8846.85,11:45:00,8853.300471624822,3,31
2016-09-22,8841.9,8842.95,8837.8,8840.7,11:50:00,8852.214712422458,3,32
2016-09-22,8848.45,8849.3,8842.2,8842.45,11:55:00,8851.856168382224,3,33
2016-09-22,8848.65,8849.5,8845.65,8849.1,12:00:00,8851.55081901249,3,34
2016-09-22,8847.85,8848.6,8845.4,8848.45,12:05:00,8851.19836005892,3,35
2016-09-22,8850.65,8850.75,8847.2,8847.7,12:10:00,8851.146135291403,3,36
2016-09-22,8850.6,8851.45,8849.05,8850.55,12:15:00,8851.094122406508,3,37
2016-09-22,8850.85,8852.55,8849.0,8850.9,12:20:00,8851.070872653509,3,38
2016-09-22,8851.35,8852.6,8850.5,8851.05,12:25:00,8851.097456210317,3,39
2016-09-22,8852.25,8854.5,8851.3,8851.3,12:30:00,8851.207222285524,3,40
2016-09-22,8853.9,8860.0,8852.3,8852.3,12:35:00,8851.46367730595,3,41
2016-09-22,8848.75,8855.1,8846.0,8853.6,12:40:00,8851.20523184824,3,42
2016-09-22,8846.2,8849.6,8843.9,8848.85,12:45:00,8850.728543100788,3,43
2016-09-22,8841.15,8846.3,8840.05,8846.3,12:50:00,8849.816300900713,3,44
2016-09-22,8843.0,8846.0,8840.95,8841.05,12:55:00,8849.167129386358,3,45
2016-09-22,8848.5,8848.95,8842.8,8843.05,13:00:00,8849.103593254324,3,46
2016-09-22,8850.2,8852.5,8848.05,8848.45,13:05:00,8849.20801294439,3,47
2016-09-22,8853.4,8854.2,8850.45,8850.65,13:10:00,8849.607249806828,3,48
2016-09-22,8849.35,8854.45,8849.3,8853.8,13:15:00,8849.582749825226,3,49
2016-09-22,8850.15,8850.4,8847.05,8849.4,13:20:00,8849.636773651395,3,50
2016-09-22,8848.3,8850.25,8847.05,8849.9,13:25:00,8849.509461875072,3,51
2016-09-22,8849.85,8851.45,8848.2,8848.2,13:30:00,8849.541894077445,3,52
2016-09-22,8849.55,8850.45,8848.3,8849.75,13:35:00,8849.542666070069,3,53
2016-09-22,8852.75,8852.95,8849.0,8849.4,13:40:00,8849.848126444347,3,54
2016-09-22,8851.6,8857.05,8851.6,8852.6,13:45:00,8850.014971544886,3,55
2016-09-22,8852.35,8857.05,8850.75,8851.55,13:50:00,8850.237355207279,3,56
2016-09-22,8854.45,8856.75,8852.4,8852.4,13:55:00,8850.638559473253,3,57
2016-09-22,8861.15,8863.55,8853.95,8854.0,14:00:00,8851.639649047229,3,58
2016-09-22,8862.75,8866.75,8860.3,8861.2,14:05:00,8852.697777709398,3,59
2016-09-22,8861.8,8867.4,8861.6,8863.75,14:10:00,8853.564656022789,3,60
2016-09-22,8858.5,8863.55,8858.1,8863.0,14:15:00,8854.034688782524,3,61
2016-09-22,8859.9,8861.45,8858.6,8858.6,14:20:00,8854.593289850854,3,62
2016-09-22,8859.85,8863.7,8859.75,8860.55,14:25:00,8855.093928912678,3,63
2016-09-22,8856.45,8861.8,8856.45,8859.65,14:30:00,8855.223078540042,3,64
2016-09-22,8860.8,8861.65,8855.7,8856.35,14:35:00,8855.754213917182,3,65
2016-09-22,8865.7,8866.05,8859.5,8861.5,14:40:00,8856.701431639354,3,66
2016-09-22,8862.45,8867.85,8862.45,8865.85,14:45:00,8857.248914340367,3,67
2016-09-22,8862.6,8864.5,8860.2,8862.3,14:50:00,8857.758541546047,3,68
2016-09-22,8867.45,8868.0,8861.95,8862.85,14:55:00,8858.68153758928,3,69
2016-09-22,8874.45,8875.15,8866.65,8867.4,15:00:00,8860.18329591411,3,70
2016-09-22,8870.75,8876.4,8870.2,8874.1,15:05:00,8861.189648684194,3,71
2016-09-22,8870.25,8872.65,8869.6,8870.85,15:10:00,8862.0525392857,3,72
2016-09-22,8863.95,8870.75,8863.3,8870.3,15:15:00,8862.233249829918,3,73
2016-09-22,8860.85,8864.0,8859.5,8863.85,15:20:00,8862.10151175088,3,74
2016-09-22,8861.75,8864.1,8860.25,8861.1,15:25:00,8862.068034441272,3,75
2016-09-23,8848.5,8878.85,8847.4,8878.85,09:15:00,8860.77584068496,4,1
2016-09-23,8854.7,8860.3,8848.0,8848.4,09:20:00,8860.197189191154,4,2
2016-09-23,8859.4,8859.65,8851.35,8854.55,09:25:00,8860.121266411044,4,3
2016-09-23,8856.2,8860.45,8855.05,8859.9,09:30:00,8859.747812467136,4,4
2016-09-23,8864.05,8865.85,8856.1,8856.5,09:35:00,8860.157544613123,4,5
2016-09-23,8866.55,8867.5,8862.8,8863.7,09:40:00,8860.766349888063,4,6
2016-09-23,8862.4,8867.85,8861.95,8866.75,09:45:00,8860.921935613009,4,7
2016-09-23,8861.5,8864.9,8860.9,8862.75,09:50:00,8860.976989364151,4,8
2016-09-23,8867.35,8867.45,8861.0,8861.4,09:55:00,8861.583942758041,4,9
2016-09-23,8863.75,8868.95,8862.7,8867.2,10:00:00,8861.790233923943,4,10
2016-09-23,8855.6,8863.5,8854.05,8863.45,10:05:00,8861.200687835948,4,11
2016-09-23,8861.25,8861.85,8853.75,8855.2,10:10:00,8861.205384232524,4,12
2016-09-23,8860.8,8863.8,8859.15,8861.6,10:15:00,8861.166776210379,4,13
2016-09-23,8861.3,8862.25,8859.7,8860.65,10:20:00,8861.179464190342,4,14
2016-09-23,8860.95,8861.6,8857.85,8861.25,10:25:00,8861.157610457929,4,15
2016-09-23,8859.1,8862.9,8857.45,8861.1,10:30:00,8860.961647557173,4,16
2016-09-23,8856.7,8859.9,8855.9,8858.9,10:35:00,8860.555776361252,4,17
2016-09-23,8858.65,8858.9,8853.65,8856.4,10:40:00,8860.374273850657,4,18
2016-09-23,8856.9,8859.3,8856.35,8858.8,10:45:00,8860.043390626784,4,19
2016-09-23,8858.25,8858.4,8856.4,8857.0,10:50:00,8859.872591519472,4,20
2016-09-23,8861.95,8862.85,8857.9,8858.4,10:55:00,8860.07043994619,4,21
2016-09-23,8863.8,8865.35,8860.8,8861.8,11:00:00,8860.42563614179,4,22
2016-09-23,8864.55,8865.55,8862.15,8864.0,11:05:00,8860.818432699714,4,23
2016-09-23,8863.9,8864.3,8861.65,8863.75,11:10:00,8861.111915299742,4,24
2016-09-23,8862.15,8864.45,8861.0,8863.5,11:15:00,8861.210780509291,4,25
2016-09-23,8863.55,8863.6,8859.65,8861.85,11:20:00,8861.43356331793,4,26
2016-09-23,8866.15,8868.1,8863.15,8863.5,11:25:00,8861.882747763842,4,27
2016-09-23,8870.35,8870.85,8865.8,8866.4,11:30:00,8862.689152738714,4,28
2016-09-23,8866.7,8870.35,8864.15,8870.2,11:35:00,8863.07113819217,4,29
2016-09-23,8867.25,8868.15,8865.65,8866.55,11:40:00,8863.46912503101,4,30
2016-09-23,8867.6,8868.55,8865.35,8867.4,11:45:00,8863.862541694723,4,31
2016-09-23,8867.1,8867.65,8864.4,8867.55,11:50:00,8864.170871057131,4,32
2016-09-23,8870.0,8870.05,8866.2,8866.75,11:55:00,8864.726026194547,4,33
2016-09-23,8866.1,8871.95,8865.65,8870.1,12:00:00,8864.856880842686,4,34
2016-09-23,8868.95,8869.25,8865.7,8866.0,12:05:00,8865.246701714812,4,35
2016-09-23,8866.75,8871.7,8866.75,8868.7,12:10:00,8865.389872980068,4,36
2016-09-23,8868.3,8868.85,8865.5,8867.15,12:15:00,8865.667027934347,4,37
2016-09-23,8868.85,8869.95,8867.25,8868.35,12:20:00,8865.970168131076,4,38
2016-09-23,8872.45,8873.3,8868.75,8868.75,12:25:00,8866.587294975736,4,39
2016-09-23,8865.75,8873.55,8865.6,8873.55,12:30:00,8866.507552597093,4,40
2016-09-23,8866.7,8867.3,8861.7,8866.25,12:35:00,8866.52588092118,4,41
2016-09-23,8868.05,8870.0,8866.15,8866.15,12:40:00,8866.671035119163,4,42
2016-09-23,8868.9,8870.5,8867.4,8868.6,12:45:00,8866.883317488766,4,43
2016-09-23,8868.65,8870.4,8867.85,8869.4,12:50:00,8867.051572966026,4,44
2016-09-23,8868.7,8869.3,8864.75,8868.95,12:55:00,8867.208566016881,4,45
2016-09-23,8862.45,8868.8,8861.65,8868.4,13:00:00,8866.75536925337,4,46
2016-09-23,8862.4,8862.8,8857.85,8862.25,13:05:00,8866.34057218162,4,47
2016-09-23,8862.95,8864.2,8859.2,8862.2,13:10:00,8866.017660545274,4,48
2016-09-23,8864.0,8864.0,8860.0,8862.4,13:15:00,8865.825502398106,4,49
2016-09-23,8867.8,8867.8,8863.0,8864.65,13:20:00,8866.013549788762,4,50
2016-09-23,8866.6,8868.05,8865.7,8867.6,13:25:00,8866.069402189833,4,51
2016-09-23,8863.5,8868.1,8862.3,8866.75,13:30:00,8865.824697219372,4,52
2016-09-23,8861.25,8863.65,8860.85,8863.55,13:35:00,8865.389011769908,4,53
2016-09-23,8863.2,8863.3,8859.85,8861.35,13:40:00,8865.180534458488,4,54
2016-09-23,8856.4,8863.65,8856.4,8862.9,13:45:00,8864.344293081489,4,55
2016-09-23,8860.6,8862.45,8855.95,8856.3,13:50:00,8863.987693740395,4,56
2016-09-23,8857.0,8863.9,8857.0,8860.9,13:55:00,8863.322199098453,4,57
2016-09-23,8859.85,8860.9,8856.6,8857.05,14:00:00,8862.99151347003,4,58
2016-09-23,8866.7,8868.85,8859.8,8860.2,14:05:00,8863.34470266336,4,59
2016-09-23,8866.2,8869.45,8864.55,8866.9,14:10:00,8863.616635743041,4,60
2016-09-23,8862.8,8869.0,8862.8,8866.35,14:15:00,8863.53886091037,4,61
2016-09-23,8856.75,8864.45,8856.55,8862.55,14:20:00,8862.892302728429,4,62
2016-09-23,8857.7,8860.9,8856.8,8856.8,14:25:00,8862.397797706673,4,63
2016-09-23,8860.3,8860.9,8856.35,8858.8,14:30:00,8862.198007448895,4,64
2016-09-23,8860.05,8861.8,8859.45,8859.95,14:35:00,8861.993435310904,4,65
2016-09-23,8856.35,8861.8,8855.95,8860.0,14:40:00,8861.455965281293,4,66
2016-09-23,8846.1,8857.65,8844.5,8856.3,14:45:00,8859.99349239736,4,67
2016-09-23,8849.95,8851.15,8843.45,8846.15,14:50:00,8859.036969311897,4,68
2016-09-23,8851.15,8852.15,8842.9,8849.85,14:55:00,8858.285829377432,4,69
2016-09-23,8843.2,8851.3,8840.2,8850.8,15:00:00,8856.849083722438,4,70
2016-09-23,8831.8,8843.45,8830.4,8842.95,15:05:00,8854.463456701253,4,71
2016-09-23,8828.0,8832.65,8824.4,8831.9,15:10:00,8851.94312749161,4,72
2016-09-23,8833.4,8834.15,8827.3,8828.15,15:15:00,8850.177115349552,4,73
2016-09-23,8825.7,8834.25,8825.3,8833.5,15:20:00,8847.845961506737,4,74
2016-09-23,8825.15,8826.05,8820.3,8826.05,15:25:00,8845.684441363237,4,75
2016-09-26,8786.45,8806.4,8784.65,8806.4,09:15:00,8840.043065995309,0,1
2016-09-26,8792.25,8792.25,8780.7,8785.9,09:20:00,8835.491345424327,0,2
2016-09-26,8792.4,8796.55,8790.4,8792.4,09:25:00,8831.387407764867,0,3
2016-09-26,8785.9,8792.65,8783.6,8792.65,09:30:00,8827.055273692022,0,4
2016-09-26,8790.7,8792.85,8785.75,8785.75,09:35:00,8823.592866673735,0,5
2016-09-26,8787.3,8794.65,8787.3,8791.2,09:40:00,8820.136403180997,0,6
2016-09-26,8793.5,8793.65,8787.3,8787.6,09:45:00,8817.599602878045,0,7
2016-09-26,8791.9,8796.1,8791.85,8793.8,09:50:00,8815.152021651564,0,8
2016-09-26,8794.95,8795.8,8791.25,8791.65,09:55:00,8813.22801958951,0,9
2016-09-26,8797.9,8801.75,8794.15,8795.6,10:00:00,8811.768208200032,0,10
2016-09-26,8796.05,8798.35,8793.85,8798.2,10:05:00,8810.271235990505,0,11
2016-09-26,8795.05,8797.35,8793.85,8796.0,10:10:00,8808.8215944676,0,12
2016-09-26,8797.1,8797.8,8794.7,8795.25,10:15:00,8807.705252137352,0,13
2016-09-26,8794.5,8798.15,8794.35,8797.35,10:20:00,8806.447609076651,0,14
2016-09-26,8792.0,8794.45,8791.05,8794.4,10:25:00,8805.071646307446,0,15
2016-09-26,8788.25,8792.65,8788.15,8791.25,10:30:00,8803.469584754355,0,16
2016-09-26,8793.15,8793.6,8787.3,8788.05,10:35:00,8802.486767158702,0,17
2016-09-26,8794.7,8795.05,8792.6,8793.3,10:40:00,8801.745170286444,0,18
2016-09-26,8793.05,8794.8,8792.25,8794.5,10:45:00,8800.917058830591,0,19
2016-09-26,8791.35,8793.6,8790.4,8792.7,10:50:00,8800.005910370535,0,20
2016-09-26,8786.4,8791.9,8785.1,8791.15,10:55:00,8798.710109382864,0,21
2016-09-26,8788.0,8789.8,8786.05,8786.55,11:00:00,8797.69009896545,0,22
2016-09-26,8787.9,8789.6,8787.7,8788.15,11:05:00,8796.757708587787,0,23
2016-09-26,8787.65,8788.5,8786.65,8787.95,11:10:00,8795.890307769903,0,24
2016-09-26,8784.8,8788.65,8784.6,8787.6,11:15:00,8794.834087982294,0,25
2016-09-26,8777.7,8785.6,8777.3,8784.7,11:20:00,8793.202270079219,0,26
2016-09-26,8779.2,8780.5,8775.75,8777.25,11:25:00,8791.868720547864,0,27
2016-09-26,8782.25,8783.05,8778.1,8779.05,11:30:00,8790.952651924257,0,28
2016-09-26,8783.95,8784.75,8782.3,8782.3,11:35:00,8790.285732693375,0,29
2016-09-26,8784.6,8786.25,8783.65,8784.25,11:40:00,8789.744234341626,0,30
2016-09-26,8780.4,8785.05,8779.9,8784.5,11:45:00,8788.85430726147,0,31
2016-09-26,8780.2,8781.55,8778.95,8780.45,11:50:00,8788.030087522282,0,32
2016-09-26,8776.65,8780.25,8775.8,8780.25,11:55:00,8786.946269663016,0,33
2016-09-26,8779.2,8780.1,8775.65,8776.8,12:00:00,8786.20852969511,0,34
2016-09-26,8776.15,8780.55,8776.15,8779.5,12:05:00,8785.250574486052,0,35
2016-09-26,8770.8,8775.5,8768.5,8775.5,12:10:00,8783.874329296903,0,36
2016-09-26,8773.15,8773.9,8768.9,8771.1,12:15:00,8782.85296460196,0,37
2016-09-26,8772.45,8774.0,8770.55,8773.35,12:20:00,8781.86220606844,0,38
2016-09-26,8774.05,8776.0,8772.1,8772.7,12:25:00,8781.118186442873,0,39
2016-09-26,8770.0,8774.4,8769.45,8774.0,12:30:00,8780.059311543551,0,40
2016-09-26,8767.9,8770.0,8767.75,8769.65,12:35:00,8778.901281872737,0,41
2016-09-26,8772.3,8772.5,8767.3,8767.5,12:40:00,8778.272588361047,0,42
2016-09-26,8772.05,8773.15,8770.75,8771.65,12:45:00,8777.679960898091,0,43
2016-09-26,8767.55,8772.85,8766.7,8772.5,12:50:00,8776.715202717322,0,44
2016-09-26,8758.4,8767.2,8757.45,8766.45,12:55:00,8774.970897696625,0,45
2016-09-26,8760.9,8761.8,8756.65,8758.5,13:00:00,8773.630812201707,0,46
2016-09-26,8757.05,8761.35,8757.05,8760.85,13:05:00,8772.051687230116,0,47
2016-09-26,8751.25,8756.85,8748.4,8756.85,13:10:00,8770.070574160582,0,48
2016-09-26,8743.65,8752.85,8742.85,8751.1,13:15:00,8767.55432900243,0,49
2016-09-26,8738.25,8744.15,8737.9,8743.05,13:20:00,8764.763440526009,0,50
2016-09-26,8739.95,8741.3,8735.8,8739.1,13:25:00,8762.400255714008,0,51
2016-09-26,8733.5,8744.65,8732.7,8739.45,13:30:00,8759.647850407913,0,52
2016-09-26,8731.7,8735.35,8730.35,8733.45,13:35:00,8756.986150369064,0,53
2016-09-26,8727.3,8736.45,8727.3,8732.1,13:40:00,8754.158897952962,0,54
2016-09-26,8726.15,8728.9,8724.4,8727.4,13:45:00,8751.491383862203,0,55
2016-09-26,8725.55,8728.5,8723.35,8725.05,13:50:00,8749.020775875328,0,56
2016-09-26,8728.35,8732.6,8723.75,8725.25,13:55:00,8747.052130553868,0,57
2016-09-26,8727.15,8729.2,8726.1,8728.5,14:00:00,8745.156689548738,0,58
2016-09-26,8729.9,8730.4,8724.4,8727.65,14:05:00,8743.703671496476,0,59
2016-09-26,8735.3,8740.65,8729.05,8730.25,14:10:00,8742.903321830145,0,60
2016-09-26,8735.65,8738.05,8732.85,8734.8,14:15:00,8742.212529274893,0,61
2016-09-26,8735.0,8739.95,8733.5,8735.05,14:20:00,8741.525621724904,0,62
2016-09-26,8735.0,8739.5,8733.25,8734.9,14:25:00,8740.90413394158,0,63
2016-09-26,8733.3,8738.65,8732.3,8735.3,14:30:00,8740.179930709048,0,64
2016-09-26,8724.2,8735.55,8720.45,8732.85,14:35:00,8738.658032546282,0,65
2016-09-26,8726.25,8733.3,8723.15,8723.15,14:40:00,8737.476315160922,0,66
2016-09-26,8726.4,8730.3,8724.85,8726.55,14:45:00,8736.421428002739,0,67
2016-09-26,8737.65,8740.05,8725.2,8726.5,14:50:00,8736.538434859622,0,68
2016-09-26,8743.0,8743.4,8733.9,8738.15,14:55:00,8737.153822015847,0,69
2016-09-26,8729.45,8743.1,8727.35,8742.8,15:00:00,8736.420124681004,0,70
2016-09-26,8721.45,8729.4,8721.45,8729.25,15:05:00,8734.994398520908,0,71
2016-09-26,8721.1,8721.75,8715.1,8721.55,15:10:00,8733.671122471298,0,72
2016-09-26,8725.15,8725.65,8717.65,8720.8,15:15:00,8732.859586997842,0,73
2016-09-26,8719.65,8725.65,8719.5,8725.1,15:20:00,8731.601531093285,0,74
2016-09-26,8722.3,8723.5,8717.05,8720.1,15:25:00,8730.715670989162,0,75
2016-09-27,8754.75,8768.5,8748.35,8748.35,09:15:00,8733.00465470448,1,1
2016-09-27,8758.9,8759.1,8750.85,8754.5,09:20:00,8735.470878065958,1,2
2016-09-27,8748.85,8759.55,8742.25,8758.6,09:25:00,8736.745080154915,1,3
2016-09-27,8750.45,8752.1,8744.1,8749.25,09:30:00,8738.050310616352,1,4
2016-09-27,8750.95,8756.0,8750.75,8750.85,09:35:00,8739.278852462414,1,5
2016-09-27,8753.65,8755.3,8748.8,8751.1,09:40:00,8740.64753318028,1,6
2016-09-27,8752.4,8756.45,8750.8,8753.35,09:45:00,8741.766815734538,1,7
2016-09-27,8757.9,8758.05,8750.1,8752.2,09:50:00,8743.303309474106,1,8
2016-09-27,8754.65,8758.5,8753.45,8758.05,09:55:00,8744.383946667049,1,9
2016-09-27,8748.9,8755.8,8748.5,8754.7,10:00:00,8744.814046984473,1,10
2016-09-27,8747.65,8749.4,8745.2,8749.2,10:05:00,8745.084137747855,1,11
2016-09-27,8741.05,8748.55,8738.85,8747.2,10:10:00,8744.69993415282,1,12
2016-09-27,8740.9,8744.9,8740.55,8740.8,10:15:00,8744.338035662076,1,13
2016-09-27,8738.25,8741.15,8736.9,8741.0,10:20:00,8743.758222741879,1,14
2016-09-27,8737.95,8738.55,8733.45,8738.45,10:25:00,8743.205058671225,1,15
2016-09-27,8737.15,8739.1,8734.6,8737.65,10:30:00,8742.628386416822,1,16
2016-09-27,8744.15,8744.5,8736.0,8736.6,10:35:00,8742.773301996172,1,17
2016-09-27,8745.6,8747.7,8741.85,8744.0,10:40:00,8743.04251132987,1,18
2016-09-27,8749.1,8749.7,8745.35,8745.5,10:45:00,8743.61941501274,1,19
2016-09-27,8742.75,8749.35,8742.75,8749.0,10:50:00,8743.536613582955,1,20
2016-09-27,8740.55,8743.25,8738.5,8742.95,10:55:00,8743.252174194102,1,21
2016-09-27,8742.55,8744.65,8740.35,8740.35,11:00:00,8743.18530046133,1,22
2016-09-27,8740.05,8743.3,8739.9,8742.85,11:05:00,8742.886700417394,1,23
2016-09-27,8736.0,8740.45,8735.05,8740.3,11:10:00,8742.230824187165,1,24
2016-09-27,8742.3,8743.1,8735.7,8736.1,11:15:00,8742.237412359817,1,25
2016-09-27,8746.55,8747.0,8742.35,8742.35,11:20:00,8742.648134992214,1,26
2016-09-27,8752.1,8753.45,8744.05,8746.4,11:25:00,8743.548312612003,1,27
2016-09-27,8749.9,8757.35,8749.4,8752.35,11:30:00,8744.153235220385,1,28
2016-09-27,8751.3,8752.0,8748.05,8750.05,11:35:00,8744.83387948511,1,29
2016-09-27,8752.8,8755.6,8751.15,8751.25,11:40:00,8745.592557629385,1,30
2016-09-27,8758.3,8758.5,8752.7,8752.7,11:45:00,8746.80279023611,1,31
2016-09-27,8749.8,8760.85,8749.15,8758.35,11:50:00,8747.08823878505,1,32
2016-09-27,8751.4,8752.4,8745.6,8750.15,11:55:00,8747.498882710284,1,33
2016-09-27,8750.15,8752.85,8748.55,8751.2,12:00:00,8747.75137007121,1,34
2016-09-27,8754.2,8756.4,8749.75,8749.75,12:05:00,8748.365525302523,1,35
2016-09-27,8754.95,8757.65,8754.3,8754.4,12:10:00,8748.992618130853,1,36
2016-09-27,8751.6,8755.75,8751.5,8755.0,12:15:00,8749.240940213629,1,37
2016-09-27,8751.75,8752.95,8750.85,8751.8,12:20:00,8749.479898288522,1,38
2016-09-27,8755.35,8756.35,8751.65,8751.85,12:25:00,8750.038955594377,1,39
2016-09-27,8755.55,8756.2,8751.65,8755.25,12:30:00,8750.56381696634,1,40
2016-09-27,8753.0,8755.75,8750.55,8755.5,12:35:00,8750.795834398117,1,41
2016-09-27,8749.75,8753.4,8749.75,8753.05,12:40:00,8750.696231122105,1,42
2016-09-27,8752.0,8752.25,8748.25,8749.8,12:45:00,8750.820399586666,1,43
2016-09-27,8745.85,8753.5,8745.75,8751.95,12:50:00,8750.347028197459,1,44
2016-09-27,8736.0,8748.55,8735.45,8746.2,12:55:00,8748.980644559606,1,45
2016-09-27,8738.45,8739.45,8732.35,8735.95,13:00:00,8747.97772603012,1,46
2016-09-27,8736.0,8742.7,8736.0,8738.6,13:05:00,8746.836990217727,1,47
2016-09-27,8735.25,8738.4,8730.35,8736.1,13:10:00,8745.733467339849,1,48
2016-09-27,8739.2,8740.15,8733.3,8735.5,13:15:00,8745.1112323551,1,49
2016-09-27,8741.0,8742.6,8739.1,8739.4,13:20:00,8744.71968641652,1,50
2016-09-27,8733.55,8741.4,8733.4,8741.3,13:25:00,8743.655906757804,1,51
2016-09-27,8729.85,8735.45,8726.05,8733.3,13:30:00,8742.341058495156,1,52
2016-09-27,8733.05,8734.6,8729.8,8729.8,13:35:00,8741.456195781331,1,53
2016-09-27,8730.85,8733.9,8728.75,8732.95,13:40:00,8740.446081897395,1,54
2016-09-27,8731.15,8731.8,8728.7,8730.9,13:45:00,8739.56074076431,1,55
2016-09-27,8732.75,8735.15,8730.35,8731.05,13:50:00,8738.912098786757,1,56
2016-09-27,8736.05,8740.2,8733.05,8733.35,13:55:00,8738.639517949923,1,57
2016-09-27,8734.55,8739.15,8734.1,8735.95,14:00:00,8738.25004004993,1,58
2016-09-27,8730.6,8736.45,8730.25,8734.65,14:05:00,8737.52146480708,1,59
2016-09-27,8734.0,8735.55,8730.2,8730.2,14:10:00,8737.186087206404,1,60
2016-09-27,8736.8,8737.3,8732.85,8733.8,14:15:00,8737.14931699627,1,61
2016-09-27,8730.2,8740.45,8729.95,8737.95,14:20:00,8736.48747728234,1,62
2016-09-27,8719.35,8732.3,8718.9,8730.35,14:25:00,8734.855336588784,1,63
2016-09-27,8706.85,8720.55,8703.7,8719.25,14:30:00,8732.188161675565,1,64
2016-09-27,8705.55,8712.4,8702.4,8706.05,14:35:00,8729.65119389694,1,65
2016-09-27,8699.5,8707.1,8693.05,8705.75,14:40:00,8726.77965162104,1,66
2016-09-27,8698.55,8704.3,8696.5,8699.6,14:45:00,8724.091113371416,1,67
2016-09-27,8694.7,8698.25,8692.15,8698.2,14:50:00,8721.291959716997,1,68
2016-09-27,8691.75,8696.55,8690.75,8694.65,14:55:00,8718.478439743949,1,69
2016-09-27,8701.8,8702.4,8690.5,8692.1,15:00:00,8716.890016911191,1,70
2016-09-27,8701.05,8702.3,8695.3,8701.45,15:05:00,8715.38144387203,1,71
2016-09-27,8703.2,8703.95,8699.6,8701.15,15:10:00,8714.221306360407,1,72
2016-09-27,8712.15,8712.8,8703.1,8703.3,15:15:00,8714.024039087986,1,73
2016-09-27,8713.5,8718.05,8711.4,8712.25,15:20:00,8713.974130603416,1,74
2016-09-27,8720.75,8722.8,8713.65,8713.8,15:25:00,8714.619451498329,1,75
2016-09-28,8712.85,8728.0,8707.6,8711.0,09:15:00,8714.450932308011,2,1
2016-09-28,8710.15,8712.85,8703.15,8712.55,09:20:00,8714.041319707248,2,2
2016-09-28,8713.6,8718.35,8711.2,8711.2,09:25:00,8713.999289258938,2,3
2016-09-28,8709.2,8714.55,8709.2,8713.35,09:30:00,8713.54221409142,2,4
2016-09-28,8714.25,8716.15,8707.35,8709.1,09:35:00,8713.609622273189,2,5
2016-09-28,8717.3,8717.3,8710.4,8714.4,09:40:00,8713.9610868186,2,6
2016-09-28,8722.5,8726.55,8717.4,8717.7,09:45:00,8714.7743166454,2,7
2016-09-28,8718.25,8722.45,8717.55,8722.45,09:50:00,8715.105334107742,2,8
2016-09-28,8721.55,8722.6,8716.65,8717.9,09:55:00,8715.719111811766,2,9
2016-09-28,8726.2,8726.85,8721.05,8721.45,10:00:00,8716.717291639217,2,10
2016-09-28,8728.75,8730.4,8725.55,8726.0,10:05:00,8717.863263864054,2,11
2016-09-28,8725.3,8729.05,8724.55,8728.8,10:10:00,8718.571524448429,2,12
2016-09-28,8723.3,8726.85,8722.65,8725.4,10:15:00,8719.02185545334,2,13
2016-09-28,8723.05,8725.75,8722.65,8722.95,10:20:00,8719.405488267308,2,14
2016-09-28,8722.8,8723.5,8720.75,8722.9,10:25:00,8719.728775098993,2,15
2016-09-28,8717.85,8722.8,8717.2,8722.6,10:30:00,8719.549844137184,2,16
2016-09-28,8713.6,8718.1,8713.45,8717.75,10:35:00,8718.983192314594,2,17
2016-09-28,8716.05,8716.7,8712.1,8713.4,10:40:00,8718.703840665585,2,18
2016-09-28,8711.0,8715.95,8710.45,8715.65,10:45:00,8717.970141554577,2,19
2016-09-28,8711.8,8713.0,8707.85,8710.95,10:50:00,8717.38250902557,2,20
2016-09-28,8706.95,8712.35,8706.55,8711.6,10:55:00,8716.388936737421,2,21
2016-09-28,8712.85,8713.1,8706.65,8707.0,11:00:00,8716.05189514338,2,22
2016-09-28,8715.25,8716.5,8712.9,8712.95,11:05:00,8715.975524177344,2,23
2016-09-28,8716.95,8717.6,8713.75,8715.3,11:10:00,8716.06833139855,2,24
2016-09-28,8720.4,8720.75,8716.35,8716.75,11:15:00,8716.480871265356,2,25
2016-09-28,8719.4,8723.3,8719.2,8720.15,11:20:00,8716.758883525798,2,26
2016-09-28,8716.65,8720.3,8715.05,8719.9,11:25:00,8716.748513666198,2,27
2016-09-28,8714.6,8718.95,8714.6,8716.8,11:30:00,8716.543893317037,2,28
2016-09-28,8720.45,8720.9,8714.45,8714.55,11:35:00,8716.91590347732,2,29
2016-09-28,8721.25,8723.4,8719.75,8720.7,11:40:00,8717.32867457472,2,30
2016-09-28,8719.05,8721.3,8717.75,8721.15,11:45:00,8717.492610329507,2,31
2016-09-28,8719.65,8720.45,8718.4,8719.35,11:50:00,8717.698076012412,2,32
2016-09-28,8719.25,8720.1,8716.55,8719.55,11:55:00,8717.845878296945,2,33
2016-09-28,8721.55,8722.0,8718.25,8719.35,12:00:00,8718.198651792472,2,34
2016-09-28,8723.95,8725.75,8721.45,8721.6,12:05:00,8718.746399240808,2,35
2016-09-28,8723.25,8724.45,8721.3,8723.65,12:10:00,8719.175313598827,2,36
2016-09-28,8722.6,8725.05,8721.15,8723.2,12:15:00,8719.501474208462,2,37
2016-09-28,8725.85,8726.75,8722.4,8722.55,12:20:00,8720.10609571242,2,38
2016-09-28,8724.9,8726.0,8723.75,8725.75,12:25:00,8720.562658025523,2,39
2016-09-28,8737.35,8737.9,8725.0,8725.05,12:30:00,8722.161452499284,2,40
2016-09-28,8745.3,8745.95,8737.45,8737.65,12:35:00,8724.365123689828,2,41
2016-09-28,8743.7,8746.5,8740.6,8745.9,12:40:00,8726.206540481273,2,42
2016-09-28,8740.35,8746.55,8740.35,8743.45,12:45:00,8727.553536625914,2,43
2016-09-28,8735.1,8741.25,8732.75,8739.5,12:50:00,8728.272247423445,2,44
2016-09-28,8739.4,8739.85,8734.6,8735.0,12:55:00,8729.332033383118,2,45
2016-09-28,8738.4,8741.3,8737.4,8739.5,13:00:00,8730.195649251393,2,46
2016-09-28,8737.9,8740.45,8735.1,8738.35,13:05:00,8730.929396941736,2,47
2016-09-28,8735.5,8740.85,8735.3,8737.5,13:10:00,8731.364692471094,2,48
2016-09-28,8735.25,8737.3,8734.75,8735.45,13:15:00,8731.734721759562,2,49
2016-09-28,8731.9,8735.55,8730.0,8735.2,13:20:00,8731.750462544365,2,50
2016-09-28,8735.3,8735.4,8729.6,8731.8,13:25:00,8732.088513730616,2,51
2016-09-28,8737.65,8739.0,8735.2,8735.2,13:30:00,8732.618179089604,2,52
2016-09-28,8739.5,8739.55,8736.6,8737.8,13:35:00,8733.27359060488,2,53
2016-09-28,8742.65,8744.6,8739.15,8739.2,13:40:00,8734.166581975844,2,54
2016-09-28,8741.55,8745.8,8741.55,8742.7,13:45:00,8734.86976464481,2,55
2016-09-28,8744.4,8745.25,8741.3,8741.7,13:50:00,8735.77740610721,2,56
2016-09-28,8752.05,8754.25,8743.6,8744.0,13:55:00,8737.327176954142,2,57
2016-09-28,8751.75,8755.8,8751.2,8752.2,14:00:00,8738.700779148985,2,58
2016-09-28,8746.15,8754.65,8746.0,8752.95,14:05:00,8739.410228753844,2,59
2016-09-28,8749.9,8751.9,8745.55,8745.85,14:10:00,8740.409254586812,2,60
2016-09-28,8753.25,8754.8,8750.0,8750.0,14:15:00,8741.632182721401,2,61
2016-09-28,8753.35,8758.65,8753.15,8753.15,14:20:00,8742.748165319363,2,62
2016-09-28,8753.85,8756.75,8753.4,8753.4,14:25:00,8743.805482907996,2,63
2016-09-28,8764.15,8765.35,8753.95,8753.95,14:30:00,8745.743055964376,2,64
2016-09-28,8761.45,8767.05,8761.45,8764.05,14:35:00,8747.23895539634,2,65
2016-09-28,8753.95,8763.15,8753.7,8763.15,14:40:00,8747.87810250145,2,66
2016-09-28,8748.3,8756.65,8746.75,8754.3,14:45:00,8747.918283215598,2,67
2016-09-28,8743.35,8750.25,8740.0,8748.1,14:50:00,8747.483208623637,2,68
2016-09-28,8741.0,8743.55,8738.05,8743.4,14:55:00,8746.86576018329,2,69
2016-09-28,8746.05,8746.3,8738.15,8740.0,15:00:00,8746.788068737262,2,70
2016-09-28,8743.25,8745.85,8741.15,8745.45,15:05:00,8746.451109809903,2,71
2016-09-28,8743.45,8746.05,8741.35,8743.3,15:10:00,8746.165289828008,2,72
2016-09-28,8748.6,8751.25,8743.1,8743.4,15:15:00,8746.397166987246,2,73
2016-09-28,8748.25,8751.2,8747.3,8748.8,15:20:00,8746.573627274174,2,74
2016-09-28,8745.15,8751.9,8736.85,8748.45,15:25:00,8746.438043724253,2,75
2016-09-29,8793.05,8800.65,8787.45,8790.15,09:15:00,8750.877277655276,3,1
2016-09-29,8788.95,8795.6,8788.0,8792.85,09:20:00,8754.503251211916,3,2
2016-09-29,8790.75,8791.7,8785.4,8788.45,09:25:00,8757.955322525067,3,3
2016-09-29,8786.75,8793.6,8786.2,8790.9,09:30:00,8760.697672760776,3,4
2016-09-29,8786.45,8791.35,8784.5,8787.1,09:35:00,8763.150275354988,3,5
2016-09-29,8790.15,8794.2,8786.4,8786.4,09:40:00,8765.721677702133,3,6
2016-09-29,8791.6,8793.25,8788.8,8789.0,09:45:00,8768.186279825739,3,7
2016-09-29,8790.25,8793.0,8789.3,8791.65,09:50:00,8770.287586509,3,8
2016-09-29,8781.45,8790.15,8778.95,8789.95,09:55:00,8771.350673508145,3,9
2016-09-29,8783.5,8784.05,8778.75,8781.3,10:00:00,8772.507752221654,3,10
2016-09-29,8776.95,8785.3,8776.6,8783.65,10:05:00,8772.930823438639,3,11
2016-09-29,8774.15,8776.8,8770.75,8776.55,10:10:00,8773.0469354921,3,12
2016-09-29,8777.25,8778.5,8772.7,8774.5,10:15:00,8773.447227349996,3,13
2016-09-29,8777.6,8780.25,8776.05,8777.45,10:20:00,8773.84272950714,3,14
2016-09-29,8774.0,8778.0,8772.95,8777.2,10:25:00,8773.857707649317,3,15
2016-09-29,8776.85,8778.85,8773.85,8774.15,10:30:00,8774.14268787319,3,16
2016-09-29,8778.25,8780.3,8776.3,8776.35,10:35:00,8774.533860456697,3,17
2016-09-29,8777.1,8778.0,8774.5,8778.0,10:40:00,8774.778254698916,3,18
2016-09-29,8774.45,8777.85,8773.6,8776.75,10:45:00,8774.746992346638,3,19
2016-09-29,8773.45,8775.15,8771.4,8774.5,10:50:00,8774.623469266005,3,20
2016-09-29,8770.65,8774.3,8770.2,8773.6,10:55:00,8774.245043621624,3,21
2016-09-29,8767.8,8771.15,8765.4,8770.6,11:00:00,8773.631229943374,3,22
2016-09-29,8772.75,8773.0,8767.45,8767.7,11:05:00,8773.5473032821,3,23
2016-09-29,8774.35,8774.9,8772.15,8772.65,11:10:00,8773.623750588566,3,24
2016-09-29,8771.85,8774.55,8771.35,8774.55,11:15:00,8773.454821961082,3,25
2016-09-29,8763.85,8771.75,8763.15,8771.55,11:20:00,8772.540077012409,3,26
2016-09-29,8763.35,8764.05,8759.2,8763.65,11:25:00,8771.664831582655,3,27
2016-09-29,8767.4,8767.9,8763.4,8763.85,11:30:00,8771.25865714621,3,28
2016-09-29,8767.8,8769.8,8766.55,8767.6,11:35:00,8770.929261227524,3,29
2016-09-29,8771.25,8771.6,8767.15,8767.5,11:40:00,8770.959807777283,3,30
2016-09-29,8773.65,8775.75,8770.25,8771.3,11:45:00,8771.216016560398,3,31
2016-09-29,8772.7,8774.4,8770.75,8773.5,11:50:00,8771.357348316551,3,32
2016-09-29,8771.6,8773.2,8769.35,8773.2,11:55:00,8771.380458000689,3,33
2016-09-29,8772.5,8774.75,8770.9,8771.5,12:00:00,8771.487081048243,3,34
2016-09-29,8768.0,8772.95,8766.0,8772.55,12:05:00,8771.154978091266,3,35
2016-09-29,8760.0,8768.45,8759.7,8768.45,12:10:00,8770.092599225432,3,36
2016-09-29,8738.6,8759.5,8738.45,8759.5,12:15:00,8767.093304061105,3,37
2016-09-29,8709.2,8745.3,8709.2,8738.35,12:20:00,8761.579656055286,3,38
2016-09-29,8677.25,8716.9,8677.25,8709.15,12:25:00,8753.548260240497,3,39
2016-09-29,8615.3,8677.1,8615.3,8676.85,12:30:00,8740.381759265212,3,40
2016-09-29,8656.45,8662.25,8575.25,8615.15,12:35:00,8732.38825838281,3,41
2016-09-29,8600.8,8656.5,8597.4,8655.55,12:40:00,8719.856043298732,3,42
2016-09-29,8590.9,8601.9,8558.25,8601.9,12:45:00,8707.574515365519,3,43
2016-09-29,8606.55,8626.25,8591.0,8591.0,12:50:00,8697.953132949755,3,44
2016-09-29,8606.15,8620.9,8593.35,8605.8,12:55:00,8689.209977430732,3,45
2016-09-29,8635.15,8639.3,8606.35,8606.35,13:00:00,8684.061408151614,3,46
2016-09-29,8626.0,8650.7,8626.0,8634.95,13:05:00,8678.531750232412,3,47
2016-09-29,8617.75,8640.15,8612.2,8626.3,13:10:00,8672.74301211504,3,48
2016-09-29,8619.0,8627.4,8611.6,8618.55,13:15:00,8667.624630008844,3,49
2016-09-29,8637.3,8638.5,8616.4,8618.9,13:20:00,8664.736570008003,3,50
2016-09-29,8653.2,8658.95,8634.8,8635.65,13:25:00,8663.63784905486,3,51
2016-09-29,8662.45,8670.25,8649.2,8653.25,13:30:00,8663.524720573445,3,52
2016-09-29,8655.75,8663.6,8654.5,8662.85,13:35:00,8662.784270995022,3,53
2016-09-29,8653.0,8655.8,8637.25,8655.6,13:40:00,8661.852435662162,3,54
2016-09-29,8652.7,8659.35,8642.6,8652.9,13:45:00,8660.98077512291,3,55
2016-09-29,8646.5,8654.85,8643.45,8652.3,13:50:00,8659.601653682632,3,56
2016-09-29,8625.6,8648.1,8625.6,8646.7,13:55:00,8656.363400950953,3,57
2016-09-29,8630.05,8637.7,8622.5,8625.15,14:00:00,8653.857362765148,3,58
2016-09-29,8614.0,8630.6,8612.65,8630.6,14:05:00,8650.06142345418,3,59
2016-09-29,8613.15,8623.55,8605.35,8614.7,14:10:00,8646.546049791878,3,60
2016-09-29,8611.5,8620.85,8610.15,8614.25,14:15:00,8643.20833076408,3,61
2016-09-29,8591.8,8616.2,8588.55,8610.95,14:20:00,8638.31229926274,3,62
2016-09-29,8573.25,8593.2,8570.0,8592.6,14:25:00,8632.115889809145,3,63
2016-09-29,8575.0,8583.15,8570.05,8573.3,14:30:00,8626.676281255894,3,64
2016-09-29,8592.65,8593.8,8568.15,8574.7,14:35:00,8623.435683041047,3,65
2016-09-29,8595.0,8610.15,8591.0,8594.3,14:40:00,8620.727522751424,3,66
2016-09-29,8594.9,8601.65,8586.4,8594.7,14:45:00,8618.26775867986,3,67
2016-09-29,8587.05,8601.75,8587.05,8595.1,14:50:00,8615.294638805588,3,68
2016-09-29,8595.8,8598.5,8587.35,8587.35,14:55:00,8613.438006538388,3,69
2016-09-29,8582.5,8601.2,8577.7,8595.75,15:00:00,8610.491529725208,3,70
2016-09-29,8583.4,8589.85,8578.55,8583.05,15:05:00,8607.911384037094,3,71
2016-09-29,8587.25,8592.9,8583.55,8583.7,15:10:00,8605.94363317642,3,72
2016-09-29,8592.3,8595.55,8586.35,8587.3,15:15:00,8604.644239540568,3,73
2016-09-29,8590.55,8597.25,8590.25,8592.25,15:20:00,8603.301931012895,3,74
2016-09-29,8615.65,8630.75,8589.95,8590.35,15:25:00,8604.477937583095,3,75
2016-09-30,8589.7,8611.85,8576.8,8579.0,09:15:00,8603.070514956135,4,1
2016-09-30,8571.95,8589.25,8555.2,8589.25,09:20:00,8600.106656388883,4,2
2016-09-30,8582.45,8595.1,8568.6,8571.65,09:25:00,8598.425070066132,4,3
2016-09-30,8589.0,8590.15,8576.85,8581.95,09:30:00,8597.52744434555,4,4
2016-09-30,8603.0,8608.15,8588.75,8588.75,09:35:00,8598.048640122164,4,5
2016-09-30,8610.5,8610.75,8597.65,8602.75,09:40:00,8599.234483920052,4,6
2016-09-30,8611.5,8617.65,8606.95,8611.0,09:45:00,8600.402628308619,4,7
2016-09-30,8594.05,8614.2,8593.1,8611.2,09:50:00,8599.79761608875,4,8
2016-09-30,8591.25,8598.55,8589.35,8594.35,09:55:00,8598.98355741363,4,9
2016-09-30,8583.65,8591.1,8577.8,8591.1,10:00:00,8597.523218612332,4,10
2016-09-30,8595.7,8600.1,8583.75,8583.75,10:05:00,8597.349578744492,4,11
2016-09-30,8588.75,8595.5,8588.65,8595.5,10:10:00,8596.530571245015,4,12
2016-09-30,8593.7,8593.7,8580.25,8589.0,10:15:00,8596.260993031205,4,13
2016-09-30,8597.35,8598.6,8585.65,8593.4,10:20:00,8596.364707980614,4,14
2016-09-30,8607.3,8608.1,8597.2,8597.2,10:25:00,8597.406164363412,4,15
2016-09-30,8605.2,8611.4,8604.9,8608.15,10:30:00,8598.14843442404,4,16
2016-09-30,8608.15,8613.45,8604.9,8605.05,10:35:00,8599.100964478894,4,17
2016-09-30,8602.9,8610.75,8602.9,8608.2,10:40:00,8599.462777385666,4,18
2016-09-30,8585.2,8602.85,8584.7,8602.85,10:45:00,8598.104417634651,4,19
2016-09-30,8594.85,8596.15,8585.2,8585.35,10:50:00,8597.794473098018,4,20
2016-09-30,8595.95,8597.5,8591.95,8594.75,10:55:00,8597.618808993444,4,21
2016-09-30,8598.5,8598.85,8592.7,8595.85,11:00:00,8597.702731946449,4,22
2016-09-30,8594.95,8598.55,8592.3,8598.1,11:05:00,8597.440566999168,4,23
2016-09-30,8590.6,8597.9,8589.7,8594.8,11:10:00,8596.789084427819,4,24
2016-09-30,8592.15,8592.55,8587.1,8590.4,11:15:00,8596.347266863264,4,25
2016-09-30,8589.8,8591.95,8586.7,8591.9,11:20:00,8595.723717638191,4,26
2016-09-30,8586.1,8590.05,8583.9,8590.05,11:25:00,8594.80717310122,4,27
2016-09-30,8584.3,8586.45,8582.4,8586.25,11:30:00,8593.806489948724,4,28
2016-09-30,8587.8,8589.2,8578.1,8583.9,11:35:00,8593.23444328694,4,29
2016-09-30,8582.9,8588.3,8582.25,8587.0,11:40:00,8592.250210592945,4,30
2016-09-30,8591.3,8591.9,8581.45,8582.15,11:45:00,8592.159714345999,4,31
2016-09-30,8588.85,8592.95,8588.0,8590.4,11:50:00,8591.844503455903,4,32
2016-09-30,8584.3,8589.7,8583.85,8587.6,11:55:00,8591.125979317245,4,33
2016-09-30,8583.45,8587.1,8582.85,8583.35,12:00:00,8590.394933667983,4,34
2016-09-30,8576.1,8585.0,8575.8,8583.15,12:05:00,8589.03351141389,4,35
2016-09-30,8569.9,8576.3,8567.2,8576.3,12:10:00,8587.211272231614,4,36
2016-09-30,8580.35,8581.5,8568.95,8569.4,12:15:00,8586.557817733365,4,37
2016-09-30,8572.75,8581.25,8572.65,8580.65,12:20:00,8585.242787473044,4,38
2016-09-30,8570.45,8574.95,8567.6,8572.95,12:25:00,8583.833950570848,4,39
2016-09-30,8576.9,8581.4,8568.35,8571.1,12:30:00,8583.173574326005,4,40
2016-09-30,8583.55,8590.25,8575.9,8575.9,12:35:00,8583.209424390196,4,41
2016-09-30,8579.3,8584.0,8578.85,8583.2,12:40:00,8582.837098257796,4,42
2016-09-30,8575.85,8582.5,8574.3,8579.6,12:45:00,8582.171660328482,4,43
2016-09-30,8567.85,8575.95,8564.95,8575.95,12:50:00,8580.80769267815,4,44
2016-09-30,8582.25,8584.15,8567.3,8567.3,12:55:00,8580.945055280232,4,45
2016-09-30,8581.15,8585.2,8578.4,8582.15,13:00:00,8580.964573824971,4,46
2016-09-30,8578.95,8582.1,8576.4,8581.4,13:05:00,8580.772709651164,4,47
2016-09-30,8588.75,8588.75,8577.65,8578.7,13:10:00,8581.532451589148,4,48
2016-09-30,8589.35,8593.6,8587.75,8588.65,13:15:00,8582.276980009228,4,49
2016-09-30,8582.65,8591.4,8582.65,8589.1,13:20:00,8582.312505722635,4,50
2016-09-30,8585.1,8585.25,8579.4,8582.5,13:25:00,8582.577981368098,4,51
2016-09-30,8580.9,8585.65,8577.85,8585.6,13:30:00,8582.418173618755,4,52
2016-09-30,8588.45,8590.0,8580.85,8580.95,13:35:00,8582.992633274112,4,53
2016-09-30,8585.0,8590.0,8584.7,8588.5,13:40:00,8583.18381105753,4,54
2016-09-30,8589.7,8589.7,8585.1,8585.1,13:45:00,8583.804400480623,4,55
2016-09-30,8600.8,8601.5,8588.95,8589.55,13:50:00,8585.423029006279,4,56
2016-09-30,8596.25,8604.55,8595.7,8600.95,13:55:00,8586.454169100918,4,57
2016-09-30,8595.2,8599.4,8593.2,8596.45,14:00:00,8587.287105377021,4,58
2016-09-30,8600.6,8603.0,8593.25,8595.5,14:05:00,8588.555000103019,4,59
2016-09-30,8599.35,8602.25,8594.5,8601.6,14:10:00,8589.583095331302,4,60
2016-09-30,8614.95,8616.1,8599.6,8599.6,14:15:00,8591.998991014034,4,61
2016-09-30,8621.45,8624.35,8615.05,8616.45,14:20:00,8594.803849012698,4,62
2016-09-30,8621.85,8622.55,8615.7,8621.5,14:25:00,8597.37967291625,4,63
2016-09-30,8634.65,8634.65,8620.7,8622.3,14:30:00,8600.929227876606,4,64
2016-09-30,8620.95,8637.15,8618.4,8633.9,14:35:00,8602.835968078834,4,65
2016-09-30,8622.35,8630.05,8620.35,8620.75,14:40:00,8604.69444730942,4,66
2016-09-30,8616.1,8624.35,8611.55,8622.9,14:45:00,8605.78069042281,4,67
2016-09-30,8613.8,8618.4,8612.2,8615.9,14:50:00,8606.544434192065,4,68
2016-09-30,8618.05,8619.05,8611.0,8613.45,14:55:00,8607.64020236425,4,69
2016-09-30,8603.55,8617.85,8602.5,8617.85,15:00:00,8607.25065928194,4,70
2016-09-30,8603.3,8603.95,8594.95,8603.45,15:05:00,8606.874406016994,4,71
2016-09-30,8607.65,8608.05,8601.45,8603.4,15:10:00,8606.948272110614,4,72
2016-09-30,8612.7,8615.35,8606.55,8607.35,15:15:00,8607.496055719128,4,73
2016-09-30,8617.75,8618.4,8612.5,8612.75,15:20:00,8608.472621841116,4,74
2016-09-30,8620.95,8622.75,8615.3,8618.0,15:25:00,8609.660943570534,4,75
2016-10-04,8756.3,8769.5,8753.6,8769.5,09:15:00,8623.626567992387,1,1
2016-10-04,8776.45,8778.3,8751.6,8755.8,09:20:00,8638.181180564541,1,2
2016-10-04,8774.3,8777.05,8770.35,8776.65,09:25:00,8651.144877653633,1,3
2016-10-04,8772.8,8777.1,8768.9,8774.45,09:30:00,8662.731079781857,1,4
2016-10-04,8771.0,8773.65,8767.15,8772.7,09:35:00,8673.042405516919,1,5
2016-10-04,8767.55,8772.9,8762.3,8771.25,09:40:00,8682.043128801022,1,6
2016-10-04,8763.55,8768.6,8763.1,8767.25,09:45:00,8689.80568796283,1,7
2016-10-04,8761.35,8763.65,8756.3,8763.4,09:50:00,8696.61943196637,1,8
2016-10-04,8761.8,8764.8,8759.3,8761.1,09:55:00,8702.82710511243,1,9
2016-10-04,8765.55,8770.0,8761.0,8761.75,10:00:00,8708.800714149342,1,10
2016-10-04,8762.1,8765.7,8759.65,8765.6,10:05:00,8713.876836611309,1,11
2016-10-04,8756.55,8763.2,8753.5,8762.2,10:10:00,8717.940947410232,1,12
2016-10-04,8756.4,8757.95,8754.25,8756.75,10:15:00,8721.603714323544,1,13
2016-10-04,8758.25,8761.5,8756.45,8756.55,10:20:00,8725.093836768921,1,14
2016-10-04,8754.1,8761.75,8754.0,8758.15,10:25:00,8727.856328505215,1,15
2016-10-04,8750.6,8755.95,8748.45,8754.3,10:30:00,8730.0223924571,1,16
2016-10-04,8756.35,8756.5,8749.85,8750.65,10:35:00,8732.529783651662,1,17
2016-10-04,8756.9,8756.95,8752.2,8756.6,10:40:00,8734.850756637217,1,18
2016-10-04,8756.4,8757.1,8754.4,8757.1,10:45:00,8736.90306552891,1,19
2016-10-04,8758.05,8758.5,8753.95,8756.25,10:50:00,8738.917059288062,1,20
2016-10-04,8757.7,8760.8,8755.5,8758.45,10:55:00,8740.705910784438,1,21
2016-10-04,8759.75,8761.1,8757.15,8757.85,11:00:00,8742.519633566873,1,22
2016-10-04,8764.85,8764.95,8759.6,8759.85,11:05:00,8744.646335131933,1,23
2016-10-04,8758.45,8764.7,8757.05,8764.55,11:10:00,8745.960969881273,1,24
2016-10-04,8756.15,8759.6,8754.95,8758.55,11:15:00,8746.931353702104,1,25
2016-10-04,8756.9,8758.25,8754.45,8755.75,11:20:00,8747.880748587619,1,26
2016-10-04,8757.8,8758.0,8755.55,8756.8,11:25:00,8748.825439198323,1,27
2016-10-04,8751.15,8758.2,8750.85,8757.5,11:30:00,8749.04682594134,1,28
2016-10-04,8747.75,8751.2,8744.45,8750.9,11:35:00,8748.92331870883,1,29
2016-10-04,8750.25,8751.05,8747.75,8748.0,11:40:00,8749.04966930799,1,30
2016-10-04,8751.55,8752.0,8749.85,8750.55,11:45:00,8749.287796040562,1,31
2016-10-04,8749.75,8753.25,8749.7,8751.3,11:50:00,8749.33181546527,1,32
2016-10-04,8743.15,8750.0,8739.2,8749.65,11:55:00,8748.743071135244,1,33
2016-10-04,8746.7,8747.4,8742.85,8743.2,12:00:00,8748.548492931888,1,34
2016-10-04,8750.2,8751.35,8745.4,8746.8,12:05:00,8748.705779319327,1,35
2016-10-04,8751.15,8751.6,8748.4,8750.5,12:10:00,8748.938562241296,1,36
2016-10-04,8745.25,8751.6,8745.25,8750.9,12:15:00,8748.587270599266,1,37
2016-10-04,8742.75,8745.7,8740.85,8745.3,12:20:00,8748.031340066003,1,38
2016-10-04,8744.75,8746.45,8742.0,8742.65,12:25:00,8747.71883148829,1,39
2016-10-04,8743.85,8745.7,8742.15,8744.85,12:30:00,8747.350371346547,1,40
2016-10-04,8744.1,8744.3,8740.7,8743.25,12:35:00,8747.040812170686,1,41
2016-10-04,8746.6,8746.65,8743.95,8744.3,12:40:00,8746.998830059192,1,42
2016-10-04,8756.7,8757.6,8746.35,8746.55,12:45:00,8747.922751005935,1,43
2016-10-04,8754.7,8756.75,8752.55,8756.55,12:50:00,8748.568203291085,1,44
2016-10-04,8757.25,8758.3,8753.9,8754.45,12:55:00,8749.395041072887,1,45
2016-10-04,8756.8,8759.4,8755.95,8757.5,13:00:00,8750.100275256422,1,46
2016-10-04,8755.0,8757.05,8753.55,8756.85,13:05:00,8750.56691570819,1,47
2016-10-04,8754.35,8756.2,8752.3,8754.85,13:10:00,8750.927209450267,1,48
2016-10-04,8755.75,8756.7,8753.4,8754.5,13:15:00,8751.386522835955,1,49
2016-10-04,8756.35,8759.15,8754.95,8755.9,13:20:00,8751.859234946816,1,50
2016-10-04,8754.75,8756.45,8753.75,8756.4,13:25:00,8752.134545904262,1,51
2016-10-04,8758.05,8758.05,8754.1,8754.6,13:30:00,8752.69792248481,1,52
2016-10-04,8757.3,8758.65,8756.15,8757.8,13:35:00,8753.136215581495,1,53
2016-10-04,8753.3,8757.65,8751.35,8757.25,13:40:00,8753.151814097544,1,54
2016-10-04,8756.45,8757.45,8752.6,8753.55,13:45:00,8753.465927040636,1,55
2016-10-04,8758.5,8759.1,8755.8,8756.4,13:50:00,8753.945362560575,1,56
2016-10-04,8762.65,8766.2,8758.4,8758.8,13:55:00,8754.774375650044,1,57
2016-10-04,8759.75,8762.55,8759.0,8762.55,14:00:00,8755.248244635755,1,58
2016-10-04,8756.15,8760.2,8754.7,8760.2,14:05:00,8755.334126099016,1,59
2016-10-04,8743.75,8758.8,8743.75,8756.3,14:10:00,8754.230875994348,1,60
2016-10-04,8745.9,8748.6,8736.1,8742.45,14:15:00,8753.43745923298,1,61
2016-10-04,8750.65,8751.6,8743.6,8745.85,14:20:00,8753.171986925077,1,62
2016-10-04,8752.55,8754.05,8742.25,8750.8,14:25:00,8753.11275007507,1,63
2016-10-04,8742.35,8783.65,8737.8,8751.25,14:30:00,8752.087726258396,1,64
2016-10-04,8757.95,8766.05,8744.15,8744.45,14:35:00,8752.64603804331,1,65
2016-10-04,8768.6,8773.95,8757.95,8758.0,14:40:00,8754.165462991567,1,66
2016-10-04,8764.4,8777.65,8762.45,8768.95,14:45:00,8755.140180801895,1,67
2016-10-04,8768.05,8769.75,8764.1,8764.45,14:50:00,8756.36968739219,1,68
2016-10-04,8763.75,8772.4,8762.8,8768.3,14:55:00,8757.07257430722,1,69
2016-10-04,8758.25,8763.45,8750.85,8763.1,15:00:00,8757.184710087484,1,70
2016-10-04,8766.8,8767.9,8757.7,8757.7,15:05:00,8758.100451983913,1,71
2016-10-04,8774.75,8774.9,8764.8,8766.9,15:10:00,8759.68612322354,1,72
2016-10-04,8777.25,8778.85,8771.1,8774.95,15:15:00,8761.358873392726,1,73
2016-10-04,8775.0,8778.0,8773.8,8777.45,15:20:00,8762.658028307706,1,74
2016-10-04,8771.35,8775.85,8768.95,8775.1,15:25:00,8763.485835135543,1,75
2016-10-05,8791.4,8806.95,8789.2,8803.2,09:15:00,8766.144327027396,2,1
2016-10-05,8782.55,8792.2,8773.85,8791.1,09:20:00,8767.706772072406,2,2
2016-10-05,8786.2,8790.0,8783.05,8783.05,09:25:00,8769.468031875034,2,3
2016-10-05,8776.5,8790.1,8776.5,8786.55,09:30:00,8770.137743125031,2,4
2016-10-05,8766.6,8777.65,8766.6,8776.45,09:35:00,8769.800815208362,2,5
2016-10-05,8770.6,8775.05,8762.8,8766.4,09:40:00,8769.87692804566,2,6
2016-10-05,8761.85,8774.25,8756.9,8770.9,09:45:00,8769.112458707978,2,7
2016-10-05,8764.95,8764.95,8757.55,8762.1,09:50:00,8768.716034069123,2,8
2016-10-05,8765.25,8767.85,8761.35,8765.0,09:55:00,8768.38593558635,2,9
2016-10-05,8765.3,8768.5,8763.5,8764.75,10:00:00,8768.092036959079,2,10
2016-10-05,8761.4,8766.2,8757.95,8766.15,10:05:00,8767.454700105833,2,11
2016-10-05,8757.25,8761.95,8752.0,8761.2,10:10:00,8766.482823905277,2,12
2016-10-05,8737.45,8757.05,8733.95,8756.9,10:15:00,8763.717793057156,2,13
2016-10-05,8747.0,8747.6,8736.9,8737.8,10:20:00,8762.125622289808,2,14
2016-10-05,8749.8,8753.55,8745.5,8746.9,10:25:00,8760.951753500301,2,15
2016-10-05,8748.95,8754.2,8748.45,8749.9,10:30:00,8759.808729357415,2,16
2016-10-05,8745.05,8750.05,8744.75,8749.0,10:35:00,8758.40313608528,2,17
2016-10-05,8746.85,8748.55,8742.35,8745.25,10:40:00,8757.302837410492,2,18
2016-10-05,8751.3,8751.6,8745.95,8746.9,10:45:00,8756.731138609493,2,19
2016-10-05,8747.9,8751.9,8746.75,8751.35,10:50:00,8755.890077789541,2,20
2016-10-05,8744.4,8747.95,8741.9,8747.8,10:55:00,8754.795784666729,2,21
2016-10-05,8755.0,8755.0,8743.8,8744.8,11:00:00,8754.815233746087,2,22
2016-10-05,8756.35,8759.55,8752.3,8754.8,11:05:00,8754.961401960745,2,23
2016-10-05,8758.4,8760.7,8754.4,8756.4,11:10:00,8755.288887488292,2,24
2016-10-05,8761.1,8761.45,8756.35,8758.15,11:15:00,8755.842326775122,2,25
2016-10-05,8756.15,8761.2,8755.3,8761.2,11:20:00,8755.871628987015,2,26
2016-10-05,8752.0,8757.0,8748.6,8756.45,11:25:00,8755.502902416823,2,27
2016-10-05,8756.85,8758.45,8751.95,8752.3,11:30:00,8755.631197424746,2,28
2016-10-05,8758.45,8758.55,8754.7,8756.9,11:35:00,8755.899654812865,2,29
2016-10-05,8756.9,8758.75,8755.45,8758.75,11:40:00,8755.994925783069,2,30
2016-10-05,8754.55,8756.95,8752.95,8756.75,11:45:00,8755.857313803728,2,31
2016-10-05,8754.25,8754.5,8750.75,8754.05,11:50:00,8755.70423629861,2,32
2016-10-05,8749.45,8755.1,8747.85,8754.3,11:55:00,8755.108594746362,2,33
2016-10-05,8740.35,8749.5,8739.65,8749.5,12:00:00,8753.703014294328,2,34
2016-10-05,8745.95,8746.3,8739.0,8740.3,12:05:00,8752.964631980583,2,35
2016-10-05,8747.35,8750.2,8745.05,8745.7,12:10:00,8752.42990512529,2,36
2016-10-05,8744.25,8747.8,8741.7,8747.55,12:15:00,8751.650866541928,2,37
2016-10-05,8739.7,8745.5,8739.35,8744.15,12:20:00,8750.51268877603,2,38
2016-10-05,8743.75,8744.5,8733.5,8739.8,12:25:00,8749.868623178314,2,39
2016-10-05,8741.25,8747.0,8740.95,8743.9,12:30:00,8749.047801923236,2,40
2016-10-05,8735.75,8741.3,8731.4,8741.3,12:35:00,8747.781344597213,2,41
2016-10-05,8742.05,8743.65,8732.6,8735.4,12:40:00,8747.235502254622,2,42
2016-10-05,8741.35,8746.2,8737.75,8742.25,12:45:00,8746.674978230372,2,43
2016-10-05,8742.6,8745.5,8738.95,8741.55,12:50:00,8746.286885065576,2,44
2016-10-05,8743.55,8746.75,8740.25,8742.85,12:55:00,8746.026229345045,2,45
2016-10-05,8753.8,8758.35,8743.7,8743.7,13:00:00,8746.76658845504,2,46
2016-10-05,8752.7,8753.9,8746.1,8753.85,13:05:00,8747.331675268846,2,47
2016-10-05,8752.4,8757.7,8750.4,8752.4,13:10:00,8747.814372862289,2,48
2016-10-05,8751.45,8755.0,8750.4,8752.75,13:15:00,8748.16062306588,2,49
2016-10-05,8749.55,8751.3,8743.4,8751.3,13:20:00,8748.292944678653,2,50
2016-10-05,8747.35,8750.65,8744.0,8749.65,13:25:00,8748.203140423544,2,51
2016-10-05,8748.5,8751.35,8746.45,8747.45,13:30:00,8748.231412764158,2,52
2016-10-05,8749.8,8750.4,8745.35,8748.85,13:35:00,8748.380802024714,2,53
2016-10-05,8755.05,8755.75,8747.35,8749.75,13:40:00,8749.015963736645,2,54
2016-10-05,8758.8,8759.95,8753.4,8755.35,13:45:00,8749.947776714107,2,55
2016-10-05,8755.45,8758.85,8755.15,8758.85,13:50:00,8750.47179797943,2,56
2016-10-05,8758.15,8759.5,8754.95,8755.35,13:55:00,8751.203055314721,2,57
2016-10-05,8759.4,8763.25,8756.4,8758.4,14:00:00,8751.98371671332,2,58
2016-10-05,8750.65,8761.0,8750.6,8759.55,14:05:00,8751.856696073955,2,59
2016-10-05,8744.45,8751.5,8744.0,8750.95,14:10:00,8751.151296447864,2,60
2016-10-05,8752.1,8752.7,8744.4,8744.75,14:15:00,8751.241649167116,2,61
2016-10-05,8753.1,8755.65,8751.8,8752.45,14:20:00,8751.418634960723,2,62
2016-10-05,8757.7,8761.8,8752.3,8752.3,14:25:00,8752.016860202559,2,63
2016-10-05,8759.3,8762.15,8756.8,8758.3,14:30:00,8752.71049256422,2,64
2016-10-05,8755.45,8759.95,8755.0,8759.65,14:35:00,8752.971398034293,2,65
2016-10-05,8756.1,8756.3,8750.3,8755.15,14:40:00,8753.269360126265,2,66
2016-10-05,8754.3,8756.75,8753.45,8756.25,14:45:00,8753.367516304716,2,67
2016-10-05,8755.35,8756.9,8754.3,8754.35,14:50:00,8753.556324275694,2,68
2016-10-05,8753.5,8755.25,8750.6,8755.25,14:55:00,8753.550960058961,2,69
2016-10-05,8750.4,8754.7,8750.3,8753.7,15:00:00,8753.250868624775,2,70
2016-10-05,8748.55,8751.4,8747.0,8750.35,15:05:00,8752.803166850987,2,71
2016-10-05,8749.2,8750.75,8747.6,8749.0,15:10:00,8752.460008103273,2,72
2016-10-05,8738.6,8749.8,8733.45,8749.05,15:15:00,8751.140007331533,2,73
2016-10-05,8739.3,8740.1,8732.45,8738.1,15:20:00,8750.012387585672,2,74
2016-10-05,8737.8,8740.05,8733.6,8739.0,15:25:00,8748.849303053703,2,75
2016-10-06,8743.95,8766.0,8743.3,8766.0,09:15:00,8748.382702762874,3,1
2016-10-06,8750.55,8757.15,8741.35,8743.8,09:20:00,8748.589112023554,3,2
2016-10-06,8758.25,8761.95,8751.1,8751.1,09:25:00,8749.509196592739,3,3
2016-10-06,8754.7,8759.25,8753.85,8758.4,09:30:00,8750.003558822002,3,4
2016-10-06,8761.75,8763.5,8753.65,8754.85,09:35:00,8751.122267505621,3,5
2016-10-06,8762.7,8767.85,8760.35,8761.8,09:40:00,8752.224908695562,3,6
2016-10-06,8769.9,8772.05,8762.45,8762.5,09:45:00,8753.908250724555,3,7
2016-10-06,8770.8,8774.8,8769.25,8769.55,09:50:00,8755.516988750787,3,8
2016-10-06,8770.35,8771.6,8765.7,8770.25,09:55:00,8756.929656488808,3,9
2016-10-06,8771.75,8773.7,8769.1,8770.1,10:00:00,8758.341117775588,3,10
2016-10-06,8765.5,8771.9,8765.1,8771.9,10:05:00,8759.022916082675,3,11
2016-10-06,8768.35,8770.25,8765.75,8765.75,10:10:00,8759.911209789087,3,12
2016-10-06,8765.9,8768.5,8763.3,8768.4,10:15:00,8760.481570761554,3,13
2016-10-06,8762.95,8766.35,8762.0,8765.8,10:20:00,8760.716659260454,3,14
2016-10-06,8763.45,8764.8,8760.55,8762.9,10:25:00,8760.976977426124,3,15
2016-10-06,8768.5,8769.8,8763.4,8764.6,10:30:00,8761.693455766494,3,16
2016-10-06,8766.15,8769.1,8764.25,8768.05,10:35:00,8762.117888550636,3,17
2016-10-06,8773.7,8773.75,8766.1,8766.65,10:40:00,8763.22094678391,3,18
2016-10-06,8770.45,8774.35,8769.25,8773.6,10:45:00,8763.909428042585,3,19
2016-10-06,8768.7,8772.5,8767.6,8770.7,10:50:00,8764.36567299091,3,20
2016-10-06,8767.75,8770.2,8766.2,8768.8,10:55:00,8764.687989848919,3,21
2016-10-06,8765.9,8768.8,8765.75,8767.4,11:00:00,8764.803419387117,3,22
2016-10-06,8767.0,8767.3,8764.7,8765.8,11:05:00,8765.012617540726,3,23
2016-10-06,8768.75,8769.95,8766.25,8767.3,11:10:00,8765.368558727323,3,24
2016-10-06,8769.45,8769.85,8767.35,8768.95,11:15:00,8765.757267419958,3,25
2016-10-06,8773.7,8773.95,8768.45,8768.8,11:20:00,8766.513718141867,3,26
2016-10-06,8763.35,8773.5,8763.1,8773.5,11:25:00,8766.212411652165,3,27
2016-10-06,8769.45,8770.5,8762.45,8763.5,11:30:00,8766.520753399578,3,28
2016-10-06,8767.15,8769.45,8766.85,8768.45,11:35:00,8766.580681647238,3,29
2016-10-06,8769.8,8771.6,8766.95,8767.25,11:40:00,8766.887283395119,3,30
2016-10-06,8766.1,8770.6,8766.1,8769.6,11:45:00,8766.812304024155,3,31
2016-10-06,8768.5,8769.65,8762.65,8765.95,11:50:00,8766.973036974236,3,32
2016-10-06,8765.45,8768.65,8765.0,8768.55,11:55:00,8766.827985833832,3,33
2016-10-06,8762.0,8766.2,8760.4,8765.55,12:00:00,8766.368177659182,3,34
2016-10-06,8766.4,8766.7,8761.4,8762.05,12:05:00,8766.371208358309,3,35
2016-10-06,8769.2,8770.35,8765.0,8766.35,12:10:00,8766.640617086088,3,36
2016-10-06,8774.7,8776.4,8768.1,8769.25,12:15:00,8767.408177363603,3,37
2016-10-06,8773.4,8775.75,8770.6,8774.55,12:20:00,8767.978827138497,3,38
2016-10-06,8776.75,8778.0,8772.3,8773.25,12:25:00,8768.81417693483,3,39
2016-10-06,8776.45,8777.1,8773.6,8776.65,12:30:00,8769.541398179132,3,40
2016-10-06,8772.1,8776.5,8769.05,8776.35,12:35:00,8769.785074543024,3,41
2016-10-06,8774.35,8774.7,8771.15,8772.25,12:40:00,8770.21982934845,3,42
2016-10-06,8775.8,8776.9,8772.6,8774.25,12:45:00,8770.751274172408,3,43
2016-10-06,8775.3,8781.15,8774.85,8775.6,12:50:00,8771.184486155988,3,44
2016-10-06,8770.95,8775.5,8768.6,8775.2,12:55:00,8771.162154141131,3,45
2016-10-06,8771.75,8771.75,8766.75,8771.05,13:00:00,8771.218139461023,3,46
2016-10-06,8772.5,8773.2,8770.9,8771.5,13:05:00,8771.340221417116,3,47
2016-10-06,8773.85,8774.7,8771.45,8772.65,13:10:00,8771.57924794882,3,48
2016-10-06,8771.95,8774.6,8771.5,8773.9,13:15:00,8771.61455766798,3,49
2016-10-06,8767.3,8773.5,8766.7,8772.0,13:20:00,8771.203647413886,3,50
2016-10-06,8754.25,8767.5,8751.05,8767.5,13:25:00,8769.589014326848,3,51
2016-10-06,8752.45,8754.45,8743.5,8754.1,13:30:00,8767.956727248102,3,52
2016-10-06,8739.75,8752.85,8735.15,8752.3,13:35:00,8765.270372272093,3,53
2016-10-06,8738.6,8740.8,8735.35,8740.25,13:40:00,8762.730336817607,3,54
2016-10-06,8746.85,8747.9,8732.35,8738.2,13:45:00,8761.217923787359,3,55
2016-10-06,8745.8,8749.35,8741.85,8746.75,13:50:00,8759.749550093324,3,56
2016-10-06,8736.35,8749.3,8735.15,8745.75,13:55:00,8757.521021513006,3,57
2016-10-06,8716.65,8738.35,8706.8,8737.15,14:00:00,8753.628543273673,3,58
2016-10-06,8711.95,8720.3,8710.2,8717.65,14:05:00,8749.659158199991,3,59
2016-10-06,8725.85,8727.9,8709.6,8712.2,14:10:00,8747.391619323802,3,60
2016-10-06,8721.8,8727.4,8716.75,8725.95,14:15:00,8744.954322245345,3,61
2016-10-06,8727.2,8728.4,8720.1,8722.25,14:20:00,8743.263434412454,3,62
2016-10-06,8725.15,8728.25,8718.35,8726.95,14:25:00,8741.538345420791,3,63
2016-10-06,8723.15,8726.55,8719.7,8726.55,14:30:00,8739.787074428335,3,64
2016-10-06,8701.3,8723.1,8696.4,8723.1,14:35:00,8736.121638768494,3,65
2016-10-06,8704.1,8708.45,8701.0,8701.7,14:40:00,8733.071958885781,3,66
2016-10-06,8698.15,8708.35,8692.8,8703.8,14:45:00,8729.746058039516,3,67
2016-10-06,8686.2,8699.25,8684.65,8698.25,14:50:00,8725.598814416706,3,68
2016-10-06,8688.45,8695.2,8686.15,8686.15,14:55:00,8722.060832091305,3,69
2016-10-06,8711.5,8713.45,8686.15,8688.9,15:00:00,8721.0550385588,3,70
2016-10-06,8708.1,8711.55,8703.75,8711.55,15:05:00,8719.821225362723,3,71
2016-10-06,8713.05,8713.2,8704.75,8708.3,15:10:00,8719.176346756749,3,72
2016-10-06,8715.35,8718.15,8711.25,8712.65,15:15:00,8718.811932779916,3,73
2016-10-06,8717.05,8717.45,8711.6,8715.15,15:20:00,8718.64412965802,3,74
2016-10-06,8712.4,8717.7,8710.0,8717.35,15:25:00,8718.049450642971,3,75
2016-10-07,8706.3,8722.25,8703.35,8720.2,09:15:00,8716.930455343641,4,1
2016-10-07,8721.2,8723.7,8706.6,8706.8,09:20:00,8717.337078644247,4,2
2016-10-07,8718.75,8723.15,8714.9,8721.1,09:25:00,8717.47164258289,4,3
2016-10-07,8711.45,8720.7,8710.5,8719.1,09:30:00,8716.898152813092,4,4
2016-10-07,8704.3,8711.15,8696.05,8711.15,09:35:00,8715.698328735654,4,5
2016-10-07,8692.8,8707.1,8692.05,8704.1,09:40:00,8713.517535522735,4,6
2016-10-07,8699.05,8699.7,8690.1,8692.15,09:45:00,8712.13967499676,4,7
2016-10-07,8698.1,8698.85,8693.0,8698.85,09:50:00,8710.802563092308,4,8
2016-10-07,8686.0,8698.5,8684.8,8698.35,09:55:00,8708.440414226374,4,9
2016-10-07,8697.35,8697.7,8684.2,8685.6,10:00:00,8707.384184300054,4,10
2016-10-07,8699.95,8701.45,8695.65,8697.8,10:05:00,8706.676166747668,4,11
2016-10-07,8701.75,8702.65,8698.4,8699.75,10:10:00,8706.207008009795,4,12
2016-10-07,8703.55,8708.0,8701.7,8701.7,10:15:00,8705.95395962791,4,13
2016-10-07,8699.95,8705.1,8699.25,8704.3,10:20:00,8705.382153949062,4,14
2016-10-07,8695.25,8700.5,8694.2,8700.2,10:25:00,8704.417186906294,4,15
2016-10-07,8693.55,8695.0,8690.5,8695.0,10:30:00,8703.382216724742,4,16
2016-10-07,8694.85,8695.25,8691.95,8693.5,10:35:00,8702.569624655718,4,17
2016-10-07,8690.2,8696.7,8689.95,8694.65,10:40:00,8701.391565164698,4,18
2016-10-07,8691.0,8691.7,8685.25,8689.9,10:45:00,8700.40189229187,4,19
2016-10-07,8689.6,8692.7,8688.9,8690.05,10:50:00,8699.373140645024,4,20
2016-10-07,8692.95,8692.95,8688.9,8689.4,10:55:00,8698.761412964546,4,21
2016-10-07,8693.75,8695.55,8692.5,8692.9,11:00:00,8698.284135539352,4,22
2016-10-07,8695.0,8697.05,8692.55,8694.05,11:05:00,8697.97136072608,4,23
2016-10-07,8692.0,8697.25,8692.0,8695.2,11:10:00,8697.402659704549,4,24
2016-10-07,8685.85,8691.7,8685.6,8691.7,11:15:00,8696.302406399353,4,25
2016-10-07,8686.1,8687.95,8681.9,8685.95,11:20:00,8695.330748647033,4,26
2016-10-07,8689.55,8692.45,8685.75,8685.9,11:25:00,8694.78020115684,4,27
2016-10-07,8687.35,8690.3,8685.3,8689.45,11:30:00,8694.072562951427,4,28
2016-10-07,8683.9,8688.95,8683.75,8687.55,11:35:00,8693.103747432244,4,29
2016-10-07,8680.75,8684.5,8675.2,8683.95,11:40:00,8691.927200057744,4,30
2016-10-07,8678.7,8681.35,8678.15,8680.65,11:45:00,8690.66746671891,4,31
2016-10-07,8683.1,8683.8,8678.45,8678.9,11:50:00,8689.946755602825,4,32
2016-10-07,8681.15,8682.9,8679.6,8682.85,11:55:00,8689.108969354937,4,33
2016-10-07,8678.3,8681.95,8678.3,8680.95,12:00:00,8688.079543702086,4,34
2016-10-07,8676.7,8678.75,8675.15,8678.0,12:05:00,8686.99577763522,4,35
2016-10-07,8672.95,8677.0,8670.25,8676.6,12:10:00,8685.658084527106,4,36
2016-10-07,8681.4,8683.75,8672.65,8672.85,12:15:00,8685.252552667382,4,37
2016-10-07,8682.05,8684.2,8680.15,8681.45,12:20:00,8684.94754765144,4,38
2016-10-07,8685.55,8686.35,8681.6,8681.65,12:25:00,8685.004924065588,4,39
2016-10-07,8682.05,8689.3,8681.45,8685.6,12:30:00,8684.723502726009,4,40
2016-10-07,8686.85,8686.85,8679.9,8681.65,12:35:00,8684.926026275913,4,41
2016-10-07,8690.35,8694.0,8686.45,8687.15,12:40:00,8685.442595202016,4,42
2016-10-07,8686.5,8690.9,8685.65,8690.5,12:45:00,8685.543300420872,4,43
2016-10-07,8683.5,8688.2,8683.4,8686.4,12:50:00,8685.34870038079,4,44
2016-10-07,8679.65,8683.6,8678.15,8683.55,12:55:00,8684.80596701119,4,45
2016-10-07,8680.05,8681.25,8676.3,8679.1,13:00:00,8684.35301777203,4,46
2016-10-07,8670.7,8682.3,8668.35,8681.95,13:05:00,8683.052730365169,4,47
2016-10-07,8667.45,8675.2,8667.3,8670.35,13:10:00,8681.566756044676,4,48
2016-10-07,8673.2,8673.2,8663.8,8667.25,13:15:00,8680.76992213566,4,49
2016-10-07,8676.5,8678.85,8671.55,8673.5,13:20:00,8680.363262884644,4,50
2016-10-07,8673.1,8678.65,8672.7,8676.65,13:25:00,8679.671523562298,4,51
2016-10-07,8676.75,8679.9,8672.45,8673.2,13:30:00,8679.393283223031,4,52
2016-10-07,8692.35,8698.9,8676.3,8676.4,13:35:00,8680.627256249409,4,53
2016-10-07,8694.8,8696.95,8691.7,8692.55,13:40:00,8681.977041368513,4,54
2016-10-07,8701.95,8704.0,8691.5,8694.45,13:45:00,8683.879227904845,4,55
2016-10-07,8693.9,8702.75,8693.1,8701.65,13:50:00,8684.833587152003,4,56
2016-10-07,8691.45,8694.7,8690.75,8693.8,13:55:00,8685.463721708955,4,57
2016-10-07,8696.75,8702.3,8691.15,8691.6,14:00:00,8686.538605355721,4,58
2016-10-07,8696.6,8699.35,8695.6,8696.9,14:05:00,8687.49683341708,4,59
2016-10-07,8699.4,8701.75,8694.7,8696.45,14:10:00,8688.63046832974,4,60
2016-10-07,8699.0,8700.7,8695.6,8699.85,14:15:00,8689.618042774528,4,61
2016-10-07,8693.55,8699.15,8690.15,8699.15,14:20:00,8689.992514891239,4,62
2016-10-07,8691.8,8695.4,8691.45,8693.3,14:25:00,8690.16465633017,4,63
2016-10-07,8692.3,8695.3,8690.3,8691.85,14:30:00,8690.368022393963,4,64
2016-10-07,8679.1,8693.2,8678.75,8692.4,14:35:00,8689.294877404061,4,65
2016-10-07,8689.1,8689.35,8678.8,8679.0,14:40:00,8689.276317651294,4,66
2016-10-07,8690.05,8693.0,8686.35,8689.2,14:45:00,8689.350001684505,4,67
2016-10-07,8691.35,8692.75,8689.4,8689.65,14:50:00,8689.540477714552,4,68
2016-10-07,8690.0,8691.95,8689.55,8691.25,14:55:00,8689.584241741737,4,69
2016-10-07,8697.7,8698.25,8689.8,8689.8,15:00:00,8690.357171099668,4,70
2016-10-07,8698.0,8703.0,8696.95,8697.65,15:05:00,8691.085059566365,4,71
2016-10-07,8693.8,8698.65,8691.35,8698.1,15:10:00,8691.34362532195,4,72
2016-10-07,8697.3,8699.6,8693.95,8694.2,15:15:00,8691.91089910081,4,73
2016-10-07,8702.65,8703.9,8696.65,8697.35,15:20:00,8692.933670615019,4,74
2016-10-07,8695.8,8702.9,8694.75,8702.7,15:25:00,8693.20665436597,4,75
2016-10-10,8730.8,8745.8,8728.7,8729.9,09:15:00,8696.786972997783,0,1
2016-10-10,8727.15,8739.35,8725.95,8730.85,09:20:00,8699.678689855136,0,2
2016-10-10,8733.25,8733.4,8719.25,8727.1,09:25:00,8702.87595748798,0,3
2016-10-10,8730.5,8734.7,8727.95,8733.0,09:30:00,8705.506818679602,0,4
2016-10-10,8729.5,8731.65,8725.35,8730.4,09:35:00,8707.791883567257,0,5
2016-10-10,8723.05,8729.45,8722.2,8729.35,09:40:00,8709.245037513232,0,6
2016-10-10,8722.1,8723.75,8718.7,8723.1,09:45:00,8710.469319654829,0,7
2016-10-10,8717.6,8722.7,8715.05,8721.8,09:50:00,8711.148432068654,0,8
2016-10-10,8712.5,8718.8,8710.65,8717.8,09:55:00,8711.277152824021,0,9
2016-10-10,8713.8,8719.15,8712.75,8712.9,10:00:00,8711.517423983638,0,10
2016-10-10,8709.7,8714.5,8708.85,8713.95,10:05:00,8711.344335985195,0,11
2016-10-10,8719.85,8719.85,8708.6,8709.45,10:10:00,8712.1543992247,0,12
2016-10-10,8720.0,8723.65,8719.45,8719.8,10:15:00,8712.901599298539,0,13
2016-10-10,8725.15,8725.45,8719.7,8719.7,10:20:00,8714.06811365106,0,14
2016-10-10,8726.3,8726.8,8723.7,8725.4,10:25:00,8715.233055208102,0,15
2016-10-10,8719.05,8725.7,8718.75,8725.7,10:30:00,8715.59657375971,0,16
2016-10-10,8719.0,8720.0,8714.9,8719.1,10:35:00,8715.92070959212,0,17
2016-10-10,8718.15,8721.2,8716.95,8719.1,10:40:00,8716.133022964299,0,18
2016-10-10,8718.85,8720.05,8717.3,8718.3,10:45:00,8716.391782681985,0,19
2016-10-10,8718.0,8718.85,8716.6,8718.65,10:50:00,8716.544946236081,0,20
2016-10-10,8720.75,8722.8,8717.05,8718.1,10:55:00,8716.94542754693,0,21
2016-10-10,8724.35,8724.35,8719.75,8720.55,11:00:00,8717.650624923413,0,22
2016-10-10,8724.75,8726.55,8723.85,8724.55,11:05:00,8718.326755883088,0,23
2016-10-10,8723.7,8725.55,8722.7,8724.6,11:10:00,8718.838493418032,0,24
2016-10-10,8725.05,8725.95,8722.75,8723.1,11:15:00,8719.430065473458,0,25
2016-10-10,8722.5,8725.4,8722.25,8724.9,11:20:00,8719.722440190271,0,26
2016-10-10,8719.55,8722.95,8719.3,8722.55,11:25:00,8719.706017315008,0,27
2016-10-10,8720.6,8721.85,8717.85,8719.45,11:30:00,8719.791158523101,0,28
2016-10-10,8720.15,8721.5,8718.65,8720.55,11:35:00,8719.825333901854,0,29
2016-10-10,8722.55,8723.25,8719.45,8720.25,11:40:00,8720.0848259112,0,30
2016-10-10,8721.45,8723.35,8720.8,8722.65,11:45:00,8720.214842491087,0,31
2016-10-10,8722.0,8722.15,8719.6,8721.4,11:50:00,8720.384857491936,0,32
2016-10-10,8723.35,8724.35,8721.8,8722.4,11:55:00,8720.667252016514,0,33
2016-10-10,8721.3,8724.45,8720.85,8723.3,12:00:00,8720.727513729227,0,34
2016-10-10,8720.6,8722.25,8720.0,8721.35,12:05:00,8720.71536956454,0,35
2016-10-10,8725.25,8726.0,8720.4,8720.5,12:10:00,8721.147239129821,0,36
2016-10-10,8723.65,8729.0,8722.3,8725.95,12:15:00,8721.385597307933,0,37
2016-10-10,8727.4,8729.4,8723.45,8724.05,12:20:00,8721.95839756432,0,38
2016-10-10,8722.1,8729.2,8720.25,8727.65,12:25:00,8721.971883510574,0,39
2016-10-10,8724.65,8724.65,8717.65,8721.95,12:30:00,8722.226942223853,0,40
2016-10-10,8726.15,8730.0,8723.95,8724.4,12:35:00,8722.600566773963,0,41
2016-10-10,8725.6,8726.8,8723.05,8726.25,12:40:00,8722.886227081204,0,42
2016-10-10,8728.7,8728.7,8723.45,8725.0,12:45:00,8723.439919740136,0,43
2016-10-10,8728.2,8728.9,8725.9,8728.6,12:50:00,8723.893260717266,0,44
2016-10-10,8723.4,8728.35,8720.45,8728.35,12:55:00,8723.846283506098,0,45
2016-10-10,8722.45,8724.7,8721.05,8723.05,13:00:00,8723.713304124565,0,46
2016-10-10,8718.3,8722.55,8714.15,8722.3,13:05:00,8723.197751350797,0,47
2016-10-10,8721.6,8722.45,8717.55,8718.2,13:10:00,8723.045584555482,0,48
2016-10-10,8725.05,8725.2,8720.1,8721.9,13:15:00,8723.236481264485,0,49
2016-10-10,8724.1,8726.6,8721.85,8725.55,13:20:00,8723.318721144056,0,50
2016-10-10,8723.95,8725.3,8722.6,8724.3,13:25:00,8723.378842939861,0,51
2016-10-10,8723.65,8725.8,8722.6,8723.9,13:30:00,8723.404667421779,0,52
2016-10-10,8723.35,8724.6,8721.8,8723.45,13:35:00,8723.399461000658,0,53
2016-10-10,8717.5,8723.6,8716.9,8723.2,13:40:00,8722.837607572023,0,54
2016-10-10,8721.45,8721.9,8717.1,8717.55,13:45:00,8722.705454469924,0,55
2016-10-10,8715.55,8722.05,8715.2,8721.25,13:50:00,8722.023982615645,0,56
2016-10-10,8717.3,8717.8,8714.85,8715.5,13:55:00,8721.574079509393,0,57
2016-10-10,8721.2,8722.0,8716.05,8717.1,14:00:00,8721.538452889452,0,58
2016-10-10,8719.8,8723.0,8719.1,8721.1,14:05:00,8721.3728859476,0,59
2016-10-10,8720.35,8721.65,8719.2,8719.85,14:10:00,8721.275468238306,0,60
2016-10-10,8722.3,8724.1,8719.6,8720.25,14:15:00,8721.373042691801,0,61
2016-10-10,8716.6,8723.05,8714.55,8722.25,14:20:00,8720.918467197343,0,62
2016-10-10,8715.7,8717.8,8711.75,8716.55,14:25:00,8720.421470321406,0,63
2016-10-10,8711.35,8717.25,8710.7,8715.6,14:30:00,8719.557520766986,0,64
2016-10-10,8714.6,8717.45,8710.6,8711.2,14:35:00,8719.085375932036,0,65
2016-10-10,8716.7,8717.5,8714.05,8714.45,14:40:00,8718.858197271842,0,66
2016-10-10,8712.4,8717.6,8711.25,8716.9,14:45:00,8718.243130865001,0,67
2016-10-10,8713.35,8714.05,8710.9,8712.05,14:50:00,8717.777118401667,0,68
2016-10-10,8712.8,8714.15,8711.0,8713.65,14:55:00,8717.303107125317,0,69
2016-10-10,8709.7,8713.3,8709.5,8713.2,15:00:00,8716.579001684811,0,70
2016-10-10,8705.6,8711.35,8705.15,8709.75,15:05:00,8715.533382476733,0,71
2016-10-10,8705.85,8708.5,8703.95,8705.65,15:10:00,8714.611155574188,0,72
2016-10-10,8709.85,8710.25,8704.8,8706.35,15:15:00,8714.15771218617,0,73
2016-10-10,8710.0,8711.4,8708.6,8709.75,15:20:00,8713.761739597012,0,74
2016-10-10,8714.6,8716.05,8709.55,8710.4,15:25:00,8713.841573921107,0,75
2016-10-13,8636.7,8670.8,8636.7,8670.8,09:15:00,8706.494757357192,3,1
2016-10-13,8643.05,8643.15,8626.6,8636.1,09:20:00,8700.45239951365,3,2
2016-10-13,8636.05,8643.15,8631.35,8642.9,09:25:00,8694.318837655206,3,3
2016-10-13,8640.5,8641.4,8633.45,8635.9,09:30:00,8689.193234068996,3,4
2016-10-13,8644.1,8644.6,8638.7,8640.4,09:35:00,8684.89864034814,3,5
2016-10-13,8645.25,8645.35,8639.95,8644.0,09:40:00,8681.122579362602,3,6
2016-10-13,8645.5,8648.15,8643.75,8644.65,09:45:00,8677.72995275664,3,7
2016-10-13,8637.9,8647.2,8637.85,8645.55,09:50:00,8673.936623922673,3,8
2016-10-13,8643.45,8643.45,8637.35,8638.5,09:55:00,8671.033135930036,3,9
2016-10-13,8639.05,8643.25,8631.5,8643.2,10:00:00,8667.98712298432,3,10
2016-10-13,8631.4,8638.85,8623.7,8638.85,10:05:00,8664.502635081051,3,11
2016-10-13,8631.6,8635.4,8631.55,8631.6,10:10:00,8661.369050787618,3,12
2016-10-13,8622.3,8632.45,8620.9,8631.65,10:15:00,8657.648188807845,3,13
2016-10-13,8629.95,8632.85,8622.6,8623.3,10:20:00,8655.01026606424,3,14
2016-10-13,8626.1,8630.8,8624.9,8629.85,10:25:00,8652.256907391456,3,15
2016-10-13,8634.95,8635.15,8625.85,8626.3,10:30:00,8650.608630497032,3,16
2016-10-13,8635.65,8639.4,8634.2,8635.05,10:35:00,8649.183999021125,3,17
2016-10-13,8635.15,8637.95,8630.05,8635.95,10:40:00,8647.84742768578,3,18
2016-10-13,8628.75,8635.65,8627.35,8635.1,10:45:00,8646.028625049039,3,19
2016-10-13,8625.9,8633.35,8625.7,8629.15,10:50:00,8644.111613139607,3,20
2016-10-13,8634.1,8634.1,8625.4,8626.25,10:55:00,8643.15812617393,3,21
2016-10-13,8626.55,8634.75,8626.25,8633.6,11:00:00,8641.576399871652,3,22
2016-10-13,8623.35,8627.35,8620.0,8626.65,11:05:00,8639.840552264828,3,23
2016-10-13,8625.3,8626.2,8621.25,8623.4,11:10:00,8638.455737763416,3,24
2016-10-13,8624.7,8627.05,8621.8,8625.4,11:15:00,8637.145667500234,3,25
2016-10-13,8627.55,8628.85,8624.55,8624.8,11:20:00,8636.231794404974,3,26
2016-10-13,8627.9,8629.35,8625.75,8627.7,11:25:00,8635.438290175929,3,27
2016-10-13,8620.95,8628.5,8620.25,8627.95,11:30:00,8634.058453016316,3,28
2016-10-13,8620.65,8624.95,8620.45,8621.15,11:35:00,8632.781457490953,3,29
2016-10-13,8616.45,8621.4,8613.35,8620.85,11:40:00,8631.226080587054,3,30
2016-10-13,8618.0,8619.25,8614.45,8616.85,11:45:00,8629.966453864477,3,31
2016-10-13,8623.35,8624.45,8618.55,8618.55,11:50:00,8629.336315401195,3,32
2016-10-13,8620.35,8623.2,8618.85,8622.3,11:55:00,8628.480475839177,3,33
2016-10-13,8614.1,8621.6,8613.8,8621.6,12:00:00,8627.110906711636,3,34
2016-10-13,8616.95,8617.7,8614.4,8614.4,12:05:00,8626.143201310528,3,35
2016-10-13,8612.15,8616.8,8607.7,8616.8,12:10:00,8624.81051547143,3,36
2016-10-13,8614.8,8617.05,8609.75,8612.9,12:15:00,8623.85713304558,3,37
2016-10-13,8605.35,8614.85,8605.35,8614.65,12:20:00,8622.094548946001,3,38
2016-10-13,8614.05,8614.05,8604.65,8605.05,12:25:00,8621.328401427334,3,39
2016-10-13,8607.25,8614.6,8606.9,8614.6,12:30:00,8619.987601291397,3,40
2016-10-13,8598.35,8607.7,8592.35,8607.15,12:35:00,8617.926877358883,3,41
2016-10-13,8602.0,8603.4,8594.35,8598.15,12:40:00,8616.410031896132,3,42
2016-10-13,8579.15,8603.0,8579.15,8602.25,12:45:00,8612.861457429834,3,43
2016-10-13,8581.05,8585.85,8576.85,8579.1,12:50:00,8609.831794817468,3,44
2016-10-13,8586.85,8586.85,8580.15,8580.95,12:55:00,8607.6430524539,3,45
2016-10-13,8581.05,8588.05,8580.7,8586.7,13:00:00,8605.110380791622,3,46
2016-10-13,8574.45,8582.1,8572.35,8581.45,13:05:00,8602.190344525754,3,47
2016-10-13,8574.5,8585.35,8574.5,8574.5,13:10:00,8599.553168856633,3,48
2016-10-13,8573.1,8577.4,8570.0,8574.25,13:15:00,8597.033819441716,3,49
2016-10-13,8573.3,8576.1,8567.2,8572.8,13:20:00,8594.773455685361,3,50
2016-10-13,8570.7,8577.55,8566.85,8573.05,13:25:00,8592.480745620089,3,51
2016-10-13,8568.55,8571.95,8566.7,8570.95,13:30:00,8590.201626989603,3,52
2016-10-13,8562.85,8568.75,8558.05,8568.4,13:35:00,8587.59671013345,3,53
2016-10-13,8567.15,8567.6,8558.0,8563.8,13:40:00,8585.649404406455,3,54
2016-10-13,8561.55,8569.1,8559.55,8567.2,13:45:00,8583.35422303441,3,55
2016-10-13,8558.05,8562.95,8554.2,8561.6,13:50:00,8580.944297031132,3,56
2016-10-13,8553.0,8559.15,8552.45,8558.1,13:55:00,8578.28293540912,3,57
2016-10-13,8551.55,8553.6,8544.55,8553.15,14:00:00,8575.736941560632,3,58
2016-10-13,8551.1,8552.45,8541.35,8550.65,14:05:00,8573.390566173905,3,59
2016-10-13,8567.5,8570.0,8551.3,8551.3,14:10:00,8572.829559871629,3,60
2016-10-13,8569.5,8577.05,8565.2,8567.6,14:15:00,8572.512458931475,3,61
2016-10-13,8568.2,8571.6,8563.1,8568.85,14:20:00,8572.101748557048,3,62
2016-10-13,8571.3,8578.35,8568.25,8568.25,14:25:00,8572.025391551615,3,63
2016-10-13,8563.7,8572.05,8562.05,8570.65,14:30:00,8571.232497118128,3,64
2016-10-13,8556.5,8566.0,8552.4,8563.3,14:35:00,8569.829402154497,3,65
2016-10-13,8558.95,8560.0,8555.1,8556.25,14:40:00,8568.793268615975,3,66
2016-10-13,8557.45,8559.8,8552.55,8558.45,14:45:00,8567.712957319214,3,67
2016-10-13,8558.7,8559.85,8554.15,8557.4,14:50:00,8566.85458043167,3,68
2016-10-13,8566.4,8566.85,8557.95,8558.95,14:55:00,8566.811287057224,3,69
2016-10-13,8570.6,8572.0,8563.25,8566.65,15:00:00,8567.172116861297,3,70
2016-10-13,8573.05,8573.6,8566.6,8570.55,15:05:00,8567.73191525546,3,71
2016-10-13,8579.15,8579.3,8571.05,8573.45,15:10:00,8568.819351897797,3,72
2016-10-13,8580.9,8582.65,8574.4,8579.1,15:15:00,8569.969889812292,3,73
2016-10-13,8573.45,8581.15,8572.45,8580.85,15:20:00,8570.301328877787,3,74
2016-10-13,8571.55,8574.95,8570.1,8572.8,15:25:00,8570.420249937046,3,75
2016-10-14,8579.05,8591.1,8572.95,8591.0,09:15:00,8571.242130895422,4,1
2016-10-14,8587.05,8587.9,8570.15,8579.2,09:20:00,8572.747642238715,4,2
2016-10-14,8588.0,8592.2,8583.3,8587.45,09:25:00,8574.200247739791,4,3
2016-10-14,8585.1,8593.05,8578.6,8587.85,09:30:00,8575.238319383621,4,4
2016-10-14,8588.9,8591.2,8584.35,8585.4,09:35:00,8576.539431823276,4,5
2016-10-14,8593.3,8600.2,8578.25,8589.3,09:40:00,8578.135676411535,4,6
2016-10-14,8584.3,8599.65,8576.4,8592.85,09:45:00,8578.722754848532,4,7
2016-10-14,8554.6,8587.85,8551.6,8584.7,09:50:00,8576.425349624862,4,8
2016-10-14,8564.4,8566.45,8549.8,8554.05,09:55:00,8575.280078232017,4,9
2016-10-14,8559.95,8571.45,8556.95,8565.05,10:00:00,8573.820070781348,4,10
2016-10-14,8562.6,8570.35,8557.4,8558.9,10:05:00,8572.751492611696,4,11
2016-10-14,8567.0,8567.25,8557.3,8562.75,10:10:00,8572.203731410582,4,12
2016-10-14,8566.55,8570.0,8562.85,8566.75,10:15:00,8571.66528080005,4,13
2016-10-14,8577.25,8577.4,8566.4,8566.4,10:20:00,8572.197158819094,4,14
2016-10-14,8582.75,8584.2,8576.8,8577.55,10:25:00,8573.202191312514,4,15
2016-10-14,8580.95,8587.1,8580.85,8582.95,10:30:00,8573.940077854179,4,16
2016-10-14,8581.55,8582.4,8574.25,8580.9,10:35:00,8574.664832344257,4,17
2016-10-14,8580.0,8582.95,8576.75,8581.4,10:40:00,8575.172943549565,4,18
2016-10-14,8580.45,8586.5,8579.8,8580.5,10:45:00,8575.675520354369,4,19
2016-10-14,8579.7,8580.85,8578.4,8580.55,10:50:00,8576.058804130143,4,20
2016-10-14,8578.45,8582.5,8578.45,8579.8,10:55:00,8576.28653707013,4,21
2016-10-14,8571.4,8580.3,8570.85,8578.4,11:00:00,8575.82115258726,4,22
2016-10-14,8562.25,8572.35,8560.3,8571.25,11:05:00,8574.528661864664,4,23
2016-10-14,8571.1,8571.3,8562.45,8562.5,11:10:00,8574.202122639457,4,24
2016-10-14,8570.95,8572.4,8569.2,8570.9,11:15:00,8573.892396673795,4,25
2016-10-14,8574.7,8574.7,8568.25,8570.8,11:20:00,8573.96931127629,4,26
2016-10-14,8580.4,8582.6,8573.35,8574.65,11:25:00,8574.581757821406,4,27
2016-10-14,8579.85,8582.2,8579.2,8579.8,11:30:00,8575.083495171748,4,28
2016-10-14,8583.3,8584.85,8577.85,8579.6,11:35:00,8575.866019441106,4,29
2016-10-14,8583.65,8586.0,8580.55,8582.8,11:40:00,8576.607350922905,4,30
2016-10-14,8580.15,8584.45,8578.0,8583.45,11:45:00,8576.944746073104,4,31
2016-10-14,8579.85,8581.05,8578.2,8579.65,11:50:00,8577.221436923286,4,32
2016-10-14,8577.2,8580.25,8575.6,8579.9,11:55:00,8577.219395311546,4,33
2016-10-14,8578.75,8578.75,8575.25,8577.85,12:00:00,8577.365167186637,4,34
2016-10-14,8579.3,8580.95,8576.85,8578.8,12:05:00,8577.549436978386,4,35
2016-10-14,8576.95,8582.45,8576.3,8579.1,12:10:00,8577.492347742349,4,36
2016-10-14,8570.2,8577.25,8567.9,8576.45,12:15:00,8576.797838433555,4,37
2016-10-14,8569.75,8572.3,8568.7,8570.65,12:20:00,8576.126615725598,4,38
2016-10-14,8578.75,8580.3,8569.25,8569.85,12:25:00,8576.37646184697,4,39
2016-10-14,8585.5,8586.3,8577.45,8578.7,12:30:00,8577.245370242497,4,40
2016-10-14,8587.65,8590.15,8584.85,8585.45,12:35:00,8578.236287362259,4,41
2016-10-14,8590.05,8590.05,8584.7,8587.5,12:40:00,8579.361402851568,4,42
2016-10-14,8596.05,8597.7,8588.7,8589.15,12:45:00,8580.95079305618,4,43
2016-10-14,8591.8,8595.55,8589.4,8595.4,12:50:00,8581.984050860354,4,44
2016-10-14,8591.15,8595.95,8590.25,8591.85,12:55:00,8582.856998397463,4,45
2016-10-14,8589.8,8593.6,8587.65,8591.7,13:00:00,8583.518236645325,4,46
2016-10-14,8589.55,8591.7,8587.95,8588.95,13:05:00,8584.09269029815,4,47
2016-10-14,8584.1,8593.0,8581.55,8589.85,13:10:00,8584.09338646023,4,48
2016-10-14,8583.9,8585.55,8579.95,8583.4,13:15:00,8584.074968702113,4,49
2016-10-14,8584.45,8586.5,8582.35,8583.0,13:20:00,8584.110685968579,4,50
2016-10-14,8587.25,8589.9,8583.25,8584.4,13:25:00,8584.409668257285,4,51
2016-10-14,8595.3,8595.8,8586.4,8587.3,13:30:00,8585.446842708972,4,52
2016-10-14,8594.0,8595.95,8588.9,8595.75,13:35:00,8586.261429117641,4,53
2016-10-14,8596.8,8600.9,8593.1,8593.95,13:40:00,8587.265102535008,4,54
2016-10-14,8601.7,8604.45,8596.05,8597.15,13:45:00,8588.639854674531,4,55
2016-10-14,8600.0,8603.2,8599.65,8601.8,13:50:00,8589.721773276957,4,56
2016-10-14,8580.75,8600.0,8580.75,8599.95,13:55:00,8588.867318679151,4,57
2016-10-14,8576.75,8582.05,8570.75,8580.85,14:00:00,8587.713288328756,4,58
2016-10-14,8582.3,8583.35,8572.55,8576.35,14:05:00,8587.19773705935,4,59
2016-10-14,8585.3,8587.65,8581.15,8582.6,14:10:00,8587.017000196556,4,60
2016-10-14,8581.65,8585.9,8577.25,8585.5,14:15:00,8586.505857320693,4,61
2016-10-14,8584.7,8585.85,8580.5,8581.45,14:20:00,8586.333870909199,4,62
2016-10-14,8591.05,8591.9,8583.8,8584.8,14:25:00,8586.783026060704,4,63
2016-10-14,8590.35,8594.15,8590.1,8590.95,14:30:00,8587.122737864447,4,64
2016-10-14,8583.2,8591.75,8582.15,8590.4,14:35:00,8586.749143782119,4,65
2016-10-14,8585.2,8588.0,8582.3,8582.65,14:40:00,8586.60160627906,4,66
2016-10-14,8586.55,8590.1,8583.8,8584.9,14:45:00,8586.59669139534,4,67
2016-10-14,8591.35,8592.7,8584.95,8585.8,14:50:00,8587.049387452926,4,68
2016-10-14,8590.5,8595.85,8589.65,8592.35,14:55:00,8587.378017219315,4,69
2016-10-14,8579.1,8590.9,8578.6,8590.9,15:00:00,8586.589634626998,4,70
2016-10-14,8580.85,8581.3,8577.65,8579.0,15:05:00,8586.04300275776,4,71
2016-10-14,8583.15,8587.35,8580.35,8580.35,15:10:00,8585.767478685593,4,72
2016-10-14,8584.1,8584.55,8580.15,8582.95,15:15:00,8585.608671191727,4,73
2016-10-14,8588.7,8588.7,8583.8,8583.8,15:20:00,8585.903083459181,4,74
2016-10-14,8586.45,8590.25,8585.2,8588.55,15:25:00,8585.955170748783,4,75
2016-10-17,8572.35,8615.4,8570.65,8610.35,09:15:00,8584.65944020128,0,1
2016-10-17,8571.25,8579.9,8567.35,8572.7,09:20:00,8583.382350658301,0,2
2016-10-17,8581.2,8583.35,8568.05,8570.95,09:25:00,8583.174507738464,0,3
2016-10-17,8587.6,8588.05,8580.3,8581.35,09:30:00,8583.595983191943,0,4
2016-10-17,8587.2,8589.5,8583.35,8587.15,09:35:00,8583.939222887948,0,5
2016-10-17,8591.75,8595.75,8586.25,8587.05,09:40:00,8584.68310642243,0,6
2016-10-17,8587.6,8592.2,8583.6,8591.4,09:45:00,8584.960905810769,0,7
2016-10-17,8576.4,8591.75,8576.4,8587.75,09:50:00,8584.145581447838,0,8
2016-10-17,8582.0,8583.05,8575.95,8576.6,09:55:00,8583.941240357568,0,9
2016-10-17,8583.8,8590.0,8581.8,8581.95,10:00:00,8583.927788894944,0,10
2016-10-17,8583.05,8584.0,8580.9,8583.6,10:05:00,8583.844189952568,0,11
2016-10-17,8579.9,8583.4,8576.95,8582.65,10:10:00,8583.468552814229,0,12
2016-10-17,8581.15,8581.65,8578.4,8579.6,10:15:00,8583.247738260492,0,13
2016-10-17,8579.75,8583.3,8578.65,8580.95,10:20:00,8582.914620330921,0,14
2016-10-17,8586.0,8588.45,8578.9,8579.8,10:25:00,8583.20846601369,0,15
2016-10-17,8582.25,8586.6,8581.65,8585.4,10:30:00,8583.117183536195,0,16
2016-10-17,8577.8,8582.85,8577.6,8582.0,10:35:00,8582.610785104176,0,17
2016-10-17,8576.55,8578.15,8573.35,8577.4,10:40:00,8582.033567475206,0,18
2016-10-17,8579.55,8579.85,8575.95,8576.75,10:45:00,8581.797037239472,0,19
2016-10-17,8578.35,8582.4,8577.4,8579.35,10:50:00,8581.46874797857,0,20
2016-10-17,8580.25,8580.55,8576.65,8578.0,10:55:00,8581.352676742516,0,21
2016-10-17,8584.8,8584.85,8580.25,8580.4,11:00:00,8581.680993243228,0,22
2016-10-17,8584.25,8586.9,8583.8,8584.7,11:05:00,8581.925660553397,0,23
2016-10-17,8589.45,8589.95,8583.9,8583.95,11:10:00,8582.642264310216,0,24
2016-10-17,8587.05,8590.0,8586.6,8589.55,11:15:00,8583.062048661624,0,25
2016-10-17,8580.95,8587.55,8580.05,8587.1,11:20:00,8582.860901170041,0,26
2016-10-17,8581.85,8584.5,8580.0,8580.7,11:25:00,8582.764624868132,0,27
2016-10-17,8580.5,8582.95,8578.7,8581.75,11:30:00,8582.548946309264,0,28
2016-10-17,8576.95,8580.7,8576.5,8580.45,11:35:00,8582.01571332743,0,29
2016-10-17,8574.7,8577.05,8574.05,8577.0,11:40:00,8581.318978724817,0,30
2016-10-17,8564.25,8578.55,8564.25,8574.65,11:45:00,8579.693361703406,0,31
2016-10-17,8558.45,8564.15,8552.2,8564.15,11:50:00,8577.670184398321,0,32
2016-10-17,8547.95,8558.75,8541.1,8558.4,11:55:00,8574.8396906461,0,33
2016-10-17,8548.65,8554.8,8546.6,8548.35,12:00:00,8572.34543439409,0,34
2016-10-17,8529.75,8548.55,8524.55,8548.05,12:05:00,8568.288726356557,0,35
2016-10-17,8534.55,8535.7,8528.55,8529.45,12:10:00,8565.0755143226,0,36
2016-10-17,8529.5,8535.2,8521.45,8534.65,12:15:00,8561.6873701014,0,37
2016-10-17,8533.1,8535.95,8525.55,8529.45,12:20:00,8558.964763425076,0,38
2016-10-17,8528.15,8533.4,8527.75,8533.4,12:25:00,8556.030024051259,0,39
2016-10-17,8530.0,8533.55,8523.35,8527.1,12:30:00,8553.550974141615,0,40
2016-10-17,8528.1,8532.55,8524.3,8530.75,12:35:00,8551.127071842415,0,41
2016-10-17,8534.6,8534.85,8526.2,8528.85,12:40:00,8549.55306500028,0,42
2016-10-17,8527.35,8535.45,8526.95,8535.05,12:45:00,8547.438487381205,0,43
2016-10-17,8531.65,8532.55,8527.4,8528.2,12:50:00,8545.934821916328,0,44
2016-10-17,8524.5,8532.2,8518.4,8531.6,12:55:00,8543.893410305249,0,45
2016-10-17,8529.05,8531.45,8523.0,8524.65,13:00:00,8542.47975218094,0,46
2016-10-17,8544.2,8544.2,8529.25,8529.8,13:05:00,8542.643585306565,0,47
2016-10-17,8541.65,8546.85,8539.45,8545.25,13:10:00,8542.54895813451,0,48
2016-10-17,8534.75,8542.5,8534.15,8541.1,13:15:00,8541.806200216937,0,49
2016-10-17,8536.55,8538.5,8532.3,8534.8,13:20:00,8541.305609720086,0,50
2016-10-17,8533.45,8536.55,8531.45,8536.0,13:25:00,8540.557456413411,0,51
2016-10-17,8541.05,8543.65,8533.15,8534.05,13:30:00,8540.604365326419,0,52
2016-10-17,8538.55,8543.0,8538.05,8541.8,13:35:00,8540.408711485808,0,53
2016-10-17,8531.55,8539.05,8530.7,8538.4,13:40:00,8539.565024677637,0,54
2016-10-17,8535.05,8535.55,8530.55,8531.9,13:45:00,8539.135022327386,0,55
2016-10-17,8533.45,8538.4,8533.2,8534.95,13:50:00,8538.59359162954,0,56
2016-10-17,8535.45,8536.9,8531.7,8533.3,13:55:00,8538.294201950537,0,57
2016-10-17,8535.7,8540.05,8533.7,8535.25,14:00:00,8538.047135098104,0,58
2016-10-17,8536.65,8541.5,8533.6,8536.15,14:05:00,8537.91407461257,0,59
2016-10-17,8537.6,8539.3,8535.95,8537.4,14:10:00,8537.884162744707,0,60
2016-10-17,8538.0,8539.8,8535.6,8537.55,14:15:00,8537.895194864259,0,61
2016-10-17,8529.15,8541.15,8527.0,8537.85,14:20:00,8537.0623191629,0,62
2016-10-17,8528.35,8531.1,8524.3,8528.9,14:25:00,8536.232574480719,0,63
2016-10-17,8534.25,8534.25,8525.9,8528.05,14:30:00,8536.043757863506,0,64
2016-10-17,8535.2,8536.9,8532.8,8534.0,14:35:00,8535.963399971744,0,65
2016-10-17,8522.95,8536.1,8522.55,8535.6,14:40:00,8534.724028545865,0,66
2016-10-17,8522.45,8523.3,8514.05,8522.65,14:45:00,8533.555073446258,0,67
2016-10-17,8515.7,8524.05,8513.1,8522.4,14:50:00,8531.8545902609,0,68
2016-10-17,8508.15,8516.6,8507.6,8516.15,14:55:00,8529.597010236052,0,69
2016-10-17,8518.6,8520.15,8506.15,8507.95,15:00:00,8528.549675927856,0,70
2016-10-17,8524.75,8528.9,8516.5,8518.65,15:05:00,8528.187802029965,0,71
2016-10-17,8520.4,8526.3,8514.45,8525.25,15:10:00,8527.44610659854,0,72
2016-10-17,8522.3,8523.3,8515.15,8520.65,15:15:00,8526.956001208202,0,73
2016-10-17,8522.0,8522.4,8517.15,8522.35,15:20:00,8526.484001093135,0,74
2016-10-17,8524.9,8527.7,8521.4,8522.6,15:25:00,8526.33314384617,0,75
2016-10-18,8578.35,8585.7,8555.9,8555.9,09:15:00,8531.287130146535,1,1
2016-10-18,8571.7,8578.5,8569.6,8577.8,09:20:00,8535.135974894483,1,2
2016-10-18,8576.0,8576.1,8568.3,8571.5,09:25:00,8539.027786809294,1,3
2016-10-18,8583.75,8583.85,8574.6,8575.4,09:30:00,8543.28704520841,1,4
2016-10-18,8583.5,8585.0,8580.2,8583.8,09:35:00,8547.116850426657,1,5
2016-10-18,8576.95,8585.1,8575.4,8583.7,09:40:00,8549.958102766976,1,6
2016-10-18,8577.35,8579.6,8575.25,8576.7,09:45:00,8552.566854884406,1,7
2016-10-18,8581.05,8581.55,8572.3,8577.1,09:50:00,8555.279535371605,1,8
2016-10-18,8582.3,8586.7,8580.75,8581.3,09:55:00,8557.85291295526,1,9
2016-10-18,8582.4,8584.4,8580.5,8582.6,10:00:00,8560.190730769045,1,10
2016-10-18,8581.5,8582.35,8577.7,8582.35,10:05:00,8562.220184981517,1,11
2016-10-18,8588.8,8588.9,8581.4,8581.4,10:10:00,8564.751595935659,1,12
2016-10-18,8592.15,8594.15,8588.95,8588.95,10:15:00,8567.36096775131,1,13
2016-10-18,8586.5,8592.75,8586.2,8592.35,10:20:00,8569.183732727377,1,14
2016-10-18,8586.75,8587.35,8583.9,8586.45,10:25:00,8570.856710562864,1,15
2016-10-18,8585.6,8588.95,8585.0,8587.0,10:30:00,8572.260833366401,1,16
2016-10-18,8576.8,8585.7,8573.95,8585.7,10:35:00,8572.693134950554,1,17
2016-10-18,8575.0,8578.1,8573.2,8577.95,10:40:00,8572.912836383834,1,18
2016-10-18,8573.8,8578.75,8570.6,8575.35,10:45:00,8572.997328156802,1,19
2016-10-18,8578.35,8578.35,8572.9,8573.95,10:50:00,8573.507106427582,1,20
2016-10-18,8583.75,8583.8,8577.4,8578.15,10:55:00,8574.482620101146,1,21
2016-10-18,8581.8,8583.3,8579.4,8583.3,11:00:00,8575.179513424846,1,22
2016-10-18,8585.35,8587.0,8581.5,8581.6,11:05:00,8576.148131193908,1,23
2016-10-18,8587.95,8589.9,8584.5,8584.9,11:10:00,8577.27211869925,1,24
2016-10-18,8587.0,8589.05,8586.15,8587.6,11:15:00,8578.198583585036,1,25
2016-10-18,8585.65,8587.7,8584.85,8587.15,11:20:00,8578.908242291222,1,26
2016-10-18,8592.1,8592.25,8585.55,8585.55,11:25:00,8580.164600168247,1,27
2016-10-18,8593.55,8593.8,8589.45,8592.2,11:30:00,8581.439400152223,1,28
2016-10-18,8591.3,8593.6,8589.65,8593.25,11:35:00,8582.37850489963,1,29
2016-10-18,8590.4,8591.25,8588.2,8591.25,11:40:00,8583.142456813952,1,30
2016-10-18,8591.55,8591.65,8589.2,8590.25,11:45:00,8583.943175212622,1,31
2016-10-18,8594.95,8596.9,8591.25,8591.4,11:50:00,8584.991444239991,1,32
2016-10-18,8593.1,8596.25,8591.45,8595.0,11:55:00,8585.763687645707,1,33
2016-10-18,8590.9,8593.7,8590.6,8592.9,12:00:00,8586.252860250877,1,34
2016-10-18,8591.95,8593.45,8590.4,8591.1,12:05:00,8586.79544498889,1,35
2016-10-18,8590.6,8591.9,8587.75,8591.75,12:10:00,8587.157783561377,1,36
2016-10-18,8587.7,8591.95,8587.1,8590.15,12:15:00,8587.209423222197,1,37
2016-10-18,8589.75,8590.45,8587.15,8587.5,12:20:00,8587.451382915322,1,38
2016-10-18,8593.1,8593.8,8588.7,8589.55,12:25:00,8587.989346447197,1,39
2016-10-18,8591.85,8594.5,8589.7,8592.95,12:30:00,8588.35702773794,1,40
2016-10-18,8597.15,8598.65,8589.7,8592.05,12:35:00,8589.19445366766,1,41
2016-10-18,8596.2,8598.55,8595.15,8597.3,12:40:00,8589.861648556454,1,42
2016-10-18,8596.2,8598.55,8595.1,8596.3,12:45:00,8590.465301074888,1,43
2016-10-18,8598.0,8600.05,8596.3,8596.3,12:50:00,8591.182891448709,1,44
2016-10-18,8604.7,8606.35,8597.45,8597.9,12:55:00,8592.470235120261,1,45
2016-10-18,8608.05,8610.05,8603.95,8604.65,13:00:00,8593.954022251664,1,46
2016-10-18,8615.45,8621.5,8607.95,8608.15,13:05:00,8596.001258227696,1,47
2016-10-18,8616.75,8620.1,8615.2,8615.4,13:10:00,8597.977328872677,1,48
2016-10-18,8623.3,8623.3,8616.9,8616.9,13:15:00,8600.389011837184,1,49
2016-10-18,8617.75,8623.2,8617.65,8623.2,13:20:00,8602.042439281262,1,50
2016-10-18,8616.45,8617.85,8614.55,8617.8,13:25:00,8603.414587921141,1,51
2016-10-18,8617.2,8620.25,8615.7,8616.4,13:30:00,8604.727484309604,1,52
2016-10-18,8634.6,8635.55,8617.1,8617.1,13:35:00,8607.572485803927,1,53
2016-10-18,8634.0,8637.5,8632.85,8634.55,13:40:00,8610.089391917838,1,54
2016-10-18,8632.65,8636.3,8631.3,8633.9,13:45:00,8612.238021258996,1,55
2016-10-18,8632.15,8637.0,8631.85,8632.7,13:50:00,8614.134400186711,1,56
2016-10-18,8635.0,8635.95,8631.85,8632.6,13:55:00,8616.121600168928,1,57
2016-10-18,8644.85,8647.0,8634.95,8634.95,14:00:00,8618.857638248079,1,58
2016-10-18,8646.1,8648.8,8643.7,8644.9,14:05:00,8621.45214889112,1,59
2016-10-18,8650.2,8650.2,8645.85,8647.0,14:10:00,8624.190039472918,1,60
2016-10-18,8644.95,8650.85,8642.05,8649.8,14:15:00,8626.167178570735,1,61
2016-10-18,8647.9,8650.35,8643.4,8645.05,14:20:00,8628.236971087808,1,62
2016-10-18,8649.8,8652.15,8647.0,8648.05,14:25:00,8630.290592888969,1,63
2016-10-18,8648.2,8650.2,8642.1,8649.45,14:30:00,8631.996250709068,1,64
2016-10-18,8647.55,8649.6,8645.6,8648.1,14:35:00,8633.477560165347,1,65
2016-10-18,8654.1,8655.0,8647.0,8647.35,14:40:00,8635.441602054361,1,66
2016-10-18,8658.7,8659.5,8653.6,8653.7,14:45:00,8637.656687572993,1,67
2016-10-18,8657.3,8659.8,8655.9,8658.65,14:50:00,8639.527479232707,1,68
2016-10-18,8661.45,8662.75,8654.95,8657.15,14:55:00,8641.615338353402,1,69
2016-10-18,8672.75,8673.0,8661.65,8661.65,15:00:00,8644.580544224507,1,70
2016-10-18,8678.3,8679.6,8671.95,8671.95,15:05:00,8647.791920965032,1,71
2016-10-18,8678.2,8679.75,8674.75,8678.55,15:10:00,8650.68792849217,1,72
2016-10-18,8680.0,8680.95,8676.75,8678.7,15:15:00,8653.479554350059,1,73
2016-10-18,8682.35,8685.1,8678.2,8679.2,15:20:00,8656.229120602435,1,74
2016-10-18,8667.7,8683.7,8667.7,8681.9,15:25:00,8657.321585306965,1,75
2016-10-19,8681.0,8696.3,8669.55,8696.3,09:15:00,8659.576672420588,2,1
2016-10-19,8676.35,8686.15,8676.35,8681.05,09:20:00,8661.174132190055,2,2
2016-10-19,8669.3,8679.3,8667.6,8676.5,09:25:00,8661.948024362431,2,3
2016-10-19,8670.95,8672.1,8660.6,8670.1,09:30:00,8662.805355375533,2,4
2016-10-19,8679.9,8681.75,8668.05,8671.1,09:35:00,8664.43341676834,2,5
2016-10-19,8680.0,8680.85,8675.55,8680.15,09:40:00,8665.915948504688,2,6
2016-10-19,8676.0,8681.85,8675.4,8679.8,09:45:00,8666.876334361385,2,7
2016-10-19,8673.45,8676.75,8670.45,8675.4,09:50:00,8667.502397755537,2,8
2016-10-19,8673.4,8674.1,8670.15,8673.0,09:55:00,8668.064074159773,2,9
2016-10-19,8669.2,8674.05,8667.8,8673.35,10:00:00,8668.172257573127,2,10
2016-10-19,8663.9,8670.75,8662.65,8669.1,10:05:00,8667.765375899497,2,11
2016-10-19,8665.8,8666.25,8657.45,8663.95,10:10:00,8667.578197242401,2,12
2016-10-19,8666.65,8667.2,8661.35,8666.05,10:15:00,8667.48979750503,2,13
2016-10-19,8662.25,8666.95,8656.8,8666.95,10:20:00,8666.990769171218,2,14
2016-10-19,8662.55,8664.8,8661.4,8662.3,10:25:00,8666.567838773959,2,15
2016-10-19,8661.8,8662.85,8658.25,8662.6,10:30:00,8666.113758890724,2,16
2016-10-19,8663.75,8666.1,8661.3,8661.95,10:35:00,8665.888638996368,2,17
2016-10-19,8667.9,8668.8,8663.2,8664.0,10:40:00,8666.08019718719,2,18
2016-10-19,8663.3,8667.8,8661.95,8667.8,10:45:00,8665.815416502695,2,19
2016-10-19,8663.25,8664.9,8660.75,8663.2,10:50:00,8665.571091121486,2,20
2016-10-19,8665.1,8668.2,8662.35,8663.6,10:55:00,8665.526225300393,2,21
2016-10-19,8666.25,8666.55,8662.45,8664.95,11:00:00,8665.595156224164,2,22
2016-10-19,8666.0,8666.95,8664.3,8666.05,11:05:00,8665.633712774244,2,23
2016-10-19,8664.8,8666.8,8663.35,8666.4,11:10:00,8665.55431155765,2,24
2016-10-19,8662.6,8665.35,8661.25,8664.65,11:15:00,8665.27294855216,2,25
2016-10-19,8662.0,8664.15,8661.15,8663.1,11:20:00,8664.96123916624,2,26
2016-10-19,8659.15,8664.4,8658.6,8661.65,11:25:00,8664.407787817074,2,27
2016-10-19,8657.55,8659.7,8656.85,8659.3,11:30:00,8663.75466516783,2,28
2016-10-19,8659.55,8660.95,8656.95,8657.35,11:35:00,8663.354220866131,2,29
2016-10-19,8663.35,8663.8,8659.55,8659.65,11:40:00,8663.35381887888,2,30
2016-10-19,8665.8,8665.8,8663.45,8663.75,11:45:00,8663.586788509463,2,31
2016-10-19,8662.0,8666.15,8661.1,8665.85,11:50:00,8663.435665794277,2,32
2016-10-19,8665.75,8666.1,8661.7,8661.7,11:55:00,8663.656078575774,2,33
2016-10-19,8667.5,8669.15,8665.65,8665.65,12:00:00,8664.022166330462,2,34
2016-10-19,8669.15,8672.3,8666.7,8667.2,12:05:00,8664.510531441847,2,35
2016-10-19,8669.85,8670.9,8668.55,8669.4,12:10:00,8665.01905225691,2,36
2016-10-19,8668.1,8670.45,8667.55,8670.15,12:15:00,8665.31247585149,2,37
2016-10-19,8666.2,8668.4,8663.1,8668.0,12:20:00,8665.397001960871,2,38
2016-10-19,8667.45,8669.3,8665.6,8666.15,12:25:00,8665.592525583646,2,39
2016-10-19,8665.4,8669.95,8665.15,8667.5,12:30:00,8665.574189813775,2,40
2016-10-19,8658.2,8665.2,8657.0,8665.2,12:35:00,8664.871886021987,2,41
2016-10-19,8653.65,8658.25,8652.4,8658.15,12:40:00,8663.803134972273,2,42
2016-10-19,8656.15,8656.4,8652.35,8653.6,12:45:00,8663.074264974914,2,43
2016-10-19,8647.05,8656.6,8644.9,8656.3,12:50:00,8661.548144501112,2,44
2016-10-19,8644.3,8649.6,8642.65,8647.35,12:55:00,8659.905464072435,2,45
2016-10-19,8651.55,8651.7,8642.65,8644.55,13:00:00,8659.109705589346,2,46
2016-10-19,8649.25,8653.05,8649.0,8651.75,13:05:00,8658.170686009407,2,47
2016-10-19,8648.9,8649.25,8646.85,8649.0,13:10:00,8657.28776353232,2,48
2016-10-19,8643.15,8649.2,8641.4,8649.15,13:15:00,8655.941309862576,2,49
2016-10-19,8639.45,8642.95,8636.7,8642.95,13:20:00,8654.370708923283,2,50
2016-10-19,8643.75,8647.3,8639.4,8639.75,13:25:00,8653.359212835352,2,51
2016-10-19,8645.8,8645.8,8639.8,8643.65,13:30:00,8652.639287803413,2,52
2016-10-19,8651.3,8651.3,8643.95,8645.75,13:35:00,8652.51173658404,2,53
2016-10-19,8658.6,8659.85,8651.0,8653.2,13:40:00,8653.091571195084,2,54
2016-10-19,8662.1,8664.85,8657.3,8658.55,13:45:00,8653.949516795552,2,55
2016-10-19,8671.4,8672.35,8661.95,8661.95,13:50:00,8655.611467576928,2,56
2016-10-19,8679.0,8680.3,8667.2,8671.55,13:55:00,8657.838946855316,2,57
2016-10-19,8671.85,8684.25,8671.15,8678.35,14:00:00,8659.173332869095,2,58
2016-10-19,8679.45,8681.9,8671.55,8671.6,14:05:00,8661.104444024419,2,59
2016-10-19,8682.9,8685.4,8679.4,8679.4,14:10:00,8663.180211260187,2,60
2016-10-19,8679.55,8684.85,8678.45,8682.95,14:15:00,8664.739238759217,2,61
2016-10-19,8677.7,8681.8,8675.8,8679.35,14:20:00,8665.973596972626,2,62
2016-10-19,8683.35,8684.0,8676.95,8677.85,14:25:00,8667.628492499043,2,63
2016-10-19,8683.8,8688.1,8681.9,8683.65,14:30:00,8669.168636070563,2,64
2016-10-19,8673.45,8685.35,8673.45,8683.9,14:35:00,8669.576385016224,2,65
2016-10-19,8660.35,8672.9,8657.25,8672.9,14:40:00,8668.697681681346,2,66
2016-10-19,8651.9,8661.1,8650.55,8659.5,14:45:00,8667.097902473599,2,67
2016-10-19,8661.4,8661.4,8646.8,8651.8,14:50:00,8666.555245095162,2,68
2016-10-19,8657.45,8663.6,8655.05,8661.5,14:55:00,8665.688078895622,2,69
2016-10-19,8667.95,8668.8,8656.9,8658.1,15:00:00,8665.903499953183,2,70
2016-10-19,8663.0,8668.35,8662.4,8668.35,15:05:00,8665.626976148118,2,71
2016-10-19,8657.5,8664.75,8656.3,8662.85,15:10:00,8664.852978419725,2,72
2016-10-19,8657.15,8660.75,8655.15,8657.6,15:15:00,8664.11936142737,2,73
2016-10-19,8656.05,8657.35,8653.7,8657.35,15:20:00,8663.35085081524,2,74
2016-10-19,8655.55,8656.95,8652.85,8655.55,15:25:00,8662.607912642361,2,75
2016-10-20,8699.65,8700.4,8687.75,8691.85,09:15:00,8666.135730485945,3,1
2016-10-20,8710.6,8715.7,8699.15,8699.35,09:20:00,8670.370422820617,3,2
2016-10-20,8717.9,8718.5,8710.5,8710.65,09:25:00,8674.897049218655,3,3
2016-10-20,8716.15,8723.1,8716.15,8718.0,09:30:00,8678.825901674021,3,4
2016-10-20,8716.0,8716.95,8711.75,8716.1,09:35:00,8682.366291990782,3,5
2016-10-20,8713.65,8719.35,8713.25,8716.1,09:40:00,8685.345692753564,3,6
2016-10-20,8712.05,8714.1,8710.8,8713.7,09:45:00,8687.888960110367,3,7
2016-10-20,8722.7,8722.7,8711.65,8711.85,09:50:00,8691.204297242713,3,8
2016-10-20,8722.9,8727.0,8722.7,8723.3,09:55:00,8694.22293560055,3,9
2016-10-20,8719.1,8723.2,8718.45,8723.15,10:00:00,8696.59217982907,3,10
2016-10-20,8718.55,8720.3,8714.85,8718.95,10:05:00,8698.683400797729,3,11
2016-10-20,8716.2,8721.0,8715.8,8718.5,10:10:00,8700.351648340802,3,12
2016-10-20,8715.15,8716.5,8708.95,8715.9,10:15:00,8701.761015165488,3,13
2016-10-20,8712.0,8718.1,8711.1,8714.85,10:20:00,8702.7361565783,3,14
2016-10-20,8708.4,8712.55,8705.55,8712.1,10:25:00,8703.275570237509,3,15
2016-10-20,8710.9,8714.2,8708.1,8708.25,10:30:00,8704.001706405365,3,16
2016-10-20,8702.9,8711.25,8702.35,8711.05,10:35:00,8703.896781985806,3,17
2016-10-20,8706.35,8706.35,8699.75,8703.1,10:40:00,8704.13042179668,3,18
2016-10-20,8704.4,8706.15,8702.15,8705.8,10:45:00,8704.156095911283,3,19
2016-10-20,8709.55,8710.05,8704.05,8704.45,10:50:00,8704.66980106259,3,20
2016-10-20,8710.5,8710.7,8707.5,8709.5,10:55:00,8705.225058104248,3,21
2016-10-20,8713.45,8715.45,8710.15,8710.7,11:00:00,8706.008385903844,3,22
2016-10-20,8715.3,8716.85,8713.65,8713.65,11:05:00,8706.893301532049,3,23
2016-10-20,8712.55,8715.45,8711.85,8715.45,11:10:00,8707.432034719473,3,24
2016-10-20,8716.45,8716.45,8712.65,8712.65,11:15:00,8708.290888555714,3,25
2016-10-20,8716.65,8718.75,8715.65,8716.15,11:20:00,8709.086994407551,3,26
2016-10-20,8709.35,8717.25,8709.05,8716.35,11:25:00,8709.112042559213,3,27
2016-10-20,8704.7,8709.3,8704.2,8709.2,11:30:00,8708.691848029765,3,28
2016-10-20,8705.5,8708.35,8703.45,8705.2,11:35:00,8708.387862503121,3,29
2016-10-20,8707.8,8709.55,8705.4,8705.4,11:40:00,8708.331875598062,3,30
2016-10-20,8699.85,8707.9,8699.45,8707.85,11:45:00,8707.524077922055,3,31
2016-10-20,8696.4,8700.0,8691.9,8699.55,11:50:00,8706.464641929479,3,32
2016-10-20,8693.7,8696.45,8688.0,8696.3,11:55:00,8705.24896174572,3,33
2016-10-20,8689.4,8694.7,8688.75,8693.9,12:00:00,8703.739536817555,3,34
2016-10-20,8687.9,8689.75,8685.05,8689.3,12:05:00,8702.231009501596,3,35
2016-10-20,8696.2,8696.3,8688.15,8688.15,12:10:00,8701.6566276443,3,36
2016-10-20,8695.7,8698.3,8693.4,8696.0,12:15:00,8701.089329773415,3,37
2016-10-20,8696.6,8698.35,8695.0,8695.65,12:20:00,8700.661774556898,3,38
2016-10-20,8697.5,8698.8,8695.65,8697.1,12:25:00,8700.360653170526,3,39
2016-10-20,8696.5,8698.5,8695.35,8697.6,12:30:00,8699.99297191619,3,40
2016-10-20,8696.8,8697.7,8693.1,8696.6,12:35:00,8699.688879352743,3,41
2016-10-20,8695.0,8697.25,8692.6,8696.9,12:40:00,8699.242319414387,3,42
2016-10-20,8678.75,8695.3,8678.5,8695.3,12:45:00,8697.29066994635,3,43
2016-10-20,8685.3,8690.35,8678.3,8679.3,12:50:00,8696.14870138003,3,44
2016-10-20,8685.6,8690.0,8684.15,8685.45,12:55:00,8695.14406315336,3,45
2016-10-20,8692.5,8692.85,8683.95,8685.85,13:00:00,8694.892247614946,3,46
2016-10-20,8693.3,8697.75,8692.1,8692.7,13:05:00,8694.74060498495,3,47
2016-10-20,8696.3,8699.1,8693.55,8693.55,13:10:00,8694.889118795907,3,48
2016-10-20,8693.9,8700.0,8693.7,8696.85,13:15:00,8694.79491700582,3,49
2016-10-20,8693.95,8696.15,8690.75,8694.0,13:20:00,8694.714448719551,3,50
2016-10-20,8698.3,8700.05,8693.45,8693.45,13:25:00,8695.05592979388,3,51
2016-10-20,8698.3,8701.45,8696.05,8698.35,13:30:00,8695.36488886113,3,52
2016-10-20,8708.65,8710.7,8698.45,8698.45,13:35:00,8696.630137541022,3,53
2016-10-20,8706.15,8710.3,8705.65,8708.4,13:40:00,8697.536791108543,3,54
2016-10-20,8702.65,8707.25,8701.8,8707.25,13:45:00,8698.02376338392,3,55
2016-10-20,8702.4,8703.95,8701.85,8703.1,13:50:00,8698.440547823548,3,56
2016-10-20,8695.35,8702.65,8692.4,8702.25,13:55:00,8698.14620993559,3,57
2016-10-20,8692.25,8697.2,8691.2,8695.2,14:00:00,8697.584666132201,3,58
2016-10-20,8691.65,8694.8,8690.85,8692.1,14:05:00,8697.019459833897,3,59
2016-10-20,8689.55,8692.35,8687.45,8692.15,14:10:00,8696.308082706859,3,60
2016-10-20,8692.4,8692.85,8688.95,8689.75,14:15:00,8695.935884353825,3,61
2016-10-20,8697.05,8697.15,8688.7,8691.85,14:20:00,8696.041990605841,3,62
2016-10-20,8694.9,8698.4,8691.95,8697.25,14:25:00,8695.933229595761,3,63
2016-10-20,8691.1,8695.2,8690.7,8694.7,14:30:00,8695.472922015213,3,64
2016-10-20,8696.25,8697.05,8691.05,8691.05,14:35:00,8695.546929442336,3,65
2016-10-20,8697.0,8700.8,8695.7,8695.9,14:40:00,8695.685317114496,3,66
2016-10-20,8699.7,8700.6,8694.7,8696.95,14:45:00,8696.067667865496,3,67
2016-10-20,8703.1,8707.05,8699.65,8699.65,14:50:00,8696.737413783068,3,68
2016-10-20,8705.4,8706.35,8702.35,8703.05,14:55:00,8697.562421994206,3,69
2016-10-20,8695.65,8705.0,8695.3,8705.0,15:00:00,8697.380286566186,3,70
2016-10-20,8698.05,8699.5,8695.45,8695.55,15:05:00,8697.444068797977,3,71
2016-10-20,8700.7,8701.35,8697.8,8698.45,15:10:00,8697.754157483883,3,72
2016-10-20,8698.3,8701.8,8697.55,8700.6,15:15:00,8697.806142485419,3,73
2016-10-20,8701.05,8701.45,8697.85,8697.95,15:20:00,8698.115081296331,3,74
2016-10-20,8700.2,8701.85,8698.6,8701.2,15:25:00,8698.313644982396,3,75
2016-10-21,8688.2,8703.45,8675.1,8701.95,09:15:00,8697.35044069836,4,1
2016-10-21,8684.05,8694.8,8683.65,8688.65,09:20:00,8696.08373206042,4,2
2016-10-21,8685.7,8688.05,8682.05,8683.9,09:25:00,8695.094805197523,4,3
2016-10-21,8679.5,8686.15,8673.35,8686.15,09:30:00,8693.609585654902,4,4
2016-10-21,8679.35,8683.0,8676.75,8679.65,09:35:00,8692.251529878244,4,5
2016-10-21,8684.0,8686.75,8679.25,8679.25,09:40:00,8691.46566988984,4,6
2016-10-21,8680.1,8684.4,8678.45,8684.3,09:45:00,8690.383225138426,4,7
2016-10-21,8662.85,8681.85,8661.65,8680.2,09:50:00,8687.76101322048,4,8
2016-10-21,8664.6,8666.6,8660.05,8662.2,09:55:00,8685.555202437577,4,9
2016-10-21,8667.05,8671.9,8661.7,8664.8,10:00:00,8683.792802205428,4,10
2016-10-21,8670.1,8670.45,8664.5,8667.4,10:05:00,8682.488725804911,4,11
2016-10-21,8671.25,8673.15,8669.25,8669.8,10:10:00,8681.418370966348,4,12
2016-10-21,8667.4,8671.45,8666.85,8671.1,10:15:00,8680.083288017173,4,13
2016-10-21,8664.75,8667.55,8663.3,8667.5,10:20:00,8678.62297487268,4,14
2016-10-21,8666.45,8669.05,8663.9,8664.15,10:25:00,8677.463643932424,4,15
2016-10-21,8668.55,8668.9,8665.1,8666.5,10:30:00,8676.61472546267,4,16
2016-10-21,8661.6,8668.85,8660.85,8668.35,10:35:00,8675.184751609082,4,17
2016-10-21,8663.2,8664.35,8661.45,8661.7,10:40:00,8674.043346693932,4,18
2016-10-21,8660.6,8664.35,8658.8,8663.25,10:45:00,8672.763027961177,4,19
2016-10-21,8663.95,8666.05,8660.0,8660.8,10:50:00,8671.923691964874,4,20
2016-10-21,8664.25,8665.85,8662.05,8663.65,10:55:00,8671.192864158695,4,21
2016-10-21,8661.15,8664.7,8661.15,8664.1,11:00:00,8670.236400905485,4,22
2016-10-21,8657.4,8662.0,8656.45,8661.35,11:05:00,8669.013886533534,4,23
2016-10-21,8658.05,8661.9,8657.05,8657.5,11:10:00,8667.969706863674,4,24
2016-10-21,8654.85,8660.8,8652.25,8658.35,11:15:00,8666.720210971896,4,25
2016-10-21,8656.65,8656.8,8652.05,8655.25,11:20:00,8665.761143260286,4,26
2016-10-21,8662.0,8662.2,8656.3,8656.3,11:25:00,8665.40293914026,4,27
2016-10-21,8660.7,8663.95,8660.25,8662.3,11:30:00,8664.955040174522,4,28
2016-10-21,8666.0,8667.9,8660.85,8661.1,11:35:00,8665.054560157902,4,29
2016-10-21,8666.35,8666.7,8663.55,8665.9,11:40:00,8665.177935380958,4,30
2016-10-21,8666.45,8668.5,8665.5,8666.6,11:45:00,8665.299084392296,4,31
2016-10-21,8660.6,8667.65,8659.0,8666.3,11:50:00,8664.851552545411,4,32
2016-10-21,8663.85,8664.95,8660.1,8660.85,11:55:00,8664.756166588704,4,33
2016-10-21,8665.3,8666.65,8662.6,8663.9,12:00:00,8664.807960246922,4,34
2016-10-21,8664.6,8667.85,8664.0,8665.2,12:05:00,8664.78815450912,4,35
2016-10-21,8664.3,8665.5,8663.05,8664.5,12:10:00,8664.74166360349,4,36
2016-10-21,8663.4,8664.6,8661.85,8664.25,12:15:00,8664.613886117444,4,37
2016-10-21,8663.8,8664.2,8658.95,8663.6,12:20:00,8664.536373153878,4,38
2016-10-21,8667.55,8668.45,8663.75,8663.9,12:25:00,8664.823385234462,4,39
2016-10-21,8669.55,8670.7,8665.45,8667.8,12:30:00,8665.273539021657,4,40
2016-10-21,8669.05,8669.6,8666.3,8669.6,12:35:00,8665.633201971974,4,41
2016-10-21,8670.75,8672.0,8669.0,8669.15,12:40:00,8666.120516069881,4,42
2016-10-21,8671.85,8672.15,8668.7,8670.65,12:45:00,8666.666181206083,4,43
2016-10-21,8671.8,8675.4,8671.1,8671.95,12:50:00,8667.155116329313,4,44
2016-10-21,8669.25,8671.95,8668.0,8671.65,12:55:00,8667.354629059855,4,45
2016-10-21,8673.3,8676.0,8669.6,8669.6,13:00:00,8667.920854863678,4,46
2016-10-21,8672.95,8674.9,8672.3,8673.25,13:05:00,8668.399821067138,4,47
2016-10-21,8672.3,8675.9,8672.3,8673.4,13:10:00,8668.77126667979,4,48
2016-10-21,8672.7,8676.2,8669.75,8672.85,13:15:00,8669.145431757906,4,49
2016-10-21,8667.7,8674.9,8667.7,8672.85,13:20:00,8669.007771590488,4,50
2016-10-21,8669.05,8670.25,8667.3,8667.35,13:25:00,8669.011793343774,4,51
2016-10-21,8670.25,8671.4,8668.25,8669.25,13:30:00,8669.129717787224,4,52
2016-10-21,8671.65,8677.15,8670.5,8670.6,13:35:00,8669.369744664631,4,53
2016-10-21,8673.9,8673.9,8669.45,8671.7,13:40:00,8669.801197553714,4,54
2016-10-21,8669.6,8675.6,8669.35,8673.7,13:45:00,8669.782035881932,4,55
2016-10-21,8670.75,8671.2,8669.5,8669.8,13:50:00,8669.874222940796,4,56
2016-10-21,8671.2,8675.4,8670.5,8670.8,13:55:00,8670.000487422625,4,57
2016-10-21,8672.2,8673.05,8670.1,8671.15,14:00:00,8670.209964810947,4,58
2016-10-21,8663.2,8672.7,8662.85,8672.15,14:05:00,8669.542349114667,4,59
2016-10-21,8661.5,8664.25,8660.55,8663.35,14:10:00,8668.776411103747,4,60
2016-10-21,8663.2,8664.25,8660.55,8661.45,14:15:00,8668.245324331961,4,61
2016-10-21,8657.6,8664.95,8656.75,8663.4,14:20:00,8667.231483919393,4,62
2016-10-21,8659.6,8660.3,8656.35,8658.1,14:25:00,8666.50467592707,4,63
2016-10-21,8670.95,8670.95,8654.25,8659.7,14:30:00,8666.928040124492,4,64
2016-10-21,8671.85,8675.9,8667.35,8670.3,14:35:00,8667.396798207874,4,65
2016-10-21,8677.5,8678.9,8670.85,8671.95,14:40:00,8668.359007902362,4,66
2016-10-21,8692.75,8692.75,8676.8,8677.65,14:45:00,8670.681959530708,4,67
2016-10-21,8686.85,8696.75,8685.05,8692.6,14:50:00,8672.221772908737,4,68
2016-10-21,8685.85,8691.35,8685.3,8686.75,14:55:00,8673.51969929838,4,69
2016-10-21,8692.8,8693.15,8685.45,8685.6,15:00:00,8675.35591841282,4,70
2016-10-21,8688.8,8694.8,8687.75,8693.15,15:05:00,8676.63630713541,4,71
2016-10-21,8691.5,8693.3,8688.9,8688.9,15:10:00,8678.051896932038,4,72
2016-10-21,8695.5,8695.65,8689.1,8691.75,15:15:00,8679.713621033748,4,73
2016-10-21,8696.75,8698.8,8694.8,8695.9,15:20:00,8681.336133316248,4,74
2016-10-21,8691.15,8696.95,8690.25,8696.9,15:25:00,8682.27078728613,4,75
2016-10-24,8715.45,8717.8,8703.3,8707.4,09:15:00,8685.4307123065,0,1
2016-10-24,8717.35,8723.05,8713.35,8715.95,09:20:00,8688.470644467785,0,2
2016-10-24,8705.95,8717.1,8703.5,8716.55,09:25:00,8690.135344994664,0,3
2016-10-24,8688.05,8706.0,8684.15,8706.0,09:30:00,8689.936740709458,0,4
2016-10-24,8702.0,8702.2,8687.45,8688.65,09:35:00,8691.085622546652,0,5
2016-10-24,8694.5,8703.05,8694.5,8702.15,09:40:00,8691.410801351733,0,6
2016-10-24,8699.3,8699.45,8694.1,8694.6,09:45:00,8692.16215360395,0,7
2016-10-24,8692.65,8700.05,8691.75,8699.25,09:50:00,8692.208615165477,0,8
2016-10-24,8697.7,8699.4,8691.05,8692.55,09:55:00,8692.731604197335,0,9
2016-10-24,8703.05,8703.05,8696.35,8697.75,10:00:00,8693.714308559494,0,10
2016-10-24,8701.1,8703.85,8699.85,8703.15,10:05:00,8694.417707744304,0,11
2016-10-24,8702.35,8702.35,8698.0,8701.4,10:10:00,8695.173164149608,0,12
2016-10-24,8702.6,8706.55,8701.35,8702.45,10:15:00,8695.880481849646,0,13
2016-10-24,8697.65,8702.45,8697.35,8702.35,10:20:00,8696.049007387775,0,14
2016-10-24,8700.6,8702.1,8697.5,8697.7,10:25:00,8696.482435255606,0,15
2016-10-24,8703.45,8705.55,8700.35,8700.7,10:30:00,8697.146012850311,0,16
2016-10-24,8706.65,8706.85,8702.2,8703.8,10:35:00,8698.051154483615,0,17
2016-10-24,8705.85,8707.15,8704.05,8706.75,10:40:00,8698.793901675652,0,18
2016-10-24,8704.05,8707.7,8703.35,8705.95,10:45:00,8699.294482468447,0,19
2016-10-24,8703.95,8706.8,8701.7,8704.1,10:50:00,8699.737865090501,0,20
2016-10-24,8697.4,8704.35,8697.25,8704.2,10:55:00,8699.515211272359,0,21
2016-10-24,8700.65,8701.2,8697.1,8697.45,11:00:00,8699.623286389276,0,22
2016-10-24,8698.95,8701.15,8697.35,8700.6,11:05:00,8699.559163876012,0,23
2016-10-24,8695.9,8699.6,8695.45,8699.15,11:10:00,8699.210672078296,0,24
2016-10-24,8693.9,8696.2,8693.05,8695.95,11:15:00,8698.704893785125,0,25
2016-10-24,8697.65,8697.7,8693.5,8693.7,11:20:00,8698.604427710352,0,26
2016-10-24,8697.2,8698.5,8696.65,8697.45,11:25:00,8698.470672690319,0,27
2016-10-24,8697.55,8698.65,8695.65,8697.05,11:30:00,8698.382989576956,0,28
2016-10-24,8700.2,8700.2,8697.0,8697.45,11:35:00,8698.556038188675,0,29
2016-10-24,8698.85,8700.65,8698.35,8700.05,11:40:00,8698.584034551659,0,30
2016-10-24,8697.8,8699.15,8696.45,8698.55,11:45:00,8698.509364594358,0,31
2016-10-24,8699.7,8700.1,8697.0,8698.05,11:50:00,8698.622758442514,0,32
2016-10-24,8700.25,8700.55,8698.35,8699.55,11:55:00,8698.777733828942,0,33
2016-10-24,8705.6,8705.6,8699.7,8700.2,12:00:00,8699.42747346428,0,34
2016-10-24,8706.85,8707.4,8704.0,8705.55,12:05:00,8700.134380753396,0,35
2016-10-24,8705.0,8707.65,8704.45,8706.9,12:10:00,8700.597773062596,0,36
2016-10-24,8706.3,8707.75,8704.95,8705.2,12:15:00,8701.14084229473,0,37
2016-10-24,8706.1,8706.95,8704.35,8706.25,12:20:00,8701.613143028566,0,38
2016-10-24,8705.45,8707.2,8704.95,8705.9,12:25:00,8701.978557978226,0,39
2016-10-24,8710.9,8712.45,8705.25,8705.35,12:30:00,8702.828219123156,0,40
2016-10-24,8713.5,8713.65,8710.5,8710.5,12:35:00,8703.844579206665,0,41
2016-10-24,8714.6,8715.5,8712.2,8713.7,12:40:00,8704.868904996507,0,42
2016-10-24,8724.35,8724.6,8715.3,8715.55,12:45:00,8706.724247377791,0,43
2016-10-24,8720.8,8724.75,8720.0,8724.75,12:50:00,8708.064795246573,0,44
2016-10-24,8719.4,8721.45,8718.2,8720.65,12:55:00,8709.144338556423,0,45
2016-10-24,8715.05,8723.2,8714.8,8719.5,13:00:00,8709.706782503432,0,46
2016-10-24,8715.55,8716.65,8713.55,8715.0,13:05:00,8710.263279407867,0,47
2016-10-24,8721.9,8723.6,8715.85,8715.9,13:10:00,8711.37153851188,0,48
2016-10-24,8721.95,8724.35,8721.05,8722.05,13:15:00,8712.379011034558,0,49
2016-10-24,8720.85,8722.45,8718.85,8721.75,13:20:00,8713.18577188841,0,50
2016-10-24,8727.5,8728.1,8720.75,8721.2,13:25:00,8714.54903170856,0,51
2016-10-24,8728.1,8731.65,8727.45,8727.65,13:30:00,8715.83960011727,0,52
2016-10-24,8733.3,8736.95,8728.1,8728.2,13:35:00,8717.502495344195,0,53
2016-10-24,8728.45,8736.15,8728.2,8733.4,13:40:00,8718.545114835224,0,54
2016-10-24,8733.35,8735.55,8728.25,8728.25,13:45:00,8719.955103898537,0,55
2016-10-24,8731.9,8734.35,8731.4,8733.6,13:50:00,8721.092713051057,0,56
2016-10-24,8732.2,8734.1,8731.0,8731.85,13:55:00,8722.150549903337,0,57
2016-10-24,8731.0,8734.1,8729.3,8731.95,14:00:00,8722.993354674449,0,58
2016-10-24,8727.45,8731.45,8727.45,8730.8,14:05:00,8723.417797086406,0,59
2016-10-24,8729.45,8730.75,8724.5,8727.35,14:10:00,8723.992292601986,0,60
2016-10-24,8732.3,8732.4,8726.95,8729.15,14:15:00,8724.783502830369,0,61
2016-10-24,8732.05,8733.45,8730.35,8732.45,14:20:00,8725.475550179857,0,62
2016-10-24,8730.35,8732.95,8729.7,8731.8,14:25:00,8725.939783496062,0,63
2016-10-24,8721.25,8732.7,8720.85,8730.4,14:30:00,8725.493137448819,0,64
2016-10-24,8725.3,8725.6,8719.35,8721.1,14:35:00,8725.474743406074,0,65
2016-10-24,8723.55,8727.75,8722.75,8725.15,14:40:00,8725.291434510256,0,66
2016-10-24,8715.75,8724.35,8715.4,8723.65,14:45:00,8724.382726461661,0,67
2016-10-24,8710.95,8716.4,8709.25,8716.0,14:50:00,8723.103419179597,0,68
2016-10-24,8718.25,8719.6,8710.6,8710.6,14:55:00,8722.64118878154,0,69
2016-10-24,8716.5,8722.6,8713.75,8717.9,15:00:00,8722.056313659488,0,70
2016-10-24,8713.9,8717.7,8713.75,8716.7,15:05:00,8721.279521882394,0,71
2016-10-24,8711.25,8713.75,8707.15,8713.75,15:10:00,8720.324329322166,0,72
2016-10-24,8705.35,8711.15,8702.75,8711.0,15:15:00,8718.898202720055,0,73
2016-10-24,8706.05,8707.3,8701.6,8705.95,15:20:00,8717.674564365763,0,74
2016-10-24,8711.65,8713.65,8705.85,8706.45,15:25:00,8717.100796330928,0,75
2016-10-25,8709.45,8719.3,8701.15,8715.15,09:15:00,8716.372149061315,1,1
2016-10-25,8711.15,8715.7,8708.0,8709.85,09:20:00,8715.874801531667,1,2
2016-10-25,8698.65,8711.2,8697.35,8711.2,09:25:00,8714.234344242937,1,3
2016-10-25,8705.0,8705.9,8698.55,8698.55,09:30:00,8713.354882886468,1,4
2016-10-25,8696.25,8705.65,8696.25,8705.35,09:35:00,8711.72584642109,1,5
2016-10-25,8685.6,8697.95,8683.4,8695.45,09:40:00,8709.237670571463,1,6
2016-10-25,8682.5,8686.8,8680.8,8685.9,09:45:00,8706.691225755134,1,7
2016-10-25,8671.45,8683.2,8665.75,8682.95,09:50:00,8703.334918540359,1,8
2016-10-25,8678.05,8678.95,8668.3,8671.15,09:55:00,8700.926831060324,1,9
2016-10-25,8674.45,8681.25,8673.85,8678.2,10:00:00,8698.405228102198,1,10
2016-10-25,8673.55,8679.05,8673.45,8674.4,10:05:00,8696.038063521035,1,11
2016-10-25,8669.8,8673.6,8669.55,8673.6,10:10:00,8693.539200328556,1,12
2016-10-25,8670.65,8670.9,8663.45,8669.55,10:15:00,8691.359276487741,1,13
2016-10-25,8675.15,8675.15,8668.15,8670.85,10:20:00,8689.81553586986,1,14
2016-10-25,8672.7,8676.1,8671.3,8674.95,10:25:00,8688.185484834636,1,15
2016-10-25,8671.8,8674.25,8670.4,8672.5,10:30:00,8686.624962469432,1,16
2016-10-25,8675.7,8676.05,8669.6,8671.9,10:35:00,8685.584489853296,1,17
2016-10-25,8675.05,8678.5,8675.05,8675.8,10:40:00,8684.581205105362,1,18
2016-10-25,8673.75,8675.5,8672.8,8674.95,10:45:00,8683.549661761994,1,19
2016-10-25,8675.7,8677.6,8672.8,8673.55,10:50:00,8682.802074927518,1,20
2016-10-25,8676.15,8677.3,8674.6,8675.75,10:55:00,8682.16854398204,1,21
2016-10-25,8674.25,8676.45,8673.85,8676.25,11:00:00,8681.41439693613,1,22
2016-10-25,8673.5,8675.95,8673.35,8673.95,11:05:00,8680.660644846976,1,23
2016-10-25,8677.25,8677.7,8672.3,8673.6,11:10:00,8680.335821528217,1,24
2016-10-25,8683.6,8685.1,8675.25,8677.2,11:15:00,8680.646695668387,1,25
2016-10-25,8683.1,8684.1,8681.8,8683.2,11:20:00,8680.88034369997,1,26
2016-10-25,8684.0,8684.55,8681.2,8682.7,11:25:00,8681.177453823782,1,27
2016-10-25,8696.7,8698.9,8683.3,8683.9,11:30:00,8682.655791554851,1,28
2016-10-25,8695.05,8698.95,8693.75,8696.9,11:35:00,8683.836192359151,1,29
2016-10-25,8693.7,8696.55,8693.3,8695.0,11:40:00,8684.77560261066,1,30
2016-10-25,8692.85,8693.8,8690.3,8693.8,11:45:00,8685.544592838216,1,31
2016-10-25,8693.7,8693.85,8692.0,8693.0,11:50:00,8686.321298282195,1,32
2016-10-25,8685.5,8694.0,8684.5,8693.8,11:55:00,8686.243079398177,1,33
2016-10-25,8687.45,8687.9,8683.7,8685.15,12:00:00,8686.358024217398,1,34
2016-10-25,8690.8,8692.4,8687.25,8687.5,12:05:00,8686.781069530025,1,35
2016-10-25,8688.65,8693.1,8688.3,8690.85,12:10:00,8686.959062908118,1,36
2016-10-25,8686.95,8689.0,8685.0,8688.45,12:15:00,8686.958199774012,1,37
2016-10-25,8688.8,8688.85,8686.25,8686.9,12:20:00,8687.133609319344,1,38
2016-10-25,8687.5,8690.75,8687.4,8688.95,12:25:00,8687.168503669884,1,39
2016-10-25,8695.0,8695.25,8686.85,8687.45,12:30:00,8687.914360463228,1,40
2016-10-25,8695.2,8697.55,8688.4,8694.95,12:35:00,8688.608230895301,1,41
2016-10-25,8692.0,8697.55,8691.75,8695.9,12:40:00,8688.93125652432,1,42
2016-10-25,8689.5,8693.3,8686.55,8691.8,12:45:00,8688.985422569624,1,43
2016-10-25,8689.3,8693.3,8687.95,8689.65,12:50:00,8689.015382324897,1,44
2016-10-25,8698.3,8698.3,8688.85,8688.85,12:55:00,8689.899631627288,1,45
2016-10-25,8692.25,8700.15,8691.45,8698.35,13:00:00,8690.123476234214,1,46
2016-10-25,8689.75,8692.6,8689.65,8692.3,13:05:00,8690.08790706905,1,47
2016-10-25,8674.35,8690.65,8674.15,8689.55,13:10:00,8688.589058776759,1,48
2016-10-25,8675.85,8675.85,8672.15,8674.5,13:15:00,8687.375815083735,1,49
2016-10-25,8682.1,8683.95,8675.8,8676.0,13:20:00,8686.873356504331,1,50
2016-10-25,8682.65,8683.95,8681.0,8681.4,13:25:00,8686.471132075347,1,51
2016-10-25,8685.3,8688.05,8682.4,8682.8,13:30:00,8686.359595687218,1,52
2016-10-25,8683.35,8685.45,8681.3,8685.45,13:35:00,8686.07296752653,1,53
2016-10-25,8682.75,8684.05,8681.35,8683.5,13:40:00,8685.756494428766,1,54
2016-10-25,8680.4,8685.5,8680.05,8682.7,13:45:00,8685.246352102216,1,55
2016-10-25,8687.2,8687.55,8679.8,8680.2,13:50:00,8685.432413806768,1,56
2016-10-25,8687.0,8689.0,8685.65,8687.0,13:55:00,8685.581707729933,1,57
2016-10-25,8686.8,8688.5,8685.5,8686.95,14:00:00,8685.697735565176,1,58
2016-10-25,8690.55,8694.9,8685.9,8686.4,14:05:00,8686.15985598754,1,59
2016-10-25,8689.9,8691.6,8689.25,8690.5,14:10:00,8686.516060179203,1,60
2016-10-25,8687.25,8690.2,8682.65,8689.75,14:15:00,8686.585959209755,1,61
2016-10-25,8687.2,8689.55,8686.5,8687.8,14:20:00,8686.644439285017,1,62
2016-10-25,8692.2,8695.7,8686.1,8687.4,14:25:00,8687.173540305492,1,63
2016-10-25,8689.55,8692.25,8686.45,8692.1,14:30:00,8687.399869800207,1,64
2016-10-25,8693.5,8693.75,8689.15,8689.8,14:35:00,8687.98083458114,1,65
2016-10-25,8694.9,8695.8,8692.2,8693.65,14:40:00,8688.639802716269,1,66
2016-10-25,8691.8,8696.9,8690.1,8694.85,14:45:00,8688.940773886148,1,67
2016-10-25,8690.05,8692.7,8685.2,8691.35,14:50:00,8689.04641446842,1,68
2016-10-25,8690.65,8691.85,8688.05,8689.65,14:55:00,8689.199136899999,1,69
2016-10-25,8692.55,8693.3,8688.7,8690.15,15:00:00,8689.518266719046,1,70
2016-10-25,8687.15,8692.65,8686.4,8692.25,15:05:00,8689.292717507707,1,71
2016-10-25,8689.9,8690.5,8687.05,8687.85,15:10:00,8689.350553935545,1,72
2016-10-25,8692.25,8693.2,8688.3,8690.2,15:15:00,8689.626691655969,1,73
2016-10-25,8694.9,8696.45,8691.8,8692.3,15:20:00,8690.128911498257,1,74
2016-10-25,8692.9,8696.35,8690.15,8695.15,15:25:00,8690.392824688899,1,75
2016-10-26,8641.9,8654.5,8629.65,8647.75,09:15:00,8685.774460432813,2,1
2016-10-26,8633.45,8642.4,8630.45,8641.6,09:20:00,8680.79117848683,2,2
2016-10-26,8635.55,8638.35,8632.3,8633.65,09:25:00,8676.482494821417,2,3
2016-10-26,8622.7,8635.15,8617.9,8635.15,09:30:00,8671.360352457474,2,4
2016-10-26,8632.55,8632.7,8622.85,8622.85,09:35:00,8667.664128413904,2,5
2016-10-26,8637.7,8637.9,8630.95,8632.5,09:40:00,8664.810401898294,2,6
2016-10-26,8635.0,8641.4,8634.9,8637.6,09:45:00,8661.971316003219,2,7
2016-10-26,8627.15,8635.8,8627.05,8635.25,09:50:00,8658.655000193388,2,8
2016-10-26,8632.5,8634.15,8626.3,8627.25,09:55:00,8656.164047794018,2,9
2016-10-26,8637.1,8637.35,8632.2,8632.55,10:00:00,8654.348424194588,2,10
2016-10-26,8633.4,8638.6,8633.4,8637.2,10:05:00,8652.353336176056,2,11
2016-10-26,8635.45,8635.5,8631.15,8633.6,10:10:00,8650.743494635479,2,12
2016-10-26,8634.25,8636.95,8632.35,8634.7,10:15:00,8649.172685622576,2,13
2016-10-26,8633.0,8636.05,8631.8,8634.35,10:20:00,8647.632429848996,2,14
2016-10-26,8630.25,8633.0,8630.25,8632.75,10:25:00,8645.976960339567,2,15
2016-10-26,8630.3,8635.2,8630.05,8630.5,10:30:00,8644.483916497704,2,16
2016-10-26,8634.0,8634.35,8629.95,8630.25,10:35:00,8643.485448259828,2,17
2016-10-26,8636.7,8637.2,8633.75,8634.15,10:40:00,8642.839215092225,2,18
2016-10-26,8634.95,8637.1,8634.1,8636.6,10:45:00,8642.087861273918,2,19
2016-10-26,8635.2,8635.8,8631.6,8634.9,10:50:00,8641.431874485927,2,20
2016-10-26,8639.85,8642.25,8634.9,8635.3,10:55:00,8641.281219772982,2,21
2016-10-26,8636.3,8642.5,8636.3,8639.7,11:00:00,8640.80681788984,2,22
2016-10-26,8636.2,8638.5,8636.2,8636.25,11:05:00,8640.368073328902,2,23
2016-10-26,8636.05,8637.0,8633.65,8636.3,11:10:00,8639.956828249959,2,24
2016-10-26,8636.45,8637.2,8633.75,8636.1,11:15:00,8639.622844607105,2,25
2016-10-26,8633.65,8638.25,8633.65,8636.65,11:20:00,8639.054002263572,2,26
2016-10-26,8631.65,8634.05,8629.15,8633.8,11:25:00,8638.34885919085,2,27
2016-10-26,8633.05,8634.45,8631.0,8631.6,11:30:00,8637.844205934578,2,28
2016-10-26,8633.05,8634.55,8631.5,8633.25,11:35:00,8637.387614893189,2,29
2016-10-26,8634.4,8636.1,8632.75,8633.1,11:40:00,8637.103080141456,2,30
2016-10-26,8631.2,8634.75,8630.0,8634.15,11:45:00,8636.540882032747,2,31
2016-10-26,8631.05,8632.75,8628.85,8631.3,11:50:00,8636.01794088677,2,32
2016-10-26,8636.4,8636.4,8630.55,8630.95,11:55:00,8636.054327468983,2,33
2016-10-26,8638.35,8638.75,8635.15,8635.75,12:00:00,8636.272962948127,2,34
2016-10-26,8636.1,8638.75,8636.1,8638.25,12:05:00,8636.256490286401,2,35
2016-10-26,8637.5,8638.3,8635.0,8636.0,12:10:00,8636.374919782935,2,36
2016-10-26,8633.65,8638.7,8633.6,8637.55,12:15:00,8636.11540361313,2,37
2016-10-26,8631.95,8635.1,8631.95,8633.75,12:20:00,8635.718698507118,2,38
2016-10-26,8629.75,8632.85,8629.2,8631.75,12:25:00,8635.150251030249,2,39
2016-10-26,8632.1,8633.05,8629.65,8629.9,12:30:00,8634.85975093213,2,40
2016-10-26,8627.3,8632.1,8626.6,8631.75,12:35:00,8634.13977465288,2,41
2016-10-26,8627.95,8631.6,8626.45,8627.25,12:40:00,8633.550272304987,2,42
2016-10-26,8625.65,8630.75,8625.65,8628.0,12:45:00,8632.797865418797,2,43
2016-10-26,8620.6,8628.25,8620.6,8625.7,12:50:00,8631.636163950341,2,44
2016-10-26,8620.45,8623.6,8617.3,8620.8,12:55:00,8630.57081500269,2,45
2016-10-26,8630.65,8630.65,8619.05,8620.65,13:00:00,8630.578356431004,2,46
2016-10-26,8634.25,8640.0,8628.75,8630.35,13:05:00,8630.928036770909,2,47
2016-10-26,8635.6,8635.6,8629.65,8633.65,13:10:00,8631.37298564987,2,48
2016-10-26,8638.2,8638.95,8634.9,8635.65,13:15:00,8632.02317749274,2,49
2016-10-26,8638.2,8644.6,8635.9,8638.3,13:20:00,8632.611446302955,2,50
2016-10-26,8638.45,8639.3,8635.35,8638.35,13:25:00,8633.167499036008,2,51
2016-10-26,8640.45,8641.4,8635.8,8638.8,13:30:00,8633.861070556388,2,52
2016-10-26,8634.05,8640.65,8634.0,8640.65,13:35:00,8633.879063836732,2,53
2016-10-26,8636.5,8637.05,8630.7,8633.9,13:40:00,8634.128676804663,2,54
2016-10-26,8633.0,8636.4,8630.35,8636.3,13:45:00,8634.021183775647,2,55
2016-10-26,8631.05,8638.05,8626.3,8633.6,13:50:00,8633.738213892251,2,56
2016-10-26,8632.15,8639.15,8630.15,8633.0,13:55:00,8633.586955426323,2,57
2016-10-26,8631.5,8635.35,8630.6,8632.0,14:00:00,8633.388197766673,2,58
2016-10-26,8638.45,8639.6,8631.2,8631.75,14:05:00,8633.870274169847,2,59
2016-10-26,8633.8,8638.55,8632.1,8637.4,14:10:00,8633.863581391766,2,60
2016-10-26,8632.8,8635.9,8632.55,8633.9,14:15:00,8633.762287925883,2,61
2016-10-26,8623.2,8632.7,8621.9,8632.7,14:20:00,8632.756355742466,2,62
2016-10-26,8625.0,8629.95,8623.05,8623.3,14:25:00,8632.017655195565,2,63
2016-10-26,8623.2,8625.3,8616.2,8625.15,14:30:00,8631.177878510272,2,64
2016-10-26,8613.2,8625.8,8610.75,8622.95,14:35:00,8629.465699604532,2,65
2016-10-26,8614.85,8616.35,8609.55,8612.35,14:40:00,8628.073728213625,2,66
2016-10-26,8601.9,8615.65,8596.6,8614.6,14:45:00,8625.58099219328,2,67
2016-10-26,8610.7,8611.15,8599.55,8601.7,14:50:00,8624.163754841538,2,68
2016-10-26,8615.05,8615.1,8606.25,8610.35,14:55:00,8623.295778189962,2,69
2016-10-26,8617.75,8621.1,8613.5,8614.75,15:00:00,8622.767608838538,2,70
2016-10-26,8621.0,8623.9,8617.0,8617.6,15:05:00,8622.59926513963,2,71
2016-10-26,8620.45,8621.8,8615.15,8621.45,15:10:00,8622.394573221569,2,72
2016-10-26,8618.25,8622.2,8613.75,8620.6,15:15:00,8621.999851962371,2,73
2016-10-26,8610.05,8618.9,8607.6,8618.4,15:20:00,8620.861770823098,2,74
2016-10-26,8608.3,8613.55,8607.0,8610.2,15:25:00,8619.665411697088,2,75
2016-10-27,8583.15,8609.9,8582.9,8602.75,09:15:00,8616.187753440223,3,1
2016-10-27,8587.15,8587.5,8575.35,8583.45,09:20:00,8613.422253112583,3,2
2016-10-27,8576.85,8587.05,8573.85,8587.05,09:25:00,8609.939181387575,3,3
2016-10-27,8580.5,8584.4,8574.4,8576.4,09:30:00,8607.135449826854,3,4
2016-10-27,8590.7,8591.2,8580.35,8581.25,09:35:00,8605.570168890963,3,5
2016-10-27,8587.85,8592.05,8582.1,8591.15,09:40:00,8603.882533758491,3,6
2016-10-27,8581.5,8587.95,8581.5,8587.95,09:45:00,8601.75086387673,3,7
2016-10-27,8576.85,8582.3,8575.15,8581.6,09:50:00,8599.379353031327,3,8
2016-10-27,8579.25,8579.25,8571.7,8576.6,09:55:00,8597.46227179025,3,9
2016-10-27,8567.95,8579.2,8566.15,8579.2,10:00:00,8594.651579238798,3,10
2016-10-27,8566.4,8568.6,8564.75,8567.55,10:05:00,8591.960952644627,3,11
2016-10-27,8575.1,8575.45,8562.9,8566.2,10:10:00,8590.355147630853,3,12
2016-10-27,8575.9,8580.8,8572.1,8575.2,10:15:00,8588.978466904106,3,13
2016-10-27,8578.0,8579.9,8575.45,8576.0,10:20:00,8587.932898627525,3,14
2016-10-27,8571.3,8578.55,8569.75,8577.9,10:25:00,8586.348813043951,3,15
2016-10-27,8573.65,8575.35,8570.15,8571.15,10:30:00,8585.13940227786,3,16
2016-10-27,8570.15,8573.6,8567.15,8573.45,10:35:00,8583.71184015616,3,17
2016-10-27,8569.6,8571.9,8569.2,8570.45,10:40:00,8582.367855379383,3,18
2016-10-27,8563.6,8569.8,8561.0,8569.55,10:45:00,8580.580440581347,3,19
2016-10-27,8564.65,8565.0,8557.8,8563.45,10:50:00,8579.063255764075,3,20
2016-10-27,8566.6,8568.5,8564.8,8564.8,10:55:00,8577.876279024638,3,21
2016-10-27,8569.4,8570.6,8565.4,8566.75,11:00:00,8577.069014355624,3,22
2016-10-27,8568.2,8569.55,8567.0,8569.55,11:05:00,8576.224346321755,3,23
2016-10-27,8567.75,8568.6,8566.45,8568.15,11:10:00,8575.417265719683,3,24
2016-10-27,8570.7,8571.0,8566.8,8567.5,11:15:00,8574.96800231781,3,25
2016-10-27,8562.95,8570.7,8562.55,8570.4,11:20:00,8573.823430668495,3,26
2016-10-27,8564.15,8566.0,8561.65,8563.05,11:25:00,8572.90215155721,3,27
2016-10-27,8561.65,8564.2,8560.0,8564.0,11:30:00,8571.83051807557,3,28
2016-10-27,8565.2,8566.75,8561.6,8561.95,11:35:00,8571.199040163612,3,29
2016-10-27,8565.75,8568.2,8564.85,8565.5,11:40:00,8570.680083957554,3,30
2016-10-27,8559.45,8566.0,8558.8,8565.65,11:45:00,8569.610552152073,3,31
2016-10-27,8560.75,8561.3,8553.45,8559.4,11:50:00,8568.766690042352,3,32
2016-10-27,8555.65,8560.9,8555.35,8560.8,11:55:00,8567.51748146689,3,33
2016-10-27,8553.3,8556.55,8550.95,8555.7,12:00:00,8566.1634356129,3,34
2016-10-27,8559.45,8560.0,8550.25,8553.2,12:05:00,8565.524060792624,3,35
2016-10-27,8560.95,8562.5,8555.65,8559.85,12:10:00,8565.088435955231,3,36
2016-10-27,8568.75,8569.05,8560.85,8561.25,12:15:00,8565.437156340447,3,37
2016-10-27,8572.55,8573.0,8566.6,8569.1,12:20:00,8566.11457002231,3,38
2016-10-27,8580.4,8582.7,8572.65,8572.65,12:25:00,8567.475087163042,3,39
2016-10-27,8589.0,8593.1,8578.5,8580.0,12:30:00,8569.5250788618,3,40
2016-10-27,8576.65,8592.3,8574.35,8589.25,12:35:00,8570.203642779723,3,41
2016-10-27,8577.7,8579.0,8573.05,8576.6,12:40:00,8570.917581562606,3,42
2016-10-27,8577.6,8579.1,8576.2,8577.55,12:45:00,8571.554002366167,3,43
2016-10-27,8579.0,8580.05,8575.05,8577.75,12:50:00,8572.26314499796,3,44
2016-10-27,8575.2,8579.05,8572.65,8578.85,12:55:00,8572.542845474345,3,45
2016-10-27,8578.25,8580.3,8574.45,8575.35,13:00:00,8573.086384000599,3,46
2016-10-27,8584.2,8585.25,8577.85,8578.0,13:05:00,8574.144823619588,3,47
2016-10-27,8589.55,8590.35,8582.5,8584.4,13:10:00,8575.611983274865,3,48
2016-10-27,8603.35,8603.35,8588.75,8589.75,13:15:00,8578.253699153449,3,49
2016-10-27,8593.85,8604.9,8592.1,8603.4,13:20:00,8579.739061138835,3,50
2016-10-27,8590.9,8596.75,8588.65,8593.75,13:25:00,8580.80200769704,3,51
2016-10-27,8607.75,8609.1,8590.85,8590.85,13:30:00,8583.368483154465,3,52
2016-10-27,8603.05,8609.45,8602.7,8608.0,13:35:00,8585.24291333023,3,53
2016-10-27,8602.4,8604.8,8597.3,8603.15,13:40:00,8586.876921584495,3,54
2016-10-27,8596.55,8606.1,8596.55,8602.45,13:45:00,8587.798167147876,3,55
2016-10-27,8600.85,8602.95,8595.9,8596.45,13:50:00,8589.041198848077,3,56
2016-10-27,8599.4,8603.3,8597.8,8600.8,13:55:00,8590.027751338735,3,57
2016-10-27,8603.4,8604.7,8596.65,8599.6,14:00:00,8591.301298830283,3,58
2016-10-27,8592.8,8604.75,8588.45,8604.25,14:05:00,8591.444032275018,3,59
2016-10-27,8584.5,8593.1,8583.7,8592.95,14:10:00,8590.782695867874,3,60
2016-10-27,8585.0,8585.7,8576.85,8584.35,14:15:00,8590.231962928076,3,61
2016-10-27,8584.9,8589.0,8583.7,8585.25,14:20:00,8589.724156934924,3,62
2016-10-27,8583.65,8585.5,8579.25,8584.95,14:25:00,8589.145665798265,3,63
2016-10-27,8588.65,8591.9,8579.05,8583.8,14:30:00,8589.098459531764,3,64
2016-10-27,8592.2,8593.55,8587.35,8588.4,14:35:00,8589.393844338263,3,65
2016-10-27,8585.45,8592.75,8584.3,8592.35,14:40:00,8589.01824011557,3,66
2016-10-27,8594.8,8595.1,8585.3,8585.3,14:45:00,8589.568883914088,3,67
2016-10-27,8600.75,8600.75,8592.75,8595.05,14:50:00,8590.633752112746,3,68
2016-10-27,8602.75,8607.35,8600.25,8600.85,14:55:00,8591.787680482961,3,69
2016-10-27,8609.45,8624.85,8602.8,8602.8,15:00:00,8593.469806151252,3,70
2016-10-27,8615.45,8618.05,8608.9,8609.25,15:05:00,8595.563157946372,3,71
2016-10-27,8616.45,8617.7,8614.05,8615.3,15:10:00,8597.552380999097,3,72
2016-10-27,8615.75,8619.5,8615.35,8616.2,15:15:00,8599.285487570613,3,73
2016-10-27,8613.25,8617.4,8612.9,8615.55,15:20:00,8600.615441135316,3,74
2016-10-27,8612.4,8616.5,8607.95,8612.1,15:25:00,8601.737780074809,3,75
2016-10-30,8672.35,8672.35,8672.35,8672.35,18:20:00,8608.462753401018,6,1
2016-10-30,8643.95,8678.25,8642.0,8669.15,18:30:00,8611.842491172349,6,2
2016-10-30,8645.65,8648.55,8638.2,8643.3,18:35:00,8615.06225391784,6,3
2016-10-30,8645.8,8646.5,8641.75,8645.45,18:40:00,8617.989658306617,6,4
2016-10-30,8642.95,8646.25,8641.3,8646.05,18:45:00,8620.366833705986,6,5
2016-10-30,8642.2,8644.9,8641.35,8643.5,18:50:00,8622.446182876845,6,6
2016-10-30,8638.85,8643.35,8637.15,8642.1,18:55:00,8624.00845117429,6,7
2016-10-30,8634.35,8638.45,8633.35,8638.45,19:00:00,8624.993360586262,6,8
2016-10-30,8635.45,8635.45,8632.15,8634.2,19:05:00,8625.989231006619,6,9
2016-10-30,8634.75,8635.9,8631.1,8635.15,19:10:00,8626.823589958369,6,10
2016-10-30,8622.85,8635.0,8617.2,8635.0,19:15:00,8626.445152819477,6,11
2016-10-30,8622.0,8624.25,8619.1,8623.25,19:20:00,8626.021804931908,6,12
2016-10-30,8617.6,8623.6,8616.25,8621.6,19:25:00,8625.219728271726,6,13
2016-10-30,8625.7,8625.7,8617.6,8618.2,19:30:00,8625.265468436322,6,14
2016-11-01,8637.5,8650.05,8631.1,8638.35,09:15:00,8626.430661918577,1,1
2016-11-01,8627.75,8642.0,8627.75,8637.35,09:20:00,8626.556313164427,1,2
2016-11-01,8628.05,8630.5,8614.5,8627.65,09:25:00,8626.69856905353,1,3
2016-11-01,8632.75,8633.2,8626.2,8628.1,09:30:00,8627.274895810337,1,4
2016-11-01,8631.05,8636.5,8630.9,8632.65,09:35:00,8627.634429542686,1,5
2016-11-01,8634.05,8634.2,8628.75,8630.9,09:40:00,8628.245436252906,1,6
2016-11-01,8636.7,8638.3,8634.2,8634.2,09:45:00,8629.050632800248,1,7
2016-11-01,8630.2,8637.05,8629.7,8636.65,09:50:00,8629.160096343081,1,8
2016-11-01,8630.25,8633.0,8626.4,8630.1,09:55:00,8629.263896691358,1,9
2016-11-01,8632.5,8635.05,8629.05,8630.2,10:00:00,8629.572097006467,1,10
2016-11-01,8633.3,8637.05,8632.5,8632.65,10:05:00,8629.927135386803,1,11
2016-11-01,8637.75,8637.8,8631.1,8633.4,10:10:00,8630.67217011187,1,12
2016-11-01,8632.6,8637.7,8630.35,8637.7,10:15:00,8630.855772958359,1,13
2016-11-01,8631.15,8633.2,8629.7,8632.35,10:20:00,8630.883794581372,1,14
2016-11-01,8632.25,8632.6,8629.35,8630.7,10:25:00,8631.013909383146,1,15
2016-11-01,8630.25,8632.3,8628.8,8632.3,10:30:00,8630.94115610856,1,16
2016-11-01,8631.45,8634.55,8629.9,8630.35,10:35:00,8630.989617431555,1,17
2016-11-01,8629.25,8633.0,8627.25,8631.3,10:40:00,8630.82393958093,1,18
2016-11-01,8632.4,8633.25,8628.7,8629.05,10:45:00,8630.974040573223,1,19
2016-11-01,8626.85,8632.55,8626.55,8632.3,10:50:00,8630.581274804345,1,20
2016-11-01,8625.0,8626.8,8623.2,8626.55,10:55:00,8630.049724822979,1,21
2016-11-01,8631.9,8631.9,8624.85,8624.85,11:00:00,8630.225941506504,1,22
2016-11-01,8634.5,8635.2,8630.6,8631.4,11:05:00,8630.632994696361,1,23
2016-11-01,8632.15,8634.6,8631.1,8634.15,11:10:00,8630.777471391946,1,24
2016-11-01,8639.45,8642.6,8631.3,8632.65,11:15:00,8631.603426497475,1,25
2016-11-01,8640.85,8641.75,8637.15,8639.4,11:20:00,8632.484052545335,1,26
2016-11-01,8639.85,8641.75,8637.75,8640.95,11:25:00,8633.185571350541,1,27
2016-11-01,8641.35,8641.8,8639.0,8639.75,11:30:00,8633.963135983822,1,28
2016-11-01,8642.7,8645.0,8640.4,8641.15,11:35:00,8634.795218271078,1,29
2016-11-01,8641.9,8644.4,8641.35,8642.6,11:40:00,8635.471864150022,1,30
2016-11-01,8644.05,8644.75,8641.3,8642.0,11:45:00,8636.288829469067,1,31
2016-11-01,8644.3,8645.05,8642.1,8644.1,11:50:00,8637.05179809106,1,32
2016-11-01,8646.65,8648.9,8643.55,8644.15,11:55:00,8637.965912558579,1,33
2016-11-01,8648.45,8648.55,8646.05,8646.7,12:00:00,8638.964397076808,1,34
2016-11-01,8649.1,8649.8,8647.15,8648.2,12:05:00,8639.929692593303,1,35
2016-11-01,8653.55,8653.95,8648.7,8649.0,12:10:00,8641.226864727274,1,36
2016-11-01,8664.75,8666.95,8652.2,8653.35,12:15:00,8643.467163324676,1,37
2016-11-01,8658.65,8665.75,8658.65,8664.5,12:20:00,8644.913147769945,1,38
2016-11-01,8655.2,8659.5,8655.15,8659.05,12:25:00,8645.89284798233,1,39
2016-11-01,8653.2,8658.65,8652.75,8655.25,12:30:00,8646.588767222107,1,40
2016-11-01,8656.1,8656.5,8651.5,8652.55,12:35:00,8647.49459891524,1,41
2016-11-01,8658.05,8658.85,8654.9,8655.8,12:40:00,8648.499875209027,1,42
2016-11-01,8657.7,8659.3,8656.2,8658.4,12:45:00,8649.376077570072,1,43
2016-11-01,8654.95,8659.3,8654.55,8657.25,12:50:00,8649.906927325303,1,44
2016-11-01,8656.6,8657.05,8654.1,8654.35,12:55:00,8650.544362818131,1,45
2016-11-01,8660.4,8660.6,8656.0,8656.55,13:00:00,8651.48299493069,1,46
2016-11-01,8657.2,8660.9,8656.9,8660.25,13:05:00,8652.027471603957,1,47
2016-11-01,8656.15,8657.7,8653.15,8657.45,13:10:00,8652.42009335596,1,48
2016-11-01,8657.05,8657.7,8656.05,8656.4,13:15:00,8652.861036845869,1,49
2016-11-01,8661.6,8661.6,8656.1,8657.0,13:20:00,8653.693319051024,1,50
2016-11-01,8666.3,8667.9,8661.0,8661.4,13:25:00,8654.89395533188,1,51
2016-11-01,8662.2,8666.85,8660.25,8666.7,13:30:00,8655.589769109796,1,52
2016-11-01,8661.55,8664.15,8660.75,8661.75,13:35:00,8656.157410146958,1,53
2016-11-01,8664.25,8665.5,8658.3,8661.8,13:40:00,8656.928132990104,1,54
2016-11-01,8668.85,8669.05,8663.85,8664.35,13:45:00,8658.063548895809,1,55
2016-11-01,8664.0,8669.6,8661.2,8669.25,13:50:00,8658.628925191446,1,56
2016-11-01,8667.65,8668.35,8662.6,8663.55,13:55:00,8659.488075173213,1,57
2016-11-01,8667.9,8668.9,8666.2,8666.8,14:00:00,8660.289210871002,1,58
2016-11-01,8663.75,8669.25,8662.8,8668.2,14:05:00,8660.618809835669,1,59
2016-11-01,8658.25,8663.9,8654.65,8663.9,14:10:00,8660.393208898939,1,60
2016-11-01,8654.85,8658.15,8652.05,8657.8,14:15:00,8659.865284241898,1,61
2016-11-01,8656.55,8658.2,8654.0,8654.95,14:20:00,8659.549542885527,1,62
2016-11-01,8641.25,8657.0,8638.4,8656.75,14:25:00,8657.806729277381,1,63
2016-11-01,8637.95,8644.05,8629.85,8641.65,14:30:00,8655.915612203346,1,64
2016-11-01,8628.55,8640.75,8628.55,8637.7,14:35:00,8653.309363422075,1,65
2016-11-01,8642.85,8642.95,8629.35,8629.35,14:40:00,8652.313233572353,1,66
2016-11-01,8639.55,8641.95,8633.85,8641.9,14:45:00,8651.097687517842,1,67
2016-11-01,8645.35,8645.4,8636.9,8639.8,14:50:00,8650.55028870662,1,68
2016-11-01,8647.75,8648.25,8643.65,8644.95,14:55:00,8650.283594544084,1,69
2016-11-01,8635.3,8647.75,8633.6,8647.45,15:00:00,8648.856585539885,1,70
2016-11-01,8627.4,8635.35,8627.3,8635.35,15:05:00,8646.813101202753,1,71
2016-11-01,8620.95,8627.85,8620.9,8627.6,15:10:00,8644.349948707253,1,72
2016-11-01,8623.45,8624.95,8620.2,8621.0,15:15:00,8642.3594774018,1,73
2016-11-01,8623.0,8624.45,8620.3,8623.85,15:20:00,8640.515717649247,1,74
2016-11-01,8624.5,8627.85,8618.6,8624.15,15:25:00,8638.990411206461,1,75
2016-11-02,8532.25,8540.5,8523.65,8540.5,09:15:00,8628.824657758227,2,1
2016-11-02,8528.95,8532.05,8518.7,8531.65,09:20:00,8619.312785590777,2,2
2016-11-02,8546.5,8546.5,8529.3,8529.3,09:25:00,8612.378234582131,2,3
2016-11-02,8530.55,8546.05,8530.2,8545.35,09:30:00,8604.585069383833,2,4
2016-11-02,8539.25,8539.65,8528.5,8530.3,09:35:00,8598.362681823468,2,5
2016-11-02,8539.5,8541.45,8537.1,8539.3,09:40:00,8592.756712125994,2,6
2016-11-02,8541.5,8545.1,8538.2,8539.45,09:45:00,8587.875120494948,2,7
2016-11-02,8543.35,8547.45,8539.1,8541.6,09:50:00,8583.634632828762,2,8
2016-11-02,8542.6,8547.1,8541.55,8543.0,09:55:00,8579.726572559357,2,9
2016-11-02,8536.75,8542.35,8535.6,8542.25,10:00:00,8575.633565648943,2,10
2016-11-02,8537.3,8538.45,8534.85,8536.7,10:05:00,8571.982749872854,2,11
2016-11-02,8537.8,8540.55,8536.1,8537.4,10:10:00,8568.727249884962,2,12
2016-11-02,8539.0,8540.3,8537.2,8537.5,10:15:00,8565.89608322925,2,13
2016-11-02,8545.75,8546.8,8539.0,8539.05,10:20:00,8563.977408635988,2,14
2016-11-02,8546.45,8549.5,8545.25,8545.7,10:25:00,8562.308131623038,2,15
2016-11-02,8543.05,8546.45,8541.1,8546.3,10:30:00,8560.474023849416,2,16
2016-11-02,8534.45,8543.25,8532.45,8543.25,10:35:00,8557.995545387566,2,17
2016-11-02,8533.75,8536.7,8531.7,8534.25,10:40:00,8555.686445826845,2,18
2016-11-02,8530.75,8533.85,8529.75,8533.85,10:45:00,8553.311546224288,2,19
2016-11-02,8524.1,8531.25,8522.9,8530.35,10:50:00,8550.529494202927,2,20
2016-11-02,8525.05,8526.8,8522.0,8523.9,10:55:00,8548.10287570741,2,21
2016-11-02,8529.55,8530.25,8524.15,8525.35,11:00:00,8546.335935163846,2,22
2016-11-02,8532.25,8533.0,8528.85,8529.7,11:05:00,8544.994417529195,2,23
2016-11-02,8530.75,8533.45,8530.3,8532.05,11:10:00,8543.637806335939,2,24
2016-11-02,8535.15,8537.85,8530.55,8530.9,11:15:00,8542.829443827753,2,25
2016-11-02,8531.95,8535.45,8531.6,8535.1,11:20:00,8541.793306320349,2,26
2016-11-02,8531.6,8532.9,8530.95,8531.9,11:25:00,8540.82251524222,2,27
2016-11-02,8527.85,8531.8,8527.2,8531.45,11:30:00,8539.587037600104,2,28
2016-11-02,8530.0,8530.0,8527.35,8527.75,11:35:00,8538.673986400094,2,29
2016-11-02,8531.4,8532.05,8529.25,8530.2,11:40:00,8537.981225790561,2,30
2016-11-02,8533.55,8534.0,8531.35,8531.35,11:45:00,8537.5592042867,2,31
2016-11-02,8530.05,8533.8,8529.9,8533.2,11:50:00,8536.84404197368,2,32
2016-11-02,8519.4,8530.6,8515.65,8529.85,11:55:00,8535.182704642853,2,33
2016-11-02,8522.9,8523.15,8517.0,8518.75,12:00:00,8534.012923248296,2,34
2016-11-02,8522.0,8523.45,8520.35,8523.0,12:05:00,8532.868835319887,2,35
2016-11-02,8520.8,8523.35,8520.05,8521.8,12:10:00,8531.719422432277,2,36
2016-11-02,8522.35,8524.0,8519.25,8520.3,12:15:00,8530.827096486346,2,37
2016-11-02,8525.8,8530.15,8522.4,8522.55,12:20:00,8530.348325392408,2,38
2016-11-02,8526.55,8527.35,8525.55,8525.55,12:25:00,8529.98658011694,2,39
2016-11-02,8535.15,8535.15,8526.15,8526.5,12:30:00,8530.478334391517,2,40
2016-11-02,8536.6,8541.55,8531.2,8535.1,12:35:00,8531.061350163754,2,41
2016-11-02,8533.8,8541.1,8533.55,8536.75,12:40:00,8531.322173957682,2,42
2016-11-02,8535.75,8536.25,8532.45,8533.95,12:45:00,8531.743871675997,2,43
2016-11-02,8540.05,8540.55,8535.4,8535.6,12:50:00,8532.534931516378,2,44
2016-11-02,8535.95,8540.65,8534.6,8539.7,12:55:00,8532.860176133867,2,45
2016-11-02,8534.25,8537.2,8533.1,8535.65,13:00:00,8532.992540311594,2,46
2016-11-02,8533.95,8534.3,8531.4,8533.9,13:05:00,8533.083726948586,2,47
2016-11-02,8538.8,8539.55,8533.7,8533.9,13:10:00,8533.628133905862,2,48
2016-11-02,8547.1,8548.35,8538.8,8539.05,13:15:00,8534.91116877197,2,49
2016-11-02,8543.4,8547.55,8541.5,8547.2,13:20:00,8535.719628888926,2,50
2016-11-02,8532.5,8546.0,8532.5,8543.35,13:25:00,8535.41299756617,2,51
2016-11-02,8533.1,8537.25,8530.35,8532.4,13:30:00,8535.192712083679,2,52
2016-11-02,8534.95,8536.0,8531.85,8533.05,13:35:00,8535.169596647138,2,53
2016-11-02,8527.3,8535.65,8526.8,8534.55,13:40:00,8534.420111252171,2,54
2016-11-02,8532.5,8532.7,8527.0,8527.15,13:45:00,8534.23724351387,2,55
2016-11-02,8536.4,8536.9,8529.75,8532.6,13:50:00,8534.443220322071,2,56
2016-11-02,8541.45,8542.4,8536.05,8536.5,13:55:00,8535.11053267235,2,57
2016-11-02,8538.85,8542.5,8535.2,8541.5,14:00:00,8535.46667241784,2,58
2016-11-02,8532.45,8540.7,8531.75,8539.05,14:05:00,8535.179370282807,2,59
2016-11-02,8534.9,8535.7,8531.1,8532.25,14:10:00,8535.152763589207,2,60
2016-11-02,8540.3,8541.1,8533.3,8534.6,14:15:00,8535.642976580712,2,61
2016-11-02,8542.65,8543.8,8535.2,8540.65,14:20:00,8536.310312144453,2,62
2016-11-02,8539.55,8544.2,8536.0,8542.2,14:25:00,8536.61885384498,2,63
2016-11-02,8538.0,8542.2,8535.25,8539.4,14:30:00,8536.75039157403,2,64
2016-11-02,8539.4,8540.2,8536.15,8538.2,14:35:00,8537.002735233647,2,65
2016-11-02,8541.7,8546.1,8539.15,8539.25,14:40:00,8537.450093782823,2,66
2016-11-02,8532.25,8541.5,8532.15,8541.3,14:45:00,8536.954846755887,2,67
2016-11-02,8533.25,8533.55,8528.05,8532.6,14:50:00,8536.602004207707,2,68
2016-11-02,8526.4,8533.35,8523.45,8533.35,14:55:00,8535.630384759354,2,69
2016-11-02,8521.25,8527.0,8513.1,8526.25,15:00:00,8534.260824306082,2,70
2016-11-02,8510.35,8523.75,8508.85,8521.2,15:05:00,8531.9836029436,2,71
2016-11-02,8511.65,8511.65,8504.85,8510.6,15:10:00,8530.047069329923,2,72
2016-11-02,8517.0,8517.0,8510.4,8511.2,15:15:00,8528.804491298502,2,73
2016-11-02,8513.6,8517.8,8511.4,8516.9,15:20:00,8527.356444508168,2,74
2016-11-02,8519.15,8519.15,8513.1,8513.65,15:25:00,8526.574878364534,2,75
2016-11-04,8488.1,8499.25,8471.2,8499.25,09:15:00,8522.91060423458,4,1
2016-11-04,8474.9,8488.35,8465.2,8488.2,09:20:00,8518.338165736048,4,2
2016-11-04,8478.9,8487.55,8469.25,8474.3,09:25:00,8514.582149951662,4,3
2016-11-04,8483.45,8490.75,8478.25,8479.0,09:30:00,8511.6171832896,4,4
2016-11-04,8495.35,8495.35,8481.7,8483.35,09:35:00,8510.06792773821,4,5
2016-11-04,8487.25,8499.4,8486.6,8495.65,09:40:00,8507.894791763141,4,6
2016-11-04,8479.55,8487.1,8477.85,8487.1,09:45:00,8505.1952877857,4,7
2016-11-04,8465.1,8480.25,8462.35,8479.4,09:50:00,8501.376688948967,4,8
2016-11-04,8475.2,8477.6,8464.4,8465.2,09:55:00,8498.883670953828,4,9
2016-11-04,8470.55,8474.75,8464.45,8474.45,10:00:00,8496.185226101083,4,10
2016-11-04,8462.65,8475.35,8461.5,8471.05,10:05:00,8492.991395043837,4,11
2016-11-04,8470.1,8470.55,8457.9,8462.5,10:10:00,8490.811262182518,4,12
2016-11-04,8464.1,8470.25,8461.35,8470.25,10:15:00,8488.26733245085,4,13
2016-11-04,8458.7,8464.75,8453.15,8464.05,10:20:00,8485.45139602696,4,14
2016-11-04,8459.15,8464.0,8456.95,8458.85,10:25:00,8482.94650116725,4,15
2016-11-04,8456.4,8459.35,8451.9,8459.3,10:30:00,8480.418262960844,4,16
2016-11-04,8463.95,8465.8,8456.6,8456.7,10:35:00,8478.849856964573,4,17
2016-11-04,8461.5,8464.6,8455.6,8464.2,10:40:00,8477.197489634613,4,18
2016-11-04,8455.3,8462.4,8452.85,8461.15,10:45:00,8475.112014431317,4,19
2016-11-04,8453.25,8455.75,8447.65,8455.35,10:50:00,8473.02991781881,4,20
2016-11-04,8448.75,8454.3,8447.6,8453.05,10:55:00,8470.71754469321,4,21
2016-11-04,8448.65,8453.1,8443.05,8449.0,11:00:00,8468.615873770048,4,22
2016-11-04,8454.55,8456.55,8448.75,8448.95,11:05:00,8467.27626674433,4,23
2016-11-04,8445.1,8455.25,8445.0,8454.6,11:10:00,8465.164241340108,4,24
2016-11-04,8446.75,8447.5,8441.7,8445.15,11:15:00,8463.410504069621,4,25
2016-11-04,8445.2,8446.9,8441.95,8446.3,11:20:00,8461.676170348705,4,26
2016-11-04,8441.7,8445.15,8432.5,8445.0,11:25:00,8459.773677934541,4,27
2016-11-04,8436.35,8442.1,8433.75,8441.4,11:30:00,8457.542851464585,4,28
2016-11-04,8452.15,8454.7,8432.9,8436.05,11:35:00,8457.029246563196,4,29
2016-11-04,8458.9,8459.1,8448.3,8452.45,11:40:00,8457.207413557177,4,30
2016-11-04,8460.45,8463.3,8458.35,8458.85,11:45:00,8457.516231313637,4,31
2016-11-04,8466.85,8469.15,8456.65,8460.55,11:50:00,8458.40516166472,4,32
2016-11-04,8457.45,8466.5,8455.0,8466.5,11:55:00,8458.314193887127,4,33
2016-11-04,8451.2,8457.55,8450.55,8457.4,12:00:00,8457.636651612163,4,34
2016-11-04,8457.15,8460.45,8449.1,8450.35,12:05:00,8457.590303839577,4,35
2016-11-04,8459.05,8459.2,8453.65,8457.75,12:10:00,8457.729322521522,4,36
2016-11-04,8454.0,8463.95,8452.8,8459.15,12:15:00,8457.374148948044,4,37
2016-11-04,8456.25,8459.35,8451.8,8454.2,12:20:00,8457.267087143468,4,38
2016-11-04,8465.05,8465.1,8455.3,8455.3,12:25:00,8458.008316939327,4,39
2016-11-04,8466.6,8469.85,8462.05,8464.35,12:30:00,8458.826572468915,4,40
2016-11-04,8455.25,8467.9,8455.25,8466.35,12:35:00,8458.485946519495,4,41
2016-11-04,8456.35,8458.45,8452.05,8454.5,12:40:00,8458.282523041447,4,42
2016-11-04,8454.5,8456.2,8450.55,8456.0,12:45:00,8457.922282751786,4,43
2016-11-04,8452.35,8455.65,8450.6,8454.1,12:50:00,8457.391589156377,4,44
2016-11-04,8452.15,8457.05,8451.4,8452.4,12:55:00,8456.892390189103,4,45
2016-11-04,8451.25,8452.1,8445.55,8451.05,13:00:00,8456.355019694904,4,46
2016-11-04,8451.05,8453.1,8448.3,8451.1,13:05:00,8455.84977972396,4,47
2016-11-04,8455.15,8461.95,8450.4,8451.3,13:10:00,8455.783134035963,4,48
2016-11-04,8454.9,8458.85,8452.05,8455.2,13:15:00,8455.699026032538,4,49
2016-11-04,8454.2,8457.9,8452.95,8453.85,13:20:00,8455.556261648488,4,50
2016-11-04,8449.0,8453.55,8448.2,8453.35,13:25:00,8454.931855777202,4,51
2016-11-04,8443.45,8449.1,8440.85,8448.5,13:30:00,8453.838345703183,4,52
2016-11-04,8444.75,8446.25,8439.25,8443.4,13:35:00,8452.972788969548,4,53
2016-11-04,8430.4,8447.0,8425.05,8443.6,13:40:00,8450.822999543876,4,54
2016-11-04,8430.55,8435.2,8427.45,8429.95,13:45:00,8448.892237682554,4,55
2016-11-04,8432.2,8434.85,8429.9,8430.25,13:50:00,8447.302500760406,4,56
2016-11-04,8427.55,8434.3,8425.95,8432.5,13:55:00,8445.421310211796,4,57
2016-11-04,8411.25,8428.65,8409.75,8427.1,14:00:00,8442.166899715434,4,58
2016-11-04,8423.45,8423.8,8410.25,8411.15,14:05:00,8440.384337837773,4,59
2016-11-04,8416.3,8423.2,8414.5,8423.2,14:10:00,8438.090591377033,4,60
2016-11-04,8412.8,8418.5,8404.75,8416.45,14:15:00,8435.68196362684,4,61
2016-11-04,8407.35,8417.25,8407.35,8412.65,14:20:00,8432.983681376665,4,62
2016-11-04,8416.35,8419.75,8406.65,8407.45,14:25:00,8431.399521245554,4,63
2016-11-04,8406.35,8416.55,8405.45,8416.55,14:30:00,8429.013852555501,4,64
2016-11-04,8408.15,8408.65,8400.25,8406.4,14:35:00,8427.026818978788,4,65
2016-11-04,8416.4,8420.3,8407.6,8408.35,14:40:00,8426.014740980807,4,66
2016-11-04,8413.75,8417.0,8411.95,8416.55,14:45:00,8424.846670411205,4,67
2016-11-04,8411.35,8415.15,8407.5,8413.3,14:50:00,8423.561273229187,4,68
2016-11-04,8408.45,8413.95,8406.8,8410.75,14:55:00,8422.122104350216,4,69
2016-11-04,8434.75,8435.4,8407.85,8409.45,15:00:00,8423.324761078766,4,70
2016-11-04,8439.05,8439.4,8432.1,8434.15,15:05:00,8424.822402880787,4,71
2016-11-04,8428.95,8438.45,8422.3,8438.45,15:10:00,8425.215507368332,4,72
2016-11-04,8438.0,8438.0,8428.55,8428.6,15:15:00,8426.433078095157,4,73
2016-11-04,8435.65,8438.9,8434.45,8437.05,15:20:00,8427.310880181332,4,74
2016-11-04,8435.65,8441.1,8433.1,8435.3,15:25:00,8428.105082068825,4,75
2016-11-07,8504.1,8526.9,8493.65,8526.9,09:15:00,8435.342693300365,0,1
2016-11-07,8503.5,8507.15,8494.85,8504.35,09:20:00,8441.833865366996,0,2
2016-11-07,8507.7,8508.65,8496.2,8503.75,09:25:00,8448.10683057014,0,3
2016-11-07,8509.25,8511.85,8503.4,8507.9,09:30:00,8453.92998956346,0,4
2016-11-07,8503.45,8510.95,8500.75,8509.6,09:35:00,8458.646181033606,0,5
2016-11-07,8500.05,8505.9,8496.05,8503.0,09:40:00,8462.589401887548,0,6
2016-11-07,8506.1,8508.65,8499.1,8500.4,09:45:00,8466.733268374448,0,7
2016-11-07,8509.0,8509.65,8504.5,8506.85,09:50:00,8470.758671386406,0,8
2016-11-07,8506.6,8509.4,8505.1,8509.25,09:55:00,8474.172131254367,0,9
2016-11-07,8507.0,8508.9,8504.1,8506.35,10:00:00,8477.298594944426,0,10
2016-11-07,8509.15,8509.15,8502.75,8507.05,10:05:00,8480.332062092577,0,11
2016-11-07,8507.45,8508.85,8506.15,8508.85,10:10:00,8482.914722845664,0,12
2016-11-07,8517.9,8517.9,8506.1,8506.8,10:15:00,8486.24665400322,0,13
2016-11-07,8523.8,8525.25,8516.85,8517.45,10:20:00,8489.823163145771,0,14
2016-11-07,8522.45,8526.0,8521.55,8523.95,10:25:00,8492.930480941412,0,15
2016-11-07,8522.8,8523.9,8518.5,8522.1,10:30:00,8495.775197042229,0,16
2016-11-07,8520.55,8524.2,8520.05,8522.85,10:35:00,8498.134702085827,0,17
2016-11-07,8523.65,8524.4,8517.55,8520.6,10:40:00,8500.564730458605,0,18
2016-11-07,8525.3,8526.85,8519.6,8523.6,10:45:00,8502.920470414929,0,19
2016-11-07,8519.25,8525.35,8516.9,8525.35,10:50:00,8504.475663708745,0,20
2016-11-07,8517.8,8520.2,8515.85,8519.8,10:55:00,8505.744648117436,0,21
2016-11-07,8516.45,8518.6,8514.3,8518.0,11:00:00,8506.764205439586,0,22
2016-11-07,8519.35,8519.35,8514.9,8516.55,11:05:00,8507.962852540577,0,23
2016-11-07,8518.05,8520.1,8516.0,8519.95,11:10:00,8508.923533250998,0,24
2016-11-07,8522.55,8523.55,8517.15,8517.85,11:15:00,8510.221291988997,0,25
2016-11-07,8519.75,8522.75,8518.45,8522.45,11:20:00,8511.128787990045,0,26
2016-11-07,8516.2,8520.65,8514.1,8520.25,11:25:00,8511.611760562422,0,27
2016-11-07,8513.9,8517.95,8511.9,8516.45,11:30:00,8511.829688127906,0,28
2016-11-07,8514.9,8516.05,8512.6,8513.65,11:35:00,8512.12209878239,0,29
2016-11-07,8505.55,8515.9,8503.6,8514.35,11:40:00,8511.496184612639,0,30
2016-11-07,8504.85,8508.5,8499.15,8506.15,11:45:00,8510.863214649531,0,31
2016-11-07,8507.85,8508.15,8503.05,8505.1,11:50:00,8510.576241825767,0,32
2016-11-07,8505.05,8508.6,8504.05,8508.6,11:55:00,8510.049933080456,0,33
2016-11-07,8510.35,8511.2,8505.05,8506.15,12:00:00,8510.078510882318,0,34
2016-11-07,8509.25,8511.6,8507.2,8510.7,12:05:00,8509.999605084002,0,35
2016-11-07,8510.65,8510.85,8506.7,8508.15,12:10:00,8510.061547456953,0,36
2016-11-07,8510.15,8511.5,8507.15,8511.35,12:15:00,8510.069971508672,0,37
2016-11-07,8515.85,8516.05,8508.2,8509.95,12:20:00,8510.620450412609,0,38
2016-11-07,8518.35,8518.35,8511.65,8515.7,12:25:00,8511.35659799236,0,39
2016-11-07,8513.65,8520.1,8510.3,8519.2,12:30:00,8511.575017231184,0,40
2016-11-07,8517.6,8522.15,8511.95,8513.35,12:35:00,8512.148825113929,0,41
2016-11-07,8519.6,8519.6,8511.25,8517.65,12:40:00,8512.858460817364,0,42
2016-11-07,8517.95,8519.7,8512.15,8519.7,12:45:00,8513.34336931095,0,43
2016-11-07,8521.15,8524.45,8514.75,8518.6,12:50:00,8514.086857948001,0,44
2016-11-07,8516.8,8524.25,8516.1,8521.75,12:55:00,8514.345252429144,0,45
2016-11-07,8513.95,8520.2,8511.45,8517.75,13:00:00,8514.307609340654,0,46
2016-11-07,8516.25,8518.25,8511.65,8514.45,13:05:00,8514.49259892726,0,47
2016-11-07,8517.35,8520.8,8515.05,8517.45,13:10:00,8514.764732362759,0,48
2016-11-07,8521.65,8524.5,8514.7,8517.3,13:15:00,8515.420472137734,0,49
2016-11-07,8528.85,8531.15,8519.85,8522.6,13:20:00,8516.699474791283,0,50
2016-11-07,8530.05,8530.3,8524.1,8529.35,13:25:00,8517.970953382588,0,51
2016-11-07,8527.95,8530.1,8522.2,8529.9,13:30:00,8518.921338774722,0,52
2016-11-07,8524.55,8528.3,8523.05,8528.3,13:35:00,8519.457401748557,0,53
2016-11-07,8520.7,8525.5,8520.2,8525.5,13:40:00,8519.575744439171,0,54
2016-11-07,8523.6,8523.85,8518.65,8521.2,13:45:00,8519.959006873536,0,55
2016-11-07,8521.9,8524.0,8519.0,8523.55,13:50:00,8520.14386336177,0,56
2016-11-07,8520.5,8522.6,8519.45,8522.2,13:55:00,8520.177781136841,0,57
2016-11-07,8516.5,8523.4,8516.0,8522.0,14:00:00,8519.827516266665,0,58
2016-11-07,8519.2,8522.2,8515.55,8516.45,14:05:00,8519.767752812697,0,59
2016-11-07,8520.9,8521.35,8516.1,8518.75,14:10:00,8519.875585878155,0,60
2016-11-07,8524.8,8525.6,8519.0,8520.8,14:15:00,8520.344577699283,0,61
2016-11-07,8527.6,8528.0,8524.95,8525.75,14:20:00,8521.035570299351,0,62
2016-11-07,8523.7,8527.45,8521.25,8527.25,14:25:00,8521.289325508937,0,63
2016-11-07,8517.2,8523.55,8516.35,8523.55,14:30:00,8520.899865936657,0,64
2016-11-07,8519.6,8519.75,8514.2,8517.05,14:35:00,8520.776069180785,0,65
2016-11-07,8517.8,8523.2,8514.9,8520.7,14:40:00,8520.492634020711,0,66
2016-11-07,8519.6,8521.75,8516.7,8517.6,14:45:00,8520.407621256834,0,67
2016-11-07,8523.5,8525.55,8518.7,8519.55,14:50:00,8520.702133518089,0,68
2016-11-07,8517.3,8524.2,8516.75,8524.15,14:55:00,8520.378120802081,0,69
2016-11-07,8503.8,8517.5,8503.2,8517.5,15:00:00,8518.799252154264,0,70
2016-11-07,8497.55,8504.4,8496.5,8503.95,15:05:00,8516.775513853858,0,71
2016-11-07,8501.05,8501.95,8496.45,8497.25,15:10:00,8515.277845867775,0,72
2016-11-07,8490.45,8501.7,8489.85,8501.1,15:15:00,8512.913289118464,0,73
2016-11-07,8487.8,8493.3,8487.35,8489.85,15:20:00,8510.521547297658,0,74
2016-11-07,8488.4,8490.95,8481.45,8487.2,15:25:00,8508.41473326931,0,75
2016-11-08,8519.1,8540.2,8515.2,8540.2,09:15:00,8509.432377719852,1,1
2016-11-08,8517.6,8526.4,8513.3,8519.5,09:20:00,8510.210246508437,1,2
2016-11-08,8523.75,8524.7,8514.55,8518.4,09:25:00,8511.499746840967,1,3
2016-11-08,8523.45,8529.35,8520.9,8523.4,09:30:00,8512.637866189447,1,4
2016-11-08,8520.4,8524.6,8519.25,8523.4,09:35:00,8513.377117028547,1,5
2016-11-08,8506.15,8520.65,8504.1,8520.3,09:40:00,8512.688820168685,1,6
2016-11-08,8513.3,8514.35,8505.55,8505.55,09:45:00,8512.747027771667,1,7
2016-11-08,8510.15,8513.1,8506.1,8513.1,09:50:00,8512.499691793413,1,8
2016-11-08,8507.1,8510.5,8505.85,8510.25,09:55:00,8511.985435432136,1,9
2016-11-08,8507.55,8507.8,8502.8,8507.4,10:00:00,8511.563013010027,1,10
2016-11-08,8507.1,8510.3,8506.7,8507.5,10:05:00,8511.137964151929,1,11
2016-11-08,8513.95,8514.0,8506.55,8507.0,10:10:00,8511.40577708984,1,12
2016-11-08,8513.0,8516.7,8512.7,8514.0,10:15:00,8511.55760784319,1,13
2016-11-08,8514.6,8515.8,8512.75,8512.9,10:20:00,8511.847359477171,1,14
2016-11-08,8508.45,8516.45,8507.8,8514.45,10:25:00,8511.523801431727,1,15
2016-11-08,8500.0,8508.85,8499.4,8508.5,10:30:00,8510.426296533467,1,16
2016-11-08,8495.8,8500.25,8489.3,8499.9,10:35:00,8509.033315911232,1,17
2016-11-08,8501.7,8502.1,8495.25,8495.55,10:40:00,8508.334904872067,1,18
2016-11-08,8504.15,8508.5,8501.75,8501.75,10:45:00,8507.936342503299,1,19
2016-11-08,8502.65,8508.25,8502.65,8504.7,10:50:00,8507.432881312508,1,20
2016-11-08,8499.65,8503.6,8499.4,8502.7,10:55:00,8506.69165452084,1,21
2016-11-08,8495.5,8501.3,8494.6,8499.5,11:00:00,8505.625782661713,1,22
2016-11-08,8502.0,8502.75,8494.2,8495.05,11:05:00,8505.280470027265,1,23
2016-11-08,8500.85,8502.55,8499.1,8501.85,11:10:00,8504.858520500859,1,24
2016-11-08,8498.85,8502.35,8496.65,8500.95,11:15:00,8504.286280453158,1,25
2016-11-08,8502.45,8504.2,8499.15,8499.15,11:20:00,8504.111396600476,1,26
2016-11-08,8506.35,8508.0,8502.15,8502.6,11:25:00,8504.32459692424,1,27
2016-11-08,8504.45,8507.2,8503.1,8505.95,11:30:00,8504.336540074313,1,28
2016-11-08,8508.85,8510.2,8504.15,8504.3,11:35:00,8504.766393400569,1,29
2016-11-08,8505.8,8509.75,8504.35,8508.6,11:40:00,8504.864832124324,1,30
2016-11-08,8506.4,8507.5,8503.85,8505.5,11:45:00,8505.011038588673,1,31
2016-11-08,8503.45,8507.15,8503.45,8506.25,11:50:00,8504.862368246895,1,32
2016-11-08,8501.9,8505.2,8501.15,8504.0,11:55:00,8504.580237937667,1,33
2016-11-08,8498.9,8502.95,8498.55,8501.85,12:00:00,8504.039262895985,1,34
2016-11-08,8497.65,8499.15,8494.9,8499.0,12:05:00,8503.430761667796,1,35
2016-11-08,8494.95,8498.4,8493.25,8497.95,12:10:00,8502.623070080386,1,36
2016-11-08,8491.45,8495.05,8488.35,8495.0,12:15:00,8501.558968167968,1,37
2016-11-08,8495.95,8496.0,8491.6,8491.6,12:20:00,8501.0247807234,1,38
2016-11-08,8490.25,8496.3,8490.05,8496.15,12:25:00,8499.998611130695,1,39
2016-11-08,8493.15,8495.25,8484.9,8490.4,12:30:00,8499.34636245158,1,40
2016-11-08,8489.25,8493.0,8487.55,8493.0,12:35:00,8498.38480412286,1,41
2016-11-08,8486.75,8489.95,8485.2,8489.5,12:40:00,8497.276727539731,1,42
2016-11-08,8483.9,8488.1,8480.9,8487.1,12:45:00,8496.002753488328,1,43
2016-11-08,8488.2,8490.9,8480.55,8484.05,12:50:00,8495.259634108488,1,44
2016-11-08,8495.3,8496.0,8485.4,8487.55,12:55:00,8495.263478479108,1,45
2016-11-08,8493.5,8497.25,8488.4,8495.65,13:00:00,8495.095528147764,1,46
2016-11-08,8489.15,8496.05,8488.75,8493.45,13:05:00,8494.529287371786,1,47
2016-11-08,8488.0,8492.2,8486.95,8489.0,13:10:00,8493.907450479235,1,48
2016-11-08,8485.65,8490.4,8483.35,8487.95,13:15:00,8493.12102662407,1,49
2016-11-08,8481.35,8488.8,8480.85,8485.45,13:20:00,8491.999976469397,1,50
2016-11-08,8486.45,8487.0,8480.1,8481.4,13:25:00,8491.471407281835,1,51
2016-11-08,8486.85,8488.6,8483.5,8487.15,13:30:00,8491.031273254994,1,52
2016-11-08,8482.35,8487.95,8481.1,8487.15,13:35:00,8490.204485325947,1,53
2016-11-08,8486.0,8488.1,8480.6,8482.5,13:40:00,8489.804058152047,1,54
2016-11-08,8491.6,8493.3,8484.6,8486.2,13:45:00,8489.975100232805,1,55
2016-11-08,8491.35,8495.95,8490.05,8491.65,13:50:00,8490.106043067775,1,56
2016-11-08,8494.55,8494.85,8489.4,8491.6,13:55:00,8490.52927706132,1,57
2016-11-08,8499.35,8505.35,8493.8,8494.6,14:00:00,8491.369345912623,1,58
2016-11-08,8503.7,8504.15,8498.05,8499.4,14:05:00,8492.543693920943,1,59
2016-11-08,8502.4,8504.35,8500.9,8503.55,14:10:00,8493.482389737997,1,60
2016-11-08,8509.8,8511.45,8501.6,8502.05,14:15:00,8495.036447858189,1,61
2016-11-08,8512.8,8512.8,8507.75,8509.65,14:20:00,8496.728214728837,1,62
2016-11-08,8513.2,8518.85,8511.9,8512.9,14:25:00,8498.296956183234,1,63
2016-11-08,8518.95,8519.2,8512.05,8513.55,14:30:00,8500.263912737211,1,64
2016-11-08,8509.0,8519.4,8507.25,8518.55,14:35:00,8501.095921047952,1,65
2016-11-08,8508.7,8509.95,8507.75,8508.95,14:40:00,8501.820119043385,1,66
2016-11-08,8508.7,8508.95,8503.9,8508.65,14:45:00,8502.475345801158,1,67
2016-11-08,8507.7,8510.6,8507.45,8508.4,14:50:00,8502.972931915334,1,68
2016-11-08,8510.8,8517.3,8506.85,8507.45,14:55:00,8503.718366971016,1,69
2016-11-08,8520.15,8520.6,8509.95,8510.75,15:00:00,8505.283284402347,1,70
2016-11-08,8552.5,8558.0,8519.35,8520.8,15:05:00,8509.780114459267,1,71
2016-11-08,8552.9,8559.4,8546.9,8552.7,15:10:00,8513.88677022505,1,72
2016-11-08,8547.85,8554.15,8547.15,8552.1,15:15:00,8517.12136353695,1,73
2016-11-08,8546.25,8550.7,8545.65,8547.15,15:20:00,8519.895519390573,1,74
2016-11-08,8542.15,8547.3,8540.2,8545.95,15:25:00,8522.014993734329,1,75
2016-11-10,8535.9,8547.8,8512.9,8546.35,09:15:00,8523.337375283441,3,1
2016-11-10,8534.15,8540.3,8529.65,8536.65,09:20:00,8524.36714906597,3,2
2016-11-10,8554.45,8554.85,8534.3,8535.3,09:25:00,8527.23218248826,3,3
2016-11-10,8552.45,8560.1,8551.0,8554.05,09:30:00,8529.63387939414,3,4
2016-11-10,8548.75,8554.7,8543.45,8552.9,09:35:00,8531.454462308984,3,5
2016-11-10,8544.9,8549.1,8542.95,8548.8,09:40:00,8532.734989708128,3,6
2016-11-10,8545.0,8548.15,8542.35,8544.7,09:45:00,8533.9030859264,3,7
2016-11-10,8537.1,8545.25,8534.6,8544.8,09:50:00,8534.20755393341,3,8
2016-11-10,8544.35,8545.05,8533.75,8536.85,09:55:00,8535.173501177847,3,9
2016-11-10,8546.8,8547.6,8542.65,8544.3,10:00:00,8536.280786779957,3,10
2016-11-10,8552.75,8554.05,8546.4,8546.7,10:05:00,8537.849283277103,3,11
2016-11-10,8561.5,8562.35,8552.1,8552.85,10:10:00,8540.101732488807,3,12
2016-11-10,8567.75,8568.4,8560.95,8561.55,10:15:00,8542.734900823207,3,13
2016-11-10,8567.95,8572.5,8566.35,8567.95,10:20:00,8545.136338840044,3,14
2016-11-10,8558.9,8568.15,8558.9,8568.15,10:25:00,8546.44716371242,3,15
2016-11-10,8558.4,8562.25,8552.2,8558.35,10:30:00,8547.585529073143,3,16
2016-11-10,8563.2,8563.2,8555.65,8558.35,10:35:00,8549.072621542367,3,17
2016-11-10,8568.1,8568.3,8562.0,8563.15,10:40:00,8550.884752824048,3,18
2016-11-10,8573.0,8576.0,8567.35,8568.4,10:45:00,8552.990966840805,3,19
2016-11-10,8582.8,8582.8,8571.85,8573.7,10:50:00,8555.829922379777,3,20
2016-11-10,8578.4,8592.0,8575.65,8582.85,10:55:00,8557.979453581702,3,21
2016-11-10,8574.5,8584.85,8574.4,8579.0,11:00:00,8559.552838954873,3,22
2016-11-10,8588.05,8589.25,8573.75,8574.7,11:05:00,8562.266854292504,3,23
2016-11-10,8590.1,8596.35,8585.95,8588.35,11:10:00,8564.91763007417,3,24
2016-11-10,8594.1,8594.45,8587.0,8590.4,11:15:00,8567.696903400438,3,25
2016-11-10,8594.7,8598.45,8590.9,8594.3,11:20:00,8570.26862688611,3,26
2016-11-10,8585.7,8596.85,8583.85,8595.1,11:25:00,8571.738281468386,3,27
2016-11-10,8582.45,8586.0,8575.95,8586.0,11:30:00,8572.758445138064,3,28
2016-11-10,8593.85,8593.85,8581.95,8581.95,11:35:00,8574.767164648725,3,29
2016-11-10,8587.05,8593.65,8585.5,8593.65,11:40:00,8575.936958491704,3,30
2016-11-10,8585.4,8589.6,8583.6,8587.5,11:45:00,8576.838200540113,3,31
2016-11-10,8588.2,8589.6,8585.35,8585.35,11:50:00,8577.92027667915,3,32
2016-11-10,8591.05,8593.35,8586.75,8587.85,11:55:00,8579.17072651923,3,33
2016-11-10,8589.2,8595.25,8589.05,8591.2,12:00:00,8580.125895422161,3,34
2016-11-10,8584.8,8590.1,8580.0,8590.1,12:05:00,8580.571048239099,3,35
2016-11-10,8586.5,8587.0,8583.4,8585.05,12:10:00,8581.135710311566,3,36
2016-11-10,8587.05,8591.3,8584.35,8586.2,12:15:00,8581.698975996178,3,37
2016-11-10,8587.35,8589.75,8583.2,8587.15,12:20:00,8582.237168758447,3,38
2016-11-10,8593.45,8593.55,8587.2,8588.2,12:25:00,8583.305057448119,3,39
2016-11-10,8594.5,8597.2,8591.65,8592.75,12:30:00,8584.37124245306,3,40
2016-11-10,8594.55,8596.75,8592.5,8594.55,12:35:00,8585.34064793372,3,41
2016-11-10,8591.95,8595.35,8586.8,8595.35,12:40:00,8585.970110035272,3,42
2016-11-10,8589.1,8593.15,8588.15,8592.45,12:45:00,8586.268194793818,3,43
2016-11-10,8578.15,8590.45,8575.8,8589.05,12:50:00,8585.495033384883,3,44
2016-11-10,8576.45,8578.55,8561.35,8578.5,12:55:00,8584.633601633941,3,45
2016-11-10,8569.05,8576.85,8563.7,8576.85,13:00:00,8583.149449097375,3,46
2016-11-10,8556.0,8569.3,8551.6,8569.0,13:05:00,8580.563787278577,3,47
2016-11-10,8571.2,8571.2,8549.45,8556.1,13:10:00,8579.671998013951,3,48
2016-11-10,8572.7,8573.05,8559.05,8571.05,13:15:00,8579.007998203098,3,49
2016-11-10,8572.65,8574.25,8568.25,8572.6,13:20:00,8578.402474564708,3,50
2016-11-10,8580.35,8581.35,8572.95,8572.95,13:25:00,8578.587953177592,3,51
2016-11-10,8584.1,8586.8,8578.5,8580.9,13:30:00,8579.11291001782,3,52
2016-11-10,8570.4,8584.9,8569.7,8584.15,13:35:00,8578.283109063743,3,53
2016-11-10,8575.15,8576.3,8568.35,8570.2,13:40:00,8577.98471772434,3,54
2016-11-10,8579.85,8579.85,8575.05,8575.05,13:45:00,8578.162363655354,3,55
2016-11-10,8586.0,8587.8,8579.7,8579.95,13:50:00,8578.908805211988,3,56
2016-11-10,8573.1,8586.2,8570.6,8586.2,13:55:00,8578.355585667989,3,57
2016-11-10,8577.5,8581.6,8572.65,8573.0,14:00:00,8578.274101318657,3,58
2016-11-10,8579.15,8581.1,8576.8,8577.3,14:05:00,8578.35752024069,3,59
2016-11-10,8566.75,8580.1,8565.5,8578.35,14:10:00,8577.252042122529,3,60
2016-11-10,8563.6,8572.3,8562.15,8567.0,14:15:00,8575.95184763467,3,61
2016-11-10,8566.65,8567.7,8555.2,8563.45,14:20:00,8575.065957383747,3,62
2016-11-10,8564.35,8568.2,8560.65,8567.25,14:25:00,8574.045390013867,3,63
2016-11-10,8564.15,8565.65,8561.1,8565.15,14:30:00,8573.10297191731,3,64
2016-11-10,8561.55,8574.8,8560.55,8564.05,14:35:00,8572.002688877565,3,65
2016-11-10,8555.95,8562.7,8554.4,8561.05,14:40:00,8570.473861365415,3,66
2016-11-10,8552.2,8563.35,8552.2,8556.4,14:45:00,8568.733493616328,3,67
2016-11-10,8556.0,8560.2,8549.9,8551.85,14:50:00,8567.520779938583,3,68
2016-11-10,8560.8,8563.5,8554.65,8556.4,14:55:00,8566.880705658717,3,69
2016-11-10,8539.65,8560.35,8537.25,8560.35,15:00:00,8564.287305119791,3,70
2016-11-10,8538.25,8539.7,8524.05,8539.7,15:05:00,8561.80756177505,3,71
2016-11-10,8526.15,8537.8,8525.45,8537.8,15:10:00,8558.41160351076,3,72
2016-11-10,8515.35,8526.7,8515.3,8525.8,15:15:00,8554.310498414497,3,73
2016-11-10,8518.3,8521.55,8513.9,8515.2,15:20:00,8550.880927136926,3,74
2016-11-10,8522.5,8524.85,8510.7,8519.35,15:25:00,8548.177981695315,3,75
2016-11-11,8433.4,8449.65,8421.05,8449.65,09:15:00,8537.24674534338,4,1
2016-11-11,8450.25,8459.1,8433.1,8433.55,09:20:00,8528.961341024962,4,2
2016-11-11,8449.1,8450.6,8436.35,8449.1,09:25:00,8521.355499022584,4,3
2016-11-11,8428.8,8449.8,8422.0,8449.35,09:30:00,8512.54068959186,4,4
2016-11-11,8403.3,8429.3,8392.0,8429.3,09:35:00,8502.136814392636,4,5
2016-11-11,8400.15,8409.85,8398.6,8403.4,09:40:00,8492.42378445048,4,6
2016-11-11,8403.45,8404.65,8396.6,8400.7,09:45:00,8483.950090693292,4,7
2016-11-11,8411.65,8418.15,8403.3,8403.3,09:50:00,8477.064367770121,4,8
2016-11-11,8400.15,8411.5,8398.15,8411.25,09:55:00,8469.739189887252,4,9
2016-11-11,8389.75,8400.8,8389.35,8400.8,10:00:00,8462.121171802752,4,10
2016-11-11,8389.55,8396.9,8388.15,8389.3,10:05:00,8455.20963163106,4,11
2016-11-11,8387.45,8395.1,8384.3,8389.5,10:10:00,8448.756333380483,4,12
2016-11-11,8383.75,8388.8,8372.8,8387.6,10:15:00,8442.565254010913,4,13
2016-11-11,8393.2,8393.85,8382.85,8383.7,10:20:00,8437.86380124797,4,14
2016-11-11,8391.85,8397.85,8391.1,8393.25,10:25:00,8433.48153446245,4,15
2016-11-11,8395.2,8402.85,8391.8,8391.8,10:30:00,8429.835674037455,4,16
2016-11-11,8388.5,8396.95,8387.05,8395.4,10:35:00,8425.898943176744,4,17
2016-11-11,8388.65,8392.85,8385.0,8388.9,10:40:00,8422.351424778959,4,18
2016-11-11,8385.55,8392.3,8382.8,8388.75,10:45:00,8418.846527180962,4,19
2016-11-11,8396.95,8397.7,8384.7,8385.65,10:50:00,8416.761143639918,4,20
2016-11-11,8393.15,8397.9,8390.85,8396.35,10:55:00,8414.51246329326,4,21
2016-11-11,8397.15,8400.4,8392.15,8393.8,11:00:00,8412.858895360569,4,22
2016-11-11,8390.55,8398.1,8390.0,8397.05,11:05:00,8410.734238659563,4,23
2016-11-11,8380.6,8390.15,8378.8,8390.15,11:10:00,8407.864311168176,4,24
2016-11-11,8387.45,8387.45,8379.05,8380.15,11:15:00,8405.920091056922,4,25
2016-11-11,8384.35,8388.25,8381.85,8387.85,11:20:00,8403.865796670549,4,26
2016-11-11,8390.95,8392.55,8383.75,8384.25,11:25:00,8402.635720797163,4,27
2016-11-11,8388.15,8395.65,8387.65,8391.6,11:30:00,8401.25612834029,4,28
2016-11-11,8386.85,8389.6,8382.15,8388.05,11:35:00,8399.884116117406,4,29
2016-11-11,8390.45,8396.25,8385.45,8387.15,11:40:00,8398.98562886813,4,30
2016-11-11,8393.7,8394.15,8389.55,8390.4,11:45:00,8398.482235642594,4,31
2016-11-11,8393.5,8397.7,8391.3,8393.9,11:50:00,8398.007737009966,4,32
2016-11-11,8387.1,8393.95,8387.1,8393.45,11:55:00,8396.96890491378,4,33
2016-11-11,8380.3,8389.15,8379.15,8387.0,12:00:00,8395.381390160086,4,34
2016-11-11,8377.3,8384.8,8375.35,8380.55,12:05:00,8393.659353001984,4,35
2016-11-11,8370.35,8379.35,8370.35,8377.25,12:10:00,8391.439414620841,4,36
2016-11-11,8378.9,8381.1,8369.6,8371.0,12:15:00,8390.245184656951,4,37
2016-11-11,8365.55,8379.1,8364.95,8379.05,12:20:00,8387.89326230867,4,38
2016-11-11,8362.95,8369.3,8360.15,8363.95,12:25:00,8385.517713517367,4,39
2016-11-11,8359.2,8362.85,8352.9,8362.85,12:30:00,8383.01126461095,4,40
2016-11-11,8374.45,8375.95,8359.0,8359.0,12:35:00,8382.195906076575,4,41
2016-11-11,8367.2,8377.1,8361.9,8374.7,12:40:00,8380.767724545472,4,42
2016-11-11,8362.3,8370.05,8360.25,8367.45,12:45:00,8379.008893636379,4,43
2016-11-11,8354.05,8364.0,8353.9,8362.45,12:50:00,8376.6318561472,4,44
2016-11-11,8363.4,8363.4,8352.85,8353.95,12:55:00,8375.371679371276,4,45
2016-11-11,8366.65,8366.65,8358.1,8363.25,13:00:00,8374.541043240679,4,46
2016-11-11,8372.95,8374.15,8360.35,8366.7,13:05:00,8374.389515312994,4,47
2016-11-11,8385.85,8389.8,8369.15,8372.6,13:10:00,8375.480990045091,4,48
2016-11-11,8378.4,8386.75,8375.25,8386.0,13:15:00,8375.758990993178,4,49
2016-11-11,8380.65,8381.9,8372.35,8378.35,13:20:00,8376.22480137478,4,50
2016-11-11,8380.0,8383.05,8375.55,8380.3,13:25:00,8376.584344100991,4,51
2016-11-11,8388.4,8394.25,8380.05,8380.1,13:30:00,8377.709644662802,4,52
2016-11-11,8389.1,8398.75,8387.55,8388.3,13:35:00,8378.794440409201,4,53
2016-11-11,8381.7,8395.45,8378.0,8388.85,13:40:00,8379.07116037023,4,54
2016-11-11,8372.25,8383.3,8371.7,8381.8,13:45:00,8378.421526049255,4,55
2016-11-11,8368.45,8377.45,8367.0,8372.2,13:50:00,8377.471856901706,4,56
2016-11-11,8369.95,8373.15,8366.6,8368.5,13:55:00,8376.755489577734,4,57
2016-11-11,8360.3,8370.9,8359.9,8370.6,14:00:00,8375.18830009414,4,58
2016-11-11,8365.0,8369.65,8360.2,8360.35,14:05:00,8374.21798579946,4,59
2016-11-11,8373.75,8376.15,8364.35,8365.3,14:10:00,8374.17341572332,4,60
2016-11-11,8363.9,8375.2,8362.75,8374.4,14:15:00,8373.194995178243,4,61
2016-11-11,8352.6,8367.05,8350.6,8364.25,14:20:00,8371.233567066029,4,62
2016-11-11,8343.55,8354.55,8335.8,8352.35,14:25:00,8368.597036869263,4,63
2016-11-11,8341.8,8348.1,8338.95,8344.1,14:30:00,8366.04493811981,4,64
2016-11-11,8316.6,8341.6,8316.6,8341.6,14:35:00,8361.335896394114,4,65
2016-11-11,8321.75,8324.95,8309.35,8316.95,14:40:00,8357.565811023245,4,66
2016-11-11,8333.4,8333.75,8318.0,8321.65,14:45:00,8355.264305211507,4,67
2016-11-11,8326.7,8335.25,8322.85,8333.75,14:50:00,8352.543895191364,4,68
2016-11-11,8330.15,8330.15,8323.25,8326.15,14:55:00,8350.411143268377,4,69
2016-11-11,8297.2,8330.6,8293.8,8330.3,15:00:00,8345.343415338055,4,70
2016-11-11,8291.1,8299.75,8288.15,8296.8,15:05:00,8340.177375782048,4,71
2016-11-11,8294.6,8294.6,8284.95,8291.55,15:10:00,8335.836673326616,4,72
2016-11-11,8301.75,8301.85,8287.45,8294.7,15:15:00,8332.590323485985,4,73
2016-11-11,8301.65,8302.2,8293.4,8301.3,15:20:00,8329.64362601113,4,74
2016-11-11,8311.4,8312.2,8299.5,8302.1,15:25:00,8327.906137819593,4,75
2016-11-15,8215.2,8284.8,8195.2,8283.0,09:15:00,8317.172219932012,1,1
2016-11-15,8209.55,8215.3,8189.8,8215.05,09:20:00,8306.922484700392,1,2
2016-11-15,8219.75,8219.75,8198.9,8209.8,09:25:00,8298.620343300354,1,3
2016-11-15,8221.9,8223.8,8213.85,8219.55,09:30:00,8291.313643938416,1,4
2016-11-15,8192.85,8221.1,8192.8,8221.1,09:35:00,8281.93615403952,1,5
2016-11-15,8191.55,8198.0,8183.95,8192.25,09:40:00,8273.3279488929,1,6
2016-11-15,8171.25,8191.8,8169.05,8191.25,09:45:00,8263.60623947453,1,7
2016-11-15,8175.4,8179.55,8167.3,8170.4,09:50:00,8255.20564523886,1,8
2016-11-15,8182.2,8190.15,8175.55,8175.55,09:55:00,8248.252726644683,1,9
2016-11-15,8177.8,8185.3,8175.5,8182.05,10:00:00,8241.542943154713,1,10
2016-11-15,8162.2,8180.6,8161.75,8177.0,10:05:00,8233.986472378074,1,11
2016-11-15,8139.1,8162.5,8139.1,8161.7,10:10:00,8224.949665484924,1,12
2016-11-15,8159.7,8159.7,8125.6,8138.75,10:15:00,8218.735411629217,1,13
2016-11-15,8180.3,8180.3,8158.0,8158.15,10:20:00,8215.07489623596,1,14
2016-11-15,8166.75,8184.8,8162.75,8180.9,10:25:00,8210.472525165867,1,15
2016-11-15,8170.8,8175.65,8154.05,8166.1,10:30:00,8206.694189435784,1,16
2016-11-15,8177.65,8180.7,8170.65,8170.65,10:35:00,8203.928076156186,1,17
2016-11-15,8172.5,8184.1,8169.7,8177.8,10:40:00,8200.934926046073,1,18
2016-11-15,8174.2,8175.8,8168.95,8172.45,10:45:00,8198.388742613113,1,19
2016-11-15,8189.45,8192.85,8174.1,8174.1,10:50:00,8197.537433792817,1,20
2016-11-15,8184.15,8197.1,8184.15,8189.35,10:55:00,8196.262440098264,1,21
2016-11-15,8185.55,8186.95,8180.6,8183.45,11:00:00,8195.242207707954,1,22
2016-11-15,8182.75,8189.1,8180.25,8184.85,11:05:00,8194.05247364053,1,23
2016-11-15,8171.1,8184.5,8170.5,8182.55,11:10:00,8191.866523770002,1,24
2016-11-15,8155.6,8170.9,8154.55,8170.8,11:15:00,8188.412569125241,1,25
2016-11-15,8154.65,8162.6,8152.65,8155.65,11:20:00,8185.197086351409,1,26
2016-11-15,8150.55,8158.95,8144.75,8154.0,11:25:00,8181.897363841751,1,27
2016-11-15,8138.6,8150.5,8130.4,8149.85,11:30:00,8177.773805380632,1,28
2016-11-15,8125.6,8143.85,8121.2,8138.05,11:35:00,8172.804871534858,1,29
2016-11-15,8150.65,8150.85,8118.55,8126.05,11:40:00,8170.694883769634,1,30
2016-11-15,8162.4,8167.4,8147.95,8149.4,11:45:00,8169.904894839193,1,31
2016-11-15,8153.7,8165.4,8146.7,8161.65,11:50:00,8168.3615715211745,1,32
2016-11-15,8147.25,8153.25,8140.95,8153.25,11:55:00,8166.350945662015,1,33
2016-11-15,8152.1,8152.35,8141.35,8146.95,12:00:00,8164.9937127418225,1,34
2016-11-15,8161.1,8163.0,8152.3,8152.3,12:05:00,8164.622882956887,1,35
2016-11-15,8168.25,8169.9,8160.25,8161.95,12:10:00,8164.968322675279,1,36
2016-11-15,8163.35,8168.05,8160.35,8168.05,12:15:00,8164.814196706205,1,37
2016-11-15,8150.4,8163.7,8136.5,8162.6,12:20:00,8163.441416067519,1,38
2016-11-15,8147.15,8153.55,8145.25,8149.2,12:25:00,8161.889852632517,1,39
2016-11-15,8156.6,8156.65,8146.5,8147.55,12:30:00,8161.386057143706,1,40
2016-11-15,8157.95,8160.4,8154.15,8156.9,12:35:00,8161.058813606211,1,41
2016-11-15,8157.55,8158.75,8150.8,8157.5,12:40:00,8160.72464088181,1,42
2016-11-15,8147.45,8158.2,8145.25,8157.95,12:45:00,8159.460389369256,1,43
2016-11-15,8143.75,8150.2,8137.05,8147.95,12:50:00,8157.96416181028,1,44
2016-11-15,8140.1,8146.6,8137.0,8143.3,12:55:00,8156.262813066443,1,45
2016-11-15,8151.2,8151.25,8138.45,8139.3,13:00:00,8155.780640393449,1,46
2016-11-15,8154.75,8158.3,8148.9,8150.35,13:05:00,8155.682484165502,1,47
2016-11-15,8154.3,8160.9,8148.4,8154.65,13:10:00,8155.550819006883,1,48
2016-11-15,8148.45,8154.35,8147.25,8154.0,13:15:00,8154.874550530038,1,49
2016-11-15,8148.55,8153.4,8147.45,8148.05,13:20:00,8154.27221238432,1,50
2016-11-15,8156.05,8156.25,8145.5,8148.45,13:25:00,8154.441525490574,1,51
2016-11-15,8166.95,8174.75,8153.0,8156.0,13:30:00,8155.632808777186,1,52
2016-11-15,8170.75,8183.95,8162.85,8166.4,13:35:00,8157.072541274598,1,53
2016-11-15,8167.35,8180.05,8166.15,8170.3,13:40:00,8158.051346867493,1,54
2016-11-15,8156.75,8171.1,8153.1,8167.3,13:45:00,8157.9274090705885,1,55
2016-11-15,8160.0,8163.2,8154.7,8156.5,13:50:00,8158.124798682913,1,56
2016-11-15,8149.75,8162.15,8146.05,8160.3,13:55:00,8157.327198808351,1,57
2016-11-15,8153.95,8155.4,8144.25,8148.95,14:00:00,8157.005560826603,1,58
2016-11-15,8147.2,8155.25,8143.95,8154.0,14:05:00,8156.071697890737,1,59
2016-11-15,8166.7,8173.05,8148.65,8148.8,14:10:00,8157.083917139237,1,60
2016-11-15,8152.9,8170.2,8150.4,8165.85,14:15:00,8156.685448840261,1,61
2016-11-15,8157.45,8162.4,8151.5,8152.75,14:20:00,8156.758263236426,1,62
2016-11-15,8148.2,8159.65,8141.4,8156.8,14:25:00,8155.943190547243,1,63
2016-11-15,8157.25,8158.5,8143.85,8147.95,14:30:00,8156.067648590362,1,64
2016-11-15,8159.0,8165.1,8154.75,8158.0,14:35:00,8156.346920153185,1,65
2016-11-15,8148.25,8159.3,8145.5,8159.3,14:40:00,8155.5757849005,1,66
2016-11-15,8140.25,8150.35,8138.85,8148.35,14:45:00,8154.116186338548,1,67
2016-11-15,8140.35,8143.55,8129.6,8139.9,14:50:00,8152.805120972972,1,68
2016-11-15,8137.15,8147.0,8133.9,8140.25,14:55:00,8151.314157070784,1,69
2016-11-15,8121.85,8137.5,8120.6,8137.5,15:00:00,8148.508046873566,1,70
2016-11-15,8113.9,8125.85,8110.3,8121.2,15:05:00,8145.212042409416,1,71
2016-11-15,8112.25,8116.55,8108.05,8113.25,15:10:00,8142.072800275186,1,72
2016-11-15,8098.0,8115.95,8094.2,8111.9,15:15:00,8137.875390725168,1,73
2016-11-15,8098.85,8104.15,8096.2,8097.7,15:20:00,8134.158686846581,1,74
2016-11-15,8097.45,8101.2,8093.2,8099.65,15:25:00,8130.662621432621,1,75
2016-11-16,8159.95,8210.05,8159.95,8210.05,09:15:00,8133.451895581895,2,1
2016-11-16,8136.8,8168.65,8136.8,8161.1,09:20:00,8133.770762669334,2,2
2016-11-16,8143.5,8148.75,8132.15,8136.6,09:25:00,8134.697356700825,2,3
2016-11-16,8150.95,8158.8,8141.5,8143.25,09:30:00,8136.245227491223,2,4
2016-11-16,8132.6,8153.05,8131.7,8151.15,09:35:00,8135.89806296825,2,5
2016-11-16,8118.4,8139.35,8116.85,8133.9,09:40:00,8134.231580780798,2,6
2016-11-16,8126.85,8127.45,8116.8,8117.7,09:45:00,8133.528573087389,2,7
2016-11-16,8127.7,8134.95,8125.1,8127.3,09:50:00,8132.97347088859,2,8
2016-11-16,8111.05,8127.4,8105.1,8127.4,09:55:00,8130.885521280153,2,9
2016-11-16,8121.85,8122.6,8100.5,8111.5,10:00:00,8130.024995443948,2,10
2016-11-16,8125.45,8126.8,8114.95,8122.45,10:05:00,8129.589281592143,2,11
2016-11-16,8138.15,8139.35,8125.0,8126.2,10:10:00,8130.404588107177,2,12
2016-11-16,8138.55,8145.6,8135.8,8138.1,10:15:00,8131.1803416207795,2,13
2016-11-16,8138.15,8139.3,8134.8,8138.5,10:20:00,8131.844118609277,2,14
2016-11-16,8150.45,8151.7,8137.15,8138.4,10:25:00,8133.616107313155,2,15
2016-11-16,8133.25,8150.6,8133.25,8150.6,10:30:00,8133.581239949997,2,16
2016-11-16,8132.9,8136.35,8124.8,8132.75,10:35:00,8133.516359954759,2,17
2016-11-16,8140.35,8140.5,8131.25,8132.75,10:40:00,8134.167182816211,2,18
2016-11-16,8148.85,8151.5,8140.85,8140.85,10:45:00,8135.565546357524,2,19
2016-11-16,8148.6,8152.25,8144.35,8149.0,10:50:00,8136.8069228949025,2,20
2016-11-16,8148.55,8152.55,8146.35,8148.8,10:55:00,8137.925311190626,2,21
2016-11-16,8153.6,8155.95,8144.1,8148.5,11:00:00,8139.418138696281,2,22
2016-11-16,8160.55,8161.8,8150.85,8153.7,11:05:00,8141.430696915682,2,23
2016-11-16,8155.55,8161.95,8154.65,8160.25,11:10:00,8142.775392447522,2,24
2016-11-16,8154.1,8156.9,8154.05,8155.3,11:15:00,8143.853926500138,2,25
2016-11-16,8152.3,8158.05,8150.65,8154.4,11:20:00,8144.658314452507,2,26
2016-11-16,8157.45,8157.45,8149.85,8151.85,11:25:00,8145.876570218934,2,27
2016-11-16,8156.2,8159.5,8154.1,8157.55,11:30:00,8146.859754007606,2,28
2016-11-16,8148.2,8156.7,8144.45,8156.7,11:35:00,8146.987396483072,2,29
2016-11-16,8153.4,8156.0,8148.3,8148.3,11:40:00,8147.598120627541,2,30
2016-11-16,8154.8,8154.8,8150.2,8153.3,11:45:00,8148.284013901109,2,31
2016-11-16,8154.6,8157.2,8150.9,8154.75,11:50:00,8148.885536386717,2,32
2016-11-16,8155.2,8158.6,8153.25,8154.3,11:55:00,8149.486913873697,2,33
2016-11-16,8164.7,8164.7,8153.75,8155.4,12:00:00,8150.935779219058,2,34
2016-11-16,8162.95,8172.5,8162.95,8165.0,12:05:00,8152.079990722005,2,35
2016-11-16,8162.9,8170.25,8162.3,8162.65,12:10:00,8153.1104677961,2,36
2016-11-16,8165.8,8167.25,8162.4,8163.3,12:15:00,8154.3189946726625,2,37
2016-11-16,8172.25,8173.6,8164.8,8165.3,12:20:00,8156.026709465742,2,38
2016-11-16,8174.5,8179.65,8172.05,8172.05,12:25:00,8157.786070469005,2,39
2016-11-16,8182.35,8188.75,8174.3,8174.45,12:30:00,8160.125492329099,2,40
2016-11-16,8189.3,8190.55,8179.65,8182.55,12:35:00,8162.904016869184,2,41
2016-11-16,8183.85,8193.7,8183.85,8189.1,12:40:00,8164.898872405453,2,42
2016-11-16,8174.4,8184.65,8174.25,8183.35,12:45:00,8165.803741700172,2,43
2016-11-16,8163.15,8173.75,8159.05,8173.4,12:50:00,8165.551004395394,2,44
2016-11-16,8146.55,8168.75,8145.65,8163.65,12:55:00,8163.741384929166,2,45
2016-11-16,8155.9,8160.4,8143.8,8146.5,13:00:00,8162.994586364483,2,46
2016-11-16,8164.65,8165.25,8151.85,8156.1,13:05:00,8163.152244805961,2,47
2016-11-16,8160.2,8166.9,8155.2,8164.8,13:10:00,8162.871078633965,2,48
2016-11-16,8161.3,8164.5,8157.0,8159.6,13:15:00,8162.721452097397,2,49
2016-11-16,8171.2,8171.5,8160.45,8160.95,13:20:00,8163.528932850025,2,50
2016-11-16,8171.1,8173.65,8165.35,8171.5,13:25:00,8164.249986864308,2,51
2016-11-16,8168.75,8173.25,8165.45,8170.25,13:30:00,8164.678559543898,2,52
2016-11-16,8164.55,8169.7,8160.7,8168.85,13:35:00,8164.666315777812,2,53
2016-11-16,8148.3,8165.9,8144.85,8165.1,13:40:00,8163.107619037068,2,54
2016-11-16,8139.5,8152.0,8135.95,8148.45,13:45:00,8160.8592743668705,2,55
2016-11-16,8123.95,8143.65,8121.5,8139.2,13:50:00,8157.34410537955,2,56
2016-11-16,8146.2,8146.95,8123.65,8123.75,13:55:00,8156.282762010069,2,57
2016-11-16,8146.05,8150.4,8142.0,8145.95,14:00:00,8155.308213247205,2,58
2016-11-16,8143.05,8148.75,8139.6,8146.5,14:05:00,8154.140764366519,2,59
2016-11-16,8154.85,8160.9,8143.35,8143.35,14:10:00,8154.208310617326,2,60
2016-11-16,8158.6,8158.6,8150.65,8154.7,14:15:00,8154.626566749009,2,61
2016-11-16,8167.25,8170.25,8158.45,8158.45,14:20:00,8155.828798487199,2,62
2016-11-16,8159.6,8169.95,8155.7,8167.05,14:25:00,8156.187960536037,2,63
2016-11-16,8155.85,8163.55,8153.8,8159.8,14:30:00,8156.155773818319,2,64
2016-11-16,8143.85,8155.65,8137.15,8155.65,14:35:00,8154.983795359432,2,65
2016-11-16,8147.2,8151.6,8141.9,8143.3,14:40:00,8154.242481515677,2,66
2016-11-16,8145.15,8150.65,8141.45,8147.0,14:45:00,8153.376530895137,2,67
2016-11-16,8140.15,8145.6,8135.3,8145.05,14:50:00,8152.1168612860765,2,68
2016-11-16,8136.35,8144.7,8136.35,8140.05,14:55:00,8150.615255449307,2,69
2016-11-16,8114.65,8137.95,8113.85,8136.45,15:00:00,8147.189993025564,2,70
2016-11-16,8121.65,8129.2,8114.4,8114.6,15:05:00,8144.757612737415,2,71
2016-11-16,8105.5,8124.3,8105.5,8121.85,15:10:00,8141.018792476709,2,72
2016-11-16,8107.6,8107.6,8097.05,8105.75,15:15:00,8137.836050336069,2,73
2016-11-16,8101.8,8112.0,8095.95,8107.65,15:20:00,8134.404045542158,2,74
2016-11-16,8094.45,8102.8,8089.4,8101.75,15:25:00,8130.598898347666,2,75
2016-11-17,8128.5,8136.85,8101.4,8102.3,09:15:00,8130.399003266936,3,1
2016-11-17,8135.55,8147.25,8122.35,8128.15,09:20:00,8130.88957438437,3,2
2016-11-17,8143.5,8151.25,8135.9,8135.9,09:25:00,8132.090567300144,3,3
2016-11-17,8140.9,8149.6,8140.5,8142.15,09:30:00,8132.929560890607,3,4
2016-11-17,8133.9,8141.8,8129.5,8140.7,09:35:00,8133.021983662929,3,5
2016-11-17,8139.3,8141.25,8128.05,8134.05,09:40:00,8133.619889980746,3,6
2016-11-17,8126.35,8140.5,8126.3,8139.9,09:45:00,8132.927519506389,3,7
2016-11-17,8118.2,8129.45,8114.6,8126.25,09:50:00,8131.524898601019,3,8
2016-11-17,8118.05,8118.85,8109.65,8118.6,09:55:00,8130.241574924731,3,9
2016-11-17,8105.1,8120.0,8101.6,8118.0,10:00:00,8127.847139217614,3,10
2016-11-17,8108.3,8108.3,8092.75,8104.45,10:05:00,8125.9855069111745,3,11
2016-11-17,8102.55,8115.0,8099.6,8108.6,10:10:00,8123.753553872015,3,12
2016-11-17,8103.2,8113.4,8100.95,8102.2,10:15:00,8121.796072550871,3,13
2016-11-17,8096.8,8104.2,8091.65,8103.9,10:20:00,8119.415494212692,3,14
2016-11-17,8108.6,8112.85,8096.7,8096.7,10:25:00,8118.385447144817,3,15
2016-11-17,8112.95,8115.7,8106.8,8108.75,10:30:00,8117.867785511977,3,16
2016-11-17,8113.75,8117.05,8113.0,8113.2,10:35:00,8117.475615463217,3,17
2016-11-17,8111.4,8116.15,8108.2,8113.95,10:40:00,8116.896985419101,3,18
2016-11-17,8102.05,8111.6,8099.95,8111.6,10:45:00,8115.482986807758,3,19
2016-11-17,8108.7,8109.35,8101.3,8102.25,10:50:00,8114.836988064161,3,20
2016-11-17,8108.4,8115.15,8108.4,8108.9,10:55:00,8114.22394158186,3,21
2016-11-17,8110.0,8111.35,8105.15,8108.0,11:00:00,8113.821661431207,3,22
2016-11-17,8120.05,8120.55,8109.25,8110.3,11:05:00,8114.414836532997,3,23
2016-11-17,8119.3,8120.9,8114.9,8119.45,11:10:00,8114.88009019652,3,24
2016-11-17,8127.1,8127.7,8119.1,8119.45,11:15:00,8116.043891130185,3,25
2016-11-17,8117.75,8126.65,8115.15,8126.65,11:20:00,8116.206377689215,3,26
2016-11-17,8116.9,8119.4,8116.15,8117.7,11:25:00,8116.27243695691,3,27
2016-11-17,8123.9,8124.3,8113.35,8117.1,11:30:00,8116.998871532442,3,28
2016-11-17,8122.9,8124.95,8120.95,8124.0,11:35:00,8117.560883767447,3,29
2016-11-17,8133.25,8137.8,8122.1,8122.95,11:40:00,8119.055085313405,3,30
2016-11-17,8130.0,8133.4,8129.0,8132.9,11:45:00,8120.097458140699,3,31
2016-11-17,8134.5,8134.8,8128.5,8130.25,11:50:00,8121.469128793966,3,32
2016-11-17,8137.45,8142.15,8134.9,8134.95,11:55:00,8122.991116527874,3,33
2016-11-17,8134.85,8138.75,8129.6,8137.4,12:00:00,8124.120534001409,3,34
2016-11-17,8134.8,8136.6,8132.0,8134.55,12:05:00,8125.137626001276,3,35
2016-11-17,8132.05,8136.3,8129.8,8134.75,12:10:00,8125.795947334488,3,36
2016-11-17,8121.05,8132.0,8118.9,8132.0,12:15:00,8125.343952350251,3,37
2016-11-17,8122.9,8125.7,8120.9,8121.45,12:20:00,8125.11119498356,3,38
2016-11-17,8126.3,8128.75,8121.3,8122.95,12:25:00,8125.224414508935,3,39
2016-11-17,8124.3,8127.95,8123.65,8126.4,12:30:00,8125.136375031894,3,40
2016-11-17,8114.55,8125.0,8110.5,8124.0,12:35:00,8124.12814883838,3,41
2016-11-17,8117.95,8118.95,8114.6,8114.6,12:40:00,8123.539753710916,3,42
2016-11-17,8115.0,8118.35,8113.35,8118.0,12:45:00,8122.726443833686,3,43
2016-11-17,8114.15,8115.75,8108.45,8115.3,12:50:00,8121.909639659049,3,44
2016-11-17,8114.65,8117.35,8110.6,8114.3,12:55:00,8121.218245405807,3,45
2016-11-17,8108.9,8115.35,8104.4,8114.8,13:00:00,8120.045079176682,3,46
2016-11-17,8117.9,8118.45,8109.0,8109.25,13:05:00,8119.84078592176,3,47
2016-11-17,8120.7,8121.4,8118.0,8118.0,13:10:00,8119.922615833972,3,48
2016-11-17,8115.15,8121.75,8113.9,8121.1,13:15:00,8119.468080992642,3,49
2016-11-17,8106.8,8116.1,8101.15,8115.45,13:20:00,8118.261597088581,3,50
2016-11-17,8102.65,8109.95,8102.5,8106.95,13:25:00,8116.77477831824,3,51
2016-11-17,8107.75,8109.65,8099.3,8102.25,13:30:00,8115.915275621265,3,52
2016-11-17,8104.05,8110.15,8103.8,8108.1,13:35:00,8114.785249371621,3,53
2016-11-17,8082.35,8104.75,8081.4,8104.3,13:40:00,8111.696178002895,3,54
2016-11-17,8077.05,8082.4,8072.9,8080.05,13:45:00,8108.39654200262,3,55
2016-11-17,8077.6,8085.1,8065.25,8077.3,13:50:00,8105.46353800237,3,56
2016-11-17,8088.35,8091.0,8074.0,8075.35,13:55:00,8103.83367724024,3,57
2016-11-17,8085.0,8089.05,8079.85,8088.4,14:00:00,8102.03999369355,3,58
2016-11-17,8082.7,8089.3,8081.35,8085.15,14:05:00,8100.1980895322595,3,59
2016-11-17,8094.15,8099.9,8082.6,8082.6,14:10:00,8099.622081005377,3,60
2016-11-17,8108.85,8117.6,8094.05,8094.05,14:15:00,8100.500930433436,3,61
2016-11-17,8099.65,8109.55,8094.15,8109.0,14:20:00,8100.419889439775,3,62
2016-11-17,8105.95,8109.15,8097.1,8099.6,14:25:00,8100.946566635987,3,63
2016-11-17,8091.5,8106.65,8088.15,8106.15,14:30:00,8100.046893623036,3,64
2016-11-17,8099.1,8100.1,8089.05,8091.85,14:35:00,8099.956713277985,3,65
2016-11-17,8097.2,8101.15,8095.35,8099.05,14:40:00,8099.694169156271,3,66
2016-11-17,8084.9,8097.8,8084.9,8097.25,14:45:00,8098.285200665198,3,67
2016-11-17,8089.7,8094.75,8084.4,8085.05,14:50:00,8097.467562506607,3,68
2016-11-17,8088.25,8093.1,8086.95,8090.15,14:55:00,8096.58969941074,3,69
2016-11-17,8060.9,8088.6,8060.9,8088.1,15:00:00,8093.19068041924,3,70
2016-11-17,8061.85,8068.15,8060.3,8060.4,15:05:00,8090.205853712647,3,71
2016-11-17,8083.6,8083.8,8061.75,8062.85,15:10:00,8089.576724787633,3,72
2016-11-17,8087.7,8089.6,8076.85,8083.9,15:15:00,8089.397989093572,3,73
2016-11-17,8091.35,8093.6,8084.5,8088.1,15:20:00,8089.583894894185,3,74
2016-11-17,8088.8,8092.15,8088.5,8091.85,15:25:00,8089.509238237596,3,75
2016-11-18,8085.25,8104.65,8073.05,8094.65,09:15:00,8089.103596500682,4,1
2016-11-18,8089.25,8090.6,8069.35,8084.7,09:20:00,8089.117539691093,4,2
2016-11-18,8070.4,8089.0,8068.45,8089.0,09:25:00,8087.33491686337,4,3
2016-11-18,8069.85,8071.95,8059.55,8070.6,09:30:00,8085.669686685906,4,4
2016-11-18,8063.3,8071.95,8057.9,8069.3,09:35:00,8083.539240334868,4,5
2016-11-18,8059.05,8064.75,8055.15,8063.35,09:40:00,8081.206931731546,4,6
2016-11-18,8064.2,8064.45,8048.3,8058.9,09:45:00,8079.587223947589,4,7
2016-11-18,8076.5,8078.25,8064.4,8064.4,09:50:00,8079.293202619247,4,8
2016-11-18,8073.5,8078.75,8073.15,8077.3,09:55:00,8078.741469036461,4,9
2016-11-18,8069.9,8074.4,8064.3,8074.25,10:00:00,8077.899424366322,4,10
2016-11-18,8067.9,8070.5,8064.55,8069.1,10:05:00,8076.947098236196,4,11
2016-11-18,8066.4,8073.25,8064.85,8068.0,10:10:00,8075.942612689892,4,12
2016-11-18,8070.5,8070.5,8061.7,8065.55,10:15:00,8075.424268624189,4,13
2016-11-18,8066.45,8072.15,8066.0,8070.8,10:20:00,8074.569576374266,4,14
2016-11-18,8068.05,8069.0,8065.2,8066.75,10:25:00,8073.948664338622,4,15
2016-11-18,8073.15,8074.1,8067.85,8068.2,10:30:00,8073.872601068277,4,16
2016-11-18,8077.9,8078.8,8072.8,8072.8,10:35:00,8074.256162871297,4,17
2016-11-18,8087.35,8090.1,8077.95,8078.65,10:40:00,8075.5031949787935,4,18
2016-11-18,8075.25,8088.35,8075.25,8087.1,10:45:00,8075.479081171289,4,19
2016-11-18,8082.1,8085.25,8074.15,8075.4,10:50:00,8076.109644869262,4,20
2016-11-18,8087.2,8088.95,8081.65,8082.25,10:55:00,8077.165869167427,4,21
2016-11-18,8084.55,8091.05,8084.55,8087.6,11:00:00,8077.86911972291,4,22
2016-11-18,8085.2,8088.8,8081.9,8085.1,11:05:00,8078.567298796918,4,23
2016-11-18,8083.55,8090.1,8082.85,8085.15,11:10:00,8079.041841768641,4,24
2016-11-18,8092.75,8093.45,8083.7,8083.7,11:15:00,8080.347380647818,4,25
2016-11-18,8097.25,8099.2,8091.4,8092.8,11:20:00,8081.957153919455,4,26
2016-11-18,8098.65,8099.35,8093.5,8097.0,11:25:00,8083.546948784269,4,27
2016-11-18,8087.3,8100.9,8087.15,8098.6,11:30:00,8083.904382233386,4,28
2016-11-18,8084.35,8088.3,8080.3,8086.6,11:35:00,8083.946822020683,4,29
2016-11-18,8082.55,8086.05,8081.45,8084.4,11:40:00,8083.813791352046,4,30
2016-11-18,8076.25,8084.0,8074.55,8082.65,11:45:00,8083.093430270899,4,31
2016-11-18,8083.45,8085.65,8074.4,8076.3,11:50:00,8083.127389292718,4,32
2016-11-18,8089.55,8091.05,8083.55,8084.2,11:55:00,8083.739066502936,4,33
2016-11-18,8094.1,8095.7,8087.3,8089.65,12:00:00,8084.725822074085,4,34
2016-11-18,8092.75,8095.3,8088.35,8094.3,12:05:00,8085.4900294956,4,35
2016-11-18,8094.15,8095.3,8091.9,8092.9,12:10:00,8086.314788591258,4,36
2016-11-18,8095.65,8097.9,8093.75,8094.25,12:15:00,8087.203856344471,4,37
2016-11-18,8091.05,8096.55,8089.45,8095.85,12:20:00,8087.570155740235,4,38
2016-11-18,8089.35,8092.25,8086.05,8091.4,12:25:00,8087.739664717356,4,39
2016-11-18,8094.7,8095.75,8089.05,8089.5,12:30:00,8088.402553791894,4,40
2016-11-18,8108.15,8110.9,8094.1,8095.2,12:35:00,8090.283262954571,4,41
2016-11-18,8107.65,8111.2,8105.8,8108.35,12:40:00,8091.937237911278,4,42
2016-11-18,8115.9,8118.95,8107.65,8108.3,12:45:00,8094.219405729252,4,43
2016-11-18,8109.55,8117.0,8107.9,8116.0,12:50:00,8095.679462326466,4,44
2016-11-18,8110.25,8114.5,8109.8,8109.8,12:55:00,8097.067132581088,4,45
2016-11-18,8106.7,8113.3,8104.85,8110.05,13:00:00,8097.984548525746,4,46
2016-11-18,8112.85,8116.35,8106.45,8106.9,13:05:00,8099.400305809008,4,47
2016-11-18,8120.7,8121.4,8112.8,8112.8,13:10:00,8101.428848112912,4,48
2016-11-18,8121.15,8123.3,8117.8,8120.3,13:15:00,8103.30705305454,4,49
2016-11-18,8123.9,8128.95,8120.9,8121.2,13:20:00,8105.268286096964,4,50
2016-11-18,8120.25,8123.95,8119.55,8123.3,13:25:00,8106.695115992492,4,51
2016-11-18,8105.85,8123.1,8104.2,8120.65,13:30:00,8106.614628755112,4,52
2016-11-18,8105.95,8107.5,8102.7,8105.65,13:35:00,8106.551330778435,4,53
2016-11-18,8096.6,8107.6,8096.55,8106.55,13:40:00,8105.603584990013,4,54
2016-11-18,8107.5,8108.25,8095.55,8096.9,13:45:00,8105.784195943344,4,55
2016-11-18,8091.2,8108.0,8090.05,8107.55,13:50:00,8104.395224901121,4,56
2016-11-18,8092.1,8094.0,8083.4,8091.65,13:55:00,8103.2242511010145,4,57
2016-11-18,8096.7,8097.35,8086.0,8092.15,14:00:00,8102.602893853299,4,58
2016-11-18,8094.95,8098.95,8088.9,8096.75,14:05:00,8101.874046819651,4,59
2016-11-18,8088.0,8100.2,8088.0,8094.5,14:10:00,8100.552709027303,4,60
2016-11-18,8069.2,8088.6,8066.5,8088.3,14:15:00,8097.566736738988,4,61
2016-11-18,8080.1,8081.6,8062.9,8069.45,14:20:00,8095.903238001942,4,62
2016-11-18,8072.25,8080.75,8071.8,8080.4,14:25:00,8093.650548668424,4,63
2016-11-18,8074.5,8077.6,8072.35,8072.35,14:30:00,8091.826686890478,4,64
2016-11-18,8065.9,8074.65,8064.25,8074.65,14:35:00,8089.357478615195,4,65
2016-11-18,8065.45,8067.1,8061.15,8065.95,14:40:00,8087.080575889938,4,66
2016-11-18,8078.65,8079.15,8065.25,8065.9,14:45:00,8086.27766390042,4,67
2016-11-18,8077.8,8084.7,8075.7,8078.4,14:50:00,8085.470267338474,4,68
2016-11-18,8075.0,8079.9,8072.25,8078.1,14:55:00,8084.473099020524,4,69
2016-11-18,8074.15,8079.15,8068.25,8074.6,15:00:00,8083.489946732855,4,70
2016-11-18,8074.1,8080.65,8069.95,8074.85,15:05:00,8082.595666091631,4,71
2016-11-18,8070.05,8074.6,8069.4,8074.3,15:10:00,8081.40084074957,4,72
2016-11-18,8078.05,8078.55,8066.45,8069.45,15:15:00,8081.081713059135,4,73
2016-11-18,8078.25,8079.45,8076.4,8078.0,15:20:00,8080.812026101123,4,74
2016-11-18,8067.75,8079.0,8064.3,8078.45,15:25:00,8079.568023615302,4,75
2016-11-22,7988.5,8002.05,7981.95,7987.1,09:15:00,8070.894878509083,1,1
2016-11-22,8002.8,8002.8,7983.85,7987.3,09:20:00,8064.409651984409,1,2
2016-11-22,8015.3,8016.1,8002.35,8002.35,09:25:00,8059.732542271608,1,3
2016-11-22,8012.65,8018.45,8003.55,8016.0,09:30:00,8055.248490626694,1,4
2016-11-22,7993.0,8013.75,7991.9,8012.8,09:35:00,8049.320062947962,1,5
2016-11-22,7985.8,7993.85,7972.35,7993.25,09:40:00,8043.270533143394,1,6
2016-11-22,7954.85,7987.45,7954.15,7985.85,09:45:00,8034.84952998688,1,7
2016-11-22,7966.2,7970.7,7946.35,7955.55,09:50:00,8028.311479511939,1,8
2016-11-22,7954.5,7967.85,7948.65,7965.85,09:55:00,8021.281814796516,1,9
2016-11-22,7960.95,7961.25,7947.75,7955.0,10:00:00,8015.535927673039,1,10
2016-11-22,7975.55,7975.55,7960.35,7960.85,10:05:00,8011.72774408513,1,11
2016-11-22,7964.9,7976.3,7963.75,7975.35,10:10:00,8007.267958934166,1,12
2016-11-22,7968.6,7972.7,7963.25,7964.7,10:15:00,8003.585296178531,1,13
2016-11-22,7966.2,7969.15,7961.15,7968.65,10:20:00,8000.024791780576,1,14
2016-11-22,7971.95,7973.55,7965.15,7966.15,10:25:00,7997.351002087188,1,15
2016-11-22,7981.7,7984.35,7971.1,7971.7,10:30:00,7995.860430459837,1,16
2016-11-22,7976.25,7982.1,7974.05,7981.45,10:35:00,7993.992770416044,1,17
2016-11-22,7978.9,7981.15,7974.15,7975.95,10:40:00,7992.555363709754,1,18
2016-11-22,7961.45,7978.6,7961.1,7978.35,10:45:00,7989.592948118348,1,19
2016-11-22,7964.45,7965.9,7959.7,7961.4,10:50:00,7987.198381630887,1,20
2016-11-22,7969.65,7970.9,7961.55,7964.6,10:55:00,7985.52710718985,1,21
2016-11-22,7969.9,7973.85,7967.8,7968.95,11:00:00,7984.038811267006,1,22
2016-11-22,7962.2,7969.95,7961.25,7969.95,11:05:00,7981.958924479672,1,23
2016-11-22,7969.55,7969.85,7960.6,7962.25,11:10:00,7980.777122148275,1,24
2016-11-22,7971.75,7974.05,7968.3,7969.3,11:15:00,7979.917396229392,1,25
2016-11-22,7966.1,7971.9,7964.45,7971.9,11:20:00,7978.601453731355,1,26
2016-11-22,7963.2,7968.45,7961.0,7966.15,11:25:00,7977.134648614083,1,27
2016-11-22,7958.8,7963.3,7957.8,7963.05,11:30:00,7975.388491603218,1,28
2016-11-22,7955.9,7960.55,7947.7,7958.5,11:35:00,7973.532444783864,1,29
2016-11-22,7955.05,7957.9,7953.6,7955.8,11:40:00,7971.772211947306,1,30
2016-11-22,7959.55,7960.9,7953.2,7954.95,11:45:00,7970.608191761848,1,31
2016-11-22,7964.1,7967.5,7959.65,7959.65,11:50:00,7969.988363975006,1,32
2016-11-22,7958.0,7964.25,7951.5,7964.05,11:55:00,7968.846615025005,1,33
2016-11-22,7957.3,7958.5,7952.65,7958.4,12:00:00,7967.746937403575,1,34
2016-11-22,7954.95,7959.05,7954.75,7957.5,12:05:00,7966.528181460378,1,35
2016-11-22,7948.4,7956.85,7947.2,7954.8,12:10:00,7964.801687987961,1,36
2016-11-22,7943.5,7948.45,7943.5,7948.25,12:15:00,7962.77295579863,1,37
2016-11-22,7947.15,7947.85,7938.15,7943.6,12:20:00,7961.28505524638,1,38
2016-11-22,7955.9,7957.95,7946.95,7947.9,12:25:00,7960.772192841962,1,39
2016-11-22,7953.8,7956.7,7948.55,7956.05,12:30:00,7960.108174476061,1,40
2016-11-22,7954.0,7962.65,7951.25,7953.45,12:35:00,7959.526443573579,1,41
2016-11-22,7952.8,7956.4,7951.15,7954.05,12:40:00,7958.885829899904,1,42
2016-11-22,7954.2,7955.35,7950.6,7952.85,12:45:00,7958.439560385627,1,43
2016-11-22,7960.8,7961.75,7952.7,7954.25,12:50:00,7958.664364158425,1,44
2016-11-22,7958.65,7966.15,7957.65,7960.6,12:55:00,7958.662996143336,1,45
2016-11-22,7958.55,7960.15,7955.0,7958.8,13:00:00,7958.6522346058755,1,46
2016-11-22,7961.25,7961.55,7956.55,7958.6,13:05:00,7958.899640833887,1,47
2016-11-22,7955.2,7962.2,7954.05,7961.35,13:10:00,7958.547294087803,1,48
2016-11-22,7954.55,7959.15,7954.05,7955.0,13:15:00,7958.166599412773,1,49
2016-11-22,7953.1,7954.85,7948.6,7953.95,13:20:00,7957.684066135366,1,50
2016-11-22,7962.5,7964.0,7953.0,7953.3,13:25:00,7958.142726503426,1,51
2016-11-22,7962.95,7972.6,7960.3,7962.05,13:30:00,7958.600562074528,1,52
2016-11-22,7959.8,7962.75,7952.4,7962.75,13:35:00,7958.714794257906,1,53
2016-11-22,7960.85,7963.9,7958.1,7959.65,13:40:00,7958.918147185725,1,54
2016-11-22,7953.95,7963.35,7953.8,7963.35,13:45:00,7958.444990310893,1,55
2016-11-22,7953.6,7959.8,7952.8,7954.75,13:50:00,7957.983562662237,1,56
2016-11-22,7962.45,7963.5,7953.45,7953.95,13:55:00,7958.4089376467855,1,57
2016-11-22,7959.85,7968.0,7955.6,7962.35,14:00:00,7958.546181680424,1,58
2016-11-22,7959.45,7962.55,7956.4,7959.55,14:05:00,7958.632259615622,1,59
2016-11-22,7972.75,7972.8,7957.6,7959.55,14:10:00,7959.976806318897,1,60
2016-11-22,7970.95,7977.35,7970.1,7972.6,14:15:00,7961.021872383763,1,61
2016-11-22,7984.25,7984.9,7970.7,7971.1,14:20:00,7963.234075013881,1,62
2016-11-22,7988.25,7989.8,7980.2,7984.0,14:25:00,7965.616544060178,1,63
2016-11-22,7988.8,7998.1,7987.65,7987.65,14:30:00,7967.824492244923,1,64
2016-11-22,7987.9,7993.45,7980.35,7988.55,14:35:00,7969.736445364454,1,65
2016-11-22,7985.0,7989.9,7981.7,7987.75,14:40:00,7971.190117234506,1,66
2016-11-22,7990.75,7991.25,7977.4,7984.5,14:45:00,7973.052963212172,1,67
2016-11-22,8006.95,8007.25,7990.65,7990.65,14:50:00,7976.28125243006,1,68
2016-11-22,8005.95,8011.85,8001.25,8006.9,14:55:00,7979.10684743672,1,69
2016-11-22,7995.6,8007.85,7987.45,8005.7,15:00:00,7980.677623871318,1,70
2016-11-22,7991.4,7997.2,7983.15,7995.4,15:05:00,7981.69880255024,1,71
2016-11-22,7996.95,8000.3,7991.15,7991.15,15:10:00,7983.151297545455,1,72
2016-11-22,8004.4,8004.4,7994.8,7997.1,15:15:00,7985.174983493507,1,73
2016-11-22,8013.9,8014.2,8004.05,8004.2,15:20:00,7987.910699351269,1,74
2016-11-22,8014.5,8019.05,8008.85,8013.6,15:25:00,7990.443013698767,1,75
2016-11-23,8006.5,8051.1,8006.05,8049.5,09:15:00,7991.97225048936,2,1
2016-11-23,8013.1,8015.9,8001.05,8005.65,09:20:00,7993.98441710942,2,2
2016-11-23,8023.6,8023.8,8012.0,8013.5,09:25:00,7996.804948813285,2,3
2016-11-23,8021.75,8028.85,8017.95,8024.1,09:30:00,7999.180667973925,2,4
2016-11-23,8012.85,8022.75,8010.6,8022.3,09:35:00,8000.482509119265,2,5
2016-11-23,8007.95,8013.15,8004.8,8013.05,09:40:00,8001.193698726955,2,6
2016-11-23,7998.3,8013.3,7997.55,8008.2,09:45:00,8000.918108372007,2,7
2016-11-23,7993.15,8000.3,7988.15,7998.35,09:50:00,8000.178288527054,2,8
2016-11-23,7987.1,7997.35,7978.45,7993.55,09:55:00,7998.932737238763,2,9
2016-11-23,7991.8,7997.85,7986.9,7987.25,10:00:00,7998.253428930309,2,10
2016-11-23,7999.05,8000.7,7991.25,7991.7,10:05:00,7998.329292841709,2,11
2016-11-23,7991.2,7999.0,7989.35,7998.85,10:10:00,7997.65031257107,2,12
2016-11-23,7977.95,7992.15,7973.1,7991.15,10:15:00,7995.774092326206,2,13
2016-11-23,7984.0,7986.1,7975.55,7977.2,10:20:00,7994.652750199901,2,14
2016-11-23,7985.0,7985.45,7978.35,7983.8,10:25:00,7993.733440657053,2,15
2016-11-23,7985.5,7989.05,7982.6,7985.4,10:30:00,7992.94930345162,2,16
2016-11-23,7988.35,7988.7,7981.95,7985.45,10:35:00,7992.511274551466,2,17
2016-11-23,7994.9,7994.9,7988.15,7988.5,10:40:00,7992.738772213232,2,18
2016-11-23,7995.3,7999.5,7994.95,7995.35,10:45:00,7992.982698669114,2,19
2016-11-23,7993.75,7995.5,7992.5,7995.5,10:50:00,7993.055774986341,2,20
2016-11-23,8008.9,8010.1,7993.45,7993.8,10:55:00,7994.564748797165,2,21
2016-11-23,8017.75,8022.1,8008.65,8009.6,11:00:00,7996.77286795934,2,22
2016-11-23,8021.25,8025.3,8016.75,8017.65,11:05:00,7999.104023391784,2,23
2016-11-23,8018.55,8022.6,8013.2,8020.8,11:10:00,8000.9560211639955,2,24
2016-11-23,8016.95,8021.1,8014.4,8018.15,11:15:00,8002.4792572436145,2,25
2016-11-23,8016.85,8017.25,8012.9,8017.25,11:20:00,8003.847899410889,2,26
2016-11-23,8024.2,8024.2,8016.55,8016.75,11:25:00,8005.78619470509,2,27
2016-11-23,8021.55,8026.75,8021.25,8024.15,11:30:00,8007.28750949508,2,28
2016-11-23,8021.45,8023.25,8018.05,8021.5,11:35:00,8008.636318114596,2,29
2016-11-23,8021.35,8027.25,8020.3,8021.6,11:40:00,8009.847144960825,2,30
2016-11-23,8015.5,8023.2,8014.45,8021.15,11:45:00,8010.385512107413,2,31
2016-11-23,8014.85,8017.8,8011.7,8015.4,11:50:00,8010.810701430516,2,32
2016-11-23,8017.4,8019.4,8009.3,8015.0,11:55:00,8011.438253675229,2,33
2016-11-23,8016.95,8023.0,8014.65,8017.65,12:00:00,8011.963181896635,2,34
2016-11-23,8011.1,8018.45,8010.05,8017.0,12:05:00,8011.8809740969555,2,35
2016-11-23,8008.6,8013.35,8004.1,8010.75,12:10:00,8011.568500373436,2,36
2016-11-23,8009.75,8013.1,8005.25,8008.65,12:15:00,8011.39530986168,2,37
2016-11-23,8003.5,8010.1,8001.25,8009.95,12:20:00,8010.643375589139,2,38
2016-11-23,8008.1,8009.05,8002.7,8003.6,12:25:00,8010.401149342555,2,39
2016-11-23,8010.05,8010.8,8004.15,8008.3,12:30:00,8010.367706548026,2,40
2016-11-23,8012.7,8016.0,8009.8,8009.8,12:35:00,8010.589829733928,2,41
2016-11-23,8010.8,8013.15,8008.0,8012.9,12:40:00,8010.609845949744,2,42
2016-11-23,8013.15,8014.7,8009.15,8010.65,12:45:00,8010.851765383101,2,43
2016-11-23,8014.6,8018.55,8012.8,8013.1,12:50:00,8011.208740108521,2,44
2016-11-23,8017.1,8019.85,8014.65,8014.7,12:55:00,8011.769812479139,2,45
2016-11-23,8021.55,8025.05,8016.5,8017.2,13:00:00,8012.701258909697,2,46
2016-11-23,8018.55,8023.6,8015.5,8021.9,13:05:00,8013.258281870678,2,47
2016-11-23,8018.7,8020.65,8016.95,8018.35,13:10:00,8013.7765407401375,2,48
2016-11-23,8016.85,8026.6,8014.2,8018.85,13:15:00,8014.069251145838,2,49
2016-11-23,8020.7,8021.75,8015.55,8017.1,13:20:00,8014.700751036711,2,50
2016-11-23,8023.8,8029.4,8020.7,8021.1,13:25:00,8015.567346176072,2,51
2016-11-23,8018.05,8025.3,8015.7,8023.45,13:30:00,8015.803789397399,2,52
2016-11-23,8030.9,8031.25,8018.35,8018.55,13:35:00,8017.241523740504,2,53
2016-11-23,8037.95,8041.35,8029.5,8030.85,13:40:00,8019.213759574742,2,54
2016-11-23,8033.25,8040.2,8030.85,8037.85,13:45:00,8020.550544377147,2,55
2016-11-23,8037.95,8041.5,8033.15,8033.3,13:50:00,8022.207635388847,2,56
2016-11-23,8045.0,8048.55,8036.5,8038.05,13:55:00,8024.378336780385,2,57
2016-11-23,8043.05,8048.15,8040.5,8045.4,14:00:00,8026.156590420349,2,58
2016-11-23,8037.1,8043.3,8036.7,8042.6,14:05:00,8027.198819904125,2,59
2016-11-23,8029.85,8041.65,8028.8,8037.4,14:10:00,8027.45131324659,2,60
2016-11-23,8031.7,8032.4,8025.55,8030.45,14:15:00,8027.855950080248,2,61
2016-11-23,8030.95,8032.45,8025.85,8031.6,14:20:00,8028.150621501178,2,62
2016-11-23,8038.15,8040.8,8031.05,8031.05,14:25:00,8029.102943262971,2,63
2016-11-23,8034.05,8040.35,8033.05,8038.5,14:30:00,8029.57409152364,2,64
2016-11-23,8042.7,8044.45,8032.65,8034.25,14:35:00,8030.824178045199,2,65
2016-11-23,8046.65,8048.3,8040.45,8042.8,14:40:00,8032.331399183751,2,66
2016-11-23,8037.05,8046.7,8037.05,8046.7,14:45:00,8032.78078973768,2,67
2016-11-23,8042.6,8043.95,8034.55,8037.15,14:50:00,8033.715952619805,2,68
2016-11-23,8038.2,8043.35,8036.0,8042.55,14:55:00,8034.143004751252,2,69
2016-11-23,8040.15,8040.65,8030.8,8038.45,15:00:00,8034.715099536847,2,70
2016-11-23,8040.1,8044.8,8036.3,8040.1,15:05:00,8035.227947200005,2,71
2016-11-23,8035.45,8042.3,8032.25,8039.7,15:10:00,8035.249095085719,2,72
2016-11-23,8026.35,8040.0,8026.25,8035.85,15:15:00,8034.401562220413,2,73
2016-11-23,8026.8,8027.8,8020.2,8026.25,15:20:00,8033.677603913707,2,74
2016-11-23,8028.35,8031.5,8023.4,8025.7,15:25:00,8033.170213064783,2,75
2016-11-24,7981.75,8007.85,7973.95,8007.85,09:15:00,8028.273049915756,3,1
2016-11-24,7989.3,7989.3,7977.45,7981.6,09:20:00,8024.56133087616,3,2
2016-11-24,7990.0,7990.15,7984.3,7988.55,09:25:00,8021.269775554621,3,3
2016-11-24,7983.7,7991.95,7981.3,7990.15,09:30:00,8017.691701692277,3,4
2016-11-24,7981.45,7983.65,7976.8,7983.65,09:35:00,8014.240111054917,3,5
2016-11-24,7986.95,7988.8,7977.35,7981.3,09:40:00,8011.641052859211,3,6
2016-11-24,7988.5,7988.75,7984.35,7987.15,09:45:00,8009.437143063096,3,7
2016-11-24,7995.05,7996.1,7988.35,7988.4,09:50:00,8008.066938961849,3,8
2016-11-24,7994.6,7996.75,7990.45,7995.35,09:55:00,8006.784373346434,3,9
2016-11-24,7992.9,7998.35,7992.7,7995.0,10:00:00,8005.462052075346,3,10
2016-11-24,7999.1,7999.35,7991.85,7992.85,10:05:00,8004.856142353884,3,11
2016-11-24,7996.3,8000.85,7996.1,7999.65,10:10:00,8004.041271653515,3,12
2016-11-24,7994.75,7996.9,7992.3,7996.35,10:15:00,8003.156388638894,3,13
2016-11-24,7994.45,7997.35,7993.75,7995.25,10:20:00,8002.327208768523,3,14
2016-11-24,7988.5,7995.4,7987.0,7994.65,10:25:00,8001.010331742949,3,15
2016-11-24,7990.25,7991.6,7986.95,7988.7,10:30:00,7999.985538243621,3,16
2016-11-24,7986.95,7990.75,7983.7,7990.65,10:35:00,7998.744058410895,3,17
2016-11-24,7991.5,7992.4,7986.2,7987.1,10:40:00,7998.054148086048,3,18
2016-11-24,7997.0,7998.65,7991.35,7991.65,10:45:00,7997.953753030234,3,19
2016-11-24,7993.3,7997.5,7991.95,7996.75,10:50:00,7997.510538455926,3,20
2016-11-24,7995.3,7996.65,7991.35,7993.55,10:55:00,7997.300010983932,3,21
2016-11-24,7998.7,7999.4,7993.7,7995.4,11:00:00,7997.433343271176,3,22
2016-11-24,7992.95,7999.3,7992.45,7999.3,11:05:00,7997.006358197731,3,23
2016-11-24,7988.25,7994.1,7987.15,7993.35,11:10:00,7996.172419321756,3,24
2016-11-24,7992.45,7994.15,7987.8,7988.7,11:15:00,7995.817903195874,3,25
2016-11-24,7995.05,7995.85,7992.05,7992.05,11:20:00,7995.744769558172,3,26
2016-11-24,7996.95,7997.3,7991.4,7994.95,11:25:00,7995.859553409775,3,27
2016-11-24,7995.95,7998.3,7994.55,7997.2,11:30:00,7995.868167370749,3,28
2016-11-24,7992.95,7996.3,7991.8,7996.15,11:35:00,7995.590246668773,3,29
2016-11-24,7993.6,7995.0,7991.9,7993.3,11:40:00,7995.4006993669855,3,30
2016-11-24,7997.3,7997.45,7993.25,7993.75,11:45:00,7995.581585141558,3,31
2016-11-24,8003.75,8005.35,7996.9,7997.5,11:50:00,7996.35952941379,3,32
2016-11-24,8000.25,8003.95,7998.3,8003.7,11:55:00,7996.730050422001,3,33
2016-11-24,8001.9,8002.1,7997.85,8000.0,12:00:00,7997.222426572286,3,34
2016-11-24,8003.25,8006.15,8001.8,8002.25,12:05:00,7997.7964811844495,3,35
2016-11-24,8000.25,8003.85,7998.0,8003.5,12:10:00,7998.030149643074,3,36
2016-11-24,7996.8,8000.6,7995.15,8000.35,12:15:00,7997.91299253421,3,37
2016-11-24,8000.0,8000.0,7993.7,7996.9,12:20:00,7998.111755149999,3,38
2016-11-24,8004.2,8004.75,7997.45,7999.8,12:25:00,7998.691587992856,3,39
2016-11-24,8000.15,8005.05,7998.75,8005.05,12:30:00,7998.83048437449,3,40
2016-11-24,7998.4,8000.25,7994.55,8000.25,12:35:00,7998.789485862634,3,41
2016-11-24,7998.35,8000.7,7994.8,7999.05,12:40:00,7998.747630066193,3,42
2016-11-24,8001.8,8002.05,7995.85,7997.95,12:45:00,7999.038331964651,3,43
2016-11-24,7994.25,8002.65,7991.4,8002.6,12:50:00,7998.58230034897,3,44
2016-11-24,7985.75,7994.15,7978.7,7993.55,12:55:00,7997.360176506211,3,45
2016-11-24,7988.2,7989.35,7981.6,7986.0,13:00:00,7996.487778743714,3,46
2016-11-24,7986.85,7990.65,7985.1,7988.7,13:05:00,7995.569895053836,3,47
2016-11-24,7964.6,7986.95,7962.4,7986.95,13:10:00,7992.620381239185,3,48
2016-11-24,7967.25,7967.25,7954.9,7964.8,13:15:00,7990.204154454501,3,49
2016-11-24,7969.65,7972.2,7964.7,7967.4,13:20:00,7988.246615935024,3,50
2016-11-24,7967.7,7970.15,7966.2,7969.6,13:25:00,7986.289795369784,3,51
2016-11-24,7977.45,7977.45,7966.4,7967.6,13:30:00,7985.447910096471,3,52
2016-11-24,7974.25,7978.0,7971.05,7977.25,13:35:00,7984.381442468235,3,53
2016-11-24,7970.35,7976.45,7967.9,7974.3,13:40:00,7983.045114614117,3,54
2016-11-24,7972.95,7973.05,7966.85,7970.45,13:45:00,7982.083675127058,3,55
2016-11-24,7966.1,7973.45,7965.8,7973.45,13:50:00,7980.561420353053,3,56
2016-11-24,7975.5,7975.5,7961.4,7966.5,13:55:00,7980.079380319429,3,57
2016-11-24,7980.55,7984.15,7973.1,7973.1,14:00:00,7980.124201241389,3,58
2016-11-24,7985.45,7985.45,7979.05,7981.0,14:05:00,7980.63142017078,3,59
2016-11-24,7990.5,7990.5,7979.0,7985.15,14:10:00,7981.57128491642,3,60
2016-11-24,7999.0,8006.1,7990.15,7990.95,14:15:00,7983.231162543428,3,61
2016-11-24,8011.9,8012.25,7998.6,7998.9,14:20:00,7985.961528015481,3,62
2016-11-24,8003.95,8012.2,7998.55,8012.05,14:25:00,7987.67471582353,3,63
2016-11-24,8013.45,8013.45,8002.55,8004.35,14:30:00,7990.129504792718,3,64
2016-11-24,8019.0,8019.95,8010.7,8013.05,14:35:00,7992.879075764839,3,65
2016-11-24,8020.3,8022.3,8014.65,8019.1,14:40:00,7995.490592358664,3,66
2016-11-24,8012.9,8020.9,8008.3,8020.1,14:45:00,7997.148631181648,3,67
2016-11-24,8005.85,8014.7,8005.3,8012.95,14:50:00,7997.977332973872,3,68
2016-11-24,8024.8,8024.8,8004.2,8006.0,14:55:00,8000.531872690646,3,69
2016-11-24,7963.25,8024.85,7962.95,8024.85,15:00:00,7996.98121814868,3,70
2016-11-24,7955.35,7967.7,7954.05,7963.55,15:05:00,7993.016340229758,3,71
2016-11-24,7957.8,7959.9,7952.55,7955.65,15:10:00,7989.662403065018,3,72
2016-11-24,7962.45,7964.15,7957.35,7957.6,15:15:00,7987.070745630254,3,73
2016-11-24,7961.2,7963.6,7959.0,7962.95,15:20:00,7984.60686509404,3,74
2016-11-24,7974.25,7974.25,7961.35,7961.55,15:25:00,7983.620496989845,3,75
2016-11-25,7984.9,8005.8,7984.2,8000.9,09:15:00,7983.742354419383,4,1
2016-11-25,7986.1,7992.3,7976.75,7985.0,09:20:00,7983.966892093727,4,2
2016-11-25,7994.2,7995.75,7982.25,7986.3,09:25:00,7984.941473799087,4,3
2016-11-25,8001.6,8003.15,7993.05,7993.6,09:30:00,7986.528000103936,4,4
2016-11-25,8007.35,8009.75,8000.6,8000.6,09:35:00,7988.511047713086,4,5
2016-11-25,8001.65,8007.5,8000.6,8007.2,09:40:00,7989.762376502315,4,6
2016-11-25,8018.5,8019.1,8001.85,8001.9,09:45:00,7992.499293025905,4,7
2016-11-25,8017.95,8022.1,8015.2,8018.1,09:50:00,7994.923169880581,4,8
2016-11-25,8030.05,8033.1,8016.35,8017.9,09:55:00,7998.268582272906,4,9
2016-11-25,8026.55,8030.3,8022.0,8030.1,10:00:00,8000.962050627868,4,10
2016-11-25,8017.1,8026.7,8015.4,8026.7,10:05:00,8002.498998187119,4,11
2016-11-25,8022.85,8026.45,8016.8,8017.15,10:10:00,8004.437188835964,4,12
2016-11-25,8025.5,8028.4,8021.95,8022.6,10:15:00,8006.443170851586,4,13
2016-11-25,8016.55,8026.55,8014.65,8025.55,10:20:00,8007.405726008578,4,14
2016-11-25,8020.4,8021.35,8015.35,8016.05,10:25:00,8008.643275912524,4,15
2016-11-25,8020.25,8022.5,8018.75,8021.2,10:30:00,8009.748678206569,4,16
2016-11-25,8018.95,8022.0,8017.5,8020.0,10:35:00,8010.624994567847,4,17
2016-11-25,8027.45,8028.35,8013.95,8019.4,10:40:00,8012.227376037576,4,18
2016-11-25,8029.55,8031.75,8027.2,8027.2,10:45:00,8013.877149748283,4,19
2016-11-25,8047.45,8054.25,8030.0,8030.0,10:50:00,8017.074564057971,4,20
2016-11-25,8055.25,8055.9,8046.55,8047.8,10:55:00,8020.710319861974,4,21
2016-11-25,8045.5,8057.15,8045.25,8054.8,11:00:00,8023.071241779881,4,22
2016-11-25,8050.2,8054.0,8045.3,8045.3,11:05:00,8025.654933038941,4,23
2016-11-25,8050.05,8054.55,8049.8,8050.35,11:10:00,8027.9782727495185,4,24
2016-11-25,8056.3,8056.3,8049.75,8049.9,11:15:00,8030.6755801067075,4,25
2016-11-25,8061.25,8061.85,8056.1,8056.25,11:20:00,8033.587429620355,4,26
2016-11-25,8055.6,8063.6,8054.6,8061.15,11:25:00,8035.683864894607,4,27
2016-11-25,8058.05,8058.05,8052.4,8055.35,11:30:00,8037.813972999882,4,28
2016-11-25,8058.25,8061.35,8057.1,8057.9,11:35:00,8039.760261285607,4,29
2016-11-25,8060.5,8061.6,8057.8,8058.45,11:40:00,8041.735474496502,4,30
2016-11-25,8062.65,8065.85,8060.25,8060.65,11:45:00,8043.727334068264,4,31
2016-11-25,8058.6,8062.7,8058.0,8062.5,11:50:00,8045.143778442715,4,32
2016-11-25,8052.85,8061.65,8049.35,8058.05,11:55:00,8045.877704305314,4,33
2016-11-25,8056.65,8057.45,8050.0,8052.9,12:00:00,8046.903637228618,4,34
2016-11-25,8062.3,8063.25,8054.8,8056.6,12:05:00,8048.369957492559,4,35
2016-11-25,8065.85,8072.15,8062.4,8062.5,12:10:00,8050.034723445648,4,36
2016-11-25,8069.3,8070.95,8065.7,8065.7,12:15:00,8051.86951168892,4,37
2016-11-25,8079.25,8079.25,8068.1,8069.2,12:20:00,8054.477177242356,4,38
2016-11-25,8067.95,8082.95,8066.9,8079.35,12:25:00,8055.760303219275,4,39
2016-11-25,8060.7,8071.55,8060.4,8068.6,12:30:00,8056.230750531725,4,40
2016-11-25,8063.3,8063.3,8057.05,8060.9,12:35:00,8056.904012385847,4,41
2016-11-25,8069.65,8069.9,8062.95,8063.5,12:40:00,8058.117915968147,4,42
2016-11-25,8071.55,8072.35,8067.25,8069.6,12:45:00,8059.397162066418,4,43
2016-11-25,8066.6,8072.25,8066.05,8071.35,12:50:00,8060.083146631521,4,44
2016-11-25,8071.65,8071.65,8066.1,8066.65,12:55:00,8061.184751714234,4,45
2016-11-25,8071.25,8072.25,8068.45,8071.6,13:00:00,8062.143346789069,4,46
2016-11-25,8074.55,8075.9,8069.9,8071.2,13:05:00,8063.324932809158,4,47
2016-11-25,8072.4,8076.45,8070.85,8074.5,13:10:00,8064.189224922572,4,48
2016-11-25,8076.25,8076.4,8072.35,8072.45,13:15:00,8065.337870168042,4,49
2016-11-25,8077.4,8080.95,8075.75,8076.15,13:20:00,8066.486644437752,4,50
2016-11-25,8075.1,8077.55,8069.3,8077.3,13:25:00,8067.306964015109,4,51
2016-11-25,8079.95,8081.25,8075.0,8075.0,13:30:00,8068.511062680336,4,52
2016-11-25,8084.85,8085.55,8078.55,8079.55,13:35:00,8070.067151948876,4,53
2016-11-25,8087.25,8089.3,8081.85,8084.5,13:40:00,8071.70361366803,4,54
2016-11-25,8089.0,8091.0,8084.95,8087.1,13:45:00,8073.350888556789,4,55
2016-11-25,8077.5,8090.15,8077.1,8089.15,13:50:00,8073.746042027571,4,56
2016-11-25,8076.7,8079.2,8072.3,8077.35,13:55:00,8074.027371358278,4,57
2016-11-25,8085.25,8085.25,8076.7,8076.8,14:00:00,8075.09619313368,4,58
2016-11-25,8086.3,8094.65,8085.15,8085.15,14:05:00,8076.163222359043,4,59
2016-11-25,8091.1,8091.1,8086.2,8086.9,14:10:00,8077.585772610562,4,60
2016-11-25,8092.8,8098.3,8090.65,8091.3,14:15:00,8079.034746647651,4,61
2016-11-25,8088.05,8093.35,8087.0,8093.35,14:20:00,8079.893342205019,4,62
2016-11-25,8086.75,8089.1,8083.15,8087.9,14:25:00,8080.546357233113,4,63
2016-11-25,8091.45,8093.65,8084.85,8086.9,14:30:00,8081.5847994013875,4,64
2016-11-25,8096.5,8097.95,8090.7,8091.65,14:35:00,8083.005294696493,4,65
2016-11-25,8099.6,8099.9,8095.2,8096.45,14:40:00,8084.585742820636,4,66
2016-11-25,8090.85,8099.65,8089.75,8099.2,14:45:00,8085.182338742481,4,67
2016-11-25,8088.9,8091.95,8085.7,8090.9,14:50:00,8085.536401719388,4,68
2016-11-25,8104.0,8105.75,8087.75,8089.0,14:55:00,8087.294839650875,4,69
2016-11-25,8113.45,8115.2,8101.25,8102.9,15:00:00,8089.785807303172,4,70
2016-11-25,8112.9,8113.75,8107.5,8113.75,15:05:00,8091.987158988584,4,71
2016-11-25,8116.95,8122.25,8111.65,8113.3,15:10:00,8094.364572418243,4,72
2016-11-25,8110.25,8119.75,8106.55,8117.5,15:15:00,8095.877470283172,4,73
2016-11-25,8113.35,8118.6,8110.1,8110.65,15:20:00,8097.541520732394,4,74
2016-11-25,8110.15,8113.25,8104.3,8112.95,15:25:00,8098.74232828169,4,75
2016-11-28,8096.9,8099.5,8066.5,8075.0,09:15:00,8098.566868445338,0,1
2016-11-28,8099.15,8104.0,8090.2,8096.5,09:20:00,8098.622404783877,0,2
2016-11-28,8119.1,8119.25,8099.2,8099.2,09:25:00,8100.572651947317,0,3
2016-11-28,8112.55,8119.95,8108.15,8119.35,09:30:00,8101.713351761859,0,4
2016-11-28,8093.1,8113.0,8092.7,8112.65,09:35:00,8100.8930325464435,0,5
2016-11-28,8088.05,8099.25,8087.55,8093.25,09:40:00,8099.66988658964,0,6
2016-11-28,8092.1,8093.2,8080.95,8089.55,09:45:00,8098.948945009674,0,7
2016-11-28,8097.95,8103.05,8092.2,8092.2,09:50:00,8098.853807389705,0,8
2016-11-28,8099.9,8100.45,8094.75,8098.2,09:55:00,8098.953444781162,0,9
2016-11-28,8099.7,8102.3,8098.95,8099.4,10:00:00,8099.024545278194,0,10
2016-11-28,8104.0,8106.95,8099.65,8099.9,10:05:00,8099.498398108842,0,11
2016-11-28,8097.3,8107.3,8093.1,8104.2,10:10:00,8099.289026860381,0,12
2016-11-28,8096.35,8101.35,8095.15,8097.15,10:15:00,8099.009119540344,0,13
2016-11-28,8105.4,8105.4,8096.35,8096.4,10:20:00,8099.617774822216,0,14
2016-11-28,8100.0,8106.5,8099.75,8105.6,10:25:00,8099.654177220101,0,15
2016-11-28,8095.35,8102.1,8093.7,8099.8,10:30:00,8099.244255580092,0,16
2016-11-28,8103.9,8105.9,8095.0,8095.25,10:35:00,8099.687659810559,0,17
2016-11-28,8107.95,8109.9,8101.6,8103.85,10:40:00,8100.474549352411,0,18
2016-11-28,8116.0,8116.45,8107.1,8107.75,10:45:00,8101.9531636998,0,19
2016-11-28,8119.05,8123.15,8115.8,8116.05,10:50:00,8103.581433823629,0,20
2016-11-28,8116.75,8120.9,8112.2,8119.1,10:55:00,8104.835582983283,0,21
2016-11-28,8124.1,8125.1,8116.7,8116.8,11:00:00,8106.670289365828,0,22
2016-11-28,8127.1,8130.1,8122.95,8123.95,11:05:00,8108.615976092891,0,23
2016-11-28,8123.45,8127.1,8118.1,8126.2,11:10:00,8110.02874027452,0,24
2016-11-28,8127.05,8127.25,8119.3,8123.15,11:15:00,8111.649812629327,0,25
2016-11-28,8127.7,8129.75,8124.85,8127.3,11:20:00,8113.178401902724,0,26
2016-11-28,8126.9,8133.45,8123.8,8127.8,11:25:00,8114.485220769132,0,27
2016-11-28,8125.95,8128.2,8123.45,8127.05,11:30:00,8115.577104505404,0,28
2016-11-28,8128.9,8129.95,8125.3,8125.9,11:35:00,8116.845951695366,0,29
2016-11-28,8133.2,8133.85,8126.65,8127.2,11:40:00,8118.403480105331,0,30
2016-11-28,8133.25,8136.25,8130.05,8133.25,11:45:00,8119.817434381013,0,31
2016-11-28,8132.5,8137.45,8131.5,8133.3,11:50:00,8121.025297773297,0,32
2016-11-28,8129.1,8132.4,8126.55,8132.25,11:55:00,8121.794317032983,0,33
2016-11-28,8133.4,8134.8,8127.85,8127.85,12:00:00,8122.899620172699,0,34
2016-11-28,8140.15,8141.25,8132.2,8133.35,12:05:00,8124.542513489584,0,35
2016-11-28,8138.5,8145.9,8136.4,8139.7,12:10:00,8125.871797919148,0,36
2016-11-28,8139.55,8141.25,8136.85,8138.45,12:15:00,8127.17448383161,0,37
2016-11-28,8128.55,8140.55,8126.7,8139.7,12:20:00,8127.305485371457,0,38
2016-11-28,8133.4,8136.6,8128.75,8128.75,12:25:00,8127.88591533608,0,39
2016-11-28,8137.2,8141.3,8133.65,8133.65,12:30:00,8128.772971018358,0,40
2016-11-28,8137.3,8141.95,8135.6,8137.35,12:35:00,8129.58506901661,0,41
2016-11-28,8132.4,8138.6,8129.8,8137.45,12:40:00,8129.853157681694,0,42
2016-11-28,8128.85,8132.05,8126.8,8132.05,12:45:00,8129.757618854866,0,43
2016-11-28,8131.95,8136.25,8129.05,8129.15,12:50:00,8129.966417059164,0,44
2016-11-28,8133.7,8134.5,8128.7,8132.2,12:55:00,8130.321996386862,0,45
2016-11-28,8132.25,8137.0,8129.95,8133.8,13:00:00,8130.505615778589,0,46
2016-11-28,8126.35,8133.25,8125.1,8132.0,13:05:00,8130.109842847295,0,47
2016-11-28,8134.9,8136.2,8125.65,8126.1,13:10:00,8130.5660482904095,0,48
2016-11-28,8134.75,8138.1,8131.45,8135.05,13:15:00,8130.964519881799,0,49
2016-11-28,8130.85,8135.25,8130.05,8134.8,13:20:00,8130.953613226389,0,50
2016-11-28,8123.35,8132.75,8121.15,8131.1,13:25:00,8130.22945958578,0,51
2016-11-28,8121.45,8123.85,8114.4,8122.85,13:30:00,8129.39332057761,0,52
2016-11-28,8109.75,8121.5,8106.45,8121.5,13:35:00,8127.522528141648,0,53
2016-11-28,8111.35,8112.8,8101.25,8110.2,13:40:00,8125.982287366252,0,54
2016-11-28,8115.8,8117.65,8102.65,8111.5,13:45:00,8125.012545712324,0,55
2016-11-28,8120.7,8121.65,8114.55,8116.75,13:50:00,8124.601827073055,0,56
2016-11-28,8115.85,8122.45,8109.85,8120.85,13:55:00,8123.768319732764,0,57
2016-11-28,8108.5,8117.9,8108.5,8115.6,14:00:00,8122.31419404393,0,58
2016-11-28,8116.4,8118.4,8108.6,8109.8,14:05:00,8121.750937468318,0,59
2016-11-28,8119.65,8123.15,8115.95,8116.65,14:10:00,8121.550848185621,0,60
2016-11-28,8116.7,8121.2,8113.6,8119.75,14:15:00,8121.088862644134,0,61
2016-11-28,8119.45,8123.75,8116.25,8116.25,14:20:00,8120.932780487549,0,62
2016-11-28,8122.05,8124.1,8118.75,8119.4,14:25:00,8121.039182345878,0,63
2016-11-28,8122.9,8135.35,8122.1,8122.3,14:30:00,8121.216403074842,0,64
2016-11-28,8132.2,8133.0,8123.25,8123.25,14:35:00,8122.262459924857,0,65
2016-11-28,8138.5,8146.5,8132.05,8132.05,14:40:00,8123.808892312965,0,66
2016-11-28,8142.05,8142.9,8137.35,8138.05,14:45:00,8125.546140664112,0,67
2016-11-28,8130.3,8143.2,8129.0,8141.6,14:50:00,8125.9988891722915,0,68
2016-11-28,8136.6,8136.75,8129.9,8129.9,14:55:00,8127.008518774931,0,69
2016-11-28,8131.3,8138.8,8131.05,8136.65,15:00:00,8127.417231272557,0,70
2016-11-28,8124.1,8133.15,8122.05,8131.25,15:05:00,8127.101304484695,0,71
2016-11-28,8123.5,8128.8,8121.85,8124.8,15:10:00,8126.7583231052,0,72
2016-11-28,8125.8,8126.8,8120.2,8123.6,15:15:00,8126.667054238038,0,73
2016-11-28,8131.5,8132.35,8125.05,8126.05,15:20:00,8127.127334786796,0,74
2016-11-28,8119.0,8131.6,8119.0,8131.6,15:25:00,8126.35330290234,0,75
2016-11-29,8155.9,8156.35,8128.7,8128.7,09:15:00,8129.167274054498,1,1
2016-11-29,8152.85,8159.2,8152.0,8155.5,09:20:00,8131.422771763593,1,2
2016-11-29,8160.8,8164.1,8151.55,8152.75,09:25:00,8134.220603024203,1,3
2016-11-29,8167.8,8170.35,8159.45,8161.05,09:30:00,8137.418640831422,1,4
2016-11-29,8173.45,8174.55,8166.95,8167.7,09:35:00,8140.850198847477,1,5
2016-11-29,8171.45,8175.85,8165.4,8173.1,09:40:00,8143.764465623908,1,6
2016-11-29,8171.2,8177.85,8170.15,8172.15,09:45:00,8146.377373659726,1,7
2016-11-29,8173.7,8173.85,8167.7,8171.4,09:50:00,8148.9795285492755,1,8
2016-11-29,8172.35,8174.55,8167.5,8173.6,09:55:00,8151.205287735059,1,9
2016-11-29,8158.6,8172.6,8157.85,8172.6,10:00:00,8151.909546046006,1,10
2016-11-29,8162.35,8164.8,8157.25,8158.65,10:05:00,8152.903874994005,1,11
2016-11-29,8169.2,8169.25,8160.35,8162.3,10:10:00,8154.455886899338,1,12
2016-11-29,8186.75,8187.25,8169.1,8169.15,10:15:00,8157.531516718449,1,13
2016-11-29,8189.6,8191.75,8181.2,8187.05,10:20:00,8160.585657983358,1,14
2016-11-29,8185.65,8188.85,8184.05,8188.85,10:25:00,8162.972738175419,1,15
2016-11-29,8190.25,8191.85,8184.75,8185.7,10:30:00,8165.570572634902,1,16
2016-11-29,8194.05,8196.4,8189.25,8190.15,10:35:00,8168.282899050626,1,17
2016-11-29,8186.0,8194.85,8185.95,8194.45,10:40:00,8169.970241998186,1,18
2016-11-29,8188.65,8191.7,8184.5,8185.95,10:45:00,8171.749266569787,1,19
2016-11-29,8184.7,8190.35,8184.4,8188.6,10:50:00,8172.982669753617,1,20
2016-11-29,8185.2,8186.05,8182.35,8184.65,10:55:00,8174.146225015178,1,21
2016-11-29,8189.8,8190.55,8184.7,8185.1,11:00:00,8175.637060728019,1,22
2016-11-29,8183.75,8189.45,8183.55,8189.35,11:05:00,8176.409721611064,1,23
2016-11-29,8179.15,8185.5,8177.85,8184.0,11:10:00,8176.670700505248,1,24
2016-11-29,8183.35,8183.9,8178.4,8179.1,11:15:00,8177.306824266653,1,25
2016-11-29,8186.6,8188.3,8183.0,8183.25,11:20:00,8178.19188862221,1,26
2016-11-29,8186.7,8186.9,8183.65,8186.7,11:25:00,8179.002184943904,1,27
2016-11-29,8186.4,8189.85,8185.6,8186.65,11:30:00,8179.70673875877,1,28
2016-11-29,8181.35,8187.0,8181.2,8186.5,11:35:00,8179.863239829364,1,29
2016-11-29,8184.4,8184.5,8180.05,8181.6,11:40:00,8180.295312226567,1,30
2016-11-29,8180.0,8185.25,8179.65,8184.25,11:45:00,8180.267187252609,1,31
2016-11-29,8182.3,8183.15,8179.6,8180.15,11:50:00,8180.460788466646,1,32
2016-11-29,8183.9,8184.15,8181.3,8182.25,11:55:00,8180.788332422204,1,33
2016-11-29,8185.9,8187.9,8183.6,8183.95,12:00:00,8181.275157905804,1,34
2016-11-29,8181.85,8186.15,8181.35,8185.75,12:05:00,8181.329904771918,1,35
2016-11-29,8180.45,8182.2,8174.85,8181.55,12:10:00,8181.24610431745,1,36
2016-11-29,8178.35,8179.65,8171.65,8179.15,12:15:00,8180.970284858645,1,37
2016-11-29,8180.85,8182.7,8174.3,8179.25,12:20:00,8180.958829157821,1,38
2016-11-29,8186.5,8186.75,8180.1,8181.05,12:25:00,8181.48655971422,1,39
2016-11-29,8184.85,8186.75,8180.5,8186.75,12:30:00,8181.806887360484,1,40
2016-11-29,8188.95,8189.35,8184.6,8184.95,12:35:00,8182.487183802343,1,41
2016-11-29,8194.4,8194.4,8187.2,8189.15,12:40:00,8183.621737725929,1,42
2016-11-29,8194.15,8197.35,8190.2,8194.1,12:45:00,8184.624429371079,1,43
2016-11-29,8193.65,8196.6,8190.95,8193.2,12:50:00,8185.484007526215,1,44
2016-11-29,8188.9,8194.25,8184.85,8193.55,12:55:00,8185.809340142765,1,45
2016-11-29,8189.65,8191.1,8186.1,8189.4,13:00:00,8186.175117272025,1,46
2016-11-29,8192.0,8193.85,8187.05,8189.55,13:05:00,8186.729868008023,1,47
2016-11-29,8189.95,8193.75,8188.6,8191.8,13:10:00,8187.036547245354,1,48
2016-11-29,8194.1,8195.0,8187.65,8189.85,13:15:00,8187.709257031511,1,49
2016-11-29,8190.75,8196.05,8188.75,8193.85,13:20:00,8187.998851599938,1,50
2016-11-29,8183.9,8191.95,8183.85,8190.65,13:25:00,8187.608484780897,1,51
2016-11-29,8181.4,8185.65,8177.8,8183.85,13:30:00,8187.01720051605,1,52
2016-11-29,8185.7,8185.85,8178.95,8181.6,13:35:00,8186.891752847855,1,53
2016-11-29,8187.85,8189.4,8185.6,8187.25,13:40:00,8186.983014481393,1,54
2016-11-29,8191.45,8196.7,8188.0,8189.0,13:45:00,8187.408441673641,1,55
2016-11-29,8183.65,8193.05,8183.05,8191.25,13:50:00,8187.05049484758,1,56
2016-11-29,8176.4,8185.3,8169.55,8183.3,13:55:00,8186.036162004953,1,57
2016-11-29,8177.95,8182.9,8173.45,8176.1,14:00:00,8185.266051337815,1,58
2016-11-29,8179.5,8179.5,8173.55,8177.8,14:05:00,8184.716903591357,1,59
2016-11-29,8178.15,8182.05,8176.0,8179.25,14:10:00,8184.091484201704,1,60
2016-11-29,8173.5,8178.9,8169.35,8178.5,14:15:00,8183.082771420589,1,61
2016-11-29,8158.45,8173.9,8156.05,8173.55,14:20:00,8180.736793190057,1,62
2016-11-29,8169.25,8169.9,8156.3,8157.35,14:25:00,8179.642812886242,1,63
2016-11-29,8162.9,8170.65,8160.15,8169.3,14:30:00,8178.048259278028,1,64
2016-11-29,8153.85,8163.35,8152.4,8162.7,14:35:00,8175.743663156311,1,65
2016-11-29,8152.3,8155.35,8143.1,8153.9,14:40:00,8173.510933331901,1,66
2016-11-29,8165.75,8166.95,8152.9,8154.0,14:45:00,8172.771796824101,1,67
2016-11-29,8168.05,8172.1,8163.95,8165.65,14:50:00,8172.322101888472,1,68
2016-11-29,8164.15,8171.55,8161.85,8168.35,14:55:00,8171.543806470523,1,69
2016-11-29,8146.6,8164.65,8144.3,8164.65,15:00:00,8169.168205854283,1,70
2016-11-29,8133.55,8148.05,8130.15,8147.0,15:05:00,8165.775995772922,1,71
2016-11-29,8138.8,8140.15,8131.4,8133.65,15:10:00,8163.206853318358,1,72
2016-11-29,8144.65,8146.25,8136.6,8139.0,15:15:00,8161.439533954705,1,73
2016-11-29,8142.6,8146.8,8140.1,8144.75,15:20:00,8159.645292625686,1,74
2016-11-29,8147.0,8147.7,8141.45,8143.25,15:25:00,8158.440979042287,1,75
2016-11-30,8149.75,8168.05,8142.4,8168.05,09:15:00,8157.613266752545,2,1
2016-11-30,8157.9,8159.1,8144.1,8149.55,09:20:00,8157.640574680874,2,2
2016-11-30,8154.7,8161.6,8153.15,8157.6,09:25:00,8157.360519949362,2,3
2016-11-30,8141.75,8157.05,8141.75,8155.4,09:30:00,8155.873803763709,2,4
2016-11-30,8147.65,8147.65,8139.25,8141.65,09:35:00,8155.090584357641,2,5
2016-11-30,8155.55,8155.7,8147.0,8147.8,09:40:00,8155.134338228341,2,6
2016-11-30,8162.65,8162.8,8155.05,8155.5,09:45:00,8155.850115539927,2,7
2016-11-30,8164.65,8165.0,8159.75,8163.0,09:50:00,8156.688199774219,2,8
2016-11-30,8165.95,8167.95,8162.1,8164.55,09:55:00,8157.570275986198,2,9
2016-11-30,8168.0,8168.0,8162.85,8166.0,10:00:00,8158.563583035131,2,10
2016-11-30,8175.8,8176.3,8167.65,8168.25,10:05:00,8160.205146555594,2,11
2016-11-30,8175.3,8180.9,8175.3,8176.05,10:10:00,8161.642751645538,2,12
2016-11-30,8171.9,8175.85,8170.55,8175.15,10:15:00,8162.6196324412,2,13
2016-11-30,8179.05,8179.15,8171.6,8171.8,10:20:00,8164.184429351562,2,14
2016-11-30,8175.0,8179.35,8173.35,8178.8,10:25:00,8165.214483699033,2,15
2016-11-30,8180.8,8181.3,8173.55,8175.2,10:30:00,8166.698818584839,2,16
2016-11-30,8187.15,8187.4,8180.2,8180.65,10:35:00,8168.646550148189,2,17
2016-11-30,8183.65,8187.8,8183.35,8187.05,10:40:00,8170.075450134075,2,18
2016-11-30,8186.85,8188.8,8182.5,8183.45,10:45:00,8171.673026311782,2,19
2016-11-30,8181.85,8187.45,8181.55,8187.45,10:50:00,8172.642261901137,2,20
2016-11-30,8181.8,8183.95,8180.1,8182.0,10:55:00,8173.514427434362,2,21
2016-11-30,8181.35,8184.55,8180.3,8181.75,11:00:00,8174.260672440613,2,22
2016-11-30,8184.45,8184.5,8179.5,8181.15,11:05:00,8175.231084589126,2,23
2016-11-30,8183.3,8188.5,8181.95,8184.6,11:10:00,8175.999552723495,2,24
2016-11-30,8179.55,8183.9,8175.35,8183.35,11:15:00,8176.337690559352,2,25
2016-11-30,8184.35,8184.45,8179.35,8179.7,11:20:00,8177.100767648937,2,26
2016-11-30,8178.4,8184.75,8177.6,8184.3,11:25:00,8177.224504063323,2,27
2016-11-30,8174.85,8179.6,8173.05,8178.5,11:30:00,8176.998360819198,2,28
2016-11-30,8173.0,8176.05,8172.35,8175.05,11:35:00,8176.617564550703,2,29
2016-11-30,8177.75,8177.9,8172.5,8172.9,11:40:00,8176.725415545874,2,30
2016-11-30,8177.6,8179.2,8176.7,8177.8,11:45:00,8176.80870930341,2,31
2016-11-30,8181.05,8181.05,8175.45,8177.7,11:50:00,8177.212641750704,2,32
2016-11-30,8178.7,8181.7,8176.15,8180.9,11:55:00,8177.354294917304,2,33
2016-11-30,8180.9,8182.25,8178.9,8179.1,12:00:00,8177.691981115656,2,34
2016-11-30,8172.5,8181.8,8171.65,8180.8,12:05:00,8177.197506723688,2,35
2016-11-30,8172.05,8174.8,8168.05,8172.45,12:10:00,8176.707267988099,2,36
2016-11-30,8171.6,8171.95,8169.6,8171.95,12:15:00,8176.220861513042,2,37
2016-11-30,8173.55,8174.8,8171.4,8171.9,12:20:00,8175.966493749896,2,38
2016-11-30,8167.15,8173.6,8166.55,8173.45,12:25:00,8175.126827678477,2,39
2016-11-30,8169.65,8169.65,8163.05,8167.3,12:30:00,8174.605225042432,2,40
2016-11-30,8172.95,8175.1,8169.15,8169.15,12:35:00,8174.4475845622,2,41
2016-11-30,8172.2,8174.0,8171.2,8173.05,12:40:00,8174.23352888961,2,42
2016-11-30,8171.4,8173.7,8170.9,8172.3,12:45:00,8173.963668995362,2,43
2016-11-30,8168.8,8172.25,8166.8,8171.5,12:50:00,8173.471890995805,2,44
2016-11-30,8166.65,8169.0,8163.8,8168.9,12:55:00,8172.822187091442,2,45
2016-11-30,8172.15,8172.9,8165.85,8166.8,13:00:00,8172.75816927321,2,46
2016-11-30,8173.1,8177.0,8172.2,8172.2,13:05:00,8172.790724580524,2,47
2016-11-30,8180.85,8181.8,8172.85,8173.05,13:10:00,8173.558274620474,2,48
2016-11-30,8174.85,8181.55,8174.0,8180.75,13:15:00,8173.68129608519,2,49
2016-11-30,8175.4,8177.6,8174.75,8174.75,13:20:00,8173.844982172315,2,50
2016-11-30,8177.5,8177.9,8172.5,8175.2,13:25:00,8174.193079108285,2,51
2016-11-30,8182.1,8182.25,8175.7,8177.3,13:30:00,8174.94611919321,2,52
2016-11-30,8182.05,8183.5,8180.85,8182.0,13:35:00,8175.622679270048,2,53
2016-11-30,8181.2,8181.8,8178.55,8181.55,13:40:00,8176.1538526729,2,54
2016-11-30,8189.8,8190.55,8181.15,8181.15,13:45:00,8177.453485751672,2,55
2016-11-30,8195.35,8196.7,8189.4,8189.75,13:50:00,8179.157915680084,2,56
2016-11-30,8192.85,8195.9,8189.3,8195.7,13:55:00,8180.461923710553,2,57
2016-11-30,8194.05,8194.45,8189.7,8192.9,14:00:00,8181.75602621431,2,58
2016-11-30,8202.05,8202.7,8193.55,8194.15,14:05:00,8183.68878562247,2,59
2016-11-30,8199.15,8203.9,8198.55,8202.25,14:10:00,8185.161282229854,2,60
2016-11-30,8202.5,8202.5,8196.7,8199.0,14:15:00,8186.8125886841535,2,61
2016-11-30,8206.15,8208.25,8202.05,8202.35,14:20:00,8188.654246904711,2,62
2016-11-30,8206.75,8207.85,8203.95,8206.1,14:25:00,8190.377651961406,2,63
2016-11-30,8215.65,8215.9,8206.75,8206.95,14:30:00,8192.784542250796,2,64
2016-11-30,8211.65,8216.0,8210.45,8215.8,14:35:00,8194.581252512624,2,65
2016-11-30,8221.1,8221.9,8209.0,8211.7,14:40:00,8197.106847511423,2,66
2016-11-30,8219.1,8220.95,8216.95,8220.95,14:45:00,8199.201433462717,2,67
2016-11-30,8221.9,8223.15,8217.7,8219.15,14:50:00,8201.363201704362,2,68
2016-11-30,8228.15,8228.8,8220.45,8221.55,14:55:00,8203.914325351565,2,69
2016-11-30,8229.95,8229.95,8226.1,8228.3,15:00:00,8206.39391341332,2,70
2016-11-30,8227.45,8230.35,8226.95,8230.35,15:05:00,8208.399254993004,2,71
2016-11-30,8230.65,8230.95,8225.0,8227.7,15:10:00,8210.518373565099,2,72
2016-11-30,8229.8,8234.25,8229.55,8230.6,15:15:00,8212.35471893985,2,73
2016-11-30,8217.6,8229.6,8217.6,8229.6,15:20:00,8212.854269517007,2,74
2016-11-30,8214.6,8218.15,8205.8,8217.8,15:25:00,8213.020529563006,2,75
2016-12-01,8236.45,8243.8,8221.2,8239.45,09:15:00,8215.251907699861,3,1
2016-12-01,8244.35,8250.8,8236.7,8237.0,09:20:00,8218.02315458559,3,2
2016-12-01,8235.0,8245.35,8234.4,8244.25,09:25:00,8219.63999700601,3,3
2016-12-01,8216.0,8237.6,8216.0,8234.4,09:30:00,8219.293330624485,3,4
2016-12-01,8217.4,8228.45,8212.05,8216.3,09:35:00,8219.113013422153,3,5
2016-12-01,8214.05,8220.25,8206.85,8217.1,09:40:00,8218.630821667663,3,6
2016-12-01,8213.6,8214.1,8202.1,8213.95,09:45:00,8218.151695794553,3,7
2016-12-01,8222.9,8223.65,8210.95,8213.5,09:50:00,8218.603915242691,3,8
2016-12-01,8215.35,8228.05,8214.5,8222.8,09:55:00,8218.294018552911,3,9
2016-12-01,8215.2,8221.65,8211.85,8215.2,10:00:00,8217.9993501193,3,10
2016-12-01,8219.75,8224.25,8213.75,8215.15,10:05:00,8218.166078679367,3,11
2016-12-01,8221.15,8223.2,8217.95,8219.65,10:10:00,8218.450261662285,3,12
2016-12-01,8226.55,8227.1,8219.55,8220.1,10:15:00,8219.221665313496,3,13
2016-12-01,8228.75,8231.95,8226.1,8226.9,10:20:00,8220.129125759831,3,14
2016-12-01,8233.05,8233.15,8227.75,8228.55,10:25:00,8221.359685211275,3,15
2016-12-01,8223.25,8235.65,8222.85,8233.0,10:30:00,8221.539715191153,3,16
2016-12-01,8223.4,8225.1,8220.0,8222.9,10:35:00,8221.716885172948,3,17
2016-12-01,8228.4,8230.35,8222.65,8223.15,10:40:00,8222.353372299334,3,18
2016-12-01,8229.4,8230.1,8225.35,8228.5,10:45:00,8223.024479699397,3,19
2016-12-01,8224.85,8232.05,8224.5,8229.8,10:50:00,8223.198338775646,3,20
2016-12-01,8218.2,8225.55,8215.85,8224.9,10:55:00,8222.7223065113,3,21
2016-12-01,8216.7,8218.45,8212.25,8218.0,11:00:00,8222.148753510222,3,22
2016-12-01,8220.45,8222.45,8216.75,8216.9,11:05:00,8221.98696746163,3,23
2016-12-01,8221.9,8224.45,8220.45,8221.15,11:10:00,8221.978684846235,3,24
2016-12-01,8224.45,8227.3,8221.4,8221.85,11:15:00,8222.214048194213,3,25
2016-12-01,8222.0,8227.45,8220.95,8224.55,11:20:00,8222.193662651907,3,26
2016-12-01,8221.15,8222.3,8218.65,8221.95,11:25:00,8222.09426620887,3,27
2016-12-01,8215.45,8221.15,8212.6,8220.95,11:30:00,8221.461478950881,3,28
2016-12-01,8210.25,8218.9,8209.05,8215.65,11:35:00,8220.393719050797,3,29
2016-12-01,8213.8,8215.4,8209.85,8210.35,11:40:00,8219.765745807865,3,30
2016-12-01,8218.7,8221.3,8211.05,8213.9,11:45:00,8219.664246207116,3,31
2016-12-01,8213.7,8220.85,8211.25,8218.8,11:50:00,8219.096222758819,3,32
2016-12-01,8212.15,8216.5,8209.3,8213.3,11:55:00,8218.434677734169,3,33
2016-12-01,8217.45,8218.3,8210.75,8212.0,12:00:00,8218.340898902343,3,34
2016-12-01,8212.0,8218.4,8211.75,8217.6,12:05:00,8217.737003768787,3,35
2016-12-01,8212.2,8215.05,8211.7,8212.55,12:10:00,8217.209670076521,3,36
2016-12-01,8207.3,8212.85,8203.0,8212.3,12:15:00,8216.265891973995,3,37
2016-12-01,8213.0,8213.65,8206.35,8207.45,12:20:00,8215.95485464314,3,38
2016-12-01,8214.7,8214.7,8210.15,8213.1,12:25:00,8215.835344677127,3,39
2016-12-01,8217.25,8218.2,8214.85,8214.85,12:30:00,8215.970073755496,3,40
2016-12-01,8222.85,8223.8,8216.6,8217.2,12:35:00,8216.6253048264,3,41
2016-12-01,8222.0,8225.25,8220.3,8222.9,12:40:00,8217.13718055722,3,42
2016-12-01,8224.9,8228.15,8216.7,8222.05,12:45:00,8217.876496694627,3,43
2016-12-01,8220.6,8227.35,8218.5,8225.0,12:50:00,8218.135877961806,3,44
2016-12-01,8225.45,8226.9,8220.2,8220.5,12:55:00,8218.832461013062,3,45
2016-12-01,8222.8,8225.3,8220.25,8225.3,13:00:00,8219.21032186896,3,46
2016-12-01,8223.05,8223.5,8219.2,8222.55,13:05:00,8219.576005500488,3,47
2016-12-01,8230.95,8230.95,8222.9,8223.2,13:10:00,8220.65924307187,3,48
2016-12-01,8232.85,8233.8,8226.8,8230.2,13:15:00,8221.820267541216,3,49
2016-12-01,8235.35,8238.0,8229.8,8233.0,13:20:00,8223.108813489673,3,50
2016-12-01,8225.95,8236.45,8221.1,8235.7,13:25:00,8223.379402681132,3,51
2016-12-01,8216.9,8227.6,8212.85,8225.9,13:30:00,8222.7623167115,3,52
2016-12-01,8222.75,8223.6,8214.6,8216.65,13:35:00,8222.761143691356,3,53
2016-12-01,8219.85,8224.85,8218.85,8222.5,13:40:00,8222.483891911226,3,54
2016-12-01,8217.35,8222.9,8216.85,8220.05,13:45:00,8221.994949824442,3,55
2016-12-01,8226.65,8226.65,8217.25,8217.25,13:50:00,8222.4382879364,3,56
2016-12-01,8226.5,8233.05,8225.65,8226.2,13:55:00,8222.825117656743,3,57
2016-12-01,8222.8,8229.3,8220.05,8226.4,14:00:00,8222.822725498958,3,58
2016-12-01,8224.2,8230.65,8222.75,8222.75,14:05:00,8222.953894499058,3,59
2016-12-01,8216.85,8226.15,8216.5,8224.3,14:10:00,8222.372571213433,3,60
2016-12-01,8220.3,8221.8,8216.4,8216.7,14:15:00,8222.17518347882,3,61
2016-12-01,8223.4,8223.7,8217.3,8220.25,14:20:00,8222.291832671312,3,62
2016-12-01,8215.8,8223.7,8215.8,8223.1,14:25:00,8221.673562893091,3,63
2016-12-01,8208.1,8216.05,8196.45,8216.05,14:30:00,8220.380842617558,3,64
2016-12-01,8207.9,8210.55,8203.25,8208.15,14:35:00,8219.192190939695,3,65
2016-12-01,8209.55,8211.45,8204.8,8207.55,14:40:00,8218.273887040676,3,66
2016-12-01,8208.9,8212.95,8207.7,8209.95,14:45:00,8217.381135893944,3,67
2016-12-01,8198.65,8209.7,8193.15,8208.7,14:50:00,8215.59721818976,3,68
2016-12-01,8202.85,8207.65,8196.95,8199.8,14:55:00,8214.383197409783,3,69
2016-12-01,8194.1,8202.55,8190.6,8202.55,15:00:00,8212.451464323138,3,70
2016-12-01,8191.5,8197.1,8190.05,8194.6,15:05:00,8210.456086768554,3,71
2016-12-01,8194.1,8194.4,8185.05,8189.95,15:10:00,8208.898364219169,3,72
2016-12-01,8194.5,8194.55,8188.65,8193.35,15:15:00,8207.52709143639,3,73
2016-12-01,8189.65,8194.8,8186.85,8194.65,15:20:00,8205.824511299592,3,74
2016-12-01,8194.1,8194.1,8188.05,8189.6,15:25:00,8204.707891175822,3,75
2016-12-02,8142.25,8154.15,8139.15,8145.2,09:15:00,8198.759520587648,4,1
2016-12-02,8139.15,8142.0,8126.4,8141.95,09:20:00,8193.082423388823,4,2
2016-12-02,8140.9,8144.5,8133.7,8139.45,09:25:00,8188.1126687803635,4,3
2016-12-02,8132.15,8141.7,8125.0,8141.1,09:30:00,8182.782890801282,4,4
2016-12-02,8132.2,8137.1,8127.6,8132.7,09:35:00,8177.965472629731,4,5
2016-12-02,8130.15,8135.6,8127.85,8131.95,09:40:00,8173.411618093566,4,6
2016-12-02,8136.9,8137.8,8129.5,8130.4,09:45:00,8169.934321132274,4,7
2016-12-02,8138.15,8139.35,8136.5,8137.05,09:50:00,8166.9072429292,4,8
2016-12-02,8141.05,8144.95,8137.9,8138.35,09:55:00,8164.444648364514,4,9
2016-12-02,8144.35,8144.35,8136.95,8140.9,10:00:00,8162.5308723297985,4,10
2016-12-02,8141.0,8149.05,8141.0,8144.3,10:05:00,8160.480313060294,4,11
2016-12-02,8137.65,8141.15,8134.05,8140.9,10:10:00,8158.305997530742,4,12
2016-12-02,8135.65,8141.25,8133.8,8137.45,10:15:00,8156.1482834801955,4,13
2016-12-02,8128.65,8135.6,8128.6,8135.45,10:20:00,8153.529399339224,4,14
2016-12-02,8128.4,8131.0,8127.95,8128.95,10:25:00,8151.136123211679,4,15
2016-12-02,8117.55,8128.35,8112.65,8128.25,10:30:00,8147.937444810567,4,16
2016-12-02,8119.35,8121.15,8116.5,8117.45,10:35:00,8145.214831019084,4,17
2016-12-02,8113.6,8120.1,8108.45,8119.45,10:40:00,8142.203894731553,4,18
2016-12-02,8113.5,8116.85,8110.75,8113.7,10:45:00,8139.470190471405,4,19
2016-12-02,8117.6,8118.35,8113.6,8113.85,10:50:00,8137.3873151884145,4,20
2016-12-02,8119.45,8121.55,8117.7,8117.7,10:55:00,8135.678999456184,4,21
2016-12-02,8119.3,8122.0,8117.75,8119.25,11:00:00,8134.119094746071,4,22
2016-12-02,8120.6,8123.35,8117.0,8119.2,11:05:00,8132.831561913112,4,23
2016-12-02,8123.8,8124.95,8119.9,8120.9,11:10:00,8131.971413159482,4,24
2016-12-02,8125.5,8126.7,8123.15,8123.9,11:15:00,8131.355088096674,4,25
2016-12-02,8123.25,8127.65,8122.95,8125.6,11:20:00,8130.58317494461,4,26
2016-12-02,8119.65,8123.5,8118.95,8123.2,11:25:00,8129.54192018798,4,27
2016-12-02,8114.45,8120.05,8113.5,8119.6,11:30:00,8128.104594455792,4,28
2016-12-02,8116.8,8118.4,8113.15,8114.6,11:35:00,8127.027966412383,4,29
2016-12-02,8113.6,8117.35,8112.05,8117.15,11:40:00,8125.749112468346,4,30
2016-12-02,8115.25,8117.15,8111.9,8113.55,11:45:00,8124.749196995171,4,31
2016-12-02,8113.55,8115.55,8110.9,8115.1,11:50:00,8123.682606805154,4,32
2016-12-02,8108.45,8114.3,8107.5,8113.8,11:55:00,8122.231882347521,4,33
2016-12-02,8111.1,8111.35,8105.45,8108.35,12:00:00,8121.171703076328,4,34
2016-12-02,8114.7,8116.6,8109.75,8111.25,12:05:00,8120.555350402392,4,35
2016-12-02,8113.7,8115.8,8112.8,8114.55,12:10:00,8119.902459887879,4,36
2016-12-02,8109.35,8114.0,8109.2,8113.45,12:15:00,8118.897463708081,4,37
2016-12-02,8110.5,8110.5,8107.55,8109.65,12:20:00,8118.097705259693,4,38
2016-12-02,8114.0,8115.3,8110.4,8110.65,12:25:00,8117.707447615912,4,39
2016-12-02,8112.2,8116.3,8111.2,8114.45,12:30:00,8117.182928795349,4,40
2016-12-02,8111.3,8112.45,8109.8,8112.45,12:35:00,8116.622649862458,4,41
2016-12-02,8106.35,8111.05,8104.05,8110.7,12:40:00,8115.644302256509,4,42
2016-12-02,8106.95,8108.05,8103.85,8106.0,12:45:00,8114.816273470175,4,43
2016-12-02,8107.65,8109.5,8107.05,8107.15,12:50:00,8114.13377123492,4,44
2016-12-02,8109.7,8109.85,8106.3,8108.1,12:55:00,8113.711507307785,4,45
2016-12-02,8110.05,8112.25,8107.85,8109.9,13:00:00,8113.362792326091,4,46
2016-12-02,8110.65,8112.6,8109.9,8110.15,13:05:00,8113.104431152177,4,47
2016-12-02,8109.1,8111.15,8107.9,8110.7,13:10:00,8112.723056756732,4,48
2016-12-02,8112.4,8112.45,8108.6,8108.8,13:15:00,8112.692289446568,4,49
2016-12-02,8130.55,8131.45,8111.9,8112.65,13:20:00,8114.39302378499,4,50
2016-12-02,8136.8,8142.0,8122.05,8131.35,13:25:00,8116.527021519753,4,51
2016-12-02,8134.9,8146.7,8131.8,8136.85,13:30:00,8118.276828994062,4,52
2016-12-02,8143.6,8144.9,8133.15,8134.55,13:35:00,8120.688559566056,4,53
2016-12-02,8152.25,8157.95,8142.8,8143.2,13:40:00,8123.694411035955,4,54
2016-12-02,8153.95,8159.3,8149.95,8152.2,13:45:00,8126.575895699198,4,55
2016-12-02,8133.15,8153.9,8131.0,8153.9,13:50:00,8127.202000870702,4,56
2016-12-02,8129.5,8140.5,8127.05,8132.85,13:55:00,8127.420857930636,4,57
2016-12-02,8128.9,8134.3,8126.45,8129.4,14:00:00,8127.561728603909,4,58
2016-12-02,8119.8,8129.9,8119.45,8129.1,14:05:00,8126.822516355917,4,59
2016-12-02,8121.25,8121.6,8111.65,8119.85,14:10:00,8126.291800512497,4,60
2016-12-02,8123.75,8125.65,8116.3,8121.35,14:15:00,8126.049724273211,4,61
2016-12-02,8119.8,8124.1,8119.05,8123.7,14:20:00,8125.454512437667,4,62
2016-12-02,8122.15,8124.55,8119.2,8119.95,14:25:00,8125.139796967413,4,63
2016-12-02,8120.85,8123.05,8116.9,8122.0,14:30:00,8124.731244875278,4,64
2016-12-02,8108.65,8121.15,8108.25,8120.9,14:35:00,8123.1996977443,4,65
2016-12-02,8092.65,8108.85,8092.65,8107.95,14:40:00,8120.290202721033,4,66
2016-12-02,8097.1,8097.7,8087.6,8092.5,14:45:00,8118.081611985696,4,67
2016-12-02,8094.4,8101.3,8092.7,8097.6,14:50:00,8115.826220368011,4,68
2016-12-02,8086.9,8094.85,8083.6,8094.5,14:55:00,8113.071342237724,4,69
2016-12-02,8078.25,8088.25,8070.05,8086.7,15:00:00,8109.75502392937,4,70
2016-12-02,8086.1,8086.45,8078.35,8078.35,15:05:00,8107.502164507525,4,71
2016-12-02,8085.65,8093.6,8085.65,8086.4,15:10:00,8105.421005982998,4,72
2016-12-02,8090.6,8090.85,8083.0,8086.3,15:15:00,8104.009481603665,4,73
2016-12-02,8095.05,8095.75,8088.0,8090.8,15:20:00,8103.156197641411,4,74
2016-12-02,8088.0,8097.45,8084.7,8094.8,15:25:00,8101.712750246992,4,75
2016-12-05,8085.7,8094.7,8071.9,8084.9,09:15:00,8100.187726413945,0,1
2016-12-05,8091.7,8094.5,8083.75,8085.5,09:20:00,8099.379371517379,0,2
2016-12-05,8099.15,8103.3,8091.55,8091.95,09:25:00,8099.357526610962,0,3
2016-12-05,8085.85,8100.1,8082.95,8099.45,09:30:00,8098.071095505155,0,4
2016-12-05,8084.6,8090.2,8077.2,8085.7,09:35:00,8096.788134028474,0,5
2016-12-05,8078.6,8087.15,8077.0,8085.0,09:40:00,8095.055930787666,0,6
2016-12-05,8091.35,8091.7,8077.95,8078.15,09:45:00,8094.702984998365,0,7
2016-12-05,8091.75,8092.4,8085.25,8091.3,09:50:00,8094.421748331854,0,8
2016-12-05,8085.0,8094.65,8083.1,8092.0,09:55:00,8093.524438966916,0,9
2016-12-05,8080.35,8085.4,8079.2,8084.8,10:00:00,8092.269730493876,0,10
2016-12-05,8082.05,8085.9,8080.05,8080.4,10:05:00,8091.296422827792,0,11
2016-12-05,8076.55,8082.45,8073.85,8082.45,10:10:00,8089.892001606097,0,12
2016-12-05,8077.95,8083.2,8075.35,8076.4,10:15:00,8088.754668119802,0,13
2016-12-05,8077.35,8077.85,8071.95,8077.8,10:20:00,8087.668509251249,0,14
2016-12-05,8082.35,8082.45,8077.1,8077.4,10:25:00,8087.161984560654,0,15
2016-12-05,8076.15,8083.45,8076.15,8082.5,10:30:00,8086.113224126306,0,16
2016-12-05,8081.0,8083.4,8075.95,8076.1,10:35:00,8085.626250399991,0,17
2016-12-05,8085.75,8087.35,8080.9,8080.9,10:40:00,8085.638036076182,0,18
2016-12-05,8085.1,8086.05,8081.5,8085.8,10:45:00,8085.586794545117,0,19
2016-12-05,8083.05,8085.15,8080.85,8084.75,10:50:00,8085.34519506463,0,20
2016-12-05,8085.4,8085.9,8081.4,8082.85,10:55:00,8085.350414582284,0,21
2016-12-05,8085.9,8087.8,8084.65,8085.15,11:00:00,8085.402756050638,0,22
2016-12-05,8080.15,8086.3,8080.05,8085.75,11:05:00,8084.902493569625,0,23
2016-12-05,8077.4,8081.15,8074.85,8080.05,11:10:00,8084.187970372518,0,24
2016-12-05,8078.65,8082.7,8077.3,8077.95,11:15:00,8083.660544622754,0,25
2016-12-05,8079.45,8080.5,8077.25,8078.5,11:20:00,8083.259540372968,0,26
2016-12-05,8076.95,8080.1,8075.15,8079.55,11:25:00,8082.658631766019,0,27
2016-12-05,8080.15,8080.15,8075.35,8076.8,11:30:00,8082.419714454971,0,28
2016-12-05,8076.65,8081.05,8076.65,8080.55,11:35:00,8081.870217840212,0,29
2016-12-05,8077.9,8079.6,8076.3,8076.55,11:40:00,8081.49210185543,0,30
2016-12-05,8068.05,8080.8,8065.3,8077.85,11:45:00,8080.211901678722,0,31
2016-12-05,8068.1,8070.25,8064.35,8067.95,11:50:00,8079.058387233129,0,32
2016-12-05,8064.85,8070.3,8061.65,8068.15,11:55:00,8077.70520749664,0,33
2016-12-05,8066.9,8068.2,8064.05,8064.75,12:00:00,8076.676140116007,0,34
2016-12-05,8063.5,8067.25,8063.5,8067.05,12:05:00,8075.421269628769,0,35
2016-12-05,8063.5,8063.7,8056.85,8063.45,12:10:00,8074.285910616505,0,36
2016-12-05,8062.65,8065.4,8062.25,8063.75,12:15:00,8073.177728653029,0,37
2016-12-05,8065.45,8065.6,8061.1,8062.6,12:20:00,8072.441754495597,0,38
2016-12-05,8064.7,8067.85,8064.15,8065.4,12:25:00,8071.704444543635,0,39
2016-12-05,8061.45,8067.05,8061.3,8064.75,12:30:00,8070.727830777574,0,40
2016-12-05,8063.6,8063.75,8057.7,8061.4,12:35:00,8070.048989751138,0,41
2016-12-05,8076.05,8077.15,8062.25,8063.65,12:40:00,8070.620514536744,0,42
2016-12-05,8073.05,8079.4,8071.8,8076.4,12:45:00,8070.851894104673,0,43
2016-12-05,8077.7,8081.55,8073.2,8073.2,12:50:00,8071.504094666133,0,44
2016-12-05,8081.45,8085.55,8077.8,8077.8,12:55:00,8072.4513237455485,0,45
2016-12-05,8075.65,8083.0,8073.0,8081.4,13:00:00,8072.755959579306,0,46
2016-12-05,8080.1,8080.1,8073.6,8075.05,13:05:00,8073.455392000325,0,47
2016-12-05,8083.8,8084.6,8078.05,8079.95,13:10:00,8074.440592762199,0,48
2016-12-05,8081.8,8084.9,8080.8,8084.45,13:15:00,8075.141488689609,0,49
2016-12-05,8079.25,8082.6,8077.9,8081.9,13:20:00,8075.532775481075,0,50
2016-12-05,8085.15,8086.55,8079.4,8079.75,13:25:00,8076.448701625734,0,51
2016-12-05,8085.75,8085.75,8080.45,8085.2,13:30:00,8077.334539566141,0,52
2016-12-05,8102.3,8106.4,8085.5,8085.6,13:35:00,8079.712202464603,0,53
2016-12-05,8100.4,8107.35,8099.9,8102.35,13:40:00,8081.682468896545,0,54
2016-12-05,8102.35,8105.95,8099.6,8100.45,13:45:00,8083.650805192112,0,55
2016-12-05,8109.65,8110.3,8101.95,8101.95,13:50:00,8086.12691898334,0,56
2016-12-05,8121.15,8122.85,8109.7,8109.7,13:55:00,8089.462450508736,0,57
2016-12-05,8131.25,8133.35,8120.8,8121.1,14:00:00,8093.442217126951,0,58
2016-12-05,8126.2,8136.65,8122.55,8130.75,14:05:00,8096.562005972003,0,59
2016-12-05,8123.8,8129.65,8123.15,8126.5,14:10:00,8099.156100641336,0,60
2016-12-05,8129.95,8130.15,8123.6,8123.6,14:15:00,8102.088852961208,0,61
2016-12-05,8138.35,8141.9,8129.8,8129.8,14:20:00,8105.542295536331,0,62
2016-12-05,8135.6,8139.55,8133.65,8138.45,14:25:00,8108.404934056681,0,63
2016-12-05,8133.15,8135.7,8131.3,8135.5,14:30:00,8110.761607003663,0,64
2016-12-05,8119.15,8133.2,8118.7,8133.0,14:35:00,8111.560501574742,0,65
2016-12-05,8115.8,8123.0,8115.35,8118.55,14:40:00,8111.964263329529,0,66
2016-12-05,8121.6,8122.25,8111.65,8115.4,14:45:00,8112.88195253624,0,67
2016-12-05,8116.7,8122.15,8114.95,8121.25,14:50:00,8113.245576104217,0,68
2016-12-05,8118.55,8118.95,8114.15,8116.65,14:55:00,8113.750759332387,0,69
2016-12-05,8121.95,8125.2,8115.35,8118.2,15:00:00,8114.531639395969,0,70
2016-12-05,8128.05,8128.35,8119.7,8121.85,15:05:00,8115.819102310639,0,71
2016-12-05,8125.4,8128.4,8124.0,8127.6,15:10:00,8116.7315687572445,0,72
2016-12-05,8132.85,8135.8,8124.15,8124.85,15:15:00,8118.266657447031,0,73
2016-12-05,8133.9,8137.0,8132.75,8132.75,15:20:00,8119.75554721398,0,74
2016-12-05,8139.05,8139.7,8129.9,8134.0,15:25:00,8121.593114145981,0,75
2016-12-06,8162.95,8174.05,8148.5,8150.65,09:15:00,8125.531865179698,1,1
2016-12-06,8167.35,8171.3,8161.8,8162.5,09:20:00,8129.5145446863935,1,2
2016-12-06,8164.35,8169.5,8159.7,8167.65,09:25:00,8132.832207097213,1,3
2016-12-06,8152.7,8165.4,8150.75,8164.65,09:30:00,8134.72437784986,1,4
2016-12-06,8158.85,8159.4,8149.25,8152.9,09:35:00,8137.022056149874,1,5
2016-12-06,8166.35,8166.6,8154.6,8158.7,09:40:00,8139.8151936594095,1,6
2016-12-06,8160.5,8166.75,8160.5,8166.4,09:45:00,8141.785175215657,1,7
2016-12-06,8159.9,8162.75,8158.55,8160.8,09:50:00,8143.510396623689,1,8
2016-12-06,8167.95,8169.45,8159.7,8159.95,09:55:00,8145.837977897623,1,9
2016-12-06,8169.65,8171.9,8166.3,8167.65,10:00:00,8148.105789526421,1,10
2016-12-06,8161.45,8171.35,8160.95,8169.45,10:05:00,8149.376666714381,1,11
2016-12-06,8163.1,8163.2,8157.65,8161.15,10:10:00,8150.683650836821,1,12
2016-12-06,8164.1,8164.7,8161.35,8163.25,10:15:00,8151.96139837617,1,13
2016-12-06,8157.55,8164.5,8157.55,8164.15,10:20:00,8152.493646149867,1,14
2016-12-06,8155.0,8158.0,8152.75,8157.7,10:25:00,8152.732346516547,1,15
2016-12-06,8154.0,8157.0,8151.85,8154.95,10:30:00,8152.853075419734,1,16
2016-12-06,8159.5,8161.1,8154.35,8154.35,10:35:00,8153.486115855949,1,17
2016-12-06,8158.8,8161.3,8156.5,8159.6,10:40:00,8153.992200060144,1,18
2016-12-06,8160.65,8160.7,8156.1,8158.85,10:45:00,8154.626276244891,1,19
2016-12-06,8169.15,8169.15,8159.85,8160.15,10:50:00,8156.009488031092,1,20
2016-12-06,8165.05,8170.15,8165.05,8169.1,10:55:00,8156.870489170988,1,21
2016-12-06,8166.35,8166.7,8163.75,8164.9,11:00:00,8157.773299726132,1,22
2016-12-06,8167.45,8169.7,8165.55,8166.7,11:05:00,8158.694890228406,1,23
2016-12-06,8166.05,8167.95,8164.35,8167.4,11:10:00,8159.395376873319,1,24
2016-12-06,8164.75,8167.9,8164.65,8166.35,11:15:00,8159.905340980622,1,25
2016-12-06,8166.3,8166.8,8163.85,8164.7,11:20:00,8160.514356125324,1,26
2016-12-06,8165.1,8166.7,8164.8,8166.25,11:25:00,8160.951084113389,1,27
2016-12-06,8167.15,8167.15,8162.2,8165.05,11:30:00,8161.541457054971,1,28
2016-12-06,8170.4,8172.8,8167.6,8167.6,11:35:00,8162.385127811641,1,29
2016-12-06,8168.6,8171.9,8167.2,8170.35,11:40:00,8162.977020401008,1,30
2016-12-06,8170.6,8171.3,8168.4,8168.5,11:45:00,8163.703018458054,1,31
2016-12-06,8174.5,8176.65,8170.45,8170.45,11:50:00,8164.73130241443,1,32
2016-12-06,8170.95,8174.8,8170.05,8174.65,11:55:00,8165.323559327341,1,33
2016-12-06,8167.1,8171.6,8166.6,8170.8,12:00:00,8165.492744153308,1,34
2016-12-06,8165.2,8167.25,8164.1,8167.25,12:05:00,8165.464863757755,1,35
2016-12-06,8165.35,8167.75,8163.35,8165.55,12:10:00,8165.453924352254,1,36
2016-12-06,8165.4,8166.4,8164.25,8165.4,12:15:00,8165.448788699658,1,37
2016-12-06,8167.8,8168.4,8164.85,8165.55,12:20:00,8165.672713585404,1,38
2016-12-06,8168.15,8169.05,8167.6,8167.75,12:25:00,8165.90864562489,1,39
2016-12-06,8164.95,8168.35,8164.65,8168.35,12:30:00,8165.817346041567,1,40
2016-12-06,8157.75,8164.75,8156.2,8164.7,12:35:00,8165.049027370942,1,41
2016-12-06,8159.95,8161.25,8157.85,8158.0,12:40:00,8164.563405716566,1,42
2016-12-06,8158.45,8160.8,8158.25,8160.0,12:45:00,8163.981176600703,1,43
2016-12-06,8156.8,8158.9,8156.8,8158.4,12:50:00,8163.297255019684,1,44
2016-12-06,8158.7,8159.2,8155.0,8156.75,12:55:00,8162.859421208285,1,45
2016-12-06,8162.1,8163.15,8158.5,8158.65,13:00:00,8162.787095378924,1,46
2016-12-06,8164.2,8164.7,8159.9,8162.25,13:05:00,8162.921657723789,1,47
2016-12-06,8162.45,8164.4,8161.55,8164.35,13:10:00,8162.876737940572,1,48
2016-12-06,8151.15,8164.0,8148.45,8162.5,13:15:00,8161.759905755755,1,49
2016-12-06,8154.9,8155.5,8150.5,8151.35,13:20:00,8161.106581398064,1,50
2016-12-06,8160.2,8160.2,8153.65,8154.45,13:25:00,8161.020240312535,1,51
2016-12-06,8156.0,8160.3,8155.7,8160.25,13:30:00,8160.542122187531,1,52
2016-12-06,8160.65,8162.35,8156.15,8156.2,13:35:00,8160.552396264909,1,53
2016-12-06,8155.8,8160.85,8152.95,8160.85,13:40:00,8160.099787096823,1,54
2016-12-06,8158.6,8159.05,8154.0,8155.75,13:45:00,8159.956950230458,1,55
2016-12-06,8160.95,8162.2,8158.6,8158.85,13:50:00,8160.051526398986,1,56
2016-12-06,8161.45,8162.85,8160.55,8161.0,13:55:00,8160.1847143609875,1,57
2016-12-06,8162.05,8162.6,8160.85,8161.4,14:00:00,8160.362360612322,1,58
2016-12-06,8167.4,8167.55,8161.4,8162.3,14:05:00,8161.032611982577,1,59
2016-12-06,8171.5,8177.2,8167.15,8167.35,14:10:00,8162.029506079474,1,60
2016-12-06,8167.45,8173.9,8166.6,8171.65,14:15:00,8162.545743595715,1,61
2016-12-06,8173.25,8173.25,8167.15,8167.2,14:20:00,8163.565196586599,1,62
2016-12-06,8176.9,8178.7,8173.35,8173.35,14:25:00,8164.835177864066,1,63
2016-12-06,8172.35,8177.9,8171.95,8176.8,14:30:00,8165.550875210346,1,64
2016-12-06,8174.8,8175.45,8170.35,8172.55,14:35:00,8166.431744237932,1,65
2016-12-06,8174.05,8175.85,8172.6,8174.65,14:40:00,8167.157292405749,1,66
2016-12-06,8157.15,8174.5,8157.15,8173.95,14:45:00,8166.204216938535,1,67
2016-12-06,8160.8,8162.25,8151.85,8157.1,14:50:00,8165.689529611056,1,68
2016-12-06,8161.15,8164.2,8160.45,8160.45,14:55:00,8165.257193457622,1,69
2016-12-06,8152.8,8162.15,8152.75,8161.05,15:00:00,8164.070794080705,1,70
2016-12-06,8147.75,8153.15,8142.95,8152.7,15:05:00,8162.516432739686,1,71
2016-12-06,8148.35,8149.45,8143.15,8148.2,15:10:00,8161.16724866924,1,72
2016-12-06,8140.8,8148.8,8134.3,8148.6,15:15:00,8159.227510700742,1,73
2016-12-06,8134.2,8141.1,8133.8,8140.35,15:20:00,8156.843938253052,1,74
2016-12-06,8138.35,8138.6,8130.85,8134.15,15:25:00,8155.08261080038,1,75
2016-12-07,8160.9,8167.35,8155.05,8162.8,09:15:00,8155.636647867011,2,1
2016-12-07,8160.5,8164.3,8156.55,8161.2,09:20:00,8156.099824260628,2,2
2016-12-07,8164.05,8166.95,8160.35,8160.75,09:25:00,8156.856983854854,2,3
2016-12-07,8159.2,8164.3,8155.7,8164.0,09:30:00,8157.080128249629,2,4
2016-12-07,8161.0,8166.15,8158.5,8160.05,09:35:00,8157.453449368712,2,5
2016-12-07,8162.45,8163.5,8159.85,8161.2,09:40:00,8157.929311333597,2,6
2016-12-07,8161.0,8163.2,8159.6,8162.55,09:45:00,8158.221757873254,2,7
2016-12-07,8158.65,8162.5,8156.15,8160.95,09:50:00,8158.262542837706,2,8
2016-12-07,8160.65,8160.65,8157.35,8158.6,09:55:00,8158.489919710305,2,9
2016-12-07,8160.55,8161.15,8159.15,8160.5,10:00:00,8158.686117833133,2,10
2016-12-07,8154.65,8160.95,8154.5,8160.6,10:05:00,8158.301725658549,2,11
2016-12-07,8150.95,8156.05,8149.9,8154.45,10:10:00,8157.601561310115,2,12
2016-12-07,8153.95,8154.55,8150.9,8151.35,10:15:00,8157.253793566295,2,13
2016-12-07,8155.75,8157.15,8153.1,8154.0,10:20:00,8157.11057513141,2,14
2016-12-07,8153.35,8156.85,8153.1,8155.95,10:25:00,8156.752425118894,2,15
2016-12-07,8152.0,8153.75,8151.25,8153.45,10:30:00,8156.299813202809,2,16
2016-12-07,8152.6,8152.9,8150.95,8151.8,10:35:00,8155.947450040637,2,17
2016-12-07,8155.7,8156.95,8152.7,8152.8,10:40:00,8155.9238833701,2,18
2016-12-07,8158.65,8159.55,8155.55,8155.75,10:45:00,8156.183513525329,2,19
2016-12-07,8158.85,8159.45,8157.6,8158.6,10:50:00,8156.437464618155,2,20
2016-12-07,8160.25,8161.05,8156.55,8158.95,10:55:00,8156.80056322595,2,21
2016-12-07,8160.45,8160.9,8159.4,8160.4,11:00:00,8157.148128633003,2,22
2016-12-07,8163.5,8168.5,8160.15,8160.3,11:05:00,8157.753068763193,2,23
2016-12-07,8165.7,8165.95,8163.15,8163.4,11:10:00,8158.509919357175,2,24
2016-12-07,8164.95,8166.05,8163.95,8165.55,11:15:00,8159.123260370778,2,25
2016-12-07,8159.55,8165.5,8159.35,8165.0,11:20:00,8159.163902240228,2,26
2016-12-07,8158.3,8161.95,8157.85,8159.6,11:25:00,8159.081625836397,2,27
2016-12-07,8161.6,8161.65,8155.1,8158.4,11:30:00,8159.321470994835,2,28
2016-12-07,8158.8,8163.1,8158.8,8161.75,11:35:00,8159.271807090565,2,29
2016-12-07,8160.5,8161.85,8156.1,8158.35,11:40:00,8159.388777843845,2,30
2016-12-07,8161.8,8162.15,8160.5,8160.7,11:45:00,8159.618418049193,2,31
2016-12-07,8164.25,8164.65,8161.8,8161.9,11:50:00,8160.059521092127,2,32
2016-12-07,8165.95,8166.55,8163.45,8164.5,11:55:00,8160.620519083353,2,33
2016-12-07,8163.35,8166.85,8163.2,8165.8,12:00:00,8160.880469646843,2,34
2016-12-07,8161.25,8163.4,8159.9,8163.25,12:05:00,8160.91566301381,2,35
2016-12-07,8162.45,8162.95,8160.5,8161.05,12:10:00,8161.061790345829,2,36
2016-12-07,8161.1,8163.6,8160.3,8162.7,12:15:00,8161.065429360512,2,37
2016-12-07,8160.25,8161.8,8157.05,8160.9,12:20:00,8160.987769421416,2,38
2016-12-07,8164.9,8165.7,8159.95,8160.3,12:25:00,8161.360362809853,2,39
2016-12-07,8164.05,8166.05,8163.35,8164.8,12:30:00,8161.616518732724,2,40
2016-12-07,8164.1,8165.75,8163.55,8163.95,12:35:00,8161.853040758178,2,41
2016-12-07,8165.1,8165.45,8163.45,8164.15,12:40:00,8162.162274971685,2,42
2016-12-07,8167.0,8167.65,8165.0,8165.0,12:45:00,8162.623010688668,2,43
2016-12-07,8165.25,8170.3,8164.4,8166.9,12:50:00,8162.87320014689,2,44
2016-12-07,8173.1,8177.45,8163.7,8165.05,12:55:00,8163.847181085281,2,45
2016-12-07,8171.6,8176.25,8171.6,8173.2,13:00:00,8164.585544791445,2,46
2016-12-07,8168.45,8172.15,8168.3,8171.3,13:05:00,8164.95358814464,2,47
2016-12-07,8177.6,8184.0,8168.05,8168.5,13:10:00,8166.158008321341,2,48
2016-12-07,8180.65,8180.65,8176.1,8177.45,13:15:00,8167.538198005023,2,49
2016-12-07,8182.75,8184.9,8180.3,8180.8,13:20:00,8168.986941052164,2,50
2016-12-07,8188.9,8189.95,8181.6,8182.6,13:25:00,8170.883422856719,2,51
2016-12-07,8180.9,8190.45,8180.65,8189.25,13:30:00,8171.837382584651,2,52
2016-12-07,8185.2,8186.45,8180.85,8181.05,13:35:00,8173.1100128146845,2,53
2016-12-07,8181.7,8186.7,8181.7,8185.15,13:40:00,8173.928106832333,2,54
2016-12-07,8185.4,8186.0,8180.75,8181.65,13:45:00,8175.020668086397,2,55
2016-12-07,8181.15,8185.65,8179.7,8185.1,13:50:00,8175.60441398293,2,56
2016-12-07,8177.1,8181.1,8174.6,8181.1,13:55:00,8175.74685074646,2,57
2016-12-07,8180.0,8182.0,8176.8,8176.8,14:00:00,8176.151912580131,2,58
2016-12-07,8181.9,8182.25,8178.15,8179.65,14:05:00,8176.699349477261,2,59
2016-12-07,8181.6,8184.55,8181.45,8181.85,14:10:00,8177.166078098475,2,60
2016-12-07,8184.7,8184.7,8181.05,8181.55,14:15:00,8177.883594470049,2,61
2016-12-07,8180.25,8186.05,8176.6,8184.5,14:20:00,8178.108966425282,2,62
2016-12-07,8178.6,8180.75,8174.85,8180.1,14:25:00,8178.155731527637,2,63
2016-12-07,8097.3,8178.9,8077.5,8178.45,14:30:00,8170.455185667862,2,64
2016-12-07,8121.05,8128.0,8094.55,8098.0,14:35:00,8165.74992988997,2,65
2016-12-07,8112.4,8123.2,8104.8,8120.75,14:40:00,8160.6689841861635,2,66
2016-12-07,8112.2,8119.65,8109.85,8112.6,14:45:00,8156.052890454148,2,67
2016-12-07,8097.2,8113.05,8090.2,8111.7,14:50:00,8150.447853268039,2,68
2016-12-07,8104.55,8105.8,8091.45,8097.05,14:55:00,8146.076629147274,2,69
2016-12-07,8101.4,8106.85,8099.05,8104.85,15:00:00,8141.821712085629,2,70
2016-12-07,8100.35,8105.65,8098.2,8101.6,15:05:00,8137.87202522033,2,71
2016-12-07,8094.8,8100.7,8092.45,8100.55,15:10:00,8133.769927580299,2,72
2016-12-07,8098.05,8098.35,8088.7,8094.3,15:15:00,8130.368029715509,2,73
2016-12-07,8111.0,8111.0,8096.8,8097.95,15:20:00,8128.52345545689,2,74
2016-12-07,8114.05,8116.95,8109.7,8110.95,15:25:00,8127.145031127662,2,75
2016-12-08,8181.25,8184.75,8151.75,8151.75,09:15:00,8132.29788530598,3,1
2016-12-08,8183.6,8184.85,8175.4,8179.9,09:20:00,8137.183800991125,3,2
2016-12-08,8194.1,8195.0,8183.75,8184.05,09:25:00,8142.604391372923,3,3
2016-12-08,8197.0,8204.5,8193.3,8194.2,09:30:00,8147.784925527882,3,4
2016-12-08,8196.95,8200.85,8193.05,8196.85,09:35:00,8152.467313572846,3,5
2016-12-08,8197.6,8198.05,8192.55,8197.3,09:40:00,8156.765664661147,3,6
2016-12-08,8202.8,8204.05,8197.5,8197.5,09:45:00,8161.149887074371,3,7
2016-12-08,8202.55,8203.0,8198.0,8202.6,09:50:00,8165.09275497205,3,8
2016-12-08,8212.45,8216.1,8202.5,8202.95,09:55:00,8169.602968784236,3,9
2016-12-08,8211.7,8214.25,8207.1,8211.7,10:00:00,8173.612209852404,3,10
2016-12-08,8214.9,8215.55,8209.6,8212.0,10:05:00,8177.5443803426515,3,11
2016-12-08,8215.2,8216.5,8210.2,8215.05,10:10:00,8181.130629833827,3,12
2016-12-08,8221.15,8225.5,8215.3,8215.3,10:15:00,8184.941998421081,3,13
2016-12-08,8217.75,8222.3,8217.75,8221.05,10:20:00,8188.066570000025,3,14
2016-12-08,8217.3,8218.65,8213.45,8217.95,10:25:00,8190.850706190498,3,15
2016-12-08,8216.05,8218.25,8215.4,8217.4,10:30:00,8193.25063893426,3,16
2016-12-08,8213.0,8215.7,8210.55,8215.45,10:35:00,8195.13153046433,3,17
2016-12-08,8209.75,8215.05,8209.5,8212.65,10:40:00,8196.523765658203,3,18
2016-12-08,8209.95,8212.1,8208.85,8209.55,10:45:00,8197.802454643137,3,19
2016-12-08,8214.5,8215.05,8209.95,8210.4,10:50:00,8199.392697058076,3,20
2016-12-08,8211.2,8215.15,8210.45,8214.45,10:55:00,8200.517202100164,3,21
2016-12-08,8213.3,8214.45,8210.6,8211.4,11:00:00,8201.734611423957,3,22
2016-12-08,8213.3,8213.65,8210.85,8213.25,11:05:00,8202.836077002628,3,23
2016-12-08,8215.25,8216.2,8213.0,8213.35,11:10:00,8204.01835538333,3,24
2016-12-08,8214.3,8214.9,8213.2,8214.9,11:15:00,8204.997559632537,3,25
2016-12-08,8209.6,8214.2,8209.4,8214.2,11:20:00,8205.43588728658,3,26
2016-12-08,8207.9,8210.1,8207.45,8209.75,11:25:00,8205.670564687858,3,27
2016-12-08,8209.75,8210.75,8207.6,8207.6,11:30:00,8206.059082336633,3,28
2016-12-08,8211.4,8211.9,8209.55,8209.9,11:35:00,8206.567741161716,3,29
2016-12-08,8214.1,8214.8,8211.2,8211.5,11:40:00,8207.285099146315,3,30
2016-12-08,8217.85,8219.1,8213.65,8214.25,11:45:00,8208.29128018,3,31
2016-12-08,8217.15,8218.2,8216.3,8217.75,11:50:00,8209.134967781903,3,32
2016-12-08,8219.8,8220.05,8216.6,8217.05,11:55:00,8210.150685136008,3,33
2016-12-08,8218.35,8221.8,8217.5,8219.75,12:00:00,8210.931572265912,3,34
2016-12-08,8219.25,8220.35,8217.8,8218.2,12:05:00,8211.723803478682,3,35
2016-12-08,8218.95,8220.25,8217.45,8219.4,12:10:00,8212.41201267119,3,36
2016-12-08,8220.0,8220.35,8218.15,8218.7,12:15:00,8213.134678131077,3,37
2016-12-08,8224.05,8228.05,8219.8,8219.95,12:20:00,8214.174232594783,3,38
2016-12-08,8222.5,8227.35,8220.7,8224.35,12:25:00,8214.967162823852,3,39
2016-12-08,8221.9,8222.85,8221.0,8221.8,12:30:00,8215.627433031104,3,40
2016-12-08,8224.25,8224.6,8221.2,8221.75,12:35:00,8216.448629885284,3,41
2016-12-08,8223.9,8224.5,8222.6,8224.15,12:40:00,8217.158284181924,3,42
2016-12-08,8224.65,8225.05,8222.95,8223.8,12:45:00,8217.871780926502,3,43
2016-12-08,8229.75,8230.9,8224.4,8224.4,12:50:00,8219.003039885882,3,44
2016-12-08,8222.05,8229.85,8221.4,8229.5,12:55:00,8219.293226563417,3,45
2016-12-08,8224.3,8224.85,8221.6,8221.65,13:00:00,8219.770062128806,3,46
2016-12-08,8219.0,8226.0,8216.4,8224.35,13:05:00,8219.696722878443,3,47
2016-12-08,8222.45,8222.45,8216.95,8218.85,13:10:00,8219.958939747163,3,48
2016-12-08,8229.1,8229.15,8222.25,8222.55,13:15:00,8220.8295169141,3,49
2016-12-08,8231.7,8232.4,8227.85,8228.45,13:20:00,8221.864801017518,3,50
2016-12-08,8235.1,8242.45,8231.55,8232.05,13:25:00,8223.125296158707,3,51
2016-12-08,8234.75,8237.9,8230.35,8235.15,13:30:00,8224.232410810258,3,52
2016-12-08,8234.75,8236.4,8233.95,8234.6,13:35:00,8225.234085971186,3,53
2016-12-08,8234.85,8237.35,8233.35,8234.85,13:40:00,8226.149887307263,3,54
2016-12-08,8239.9,8241.95,8234.45,8234.8,13:45:00,8227.459421849428,3,55
2016-12-08,8239.75,8243.5,8239.4,8239.7,13:50:00,8228.629953101863,3,56
2016-12-08,8243.4,8243.55,8236.45,8239.8,13:55:00,8230.03662423502,3,57
2016-12-08,8242.5,8244.95,8236.75,8242.9,14:00:00,8231.223612403111,3,58
2016-12-08,8243.75,8243.75,8238.9,8242.75,14:05:00,8232.416601698053,3,59
2016-12-08,8247.7,8249.1,8243.1,8243.55,14:10:00,8233.872163441094,3,60
2016-12-08,8248.65,8251.8,8246.25,8247.45,14:15:00,8235.279576446705,3,61
2016-12-08,8240.3,8249.0,8239.9,8248.7,14:20:00,8235.757712023209,3,62
2016-12-08,8244.15,8244.5,8238.0,8239.45,14:25:00,8236.556977544808,3,63
2016-12-08,8243.55,8245.95,8242.4,8243.25,14:30:00,8237.222979683398,3,64
2016-12-08,8242.05,8243.75,8235.55,8243.4,14:35:00,8237.682695904026,3,65
2016-12-08,8236.95,8242.75,8236.05,8242.1,14:40:00,8237.612915341739,3,66
2016-12-08,8240.4,8241.1,8233.95,8237.05,14:45:00,8237.878351975858,3,67
2016-12-08,8242.3,8242.5,8236.45,8240.5,14:50:00,8238.29946131149,3,68
2016-12-08,8244.05,8247.35,8240.35,8242.25,14:55:00,8238.847131662777,3,69
2016-12-08,8254.05,8254.8,8243.55,8244.4,15:00:00,8240.29502388537,3,70
2016-12-08,8243.3,8256.25,8242.4,8253.85,15:05:00,8240.581212086763,3,71
2016-12-08,8247.25,8249.15,8243.15,8243.45,15:10:00,8241.216334745166,3,72
2016-12-08,8244.7,8248.6,8242.95,8247.5,15:15:00,8241.548112388484,3,73
2016-12-08,8244.05,8246.25,8242.25,8244.0,15:20:00,8241.786387399105,3,74
2016-12-08,8242.95,8247.3,8241.15,8244.2,15:25:00,8241.897207646809,3,75
2016-12-09,8254.4,8270.2,8250.95,8268.65,09:15:00,8243.087949775683,4,1
2016-12-09,8259.75,8260.2,8246.65,8254.5,09:20:00,8244.674811701809,4,2
2016-12-09,8262.55,8266.9,8258.35,8259.9,09:25:00,8246.37721058735,4,3
2016-12-09,8256.55,8264.4,8255.45,8263.05,09:30:00,8247.34604767427,4,4
2016-12-09,8254.4,8258.85,8251.85,8256.45,09:35:00,8248.017852657671,4,5
2016-12-09,8245.35,8254.5,8242.1,8254.5,09:40:00,8247.763771452179,4,6
2016-12-09,8247.35,8249.45,8241.95,8245.25,09:45:00,8247.724364647209,4,7
2016-12-09,8253.6,8253.7,8247.15,8247.4,09:50:00,8248.283948966522,4,8
2016-12-09,8250.9,8254.1,8249.55,8253.55,09:55:00,8248.533096683996,4,9
2016-12-09,8247.95,8251.0,8244.6,8250.95,10:00:00,8248.477563666473,4,10
2016-12-09,8255.3,8255.35,8246.85,8248.25,10:05:00,8249.127319507761,4,11
2016-12-09,8259.45,8262.1,8253.25,8255.15,10:10:00,8250.110431935593,4,12
2016-12-09,8258.8,8263.75,8257.9,8259.4,10:15:00,8250.938009846488,4,13
2016-12-09,8255.15,8259.35,8253.7,8259.35,10:20:00,8251.339151765871,4,14
2016-12-09,8254.55,8256.65,8254.25,8255.65,10:25:00,8251.644946835788,4,15
2016-12-09,8253.25,8255.0,8251.95,8254.5,10:30:00,8251.797809041904,4,16
2016-12-09,8250.0,8254.0,8245.2,8253.45,10:35:00,8251.626589133151,4,17
2016-12-09,8256.05,8256.7,8250.0,8250.1,10:40:00,8252.047866358565,4,18
2016-12-09,8260.1,8260.15,8255.4,8255.95,10:45:00,8252.814736229178,4,19
2016-12-09,8258.7,8262.45,8257.25,8260.3,10:50:00,8253.375237540686,4,20
2016-12-09,8254.75,8258.7,8254.3,8258.45,10:55:00,8253.506167298716,4,21
2016-12-09,8258.8,8259.05,8252.1,8254.7,11:00:00,8254.010341841695,4,22
2016-12-09,8257.45,8258.9,8256.95,8258.7,11:05:00,8254.337928332961,4,23
2016-12-09,8257.1,8257.4,8251.3,8257.35,11:10:00,8254.600982777441,4,24
2016-12-09,8258.75,8258.85,8253.95,8256.9,11:15:00,8254.996127274828,4,25
2016-12-09,8262.1,8262.15,8258.35,8258.85,11:20:00,8255.672686581987,4,26
2016-12-09,8258.9,8262.7,8258.55,8261.9,11:25:00,8255.980049764656,4,27
2016-12-09,8258.95,8259.65,8257.75,8258.85,11:30:00,8256.262902168022,4,28
2016-12-09,8265.35,8266.55,8258.7,8258.9,11:35:00,8257.128340056783,4,29
2016-12-09,8267.8,8270.15,8264.6,8265.4,11:40:00,8258.144688622804,4,30
2016-12-09,8271.9,8272.6,8265.9,8267.9,11:45:00,8259.454718277775,4,31
2016-12-09,8272.9,8274.95,8268.8,8272.2,11:50:00,8260.735221298939,4,32
2016-12-09,8267.85,8272.95,8266.45,8272.95,11:55:00,8261.412819270468,4,33
2016-12-09,8269.3,8269.3,8266.3,8267.9,12:00:00,8262.163979339948,4,34
2016-12-09,8265.5,8269.45,8263.85,8269.1,12:05:00,8262.481695593287,4,35
2016-12-09,8265.45,8269.0,8264.55,8265.8,12:10:00,8262.764391251068,4,36
2016-12-09,8263.05,8265.5,8261.95,8265.4,12:15:00,8262.7915920843,4,37
2016-12-09,8261.45,8263.6,8260.75,8263.2,12:20:00,8262.663821409606,4,38
2016-12-09,8261.1,8261.85,8259.25,8261.85,12:25:00,8262.514886037263,4,39
2016-12-09,8266.25,8266.75,8260.7,8261.5,12:30:00,8262.870611176571,4,40
2016-12-09,8263.55,8268.1,8263.05,8266.3,12:35:00,8262.935314874041,4,41
2016-12-09,8261.5,8264.0,8260.5,8263.7,12:40:00,8262.79861821937,4,42
2016-12-09,8260.55,8262.6,8259.65,8261.55,12:45:00,8262.58446410324,4,43
2016-12-09,8265.1,8265.1,8259.85,8260.8,12:50:00,8262.82403895055,4,44
2016-12-09,8264.65,8265.55,8262.8,8265.05,12:55:00,8262.997940002879,4,45
2016-12-09,8253.2,8265.45,8251.8,8264.4,13:00:00,8262.064802859748,4,46
2016-12-09,8256.55,8257.35,8251.95,8253.25,13:05:00,8261.539583539772,4,47
2016-12-09,8249.05,8256.65,8248.25,8256.45,13:10:00,8260.350099393127,4,48
2016-12-09,8250.65,8251.4,8246.25,8248.7,13:15:00,8259.426280403306,4,49
2016-12-09,8253.0,8253.8,8250.2,8250.45,13:20:00,8258.81425369823,4,50
2016-12-09,8252.85,8253.4,8250.05,8252.9,13:25:00,8258.246229536495,4,51
2016-12-09,8258.4,8259.3,8252.8,8253.0,13:30:00,8258.260874342543,4,52
2016-12-09,8270.25,8270.25,8258.4,8258.5,13:35:00,8259.402695833729,4,53
2016-12-09,8264.1,8269.75,8263.85,8269.75,13:40:00,8259.850058135278,4,54
2016-12-09,8259.5,8266.45,8258.4,8263.75,13:45:00,8259.81671926525,4,55
2016-12-09,8265.25,8267.4,8259.5,8259.7,13:50:00,8260.334174573321,4,56
2016-12-09,8263.35,8267.2,8263.35,8265.35,13:55:00,8260.621396042528,4,57
2016-12-09,8262.5,8266.75,8260.7,8263.5,14:00:00,8260.800310705145,4,58
2016-12-09,8255.15,8264.85,8254.65,8264.85,14:05:00,8260.262185876083,4,59
2016-12-09,8261.05,8261.75,8255.05,8255.55,14:10:00,8260.337215792646,4,60
2016-12-09,8260.55,8263.75,8260.0,8260.85,14:15:00,8260.357480955252,4,61
2016-12-09,8260.75,8264.5,8260.6,8260.7,14:20:00,8260.394863721418,4,62
2016-12-09,8260.0,8265.0,8259.3,8260.55,14:25:00,8260.357257652711,4,63
2016-12-09,8259.0,8261.7,8255.15,8260.05,14:30:00,8260.22799501912,4,64
2016-12-09,8264.55,8270.0,8259.2,8259.2,14:35:00,8260.639614541109,4,65
2016-12-09,8266.65,8268.15,8263.5,8264.5,14:40:00,8261.21203220386,4,66
2016-12-09,8265.8,8271.25,8265.7,8266.6,14:45:00,8261.64898151778,4,67
2016-12-09,8262.8,8266.85,8262.65,8265.7,14:50:00,8261.75860232561,4,68
2016-12-09,8265.85,8268.55,8262.65,8262.65,14:55:00,8262.14825924698,4,69
2016-12-09,8263.35,8267.75,8261.3,8265.25,15:00:00,8262.262710747267,4,70
2016-12-09,8260.45,8264.2,8258.7,8263.3,15:05:00,8262.09007162848,4,71
2016-12-09,8258.45,8261.9,8256.3,8260.4,15:10:00,8261.743398140054,4,72
2016-12-09,8261.4,8262.8,8255.25,8258.6,15:15:00,8261.710693555286,4,73
2016-12-09,8265.25,8267.15,8260.5,8260.9,15:20:00,8262.047770359544,4,74
2016-12-09,8255.35,8265.4,8250.35,8265.4,15:25:00,8261.409887468159,4,75
2016-12-12,8217.6,8226.2,8209.6,8224.95,09:15:00,8257.237517233096,0,1
2016-12-12,8227.25,8228.35,8214.85,8217.7,09:20:00,8254.381563210896,0,2
2016-12-12,8217.2,8227.2,8217.2,8227.2,09:25:00,8250.840461952715,0,3
2016-12-12,8215.0,8220.55,8211.15,8217.1,09:30:00,8247.427084623885,0,4
2016-12-12,8210.4,8216.7,8210.3,8214.9,09:35:00,8243.900695612087,0,5
2016-12-12,8216.4,8216.6,8209.25,8210.35,09:40:00,8241.28158174427,0,6
2016-12-12,8220.5,8220.65,8215.85,8216.55,09:45:00,8239.302383482911,0,7
2016-12-12,8219.05,8224.35,8218.6,8220.55,09:50:00,8237.373585055968,0,8
2016-12-12,8215.55,8219.4,8210.65,8218.95,09:55:00,8235.29514838397,0,9
2016-12-12,8214.55,8216.65,8207.7,8215.45,10:00:00,8233.319419966449,0,10
2016-12-12,8211.7,8214.8,8210.85,8214.4,10:05:00,8231.260427588692,0,11
2016-12-12,8203.6,8211.5,8202.05,8211.5,10:10:00,8228.626101151673,0,12
2016-12-12,8203.1,8203.7,8195.55,8203.4,10:15:00,8226.195043899133,0,13
2016-12-12,8202.2,8205.9,8198.5,8203.2,10:20:00,8223.909801623025,0,14
2016-12-12,8206.2,8207.95,8202.05,8202.6,10:25:00,8222.223153849403,0,15
2016-12-12,8206.5,8206.5,8201.55,8206.3,10:30:00,8220.725710625651,0,16
2016-12-12,8207.5,8213.05,8206.35,8206.35,10:35:00,8219.466119137494,0,17
2016-12-12,8206.95,8207.5,8203.8,8207.45,10:40:00,8218.274107791067,0,18
2016-12-12,8210.45,8210.85,8206.35,8206.35,10:45:00,8217.528954668109,0,19
2016-12-12,8203.75,8210.75,8203.5,8210.5,10:50:00,8216.216673271145,0,20
2016-12-12,8204.85,8207.35,8202.2,8203.7,10:55:00,8215.134132959607,0,21
2016-12-12,8208.6,8208.7,8204.65,8204.8,11:00:00,8214.511834582501,0,22
2016-12-12,8208.1,8209.3,8206.7,8208.55,11:05:00,8213.901183669883,0,23
2016-12-12,8206.4,8208.35,8205.05,8208.05,11:10:00,8213.186785225133,0,24
2016-12-12,8204.55,8207.15,8200.75,8206.45,11:15:00,8212.36423425131,0,25
2016-12-12,8204.0,8204.95,8202.75,8204.45,11:20:00,8211.56764051309,0,26
2016-12-12,8198.25,8204.05,8196.8,8204.05,11:25:00,8210.299293797558,0,27
2016-12-12,8201.25,8202.0,8195.35,8198.0,11:30:00,8209.437456293028,0,28
2016-12-12,8207.4,8209.35,8201.2,8201.35,11:35:00,8209.24341283655,0,29
2016-12-12,8209.6,8209.6,8204.4,8207.3,11:40:00,8209.277373518782,0,30
2016-12-12,8208.6,8210.6,8208.35,8209.65,11:45:00,8209.212861755088,0,31
2016-12-12,8212.0,8212.15,8207.5,8208.5,11:50:00,8209.478303492699,0,32
2016-12-12,8211.55,8212.85,8210.7,8212.05,11:55:00,8209.675607921965,0,33
2016-12-12,8210.0,8212.8,8208.55,8211.65,12:00:00,8209.706502405588,0,34
2016-12-12,8210.35,8210.75,8208.8,8209.9,12:05:00,8209.76778789077,0,35
2016-12-12,8208.95,8210.75,8208.35,8210.05,12:10:00,8209.689903329745,0,36
2016-12-12,8212.5,8212.75,8208.25,8209.05,12:15:00,8209.957531584056,0,37
2016-12-12,8210.9,8213.75,8210.9,8212.45,12:20:00,8210.047290480812,0,38
2016-12-12,8210.7,8211.7,8209.45,8211.0,12:25:00,8210.109453292163,0,39
2016-12-12,8206.4,8210.65,8206.05,8210.65,12:30:00,8209.756172026242,0,40
2016-12-12,8207.0,8208.15,8204.65,8206.5,12:35:00,8209.493679452315,0,41
2016-12-12,8205.4,8207.1,8205.15,8206.95,12:40:00,8209.103805218761,0,42
2016-12-12,8206.6,8207.65,8204.25,8205.5,12:45:00,8208.86534757888,0,43
2016-12-12,8203.9,8207.55,8203.65,8206.8,12:50:00,8208.392457333272,0,44
2016-12-12,8203.2,8205.35,8202.4,8204.0,12:55:00,8207.897937587246,0,45
2016-12-12,8199.75,8203.35,8196.7,8203.3,13:00:00,8207.121943531318,0,46
2016-12-12,8201.7,8204.25,8199.25,8199.7,13:05:00,8206.605567956907,0,47
2016-12-12,8202.85,8204.0,8200.8,8201.45,13:10:00,8206.247894818154,0,48
2016-12-12,8195.3,8202.4,8195.0,8202.4,13:15:00,8205.205238168806,0,49
2016-12-12,8199.4,8199.8,8194.85,8195.15,13:20:00,8204.652358343206,0,50
2016-12-12,8200.2,8202.55,8199.25,8199.35,13:25:00,8204.228324215283,0,51
2016-12-12,8204.15,8205.6,8199.8,8200.15,13:30:00,8204.220864766208,0,52
2016-12-12,8200.3,8205.25,8198.9,8204.2,13:35:00,8203.847449074188,0,53
2016-12-12,8204.85,8204.85,8200.05,8200.25,13:40:00,8203.942930114741,0,54
2016-12-12,8201.95,8206.75,8201.7,8204.55,13:45:00,8203.753127246671,0,55
2016-12-12,8188.0,8202.45,8181.55,8202.1,13:50:00,8202.252829413655,0,56
2016-12-12,8189.45,8192.8,8186.15,8187.55,13:55:00,8201.033512326641,0,57
2016-12-12,8189.45,8193.4,8189.35,8189.6,14:00:00,8199.930320676485,0,58
2016-12-12,8190.65,8191.0,8186.65,8189.3,14:05:00,8199.046480612058,0,59
2016-12-12,8191.1,8191.35,8187.75,8190.55,14:10:00,8198.28967293472,0,60
2016-12-12,8191.3,8192.6,8188.75,8191.5,14:15:00,8197.62398979808,0,61
2016-12-12,8179.05,8191.35,8178.2,8191.25,14:20:00,8195.85503838874,0,62
2016-12-12,8176.9,8178.85,8170.35,8178.8,14:25:00,8194.049796637431,0,63
2016-12-12,8173.6,8177.9,8172.75,8176.8,14:30:00,8192.102196957676,0,64
2016-12-12,8160.45,8173.8,8160.45,8173.45,14:35:00,8189.087702009326,0,65
2016-12-12,8166.85,8167.05,8160.55,8160.75,14:40:00,8186.969825627485,0,66
2016-12-12,8169.8,8171.8,8164.9,8166.7,14:45:00,8185.334604139153,0,67
2016-12-12,8165.8,8169.9,8164.15,8169.9,14:50:00,8183.47416564971,0,68
2016-12-12,8160.45,8166.45,8154.45,8165.6,14:55:00,8181.281387968786,0,69
2016-12-12,8168.75,8169.45,8159.35,8160.35,15:00:00,8180.087922447949,0,70
2016-12-12,8174.55,8176.6,8167.85,8168.85,15:05:00,8179.56050126243,0,71
2016-12-12,8171.65,8175.55,8168.7,8174.95,15:10:00,8178.807120189817,0,72
2016-12-12,8172.7,8173.95,8167.75,8171.75,15:15:00,8178.225489695549,0,73
2016-12-12,8175.8,8176.2,8169.55,8172.85,15:20:00,8177.994490676925,0,74
2016-12-12,8171.6,8175.95,8170.2,8175.65,15:25:00,8177.385491564837,0,75
2016-12-13,8171.7,8194.25,8165.75,8194.25,09:15:00,8176.84401617771,1,1
2016-12-13,8164.6,8173.7,8158.55,8171.55,09:20:00,8175.67791939888,1,2
2016-12-13,8168.7,8168.9,8156.9,8165.0,09:25:00,8175.013355646606,1,3
2016-12-13,8161.25,8169.35,8160.4,8168.9,09:30:00,8173.702559870739,1,4
2016-12-13,8158.25,8161.8,8155.8,8161.3,09:35:00,8172.230887502097,1,5
2016-12-13,8170.1,8170.1,8158.45,8158.45,09:40:00,8172.027945835232,1,6
2016-12-13,8175.5,8180.25,8169.95,8169.95,09:45:00,8172.358617660448,1,7
2016-12-13,8174.05,8179.7,8173.75,8175.65,09:50:00,8172.519701692786,1,8
2016-12-13,8169.05,8175.7,8166.75,8174.35,09:55:00,8172.18925391252,1,9
2016-12-13,8179.75,8180.65,8169.1,8169.15,10:00:00,8172.90932496847,1,10
2016-12-13,8175.55,8180.4,8174.85,8179.85,10:05:00,8173.160817828616,1,11
2016-12-13,8181.65,8182.05,8175.8,8175.9,10:10:00,8173.969311368747,1,12
2016-12-13,8180.5,8183.15,8180.0,8182.0,10:15:00,8174.59128171458,1,13
2016-12-13,8174.45,8181.05,8174.3,8180.4,10:20:00,8174.577826313191,1,14
2016-12-13,8177.45,8177.5,8172.35,8174.9,10:25:00,8174.851366664317,1,15
2016-12-13,8175.0,8177.55,8174.8,8177.35,10:30:00,8174.865522220096,1,16
2016-12-13,8174.7,8176.2,8174.4,8175.3,10:35:00,8174.849758199135,1,17
2016-12-13,8178.9,8179.1,8173.3,8174.65,10:40:00,8175.235495513503,1,18
2016-12-13,8176.4,8179.5,8175.0,8179.1,10:45:00,8175.346400702693,1,19
2016-12-13,8177.7,8177.7,8174.75,8176.45,10:50:00,8175.570553016722,1,20
2016-12-13,8179.4,8181.35,8177.3,8177.65,10:55:00,8175.935262253225,1,21
2016-12-13,8183.25,8183.65,8179.1,8179.15,11:00:00,8176.631903943395,1,22
2016-12-13,8179.35,8183.9,8179.35,8183.35,11:05:00,8176.8907702345,1,23
2016-12-13,8181.35,8184.55,8178.8,8179.85,11:10:00,8177.315458783596,1,24
2016-12-13,8183.05,8186.7,8180.35,8181.25,11:15:00,8177.8616055661105,1,25
2016-12-13,8180.45,8184.35,8180.3,8183.15,11:20:00,8178.108119321719,1,26
2016-12-13,8181.35,8183.3,8180.5,8180.9,11:25:00,8178.416869862508,1,27
2016-12-13,8178.9,8181.85,8176.45,8181.7,11:30:00,8178.462882256555,1,28
2016-12-13,8183.4,8183.6,8178.9,8179.1,11:35:00,8178.933083946406,1,29
2016-12-13,8182.5,8183.9,8182.0,8183.25,11:40:00,8179.272790237224,1,30
2016-12-13,8180.15,8183.45,8179.55,8182.35,11:45:00,8179.356334024155,1,31
2016-12-13,8182.65,8182.7,8179.65,8180.9,11:50:00,8179.670016498046,1,32
2016-12-13,8183.9,8183.9,8182.55,8182.55,11:55:00,8180.072872069661,1,33
2016-12-13,8183.7,8184.35,8181.9,8184.2,12:00:00,8180.418312824931,1,34
2016-12-13,8186.95,8187.5,8182.8,8184.25,12:05:00,8181.040378270175,1,35
2016-12-13,8185.95,8188.1,8185.95,8187.0,12:10:00,8181.507961292064,1,36
2016-12-13,8190.05,8190.55,8185.0,8186.25,12:15:00,8182.321488788058,1,37
2016-12-13,8191.55,8194.2,8188.5,8190.2,12:20:00,8183.2003946177665,1,38
2016-12-13,8185.65,8192.0,8184.9,8191.95,12:25:00,8183.433690368455,1,39
2016-12-13,8183.45,8186.25,8183.05,8185.7,12:30:00,8183.435243666698,1,40
2016-12-13,8187.7,8187.75,8183.8,8183.9,12:35:00,8183.841410936536,1,41
2016-12-13,8185.25,8189.25,8185.1,8188.85,12:40:00,8183.975562275914,1,42
2016-12-13,8183.3,8185.65,8180.4,8185.3,12:45:00,8183.911223011542,1,43
2016-12-13,8181.5,8184.6,8181.15,8183.25,12:50:00,8183.681582724728,1,44
2016-12-13,8177.75,8182.7,8173.9,8181.55,12:55:00,8183.116670084278,1,45
2016-12-13,8178.5,8180.2,8177.85,8178.0,13:00:00,8182.676987219108,1,46
2016-12-13,8175.75,8178.85,8173.05,8178.6,13:05:00,8182.017274150621,1,47
2016-12-13,8182.75,8182.75,8175.65,8176.3,13:10:00,8182.087057564848,1,48
2016-12-13,8182.55,8182.95,8179.9,8181.2,13:15:00,8182.131147320577,1,49
2016-12-13,8181.5,8183.55,8180.9,8182.75,13:20:00,8182.07103805195,1,50
2016-12-13,8180.25,8182.75,8179.15,8181.6,13:25:00,8181.897605856527,1,51
2016-12-13,8180.35,8180.85,8175.0,8180.35,13:30:00,8181.750214822571,1,52
2016-12-13,8191.25,8196.05,8180.25,8180.25,13:35:00,8182.654956268041,1,53
2016-12-13,8194.35,8197.35,8191.6,8191.6,13:40:00,8183.7687699568,1,54
2016-12-13,8194.05,8199.0,8193.9,8194.65,13:45:00,8184.747934722818,1,55
2016-12-13,8197.5,8197.6,8192.1,8192.55,13:50:00,8185.962417130168,1,56
2016-12-13,8192.8,8198.2,8187.65,8197.8,13:55:00,8186.613615498723,1,57
2016-12-13,8205.3,8209.2,8192.95,8192.95,14:00:00,8188.393271165512,1,58
2016-12-13,8200.95,8208.2,8200.6,8205.7,14:05:00,8189.58915010213,1,59
2016-12-13,8199.9,8203.15,8199.2,8201.1,14:10:00,8190.571135806688,1,60
2016-12-13,8203.1,8203.5,8198.3,8200.2,14:15:00,8191.764360967956,1,61
2016-12-13,8204.5,8206.3,8200.05,8203.4,14:20:00,8192.977278971008,1,62
2016-12-13,8207.65,8210.9,8204.1,8204.9,14:25:00,8194.37468097377,1,63
2016-12-13,8204.6,8210.3,8201.9,8207.7,14:30:00,8195.34852088103,1,64
2016-12-13,8203.35,8208.85,8203.35,8204.55,14:35:00,8196.110566511408,1,65
2016-12-13,8203.9,8207.35,8203.0,8203.75,14:40:00,8196.852417319846,1,66
2016-12-13,8213.2,8215.3,8204.1,8204.1,14:45:00,8198.409329956052,1,67
2016-12-13,8220.85,8224.75,8214.65,8214.65,14:50:00,8200.546536626904,1,68
2016-12-13,8223.8,8225.05,8218.7,8222.5,14:55:00,8202.761152186245,1,69
2016-12-13,8225.1,8228.6,8221.1,8224.1,15:00:00,8204.888661501842,1,70
2016-12-13,8225.75,8226.95,8220.75,8225.2,15:05:00,8206.875455644524,1,71
2016-12-13,8218.0,8228.85,8217.2,8225.85,15:10:00,8207.934936059331,1,72
2016-12-13,8217.9,8222.25,8215.35,8219.4,15:15:00,8208.883989767966,1,73
2016-12-13,8217.75,8220.4,8215.45,8218.15,15:20:00,8209.728371694828,1,74
2016-12-13,8212.8,8221.75,8212.8,8217.55,15:25:00,8210.020907723892,1,75
2016-12-14,8211.0,8226.8,8203.8,8224.15,09:15:00,8210.11415460733,2,1
2016-12-14,8205.4,8212.3,8199.95,8211.35,09:20:00,8209.66518750187,2,2
2016-12-14,8209.25,8210.65,8202.4,8205.35,09:25:00,8209.625645835025,2,3
2016-12-14,8200.35,8211.0,8200.05,8209.4,09:30:00,8208.742250993595,2,4
2016-12-14,8199.4,8205.95,8197.65,8200.45,09:35:00,8207.852512803729,2,5
2016-12-14,8199.05,8204.1,8197.2,8199.7,09:40:00,8207.014178250993,2,6
2016-12-14,8196.7,8203.0,8194.9,8199.0,09:45:00,8206.031875560422,2,7
2016-12-14,8196.75,8197.45,8192.0,8196.55,09:50:00,8205.147887411811,2,8
2016-12-14,8200.7,8201.5,8196.5,8196.7,09:55:00,8204.724279086877,2,9
2016-12-14,8205.05,8206.75,8196.25,8200.5,10:00:00,8204.755300126222,2,10
2016-12-14,8203.5,8206.5,8203.25,8205.1,10:05:00,8204.63574773325,2,11
2016-12-14,8203.5,8204.85,8201.6,8203.55,10:10:00,8204.527581282464,2,12
2016-12-14,8198.1,8204.05,8197.95,8203.6,10:15:00,8203.915430684134,2,13
2016-12-14,8199.7,8200.85,8195.9,8197.85,10:20:00,8203.513961095168,2,14
2016-12-14,8203.3,8206.3,8199.2,8199.8,10:25:00,8203.49358384801,2,15
2016-12-14,8203.15,8204.2,8199.7,8203.5,10:30:00,8203.460861576772,2,16
2016-12-14,8203.65,8206.7,8201.85,8203.1,10:35:00,8203.478874759936,2,17
2016-12-14,8198.8,8204.65,8198.8,8203.5,10:40:00,8203.033267639943,2,18
2016-12-14,8196.45,8199.65,8195.05,8199.2,10:45:00,8202.406289769471,2,19
2016-12-14,8198.0,8199.7,8195.7,8196.5,10:50:00,8201.98664312476,2,20
2016-12-14,8195.75,8200.2,8195.25,8197.95,10:55:00,8201.392677112877,2,21
2016-12-14,8197.95,8198.35,8190.7,8196.0,11:00:00,8201.064803102128,2,22
2016-12-14,8201.25,8202.3,8197.8,8197.8,11:05:00,8201.082440901926,2,23
2016-12-14,8197.5,8201.3,8197.15,8201.15,11:10:00,8200.741256054123,2,24
2016-12-14,8202.05,8202.05,8197.0,8197.65,11:15:00,8200.865898334683,2,25
2016-12-14,8202.9,8204.95,8201.5,8201.95,11:20:00,8201.059622302808,2,26
2016-12-14,8203.95,8204.35,8200.1,8202.8,11:25:00,8201.334896369208,2,27
2016-12-14,8210.95,8211.15,8204.0,8204.0,11:30:00,8202.250620524523,2,28
2016-12-14,8209.55,8211.65,8207.5,8210.75,11:35:00,8202.945799522187,2,29
2016-12-14,8207.55,8210.1,8207.55,8209.4,11:40:00,8203.384294805788,2,30
2016-12-14,8206.05,8208.35,8205.1,8207.45,11:45:00,8203.638171490951,2,31
2016-12-14,8207.45,8207.7,8205.85,8206.0,11:50:00,8204.001202777526,2,32
2016-12-14,8208.95,8209.75,8207.35,8207.35,11:55:00,8204.472516798714,2,33
2016-12-14,8208.8,8209.25,8207.4,8209.0,12:00:00,8204.88465805598,2,34
2016-12-14,8207.85,8211.3,8207.85,8208.7,12:05:00,8205.167071574459,2,35
2016-12-14,8200.1,8207.9,8200.05,8207.75,12:10:00,8204.684493329272,2,36
2016-12-14,8202.6,8203.0,8199.1,8200.25,12:15:00,8204.485970155056,2,37
2016-12-14,8203.95,8208.0,8202.0,8202.85,12:20:00,8204.434925378384,2,38
2016-12-14,8201.85,8205.65,8201.7,8204.55,12:25:00,8204.188742009013,2,39
2016-12-14,8202.85,8204.2,8199.05,8201.7,12:30:00,8204.06124277006,2,40
2016-12-14,8201.2,8204.2,8200.9,8202.9,12:35:00,8203.788743458626,2,41
2016-12-14,8197.25,8201.45,8194.5,8199.85,12:40:00,8203.166005986375,2,42
2016-12-14,8194.6,8198.55,8194.1,8197.1,12:45:00,8202.350195892435,2,43
2016-12-14,8197.2,8198.45,8194.15,8194.5,12:50:00,8201.859701045538,2,44
2016-12-14,8195.35,8197.85,8194.8,8197.35,12:55:00,8201.239729517392,2,45
2016-12-14,8195.9,8196.65,8193.95,8195.4,13:00:00,8200.73118384907,2,46
2016-12-14,8171.95,8196.2,8170.65,8196.05,13:05:00,8197.990118720587,2,47
2016-12-14,8178.25,8178.35,8165.1,8171.85,13:10:00,8196.110107413864,2,48
2016-12-14,8182.65,8184.45,8178.15,8178.5,13:15:00,8194.828192422068,2,49
2016-12-14,8179.5,8185.15,8177.95,8182.85,13:20:00,8193.368364572347,2,50
2016-12-14,8185.65,8187.95,8179.55,8179.55,13:25:00,8192.633282232124,2,51
2016-12-14,8184.5,8189.1,8182.4,8185.85,13:30:00,8191.858683924303,2,52
2016-12-14,8190.4,8190.9,8184.3,8184.3,13:35:00,8191.719761645798,2,53
2016-12-14,8194.15,8194.15,8187.8,8190.1,13:40:00,8191.951212917626,2,54
2016-12-14,8197.8,8204.35,8193.55,8194.0,13:45:00,8192.508240258805,2,55
2016-12-14,8210.1,8213.35,8197.75,8197.75,13:50:00,8194.183645948442,2,56
2016-12-14,8209.15,8211.6,8205.55,8209.75,13:55:00,8195.609013000972,2,57
2016-12-14,8210.3,8214.5,8208.55,8209.7,14:00:00,8197.008154619927,2,58
2016-12-14,8202.9,8212.5,8202.9,8210.5,14:05:00,8197.569282751363,2,59
2016-12-14,8207.65,8210.55,8203.0,8203.0,14:10:00,8198.529351060757,2,60
2016-12-14,8206.25,8209.15,8204.3,8207.85,14:15:00,8199.264650959733,2,61
2016-12-14,8207.75,8213.05,8206.45,8206.45,14:20:00,8200.072779439757,2,62
2016-12-14,8210.75,8213.95,8208.3,8208.3,14:25:00,8201.08965758835,2,63
2016-12-14,8213.95,8215.1,8209.2,8210.85,14:30:00,8202.314452103747,2,64
2016-12-14,8205.65,8215.9,8205.4,8215.5,14:35:00,8202.632123331961,2,65
2016-12-14,8208.3,8211.1,8204.7,8205.85,14:40:00,8203.17192110987,2,66
2016-12-14,8201.1,8210.4,8197.25,8208.55,14:45:00,8202.974595289881,2,67
2016-12-14,8195.65,8203.7,8191.25,8201.55,14:50:00,8202.277014786083,2,68
2016-12-14,8196.3,8198.35,8193.95,8195.75,14:55:00,8201.707775282646,2,69
2016-12-14,8183.65,8196.85,8182.4,8195.85,15:00:00,8199.98798716049,2,70
2016-12-14,8184.45,8185.7,8179.85,8183.45,15:05:00,8198.50817885949,2,71
2016-12-14,8180.25,8185.4,8177.95,8184.5,15:10:00,8196.769304682397,2,72
2016-12-14,8177.15,8181.1,8175.4,8180.15,15:15:00,8194.90079947455,2,73
2016-12-14,8182.2,8183.1,8177.25,8177.8,15:20:00,8193.691199524594,2,74
2016-12-14,8182.8,8186.0,8181.8,8182.45,15:25:00,8192.653942427012,2,75
2016-12-15,8157.45,8157.45,8121.95,8125.9,09:15:00,8189.301186005392,3,1
2016-12-15,8165.85,8166.95,8156.2,8157.25,09:20:00,8187.067739719164,3,2
2016-12-15,8178.35,8187.4,8164.4,8166.35,09:25:00,8186.237478793529,3,3
2016-12-15,8217.75,8217.75,8178.05,8178.7,09:30:00,8189.238671289383,3,4
2016-12-15,8213.75,8223.15,8204.15,8217.95,09:35:00,8191.573083547537,3,5
2016-12-15,8211.15,8218.8,8205.8,8213.7,09:40:00,8193.437551781106,3,6
2016-12-15,8202.8,8212.95,8197.3,8211.5,09:45:00,8194.32921351624,3,7
2016-12-15,8207.25,8207.9,8200.25,8202.95,09:50:00,8195.55976460993,3,8
2016-12-15,8214.5,8214.7,8207.55,8207.6,09:55:00,8197.363596551842,3,9
2016-12-15,8216.9,8222.65,8213.5,8214.6,10:00:00,8199.224206404047,3,10
2016-12-15,8210.8,8217.95,8210.2,8217.35,10:05:00,8200.326662936995,3,11
2016-12-15,8210.7,8212.05,8205.4,8210.6,10:10:00,8201.314599800138,3,12
2016-12-15,8217.95,8219.8,8210.6,8210.9,10:15:00,8202.898923628696,3,13
2016-12-15,8222.1,8225.9,8217.6,8217.9,10:20:00,8204.72759756882,3,14
2016-12-15,8216.1,8224.65,8215.55,8222.2,10:25:00,8205.810683514646,3,15
2016-12-15,8215.0,8217.6,8211.9,8215.75,10:30:00,8206.685856513252,3,16
2016-12-15,8214.5,8217.5,8213.4,8214.9,10:35:00,8207.430060654848,3,17
2016-12-15,8210.95,8218.1,8210.45,8214.2,10:40:00,8207.765292973434,3,18
2016-12-15,8206.1,8210.9,8203.3,8210.8,10:45:00,8207.60669364263,3,19
2016-12-15,8205.3,8207.15,8200.35,8206.2,10:50:00,8207.38700853381,3,20
2016-12-15,8209.7,8210.05,8202.0,8205.05,10:55:00,8207.60729343535,3,21
2016-12-15,8206.75,8210.15,8206.6,8209.55,11:00:00,8207.525646441507,3,22
2016-12-15,8205.55,8208.25,8204.8,8206.85,11:05:00,8207.337489637554,3,23
2016-12-15,8193.05,8206.75,8193.05,8205.75,11:10:00,8205.976776338739,3,24
2016-12-15,8185.75,8196.85,8184.65,8192.5,11:15:00,8204.05041668743,3,25
2016-12-15,8171.8,8185.4,8168.35,8185.4,11:20:00,8200.978948431486,3,26
2016-12-15,8175.35,8179.6,8165.95,8170.9,11:25:00,8198.538096199916,3,27
2016-12-15,8173.25,8178.85,8167.95,8175.5,11:30:00,8196.129706085638,3,28
2016-12-15,8162.4,8177.7,8160.5,8173.65,11:35:00,8192.9173531251,3,29
2016-12-15,8168.0,8171.85,8161.95,8162.45,11:40:00,8190.54427187509,3,30
2016-12-15,8172.75,8175.2,8166.95,8167.7,11:45:00,8188.849579315558,3,31
2016-12-15,8169.45,8172.65,8167.35,8172.65,11:50:00,8187.002000333125,3,32
2016-12-15,8163.5,8170.45,8161.7,8169.65,11:55:00,8184.763714587113,3,33
2016-12-15,8168.3,8168.35,8160.2,8163.55,12:00:00,8183.195741769293,3,34
2016-12-15,8167.0,8172.0,8166.8,8168.15,12:05:00,8181.653290172218,3,35
2016-12-15,8165.2,8167.15,8159.1,8166.9,12:10:00,8180.086310155816,3,36
2016-12-15,8169.35,8169.55,8161.45,8165.5,12:15:00,8179.063804426691,3,37
2016-12-15,8174.45,8174.45,8168.45,8168.9,12:20:00,8178.624394481291,3,38
2016-12-15,8177.15,8179.3,8173.25,8174.6,12:25:00,8178.483975959263,3,39
2016-12-15,8177.8,8180.95,8176.9,8176.9,12:30:00,8178.418835391714,3,40
2016-12-15,8188.4,8193.2,8177.7,8177.7,12:35:00,8179.369422497266,3,41
2016-12-15,8183.65,8191.65,8183.25,8189.0,12:40:00,8179.7770965451455,3,42
2016-12-15,8188.2,8188.7,8182.95,8183.7,12:45:00,8180.57927782656,3,43
2016-12-15,8179.8,8189.2,8179.8,8188.25,12:50:00,8180.505060890697,3,44
2016-12-15,8177.1,8180.8,8174.1,8180.25,12:55:00,8180.180769377297,3,45
2016-12-15,8175.7,8178.15,8174.85,8177.25,13:00:00,8179.754029436602,3,46
2016-12-15,8180.1,8185.05,8175.5,8176.25,13:05:00,8179.786979014068,3,47
2016-12-15,8182.45,8183.25,8178.75,8179.85,13:10:00,8180.040600060347,3,48
2016-12-15,8177.5,8183.0,8173.05,8182.75,13:15:00,8179.798638149838,3,49
2016-12-15,8183.6,8184.2,8177.75,8177.75,13:20:00,8180.160672611758,3,50
2016-12-15,8179.7,8183.95,8179.15,8183.35,13:25:00,8180.116799029685,3,51
2016-12-15,8190.0,8192.8,8177.45,8179.85,13:30:00,8181.058056264954,3,52
2016-12-15,8190.3,8193.85,8188.75,8190.1,13:35:00,8181.938241382577,3,53
2016-12-15,8186.6,8190.8,8185.65,8190.45,13:40:00,8182.38221839376,3,54
2016-12-15,8190.6,8193.9,8186.1,8186.55,13:45:00,8183.164864261021,3,55
2016-12-15,8196.55,8197.65,8190.9,8191.1,13:50:00,8184.439639093304,3,56
2016-12-15,8193.75,8200.55,8193.75,8196.6,13:55:00,8185.326340132037,3,57
2016-12-15,8189.55,8195.35,8188.45,8193.8,14:00:00,8185.728593452795,3,58
2016-12-15,8185.15,8192.2,8184.7,8189.8,14:05:00,8185.673489314433,3,59
2016-12-15,8176.0,8187.25,8174.9,8184.9,14:10:00,8184.752204617821,3,60
2016-12-15,8185.3,8186.55,8175.05,8176.6,14:15:00,8184.8043756066,3,61
2016-12-15,8184.45,8188.55,8181.6,8184.95,14:20:00,8184.770625548828,3,62
2016-12-15,8183.35,8187.35,8182.95,8184.6,14:25:00,8184.635327877511,3,63
2016-12-15,8181.05,8184.0,8178.45,8183.55,14:30:00,8184.293868079653,3,64
2016-12-15,8176.1,8182.65,8174.2,8181.2,14:35:00,8183.513499691115,3,65
2016-12-15,8167.6,8177.65,8165.7,8176.0,14:40:00,8181.997928291961,3,66
2016-12-15,8174.6,8176.45,8164.2,8167.55,14:45:00,8181.293363692726,3,67
2016-12-15,8177.1,8182.7,8173.45,8176.6,14:50:00,8180.89399572199,3,68
2016-12-15,8174.45,8180.9,8174.15,8177.55,14:55:00,8180.280281843705,3,69
2016-12-15,8161.0,8175.55,8158.7,8174.2,15:00:00,8178.444064525257,3,70
2016-12-15,8151.2,8161.35,8150.45,8160.9,15:05:00,8175.849391713328,3,71
2016-12-15,8150.8,8156.7,8150.0,8151.25,15:10:00,8173.463735359678,3,72
2016-12-15,8151.15,8152.4,8147.8,8150.9,15:15:00,8171.338617706376,3,73
2016-12-15,8150.45,8151.6,8148.2,8151.55,15:20:00,8169.349225543864,3,74
2016-12-15,8154.65,8157.0,8149.15,8150.3,15:25:00,8167.949299301591,3,75
2016-12-16,8154.0,8178.7,8151.65,8170.5,09:15:00,8166.620794606201,4,1
2016-12-16,8157.85,8159.2,8148.4,8154.1,09:20:00,8165.785480834183,4,2
2016-12-16,8145.7,8158.8,8145.7,8158.05,09:25:00,8163.872577897593,4,3
2016-12-16,8154.8,8154.85,8143.0,8145.65,09:30:00,8163.008522859727,4,4
2016-12-16,8156.6,8158.95,8153.85,8154.75,09:35:00,8162.398187349277,4,5
2016-12-16,8145.75,8156.35,8141.3,8156.35,09:40:00,8160.812645696964,4,6
2016-12-16,8150.05,8151.45,8144.9,8145.6,09:45:00,8159.787631821063,4,7
2016-12-16,8148.3,8153.35,8147.9,8149.9,09:50:00,8158.693571647628,4,8
2016-12-16,8146.15,8148.8,8144.3,8148.8,09:55:00,8157.498945776425,4,9
2016-12-16,8141.25,8146.2,8141.25,8145.95,10:00:00,8155.951427131052,4,10
2016-12-16,8139.1,8141.85,8133.65,8140.65,10:05:00,8154.346529309047,4,11
2016-12-16,8141.25,8143.3,8138.55,8139.3,10:10:00,8153.099240803423,4,12
2016-12-16,8142.4,8145.3,8140.9,8141.35,10:15:00,8152.080265488811,4,13
2016-12-16,8140.85,8143.85,8138.95,8142.1,10:20:00,8151.010716394639,4,14
2016-12-16,8137.4,8141.75,8136.75,8140.8,10:25:00,8149.7144576903875,4,15
2016-12-16,8139.9,8140.0,8135.95,8136.95,10:30:00,8148.77974743416,4,16
2016-12-16,8143.5,8143.5,8139.35,8139.45,10:35:00,8148.276914345192,4,17
2016-12-16,8142.0,8144.55,8140.05,8143.1,10:40:00,8147.679112978983,4,18
2016-12-16,8140.9,8144.35,8140.55,8142.05,10:45:00,8147.033483171461,4,19
2016-12-16,8134.3,8142.3,8133.85,8140.7,10:50:00,8145.820770488464,4,20
2016-12-16,8140.95,8141.0,8133.95,8134.1,10:55:00,8145.356887584801,4,21
2016-12-16,8143.85,8144.5,8139.55,8141.05,11:00:00,8145.213374481487,4,22
2016-12-16,8141.2,8144.45,8140.6,8144.1,11:05:00,8144.831148340394,4,23
2016-12-16,8144.55,8145.25,8139.95,8141.1,11:10:00,8144.804372307975,4,24
2016-12-16,8141.35,8146.05,8139.8,8144.4,11:15:00,8144.47538446912,4,25
2016-12-16,8140.6,8141.8,8139.6,8141.25,11:20:00,8144.106300233966,4,26
2016-12-16,8136.0,8140.55,8134.0,8140.5,11:25:00,8143.334271640255,4,27
2016-12-16,8136.55,8137.1,8132.9,8135.95,11:30:00,8142.68815053166,4,28
2016-12-16,8135.7,8137.6,8135.3,8136.25,11:35:00,8142.022612385787,4,29
2016-12-16,8134.95,8137.4,8134.85,8135.65,11:40:00,8141.349030253807,4,30
2016-12-16,8132.6,8135.15,8127.45,8134.85,11:45:00,8140.515789277255,4,31
2016-12-16,8135.1,8135.15,8131.65,8132.65,11:50:00,8139.999999822278,4,32
2016-12-16,8140.3,8141.25,8134.25,8134.85,11:55:00,8140.028571267775,4,33
2016-12-16,8139.9,8142.0,8137.6,8140.55,12:00:00,8140.01632638513,4,34
2016-12-16,8140.25,8142.25,8139.85,8139.85,12:05:00,8140.038581015117,4,35
2016-12-16,8137.2,8140.8,8137.2,8140.15,12:10:00,8139.768239966059,4,36
2016-12-16,8141.9,8142.85,8137.3,8137.3,12:15:00,8139.971264731196,4,37
2016-12-16,8128.85,8142.2,8128.85,8141.95,12:20:00,8138.912096661558,4,38
2016-12-16,8135.2,8136.35,8128.45,8129.2,12:25:00,8138.558563646171,4,39
2016-12-16,8134.1,8136.3,8132.85,8135.4,12:30:00,8138.133938537012,4,40
2016-12-16,8135.4,8136.45,8133.35,8134.5,12:35:00,8137.873563438249,4,41
2016-12-16,8138.95,8140.0,8134.45,8135.3,12:40:00,8137.976081206035,4,42
2016-12-16,8138.2,8140.45,8138.2,8138.9,12:45:00,8137.99740680546,4,43
2016-12-16,8141.0,8141.7,8138.15,8138.25,12:50:00,8138.283368062082,4,44
2016-12-16,8136.75,8141.75,8136.75,8140.95,12:55:00,8138.137333008551,4,45
2016-12-16,8139.65,8139.85,8135.3,8136.8,13:00:00,8138.281396531545,4,46
2016-12-16,8135.25,8139.75,8134.75,8139.7,13:05:00,8137.99269209997,4,47
2016-12-16,8140.1,8140.45,8134.75,8135.4,13:10:00,8138.193388090449,4,48
2016-12-16,8139.6,8142.2,8138.65,8139.7,13:15:00,8138.327351129454,4,49
2016-12-16,8137.4,8139.85,8133.1,8139.65,13:20:00,8138.239031974268,4,50
2016-12-16,8141.55,8142.1,8135.95,8137.5,13:25:00,8138.554362262433,4,51
2016-12-16,8148.1,8148.3,8140.25,8141.6,13:30:00,8139.463470618391,4,52
2016-12-16,8145.35,8149.1,8143.55,8147.75,13:35:00,8140.024092464259,4,53
2016-12-16,8140.45,8145.6,8138.6,8145.4,13:40:00,8140.06465508671,4,54
2016-12-16,8138.15,8141.2,8135.05,8140.6,13:45:00,8139.882306983214,4,55
2016-12-16,8137.75,8144.3,8137.25,8137.9,13:50:00,8139.67923012767,4,56
2016-12-16,8137.65,8138.4,8136.65,8137.45,13:55:00,8139.485970115511,4,57
2016-12-16,8142.8,8143.1,8137.25,8137.8,14:00:00,8139.801592009272,4,58
2016-12-16,8151.25,8156.55,8142.3,8142.85,14:05:00,8140.891916579818,4,59
2016-12-16,8143.8,8150.75,8142.9,8150.65,14:10:00,8141.16887690555,4,60
2016-12-16,8146.65,8149.4,8143.35,8144.0,14:15:00,8141.690888628831,4,61
2016-12-16,8152.05,8152.75,8145.75,8146.5,14:20:00,8142.67747066418,4,62
2016-12-16,8150.15,8155.35,8149.9,8151.75,14:25:00,8143.389140124734,4,63
2016-12-16,8149.7,8153.5,8146.4,8150.0,14:30:00,8143.990174398568,4,64
2016-12-16,8151.2,8153.25,8149.8,8149.85,14:35:00,8144.676824455848,4,65
2016-12-16,8138.45,8152.85,8138.45,8150.9,14:40:00,8144.083793555291,4,66
2016-12-16,8143.85,8145.55,8138.3,8138.55,14:45:00,8144.0615275024065,4,67
2016-12-16,8149.05,8151.4,8143.9,8143.9,14:50:00,8144.5366201212255,4,68
2016-12-16,8149.5,8153.1,8145.9,8148.95,14:55:00,8145.009322966823,4,69
2016-12-16,8139.65,8151.05,8139.35,8150.15,15:00:00,8144.498911255697,4,70
2016-12-16,8135.8,8140.25,8133.75,8140.25,15:05:00,8143.670443517059,4,71
2016-12-16,8137.15,8137.5,8134.0,8136.3,15:10:00,8143.049448896386,4,72
2016-12-16,8141.85,8141.9,8136.75,8137.7,15:15:00,8142.935215668159,4,73
2016-12-16,8140.8,8142.4,8136.95,8141.9,15:20:00,8142.731861795001,4,74
2016-12-16,8139.55,8142.75,8136.0,8140.6,15:25:00,8142.4288273383345,4,75
2016-12-19,8121.7,8124.6,8114.25,8123.4,09:15:00,8140.454653306112,0,1
2016-12-19,8114.65,8121.75,8112.0,8121.75,09:20:00,8137.997067276959,0,2
2016-12-19,8119.8,8120.8,8114.2,8114.6,09:25:00,8136.264013250581,0,3
2016-12-19,8115.65,8121.55,8112.95,8120.35,09:30:00,8134.300773893383,0,4
2016-12-19,8107.2,8116.15,8107.2,8115.85,09:35:00,8131.719747808299,0,5
2016-12-19,8116.25,8116.55,8105.35,8109.25,09:40:00,8130.246438493224,0,6
2016-12-19,8118.95,8119.6,8111.45,8115.75,09:45:00,8129.170587208155,0,7
2016-12-19,8117.55,8123.4,8117.25,8118.65,09:50:00,8128.063864616903,0,8
2016-12-19,8118.05,8119.0,8115.7,8117.6,09:55:00,8127.110163224816,0,9
2016-12-19,8113.55,8117.95,8111.2,8117.95,10:00:00,8125.818719108167,0,10
2016-12-19,8116.35,8117.45,8111.05,8113.85,10:05:00,8124.916936335961,0,11
2016-12-19,8121.4,8122.45,8116.05,8116.4,10:10:00,8124.58199001825,0,12
2016-12-19,8117.05,8121.85,8116.65,8121.6,10:15:00,8123.864657635559,0,13
2016-12-19,8116.7,8117.75,8114.45,8117.0,10:20:00,8123.1823092893155,0,14
2016-12-19,8117.05,8117.8,8115.55,8116.8,10:25:00,8122.598279833191,0,15
2016-12-19,8114.0,8117.05,8113.0,8116.3,10:30:00,8121.779396039553,0,16
2016-12-19,8120.35,8121.35,8112.95,8113.95,10:35:00,8121.643263083405,0,17
2016-12-19,8125.1,8125.45,8119.75,8120.4,10:40:00,8121.972476123081,0,18
2016-12-19,8129.8,8132.5,8123.9,8125.35,10:45:00,8122.717954587549,0,19
2016-12-19,8127.4,8130.25,8125.9,8129.85,10:50:00,8123.163863674448,0,20
2016-12-19,8125.65,8127.75,8124.95,8127.45,10:55:00,8123.400638562596,0,21
2016-12-19,8122.75,8125.75,8122.3,8125.75,11:00:00,8123.338672985206,0,22
2016-12-19,8119.95,8122.8,8119.95,8122.8,11:05:00,8123.015942224711,0,23
2016-12-19,8121.3,8121.45,8118.9,8119.7,11:10:00,8122.85251915569,0,24
2016-12-19,8124.0,8124.8,8120.05,8121.4,11:15:00,8122.961803045624,0,25
2016-12-19,8122.95,8124.1,8120.3,8123.9,11:20:00,8122.960678946041,0,26
2016-12-19,8124.0,8124.95,8122.75,8122.9,11:25:00,8123.05966190356,0,27
2016-12-19,8123.65,8124.45,8122.9,8124.05,11:30:00,8123.115884579412,0,28
2016-12-19,8124.45,8124.9,8122.75,8123.7,11:35:00,8123.242943190896,0,29
2016-12-19,8122.55,8126.0,8122.05,8124.55,11:40:00,8123.176948601286,0,30
2016-12-19,8121.2,8122.85,8119.35,8122.5,11:45:00,8122.988667782116,0,31
2016-12-19,8123.55,8123.65,8119.9,8120.75,11:50:00,8123.042127993343,0,32
2016-12-19,8122.3,8123.6,8121.4,8123.45,11:55:00,8122.971449136835,0,33
2016-12-19,8116.95,8122.5,8116.8,8122.5,12:00:00,8122.39797779047,0,34
2016-12-19,8119.35,8120.1,8115.65,8117.15,12:05:00,8122.107694191377,0,35
2016-12-19,8118.3,8119.85,8117.65,8119.45,12:10:00,8121.745056649342,0,36
2016-12-19,8121.45,8121.85,8118.15,8118.45,12:15:00,8121.716956016071,0,37
2016-12-19,8124.6,8125.1,8120.5,8121.35,12:20:00,8121.991531633587,0,38
2016-12-19,8121.9,8125.85,8121.8,8124.45,12:25:00,8121.982814335151,0,39
2016-12-19,8121.15,8122.55,8120.55,8122.0,12:30:00,8121.903498684183,0,40
2016-12-19,8121.9,8123.2,8120.75,8121.3,12:35:00,8121.903165476166,0,41
2016-12-19,8120.35,8121.95,8118.9,8121.95,12:40:00,8121.755244954626,0,42
2016-12-19,8120.6,8121.15,8119.45,8120.15,12:45:00,8121.645221625614,0,43
2016-12-19,8121.4,8121.75,8119.9,8120.4,12:50:00,8121.621867185079,0,44
2016-12-19,8119.5,8122.45,8119.25,8121.65,12:55:00,8121.419784596024,0,45
2016-12-19,8119.65,8120.0,8117.55,8119.45,13:00:00,8121.251233682117,0,46
2016-12-19,8119.85,8121.75,8119.1,8120.0,13:05:00,8121.117782855249,0,47
2016-12-19,8119.35,8121.15,8118.15,8120.0,13:10:00,8120.94942258332,0,48
2016-12-19,8116.85,8119.8,8116.15,8119.2,13:15:00,8120.559001384909,0,49
2016-12-19,8119.2,8119.35,8116.55,8116.55,13:20:00,8120.429572681584,0,50
2016-12-19,8119.5,8121.15,8118.0,8118.9,13:25:00,8120.341041950005,0,51
2016-12-19,8115.7,8120.2,8115.0,8119.65,13:30:00,8119.899037954767,0,52
2016-12-19,8118.4,8118.4,8115.1,8115.6,13:35:00,8119.756272435266,0,53
2016-12-19,8120.3,8120.45,8117.6,8118.1,13:40:00,8119.808056012859,0,54
2016-12-19,8118.85,8120.45,8118.05,8120.2,13:45:00,8119.716812583063,0,55
2016-12-19,8125.95,8128.25,8117.75,8118.9,13:50:00,8120.310449479914,0,56
2016-12-19,8122.6,8126.0,8122.4,8125.75,13:55:00,8120.528501910398,0,57
2016-12-19,8119.0,8123.4,8118.3,8122.4,14:00:00,8120.382930299884,0,58
2016-12-19,8116.25,8119.55,8116.05,8119.05,14:05:00,8119.989317890371,0,59
2016-12-19,8120.3,8120.35,8114.4,8115.9,14:10:00,8120.018906662717,0,60
2016-12-19,8120.25,8122.7,8119.75,8120.4,14:15:00,8120.040915551983,0,61
2016-12-19,8126.85,8129.7,8118.9,8120.2,14:20:00,8120.689399785127,0,62
2016-12-19,8124.05,8128.6,8123.05,8126.9,14:25:00,8121.009456948448,0,63
2016-12-19,8124.15,8125.5,8122.7,8123.85,14:30:00,8121.308556286692,0,64
2016-12-19,8123.2,8125.8,8122.3,8125.25,14:35:00,8121.488693783197,0,65
2016-12-19,8125.0,8125.35,8122.8,8123.25,14:40:00,8121.823103899083,0,66
2016-12-19,8119.95,8126.85,8119.45,8124.95,14:45:00,8121.644713051552,0,67
2016-12-19,8115.95,8121.6,8115.0,8119.6,14:50:00,8121.102359427594,0,68
2016-12-19,8117.15,8117.7,8114.7,8116.45,14:55:00,8120.725944244014,0,69
2016-12-19,8114.65,8117.7,8114.25,8117.05,15:00:00,8120.147282887441,0,70
2016-12-19,8111.1,8116.7,8111.1,8114.3,15:05:00,8119.285636898161,0,71
2016-12-19,8104.7,8112.0,8104.05,8110.95,15:10:00,8117.8965286221455,0,72
2016-12-19,8098.1,8105.0,8095.75,8104.45,15:15:00,8116.011144943846,0,73
2016-12-19,8097.25,8099.65,8094.85,8098.9,15:20:00,8114.224369234909,0,74
2016-12-19,8101.45,8103.8,8096.75,8097.7,15:25:00,8113.007762641108,0,75
2016-12-20,8120.9,8121.8,8098.2,8107.8,09:15:00,8113.759404294336,1,1
2016-12-20,8121.85,8124.1,8116.1,8120.3,09:20:00,8114.529937218685,1,2
2016-12-20,8119.8,8121.75,8113.2,8121.65,09:25:00,8115.031847959763,1,3
2016-12-20,8114.65,8119.7,8114.15,8119.7,09:30:00,8114.9954814874045,1,4
2016-12-20,8112.8,8114.75,8112.25,8114.55,09:35:00,8114.786388012413,1,5
2016-12-20,8112.1,8116.25,8111.9,8113.05,09:40:00,8114.53054153504,1,6
2016-12-20,8109.7,8112.5,8108.85,8112.5,09:45:00,8114.070489960275,1,7
2016-12-20,8113.7,8114.05,8108.15,8109.6,09:50:00,8114.035205202154,1,8
2016-12-20,8114.65,8115.2,8112.9,8113.85,09:55:00,8114.093757087663,1,9
2016-12-20,8112.9,8115.15,8112.25,8114.15,10:00:00,8113.980065936456,1,10
2016-12-20,8108.25,8112.6,8106.45,8112.55,10:05:00,8113.434345371079,1,11
2016-12-20,8109.5,8110.9,8106.75,8108.4,10:10:00,8113.059645811928,1,12
2016-12-20,8110.5,8111.65,8109.15,8109.6,10:15:00,8112.815870020316,1,13
2016-12-20,8105.95,8111.0,8103.2,8110.6,10:20:00,8112.161977637428,1,14
2016-12-20,8107.75,8107.75,8102.8,8105.9,10:25:00,8111.741789291007,1,15
2016-12-20,8108.95,8111.2,8107.4,8107.45,10:30:00,8111.475904596625,1,16
2016-12-20,8110.65,8112.7,8108.0,8109.1,10:35:00,8111.397247015994,1,17
2016-12-20,8108.75,8110.4,8106.65,8110.35,10:40:00,8111.145128252566,1,18
2016-12-20,8113.05,8113.7,8108.1,8108.65,10:45:00,8111.326544609465,1,19
2016-12-20,8110.9,8114.1,8110.45,8113.0,10:50:00,8111.285921313325,1,20
2016-12-20,8109.0,8112.65,8108.45,8111.05,10:55:00,8111.06821452158,1,21
2016-12-20,8111.5,8111.95,8108.3,8108.3,11:00:00,8111.109336948096,1,22
2016-12-20,8108.15,8112.6,8107.3,8111.25,11:05:00,8110.827495333991,1,23
2016-12-20,8104.8,8108.0,8101.9,8107.95,11:10:00,8110.253448159326,1,24
2016-12-20,8098.65,8104.7,8098.4,8104.65,11:15:00,8109.148357858437,1,25
2016-12-20,8089.0,8098.8,8085.8,8098.8,11:20:00,8107.229466633825,1,26
2016-12-20,8092.25,8093.2,8088.4,8089.2,11:25:00,8105.802850763936,1,27
2016-12-20,8081.9,8092.5,8080.45,8092.0,11:30:00,8103.526388786418,1,28
2016-12-20,8080.9,8084.1,8075.7,8082.15,11:35:00,8101.371494616284,1,29
2016-12-20,8084.05,8084.5,8080.95,8080.95,11:40:00,8099.721828462352,1,30
2016-12-20,8080.8,8084.3,8079.95,8084.0,11:45:00,8097.919749561176,1,31
2016-12-20,8082.0,8082.6,8079.7,8080.9,11:50:00,8096.403582936302,1,32
2016-12-20,8075.7,8082.4,8074.65,8081.6,11:55:00,8094.431813132845,1,33
2016-12-20,8079.3,8079.45,8075.7,8075.8,12:00:00,8092.990688072573,1,34
2016-12-20,8080.5,8084.45,8078.4,8079.05,12:05:00,8091.801098732328,1,35
2016-12-20,8080.9,8083.8,8080.25,8080.25,12:10:00,8090.762898853059,1,36
2016-12-20,8074.45,8081.2,8071.1,8081.05,12:15:00,8089.209289438481,1,37
2016-12-20,8077.3,8077.5,8074.65,8074.65,12:20:00,8088.075071396721,1,38
2016-12-20,8083.45,8084.45,8076.05,8077.35,12:25:00,8087.634588406558,1,39
2016-12-20,8086.85,8089.2,8083.35,8083.4,12:30:00,8087.5598657011715,1,40
2016-12-20,8084.25,8087.6,8083.3,8086.95,12:35:00,8087.244640396299,1,41
2016-12-20,8089.3,8091.7,8084.05,8084.05,12:40:00,8087.440388929985,1,42
2016-12-20,8084.5,8089.25,8084.2,8089.25,12:45:00,8087.160351889033,1,43
2016-12-20,8081.0,8084.85,8080.75,8084.6,12:50:00,8086.573651709125,1,44
2016-12-20,8078.8,8081.2,8078.65,8081.05,12:55:00,8085.833303927304,1,45
2016-12-20,8081.25,8081.8,8077.55,8078.7,13:00:00,8085.39679879137,1,46
2016-12-20,8079.7,8081.95,8077.8,8081.6,13:05:00,8084.854246525526,1,47
2016-12-20,8074.35,8080.05,8073.9,8079.85,13:10:00,8083.853842094523,1,48
2016-12-20,8077.6,8077.85,8073.8,8074.45,13:15:00,8083.258238085521,1,49
2016-12-20,8079.45,8081.0,8077.5,8077.7,13:20:00,8082.8955487440435,1,50
2016-12-20,8075.0,8079.55,8073.1,8079.4,13:25:00,8082.143591720802,1,51
2016-12-20,8076.25,8076.45,8072.45,8074.9,13:30:00,8081.582297271202,1,52
2016-12-20,8075.65,8076.35,8074.2,8076.3,13:35:00,8081.017316578707,1,53
2016-12-20,8069.35,8076.05,8069.0,8076.05,13:40:00,8079.906143571211,1,54
2016-12-20,8067.7,8069.65,8065.35,8069.65,13:45:00,8078.743653707286,1,55
2016-12-20,8077.45,8079.35,8062.75,8068.0,13:50:00,8078.620448592306,1,56
2016-12-20,8075.5,8077.8,8074.15,8077.25,13:55:00,8078.323263012087,1,57
2016-12-20,8073.0,8079.4,8073.0,8075.75,14:00:00,8077.816285582365,1,58
2016-12-20,8072.2,8074.4,8070.45,8073.05,14:05:00,8077.281401241186,1,59
2016-12-20,8075.5,8077.7,8072.15,8072.15,14:10:00,8077.111743980122,1,60
2016-12-20,8075.65,8080.15,8075.0,8075.4,14:15:00,8076.97253026773,1,61
2016-12-20,8074.05,8077.3,8072.2,8075.2,14:20:00,8076.694194051755,1,62
2016-12-20,8084.0,8084.15,8073.95,8073.95,14:25:00,8077.389985094445,1,63
2016-12-20,8087.85,8090.6,8084.55,8084.75,14:30:00,8078.386176990212,1,64
2016-12-20,8088.25,8093.65,8085.0,8087.7,14:35:00,8079.32558870543,1,65
2016-12-20,8082.25,8090.9,8081.45,8089.1,14:40:00,8079.604104066818,1,66
2016-12-20,8086.15,8089.1,8081.95,8081.95,14:45:00,8080.227522727121,1,67
2016-12-20,8080.65,8088.85,8079.05,8085.7,14:50:00,8080.267758657871,1,68
2016-12-20,8079.5,8084.2,8079.45,8080.35,14:55:00,8080.194638785693,1,69
2016-12-20,8075.5,8081.35,8075.5,8079.2,15:00:00,8079.747530329912,1,70
2016-12-20,8077.15,8078.05,8075.15,8075.15,15:05:00,8079.500146488968,1,71
2016-12-20,8076.35,8081.75,8075.35,8077.8,15:10:00,8079.200132537639,1,72
2016-12-20,8085.9,8087.2,8075.6,8076.65,15:15:00,8079.838215153101,1,73
2016-12-20,8086.6,8087.35,8083.55,8085.7,15:20:00,8080.48219466233,1,74
2016-12-20,8090.55,8093.25,8084.75,8085.85,15:25:00,8081.441033265917,1,75
2016-12-21,8095.7,8112.55,8093.25,8105.6,09:15:00,8082.799030097734,2,1
2016-12-21,8091.3,8095.45,8086.7,8094.9,09:20:00,8083.608646278903,2,2
2016-12-21,8078.2,8091.8,8075.85,8091.15,09:25:00,8083.093537109484,2,3
2016-12-21,8085.25,8086.15,8077.35,8079.25,09:30:00,8083.298914527628,2,4
2016-12-21,8084.3,8085.4,8076.05,8085.1,09:35:00,8083.394256001187,2,5
2016-12-21,8085.6,8086.45,8082.65,8083.95,09:40:00,8083.604326858217,2,6
2016-12-21,8097.2,8097.35,8085.55,8085.55,09:45:00,8084.89915287172,2,7
2016-12-21,8094.75,8098.45,8093.4,8097.35,09:50:00,8085.837328788699,2,8
2016-12-21,8090.3,8098.35,8089.75,8094.9,09:55:00,8086.262345094537,2,9
2016-12-21,8089.45,8091.8,8087.95,8090.35,10:00:00,8086.56593127601,2,10
2016-12-21,8090.15,8090.3,8086.8,8089.35,10:05:00,8086.907271154485,2,11
2016-12-21,8092.0,8093.2,8089.5,8090.05,10:10:00,8087.392292949296,2,12
2016-12-21,8092.3,8092.55,8087.9,8091.4,10:15:00,8087.859693620792,2,13
2016-12-21,8095.15,8095.15,8091.45,8092.35,10:20:00,8088.55400851405,2,14
2016-12-21,8093.2,8095.55,8092.7,8095.35,10:25:00,8088.996483893664,2,15
2016-12-21,8095.6,8096.95,8092.65,8093.3,10:30:00,8089.625390189505,2,16
2016-12-21,8102.25,8102.25,8094.9,8095.2,10:35:00,8090.827733980981,2,17
2016-12-21,8103.2,8104.3,8100.65,8102.0,10:40:00,8092.006045030412,2,18
2016-12-21,8102.15,8107.0,8100.1,8102.5,10:45:00,8092.972135979896,2,19
2016-12-21,8100.45,8102.35,8097.75,8101.85,10:50:00,8093.684313505621,2,20
2016-12-21,8095.0,8100.1,8095.0,8100.1,10:55:00,8093.809616981275,2,21
2016-12-21,8094.05,8095.35,8092.2,8094.75,11:00:00,8093.832510602107,2,22
2016-12-21,8090.8,8094.3,8089.45,8094.15,11:05:00,8093.543700068572,2,23
2016-12-21,8088.4,8091.85,8087.65,8090.9,11:10:00,8093.053823871565,2,24
2016-12-21,8092.3,8092.35,8087.85,8088.15,11:15:00,8092.982031121893,2,25
2016-12-21,8091.8,8093.3,8090.8,8091.8,11:20:00,8092.869456729331,2,26
2016-12-21,8091.25,8093.4,8090.75,8091.85,11:25:00,8092.715222755109,2,27
2016-12-21,8092.4,8093.4,8090.4,8091.15,11:30:00,8092.685201540336,2,28
2016-12-21,8090.55,8092.6,8088.6,8092.15,11:35:00,8092.481849012685,2,29
2016-12-21,8090.9,8092.05,8090.15,8090.8,11:40:00,8092.331196725763,2,30
2016-12-21,8093.75,8094.05,8089.8,8090.95,11:45:00,8092.466320847119,2,31
2016-12-21,8093.95,8095.75,8092.95,8093.55,11:50:00,8092.607623623585,2,32
2016-12-21,8093.75,8094.3,8092.1,8094.0,11:55:00,8092.71642137372,2,33
2016-12-21,8095.35,8095.75,8092.6,8093.6,12:00:00,8092.967238385747,2,34
2016-12-21,8094.95,8096.15,8094.55,8095.3,12:05:00,8093.1560728252,2,35
2016-12-21,8089.95,8095.2,8089.1,8094.9,12:10:00,8092.850732556133,2,36
2016-12-21,8091.85,8092.35,8089.15,8090.0,12:15:00,8092.755424693644,2,37
2016-12-21,8093.0,8093.3,8091.25,8091.25,12:20:00,8092.778717579964,2,38
2016-12-21,8098.2,8098.45,8093.15,8093.3,12:25:00,8093.295030191396,2,39
2016-12-21,8095.5,8098.15,8095.3,8098.15,12:30:00,8093.505027316025,2,40
2016-12-21,8094.5,8095.65,8093.15,8095.65,12:35:00,8093.59978661926,2,41
2016-12-21,8093.65,8094.95,8093.1,8094.65,12:40:00,8093.604568845997,2,42
2016-12-21,8094.15,8094.75,8093.1,8093.6,12:45:00,8093.656514670188,2,43
2016-12-21,8096.5,8096.7,8092.7,8093.5,12:50:00,8093.927322796837,2,44
2016-12-21,8095.2,8097.25,8095.1,8096.55,12:55:00,8094.048530149519,2,45
2016-12-21,8094.45,8095.5,8093.1,8095.15,13:00:00,8094.086765373374,2,46
2016-12-21,8092.9,8095.1,8092.7,8094.5,13:05:00,8093.973740099719,2,47
2016-12-21,8087.0,8092.95,8086.7,8092.75,13:10:00,8093.309574375937,2,48
2016-12-21,8089.4,8089.45,8085.75,8086.95,13:15:00,8092.937233959181,2,49
2016-12-21,8093.75,8095.4,8088.15,8089.65,13:20:00,8093.014640248783,2,50
2016-12-21,8101.1,8103.15,8093.6,8093.6,13:25:00,8093.784674510804,2,51
2016-12-21,8101.1,8102.05,8097.15,8100.95,13:30:00,8094.481372176442,2,52
2016-12-21,8095.75,8102.6,8095.75,8102.5,13:35:00,8094.602193873923,2,53
2016-12-21,8096.45,8098.25,8095.4,8095.8,13:40:00,8094.77817540974,2,54
2016-12-21,8098.0,8100.5,8096.35,8096.6,13:45:00,8095.0850158469075,2,55
2016-12-21,8095.5,8099.5,8094.95,8099.05,13:50:00,8095.124538147202,2,56
2016-12-21,8097.15,8098.35,8095.0,8095.2,13:55:00,8095.317439276039,2,57
2016-12-21,8100.35,8100.65,8096.85,8097.4,14:00:00,8095.796730773559,2,58
2016-12-21,8098.85,8101.0,8098.05,8100.05,14:05:00,8096.087518318935,2,59
2016-12-21,8104.45,8105.25,8098.8,8098.8,14:10:00,8096.883945145703,2,60
2016-12-21,8104.15,8109.55,8102.65,8106.0,14:15:00,8097.575950369922,2,61
2016-12-21,8103.1,8106.05,8101.55,8104.2,14:20:00,8098.102050334692,2,62
2016-12-21,8102.5,8104.8,8102.0,8102.95,14:25:00,8098.520902683769,2,63
2016-12-21,8096.65,8103.35,8094.85,8102.45,14:30:00,8098.342721475791,2,64
2016-12-21,8098.45,8099.4,8096.35,8096.35,14:35:00,8098.352938478097,2,65
2016-12-21,8098.15,8101.65,8096.95,8098.65,14:40:00,8098.333611003993,2,66
2016-12-21,8094.2,8099.65,8094.2,8098.1,14:45:00,8097.939933765517,2,67
2016-12-21,8085.7,8095.45,8085.55,8094.1,14:50:00,8096.774225787848,2,68
2016-12-21,8085.05,8087.05,8080.2,8085.75,14:55:00,8095.657632855672,2,69
2016-12-21,8067.85,8085.9,8067.45,8085.1,15:00:00,8093.009286869417,2,70
2016-12-21,8065.65,8069.05,8064.4,8067.65,15:05:00,8090.403640500901,2,71
2016-12-21,8057.9,8065.85,8057.05,8065.85,15:10:00,8087.308055691292,2,72
2016-12-21,8059.1,8059.2,8053.25,8057.7,15:15:00,8084.621574196883,2,73
2016-12-21,8056.1,8059.2,8053.85,8058.65,15:20:00,8081.90523379718,2,74
2016-12-21,8056.1,8061.8,8054.1,8056.3,15:25:00,8079.447592483163,2,75
2016-12-22,8040.25,8046.45,8037.65,8041.1,09:15:00,8075.714488437148,3,1
2016-12-22,8035.55,8041.25,8032.15,8040.05,09:20:00,8071.8892990621825,3,2
2016-12-22,8029.25,8035.4,8025.5,8035.4,09:25:00,8067.8284134372125,3,3
2016-12-22,8026.0,8032.7,8025.9,8028.9,09:30:00,8063.844755014621,3,4
2016-12-22,8021.25,8027.35,8020.25,8025.85,09:35:00,8059.788111679895,3,5
2016-12-22,8013.55,8023.35,8013.05,8020.9,09:40:00,8055.384481996096,3,6
2016-12-22,8008.45,8015.35,8006.8,8013.95,09:45:00,8050.9145313298,3,7
2016-12-22,8014.7,8018.0,8007.55,8008.25,09:50:00,8047.46552834601,3,8
2016-12-22,8014.0,8014.6,8006.45,8014.6,09:55:00,8044.278335170199,3,9
2016-12-22,8014.65,8017.6,8013.3,8013.9,10:00:00,8041.456588963514,3,10
2016-12-22,8002.6,8014.75,8001.75,8014.05,10:05:00,8037.755961443179,3,11
2016-12-22,8001.55,8006.45,8001.35,8002.9,10:10:00,8034.307774639067,3,12
2016-12-22,8002.85,8004.05,8001.3,8002.0,10:15:00,8031.311796102013,3,13
2016-12-22,8007.95,8010.25,8002.9,8002.95,10:20:00,8029.086863139917,3,14
2016-12-22,8003.5,8008.8,8001.9,8007.9,10:25:00,8026.650019031354,3,15
2016-12-22,8000.85,8006.05,8000.85,8003.45,10:30:00,8024.192874361701,3,16
2016-12-22,7992.4,8001.15,7991.7,8001.05,10:35:00,8021.164981565348,3,17
2016-12-22,7999.75,7999.95,7991.5,7992.3,10:40:00,8019.125459511505,3,18
2016-12-22,7999.95,8001.7,7999.2,7999.95,10:45:00,8017.299225272314,3,19
2016-12-22,7995.4,7999.65,7995.4,7999.4,10:50:00,8015.213584770188,3,20
2016-12-22,7995.45,7996.3,7993.1,7995.35,10:55:00,8013.3313386016,3,21
2016-12-22,8000.65,8000.85,7994.3,7995.35,11:00:00,8012.123592068114,3,22
2016-12-22,8001.45,8002.75,7999.95,8000.55,11:05:00,8011.1070594901985,3,23
2016-12-22,7996.55,8002.25,7996.35,8001.4,11:10:00,8009.720672872084,3,24
2016-12-22,7991.6,7997.35,7991.55,7996.6,11:15:00,8007.994894503315,3,25
2016-12-22,7993.3,7993.5,7988.95,7991.9,11:20:00,8006.595380741094,3,26
2016-12-22,7989.4,7994.25,7989.4,7993.1,11:25:00,8004.957725432419,3,27
2016-12-22,7987.8,7990.2,7986.05,7990.05,11:30:00,8003.323656343617,3,28
2016-12-22,7982.65,7988.25,7981.8,7988.2,11:35:00,8001.354736691844,3,29
2016-12-22,7988.25,7988.75,7981.6,7982.7,11:40:00,8000.106666530715,3,30
2016-12-22,7993.45,7996.05,7988.15,7988.2,11:45:00,7999.472698289695,3,31
2016-12-22,7997.4,7998.0,7992.95,7993.25,11:50:00,7999.27529845258,3,32
2016-12-22,7994.8,7997.6,7994.3,7997.15,11:55:00,7998.849079552334,3,33
2016-12-22,7996.1,7997.4,7993.9,7994.5,12:00:00,7998.587262452113,3,34
2016-12-22,7988.7,7996.4,7988.65,7996.25,12:05:00,7997.645618409054,3,35
2016-12-22,7988.1,7989.35,7986.95,7988.75,12:10:00,7996.736511893906,3,36
2016-12-22,7988.15,7989.85,7987.75,7987.75,12:15:00,7995.918748856391,3,37
2016-12-22,7985.6,7988.05,7985.6,7987.7,12:20:00,7994.936010870068,3,38
2016-12-22,7984.85,7985.65,7981.85,7985.65,12:25:00,7993.975438406252,3,39
2016-12-22,7984.7,7986.35,7982.65,7984.55,12:30:00,7993.092063319942,3,40
2016-12-22,7982.3,7985.1,7982.1,7984.25,12:35:00,7992.064247765662,3,41
2016-12-22,7982.85,7985.7,7981.15,7982.15,12:40:00,7991.186700359408,3,42
2016-12-22,7977.55,7983.1,7973.6,7982.45,12:45:00,7989.887966991845,3,43
2016-12-22,7979.2,7980.8,7977.05,7977.3,12:50:00,7988.870065373574,3,44
2016-12-22,7976.95,7980.85,7976.1,7979.5,12:55:00,7987.734821052281,3,45
2016-12-22,7978.75,7979.2,7975.4,7976.85,13:00:00,7986.879123809207,3,46
2016-12-22,7974.85,7979.95,7972.75,7978.25,13:05:00,7985.733492970235,3,47
2016-12-22,7975.1,7975.75,7973.25,7974.05,13:10:00,7984.720779354022,3,48
2016-12-22,7977.0,7979.55,7973.65,7975.15,13:15:00,7983.985467034591,3,49
2016-12-22,7975.4,7978.9,7972.0,7976.95,13:20:00,7983.167803507487,3,50
2016-12-22,7968.5,7975.3,7967.3,7975.3,13:25:00,7981.7708698401075,3,51
2016-12-22,7967.75,7970.15,7964.95,7968.4,13:30:00,7980.435548902954,3,52
2016-12-22,7974.35,7975.65,7966.75,7967.45,13:35:00,7979.8559728169585,3,53
2016-12-22,7978.25,7980.0,7973.25,7973.9,13:40:00,7979.703023024866,3,54
2016-12-22,7992.3,7992.4,7977.75,7977.75,13:45:00,7980.902735117736,3,55
2016-12-22,7990.15,7992.95,7984.45,7992.15,13:50:00,7981.783427011285,3,56
2016-12-22,7991.4,7994.0,7988.2,7990.05,13:55:00,7982.699291105448,3,57
2016-12-22,7985.3,7993.1,7984.95,7990.4,14:00:00,7982.946977666835,3,58
2016-12-22,7981.85,7987.35,7979.05,7985.1,14:05:00,7982.842503603327,3,59
2016-12-22,7979.4,7985.3,7978.2,7981.8,14:10:00,7982.514646117295,3,60
2016-12-22,7979.75,7984.95,7979.0,7979.3,14:15:00,7982.251346487077,3,61
2016-12-22,7980.15,7982.4,7976.75,7981.1,14:20:00,7982.051218250212,3,62
2016-12-22,7976.7,7982.55,7975.9,7980.1,14:25:00,7981.541578416859,3,63
2016-12-22,7976.05,7978.4,7971.3,7976.65,14:30:00,7981.018570948587,3,64
2016-12-22,7986.75,7987.8,7976.1,7976.2,14:35:00,7981.564421334436,3,65
2016-12-22,7987.7,7989.2,7984.95,7986.6,14:40:00,7982.148762159728,3,66
2016-12-22,7984.1,7993.15,7984.0,7987.55,14:45:00,7982.334594334991,3,67
2016-12-22,7982.6,7986.25,7978.75,7983.6,14:50:00,7982.359871064992,3,68
2016-12-22,7988.45,7989.45,7982.35,7982.35,14:55:00,7982.939883344517,3,69
2016-12-22,7970.35,7988.4,7969.1,7988.4,15:00:00,7981.740846835515,3,70
2016-12-22,7974.7,7975.35,7968.35,7970.65,15:05:00,7981.070289994038,3,71
2016-12-22,7979.2,7979.6,7971.9,7974.95,15:10:00,7980.892167137463,3,72
2016-12-22,7982.6,7982.85,7975.0,7979.8,15:15:00,7981.054817886276,3,73
2016-12-22,7985.35,7986.95,7982.2,7982.85,15:20:00,7981.463882849488,3,74
2016-12-22,7987.2,7989.95,7984.25,7985.25,15:25:00,7982.010179720965,3,75
2016-12-23,7956.85,7976.55,7955.5,7970.35,09:15:00,7979.613972128493,4,1
2016-12-23,7967.35,7967.65,7956.55,7956.7,09:20:00,7978.445974782922,4,2
2016-12-23,7984.25,7985.45,7964.65,7967.45,09:25:00,7978.99873908931,4,3
2016-12-23,7966.85,7984.55,7966.85,7984.55,09:30:00,7977.8417163189,4,4
2016-12-23,7963.65,7969.4,7963.65,7967.05,09:35:00,7976.490124288528,4,5
2016-12-23,7958.1,7964.05,7956.85,7963.7,09:40:00,7974.738683880098,4,6
2016-12-23,7956.9,7959.05,7950.6,7958.0,09:45:00,7973.039761605803,4,7
2016-12-23,7953.85,7958.65,7952.6,7956.3,09:50:00,7971.212165262393,4,8
2016-12-23,7943.9,7954.7,7942.05,7953.7,09:55:00,7968.611006665975,4,9
2016-12-23,7948.85,7949.7,7942.15,7943.75,10:00:00,7966.729006031121,4,10
2016-12-23,7949.05,7949.1,7945.05,7949.0,10:05:00,7965.0452911710145,4,11
2016-12-23,7947.95,7951.55,7947.6,7948.9,10:10:00,7963.417168202346,4,12
2016-12-23,7946.25,7948.05,7944.05,7947.9,10:15:00,7961.782199802123,4,13
2016-12-23,7943.35,7946.3,7942.2,7945.95,10:20:00,7960.02675220192,4,14
2016-12-23,7945.7,7946.45,7943.05,7943.25,10:25:00,7958.662299611262,4,15
2016-12-23,7948.35,7948.5,7943.85,7945.9,10:30:00,7957.680175838761,4,16
2016-12-23,7952.65,7954.9,7948.15,7948.15,10:35:00,7957.201111473164,4,17
2016-12-23,7952.7,7953.05,7950.8,7952.7,10:40:00,7956.772434190005,4,18
2016-12-23,7948.3,7953.25,7946.25,7952.75,10:45:00,7955.965535695719,4,19
2016-12-23,7951.0,7952.25,7947.95,7948.1,10:50:00,7955.492627534222,4,20
2016-12-23,7963.5,7963.55,7951.15,7951.15,10:55:00,7956.255234435725,4,21
2016-12-23,7967.55,7967.6,7961.15,7963.05,11:00:00,7957.330926394227,4,22
2016-12-23,7962.55,7969.75,7962.0,7967.5,11:05:00,7957.827981023348,4,23
2016-12-23,7965.4,7965.5,7961.45,7962.5,11:10:00,7958.549125687791,4,24
2016-12-23,7969.9,7971.95,7964.6,7965.35,11:15:00,7959.630161336572,4,25
2016-12-23,7969.6,7970.7,7967.9,7969.8,11:20:00,7960.579669780708,4,26
2016-12-23,7972.05,7976.45,7968.85,7969.5,11:25:00,7961.672082182546,4,27
2016-12-23,7980.85,7980.85,7972.2,7972.25,11:30:00,7963.498550546113,4,28
2016-12-23,7985.4,7985.55,7980.65,7981.15,11:35:00,7965.584402875054,4,29
2016-12-23,7986.6,7990.65,7984.85,7985.05,11:40:00,7967.585888315525,4,30
2016-12-23,7983.45,7988.9,7982.1,7987.05,11:45:00,7969.096756094998,4,31
2016-12-23,7981.25,7984.75,7980.8,7984.0,11:50:00,7970.254207895475,4,32
2016-12-23,7977.1,7981.2,7975.1,7981.2,11:55:00,7970.906188095906,4,33
2016-12-23,7982.6,7983.6,7976.15,7977.15,12:00:00,7972.019884467724,4,34
2016-12-23,7990.15,7991.1,7982.15,7982.5,12:05:00,7973.746562137464,4,35
2016-12-23,7982.25,7991.2,7982.25,7990.2,12:10:00,7974.5564133624675,4,36
2016-12-23,7983.35,7983.9,7981.35,7982.6,12:15:00,7975.393897804137,4,37
2016-12-23,7985.5,7987.6,7982.45,7982.45,12:20:00,7976.356383727552,4,38
2016-12-23,7982.1,7987.55,7981.15,7985.2,12:25:00,7976.903394801118,4,39
2016-12-23,7979.35,7982.85,7977.95,7982.0,12:30:00,7977.136404820059,4,40
2016-12-23,7982.05,7983.05,7978.8,7979.2,12:35:00,7977.604366265768,4,41
2016-12-23,7983.05,7983.55,7981.05,7981.95,12:40:00,7978.12299804998,4,42
2016-12-23,7987.4,7988.8,7982.15,7982.95,12:45:00,7979.00652204522,4,43
2016-12-23,7988.75,7991.25,7987.05,7987.25,12:50:00,7979.934472326627,4,44
2016-12-23,7984.15,7988.6,7983.35,7988.6,12:55:00,7980.335951152662,4,45
2016-12-23,7990.05,7991.4,7983.95,7983.95,13:00:00,7981.261098661932,4,46
2016-12-23,7995.3,7998.6,7989.4,7990.2,13:05:00,7982.598136884605,4,47
2016-12-23,7996.35,7997.35,7994.3,7995.0,13:10:00,7983.90783813369,4,48
2016-12-23,8005.75,8005.8,7996.25,7996.6,13:15:00,7985.988044025719,4,49
2016-12-23,8015.15,8015.15,8004.35,8006.05,13:20:00,7988.765373166127,4,50
2016-12-23,8017.85,8022.6,8014.7,8014.7,13:25:00,7991.535337626496,4,51
2016-12-23,8007.0,8018.25,8005.55,8018.25,13:30:00,7993.008162614448,4,52
2016-12-23,8014.2,8016.85,8003.4,8006.55,13:35:00,7995.026432841643,4,53
2016-12-23,8005.4,8019.3,8005.4,8015.35,13:40:00,7996.01439161863,4,54
2016-12-23,8004.25,8006.4,8001.45,8005.85,13:45:00,7996.798735273998,4,55
2016-12-23,8006.05,8010.5,8002.8,8004.2,13:50:00,7997.6798081050465,4,56
2016-12-23,8005.7,8011.55,8005.45,8006.0,13:55:00,7998.443635904566,4,57
2016-12-23,8009.0,8013.6,8005.55,8005.75,14:00:00,7999.449003913654,4,58
2016-12-23,8006.15,8012.65,8004.75,8008.9,14:05:00,8000.087194017116,4,59
2016-12-23,7991.05,8008.5,7991.05,8005.75,14:10:00,7999.226508872629,4,60
2016-12-23,7996.15,8000.1,7990.65,7991.5,14:15:00,7998.933508027616,4,61
2016-12-23,7994.9,7999.3,7994.5,7995.8,14:20:00,7998.549364405939,4,62
2016-12-23,7991.1,7996.7,7990.3,7996.7,14:25:00,7997.839901129183,4,63
2016-12-23,7986.65,7993.0,7983.7,7991.25,14:30:00,7996.774196259737,4,64
2016-12-23,7983.85,7989.3,7979.7,7987.2,14:35:00,7995.543320425477,4,65
2016-12-23,7988.15,7989.85,7983.5,7983.5,14:40:00,7994.839194670669,4,66
2016-12-23,7983.45,7989.55,7983.45,7988.5,14:45:00,7993.754509463938,4,67
2016-12-23,7986.2,7987.35,7980.5,7983.15,14:50:00,7993.035032372134,4,68
2016-12-23,7996.25,7997.05,7987.75,7989.0,14:55:00,7993.341219765264,4,69
2016-12-23,7984.8,7997.35,7984.65,7997.0,15:00:00,7992.52777026381,4,70
2016-12-23,7980.55,7985.7,7980.25,7984.95,15:05:00,7991.387030238686,4,71
2016-12-23,7983.0,7983.95,7979.25,7980.25,15:10:00,7990.588265454049,4,72
2016-12-23,7984.05,7990.3,7982.9,7983.25,15:15:00,7989.965573506044,4,73
2016-12-23,7983.95,7987.9,7983.05,7984.4,15:20:00,7989.392661743564,4,74
2016-12-23,7989.85,7992.85,7982.65,7984.4,15:25:00,7989.436217767986,4,75
2016-12-26,7949.2,7964.1,7945.2,7964.1,09:15:00,7985.604197028178,0,1
2016-12-26,7937.55,7949.45,7936.2,7949.0,09:20:00,7981.027606835018,0,2
2016-12-26,7928.55,7937.9,7927.2,7937.6,09:25:00,7976.029739517397,0,3
2016-12-26,7902.7,7928.2,7901.7,7928.2,09:30:00,7969.045954801455,0,4
2016-12-26,7907.55,7915.7,7901.05,7902.5,09:35:00,7963.189197201317,0,5
2016-12-26,7895.6,7910.45,7893.8,7907.45,09:40:00,7956.752130801192,0,6
2016-12-26,7907.35,7914.8,7894.7,7895.45,09:45:00,7952.047165962983,0,7
2016-12-26,7916.15,7916.25,7906.65,7907.65,09:50:00,7948.628388252223,0,8
2016-12-26,7923.25,7925.25,7915.95,7915.95,09:55:00,7946.211398894868,0,9
2016-12-26,7916.3,7924.05,7915.3,7923.15,10:00:00,7943.362694238213,0,10
2016-12-26,7918.0,7918.4,7910.1,7916.05,10:05:00,7940.94719954886,0,11
2016-12-26,7925.2,7929.9,7917.85,7918.2,10:10:00,7939.447466258493,0,12
2016-12-26,7919.35,7926.5,7915.9,7925.45,10:15:00,7937.533421852922,0,13
2016-12-26,7916.95,7919.85,7916.55,7919.05,10:20:00,7935.573095962168,0,14
2016-12-26,7917.65,7917.7,7914.4,7917.1,10:25:00,7933.866134441962,0,15
2016-12-26,7918.7,7921.0,7917.1,7917.5,10:30:00,7932.421740685584,0,16
2016-12-26,7914.35,7920.95,7913.5,7919.0,10:35:00,7930.7006225250525,0,17
2016-12-26,7913.05,7914.9,7911.45,7914.4,10:40:00,7929.019610856,0,18
2016-12-26,7915.7,7917.0,7912.45,7912.9,10:45:00,7927.751076488762,0,19
2016-12-26,7917.4,7917.95,7914.4,7916.0,10:50:00,7926.765259680309,0,20
2016-12-26,7914.0,7919.25,7914.0,7917.55,10:55:00,7925.549520663137,0,21
2016-12-26,7915.9,7916.0,7912.75,7914.1,11:00:00,7924.630518695219,0,22
2016-12-26,7921.85,7921.9,7915.95,7915.95,11:05:00,7924.365707390912,0,23
2016-12-26,7912.3,7921.8,7911.5,7921.8,11:10:00,7923.216592401302,0,24
2016-12-26,7912.6,7915.5,7911.1,7912.15,11:15:00,7922.205488363082,0,25
2016-12-26,7911.9,7913.3,7908.85,7912.15,11:20:00,7921.224013280883,0,26
2016-12-26,7912.7,7913.2,7909.5,7911.5,11:25:00,7920.412202492227,0,27
2016-12-26,7906.65,7912.45,7905.45,7912.45,11:30:00,7919.101516540586,0,28
2016-12-26,7908.55,7910.35,7904.45,7906.55,11:35:00,7918.096610203387,0,29
2016-12-26,7908.05,7908.8,7905.85,7908.65,11:40:00,7917.139790184016,0,30
2016-12-26,7908.25,7908.55,7905.55,7907.65,11:45:00,7916.293143499824,0,31
2016-12-26,7908.0,7911.2,7906.45,7908.85,11:50:00,7915.503320309364,0,32
2016-12-26,7901.65,7909.75,7900.5,7907.55,11:55:00,7914.183956470377,0,33
2016-12-26,7903.4,7904.65,7899.2,7901.2,12:00:00,7913.156912997008,0,34
2016-12-26,7900.5,7907.05,7900.5,7903.15,12:05:00,7911.951492711579,0,35
2016-12-26,7901.05,7901.55,7897.8,7900.45,12:10:00,7910.913255310476,0,36
2016-12-26,7903.0,7903.55,7896.1,7901.15,12:15:00,7910.159611947574,0,37
2016-12-26,7905.45,7905.5,7902.0,7902.7,12:20:00,7909.711077476377,0,38
2016-12-26,7903.65,7905.25,7901.35,7905.25,12:25:00,7909.133832002437,0,39
2016-12-26,7910.05,7910.55,7902.45,7903.75,12:30:00,7909.221086097443,0,40
2016-12-26,7913.75,7916.9,7909.25,7909.85,12:35:00,7909.65241123102,0,41
2016-12-26,7915.55,7917.05,7911.85,7914.0,12:40:00,7910.214086351875,0,42
2016-12-26,7915.7,7919.35,7913.7,7915.6,12:45:00,7910.736554318363,0,43
2016-12-26,7915.75,7918.4,7914.8,7915.95,12:50:00,7911.214025335662,0,44
2016-12-26,7908.35,7915.55,7907.25,7915.5,12:55:00,7910.94126101798,0,45
2016-12-26,7913.3,7913.85,7907.25,7907.95,13:00:00,7911.165902825791,0,46
2016-12-26,7915.6,7916.25,7913.1,7913.2,13:05:00,7911.588197794764,0,47
2016-12-26,7916.5,7917.7,7910.7,7915.55,13:10:00,7912.055988480976,0,48
2016-12-26,7917.4,7918.1,7913.4,7916.95,13:15:00,7912.564941958979,0,49
2016-12-26,7927.0,7932.9,7916.1,7917.2,13:20:00,7913.939709391457,0,50
2016-12-26,7933.4,7938.95,7923.0,7927.3,13:25:00,7915.793070401794,0,51
2016-12-26,7922.55,7936.4,7920.9,7934.55,13:30:00,7916.436587506385,0,52
2016-12-26,7920.45,7924.25,7917.0,7920.0,13:35:00,7916.818817267682,0,53
2016-12-26,7922.7,7926.55,7920.05,7920.3,13:40:00,7917.378929908856,0,54
2016-12-26,7923.35,7926.6,7921.2,7923.3,13:45:00,7917.94760325087,0,55
2016-12-26,7931.2,7934.0,7922.9,7923.7,13:50:00,7919.209736274597,0,56
2016-12-26,7932.85,7935.85,7929.75,7930.55,13:55:00,7920.50880901035,0,57
2016-12-26,7929.5,7935.85,7927.4,7935.05,14:00:00,7921.365112914126,0,58
2016-12-26,7927.05,7932.3,7923.45,7929.35,14:05:00,7921.906530731828,0,59
2016-12-26,7923.0,7930.05,7919.15,7927.0,14:10:00,7922.01067066213,0,60
2016-12-26,7928.7,7929.7,7922.4,7922.85,14:15:00,7922.64774964669,0,61
2016-12-26,7928.35,7934.35,7927.9,7928.5,14:20:00,7923.190821108909,0,62
2016-12-26,7927.4,7931.95,7926.5,7928.85,14:25:00,7923.591695289014,0,63
2016-12-26,7920.8,7929.25,7915.35,7927.7,14:30:00,7923.3258195472035,0,64
2016-12-26,7916.65,7925.6,7913.35,7920.6,14:35:00,7922.690027209374,0,65
2016-12-26,7919.1,7920.85,7915.15,7916.3,14:40:00,7922.3481198561,0,66
2016-12-26,7915.8,7923.3,7912.75,7919.25,14:45:00,7921.724489393614,0,67
2016-12-26,7917.3,7920.3,7911.85,7915.85,14:50:00,7921.303109451364,0,68
2016-12-26,7913.6,7918.9,7911.4,7918.9,14:55:00,7920.569479979806,0,69
2016-12-26,7911.2,7917.7,7910.65,7913.0,15:00:00,7919.677148553157,0,70
2016-12-26,7906.1,7912.05,7901.95,7911.15,15:05:00,7918.384086786189,0,71
2016-12-26,7908.9,7910.7,7903.85,7906.0,15:10:00,7917.4808404256,0,72
2016-12-26,7910.05,7910.15,7905.35,7909.2,15:15:00,7916.773141337448,0,73
2016-12-26,7910.2,7912.35,7908.75,7910.2,15:20:00,7916.147127876738,0,74
2016-12-26,7912.45,7914.55,7909.05,7909.85,15:25:00,7915.795020459906,0,75
2016-12-27,7924.25,7935.6,7919.65,7919.65,09:15:00,7916.600256606582,1,1
2016-12-27,7914.3,7923.65,7904.65,7923.65,09:20:00,7916.381184548813,1,2
2016-12-27,7916.3,7924.25,7914.4,7914.6,09:25:00,7916.373452687021,1,3
2016-12-27,7912.6,7916.15,7910.75,7916.05,09:30:00,7916.014076240638,1,4
2016-12-27,7912.05,7915.4,7905.2,7912.35,09:35:00,7915.6365451701,1,5
2016-12-27,7908.65,7912.2,7903.7,7911.95,09:40:00,7914.9711599158045,1,6
2017-01-02,8174.4,8208.3,8168.8,8208.3,09:15:00,7939.678668495251,0,1
2017-01-02,8169.4,8174.9,8164.4,8174.6,09:20:00,7961.556890543323,0,2
2017-01-02,8150.55,8171.5,8150.55,8169.5,09:25:00,7979.556234301101,0,3
2017-01-02,8161.0,8161.2,8141.0,8150.05,09:30:00,7996.836592939092,0,4
2017-01-02,8165.3,8167.75,8154.3,8161.05,09:35:00,8012.880726944893,0,5
2017-01-02,8163.65,8165.95,8157.65,8164.75,09:40:00,8027.239705331093,0,6
2017-01-02,8156.3,8163.8,8153.55,8163.6,09:45:00,8039.531161966228,0,7
2017-01-02,8157.3,8157.75,8153.25,8156.2,09:50:00,8050.747241778968,0,8
2017-01-02,8157.9,8162.9,8156.95,8157.25,09:55:00,8060.952266371447,0,9
2017-01-02,8159.2,8161.35,8156.7,8157.75,10:00:00,8070.30919338369,0,10
2017-01-02,8157.0,8161.05,8156.05,8160.0,10:05:00,8078.565460680482,0,11
2017-01-02,8154.8,8157.05,8152.6,8157.05,10:10:00,8085.825892996626,0,12
2017-01-02,8155.35,8156.9,8153.45,8155.15,10:15:00,8092.447236520757,0,13
2017-01-02,8159.35,8160.15,8155.35,8155.45,10:20:00,8098.818928280684,0,14
2017-01-02,8157.45,8161.8,8157.45,8159.7,10:25:00,8104.402839873,0,15
2017-01-02,8151.3,8158.0,8150.9,8157.6,10:30:00,8108.869236075571,0,16
2017-01-02,8145.6,8151.35,8144.3,8151.15,10:35:00,8112.367404068374,0,17
2017-01-02,8147.6,8148.75,8145.6,8146.1,10:40:00,8115.722889395195,0,18
2017-01-02,8138.15,8148.65,8135.75,8148.1,10:45:00,8117.858804690891,0,19
2017-01-02,8140.8,8141.65,8133.8,8138.1,10:50:00,8120.043680434615,0,20
2017-01-02,8142.05,8142.75,8136.35,8140.85,10:55:00,8122.139520393223,0,21
2017-01-02,8143.55,8145.35,8140.4,8141.9,11:00:00,8124.178613689107,0,22
2017-01-02,8147.75,8147.75,8142.45,8143.65,11:05:00,8126.423507623478,0,23
2017-01-02,8146.8,8149.1,8145.4,8147.8,11:10:00,8128.3641259450515,0,24
2017-01-02,8141.95,8147.45,8141.75,8146.95,11:15:00,8129.65801871219,0,25
2017-01-02,8139.2,8142.0,8137.5,8142.0,11:20:00,8130.566778834838,0,26
2017-01-02,8146.05,8146.15,8138.65,8138.65,11:25:00,8132.041371326758,0,27
2017-01-02,8147.4,8148.2,8144.35,8146.2,11:30:00,8133.504097867067,0,28
2017-01-02,8149.9,8150.15,8147.15,8147.3,11:35:00,8135.065612355917,0,29
2017-01-02,8154.2,8155.25,8149.65,8149.95,11:40:00,8136.8879349886865,0,30
2017-01-02,8158.65,8159.05,8154.05,8154.05,11:45:00,8138.960512608812,0,31
2017-01-02,8158.3,8158.8,8156.15,8158.55,11:50:00,8140.80236855083,0,32
2017-01-02,8152.6,8158.55,8151.7,8158.45,11:55:00,8141.92595249837,0,33
2017-01-02,8150.65,8152.95,8150.4,8152.5,12:00:00,8142.756814165192,0,34
2017-01-02,8149.3,8151.65,8148.15,8150.6,12:05:00,8143.379974720888,0,35
2017-01-02,8150.3,8151.25,8146.4,8149.15,12:10:00,8144.03902474747,0,36
2017-01-02,8147.35,8151.15,8146.7,8150.85,12:15:00,8144.354355723901,0,37
2017-01-02,8146.35,8148.2,8145.5,8147.45,12:20:00,8144.544417083529,0,38
2017-01-02,8148.6,8149.4,8144.95,8145.75,12:25:00,8144.930663075574,0,39
2017-01-02,8148.65,8150.3,8146.75,8148.5,12:30:00,8145.284885639805,0,40
2017-01-02,8151.95,8152.3,8148.55,8148.75,12:35:00,8145.919658436014,0,41
2017-01-02,8156.45,8157.75,8151.8,8152.15,12:40:00,8146.922548108775,0,42
2017-01-02,8152.4,8157.7,8150.35,8156.6,12:45:00,8147.444210193654,0,43
2017-01-02,8154.65,8156.9,8152.05,8152.35,12:50:00,8148.130475889497,0,44
2017-01-02,8155.9,8156.15,8152.5,8154.6,12:55:00,8148.870430566688,0,45
2017-01-02,8160.7,8162.25,8155.85,8156.05,13:00:00,8149.997056227003,0,46
2017-01-02,8157.6,8161.45,8157.5,8160.35,13:05:00,8150.721146110146,0,47
2017-01-02,8165.35,8166.55,8157.25,8157.25,13:10:00,8152.114370290132,0,48
2017-01-02,8162.8,8166.4,8160.8,8165.8,13:15:00,8153.132049310119,0,49
2017-01-02,8167.15,8167.85,8163.45,8163.5,13:20:00,8154.467092232965,0,50
2017-01-02,8170.2,8171.5,8165.6,8166.8,13:25:00,8155.965464401254,0,51
2017-01-02,8177.95,8180.4,8165.7,8170.65,13:30:00,8158.059229696373,0,52
2017-01-02,8174.0,8179.55,8172.55,8177.8,13:35:00,8159.577398296719,0,53
2017-01-02,8175.8,8177.8,8170.85,8173.7,13:40:00,8161.122407982746,0,54
2017-01-02,8182.1,8182.55,8175.05,8175.55,13:45:00,8163.120273889152,0,55
2017-01-02,8179.45,8182.95,8178.65,8181.8,13:50:00,8164.675485899708,0,56
2017-01-02,8178.1,8180.65,8175.75,8179.8,13:55:00,8165.954011052117,0,57
2017-01-02,8183.6,8183.85,8178.0,8178.0,14:00:00,8167.634581428106,0,58
2017-01-02,8190.75,8191.5,8183.65,8183.65,14:05:00,8169.836049863524,0,59
2017-01-02,8192.45,8195.6,8189.9,8190.8,14:10:00,8171.989759400331,0,60
2017-01-02,8193.65,8199.0,8192.0,8192.05,14:15:00,8174.052639457443,0,61
2017-01-02,8184.25,8195.1,8183.1,8193.45,14:20:00,8175.023816651972,0,62
2017-01-02,8192.2,8194.15,8183.45,8184.35,14:25:00,8176.659643637498,0,63
2017-01-02,8198.0,8201.8,8191.95,8192.6,14:30:00,8178.692058529165,0,64
2017-01-02,8191.15,8199.2,8189.4,8198.05,14:35:00,8179.878529145436,0,65
2017-01-02,8186.25,8194.85,8185.7,8191.8,14:40:00,8180.48533589349,0,66
2017-01-02,8182.2,8187.1,8171.65,8185.8,14:45:00,8180.648637236967,0,67
2017-01-02,8183.5,8186.6,8179.55,8182.0,14:50:00,8180.920195595351,0,68
2017-01-02,8188.1,8188.1,8182.05,8183.7,14:55:00,8181.603986491032,0,69
2017-01-02,8177.95,8188.6,8177.95,8187.95,15:00:00,8181.2559877776,0,70
2017-01-02,8181.9,8185.1,8177.7,8177.9,15:05:00,8181.317322274972,0,71
2017-01-02,8178.3,8182.4,8176.6,8182.4,15:10:00,8181.029958248784,0,72
2017-01-02,8179.05,8181.0,8176.35,8178.25,15:15:00,8180.841390796519,0,73
2017-01-02,8178.1,8179.2,8176.05,8178.9,15:20:00,8180.580305958755,0,74
2017-01-02,8179.2,8179.2,8173.6,8178.05,15:25:00,8180.448848248398,0,75
2017-01-03,8196.05,8196.05,8196.05,8196.05,09:10:00,8181.93467222474,1,1
2017-01-03,8164.35,8196.05,8163.15,8196.05,09:15:00,8180.259941536669,1,2
2017-01-03,8156.75,8164.6,8155.3,8163.45,09:20:00,8178.020899485557,1,3
2017-01-03,8160.8,8163.35,8151.75,8156.5,09:25:00,8176.380813820266,1,4
2017-01-03,8150.5,8160.6,8149.4,8160.4,09:30:00,8173.915974408812,1,5
2017-01-03,8155.55,8156.55,8148.65,8150.7,09:35:00,8172.166833988926,1,6
2017-01-03,8155.9,8160.15,8153.2,8155.05,09:40:00,8170.617611704266,1,7
2017-01-03,8160.55,8161.15,8150.8,8155.85,09:45:00,8169.658791541955,1,8
2017-01-03,8168.7,8171.55,8157.9,8160.2,09:50:00,8169.567478061768,1,9
2017-01-03,8172.85,8176.45,8167.95,8168.95,09:55:00,8169.880099198743,1,10
2017-01-03,8166.9,8180.2,8166.1,8172.75,10:00:00,8169.596280227434,1,11
2017-01-03,8177.05,8177.05,8166.7,8166.9,10:05:00,8170.306158301012,1,12
2017-01-03,8185.5,8185.5,8173.05,8176.25,10:10:00,8171.753190843773,1,13
2017-01-03,8183.9,8187.65,8182.1,8185.15,10:15:00,8172.910029811033,1,14
2017-01-03,8182.7,8187.55,8181.9,8183.65,10:20:00,8173.842407924269,1,15
2017-01-03,8186.45,8187.2,8181.4,8182.4,10:25:00,8175.0431309791,1,16
2017-01-03,8189.1,8189.1,8184.4,8186.6,10:30:00,8176.381880409663,1,17
2017-01-03,8191.1,8194.7,8188.9,8189.2,10:35:00,8177.783606084933,1,18
2017-01-03,8190.6,8191.7,8188.05,8191.05,10:40:00,8179.004215029226,1,19
2017-01-03,8188.3,8192.6,8186.45,8190.75,10:45:00,8179.889527883584,1,20
2017-01-03,8189.6,8190.65,8185.05,8189.0,10:50:00,8180.814334751814,1,21
2017-01-03,8191.4,8193.4,8188.8,8189.35,10:55:00,8181.82249334688,1,22
2017-01-03,8199.05,8199.15,8190.75,8191.1,11:00:00,8183.463208266225,1,23
2017-01-03,8203.9,8205.75,8198.55,8198.9,11:05:00,8185.409569383727,1,24
2017-01-03,8205.05,8207.2,8202.5,8203.6,11:10:00,8187.280086585277,1,25
2017-01-03,8204.15,8206.85,8203.05,8205.05,11:15:00,8188.886745005726,1,26
2017-01-03,8208.75,8210.85,8204.85,8204.85,11:20:00,8190.778483576609,1,27
2017-01-03,8212.0,8214.55,8208.6,8209.05,11:25:00,8192.799580378836,1,28
2017-01-03,8209.3,8212.15,8207.55,8212.05,11:30:00,8194.371048914185,1,29
2017-01-03,8212.3,8213.1,8209.0,8209.25,11:35:00,8196.078568065215,1,30
2017-01-03,8204.7,8212.7,8203.95,8212.7,11:40:00,8196.89965682091,1,31
2017-01-03,8195.6,8204.85,8195.2,8204.7,11:45:00,8196.775879980823,1,32
2017-01-03,8205.3,8205.5,8195.1,8195.45,11:50:00,8197.587700935032,1,33
2017-01-03,8203.05,8206.2,8202.7,8205.25,11:55:00,8198.1079198936,1,34
2017-01-03,8206.65,8209.2,8202.75,8203.05,12:00:00,8198.921451332306,1,35
2017-01-03,8207.2,8208.1,8205.6,8206.7,12:05:00,8199.709884538754,1,36
2017-01-03,8206.6,8207.75,8205.6,8207.1,12:10:00,8200.366086011254,1,37
2017-01-03,8208.15,8208.65,8205.65,8206.55,12:15:00,8201.10741115304,1,38
2017-01-03,8207.7,8208.9,8206.65,8208.3,12:20:00,8201.735276757512,1,39
2017-01-03,8210.5,8211.95,8207.5,8207.65,12:25:00,8202.570012304415,1,40
2017-01-03,8209.8,8211.35,8209.15,8210.25,12:30:00,8203.258582561139,1,41
2017-01-03,8208.55,8211.05,8207.25,8209.85,12:35:00,8203.762527079125,1,42
2017-01-03,8206.5,8208.8,8205.0,8208.7,12:40:00,8204.023238785876,1,43
2017-01-03,8206.55,8208.3,8205.0,8206.5,12:45:00,8204.263882711031,1,44
2017-01-03,8205.5,8207.1,8203.9,8206.65,12:50:00,8204.381608167123,1,45
2017-01-03,8206.35,8207.1,8205.1,8205.5,12:55:00,8204.569074055968,1,46
2017-01-03,8208.85,8209.9,8206.2,8206.95,13:00:00,8204.976781288733,1,47
2017-01-03,8210.05,8210.35,8208.1,8208.95,13:05:00,8205.45994497552,1,48
2017-01-03,8205.75,8210.8,8204.8,8210.0,13:10:00,8205.487569263565,1,49
2017-01-03,8186.85,8206.15,8178.85,8206.15,13:15:00,8203.712562667035,1,50
2017-01-03,8180.9,8186.8,8179.1,8186.6,13:20:00,8201.539937651127,1,51
2017-01-03,8193.5,8193.7,8179.65,8180.85,13:25:00,8200.7742293034,1,52
2017-01-03,8191.2,8194.1,8188.75,8194.1,13:30:00,8199.862397941171,1,53
2017-01-03,8189.85,8192.0,8187.15,8191.75,13:35:00,8198.908836232487,1,54
2017-01-03,8188.6,8190.2,8183.55,8190.1,13:40:00,8197.927042305584,1,55
2017-01-03,8190.55,8190.65,8186.45,8189.4,13:45:00,8197.224466847909,1,56
2017-01-03,8200.6,8207.55,8190.05,8190.55,13:50:00,8197.545946195727,1,57
2017-01-03,8201.4,8201.7,8197.0,8200.7,13:55:00,8197.912998938991,1,58
2017-01-03,8205.35,8207.8,8199.7,8201.15,14:00:00,8198.621284754325,1,59
2017-01-03,8201.3,8209.15,8200.9,8205.8,14:05:00,8198.876400492009,1,60
2017-01-03,8197.25,8204.5,8196.5,8201.0,14:10:00,8198.721505207055,1,61
2017-01-03,8203.95,8205.3,8196.25,8197.05,14:15:00,8199.219457092098,1,62
2017-01-03,8204.45,8206.2,8201.2,8204.05,14:20:00,8199.717604035708,1,63
2017-01-03,8208.85,8210.75,8204.45,8204.45,14:25:00,8200.587356032307,1,64
2017-01-03,8213.9,8218.25,8208.4,8208.55,14:30:00,8201.855226886373,1,65
2017-01-03,8211.25,8217.85,8211.25,8213.85,14:35:00,8202.74996718291,1,66
2017-01-03,8212.45,8213.35,8209.45,8211.05,14:40:00,8203.673779832157,1,67
2017-01-03,8215.75,8219.0,8212.3,8212.3,14:45:00,8204.823896038619,1,68
2017-01-03,8203.85,8217.2,8202.8,8215.5,14:50:00,8204.73114403494,1,69
2017-01-03,8206.65,8209.65,8203.65,8203.7,14:55:00,8204.913892222088,1,70
2017-01-03,8195.65,8207.15,8195.55,8206.65,15:00:00,8204.031616772365,1,71
2017-01-03,8194.9,8197.15,8194.45,8195.7,15:05:00,8203.16193898452,1,72
2017-01-03,8190.2,8195.3,8189.9,8194.8,15:10:00,8201.927468605043,1,73
2017-01-03,8190.55,8195.9,8188.95,8189.75,15:15:00,8200.843900166466,1,74
2017-01-03,8189.05,8192.85,8188.35,8191.65,15:20:00,8199.720671579184,1,75
2017-01-03,8189.05,8195.6,8187.0,8189.0,15:25:00,8198.704417143072,1,76
2017-01-04,8207.75,8211.65,8194.05,8200.6,09:15:00,8199.565901224683,2,1
2017-01-04,8201.6,8214.0,8201.45,8208.15,09:20:00,8199.759624917571,2,2
2017-01-04,8203.9,8208.8,8199.95,8201.55,09:25:00,8200.153946353994,2,3
2017-01-04,8200.95,8210.55,8200.95,8203.95,09:30:00,8200.229760986947,2,4
2017-01-04,8202.2,8202.25,8190.85,8200.75,09:35:00,8200.417402797715,2,5
2017-01-04,8199.05,8202.95,8194.35,8202.1,09:40:00,8200.287173959838,2,6
2017-01-04,8208.8,8209.05,8196.85,8198.85,09:45:00,8201.097919296995,2,7
2017-01-04,8212.2,8217.85,8208.85,8208.85,09:50:00,8202.155260316329,2,8
2017-01-04,8214.7,8215.25,8208.75,8212.25,09:55:00,8203.349997429059,2,9
2017-01-04,8218.15,8218.15,8214.25,8214.4,10:00:00,8204.759521483435,2,10
2017-01-04,8208.1,8218.45,8207.9,8218.35,10:05:00,8205.077662294536,2,11
2017-01-04,8216.35,8217.15,8208.25,8208.25,10:10:00,8206.151218266485,2,12
2017-01-04,8214.5,8218.5,8212.25,8216.6,10:15:00,8206.946340336344,2,13
2017-01-04,8211.05,8215.25,8211.0,8214.75,10:20:00,8207.337165066216,2,14
2017-01-04,8211.8,8212.6,8208.0,8210.85,10:25:00,8207.762196964672,2,15
2017-01-04,8210.2,8212.05,8205.75,8211.6,10:30:00,8207.994368682323,2,16
2017-01-04,8206.7,8210.9,8206.35,8210.55,10:35:00,8207.871095474482,2,17
2017-01-04,8199.65,8206.95,8199.0,8206.95,10:40:00,8207.088134000722,2,18
2017-01-04,8200.85,8200.85,8192.95,8199.8,10:45:00,8206.494026000653,2,19
2017-01-04,8202.35,8204.7,8199.85,8200.65,10:50:00,8206.099356857734,2,20
2017-01-04,8196.35,8203.6,8195.7,8202.5,10:55:00,8205.170846680807,2,21
2017-01-04,8200.6,8200.7,8195.65,8196.5,11:00:00,8204.735527949302,2,22
2017-01-04,8202.45,8203.8,8200.1,8200.45,11:05:00,8204.517858620799,2,23
2017-01-04,8200.4,8203.05,8199.25,8202.4,11:10:00,8204.125681609294,2,24
2017-01-04,8208.05,8208.1,8199.75,8200.5,11:15:00,8204.499426217932,2,25
2017-01-04,8206.55,8208.45,8201.95,8208.1,11:20:00,8204.694718959081,2,26
2017-01-04,8208.6,8209.8,8205.8,8206.7,11:25:00,8205.066650486788,2,27
2017-01-04,8201.1,8209.1,8199.45,8208.5,11:30:00,8204.68887424995,2,28
2017-01-04,8201.35,8203.1,8199.55,8201.15,11:35:00,8204.370886226146,2,29
2017-01-04,8197.05,8202.6,8197.05,8201.25,11:40:00,8203.673658966512,2,30
2017-01-04,8196.2,8197.4,8191.35,8197.1,11:45:00,8202.961881922083,2,31
2017-01-04,8198.6,8198.75,8194.25,8196.3,11:50:00,8202.546464596171,2,32
2017-01-04,8194.95,8198.75,8194.7,8198.65,11:55:00,8201.822991777488,2,33
2017-01-04,8189.4,8195.25,8186.7,8194.8,12:00:00,8200.639849703442,2,34
2017-01-04,8188.5,8191.35,8188.1,8189.2,12:05:00,8199.48367354121,2,35
2017-01-04,8184.35,8188.8,8180.9,8188.55,12:10:00,8198.04237129919,2,36
2017-01-04,8189.45,8191.65,8183.05,8185.25,12:15:00,8197.224050223078,2,37
2017-01-04,8193.2,8193.4,8188.6,8189.15,12:20:00,8196.84080734469,2,38
2017-01-04,8193.7,8196.65,8191.1,8193.15,12:25:00,8196.541682835672,2,39
2017-01-04,8196.15,8196.4,8193.6,8194.2,12:30:00,8196.504379708465,2,40
2017-01-04,8199.5,8199.95,8196.05,8196.05,12:35:00,8196.789676879087,2,41
2017-01-04,8195.25,8200.05,8192.95,8199.65,12:40:00,8196.64304098584,2,42
2017-01-04,8196.4,8198.2,8195.2,8195.55,12:45:00,8196.619894225283,2,43
2017-01-04,8197.5,8198.35,8196.05,8196.3,12:50:00,8196.703713822875,2,44
2017-01-04,8195.45,8199.0,8195.25,8197.75,12:55:00,8196.584312506411,2,45
2017-01-04,8202.35,8203.4,8195.35,8195.35,13:00:00,8197.133425601038,2,46
2017-01-04,8202.8,8203.2,8201.35,8201.9,13:05:00,8197.67309935332,2,47
2017-01-04,8199.85,8203.8,8199.35,8203.05,13:10:00,8197.880423224433,2,48
2017-01-04,8198.65,8201.1,8198.05,8199.65,13:15:00,8197.953716250679,2,49
2017-01-04,8210.6,8210.6,8194.9,8198.8,13:20:00,8199.158124226804,2,50
2017-01-04,8205.85,8212.9,8205.65,8210.65,13:25:00,8199.795445729014,2,51
2017-01-04,8202.85,8208.3,8202.2,8205.65,13:30:00,8200.086355659585,2,52
2017-01-04,8205.05,8207.35,8202.55,8202.8,13:35:00,8200.559083692006,2,53
2017-01-04,8202.15,8206.6,8200.25,8205.6,13:40:00,8200.710599530863,2,54
2017-01-04,8204.5,8205.3,8201.3,8201.9,13:45:00,8201.071494813637,2,55
2017-01-04,8196.1,8205.9,8194.65,8204.45,13:50:00,8200.5980191171,2,56
2017-01-04,8197.5,8201.55,8196.15,8196.15,13:55:00,8200.302969677376,2,57
2017-01-04,8196.0,8200.5,8191.85,8197.3,14:00:00,8199.893163041435,2,58
2017-01-04,8202.15,8206.25,8195.8,8195.8,14:05:00,8200.108099894633,2,59
2017-01-04,8200.0,8204.6,8200.0,8202.3,14:10:00,8200.097804666573,2,60
2017-01-04,8197.8,8202.0,8197.55,8200.15,14:15:00,8199.878966126898,2,61
2017-01-04,8197.45,8199.25,8195.0,8197.6,14:20:00,8199.647636019576,2,62
2017-01-04,8199.9,8201.35,8197.05,8197.35,14:25:00,8199.671670684378,2,63
2017-01-04,8199.15,8201.55,8199.15,8199.75,14:30:00,8199.621987762055,2,64
2017-01-04,8185.4,8200.0,8182.4,8198.85,14:35:00,8198.267512737097,2,65
2017-01-04,8193.65,8195.55,8185.3,8185.3,14:40:00,8197.827749619279,2,66
2017-01-04,8190.55,8194.1,8185.85,8193.35,14:45:00,8197.134630607918,2,67
2017-01-04,8190.25,8192.45,8186.35,8190.5,14:50:00,8196.478951502402,2,68
2017-01-04,8188.75,8192.3,8187.9,8190.75,14:55:00,8195.742860883125,2,69
2017-01-04,8190.1,8193.4,8188.65,8188.65,15:00:00,8195.205445560923,2,70
2017-01-04,8185.65,8190.15,8184.0,8189.85,15:05:00,8194.295403126549,2,71
2017-01-04,8188.45,8190.0,8185.25,8185.45,15:10:00,8193.738698066878,2,72
2017-01-04,8193.85,8193.9,8187.35,8188.55,15:15:00,8193.749298250985,2,73
2017-01-04,8192.2,8194.35,8188.5,8193.95,15:20:00,8193.601746036606,2,74
2017-01-04,8196.35,8197.7,8190.65,8192.15,15:25:00,8193.86348450931,2,75
2017-01-05,8231.2,8233.8,8223.7,8224.95,09:15:00,8197.41934312747,3,1
2017-01-05,8239.35,8241.5,8230.75,8230.95,09:20:00,8201.412739020092,3,2
2017-01-05,8233.6,8242.05,8232.35,8238.65,09:25:00,8204.47819244675,3,3
2017-01-05,8242.9,8245.3,8233.05,8233.05,09:30:00,8208.137412213726,3,4
2017-01-05,8244.1,8244.9,8241.45,8243.2,09:35:00,8211.562420574324,3,5
2017-01-05,8250.0,8250.1,8244.05,8244.05,09:40:00,8215.22314242439,3,6
2017-01-05,8247.7,8251.85,8247.6,8249.9,09:45:00,8218.31617647921,3,7
2017-01-05,8249.65,8249.85,8245.9,8247.65,09:50:00,8221.300350147856,3,8
2017-01-05,8249.4,8251.7,8246.85,8249.75,09:55:00,8223.976507276631,3,9
2017-01-05,8243.3,8250.4,8243.0,8249.35,10:00:00,8225.816839916952,3,10
2017-01-05,8242.8,8244.9,8239.25,8243.45,10:05:00,8227.434283734385,3,11
2017-01-05,8242.15,8243.95,8237.9,8243.05,10:10:00,8228.835780521586,3,12
2017-01-05,8240.8,8243.0,8239.45,8242.5,10:15:00,8229.97522999572,3,13
2017-01-05,8244.05,8244.35,8240.65,8240.65,10:20:00,8231.315684281843,3,14
2017-01-05,8244.2,8246.25,8243.7,8244.0,10:25:00,8232.542761969285,3,15
2017-01-05,8246.0,8246.2,8242.65,8244.4,10:30:00,8233.824403686496,3,16
2017-01-05,8245.05,8248.35,8243.95,8246.1,10:35:00,8234.893508097306,3,17
2017-01-05,8245.75,8246.3,8243.75,8245.3,10:40:00,8235.927459707085,3,18
2017-01-05,8252.55,8253.05,8245.6,8245.6,10:45:00,8237.510558782602,3,19
2017-01-05,8253.2,8254.9,8251.75,8252.8,10:50:00,8239.004791279498,3,20
2017-01-05,8252.45,8254.75,8250.9,8253.45,10:55:00,8240.285287348117,3,21
2017-01-05,8251.6,8253.0,8249.65,8252.5,11:00:00,8241.362879029248,3,22
2017-01-05,8253.75,8254.65,8250.45,8251.55,11:05:00,8242.542604835986,3,23
2017-01-05,8255.35,8255.9,8252.9,8253.9,11:10:00,8243.762356756368,3,24
2017-01-05,8259.5,8262.1,8254.9,8255.3,11:15:00,8245.261179922427,3,25
2017-01-05,8258.9,8261.5,8258.25,8259.3,11:20:00,8246.56011516791,3,26
2017-01-05,8258.25,8259.65,8255.5,8258.95,11:25:00,8247.67343753287,3,27
2017-01-05,8254.35,8258.05,8253.45,8257.9,11:30:00,8248.309300624978,3,28
2017-01-05,8255.95,8255.95,8252.35,8254.3,11:35:00,8249.036986279742,3,29
2017-01-05,8257.2,8260.0,8255.75,8256.1,11:40:00,8249.814416157862,3,30
2017-01-05,8259.9,8260.8,8256.6,8256.6,11:45:00,8250.774947952352,3,31
2017-01-05,8262.05,8264.2,8259.6,8260.2,11:50:00,8251.84876243308,3,32
2017-01-05,8263.15,8267.0,8262.1,8262.25,11:55:00,8252.925070772786,3,33
2017-01-05,8263.35,8264.7,8262.1,8263.95,12:00:00,8253.917921175378,3,34
2017-01-05,8262.65,8264.65,8261.45,8263.3,12:05:00,8254.749547730104,3,35
2017-01-05,8264.3,8265.8,8262.65,8262.75,12:10:00,8255.65911461295,3,36
2017-01-05,8263.65,8266.45,8263.55,8264.5,12:15:00,8256.420151316479,3,37
2017-01-05,8263.95,8266.15,8263.2,8263.6,12:20:00,8257.137279762528,3,38
2017-01-05,8261.3,8264.6,8261.2,8263.75,12:25:00,8257.533729308954,3,39
2017-01-05,8261.7,8263.6,8257.4,8261.25,12:30:00,8257.930516993816,3,40
2017-01-05,8258.9,8262.7,8258.75,8261.45,12:35:00,8258.02284870869,3,41
2017-01-05,8256.9,8261.7,8255.35,8259.15,12:40:00,8257.915910736434,3,42
2017-01-05,8254.9,8258.65,8254.5,8256.95,12:45:00,8257.628681142487,3,43
2017-01-05,8256.4,8257.45,8252.5,8254.75,12:50:00,8257.511663890822,3,44
2017-01-05,8260.25,8261.05,8254.75,8256.3,12:55:00,8257.772457805982,3,45
2017-01-05,8264.4,8265.1,8260.3,8260.3,13:00:00,8258.40365230065,3,46
2017-01-05,8268.3,8269.75,8264.4,8264.45,13:05:00,8259.34616160535,3,47
2017-01-05,8267.45,8271.7,8266.4,8268.45,13:10:00,8260.117955738173,3,48
2017-01-05,8262.25,8267.5,8262.15,8267.5,13:15:00,8260.321007572633,3,49
2017-01-05,8262.05,8264.5,8261.8,8262.45,13:20:00,8260.485673518097,3,50
2017-01-05,8262.4,8262.85,8259.4,8261.9,13:25:00,8260.667990325897,3,51
2017-01-05,8265.7,8266.1,8262.0,8262.5,13:30:00,8261.14722934248,3,52
2017-01-05,8263.1,8266.05,8262.5,8265.8,13:35:00,8261.333207500338,3,53
2017-01-05,8267.85,8267.9,8262.5,8262.85,13:40:00,8261.953854405068,3,54
2017-01-05,8267.95,8270.25,8266.9,8267.4,13:45:00,8262.524915890299,3,55
2017-01-05,8272.3,8273.6,8266.05,8267.7,13:50:00,8263.4558762817,3,56
2017-01-05,8277.2,8278.9,8272.25,8272.25,13:55:00,8264.764840445347,3,57
2017-01-05,8275.15,8277.95,8273.5,8276.9,14:00:00,8265.753903260076,3,58
2017-01-05,8271.0,8277.55,8271.0,8275.1,14:05:00,8266.25353152102,3,59
2017-01-05,8266.05,8271.95,8265.35,8269.55,14:10:00,8266.234147566638,3,60
2017-01-05,8252.65,8267.15,8251.95,8266.85,14:15:00,8264.940419226958,3,61
2017-01-05,8261.6,8261.7,8252.8,8252.8,14:20:00,8264.622284062485,3,62
2017-01-05,8258.8,8261.85,8256.65,8261.45,14:25:00,8264.06778081844,3,63
2017-01-05,8265.25,8266.2,8258.3,8259.2,14:30:00,8264.180373121444,3,64
2017-01-05,8264.4,8267.15,8263.65,8264.9,14:35:00,8264.20128996702,3,65
2017-01-05,8269.05,8269.2,8264.15,8264.15,14:40:00,8264.663071874924,3,66
2017-01-05,8268.5,8273.25,8268.15,8268.9,14:45:00,8265.028493601121,3,67
2017-01-05,8269.35,8270.9,8266.85,8268.65,14:50:00,8265.44006563911,3,68
2017-01-05,8276.25,8276.25,8269.05,8269.65,14:55:00,8266.46958319729,3,69
2017-01-05,8279.35,8281.1,8276.65,8276.65,15:00:00,8267.696289559453,3,70
2017-01-05,8279.8,8282.65,8279.3,8279.55,15:05:00,8268.849023887124,3,71
2017-01-05,8272.25,8280.2,8272.25,8279.45,15:10:00,8269.172926374064,3,72
2017-01-05,8270.45,8274.65,8270.1,8272.5,15:15:00,8269.294552433677,3,73
2017-01-05,8269.35,8270.65,8268.25,8270.15,15:20:00,8269.299833154279,3,74
2017-01-05,8270.5,8272.85,8267.6,8269.55,15:25:00,8269.414134758634,3,75
2017-01-06,8289.55,8297.8,8280.85,8281.2,09:15:00,8271.331836210193,4,1
2017-01-06,8298.0,8302.2,8287.25,8288.7,09:20:00,8273.87166133303,4,2
2017-01-06,8300.8,8304.55,8297.2,8298.25,09:25:00,8276.436265015598,4,3
2017-01-06,8298.95,8301.75,8294.7,8300.9,09:30:00,8278.580430252208,4,4
2017-01-06,8299.85,8300.8,8295.0,8298.55,09:35:00,8280.606103561522,4,5
2017-01-06,8294.5,8300.7,8293.65,8299.8,09:40:00,8281.929331793759,4,6
2017-01-06,8292.45,8294.7,8288.25,8294.7,09:45:00,8282.931300194354,4,7
2017-01-06,8293.6,8294.05,8288.0,8292.5,09:50:00,8283.94736684251,4,8
2017-01-06,8294.9,8295.15,8291.05,8293.55,09:55:00,8284.990474762271,4,9
2017-01-06,8304.9,8306.4,8294.85,8295.25,10:00:00,8286.886620023008,4,10
2017-01-06,8302.15,8306.85,8301.3,8305.0,10:05:00,8288.340275258912,4,11
2017-01-06,8294.25,8302.1,8294.0,8301.8,10:10:00,8288.903106186634,4,12
2017-01-06,8293.15,8294.4,8288.5,8294.0,10:15:00,8289.307572264097,4,13
2017-01-06,8293.1,8294.0,8290.85,8293.3,10:20:00,8289.668755857992,4,14
2017-01-06,8292.85,8294.55,8291.5,8293.0,10:25:00,8289.971731490565,4,15
2017-01-06,8283.55,8293.1,8283.55,8293.05,10:30:00,8289.360138015272,4,16
2017-01-06,8281.05,8285.65,8277.0,8283.35,10:35:00,8288.568696299531,4,17
2017-01-06,8270.3,8282.1,8270.3,8281.45,10:40:00,8286.828820461482,4,18
2017-01-06,8267.65,8274.3,8265.65,8270.1,10:45:00,8285.002266131818,4,19
2017-01-06,8280.05,8280.95,8267.95,8267.95,10:50:00,8284.530621738311,4,20
2017-01-06,8284.25,8287.85,8280.0,8280.4,10:55:00,8284.503895858472,4,21
2017-01-06,8274.35,8284.4,8274.35,8284.4,11:00:00,8283.536858157666,4,22
2017-01-06,8269.15,8276.3,8268.95,8274.0,11:05:00,8282.166681190269,4,23
2017-01-06,8260.0,8271.15,8259.4,8268.8,11:10:00,8280.055568695958,4,24
2017-01-06,8268.1,8268.3,8259.95,8259.95,11:15:00,8278.916943105865,4,25
2017-01-06,8276.5,8276.85,8267.6,8268.35,11:20:00,8278.686758048163,4,26
2017-01-06,8272.55,8279.95,8272.35,8276.6,11:25:00,8278.102304900718,4,27
2017-01-06,8270.4,8275.35,8270.35,8272.6,11:30:00,8277.368752053031,4,28
2017-01-06,8266.35,8270.9,8266.15,8270.3,11:35:00,8276.3193470956,4,29
2017-01-06,8266.25,8270.05,8265.8,8266.55,11:40:00,8275.360361657924,4,30
2017-01-06,8264.15,8269.4,8262.85,8266.2,11:45:00,8274.292708166693,4,31
2017-01-06,8268.75,8269.0,8261.8,8264.4,11:50:00,8273.764831198438,4,32
2017-01-06,8272.3,8273.0,8267.3,8268.8,11:55:00,8273.625323465254,4,33
2017-01-06,8271.3,8273.15,8270.35,8272.35,12:00:00,8273.40386408761,4,34
2017-01-06,8271.95,8275.05,8271.0,8271.5,12:05:00,8273.26540084117,4,35
2017-01-06,8276.85,8277.2,8271.9,8272.05,12:10:00,8273.60679123725,4,36
2017-01-06,8274.2,8279.15,8272.35,8276.7,12:15:00,8273.663287309892,4,37
2017-01-06,8269.25,8274.45,8268.95,8274.3,12:20:00,8273.242974232759,4,38
2017-01-06,8272.7,8272.75,8269.2,8269.2,12:25:00,8273.191262401067,4,39
2017-01-06,8273.5,8274.55,8272.45,8272.75,12:30:00,8273.220665981919,4,40
2017-01-06,8269.65,8273.85,8268.6,8273.35,12:35:00,8272.88060255507,4,41
2017-01-06,8263.65,8270.4,8262.9,8269.95,12:40:00,8272.001497549825,4,42
2017-01-06,8264.35,8265.9,8259.65,8263.4,12:45:00,8271.272783497461,4,43
2017-01-06,8272.9,8274.4,8264.0,8264.5,12:50:00,8271.427756497704,4,44
2017-01-06,8275.35,8277.0,8271.85,8272.95,12:55:00,8271.801303497923,4,45
2017-01-06,8268.8,8275.55,8268.4,8275.25,13:00:00,8271.51546506955,4,46
2017-01-06,8266.4,8268.9,8265.95,8268.9,13:05:00,8271.028277920068,4,47
2017-01-06,8266.2,8268.05,8265.85,8266.35,13:10:00,8270.56844192768,4,48
2017-01-06,8263.65,8266.5,8262.45,8266.35,13:15:00,8269.909542696472,4,49
2017-01-06,8263.05,8265.6,8257.75,8263.4,13:20:00,8269.256252915857,4,50
2017-01-06,8265.55,8271.6,8262.85,8263.0,13:25:00,8268.90327644768,4,51
2017-01-06,8261.2,8267.75,8258.65,8265.4,13:30:00,8268.16963107171,4,52
2017-01-06,8262.35,8266.0,8260.55,8261.05,13:35:00,8267.615380493453,4,53
2017-01-06,8270.55,8273.1,8261.7,8262.9,13:40:00,8267.894868065505,4,54
2017-01-06,8271.25,8276.2,8270.35,8270.35,13:45:00,8268.214404440218,4,55
2017-01-06,8265.3,8272.65,8263.45,8270.9,13:50:00,8267.936842112578,4,56
2017-01-06,8266.05,8267.4,8264.05,8265.55,13:55:00,8267.75714286376,4,57
2017-01-06,8268.0,8271.3,8265.45,8265.45,14:00:00,8267.780272114831,4,58
2017-01-06,8265.45,8269.35,8264.7,8268.1,14:05:00,8267.558341437227,4,59
2017-01-06,8269.15,8270.65,8265.65,8265.8,14:10:00,8267.709927967015,4,60
2017-01-06,8272.65,8274.4,8268.75,8268.75,14:15:00,8268.180411017775,4,61
2017-01-06,8273.45,8276.0,8272.15,8272.15,14:20:00,8268.682276635129,4,62
2017-01-06,8267.95,8275.05,8267.25,8273.5,14:25:00,8268.612536003211,4,63
2017-01-06,8257.15,8268.65,8254.8,8267.65,14:30:00,8267.520865907667,4,64
2017-01-06,8259.55,8262.1,8256.35,8256.8,14:35:00,8266.761735821223,4,65
2017-01-06,8248.5,8261.25,8247.1,8259.65,14:40:00,8265.022522885869,4,66
2017-01-06,8253.55,8254.15,8247.15,8249.25,14:45:00,8263.929901658643,4,67
2017-01-06,8252.1,8258.9,8250.75,8254.3,14:50:00,8262.80324435782,4,68
2017-01-06,8244.75,8253.85,8243.35,8252.0,14:55:00,8261.083887752313,4,69
2017-01-06,8246.95,8247.8,8239.1,8244.7,15:00:00,8259.737803204473,4,70
2017-01-06,8238.85,8247.45,8238.45,8247.45,15:05:00,8257.74848861357,4,71
2017-01-06,8242.05,8242.75,8233.25,8239.25,15:10:00,8256.253394459896,4,72
2017-01-06,8248.55,8250.2,8240.85,8242.35,15:15:00,8255.519737844668,4,73
2017-01-06,8247.95,8248.65,8244.35,8248.4,15:20:00,8254.79881043089,4,74
2017-01-06,8248.2,8252.7,8246.0,8248.15,15:25:00,8254.170352294614,4,75
2017-01-10,8279.25,8279.9,8261.0,8262.3,09:15:00,8256.558890171316,1,1
2017-01-10,8287.6,8288.1,8278.15,8279.75,09:20:00,8259.515186345476,1,2
2017-01-10,8283.55,8287.9,8276.25,8287.35,09:25:00,8261.804216217335,1,3
2017-01-10,8274.7,8284.55,8273.75,8282.45,09:30:00,8263.032386101399,1,4
2017-01-10,8268.85,8275.25,8264.8,8275.25,09:35:00,8263.586444567933,1,5
2017-01-10,8268.9,8271.35,8267.5,8268.9,09:40:00,8264.092497466225,1,6
2017-01-10,8271.2,8273.65,8268.7,8269.0,09:45:00,8264.769402469441,1,7
2017-01-10,8272.4,8273.15,8270.05,8270.95,09:50:00,8265.49612604378,1,8
2017-01-10,8274.6,8277.3,8271.15,8272.25,09:55:00,8266.363161658657,1,9
2017-01-10,8275.25,8275.9,8270.35,8274.75,10:00:00,8267.209527214975,1,10
2017-01-10,8275.35,8276.55,8272.95,8275.45,10:05:00,8267.984810337359,1,11
2017-01-10,8274.45,8275.85,8271.55,8275.3,10:10:00,8268.600542686181,1,12
2017-01-10,8270.1,8275.6,8268.6,8274.7,10:15:00,8268.743348144639,1,13
2017-01-10,8272.05,8272.3,8269.2,8269.7,10:20:00,8269.058267368959,1,14
2017-01-10,8276.9,8277.1,8270.0,8271.7,10:25:00,8269.805099048106,1,15
2017-01-10,8275.65,8277.85,8273.3,8276.85,10:30:00,8270.36175628162,1,16
2017-01-10,8275.15,8277.05,8274.5,8275.45,10:35:00,8270.817779492894,1,17
2017-01-10,8272.7,8275.65,8271.15,8275.3,10:40:00,8270.997038588808,1,18
2017-01-10,8271.95,8272.8,8270.55,8272.6,10:45:00,8271.087796818445,1,19
2017-01-10,8271.4,8273.35,8271.05,8272.35,10:50:00,8271.117530454783,1,20
2017-01-10,8267.7,8273.25,8267.1,8271.6,10:55:00,8270.792051363851,1,21
2017-01-10,8264.8,8267.9,8264.45,8267.55,11:00:00,8270.221379805389,1,22
2017-01-10,8264.95,8265.8,8263.8,8264.9,11:05:00,8269.719343633447,1,23
2017-01-10,8266.1,8268.1,8264.8,8264.8,11:10:00,8269.374644239786,1,24
2017-01-10,8269.8,8269.8,8265.7,8266.0,11:15:00,8269.415154312188,1,25
2017-01-10,8269.65,8270.65,8268.7,8269.4,11:20:00,8269.43752056817,1,26
2017-01-10,8268.1,8270.45,8268.1,8269.9,11:25:00,8269.310137656916,1,27
2017-01-10,8273.0,8273.15,8267.95,8268.35,11:30:00,8269.661553118161,1,28
2017-01-10,8273.6,8273.85,8271.7,8272.9,11:35:00,8270.036643297384,1,29
2017-01-10,8275.7,8275.8,8271.35,8273.75,11:40:00,8270.576010602395,1,30
2017-01-10,8274.05,8276.2,8272.9,8275.75,11:45:00,8270.9068667355,1,31
2017-01-10,8274.1,8275.15,8273.25,8274.0,11:50:00,8271.210974665453,1,32
2017-01-10,8270.5,8274.4,8269.65,8274.0,11:55:00,8271.143262792553,1,33
2017-01-10,8269.55,8270.9,8269.25,8270.75,12:00:00,8270.991523478977,1,34
2017-01-10,8272.5,8273.2,8269.5,8270.55,12:05:00,8271.135187909551,1,35
2017-01-10,8269.45,8273.0,8268.45,8272.25,12:10:00,8270.974693822927,1,36
2017-01-10,8270.55,8271.05,8268.65,8269.55,12:15:00,8270.934246792172,1,37
2017-01-10,8272.3,8273.05,8269.95,8269.95,12:20:00,8271.06431852625,1,38
2017-01-10,8271.3,8273.1,8270.25,8271.85,12:25:00,8271.086764380892,1,39
2017-01-10,8271.9,8273.7,8269.15,8271.1,12:30:00,8271.164215392237,1,40
2017-01-10,8269.2,8271.75,8268.65,8271.65,12:35:00,8270.977147259642,1,41
2017-01-10,8268.2,8270.45,8268.2,8268.75,12:40:00,8270.712657044438,1,42
2017-01-10,8266.65,8268.8,8266.45,8268.5,12:45:00,8270.32573732592,1,43
2017-01-10,8265.9,8267.05,8264.2,8266.45,12:50:00,8269.904238532976,1,44
2017-01-10,8269.05,8269.95,8265.45,8265.65,12:55:00,8269.822882482216,1,45
2017-01-10,8270.95,8272.7,8268.95,8268.95,13:00:00,8269.93022700772,1,46
2017-01-10,8273.25,8273.8,8270.65,8270.65,13:05:00,8270.246395864127,1,47
2017-01-10,8274.4,8274.9,8271.05,8273.05,13:10:00,8270.641977210402,1,48
2017-01-10,8278.7,8279.0,8274.6,8274.6,13:15:00,8271.40940795227,1,49
2017-01-10,8279.1,8282.25,8276.35,8278.9,13:20:00,8272.141845290149,1,50
2017-01-10,8284.1,8287.15,8277.55,8278.85,13:25:00,8273.280717167278,1,51
2017-01-10,8280.35,8284.55,8279.85,8284.5,13:30:00,8273.953982198966,1,52
2017-01-10,8282.45,8283.45,8279.55,8279.85,13:35:00,8274.763126751444,1,53
2017-01-10,8284.8,8286.35,8282.05,8282.6,13:40:00,8275.719019441784,1,54
2017-01-10,8286.95,8289.6,8284.7,8284.7,13:45:00,8276.788636637804,1,55
2017-01-10,8282.65,8288.7,8282.65,8287.1,13:50:00,8277.346861719918,1,56
2017-01-10,8278.55,8284.35,8276.95,8282.85,13:55:00,8277.46144631802,1,57
2017-01-10,8281.05,8283.75,8278.5,8278.5,14:00:00,8277.803213335352,1,58
2017-01-10,8280.85,8282.55,8276.95,8280.45,14:05:00,8278.09338349389,1,59
2017-01-10,8279.25,8281.7,8278.35,8280.55,14:10:00,8278.203537446852,1,60
2017-01-10,8278.8,8280.3,8275.6,8278.75,14:15:00,8278.260343404296,1,61
2017-01-10,8279.55,8280.8,8278.3,8279.25,14:20:00,8278.383167841983,1,62
2017-01-10,8278.35,8280.75,8277.05,8279.65,14:25:00,8278.38000899989,1,63
2017-01-10,8281.1,8281.3,8276.6,8278.5,14:30:00,8278.639055761805,1,64
2017-01-10,8280.0,8282.8,8279.05,8281.3,14:35:00,8278.768669498777,1,65
2017-01-10,8279.2,8281.6,8277.8,8279.4,14:40:00,8278.809748594133,1,66
2017-01-10,8275.45,8279.9,8272.0,8278.9,14:45:00,8278.489772537549,1,67
2017-01-10,8276.4,8277.0,8273.5,8275.75,14:50:00,8278.290746581592,1,68
2017-01-10,8277.75,8278.8,8276.45,8276.95,14:55:00,8278.239246907155,1,69
2017-01-10,8283.75,8283.75,8277.1,8277.35,15:00:00,8278.764080535044,1,70
2017-01-10,8283.75,8286.15,8283.05,8283.65,15:05:00,8279.238930007896,1,71
2017-01-10,8284.6,8286.4,8283.0,8284.1,15:10:00,8279.749508102383,1,72
2017-01-10,8291.65,8293.8,8284.05,8284.05,15:15:00,8280.882888283108,1,73
2017-01-10,8290.95,8293.45,8289.35,8292.0,15:20:00,8281.841660827573,1,74
2017-01-10,8290.3,8292.5,8287.7,8290.85,15:25:00,8282.647216939233,1,75
2017-01-12,8394.55,8397.45,8387.3,8397.45,09:15:00,8293.304624849781,3,1
2017-01-12,8403.8,8404.0,8393.95,8395.15,09:20:00,8303.827993911707,3,2
2017-01-12,8401.05,8411.05,8400.55,8404.55,09:25:00,8313.087232586782,3,3
2017-01-12,8409.65,8410.25,8401.95,8401.95,09:30:00,8322.283686626137,3,4
2017-01-12,8414.3,8415.4,8407.65,8408.9,09:35:00,8331.047145042696,3,5
2017-01-12,8412.55,8417.2,8411.55,8414.05,09:40:00,8338.809321705296,3,6
2017-01-12,8405.55,8413.85,8402.3,8413.0,09:45:00,8345.165576780983,3,7
2017-01-12,8395.3,8406.2,8391.05,8406.05,09:50:00,8349.940283754222,3,8
2017-01-12,8386.8,8398.05,8382.8,8395.45,09:55:00,8353.450732920486,3,9
2017-01-12,8391.05,8394.1,8386.3,8386.85,10:00:00,8357.031615499487,3,10
2017-01-12,8384.95,8393.9,8384.7,8391.6,10:05:00,8359.690509261442,3,11
2017-01-12,8393.95,8394.15,8382.3,8384.9,10:10:00,8362.95331790321,3,12
2017-01-12,8399.65,8399.8,8393.3,8394.15,10:15:00,8366.448240007667,3,13
2017-01-12,8400.85,8401.8,8396.9,8399.4,10:20:00,8369.724598102175,3,14
2017-01-12,8398.35,8402.05,8397.3,8401.15,10:25:00,8372.450826854349,3,15
2017-01-12,8400.65,8401.3,8396.95,8398.05,10:30:00,8375.136462392029,3,16
2017-01-12,8400.95,8403.85,8398.35,8400.75,10:35:00,8377.59489454517,3,17
2017-01-12,8399.0,8402.85,8397.75,8400.55,10:40:00,8379.633476017058,3,18
2017-01-12,8404.15,8404.15,8395.6,8398.7,10:45:00,8381.968383063053,3,19
2017-01-12,8403.5,8404.75,8401.2,8403.95,10:50:00,8384.019013247524,3,20
2017-01-12,8404.8,8409.5,8403.8,8404.1,10:55:00,8385.998154842997,3,21
2017-01-12,8407.9,8410.3,8404.55,8404.6,11:00:00,8388.08404485795,3,22
2017-01-12,8400.75,8407.4,8396.85,8407.3,11:05:00,8389.29032630005,3,23
2017-01-12,8402.65,8403.85,8400.3,8401.05,11:10:00,8390.562676176236,3,24
2017-01-12,8401.75,8403.2,8400.55,8402.7,11:15:00,8391.628135588024,3,25
2017-01-12,8400.3,8403.45,8399.15,8401.7,11:20:00,8392.454027436783,3,26
2017-01-12,8402.6,8403.5,8399.6,8400.45,11:25:00,8393.420310538042,3,27
2017-01-12,8400.95,8404.0,8400.7,8402.95,11:30:00,8394.137423820133,3,28
2017-01-12,8399.45,8401.6,8398.0,8401.55,11:35:00,8394.643383456312,3,29
2017-01-12,8394.45,8401.05,8394.2,8399.3,11:40:00,8394.624965984283,3,30
2017-01-12,8394.9,8395.95,8392.0,8394.6,11:45:00,8394.651159700066,3,31
2017-01-12,8392.8,8395.45,8391.45,8394.75,11:50:00,8394.47485877625,3,32
2017-01-12,8393.2,8394.25,8390.65,8392.6,11:55:00,8394.353443654702,3,33
2017-01-12,8400.15,8400.85,8392.2,8392.75,12:00:00,8394.905496639969,3,34
2017-01-12,8399.75,8402.05,8397.55,8400.1,12:05:00,8395.366877912353,3,35
2017-01-12,8394.9,8400.6,8394.1,8399.65,12:10:00,8395.322413349271,3,36
2017-01-12,8394.5,8395.55,8390.95,8395.0,12:15:00,8395.244088268388,3,37
2017-01-12,8397.1,8397.6,8392.0,8394.3,12:20:00,8395.420841766636,3,38
2017-01-12,8397.1,8398.1,8394.05,8397.15,12:25:00,8395.580761598385,3,39
2017-01-12,8395.4,8398.2,8395.0,8396.95,12:30:00,8395.563546208063,3,40
2017-01-12,8396.8,8397.25,8395.0,8395.65,12:35:00,8395.681303712056,3,41
2017-01-12,8396.5,8400.3,8395.6,8396.9,12:40:00,8395.759274787099,3,42
2017-01-12,8397.15,8398.35,8395.8,8396.3,12:45:00,8395.891724807374,3,43
2017-01-12,8398.85,8399.05,8396.75,8397.5,12:50:00,8396.17346530191,3,44
2017-01-12,8402.75,8404.55,8397.9,8398.65,12:55:00,8396.799801939824,3,45
2017-01-12,8408.2,8408.6,8401.9,8402.9,13:00:00,8397.885535088411,3,46
2017-01-12,8406.65,8409.85,8406.65,8407.9,13:05:00,8398.720246032372,3,47
2017-01-12,8412.95,8414.3,8405.6,8407.45,13:10:00,8400.075460695954,3,48
2017-01-12,8410.25,8413.5,8409.5,8412.65,13:15:00,8401.044464439197,3,49
2017-01-12,8404.6,8410.9,8403.7,8410.15,13:20:00,8401.38308687356,3,50
2017-01-12,8404.3,8405.5,8400.95,8404.25,13:25:00,8401.660888123697,3,51
2017-01-12,8397.25,8405.5,8395.8,8404.2,13:30:00,8401.240803540488,3,52
2017-01-12,8398.25,8400.4,8394.95,8397.45,13:35:00,8400.95596510806,3,53
2017-01-12,8398.1,8400.85,8397.6,8397.9,13:40:00,8400.683968431102,3,54
2017-01-12,8397.9,8400.05,8397.05,8398.15,13:45:00,8400.418828580521,3,55
2017-01-12,8402.5,8404.55,8397.25,8398.15,13:50:00,8400.617035382376,3,56
2017-01-12,8403.45,8406.2,8402.35,8402.35,13:55:00,8400.886841536436,3,57
2017-01-12,8401.15,8404.65,8399.5,8403.4,14:00:00,8400.911904247252,3,58
2017-01-12,8403.0,8405.5,8400.75,8400.95,14:05:00,8401.110770509418,3,59
2017-01-12,8398.9,8403.5,8398.7,8403.5,14:10:00,8400.900220937094,3,60
2017-01-12,8397.1,8398.7,8394.85,8398.1,14:15:00,8400.538295133561,3,61
2017-01-12,8399.1,8401.45,8395.45,8396.85,14:20:00,8400.40131464465,3,62
2017-01-12,8391.65,8400.05,8387.9,8399.35,14:25:00,8399.567856107065,3,63
2017-01-12,8396.9,8399.6,8392.25,8392.25,14:30:00,8399.31377457306,3,64
2017-01-12,8397.6,8399.25,8395.55,8396.5,14:35:00,8399.150557947054,3,65
2017-01-12,8401.2,8403.7,8397.15,8397.65,14:40:00,8399.345742904477,3,66
2017-01-12,8405.8,8406.8,8400.0,8401.05,14:45:00,8399.960434056431,3,67
2017-01-12,8403.65,8406.85,8400.35,8406.45,14:50:00,8400.311821289151,3,68
2017-01-12,8398.45,8404.25,8397.9,8404.0,14:55:00,8400.134504975898,3,69
2017-01-12,8408.2,8408.5,8398.15,8398.25,15:00:00,8400.902647359146,3,70
2017-01-12,8411.9,8414.15,8408.3,8408.35,15:05:00,8401.950014277321,3,71
2017-01-12,8406.95,8412.0,8406.55,8411.6,15:10:00,8402.426203393767,3,72
2017-01-12,8408.7,8410.6,8404.0,8407.15,15:15:00,8403.023707832455,3,73
2017-01-12,8406.25,8409.35,8404.5,8409.05,15:20:00,8403.330973753174,3,74
2017-01-12,8409.15,8409.55,8405.25,8406.4,15:25:00,8403.885166729062,3,75
2017-01-13,8432.6,8455.9,8430.4,8454.65,09:15:00,8406.619912754866,4,1
2017-01-13,8428.3,8434.6,8418.35,8433.25,09:20:00,8408.684682968687,4,2
2017-01-13,8421.55,8432.2,8418.7,8428.25,09:25:00,8409.909951257383,4,3
2017-01-13,8408.95,8421.2,8406.35,8420.95,09:30:00,8409.818527328109,4,4
2017-01-13,8409.6,8414.1,8405.75,8409.1,09:35:00,8409.797715201623,4,5
2017-01-13,8408.8,8411.5,8402.45,8409.0,09:40:00,8409.70269470623,4,6
2017-01-13,8407.9,8416.3,8407.9,8408.7,09:45:00,8409.531009496113,4,7
2017-01-13,8394.15,8412.05,8392.85,8407.85,09:50:00,8408.066151448864,4,8
2017-01-13,8394.3,8395.5,8389.5,8394.3,09:55:00,8406.755089406115,4,9
2017-01-13,8398.5,8398.95,8389.25,8394.8,10:00:00,8405.968890415057,4,10
2017-01-13,8401.85,8405.05,8394.6,8398.9,10:05:00,8405.576615137432,4,11
2017-01-13,8384.4,8401.7,8382.6,8401.7,10:10:00,8403.559794648152,4,12
2017-01-13,8384.25,8386.95,8377.15,8384.85,10:15:00,8401.720766586423,4,13
2017-01-13,8384.15,8391.8,8384.15,8384.35,10:20:00,8400.047360244858,4,14
2017-01-13,8382.1,8388.15,8373.65,8383.95,10:25:00,8398.338087840586,4,15
2017-01-13,8388.5,8390.95,8381.65,8381.95,10:30:00,8397.401127093864,4,16
2017-01-13,8394.65,8396.25,8388.0,8388.4,10:35:00,8397.139114989686,4,17
2017-01-13,8394.25,8397.45,8390.8,8394.4,10:40:00,8396.863961181145,4,18
2017-01-13,8394.6,8396.5,8392.25,8394.1,10:45:00,8396.64834583056,4,19
2017-01-13,8398.45,8400.05,8394.55,8394.55,10:50:00,8396.819931941935,4,20
2017-01-13,8388.75,8399.35,8388.5,8398.25,10:55:00,8396.051366995083,4,21
2017-01-13,8394.65,8395.2,8388.7,8388.85,11:00:00,8395.917903471742,4,22
2017-01-13,8396.65,8397.2,8393.55,8394.55,11:05:00,8395.987626950624,4,23
2017-01-13,8394.0,8397.5,8393.7,8396.9,11:10:00,8395.798329145802,4,24
2017-01-13,8393.0,8395.2,8392.15,8394.05,11:15:00,8395.531821608107,4,25
2017-01-13,8399.6,8399.6,8393.1,8393.1,11:20:00,8395.91926716924,4,26
2017-01-13,8401.45,8402.65,8398.65,8399.55,11:25:00,8396.446003629313,4,27
2017-01-13,8402.35,8407.0,8401.25,8401.4,11:30:00,8397.00828899795,4,28
2017-01-13,8403.25,8404.7,8400.55,8402.45,11:35:00,8397.60273766481,4,29
2017-01-13,8400.8,8404.0,8399.4,8403.45,11:40:00,8397.90723883959,4,30
2017-01-13,8398.95,8401.45,8398.1,8400.6,11:45:00,8398.006549426296,4,31
2017-01-13,8397.2,8399.05,8393.7,8398.65,11:50:00,8397.929735195221,4,32
2017-01-13,8401.2,8401.95,8397.1,8397.25,11:55:00,8398.241188986152,4,33
2017-01-13,8403.1,8404.9,8400.85,8400.85,12:00:00,8398.703932892233,4,34
2017-01-13,8398.25,8402.9,8398.25,8402.9,12:05:00,8398.660701188212,4,35
2017-01-13,8400.85,8402.55,8398.55,8398.6,12:10:00,8398.869205836954,4,36
2017-01-13,8398.25,8401.2,8396.35,8400.15,12:15:00,8398.810233852482,4,37
2017-01-13,8396.9,8398.5,8395.15,8398.0,12:20:00,8398.628306818913,4,38
2017-01-13,8394.35,8397.35,8392.75,8397.0,12:25:00,8398.220849026637,4,39
2017-01-13,8394.1,8396.05,8392.95,8394.7,12:30:00,8397.828387214577,4,40
2017-01-13,8395.75,8397.35,8394.25,8394.45,12:35:00,8397.630445575092,4,41
2017-01-13,8391.45,8396.1,8390.55,8396.1,12:40:00,8397.041831710798,4,42
2017-01-13,8394.95,8395.9,8391.05,8391.3,12:45:00,8396.842609643103,4,43
2017-01-13,8395.2,8397.4,8393.95,8395.0,12:50:00,8396.686170629475,4,44
2017-01-13,8392.9,8395.35,8392.35,8395.25,12:55:00,8396.325582950478,4,45
2017-01-13,8393.1,8393.65,8390.75,8392.95,13:00:00,8396.018384574241,4,46
2017-01-13,8391.25,8394.55,8390.45,8393.3,13:05:00,8395.564252710028,4,47
2017-01-13,8393.0,8393.25,8387.9,8391.35,13:10:00,8395.320038166215,4,48
2017-01-13,8392.2,8394.9,8390.85,8393.05,13:15:00,8395.022891674196,4,49
2017-01-13,8393.95,8396.0,8391.7,8391.9,13:20:00,8394.92071151475,4,50
2017-01-13,8392.85,8395.6,8390.35,8394.0,13:25:00,8394.723500894297,4,51
2017-01-13,8394.35,8396.95,8391.95,8393.0,13:30:00,8394.687929380554,4,52
2017-01-13,8394.0,8398.4,8391.95,8394.05,13:35:00,8394.622412296692,4,53
2017-01-13,8392.2,8395.0,8391.35,8394.05,13:40:00,8394.391706363675,4,54
2017-01-13,8395.45,8396.45,8392.1,8392.15,13:45:00,8394.492496233801,4,55
2017-01-13,8388.2,8395.8,8386.5,8395.35,13:50:00,8393.893210878201,4,56
2017-01-13,8384.6,8389.0,8381.7,8388.65,13:55:00,8393.008143175515,4,57
2017-01-13,8384.25,8386.85,8379.6,8384.8,14:00:00,8392.174034301657,4,58
2017-01-13,8383.0,8385.05,8379.25,8384.55,14:05:00,8391.300316749119,4,59
2017-01-13,8378.2,8383.4,8376.1,8383.4,14:10:00,8390.052667534917,4,60
2017-01-13,8380.75,8380.95,8373.15,8378.3,14:15:00,8389.166699198258,4,61
2017-01-13,8379.85,8382.75,8376.45,8381.05,14:20:00,8388.27939451271,4,62
2017-01-13,8384.85,8385.65,8378.0,8379.95,14:25:00,8387.9527855115,4,63
2017-01-13,8388.05,8389.7,8384.95,8385.8,14:30:00,8387.962044034213,4,64
2017-01-13,8387.6,8391.05,8385.9,8388.95,14:35:00,8387.927563650002,4,65
2017-01-13,8381.75,8388.35,8381.65,8387.5,14:40:00,8387.339224254765,4,66
2017-01-13,8389.75,8390.15,8381.45,8381.45,14:45:00,8387.568821944787,4,67
2017-01-13,8388.5,8390.2,8384.45,8389.4,14:50:00,8387.657505569094,4,68
2017-01-13,8391.9,8392.45,8387.7,8388.45,14:55:00,8388.061552657751,4,69
2017-01-13,8402.7,8407.4,8392.85,8392.85,15:00:00,8389.45569049987,4,70
2017-01-13,8401.4,8407.3,8401.1,8402.55,15:05:00,8390.593243785595,4,71
2017-01-13,8398.35,8403.15,8397.8,8401.35,15:10:00,8391.331982472682,4,72
2017-01-13,8399.4,8400.25,8394.7,8398.3,15:15:00,8392.100365094331,4,73
2017-01-13,8398.3,8399.85,8395.7,8399.3,15:20:00,8392.69080651392,4,74
2017-01-13,8397.8,8400.4,8396.6,8398.25,15:25:00,8393.177396369736,4,75
2017-01-16,8378.5,8386.25,8374.4,8385.35,09:15:00,8391.779549096427,0,1
2017-01-16,8384.3,8386.35,8378.0,8378.0,09:20:00,8391.067211087244,0,2
2017-01-16,8390.25,8393.35,8384.05,8384.15,09:25:00,8390.989381459887,0,3
2017-01-16,8380.1,8392.05,8379.25,8390.05,09:30:00,8389.952297511327,0,4
2017-01-16,8379.3,8382.1,8376.45,8380.25,09:35:00,8388.937792986439,0,5
2017-01-16,8385.25,8386.35,8376.95,8379.1,09:40:00,8388.586574606778,0,6
2017-01-16,8384.8,8388.05,8383.35,8385.1,09:45:00,8388.225948453752,0,7
2017-01-16,8382.25,8386.5,8381.6,8384.9,09:50:00,8387.656810505776,0,8
2017-01-16,8387.4,8387.4,8378.7,8382.65,09:55:00,8387.632352362369,0,9
2017-01-16,8396.3,8397.75,8387.6,8387.65,10:00:00,8388.457842613572,0,10
2017-01-16,8394.2,8397.5,8390.65,8396.35,10:05:00,8389.004714745613,0,11
2017-01-16,8396.45,8397.5,8392.7,8394.35,10:10:00,8389.713789531745,0,12
2017-01-16,8403.95,8408.65,8395.95,8396.5,10:15:00,8391.06961910015,0,13
2017-01-16,8407.45,8409.7,8403.6,8404.0,10:20:00,8392.629655376326,0,14
2017-01-16,8401.3,8409.5,8399.9,8407.05,10:25:00,8393.455402483341,0,15
2017-01-16,8407.35,8408.4,8400.65,8401.25,10:30:00,8394.778697484928,0,16
2017-01-16,8413.7,8414.7,8406.1,8407.45,10:35:00,8396.580726295886,0,17
2017-01-16,8409.35,8414.95,8407.1,8414.0,10:40:00,8397.79684760104,0,18
2017-01-16,8403.9,8410.05,8403.2,8409.4,10:45:00,8398.378100210464,0,19
2017-01-16,8404.35,8406.25,8403.2,8403.8,10:50:00,8398.946852571373,0,20
2017-01-16,8400.1,8404.3,8396.65,8404.3,10:55:00,8399.056676136004,0,21
2017-01-16,8406.7,8407.1,8399.25,8399.95,11:00:00,8399.7846117421,0,22
2017-01-16,8404.75,8407.75,8403.65,8406.9,11:05:00,8400.2575058619,0,23
2017-01-16,8407.75,8409.85,8404.6,8405.05,11:10:00,8400.971076732196,0,24
2017-01-16,8403.9,8409.0,8403.8,8407.65,11:15:00,8401.25002180532,0,25
2017-01-16,8407.6,8407.6,8402.75,8404.0,11:20:00,8401.854781633385,0,26
2017-01-16,8401.15,8407.75,8400.0,8407.35,11:25:00,8401.787659573063,0,27
2017-01-16,8405.75,8408.8,8400.6,8401.3,11:30:00,8402.16502532801,0,28
2017-01-16,8401.4,8405.95,8400.75,8405.95,11:35:00,8402.09216577296,0,29
2017-01-16,8404.05,8405.2,8400.4,8401.65,11:40:00,8402.278626175535,0,30
2017-01-16,8403.0,8405.5,8402.35,8404.0,11:45:00,8402.347328444532,0,31
2017-01-16,8404.0,8406.0,8402.05,8403.05,11:50:00,8402.504725735529,0,32
2017-01-16,8399.8,8404.3,8398.55,8403.9,11:55:00,8402.247132808336,0,33
2017-01-16,8399.75,8401.6,8398.4,8399.7,12:00:00,8402.009310636113,0,34
2017-01-16,8401.95,8401.95,8397.55,8399.8,12:05:00,8402.003662004103,0,35
2017-01-16,8400.75,8403.3,8400.25,8401.6,12:10:00,8401.88426562276,0,36
2017-01-16,8405.05,8405.9,8398.2,8400.55,12:15:00,8402.185764134878,0,37
2017-01-16,8402.15,8405.6,8400.9,8404.85,12:20:00,8402.182358026794,0,38
2017-01-16,8401.45,8402.95,8400.8,8401.95,12:25:00,8402.112609643289,0,39
2017-01-16,8402.4,8403.65,8400.75,8401.4,12:30:00,8402.139980153452,0,40
2017-01-16,8405.4,8406.2,8401.4,8402.6,12:35:00,8402.450458234076,0,41
2017-01-16,8405.2,8408.3,8404.55,8405.1,12:40:00,8402.71231935464,0,42
2017-01-16,8405.65,8407.05,8403.5,8405.45,12:45:00,8402.992098463721,0,43
2017-01-16,8411.9,8413.65,8404.65,8405.6,12:50:00,8403.840470038605,0,44
2017-01-16,8409.35,8412.3,8408.6,8411.85,12:55:00,8404.365187177786,0,45
2017-01-16,8409.1,8410.6,8407.75,8409.3,13:00:00,8404.816121732281,0,46
2017-01-16,8411.55,8412.95,8408.35,8409.0,13:05:00,8405.457443472063,0,47
2017-01-16,8412.35,8414.75,8411.25,8411.75,13:10:00,8406.113877427104,0,48
2017-01-16,8415.7,8418.75,8412.25,8412.7,13:15:00,8407.026841481666,0,49
2017-01-16,8417.75,8418.2,8413.95,8415.95,13:20:00,8408.048094673888,0,50
2017-01-16,8415.85,8419.35,8414.5,8417.35,13:25:00,8408.791133276376,0,51
2017-01-16,8415.2,8417.4,8414.1,8415.8,13:30:00,8409.401501535769,0,52
2017-01-16,8417.15,8422.95,8414.7,8415.0,13:35:00,8410.139453770458,0,53
2017-01-16,8420.35,8422.85,8416.9,8417.35,13:40:00,8411.1118867447,0,54
2017-01-16,8419.05,8423.35,8418.9,8420.55,13:45:00,8411.86789753092,0,55
2017-01-16,8419.5,8420.05,8417.0,8419.1,13:50:00,8412.594764432737,0,56
2017-01-16,8416.2,8421.8,8415.85,8419.7,13:55:00,8412.938120201048,0,57
2017-01-16,8420.05,8422.1,8413.55,8415.85,14:00:00,8413.615442086662,0,58
2017-01-16,8419.75,8421.3,8416.75,8419.5,14:05:00,8414.199685697457,0,59
2017-01-16,8421.9,8426.7,8419.65,8419.65,14:10:00,8414.933048964365,0,60
2017-01-16,8420.85,8423.35,8420.85,8421.8,14:15:00,8415.496568110617,0,61
2017-01-16,8422.7,8423.35,8419.55,8421.1,14:20:00,8416.182609242938,0,62
2017-01-16,8423.25,8423.65,8420.9,8422.75,14:25:00,8416.855694076945,0,63
2017-01-16,8419.25,8425.2,8418.25,8422.9,14:30:00,8417.083723212474,0,64
2017-01-16,8419.9,8423.25,8418.6,8419.4,14:35:00,8417.351940049382,0,65
2017-01-16,8418.85,8421.5,8418.0,8419.7,14:40:00,8417.494612425631,0,66
2017-01-16,8420.3,8421.85,8418.5,8418.75,14:45:00,8417.761792194618,0,67
2017-01-16,8420.4,8420.8,8416.85,8420.8,14:50:00,8418.013050080845,0,68
2017-01-16,8422.0,8424.95,8420.05,8420.35,14:55:00,8418.392759596954,0,69
2017-01-16,8408.65,8423.0,8408.65,8422.6,15:00:00,8417.464877730577,0,70
2017-01-16,8407.35,8411.25,8405.65,8408.7,15:05:00,8416.50155604195,0,71
2017-01-16,8409.85,8410.55,8406.5,8407.1,15:10:00,8415.868074514146,0,72
2017-01-16,8412.8,8413.9,8409.1,8410.35,15:15:00,8415.575876941371,0,73
2017-01-16,8413.7,8414.5,8411.9,8412.4,15:20:00,8415.397221994574,0,74
2017-01-16,8418.7,8419.1,8412.75,8413.4,15:25:00,8415.711772280805,0,75
2017-01-17,8433.6,8433.9,8414.35,8414.65,09:15:00,8417.415413015968,1,1
2017-01-17,8437.7,8440.3,8432.05,8432.9,09:20:00,8419.347278443018,1,2
2017-01-17,8433.75,8440.9,8432.95,8438.05,09:25:00,8420.71896621035,1,3
2017-01-17,8432.3,8434.15,8426.25,8433.35,09:30:00,8421.821921809365,1,4
2017-01-17,8434.05,8438.55,8431.7,8432.55,09:35:00,8422.986500684663,1,5
2017-01-17,8432.35,8436.55,8431.15,8433.9,09:40:00,8423.878262524218,1,6
2017-01-17,8431.85,8433.6,8425.4,8432.45,09:45:00,8424.63747561715,1,7
2017-01-17,8435.7,8436.25,8429.6,8431.6,09:50:00,8425.691049367897,1,8
2017-01-17,8433.15,8437.05,8432.3,8435.65,09:55:00,8426.401425618573,1,9
2017-01-17,8430.85,8434.75,8430.55,8433.5,10:00:00,8426.825099369185,1,10
2017-01-17,8422.35,8430.8,8420.4,8430.5,10:05:00,8426.398899429263,1,11
2017-01-17,8424.7,8426.8,8419.7,8422.4,10:10:00,8426.237099483618,1,12
2017-01-17,8415.2,8424.45,8415.15,8424.4,10:15:00,8425.185947151846,1,13
2017-01-17,8407.35,8416.25,8405.85,8415.15,10:20:00,8423.487285518337,1,14
2017-01-17,8414.35,8414.35,8406.35,8407.55,10:25:00,8422.617067849924,1,15
2017-01-17,8409.45,8414.35,8405.25,8413.95,10:30:00,8421.363061388027,1,16
2017-01-17,8403.15,8409.2,8402.95,8409.2,10:35:00,8419.628484112976,1,17
2017-01-17,8403.9,8404.9,8395.2,8402.75,10:40:00,8418.130533245074,1,18
2017-01-17,8404.75,8406.1,8403.0,8404.05,10:45:00,8416.856196745543,1,19
2017-01-17,8406.75,8407.7,8404.25,8404.9,10:50:00,8415.893701817397,1,20
2017-01-17,8409.45,8409.95,8401.9,8407.0,10:55:00,8415.280015930026,1,21
2017-01-17,8404.25,8409.4,8403.85,8409.3,11:00:00,8414.229538222404,1,22
2017-01-17,8399.85,8404.6,8398.1,8404.6,11:05:00,8412.860058391698,1,23
2017-01-17,8403.9,8404.95,8399.85,8400.25,11:10:00,8412.00671949725,1,24
2017-01-17,8401.2,8406.2,8400.85,8404.1,11:15:00,8410.97750811656,1,25
2017-01-17,8400.85,8402.0,8399.5,8401.35,11:20:00,8410.012983534032,1,26
2017-01-17,8400.05,8401.6,8395.65,8401.1,11:25:00,8409.064127959362,1,27
2017-01-17,8399.95,8402.85,8399.7,8399.7,11:30:00,8408.196115772756,1,28
2017-01-17,8402.15,8403.25,8399.75,8399.8,11:35:00,8407.62029522297,1,29
2017-01-17,8403.5,8403.75,8401.9,8402.2,11:40:00,8407.227886154116,1,30
2017-01-17,8401.25,8403.6,8399.3,8403.15,11:45:00,8406.658563663248,1,31
2017-01-17,8402.3,8403.75,8399.6,8401.05,11:50:00,8406.243462361987,1,32
2017-01-17,8395.3,8402.25,8394.8,8402.25,11:55:00,8405.201227851321,1,33
2017-01-17,8392.75,8397.0,8390.4,8395.2,12:00:00,8404.015396627385,1,34
2017-01-17,8388.1,8393.85,8386.75,8392.9,12:05:00,8402.499644567633,1,35
2017-01-17,8386.2,8389.5,8384.9,8388.25,12:10:00,8400.947297465955,1,36
2017-01-17,8390.5,8391.55,8386.1,8386.1,12:15:00,8399.952316754912,1,37
2017-01-17,8392.25,8392.4,8387.85,8390.75,12:20:00,8399.218762778255,1,38
2017-01-17,8391.1,8392.65,8388.85,8391.95,12:25:00,8398.445547275564,1,39
2017-01-17,8384.55,8391.5,8384.15,8391.3,12:30:00,8397.122161820747,1,40
2017-01-17,8382.5,8385.45,8380.5,8384.7,12:35:00,8395.729574980676,1,41
2017-01-17,8381.85,8383.3,8378.3,8382.75,12:40:00,8394.407710696803,1,42
2017-01-17,8385.6,8385.95,8380.2,8381.8,12:45:00,8393.568881106632,1,43
2017-01-17,8390.7,8391.45,8385.0,8385.5,12:50:00,8393.295654334572,1,44
2017-01-17,8389.75,8391.9,8388.0,8390.6,12:55:00,8392.957972969374,1,45
2017-01-17,8396.6,8399.1,8389.4,8389.8,13:00:00,8393.304832686576,1,46
2017-01-17,8397.9,8400.6,8396.7,8396.7,13:05:00,8393.742467668806,1,47
2017-01-17,8397.05,8402.4,8397.05,8398.35,13:10:00,8394.057470747968,1,48
2017-01-17,8395.35,8398.25,8393.85,8397.65,13:15:00,8394.180568771972,1,49
2017-01-17,8397.7,8399.55,8394.9,8395.65,13:20:00,8394.515752698451,1,50
2017-01-17,8394.85,8398.45,8394.65,8397.6,13:25:00,8394.54758577479,1,51
2017-01-17,8393.4,8395.1,8391.85,8394.6,13:30:00,8394.438291891476,1,52
2017-01-17,8392.3,8393.65,8388.75,8393.5,13:35:00,8394.23464504467,1,53
2017-01-17,8395.9,8396.3,8391.25,8392.0,13:40:00,8394.39325027851,1,54
2017-01-17,8393.65,8396.15,8393.1,8396.15,13:45:00,8394.3224645377,1,55
2017-01-17,8390.0,8393.95,8387.5,8393.8,13:50:00,8393.910801248394,1,56
2017-01-17,8389.85,8390.65,8387.4,8390.2,13:55:00,8393.524058272356,1,57
2017-01-17,8389.45,8390.05,8386.7,8389.9,14:00:00,8393.136052722608,1,58
2017-01-17,8391.65,8392.15,8386.95,8389.7,14:05:00,8392.994523891884,1,59
2017-01-17,8390.25,8395.15,8390.25,8391.75,14:10:00,8392.733140664086,1,60
2017-01-17,8387.45,8391.35,8386.2,8390.35,14:15:00,8392.229984410364,1,61
2017-01-17,8385.2,8387.9,8381.95,8387.4,14:20:00,8391.560462085567,1,62
2017-01-17,8384.35,8386.9,8383.65,8385.35,14:25:00,8390.87375141075,1,63
2017-01-17,8385.45,8385.7,8382.25,8384.45,14:30:00,8390.357203657346,1,64
2017-01-17,8389.25,8389.8,8384.7,8385.4,14:35:00,8390.25175568998,1,65
2017-01-17,8388.15,8390.6,8387.1,8389.4,14:40:00,8390.05158848141,1,66
2017-01-17,8396.6,8397.1,8387.95,8388.35,14:45:00,8390.675246721275,1,67
2017-01-17,8392.55,8397.55,8392.4,8396.65,14:50:00,8390.853794652583,1,68
2017-01-17,8393.85,8395.7,8392.85,8392.85,14:55:00,8391.139147542814,1,69
2017-01-17,8401.55,8404.4,8394.1,8394.8,15:00:00,8392.13065730064,1,70
2017-01-17,8398.65,8404.4,8398.45,8401.6,15:05:00,8392.75154708153,1,71
2017-01-17,8402.25,8403.45,8397.85,8398.6,15:10:00,8393.656161645195,1,72
2017-01-17,8398.4,8403.0,8394.9,8402.05,15:15:00,8394.107955774223,1,73
2017-01-17,8397.8,8399.05,8395.25,8398.9,15:20:00,8394.45957903382,1,74
2017-01-17,8388.8,8398.4,8386.2,8397.85,15:25:00,8393.92057150679,1,75
2017-01-18,8424.75,8428.25,8403.65,8403.65,09:15:00,8396.856707553761,2,1
2017-01-18,8428.4,8433.9,8423.5,8425.1,09:20:00,8399.86083064388,2,2
2017-01-18,8435.15,8435.6,8427.7,8428.7,09:25:00,8403.221703915891,2,3
2017-01-18,8438.3,8439.9,8434.85,8435.65,09:30:00,8406.56249401914,2,4
2017-01-18,8448.35,8449.45,8437.95,8438.5,09:35:00,8410.542256493507,2,5
2017-01-18,8451.1,8455.3,8448.7,8449.25,09:40:00,8414.40489873222,2,6
2017-01-18,8453.8,8454.85,8451.45,8451.45,09:45:00,8418.156813138676,2,7
2017-01-18,8450.8,8454.1,8448.4,8454.0,09:50:00,8421.26568807785,2,8
2017-01-18,8453.0,8456.65,8450.7,8451.0,09:55:00,8424.288003499007,2,9
2017-01-18,8453.05,8454.45,8451.05,8453.05,10:00:00,8427.027241261007,2,10
2017-01-18,8455.35,8457.55,8452.65,8453.25,10:05:00,8429.724646855197,2,11
2017-01-18,8452.4,8455.85,8449.75,8454.75,10:10:00,8431.88420429756,2,12
2017-01-18,8453.15,8456.85,8451.65,8452.1,10:15:00,8433.909518173981,2,13
2017-01-18,8458.65,8459.1,8451.65,8452.9,10:20:00,8436.265754538364,2,14
2017-01-18,8458.1,8460.3,8457.1,8458.6,10:25:00,8438.345206487093,2,15
2017-01-18,8455.85,8459.45,8455.35,8458.35,10:30:00,8440.012329678799,2,16
2017-01-18,8453.15,8456.5,8452.5,8456.3,10:35:00,8441.263536376056,2,17
2017-01-18,8449.9,8453.45,8449.7,8452.8,10:40:00,8442.086056721193,2,18
2017-01-18,8452.2,8452.9,8448.4,8449.85,10:45:00,8443.049289414414,2,19
2017-01-18,8451.5,8452.45,8449.25,8452.4,10:50:00,8443.854118993993,2,20
2017-01-18,8444.9,8451.75,8444.75,8451.65,10:55:00,8443.95372670885,2,21
2017-01-18,8444.4,8446.4,8443.75,8444.85,11:00:00,8443.996228927055,2,22
2017-01-18,8441.35,8444.25,8439.5,8444.2,11:05:00,8443.744207124479,2,23
2017-01-18,8445.4,8445.95,8441.3,8441.3,11:10:00,8443.901901684052,2,24
2017-01-18,8445.65,8447.35,8443.8,8445.2,11:15:00,8444.068387237952,2,25
2017-01-18,8444.7,8445.7,8442.85,8445.7,11:20:00,8444.128540834337,2,26
2017-01-18,8447.85,8447.85,8444.25,8444.75,11:25:00,8444.482965516781,2,27
2017-01-18,8446.7,8448.55,8446.05,8447.95,11:30:00,8444.69411165804,2,28
2017-01-18,8445.8,8447.7,8445.15,8446.45,11:35:00,8444.799434357274,2,29
2017-01-18,8444.9,8446.7,8443.4,8445.9,11:40:00,8444.809012037533,2,30
2017-01-18,8443.2,8447.05,8441.9,8445.0,11:45:00,8444.655772795863,2,31
2017-01-18,8442.15,8445.0,8441.75,8443.3,11:50:00,8444.417127767685,2,32
2017-01-18,8444.75,8445.15,8442.2,8442.5,11:55:00,8444.448829885048,2,33
2017-01-18,8445.7,8445.7,8443.2,8444.55,12:00:00,8444.567988943614,2,34
2017-01-18,8443.85,8446.45,8443.85,8446.0,12:05:00,8444.499609044222,2,35
2017-01-18,8427.75,8444.7,8427.75,8444.7,12:10:00,8442.904408182867,2,36
2017-01-18,8427.1,8430.3,8421.45,8427.5,12:15:00,8441.399226451165,2,37
2017-01-18,8420.15,8429.45,8419.7,8426.8,12:20:00,8439.375490598673,2,38
2017-01-18,8421.3,8423.5,8417.5,8420.45,12:25:00,8437.654015303562,2,39
2017-01-18,8425.3,8425.8,8420.45,8421.25,12:30:00,8436.477442417508,2,40
2017-01-18,8427.75,8428.5,8424.75,8425.4,12:35:00,8435.646257425366,2,41
2017-01-18,8426.85,8430.3,8425.2,8427.9,12:40:00,8434.80851862295,2,42
2017-01-18,8428.95,8429.2,8424.9,8426.7,12:45:00,8434.250564468382,2,43
2017-01-18,8426.1,8429.65,8424.1,8429.35,12:50:00,8433.474320233297,2,44
2017-01-18,8424.7,8428.05,8424.45,8426.15,12:55:00,8432.638670687269,2,45
2017-01-18,8418.5,8426.05,8417.4,8424.65,13:00:00,8431.292130621816,2,46
2017-01-18,8423.15,8423.35,8417.65,8418.4,13:05:00,8430.516689610215,2,47
2017-01-18,8422.35,8424.8,8421.3,8423.2,13:10:00,8429.738909647338,2,48
2017-01-18,8422.55,8423.05,8420.75,8422.8,13:15:00,8429.054251585687,2,49
2017-01-18,8423.8,8426.6,8421.85,8422.35,13:20:00,8428.553846672765,2,50
2017-01-18,8418.2,8424.15,8418.2,8423.65,13:25:00,8427.567766037264,2,51
2017-01-18,8418.75,8418.75,8415.55,8418.15,13:30:00,8426.72797879562,2,52
2017-01-18,8416.95,8421.75,8416.85,8419.15,13:35:00,8425.796742719845,2,53
2017-01-18,8411.85,8417.5,8411.85,8417.15,13:40:00,8424.468481508433,2,54
2017-01-18,8409.75,8412.35,8404.1,8411.95,13:45:00,8423.066721364772,2,55
2017-01-18,8405.85,8409.95,8403.25,8409.9,13:50:00,8421.427033615746,2,56
2017-01-18,8403.3,8406.05,8397.4,8405.75,13:55:00,8419.700649461865,2,57
2017-01-18,8409.15,8412.05,8403.5,8403.5,14:00:00,8418.695825703591,2,58
2017-01-18,8411.95,8415.5,8408.85,8409.4,14:05:00,8418.053366112774,2,59
2017-01-18,8412.1,8413.5,8411.0,8411.7,14:10:00,8417.486378863938,2,60
2017-01-18,8407.95,8413.3,8405.5,8412.05,14:15:00,8416.578152305468,2,61
2017-01-18,8406.5,8409.2,8406.35,8408.15,14:20:00,8415.618328276376,2,62
2017-01-18,8404.45,8406.9,8400.5,8406.45,14:25:00,8414.55467796434,2,63
2017-01-18,8413.05,8413.1,8404.55,8404.55,14:30:00,8414.411375301068,2,64
2017-01-18,8410.6,8414.1,8408.05,8412.45,14:35:00,8414.048387177158,2,65
2017-01-18,8416.5,8419.75,8410.7,8411.55,14:40:00,8414.281874112667,2,66
2017-01-18,8410.1,8416.65,8409.45,8416.55,14:45:00,8413.883600387651,2,67
2017-01-18,8412.3,8414.75,8407.65,8409.8,14:50:00,8413.732781303113,2,68
2017-01-18,8413.15,8413.9,8410.55,8412.35,14:55:00,8413.677278321866,2,69
2017-01-18,8418.15,8418.85,8411.7,8413.05,15:00:00,8414.10325181502,2,70
2017-01-18,8420.25,8422.75,8417.2,8418.25,15:05:00,8414.688656404065,2,71
2017-01-18,8422.15,8422.4,8417.9,8420.1,15:10:00,8415.399260556058,2,72
2017-01-18,8417.15,8423.15,8415.8,8422.2,15:15:00,8415.565997645957,2,73
2017-01-18,8414.85,8418.65,8413.9,8417.1,15:20:00,8415.497807393962,2,74
2017-01-18,8413.75,8418.3,8412.2,8414.5,15:25:00,8415.331349546917,2,75
2017-01-19,8409.75,8416.7,8405.95,8416.7,09:15:00,8414.799792447211,3,1
2017-01-19,8423.15,8426.35,8409.1,8409.2,09:20:00,8415.59505030938,3,2
2017-01-19,8424.4,8424.7,8416.05,8423.8,09:25:00,8416.433616946582,3,3
2017-01-19,8419.2,8427.9,8418.8,8424.65,09:30:00,8416.69708199929,3,4
2017-01-19,8418.1,8419.95,8413.45,8419.3,09:35:00,8416.830693237453,3,5
2017-01-19,8418.4,8420.95,8416.0,8418.2,09:40:00,8416.980151024361,3,6
2017-01-19,8422.45,8422.8,8415.55,8418.25,09:45:00,8417.501089022042,3,7
2017-01-19,8422.5,8422.75,8420.7,8422.3,09:50:00,8417.977175781847,3,8
2017-01-19,8417.9,8424.7,8416.45,8422.4,09:55:00,8417.969825707385,3,9
2017-01-19,8417.05,8418.2,8415.45,8417.7,10:00:00,8417.882223259063,3,10
2017-01-19,8409.65,8416.95,8409.65,8416.65,10:05:00,8417.098201996294,3,11
2017-01-19,8410.3,8410.65,8404.05,8409.75,10:10:00,8416.450754187123,3,12
2017-01-19,8413.95,8415.2,8409.4,8410.1,10:15:00,8416.212587121683,3,13
2017-01-19,8419.0,8419.0,8412.8,8413.8,10:20:00,8416.478055014855,3,14
2017-01-19,8422.8,8423.9,8418.8,8419.4,10:25:00,8417.08014501344,3,15
2017-01-19,8421.8,8424.15,8420.25,8422.9,10:30:00,8417.52965501216,3,16
2017-01-19,8420.85,8422.75,8419.35,8422.1,10:35:00,8417.845878344335,3,17
2017-01-19,8420.9,8423.2,8420.3,8420.75,10:40:00,8418.136747073446,3,18
2017-01-19,8419.9,8422.0,8419.1,8420.8,10:45:00,8418.304675923595,3,19
2017-01-19,8419.9,8421.55,8418.55,8420.3,10:50:00,8418.45661154992,3,20
2017-01-19,8419.8,8422.55,8419.55,8420.0,10:55:00,8418.584553307071,3,21
2017-01-19,8422.25,8422.25,8419.5,8419.7,11:00:00,8418.933643468303,3,22
2017-01-19,8425.5,8425.55,8422.15,8422.2,11:05:00,8419.559010757035,3,23
2017-01-19,8424.1,8425.8,8423.0,8425.45,11:10:00,8419.991485923032,3,24
2017-01-19,8430.25,8431.45,8423.85,8424.15,11:15:00,8420.968487263695,3,25
2017-01-19,8435.65,8437.4,8429.4,8430.2,11:20:00,8422.366726571916,3,26
2017-01-19,8434.05,8437.7,8432.7,8435.5,11:25:00,8423.479419279352,3,27
2017-01-19,8434.8,8437.0,8433.45,8434.0,11:30:00,8424.557569824176,3,28
2017-01-19,8435.2,8435.2,8433.15,8434.85,11:35:00,8425.571134602826,3,29
2017-01-19,8435.4,8436.5,8433.85,8435.0,11:40:00,8426.507217021604,3,30
2017-01-19,8434.35,8435.8,8432.3,8435.5,11:45:00,8427.254148733833,3,31
2017-01-19,8435.4,8439.25,8433.45,8434.4,11:50:00,8428.029944092516,3,32
2017-01-19,8434.75,8437.95,8434.2,8435.15,11:55:00,8428.669949417037,3,33
2017-01-19,8431.95,8435.0,8430.25,8434.55,12:00:00,8428.982335186844,3,34
2017-01-19,8433.95,8433.95,8430.8,8432.05,12:05:00,8429.45544612143,3,35
2017-01-19,8434.95,8436.05,8432.95,8433.7,12:10:00,8429.978736967008,3,36
2017-01-19,8438.3,8438.95,8435.0,8435.15,12:15:00,8430.771238208246,3,37
2017-01-19,8438.15,8439.9,8437.55,8438.45,12:20:00,8431.473977426507,3,38
2017-01-19,8436.65,8438.95,8434.6,8438.55,12:25:00,8431.966931957315,3,39
2017-01-19,8434.65,8436.7,8432.0,8436.55,12:30:00,8432.222462247095,3,40
2017-01-19,8438.65,8438.75,8434.45,8434.45,12:35:00,8432.834608699752,3,41
2017-01-19,8434.9,8439.4,8434.45,8438.45,12:40:00,8433.03131263311,3,42
2017-01-19,8431.05,8435.5,8430.6,8435.05,12:45:00,8432.842616191861,3,43
2017-01-19,8432.15,8433.25,8430.3,8431.45,12:50:00,8432.776652745017,3,44
2017-01-19,8432.4,8433.5,8431.95,8432.5,12:55:00,8432.740781055016,3,45
2017-01-19,8428.4,8432.8,8426.4,8432.35,13:00:00,8432.32737333549,3,46
2017-01-19,8430.4,8430.55,8427.6,8428.5,13:05:00,8432.143813970206,3,47
2017-01-19,8433.05,8433.7,8430.1,8430.35,13:10:00,8432.230117401616,3,48
2017-01-19,8431.25,8433.3,8428.65,8432.85,13:15:00,8432.136772887176,3,49
2017-01-19,8429.4,8433.9,8428.65,8431.35,13:20:00,8431.8761278503,3,50
2017-01-19,8430.5,8430.85,8426.75,8428.95,13:25:00,8431.745068055034,3,51
2017-01-19,8432.15,8432.8,8430.15,8430.6,13:30:00,8431.783633002173,3,52
2017-01-19,8427.8,8432.35,8427.1,8432.35,13:35:00,8431.404239382919,3,53
2017-01-19,8429.05,8429.95,8426.9,8428.1,13:40:00,8431.180026108355,3,54
2017-01-19,8428.25,8429.15,8426.7,8429.15,13:45:00,8430.900976002798,3,55
2017-01-19,8427.5,8430.9,8427.2,8428.2,13:50:00,8430.577073526341,3,56
2017-01-19,8425.9,8428.7,8423.45,8427.3,13:55:00,8430.131637952403,3,57
2017-01-19,8425.85,8429.25,8425.25,8425.85,14:00:00,8429.723862909317,3,58
2017-01-19,8426.2,8426.2,8421.45,8425.75,14:05:00,8429.388256917955,3,59
2017-01-19,8418.25,8426.4,8417.25,8426.4,14:10:00,8428.327470544817,3,60
2017-01-19,8421.9,8422.0,8415.0,8418.05,14:15:00,8427.715330492929,3,61
2017-01-19,8419.25,8422.0,8417.2,8422.0,14:20:00,8426.909108541222,3,62
2017-01-19,8417.4,8420.45,8415.6,8419.45,14:25:00,8426.003479156343,3,63
2017-01-19,8421.8,8423.55,8416.85,8417.2,14:30:00,8425.60314780812,3,64
2017-01-19,8429.05,8430.95,8421.25,8421.25,14:35:00,8425.931419445442,3,65
2017-01-19,8431.85,8432.45,8428.5,8429.0,14:40:00,8426.495093783971,3,66
2017-01-19,8433.4,8436.7,8431.85,8432.05,14:45:00,8427.152703899783,3,67
2017-01-19,8432.45,8435.65,8432.2,8433.1,14:50:00,8427.65720829028,3,68
2017-01-19,8438.2,8438.5,8432.15,8432.65,14:55:00,8428.661283691206,3,69
2017-01-19,8442.5,8445.15,8437.85,8438.35,15:00:00,8429.979256672996,3,70
2017-01-19,8438.4,8443.9,8436.9,8442.55,15:05:00,8430.781232227948,3,71
2017-01-19,8435.05,8438.6,8432.55,8437.9,15:10:00,8431.187781539573,3,72
2017-01-19,8435.35,8437.25,8430.9,8434.35,15:15:00,8431.584183297708,3,73
2017-01-19,8433.1,8435.5,8431.5,8435.1,15:20:00,8431.728546793163,3,74
2017-01-19,8431.2,8434.15,8429.05,8433.35,15:25:00,8431.678209003338,3,75
2017-01-27,8633.7,8638.7,8606.9,8606.9,09:15:00,8450.918379574448,4,1
2017-01-27,8648.4,8649.35,8633.6,8633.6,09:20:00,8469.726152948311,4,2
2017-01-27,8644.15,8648.65,8643.1,8648.05,09:25:00,8486.337947905615,4,3
2017-01-27,8640.85,8645.4,8639.65,8644.0,09:30:00,8501.053381438414,4,4
2017-01-27,8649.9,8650.55,8638.35,8640.3,09:35:00,8515.229249872851,4,5
2017-01-27,8653.65,8657.65,8648.05,8650.0,09:40:00,8528.412178456389,4,6
2017-01-27,8644.05,8654.6,8643.75,8653.9,09:45:00,8539.425304317685,4,7
2017-01-27,8646.2,8646.7,8638.45,8644.0,09:50:00,8549.594322954097,4,8
2017-01-27,8647.15,8651.25,8646.1,8646.1,09:55:00,8558.885339815612,4,9
2017-01-27,8649.3,8650.1,8644.4,8647.5,10:00:00,8567.496259833171,4,10
2017-01-27,8649.6,8651.85,8647.95,8648.95,10:05:00,8575.315663658585,4,11
2017-01-27,8651.0,8651.0,8647.3,8649.3,10:10:00,8582.523695691101,4,12
2017-01-27,8648.9,8651.95,8647.25,8650.95,10:15:00,8588.845248482425,4,13
2017-01-27,8651.95,8654.55,8648.5,8649.15,10:20:00,8594.855224817431,4,14
2017-01-27,8656.4,8656.9,8651.2,8652.3,10:25:00,8600.716631977675,4,15
2017-01-27,8659.75,8660.25,8655.35,8656.7,10:30:00,8606.338857503612,4,16
2017-01-27,8667.9,8667.9,8658.65,8659.8,10:35:00,8612.201823455649,4,17
2017-01-27,8663.05,8667.55,8658.7,8667.3,10:40:00,8617.044506936063,4,18
2017-01-27,8668.5,8669.2,8662.4,8662.95,10:45:00,8621.94503008501,4,19
2017-01-27,8666.95,8669.1,8664.9,8668.75,10:50:00,8626.23121769596,4,20
2017-01-27,8660.95,8667.1,8659.7,8666.55,10:55:00,8629.537768391583,4,21
2017-01-27,8665.75,8666.95,8661.25,8661.35,11:00:00,8632.986552354289,4,22
2017-01-27,8665.5,8668.4,8665.05,8666.1,11:05:00,8636.083071177689,4,23
2017-01-27,8664.05,8665.55,8661.2,8665.15,11:10:00,8638.746588208385,4,24
2017-01-27,8662.0,8665.05,8661.85,8663.95,11:15:00,8640.961198855206,4,25
2017-01-27,8662.45,8663.3,8658.3,8662.05,11:20:00,8643.007751345187,4,26
2017-01-27,8667.1,8667.3,8662.9,8663.05,11:25:00,8645.302251217074,4,27
2017-01-27,8670.4,8672.05,8664.0,8666.85,11:30:00,8647.692513005924,4,28
2017-01-27,8665.8,8671.8,8664.95,8670.1,11:35:00,8649.41703557679,4,29
2017-01-27,8669.1,8671.6,8665.5,8665.85,11:40:00,8651.291603617094,4,30
2017-01-27,8669.25,8670.6,8667.75,8668.75,11:45:00,8653.001927082132,4,31
2017-01-27,8668.25,8669.6,8666.65,8669.2,11:50:00,8654.454124502881,4,32
2017-01-27,8668.5,8670.55,8667.2,8668.35,11:55:00,8655.79182693118,4,33
2017-01-27,8670.85,8672.25,8666.7,8668.3,12:00:00,8657.22593865202,4,34
2017-01-27,8668.15,8672.7,8666.7,8671.15,12:05:00,8658.266325447066,4,35
2017-01-27,8667.8,8670.15,8667.55,8667.8,12:10:00,8659.174294452107,4,36
2017-01-27,8659.15,8667.45,8659.0,8667.25,12:15:00,8659.171980694762,4,37
2017-01-27,8645.55,8659.85,8643.2,8659.6,12:20:00,8657.874649200023,4,38
2017-01-27,8650.9,8650.9,8644.0,8644.9,12:25:00,8657.21039689526,4,39
2017-01-27,8653.3,8653.65,8649.2,8650.45,12:30:00,8656.83797814333,4,40
2017-01-27,8656.65,8659.4,8652.8,8652.8,12:35:00,8656.820075463012,4,41
2017-01-27,8647.7,8656.6,8646.35,8656.6,12:40:00,8655.951496847487,4,42
2017-01-27,8638.65,8647.55,8637.25,8647.25,12:45:00,8654.303735242964,4,43
2017-01-27,8645.05,8647.8,8639.0,8639.55,12:50:00,8653.422427124586,4,44
2017-01-27,8640.05,8645.85,8640.05,8644.95,12:55:00,8652.14886263653,4,45
2017-01-27,8643.8,8647.2,8636.6,8640.0,13:00:00,8651.353732861622,4,46
2017-01-27,8650.8,8654.7,8643.45,8643.75,13:05:00,8651.300996398611,4,47
2017-01-27,8651.55,8655.55,8650.2,8651.1,13:10:00,8651.324711027315,4,48
2017-01-27,8660.9,8661.8,8650.55,8651.7,13:15:00,8652.236643310427,4,49
2017-01-27,8654.3,8661.6,8653.25,8660.65,13:20:00,8652.433153471338,4,50
2017-01-27,8650.4,8655.1,8647.8,8654.1,13:25:00,8652.239519807401,4,51
2017-01-27,8649.8,8654.1,8648.7,8650.05,13:30:00,8652.007184587648,4,52
2017-01-27,8645.75,8650.8,8645.75,8649.7,13:35:00,8651.411262245967,4,53
2017-01-27,8650.1,8651.95,8645.0,8645.65,13:40:00,8651.286380127303,4,54
2017-01-27,8648.1,8653.3,8647.25,8650.65,13:45:00,8650.982915353274,4,55
2017-01-27,8656.55,8656.8,8647.6,8647.6,13:50:00,8651.513113891056,4,56
2017-01-27,8662.95,8665.7,8655.75,8656.15,13:55:00,8652.602341139527,4,57
2017-01-27,8658.75,8666.35,8656.6,8663.0,14:00:00,8653.187832459573,4,58
2017-01-27,8664.2,8667.7,8658.4,8658.65,14:05:00,8654.236610320566,4,59
2017-01-27,8666.75,8669.3,8663.75,8663.75,14:10:00,8655.428361718607,4,60
2017-01-27,8661.2,8667.95,8660.95,8666.85,14:15:00,8655.978041554928,4,61
2017-01-27,8659.05,8667.1,8658.55,8661.3,14:20:00,8656.270609025887,4,62
2017-01-27,8653.4,8659.8,8651.55,8658.2,14:25:00,8655.997217690088,4,63
2017-01-27,8643.15,8654.4,8640.25,8652.35,14:30:00,8654.773673148175,4,64
2017-01-27,8645.8,8650.35,8643.05,8643.05,14:35:00,8653.919037610252,4,65
2017-01-27,8635.2,8648.8,8632.55,8645.7,14:40:00,8652.136272123562,4,66
2017-01-27,8647.75,8648.65,8635.15,8635.95,14:45:00,8651.718531921319,4,67
2017-01-27,8640.85,8649.35,8638.3,8648.35,14:50:00,8650.683433643098,4,68
2017-01-27,8640.4,8642.45,8636.6,8641.05,14:55:00,8649.704059010422,4,69
2017-01-27,8644.65,8644.8,8639.35,8640.15,15:00:00,8649.222720057049,4,70
2017-01-27,8646.75,8646.8,8640.2,8644.5,15:05:00,8648.98722290876,4,71
2017-01-27,8642.75,8647.5,8642.35,8646.6,15:10:00,8648.393201679353,4,72
2017-01-27,8636.35,8644.0,8635.0,8642.95,15:15:00,8647.246230090845,4,73
2017-01-27,8640.4,8641.2,8636.05,8636.45,15:20:00,8646.594208177432,4,74
2017-01-27,8641.95,8646.1,8639.5,8640.0,15:25:00,8646.151902636724,4,75
2017-02-01,8576.75,8578.55,8562.85,8567.05,09:15:00,8639.542197623703,2,1
2017-02-01,8572.65,8584.85,8572.25,8577.4,09:20:00,8633.17151213573,2,2
2017-02-01,8569.6,8573.75,8567.4,8572.0,09:25:00,8627.117082408518,2,3
2017-02-01,8564.15,8574.0,8562.6,8569.45,09:30:00,8621.120217417232,2,4
2017-02-01,8556.65,8565.5,8554.55,8564.35,09:35:00,8614.980196710829,2,5
2017-02-01,8564.95,8566.0,8555.85,8556.2,09:40:00,8610.215416071702,2,6
2017-02-01,8557.8,8567.4,8556.65,8565.05,09:45:00,8605.223471683921,2,7
2017-02-01,8555.25,8564.65,8553.6,8557.7,09:50:00,8600.464093428309,2,8
2017-02-01,8555.75,8558.85,8554.0,8555.45,09:55:00,8596.205608339898,2,9
2017-02-01,8560.1,8563.95,8554.45,8555.7,10:00:00,8592.766978974194,2,10
2017-02-01,8563.85,8565.0,8558.65,8560.0,10:05:00,8590.012980976651,2,11
2017-02-01,8559.55,8567.3,8559.15,8563.95,10:10:00,8587.11174469316,2,12
2017-02-01,8546.35,8559.55,8546.35,8559.45,10:15:00,8583.229673770002,2,13
2017-02-01,8552.85,8553.75,8537.6,8546.25,10:20:00,8580.336371506191,2,14
2017-02-01,8553.9,8556.35,8549.55,8553.3,10:25:00,8577.818621838935,2,15
2017-02-01,8558.6,8558.6,8552.1,8554.1,10:30:00,8575.988276901893,2,16
2017-02-01,8554.8,8559.85,8553.05,8558.45,10:35:00,8573.970345768379,2,17
2017-02-01,8566.05,8569.15,8553.2,8555.15,10:40:00,8573.216027123772,2,18
2017-02-01,8560.55,8566.1,8560.0,8566.1,10:45:00,8572.00973882627,2,19
2017-02-01,8555.95,8560.6,8555.65,8560.45,10:50:00,8570.480239890434,2,20
2017-02-01,8564.45,8571.25,8555.25,8556.15,10:55:00,8569.90593132944,2,21
2017-02-01,8567.6,8569.4,8563.8,8564.65,11:00:00,8569.686318821874,2,22
2017-02-01,8569.3,8572.1,8557.9,8567.15,11:05:00,8569.649526553123,2,23
2017-02-01,8565.4,8570.25,8562.3,8569.4,11:10:00,8569.244809738539,2,24
2017-02-01,8565.5,8566.0,8561.1,8565.25,11:15:00,8568.888161192011,2,25
2017-02-01,8572.6,8573.45,8564.15,8565.4,11:20:00,8569.241669649915,2,26
2017-02-01,8577.95,8586.2,8572.55,8573.05,11:25:00,8570.071034445162,2,27
2017-02-01,8573.65,8582.35,8573.4,8577.8,11:30:00,8570.411888307528,2,28
2017-02-01,8558.5,8574.55,8555.3,8573.45,11:35:00,8569.27742275443,2,29
2017-02-01,8546.8,8559.1,8537.5,8558.7,11:40:00,8567.136715825436,2,30
2017-02-01,8554.3,8555.25,8543.15,8544.45,11:45:00,8565.914171461109,2,31
2017-02-01,8552.9,8554.6,8549.5,8554.35,11:50:00,8564.67472656005,2,32
2017-02-01,8554.1,8558.85,8551.4,8553.3,11:55:00,8563.667609744807,2,33
2017-02-01,8561.2,8565.15,8554.15,8554.25,12:00:00,8563.43259929292,2,34
2017-02-01,8543.8,8561.0,8543.8,8560.95,12:05:00,8561.56282793169,2,35
2017-02-01,8547.1,8549.65,8542.25,8543.25,12:10:00,8560.18541574772,2,36
2017-02-01,8547.35,8551.75,8540.9,8546.85,12:15:00,8558.962995200318,2,37
2017-02-01,8554.05,8559.1,8544.25,8547.0,12:20:00,8558.495090895525,2,38
2017-02-01,8546.65,8554.15,8541.3,8554.15,12:25:00,8557.366987000712,2,39
2017-02-01,8549.8,8556.2,8546.9,8546.9,12:30:00,8556.646321572074,2,40
2017-02-01,8557.1,8565.15,8549.3,8549.75,12:35:00,8556.689529041401,2,41
2017-02-01,8550.6,8557.05,8546.55,8556.9,12:40:00,8556.1095738946,2,42
2017-02-01,8558.0,8564.85,8540.7,8550.75,12:45:00,8556.289614476067,2,43
2017-02-01,8550.8,8560.2,8543.0,8558.5,12:50:00,8555.766794049774,2,44
2017-02-01,8611.55,8619.3,8550.3,8550.55,12:55:00,8561.079480330749,2,45
2017-02-01,8637.9,8640.75,8598.55,8611.2,13:00:00,8568.39572029925,2,46
2017-02-01,8645.3,8658.8,8636.55,8637.8,13:05:00,8575.719937413607,2,47
2017-02-01,8618.75,8645.45,8612.35,8645.45,13:10:00,8579.818038612311,2,48
2017-02-01,8634.4,8636.55,8613.6,8619.05,13:15:00,8585.016320649234,2,49
2017-02-01,8627.15,8638.3,8625.95,8634.95,13:20:00,8589.029052015974,2,50
2017-02-01,8642.4,8648.1,8627.2,8627.2,13:25:00,8594.111999443025,2,51
2017-02-01,8640.75,8653.0,8640.75,8642.6,13:30:00,8598.553713781785,2,52
2017-02-01,8626.1,8645.55,8622.75,8641.15,13:35:00,8601.17716961209,2,53
2017-02-01,8644.15,8647.55,8626.4,8626.4,13:40:00,8605.269820125224,2,54
2017-02-01,8665.85,8665.85,8643.1,8644.35,13:45:00,8611.03936106568,2,55
2017-02-01,8663.55,8672.25,8658.9,8665.95,13:50:00,8616.04037429752,2,56
2017-02-01,8676.05,8678.6,8662.25,8663.25,13:55:00,8621.755576745374,2,57
2017-02-01,8688.8,8689.05,8675.6,8675.6,14:00:00,8628.140759912481,2,58
2017-02-01,8677.45,8692.8,8677.45,8688.5,14:05:00,8632.836878016054,2,59
2017-02-01,8685.5,8686.5,8674.7,8677.2,14:10:00,8637.852413443097,2,60
2017-02-01,8689.25,8697.1,8684.35,8684.95,14:15:00,8642.747421686612,2,61
2017-02-01,8687.8,8692.85,8685.95,8689.6,14:20:00,8647.038143430744,2,62
2017-02-01,8682.75,8689.1,8681.8,8687.4,14:25:00,8650.439272627815,2,63
2017-02-01,8680.55,8684.9,8679.7,8682.3,14:30:00,8653.306960948976,2,64
2017-02-01,8683.15,8684.15,8675.75,8680.7,14:35:00,8656.149155144312,2,65
2017-02-01,8688.15,8688.55,8682.25,8683.05,14:40:00,8659.196854654378,2,66
2017-02-01,8693.25,8695.3,8688.1,8688.1,14:45:00,8662.44001135396,2,67
2017-02-01,8698.9,8703.0,8692.85,8693.55,14:50:00,8665.91239122501,2,68
2017-02-01,8706.85,8708.25,8696.85,8698.65,14:55:00,8669.811211108343,2,69
2017-02-01,8716.75,8719.35,8707.15,8707.15,15:00:00,8674.281571955167,2,70
2017-02-01,8717.35,8721.9,8714.75,8716.45,15:05:00,8678.383327007055,2,71
2017-02-01,8717.7,8722.4,8715.7,8717.45,15:10:00,8682.127772054004,2,72
2017-02-01,8714.25,8719.1,8711.7,8717.65,15:15:00,8685.187031858384,2,73
2017-02-01,8715.05,8716.45,8708.95,8713.6,15:20:00,8688.031124062349,2,74
2017-02-01,8715.5,8717.6,8712.9,8714.6,15:25:00,8690.647207484983,2,75
2017-02-02,8713.3,8724.2,8697.65,8724.2,09:15:00,8692.804616295936,3,1
2017-02-02,8700.05,8716.15,8698.85,8712.45,09:20:00,8693.494652839181,3,2
2017-02-02,8696.15,8705.55,8694.7,8700.35,09:25:00,8693.747543044974,3,3
2017-02-02,8694.15,8701.9,8693.35,8696.4,09:30:00,8693.785872278786,3,4
2017-02-02,8706.0,8707.6,8692.05,8694.4,09:35:00,8694.94912253795,3,5
2017-02-02,8722.4,8722.9,8705.3,8706.1,09:40:00,8697.56349182005,3,6
2017-02-02,8720.45,8727.0,8718.4,8722.1,09:45:00,8699.74315926576,3,7
2017-02-02,8714.9,8723.3,8714.9,8720.1,09:50:00,8701.186667907115,3,8
2017-02-02,8713.25,8718.85,8713.1,8715.0,09:55:00,8702.335556677866,3,9
2017-02-02,8715.9,8720.55,8707.3,8713.5,10:00:00,8703.627408422832,3,10
2017-02-02,8715.9,8721.15,8714.85,8715.85,10:05:00,8704.796226668277,3,11
2017-02-02,8718.55,8722.2,8715.65,8715.7,10:10:00,8706.106109842727,3,12
2017-02-02,8721.65,8723.35,8718.5,8718.5,10:15:00,8707.586480333895,3,13
2017-02-02,8720.2,8721.9,8717.3,8721.9,10:20:00,8708.787767921143,3,14
2017-02-02,8715.65,8720.45,8715.05,8720.25,10:25:00,8709.441313833415,3,15
2017-02-02,8708.45,8716.65,8700.3,8715.25,10:30:00,8709.346902992136,3,16
2017-02-02,8711.55,8712.3,8703.6,8708.35,10:35:00,8709.55672175479,3,17
2017-02-02,8719.55,8719.65,8711.35,8711.8,10:40:00,8710.508462540049,3,18
2017-02-02,8720.45,8720.55,8715.35,8719.15,10:45:00,8711.455275631473,3,19
2017-02-02,8723.1,8724.4,8720.2,8720.8,10:50:00,8712.564296999904,3,20
2017-02-02,8717.7,8723.05,8717.55,8722.8,10:55:00,8713.053411571342,3,21
2017-02-02,8719.25,8720.2,8716.25,8717.85,11:00:00,8713.643562850262,3,22
2017-02-02,8712.35,8720.15,8711.8,8719.5,11:05:00,8713.520366388333,3,23
2017-02-02,8711.8,8713.85,8709.15,8712.25,11:10:00,8713.356521970396,3,24
2017-02-02,8704.0,8713.25,8702.8,8711.4,11:15:00,8712.465424639882,3,25
2017-02-02,8709.6,8709.7,8702.55,8703.7,11:20:00,8712.192527055131,3,26
2017-02-02,8701.5,8710.1,8700.65,8709.8,11:25:00,8711.174191145119,3,27
2017-02-02,8692.75,8701.9,8692.65,8701.6,11:30:00,8709.419506274156,3,28
2017-02-02,8693.9,8694.95,8686.25,8691.65,11:35:00,8707.94145805757,3,29
2017-02-02,8689.15,8696.8,8688.35,8693.55,11:40:00,8706.15179538542,3,30
2017-02-02,8688.6,8691.4,8685.8,8688.9,11:45:00,8704.480195824903,3,31
2017-02-02,8696.1,8697.6,8688.55,8688.55,11:50:00,8703.682081936817,3,32
2017-02-02,8692.7,8696.75,8687.65,8695.8,11:55:00,8702.636169371406,3,33
2017-02-02,8692.85,8695.3,8691.3,8692.45,12:00:00,8701.704153240797,3,34
2017-02-02,8696.4,8696.4,8690.75,8693.1,12:05:00,8701.198995789293,3,35
2017-02-02,8695.25,8698.85,8694.4,8696.2,12:10:00,8700.632424761741,3,36
2017-02-02,8701.05,8702.05,8694.75,8695.45,12:15:00,8700.672193832052,3,37
2017-02-02,8699.8,8702.25,8699.25,8700.8,12:20:00,8700.589127752808,3,38
2017-02-02,8704.85,8706.15,8699.35,8699.6,12:25:00,8700.994925109684,3,39
2017-02-02,8703.55,8707.8,8702.75,8704.75,12:30:00,8701.238265575428,3,40
2017-02-02,8703.1,8704.35,8700.1,8703.45,12:35:00,8701.415573615863,3,41
2017-02-02,8713.35,8713.65,8703.0,8703.0,12:40:00,8702.552185652446,3,42
2017-02-02,8707.8,8714.4,8707.15,8713.3,12:45:00,8703.05197749507,3,43
2017-02-02,8715.05,8715.3,8707.2,8707.35,12:50:00,8704.194646305063,3,44
2017-02-02,8717.7,8720.8,8714.5,8714.6,12:55:00,8705.480870466487,3,45
2017-02-02,8716.8,8720.8,8714.05,8717.95,13:00:00,8706.558882803012,3,46
2017-02-02,8718.15,8719.05,8716.0,8716.7,13:05:00,8707.662798726535,3,47
2017-02-02,8716.3,8722.7,8715.85,8718.25,13:10:00,8708.485389324007,3,48
2017-02-02,8712.8,8717.7,8710.95,8716.7,13:15:00,8708.896304626482,3,49
2017-02-02,8716.7,8719.15,8712.0,8712.6,13:20:00,8709.639513709673,3,50
2017-02-02,8713.5,8718.1,8712.95,8716.75,13:25:00,8710.007179070657,3,51
2017-02-02,8726.75,8727.4,8713.2,8713.75,13:30:00,8711.60173344488,3,52
2017-02-02,8728.75,8729.7,8721.45,8726.5,13:35:00,8713.234901688225,3,53
2017-02-02,8727.9,8734.45,8727.35,8728.35,13:40:00,8714.631577717919,3,54
2017-02-02,8731.05,8734.9,8727.4,8727.4,13:45:00,8716.19523698288,3,55
2017-02-02,8725.2,8735.6,8721.95,8730.9,13:50:00,8717.0528334607,3,56
2017-02-02,8732.6,8733.15,8722.0,8725.05,13:55:00,8718.533515988252,3,57
2017-02-02,8742.2,8743.35,8732.55,8732.65,14:00:00,8720.787466846514,3,58
2017-02-02,8738.75,8744.25,8737.45,8742.25,14:05:00,8722.498184289703,3,59
2017-02-02,8746.6,8749.35,8738.85,8738.9,14:10:00,8724.793595309731,3,60
2017-02-02,8753.75,8756.4,8746.65,8746.65,14:15:00,8727.551348137375,3,61
2017-02-02,8741.0,8757.25,8740.85,8753.9,14:20:00,8728.832172124292,3,62
2017-02-02,8741.2,8746.0,8740.55,8740.9,14:25:00,8730.010060493407,3,63
2017-02-02,8753.75,8756.1,8742.5,8743.2,14:30:00,8732.271007113082,3,64
2017-02-02,8746.45,8756.85,8743.65,8754.25,14:35:00,8733.621387388026,3,65
2017-02-02,8746.85,8749.6,8744.45,8746.65,14:40:00,8734.881255255834,3,66
2017-02-02,8749.45,8752.7,8745.6,8747.25,14:45:00,8736.268754755278,3,67
2017-02-02,8751.2,8754.3,8747.7,8749.25,14:50:00,8737.690778111919,3,68
2017-02-02,8749.35,8757.6,8749.35,8751.5,14:55:00,8738.801180196499,3,69
2017-02-02,8745.55,8750.2,8744.15,8749.4,15:00:00,8739.44392493969,3,70
2017-02-02,8742.85,8748.5,8741.3,8746.35,15:05:00,8739.768313040671,3,71
2017-02-02,8729.25,8744.6,8729.15,8743.2,15:10:00,8738.766568941559,3,72
2017-02-02,8725.4,8729.75,8718.9,8729.75,15:15:00,8737.493562375696,3,73
2017-02-02,8730.0,8730.15,8725.5,8725.65,15:20:00,8736.779889768486,3,74
2017-02-02,8722.3,8729.9,8717.7,8729.05,15:25:00,8735.40085264768,3,75
2017-02-03,8729.65,8734.55,8717.75,8730.25,09:15:00,8734.853152395519,4,1
2017-02-03,8729.75,8731.95,8722.75,8730.5,09:20:00,8734.36713788166,4,2
2017-02-03,8732.45,8738.65,8730.1,8730.1,09:25:00,8734.184553321502,4,3
2017-02-03,8727.5,8735.9,8723.15,8732.2,09:30:00,8733.547929195644,4,4
2017-02-03,8731.85,8734.15,8726.65,8727.3,09:35:00,8733.386221653202,4,5
2017-02-03,8733.3,8733.55,8729.15,8731.65,09:40:00,8733.378010067183,4,6
2017-02-03,8732.35,8733.35,8728.15,8733.35,09:45:00,8733.280104346499,4,7
2017-02-03,8743.1,8743.1,8732.25,8732.4,09:50:00,8734.215332503974,4,8
2017-02-03,8743.9,8748.25,8742.5,8743.4,09:55:00,8735.13768178931,4,9
2017-02-03,8734.9,8744.65,8734.9,8744.2,10:00:00,8735.115045428423,4,10
2017-02-03,8728.4,8738.55,8728.25,8735.15,10:05:00,8734.475517292383,4,11
2017-02-03,8722.35,8728.55,8720.75,8728.25,10:10:00,8733.32070612168,4,12
2017-02-03,8727.35,8730.25,8722.15,8722.6,10:15:00,8732.752067443424,4,13
2017-02-03,8715.1,8727.9,8714.1,8727.45,10:20:00,8731.070918163097,4,14
2017-02-03,8721.45,8721.45,8709.65,8714.7,10:25:00,8730.154640242801,4,15
2017-02-03,8719.8,8722.25,8716.6,8721.4,10:30:00,8729.168484029202,4,16
2017-02-03,8723.35,8723.35,8719.1,8719.7,10:35:00,8728.614342693087,4,17
2017-02-03,8723.9,8725.25,8721.05,8723.45,10:40:00,8728.165357674698,4,18
2017-02-03,8726.5,8729.05,8723.05,8723.65,10:45:00,8728.00675218187,4,19
2017-02-03,8720.25,8727.05,8717.95,8726.8,10:50:00,8727.268013878835,4,20
2017-02-03,8724.85,8726.95,8720.05,8720.05,10:55:00,8727.037726842755,4,21
2017-02-03,8729.8,8730.3,8724.2,8725.0,11:00:00,8727.300800476778,4,22
2017-02-03,8722.2,8730.05,8721.65,8729.65,11:05:00,8726.81500995518,4,23
2017-02-03,8722.95,8725.1,8721.5,8722.4,11:10:00,8726.446913768974,4,24
2017-02-03,8723.8,8726.6,8721.05,8723.0,11:15:00,8726.194826743358,4,25
2017-02-03,8722.55,8724.25,8721.45,8723.95,11:20:00,8725.847700386848,4,26
2017-02-03,8722.95,8725.55,8722.25,8722.5,11:25:00,8725.571728921435,4,27
2017-02-03,8719.85,8723.5,8718.85,8722.9,11:30:00,8725.02680235749,4,28
2017-02-03,8715.75,8720.95,8715.55,8720.05,11:35:00,8724.143297371063,4,29
2017-02-03,8712.35,8715.75,8707.75,8715.45,11:40:00,8723.020126192867,4,30
2017-02-03,8712.25,8716.35,8712.1,8712.1,11:45:00,8721.994399888785,4,31
2017-02-03,8710.95,8712.85,8708.95,8712.6,11:50:00,8720.942552280329,4,32
2017-02-03,8718.35,8719.5,8710.65,8710.85,11:55:00,8720.695642539345,4,33
2017-02-03,8716.7,8720.9,8716.35,8718.45,12:00:00,8720.315105154647,4,34
2017-02-03,8716.75,8720.0,8714.95,8716.5,12:05:00,8719.975571330395,4,35
2017-02-03,8722.65,8723.35,8716.6,8717.0,12:10:00,8720.230278822739,4,36
2017-02-03,8719.4,8724.25,8718.9,8722.5,12:15:00,8720.151204649144,4,37
2017-02-03,8716.45,8721.5,8716.4,8719.35,12:20:00,8719.798708968274,4,38
2017-02-03,8719.15,8719.85,8716.35,8716.35,12:25:00,8719.736927161772,4,39
2017-02-03,8722.8,8723.7,8718.95,8718.95,12:30:00,8720.02864838446,4,40
2017-02-03,8724.3,8724.75,8721.15,8723.1,12:35:00,8720.435443776416,4,41
2017-02-03,8721.3,8725.15,8720.05,8725.0,12:40:00,8720.517782464376,4,42
2017-02-03,8720.75,8722.4,8718.0,8721.15,12:45:00,8720.53989842015,4,43
2017-02-03,8724.45,8724.6,8720.3,8720.5,12:50:00,8720.912289046802,4,44
2017-02-03,8724.5,8727.45,8724.3,8724.5,12:55:00,8721.25397580425,4,45
2017-02-03,8719.75,8724.7,8716.85,8724.45,13:00:00,8721.11074001337,4,46
2017-02-03,8715.75,8721.2,8715.55,8720.0,13:05:00,8720.60019334543,4,47
2017-02-03,8712.35,8717.0,8710.35,8715.8,13:10:00,8719.814460645866,4,48
2017-02-03,8717.6,8719.1,8709.9,8712.25,13:15:00,8719.603559631974,4,49
2017-02-03,8717.4,8720.25,8717.05,8718.2,13:20:00,8719.39369680988,4,50
2017-02-03,8715.4,8718.75,8714.85,8716.8,13:25:00,8719.01334473275,4,51
2017-02-03,8717.8,8719.0,8712.85,8715.45,13:30:00,8718.897788091535,4,52
2017-02-03,8725.35,8725.75,8717.25,8718.0,13:35:00,8719.51228446377,4,53
2017-02-03,8724.55,8727.15,8723.95,8725.75,13:40:00,8719.992066895791,4,54
2017-02-03,8721.2,8725.85,8721.05,8724.5,13:45:00,8720.107108143811,4,55
2017-02-03,8721.1,8722.15,8717.25,8721.4,13:50:00,8720.201669272972,4,56
2017-02-03,8732.85,8738.05,8720.8,8720.8,13:55:00,8721.406272199356,4,57
2017-02-03,8727.4,8732.8,8727.4,8732.8,14:00:00,8721.977103418465,4,58
2017-02-03,8735.75,8736.6,8726.75,8727.45,14:05:00,8723.288807854802,4,59
2017-02-03,8739.65,8742.5,8735.7,8735.7,14:10:00,8724.847016630536,4,60
2017-02-03,8735.85,8741.9,8735.15,8739.95,14:15:00,8725.89491980858,4,61
2017-02-03,8739.45,8743.5,8734.7,8735.45,14:20:00,8727.18587982681,4,62
2017-02-03,8735.25,8742.6,8735.0,8739.6,14:25:00,8727.953891271874,4,63
2017-02-03,8732.75,8736.65,8730.35,8734.9,14:30:00,8728.410663531697,4,64
2017-02-03,8732.6,8737.95,8731.35,8732.8,14:35:00,8728.809647957249,4,65
2017-02-03,8720.3,8734.7,8719.85,8733.2,14:40:00,8727.999205294655,4,66
2017-02-03,8729.55,8730.85,8719.6,8720.4,14:45:00,8728.146900028496,4,67
2017-02-03,8725.4,8731.8,8722.5,8729.65,14:50:00,8727.885290501972,4,68
2017-02-03,8731.25,8732.3,8724.65,8725.75,14:55:00,8728.205739025594,4,69
2017-02-03,8741.3,8742.05,8731.1,8731.15,15:00:00,8729.452811499348,4,70
2017-02-03,8736.85,8743.9,8736.25,8741.55,15:05:00,8730.157305642268,4,71
2017-02-03,8743.1,8744.3,8736.45,8736.75,15:10:00,8731.389943200147,4,72
2017-02-03,8741.2,8744.55,8740.0,8743.2,15:15:00,8732.324234323944,4,73
2017-02-03,8742.7,8745.1,8740.5,8741.6,15:20:00,8733.312402483569,4,74
2017-02-03,8738.55,8743.1,8737.0,8743.1,15:25:00,8733.811221294658,4,75
2017-02-06,8786.1,8794.55,8781.85,8783.55,09:15:00,8738.79110498088,0,1
2017-02-06,8792.65,8792.8,8779.85,8785.95,09:20:00,8743.92052355413,0,2
2017-02-06,8785.0,8793.45,8785.0,8792.6,09:25:00,8747.832854644214,0,3
2017-02-06,8795.65,8797.7,8783.7,8784.9,09:30:00,8752.386868487622,0,4
2017-02-06,8796.65,8796.95,8792.9,8795.6,09:35:00,8756.602404822133,0,5
2017-02-06,8802.05,8803.5,8795.15,8796.75,09:40:00,8760.930747220025,0,6
2017-02-06,8803.8,8809.1,8802.5,8802.5,09:45:00,8765.013533199071,0,7
2017-02-06,8801.1,8804.15,8797.25,8803.85,09:50:00,8768.450339561065,0,8
2017-02-06,8793.45,8801.6,8793.25,8800.95,09:55:00,8770.831259602868,0,9
2017-02-06,8793.25,8793.55,8786.85,8793.05,10:00:00,8772.96637773593,0,10
2017-02-06,8797.35,8798.2,8792.8,8793.3,10:05:00,8775.288627475364,0,11
2017-02-06,8793.85,8797.6,8791.3,8797.6,10:10:00,8777.056377239614,0,12
2017-02-06,8798.75,8799.9,8793.15,8794.3,10:15:00,8779.122436550128,0,13
2017-02-06,8797.35,8798.6,8794.2,8798.55,10:20:00,8780.858394973924,0,14
2017-02-06,8799.2,8800.05,8796.5,8797.4,10:25:00,8782.605214500218,0,15
2017-02-06,8797.5,8799.4,8795.35,8799.4,10:30:00,8784.023765500197,0,16
2017-02-06,8797.4,8798.45,8795.6,8797.45,10:35:00,8785.297692595415,0,17
2017-02-06,8794.65,8798.55,8794.45,8797.3,10:40:00,8786.188388538709,0,18
2017-02-06,8799.05,8799.05,8794.25,8794.55,10:45:00,8787.413303915975,0,19
2017-02-06,8803.4,8804.6,8798.9,8798.9,10:50:00,8788.935846400167,0,20
2017-02-06,8803.55,8806.05,8802.3,8803.5,10:55:00,8790.327670552531,0,21
2017-02-06,8799.85,8804.75,8799.85,8803.4,11:00:00,8791.234559071338,0,22
2017-02-06,8799.5,8800.9,8798.25,8799.9,11:05:00,8792.021743921687,0,23
2017-02-06,8804.1,8804.15,8798.8,8799.75,11:10:00,8793.172054024382,0,24
2017-02-06,8804.15,8805.05,8802.1,8804.05,11:15:00,8794.217572688727,0,25
2017-02-06,8804.0,8805.35,8800.7,8804.45,11:20:00,8795.149232432657,0,26
2017-02-06,8801.2,8804.95,8800.45,8804.15,11:25:00,8795.7254960105,0,27
2017-02-06,8800.2,8801.75,8798.75,8801.25,11:30:00,8796.151639247595,0,28
2017-02-06,8803.6,8803.8,8797.8,8799.7,11:35:00,8796.8610069383,0,29
2017-02-06,8799.95,8804.6,8799.6,8803.45,11:40:00,8797.1551967537,0,30
2017-02-06,8796.55,8800.5,8795.95,8800.05,11:45:00,8797.097558967633,0,31
2017-02-06,8800.6,8801.45,8795.3,8796.45,11:50:00,8797.43112478024,0,32
2017-02-06,8802.65,8802.65,8799.95,8800.7,11:55:00,8797.928160515456,0,33
2017-02-06,8801.3,8804.1,8800.9,8802.7,12:00:00,8798.249288085412,0,34
2017-02-06,8801.85,8803.05,8800.2,8801.2,12:05:00,8798.592213029659,0,35
2017-02-06,8799.9,8801.7,8798.9,8801.5,12:10:00,8798.71676416969,0,36
2017-02-06,8796.9,8800.2,8796.75,8800.2,12:15:00,8798.543739010673,0,37
2017-02-06,8799.1,8799.65,8795.65,8796.5,12:20:00,8798.596716247752,0,38
2017-02-06,8801.3,8801.65,8798.15,8799.35,12:25:00,8798.854171843204,0,39
2017-02-06,8804.05,8804.75,8800.55,8801.55,12:30:00,8799.349012620041,0,40
2017-02-06,8805.3,8806.75,8803.65,8803.7,12:35:00,8799.915773322895,0,41
2017-02-06,8804.3,8806.4,8804.05,8805.05,12:40:00,8800.333318720714,0,42
2017-02-06,8803.45,8804.75,8802.45,8804.4,12:45:00,8800.630145509216,0,43
2017-02-06,8806.55,8808.0,8803.3,8803.35,12:50:00,8801.193941175005,0,44
2017-02-06,8808.4,8809.15,8806.15,8806.35,12:55:00,8801.88023249167,0,45
2017-02-06,8808.1,8808.95,8806.95,8808.15,13:00:00,8802.472591301987,0,46
2017-02-06,8812.4,8814.1,8807.65,8807.65,13:05:00,8803.418058797035,0,47
2017-02-06,8807.55,8813.55,8805.95,8812.25,13:10:00,8803.811577006842,0,48
2017-02-06,8799.85,8808.1,8799.05,8807.7,13:15:00,8803.434283958572,0,49
2017-02-06,8790.75,8800.6,8790.35,8799.8,13:20:00,8802.226256914899,0,50
2017-02-06,8795.75,8797.3,8790.7,8791.0,13:25:00,8801.609470542051,0,51
2017-02-06,8787.0,8796.0,8786.8,8795.65,13:30:00,8800.21809239519,0,52
2017-02-06,8774.8,8787.1,8771.5,8787.1,13:35:00,8797.797321690885,0,53
2017-02-06,8788.8,8791.9,8770.2,8774.2,13:40:00,8796.9404339108,0,54
2017-02-06,8783.75,8789.2,8782.15,8789.15,13:45:00,8795.684202109771,0,55
2017-02-06,8781.4,8786.75,8778.95,8783.7,13:50:00,8794.32380190884,0,56
2017-02-06,8784.7,8785.0,8780.65,8781.25,13:55:00,8793.407249346094,0,57
2017-02-06,8793.2,8794.7,8784.65,8784.65,14:00:00,8793.387511313133,0,58
2017-02-06,8797.05,8797.7,8792.45,8793.35,14:05:00,8793.7363197595,0,59
2017-02-06,8799.3,8802.65,8795.45,8797.15,14:10:00,8794.26619406812,0,60
2017-02-06,8802.15,8804.6,8799.45,8799.45,14:15:00,8795.017032728298,0,61
2017-02-06,8797.25,8804.65,8795.7,8801.95,14:20:00,8795.229696277984,0,62
2017-02-06,8802.7,8805.9,8797.15,8797.15,14:25:00,8795.941153775319,0,63
2017-02-06,8802.7,8806.4,8802.1,8802.85,14:30:00,8796.584853415765,0,64
2017-02-06,8801.6,8805.35,8801.2,8803.15,14:35:00,8797.062486423787,0,65
2017-02-06,8802.0,8807.15,8802.0,8802.15,14:40:00,8797.532725811998,0,66
2017-02-06,8797.35,8804.25,8794.75,8802.05,14:45:00,8797.515323353713,0,67
2017-02-06,8797.95,8801.6,8796.1,8797.55,14:50:00,8797.55672112955,0,68
2017-02-06,8797.45,8798.65,8793.4,8797.8,14:55:00,8797.546557212449,0,69
2017-02-06,8803.65,8807.45,8797.6,8797.6,15:00:00,8798.127837477929,0,70
2017-02-06,8804.45,8805.45,8801.0,8803.25,15:05:00,8798.729948194317,0,71
2017-02-06,8800.9,8805.3,8798.75,8804.2,15:10:00,8798.936619794858,0,72
2017-02-06,8800.55,8803.0,8797.85,8801.05,15:15:00,8799.090275052491,0,73
2017-02-06,8798.3,8801.6,8797.55,8801.1,15:20:00,8799.015010761777,0,74
2017-02-06,8796.1,8802.05,8795.55,8797.95,15:25:00,8798.737390689226,0,75
2017-02-07,8791.45,8809.3,8788.0,8801.45,09:15:00,8798.043353480729,1,1
2017-02-07,8798.75,8802.25,8787.85,8791.15,09:20:00,8798.110653149231,1,2
2017-02-07,8798.1,8802.45,8793.45,8799.05,09:25:00,8798.10963856359,1,3
2017-02-07,8784.15,8797.55,8781.45,8797.35,09:30:00,8796.780149176582,1,4
2017-02-07,8778.6,8785.9,8773.55,8784.7,09:35:00,8795.04870639786,1,5
2017-02-07,8785.7,8788.65,8777.8,8778.25,09:40:00,8794.158353407587,1,6
2017-02-07,8786.95,8788.95,8779.55,8785.4,09:45:00,8793.471843559246,1,7
2017-02-07,8784.35,8787.9,8781.85,8786.8,09:50:00,8792.603096553603,1,8
2017-02-07,8791.6,8792.0,8780.3,8784.3,09:55:00,8792.507563548497,1,9
2017-02-07,8788.35,8798.95,8788.3,8791.95,10:00:00,8792.111605115308,1,10
2017-02-07,8789.85,8794.0,8787.9,8788.55,10:05:00,8791.896214151944,1,11
2017-02-07,8787.0,8790.8,8783.0,8789.95,10:10:00,8791.429908042235,1,12
2017-02-07,8781.2,8787.7,8779.8,8786.85,10:15:00,8790.455631085832,1,13
2017-02-07,8783.45,8786.95,8778.55,8781.15,10:20:00,8789.788428125277,1,14
2017-02-07,8785.75,8786.6,8783.15,8783.3,10:25:00,8789.40381592287,1,15
2017-02-07,8788.9,8789.6,8784.35,8786.1,10:30:00,8789.355833454025,1,16
2017-02-07,8785.3,8789.35,8785.15,8788.8,10:35:00,8788.96956360126,1,17
2017-02-07,8784.75,8787.1,8783.65,8785.35,10:40:00,8788.567700401141,1,18
2017-02-07,8786.55,8787.8,8783.75,8784.9,10:45:00,8788.375538458175,1,19
2017-02-07,8782.85,8786.95,8782.8,8786.5,10:50:00,8787.849296700253,1,20
2017-02-07,8780.8,8783.8,8779.75,8782.9,10:55:00,8787.177935109754,1,21
2017-02-07,8780.8,8782.05,8780.25,8781.2,11:00:00,8786.570512718348,1,22
2017-02-07,8778.5,8781.05,8777.9,8781.05,11:05:00,8785.801892459458,1,23
2017-02-07,8772.7,8778.6,8770.75,8778.35,11:10:00,8784.554093177605,1,24
2017-02-07,8771.75,8775.2,8771.3,8772.85,11:15:00,8783.334655732118,1,25
2017-02-07,8776.35,8778.1,8770.1,8771.6,11:20:00,8782.669450424297,1,26
2017-02-07,8774.7,8777.05,8773.35,8776.3,11:25:00,8781.910455145793,1,27
2017-02-07,8776.55,8778.8,8774.2,8774.9,11:30:00,8781.399935608099,1,28
2017-02-07,8776.9,8777.35,8774.7,8776.75,11:35:00,8780.971370312089,1,29
2017-02-07,8781.0,8782.05,8776.6,8776.8,11:40:00,8780.974096949032,1,30
2017-02-07,8783.85,8785.4,8780.6,8780.7,11:45:00,8781.247992477696,1,31
2017-02-07,8781.05,8783.65,8779.9,8783.5,11:50:00,8781.229136051248,1,32
2017-02-07,8782.45,8783.3,8780.45,8781.0,11:55:00,8781.345408808273,1,33
2017-02-07,8784.25,8784.45,8781.6,8782.35,12:00:00,8781.622036540819,1,34
2017-02-07,8780.6,8785.2,8779.7,8784.5,12:05:00,8781.524699727408,1,35
2017-02-07,8778.2,8781.35,8777.25,8780.5,12:10:00,8781.208061658132,1,36
2017-02-07,8778.25,8781.6,8778.0,8778.0,12:15:00,8780.926341500215,1,37
2017-02-07,8782.6,8782.6,8776.5,8778.3,12:20:00,8781.085737547814,1,38
2017-02-07,8783.25,8783.7,8780.9,8782.7,12:25:00,8781.291857781354,1,39
2017-02-07,8785.3,8788.5,8782.95,8783.15,12:30:00,8781.673585611701,1,40
2017-02-07,8785.25,8787.0,8783.05,8785.2,12:35:00,8782.014196505825,1,41
2017-02-07,8783.55,8785.05,8779.9,8784.85,12:40:00,8782.16046350527,1,42
2017-02-07,8787.2,8787.25,8782.95,8783.35,12:45:00,8782.640419361911,1,43
2017-02-07,8786.05,8787.85,8785.65,8786.9,12:50:00,8782.965141327444,1,44
2017-02-07,8785.45,8787.6,8783.9,8785.9,12:55:00,8783.201794534354,1,45
2017-02-07,8788.55,8788.75,8783.1,8785.6,13:00:00,8783.711147435844,1,46
2017-02-07,8785.7,8788.55,8783.5,8788.35,13:05:00,8783.900561965764,1,47
2017-02-07,8786.85,8786.85,8782.65,8785.75,13:10:00,8784.181460826167,1,48
2017-02-07,8786.2,8787.3,8784.7,8786.55,13:15:00,8784.373702652247,1,49
2017-02-07,8779.1,8786.5,8778.9,8786.1,13:20:00,8783.871445256795,1,50
2017-02-07,8776.85,8779.7,8776.0,8779.6,13:25:00,8783.20273618472,1,51
2017-02-07,8775.3,8777.55,8770.95,8776.8,13:30:00,8782.450094643318,1,52
2017-02-07,8784.05,8786.85,8771.6,8775.35,13:35:00,8782.60246658205,1,53
2017-02-07,8785.6,8786.75,8780.65,8783.75,13:40:00,8782.887945955188,1,54
2017-02-07,8784.6,8792.8,8784.1,8785.65,13:45:00,8783.05099872136,1,55
2017-02-07,8779.8,8787.1,8779.4,8784.45,13:50:00,8782.741379795516,1,56
2017-02-07,8780.1,8783.95,8770.95,8780.1,13:55:00,8782.489819814991,1,57
2017-02-07,8776.85,8783.05,8773.95,8779.85,14:00:00,8781.952694118325,1,58
2017-02-07,8778.05,8781.25,8776.75,8776.75,14:05:00,8781.5810089642,1,59
2017-02-07,8776.1,8781.05,8775.6,8777.85,14:10:00,8781.059008110467,1,60
2017-02-07,8777.25,8781.2,8774.65,8776.05,14:15:00,8780.69624543328,1,61
2017-02-07,8778.7,8781.85,8777.2,8777.2,14:20:00,8780.506126820588,1,62
2017-02-07,8766.4,8780.05,8766.25,8778.25,14:25:00,8779.162686171008,1,63
2017-02-07,8767.15,8769.2,8756.85,8766.1,14:30:00,8778.018620821389,1,64
2017-02-07,8757.4,8768.65,8757.1,8767.25,14:35:00,8776.054942647923,1,65
2017-02-07,8744.45,8757.4,8741.6,8757.3,14:40:00,8773.044948110026,1,66
2017-02-07,8751.55,8753.7,8741.05,8744.7,14:45:00,8770.997810194785,1,67
2017-02-07,8757.3,8760.75,8749.7,8751.15,14:50:00,8769.693256842902,1,68
2017-02-07,8755.25,8759.6,8755.05,8757.15,14:55:00,8768.317708572149,1,69
2017-02-07,8761.1,8764.95,8755.1,8755.3,15:00:00,8767.630307755755,1,70
2017-02-07,8765.1,8766.4,8759.55,8761.0,15:05:00,8767.389326064731,1,71
2017-02-07,8764.4,8765.55,8759.2,8765.25,15:10:00,8767.104628344281,1,72
2017-02-07,8771.55,8773.05,8762.1,8764.55,15:15:00,8767.527997073397,1,73
2017-02-07,8770.65,8771.4,8764.85,8771.4,15:20:00,8767.825330685455,1,74
2017-02-07,8770.75,8775.35,8769.9,8770.8,15:25:00,8768.103870620173,1,75
2017-02-08,8774.3,8778.45,8765.85,8772.2,09:15:00,8768.693978180156,2,1
2017-02-08,8777.35,8780.3,8770.75,8773.95,09:20:00,8769.518361210618,2,2
2017-02-08,8772.9,8777.45,8770.35,8777.4,09:25:00,8769.840422047702,2,3
2017-02-08,8773.15,8774.25,8767.2,8773.05,09:30:00,8770.155619947922,2,4
2017-02-08,8771.85,8777.65,8771.6,8772.95,09:35:00,8770.31698947669,2,5
2017-02-08,8774.05,8775.45,8770.0,8771.55,09:40:00,8770.672514288433,2,6
2017-02-08,8776.1,8778.35,8773.6,8773.85,09:45:00,8771.189417689535,2,7
2017-02-08,8771.7,8776.15,8771.65,8776.15,09:50:00,8771.238044576246,2,8
2017-02-08,8769.9,8772.1,8768.3,8771.65,09:55:00,8771.11061175946,2,9
2017-02-08,8776.65,8777.5,8770.0,8770.2,10:00:00,8771.638172544273,2,10
2017-02-08,8770.2,8776.8,8767.85,8776.8,10:05:00,8771.501203730533,2,11
2017-02-08,8769.45,8770.5,8766.6,8770.1,10:10:00,8771.305850994293,2,12
2017-02-08,8773.9,8774.8,8768.6,8769.2,10:15:00,8771.55291280436,2,13
2017-02-08,8770.2,8774.3,8769.15,8774.05,10:20:00,8771.42406396585,2,14
2017-02-08,8776.95,8777.2,8770.4,8770.4,10:25:00,8771.950343588149,2,15
2017-02-08,8772.6,8777.4,8772.45,8776.85,10:30:00,8772.012215627372,2,16
2017-02-08,8777.0,8777.2,8770.55,8772.45,10:35:00,8772.48724271048,2,17
2017-02-08,8779.15,8780.45,8775.4,8776.8,10:40:00,8773.121791023768,2,18
2017-02-08,8779.25,8782.85,8778.65,8779.25,10:45:00,8773.705429973885,2,19
2017-02-08,8772.8,8779.7,8771.85,8779.5,10:50:00,8773.6191985478,2,20
2017-02-08,8773.25,8774.1,8771.1,8772.9,10:55:00,8773.584036781343,2,21
2017-02-08,8774.5,8776.5,8772.1,8773.35,11:00:00,8773.671271373596,2,22
2017-02-08,8770.95,8775.3,8769.4,8774.2,11:05:00,8773.41210267135,2,23
2017-02-08,8778.15,8781.85,8770.3,8771.1,11:10:00,8773.863330988364,2,24
2017-02-08,8775.15,8780.05,8775.1,8778.55,11:15:00,8773.985870894234,2,25
2017-02-08,8773.25,8776.6,8773.0,8775.4,11:20:00,8773.915787951926,2,26
2017-02-08,8774.2,8775.45,8772.95,8773.45,11:25:00,8773.942855766029,2,27
2017-02-08,8774.95,8775.95,8773.75,8774.25,11:30:00,8774.038774264502,2,28
2017-02-08,8774.6,8776.65,8773.9,8774.55,11:35:00,8774.092224334549,2,29
2017-02-08,8770.1,8775.7,8769.3,8774.75,11:40:00,8773.712012493164,2,30
2017-02-08,8769.85,8771.35,8768.6,8769.95,11:45:00,8773.34420177953,2,31
2017-02-08,8769.6,8772.5,8769.3,8769.8,11:50:00,8772.98761113386,2,32
2017-02-08,8767.9,8770.1,8767.3,8769.65,11:55:00,8772.503076740159,2,33
2017-02-08,8765.8,8768.25,8765.25,8768.0,12:00:00,8771.86468847919,2,34
2017-02-08,8765.35,8767.85,8764.35,8766.05,12:05:00,8771.244241957364,2,35
2017-02-08,8766.85,8767.0,8764.5,8765.05,12:10:00,8770.82574272333,2,36
2017-02-08,8764.15,8766.9,8763.4,8766.7,12:15:00,8770.18995770206,2,37
2017-02-08,8763.5,8765.65,8762.85,8764.0,12:20:00,8769.552818873291,2,38
2017-02-08,8765.7,8765.8,8762.55,8763.45,12:25:00,8769.185883742502,2,39
2017-02-08,8764.45,8765.9,8762.35,8765.85,12:30:00,8768.734847195597,2,40
2017-02-08,8764.2,8765.15,8761.6,8764.3,12:35:00,8768.302956986492,2,41
2017-02-08,8762.8,8765.9,8762.55,8764.55,12:40:00,8767.77886584492,2,42
2017-02-08,8763.6,8765.9,8762.15,8762.85,12:45:00,8767.380878621596,2,43
2017-02-08,8765.25,8765.75,8763.15,8763.55,12:50:00,8767.177937800492,2,44
2017-02-08,8763.75,8766.0,8763.1,8765.15,12:55:00,8766.85146753378,2,45
2017-02-08,8760.0,8764.0,8759.8,8764.0,13:00:00,8766.198946816276,2,46
2017-02-08,8758.6,8760.25,8756.4,8760.25,13:05:00,8765.475237595678,2,47
2017-02-08,8761.45,8761.8,8758.05,8758.45,13:10:00,8765.091881634184,2,48
2017-02-08,8758.15,8761.4,8757.85,8761.4,13:15:00,8764.430750049976,2,49
2017-02-08,8759.25,8759.45,8756.25,8757.9,13:20:00,8763.937345283312,2,50
2017-02-08,8757.6,8759.65,8756.6,8759.35,13:25:00,8763.333788589662,2,51
2017-02-08,8755.45,8759.2,8751.75,8757.65,13:30:00,8762.582951581122,2,52
2017-02-08,8758.45,8759.75,8755.4,8755.55,13:35:00,8762.189337144824,2,53
2017-02-08,8757.0,8759.45,8756.7,8758.7,13:40:00,8761.695114559603,2,54
2017-02-08,8762.05,8762.25,8754.75,8757.2,13:45:00,8761.728913172974,2,55
2017-02-08,8759.75,8768.95,8759.7,8762.4,13:50:00,8761.54044525174,2,56
2017-02-08,8758.35,8760.2,8757.55,8759.8,13:55:00,8761.236593323003,2,57
2017-02-08,8759.5,8762.5,8757.6,8757.95,14:00:00,8761.071203482717,2,58
2017-02-08,8764.4,8764.6,8759.2,8759.35,14:05:00,8761.38823172246,2,59
2017-02-08,8762.5,8764.6,8760.4,8764.5,14:10:00,8761.494114415558,2,60
2017-02-08,8761.5,8762.75,8759.5,8762.35,14:15:00,8761.49467494741,2,61
2017-02-08,8759.5,8762.3,8759.2,8761.45,14:20:00,8761.304705904799,2,62
2017-02-08,8748.2,8764.7,8736.45,8759.55,14:25:00,8760.056638675771,2,63
2017-02-08,8723.65,8748.35,8723.35,8747.6,14:30:00,8756.58933975427,2,64
2017-02-08,8737.65,8738.6,8715.0,8723.2,14:35:00,8754.785593111006,2,65
2017-02-08,8749.8,8749.8,8736.75,8737.35,14:40:00,8754.31077471948,2,66
2017-02-08,8751.75,8761.25,8749.45,8750.2,14:45:00,8754.066891412864,2,67
2017-02-08,8746.65,8753.6,8746.65,8752.05,14:50:00,8753.360520802114,2,68
2017-02-08,8744.55,8747.6,8737.85,8746.55,14:55:00,8752.521423582864,2,69
2017-02-08,8756.95,8757.35,8744.15,8744.5,15:00:00,8752.943192765448,2,70
2017-02-08,8760.25,8760.6,8752.1,8757.25,15:05:00,8753.639079168737,2,71
2017-02-08,8774.6,8774.6,8757.0,8760.5,15:10:00,8755.635357343142,2,72
2017-02-08,8787.75,8788.7,8773.0,8774.95,15:15:00,8758.693894739034,2,73
2017-02-08,8774.05,8791.25,8774.05,8788.1,15:20:00,8760.156380954364,2,74
2017-02-08,8775.8,8779.75,8770.45,8774.15,15:25:00,8761.646249434902,2,75
2017-02-09,8813.1,8818.65,8793.15,8793.5,09:15:00,8766.546606631578,3,1
2017-02-09,8816.3,8821.4,8813.25,8813.25,09:20:00,8771.285025047619,3,2
2017-02-09,8814.45,8818.65,8811.4,8816.1,09:25:00,8775.395975043084,3,3
2017-02-09,8811.8,8817.2,8811.8,8814.7,09:30:00,8778.863025038982,3,4
2017-02-09,8811.1,8812.8,8804.5,8812.15,09:35:00,8781.933213130507,3,5
2017-02-09,8813.15,8814.05,8809.3,8811.0,09:40:00,8784.906240451412,3,6
2017-02-09,8809.25,8813.7,8807.35,8813.45,09:45:00,8787.224693741753,3,7
2017-02-09,8805.6,8810.3,8805.5,8809.3,09:50:00,8788.974722909206,3,8
2017-02-09,8802.0,8806.45,8799.7,8805.35,09:55:00,8790.215225489283,3,9
2017-02-09,8795.65,8802.75,8793.55,8801.9,10:00:00,8790.732823061731,3,10
2017-02-09,8789.05,8797.0,8788.85,8795.7,10:05:00,8790.572554198709,3,11
2017-02-09,8779.6,8788.25,8778.7,8788.25,10:10:00,8789.527549036928,3,12
2017-02-09,8775.15,8780.0,8767.45,8779.55,10:15:00,8788.158258652458,3,13
2017-02-09,8755.05,8778.4,8754.6,8775.25,10:20:00,8785.005091161747,3,14
2017-02-09,8750.8,8760.0,8748.25,8755.6,10:25:00,8781.747463432057,3,15
2017-02-09,8735.65,8750.2,8731.3,8749.55,10:30:00,8777.357228819481,3,16
2017-02-09,8746.85,8750.75,8735.05,8736.5,10:35:00,8774.451778455721,3,17
2017-02-09,8737.0,8748.6,8736.85,8747.6,10:40:00,8770.884942412318,3,18
2017-02-09,8738.8,8740.45,8729.15,8736.85,10:45:00,8767.829233611144,3,19
2017-02-09,8745.45,8747.9,8737.6,8739.35,10:50:00,8765.69787802913,3,20
2017-02-09,8743.7,8746.4,8741.15,8745.8,10:55:00,8763.602842026356,3,21
2017-02-09,8746.2,8746.95,8742.55,8743.6,11:00:00,8761.945428500036,3,22
2017-02-09,8747.75,8749.45,8744.85,8746.5,11:05:00,8760.593482928603,3,23
2017-02-09,8742.1,8748.7,8739.85,8747.55,11:10:00,8758.832198840166,3,24
2017-02-09,8734.3,8742.55,8732.55,8741.9,11:15:00,8756.495798950626,3,25
2017-02-09,8731.45,8736.5,8731.15,8734.5,11:20:00,8754.110484764853,3,26
2017-02-09,8728.95,8731.25,8724.1,8731.25,11:25:00,8751.714248120581,3,27
2017-02-09,8730.45,8734.9,8726.9,8729.4,11:30:00,8749.689081632907,3,28
2017-02-09,8733.65,8735.0,8730.05,8730.55,11:35:00,8748.16155004882,3,29
2017-02-09,8737.35,8740.45,8733.7,8733.85,11:40:00,8747.1318786156,3,30
2017-02-09,8739.0,8740.05,8736.55,8737.6,11:45:00,8746.357413985543,3,31
2017-02-09,8748.55,8750.05,8738.95,8739.2,11:50:00,8746.566231701207,3,32
2017-02-09,8746.85,8748.45,8743.6,8748.45,11:55:00,8746.593257253473,3,33
2017-02-09,8753.7,8755.55,8746.85,8747.0,12:00:00,8747.270089896,3,34
2017-02-09,8751.45,8754.2,8749.75,8753.95,12:05:00,8747.668176572572,3,35
2017-02-09,8746.6,8752.05,8745.75,8751.5,12:10:00,8747.566445470422,3,36
2017-02-09,8746.25,8752.35,8744.35,8746.65,12:15:00,8747.441069711334,3,37
2017-02-09,8756.5,8756.5,8746.2,8746.2,12:20:00,8748.303824976922,3,38
2017-02-09,8758.95,8760.5,8756.4,8756.4,12:25:00,8749.31774640769,3,39
2017-02-09,8759.2,8760.85,8757.4,8759.0,12:30:00,8750.258913416483,3,40
2017-02-09,8754.55,8759.4,8753.9,8759.4,12:35:00,8750.6675883292,3,41
2017-02-09,8758.5,8758.9,8754.7,8755.1,12:40:00,8751.413532297847,3,42
2017-02-09,8755.55,8759.25,8752.85,8758.25,12:45:00,8751.807481602815,3,43
2017-02-09,8756.55,8758.2,8755.05,8755.6,12:50:00,8752.259150021595,3,44
2017-02-09,8757.0,8757.5,8754.45,8756.35,12:55:00,8752.710659543347,3,45
2017-02-09,8760.25,8760.8,8756.5,8757.25,13:00:00,8753.42869196779,3,46
2017-02-09,8764.1,8765.0,8758.2,8759.9,13:05:00,8754.445007018478,3,47
2017-02-09,8763.2,8764.55,8760.25,8764.25,13:10:00,8755.27881587386,3,48
2017-02-09,8760.0,8763.05,8759.55,8762.75,13:15:00,8755.728452457302,3,49
2017-02-09,8761.75,8762.85,8757.4,8759.35,13:20:00,8756.301933175655,3,50
2017-02-09,8766.65,8769.2,8758.3,8761.85,13:25:00,8757.287463349401,3,51
2017-02-09,8761.4,8766.8,8761.4,8766.8,13:30:00,8757.679133506601,3,52
2017-02-09,8765.6,8767.3,8761.1,8761.2,13:35:00,8758.433501744068,3,53
2017-02-09,8775.6,8778.25,8765.65,8765.7,13:40:00,8760.068406339871,3,54
2017-02-09,8777.8,8781.6,8774.85,8775.65,13:45:00,8761.757129545598,3,55
2017-02-09,8782.8,8786.7,8776.95,8778.05,13:50:00,8763.761212446017,3,56
2017-02-09,8777.9,8785.1,8777.35,8782.9,13:55:00,8765.107763641634,3,57
2017-02-09,8773.35,8781.8,8772.7,8779.2,14:00:00,8765.892738532906,3,58
2017-02-09,8771.05,8774.6,8767.9,8773.75,14:05:00,8766.383906291678,3,59
2017-02-09,8765.15,8771.45,8758.9,8770.85,14:10:00,8766.266391406756,3,60
2017-02-09,8762.05,8765.45,8756.75,8764.75,14:15:00,8765.864830320399,3,61
2017-02-09,8763.75,8763.85,8756.65,8762.9,14:20:00,8765.663417908932,3,62
2017-02-09,8766.9,8769.55,8764.1,8764.1,14:25:00,8765.781187631892,3,63
2017-02-09,8775.8,8775.95,8763.6,8766.85,14:30:00,8766.73536023838,3,64
2017-02-09,8772.8,8777.1,8769.65,8775.7,14:35:00,8767.31294497758,3,65
2017-02-09,8771.75,8777.65,8770.8,8772.9,14:40:00,8767.735521646382,3,66
2017-02-09,8769.25,8772.25,8766.65,8771.45,14:45:00,8767.87975768006,3,67
2017-02-09,8774.25,8777.65,8767.8,8769.4,14:50:00,8768.486447424817,3,68
2017-02-09,8772.8,8775.75,8769.4,8774.35,14:55:00,8768.897261955786,3,69
2017-02-09,8776.35,8777.25,8769.8,8772.85,15:00:00,8769.607046531426,3,70
2017-02-09,8779.7,8779.7,8775.2,8776.0,15:05:00,8770.568280195099,3,71
2017-02-09,8781.7,8782.0,8779.15,8779.5,15:10:00,8771.628443986041,3,72
2017-02-09,8778.7,8783.05,8774.65,8782.15,15:15:00,8772.301925511181,3,73
2017-02-09,8780.6,8781.2,8777.85,8778.85,15:20:00,8773.09221831964,3,74
2017-02-09,8786.55,8787.0,8780.0,8780.55,15:25:00,8774.373911813007,3,75
2017-02-10,8805.8,8822.1,8802.75,8809.45,09:15:00,8777.36687259272,4,1
2017-02-10,8806.2,8815.5,8806.2,8806.8,09:20:00,8780.112884726746,4,2
2017-02-10,8796.8,8806.35,8793.65,8806.35,09:25:00,8781.702133800389,4,3
2017-02-10,8802.9,8804.95,8797.05,8797.05,09:30:00,8783.720978200352,4,4
2017-02-10,8805.75,8807.4,8802.95,8803.2,09:35:00,8785.81898027651,4,5
2017-02-10,8801.35,8805.7,8800.8,8805.5,09:40:00,8787.298125012081,4,6
2017-02-10,8788.8,8802.7,8788.15,8801.05,09:45:00,8787.441160725217,4,7
2017-02-10,8789.45,8790.15,8781.35,8788.95,09:50:00,8787.632478751386,4,8
2017-02-10,8794.0,8797.95,8789.6,8789.6,09:55:00,8788.238909346492,4,9
2017-02-10,8792.75,8795.7,8788.45,8794.2,10:00:00,8788.66853702778,4,10
2017-02-10,8798.95,8799.8,8792.55,8793.15,10:05:00,8789.647723977516,4,11
2017-02-10,8804.1,8804.8,8798.55,8798.9,10:10:00,8791.024131217751,4,12
2017-02-10,8803.2,8805.95,8802.15,8804.25,10:15:00,8792.183737768442,4,13
2017-02-10,8804.8,8805.95,8802.15,8802.75,10:20:00,8793.3852865524,4,14
2017-02-10,8801.1,8804.9,8799.0,8804.9,10:25:00,8794.120021166458,4,15
2017-02-10,8796.95,8802.9,8796.95,8801.15,10:30:00,8794.389542960129,4,16
2017-02-10,8795.25,8799.85,8794.8,8797.0,10:35:00,8794.47149124964,4,17
2017-02-10,8797.4,8799.85,8794.15,8795.0,10:40:00,8794.750396844913,4,18
2017-02-10,8789.65,8799.05,8788.2,8797.2,10:45:00,8794.264644764444,4,19
2017-02-10,8795.35,8795.5,8789.55,8789.75,10:50:00,8794.368011929735,4,20
2017-02-10,8796.05,8797.6,8794.65,8795.6,10:55:00,8794.52820126976,4,21
2017-02-10,8794.65,8797.35,8794.65,8796.15,11:00:00,8794.53980114883,4,22
2017-02-10,8795.15,8797.4,8793.9,8794.75,11:05:00,8794.597915325132,4,23
2017-02-10,8792.75,8796.45,8792.75,8795.05,11:10:00,8794.421923389405,4,24
2017-02-10,8797.15,8797.3,8792.8,8792.8,11:15:00,8794.681740209462,4,25
2017-02-10,8794.5,8798.35,8794.3,8797.3,11:20:00,8794.664431618085,4,26
2017-02-10,8792.8,8794.4,8791.9,8794.25,11:25:00,8794.486866702076,4,27
2017-02-10,8795.65,8795.75,8792.3,8792.6,11:30:00,8794.597641301878,4,28
2017-02-10,8795.2,8796.4,8794.45,8795.5,11:35:00,8794.655008796937,4,29
2017-02-10,8796.2,8796.9,8794.7,8795.1,11:40:00,8794.802150816276,4,30
2017-02-10,8798.9,8799.25,8796.05,8796.1,11:45:00,8795.192422167107,4,31
2017-02-10,8800.1,8800.75,8798.3,8798.75,11:50:00,8795.659810532145,4,32
2017-02-10,8794.4,8800.05,8792.65,8800.05,11:55:00,8795.539828576702,4,33
2017-02-10,8796.1,8797.05,8794.05,8794.3,12:00:00,8795.593178236064,4,34
2017-02-10,8796.95,8798.85,8796.1,8796.45,12:05:00,8795.722399356438,4,35
2017-02-10,8798.1,8799.1,8795.6,8796.55,12:10:00,8795.948837512968,4,36
2017-02-10,8799.75,8800.65,8798.35,8798.65,12:15:00,8796.310852987923,4,37
2017-02-10,8796.0,8799.45,8796.0,8799.45,12:20:00,8796.281247941453,4,38
2017-02-10,8794.65,8797.0,8793.9,8795.8,12:25:00,8796.125890994648,4,39
2017-02-10,8792.25,8795.75,8791.45,8794.6,12:30:00,8795.756758518968,4,40
2017-02-10,8792.8,8793.5,8790.25,8792.3,12:35:00,8795.475162469542,4,41
2017-02-10,8795.75,8796.0,8792.6,8793.15,12:40:00,8795.501337472442,4,42
2017-02-10,8798.85,8798.85,8795.0,8795.65,12:45:00,8795.820257713161,4,43
2017-02-10,8797.3,8799.0,8796.4,8798.55,12:50:00,8795.961185550002,4,44
2017-02-10,8797.3,8799.85,8795.25,8797.25,12:55:00,8796.088691688097,4,45
2017-02-10,8790.9,8798.4,8788.5,8797.1,13:00:00,8795.594530574945,4,46
2017-02-10,8797.25,8797.4,8790.45,8791.25,13:05:00,8795.752194329712,4,47
2017-02-10,8796.9,8799.85,8796.5,8797.1,13:10:00,8795.861509155455,4,48
2017-02-10,8793.95,8796.75,8793.05,8796.45,13:15:00,8795.67946066446,4,49
2017-02-10,8793.7,8795.8,8790.1,8793.7,13:20:00,8795.49094060118,4,50
2017-02-10,8790.9,8793.55,8787.0,8793.3,13:25:00,8795.053708162972,4,51
2017-02-10,8794.8,8797.15,8790.4,8790.8,13:30:00,8795.029545480784,4,52
2017-02-10,8789.1,8796.2,8788.95,8794.55,13:35:00,8794.464826863566,4,53
2017-02-10,8779.35,8789.4,8771.2,8789.4,13:40:00,8793.025319543227,4,54
2017-02-10,8786.8,8787.8,8778.05,8779.75,13:45:00,8792.432431967682,4,55
2017-02-10,8789.55,8790.4,8783.85,8787.15,13:50:00,8792.157914637426,4,56
2017-02-10,8786.25,8789.8,8785.0,8789.35,13:55:00,8791.595256100529,4,57
2017-02-10,8789.25,8789.5,8785.35,8786.2,14:00:00,8791.371898376668,4,58
2017-02-10,8791.9,8794.9,8788.35,8789.4,14:05:00,8791.422193769367,4,59
2017-02-10,8800.05,8802.55,8792.25,8792.25,14:10:00,8792.243889600855,4,60
2017-02-10,8798.85,8805.55,8797.05,8799.9,14:15:00,8792.873042972202,4,61
2017-02-10,8801.4,8802.75,8799.25,8799.25,14:20:00,8793.685134117706,4,62
2017-02-10,8806.35,8811.3,8800.05,8801.15,14:25:00,8794.891311820782,4,63
2017-02-10,8805.55,8809.3,8803.7,8807.4,14:30:00,8795.906424980707,4,64
2017-02-10,8800.3,8808.15,8799.7,8808.15,14:35:00,8796.32486069683,4,65
2017-02-10,8796.75,8804.1,8796.0,8801.1,14:40:00,8796.365350154274,4,66
2017-02-10,8796.25,8798.0,8790.95,8796.5,14:45:00,8796.354364425295,4,67
2017-02-10,8786.75,8799.2,8785.6,8795.95,14:50:00,8795.439663051458,4,68
2017-02-10,8787.55,8788.25,8778.3,8786.4,14:55:00,8794.688266570367,4,69
2017-02-10,8796.0,8796.9,8787.65,8788.3,15:00:00,8794.813193563665,4,70
2017-02-10,8794.9,8800.15,8794.3,8796.1,15:05:00,8794.821460843315,4,71
2017-02-10,8792.1,8796.5,8791.8,8795.1,15:10:00,8794.562274096334,4,72
2017-02-10,8792.1,8793.3,8788.45,8792.0,15:15:00,8794.327771801445,4,73
2017-02-10,8795.65,8795.8,8791.3,8792.3,15:20:00,8794.453698296546,4,74
2017-02-10,8794.05,8797.15,8791.75,8795.95,15:25:00,8794.415250839731,4,75
2017-02-13,8806.5,8826.9,8805.2,8816.45,09:15:00,8795.566179331185,0,1
2017-02-13,8806.7,8811.35,8801.45,8806.6,09:20:00,8796.626543204406,0,2
2017-02-13,8796.55,8809.65,8795.1,8806.95,09:25:00,8796.619253375415,0,3
2017-02-13,8798.6,8798.7,8786.45,8796.95,09:30:00,8796.80789591109,0,4
2017-02-13,8803.85,8807.6,8798.05,8799.0,09:35:00,8797.478572490987,0,5
2017-02-13,8803.5,8805.3,8800.75,8804.2,09:40:00,8798.052041777559,0,6
2017-02-13,8805.6,8810.0,8803.15,8803.15,09:45:00,8798.770894941601,0,7
2017-02-13,8800.05,8805.95,8798.45,8805.8,09:50:00,8798.892714470972,0,8
2017-02-13,8803.15,8803.45,8799.05,8800.3,09:55:00,8799.298170235641,0,9
2017-02-13,8807.3,8807.4,8801.9,8803.75,10:00:00,8800.060249260818,0,10
2017-02-13,8809.85,8810.3,8805.65,8805.65,10:05:00,8800.992606474074,0,11
2017-02-13,8807.85,8811.15,8806.05,8810.4,10:10:00,8801.64569157178,0,12
2017-02-13,8805.3,8810.9,8805.3,8808.0,10:15:00,8801.993720945897,0,13
2017-02-13,8805.6,8806.1,8802.95,8805.75,10:20:00,8802.337176093906,0,14
2017-02-13,8804.2,8807.4,8803.4,8805.7,10:25:00,8802.514587894486,0,15
2017-02-13,8802.0,8804.55,8799.4,8803.95,10:30:00,8802.465579523583,0,16
2017-02-13,8804.7,8807.05,8801.15,8801.9,10:35:00,8802.678381473717,0,17
2017-02-13,8803.15,8805.3,8801.65,8804.55,10:40:00,8802.72329752384,0,18
2017-02-13,8803.55,8805.2,8801.55,8803.0,10:45:00,8802.802031092999,0,19
2017-02-13,8796.9,8803.7,8795.9,8803.45,10:50:00,8802.239932893664,0,20
2017-02-13,8789.45,8797.15,8788.85,8797.0,10:55:00,8801.021844046649,0,21
2017-02-13,8796.45,8796.85,8789.35,8790.2,11:00:00,8800.586430327921,0,22
2017-02-13,8794.95,8799.25,8794.7,8796.6,11:05:00,8800.049627439548,0,23
2017-02-13,8798.6,8798.95,8793.5,8794.65,11:10:00,8799.9115676834,0,24
2017-02-13,8793.1,8798.5,8792.85,8798.5,11:15:00,8799.26284695165,0,25
2017-02-13,8791.45,8795.5,8791.2,8792.65,11:20:00,8798.518766289588,0,26
2017-02-13,8789.45,8791.3,8787.95,8791.3,11:25:00,8797.655074262007,0,27
2017-02-13,8790.7,8794.55,8789.35,8789.35,11:30:00,8796.992686237054,0,28
2017-02-13,8786.1,8791.8,8784.9,8790.65,11:35:00,8795.955287547811,0,29
2017-02-13,8790.25,8791.9,8784.75,8786.0,11:40:00,8795.411926828972,0,30
2017-02-13,8782.45,8790.25,8781.45,8789.85,11:45:00,8794.177457607166,0,31
2017-02-13,8786.75,8787.65,8782.8,8782.9,11:50:00,8793.470080692197,0,32
2017-02-13,8776.7,8786.95,8776.4,8786.7,11:55:00,8791.872930150083,0,33
2017-02-13,8772.7,8776.35,8764.45,8776.35,12:00:00,8790.046936802457,0,34
2017-02-13,8771.5,8779.05,8771.2,8772.4,12:05:00,8788.28056186889,0,35
2017-02-13,8770.25,8773.9,8769.35,8770.85,12:10:00,8786.563365500426,0,36
2017-02-13,8762.65,8770.1,8760.25,8770.05,12:15:00,8784.285902119433,0,37
2017-02-13,8763.85,8764.35,8757.5,8762.95,12:20:00,8782.339625727105,0,38
2017-02-13,8765.4,8770.0,8762.65,8763.75,12:25:00,8780.726328038809,0,39
2017-02-13,8765.75,8766.65,8761.3,8765.7,12:30:00,8779.300011082732,0,40
2017-02-13,8768.9,8769.2,8764.65,8765.9,12:35:00,8778.309533836757,0,41
2017-02-13,8769.65,8771.35,8767.4,8768.8,12:40:00,8777.484816328495,0,42
2017-02-13,8758.85,8771.0,8758.85,8769.85,12:45:00,8775.710071916257,0,43
2017-02-13,8757.65,8760.55,8754.4,8759.15,12:50:00,8773.99006506709,0,44
2017-02-13,8760.95,8761.45,8754.2,8757.35,12:55:00,8772.748154108318,0,45
2017-02-13,8762.95,8764.25,8760.3,8760.85,13:00:00,8771.814996574192,0,46
2017-02-13,8766.75,8768.95,8762.05,8762.75,13:05:00,8771.332615948078,0,47
2017-02-13,8763.5,8768.85,8761.05,8766.85,13:10:00,8770.586652524451,0,48
2017-02-13,8769.6,8769.7,8763.65,8763.65,13:15:00,8770.49268561736,0,49
2017-02-13,8773.05,8781.1,8766.55,8769.5,13:20:00,8770.736239368089,0,50
2017-02-13,8775.8,8777.3,8772.0,8773.2,13:25:00,8771.218502285414,0,51
2017-02-13,8778.25,8782.1,8775.45,8776.25,13:30:00,8771.888168734422,0,52
2017-02-13,8779.25,8779.35,8775.45,8778.05,13:35:00,8772.589295521619,0,53
2017-02-13,8779.25,8785.65,8779.2,8779.3,13:40:00,8773.223648329084,0,54
2017-02-13,8782.6,8783.0,8779.25,8780.0,13:45:00,8774.116634202504,0,55
2017-02-13,8783.3,8787.7,8782.5,8783.55,13:50:00,8774.991240468931,0,56
2017-02-13,8784.85,8790.95,8784.1,8784.25,13:55:00,8775.93016994808,0,57
2017-02-13,8799.4,8801.55,8785.6,8785.85,14:00:00,8778.165391857787,0,58
2017-02-13,8799.6,8803.8,8799.0,8799.45,14:05:00,8780.206783109426,0,59
2017-02-13,8797.15,8800.85,8794.3,8799.7,14:10:00,8781.82042281329,0,60
2017-02-13,8791.05,8798.85,8790.85,8798.75,14:15:00,8782.699430164406,0,61
2017-02-13,8795.35,8796.5,8790.45,8791.8,14:20:00,8783.904246339225,0,62
2017-02-13,8793.8,8799.3,8793.8,8796.0,14:25:00,8784.846699068823,0,63
2017-02-13,8786.75,8794.75,8786.15,8793.85,14:30:00,8785.027965824172,0,64
2017-02-13,8783.6,8788.4,8780.0,8786.8,14:35:00,8784.891969079014,0,65
2017-02-13,8783.05,8787.4,8782.3,8783.45,14:40:00,8784.716543452441,0,66
2017-02-13,8791.65,8794.15,8783.55,8783.55,14:45:00,8785.376872647446,0,67
2017-02-13,8786.25,8793.05,8786.05,8791.95,14:50:00,8785.460027633404,0,68
2017-02-13,8786.3,8787.9,8783.5,8786.1,14:55:00,8785.540025001652,0,69
2017-02-13,8803.45,8803.7,8785.95,8786.45,15:00:00,8787.245736906256,0,70
2017-02-13,8805.6,8806.15,8799.5,8803.35,15:05:00,8788.993761962804,0,71
2017-02-13,8808.25,8809.15,8803.05,8805.55,15:10:00,8790.827689394919,0,72
2017-02-13,8811.55,8813.15,8802.75,8808.7,15:15:00,8792.801242785878,0,73
2017-02-13,8805.0,8812.15,8803.8,8811.2,15:20:00,8793.963029187224,0,74
2017-02-13,8802.05,8806.5,8801.9,8804.85,15:25:00,8794.733216883678,0,75
2017-02-14,8799.65,8816.55,8786.85,8812.25,09:15:00,8795.201481942375,1,1
2017-02-14,8788.65,8803.0,8783.7,8799.75,09:20:00,8794.577531281197,1,2
2017-02-14,8785.0,8792.6,8783.4,8788.3,09:25:00,8793.665385444892,1,3
2017-02-14,8787.85,8791.45,8784.75,8784.8,09:30:00,8793.111539212045,1,4
2017-02-14,8782.4,8789.55,8781.55,8787.35,09:35:00,8792.091392620421,1,5
2017-02-14,8786.0,8786.9,8779.8,8782.75,09:40:00,8791.511259989906,1,6
2017-02-14,8777.0,8785.75,8775.45,8785.75,09:45:00,8790.129235228962,1,7
2017-02-14,8783.55,8784.45,8772.5,8777.35,09:50:00,8789.502641397632,1,8
2017-02-14,8792.1,8793.1,8783.65,8783.7,09:55:00,8789.750008883571,1,9
2017-02-14,8798.95,8802.4,8791.25,8792.15,10:00:00,8790.626198513706,1,10
2017-02-14,8795.7,8799.9,8792.65,8798.9,10:05:00,8791.109417702877,1,11
2017-02-14,8798.45,8800.75,8795.1,8795.65,10:10:00,8791.808520778794,1,12
2017-02-14,8797.2,8801.45,8796.95,8798.25,10:15:00,8792.321994990338,1,13
2017-02-14,8793.9,8797.35,8791.45,8797.35,10:20:00,8792.472281181734,1,14
2017-02-14,8797.1,8797.15,8793.5,8794.05,10:25:00,8792.913016307284,1,15
2017-02-14,8799.05,8801.9,8796.95,8797.2,10:30:00,8793.497490944686,1,16
2017-02-14,8797.35,8799.35,8796.4,8798.95,10:35:00,8793.864396569003,1,17
2017-02-14,8797.55,8799.05,8796.25,8797.15,10:40:00,8794.215406419573,1,18
2017-02-14,8791.7,8798.8,8790.75,8797.35,10:45:00,8793.975843903423,1,19
2017-02-14,8794.1,8794.35,8791.25,8791.8,10:50:00,8793.987668293574,1,20
2017-02-14,8796.05,8797.15,8793.95,8793.95,10:55:00,8794.184080837043,1,21
2017-02-14,8789.5,8796.15,8789.25,8796.0,11:00:00,8793.737977900182,1,22
2017-02-14,8794.0,8796.55,8788.3,8789.45,11:05:00,8793.76293238588,1,23
2017-02-14,8795.9,8796.8,8793.3,8794.1,11:10:00,8793.966462634844,1,24
2017-02-14,8799.05,8800.65,8795.2,8795.8,11:15:00,8794.450609050573,1,25
2017-02-14,8795.65,8799.55,8795.4,8798.65,11:20:00,8794.564836760042,1,26
2017-02-14,8793.75,8795.9,8793.5,8795.45,11:25:00,8794.487233259086,1,27
2017-02-14,8793.8,8794.9,8791.55,8793.85,11:30:00,8794.421782472506,1,28
2017-02-14,8790.95,8794.25,8790.1,8793.9,11:35:00,8794.091136522742,1,29
2017-02-14,8786.8,8791.3,8785.2,8791.05,11:40:00,8793.396742568195,1,30
2017-02-14,8790.5,8790.5,8785.4,8786.75,11:45:00,8793.120862323605,1,31
2017-02-14,8791.05,8793.8,8790.05,8790.3,11:50:00,8792.923637340404,1,32
2017-02-14,8787.4,8791.0,8786.95,8791.0,11:55:00,8792.397576641319,1,33
2017-02-14,8791.3,8792.9,8786.9,8787.5,12:00:00,8792.293045532622,1,34
2017-02-14,8793.75,8795.25,8791.1,8791.55,12:05:00,8792.431803100944,1,35
2017-02-14,8790.2,8794.15,8787.1,8794.15,12:10:00,8792.219250424663,1,36
2017-02-14,8789.75,8791.75,8789.35,8790.15,12:15:00,8791.984083717552,1,37
2017-02-14,8791.0,8792.05,8788.45,8790.4,12:20:00,8791.890361458738,1,38
2017-02-14,8790.5,8792.6,8789.95,8790.9,12:25:00,8791.757946081714,1,39
2017-02-14,8788.45,8791.2,8787.85,8790.75,12:30:00,8791.442903597741,1,40
2017-02-14,8784.1,8788.5,8783.6,8788.5,12:35:00,8790.743579445576,1,41
2017-02-14,8781.9,8784.1,8779.8,8784.0,12:40:00,8789.901333784092,1,42
2017-02-14,8785.75,8785.75,8779.7,8782.1,12:45:00,8789.505968661797,1,43
2017-02-14,8790.55,8791.2,8785.55,8785.7,12:50:00,8789.605400217817,1,44
2017-02-14,8796.3,8796.3,8790.1,8790.5,12:55:00,8790.242981149453,1,45
2017-02-14,8798.3,8798.3,8794.55,8796.05,13:00:00,8791.010316278076,1,46
2017-02-14,8796.2,8800.45,8795.35,8797.95,13:05:00,8791.50457187064,1,47
2017-02-14,8797.75,8797.95,8794.65,8796.5,13:10:00,8792.099374549627,1,48
2017-02-14,8800.45,8803.15,8797.25,8797.45,13:15:00,8792.894672211567,1,49
2017-02-14,8806.3,8807.8,8799.15,8800.5,13:20:00,8794.17137009618,1,50
2017-02-14,8801.2,8806.75,8800.1,8806.15,13:25:00,8794.840763420354,1,51
2017-02-14,8802.25,8805.25,8801.25,8801.4,13:30:00,8795.546404999368,1,52
2017-02-14,8801.1,8803.2,8800.5,8802.6,13:35:00,8796.075318808953,1,53
2017-02-14,8804.25,8805.1,8800.95,8801.0,13:40:00,8796.853859874767,1,54
2017-02-14,8800.9,8805.2,8800.25,8804.1,13:45:00,8797.23920655336,1,55
2017-02-14,8798.6,8802.55,8798.2,8801.4,13:50:00,8797.36880592923,1,56
2017-02-14,8804.95,8805.55,8798.55,8798.75,13:55:00,8798.090824412162,1,57
2017-02-14,8805.45,8809.4,8804.35,8804.9,14:00:00,8798.79169827767,1,58
2017-02-14,8805.8,8808.05,8805.5,8805.6,14:05:00,8799.459155584558,1,59
2017-02-14,8803.25,8807.35,8800.8,8805.9,14:10:00,8799.82018838603,1,60
2017-02-14,8801.9,8803.4,8798.9,8803.4,14:15:00,8800.018265682598,1,61
2017-02-14,8799.85,8802.0,8795.25,8801.6,14:20:00,8800.002240379494,1,62
2017-02-14,8797.55,8799.9,8795.8,8799.7,14:25:00,8799.768693676684,1,63
2017-02-14,8793.45,8798.75,8792.95,8797.7,14:30:00,8799.166913326524,1,64
2017-02-14,8798.2,8798.25,8792.65,8793.4,14:35:00,8799.074826343045,1,65
2017-02-14,8804.45,8806.45,8798.05,8798.5,14:40:00,8799.586747643707,1,66
2017-02-14,8803.0,8807.7,8802.55,8804.4,14:45:00,8799.911819296687,1,67
2017-02-14,8801.85,8802.8,8798.1,8802.65,14:50:00,8800.096407935098,1,68
2017-02-14,8803.0,8804.3,8801.1,8801.95,14:55:00,8800.372940512709,1,69
2017-02-14,8808.7,8812.1,8803.2,8803.2,15:00:00,8801.165993797213,1,70
2017-02-14,8804.4,8814.85,8802.8,8808.55,15:05:00,8801.473994387954,1,71
2017-02-14,8797.4,8804.25,8796.9,8804.25,15:10:00,8801.085994922434,1,72
2017-02-14,8793.45,8797.45,8791.2,8797.35,15:15:00,8800.358757310774,1,73
2017-02-14,8791.0,8795.0,8790.35,8792.75,15:20:00,8799.467447090701,1,74
2017-02-14,8784.15,8791.45,8782.4,8791.05,15:25:00,8798.008642605873,1,75
2017-02-15,8795.9,8807.9,8775.2,8776.5,09:15:00,8797.807819500553,2,1
2017-02-15,8789.8,8796.55,8784.1,8796.0,09:20:00,8797.045170024308,2,2
2017-02-15,8793.2,8795.7,8789.5,8790.0,09:25:00,8796.678963355327,2,3
2017-02-15,8785.55,8792.95,8780.15,8792.7,09:30:00,8795.619062083391,2,4
2017-02-15,8792.8,8796.3,8783.95,8785.7,09:35:00,8795.350579980211,2,5
2017-02-15,8790.75,8794.55,8789.25,8792.6,09:40:00,8794.912429505906,2,6
2017-02-15,8787.95,8792.6,8787.75,8790.9,09:45:00,8794.249340981534,2,7
2017-02-15,8788.4,8792.15,8787.05,8787.65,09:50:00,8793.692260888054,2,8
2017-02-15,8788.7,8790.25,8784.2,8788.1,09:55:00,8793.216807470144,2,9
2017-02-15,8788.75,8791.8,8787.2,8788.75,10:00:00,8792.791397234892,2,10
2017-02-15,8783.4,8789.4,8783.4,8788.85,10:05:00,8791.896978450617,2,11
2017-02-15,8785.65,8788.1,8783.3,8783.55,10:10:00,8791.302028121987,2,12
2017-02-15,8779.05,8786.15,8778.75,8785.05,10:15:00,8790.135168300845,2,13
2017-02-15,8784.35,8784.8,8777.5,8779.1,10:20:00,8789.58419989124,2,14
2017-02-15,8779.8,8785.15,8779.0,8784.55,10:25:00,8788.65237133017,2,15
2017-02-15,8778.65,8781.3,8775.5,8779.6,10:30:00,8787.699764536821,2,16
2017-02-15,8779.45,8780.4,8776.8,8778.6,10:35:00,8786.914072676173,2,17
2017-02-15,8783.15,8785.65,8779.65,8779.7,10:40:00,8786.555589564156,2,18
2017-02-15,8782.35,8785.0,8780.7,8783.65,10:45:00,8786.155057224712,2,19
2017-02-15,8783.9,8785.1,8780.65,8782.15,10:50:00,8785.940289869977,2,20
2017-02-15,8782.75,8787.45,8782.75,8783.85,10:55:00,8785.636452739504,2,21
2017-02-15,8777.05,8784.5,8775.45,8782.65,11:00:00,8784.818695335742,2,22
2017-02-15,8776.7,8778.25,8772.1,8777.1,11:05:00,8784.045486256147,2,23
2017-02-15,8764.0,8777.2,8764.0,8777.05,11:10:00,8782.136392326991,2,24
2017-02-15,8765.85,8769.4,8762.7,8763.9,11:15:00,8780.585307343468,2,25
2017-02-15,8759.7,8767.6,8758.55,8765.75,11:20:00,8778.596230453615,2,26
2017-02-15,8755.8,8761.3,8752.35,8759.65,11:25:00,8776.425160886603,2,27
2017-02-15,8748.95,8755.75,8743.1,8755.75,11:30:00,8773.808478897403,2,28
2017-02-15,8739.3,8749.2,8734.6,8748.8,11:35:00,8770.52195709765,2,29
2017-02-15,8740.65,8740.95,8728.0,8739.15,11:40:00,8767.677008802635,2,30
2017-02-15,8745.15,8745.8,8736.9,8740.95,11:45:00,8765.53157939286,2,31
2017-02-15,8740.2,8747.1,8738.85,8745.35,11:50:00,8763.119048022112,2,32
2017-02-15,8744.3,8745.2,8737.45,8740.35,11:55:00,8761.326757734292,2,33
2017-02-15,8739.6,8745.1,8738.45,8744.0,12:00:00,8759.25754271198,2,34
2017-02-15,8743.3,8746.3,8738.9,8739.5,12:05:00,8757.73777673941,2,35
2017-02-15,8739.65,8743.6,8738.6,8743.1,12:10:00,8756.015131335656,2,36
2017-02-15,8735.9,8739.6,8732.85,8739.6,12:15:00,8754.099404541785,2,37
2017-02-15,8734.1,8737.85,8733.1,8735.75,12:20:00,8752.19469934733,2,38
2017-02-15,8733.85,8740.05,8733.5,8734.05,12:25:00,8750.447585123775,2,39
2017-02-15,8723.65,8736.65,8721.05,8733.75,12:30:00,8747.895434159605,2,40
2017-02-15,8724.5,8728.8,8722.85,8723.4,12:35:00,8745.667297572976,2,41
2017-02-15,8726.95,8727.4,8717.05,8724.55,12:40:00,8743.884697804122,2,42
2017-02-15,8734.8,8735.95,8726.2,8726.9,12:45:00,8743.019488489444,2,43
2017-02-15,8733.3,8737.25,8732.35,8735.05,12:50:00,8742.093822919021,2,44
2017-02-15,8724.0,8734.1,8723.25,8733.05,12:55:00,8740.370601688639,2,45
2017-02-15,8725.45,8728.55,8723.45,8724.3,13:00:00,8738.949592004006,2,46
2017-02-15,8729.4,8730.05,8723.8,8725.55,13:05:00,8738.040107051243,2,47
2017-02-15,8729.65,8733.8,8729.1,8729.55,13:10:00,8737.24104923684,2,48
2017-02-15,8729.1,8731.35,8728.4,8729.45,13:15:00,8736.465711214283,2,49
2017-02-15,8726.0,8729.15,8724.85,8729.05,13:20:00,8735.468976812923,2,50
2017-02-15,8728.5,8728.5,8723.05,8725.9,13:25:00,8734.805264735502,2,51
2017-02-15,8735.95,8738.6,8728.65,8728.8,13:30:00,8734.914287141644,2,52
2017-02-15,8723.95,8736.55,8723.2,8735.9,13:35:00,8733.870069318631,2,53
2017-02-15,8720.55,8726.45,8712.85,8723.65,13:40:00,8732.601491288286,2,54
2017-02-15,8725.55,8729.35,8720.25,8721.05,13:45:00,8731.929920689401,2,55
2017-02-15,8718.85,8725.8,8716.25,8725.8,13:50:00,8730.684213957076,2,56
2017-02-15,8714.95,8720.4,8714.95,8718.8,13:55:00,8729.185717389737,2,57
2017-02-15,8721.55,8724.9,8713.3,8714.75,14:00:00,8728.458506209761,2,58
2017-02-15,8738.95,8741.3,8721.7,8722.3,14:05:00,8729.457696094545,2,59
2017-02-15,8742.9,8751.45,8739.3,8739.3,14:10:00,8730.737915514112,2,60
2017-02-15,8743.6,8748.2,8740.7,8742.6,14:15:00,8731.962875941339,2,61
2017-02-15,8746.9,8751.3,8743.55,8743.65,14:20:00,8733.385459185021,2,62
2017-02-15,8736.45,8749.45,8736.45,8747.25,14:25:00,8733.67732021502,2,63
2017-02-15,8743.55,8745.8,8735.65,8736.15,14:30:00,8734.617575432638,2,64
2017-02-15,8742.25,8744.4,8740.2,8743.85,14:35:00,8735.344473010482,2,65
2017-02-15,8741.85,8746.65,8741.1,8742.15,14:40:00,8735.964047009484,2,66
2017-02-15,8737.3,8744.85,8736.2,8742.2,14:45:00,8736.091280627628,2,67
2017-02-15,8728.6,8738.65,8728.1,8737.35,14:50:00,8735.377825329759,2,68
2017-02-15,8728.75,8731.7,8725.75,8728.15,14:55:00,8734.746603869782,2,69
2017-02-15,8729.85,8733.75,8728.1,8728.3,15:00:00,8734.28026064409,2,70
2017-02-15,8722.35,8731.0,8721.2,8729.7,15:05:00,8733.144045344652,2,71
2017-02-15,8726.9,8726.9,8719.05,8722.45,15:10:00,8732.549374359447,2,72
2017-02-15,8724.15,8728.25,8720.55,8726.5,15:15:00,8731.749433944262,2,73
2017-02-15,8725.1,8725.2,8719.8,8724.0,15:20:00,8731.116154521,2,74
2017-02-15,8728.2,8731.3,8724.45,8724.85,15:25:00,8730.838425519,2,75
2017-02-16,8736.25,8751.45,8736.0,8738.8,09:15:00,8731.353813564809,3,1
2017-02-16,8743.9,8743.9,8728.9,8735.8,09:20:00,8732.548688463397,3,2
2017-02-16,8736.65,8744.75,8736.55,8744.0,09:25:00,8732.93928956212,3,3
2017-02-16,8735.55,8738.4,8726.3,8736.85,09:30:00,8733.187928651443,3,4
2017-02-16,8722.55,8736.1,8720.55,8735.3,09:35:00,8732.174792589401,3,5
2017-02-16,8728.45,8730.75,8719.6,8722.3,09:40:00,8731.82005043803,3,6
2017-02-16,8728.6,8731.15,8726.45,8729.15,09:45:00,8731.51337896774,3,7
2017-02-16,8732.8,8734.45,8728.95,8728.95,09:50:00,8731.635914304145,3,8
2017-02-16,8723.15,8733.15,8722.5,8733.15,09:55:00,8730.827731989464,3,9
2017-02-16,8727.7,8729.35,8721.65,8723.3,10:00:00,8730.529852752372,3,10
2017-02-16,8735.15,8735.9,8727.85,8728.0,10:05:00,8730.969866775955,3,11
2017-02-16,8728.65,8738.25,8727.85,8734.8,10:10:00,8730.748927083006,3,12
2017-02-16,8732.9,8733.4,8727.25,8728.45,10:15:00,8730.95379117034,3,13
2017-02-16,8733.1,8736.4,8732.2,8732.7,10:20:00,8731.158192011259,3,14
2017-02-16,8729.35,8733.5,8728.95,8732.95,10:25:00,8730.985983248282,3,15
2017-02-16,8731.1,8732.75,8727.8,8729.3,10:30:00,8730.99684198654,3,16
2017-02-16,8734.6,8738.25,8731.45,8731.6,10:35:00,8731.339999892583,3,17
2017-02-16,8737.7,8738.45,8734.05,8734.65,10:40:00,8731.945714188529,3,18
2017-02-16,8737.85,8738.3,8734.55,8737.85,10:45:00,8732.508027122954,3,19
2017-02-16,8740.05,8740.8,8737.65,8738.0,10:50:00,8733.226310254102,3,20
2017-02-16,8738.4,8740.35,8737.15,8740.35,10:55:00,8733.719042610854,3,21
2017-02-16,8743.0,8744.05,8737.75,8738.55,11:00:00,8734.602943314581,3,22
2017-02-16,8743.85,8745.85,8742.95,8742.95,11:05:00,8735.48361537986,3,23
2017-02-16,8746.35,8746.75,8742.7,8743.65,11:10:00,8736.518509153208,3,24
2017-02-16,8750.55,8753.8,8745.8,8746.4,11:15:00,8737.854841614808,3,25
2017-02-16,8746.65,8753.55,8746.65,8750.6,11:20:00,8738.692475746731,3,26
2017-02-16,8750.4,8751.25,8745.15,8746.5,11:25:00,8739.807478056566,3,27
2017-02-16,8770.45,8770.8,8750.55,8750.55,11:30:00,8742.72581347975,3,28
2017-02-16,8767.25,8776.75,8767.15,8770.6,11:35:00,8745.061450291203,3,29
2017-02-16,8771.75,8772.95,8764.75,8767.3,11:40:00,8747.603216930136,3,30
2017-02-16,8768.65,8772.2,8768.55,8771.6,11:45:00,8749.6076724606,3,31
2017-02-16,8766.3,8769.9,8763.8,8768.7,11:50:00,8751.19741794054,3,32
2017-02-16,8767.8,8769.6,8765.3,8766.55,11:55:00,8752.778616231917,3,33
2017-02-16,8772.15,8773.85,8768.1,8768.1,12:00:00,8754.623509924117,3,34
2017-02-16,8769.5,8773.0,8767.9,8772.0,12:05:00,8756.040318502772,3,35
2017-02-16,8768.45,8771.4,8767.25,8769.7,12:10:00,8757.22219293108,3,36
2017-02-16,8771.85,8774.95,8767.9,8768.55,12:15:00,8758.615317413834,3,37
2017-02-16,8767.95,8772.5,8767.3,8772.2,12:20:00,8759.504334802992,3,38
2017-02-16,8759.05,8768.4,8758.8,8767.85,12:25:00,8759.461064821755,3,39
2017-02-16,8762.7,8764.9,8758.0,8759.35,12:30:00,8759.76953483873,3,40
2017-02-16,8763.8,8766.35,8762.45,8762.75,12:35:00,8760.153388663613,3,41
2017-02-16,8764.0,8764.9,8761.35,8763.35,12:40:00,8760.519732600413,3,42
2017-02-16,8762.35,8764.15,8760.4,8764.15,12:45:00,8760.694043781326,3,43
2017-02-16,8759.8,8762.75,8759.65,8762.65,12:50:00,8760.608896754533,3,44
2017-02-16,8762.2,8763.2,8759.75,8760.05,12:55:00,8760.760430396958,3,45
2017-02-16,8763.05,8765.05,8762.0,8762.0,13:00:00,8760.978484644867,3,46
2017-02-16,8759.8,8763.65,8758.75,8763.15,13:05:00,8760.866248012024,3,47
2017-02-16,8756.75,8761.8,8756.25,8760.05,13:10:00,8760.474224391832,3,48
2017-02-16,8757.95,8758.25,8752.25,8756.55,13:15:00,8760.2338220688,3,49
2017-02-16,8759.05,8761.7,8757.5,8758.1,13:20:00,8760.121077109867,3,50
2017-02-16,8757.15,8759.4,8756.3,8758.85,13:25:00,8759.838117385118,3,51
2017-02-16,8766.45,8766.6,8756.8,8757.55,13:30:00,8760.467820491296,3,52
2017-02-16,8763.1,8767.45,8762.2,8767.2,13:35:00,8760.71850425403,3,53
2017-02-16,8766.95,8768.9,8763.3,8763.35,13:40:00,8761.31198003936,3,54
2017-02-16,8776.75,8777.2,8765.0,8767.25,13:45:00,8762.782267654658,3,55
2017-02-16,8775.9,8778.2,8773.35,8777.55,13:50:00,8764.031575497072,3,56
2017-02-16,8778.55,8780.4,8775.3,8776.0,13:55:00,8765.414282592588,3,57
2017-02-16,8770.85,8781.15,8770.15,8779.15,14:00:00,8765.931969964724,3,58
2017-02-16,8769.6,8773.95,8769.6,8771.0,14:05:00,8766.28130615856,3,59
2017-02-16,8773.85,8774.8,8767.4,8769.35,14:10:00,8767.002134143459,3,60
2017-02-16,8774.1,8776.55,8772.65,8774.35,14:15:00,8767.678121367891,3,61
2017-02-16,8770.6,8775.7,8769.95,8773.95,14:20:00,8767.95639552333,3,62
2017-02-16,8766.4,8773.45,8766.4,8771.05,14:25:00,8767.80816737825,3,63
2017-02-16,8773.8,8775.55,8766.0,8766.2,14:30:00,8768.378818104131,3,64
2017-02-16,8775.65,8778.6,8773.85,8774.5,14:35:00,8769.071311618023,3,65
2017-02-16,8775.2,8778.5,8771.9,8775.95,14:40:00,8769.65499622583,3,66
2017-02-16,8779.85,8780.3,8774.95,8775.4,14:45:00,8770.625948966228,3,67
2017-02-16,8776.05,8781.45,8774.7,8780.1,14:50:00,8771.142525255158,3,68
2017-02-16,8774.75,8777.9,8774.2,8776.4,14:55:00,8771.486094278476,3,69
2017-02-16,8783.1,8783.7,8773.55,8774.9,15:00:00,8772.59218053767,3,70
2017-02-16,8780.1,8783.95,8779.35,8783.0,15:05:00,8773.307210962654,3,71
2017-02-16,8778.8,8780.55,8777.5,8779.95,15:10:00,8773.830333728116,3,72
2017-02-16,8772.9,8780.95,8772.9,8778.85,15:15:00,8773.741730515914,3,73
2017-02-16,8776.7,8779.15,8773.8,8773.95,15:20:00,8774.023470466778,3,74
2017-02-16,8777.8,8777.8,8774.5,8776.6,15:25:00,8774.383139946132,3,75
2017-02-17,8849.6,8885.9,8843.0,8881.0,09:15:00,8781.546650427454,4,1
2017-02-17,8849.6,8856.95,8842.05,8849.3,09:20:00,8788.027921815315,4,2
2017-02-17,8846.75,8851.65,8840.2,8848.85,09:25:00,8793.620500690047,4,3
2017-02-17,8837.35,8846.7,8836.0,8846.05,09:30:00,8797.785214910044,4,4
2017-02-17,8832.7,8838.5,8823.9,8837.75,09:35:00,8801.110432537658,4,5
2017-02-17,8815.2,8833.25,8815.2,8832.55,09:40:00,8802.4522961055,4,6
2017-02-17,8804.25,8814.45,8804.25,8814.45,09:45:00,8802.623506000215,4,7
2017-02-17,8816.45,8821.7,8804.8,8804.8,09:50:00,8803.940314952575,4,8
2017-02-17,8821.15,8821.55,8812.6,8816.4,09:55:00,8805.579332576139,4,9
2017-02-17,8823.95,8828.35,8820.35,8821.25,10:00:00,8807.32891994984,4,10
2017-02-17,8821.85,8825.55,8819.45,8823.4,10:05:00,8808.711879954617,4,11
2017-02-17,8815.05,8822.9,8811.5,8821.8,10:10:00,8809.31551043513,4,12
2017-02-17,8822.05,8823.9,8814.35,8814.6,10:15:00,8810.528318965116,4,13
2017-02-17,8820.4,8824.15,8819.0,8822.3,10:20:00,8811.468479063677,4,14
2017-02-17,8816.35,8820.9,8815.05,8820.9,10:25:00,8811.933385819517,4,15
2017-02-17,8822.05,8823.95,8815.3,8815.9,10:30:00,8812.896872884325,4,16
2017-02-17,8815.95,8824.25,8814.85,8821.6,10:35:00,8813.187646895341,4,17
2017-02-17,8816.15,8819.9,8815.55,8816.0,10:40:00,8813.469775762453,4,18
2017-02-17,8818.45,8821.55,8815.0,8816.25,10:45:00,8813.944082832695,4,19
2017-02-17,8817.4,8820.7,8814.55,8818.2,10:50:00,8814.27321780101,4,20
2017-02-17,8822.6,8823.0,8815.6,8816.6,10:55:00,8815.066244677106,4,21
2017-02-17,8825.15,8826.75,8821.05,8822.65,11:00:00,8816.026602326905,4,22
2017-02-17,8828.05,8828.55,8820.9,8824.9,11:05:00,8817.17168781958,4,23
2017-02-17,8836.55,8836.8,8827.9,8828.15,11:10:00,8819.017241360572,4,24
2017-02-17,8832.45,8837.65,8832.0,8836.6,11:15:00,8820.296551707184,4,25
2017-02-17,8831.8,8834.5,8831.3,8832.25,11:20:00,8821.39211821126,4,26
2017-02-17,8828.35,8832.1,8825.3,8831.7,11:25:00,8822.054773619711,4,27
2017-02-17,8830.25,8831.45,8826.95,8827.95,11:30:00,8822.835271370215,4,28
2017-02-17,8827.85,8830.3,8826.35,8830.05,11:35:00,8823.312864573052,4,29
2017-02-17,8831.15,8831.7,8827.35,8828.05,11:40:00,8824.059258423238,4,30
2017-02-17,8833.25,8833.4,8830.7,8830.95,11:45:00,8824.934567144835,4,31
2017-02-17,8836.55,8839.7,8832.65,8833.0,11:50:00,8826.040798845328,4,32
2017-02-17,8841.9,8842.9,8836.05,8836.7,11:55:00,8827.551198955296,4,33
2017-02-17,8843.25,8844.95,8840.75,8841.75,12:00:00,8829.046322864315,4,34
2017-02-17,8842.9,8845.05,8840.5,8843.1,12:05:00,8830.365720686761,4,35
2017-02-17,8843.9,8846.8,8842.8,8843.35,12:10:00,8831.654699668974,4,36
2017-02-17,8846.85,8847.2,8843.0,8843.95,12:15:00,8833.10187112907,4,37
2017-02-17,8848.9,8851.35,8845.3,8847.0,12:20:00,8834.606454831064,4,38
2017-02-17,8851.45,8856.35,8848.95,8849.25,12:25:00,8836.21060199001,4,39
2017-02-17,8852.4,8856.7,8851.5,8851.7,12:30:00,8837.752449419533,4,40
2017-02-17,8851.35,8852.45,8848.6,8852.1,12:35:00,8839.047454236721,4,41
2017-02-17,8848.0,8852.3,8848.0,8850.95,12:40:00,8839.900077642747,4,42
2017-02-17,8844.45,8848.7,8843.25,8848.3,12:45:00,8840.333403581533,4,43
2017-02-17,8845.0,8846.4,8842.7,8844.2,12:50:00,8840.777841335672,4,44
2017-02-17,8850.0,8852.1,8844.8,8845.45,12:55:00,8841.656142160846,4,45
2017-02-17,8844.5,8851.2,8844.3,8849.45,13:00:00,8841.926985764574,4,46
2017-02-17,8828.05,8844.7,8821.95,8844.2,13:05:00,8840.605368072711,4,47
2017-02-17,8822.7,8827.75,8820.6,8827.65,13:10:00,8838.900094922928,4,48
2017-02-17,8818.0,8825.5,8817.3,8823.05,13:15:00,8836.909609692173,4,49
2017-02-17,8820.85,8823.95,8815.15,8819.15,13:20:00,8835.380123054823,4,50
2017-02-17,8816.5,8823.05,8815.8,8820.2,13:25:00,8833.582016097222,4,51
2017-02-17,8824.75,8824.9,8809.05,8815.5,13:30:00,8832.74087170701,4,52
2017-02-17,8818.9,8826.25,8814.15,8825.7,13:35:00,8831.4226934492,4,53
2017-02-17,8824.95,8827.85,8816.35,8818.3,13:40:00,8830.806246454038,4,54
2017-02-17,8828.0,8829.25,8821.75,8825.3,13:45:00,8830.538984886987,4,55
2017-02-17,8823.0,8830.2,8822.75,8828.35,13:50:00,8829.820986326322,4,56
2017-02-17,8825.4,8829.95,8823.4,8823.7,13:55:00,8829.399940009529,4,57
2017-02-17,8825.7,8827.05,8822.0,8825.15,14:00:00,8829.047564770526,4,58
2017-02-17,8824.4,8828.2,8823.35,8825.6,14:05:00,8828.604939554285,4,59
2017-02-17,8826.75,8827.5,8823.15,8824.85,14:10:00,8828.428278644353,4,60
2017-02-17,8827.6,8828.8,8825.05,8827.35,14:15:00,8828.349394963938,4,61
2017-02-17,8829.25,8830.0,8824.15,8827.55,14:20:00,8828.435166872134,4,62
2017-02-17,8835.05,8836.8,8826.7,8829.65,14:25:00,8829.06515097955,4,63
2017-02-17,8833.9,8836.0,8830.65,8834.95,14:30:00,8829.525612791022,4,64
2017-02-17,8830.15,8834.4,8826.25,8834.0,14:35:00,8829.585078239495,4,65
2017-02-17,8829.0,8834.75,8828.75,8829.9,14:40:00,8829.5293565024,4,66
2017-02-17,8829.7,8832.9,8827.3,8829.2,14:45:00,8829.545608264076,4,67
2017-02-17,8828.85,8831.7,8827.9,8830.4,14:50:00,8829.479359857973,4,68
2017-02-17,8825.55,8830.0,8822.1,8828.95,14:55:00,8829.105135109594,4,69
2017-02-17,8826.15,8829.25,8825.15,8825.95,15:00:00,8828.823693670585,4,70
2017-02-17,8823.55,8827.75,8822.7,8825.95,15:05:00,8828.32143713053,4,71
2017-02-17,8822.5,8823.3,8818.3,8823.0,15:10:00,8827.767014546669,4,72
2017-02-17,8820.8,8822.7,8819.0,8821.75,15:15:00,8827.103489351748,4,73
2017-02-17,8819.95,8821.05,8818.45,8820.3,15:20:00,8826.422204651582,4,74
2017-02-17,8816.95,8820.5,8814.1,8820.0,15:25:00,8825.52008992286,4,75
2017-02-20,8820.85,8825.05,8812.85,8815.35,09:15:00,8825.075319454018,0,1
2017-02-20,8814.15,8821.7,8812.75,8819.95,09:20:00,8824.034812839349,0,2
2017-02-20,8812.15,8817.4,8809.8,8814.05,09:25:00,8822.902925902268,0,3
2017-02-20,8821.25,8822.15,8812.25,8812.25,09:30:00,8822.745504387765,0,4
2017-02-20,8821.9,8828.0,8820.8,8821.1,09:35:00,8822.664980160358,0,5
2017-02-20,8823.05,8825.0,8821.55,8821.75,09:40:00,8822.701648716515,0,6
2017-02-20,8831.55,8833.65,8822.7,8823.15,09:45:00,8823.544348838752,0,7
2017-02-20,8833.45,8834.25,8827.95,8831.5,09:50:00,8824.487744187441,0,8
2017-02-20,8831.3,8835.75,8830.05,8833.4,09:55:00,8825.136530455304,0,9
2017-02-20,8826.85,8832.95,8826.25,8831.65,10:00:00,8825.299718030989,0,10
2017-02-20,8821.3,8827.3,8820.9,8827.2,10:05:00,8824.918792504228,0,11
2017-02-20,8828.1,8829.25,8819.8,8821.2,10:10:00,8825.221764646683,0,12
2017-02-20,8829.05,8830.1,8827.0,8828.05,10:15:00,8825.586358489856,0,13
2017-02-20,8832.45,8835.75,8829.0,8829.2,10:20:00,8826.24003863368,0,14
2017-02-20,8829.05,8833.35,8827.25,8832.25,10:25:00,8826.5076540019,0,15
2017-02-20,8837.85,8839.25,8828.85,8828.95,10:30:00,8827.587877430291,0,16
2017-02-20,8834.95,8840.05,8834.85,8837.9,10:35:00,8828.28903196074,0,17
2017-02-20,8831.8,8838.0,8831.8,8835.05,10:40:00,8828.62340986924,0,18
2017-02-20,8832.35,8832.85,8829.9,8831.85,10:45:00,8828.978323215028,0,19
2017-02-20,8832.55,8835.9,8831.3,8832.85,10:50:00,8829.318482908835,0,20
2017-02-20,8836.3,8837.4,8832.0,8832.3,10:55:00,8829.98338929847,0,21
2017-02-20,8839.0,8840.7,8835.95,8836.25,11:00:00,8830.842114127187,0,22
2017-02-20,8835.5,8838.9,8834.55,8838.8,11:05:00,8831.285722305549,0,23
2017-02-20,8833.25,8836.0,8832.25,8835.6,11:10:00,8831.472796371687,0,24
2017-02-20,8833.9,8835.85,8833.3,8833.35,11:15:00,8831.703958622003,0,25
2017-02-20,8835.65,8836.5,8833.35,8833.8,11:20:00,8832.079772086574,0,26
2017-02-20,8834.75,8836.1,8832.3,8835.5,11:25:00,8832.3340795069,0,27
2017-02-20,8840.1,8841.55,8834.45,8834.65,11:30:00,8833.073690982434,0,28
2017-02-20,8841.65,8842.25,8838.55,8840.0,11:35:00,8833.89048231744,0,29
2017-02-20,8842.8,8842.8,8839.9,8841.25,11:40:00,8834.739007811017,0,30
2017-02-20,8841.9,8844.0,8841.05,8842.9,11:45:00,8835.42100706711,0,31
2017-02-20,8842.05,8844.4,8840.75,8841.85,11:50:00,8836.052339727386,0,32
2017-02-20,8843.6,8844.85,8841.8,8841.8,11:55:00,8836.771164515256,0,33
2017-02-20,8845.0,8847.4,8842.65,8843.35,12:00:00,8837.55486313285,0,34
2017-02-20,8842.6,8846.1,8841.8,8845.4,12:05:00,8838.035352358293,0,35
2017-02-20,8842.35,8843.45,8841.35,8842.55,12:10:00,8838.446271181312,0,36
2017-02-20,8839.5,8842.65,8837.75,8842.55,12:15:00,8838.546626306901,0,37
2017-02-20,8840.85,8842.45,8839.3,8839.95,12:20:00,8838.765995230053,0,38
2017-02-20,8838.25,8841.4,8838.0,8840.8,12:25:00,8838.71685282719,0,39
2017-02-20,8838.2,8839.75,8837.1,8838.3,12:30:00,8838.66762874841,0,40
2017-02-20,8843.3,8844.45,8837.35,8838.1,12:35:00,8839.108806962848,0,41
2017-02-20,8846.35,8846.5,8842.15,8843.1,12:40:00,8839.798444394957,0,42
2017-02-20,8849.05,8850.05,8845.45,8846.25,12:45:00,8840.679544928771,0,43
2017-02-20,8852.0,8854.35,8848.15,8849.45,12:50:00,8841.757683506983,0,44
2017-02-20,8850.55,8853.85,8850.05,8852.25,12:55:00,8842.59504698251,0,45
2017-02-20,8849.3,8850.6,8847.0,8850.3,13:00:00,8843.233613936556,0,46
2017-02-20,8846.95,8850.55,8846.85,8849.0,13:05:00,8843.587555466409,0,47
2017-02-20,8848.5,8849.9,8845.95,8847.35,13:10:00,8844.05540732675,0,48
2017-02-20,8849.6,8850.45,8847.05,8848.3,13:15:00,8844.583463771822,0,49
2017-02-20,8850.95,8852.1,8849.6,8850.55,13:20:00,8845.189800555458,0,50
2017-02-20,8852.3,8855.85,8850.65,8850.9,13:25:00,8845.866962407319,0,51
2017-02-20,8851.4,8853.9,8850.45,8852.2,13:30:00,8846.393918368527,0,52
2017-02-20,8851.4,8855.0,8850.5,8851.45,13:35:00,8846.870688047715,0,53
2017-02-20,8851.15,8854.2,8850.8,8851.55,13:40:00,8847.27824156698,0,54
2017-02-20,8848.4,8852.2,8844.45,8851.4,13:45:00,8847.38507570346,0,55
2017-02-20,8859.65,8863.95,8848.8,8848.8,13:50:00,8848.553163731702,0,56
2017-02-20,8857.65,8860.75,8857.05,8859.15,13:55:00,8849.419529090588,0,57
2017-02-20,8860.5,8862.3,8856.85,8857.6,14:00:00,8850.474812034341,0,58
2017-02-20,8861.95,8863.1,8858.7,8860.9,14:05:00,8851.567687078688,0,59
2017-02-20,8858.5,8863.05,8856.8,8861.6,14:10:00,8852.227907356908,0,60
2017-02-20,8862.0,8863.45,8858.35,8858.35,14:15:00,8853.158582846725,0,61
2017-02-20,8863.3,8865.35,8861.45,8862.3,14:20:00,8854.124432099417,0,62
2017-02-20,8863.0,8865.25,8860.15,8863.4,14:25:00,8854.969724280425,0,63
2017-02-20,8863.7,8866.0,8861.9,8862.2,14:30:00,8855.80117911086,0,64
2017-02-20,8861.25,8866.75,8860.35,8863.05,14:35:00,8856.320114433634,0,65
2017-02-20,8858.25,8863.35,8858.25,8861.35,14:40:00,8856.503913059003,0,66
2017-02-20,8861.2,8861.45,8857.65,8858.3,14:45:00,8856.951159434337,0,67
2017-02-20,8866.55,8869.45,8859.95,8860.75,14:50:00,8857.865334726304,0,68
2017-02-20,8865.25,8867.45,8862.95,8866.2,14:55:00,8858.568636180942,0,69
2017-02-20,8864.55,8866.0,8862.15,8865.45,15:00:00,8859.138289877996,0,70
2017-02-20,8863.3,8864.75,8861.15,8864.6,15:05:00,8859.534643222949,0,71
2017-02-20,8863.65,8865.2,8861.2,8863.4,15:10:00,8859.92658196362,0,72
2017-02-20,8871.5,8871.5,8861.05,8864.85,15:15:00,8861.0288122528,0,73
2017-02-20,8882.95,8882.95,8867.15,8871.0,15:20:00,8863.116544419201,0,74
2017-02-20,8886.25,8886.25,8878.75,8883.15,15:25:00,8865.31973066499,0,75
2017-02-21,8879.8,8892.65,8873.0,8890.45,09:15:00,8866.698803934993,1,1
2017-02-21,8886.3,8887.65,8878.85,8879.5,09:20:00,8868.565584512611,1,2
2017-02-21,8880.0,8888.95,8876.1,8886.1,09:25:00,8869.65457646379,1,3
2017-02-21,8888.3,8891.25,8880.5,8880.5,09:30:00,8871.430331086285,1,4
2017-02-21,8885.8,8888.25,8882.5,8888.25,09:35:00,8872.79887098283,1,5
2017-02-21,8885.15,8886.55,8881.65,8886.0,09:40:00,8873.975168984465,1,6
2017-02-21,8884.85,8889.65,8884.45,8885.0,09:45:00,8875.010867176421,1,7
2017-02-21,8887.7,8888.75,8883.1,8885.1,09:50:00,8876.219356016762,1,8
2017-02-21,8889.8,8891.55,8886.95,8887.85,09:55:00,8877.512750681832,1,9
2017-02-21,8890.2,8890.85,8886.85,8889.35,10:00:00,8878.721060140706,1,10
2017-02-21,8889.4,8891.9,8888.9,8890.1,10:05:00,8879.738102032066,1,11
2017-02-21,8890.3,8890.3,8886.0,8889.45,10:10:00,8880.743997076632,1,12
2017-02-21,8883.35,8890.2,8883.35,8889.85,10:15:00,8880.992187831238,1,13
2017-02-21,8871.15,8883.65,8869.9,8883.25,10:20:00,8880.054836609215,1,14
2017-02-21,8873.75,8874.0,8867.1,8871.05,10:25:00,8879.454375979765,1,15
2017-02-21,8876.85,8877.6,8872.45,8873.65,10:30:00,8879.206340172168,1,16
2017-02-21,8876.9,8879.05,8876.75,8877.4,10:35:00,8878.9866887272,1,17
2017-02-21,8870.95,8878.4,8870.0,8877.0,10:40:00,8878.2212898008,1,18
2017-02-21,8868.75,8871.5,8865.25,8870.8,10:45:00,8877.319262200725,1,19
2017-02-21,8871.8,8871.8,8867.15,8868.9,10:50:00,8876.793618181608,1,20
2017-02-21,8872.0,8875.85,8872.0,8872.45,10:55:00,8876.337083116692,1,21
2017-02-21,8871.55,8872.55,8867.95,8871.9,11:00:00,8875.881170438912,1,22
2017-02-21,8872.45,8873.75,8870.95,8871.65,11:05:00,8875.554392301874,1,23
2017-02-21,8871.35,8873.5,8871.35,8872.3,11:10:00,8875.15397398741,1,24
2017-02-21,8864.15,8872.15,8864.05,8871.55,11:15:00,8874.1059764648,1,25
2017-02-21,8869.05,8870.35,8863.75,8863.85,11:20:00,8873.624454896724,1,26
2017-02-21,8868.25,8869.75,8867.15,8868.85,11:25:00,8873.112602049418,1,27
2017-02-21,8868.6,8869.4,8866.2,8867.95,11:30:00,8872.682830425663,1,28
2017-02-21,8873.7,8873.75,8868.0,8868.4,11:35:00,8872.779703718457,1,29
2017-02-21,8875.45,8875.5,8871.45,8873.55,11:40:00,8873.034017650032,1,30
2017-02-21,8874.65,8876.5,8874.2,8875.25,11:45:00,8873.187920730981,1,31
2017-02-21,8874.75,8875.7,8873.8,8874.75,11:50:00,8873.336690185173,1,32
2017-02-21,8878.5,8879.0,8873.9,8874.3,11:55:00,8873.828433977062,1,33
2017-02-21,8875.8,8878.65,8874.75,8878.45,12:00:00,8874.016202169722,1,34
2017-02-21,8870.15,8876.05,8870.05,8875.45,12:05:00,8873.647992439272,1,35
2017-02-21,8871.0,8871.15,8869.4,8869.95,12:10:00,8873.39580268315,1,36
2017-02-21,8866.75,8872.45,8866.7,8871.3,12:15:00,8872.762869094278,1,37
2017-02-21,8868.8,8871.05,8866.4,8866.85,12:20:00,8872.385452990062,1,38
2017-02-21,8867.55,8868.45,8861.65,8868.45,12:25:00,8871.924933657676,1,39
2017-02-21,8869.65,8870.1,8866.2,8867.7,12:30:00,8871.708273309325,1,40
2017-02-21,8871.25,8872.2,8868.35,8870.15,12:35:00,8871.664628232247,1,41
2017-02-21,8869.1,8872.2,8869.1,8870.7,12:40:00,8871.420377924414,1,42
2017-02-21,8868.5,8869.5,8868.2,8869.0,12:45:00,8871.142246693518,1,43
2017-02-21,8867.95,8868.95,8867.4,8868.35,12:50:00,8870.838223198898,1,44
2017-02-21,8866.9,8868.25,8864.7,8867.85,12:55:00,8870.463154322813,1,45
2017-02-21,8868.55,8869.75,8866.85,8866.95,13:00:00,8870.280949149212,1,46
2017-02-21,8868.1,8870.0,8867.75,8868.15,13:05:00,8870.07323970643,1,47
2017-02-21,8861.85,8868.55,8861.85,8868.55,13:10:00,8869.290074020102,1,48
2017-02-21,8866.0,8866.15,8860.95,8862.15,13:15:00,8868.976733637235,1,49
2017-02-21,8867.8,8868.35,8865.15,8866.05,13:20:00,8868.864663767023,1,50
2017-02-21,8865.75,8868.0,8864.95,8867.45,13:25:00,8868.568029122544,1,51
2017-02-21,8870.3,8871.25,8865.65,8865.65,13:30:00,8868.73297872992,1,52
2017-02-21,8878.9,8878.95,8870.2,8870.2,13:35:00,8869.701266469929,1,53
2017-02-21,8874.7,8879.25,8874.45,8878.35,13:40:00,8870.177336329936,1,54
2017-02-21,8875.6,8875.95,8873.15,8874.5,13:45:00,8870.69378048899,1,55
2017-02-21,8874.75,8878.6,8874.15,8875.2,13:50:00,8871.080087109085,1,56
2017-02-21,8872.2,8875.05,8870.85,8874.5,13:55:00,8871.186745479648,1,57
2017-02-21,8869.55,8877.15,8867.9,8871.3,14:00:00,8871.030864957776,1,58
2017-02-21,8870.25,8871.65,8868.45,8869.4,14:05:00,8870.95649686656,1,59
2017-02-21,8880.1,8881.2,8869.7,8870.55,14:10:00,8871.827306688792,1,60
2017-02-21,8882.6,8885.65,8879.55,8880.05,14:15:00,8872.853277480335,1,61
2017-02-21,8879.8,8883.0,8876.1,8882.2,14:20:00,8873.514870101255,1,62
2017-02-21,8884.65,8884.65,8878.75,8879.7,14:25:00,8874.57535866304,1,63
2017-02-21,8887.15,8888.2,8884.35,8884.55,14:30:00,8875.772943552274,1,64
2017-02-21,8889.95,8893.0,8886.3,8886.3,14:35:00,8877.123139404439,1,65
2017-02-21,8884.7,8889.7,8884.15,8889.4,14:40:00,8877.844745175445,1,66
2017-02-21,8891.05,8894.8,8884.25,8884.85,14:45:00,8879.10238849207,1,67
2017-02-21,8896.75,8897.7,8891.0,8891.0,14:50:00,8880.783113397587,1,68
2017-02-21,8902.6,8904.4,8895.6,8896.25,14:55:00,8882.860912121627,1,69
2017-02-21,8911.65,8913.55,8903.05,8903.1,15:00:00,8885.602730014805,1,70
2017-02-21,8918.1,8918.1,8909.7,8911.9,15:05:00,8888.697708108633,1,71
2017-02-21,8910.2,8920.8,8908.0,8918.35,15:10:00,8890.74554543162,1,72
2017-02-21,8904.45,8910.5,8901.85,8909.9,15:15:00,8892.05073158099,1,73
2017-02-21,8902.45,8904.55,8899.55,8904.15,15:20:00,8893.041138097085,1,74
2017-02-21,8903.25,8905.9,8900.65,8902.2,15:25:00,8894.013410659267,1,75
2017-02-22,8926.55,8932.4,8917.1,8927.1,09:15:00,8897.112133453622,2,1
2017-02-22,8937.35,8939.85,8927.25,8927.7,09:20:00,8900.944311219944,2,2
2017-02-22,8934.95,8939.55,8932.55,8937.2,09:25:00,8904.182948246616,2,3
2017-02-22,8932.85,8937.9,8926.75,8934.6,09:30:00,8906.913143651702,2,4
2017-02-22,8927.5,8937.2,8927.5,8933.15,09:35:00,8908.873796637254,2,5
2017-02-22,8926.95,8927.2,8919.95,8927.05,09:40:00,8910.59533981466,2,6
2017-02-22,8925.7,8927.85,8922.95,8927.1,09:45:00,8912.03387887993,2,7
2017-02-22,8924.95,8929.3,8920.8,8926.05,09:50:00,8913.26398565327,2,8
2017-02-22,8928.5,8929.25,8923.9,8925.1,09:55:00,8914.715034638673,2,9
2017-02-22,8934.25,8935.55,8927.4,8928.3,10:00:00,8916.57550753023,2,10
2017-02-22,8934.4,8935.85,8931.4,8934.55,10:05:00,8918.273078241637,2,11
2017-02-22,8934.65,8935.3,8929.65,8934.2,10:10:00,8919.832785075767,2,12
2017-02-22,8939.05,8940.5,8934.0,8935.45,10:15:00,8921.662996020932,2,13
2017-02-22,8938.15,8942.7,8937.95,8938.75,10:20:00,8923.233186876081,2,14
2017-02-22,8934.55,8940.45,8933.8,8938.5,10:25:00,8924.310978602169,2,15
2017-02-22,8936.3,8938.3,8933.85,8934.65,10:30:00,8925.452790163867,2,16
2017-02-22,8937.65,8939.0,8933.15,8936.1,10:35:00,8926.614429195879,2,17
2017-02-22,8942.9,8943.55,8937.5,8937.75,10:40:00,8928.165435939129,2,18
2017-02-22,8941.7,8944.85,8940.05,8942.55,10:45:00,8929.454442040163,2,19
2017-02-22,8939.65,8944.45,8939.65,8941.6,10:50:00,8930.425447560148,2,20
2017-02-22,8942.9,8943.45,8939.0,8939.7,10:55:00,8931.613500173467,2,21
2017-02-22,8943.0,8945.85,8941.85,8943.0,11:00:00,8932.697928728376,2,22
2017-02-22,8944.8,8946.55,8941.8,8942.75,11:05:00,8933.85050694472,2,23
2017-02-22,8943.8,8945.5,8943.25,8944.65,11:10:00,8934.79807771189,2,24
2017-02-22,8939.4,8944.15,8938.9,8943.75,11:15:00,8935.236356025043,2,25
2017-02-22,8938.55,8939.65,8935.65,8939.45,11:20:00,8935.551941165515,2,26
2017-02-22,8942.6,8943.3,8937.4,8938.0,11:25:00,8936.223184864037,2,27
2017-02-22,8940.75,8943.0,8939.6,8942.55,11:30:00,8936.654310115082,2,28
2017-02-22,8940.0,8942.1,8939.15,8940.9,11:35:00,8936.972947246979,2,29
2017-02-22,8940.2,8941.85,8937.95,8940.15,11:40:00,8937.280285604409,2,30
2017-02-22,8943.35,8944.75,8939.85,8939.85,11:45:00,8937.858353642085,2,31
2017-02-22,8945.1,8945.8,8941.95,8943.1,11:50:00,8938.5480342476,2,32
2017-02-22,8946.95,8949.25,8943.3,8945.15,11:55:00,8939.348221462114,2,33
2017-02-22,8952.5,8953.85,8945.9,8947.5,12:00:00,8940.600771799056,2,34
2017-02-22,8951.5,8954.4,8951.5,8952.55,12:05:00,8941.63879353248,2,35
2017-02-22,8948.45,8952.4,8947.7,8951.25,12:10:00,8942.28747986272,2,36
2017-02-22,8951.9,8955.6,8947.25,8948.4,12:15:00,8943.202957971032,2,37
2017-02-22,8955.65,8958.2,8951.95,8951.95,12:20:00,8944.38839054522,2,38
2017-02-22,8956.3,8960.75,8955.0,8955.4,12:25:00,8945.522829540914,2,39
2017-02-22,8952.35,8960.05,8952.35,8955.9,12:30:00,8946.173036251303,2,40
2017-02-22,8948.7,8952.75,8947.8,8952.5,12:35:00,8946.413699465465,2,41
2017-02-22,8945.5,8948.85,8943.2,8948.85,12:40:00,8946.326680468756,2,42
2017-02-22,8936.8,8945.6,8936.75,8945.35,12:45:00,8945.419377566968,2,43
2017-02-22,8941.3,8942.1,8934.4,8936.05,12:50:00,8945.027055893923,2,44
2017-02-22,8940.5,8941.6,8937.75,8941.25,12:55:00,8944.595907713549,2,45
2017-02-22,8929.45,8941.1,8927.3,8940.7,13:00:00,8943.153440312259,2,46
2017-02-22,8914.55,8930.55,8909.5,8930.05,13:05:00,8940.429303139663,2,47
2017-02-22,8922.75,8924.7,8912.2,8915.3,13:10:00,8938.745559983505,2,48
2017-02-22,8920.75,8925.05,8918.8,8922.85,13:15:00,8937.031697127934,2,49
2017-02-22,8915.15,8923.7,8915.05,8920.8,13:20:00,8934.947725972892,2,50
2017-02-22,8915.1,8916.05,8905.25,8915.2,13:25:00,8933.057466356426,2,51
2017-02-22,8921.6,8921.9,8914.2,8915.0,13:30:00,8931.966279084385,2,52
2017-02-22,8928.5,8928.75,8921.15,8921.3,13:35:00,8931.636157266825,2,53
2017-02-22,8928.65,8933.6,8926.0,8928.55,13:40:00,8931.351761336651,2,54
2017-02-22,8931.6,8932.85,8928.3,8929.15,13:45:00,8931.375403114114,2,55
2017-02-22,8929.2,8934.05,8926.2,8931.7,13:50:00,8931.168221865151,2,56
2017-02-22,8924.15,8930.6,8920.3,8928.9,13:55:00,8930.499819782755,2,57
2017-02-22,8926.45,8928.3,8924.05,8924.05,14:00:00,8930.114122660589,2,58
2017-02-22,8917.05,8930.35,8916.0,8926.5,14:05:00,8928.869920502437,2,59
2017-02-22,8915.05,8917.35,8908.75,8916.8,14:10:00,8927.553737597442,2,60
2017-02-22,8916.0,8916.45,8910.05,8915.0,14:15:00,8926.453381635782,2,61
2017-02-22,8918.5,8919.9,8913.2,8916.35,14:20:00,8925.695916718088,2,62
2017-02-22,8920.7,8922.9,8918.45,8918.45,14:25:00,8925.22011512589,2,63
2017-02-22,8928.2,8928.45,8919.8,8921.2,14:30:00,8925.503913685328,2,64
2017-02-22,8915.35,8929.15,8914.7,8928.15,14:35:00,8924.536874286727,2,65
2017-02-22,8912.8,8918.2,8912.8,8916.3,14:40:00,8923.41907673561,2,66
2017-02-22,8910.0,8915.15,8909.8,8912.2,14:45:00,8922.141069427458,2,67
2017-02-22,8917.75,8918.3,8908.5,8909.5,14:50:00,8921.722872339129,2,68
2017-02-22,8925.15,8926.0,8917.4,8917.4,14:55:00,8922.049265449688,2,69
2017-02-22,8924.95,8927.45,8920.65,8924.95,15:00:00,8922.32552588305,2,70
2017-02-22,8926.4,8927.25,8922.5,8925.25,15:05:00,8922.713571037046,2,71
2017-02-22,8931.35,8932.8,8924.55,8926.35,15:10:00,8923.536088081137,2,72
2017-02-22,8928.9,8931.85,8926.2,8931.4,15:15:00,8924.046936835313,2,73
2017-02-22,8925.55,8929.35,8922.6,8928.85,15:20:00,8924.19008570814,2,74
2017-02-22,8930.1,8930.15,8925.75,8925.95,15:25:00,8924.752934688317,2,75
2017-02-23,8955.65,8956.15,8935.4,8954.7,09:15:00,8927.695512337048,3,1
2017-02-23,8944.75,8957.15,8941.95,8955.9,09:20:00,8929.319749257329,3,2
2017-02-23,8942.0,8949.05,8941.75,8944.85,09:25:00,8930.527392185202,3,3
2017-02-23,8953.25,8954.1,8941.55,8941.85,09:30:00,8932.691450072325,3,4
2017-02-23,8950.85,8955.9,8947.2,8952.9,09:35:00,8934.420835779723,3,5
2017-02-23,8949.95,8953.3,8944.65,8950.8,09:40:00,8935.899803800701,3,6
2017-02-23,8945.9,8949.95,8943.05,8949.4,09:45:00,8936.85220343873,3,7
2017-02-23,8941.0,8946.15,8939.3,8946.15,09:50:00,8937.24723168266,3,8
2017-02-23,8948.45,8949.45,8940.9,8941.2,09:55:00,8938.314161998598,3,9
2017-02-23,8945.2,8949.05,8944.6,8949.05,10:00:00,8938.96995609397,3,10
2017-02-23,8948.4,8950.4,8944.5,8945.5,10:05:00,8939.868055513592,3,11
2017-02-23,8946.95,8951.8,8944.9,8948.75,10:10:00,8940.54252641706,3,12
2017-02-23,8946.95,8949.2,8945.9,8946.85,10:15:00,8941.152761996389,3,13
2017-02-23,8945.3,8947.45,8943.1,8946.7,10:20:00,8941.547737044351,3,14
2017-02-23,8946.7,8947.75,8944.3,8945.4,10:25:00,8942.038428754413,3,15
2017-02-23,8948.95,8949.7,8946.1,8946.55,10:30:00,8942.696673634946,3,16
2017-02-23,8956.2,8956.85,8948.7,8949.15,10:35:00,8943.982704717331,3,17
2017-02-23,8953.6,8956.35,8951.65,8956.35,10:40:00,8944.898637601395,3,18
2017-02-23,8950.55,8954.0,8948.5,8954.0,10:45:00,8945.436862591738,3,19
2017-02-23,8953.45,8954.55,8949.7,8950.5,10:50:00,8946.200018535383,3,20
2017-02-23,8955.05,8956.05,8950.25,8953.25,10:55:00,8947.042873912966,3,21
2017-02-23,8959.25,8959.9,8952.85,8954.55,11:00:00,8948.205457349826,3,22
2017-02-23,8956.75,8959.55,8955.35,8959.45,11:05:00,8949.019223316509,3,23
2017-02-23,8960.25,8960.65,8956.35,8956.9,11:10:00,8950.08882109589,3,24
2017-02-23,8960.3,8961.8,8959.1,8959.9,11:15:00,8951.061314324852,3,25
2017-02-23,8959.25,8961.65,8957.8,8960.35,11:20:00,8951.841189151057,3,26
2017-02-23,8964.05,8964.05,8957.8,8959.35,11:25:00,8953.003933041433,3,27
2017-02-23,8963.85,8965.1,8962.85,8964.15,11:30:00,8954.036891799393,3,28
2017-02-23,8962.2,8964.15,8960.7,8963.75,11:35:00,8954.814330675641,3,29
2017-02-23,8958.95,8962.8,8958.5,8962.65,11:40:00,8955.208203944627,3,30
2017-02-23,8955.7,8960.25,8955.55,8958.65,11:45:00,8955.255041664186,3,31
2017-02-23,8954.95,8955.6,8952.85,8955.3,11:50:00,8955.22599007712,3,32
2017-02-23,8959.0,8960.7,8954.1,8955.05,11:55:00,8955.585419593584,3,33
2017-02-23,8956.1,8959.55,8955.25,8958.9,12:00:00,8955.634427251338,3,34
2017-02-23,8956.7,8958.45,8955.6,8955.95,12:05:00,8955.735910370258,3,35
2017-02-23,8954.05,8958.05,8953.25,8956.8,12:10:00,8955.575347477854,3,36
2017-02-23,8951.65,8955.2,8950.85,8953.85,12:15:00,8955.201504860916,3,37
2017-02-23,8948.2,8951.75,8945.8,8951.6,12:20:00,8954.534694874163,3,38
2017-02-23,8956.0,8958.3,8947.9,8947.9,12:25:00,8954.67424774329,3,39
2017-02-23,8956.55,8957.15,8955.55,8956.05,12:30:00,8954.852890815358,3,40
2017-02-23,8965.55,8970.05,8955.9,8956.65,12:35:00,8955.871663118658,3,41
2017-02-23,8966.7,8967.45,8963.4,8966.05,12:40:00,8956.902933297833,3,42
2017-02-23,8966.0,8968.85,8965.55,8966.5,12:45:00,8957.769320602802,3,43
2017-02-23,8971.0,8973.2,8965.5,8966.1,12:50:00,8959.029385307296,3,44
2017-02-23,8969.15,8971.05,8968.1,8970.75,12:55:00,8959.993253373268,3,45
2017-02-23,8967.1,8969.25,8965.0,8969.1,13:00:00,8960.670086385338,3,46
2017-02-23,8968.0,8968.75,8966.05,8967.2,13:05:00,8961.368173396258,3,47
2017-02-23,8971.9,8972.05,8967.3,8967.95,13:10:00,8962.371204501376,3,48
2017-02-23,8970.8,8973.1,8970.3,8971.85,13:15:00,8963.173946929817,3,49
2017-02-23,8969.45,8971.2,8966.1,8970.4,13:20:00,8963.771666269835,3,50
2017-02-23,8975.2,8976.35,8968.85,8969.15,13:25:00,8964.86007900604,3,51
2017-02-23,8973.2,8976.45,8970.8,8975.1,13:30:00,8965.654357195941,3,52
2017-02-23,8968.4,8973.7,8968.05,8973.25,13:35:00,8965.915846986803,3,53
2017-02-23,8968.2,8970.95,8966.85,8968.0,13:40:00,8966.133385369012,3,54
2017-02-23,8973.45,8980.0,8967.25,8968.35,13:45:00,8966.830205810058,3,55
2017-02-23,8977.0,8979.05,8973.55,8973.55,13:50:00,8967.798757637673,3,56
2017-02-23,8979.05,8982.15,8976.7,8976.85,13:55:00,8968.870304529322,3,57
2017-02-23,8970.75,8979.8,8970.75,8978.95,14:00:00,8969.049323145577,3,58
2017-02-23,8960.15,8971.85,8954.1,8970.45,14:05:00,8968.201768560284,3,59
2017-02-23,8963.1,8965.9,8957.4,8959.5,14:10:00,8967.715885840258,3,60
2017-02-23,8966.0,8968.05,8963.4,8963.4,14:15:00,8967.552468141186,3,61
2017-02-23,8956.55,8966.95,8951.6,8965.9,14:20:00,8966.504614032503,3,62
2017-02-23,8957.25,8963.3,8956.25,8956.7,14:25:00,8965.623222219883,3,63
2017-02-23,8971.4,8972.1,8956.45,8956.75,14:30:00,8966.173391532275,3,64
2017-02-23,8973.9,8974.2,8968.95,8971.65,14:35:00,8966.909259005392,3,65
2017-02-23,8977.4,8979.45,8973.4,8974.35,14:40:00,8967.908377195354,3,66
2017-02-23,8972.6,8977.7,8969.15,8977.55,14:45:00,8968.355198414843,3,67
2017-02-23,8968.05,8972.55,8966.15,8972.5,14:50:00,8968.326131899144,3,68
2017-02-23,8959.5,8971.1,8959.2,8967.55,14:55:00,8967.48554790875,3,69
2017-02-23,8939.6,8959.75,8937.15,8958.65,15:00:00,8964.829781441249,3,70
2017-02-23,8939.65,8942.75,8938.4,8939.75,15:05:00,8962.431707018273,3,71
2017-02-23,8929.55,8939.55,8927.55,8938.8,15:10:00,8959.300115873675,3,72
2017-02-23,8937.35,8938.7,8928.1,8929.3,15:15:00,8957.20962864761,3,73
2017-02-23,8936.3,8938.55,8933.65,8937.2,15:20:00,8955.218235443075,3,74
2017-02-23,8941.2,8947.7,8935.5,8935.85,15:25:00,8953.883165400877,3,75
2017-02-27,8938.3,8938.6,8913.65,8937.85,09:15:00,8952.399054410318,0,1
2017-02-27,8935.75,8944.55,8935.5,8938.2,09:20:00,8950.813430180764,0,2
2017-02-27,8942.75,8946.55,8935.6,8936.15,09:25:00,8950.045484449263,0,3
2017-02-27,8943.75,8951.35,8940.5,8942.1,09:30:00,8949.445914501714,0,4
2017-02-27,8947.4,8948.05,8941.35,8943.2,09:35:00,8949.25106550155,0,5
2017-02-27,8948.45,8951.8,8944.05,8947.45,09:40:00,8949.17477354902,0,6
2017-02-27,8936.35,8948.8,8936.15,8948.05,09:45:00,8947.953366544352,0,7
2017-02-27,8943.15,8946.65,8935.6,8936.25,09:50:00,8947.495903063938,0,8
2017-02-27,8946.9,8947.65,8940.4,8943.35,09:55:00,8947.439150391183,0,9
2017-02-27,8944.7,8949.65,8943.65,8946.85,10:00:00,8947.178278925356,0,10
2017-02-27,8941.15,8948.8,8940.95,8945.3,10:05:00,8946.604157122942,0,11
2017-02-27,8937.75,8940.9,8933.8,8940.9,10:10:00,8945.760904063614,0,12
2017-02-27,8934.8,8939.55,8934.5,8937.4,10:15:00,8944.717008438507,0,13
2017-02-27,8938.55,8938.55,8934.35,8935.0,10:20:00,8944.129674301506,0,14
2017-02-27,8929.55,8939.95,8929.05,8938.15,10:25:00,8942.74113389184,0,15
2017-02-27,8927.8,8930.5,8924.75,8929.5,10:30:00,8941.318168759284,0,16
2017-02-27,8923.65,8927.4,8916.7,8925.8,10:35:00,8939.635486020305,0,17
2017-02-27,8918.25,8924.15,8918.05,8923.75,10:40:00,8937.598773065989,0,18
2017-02-27,8919.75,8921.25,8916.0,8918.35,10:45:00,8935.898889916847,0,19
2017-02-27,8928.7,8929.1,8917.6,8917.75,10:50:00,8935.213281353337,0,20
2017-02-27,8925.45,8930.15,8924.9,8928.5,10:55:00,8934.283445033972,0,21
2017-02-27,8924.65,8926.6,8919.85,8925.0,11:00:00,8933.365974078357,0,22
2017-02-27,8924.1,8924.7,8920.9,8924.7,11:05:00,8932.483500356608,0,23
2017-02-27,8924.65,8925.25,8922.7,8924.05,11:10:00,8931.737452703597,0,24
2017-02-27,8924.75,8925.65,8923.3,8923.9,11:15:00,8931.07198101754,0,25
2017-02-27,8918.95,8925.75,8918.2,8924.6,11:20:00,8929.917506634916,0,26
2017-02-27,8919.45,8920.85,8918.4,8919.0,11:25:00,8928.920601241114,0,27
2017-02-27,8920.65,8924.2,8919.15,8919.2,11:30:00,8928.132924932437,0,28
2017-02-27,8918.3,8922.55,8917.35,8920.5,11:35:00,8927.196455891253,0,29
2017-02-27,8919.7,8920.25,8917.25,8918.2,11:40:00,8926.482507711135,0,30
2017-02-27,8923.7,8923.8,8919.1,8919.9,11:45:00,8926.21750697674,0,31
2017-02-27,8925.35,8927.5,8923.7,8924.0,11:50:00,8926.13488726467,0,32
2017-02-27,8924.4,8926.0,8920.2,8925.55,11:55:00,8925.96965990613,0,33
2017-02-27,8924.75,8928.95,8924.0,8924.5,12:00:00,8925.85350181983,0,34
2017-02-27,8919.4,8924.95,8918.85,8924.7,12:05:00,8925.238882598895,0,35
2017-02-27,8918.1,8919.65,8915.85,8919.6,12:10:00,8924.558989018047,0,36
2017-02-27,8922.4,8923.45,8917.75,8918.05,12:15:00,8924.353371016328,0,37
2017-02-27,8922.1,8923.2,8920.0,8922.5,12:20:00,8924.138764252868,0,38
2017-02-27,8924.6,8924.8,8920.95,8921.9,12:25:00,8924.18269146688,0,39
2017-02-27,8926.6,8928.2,8922.45,8924.25,12:30:00,8924.412911327177,0,40
2017-02-27,8924.0,8926.95,8922.35,8926.85,12:35:00,8924.373586438875,0,41
2017-02-27,8927.0,8927.65,8923.4,8923.9,12:40:00,8924.623721063745,0,42
2017-02-27,8927.9,8928.45,8925.2,8926.55,12:45:00,8924.935747629102,0,43
2017-02-27,8926.7,8928.35,8924.9,8927.85,12:50:00,8925.103771664426,0,44
2017-02-27,8925.9,8927.25,8925.15,8926.9,12:55:00,8925.17960293448,0,45
2017-02-27,8925.25,8926.45,8924.4,8926.25,13:00:00,8925.18630741691,0,46
2017-02-27,8928.4,8929.6,8924.5,8925.35,13:05:00,8925.492373377205,0,47
2017-02-27,8926.95,8928.45,8925.45,8928.25,13:10:00,8925.631194960328,0,48
2017-02-27,8927.75,8929.65,8926.05,8927.1,13:15:00,8925.832985916488,0,49
2017-02-27,8922.55,8927.2,8921.8,8927.15,13:20:00,8925.520320591108,0,50
2017-02-27,8921.85,8922.5,8918.25,8922.5,13:25:00,8925.170766249097,0,51
2017-02-27,8920.8,8922.5,8917.8,8921.6,13:30:00,8924.754502796803,0,52
2017-02-27,8924.7,8928.15,8919.75,8920.65,13:35:00,8924.74931205425,0,53
2017-02-27,8926.7,8927.65,8923.1,8924.65,13:40:00,8924.935091858606,0,54
2017-02-27,8923.3,8927.85,8923.05,8927.2,13:45:00,8924.779368824453,0,55
2017-02-27,8924.15,8926.7,8922.7,8923.55,13:50:00,8924.719428936409,0,56
2017-02-27,8929.4,8931.05,8922.5,8924.7,13:55:00,8925.165197609133,0,57
2017-02-27,8927.05,8929.1,8924.5,8929.0,14:00:00,8925.344702598739,0,58
2017-02-27,8927.4,8929.55,8926.65,8927.1,14:05:00,8925.540445208382,0,59
2017-02-27,8929.1,8930.8,8925.95,8927.85,14:10:00,8925.879450426632,0,60
2017-02-27,8920.95,8930.9,8919.9,8928.55,14:15:00,8925.409978957428,0,61
2017-02-27,8918.7,8923.25,8918.4,8921.0,14:20:00,8924.770933342435,0,62
2017-02-27,8916.9,8922.8,8916.2,8918.75,14:25:00,8924.021320643156,0,63
2017-02-27,8911.9,8918.25,8910.0,8917.4,14:30:00,8922.866909153332,0,64
2017-02-27,8907.25,8915.6,8905.1,8912.0,14:35:00,8921.379584472063,0,65
2017-02-27,8906.05,8911.3,8904.1,8907.3,14:40:00,8919.919624046152,0,66
2017-02-27,8905.9,8907.65,8901.0,8905.75,14:45:00,8918.58442175604,0,67
2017-02-27,8903.1,8910.05,8902.35,8906.35,14:50:00,8917.109714922131,0,68
2017-02-27,8904.9,8906.9,8902.5,8903.4,14:55:00,8915.946884929548,0,69
2017-02-27,8891.45,8906.65,8889.75,8904.8,15:00:00,8913.613848269591,0,70
2017-02-27,8889.45,8894.75,8888.65,8891.6,15:05:00,8911.312529386772,0,71
2017-02-27,8899.15,8899.95,8889.8,8890.2,15:10:00,8910.154193254699,0,72
2017-02-27,8899.3,8901.2,8896.85,8899.5,15:15:00,8909.120460563774,0,73
2017-02-27,8892.75,8900.8,8891.55,8899.1,15:20:00,8907.56136908151,0,74
2017-02-27,8896.45,8899.05,8891.55,8891.65,15:25:00,8906.5031434547,0,75
2017-02-28,8897.3,8907.05,8891.8,8895.5,09:15:00,8905.626653601872,1,1
2017-02-28,8911.85,8913.05,8894.9,8897.0,09:20:00,8906.219353258835,1,2
2017-02-28,8907.5,8913.7,8906.5,8911.75,09:25:00,8906.341319615138,1,3
2017-02-28,8903.1,8910.95,8903.1,8907.75,09:30:00,8906.032622508934,1,4
2017-02-28,8899.95,8903.6,8895.25,8903.6,09:35:00,8905.45332512713,1,5
2017-02-28,8895.1,8900.2,8894.9,8899.55,09:40:00,8904.467294162641,1,6
2017-02-28,8902.65,8902.65,8894.0,8895.0,09:45:00,8904.294218528104,1,7
2017-02-28,8905.2,8906.55,8902.2,8902.5,09:50:00,8904.38048343019,1,8
2017-02-28,8909.75,8910.2,8905.3,8905.5,09:55:00,8904.891865960648,1,9
2017-02-28,8907.0,8914.75,8906.75,8910.05,10:00:00,8905.092640631063,1,10
2017-02-28,8901.55,8907.85,8900.85,8907.15,10:05:00,8904.755246285247,1,11
2017-02-28,8900.2,8902.15,8898.5,8901.65,10:10:00,8904.3214133057,1,12
2017-02-28,8901.95,8902.45,8899.35,8899.4,10:15:00,8904.095564419444,1,13
2017-02-28,8899.2,8902.15,8897.95,8902.05,10:20:00,8903.62932018902,1,14
2017-02-28,8898.8,8901.15,8898.4,8899.3,10:25:00,8903.169384932924,1,15
2017-02-28,8897.4,8901.55,8896.65,8898.75,10:30:00,8902.619919701217,1,16
2017-02-28,8893.1,8898.25,8892.9,8897.45,10:35:00,8901.713260682054,1,17
2017-02-28,8893.4,8896.7,8892.65,8893.15,10:40:00,8900.921521569477,1,18
2017-02-28,8899.65,8900.5,8891.65,8893.35,10:45:00,8900.800424277146,1,19
2017-02-28,8898.3,8900.2,8895.35,8899.7,10:50:00,8900.562288631703,1,20
2017-02-28,8901.2,8903.25,8897.4,8898.25,10:55:00,8900.623023047732,1,21
2017-02-28,8897.5,8902.2,8897.3,8901.15,11:00:00,8900.325592281282,1,22
2017-02-28,8892.4,8897.65,8891.5,8897.25,11:05:00,8899.570773968779,1,23
2017-02-28,8890.85,8894.35,8889.9,8892.35,11:10:00,8898.74022406699,1,24
2017-02-28,8888.15,8892.25,8887.4,8890.75,11:15:00,8897.731631298706,1,25
2017-02-28,8892.8,8894.25,8888.1,8888.25,11:20:00,8897.261952127401,1,26
2017-02-28,8892.5,8893.15,8887.05,8892.55,11:25:00,8896.808432877173,1,27
2017-02-28,8886.15,8892.75,8885.85,8892.75,11:30:00,8895.793344031728,1,28
2017-02-28,8888.45,8888.45,8885.0,8886.1,11:35:00,8895.09397793347,1,29
2017-02-28,8881.6,8888.4,8879.2,8888.35,11:40:00,8893.808837177901,1,30
2017-02-28,8884.4,8885.05,8879.8,8881.9,11:45:00,8892.912757446673,1,31
2017-02-28,8883.1,8884.6,8881.3,8884.3,11:50:00,8891.978209118419,1,32
2017-02-28,8890.6,8890.7,8882.85,8883.25,11:55:00,8891.846951107142,1,33
2017-02-28,8892.4,8894.5,8890.0,8890.5,12:00:00,8891.899622430272,1,34
2017-02-28,8889.5,8893.5,8889.5,8892.55,12:05:00,8891.671086960721,1,35
2017-02-28,8891.55,8891.75,8887.7,8889.25,12:10:00,8891.659554869224,1,36
2017-02-28,8889.8,8891.6,8888.6,8891.35,12:15:00,8891.482454405488,1,37
2017-02-28,8892.65,8892.95,8889.3,8890.0,12:20:00,8891.593649224013,1,38
2017-02-28,8890.6,8894.15,8889.95,8892.45,12:25:00,8891.499015964582,1,39
2017-02-28,8896.25,8896.3,8890.2,8890.75,12:30:00,8891.951490634623,1,40
2017-02-28,8893.35,8898.05,8892.85,8896.2,12:35:00,8892.084682002755,1,41
2017-02-28,8894.05,8896.15,8891.2,8893.4,12:40:00,8892.271855145349,1,42
2017-02-28,8887.8,8894.2,8887.8,8894.2,12:45:00,8891.845964179125,1,43
2017-02-28,8889.15,8889.15,8884.9,8887.7,12:50:00,8891.589205685876,1,44
2017-02-28,8889.85,8892.35,8888.65,8889.3,12:55:00,8891.423567049125,1,45
2017-02-28,8887.5,8890.75,8886.65,8889.75,13:00:00,8891.049893996827,1,46
2017-02-28,8887.25,8889.8,8886.5,8887.7,13:05:00,8890.687999330463,1,47
2017-02-28,8886.6,8888.2,8885.5,8887.2,13:10:00,8890.298666060895,1,48
2017-02-28,8874.2,8886.9,8874.2,8886.9,13:15:00,8888.765459769382,1,49
2017-02-28,8874.6,8876.55,8867.6,8874.1,13:20:00,8887.416368362774,1,50
2017-02-28,8875.2,8878.2,8874.05,8874.65,13:25:00,8886.252904709178,1,51
2017-02-28,8878.65,8880.3,8873.75,8874.8,13:30:00,8885.5288185464,1,52
2017-02-28,8876.9,8878.5,8875.0,8878.45,13:35:00,8884.707026303886,1,53
2017-02-28,8880.55,8885.2,8876.55,8877.1,13:40:00,8884.311119036849,1,54
2017-02-28,8879.0,8882.15,8877.85,8880.65,13:45:00,8883.805298176196,1,55
2017-02-28,8880.8,8882.0,8878.85,8879.05,13:50:00,8883.519079302272,1,56
2017-02-28,8883.6,8886.6,8879.9,8880.65,13:55:00,8883.526786035389,1,57
2017-02-28,8883.4,8887.4,8882.05,8883.5,14:00:00,8883.514711174876,1,58
2017-02-28,8882.2,8885.4,8881.7,8883.75,14:05:00,8883.389500586793,1,59
2017-02-28,8888.65,8890.0,8881.3,8882.3,14:10:00,8883.890500530908,1,60
2017-02-28,8891.65,8894.4,8886.9,8888.6,14:15:00,8884.629500480345,1,61
2017-02-28,8891.7,8894.35,8887.65,8891.9,14:20:00,8885.302881386979,1,62
2017-02-28,8888.95,8893.8,8888.9,8891.6,14:25:00,8885.65022601679,1,63
2017-02-28,8892.85,8893.15,8886.6,8889.15,14:30:00,8886.335918777097,1,64
2017-02-28,8887.6,8893.5,8887.4,8892.9,14:35:00,8886.456307464992,1,65
2017-02-28,8881.5,8887.65,8881.2,8887.15,14:40:00,8885.984278182612,1,66
2017-02-28,8879.75,8882.7,8879.35,8881.25,14:45:00,8885.390537403317,1,67
2017-02-28,8889.3,8889.35,8878.9,8879.5,14:50:00,8885.76286717443,1,68
2017-02-28,8884.95,8891.8,8884.9,8889.25,14:55:00,8885.685451253055,1,69
2017-02-28,8879.1,8888.75,8879.1,8884.9,15:00:00,8885.058265419431,1,70
2017-02-28,8881.65,8881.65,8878.75,8879.3,15:05:00,8884.733668712819,1,71
2017-02-28,8872.7,8881.85,8870.3,8881.3,15:10:00,8883.587605025885,1,72
2017-02-28,8878.3,8878.35,8873.05,8873.05,15:15:00,8883.084023594847,1,73
2017-02-28,8877.1,8879.25,8875.05,8878.05,15:20:00,8882.514116585815,1,74
2017-02-28,8875.2,8882.35,8875.0,8877.15,15:25:00,8881.817534053833,1,75
2017-03-01,8912.55,8920.55,8898.6,8900.6,09:15:00,8884.744435572515,2,1
2017-03-01,8917.75,8920.1,8911.8,8912.75,09:20:00,8887.887822660847,2,2
2017-03-01,8917.95,8921.2,8915.35,8917.85,09:25:00,8890.750887169337,2,3
2017-03-01,8941.9,8942.8,8918.35,8918.35,09:30:00,8895.622231248448,2,4
2017-03-01,8934.05,8950.25,8933.35,8941.7,09:35:00,8899.282018748596,2,5
2017-03-01,8938.0,8939.2,8932.2,8933.6,09:40:00,8902.969445534443,2,6
2017-03-01,8939.65,8946.95,8938.25,8938.35,09:45:00,8906.46283167402,2,7
2017-03-01,8935.7,8941.45,8935.7,8939.9,09:50:00,8909.247323895543,2,8
2017-03-01,8933.5,8938.3,8933.25,8936.0,09:55:00,8911.557102572157,2,9
2017-03-01,8932.25,8938.0,8929.55,8933.45,10:00:00,8913.527854708142,2,10
2017-03-01,8928.85,8933.6,8928.85,8932.6,10:05:00,8914.9871066407,2,11
2017-03-01,8935.2,8935.5,8929.2,8929.3,10:10:00,8916.91214410349,2,12
2017-03-01,8937.85,8938.25,8935.0,8935.3,10:15:00,8918.906225617442,2,13
2017-03-01,8937.0,8939.1,8935.65,8938.0,10:20:00,8920.629442225305,2,14
2017-03-01,8935.8,8939.4,8935.7,8937.35,10:25:00,8922.074257251466,2,15
2017-03-01,8933.55,8936.3,8933.3,8935.95,10:30:00,8923.167185132279,2,16
2017-03-01,8936.95,8937.65,8933.85,8933.85,10:35:00,8924.4798341673,2,17
2017-03-01,8933.5,8937.75,8931.15,8936.35,10:40:00,8925.338897579937,2,18
2017-03-01,8934.95,8937.35,8933.35,8933.55,10:45:00,8926.254240667562,2,19
2017-03-01,8933.75,8936.05,8932.45,8935.1,10:50:00,8926.968122508746,2,20
2017-03-01,8938.4,8939.55,8932.85,8933.9,10:55:00,8928.056872746009,2,21
2017-03-01,8935.35,8940.1,8934.5,8938.6,11:00:00,8928.751456294007,2,22
2017-03-01,8935.45,8936.9,8933.85,8934.85,11:05:00,8929.389412837434,2,23
2017-03-01,8935.3,8936.35,8932.8,8935.5,11:10:00,8929.952325900535,2,24
2017-03-01,8934.2,8936.15,8934.0,8935.05,11:15:00,8930.35686629096,2,25
2017-03-01,8931.55,8934.7,8929.05,8934.3,11:20:00,8930.470498072773,2,26
2017-03-01,8927.6,8931.3,8927.35,8931.3,11:25:00,8930.197117303938,2,27
2017-03-01,8930.45,8931.75,8927.4,8927.75,11:30:00,8930.22120137023,2,28
2017-03-01,8930.7,8931.6,8929.05,8930.55,11:35:00,8930.266801239732,2,29
2017-03-01,8933.35,8934.3,8929.85,8930.65,11:40:00,8930.5604392169,2,30
2017-03-01,8935.95,8936.45,8933.5,8933.7,11:45:00,8931.073730720052,2,31
2017-03-01,8931.6,8936.75,8931.6,8936.6,11:50:00,8931.123851603857,2,32
2017-03-01,8934.85,8935.3,8930.45,8931.45,11:55:00,8931.478722879681,2,33
2017-03-01,8931.15,8935.15,8930.95,8934.8,12:00:00,8931.44741593876,2,34
2017-03-01,8931.55,8932.75,8930.8,8931.3,12:05:00,8931.457185849353,2,35
2017-03-01,8932.75,8933.1,8930.1,8931.65,12:10:00,8931.580311006557,2,36
2017-03-01,8933.95,8935.45,8930.85,8932.5,12:15:00,8931.8059956726,2,37
2017-03-01,8933.75,8935.75,8933.4,8934.2,12:20:00,8931.991138941876,2,38
2017-03-01,8934.4,8937.1,8933.7,8933.8,12:25:00,8932.220554280744,2,39
2017-03-01,8935.7,8936.55,8934.35,8934.75,12:30:00,8932.551930063531,2,40
2017-03-01,8935.7,8938.35,8935.55,8935.95,12:35:00,8932.851746247958,2,41
2017-03-01,8936.35,8938.35,8935.75,8935.75,12:40:00,8933.184913271962,2,42
2017-03-01,8937.3,8937.65,8935.25,8936.15,12:45:00,8933.57682629368,2,43
2017-03-01,8933.65,8937.95,8933.4,8937.2,12:50:00,8933.583795218092,2,44
2017-03-01,8932.7,8934.75,8932.35,8933.75,12:55:00,8933.49962424494,2,45
2017-03-01,8929.05,8933.05,8928.05,8932.75,13:00:00,8933.075850507326,2,46
2017-03-01,8929.65,8930.0,8927.0,8929.2,13:05:00,8932.749579030438,2,47
2017-03-01,8930.1,8931.55,8929.4,8929.45,13:10:00,8932.497238170396,2,48
2017-03-01,8928.55,8930.9,8927.7,8930.4,13:15:00,8932.121310725595,2,49
2017-03-01,8931.85,8933.9,8928.45,8928.45,13:20:00,8932.095471608873,2,50
2017-03-01,8931.4,8934.15,8931.25,8931.8,13:25:00,8932.029236217551,2,51
2017-03-01,8933.15,8935.65,8931.05,8931.55,13:30:00,8932.135975625404,2,52
2017-03-01,8937.1,8937.75,8933.45,8933.45,13:35:00,8932.608739851556,2,53
2017-03-01,8934.8,8938.35,8934.0,8937.4,13:40:00,8932.817431294265,2,54
2017-03-01,8932.4,8935.15,8931.3,8934.85,13:45:00,8932.777675932906,2,55
2017-03-01,8936.95,8938.25,8932.1,8932.25,13:50:00,8933.175040129772,2,56
2017-03-01,8940.0,8942.15,8935.6,8937.55,13:55:00,8933.82503630789,2,57
2017-03-01,8935.65,8941.0,8934.9,8940.25,14:00:00,8933.998842373805,2,58
2017-03-01,8938.25,8942.45,8935.4,8935.4,14:05:00,8934.40371452868,2,59
2017-03-01,8940.55,8941.5,8937.05,8938.15,14:10:00,8934.989075049758,2,60
2017-03-01,8940.6,8944.6,8939.65,8940.35,14:15:00,8935.523448854543,2,61
2017-03-01,8941.2,8943.6,8939.55,8940.1,14:20:00,8936.064072773157,2,62
2017-03-01,8942.75,8943.5,8939.45,8942.05,14:25:00,8936.700827747143,2,63
2017-03-01,8947.1,8947.15,8940.05,8943.15,14:30:00,8937.691225104558,2,64
2017-03-01,8951.35,8954.8,8945.25,8947.05,14:35:00,8938.992060808887,2,65
2017-03-01,8956.45,8956.45,8951.25,8951.25,14:40:00,8940.65472168423,2,66
2017-03-01,8957.45,8959.65,8954.15,8956.5,14:45:00,8942.254272000018,2,67
2017-03-01,8954.0,8960.8,8952.95,8957.6,14:50:00,8943.37291276192,2,68
2017-03-01,8957.75,8958.85,8953.1,8953.9,14:55:00,8944.742159165547,2,69
2017-03-01,8949.9,8958.4,8949.65,8957.55,15:00:00,8945.233382102162,2,70
2017-03-01,8949.45,8951.5,8948.65,8950.0,15:05:00,8945.6349647591,2,71
2017-03-01,8947.85,8950.15,8944.8,8949.15,15:10:00,8945.845920496327,2,72
2017-03-01,8942.15,8948.8,8941.2,8948.15,15:15:00,8945.493928068106,2,73
2017-03-01,8938.4,8945.1,8938.4,8942.4,15:20:00,8944.818315871144,2,74
2017-03-01,8941.8,8941.8,8936.55,8938.95,15:25:00,8944.530857216749,2,75
2017-03-02,8980.85,8989.5,8974.6,8980.1,09:15:00,8947.989823196107,3,1
2017-03-02,8976.75,8986.85,8976.45,8981.5,09:20:00,8950.72888765362,3,2
2017-03-02,8974.9,8978.3,8969.8,8977.2,09:25:00,8953.030898353276,3,3
2017-03-02,8976.5,8981.9,8974.45,8974.7,09:30:00,8955.26605089106,3,4
2017-03-02,8980.8,8981.15,8973.1,8976.85,09:35:00,8957.697855568102,3,5
2017-03-02,8982.45,8985.2,8977.7,8980.75,09:40:00,8960.055202656853,3,6
2017-03-02,8981.9,8986.2,8981.4,8982.1,09:45:00,8962.135659546677,3,7
2017-03-02,8984.25,8985.45,8979.4,8981.65,09:50:00,8964.241787208899,3,8
2017-03-02,8990.4,8991.75,8984.1,8984.5,09:55:00,8966.733045569956,3,9
2017-03-02,8984.25,8992.5,8983.2,8990.05,10:00:00,8968.401326944246,3,10
2017-03-02,8982.9,8984.5,8981.4,8984.5,10:05:00,8969.782152949556,3,11
2017-03-02,8984.15,8986.6,8981.95,8983.0,10:10:00,8971.150519335311,3,12
2017-03-02,8987.15,8987.55,8984.4,8984.95,10:15:00,8972.674279398614,3,13
2017-03-02,8981.3,8988.15,8978.85,8987.1,10:20:00,8973.495776598746,3,14
2017-03-02,8983.0,8984.0,8980.55,8981.2,10:25:00,8974.4009407322,3,15
2017-03-02,8982.75,8985.55,8979.25,8983.05,10:30:00,8975.196089233894,3,16
2017-03-02,8980.0,8983.7,8979.8,8982.5,10:35:00,8975.653604544952,3,17
2017-03-02,8982.6,8982.8,8979.05,8980.25,10:40:00,8976.31516601686,3,18
2017-03-02,8981.6,8982.75,8979.5,8982.2,10:45:00,8976.818483539064,3,19
2017-03-02,8982.5,8983.25,8979.9,8981.4,10:50:00,8977.359580344868,3,20
2017-03-02,8982.5,8985.15,8981.5,8982.55,10:55:00,8977.849144121546,3,21
2017-03-02,8985.8,8988.2,8982.9,8983.6,11:00:00,8978.606368490922,3,22
2017-03-02,8986.85,8988.3,8985.25,8987.25,11:05:00,8979.391476253692,3,23
2017-03-02,8983.35,8987.0,8982.85,8986.45,11:10:00,8979.768478515245,3,24
2017-03-02,8984.85,8985.75,8982.55,8983.1,11:15:00,8980.252432942365,3,25
2017-03-02,8982.9,8986.65,8982.9,8985.05,11:20:00,8980.50458218595,3,26
2017-03-02,8989.7,8990.9,8982.35,8982.75,11:25:00,8981.380336263477,3,27
2017-03-02,8987.15,8992.35,8987.15,8989.6,11:30:00,8981.929828047907,3,28
2017-03-02,8982.6,8988.35,8982.05,8987.1,11:35:00,8981.993653948106,3,29
2017-03-02,8980.9,8983.2,8979.25,8983.0,11:40:00,8981.88949642924,3,30
2017-03-02,8970.1,8981.45,8969.05,8980.85,11:45:00,8980.766687245503,3,31
2017-03-02,8971.05,8973.35,8969.45,8970.2,11:50:00,8979.841288460217,3,32
2017-03-02,8968.3,8971.25,8962.4,8971.25,11:55:00,8978.742118130673,3,33
2017-03-02,8963.8,8972.0,8961.45,8967.9,12:00:00,8977.319059261084,3,34
2017-03-02,8971.0,8973.65,8962.35,8964.1,12:05:00,8976.717244093361,3,35
2017-03-02,8970.5,8973.75,8969.3,8971.35,12:10:00,8976.12512560828,3,36
2017-03-02,8974.35,8974.35,8969.35,8970.1,12:15:00,8975.95606602654,3,37
2017-03-02,8971.25,8975.8,8971.15,8974.05,12:20:00,8975.507869262108,3,38
2017-03-02,8968.3,8971.2,8966.4,8971.2,12:25:00,8974.82140552286,3,39
2017-03-02,8963.45,8969.1,8963.45,8968.65,12:30:00,8973.738414520683,3,40
2017-03-02,8957.95,8964.5,8957.1,8963.6,12:35:00,8972.234755994905,3,41
2017-03-02,8959.5,8961.45,8956.85,8957.85,12:40:00,8971.021922090627,3,42
2017-03-02,8962.3,8967.0,8958.7,8959.75,12:45:00,8970.1912628439,3,43
2017-03-02,8957.8,8962.1,8957.0,8962.1,12:50:00,8969.011142573052,3,44
2017-03-02,8960.75,8961.65,8957.2,8957.95,12:55:00,8968.224367089904,3,45
2017-03-02,8950.3,8960.85,8950.0,8960.55,13:00:00,8966.517284509913,3,46
2017-03-02,8954.65,8955.85,8944.15,8950.2,13:05:00,8965.387066937541,3,47
2017-03-02,8955.05,8958.75,8952.35,8954.8,13:10:00,8964.402584372061,3,48
2017-03-02,8956.75,8957.3,8953.9,8955.25,13:15:00,8963.673766812817,3,49
2017-03-02,8953.95,8956.65,8950.0,8956.65,13:20:00,8962.747693783025,3,50
2017-03-02,8956.3,8956.45,8952.6,8953.65,13:25:00,8962.133627708452,3,51
2017-03-02,8949.75,8957.0,8949.75,8956.75,13:30:00,8960.95423459336,3,52
2017-03-02,8948.15,8953.8,8945.75,8949.9,13:35:00,8959.734783679707,3,53
2017-03-02,8943.4,8948.0,8938.7,8948.0,13:40:00,8958.179089995925,3,54
2017-03-02,8945.0,8946.55,8938.3,8943.45,13:45:00,8956.923938567741,3,55
2017-03-02,8946.5,8948.45,8943.65,8944.85,13:50:00,8955.93118251367,3,56
2017-03-02,8946.2,8946.7,8943.35,8946.3,13:55:00,8955.004403226654,3,57
2017-03-02,8943.55,8946.95,8943.1,8945.4,14:00:00,8953.913507681258,3,58
2017-03-02,8954.05,8955.1,8942.5,8943.1,14:05:00,8953.92650694971,3,59
2017-03-02,8960.05,8961.2,8953.85,8954.3,14:10:00,8954.509696764024,3,60
2017-03-02,8954.25,8960.6,8953.75,8959.5,14:15:00,8954.484963738878,3,61
2017-03-02,8958.8,8962.35,8951.6,8954.2,14:20:00,8954.895919573271,3,62
2017-03-02,8953.1,8959.7,8951.9,8959.1,14:25:00,8954.724879613912,3,63
2017-03-02,8952.15,8956.1,8951.9,8953.3,14:30:00,8954.479652984015,3,64
2017-03-02,8924.15,8952.25,8920.85,8952.25,14:35:00,8951.591114604586,3,65
2017-03-02,8924.4,8929.85,8923.8,8924.35,14:40:00,8949.001484642244,3,66
2017-03-02,8920.0,8924.8,8909.45,8924.35,14:45:00,8946.23943848584,3,67
2017-03-02,8913.8,8924.0,8913.8,8919.95,14:50:00,8943.149968153855,3,68
2017-03-02,8916.5,8916.75,8909.85,8913.95,14:55:00,8940.611875948725,3,69
2017-03-02,8917.75,8920.95,8914.45,8915.85,15:00:00,8938.4345544298,3,70
2017-03-02,8913.25,8922.45,8913.25,8917.9,15:05:00,8936.036025436486,3,71
2017-03-02,8889.7,8914.2,8885.25,8913.35,15:10:00,8931.623070633012,3,72
2017-03-02,8892.95,8893.75,8879.8,8889.55,15:15:00,8927.939921048915,3,73
2017-03-02,8896.5,8898.3,8890.55,8892.75,15:20:00,8924.945642853781,3,74
2017-03-02,8893.9,8898.4,8890.95,8897.35,15:25:00,8921.988914962945,3,75
2017-03-03,8873.1,8890.15,8870.4,8883.25,09:15:00,8917.332827823617,4,1
2017-03-03,8885.4,8888.1,8867.5,8873.65,09:20:00,8914.29160612613,4,2
2017-03-03,8893.95,8898.5,8880.95,8885.15,09:25:00,8912.354310304594,4,3
2017-03-03,8878.15,8894.35,8877.85,8893.6,09:30:00,8909.096756942252,4,4
2017-03-03,8886.75,8888.7,8876.6,8878.4,09:35:00,8906.968494376322,4,5
2017-03-03,8883.7,8887.9,8880.5,8886.85,09:40:00,8904.752447292864,4,6
2017-03-03,8868.6,8883.15,8868.6,8883.15,09:45:00,8901.309357074497,4,7
2017-03-03,8867.85,8876.1,8865.85,8868.4,09:50:00,8898.12275163883,4,8
2017-03-03,8868.2,8871.1,8865.5,8867.95,09:55:00,8895.272965768465,4,9
2017-03-03,8866.15,8869.95,8864.6,8868.35,10:00:00,8892.499349980992,4,10
2017-03-03,8867.55,8870.35,8862.45,8866.6,10:05:00,8890.123221411373,4,11
2017-03-03,8879.1,8879.2,8866.7,8867.65,10:10:00,8889.073390800766,4,12
2017-03-03,8871.75,8879.75,8869.85,8879.2,10:15:00,8887.423544057836,4,13
2017-03-03,8875.5,8876.55,8870.2,8871.65,10:20:00,8886.28796843328,4,14
2017-03-03,8878.45,8879.1,8874.9,8875.45,10:25:00,8885.54149524916,4,15
2017-03-03,8873.55,8879.6,8872.95,8878.6,10:30:00,8884.399448082573,4,16
2017-03-03,8876.6,8878.05,8873.45,8873.7,10:35:00,8883.65664350328,4,17
2017-03-03,8881.15,8881.6,8875.9,8876.3,10:40:00,8883.417915550586,4,18
2017-03-03,8882.4,8883.6,8880.45,8881.1,10:45:00,8883.320971212435,4,19
2017-03-03,8880.2,8884.1,8879.95,8882.45,10:50:00,8883.02373585887,4,20
2017-03-03,8874.1,8881.1,8872.25,8880.45,10:55:00,8882.173856253263,4,21
2017-03-03,8872.4,8875.9,8872.05,8874.35,11:00:00,8881.24301280057,4,22
2017-03-03,8873.25,8874.1,8871.15,8872.45,11:05:00,8880.481773486232,4,23
2017-03-03,8866.85,8873.75,8866.25,8873.35,11:10:00,8879.183509344686,4,24
2017-03-03,8875.3,8878.0,8865.8,8867.15,11:15:00,8878.813651311859,4,25
2017-03-03,8878.25,8878.25,8873.15,8875.6,11:20:00,8878.75997023454,4,26
2017-03-03,8874.9,8879.05,8874.45,8878.35,11:25:00,8878.392354021726,4,27
2017-03-03,8868.95,8875.3,8868.8,8874.4,11:30:00,8877.493082210132,4,28
2017-03-03,8872.3,8872.75,8868.9,8869.5,11:35:00,8876.998502952025,4,29
2017-03-03,8874.55,8875.1,8870.9,8872.25,11:40:00,8876.76531219469,4,30
2017-03-03,8875.45,8877.7,8873.4,8874.3,11:45:00,8876.640044366624,4,31
2017-03-03,8874.1,8875.45,8873.2,8875.25,11:50:00,8876.398135379326,4,32
2017-03-03,8868.75,8874.25,8867.85,8874.2,11:55:00,8875.669741533677,4,33
2017-03-03,8870.1,8870.8,8867.4,8869.1,12:00:00,8875.139289959041,4,34
2017-03-03,8869.85,8871.55,8868.9,8870.05,12:05:00,8874.63554805818,4,35
2017-03-03,8865.35,8869.95,8865.1,8869.4,12:10:00,8873.751210147879,4,36
2017-03-03,8868.6,8868.65,8864.9,8865.2,12:15:00,8873.260618705222,4,37
2017-03-03,8871.7,8871.95,8868.15,8868.7,12:20:00,8873.111988352344,4,38
2017-03-03,8873.75,8874.0,8871.1,8871.75,12:25:00,8873.172751366406,4,39
2017-03-03,8869.2,8874.5,8869.15,8873.15,12:30:00,8872.794394093416,4,40
2017-03-03,8873.15,8874.5,8869.0,8869.05,12:35:00,8872.828261322615,4,41
2017-03-03,8868.5,8873.1,8867.4,8873.1,12:40:00,8872.416045958556,4,42
2017-03-03,8863.45,8868.85,8860.5,8868.4,12:45:00,8871.562136819646,4,43
2017-03-03,8867.1,8868.4,8861.65,8863.6,12:50:00,8871.13717140825,4,44
2017-03-03,8865.6,8867.6,8860.45,8867.15,12:55:00,8870.609821750322,4,45
2017-03-03,8862.15,8867.15,8860.2,8865.65,13:00:00,8869.804124440769,4,46
2017-03-03,8864.05,8865.05,8861.6,8861.7,13:05:00,8869.256112589268,4,47
2017-03-03,8862.8,8865.55,8860.1,8863.9,13:10:00,8868.641244723623,4,48
2017-03-03,8867.4,8867.9,8861.8,8863.1,13:15:00,8868.523030940421,4,49
2017-03-03,8867.95,8869.4,8866.15,8867.2,13:20:00,8868.468456565144,4,50
2017-03-03,8870.45,8871.6,8867.05,8868.1,13:25:00,8868.657174987511,4,51
2017-03-03,8873.15,8875.7,8869.85,8870.9,13:30:00,8869.085063083938,4,52
2017-03-03,8871.75,8873.35,8867.6,8873.3,13:35:00,8869.338866599754,4,53
2017-03-03,8872.8,8874.55,8871.45,8871.8,13:40:00,8869.668498352157,4,54
2017-03-03,8873.55,8877.0,8871.65,8872.95,13:45:00,8870.038165175762,4,55
2017-03-03,8872.9,8873.65,8871.5,8873.65,13:50:00,8870.310720873307,4,56
2017-03-03,8873.1,8875.15,8872.25,8873.1,13:55:00,8870.57636650442,4,57
2017-03-03,8882.2,8882.65,8872.85,8873.25,14:00:00,8871.683379218284,4,58
2017-03-03,8877.55,8884.55,8877.55,8882.15,14:05:00,8872.242105007019,4,59
2017-03-03,8883.15,8885.5,8875.0,8877.85,14:10:00,8873.280952149207,4,60
2017-03-03,8890.95,8896.1,8883.05,8883.05,14:15:00,8874.963718611189,4,61
2017-03-03,8890.35,8892.95,8885.8,8892.25,14:20:00,8876.429078743457,4,62
2017-03-03,8888.65,8892.85,8888.05,8890.3,14:25:00,8877.592976005984,4,63
2017-03-03,8895.75,8898.05,8888.5,8888.6,14:30:00,8879.322216386367,4,64
2017-03-03,8885.9,8896.35,8883.6,8895.65,14:35:00,8879.948671968617,4,65
2017-03-03,8890.45,8894.05,8883.6,8885.5,14:40:00,8880.948798447796,4,66
2017-03-03,8888.9,8890.5,8884.5,8890.5,14:45:00,8881.706055738483,4,67
2017-03-03,8890.25,8890.9,8885.2,8888.85,14:50:00,8882.51976471577,4,68
2017-03-03,8890.2,8893.4,8885.95,8890.1,14:55:00,8883.25121569522,4,69
2017-03-03,8893.6,8897.45,8890.55,8890.6,15:00:00,8884.236814200438,4,70
2017-03-03,8891.1,8896.15,8890.7,8893.8,15:05:00,8884.890450943254,4,71
2017-03-03,8892.05,8892.65,8888.9,8891.65,15:10:00,8885.572312758182,4,72
2017-03-03,8901.45,8903.1,8891.1,8891.75,15:15:00,8887.08447344788,4,73
2017-03-03,8905.45,8907.1,8900.85,8900.9,15:20:00,8888.83357121475,4,74
2017-03-03,8902.2,8905.9,8901.2,8905.5,15:25:00,8890.106564432392,4,75
2017-03-07,8963.15,8976.5,8962.85,8973.8,09:15:00,8897.063082105498,1,1
2017-03-07,8955.9,8969.45,8955.15,8963.45,09:20:00,8902.666598095451,1,2
2017-03-07,8965.85,8966.75,8954.0,8956.1,09:25:00,8908.684064943503,1,3
2017-03-07,8955.5,8966.25,8952.4,8966.0,09:30:00,8913.142725425074,1,4
2017-03-07,8959.5,8959.5,8955.0,8955.3,09:35:00,8917.55770395602,1,5
2017-03-07,8954.3,8960.15,8954.2,8959.05,09:40:00,8921.056970245922,1,6
2017-03-07,8955.55,8956.45,8951.05,8954.45,09:45:00,8924.34202069869,1,7
2017-03-07,8957.7,8959.1,8955.5,8955.5,09:50:00,8927.518971108339,1,8
2017-03-07,8953.55,8958.95,8952.6,8957.75,09:55:00,8929.998116717068,1,9
2017-03-07,8956.15,8958.85,8953.25,8953.75,10:00:00,8932.488772267823,1,10
2017-03-07,8950.65,8957.45,8950.15,8956.0,10:05:00,8934.21841300422,1,11
2017-03-07,8948.9,8950.7,8947.1,8950.5,10:10:00,8935.616659384772,1,12
2017-03-07,8950.05,8952.65,8948.3,8948.95,10:15:00,8936.991263252889,1,13
2017-03-07,8947.45,8951.0,8946.0,8950.4,10:20:00,8937.98733341928,1,14
2017-03-07,8943.4,8947.7,8941.25,8947.65,10:25:00,8938.502825474587,1,15
2017-03-07,8944.95,8946.3,8941.65,8941.7,10:30:00,8939.116842096055,1,16
2017-03-07,8937.95,8945.1,8937.0,8944.5,10:35:00,8939.005714277382,1,17
2017-03-07,8938.5,8939.4,8935.8,8938.1,10:40:00,8938.957551012869,1,18
2017-03-07,8942.8,8942.8,8937.75,8938.45,10:45:00,8939.323498535454,1,19
2017-03-07,8945.3,8945.6,8942.0,8942.7,10:50:00,8939.892689151124,1,20
2017-03-07,8942.85,8946.2,8942.85,8944.95,10:55:00,8940.174337803397,1,21
2017-03-07,8941.5,8945.05,8941.5,8943.25,11:00:00,8940.300591345931,1,22
2017-03-07,8944.3,8944.95,8941.3,8941.6,11:05:00,8940.681487408223,1,23
2017-03-07,8945.9,8949.85,8943.8,8944.1,11:10:00,8941.17848860744,1,24
2017-03-07,8942.6,8947.15,8941.3,8945.05,11:15:00,8941.313870644826,1,25
2017-03-07,8942.05,8944.95,8941.35,8942.85,11:20:00,8941.38397820246,1,26
2017-03-07,8943.5,8944.75,8941.7,8942.25,11:25:00,8941.585504087941,1,27
2017-03-07,8946.35,8947.55,8942.95,8942.95,11:30:00,8942.039265603376,1,28
2017-03-07,8943.95,8946.55,8942.45,8945.85,11:35:00,8942.221240307816,1,29
2017-03-07,8944.25,8945.55,8942.2,8943.0,11:40:00,8942.414455516595,1,30
2017-03-07,8939.5,8944.85,8937.8,8943.9,11:45:00,8942.136888324538,1,31
2017-03-07,8938.3,8938.9,8936.9,8938.4,11:50:00,8941.771470388867,1,32
2017-03-07,8942.95,8943.15,8937.45,8938.2,11:55:00,8941.883711304214,1,33
2017-03-07,8939.05,8942.7,8937.95,8942.7,12:00:00,8941.613834037145,1,34
2017-03-07,8938.45,8940.65,8937.8,8938.9,12:05:00,8941.312516509799,1,35
2017-03-07,8934.0,8938.5,8932.8,8937.9,12:10:00,8940.616086366008,1,36
2017-03-07,8938.15,8938.55,8933.65,8933.75,12:15:00,8940.381220997817,1,37
2017-03-07,8938.95,8941.05,8938.2,8938.2,12:20:00,8940.24491423612,1,38
2017-03-07,8938.4,8940.85,8937.85,8939.0,12:25:00,8940.069208118395,1,39
2017-03-07,8938.75,8938.9,8935.35,8938.3,12:30:00,8939.943569249976,1,40
2017-03-07,8938.4,8939.5,8937.2,8938.9,12:35:00,8939.79656265474,1,41
2017-03-07,8938.6,8939.7,8937.85,8938.5,12:40:00,8939.682604306669,1,42
2017-03-07,8939.7,8941.25,8938.1,8938.5,12:45:00,8939.684261039367,1,43
2017-03-07,8939.5,8940.45,8938.65,8939.8,12:50:00,8939.666712368951,1,44
2017-03-07,8936.75,8940.3,8935.4,8939.75,12:55:00,8939.388930238574,1,45
2017-03-07,8939.2,8940.5,8935.55,8936.6,13:00:00,8939.37093688252,1,46
2017-03-07,8939.25,8939.8,8937.4,8939.65,13:05:00,8939.359419084185,1,47
2017-03-07,8943.95,8944.8,8937.4,8939.05,13:10:00,8939.796617266644,1,48
2017-03-07,8941.25,8945.3,8941.25,8943.7,13:15:00,8939.935034669821,1,49
2017-03-07,8939.85,8942.25,8939.15,8941.8,13:20:00,8939.926936129837,1,50
2017-03-07,8943.95,8944.65,8939.2,8939.8,13:25:00,8940.310085069852,1,51
2017-03-07,8946.85,8947.0,8942.4,8944.15,13:30:00,8940.932934110819,1,52
2017-03-07,8939.9,8947.0,8939.75,8946.9,13:35:00,8940.834559433597,1,53
2017-03-07,8949.45,8949.85,8936.45,8939.45,13:40:00,8941.655077582778,1,54
2017-03-07,8944.35,8949.7,8942.75,8949.35,13:45:00,8941.91173686061,1,55
2017-03-07,8946.6,8947.0,8943.05,8944.65,13:50:00,8942.35823811198,1,56
2017-03-07,8949.7,8950.4,8946.65,8946.8,13:55:00,8943.057453529886,1,57
2017-03-07,8948.6,8951.1,8947.8,8949.75,14:00:00,8943.585315098468,1,58
2017-03-07,8949.4,8949.7,8947.4,8948.65,14:05:00,8944.1390946129,1,59
2017-03-07,8948.1,8950.8,8948.05,8949.0,14:10:00,8944.516323697386,1,60
2017-03-07,8948.45,8949.7,8946.9,8948.25,14:15:00,8944.890959535729,1,61
2017-03-07,8953.5,8953.95,8947.0,8948.4,14:20:00,8945.710868151375,1,62
2017-03-07,8948.85,8954.45,8948.25,8953.9,14:25:00,8946.00983308934,1,63
2017-03-07,8948.1,8950.25,8947.2,8948.7,14:30:00,8946.208896604641,1,64
2017-03-07,8944.55,8948.75,8944.05,8948.25,14:35:00,8946.050906451817,1,65
2017-03-07,8944.6,8946.45,8942.7,8944.65,14:40:00,8945.912724884978,1,66
2017-03-07,8942.6,8947.0,8941.0,8944.8,14:45:00,8945.597227276885,1,67
2017-03-07,8942.05,8946.35,8942.05,8944.05,14:50:00,8945.259396107658,1,68
2017-03-07,8948.1,8948.35,8941.55,8942.15,14:55:00,8945.529929811692,1,69
2017-03-07,8947.6,8952.0,8946.65,8948.25,15:00:00,8945.727079353435,1,70
2017-03-07,8947.9,8948.55,8945.8,8947.15,15:05:00,8945.934024176917,1,71
2017-03-07,8946.1,8949.75,8944.25,8947.85,15:10:00,8945.949831398164,1,72
2017-03-07,8947.15,8948.75,8945.4,8946.45,15:15:00,8946.064133169768,1,73
2017-03-07,8945.7,8947.7,8945.0,8946.9,15:20:00,8946.029453820267,1,74
2017-03-07,8945.2,8948.15,8943.15,8945.4,15:25:00,8945.950458218336,1,75
2017-03-08,8946.0,8953.45,8940.85,8949.3,09:15:00,8945.955176483258,2,1
2017-03-08,8956.3,8956.75,8945.55,8945.55,09:20:00,8946.940397770566,2,2
2017-03-08,8953.65,8957.05,8950.5,8956.4,09:25:00,8947.579407506702,2,3
2017-03-08,8944.15,8953.75,8943.6,8953.75,09:30:00,8947.252797267969,2,4
2017-03-08,8943.65,8947.0,8942.95,8943.85,09:35:00,8946.90967371864,2,5
2017-03-08,8948.75,8949.85,8943.55,8943.8,09:40:00,8947.084942888292,2,6
2017-03-08,8949.3,8952.55,8948.4,8949.0,09:45:00,8947.295900708454,2,7
2017-03-08,8950.9,8951.35,8947.45,8949.25,09:50:00,8947.63914826003,2,8
2017-03-08,8945.1,8951.25,8944.05,8950.85,09:55:00,8947.397324616219,2,9
2017-03-08,8944.95,8946.15,8943.0,8945.55,10:00:00,8947.16424608134,2,10
2017-03-08,8943.2,8946.4,8940.25,8944.85,10:05:00,8946.786698835498,2,11
2017-03-08,8941.5,8946.45,8941.5,8943.4,10:10:00,8946.283203708308,2,12
2017-03-08,8942.0,8944.45,8941.55,8941.6,10:15:00,8945.875279545611,2,13
2017-03-08,8944.85,8945.55,8942.0,8942.05,10:20:00,8945.7776338746,2,14
2017-03-08,8943.15,8946.35,8942.7,8944.9,10:25:00,8945.5273830294,2,15
2017-03-08,8944.4,8945.45,8941.75,8943.0,10:30:00,8945.420013217077,2,16
2017-03-08,8943.1,8944.35,8942.4,8944.35,10:35:00,8945.199059577355,2,17
2017-03-08,8940.9,8943.3,8940.45,8943.3,10:40:00,8944.789625331892,2,18
2017-03-08,8942.0,8942.8,8939.85,8940.95,10:45:00,8944.523946728854,2,19
2017-03-08,8931.65,8942.0,8925.35,8941.75,10:50:00,8943.2978565642,2,20
2017-03-08,8920.5,8931.05,8918.9,8931.05,10:55:00,8941.126632129515,2,21
2017-03-08,8906.95,8922.15,8900.5,8919.95,11:00:00,8937.871714783847,2,22
2017-03-08,8912.3,8914.35,8906.9,8906.9,11:05:00,8935.436313375862,2,23
2017-03-08,8908.35,8913.5,8907.55,8912.4,11:10:00,8932.856664482922,2,24
2017-03-08,8896.7,8908.2,8896.3,8907.75,11:15:00,8929.413172627406,2,25
2017-03-08,8904.45,8906.2,8892.3,8896.55,11:20:00,8927.035727615272,2,26
2017-03-08,8905.75,8905.75,8903.0,8904.65,11:25:00,8925.008515461437,2,27
2017-03-08,8906.95,8907.7,8903.2,8905.4,11:30:00,8923.288656846062,2,28
2017-03-08,8898.5,8907.4,8898.5,8907.15,11:35:00,8920.927832384532,2,29
2017-03-08,8894.75,8901.95,8894.2,8898.25,11:40:00,8918.434705490767,2,30
2017-03-08,8897.25,8897.7,8891.95,8894.8,11:45:00,8916.417114491645,2,31
2017-03-08,8902.05,8902.2,8896.65,8897.15,11:50:00,8915.048817873392,2,32
2017-03-08,8899.7,8904.0,8897.85,8902.0,11:55:00,8913.587025694975,2,33
2017-03-08,8903.05,8903.95,8899.7,8899.95,12:00:00,8912.583499438311,2,34
2017-03-08,8905.5,8909.5,8902.3,8902.8,12:05:00,8911.908880444187,2,35
2017-03-08,8901.95,8905.65,8901.55,8905.65,12:10:00,8910.960415639978,2,36
2017-03-08,8901.4,8902.85,8900.1,8902.0,12:15:00,8910.049899864742,2,37
2017-03-08,8897.45,8902.1,8896.85,8901.45,12:20:00,8908.849909401433,2,38
2017-03-08,8897.95,8900.75,8897.55,8897.55,12:25:00,8907.811822791773,2,39
2017-03-08,8901.35,8901.7,8896.8,8898.0,12:30:00,8907.196411097319,2,40
2017-03-08,8904.4,8904.4,8900.9,8901.25,12:35:00,8906.930086230906,2,41
2017-03-08,8903.75,8905.65,8903.35,8904.05,12:40:00,8906.627220875582,2,42
2017-03-08,8903.1,8905.7,8902.8,8904.05,12:45:00,8906.291295077906,2,43
2017-03-08,8902.2,8905.65,8899.7,8904.0,12:50:00,8905.90164792763,2,44
2017-03-08,8910.4,8910.75,8902.55,8902.65,12:55:00,8906.330062410712,2,45
2017-03-08,8904.6,8911.3,8904.35,8910.7,13:00:00,8906.165294562074,2,46
2017-03-08,8907.25,8907.8,8902.75,8904.85,13:05:00,8906.268599841876,2,47
2017-03-08,8907.8,8908.2,8903.05,8907.05,13:10:00,8906.414447475983,2,48
2017-03-08,8922.2,8925.7,8906.5,8908.05,13:15:00,8907.91783343065,2,49
2017-03-08,8921.95,8928.6,8921.85,8922.35,13:20:00,8909.25423024678,2,50
2017-03-08,8922.4,8923.85,8918.05,8921.85,13:25:00,8910.506208318515,2,51
2017-03-08,8919.7,8924.3,8919.25,8922.5,13:30:00,8911.381807526275,2,52
2017-03-08,8927.05,8927.95,8919.1,8919.65,13:35:00,8912.874016333297,2,53
2017-03-08,8926.9,8930.05,8925.3,8927.0,13:40:00,8914.209824301553,2,54
2017-03-08,8926.9,8928.9,8924.3,8926.85,13:45:00,8915.41841246331,2,55
2017-03-08,8922.8,8930.4,8922.15,8926.75,13:50:00,8916.121420800138,2,56
2017-03-08,8921.25,8926.0,8921.0,8922.1,13:55:00,8916.60985691441,2,57
2017-03-08,8925.85,8927.45,8921.25,8921.45,14:00:00,8917.489870541609,2,58
2017-03-08,8919.7,8926.45,8919.7,8925.95,14:05:00,8917.700359061455,2,59
2017-03-08,8918.85,8920.6,8915.4,8919.9,14:10:00,8917.80984867465,2,60
2017-03-08,8916.9,8919.65,8914.85,8918.9,14:15:00,8917.72319641992,2,61
2017-03-08,8920.85,8922.0,8915.95,8917.0,14:20:00,8918.02098723707,2,62
2017-03-08,8917.1,8922.5,8915.5,8921.05,14:25:00,8917.933274166873,2,63
2017-03-08,8917.45,8920.8,8916.5,8917.45,14:30:00,8917.887248055742,2,64
2017-03-08,8917.8,8920.05,8916.65,8917.3,14:35:00,8917.8789387171,2,65
2017-03-08,8919.35,8924.8,8918.05,8918.05,14:40:00,8918.019039791661,2,66
2017-03-08,8917.45,8921.95,8916.6,8919.45,14:45:00,8917.964845525788,2,67
2017-03-08,8912.6,8918.25,8912.45,8917.65,14:50:00,8917.453907856667,2,68
2017-03-08,8913.85,8918.25,8907.4,8912.75,14:55:00,8917.110678536985,2,69
2017-03-08,8922.25,8923.75,8913.6,8914.4,15:00:00,8917.600137723939,2,70
2017-03-08,8926.5,8926.6,8922.2,8922.2,15:05:00,8918.447743654993,2,71
2017-03-08,8925.5,8927.75,8922.4,8926.3,15:10:00,8919.119387116421,2,72
2017-03-08,8922.7,8927.35,8921.9,8925.45,15:15:00,8919.460397867238,2,73
2017-03-08,8927.95,8928.65,8922.05,8922.1,15:20:00,8920.268931403692,2,74
2017-03-08,8926.3,8931.65,8923.85,8928.3,15:25:00,8920.843318889054,2,75
2017-03-09,8912.65,8913.3,8899.5,8906.35,09:15:00,8920.063002804383,3,1
2017-03-09,8914.25,8917.15,8911.15,8913.1,09:20:00,8919.50938348968,3,2
2017-03-09,8911.2,8915.7,8906.9,8913.7,09:25:00,8918.71801363352,3,3
2017-03-09,8913.6,8913.75,8906.85,8911.4,09:30:00,8918.23058376366,3,4
2017-03-09,8913.9,8918.4,8911.75,8913.9,09:35:00,8917.81814721474,3,5
2017-03-09,8915.05,8915.9,8910.1,8913.4,09:40:00,8917.55451414667,3,6
2017-03-09,8909.75,8918.5,8909.75,8915.15,09:45:00,8916.811227085082,3,7
2017-03-09,8915.25,8915.95,8905.85,8909.65,09:50:00,8916.662538791265,3,8
2017-03-09,8919.75,8922.1,8915.3,8915.3,09:55:00,8916.956582715906,3,9
2017-03-09,8919.25,8922.6,8918.55,8919.8,10:00:00,8917.17500340963,3,10
2017-03-09,8915.75,8919.4,8914.1,8919.35,10:05:00,8917.039288799187,3,11
2017-03-09,8913.8,8917.1,8913.25,8915.7,10:10:00,8916.730785104026,3,12
2017-03-09,8915.2,8915.65,8910.2,8913.95,10:15:00,8916.5849960465,3,13
2017-03-09,8923.1,8924.85,8915.3,8915.4,10:20:00,8917.205472613501,3,14
2017-03-09,8928.6,8928.6,8920.4,8922.8,10:25:00,8918.29066569793,3,15
2017-03-09,8920.65,8929.8,8919.05,8928.85,10:30:00,8918.515364202889,3,16
2017-03-09,8919.75,8922.2,8917.65,8920.45,10:35:00,8918.632948564518,3,17
2017-03-09,8919.55,8921.45,8917.5,8919.55,10:40:00,8918.720286796468,3,18
2017-03-09,8924.55,8924.9,8919.3,8919.3,10:45:00,8919.275497577757,3,19
2017-03-09,8920.0,8925.5,8919.8,8924.5,10:50:00,8919.344497808446,3,20
2017-03-09,8915.45,8919.65,8915.45,8919.5,10:55:00,8918.973593255261,3,21
2017-03-09,8914.7,8917.25,8913.85,8916.0,11:00:00,8918.566584373808,3,22
2017-03-09,8917.45,8918.5,8914.55,8915.0,11:05:00,8918.460243004874,3,23
2017-03-09,8916.7,8919.55,8915.9,8917.7,11:10:00,8918.292600813935,3,24
2017-03-09,8917.05,8918.25,8915.7,8915.7,11:15:00,8918.174257879275,3,25
2017-03-09,8914.1,8917.15,8913.65,8916.25,11:20:00,8917.786233319344,3,26
2017-03-09,8916.3,8916.6,8912.75,8913.6,11:25:00,8917.64468728893,3,27
2017-03-09,8916.25,8917.4,8915.7,8916.5,11:30:00,8917.51185992808,3,28
2017-03-09,8918.5,8922.25,8916.4,8916.4,11:35:00,8917.605968506357,3,29
2017-03-09,8916.4,8919.8,8916.4,8918.8,11:40:00,8917.491114362894,3,30
2017-03-09,8917.85,8918.6,8916.15,8916.3,11:45:00,8917.525293947381,3,31
2017-03-09,8911.4,8917.8,8911.15,8917.35,11:50:00,8916.94193261906,3,32
2017-03-09,8913.75,8913.75,8910.5,8910.6,11:55:00,8916.637939036293,3,33
2017-03-09,8914.25,8915.8,8912.45,8913.25,12:00:00,8916.410516270931,3,34
2017-03-09,8914.4,8916.9,8914.1,8914.55,12:05:00,8916.219038530842,3,35
2017-03-09,8912.35,8914.85,8912.35,8914.6,12:10:00,8915.850558670762,3,36
2017-03-09,8910.55,8913.6,8910.1,8912.85,12:15:00,8915.34574355926,3,37
2017-03-09,8911.5,8912.5,8909.95,8910.35,12:20:00,8914.979482267903,3,38
2017-03-09,8907.6,8912.05,8905.6,8911.45,12:25:00,8914.276674432866,3,39
2017-03-09,8907.55,8908.45,8906.75,8907.7,12:30:00,8913.636038772593,3,40
2017-03-09,8911.3,8912.35,8906.8,8907.9,12:35:00,8913.41355888949,3,41
2017-03-09,8910.05,8911.95,8909.45,8911.1,12:40:00,8913.093219947634,3,42
2017-03-09,8910.6,8913.2,8909.5,8910.0,12:45:00,8912.85577042881,3,43
2017-03-09,8911.15,8911.45,8908.1,8910.65,12:50:00,8912.693316102257,3,44
2017-03-09,8908.75,8912.0,8908.6,8911.05,12:55:00,8912.317762187757,3,45
2017-03-09,8912.1,8913.0,8907.65,8908.55,13:00:00,8912.29702293178,3,46
2017-03-09,8914.65,8914.85,8911.0,8912.5,13:05:00,8912.521115985895,3,47
2017-03-09,8913.4,8915.2,8912.2,8914.6,13:10:00,8912.604819225335,3,48
2017-03-09,8913.15,8914.0,8912.2,8913.45,13:15:00,8912.656741203873,3,49
2017-03-09,8914.3,8914.85,8912.35,8912.95,13:20:00,8912.813242041599,3,50
2017-03-09,8913.65,8914.75,8912.8,8914.6,13:25:00,8912.892933275733,3,51
2017-03-09,8909.55,8913.85,8909.55,8913.7,13:30:00,8912.574558678043,3,52
2017-03-09,8910.55,8910.7,8905.3,8909.5,13:35:00,8912.381743565848,3,53
2017-03-09,8911.55,8913.75,8910.15,8910.7,13:40:00,8912.30252989291,3,54
2017-03-09,8910.25,8911.7,8908.25,8911.7,13:45:00,8912.10705085549,3,55
2017-03-09,8912.2,8913.75,8908.7,8910.1,13:50:00,8912.115903154967,3,56
2017-03-09,8916.4,8916.55,8912.15,8912.3,13:55:00,8912.523912378303,3,57
2017-03-09,8916.8,8922.25,8915.9,8916.15,14:00:00,8912.931158818465,3,58
2017-03-09,8913.35,8917.3,8912.95,8916.85,14:05:00,8912.971048454801,3,59
2017-03-09,8921.75,8921.75,8913.95,8914.2,14:10:00,8913.807139078153,3,60
2017-03-09,8925.75,8932.55,8921.8,8921.95,14:15:00,8914.944554404045,3,61
2017-03-09,8928.45,8928.55,8924.45,8925.7,14:20:00,8916.230787317945,3,62
2017-03-09,8936.95,8945.8,8928.45,8928.6,14:25:00,8918.204045668617,3,63
2017-03-09,8934.45,8937.0,8933.2,8937.0,14:30:00,8919.751279414464,3,64
2017-03-09,8929.7,8937.85,8929.7,8934.15,14:35:00,8920.698776613086,3,65
2017-03-09,8932.75,8932.85,8927.1,8929.75,14:40:00,8921.846512173744,3,66
2017-03-09,8923.7,8933.8,8922.7,8932.3,14:45:00,8922.023034823864,3,67
2017-03-09,8929.8,8931.35,8921.05,8923.45,14:50:00,8922.763698173972,3,68
2017-03-09,8931.9,8932.8,8926.6,8929.85,14:55:00,8923.633822157404,3,69
2017-03-09,8930.5,8940.9,8930.4,8932.0,15:00:00,8924.2877438567,3,70
2017-03-09,8930.6,8933.05,8929.85,8930.55,15:05:00,8924.888911108443,3,71
2017-03-09,8926.75,8931.55,8926.75,8931.15,15:10:00,8925.066157669544,3,72
2017-03-09,8922.3,8926.8,8920.0,8926.6,15:15:00,8924.802714081969,3,73
2017-03-09,8923.1,8925.35,8921.8,8922.35,15:20:00,8924.640550836068,3,74
2017-03-09,8928.7,8928.7,8923.05,8923.3,15:25:00,8925.027165042156,3,75
2017-03-10,8965.8,8975.7,8957.7,8959.8,09:15:00,8928.910292180997,4,1
2017-03-10,8968.2,8969.95,8962.5,8966.15,09:20:00,8932.65216911614,4,2
2017-03-10,8957.25,8967.75,8954.65,8967.75,09:25:00,8934.994819676507,4,3
2017-03-10,8955.2,8958.8,8954.0,8957.05,09:30:00,8936.919122564459,4,4
2017-03-10,8947.15,8955.65,8944.2,8955.15,09:35:00,8937.893491844034,4,5
2017-03-10,8952.1,8954.45,8944.6,8946.75,09:40:00,8939.246492620792,4,6
2017-03-10,8947.15,8952.0,8945.75,8951.85,09:45:00,8939.999207609288,4,7
2017-03-10,8948.5,8951.5,8946.35,8947.5,09:50:00,8940.808806884594,4,8
2017-03-10,8943.6,8948.65,8941.0,8948.45,09:55:00,8941.074634800347,4,9
2017-03-10,8947.7,8949.9,8943.35,8943.75,10:00:00,8941.705621962219,4,10
2017-03-10,8948.45,8951.25,8946.85,8948.3,10:05:00,8942.347943680103,4,11
2017-03-10,8946.45,8950.6,8942.7,8948.55,10:10:00,8942.738615710568,4,12
2017-03-10,8952.0,8955.7,8946.65,8946.7,10:15:00,8943.620652309563,4,13
2017-03-10,8948.8,8952.95,8948.45,8952.1,10:20:00,8944.113923518176,4,14
2017-03-10,8949.15,8955.35,8948.5,8949.4,10:25:00,8944.593549849778,4,15
2017-03-10,8938.1,8949.85,8938.1,8949.0,10:30:00,8943.975116530752,4,16
2017-03-10,8941.2,8943.35,8935.8,8938.35,10:35:00,8943.710819718299,4,17
2017-03-10,8941.85,8943.75,8939.95,8941.4,10:40:00,8943.533598792746,4,18
2017-03-10,8941.2,8942.45,8939.6,8941.95,10:45:00,8943.311351288676,4,19
2017-03-10,8942.1,8945.3,8941.55,8941.55,10:50:00,8943.195984499278,4,20
2017-03-10,8940.2,8943.3,8939.6,8942.55,10:55:00,8942.910652642204,4,21
2017-03-10,8944.9,8945.95,8940.75,8940.8,11:00:00,8943.100114295328,4,22
2017-03-10,8942.05,8945.5,8941.45,8945.15,11:05:00,8943.000103410059,4,23
2017-03-10,8940.8,8942.95,8940.45,8942.1,11:10:00,8942.790569751958,4,24
2017-03-10,8939.5,8941.8,8938.95,8941.05,11:15:00,8942.477182156534,4,25
2017-03-10,8935.65,8939.95,8935.65,8939.25,11:20:00,8941.826974332102,4,26
2017-03-10,8934.7,8938.65,8934.4,8936.0,11:25:00,8941.1482148719,4,27
2017-03-10,8934.35,8934.85,8932.0,8934.8,11:30:00,8940.500765836481,4,28
2017-03-10,8933.25,8934.95,8927.85,8934.3,11:35:00,8939.810216709197,4,29
2017-03-10,8934.3,8936.85,8932.2,8933.1,11:40:00,8939.285434165464,4,30
2017-03-10,8939.9,8939.9,8933.1,8934.05,11:45:00,8939.343964244943,4,31
2017-03-10,8937.15,8940.0,8935.7,8939.85,11:50:00,8939.135015269234,4,32
2017-03-10,8938.05,8939.65,8935.15,8936.95,11:55:00,8939.031680481687,4,33
2017-03-10,8936.6,8939.25,8936.45,8938.15,12:00:00,8938.800091864383,4,34
2017-03-10,8938.75,8939.6,8936.55,8936.7,12:05:00,8938.795321210631,4,35
2017-03-10,8937.8,8939.05,8936.9,8938.6,12:10:00,8938.70052871438,4,36
2017-03-10,8938.05,8939.65,8936.95,8937.7,12:15:00,8938.638573598724,4,37
2017-03-10,8939.05,8939.6,8937.7,8937.8,12:20:00,8938.677757065512,4,38
2017-03-10,8941.8,8942.8,8937.45,8938.85,12:25:00,8938.975113535464,4,39
2017-03-10,8939.05,8942.8,8937.8,8941.9,12:30:00,8938.982245579706,4,40
2017-03-10,8938.5,8939.95,8937.4,8938.55,12:35:00,8938.936317429258,4,41
2017-03-10,8940.1,8940.6,8937.65,8938.45,12:40:00,8939.047144340757,4,42
2017-03-10,8939.7,8942.05,8939.65,8939.95,12:45:00,8939.10932107021,4,43
2017-03-10,8941.2,8943.3,8939.3,8939.6,12:50:00,8939.308433349237,4,44
2017-03-10,8941.85,8943.95,8940.95,8941.25,12:55:00,8939.550487315977,4,45
2017-03-10,8941.95,8943.45,8941.05,8941.95,13:00:00,8939.779012333503,4,46
2017-03-10,8939.9,8942.45,8938.55,8941.85,13:05:00,8939.790534968408,4,47
2017-03-10,8940.7,8941.45,8939.7,8940.0,13:10:00,8939.877150685703,4,48
2017-03-10,8933.7,8940.9,8931.45,8940.6,13:15:00,8939.288850620398,4,49
2017-03-10,8931.8,8936.0,8931.2,8933.55,13:20:00,8938.575626751788,4,50
2017-03-10,8930.9,8933.75,8927.05,8933.75,13:25:00,8937.844614680189,4,51
2017-03-10,8935.45,8938.0,8931.25,8931.25,13:30:00,8937.616556139219,4,52
2017-03-10,8934.6,8939.7,8934.6,8935.65,13:35:00,8937.32926507834,4,53
2017-03-10,8933.7,8936.3,8933.2,8934.8,13:40:00,8936.983620785166,4,54
2017-03-10,8929.1,8935.05,8929.1,8933.95,13:45:00,8936.232799758007,4,55
2017-03-10,8929.4,8931.6,8928.65,8929.65,13:50:00,8935.582056923911,4,56
2017-03-10,8929.85,8932.1,8927.85,8929.45,13:55:00,8935.036146740682,4,57
2017-03-10,8922.45,8932.0,8921.95,8930.05,14:00:00,8933.837466098712,4,58
2017-03-10,8915.3,8919.75,8904.5,8919.75,14:05:00,8932.07199313693,4,59
2017-03-10,8911.95,8917.15,8911.95,8915.4,14:10:00,8930.155612838174,4,60
2017-03-10,8912.4,8914.5,8907.6,8911.8,14:15:00,8928.46460209168,4,61
2017-03-10,8915.0,8917.35,8911.2,8912.25,14:20:00,8927.18225903533,4,62
2017-03-10,8910.15,8915.6,8903.95,8915.25,14:25:00,8925.560139127203,4,63
2017-03-10,8918.2,8919.1,8909.05,8910.2,14:30:00,8924.859173496041,4,64
2017-03-10,8922.05,8924.9,8917.6,8917.95,14:35:00,8924.591633163085,4,65
2017-03-10,8921.8,8922.1,8918.7,8921.85,14:40:00,8924.325763338029,4,66
2017-03-10,8922.5,8927.05,8921.35,8921.4,14:45:00,8924.15188111536,4,67
2017-03-10,8923.95,8924.05,8920.9,8922.4,14:50:00,8924.13265434247,4,68
2017-03-10,8936.75,8938.1,8924.1,8924.25,14:55:00,8925.334306309853,4,69
2017-03-10,8938.2,8942.25,8937.1,8937.1,15:00:00,8926.55961047082,4,70
2017-03-10,8935.35,8939.6,8934.15,8938.15,15:05:00,8927.39679042598,4,71
2017-03-10,8930.45,8935.9,8930.45,8935.55,15:10:00,8927.687572290173,4,72
2017-03-10,8932.75,8935.05,8929.25,8931.45,15:15:00,8928.169708262538,4,73
2017-03-10,8935.55,8937.8,8932.9,8932.9,15:20:00,8928.872593189915,4,74
2017-03-10,8936.4,8937.55,8931.1,8935.5,15:25:00,8929.58948907659,4,75
2017-03-14,9086.9,9122.75,9082.0,9087.95,09:15:00,8944.571442497867,1,1
2017-03-14,9085.8,9093.25,9085.4,9086.7,09:20:00,8958.021781307594,1,2
2017-03-14,9067.85,9085.65,9066.45,9085.25,09:25:00,8968.481611659252,1,3
2017-03-14,9076.85,9079.4,9060.5,9067.6,09:30:00,8978.802410548848,1,4
2017-03-14,9070.15,9077.0,9067.35,9076.3,09:35:00,8987.502180972768,1,5
2017-03-14,9064.4,9071.8,9063.25,9070.2,09:40:00,8994.825782784885,1,6
2017-03-14,9068.4,9072.55,9063.45,9063.9,09:45:00,9001.832851091087,1,7
2017-03-14,9072.95,9072.95,9067.95,9068.3,09:50:00,9008.605912891937,1,8
2017-03-14,9074.9,9078.3,9072.55,9072.8,09:55:00,9014.919635473656,1,9
2017-03-14,9079.0,9081.35,9074.35,9074.6,10:00:00,9021.022527333307,1,10
2017-03-14,9081.6,9084.35,9078.4,9078.8,10:05:00,9026.791810444422,1,11
2017-03-14,9078.85,9081.8,9077.95,9081.35,10:10:00,9031.74973325924,1,12
2017-03-14,9074.75,9081.35,9074.75,9078.8,10:15:00,9035.84499675836,1,13
2017-03-14,9076.65,9077.25,9074.35,9075.2,10:20:00,9039.73118754328,1,14
2017-03-14,9081.55,9081.65,9076.15,9076.75,10:25:00,9043.713931586775,1,15
2017-03-14,9080.55,9083.3,9076.2,9081.9,10:30:00,9047.22212857851,1,16
2017-03-14,9085.35,9086.25,9079.5,9080.6,10:35:00,9050.853354428176,1,17
2017-03-14,9082.9,9086.85,9081.45,9085.0,10:40:00,9053.905415911207,1,18
2017-03-14,9081.7,9085.1,9081.4,9082.5,10:45:00,9056.552519157758,1,19
2017-03-14,9079.7,9082.15,9078.7,9081.65,10:50:00,9058.757041142731,1,20
2017-03-14,9080.8,9082.5,9079.9,9079.9,10:55:00,9060.85637055771,1,21
2017-03-14,9084.3,9085.95,9080.15,9080.65,11:00:00,9063.089097171262,1,22
2017-03-14,9082.05,9087.65,9081.85,9084.45,11:05:00,9064.894897440669,1,23
2017-03-14,9087.3,9088.0,9080.85,9081.95,11:10:00,9067.028716732031,1,24
2017-03-14,9084.95,9087.85,9083.85,9087.6,11:15:00,9068.735505614695,1,25
2017-03-14,9083.5,9084.9,9082.1,9084.7,11:20:00,9070.141647937107,1,26
2017-03-14,9083.45,9087.25,9082.95,9083.95,11:25:00,9071.409110038336,1,27
2017-03-14,9080.15,9084.7,9080.15,9083.85,11:30:00,9072.24157574897,1,28
2017-03-14,9081.7,9082.1,9078.65,9080.65,11:35:00,9073.142378058592,1,29
2017-03-14,9077.4,9082.65,9077.05,9081.85,11:40:00,9073.547865862536,1,30
2017-03-14,9080.85,9081.7,9077.1,9077.55,11:45:00,9074.243307208964,1,31
2017-03-14,9081.25,9081.9,9078.75,9081.0,11:50:00,9074.9106112843,1,32
2017-03-14,9077.4,9081.7,9075.4,9081.4,11:55:00,9075.14769592389,1,33
2017-03-14,9079.35,9079.85,9075.9,9077.65,12:00:00,9075.54791535971,1,34
2017-03-14,9079.3,9081.75,9078.5,9079.75,12:05:00,9075.905256754024,1,35
2017-03-14,9080.55,9081.95,9079.15,9079.75,12:10:00,9076.34761325364,1,36
2017-03-14,9080.05,9081.05,9077.95,9080.85,12:15:00,9076.700221515195,1,37
2017-03-14,9079.9,9082.9,9079.65,9080.2,12:20:00,9077.004962323274,1,38
2017-03-14,9078.2,9081.55,9078.15,9080.1,12:25:00,9077.118775435343,1,39
2017-03-14,9079.3,9081.95,9076.75,9078.25,12:30:00,9077.326511108167,1,40
2017-03-14,9080.2,9080.95,9079.05,9079.5,12:35:00,9077.600176716913,1,41
2017-03-14,9080.5,9081.5,9079.35,9080.65,12:40:00,9077.87635036292,1,42
2017-03-14,9077.5,9081.95,9077.5,9080.75,12:45:00,9077.840507471214,1,43
2017-03-14,9073.35,9078.05,9073.35,9077.75,12:50:00,9077.412840093002,1,44
2017-03-14,9076.45,9077.9,9072.2,9073.65,12:55:00,9077.321141036526,1,45
2017-03-14,9076.55,9079.35,9075.75,9076.35,13:00:00,9077.247699033049,1,46
2017-03-14,9077.0,9078.55,9076.1,9076.1,13:05:00,9077.224108648948,1,47
2017-03-14,9078.55,9080.3,9076.75,9077.2,13:10:00,9077.350384015715,1,48
2017-03-14,9079.35,9080.55,9077.7,9078.75,13:15:00,9077.540823633268,1,49
2017-03-14,9082.0,9083.65,9079.75,9079.75,13:20:00,9077.965507096767,1,50
2017-03-14,9082.5,9083.85,9080.3,9082.35,13:25:00,9078.39736356374,1,51
2017-03-14,9082.25,9085.6,9081.75,9082.55,13:30:00,9078.764281319576,1,52
2017-03-14,9081.5,9083.4,9080.1,9082.35,13:35:00,9079.024825955808,1,53
2017-03-14,9081.3,9083.8,9081.1,9081.6,13:40:00,9079.241509198113,1,54
2017-03-14,9097.4,9098.9,9081.45,9081.55,13:45:00,9080.97088927448,1,55
2017-03-14,9095.55,9097.3,9091.35,9097.1,13:50:00,9082.359376010245,1,56
2017-03-14,9093.0,9096.2,9089.45,9096.05,13:55:00,9083.372768771174,1,57
2017-03-14,9094.95,9095.95,9092.65,9092.95,14:00:00,9084.47536222154,1,58
2017-03-14,9097.6,9100.85,9094.0,9095.05,14:05:00,9085.725327724247,1,59
2017-03-14,9094.85,9097.9,9094.25,9097.75,14:10:00,9086.594344131465,1,60
2017-03-14,9094.2,9095.75,9091.25,9095.05,14:15:00,9087.31869230942,1,61
2017-03-14,9088.0,9094.7,9088.0,9094.5,14:20:00,9087.383578756142,1,62
2017-03-14,9081.0,9089.4,9080.45,9087.95,14:25:00,9086.775618874604,1,63
2017-03-14,9085.95,9088.3,9081.4,9081.4,14:30:00,9086.696988505597,1,64
2017-03-14,9089.1,9091.9,9085.9,9086.5,14:35:00,9086.925846743155,1,65
2017-03-14,9081.5,9090.3,9079.25,9089.25,14:40:00,9086.409099434284,1,66
2017-03-14,9075.3,9083.0,9073.15,9081.8,14:45:00,9085.351089964352,1,67
2017-03-14,9071.95,9077.75,9069.85,9075.85,14:50:00,9084.074795682032,1,68
2017-03-14,9077.3,9077.4,9070.9,9072.05,14:55:00,9083.429577045648,1,69
2017-03-14,9089.85,9090.05,9077.4,9077.55,15:00:00,9084.041045898444,1,70
2017-03-14,9088.5,9091.8,9086.05,9089.75,15:05:00,9084.465708193831,1,71
2017-03-14,9089.9,9090.7,9086.6,9089.0,15:10:00,9084.98325979442,1,72
2017-03-14,9088.6,9091.15,9086.85,9089.65,15:15:00,9085.32771124257,1,73
2017-03-14,9089.15,9091.9,9084.05,9089.3,15:20:00,9085.691738743277,1,74
2017-03-14,9074.8,9090.5,9073.2,9089.5,15:25:00,9084.654430291535,1,75
2017-03-15,9087.65,9089.5,9080.5,9086.6,09:15:00,9084.939722644724,2,1
2017-03-15,9083.8,9087.95,9081.05,9087.6,09:20:00,9084.83117763094,2,2
2017-03-15,9089.7,9090.25,9081.65,9084.05,09:25:00,9085.29487499942,2,3
2017-03-15,9090.4,9090.7,9083.25,9089.8,09:30:00,9085.781077380429,2,4
2017-03-15,9078.1,9091.0,9076.25,9090.25,09:35:00,9085.04954620134,2,5
2017-03-15,9082.45,9083.95,9077.9,9078.6,09:40:00,9084.801970372642,2,6
2017-03-15,9089.0,9089.85,9081.95,9082.75,09:45:00,9085.201782718104,2,7
2017-03-15,9093.6,9097.3,9088.55,9089.1,09:50:00,9086.001612935426,2,8
2017-03-15,9098.7,9099.65,9094.0,9094.0,09:55:00,9087.210983132052,2,9
2017-03-15,9098.15,9100.1,9096.15,9098.5,10:00:00,9088.252794262333,2,10
2017-03-15,9101.55,9102.5,9097.95,9098.3,10:05:00,9089.519194808776,2,11
2017-03-15,9098.2,9101.6,9097.65,9101.6,10:10:00,9090.34593816032,2,12
2017-03-15,9101.85,9104.65,9097.3,9098.4,10:15:00,9091.441563097433,2,13
2017-03-15,9101.75,9105.35,9101.25,9102.3,10:20:00,9092.423318992916,2,14
2017-03-15,9098.9,9102.5,9097.8,9101.85,10:25:00,9093.040145755494,2,15
2017-03-15,9095.5,9099.5,9094.65,9099.45,10:30:00,9093.274417588304,2,16
2017-03-15,9099.3,9099.3,9095.1,9095.55,10:35:00,9093.848282579896,2,17
2017-03-15,9099.2,9101.7,9097.0,9099.5,10:40:00,9094.35796995324,2,18
2017-03-15,9098.35,9101.05,9095.9,9098.9,10:45:00,9094.738163291027,2,19
2017-03-15,9091.0,9098.8,9090.75,9098.5,10:50:00,9094.3821477395,2,20
2017-03-15,9093.8,9093.95,9090.1,9090.85,10:55:00,9094.326705097645,2,21
2017-03-15,9093.85,9094.85,9091.05,9093.65,11:00:00,9094.281304612154,2,22
2017-03-15,9089.8,9094.0,9089.35,9093.75,11:05:00,9093.854513696711,2,23
2017-03-15,9093.35,9094.15,9089.2,9089.9,11:10:00,9093.806464773215,2,24
2017-03-15,9095.55,9095.75,9092.45,9093.45,11:15:00,9093.972515747197,2,25
2017-03-15,9093.6,9095.55,9092.6,9095.45,11:20:00,9093.937038056984,2,26
2017-03-15,9090.8,9094.1,9088.55,9093.75,11:25:00,9093.638272527747,2,27
2017-03-15,9091.45,9091.7,9088.45,9090.85,11:30:00,9093.429865620345,2,28
2017-03-15,9087.1,9092.5,9086.05,9091.7,11:35:00,9092.827021275549,2,29
2017-03-15,9091.3,9091.65,9086.55,9087.0,11:40:00,9092.681590677876,2,30
2017-03-15,9086.9,9091.15,9085.9,9091.0,11:45:00,9092.13096299427,2,31
2017-03-15,9085.35,9088.45,9084.65,9086.6,11:50:00,9091.485156994817,2,32
2017-03-15,9082.4,9085.65,9081.4,9085.25,11:55:00,9090.61990394769,2,33
2017-03-15,9083.8,9085.2,9081.7,9082.6,12:00:00,9089.970389286003,2,34
2017-03-15,9086.2,9086.9,9083.1,9083.9,12:05:00,9089.6113045921,2,35
2017-03-15,9090.1,9092.8,9085.95,9086.3,12:10:00,9089.657847011902,2,36
2017-03-15,9088.35,9091.35,9087.35,9090.5,12:15:00,9089.533290153626,2,37
2017-03-15,9089.3,9091.15,9087.65,9088.3,12:20:00,9089.511072043755,2,38
2017-03-15,9092.05,9092.05,9088.0,9089.5,12:25:00,9089.752874706255,2,39
2017-03-15,9091.35,9092.3,9089.65,9091.1,12:30:00,9089.904981877087,2,40
2017-03-15,9091.6,9092.4,9090.0,9091.5,12:35:00,9090.066412174509,2,41
2017-03-15,9092.1,9092.55,9089.65,9091.65,12:40:00,9090.260087205506,2,42
2017-03-15,9090.45,9093.2,9090.4,9092.05,12:45:00,9090.278174138317,2,43
2017-03-15,9090.6,9092.7,9089.4,9090.85,12:50:00,9090.30882422038,2,44
2017-03-15,9090.6,9092.7,9090.2,9090.5,12:55:00,9090.33655524701,2,45
2017-03-15,9091.75,9092.55,9089.2,9090.9,13:00:00,9090.471169033008,2,46
2017-03-15,9094.65,9095.35,9090.65,9091.55,13:05:00,9090.869152934623,2,47
2017-03-15,9092.95,9097.0,9092.7,9094.95,13:10:00,9091.067328845613,2,48
2017-03-15,9086.6,9093.85,9086.3,9092.55,13:15:00,9090.641868955554,2,49
2017-03-15,9089.2,9090.7,9085.8,9086.55,13:20:00,9090.504548102645,2,50
2017-03-15,9083.15,9089.45,9083.05,9088.8,13:25:00,9089.804114950011,2,51
2017-03-15,9085.35,9085.7,9080.45,9082.65,13:30:00,9089.3799135262,2,52
2017-03-15,9085.8,9087.4,9082.9,9085.7,13:35:00,9089.038969380848,2,53
2017-03-15,9089.6,9091.0,9085.1,9085.75,13:40:00,9089.092400868383,2,54
2017-03-15,9089.6,9092.0,9088.65,9089.85,13:45:00,9089.140743642824,2,55
2017-03-15,9088.85,9090.75,9088.45,9089.5,13:50:00,9089.113053772078,2,56
2017-03-15,9090.6,9092.5,9088.9,9089.55,13:55:00,9089.254667698548,2,57
2017-03-15,9095.0,9096.5,9090.25,9090.35,14:00:00,9089.801842203447,2,58
2017-03-15,9097.2,9097.6,9094.25,9094.75,14:05:00,9090.50642866026,2,59
2017-03-15,9100.1,9104.1,9096.7,9096.85,14:10:00,9091.420102121188,2,60
2017-03-15,9097.05,9100.25,9095.5,9099.85,14:15:00,9091.956282871552,2,61
2017-03-15,9094.8,9097.75,9094.7,9096.9,14:20:00,9092.22711307426,2,62
2017-03-15,9098.8,9099.6,9094.75,9094.75,14:25:00,9092.853102305284,2,63
2017-03-15,9104.7,9104.85,9097.9,9098.7,14:30:00,9093.981378276208,2,64
2017-03-15,9099.25,9106.55,9097.85,9104.85,14:35:00,9094.483151773711,2,65
2017-03-15,9097.6,9100.55,9097.6,9099.05,14:40:00,9094.77999446193,2,66
2017-03-15,9088.4,9098.3,9088.35,9097.7,14:45:00,9094.172375941744,2,67
2017-03-15,9091.1,9095.15,9087.65,9088.5,14:50:00,9093.8797687092,2,68
2017-03-15,9093.0,9094.2,9090.3,9091.0,14:55:00,9093.795981213085,2,69
2017-03-15,9085.25,9093.5,9084.65,9092.9,15:00:00,9092.98207824041,2,70
2017-03-15,9085.25,9086.6,9082.65,9085.5,15:05:00,9092.245689836562,2,71
2017-03-15,9090.65,9090.85,9083.45,9085.1,15:10:00,9092.093719375936,2,72
2017-03-15,9087.05,9090.45,9085.8,9089.9,15:15:00,9091.613365149657,2,73
2017-03-15,9078.55,9086.85,9075.9,9086.85,15:20:00,9090.369235135404,2,74
2017-03-15,9083.2,9084.95,9075.5,9078.25,15:25:00,9089.686450836794,2,75
2017-03-16,9138.3,9143.0,9128.55,9128.55,09:15:00,9094.31631266186,3,1
2017-03-16,9140.05,9142.75,9136.9,9138.9,09:20:00,9098.67190193216,3,2
2017-03-16,9149.2,9150.35,9139.6,9140.35,09:25:00,9103.484101748145,3,3
2017-03-16,9147.95,9152.9,9147.0,9149.05,09:30:00,9107.718949200704,3,4
2017-03-16,9143.8,9149.25,9140.2,9147.8,09:35:00,9111.155239753018,3,5
2017-03-16,9143.65,9145.45,9139.15,9143.95,09:40:00,9114.24997882416,3,6
2017-03-16,9139.75,9144.1,9137.7,9142.95,09:45:00,9116.67855226948,3,7
2017-03-16,9147.4,9147.6,9139.2,9139.95,09:50:00,9119.60440443429,3,8
2017-03-16,9145.95,9148.5,9139.9,9147.1,09:55:00,9122.113508773882,3,9
2017-03-16,9149.2,9149.5,9145.5,9146.05,10:00:00,9124.69317460494,3,10
2017-03-16,9145.9,9150.8,9145.55,9149.35,10:05:00,9126.712872261613,3,11
2017-03-16,9141.5,9145.65,9139.9,9145.65,10:10:00,9128.12117014146,3,12
2017-03-16,9139.6,9142.0,9138.75,9140.95,10:15:00,9129.21439203275,3,13
2017-03-16,9141.55,9143.5,9139.15,9139.85,10:20:00,9130.389211839156,3,14
2017-03-16,9141.15,9143.95,9140.5,9141.4,10:25:00,9131.414048806855,3,15
2017-03-16,9141.95,9141.95,9138.4,9140.9,10:30:00,9132.41747273001,3,16
2017-03-16,9145.15,9145.75,9141.25,9141.8,10:35:00,9133.630094374772,3,17
2017-03-16,9142.65,9145.3,9140.35,9145.3,10:40:00,9134.489133005747,3,18
2017-03-16,9141.95,9143.85,9140.7,9142.3,10:45:00,9135.199691767104,3,19
2017-03-16,9138.4,9142.2,9137.95,9141.8,10:50:00,9135.50448302738,3,20
2017-03-16,9141.15,9143.85,9137.6,9138.35,10:55:00,9136.042151310488,3,21
2017-03-16,9135.25,9142.65,9135.25,9141.0,11:00:00,9135.966708328537,3,22
2017-03-16,9137.25,9137.25,9133.15,9135.7,11:05:00,9136.08892658296,3,23
2017-03-16,9135.05,9137.45,9132.65,9136.75,11:10:00,9135.989981194109,3,24
2017-03-16,9135.95,9136.25,9132.1,9134.95,11:15:00,9135.986173461337,3,25
2017-03-16,9137.4,9139.8,9135.15,9135.65,11:20:00,9136.120823607876,3,26
2017-03-16,9137.35,9138.85,9136.45,9137.2,11:25:00,9136.237888026171,3,27
2017-03-16,9134.3,9137.0,9133.05,9137.0,11:30:00,9136.053327261774,3,28
2017-03-16,9133.2,9134.4,9131.7,9134.25,11:35:00,9135.781581808273,3,29
2017-03-16,9130.95,9133.3,9129.95,9133.15,11:40:00,9135.321431159866,3,30
2017-03-16,9132.6,9135.6,9130.1,9131.05,11:45:00,9135.06224723988,3,31
2017-03-16,9133.4,9133.45,9130.75,9132.55,11:50:00,9134.90393797894,3,32
2017-03-16,9131.25,9134.4,9130.3,9133.25,11:55:00,9134.555943885707,3,33
2017-03-16,9131.15,9132.55,9129.7,9130.9,12:00:00,9134.231568277544,3,34
2017-03-16,9132.0,9134.15,9131.05,9131.05,12:05:00,9134.019037965398,3,35
2017-03-16,9133.1,9134.4,9131.65,9132.1,12:10:00,9133.931510540122,3,36
2017-03-16,9130.7,9133.6,9129.85,9132.85,12:15:00,9133.62374763154,3,37
2017-03-16,9132.65,9132.8,9129.4,9130.6,12:20:00,9133.53100976187,3,38
2017-03-16,9133.25,9134.75,9132.25,9132.6,12:25:00,9133.504246927409,3,39
2017-03-16,9131.3,9133.9,9130.7,9133.2,12:30:00,9133.294318648606,3,40
2017-03-16,9133.5,9133.9,9131.0,9131.25,12:35:00,9133.31390734874,3,41
2017-03-16,9137.15,9137.5,9133.4,9133.45,12:40:00,9133.679249506004,3,42
2017-03-16,9135.95,9138.55,9135.25,9137.4,12:45:00,9133.895511457811,3,43
2017-03-16,9136.65,9137.15,9134.7,9135.9,12:50:00,9134.157843699926,3,44
2017-03-16,9139.1,9139.9,9136.05,9136.5,12:55:00,9134.628525252314,3,45
2017-03-16,9140.1,9140.6,9138.5,9139.15,13:00:00,9135.149618085426,3,46
2017-03-16,9139.6,9140.8,9137.55,9140.8,13:05:00,9135.573463982051,3,47
2017-03-16,9138.9,9141.55,9138.7,9139.75,13:10:00,9135.89027693614,3,48
2017-03-16,9136.75,9139.95,9136.75,9139.4,13:15:00,9135.972155323176,3,49
2017-03-16,9136.75,9138.85,9136.15,9137.3,13:20:00,9136.046235768586,3,50
2017-03-16,9137.95,9138.5,9135.4,9136.6,13:25:00,9136.227546647768,3,51
2017-03-16,9136.55,9138.25,9135.9,9137.65,13:30:00,9136.258256490835,3,52
2017-03-16,9136.15,9139.15,9135.7,9136.6,13:35:00,9136.247946348853,3,53
2017-03-16,9136.05,9136.4,9132.5,9136.0,13:40:00,9136.22909431563,3,54
2017-03-16,9136.85,9138.35,9135.95,9136.1,13:45:00,9136.288228190331,3,55
2017-03-16,9135.45,9137.4,9134.45,9137.1,13:50:00,9136.20839693411,3,56
2017-03-16,9139.1,9139.55,9134.9,9135.55,13:55:00,9136.48378770229,3,57
2017-03-16,9137.65,9139.75,9137.2,9138.8,14:00:00,9136.594855540166,3,58
2017-03-16,9137.95,9139.3,9137.1,9137.55,14:05:00,9136.723916917294,3,59
2017-03-16,9143.6,9143.75,9137.5,9138.4,14:10:00,9137.37878197279,3,60
2017-03-16,9142.6,9147.6,9142.35,9143.55,14:15:00,9137.876040832523,3,61
2017-03-16,9142.6,9145.5,9142.15,9142.4,14:20:00,9138.325941705618,3,62
2017-03-16,9139.65,9143.45,9137.5,9142.8,14:25:00,9138.45204249556,3,63
2017-03-16,9137.0,9141.1,9136.1,9139.5,14:30:00,9138.313752734077,3,64
2017-03-16,9139.15,9141.8,9136.4,9136.45,14:35:00,9138.393395330831,3,65
2017-03-16,9137.45,9139.25,9134.95,9139.1,14:40:00,9138.303548156468,3,66
2017-03-16,9138.9,9140.7,9136.2,9137.6,14:45:00,9138.360353093947,3,67
2017-03-16,9139.0,9139.65,9136.05,9138.85,14:50:00,9138.421271846904,3,68
2017-03-16,9141.4,9142.05,9138.75,9138.9,14:55:00,9138.704960242438,3,69
2017-03-16,9150.0,9150.8,9140.95,9141.2,15:00:00,9139.780678314586,3,70
2017-03-16,9152.6,9155.75,9149.7,9150.05,15:05:00,9141.001566094148,3,71
2017-03-16,9153.3,9154.1,9150.35,9152.35,15:10:00,9142.172845513753,3,72
2017-03-16,9155.45,9156.7,9152.3,9152.95,15:15:00,9143.437336417206,3,73
2017-03-16,9156.15,9157.15,9153.6,9155.25,15:20:00,9144.648066282234,3,74
2017-03-16,9156.3,9158.45,9153.75,9155.95,15:25:00,9145.757774255357,3,75
2017-03-17,9170.5,9207.0,9169.65,9207.0,09:15:00,9148.114176707226,4,1
2017-03-17,9176.5,9180.15,9166.5,9170.75,09:20:00,9150.817588449396,4,2
2017-03-17,9180.65,9182.75,9174.65,9176.6,09:25:00,9153.658770501836,4,3
2017-03-17,9184.95,9186.6,9178.35,9180.3,09:30:00,9156.6388875969,4,4
2017-03-17,9181.7,9186.95,9178.7,9184.6,09:35:00,9159.025660206718,4,5
2017-03-17,9180.9,9182.95,9178.0,9181.95,09:40:00,9161.108930663222,4,6
2017-03-17,9184.45,9185.1,9178.55,9181.15,09:45:00,9163.331889647678,4,7
2017-03-17,9184.35,9187.1,9181.1,9184.6,09:50:00,9165.333614443138,4,8
2017-03-17,9183.65,9186.95,9182.9,9184.2,09:55:00,9167.07803211522,4,9
2017-03-17,9174.15,9185.0,9174.1,9183.45,10:00:00,9167.751552866152,4,10
2017-03-17,9171.3,9176.2,9170.35,9174.2,10:05:00,9168.089500212232,4,11
2017-03-17,9176.6,9177.45,9171.75,9171.85,10:10:00,9168.900024001545,4,12
2017-03-17,9170.75,9177.35,9170.0,9176.75,10:15:00,9169.076212191874,4,13
2017-03-17,9173.5,9174.1,9166.85,9170.7,10:20:00,9169.497525316458,4,14
2017-03-17,9170.9,9175.55,9169.35,9173.7,10:25:00,9169.631094333938,4,15
2017-03-17,9168.15,9170.7,9164.8,9170.55,10:30:00,9169.490037730706,4,16
2017-03-17,9172.55,9174.9,9168.05,9168.05,10:35:00,9169.781462708735,4,17
2017-03-17,9165.35,9173.9,9163.15,9172.15,10:40:00,9169.359418641236,4,18
2017-03-17,9166.05,9167.65,9163.0,9165.55,10:45:00,9169.0442359135,4,19
2017-03-17,9167.7,9168.55,9165.8,9166.35,10:50:00,9168.91621344555,4,20
2017-03-17,9165.6,9167.9,9163.8,9167.65,10:55:00,9168.600383593592,4,21
2017-03-17,9165.8,9168.75,9165.05,9165.45,11:00:00,9168.333680394202,4,22
2017-03-17,9162.4,9167.65,9161.45,9165.95,11:05:00,9167.768567975709,4,23
2017-03-17,9158.4,9162.85,9156.2,9162.5,11:10:00,9166.876323406592,4,24
2017-03-17,9154.3,9159.6,9154.1,9158.1,11:15:00,9165.67857832025,4,25
2017-03-17,9157.95,9158.35,9153.2,9154.5,11:20:00,9164.94252324213,4,26
2017-03-17,9163.1,9164.45,9157.4,9158.0,11:25:00,9164.767044838118,4,27
2017-03-17,9163.15,9165.05,9162.15,9163.05,11:30:00,9164.61304056782,4,28
2017-03-17,9160.6,9164.55,9160.6,9163.6,11:35:00,9164.230846228029,4,29
2017-03-17,9161.3,9161.9,9159.6,9160.75,11:40:00,9163.951718015836,4,30
2017-03-17,9156.7,9161.7,9156.55,9161.5,11:45:00,9163.261078204803,4,31
2017-03-17,9158.75,9158.95,9154.45,9156.85,11:50:00,9162.831451709108,4,32
2017-03-17,9155.6,9158.9,9154.95,9158.8,11:55:00,9162.142742022526,4,33
2017-03-17,9150.5,9155.75,9148.45,9155.45,12:00:00,9161.033909448954,4,34
2017-03-17,9154.75,9155.5,9149.95,9150.35,12:05:00,9160.435441882386,4,35
2017-03-17,9152.5,9155.2,9151.95,9155.0,12:10:00,9159.679685512634,4,36
2017-03-17,9155.4,9156.35,9151.7,9152.4,12:15:00,9159.272096416193,4,37
2017-03-17,9158.35,9158.75,9155.05,9155.6,12:20:00,9159.184277709888,4,38
2017-03-17,9157.05,9160.35,9156.95,9158.45,12:25:00,9158.98101316609,4,39
2017-03-17,9150.4,9157.95,9149.8,9157.25,12:30:00,9158.16377381694,4,40
2017-03-17,9154.2,9154.8,9147.6,9150.5,12:35:00,9157.78627154866,4,41
2017-03-17,9154.0,9155.95,9151.6,9154.0,12:40:00,9157.425674258311,4,42
2017-03-17,9153.3,9154.8,9152.7,9153.85,12:45:00,9157.032752900375,4,43
2017-03-17,9155.6,9156.25,9152.4,9153.15,12:50:00,9156.8963002432,4,44
2017-03-17,9154.0,9158.9,9154.0,9155.65,12:55:00,9156.620462124798,4,45
2017-03-17,9152.15,9154.25,9151.2,9153.8,13:00:00,9156.194703827196,4,46
2017-03-17,9157.65,9161.4,9149.7,9151.85,13:05:00,9156.3333034627,4,47
2017-03-17,9157.1,9158.55,9156.15,9157.3,13:10:00,9156.40632218054,4,48
2017-03-17,9159.6,9161.15,9156.2,9157.4,13:15:00,9156.710481972868,4,49
2017-03-17,9164.35,9165.0,9160.05,9160.25,13:20:00,9157.43805511831,4,50
2017-03-17,9160.95,9165.85,9160.95,9164.45,13:25:00,9157.772526059423,4,51
2017-03-17,9164.45,9168.05,9158.85,9161.1,13:30:00,9158.408475958526,4,52
2017-03-17,9167.8,9167.8,9163.95,9164.95,13:35:00,9159.30290681962,4,53
2017-03-17,9167.9,9171.4,9167.6,9167.6,13:40:00,9160.121677598703,4,54
2017-03-17,9167.7,9168.1,9163.4,9168.1,13:45:00,9160.843422589303,4,55
2017-03-17,9168.9,9170.05,9167.25,9167.75,13:50:00,9161.610715676035,4,56
2017-03-17,9166.9,9169.15,9165.6,9169.0,13:55:00,9162.114457040225,4,57
2017-03-17,9165.4,9168.4,9164.95,9167.0,14:00:00,9162.427365893534,4,58
2017-03-17,9159.85,9165.6,9158.8,9165.3,14:05:00,9162.181902475102,4,59
2017-03-17,9161.1,9162.5,9159.2,9159.75,14:10:00,9162.07886414414,4,60
2017-03-17,9163.8,9165.25,9159.0,9161.25,14:15:00,9162.242781844698,4,61
2017-03-17,9155.6,9164.95,9153.8,9163.95,14:20:00,9161.610135954728,4,62
2017-03-17,9157.0,9160.2,9154.75,9155.45,14:25:00,9161.17107538761,4,63
2017-03-17,9157.0,9160.7,9156.3,9157.2,14:30:00,9160.7738301126,4,64
2017-03-17,9159.4,9160.8,9156.0,9157.3,14:35:00,9160.642989149495,4,65
2017-03-17,9159.15,9163.35,9158.55,9159.15,14:40:00,9160.500799706688,4,66
2017-03-17,9159.6,9159.8,9157.5,9159.35,14:45:00,9160.415009258431,4,67
2017-03-17,9157.65,9161.95,9157.1,9159.7,14:50:00,9160.151675043344,4,68
2017-03-17,9155.5,9157.85,9154.55,9157.8,14:55:00,9159.70865837255,4,69
2017-03-17,9172.85,9173.75,9156.2,9156.2,15:00:00,9160.960214718025,4,70
2017-03-17,9164.45,9174.3,9164.45,9173.5,15:05:00,9161.292575221069,4,71
2017-03-17,9158.45,9165.25,9158.2,9165.25,15:10:00,9161.021853771445,4,72
2017-03-17,9154.65,9159.2,9153.45,9159.2,15:15:00,9160.415010555114,4,73
2017-03-17,9152.95,9155.85,9151.8,9154.95,15:20:00,9159.704057168914,4,74
2017-03-17,9152.15,9158.65,9151.8,9153.25,15:25:00,9158.984623152826,4,75
2017-03-20,9136.0,9165.55,9136.0,9161.2,09:15:00,9156.795611423986,0,1
2017-03-20,9136.15,9143.85,9132.5,9135.75,09:20:00,9154.82936271694,0,2
2017-03-20,9132.25,9139.0,9131.6,9136.0,09:25:00,9152.678947220087,0,3
2017-03-20,9135.55,9136.25,9128.5,9132.4,09:30:00,9151.047618913411,0,4
2017-03-20,9134.0,9136.45,9132.8,9135.75,09:35:00,9149.424036159757,0,5
2017-03-20,9135.75,9137.25,9132.3,9133.35,09:40:00,9148.121747001684,0,6
2017-03-20,9134.95,9136.35,9132.2,9135.6,09:45:00,9146.867294906286,0,7
2017-03-20,9133.7,9139.0,9133.7,9134.5,09:50:00,9145.613266819972,0,8
2017-03-20,9136.35,9137.3,9131.35,9133.85,09:55:00,9144.731050932356,0,9
2017-03-20,9133.2,9136.85,9132.95,9136.55,10:00:00,9143.632855605463,0,10
2017-03-20,9131.25,9133.25,9129.7,9133.0,10:05:00,9142.453536023992,0,11
2017-03-20,9127.95,9131.75,9126.8,9131.15,10:10:00,9141.07224687885,0,12
2017-03-20,9129.1,9129.55,9124.4,9127.45,10:15:00,9139.932032890389,0,13
2017-03-20,9124.4,9129.2,9124.25,9129.2,10:20:00,9138.452791662732,0,14
2017-03-20,9124.45,9127.85,9124.1,9124.15,10:25:00,9137.119192456756,0,15
2017-03-20,9123.75,9124.2,9118.9,9124.2,10:30:00,9135.845936032303,0,16
2017-03-20,9121.75,9123.95,9119.45,9123.6,10:35:00,9134.503465933987,0,17
2017-03-20,9121.35,9123.05,9120.5,9121.45,10:40:00,9133.250754892655,0,18
2017-03-20,9123.45,9124.25,9121.2,9121.55,10:45:00,9132.317349664783,0,19
2017-03-20,9119.8,9125.15,9119.8,9123.6,10:50:00,9131.12522112528,0,20
2017-03-20,9123.7,9124.0,9117.9,9119.55,10:55:00,9130.418057208588,0,21
2017-03-20,9125.4,9127.25,9122.05,9123.85,11:00:00,9129.940146998248,0,22
2017-03-20,9120.55,9125.3,9120.2,9125.3,11:05:00,9129.04584728413,0,23
2017-03-20,9123.45,9123.95,9119.65,9120.3,11:10:00,9128.512909447543,0,24
2017-03-20,9122.65,9124.5,9122.35,9123.5,11:15:00,9127.954537119209,0,25
2017-03-20,9117.6,9123.85,9116.8,9123.0,11:20:00,9126.968390726905,0,26
2017-03-20,9119.15,9119.65,9117.0,9117.4,11:25:00,9126.223782086248,0,27
2017-03-20,9118.45,9120.35,9117.1,9119.45,11:30:00,9125.483421887557,0,28
2017-03-20,9120.15,9120.45,9116.3,9118.75,11:35:00,9124.975476945883,0,29
2017-03-20,9120.9,9121.7,9117.7,9119.9,11:40:00,9124.58733628437,0,30
2017-03-20,9123.5,9123.75,9120.8,9120.85,11:45:00,9124.483780447765,0,31
2017-03-20,9124.4,9126.2,9123.3,9123.4,11:50:00,9124.4758013575,0,32
2017-03-20,9125.45,9126.35,9123.8,9124.45,11:55:00,9124.568582180596,0,33
2017-03-20,9128.8,9129.7,9124.0,9125.15,12:00:00,9124.97157435387,0,34
2017-03-20,9124.9,9129.05,9124.2,9129.05,12:05:00,9124.96475774874,0,35
2017-03-20,9128.05,9128.15,9123.95,9124.65,12:10:00,9125.258590344098,0,36
2017-03-20,9127.6,9129.4,9127.4,9128.0,12:15:00,9125.481581739898,0,37
2017-03-20,9124.05,9127.85,9123.45,9127.5,12:20:00,9125.345240621811,0,38
2017-03-20,9124.85,9125.5,9123.75,9124.1,12:25:00,9125.298074848306,0,39
2017-03-20,9122.0,9125.0,9121.75,9125.0,12:30:00,9124.9839724818,0,40
2017-03-20,9124.5,9126.0,9120.7,9121.85,12:35:00,9124.937879864488,0,41
2017-03-20,9126.0,9127.6,9124.0,9125.05,12:40:00,9125.039034163106,0,42
2017-03-20,9124.85,9126.9,9123.5,9126.75,12:45:00,9125.021030909476,0,43
2017-03-20,9122.1,9124.95,9121.25,9124.95,12:50:00,9124.742837489526,0,44
2017-03-20,9123.3,9124.0,9121.1,9122.15,12:55:00,9124.605424395286,0,45
2017-03-20,9126.45,9126.45,9120.7,9122.85,13:00:00,9124.781098262403,0,46
2017-03-20,9124.45,9128.3,9123.15,9126.25,13:05:00,9124.749565094557,0,47
2017-03-20,9122.2,9124.95,9120.45,9124.55,13:10:00,9124.506749371263,0,48
2017-03-20,9124.1,9125.75,9122.1,9122.3,13:15:00,9124.468011335905,0,49
2017-03-20,9122.4,9125.1,9121.7,9123.7,13:20:00,9124.27105787534,0,50
2017-03-20,9123.0,9123.5,9121.8,9122.5,13:25:00,9124.150004744355,0,51
2017-03-20,9120.95,9123.0,9119.9,9122.95,13:30:00,9123.845242387752,0,52
2017-03-20,9121.95,9122.8,9120.2,9120.85,13:35:00,9123.664743112728,0,53
2017-03-20,9122.1,9124.8,9120.65,9121.7,13:40:00,9123.515719959134,0,54
2017-03-20,9127.25,9128.95,9121.7,9122.05,13:45:00,9123.871365677312,0,55
2017-03-20,9130.4,9132.2,9125.45,9127.05,13:50:00,9124.49314037471,0,56
2017-03-20,9126.7,9130.9,9124.85,9129.95,13:55:00,9124.70331748188,0,57
2017-03-20,9127.3,9128.4,9125.45,9126.1,14:00:00,9124.950620578844,0,58
2017-03-20,9122.9,9127.3,9122.05,9127.25,14:05:00,9124.75532338086,0,59
2017-03-20,9124.25,9126.1,9122.25,9122.25,14:10:00,9124.707197344587,0,60
2017-03-20,9123.6,9126.3,9122.6,9124.4,14:15:00,9124.601749978436,0,61
2017-03-20,9123.5,9125.85,9122.9,9123.45,14:20:00,9124.49682140906,0,62
2017-03-20,9124.8,9125.85,9122.85,9123.65,14:25:00,9124.525695560578,0,63
2017-03-20,9125.35,9126.7,9123.9,9124.6,14:30:00,9124.604200745283,0,64
2017-03-20,9120.75,9125.6,9119.6,9125.2,14:35:00,9124.23713400764,0,65
2017-03-20,9119.2,9122.15,9118.95,9120.6,14:40:00,9123.757406959292,0,66
2017-03-20,9124.4,9125.55,9119.3,9119.3,14:45:00,9123.818606296503,0,67
2017-03-20,9121.3,9124.35,9120.25,9124.25,14:50:00,9123.57873903017,0,68
2017-03-20,9124.05,9126.2,9120.05,9121.1,14:55:00,9123.623621027298,0,69
2017-03-20,9125.55,9126.95,9123.8,9124.3,15:00:00,9123.807085691366,0,70
2017-03-20,9122.9,9125.8,9121.95,9125.6,15:05:00,9123.720696577902,0,71
2017-03-20,9126.65,9127.0,9120.45,9123.45,15:10:00,9123.999677856198,0,72
2017-03-20,9126.15,9127.0,9122.65,9126.75,15:15:00,9124.204470441322,0,73
2017-03-20,9128.9,9131.0,9124.9,9126.4,15:20:00,9124.651663732624,0,74
2017-03-20,9130.25,9131.15,9127.55,9129.8,15:25:00,9125.18483861523,0,75
2017-03-21,9136.0,9144.9,9129.45,9131.1,09:15:00,9126.21485398521,1,1
2017-03-21,9137.6,9143.1,9130.75,9136.45,09:20:00,9127.299153605663,1,2
2017-03-21,9140.5,9140.5,9131.9,9137.4,09:25:00,9128.556377071793,1,3
2017-03-21,9143.75,9147.75,9139.9,9139.9,09:30:00,9130.003388779242,1,4
2017-03-21,9135.75,9144.0,9134.85,9143.7,09:35:00,9130.550685085982,1,5
2017-03-21,9136.25,9138.95,9134.85,9135.5,09:40:00,9131.093476982554,1,6
2017-03-21,9140.0,9140.2,9135.5,9136.2,09:45:00,9131.94171726993,1,7
2017-03-21,9136.25,9141.0,9134.85,9140.1,09:50:00,9132.35202991089,1,8
2017-03-21,9138.7,9139.7,9136.25,9136.9,09:55:00,9132.956598490806,1,9
2017-03-21,9134.25,9138.75,9131.4,9138.75,10:00:00,9133.079779586918,1,10
2017-03-21,9131.75,9134.85,9130.9,9134.65,10:05:00,9132.953133911977,1,11
2017-03-21,9126.4,9132.05,9125.75,9131.9,10:10:00,9132.329025920357,1,12
2017-03-21,9125.25,9126.05,9120.45,9125.6,10:15:00,9131.654832975562,1,13
2017-03-21,9123.15,9127.25,9122.55,9125.2,10:20:00,9130.844848882653,1,14
2017-03-21,9118.4,9125.45,9117.95,9122.95,10:25:00,9129.659625179542,1,15
2017-03-21,9114.15,9118.65,9107.9,9118.15,10:30:00,9128.182518019585,1,16
2017-03-21,9111.6,9115.85,9111.5,9114.25,10:35:00,9126.603230589148,1,17
2017-03-21,9115.5,9115.9,9110.6,9111.85,10:40:00,9125.545780056847,1,18
2017-03-21,9117.0,9118.0,9114.05,9115.65,10:45:00,9124.731896241909,1,19
2017-03-21,9115.9,9116.8,9114.35,9116.8,10:50:00,9123.890763266489,1,20
2017-03-21,9116.75,9118.1,9115.85,9116.1,10:55:00,9123.210690574442,1,21
2017-03-21,9115.15,9117.6,9114.6,9116.7,11:00:00,9122.443005757828,1,22
2017-03-21,9114.9,9115.45,9113.2,9115.0,11:05:00,9121.724624257084,1,23
2017-03-21,9114.05,9117.25,9113.7,9115.05,11:10:00,9120.993707661171,1,24
2017-03-21,9108.9,9114.25,9108.75,9114.0,11:15:00,9119.841925979155,1,25
2017-03-21,9109.25,9111.85,9105.45,9109.2,11:20:00,9118.833171123995,1,26
2017-03-21,9109.5,9111.75,9108.2,9109.35,11:25:00,9117.944297683618,1,27
2017-03-21,9110.1,9111.55,9109.2,9109.6,11:30:00,9117.19722171375,1,28
2017-03-21,9108.6,9112.1,9108.45,9110.0,11:35:00,9116.378438693391,1,29
2017-03-21,9105.65,9110.6,9105.05,9108.95,11:40:00,9115.356682627356,1,30
2017-03-21,9101.25,9105.35,9099.75,9104.5,11:45:00,9114.0131890438,1,31
2017-03-21,9106.05,9106.15,9100.7,9101.35,11:50:00,9113.254790087249,1,32
2017-03-21,9107.95,9109.0,9105.5,9106.25,11:55:00,9112.7495719837,1,33
2017-03-21,9107.7,9109.25,9107.3,9108.0,12:00:00,9112.268660366204,1,34
2017-03-21,9107.8,9109.15,9106.1,9107.75,12:05:00,9111.84307366466,1,35
2017-03-21,9103.7,9108.25,9103.4,9107.6,12:10:00,9111.067542839455,1,36
2017-03-21,9104.15,9105.7,9101.4,9104.3,12:15:00,9110.408729235696,1,37
2017-03-21,9101.6,9105.95,9101.0,9104.5,12:20:00,9109.56980264182,1,38
2017-03-21,9099.55,9104.25,9097.85,9102.3,12:25:00,9108.615535723551,1,39
2017-03-21,9100.35,9101.45,9096.0,9099.65,12:30:00,9107.82834184512,1,40
2017-03-21,9097.45,9101.1,9097.1,9100.6,12:35:00,9106.83992833606,1,41
2017-03-21,9101.0,9101.4,9094.4,9097.5,12:40:00,9106.283744685008,1,42
2017-03-21,9101.15,9101.75,9099.25,9100.8,12:45:00,9105.79481661977,1,43
2017-03-21,9102.2,9103.8,9100.9,9101.35,12:50:00,9105.452453132171,1,44
2017-03-21,9098.35,9103.35,9098.3,9102.15,12:55:00,9104.776029024348,1,45
2017-03-21,9096.6,9099.2,9094.95,9098.45,13:00:00,9103.99735959346,1,46
2017-03-21,9096.5,9097.9,9095.8,9097.45,13:05:00,9103.283325346463,1,47
2017-03-21,9088.05,9096.45,9087.8,9096.45,13:10:00,9101.832532456325,1,48
2017-03-21,9091.75,9092.35,9087.2,9088.6,13:15:00,9100.872291270009,1,49
2017-03-21,9091.8,9093.3,9089.9,9091.55,13:20:00,9100.008263530006,1,50
2017-03-21,9095.7,9095.75,9091.75,9092.3,13:25:00,9099.597952717624,1,51
2017-03-21,9090.95,9096.15,9090.4,9095.8,13:30:00,9098.774338173089,1,52
2017-03-21,9092.2,9093.95,9090.5,9091.25,13:35:00,9098.14821072803,1,53
2017-03-21,9093.6,9094.85,9091.7,9092.15,13:40:00,9097.71504780155,1,54
2017-03-21,9099.35,9099.45,9092.45,9093.7,13:45:00,9097.870757534736,1,55
2017-03-21,9096.45,9101.65,9096.4,9099.15,13:50:00,9097.735447293331,1,56
2017-03-21,9103.65,9103.9,9095.65,9096.25,13:55:00,9098.2987380273,1,57
2017-03-21,9105.0,9108.6,9103.65,9103.95,14:00:00,9098.936953453273,1,58
2017-03-21,9100.2,9105.45,9100.2,9104.9,14:05:00,9099.05724360058,1,59
2017-03-21,9102.9,9103.35,9099.4,9100.25,14:10:00,9099.423220400524,1,60
2017-03-21,9104.4,9105.15,9102.45,9102.75,14:15:00,9099.89719941,1,61
2017-03-21,9107.2,9107.95,9103.15,9104.55,14:20:00,9100.592704228096,1,62
2017-03-21,9106.75,9109.2,9106.15,9107.15,14:25:00,9101.179113349228,1,63
2017-03-21,9112.0,9112.1,9105.3,9107.05,14:30:00,9102.209673982634,1,64
2017-03-21,9114.45,9115.75,9111.75,9112.1,14:35:00,9103.37541931762,1,65
2017-03-21,9109.3,9116.1,9109.1,9114.4,14:40:00,9103.939665096894,1,66
2017-03-21,9105.3,9109.9,9103.2,9109.7,14:45:00,9104.069220801952,1,67
2017-03-21,9102.35,9106.65,9102.35,9105.1,14:50:00,9103.90548548748,1,68
2017-03-21,9097.3,9102.25,9097.05,9102.25,14:55:00,9103.276391631529,1,69
2017-03-21,9109.8,9113.8,9097.95,9098.05,15:00:00,9103.897687666622,1,70
2017-03-21,9120.85,9121.55,9109.7,9110.1,15:05:00,9105.512193603134,1,71
2017-03-21,9122.75,9125.65,9120.75,9121.5,15:10:00,9107.153889450456,1,72
2017-03-21,9129.0,9129.65,9117.1,9123.95,15:15:00,9109.234471407555,1,73
2017-03-21,9128.15,9130.35,9123.25,9129.4,15:20:00,9111.035950321122,1,74
2017-03-21,9125.6,9131.45,9125.05,9128.25,15:25:00,9112.423002671492,1,75
2017-03-22,9069.6,9072.9,9041.1,9041.3,09:15:00,9108.344621464685,2,1
2017-03-22,9066.75,9070.65,9063.65,9069.15,09:20:00,9104.383228944236,2,2
2017-03-22,9066.95,9070.05,9064.7,9066.35,09:25:00,9100.818159520975,2,3
2017-03-22,9068.55,9068.55,9059.95,9067.0,09:30:00,9097.745001471358,2,4
2017-03-22,9062.7,9070.3,9060.8,9068.65,09:35:00,9094.407382283607,2,5
2017-03-22,9062.15,9063.95,9059.2,9062.6,09:40:00,9091.33525063755,2,6
2017-03-22,9058.7,9062.15,9057.75,9061.9,09:45:00,9088.227131529213,2,7
2017-03-22,9058.75,9061.95,9055.15,9058.4,09:50:00,9085.419785669288,2,8
2017-03-22,9057.1,9059.5,9055.4,9057.9,09:55:00,9082.722663224597,2,9
2017-03-22,9045.1,9057.45,9044.7,9057.3,10:00:00,9079.139552441298,2,10
2017-03-22,9039.6,9044.95,9036.15,9044.95,10:05:00,9075.373880780222,2,11
2017-03-22,9041.1,9045.6,9039.15,9039.9,10:10:00,9072.109701658295,2,12
2017-03-22,9041.0,9044.35,9037.45,9041.0,10:15:00,9069.146872928934,2,13
2017-03-22,9048.6,9048.75,9040.0,9041.1,10:20:00,9067.190027888082,2,14
2017-03-22,9045.7,9049.65,9044.7,9048.65,10:25:00,9065.143358565409,2,15
2017-03-22,9047.05,9048.0,9044.4,9045.0,10:30:00,9063.42018155918,2,16
2017-03-22,9045.15,9047.6,9043.4,9047.25,10:35:00,9061.68016426783,2,17
2017-03-22,9044.95,9045.95,9043.45,9044.85,10:40:00,9060.08681528994,2,18
2017-03-22,9042.95,9045.65,9042.55,9045.1,10:45:00,9058.45473764328,2,19
2017-03-22,9041.05,9043.1,9039.9,9042.75,10:50:00,9056.797143582016,2,20
2017-03-22,9038.9,9041.35,9037.9,9041.15,10:55:00,9055.092653717062,2,21
2017-03-22,9039.4,9039.8,9036.05,9039.1,11:00:00,9053.598115267818,2,22
2017-03-22,9042.4,9043.15,9038.95,9039.1,11:05:00,9052.531628099454,2,23
2017-03-22,9039.95,9042.6,9038.85,9042.55,11:10:00,9051.333377804269,2,24
2017-03-22,9045.0,9045.5,9040.15,9040.35,11:15:00,9050.730198965766,2,25
2017-03-22,9045.95,9047.35,9044.5,9044.9,11:20:00,9050.274941921409,2,26
2017-03-22,9045.65,9047.6,9044.65,9046.1,11:25:00,9049.834471262226,2,27
2017-03-22,9052.1,9052.1,9044.6,9045.35,11:30:00,9050.050235903918,2,28
2017-03-22,9050.15,9052.6,9050.0,9051.9,11:35:00,9050.059737246402,2,29
2017-03-22,9053.95,9053.95,9049.3,9050.3,11:40:00,9050.430238461033,2,30
2017-03-22,9050.85,9056.35,9050.4,9054.0,11:45:00,9050.470215750456,2,31
2017-03-22,9048.15,9053.15,9048.15,9050.7,11:50:00,9050.24924282184,2,32
2017-03-22,9052.3,9054.5,9047.9,9048.05,11:55:00,9050.444553029283,2,33
2017-03-22,9048.55,9054.75,9048.0,9052.1,12:00:00,9050.26411940745,2,34
2017-03-22,9046.65,9049.9,9045.95,9048.45,12:05:00,9049.91991755912,2,35
2017-03-22,9050.8,9051.3,9046.4,9046.5,12:10:00,9050.003734934442,2,36
2017-03-22,9055.75,9056.2,9050.05,9051.1,12:15:00,9050.55099827402,2,37
2017-03-22,9053.15,9056.1,9052.85,9055.7,12:20:00,9050.798522247922,2,38
2017-03-22,9054.75,9056.85,9051.65,9053.35,12:25:00,9051.174853462406,2,39
2017-03-22,9051.1,9055.7,9049.9,9054.65,12:30:00,9051.167724561225,2,40
2017-03-22,9053.75,9056.4,9050.85,9050.85,12:35:00,9051.413655555394,2,41
2017-03-22,9056.0,9056.0,9052.25,9053.6,12:40:00,9051.850450264405,2,42
2017-03-22,9061.55,9066.9,9056.25,9056.25,12:45:00,9052.774216905893,2,43
2017-03-22,9060.5,9063.6,9060.25,9061.15,12:50:00,9053.510005771996,2,44
2017-03-22,9062.6,9063.95,9059.7,9060.35,12:55:00,9054.375719507998,2,45
2017-03-22,9063.05,9066.65,9062.85,9063.05,13:00:00,9055.201841459617,2,46
2017-03-22,9062.9,9063.95,9060.6,9063.0,13:05:00,9055.934999415844,2,47
2017-03-22,9062.75,9064.85,9061.05,9062.45,13:10:00,9056.584047090526,2,48
2017-03-22,9058.6,9063.95,9058.6,9062.65,13:15:00,9056.776042605714,2,49
2017-03-22,9056.75,9058.75,9054.6,9058.65,13:20:00,9056.77356235755,2,50
2017-03-22,9060.15,9061.9,9056.5,9056.85,13:25:00,9057.095127847308,2,51
2017-03-22,9057.95,9060.25,9057.5,9060.2,13:30:00,9057.176544242802,2,52
2017-03-22,9060.1,9060.3,9056.35,9057.75,13:35:00,9057.45496860063,2,53
2017-03-22,9054.3,9060.45,9052.05,9060.2,13:40:00,9057.15449540057,2,54
2017-03-22,9056.2,9058.15,9052.7,9054.4,13:45:00,9057.063591076703,2,55
2017-03-22,9057.85,9059.95,9054.95,9055.75,13:50:00,9057.138487164637,2,56
2017-03-22,9057.05,9057.9,9053.45,9057.9,13:55:00,9057.130059815623,2,57
2017-03-22,9058.65,9060.15,9056.2,9056.45,14:00:00,9057.27481602366,2,58
2017-03-22,9061.75,9063.5,9058.25,9058.4,14:05:00,9057.701024021408,2,59
2017-03-22,9060.65,9062.4,9059.65,9061.5,14:10:00,9057.981878876511,2,60
2017-03-22,9056.85,9062.95,9055.15,9060.8,14:15:00,9057.874080888272,2,61
2017-03-22,9054.75,9058.55,9053.95,9056.6,14:20:00,9057.576549375104,2,62
2017-03-22,9051.65,9055.9,9050.25,9054.85,14:25:00,9057.012116101285,2,63
2017-03-22,9039.15,9051.5,9039.15,9051.35,14:30:00,9055.310962186875,2,64
2017-03-22,9034.05,9038.8,9026.3,9038.5,14:35:00,9053.286108645269,2,65
2017-03-22,9037.0,9037.9,9033.25,9033.9,14:40:00,9051.735050679052,2,66
2017-03-22,9034.1,9037.55,9030.1,9036.8,14:45:00,9050.055522042952,2,67
2017-03-22,9022.35,9034.95,9021.95,9033.55,14:50:00,9047.416900896003,2,68
2017-03-22,9021.85,9026.55,9019.3,9022.6,14:55:00,9044.981957953529,2,69
2017-03-22,9030.35,9033.45,9021.45,9021.45,15:00:00,9043.58843814843,2,70
2017-03-22,9036.7,9038.35,9029.35,9029.95,15:05:00,9042.932396420008,2,71
2017-03-22,9030.45,9036.65,9027.05,9036.2,15:10:00,9041.74359676096,2,72
2017-03-22,9030.65,9031.9,9024.55,9029.8,15:15:00,9040.687063736106,2,73
2017-03-22,9028.8,9030.85,9024.05,9030.4,15:20:00,9039.554962427905,2,74
2017-03-22,9026.6,9034.35,9024.7,9028.7,15:25:00,9038.32115648239,2,75
2017-03-23,9053.35,9076.35,9048.7,9048.7,09:15:00,9039.75247491264,3,1
2017-03-23,9054.65,9058.35,9050.25,9053.25,09:20:00,9041.17128682572,3,2
2017-03-23,9061.35,9061.65,9053.7,9054.55,09:25:00,9043.093069032791,3,3
2017-03-23,9063.0,9063.85,9058.3,9061.6,09:30:00,9044.988967220146,3,4
2017-03-23,9062.75,9065.0,9061.35,9062.85,09:35:00,9046.68049415156,3,5
2017-03-23,9065.4,9066.1,9062.45,9062.5,09:40:00,9048.463304232364,3,6
2017-03-23,9057.5,9066.65,9056.9,9065.45,09:45:00,9049.32394192452,3,7
2017-03-23,9059.0,9063.05,9056.8,9057.0,09:50:00,9050.24547126504,3,8
2017-03-23,9052.9,9059.35,9050.2,9058.9,09:55:00,9050.498283525514,3,9
2017-03-23,9053.75,9053.75,9048.6,9053.05,10:00:00,9050.8079708088,3,10
2017-03-23,9052.55,9056.65,9052.1,9053.85,10:05:00,9050.973878350818,3,11
2017-03-23,9056.45,9057.5,9051.85,9052.65,10:10:00,9051.49541374598,3,12
2017-03-23,9059.35,9059.8,9056.35,9056.55,10:15:00,9052.243469579696,3,13
2017-03-23,9060.05,9060.55,9058.8,9059.4,10:20:00,9052.986948667343,3,14
2017-03-23,9058.0,9060.05,9056.7,9059.95,10:25:00,9053.464382127597,3,15
2017-03-23,9058.55,9060.9,9057.1,9058.1,10:30:00,9053.948726686873,3,16
2017-03-23,9060.7,9064.05,9058.5,9058.65,10:35:00,9054.591705097646,3,17
2017-03-23,9065.35,9065.5,9058.7,9060.8,10:40:00,9055.616304612156,3,18
2017-03-23,9067.7,9068.85,9063.6,9065.45,10:45:00,9056.767132744331,3,19
2017-03-23,9068.1,9070.4,9067.1,9067.75,10:50:00,9057.84645343535,3,20
2017-03-23,9072.45,9072.8,9067.6,9068.35,10:55:00,9059.237267393888,3,21
2017-03-23,9066.95,9073.25,9066.95,9073.0,11:00:00,9059.971813356377,3,22
2017-03-23,9066.35,9068.65,9066.05,9067.3,11:05:00,9060.579259703389,3,23
2017-03-23,9067.85,9068.0,9064.1,9066.4,11:10:00,9061.271711160209,3,24
2017-03-23,9066.4,9067.8,9064.15,9067.8,11:15:00,9061.76011962114,3,25
2017-03-23,9064.35,9068.3,9062.25,9066.45,11:20:00,9062.006774895315,3,26
2017-03-23,9066.1,9067.65,9063.8,9064.65,11:25:00,9062.396605857666,3,27
2017-03-23,9068.35,9068.9,9065.0,9065.0,11:30:00,9062.963595775984,3,28
2017-03-23,9072.95,9072.95,9067.45,9068.5,11:35:00,9063.914681892556,3,29
2017-03-23,9068.1,9073.4,9067.75,9072.8,11:40:00,9064.313283617075,3,30
2017-03-23,9066.9,9071.3,9066.65,9068.15,11:45:00,9064.559637558306,3,31
2017-03-23,9068.6,9070.2,9066.4,9067.1,11:50:00,9064.944433981324,3,32
2017-03-23,9067.15,9068.65,9066.15,9068.65,11:55:00,9065.154487887865,3,33
2017-03-23,9065.8,9069.25,9065.45,9067.45,12:00:00,9065.215965231877,3,34
2017-03-23,9063.95,9066.2,9063.5,9066.2,12:05:00,9065.095397114554,3,35
2017-03-23,9063.95,9064.5,9061.45,9064.05,12:10:00,9064.986311675071,3,36
2017-03-23,9062.9,9064.3,9061.5,9064.0,12:15:00,9064.787615325064,3,37
2017-03-23,9065.75,9067.05,9062.45,9062.55,12:20:00,9064.879271008393,3,38
2017-03-23,9068.45,9068.75,9065.35,9065.8,12:25:00,9065.219340436164,3,39
2017-03-23,9066.85,9068.9,9066.6,9068.2,12:30:00,9065.374641347003,3,40
2017-03-23,9069.75,9070.2,9066.6,9067.05,12:35:00,9065.7913421711,3,41
2017-03-23,9067.15,9069.85,9066.95,9069.45,12:40:00,9065.920738154804,3,42
2017-03-23,9069.5,9070.2,9067.3,9067.3,12:45:00,9066.261620235298,3,43
2017-03-23,9062.25,9069.7,9059.65,9069.4,12:50:00,9065.879561165271,3,44
2017-03-23,9063.15,9064.05,9060.15,9062.5,12:55:00,9065.619602959054,3,45
2017-03-23,9061.1,9063.4,9057.25,9063.2,13:00:00,9065.189164582,3,46
2017-03-23,9061.4,9063.95,9060.45,9060.9,13:05:00,9064.828291764668,3,47
2017-03-23,9064.25,9064.9,9061.1,9061.25,13:10:00,9064.77321635851,3,48
2017-03-23,9062.5,9065.15,9061.7,9064.35,13:15:00,9064.55671956246,3,49
2017-03-23,9061.15,9062.7,9060.6,9062.2,13:20:00,9064.232270080322,3,50
2017-03-23,9059.15,9061.3,9057.85,9061.3,13:25:00,9063.748244358389,3,51
2017-03-23,9066.9,9068.9,9058.8,9059.25,13:30:00,9064.04841156235,3,52
2017-03-23,9063.6,9067.15,9063.15,9066.4,13:35:00,9064.00570569927,3,53
2017-03-23,9062.1,9063.6,9061.15,9063.45,13:40:00,9063.824209918386,3,54
2017-03-23,9062.3,9064.05,9060.7,9062.15,13:45:00,9063.679047069018,3,55
2017-03-23,9062.55,9062.7,9059.5,9062.35,13:50:00,9063.571518776733,3,56
2017-03-23,9063.35,9063.65,9061.2,9062.5,13:55:00,9063.550421750377,3,57
2017-03-23,9064.75,9066.55,9063.25,9063.5,14:00:00,9063.664667297957,3,58
2017-03-23,9066.3,9067.4,9063.85,9064.8,14:05:00,9063.91565136482,3,59
2017-03-23,9066.55,9066.95,9064.05,9066.45,14:10:00,9064.166541711027,3,60
2017-03-23,9066.95,9068.55,9066.25,9066.35,14:15:00,9064.431632976644,3,61
2017-03-23,9063.8,9068.35,9063.8,9067.3,14:20:00,9064.371477455055,3,62
2017-03-23,9068.6,9069.35,9063.25,9063.85,14:25:00,9064.774193887908,3,63
2017-03-23,9067.75,9069.9,9065.95,9068.55,14:30:00,9065.057603993822,3,64
2017-03-23,9070.4,9071.9,9066.75,9067.55,14:35:00,9065.56640361346,3,65
2017-03-23,9070.0,9073.55,9069.55,9070.6,14:40:00,9065.988650888366,3,66
2017-03-23,9072.35,9072.9,9069.2,9069.9,14:45:00,9066.594493660905,3,67
2017-03-23,9067.35,9074.95,9066.5,9073.05,14:50:00,9066.66644664558,3,68
2017-03-23,9067.3,9069.45,9065.45,9067.75,14:55:00,9066.726785060284,3,69
2017-03-23,9085.3,9085.8,9067.65,9068.15,15:00:00,9068.49566267359,3,70
2017-03-23,9098.6,9099.05,9085.1,9086.1,15:05:00,9071.362742418962,3,71
2017-03-23,9088.95,9098.75,9088.95,9098.75,15:10:00,9073.037719331442,3,72
2017-03-23,9084.75,9091.65,9084.7,9089.05,15:15:00,9074.15317463321,3,73
2017-03-23,9083.1,9085.85,9082.25,9085.2,15:20:00,9075.00525323957,3,74
2017-03-23,9080.25,9084.1,9079.65,9083.2,15:25:00,9075.504752931038,3,75
2017-03-24,9095.85,9104.15,9089.4,9100.75,09:15:00,9077.442395509031,4,1
2017-03-24,9096.95,9101.45,9095.1,9095.95,09:20:00,9079.30026260341,4,2
2017-03-24,9099.3,9101.0,9093.5,9097.05,09:25:00,9081.204999498324,4,3
2017-03-24,9116.85,9118.45,9099.55,9099.55,09:30:00,9084.599761450863,4,4
2017-03-24,9116.85,9120.95,9114.85,9116.75,09:35:00,9087.67121274126,4,5
2017-03-24,9117.1,9117.1,9112.95,9116.55,09:40:00,9090.473954384948,4,6
2017-03-24,9113.45,9119.9,9112.95,9117.55,09:45:00,9092.662149205433,4,7
2017-03-24,9119.6,9119.6,9113.5,9113.7,09:50:00,9095.227658804914,4,8
2017-03-24,9127.45,9127.85,9120.0,9120.0,09:55:00,9098.296453204444,4,9
2017-03-24,9127.05,9131.95,9126.7,9127.05,10:00:00,9101.034886232592,4,10
2017-03-24,9121.3,9127.1,9120.3,9126.8,10:05:00,9102.964897067584,4,11
2017-03-24,9123.75,9124.2,9120.45,9120.9,10:10:00,9104.944430680194,4,12
2017-03-24,9122.75,9126.0,9122.55,9123.65,10:15:00,9106.640199186842,4,13
2017-03-24,9126.15,9127.15,9121.8,9122.7,10:20:00,9108.498275454762,4,14
2017-03-24,9123.45,9126.8,9123.1,9126.3,10:25:00,9109.922249220976,4,15
2017-03-24,9122.45,9123.5,9118.95,9123.5,10:30:00,9111.115368342787,4,16
2017-03-24,9125.15,9126.45,9121.85,9122.5,10:35:00,9112.451999929188,4,17
2017-03-24,9123.65,9125.5,9122.8,9125.3,10:40:00,9113.518476126408,4,18
2017-03-24,9121.75,9125.5,9121.25,9123.5,10:45:00,9114.302430781036,4,19
2017-03-24,9118.05,9123.85,9117.6,9121.65,10:50:00,9114.659342135225,4,20
2017-03-24,9117.25,9120.35,9117.25,9117.85,10:55:00,9114.906071455676,4,21
2017-03-24,9119.75,9120.35,9116.7,9117.2,11:00:00,9115.367397983706,4,22
2017-03-24,9118.4,9120.75,9118.15,9120.45,11:05:00,9115.656217223352,4,23
2017-03-24,9118.75,9119.85,9117.7,9118.2,11:10:00,9115.95086320208,4,24
2017-03-24,9118.6,9119.6,9117.25,9119.0,11:15:00,9116.20316194474,4,25
2017-03-24,9115.85,9118.9,9115.3,9118.25,11:20:00,9116.169527473812,4,26
2017-03-24,9117.45,9118.65,9114.1,9115.55,11:25:00,9116.291477238212,4,27
2017-03-24,9117.65,9118.2,9116.5,9117.4,11:30:00,9116.420860358385,4,28
2017-03-24,9117.75,9119.4,9116.7,9117.6,11:35:00,9116.547445086157,4,29
2017-03-24,9118.35,9119.15,9117.05,9117.9,11:40:00,9116.719116982713,4,30
2017-03-24,9115.05,9119.1,9114.85,9118.65,11:45:00,9116.56015346055,4,31
2017-03-24,9115.05,9116.25,9113.3,9115.1,11:50:00,9116.416329321451,4,32
2017-03-24,9116.9,9117.35,9114.2,9115.25,11:55:00,9116.4623931956,4,33
2017-03-24,9118.55,9119.0,9116.5,9116.75,12:00:00,9116.661212891257,4,34
2017-03-24,9117.6,9119.35,9117.1,9118.75,12:05:00,9116.750621187328,4,35
2017-03-24,9118.7,9120.5,9117.65,9117.65,12:10:00,9116.936276312344,4,36
2017-03-24,9116.45,9119.95,9116.35,9118.35,12:15:00,9116.889964282598,4,37
2017-03-24,9117.25,9118.75,9116.5,9116.5,12:20:00,9116.92425339854,4,38
2017-03-24,9116.45,9117.65,9115.4,9117.15,12:25:00,9116.879086408204,4,39
2017-03-24,9117.75,9119.55,9115.7,9115.9,12:30:00,9116.962030559804,4,40
2017-03-24,9120.4,9120.65,9116.4,9117.6,12:35:00,9117.289456220777,4,41
2017-03-24,9119.3,9121.0,9118.65,9120.2,12:40:00,9117.4809365807,4,42
2017-03-24,9116.5,9119.8,9116.05,9119.25,12:45:00,9117.387514049204,4,43
2017-03-24,9113.15,9116.5,9113.0,9116.2,12:50:00,9116.983941282611,4,44
2017-03-24,9113.35,9114.15,9111.35,9113.0,12:55:00,9116.63785163665,4,45
2017-03-24,9111.1,9114.1,9110.9,9113.6,13:00:00,9116.110437195064,4,46
2017-03-24,9111.6,9112.15,9110.1,9110.85,13:05:00,9115.680871747914,4,47
2017-03-24,9111.9,9114.65,9110.55,9111.9,13:10:00,9115.320788724302,4,48
2017-03-24,9112.05,9113.2,9111.45,9111.65,13:15:00,9115.009285036273,4,49
2017-03-24,9111.65,9113.25,9107.4,9111.9,13:20:00,9114.689353128057,4,50
2017-03-24,9111.65,9112.3,9108.6,9111.6,13:25:00,9114.399890925384,4,51
2017-03-24,9111.4,9112.05,9108.5,9112.05,13:30:00,9114.114187027728,4,52
2017-03-24,9115.25,9115.25,9111.0,9111.6,13:35:00,9114.222359691754,4,53
2017-03-24,9120.55,9120.55,9115.0,9115.75,13:40:00,9114.824992102063,4,54
2017-03-24,9123.1,9123.95,9120.0,9121.85,13:45:00,9115.613088092345,4,55
2017-03-24,9124.1,9124.65,9121.3,9123.5,13:50:00,9116.421365416882,4,56
2017-03-24,9124.15,9124.45,9121.55,9124.25,13:55:00,9117.15742585337,4,57
2017-03-24,9123.1,9125.7,9121.0,9124.8,14:00:00,9117.723385295903,4,58
2017-03-24,9125.05,9125.05,9121.5,9123.65,14:05:00,9118.421158124866,4,59
2017-03-24,9127.0,9127.0,9124.0,9125.3,14:10:00,9119.238190684402,4,60
2017-03-24,9128.35,9128.35,9124.8,9127.45,14:15:00,9120.105982047791,4,61
2017-03-24,9122.8,9128.85,9121.5,9128.85,14:20:00,9120.3625551861,4,62
2017-03-24,9124.0,9127.1,9122.1,9123.35,14:25:00,9120.708978501709,4,63
2017-03-24,9128.0,9128.0,9122.95,9124.15,14:30:00,9121.403361501549,4,64
2017-03-24,9128.95,9129.3,9126.15,9128.3,14:35:00,9122.122088977589,4,65
2017-03-24,9130.7,9133.55,9127.05,9128.35,14:40:00,9122.939032884486,4,66
2017-03-24,9126.5,9130.6,9125.15,9130.55,14:45:00,9123.278172609773,4,67
2017-03-24,9116.1,9129.4,9116.1,9126.75,14:50:00,9122.594537123126,4,68
2017-03-24,9113.95,9118.25,9113.7,9116.0,14:55:00,9121.771247873305,4,69
2017-03-24,9120.7,9121.3,9113.65,9114.0,15:00:00,9121.669224266325,4,70
2017-03-24,9112.15,9120.4,9111.65,9120.4,15:05:00,9120.762631479054,4,71
2017-03-24,9107.55,9112.55,9107.35,9111.85,15:10:00,9119.504285623903,4,72
2017-03-24,9104.0,9109.2,9100.9,9107.1,15:15:00,9118.027686993057,4,73
2017-03-24,9100.8,9104.65,9099.15,9104.05,15:20:00,9116.38695489848,4,74
2017-03-24,9099.9,9103.8,9098.4,9100.7,15:25:00,9114.816768717672,4,75
2017-03-27,9086.55,9094.85,9074.85,9085.8,09:15:00,9112.124695506463,0,1
2017-03-27,9076.05,9086.85,9076.05,9086.85,09:20:00,9108.689010220136,0,2
2017-03-27,9082.75,9082.75,9072.15,9076.1,09:25:00,9106.218628294408,0,3
2017-03-27,9082.5,9088.1,9078.8,9082.4,09:30:00,9103.959711313988,0,4
2017-03-27,9082.1,9083.55,9080.15,9082.25,09:35:00,9101.87783404599,0,5
2017-03-27,9080.2,9086.45,9079.6,9082.2,09:40:00,9099.813278422562,0,6
2017-03-27,9076.5,9081.65,9075.95,9079.75,09:45:00,9097.592966191842,0,7
2017-03-27,9060.25,9078.3,9053.7,9076.65,09:50:00,9094.03649322119,0,8
2017-03-27,9058.4,9060.9,9051.6,9060.0,09:55:00,9090.64254148584,0,9
2017-03-27,9061.25,9065.3,9053.95,9057.65,10:00:00,9087.843251820525,0,10
2017-03-27,9059.6,9063.05,9058.1,9061.4,10:05:00,9085.153418313806,0,11
2017-03-27,9059.15,9060.85,9054.7,9059.7,10:10:00,9082.67690228392,0,12
2017-03-27,9055.8,9060.15,9047.95,9059.7,10:15:00,9080.1171973045,0,13
2017-03-27,9056.7,9058.4,9053.95,9056.5,10:20:00,9077.886988037404,0,14
2017-03-27,9057.25,9061.45,9056.15,9056.8,10:25:00,9075.921560605271,0,15
2017-03-27,9059.5,9061.2,9055.55,9056.95,10:30:00,9074.357602452388,0,16
2017-03-27,9058.45,9061.7,9056.6,9059.9,10:35:00,9072.84259269502,0,17
2017-03-27,9054.85,9059.4,9054.65,9058.15,10:40:00,9071.12901243835,0,18
2017-03-27,9055.7,9055.7,9051.3,9055.45,10:45:00,9069.659582682318,0,19
2017-03-27,9057.75,9059.05,9054.9,9055.4,10:50:00,9068.525336712572,0,20
2017-03-27,9057.1,9060.15,9056.65,9058.05,10:55:00,9067.437209406617,0,21
2017-03-27,9059.15,9060.3,9056.2,9057.3,11:00:00,9066.64795136789,0,22
2017-03-27,9058.05,9060.2,9055.6,9059.05,11:05:00,9065.829098856662,0,23
2017-03-27,9060.0,9060.65,9057.0,9058.15,11:10:00,9065.2739465846,0,24
2017-03-27,9056.4,9060.15,9055.1,9059.9,11:15:00,9064.428808814637,0,25
2017-03-27,9058.35,9059.15,9055.2,9056.85,11:20:00,9063.849874641815,0,26
2017-03-27,9058.3,9059.9,9056.6,9058.75,11:25:00,9063.32131515212,0,27
2017-03-27,9049.55,9058.7,9049.3,9058.6,11:30:00,9062.009761328109,0,28
2017-03-27,9051.0,9053.0,9048.45,9050.35,11:35:00,9060.961212630194,0,29
2017-03-27,9044.9,9051.4,9039.8,9051.35,11:40:00,9059.43157333208,0,30
2017-03-27,9036.65,9045.6,9035.05,9045.15,11:45:00,9057.261899681404,0,31
2017-03-27,9039.3,9040.4,9032.95,9037.5,11:50:00,9055.55124256889,0,32
2017-03-27,9041.55,9043.1,9037.65,9039.5,11:55:00,9054.217790895664,0,33
2017-03-27,9039.2,9042.1,9038.65,9041.85,12:00:00,9052.787525096075,0,34
2017-03-27,9039.15,9041.75,9039.05,9039.75,12:05:00,9051.488713182163,0,35
2017-03-27,9036.5,9040.7,9034.15,9039.8,12:10:00,9050.061216688626,0,36
2017-03-27,9035.5,9038.25,9033.65,9036.8,12:15:00,9048.674434146851,0,37
2017-03-27,9034.05,9038.65,9034.0,9036.45,12:20:00,9047.281630894771,0,38
2017-03-27,9034.15,9037.3,9033.75,9034.35,12:25:00,9046.030999380984,0,39
2017-03-27,9033.05,9035.3,9031.95,9034.35,12:30:00,9044.794713725652,0,40
2017-03-27,9027.65,9034.45,9024.65,9033.75,12:35:00,9043.16188384702,0,41
2017-03-27,9030.6,9030.95,9025.0,9028.45,12:40:00,9041.965513956826,0,42
2017-03-27,9033.5,9034.85,9029.7,9030.5,12:45:00,9041.159274532369,0,43
2017-03-27,9036.25,9038.6,9032.55,9034.15,12:50:00,9040.691724576904,0,44
2017-03-27,9038.4,9039.8,9033.15,9036.7,12:55:00,9040.47346509339,0,45
2017-03-27,9036.8,9040.05,9036.3,9038.7,13:00:00,9040.123611274972,0,46
2017-03-27,9036.5,9038.2,9033.8,9037.3,13:05:00,9039.77850543926,0,47
2017-03-27,9034.75,9037.1,9033.4,9036.8,13:10:00,9039.299600159333,0,48
2017-03-27,9039.3,9040.4,9034.65,9034.85,13:15:00,9039.299638239394,0,49
2017-03-27,9033.0,9040.0,9033.0,9039.9,13:20:00,9038.699672692785,0,50
2017-03-27,9027.0,9033.9,9027.0,9033.9,13:25:00,9037.585418150617,0,51
2017-03-27,9032.6,9034.9,9025.9,9027.6,13:30:00,9037.110616421984,0,52
2017-03-27,9036.9,9040.9,9032.05,9033.1,13:35:00,9037.09055771513,0,53
2017-03-27,9037.8,9040.0,9036.85,9037.75,13:40:00,9037.15812364702,0,54
2017-03-27,9036.0,9038.2,9031.85,9038.2,13:45:00,9037.04782615683,0,55
2017-03-27,9040.6,9042.1,9035.65,9036.25,13:50:00,9037.386128427608,0,56
2017-03-27,9053.55,9054.35,9039.15,9040.95,13:55:00,9038.925544767835,0,57
2017-03-27,9057.65,9059.8,9048.15,9053.95,14:00:00,9040.708826218515,0,58
2017-03-27,9057.9,9061.85,9055.5,9058.1,14:05:00,9042.346080864372,0,59
2017-03-27,9063.9,9065.6,9055.5,9058.6,14:10:00,9044.398835067765,0,60
2017-03-27,9061.85,9073.6,9060.95,9064.4,14:15:00,9046.060850775595,0,61
2017-03-27,9060.55,9064.85,9060.3,9062.35,14:20:00,9047.44076974935,0,62
2017-03-27,9063.1,9064.6,9057.35,9060.5,14:25:00,9048.932125011315,0,63
2017-03-27,9064.95,9070.3,9063.2,9063.45,14:30:00,9050.457636915002,0,64
2017-03-27,9062.0,9066.1,9059.55,9065.15,14:35:00,9051.556909589764,0,65
2017-03-27,9063.9,9068.6,9061.35,9061.35,14:40:00,9052.732442009785,0,66
2017-03-27,9054.0,9065.8,9052.0,9064.65,14:45:00,9052.853161818375,0,67
2017-03-27,9050.3,9056.4,9050.25,9055.1,14:50:00,9052.61000354996,0,68
2017-03-27,9054.55,9057.4,9049.9,9052.0,14:55:00,9052.79476511663,0,69
2017-03-27,9059.0,9060.9,9055.25,9056.2,15:00:00,9053.385739867428,0,70
2017-03-27,9049.8,9059.25,9048.9,9059.25,15:05:00,9053.044240832434,0,71
2017-03-27,9044.15,9050.5,9041.8,9050.5,15:10:00,9052.197170276964,0,72
2017-03-27,9039.05,9045.85,9039.05,9044.2,15:15:00,9050.945058822015,0,73
2017-03-27,9042.6,9044.85,9038.05,9039.45,15:20:00,9050.150291315156,0,74
2017-03-27,9052.3,9052.9,9042.45,9042.75,15:25:00,9050.355025475616,0,75
2017-03-28,9087.2,9091.95,9080.8,9080.8,09:15:00,9053.864070668416,1,1
2017-03-28,9093.9,9096.9,9086.8,9086.8,09:20:00,9057.677016319043,1,2
2017-03-28,9093.05,9094.75,9088.25,9093.85,09:25:00,9061.045871907703,1,3
2017-03-28,9092.05,9093.2,9087.0,9093.2,09:30:00,9063.998646011732,1,4
2017-03-28,9088.05,9094.55,9086.8,9091.9,09:35:00,9066.289251153472,1,5
2017-03-28,9091.85,9092.6,9087.55,9088.6,09:40:00,9068.723608186474,1,6
2017-03-28,9092.05,9094.1,9090.4,9091.9,09:45:00,9070.945169311572,1,7
2017-03-28,9093.65,9094.8,9091.4,9091.7,09:50:00,9073.10753413904,1,8
2017-03-28,9094.5,9094.6,9090.45,9093.6,09:55:00,9075.144911840083,1,9
2017-03-28,9093.65,9096.2,9092.85,9094.45,10:00:00,9076.907301188648,1,10
2017-03-28,9092.55,9095.15,9091.0,9093.45,10:05:00,9078.397082027825,1,11
2017-03-28,9092.8,9095.1,9091.7,9092.65,10:10:00,9079.768788501366,1,12
2017-03-28,9090.9,9093.4,9090.65,9093.1,10:15:00,9080.828903882188,1,13
2017-03-28,9090.35,9091.75,9088.2,9091.05,10:20:00,9081.735674941026,1,14
2017-03-28,9093.1,9093.75,9088.35,9090.4,10:25:00,9082.81799161331,1,15
2017-03-28,9095.45,9096.0,9092.6,9092.95,10:30:00,9084.02104003109,1,16
2017-03-28,9093.95,9097.5,9093.0,9095.85,10:35:00,9084.966655266224,1,17
2017-03-28,9107.15,9108.25,9095.05,9096.2,10:40:00,9087.07935476468,1,18
2017-03-28,9109.75,9109.75,9106.05,9106.95,10:45:00,9089.23846383471,1,19
2017-03-28,9103.85,9109.6,9102.5,9109.6,10:50:00,9090.630038707595,1,20
2017-03-28,9103.05,9105.7,9102.55,9103.9,10:55:00,9091.812892164016,1,21
2017-03-28,9102.5,9103.95,9101.25,9102.9,11:00:00,9092.83071195792,1,22
2017-03-28,9104.2,9104.7,9100.6,9102.4,11:05:00,9093.91350129526,1,23
2017-03-28,9104.35,9105.3,9102.05,9104.05,11:10:00,9094.907453552856,1,24
2017-03-28,9107.1,9107.5,9102.95,9104.55,11:15:00,9096.068648452583,1,25
2017-03-28,9104.05,9107.55,9103.65,9107.15,11:20:00,9096.828777171386,1,26
2017-03-28,9103.05,9104.9,9102.55,9103.95,11:25:00,9097.421274583636,1,27
2017-03-28,9100.0,9104.0,9099.2,9103.2,11:30:00,9097.666867480431,1,28
2017-03-28,9101.5,9101.5,9097.95,9099.9,11:35:00,9098.031927720387,1,29
2017-03-28,9101.1,9102.55,9100.5,9101.3,11:40:00,9098.324125080351,1,30
2017-03-28,9102.0,9102.75,9100.7,9101.25,11:45:00,9098.674208406032,1,31
2017-03-28,9100.0,9102.15,9100.0,9101.7,11:50:00,9098.800474272124,1,32
2017-03-28,9100.45,9102.2,9099.15,9099.65,11:55:00,9098.957571960496,1,33
2017-03-28,9102.25,9102.35,9099.5,9100.15,12:00:00,9099.271136535686,1,34
2017-03-28,9099.75,9102.45,9099.5,9102.2,12:05:00,9099.316742579906,1,35
2017-03-28,9102.3,9102.8,9099.7,9100.1,12:10:00,9099.6008623342,1,36
2017-03-28,9102.6,9103.45,9102.0,9102.6,12:15:00,9099.886494492848,1,37
2017-03-28,9104.5,9104.85,9100.25,9102.4,12:20:00,9100.32587596972,1,38
2017-03-28,9103.45,9104.9,9102.45,9104.25,12:25:00,9100.623411591652,1,39
2017-03-28,9104.05,9105.05,9102.15,9103.4,12:30:00,9100.949753344828,1,40
2017-03-28,9105.1,9107.5,9103.95,9103.95,12:35:00,9101.345014931036,1,41
2017-03-28,9106.6,9107.3,9104.3,9105.95,12:40:00,9101.845489699508,1,42
2017-03-28,9107.9,9109.45,9105.75,9106.25,12:45:00,9102.422109728126,1,43
2017-03-28,9103.55,9108.05,9102.2,9107.7,12:50:00,9102.529527849258,1,44
2017-03-28,9102.75,9105.05,9102.5,9103.75,12:55:00,9102.550525196946,1,45
2017-03-28,9100.7,9103.9,9100.45,9102.9,13:00:00,9102.374284701998,1,46
2017-03-28,9101.9,9103.6,9099.1,9100.9,13:05:00,9102.32911473038,1,47
2017-03-28,9100.4,9103.4,9099.6,9102.15,13:10:00,9102.145389517964,1,48
2017-03-28,9097.0,9101.9,9096.45,9100.8,13:15:00,9101.655352421016,1,49
2017-03-28,9097.25,9098.65,9096.55,9096.9,13:20:00,9101.235795047583,1,50
2017-03-28,9100.7,9101.45,9097.0,9097.3,13:25:00,9101.184766947816,1,51
2017-03-28,9099.8,9101.35,9098.3,9101.15,13:30:00,9101.052884381355,1,52
2017-03-28,9091.85,9101.15,9091.15,9099.85,13:35:00,9100.17641920218,1,53
2017-03-28,9091.6,9093.05,9086.55,9090.7,13:40:00,9099.3596173734,1,54
2017-03-28,9091.2,9092.9,9089.5,9091.8,13:45:00,9098.582510956889,1,55
2017-03-28,9093.45,9093.45,9090.05,9091.15,13:50:00,9098.093700389563,1,56
2017-03-28,9093.5,9095.95,9093.15,9093.55,13:55:00,9097.656205114366,1,57
2017-03-28,9094.55,9095.7,9092.6,9093.65,14:00:00,9097.360376055854,1,58
2017-03-28,9099.65,9100.45,9094.45,9094.75,14:05:00,9097.578435479109,1,59
2017-03-28,9097.4,9099.8,9096.65,9099.45,14:10:00,9097.561441623951,1,60
2017-03-28,9095.55,9099.3,9095.3,9097.6,14:15:00,9097.369875755005,1,61
2017-03-28,9097.25,9098.6,9093.25,9095.5,14:20:00,9097.358459016432,1,62
2017-03-28,9100.55,9101.35,9097.1,9097.1,14:25:00,9097.66241530058,1,63
2017-03-28,9096.75,9101.2,9096.5,9100.6,14:30:00,9097.575518605288,1,64
2017-03-28,9096.0,9097.2,9094.25,9096.85,14:35:00,9097.425469214308,1,65
2017-03-28,9092.45,9097.75,9092.2,9095.95,14:40:00,9096.95161500342,1,66
2017-03-28,9091.25,9093.4,9087.55,9092.35,14:45:00,9096.408604050715,1,67
2017-03-28,9089.4,9092.0,9087.65,9091.45,14:50:00,9095.741117950647,1,68
2017-03-28,9081.85,9091.45,9079.8,9089.45,14:55:00,9094.4181543363,1,69
2017-03-28,9095.45,9096.35,9081.15,9081.15,15:00:00,9094.516425351892,1,70
2017-03-28,9098.35,9099.7,9095.25,9095.55,15:05:00,9094.881527699332,1,71
2017-03-28,9097.1,9100.15,9096.35,9098.4,15:10:00,9095.092810775586,1,72
2017-03-28,9102.35,9102.85,9096.65,9097.25,15:15:00,9095.783971654102,1,73
2017-03-28,9107.1,9107.3,9102.5,9102.5,15:20:00,9096.861688639428,1,74
2017-03-28,9106.75,9110.4,9106.75,9107.2,15:25:00,9097.803432578528,1,75
2017-03-31,9162.55,9164.4,9153.85,9156.9,09:15:00,9103.969772332954,4,1
2017-03-31,9163.15,9168.5,9162.05,9162.9,09:20:00,9109.60598449172,4,2
2017-03-31,9166.8,9166.8,9158.5,9162.85,09:25:00,9115.053033587748,4,3
2017-03-31,9171.3,9173.25,9164.3,9166.9,09:30:00,9120.409887531772,4,4
2017-03-31,9178.0,9181.25,9170.65,9170.85,09:35:00,9125.894660147796,4,5
2017-03-31,9171.95,9178.7,9171.0,9178.65,09:40:00,9130.28088299086,4,6
2017-03-31,9165.85,9172.25,9165.1,9171.8,09:45:00,9133.66841794411,4,7
2017-03-31,9167.6,9168.25,9162.35,9166.15,09:50:00,9136.89999718753,4,8
2017-03-31,9166.35,9168.25,9162.05,9167.65,09:55:00,9139.704759360146,4,9
2017-03-31,9163.8,9167.3,9163.1,9166.55,10:00:00,9141.999544182989,4,10
2017-03-31,9168.85,9170.75,9162.75,9163.6,10:05:00,9144.556730451275,4,11
2017-03-31,9164.95,9169.15,9164.25,9169.15,10:10:00,9146.498946598773,4,12
2017-03-31,9162.6,9165.2,9160.25,9165.1,10:15:00,9148.032380256032,4,13
2017-03-31,9164.75,9164.75,9161.45,9162.75,10:20:00,9149.624534517365,4,14
2017-03-31,9159.55,9164.9,9158.35,9164.8,10:25:00,9150.569816944282,4,15
2017-03-31,9162.25,9162.95,9158.65,9159.65,10:30:00,9151.682215330542,4,16
2017-03-31,9160.9,9163.85,9158.8,9162.5,10:35:00,9152.560099584776,4,17
2017-03-31,9161.0,9162.85,9160.5,9160.5,10:40:00,9153.363899624324,4,18
2017-03-31,9156.6,9162.2,9155.8,9160.95,10:45:00,9153.6720996601,4,19
2017-03-31,9154.55,9158.2,9153.4,9156.15,10:50:00,9153.75570921628,4,20
2017-03-31,9157.2,9158.3,9154.0,9154.85,10:55:00,9154.083736909968,4,21
2017-03-31,9155.5,9157.0,9153.2,9156.85,11:00:00,9154.21861910902,4,22
2017-03-31,9155.25,9156.5,9153.95,9155.05,11:05:00,9154.31684586054,4,23
2017-03-31,9158.55,9159.9,9153.95,9154.65,11:10:00,9154.720003397631,4,24
2017-03-31,9161.35,9161.65,9155.85,9158.15,11:15:00,9155.351431645478,4,25
2017-03-31,9159.7,9162.25,9159.55,9160.9,11:20:00,9155.765581012576,4,26
2017-03-31,9158.35,9161.0,9158.15,9159.9,11:25:00,9156.011716154237,4,27
2017-03-31,9160.0,9160.45,9155.9,9158.75,11:30:00,9156.391552710977,4,28
2017-03-31,9159.4,9160.85,9158.0,9159.95,11:35:00,9156.678071500408,4,29
2017-03-31,9159.1,9163.4,9158.9,9159.7,11:40:00,9156.908731357513,4,30
2017-03-31,9154.05,9159.5,9152.6,9158.9,11:45:00,9156.636471228225,4,31
2017-03-31,9153.4,9154.95,9152.9,9154.6,11:50:00,9156.328235873154,4,32
2017-03-31,9156.85,9157.25,9152.1,9153.15,11:55:00,9156.37792769476,4,33
2017-03-31,9159.75,9160.25,9155.8,9156.7,12:00:00,9156.699077438116,4,34
2017-03-31,9159.45,9162.05,9158.35,9159.95,12:05:00,9156.961070063058,4,35
2017-03-31,9157.35,9160.25,9157.0,9159.3,12:10:00,9156.998111009434,4,36
2017-03-31,9160.65,9161.15,9157.3,9157.3,12:15:00,9157.345909960915,4,37
2017-03-31,9162.3,9164.65,9160.0,9160.55,12:20:00,9157.817728059876,4,38
2017-03-31,9162.15,9165.35,9161.85,9162.5,12:25:00,9158.230325387509,4,39
2017-03-31,9163.9,9167.1,9161.85,9162.25,12:30:00,9158.770294398222,4,40
2017-03-31,9160.55,9164.1,9159.15,9163.8,12:35:00,9158.93979016982,4,41
2017-03-31,9161.95,9162.6,9158.3,9160.7,12:40:00,9159.226476820311,4,42
2017-03-31,9160.7,9162.25,9159.0,9161.9,12:45:00,9159.366812361235,4,43
2017-03-31,9161.8,9162.7,9160.3,9160.8,12:50:00,9159.598544517308,4,44
2017-03-31,9161.2,9163.0,9159.8,9161.9,12:55:00,9159.751064087088,4,45
2017-03-31,9163.25,9166.0,9160.8,9161.5,13:00:00,9160.084296078792,4,46
2017-03-31,9160.15,9163.5,9159.0,9163.3,13:05:00,9160.090553595095,4,47
2017-03-31,9159.05,9160.7,9158.15,9160.2,13:10:00,9159.991453252704,4,48
2017-03-31,9160.1,9161.35,9157.7,9159.25,13:15:00,9160.00179103816,4,49
2017-03-31,9162.35,9163.75,9159.7,9160.4,13:20:00,9160.225429986907,4,50
2017-03-31,9167.95,9168.35,9162.05,9162.1,13:25:00,9160.961103321488,4,51
2017-03-31,9167.3,9170.7,9166.25,9167.6,13:30:00,9161.56480776706,4,52
2017-03-31,9165.7,9168.2,9164.25,9167.45,13:35:00,9161.958635598769,4,53
2017-03-31,9160.6,9167.65,9160.3,9165.8,13:40:00,9161.82924173222,4,54
2017-03-31,9159.3,9161.2,9157.4,9160.9,13:45:00,9161.588361567245,4,55
2017-03-31,9165.95,9165.95,9158.6,9159.4,13:50:00,9162.003755703698,4,56
2017-03-31,9171.9,9172.25,9162.0,9165.55,13:55:00,9162.946255160488,4,57
2017-03-31,9176.55,9177.7,9169.15,9171.35,14:00:00,9164.24184990711,4,58
2017-03-31,9182.45,9184.35,9174.4,9178.15,14:05:00,9165.975959439766,4,59
2017-03-31,9187.55,9190.35,9181.65,9185.5,14:10:00,9168.030629969311,4,60
2017-03-31,9178.35,9188.0,9177.0,9186.55,14:15:00,9169.013427115093,4,61
2017-03-31,9180.05,9184.2,9175.75,9179.0,14:20:00,9170.064529294606,4,62
2017-03-31,9188.2,9188.6,9177.8,9181.95,14:25:00,9171.791716980835,4,63
2017-03-31,9185.85,9190.8,9180.9,9189.6,14:30:00,9173.1306010779,4,64
2017-03-31,9188.55,9191.7,9184.05,9188.6,14:35:00,9174.599115260957,4,65
2017-03-31,9186.15,9190.65,9183.15,9190.65,14:40:00,9175.699199521818,4,66
2017-03-31,9184.65,9188.1,9181.75,9188.1,14:45:00,9176.551656710217,4,67
2017-03-31,9185.45,9187.65,9181.9,9187.65,14:50:00,9177.39911797591,4,68
2017-03-31,9187.45,9190.25,9182.8,9187.6,14:55:00,9178.356344835349,4,69
2017-03-31,9179.85,9189.15,9177.2,9188.95,15:00:00,9178.49859770817,4,70
2017-03-31,9168.8,9181.35,9167.3,9181.35,15:05:00,9177.574921735964,4,71
2017-03-31,9170.3,9172.4,9165.8,9170.3,15:10:00,9176.882072046825,4,72
2017-03-31,9174.2,9176.9,9169.65,9171.8,15:15:00,9176.626636613792,4,73
2017-03-31,9174.15,9177.15,9169.3,9173.95,15:20:00,9176.3907664601,4,74
2017-03-31,9170.7,9177.1,9166.95,9174.6,15:25:00,9175.848788701996,4,75
2017-04-05,9224.4,9258.95,9215.4,9258.95,09:15:00,9180.472713587518,2,1
2017-04-05,9236.7,9238.75,9224.4,9225.3,09:20:00,9185.82769324585,2,2
2017-04-05,9235.2,9238.45,9233.7,9236.5,09:25:00,9190.529817698623,2,3
2017-04-05,9241.3,9241.7,9229.55,9234.9,09:30:00,9195.3650731559,2,4
2017-04-05,9237.6,9242.75,9237.6,9241.35,09:35:00,9199.38744714105,2,5
2017-04-05,9236.95,9239.3,9235.25,9237.55,09:40:00,9202.964833127618,2,6
2017-04-05,9234.6,9239.9,9230.85,9236.7,09:45:00,9205.977706163085,2,7
2017-04-05,9235.4,9235.6,9232.6,9234.4,09:50:00,9208.779829385643,2,8
2017-04-05,9238.25,9238.4,9233.75,9235.2,09:55:00,9211.5865123013,2,9
2017-04-05,9231.7,9237.65,9231.05,9237.65,10:00:00,9213.50208255832,2,10
2017-04-05,9231.75,9234.5,9231.45,9231.85,10:05:00,9215.239979457529,2,11
2017-04-05,9233.85,9234.45,9231.05,9232.05,10:10:00,9217.012362366337,2,12
2017-04-05,9234.2,9235.1,9232.15,9233.5,10:15:00,9218.649280236208,2,13
2017-04-05,9235.45,9236.9,9233.2,9234.55,10:20:00,9220.249348785144,2,14
2017-04-05,9241.1,9241.5,9235.35,9235.65,10:25:00,9222.23512509132,2,15
2017-04-05,9238.2,9241.05,9232.95,9241.05,10:30:00,9223.755589368338,2,16
2017-04-05,9236.75,9239.25,9236.5,9238.1,10:35:00,9224.99315228564,2,17
2017-04-05,9235.5,9236.75,9235.05,9236.7,10:40:00,9225.993804448912,2,18
2017-04-05,9236.8,9237.0,9234.5,9235.45,10:45:00,9227.02296592997,2,19
2017-04-05,9237.8,9238.25,9235.95,9236.75,10:50:00,9228.049350127114,2,20
2017-04-05,9239.45,9239.95,9236.35,9237.95,10:55:00,9229.135126305486,2,21
2017-04-05,9241.4,9242.5,9239.35,9239.7,11:00:00,9230.303209514486,2,22
2017-04-05,9242.55,9243.55,9239.8,9241.25,11:05:00,9231.469570513107,2,23
2017-04-05,9246.65,9246.8,9241.85,9242.45,11:10:00,9232.915325702335,2,24
2017-04-05,9244.9,9247.55,9242.9,9246.35,11:15:00,9234.056723254494,2,25
2017-04-05,9246.9,9247.6,9244.55,9244.95,11:20:00,9235.279892468352,2,26
2017-04-05,9248.05,9249.95,9246.6,9246.95,11:25:00,9236.496093185651,2,27
2017-04-05,9250.65,9252.65,9247.45,9247.85,11:30:00,9237.844084310827,2,28
2017-04-05,9249.8,9251.5,9249.1,9250.55,11:35:00,9238.98274294789,2,29
2017-04-05,9251.6,9252.6,9249.1,9249.9,11:40:00,9240.184386476663,2,30
2017-04-05,9250.65,9253.75,9250.3,9251.4,11:45:00,9241.181111574124,2,31
2017-04-05,9248.8,9251.3,9247.35,9250.55,11:50:00,9241.906719995635,2,32
2017-04-05,9249.75,9250.65,9247.4,9248.4,11:55:00,9242.65369904367,2,33
2017-04-05,9250.45,9252.65,9249.05,9249.5,12:00:00,9243.396203896657,2,34
2017-04-05,9248.45,9250.8,9247.8,9250.8,12:05:00,9243.87751781126,2,35
2017-04-05,9246.15,9249.4,9244.6,9248.7,12:10:00,9244.093944686378,2,36
2017-04-05,9251.55,9252.55,9246.2,9246.2,12:15:00,9244.804045192435,2,37
2017-04-05,9256.85,9257.8,9251.85,9251.85,12:20:00,9245.951278983634,2,38
2017-04-05,9257.0,9259.2,9256.75,9257.4,12:25:00,9247.00353812805,2,39
2017-04-05,9256.45,9257.8,9255.5,9257.4,12:30:00,9247.903201163475,2,40
2017-04-05,9257.5,9258.0,9254.95,9256.4,12:35:00,9248.817182005048,2,41
2017-04-05,9254.2,9257.65,9254.0,9257.2,12:40:00,9249.329831337902,2,42
2017-04-05,9250.85,9254.15,9250.75,9253.65,12:45:00,9249.47460930572,2,43
2017-04-05,9248.0,9251.8,9246.6,9251.05,12:50:00,9249.334170324222,2,44
2017-04-05,9248.55,9250.7,9247.6,9248.05,12:55:00,9249.2594874362,2,45
2017-04-05,9251.75,9252.75,9248.85,9249.25,13:00:00,9249.496679108945,2,46
2017-04-05,9254.45,9254.45,9249.9,9251.7,13:05:00,9249.96842395571,2,47
2017-04-05,9251.5,9254.7,9251.4,9254.2,13:10:00,9250.11428834088,2,48
2017-04-05,9251.6,9252.75,9251.1,9251.65,13:15:00,9250.255784689369,2,49
2017-04-05,9250.45,9252.55,9248.4,9251.95,13:20:00,9250.27428138562,2,50
2017-04-05,9253.95,9254.4,9249.75,9250.1,13:25:00,9250.624349825086,2,51
2017-04-05,9253.85,9257.2,9253.85,9254.1,13:30:00,9250.93155460365,2,52
2017-04-05,9252.9,9254.8,9252.7,9254.1,13:35:00,9251.11902559378,2,53
2017-04-05,9249.85,9254.45,9248.1,9253.0,13:40:00,9250.998166013422,2,54
2017-04-05,9254.0,9254.5,9248.65,9250.0,13:45:00,9251.284054964524,2,55
2017-04-05,9253.9,9256.55,9252.95,9254.2,13:50:00,9251.533192586952,2,56
2017-04-05,9256.05,9257.0,9252.65,9253.65,13:55:00,9251.963364721529,2,57
2017-04-05,9260.85,9262.65,9255.35,9256.25,14:00:00,9252.809710938527,2,58
2017-04-05,9260.1,9263.95,9259.25,9260.95,14:05:00,9253.504024182475,2,59
2017-04-05,9257.55,9260.35,9256.65,9260.35,14:10:00,9253.889355212716,2,60
2017-04-05,9252.3,9257.65,9250.2,9257.1,14:15:00,9253.7379880496,2,61
2017-04-05,9257.4,9257.7,9252.1,9252.2,14:20:00,9254.086751092496,2,62
2017-04-05,9260.1,9260.25,9256.9,9257.55,14:25:00,9254.65944146464,2,63
2017-04-05,9265.3,9266.45,9260.0,9260.45,14:30:00,9255.672827991815,2,64
2017-04-05,9264.75,9266.6,9262.35,9265.65,14:35:00,9256.537320564024,2,65
2017-04-05,9257.5,9264.7,9256.55,9264.45,14:40:00,9256.629004319831,2,66
2017-04-05,9261.65,9264.75,9256.9,9257.7,14:45:00,9257.10719438461,2,67
2017-04-05,9264.85,9265.2,9261.5,9261.7,14:50:00,9257.844604443218,2,68
2017-04-05,9264.9,9267.4,9264.55,9264.75,14:55:00,9258.516546877196,2,69
2017-04-05,9271.65,9273.9,9264.8,9264.95,15:00:00,9259.767351936513,2,70
2017-04-05,9269.4,9272.6,9267.65,9271.75,15:05:00,9260.684746990177,2,71
2017-04-05,9270.8,9273.1,9269.45,9269.7,15:10:00,9261.648104419684,2,72
2017-04-05,9261.6,9271.75,9261.15,9270.5,15:15:00,9261.64352304638,2,73
2017-04-05,9258.35,9262.55,9256.1,9262.05,15:20:00,9261.32985418482,2,74
2017-04-05,9255.4,9261.85,9255.1,9258.25,15:25:00,9260.76510616722,2,75
2017-04-06,9231.55,9242.05,9225.9,9242.05,09:15:00,9257.982715103672,3,1
2017-04-06,9237.6,9238.35,9228.05,9231.8,09:20:00,9256.041504141418,3,2
2017-04-06,9240.15,9241.95,9236.0,9237.75,09:25:00,9254.52802755652,3,3
2017-04-06,9244.95,9245.1,9237.95,9240.3,09:30:00,9253.6158344559,3,4
2017-04-06,9234.3,9245.65,9233.75,9244.35,09:35:00,9251.776231174386,3,5
2017-04-06,9235.4,9238.3,9233.6,9234.1,09:40:00,9250.216590110158,3,6
2017-04-06,9244.2,9244.8,9235.45,9235.45,09:45:00,9249.643581528238,3,7
2017-04-06,9238.65,9244.7,9238.3,9244.4,09:50:00,9248.596573763643,3,8
2017-04-06,9240.65,9241.6,9237.2,9238.75,09:55:00,9247.839757214726,3,9
2017-04-06,9243.9,9244.65,9240.4,9241.0,10:00:00,9247.464542241894,3,10
2017-04-06,9241.05,9244.3,9240.35,9243.95,10:05:00,9246.853633456953,3,11
2017-04-06,9241.0,9242.3,9240.05,9241.25,10:10:00,9246.29614455629,3,12
2017-04-06,9238.7,9242.75,9237.75,9240.8,10:15:00,9245.572702217596,3,13
2017-04-06,9234.75,9238.65,9234.75,9238.6,10:20:00,9244.541968673064,3,14
2017-04-06,9234.5,9237.05,9233.95,9234.85,10:25:00,9243.5855907042,3,15
2017-04-06,9230.7,9234.75,9228.95,9234.45,10:30:00,9242.358391589514,3,16
2017-04-06,9223.45,9230.8,9223.45,9230.45,10:35:00,9240.557592390513,3,17
2017-04-06,9224.7,9225.0,9220.0,9222.9,10:40:00,9239.047345496178,3,18
2017-04-06,9226.4,9228.65,9224.75,9224.75,10:45:00,9237.842836401303,3,19
2017-04-06,9229.95,9231.2,9225.8,9226.15,10:50:00,9237.091137696418,3,20
2017-04-06,9229.2,9230.85,9226.35,9230.2,10:55:00,9236.33960077295,3,21
2017-04-06,9227.35,9230.05,9227.0,9229.5,11:00:00,9235.483448318382,3,22
2017-04-06,9225.9,9227.85,9225.0,9226.8,11:05:00,9234.570738954726,3,23
2017-04-06,9226.8,9230.3,9225.55,9226.2,11:10:00,9233.830668578086,3,24
2017-04-06,9230.9,9231.6,9226.55,9226.65,11:15:00,9233.551557284934,3,25
2017-04-06,9226.2,9231.2,9225.75,9231.15,11:20:00,9232.851408972085,3,26
2017-04-06,9225.25,9226.75,9223.6,9226.05,11:25:00,9232.12746526046,3,27
2017-04-06,9223.75,9225.75,9220.1,9225.6,11:30:00,9231.32961142613,3,28
2017-04-06,9225.55,9227.65,9224.15,9224.25,11:35:00,9230.77917224269,3,29
2017-04-06,9228.0,9228.7,9224.95,9225.35,11:40:00,9230.514489171956,3,30
2017-04-06,9228.1,9229.65,9227.15,9227.95,11:45:00,9230.284537822248,3,31
2017-04-06,9232.25,9232.55,9227.45,9228.25,11:50:00,9230.47172469632,3,32
2017-04-06,9233.85,9234.65,9231.95,9232.5,11:55:00,9230.793465201432,3,33
2017-04-06,9237.65,9239.45,9234.0,9234.1,12:00:00,9231.446468515582,3,34
2017-04-06,9235.9,9238.2,9234.65,9237.85,12:05:00,9231.87061437124,3,35
2017-04-06,9238.5,9240.9,9235.5,9235.65,12:10:00,9232.501984431125,3,36
2017-04-06,9237.85,9241.45,9237.45,9238.95,12:15:00,9233.011319247204,3,37
2017-04-06,9236.9,9238.55,9235.6,9237.9,12:20:00,9233.381669795092,3,38
2017-04-06,9232.85,9237.2,9232.75,9237.0,12:25:00,9233.331034576511,3,39
2017-04-06,9230.7,9233.2,9230.55,9233.05,12:30:00,9233.08045985494,3,40
2017-04-06,9229.3,9231.25,9224.2,9230.95,12:35:00,9232.720416059232,3,41
2017-04-06,9227.95,9229.7,9227.25,9229.55,12:40:00,9232.266090720255,3,42
2017-04-06,9225.9,9228.1,9225.05,9228.0,12:45:00,9231.659796365946,3,43
2017-04-06,9226.05,9226.25,9223.3,9226.0,12:50:00,9231.12553004538,3,44
2017-04-06,9224.15,9227.3,9223.8,9226.0,12:55:00,9230.461193850582,3,45
2017-04-06,9227.4,9227.75,9224.0,9224.3,13:00:00,9230.169651579095,3,46
2017-04-06,9226.8,9227.25,9225.2,9227.1,13:05:00,9229.848732381088,3,47
2017-04-06,9224.85,9228.25,9223.35,9226.95,13:10:00,9229.372662630509,3,48
2017-04-06,9227.1,9227.1,9224.7,9224.95,13:15:00,9229.15621857046,3,49
2017-04-06,9229.3,9231.15,9226.25,9227.15,13:20:00,9229.16991203994,3,50
2017-04-06,9227.9,9229.95,9227.45,9229.65,13:25:00,9229.048968036135,3,51
2017-04-06,9226.55,9228.9,9226.25,9227.4,13:30:00,9228.810971080313,3,52
2017-04-06,9227.5,9228.55,9225.6,9226.45,13:35:00,9228.686116691712,3,53
2017-04-06,9229.95,9229.95,9226.6,9227.35,13:40:00,9228.806486530597,3,54
2017-04-06,9232.95,9233.65,9229.55,9229.85,13:45:00,9229.201106861015,3,55
2017-04-06,9231.3,9234.8,9230.45,9233.0,13:50:00,9229.40100144568,3,56
2017-04-06,9234.55,9234.9,9230.9,9231.25,13:55:00,9229.891382260375,3,57
2017-04-06,9228.8,9235.15,9227.25,9234.6,14:00:00,9229.787441092722,3,58
2017-04-06,9231.8,9232.05,9227.6,9228.85,14:05:00,9229.979113369604,3,59
2017-04-06,9229.6,9233.8,9229.6,9231.85,14:10:00,9229.943007334405,3,60
2017-04-06,9232.7,9233.55,9226.9,9229.7,14:15:00,9230.20557806446,3,61
2017-04-06,9232.8,9234.65,9231.35,9232.95,14:20:00,9230.452665867844,3,62
2017-04-06,9229.8,9234.05,9226.3,9233.05,14:25:00,9230.390507213764,3,63
2017-04-06,9243.8,9247.6,9218.85,9230.0,14:30:00,9231.667601764835,3,64
2017-04-06,9247.4,9249.4,9240.7,9244.15,14:35:00,9233.16592540628,3,65
2017-04-06,9252.1,9256.15,9247.5,9247.5,14:40:00,9234.969170605682,3,66
2017-04-06,9238.1,9253.65,9237.75,9251.85,14:45:00,9235.267344833714,3,67
2017-04-06,9242.65,9246.65,9236.15,9238.0,14:50:00,9235.97045484955,3,68
2017-04-06,9242.4,9243.9,9235.1,9242.55,14:55:00,9236.582792482926,3,69
2017-04-06,9257.6,9258.0,9242.85,9242.85,15:00:00,9238.584431294075,3,70
2017-04-06,9265.15,9267.65,9257.25,9257.75,15:05:00,9241.114485456545,3,71
2017-04-06,9264.4,9267.4,9261.2,9265.55,15:10:00,9243.332153508303,3,72
2017-04-06,9266.6,9267.1,9258.0,9264.35,15:15:00,9245.548138888464,3,73
2017-04-06,9261.1,9267.95,9261.1,9267.1,15:20:00,9247.029268518134,3,74
2017-04-06,9251.85,9261.7,9250.45,9260.8,15:25:00,9247.48838580212,3,75
2017-04-07,9227.8,9227.9,9212.6,9220.2,09:15:00,9245.613301440017,4,1
2017-04-07,9230.05,9236.85,9227.75,9228.05,09:20:00,9244.131082255251,4,2
2017-04-07,9233.0,9238.6,9229.45,9230.3,09:25:00,9243.070979183323,4,3
2017-04-07,9226.35,9233.5,9226.1,9233.5,09:30:00,9241.478504975388,4,4
2017-04-07,9227.1,9233.05,9225.4,9226.6,09:35:00,9240.10912354916,4,5
2017-04-07,9235.75,9235.9,9226.05,9227.25,09:40:00,9239.69396892543,4,6
2017-04-07,9237.15,9237.95,9235.5,9235.6,09:45:00,9239.451686170629,4,7
2017-04-07,9238.2,9239.15,9233.7,9237.35,09:50:00,9239.332477963902,4,8
2017-04-07,9235.5,9240.15,9234.35,9238.3,09:55:00,9238.96748006258,4,9
2017-04-07,9233.5,9236.25,9232.0,9235.6,10:00:00,9238.446767675669,4,10
2017-04-07,9238.6,9238.75,9232.25,9233.75,10:05:00,9238.461361230366,4,11
2017-04-07,9239.5,9240.65,9235.95,9238.55,10:10:00,9238.560279208426,4,12
2017-04-07,9243.55,9244.65,9239.05,9239.75,10:15:00,9239.035490712386,4,13
2017-04-07,9241.7,9244.3,9239.05,9243.7,10:20:00,9239.289253501682,4,14
2017-04-07,9248.75,9249.2,9240.95,9242.35,10:25:00,9240.190276977712,4,15
2017-04-07,9246.3,9248.75,9245.4,9248.0,10:30:00,9240.772155360788,4,16
2017-04-07,9245.55,9248.95,9245.2,9246.4,10:35:00,9241.22718818357,4,17
2017-04-07,9245.45,9246.6,9243.15,9245.6,10:40:00,9241.629360737516,4,18
2017-04-07,9242.45,9246.0,9242.3,9245.3,10:45:00,9241.707516857752,4,19
2017-04-07,9243.0,9243.6,9239.85,9242.65,10:50:00,9241.830610490346,4,20
2017-04-07,9244.45,9245.85,9242.2,9243.25,10:55:00,9242.080076157932,4,21
2017-04-07,9245.0,9247.3,9244.25,9244.55,11:00:00,9242.358164142892,4,22
2017-04-07,9244.1,9247.15,9243.65,9244.75,11:05:00,9242.52405327214,4,23
2017-04-07,9241.3,9244.7,9240.8,9244.2,11:10:00,9242.407476770031,4,24
2017-04-07,9243.2,9243.8,9240.35,9240.8,11:15:00,9242.482955172884,4,25
2017-04-07,9240.55,9243.95,9238.55,9243.35,11:20:00,9242.298864204038,4,26
2017-04-07,9235.2,9240.9,9235.05,9240.35,11:25:00,9241.622781898892,4,27
2017-04-07,9236.95,9237.4,9233.65,9235.25,11:30:00,9241.17775505138,4,28
2017-04-07,9239.55,9239.9,9235.7,9237.15,11:35:00,9241.022730760773,4,29
2017-04-07,9241.85,9242.0,9238.7,9239.65,11:40:00,9241.101518307363,4,30
2017-04-07,9237.9,9241.95,9237.65,9241.95,11:45:00,9240.7966118019,4,31
2017-04-07,9235.5,9238.75,9235.1,9238.0,11:50:00,9240.292172582673,4,32
2017-04-07,9233.0,9235.8,9231.8,9235.55,11:55:00,9239.597679955752,4,33
2017-04-07,9236.25,9236.85,9232.4,9232.95,12:00:00,9239.2788532933,4,34
2017-04-07,9240.6,9240.8,9234.3,9236.45,12:05:00,9239.404676789174,4,35
2017-04-07,9242.4,9243.1,9239.85,9240.1,12:10:00,9239.689945666396,4,36
2017-04-07,9243.2,9245.05,9242.25,9242.45,12:15:00,9240.02423655531,4,37
2017-04-07,9242.9,9244.15,9241.45,9243.15,12:20:00,9240.298118788136,4,38
2017-04-07,9235.85,9242.8,9235.3,9242.75,12:25:00,9239.874488427362,4,39
2017-04-07,9238.35,9238.55,9233.35,9236.05,12:30:00,9239.729299053328,4,40
2017-04-07,9239.55,9241.7,9238.3,9238.3,12:35:00,9239.712222953012,4,41
2017-04-07,9239.7,9240.7,9238.3,9239.85,12:40:00,9239.711058862247,4,42
2017-04-07,9240.0,9240.4,9238.2,9239.5,12:45:00,9239.738577065844,4,43
2017-04-07,9238.15,9240.5,9237.6,9239.95,12:50:00,9239.587284011955,4,44
2017-04-07,9239.7,9239.75,9238.05,9238.25,12:55:00,9239.59801886796,4,45
2017-04-07,9239.0,9241.35,9238.4,9239.8,13:00:00,9239.54106469006,4,46
2017-04-07,9239.55,9239.95,9237.75,9239.35,13:05:00,9239.54191567196,4,47
2017-04-07,9241.7,9241.85,9238.5,9239.4,13:10:00,9239.747447512726,4,48
2017-04-07,9241.4,9245.05,9241.15,9241.8,13:15:00,9239.904833463894,4,49
2017-04-07,9238.65,9242.0,9238.55,9241.65,13:20:00,9239.785325514951,4,50
2017-04-07,9240.85,9242.1,9238.25,9238.85,13:25:00,9239.886723084956,4,51
2017-04-07,9237.1,9241.3,9237.1,9240.7,13:30:00,9239.62132088639,4,52
2017-04-07,9240.1,9242.7,9237.0,9237.05,13:35:00,9239.6669093734,4,53
2017-04-07,9239.05,9242.4,9238.8,9240.2,13:40:00,9239.608156099745,4,54
2017-04-07,9242.15,9243.35,9238.8,9239.25,13:45:00,9239.850236471197,4,55
2017-04-07,9244.4,9244.4,9242.1,9242.4,13:50:00,9240.283547283463,4,56
2017-04-07,9245.25,9246.1,9243.9,9244.2,13:55:00,9240.756542780277,4,57
2017-04-07,9247.35,9247.65,9244.35,9245.15,14:00:00,9241.384491086916,4,58
2017-04-07,9248.55,9249.45,9246.8,9247.5,14:05:00,9242.06692050721,4,59
2017-04-07,9248.8,9249.7,9247.0,9248.4,14:10:00,9242.70816617319,4,60
2017-04-07,9238.6,9250.5,9238.6,9248.95,14:15:00,9242.316912251934,4,61
2017-04-07,9236.5,9239.95,9236.5,9238.55,14:20:00,9241.762920608891,4,62
2017-04-07,9227.8,9236.55,9227.05,9236.55,14:25:00,9240.43311864614,4,63
2017-04-07,9230.15,9230.8,9223.7,9228.25,14:30:00,9239.453774013176,4,64
2017-04-07,9231.8,9232.1,9228.9,9230.55,14:35:00,9238.724843154778,4,65
2017-04-07,9216.65,9232.9,9216.25,9232.1,14:40:00,9236.622477140038,4,66
2017-04-07,9209.4,9216.6,9202.65,9216.15,14:45:00,9234.029860269558,4,67
2017-04-07,9207.3,9215.55,9206.9,9209.2,14:50:00,9231.484159291504,4,68
2017-04-07,9200.15,9206.3,9197.3,9206.3,14:55:00,9228.499953644696,4,69
2017-04-07,9205.65,9206.65,9197.55,9200.35,15:00:00,9226.323767583295,4,70
2017-04-07,9198.7,9207.5,9198.2,9206.25,15:05:00,9223.692932575364,4,71
2017-04-07,9193.5,9199.35,9188.1,9198.8,15:10:00,9220.817415187235,4,72
2017-04-07,9199.85,9200.65,9192.3,9193.05,15:15:00,9218.820518502736,4,73
2017-04-07,9200.15,9202.25,9198.1,9199.9,15:20:00,9217.042373883429,4,74
2017-04-07,9197.2,9202.1,9195.55,9200.5,15:25:00,9215.152623989768,4,75
2017-04-10,9220.15,9224.35,9214.7,9220.3,09:15:00,9215.628564562172,0,1
2017-04-10,9210.65,9222.1,9210.0,9220.3,09:20:00,9215.154415556251,0,2
2017-04-10,9211.2,9212.9,9204.55,9210.5,09:25:00,9214.777804550897,0,3
2017-04-10,9207.35,9214.85,9205.3,9211.4,09:30:00,9214.070394593668,0,4
2017-04-10,9199.15,9211.75,9198.8,9207.3,09:35:00,9212.649404632366,0,5
2017-04-10,9198.6,9200.05,9191.1,9198.6,09:40:00,9211.31136609595,0,6
2017-04-10,9197.7,9199.65,9196.65,9198.5,09:45:00,9210.015045515383,0,7
2017-04-10,9206.9,9207.8,9197.7,9197.75,09:50:00,9209.71837451392,0,8
2017-04-10,9210.5,9212.15,9206.75,9206.95,09:55:00,9209.792815036402,0,9
2017-04-10,9215.6,9215.85,9207.9,9210.2,10:00:00,9210.34588027103,0,10
2017-04-10,9210.3,9215.85,9209.2,9215.85,10:05:00,9210.341510721408,0,11
2017-04-10,9208.75,9210.95,9206.7,9210.35,10:10:00,9210.18993827175,0,12
2017-04-10,9213.85,9214.2,9208.25,9208.45,10:15:00,9210.5385155792,0,13
2017-04-10,9206.5,9215.9,9206.0,9213.9,10:20:00,9210.153895047848,0,14
2017-04-10,9207.55,9209.15,9205.6,9206.05,10:25:00,9209.90590504329,0,15
2017-04-10,9205.5,9210.3,9203.75,9207.7,10:30:00,9209.486295039169,0,16
2017-04-10,9205.65,9205.9,9203.5,9205.45,10:35:00,9209.120933606866,0,17
2017-04-10,9208.5,9210.5,9205.5,9205.6,10:40:00,9209.061797072878,0,18
2017-04-10,9210.3,9211.0,9208.25,9208.45,10:45:00,9209.179721161176,0,19
2017-04-10,9212.0,9212.65,9209.8,9210.25,10:50:00,9209.448319145826,0,20
2017-04-10,9211.7,9212.2,9210.25,9212.05,10:55:00,9209.66276494146,0,21
2017-04-10,9214.25,9215.8,9211.3,9211.45,11:00:00,9210.099644470843,0,22
2017-04-10,9221.15,9221.6,9212.9,9214.5,11:05:00,9211.152059283146,0,23
2017-04-10,9219.65,9223.6,9218.25,9220.55,11:10:00,9211.961386970464,0,24
2017-04-10,9216.7,9219.9,9215.75,9219.75,11:15:00,9212.412683449467,0,25
2017-04-10,9215.3,9218.3,9213.6,9216.55,11:20:00,9212.68766597809,0,26
2017-04-10,9213.8,9216.5,9213.55,9215.05,11:25:00,9212.793602551605,0,27
2017-04-10,9211.8,9214.25,9211.45,9213.95,11:30:00,9212.698973737166,0,28
2017-04-10,9213.4,9214.1,9211.05,9211.7,11:35:00,9212.76573814315,0,29
2017-04-10,9214.8,9216.05,9212.85,9213.55,11:40:00,9212.959477367613,0,30
2017-04-10,9212.05,9216.0,9211.0,9215.05,11:45:00,9212.87286047546,0,31
2017-04-10,9208.7,9212.75,9207.8,9211.85,11:50:00,9212.475445192082,0,32
2017-04-10,9203.2,9209.4,9202.55,9208.8,11:55:00,9211.592069459502,0,33
2017-04-10,9203.5,9204.0,9200.4,9202.55,12:00:00,9210.821396177646,0,34
2017-04-10,9200.1,9204.2,9199.5,9203.4,12:05:00,9209.800310827395,0,35
2017-04-10,9202.6,9203.9,9199.5,9200.05,12:10:00,9209.114566939072,0,36
2017-04-10,9203.25,9203.6,9199.85,9203.05,12:15:00,9208.5560367544,0,37
2017-04-10,9203.0,9205.1,9201.25,9203.35,12:20:00,9208.026890396835,0,38
2017-04-10,9203.4,9204.65,9201.2,9203.25,12:25:00,9207.586234168566,0,39
2017-04-10,9203.0,9206.5,9202.65,9203.25,12:30:00,9207.149449962037,0,40
2017-04-10,9200.0,9203.4,9199.65,9203.35,12:35:00,9206.468549965652,0,41
2017-04-10,9192.45,9199.9,9192.25,9199.8,12:40:00,9205.133449968924,0,42
2017-04-10,9194.1,9195.9,9189.8,9193.0,12:45:00,9204.08264520998,0,43
2017-04-10,9188.6,9194.45,9188.6,9194.2,12:50:00,9202.608107570932,0,44
2017-04-10,9185.5,9188.55,9183.8,9188.55,12:55:00,9200.978763992747,0,45
2017-04-10,9182.9,9186.05,9179.75,9185.7,13:00:00,9199.25697694582,0,46
2017-04-10,9181.75,9183.55,9174.85,9183.35,13:05:00,9197.589645808124,0,47
2017-04-10,9176.85,9182.8,9176.6,9182.25,13:10:00,9195.614441445448,0,48
2017-04-10,9182.75,9183.9,9176.35,9176.4,13:15:00,9194.38925654588,0,49
2017-04-10,9185.35,9187.3,9182.05,9182.9,13:20:00,9193.52837497008,0,50
2017-04-10,9182.5,9186.75,9181.3,9185.8,13:25:00,9192.47805354436,0,51
2017-04-10,9188.55,9190.1,9178.65,9182.45,13:30:00,9192.1039532068,0,52
2017-04-10,9184.95,9188.8,9184.95,9188.45,13:35:00,9191.422624329962,0,53
2017-04-10,9184.85,9185.45,9181.75,9184.85,13:40:00,9190.79666010806,0,54
2017-04-10,9187.55,9187.85,9184.85,9185.45,13:45:00,9190.487454383485,0,55
2017-04-10,9184.7,9188.7,9182.75,9187.7,13:50:00,9189.936268251724,0,56
2017-04-10,9187.95,9188.7,9183.3,9184.6,13:55:00,9189.747099846798,0,57
2017-04-10,9188.6,9190.45,9186.8,9188.1,14:00:00,9189.637852242342,0,58
2017-04-10,9186.05,9188.85,9183.3,9188.85,14:05:00,9189.296152028786,0,59
2017-04-10,9192.95,9193.9,9185.75,9186.25,14:10:00,9189.644137549854,0,60
2017-04-10,9191.65,9193.25,9190.35,9192.5,14:15:00,9189.835172068915,0,61
2017-04-10,9190.2,9191.65,9186.8,9191.5,14:20:00,9189.869917586162,0,62
2017-04-10,9189.7,9192.0,9188.25,9190.15,14:25:00,9189.85373495891,0,63
2017-04-10,9197.5,9198.4,9188.15,9189.75,14:30:00,9190.58195067711,0,64
2017-04-10,9200.0,9200.8,9193.85,9197.45,14:35:00,9191.47890775548,0,65
2017-04-10,9200.7,9202.0,9197.5,9199.85,14:40:00,9192.357107016864,0,66
2017-04-10,9194.6,9203.75,9193.4,9200.65,14:45:00,9192.5707158724,0,67
2017-04-10,9185.55,9195.5,9184.2,9194.9,14:50:00,9191.902076265504,0,68
2017-04-10,9177.95,9185.9,9175.85,9185.6,14:55:00,9190.57330709736,0,69
2017-04-10,9181.95,9183.4,9175.4,9176.95,15:00:00,9189.752039754754,0,70
2017-04-10,9181.55,9183.9,9179.1,9181.8,15:05:00,9188.970893111444,0,71
2017-04-10,9182.4,9183.1,9178.65,9181.45,15:10:00,9188.345093767495,0,72
2017-04-10,9182.0,9183.4,9176.7,9182.45,15:15:00,9187.740799122974,0,73
2017-04-10,9185.15,9185.15,9179.7,9182.1,15:20:00,9187.494056349356,0,74
2017-04-10,9176.95,9185.5,9175.5,9184.85,15:25:00,9186.48986050656,0,75
2017-04-11,9192.9,9194.3,9172.85,9184.15,09:15:00,9187.100349982127,1,1
2017-04-11,9191.0,9194.7,9180.7,9192.5,09:20:00,9187.471745221925,1,2
2017-04-11,9185.9,9192.15,9184.05,9191.65,09:25:00,9187.32205520079,1,3
2017-04-11,9182.9,9186.25,9180.65,9186.15,09:30:00,9186.900907086429,1,4
2017-04-11,9193.6,9193.9,9182.45,9182.45,09:35:00,9187.538915935342,1,5
2017-04-11,9197.45,9199.3,9191.45,9193.35,09:40:00,9188.482828703403,1,6
2017-04-11,9204.05,9204.05,9195.7,9197.15,09:45:00,9189.96541644594,1,7
2017-04-11,9205.35,9207.25,9202.25,9204.15,09:50:00,9191.43061487966,1,8
2017-04-11,9206.1,9207.9,9202.4,9205.25,09:55:00,9192.827699176836,1,9
2017-04-11,9201.85,9208.15,9201.85,9206.35,10:00:00,9193.6869659219,1,10
2017-04-11,9207.75,9208.3,9201.4,9202.15,10:05:00,9195.026302500764,1,11
2017-04-11,9209.4,9211.15,9207.7,9207.7,10:10:00,9196.395226072122,1,12
2017-04-11,9206.55,9210.1,9205.85,9209.6,10:15:00,9197.362347398586,1,13
2017-04-11,9208.55,9209.65,9206.45,9206.45,10:20:00,9198.42783812253,1,14
2017-04-11,9218.7,9219.05,9208.3,9208.3,10:25:00,9200.3585202061,1,15
2017-04-11,9234.65,9237.6,9219.15,9219.15,10:30:00,9203.624375424566,1,16
2017-04-11,9231.3,9235.4,9227.75,9234.85,10:35:00,9206.260149193657,1,17
2017-04-11,9234.8,9236.5,9230.95,9231.35,10:40:00,9208.97823022283,1,18
2017-04-11,9235.65,9236.65,9231.75,9234.35,10:45:00,9211.518398773038,1,19
2017-04-11,9228.6,9235.8,9228.6,9235.7,10:50:00,9213.14521793751,1,20
2017-04-11,9228.2,9229.25,9226.15,9228.4,10:55:00,9214.579006705366,1,21
2017-04-11,9231.15,9231.15,9227.35,9228.25,11:00:00,9216.15719654295,1,22
2017-04-11,9229.15,9231.9,9228.2,9230.95,11:05:00,9217.394606396005,1,23
2017-04-11,9234.3,9234.3,9228.65,9228.95,11:10:00,9219.0046438821,1,24
2017-04-11,9231.45,9236.4,9230.15,9234.0,11:15:00,9220.189915893328,1,25
2017-04-11,9225.45,9232.55,9225.45,9231.6,11:20:00,9220.690876284438,1,26
2017-04-11,9222.65,9225.65,9220.7,9225.65,11:25:00,9220.877459495445,1,27
2017-04-11,9221.05,9225.15,9221.05,9222.85,11:30:00,9220.89389192445,1,28
2017-04-11,9217.55,9223.2,9217.0,9221.0,11:35:00,9220.575426026884,1,29
2017-04-11,9220.65,9221.6,9217.25,9217.8,11:40:00,9220.582528310038,1,30
2017-04-11,9218.45,9220.15,9216.65,9220.05,11:45:00,9220.37943037575,1,31
2017-04-11,9218.7,9220.2,9217.35,9218.35,11:50:00,9220.21948462568,1,32
2017-04-11,9220.8,9222.25,9218.6,9218.6,11:55:00,9220.274771804185,1,33
2017-04-11,9222.7,9224.5,9220.2,9220.85,12:00:00,9220.505745918072,1,34
2017-04-11,9223.1,9223.15,9220.55,9222.65,12:05:00,9220.752817735398,1,35
2017-04-11,9220.3,9223.35,9219.65,9222.85,12:10:00,9220.70969223679,1,36
2017-04-11,9220.7,9221.75,9217.0,9220.2,12:15:00,9220.708769166618,1,37
2017-04-11,9220.05,9221.5,9218.85,9220.8,12:20:00,9220.646029245989,1,38
2017-04-11,9220.2,9221.2,9219.8,9220.0,12:25:00,9220.60355027018,1,39
2017-04-11,9218.25,9220.95,9216.55,9220.25,12:30:00,9220.3794026254,1,40
2017-04-11,9220.4,9220.95,9217.25,9218.05,12:35:00,9220.381364280123,1,41
2017-04-11,9217.6,9220.75,9216.95,9220.5,12:40:00,9220.11647244392,1,42
2017-04-11,9226.55,9227.15,9217.25,9217.25,12:45:00,9220.729189354024,1,43
2017-04-11,9226.25,9230.25,9225.75,9226.25,12:50:00,9221.254980844118,1,44
2017-04-11,9229.6,9229.7,9224.15,9226.6,12:55:00,9222.049744573247,1,45
2017-04-11,9227.05,9229.9,9226.5,9229.55,13:00:00,9222.525959375796,1,46
2017-04-11,9222.55,9227.25,9222.05,9227.2,13:05:00,9222.528248959055,1,47
2017-04-11,9223.6,9223.6,9218.6,9222.35,13:10:00,9222.630320486764,1,48
2017-04-11,9227.35,9228.5,9222.45,9223.85,13:15:00,9223.07981377374,1,49
2017-04-11,9230.15,9231.3,9225.8,9227.25,13:20:00,9223.753164842909,1,50
2017-04-11,9230.85,9231.75,9226.65,9230.4,13:25:00,9224.429053905487,1,51
2017-04-11,9227.8,9232.4,9226.85,9230.7,13:30:00,9224.75009639068,1,52
2017-04-11,9229.75,9229.85,9224.65,9227.9,13:35:00,9225.226277686806,1,53
2017-04-11,9231.9,9235.3,9228.9,9229.7,13:40:00,9225.861870288065,1,54
2017-04-11,9227.8,9234.55,9227.75,9232.55,13:45:00,9226.046454070152,1,55
2017-04-11,9223.9,9228.35,9223.35,9228.35,13:50:00,9225.842029872996,1,56
2017-04-11,9223.5,9229.85,9222.75,9223.95,13:55:00,9225.6189794089,1,57
2017-04-11,9223.95,9225.5,9219.85,9223.15,14:00:00,9225.460028989006,1,58
2017-04-11,9228.4,9229.8,9222.7,9223.6,14:05:00,9225.740026228148,1,59
2017-04-11,9228.65,9229.95,9226.4,9228.05,14:10:00,9226.017166587371,1,60
2017-04-11,9229.0,9232.4,9227.6,9228.25,14:15:00,9226.301245960003,1,61
2017-04-11,9229.25,9229.65,9225.15,9228.65,14:20:00,9226.5820796781,1,62
2017-04-11,9233.45,9234.1,9228.2,9228.7,14:25:00,9227.236167327805,1,63
2017-04-11,9237.65,9239.75,9232.6,9233.8,14:30:00,9228.227960915632,1,64
2017-04-11,9239.35,9242.55,9235.2,9237.2,14:35:00,9229.28720273319,1,65
2017-04-11,9236.6,9242.7,9234.7,9239.6,14:40:00,9229.983659615744,1,66
2017-04-11,9233.15,9237.05,9231.2,9237.05,14:45:00,9230.285215842816,1,67
2017-04-11,9237.65,9238.05,9231.7,9233.2,14:50:00,9230.986623857783,1,68
2017-04-11,9235.7,9238.75,9234.35,9238.75,14:55:00,9231.43551682371,1,69
2017-04-11,9236.6,9237.2,9233.25,9235.8,15:00:00,9231.92737236431,1,70
2017-04-11,9236.3,9238.2,9234.95,9236.7,15:05:00,9232.343813091518,1,71
2017-04-11,9236.0,9238.05,9232.45,9236.2,15:10:00,9232.692021368515,1,72
2017-04-11,9236.6,9238.3,9234.95,9236.3,15:15:00,9233.06420980961,1,73
2017-04-11,9236.1,9238.85,9234.45,9237.45,15:20:00,9233.353332684886,1,74
2017-04-11,9236.25,9236.4,9232.45,9236.15,15:25:00,9233.629205762516,1,75
2017-04-12,9240.85,9245.85,9230.95,9239.65,09:15:00,9234.3169004518,2,1
2017-04-12,9240.55,9242.4,9235.9,9240.65,09:20:00,9234.9105289802,2,2
2017-04-12,9241.65,9242.0,9237.5,9240.85,09:25:00,9235.552383363038,2,3
2017-04-12,9239.75,9246.4,9238.85,9241.45,09:30:00,9235.952156376085,2,4
2017-04-12,9212.0,9239.6,9210.55,9239.5,09:35:00,9233.67099862598,2,5
2017-04-12,9211.5,9215.65,9202.6,9212.7,09:40:00,9231.559474947317,2,6
2017-04-12,9198.4,9212.65,9198.4,9211.1,09:45:00,9228.401429714238,2,7
2017-04-12,9189.35,9198.6,9185.65,9198.3,09:50:00,9224.68224593193,2,8
2017-04-12,9190.15,9194.15,9179.8,9189.5,09:55:00,9221.39346060508,2,9
2017-04-12,9169.65,9190.65,9161.8,9190.45,10:00:00,9216.465511976025,2,10
2017-04-12,9177.7,9178.95,9168.15,9170.1,10:05:00,9212.773558454495,2,11
2017-04-12,9182.1,9182.9,9174.45,9177.5,10:10:00,9209.852267173115,2,12
2017-04-12,9184.3,9184.3,9178.85,9182.25,10:15:00,9207.418717918536,2,13
2017-04-12,9187.3,9187.85,9181.9,9183.9,10:20:00,9205.502649545342,2,14
2017-04-12,9184.55,9188.15,9182.15,9187.45,10:25:00,9203.507159112452,2,15
2017-04-12,9189.45,9189.75,9183.55,9184.5,10:30:00,9202.168382054122,2,16
2017-04-12,9190.35,9191.8,9188.35,9189.6,10:35:00,9201.042821858491,2,17
2017-04-12,9184.25,9190.9,9183.1,9190.7,10:40:00,9199.443505491015,2,18
2017-04-12,9189.15,9189.8,9183.55,9184.15,10:45:00,9198.46317163473,2,19
2017-04-12,9190.1,9194.6,9189.1,9189.45,10:50:00,9197.666679098087,2,20
2017-04-12,9187.7,9191.05,9187.4,9190.3,10:55:00,9196.717471564938,2,21
2017-04-12,9183.3,9188.45,9180.4,9188.45,11:00:00,9195.439617130183,2,22
2017-04-12,9190.0,9190.35,9182.05,9183.4,11:05:00,9194.92155835588,2,23
2017-04-12,9191.45,9192.9,9188.2,9189.85,11:10:00,9194.590933750558,2,24
2017-04-12,9184.6,9191.7,9184.55,9191.35,11:15:00,9193.639416250506,2,25
2017-04-12,9186.95,9187.15,9182.05,9184.9,11:20:00,9193.002328988554,2,26
2017-04-12,9187.05,9188.95,9185.4,9186.9,11:25:00,9192.435440513456,2,27
2017-04-12,9185.7,9188.35,9185.25,9187.5,11:30:00,9191.793969988365,2,28
2017-04-12,9184.55,9186.65,9183.75,9185.6,11:35:00,9191.10406808471,2,29
2017-04-12,9182.75,9185.5,9181.5,9184.6,11:40:00,9190.308442552832,2,30
2017-04-12,9179.25,9183.7,9178.45,9182.6,11:45:00,9189.255257547802,2,31
2017-04-12,9184.15,9185.25,9178.05,9179.15,11:50:00,9188.769042543248,2,32
2017-04-12,9185.25,9185.7,9182.95,9184.6,11:55:00,9188.433895634367,2,33
2017-04-12,9189.45,9190.75,9185.45,9185.6,12:00:00,9188.530667478712,2,34
2017-04-12,9193.7,9198.1,9188.75,9189.65,12:05:00,9189.022984861696,2,35
2017-04-12,9193.45,9195.0,9190.45,9193.45,12:10:00,9189.444605351058,2,36
2017-04-12,9194.35,9197.25,9192.55,9193.3,12:15:00,9189.911785793814,2,37
2017-04-12,9197.05,9197.85,9192.2,9194.05,12:20:00,9190.591615718213,2,38
2017-04-12,9203.6,9203.8,9196.35,9196.9,12:25:00,9191.830509459334,2,39
2017-04-12,9202.25,9204.3,9198.75,9203.9,12:30:00,9192.82284189178,2,40
2017-04-12,9200.05,9204.15,9197.05,9202.9,12:35:00,9193.511142663989,2,41
2017-04-12,9205.2,9206.05,9199.7,9200.4,12:40:00,9194.62436717218,2,42
2017-04-12,9218.2,9219.05,9204.3,9204.85,12:45:00,9196.869665536731,2,43
2017-04-12,9219.7,9221.85,9217.7,9217.95,12:50:00,9199.043983104664,2,44
2017-04-12,9219.2,9226.3,9218.95,9219.55,12:55:00,9200.963603761362,2,45
2017-04-12,9216.0,9225.9,9215.65,9219.6,13:00:00,9202.395641498377,2,46
2017-04-12,9214.45,9217.1,9210.55,9216.7,13:05:00,9203.543675641387,2,47
2017-04-12,9219.4,9220.5,9214.3,9215.0,13:10:00,9205.05380177078,2,48
2017-04-12,9217.3,9219.35,9215.35,9219.35,13:15:00,9206.22010636404,2,49
2017-04-12,9221.1,9222.6,9217.55,9217.55,13:20:00,9207.637239091277,2,50
2017-04-12,9222.25,9223.5,9219.3,9221.95,13:25:00,9209.028930606391,2,51
2017-04-12,9221.6,9225.65,9218.5,9222.05,13:30:00,9210.226175310543,2,52
2017-04-12,9215.9,9223.05,9215.5,9221.75,13:35:00,9210.766539566685,2,53
2017-04-12,9217.05,9218.05,9211.5,9215.95,13:40:00,9211.364964369855,2,54
2017-04-12,9220.15,9223.05,9216.0,9217.45,13:45:00,9212.201634429872,2,55
2017-04-12,9219.5,9222.8,9218.3,9220.35,13:50:00,9212.896716865122,2,56
2017-04-12,9220.65,9220.85,9215.35,9218.9,13:55:00,9213.635124782728,2,57
2017-04-12,9210.25,9222.7,9209.4,9220.75,14:00:00,9213.312731946276,2,58
2017-04-12,9198.05,9210.5,9195.2,9210.5,14:05:00,9211.859138427584,2,59
2017-04-12,9207.85,9208.45,9195.05,9198.95,14:10:00,9211.477315720196,2,60
2017-04-12,9206.25,9211.3,9202.85,9208.1,14:15:00,9210.979476127795,2,61
2017-04-12,9204.9,9209.4,9201.7,9206.05,14:20:00,9210.400478401338,2,62
2017-04-12,9202.25,9206.85,9199.9,9204.45,14:25:00,9209.624242363116,2,63
2017-04-12,9197.65,9201.85,9190.9,9201.75,14:30:00,9208.483838328531,2,64
2017-04-12,9196.4,9198.4,9193.75,9197.95,14:35:00,9207.33299658296,2,65
2017-04-12,9197.5,9202.95,9194.8,9196.1,14:40:00,9206.396520717915,2,66
2017-04-12,9188.4,9197.9,9186.45,9197.9,14:45:00,9204.68256636383,2,67
2017-04-12,9182.2,9190.4,9181.95,9189.05,14:50:00,9202.541369567274,2,68
2017-04-12,9188.5,9190.05,9181.65,9182.3,14:55:00,9201.204096275153,2,69
2017-04-12,9205.0,9205.4,9188.35,9188.35,15:00:00,9201.565610915612,2,70
2017-04-12,9206.4,9209.75,9204.6,9205.3,15:05:00,9202.02602892365,2,71
2017-04-12,9207.55,9207.75,9203.65,9206.3,15:10:00,9202.552121407112,2,72
2017-04-12,9203.9,9208.4,9199.2,9207.2,15:15:00,9202.68049079691,2,73
2017-04-12,9204.3,9207.3,9200.2,9203.25,15:20:00,9202.834729768634,2,74
2017-04-12,9201.1,9204.8,9198.3,9204.25,15:25:00,9202.669517409717,2,75
2017-04-13,9184.9,9201.25,9178.6,9200.55,09:15:00,9200.977182418315,3,1
2017-04-13,9189.85,9190.75,9176.9,9184.95,09:20:00,9199.917450759429,3,2
2017-04-13,9180.1,9191.3,9176.8,9189.2,09:25:00,9198.030074496626,3,3
2017-04-13,9173.35,9183.05,9169.8,9179.9,09:30:00,9195.679591211232,3,4
2017-04-13,9181.45,9183.9,9170.7,9172.95,09:35:00,9194.324392048256,3,5
2017-04-13,9180.5,9185.95,9178.35,9181.7,09:40:00,9193.007783281755,3,6
2017-04-13,9177.7,9183.65,9176.95,9180.15,09:45:00,9191.549899159683,3,7
2017-04-13,9179.45,9181.3,9176.5,9177.6,09:50:00,9190.397527811145,3,8
2017-04-13,9187.7,9188.55,9179.4,9179.5,09:55:00,9190.14062040056,3,9
2017-04-13,9186.5,9189.75,9180.65,9187.85,10:00:00,9189.793894648124,3,10
2017-04-13,9188.6,9192.2,9185.2,9186.7,10:05:00,9189.680190395922,3,11
2017-04-13,9189.8,9193.1,9188.1,9188.7,10:10:00,9189.691600834409,3,12
2017-04-13,9184.95,9190.45,9183.7,9189.6,10:15:00,9189.24001980256,3,13
2017-04-13,9186.4,9188.25,9184.85,9185.35,10:20:00,9188.969541726125,3,14
2017-04-13,9187.9,9189.15,9184.15,9186.35,10:25:00,9188.86768060935,3,15
2017-04-13,9186.2,9188.4,9184.2,9188.25,10:30:00,9188.613615789413,3,16
2017-04-13,9184.15,9188.35,9183.5,9186.0,10:35:00,9188.188509523754,3,17
2017-04-13,9184.15,9185.3,9182.25,9184.2,10:40:00,9187.80388956911,3,18
2017-04-13,9187.8,9188.55,9183.0,9184.3,10:45:00,9187.803519133957,3,19
2017-04-13,9187.35,9189.25,9186.25,9188.3,10:50:00,9187.760326835483,3,20
2017-04-13,9188.35,9190.15,9186.15,9187.1,10:55:00,9187.816486184489,3,21
2017-04-13,9186.8,9189.25,9182.95,9188.45,11:00:00,9187.71967797644,3,22
2017-04-13,9185.15,9188.6,9184.95,9186.7,11:05:00,9187.474946740587,3,23
2017-04-13,9184.7,9187.4,9183.75,9185.3,11:10:00,9187.210666098628,3,24
2017-04-13,9189.95,9190.45,9184.25,9184.8,11:15:00,9187.471555041617,3,25
2017-04-13,9186.25,9189.9,9186.25,9189.9,11:20:00,9187.355216466223,3,26
2017-04-13,9187.9,9189.45,9186.05,9187.1,11:25:00,9187.407100612298,3,27
2017-04-13,9191.7,9193.6,9187.3,9187.6,11:30:00,9187.81594817303,3,28
2017-04-13,9189.05,9191.45,9188.25,9191.45,11:35:00,9187.933476918455,3,29
2017-04-13,9191.85,9193.35,9188.6,9189.25,11:40:00,9188.306479116698,3,30
2017-04-13,9188.1,9192.6,9185.8,9191.75,11:45:00,9188.286814438916,3,31
2017-04-13,9189.55,9191.4,9187.95,9188.0,11:50:00,9188.407117825684,3,32
2017-04-13,9187.85,9190.95,9186.5,9189.7,11:55:00,9188.354058985144,3,33
2017-04-13,9186.6,9189.6,9186.35,9187.75,12:00:00,9188.187005748465,3,34
2017-04-13,9184.25,9186.95,9183.9,9186.85,12:05:00,9187.812052820038,3,35
2017-04-13,9181.1,9185.2,9180.5,9184.15,12:10:00,9187.17280969432,3,36
2017-04-13,9179.95,9181.7,9177.6,9180.95,12:15:00,9186.484923056763,3,37
2017-04-13,9180.45,9182.8,9179.45,9180.15,12:20:00,9185.910168479932,3,38
2017-04-13,9173.15,9181.05,9172.15,9180.7,12:25:00,9184.694914338988,3,39
2017-04-13,9174.15,9174.2,9170.05,9173.3,12:30:00,9183.690636782892,3,40
2017-04-13,9166.0,9175.95,9164.45,9173.7,12:35:00,9182.00581423214,3,41
2017-04-13,9167.85,9169.95,9165.6,9166.05,12:40:00,9180.657641448128,3,42
2017-04-13,9169.55,9169.65,9163.55,9168.1,12:45:00,9179.59977083402,3,43
2017-04-13,9174.65,9176.65,9168.9,9169.35,12:50:00,9179.128364087925,3,44
2017-04-13,9175.25,9175.6,9171.9,9174.85,12:55:00,9178.75899607955,3,45
2017-04-13,9176.2,9178.4,9175.15,9175.4,13:00:00,9178.51528216721,3,46
2017-04-13,9173.15,9176.55,9172.05,9176.15,13:05:00,9178.00430291319,3,47
2017-04-13,9174.3,9176.75,9172.55,9173.05,13:10:00,9177.651512159551,3,48
2017-04-13,9172.95,9175.6,9172.65,9174.25,13:15:00,9177.20374909674,3,49
2017-04-13,9172.75,9175.2,9172.1,9172.9,13:20:00,9176.779582516096,3,50
2017-04-13,9168.45,9173.95,9167.65,9172.5,13:25:00,9175.986288943135,3,51
2017-04-13,9171.0,9174.1,9166.7,9168.35,13:30:00,9175.511404281884,3,52
2017-04-13,9170.95,9172.2,9168.3,9171.55,13:35:00,9175.076984826466,3,53
2017-04-13,9170.25,9171.0,9165.75,9170.5,13:40:00,9174.617271985851,3,54
2017-04-13,9172.7,9173.7,9169.0,9169.95,13:45:00,9174.434674653869,3,55
2017-04-13,9181.5,9182.3,9172.0,9172.6,13:50:00,9175.10756278207,3,56
2017-04-13,9177.7,9184.75,9175.3,9181.3,13:55:00,9175.354461564732,3,57
2017-04-13,9179.65,9180.1,9174.45,9177.45,14:00:00,9175.763560463329,3,58
2017-04-13,9180.85,9181.35,9175.2,9179.85,14:05:00,9176.247983276346,3,59
2017-04-13,9173.55,9182.25,9171.55,9181.1,14:10:00,9175.991032488122,3,60
2017-04-13,9177.95,9179.55,9173.45,9173.65,14:15:00,9176.177600822588,3,61
2017-04-13,9175.65,9178.0,9173.45,9178.0,14:20:00,9176.1273531252,3,62
2017-04-13,9164.1,9176.25,9163.4,9176.25,14:25:00,9174.9818909228,3,63
2017-04-13,9170.6,9171.25,9161.35,9165.1,14:30:00,9174.564567977772,3,64
2017-04-13,9166.45,9171.15,9165.35,9170.95,14:35:00,9173.791751979888,3,65
2017-04-13,9154.95,9167.2,9154.95,9167.2,14:40:00,9171.997299410375,3,66
2017-04-13,9158.9,9161.2,9153.45,9155.7,14:45:00,9170.749937561768,3,67
2017-04-13,9156.95,9160.75,9155.35,9159.1,14:50:00,9169.435657793982,3,68
2017-04-13,9155.15,9157.6,9153.65,9157.35,14:55:00,9168.07511895646,3,69
2017-04-13,9155.0,9155.95,9152.6,9155.95,15:00:00,9166.829869532035,3,70
2017-04-13,9153.4,9156.15,9153.2,9155.3,15:05:00,9165.550834338508,3,71
2017-04-13,9149.45,9153.9,9146.35,9153.9,15:10:00,9164.017421544364,3,72
2017-04-13,9146.0,9151.7,9144.95,9149.5,15:15:00,9162.301476635375,3,73
2017-04-13,9152.5,9153.9,9145.75,9146.45,15:20:00,9161.368002670102,3,74
2017-04-13,9148.4,9153.4,9147.05,9152.75,15:25:00,9160.132954796758,3,75
2017-04-17,9152.55,9160.0,9140.4,9144.05,09:15:00,9159.410768625638,0,1
2017-04-17,9150.55,9152.45,9144.75,9152.4,09:20:00,9158.566885899389,0,2
2017-04-17,9140.6,9150.7,9138.65,9150.4,09:25:00,9156.855753908969,0,3
2017-04-17,9122.35,9140.5,9121.95,9140.5,09:30:00,9153.569491631924,0,4
2017-04-17,9132.1,9133.2,9120.25,9122.3,09:35:00,9151.52477814317,0,5
2017-04-17,9131.4,9132.7,9122.6,9131.9,09:40:00,9149.608132605725,0,6
2017-04-17,9126.05,9131.15,9125.35,9131.15,09:45:00,9147.364500928988,0,7
2017-04-17,9132.25,9132.3,9121.8,9125.85,09:50:00,9145.925024650038,0,8
2017-04-17,9137.3,9137.6,9130.95,9132.6,09:55:00,9145.103593730988,0,9
2017-04-17,9134.3,9138.8,9132.55,9137.2,10:00:00,9144.074680042322,0,10
2017-04-17,9143.75,9146.15,9133.95,9133.95,10:05:00,9144.04375813353,0,11
2017-04-17,9141.1,9143.6,9135.95,9143.55,10:10:00,9143.763400216052,0,12
2017-04-17,9146.65,9147.1,9139.9,9140.7,10:15:00,9144.03831448119,0,13
2017-04-17,9145.1,9148.3,9144.0,9146.5,10:20:00,9144.139427387743,0,14
2017-04-17,9142.2,9146.1,9140.5,9145.0,10:25:00,9143.954720017482,0,15
2017-04-17,9138.85,9142.7,9138.3,9142.3,10:30:00,9143.468556206291,0,16
2017-04-17,9144.55,9146.2,9136.85,9138.95,10:35:00,9143.571550853312,0,17
2017-04-17,9146.3,9146.3,9143.15,9144.8,10:40:00,9143.831403152995,0,18
2017-04-17,9145.55,9148.25,9143.95,9146.05,10:45:00,9143.995079043189,0,19
2017-04-17,9149.75,9150.5,9144.0,9145.5,10:50:00,9144.54316675336,0,20
2017-04-17,9150.95,9152.85,9149.75,9149.95,10:55:00,9145.15334134828,0,21
2017-04-17,9155.4,9157.55,9150.8,9151.0,11:00:00,9146.129213600823,0,22
2017-04-17,9151.25,9158.25,9150.45,9155.25,11:05:00,9146.6169075436,0,23
2017-04-17,9149.35,9152.25,9146.45,9151.15,11:10:00,9146.87720206326,0,24
2017-04-17,9147.5,9150.25,9147.2,9149.5,11:15:00,9146.936516152473,0,25
2017-04-17,9148.1,9150.2,9146.8,9147.45,11:20:00,9147.047324137951,0,26
2017-04-17,9137.55,9148.35,9137.25,9147.8,11:25:00,9146.142817077194,0,27
2017-04-17,9139.6,9141.15,9137.5,9137.65,11:30:00,9145.519691641271,0,28
2017-04-17,9134.05,9140.75,9134.05,9139.3,11:35:00,9144.427340056389,0,29
2017-04-17,9137.2,9137.25,9131.85,9132.8,11:40:00,9143.739021955782,0,30
2017-04-17,9135.8,9139.45,9135.8,9137.15,11:45:00,9142.98292462666,0,31
2017-04-17,9134.6,9137.4,9134.6,9135.85,11:50:00,9142.184550852691,0,32
2017-04-17,9132.55,9135.6,9131.5,9134.85,11:55:00,9141.266974581007,0,33
2017-04-17,9134.5,9135.9,9132.1,9133.1,12:00:00,9140.622500811389,0,34
2017-04-17,9137.35,9137.55,9134.3,9135.2,12:05:00,9140.310834067448,0,35
2017-04-17,9135.35,9138.95,9135.35,9137.25,12:10:00,9139.838373680072,0,36
2017-04-17,9133.6,9136.7,9132.45,9135.25,12:15:00,9139.244242853398,0,37
2017-04-17,9137.25,9138.4,9132.45,9133.5,12:20:00,9139.0543149626,0,38
2017-04-17,9134.5,9137.95,9134.5,9137.2,12:25:00,9138.620570680449,0,39
2017-04-17,9134.45,9135.65,9131.55,9134.65,12:30:00,9138.223373472789,0,40
2017-04-17,9133.5,9135.2,9132.25,9134.6,12:35:00,9137.77352838014,0,41
2017-04-17,9134.8,9135.55,9133.25,9133.35,12:40:00,9137.49033520108,0,42
2017-04-17,9139.5,9139.5,9133.65,9134.95,12:45:00,9137.681731848596,0,43
2017-04-17,9145.5,9146.05,9139.1,9139.1,12:50:00,9138.426328815396,0,44
2017-04-17,9140.5,9145.45,9139.45,9145.25,12:55:00,9138.623821309167,0,45
2017-04-17,9140.8,9143.6,9139.15,9140.05,13:00:00,9138.83107642258,0,46
2017-04-17,9141.4,9143.3,9140.8,9141.0,13:05:00,9139.075735810906,0,47
2017-04-17,9138.35,9142.1,9135.5,9141.35,13:10:00,9139.00661811463,0,48
2017-04-17,9140.05,9141.05,9135.9,9138.0,13:15:00,9139.105987818,0,49
2017-04-17,9139.75,9140.6,9137.4,9140.35,13:20:00,9139.167322311523,0,50
2017-04-17,9137.2,9140.7,9136.4,9139.85,13:25:00,9138.979958281854,0,51
2017-04-17,9137.05,9137.5,9132.95,9137.0,13:30:00,9138.7961527312,0,52
2017-04-17,9138.55,9140.7,9133.4,9137.3,13:35:00,9138.772709613944,0,53
2017-04-17,9135.5,9141.1,9134.35,9139.1,13:40:00,9138.461022984044,0,54
2017-04-17,9135.5,9135.6,9130.95,9135.6,13:45:00,9138.179020795087,0,55
2017-04-17,9129.1,9135.75,9128.4,9135.35,13:50:00,9137.314352147936,0,56
2017-04-17,9134.85,9138.1,9126.75,9129.3,13:55:00,9137.079651943372,0,57
2017-04-17,9135.35,9142.25,9132.25,9134.65,14:00:00,9136.91492318686,0,58
2017-04-17,9136.1,9138.05,9130.7,9135.25,14:05:00,9136.837311454778,0,59
2017-04-17,9135.75,9139.35,9132.65,9139.35,14:10:00,9136.733757982896,0,60
2017-04-17,9135.8,9138.15,9133.6,9137.55,14:15:00,9136.644828651191,0,61
2017-04-17,9133.85,9138.05,9131.25,9138.05,14:20:00,9136.378654493936,0,62
2017-04-17,9125.9,9135.9,9125.4,9135.45,14:25:00,9135.380687399274,0,63
2017-04-17,9128.85,9129.25,9124.4,9128.4,14:30:00,9134.758717170773,0,64
2017-04-17,9136.7,9137.6,9127.4,9130.75,14:35:00,9134.943601249744,0,65
2017-04-17,9130.5,9138.65,9130.15,9138.45,14:40:00,9134.52040113072,0,66
2017-04-17,9133.9,9135.5,9130.6,9133.25,14:45:00,9134.461315308748,0,67
2017-04-17,9133.2,9136.3,9132.1,9136.3,14:50:00,9134.34119004125,0,68
2017-04-17,9139.25,9141.3,9132.6,9135.05,14:55:00,9134.808695751606,0,69
2017-04-17,9136.7,9141.5,9133.85,9141.5,15:00:00,9134.988819965738,0,70
2017-04-17,9137.9,9139.85,9134.4,9138.5,15:05:00,9135.266075207095,0,71
2017-04-17,9135.1,9139.15,9133.35,9138.25,15:10:00,9135.250258520706,0,72
2017-04-17,9140.75,9142.75,9132.3,9135.6,15:15:00,9135.774043423497,0,73
2017-04-17,9140.15,9143.9,9140.0,9141.5,15:20:00,9136.190801192686,0,74
2017-04-17,9139.55,9141.55,9137.35,9140.65,15:25:00,9136.51072488862,0,75
2017-04-18,9182.3,9182.3,9159.7,9162.3,09:15:00,9140.87160823256,1,1
2017-04-18,9182.3,9192.2,9181.1,9182.9,09:20:00,9144.81716935327,1,2
2017-04-18,9186.95,9188.45,9182.1,9182.35,09:25:00,9148.829819891054,1,3
2017-04-18,9209.3,9211.85,9187.1,9187.3,09:30:00,9154.588884663335,1,4
2017-04-18,9204.1,9215.35,9203.9,9209.7,09:35:00,9159.304228981113,1,5
2017-04-18,9209.15,9211.3,9202.5,9204.25,09:40:00,9164.051445268626,1,6
2017-04-18,9205.7,9209.8,9205.45,9209.0,09:45:00,9168.017974290662,1,7
2017-04-18,9204.6,9207.2,9202.2,9206.4,09:50:00,9171.501976739171,1,8
2017-04-18,9207.1,9207.25,9204.8,9204.8,09:55:00,9174.892264668775,1,9
2017-04-18,9213.0,9213.0,9207.0,9207.0,10:00:00,9178.521572795558,1,10
2017-04-18,9214.3,9217.9,9211.3,9213.25,10:05:00,9181.929042053123,1,11
2017-04-18,9213.4,9217.3,9212.55,9214.6,10:10:00,9184.926276143302,1,12
2017-04-18,9215.9,9216.05,9212.6,9213.65,10:15:00,9187.876154605843,1,13
2017-04-18,9212.6,9217.15,9212.3,9215.75,10:20:00,9190.230806548145,1,14
2017-04-18,9214.25,9214.7,9209.15,9212.45,10:25:00,9192.518348781654,1,15
2017-04-18,9215.25,9217.15,9213.7,9214.45,10:30:00,9194.683267945304,1,16
2017-04-18,9215.05,9217.65,9214.75,9215.3,10:35:00,9196.62295671242,1,17
2017-04-18,9214.4,9217.5,9213.6,9215.4,10:40:00,9198.316008454092,1,18
2017-04-18,9213.6,9215.3,9213.1,9214.45,10:45:00,9199.77162669656,1,19
2017-04-18,9214.9,9216.75,9213.4,9213.55,10:50:00,9201.212424154031,1,20
2017-04-18,9213.45,9215.35,9212.25,9214.85,10:55:00,9202.377907567934,1,21
2017-04-18,9210.1,9214.95,9208.45,9213.1,11:00:00,9203.113344942416,1,22
2017-04-18,9208.6,9210.65,9206.05,9210.25,11:05:00,9203.63588351933,1,23
2017-04-18,9210.85,9210.85,9207.55,9208.55,11:10:00,9204.322942231776,1,24
2017-04-18,9211.85,9213.6,9209.85,9210.8,11:15:00,9205.039804876367,1,25
2017-04-18,9212.1,9212.5,9208.85,9211.9,11:20:00,9205.712204411951,1,26
2017-04-18,9213.55,9213.85,9211.15,9211.95,11:25:00,9206.458661134624,1,27
2017-04-18,9213.2,9215.45,9209.65,9213.3,11:30:00,9207.100693407518,1,28
2017-04-18,9213.8,9214.05,9210.8,9213.05,11:35:00,9207.738722606802,1,29
2017-04-18,9211.55,9215.35,9211.55,9214.05,11:40:00,9208.101701406154,1,30
2017-04-18,9209.6,9211.9,9208.85,9211.3,11:45:00,9208.24439651033,1,31
2017-04-18,9206.55,9210.3,9204.0,9209.7,11:50:00,9208.083025414107,1,32
2017-04-18,9206.55,9207.85,9204.9,9206.2,11:55:00,9207.937022993716,1,33
2017-04-18,9207.9,9208.45,9204.75,9206.35,12:00:00,9207.933496994316,1,34
2017-04-18,9207.9,9208.95,9206.15,9207.8,12:05:00,9207.93030680438,1,35
2017-04-18,9209.3,9209.75,9207.0,9207.8,12:10:00,9208.060753775391,1,36
2017-04-18,9209.0,9210.45,9205.45,9209.45,12:15:00,9208.150205796785,1,37
2017-04-18,9208.85,9210.45,9208.15,9208.85,12:20:00,9208.216852863756,1,38
2017-04-18,9204.5,9209.0,9201.7,9209.0,12:25:00,9207.862866876732,1,39
2017-04-18,9202.65,9204.5,9202.3,9204.25,12:30:00,9207.366403364664,1,40
2017-04-18,9195.85,9203.8,9193.35,9202.4,12:35:00,9206.269603044218,1,41
2017-04-18,9196.4,9199.65,9194.75,9195.35,12:40:00,9205.329640849532,1,42
2017-04-18,9191.9,9196.25,9191.05,9196.05,12:45:00,9204.05062743529,1,43
2017-04-18,9193.55,9193.55,9189.65,9191.75,12:50:00,9203.05056767955,1,44
2017-04-18,9191.25,9195.7,9188.8,9193.5,12:55:00,9201.926704091022,1,45
2017-04-18,9189.75,9191.1,9187.45,9190.8,13:00:00,9200.767017987117,1,46
2017-04-18,9182.2,9190.15,9181.4,9189.6,13:05:00,9198.998730559772,1,47
2017-04-18,9177.65,9183.45,9174.95,9182.1,13:10:00,9196.965518125508,1,48
2017-04-18,9174.75,9179.55,9168.85,9177.6,13:15:00,9194.849754494506,1,49
2017-04-18,9168.3,9179.1,9167.9,9174.65,13:20:00,9192.32120644741,1,50
2017-04-18,9161.1,9168.95,9150.9,9168.95,13:25:00,9189.347758214324,1,51
2017-04-18,9173.15,9173.15,9157.8,9161.0,13:30:00,9187.805114574863,1,52
2017-04-18,9169.6,9174.5,9167.15,9172.25,13:35:00,9186.071294139165,1,53
2017-04-18,9167.0,9171.75,9164.9,9169.65,13:40:00,9184.254980411622,1,54
2017-04-18,9167.4,9172.75,9166.95,9167.3,13:45:00,9182.649744181945,1,55
2017-04-18,9165.5,9168.75,9159.8,9168.7,13:50:00,9181.016435212236,1,56
2017-04-18,9163.5,9168.95,9160.9,9166.0,13:55:00,9179.348203287262,1,57
2017-04-18,9167.65,9167.85,9162.45,9164.4,14:00:00,9178.234088688476,1,58
2017-04-18,9167.7,9168.3,9164.05,9167.95,14:05:00,9177.230842146717,1,59
2017-04-18,9170.45,9173.5,9165.7,9168.25,14:10:00,9176.585047656554,1,60
2017-04-18,9168.85,9175.2,9168.85,9171.3,14:15:00,9175.848376451167,1,61
2017-04-18,9168.8,9169.35,9166.6,9168.95,14:20:00,9175.177102503438,1,62
2017-04-18,9166.8,9168.65,9166.25,9168.65,14:25:00,9174.379283217397,1,63
2017-04-18,9154.4,9167.6,9154.4,9166.6,14:30:00,9172.476494339548,1,64
2017-04-18,9138.2,9154.5,9134.2,9154.5,14:35:00,9169.21206630721,1,65
2017-04-18,9121.1,9138.65,9121.1,9138.0,14:40:00,9164.629964754142,1,66
2017-04-18,9129.0,9131.85,9114.65,9121.2,14:45:00,9161.236634777557,1,67
2017-04-18,9121.7,9133.6,9118.55,9130.1,14:50:00,9157.471240989218,1,68
2017-04-18,9109.0,9123.7,9105.55,9121.6,14:55:00,9152.854932323578,1,69
2017-04-18,9110.75,9111.75,9102.1,9108.55,15:00:00,9148.84493876895,1,70
2017-04-18,9114.1,9117.25,9110.45,9111.0,15:05:00,9145.535896981432,1,71
2017-04-18,9107.5,9114.15,9101.95,9113.6,15:10:00,9141.913430602248,1,72
2017-04-18,9106.55,9110.4,9101.6,9107.25,15:15:00,9138.545484830604,1,73
2017-04-18,9102.5,9106.15,9095.45,9106.15,15:20:00,9135.112581513404,1,74
2017-04-18,9100.25,9104.55,9098.95,9102.25,15:25:00,9131.792335654984,1,75
2017-04-19,9114.8,9115.05,9094.75,9107.7,09:15:00,9130.174017973555,2,1
2017-04-19,9097.95,9120.5,9095.45,9115.1,09:20:00,9127.105063880836,2,2
2017-04-19,9090.9,9098.55,9087.05,9098.0,09:25:00,9123.656962558853,2,3
2017-04-19,9108.35,9109.75,9090.5,9090.55,09:30:00,9122.199156600867,2,4
2017-04-19,9104.35,9112.95,9102.2,9108.65,09:35:00,9120.499236924596,2,5
2017-04-19,9104.15,9112.5,9103.0,9104.3,09:40:00,9118.9421667413,2,6
2017-04-19,9095.75,9106.35,9095.1,9104.2,09:45:00,9116.733388956414,2,7
2017-04-19,9081.9,9095.7,9079.5,9095.7,09:50:00,9113.41592334152,2,8
2017-04-19,9089.8,9090.0,9081.8,9082.15,09:55:00,9111.166787785183,2,9
2017-04-19,9095.25,9098.6,9087.2,9089.9,10:00:00,9109.650903234216,2,10
2017-04-19,9102.65,9102.65,9091.1,9095.05,10:05:00,9108.98415054524,2,11
2017-04-19,9104.4,9107.5,9101.9,9102.55,10:10:00,9108.547564779028,2,12
2017-04-19,9105.3,9107.7,9097.95,9104.75,10:15:00,9108.23827289531,2,13
2017-04-19,9105.25,9107.75,9100.8,9104.5,10:20:00,9107.953675476709,2,14
2017-04-19,9106.7,9108.4,9103.1,9104.9,10:25:00,9107.83427781226,2,15
2017-04-19,9104.1,9108.3,9103.7,9107.3,10:30:00,9107.478632306327,2,16
2017-04-19,9109.25,9109.85,9103.95,9103.95,10:35:00,9107.64733399144,2,17
2017-04-19,9100.85,9109.45,9100.85,9109.45,10:40:00,9106.999968849395,2,18
2017-04-19,9101.75,9103.45,9098.6,9101.15,10:45:00,9106.499971816122,2,19
2017-04-19,9106.9,9108.3,9101.4,9101.7,10:50:00,9106.538069738395,2,20
2017-04-19,9113.55,9115.15,9106.85,9107.05,10:55:00,9107.205872620456,2,21
2017-04-19,9109.2,9113.85,9107.65,9113.4,11:00:00,9107.395789513745,2,22
2017-04-19,9109.8,9110.65,9105.25,9109.35,11:05:00,9107.624761941008,2,23
2017-04-19,9111.4,9112.35,9108.2,9109.45,11:10:00,9107.984308422816,2,24
2017-04-19,9109.75,9112.85,9109.5,9111.2,11:15:00,9108.152469525405,2,25
2017-04-19,9103.6,9113.05,9103.55,9109.6,11:20:00,9107.718900999176,2,26
2017-04-19,9093.35,9102.95,9092.95,9102.95,11:25:00,9106.350434237347,2,27
2017-04-19,9088.9,9093.8,9088.55,9093.3,11:30:00,9104.688488119507,2,28
2017-04-19,9095.15,9096.55,9088.8,9089.0,11:35:00,9103.780060679555,2,29
2017-04-19,9093.65,9095.1,9092.05,9095.05,11:40:00,9102.815292995789,2,30
2017-04-19,9086.8,9093.95,9086.05,9093.6,11:45:00,9101.290026996188,2,31
2017-04-19,9093.05,9095.0,9082.8,9087.2,11:50:00,9100.50526252036,2,32
2017-04-19,9093.35,9094.55,9090.8,9092.95,11:55:00,9099.823808946992,2,33
2017-04-19,9096.55,9097.8,9092.85,9093.7,12:00:00,9099.512017618708,2,34
2017-04-19,9091.9,9097.55,9091.8,9097.0,12:05:00,9098.787063559785,2,35
2017-04-19,9095.15,9096.0,9090.95,9092.2,12:10:00,9098.44067655409,2,36
2017-04-19,9098.05,9099.3,9095.1,9095.25,12:15:00,9098.403469263225,2,37
2017-04-19,9093.9,9099.05,9093.9,9098.3,12:20:00,9097.974567428631,2,38
2017-04-19,9093.8,9094.7,9090.05,9094.3,12:25:00,9097.576989578289,2,39
2017-04-19,9097.1,9097.6,9093.05,9094.05,12:30:00,9097.531561999403,2,40
2017-04-19,9103.25,9108.3,9094.9,9097.55,12:35:00,9098.076175142318,2,41
2017-04-19,9103.2,9104.75,9100.0,9103.6,12:40:00,9098.564158462095,2,42
2017-04-19,9097.9,9103.4,9097.85,9103.15,12:45:00,9098.500905275232,2,43
2017-04-19,9095.45,9099.85,9095.05,9098.25,12:50:00,9098.210342868068,2,44
2017-04-19,9097.85,9099.2,9095.4,9095.65,12:55:00,9098.17602449968,2,45
2017-04-19,9088.2,9097.95,9088.2,9097.55,13:00:00,9097.225926928282,2,46
2017-04-19,9091.85,9093.5,9086.6,9087.7,13:05:00,9096.713933887491,2,47
2017-04-19,9095.15,9095.9,9089.85,9091.8,13:10:00,9096.56498780297,2,48
2017-04-19,9093.55,9095.1,9092.8,9095.1,13:15:00,9096.277846107449,2,49
2017-04-19,9097.35,9098.9,9090.5,9093.45,13:20:00,9096.379956001976,2,50
2017-04-19,9096.1,9098.35,9093.8,9097.3,13:25:00,9096.353293525595,2,51
2017-04-19,9095.7,9096.2,9093.6,9095.55,13:30:00,9096.291075094588,2,52
2017-04-19,9100.85,9101.2,9094.6,9095.5,13:35:00,9096.725258418914,2,53
2017-04-19,9098.9,9101.3,9096.45,9100.95,13:40:00,9096.93237666473,2,54
2017-04-19,9093.75,9099.05,9093.7,9098.65,13:45:00,9096.629293172851,2,55
2017-04-19,9096.95,9100.45,9092.6,9093.35,13:50:00,9096.6598366802,2,56
2017-04-19,9101.05,9103.95,9096.9,9097.0,13:55:00,9097.07794747256,2,57
2017-04-19,9095.55,9106.25,9095.55,9102.4,14:00:00,9096.93242866565,2,58
2017-04-19,9092.4,9100.7,9090.85,9095.6,14:05:00,9096.500768792732,2,59
2017-04-19,9094.45,9098.35,9087.75,9092.85,14:10:00,9096.30545747914,2,60
2017-04-19,9094.55,9095.55,9090.3,9095.25,14:15:00,9096.138271052554,2,61
2017-04-19,9098.65,9104.8,9094.6,9095.9,14:20:00,9096.377483333265,2,62
2017-04-19,9098.8,9100.95,9095.1,9099.65,14:25:00,9096.608199206285,2,63
2017-04-19,9096.1,9101.35,9096.1,9099.05,14:30:00,9096.559799281877,2,64
2017-04-19,9086.05,9096.05,9085.5,9095.95,14:35:00,9095.558866016936,2,65
2017-04-19,9080.3,9087.75,9075.15,9085.25,14:40:00,9094.10564068199,2,66
2017-04-19,9086.0,9088.25,9078.0,9080.2,14:45:00,9093.333674902751,2,67
2017-04-19,9095.65,9098.1,9085.05,9085.8,14:50:00,9093.554277292968,2,68
2017-04-19,9095.35,9096.8,9091.1,9095.5,14:55:00,9093.72529850316,2,69
2017-04-19,9090.3,9095.65,9086.85,9095.2,15:00:00,9093.3990795981,2,70
2017-04-19,9095.6,9096.1,9090.2,9090.8,15:05:00,9093.608691064946,2,71
2017-04-19,9099.65,9100.85,9095.8,9095.8,15:10:00,9094.184053820663,2,72
2017-04-19,9103.7,9105.65,9100.0,9100.5,15:15:00,9095.090334409171,2,73
2017-04-19,9114.15,9115.15,9103.15,9103.6,15:20:00,9096.905540655918,2,74
2017-04-19,9113.1,9117.1,9113.0,9114.35,15:25:00,9098.44787011726,2,75
2017-04-20,9122.55,9126.5,9102.65,9102.65,09:15:00,9100.743311058472,3,1
2017-04-20,9121.35,9126.0,9118.15,9122.35,09:20:00,9102.705852862427,3,2
2017-04-20,9121.25,9124.55,9115.75,9121.0,09:25:00,9104.471962113625,3,3
2017-04-20,9110.2,9121.65,9109.35,9121.15,09:30:00,9105.017489531374,3,4
2017-04-20,9119.35,9122.75,9109.65,9110.65,09:35:00,9106.382490528384,3,5
2017-04-20,9115.3,9120.5,9114.4,9119.55,09:40:00,9107.23177714473,3,6
2017-04-20,9113.95,9117.35,9108.6,9115.1,09:45:00,9107.871607892852,3,7
2017-04-20,9114.1,9117.7,9111.65,9113.65,09:50:00,9108.464788093532,3,8
2017-04-20,9116.25,9117.9,9113.2,9114.15,09:55:00,9109.206236846529,3,9
2017-04-20,9114.95,9119.0,9109.0,9116.5,10:00:00,9109.753261908763,3,10
2017-04-20,9112.75,9115.0,9107.05,9115.0,10:05:00,9110.038665536502,3,11
2017-04-20,9112.6,9114.0,9108.25,9112.5,10:10:00,9110.282602152074,3,12
2017-04-20,9110.25,9113.5,9108.55,9112.7,10:15:00,9110.279497185207,3,13
2017-04-20,9112.25,9112.45,9108.35,9110.4,10:20:00,9110.467164119951,3,14
2017-04-20,9114.45,9117.15,9111.4,9112.0,10:25:00,9110.846481822811,3,15
2017-04-20,9116.25,9116.95,9111.8,9114.75,10:30:00,9111.361102601591,3,16
2017-04-20,9121.3,9121.85,9115.35,9116.5,10:35:00,9112.307664258584,3,17
2017-04-20,9129.2,9130.1,9121.05,9121.5,10:40:00,9113.91645813872,3,18
2017-04-20,9133.25,9135.95,9128.0,9129.3,10:45:00,9115.757747839794,3,19
2017-04-20,9127.35,9135.1,9126.5,9133.3,10:50:00,9116.861771855052,3,20
2017-04-20,9127.75,9130.45,9126.85,9127.4,10:55:00,9117.898745964094,3,21
2017-04-20,9130.2,9130.35,9127.0,9128.0,11:00:00,9119.070293967514,3,22
2017-04-20,9130.95,9132.5,9129.0,9130.45,11:05:00,9120.201694542036,3,23
2017-04-20,9128.55,9130.8,9127.3,9130.75,11:10:00,9120.99677125232,3,24
2017-04-20,9133.1,9133.6,9128.1,9128.35,11:15:00,9122.14945970448,3,25
2017-04-20,9129.25,9133.35,9129.2,9132.95,11:20:00,9122.825701637388,3,26
2017-04-20,9127.7,9130.05,9123.95,9129.55,11:25:00,9123.289920529063,3,27
2017-04-20,9130.95,9131.15,9126.85,9127.8,11:30:00,9124.01945190725,3,28
2017-04-20,9130.5,9132.35,9128.9,9130.45,11:35:00,9124.636646963703,3,29
2017-04-20,9129.95,9130.95,9128.8,9130.4,11:40:00,9125.142680586208,3,30
2017-04-20,9136.2,9137.1,9129.55,9129.8,11:45:00,9126.195758625618,3,31
2017-04-20,9132.4,9137.25,9130.85,9136.7,11:50:00,9126.786638756512,3,32
2017-04-20,9130.25,9133.85,9130.25,9132.35,11:55:00,9127.116482684463,3,33
2017-04-20,9135.35,9136.25,9130.35,9130.45,12:00:00,9127.900627190704,3,34
2017-04-20,9141.65,9143.9,9134.2,9135.5,12:05:00,9129.21009126778,3,35
2017-04-20,9136.7,9141.85,9135.6,9141.45,12:10:00,9129.923415908945,3,36
2017-04-20,9135.85,9137.15,9131.85,9136.9,12:15:00,9130.487852489045,3,37
2017-04-20,9129.15,9135.9,9128.3,9135.8,12:20:00,9130.36043796628,3,38
2017-04-20,9131.55,9132.4,9127.85,9129.4,12:25:00,9130.473729588535,3,39
2017-04-20,9123.95,9132.4,9122.65,9131.7,12:30:00,9129.852422008677,3,40
2017-04-20,9127.9,9130.45,9122.85,9123.75,12:35:00,9129.66647705547,3,41
2017-04-20,9130.8,9131.45,9127.7,9127.75,12:40:00,9129.774431621618,3,42
2017-04-20,9132.1,9133.6,9127.45,9130.65,12:45:00,9129.99591432432,3,43
2017-04-20,9131.85,9135.5,9131.6,9132.6,12:50:00,9130.172493912482,3,44
2017-04-20,9126.15,9133.1,9126.15,9131.8,12:55:00,9129.78939925415,3,45
2017-04-20,9128.15,9131.05,9125.5,9125.6,13:00:00,9129.633265991852,3,46
2017-04-20,9129.5,9130.35,9126.25,9128.1,13:05:00,9129.620573992628,3,47
2017-04-20,9127.1,9130.5,9126.15,9129.6,13:10:00,9129.380519326663,3,48
2017-04-20,9125.3,9128.6,9124.45,9127.35,13:15:00,9128.991898438411,3,49
2017-04-20,9120.6,9125.85,9120.15,9125.1,13:20:00,9128.192670015706,3,50
2017-04-20,9119.0,9123.35,9118.95,9120.65,13:25:00,9127.317177633258,3,51
2017-04-20,9114.35,9119.5,9114.35,9119.3,13:30:00,9126.082208334852,3,52
2017-04-20,9118.1,9120.0,9114.55,9114.55,13:35:00,9125.321998017247,3,53
2017-04-20,9118.55,9122.75,9118.05,9118.95,13:40:00,9124.677045825129,3,54
2017-04-20,9115.55,9119.2,9115.05,9118.6,13:45:00,9123.807803365591,3,55
2017-04-20,9119.6,9120.0,9114.9,9115.4,13:50:00,9123.407060187916,3,56
2017-04-20,9117.2,9120.0,9117.1,9119.55,13:55:00,9122.815911598587,3,57
2017-04-20,9119.2,9120.2,9114.15,9117.3,14:00:00,9122.471539065393,3,58
2017-04-20,9122.9,9124.65,9118.55,9120.05,14:05:00,9122.512344868688,3,59
2017-04-20,9126.9,9132.0,9120.2,9124.15,14:10:00,9122.930216785957,3,60
2017-04-20,9125.25,9129.9,9123.75,9128.1,14:15:00,9123.151148520628,3,61
2017-04-20,9123.9,9130.0,9123.75,9126.75,14:20:00,9123.22246770914,3,62
2017-04-20,9121.55,9126.45,9120.55,9125.85,14:25:00,9123.063185070174,3,63
2017-04-20,9119.65,9123.75,9119.0,9123.5,14:30:00,9122.738119825395,3,64
2017-04-20,9118.95,9122.15,9118.15,9121.2,14:35:00,9122.37734650869,3,65
2017-04-20,9112.25,9120.75,9112.25,9120.75,14:40:00,9121.412837317388,3,66
2017-04-20,9118.65,9121.0,9112.25,9114.6,14:45:00,9121.149709953828,3,67
2017-04-20,9118.7,9122.25,9117.1,9120.3,14:50:00,9120.91640424394,3,68
2017-04-20,9121.75,9127.3,9119.35,9120.85,14:55:00,9120.995794315946,3,69
2017-04-20,9129.25,9132.1,9122.15,9123.0,15:00:00,9121.781909143,3,70
2017-04-20,9133.0,9134.8,9127.55,9130.2,15:05:00,9122.850298748426,3,71
2017-04-20,9141.05,9142.85,9133.6,9134.65,15:10:00,9124.58360362953,3,72
2017-04-20,9138.5,9143.45,9138.4,9141.3,15:15:00,9125.908974712433,3,73
2017-04-20,9138.2,9141.95,9137.9,9139.15,15:20:00,9127.079548549344,3,74
2017-04-20,9136.45,9139.0,9134.15,9139.0,15:25:00,9127.971972497024,3,75
2017-04-21,9168.45,9183.65,9167.45,9167.45,09:15:00,9131.827022735404,4,1
2017-04-21,9159.9,9171.55,9157.1,9168.35,09:20:00,9134.500639617749,4,2
2017-04-21,9162.85,9166.95,9159.35,9160.05,09:25:00,9137.200578701772,4,3
2017-04-21,9152.1,9163.15,9148.8,9163.0,09:30:00,9138.619571206364,4,4
2017-04-21,9158.35,9161.95,9151.65,9151.7,09:35:00,9140.498659662902,4,5
2017-04-21,9155.65,9159.25,9151.95,9158.5,09:40:00,9141.941644456912,4,6
2017-04-21,9158.6,9158.6,9150.6,9155.4,09:45:00,9143.528154508636,4,7
2017-04-21,9159.7,9161.4,9155.05,9158.8,09:50:00,9145.068330269718,4,8
2017-04-21,9161.2,9162.75,9159.9,9159.95,09:55:00,9146.60467976784,4,9
2017-04-21,9161.2,9162.65,9157.6,9161.3,10:00:00,9147.994710266144,4,10
2017-04-21,9158.6,9162.35,9158.25,9161.25,10:05:00,9149.004737859845,4,11
2017-04-21,9154.95,9158.9,9154.4,9158.3,10:10:00,9149.570953301762,4,12
2017-04-21,9155.8,9157.3,9154.35,9154.8,10:15:00,9150.16419584445,4,13
2017-04-21,9153.35,9156.95,9151.4,9155.9,10:20:00,9150.467605764026,4,14
2017-04-21,9151.15,9153.6,9147.25,9153.6,10:25:00,9150.532595691262,4,15
2017-04-21,9152.35,9154.05,9150.75,9151.25,10:30:00,9150.705681815904,4,16
2017-04-21,9153.15,9155.2,9151.5,9151.9,10:35:00,9150.938474023911,4,17
2017-04-21,9152.1,9154.75,9151.9,9153.3,10:40:00,9151.049095545444,4,18
2017-04-21,9152.8,9154.45,9151.45,9152.2,10:45:00,9151.21584835064,4,19
2017-04-21,9155.75,9156.95,9151.8,9152.9,10:50:00,9151.647672317244,4,20
2017-04-21,9156.85,9157.6,9154.55,9155.6,10:55:00,9152.143132096557,4,21
2017-04-21,9155.6,9157.15,9153.95,9157.1,11:00:00,9152.47235761117,4,22
2017-04-21,9158.15,9159.8,9155.15,9155.5,11:05:00,9153.013085457726,4,23
2017-04-21,9160.05,9160.6,9157.4,9158.25,11:10:00,9153.683267795084,4,24
2017-04-21,9158.5,9160.95,9158.35,9159.9,11:15:00,9154.142004195552,4,25
2017-04-21,9159.3,9160.95,9158.0,9158.3,11:20:00,9154.633241891212,4,26
2017-04-21,9158.75,9160.05,9157.35,9159.5,11:25:00,9155.02531409205,4,27
2017-04-21,9157.25,9159.7,9155.75,9158.85,11:30:00,9155.237188940428,4,28
2017-04-21,9157.9,9158.25,9155.15,9157.15,11:35:00,9155.49078999372,4,29
2017-04-21,9157.6,9158.1,9155.95,9157.65,11:40:00,9155.691667137176,4,30
2017-04-21,9158.9,9159.7,9156.95,9157.65,11:45:00,9155.99722264792,4,31
2017-04-21,9157.15,9159.25,9156.75,9158.95,11:50:00,9156.107010967164,4,32
2017-04-21,9152.0,9158.15,9150.8,9157.1,11:55:00,9155.715867065532,4,33
2017-04-21,9151.0,9151.95,9143.05,9151.65,12:00:00,9155.266736868814,4,34
2017-04-21,9150.95,9151.2,9148.45,9151.2,12:05:00,9154.855619071785,4,35
2017-04-21,9148.4,9150.9,9145.6,9150.9,12:10:00,9154.240798207804,4,36
2017-04-21,9142.3,9149.25,9140.4,9148.45,12:15:00,9153.10357933087,4,37
2017-04-21,9146.3,9148.85,9140.7,9141.95,12:20:00,9152.455619394595,4,38
2017-04-21,9144.45,9147.8,9143.2,9146.05,12:25:00,9151.693179452255,4,39
2017-04-21,9147.6,9149.2,9144.25,9144.55,12:30:00,9151.303352837756,4,40
2017-04-21,9147.8,9150.45,9147.25,9147.55,12:35:00,9150.969700186542,4,41
2017-04-21,9142.55,9149.35,9141.95,9147.9,12:40:00,9150.1678239783,4,42
2017-04-21,9143.8,9144.6,9140.7,9142.9,12:45:00,9149.561364551795,4,43
2017-04-21,9124.35,9143.75,9123.05,9143.4,12:50:00,9147.16028221353,4,44
2017-04-21,9115.7,9123.9,9109.2,9123.75,12:55:00,9144.16406485986,4,45
2017-04-21,9117.65,9117.9,9110.8,9115.4,13:00:00,9141.638915825588,4,46
2017-04-21,9118.95,9119.35,9112.5,9117.9,13:05:00,9139.47806669934,4,47
2017-04-21,9105.8,9119.55,9104.65,9118.8,13:10:00,9136.270631775596,4,48
2017-04-21,9106.05,9107.05,9093.3,9107.05,13:15:00,9133.392476368395,4,49
2017-04-21,9108.8,9109.9,9102.7,9106.85,13:20:00,9131.050335761882,4,50
2017-04-21,9105.4,9110.2,9102.1,9109.4,13:25:00,9128.6074466417,4,51
2017-04-21,9113.15,9113.3,9104.75,9105.3,13:30:00,9127.1353088663,4,52
2017-04-21,9113.35,9115.45,9110.45,9112.95,13:35:00,9125.822422307603,4,53
2017-04-21,9115.85,9116.1,9105.1,9113.8,13:40:00,9124.872667802116,4,54
2017-04-21,9107.7,9117.25,9107.7,9115.6,13:45:00,9123.237175630486,4,55
2017-04-21,9104.35,9111.7,9103.9,9106.45,13:50:00,9121.438396999012,4,56
2017-04-21,9092.9,9105.8,9088.75,9103.95,13:55:00,9118.720454427676,4,57
2017-04-21,9100.75,9102.1,9090.35,9093.15,14:00:00,9117.008982577425,4,58
2017-04-21,9104.55,9107.65,9098.65,9100.45,14:05:00,9115.822412808146,4,59
2017-04-21,9097.4,9106.75,9096.4,9104.45,14:10:00,9114.067897302608,4,60
2017-04-21,9098.25,9098.85,9093.15,9097.55,14:15:00,9112.561430892836,4,61
2017-04-21,9106.8,9107.0,9097.35,9098.6,14:20:00,9112.012723188756,4,62
2017-04-21,9106.35,9107.75,9104.7,9106.75,14:25:00,9111.473416218398,4,63
2017-04-21,9109.8,9110.95,9099.3,9107.0,14:30:00,9111.314043245218,4,64
2017-04-21,9115.75,9115.8,9108.05,9109.95,14:35:00,9111.7365153171,4,65
2017-04-21,9114.15,9116.5,9112.45,9115.9,14:40:00,9111.966371001186,4,66
2017-04-21,9116.45,9117.45,9108.05,9114.25,14:45:00,9112.393383286788,4,67
2017-04-21,9117.65,9121.45,9116.35,9117.05,14:50:00,9112.894013449952,4,68
2017-04-21,9125.3,9126.5,9117.4,9117.8,14:55:00,9114.075535978527,4,69
2017-04-21,9118.75,9125.25,9115.7,9125.25,15:00:00,9114.520723028194,4,70
2017-04-21,9120.2,9121.6,9113.95,9118.8,15:05:00,9115.06160654932,4,71
2017-04-21,9118.05,9120.45,9117.5,9120.45,15:10:00,9115.346215449385,4,72
2017-04-21,9122.9,9123.4,9114.7,9118.15,15:15:00,9116.065623501823,4,73
2017-04-21,9122.0,9124.15,9120.7,9122.8,15:20:00,9116.630802215936,4,74
2017-04-21,9120.25,9123.8,9116.95,9121.85,15:25:00,9116.975487719184,4,75
2017-04-24,9149.75,9150.45,9130.55,9131.1,09:15:00,9120.096869841163,0,1
2017-04-24,9148.3,9155.65,9146.8,9150.7,09:20:00,9122.782882237245,0,2
2017-04-24,9151.4,9152.5,9144.05,9148.9,09:25:00,9125.508322024172,0,3
2017-04-24,9158.8,9159.55,9150.55,9151.5,09:30:00,9128.67895802187,0,4
2017-04-24,9158.95,9159.9,9155.9,9158.45,09:35:00,9131.56191440074,0,5
2017-04-24,9150.1,9159.9,9149.8,9158.75,09:40:00,9133.327446362577,0,6
2017-04-24,9150.55,9150.75,9143.5,9149.85,09:45:00,9134.96768956614,0,7
2017-04-24,9154.8,9154.8,9148.5,9150.8,09:50:00,9136.856481036031,0,8
2017-04-24,9157.9,9157.9,9152.25,9154.55,09:55:00,9138.860625699266,0,9
2017-04-24,9161.2,9167.15,9158.1,9158.1,10:00:00,9140.98818515648,0,10
2017-04-24,9159.2,9161.45,9157.75,9161.3,10:05:00,9142.722643713005,0,11
2017-04-24,9162.5,9165.0,9159.1,9159.15,10:10:00,9144.606201454622,0,12
2017-04-24,9160.65,9163.0,9158.85,9162.4,10:15:00,9146.134182268466,0,13
2017-04-24,9162.05,9164.2,9159.25,9161.5,10:20:00,9147.649974433374,0,14
2017-04-24,9157.2,9162.15,9155.45,9161.95,10:25:00,9148.559500677817,0,15
2017-04-24,9157.9,9159.6,9153.8,9157.3,10:30:00,9149.449072041833,0,16
2017-04-24,9162.1,9163.6,9157.05,9158.05,10:35:00,9150.653922323563,0,17
2017-04-24,9164.2,9165.7,9160.9,9162.2,10:40:00,9151.944024959414,0,18
2017-04-24,9161.8,9166.95,9161.5,9164.35,10:45:00,9152.882689248992,0,19
2017-04-24,9163.1,9163.9,9161.5,9161.85,10:50:00,9153.855766463374,0,20
2017-04-24,9163.1,9164.55,9161.95,9162.8,10:55:00,9154.736169657335,0,21
2017-04-24,9164.45,9165.35,9163.15,9163.15,11:00:00,9155.661296356637,0,22
2017-04-24,9165.2,9166.4,9164.3,9164.35,11:05:00,9156.56974432267,0,23
2017-04-24,9165.65,9166.5,9163.8,9165.3,11:10:00,9157.434530577651,0,24
2017-04-24,9162.95,9167.6,9159.45,9165.8,11:15:00,9157.95981337978,0,25
2017-04-24,9160.85,9163.5,9158.65,9163.0,11:20:00,9158.235069248374,0,26
2017-04-24,9157.65,9161.95,9157.35,9161.55,11:25:00,9158.179348367576,0,27
2017-04-24,9162.25,9163.05,9157.4,9157.9,11:30:00,9158.567029475424,0,28
2017-04-24,9164.65,9168.3,9160.55,9162.2,11:35:00,9159.146360001576,0,29
2017-04-24,9170.65,9174.95,9164.5,9165.05,11:40:00,9160.241944763333,0,30
2017-04-24,9173.7,9174.1,9170.35,9170.9,11:45:00,9161.52366430968,0,31
2017-04-24,9175.05,9177.3,9172.05,9173.8,11:50:00,9162.811886756375,0,32
2017-04-24,9176.05,9179.35,9173.85,9175.7,11:55:00,9164.072659446245,0,33
2017-04-24,9179.1,9180.4,9174.9,9176.45,12:00:00,9165.503834737076,0,34
2017-04-24,9179.55,9181.85,9178.25,9179.2,12:05:00,9166.84156476212,0,35
2017-04-24,9175.0,9180.7,9174.35,9179.4,12:10:00,9167.618558594297,0,36
2017-04-24,9178.95,9179.5,9174.1,9175.5,12:15:00,9168.697743490076,0,37
2017-04-24,9185.1,9185.6,9177.7,9178.9,12:20:00,9170.259863157688,0,38
2017-04-24,9186.2,9187.3,9182.9,9185.0,12:25:00,9171.777971428384,0,39
2017-04-24,9193.4,9194.15,9186.05,9186.6,12:30:00,9173.837212244727,0,40
2017-04-24,9193.45,9196.65,9191.65,9194.05,12:35:00,9175.70509679285,0,41
2017-04-24,9197.7,9198.5,9193.15,9194.05,12:40:00,9177.799849479246,0,42
2017-04-24,9198.1,9200.9,9197.2,9197.85,12:45:00,9179.733197147889,0,43
2017-04-24,9195.6,9198.15,9192.95,9197.9,12:50:00,9181.244321229042,0,44
2017-04-24,9193.65,9196.35,9190.85,9195.3,12:55:00,9182.425814445323,0,45
2017-04-24,9192.75,9194.4,9191.6,9193.6,13:00:00,9183.409070212436,0,46
2017-04-24,9194.15,9196.25,9192.85,9193.55,13:05:00,9184.43201590649,0,47
2017-04-24,9199.4,9199.4,9193.6,9194.25,13:10:00,9185.85753820111,0,48
2017-04-24,9203.1,9208.0,9199.25,9199.25,13:15:00,9187.499677420052,0,49
2017-04-24,9206.65,9207.0,9202.0,9202.95,13:20:00,9189.323517665762,0,50
2017-04-24,9207.6,9208.2,9204.7,9206.6,13:25:00,9191.064135030929,0,51
2017-04-24,9211.0,9212.45,9207.2,9207.4,13:30:00,9192.962788837503,0,52
2017-04-24,9213.85,9215.95,9210.75,9210.75,13:35:00,9194.952047043456,0,53
2017-04-24,9213.8,9214.65,9209.4,9214.05,13:40:00,9196.747090182174,0,54
2017-04-24,9215.9,9216.7,9211.25,9213.45,13:45:00,9198.571176831492,0,55
2017-04-24,9214.35,9218.55,9213.25,9215.4,13:50:00,9200.073921895158,0,56
2017-04-24,9211.0,9214.8,9210.95,9214.05,13:55:00,9201.114500762287,0,57
2017-04-24,9212.05,9212.35,9207.55,9210.5,14:00:00,9202.155976880164,0,58
2017-04-24,9213.15,9214.45,9210.3,9212.25,14:05:00,9203.203026701103,0,59
2017-04-24,9215.2,9215.95,9212.25,9213.25,14:10:00,9204.345595586712,0,60
2017-04-24,9216.4,9217.75,9213.6,9215.4,14:15:00,9205.493634102264,0,61
2017-04-24,9220.65,9225.4,9216.55,9216.55,14:20:00,9206.937097521097,0,62
2017-04-24,9203.6,9221.25,9201.65,9220.55,14:25:00,9206.619278709562,0,63
2017-04-24,9205.4,9208.15,9199.25,9203.25,14:30:00,9206.5031569277,0,64
2017-04-24,9209.75,9214.65,9205.15,9205.8,14:35:00,9206.812380077445,0,65
2017-04-24,9212.9,9213.8,9207.45,9209.05,14:40:00,9207.3921534034,0,66
2017-04-24,9210.3,9214.9,9209.55,9212.65,14:45:00,9207.669091174505,0,67
2017-04-24,9208.85,9210.6,9206.95,9210.6,14:50:00,9207.781558681694,0,68
2017-04-24,9210.45,9210.7,9207.45,9208.7,14:55:00,9208.035695950104,0,69
2017-04-24,9218.2,9219.1,9210.3,9210.7,15:00:00,9209.003724907236,0,70
2017-04-24,9220.1,9220.55,9217.45,9218.25,15:05:00,9210.060513011307,0,71
2017-04-24,9219.55,9220.75,9217.05,9220.2,15:10:00,9210.964273676898,0,72
2017-04-24,9216.1,9224.8,9214.55,9219.4,15:15:00,9211.453390469576,0,73
2017-04-24,9216.85,9219.1,9214.2,9214.2,15:20:00,9211.967353281996,0,74
2017-04-24,9215.95,9218.2,9213.35,9216.45,15:25:00,9212.346652969423,0,75
2017-04-25,9261.0,9278.05,9257.55,9272.15,09:15:00,9216.980305067576,1,1
2017-04-25,9265.15,9265.4,9256.55,9261.15,09:20:00,9221.567895061138,1,2
2017-04-25,9256.95,9266.2,9256.85,9265.65,09:25:00,9224.93761934103,1,3
2017-04-25,9252.25,9257.45,9251.05,9256.85,09:30:00,9227.538798451407,1,4
2017-04-25,9255.85,9258.2,9250.35,9251.45,09:35:00,9230.235103360796,1,5
2017-04-25,9260.65,9262.9,9255.5,9255.6,09:40:00,9233.13176018358,1,6
2017-04-25,9264.7,9264.85,9255.95,9259.5,09:45:00,9236.138259213716,1,7
2017-04-25,9262.75,9267.8,9262.75,9264.55,09:50:00,9238.672710717172,1,8
2017-04-25,9257.9,9263.45,9254.6,9262.9,09:55:00,9240.503881125062,1,9
2017-04-25,9258.05,9261.8,9255.85,9257.8,10:00:00,9242.174940065532,1,10
2017-04-25,9259.95,9262.9,9257.9,9258.0,10:05:00,9243.867802916431,1,11
2017-04-25,9259.45,9263.5,9259.35,9260.15,10:10:00,9245.351821686298,1,12
2017-04-25,9259.9,9261.0,9257.8,9259.5,10:15:00,9246.73736247808,1,13
2017-04-25,9262.15,9262.35,9258.8,9260.05,10:20:00,9248.205232718265,1,14
2017-04-25,9258.05,9261.85,9256.35,9261.8,10:25:00,9249.14282960224,1,15
2017-04-25,9263.35,9263.45,9256.75,9258.2,10:30:00,9250.495893449644,1,16
2017-04-25,9264.0,9264.65,9262.1,9263.3,10:35:00,9251.781998835391,1,17
2017-04-25,9263.35,9265.75,9263.1,9264.2,10:40:00,9252.88371323202,1,18
2017-04-25,9261.85,9263.6,9258.9,9263.25,10:45:00,9253.737645305162,1,19
2017-04-25,9261.25,9264.25,9260.35,9261.75,10:50:00,9254.453107657053,1,20
2017-04-25,9262.1,9263.7,9260.9,9261.55,10:55:00,9255.181383118284,1,21
2017-04-25,9265.2,9267.8,9261.55,9262.5,11:00:00,9256.13553710702,1,22
2017-04-25,9270.75,9272.65,9264.9,9265.15,11:05:00,9257.527390715872,1,23
2017-04-25,9270.9,9271.8,9268.2,9270.65,11:10:00,9258.800972552455,1,24
2017-04-25,9271.35,9272.35,9270.2,9270.85,11:15:00,9259.996118023651,1,25
2017-04-25,9271.2,9273.15,9269.5,9271.25,11:20:00,9261.063154402353,1,26
2017-04-25,9274.2,9275.55,9270.4,9271.05,11:25:00,9262.31428255451,1,27
2017-04-25,9276.55,9276.95,9272.55,9274.1,11:30:00,9263.670065168366,1,28
2017-04-25,9274.7,9276.65,9273.55,9276.65,11:35:00,9264.72053515233,1,29
2017-04-25,9273.45,9275.05,9271.6,9274.95,11:40:00,9265.55191275687,1,30
2017-04-25,9275.3,9276.75,9273.2,9273.55,11:45:00,9266.48030201812,1,31
2017-04-25,9275.0,9276.95,9273.0,9275.25,11:50:00,9267.29170182592,1,32
2017-04-25,9277.5,9278.2,9273.2,9274.85,11:55:00,9268.263920699645,1,33
2017-04-25,9281.35,9281.7,9277.1,9277.7,12:00:00,9269.510213966343,1,34
2017-04-25,9279.75,9283.5,9278.5,9281.55,12:05:00,9270.485431683834,1,35
2017-04-25,9279.6,9281.2,9278.85,9279.7,12:10:00,9271.353485809184,1,36
2017-04-25,9282.2,9283.2,9278.8,9279.65,12:15:00,9272.38648716069,1,37
2017-04-25,9283.6,9285.0,9281.15,9282.25,12:20:00,9273.454440764432,1,38
2017-04-25,9282.9,9284.7,9282.7,9283.65,12:25:00,9274.354017834488,1,39
2017-04-25,9282.6,9283.4,9280.55,9283.4,12:30:00,9275.139349469298,1,40
2017-04-25,9284.4,9285.7,9282.05,9282.65,12:35:00,9276.021316186509,1,41
2017-04-25,9284.35,9286.05,9282.7,9284.35,12:40:00,9276.814524168749,1,42
2017-04-25,9284.75,9285.6,9283.25,9284.45,12:45:00,9277.570283771724,1,43
2017-04-25,9284.25,9285.75,9282.15,9284.8,12:50:00,9278.206447222035,1,44
2017-04-25,9286.15,9286.75,9283.6,9284.15,12:55:00,9278.962976058032,1,45
2017-04-25,9286.6,9287.8,9285.4,9286.1,13:00:00,9279.690311671551,1,46
2017-04-25,9286.7,9289.95,9285.8,9286.7,13:05:00,9280.357901036166,1,47
2017-04-25,9280.7,9287.5,9280.55,9287.05,13:10:00,9280.390481889865,1,48
2017-04-25,9275.1,9281.2,9271.55,9280.5,13:15:00,9279.886626471784,1,49
2017-04-25,9274.25,9278.7,9273.65,9274.6,13:20:00,9279.349804903042,1,50
2017-04-25,9271.7,9276.2,9266.5,9274.3,13:25:00,9278.621252055133,1,51
2017-04-25,9274.05,9276.45,9266.55,9271.6,13:30:00,9278.18589471655,1,52
2017-04-25,9273.7,9277.2,9272.7,9274.15,13:35:00,9277.758666648308,1,53
2017-04-25,9278.55,9278.7,9273.6,9273.6,13:40:00,9277.83403172942,1,54
2017-04-25,9277.35,9279.5,9275.0,9278.8,13:45:00,9277.787933469475,1,55
2017-04-25,9286.35,9286.55,9277.05,9278.1,13:50:00,9278.603368377144,1,56
2017-04-25,9288.95,9289.5,9284.9,9286.95,13:55:00,9279.588761865034,1,57
2017-04-25,9292.25,9294.9,9288.35,9289.0,14:00:00,9280.794594068364,1,58
2017-04-25,9295.7,9296.45,9289.5,9292.4,14:05:00,9282.214156538044,1,59
2017-04-25,9295.15,9300.4,9293.65,9296.65,14:10:00,9283.446141629658,1,60
2017-04-25,9292.65,9296.65,9292.05,9295.65,14:15:00,9284.322699569691,1,61
2017-04-25,9293.5,9294.55,9291.6,9291.95,14:20:00,9285.196728182102,1,62
2017-04-25,9295.45,9295.5,9292.1,9293.0,14:25:00,9286.173230259996,1,63
2017-04-25,9295.45,9297.65,9294.3,9295.0,14:30:00,9287.056732139996,1,64
2017-04-25,9299.65,9300.05,9294.95,9295.2,14:35:00,9288.256090983805,1,65
2017-04-25,9299.0,9303.75,9297.2,9299.4,14:40:00,9289.279320413918,1,66
2017-04-25,9296.1,9299.2,9293.6,9298.3,14:45:00,9289.928908945927,1,67
2017-04-25,9300.5,9300.85,9293.8,9295.9,14:50:00,9290.935679522505,1,68
2017-04-25,9300.2,9302.85,9296.55,9300.25,14:55:00,9291.817995758458,1,69
2017-04-25,9307.3,9308.85,9299.85,9300.1,15:00:00,9293.29247235289,1,70
2017-04-25,9306.2,9309.2,9305.35,9307.35,15:05:00,9294.521760700234,1,71
2017-04-25,9306.45,9307.65,9304.55,9305.95,15:10:00,9295.65778349069,1,72
2017-04-25,9307.25,9307.9,9304.1,9306.3,15:15:00,9296.761804110623,1,73
2017-04-25,9306.4,9307.85,9303.9,9306.95,15:20:00,9297.67972752866,1,74
2017-04-25,9303.2,9307.5,9299.6,9305.95,15:25:00,9298.205467764026,1,75
2017-04-26,9326.65,9343.15,9301.35,9326.0,09:15:00,9300.91447083412,2,1
2017-04-26,9329.55,9332.15,9325.5,9327.2,09:20:00,9303.641664088012,2,2
2017-04-26,9336.55,9337.1,9327.6,9329.45,09:25:00,9306.775791317728,2,3
2017-04-26,9333.5,9340.85,9333.25,9336.15,09:30:00,9309.320954049372,2,4
2017-04-26,9337.3,9340.95,9332.75,9333.6,09:35:00,9311.98562509229,2,5
2017-04-26,9339.55,9341.25,9335.15,9337.5,09:40:00,9314.610803654929,2,6
2017-04-26,9345.4,9347.65,9339.4,9339.7,09:45:00,9317.543108068743,2,7
2017-04-26,9341.2,9346.65,9340.7,9346.05,09:50:00,9319.79614539553,2,8
2017-04-26,9345.2,9346.95,9340.6,9341.15,09:55:00,9322.215560119765,2,9
2017-04-26,9345.05,9346.95,9341.2,9345.45,10:00:00,9324.390268679786,2,10
2017-04-26,9340.65,9346.6,9340.65,9345.35,10:05:00,9325.938814519808,2,11
2017-04-26,9345.8,9346.3,9339.05,9340.25,10:10:00,9327.830355994112,2,12
2017-04-26,9349.6,9351.2,9345.55,9346.25,10:15:00,9329.903655423244,2,13
2017-04-26,9351.8,9353.55,9349.05,9349.85,10:20:00,9331.989021573412,2,14
2017-04-26,9352.25,9354.05,9349.65,9351.5,10:25:00,9333.918638566422,2,15
2017-04-26,9355.6,9357.55,9351.25,9351.45,10:30:00,9335.983530131523,2,16
2017-04-26,9352.8,9357.0,9351.05,9355.35,10:35:00,9337.585098690426,2,17
2017-04-26,9344.5,9353.45,9341.75,9353.35,10:40:00,9338.24366071991,2,18
2017-04-26,9342.4,9346.25,9341.8,9344.85,10:45:00,9338.63950255611,2,19
2017-04-26,9348.5,9349.05,9342.1,9342.35,10:50:00,9339.578597550768,2,20
2017-04-26,9347.9,9349.4,9346.0,9348.75,10:55:00,9340.371112069744,2,21
2017-04-26,9349.15,9349.75,9347.45,9348.1,11:00:00,9341.207196634528,2,22
2017-04-26,9353.85,9354.1,9349.05,9349.2,11:05:00,9342.411273145526,2,23
2017-04-26,9351.7,9354.65,9351.7,9354.05,11:10:00,9343.295913798333,2,24
2017-04-26,9354.0,9355.3,9350.05,9351.65,11:15:00,9344.315350579443,2,25
2017-04-26,9357.25,9358.55,9353.3,9354.1,11:20:00,9345.54722195283,2,26
2017-04-26,9358.65,9360.05,9356.9,9357.4,11:25:00,9346.795105576368,2,27
2017-04-26,9361.75,9363.75,9358.4,9358.45,11:30:00,9348.219381235762,2,28
2017-04-26,9360.45,9362.65,9360.45,9362.05,11:35:00,9349.384202070452,2,29
2017-04-26,9355.55,9361.1,9354.55,9360.55,11:40:00,9349.971420920883,2,30
2017-04-26,9357.45,9359.1,9355.45,9355.45,11:45:00,9350.68366654747,2,31
2017-04-26,9359.95,9361.75,9357.45,9357.55,11:50:00,9351.566174495329,2,32
2017-04-26,9354.45,9360.1,9354.35,9359.8,11:55:00,9351.840824543391,2,33
2017-04-26,9352.4,9356.25,9351.0,9354.65,12:00:00,9351.894079348784,2,34
2017-04-26,9350.3,9353.0,9347.95,9352.05,12:05:00,9351.74226226795,2,35
2017-04-26,9353.95,9354.25,9348.0,9350.05,12:10:00,9351.952523004336,2,36
2017-04-26,9351.3,9354.8,9350.15,9353.85,12:15:00,9351.890377956304,2,37
2017-04-26,9353.35,9353.6,9350.8,9351.25,12:20:00,9352.029389579511,2,38
2017-04-26,9357.05,9358.9,9353.15,9353.15,12:25:00,9352.507542952892,2,39
2017-04-26,9352.0,9358.55,9351.8,9357.0,12:30:00,9352.459205528809,2,40
2017-04-26,9353.7,9354.45,9350.5,9352.15,12:35:00,9352.577376430829,2,41
2017-04-26,9351.4,9356.1,9350.8,9353.5,12:40:00,9352.465245342177,2,42
2017-04-26,9352.95,9353.6,9350.45,9351.25,12:45:00,9352.511412452446,2,43
2017-04-26,9344.8,9353.15,9343.95,9353.15,12:50:00,9351.77699221888,2,44
2017-04-26,9341.95,9345.6,9338.7,9344.7,12:55:00,9350.841088198034,2,45
2017-04-26,9345.5,9345.65,9340.8,9341.25,13:00:00,9350.332413131557,2,46
2017-04-26,9344.45,9346.15,9342.2,9345.6,13:05:00,9349.772183309502,2,47
2017-04-26,9347.0,9350.35,9344.2,9344.3,13:10:00,9349.508165851454,2,48
2017-04-26,9349.65,9350.75,9345.2,9347.15,13:15:00,9349.521673865602,2,49
2017-04-26,9349.6,9350.55,9347.0,9349.3,13:20:00,9349.52913349745,2,50
2017-04-26,9343.8,9349.9,9343.55,9349.5,13:25:00,9348.983501735787,2,51
2017-04-26,9349.0,9349.5,9343.1,9344.1,13:30:00,9348.985072999045,2,52
2017-04-26,9355.55,9356.15,9348.5,9349.05,13:35:00,9349.610304141994,2,53
2017-04-26,9351.9,9355.9,9351.65,9355.75,13:40:00,9349.828370414183,2,54
2017-04-26,9355.3,9356.4,9351.7,9351.95,13:45:00,9350.349477993786,2,55
2017-04-26,9353.85,9356.3,9352.95,9355.0,13:50:00,9350.682861041998,2,56
2017-04-26,9360.15,9360.6,9353.15,9354.3,13:55:00,9351.584493323711,2,57
2017-04-26,9362.7,9364.45,9358.05,9361.1,14:00:00,9352.643113007169,2,58
2017-04-26,9361.5,9367.0,9360.8,9363.0,14:05:00,9353.486626054106,2,59
2017-04-26,9341.65,9362.55,9341.15,9362.55,14:10:00,9352.359328334667,2,60
2017-04-26,9337.05,9342.05,9324.2,9342.0,14:15:00,9350.9012970647,2,61
2017-04-26,9326.3,9338.35,9324.8,9338.35,14:20:00,9348.558316391873,2,62
2017-04-26,9328.3,9335.2,9323.35,9327.45,14:25:00,9346.62895292598,2,63
2017-04-26,9306.4,9328.85,9305.45,9328.5,14:30:00,9342.797624075887,2,64
2017-04-26,9318.5,9322.45,9302.75,9306.45,14:35:00,9340.483564640088,2,65
2017-04-26,9314.2,9318.6,9307.35,9318.45,14:40:00,9337.9803680077,2,66
2017-04-26,9316.65,9320.1,9310.95,9314.3,14:45:00,9335.948904387918,2,67
2017-04-26,9325.05,9326.15,9313.0,9316.7,14:50:00,9334.910913493832,2,68
2017-04-26,9332.4,9333.25,9324.55,9324.85,14:55:00,9334.67177887537,2,69
2017-04-26,9348.1,9348.5,9332.1,9332.25,15:00:00,9335.950657077716,2,70
2017-04-26,9352.15,9352.85,9347.15,9347.6,15:05:00,9337.493451641742,2,71
2017-04-26,9357.4,9359.95,9350.85,9352.2,15:10:00,9339.389313390146,2,72
2017-04-26,9355.8,9359.9,9353.1,9357.75,15:15:00,9340.952235924417,2,73
2017-04-26,9353.15,9355.65,9350.7,9355.65,15:20:00,9342.113927741138,2,74
2017-04-26,9344.0,9353.4,9342.6,9352.25,15:25:00,9342.293553670554,2,75
2017-05-03,9330.25,9344.0,9326.0,9344.0,09:15:00,9341.146548559072,2,1
2017-05-03,9330.95,9335.0,9322.1,9330.35,09:20:00,9340.175448696304,2,2
2017-05-03,9336.15,9337.3,9329.05,9330.9,09:25:00,9339.792072629987,2,3
2017-05-03,9328.4,9336.0,9327.85,9336.0,09:30:00,9338.707113331897,2,4
2017-05-03,9332.0,9332.0,9324.9,9326.9,09:35:00,9338.06834063362,2,5
2017-05-03,9326.75,9332.25,9323.95,9331.4,09:40:00,9336.990403430418,2,6
2017-05-03,9316.7,9328.45,9313.1,9327.05,09:45:00,9335.057984056091,2,7
2017-05-03,9320.5,9323.6,9314.5,9316.35,09:50:00,9333.67150938408,2,8
2017-05-03,9326.45,9327.25,9320.8,9321.05,09:55:00,9332.983746585598,2,9
2017-05-03,9329.75,9330.3,9326.2,9326.9,10:00:00,9332.675770720303,2,10
2017-05-03,9327.45,9330.25,9324.15,9329.9,10:05:00,9332.178078270752,2,11
2017-05-03,9329.75,9331.7,9327.1,9327.25,10:10:00,9331.946832721156,2,12
2017-05-03,9329.9,9331.35,9328.45,9329.85,10:15:00,9331.751896271522,2,13
2017-05-03,9328.7,9333.2,9327.6,9330.1,10:20:00,9331.46123948376,2,14
2017-05-03,9322.1,9330.25,9320.25,9328.25,10:25:00,9330.569692866258,2,15
2017-05-03,9326.1,9326.4,9318.6,9322.05,10:30:00,9330.144007831375,2,16
2017-05-03,9326.05,9329.1,9325.15,9326.25,10:35:00,9329.754102323626,2,17
2017-05-03,9327.9,9328.4,9324.15,9326.0,10:40:00,9329.577521149948,2,18
2017-05-03,9329.95,9329.95,9324.25,9328.4,10:45:00,9329.612995326144,2,19
2017-05-03,9328.85,9330.2,9326.55,9329.85,10:50:00,9329.540329104608,2,20
2017-05-03,9326.85,9329.0,9326.3,9328.9,10:55:00,9329.28410728512,2,21
2017-05-03,9326.7,9327.3,9324.3,9327.0,11:00:00,9329.038001829394,2,22
2017-05-03,9325.85,9327.0,9324.6,9326.4,11:05:00,9328.734382607548,2,23
2017-05-03,9321.45,9327.6,9321.3,9326.2,11:10:00,9328.04063188302,2,24
2017-05-03,9314.4,9322.05,9313.85,9320.95,11:15:00,9326.741524084637,2,25
2017-05-03,9315.25,9318.25,9313.75,9314.15,11:20:00,9325.647093219432,2,26
2017-05-03,9318.55,9318.55,9314.75,9315.4,11:25:00,9324.971179579488,2,27
2017-05-03,9316.85,9318.85,9316.1,9318.4,11:30:00,9324.197733905252,2,28
2017-05-03,9313.05,9316.95,9311.45,9316.4,11:35:00,9323.136044961895,2,29
2017-05-03,9310.8,9313.55,9309.1,9312.8,11:40:00,9321.961183536952,2,30
2017-05-03,9311.65,9312.55,9308.4,9310.9,11:45:00,9320.979166057245,2,31
2017-05-03,9320.25,9321.55,9311.75,9311.85,11:50:00,9320.909721670838,2,32
2017-05-03,9317.05,9320.55,9315.45,9320.55,11:55:00,9320.54212913076,2,33
2017-05-03,9317.8,9320.6,9316.7,9316.9,12:00:00,9320.280973975448,2,34
2017-05-03,9312.25,9318.0,9310.0,9318.0,12:05:00,9319.51611931112,2,35
2017-05-03,9309.1,9312.9,9308.65,9311.95,12:10:00,9318.524107948157,2,36
2017-05-03,9314.55,9315.65,9308.7,9309.0,12:15:00,9318.145621476904,2,37
2017-05-03,9314.0,9315.7,9313.65,9314.6,12:20:00,9317.750800383865,2,38
2017-05-03,9314.8,9316.4,9312.1,9314.1,12:25:00,9317.469771775875,2,39
2017-05-03,9305.65,9315.7,9304.55,9315.15,12:30:00,9316.344079225792,2,40
2017-05-03,9303.7,9305.4,9298.4,9305.4,12:35:00,9315.13988120429,2,41
2017-05-03,9307.45,9307.6,9303.25,9304.25,12:40:00,9314.407511565783,2,42
2017-05-03,9309.55,9309.55,9304.5,9307.8,12:45:00,9313.944891416662,2,43
2017-05-03,9305.85,9310.8,9305.4,9310.1,12:50:00,9313.17394937698,2,44
2017-05-03,9306.45,9308.05,9304.2,9306.25,12:55:00,9312.53357324584,2,45
2017-05-03,9306.85,9307.8,9304.3,9306.55,13:00:00,9311.992280555762,2,46
2017-05-03,9309.3,9310.75,9306.0,9306.65,13:05:00,9311.735872883784,2,47
2017-05-03,9313.05,9313.5,9306.8,9308.9,13:10:00,9311.861027847232,2,48
2017-05-03,9310.55,9316.05,9310.55,9313.5,13:15:00,9311.73616805226,2,49
2017-05-03,9310.6,9311.2,9308.8,9311.05,13:20:00,9311.627961571092,2,50
2017-05-03,9313.35,9314.05,9309.5,9310.5,13:25:00,9311.791965230988,2,51
2017-05-03,9316.4,9317.6,9312.4,9313.3,13:30:00,9312.23082568518,2,52
2017-05-03,9313.7,9316.35,9310.5,9316.3,13:35:00,9312.370747048495,2,53
2017-05-03,9320.15,9322.85,9313.5,9313.9,13:40:00,9313.111628281971,2,54
2017-05-03,9323.65,9324.35,9318.85,9320.05,13:45:00,9314.115282731307,2,55
2017-05-03,9319.35,9324.1,9318.55,9323.45,13:50:00,9314.613827233086,2,56
2017-05-03,9320.15,9321.3,9318.2,9319.3,13:55:00,9315.141081782316,2,57
2017-05-03,9317.0,9320.5,9315.5,9319.7,14:00:00,9315.318121612572,2,58
2017-05-03,9314.5,9317.6,9313.0,9317.3,14:05:00,9315.240205268516,2,59
2017-05-03,9319.3,9319.75,9313.65,9314.45,14:10:00,9315.626852385802,2,60
2017-05-03,9307.05,9319.3,9306.95,9318.9,14:15:00,9314.81000930144,2,61
2017-05-03,9308.55,9310.5,9303.1,9307.55,14:20:00,9314.213817939397,2,62
2017-05-03,9310.45,9312.55,9306.85,9309.25,14:25:00,9313.855359088026,2,63
2017-05-03,9305.6,9310.7,9305.1,9310.2,14:30:00,9313.069134412975,2,64
2017-05-03,9311.95,9312.6,9305.25,9306.1,14:35:00,9312.962550183169,2,65
2017-05-03,9314.6,9315.4,9311.45,9311.65,14:40:00,9313.118497784772,2,66
2017-05-03,9312.0,9317.0,9311.8,9314.7,14:45:00,9313.011974186222,2,67
2017-05-03,9312.65,9313.2,9311.0,9312.2,14:50:00,9312.9775004542,2,68
2017-05-03,9311.5,9315.3,9311.4,9312.6,14:55:00,9312.836786125228,2,69
2017-05-03,9318.3,9319.3,9310.85,9310.85,15:00:00,9313.35709220854,2,70
2017-05-03,9314.15,9318.6,9313.6,9318.6,15:05:00,9313.432607236296,2,71
2017-05-03,9311.15,9314.85,9310.4,9313.3,15:10:00,9313.215216070934,2,72
2017-05-03,9311.7,9312.55,9306.3,9311.25,15:15:00,9313.070909778464,2,73
2017-05-03,9309.6,9312.9,9309.2,9311.85,15:20:00,9312.74034694242,2,74
2017-05-03,9303.45,9310.05,9302.6,9309.55,15:25:00,9311.85555199552,2,75
2017-05-04,9347.25,9356.85,9341.25,9351.85,09:15:00,9315.226451805473,3,1
2017-05-04,9350.4,9352.6,9341.7,9347.75,09:20:00,9318.576313538284,3,2
2017-05-04,9349.25,9356.4,9347.25,9350.45,09:25:00,9321.497617010828,3,3
2017-05-04,9348.9,9353.35,9346.45,9348.95,09:30:00,9324.1073677717,3,4
2017-05-04,9350.7,9351.85,9346.5,9348.75,09:35:00,9326.639999412491,3,5
2017-05-04,9350.25,9355.9,9349.8,9351.05,09:40:00,9328.888570897016,3,6
2017-05-04,9345.9,9352.25,9345.05,9350.3,09:45:00,9330.508707002062,3,7
2017-05-04,9344.4,9348.35,9342.1,9345.95,09:50:00,9331.83168728758,3,8
2017-05-04,9344.8,9348.75,9342.1,9344.7,09:55:00,9333.066764688763,3,9
2017-05-04,9346.65,9349.1,9343.6,9344.4,10:00:00,9334.360406146976,3,10
2017-05-04,9345.6,9351.45,9345.35,9346.4,10:05:00,9335.430843656786,3,11
2017-05-04,9349.1,9351.85,9345.45,9345.45,10:10:00,9336.732668070426,3,12
2017-05-04,9347.4,9349.95,9346.5,9348.9,10:15:00,9337.748604444672,3,13
2017-05-04,9344.9,9350.1,9344.35,9347.45,10:20:00,9338.429689735656,3,14
2017-05-04,9347.75,9348.15,9342.4,9344.85,10:25:00,9339.31733833226,3,15
2017-05-04,9346.9,9349.05,9346.3,9347.85,10:30:00,9340.03949658633,3,16
2017-05-04,9344.25,9347.3,9343.35,9346.5,10:35:00,9340.440496911442,3,17
2017-05-04,9348.25,9348.25,9343.35,9344.15,10:40:00,9341.184259110352,3,18
2017-05-04,9349.55,9350.25,9348.1,9348.5,10:45:00,9341.980996337938,3,19
2017-05-04,9349.2,9350.15,9347.05,9349.45,10:50:00,9342.668520496229,3,20
2017-05-04,9343.2,9349.35,9342.7,9349.0,10:55:00,9342.719137591826,3,21
2017-05-04,9347.45,9348.05,9341.3,9342.85,11:00:00,9343.169695916416,3,22
2017-05-04,9342.75,9348.5,9341.95,9347.25,11:05:00,9343.129724876757,3,23
2017-05-04,9343.15,9345.4,9341.9,9343.05,11:10:00,9343.131655840874,3,24
2017-05-04,9343.2,9344.85,9339.4,9342.85,11:15:00,9343.138164808412,3,25
2017-05-04,9341.65,9343.1,9337.3,9342.6,11:20:00,9342.996434826657,3,26
2017-05-04,9345.8,9345.8,9341.75,9341.75,11:25:00,9343.263441033643,3,27
2017-05-04,9345.45,9347.75,9344.1,9345.9,11:30:00,9343.471684744723,3,28
2017-05-04,9343.5,9346.3,9343.5,9345.3,11:35:00,9343.474381435704,3,29
2017-05-04,9339.5,9344.9,9339.2,9342.95,11:40:00,9343.095868918015,3,30
2017-05-04,9341.6,9342.3,9337.8,9339.8,11:45:00,9342.953405211538,3,31
2017-05-04,9339.1,9343.95,9339.1,9342.05,11:50:00,9342.58641423901,3,32
2017-05-04,9335.6,9339.35,9334.2,9339.05,11:55:00,9341.92104145434,3,33
2017-05-04,9336.25,9339.3,9335.55,9335.65,12:00:00,9341.380942268212,3,34
2017-05-04,9335.4,9337.75,9334.1,9336.3,12:05:00,9340.81132871886,3,35
2017-05-04,9332.45,9336.4,9332.35,9335.2,12:10:00,9340.015011698017,3,36
2017-05-04,9326.0,9332.3,9323.25,9332.3,12:15:00,9338.680248679157,3,37
2017-05-04,9330.05,9330.7,9325.2,9326.05,12:20:00,9337.858320233525,3,38
2017-05-04,9329.6,9331.75,9329.1,9329.7,12:25:00,9337.071813544617,3,39
2017-05-04,9332.7,9334.4,9326.0,9329.35,12:30:00,9336.65545034989,3,40
2017-05-04,9335.2,9336.0,9332.15,9332.9,12:35:00,9336.516836030854,3,41
2017-05-04,9336.05,9336.5,9333.9,9335.8,12:40:00,9336.472375456487,3,42
2017-05-04,9337.1,9339.95,9334.9,9337.1,12:45:00,9336.532149222536,3,43
2017-05-04,9335.95,9339.55,9334.85,9338.45,12:50:00,9336.476706439436,3,44
2017-05-04,9337.15,9338.75,9331.75,9337.05,12:55:00,9336.54082963568,3,45
2017-05-04,9340.75,9341.05,9336.7,9336.9,13:00:00,9336.941703003711,3,46
2017-05-04,9336.65,9341.55,9336.4,9340.85,13:05:00,9336.913921765265,3,47
2017-05-04,9337.75,9338.3,9334.95,9336.7,13:10:00,9336.993548263808,3,48
2017-05-04,9341.75,9342.85,9337.5,9338.1,13:15:00,9337.446543667254,3,49
2017-05-04,9342.35,9342.35,9338.75,9342.15,13:20:00,9337.913539508469,3,50
2017-05-04,9343.8,9343.85,9341.1,9341.7,13:25:00,9338.474154793375,3,51
2017-05-04,9346.7,9346.95,9342.0,9343.9,13:30:00,9339.257568622575,3,52
2017-05-04,9342.75,9348.4,9341.1,9346.4,13:35:00,9339.590181134712,3,53
2017-05-04,9346.8,9346.9,9341.65,9342.55,13:40:00,9340.276830550452,3,54
2017-05-04,9351.65,9352.25,9347.0,9347.1,13:45:00,9341.359989545648,3,55
2017-05-04,9350.05,9354.8,9349.35,9351.8,13:50:00,9342.18760958892,3,56
2017-05-04,9356.65,9357.75,9348.4,9349.15,13:55:00,9343.564980104262,3,57
2017-05-04,9354.4,9359.3,9351.85,9356.4,14:00:00,9344.596886761,3,58
2017-05-04,9358.05,9358.35,9353.35,9353.95,14:05:00,9345.878135640904,3,59
2017-05-04,9357.45,9361.05,9355.9,9358.0,14:10:00,9346.980217960816,3,60
2017-05-04,9354.4,9358.15,9354.3,9357.1,14:15:00,9347.686863869309,3,61
2017-05-04,9355.3,9359.75,9353.65,9354.8,14:20:00,9348.411924453185,3,62
2017-05-04,9362.7,9363.4,9354.6,9355.15,14:25:00,9349.77269355288,3,63
2017-05-04,9356.75,9365.65,9352.2,9362.5,14:30:00,9350.437198928796,3,64
2017-05-04,9359.45,9359.8,9355.2,9356.4,14:35:00,9351.29556093558,3,65
2017-05-04,9356.85,9361.8,9355.95,9359.7,14:40:00,9351.82455513219,3,66
2017-05-04,9355.2,9356.9,9351.25,9356.35,14:45:00,9352.146026071983,3,67
2017-05-04,9358.65,9359.25,9354.2,9354.8,14:50:00,9352.765452160364,3,68
2017-05-04,9350.4,9359.35,9346.85,9358.6,14:55:00,9352.540171002236,3,69
2017-05-04,9359.9,9361.7,9349.75,9349.75,15:00:00,9353.24110709726,3,70
2017-05-04,9360.7,9360.9,9357.55,9359.45,15:05:00,9353.951477849903,3,71
2017-05-04,9361.1,9362.25,9359.55,9360.5,15:10:00,9354.632289483245,3,72
2017-05-04,9362.5,9362.5,9357.3,9360.6,15:15:00,9355.381595246745,3,73
2017-05-04,9363.7,9364.0,9359.55,9361.9,15:20:00,9356.173824270863,3,74
2017-05-04,9356.8,9365.4,9356.7,9363.8,15:25:00,9356.233460054593,3,75
2017-05-05,9327.05,9373.6,9327.05,9373.6,09:15:00,9353.454082906534,4,1
2017-05-05,9330.8,9332.5,9321.35,9328.1,09:20:00,9351.296551201149,4,2
2017-05-05,9335.1,9338.95,9331.0,9331.85,09:25:00,9349.754022515324,4,3
2017-05-05,9328.15,9335.35,9323.7,9335.35,09:30:00,9347.696496561484,4,4
2017-05-05,9326.6,9330.25,9322.55,9328.05,09:35:00,9345.687306412772,4,5
2017-05-05,9325.1,9330.55,9320.3,9327.05,09:40:00,9343.726610563936,4,6
2017-05-05,9325.5,9330.15,9325.0,9325.05,09:45:00,9341.99074289118,4,7
2017-05-05,9323.05,9325.7,9319.4,9325.15,09:50:00,9340.18686261583,4,8
2017-05-05,9319.65,9323.6,9317.05,9322.75,09:55:00,9338.230970938132,4,9
2017-05-05,9316.35,9319.5,9315.05,9319.5,10:00:00,9336.147068944025,4,10
2017-05-05,9324.7,9325.25,9316.1,9316.25,10:05:00,9335.056871901736,4,11
2017-05-05,9324.15,9327.15,9323.15,9324.75,10:10:00,9334.01812219681,4,12
2017-05-05,9314.55,9324.0,9314.55,9324.0,10:15:00,9332.164015320925,4,13
2017-05-05,9320.25,9321.05,9313.1,9314.45,10:20:00,9331.029347195125,4,14
2017-05-05,9319.3,9322.0,9318.75,9320.2,10:25:00,9329.912266509871,4,15
2017-05-05,9322.85,9323.5,9317.2,9319.15,10:30:00,9329.23966969941,4,16
2017-05-05,9323.0,9325.95,9321.1,9322.75,10:35:00,9328.645415442325,4,17
2017-05-05,9327.0,9328.0,9321.4,9322.95,10:40:00,9328.48870920972,4,18
2017-05-05,9321.95,9327.05,9320.65,9327.05,10:45:00,9327.86597499927,4,19
2017-05-05,9319.5,9323.35,9318.45,9322.15,10:50:00,9327.06921547553,4,20
2017-05-05,9316.55,9321.4,9315.95,9318.55,10:55:00,9326.067385430242,4,21
2017-05-05,9320.85,9322.1,9316.3,9316.65,11:00:00,9325.570491579743,4,22
2017-05-05,9320.95,9323.1,9318.7,9321.25,11:05:00,9325.130444762626,4,23
2017-05-05,9323.85,9324.65,9320.65,9321.1,11:10:00,9325.008497642377,4,24
2017-05-05,9321.45,9324.8,9320.25,9323.45,11:15:00,9324.669593105007,4,25
2017-05-05,9318.95,9322.7,9318.75,9321.6,11:20:00,9324.12486995215,4,26
2017-05-05,9319.2,9320.85,9316.6,9318.6,11:25:00,9323.655834718613,4,27
2017-05-05,9321.7,9321.95,9317.45,9318.95,11:30:00,9323.46956474541,4,28
2017-05-05,9322.05,9323.6,9320.8,9321.75,11:35:00,9323.33436810299,4,29
2017-05-05,9316.6,9322.45,9314.85,9322.15,11:40:00,9322.692999712228,4,30
2017-05-05,9314.95,9319.75,9314.45,9316.5,11:45:00,9321.955571168206,4,31
2017-05-05,9298.05,9315.4,9296.4,9315.4,11:50:00,9319.678850104568,4,32
2017-05-05,9291.15,9300.7,9290.75,9298.7,11:55:00,9316.961816761275,4,33
2017-05-05,9292.15,9292.65,9282.55,9290.7,12:00:00,9314.598786593537,4,34
2017-05-05,9296.45,9298.0,9290.75,9292.35,12:05:00,9312.870330727485,4,35
2017-05-05,9296.4,9297.35,9291.3,9296.05,12:10:00,9311.301727801056,4,36
2017-05-05,9299.35,9299.75,9294.55,9296.2,12:15:00,9310.16346801048,4,37
2017-05-05,9294.25,9299.55,9291.7,9298.6,12:20:00,9308.64789962853,4,38
2017-05-05,9287.05,9294.9,9287.0,9294.65,12:25:00,9306.590956806764,4,39
2017-05-05,9293.55,9296.15,9287.2,9287.4,12:30:00,9305.348960920408,4,40
2017-05-05,9301.15,9301.55,9293.75,9295.3,12:35:00,9304.94905988037,4,41
2017-05-05,9303.65,9307.55,9301.0,9301.3,12:40:00,9304.825339891762,4,42
2017-05-05,9302.75,9304.0,9298.65,9304.0,12:45:00,9304.6276884735,4,43
2017-05-05,9304.65,9305.3,9301.2,9302.85,12:50:00,9304.629813380783,4,44
2017-05-05,9296.65,9304.55,9296.25,9304.55,12:55:00,9303.869831154045,4,45
2017-05-05,9299.5,9300.55,9295.95,9296.45,13:00:00,9303.45365675842,4,46
2017-05-05,9292.8,9299.3,9291.7,9299.3,13:05:00,9302.439022781427,4,47
2017-05-05,9280.2,9292.6,9280.2,9292.6,13:10:00,9300.32102061177,4,48
2017-05-05,9286.1,9286.95,9272.0,9279.95,13:15:00,9298.966637696363,4,49
2017-05-05,9280.15,9286.85,9276.6,9286.4,13:20:00,9297.174576963376,4,50
2017-05-05,9279.25,9282.15,9274.95,9280.3,13:25:00,9295.467474395437,4,51
2017-05-05,9277.1,9280.7,9275.85,9278.6,13:30:00,9293.71819111968,4,52
2017-05-05,9283.5,9284.3,9275.15,9276.7,13:35:00,9292.745030060663,4,53
2017-05-05,9286.55,9293.05,9281.75,9283.55,13:40:00,9292.155027197745,4,54
2017-05-05,9292.6,9293.85,9283.85,9286.6,13:45:00,9292.197405559862,4,55
2017-05-05,9285.95,9292.55,9282.5,9292.55,13:50:00,9291.60241455416,4,56
2017-05-05,9291.05,9291.85,9285.7,9285.75,13:55:00,9291.549803644242,4,57
2017-05-05,9297.0,9298.45,9288.75,9290.65,14:00:00,9292.068869963838,4,58
2017-05-05,9302.35,9302.65,9294.25,9297.25,14:05:00,9293.04802520538,4,59
2017-05-05,9297.95,9304.75,9294.05,9302.45,14:10:00,9293.514879947725,4,60
2017-05-05,9297.8,9300.2,9293.35,9298.1,14:15:00,9293.92298661937,4,61
2017-05-05,9283.4,9298.65,9283.4,9297.75,14:20:00,9292.920797417524,4,62
2017-05-05,9286.4,9286.6,9278.65,9283.1,14:25:00,9292.299769092046,4,63
2017-05-05,9289.15,9292.2,9285.9,9286.25,14:30:00,9291.99979108328,4,64
2017-05-05,9291.85,9293.6,9286.7,9289.2,14:35:00,9291.985525265824,4,65
2017-05-05,9287.2,9294.05,9284.75,9292.05,14:40:00,9291.529760954792,4,66
2017-05-05,9284.8,9288.15,9282.6,9287.1,14:45:00,9290.88883134005,4,67
2017-05-05,9290.1,9290.65,9284.65,9285.15,14:50:00,9290.81370454576,4,68
2017-05-05,9292.05,9292.85,9289.8,9290.15,14:55:00,9290.931446969971,4,69
2017-05-05,9291.55,9296.1,9291.55,9292.25,15:00:00,9290.990356782357,4,70
2017-05-05,9284.4,9291.8,9283.85,9291.35,15:05:00,9290.362703755463,4,71
2017-05-05,9284.45,9285.55,9281.35,9285.05,15:10:00,9289.799589112088,4,72
2017-05-05,9286.15,9288.5,9283.1,9284.35,15:15:00,9289.452009196651,4,73
2017-05-05,9281.5,9287.0,9280.85,9286.0,15:20:00,9288.694674987448,4,74
2017-05-05,9278.4,9282.95,9275.35,9281.75,15:25:00,9287.714229750549,4,75
2017-05-08,9313.85,9317.65,9304.1,9310.9,09:15:00,9290.203350726684,0,1
2017-05-08,9310.05,9313.6,9302.0,9313.15,09:20:00,9292.093507800331,0,2
2017-05-08,9306.0,9313.05,9303.9,9310.1,09:25:00,9293.417935628871,0,3
2017-05-08,9301.85,9309.05,9298.05,9305.95,09:30:00,9294.220989378504,0,4
2017-05-08,9300.95,9305.4,9297.95,9301.8,09:35:00,9294.861847532931,0,5
2017-05-08,9308.05,9308.1,9298.9,9300.9,09:40:00,9296.117862053605,0,6
2017-05-08,9316.95,9319.95,9307.95,9307.95,09:45:00,9298.101875191358,0,7
2017-05-08,9323.55,9324.2,9316.3,9317.65,09:50:00,9300.525506125516,0,8
2017-05-08,9316.5,9323.7,9316.35,9323.45,09:55:00,9302.046886494514,0,9
2017-05-08,9316.65,9322.45,9316.2,9316.4,10:00:00,9303.43765920932,0,10
2017-05-08,9319.6,9320.7,9313.95,9316.45,10:05:00,9304.976929760816,0,11
2017-05-08,9318.7,9321.75,9318.35,9320.0,10:10:00,9306.283888831213,0,12
2017-05-08,9319.25,9322.6,9317.9,9319.1,10:15:00,9307.518756561572,0,13
2017-05-08,9313.25,9319.95,9312.9,9319.45,10:20:00,9308.064589269994,0,14
2017-05-08,9318.65,9320.05,9313.3,9313.6,10:25:00,9309.072723625231,0,15
2017-05-08,9320.65,9321.4,9318.4,9318.95,10:30:00,9310.17532137521,0,16
2017-05-08,9321.5,9323.6,9318.7,9320.85,10:35:00,9311.25386219662,0,17
2017-05-08,9324.05,9326.8,9320.7,9321.2,10:40:00,9312.472541987418,0,18
2017-05-08,9328.2,9329.05,9323.9,9324.4,10:45:00,9313.970395131471,0,19
2017-05-08,9327.85,9332.2,9326.9,9328.25,10:50:00,9315.29226226181,0,20
2017-05-08,9328.6,9329.4,9325.65,9327.7,10:55:00,9316.559665855924,0,21
2017-05-08,9329.25,9330.35,9327.85,9328.55,11:00:00,9317.76826910774,0,22
2017-05-08,9334.3,9336.05,9329.0,9329.45,11:05:00,9319.342719668906,0,23
2017-05-08,9337.2,9338.7,9333.0,9334.6,11:10:00,9321.043413033773,0,24
2017-05-08,9332.05,9337.1,9331.45,9337.05,11:15:00,9322.091659411508,0,25
2017-05-08,9330.55,9333.85,9329.55,9332.2,11:20:00,9322.897215658031,0,26
2017-05-08,9329.1,9333.75,9328.65,9330.7,11:25:00,9323.487957023934,0,27
2017-05-08,9322.8,9329.5,9322.75,9328.95,11:30:00,9323.422437307368,0,28
2017-05-08,9323.25,9323.7,9319.2,9322.75,11:35:00,9323.406014706668,0,29
2017-05-08,9322.8,9324.0,9321.15,9323.6,11:40:00,9323.348299020316,0,30
2017-05-08,9327.7,9328.3,9321.45,9322.7,11:45:00,9323.76274673267,0,31
2017-05-08,9323.05,9328.05,9322.65,9327.1,11:50:00,9323.694866091462,0,32
2017-05-08,9324.65,9326.0,9322.65,9323.2,11:55:00,9323.785831225608,0,33
2017-05-08,9316.2,9324.85,9316.05,9324.75,12:00:00,9323.063371108885,0,34
2017-05-08,9316.1,9318.45,9315.15,9315.8,12:05:00,9322.400192908037,0,35
2017-05-08,9315.0,9316.2,9312.35,9316.0,12:10:00,9321.69541263108,0,36
2017-05-08,9314.05,9316.15,9313.05,9315.05,12:15:00,9320.967278094788,0,37
2017-05-08,9319.8,9320.2,9312.6,9313.4,12:20:00,9320.856108752429,0,38
2017-05-08,9321.0,9322.35,9319.3,9319.75,12:25:00,9320.869812680769,0,39
2017-05-08,9318.9,9320.9,9317.65,9320.9,12:30:00,9320.682211473077,0,40
2017-05-08,9313.25,9318.95,9310.25,9318.85,12:35:00,9319.974381808974,0,41
2017-05-08,9311.25,9315.4,9311.2,9312.9,12:40:00,9319.143488303356,0,42
2017-05-08,9313.9,9314.55,9309.85,9311.0,12:45:00,9318.64410846494,0,43
2017-05-08,9320.65,9320.65,9313.5,9313.95,12:50:00,9318.835145753994,0,44
2017-05-08,9317.7,9320.75,9316.35,9320.6,12:55:00,9318.727036634566,0,45
2017-05-08,9317.2,9317.55,9314.95,9317.25,13:00:00,9318.58160457413,0,46
2017-05-08,9315.6,9318.5,9315.6,9317.4,13:05:00,9318.297642233738,0,47
2017-05-08,9308.9,9315.85,9307.9,9315.85,13:10:00,9317.402628687669,0,48
2017-05-08,9316.0,9317.75,9308.55,9308.95,13:15:00,9317.269045003128,0,49
2017-05-08,9312.75,9315.9,9312.2,9315.85,13:20:00,9316.838659764731,0,50
2017-05-08,9314.3,9315.8,9312.45,9312.6,13:25:00,9316.596882644284,0,51
2017-05-08,9315.85,9317.0,9312.7,9314.45,13:30:00,9316.525750963876,0,52
2017-05-08,9319.9,9321.8,9313.6,9315.75,13:35:00,9316.847108014936,0,53
2017-05-08,9321.3,9323.45,9319.4,9322.25,13:40:00,9317.271192965894,0,54
2017-05-08,9321.95,9324.9,9321.3,9322.95,13:45:00,9317.71679363581,0,55
2017-05-08,9321.25,9325.75,9321.25,9323.7,13:50:00,9318.053289480018,0,56
2017-05-08,9324.0,9324.5,9320.05,9321.6,13:55:00,9318.619642862874,0,57
2017-05-08,9322.95,9326.4,9321.75,9324.1,14:00:00,9319.032057828314,0,58
2017-05-08,9323.65,9325.85,9322.75,9325.1,14:05:00,9319.471861844666,0,59
2017-05-08,9322.9,9325.45,9319.25,9325.25,14:10:00,9319.798351192792,0,60
2017-05-08,9319.4,9324.6,9319.1,9322.7,14:15:00,9319.760412983956,0,61
2017-05-08,9318.1,9322.8,9318.0,9319.35,14:20:00,9319.602278414057,0,62
2017-05-08,9317.3,9318.95,9312.25,9318.3,14:25:00,9319.383013803194,0,63
2017-05-08,9318.65,9321.05,9317.05,9317.25,14:30:00,9319.313202964797,0,64
2017-05-08,9324.2,9325.7,9318.4,9318.55,14:35:00,9319.778612206244,0,65
2017-05-08,9322.85,9328.95,9321.7,9324.25,14:40:00,9320.071125329458,0,66
2017-05-08,9318.4,9323.85,9318.05,9322.35,14:45:00,9319.911970536175,0,67
2017-05-08,9315.4,9318.9,9313.55,9318.3,14:50:00,9319.48225905654,0,68
2017-05-08,9318.35,9320.0,9314.4,9315.2,14:55:00,9319.37442486068,0,69
2017-05-08,9317.2,9320.75,9315.5,9318.3,15:00:00,9319.167336778712,0,70
2017-05-08,9318.3,9318.65,9315.4,9316.9,15:05:00,9319.08473327598,0,71
2017-05-08,9319.85,9320.5,9316.5,9318.4,15:10:00,9319.157615821125,0,72
2017-05-08,9313.25,9320.15,9312.0,9320.15,15:15:00,9318.594985742922,0,73
2017-05-08,9312.7,9313.45,9311.45,9313.1,15:20:00,9318.03355852931,0,74
2017-05-08,9310.7,9314.0,9309.35,9312.15,15:25:00,9317.335124383662,0,75
2017-05-09,9318.75,9335.0,9317.4,9335.0,09:15:00,9317.46987444236,1,1
2017-05-09,9334.7,9335.25,9319.4,9319.4,09:20:00,9319.110838781184,1,2
2017-05-09,9327.3,9335.45,9326.45,9334.5,09:25:00,9319.89075889726,1,3
2017-05-09,9326.85,9330.6,9325.5,9327.25,09:30:00,9320.553543764188,1,4
2017-05-09,9312.65,9327.5,9308.1,9327.5,09:35:00,9319.800825310454,1,5
2017-05-09,9314.55,9319.75,9312.0,9313.15,09:40:00,9319.30074670946,1,6
2017-05-09,9312.1,9314.5,9307.7,9314.25,09:45:00,9318.614961308558,1,7
2017-05-09,9323.25,9323.6,9312.2,9312.2,09:50:00,9319.056393564886,1,8
2017-05-09,9322.4,9324.75,9320.0,9323.5,09:55:00,9319.374832272992,1,9
2017-05-09,9315.3,9322.7,9313.55,9322.2,10:00:00,9318.986753008898,1,10
2017-05-09,9315.85,9317.7,9313.35,9315.45,10:05:00,9318.688014627098,1,11
2017-05-09,9319.0,9320.55,9314.65,9315.45,10:10:00,9318.717727519755,1,12
2017-05-09,9321.25,9322.55,9318.7,9318.9,10:15:00,9318.958896327398,1,13
2017-05-09,9319.8,9322.15,9316.3,9321.4,10:20:00,9319.039001439074,1,14
2017-05-09,9322.45,9323.05,9317.0,9319.7,10:25:00,9319.363858444876,1,15
2017-05-09,9318.7,9322.35,9317.6,9322.3,10:30:00,9319.30063383108,1,16
2017-05-09,9321.75,9322.3,9316.6,9318.65,10:35:00,9319.533906799546,1,17
2017-05-09,9321.45,9324.1,9320.05,9321.85,10:40:00,9319.716391866255,1,18
2017-05-09,9318.15,9324.35,9317.85,9321.2,10:45:00,9319.567211688518,1,19
2017-05-09,9318.0,9319.5,9315.45,9317.85,10:50:00,9319.417953432468,1,20
2017-05-09,9323.2,9323.35,9317.8,9318.05,10:55:00,9319.77814834366,1,21
2017-05-09,9326.55,9326.6,9322.55,9323.3,11:00:00,9320.423086596646,1,22
2017-05-09,9324.95,9329.4,9323.5,9326.3,11:05:00,9320.85422120649,1,23
2017-05-09,9327.15,9327.35,9324.3,9324.7,11:10:00,9321.453819186823,1,24
2017-05-09,9324.35,9327.7,9323.4,9327.1,11:15:00,9321.729645930936,1,25
2017-05-09,9326.45,9326.45,9322.75,9324.55,11:20:00,9322.179203461325,1,26
2017-05-09,9324.3,9327.95,9324.0,9325.65,11:25:00,9322.381184084054,1,27
2017-05-09,9327.5,9329.55,9324.4,9324.4,11:30:00,9322.868690361764,1,28
2017-05-09,9323.8,9329.55,9322.85,9327.6,11:35:00,9322.957386517786,1,29
2017-05-09,9322.6,9326.55,9322.35,9324.15,11:40:00,9322.923349706569,1,30
2017-05-09,9322.15,9324.25,9321.5,9322.7,11:45:00,9322.849697353564,1,31
2017-05-09,9322.35,9322.85,9319.8,9322.1,11:50:00,9322.802107129415,1,32
2017-05-09,9321.05,9323.65,9320.2,9322.2,11:55:00,9322.635239783756,1,33
2017-05-09,9323.55,9325.55,9320.4,9321.0,12:00:00,9322.722359804353,1,34
2017-05-09,9322.05,9324.15,9321.6,9323.35,12:05:00,9322.65832553727,1,35
2017-05-09,9320.65,9322.7,9320.0,9321.95,12:10:00,9322.46705643848,1,36
2017-05-09,9321.45,9322.65,9320.3,9321.0,12:15:00,9322.370193920531,1,37
2017-05-09,9319.65,9322.35,9319.25,9321.4,12:20:00,9322.111127832864,1,38
2017-05-09,9316.05,9320.4,9315.55,9318.85,12:25:00,9321.533877563066,1,39
2017-05-09,9320.3,9320.85,9316.3,9316.55,12:30:00,9321.416365414205,1,40
2017-05-09,9321.45,9322.15,9318.5,9320.2,12:35:00,9321.419568708088,1,41
2017-05-09,9326.5,9327.6,9321.05,9321.65,12:40:00,9321.903419307318,1,42
2017-05-09,9326.4,9326.75,9324.1,9326.3,12:45:00,9322.331665087577,1,43
2017-05-09,9326.25,9327.25,9324.05,9326.45,12:50:00,9322.70483984114,1,44
2017-05-09,9327.7,9327.9,9323.8,9326.4,12:55:00,9323.18056938008,1,45
2017-05-09,9325.05,9327.9,9324.85,9327.3,13:00:00,9323.3586103915,1,46
2017-05-09,9329.6,9329.9,9325.05,9325.2,13:05:00,9323.953028449452,1,47
2017-05-09,9334.6,9335.45,9327.45,9329.7,13:10:00,9324.96702573998,1,48
2017-05-09,9333.55,9335.5,9331.7,9335.3,13:15:00,9325.784451859983,1,49
2017-05-09,9331.6,9335.6,9331.45,9333.8,13:20:00,9326.338313587605,1,50
2017-05-09,9329.7,9331.85,9327.8,9331.85,13:25:00,9326.658474198308,1,51
2017-05-09,9332.65,9335.15,9329.35,9329.5,13:30:00,9327.229095703233,1,52
2017-05-09,9335.45,9337.75,9333.6,9334.85,13:35:00,9328.012038969591,1,53
2017-05-09,9334.0,9336.95,9333.2,9336.95,13:40:00,9328.582320972488,1,54
2017-05-09,9331.45,9337.45,9330.9,9335.55,13:45:00,9328.855433260824,1,55
2017-05-09,9323.75,9333.8,9322.95,9332.8,13:50:00,9328.369201521698,1,56
2017-05-09,9323.45,9326.8,9319.7,9323.9,13:55:00,9327.90070613868,1,57
2017-05-09,9323.05,9326.35,9321.2,9324.95,14:00:00,9327.438734125471,1,58
2017-05-09,9327.7,9329.6,9323.45,9325.4,14:05:00,9327.463616589712,1,59
2017-05-09,9324.7,9329.9,9323.55,9329.9,14:10:00,9327.20041500974,1,60
2017-05-09,9323.25,9325.9,9323.1,9324.6,14:15:00,9326.824185008812,1,61
2017-05-09,9327.35,9327.6,9322.2,9323.45,14:20:00,9326.87426262702,1,62
2017-05-09,9322.6,9327.55,9322.2,9327.55,14:25:00,9326.467189995878,1,63
2017-05-09,9319.9,9324.4,9319.4,9322.4,14:30:00,9325.841743329604,1,64
2017-05-09,9323.0,9323.4,9316.15,9319.8,14:35:00,9325.571101107736,1,65
2017-05-09,9321.1,9324.2,9319.35,9323.2,14:40:00,9325.14528195462,1,66
2017-05-09,9311.9,9321.45,9311.5,9321.25,14:45:00,9323.883826530371,1,67
2017-05-09,9316.95,9317.0,9309.2,9311.8,14:50:00,9323.223462098907,1,68
2017-05-09,9317.4,9319.95,9316.85,9317.3,14:55:00,9322.668846660916,1,69
2017-05-09,9321.05,9322.25,9316.0,9317.35,15:00:00,9322.514670788449,1,70
2017-05-09,9319.65,9321.95,9319.4,9321.35,15:05:00,9322.241844999073,1,71
2017-05-09,9318.2,9320.3,9315.55,9319.55,15:10:00,9321.856907380114,1,72
2017-05-09,9318.35,9320.05,9316.6,9318.3,15:15:00,9321.522916201056,1,73
2017-05-09,9317.0,9319.05,9315.8,9318.9,15:20:00,9321.092162277148,1,74
2017-05-09,9317.1,9319.2,9315.2,9317.1,15:25:00,9320.711956345993,1,75
2017-05-10,9351.95,9353.0,9336.0,9338.85,09:15:00,9323.687008122562,2,1
2017-05-10,9352.3,9356.35,9348.6,9352.45,09:20:00,9326.412054968034,2,2
2017-05-10,9357.1,9359.4,9352.8,9352.9,09:25:00,9329.33471639965,2,3
2017-05-10,9358.65,9361.65,9352.3,9356.65,09:30:00,9332.12664817111,2,4
2017-05-10,9365.0,9365.8,9358.2,9358.2,09:35:00,9335.257443583385,2,5
2017-05-10,9359.25,9366.55,9359.25,9364.95,09:40:00,9337.542448956396,2,6
2017-05-10,9363.65,9365.3,9359.2,9359.7,09:45:00,9340.02888238912,2,7
2017-05-10,9377.4,9378.85,9363.6,9363.6,09:50:00,9343.588036447298,2,8
2017-05-10,9381.2,9386.85,9376.05,9376.65,09:55:00,9347.170128214222,2,9
2017-05-10,9384.7,9384.7,9379.25,9381.1,10:00:00,9350.74440171763,2,10
2017-05-10,9387.3,9388.15,9382.0,9384.15,10:05:00,9354.22588726833,2,11
2017-05-10,9382.05,9390.15,9379.6,9387.2,10:10:00,9356.875802766584,2,12
2017-05-10,9386.1,9388.75,9382.05,9382.1,10:15:00,9359.659059645955,2,13
2017-05-10,9382.45,9385.9,9380.1,9385.9,10:20:00,9361.829625393962,2,14
2017-05-10,9382.2,9384.95,9380.7,9382.2,10:25:00,9363.769661070728,2,15
2017-05-10,9383.4,9388.0,9381.7,9382.0,10:30:00,9365.63921715923,2,16
2017-05-10,9382.9,9386.15,9382.45,9382.95,10:35:00,9367.283101239304,2,17
2017-05-10,9385.15,9386.4,9382.45,9382.75,10:40:00,9368.984710645083,2,18
2017-05-10,9384.05,9386.15,9382.35,9384.75,10:45:00,9370.41950010746,2,19
2017-05-10,9386.1,9386.75,9382.15,9383.85,10:50:00,9371.912881049604,2,20
2017-05-10,9389.75,9390.5,9386.1,9386.25,10:55:00,9373.611654282977,2,21
2017-05-10,9388.55,9390.85,9388.15,9389.05,11:00:00,9375.034353875071,2,22
2017-05-10,9389.9,9392.5,9388.55,9388.75,11:05:00,9376.450129696494,2,23
2017-05-10,9388.25,9390.75,9387.5,9390.2,11:10:00,9377.573926868256,2,24
2017-05-10,9385.45,9388.35,9384.25,9388.35,11:15:00,9378.324029071278,2,25
2017-05-10,9387.25,9387.55,9384.5,9385.35,11:20:00,9379.17412154068,2,26
2017-05-10,9386.6,9390.65,9386.25,9386.8,11:25:00,9379.881348060617,2,27
2017-05-10,9381.8,9387.1,9381.25,9386.1,11:30:00,9380.064076816749,2,28
2017-05-10,9376.55,9382.3,9375.9,9381.9,11:35:00,9379.7294028342,2,29
2017-05-10,9378.3,9378.35,9373.0,9376.25,11:40:00,9379.593269230943,2,30
2017-05-10,9381.45,9381.9,9377.7,9378.2,11:45:00,9379.77010073276,2,31
2017-05-10,9381.2,9381.9,9378.0,9380.95,11:50:00,9379.906281615356,2,32
2017-05-10,9385.45,9385.45,9379.0,9380.55,11:55:00,9380.434254794844,2,33
2017-05-10,9380.25,9385.7,9380.05,9384.75,12:00:00,9380.416706719148,2,34
2017-05-10,9379.25,9381.35,9378.3,9379.95,12:05:00,9380.305591793513,2,35
2017-05-10,9380.75,9381.5,9378.65,9379.1,12:10:00,9380.347916384606,2,36
2017-05-10,9379.3,9381.05,9377.85,9380.85,12:15:00,9380.248114824168,2,37
2017-05-10,9383.25,9383.75,9378.75,9379.6,12:20:00,9380.534008650437,2,38
2017-05-10,9381.05,9384.7,9380.1,9383.55,12:25:00,9380.583150683728,2,39
2017-05-10,9373.4,9381.8,9373.35,9381.0,12:30:00,9379.899041094804,2,40
2017-05-10,9378.55,9379.4,9372.05,9373.5,12:35:00,9379.770560990535,2,41
2017-05-10,9382.55,9382.6,9377.7,9378.45,12:40:00,9380.035269467628,2,42
2017-05-10,9383.6,9384.45,9381.8,9382.3,12:45:00,9380.374767613566,2,43
2017-05-10,9382.9,9385.15,9382.7,9383.5,12:50:00,9380.615265936083,2,44
2017-05-10,9381.45,9384.45,9380.7,9383.15,12:55:00,9380.694764418362,2,45
2017-05-10,9381.6,9382.65,9378.8,9381.25,13:00:00,9380.7809773309,2,46
2017-05-10,9391.5,9391.8,9380.85,9381.1,13:05:00,9381.801836632718,2,47
2017-05-10,9384.2,9392.65,9384.05,9391.35,13:10:00,9382.030233143889,2,48
2017-05-10,9385.75,9386.85,9383.9,9384.1,13:15:00,9382.384496653993,2,49
2017-05-10,9388.0,9388.75,9385.4,9385.7,13:20:00,9382.91930649647,2,50
2017-05-10,9387.1,9389.1,9385.3,9387.75,13:25:00,9383.31746778252,2,51
2017-05-10,9380.0,9388.7,9380.0,9386.7,13:30:00,9383.0015184699,2,52
2017-05-10,9379.4,9382.1,9379.0,9380.25,13:35:00,9382.65851671086,2,53
2017-05-10,9382.15,9382.4,9375.6,9379.0,13:40:00,9382.61008654792,2,54
2017-05-10,9378.25,9382.85,9375.95,9381.85,13:45:00,9382.194840210022,2,55
2017-05-10,9381.6,9382.35,9378.1,9378.15,13:50:00,9382.13818876145,2,56
2017-05-10,9379.1,9382.9,9378.95,9381.45,13:55:00,9381.848837450836,2,57
2017-05-10,9387.5,9387.9,9379.15,9379.15,14:00:00,9382.387043407898,2,58
2017-05-10,9390.15,9392.9,9386.35,9387.25,14:05:00,9383.126372607145,2,59
2017-05-10,9391.55,9392.4,9388.8,9390.1,14:10:00,9383.928622835036,2,60
2017-05-10,9388.5,9394.25,9388.3,9391.45,14:15:00,9384.363992088842,2,61
2017-05-10,9387.8,9391.0,9386.85,9388.1,14:20:00,9384.691230937524,2,62
2017-05-10,9394.7,9395.0,9386.5,9387.45,14:25:00,9385.644447038712,2,63
2017-05-10,9394.7,9395.8,9390.45,9394.2,14:30:00,9386.506880654071,2,64
2017-05-10,9396.5,9397.2,9393.65,9394.1,14:35:00,9387.458606306063,2,65
2017-05-10,9393.3,9396.75,9392.75,9395.95,14:40:00,9388.014929515011,2,66
2017-05-10,9397.45,9398.3,9393.1,9393.2,14:45:00,9388.91350765644,2,67
2017-05-10,9398.05,9399.7,9394.3,9397.2,14:50:00,9389.783649784396,2,68
2017-05-10,9393.4,9398.15,9390.55,9397.9,14:55:00,9390.128064090644,2,69
2017-05-10,9404.5,9406.0,9392.8,9393.1,15:00:00,9391.496819891534,2,70
2017-05-10,9402.7,9406.75,9402.4,9404.4,15:05:00,9392.563789425674,2,71
2017-05-10,9405.9,9406.9,9402.25,9402.75,15:10:00,9393.833904718467,2,72
2017-05-10,9411.45,9411.65,9405.45,9405.75,15:15:00,9395.511628078611,2,73
2017-05-10,9414.3,9414.75,9409.4,9411.3,15:20:00,9397.300996833032,2,74
2017-05-10,9409.85,9413.9,9408.1,9413.9,15:25:00,9398.49613999179,2,75
2017-05-11,9436.15,9441.35,9429.95,9440.95,09:15:00,9402.082221897334,3,1
2017-05-11,9434.2,9436.45,9426.85,9435.7,09:20:00,9405.14105790711,3,2
2017-05-11,9435.4,9439.0,9432.5,9434.15,09:25:00,9408.022861915955,3,3
2017-05-11,9436.05,9436.85,9431.25,9434.95,09:30:00,9410.692113162057,3,4
2017-05-11,9434.35,9436.15,9432.0,9435.6,09:35:00,9412.94524524186,3,5
2017-05-11,9433.4,9435.0,9431.05,9433.8,09:40:00,9414.893317123588,3,6
2017-05-11,9428.9,9435.2,9426.65,9433.5,09:45:00,9416.22728692134,3,7
2017-05-11,9433.35,9433.6,9428.8,9428.95,09:50:00,9417.85802150026,3,8
2017-05-11,9436.85,9437.65,9431.65,9433.55,09:55:00,9419.66678135738,3,9
2017-05-11,9435.7,9438.25,9434.3,9437.05,10:00:00,9421.193754561438,3,10
2017-05-11,9433.85,9438.75,9433.35,9435.45,10:05:00,9422.399111269871,3,11
2017-05-11,9438.35,9441.35,9433.05,9433.6,10:10:00,9423.918243529884,3,12
2017-05-11,9438.95,9440.95,9434.55,9438.1,10:15:00,9425.349839384182,3,13
2017-05-11,9437.5,9442.55,9436.95,9438.9,10:20:00,9426.506997538068,3,14
2017-05-11,9442.15,9443.2,9436.35,9437.8,10:25:00,9427.996807296347,3,15
2017-05-11,9442.15,9445.4,9441.75,9442.55,10:30:00,9429.34473041098,3,16
2017-05-11,9444.6,9448.25,9442.35,9442.85,10:35:00,9430.797613228984,3,17
2017-05-11,9447.05,9447.7,9442.75,9444.85,10:40:00,9432.345459588129,3,18
2017-05-11,9447.8,9450.3,9446.15,9447.3,10:45:00,9433.817320579736,3,19
2017-05-11,9446.9,9449.2,9445.5,9448.0,10:50:00,9435.063290048332,3,20
2017-05-11,9447.6,9449.3,9444.7,9447.15,10:55:00,9436.257262424682,3,21
2017-05-11,9446.3,9447.9,9444.6,9447.9,11:00:00,9437.213713622332,3,22
2017-05-11,9448.4,9448.8,9443.2,9446.2,11:05:00,9438.27907422973,3,23
2017-05-11,9446.1,9449.8,9445.9,9448.6,11:10:00,9439.023924303088,3,24
2017-05-11,9448.75,9449.1,9444.25,9446.65,11:15:00,9439.950217226604,3,25
2017-05-11,9446.0,9448.75,9444.1,9448.6,11:20:00,9440.526387014546,3,26
2017-05-11,9448.85,9448.85,9445.75,9446.15,11:25:00,9441.31911206078,3,27
2017-05-11,9446.4,9449.3,9444.5,9448.9,11:30:00,9441.80300615023,3,28
2017-05-11,9447.7,9448.25,9444.35,9446.2,11:35:00,9442.364624612112,3,29
2017-05-11,9445.65,9447.7,9444.35,9447.65,11:40:00,9442.6775175062,3,30
2017-05-11,9445.6,9448.35,9442.75,9445.8,11:45:00,9442.955849172276,3,31
2017-05-11,9447.25,9447.25,9443.7,9445.8,11:50:00,9443.364815917774,3,32
2017-05-11,9447.9,9450.05,9446.7,9447.55,11:55:00,9443.796738211318,3,33
2017-05-11,9446.55,9450.0,9446.05,9447.8,12:00:00,9444.058953619764,3,34
2017-05-11,9448.85,9449.65,9446.6,9446.75,12:05:00,9444.515243751215,3,35
2017-05-11,9447.3,9450.15,9446.25,9449.55,12:10:00,9444.780458632053,3,36
2017-05-11,9447.7,9449.25,9446.3,9448.2,12:15:00,9445.058510190904,3,37
2017-05-11,9443.7,9448.75,9443.6,9448.05,12:20:00,9444.92912826796,3,38
2017-05-11,9443.55,9445.85,9443.15,9444.2,12:25:00,9444.797782718631,3,39
2017-05-11,9447.45,9448.4,9443.3,9444.25,12:30:00,9445.050374840666,3,40
2017-05-11,9445.95,9448.8,9444.4,9448.8,12:35:00,9445.13605342727,3,41
2017-05-11,9444.05,9446.6,9443.55,9446.6,12:40:00,9445.03261976753,3,42
2017-05-11,9446.4,9447.2,9441.75,9444.95,12:45:00,9445.162846456336,3,43
2017-05-11,9445.5,9448.0,9445.0,9447.15,12:50:00,9445.19495631764,3,44
2017-05-11,9440.2,9448.25,9439.85,9446.2,12:55:00,9444.71924619215,3,45
2017-05-11,9439.9,9442.2,9438.4,9441.1,13:00:00,9444.260270364326,3,46
2017-05-11,9437.65,9443.35,9437.3,9441.05,13:05:00,9443.63072080582,3,47
2017-05-11,9432.3,9439.95,9431.3,9437.15,13:10:00,9442.551604538598,3,48
2017-05-11,9432.65,9435.55,9426.15,9432.45,13:15:00,9441.608594582542,3,49
2017-05-11,9423.8,9433.2,9422.75,9433.2,13:20:00,9439.912537955634,3,50
2017-05-11,9431.35,9432.35,9423.45,9424.8,13:25:00,9439.097058150335,3,51
2017-05-11,9427.05,9433.55,9426.95,9432.05,13:30:00,9437.949719278871,3,52
2017-05-11,9431.55,9433.75,9424.75,9427.65,13:35:00,9437.340222204695,3,53
2017-05-11,9431.6,9434.4,9429.1,9432.35,13:40:00,9436.793534375676,3,54
2017-05-11,9431.65,9434.1,9429.65,9432.0,13:45:00,9436.303673958946,3,55
2017-05-11,9440.2,9441.05,9431.75,9431.85,13:50:00,9436.674752629524,3,56
2017-05-11,9436.6,9441.75,9435.9,9440.85,13:55:00,9436.667633331475,3,57
2017-05-11,9436.3,9438.8,9434.35,9437.85,14:00:00,9436.632620633238,3,58
2017-05-11,9440.4,9440.8,9434.85,9437.3,14:05:00,9436.991418668167,3,59
2017-05-11,9433.05,9442.85,9429.5,9441.15,14:10:00,9436.616045461677,3,60
2017-05-11,9436.35,9439.35,9432.05,9433.1,14:15:00,9436.59070779866,3,61
2017-05-11,9442.7,9443.15,9437.1,9437.85,14:20:00,9437.172545151168,3,62
2017-05-11,9443.6,9445.85,9441.55,9443.1,14:25:00,9437.7846837082,3,63
2017-05-11,9438.1,9443.75,9436.05,9443.75,14:30:00,9437.814713831229,3,64
2017-05-11,9440.65,9440.65,9436.85,9438.25,14:35:00,9438.084741085398,3,65
2017-05-11,9440.25,9441.75,9437.45,9441.05,14:40:00,9438.290956220124,3,66
2017-05-11,9438.95,9441.55,9437.5,9441.1,14:45:00,9438.353722294398,3,67
2017-05-11,9437.5,9440.7,9437.0,9439.45,14:50:00,9438.272415409216,3,68
2017-05-11,9432.2,9439.65,9431.65,9438.4,14:55:00,9437.694090132149,3,69
2017-05-11,9428.1,9437.5,9425.35,9432.5,15:00:00,9436.780367262418,3,70
2017-05-11,9423.4,9429.1,9419.7,9429.1,15:05:00,9435.50604657076,3,71
2017-05-11,9426.65,9427.9,9421.45,9423.65,15:10:00,9434.66261356402,3,72
2017-05-11,9423.8,9428.25,9423.6,9427.3,15:15:00,9433.628078938877,3,73
2017-05-11,9412.3,9424.1,9411.45,9424.1,15:20:00,9431.596833325648,3,74
2017-05-11,9412.15,9416.65,9411.3,9412.4,15:25:00,9429.7447539613,3,75
2017-05-12,9428.35,9437.75,9420.5,9434.8,09:15:00,9429.6119202507,4,1
2017-05-12,9417.5,9430.45,9414.2,9428.25,09:20:00,9428.458404036348,4,2
2017-05-12,9418.35,9420.7,9408.95,9417.85,09:25:00,9427.495698890029,4,3
2017-05-12,9405.8,9420.75,9405.0,9418.1,09:30:00,9425.429441852884,4,4
2017-05-12,9403.3,9408.45,9398.95,9405.9,09:35:00,9423.32187596213,4,5
2017-05-12,9397.8,9406.15,9396.35,9403.7,09:40:00,9420.891221108594,4,6
2017-05-12,9393.65,9398.7,9387.2,9397.9,09:45:00,9418.296819098252,4,7
2017-05-12,9390.35,9395.35,9388.65,9393.75,09:50:00,9415.635217279372,4,8
2017-05-12,9392.25,9394.2,9384.05,9390.15,09:55:00,9413.408053728956,4,9
2017-05-12,9402.0,9402.0,9389.95,9392.55,10:00:00,9412.321572421435,4,10
2017-05-12,9400.85,9403.9,9398.95,9402.05,10:05:00,9411.229041714632,4,11
2017-05-12,9408.05,9408.9,9400.7,9401.3,10:10:00,9410.926275837048,4,12
2017-05-12,9405.05,9408.3,9401.0,9408.0,10:15:00,9410.366630519236,4,13
2017-05-12,9408.3,9408.4,9403.9,9405.15,10:20:00,9410.169808565022,4,14
2017-05-12,9406.5,9408.6,9404.55,9408.45,10:25:00,9409.820302987402,4,15
2017-05-12,9401.65,9406.65,9401.25,9406.65,10:30:00,9409.042178893364,4,16
2017-05-12,9400.55,9402.95,9398.45,9401.9,10:35:00,9408.233399951136,4,17
2017-05-12,9402.75,9403.4,9400.15,9400.8,10:40:00,9407.711171384362,4,18
2017-05-12,9403.05,9404.05,9400.2,9402.8,10:45:00,9407.267250300138,4,19
2017-05-12,9403.5,9403.95,9402.0,9403.55,10:50:00,9406.908464557268,4,20
2017-05-12,9400.1,9403.5,9399.65,9403.4,10:55:00,9406.260039361336,4,21
2017-05-12,9400.5,9402.75,9399.8,9400.0,11:00:00,9405.711464184067,4,22
2017-05-12,9404.3,9404.3,9400.1,9400.7,11:05:00,9405.57703902368,4,23
2017-05-12,9407.5,9407.65,9402.65,9404.05,11:10:00,9405.760178164282,4,24
2017-05-12,9408.3,9408.3,9405.1,9407.8,11:15:00,9406.00206595816,4,25
2017-05-12,9404.3,9408.25,9402.55,9407.9,11:20:00,9405.839964438335,4,26
2017-05-12,9397.35,9405.0,9397.2,9404.15,11:25:00,9405.03139639659,4,27
2017-05-12,9396.25,9397.4,9392.25,9397.4,11:30:00,9404.195072930248,4,28
2017-05-12,9391.85,9396.65,9391.6,9396.0,11:35:00,9403.019351698797,4,29
2017-05-12,9399.45,9400.15,9391.45,9392.2,11:40:00,9402.679413441769,4,30
2017-05-12,9400.6,9402.55,9398.35,9399.6,11:45:00,9402.48137406636,4,31
2017-05-12,9395.4,9401.05,9394.75,9400.95,11:50:00,9401.806957488612,4,32
2017-05-12,9392.15,9396.5,9391.6,9395.1,11:55:00,9400.8872472516,4,33
2017-05-12,9396.3,9396.35,9386.95,9392.35,12:00:00,9400.450366560972,4,34
2017-05-12,9394.2,9397.05,9392.9,9396.45,12:05:00,9399.855093555165,4,35
2017-05-12,9393.65,9395.9,9392.25,9394.35,12:10:00,9399.264132264198,4,36
2017-05-12,9392.4,9394.75,9391.3,9393.8,12:15:00,9398.610405381893,4,37
2017-05-12,9398.85,9399.25,9392.6,9392.7,12:20:00,9398.63322391695,4,38
2017-05-12,9394.9,9399.55,9394.4,9398.8,12:25:00,9398.277678782002,4,39
2017-05-12,9390.85,9395.4,9389.65,9395.2,12:30:00,9397.570280802764,4,40
2017-05-12,9389.95,9392.7,9389.4,9390.75,12:35:00,9396.844539773929,4,41
2017-05-12,9386.65,9391.05,9386.05,9390.0,12:40:00,9395.87363122403,4,42
2017-05-12,9383.65,9386.65,9381.3,9386.55,12:45:00,9394.70947586936,4,43
2017-05-12,9379.7,9385.35,9377.0,9383.8,12:50:00,9393.28000197704,4,44
2017-05-12,9380.55,9382.0,9379.35,9379.65,12:55:00,9392.06762083637,4,45
2017-05-12,9387.75,9387.95,9380.1,9380.1,13:00:00,9391.656418851951,4,46
2017-05-12,9390.25,9394.0,9386.75,9387.5,13:05:00,9391.522474199386,4,47
2017-05-12,9388.3,9390.35,9387.6,9390.15,13:10:00,9391.215571894683,4,48
2017-05-12,9387.1,9391.05,9386.0,9388.15,13:15:00,9390.823612666618,4,49
2017-05-12,9391.55,9391.55,9385.8,9386.9,13:20:00,9390.892792412653,4,50
2017-05-12,9393.5,9395.35,9388.6,9391.7,13:25:00,9391.141097897162,4,51
2017-05-12,9398.65,9399.65,9392.1,9393.85,13:30:00,9391.856231430766,4,52
2017-05-12,9393.8,9398.85,9393.05,9398.85,13:35:00,9392.041352246884,4,53
2017-05-12,9395.75,9396.15,9391.85,9394.5,13:40:00,9392.3945567948,4,54
2017-05-12,9397.85,9399.5,9395.6,9395.85,13:45:00,9392.914122814342,4,55
2017-05-12,9398.95,9399.8,9396.15,9398.45,13:50:00,9393.488968260595,4,56
2017-05-12,9387.95,9399.5,9384.2,9399.45,13:55:00,9392.961447473872,4,57
2017-05-12,9389.8,9392.45,9386.0,9388.0,14:00:00,9392.660357238265,4,58
2017-05-12,9383.25,9392.0,9380.55,9389.9,14:05:00,9391.76413273938,4,59
2017-05-12,9387.8,9389.5,9382.15,9382.95,14:10:00,9391.386596288012,4,60
2017-05-12,9388.95,9389.55,9385.7,9387.75,14:15:00,9391.15453949868,4,61
2017-05-12,9392.4,9396.05,9388.6,9389.2,14:20:00,9391.27315478452,4,62
2017-05-12,9396.7,9397.9,9392.0,9392.35,14:25:00,9391.789997185992,4,63
2017-05-12,9387.4,9396.9,9386.4,9396.75,14:30:00,9391.371902215898,4,64
2017-05-12,9384.85,9387.75,9380.4,9387.75,14:35:00,9390.750768671527,4,65
2017-05-12,9381.6,9387.3,9380.8,9384.9,14:40:00,9389.879266893287,4,66
2017-05-12,9378.25,9382.4,9372.55,9381.8,14:45:00,9388.771717665357,4,67
2017-05-12,9387.8,9391.75,9378.05,9378.4,14:50:00,9388.679173125798,4,68
2017-05-12,9385.7,9389.35,9382.8,9387.5,14:55:00,9388.395442351914,4,69
2017-05-12,9396.2,9398.5,9386.95,9387.25,15:00:00,9389.138733556494,4,70
2017-05-12,9398.8,9401.05,9395.85,9396.45,15:05:00,9390.058854170162,4,71
2017-05-12,9397.6,9399.5,9394.3,9399.05,15:10:00,9390.777058534908,4,72
2017-05-12,9403.2,9404.7,9397.65,9398.1,15:15:00,9391.960195817295,4,73
2017-05-12,9401.85,9403.5,9399.05,9403.0,15:20:00,9392.902081929937,4,74
2017-05-12,9408.35,9408.55,9401.95,9401.95,15:25:00,9394.373312222322,4,75
2017-05-15,9434.0,9435.6,9426.7,9431.25,09:15:00,9398.147282486863,0,1
2017-05-15,9436.9,9443.55,9432.55,9433.7,09:20:00,9401.838017488117,0,2
2017-05-15,9433.4,9441.65,9432.2,9436.05,09:25:00,9404.843920584484,0,3
2017-05-15,9426.5,9437.35,9425.45,9433.6,09:30:00,9406.906404338342,0,4
2017-05-15,9432.5,9435.3,9425.95,9426.75,09:35:00,9409.343889639453,0,5
2017-05-15,9428.35,9434.95,9428.2,9432.55,09:40:00,9411.153995388077,0,6
2017-05-15,9425.8,9432.8,9423.1,9428.5,09:45:00,9412.548852970162,0,7
2017-05-15,9432.85,9434.65,9425.65,9425.9,09:50:00,9414.482295544432,0,8
2017-05-15,9431.65,9433.4,9426.85,9432.75,09:55:00,9416.11731501639,0,9
2017-05-15,9435.75,9437.25,9431.85,9431.85,10:00:00,9417.98709453864,0,10
2017-05-15,9436.45,9439.05,9435.0,9436.0,10:05:00,9419.74546648734,0,11
2017-05-15,9437.85,9438.95,9435.7,9436.35,10:10:00,9421.46970777426,0,12
2017-05-15,9441.95,9442.25,9437.15,9437.9,10:15:00,9423.42021179576,0,13
2017-05-15,9441.4,9443.75,9440.2,9442.05,10:20:00,9425.132572577117,0,14
2017-05-15,9441.5,9444.2,9439.2,9441.3,10:25:00,9426.691375188817,0,15
2017-05-15,9440.05,9443.15,9437.5,9441.65,10:30:00,9427.963625170834,0,16
2017-05-15,9444.1,9444.65,9439.05,9440.1,10:35:00,9429.500422773614,0,17
2017-05-15,9443.8,9445.35,9441.6,9444.0,10:40:00,9430.862287271364,0,18
2017-05-15,9442.25,9444.05,9439.75,9443.9,10:45:00,9431.946831340758,0,19
2017-05-15,9441.4,9443.4,9440.3,9442.2,10:50:00,9432.847133117828,0,20
2017-05-15,9439.35,9441.35,9438.6,9441.15,10:55:00,9433.466453773271,0,21
2017-05-15,9439.85,9440.85,9438.35,9439.2,11:00:00,9434.07441055677,0,22
2017-05-15,9441.05,9441.55,9436.85,9439.7,11:05:00,9434.738752408506,0,23
2017-05-15,9440.1,9441.6,9439.3,9440.9,11:10:00,9435.24934741722,0,24
2017-05-15,9442.85,9443.25,9438.15,9440.15,11:15:00,9435.973219091771,0,25
2017-05-15,9443.05,9443.15,9440.85,9442.55,11:20:00,9436.647198225888,0,26
2017-05-15,9443.1,9444.25,9439.9,9442.9,11:25:00,9437.261750775804,0,27
2017-05-15,9444.85,9445.9,9442.55,9443.2,11:30:00,9437.984441178109,0,28
2017-05-15,9442.3,9445.3,9442.05,9445.05,11:35:00,9438.395446780194,0,29
2017-05-15,9444.1,9444.45,9441.4,9442.65,11:40:00,9438.938737563032,0,30
2017-05-15,9440.55,9444.45,9440.55,9444.0,11:45:00,9439.09219112846,0,31
2017-05-15,9441.2,9442.45,9440.35,9440.75,11:50:00,9439.29293483051,0,32
2017-05-15,9439.15,9441.4,9438.0,9441.4,11:55:00,9439.27932198951,0,33
2017-05-15,9446.05,9448.1,9439.0,9439.25,12:00:00,9439.9241484667,0,34
2017-05-15,9440.65,9448.1,9439.4,9446.1,12:05:00,9439.993277184158,0,35
2017-05-15,9438.7,9441.2,9436.8,9440.9,12:10:00,9439.870107928524,0,36
2017-05-15,9438.6,9439.0,9436.95,9438.55,12:15:00,9439.749145268665,0,37
2017-05-15,9439.05,9439.95,9437.9,9438.2,12:20:00,9439.682560004983,0,38
2017-05-15,9442.9,9443.1,9438.8,9438.95,12:25:00,9439.988982861652,0,39
2017-05-15,9445.7,9446.1,9442.4,9443.0,12:30:00,9440.53288925578,0,40
2017-05-15,9444.6,9446.35,9443.95,9445.8,12:35:00,9440.920233136185,0,41
2017-05-15,9444.8,9446.6,9444.2,9444.8,12:40:00,9441.28973474226,0,42
2017-05-15,9438.4,9444.95,9438.3,9444.95,12:45:00,9441.014521909665,0,43
2017-05-15,9429.9,9439.05,9429.9,9438.7,12:50:00,9439.955996013508,0,44
2017-05-15,9431.05,9433.5,9428.2,9429.7,12:55:00,9439.10780591698,0,45
2017-05-15,9434.85,9435.1,9430.3,9431.1,13:00:00,9438.702300591554,0,46
2017-05-15,9432.65,9435.5,9431.05,9435.05,13:05:00,9438.125891011408,0,47
2017-05-15,9430.6,9432.5,9430.35,9432.35,13:10:00,9437.40913948651,0,48
2017-05-15,9429.4,9434.65,9429.3,9430.55,13:15:00,9436.646364297318,0,49
2017-05-15,9433.2,9433.4,9429.15,9429.15,13:20:00,9436.318139126144,0,50
2017-05-15,9435.05,9435.7,9432.4,9433.3,13:25:00,9436.197363971274,0,51
2017-05-15,9436.7,9437.4,9434.25,9435.15,13:30:00,9436.245234069249,0,52
2017-05-15,9434.55,9437.45,9433.0,9436.45,13:35:00,9436.083783205511,0,53
2017-05-15,9434.2,9436.05,9432.95,9434.5,13:40:00,9435.904375281178,0,54
2017-05-15,9436.25,9438.25,9433.9,9434.25,13:45:00,9435.937291921064,0,55
2017-05-15,9439.4,9439.4,9435.0,9436.45,13:50:00,9436.267073642868,0,56
2017-05-15,9437.65,9439.25,9435.0,9439.15,13:55:00,9436.398780914977,0,57
2017-05-15,9439.25,9440.1,9437.0,9437.55,14:00:00,9436.67032558974,0,58
2017-05-15,9440.7,9441.1,9436.8,9438.9,14:05:00,9437.054104105004,0,59
2017-05-15,9441.25,9443.45,9439.6,9440.5,14:10:00,9437.45371323786,0,60
2017-05-15,9443.95,9444.6,9440.8,9441.45,14:15:00,9438.072407215206,0,61
2017-05-15,9443.45,9445.0,9440.0,9444.0,14:20:00,9438.584558908997,0,62
2017-05-15,9439.2,9443.95,9438.4,9442.95,14:25:00,9438.643172346236,0,63
2017-05-15,9445.0,9445.9,9438.7,9439.35,14:30:00,9439.248584503735,0,64
2017-05-15,9444.05,9446.95,9443.3,9445.55,14:35:00,9439.705862170047,0,65
2017-05-15,9444.65,9446.15,9441.65,9443.75,14:40:00,9440.176732439566,0,66
2017-05-15,9443.1,9446.35,9441.9,9444.85,14:45:00,9440.455138873893,0,67
2017-05-15,9443.55,9444.65,9441.3,9442.8,14:50:00,9440.749887552569,0,68
2017-05-15,9442.85,9445.35,9441.95,9443.5,14:55:00,9440.94989826185,0,69
2017-05-15,9446.3,9446.8,9443.05,9443.05,15:00:00,9441.45943176072,0,70
2017-05-15,9447.25,9448.75,9445.15,9446.4,15:05:00,9442.010914450177,0,71
2017-05-15,9446.2,9448.85,9444.3,9447.3,15:10:00,9442.409874978732,0,72
2017-05-15,9446.75,9449.25,9444.65,9446.7,15:15:00,9442.823220218852,0,73
2017-05-15,9443.75,9445.85,9441.05,9445.65,15:20:00,9442.911484959914,0,74
2017-05-15,9445.85,9447.75,9442.55,9443.6,15:25:00,9443.19134353516,0,75
2017-05-16,9460.2,9466.05,9456.35,9465.55,09:15:00,9444.811215579432,1,1
2017-05-16,9470.9,9470.95,9456.6,9459.6,09:20:00,9447.295861714723,1,2
2017-05-16,9482.25,9486.15,9471.0,9471.0,09:25:00,9450.624827265705,1,3
2017-05-16,9487.35,9491.75,9479.45,9481.55,09:30:00,9454.122462764206,1,4
2017-05-16,9485.8,9492.6,9485.6,9486.95,09:35:00,9457.139371072377,1,5
2017-05-16,9486.05,9486.9,9482.65,9486.9,09:40:00,9459.89276430358,1,6
2017-05-16,9480.4,9487.05,9480.4,9485.65,09:45:00,9461.845834369904,1,7
2017-05-16,9484.6,9484.8,9478.75,9480.55,09:50:00,9464.012897763248,1,8
2017-05-16,9482.65,9484.75,9480.8,9484.75,09:55:00,9465.787859881031,1,9
2017-05-16,9477.65,9482.95,9476.5,9482.85,10:00:00,9466.91758751141,1,10
2017-05-16,9471.95,9478.75,9466.55,9477.25,10:05:00,9467.396864891276,1,11
2017-05-16,9470.15,9472.75,9468.2,9472.15,10:10:00,9467.659068234963,1,12
2017-05-16,9472.3,9472.3,9466.2,9469.9,10:15:00,9468.101061736395,1,13
2017-05-16,9469.3,9475.55,9469.15,9472.45,10:20:00,9468.21524633293,1,14
2017-05-16,9473.0,9473.7,9469.35,9469.5,10:25:00,9468.670937158364,1,15
2017-05-16,9469.55,9473.95,9469.2,9472.9,10:30:00,9468.754657428995,1,16
2017-05-16,9468.35,9470.2,9467.7,9469.7,10:35:00,9468.716118626236,1,17
2017-05-16,9469.9,9470.45,9466.95,9468.25,10:40:00,9468.82886923326,1,18
2017-05-16,9466.0,9470.15,9464.15,9469.7,10:45:00,9468.559453115806,1,19
2017-05-16,9463.6,9467.0,9460.95,9466.6,10:50:00,9468.087124247631,1,20
2017-05-16,9466.85,9468.05,9463.15,9463.55,10:55:00,9467.969302890717,1,21
2017-05-16,9470.45,9471.65,9465.95,9466.5,11:00:00,9468.205559758268,1,22
2017-05-16,9471.05,9473.2,9469.95,9470.3,11:05:00,9468.476458828907,1,23
2017-05-16,9473.65,9474.05,9469.3,9470.85,11:10:00,9468.96917703568,1,24
2017-05-16,9472.65,9474.25,9469.05,9473.5,11:15:00,9469.319731603711,1,25
2017-05-16,9468.45,9472.6,9468.3,9472.5,11:20:00,9469.236900022406,1,26
2017-05-16,9470.1,9471.7,9468.05,9468.55,11:25:00,9469.319100020271,1,27
2017-05-16,9468.05,9470.35,9467.75,9470.25,11:30:00,9469.198233351675,1,28
2017-05-16,9468.2,9470.35,9467.9,9468.3,11:35:00,9469.103163508658,1,29
2017-05-16,9468.15,9469.95,9467.5,9468.1,11:40:00,9469.012386031643,1,30
2017-05-16,9471.8,9472.5,9467.85,9468.25,11:45:00,9469.27787307625,1,31
2017-05-16,9468.2,9472.55,9465.9,9471.85,11:50:00,9469.17521849756,1,32
2017-05-16,9468.25,9469.3,9467.05,9467.75,11:55:00,9469.087102450174,1,33
2017-05-16,9466.7,9468.35,9465.7,9468.15,12:00:00,9468.859759359682,1,34
2017-05-16,9468.85,9469.45,9466.2,9466.95,12:05:00,9468.858829896855,1,35
2017-05-16,9467.4,9470.85,9467.1,9469.2,12:10:00,9468.7198937162,1,36
2017-05-16,9470.9,9472.1,9467.65,9467.65,12:15:00,9468.927522886086,1,37
2017-05-16,9472.6,9473.55,9470.25,9470.95,12:20:00,9469.27728261122,1,38
2017-05-16,9475.95,9477.3,9472.0,9472.55,12:25:00,9469.91277950539,1,39
2017-05-16,9474.2,9477.35,9474.05,9476.35,12:30:00,9470.32108621916,1,40
2017-05-16,9473.9,9475.05,9471.8,9473.95,12:35:00,9470.661935150669,1,41
2017-05-16,9476.15,9476.4,9473.4,9474.0,12:40:00,9471.184607993462,1,42
2017-05-16,9477.4,9479.35,9475.65,9475.9,12:45:00,9471.776550089324,1,43
2017-05-16,9477.5,9479.9,9475.0,9477.25,12:50:00,9472.321640557007,1,44
2017-05-16,9478.9,9479.25,9476.35,9477.85,12:55:00,9472.94815098015,1,45
2017-05-16,9480.55,9481.95,9478.8,9479.0,13:00:00,9473.672136601088,1,46
2017-05-16,9483.05,9484.15,9479.25,9480.4,13:05:00,9474.565266448602,1,47
2017-05-16,9482.4,9484.25,9480.85,9482.9,13:10:00,9475.311431548736,1,48
2017-05-16,9485.95,9486.75,9481.25,9482.25,13:15:00,9476.324628544096,1,49
2017-05-16,9483.0,9486.55,9482.25,9486.0,13:20:00,9476.960378206562,1,50
2017-05-16,9488.4,9489.15,9482.5,9482.75,13:25:00,9478.049865996412,1,51
2017-05-16,9487.55,9491.5,9487.3,9488.75,13:30:00,9478.954640663422,1,52
2017-05-16,9488.05,9488.7,9485.1,9487.1,13:35:00,9479.820865362144,1,53
2017-05-16,9489.45,9489.9,9487.25,9487.9,13:40:00,9480.737925803844,1,54
2017-05-16,9495.7,9495.95,9489.15,9489.65,13:45:00,9482.162885251098,1,55
2017-05-16,9492.0,9498.35,9490.9,9496.1,13:50:00,9483.099753322422,1,56
2017-05-16,9498.15,9501.5,9491.35,9491.9,13:55:00,9484.53311014886,1,57
2017-05-16,9503.8,9505.7,9497.75,9498.35,14:00:00,9486.368052039445,1,58
2017-05-16,9502.5,9507.1,9502.4,9503.85,14:05:00,9487.904428035688,1,59
2017-05-16,9511.9,9512.5,9502.75,9502.75,14:10:00,9490.189720603716,1,60
2017-05-16,9507.05,9513.6,9506.95,9511.5,14:15:00,9491.7954614986,1,61
2017-05-16,9506.3,9511.55,9506.3,9507.75,14:20:00,9493.176846117782,1,62
2017-05-16,9513.25,9513.45,9506.95,9506.95,14:25:00,9495.088575058946,1,63
2017-05-16,9507.25,9514.7,9507.25,9514.05,14:30:00,9496.246806005714,1,64
2017-05-16,9513.25,9514.35,9507.65,9508.95,14:35:00,9497.866157814691,1,65
2017-05-16,9513.4,9517.2,9512.0,9513.15,14:40:00,9499.34557135615,1,66
2017-05-16,9505.95,9513.6,9504.95,9512.75,14:45:00,9499.974564560329,1,67
2017-05-16,9504.25,9506.45,9501.8,9505.65,14:50:00,9500.381748887914,1,68
2017-05-16,9508.05,9508.1,9502.45,9504.1,14:55:00,9501.112058517636,1,69
2017-05-16,9512.7,9515.45,9507.6,9508.3,15:00:00,9502.215671992148,1,70
2017-05-16,9512.05,9514.75,9510.65,9512.4,15:05:00,9503.152274659562,1,71
2017-05-16,9511.05,9513.2,9509.55,9511.95,15:10:00,9503.904438977695,1,72
2017-05-16,9511.35,9514.65,9508.45,9510.45,15:15:00,9504.613540027442,1,73
2017-05-16,9512.25,9515.1,9510.9,9510.95,15:20:00,9505.340821929589,1,74
2017-05-16,9509.7,9514.05,9509.25,9511.95,15:25:00,9505.755981745817,1,75
2017-05-17,9497.0,9521.0,9489.7,9516.2,09:15:00,9504.922078722406,2,1
2017-05-17,9501.7,9501.7,9494.55,9496.7,09:20:00,9504.615214082176,2,2
2017-05-17,9499.45,9502.75,9496.7,9500.9,09:25:00,9504.123288931492,2,3
2017-05-17,9509.55,9509.85,9500.45,9500.45,09:30:00,9504.640118557065,2,4
2017-05-17,9500.6,9509.4,9499.85,9509.25,09:35:00,9504.255345361154,2,5
2017-05-17,9505.65,9506.0,9497.35,9500.4,09:40:00,9504.388169612472,2,6
2017-05-17,9510.05,9512.45,9504.85,9505.05,09:45:00,9504.927391554142,2,7
2017-05-17,9509.05,9510.6,9505.7,9510.25,09:50:00,9505.320020929938,2,8
2017-05-17,9511.85,9515.2,9509.2,9509.4,09:55:00,9505.941923698514,2,9
2017-05-17,9507.05,9512.6,9505.4,9512.1,10:00:00,9506.047454774844,2,10
2017-05-17,9509.7,9510.5,9507.25,9507.25,10:05:00,9506.395316224862,2,11
2017-05-17,9514.15,9515.4,9509.6,9509.6,10:10:00,9507.13385753678,2,12
2017-05-17,9516.55,9516.85,9513.05,9514.05,10:15:00,9508.030633009468,2,13
2017-05-17,9515.25,9519.05,9513.85,9516.65,10:20:00,9508.718191770471,2,14
2017-05-17,9508.95,9516.15,9507.65,9515.35,10:25:00,9508.740268744712,2,15
2017-05-17,9511.9,9513.2,9509.0,9509.0,10:30:00,9509.04119553093,2,16
2017-05-17,9508.95,9513.15,9507.45,9511.85,10:35:00,9509.03251024227,2,17
2017-05-17,9510.3,9512.45,9508.15,9509.35,10:40:00,9509.15322355253,2,18
2017-05-17,9506.95,9511.5,9506.95,9510.25,10:45:00,9508.943392738003,2,19
2017-05-17,9507.6,9510.45,9507.0,9507.15,10:50:00,9508.81545057248,2,20
2017-05-17,9513.05,9513.6,9507.3,9507.3,10:55:00,9509.218740994149,2,21
2017-05-17,9512.95,9514.5,9511.7,9512.85,11:00:00,9509.574098994706,2,22
2017-05-17,9507.75,9513.55,9506.05,9512.9,11:05:00,9509.400375280924,2,23
2017-05-17,9507.3,9510.1,9506.2,9507.5,11:10:00,9509.200339539884,2,24
2017-05-17,9504.8,9511.15,9504.4,9507.15,11:15:00,9508.781259583706,2,25
2017-05-17,9497.55,9506.1,9496.55,9504.65,11:20:00,9507.711615813829,2,26
2017-05-17,9502.3,9502.8,9497.4,9497.7,11:25:00,9507.19622383156,2,27
2017-05-17,9504.2,9504.6,9501.35,9502.15,11:30:00,9506.910869180934,2,28
2017-05-17,9501.75,9505.4,9501.4,9504.3,11:35:00,9506.419357830368,2,29
2017-05-17,9499.05,9503.0,9497.95,9501.9,11:40:00,9505.717514227475,2,30
2017-05-17,9501.9,9502.25,9498.75,9499.15,11:45:00,9505.353941443907,2,31
2017-05-17,9503.3,9503.75,9500.5,9501.8,11:50:00,9505.15832797306,2,32
2017-05-17,9505.15,9505.3,9502.3,9503.55,11:55:00,9505.15753483277,2,33
2017-05-17,9504.1,9507.75,9501.95,9505.55,12:00:00,9505.056817229648,2,34
2017-05-17,9506.35,9506.85,9502.2,9503.4,12:05:00,9505.179977493492,2,35
2017-05-17,9504.35,9506.9,9502.95,9505.95,12:10:00,9505.10093201792,2,36
2017-05-17,9499.45,9504.35,9498.25,9503.85,12:15:00,9504.562748016217,2,37
2017-05-17,9499.1,9501.55,9498.3,9499.6,12:20:00,9504.042486300385,2,38
2017-05-17,9499.85,9500.9,9497.35,9499.35,12:25:00,9503.643201890824,2,39
2017-05-17,9489.25,9500.25,9489.25,9499.8,12:30:00,9502.272420758363,2,40
2017-05-17,9491.25,9492.95,9486.1,9489.15,12:35:00,9501.222666400425,2,41
2017-05-17,9497.25,9498.5,9491.0,9491.65,12:40:00,9500.844317219431,2,42
2017-05-17,9499.45,9502.95,9496.5,9497.8,12:45:00,9500.711525103296,2,43
2017-05-17,9500.25,9504.0,9498.5,9499.5,12:50:00,9500.667570331552,2,44
2017-05-17,9502.5,9502.8,9497.7,9500.2,12:55:00,9500.842087442834,2,45
2017-05-17,9508.7,9508.7,9502.05,9502.65,13:00:00,9501.590460067326,2,46
2017-05-17,9507.85,9510.05,9504.65,9507.7,13:05:00,9502.18660672758,2,47
2017-05-17,9513.3,9514.15,9507.4,9507.65,13:10:00,9503.245025134478,2,48
2017-05-17,9514.35,9514.55,9509.25,9513.8,13:15:00,9504.302641788336,2,49
2017-05-17,9518.0,9519.1,9514.75,9514.85,13:20:00,9505.607152094211,2,50
2017-05-17,9517.85,9518.75,9513.3,9518.4,13:25:00,9506.773137609049,2,51
2017-05-17,9516.4,9519.9,9515.9,9517.9,13:30:00,9507.689981646285,2,52
2017-05-17,9521.55,9523.05,9515.85,9516.5,13:35:00,9509.009983394257,2,53
2017-05-17,9527.15,9528.15,9521.9,9522.0,13:40:00,9510.737604023374,2,54
2017-05-17,9523.4,9527.65,9521.4,9527.25,13:45:00,9511.94354649734,2,55
2017-05-17,9524.95,9525.65,9522.3,9523.2,13:50:00,9513.182256354736,2,56
2017-05-17,9527.15,9529.3,9524.4,9525.2,13:55:00,9514.512517654286,2,57
2017-05-17,9523.35,9527.7,9517.7,9527.4,14:00:00,9515.354182639592,2,58
2017-05-17,9525.25,9528.8,9522.2,9523.4,14:05:00,9516.296641435822,2,59
2017-05-17,9524.05,9527.6,9524.05,9525.05,14:10:00,9517.035056537172,2,60
2017-05-17,9528.55,9531.5,9523.9,9525.45,14:15:00,9518.131717819346,2,61
2017-05-17,9524.4,9529.95,9524.3,9528.5,14:20:00,9518.728697074646,2,62
2017-05-17,9526.65,9530.1,9524.6,9526.1,14:25:00,9519.48310687706,2,63
2017-05-17,9523.05,9530.25,9520.8,9526.35,14:30:00,9519.822810984007,2,64
2017-05-17,9523.85,9525.85,9521.9,9524.55,14:35:00,9520.206352795054,2,65
2017-05-17,9519.05,9525.1,9516.3,9523.65,14:40:00,9520.096223957433,2,66
2017-05-17,9517.8,9519.3,9513.7,9518.9,14:45:00,9519.877535961488,2,67
2017-05-17,9517.8,9521.8,9516.3,9518.0,14:50:00,9519.679675393729,2,68
2017-05-17,9515.0,9520.65,9514.2,9518.2,14:55:00,9519.233992022895,2,69
2017-05-17,9526.15,9527.65,9515.7,9516.0,15:00:00,9519.892659449286,2,70
2017-05-17,9531.15,9532.3,9526.4,9526.95,15:05:00,9520.964787120784,2,71
2017-05-17,9529.6,9532.6,9527.1,9531.1,15:10:00,9521.787188347376,2,72
2017-05-17,9526.2,9530.25,9525.1,9529.8,15:15:00,9522.207456123817,2,73
2017-05-17,9522.65,9526.8,9522.65,9526.3,15:20:00,9522.249603159644,2,74
2017-05-17,9518.0,9524.55,9516.55,9522.8,15:25:00,9521.844879049202,2,75
2017-05-18,9480.1,9483.55,9448.75,9451.0,09:15:00,9517.869176282613,3,1
2017-05-18,9488.3,9488.3,9476.7,9479.8,09:20:00,9515.053064255697,3,2
2017-05-18,9487.2,9489.1,9483.2,9488.7,09:25:00,9512.40039146944,3,3
2017-05-18,9484.2,9488.95,9480.35,9487.75,09:30:00,9509.71463990092,3,4
2017-05-18,9484.4,9488.55,9481.4,9484.1,09:35:00,9507.303721815118,3,5
2017-05-18,9479.35,9486.85,9479.3,9484.25,09:40:00,9504.64146259463,3,6
2017-05-18,9477.95,9481.6,9473.25,9479.15,09:45:00,9502.099418538,3,7
2017-05-18,9469.6,9477.6,9469.5,9477.6,09:50:00,9499.004235820094,3,8
2017-05-18,9465.0,9470.45,9464.45,9469.65,09:55:00,9495.76573717056,3,9
2017-05-18,9465.6,9465.65,9460.05,9464.85,10:00:00,9492.892809820984,3,10
2017-05-18,9467.7,9469.0,9465.1,9465.9,10:05:00,9490.493494599938,3,11
2017-05-18,9465.0,9470.25,9464.55,9467.85,10:10:00,9488.065542733277,3,12
2017-05-18,9460.95,9464.95,9460.75,9464.95,10:15:00,9485.483110092013,3,13
2017-05-18,9463.6,9466.25,9459.75,9461.4,10:20:00,9483.39900436896,3,14
2017-05-18,9456.2,9464.6,9454.85,9463.55,10:25:00,9480.808623000488,3,15
2017-05-18,9457.8,9457.8,9451.9,9455.75,10:30:00,9478.617325571871,3,16
2017-05-18,9456.9,9463.55,9455.5,9458.3,10:35:00,9476.54900885074,3,17
2017-05-18,9456.85,9458.45,9454.75,9456.45,10:40:00,9474.672912769716,3,18
2017-05-18,9450.75,9457.7,9450.75,9456.8,10:45:00,9472.394540124982,3,19
2017-05-18,9446.7,9452.45,9445.95,9450.7,10:50:00,9469.947441065458,3,20
2017-05-18,9455.35,9457.2,9445.25,9446.45,10:55:00,9468.557208583034,3,21
2017-05-18,9461.4,9464.0,9454.65,9455.75,11:00:00,9467.875569670365,3,22
2017-05-18,9460.6,9461.55,9456.4,9461.55,11:05:00,9467.182658273186,3,23
2017-05-18,9463.95,9464.8,9460.15,9460.15,11:10:00,9466.874786056693,3,24
2017-05-18,9461.3,9464.05,9459.0,9464.05,11:15:00,9466.343854051294,3,25
2017-05-18,9463.65,9464.4,9460.6,9460.95,11:20:00,9466.0872965226,3,26
2017-05-18,9468.5,9469.15,9463.4,9463.95,11:25:00,9466.31707780616,3,27
2017-05-18,9474.95,9475.85,9468.45,9468.45,11:30:00,9467.139260872242,3,28
2017-05-18,9473.8,9479.2,9472.75,9474.4,11:35:00,9467.773616979646,3,29
2017-05-18,9471.55,9473.75,9471.4,9473.55,11:40:00,9468.133272505394,3,30
2017-05-18,9472.95,9473.5,9471.4,9471.5,11:45:00,9468.59200845726,3,31
2017-05-18,9473.6,9476.15,9472.35,9472.9,11:50:00,9469.06896003276,3,32
2017-05-18,9467.05,9474.5,9466.95,9473.8,11:55:00,9468.876678124878,3,33
2017-05-18,9472.7,9473.0,9466.5,9467.6,12:00:00,9469.240804017749,3,34
2017-05-18,9473.35,9474.25,9471.75,9472.85,12:05:00,9469.632156016058,3,35
2017-05-18,9473.75,9475.05,9472.65,9473.05,12:10:00,9470.024331633576,3,36
2017-05-18,9470.35,9474.45,9469.3,9473.7,12:15:00,9470.055347668473,3,37
2017-05-18,9469.0,9472.05,9467.75,9470.6,12:20:00,9469.954838366712,3,38
2017-05-18,9470.15,9471.5,9468.15,9469.15,12:25:00,9469.973425188931,3,39
2017-05-18,9467.2,9470.55,9466.85,9469.95,12:30:00,9469.709289456652,3,40
2017-05-18,9470.65,9472.75,9466.7,9467.6,12:35:00,9469.79888093697,3,41
2017-05-18,9472.85,9473.9,9468.35,9470.25,12:40:00,9470.089463704877,3,42
2017-05-18,9468.7,9472.35,9467.6,9472.35,12:45:00,9469.957133828222,3,43
2017-05-18,9472.45,9472.45,9468.35,9468.6,12:50:00,9470.194549654105,3,44
2017-05-18,9473.5,9477.1,9472.0,9472.65,12:55:00,9470.509354448952,3,45
2017-05-18,9470.5,9473.7,9469.8,9473.6,13:00:00,9470.508463549051,3,46
2017-05-18,9464.8,9471.45,9464.7,9470.35,13:05:00,9469.964800353904,3,47
2017-05-18,9463.7,9467.1,9462.45,9464.4,13:10:00,9469.36815270115,3,48
2017-05-18,9459.35,9465.5,9457.9,9463.6,13:15:00,9468.414042920089,3,49
2017-05-18,9458.7,9459.6,9454.9,9459.25,13:20:00,9467.48889597532,3,50
2017-05-18,9461.45,9461.6,9457.8,9458.4,13:25:00,9466.91376302529,3,51
2017-05-18,9458.85,9462.55,9458.35,9461.0,13:30:00,9466.14578559431,3,52
2017-05-18,9465.85,9466.25,9458.7,9458.7,13:35:00,9466.117615537709,3,53
2017-05-18,9462.2,9465.9,9461.7,9465.45,13:40:00,9465.744509296022,3,54
2017-05-18,9461.1,9463.25,9460.2,9461.95,13:45:00,9465.302175077351,3,55
2017-05-18,9453.85,9460.85,9452.5,9460.85,13:50:00,9464.211491736653,3,56
2017-05-18,9464.0,9465.65,9451.95,9453.65,13:55:00,9464.191349666497,3,57
2017-05-18,9460.7,9464.45,9457.9,9463.9,14:00:00,9463.85884017445,3,58
2017-05-18,9457.7,9463.2,9456.7,9461.2,14:05:00,9463.27228396736,3,59
2017-05-18,9452.95,9460.05,9452.9,9458.55,14:10:00,9462.2892093038,3,60
2017-05-18,9448.7,9454.95,9448.05,9453.15,14:15:00,9460.994998893915,3,61
2017-05-18,9452.5,9453.9,9449.05,9450.75,14:20:00,9460.18595138021,3,62
2017-05-18,9454.4,9458.6,9453.0,9453.0,14:25:00,9459.634908391618,3,63
2017-05-18,9448.45,9455.8,9447.8,9455.15,14:30:00,9458.569679020988,3,64
2017-05-18,9445.15,9449.85,9439.3,9449.7,14:35:00,9457.291614352322,3,65
2017-05-18,9443.15,9447.3,9440.3,9446.1,14:40:00,9455.944793937815,3,66
2017-05-18,9435.5,9444.7,9433.95,9444.45,14:45:00,9453.997670705645,3,67
2017-05-18,9439.0,9442.2,9435.9,9436.7,14:50:00,9452.56932111463,3,68
2017-05-18,9428.65,9439.2,9428.25,9439.05,14:55:00,9450.291290532285,3,69
2017-05-18,9430.35,9431.8,9427.75,9428.15,15:00:00,9448.3921200054,3,70
2017-05-18,9434.05,9435.8,9430.2,9430.2,15:05:00,9447.02620381441,3,71
2017-05-18,9436.8,9437.25,9430.8,9434.2,15:10:00,9446.05227964161,3,72
2017-05-18,9430.0,9437.6,9429.5,9437.0,15:15:00,9444.523491104314,3,73
2017-05-18,9426.15,9432.95,9426.0,9430.25,15:20:00,9442.773634808666,3,74
2017-05-18,9422.45,9427.0,9418.1,9425.9,15:25:00,9440.838050541171,3,75
2017-05-19,9487.3,9491.0,9465.15,9475.0,09:15:00,9445.26299810868,4,1
2017-05-19,9483.05,9492.1,9482.35,9488.15,09:20:00,9448.861760193568,4,2
2017-05-19,9478.6,9484.5,9477.15,9483.0,09:25:00,9451.693973508469,4,3
2017-05-19,9493.4,9496.3,9477.95,9477.95,09:30:00,9455.66597603147,4,4
2017-05-19,9491.05,9497.65,9489.4,9493.1,09:35:00,9459.035883076092,4,5
2017-05-19,9491.3,9496.7,9490.9,9490.9,09:40:00,9462.108656116465,4,6
2017-05-19,9488.35,9493.15,9487.05,9491.75,09:45:00,9464.60783172442,4,7
2017-05-19,9496.3,9496.6,9487.65,9487.65,09:50:00,9467.62613346495,4,8
2017-05-19,9501.15,9505.75,9495.85,9496.2,09:55:00,9470.818882658765,4,9
2017-05-19,9497.95,9505.3,9497.75,9501.25,10:00:00,9473.402798596026,4,10
2017-05-19,9492.85,9498.2,9492.8,9497.9,10:05:00,9475.254913015451,4,11
2017-05-19,9493.0,9496.65,9492.5,9493.15,10:10:00,9476.944921299695,4,12
2017-05-19,9500.25,9501.0,9493.3,9493.6,10:15:00,9479.164452604487,4,13
2017-05-19,9499.9,9501.55,9498.7,9500.45,10:20:00,9481.139266642156,4,14
2017-05-19,9498.95,9501.9,9497.9,9499.3,10:25:00,9482.83552696195,4,15
2017-05-19,9496.55,9500.2,9494.85,9498.9,10:30:00,9484.141667251288,4,16
2017-05-19,9487.65,9497.85,9487.55,9496.7,10:35:00,9484.475794179738,4,17
2017-05-19,9483.35,9488.3,9482.5,9487.5,10:40:00,9484.368575686429,4,18
2017-05-19,9482.7,9486.35,9480.75,9482.5,10:45:00,9484.209663716292,4,19
2017-05-19,9482.05,9483.3,9477.0,9482.8,10:50:00,9484.003981457598,4,20
2017-05-19,9480.7,9482.7,9478.1,9481.2,10:55:00,9483.689316556873,4,21
2017-05-19,9478.1,9480.75,9475.8,9480.35,11:00:00,9483.157000694311,4,22
2017-05-19,9467.1,9478.8,9466.15,9477.85,11:05:00,9481.62776253295,4,23
2017-05-19,9461.7,9467.05,9461.0,9466.9,11:10:00,9479.729880386954,4,24
2017-05-19,9452.7,9461.9,9449.85,9461.9,11:15:00,9477.155606064389,4,25
2017-05-19,9456.2,9456.35,9450.85,9452.65,11:20:00,9475.159834058257,4,26
2017-05-19,9442.15,9456.6,9441.15,9456.0,11:25:00,9472.016040338422,4,27
2017-05-19,9432.85,9442.0,9427.2,9442.0,11:30:00,9468.285941258571,4,28
2017-05-19,9440.5,9448.6,9433.3,9433.3,11:35:00,9465.639661138708,4,29
2017-05-19,9433.45,9440.25,9431.8,9440.15,11:40:00,9462.573979125496,4,30
2017-05-19,9428.1,9437.05,9428.1,9432.9,11:45:00,9459.290743018306,4,31
2017-05-19,9440.4,9441.2,9425.65,9427.45,11:50:00,9457.491624635612,4,32
2017-05-19,9435.9,9441.65,9435.9,9440.6,11:55:00,9455.43527943222,4,33
2017-05-19,9421.25,9435.75,9420.95,9435.75,12:00:00,9452.179538533914,4,34
2017-05-19,9402.65,9421.4,9397.65,9421.35,12:05:00,9447.462439625922,4,35
2017-05-19,9408.45,9418.35,9400.85,9402.55,12:10:00,9443.746969185358,4,36
2017-05-19,9397.85,9408.65,9390.75,9408.65,12:15:00,9439.375829262945,4,37
2017-05-19,9405.85,9407.45,9394.0,9397.65,12:20:00,9436.182893142664,4,38
2017-05-19,9398.55,9409.2,9397.0,9405.5,12:25:00,9432.598808081457,4,39
2017-05-19,9402.5,9404.1,9394.25,9398.0,12:30:00,9429.732254930845,4,40
2017-05-19,9406.95,9408.0,9395.2,9402.2,12:35:00,9427.562516366,4,41
2017-05-19,9413.5,9415.2,9404.3,9406.45,12:40:00,9426.223229093048,4,42
2017-05-19,9412.15,9419.4,9412.15,9413.55,12:45:00,9424.882921560376,4,43
2017-05-19,9413.9,9414.5,9405.95,9411.7,12:50:00,9423.836929030816,4,44
2017-05-19,9423.2,9425.15,9413.5,9413.5,12:55:00,9423.77626912312,4,45
2017-05-19,9418.8,9423.85,9413.85,9423.35,13:00:00,9423.302338730442,4,46
2017-05-19,9409.4,9418.9,9404.05,9418.55,13:05:00,9421.9783064704,4,47
2017-05-19,9408.65,9410.7,9406.2,9409.6,13:10:00,9420.708943949408,4,48
2017-05-19,9410.4,9413.85,9403.55,9408.3,13:15:00,9419.72713976375,4,49
2017-05-19,9408.85,9415.0,9407.1,9409.6,13:20:00,9418.691221691011,4,50
2017-05-19,9403.45,9409.45,9403.15,9408.75,13:25:00,9417.23967676806,4,51
2017-05-19,9402.1,9411.2,9400.8,9403.35,13:30:00,9415.797802790148,4,52
2017-05-19,9397.2,9402.05,9396.3,9402.0,13:35:00,9414.026583476802,4,53
2017-05-19,9402.0,9402.0,9393.15,9397.0,13:40:00,9412.88119457425,4,54
2017-05-19,9406.9,9412.1,9403.95,9403.95,13:45:00,9412.311556995748,4,55
2017-05-19,9413.95,9415.1,9405.75,9406.45,13:50:00,9412.46759918663,4,56
2017-05-19,9413.6,9419.7,9407.85,9414.0,13:55:00,9412.57544688314,4,57
2017-05-19,9427.75,9432.85,9415.0,9415.2,14:00:00,9414.02064241808,4,58
2017-05-19,9427.85,9439.4,9427.4,9428.8,14:05:00,9415.337724092547,4,59
2017-05-19,9435.95,9439.55,9425.1,9428.0,14:10:00,9417.300797988495,4,60
2017-05-19,9428.9,9444.3,9427.85,9435.0,14:15:00,9418.405483894352,4,61
2017-05-19,9421.75,9430.5,9416.6,9428.85,14:20:00,9418.724009237749,4,62
2017-05-19,9418.05,9422.65,9416.15,9421.95,14:25:00,9418.659817881771,4,63
2017-05-19,9428.45,9428.45,9417.15,9417.8,14:30:00,9419.592216178746,4,64
2017-05-19,9432.75,9435.9,9426.95,9428.15,14:35:00,9420.845338447438,4,65
2017-05-19,9430.0,9432.9,9426.1,9432.5,14:40:00,9421.717210976254,4,66
2017-05-19,9432.65,9436.45,9429.65,9430.2,14:45:00,9422.758428978515,4,67
2017-05-19,9433.15,9435.1,9431.2,9433.25,14:50:00,9423.748102409132,4,68
2017-05-19,9432.35,9437.35,9430.05,9433.25,14:55:00,9424.56733075112,4,69
2017-05-19,9433.5,9435.15,9426.55,9432.7,15:00:00,9425.418061155777,4,70
2017-05-19,9429.05,9435.0,9427.25,9433.4,15:05:00,9425.76396009332,4,71
2017-05-19,9420.95,9429.65,9418.55,9429.65,15:10:00,9425.30548770348,4,72
2017-05-19,9426.55,9428.95,9417.75,9421.0,15:15:00,9425.4240126841,4,73
2017-05-19,9431.05,9433.35,9426.0,9426.7,15:20:00,9425.959820999902,4,74
2017-05-19,9434.0,9436.6,9427.45,9431.3,15:25:00,9426.725552333246,4,75
2017-05-22,9481.6,9498.65,9475.95,9476.45,09:15:00,9431.95169020627,0,1
2017-05-22,9482.0,9484.15,9472.55,9482.15,09:20:00,9436.71819590091,0,2
2017-05-22,9471.95,9482.35,9466.95,9481.75,09:25:00,9440.07360581511,0,3
2017-05-22,9464.55,9476.65,9462.6,9471.8,09:30:00,9442.404690975576,0,4
2017-05-22,9467.7,9471.35,9457.1,9464.5,09:35:00,9444.81376802552,0,5
2017-05-22,9473.8,9474.95,9463.15,9467.2,09:40:00,9447.5743615469,0,6
2017-05-22,9467.05,9478.4,9465.7,9473.2,09:45:00,9449.42918425672,0,7
2017-05-22,9462.25,9468.65,9459.8,9466.95,09:50:00,9450.650214327508,0,8
2017-05-22,9464.35,9464.35,9452.6,9462.2,09:55:00,9451.954955820129,0,9
2017-05-22,9459.1,9468.6,9459.0,9464.7,10:00:00,9452.63543621821,0,10
2017-05-22,9454.25,9461.85,9453.65,9458.75,10:05:00,9452.789204197428,0,11
2017-05-22,9457.5,9460.1,9453.65,9454.2,10:10:00,9453.23785141672,0,12
2017-05-22,9463.35,9463.8,9457.35,9457.35,10:15:00,9454.200913186558,0,13
2017-05-22,9460.6,9463.55,9460.15,9463.55,10:20:00,9454.810350025931,0,14
2017-05-22,9449.3,9460.9,9449.0,9460.5,10:25:00,9454.285554785369,0,15
2017-05-22,9455.55,9455.55,9445.0,9448.8,10:30:00,9454.40597813914,0,16
2017-05-22,9451.5,9456.25,9448.2,9455.6,10:35:00,9454.129218316366,0,17
2017-05-22,9451.85,9453.95,9448.65,9451.55,10:40:00,9453.912149905284,0,18
2017-05-22,9452.3,9452.55,9448.1,9451.75,10:45:00,9453.758611819068,0,19
2017-05-22,9456.7,9457.75,9450.9,9452.4,10:50:00,9454.038744026777,0,20
2017-05-22,9454.35,9456.8,9449.45,9456.8,10:55:00,9454.068387452797,0,21
2017-05-22,9454.5,9458.5,9454.1,9454.25,11:00:00,9454.109493409673,0,22
2017-05-22,9458.85,9459.85,9453.9,9454.45,11:05:00,9454.5609702278,0,23
2017-05-22,9461.4,9462.9,9457.4,9458.95,11:10:00,9455.21230639658,0,24
2017-05-22,9458.95,9465.65,9458.5,9461.15,11:15:00,9455.568277215954,0,25
2017-05-22,9455.7,9461.4,9455.05,9459.1,11:20:00,9455.580822243006,0,26
2017-05-22,9452.6,9457.6,9451.5,9456.1,11:25:00,9455.29693441034,0,27
2017-05-22,9456.2,9456.25,9452.55,9452.65,11:30:00,9455.382940656971,0,28
2017-05-22,9458.95,9459.65,9454.55,9455.8,11:35:00,9455.722660594403,0,29
2017-05-22,9462.95,9463.4,9457.05,9459.0,11:40:00,9456.410978633034,0,30
2017-05-22,9462.35,9465.1,9462.0,9462.35,11:45:00,9456.9765997156,0,31
2017-05-22,9458.4,9464.7,9457.75,9461.9,11:50:00,9457.112161647448,0,32
2017-05-22,9453.65,9459.7,9453.2,9457.95,11:55:00,9456.78243196674,0,33
2017-05-22,9456.9,9459.7,9453.75,9454.05,12:00:00,9456.793628922287,0,34
2017-05-22,9459.4,9459.4,9454.35,9456.65,12:05:00,9457.041854739213,0,35
2017-05-22,9456.75,9460.45,9456.55,9459.95,12:10:00,9457.014059049763,0,36
2017-05-22,9457.0,9461.2,9455.45,9456.45,12:15:00,9457.012720092642,0,37
2017-05-22,9458.0,9458.55,9455.55,9456.85,12:20:00,9457.106746750484,0,38
2017-05-22,9458.75,9460.8,9457.8,9458.4,12:25:00,9457.263247059964,0,39
2017-05-22,9454.5,9461.0,9454.5,9458.9,12:30:00,9457.0000806733,0,40
2017-05-22,9448.25,9454.75,9446.75,9454.75,12:35:00,9456.166739656795,0,41
2017-05-22,9447.25,9451.2,9446.55,9448.55,12:40:00,9455.31752635615,0,42
2017-05-22,9447.75,9448.1,9441.55,9447.55,12:45:00,9454.596809560326,0,43
2017-05-22,9442.8,9448.9,9442.65,9447.65,12:50:00,9453.473303887911,0,44
2017-05-22,9441.85,9443.0,9437.95,9443.0,12:55:00,9452.366322565254,0,45
2017-05-22,9446.8,9446.95,9440.85,9442.15,13:00:00,9451.83619660666,0,46
2017-05-22,9443.2,9447.0,9441.6,9446.3,13:05:00,9451.01370169174,0,47
2017-05-22,9435.5,9443.2,9432.7,9442.9,13:10:00,9449.536206292529,0,48
2017-05-22,9438.55,9439.15,9428.0,9435.15,13:15:00,9448.489900931334,0,49
2017-05-22,9439.0,9439.25,9435.2,9438.6,13:20:00,9447.586100842636,0,50
2017-05-22,9442.65,9445.8,9438.8,9438.85,13:25:00,9447.11599600048,0,51
2017-05-22,9440.8,9444.55,9440.4,9442.45,13:30:00,9446.514472571864,0,52
2017-05-22,9436.95,9441.75,9436.8,9440.75,13:35:00,9445.603570422163,0,53
2017-05-22,9442.3,9442.55,9432.9,9438.05,13:40:00,9445.28894466767,0,54
2017-05-22,9444.6,9445.6,9439.05,9442.95,13:45:00,9445.223330889798,0,55
2017-05-22,9454.3,9454.75,9444.6,9445.25,13:50:00,9446.08777556696,0,56
2017-05-22,9454.75,9456.6,9450.8,9455.5,13:55:00,9446.912749322488,0,57
2017-05-22,9453.95,9458.55,9452.5,9455.3,14:00:00,9447.582963672729,0,58
2017-05-22,9456.95,9459.95,9451.85,9455.1,14:05:00,9448.475062370562,0,59
2017-05-22,9447.3,9458.75,9446.5,9458.75,14:10:00,9448.363151668604,0,60
2017-05-22,9447.95,9450.45,9445.05,9447.05,14:15:00,9448.32380389064,0,61
2017-05-22,9449.05,9451.5,9446.6,9447.6,14:20:00,9448.392965424864,0,62
2017-05-22,9440.45,9449.15,9440.1,9449.15,14:25:00,9447.63649252726,0,63
2017-05-22,9445.6,9445.6,9436.3,9440.65,14:30:00,9447.442540857995,0,64
2017-05-22,9436.3,9446.2,9435.05,9445.45,14:35:00,9446.381346490569,0,65
2017-05-22,9436.5,9441.3,9433.65,9435.7,14:40:00,9445.44026587242,0,66
2017-05-22,9429.55,9437.0,9429.0,9436.6,14:45:00,9443.926907217903,0,67
2017-05-22,9441.7,9441.9,9427.9,9429.75,14:50:00,9443.714820816198,0,68
2017-05-22,9442.15,9444.35,9437.65,9441.5,14:55:00,9443.565790262275,0,69
2017-05-22,9441.95,9446.9,9441.75,9442.2,15:00:00,9443.411905475392,0,70
2017-05-22,9436.9,9441.8,9436.9,9441.75,15:05:00,9442.791724001543,0,71
2017-05-22,9436.05,9438.2,9433.75,9436.8,15:10:00,9442.149655049016,0,72
2017-05-22,9439.65,9440.15,9434.7,9436.15,15:15:00,9441.911592663397,0,73
2017-05-22,9439.45,9441.8,9437.3,9440.05,15:20:00,9441.677155266882,0,74
2017-05-22,9439.3,9441.35,9436.8,9439.35,15:25:00,9441.45075952718,0,75
2017-05-24,9394.8,9415.65,9386.35,9407.45,09:15:00,9437.0078300484,2,1
2017-05-24,9411.85,9411.9,9394.65,9394.65,09:20:00,9434.611846234267,2,2
2017-05-24,9411.2,9416.0,9402.75,9411.65,09:25:00,9432.382146592909,2,3
2017-05-24,9402.15,9410.6,9401.2,9410.6,09:30:00,9429.502894536445,2,4
2017-05-24,9403.65,9412.9,9402.1,9402.35,09:35:00,9427.040714104402,2,5
2017-05-24,9397.8,9408.9,9395.55,9403.2,09:40:00,9424.255884189695,2,6
2017-05-24,9395.65,9400.2,9392.65,9397.35,09:45:00,9421.53151426687,2,7
2017-05-24,9390.55,9398.85,9389.45,9396.35,09:50:00,9418.580893860502,2,8
2017-05-24,9401.75,9403.25,9390.3,9390.3,09:55:00,9416.977951588073,2,9
2017-05-24,9406.8,9408.15,9399.1,9402.85,10:00:00,9416.0086228654,2,10
2017-05-24,9403.7,9411.7,9403.7,9406.65,10:05:00,9414.836373068696,2,11
2017-05-24,9408.65,9412.25,9403.4,9403.4,10:10:00,9414.2471946812,2,12
2017-05-24,9409.6,9411.95,9406.9,9409.0,10:15:00,9413.804604711562,2,13
2017-05-24,9413.75,9414.95,9409.55,9409.9,10:20:00,9413.799404262842,2,14
2017-05-24,9422.05,9422.05,9411.7,9413.7,10:25:00,9414.585175285429,2,15
2017-05-24,9412.3,9426.0,9411.5,9421.95,10:30:00,9414.36753954396,2,16
2017-05-24,9414.8,9415.65,9407.9,9412.4,10:35:00,9414.408726254058,2,17
2017-05-24,9415.05,9416.75,9413.7,9414.7,10:40:00,9414.469799944149,2,18
2017-05-24,9423.15,9423.15,9413.95,9414.8,10:45:00,9415.296485663752,2,19
2017-05-24,9427.8,9431.9,9423.0,9423.0,10:50:00,9416.487296552918,2,20
2017-05-24,9425.35,9430.5,9424.35,9427.45,10:55:00,9417.331363547875,2,21
2017-05-24,9423.2,9429.45,9422.8,9425.45,11:00:00,9417.890281305225,2,22
2017-05-24,9422.75,9424.5,9419.75,9423.1,11:05:00,9418.353111657108,2,23
2017-05-24,9421.15,9423.45,9418.1,9422.35,11:10:00,9418.619481975478,2,24
2017-05-24,9415.8,9422.2,9414.65,9421.45,11:15:00,9418.350959882577,2,25
2017-05-24,9414.05,9418.1,9414.05,9415.6,11:20:00,9417.941344655665,2,26
2017-05-24,9415.3,9419.45,9413.4,9413.95,11:25:00,9417.689788021791,2,27
2017-05-24,9416.25,9417.2,9410.0,9415.35,11:30:00,9417.552665353049,2,28
2017-05-24,9418.4,9419.45,9414.3,9416.3,11:35:00,9417.633363890856,2,29
2017-05-24,9408.6,9419.85,9408.2,9418.5,11:40:00,9416.773043520296,2,30
2017-05-24,9408.95,9409.2,9406.15,9408.4,11:45:00,9416.02799175646,2,31
2017-05-24,9405.5,9413.05,9404.55,9409.1,11:50:00,9415.02532587489,2,32
2017-05-24,9404.45,9407.2,9401.9,9405.95,11:55:00,9414.018151982043,2,33
2017-05-24,9407.95,9410.8,9404.35,9404.55,12:00:00,9413.44023274566,2,34
2017-05-24,9409.95,9410.2,9405.6,9408.0,12:05:00,9413.107829627024,2,35
2017-05-24,9406.95,9411.2,9403.7,9409.25,12:10:00,9412.521369662543,2,36
2017-05-24,9405.15,9408.15,9402.85,9407.1,12:15:00,9411.819334456588,2,37
2017-05-24,9402.3,9406.55,9401.9,9405.3,12:20:00,9410.912731175007,2,38
2017-05-24,9402.35,9403.6,9398.7,9401.65,12:25:00,9410.097232967866,2,39
2017-05-24,9398.95,9404.25,9398.25,9402.2,12:30:00,9409.03559173283,2,40
2017-05-24,9393.6,9399.15,9391.25,9398.9,12:35:00,9407.565535377324,2,41
2017-05-24,9392.75,9395.5,9391.8,9393.75,12:40:00,9406.154532008057,2,42
2017-05-24,9403.45,9403.6,9392.65,9392.65,12:45:00,9405.896957531098,2,43
2017-05-24,9386.25,9407.55,9385.75,9403.4,12:50:00,9404.025818718612,2,44
2017-05-24,9381.25,9393.1,9380.1,9386.1,12:55:00,9401.856693126363,2,45
2017-05-24,9369.45,9381.85,9364.95,9380.85,13:00:00,9398.770341400044,2,46
2017-05-24,9358.85,9375.9,9357.45,9370.0,13:05:00,9394.96840412385,2,47
2017-05-24,9364.1,9368.4,9356.2,9359.1,13:10:00,9392.028556112056,2,48
2017-05-24,9361.1,9368.6,9354.7,9363.9,13:15:00,9389.08297933948,2,49
2017-05-24,9355.2,9364.85,9353.45,9361.35,13:20:00,9385.856028926197,2,50
2017-05-24,9367.55,9368.25,9351.9,9355.3,13:25:00,9384.112597599891,2,51
2017-05-24,9376.7,9376.7,9363.6,9366.4,13:30:00,9383.406635923711,2,52
2017-05-24,9383.05,9383.05,9368.65,9377.05,13:35:00,9383.372670597644,2,53
2017-05-24,9388.7,9398.85,9380.45,9383.0,13:40:00,9383.88003530263,2,54
2017-05-24,9375.55,9388.85,9374.75,9388.55,13:45:00,9383.08669860714,2,55
2017-05-24,9375.3,9382.4,9372.2,9375.4,13:50:00,9382.345108263604,2,56
2017-05-24,9375.6,9380.15,9370.75,9375.15,13:55:00,9381.702717000402,2,57
2017-05-24,9365.55,9377.6,9364.15,9376.25,14:00:00,9380.164363000364,2,58
2017-05-24,9362.35,9368.15,9361.95,9365.3,14:05:00,9378.46775700033,2,59
2017-05-24,9356.3,9364.2,9355.35,9361.5,14:10:00,9376.356542047915,2,60
2017-05-24,9363.75,9365.45,9355.95,9355.95,14:15:00,9375.155918995732,2,61
2017-05-24,9359.8,9366.7,9353.55,9363.15,14:20:00,9373.69345051995,2,62
2017-05-24,9353.6,9363.1,9352.9,9360.0,14:25:00,9371.77978856567,2,63
2017-05-24,9363.3,9365.05,9352.95,9352.95,14:30:00,9370.972189654653,2,64
2017-05-24,9358.3,9363.25,9357.2,9363.0,14:35:00,9369.765314449449,2,65
2017-05-24,9344.9,9360.45,9344.9,9358.45,14:40:00,9367.397189263786,2,66
2017-05-24,9349.15,9349.9,9343.1,9345.05,14:45:00,9365.659361714854,2,67
2017-05-24,9347.7,9352.15,9341.65,9349.5,14:50:00,9363.94894631344,2,68
2017-05-24,9356.75,9356.85,9346.85,9347.5,14:55:00,9363.263332378829,2,69
2017-05-24,9357.9,9366.55,9354.85,9355.55,15:00:00,9362.75253881894,2,70
2017-05-24,9360.05,9361.25,9352.45,9357.3,15:05:00,9362.495154169515,2,71
2017-05-24,9360.55,9362.65,9355.9,9359.95,15:10:00,9362.309901391469,2,72
2017-05-24,9361.65,9364.5,9355.95,9360.5,15:15:00,9362.2470536399,2,73
2017-05-24,9363.3,9364.2,9358.9,9361.1,15:20:00,9362.347334245624,2,74
2017-05-24,9369.75,9371.2,9362.2,9362.8,15:25:00,9363.052350031756,2,75
2017-05-25,9386.75,9397.05,9379.65,9383.0,09:15:00,9365.309269076351,3,1
2017-05-25,9384.55,9395.2,9382.6,9387.6,09:20:00,9367.14171964051,3,2
2017-05-25,9384.25,9393.6,9381.7,9384.4,09:25:00,9368.771079674749,3,3
2017-05-25,9386.35,9387.75,9379.2,9384.75,09:30:00,9370.445262562866,3,4
2017-05-25,9392.6,9393.15,9384.4,9386.65,09:35:00,9372.55523755688,3,5
2017-05-25,9407.85,9407.95,9392.8,9392.8,09:40:00,9375.916643503842,3,6
2017-05-25,9400.05,9410.3,9396.65,9407.15,09:45:00,9378.21505840824,3,7
2017-05-25,9397.15,9404.8,9393.7,9400.15,09:50:00,9380.018386178885,3,8
2017-05-25,9402.25,9402.75,9394.8,9397.7,09:55:00,9382.135682733277,3,9
2017-05-25,9401.3,9404.7,9398.55,9403.05,10:00:00,9383.960855806296,3,10
2017-05-25,9401.1,9404.2,9400.75,9401.0,10:05:00,9385.593155253317,3,11
2017-05-25,9399.95,9402.4,9396.6,9401.65,10:10:00,9386.96047380062,3,12
2017-05-25,9405.55,9405.55,9400.15,9400.4,10:15:00,9388.730904867229,3,13
2017-05-25,9408.7,9411.1,9405.15,9405.4,10:20:00,9390.6327234513,3,14
2017-05-25,9407.25,9410.5,9403.9,9408.85,10:25:00,9392.215321217844,3,15
2017-05-25,9410.85,9412.3,9406.8,9407.45,10:30:00,9393.99005253043,3,16
2017-05-25,9414.1,9416.55,9409.9,9410.45,10:35:00,9395.90528562277,3,17
2017-05-25,9413.05,9417.35,9408.9,9414.0,10:40:00,9397.53811556346,3,18
2017-05-25,9410.45,9415.75,9410.35,9413.35,10:45:00,9398.76781884313,3,19
2017-05-25,9417.4,9417.7,9409.55,9410.25,10:50:00,9400.54231228664,3,20
2017-05-25,9425.3,9425.65,9416.8,9417.15,10:55:00,9402.90018730696,3,21
2017-05-25,9419.95,9425.4,9416.75,9425.2,11:00:00,9404.52397899201,3,22
2017-05-25,9422.3,9424.15,9419.75,9419.85,11:05:00,9406.216933373724,3,23
2017-05-25,9418.45,9422.65,9417.65,9422.65,11:10:00,9407.38198733813,3,24
2017-05-25,9421.4,9422.5,9416.05,9417.95,11:15:00,9408.71703616307,3,25
2017-05-25,9417.75,9423.3,9417.1,9421.2,11:20:00,9409.577318433254,3,26
2017-05-25,9412.25,9418.4,9411.3,9417.95,11:25:00,9409.831859534848,3,27
2017-05-25,9417.3,9419.2,9412.15,9412.35,11:30:00,9410.54311100772,3,28
2017-05-25,9416.15,9419.65,9414.85,9417.35,11:35:00,9411.077100435556,3,29
2017-05-25,9412.1,9416.4,9410.95,9416.0,11:40:00,9411.174519441693,3,30
2017-05-25,9411.9,9413.75,9410.95,9412.15,11:45:00,9411.2436128282,3,31
2017-05-25,9415.9,9416.0,9409.2,9411.85,11:50:00,9411.687078273131,3,32
2017-05-25,9417.25,9419.55,9415.4,9415.4,11:55:00,9412.21688034236,3,33
2017-05-25,9417.35,9421.05,9416.8,9417.05,12:00:00,9412.705748881182,3,34
2017-05-25,9418.65,9419.45,9416.0,9418.0,12:05:00,9413.271868035356,3,35
2017-05-25,9416.45,9420.0,9416.15,9418.9,12:10:00,9413.574547270084,3,36
2017-05-25,9421.5,9423.15,9415.85,9416.55,12:15:00,9414.32935229198,3,37
2017-05-25,9419.85,9423.5,9419.85,9422.0,12:20:00,9414.855128264173,3,38
2017-05-25,9421.25,9423.4,9417.85,9420.2,12:25:00,9415.464163667582,3,39
2017-05-25,9416.35,9421.65,9416.35,9421.4,12:30:00,9415.548529032574,3,40
2017-05-25,9413.25,9417.5,9411.1,9416.6,12:35:00,9415.329621505662,3,41
2017-05-25,9414.3,9416.0,9409.6,9413.2,12:40:00,9415.231562314646,3,42
2017-05-25,9411.95,9414.9,9410.05,9414.45,12:45:00,9414.919032570397,3,43
2017-05-25,9412.75,9413.75,9409.5,9411.85,12:50:00,9414.71245803988,3,44
2017-05-25,9407.95,9414.25,9407.95,9412.95,12:55:00,9414.068414417035,3,45
2017-05-25,9409.35,9411.4,9407.1,9408.3,13:00:00,9413.619041615411,3,46
2017-05-25,9421.1,9422.1,9409.1,9409.4,13:05:00,9414.331513842517,3,47
2017-05-25,9424.25,9429.55,9421.25,9421.55,13:10:00,9415.2761315718,3,48
2017-05-25,9427.35,9430.65,9424.55,9424.65,13:15:00,9416.426023803058,3,49
2017-05-25,9439.75,9441.05,9427.2,9428.05,13:20:00,9418.647354869434,3,50
2017-05-25,9427.75,9440.35,9424.75,9439.65,13:25:00,9419.514273453296,3,51
2017-05-25,9427.75,9435.6,9425.85,9428.9,13:30:00,9420.298628362509,3,52
2017-05-25,9425.0,9429.9,9421.15,9428.35,13:35:00,9420.746378042268,3,53
2017-05-25,9428.9,9432.3,9424.1,9425.25,13:40:00,9421.522913466812,3,54
2017-05-25,9429.0,9434.4,9428.3,9428.8,13:45:00,9422.235016946164,3,55
2017-05-25,9430.4,9431.3,9426.25,9428.8,13:50:00,9423.012634379862,3,56
2017-05-25,9430.8,9432.8,9427.75,9430.55,13:55:00,9423.754288248449,3,57
2017-05-25,9456.85,9459.55,9430.3,9431.35,14:00:00,9426.906260796211,3,58
2017-05-25,9459.1,9459.1,9451.0,9456.1,14:05:00,9429.972331196574,3,59
2017-05-25,9463.05,9470.7,9457.2,9458.8,14:10:00,9433.122585368328,3,60
2017-05-25,9462.0,9465.25,9459.15,9463.5,14:15:00,9435.872815333249,3,61
2017-05-25,9465.1,9469.85,9459.95,9461.8,14:20:00,9438.656356730084,3,62
2017-05-25,9464.6,9472.05,9464.6,9466.8,14:25:00,9441.127179898647,3,63
2017-05-25,9469.45,9469.6,9464.4,9464.4,14:30:00,9443.824591336872,3,64
2017-05-25,9470.5,9476.55,9468.25,9469.35,14:35:00,9446.365106447647,3,65
2017-05-25,9467.65,9480.7,9465.95,9470.55,14:40:00,9448.392239166918,3,66
2017-05-25,9470.95,9474.3,9467.25,9467.25,14:45:00,9450.540597341498,3,67
2017-05-25,9477.9,9478.1,9469.15,9470.9,14:50:00,9453.146254737543,3,68
2017-05-25,9491.8,9491.8,9476.5,9478.0,14:55:00,9456.82756381016,3,69
2017-05-25,9510.7,9512.15,9491.0,9491.0,15:00:00,9461.958272018715,3,70
2017-05-25,9522.15,9522.15,9510.45,9511.65,15:05:00,9467.690817540744,3,71
2017-05-25,9515.6,9523.3,9514.35,9519.95,15:10:00,9472.253596822577,3,72
2017-05-25,9507.85,9517.8,9506.2,9515.5,15:15:00,9475.643730458522,3,73
2017-05-25,9499.45,9508.3,9499.45,9506.65,15:20:00,9477.910994224378,3,74
2017-05-25,9501.5,9506.5,9497.35,9499.35,15:25:00,9480.157566203008,3,75
2017-05-26,9503.0,9510.95,9495.4,9504.3,09:15:00,9482.333036088436,4,1
2017-05-26,9525.9,9528.1,9503.1,9503.85,09:20:00,9486.48227074668,4,2
2017-05-26,9530.3,9534.75,9522.75,9526.05,09:25:00,9490.655387818426,4,3
2017-05-26,9515.95,9533.25,9513.25,9530.55,09:30:00,9493.064398502383,4,4
2017-05-26,9527.65,9528.55,9513.65,9515.25,09:35:00,9496.35826531168,4,5
2017-05-26,9536.7,9542.1,9527.0,9527.5,09:40:00,9500.200335281996,4,6
2017-05-26,9534.35,9542.85,9531.75,9536.85,09:45:00,9503.45268430276,4,7
2017-05-26,9534.85,9538.05,9531.0,9534.3,09:50:00,9506.442904845357,4,8
2017-05-26,9545.55,9545.55,9534.1,9534.1,09:55:00,9510.16739009818,4,9
2017-05-26,9542.95,9544.85,9536.25,9544.8,10:00:00,9513.289543422165,4,10
2017-05-26,9544.4,9547.1,9539.65,9542.05,10:05:00,9516.252444048623,4,11
2017-05-26,9541.9,9544.0,9537.4,9543.9,10:10:00,9518.695068424944,4,12
2017-05-26,9549.9,9549.9,9540.5,9541.25,10:15:00,9521.666966670187,4,13
2017-05-26,9541.85,9549.95,9541.5,9549.95,10:20:00,9523.589160320646,4,14
2017-05-26,9539.2,9544.85,9539.15,9542.15,10:25:00,9525.075906956774,4,15
2017-05-26,9542.9,9542.95,9538.0,9539.55,10:30:00,9526.773439627555,4,16
2017-05-26,9547.3,9549.7,9542.15,9543.1,10:35:00,9528.728350139218,4,17
2017-05-26,9543.6,9547.85,9541.85,9546.95,10:40:00,9530.144697745003,4,18
2017-05-26,9548.45,9552.05,9543.2,9543.2,10:45:00,9531.888059864528,4,19
2017-05-26,9545.55,9549.7,9545.2,9548.4,10:50:00,9533.189197020289,4,20
2017-05-26,9547.9,9550.65,9544.5,9545.75,10:55:00,9534.5902258755,4,21
2017-05-26,9555.5,9556.25,9547.8,9547.95,11:00:00,9536.581632934976,4,22
2017-05-26,9558.1,9562.1,9555.35,9555.35,11:05:00,9538.63100122688,4,23
2017-05-26,9549.05,9561.75,9546.4,9558.65,11:10:00,9539.62328682432,4,24
2017-05-26,9540.05,9548.6,9539.45,9548.6,11:15:00,9539.663926174386,4,25
2017-05-26,9553.3,9555.05,9539.05,9539.05,11:20:00,9540.962599872064,4,26
2017-05-26,9558.05,9558.95,9551.8,9552.65,11:25:00,9542.58997131282,4,27
2017-05-26,9557.55,9558.5,9550.7,9558.5,11:30:00,9544.014735949697,4,28
2017-05-26,9566.3,9566.75,9556.6,9556.9,11:35:00,9546.137142049723,4,29
2017-05-26,9562.3,9569.25,9561.65,9566.95,11:40:00,9547.676461854511,4,30
2017-05-26,9561.1,9563.45,9555.8,9562.15,11:45:00,9548.954894058848,4,31
2017-05-26,9558.55,9561.75,9555.7,9560.65,11:50:00,9549.868713672293,4,32
2017-05-26,9557.6,9559.8,9555.6,9558.4,11:55:00,9550.605026655883,4,33
2017-05-26,9558.75,9559.3,9554.95,9557.75,12:00:00,9551.380738402942,4,34
2017-05-26,9558.2,9558.8,9553.95,9558.8,12:05:00,9552.030191888376,4,35
2017-05-26,9566.4,9566.55,9557.8,9558.1,12:10:00,9553.398745041864,4,36
2017-05-26,9567.95,9572.05,9565.6,9565.6,12:15:00,9554.784578847402,4,37
2017-05-26,9566.9,9570.15,9565.75,9567.8,12:20:00,9555.938428480984,4,38
2017-05-26,9564.2,9572.25,9564.2,9566.75,12:25:00,9556.725244816129,4,39
2017-05-26,9569.6,9570.45,9561.7,9563.9,12:30:00,9557.951411976495,4,40
2017-05-26,9572.8,9574.0,9568.6,9569.85,12:35:00,9559.36556321683,4,41
2017-05-26,9569.55,9573.55,9569.0,9573.0,12:40:00,9560.335509577131,4,42
2017-05-26,9572.7,9572.8,9563.2,9569.5,12:45:00,9561.513080093597,4,43
2017-05-26,9573.4,9575.1,9571.35,9573.1,12:50:00,9562.64516770373,4,44
2017-05-26,9572.4,9576.65,9570.85,9573.6,12:55:00,9563.574199350993,4,45
2017-05-26,9574.8,9575.75,9572.15,9572.2,13:00:00,9564.643323222326,4,46
2017-05-26,9575.75,9578.2,9574.2,9574.45,13:05:00,9565.701101963055,4,47
2017-05-26,9579.2,9579.45,9573.4,9575.6,13:10:00,9566.986711299907,4,48
2017-05-26,9579.75,9580.9,9575.6,9579.35,13:15:00,9568.20226260468,4,49
2017-05-26,9581.05,9583.05,9578.7,9580.3,13:20:00,9569.42585664233,4,50
2017-05-26,9571.4,9582.25,9571.25,9581.35,13:25:00,9569.61387029544,4,51
2017-05-26,9580.95,9580.95,9571.65,9571.95,13:30:00,9570.693501695876,4,52
2017-05-26,9588.25,9592.15,9580.75,9580.85,13:35:00,9572.365549153412,4,53
2017-05-26,9586.4,9591.45,9585.75,9588.6,13:40:00,9573.702163519754,4,54
2017-05-26,9585.75,9587.1,9582.65,9586.1,13:45:00,9574.849576517872,4,55
2017-05-26,9579.1,9588.1,9578.4,9585.55,13:50:00,9575.254378754264,4,56
2017-05-26,9577.6,9579.75,9574.35,9578.85,13:55:00,9575.477771253858,4,57
2017-05-26,9582.3,9582.85,9576.2,9577.85,14:00:00,9576.12750732492,4,58
2017-05-26,9588.55,9588.55,9582.45,9582.45,14:05:00,9577.310601865403,4,59
2017-05-26,9581.7,9590.05,9580.95,9588.45,14:10:00,9577.728639782985,4,60
2017-05-26,9582.9,9583.25,9575.65,9581.95,14:15:00,9578.221150279842,4,61
2017-05-26,9588.7,9588.7,9581.05,9583.3,14:20:00,9579.219135967476,4,62
2017-05-26,9591.15,9593.2,9588.9,9589.1,14:25:00,9580.355408732476,4,63
2017-05-26,9592.6,9594.95,9586.7,9591.55,14:30:00,9581.521560281766,4,64
2017-05-26,9591.25,9596.1,9589.0,9592.7,14:35:00,9582.44807835017,4,65
2017-05-26,9590.7,9597.4,9589.9,9591.35,14:40:00,9583.233975650151,4,66
2017-05-26,9581.95,9594.4,9580.55,9590.9,14:45:00,9583.1116922549,4,67
2017-05-26,9589.75,9591.2,9580.0,9581.65,14:50:00,9583.743912040149,4,68
2017-05-26,9595.25,9600.7,9588.7,9589.7,14:55:00,9584.839729941086,4,69
2017-05-26,9596.1,9604.9,9592.5,9594.0,15:00:00,9585.912136613364,4,70
2017-05-26,9595.35,9599.5,9593.85,9596.05,15:05:00,9586.810980745426,4,71
2017-05-26,9595.2,9599.25,9590.7,9595.3,15:10:00,9587.609934960148,4,72
2017-05-26,9593.0,9597.15,9591.05,9595.35,15:15:00,9588.123274487752,4,73
2017-05-26,9586.0,9594.5,9582.4,9593.3,15:20:00,9587.921057869871,4,74
2017-05-26,9580.0,9586.4,9578.15,9585.35,15:25:00,9587.166671406074,4,75
2017-05-29,9578.9,9578.9,9547.7,9550.0,09:15:00,9586.3793693674,0,1
2017-05-29,9594.4,9595.95,9578.75,9579.5,09:20:00,9587.143238951458,0,2
2017-05-29,9616.8,9619.25,9591.65,9593.65,09:25:00,9589.967692384653,0,3
2017-05-29,9606.7,9619.4,9601.65,9616.35,09:30:00,9591.561245490877,0,4
2017-05-29,9597.0,9610.75,9590.65,9606.85,09:35:00,9592.079222110791,0,5
2017-05-29,9613.85,9622.3,9594.45,9597.8,09:40:00,9594.152629528811,0,6
2017-05-29,9598.6,9615.95,9598.6,9613.5,09:45:00,9594.576188621306,0,7
2017-05-29,9594.9,9606.1,9593.85,9599.0,09:50:00,9594.607027800228,0,8
2017-05-29,9597.55,9609.45,9595.4,9595.4,09:55:00,9594.887310866872,0,9
2017-05-29,9587.1,9598.45,9576.05,9597.0,10:00:00,9594.145662212884,0,10
2017-05-29,9578.2,9595.4,9578.2,9587.25,10:05:00,9592.62702771642,0,11
2017-05-29,9563.6,9581.85,9563.6,9578.65,10:10:00,9589.862548886284,0,12
2017-05-29,9567.05,9571.3,9555.2,9563.55,10:15:00,9587.689925182827,0,13
2017-05-29,9576.8,9577.15,9560.8,9568.0,10:20:00,9586.652789451133,0,14
2017-05-29,9576.7,9578.45,9567.8,9576.75,10:25:00,9585.7049047415,0,15
2017-05-29,9578.1,9578.2,9570.75,9577.9,10:30:00,9584.980628099453,0,16
2017-05-29,9585.2,9589.7,9577.95,9577.95,10:35:00,9585.00152066141,0,17
2017-05-29,9584.7,9588.55,9579.55,9584.95,10:40:00,9584.972804407944,0,18
2017-05-29,9585.55,9587.35,9579.3,9584.65,10:45:00,9585.027775416713,0,19
2017-05-29,9574.45,9585.4,9570.85,9584.85,10:50:00,9584.020368234167,0,20
2017-05-29,9584.9,9586.45,9574.6,9575.05,10:55:00,9584.104142688057,0,21
2017-05-29,9587.75,9590.45,9583.55,9585.0,11:00:00,9584.451367193957,0,22
2017-05-29,9589.2,9590.0,9583.8,9587.5,11:05:00,9584.903617937389,0,23
2017-05-29,9597.2,9597.75,9588.6,9589.25,11:10:00,9586.074701943351,0,24
2017-05-29,9590.0,9598.7,9588.65,9596.85,11:15:00,9586.448539853507,0,25
2017-05-29,9598.2,9599.1,9589.35,9589.95,11:20:00,9587.567726534127,0,26
2017-05-29,9593.9,9598.2,9590.6,9597.95,11:25:00,9588.170800197544,0,27
2017-05-29,9594.5,9594.85,9586.35,9593.5,11:30:00,9588.77358113111,0,28
2017-05-29,9590.15,9597.15,9589.8,9594.65,11:35:00,9588.904668642434,0,29
2017-05-29,9601.4,9604.6,9589.7,9590.3,11:40:00,9590.094700200296,0,30
2017-05-29,9592.3,9601.4,9586.45,9601.2,11:45:00,9590.304728752648,0,31
2017-05-29,9587.65,9593.0,9587.35,9592.65,11:50:00,9590.051897442872,0,32
2017-05-29,9590.45,9592.55,9582.5,9587.15,11:55:00,9590.089811972122,0,33
2017-05-29,9594.2,9595.55,9590.45,9590.8,12:00:00,9590.481258450967,0,34
2017-05-29,9593.85,9594.95,9589.55,9594.15,12:05:00,9590.802090979449,0,35
2017-05-29,9602.1,9604.95,9593.7,9593.95,12:10:00,9591.878082314735,0,36
2017-05-29,9606.1,9608.1,9601.7,9601.9,12:15:00,9593.232550665714,0,37
2017-05-29,9608.45,9608.8,9601.0,9605.5,12:20:00,9594.681831554695,0,38
2017-05-29,9609.2,9609.8,9605.7,9608.1,12:25:00,9596.064514263771,0,39
2017-05-29,9609.95,9609.95,9602.85,9609.05,12:30:00,9597.386941476743,0,40
2017-05-29,9610.7,9615.7,9609.05,9609.4,12:35:00,9598.654851812293,0,41
2017-05-29,9605.9,9612.15,9603.1,9610.15,12:40:00,9599.344865925408,0,42
2017-05-29,9598.0,9605.8,9595.6,9605.6,12:45:00,9599.216783456322,0,43
2017-05-29,9601.65,9602.7,9597.5,9597.55,12:50:00,9599.448518365243,0,44
2017-05-29,9598.2,9602.0,9597.7,9601.1,12:55:00,9599.329611854268,0,45
2017-05-29,9601.0,9603.95,9598.05,9598.05,13:00:00,9599.488696439576,0,46
2017-05-29,9596.15,9601.3,9592.35,9600.7,13:05:00,9599.170725350092,0,47
2017-05-29,9600.1,9602.0,9593.3,9596.3,13:10:00,9599.2592276977,0,48
2017-05-29,9594.25,9600.15,9591.9,9600.15,13:15:00,9598.782158393158,0,49
2017-05-29,9595.15,9597.4,9592.3,9594.3,13:20:00,9598.436238546192,0,50
2017-05-29,9599.9,9602.0,9595.2,9596.0,13:25:00,9598.575644398936,0,51
2017-05-29,9603.9,9605.1,9599.7,9600.3,13:30:00,9599.082725884751,0,52
2017-05-29,9603.05,9607.2,9600.4,9604.5,13:35:00,9599.460561514776,0,53
2017-05-29,9609.7,9610.25,9600.95,9603.55,13:40:00,9600.435746132416,0,54
2017-05-29,9611.6,9618.5,9608.85,9610.05,13:45:00,9601.49900840552,0,55
2017-05-29,9613.2,9615.15,9611.05,9611.65,13:50:00,9602.613388557374,0,56
2017-05-29,9617.35,9617.6,9610.9,9613.05,13:55:00,9604.016875361434,0,57
2017-05-29,9624.8,9627.5,9614.7,9617.6,14:00:00,9605.996220565106,0,58
2017-05-29,9630.3,9630.3,9619.5,9624.4,14:05:00,9608.310866225573,0,59
2017-05-29,9637.5,9637.5,9625.5,9629.75,14:10:00,9611.0907837279,0,60
2017-05-29,9624.9,9637.75,9623.85,9636.3,14:15:00,9612.405947182384,0,61
2017-05-29,9619.95,9630.9,9619.95,9624.75,14:20:00,9613.124428403107,0,62
2017-05-29,9621.75,9623.05,9611.85,9619.65,14:25:00,9613.945911412336,0,63
2017-05-29,9622.1,9627.55,9620.1,9622.4,14:30:00,9614.722491277827,0,64
2017-05-29,9618.0,9625.0,9617.6,9621.6,14:35:00,9615.034634965654,0,65
2017-05-29,9616.2,9620.55,9611.85,9619.85,14:40:00,9615.145622111782,0,66
2017-05-29,9615.6,9618.85,9612.7,9618.55,14:45:00,9615.188896196374,0,67
2017-05-29,9620.2,9623.3,9615.8,9617.45,14:50:00,9615.666144177672,0,68
2017-05-29,9612.1,9623.2,9612.0,9621.3,14:55:00,9615.326511398844,0,69
2017-05-29,9597.95,9614.5,9596.3,9611.2,15:00:00,9613.671605551335,0,70
2017-05-29,9607.45,9609.8,9598.2,9598.6,15:05:00,9613.079071689304,0,71
2017-05-29,9603.25,9608.75,9602.7,9607.5,15:10:00,9612.142969623656,0,72
2017-05-29,9607.35,9609.25,9601.4,9602.9,15:15:00,9611.686496326169,0,73
2017-05-29,9601.95,9608.45,9600.8,9606.5,15:20:00,9610.75921096177,0,74
2017-05-29,9598.4,9605.1,9598.4,9601.7,15:25:00,9609.582143251126,0,75
2017-05-30,9590.75,9601.0,9582.85,9588.15,09:15:00,9607.788605798638,1,1
2017-05-30,9600.5,9603.2,9581.2,9590.35,09:20:00,9607.094452865436,1,2
2017-05-30,9601.75,9607.4,9591.3,9600.9,09:25:00,9606.585457354442,1,3
2017-05-30,9611.05,9614.15,9597.8,9602.3,09:30:00,9607.010651892117,1,4
2017-05-30,9610.9,9615.9,9605.85,9611.8,09:35:00,9607.381065997628,1,5
2017-05-30,9618.1,9620.05,9610.1,9611.35,09:40:00,9608.401916854997,1,6
2017-05-30,9617.6,9621.45,9610.55,9617.9,09:45:00,9609.277924773569,1,7
2017-05-30,9620.65,9620.85,9613.35,9617.75,09:50:00,9610.36097955704,1,8
2017-05-30,9619.55,9623.25,9612.1,9620.55,09:55:00,9611.23612436113,1,9
2017-05-30,9623.75,9627.3,9619.9,9620.05,10:00:00,9612.427922041024,1,10
2017-05-30,9616.0,9631.6,9615.95,9623.85,10:05:00,9612.768119941877,1,11
2017-05-30,9606.75,9617.75,9605.75,9615.8,10:10:00,9612.194965661698,1,12
2017-05-30,9597.3,9609.9,9597.1,9606.0,10:15:00,9610.77639750344,1,13
2017-05-30,9595.25,9603.75,9592.25,9597.6,10:20:00,9609.297692979304,1,14
2017-05-30,9603.15,9603.85,9594.35,9595.15,10:25:00,9608.712198409848,1,15
2017-05-30,9595.6,9603.4,9595.3,9603.3,10:30:00,9607.46341760891,1,16
2017-05-30,9592.9,9596.65,9588.05,9594.65,10:35:00,9606.07642545568,1,17
2017-05-30,9591.35,9596.3,9589.35,9592.8,10:40:00,9604.673908745615,1,18
2017-05-30,9606.25,9606.45,9591.25,9591.45,10:45:00,9604.824012674604,1,19
2017-05-30,9606.1,9607.45,9600.6,9605.55,10:50:00,9604.945535277024,1,20
2017-05-30,9608.1,9608.2,9604.9,9606.65,10:55:00,9605.245960488735,1,21
2017-05-30,9601.15,9609.65,9601.05,9607.85,11:00:00,9604.855869013618,1,22
2017-05-30,9605.65,9605.65,9599.05,9600.95,11:05:00,9604.931500536131,1,23
2017-05-30,9611.35,9611.35,9605.05,9605.15,11:10:00,9605.542786199358,1,24
2017-05-30,9607.75,9613.05,9605.65,9611.6,11:15:00,9605.752997037514,1,25
2017-05-30,9609.65,9611.95,9604.7,9607.6,11:20:00,9606.1241401768,1,26
2017-05-30,9615.15,9615.15,9609.35,9609.5,11:25:00,9606.983745874248,1,27
2017-05-30,9617.45,9619.05,9614.5,9615.45,11:30:00,9607.980531981462,1,28
2017-05-30,9606.55,9620.0,9606.55,9617.05,11:35:00,9607.84429084037,1,29
2017-05-30,9612.2,9614.55,9605.4,9606.35,11:40:00,9608.259120284143,1,30
2017-05-30,9610.25,9615.0,9609.8,9612.9,11:45:00,9608.448727876132,1,31
2017-05-30,9613.95,9615.2,9609.0,9610.05,11:50:00,9608.972658554596,1,32
2017-05-30,9615.75,9616.85,9613.35,9613.85,11:55:00,9609.618119644634,1,33
2017-05-30,9608.55,9616.5,9607.6,9615.6,12:00:00,9609.516393964192,1,34
2017-05-30,9612.1,9613.15,9605.6,9608.65,12:05:00,9609.76245168189,1,35
2017-05-30,9616.45,9616.45,9610.35,9611.95,12:10:00,9610.39936104552,1,36
2017-05-30,9621.35,9622.8,9613.45,9615.65,12:15:00,9611.442279041186,1,37
2017-05-30,9611.75,9623.6,9611.75,9621.6,12:20:00,9611.471585799169,1,38
2017-05-30,9609.85,9612.5,9607.25,9611.55,12:25:00,9611.317149056393,1,39
2017-05-30,9609.65,9612.5,9608.45,9609.55,12:30:00,9611.158372955782,1,40
2017-05-30,9605.5,9610.9,9603.5,9609.95,12:35:00,9610.619480293326,1,41
2017-05-30,9608.1,9610.15,9602.45,9605.55,12:40:00,9610.3795297892,1,42
2017-05-30,9606.05,9607.9,9602.2,9607.65,12:45:00,9609.9671936188,1,43
2017-05-30,9601.6,9606.45,9600.9,9605.8,12:50:00,9609.170318036056,1,44
2017-05-30,9604.55,9605.1,9599.2,9601.45,12:55:00,9608.730287746908,1,45
2017-05-30,9611.4,9616.05,9604.3,9604.35,13:00:00,9608.984546056729,1,46
2017-05-30,9612.15,9614.25,9608.8,9611.25,13:05:00,9609.286017860846,1,47
2017-05-30,9615.45,9616.1,9611.3,9611.7,13:10:00,9609.87306377886,1,48
2017-05-30,9616.75,9618.5,9613.9,9615.1,13:15:00,9610.528010085636,1,49
2017-05-30,9618.6,9621.2,9615.75,9616.65,13:20:00,9611.29677102986,1,50
2017-05-30,9619.35,9623.35,9617.55,9618.65,13:25:00,9612.063745217492,1,51
2017-05-30,9624.8,9625.25,9617.8,9619.1,13:30:00,9613.276721863444,1,52
2017-05-30,9620.5,9626.05,9619.9,9624.85,13:35:00,9613.964653114546,1,53
2017-05-30,9623.35,9626.2,9620.45,9620.9,13:40:00,9614.858495675066,1,54
2017-05-30,9619.7,9626.75,9617.55,9624.2,13:45:00,9615.319591325058,1,55
2017-05-30,9619.9,9625.4,9618.95,9619.25,13:50:00,9615.75582072267,1,56
2017-05-30,9623.6,9626.5,9619.45,9619.45,13:55:00,9616.502885415748,1,57
2017-05-30,9620.2,9626.0,9619.95,9622.9,14:00:00,9616.85499156663,1,58
2017-05-30,9621.2,9622.5,9615.4,9620.4,14:05:00,9617.268801893615,1,59
2017-05-30,9623.25,9626.7,9619.45,9621.25,14:10:00,9617.83843980851,1,60
2017-05-30,9622.0,9626.0,9618.45,9623.2,14:15:00,9618.234778874366,1,61
2017-05-30,9624.1,9626.2,9618.7,9621.9,14:20:00,9618.793371362524,1,62
2017-05-30,9627.2,9627.7,9620.8,9623.8,14:25:00,9619.59400266133,1,63
2017-05-30,9628.9,9632.2,9626.0,9627.85,14:30:00,9620.480288122157,1,64
2017-05-30,9627.85,9633.7,9627.7,9628.95,14:35:00,9621.182165443854,1,65
2017-05-30,9627.95,9632.7,9627.6,9628.0,14:40:00,9621.826721115867,1,66
2017-05-30,9632.65,9635.3,9627.75,9627.85,14:45:00,9622.857509581025,1,67
2017-05-30,9626.15,9633.05,9624.75,9632.85,14:50:00,9623.171080097118,1,68
2017-05-30,9626.5,9628.05,9621.9,9626.0,14:55:00,9623.488120087868,1,69
2017-05-30,9626.65,9629.95,9624.55,9627.05,15:00:00,9623.789251508071,1,70
2017-05-30,9627.15,9628.55,9621.45,9626.8,15:05:00,9624.109322793018,1,71
2017-05-30,9620.85,9627.05,9620.0,9626.55,15:10:00,9623.798911098444,1,72
2017-05-30,9623.3,9625.0,9619.8,9621.0,15:15:00,9623.751395755737,1,73
2017-05-30,9626.15,9626.6,9620.25,9623.1,15:20:00,9623.979834255188,1,74
2017-05-30,9625.55,9632.4,9620.2,9625.85,15:25:00,9624.129373849932,1,75
2017-05-31,9619.6,9638.7,9618.15,9633.45,09:15:00,9623.698004911845,2,1
2017-05-31,9616.25,9624.85,9610.8,9619.9,09:20:00,9622.988671110716,2,2
2017-05-31,9624.15,9625.15,9614.45,9616.55,09:25:00,9623.099273862075,2,3
2017-05-31,9631.95,9632.15,9621.5,9623.95,09:30:00,9623.942200160927,2,4
2017-05-31,9621.15,9634.05,9618.0,9632.1,09:35:00,9623.676276336077,2,5
2017-05-31,9623.2,9625.8,9617.5,9621.05,09:40:00,9623.630916685022,2,6
2017-05-31,9625.45,9626.35,9619.0,9623.35,09:45:00,9623.80416271502,2,7
2017-05-31,9626.25,9626.5,9621.5,9625.55,09:50:00,9624.037099599303,2,8
2017-05-31,9627.75,9629.25,9624.9,9626.2,09:55:00,9624.390709161276,2,9
2017-05-31,9626.0,9631.5,9622.85,9627.7,10:00:00,9624.54397495544,2,10
2017-05-31,9620.7,9627.95,9617.95,9626.5,10:05:00,9624.177882102542,2,11
2017-05-31,9626.35,9626.4,9619.85,9620.8,10:10:00,9624.384750473728,2,12
2017-05-31,9618.8,9626.4,9618.8,9626.4,10:15:00,9623.85286947623,2,13
2017-05-31,9623.6,9623.95,9615.05,9618.75,10:20:00,9623.82878666897,2,14
2017-05-31,9621.25,9628.85,9619.2,9623.8,10:25:00,9623.583187938591,2,15
2017-05-31,9624.7,9627.3,9619.1,9619.95,10:30:00,9623.68955099206,2,16
2017-05-31,9620.4,9624.8,9620.4,9624.8,10:35:00,9623.376260421388,2,17
2017-05-31,9619.15,9621.35,9617.45,9620.3,10:40:00,9622.973759428874,2,18
2017-05-31,9619.25,9621.7,9616.35,9619.35,10:45:00,9622.619115673744,2,19
2017-05-31,9623.1,9623.4,9618.95,9619.4,10:50:00,9622.664914181008,2,20
2017-05-31,9621.45,9624.55,9619.1,9623.15,10:55:00,9622.54920806853,2,21
2017-05-31,9623.4,9624.0,9619.15,9621.7,11:00:00,9622.630235871527,2,22
2017-05-31,9620.45,9623.55,9618.85,9623.45,11:05:00,9622.422594359954,2,23
2017-05-31,9619.15,9622.6,9617.95,9620.5,11:10:00,9622.110918706623,2,24
2017-05-31,9620.05,9620.45,9617.5,9619.1,11:15:00,9621.914640734563,2,25
2017-05-31,9618.85,9621.1,9618.25,9620.2,11:20:00,9621.622770188416,2,26
2017-05-31,9611.15,9619.1,9609.25,9619.1,11:25:00,9620.625363503808,2,27
2017-05-31,9616.6,9618.2,9611.55,9611.55,11:30:00,9620.241995551063,2,28
2017-05-31,9616.6,9618.6,9612.85,9616.8,11:35:00,9619.895138831916,2,29
2017-05-31,9627.9,9628.3,9616.2,9617.3,11:40:00,9620.65750656221,2,30
2017-05-31,9628.85,9630.3,9624.15,9628.1,11:45:00,9621.437744032475,2,31
2017-05-31,9626.6,9632.75,9624.45,9629.15,11:50:00,9621.929387457954,2,32
2017-05-31,9626.35,9628.15,9624.3,9626.65,11:55:00,9622.350398176244,2,33
2017-05-31,9620.95,9627.2,9619.95,9626.55,12:00:00,9622.217026921364,2,34
2017-05-31,9623.9,9625.45,9620.7,9621.2,12:05:00,9622.37731007171,2,35
2017-05-31,9627.35,9627.65,9623.85,9624.1,12:10:00,9622.85089958869,2,36
2017-05-31,9630.25,9631.0,9625.6,9627.05,12:15:00,9623.555575818338,2,37
2017-05-31,9631.4,9633.7,9628.8,9630.55,12:20:00,9624.30266383564,2,38
2017-05-31,9634.75,9635.05,9629.7,9631.3,12:25:00,9625.297648232245,2,39
2017-05-31,9630.65,9636.35,9630.5,9634.7,12:30:00,9625.80739601965,2,40
2017-05-31,9629.15,9630.95,9628.85,9630.55,12:35:00,9626.125739255873,2,41
2017-05-31,9628.95,9632.85,9628.85,9629.7,12:40:00,9626.394716469598,2,42
2017-05-31,9625.9,9628.8,9623.4,9628.8,12:45:00,9626.34760061535,2,43
2017-05-31,9627.55,9628.4,9624.65,9626.0,12:50:00,9626.46211484246,2,44
2017-05-31,9630.55,9631.6,9627.55,9627.8,12:55:00,9626.851437238416,2,45
2017-05-31,9631.85,9633.8,9627.7,9630.3,13:00:00,9627.327490834758,2,46
2017-05-31,9629.55,9633.7,9628.05,9632.25,13:05:00,9627.539158374306,2,47
2017-05-31,9631.7,9631.75,9627.3,9629.65,13:10:00,9627.935429005323,2,48
2017-05-31,9633.55,9635.5,9631.5,9631.9,13:15:00,9628.470150052435,2,49
2017-05-31,9632.6,9634.35,9631.1,9633.75,13:20:00,9628.86346909506,2,50
2017-05-31,9632.75,9634.65,9632.15,9632.35,13:25:00,9629.233614895533,2,51
2017-05-31,9636.25,9639.65,9631.6,9632.8,13:30:00,9629.901842048335,2,52
2017-05-31,9635.6,9639.35,9635.1,9636.6,13:35:00,9630.444523758018,2,53
2017-05-31,9634.8,9636.65,9633.45,9635.65,13:40:00,9630.85933101916,2,54
2017-05-31,9624.35,9636.85,9623.95,9635.0,13:45:00,9630.23939473162,2,55
2017-05-31,9626.95,9628.3,9620.4,9624.4,13:50:00,9629.926119042895,2,56
2017-05-31,9629.65,9629.65,9625.35,9626.6,13:55:00,9629.899821991192,2,57
2017-05-31,9634.5,9637.45,9629.4,9629.95,14:00:00,9630.337934182508,2,58
2017-05-31,9636.95,9637.15,9632.0,9635.55,14:05:00,9630.967654736554,2,59
2017-05-31,9639.05,9643.85,9636.6,9636.6,14:10:00,9631.737401904502,2,60
2017-05-31,9643.35,9643.35,9639.35,9639.35,14:15:00,9632.843363627882,2,61
2017-05-31,9646.0,9648.8,9643.2,9643.6,14:20:00,9634.096376615702,2,62
2017-05-31,9644.0,9649.6,9644.0,9647.3,14:25:00,9635.039578842778,2,63
2017-05-31,9644.65,9646.45,9640.65,9645.2,14:30:00,9635.954857048227,2,64
2017-05-31,9643.75,9647.15,9641.4,9646.6,14:35:00,9636.697251615064,2,65
2017-05-31,9641.45,9644.95,9635.0,9644.3,14:40:00,9637.14989431839,2,66
2017-05-31,9638.4,9644.7,9637.7,9642.0,14:45:00,9637.268952002352,2,67
2017-05-31,9628.05,9639.2,9627.6,9638.35,14:50:00,9636.390956573558,2,68
2017-05-31,9621.5,9630.45,9620.6,9628.5,14:55:00,9634.97277023322,2,69
2017-05-31,9620.1,9627.3,9619.9,9621.85,15:00:00,9633.556315925296,2,70
2017-05-31,9615.7,9620.75,9614.85,9619.9,15:05:00,9631.8557144086,2,71
2017-05-31,9624.65,9624.8,9615.7,9615.8,15:10:00,9631.169455893496,2,72
2017-05-31,9623.05,9626.25,9621.8,9624.55,15:15:00,9630.39617437983,2,73
2017-05-31,9619.65,9624.3,9618.4,9623.3,15:20:00,9629.3727292008,2,74
2017-05-31,9626.4,9626.5,9615.8,9620.05,15:25:00,9629.089612134056,2,75
2017-06-01,9623.2,9623.2,9598.45,9606.95,09:15:00,9628.528696692718,3,1
2017-06-01,9611.15,9630.75,9611.15,9623.3,09:20:00,9626.873582721984,3,2
2017-06-01,9610.6,9615.0,9606.05,9610.95,09:25:00,9625.32371770084,3,3
2017-06-01,9622.75,9625.4,9610.45,9610.7,09:30:00,9625.078601729334,3,4
2017-06-01,9618.8,9625.15,9618.2,9622.0,09:35:00,9624.480639659874,3,5
2017-06-01,9626.65,9626.95,9618.6,9618.95,09:40:00,9624.687245406554,3,6
2017-06-01,9616.75,9627.45,9616.15,9626.8,09:45:00,9623.931317272596,3,7
2017-06-01,9620.15,9620.75,9614.65,9616.6,09:50:00,9623.571191818064,3,8
2017-06-01,9615.15,9620.65,9612.65,9620.6,09:55:00,9622.769173549676,3,9
2017-06-01,9612.25,9619.8,9612.25,9615.05,10:00:00,9621.767347497327,3,10
2017-06-01,9615.7,9616.25,9610.85,9612.2,10:05:00,9621.189504878534,3,11
2017-06-01,9617.35,9617.55,9610.05,9615.6,10:10:00,9620.823837747244,3,12
2017-06-01,9620.95,9625.1,9616.95,9617.6,10:15:00,9620.835853199887,3,13
2017-06-01,9623.7,9625.35,9620.35,9621.05,10:20:00,9621.108629085613,3,14
2017-06-01,9629.95,9634.65,9623.55,9623.55,10:25:00,9621.950664410791,3,15
2017-06-01,9625.35,9630.15,9623.2,9629.8,10:30:00,9622.274410657385,3,16
2017-06-01,9628.0,9628.35,9623.4,9625.4,10:35:00,9622.81970488049,3,17
2017-06-01,9626.65,9632.45,9624.35,9628.15,10:40:00,9623.184494891872,3,18
2017-06-01,9629.5,9629.5,9624.2,9626.45,10:45:00,9623.78597156884,3,19
2017-06-01,9625.35,9630.35,9625.3,9629.45,10:50:00,9623.934926657525,3,20
2017-06-01,9619.9,9626.15,9617.8,9625.4,10:55:00,9623.550647928234,3,21
2017-06-01,9617.45,9620.75,9614.35,9619.75,11:00:00,9622.969633839832,3,22
2017-06-01,9616.3,9625.2,9615.4,9617.65,11:05:00,9622.334430616993,3,23
2017-06-01,9622.55,9622.7,9615.8,9616.25,11:10:00,9622.35496103442,3,24
2017-06-01,9616.9,9623.15,9616.8,9622.75,11:15:00,9621.835440935904,3,25
2017-06-01,9618.0,9620.3,9614.85,9616.95,11:20:00,9621.47016084677,3,26
2017-06-01,9621.1,9621.45,9617.95,9618.05,11:25:00,9621.434907432793,3,27
2017-06-01,9619.15,9622.35,9618.5,9620.9,11:30:00,9621.217297201098,3,28
2017-06-01,9619.6,9621.8,9619.1,9619.2,11:35:00,9621.06326889623,3,29
2017-06-01,9620.9,9621.9,9619.1,9619.45,11:40:00,9621.04771947754,3,30
2017-06-01,9613.6,9620.75,9610.5,9620.75,11:45:00,9620.338412860634,3,31
2017-06-01,9616.4,9617.3,9611.3,9613.5,11:50:00,9619.963325921526,3,32
2017-06-01,9615.9,9618.45,9615.7,9616.45,11:55:00,9619.576342500428,3,33
2017-06-01,9615.4,9618.1,9614.85,9616.0,12:00:00,9619.178595595626,3,34
2017-06-01,9614.55,9617.4,9614.45,9616.0,12:05:00,9618.73777696747,3,35
2017-06-01,9615.95,9618.35,9614.1,9614.65,12:10:00,9618.47227439914,3,36
2017-06-01,9614.1,9615.9,9612.65,9615.55,12:15:00,9618.055867313507,3,37
2017-06-01,9611.3,9615.1,9611.3,9614.2,12:20:00,9617.412451378888,3,38
2017-06-01,9601.6,9611.35,9601.3,9611.1,12:25:00,9615.906503628516,3,39
2017-06-01,9595.65,9601.7,9590.9,9601.55,12:30:00,9613.977312806754,3,40
2017-06-01,9597.6,9597.8,9589.9,9595.8,12:35:00,9612.41756872992,3,41
2017-06-01,9593.25,9602.15,9593.15,9597.5,12:40:00,9610.592085993736,3,42
2017-06-01,9599.2,9600.55,9593.15,9593.15,12:45:00,9609.507125422904,3,43
2017-06-01,9601.75,9602.4,9598.05,9599.35,12:50:00,9608.768351573104,3,44
2017-06-01,9599.25,9605.4,9598.85,9601.7,12:55:00,9607.861841899476,3,45
2017-06-01,9599.2,9601.3,9595.0,9599.3,13:00:00,9607.036904575716,3,46
2017-06-01,9597.55,9600.45,9596.25,9599.05,13:05:00,9606.133389854218,3,47
2017-06-01,9601.8,9602.0,9596.35,9597.25,13:10:00,9605.72068605858,3,48
2017-06-01,9606.85,9607.85,9601.75,9601.75,13:15:00,9605.828239767285,3,49
2017-06-01,9605.15,9606.85,9601.0,9606.8,13:20:00,9605.763645503734,3,50
2017-06-01,9603.05,9605.7,9600.35,9605.25,13:25:00,9605.505203074808,3,51
2017-06-01,9604.4,9604.85,9600.3,9603.0,13:30:00,9605.399945639112,3,52
2017-06-01,9602.85,9606.05,9602.15,9604.1,13:35:00,9605.157093673482,3,53
2017-06-01,9609.5,9616.75,9602.8,9603.05,13:40:00,9605.570703799818,3,54
2017-06-01,9617.95,9619.4,9606.6,9608.6,13:45:00,9606.749684390312,3,55
2017-06-01,9614.45,9621.75,9613.55,9617.85,13:50:00,9607.48304778171,3,56
2017-06-01,9618.75,9619.4,9613.75,9613.8,13:55:00,9608.55609085012,3,57
2017-06-01,9619.95,9622.1,9618.7,9619.35,14:00:00,9609.641225054873,3,58
2017-06-01,9614.0,9621.7,9613.45,9621.45,14:05:00,9610.056346478215,3,59
2017-06-01,9614.0,9617.35,9612.35,9615.95,14:10:00,9610.43193252791,3,60
2017-06-01,9617.15,9621.5,9614.15,9615.2,14:15:00,9611.071748477632,3,61
2017-06-01,9616.7,9621.2,9616.3,9616.9,14:20:00,9611.607772432144,3,62
2017-06-01,9607.6,9617.45,9606.65,9616.45,14:25:00,9611.226079819558,3,63
2017-06-01,9617.75,9620.3,9609.2,9609.8,14:30:00,9611.847405551029,3,64
2017-06-01,9616.8,9621.05,9615.2,9619.65,14:35:00,9612.319081212836,3,65
2017-06-01,9614.15,9617.45,9608.05,9616.5,14:40:00,9612.493454430662,3,66
2017-06-01,9611.0,9614.5,9610.3,9614.25,14:45:00,9612.35122067536,3,67
2017-06-01,9617.6,9617.6,9610.0,9611.4,14:50:00,9612.851104420564,3,68
2017-06-01,9609.55,9618.3,9609.5,9617.55,14:55:00,9612.536713523368,3,69
2017-06-01,9615.3,9617.9,9609.35,9610.1,15:00:00,9612.799883664,3,70
2017-06-01,9616.85,9617.15,9611.1,9615.35,15:05:00,9613.185609029331,3,71
2017-06-01,9617.65,9617.75,9614.15,9617.1,15:10:00,9613.610789121778,3,72
2017-06-01,9613.7,9619.05,9613.15,9617.4,15:15:00,9613.619285395896,3,73
2017-06-01,9616.95,9618.1,9612.9,9613.6,15:20:00,9613.93649631057,3,74
2017-06-01,9616.05,9620.2,9613.8,9616.65,15:25:00,9614.13778237623,3,75
2017-06-02,9663.6,9673.5,9651.8,9652.9,09:15:00,9618.848469768973,4,1
2017-06-02,9657.35,9664.5,9655.2,9663.65,09:20:00,9622.515282171926,4,2
2017-06-02,9657.5,9661.75,9655.7,9657.4,09:25:00,9625.847160060312,4,3
2017-06-02,9664.5,9665.7,9657.45,9657.6,09:30:00,9629.52838291171,4,4
2017-06-02,9658.15,9664.15,9657.65,9664.15,09:35:00,9632.254251205832,4,5
2017-06-02,9648.95,9658.8,9645.3,9657.9,09:40:00,9633.844322519564,4,6
2017-06-02,9644.35,9650.45,9639.05,9649.1,09:45:00,9634.844863231989,4,7
2017-06-02,9650.9,9651.95,9643.8,9644.15,09:50:00,9636.37392387656,4,8
2017-06-02,9644.3,9651.5,9641.25,9650.7,09:55:00,9637.128788269269,4,9
2017-06-02,9646.0,9646.0,9640.2,9644.65,10:00:00,9637.973665576958,4,10
2017-06-02,9644.95,9648.1,9644.6,9645.45,10:05:00,9638.638078379154,4,11
2017-06-02,9638.45,9645.45,9637.45,9645.0,10:10:00,9638.620166152568,4,12
2017-06-02,9644.7,9644.9,9638.55,9638.55,10:15:00,9639.19919794756,4,13
2017-06-02,9647.1,9647.3,9642.7,9644.75,10:20:00,9639.951655285888,4,14
2017-06-02,9646.45,9648.3,9645.95,9647.4,10:25:00,9640.57054525866,4,15
2017-06-02,9648.4,9649.1,9645.55,9646.65,10:30:00,9641.316207614978,4,16
2017-06-02,9647.75,9649.85,9645.8,9648.65,10:35:00,9641.928949746884,4,17
2017-06-02,9650.6,9651.4,9647.35,9647.85,10:40:00,9642.754764056706,4,18
2017-06-02,9646.3,9651.6,9644.75,9650.65,10:45:00,9643.092405575117,4,19
2017-06-02,9644.2,9648.3,9644.2,9646.35,10:50:00,9643.19789075844,4,20
2017-06-02,9641.9,9644.8,9640.85,9644.5,10:55:00,9643.074282114778,4,21
2017-06-02,9643.15,9643.75,9641.55,9641.65,11:00:00,9643.081493341942,4,22
2017-06-02,9649.2,9649.9,9643.0,9643.0,11:05:00,9643.664208261758,4,23
2017-06-02,9659.05,9659.35,9648.95,9649.5,11:10:00,9645.129521760638,4,24
2017-06-02,9650.3,9661.0,9650.05,9659.35,11:15:00,9645.621948259626,4,25
2017-06-02,9648.9,9651.15,9647.25,9650.15,11:20:00,9645.934143663471,4,26
2017-06-02,9651.05,9651.05,9647.25,9649.35,11:25:00,9646.421368076471,4,27
2017-06-02,9651.65,9652.45,9648.9,9651.1,11:30:00,9646.919333021571,4,28
2017-06-02,9646.5,9652.55,9645.9,9651.25,11:35:00,9646.879396543329,4,29
2017-06-02,9644.85,9646.45,9642.9,9646.45,11:40:00,9646.686120682058,4,30
2017-06-02,9647.65,9648.45,9644.15,9645.45,11:45:00,9646.777918712338,4,31
2017-06-02,9650.95,9651.55,9646.9,9647.6,11:50:00,9647.175259787353,4,32
2017-06-02,9652.2,9654.1,9650.55,9650.9,11:55:00,9647.65380647427,4,33
2017-06-02,9651.7,9653.0,9651.05,9652.4,12:00:00,9648.039158238627,4,34
2017-06-02,9647.85,9652.35,9647.65,9651.75,12:05:00,9648.021143168282,4,35
2017-06-02,9652.05,9653.25,9647.45,9648.0,12:10:00,9648.404843818922,4,36
2017-06-02,9653.5,9654.15,9652.1,9652.25,12:15:00,9648.89009678855,4,37
2017-06-02,9654.9,9655.0,9652.3,9653.45,12:20:00,9649.462468522974,4,38
2017-06-02,9654.55,9656.6,9654.15,9655.0,12:25:00,9649.94699533031,4,39
2017-06-02,9656.8,9657.4,9654.35,9655.15,12:30:00,9650.59966244171,4,40
2017-06-02,9653.25,9657.3,9651.65,9657.15,12:35:00,9650.8520755425,4,41
2017-06-02,9656.25,9657.0,9653.15,9653.15,12:40:00,9651.366163586072,4,42
2017-06-02,9657.4,9657.5,9654.7,9655.85,12:45:00,9651.940814673111,4,43
2017-06-02,9654.2,9659.05,9653.0,9657.95,12:50:00,9652.155975180436,4,44
2017-06-02,9654.55,9659.1,9653.55,9654.6,12:55:00,9652.383977544205,4,45
2017-06-02,9650.65,9655.9,9647.85,9654.15,13:00:00,9652.21883682571,4,46
2017-06-02,9651.8,9653.95,9649.0,9650.7,13:05:00,9652.178947604214,4,47
2017-06-02,9654.5,9655.8,9651.05,9651.65,13:10:00,9652.400000213336,4,48
2017-06-02,9649.8,9656.9,9648.8,9654.15,13:15:00,9652.1523811454,4,49
2017-06-02,9650.05,9652.2,9647.7,9650.2,13:20:00,9651.952154369646,4,50
2017-06-02,9652.1,9652.8,9649.55,9650.35,13:25:00,9651.96623490587,4,51
2017-06-02,9647.45,9653.15,9647.25,9651.8,13:30:00,9651.536117295787,4,52
2017-06-02,9648.5,9654.9,9647.0,9647.0,13:35:00,9651.246963267617,4,53
2017-06-02,9652.05,9653.8,9648.0,9648.35,13:40:00,9651.323442956416,4,54
2017-06-02,9653.65,9653.9,9650.35,9651.9,13:45:00,9651.545019817708,4,55
2017-06-02,9656.2,9658.7,9653.65,9654.15,13:50:00,9651.98835126364,4,56
2017-06-02,9657.35,9660.0,9655.55,9656.65,13:55:00,9652.498984476628,4,57
2017-06-02,9656.35,9660.8,9654.4,9657.45,14:00:00,9652.865747859803,4,58
2017-06-02,9658.0,9659.6,9655.8,9656.45,14:05:00,9653.354724254108,4,59
2017-06-02,9653.7,9660.35,9651.8,9658.4,14:10:00,9653.387607658478,4,60
2017-06-02,9657.55,9658.45,9652.1,9653.75,14:15:00,9653.784025976718,4,61
2017-06-02,9655.7,9660.85,9654.5,9658.1,14:20:00,9653.966499693222,4,62
2017-06-02,9659.1,9661.95,9655.8,9655.8,14:25:00,9654.455404484344,4,63
2017-06-02,9658.3,9661.15,9655.3,9659.35,14:30:00,9654.821556438215,4,64
2017-06-02,9658.9,9662.2,9658.1,9658.75,14:35:00,9655.209979634576,4,65
2017-06-02,9653.2,9658.85,9652.35,9658.85,14:40:00,9655.018553002714,4,66
2017-06-02,9652.65,9656.2,9650.6,9652.35,14:45:00,9654.792976526263,4,67
2017-06-02,9653.9,9654.9,9651.45,9652.9,14:50:00,9654.70793114281,4,68
2017-06-02,9652.45,9654.65,9651.7,9654.2,14:55:00,9654.492890081588,4,69
2017-06-02,9654.2,9658.5,9652.3,9652.7,15:00:00,9654.464995788105,4,70
2017-06-02,9656.75,9659.4,9654.35,9654.9,15:05:00,9654.682615236856,4,71
2017-06-02,9655.3,9657.75,9652.6,9656.9,15:10:00,9654.741413785729,4,72
2017-06-02,9654.45,9657.45,9652.5,9654.6,15:15:00,9654.71366009185,4,73
2017-06-02,9652.2,9656.1,9652.15,9654.7,15:20:00,9654.474263892624,4,74
2017-06-02,9642.35,9654.35,9638.3,9652.75,15:25:00,9653.319572093327,4,75
2017-06-05,9653.55,9662.7,9648.75,9655.9,09:15:00,9653.34151760825,0,1
2017-06-05,9653.65,9653.7,9640.7,9653.0,09:20:00,9653.370896883654,0,2
2017-06-05,9652.6,9655.9,9650.7,9653.6,09:25:00,9653.29747813283,0,3
2017-06-05,9658.75,9660.2,9652.65,9652.65,09:30:00,9653.816765929703,0,4
2017-06-05,9653.5,9659.05,9650.45,9658.55,09:35:00,9653.786597745922,0,5
2017-06-05,9655.9,9659.75,9652.1,9653.0,09:40:00,9653.987874151073,0,6
2017-06-05,9657.8,9662.3,9656.0,9656.0,09:45:00,9654.350933755732,0,7
2017-06-05,9658.35,9661.55,9657.6,9657.6,09:50:00,9654.731797207569,0,8
2017-06-05,9665.55,9665.7,9655.7,9658.05,09:55:00,9655.762102235418,0,9
2017-06-05,9669.95,9670.0,9663.9,9665.4,10:00:00,9657.113330593951,0,10
2017-06-05,9666.75,9670.75,9666.05,9669.7,10:05:00,9658.031108632622,0,11
2017-06-05,9663.4,9669.05,9662.3,9666.3,10:10:00,9658.542431619991,0,12
2017-06-05,9663.35,9663.8,9659.55,9663.15,10:15:00,9659.000295275231,0,13
2017-06-05,9666.15,9668.75,9663.2,9663.2,10:20:00,9659.681219534734,0,14
2017-06-05,9667.7,9667.8,9665.1,9666.45,10:25:00,9660.44491291238,0,15
2017-06-05,9664.35,9669.1,9664.1,9667.8,10:30:00,9660.816825968344,0,16
2017-06-05,9666.8,9668.8,9664.25,9665.0,10:35:00,9661.386652066596,0,17
2017-06-05,9665.15,9667.9,9664.95,9667.1,10:40:00,9661.745066155492,0,18
2017-06-05,9667.4,9668.3,9665.0,9665.3,10:45:00,9662.28363128354,0,19
2017-06-05,9669.1,9669.95,9665.5,9667.2,10:50:00,9662.932809256536,0,20
2017-06-05,9671.8,9674.3,9668.95,9669.25,10:55:00,9663.777303613058,0,21
2017-06-05,9670.9,9673.45,9669.75,9672.05,11:00:00,9664.45565564991,0,22
2017-06-05,9674.75,9675.0,9670.5,9670.95,11:05:00,9665.436069397538,0,23
2017-06-05,9673.15,9675.35,9671.4,9674.45,11:10:00,9666.170729454916,0,24
2017-06-05,9674.35,9677.6,9672.8,9673.25,11:15:00,9666.949707602069,0,25
2017-06-05,9676.85,9678.7,9673.2,9674.6,11:20:00,9667.892592592349,0,26
2017-06-05,9677.75,9679.05,9674.5,9676.8,11:25:00,9668.831393297838,0,27
2017-06-05,9679.7,9682.8,9677.05,9677.35,11:30:00,9669.866498698044,0,28
2017-06-05,9679.35,9680.7,9677.05,9679.85,11:35:00,9670.769689298231,0,29
2017-06-05,9677.5,9681.85,9677.5,9679.45,11:40:00,9671.410671269829,0,30
2017-06-05,9677.75,9679.8,9675.85,9677.7,11:45:00,9672.014416863178,0,31
2017-06-05,9684.0,9686.25,9677.8,9678.15,11:50:00,9673.155900971446,0,32
2017-06-05,9680.45,9686.55,9680.25,9684.7,11:55:00,9673.850577069405,0,33
2017-06-05,9680.55,9682.8,9678.75,9681.25,12:00:00,9674.48861734851,0,34
2017-06-05,9684.5,9685.1,9680.85,9681.05,12:05:00,9675.44208236294,0,35
2017-06-05,9683.9,9685.85,9683.35,9684.45,12:10:00,9676.247598328371,0,36
2017-06-05,9681.3,9685.65,9681.3,9684.2,12:15:00,9676.728779439956,0,37
2017-06-05,9675.85,9681.7,9675.85,9681.2,12:20:00,9676.64508615996,0,38
2017-06-05,9676.7,9678.3,9674.4,9676.55,12:25:00,9676.650316049489,0,39
2017-06-05,9675.15,9679.1,9674.8,9676.75,12:30:00,9676.50742880668,0,40
2017-06-05,9676.0,9677.45,9673.75,9675.35,12:35:00,9676.459102253662,0,41
2017-06-05,9678.65,9683.4,9675.2,9675.9,12:40:00,9676.667759181884,0,42
2017-06-05,9675.4,9679.5,9674.5,9678.8,12:45:00,9676.54702021218,0,43
2017-06-05,9674.05,9675.9,9672.25,9675.35,12:50:00,9676.309208763403,0,44
2017-06-05,9675.9,9677.25,9673.75,9674.25,12:55:00,9676.270236500222,0,45
2017-06-05,9666.9,9676.0,9666.75,9675.65,13:00:00,9675.377833024011,0,46
2017-06-05,9660.7,9668.35,9660.7,9666.7,13:05:00,9673.979944164585,0,47
2017-06-05,9669.15,9670.5,9660.65,9661.2,13:10:00,9673.51994948224,0,48
2017-06-05,9669.35,9671.1,9667.65,9669.2,13:15:00,9673.122811436311,0,49
2017-06-05,9668.5,9670.15,9667.6,9669.4,13:20:00,9672.682543680472,0,50
2017-06-05,9672.9,9675.95,9668.2,9668.2,13:25:00,9672.70325380614,0,51
2017-06-05,9674.1,9676.95,9671.15,9672.6,13:30:00,9672.836277253176,0,52
2017-06-05,9676.5,9677.7,9673.1,9674.65,13:35:00,9673.185203229064,0,53
2017-06-05,9682.1,9685.35,9676.3,9676.3,13:40:00,9674.034231492964,0,54
2017-06-05,9682.35,9684.7,9680.6,9683.55,13:45:00,9674.826209446015,0,55
2017-06-05,9681.0,9684.0,9679.45,9682.1,13:50:00,9675.414189498775,0,56
2017-06-05,9680.65,9682.9,9677.85,9682.35,13:55:00,9675.91283811794,0,57
2017-06-05,9682.3,9687.2,9681.8,9682.5,14:00:00,9676.521139249564,0,58
2017-06-05,9683.15,9685.5,9681.1,9683.9,14:05:00,9677.152459321034,0,59
2017-06-05,9681.1,9685.9,9680.55,9684.0,14:10:00,9677.528415576176,0,60
2017-06-05,9674.2,9683.35,9674.05,9681.15,14:15:00,9677.21142361654,0,61
2017-06-05,9676.5,9679.4,9674.15,9674.15,14:20:00,9677.143668986397,0,62
2017-06-05,9674.95,9677.5,9673.5,9676.55,14:25:00,9676.934748130549,0,63
2017-06-05,9679.55,9680.55,9674.4,9675.7,14:30:00,9677.183819737162,0,64
2017-06-05,9678.75,9681.1,9678.7,9680.45,14:35:00,9677.332979762194,0,65
2017-06-05,9676.35,9679.8,9675.35,9678.8,14:40:00,9677.239362641983,0,66
2017-06-05,9677.35,9678.55,9674.9,9676.15,14:45:00,9677.249899533224,0,67
2017-06-05,9680.25,9681.1,9677.4,9677.4,14:50:00,9677.5356233872,0,68
2017-06-05,9673.6,9680.15,9673.6,9680.15,14:55:00,9677.160802112228,0,69
2017-06-05,9678.5,9679.75,9674.0,9674.0,15:00:00,9677.288344768209,0,70
2017-06-05,9674.4,9679.0,9673.5,9678.85,15:05:00,9677.013264314091,0,71
2017-06-05,9674.25,9675.05,9671.85,9674.65,15:10:00,9676.75009628418,0,72
2017-06-05,9677.1,9677.5,9672.45,9674.85,15:15:00,9676.78342044759,0,73
2017-06-05,9675.85,9677.1,9674.9,9676.8,15:20:00,9676.694523262104,0,74
2017-06-05,9676.15,9677.65,9673.85,9676.15,15:25:00,9676.642663903807,0,75
2017-06-06,9684.55,9709.3,9679.4,9703.55,09:15:00,9677.395743532015,1,1
2017-06-06,9682.1,9685.8,9679.95,9684.75,09:20:00,9677.84376795754,1,2
2017-06-06,9686.75,9687.25,9678.65,9682.7,09:25:00,9678.691980533013,1,3
2017-06-06,9675.0,9687.2,9675.0,9687.2,09:30:00,9678.340363339392,1,4
2017-06-06,9671.1,9674.8,9666.55,9674.45,09:35:00,9677.650804926116,1,5
2017-06-06,9655.2,9671.3,9654.6,9671.3,09:40:00,9675.51263302839,1,6
2017-06-06,9659.6,9659.6,9652.55,9654.85,09:45:00,9673.997144168545,1,7
2017-06-06,9667.8,9669.05,9658.95,9659.7,09:50:00,9673.406939962017,1,8
2017-06-06,9662.85,9667.85,9657.1,9667.7,09:55:00,9672.40151710849,1,9
2017-06-06,9672.05,9672.5,9663.05,9663.05,10:00:00,9672.368039288634,1,10
2017-06-06,9670.0,9674.75,9668.75,9671.45,10:05:00,9672.142511737336,1,11
2017-06-06,9666.8,9671.6,9665.7,9669.7,10:10:00,9671.633701095683,1,12
2017-06-06,9673.0,9673.9,9665.75,9667.0,10:15:00,9671.76382480086,1,13
2017-06-06,9674.85,9675.75,9669.15,9672.95,10:20:00,9672.057746248396,1,14
2017-06-06,9675.95,9678.85,9674.2,9675.0,10:25:00,9672.428437081882,1,15
2017-06-06,9675.2,9677.0,9673.0,9676.35,10:30:00,9672.692395455037,1,16
2017-06-06,9671.95,9679.9,9671.25,9675.25,10:35:00,9672.621691125983,1,17
2017-06-06,9673.45,9674.9,9671.7,9671.7,10:40:00,9672.700577685417,1,18
2017-06-06,9672.25,9674.55,9671.2,9673.7,10:45:00,9672.6576655249,1,19
2017-06-06,9668.6,9673.25,9667.2,9672.05,10:50:00,9672.271221189196,1,20
2017-06-06,9668.75,9671.1,9668.0,9668.5,10:55:00,9671.935866790223,1,21
2017-06-06,9665.1,9668.95,9664.5,9668.85,11:00:00,9671.284831857824,1,22
2017-06-06,9664.35,9665.2,9660.45,9664.75,11:05:00,9670.624371680888,1,23
2017-06-06,9663.7,9664.85,9661.6,9664.2,11:10:00,9669.96490771128,1,24
2017-06-06,9664.8,9666.05,9660.85,9664.05,11:15:00,9669.473011738775,1,25
2017-06-06,9662.55,9667.8,9661.45,9664.3,11:20:00,9668.813677287466,1,26
2017-06-06,9664.15,9665.1,9662.25,9662.75,11:25:00,9668.369517545802,1,27
2017-06-06,9667.3,9668.1,9663.4,9664.1,11:30:00,9668.267658731917,1,28
2017-06-06,9668.45,9668.65,9666.2,9667.2,11:35:00,9668.28502456697,1,29
2017-06-06,9664.45,9668.7,9664.2,9668.3,11:40:00,9667.91978413202,1,30
2017-06-06,9665.5,9665.5,9663.0,9664.8,11:45:00,9667.6893285004,1,31
2017-06-06,9664.9,9666.85,9664.3,9665.3,11:50:00,9667.423678167028,1,32
2017-06-06,9667.3,9668.1,9664.55,9665.15,11:55:00,9667.411899293977,1,33
2017-06-06,9661.45,9668.65,9661.45,9667.25,12:00:00,9666.844099361217,1,34
2017-06-06,9662.1,9662.25,9655.85,9661.65,12:05:00,9666.392280374435,1,35
2017-06-06,9660.35,9667.3,9658.9,9662.25,12:10:00,9665.81682510068,1,36
2017-06-06,9654.5,9660.25,9653.7,9660.25,12:15:00,9664.739032233949,1,37
2017-06-06,9649.2,9654.6,9648.85,9654.3,12:20:00,9663.259124402144,1,38
2017-06-06,9653.8,9654.2,9649.3,9649.3,12:25:00,9662.358255411464,1,39
2017-06-06,9652.2,9654.65,9649.45,9653.45,12:30:00,9661.390802515134,1,40
2017-06-06,9650.0,9652.6,9649.65,9652.0,12:35:00,9660.30596418036,1,41
2017-06-06,9646.7,9650.55,9645.0,9650.05,12:40:00,9659.010158067944,1,42
2017-06-06,9650.55,9650.75,9646.55,9647.2,12:45:00,9658.20442872814,1,43
2017-06-06,9642.55,9650.1,9638.95,9650.1,12:50:00,9656.713530754032,1,44
2017-06-06,9642.25,9644.4,9638.45,9642.95,12:55:00,9655.3360516346,1,45
2017-06-06,9636.6,9642.45,9634.75,9642.45,13:00:00,9653.55166576464,1,46
2017-06-06,9637.95,9641.85,9635.65,9637.0,13:05:00,9652.065792834672,1,47
2017-06-06,9639.15,9640.4,9636.95,9637.9,13:10:00,9650.835717326609,1,48
2017-06-06,9645.95,9647.05,9637.25,9639.45,13:15:00,9650.370410914553,1,49
2017-06-06,9643.55,9646.25,9642.5,9646.25,13:20:00,9649.720847970308,1,50
2017-06-06,9643.5,9645.0,9642.65,9643.8,13:25:00,9649.12838625885,1,51
2017-06-06,9646.15,9646.95,9641.5,9643.55,13:30:00,9648.844730424673,1,52
2017-06-06,9649.95,9650.65,9644.95,9646.1,13:35:00,9648.949994193752,1,53
2017-06-06,9645.2,9649.8,9643.5,9649.5,13:40:00,9648.592851889583,1,54
2017-06-06,9642.55,9646.75,9641.8,9645.5,13:45:00,9648.017342185816,1,55
2017-06-06,9643.75,9644.9,9641.75,9642.6,13:50:00,9647.610928644312,1,56
2017-06-06,9653.2,9653.85,9643.1,9643.65,13:55:00,9648.143221154378,1,57
2017-06-06,9647.75,9653.6,9646.35,9653.4,14:00:00,9648.105771520628,1,58
2017-06-06,9645.85,9648.7,9643.3,9647.8,14:05:00,9647.89093613771,1,59
2017-06-06,9647.35,9647.95,9644.3,9645.7,14:10:00,9647.839418410307,1,60
2017-06-06,9646.25,9647.9,9644.55,9647.55,14:15:00,9647.688045228371,1,61
2017-06-06,9646.25,9648.9,9645.2,9646.35,14:20:00,9647.551088539956,1,62
2017-06-06,9639.3,9648.2,9639.0,9646.1,14:25:00,9646.76527058377,1,63
2017-06-06,9637.6,9639.25,9635.0,9639.25,14:30:00,9645.89238767103,1,64
2017-06-06,9640.7,9641.7,9637.1,9637.65,14:35:00,9645.397874559503,1,65
2017-06-06,9640.45,9641.65,9636.4,9640.6,14:40:00,9644.92664841098,1,66
2017-06-06,9640.9,9641.7,9638.25,9640.05,14:45:00,9644.543158086124,1,67
2017-06-06,9640.9,9644.7,9639.55,9641.6,14:50:00,9644.196190649349,1,68
2017-06-06,9640.5,9642.45,9638.85,9641.0,14:55:00,9643.844172492269,1,69
2017-06-06,9640.9,9643.75,9639.85,9640.35,15:00:00,9643.563775112052,1,70
2017-06-06,9636.55,9641.55,9635.9,9641.2,15:05:00,9642.895796529952,1,71
2017-06-06,9634.75,9637.6,9630.2,9636.95,15:10:00,9642.120006384244,1,72
2017-06-06,9637.9,9640.5,9633.05,9635.7,15:15:00,9641.718101014314,1,73
2017-06-06,9637.3,9640.65,9636.15,9637.8,15:20:00,9641.297329489142,1,74
2017-06-06,9638.4,9638.4,9634.05,9637.6,15:25:00,9641.021393347315,1,75
2017-06-07,9660.0,9666.4,9652.6,9662.95,09:15:00,9642.828879695193,2,1
2017-06-07,9651.75,9662.05,9651.75,9660.55,09:20:00,9643.678510200412,2,2
2017-06-07,9659.6,9660.1,9648.0,9651.7,09:25:00,9645.194842562278,2,3
2017-06-07,9657.75,9660.1,9654.3,9659.4,09:30:00,9646.39057184206,2,4
2017-06-07,9660.95,9663.75,9654.75,9658.15,09:35:00,9647.77718404758,2,5
2017-06-07,9662.4,9666.0,9658.35,9660.8,09:40:00,9649.169833185906,2,6
2017-06-07,9666.45,9666.7,9660.7,9662.75,09:45:00,9650.815563358678,2,7
2017-06-07,9661.7,9667.45,9659.55,9666.55,09:50:00,9651.852176372136,2,8
2017-06-07,9663.85,9664.0,9658.55,9661.5,09:55:00,9652.994826241456,2,9
2017-06-07,9668.55,9669.25,9662.95,9663.75,10:00:00,9654.476271361316,2,10
2017-06-07,9668.95,9669.3,9663.8,9668.3,10:05:00,9655.854721707858,2,11
2017-06-07,9675.95,9676.1,9668.8,9668.8,10:10:00,9657.76855773568,2,12
2017-06-07,9674.7,9678.55,9674.55,9676.0,10:15:00,9659.381076046568,2,13
2017-06-07,9672.1,9675.55,9669.95,9673.75,10:20:00,9660.59240213737,2,14
2017-06-07,9674.3,9676.15,9672.5,9672.5,10:25:00,9661.897887648098,2,15
2017-06-07,9674.85,9675.3,9671.75,9674.85,10:30:00,9663.131422157803,2,16
2017-06-07,9669.2,9675.5,9668.15,9675.1,10:35:00,9663.709381952298,2,17
2017-06-07,9671.5,9671.5,9665.6,9669.15,10:40:00,9664.45134557589,2,18
2017-06-07,9675.05,9675.05,9670.8,9671.3,10:45:00,9665.460741235329,2,19
2017-06-07,9670.35,9675.15,9669.8,9674.8,10:50:00,9665.926384927205,2,20
2017-06-07,9673.55,9673.65,9669.8,9670.5,10:55:00,9666.652443505563,2,21
2017-06-07,9670.95,9674.0,9670.3,9673.5,11:00:00,9667.061734600273,2,22
2017-06-07,9676.8,9677.05,9670.95,9671.35,11:05:00,9667.989188447864,2,23
2017-06-07,9671.9,9677.2,9670.4,9676.7,11:10:00,9668.361646690924,2,24
2017-06-07,9671.65,9673.2,9670.3,9672.1,11:15:00,9668.67482319655,2,25
2017-06-07,9672.1,9672.85,9670.05,9671.45,11:20:00,9669.001030511165,2,26
2017-06-07,9673.5,9673.65,9671.1,9671.95,11:25:00,9669.429503795816,2,27
2017-06-07,9671.9,9673.3,9671.15,9672.95,11:30:00,9669.664789148594,2,28
2017-06-07,9672.6,9672.95,9670.1,9671.85,11:35:00,9669.944333039204,2,29
2017-06-07,9672.0,9673.25,9670.85,9672.8,11:40:00,9670.140110844994,2,30
2017-06-07,9671.15,9672.45,9670.75,9671.9,11:45:00,9670.236290764517,2,31
2017-06-07,9667.55,9671.8,9666.85,9671.3,11:50:00,9669.98045354885,2,32
2017-06-07,9665.25,9667.75,9664.65,9667.5,11:55:00,9669.529934163244,2,33
2017-06-07,9665.0,9665.65,9663.0,9665.15,12:00:00,9669.098511861985,2,34
2017-06-07,9667.05,9667.4,9664.1,9665.05,12:05:00,9668.903415494176,2,35
2017-06-07,9663.2,9667.4,9662.55,9667.1,12:10:00,9668.36023306616,2,36
2017-06-07,9660.3,9664.95,9660.05,9663.4,12:15:00,9667.592591821764,2,37
2017-06-07,9652.85,9660.15,9651.25,9659.95,12:20:00,9666.188535457786,2,38
2017-06-07,9643.75,9654.95,9642.75,9653.05,12:25:00,9664.051532080855,2,39
2017-06-07,9647.65,9651.7,9640.85,9643.7,12:30:00,9662.489481406488,2,40
2017-06-07,9633.25,9648.5,9631.55,9647.8,12:35:00,9659.704768891585,2,41
2017-06-07,9636.5,9639.5,9631.35,9633.5,12:40:00,9657.49479090191,2,42
2017-06-07,9638.4,9641.6,9635.9,9636.0,12:45:00,9655.67623938744,2,43
2017-06-07,9644.45,9647.0,9638.85,9638.85,12:50:00,9654.607073731497,2,44
2017-06-07,9642.55,9645.3,9639.9,9644.15,12:55:00,9653.458780995164,2,45
2017-06-07,9646.9,9647.1,9640.6,9642.3,13:00:00,9652.8341351861,2,46
2017-06-07,9643.85,9646.85,9641.35,9646.85,13:05:00,9651.978503263615,2,47
2017-06-07,9645.2,9645.55,9641.25,9643.6,13:10:00,9651.332931524224,2,48
2017-06-07,9644.05,9646.15,9640.8,9645.05,13:15:00,9650.639318998108,2,49
2017-06-07,9640.3,9644.7,9639.75,9643.95,13:20:00,9649.654621950667,2,50
2017-06-07,9642.0,9642.1,9638.5,9640.2,13:25:00,9648.92561033632,2,51
2017-06-07,9640.15,9643.6,9640.05,9641.8,13:30:00,9648.089837923337,2,52
2017-06-07,9637.5,9640.0,9634.6,9639.95,13:35:00,9647.081281930636,2,53
2017-06-07,9640.6,9642.65,9635.25,9637.45,13:40:00,9646.464016984864,2,54
2017-06-07,9642.9,9644.1,9640.15,9640.65,13:45:00,9646.124586795828,2,55
2017-06-07,9642.2,9644.1,9641.15,9642.85,13:50:00,9645.750816624795,2,56
2017-06-07,9642.4,9646.4,9641.35,9642.4,13:55:00,9645.43169123196,2,57
2017-06-07,9643.45,9644.2,9641.65,9642.1,14:00:00,9645.242958733676,2,58
2017-06-07,9641.45,9643.55,9640.1,9643.5,14:05:00,9644.881724568566,2,59
2017-06-07,9637.6,9641.5,9635.3,9641.5,14:10:00,9644.188226990607,2,60
2017-06-07,9638.8,9640.35,9637.1,9637.4,14:15:00,9643.67506251531,2,61
2017-06-07,9638.6,9640.5,9637.7,9638.6,14:20:00,9643.19172322814,2,62
2017-06-07,9640.6,9642.8,9631.9,9639.3,14:25:00,9642.944892444506,2,63
2017-06-07,9641.05,9655.25,9630.55,9640.55,14:30:00,9642.764426497411,2,64
2017-06-07,9634.9,9645.3,9633.45,9642.3,14:35:00,9642.015433497658,2,65
2017-06-07,9637.65,9639.0,9631.0,9635.2,14:40:00,9641.599677926451,2,66
2017-06-07,9652.65,9653.75,9636.2,9637.45,14:45:00,9642.652089552505,2,67
2017-06-07,9659.9,9664.8,9652.8,9652.8,14:50:00,9644.29474769036,2,68
2017-06-07,9648.4,9662.15,9646.75,9660.1,14:55:00,9644.685724100802,2,69
2017-06-07,9661.35,9661.55,9649.05,9649.05,15:00:00,9646.272797995964,2,70
2017-06-07,9661.5,9665.7,9660.6,9661.95,15:05:00,9647.723007710634,2,71
2017-06-07,9665.05,9666.45,9660.45,9661.15,15:10:00,9649.373197452478,2,72
2017-06-07,9666.35,9669.45,9660.55,9664.15,15:15:00,9650.990035790335,2,73
2017-06-07,9665.55,9668.3,9662.55,9666.4,15:20:00,9652.3766990484,2,74
2017-06-07,9661.8,9666.25,9661.5,9665.3,15:25:00,9653.274156281885,2,75
2017-06-08,9676.05,9688.7,9671.85,9679.25,09:15:00,9655.443284255038,3,1
2017-06-08,9680.55,9684.2,9670.5,9675.4,09:20:00,9657.834400040272,3,2
2017-06-08,9674.55,9685.15,9674.3,9680.65,09:25:00,9659.426361941198,3,3
2017-06-08,9661.2,9674.95,9659.65,9674.7,09:30:00,9659.59527985156,3,4
2017-06-08,9651.9,9662.15,9645.5,9661.0,09:35:00,9658.862396056174,3,5
2017-06-08,9647.1,9658.9,9646.25,9651.8,09:40:00,9657.742167860348,3,6
2017-06-08,9651.35,9653.35,9643.05,9646.85,09:45:00,9657.133389968883,3,7
2017-06-08,9657.35,9658.05,9648.55,9652.05,09:50:00,9657.154019495658,3,8
2017-06-08,9658.65,9662.85,9654.25,9657.05,09:55:00,9657.296493829404,3,9
2017-06-08,9660.65,9662.2,9658.25,9658.7,10:00:00,9657.61587536946,3,10
2017-06-08,9663.5,9664.2,9660.25,9660.25,10:05:00,9658.176268191415,3,11
2017-06-08,9657.55,9664.8,9657.4,9663.45,10:10:00,9658.116623601758,3,12
2017-06-08,9653.7,9658.85,9653.45,9657.5,10:15:00,9657.695992782545,3,13
2017-06-08,9656.55,9657.8,9652.25,9653.8,10:20:00,9657.586850612775,3,14
2017-06-08,9656.45,9658.85,9655.65,9656.65,10:25:00,9657.478579125844,3,15
2017-06-08,9653.95,9658.3,9653.55,9656.5,10:30:00,9657.142523971,3,16
2017-06-08,9648.95,9655.15,9647.0,9654.05,10:35:00,9656.36228359281,3,17
2017-06-08,9652.8,9652.9,9648.45,9649.2,10:40:00,9656.023018488731,3,18
2017-06-08,9655.0,9655.75,9653.25,9653.25,10:45:00,9655.925588156471,3,19
2017-06-08,9651.85,9655.8,9651.5,9655.25,10:50:00,9655.537436903476,3,20
2017-06-08,9653.7,9654.1,9651.55,9651.6,10:55:00,9655.362442912668,3,21
2017-06-08,9655.25,9655.25,9653.15,9653.55,11:00:00,9655.351734063845,3,22
2017-06-08,9659.2,9659.8,9654.85,9655.05,11:05:00,9655.718235581571,3,23
2017-06-08,9655.55,9659.4,9653.55,9659.35,11:10:00,9655.702213145232,3,24
2017-06-08,9656.5,9657.4,9654.8,9655.6,11:15:00,9655.778192845686,3,25
2017-06-08,9660.25,9660.9,9655.95,9656.25,11:20:00,9656.204079241335,3,26
2017-06-08,9658.35,9662.2,9657.6,9660.35,11:25:00,9656.408452646923,3,27
2017-06-08,9657.1,9663.0,9656.6,9658.45,11:30:00,9656.474314299598,3,28
2017-06-08,9655.95,9657.6,9654.6,9657.2,11:35:00,9656.424379604396,3,29
2017-06-08,9657.7,9657.7,9654.75,9656.15,11:40:00,9656.54586726112,3,30
2017-06-08,9655.65,9657.9,9654.8,9657.8,11:45:00,9656.460546569586,3,31
2017-06-08,9656.5,9658.35,9654.95,9655.85,11:50:00,9656.46430403915,3,32
2017-06-08,9652.65,9656.85,9651.85,9656.2,11:55:00,9656.1010369878,3,33
2017-06-08,9654.6,9654.7,9651.45,9652.9,12:00:00,9655.9580810842,3,34
2017-06-08,9653.9,9654.9,9651.45,9654.25,12:05:00,9655.762073361895,3,35
2017-06-08,9658.15,9659.3,9653.35,9653.5,12:10:00,9655.989494946478,3,36
2017-06-08,9657.35,9660.0,9656.2,9658.0,12:15:00,9656.119066856338,3,37
2017-06-08,9656.2,9657.5,9654.95,9657.45,12:20:00,9656.126774774782,3,38
2017-06-08,9654.55,9656.95,9653.6,9655.95,12:25:00,9655.976605748612,3,39
2017-06-08,9654.75,9656.0,9653.25,9654.0,12:30:00,9655.859786153507,3,40
2017-06-08,9652.3,9655.65,9651.2,9655.05,12:35:00,9655.520758900791,3,41
2017-06-08,9653.0,9655.25,9651.65,9652.45,12:40:00,9655.280686624526,3,42
2017-06-08,9650.5,9652.95,9648.95,9652.95,12:45:00,9654.825383136476,3,43
2017-06-08,9651.05,9652.55,9649.65,9650.7,12:50:00,9654.465822837765,3,44
2017-06-08,9652.8,9654.4,9650.4,9651.2,12:55:00,9654.307173043691,3,45
2017-06-08,9660.75,9661.25,9652.45,9652.95,13:00:00,9654.92077561096,3,46
2017-06-08,9661.1,9663.15,9660.5,9660.95,13:05:00,9655.50927317182,3,47
2017-06-08,9663.4,9664.4,9660.95,9661.5,13:10:00,9656.26077096498,3,48
2017-06-08,9654.05,9664.05,9653.55,9663.55,13:15:00,9656.050221349267,3,49
2017-06-08,9656.25,9658.5,9654.4,9654.6,13:20:00,9656.069247887432,3,50
2017-06-08,9654.1,9658.9,9653.65,9656.6,13:25:00,9655.88170046958,3,51
2017-06-08,9656.05,9656.25,9653.85,9654.35,13:30:00,9655.897728996288,3,52
2017-06-08,9660.9,9661.65,9655.65,9656.0,13:35:00,9656.374135758546,3,53
2017-06-08,9662.3,9665.85,9660.35,9661.15,13:40:00,9656.938503781545,3,54
2017-06-08,9661.35,9662.65,9660.35,9662.5,13:45:00,9657.35864627854,3,55
2017-06-08,9662.85,9663.7,9661.0,9661.0,13:50:00,9657.88163234725,3,56
2017-06-08,9663.8,9664.7,9661.95,9663.05,13:55:00,9658.445286409416,3,57
2017-06-08,9659.8,9664.55,9659.8,9664.15,14:00:00,9658.574306751378,3,58
2017-06-08,9660.35,9662.05,9658.95,9660.0,14:05:00,9658.743420394105,3,59
2017-06-08,9664.75,9668.15,9660.45,9660.45,14:10:00,9659.315475594663,3,60
2017-06-08,9662.0,9665.7,9662.0,9664.85,14:15:00,9659.57114458565,3,61
2017-06-08,9664.6,9664.6,9661.0,9662.15,14:20:00,9660.05008319654,3,62
2017-06-08,9667.0,9667.0,9663.45,9664.3,14:25:00,9660.711980034965,3,63
2017-06-08,9656.8,9668.1,9656.8,9666.55,14:30:00,9660.339410507826,3,64
2017-06-08,9648.05,9656.8,9646.85,9656.45,14:35:00,9659.168990459462,3,65
2017-06-08,9650.1,9653.9,9647.25,9647.75,14:40:00,9658.30527708237,3,66
2017-06-08,9646.6,9650.1,9646.5,9649.95,14:45:00,9657.190488788812,3,67
2017-06-08,9646.85,9647.3,9642.4,9646.2,14:50:00,9656.205680332734,3,68
2017-06-08,9650.1,9652.0,9647.05,9647.45,14:55:00,9655.62418696771,3,69
2017-06-08,9651.75,9654.85,9650.3,9650.7,15:00:00,9655.25521678031,3,70
2017-06-08,9645.6,9653.0,9645.2,9651.4,15:05:00,9654.335672325042,3,71
2017-06-08,9646.2,9649.05,9643.85,9645.15,15:10:00,9653.560846389322,3,72
2017-06-08,9647.9,9649.6,9645.55,9646.3,15:15:00,9653.021718161768,3,73
2017-06-08,9647.1,9649.55,9646.1,9647.5,15:20:00,9652.457745003505,3,74
2017-06-08,9642.4,9647.7,9641.5,9647.2,15:25:00,9651.49986452698,3,75
2017-06-09,9634.95,9640.1,9622.7,9635.55,09:15:00,9649.923686952983,4,1
2017-06-09,9625.1,9637.15,9615.35,9635.0,09:20:00,9647.559526290794,4,2
2017-06-09,9636.0,9638.5,9620.85,9626.05,09:25:00,9646.458619025005,4,3
2017-06-09,9637.7,9644.1,9634.25,9636.25,09:30:00,9645.624464832148,4,4
2017-06-09,9629.4,9642.95,9629.2,9637.3,09:35:00,9644.079277705276,4,5
2017-06-09,9615.35,9630.55,9614.7,9629.8,09:40:00,9641.34315601906,4,6
2017-06-09,9617.9,9618.6,9608.15,9615.7,09:45:00,9639.110474493436,4,7
2017-06-09,9614.55,9620.95,9614.35,9618.35,09:50:00,9636.771381684535,4,8
2017-06-09,9622.55,9622.55,9614.5,9614.7,09:55:00,9635.416964381247,4,9
2017-06-09,9616.6,9624.45,9615.65,9622.25,10:00:00,9633.624872535414,4,10
2017-06-09,9618.2,9621.65,9615.65,9616.5,10:05:00,9632.15583705585,4,11
2017-06-09,9625.3,9625.75,9617.9,9618.45,10:10:00,9631.502900193387,4,12
2017-06-09,9627.4,9629.7,9623.85,9625.2,10:15:00,9631.112147794016,4,13
2017-06-09,9632.95,9632.95,9627.1,9627.35,10:20:00,9631.287181337442,4,14
2017-06-09,9631.8,9637.55,9630.5,9633.25,10:25:00,9631.336021210063,4,15
2017-06-09,9630.15,9635.75,9626.55,9632.55,10:30:00,9631.223066809109,4,16
2017-06-09,9633.15,9633.15,9624.35,9630.25,10:35:00,9631.40658425586,4,17
2017-06-09,9633.35,9634.65,9630.75,9633.05,10:40:00,9631.591671469589,4,18
2017-06-09,9629.75,9635.7,9629.15,9633.2,10:45:00,9631.41627418677,4,19
2017-06-09,9628.6,9630.55,9626.65,9629.8,10:50:00,9631.148057597553,4,20
2017-06-09,9629.3,9633.2,9627.7,9628.65,10:55:00,9630.972052112073,4,21
2017-06-09,9626.65,9629.65,9625.5,9628.95,11:00:00,9630.5604281014,4,22
2017-06-09,9629.3,9630.15,9624.5,9626.9,11:05:00,9630.44038732984,4,23
2017-06-09,9628.05,9630.45,9626.85,9629.55,11:10:00,9630.212731393663,4,24
2017-06-09,9626.3,9628.35,9624.2,9627.35,11:15:00,9629.840090308551,4,25
2017-06-09,9627.65,9628.4,9624.15,9626.4,11:20:00,9629.631510279169,4,26
2017-06-09,9624.75,9628.9,9624.75,9627.85,11:25:00,9629.166604538294,4,27
2017-06-09,9628.85,9629.65,9624.9,9625.0,11:30:00,9629.136451725122,4,28
2017-06-09,9629.2,9630.65,9628.7,9628.7,11:35:00,9629.14250394178,4,29
2017-06-09,9628.8,9630.3,9627.35,9629.3,11:40:00,9629.109884518752,4,30
2017-06-09,9632.7,9633.0,9628.15,9629.05,11:45:00,9629.45180027887,4,31
2017-06-09,9628.6,9633.25,9628.6,9632.9,11:50:00,9629.370676442788,4,32
2017-06-09,9628.2,9629.95,9627.35,9628.8,11:55:00,9629.259183448235,4,33
2017-06-09,9626.0,9628.2,9624.0,9628.05,12:00:00,9628.948785024597,4,34
2017-06-09,9630.15,9630.5,9625.8,9626.4,12:05:00,9629.063186450823,4,35
2017-06-09,9629.5,9631.2,9628.9,9630.2,12:10:00,9629.104787741222,4,36
2017-06-09,9632.75,9632.75,9629.45,9629.75,12:15:00,9629.451950813484,4,37
2017-06-09,9628.4,9632.5,9627.35,9632.3,12:20:00,9629.351765021724,4,38
2017-06-09,9626.95,9629.65,9626.05,9628.15,12:25:00,9629.123025495846,4,39
2017-06-09,9623.6,9626.95,9620.85,9626.8,12:30:00,9628.59702306767,4,40
2017-06-09,9633.3,9633.3,9622.65,9623.7,12:35:00,9629.044925632656,4,41
2017-06-09,9636.0,9637.9,9632.9,9633.25,12:40:00,9629.70731366764,4,42
2017-06-09,9634.8,9637.05,9633.45,9636.1,12:45:00,9630.19233141358,4,43
2017-06-09,9635.75,9637.0,9633.7,9634.85,12:50:00,9630.721633183715,4,44
2017-06-09,9636.7,9637.65,9635.3,9636.05,12:55:00,9631.291001451931,4,45
2017-06-09,9637.3,9637.8,9634.9,9636.8,13:00:00,9631.86328702794,4,46
2017-06-09,9638.9,9639.2,9636.65,9637.55,13:05:00,9632.533450168135,4,47
2017-06-09,9640.9,9642.0,9637.7,9639.0,13:10:00,9633.330264437836,4,48
2017-06-09,9640.65,9646.35,9640.35,9641.25,13:15:00,9634.027382110424,4,49
2017-06-09,9634.05,9641.25,9632.95,9640.7,13:20:00,9634.029536195145,4,50
2017-06-09,9635.05,9635.1,9631.5,9634.15,13:25:00,9634.12672322418,4,51
2017-06-09,9630.55,9634.95,9628.75,9634.75,13:30:00,9633.786082917117,4,52
2017-06-09,9630.35,9632.25,9629.2,9630.45,13:35:00,9633.458836925009,4,53
2017-06-09,9630.45,9632.55,9628.0,9630.4,13:40:00,9633.17228102739,4,54
2017-06-09,9631.2,9634.55,9630.35,9631.05,13:45:00,9632.984444739066,4,55
2017-06-09,9634.95,9635.4,9630.75,9631.55,13:50:00,9633.171640478204,4,56
2017-06-09,9641.6,9642.6,9634.55,9635.55,13:55:00,9633.97434138504,4,57
2017-06-09,9642.5,9642.5,9637.9,9642.1,14:00:00,9634.78630887218,4,58
2017-06-09,9641.15,9642.4,9635.05,9642.35,14:05:00,9635.392374693878,4,59
2017-06-09,9642.4,9644.0,9640.2,9641.8,14:10:00,9636.059767580176,4,60
2017-06-09,9647.25,9648.3,9641.85,9642.55,14:15:00,9637.125504001113,4,61
2017-06-09,9648.15,9649.0,9646.2,9647.15,14:20:00,9638.175456001003,4,62
2017-06-09,9650.3,9652.8,9647.7,9648.25,14:25:00,9639.3301744771,4,63
2017-06-09,9654.6,9654.8,9649.9,9650.15,14:30:00,9640.78444357452,4,64
2017-06-09,9651.0,9654.55,9650.6,9654.25,14:35:00,9641.75735371028,4,65
2017-06-09,9651.45,9652.2,9646.65,9650.95,14:40:00,9642.68046288073,4,66
2017-06-09,9648.55,9652.2,9648.2,9651.55,14:45:00,9643.239466415898,4,67
2017-06-09,9649.4,9651.0,9647.8,9648.7,14:50:00,9643.8261839001,4,68
2017-06-09,9654.85,9655.8,9648.6,9649.6,14:55:00,9644.876071147708,4,69
2017-06-09,9673.3,9673.35,9654.4,9655.1,15:00:00,9647.583111990783,4,70
2017-06-09,9669.85,9676.25,9667.65,9673.4,15:05:00,9649.70376799166,4,71
2017-06-09,9667.0,9670.15,9664.7,9669.9,15:10:00,9651.351028182931,4,72
2017-06-09,9667.0,9669.6,9665.8,9666.65,15:15:00,9652.841406451224,4,73
2017-06-09,9668.3,9670.4,9664.9,9667.4,15:20:00,9654.313653455867,4,74
2017-06-09,9667.15,9669.8,9665.1,9667.95,15:25:00,9655.536162650547,4,75
2017-06-12,9632.7,9647.05,9622.9,9640.9,09:15:00,9653.36129001716,0,1
2017-06-12,9633.45,9633.45,9625.55,9633.0,09:20:00,9651.464976682191,0,2
2017-06-12,9634.1,9639.6,9631.75,9633.0,09:25:00,9649.811169379129,0,3
2017-06-12,9635.65,9638.15,9631.85,9634.6,09:30:00,9648.462486581117,0,4
2017-06-12,9636.6,9640.1,9632.5,9636.05,09:35:00,9647.332725954342,0,5
2017-06-12,9630.85,9639.1,9629.65,9636.65,09:40:00,9645.76294253012,0,6
2017-06-12,9628.75,9631.15,9625.25,9630.8,09:45:00,9644.142662289156,0,7
2017-06-12,9619.7,9630.15,9618.8,9629.25,09:50:00,9641.814789690188,0,8
2017-06-12,9621.4,9622.45,9618.95,9619.65,09:55:00,9639.87052400541,0,9
2017-06-12,9610.6,9621.6,9606.4,9621.6,10:00:00,9637.082855052511,0,10
2017-06-12,9620.15,9621.35,9610.55,9610.55,10:05:00,9635.47020219037,0,11
2017-06-12,9621.95,9621.95,9617.5,9619.6,10:10:00,9634.182563886525,0,12
2017-06-12,9619.45,9622.4,9617.05,9622.05,10:15:00,9632.779462563998,0,13
2017-06-12,9620.65,9621.95,9618.75,9619.3,10:20:00,9631.62427565314,0,14
2017-06-12,9620.8,9620.95,9617.9,9620.6,10:25:00,9630.593392257604,0,15
2017-06-12,9624.1,9624.6,9619.55,9620.75,10:30:00,9629.974973947355,0,16
2017-06-12,9627.9,9627.9,9622.95,9624.25,10:35:00,9629.777357380945,0,17
2017-06-12,9625.3,9627.85,9623.2,9627.35,10:40:00,9629.35094239228,0,18
2017-06-12,9625.05,9627.5,9624.9,9625.75,10:45:00,9628.94132883111,0,19
2017-06-12,9625.55,9625.85,9623.3,9624.95,10:50:00,9628.618345132909,0,20
2017-06-12,9625.9,9627.0,9622.65,9624.95,10:55:00,9628.359455120251,0,21
2017-06-12,9629.25,9629.3,9624.05,9625.3,11:00:00,9628.444268918323,0,22
2017-06-12,9629.05,9630.2,9626.1,9628.8,11:05:00,9628.501957592767,0,23
2017-06-12,9630.65,9630.65,9627.7,9628.4,11:10:00,9628.706533060124,0,24
2017-06-12,9630.9,9632.2,9628.6,9630.3,11:15:00,9628.915434673445,0,25
2017-06-12,9632.95,9633.4,9630.05,9630.55,11:20:00,9629.29967899026,0,26
2017-06-12,9629.45,9634.1,9626.7,9632.75,11:25:00,9629.313995276902,0,27
2017-06-12,9632.45,9634.45,9629.6,9629.6,11:30:00,9629.612662393389,0,28
2017-06-12,9627.85,9632.9,9627.55,9632.05,11:35:00,9629.444789784497,0,29
2017-06-12,9628.0,9629.5,9626.3,9627.9,11:40:00,9629.3071907574,0,30
2017-06-12,9628.3,9629.2,9625.6,9627.9,11:45:00,9629.211267828125,0,31
2017-06-12,9623.85,9629.75,9623.05,9627.85,11:50:00,9628.700670892113,0,32
2017-06-12,9620.45,9624.0,9619.75,9623.9,11:55:00,9627.914892711911,0,33
2017-06-12,9621.6,9622.9,9619.7,9620.2,12:00:00,9627.313474358396,0,34
2017-06-12,9619.95,9623.2,9619.4,9621.55,12:05:00,9626.61219108617,0,35
2017-06-12,9620.35,9620.9,9616.8,9619.5,12:10:00,9626.015791935106,0,36
2017-06-12,9620.75,9622.65,9618.0,9620.15,12:15:00,9625.514287941289,0,37
2017-06-12,9621.1,9621.8,9619.75,9620.85,12:20:00,9625.093879565926,0,38
2017-06-12,9622.8,9625.15,9620.5,9620.6,12:25:00,9624.875414845365,0,39
2017-06-12,9622.75,9622.75,9619.25,9622.1,12:30:00,9624.6729943839,0,40
2017-06-12,9623.6,9625.55,9622.1,9622.1,12:35:00,9624.570804442576,0,41
2017-06-12,9624.4,9625.05,9620.75,9623.1,12:40:00,9624.554537352808,0,42
2017-06-12,9624.1,9626.0,9623.35,9624.15,12:45:00,9624.511248081111,0,43
2017-06-12,9624.1,9624.35,9622.4,9623.8,12:50:00,9624.472081597198,0,44
2017-06-12,9623.2,9626.4,9622.65,9623.65,12:55:00,9624.350930968892,0,45
2017-06-12,9616.8,9623.35,9613.6,9622.85,13:00:00,9623.63179468614,0,46
2017-06-12,9616.2,9617.35,9609.3,9616.35,13:05:00,9622.924004716033,0,47
2017-06-12,9616.65,9618.0,9615.15,9615.85,13:10:00,9622.326480457365,0,48
2017-06-12,9620.9,9621.25,9613.35,9615.95,13:15:00,9622.190625175708,0,49
2017-06-12,9623.25,9623.25,9619.15,9620.65,13:20:00,9622.291518016116,0,50
2017-06-12,9618.6,9624.95,9618.4,9622.75,13:25:00,9621.939944871723,0,51
2017-06-12,9620.45,9621.65,9617.6,9618.15,13:30:00,9621.79804536013,0,52
2017-06-12,9622.1,9623.25,9617.55,9619.7,13:35:00,9621.82680294488,0,53
2017-06-12,9618.65,9626.9,9617.25,9621.9,13:40:00,9621.52425028346,0,54
2017-06-12,9613.15,9618.7,9612.1,9618.3,13:45:00,9620.726702637416,0,55
2017-06-12,9607.85,9614.25,9606.0,9613.0,13:50:00,9619.50035000528,0,56
2017-06-12,9606.2,9610.25,9605.85,9607.6,13:55:00,9618.23365000478,0,57
2017-06-12,9607.1,9607.65,9599.95,9605.85,14:00:00,9617.173302385276,0,58
2017-06-12,9609.6,9610.3,9607.1,9607.3,14:05:00,9616.45203549144,0,59
2017-06-12,9610.7,9614.3,9609.35,9609.65,14:10:00,9615.904222587493,0,60
2017-06-12,9614.95,9616.25,9607.8,9610.9,14:15:00,9615.813344245827,0,61
2017-06-12,9613.05,9617.05,9612.15,9614.85,14:20:00,9615.550168603368,0,62
2017-06-12,9600.65,9613.4,9600.65,9612.85,14:25:00,9614.131104926855,0,63
2017-06-12,9601.5,9604.8,9598.95,9600.75,14:30:00,9612.92814255287,0,64
2017-06-12,9606.05,9606.15,9598.5,9601.55,14:35:00,9612.273081357358,0,65
2017-06-12,9607.2,9608.4,9603.9,9605.75,14:40:00,9611.789930751896,0,66
2017-06-12,9615.75,9616.2,9606.05,9607.25,14:45:00,9612.167080204095,0,67
2017-06-12,9614.7,9620.25,9612.55,9615.15,14:50:00,9612.408310660849,0,68
2017-06-12,9614.3,9620.55,9613.25,9614.4,14:55:00,9612.58847155029,0,69
2017-06-12,9615.6,9619.7,9612.9,9614.15,15:00:00,9612.875283783596,0,70
2017-06-12,9612.45,9616.35,9611.8,9615.0,15:05:00,9612.834780566112,0,71
2017-06-12,9616.2,9616.4,9609.05,9611.65,15:10:00,9613.155277655054,0,72
2017-06-12,9620.8,9622.1,9612.3,9616.05,15:15:00,9613.883346449811,0,73
2017-06-12,9622.45,9623.35,9619.55,9620.9,15:20:00,9614.699218216496,0,74
2017-06-12,9616.45,9623.9,9614.95,9622.35,15:25:00,9614.865959338737,0,75
2017-06-13,9630.4,9633.45,9614.1,9614.1,09:15:00,9616.345391782665,1,1
2017-06-13,9634.8,9636.85,9629.6,9630.45,09:20:00,9618.102973517647,1,2
2017-06-13,9641.65,9642.05,9633.4,9635.05,09:25:00,9620.345547468349,1,3
2017-06-13,9639.0,9646.75,9636.6,9641.35,09:30:00,9622.122161995172,1,4
2017-06-13,9640.9,9644.5,9637.6,9639.25,09:35:00,9623.910527519442,1,5
2017-06-13,9638.4,9643.65,9637.35,9640.75,09:40:00,9625.290477279494,1,6
2017-06-13,9631.5,9638.45,9631.5,9638.1,09:45:00,9625.881860395732,1,7
2017-06-13,9632.05,9632.85,9628.6,9631.9,09:50:00,9626.469302262803,1,8
2017-06-13,9631.15,9634.35,9630.95,9631.95,09:55:00,9626.915082999682,1,9
2017-06-13,9625.2,9633.05,9625.0,9630.9,10:00:00,9626.751741761618,1,10
2017-06-13,9628.85,9630.0,9620.75,9624.85,10:05:00,9626.95157587956,1,11
2017-06-13,9632.85,9633.65,9628.05,9628.6,10:10:00,9627.513330557696,1,12
2017-06-13,9628.45,9633.15,9626.0,9633.15,10:15:00,9627.602537171248,1,13
2017-06-13,9632.6,9632.95,9627.55,9628.05,10:20:00,9628.07848601208,1,14
2017-06-13,9637.05,9637.15,9632.25,9632.8,10:25:00,9628.932915915691,1,15
2017-06-13,9638.7,9640.05,9634.9,9636.9,10:30:00,9629.863114399912,1,16
2017-06-13,9637.25,9640.0,9636.95,9638.65,10:35:00,9630.566627314209,1,17
2017-06-13,9636.35,9637.25,9634.9,9636.95,10:40:00,9631.117424712857,1,18
2017-06-13,9639.85,9640.1,9636.25,9636.4,10:45:00,9631.949098549729,1,19
2017-06-13,9640.0,9640.2,9638.05,9639.8,10:50:00,9632.7158510688,1,20
2017-06-13,9637.6,9641.1,9636.65,9639.85,10:55:00,9633.181008109868,1,21
2017-06-13,9639.15,9641.75,9637.65,9637.8,11:00:00,9633.749483527974,1,22
2017-06-13,9641.35,9641.95,9638.4,9639.45,11:05:00,9634.473342239597,1,23
2017-06-13,9640.6,9641.9,9639.45,9641.6,11:10:00,9635.056833454872,1,24
2017-06-13,9637.7,9641.6,9636.75,9640.9,11:15:00,9635.308563602028,1,25
2017-06-13,9638.65,9638.65,9635.0,9637.35,11:20:00,9635.62679563993,1,26
2017-06-13,9634.6,9638.6,9634.6,9638.6,11:25:00,9635.529005578985,1,27
2017-06-13,9634.75,9635.05,9631.95,9634.8,11:30:00,9635.454814571463,1,28
2017-06-13,9639.75,9640.3,9634.2,9634.8,11:35:00,9635.863879850373,1,29
2017-06-13,9637.3,9641.65,9636.3,9639.8,11:40:00,9636.000653197956,1,30
2017-06-13,9639.85,9640.55,9636.05,9637.15,11:45:00,9636.367257655294,1,31
2017-06-13,9637.65,9639.8,9637.2,9639.8,11:50:00,9636.489423592886,1,32
2017-06-13,9639.9,9641.6,9637.0,9637.6,11:55:00,9636.814240393564,1,33
2017-06-13,9642.7,9643.15,9639.9,9640.05,12:00:00,9637.374788927513,1,34
2017-06-13,9646.65,9646.65,9642.55,9642.85,12:05:00,9638.258142362987,1,35
2017-06-13,9647.65,9648.85,9644.5,9646.6,12:10:00,9639.152604995084,1,36
2017-06-13,9645.25,9647.9,9643.05,9647.75,12:15:00,9639.733309281268,1,37
2017-06-13,9640.75,9645.3,9639.05,9645.15,12:20:00,9639.830136968763,1,38
2017-06-13,9642.05,9642.35,9638.3,9640.6,12:25:00,9640.04155249555,1,39
2017-06-13,9641.6,9643.4,9641.6,9642.0,12:30:00,9640.189976067402,1,40
2017-06-13,9642.2,9642.85,9640.85,9641.25,12:35:00,9640.381406918124,1,41
2017-06-13,9640.15,9643.3,9638.95,9642.05,12:40:00,9640.359368164018,1,42
2017-06-13,9635.35,9640.05,9635.15,9639.95,12:45:00,9639.88228548173,1,43
2017-06-13,9636.9,9636.95,9631.55,9634.6,12:50:00,9639.598258292994,1,44
2017-06-13,9643.9,9643.9,9636.3,9636.4,12:55:00,9640.007947979377,1,45
2017-06-13,9644.4,9645.8,9641.65,9643.3,13:00:00,9640.426238648008,1,46
2017-06-13,9645.2,9647.8,9643.85,9644.45,13:05:00,9640.880882586293,1,47
2017-06-13,9641.4,9646.0,9641.4,9645.0,13:10:00,9640.93032233998,1,48
2017-06-13,9643.0,9643.3,9639.8,9641.75,13:15:00,9641.127434498076,1,49
2017-06-13,9646.7,9647.6,9641.8,9642.9,13:20:00,9641.65815502207,1,50
2017-06-13,9644.9,9647.45,9642.25,9646.2,13:25:00,9641.966902162823,1,51
2017-06-13,9644.85,9647.6,9643.8,9645.25,13:30:00,9642.24148290922,1,52
2017-06-13,9646.65,9646.9,9643.75,9644.4,13:35:00,9642.661341679772,1,53
2017-06-13,9650.5,9654.15,9645.6,9646.35,13:40:00,9643.407880567413,1,54
2017-06-13,9649.7,9650.55,9648.7,9650.2,13:45:00,9644.007130037182,1,55
2017-06-13,9644.75,9650.25,9644.75,9649.2,13:50:00,9644.07787955745,1,56
2017-06-13,9636.65,9644.7,9632.45,9644.55,13:55:00,9643.37046245674,1,57
2017-06-13,9636.35,9636.9,9633.7,9636.7,14:00:00,9642.70184698467,1,58
2017-06-13,9632.75,9637.55,9632.05,9636.55,14:05:00,9641.754052033748,1,59
2017-06-13,9633.25,9633.85,9631.45,9632.95,14:10:00,9640.94414231625,1,60
2017-06-13,9634.55,9635.75,9631.6,9632.8,14:15:00,9640.33517638137,1,61
2017-06-13,9631.55,9635.15,9631.0,9634.6,14:20:00,9639.498492916477,1,62
2017-06-13,9632.95,9634.4,9631.65,9631.9,14:25:00,9638.87482692443,1,63
2017-06-13,9632.3,9634.25,9632.0,9633.2,14:30:00,9638.248652931628,1,64
2017-06-13,9615.55,9632.35,9614.5,9632.2,14:35:00,9636.086876461948,1,65
2017-06-13,9615.65,9620.3,9611.15,9615.15,14:40:00,9634.140507275097,1,66
2017-06-13,9611.7,9619.1,9611.7,9616.0,14:45:00,9632.003316106038,1,67
2017-06-13,9616.9,9617.95,9609.35,9611.6,14:50:00,9630.56490504832,1,68
2017-06-13,9613.55,9618.4,9608.75,9616.85,14:55:00,9628.944437900862,1,69
2017-06-13,9610.25,9614.15,9609.75,9613.45,15:00:00,9627.164015243638,1,70
2017-06-13,9619.4,9620.05,9609.3,9609.65,15:05:00,9626.424585220431,1,71
2017-06-13,9613.85,9619.45,9612.85,9619.45,15:10:00,9625.22700567563,1,72
2017-06-13,9607.95,9614.9,9607.7,9614.1,15:15:00,9623.581576563663,1,73
2017-06-13,9597.2,9607.95,9597.2,9607.45,15:20:00,9621.069045462364,1,74
2017-06-13,9597.85,9599.75,9595.4,9597.55,15:25:00,9618.85770779928,1,75
2017-06-14,9611.75,9627.4,9605.55,9620.2,09:15:00,9618.180783246968,2,1
2017-06-14,9597.1,9612.2,9596.7,9611.3,09:20:00,9616.1730896044,2,2
2017-06-14,9606.3,9606.3,9594.75,9596.55,09:25:00,9615.232795356362,2,3
2017-06-14,9608.65,9609.85,9605.8,9605.9,09:30:00,9614.60586246528,2,4
2017-06-14,9610.75,9614.15,9606.7,9608.7,09:35:00,9614.238637468585,2,5
2017-06-14,9606.25,9610.1,9602.75,9610.1,09:40:00,9613.47781485253,2,6
2017-06-14,9599.45,9606.15,9599.35,9605.8,09:45:00,9612.141832485622,2,7
2017-06-14,9588.25,9599.7,9587.7,9598.95,09:50:00,9609.866419867943,2,8
2017-06-14,9594.9,9595.05,9585.15,9587.85,09:55:00,9608.441046547186,2,9
2017-06-14,9592.9,9595.3,9588.05,9595.3,10:00:00,9606.960946876026,2,10
2017-06-14,9598.25,9598.7,9592.4,9593.0,10:05:00,9606.131332887831,2,11
2017-06-14,9599.5,9604.1,9597.75,9598.15,10:10:00,9605.499777374707,2,12
2017-06-14,9596.85,9599.2,9594.35,9599.15,10:15:00,9604.675989053309,2,13
2017-06-14,9599.7,9602.65,9595.6,9596.6,10:20:00,9604.202085333944,2,14
2017-06-14,9595.95,9602.55,9595.9,9599.9,10:25:00,9603.416172444997,2,15
2017-06-14,9596.8,9598.2,9594.0,9596.0,10:30:00,9602.786060783568,2,16
2017-06-14,9593.1,9597.3,9590.0,9596.65,10:35:00,9601.86357880418,2,17
2017-06-14,9590.9,9593.15,9590.35,9591.95,10:40:00,9600.819428441877,2,18
2017-06-14,9596.0,9596.8,9589.2,9590.4,10:45:00,9600.360435256936,2,19
2017-06-14,9598.4,9599.35,9594.6,9595.7,10:50:00,9600.173727137228,2,20
2017-06-14,9599.4,9599.85,9596.75,9598.45,10:55:00,9600.100038838444,2,21
2017-06-14,9595.9,9599.65,9595.7,9599.5,11:00:00,9599.700035139544,2,22
2017-06-14,9592.75,9595.7,9591.05,9595.7,11:05:00,9599.038127031015,2,23
2017-06-14,9594.45,9595.25,9591.5,9592.9,11:10:00,9598.601162551871,2,24
2017-06-14,9591.8,9595.5,9591.5,9593.9,11:15:00,9597.953432785029,2,25
2017-06-14,9588.1,9593.15,9586.95,9591.15,11:20:00,9597.015010615023,2,26
2017-06-14,9586.7,9590.2,9586.45,9587.55,11:25:00,9596.032628651688,2,27
2017-06-14,9585.85,9586.8,9580.45,9586.35,11:30:00,9595.062854494388,2,28
2017-06-14,9587.15,9588.25,9585.05,9585.9,11:35:00,9594.309249304444,2,29
2017-06-14,9590.2,9591.15,9586.3,9586.5,11:40:00,9593.917892227832,2,30
2017-06-14,9591.2,9591.2,9588.55,9589.9,11:45:00,9593.659045348992,2,31
2017-06-14,9595.95,9597.6,9590.55,9590.85,11:50:00,9593.87723150623,2,32
2017-06-14,9594.7,9596.85,9592.4,9596.05,11:55:00,9593.955590410398,2,33
2017-06-14,9591.3,9594.75,9588.7,9594.5,12:00:00,9593.70267703798,2,34
2017-06-14,9591.8,9592.6,9589.25,9591.1,12:05:00,9593.521469701029,2,35
2017-06-14,9588.85,9593.2,9588.65,9591.15,12:10:00,9593.07656782474,2,36
2017-06-14,9588.95,9591.25,9588.4,9588.75,12:15:00,9592.683561365242,2,37
2017-06-14,9588.1,9589.35,9587.25,9589.15,12:20:00,9592.24703171141,2,38
2017-06-14,9586.95,9588.5,9585.35,9587.55,12:25:00,9591.742552500798,2,39
2017-06-14,9585.65,9592.15,9585.4,9587.05,12:30:00,9591.162309405485,2,40
2017-06-14,9591.2,9592.1,9584.7,9585.25,12:35:00,9591.165898985912,2,41
2017-06-14,9602.15,9603.05,9590.7,9591.65,12:40:00,9592.212003844395,2,42
2017-06-14,9611.95,9612.9,9601.6,9601.85,12:45:00,9594.091813002073,2,43
2017-06-14,9612.45,9616.4,9609.8,9612.95,12:50:00,9595.84021176378,2,44
2017-06-14,9611.1,9616.5,9609.8,9612.85,12:55:00,9597.293524929137,2,45
2017-06-14,9610.45,9613.95,9607.5,9610.55,13:00:00,9598.54652255493,2,46
2017-06-14,9606.6,9612.1,9605.6,9609.7,13:05:00,9599.313520406842,2,47
2017-06-14,9607.5,9611.3,9605.85,9606.1,13:10:00,9600.09318513,2,48
2017-06-14,9606.2,9607.7,9603.9,9606.95,13:15:00,9600.67478654619,2,49
2017-06-14,9606.3,9607.15,9604.2,9605.9,13:20:00,9601.210521160838,2,50
2017-06-14,9603.65,9607.4,9602.85,9606.25,13:25:00,9601.442852478853,2,51
2017-06-14,9605.6,9606.6,9602.75,9603.6,13:30:00,9601.838771290391,2,52
2017-06-14,9607.4,9612.05,9604.75,9605.05,13:35:00,9602.368412119878,2,53
2017-06-14,9605.0,9607.9,9605.0,9606.8,13:40:00,9602.619039537032,2,54
2017-06-14,9611.65,9611.95,9603.55,9605.95,13:45:00,9603.479131009695,2,55
2017-06-14,9613.85,9617.9,9612.05,9612.7,13:50:00,9604.466832818296,2,56
2017-06-14,9611.95,9617.35,9611.4,9615.05,13:55:00,9605.17951540703,2,57
2017-06-14,9615.85,9618.2,9612.25,9613.35,14:00:00,9606.195752034932,2,58
2017-06-14,9613.9,9617.55,9613.7,9617.3,14:05:00,9606.929489936369,2,59
2017-06-14,9608.85,9615.6,9607.8,9615.3,14:10:00,9607.112395656712,2,60
2017-06-14,9611.5,9614.2,9607.3,9609.15,14:15:00,9607.530262737026,2,61
2017-06-14,9609.1,9613.35,9607.9,9613.35,14:20:00,9607.679761523976,2,62
2017-06-14,9613.4,9615.3,9607.95,9611.05,14:25:00,9608.224546140738,2,63
2017-06-14,9621.35,9622.45,9612.7,9615.25,14:30:00,9609.47458936543,2,64
2017-06-14,9618.45,9622.1,9616.15,9622.05,14:35:00,9610.329390378249,2,65
2017-06-14,9617.35,9620.1,9615.9,9618.05,14:40:00,9610.998019866034,2,66
2017-06-14,9615.65,9619.15,9615.65,9617.1,14:45:00,9611.44106559308,2,67
2017-06-14,9617.95,9617.95,9611.25,9616.95,14:50:00,9612.060964108025,2,68
2017-06-14,9613.75,9619.1,9613.6,9617.05,14:55:00,9612.221824669166,2,69
2017-06-14,9619.15,9620.05,9613.55,9613.55,15:00:00,9612.881650891151,2,70
2017-06-14,9622.15,9622.6,9618.8,9619.6,15:05:00,9613.76435080628,2,71
2017-06-14,9616.95,9622.8,9616.35,9622.25,15:10:00,9614.067745967586,2,72
2017-06-14,9616.95,9619.5,9613.65,9616.55,15:15:00,9614.342246351624,2,73
2017-06-14,9617.15,9618.35,9613.9,9617.15,15:20:00,9614.609651460994,2,74
2017-06-14,9614.3,9618.95,9611.4,9616.8,15:25:00,9614.580160845662,2,75
2017-06-15,9613.05,9621.4,9601.2,9614.05,09:15:00,9614.434431241312,3,1
2017-06-15,9606.7,9614.65,9605.3,9612.7,09:20:00,9613.69781874214,3,2
2017-06-15,9603.1,9607.1,9599.1,9606.85,09:25:00,9612.68850267146,3,3
2017-06-15,9592.6,9603.6,9589.4,9603.05,09:30:00,9610.775311940846,3,4
2017-06-15,9597.95,9600.5,9592.4,9592.55,09:35:00,9609.553853660766,3,5
2017-06-15,9605.0,9608.45,9596.85,9597.5,09:40:00,9609.12015331212,3,6
2017-06-15,9606.7,9612.05,9603.0,9604.9,09:45:00,9608.889662520489,3,7
2017-06-15,9610.1,9611.7,9605.95,9606.8,09:50:00,9609.004932756632,3,8
2017-06-15,9610.45,9612.45,9607.05,9609.65,09:55:00,9609.14255820838,3,9
2017-06-15,9612.0,9612.75,9605.7,9610.35,10:00:00,9609.414695521868,3,10
2017-06-15,9607.1,9612.95,9606.45,9611.45,10:05:00,9609.19424832931,3,11
2017-06-15,9604.95,9608.25,9604.85,9607.4,10:10:00,9608.790034202708,3,12
2017-06-15,9602.9,9605.8,9602.55,9604.85,10:15:00,9608.229078564354,3,13
2017-06-15,9604.1,9606.55,9601.75,9603.05,10:20:00,9607.835832986795,3,14
2017-06-15,9609.25,9610.0,9603.8,9603.8,10:25:00,9607.970515559482,3,15
2017-06-15,9609.6,9609.85,9607.25,9608.8,10:30:00,9608.12570455382,3,16
2017-06-15,9606.4,9609.75,9605.85,9609.3,10:35:00,9607.96135173917,3,17
2017-06-15,9610.4,9610.85,9606.05,9606.65,10:40:00,9608.193603954487,3,18
2017-06-15,9610.2,9611.2,9607.7,9610.3,10:45:00,9608.384689292156,3,19
2017-06-15,9606.9,9613.4,9606.5,9610.1,10:50:00,9608.243290311952,3,20
2017-06-15,9602.4,9607.65,9602.05,9606.55,10:55:00,9607.686786472716,3,21
2017-06-15,9602.7,9604.1,9600.25,9602.25,11:00:00,9607.211854427696,3,22
2017-06-15,9601.5,9603.7,9601.15,9602.5,11:05:00,9606.667868291725,3,23
2017-06-15,9603.05,9606.3,9601.25,9601.35,11:10:00,9606.3233094068,3,24
2017-06-15,9600.2,9604.2,9599.8,9603.2,11:15:00,9605.740137082345,3,25
2017-06-15,9602.2,9603.2,9599.55,9599.8,11:20:00,9605.402981169738,3,26
2017-06-15,9601.5,9602.4,9600.0,9601.8,11:25:00,9605.03126867738,3,27
2017-06-15,9597.3,9604.65,9597.3,9601.25,11:30:00,9604.294957374774,3,28
2017-06-15,9595.05,9597.9,9594.6,9597.15,11:35:00,9603.414485243842,3,29
2017-06-15,9593.35,9596.0,9592.65,9595.4,11:40:00,9602.455962839666,3,30
2017-06-15,9594.75,9594.9,9591.0,9593.05,11:45:00,9601.72206161684,3,31
2017-06-15,9595.05,9598.1,9592.85,9594.4,11:50:00,9601.08662717714,3,32
2017-06-15,9593.25,9596.6,9592.15,9595.4,11:55:00,9600.340281731696,3,33
2017-06-15,9588.3,9593.2,9586.65,9593.2,12:00:00,9599.193588233438,3,34
2017-06-15,9589.5,9593.35,9588.45,9588.45,12:05:00,9598.270389354062,3,35
2017-06-15,9589.05,9592.05,9586.45,9589.35,12:10:00,9597.392257034628,3,36
2017-06-15,9590.4,9591.6,9586.8,9588.9,12:15:00,9596.726327793234,3,37
2017-06-15,9591.7,9592.4,9589.05,9590.0,12:20:00,9596.247629908165,3,38
2017-06-15,9595.6,9596.1,9591.15,9591.75,12:25:00,9596.185950869292,3,39
2017-06-15,9597.25,9598.05,9593.65,9595.75,12:30:00,9596.28728888174,3,40
2017-06-15,9594.1,9599.2,9593.0,9597.35,12:35:00,9596.078975654907,3,41
2017-06-15,9591.55,9594.95,9591.55,9594.05,12:40:00,9595.647644640154,3,42
2017-06-15,9586.3,9591.0,9583.35,9591.0,12:45:00,9594.757392769665,3,43
2017-06-15,9586.45,9586.7,9583.85,9586.05,12:50:00,9593.966212505886,3,44
2017-06-15,9577.65,9586.4,9576.8,9586.4,12:55:00,9592.412287505324,3,45
2017-06-15,9585.0,9586.55,9576.1,9577.8,13:00:00,9591.70635536196,3,46
2017-06-15,9582.85,9585.5,9581.8,9585.15,13:05:00,9590.862892946536,3,47
2017-06-15,9585.05,9586.6,9582.65,9583.05,13:10:00,9590.309284094485,3,48
2017-06-15,9583.55,9585.2,9581.25,9584.85,13:15:00,9589.665542752153,3,49
2017-06-15,9581.5,9584.85,9580.65,9583.45,13:20:00,9588.887872013853,3,50
2017-06-15,9577.25,9581.5,9575.6,9581.1,13:25:00,9587.77950325063,3,51
2017-06-15,9577.95,9578.2,9575.0,9577.0,13:30:00,9586.843360083902,3,52
2017-06-15,9581.4,9585.35,9577.65,9577.65,13:35:00,9586.324944837816,3,53
2017-06-15,9579.8,9583.7,9578.7,9581.0,13:40:00,9585.703521519928,3,54
2017-06-15,9588.45,9591.15,9578.55,9578.55,13:45:00,9585.965090898982,3,55
2017-06-15,9588.25,9590.15,9585.8,9587.75,13:50:00,9586.182701289556,3,56
2017-06-15,9586.55,9588.4,9584.1,9587.9,13:55:00,9586.217682119122,3,57
2017-06-15,9583.6,9586.55,9580.6,9585.15,14:00:00,9585.96837906016,3,58
2017-06-15,9581.0,9583.55,9580.0,9583.4,14:05:00,9585.49520010205,3,59
2017-06-15,9579.6,9581.2,9578.0,9580.45,14:10:00,9584.933752473284,3,60
2017-06-15,9568.65,9579.65,9565.9,9579.4,14:15:00,9583.3829189044,3,61
2017-06-15,9568.9,9569.45,9564.6,9567.8,14:20:00,9582.003593294456,3,62
2017-06-15,9564.6,9569.35,9563.35,9568.85,14:25:00,9580.346108218797,3,63
2017-06-15,9566.45,9566.9,9560.8,9564.2,14:30:00,9579.022669340817,3,64
2017-06-15,9570.1,9574.85,9567.15,9567.85,14:35:00,9578.172891308355,3,65
2017-06-15,9569.75,9572.1,9564.35,9572.1,14:40:00,9577.370711183752,3,66
2017-06-15,9574.7,9575.8,9569.1,9572.8,14:45:00,9577.11635773768,3,67
2017-06-15,9574.9,9577.95,9574.7,9574.85,14:50:00,9576.905276048376,3,68
2017-06-15,9576.85,9577.55,9573.75,9574.95,14:55:00,9576.900011662818,3,69
2017-06-15,9579.3,9585.75,9576.1,9576.5,15:00:00,9577.128581980644,3,70
2017-06-15,9580.45,9583.5,9576.65,9580.05,15:05:00,9577.444907506297,3,71
2017-06-15,9579.1,9582.2,9577.9,9580.75,15:10:00,9577.60253536284,3,72
2017-06-15,9579.55,9580.7,9577.1,9579.45,15:15:00,9577.788008185427,3,73
2017-06-15,9576.85,9580.3,9575.15,9579.75,15:20:00,9577.69867407253,3,74
2017-06-15,9573.85,9578.6,9572.1,9576.95,15:25:00,9577.33213368467,3,75
2017-06-16,9604.35,9608.15,9593.7,9594.25,09:15:00,9579.90526380994,4,1
2017-06-16,9601.2,9604.45,9596.4,9603.8,09:20:00,9581.933333923278,4,2
2017-06-16,9597.8,9605.6,9597.55,9601.35,09:25:00,9583.444444978204,4,3
2017-06-16,9598.95,9604.1,9597.65,9597.65,09:30:00,9584.921164504089,4,4
2017-06-16,9598.6,9604.75,9596.85,9598.85,09:35:00,9586.223910741794,4,5
2017-06-16,9595.2,9598.85,9593.0,9598.5,09:40:00,9587.078776385431,4,6
2017-06-16,9598.15,9599.15,9594.55,9595.05,09:45:00,9588.13317863444,4,7
2017-06-16,9597.05,9599.0,9594.95,9598.05,09:50:00,9588.982399716877,4,8
2017-06-16,9601.3,9602.2,9596.7,9596.7,09:55:00,9590.155504505745,4,9
2017-06-16,9603.5,9606.3,9601.2,9601.2,10:00:00,9591.42640883853,4,10
2017-06-16,9602.65,9607.1,9602.3,9603.25,10:05:00,9592.49532228248,4,11
2017-06-16,9609.7,9610.7,9601.2,9602.6,10:10:00,9594.13386301748,4,12
2017-06-16,9608.05,9610.75,9606.95,9609.35,10:15:00,9595.459209396768,4,13
2017-06-16,9611.3,9612.7,9607.45,9607.95,10:20:00,9596.967856120886,4,14
2017-06-16,9610.3,9612.55,9608.2,9611.1,10:25:00,9598.237584109373,4,15
2017-06-16,9610.7,9615.85,9609.8,9610.25,10:30:00,9599.42448086086,4,16
2017-06-16,9608.35,9612.45,9607.7,9611.05,10:35:00,9600.274530302684,4,17
2017-06-16,9600.8,9609.65,9600.4,9609.0,10:40:00,9600.324575035762,4,18
2017-06-16,9597.35,9600.4,9596.4,9600.4,10:45:00,9600.041282175212,4,19
2017-06-16,9596.3,9599.7,9595.85,9597.45,10:50:00,9599.684969587095,4,20
2017-06-16,9591.25,9596.45,9588.55,9596.15,10:55:00,9598.881639150231,4,21
2017-06-16,9582.7,9591.8,9582.15,9591.35,11:00:00,9597.340530659732,4,22
2017-06-16,9586.5,9588.8,9581.8,9582.9,11:05:00,9596.30809916833,4,23
2017-06-16,9592.25,9592.6,9582.05,9586.15,11:10:00,9595.92161353325,4,24
2017-06-16,9589.65,9595.25,9589.15,9592.2,11:15:00,9595.324317006272,4,25
2017-06-16,9586.35,9590.0,9585.9,9589.95,11:20:00,9594.469620148531,4,26
2017-06-16,9586.6,9587.45,9584.9,9586.65,11:25:00,9593.72013251534,4,27
2017-06-16,9583.3,9587.25,9582.15,9586.45,11:30:00,9592.727738942447,4,28
2017-06-16,9580.15,9583.95,9579.85,9583.05,11:35:00,9591.529859043168,4,29
2017-06-16,9577.5,9580.75,9577.05,9580.1,11:40:00,9590.193681991435,4,30
2017-06-16,9581.9,9583.35,9575.4,9577.0,11:45:00,9589.40380751606,4,31
2017-06-16,9583.1,9584.65,9580.95,9581.35,11:50:00,9588.803444895482,4,32
2017-06-16,9583.15,9583.55,9581.75,9582.95,11:55:00,9588.265021572102,4,33
2017-06-16,9586.6,9586.6,9581.3,9583.0,12:00:00,9588.106448089044,4,34
2017-06-16,9584.3,9589.2,9584.1,9587.0,12:05:00,9587.74392922342,4,35
2017-06-16,9583.65,9584.85,9580.6,9584.4,12:10:00,9587.354031202143,4,36
2017-06-16,9587.3,9589.1,9583.5,9583.5,12:15:00,9587.348885373369,4,37
2017-06-16,9588.25,9589.4,9586.55,9587.15,12:20:00,9587.434705814,4,38
2017-06-16,9590.2,9590.8,9587.65,9587.95,12:25:00,9587.698067165047,4,39
2017-06-16,9594.5,9594.65,9589.8,9590.45,12:30:00,9588.345870292183,4,40
2017-06-16,9591.55,9595.7,9590.95,9594.3,12:35:00,9588.651025502451,4,41
2017-06-16,9590.1,9591.85,9587.8,9591.4,12:40:00,9588.789023073648,4,42
2017-06-16,9588.8,9590.7,9588.05,9590.05,12:45:00,9588.790068495206,4,43
2017-06-16,9589.5,9590.5,9586.9,9588.45,12:50:00,9588.857681019472,4,44
2017-06-16,9589.75,9591.3,9589.1,9589.45,12:55:00,9588.94266377952,4,45
2017-06-16,9587.8,9590.05,9586.8,9589.9,13:00:00,9588.833838657662,4,46
2017-06-16,9590.8,9591.3,9587.15,9588.0,13:05:00,9589.021092118835,4,47
2017-06-16,9589.7,9591.25,9588.4,9590.75,13:10:00,9589.085750012278,4,48
2017-06-16,9592.6,9593.55,9589.25,9589.4,13:15:00,9589.4204404873,4,49
2017-06-16,9593.55,9594.6,9592.1,9592.35,13:20:00,9589.81373186946,4,50
2017-06-16,9591.15,9593.55,9590.15,9593.4,13:25:00,9589.94099550094,4,51
2017-06-16,9593.2,9595.6,9590.9,9591.2,13:30:00,9590.251376881804,4,52
2017-06-16,9594.05,9596.2,9592.1,9593.1,13:35:00,9590.613150512108,4,53
2017-06-16,9591.45,9596.7,9590.85,9593.95,13:40:00,9590.692850463336,4,54
2017-06-16,9594.2,9595.9,9591.35,9591.9,13:45:00,9591.026864704923,4,55
2017-06-16,9598.2,9599.55,9593.9,9594.6,13:50:00,9591.710020447312,4,56
2017-06-16,9590.6,9600.05,9588.45,9599.85,13:55:00,9591.604304214234,4,57
2017-06-16,9592.5,9593.4,9589.95,9590.85,14:00:00,9591.689608574785,4,58
2017-06-16,9589.75,9595.1,9588.6,9592.2,14:05:00,9591.504883948612,4,59
2017-06-16,9588.25,9592.05,9585.7,9589.55,14:10:00,9591.194895001125,4,60
2017-06-16,9582.2,9589.3,9581.7,9588.2,14:15:00,9590.338238334352,4,61
2017-06-16,9580.6,9584.55,9580.6,9582.25,14:20:00,9589.410787064417,4,62
2017-06-16,9574.35,9581.05,9573.5,9580.5,14:25:00,9587.976426391611,4,63
2017-06-16,9577.05,9577.05,9565.5,9573.9,14:30:00,9586.935814354318,4,64
2017-06-16,9573.05,9578.95,9571.1,9577.55,14:35:00,9585.613355844383,4,65
2017-06-16,9576.6,9578.1,9572.65,9573.1,14:40:00,9584.75494100206,4,66
2017-06-16,9576.95,9578.5,9575.4,9576.3,14:45:00,9584.01161328758,4,67
2017-06-16,9582.55,9583.25,9577.0,9577.0,14:50:00,9583.872412022096,4,68
2017-06-16,9583.0,9584.55,9581.3,9583.05,14:55:00,9583.789325162848,4,69
2017-06-16,9594.3,9597.55,9581.45,9581.9,15:00:00,9584.790341814009,4,70
2017-06-16,9591.15,9595.85,9590.45,9593.55,15:05:00,9585.396023546007,4,71
2017-06-16,9589.6,9592.0,9587.1,9589.75,15:10:00,9585.79640225591,4,72
2017-06-16,9587.25,9591.35,9585.65,9589.5,15:15:00,9585.9348401363,4,73
2017-06-16,9586.35,9590.25,9584.85,9590.25,15:20:00,9585.97437917094,4,74
2017-06-16,9576.95,9587.5,9575.85,9586.2,15:25:00,9585.114914487993,4,75
2017-06-19,9622.6,9631.25,9621.65,9623.25,09:15:00,9588.684922631994,0,1
2017-06-19,9627.15,9630.35,9622.6,9622.8,09:20:00,9592.348263333708,0,2
2017-06-19,9637.7,9638.75,9624.2,9626.25,09:25:00,9596.667476349545,0,3
2017-06-19,9632.5,9638.2,9632.3,9637.9,09:30:00,9600.080097649588,0,4
2017-06-19,9629.55,9635.1,9629.1,9632.6,09:35:00,9602.886755016294,0,5
2017-06-19,9631.8,9631.8,9627.1,9629.15,09:40:00,9605.640397395691,0,6
2017-06-19,9631.0,9634.95,9630.7,9631.3,09:45:00,9608.055597643724,0,7
2017-06-19,9629.8,9631.9,9627.05,9631.35,09:50:00,9610.126493106223,0,8
2017-06-19,9618.3,9630.15,9618.25,9630.0,09:55:00,9610.904922334204,0,9
2017-06-19,9620.0,9620.55,9614.9,9617.95,10:00:00,9611.771120207137,0,10
2017-06-19,9618.85,9623.2,9618.3,9620.3,10:05:00,9612.445299235029,0,11
2017-06-19,9623.1,9625.05,9617.6,9618.9,10:10:00,9613.460032641216,0,12
2017-06-19,9627.45,9629.75,9623.2,9623.35,10:15:00,9614.79241048491,0,13
2017-06-19,9626.9,9628.45,9624.2,9627.65,10:20:00,9615.945514248251,0,14
2017-06-19,9628.55,9628.6,9625.7,9627.0,10:25:00,9617.145941462704,0,15
2017-06-19,9632.55,9634.35,9627.3,9628.5,10:30:00,9618.612994656733,0,16
2017-06-19,9628.85,9632.5,9626.8,9632.45,10:35:00,9619.587947546566,0,17
2017-06-19,9625.0,9629.05,9624.8,9628.5,10:40:00,9620.10338111356,0,18
2017-06-19,9623.7,9626.6,9623.45,9624.7,10:45:00,9620.445916245602,0,19
2017-06-19,9622.1,9623.9,9620.8,9623.05,10:50:00,9620.603448031736,0,20
2017-06-19,9620.35,9623.55,9619.2,9622.2,10:55:00,9620.579310123952,0,21
2017-06-19,9623.4,9624.0,9620.3,9620.85,11:00:00,9620.847947255004,0,22
2017-06-19,9624.35,9625.4,9622.3,9623.75,11:05:00,9621.18147608786,0,23
2017-06-19,9624.85,9625.5,9623.15,9624.4,11:10:00,9621.530859317589,0,24
2017-06-19,9627.6,9629.8,9624.7,9624.8,11:15:00,9622.108872715911,0,25
2017-06-19,9624.8,9628.35,9624.2,9627.65,11:20:00,9622.365170552492,0,26
2017-06-19,9624.7,9627.3,9623.8,9624.75,11:25:00,9622.58753526178,0,27
2017-06-19,9625.75,9626.8,9623.9,9625.3,11:30:00,9622.888722379705,0,28
2017-06-19,9626.0,9627.9,9625.4,9625.7,11:35:00,9623.18503453402,0,29
2017-06-19,9625.85,9628.25,9625.4,9625.95,11:40:00,9623.438840768877,0,30
2017-06-19,9625.6,9627.3,9624.55,9626.35,11:45:00,9623.644665457554,0,31
2017-06-19,9624.55,9627.3,9623.85,9625.65,11:50:00,9623.730887794927,0,32
2017-06-19,9621.65,9625.05,9621.65,9624.25,11:55:00,9623.532708004936,0,33
2017-06-19,9623.15,9623.5,9621.4,9621.6,12:00:00,9623.496259623513,0,34
2017-06-19,9623.55,9624.0,9622.7,9623.25,12:05:00,9623.501377754606,0,35
2017-06-19,9623.35,9624.55,9622.6,9623.5,12:10:00,9623.486960825596,0,36
2017-06-19,9624.25,9624.55,9621.75,9623.55,12:15:00,9623.55963122316,0,37
2017-06-19,9626.0,9626.75,9623.35,9624.65,12:20:00,9623.792047297144,0,38
2017-06-19,9623.65,9626.35,9622.15,9625.85,12:25:00,9623.77851898313,0,39
2017-06-19,9626.0,9626.7,9622.5,9623.6,12:30:00,9623.990088603785,0,40
2017-06-19,9627.75,9628.2,9624.35,9626.3,12:35:00,9624.348175403424,0,41
2017-06-19,9625.55,9630.3,9624.4,9627.8,12:40:00,9624.462634888812,0,42
2017-06-19,9628.95,9629.25,9624.1,9625.75,12:45:00,9624.89000299464,0,43
2017-06-19,9628.55,9629.4,9627.15,9628.85,12:50:00,9625.238574138008,0,44
2017-06-19,9629.9,9629.9,9627.05,9629.2,12:55:00,9625.682519458198,0,45
2017-06-19,9627.4,9630.55,9625.95,9630.55,13:00:00,9625.846089033608,0,46
2017-06-19,9627.6,9629.2,9626.4,9627.5,13:05:00,9626.013128173265,0,47
2017-06-19,9625.5,9628.35,9624.1,9627.65,13:10:00,9625.964258823433,0,48
2017-06-19,9626.45,9629.1,9625.0,9625.75,13:15:00,9626.010519887865,0,49
2017-06-19,9625.85,9627.55,9625.45,9626.7,13:20:00,9625.995232279496,0,50
2017-06-19,9626.65,9627.95,9624.85,9625.8,13:25:00,9626.05759111002,0,51
2017-06-19,9626.55,9628.15,9625.25,9627.35,13:30:00,9626.10448719478,0,52
2017-06-19,9629.2,9629.55,9626.0,9627.0,13:35:00,9626.399297938136,0,53
2017-06-19,9641.45,9641.8,9628.75,9629.35,13:40:00,9627.832698134504,0,54
2017-06-19,9640.4,9649.65,9639.3,9641.2,13:45:00,9629.029584026455,0,55
2017-06-19,9642.25,9643.5,9638.85,9640.35,13:50:00,9630.28867126203,0,56
2017-06-19,9645.05,9646.0,9640.3,9642.35,13:55:00,9631.694512094218,0,57
2017-06-19,9654.6,9654.75,9645.45,9646.65,14:00:00,9633.875987132864,0,58
2017-06-19,9650.35,9657.5,9650.3,9656.75,14:05:00,9635.44494073926,0,59
2017-06-19,9654.65,9655.0,9650.35,9651.3,14:10:00,9637.273994002186,0,60
2017-06-19,9658.5,9659.75,9655.75,9657.05,14:15:00,9639.29551838293,0,61
2017-06-19,9662.4,9664.6,9657.2,9659.95,14:20:00,9641.495945203604,0,62
2017-06-19,9662.65,9665.4,9658.9,9663.85,14:25:00,9643.510617088974,0,63
2017-06-19,9669.3,9670.8,9661.95,9663.65,14:30:00,9645.966748794786,0,64
2017-06-19,9665.6,9673.3,9664.6,9671.1,14:35:00,9647.836582242902,0,65
2017-06-19,9666.2,9669.45,9665.4,9666.0,14:40:00,9649.58547917215,0,66
2017-06-19,9662.3,9668.45,9661.6,9666.75,14:45:00,9650.79638591766,0,67
2017-06-19,9660.15,9662.75,9658.55,9662.15,14:50:00,9651.687206306457,0,68
2017-06-19,9656.95,9660.6,9656.95,9659.7,14:55:00,9652.18842475346,0,69
2017-06-19,9662.1,9662.6,9656.6,9656.6,15:00:00,9653.13238430075,0,70
2017-06-19,9655.15,9663.25,9654.65,9662.45,15:05:00,9653.324538176868,0,71
2017-06-19,9657.7,9659.3,9654.5,9655.35,15:10:00,9653.741248826693,0,72
2017-06-19,9656.95,9659.05,9654.15,9658.1,15:15:00,9654.04684417653,0,73
2017-06-19,9655.7,9657.55,9654.05,9657.1,15:20:00,9654.204287588287,0,74
2017-06-19,9654.15,9658.0,9653.45,9656.0,15:25:00,9654.199117341785,0,75
2017-06-20,9667.85,9674.8,9659.35,9667.9,09:15:00,9655.499201404473,1,1
2017-06-20,9663.8,9670.1,9655.6,9667.9,09:20:00,9656.289753651665,1,2
2017-06-20,9667.5,9670.4,9663.8,9664.05,09:25:00,9657.357396161033,1,3
2017-06-20,9669.45,9670.9,9664.15,9667.0,09:30:00,9658.509072717125,1,4
2017-06-20,9664.85,9671.4,9664.2,9669.65,09:35:00,9659.112970553588,1,5
2017-06-20,9665.15,9667.15,9661.4,9664.5,09:40:00,9659.68792573896,1,6
2017-06-20,9663.65,9666.4,9663.45,9665.2,09:45:00,9660.065266144777,1,7
2017-06-20,9660.4,9663.6,9657.4,9663.6,09:50:00,9660.097145559555,1,8
2017-06-20,9669.2,9669.7,9659.7,9660.2,09:55:00,9660.964084077696,1,9
2017-06-20,9668.75,9670.65,9667.95,9669.4,10:00:00,9661.70559987982,1,10
2017-06-20,9668.75,9671.3,9668.25,9668.7,10:05:00,9662.376495129362,1,11
2017-06-20,9667.95,9669.8,9665.8,9668.85,10:10:00,9662.907305117042,1,12
2017-06-20,9676.0,9676.0,9668.0,9668.0,10:15:00,9664.154228439227,1,13
2017-06-20,9673.15,9676.5,9671.0,9675.75,10:20:00,9665.010968587872,1,14
2017-06-20,9670.35,9675.05,9670.25,9673.45,10:25:00,9665.51944776998,1,15
2017-06-20,9669.6,9671.55,9668.9,9670.75,10:30:00,9665.908071791886,1,16
2017-06-20,9670.8,9671.6,9669.25,9669.75,10:35:00,9666.373969716467,1,17
2017-06-20,9671.3,9671.7,9669.7,9671.1,10:40:00,9666.843115457756,1,18
2017-06-20,9673.15,9673.15,9669.85,9671.4,10:45:00,9667.443771128448,1,19
2017-06-20,9671.0,9673.3,9669.3,9673.3,10:50:00,9667.782459592405,1,20
2017-06-20,9668.45,9671.6,9666.2,9671.3,10:55:00,9667.84603486932,1,21
2017-06-20,9664.8,9668.3,9663.9,9668.3,11:00:00,9667.555936310337,1,22
2017-06-20,9667.0,9667.65,9664.0,9664.7,11:05:00,9667.502989995066,1,23
2017-06-20,9666.15,9667.3,9665.5,9667.25,11:10:00,9667.37413380506,1,24
2017-06-20,9665.9,9666.5,9662.85,9666.1,11:15:00,9667.23374010934,1,25
2017-06-20,9668.9,9668.95,9665.8,9665.95,11:20:00,9667.392431527498,1,26
2017-06-20,9670.05,9672.8,9668.0,9668.65,11:25:00,9667.645533286784,1,27
2017-06-20,9669.05,9674.3,9668.95,9670.5,11:30:00,9667.779292021376,1,28
2017-06-20,9669.05,9670.0,9668.15,9669.25,11:35:00,9667.900311828864,1,29
2017-06-20,9670.0,9670.55,9668.05,9668.85,11:40:00,9668.100282130878,1,30
2017-06-20,9668.65,9671.15,9668.05,9669.8,11:45:00,9668.152636213652,1,31
2017-06-20,9668.0,9669.5,9667.2,9668.55,11:50:00,9668.1380994314,1,32
2017-06-20,9666.1,9668.4,9665.1,9668.1,11:55:00,9667.943994723648,1,33
2017-06-20,9666.3,9668.4,9666.15,9666.8,12:00:00,9667.787423797588,1,34
2017-06-20,9666.15,9668.65,9665.35,9666.9,12:05:00,9667.631478674008,1,35
2017-06-20,9667.4,9667.9,9665.45,9666.4,12:10:00,9667.609433086009,1,36
2017-06-20,9667.0,9668.45,9666.6,9667.5,12:15:00,9667.55139183972,1,37
2017-06-20,9666.25,9667.8,9665.2,9666.8,12:20:00,9667.427449759747,1,38
2017-06-20,9662.0,9666.6,9661.05,9666.2,12:25:00,9666.910549782628,1,39
2017-06-20,9661.95,9663.05,9660.7,9661.8,12:30:00,9666.438116469995,1,40
2017-06-20,9665.95,9667.15,9662.05,9662.35,12:35:00,9666.39162918714,1,41
2017-06-20,9663.1,9666.1,9662.4,9666.1,12:40:00,9666.078140693126,1,42
2017-06-20,9660.15,9663.65,9659.7,9663.25,12:45:00,9665.51355586521,1,43
2017-06-20,9653.6,9660.25,9650.4,9660.0,12:50:00,9664.378931497096,1,44
2017-06-20,9652.05,9657.95,9652.0,9653.75,12:55:00,9663.20474754499,1,45
2017-06-20,9657.5,9657.5,9650.4,9652.4,13:00:00,9662.661438254992,1,46
2017-06-20,9659.25,9660.1,9657.2,9657.4,13:05:00,9662.336539373564,1,47
2017-06-20,9661.45,9663.15,9659.0,9659.35,13:10:00,9662.252107052273,1,48
2017-06-20,9662.1,9662.6,9660.7,9661.9,13:15:00,9662.237620666345,1,49
2017-06-20,9659.6,9662.55,9658.15,9662.2,13:20:00,9661.98641869812,1,50
2017-06-20,9658.05,9659.8,9657.35,9659.55,13:25:00,9661.611521679251,1,51
2017-06-20,9658.8,9659.75,9657.55,9657.95,13:30:00,9661.3437577098,1,52
2017-06-20,9658.95,9660.3,9658.45,9658.6,13:35:00,9661.115780785056,1,53
2017-06-20,9660.55,9662.5,9659.2,9659.45,13:40:00,9661.061896900765,1,54
2017-06-20,9659.75,9661.8,9658.05,9660.3,13:45:00,9660.936954338787,1,55
2017-06-20,9647.85,9659.35,9643.75,9659.15,13:50:00,9659.690577735097,1,56
2017-06-20,9651.95,9652.7,9646.95,9647.75,13:55:00,9658.953379855562,1,57
2017-06-20,9653.75,9656.4,9649.2,9651.6,14:00:00,9658.457819869318,1,58
2017-06-20,9653.15,9657.8,9653.15,9653.3,14:05:00,9657.952313215095,1,59
2017-06-20,9653.35,9654.35,9650.35,9654.3,14:10:00,9657.5139976708,1,60
2017-06-20,9651.45,9654.85,9649.25,9653.3,14:15:00,9656.936474083108,1,61
2017-06-20,9654.15,9654.7,9651.15,9651.3,14:20:00,9656.671095599002,1,62
2017-06-20,9656.85,9656.85,9653.75,9653.75,14:25:00,9656.688134113385,1,63
2017-06-20,9655.45,9660.75,9655.3,9656.5,14:30:00,9656.570216578775,1,64
2017-06-20,9658.9,9659.25,9654.8,9656.9,14:35:00,9656.79210071413,1,65
2017-06-20,9657.05,9660.45,9656.25,9658.7,14:40:00,9656.81666255088,1,66
2017-06-20,9653.9,9657.45,9651.3,9657.1,14:45:00,9656.538885165082,1,67
2017-06-20,9653.7,9654.75,9650.9,9653.7,14:50:00,9656.26851514936,1,68
2017-06-20,9656.5,9659.5,9653.4,9653.4,14:55:00,9656.290561325612,1,69
2017-06-20,9660.25,9662.7,9653.6,9656.4,15:00:00,9656.667650723171,1,70
2017-06-20,9656.6,9661.85,9655.45,9660.6,15:05:00,9656.661207797157,1,71
2017-06-20,9655.55,9657.8,9653.7,9656.75,15:10:00,9656.55537848314,1,72
2017-06-20,9653.7,9657.0,9651.15,9655.85,15:15:00,9656.283437675222,1,73
2017-06-20,9651.2,9654.0,9649.7,9653.4,15:20:00,9655.799300753772,1,74
2017-06-20,9649.95,9654.5,9648.05,9650.9,15:25:00,9655.242224491509,1,75
2017-06-21,9632.1,9650.45,9627.5,9645.4,09:15:00,9653.038203111364,2,1
2017-06-21,9625.0,9632.15,9623.5,9632.15,09:20:00,9650.36789805314,2,2
2017-06-21,9627.45,9631.3,9622.65,9624.9,09:25:00,9648.185241095696,2,3
2017-06-21,9613.35,9627.95,9609.35,9627.95,09:30:00,9644.86759908658,2,4
2017-06-21,9614.5,9616.5,9609.9,9612.55,09:35:00,9641.97544679262,2,5
2017-06-21,9618.1,9619.05,9614.0,9614.6,09:40:00,9639.701594717131,2,6
2017-06-21,9618.15,9621.1,9616.2,9617.85,09:45:00,9637.64906188693,2,7
2017-06-21,9615.15,9619.9,9612.7,9618.35,09:50:00,9635.506294088176,2,8
2017-06-21,9616.25,9616.65,9613.85,9615.3,09:55:00,9633.672361317876,2,9
2017-06-21,9618.35,9619.25,9616.0,9616.65,10:00:00,9632.21308881141,2,10
2017-06-21,9622.8,9622.85,9618.2,9619.25,10:05:00,9631.316604162705,2,11
2017-06-21,9624.5,9625.2,9621.75,9622.6,10:10:00,9630.667403766256,2,12
2017-06-21,9621.9,9625.4,9621.6,9624.6,10:15:00,9629.832412931377,2,13
2017-06-21,9619.8,9623.15,9618.5,9621.85,10:20:00,9628.876945033147,2,14
2017-06-21,9618.65,9622.5,9616.05,9619.9,10:25:00,9627.902950268084,2,15
2017-06-21,9617.1,9620.7,9616.35,9618.45,10:30:00,9626.8740978616,2,16
2017-06-21,9616.95,9618.55,9615.8,9616.85,10:35:00,9625.928945684303,2,17
2017-06-21,9618.85,9619.25,9615.6,9616.8,10:40:00,9625.254760381038,2,18
2017-06-21,9617.3,9619.1,9616.15,9618.75,10:45:00,9624.497164154272,2,19
2017-06-21,9618.35,9618.7,9616.05,9617.15,10:50:00,9623.911719949105,2,20
2017-06-21,9616.7,9619.05,9615.8,9618.25,10:55:00,9623.22488947776,2,21
2017-06-21,9615.25,9618.05,9614.7,9616.4,11:00:00,9622.465376194164,2,22
2017-06-21,9615.8,9616.65,9614.25,9615.2,11:05:00,9621.830578461386,2,23
2017-06-21,9612.2,9615.85,9611.55,9615.5,11:10:00,9620.913380512684,2,24
2017-06-21,9615.45,9615.95,9611.9,9612.3,11:15:00,9620.393058559095,2,25
2017-06-21,9618.05,9619.3,9614.65,9615.55,11:20:00,9620.169910124896,2,26
2017-06-21,9617.95,9619.95,9616.9,9617.7,11:25:00,9619.958490113002,2,27
2017-06-21,9616.8,9619.05,9615.55,9617.75,11:30:00,9619.65768153081,2,28
2017-06-21,9614.85,9617.2,9614.15,9617.0,11:35:00,9619.199807099303,2,29
2017-06-21,9618.15,9619.35,9614.8,9614.8,11:40:00,9619.0998254708,2,30
2017-06-21,9622.35,9622.35,9617.45,9618.2,11:45:00,9619.409365902153,2,31
2017-06-21,9624.55,9624.6,9620.7,9622.15,11:50:00,9619.898950101946,2,32
2017-06-21,9622.25,9624.5,9621.45,9624.5,11:55:00,9620.122859616044,2,33
2017-06-21,9622.25,9624.45,9622.0,9622.45,12:00:00,9620.325444414517,2,34
2017-06-21,9621.8,9624.5,9621.35,9622.5,12:05:00,9620.4658782798,2,35
2017-06-21,9623.4,9625.1,9621.65,9622.2,12:10:00,9620.745318443627,2,36
2017-06-21,9624.2,9625.8,9623.35,9623.55,12:15:00,9621.074335734713,2,37
2017-06-21,9623.15,9624.75,9622.7,9624.55,12:20:00,9621.272018045693,2,38
2017-06-21,9624.35,9624.75,9620.6,9623.1,12:25:00,9621.565159184198,2,39
2017-06-21,9623.6,9624.9,9622.8,9624.8,12:30:00,9621.758953547607,2,40
2017-06-21,9620.25,9623.75,9619.35,9623.35,12:35:00,9621.61524368593,2,41
2017-06-21,9620.15,9621.6,9619.0,9620.35,12:40:00,9621.475696668223,2,42
2017-06-21,9620.8,9622.95,9619.25,9620.2,12:45:00,9621.411344604585,2,43
2017-06-21,9619.4,9621.25,9618.65,9621.0,12:50:00,9621.219787975577,2,44
2017-06-21,9617.25,9619.35,9616.75,9619.35,12:55:00,9620.841712930282,2,45
2017-06-21,9615.7,9617.45,9614.65,9617.4,13:00:00,9620.35202598454,2,46
2017-06-21,9617.9,9618.65,9615.95,9616.15,13:05:00,9620.118499700298,2,47
2017-06-21,9620.35,9621.2,9617.75,9617.95,13:10:00,9620.14054734789,2,48
2017-06-21,9619.25,9621.45,9618.05,9620.05,13:15:00,9620.055733314755,2,49
2017-06-21,9617.75,9620.65,9617.6,9619.35,13:20:00,9619.836139665733,2,50
2017-06-21,9617.75,9619.45,9615.8,9617.7,13:25:00,9619.637459697567,2,51
2017-06-21,9617.5,9620.25,9616.15,9618.05,13:30:00,9619.433892107323,2,52
2017-06-21,9609.85,9617.95,9609.85,9617.95,13:35:00,9618.521140478057,2,53
2017-06-21,9612.55,9614.4,9609.5,9609.8,13:40:00,9617.952460432529,2,54
2017-06-21,9612.1,9613.75,9608.6,9612.9,13:45:00,9617.395083248475,2,55
2017-06-21,9612.35,9614.6,9611.2,9611.9,13:50:00,9616.914599129575,2,56
2017-06-21,9610.0,9612.75,9609.9,9612.75,13:55:00,9616.25606587914,2,57
2017-06-21,9616.1,9617.4,9609.25,9610.75,14:00:00,9616.24120246208,2,58
2017-06-21,9625.55,9625.95,9615.8,9616.9,14:05:00,9617.12775460855,2,59
2017-06-21,9630.1,9635.8,9624.3,9626.3,14:10:00,9618.363206550592,2,60
2017-06-21,9639.0,9639.55,9630.15,9631.2,14:15:00,9620.328615450537,2,61
2017-06-21,9637.2,9642.4,9634.0,9640.05,14:20:00,9621.935413979056,2,62
2017-06-21,9641.15,9642.35,9637.15,9638.7,14:25:00,9623.76537455248,2,63
2017-06-21,9643.15,9646.7,9641.7,9642.2,14:30:00,9625.611529357006,2,64
2017-06-21,9639.4,9644.9,9639.1,9644.3,14:35:00,9626.924717037293,2,65
2017-06-21,9634.1,9640.55,9633.5,9640.45,14:40:00,9627.608077319454,2,66
2017-06-21,9636.55,9636.65,9632.3,9634.25,14:45:00,9628.459689003315,2,67
2017-06-21,9637.05,9638.6,9635.65,9636.5,14:50:00,9629.277813860142,2,68
2017-06-21,9635.95,9637.8,9633.4,9637.15,14:55:00,9629.913260159175,2,69
2017-06-21,9636.55,9638.3,9635.35,9636.9,15:00:00,9630.545330620207,2,70
2017-06-21,9633.05,9637.2,9632.15,9637.0,15:05:00,9630.78387056114,2,71
2017-06-21,9629.45,9634.05,9628.15,9633.6,15:10:00,9630.656835269603,2,72
2017-06-21,9632.95,9633.1,9629.1,9629.9,15:15:00,9630.875231910592,2,73
2017-06-21,9633.7,9637.15,9632.45,9633.4,15:20:00,9631.144257442918,2,74
2017-06-21,9637.1,9639.5,9633.0,9634.6,15:25:00,9631.711471019784,2,75
2017-06-22,9661.65,9669.0,9642.35,9642.35,09:15:00,9634.56275949409,3,1
2017-06-22,9666.05,9668.85,9659.55,9661.75,09:20:00,9637.56154430418,3,2
2017-06-22,9668.55,9672.1,9665.5,9665.95,09:25:00,9640.512825799018,3,3
2017-06-22,9668.85,9671.35,9666.9,9668.25,09:30:00,9643.21160429435,3,4
2017-06-22,9669.05,9670.25,9666.65,9668.4,09:35:00,9645.672403885364,3,5
2017-06-22,9665.15,9670.25,9663.8,9669.45,09:40:00,9647.52741303914,3,6
2017-06-22,9661.5,9665.45,9661.3,9665.25,09:45:00,9648.85813560684,3,7
2017-06-22,9663.8,9664.5,9660.45,9661.35,09:50:00,9650.281170310953,3,8
2017-06-22,9665.4,9668.1,9663.1,9663.75,09:55:00,9651.721058852763,3,9
2017-06-22,9667.8,9668.25,9662.95,9665.3,10:00:00,9653.252386581073,3,10
2017-06-22,9667.55,9669.1,9665.9,9668.4,10:05:00,9654.614064049543,3,11
2017-06-22,9668.85,9669.8,9667.35,9667.85,10:10:00,9655.969867473395,3,12
2017-06-22,9667.9,9670.5,9667.4,9669.2,10:15:00,9657.10607057117,3,13
2017-06-22,9667.2,9668.7,9666.05,9667.65,10:20:00,9658.06739718344,3,14
2017-06-22,9665.7,9668.55,9665.7,9667.15,10:25:00,9658.794311737398,3,15
2017-06-22,9667.95,9668.6,9665.55,9665.75,10:30:00,9659.666282048122,3,16
2017-06-22,9668.15,9669.75,9666.7,9667.85,10:35:00,9660.474255186396,3,17
2017-06-22,9671.25,9671.25,9666.2,9668.35,10:40:00,9661.500516597214,3,18
2017-06-22,9679.35,9679.85,9670.1,9670.95,10:45:00,9663.20046739748,3,19
2017-06-22,9678.8,9679.9,9673.75,9679.55,10:50:00,9664.686137169148,3,20
2017-06-22,9682.3,9682.9,9678.1,9678.85,10:55:00,9666.363647914945,3,21
2017-06-22,9684.9,9688.1,9681.3,9682.65,11:00:00,9668.129014780188,3,22
2017-06-22,9687.65,9689.0,9683.35,9684.85,11:05:00,9669.988156229694,3,23
2017-06-22,9685.7,9689.45,9684.5,9687.55,11:10:00,9671.484522303055,3,24
2017-06-22,9688.7,9689.2,9685.45,9685.95,11:15:00,9673.124091607528,3,25
2017-06-22,9690.25,9692.65,9689.05,9689.35,11:20:00,9674.755130502048,3,26
2017-06-22,9693.15,9694.65,9689.0,9690.5,11:25:00,9676.507022835183,3,27
2017-06-22,9695.5,9697.95,9691.45,9693.3,11:30:00,9678.315877803265,3,28
2017-06-22,9694.4,9698.85,9693.8,9695.75,11:35:00,9679.847698964855,3,29
2017-06-22,9694.95,9697.2,9692.35,9694.6,11:40:00,9681.286013349158,3,30
2017-06-22,9690.15,9695.2,9689.55,9694.8,11:45:00,9682.130202554,3,31
2017-06-22,9690.7,9691.4,9688.85,9690.25,11:50:00,9682.946373739333,3,32
2017-06-22,9691.15,9691.5,9689.35,9691.1,11:55:00,9683.727671478444,3,33
2017-06-22,9691.25,9691.55,9687.7,9691.3,12:00:00,9684.444083718592,3,34
2017-06-22,9694.0,9694.55,9689.95,9691.05,12:05:00,9685.354170983488,3,35
2017-06-22,9693.5,9694.7,9692.2,9694.35,12:10:00,9686.129964223155,3,36
2017-06-22,9689.0,9694.2,9688.9,9693.65,12:15:00,9686.403300963808,3,37
2017-06-22,9682.65,9689.6,9682.15,9689.6,12:20:00,9686.04584372916,3,38
2017-06-22,9686.65,9687.7,9682.25,9682.4,12:25:00,9686.10338242162,3,39
2017-06-22,9682.75,9687.25,9682.7,9686.75,12:30:00,9685.78401266718,3,40
2017-06-22,9676.4,9683.35,9676.25,9682.65,12:35:00,9684.890297175069,3,41
2017-06-22,9678.3,9679.6,9675.2,9676.35,12:40:00,9684.26264982506,3,42
2017-06-22,9681.15,9683.05,9677.35,9677.35,12:45:00,9683.966206984578,3,43
2017-06-22,9678.3,9682.2,9678.3,9681.35,12:50:00,9683.426568224142,3,44
2017-06-22,9679.75,9680.65,9676.6,9678.15,12:55:00,9683.07641886946,3,45
2017-06-22,9680.55,9682.05,9678.95,9679.5,13:00:00,9682.83580754856,3,46
2017-06-22,9678.6,9680.9,9677.85,9680.65,13:05:00,9682.432397305842,3,47
2017-06-22,9685.55,9685.95,9678.3,9678.3,13:10:00,9682.72931184814,3,48
2017-06-22,9681.75,9686.0,9681.4,9685.1,13:15:00,9682.63604405308,3,49
2017-06-22,9684.7,9685.25,9680.35,9681.5,13:20:00,9682.83261128612,3,50
2017-06-22,9682.05,9685.3,9682.0,9684.5,13:25:00,9682.75807687792,3,51
2017-06-22,9683.65,9684.1,9680.75,9682.0,13:30:00,9682.843021937164,3,52
2017-06-22,9683.25,9685.55,9682.9,9683.45,13:35:00,9682.881781752672,3,53
2017-06-22,9675.7,9684.05,9674.7,9683.45,13:40:00,9682.197802538132,3,54
2017-06-22,9674.3,9677.9,9673.9,9675.9,13:45:00,9681.445630867836,3,55
2017-06-22,9676.0,9678.3,9672.0,9674.4,13:50:00,9680.926999356612,3,56
2017-06-22,9674.7,9682.35,9671.7,9677.1,13:55:00,9680.33395179884,3,57
2017-06-22,9673.35,9676.5,9671.0,9676.35,14:00:00,9679.668813532282,3,58
2017-06-22,9674.05,9676.05,9671.3,9674.35,14:05:00,9679.13368843397,3,59
2017-06-22,9676.65,9677.9,9674.1,9674.1,14:10:00,9678.897146678357,3,60
2017-06-22,9675.05,9678.45,9674.85,9676.45,14:15:00,9678.530751756609,3,61
2017-06-22,9667.6,9676.3,9666.15,9675.75,14:20:00,9677.489727779788,3,62
2017-06-22,9667.3,9671.1,9667.15,9668.8,14:25:00,9676.519277515046,3,63
2017-06-22,9653.75,9668.65,9653.05,9668.65,14:30:00,9674.350774894565,3,64
2017-06-22,9655.0,9657.25,9650.85,9654.0,14:35:00,9672.507843952226,3,65
2017-06-22,9659.9,9659.95,9653.95,9654.75,14:40:00,9671.307096909157,3,66
2017-06-22,9661.7,9662.6,9658.3,9660.0,14:45:00,9670.39213529876,3,67
2017-06-22,9653.05,9662.65,9651.9,9662.0,14:50:00,9668.740503365543,3,68
2017-06-22,9632.0,9653.6,9631.75,9652.25,14:55:00,9665.241407806923,3,69
2017-06-22,9627.1,9632.8,9617.75,9630.3,15:00:00,9661.608892777693,3,70
2017-06-22,9636.4,9637.55,9625.4,9625.4,15:05:00,9659.208045846484,3,71
2017-06-22,9636.9,9637.15,9631.35,9634.35,15:10:00,9657.08347005158,3,72
2017-06-22,9631.7,9637.3,9628.3,9635.3,15:15:00,9654.665996713336,3,73
2017-06-22,9630.4,9633.8,9629.0,9629.5,15:20:00,9652.3549494073,3,74
2017-06-22,9622.45,9632.5,9620.15,9629.95,15:25:00,9649.506858987555,3,75
2017-06-23,9628.05,9647.65,9624.65,9646.4,09:15:00,9647.463348607793,4,1
2017-06-23,9614.7,9627.95,9614.7,9627.9,09:20:00,9644.343029692762,4,2
2017-06-23,9616.1,9621.8,9614.3,9614.65,09:25:00,9641.65321734107,4,3
2017-06-23,9615.65,9623.4,9615.15,9616.95,09:30:00,9639.176720451444,4,4
2017-06-23,9606.15,9617.85,9606.15,9615.9,09:35:00,9636.031318503688,4,5
2017-06-23,9605.3,9609.15,9600.4,9606.2,09:40:00,9633.10452626524,4,6
2017-06-23,9592.6,9606.3,9591.9,9605.55,09:45:00,9629.24695233522,4,7
2017-06-23,9597.55,9606.25,9592.65,9593.35,09:50:00,9626.22819496996,4,8
2017-06-23,9596.6,9600.2,9592.15,9597.6,09:55:00,9623.406462115678,4,9
2017-06-23,9587.5,9596.65,9585.15,9596.4,10:00:00,9619.986799057042,4,10
2017-06-23,9588.45,9593.25,9586.55,9587.4,10:05:00,9616.983294384943,4,11
2017-06-23,9598.8,9599.1,9587.45,9588.5,10:10:00,9615.251552062567,4,12
2017-06-23,9599.3,9601.25,9595.7,9598.75,10:15:00,9613.732356628036,4,13
2017-06-23,9606.2,9606.35,9598.05,9599.35,10:20:00,9613.01498933013,4,14
2017-06-23,9597.6,9607.35,9596.95,9606.3,10:25:00,9611.546895108211,4,15
2017-06-23,9594.85,9598.85,9594.5,9597.5,10:30:00,9609.956714621714,4,16
2017-06-23,9590.45,9595.4,9589.05,9594.8,10:35:00,9608.09893227679,4,17
2017-06-23,9587.8,9591.55,9586.7,9590.8,10:40:00,9606.16570063138,4,18
2017-06-23,9596.35,9596.6,9587.6,9587.7,10:45:00,9605.230871999818,4,19
2017-06-23,9593.05,9598.15,9592.1,9596.2,10:50:00,9604.070788952216,4,20
2017-06-23,9593.05,9595.55,9592.9,9593.0,10:55:00,9603.021190004389,4,21
2017-06-23,9591.5,9594.2,9588.3,9592.85,11:00:00,9601.923933813494,4,22
2017-06-23,9591.95,9591.95,9587.5,9591.4,11:05:00,9600.974035355066,4,23
2017-06-23,9596.35,9598.4,9591.85,9591.85,11:10:00,9600.533651035536,4,24
2017-06-23,9593.1,9597.0,9592.35,9596.3,11:15:00,9599.825684270249,4,25
2017-06-23,9593.55,9594.45,9592.5,9592.9,11:20:00,9599.228000054034,4,26
2017-06-23,9591.5,9594.75,9591.3,9593.8,11:25:00,9598.49200004889,4,27
2017-06-23,9579.05,9591.6,9578.6,9591.55,11:30:00,9596.640380996614,4,28
2017-06-23,9581.8,9582.4,9575.9,9578.45,11:35:00,9595.227011377889,4,29
2017-06-23,9571.35,9582.3,9570.55,9581.65,11:40:00,9592.95301029428,4,30
2017-06-23,9572.6,9573.3,9565.5,9571.05,11:45:00,9591.01462836149,4,31
2017-06-23,9569.25,9572.2,9565.3,9571.8,11:50:00,9588.941806612778,4,32
2017-06-23,9575.4,9575.4,9568.3,9568.9,11:55:00,9587.652110744892,4,33
2017-06-23,9581.05,9581.05,9573.9,9575.0,12:00:00,9587.023338293,4,34
2017-06-23,9575.4,9582.9,9574.95,9581.6,12:05:00,9585.916353693668,4,35
2017-06-23,9578.75,9579.8,9574.6,9575.3,12:10:00,9585.23384381808,4,36
2017-06-23,9585.55,9587.35,9578.6,9578.6,12:15:00,9585.263953930644,4,37
2017-06-23,9580.65,9586.0,9577.9,9585.25,12:20:00,9584.824529746773,4,38
2017-06-23,9576.6,9581.45,9576.6,9580.2,12:25:00,9584.04124119946,4,39
2017-06-23,9575.4,9576.55,9572.75,9576.25,12:30:00,9583.218265847132,4,40
2017-06-23,9584.55,9585.2,9574.95,9574.95,12:35:00,9583.345097671214,4,41
2017-06-23,9581.6,9585.05,9578.75,9584.3,12:40:00,9583.178897893002,4,42
2017-06-23,9582.55,9583.65,9579.2,9581.15,12:45:00,9583.119002855574,4,43
2017-06-23,9587.5,9591.45,9582.45,9582.6,12:50:00,9583.536240678854,4,44
2017-06-23,9583.6,9588.8,9582.9,9586.75,12:55:00,9583.542312995154,4,45
2017-06-23,9591.45,9591.95,9582.95,9583.3,13:00:00,9584.295426043234,4,46
2017-06-23,9593.45,9597.6,9591.05,9591.05,13:05:00,9585.167290229592,4,47
2017-06-23,9590.95,9593.0,9589.5,9592.35,13:10:00,9585.71802449344,4,48
2017-06-23,9587.55,9590.9,9585.85,9590.3,13:15:00,9585.892498351208,4,49
2017-06-23,9593.35,9593.9,9587.5,9588.0,13:20:00,9586.602736603474,4,50
2017-06-23,9591.15,9597.4,9590.9,9593.1,13:25:00,9587.035809307905,4,51
2017-06-23,9589.25,9591.45,9586.95,9590.75,13:30:00,9587.246684611911,4,52
2017-06-23,9589.5,9591.45,9588.25,9588.85,13:35:00,9587.461286077443,4,53
2017-06-23,9586.8,9589.4,9586.7,9588.6,13:40:00,9587.39830645102,4,54
2017-06-23,9581.55,9587.0,9577.75,9586.4,13:45:00,9586.841324884255,4,55
2017-06-23,9583.25,9583.5,9577.35,9581.25,13:50:00,9586.4992939429,4,56
2017-06-23,9596.55,9599.6,9582.5,9582.9,13:55:00,9587.456504043575,4,57
2017-06-23,9596.5,9602.85,9596.15,9598.2,14:00:00,9588.31778937276,4,58
2017-06-23,9594.0,9599.95,9593.9,9596.05,14:05:00,9588.85895228964,4,59
2017-06-23,9593.95,9597.3,9592.95,9594.15,14:10:00,9589.343813976342,4,60
2017-06-23,9591.35,9595.95,9591.25,9594.9,14:15:00,9589.534879311928,4,61
2017-06-23,9590.05,9593.4,9588.4,9592.25,14:20:00,9589.58393842508,4,62
2017-06-23,9596.2,9598.25,9587.75,9589.75,14:25:00,9590.214039527453,4,63
2017-06-23,9594.75,9599.45,9593.95,9595.45,14:30:00,9590.646035762931,4,64
2017-06-23,9589.2,9595.9,9587.0,9595.15,14:35:00,9590.508318071224,4,65
2017-06-23,9584.7,9592.5,9584.7,9590.65,14:40:00,9589.955144921583,4,66
2017-06-23,9582.3,9584.25,9578.25,9584.0,14:45:00,9589.226083500482,4,67
2017-06-23,9584.4,9585.25,9581.9,9582.1,14:50:00,9588.766456500436,4,68
2017-06-23,9582.25,9584.9,9580.1,9583.9,14:55:00,9588.145841595631,4,69
2017-06-23,9576.45,9582.75,9575.4,9582.3,15:00:00,9587.031951919858,4,70
2017-06-23,9575.5,9581.45,9575.05,9575.65,15:05:00,9585.933670784634,4,71
2017-06-23,9573.25,9575.4,9569.95,9574.65,15:10:00,9584.72570213848,4,72
2017-06-23,9568.3,9573.1,9566.0,9571.95,15:15:00,9583.161349553862,4,73
2017-06-23,9572.6,9574.45,9568.05,9568.05,15:20:00,9582.155506739207,4,74
2017-06-23,9573.8,9576.15,9571.85,9572.5,15:25:00,9581.359744192616,4,75
2017-06-27,9612.0,9615.4,9592.0,9593.6,09:15:00,9584.27786379332,1,1
2017-06-27,9590.35,9612.65,9587.95,9612.3,09:20:00,9584.85616247967,1,2
2017-06-27,9595.45,9599.5,9589.9,9590.4,09:25:00,9585.865099386368,1,3
2017-06-27,9588.8,9597.6,9584.7,9594.8,09:30:00,9586.144613730525,1,4
2017-06-27,9574.8,9592.45,9573.1,9589.1,09:35:00,9585.064174327616,1,5
2017-06-27,9558.35,9578.15,9557.95,9575.0,09:40:00,9582.519967248798,1,6
2017-06-27,9543.25,9559.85,9535.05,9558.8,09:45:00,9578.77997036796,1,7
2017-06-27,9544.35,9552.95,9542.7,9542.9,09:50:00,9575.500925571012,1,8
2017-06-27,9544.5,9545.55,9541.05,9544.65,09:55:00,9572.54845646901,1,9
2017-06-27,9550.6,9551.15,9543.6,9544.2,10:00:00,9570.458127281488,1,10
2017-06-27,9544.35,9553.05,9543.6,9550.35,10:05:00,9567.971638968964,1,11
2017-06-27,9544.95,9547.45,9537.9,9545.45,10:10:00,9565.7791019243,1,12
2017-06-27,9542.55,9548.2,9542.55,9545.5,10:15:00,9563.566806502937,1,13
2017-06-27,9532.15,9543.6,9531.5,9543.6,10:20:00,9560.574729693137,1,14
2017-06-27,9534.7,9534.95,9530.75,9531.55,10:25:00,9558.110469722362,1,15
2017-06-27,9527.5,9534.95,9519.45,9534.8,10:30:00,9555.19518689166,1,16
2017-06-27,9525.45,9529.4,9525.1,9527.15,10:35:00,9552.362311949595,1,17
2017-06-27,9526.85,9528.1,9521.65,9525.05,10:40:00,9549.932567954398,1,18
2017-06-27,9527.85,9531.7,9526.55,9526.55,10:45:00,9547.829466244457,1,19
2017-06-27,9527.15,9530.6,9526.75,9527.9,10:50:00,9545.859993268794,1,20
2017-06-27,9526.45,9532.15,9525.5,9526.85,10:55:00,9544.01142248129,1,21
2017-06-27,9526.1,9526.65,9521.2,9526.05,11:00:00,9542.305572721169,1,22
2017-06-27,9527.55,9529.85,9525.0,9525.95,11:05:00,9540.900280081056,1,23
2017-06-27,9525.45,9528.75,9524.6,9527.4,11:10:00,9539.428824835242,1,24
2017-06-27,9530.3,9532.55,9524.8,9525.4,11:15:00,9538.559412946172,1,25
2017-06-27,9531.2,9533.7,9529.9,9530.5,11:20:00,9537.858516475108,1,26
2017-06-27,9535.15,9536.25,9530.05,9530.8,11:25:00,9537.600562525098,1,27
2017-06-27,9533.65,9534.9,9529.9,9534.85,11:30:00,9537.22431847509,1,28
2017-06-27,9531.25,9533.55,9526.35,9532.95,11:35:00,9536.655335763176,1,29
2017-06-27,9525.75,9534.1,9525.75,9531.15,11:40:00,9535.61673235716,1,30
2017-06-27,9527.3,9530.5,9524.25,9525.35,11:45:00,9534.82466260886,1,31
2017-06-27,9530.15,9530.25,9526.65,9527.2,11:50:00,9534.379456646113,1,32
2017-06-27,9529.8,9530.5,9528.35,9529.6,11:55:00,9533.94331791791,1,33
2017-06-27,9530.95,9531.3,9529.1,9529.5,12:00:00,9533.658240020968,1,34
2017-06-27,9534.7,9536.7,9530.1,9530.6,12:05:00,9533.757455257068,1,35
2017-06-27,9535.85,9536.05,9532.55,9534.1,12:10:00,9533.956745232585,1,36
2017-06-27,9527.15,9535.9,9526.65,9535.45,12:15:00,9533.308483781862,1,37
2017-06-27,9522.2,9528.95,9521.6,9527.25,12:20:00,9532.250532945494,1,38
2017-06-27,9522.1,9523.8,9516.05,9522.05,12:25:00,9531.283815522114,1,39
2017-06-27,9515.1,9522.6,9514.75,9521.3,12:30:00,9529.742499758104,1,40
2017-06-27,9511.25,9515.6,9510.05,9514.55,12:35:00,9527.981309304952,1,41
2017-06-27,9507.15,9516.55,9507.15,9511.55,12:40:00,9525.997375085431,1,42
2017-06-27,9513.9,9518.55,9507.35,9507.5,12:45:00,9524.845244124916,1,43
2017-06-27,9511.95,9515.15,9509.8,9514.6,12:50:00,9523.617125636829,1,44
2017-06-27,9511.0,9513.3,9510.55,9511.5,12:55:00,9522.415494623796,1,45
2017-06-27,9514.0,9515.7,9511.15,9511.75,13:00:00,9521.61401894534,1,46
2017-06-27,9512.05,9515.3,9510.3,9514.7,13:05:00,9520.703159998164,1,47
2017-06-27,9507.5,9515.85,9505.55,9512.2,13:10:00,9519.445716188817,1,48
2017-06-27,9509.3,9509.3,9504.35,9507.95,13:15:00,9518.479457504163,1,49
2017-06-27,9504.0,9509.9,9504.0,9509.35,13:20:00,9517.100461551388,1,50
2017-06-27,9506.5,9508.75,9503.25,9503.55,13:25:00,9516.090893784589,1,51
2017-06-27,9505.1,9507.6,9499.75,9507.1,13:30:00,9515.04414199558,1,52
2017-06-27,9500.7,9504.75,9499.95,9504.75,13:35:00,9513.678033234097,1,53
2017-06-27,9495.6,9501.6,9494.15,9501.05,13:40:00,9511.956315783227,1,54
2017-06-27,9495.85,9498.3,9493.55,9495.9,13:45:00,9510.422380946731,1,55
2017-06-27,9476.5,9496.25,9476.5,9496.25,13:50:00,9507.191677999424,1,56
2017-06-27,9476.85,9485.4,9476.05,9476.4,13:55:00,9504.301994380428,1,57
2017-06-27,9488.1,9488.55,9476.85,9477.9,14:00:00,9502.758947296576,1,58
2017-06-27,9481.7,9491.7,9480.6,9489.15,14:05:00,9500.753333268332,1,59
2017-06-27,9473.45,9484.15,9473.45,9481.9,14:10:00,9498.153015814203,1,60
2017-06-27,9477.95,9481.5,9474.0,9475.25,14:15:00,9496.228919069994,1,61
2017-06-27,9486.3,9487.3,9476.65,9479.3,14:20:00,9495.283307729997,1,62
2017-06-27,9486.1,9492.15,9485.25,9489.0,14:25:00,9494.408706993803,1,63
2017-06-27,9493.25,9493.35,9484.85,9487.65,14:30:00,9494.298353946777,1,64
2017-06-27,9485.75,9498.15,9485.75,9494.8,14:35:00,9493.484224999464,1,65
2017-06-27,9487.95,9489.1,9483.45,9486.05,14:40:00,9492.957155951895,1,66
2017-06-27,9492.15,9494.65,9487.45,9488.55,14:45:00,9492.880283956476,1,67
2017-06-27,9498.65,9499.9,9491.1,9491.55,14:50:00,9493.429780722528,1,68
2017-06-27,9493.5,9500.45,9492.7,9498.55,14:55:00,9493.436468272765,1,69
2017-06-27,9505.45,9506.05,9493.3,9493.3,15:00:00,9494.580614151548,1,70
2017-06-27,9510.95,9513.6,9504.65,9504.65,15:05:00,9496.139603279971,1,71
2017-06-27,9518.75,9519.3,9509.25,9510.85,15:10:00,9498.292974396163,1,72
2017-06-27,9516.4,9520.7,9510.1,9518.8,15:15:00,9500.0174530251,1,73
2017-06-27,9512.4,9517.7,9512.1,9517.4,15:20:00,9501.196743213186,1,74
2017-06-27,9510.85,9515.9,9508.6,9512.75,15:25:00,9502.116101002406,1,75
2017-06-28,9484.1,9516.2,9479.8,9516.2,09:15:00,9500.40028185932,2,1
2017-06-28,9491.45,9500.05,9484.35,9484.35,09:20:00,9499.547874063195,2,2
2017-06-28,9513.8,9514.25,9492.2,9492.2,09:25:00,9500.90521939051,2,3
2017-06-28,9515.6,9515.75,9501.9,9513.95,09:30:00,9502.3047223057,2,4
2017-06-28,9515.4,9522.5,9514.2,9515.15,09:35:00,9503.55189160992,2,5
2017-06-28,9499.15,9516.0,9498.95,9515.2,09:40:00,9503.132663837545,2,6
2017-06-28,9501.3,9508.2,9498.4,9499.55,09:45:00,9502.958124424444,2,7
2017-06-28,9503.85,9504.55,9498.45,9501.1,09:50:00,9503.043064955453,2,8
2017-06-28,9494.3,9506.95,9492.2,9504.1,09:55:00,9502.210392102552,2,9
2017-06-28,9492.65,9495.2,9487.0,9494.25,10:00:00,9501.299878568974,2,10
2017-06-28,9495.7,9495.7,9487.1,9492.4,10:05:00,9500.7665568005,2,11
2017-06-28,9498.65,9501.6,9494.3,9495.45,10:10:00,9500.56497996236,2,12
2017-06-28,9503.65,9507.95,9495.8,9498.75,10:15:00,9500.858791394516,2,13
2017-06-28,9501.75,9508.05,9501.65,9503.2,10:20:00,9500.94366840456,2,14
2017-06-28,9507.05,9507.9,9496.3,9501.6,10:25:00,9501.525223794602,2,15
2017-06-28,9511.05,9513.5,9506.7,9507.35,10:30:00,9502.432345337971,2,16
2017-06-28,9508.25,9511.9,9505.35,9511.0,10:35:00,9502.986407686736,2,17
2017-06-28,9508.25,9511.55,9506.3,9507.95,10:40:00,9503.48770219276,2,18
2017-06-28,9509.45,9511.2,9507.45,9508.6,10:45:00,9504.055540079164,2,19
2017-06-28,9512.05,9514.0,9509.65,9510.15,10:50:00,9504.81691721448,2,20
2017-06-28,9510.15,9516.05,9509.8,9512.3,10:55:00,9505.32482986072,2,21
2017-06-28,9507.65,9510.15,9507.15,9510.0,11:00:00,9505.546274635892,2,22
2017-06-28,9503.9,9509.65,9503.1,9507.8,11:05:00,9505.38948657533,2,23
2017-06-28,9504.8,9507.0,9501.55,9504.1,11:10:00,9505.333344996729,2,24
2017-06-28,9508.25,9508.45,9501.8,9504.95,11:15:00,9505.611121663704,2,25
2017-06-28,9506.6,9508.4,9503.9,9508.4,11:20:00,9505.705300552876,2,26
2017-06-28,9509.45,9511.75,9505.95,9506.4,11:25:00,9506.06193859546,2,27
2017-06-28,9512.25,9512.5,9507.75,9509.7,11:30:00,9506.651277776844,2,28
2017-06-28,9512.95,9515.45,9510.35,9512.35,11:35:00,9507.251156083812,2,29
2017-06-28,9511.65,9516.7,9510.35,9513.8,11:40:00,9507.67009359964,2,30
2017-06-28,9512.85,9514.8,9511.45,9512.15,11:45:00,9508.16341801872,2,31
2017-06-28,9518.35,9518.75,9511.85,9513.2,11:50:00,9509.133568683605,2,32
2017-06-28,9521.45,9522.05,9517.0,9518.0,11:55:00,9510.306562142308,2,33
2017-06-28,9518.8,9522.35,9518.5,9521.6,12:00:00,9511.115460985897,2,34
2017-06-28,9511.75,9519.7,9511.6,9519.4,12:05:00,9511.175893272954,2,35
2017-06-28,9511.25,9512.25,9508.0,9511.45,12:10:00,9511.182951056482,2,36
2017-06-28,9505.95,9511.35,9505.95,9511.2,12:15:00,9510.68457476539,2,37
2017-06-28,9501.15,9507.35,9500.4,9505.9,12:20:00,9509.776520025827,2,38
2017-06-28,9506.4,9507.65,9500.4,9500.95,12:25:00,9509.454946690035,2,39
2017-06-28,9509.45,9513.65,9506.6,9506.8,12:30:00,9509.454475576698,2,40
2017-06-28,9506.25,9509.7,9501.7,9509.55,12:35:00,9509.149287426537,2,41
2017-06-28,9503.6,9507.15,9503.0,9506.35,12:40:00,9508.620783862105,2,42
2017-06-28,9497.95,9503.7,9496.95,9503.25,12:45:00,9507.604518732382,2,43
2017-06-28,9499.95,9500.25,9493.35,9497.5,12:50:00,9506.875516948345,2,44
2017-06-28,9498.15,9501.75,9497.05,9499.6,12:55:00,9506.044515334215,2,45
2017-06-28,9493.65,9498.95,9492.95,9498.4,13:00:00,9504.864085302386,2,46
2017-06-28,9489.45,9493.55,9486.0,9493.5,13:05:00,9503.39607717835,2,47
2017-06-28,9494.05,9494.05,9485.0,9489.5,13:10:00,9502.505974589934,2,48
2017-06-28,9492.45,9495.05,9488.65,9494.65,13:15:00,9501.548262724224,2,49
2017-06-28,9492.45,9494.45,9486.95,9492.2,13:20:00,9500.681761512396,2,50
2017-06-28,9491.0,9494.95,9490.2,9492.15,13:25:00,9499.759688987404,2,51
2017-06-28,9489.05,9491.0,9486.45,9490.95,13:30:00,9498.739718607652,2,52
2017-06-28,9476.95,9489.8,9476.9,9489.15,13:35:00,9496.664507311689,2,53
2017-06-28,9482.55,9482.55,9474.35,9476.55,13:40:00,9495.320268520098,2,54
2017-06-28,9488.75,9489.8,9481.5,9482.75,13:45:00,9494.694528661044,2,55
2017-06-28,9488.15,9492.15,9483.8,9489.75,13:50:00,9494.071240217134,2,56
2017-06-28,9488.75,9490.15,9481.35,9490.15,13:55:00,9493.564455434547,2,57
2017-06-28,9490.65,9495.0,9486.35,9488.5,14:00:00,9493.286888250306,2,58
2017-06-28,9485.65,9492.55,9485.1,9492.25,14:05:00,9492.5595655598,2,59
2017-06-28,9495.05,9497.05,9486.65,9487.4,14:10:00,9492.7967497922,2,60
2017-06-28,9497.7,9502.7,9494.9,9496.0,14:15:00,9493.263726002466,2,61
2017-06-28,9501.2,9501.8,9493.55,9499.0,14:20:00,9494.01956162128,2,62
2017-06-28,9493.15,9503.35,9487.45,9503.35,14:25:00,9493.936746228776,2,63
2017-06-28,9491.65,9495.55,9491.65,9494.65,14:30:00,9493.718960873655,2,64
2017-06-28,9491.1,9496.4,9488.3,9491.4,14:35:00,9493.469536028544,2,65
2017-06-28,9496.4,9496.95,9490.9,9490.95,14:40:00,9493.748627835348,2,66
2017-06-28,9494.2,9496.9,9492.2,9496.6,14:45:00,9493.791615660552,2,67
2017-06-28,9487.55,9494.35,9486.05,9493.7,14:50:00,9493.197176073834,2,68
2017-06-28,9487.95,9488.0,9481.85,9487.6,14:55:00,9492.697445019185,2,69
2017-06-28,9483.0,9489.8,9481.7,9488.6,15:00:00,9491.77387882688,2,70
2017-06-28,9493.75,9493.85,9483.3,9483.85,15:05:00,9491.962080843366,2,71
2017-06-28,9493.35,9494.85,9489.85,9494.25,15:10:00,9492.094263620187,2,72
2017-06-28,9492.5,9495.15,9489.95,9492.75,15:15:00,9492.13290518017,2,73
2017-06-28,9495.4,9498.15,9492.55,9493.3,15:20:00,9492.444057067773,2,74
2017-06-28,9492.6,9496.65,9491.1,9495.85,15:25:00,9492.458908775605,2,75
2017-06-29,9534.6,9541.95,9522.45,9522.45,09:15:00,9496.472346035069,3,1
2017-06-29,9536.45,9545.2,9533.45,9534.25,09:20:00,9500.279741650776,3,2
2017-06-29,9541.4,9541.45,9535.25,9536.55,09:25:00,9504.195956731655,3,3
2017-06-29,9545.4,9547.95,9541.05,9541.55,09:30:00,9508.12015132864,3,4
2017-06-29,9555.2,9557.95,9545.85,9545.85,09:35:00,9512.603946440198,3,5
2017-06-29,9551.4,9555.85,9546.2,9555.5,09:40:00,9516.298808683989,3,6
2017-06-29,9552.1,9552.4,9545.0,9551.55,09:45:00,9519.70844595218,3,7
2017-06-29,9557.7,9558.25,9551.8,9552.15,09:50:00,9523.32668919483,3,8
2017-06-29,9556.25,9558.55,9554.75,9557.8,09:55:00,9526.462242604846,3,9
2017-06-29,9560.5,9562.75,9556.4,9556.65,10:00:00,9529.703933785337,3,10
2017-06-29,9558.4,9561.9,9557.5,9560.55,10:05:00,9532.436892472448,3,11
2017-06-29,9559.65,9562.05,9558.3,9558.7,10:10:00,9535.02861699888,3,12
2017-06-29,9557.4,9559.9,9552.35,9559.75,10:15:00,9537.159224903748,3,13
2017-06-29,9553.95,9558.85,9552.8,9557.15,10:20:00,9538.758346341485,3,14
2017-06-29,9546.7,9554.15,9544.6,9553.85,10:25:00,9539.514694308964,3,15
2017-06-29,9549.7,9550.7,9546.9,9547.25,10:30:00,9540.484723422396,3,16
2017-06-29,9549.65,9551.2,9548.2,9549.95,10:35:00,9541.357606905978,3,17
2017-06-29,9552.6,9555.7,9548.8,9549.4,10:40:00,9542.42831101017,3,18
2017-06-29,9552.8,9554.7,9551.8,9552.75,10:45:00,9543.416090913965,3,19
2017-06-29,9554.4,9555.45,9552.7,9553.15,10:50:00,9544.462177493584,3,20
2017-06-29,9550.95,9555.45,9547.5,9554.6,10:55:00,9545.080065351338,3,21
2017-06-29,9554.4,9554.9,9550.8,9551.0,11:00:00,9545.96767817502,3,22
2017-06-29,9556.1,9556.95,9553.45,9554.25,11:05:00,9546.93266120597,3,23
2017-06-29,9556.9,9558.3,9552.55,9556.4,11:10:00,9547.881931567306,3,24
2017-06-29,9554.8,9559.35,9554.7,9556.65,11:15:00,9548.540795227564,3,25
2017-06-29,9555.7,9556.85,9554.55,9554.95,11:20:00,9549.22262425351,3,26
2017-06-29,9553.5,9557.5,9552.65,9556.0,11:25:00,9549.629993372224,3,27
2017-06-29,9554.65,9556.95,9553.7,9553.8,11:30:00,9550.108089241536,3,28
2017-06-29,9553.0,9555.85,9552.8,9555.55,11:35:00,9550.38350931377,3,29
2017-06-29,9565.25,9566.15,9552.5,9553.65,11:40:00,9551.7993655696,3,30
2017-06-29,9563.1,9566.2,9561.95,9565.3,11:45:00,9552.875616467734,3,31
2017-06-29,9561.4,9563.55,9559.7,9563.3,11:50:00,9553.687462518426,3,32
2017-06-29,9564.0,9566.75,9560.4,9561.9,11:55:00,9554.669608945243,3,33
2017-06-29,9569.7,9574.7,9563.65,9563.7,12:00:00,9556.10107475998,3,34
2017-06-29,9569.05,9571.5,9568.2,9570.2,12:05:00,9557.33430573522,3,35
2017-06-29,9569.6,9575.8,9568.6,9569.1,12:10:00,9558.502467093773,3,36
2017-06-29,9565.65,9570.35,9565.65,9569.35,12:15:00,9559.183184513411,3,37
2017-06-29,9563.05,9566.95,9561.3,9566.75,12:20:00,9559.55145265499,3,38
2017-06-29,9560.8,9564.65,9560.15,9563.1,12:25:00,9559.670361925942,3,39
2017-06-29,9563.85,9563.85,9557.9,9560.4,12:30:00,9560.068422694902,3,40
2017-06-29,9566.35,9567.1,9562.6,9563.6,12:35:00,9560.666668152531,3,41
2017-06-29,9562.05,9568.6,9561.65,9566.1,12:40:00,9560.798414042763,3,42
2017-06-29,9553.2,9563.95,9552.15,9562.45,12:45:00,9560.074755562502,3,43
2017-06-29,9544.95,9553.25,9541.35,9553.25,12:50:00,9558.634302651788,3,44
2017-06-29,9527.45,9547.75,9526.9,9545.7,12:55:00,9555.664369065904,3,45
2017-06-29,9533.6,9534.7,9521.4,9527.05,13:00:00,9553.563000583435,3,46
2017-06-29,9522.25,9534.9,9522.05,9534.15,13:05:00,9550.58081005168,3,47
2017-06-29,9516.85,9528.15,9512.7,9523.1,13:10:00,9547.368351951522,3,48
2017-06-29,9523.95,9524.35,9515.05,9516.25,13:15:00,9545.138032718043,3,49
2017-06-29,9520.3,9526.65,9519.4,9524.35,13:20:00,9542.772505792516,3,50
2017-06-29,9510.85,9520.7,9508.7,9520.2,13:25:00,9539.73226714561,3,51
2017-06-29,9508.2,9511.85,9503.3,9511.45,13:30:00,9536.729194084122,3,52
2017-06-29,9504.05,9512.5,9502.0,9508.7,13:35:00,9533.616889885634,3,53
2017-06-29,9508.5,9511.25,9503.05,9504.4,13:40:00,9531.22480513462,3,54
2017-06-29,9513.4,9517.8,9508.8,9508.9,13:45:00,9529.52720464561,3,55
2017-06-29,9521.8,9526.35,9519.05,9519.05,13:50:00,9528.791280393649,3,56
2017-06-29,9521.75,9524.6,9515.95,9524.05,13:55:00,9528.12068226092,3,57
2017-06-29,9529.25,9533.85,9523.1,9524.2,14:00:00,9528.228236331308,3,58
2017-06-29,9525.15,9532.55,9522.8,9531.75,14:05:00,9527.93507096642,3,59
2017-06-29,9522.1,9531.55,9521.95,9525.45,14:10:00,9527.379349922,3,60
2017-06-29,9530.05,9535.5,9522.9,9525.1,14:15:00,9527.633697548476,3,61
2017-06-29,9533.4,9537.85,9531.5,9531.5,14:20:00,9528.182869210526,3,62
2017-06-29,9541.25,9544.8,9534.4,9535.9,14:25:00,9529.427357857145,3,63
2017-06-29,9528.5,9544.8,9527.2,9543.75,14:30:00,9529.339038061227,3,64
2017-06-29,9535.1,9536.4,9527.4,9529.55,14:35:00,9529.887701103016,3,65
2017-06-29,9534.8,9539.1,9533.8,9535.7,14:40:00,9530.355539093203,3,66
2017-06-29,9537.05,9538.15,9531.8,9534.7,14:45:00,9530.993106798614,3,67
2017-06-29,9543.85,9544.75,9536.9,9537.15,14:50:00,9532.217572817794,3,68
2017-06-29,9540.6,9544.95,9536.15,9544.4,14:55:00,9533.0158992161,3,69
2017-06-29,9509.8,9541.75,9509.8,9541.1,15:00:00,9530.80486119552,3,70
2017-06-29,9498.15,9510.85,9495.65,9510.3,15:05:00,9527.694874414996,3,71
2017-06-29,9500.1,9501.8,9494.7,9498.6,15:10:00,9525.066791137377,3,72
2017-06-29,9501.85,9503.35,9495.75,9500.45,15:15:00,9522.855668171913,3,73
2017-06-29,9500.8,9506.0,9496.9,9503.1,15:20:00,9520.755128346016,3,74
2017-06-29,9493.8,9501.95,9493.8,9500.75,15:25:00,9518.187973265443,3,75
2017-06-30,9460.9,9478.9,9460.9,9473.35,09:15:00,9512.731975811592,4,1
2017-06-30,9461.45,9464.1,9448.95,9460.75,09:20:00,9507.847978115253,4,2
2017-06-30,9455.8,9462.25,9453.0,9461.95,09:25:00,9502.89102781856,4,3
2017-06-30,9460.4,9461.7,9448.75,9455.85,09:30:00,9498.844263264413,4,4
2017-06-30,9459.55,9464.45,9457.7,9460.35,09:35:00,9495.101952477324,4,5
2017-06-30,9465.3,9467.4,9459.85,9459.85,09:40:00,9492.263671289007,4,6
2017-06-30,9465.3,9468.0,9463.4,9465.45,09:45:00,9489.695702594816,4,7
2017-06-30,9459.75,9466.15,9458.95,9465.35,09:50:00,9486.843730919118,4,8
2017-06-30,9456.15,9460.3,9455.85,9459.45,09:55:00,9483.920518450632,4,9
2017-06-30,9466.2,9467.4,9455.0,9456.0,10:00:00,9482.23285002676,4,10
2017-06-30,9469.0,9470.85,9466.2,9466.25,10:05:00,9480.97257859564,4,11
2017-06-30,9470.35,9473.15,9468.75,9469.15,10:10:00,9479.960904443671,4,12
2017-06-30,9482.8,9482.95,9469.95,9469.95,10:15:00,9480.231294496656,4,13
2017-06-30,9486.35,9488.6,9480.75,9482.9,10:20:00,9480.814028354118,4,14
2017-06-30,9485.05,9487.05,9479.1,9486.6,10:25:00,9481.217454225154,4,15
2017-06-30,9481.1,9490.65,9481.1,9485.25,10:30:00,9481.206268108474,4,16
2017-06-30,9489.0,9489.0,9479.35,9480.95,10:35:00,9481.94852828862,4,17
2017-06-30,9485.75,9489.0,9485.7,9488.6,10:40:00,9482.310573213514,4,18
2017-06-30,9481.6,9486.6,9480.05,9485.6,10:45:00,9482.242899574132,4,19
2017-06-30,9484.8,9484.9,9479.3,9481.8,10:50:00,9482.486432948024,4,20
2017-06-30,9475.0,9485.15,9474.85,9484.25,10:55:00,9481.773439333929,4,21
2017-06-30,9479.7,9479.95,9474.95,9475.15,11:00:00,9481.575968921174,4,22
2017-06-30,9485.55,9488.0,9479.45,9479.65,11:05:00,9481.954448071538,4,23
2017-06-30,9489.5,9489.85,9485.6,9485.9,11:10:00,9482.673072064725,4,24
2017-06-30,9489.15,9491.85,9487.95,9489.45,11:15:00,9483.289922344276,4,25
2017-06-30,9486.0,9489.45,9484.5,9489.05,11:20:00,9483.548024978152,4,26
2017-06-30,9486.75,9487.55,9483.65,9485.5,11:25:00,9483.852974980233,4,27
2017-06-30,9483.75,9487.1,9483.1,9486.9,11:30:00,9483.84316783926,4,28
2017-06-30,9483.8,9485.2,9483.1,9483.7,11:35:00,9483.839056616473,4,29
2017-06-30,9482.55,9483.9,9481.5,9483.5,11:40:00,9483.716289319666,4,30
2017-06-30,9478.15,9482.85,9476.6,9482.4,11:45:00,9483.186166527315,4,31
2017-06-30,9485.6,9486.65,9477.8,9478.05,11:50:00,9483.416055429476,4,32
2017-06-30,9483.2,9486.65,9482.7,9485.4,11:55:00,9483.395478721906,4,33
2017-06-30,9487.4,9487.95,9482.4,9482.8,12:00:00,9483.776861700771,4,34
2017-06-30,9487.85,9488.5,9485.3,9486.9,12:05:00,9484.164779634031,4,35
2017-06-30,9493.75,9494.05,9486.3,9487.1,12:10:00,9485.077657764125,4,36
2017-06-30,9502.2,9502.25,9493.0,9493.1,12:15:00,9486.708357024683,4,37
2017-06-30,9497.5,9502.6,9495.15,9501.55,12:20:00,9487.736132546142,4,38
2017-06-30,9491.6,9497.5,9490.5,9497.4,12:25:00,9488.1041199227,4,39
2017-06-30,9489.1,9493.75,9488.0,9490.7,12:30:00,9488.198965644347,4,40
2017-06-30,9485.55,9490.95,9484.75,9488.65,12:35:00,9487.946683202028,4,41
2017-06-30,9490.15,9490.9,9485.75,9485.85,12:40:00,9488.156522897074,4,42
2017-06-30,9488.8,9491.05,9487.4,9489.4,12:45:00,9488.217806430686,4,43
2017-06-30,9488.0,9490.3,9487.2,9488.4,12:50:00,9488.197062961097,4,44
2017-06-30,9489.45,9491.2,9487.6,9488.15,12:55:00,9488.316390298136,4,45
2017-06-30,9493.0,9495.4,9487.9,9489.5,13:00:00,9488.762448364982,4,46
2017-06-30,9497.25,9497.45,9491.0,9492.8,13:05:00,9489.570786615936,4,47
2017-06-30,9498.8,9499.55,9496.35,9497.4,13:10:00,9490.44975931918,4,48
2017-06-30,9496.85,9502.25,9496.4,9499.15,13:15:00,9491.059306050687,4,49
2017-06-30,9491.9,9497.45,9490.05,9497.4,13:20:00,9491.1393721411,4,50
2017-06-30,9496.45,9496.85,9491.15,9492.05,13:25:00,9491.645146222898,4,51
2017-06-30,9492.8,9498.25,9492.25,9496.4,13:30:00,9491.755132296908,4,52
2017-06-30,9491.4,9493.7,9489.15,9492.4,13:35:00,9491.721310173394,4,53
2017-06-30,9495.85,9496.2,9491.1,9491.1,13:40:00,9492.11451872831,4,54
2017-06-30,9495.45,9495.95,9491.85,9495.8,13:45:00,9492.432183611329,4,55
2017-06-30,9494.0,9497.75,9487.0,9495.3,13:50:00,9492.581499457869,4,56
2017-06-30,9486.4,9494.4,9485.95,9494.35,13:55:00,9491.992785223789,4,57
2017-06-30,9480.4,9487.6,9475.1,9487.0,14:00:00,9490.88871044057,4,58
2017-06-30,9479.3,9484.65,9478.9,9481.7,14:05:00,9489.785023731944,4,59
2017-06-30,9487.3,9489.35,9479.55,9480.45,14:10:00,9489.54835480509,4,60
2017-06-30,9500.9,9500.9,9488.05,9489.15,14:15:00,9490.629463871272,4,61
2017-06-30,9500.45,9504.2,9496.9,9500.6,14:20:00,9491.564753026389,4,62
2017-06-30,9501.65,9505.2,9499.1,9501.95,14:25:00,9492.52525273816,4,63
2017-06-30,9507.8,9512.0,9501.5,9503.0,14:30:00,9493.97999057262,4,64
2017-06-30,9513.5,9515.45,9502.5,9509.15,14:35:00,9495.839039089517,4,65
2017-06-30,9512.15,9515.7,9508.95,9514.65,14:40:00,9497.392463938131,4,66
2017-06-30,9498.55,9514.4,9498.5,9513.15,14:45:00,9497.502705467834,4,67
2017-06-30,9502.5,9506.85,9497.75,9498.0,14:50:00,9497.97863828042,4,68
2017-06-30,9504.8,9506.05,9500.6,9503.2,14:55:00,9498.628291777524,4,69
2017-06-30,9510.95,9511.95,9505.75,9505.85,15:00:00,9499.801787798711,4,70
2017-06-30,9511.75,9512.85,9509.5,9511.65,15:05:00,9500.939712770263,4,71
2017-06-30,9517.5,9518.3,9510.05,9512.7,15:10:00,9502.516882982618,4,72
2017-06-30,9524.5,9528.8,9519.35,9519.8,15:15:00,9504.61051317475,4,73
2017-06-30,9531.7,9533.0,9523.45,9524.85,15:20:00,9507.190464300964,4,74
2017-06-30,9523.4,9535.8,9519.25,9532.7,15:25:00,9508.734229605634,4,75
2017-07-03,9559.8,9612.75,9551.55,9583.05,09:15:00,9513.59763630986,0,1
2017-07-03,9548.95,9562.4,9548.2,9559.65,09:20:00,9516.964528089871,0,2
2017-07-03,9551.9,9555.85,9543.55,9549.8,09:25:00,9520.29171589084,0,3
2017-07-03,9554.55,9561.25,9550.8,9551.3,09:30:00,9523.55440961552,0,4
2017-07-03,9551.45,9556.7,9547.05,9554.45,09:35:00,9526.21113250928,0,5
2017-07-03,9554.75,9556.3,9550.75,9551.35,09:40:00,9528.92911988935,0,6
2017-07-03,9549.2,9554.85,9544.85,9554.45,09:45:00,9530.859679899888,0,7
2017-07-03,9557.75,9558.2,9549.25,9549.9,09:50:00,9533.420662766564,0,8
2017-07-03,9565.15,9565.35,9558.5,9558.7,09:55:00,9536.442504407843,0,9
2017-07-03,9565.4,9569.6,9561.95,9564.65,10:00:00,9539.200361130908,0,10
2017-07-03,9563.9,9566.2,9559.55,9565.0,10:05:00,9541.55270768987,0,11
2017-07-03,9568.75,9568.75,9562.75,9563.2,10:10:00,9544.14292600512,0,12
2017-07-03,9571.45,9572.55,9568.5,9568.8,10:15:00,9546.74359971892,0,13
2017-07-03,9579.35,9583.1,9569.65,9569.65,10:20:00,9549.848971174262,0,14
2017-07-03,9577.05,9582.6,9575.15,9579.2,10:25:00,9552.439545348145,0,15
2017-07-03,9579.25,9579.45,9574.75,9577.5,10:30:00,9554.992921981651,0,16
2017-07-03,9580.0,9580.5,9577.85,9579.35,10:35:00,9557.374548459591,0,17
2017-07-03,9586.85,9588.8,9579.5,9580.3,10:40:00,9560.181734320582,0,18
2017-07-03,9591.2,9592.0,9584.55,9586.9,10:45:00,9563.13585486148,0,19
2017-07-03,9594.65,9596.9,9589.6,9590.85,10:50:00,9566.13720201753,0,20
2017-07-03,9605.15,9608.95,9591.05,9594.4,10:55:00,9569.852706587288,0,21
2017-07-03,9602.65,9608.15,9598.55,9605.6,11:00:00,9572.97625834088,0,22
2017-07-03,9603.65,9608.3,9601.75,9602.85,11:05:00,9575.897567070318,0,23
2017-07-03,9608.25,9612.05,9603.35,9603.7,11:10:00,9578.97875115886,0,24
2017-07-03,9604.15,9609.0,9602.9,9608.6,11:15:00,9581.376012953251,0,25
2017-07-03,9601.8,9605.0,9600.6,9603.95,11:20:00,9583.321154576754,0,26
2017-07-03,9604.7,9608.9,9601.7,9602.1,11:25:00,9585.357235093254,0,27
2017-07-03,9605.65,9606.85,9603.25,9604.65,11:30:00,9587.289879370088,0,28
2017-07-03,9604.9,9605.75,9603.2,9605.35,11:35:00,9588.967033715791,0,29
2017-07-03,9604.4,9606.35,9602.45,9605.0,11:40:00,9590.436840028577,0,30
2017-07-03,9605.45,9606.45,9603.25,9604.3,11:45:00,9591.866664787758,0,31
2017-07-03,9600.8,9606.55,9600.6,9605.3,11:50:00,9592.717458617495,0,32
2017-07-03,9604.15,9604.2,9597.7,9600.55,11:55:00,9593.806272082496,0,33
2017-07-03,9612.95,9614.0,9603.3,9604.1,12:00:00,9595.629484265111,0,34
2017-07-03,9613.4,9618.0,9613.05,9613.4,12:05:00,9597.321914335102,0,35
2017-07-03,9611.5,9615.9,9610.5,9613.3,12:10:00,9598.672208207949,0,36
2017-07-03,9612.65,9615.25,9611.5,9612.05,12:15:00,9600.00342647386,0,37
2017-07-03,9608.5,9613.2,9607.45,9612.7,12:20:00,9600.81262395254,0,38
2017-07-03,9606.25,9610.15,9605.6,9608.4,12:25:00,9601.330469290391,0,39
2017-07-03,9612.55,9613.05,9606.15,9606.7,12:30:00,9602.398996024642,0,40
2017-07-03,9610.6,9613.65,9609.9,9612.65,12:35:00,9603.180044022294,0,41
2017-07-03,9612.85,9613.4,9610.0,9610.8,12:40:00,9604.100992210648,0,42
2017-07-03,9613.5,9616.1,9612.5,9612.7,12:45:00,9604.996135809635,0,43
2017-07-03,9609.2,9614.3,9608.8,9613.9,12:50:00,9605.396503827766,0,44
2017-07-03,9608.2,9612.3,9607.0,9609.15,12:55:00,9605.663503463218,0,45
2017-07-03,9604.95,9607.9,9603.7,9607.6,13:00:00,9605.595550752436,0,46
2017-07-03,9605.2,9607.75,9604.7,9605.1,13:05:00,9605.557879252205,0,47
2017-07-03,9605.25,9607.2,9604.55,9605.95,13:10:00,9605.52855741866,0,48
2017-07-03,9602.3,9606.6,9598.75,9604.95,13:15:00,9605.22107575974,0,49
2017-07-03,9604.0,9606.7,9602.05,9602.5,13:20:00,9605.104782830242,0,50
2017-07-03,9603.75,9605.95,9603.0,9603.9,13:25:00,9604.975755894027,0,51
2017-07-03,9598.5,9606.65,9598.05,9604.0,13:30:00,9604.359017237452,0,52
2017-07-03,9590.45,9598.6,9590.15,9598.6,13:35:00,9603.034348929124,0,53
2017-07-03,9593.15,9593.2,9588.15,9590.2,13:40:00,9602.092982364446,0,54
2017-07-03,9593.6,9598.2,9592.4,9593.05,13:45:00,9601.284126901164,0,55
2017-07-03,9587.1,9594.95,9584.65,9593.75,13:50:00,9599.93325767248,0,56
2017-07-03,9595.85,9596.45,9587.3,9587.3,13:55:00,9599.544375989388,0,57
2017-07-03,9597.4,9598.6,9595.25,9596.1,14:00:00,9599.340149704683,0,58
2017-07-03,9599.8,9601.15,9596.5,9597.2,14:05:00,9599.383944970905,0,59
2017-07-03,9599.3,9600.05,9593.75,9599.85,14:10:00,9599.37595021177,0,60
2017-07-03,9601.95,9604.3,9598.0,9599.5,14:15:00,9599.62109781065,0,61
2017-07-03,9604.8,9605.4,9601.15,9603.5,14:20:00,9600.114326590588,0,62
2017-07-03,9606.7,9607.8,9602.55,9606.25,14:25:00,9600.74153358196,0,63
2017-07-03,9608.25,9612.1,9606.9,9608.65,14:30:00,9601.456625621777,0,64
2017-07-03,9613.35,9614.45,9607.1,9608.3,14:35:00,9602.58932794351,0,65
2017-07-03,9612.7,9616.75,9610.75,9614.1,14:40:00,9603.552249091746,0,66
2017-07-03,9612.95,9616.95,9612.25,9614.6,14:45:00,9604.44727298777,0,67
2017-07-03,9608.8,9615.1,9607.45,9615.1,14:50:00,9604.861818417508,0,68
2017-07-03,9608.1,9614.5,9607.05,9611.4,14:55:00,9605.170216663457,0,69
2017-07-03,9614.0,9615.15,9607.2,9608.4,15:00:00,9606.011148409794,0,70
2017-07-03,9616.15,9617.05,9613.0,9613.9,15:05:00,9606.976753323148,0,71
2017-07-03,9611.3,9615.55,9611.1,9615.55,15:10:00,9607.388491101896,0,72
2017-07-03,9613.6,9614.65,9609.15,9612.1,15:15:00,9607.980063377909,0,73
2017-07-03,9622.25,9622.25,9610.9,9613.45,15:20:00,9609.339104960964,0,74
2017-07-03,9615.85,9624.0,9614.05,9623.0,15:25:00,9609.959190202777,0,75
2017-07-04,9632.5,9650.65,9628.0,9644.65,09:15:00,9612.105933992989,1,1
2017-07-04,9634.35,9642.7,9631.25,9631.9,09:20:00,9614.224416469846,1,2
2017-07-04,9629.25,9634.5,9624.15,9634.45,09:25:00,9615.6554244251,1,3
2017-07-04,9628.1,9629.8,9622.7,9628.75,09:30:00,9616.8406220989,1,4
2017-07-04,9633.2,9633.7,9625.95,9627.55,09:35:00,9618.398658089482,1,5
2017-07-04,9637.55,9638.55,9633.0,9633.25,09:40:00,9620.222595414292,1,6
2017-07-04,9642.2,9642.85,9637.45,9637.75,09:45:00,9622.315681565313,1,7
2017-07-04,9640.85,9644.6,9637.1,9642.1,09:50:00,9624.080854749567,1,8
2017-07-04,9644.1,9646.85,9640.8,9640.8,09:55:00,9625.987440011511,1,9
2017-07-04,9640.25,9645.5,9639.45,9644.3,10:00:00,9627.345779058036,1,10
2017-07-04,9640.2,9645.55,9639.35,9640.7,10:05:00,9628.569990576318,1,11
2017-07-04,9631.6,9641.55,9626.5,9640.9,10:10:00,9628.858562902382,1,12
2017-07-04,9629.05,9631.35,9626.65,9631.35,10:15:00,9628.876795006916,1,13
2017-07-04,9630.15,9632.95,9627.85,9629.2,10:20:00,9628.998052625304,1,14
2017-07-04,9627.75,9630.45,9624.55,9630.2,10:25:00,9628.879190470512,1,15
2017-07-04,9619.1,9627.6,9616.65,9627.45,10:30:00,9627.94783899713,1,16
2017-07-04,9616.1,9619.1,9607.35,9619.05,10:35:00,9626.819473378357,1,17
2017-07-04,9607.35,9617.5,9603.75,9616.25,10:40:00,9624.965237818513,1,18
2017-07-04,9605.65,9607.65,9600.95,9606.65,10:45:00,9623.125691359608,1,19
2017-07-04,9617.1,9617.35,9605.0,9605.45,10:50:00,9622.551815992028,1,20
2017-07-04,9618.6,9620.25,9616.6,9616.85,10:55:00,9622.175452564214,1,21
2017-07-04,9607.25,9619.2,9605.55,9618.2,11:00:00,9620.753980891432,1,22
2017-07-04,9609.85,9612.05,9606.75,9607.6,11:05:00,9619.71550652082,1,23
2017-07-04,9614.4,9617.75,9606.15,9609.55,11:10:00,9619.20926780455,1,24
2017-07-04,9602.85,9615.6,9602.5,9614.75,11:15:00,9617.651242299356,1,25
2017-07-04,9608.0,9609.5,9602.8,9603.0,11:20:00,9616.732076366085,1,26
2017-07-04,9605.75,9610.9,9605.65,9607.95,11:25:00,9615.68616433122,1,27
2017-07-04,9608.15,9609.15,9602.6,9605.55,11:30:00,9614.968434394912,1,28
2017-07-04,9606.65,9608.9,9606.1,9608.4,11:35:00,9614.176202547776,1,29
2017-07-04,9609.0,9610.1,9606.05,9606.7,11:40:00,9613.68323087656,1,30
2017-07-04,9611.35,9612.25,9605.0,9609.05,11:45:00,9613.461018412125,1,31
2017-07-04,9613.7,9617.55,9610.9,9610.9,11:50:00,9613.483778563352,1,32
2017-07-04,9619.3,9619.75,9613.75,9613.9,11:55:00,9614.03770441446,1,33
2017-07-04,9610.55,9619.4,9606.65,9618.9,12:00:00,9613.705542089274,1,34
2017-07-04,9605.9,9610.65,9605.55,9610.65,12:05:00,9612.962157128391,1,35
2017-07-04,9609.8,9610.55,9604.95,9605.95,12:10:00,9612.66099930664,1,36
2017-07-04,9598.85,9609.75,9595.5,9609.75,12:15:00,9611.345666039342,1,37
2017-07-04,9602.9,9604.0,9598.75,9598.75,12:20:00,9610.541316892735,1,38
2017-07-04,9604.25,9607.45,9600.9,9602.85,12:25:00,9609.942143855333,1,39
2017-07-04,9607.15,9607.5,9601.25,9604.75,12:30:00,9609.67622539292,1,40
2017-07-04,9606.8,9610.7,9605.3,9607.0,12:35:00,9609.402299165024,1,41
2017-07-04,9610.3,9611.65,9602.9,9607.6,12:40:00,9609.48779448264,1,42
2017-07-04,9613.8,9617.35,9609.75,9610.35,12:45:00,9609.89848072239,1,43
2017-07-04,9616.55,9616.55,9610.75,9613.75,12:50:00,9610.531958748828,1,44
2017-07-04,9621.3,9621.65,9615.6,9616.85,12:55:00,9611.557486487034,1,45
2017-07-04,9619.65,9622.8,9619.1,9621.5,13:00:00,9612.328202059698,1,46
2017-07-04,9626.9,9627.4,9619.85,9619.85,13:05:00,9613.715992339728,1,47
2017-07-04,9624.4,9627.75,9622.75,9627.75,13:10:00,9614.7335168788,1,48
2017-07-04,9626.85,9629.05,9624.3,9624.5,13:15:00,9615.88746765225,1,49
2017-07-04,9622.6,9629.25,9622.6,9627.05,13:20:00,9616.526756447274,1,50
2017-07-04,9620.65,9623.65,9620.45,9623.05,13:25:00,9616.91944630944,1,51
2017-07-04,9624.25,9624.7,9620.55,9620.55,13:30:00,9617.61759427997,1,52
2017-07-04,9620.9,9624.45,9620.5,9624.45,13:35:00,9617.930204348544,1,53
2017-07-04,9624.5,9624.7,9620.5,9620.95,13:40:00,9618.555899172492,1,54
2017-07-04,9625.8,9629.5,9623.1,9624.8,13:45:00,9619.245813537016,1,55
2017-07-04,9628.8,9629.6,9625.6,9625.75,13:50:00,9620.1557360573,1,56
2017-07-04,9625.35,9630.05,9625.1,9628.65,13:55:00,9620.650427861368,1,57
2017-07-04,9623.55,9626.5,9622.05,9625.25,14:00:00,9620.926577588856,1,58
2017-07-04,9638.15,9638.15,9623.7,9625.0,14:05:00,9622.566903532774,1,59
2017-07-04,9638.4,9640.35,9634.85,9639.15,14:10:00,9624.074817482033,1,60
2017-07-04,9635.85,9639.9,9632.4,9637.85,14:15:00,9625.196263436126,1,61
2017-07-04,9635.35,9640.25,9634.8,9637.0,14:20:00,9626.16328596602,1,62
2017-07-04,9636.7,9637.5,9632.65,9637.0,14:25:00,9627.166782540684,1,63
2017-07-04,9637.6,9640.0,9636.25,9638.45,14:30:00,9628.160422298712,1,64
2017-07-04,9633.45,9639.2,9631.2,9639.2,14:35:00,9628.6641916036,1,65
2017-07-04,9636.15,9638.25,9633.05,9635.15,14:40:00,9629.37712573659,1,66
2017-07-04,9635.0,9637.95,9634.65,9637.05,14:45:00,9629.9126375712,1,67
2017-07-04,9635.9,9638.4,9635.1,9635.1,14:50:00,9630.48286256442,1,68
2017-07-04,9638.1,9639.65,9635.8,9635.8,14:55:00,9631.20830422495,1,69
2017-07-04,9622.4,9637.7,9622.0,9636.7,15:00:00,9630.369418108288,1,70
2017-07-04,9615.25,9623.2,9614.55,9621.7,15:05:00,9628.929473526548,1,71
2017-07-04,9613.0,9615.45,9611.15,9614.45,15:10:00,9627.412380809732,1,72
2017-07-04,9606.45,9612.95,9605.7,9611.65,15:15:00,9625.415963589758,1,73
2017-07-04,9609.5,9609.75,9605.7,9607.1,15:20:00,9623.90015753359,1,74
2017-07-04,9610.7,9612.2,9606.95,9608.35,15:25:00,9622.642999673248,1,75
2017-07-05,9620.15,9624.75,9609.05,9618.4,09:15:00,9622.405571132938,2,1
2017-07-05,9616.1,9624.3,9615.0,9619.85,09:20:00,9621.80504054885,2,2
2017-07-05,9610.95,9620.95,9610.1,9616.25,09:25:00,9620.771227163246,2,3
2017-07-05,9618.5,9618.5,9607.35,9612.2,09:30:00,9620.554919814364,2,4
2017-07-05,9612.35,9619.05,9609.7,9618.0,09:35:00,9619.773498879664,2,5
2017-07-05,9612.05,9617.05,9610.65,9612.05,09:40:00,9619.03792755779,2,6
2017-07-05,9616.1,9617.1,9610.1,9612.35,09:45:00,9618.75812493324,2,7
2017-07-05,9616.45,9619.7,9615.75,9616.05,09:50:00,9618.538303511026,2,8
2017-07-05,9623.0,9623.55,9616.1,9616.5,09:55:00,9618.963226986169,2,9
2017-07-05,9625.1,9628.85,9623.15,9623.15,10:00:00,9619.547681558912,2,10
2017-07-05,9627.25,9629.7,9625.1,9625.3,10:05:00,9620.28123569616,2,11
2017-07-05,9627.1,9628.5,9626.1,9627.45,10:10:00,9620.930641820334,2,12
2017-07-05,9628.95,9630.2,9626.75,9627.35,10:15:00,9621.694390218398,2,13
2017-07-05,9632.15,9633.05,9627.5,9628.75,10:20:00,9622.69016257855,2,14
2017-07-05,9632.2,9632.95,9629.85,9632.4,10:25:00,9623.595861380594,2,15
2017-07-05,9630.2,9632.8,9628.3,9632.5,10:30:00,9624.224826963396,2,16
2017-07-05,9633.15,9633.6,9629.35,9629.35,10:35:00,9625.074843443072,2,17
2017-07-05,9628.5,9633.45,9628.15,9633.2,10:40:00,9625.401048829446,2,18
2017-07-05,9632.5,9633.05,9626.5,9628.65,10:45:00,9626.07713941712,2,19
2017-07-05,9629.55,9632.45,9628.95,9632.3,10:50:00,9626.40788804406,2,20
2017-07-05,9629.45,9630.55,9627.35,9630.15,10:55:00,9626.697612992246,2,21
2017-07-05,9632.55,9632.85,9628.0,9629.55,11:00:00,9627.25498318346,2,22
2017-07-05,9634.6,9635.6,9632.1,9632.7,11:05:00,9627.95450859456,2,23
2017-07-05,9633.3,9637.1,9632.95,9634.65,11:10:00,9628.463603014126,2,24
2017-07-05,9632.75,9633.7,9631.9,9633.25,11:15:00,9628.871831298497,2,25
2017-07-05,9627.85,9632.9,9627.3,9632.3,11:20:00,9628.774514031971,2,26
2017-07-05,9630.1,9631.4,9627.45,9627.95,11:25:00,9628.90075079083,2,27
2017-07-05,9626.45,9630.55,9626.35,9630.35,11:30:00,9628.667345953609,2,28
2017-07-05,9627.9,9628.4,9626.15,9626.5,11:35:00,9628.594265386597,2,29
2017-07-05,9629.3,9630.7,9627.55,9628.05,11:40:00,9628.66147820692,2,30
2017-07-05,9630.05,9631.7,9628.35,9629.45,11:45:00,9628.79371837769,2,31
2017-07-05,9630.75,9631.0,9629.85,9630.1,11:50:00,9628.98003091315,2,32
2017-07-05,9631.4,9632.0,9630.15,9631.0,11:55:00,9629.210504159517,2,33
2017-07-05,9627.95,9631.85,9626.4,9631.5,12:00:00,9629.090456144326,2,34
2017-07-05,9621.55,9628.05,9621.0,9628.05,12:05:00,9628.372317463914,2,35
2017-07-05,9625.45,9625.45,9619.85,9621.3,12:10:00,9628.094001514972,2,36
2017-07-05,9620.7,9625.7,9620.05,9625.05,12:15:00,9627.389810894498,2,37
2017-07-05,9620.6,9622.65,9618.6,9620.65,12:20:00,9626.74316223788,2,38
2017-07-05,9615.9,9620.25,9615.05,9620.25,12:25:00,9625.710480119986,2,39
2017-07-05,9622.3,9622.65,9615.3,9616.05,12:30:00,9625.38567248951,2,40
2017-07-05,9623.2,9623.2,9619.25,9622.1,12:35:00,9625.177513204795,2,41
2017-07-05,9621.35,9624.55,9620.45,9623.15,12:40:00,9624.812988137674,2,42
2017-07-05,9620.2,9622.25,9620.0,9621.3,12:45:00,9624.373655934089,2,43
2017-07-05,9624.05,9625.55,9618.75,9620.05,12:50:00,9624.342831559412,2,44
2017-07-05,9625.65,9625.65,9620.95,9624.15,12:55:00,9624.467323791849,2,45
2017-07-05,9625.8,9627.2,9624.4,9625.5,13:00:00,9624.594245335482,2,46
2017-07-05,9628.55,9628.7,9625.6,9626.65,13:05:00,9624.97098387496,2,47
2017-07-05,9628.45,9629.45,9627.25,9628.6,13:10:00,9625.302318744012,2,48
2017-07-05,9627.15,9628.55,9626.7,9628.55,13:15:00,9625.47828838744,2,49
2017-07-05,9627.0,9628.45,9626.4,9627.2,13:20:00,9625.623213302924,2,50
2017-07-05,9627.7,9627.8,9626.25,9626.65,13:25:00,9625.821002512168,2,51
2017-07-05,9626.75,9627.65,9626.15,9627.35,13:30:00,9625.90947846339,2,52
2017-07-05,9623.55,9626.95,9622.0,9626.7,13:35:00,9625.684766228782,2,53
2017-07-05,9625.05,9626.05,9620.9,9622.85,13:40:00,9625.62431230223,2,54
2017-07-05,9623.0,9625.75,9622.45,9625.0,13:45:00,9625.374377797256,2,55
2017-07-05,9616.55,9623.15,9616.3,9623.1,13:50:00,9624.533960864184,2,56
2017-07-05,9621.7,9623.45,9614.05,9616.45,13:55:00,9624.2640598295,2,57
2017-07-05,9625.3,9626.3,9620.65,9621.55,14:00:00,9624.36272079812,2,58
2017-07-05,9629.0,9629.3,9622.8,9625.2,14:05:00,9624.804366436392,2,59
2017-07-05,9628.65,9629.7,9627.2,9628.9,14:10:00,9625.170617251972,2,60
2017-07-05,9628.55,9630.1,9626.85,9628.6,14:15:00,9625.492463227976,2,61
2017-07-05,9628.1,9629.5,9627.0,9628.4,14:20:00,9625.740800063408,2,62
2017-07-05,9629.8,9629.9,9627.1,9628.15,14:25:00,9626.12739053356,2,63
2017-07-05,9631.0,9632.1,9628.95,9629.7,14:30:00,9626.591448577983,2,64
2017-07-05,9627.35,9630.8,9626.45,9630.8,14:35:00,9626.663691570557,2,65
2017-07-05,9630.7,9631.4,9625.75,9627.45,14:40:00,9627.048101897171,2,66
2017-07-05,9623.7,9632.15,9622.3,9630.4,14:45:00,9626.72923504982,2,67
2017-07-05,9622.4,9623.6,9618.0,9623.6,14:50:00,9626.316926949838,2,68
2017-07-05,9620.3,9622.65,9618.65,9622.25,14:55:00,9625.743886287948,2,69
2017-07-05,9630.5,9631.25,9619.8,9619.85,15:00:00,9626.19684949862,2,70
2017-07-05,9631.3,9632.7,9629.05,9629.05,15:05:00,9626.682863832086,2,71
2017-07-05,9639.45,9640.5,9629.75,9631.5,15:10:00,9627.898781562362,2,72
2017-07-05,9642.15,9642.8,9639.55,9639.6,15:15:00,9629.256040461183,2,73
2017-07-05,9640.5,9642.35,9638.9,9642.3,15:20:00,9630.326893750596,2,74
2017-07-05,9641.2,9643.65,9639.1,9640.3,15:25:00,9631.362427679112,2,75
2017-07-07,9660.65,9672.7,9653.0,9668.35,09:15:00,9634.1517202811,4,1
2017-07-07,9664.45,9667.25,9658.15,9661.05,09:20:00,9637.03727073052,4,2
2017-07-07,9660.5,9667.65,9660.0,9664.6,09:25:00,9639.27181637523,4,3
2017-07-07,9658.55,9661.4,9656.25,9661.0,09:30:00,9641.107833863303,4,4
2017-07-07,9661.2,9664.6,9658.25,9658.5,09:35:00,9643.02137349537,4,5
2017-07-07,9660.5,9664.45,9660.45,9661.05,09:40:00,9644.686004591047,4,6
2017-07-07,9654.8,9660.75,9654.15,9660.75,09:45:00,9645.649242249045,4,7
2017-07-07,9659.0,9661.2,9654.65,9654.85,09:50:00,9646.920742987231,4,8
2017-07-07,9656.7,9660.1,9656.4,9658.9,09:55:00,9647.852100797973,4,9
2017-07-07,9643.4,9656.5,9643.15,9656.3,10:00:00,9647.428091198166,4,10
2017-07-07,9648.5,9653.75,9642.65,9643.6,10:05:00,9647.53017775072,4,11
2017-07-07,9651.9,9652.3,9647.7,9648.65,10:10:00,9647.946351298271,4,12
2017-07-07,9648.6,9652.1,9647.1,9652.05,10:15:00,9648.008603555578,4,13
2017-07-07,9653.5,9653.8,9648.45,9648.5,10:20:00,9648.531593693142,4,14
2017-07-07,9651.7,9654.1,9651.5,9653.25,10:25:00,9648.833346674748,4,15
2017-07-07,9654.1,9654.15,9649.25,9651.45,10:30:00,9649.334932705726,4,16
2017-07-07,9655.45,9657.6,9652.95,9654.25,10:35:00,9649.917320067088,4,17
2017-07-07,9655.15,9657.05,9654.1,9655.95,10:40:00,9650.415670536888,4,18
2017-07-07,9651.9,9656.05,9651.65,9655.25,10:45:00,9650.55703524766,4,19
2017-07-07,9653.35,9654.15,9651.35,9651.95,10:50:00,9650.82303189074,4,20
2017-07-07,9652.3,9654.85,9652.3,9653.3,10:55:00,9650.963695520191,4,21
2017-07-07,9651.1,9652.4,9649.6,9652.1,11:00:00,9650.97667689922,4,22
2017-07-07,9652.0,9653.55,9651.2,9651.3,11:05:00,9651.074136242152,4,23
2017-07-07,9652.7,9653.85,9651.5,9652.25,11:10:00,9651.228980409564,4,24
2017-07-07,9654.2,9655.05,9651.25,9653.1,11:15:00,9651.511934656275,4,25
2017-07-07,9655.05,9656.9,9654.0,9654.35,11:20:00,9651.84889326044,4,26
2017-07-07,9654.75,9656.3,9653.25,9654.9,11:25:00,9652.125189140395,4,27
2017-07-07,9653.55,9655.35,9653.2,9654.8,11:30:00,9652.26088541274,4,28
2017-07-07,9656.45,9657.65,9653.65,9653.65,11:35:00,9652.659848706766,4,29
2017-07-07,9656.5,9657.6,9654.55,9656.35,11:40:00,9653.02557740136,4,30
2017-07-07,9657.5,9658.85,9654.75,9656.45,11:45:00,9653.451712886945,4,31
2017-07-07,9658.35,9661.5,9657.8,9657.85,11:50:00,9653.91821642152,4,32
2017-07-07,9661.5,9662.4,9657.2,9658.5,11:55:00,9654.64029104804,4,33
2017-07-07,9662.2,9663.1,9660.45,9662.05,12:00:00,9655.36026332918,4,34
2017-07-07,9660.75,9662.95,9659.6,9662.35,12:05:00,9655.873571583546,4,35
2017-07-07,9660.8,9661.35,9658.4,9660.95,12:10:00,9656.342755242256,4,36
2017-07-07,9662.7,9663.5,9660.45,9660.75,12:15:00,9656.948207123944,4,37
2017-07-07,9661.15,9663.05,9658.35,9662.65,12:20:00,9657.348377874046,4,38
2017-07-07,9658.3,9662.25,9657.4,9661.25,12:25:00,9657.43900855271,4,39
2017-07-07,9659.05,9659.1,9656.7,9658.1,12:30:00,9657.592436309596,4,40
2017-07-07,9659.6,9660.7,9657.85,9659.15,12:35:00,9657.78363285154,4,41
2017-07-07,9657.5,9662.1,9657.5,9659.55,12:40:00,9657.75662019901,4,42
2017-07-07,9654.65,9660.85,9654.4,9657.75,12:45:00,9657.460751608627,4,43
2017-07-07,9662.15,9662.75,9652.95,9654.85,12:50:00,9657.907346693522,4,44
2017-07-07,9658.25,9662.25,9656.25,9662.25,12:55:00,9657.939980341758,4,45
2017-07-07,9659.0,9659.9,9657.0,9658.3,13:00:00,9658.040934594925,4,46
2017-07-07,9655.0,9660.25,9655.0,9659.1,13:05:00,9657.75132177636,4,47
2017-07-07,9659.2,9660.55,9655.0,9655.55,13:10:00,9657.88929113099,4,48
2017-07-07,9657.3,9661.2,9655.0,9659.5,13:15:00,9657.833168166137,4,49
2017-07-07,9657.85,9659.85,9656.7,9656.7,13:20:00,9657.834771197931,4,50
2017-07-07,9656.45,9658.5,9653.9,9658.05,13:25:00,9657.7028882267,4,51
2017-07-07,9660.8,9662.85,9653.95,9656.3,13:30:00,9657.997851252729,4,52
2017-07-07,9661.25,9663.15,9658.4,9661.3,13:35:00,9658.30757970485,4,53
2017-07-07,9668.25,9671.75,9660.5,9661.4,13:40:00,9659.254476875816,4,54
2017-07-07,9671.35,9674.1,9668.4,9668.5,13:45:00,9660.406431459072,4,55
2017-07-07,9676.9,9678.4,9671.5,9671.5,13:50:00,9661.97724751059,4,56
2017-07-07,9674.15,9676.7,9673.5,9676.7,13:55:00,9663.136557271486,4,57
2017-07-07,9677.05,9679.15,9674.2,9674.45,14:00:00,9664.461647055154,4,58
2017-07-07,9676.6,9681.35,9675.9,9677.2,14:05:00,9665.61768066895,4,59
2017-07-07,9676.25,9679.15,9675.8,9676.25,14:10:00,9666.63028251,4,60
2017-07-07,9682.4,9684.25,9676.4,9676.45,14:15:00,9668.13216036619,4,61
2017-07-07,9675.9,9683.55,9675.7,9682.65,14:20:00,9668.87195461703,4,62
2017-07-07,9674.35,9676.45,9671.45,9676.25,14:25:00,9669.393673224931,4,63
2017-07-07,9671.7,9675.25,9669.35,9674.7,14:30:00,9669.613323393987,4,64
2017-07-07,9665.95,9672.15,9665.7,9671.8,14:35:00,9669.264435451703,4,65
2017-07-07,9669.75,9672.9,9666.25,9666.25,14:40:00,9669.310679694398,4,66
2017-07-07,9674.0,9675.2,9668.65,9669.7,14:45:00,9669.757281628265,4,67
2017-07-07,9675.8,9676.65,9673.3,9674.25,14:50:00,9670.332778616048,4,68
2017-07-07,9676.25,9676.95,9673.1,9675.95,14:55:00,9670.896323509756,4,69
2017-07-07,9665.75,9676.6,9665.75,9675.6,15:00:00,9670.406197461209,4,70
2017-07-07,9659.65,9666.95,9659.35,9665.9,15:05:00,9669.381797702998,4,71
2017-07-07,9664.6,9664.6,9657.6,9659.6,15:10:00,9668.926388397953,4,72
2017-07-07,9666.0,9667.05,9661.35,9663.45,15:15:00,9668.647684741003,4,73
2017-07-07,9667.4,9668.7,9665.3,9666.2,15:20:00,9668.528857622814,4,74
2017-07-07,9663.3,9669.55,9661.35,9668.05,15:25:00,9668.030871182546,4,75
2017-07-10,9686.5,9765.9,9646.45,9695.0,09:15:00,9669.789835831829,0,1
2017-07-10,9684.05,9761.65,9684.05,9686.4,09:20:00,9671.147946704988,0,2
2017-07-10,9690.45,9692.9,9668.1,9668.1,09:25:00,9672.986237494988,0,3
2017-07-10,9699.0,9699.0,9697.45,9697.45,09:55:00,9675.46373868594,0,4
2017-07-10,9715.45,9715.8,9702.4,9702.4,11:00:00,9679.271954049183,0,5
2017-07-10,9719.3,9719.4,9714.8,9714.8,11:05:00,9683.084148901644,0,6
2017-07-10,9724.7,9729.4,9721.2,9724.95,11:15:00,9687.047563291962,0,7
2017-07-10,9722.05,9724.15,9711.55,9724.15,12:15:00,9690.381128692728,0,8
2017-07-10,9730.15,9772.2,9703.75,9769.0,12:30:00,9694.1686402458,0,9
2017-07-10,9721.85,9731.9,9720.85,9729.35,12:35:00,9696.804960222393,0,10
2017-07-10,9721.8,9723.6,9719.3,9722.8,12:40:00,9699.18544020121,0,11
2017-07-10,9724.1,9725.75,9720.6,9721.6,12:45:00,9701.558255420145,0,12
2017-07-10,9721.5,9724.55,9720.25,9724.55,12:50:00,9703.457469189654,0,13
2017-07-10,9722.75,9724.0,9718.7,9721.8,12:55:00,9705.294853076352,0,14
2017-07-10,9726.2,9727.3,9721.1,9722.95,13:00:00,9707.285819450031,0,15
2017-07-10,9732.7,9733.5,9724.9,9725.95,13:05:00,9709.706217597648,0,16
2017-07-10,9735.6,9736.4,9730.2,9731.35,13:10:00,9712.172292112158,0,17
2017-07-10,9738.9,9740.65,9733.1,9735.75,13:15:00,9714.717788101476,0,18
2017-07-10,9739.6,9742.3,9737.35,9738.6,13:20:00,9717.087522568005,0,19
2017-07-10,9739.85,9743.1,9737.9,9739.15,13:25:00,9719.255377561529,0,20
2017-07-10,9742.55,9743.2,9738.55,9739.8,13:30:00,9721.473913031858,0,21
2017-07-10,9744.4,9744.95,9740.7,9742.5,13:35:00,9723.657349885963,0,22
2017-07-10,9754.1,9754.85,9744.6,9744.75,13:40:00,9726.556649896826,0,23
2017-07-10,9760.05,9760.15,9753.55,9753.75,13:45:00,9729.746492763794,0,24
2017-07-10,9761.65,9761.65,9756.3,9759.4,13:50:00,9732.784922024384,0,25
2017-07-10,9761.1,9766.4,9760.35,9761.6,13:55:00,9735.4815961173,0,26
2017-07-10,9764.65,9765.8,9759.05,9761.6,14:00:00,9738.259539344224,0,27
2017-07-10,9765.15,9766.7,9760.5,9765.2,14:05:00,9740.820535597157,0,28
2017-07-10,9769.1,9770.65,9765.25,9765.6,14:10:00,9743.513817921235,0,29
2017-07-10,9779.75,9782.1,9766.35,9768.0,14:15:00,9746.964882881117,0,30
2017-07-10,9777.6,9781.95,9775.6,9779.85,14:20:00,9749.882513082915,0,31
2017-07-10,9774.1,9777.9,9773.35,9777.9,14:25:00,9752.188940408352,0,32
2017-07-10,9778.8,9780.3,9773.15,9773.65,14:30:00,9754.723327036128,0,33
2017-07-10,9778.55,9780.25,9776.6,9779.05,14:35:00,9756.992533985069,0,34
2017-07-10,9779.55,9782.15,9777.8,9779.25,14:40:00,9759.140864081728,0,35
2017-07-10,9779.0,9779.6,9776.3,9779.25,14:45:00,9761.03221035966,0,36
2017-07-10,9770.7,9780.55,9770.7,9779.25,14:50:00,9761.952952230167,0,37
2017-07-10,9775.4,9775.4,9770.15,9771.6,14:55:00,9763.233623446342,0,38
2017-07-10,9772.95,9778.15,9772.3,9775.15,15:00:00,9764.15899264193,0,39
2017-07-10,9772.25,9773.95,9768.1,9772.75,15:05:00,9764.929564771268,0,40
2017-07-10,9771.55,9775.15,9766.35,9771.15,15:10:00,9765.5600824121,0,41
2017-07-10,9769.2,9772.95,9765.8,9770.95,15:15:00,9765.906741229994,0,42
2017-07-10,9766.65,9770.45,9763.95,9769.25,15:20:00,9765.977527779518,0,43
2017-07-10,9762.3,9767.0,9760.95,9764.85,15:25:00,9765.627287038613,0,44
2017-07-11,9794.55,9799.35,9789.35,9793.65,09:15:00,9768.381831130171,1,1
2017-07-11,9784.2,9798.15,9783.75,9794.0,09:20:00,9769.88832340349,1,2
2017-07-11,9793.25,9796.3,9784.45,9784.6,09:25:00,9772.11324498411,1,3
2017-07-11,9790.6,9795.35,9787.95,9792.8,09:30:00,9773.873888318958,1,4
2017-07-11,9794.85,9795.15,9786.8,9790.2,09:35:00,9775.871613240965,1,5
2017-07-11,9802.35,9803.55,9794.0,9795.15,09:40:00,9778.39336436087,1,6
2017-07-11,9803.15,9806.75,9800.5,9803.05,09:45:00,9780.751139183643,1,7
2017-07-11,9809.25,9810.0,9802.65,9803.3,09:50:00,9783.46531640425,1,8
2017-07-11,9808.2,9810.75,9806.1,9809.45,09:55:00,9785.821000556229,1,9
2017-07-11,9811.55,9814.6,9808.0,9808.45,10:00:00,9788.271381455634,1,10
2017-07-11,9804.5,9813.55,9804.5,9812.05,10:05:00,9789.816964174144,1,11
2017-07-11,9801.95,9804.6,9800.15,9804.15,10:10:00,9790.972491395654,1,12
2017-07-11,9799.75,9801.8,9799.3,9801.7,10:15:00,9791.808444596069,1,13
2017-07-11,9799.45,9800.95,9795.7,9799.7,10:20:00,9792.536211777391,1,14
2017-07-11,9798.4,9801.75,9798.0,9799.6,10:25:00,9793.094667798592,1,15
2017-07-11,9799.35,9800.6,9797.95,9798.55,10:30:00,9793.690413722536,1,16
2017-07-11,9794.35,9799.75,9794.25,9799.2,10:35:00,9793.753231463246,1,17
2017-07-11,9799.85,9799.9,9793.45,9794.5,10:40:00,9794.333876085797,1,18
2017-07-11,9802.3,9805.65,9799.6,9799.7,10:45:00,9795.092554553814,1,19
2017-07-11,9800.9,9806.15,9800.55,9802.4,10:50:00,9795.645644596309,1,20
2017-07-11,9801.2,9803.75,9800.2,9800.65,10:55:00,9796.174630825231,1,21
2017-07-11,9801.65,9803.9,9799.7,9801.0,11:00:00,9796.696094556162,1,22
2017-07-11,9798.6,9801.6,9797.95,9801.55,11:05:00,9796.877418884147,1,23
2017-07-11,9801.7,9802.95,9797.0,9798.35,11:10:00,9797.336712323751,1,24
2017-07-11,9806.8,9807.45,9800.8,9802.0,11:15:00,9798.237977816729,1,25
2017-07-11,9806.6,9807.25,9802.8,9806.9,11:20:00,9799.034360881802,1,26
2017-07-11,9806.3,9807.15,9800.75,9806.75,11:25:00,9799.726326512106,1,27
2017-07-11,9808.85,9810.5,9805.85,9806.4,11:30:00,9800.595247796666,1,28
2017-07-11,9809.6,9810.85,9807.25,9808.95,11:35:00,9801.452843244602,1,29
2017-07-11,9808.4,9811.0,9807.6,9809.75,11:40:00,9802.114477221308,1,30
2017-07-11,9809.45,9810.4,9807.85,9808.15,11:45:00,9802.813098438326,1,31
2017-07-11,9813.55,9814.05,9808.6,9809.25,11:50:00,9803.83566049182,1,32
2017-07-11,9813.6,9817.15,9812.9,9813.65,11:55:00,9804.765597587835,1,33
2017-07-11,9817.55,9818.7,9813.7,9814.2,12:00:00,9805.98315972233,1,34
2017-07-11,9817.15,9819.55,9816.3,9817.7,12:05:00,9807.046668320205,1,35
2017-07-11,9817.9,9818.9,9814.7,9816.85,12:10:00,9808.080318956374,1,36
2017-07-11,9818.6,9819.4,9816.6,9818.05,12:15:00,9809.08219334148,1,37
2017-07-11,9816.6,9820.25,9816.3,9818.7,12:20:00,9809.798174928006,1,38
2017-07-11,9817.55,9819.3,9816.25,9816.25,12:25:00,9810.536443982484,1,39
2017-07-11,9820.65,9821.25,9816.95,9817.65,12:30:00,9811.499639793674,1,40
2017-07-11,9824.6,9824.95,9819.45,9820.2,12:35:00,9812.747293146656,1,41
2017-07-11,9825.05,9825.8,9822.75,9824.9,12:40:00,9813.918979513644,1,42
2017-07-11,9827.55,9828.05,9823.85,9824.95,12:45:00,9815.217171940916,1,43
2017-07-11,9828.1,9830.05,9825.0,9827.1,12:50:00,9816.444107946543,1,44
2017-07-11,9825.25,9827.65,9823.45,9827.2,12:55:00,9817.282764332587,1,45
2017-07-11,9825.6,9826.45,9822.05,9825.7,13:00:00,9818.074882015198,1,46
2017-07-11,9824.4,9826.1,9822.95,9825.35,13:05:00,9818.677274204229,1,47
2017-07-11,9826.9,9827.05,9822.5,9824.35,13:10:00,9819.46039094668,1,48
2017-07-11,9816.05,9827.55,9815.65,9826.75,13:15:00,9819.1355918089,1,49
2017-07-11,9812.35,9816.95,9810.1,9816.7,13:20:00,9818.489344969958,1,50
2017-07-11,9813.85,9816.85,9812.1,9812.65,13:25:00,9818.047502591866,1,51
2017-07-11,9808.4,9816.95,9806.65,9813.7,13:30:00,9817.128692821212,1,52
2017-07-11,9809.35,9810.2,9808.1,9808.9,13:35:00,9816.387864933478,1,53
2017-07-11,9814.95,9815.75,9807.65,9809.4,13:40:00,9816.250925416003,1,54
2017-07-11,9813.9,9816.6,9811.8,9814.85,13:45:00,9816.027027757338,1,55
2017-07-11,9817.1,9817.15,9813.05,9813.55,13:50:00,9816.129215589974,1,56
2017-07-11,9820.35,9820.4,9816.55,9816.7,13:55:00,9816.531195057594,1,57
2017-07-11,9811.8,9820.45,9811.35,9820.45,14:00:00,9816.08060505211,1,58
2017-07-11,9815.0,9816.7,9809.15,9811.6,14:05:00,9815.977690285245,1,59
2017-07-11,9822.65,9824.45,9814.75,9814.8,14:10:00,9816.613148353315,1,60
2017-07-11,9821.75,9823.8,9820.35,9822.6,14:15:00,9817.102372319669,1,61
2017-07-11,9822.15,9822.9,9818.35,9822.0,14:20:00,9817.583098765412,1,62
2017-07-11,9819.4,9823.15,9819.1,9822.5,14:25:00,9817.756136978229,1,63
2017-07-11,9815.75,9821.45,9815.4,9819.95,14:30:00,9817.565076313636,1,64
2017-07-11,9814.15,9816.65,9811.85,9815.8,14:35:00,9817.239830950431,1,65
2017-07-11,9807.1,9814.8,9806.45,9814.4,14:40:00,9816.274132764676,1,66
2017-07-11,9798.5,9809.05,9798.5,9807.75,14:45:00,9814.58135821566,1,67
2017-07-11,9796.65,9799.8,9793.95,9799.75,14:50:00,9812.873609814167,1,68
2017-07-11,9783.05,9796.7,9780.3,9796.25,14:55:00,9810.033266022345,1,69
2017-07-11,9787.3,9787.85,9778.85,9783.65,15:00:00,9807.868193067834,1,70
2017-07-11,9791.25,9792.05,9786.95,9788.35,15:05:00,9806.285508013754,1,71
2017-07-11,9791.35,9792.25,9787.15,9792.25,15:10:00,9804.863078679113,1,72
2017-07-11,9786.8,9791.75,9785.2,9791.75,15:15:00,9803.142785471577,1,73
2017-07-11,9788.8,9789.0,9782.25,9787.3,15:20:00,9801.776805902857,1,74
2017-07-11,9785.85,9790.1,9785.85,9788.75,15:25:00,9800.25996724544,1,75
2017-07-12,9807.4,9813.15,9803.15,9806.15,09:15:00,9800.93997036492,2,1
2017-07-12,9814.35,9815.95,9801.55,9807.2,09:20:00,9802.217116044454,2,2
2017-07-12,9819.7,9822.15,9813.45,9814.1,09:25:00,9803.88215261165,2,3
2017-07-12,9819.95,9820.95,9815.9,9819.85,09:30:00,9805.412423791491,2,4
2017-07-12,9821.9,9822.75,9817.7,9819.5,09:35:00,9806.982669144683,2,5
2017-07-12,9818.7,9823.0,9816.4,9821.85,09:40:00,9808.09860541662,2,6
2017-07-12,9813.75,9821.15,9813.0,9817.7,09:45:00,9808.63683347218,2,7
2017-07-12,9811.2,9815.5,9808.1,9813.8,09:50:00,9808.880944570066,2,8
2017-07-12,9806.5,9815.65,9805.55,9811.25,09:55:00,9808.654187944348,2,9
2017-07-12,9809.2,9809.9,9803.35,9806.4,10:00:00,9808.706170044885,2,10
2017-07-12,9800.75,9810.0,9800.35,9809.25,10:05:00,9807.94843956442,2,11
2017-07-12,9794.6,9801.2,9791.2,9800.7,10:10:00,9806.677159605904,2,12
2017-07-12,9799.6,9802.0,9794.75,9795.05,10:15:00,9806.003144405342,2,13
2017-07-12,9795.3,9802.55,9795.3,9799.5,10:20:00,9804.98379731912,2,14
2017-07-12,9800.75,9800.95,9794.4,9795.2,10:25:00,9804.580578526822,2,15
2017-07-12,9802.65,9803.55,9798.3,9800.65,10:30:00,9804.39671390522,2,16
2017-07-12,9809.95,9810.15,9802.15,9802.15,10:35:00,9804.925598295198,2,17
2017-07-12,9810.75,9811.45,9808.95,9809.65,10:40:00,9805.480303219463,2,18
2017-07-12,9813.95,9816.4,9810.2,9810.5,10:45:00,9806.286941008088,2,19
2017-07-12,9811.15,9814.4,9807.85,9814.3,10:50:00,9806.750089483508,2,20
2017-07-12,9811.35,9812.1,9809.05,9811.2,10:55:00,9807.188176199365,2,21
2017-07-12,9807.3,9811.25,9807.3,9811.1,11:00:00,9807.19882608514,2,22
2017-07-12,9806.3,9810.4,9806.05,9807.15,11:05:00,9807.11322360084,2,23
2017-07-12,9802.9,9806.9,9801.35,9806.15,11:10:00,9806.711964210284,2,24
2017-07-12,9802.05,9804.9,9801.35,9802.65,11:15:00,9806.267967618827,2,25
2017-07-12,9803.45,9804.05,9800.65,9802.1,11:20:00,9805.999589750369,2,26
2017-07-12,9804.75,9806.1,9802.0,9803.5,11:25:00,9805.880581202717,2,27
2017-07-12,9808.2,9808.2,9802.65,9804.85,11:30:00,9806.101478231029,2,28
2017-07-12,9804.5,9810.55,9799.3,9808.25,11:35:00,9805.94895649474,2,29
2017-07-12,9799.2,9804.1,9798.55,9804.1,11:40:00,9805.306198733337,2,30
2017-07-12,9797.25,9798.95,9793.95,9798.8,11:45:00,9804.538941711116,2,31
2017-07-12,9794.15,9797.7,9793.65,9797.4,11:50:00,9803.549518691008,2,32
2017-07-12,9791.15,9794.75,9788.9,9794.2,11:55:00,9802.368612149008,2,33
2017-07-12,9790.5,9792.6,9789.45,9791.2,12:00:00,9801.238268134815,2,34
2017-07-12,9790.35,9791.9,9787.7,9790.55,12:05:00,9800.201290217214,2,35
2017-07-12,9792.8,9793.95,9789.45,9790.1,12:10:00,9799.496405434622,2,36
2017-07-12,9793.2,9794.7,9790.15,9792.1,12:15:00,9798.896747774184,2,37
2017-07-12,9798.3,9798.85,9792.1,9793.0,12:20:00,9798.839914652832,2,38
2017-07-12,9800.8,9801.9,9797.8,9798.1,12:25:00,9799.0265894478,2,39
2017-07-12,9805.85,9806.4,9801.2,9801.55,12:30:00,9799.67643807182,2,40
2017-07-12,9804.6,9806.65,9802.95,9806.65,12:35:00,9800.145348731648,2,41
2017-07-12,9805.65,9806.4,9803.9,9804.8,12:40:00,9800.669601233394,2,42
2017-07-12,9804.45,9808.0,9804.0,9805.85,12:45:00,9801.029639211169,2,43
2017-07-12,9802.4,9804.75,9800.25,9804.75,12:50:00,9801.160149762483,2,44
2017-07-12,9804.6,9804.85,9801.7,9802.25,12:55:00,9801.487754547008,2,45
2017-07-12,9804.25,9805.35,9803.35,9803.4,13:00:00,9801.750825542533,2,46
2017-07-12,9807.05,9807.45,9802.35,9804.35,13:05:00,9802.255508824195,2,47
2017-07-12,9804.45,9806.95,9802.35,9806.8,13:10:00,9802.464507983796,2,48
2017-07-12,9802.0,9805.55,9802.0,9804.85,13:15:00,9802.420269128195,2,49
2017-07-12,9798.4,9802.1,9796.55,9802.1,13:20:00,9802.03738635408,2,50
2017-07-12,9801.5,9802.0,9797.65,9798.5,13:25:00,9801.986206701313,2,51
2017-07-12,9802.25,9803.25,9799.35,9800.7,13:30:00,9802.011329872614,2,52
2017-07-12,9805.35,9805.65,9801.0,9802.3,13:35:00,9802.329298456174,2,53
2017-07-12,9808.3,9811.4,9804.45,9805.3,13:40:00,9802.897936698444,2,54
2017-07-12,9811.05,9812.15,9807.55,9808.2,13:45:00,9803.674323679545,2,55
2017-07-12,9805.55,9810.85,9803.65,9810.5,13:50:00,9803.852959519589,2,56
2017-07-12,9808.05,9809.75,9801.65,9805.8,13:55:00,9804.25267766058,2,57
2017-07-12,9806.7,9809.3,9805.7,9807.65,14:00:00,9804.48575597862,2,58
2017-07-12,9809.2,9809.75,9806.25,9806.75,14:05:00,9804.934731599706,2,59
2017-07-12,9809.85,9812.15,9808.8,9809.65,14:10:00,9805.402852399731,2,60
2017-07-12,9806.85,9812.55,9806.8,9810.1,14:15:00,9805.540675980712,2,61
2017-07-12,9806.8,9808.25,9804.3,9808.25,14:20:00,9805.660611601596,2,62
2017-07-12,9809.65,9811.05,9805.8,9805.8,14:25:00,9806.040553353829,2,63
2017-07-12,9810.35,9811.7,9808.25,9810.3,14:30:00,9806.45097684394,2,64
2017-07-12,9811.45,9812.9,9808.6,9812.15,14:35:00,9806.927074287374,2,65
2017-07-12,9808.7,9813.55,9805.1,9813.1,14:40:00,9807.095924355242,2,66
2017-07-12,9808.95,9810.35,9806.5,9810.35,14:45:00,9807.272502988077,2,67
2017-07-12,9809.3,9810.1,9806.5,9809.6,14:50:00,9807.465597941591,2,68
2017-07-12,9806.95,9809.35,9804.7,9808.95,14:55:00,9807.416493375727,2,69
2017-07-12,9810.45,9811.5,9806.25,9807.1,15:00:00,9807.705398768516,2,70
2017-07-12,9813.4,9813.4,9809.25,9810.55,15:05:00,9808.247741742944,2,71
2017-07-12,9814.45,9815.8,9810.5,9813.1,15:10:00,9808.83843300552,2,72
2017-07-12,9820.25,9820.65,9814.15,9814.15,15:15:00,9809.925248909758,2,73
2017-07-12,9819.65,9821.3,9817.15,9820.75,15:20:00,9810.851415680258,2,74
2017-07-12,9822.75,9824.95,9817.55,9819.75,15:25:00,9811.9846141869,2,75
2017-07-13,9873.45,9875.45,9853.45,9853.45,09:15:00,9817.838460454816,3,1
2017-07-13,9880.15,9880.85,9873.5,9873.55,09:20:00,9823.772892792453,3,2
2017-07-13,9874.5,9881.25,9874.05,9880.1,09:25:00,9828.604045859838,3,3
2017-07-13,9872.75,9876.15,9870.9,9874.45,09:30:00,9832.808422444616,3,4
2017-07-13,9876.1,9878.35,9871.65,9872.7,09:35:00,9836.931429830844,3,5
2017-07-13,9868.45,9877.3,9866.1,9875.85,09:40:00,9839.933198418385,3,6
2017-07-13,9873.8,9874.85,9868.15,9868.4,09:45:00,9843.158608092825,3,7
2017-07-13,9877.45,9878.15,9872.9,9873.75,09:50:00,9846.424454941129,3,8
2017-07-13,9882.6,9884.65,9877.25,9877.6,09:55:00,9849.869744946734,3,9
2017-07-13,9882.85,9884.95,9880.45,9882.1,10:00:00,9853.010721618475,3,10
2017-07-13,9879.8,9883.0,9879.8,9882.5,10:05:00,9855.562081464332,3,11
2017-07-13,9880.1,9881.95,9877.75,9879.95,10:10:00,9857.899026086778,3,12
2017-07-13,9878.85,9881.65,9875.9,9880.25,10:15:00,9859.894356935656,3,13
2017-07-13,9880.5,9880.9,9877.25,9879.5,10:20:00,9861.85679913226,3,14
2017-07-13,9881.35,9882.8,9879.85,9881.15,10:25:00,9863.713294453,3,15
2017-07-13,9884.0,9884.5,9880.35,9881.2,10:30:00,9865.645361647952,3,16
2017-07-13,9881.45,9885.65,9881.0,9883.45,10:35:00,9867.150565300528,3,17
2017-07-13,9880.35,9882.9,9879.55,9881.55,10:40:00,9868.407654319526,3,18
2017-07-13,9880.4,9880.9,9878.45,9880.4,10:45:00,9869.549782479571,3,19
2017-07-13,9881.9,9883.85,9879.4,9880.75,10:50:00,9870.725993671991,3,20
2017-07-13,9884.35,9884.5,9881.05,9882.0,10:55:00,9872.023518084185,3,21
2017-07-13,9884.2,9886.0,9882.7,9884.45,11:00:00,9873.183183028548,3,22
2017-07-13,9884.5,9886.35,9882.15,9884.35,11:05:00,9874.260975121068,3,23
2017-07-13,9881.45,9885.2,9881.2,9884.75,11:10:00,9874.945644157156,3,24
2017-07-13,9884.2,9886.05,9881.15,9881.7,11:15:00,9875.827011380285,3,25
2017-07-13,9878.25,9885.0,9877.6,9884.65,11:20:00,9876.05777220121,3,26
2017-07-13,9870.85,9878.85,9868.6,9878.85,11:25:00,9875.561793896331,3,27
2017-07-13,9873.9,9874.4,9870.2,9871.9,11:30:00,9875.403527810968,3,28
2017-07-13,9874.45,9876.4,9873.7,9874.35,11:35:00,9875.312715638494,3,29
2017-07-13,9866.15,9875.2,9865.6,9874.7,11:40:00,9874.440076053876,3,30
2017-07-13,9874.35,9874.9,9866.3,9866.35,11:45:00,9874.431497382078,3,31
2017-07-13,9873.35,9876.45,9873.2,9874.95,11:50:00,9874.328497631404,3,32
2017-07-13,9872.4,9874.45,9871.35,9873.15,11:55:00,9874.14483119032,3,33
2017-07-13,9876.55,9879.0,9871.6,9872.85,12:00:00,9874.37389488648,3,34
2017-07-13,9877.45,9879.4,9875.4,9877.2,12:05:00,9874.666857278244,3,35
2017-07-13,9876.8,9878.5,9875.6,9877.85,12:10:00,9874.870013727934,3,36
2017-07-13,9875.6,9878.0,9873.25,9877.2,12:15:00,9874.939536230037,3,37
2017-07-13,9871.1,9877.25,9869.6,9875.55,12:20:00,9874.573866112887,3,38
2017-07-13,9872.6,9874.55,9870.6,9871.8,12:25:00,9874.385878864045,3,39
2017-07-13,9867.8,9873.95,9865.35,9872.95,12:30:00,9873.758652305562,3,40
2017-07-13,9868.3,9871.35,9867.45,9867.75,12:35:00,9873.238780657412,3,41
2017-07-13,9870.05,9870.65,9865.35,9868.55,12:40:00,9872.935087261469,3,42
2017-07-13,9869.6,9872.45,9869.6,9870.7,12:45:00,9872.617459903237,3,43
2017-07-13,9872.05,9872.45,9868.95,9870.25,12:50:00,9872.563416102928,3,44
2017-07-13,9873.1,9873.75,9870.65,9872.3,12:55:00,9872.61451933122,3,45
2017-07-13,9875.0,9876.2,9873.25,9873.7,13:00:00,9872.84170796634,3,46
2017-07-13,9879.35,9879.65,9875.15,9875.95,13:05:00,9873.46154530288,3,47
2017-07-13,9878.2,9880.4,9877.2,9879.95,13:10:00,9873.912826702606,3,48
2017-07-13,9879.4,9881.35,9877.75,9878.15,13:15:00,9874.43541463569,3,49
2017-07-13,9875.3,9881.5,9873.2,9879.95,13:20:00,9874.517756098958,3,50
2017-07-13,9878.8,9880.85,9874.8,9876.05,13:25:00,9874.925588851438,3,51
2017-07-13,9881.9,9883.75,9877.5,9878.9,13:30:00,9875.589818484634,3,52
2017-07-13,9883.35,9884.15,9881.1,9882.0,13:35:00,9876.32888339086,3,53
2017-07-13,9886.9,9887.8,9881.45,9883.9,13:40:00,9877.335656401254,3,54
2017-07-13,9886.9,9889.35,9885.05,9887.1,13:45:00,9878.2465462678,3,55
2017-07-13,9885.85,9889.65,9885.45,9887.15,13:50:00,9878.970684718486,3,56
2017-07-13,9883.25,9888.15,9882.6,9886.2,13:55:00,9879.37823855482,3,57
2017-07-13,9888.55,9889.95,9882.75,9883.15,14:00:00,9880.251739644837,3,58
2017-07-13,9890.25,9893.4,9887.15,9888.35,14:05:00,9881.203954916757,3,59
2017-07-13,9889.5,9892.8,9887.7,9892.05,14:10:00,9881.994054448494,3,60
2017-07-13,9891.5,9893.8,9889.4,9891.5,14:15:00,9882.899382596255,3,61
2017-07-13,9893.15,9897.25,9891.7,9893.2,14:20:00,9883.875631872805,3,62
2017-07-13,9881.25,9894.95,9881.25,9894.95,14:25:00,9883.625571694443,3,63
2017-07-13,9885.75,9888.0,9878.65,9882.25,14:30:00,9883.827898199734,3,64
2017-07-13,9890.15,9890.45,9884.6,9886.55,14:35:00,9884.430003133091,3,65
2017-07-13,9889.55,9892.25,9888.95,9891.55,14:40:00,9884.91762188232,3,66
2017-07-13,9887.1,9891.7,9886.05,9891.65,14:45:00,9885.125467417338,3,67
2017-07-13,9882.2,9889.15,9881.3,9887.45,14:50:00,9884.846851472828,3,68
2017-07-13,9887.35,9888.5,9881.8,9881.9,14:55:00,9885.085246570654,3,69
2017-07-13,9893.7,9894.95,9884.95,9887.55,15:00:00,9885.90569927821,3,70
2017-07-13,9890.0,9896.1,9890.0,9893.5,15:05:00,9886.295632680283,3,71
2017-07-13,9891.75,9893.3,9888.75,9890.65,15:10:00,9886.815096234544,3,72
2017-07-13,9891.15,9894.75,9889.05,9892.15,15:15:00,9887.227944212207,3,73
2017-07-13,9892.9,9894.4,9889.5,9891.55,15:20:00,9887.76814000152,3,74
2017-07-13,9886.1,9893.15,9884.65,9892.4,15:25:00,9887.609269525185,3,75
2017-07-14,9877.15,9907.35,9872.75,9907.35,09:15:00,9886.613148618024,4,1
2017-07-14,9874.7,9879.45,9864.1,9876.6,09:20:00,9885.478563035356,4,2
2017-07-14,9879.65,9879.65,9872.75,9874.65,09:25:00,9884.923461793893,4,3
2017-07-14,9878.35,9883.35,9876.85,9879.85,09:30:00,9884.29741781352,4,4
2017-07-14,9878.95,9880.45,9873.65,9878.0,09:35:00,9883.78813992652,4,5
2017-07-14,9883.45,9884.5,9878.75,9879.15,09:40:00,9883.755936123993,4,6
2017-07-14,9871.8,9883.5,9871.35,9883.5,09:45:00,9882.617275540755,4,7
2017-07-14,9866.3,9873.25,9865.0,9871.3,09:50:00,9881.06324929878,4,8
2017-07-14,9864.7,9868.4,9860.9,9866.45,09:55:00,9879.504844603658,4,9
2017-07-14,9865.8,9869.9,9861.3,9863.85,10:00:00,9878.199621308073,4,10
2017-07-14,9874.75,9874.8,9866.45,9866.45,10:05:00,9877.8710859454,4,11
2017-07-14,9871.05,9876.5,9871.05,9874.6,10:10:00,9877.221458712504,4,12
2017-07-14,9872.05,9874.05,9867.8,9871.2,10:15:00,9876.728938835124,4,13
2017-07-14,9864.7,9872.75,9864.45,9872.0,10:20:00,9875.583325612732,4,14
2017-07-14,9863.1,9864.9,9858.25,9864.55,10:25:00,9874.39443745914,4,15
2017-07-14,9861.25,9863.8,9859.7,9863.05,10:30:00,9873.142586272554,4,16
2017-07-14,9860.2,9863.35,9859.75,9861.4,10:35:00,9871.909959008502,4,17
2017-07-14,9858.55,9861.05,9858.45,9860.0,10:40:00,9870.637581960073,4,18
2017-07-14,9854.05,9858.4,9851.1,9858.4,10:45:00,9869.05781224959,4,19
2017-07-14,9850.75,9855.6,9850.15,9853.75,10:50:00,9867.31421108296,4,20
2017-07-14,9847.9,9850.8,9845.45,9850.8,10:55:00,9865.46523859887,4,21
2017-07-14,9855.7,9856.5,9847.05,9847.7,11:00:00,9864.535215875168,4,22
2017-07-14,9862.25,9862.85,9855.15,9856.0,11:05:00,9864.31757626801,4,23
2017-07-14,9862.35,9863.65,9860.5,9862.4,11:10:00,9864.130188052008,4,24
2017-07-14,9857.8,9862.25,9855.85,9862.25,11:15:00,9863.527312999437,4,25
2017-07-14,9857.4,9858.5,9853.05,9858.0,11:20:00,9862.94375938044,4,26
2017-07-14,9863.6,9863.95,9856.95,9857.5,11:25:00,9863.006258487068,4,27
2017-07-14,9867.1,9868.15,9863.25,9863.7,11:30:00,9863.396138631157,4,28
2017-07-14,9866.55,9867.7,9862.8,9865.65,11:35:00,9863.69650638057,4,29
2017-07-14,9864.05,9866.75,9863.0,9866.3,11:40:00,9863.730172439562,4,30
2017-07-14,9870.0,9870.6,9863.8,9864.45,11:45:00,9864.32729887389,4,31
2017-07-14,9866.85,9871.9,9866.55,9870.15,11:50:00,9864.567556123997,4,32
2017-07-14,9873.5,9873.5,9865.4,9866.9,11:55:00,9865.418265064567,4,33
2017-07-14,9875.65,9878.6,9873.0,9874.35,12:00:00,9866.3927160108,4,34
2017-07-14,9876.75,9877.1,9873.35,9876.2,12:05:00,9867.37912400977,4,35
2017-07-14,9875.05,9878.25,9874.45,9876.55,12:10:00,9868.109683627888,4,36
2017-07-14,9870.55,9875.25,9868.25,9875.15,12:15:00,9868.342094710946,4,37
2017-07-14,9870.5,9872.3,9867.35,9870.7,12:20:00,9868.54760950038,4,38
2017-07-14,9876.9,9877.55,9870.3,9870.55,12:25:00,9869.343075262248,4,39
2017-07-14,9880.1,9880.7,9875.35,9877.25,12:30:00,9870.367544284893,4,40
2017-07-14,9877.1,9880.8,9876.0,9879.95,12:35:00,9871.008730543474,4,41
2017-07-14,9876.9,9878.7,9875.55,9877.25,12:40:00,9871.569803825048,4,42
2017-07-14,9875.35,9878.35,9873.6,9877.2,12:45:00,9871.929822508377,4,43
2017-07-14,9875.8,9875.9,9873.25,9875.4,12:50:00,9872.29841084091,4,44
2017-07-14,9875.55,9877.05,9874.0,9875.85,12:55:00,9872.608085998918,4,45
2017-07-14,9877.6,9878.05,9874.9,9875.75,13:00:00,9873.083506379971,4,46
2017-07-14,9876.0,9877.8,9871.7,9877.55,13:05:00,9873.36126767712,4,47
2017-07-14,9874.95,9878.0,9873.2,9876.6,13:10:00,9873.512575517394,4,48
2017-07-14,9873.3,9875.3,9872.65,9875.3,13:15:00,9873.492330230025,4,49
2017-07-14,9871.9,9874.5,9871.85,9873.8,13:20:00,9873.340679731926,4,50
2017-07-14,9871.25,9873.1,9868.0,9872.1,13:25:00,9873.141567376504,4,51
2017-07-14,9870.45,9871.65,9868.55,9871.2,13:30:00,9872.88522762636,4,52
2017-07-14,9872.45,9873.05,9869.95,9870.85,13:35:00,9872.84377737623,4,53
2017-07-14,9870.45,9872.55,9869.65,9872.55,13:40:00,9872.615798578494,4,54
2017-07-14,9868.7,9872.1,9867.7,9870.75,13:45:00,9872.242865380542,4,55
2017-07-14,9866.9,9870.35,9865.4,9868.55,13:50:00,9871.734021058586,4,56
2017-07-14,9868.85,9869.5,9866.4,9867.2,13:55:00,9871.45935238634,4,57
2017-07-14,9872.5,9874.6,9868.35,9868.4,14:00:00,9871.55846168288,4,58
2017-07-14,9878.7,9881.25,9872.55,9873.1,14:05:00,9872.238608189273,4,59
2017-07-14,9877.4,9879.65,9876.5,9878.75,14:10:00,9872.730169314103,4,60
2017-07-14,9878.9,9880.15,9876.3,9877.5,14:15:00,9873.317772236573,4,61
2017-07-14,9875.35,9880.5,9875.2,9879.05,14:20:00,9873.511317737852,4,62
2017-07-14,9873.15,9876.55,9869.35,9875.95,14:25:00,9873.476906524722,4,63
2017-07-14,9874.85,9875.15,9869.3,9873.3,14:30:00,9873.607677331893,4,64
2017-07-14,9872.85,9875.8,9872.2,9874.95,14:35:00,9873.535517586,4,65
2017-07-14,9865.25,9873.65,9864.85,9873.05,14:40:00,9872.746420673046,4,66
2017-07-14,9868.7,9870.4,9864.85,9865.3,14:45:00,9872.361047275614,4,67
2017-07-14,9875.7,9877.95,9866.9,9868.25,14:50:00,9872.679042773174,4,68
2017-07-14,9881.45,9882.9,9873.35,9877.4,14:55:00,9873.514372032872,4,69
2017-07-14,9885.65,9888.8,9882.55,9882.55,15:00:00,9874.67014612498,4,70
2017-07-14,9888.5,9892.45,9887.05,9887.25,15:05:00,9875.987275065458,4,71
2017-07-14,9887.0,9890.45,9884.35,9888.4,15:10:00,9877.036106011605,4,72
2017-07-14,9887.65,9890.75,9884.45,9887.1,15:15:00,9878.046953058118,4,73
2017-07-14,9887.8,9888.9,9885.15,9887.75,15:20:00,9878.97581467163,4,74
2017-07-14,9885.35,9888.25,9879.9,9887.7,15:25:00,9879.582879941,4,75
2017-07-17,9910.2,9911.95,9899.45,9904.85,09:15:00,9882.498796137095,0,1
2017-07-17,9907.45,9910.15,9901.45,9909.55,09:20:00,9884.875101266896,0,2
2017-07-17,9911.95,9914.0,9906.05,9906.95,09:25:00,9887.453663051,0,3
2017-07-17,9908.95,9915.4,9907.2,9911.75,09:30:00,9889.50093323662,0,4
2017-07-17,9903.05,9909.0,9898.6,9908.5,09:35:00,9890.791320547418,0,5
2017-07-17,9899.05,9903.65,9894.7,9903.15,09:40:00,9891.577861447664,0,6
2017-07-17,9909.1,9909.3,9898.45,9898.85,09:45:00,9893.246636547889,0,7
2017-07-17,9912.45,9914.8,9908.15,9909.2,09:50:00,9895.07552830523,0,8
2017-07-17,9915.1,9916.25,9912.25,9912.3,09:55:00,9896.982620847588,0,9
2017-07-17,9911.0,9915.95,9907.15,9914.9,10:00:00,9898.317609338294,0,10
2017-07-17,9914.4,9915.6,9910.2,9910.7,10:05:00,9899.849265591787,0,11
2017-07-17,9915.45,9916.7,9912.25,9914.15,10:10:00,9901.335049821144,0,12
2017-07-17,9914.55,9917.85,9912.45,9914.7,10:15:00,9902.593616504844,0,13
2017-07-17,9917.75,9918.05,9911.8,9914.75,10:20:00,9904.03708159962,0,14
2017-07-17,9915.95,9920.3,9914.55,9917.7,10:25:00,9905.1716452568,0,15
2017-07-17,9919.5,9920.05,9914.0,9916.2,10:30:00,9906.53625047044,0,16
2017-07-17,9917.0,9919.4,9916.0,9919.2,10:35:00,9907.532798044684,0,17
2017-07-17,9917.4,9918.65,9916.4,9916.7,10:40:00,9908.472531564235,0,18
2017-07-17,9916.75,9918.5,9914.4,9917.9,10:45:00,9909.260861891453,0,19
2017-07-17,9918.0,9919.15,9914.95,9916.7,10:50:00,9910.093160758934,0,20
2017-07-17,9918.7,9920.1,9917.35,9917.9,10:55:00,9910.912859734271,0,21
2017-07-17,9914.15,9919.05,9913.95,9918.05,11:00:00,9911.2211588072,0,22
2017-07-17,9918.35,9918.95,9913.85,9914.2,11:05:00,9911.90009606366,0,23
2017-07-17,9915.4,9920.15,9914.45,9918.3,11:10:00,9912.233420248072,0,24
2017-07-17,9914.1,9916.55,9913.2,9914.9,11:15:00,9912.411189748256,0,25
2017-07-17,9912.6,9915.6,9912.45,9914.2,11:20:00,9912.429171676991,0,26
2017-07-17,9909.95,9913.2,9908.95,9912.7,11:25:00,9912.193060088708,0,27
2017-07-17,9908.1,9909.65,9906.9,9909.35,11:30:00,9911.803244842164,0,28
2017-07-17,9903.95,9908.6,9902.75,9907.9,11:35:00,9911.055316761958,0,29
2017-07-17,9910.05,9911.25,9904.05,9904.05,11:40:00,9910.959572308437,0,30
2017-07-17,9909.85,9911.65,9909.3,9910.25,11:45:00,9910.853898755253,0,31
2017-07-17,9909.95,9913.35,9909.45,9910.1,11:50:00,9910.767813159511,0,32
2017-07-17,9914.05,9914.3,9909.0,9910.25,11:55:00,9911.080402382417,0,33
2017-07-17,9911.7,9914.55,9910.85,9914.0,12:00:00,9911.139411679327,0,34
2017-07-17,9907.55,9912.9,9907.2,9911.85,12:05:00,9910.797562947964,0,35
2017-07-17,9904.75,9908.05,9903.75,9907.9,12:10:00,9910.221604571969,0,36
2017-07-17,9904.65,9905.8,9902.6,9905.0,12:15:00,9909.690975565112,0,37
2017-07-17,9903.1,9906.05,9902.85,9904.75,12:20:00,9909.06326360653,0,38
2017-07-17,9907.7,9908.45,9903.05,9903.45,12:25:00,9908.933428977336,0,39
2017-07-17,9907.0,9910.75,9904.85,9907.75,12:30:00,9908.749292884257,0,40
2017-07-17,9907.9,9909.4,9906.0,9907.45,12:35:00,9908.66840784766,0,41
2017-07-17,9907.9,9908.9,9905.4,9908.05,12:40:00,9908.595226147883,0,42
2017-07-17,9907.35,9909.4,9906.75,9908.35,12:45:00,9908.476633181415,0,43
2017-07-17,9907.2,9909.0,9905.9,9907.95,12:50:00,9908.3550490689,0,44
2017-07-17,9908.35,9911.05,9906.95,9907.35,12:55:00,9908.354568205195,0,45
2017-07-17,9909.55,9911.1,9908.1,9908.55,13:00:00,9908.46841885232,0,46
2017-07-17,9909.0,9911.0,9907.45,9909.7,13:05:00,9908.519045628287,0,47
2017-07-17,9907.25,9910.85,9905.95,9909.65,13:10:00,9908.39818413988,0,48
2017-07-17,9905.7,9908.8,9905.6,9907.65,13:15:00,9908.141214221796,0,49
2017-07-17,9905.85,9906.45,9904.3,9906.1,13:20:00,9907.923003343529,0,50
2017-07-17,9908.05,9909.05,9905.6,9906.15,13:25:00,9907.935098263191,0,51
2017-07-17,9913.1,9913.8,9908.05,9908.3,13:30:00,9908.4269936667,0,52
2017-07-17,9912.85,9914.65,9911.3,9912.9,13:35:00,9908.84823236511,0,53
2017-07-17,9911.3,9914.2,9910.85,9913.8,13:40:00,9909.081734044625,0,54
2017-07-17,9912.95,9913.45,9911.05,9911.5,13:45:00,9909.450140326087,0,55
2017-07-17,9914.45,9915.05,9911.05,9912.8,13:50:00,9909.926317437888,0,56
2017-07-17,9910.75,9914.7,9908.85,9914.6,13:55:00,9910.004763396184,0,57
2017-07-17,9911.4,9913.05,9909.4,9910.25,14:00:00,9910.13764307274,0,58
2017-07-17,9915.25,9916.85,9910.9,9911.2,14:05:00,9910.624534208668,0,59
2017-07-17,9917.4,9917.4,9913.4,9915.55,14:10:00,9911.269816664984,0,60
2017-07-17,9919.95,9922.95,9916.7,9917.6,14:15:00,9912.09650079213,0,61
2017-07-17,9918.6,9921.65,9918.25,9920.15,14:20:00,9912.71588166907,0,62
2017-07-17,9920.3,9920.95,9917.75,9918.5,14:25:00,9913.438178652968,0,63
2017-07-17,9917.3,9922.85,9917.0,9920.65,14:30:00,9913.805971162208,0,64
2017-07-17,9917.0,9918.7,9916.0,9917.6,14:35:00,9914.110164384856,0,65
2017-07-17,9921.1,9924.35,9916.5,9916.95,14:40:00,9914.77586301487,0,66
2017-07-17,9924.9,9926.8,9920.6,9921.15,14:45:00,9915.740066537262,0,67
2017-07-17,9920.75,9928.2,9920.75,9925.4,14:50:00,9916.217203057524,0,68
2017-07-17,9922.1,9924.3,9919.65,9921.2,14:55:00,9916.777469432998,0,69
2017-07-17,9925.25,9926.05,9922.4,9922.4,15:00:00,9917.584377106046,0,70
2017-07-17,9924.1,9927.7,9923.35,9924.25,15:05:00,9918.204912619756,0,71
2017-07-17,9919.05,9925.15,9918.9,9923.25,15:10:00,9918.28539713216,0,72
2017-07-17,9918.55,9921.3,9916.25,9920.15,15:15:00,9918.310597405289,0,73
2017-07-17,9916.15,9918.9,9913.45,9916.75,15:20:00,9918.104826223833,0,74
2017-07-17,9912.95,9918.75,9910.4,9914.7,15:25:00,9917.613890392991,0,75
2017-07-18,9856.3,9869.2,9792.05,9805.45,09:15:00,9911.774472260324,1,1
2017-07-18,9870.7,9872.4,9855.65,9856.45,09:20:00,9907.86261775934,1,2
2017-07-18,9871.65,9874.25,9866.4,9870.75,09:25:00,9904.413797020356,1,3
2017-07-18,9873.2,9873.2,9864.8,9872.05,09:30:00,9901.441054446988,1,4
2017-07-18,9875.95,9879.4,9871.9,9872.3,09:35:00,9899.013334975847,1,5
2017-07-18,9871.85,9877.75,9869.95,9875.55,09:40:00,9896.426350692433,1,6
2017-07-18,9876.9,9879.6,9870.9,9872.3,09:45:00,9894.566698245531,1,7
2017-07-18,9880.35,9885.35,9876.7,9877.25,09:50:00,9893.212726984057,1,8
2017-07-18,9876.9,9883.95,9875.25,9880.9,09:55:00,9891.659133937954,1,9
2017-07-18,9875.7,9877.95,9874.15,9876.65,10:00:00,9890.139216420052,1,10
2017-07-18,9876.65,9877.15,9873.05,9875.55,10:05:00,9888.854529141952,1,11
2017-07-18,9873.4,9877.7,9873.35,9876.5,10:10:00,9887.382669223673,1,12
2017-07-18,9872.0,9874.6,9870.9,9873.0,10:15:00,9885.917653107132,1,13
2017-07-18,9875.55,9875.75,9872.0,9872.4,10:20:00,9884.930257573118,1,14
2017-07-18,9873.35,9876.75,9871.3,9875.85,10:25:00,9883.82737589949,1,15
2017-07-18,9872.95,9875.7,9872.65,9873.45,10:30:00,9882.791435337633,1,16
2017-07-18,9873.1,9874.7,9871.7,9873.1,10:35:00,9881.868441495952,1,17
2017-07-18,9872.55,9873.7,9871.8,9873.05,10:40:00,9880.980970877292,1,18
2017-07-18,9871.45,9873.45,9869.3,9872.3,10:45:00,9880.073259365168,1,19
2017-07-18,9864.5,9871.7,9864.5,9871.3,10:50:00,9878.590091806582,1,20
2017-07-18,9857.55,9865.55,9856.8,9864.6,10:55:00,9876.586273539288,1,21
2017-07-18,9854.4,9859.6,9854.3,9857.3,11:00:00,9874.473295106976,1,22
2017-07-18,9842.5,9855.1,9842.45,9854.5,11:05:00,9871.4282193825,1,23
2017-07-18,9854.05,9854.05,9842.4,9842.4,11:10:00,9869.773150869882,1,24
2017-07-18,9855.05,9857.1,9852.15,9853.9,11:15:00,9868.370946025132,1,25
2017-07-18,9854.8,9855.25,9850.45,9855.25,11:20:00,9867.078474975118,1,26
2017-07-18,9859.2,9862.25,9854.7,9855.25,11:25:00,9866.328144025108,1,27
2017-07-18,9860.4,9864.2,9859.35,9859.7,11:30:00,9865.763558879858,1,28
2017-07-18,9859.5,9862.05,9859.35,9860.45,11:35:00,9865.16702946273,1,29
2017-07-18,9862.15,9862.9,9857.7,9859.7,11:40:00,9864.879693323424,1,30
2017-07-18,9860.7,9863.0,9859.75,9862.1,11:45:00,9864.48162729262,1,31
2017-07-18,9860.05,9861.75,9858.25,9861.0,11:50:00,9864.059567550465,1,32
2017-07-18,9859.25,9861.6,9858.35,9860.55,11:55:00,9863.60151349804,1,33
2017-07-18,9857.35,9860.95,9857.35,9859.15,12:00:00,9863.006131260132,1,34
2017-07-18,9854.05,9858.0,9852.75,9857.15,12:05:00,9862.153166378215,1,35
2017-07-18,9856.45,9857.45,9853.55,9853.8,12:10:00,9861.610007675528,1,36
2017-07-18,9858.15,9858.8,9855.3,9856.6,12:15:00,9861.280483135002,1,37
2017-07-18,9856.0,9859.35,9855.4,9858.0,12:20:00,9860.777579979287,1,38
2017-07-18,9853.8,9857.4,9853.1,9855.85,12:25:00,9860.113048552688,1,39
2017-07-18,9852.95,9857.3,9852.1,9853.55,12:30:00,9859.430853452432,1,40
2017-07-18,9851.2,9853.65,9849.75,9853.15,12:35:00,9858.64696264744,1,41
2017-07-18,9851.9,9851.9,9847.1,9851.1,12:40:00,9858.004394776252,1,42
2017-07-18,9853.15,9853.65,9849.35,9851.7,12:45:00,9857.54207146423,1,43
2017-07-18,9849.7,9853.5,9849.55,9853.5,12:50:00,9856.795207515255,1,44
2017-07-18,9847.6,9850.65,9847.05,9849.75,12:55:00,9855.919473466183,1,45
2017-07-18,9847.25,9851.0,9845.7,9847.85,13:00:00,9855.093809326549,1,46
2017-07-18,9846.9,9847.95,9844.8,9847.05,13:05:00,9854.313446533542,1,47
2017-07-18,9843.2,9847.15,9842.55,9846.15,13:10:00,9853.255023054158,1,48
2017-07-18,9843.6,9846.25,9842.8,9843.35,13:15:00,9852.335497049,1,49
2017-07-18,9847.25,9847.6,9841.4,9843.15,13:20:00,9851.851163996716,1,50
2017-07-18,9855.0,9855.4,9846.8,9846.8,13:25:00,9852.151053139884,1,51
2017-07-18,9852.75,9854.55,9849.65,9854.15,13:30:00,9852.208095697992,1,52
2017-07-18,9849.05,9853.05,9848.35,9852.8,13:35:00,9851.907324679136,1,53
2017-07-18,9844.5,9852.8,9844.5,9848.95,13:40:00,9851.201865185883,1,54
2017-07-18,9853.15,9853.8,9844.65,9844.75,13:45:00,9851.387401834849,1,55
2017-07-18,9862.5,9862.5,9852.35,9853.1,13:50:00,9852.445744517245,1,56
2017-07-18,9860.75,9864.7,9859.55,9862.45,13:55:00,9853.23662599179,1,57
2017-07-18,9869.0,9870.95,9860.5,9860.9,14:00:00,9854.737899706855,1,58
2017-07-18,9871.4,9871.85,9866.25,9869.2,14:05:00,9856.324766401442,1,59
2017-07-18,9867.5,9871.5,9866.65,9871.5,14:10:00,9857.38907436321,1,60
2017-07-18,9867.6,9870.6,9866.95,9867.55,14:15:00,9858.361543471474,1,61
2017-07-18,9864.5,9870.95,9864.5,9867.25,14:20:00,9858.946158378953,1,62
2017-07-18,9861.25,9864.55,9860.15,9864.55,14:25:00,9859.165571866672,1,63
2017-07-18,9850.75,9861.75,9850.35,9861.0,14:30:00,9858.36408883175,1,64
2017-07-18,9829.5,9850.8,9827.45,9850.2,14:35:00,9855.61512799063,1,65
2017-07-18,9836.8,9837.15,9827.05,9830.1,14:40:00,9853.823211039142,1,66
2017-07-18,9821.35,9839.55,9820.05,9836.85,14:45:00,9850.73052427351,1,67
2017-07-18,9824.3,9828.5,9815.7,9821.3,14:50:00,9848.213331485556,1,68
2017-07-18,9826.8,9827.35,9819.25,9824.1,14:55:00,9846.17396658217,1,69
2017-07-18,9830.05,9833.3,9824.5,9827.2,15:00:00,9844.6383507172,1,70
2017-07-18,9828.9,9832.9,9826.0,9830.0,15:05:00,9843.139460172704,1,71
2017-07-18,9829.95,9830.05,9822.85,9828.75,15:10:00,9841.883321108638,1,72
2017-07-18,9825.2,9830.3,9823.75,9830.3,15:15:00,9840.294433384006,1,73
2017-07-18,9824.7,9828.15,9822.8,9825.9,15:20:00,9838.809249252196,1,74
2017-07-18,9829.0,9829.45,9824.2,9824.95,15:25:00,9837.875035037703,1,75
2017-07-19,9856.8,9870.6,9852.15,9854.15,09:15:00,9839.67741265316,2,1
2017-07-19,9860.55,9863.25,9854.4,9856.3,09:20:00,9841.665278114764,2,2
2017-07-19,9857.2,9860.95,9851.65,9860.7,09:25:00,9843.144775437167,2,3
2017-07-19,9873.55,9875.6,9856.1,9856.7,09:30:00,9846.04051110982,2,4
2017-07-19,9867.7,9875.3,9865.5,9873.5,09:35:00,9848.10331957555,2,5
2017-07-19,9863.25,9869.05,9863.25,9867.45,09:40:00,9849.545860568354,2,6
2017-07-19,9858.15,9863.45,9856.75,9863.4,09:45:00,9850.365302418988,2,7
2017-07-19,9863.25,9865.3,9858.25,9858.35,09:50:00,9851.592416474325,2,8
2017-07-19,9866.35,9867.8,9862.0,9862.9,09:55:00,9852.997900619624,2,9
2017-07-19,9866.4,9867.15,9862.95,9865.95,10:00:00,9854.274291036803,2,10
2017-07-19,9865.3,9867.5,9863.05,9866.9,10:05:00,9855.324358557107,2,11
2017-07-19,9864.05,9866.7,9862.55,9865.4,10:10:00,9856.15537202786,2,12
2017-07-19,9867.25,9868.05,9863.5,9863.8,10:15:00,9857.2120032633,2,13
2017-07-19,9868.95,9870.75,9866.0,9867.35,10:20:00,9858.329907714417,2,14
2017-07-19,9872.8,9873.05,9868.8,9868.8,10:25:00,9859.708011741614,2,15
2017-07-19,9871.0,9874.2,9870.4,9872.7,10:30:00,9860.783439194794,2,16
2017-07-19,9874.35,9876.35,9870.15,9870.95,10:35:00,9862.075492604814,2,17
2017-07-19,9875.4,9876.45,9873.85,9873.95,10:40:00,9863.344493309118,2,18
2017-07-19,9875.85,9877.3,9874.3,9875.6,10:45:00,9864.535493946343,2,19
2017-07-19,9872.3,9876.3,9872.3,9875.9,10:50:00,9865.27497071336,2,20
2017-07-19,9871.8,9873.25,9870.05,9872.55,10:55:00,9865.896402073991,2,21
2017-07-19,9869.95,9871.95,9867.4,9871.9,11:00:00,9866.282459019323,2,22
2017-07-19,9871.35,9872.95,9869.35,9870.3,11:05:00,9866.765081969865,2,23
2017-07-19,9872.85,9874.15,9867.25,9871.85,11:10:00,9867.344597972737,2,24
2017-07-19,9876.25,9876.6,9871.45,9873.2,11:15:00,9868.19273149914,2,25
2017-07-19,9875.4,9876.55,9872.5,9876.45,11:20:00,9868.879138023032,2,26
2017-07-19,9877.15,9878.2,9874.5,9875.3,11:25:00,9869.666839163696,2,27
2017-07-19,9878.7,9882.75,9877.45,9877.45,11:30:00,9870.527140195723,2,28
2017-07-19,9879.55,9880.5,9876.05,9878.6,11:35:00,9871.386460177084,2,29
2017-07-19,9880.95,9881.75,9878.4,9879.65,11:40:00,9872.297273493552,2,30
2017-07-19,9877.55,9881.45,9876.85,9880.75,11:45:00,9872.797533160834,2,31
2017-07-19,9877.6,9879.55,9876.1,9877.4,11:50:00,9873.25491095504,2,32
2017-07-19,9877.0,9879.25,9876.75,9877.5,11:55:00,9873.61158610218,2,33
2017-07-19,9876.85,9880.15,9876.35,9877.15,12:00:00,9873.9200064734,2,34
2017-07-19,9875.5,9877.15,9874.0,9876.75,12:05:00,9874.070482047362,2,35
2017-07-19,9878.55,9880.95,9875.45,9875.45,12:10:00,9874.497102804757,2,36
2017-07-19,9880.3,9882.4,9878.25,9878.35,12:15:00,9875.049759680493,2,37
2017-07-19,9885.2,9885.9,9880.0,9880.6,12:20:00,9876.016449234732,2,38
2017-07-19,9883.95,9886.0,9880.1,9885.3,12:25:00,9876.772025498092,2,39
2017-07-19,9887.75,9888.0,9883.9,9884.0,12:30:00,9877.817546879223,2,40
2017-07-19,9888.5,9889.35,9885.15,9887.8,12:35:00,9878.834923366918,2,41
2017-07-19,9883.0,9889.0,9882.6,9889.0,12:40:00,9879.231597331973,2,42
2017-07-19,9881.1,9882.95,9879.4,9882.8,12:45:00,9879.409540443212,2,43
2017-07-19,9878.75,9882.6,9877.6,9880.85,12:50:00,9879.346727067668,2,44
2017-07-19,9876.35,9879.0,9874.85,9878.55,12:55:00,9879.061324489796,2,45
2017-07-19,9875.1,9876.2,9873.0,9876.2,13:00:00,9878.684055490769,2,46
2017-07-19,9877.45,9878.65,9874.7,9874.95,13:05:00,9878.566526396413,2,47
2017-07-19,9875.3,9879.55,9875.15,9877.35,13:10:00,9878.255428644372,2,48
2017-07-19,9874.75,9878.25,9874.65,9875.5,13:15:00,9877.92157829729,2,49
2017-07-19,9874.25,9876.4,9872.25,9874.8,13:20:00,9877.571904173736,2,50
2017-07-19,9875.2,9877.05,9872.8,9874.35,13:25:00,9877.346008538145,2,51
2017-07-19,9872.25,9876.7,9871.05,9875.15,13:30:00,9876.860674391652,2,52
2017-07-19,9875.6,9876.1,9871.05,9872.15,13:35:00,9876.740610163875,2,53
2017-07-19,9871.9,9875.85,9871.4,9875.5,13:40:00,9876.279599672078,2,54
2017-07-19,9866.3,9872.45,9863.2,9872.25,13:45:00,9875.32916160807,2,55
2017-07-19,9864.75,9869.5,9860.7,9866.45,13:50:00,9874.3216224073,2,56
2017-07-19,9863.75,9867.15,9862.35,9865.05,13:55:00,9873.314801225652,2,57
2017-07-19,9874.7,9875.8,9863.35,9863.35,14:00:00,9873.446724918447,2,58
2017-07-19,9875.15,9876.15,9869.95,9874.65,14:05:00,9873.608941592882,2,59
2017-07-19,9876.7,9876.95,9874.7,9874.95,14:10:00,9873.903328107845,2,60
2017-07-19,9875.4,9877.65,9874.95,9876.85,14:15:00,9874.045868288047,2,61
2017-07-19,9877.6,9877.85,9874.55,9875.45,14:20:00,9874.384357022522,2,62
2017-07-19,9877.7,9879.3,9876.4,9877.75,14:25:00,9874.700132544189,2,63
2017-07-19,9877.65,9879.9,9876.95,9877.4,14:30:00,9874.981072301884,2,64
2017-07-19,9885.2,9886.75,9877.6,9877.6,14:35:00,9875.95430351123,2,65
2017-07-19,9884.7,9890.75,9884.7,9885.15,14:40:00,9876.78722698635,2,66
2017-07-19,9887.75,9889.4,9884.6,9884.65,14:45:00,9877.831300606696,2,67
2017-07-19,9898.1,9899.1,9887.8,9887.8,14:50:00,9879.761652929868,2,68
2017-07-19,9893.8,9898.55,9890.3,9898.05,14:55:00,9881.09863836512,2,69
2017-07-19,9895.1,9898.05,9893.15,9894.65,15:00:00,9882.432101377964,2,70
2017-07-19,9902.95,9904.45,9895.35,9895.35,15:05:00,9884.386186961015,2,71
2017-07-19,9897.25,9903.75,9895.85,9902.7,15:10:00,9885.611312012348,2,72
2017-07-19,9901.1,9901.5,9896.65,9898.1,15:15:00,9887.08642515403,2,73
2017-07-19,9902.75,9903.35,9898.85,9901.2,15:20:00,9888.57819418698,2,74
2017-07-19,9901.9,9905.05,9898.75,9903.1,15:25:00,9889.846937597742,2,75
2017-07-20,9917.2,9922.55,9906.35,9917.75,09:15:00,9892.451991159862,3,1
2017-07-20,9915.9,9921.3,9915.25,9917.25,09:20:00,9894.685134858924,3,2
2017-07-20,9910.8,9918.05,9909.15,9916.6,09:25:00,9896.219883919975,3,3
2017-07-20,9906.25,9913.4,9904.7,9911.0,09:30:00,9897.175133070456,3,4
2017-07-20,9906.2,9907.6,9901.2,9905.9,09:35:00,9898.034644206604,3,5
2017-07-20,9902.9,9908.2,9900.75,9905.9,09:40:00,9898.498011425025,3,6
2017-07-20,9907.75,9908.15,9901.65,9903.05,09:45:00,9899.37915319407,3,7
2017-07-20,9906.5,9910.45,9904.45,9906.95,09:50:00,9900.05732908035,3,8
2017-07-20,9907.75,9910.2,9905.2,9906.4,09:55:00,9900.78996440603,3,9
2017-07-20,9903.5,9910.05,9903.15,9908.4,10:00:00,9901.048063034028,3,10
2017-07-20,9903.45,9905.05,9902.0,9903.25,10:05:00,9901.276818935548,3,11
2017-07-20,9894.75,9903.95,9893.85,9903.95,10:10:00,9900.655217132164,3,12
2017-07-20,9892.95,9896.95,9892.35,9894.85,10:15:00,9899.921386929102,3,13
2017-07-20,9893.6,9894.05,9888.55,9893.0,10:20:00,9899.319350078713,3,14
2017-07-20,9899.75,9901.8,9891.5,9893.1,10:25:00,9899.36036435693,3,15
2017-07-20,9901.15,9901.9,9897.6,9899.7,10:30:00,9899.530805846747,3,16
2017-07-20,9896.3,9902.6,9895.25,9901.2,10:35:00,9899.223110051818,3,17
2017-07-20,9897.1,9898.55,9894.35,9895.85,10:40:00,9899.020909094505,3,18
2017-07-20,9898.4,9900.35,9896.3,9897.05,10:45:00,9898.961774895028,3,19
2017-07-20,9902.45,9903.55,9898.2,9898.2,10:50:00,9899.293986809787,3,20
2017-07-20,9902.4,9903.65,9900.4,9902.85,10:55:00,9899.589797589808,3,21
2017-07-20,9906.15,9907.75,9901.7,9902.45,11:00:00,9900.21457877173,3,22
2017-07-20,9899.9,9908.35,9899.85,9906.25,11:05:00,9900.18461888871,3,23
2017-07-20,9908.55,9909.55,9900.0,9900.05,11:10:00,9900.98132185169,3,24
2017-07-20,9906.5,9910.4,9905.2,9908.35,11:15:00,9901.506910246768,3,25
2017-07-20,9905.35,9908.15,9904.7,9906.1,11:20:00,9901.872918794696,3,26
2017-07-20,9902.75,9905.5,9902.2,9905.25,11:25:00,9901.95645033806,3,27
2017-07-20,9901.5,9904.45,9900.95,9902.5,11:30:00,9901.912978877292,3,28
2017-07-20,9902.95,9904.45,9901.15,9901.6,11:35:00,9902.01174279374,3,29
2017-07-20,9900.35,9905.15,9898.6,9902.85,11:40:00,9901.853481575288,3,30
2017-07-20,9899.65,9901.6,9899.2,9900.5,11:45:00,9901.643626187166,3,31
2017-07-20,9897.25,9899.8,9896.45,9899.75,11:50:00,9901.225185597912,3,32
2017-07-20,9897.7,9899.5,9896.95,9897.4,11:55:00,9900.889453636206,3,33
2017-07-20,9897.45,9898.3,9895.55,9898.0,12:00:00,9900.561886623234,3,34
2017-07-20,9896.25,9898.6,9896.25,9897.25,12:05:00,9900.151230754354,3,35
2017-07-20,9893.45,9896.85,9893.0,9896.3,12:10:00,9899.51301830156,3,36
2017-07-20,9884.3,9894.0,9884.3,9893.3,12:15:00,9898.064159415697,3,37
2017-07-20,9875.65,9884.5,9871.1,9884.4,12:20:00,9895.929477566582,3,38
2017-07-20,9872.95,9876.25,9867.55,9876.0,12:25:00,9893.740955893574,3,39
2017-07-20,9872.35,9877.55,9870.45,9873.1,12:30:00,9891.703721998949,3,40
2017-07-20,9876.5,9879.05,9872.7,9872.9,12:35:00,9890.25574847524,3,41
2017-07-20,9873.2,9878.95,9871.8,9876.55,12:40:00,9888.631391477596,3,42
2017-07-20,9873.4,9876.85,9872.9,9873.25,12:45:00,9887.180782765445,3,43
2017-07-20,9869.65,9875.25,9868.9,9873.0,12:50:00,9885.511184406832,3,44
2017-07-20,9868.05,9869.85,9863.45,9869.05,12:55:00,9883.848214463324,3,45
2017-07-20,9873.6,9873.9,9866.3,9868.0,13:00:00,9882.872194038246,3,46
2017-07-20,9878.3,9878.3,9873.15,9873.9,13:05:00,9882.436746986985,3,47
2017-07-20,9879.8,9880.75,9876.05,9878.2,13:10:00,9882.185628226318,3,48
2017-07-20,9878.7,9881.8,9878.45,9879.45,13:15:00,9881.853663633336,3,49
2017-07-20,9881.7,9882.75,9876.4,9878.75,13:20:00,9881.83902900159,3,50
2017-07-20,9883.2,9883.35,9880.9,9881.75,13:25:00,9881.968645287154,3,51
2017-07-20,9887.6,9887.6,9882.85,9883.25,13:30:00,9882.504964783617,3,52
2017-07-20,9885.5,9889.8,9884.75,9887.5,13:35:00,9882.790206232796,3,53
2017-07-20,9880.5,9886.85,9878.35,9885.65,13:40:00,9882.572091353482,3,54
2017-07-20,9882.55,9886.85,9880.35,9880.8,13:45:00,9882.569987415056,3,55
2017-07-20,9877.15,9885.5,9875.2,9882.65,13:50:00,9882.053798137433,3,56
2017-07-20,9871.15,9877.4,9869.0,9877.4,13:55:00,9881.015341171962,3,57
2017-07-20,9871.1,9872.75,9864.3,9871.05,14:00:00,9880.071022965109,3,58
2017-07-20,9874.95,9875.0,9866.4,9870.95,14:05:00,9879.58330649224,3,59
2017-07-20,9875.6,9876.85,9871.9,9874.45,14:10:00,9879.20394396917,3,60
2017-07-20,9879.5,9880.6,9873.85,9875.7,14:15:00,9879.23213978163,3,61
2017-07-20,9874.35,9880.2,9873.4,9880.15,14:20:00,9878.76717408814,3,62
2017-07-20,9875.25,9876.3,9872.05,9874.5,14:25:00,9878.432205127368,3,63
2017-07-20,9874.15,9875.25,9868.15,9874.95,14:30:00,9878.024376067617,3,64
2017-07-20,9869.45,9875.55,9868.4,9873.85,14:35:00,9877.207768823082,3,65
2017-07-20,9876.75,9876.8,9868.1,9869.55,14:40:00,9877.164171792312,3,66
2017-07-20,9884.5,9884.55,9875.7,9876.7,14:45:00,9877.862822097806,3,67
2017-07-20,9886.75,9887.95,9883.45,9884.75,14:50:00,9878.709219993254,3,68
2017-07-20,9881.35,9887.15,9880.35,9886.65,14:55:00,9878.96072285104,3,69
2017-07-20,9880.55,9885.4,9879.9,9881.15,15:00:00,9879.112082579511,3,70
2017-07-20,9877.0,9881.4,9875.85,9880.6,15:05:00,9878.910931857652,3,71
2017-07-20,9872.05,9877.7,9871.2,9876.95,15:10:00,9878.257509775967,3,72
2017-07-20,9875.9,9876.25,9868.1,9871.45,15:15:00,9878.0329850354,3,73
2017-07-20,9871.45,9876.05,9870.05,9876.05,15:20:00,9877.406034079646,3,74
2017-07-20,9870.9,9873.1,9869.95,9871.8,15:25:00,9876.786411786346,3,75
2017-07-21,9881.25,9899.95,9880.75,9895.55,09:15:00,9877.211515425744,4,1
2017-07-21,9883.55,9887.6,9878.8,9880.35,09:20:00,9877.81518062329,4,2
2017-07-21,9890.65,9892.65,9883.1,9883.1,09:25:00,9879.037544373454,4,3
2017-07-21,9892.0,9894.7,9888.9,9891.35,09:30:00,9880.272063956934,4,4
2017-07-21,9896.3,9896.3,9890.8,9892.15,09:35:00,9881.798534056274,4,5
2017-07-21,9905.0,9905.1,9895.15,9895.6,09:40:00,9884.008197479488,4,6
2017-07-21,9911.25,9912.15,9905.1,9906.55,09:45:00,9886.602654862392,4,7
2017-07-21,9909.6,9911.6,9906.65,9911.5,09:50:00,9888.792878208831,4,8
2017-07-21,9907.65,9910.3,9906.8,9909.4,09:55:00,9890.588794569896,4,9
2017-07-21,9914.0,9914.9,9907.75,9908.35,10:00:00,9892.818433182289,4,10
2017-07-21,9915.35,9915.6,9912.4,9914.15,10:05:00,9894.96429668874,4,11
2017-07-21,9918.4,9918.4,9914.4,9914.95,10:10:00,9897.196268432668,4,12
2017-07-21,9911.3,9919.85,9909.65,9918.25,10:15:00,9898.539480962889,4,13
2017-07-21,9911.3,9912.5,9909.3,9911.1,10:20:00,9899.754768490233,4,14
2017-07-21,9909.1,9912.8,9905.7,9911.55,10:25:00,9900.64479053878,4,15
2017-07-21,9908.15,9909.2,9905.05,9908.8,10:30:00,9901.35957239223,4,16
2017-07-21,9911.7,9914.0,9907.3,9907.9,10:35:00,9902.34437502154,4,17
2017-07-21,9911.35,9913.95,9908.95,9911.75,10:40:00,9903.202053590918,4,18
2017-07-21,9914.05,9914.4,9907.55,9911.45,10:45:00,9904.235191344163,4,19
2017-07-21,9912.25,9914.4,9909.85,9914.15,10:50:00,9904.998506454243,4,20
2017-07-21,9913.0,9915.65,9910.9,9911.95,10:55:00,9905.760553458602,4,21
2017-07-21,9911.75,9913.7,9911.25,9912.75,11:00:00,9906.330976938736,4,22
2017-07-21,9912.4,9914.4,9909.75,9911.85,11:05:00,9906.908979135049,4,23
2017-07-21,9913.55,9914.3,9911.05,9911.65,11:10:00,9907.541457312662,4,24
2017-07-21,9910.55,9913.6,9907.5,9913.25,11:15:00,9907.827985187649,4,25
2017-07-21,9911.0,9911.1,9908.6,9910.25,11:20:00,9908.130081836442,4,26
2017-07-21,9907.95,9910.85,9906.5,9910.7,11:25:00,9908.112931185353,4,27
2017-07-21,9909.05,9909.65,9906.4,9907.55,11:30:00,9908.202175834367,4,28
2017-07-21,9910.25,9911.8,9908.85,9908.9,11:35:00,9908.397206707285,4,29
2017-07-21,9909.45,9911.25,9909.15,9910.1,11:40:00,9908.497472735162,4,30
2017-07-21,9902.85,9909.6,9900.55,9909.4,11:45:00,9907.959618188956,4,31
2017-07-21,9897.2,9902.9,9891.7,9902.75,11:50:00,9906.93489264715,4,32
2017-07-21,9890.5,9898.3,9887.6,9897.5,11:55:00,9905.369664775992,4,33
2017-07-21,9894.8,9896.6,9888.65,9890.6,12:00:00,9904.363030035423,4,34
2017-07-21,9888.0,9895.1,9885.95,9894.2,12:05:00,9902.804646222528,4,35
2017-07-21,9888.15,9891.35,9883.7,9887.25,12:10:00,9901.408965629906,4,36
2017-07-21,9887.7,9889.35,9885.4,9888.55,12:15:00,9900.103349855628,4,37
2017-07-21,9890.1,9893.75,9886.75,9887.55,12:20:00,9899.150649869378,4,38
2017-07-21,9885.15,9890.7,9885.15,9889.55,12:25:00,9897.817254643724,4,39
2017-07-21,9888.65,9898.4,9882.65,9885.05,12:30:00,9896.944182772892,4,40
2017-07-21,9886.95,9891.85,9882.7,9890.65,12:35:00,9895.99235584214,4,41
2017-07-21,9889.05,9896.4,9887.5,9890.3,12:40:00,9895.33117909527,4,42
2017-07-21,9886.95,9892.55,9886.95,9889.65,12:45:00,9894.532971562388,4,43
2017-07-21,9873.35,9888.15,9872.2,9886.55,12:50:00,9892.515545699303,4,44
2017-07-21,9864.65,9874.9,9864.65,9873.1,12:55:00,9889.861684204134,4,45
2017-07-21,9846.9,9869.55,9843.75,9864.4,13:00:00,9885.77009523231,4,46
2017-07-21,9847.95,9854.8,9838.0,9848.2,13:05:00,9882.16818140066,4,47
2017-07-21,9852.3,9857.65,9847.6,9848.25,13:10:00,9879.323592695837,4,48
2017-07-21,9854.0,9856.55,9846.7,9852.4,13:15:00,9876.911821962898,4,49
2017-07-21,9855.75,9857.5,9851.4,9853.65,13:20:00,9874.896410347385,4,50
2017-07-21,9857.75,9859.65,9854.7,9855.7,13:25:00,9873.26341888573,4,51
2017-07-21,9856.7,9858.1,9854.55,9857.7,13:30:00,9871.685950420422,4,52
2017-07-21,9863.55,9870.0,9856.3,9856.85,13:35:00,9870.91109799943,4,53
2017-07-21,9868.85,9874.05,9862.5,9863.25,13:40:00,9870.714802951865,4,54
2017-07-21,9857.75,9869.85,9857.5,9868.7,13:45:00,9869.480059813592,4,55
2017-07-21,9859.2,9861.35,9855.65,9857.1,13:50:00,9868.501006498014,4,56
2017-07-21,9873.3,9874.2,9858.1,9861.1,13:55:00,9868.958053498203,4,57
2017-07-21,9873.1,9878.6,9872.75,9874.4,14:00:00,9869.352524593613,4,58
2017-07-21,9867.5,9874.4,9867.45,9873.35,14:05:00,9869.176093679936,4,59
2017-07-21,9865.95,9869.35,9862.0,9869.35,14:10:00,9868.8688466628,4,60
2017-07-21,9880.1,9882.25,9866.85,9867.6,14:15:00,9869.938480313962,4,61
2017-07-21,9881.15,9883.1,9877.7,9882.65,14:20:00,9871.006244093584,4,62
2017-07-21,9883.7,9885.45,9878.4,9882.7,14:25:00,9872.215173227529,4,63
2017-07-21,9894.5,9898.05,9884.0,9884.75,14:30:00,9874.33753768205,4,64
2017-07-21,9904.0,9908.65,9891.85,9895.0,14:35:00,9877.162534093282,4,65
2017-07-21,9904.95,9906.4,9899.65,9903.95,14:40:00,9879.808959417733,4,66
2017-07-21,9901.95,9907.25,9901.5,9906.8,14:45:00,9881.917629949376,4,67
2017-07-21,9897.85,9907.2,9897.5,9904.3,14:50:00,9883.434998525629,4,68
2017-07-21,9900.95,9905.3,9895.95,9899.8,14:55:00,9885.10309390414,4,69
2017-07-21,9906.6,9911.55,9901.0,9901.0,15:00:00,9887.15041829422,4,70
2017-07-21,9913.25,9913.9,9905.4,9907.4,15:05:00,9889.63609274239,4,71
2017-07-21,9916.9,9919.25,9909.9,9913.3,15:10:00,9892.232655338354,4,72
2017-07-21,9920.0,9920.6,9913.55,9917.45,15:15:00,9894.87716435375,4,73
2017-07-21,9920.95,9923.35,9919.25,9919.9,15:20:00,9897.360291558154,4,74
2017-07-21,9913.15,9924.7,9912.55,9920.8,15:25:00,9898.86407331452,4,75
2017-07-24,9924.6,9939.3,9919.6,9935.65,09:15:00,9901.315113951234,0,1
2017-07-24,9931.4,9932.3,9924.25,9924.75,09:20:00,9904.180341193976,0,2
2017-07-24,9931.85,9935.35,9927.8,9931.55,09:25:00,9906.815546794547,0,3
2017-07-24,9939.05,9942.8,9930.8,9932.25,09:30:00,9909.88549471888,0,4
2017-07-24,9934.9,9939.55,9932.15,9939.55,09:35:00,9912.267828555176,0,5
2017-07-24,9932.5,9937.2,9931.6,9934.85,09:40:00,9914.194702026112,0,6
2017-07-24,9945.9,9946.6,9931.7,9932.8,09:45:00,9917.214254214105,0,7
2017-07-24,9950.55,9953.1,9944.4,9946.2,09:50:00,9920.389087146092,0,8
2017-07-24,9947.95,9950.8,9943.8,9950.8,09:55:00,9923.01393598932,0,9
2017-07-24,9950.95,9951.95,9948.0,9948.0,10:00:00,9925.674513514148,0,10
2017-07-24,9950.65,9953.4,9950.4,9951.0,10:05:00,9928.053131274704,0,11
2017-07-24,9949.1,9950.25,9946.95,9950.25,10:10:00,9930.057594962827,0,12
2017-07-24,9957.45,9958.15,9948.9,9949.0,10:15:00,9932.666395442558,0,13
2017-07-24,9959.45,9960.95,9956.3,9957.8,10:20:00,9935.21721492422,0,14
2017-07-24,9962.55,9963.2,9958.35,9959.8,10:25:00,9937.820337312389,0,15
2017-07-24,9962.9,9966.6,9960.5,9962.2,10:30:00,9940.20887661597,0,16
2017-07-24,9963.25,9964.9,9961.65,9962.8,10:35:00,9942.403269319211,0,17
2017-07-24,9961.3,9963.4,9958.9,9963.4,10:40:00,9944.202957955476,0,18
2017-07-24,9966.05,9966.05,9959.85,9961.6,10:45:00,9946.283628626385,0,19
2017-07-24,9965.9,9968.95,9963.15,9965.85,10:50:00,9948.151854471487,0,20
2017-07-24,9967.05,9967.75,9964.25,9966.1,10:55:00,9949.951677855155,0,21
2017-07-24,9962.6,9968.65,9962.2,9967.1,11:00:00,9951.15627996419,0,22
2017-07-24,9965.8,9966.05,9962.35,9962.95,11:05:00,9952.550919967602,0,23
2017-07-24,9964.8,9966.95,9963.6,9965.85,11:10:00,9953.717499018308,0,24
2017-07-24,9962.5,9965.35,9961.6,9964.7,11:15:00,9954.55392768323,0,25
2017-07-24,9960.8,9964.35,9960.8,9962.65,11:20:00,9955.148791713398,0,26
2017-07-24,9956.75,9961.8,9956.75,9960.75,11:25:00,9955.301287740693,0,27
2017-07-24,9957.55,9958.9,9956.25,9956.85,11:30:00,9955.515450813007,0,28
2017-07-24,9963.45,9964.3,9956.55,9957.95,11:35:00,9956.271122164151,0,29
2017-07-24,9962.85,9964.9,9962.15,9963.9,11:40:00,9956.897681958042,0,30
2017-07-24,9962.05,9965.4,9961.4,9962.95,11:45:00,9957.388378914418,0,31
2017-07-24,9964.0,9965.75,9961.75,9962.6,11:50:00,9958.018057113046,0,32
2017-07-24,9963.8,9964.7,9962.05,9964.3,11:55:00,9958.568718340372,0,33
2017-07-24,9964.55,9965.35,9961.75,9964.0,12:00:00,9959.138364212718,0,34
2017-07-24,9964.3,9966.0,9962.35,9964.5,12:05:00,9959.629948573413,0,35
2017-07-24,9958.65,9965.65,9958.65,9963.6,12:10:00,9959.53662013785,0,36
2017-07-24,9958.65,9961.5,9955.65,9958.9,12:15:00,9959.45218012472,0,37
2017-07-24,9962.7,9965.65,9959.35,9959.35,12:20:00,9959.76149630332,0,38
2017-07-24,9964.9,9967.25,9961.4,9963.4,12:25:00,9960.250877607765,0,39
2017-07-24,9967.5,9968.15,9963.15,9964.55,12:30:00,9960.941270216548,0,40
2017-07-24,9965.5,9967.7,9962.4,9967.4,12:35:00,9961.37543495783,0,41
2017-07-24,9966.7,9967.55,9961.45,9965.55,12:40:00,9961.882536390418,0,42
2017-07-24,9967.55,9969.25,9965.65,9966.45,12:45:00,9962.422294829425,0,43
2017-07-24,9968.5,9970.0,9966.9,9966.9,12:50:00,9963.00112389329,0,44
2017-07-24,9966.25,9969.7,9966.25,9968.65,12:55:00,9963.310540665356,0,45
2017-07-24,9962.0,9966.75,9961.75,9966.6,13:00:00,9963.185727268656,0,46
2017-07-24,9963.4,9966.05,9961.9,9962.2,13:05:00,9963.20613419545,0,47
2017-07-24,9961.0,9964.9,9960.6,9963.45,13:10:00,9962.996026176836,0,48
2017-07-24,9959.55,9961.9,9957.55,9961.4,13:15:00,9962.667833207614,0,49
2017-07-24,9961.5,9963.35,9958.95,9959.7,13:20:00,9962.556610997366,0,50
2017-07-24,9960.55,9963.4,9960.55,9961.7,13:25:00,9962.365505188092,0,51
2017-07-24,9962.95,9964.3,9959.8,9960.45,13:30:00,9962.421171360656,0,52
2017-07-24,9962.8,9964.7,9961.75,9962.9,13:35:00,9962.457250278689,0,53
2017-07-24,9963.6,9964.15,9961.1,9962.75,13:40:00,9962.56608358548,0,54
2017-07-24,9963.55,9965.6,9962.75,9963.5,13:45:00,9962.659789910673,0,55
2017-07-24,9965.3,9965.8,9962.95,9963.4,13:50:00,9962.911238490608,0,56
2017-07-24,9970.65,9971.25,9964.4,9964.45,13:55:00,9963.648263396264,0,57
2017-07-24,9970.45,9973.3,9970.15,9970.35,14:00:00,9964.296047834716,0,58
2017-07-24,9970.25,9972.5,9967.55,9970.75,14:05:00,9964.863090898076,0,59
2017-07-24,9974.2,9977.35,9970.5,9971.8,14:10:00,9965.752320336354,0,60
2017-07-24,9974.85,9976.3,9969.35,9976.2,14:15:00,9966.618766018606,0,61
2017-07-24,9975.8,9977.65,9971.9,9975.75,14:20:00,9967.49316925493,0,62
2017-07-24,9978.3,9981.7,9976.35,9976.8,14:25:00,9968.52239123065,0,63
2017-07-24,9974.65,9980.45,9974.5,9979.75,14:30:00,9969.105973018208,0,64
2017-07-24,9978.85,9982.05,9975.95,9976.7,14:35:00,9970.033975587903,0,65
2017-07-24,9969.85,9980.9,9969.85,9980.7,14:40:00,9970.01645410334,0,66
2017-07-24,9959.15,9970.9,9957.7,9970.25,14:45:00,9968.981553712549,0,67
2017-07-24,9956.8,9960.8,9953.75,9960.5,14:50:00,9967.821405739924,0,68
2017-07-24,9960.95,9961.25,9950.7,9959.15,14:55:00,9967.166986145645,0,69
2017-07-24,9965.55,9965.65,9958.65,9962.0,15:00:00,9967.012987465108,0,70
2017-07-24,9964.15,9967.35,9963.8,9966.4,15:05:00,9966.740321992242,0,71
2017-07-24,9966.1,9966.65,9962.15,9965.7,15:10:00,9966.67933894536,0,72
2017-07-24,9969.4,9969.4,9963.15,9966.8,15:15:00,9966.938449521997,0,73
2017-07-24,9970.35,9971.2,9968.3,9969.05,15:20:00,9967.263359091328,0,74
2017-07-24,9965.3,9972.65,9964.45,9970.95,15:25:00,9967.076372511205,0,75
2017-07-25,9985.9,10011.3,9985.15,10005.65,09:15:00,9968.869098938709,1,1
2017-07-25,9983.75,9989.75,9982.55,9986.65,09:20:00,9970.286327611211,1,2
2017-07-25,9977.45,9987.7,9975.3,9983.95,09:25:00,9970.96858212443,1,3
2017-07-25,9988.25,9988.55,9977.45,9977.95,09:30:00,9972.614431445912,1,4
2017-07-25,9985.15,9990.15,9984.4,9988.75,09:35:00,9973.808295117731,1,5
2017-07-25,9985.7,9987.75,9984.1,9985.25,09:40:00,9974.940838439852,1,6
2017-07-25,9966.75,9985.45,9966.15,9985.45,09:45:00,9974.160758588438,1,7
2017-07-25,9957.6,9966.55,9954.7,9965.95,09:50:00,9972.583543484778,1,8
2017-07-25,9967.85,9970.9,9957.4,9958.0,09:55:00,9972.13272981956,1,9
2017-07-25,9970.8,9971.8,9966.7,9968.35,10:00:00,9972.00580317008,1,10
2017-07-25,9966.5,9971.3,9965.95,9970.35,10:05:00,9971.481440963404,1,11
2017-07-25,9971.95,9971.95,9965.85,9966.35,10:10:00,9971.526065633558,1,12
2017-07-25,9973.2,9973.3,9971.0,9971.85,10:15:00,9971.685487954172,1,13
2017-07-25,9975.45,9976.35,9972.8,9973.35,10:20:00,9972.044012910916,1,14
2017-07-25,9970.95,9975.6,9969.95,9975.6,10:25:00,9971.939821205116,1,15
2017-07-25,9966.95,9971.3,9966.95,9971.15,10:30:00,9971.464600137962,1,16
2017-07-25,9969.15,9970.05,9962.95,9966.9,10:35:00,9971.244162029589,1,17
2017-07-25,9969.2,9972.25,9966.7,9968.85,10:40:00,9971.049479931531,1,18
2017-07-25,9973.7,9976.25,9968.75,9969.05,10:45:00,9971.301910414242,1,19
2017-07-25,9973.2,9974.0,9970.95,9974.0,10:50:00,9971.482680850982,1,20
2017-07-25,9974.1,9975.5,9972.8,9973.1,10:55:00,9971.731949341363,1,21
2017-07-25,9975.75,9976.05,9973.35,9974.05,11:00:00,9972.114620832665,1,22
2017-07-25,9972.65,9976.8,9972.55,9975.55,11:05:00,9972.165609324791,1,23
2017-07-25,9969.1,9973.45,9969.1,9972.35,11:10:00,9971.873646531953,1,24
2017-07-25,9969.0,9970.65,9968.1,9969.2,11:15:00,9971.599965909862,1,25
2017-07-25,9961.55,9968.8,9961.3,9968.65,11:20:00,9970.6428262994,1,26
2017-07-25,9962.05,9963.55,9959.65,9961.5,11:25:00,9969.824461889932,1,27
2017-07-25,9958.8,9962.05,9957.2,9961.2,11:30:00,9968.774513138513,1,28
2017-07-25,9956.45,9958.75,9954.45,9958.65,11:35:00,9967.600749982465,1,29
2017-07-25,9952.3,9957.2,9952.1,9955.2,11:40:00,9966.14353569842,1,30
2017-07-25,9952.9,9954.35,9950.45,9951.95,11:45:00,9964.882246584284,1,31
2017-07-25,9953.85,9954.65,9952.15,9953.1,11:50:00,9963.8315564334,1,32
2017-07-25,9955.7,9958.95,9953.55,9953.55,11:55:00,9963.057122487362,1,33
2017-07-25,9954.15,9956.6,9953.35,9955.45,12:00:00,9962.208825107611,1,34
2017-07-25,9953.85,9956.2,9952.2,9953.85,12:05:00,9961.412746525935,1,35
2017-07-25,9955.25,9956.6,9953.7,9953.8,12:10:00,9960.82581828537,1,36
2017-07-25,9955.3,9957.7,9952.5,9955.4,12:15:00,9960.29954987724,1,37
2017-07-25,9957.9,9959.65,9954.2,9954.8,12:20:00,9960.071021317504,1,38
2017-07-25,9958.9,9960.3,9956.2,9957.5,12:25:00,9959.95949547774,1,39
2017-07-25,9960.5,9962.85,9958.65,9959.0,12:30:00,9960.010972098908,1,40
2017-07-25,9957.95,9961.1,9956.95,9960.4,12:35:00,9959.814689041868,1,41
2017-07-25,9957.3,9958.45,9956.7,9957.75,12:40:00,9959.575194847404,1,42
2017-07-25,9953.65,9958.15,9953.0,9957.5,12:45:00,9959.010890576224,1,43
2017-07-25,9953.5,9955.65,9952.5,9953.55,12:50:00,9958.48604385468,1,44
2017-07-25,9951.45,9954.55,9949.1,9953.6,12:55:00,9957.815944439948,1,45
2017-07-25,9953.6,9955.2,9949.7,9950.9,13:00:00,9957.41442592186,1,46
2017-07-25,9955.05,9956.2,9952.6,9953.4,13:05:00,9957.18924250073,1,47
2017-07-25,9953.75,9956.3,9952.95,9955.3,13:10:00,9956.8616955959,1,48
2017-07-25,9953.1,9954.25,9951.65,9953.95,13:15:00,9956.50343887248,1,49
2017-07-25,9953.8,9957.3,9951.75,9952.9,13:20:00,9956.245968503672,1,50
2017-07-25,9953.7,9955.9,9952.0,9953.45,13:25:00,9956.003495312849,1,51
2017-07-25,9954.9,9959.6,9952.7,9953.45,13:30:00,9955.898400521148,1,52
2017-07-25,9955.05,9959.3,9954.0,9954.85,13:35:00,9955.817600471515,1,53
2017-07-25,9953.8,9956.95,9953.45,9955.3,13:40:00,9955.625448045656,1,54
2017-07-25,9964.35,9964.6,9953.8,9954.1,13:45:00,9956.456357755596,1,55
2017-07-25,9966.95,9970.8,9963.45,9964.1,13:50:00,9957.455752255062,1,56
2017-07-25,9966.25,9967.35,9964.55,9966.8,13:55:00,9958.29329965934,1,57
2017-07-25,9967.55,9968.0,9962.85,9966.15,14:00:00,9959.174890167977,1,58
2017-07-25,9969.85,9972.05,9967.2,9967.3,14:05:00,9960.191567294834,1,59
2017-07-25,9974.85,9976.35,9969.65,9969.8,14:10:00,9961.587608504851,1,60
2017-07-25,9976.05,9981.0,9973.45,9977.55,14:15:00,9962.964979123435,1,61
2017-07-25,9973.3,9978.55,9973.3,9977.4,14:20:00,9963.949266825968,1,62
2017-07-25,9974.65,9975.7,9971.8,9974.65,14:25:00,9964.968384271117,1,63
2017-07-25,9974.4,9977.45,9973.85,9976.75,14:30:00,9965.866633388152,1,64
2017-07-25,9968.9,9976.6,9966.65,9975.75,14:35:00,9966.155525446422,1,65
2017-07-25,9969.9,9975.15,9967.1,9970.55,14:40:00,9966.512142070573,1,66
2017-07-25,9972.15,9974.05,9969.55,9971.1,14:45:00,9967.049080920997,1,67
2017-07-25,9978.7,9979.6,9972.4,9972.4,14:50:00,9968.158692261854,1,68
2017-07-25,9975.85,9979.9,9975.0,9979.9,14:55:00,9968.891197760726,1,69
2017-07-25,9975.65,9979.9,9974.8,9977.4,15:00:00,9969.534893212083,1,70
2017-07-25,9966.4,9976.85,9965.5,9976.55,15:05:00,9969.23633195379,1,71
2017-07-25,9961.75,9967.9,9960.45,9967.9,15:10:00,9968.523347958191,1,72
2017-07-25,9960.7,9963.25,9958.3,9963.25,15:15:00,9967.778267200269,1,73
2017-07-25,9961.0,9962.8,9959.0,9960.55,15:20:00,9967.1327179431,1,74
2017-07-25,9965.1,9965.1,9959.6,9960.6,15:25:00,9966.93912575804,1,75
2017-07-26,9972.9,9986.9,9965.95,9980.75,09:15:00,9967.506828066798,2,1
2017-07-26,9983.4,9985.65,9971.5,9973.05,09:20:00,9969.020463489009,2,2
2017-07-26,9987.5,9988.2,9982.75,9983.8,09:25:00,9970.780419347197,2,3
2017-07-26,9982.7,9989.55,9982.0,9987.8,09:30:00,9971.915617504606,2,4
2017-07-26,9982.7,9983.35,9978.65,9982.3,09:35:00,9972.942701551789,2,5
2017-07-26,9983.45,9983.65,9979.35,9982.2,09:40:00,9973.943396642091,2,6
2017-07-26,9984.75,9985.2,9981.85,9983.4,09:45:00,9974.972596961892,2,7
2017-07-26,9986.85,9987.75,9982.95,9984.5,09:50:00,9976.103778203616,2,8
2017-07-26,9987.5,9987.7,9985.1,9986.55,09:55:00,9977.189132660416,2,9
2017-07-26,9988.35,9988.85,9985.4,9987.6,10:00:00,9978.252072407044,2,10
2017-07-26,9983.35,9990.05,9983.0,9988.6,10:05:00,9978.737589320655,2,11
2017-07-26,9982.4,9984.35,9981.35,9983.4,10:10:00,9979.086390337738,2,12
2017-07-26,9984.65,9984.65,9980.7,9982.2,10:15:00,9979.61625792462,2,13
2017-07-26,9983.95,9986.1,9982.35,9984.85,10:20:00,9980.028995265133,2,14
2017-07-26,9986.2,9986.3,9982.2,9983.55,10:25:00,9980.616710001788,2,15
2017-07-26,9987.15,9988.2,9985.25,9986.25,10:30:00,9981.238928096856,2,16
2017-07-26,9990.65,9990.9,9986.15,9987.35,10:35:00,9982.13522065906,2,17
2017-07-26,9992.5,9993.45,9990.25,9991.1,10:40:00,9983.122342501054,2,18
2017-07-26,9993.95,9994.75,9990.7,9992.85,10:45:00,9984.153547977145,2,19
2017-07-26,9994.25,9997.0,9993.05,9993.9,10:50:00,9985.115114836462,2,20
2017-07-26,9994.0,9995.3,9993.05,9994.3,10:55:00,9985.961294375846,2,21
2017-07-26,9991.25,9993.95,9989.6,9993.65,11:00:00,9986.464980625764,2,22
2017-07-26,9990.25,9991.7,9989.05,9990.9,11:05:00,9986.825458661406,2,23
2017-07-26,9990.15,9991.05,9988.95,9990.3,11:10:00,9987.142081646034,2,24
2017-07-26,9989.15,9990.7,9987.95,9990.05,11:15:00,9987.33331196546,2,25
2017-07-26,9989.45,9990.3,9987.9,9989.25,11:20:00,9987.534901302082,2,26
2017-07-26,9990.45,9990.95,9987.8,9989.1,11:25:00,9987.812529749504,2,27
2017-07-26,9992.0,9992.25,9989.45,9990.25,11:30:00,9988.211336440028,2,28
2017-07-26,9992.45,9994.25,9991.15,9992.25,11:35:00,9988.615018683837,2,29
2017-07-26,9994.2,9995.0,9991.65,9992.15,11:40:00,9989.146921666328,2,30
2017-07-26,9996.6,9997.55,9993.85,9994.1,11:45:00,9989.856738650487,2,31
2017-07-26,9996.8,9998.3,9993.85,9996.55,11:50:00,9990.518001636156,2,32
2017-07-26,9998.8,10000.4,9995.85,9996.9,11:55:00,9991.306763385091,2,33
2017-07-26,10000.35,10001.6,9998.2,9998.5,12:00:00,9992.168024015084,2,34
2017-07-26,9997.85,10002.1,9997.65,10000.15,12:05:00,9992.709164585074,2,35
2017-07-26,10001.05,10001.85,9996.05,9998.0,12:10:00,9993.503529862686,2,36
2017-07-26,10005.7,10007.1,10000.8,10001.15,12:15:00,9994.665098447193,2,37
2017-07-26,10003.55,10006.5,10002.6,10005.55,12:20:00,9995.51127954746,2,38
2017-07-26,10008.65,10009.35,10003.25,10003.25,12:25:00,9996.762586257226,2,39
2017-07-26,10006.9,10009.05,10005.8,10008.55,12:30:00,9997.728054232728,2,40
2017-07-26,10007.95,10010.8,10005.6,10006.7,12:35:00,9998.70157287723,2,41
2017-07-26,10003.1,10008.55,10001.95,10007.75,12:40:00,9999.120470698444,2,42
2017-07-26,9999.3,10005.0,9998.3,10003.15,12:45:00,9999.137568727165,2,43
2017-07-26,10002.55,10003.1,9998.15,9999.7,12:50:00,9999.46256218172,2,44
2017-07-26,10004.2,10004.8,10001.25,10002.7,12:55:00,9999.91374673584,2,45
2017-07-26,10001.4,10004.9,9999.85,10004.35,13:00:00,10000.05529466576,2,46
2017-07-26,9995.6,10001.45,9995.6,10001.45,13:05:00,9999.63098088807,2,47
2017-07-26,9995.75,9996.85,9991.05,9995.75,13:10:00,9999.261363660637,2,48
2017-07-26,9994.95,9996.75,9993.25,9995.55,13:15:00,9998.850757597718,2,49
2017-07-26,9995.9,9998.2,9991.85,9994.3,13:20:00,9998.569733064602,2,50
2017-07-26,9994.25,9997.35,9993.65,9996.35,13:25:00,9998.158329915592,2,51
2017-07-26,9987.75,9996.4,9987.2,9993.9,13:30:00,9997.16706039982,2,52
2017-07-26,9994.9,9996.15,9987.05,9987.05,13:35:00,9996.951149885552,2,53
2017-07-26,10002.65,10006.5,9994.65,9994.65,13:40:00,9997.4938975155,2,54
2017-07-26,9999.3,10002.7,9999.15,10001.4,13:45:00,9997.665907275928,2,55
2017-07-26,10001.7,10002.15,9998.75,9999.45,13:50:00,9998.050106582985,2,56
2017-07-26,10001.1,10002.9,10000.7,10001.8,13:55:00,9998.3405726227,2,57
2017-07-26,10001.5,10004.5,10000.8,10000.8,14:00:00,9998.641470468156,2,58
2017-07-26,9995.45,10004.15,9995.45,10001.6,14:05:00,9998.33752089976,2,59
2017-07-26,9998.75,9999.1,9993.05,9995.35,14:10:00,9998.376804623593,2,60
2017-07-26,9999.8,10001.35,9996.8,9998.3,14:15:00,9998.512347040394,2,61
2017-07-26,10004.1,10005.95,9997.5,9999.55,14:20:00,9999.04450446512,2,62
2017-07-26,10000.85,10006.05,9999.8,10003.95,14:25:00,9999.21645642082,2,63
2017-07-26,9999.75,10004.85,9996.25,10001.1,14:30:00,9999.26727009503,2,64
2017-07-26,10000.9,10001.95,9996.85,10000.05,14:35:00,9999.422768181215,2,65
2017-07-26,10005.05,10005.4,10001.55,10001.95,14:40:00,9999.9586950211,2,66
2017-07-26,10012.3,10015.45,10004.75,10005.8,14:45:00,10001.134057400044,2,67
2017-07-26,10011.95,10014.45,10009.15,10013.65,14:50:00,10002.164147171468,2,68
2017-07-26,10014.95,10016.35,10011.7,10012.85,14:55:00,10003.38184744085,2,69
2017-07-26,10018.15,10018.25,10012.5,10014.55,15:00:00,10004.78833816077,2,70
2017-07-26,10023.8,10025.45,10017.55,10017.55,15:05:00,10006.598972621648,2,71
2017-07-26,10021.9,10025.95,10019.2,10023.75,15:10:00,10008.05621332435,2,72
2017-07-26,10022.9,10024.1,10019.15,10021.5,15:15:00,10009.469907293458,2,73
2017-07-26,10024.45,10025.35,10021.85,10022.45,15:20:00,10010.89658278932,2,74
2017-07-26,10020.5,10025.6,10019.95,10024.2,15:25:00,10011.811193952244,2,75
2017-07-27,10066.9,10069.9,10054.95,10059.1,09:15:00,10017.057746909171,3,1
2017-07-27,10078.55,10079.55,10065.9,10066.55,09:20:00,10022.914151965442,3,2
2017-07-27,10076.55,10084.65,10074.25,10079.05,09:25:00,10028.022327968732,3,3
2017-07-27,10078.05,10080.3,10070.35,10076.7,09:30:00,10032.786868162186,3,4
2017-07-27,10084.65,10086.5,10076.5,10078.0,09:35:00,10037.7262140515,3,5
2017-07-27,10085.1,10087.8,10081.95,10085.9,09:40:00,10042.238003189454,3,6
2017-07-27,10086.5,10089.2,10082.7,10084.25,09:45:00,10046.453431457125,3,7
2017-07-27,10093.5,10094.75,10085.7,10085.95,09:50:00,10050.934057032637,3,8
2017-07-27,10096.1,10098.1,10093.0,10093.75,09:55:00,10055.23557541048,3,9
2017-07-27,10090.05,10098.35,10090.05,10095.75,10:00:00,10058.551234895198,3,10
2017-07-27,10084.3,10093.2,10083.8,10090.55,10:05:00,10061.003498238511,3,11
2017-07-27,10087.45,10088.7,10081.45,10084.95,10:10:00,10063.522212691989,3,12
2017-07-27,10085.75,10090.7,10085.3,10086.9,10:15:00,10065.63914481656,3,13
2017-07-27,10086.2,10088.75,10083.5,10085.9,10:20:00,10067.597321500698,3,14
2017-07-27,10087.15,10087.65,10084.85,10086.0,10:25:00,10069.459481357771,3,15
2017-07-27,10094.75,10095.65,10086.75,10086.9,10:30:00,10071.868102180842,3,16
2017-07-27,10097.55,10098.45,10094.4,10094.95,10:35:00,10074.31399721124,3,17
2017-07-27,10097.15,10099.1,10094.85,10097.4,10:40:00,10076.488854619693,3,18
2017-07-27,10100.3,10101.25,10095.5,10097.1,10:45:00,10078.75658275115,3,19
2017-07-27,10098.75,10100.55,10098.3,10100.15,10:50:00,10080.66071772723,3,20
2017-07-27,10101.35,10102.55,10097.2,10099.0,10:55:00,10082.631125562732,3,21
2017-07-27,10102.05,10105.35,10101.35,10101.4,11:00:00,10084.480542175805,3,22
2017-07-27,10104.2,10106.75,10101.15,10102.45,11:05:00,10086.358585778107,3,23
2017-07-27,10105.25,10106.8,10103.5,10104.35,11:10:00,10088.157768084957,3,24
2017-07-27,10110.4,10111.2,10104.9,10105.65,11:15:00,10090.276075886388,3,25
2017-07-27,10110.3,10112.55,10109.4,10110.65,11:20:00,10092.18311627816,3,26
2017-07-27,10113.9,10114.85,10109.6,10110.6,11:25:00,10094.251390918336,3,27
2017-07-27,10110.1,10114.6,10109.35,10113.6,11:30:00,10095.760782259447,3,28
2017-07-27,10111.35,10113.1,10108.35,10109.75,11:35:00,10097.24546966331,3,29
2017-07-27,10102.35,10113.5,10102.3,10111.45,11:40:00,10097.731615409662,3,30
2017-07-27,10102.15,10104.2,10098.9,10102.55,11:45:00,10098.152413942076,3,31
2017-07-27,10096.4,10101.75,10095.8,10101.75,11:50:00,10097.985517376164,3,32
2017-07-27,10102.15,10102.75,10096.05,10096.45,11:55:00,10098.38213476891,3,33
2017-07-27,10098.85,10105.0,10097.85,10102.05,12:00:00,10098.426693362346,3,34
2017-07-27,10106.45,10106.6,10098.55,10098.65,12:05:00,10099.190817804028,3,35
2017-07-27,10104.25,10106.45,10100.75,10106.4,12:10:00,10099.672644679831,3,36
2017-07-27,10100.4,10104.45,10099.0,10104.45,12:15:00,10099.741916615088,3,37
2017-07-27,10097.2,10101.9,10096.7,10100.45,12:20:00,10099.49982931841,3,38
2017-07-27,10083.8,10097.7,10083.2,10097.4,12:25:00,10098.004607478562,3,39
2017-07-27,10069.7,10087.65,10069.45,10084.15,12:30:00,10095.308930575842,3,40
2017-07-27,10081.1,10083.9,10067.55,10069.9,12:35:00,10093.955699092428,3,41
2017-07-27,10078.1,10081.5,10074.35,10081.5,12:40:00,10092.445632512196,3,42
2017-07-27,10073.15,10081.55,10073.1,10079.0,12:45:00,10090.607953225322,3,43
2017-07-27,10062.6,10073.85,10062.05,10073.7,12:50:00,10087.940529108626,3,44
2017-07-27,10066.55,10069.3,10060.15,10062.85,12:55:00,10085.903335860186,3,45
2017-07-27,10067.65,10071.9,10063.5,10066.5,13:00:00,10084.164922921122,3,46
2017-07-27,10077.25,10081.2,10066.95,10067.75,13:05:00,10083.506358833396,3,47
2017-07-27,10078.3,10078.45,10072.3,10077.45,13:10:00,10083.010515134978,3,48
2017-07-27,10070.65,10079.0,10069.5,10078.5,13:15:00,10081.83332321736,3,49
2017-07-27,10075.1,10075.1,10068.3,10070.45,13:20:00,10081.192054339515,3,50
2017-07-27,10071.7,10076.75,10070.85,10074.8,13:25:00,10080.288049164326,3,51
2017-07-27,10070.3,10073.4,10067.55,10072.0,13:30:00,10079.336806386773,3,52
2017-07-27,10056.65,10071.35,10052.35,10070.0,13:35:00,10077.17615815946,3,53
2017-07-27,10064.85,10067.6,10058.05,10059.65,13:40:00,10076.00223833475,3,54
2017-07-27,10068.0,10070.45,10064.35,10066.4,13:45:00,10075.240120398106,3,55
2017-07-27,10080.35,10080.65,10066.05,10068.45,13:50:00,10075.726775598288,3,56
2017-07-27,10076.0,10083.15,10073.15,10082.05,13:55:00,10075.75279696988,3,57
2017-07-27,10067.8,10077.0,10066.45,10077.0,14:00:00,10074.995387734652,3,58
2017-07-27,10073.05,10075.0,10068.0,10069.85,14:05:00,10074.810112712305,3,59
2017-07-27,10074.5,10075.65,10069.5,10074.3,14:10:00,10074.780578168276,3,60
2017-07-27,10080.35,10081.0,10074.45,10074.45,14:15:00,10075.310999295109,3,61
2017-07-27,10079.35,10082.0,10076.35,10082.0,14:20:00,10075.695666028909,3,62
2017-07-27,10079.45,10085.65,10078.7,10080.3,14:25:00,10076.053221645205,3,63
2017-07-27,10070.9,10080.9,10063.85,10080.9,14:30:00,10075.562438631374,3,64
2017-07-27,10072.05,10074.05,10067.9,10071.95,14:35:00,10075.22792066648,3,65
2017-07-27,10076.7,10078.55,10072.0,10073.0,14:40:00,10075.368118698245,3,66
2017-07-27,10071.1,10078.95,10070.65,10078.95,14:45:00,10074.961631203172,3,67
2017-07-27,10065.05,10073.3,10063.6,10073.3,14:50:00,10074.01766632668,3,68
2017-07-27,10062.8,10067.1,10055.85,10067.1,14:55:00,10072.949317152712,3,69
2017-07-27,10031.25,10063.8,10029.95,10063.8,15:00:00,10068.97795361436,3,70
2017-07-27,10006.55,10032.4,10005.5,10032.05,15:05:00,10063.032434222516,3,71
2017-07-27,10017.45,10020.9,10006.85,10006.9,15:10:00,10058.691250010846,3,72
2017-07-27,10018.85,10022.95,10015.95,10017.95,15:15:00,10054.896845247908,3,73
2017-07-27,10013.95,10019.7,10013.95,10018.95,15:20:00,10050.997145700489,3,74
2017-07-27,10019.3,10021.3,10010.65,10013.55,15:25:00,10047.97836991949,3,75
2017-07-28,9974.05,9996.8,9967.4,9984.05,09:15:00,10040.9375727843,4,1
2017-07-28,9973.95,9984.4,9971.5,9974.3,09:20:00,10034.5578039477,4,2
2017-07-28,9972.4,9975.05,9963.45,9974.55,09:25:00,10028.63801309554,4,3
2017-07-28,9977.0,9978.2,9968.9,9971.95,09:30:00,10023.72010708644,4,4
2017-07-28,9977.1,9989.05,9976.55,9977.55,09:35:00,10019.28009688773,4,5
2017-07-28,9978.25,9978.85,9972.15,9978.2,09:40:00,10015.372468612708,4,6
2017-07-28,9966.05,9978.8,9965.3,9978.8,09:45:00,10010.675090649593,4,7
2017-07-28,9974.55,9975.1,9963.05,9967.0,09:50:00,10007.234605825824,4,8
2017-07-28,9977.1,9978.95,9972.85,9975.1,09:55:00,10004.364643366222,4,9
2017-07-28,9985.7,9985.95,9975.9,9977.2,10:00:00,10002.587058283723,4,10
2017-07-28,9984.6,9987.55,9980.45,9986.15,10:05:00,10000.874005113845,4,11
2017-07-28,9987.5,9991.85,9980.65,9985.65,10:10:00,9999.6002903411,4,12
2017-07-28,9990.3,9991.8,9984.2,9988.4,10:15:00,9998.714548403852,4,13
2017-07-28,9994.15,9999.35,9990.1,9990.7,10:20:00,9998.279829508248,4,14
2017-07-28,9993.35,9999.2,9992.4,9994.35,10:25:00,9997.810321936036,4,15
2017-07-28,9985.9,9994.05,9985.75,9993.75,10:30:00,9996.676005561174,4,16
2017-07-28,9989.4,9991.0,9985.25,9986.9,10:35:00,9995.983052650588,4,17
2017-07-28,9985.1,9989.9,9983.5,9989.9,10:40:00,9994.94657144577,4,18
2017-07-28,9976.45,9988.95,9973.35,9984.85,10:45:00,9993.18499321284,4,19
2017-07-28,9980.95,9981.8,9975.15,9976.65,10:50:00,9992.019755764,4,20
2017-07-28,9988.45,9989.2,9981.1,9981.65,10:55:00,9991.67977902457,4,21
2017-07-28,9987.5,9990.65,9986.4,9988.4,11:00:00,9991.281704831752,4,22
2017-07-28,9982.15,9989.75,9982.0,9987.55,11:05:00,9990.412018657298,4,23
2017-07-28,9985.2,9987.75,9981.45,9982.3,11:10:00,9989.915635928031,4,24
2017-07-28,9994.65,9994.85,9985.05,9985.85,11:15:00,9990.366527744409,4,25
2017-07-28,9989.55,9995.4,9987.45,9995.4,11:20:00,9990.288763197324,4,26
2017-07-28,9986.75,9993.05,9986.7,9990.45,11:25:00,9989.95173813091,4,27
2017-07-28,9987.65,9989.55,9985.85,9987.15,11:30:00,9989.732524975589,4,28
2017-07-28,9983.15,9988.45,9981.65,9987.25,11:35:00,9989.105617835054,4,29
2017-07-28,9982.6,9986.1,9981.35,9983.05,11:40:00,9988.486035184096,4,30
2017-07-28,9981.55,9983.1,9978.0,9983.1,11:45:00,9987.825460404658,4,31
2017-07-28,9983.05,9984.0,9980.65,9981.95,11:50:00,9987.370654651832,4,32
2017-07-28,9980.4,9987.0,9979.3,9983.3,11:55:00,9986.70678278023,4,33
2017-07-28,9978.7,9980.75,9974.8,9980.75,12:00:00,9985.944232039255,4,34
2017-07-28,9983.3,9987.95,9978.75,9978.9,12:05:00,9985.692400416468,4,35
2017-07-28,9983.15,9985.85,9981.8,9983.2,12:10:00,9985.45026704347,4,36
2017-07-28,9983.0,9984.8,9981.1,9983.05,12:15:00,9985.216908277423,4,37
2017-07-28,9981.95,9984.05,9980.3,9982.55,12:20:00,9984.905774155764,4,38
2017-07-28,9984.65,9988.35,9982.25,9982.75,12:25:00,9984.881414712358,4,39
2017-07-28,9984.6,9986.8,9982.95,9984.85,12:30:00,9984.85461331118,4,40
2017-07-28,9969.3,9984.3,9968.35,9984.2,12:35:00,9983.37322156726,4,41
2017-07-28,9972.05,9974.05,9967.9,9969.05,12:40:00,9982.294819513234,4,42
2017-07-28,9972.05,9975.1,9971.6,9971.85,12:45:00,9981.319122416737,4,43
2017-07-28,9976.6,9977.4,9971.45,9971.75,12:50:00,9980.86968218657,4,44
2017-07-28,9969.6,9977.0,9969.0,9976.25,12:55:00,9979.796379121182,4,45
2017-07-28,9968.2,9970.9,9967.15,9969.45,13:00:00,9978.691962062025,4,46
2017-07-28,9974.65,9975.3,9967.4,9968.45,13:05:00,9978.307013294212,4,47
2017-07-28,9976.3,9977.5,9973.25,9974.45,13:10:00,9978.115869170952,4,48
2017-07-28,9969.55,9976.4,9966.9,9976.0,13:15:00,9977.300072107051,4,49
2017-07-28,9970.65,9971.4,9967.25,9969.15,13:20:00,9976.666731906382,4,50
2017-07-28,9968.15,9971.85,9966.85,9970.7,13:25:00,9975.855614581966,4,51
2017-07-28,9961.9,9968.55,9959.85,9968.25,13:30:00,9974.526508431303,4,52
2017-07-28,9951.75,9962.65,9949.0,9961.6,13:35:00,9972.357317152131,4,53
2017-07-28,9958.5,9962.65,9944.5,9951.95,13:40:00,9971.037572661451,4,54
2017-07-28,9960.65,9961.1,9955.6,9958.65,13:45:00,9970.048280027027,4,55
2017-07-28,9966.45,9969.25,9956.2,9960.6,13:50:00,9969.70558669112,4,56
2017-07-28,9972.15,9976.0,9966.25,9966.5,13:55:00,9969.938387958637,4,57
2017-07-28,9977.75,9979.05,9972.75,9974.4,14:00:00,9970.682351010191,4,58
2017-07-28,9975.65,9979.45,9967.2,9979.45,14:05:00,9971.155460437792,4,59
2017-07-28,9977.55,9982.25,9973.45,9978.25,14:10:00,9971.764464205622,4,60
2017-07-28,9984.2,9984.6,9977.05,9979.1,14:15:00,9972.948800947945,4,61
2017-07-28,9986.0,9989.5,9980.45,9985.75,14:20:00,9974.191772286234,4,62
2017-07-28,9975.25,9987.8,9970.15,9987.8,14:25:00,9974.29255587802,4,63
2017-07-28,9979.3,9983.55,9977.65,9978.65,14:30:00,9974.769455318208,4,64
2017-07-28,9978.25,9981.3,9975.8,9979.2,14:35:00,9975.100935764092,4,65
2017-07-28,9976.65,9981.45,9970.4,9978.55,14:40:00,9975.248465691322,4,66
2017-07-28,9980.1,9980.75,9971.25,9978.5,14:45:00,9975.710516577865,4,67
2017-07-28,9980.8,9987.4,9979.4,9981.85,14:50:00,9976.195229284733,4,68
2017-07-28,9992.9,9992.9,9980.2,9982.05,14:55:00,9977.786159829044,4,69
2017-07-28,10009.75,10015.45,9993.3,9993.55,15:00:00,9980.83033508342,4,70
2017-07-28,10014.05,10014.05,10002.8,10010.3,15:05:00,9983.994112694523,4,71
2017-07-28,10014.8,10018.6,10011.5,10014.3,15:10:00,9986.928006723616,4,72
2017-07-28,10021.75,10021.75,10009.0,10016.7,15:15:00,9990.244387035653,4,73
2017-07-28,10023.9,10026.05,10019.75,10021.8,15:20:00,9993.449683508448,4,74
2017-07-28,10002.15,10024.05,10002.15,10023.2,15:25:00,9994.278285079074,4,75
2017-07-31,10039.4,10042.8,10016.95,10028.05,09:15:00,9998.57559126202,0,1
2017-07-31,10047.05,10047.6,10037.75,10038.6,09:20:00,10003.192201618018,0,2
2017-07-31,10032.05,10048.9,10030.95,10046.75,09:25:00,10005.940563368682,0,3
2017-07-31,10030.75,10038.05,10027.6,10031.9,09:30:00,10008.30336685738,0,4
2017-07-31,10026.4,10037.25,10023.7,10031.0,09:35:00,10010.026855728103,0,5
2017-07-31,10036.0,10038.05,10027.35,10027.6,09:40:00,10012.500488515903,0,6
2017-07-31,10033.05,10036.9,10031.3,10036.05,09:45:00,10014.457584847722,0,7
2017-07-31,10036.4,10036.85,10031.2,10033.15,09:50:00,10016.54733867175,0,8
2017-07-31,10041.6,10041.6,10034.35,10035.85,09:55:00,10018.933306417295,0,9
2017-07-31,10034.65,10042.85,10033.4,10041.55,10:00:00,10020.430134377551,0,10
2017-07-31,10029.0,10036.45,10027.6,10034.6,10:05:00,10021.24631205588,0,11
2017-07-31,10031.95,10033.05,10027.05,10028.95,10:10:00,10022.2657109077,0,12
2017-07-31,10030.3,10032.0,10023.9,10032.0,10:15:00,10023.030881297444,0,13
2017-07-31,10027.4,10033.25,10025.05,10030.75,10:20:00,10023.446987840543,0,14
2017-07-31,10033.15,10033.15,10026.9,10026.9,10:25:00,10024.371084236684,0,15
2017-07-31,10032.95,10035.65,10031.8,10032.95,10:30:00,10025.18812383319,0,16
2017-07-31,10037.35,10041.35,10032.75,10033.35,10:35:00,10026.346397753838,0,17
2017-07-31,10037.65,10043.1,10036.05,10037.45,10:40:00,10027.422931301093,0,18
2017-07-31,10042.4,10042.7,10035.35,10037.25,10:45:00,10028.849318796225,0,19
2017-07-31,10045.8,10046.25,10040.6,10042.3,10:50:00,10030.463669387062,0,20
2017-07-31,10040.9,10048.05,10040.9,10046.3,10:55:00,10031.457605635913,0,21
2017-07-31,10036.8,10041.3,10035.1,10040.85,11:00:00,10031.96640509916,0,22
2017-07-31,10038.55,10039.55,10035.35,10036.95,11:05:00,10032.593414137336,0,23
2017-07-31,10037.65,10039.0,10035.4,10038.35,11:10:00,10033.074993743305,0,24
2017-07-31,10041.25,10042.0,10037.2,10037.6,11:15:00,10033.85356576775,0,25
2017-07-31,10046.65,10046.9,10041.45,10041.75,11:20:00,10035.072273789869,0,26
2017-07-31,10047.25,10048.6,10046.15,10046.75,11:25:00,10036.232057238452,0,27
2017-07-31,10046.4,10049.45,10044.0,10047.3,11:30:00,10037.200432739552,0,28
2017-07-31,10045.65,10048.8,10042.35,10046.55,11:35:00,10038.005153431024,0,29
2017-07-31,10042.35,10045.85,10041.95,10045.55,11:40:00,10038.418948342354,0,30
2017-07-31,10041.75,10044.55,10039.35,10042.75,11:45:00,10038.736191357368,0,31
2017-07-31,10042.55,10046.5,10041.2,10041.2,11:50:00,10039.099411228091,0,32
2017-07-31,10043.45,10046.8,10041.55,10042.65,11:55:00,10039.513753015894,0,33
2017-07-31,10042.5,10043.85,10041.25,10043.35,12:00:00,10039.79815749057,0,34
2017-07-31,10044.8,10044.95,10041.75,10042.15,12:05:00,10040.274523443848,0,35
2017-07-31,10043.1,10045.5,10042.65,10044.0,12:10:00,10040.543616449197,0,36
2017-07-31,10040.25,10043.15,10037.75,10042.9,12:15:00,10040.515652977843,0,37
2017-07-31,10045.55,10045.55,10038.4,10040.2,12:20:00,10040.995114599004,0,38
2017-07-31,10058.15,10058.15,10045.3,10045.3,12:25:00,10042.628913208622,0,39
2017-07-31,10056.55,10069.45,10052.75,10058.45,12:30:00,10043.954730998275,0,40
2017-07-31,10051.45,10057.0,10050.7,10056.35,12:35:00,10044.668566141298,0,41
2017-07-31,10050.6,10052.85,10050.15,10051.55,12:40:00,10045.233464604033,0,42
2017-07-31,10053.4,10054.45,10050.6,10050.8,12:45:00,10046.01122987984,0,43
2017-07-31,10054.65,10056.05,10052.7,10053.3,12:50:00,10046.833969891284,0,44
2017-07-31,10053.35,10055.65,10052.5,10054.8,12:55:00,10047.454544187352,0,45
2017-07-31,10053.3,10056.05,10053.1,10053.65,13:00:00,10048.011254264748,0,46
2017-07-31,10050.95,10055.2,10049.75,10053.5,13:05:00,10048.291134810965,0,47
2017-07-31,10052.25,10052.5,10048.65,10051.15,13:10:00,10048.668169590872,0,48
2017-07-31,10052.95,10054.0,10050.9,10052.05,13:15:00,10049.075962963168,0,49
2017-07-31,10053.65,10055.55,10052.7,10053.2,13:20:00,10049.511585538105,0,50
2017-07-31,10052.8,10054.15,10051.1,10053.85,13:25:00,10049.824767867807,0,51
2017-07-31,10050.75,10053.6,10049.45,10053.05,13:30:00,10049.912885213733,0,52
2017-07-31,10048.5,10051.25,10047.7,10051.2,13:35:00,10049.778324717186,0,53
2017-07-31,10050.5,10051.3,10048.65,10048.65,13:40:00,10049.8470556965,0,54
2017-07-31,10052.0,10055.5,10048.6,10050.7,13:45:00,10050.05209801112,0,55
2017-07-31,10059.5,10060.9,10051.3,10052.5,13:50:00,10050.951898200536,0,56
2017-07-31,10061.2,10063.55,10058.2,10059.7,13:55:00,10051.927907895724,0,57
2017-07-31,10056.0,10063.3,10056.0,10062.45,14:00:00,10052.31572619137,0,58
2017-07-31,10059.0,10061.65,10056.8,10058.4,14:05:00,10052.952323696953,0,59
2017-07-31,10050.35,10061.0,10049.4,10059.3,14:10:00,10052.704483344862,0,60
2017-07-31,10048.95,10052.05,10043.55,10051.75,14:15:00,10052.346913502492,0,61
2017-07-31,10053.2,10054.15,10049.7,10051.05,14:20:00,10052.42815983559,0,62
2017-07-31,10051.2,10055.1,10051.0,10053.1,14:25:00,10052.3111922322,0,63
2017-07-31,10056.4,10057.0,10048.1,10052.1,14:30:00,10052.7006024958,0,64
2017-07-31,10055.65,10057.9,10052.75,10057.85,14:35:00,10052.9814974962,0,65
2017-07-31,10057.5,10060.55,10055.0,10057.6,14:40:00,10053.411831067991,0,66
2017-07-31,10059.55,10061.75,10058.0,10059.25,14:45:00,10053.996418585324,0,67
2017-07-31,10057.1,10061.6,10054.6,10061.55,14:50:00,10054.291997767676,0,68
2017-07-31,10060.95,10061.85,10056.55,10057.85,14:55:00,10054.926093218372,0,69
2017-07-31,10067.15,10072.35,10060.85,10061.5,15:00:00,10056.09027481662,0,70
2017-07-31,10076.75,10076.75,10066.85,10067.3,15:05:00,10058.05786769123,0,71
2017-07-31,10078.85,10083.05,10076.3,10077.15,15:10:00,10060.038070768256,0,72
2017-07-31,10080.15,10080.85,10076.05,10078.7,15:15:00,10061.95349259985,0,73
2017-07-31,10085.0,10085.9,10078.85,10080.2,15:20:00,10064.148398066533,0,74
2017-07-31,10078.8,10085.65,10076.95,10085.25,15:25:00,10065.543788726864,0,75
2017-08-01,10089.65,10100.0,10082.0,10093.25,09:15:00,10067.839618371923,1,1
2017-08-01,10091.45,10092.7,10086.15,10089.6,09:20:00,10070.088226146026,1,2
2017-08-01,10096.15,10097.6,10088.75,10091.15,09:25:00,10072.570299846404,1,3
2017-08-01,10095.4,10101.9,10093.95,10096.25,09:30:00,10074.744557003887,1,4
2017-08-01,10083.7,10095.3,10080.0,10095.1,09:35:00,10075.597456336853,1,5
2017-08-01,10091.55,10094.55,10083.3,10083.45,09:40:00,10077.116746209536,1,6
2017-08-01,10086.9,10092.15,10082.0,10091.35,09:45:00,10078.04848466577,1,7
2017-08-01,10093.6,10093.6,10085.95,10086.6,09:50:00,10079.529581364266,1,8
2017-08-01,10088.6,10095.2,10086.65,10093.65,09:55:00,10080.393430758146,1,9
2017-08-01,10090.5,10093.5,10088.65,10088.8,10:00:00,10081.355961162131,1,10
2017-08-01,10089.1,10091.0,10086.8,10090.25,10:05:00,10082.0934886705,1,11
2017-08-01,10096.5,10098.05,10088.35,10089.0,10:10:00,10083.46553736855,1,12
2017-08-01,10094.5,10099.35,10093.25,10096.2,10:15:00,10084.516438571543,1,13
2017-08-01,10093.75,10097.2,10093.3,10094.6,10:20:00,10085.395825374257,1,14
2017-08-01,10096.6,10096.9,10091.1,10094.5,10:25:00,10086.462889624328,1,15
2017-08-01,10098.55,10100.05,10095.7,10096.95,10:30:00,10087.614042993438,1,16
2017-08-01,10096.8,10101.55,10096.7,10098.5,10:35:00,10088.488896041685,1,17
2017-08-01,10093.0,10096.9,10093.0,10096.9,10:40:00,10088.918524990097,1,18
2017-08-01,10078.35,10093.1,10077.45,10092.9,10:45:00,10087.911998800562,1,19
2017-08-01,10076.55,10080.65,10075.45,10077.9,10:50:00,10086.829903676698,1,20
2017-08-01,10078.6,10081.05,10075.4,10076.75,10:55:00,10086.046103326536,1,21
2017-08-01,10078.55,10080.45,10076.7,10078.35,11:00:00,10085.332188724007,1,22
2017-08-01,10080.2,10085.45,10078.05,10078.85,11:05:00,10084.843408845532,1,23
2017-08-01,10077.35,10080.4,10076.7,10080.4,11:10:00,10084.129750860244,1,24
2017-08-01,10067.25,10077.75,10066.8,10077.45,11:15:00,10082.52215554022,1,25
2017-08-01,10073.5,10074.4,10065.75,10067.45,11:20:00,10081.662902631628,1,26
2017-08-01,10076.15,10078.15,10071.8,10073.95,11:25:00,10081.137864285758,1,27
2017-08-01,10073.55,10079.0,10073.0,10075.95,11:30:00,10080.415210544255,1,28
2017-08-01,10078.3,10078.4,10073.55,10074.05,11:35:00,10080.213761920995,1,29
2017-08-01,10082.8,10084.1,10077.95,10078.05,11:40:00,10080.460070309471,1,30
2017-08-01,10082.1,10087.45,10082.1,10083.05,11:45:00,10080.616254089522,1,31
2017-08-01,10083.9,10084.05,10079.2,10082.55,11:50:00,10080.928991795285,1,32
2017-08-01,10080.25,10084.55,10078.2,10084.1,11:55:00,10080.864325910015,1,33
2017-08-01,10080.75,10081.3,10079.05,10080.2,12:00:00,10080.853437728112,1,34
2017-08-01,10085.1,10085.1,10080.65,10081.0,12:05:00,10081.257872230197,1,35
2017-08-01,10086.1,10087.4,10084.35,10085.45,12:10:00,10081.719027255893,1,36
2017-08-01,10089.05,10089.65,10085.1,10086.35,12:15:00,10082.417215136284,1,37
2017-08-01,10088.55,10092.2,10087.9,10089.8,12:20:00,10083.001289885207,1,38
2017-08-01,10087.4,10090.1,10086.05,10088.9,12:25:00,10083.420214658045,1,39
2017-08-01,10090.8,10090.85,10087.4,10087.95,12:30:00,10084.123051357275,1,40
2017-08-01,10093.45,10093.6,10090.0,10090.9,12:35:00,10085.011332180393,1,41
2017-08-01,10089.5,10094.1,10089.1,10093.75,12:40:00,10085.438824353689,1,42
2017-08-01,10090.8,10093.75,10087.95,10089.6,12:45:00,10085.94941251048,1,43
2017-08-01,10089.7,10091.6,10088.15,10091.45,12:50:00,10086.306611319003,1,44
2017-08-01,10088.25,10090.15,10087.4,10089.9,12:55:00,10086.49169595529,1,45
2017-08-01,10080.95,10089.1,10080.4,10088.8,13:00:00,10085.96391538812,1,46
2017-08-01,10084.75,10086.9,10080.15,10080.7,13:05:00,10085.848304398776,1,47
2017-08-01,10084.05,10086.65,10078.8,10085.1,13:10:00,10085.67703731318,1,48
2017-08-01,10085.55,10085.7,10082.85,10084.15,13:15:00,10085.664938521448,1,49
2017-08-01,10087.85,10089.05,10084.55,10085.75,13:20:00,10085.873039614644,1,50
2017-08-01,10087.55,10089.05,10086.05,10088.3,13:25:00,10086.032750127535,1,51
2017-08-01,10084.7,10088.45,10083.95,10088.15,13:30:00,10085.905821543962,1,52
2017-08-01,10084.6,10085.85,10082.15,10085.55,13:35:00,10085.781457587393,1,53
2017-08-01,10085.6,10086.45,10082.8,10085.05,13:40:00,10085.764175912402,1,54
2017-08-01,10094.5,10095.7,10085.75,10085.75,13:45:00,10086.59615915884,1,55
2017-08-01,10096.05,10096.6,10092.75,10094.3,13:50:00,10087.496524953236,1,56
2017-08-01,10092.85,10096.65,10091.4,10096.1,13:55:00,10088.006379719594,1,57
2017-08-01,10094.75,10095.9,10092.25,10093.0,14:00:00,10088.648629270108,1,58
2017-08-01,10096.75,10097.85,10094.9,10095.25,14:05:00,10089.42018838724,1,59
2017-08-01,10097.65,10100.0,10096.4,10097.7,14:10:00,10090.203979969408,1,60
2017-08-01,10092.85,10098.2,10090.3,10097.7,14:15:00,10090.455981877083,1,61
2017-08-01,10091.2,10095.8,10091.2,10093.3,14:20:00,10090.526840745935,1,62
2017-08-01,10085.25,10092.0,10078.85,10092.0,14:25:00,10090.024284484418,1,63
2017-08-01,10086.2,10086.2,10081.25,10086.1,14:30:00,10089.660066914474,1,64
2017-08-01,10082.6,10088.5,10082.1,10086.5,14:35:00,10088.987679589283,1,65
2017-08-01,10082.45,10085.75,10080.8,10082.5,14:40:00,10088.365043437923,1,66
2017-08-01,10082.05,10084.05,10080.05,10082.5,14:45:00,10087.763610729551,1,67
2017-08-01,10084.0,10086.15,10081.85,10083.9,14:50:00,10087.40517161245,1,68
2017-08-01,10077.85,10087.7,10076.95,10085.3,14:55:00,10086.495155268409,1,69
2017-08-01,10100.8,10100.8,10079.35,10080.5,15:00:00,10087.85752143332,1,70
2017-08-01,10111.05,10111.2,10101.25,10101.6,15:05:00,10090.066328915864,1,71
2017-08-01,10118.55,10120.15,10110.9,10111.35,15:10:00,10092.779059495304,1,72
2017-08-01,10124.1,10125.15,10115.7,10119.2,15:15:00,10095.762006210038,1,73
2017-08-01,10126.0,10128.6,10120.7,10124.05,15:20:00,10098.641815142417,1,74
2017-08-01,10120.6,10127.95,10118.7,10125.65,15:25:00,10100.733070843138,1,75
2017-08-02,10120.95,10137.85,10120.95,10132.1,09:15:00,10102.6584926676,2,1
2017-08-02,10115.35,10119.9,10111.6,10119.9,09:20:00,10103.86720765164,2,2
2017-08-02,10118.05,10120.3,10115.2,10115.2,09:25:00,10105.217949780055,2,3
2017-08-02,10114.1,10120.35,10105.55,10117.95,09:30:00,10106.063859324811,2,4
2017-08-02,10110.1,10114.95,10109.8,10113.8,09:35:00,10106.44825367483,2,5
2017-08-02,10113.95,10114.65,10109.55,10109.55,09:40:00,10107.162705705798,2,6
2017-08-02,10114.25,10116.5,10112.8,10114.1,09:45:00,10107.83768611477,2,7
2017-08-02,10113.75,10114.95,10110.05,10114.35,09:50:00,10108.40076362765,2,8
2017-08-02,10109.1,10114.6,10106.15,10114.35,09:55:00,10108.467357567872,2,9
2017-08-02,10110.15,10110.55,10106.05,10108.8,10:00:00,10108.627609228077,2,10
2017-08-02,10108.45,10111.7,10106.25,10110.35,10:05:00,10108.610694063498,2,11
2017-08-02,10108.5,10110.1,10106.95,10108.25,10:10:00,10108.600151771738,2,12
2017-08-02,10105.8,10109.5,10103.7,10107.95,10:15:00,10108.33347065062,2,13
2017-08-02,10109.1,10109.1,10103.6,10105.1,10:20:00,10108.4064734458,2,14
2017-08-02,10111.0,10112.55,10107.8,10108.6,10:25:00,10108.653475974772,2,15
2017-08-02,10107.9,10112.4,10107.1,10111.5,10:30:00,10108.581716358129,2,16
2017-08-02,10099.25,10109.3,10097.9,10108.0,10:35:00,10107.692981466877,2,17
2017-08-02,10099.35,10100.4,10097.05,10099.4,10:40:00,10106.898411803366,2,18
2017-08-02,10098.15,10101.0,10095.6,10099.65,10:45:00,10106.065229726855,2,19
2017-08-02,10098.65,10101.5,10096.3,10097.1,10:50:00,10105.359017371917,2,20
2017-08-02,10093.0,10099.15,10091.7,10098.75,10:55:00,10104.1819680984,2,21
2017-08-02,10098.15,10099.35,10092.3,10092.3,11:00:00,10103.607494946173,2,22
2017-08-02,10099.35,10100.75,10098.05,10098.4,11:05:00,10103.202019237016,2,23
2017-08-02,10100.3,10101.65,10098.1,10099.0,11:10:00,10102.925636452535,2,24
2017-08-02,10098.0,10100.35,10096.6,10100.1,11:15:00,10102.45652821896,2,25
2017-08-02,10098.9,10101.15,10097.65,10097.7,11:20:00,10102.117811245726,2,26
2017-08-02,10100.1,10100.3,10097.3,10098.7,11:25:00,10101.925638746132,2,27
2017-08-02,10098.7,10100.6,10097.6,10099.7,11:30:00,10101.618435056023,2,28
2017-08-02,10098.2,10099.15,10095.45,10098.85,11:35:00,10101.292869812592,2,29
2017-08-02,10098.55,10098.8,10096.3,10098.1,11:40:00,10101.031644116156,2,30
2017-08-02,10099.8,10101.25,10098.0,10098.25,11:45:00,10100.91434467652,2,31
2017-08-02,10099.25,10102.35,10098.25,10100.5,11:50:00,10100.755835659713,2,32
2017-08-02,10100.75,10101.0,10098.5,10099.3,11:55:00,10100.755279882596,2,33
2017-08-02,10104.15,10106.5,10099.95,10100.55,12:00:00,10101.078586560445,2,34
2017-08-02,10100.45,10104.45,10099.25,10104.05,12:05:00,10101.018721173736,2,35
2017-08-02,10099.7,10101.35,10098.6,10100.5,12:10:00,10100.893128680998,2,36
2017-08-02,10098.85,10100.55,10097.65,10099.95,12:15:00,10100.698544997093,2,37
2017-08-02,10099.65,10100.8,10098.7,10099.05,12:20:00,10100.598683568798,2,38
2017-08-02,10100.55,10100.85,10097.75,10099.6,12:25:00,10100.594047038438,2,39
2017-08-02,10100.55,10101.85,10099.75,10100.1,12:30:00,10100.589852082396,2,40
2017-08-02,10098.95,10100.95,10098.15,10100.7,12:35:00,10100.433675693595,2,41
2017-08-02,10097.65,10100.05,10096.75,10099.3,12:40:00,10100.168563722777,2,42
2017-08-02,10095.45,10098.35,10091.65,10097.6,12:45:00,10099.71917670156,2,43
2017-08-02,10096.55,10096.65,10092.55,10095.3,12:50:00,10099.417350349033,2,44
2017-08-02,10094.0,10097.6,10093.4,10096.7,12:55:00,10098.901412220554,2,45
2017-08-02,10091.25,10094.6,10090.6,10093.75,13:00:00,10098.172706294788,2,46
2017-08-02,10090.35,10092.85,10089.75,10091.45,13:05:00,10097.427686647665,2,47
2017-08-02,10090.25,10092.0,10087.55,10090.05,13:10:00,10096.744097443128,2,48
2017-08-02,10092.7,10093.4,10088.15,10089.75,13:15:00,10096.358945305688,2,49
2017-08-02,10093.9,10094.45,10091.4,10093.1,13:20:00,10096.12476003848,2,50
2017-08-02,10094.7,10095.95,10092.2,10094.1,13:25:00,10095.989068606244,2,51
2017-08-02,10097.4,10097.95,10094.5,10095.05,13:30:00,10096.123443024697,2,52
2017-08-02,10098.35,10100.05,10096.85,10097.6,13:35:00,10096.335496069962,2,53
2017-08-02,10099.75,10102.65,10097.75,10097.95,13:40:00,10096.66068692044,2,54
2017-08-02,10097.95,10101.9,10088.1,10099.6,13:45:00,10096.783478642305,2,55
2017-08-02,10096.05,10098.5,10095.25,10097.9,13:50:00,10096.713623533513,2,56
2017-08-02,10096.1,10098.65,10094.5,10095.85,13:55:00,10096.655183196988,2,57
2017-08-02,10097.0,10099.75,10094.85,10095.9,14:00:00,10096.688022892513,2,58
2017-08-02,10096.45,10100.8,10096.3,10098.8,14:05:00,10096.665354045608,2,59
2017-08-02,10092.5,10098.9,10082.8,10098.25,14:10:00,10096.26865366031,2,60
2017-08-02,10089.7,10093.6,10088.85,10092.65,14:15:00,10095.643067597422,2,61
2017-08-02,10091.15,10092.8,10089.25,10089.5,14:20:00,10095.215156397668,2,62
2017-08-02,10093.05,10096.45,10091.25,10091.3,14:25:00,10095.00895102646,2,63
2017-08-02,10082.35,10097.5,10074.55,10093.95,14:30:00,10093.803336642988,2,64
2017-08-02,10101.2,10103.4,10082.6,10082.6,14:35:00,10094.507780772226,2,65
2017-08-02,10086.95,10102.6,10086.5,10102.6,14:40:00,10093.787992127252,2,66
2017-08-02,10073.05,10090.1,10071.05,10086.8,14:45:00,10091.81294525799,2,67
2017-08-02,10072.5,10077.95,10066.95,10074.2,14:50:00,10089.97361713818,2,68
2017-08-02,10077.4,10079.2,10069.2,10074.45,14:55:00,10088.776129791688,2,69
2017-08-02,10081.9,10084.85,10075.25,10078.35,15:00:00,10088.121260287717,2,70
2017-08-02,10096.45,10097.6,10083.2,10083.2,15:05:00,10088.91447359365,2,71
2017-08-02,10091.55,10098.75,10091.3,10097.85,15:10:00,10089.16547610854,2,72
2017-08-02,10084.55,10093.05,10079.85,10091.95,15:15:00,10088.725906955346,2,73
2017-08-02,10078.2,10085.6,10077.8,10084.85,15:20:00,10087.723439626268,2,74
2017-08-02,10058.25,10078.55,10054.2,10078.25,15:25:00,10084.916445376146,2,75
2017-08-03,10067.15,10076.7,10058.25,10076.7,09:15:00,10083.22440295937,3,1
2017-08-03,10052.65,10066.55,10049.05,10066.55,09:20:00,10080.312555058475,3,2
2017-08-03,10062.9,10064.75,10052.2,10052.9,09:25:00,10078.65421648148,3,3
2017-08-03,10053.0,10063.5,10051.45,10063.25,09:30:00,10076.210957768955,3,4
2017-08-03,10053.45,10058.4,10051.35,10052.9,09:35:00,10074.043247505248,3,5
2017-08-03,10052.85,10058.15,10049.6,10053.8,09:40:00,10072.024842980938,3,6
2017-08-03,10057.35,10057.45,10050.0,10052.7,09:45:00,10070.627238887517,3,7
2017-08-03,10052.8,10060.3,10051.1,10057.55,09:50:00,10068.929406612517,3,8
2017-08-03,10040.15,10054.85,10039.75,10052.65,09:55:00,10066.188510744658,3,9
2017-08-03,10039.35,10042.0,10036.45,10040.05,10:00:00,10063.632462102309,3,10
2017-08-03,10028.05,10042.0,10027.55,10039.15,10:05:00,10060.243656187802,3,11
2017-08-03,10033.1,10037.2,10027.95,10028.2,10:10:00,10057.658546074676,3,12
2017-08-03,10033.85,10034.3,10028.55,10032.55,10:15:00,10055.391065496136,3,13
2017-08-03,10033.55,10036.4,10033.15,10034.0,10:20:00,10053.310964020317,3,14
2017-08-03,10027.25,10033.5,10027.0,10033.15,10:25:00,10050.828967446952,3,15
2017-08-03,10030.7,10031.15,10023.15,10027.4,10:30:00,10048.911922928197,3,16
2017-08-03,10038.1,10038.45,10029.6,10030.6,10:35:00,10047.882215982652,3,17
2017-08-03,10035.45,10038.0,10032.8,10037.55,10:40:00,10046.698195412877,3,18
2017-08-03,10040.15,10040.4,10032.55,10035.25,10:45:00,10046.074557754508,3,19
2017-08-03,10040.2,10043.05,10039.65,10040.0,10:50:00,10045.515076063602,3,20
2017-08-03,10042.25,10045.95,10037.15,10040.15,10:55:00,10045.204116438495,3,21
2017-08-03,10040.2,10044.0,10038.75,10042.2,11:00:00,10044.727533920546,3,22
2017-08-03,10036.25,10041.25,10036.15,10039.75,11:05:00,10043.920149737638,3,23
2017-08-03,10033.15,10036.85,10033.05,10036.4,11:10:00,10042.894421191197,3,24
2017-08-03,10036.35,10037.25,10033.05,10033.05,11:15:00,10042.271142982512,3,25
2017-08-03,10038.45,10040.4,10036.15,10036.5,11:20:00,10041.907224603225,3,26
2017-08-03,10038.15,10042.45,10038.15,10038.4,11:25:00,10041.549393688632,3,27
2017-08-03,10038.35,10039.15,10036.65,10037.9,11:30:00,10041.24468952781,3,28
2017-08-03,10039.35,10040.0,10037.75,10038.7,11:35:00,10041.064242906114,3,29
2017-08-03,10040.35,10042.7,10039.15,10039.15,11:40:00,10040.996219772198,3,30
2017-08-03,10042.95,10044.55,10040.3,10040.4,11:45:00,10041.182294079608,3,31
2017-08-03,10045.0,10045.65,10042.15,10042.8,11:50:00,10041.545885119644,3,32
2017-08-03,10043.1,10048.95,10042.8,10044.65,11:55:00,10041.693896060631,3,33
2017-08-03,10043.85,10046.35,10041.2,10042.9,12:00:00,10041.899239292952,3,34
2017-08-03,10049.2,10049.6,10043.1,10043.15,12:05:00,10042.594549836482,3,35
2017-08-03,10042.9,10049.25,10042.1,10049.15,12:10:00,10042.623640328246,3,36
2017-08-03,10044.05,10044.1,10040.8,10043.15,12:15:00,10042.75948410651,3,37
2017-08-03,10042.7,10045.7,10041.9,10044.1,12:20:00,10042.75381895351,3,38
2017-08-03,10044.05,10045.3,10040.85,10042.65,12:25:00,10042.87726476746,3,39
2017-08-03,10045.55,10046.25,10042.4,10043.65,12:30:00,10043.131810980083,3,40
2017-08-03,10043.8,10047.6,10043.2,10045.95,12:35:00,10043.1954480296,3,41
2017-08-03,10043.3,10044.3,10041.7,10043.65,12:40:00,10043.205405360117,3,42
2017-08-03,10045.05,10046.75,10042.75,10043.65,12:45:00,10043.381081040105,3,43
2017-08-03,10050.35,10050.6,10044.9,10045.45,12:50:00,10044.04478760771,3,44
2017-08-03,10049.15,10052.45,10048.3,10050.05,12:55:00,10044.530998311737,3,45
2017-08-03,10044.6,10049.45,10044.6,10049.2,13:00:00,10044.537569901097,3,46
2017-08-03,10044.3,10046.2,10042.2,10044.9,13:05:00,10044.51494419623,3,47
2017-08-03,10049.2,10049.8,10043.3,10043.75,13:10:00,10044.961139987066,3,48
2017-08-03,10043.05,10050.05,10042.9,10048.65,13:15:00,10044.779126654965,3,49
2017-08-03,10035.15,10043.0,10034.65,10042.9,13:20:00,10043.86206697354,3,50
2017-08-03,10039.3,10040.05,10034.3,10035.05,13:25:00,10043.427584404631,3,51
2017-08-03,10037.0,10040.65,10036.4,10039.5,13:30:00,10042.815433508951,3,52
2017-08-03,10030.45,10037.8,10029.8,10037.2,13:35:00,10041.637773174763,3,53
2017-08-03,10038.55,10038.55,10029.25,10030.3,13:40:00,10041.343699539071,3,54
2017-08-03,10045.3,10048.6,10035.9,10037.8,13:45:00,10041.72049005916,3,55
2017-08-03,10040.05,10046.65,10038.4,10045.35,13:50:00,10041.56139576781,3,56
2017-08-03,10042.75,10045.0,10037.35,10039.65,13:55:00,10041.674596170877,3,57
2017-08-03,10044.25,10049.35,10042.45,10044.95,14:00:00,10041.919872726032,3,58
2017-08-03,10040.6,10045.65,10039.45,10045.65,14:05:00,10041.794170561649,3,59
2017-08-03,10040.2,10044.15,10040.1,10042.6,14:10:00,10041.642344793872,3,60
2017-08-03,10036.25,10042.1,10035.85,10041.8,14:15:00,10041.128788146838,3,61
2017-08-03,10032.15,10038.95,10031.1,10036.85,14:20:00,10040.273665466186,3,62
2017-08-03,10030.0,10038.5,10029.75,10033.15,14:25:00,10039.295221136072,3,63
2017-08-03,10022.55,10032.15,10021.0,10032.05,14:30:00,10037.700438170732,3,64
2017-08-03,10006.35,10023.9,10003.8,10023.9,14:35:00,10034.714682154472,3,65
2017-08-03,10010.15,10011.4,9998.25,10008.55,14:40:00,10032.375188615952,3,66
2017-08-03,10007.15,10012.25,10006.5,10012.25,14:45:00,10029.972789700148,3,67
2017-08-03,10013.85,10014.65,10006.7,10006.7,14:50:00,10028.43728591918,3,68
2017-08-03,10015.6,10024.0,10012.1,10015.1,14:55:00,10027.214687260212,3,69
2017-08-03,10011.7,10016.45,10009.0,10016.1,15:00:00,10025.737097997337,3,70
2017-08-03,10017.2,10024.7,10012.1,10013.25,15:05:00,10024.924041045208,3,71
2017-08-03,10020.25,10023.8,10012.75,10018.55,15:10:00,10024.478894278996,3,72
2017-08-03,10016.65,10021.85,10010.8,10021.85,15:15:00,10023.733285300044,3,73
2017-08-03,10007.6,10018.4,10007.15,10016.95,15:20:00,10022.196781938135,3,74
2017-08-03,10004.35,10007.5,10002.65,10007.5,15:25:00,10020.497088420218,3,75
2017-08-04,9999.2,10013.35,9998.2,10005.7,09:15:00,10018.468794284958,4,1
2017-08-04,10003.9,10003.9,9991.1,9999.25,09:20:00,10017.081290067345,4,2
2017-08-04,10010.0,10014.2,10001.6,10003.7,09:25:00,10016.406881489502,4,3
2017-08-04,10015.35,10019.45,10008.7,10009.3,09:30:00,10016.30622610955,4,4
2017-08-04,10007.3,10015.25,10003.75,10015.25,09:35:00,10015.448490289593,4,5
2017-08-04,10021.0,10023.1,10003.6,10007.6,09:40:00,10015.977205500109,4,6
2017-08-04,10023.45,10026.8,10019.5,10021.65,09:45:00,10016.688900214383,4,7
2017-08-04,10015.85,10025.9,10014.95,10023.55,09:50:00,10016.60900495587,4,8
2017-08-04,10021.2,10022.1,10015.55,10015.65,09:55:00,10017.04624257912,4,9
2017-08-04,10024.45,10025.3,10018.6,10021.25,10:00:00,10017.751362333487,4,10
2017-08-04,10011.95,10024.75,10011.7,10024.65,10:05:00,10017.19885163506,4,11
2017-08-04,10007.45,10013.2,10006.95,10011.85,10:10:00,10016.27038957458,4,12
2017-08-04,10011.8,10012.55,10006.6,10007.35,10:15:00,10015.844638186523,4,13
2017-08-04,10011.05,10015.55,10009.3,10011.9,10:20:00,10015.388005978284,4,14
2017-08-04,10014.0,10015.85,10009.85,10011.25,10:25:00,10015.255814932734,4,15
2017-08-04,10001.4,10013.75,10001.4,10013.75,10:30:00,10013.93621351057,4,16
2017-08-04,9998.05,10005.95,9997.6,10001.25,10:35:00,10012.423240795277,4,17
2017-08-04,9995.3,9999.0,9993.5,9997.65,10:40:00,10010.792455957631,4,18
2017-08-04,9998.6,9999.25,9988.35,9994.85,10:45:00,10009.631269675952,4,19
2017-08-04,9995.3,10001.45,9994.65,9999.25,10:50:00,10008.266386849671,4,20
2017-08-04,9992.9,9997.45,9990.2,9995.4,10:55:00,10006.802921435416,4,21
2017-08-04,9992.1,9995.45,9991.9,9993.3,11:00:00,10005.402643203472,4,22
2017-08-04,9994.1,9998.65,9990.8,9991.95,11:05:00,10004.32620099362,4,23
2017-08-04,10000.85,10002.25,9993.9,9993.9,11:10:00,10003.995134232322,4,24
2017-08-04,10003.6,10004.05,10000.6,10001.1,11:15:00,10003.957502400674,4,25
2017-08-04,9999.85,10004.3,9999.65,10003.7,11:20:00,10003.566311695848,4,26
2017-08-04,9994.5,10000.8,9994.5,10000.0,11:25:00,10002.7028534391,4,27
2017-08-04,10002.55,10002.7,9994.6,9994.8,11:30:00,10002.68829596871,4,28
2017-08-04,10004.1,10007.6,10001.3,10002.7,11:35:00,10002.82274397169,4,29
2017-08-04,10001.7,10004.6,10001.5,10004.25,11:40:00,10002.715815974389,4,30
2017-08-04,9998.9,10002.55,9998.9,10001.9,11:45:00,10002.352404929206,4,31
2017-08-04,9996.95,9999.65,9995.1,9999.2,11:50:00,10001.837890174043,4,32
2017-08-04,9998.1,9999.85,9996.45,9996.65,11:55:00,10001.48190063366,4,33
2017-08-04,9996.95,9999.55,9996.2,9997.95,12:00:00,10001.050291049503,4,34
2017-08-04,9999.75,10000.3,9996.7,9997.15,12:05:00,10000.926453806696,4,35
2017-08-04,9999.4,10003.0,9997.95,10000.1,12:10:00,10000.781077253678,4,36
2017-08-04,10000.7,10000.95,9998.1,9999.3,12:15:00,10000.77335561047,4,37
2017-08-04,10000.25,10000.9,9998.8,10000.55,12:20:00,10000.723512218996,4,38
2017-08-04,10003.75,10008.25,10000.35,10000.35,12:25:00,10001.01174915052,4,39
2017-08-04,10004.55,10005.9,10002.65,10003.85,12:30:00,10001.348725421898,4,40
2017-08-04,10007.0,10010.6,10004.35,10004.6,12:35:00,10001.886942048382,4,41
2017-08-04,10006.95,10011.55,10006.7,10007.3,12:40:00,10002.369138043774,4,42
2017-08-04,10009.75,10011.3,10006.8,10006.8,12:45:00,10003.0720772777,4,43
2017-08-04,10013.6,10016.0,10009.8,10009.8,12:50:00,10004.074736584584,4,44
2017-08-04,10009.0,10013.2,10008.1,10013.2,12:55:00,10004.543809290815,4,45
2017-08-04,10008.35,10012.6,10008.3,10009.15,13:00:00,10004.906303644071,4,46
2017-08-04,10003.65,10009.0,10002.25,10008.1,13:05:00,10004.78665567797,4,47
2017-08-04,10004.95,10005.35,10001.35,10003.9,13:10:00,10004.802212280068,4,48
2017-08-04,10005.9,10006.3,10002.4,10004.75,13:15:00,10004.90676349149,4,49
2017-08-04,10007.8,10009.65,10005.55,10005.85,13:20:00,10005.182309825634,4,50
2017-08-04,10005.4,10008.3,10004.3,10008.1,13:25:00,10005.203042223193,4,51
2017-08-04,10009.35,10013.6,10005.8,10005.8,13:30:00,10005.597990582888,4,52
2017-08-04,10011.05,10012.8,10007.95,10009.85,13:35:00,10006.117229574991,4,53
2017-08-04,10023.4,10023.4,10011.1,10011.25,13:40:00,10007.763207710708,4,54
2017-08-04,10020.25,10030.35,10020.25,10022.45,13:45:00,10008.952426023974,4,55
2017-08-04,10018.45,10023.6,10017.9,10020.2,13:50:00,10009.856956878832,4,56
2017-08-04,10026.05,10026.7,10018.55,10018.6,13:55:00,10011.399151461805,4,57
2017-08-04,10030.0,10033.25,10026.1,10026.5,14:00:00,10013.170660846394,4,58
2017-08-04,10040.85,10046.5,10030.4,10031.7,14:05:00,10015.806788384833,4,59
2017-08-04,10046.45,10047.15,10038.5,10042.1,14:10:00,10018.72518949104,4,60
2017-08-04,10040.35,10048.75,10040.25,10046.65,14:15:00,10020.784695253797,4,61
2017-08-04,10037.15,10042.75,10036.15,10041.65,14:20:00,10022.343295705816,4,62
2017-08-04,10048.5,10052.8,10035.9,10038.4,14:25:00,10024.8344104005,4,63
2017-08-04,10058.7,10068.35,10047.85,10050.5,14:30:00,10028.059704648073,4,64
2017-08-04,10057.55,10071.9,10056.5,10061.25,14:35:00,10030.8683042054,4,65
2017-08-04,10047.7,10060.2,10045.3,10059.35,14:40:00,10032.471322852503,4,66
2017-08-04,10049.5,10051.55,10044.25,10048.0,14:45:00,10034.093101628456,4,67
2017-08-04,10039.1,10050.2,10035.4,10049.85,14:50:00,10034.569949092413,4,68
2017-08-04,10048.15,10048.55,10037.2,10039.7,14:55:00,10035.863287274087,4,69
2017-08-04,10051.45,10055.15,10048.45,10048.45,15:00:00,10037.347736105126,4,70
2017-08-04,10063.05,10063.45,10051.25,10053.1,15:05:00,10039.79557076178,4,71
2017-08-04,10070.65,10070.7,10060.3,10064.55,15:10:00,10042.734087832088,4,72
2017-08-04,10071.65,10072.85,10066.1,10071.55,15:15:00,10045.487984229032,4,73
2017-08-04,10072.4,10075.25,10068.65,10071.8,15:20:00,10048.051033350075,4,74
2017-08-04,10070.1,10074.1,10068.5,10072.55,15:25:00,10050.150934935784,4,75
2017-08-07,10084.45,10087.2,10070.95,10074.15,09:15:00,10053.417512560947,0,1
2017-08-07,10081.55,10084.7,10075.75,10084.55,09:20:00,10056.096797078952,0,2
2017-08-07,10087.25,10087.55,10081.0,10081.8,09:25:00,10059.06376878572,0,3
2017-08-07,10084.6,10088.1,10078.1,10086.75,09:30:00,10061.495790806126,0,4
2017-08-07,10076.7,10085.55,10076.35,10084.95,09:35:00,10062.943810729354,0,5
2017-08-07,10074.95,10076.3,10071.25,10076.05,09:40:00,10064.087257326555,0,6
2017-08-07,10073.8,10075.8,10071.45,10074.15,09:45:00,10065.012280438314,0,7
2017-08-07,10058.65,10074.7,10057.7,10073.75,09:50:00,10064.406348968,0,8
2017-08-07,10065.45,10065.55,10058.55,10058.8,09:55:00,10064.50574430438,0,9
2017-08-07,10066.7,10070.1,10065.05,10065.2,10:00:00,10064.714721037297,0,10
2017-08-07,10066.65,10067.7,10064.4,10066.55,10:05:00,10064.89903331946,0,11
2017-08-07,10074.35,10075.85,10066.0,10066.15,10:10:00,10065.799125384274,0,12
2017-08-07,10075.35,10076.7,10073.45,10073.9,10:15:00,10066.708732490531,0,13
2017-08-07,10070.35,10076.5,10069.15,10075.5,10:20:00,10067.055519872389,0,14
2017-08-07,10070.85,10071.95,10067.7,10070.45,10:25:00,10067.41689893216,0,15
2017-08-07,10075.35,10075.35,10069.15,10070.95,10:30:00,10068.172432367192,0,16
2017-08-07,10071.0,10076.3,10069.95,10075.05,10:35:00,10068.441724522698,0,17
2017-08-07,10072.45,10072.75,10067.05,10070.4,10:40:00,10068.823465044345,0,18
2017-08-07,10071.4,10073.75,10067.7,10072.4,10:45:00,10069.068849325837,0,19
2017-08-07,10076.85,10079.65,10071.65,10071.7,10:50:00,10069.809911294804,0,20
2017-08-07,10082.55,10083.55,10076.65,10077.0,10:55:00,10071.023253076251,0,21
2017-08-07,10084.0,10086.5,10081.85,10082.1,11:00:00,10072.259133735655,0,22
2017-08-07,10082.05,10084.15,10081.25,10084.05,11:05:00,10073.1915971894,0,23
2017-08-07,10079.0,10085.95,10078.65,10082.4,11:10:00,10073.744778409458,0,24
2017-08-07,10078.6,10081.35,10075.55,10078.1,11:15:00,10074.2071804657,0,25
2017-08-07,10080.1,10082.5,10078.3,10078.45,11:20:00,10074.768401373727,0,26
2017-08-07,10076.4,10081.05,10075.7,10080.15,11:25:00,10074.923791719088,0,27
2017-08-07,10075.7,10079.15,10074.6,10076.75,11:30:00,10074.99771631727,0,28
2017-08-07,10074.05,10076.3,10071.55,10076.3,11:35:00,10074.907457620386,0,29
2017-08-07,10072.2,10074.75,10070.75,10074.3,11:40:00,10074.649604513685,0,30
2017-08-07,10072.9,10074.15,10068.8,10072.35,11:45:00,10074.48297551238,0,31
2017-08-07,10073.45,10073.85,10071.1,10073.1,11:50:00,10074.384596892154,0,32
2017-08-07,10075.05,10076.3,10072.15,10073.85,11:55:00,10074.44796861671,0,33
2017-08-07,10071.45,10075.75,10071.45,10075.1,12:00:00,10074.162447796072,0,34
2017-08-07,10073.85,10073.95,10069.55,10071.7,12:05:00,10074.132690863113,0,35
2017-08-07,10070.95,10075.9,10069.8,10074.0,12:10:00,10073.829577447576,0,36
2017-08-07,10072.9,10073.4,10068.55,10071.0,12:15:00,10073.741046262094,0,37
2017-08-07,10072.45,10075.4,10071.2,10073.6,12:20:00,10073.618089475229,0,38
2017-08-07,10075.1,10076.4,10070.85,10073.1,12:25:00,10073.75922381092,0,39
2017-08-07,10071.8,10076.15,10070.9,10076.15,12:30:00,10073.572631067023,0,40
2017-08-07,10069.6,10072.55,10067.95,10072.55,12:35:00,10073.194285251117,0,41
2017-08-07,10070.2,10071.7,10068.95,10070.7,12:40:00,10072.9091152272,0,42
2017-08-07,10070.2,10071.5,10069.6,10070.85,12:45:00,10072.651104253184,0,43
2017-08-07,10069.65,10072.15,10068.35,10070.75,12:50:00,10072.3652848005,0,44
2017-08-07,10070.8,10072.5,10069.25,10070.6,12:55:00,10072.216210057595,0,45
2017-08-07,10071.3,10072.25,10070.3,10071.15,13:00:00,10072.12895195687,0,46
2017-08-07,10072.05,10074.1,10071.05,10071.7,13:05:00,10072.121432722884,0,47
2017-08-07,10073.05,10076.35,10071.85,10072.55,13:10:00,10072.209867701657,0,48
2017-08-07,10071.55,10073.7,10070.45,10073.2,13:15:00,10072.147023158645,0,49
2017-08-07,10067.4,10072.3,10065.75,10071.6,13:20:00,10071.694925714964,0,50
2017-08-07,10062.7,10068.5,10059.1,10068.05,13:25:00,10070.838266123064,0,51
2017-08-07,10068.75,10072.7,10061.3,10062.95,13:30:00,10070.63938363515,0,52
2017-08-07,10068.25,10070.4,10067.75,10068.4,13:35:00,10070.411823288949,0,53
2017-08-07,10063.85,10068.35,10063.2,10068.15,13:40:00,10069.78688773762,0,54
2017-08-07,10067.9,10069.95,10063.0,10063.7,13:45:00,10069.60718414356,0,55
2017-08-07,10065.15,10069.4,10063.4,10068.1,13:50:00,10069.182690415602,0,56
2017-08-07,10067.85,10069.25,10062.85,10064.85,13:55:00,10069.05576751888,0,57
2017-08-07,10066.15,10068.5,10065.4,10067.8,14:00:00,10068.779027755176,0,58
2017-08-07,10073.4,10077.6,10064.45,10065.55,14:05:00,10069.21912034992,0,59
2017-08-07,10071.75,10074.4,10071.35,10073.2,14:10:00,10069.460156507072,0,60
2017-08-07,10071.8,10076.1,10070.7,10073.95,14:15:00,10069.682998744494,0,61
2017-08-07,10071.55,10074.4,10070.2,10073.45,14:20:00,10069.860808387875,0,62
2017-08-07,10074.05,10076.0,10069.8,10072.4,14:25:00,10070.2597790176,0,63
2017-08-07,10078.25,10079.65,10072.5,10074.1,14:30:00,10071.020752444496,0,64
2017-08-07,10075.05,10082.2,10074.15,10079.0,14:35:00,10071.404490306924,0,65
2017-08-07,10076.5,10080.7,10074.65,10077.35,14:40:00,10071.88977694436,0,66
2017-08-07,10072.45,10078.3,10072.45,10078.3,14:45:00,10071.943131521086,0,67
2017-08-07,10074.25,10074.8,10070.65,10072.7,14:50:00,10072.162833280983,0,68
2017-08-07,10072.2,10076.35,10071.95,10075.95,14:55:00,10072.166372968508,0,69
2017-08-07,10071.25,10074.15,10068.85,10074.15,15:00:00,10072.07909935246,0,70
2017-08-07,10067.75,10072.45,10067.45,10070.45,15:05:00,10071.666804176037,0,71
2017-08-07,10054.8,10068.15,10053.6,10067.2,15:10:00,10070.060441873557,0,72
2017-08-07,10056.0,10056.8,10050.75,10056.3,15:15:00,10068.721352171313,0,73
2017-08-07,10053.8,10057.25,10050.25,10055.55,15:20:00,10067.30027101214,0,74
2017-08-07,10050.3,10054.05,10046.35,10053.85,15:25:00,10065.681197582411,0,75
2017-08-08,10076.95,10083.8,10066.15,10066.15,09:15:00,10066.754416860278,1,1
2017-08-08,10075.25,10083.55,10073.7,10077.2,09:20:00,10067.563520016442,1,2
2017-08-08,10074.9,10080.3,10071.9,10075.4,09:25:00,10068.262232395828,1,3
2017-08-08,10066.35,10076.35,10061.9,10075.15,09:30:00,10068.080115024795,1,4
2017-08-08,10072.15,10074.3,10064.65,10066.2,09:35:00,10068.467723117674,1,5
2017-08-08,10060.2,10073.15,10058.1,10071.95,09:40:00,10067.680320915992,1,6
2017-08-08,10033.0,10060.5,10030.6,10060.5,09:45:00,10064.377433209707,1,7
2017-08-08,10029.85,10038.25,10026.95,10032.7,09:50:00,10061.089106237354,1,8
2017-08-08,10005.85,10030.05,10005.85,10030.05,09:55:00,10055.828238976654,1,9
2017-08-08,10013.95,10018.3,10001.8,10005.1,10:00:00,10051.839835264593,1,10
2017-08-08,10004.5,10017.85,10002.8,10014.2,10:05:00,10047.331279525108,1,11
2017-08-08,9985.6,10004.65,9981.5,10004.55,10:10:00,10041.452110046526,1,12
2017-08-08,9971.6,9985.85,9947.0,9985.55,10:15:00,10034.799528137331,1,13
2017-08-08,9980.0,9980.0,9962.7,9970.55,10:20:00,10029.580525457588,1,14
2017-08-08,9987.35,9987.55,9978.85,9980.05,10:25:00,10025.558570652103,1,15
2017-08-08,9984.65,9992.65,9980.35,9987.9,10:30:00,10021.662516304285,1,16
2017-08-08,9989.55,9990.1,9980.05,9984.85,10:35:00,10018.60418141816,1,17
2017-08-08,9989.0,9991.3,9981.9,9989.4,10:40:00,10015.784735568814,1,18
2017-08-08,9996.2,9998.05,9985.25,9988.25,10:45:00,10013.919522657498,1,19
2017-08-08,9995.7,9999.8,9994.25,9996.05,10:50:00,10012.18433002345,1,20
2017-08-08,9994.85,9997.3,9990.4,9995.95,10:55:00,10010.533441449788,1,21
2017-08-08,9998.05,9998.7,9992.95,9995.0,11:00:00,10009.344542264094,1,22
2017-08-08,9997.2,9998.9,9993.95,9998.45,11:05:00,10008.187919191325,1,23
2017-08-08,10002.05,10002.6,9996.9,9997.1,11:10:00,10007.603355458818,1,24
2017-08-08,10005.5,10010.25,9999.35,10002.6,11:15:00,10007.403035891311,1,25
2017-08-08,10014.15,10015.75,9999.75,10005.3,11:20:00,10008.045603901664,1,26
2017-08-08,10020.15,10022.05,10012.1,10013.4,11:25:00,10009.198403530076,1,27
2017-08-08,10013.6,10021.6,10012.95,10020.0,11:30:00,10009.617603193878,1,28
2017-08-08,10009.6,10014.0,10008.7,10013.7,11:35:00,10009.615926699222,1,29
2017-08-08,10014.85,10015.1,10008.1,10009.25,11:40:00,10010.114409870725,1,30
2017-08-08,10005.85,10015.3,10004.25,10014.9,11:45:00,10009.70827559732,1,31
2017-08-08,10002.25,10005.95,10001.15,10005.75,11:50:00,10008.997963635671,1,32
2017-08-08,9998.25,10002.4,9994.7,10002.4,11:55:00,10007.974348051324,1,33
2017-08-08,10004.25,10005.5,9995.3,9998.55,12:00:00,10007.61964823691,1,34
2017-08-08,10002.7,10006.4,10002.2,10004.2,12:05:00,10007.151110309584,1,35
2017-08-08,10003.65,10004.25,10001.85,10002.95,12:10:00,10006.817671232482,1,36
2017-08-08,10009.25,10010.0,10003.1,10004.25,12:15:00,10007.049321591294,1,37
2017-08-08,10003.9,10009.8,10003.4,10009.3,12:20:00,10006.749386201647,1,38
2017-08-08,10002.85,10004.05,10000.2,10004.0,12:25:00,10006.378016087205,1,39
2017-08-08,10007.75,10009.0,10002.75,10003.2,12:30:00,10006.508681221756,1,40
2017-08-08,10002.15,10007.1,10002.15,10006.95,12:35:00,10006.093568724447,1,41
2017-08-08,10003.4,10006.9,10000.05,10002.85,12:40:00,10005.837038369738,1,42
2017-08-08,10003.15,10004.6,10002.0,10003.65,12:45:00,10005.581129953573,1,43
2017-08-08,10007.05,10008.25,10002.4,10003.1,12:50:00,10005.721022338948,1,44
2017-08-08,10007.55,10013.5,10006.95,10007.15,12:55:00,10005.89521068762,1,45
2017-08-08,10002.3,10008.45,10001.9,10008.35,13:00:00,10005.55280966975,1,46
2017-08-08,10007.75,10010.0,10002.45,10003.35,13:05:00,10005.76206589168,1,47
2017-08-08,10005.25,10008.55,10001.95,10008.55,13:10:00,10005.71329771152,1,48
2017-08-08,10007.05,10010.2,10004.4,10006.0,13:15:00,10005.840602691374,1,49
2017-08-08,9994.45,10010.4,9994.1,10008.1,13:20:00,10004.755783387434,1,50
2017-08-08,9983.55,9997.6,9983.55,9994.75,13:25:00,10002.736184969584,1,51
2017-08-08,9981.35,9986.85,9977.9,9983.2,13:30:00,10000.69940544867,1,52
2017-08-08,9983.8,9988.05,9979.95,9981.15,13:35:00,9999.089938263083,1,53
2017-08-08,9977.95,9983.65,9970.5,9983.65,13:40:00,9997.076610809456,1,54
2017-08-08,9981.1,9981.45,9972.35,9977.75,13:45:00,9995.555028827604,1,55
2017-08-08,9992.75,9995.85,9980.45,9981.2,13:50:00,9995.287883224975,1,56
2017-08-08,9985.6,9993.05,9983.0,9992.8,13:55:00,9994.365227679742,1,57
2017-08-08,9980.6,9988.55,9980.05,9986.0,14:00:00,9993.054253615004,1,58
2017-08-08,9980.65,9985.85,9979.75,9980.45,14:05:00,9991.87289612786,1,59
2017-08-08,9983.4,9988.75,9980.35,9980.75,14:10:00,9991.065953639492,1,60
2017-08-08,9988.3,9992.15,9983.45,9983.45,14:15:00,9990.80252948335,1,61
2017-08-08,9991.45,9993.4,9983.85,9988.25,14:20:00,9990.86419334208,1,62
2017-08-08,9986.75,9992.85,9985.85,9991.4,14:25:00,9990.472365404738,1,63
2017-08-08,9986.85,9990.6,9985.9,9986.6,14:30:00,9990.127378223337,1,64
2017-08-08,9976.85,9986.85,9968.1,9986.35,14:35:00,9988.862866011588,1,65
2017-08-08,9976.85,9979.4,9971.3,9976.6,14:40:00,9987.718783534294,1,66
2017-08-08,9982.8,9982.8,9975.2,9976.95,14:45:00,9987.2503279596,1,67
2017-08-08,9982.55,9984.3,9980.2,9982.7,14:50:00,9986.802677677731,1,68
2017-08-08,9971.25,9983.15,9971.0,9982.6,14:55:00,9985.321470279854,1,69
2017-08-08,9979.0,9982.45,9970.95,9970.95,15:00:00,9984.719425491296,1,70
2017-08-08,9975.85,9980.4,9975.25,9978.9,15:05:00,9983.874718301651,1,71
2017-08-08,9972.15,9977.5,9970.7,9975.8,15:10:00,9982.7580784634,1,72
2017-08-08,9985.4,9987.0,9971.25,9972.6,15:15:00,9983.009690038314,1,73
2017-08-08,9981.2,9987.6,9978.45,9986.0,15:20:00,9982.837338606094,1,74
2017-08-08,9978.15,9983.3,9975.6,9981.25,15:25:00,9982.390925405512,1,75
2017-08-09,9939.45,9961.2,9939.45,9956.6,09:15:00,9978.30131346213,2,1
2017-08-09,9935.55,9947.75,9927.9,9939.2,09:20:00,9974.229759799073,2,2
2017-08-09,9936.15,9938.35,9925.9,9936.1,09:25:00,9970.603116008682,2,3
2017-08-09,9946.75,9948.55,9933.85,9936.6,09:30:00,9968.33139067452,2,4
2017-08-09,9952.7,9953.2,9942.75,9946.85,09:35:00,9966.842686800755,2,5
2017-08-09,9951.55,9953.35,9948.5,9952.75,09:40:00,9965.38624043878,2,6
2017-08-09,9955.55,9957.5,9951.75,9951.75,09:45:00,9964.449455635087,2,7
2017-08-09,9952.45,9955.45,9945.95,9955.25,09:50:00,9963.306650336508,2,8
2017-08-09,9953.05,9956.55,9952.2,9952.7,09:55:00,9962.329826494935,2,9
2017-08-09,9946.65,9953.65,9943.65,9953.35,10:00:00,9960.836509685892,2,10
2017-08-09,9950.05,9951.05,9946.2,9946.95,10:05:00,9959.80922304914,2,11
2017-08-09,9956.7,9960.75,9949.45,9950.15,10:10:00,9959.513106568267,2,12
2017-08-09,9961.75,9969.8,9956.05,9956.45,10:15:00,9959.726144037955,2,13
2017-08-09,9964.25,9965.2,9960.4,9962.05,10:20:00,9960.156987462911,2,14
2017-08-09,9965.1,9968.1,9963.65,9964.2,10:25:00,9960.627750561682,2,15
2017-08-09,9949.65,9964.85,9949.5,9964.85,10:30:00,9959.582250508189,2,16
2017-08-09,9954.35,9956.35,9945.3,9949.7,10:35:00,9959.08394093598,2,17
2017-08-09,9950.95,9958.05,9950.8,9954.4,10:40:00,9958.309279894458,2,18
2017-08-09,9949.15,9951.3,9944.85,9950.65,10:45:00,9957.436967523558,2,19
2017-08-09,9947.95,9952.85,9946.65,9949.35,10:50:00,9956.533446807029,2,20
2017-08-09,9948.0,9949.8,9946.55,9947.75,10:55:00,9955.72073758731,2,21
2017-08-09,9949.65,9949.85,9945.4,9948.1,11:00:00,9955.142572102804,2,22
2017-08-09,9948.3,9951.35,9947.9,9949.2,11:05:00,9954.490898569204,2,23
2017-08-09,9949.8,9951.25,9947.7,9948.35,11:10:00,9954.04414632452,2,24
2017-08-09,9943.0,9951.2,9943.0,9948.95,11:15:00,9952.992322865042,2,25
2017-08-09,9941.05,9943.8,9939.1,9943.2,11:20:00,9951.854958782656,2,26
2017-08-09,9939.2,9942.05,9937.7,9941.0,11:25:00,9950.64972461288,2,27
2017-08-09,9944.95,9945.1,9936.5,9939.15,11:30:00,9950.106893697368,2,28
2017-08-09,9944.5,9946.45,9942.7,9944.75,11:35:00,9949.572903821429,2,29
2017-08-09,9939.45,9944.6,9936.9,9944.45,11:40:00,9948.608817743198,2,30
2017-08-09,9938.25,9939.75,9937.95,9939.3,11:45:00,9947.622263672416,2,31
2017-08-09,9931.5,9938.05,9930.75,9938.05,11:50:00,9946.086809989329,2,32
2017-08-09,9937.05,9937.65,9929.3,9931.55,11:55:00,9945.226161418916,2,33
2017-08-09,9936.35,9939.85,9935.4,9937.15,12:00:00,9944.380812712354,2,34
2017-08-09,9939.05,9939.75,9934.3,9936.5,12:05:00,9943.87311626356,2,35
2017-08-09,9940.8,9941.1,9937.9,9939.55,12:10:00,9943.580438524174,2,36
2017-08-09,9942.5,9942.95,9937.5,9940.95,12:15:00,9943.47753961711,2,37
2017-08-09,9942.8,9943.9,9941.2,9942.25,12:20:00,9943.413012034527,2,38
2017-08-09,9947.55,9949.3,9941.3,9942.85,12:25:00,9943.807010888382,2,39
2017-08-09,9943.6,9948.8,9943.15,9947.75,12:30:00,9943.78729556568,2,40
2017-08-09,9944.55,9946.4,9942.9,9943.75,12:35:00,9943.859934083232,2,41
2017-08-09,9937.45,9946.05,9937.35,9944.8,12:40:00,9943.249464170543,2,42
2017-08-09,9939.25,9941.65,9937.15,9937.75,12:45:00,9942.868562820968,2,43
2017-08-09,9935.2,9939.4,9933.35,9939.35,12:50:00,9942.138223504686,2,44
2017-08-09,9942.0,9943.0,9935.1,9935.15,12:55:00,9942.125059361382,2,45
2017-08-09,9940.0,9942.55,9936.9,9942.55,13:00:00,9941.922672755536,2,46
2017-08-09,9941.35,9942.3,9938.65,9940.1,13:05:00,9941.868132493104,2,47
2017-08-09,9932.95,9941.95,9932.1,9941.55,13:10:00,9941.01878654138,2,48
2017-08-09,9935.3,9936.8,9930.35,9932.4,13:15:00,9940.474140204104,2,49
2017-08-09,9933.2,9936.5,9933.2,9935.45,13:20:00,9939.781364946572,2,50
2017-08-09,9932.5,9935.7,9931.7,9933.1,13:25:00,9939.087901618328,2,51
2017-08-09,9923.6,9933.3,9921.45,9932.55,13:30:00,9937.612863368964,2,52
2017-08-09,9925.7,9928.3,9923.45,9923.7,13:35:00,9936.478304952872,2,53
2017-08-09,9923.85,9925.8,9919.45,9925.8,13:40:00,9935.275609243075,2,54
2017-08-09,9919.0,9926.65,9918.15,9923.35,13:45:00,9933.725551219924,2,55
2017-08-09,9919.6,9919.6,9913.05,9918.6,13:50:00,9932.380260627551,2,56
2017-08-09,9915.9,9923.35,9914.9,9919.3,13:55:00,9930.810711996355,2,57
2017-08-09,9920.15,9921.95,9913.35,9916.15,14:00:00,9929.79540609194,2,58
2017-08-09,9917.4,9920.2,9912.8,9920.05,14:05:00,9928.61489122604,2,59
2017-08-09,9930.25,9930.4,9917.25,9917.55,14:10:00,9928.77061587118,2,60
2017-08-09,9924.0,9934.6,9923.95,9930.65,14:15:00,9928.316271502496,2,61
2017-08-09,9938.2,9938.5,9922.2,9923.9,14:20:00,9929.25757897845,2,62
2017-08-09,9943.35,9948.3,9938.5,9938.5,14:25:00,9930.599714313836,2,63
2017-08-09,9942.15,9946.15,9936.2,9942.8,14:30:00,9931.69974152204,2,64
2017-08-09,9960.55,9960.55,9940.75,9942.2,14:35:00,9934.44738518661,2,65
2017-08-09,9946.35,9961.0,9945.85,9960.9,14:40:00,9935.58096754979,2,66
2017-08-09,9943.95,9946.8,9939.5,9946.45,14:45:00,9936.378018259333,2,67
2017-08-09,9942.7,9945.15,9939.45,9943.8,14:50:00,9936.980111758445,2,68
2017-08-09,9933.55,9947.15,9931.05,9942.95,14:55:00,9936.653434448115,2,69
2017-08-09,9923.15,9936.25,9922.3,9933.5,15:00:00,9935.367393072103,2,70
2017-08-09,9917.85,9928.2,9917.3,9922.95,15:05:00,9933.69906992238,2,71
2017-08-09,9911.65,9919.75,9910.65,9917.75,15:10:00,9931.5991585012,2,72
2017-08-09,9897.15,9913.8,9895.65,9910.95,15:15:00,9928.318286262993,2,73
2017-08-09,9895.65,9899.15,9893.05,9896.85,15:20:00,9925.20702090461,2,74
2017-08-09,9899.2,9900.3,9894.25,9895.85,15:25:00,9922.730161770838,2,75
2017-08-10,9874.15,9879.2,9861.5,9871.45,09:15:00,9918.103479697424,3,1
2017-08-10,9874.65,9875.5,9858.2,9874.65,09:20:00,9913.965053059575,3,2
2017-08-10,9868.5,9875.25,9864.0,9875.1,09:25:00,9909.635048006285,3,3
2017-08-10,9858.9,9868.6,9850.95,9868.35,09:30:00,9904.803138672352,3,4
2017-08-10,9855.1,9861.8,9855.1,9859.35,09:35:00,9900.069506417844,3,5
2017-08-10,9845.9,9858.45,9844.35,9855.35,09:40:00,9894.910505806622,3,6
2017-08-10,9850.6,9850.6,9835.95,9846.65,09:45:00,9890.690457634562,3,7
2017-08-10,9863.6,9867.55,9848.45,9851.15,09:50:00,9888.110414050318,3,8
2017-08-10,9868.7,9868.75,9856.1,9863.65,09:55:00,9886.261803188385,3,9
2017-08-10,9852.6,9869.05,9852.35,9868.8,10:00:00,9883.055917170444,3,10
2017-08-10,9854.9,9860.1,9848.55,9852.3,10:05:00,9880.374401249448,3,11
2017-08-10,9853.5,9854.8,9850.6,9854.6,10:10:00,9877.814934463786,3,12
2017-08-10,9857.8,9860.6,9853.2,9853.25,10:15:00,9875.90875022914,3,13
2017-08-10,9860.0,9860.15,9855.8,9857.9,10:20:00,9874.393631159695,3,14
2017-08-10,9862.3,9866.75,9859.4,9859.75,10:25:00,9873.241856763536,3,15
2017-08-10,9863.1,9866.7,9860.45,9861.95,10:30:00,9872.2759656432,3,16
2017-08-10,9853.6,9863.1,9852.15,9862.95,10:35:00,9870.497302248608,3,17
2017-08-10,9856.85,9859.45,9852.7,9853.7,10:40:00,9869.197559177312,3,18
2017-08-10,9864.45,9865.2,9851.25,9856.6,10:45:00,9868.745410684234,3,19
2017-08-10,9870.75,9871.0,9863.8,9864.1,10:50:00,9868.936323952405,3,20
2017-08-10,9875.65,9876.65,9868.4,9871.1,10:55:00,9869.57572167122,3,21
2017-08-10,9877.0,9879.6,9873.65,9876.25,11:00:00,9870.282795797772,3,22
2017-08-10,9890.45,9891.8,9875.85,9877.5,11:05:00,9872.203481912273,3,23
2017-08-10,9889.4,9892.65,9887.1,9890.7,11:10:00,9873.841245539674,3,24
2017-08-10,9882.8,9891.15,9882.8,9890.3,11:15:00,9874.69446025018,3,25
2017-08-10,9886.25,9888.15,9880.55,9883.25,11:20:00,9875.794987845402,3,26
2017-08-10,9884.55,9887.95,9883.6,9886.8,11:25:00,9876.628798526792,3,27
2017-08-10,9877.4,9884.9,9873.8,9884.6,11:30:00,9876.702246286146,3,28
2017-08-10,9873.85,9879.8,9872.25,9877.45,11:35:00,9876.430603782705,3,29
2017-08-10,9879.45,9880.15,9870.5,9872.7,11:40:00,9876.71816532721,3,30
2017-08-10,9879.25,9881.75,9878.05,9879.05,11:45:00,9876.959292438904,3,31
2017-08-10,9876.3,9879.4,9873.25,9879.0,11:50:00,9876.896502682815,3,32
2017-08-10,9879.85,9879.9,9873.85,9875.95,11:55:00,9877.177788141598,3,33
2017-08-10,9878.3,9883.0,9877.55,9880.0,12:00:00,9877.284665461446,3,34
2017-08-10,9881.5,9882.2,9877.15,9878.85,12:05:00,9877.68612589369,3,35
2017-08-10,9871.8,9881.2,9869.75,9881.2,12:10:00,9877.125542475242,3,36
2017-08-10,9864.45,9871.95,9864.45,9871.7,12:15:00,9875.918347953791,3,37
2017-08-10,9876.75,9876.75,9863.15,9864.35,12:20:00,9875.997552910572,3,38
2017-08-10,9872.5,9877.75,9871.7,9877.2,12:25:00,9875.664452633377,3,39
2017-08-10,9866.95,9872.55,9865.85,9872.35,12:30:00,9874.83450476353,3,40
2017-08-10,9866.95,9868.65,9864.1,9867.3,12:35:00,9874.083599547956,3,41
2017-08-10,9871.8,9873.1,9864.6,9867.25,12:40:00,9873.866113876722,3,42
2017-08-10,9871.05,9874.25,9869.35,9871.55,12:45:00,9873.59791255513,3,43
2017-08-10,9865.45,9872.15,9865.4,9870.85,12:50:00,9872.821920883212,3,44
2017-08-10,9860.6,9866.95,9858.15,9865.65,12:55:00,9871.657928418144,3,45
2017-08-10,9857.35,9863.6,9857.35,9860.85,13:00:00,9870.295268568796,3,46
2017-08-10,9852.25,9858.6,9851.85,9857.7,13:05:00,9868.576671562245,3,47
2017-08-10,9856.6,9858.55,9851.9,9852.35,13:10:00,9867.436036175362,3,48
2017-08-10,9850.35,9857.05,9850.35,9857.05,13:15:00,9865.808794634851,3,49
2017-08-10,9852.45,9852.75,9848.9,9850.3,13:20:00,9864.536528479151,3,50
2017-08-10,9851.2,9855.5,9850.0,9852.95,13:25:00,9863.26638290971,3,51
2017-08-10,9847.45,9854.65,9844.75,9850.85,13:30:00,9861.760060727833,3,52
2017-08-10,9841.55,9847.8,9837.8,9847.7,13:35:00,9859.835293039469,3,53
2017-08-10,9842.2,9852.8,9839.4,9839.85,13:40:00,9858.155741321423,3,54
2017-08-10,9840.45,9845.85,9839.1,9842.45,13:45:00,9856.469480243191,3,55
2017-08-10,9858.3,9858.3,9839.45,9840.9,13:50:00,9856.643815458125,3,56
2017-08-10,9854.2,9861.75,9853.95,9858.25,13:55:00,9856.41107112878,3,57
2017-08-10,9845.95,9854.35,9844.25,9853.9,14:00:00,9855.414778640325,3,58
2017-08-10,9851.55,9852.55,9847.1,9847.6,14:05:00,9855.046704484104,3,59
2017-08-10,9856.5,9859.55,9851.2,9853.1,14:10:00,9855.185113580856,3,60
2017-08-10,9842.6,9859.15,9842.25,9859.05,14:15:00,9853.98653133506,3,61
2017-08-10,9848.3,9852.85,9844.6,9845.65,14:20:00,9853.444956922196,3,62
2017-08-10,9838.9,9851.15,9837.35,9850.55,14:25:00,9852.059722929604,3,63
2017-08-10,9835.7,9839.9,9824.45,9839.9,14:30:00,9850.501654079168,3,64
2017-08-10,9826.6,9836.85,9821.3,9835.55,14:35:00,9848.225306071628,3,65
2017-08-10,9818.5,9829.95,9818.5,9829.5,14:40:00,9845.394324540996,3,66
2017-08-10,9811.9,9821.75,9807.25,9821.75,14:45:00,9842.204388870428,3,67
2017-08-10,9798.55,9815.35,9798.55,9814.6,14:50:00,9838.046828025625,3,68
2017-08-10,9795.35,9800.6,9777.0,9798.15,14:55:00,9833.980463451757,3,69
2017-08-10,9814.25,9815.2,9795.55,9796.55,15:00:00,9832.101371694444,3,70
2017-08-10,9817.35,9817.75,9804.6,9814.5,15:05:00,9830.696479152117,3,71
2017-08-10,9814.95,9818.85,9810.45,9818.85,15:10:00,9829.19681447096,3,72
2017-08-10,9825.05,9825.85,9814.5,9816.35,15:15:00,9828.80187975944,3,73
2017-08-10,9838.1,9841.15,9776.2,9825.1,15:20:00,9829.687415020448,3,74
2017-08-10,9851.85,9852.3,9837.4,9838.5,15:25:00,9831.798137399452,3,75
2017-08-11,9723.9,9731.35,9704.35,9704.35,09:15:00,9821.52212431379,4,1
2017-08-11,9731.15,9736.5,9716.55,9723.0,09:20:00,9812.915255331523,4,2
2017-08-11,9712.15,9733.25,9712.15,9731.5,09:25:00,9803.31856434757,4,3
2017-08-11,9738.05,9740.35,9709.3,9711.95,09:30:00,9797.102510600182,4,4
2017-08-11,9737.6,9742.95,9733.9,9738.75,09:35:00,9791.435604828735,4,5
2017-08-11,9735.3,9736.45,9723.9,9736.45,09:40:00,9786.089356749808,4,6
2017-08-11,9727.7,9741.85,9727.7,9735.45,09:45:00,9780.52846563078,4,7
2017-08-11,9725.7,9730.7,9722.3,9727.5,09:50:00,9775.306706999276,4,8
2017-08-11,9719.7,9728.1,9716.35,9726.2,09:55:00,9770.0108301422,4,9
2017-08-11,9718.45,9719.35,9710.7,9719.35,10:00:00,9765.100274890565,4,10
2017-08-11,9719.8,9728.6,9717.95,9717.95,10:05:00,9760.785962996222,4,11
2017-08-11,9731.3,9731.4,9718.95,9719.35,10:10:00,9757.9777760442,4,12
2017-08-11,9735.75,9738.4,9731.0,9731.0,10:15:00,9755.860844992372,4,13
2017-08-11,9729.65,9742.55,9729.0,9735.1,10:20:00,9753.364574040716,4,14
2017-08-11,9751.1,9751.1,9730.6,9730.6,10:25:00,9753.148900322552,4,15
2017-08-11,9747.55,9757.55,9745.8,9751.65,10:30:00,9752.615671720405,4,16
2017-08-11,9746.85,9753.55,9743.3,9747.25,10:35:00,9752.066560127983,4,17
2017-08-11,9750.6,9751.2,9744.3,9747.1,10:40:00,9751.926887734844,4,18
2017-08-11,9745.4,9751.8,9744.1,9751.2,10:45:00,9751.305279379145,4,19
2017-08-11,9737.4,9747.45,9737.4,9745.9,10:50:00,9749.98096705732,4,20
2017-08-11,9739.95,9744.55,9736.5,9737.6,10:55:00,9749.025636861386,4,21
2017-08-11,9742.5,9744.95,9738.5,9739.85,11:00:00,9748.404147636493,4,22
2017-08-11,9748.1,9748.7,9740.35,9741.75,11:05:00,9748.375181194922,4,23
2017-08-11,9750.15,9752.6,9747.6,9748.35,11:10:00,9748.544211557311,4,24
2017-08-11,9750.45,9753.65,9750.25,9750.75,11:15:00,9748.72571521852,4,25
2017-08-11,9747.0,9749.9,9739.4,9749.8,11:20:00,9748.561361388183,4,26
2017-08-11,9747.25,9750.35,9746.85,9747.55,11:25:00,9748.436469827404,4,27
2017-08-11,9745.5,9748.35,9741.3,9747.35,11:30:00,9748.156806034318,4,28
2017-08-11,9750.1,9754.85,9745.85,9745.9,11:35:00,9748.341872126288,4,29
2017-08-11,9747.6,9751.15,9745.95,9750.35,11:40:00,9748.27121763807,4,30
2017-08-11,9758.65,9760.4,9747.95,9748.1,11:45:00,9749.25967310111,4,31
2017-08-11,9758.1,9760.2,9753.3,9759.2,11:50:00,9750.101608996243,4,32
2017-08-11,9757.7,9759.25,9751.9,9757.65,11:55:00,9750.825265282314,4,33
2017-08-11,9764.6,9767.9,9755.2,9757.15,12:00:00,9752.137144779235,4,34
2017-08-11,9759.0,9771.65,9758.4,9764.7,12:05:00,9752.790750038355,4,35
2017-08-11,9756.3,9766.75,9756.3,9759.5,12:10:00,9753.124964320416,4,36
2017-08-11,9747.0,9757.15,9746.65,9756.6,12:15:00,9752.54163438514,4,37
2017-08-11,9749.0,9754.35,9745.1,9746.85,12:20:00,9752.20433587227,4,38
2017-08-11,9748.4,9749.3,9744.1,9748.65,12:25:00,9751.842018170148,4,39
2017-08-11,9743.75,9748.85,9743.6,9748.7,12:30:00,9751.07134977299,4,40
2017-08-11,9740.6,9744.8,9736.85,9743.85,12:35:00,9750.07407836604,4,41
2017-08-11,9746.15,9747.75,9740.05,9740.8,12:40:00,9749.700356616891,4,42
2017-08-11,9752.8,9753.5,9746.0,9746.1,12:45:00,9749.99556074862,4,43
2017-08-11,9748.7,9752.6,9747.8,9752.45,12:50:00,9749.872174010656,4,44
2017-08-11,9744.8,9751.65,9744.8,9748.75,12:55:00,9749.389109819163,4,45
2017-08-11,9735.85,9744.95,9735.85,9744.95,13:00:00,9748.09967078877,4,46
2017-08-11,9734.2,9739.15,9730.0,9736.75,13:05:00,9746.775892618412,4,47
2017-08-11,9738.1,9738.1,9726.55,9734.75,13:10:00,9745.949617130944,4,48
2017-08-11,9742.35,9744.0,9732.2,9738.2,13:15:00,9745.606796451806,4,49
2017-08-11,9738.1,9744.8,9735.1,9742.3,13:20:00,9744.891863456396,4,50
2017-08-11,9733.2,9738.35,9732.2,9737.7,13:25:00,9743.778352651025,4,51
2017-08-11,9730.35,9735.95,9729.6,9732.95,13:30:00,9742.499461922356,4,52
2017-08-11,9725.5,9730.55,9721.8,9730.25,13:35:00,9740.880465548798,4,53
2017-08-11,9722.1,9727.6,9721.65,9724.5,13:40:00,9739.091849782246,4,54
2017-08-11,9718.3,9726.75,9715.55,9723.05,13:45:00,9737.111673612508,4,55
2017-08-11,9730.45,9730.45,9714.45,9717.85,13:50:00,9736.477228506556,4,56
2017-08-11,9710.45,9731.3,9708.15,9730.5,13:55:00,9733.998444839264,4,57
2017-08-11,9703.3,9710.75,9694.6,9710.25,14:00:00,9731.074783426002,4,58
2017-08-11,9700.3,9710.3,9698.6,9702.0,14:05:00,9728.143851671146,4,59
2017-08-11,9701.65,9704.8,9698.7,9700.75,14:10:00,9725.620627702468,4,60
2017-08-11,9692.3,9709.25,9687.95,9701.7,14:15:00,9722.447234587948,4,61
2017-08-11,9696.75,9700.55,9686.7,9692.0,14:20:00,9719.999878912906,4,62
2017-08-11,9712.8,9713.4,9696.25,9696.5,14:25:00,9719.314176159296,4,63
2017-08-11,9706.35,9715.85,9698.1,9712.3,14:30:00,9718.079492715551,4,64
2017-08-11,9699.85,9712.05,9699.35,9705.4,14:35:00,9716.343350552166,4,65
2017-08-11,9700.9,9702.75,9695.55,9699.6,14:40:00,9714.872555261483,4,66
2017-08-11,9704.4,9708.45,9700.65,9700.95,14:45:00,9713.875169046103,4,67
2017-08-11,9703.5,9711.9,9703.0,9704.3,14:50:00,9712.88705770838,4,68
2017-08-11,9691.95,9704.7,9685.55,9703.3,14:55:00,9710.893052212345,4,69
2017-08-11,9699.5,9704.6,9686.6,9691.35,15:00:00,9709.80799962069,4,70
2017-08-11,9702.6,9707.25,9698.6,9699.4,15:05:00,9709.121523466338,4,71
2017-08-11,9717.3,9721.25,9702.3,9703.05,15:10:00,9709.900425993354,4,72
2017-08-11,9720.5,9724.7,9714.8,9716.4,15:15:00,9710.90990923208,4,73
2017-08-11,9716.25,9719.4,9711.4,9719.4,15:20:00,9711.418489305215,4,74
2017-08-11,9712.95,9716.4,9710.0,9716.4,15:25:00,9711.564347466625,4,75
2017-08-14,9763.2,9773.0,9752.1,9752.1,09:15:00,9716.48202866028,0,1
2017-08-14,9759.15,9771.25,9758.7,9762.5,09:20:00,9720.545644978349,0,2
2017-08-14,9774.35,9774.35,9759.15,9759.65,09:25:00,9725.669869266125,0,3
2017-08-14,9774.0,9777.65,9766.35,9774.75,09:30:00,9730.272738859829,0,4
2017-08-14,9777.85,9783.55,9768.25,9774.6,09:35:00,9734.803906587464,0,5
2017-08-14,9787.45,9789.55,9776.55,9777.3,09:40:00,9739.8178202458,0,6
2017-08-14,9781.95,9787.55,9774.2,9787.0,09:45:00,9743.83040879382,0,7
2017-08-14,9790.75,9790.75,9779.2,9782.25,09:50:00,9748.298941289648,0,8
2017-08-14,9784.8,9793.55,9784.05,9790.4,09:55:00,9751.775232595395,0,9
2017-08-14,9780.55,9790.6,9779.85,9784.9,10:00:00,9754.51568663393,0,10
2017-08-14,9787.55,9788.65,9778.65,9780.35,10:05:00,9757.661811716413,0,11
2017-08-14,9782.25,9790.05,9781.2,9787.8,10:10:00,9760.003543933895,0,12
2017-08-14,9779.3,9782.65,9776.1,9782.15,10:15:00,9761.841301654478,0,13
2017-08-14,9780.95,9781.3,9776.05,9779.15,10:20:00,9763.661177687383,0,14
2017-08-14,9783.55,9785.95,9780.6,9781.3,10:25:00,9765.555351240968,0,15
2017-08-14,9783.3,9784.35,9780.9,9783.75,10:30:00,9767.245317789448,0,16
2017-08-14,9787.95,9788.05,9782.6,9783.55,10:35:00,9769.21719228569,0,17
2017-08-14,9789.6,9791.75,9786.35,9788.0,10:40:00,9771.158412068004,0,18
2017-08-14,9784.95,9789.9,9784.15,9789.65,10:45:00,9772.471896632956,0,19
2017-08-14,9782.65,9787.3,9780.7,9784.65,10:50:00,9773.441239810769,0,20
2017-08-14,9783.4,9785.65,9780.65,9782.6,10:55:00,9774.389693162124,0,21
2017-08-14,9788.45,9789.65,9782.6,9783.55,11:00:00,9775.728770003829,0,22
2017-08-14,9789.8,9791.9,9787.85,9787.85,11:05:00,9777.06888714632,0,23
2017-08-14,9784.3,9791.7,9782.6,9789.75,11:10:00,9777.757564560956,0,24
2017-08-14,9786.9,9787.7,9783.05,9783.95,11:15:00,9778.628272698008,0,25
2017-08-14,9784.95,9788.0,9783.1,9786.7,11:20:00,9779.230341964863,0,26
2017-08-14,9786.65,9789.7,9784.2,9785.05,11:25:00,9779.936976063447,0,27
2017-08-14,9788.05,9790.05,9785.95,9786.6,11:30:00,9780.709645009783,0,28
2017-08-14,9787.85,9791.75,9786.6,9787.9,11:35:00,9781.389678818376,0,29
2017-08-14,9795.4,9795.4,9783.95,9788.1,11:40:00,9782.723995121389,0,30
2017-08-14,9795.6,9797.15,9793.2,9795.0,11:45:00,9783.950281300302,0,31
2017-08-14,9800.0,9800.25,9795.0,9795.1,11:50:00,9785.47882593837,0,32
2017-08-14,9805.1,9806.75,9799.1,9799.65,11:55:00,9787.347509182337,0,33
2017-08-14,9801.05,9806.85,9797.3,9805.2,12:00:00,9788.652508307829,0,34
2017-08-14,9797.15,9801.8,9794.9,9801.35,12:05:00,9789.46179323089,0,35
2017-08-14,9790.35,9797.2,9790.05,9797.1,12:10:00,9789.546384351755,0,36
2017-08-14,9792.35,9793.8,9790.0,9790.0,12:15:00,9789.813395365876,0,37
2017-08-14,9794.1,9797.2,9791.55,9792.65,12:20:00,9790.221643426268,0,38
2017-08-14,9796.8,9796.8,9791.8,9793.8,12:25:00,9790.848153576148,0,39
2017-08-14,9792.25,9798.5,9792.0,9796.5,12:30:00,9790.981662759372,0,40
2017-08-14,9790.75,9793.15,9788.3,9792.3,12:35:00,9790.959599639433,0,41
2017-08-14,9796.65,9796.65,9790.7,9790.7,12:40:00,9791.501542530916,0,42
2017-08-14,9797.6,9798.5,9795.9,9796.6,12:45:00,9792.082348004162,0,43
2017-08-14,9796.65,9799.85,9795.75,9797.25,12:50:00,9792.517362479955,0,44
2017-08-14,9796.9,9798.95,9794.9,9796.4,12:55:00,9792.934756529485,0,45
2017-08-14,9798.0,9798.85,9795.5,9796.4,13:00:00,9793.417160669533,0,46
2017-08-14,9799.7,9799.7,9796.05,9798.05,13:05:00,9794.015526320052,0,47
2017-08-14,9803.2,9804.3,9799.75,9800.15,13:10:00,9794.890238099097,0,48
2017-08-14,9803.95,9806.4,9802.2,9803.0,13:15:00,9795.753072565847,0,49
2017-08-14,9802.15,9805.9,9801.4,9803.75,13:20:00,9796.362303750053,0,50
2017-08-14,9798.7,9802.75,9794.5,9801.65,13:25:00,9796.584941488143,0,51
2017-08-14,9800.95,9802.5,9797.95,9798.5,13:30:00,9797.000661346414,0,52
2017-08-14,9801.9,9802.65,9800.15,9800.75,13:35:00,9797.467265027708,0,53
2017-08-14,9798.45,9802.15,9797.65,9801.3,13:40:00,9797.560858834591,0,54
2017-08-14,9797.35,9799.65,9794.55,9798.4,13:45:00,9797.540777040824,0,55
2017-08-14,9802.25,9802.75,9796.6,9797.05,13:50:00,9797.989274465506,0,56
2017-08-14,9805.15,9811.4,9801.5,9801.7,13:55:00,9798.671248325934,0,57
2017-08-14,9807.8,9807.9,9804.55,9804.9,14:00:00,9799.540653247275,0,58
2017-08-14,9802.35,9809.8,9800.65,9807.6,14:05:00,9799.808210080868,0,59
2017-08-14,9803.25,9804.1,9800.75,9802.0,14:10:00,9800.135999596976,0,60
2017-08-14,9801.7,9810.25,9800.75,9803.05,14:15:00,9800.284952016313,0,61
2017-08-14,9801.5,9806.8,9800.7,9801.8,14:20:00,9800.400670871904,0,62
2017-08-14,9804.5,9807.7,9801.4,9802.55,14:25:00,9800.791083169815,0,63
2017-08-14,9812.75,9814.45,9804.1,9806.05,14:30:00,9801.930027629836,0,64
2017-08-14,9811.85,9817.85,9811.05,9813.85,14:35:00,9802.874786903183,0,65
2017-08-14,9809.3,9812.5,9808.7,9812.5,14:40:00,9803.486711960026,0,66
2017-08-14,9812.05,9818.3,9809.35,9811.45,14:45:00,9804.30226320193,0,67
2017-08-14,9810.35,9814.8,9806.75,9814.8,14:50:00,9804.87823813508,0,68
2017-08-14,9812.7,9814.7,9804.65,9809.95,14:55:00,9805.6231678365,0,69
2017-08-14,9798.1,9814.4,9797.3,9814.4,15:00:00,9804.906675661596,0,70
2017-08-14,9794.35,9799.75,9792.15,9798.55,15:05:00,9803.901277979538,0,71
2017-08-14,9796.85,9802.95,9796.7,9796.9,15:10:00,9803.229727695772,0,72
2017-08-14,9791.15,9799.6,9788.8,9797.0,15:15:00,9802.079277439032,0,73
2017-08-14,9781.55,9790.5,9781.55,9790.5,15:20:00,9800.124108159123,0,74
2017-08-14,9790.1,9791.65,9780.75,9781.6,15:25:00,9799.169431191587,0,75
2017-08-16,9815.25,9830.75,9809.6,9817.15,09:15:00,9800.700913935249,2,1
2017-08-16,9823.7,9825.95,9812.3,9816.2,09:20:00,9802.891303084272,2,2
2017-08-16,9809.6,9824.9,9807.6,9824.5,09:25:00,9803.530226600056,2,3
2017-08-16,9787.5,9808.8,9786.2,9808.8,09:30:00,9802.003538352432,2,4
2017-08-16,9779.4,9792.25,9775.4,9787.15,09:35:00,9799.850820414104,2,5
2017-08-16,9784.85,9786.9,9776.55,9779.6,09:40:00,9798.422170850858,2,6
2017-08-16,9783.65,9785.9,9773.85,9784.15,09:45:00,9797.01529743649,2,7
2017-08-16,9785.05,9787.45,9778.05,9783.55,09:50:00,9795.875745299682,2,8
2017-08-16,9790.85,9794.95,9785.3,9786.0,09:55:00,9795.397102890189,2,9
2017-08-16,9787.85,9793.2,9786.9,9790.45,10:00:00,9794.67833118636,2,10
2017-08-16,9781.2,9787.9,9779.5,9787.7,10:05:00,9793.394680597185,2,11
2017-08-16,9789.65,9791.25,9779.35,9781.45,10:10:00,9793.038044349832,2,12
2017-08-16,9795.1,9796.2,9789.65,9789.85,10:15:00,9793.23442107842,2,13
2017-08-16,9796.35,9801.7,9794.75,9794.95,10:20:00,9793.531142880474,2,14
2017-08-16,9796.65,9796.65,9792.7,9796.15,10:25:00,9793.828176891857,2,15
2017-08-16,9799.05,9801.45,9796.5,9796.8,10:30:00,9794.325493378346,2,16
2017-08-16,9802.05,9802.05,9796.8,9799.15,10:35:00,9795.061160675648,2,17
2017-08-16,9802.0,9805.75,9799.25,9801.7,10:40:00,9795.72200251606,2,18
2017-08-16,9803.15,9805.2,9800.45,9802.3,10:45:00,9796.429430847864,2,19
2017-08-16,9805.1,9805.45,9800.15,9802.6,10:50:00,9797.255199338544,2,20
2017-08-16,9801.9,9807.7,9801.75,9805.05,10:55:00,9797.697561306302,2,21
2017-08-16,9807.8,9808.5,9801.85,9802.1,11:00:00,9798.659698324753,2,22
2017-08-16,9808.45,9809.35,9805.05,9807.65,11:05:00,9799.592108008108,2,23
2017-08-16,9802.5,9808.55,9801.6,9808.5,11:10:00,9799.869050102574,2,24
2017-08-16,9792.0,9803.45,9789.75,9802.95,11:15:00,9799.119616759472,2,25
2017-08-16,9795.8,9795.9,9791.15,9791.65,11:20:00,9798.803462782378,2,26
2017-08-16,9791.3,9796.15,9791.3,9795.65,11:25:00,9798.088847279294,2,27
2017-08-16,9788.5,9792.05,9784.9,9791.2,11:30:00,9797.175623728885,2,28
2017-08-16,9787.9,9794.15,9786.9,9788.1,11:35:00,9796.2922309928,2,29
2017-08-16,9792.25,9793.15,9786.6,9788.1,11:40:00,9795.907256612534,2,30
2017-08-16,9800.9,9802.6,9791.7,9792.15,11:45:00,9796.382755982768,2,31
2017-08-16,9804.1,9804.8,9798.9,9800.85,11:50:00,9797.117731603455,2,32
2017-08-16,9807.35,9807.6,9803.6,9804.0,11:55:00,9798.092233355508,2,33
2017-08-16,9811.1,9811.7,9807.0,9807.25,12:00:00,9799.33106827403,2,34
2017-08-16,9813.85,9814.3,9808.4,9811.15,12:05:00,9800.713823676504,2,35
2017-08-16,9810.35,9813.95,9810.35,9813.5,12:10:00,9801.631554754931,2,36
2017-08-16,9812.6,9812.6,9808.15,9810.65,12:15:00,9802.676168587795,2,37
2017-08-16,9817.65,9819.5,9812.35,9812.85,12:20:00,9804.10224776991,2,38
2017-08-16,9820.25,9824.0,9817.9,9817.9,12:25:00,9805.64012893468,2,39
2017-08-16,9827.1,9827.2,9817.5,9820.9,12:30:00,9807.683926178996,2,40
2017-08-16,9826.4,9830.35,9824.8,9827.05,12:35:00,9809.466409400044,2,41
2017-08-16,9826.45,9829.1,9825.05,9826.45,12:40:00,9811.083894219088,2,42
2017-08-16,9832.8,9834.1,9826.3,9826.65,12:45:00,9813.152094769652,2,43
2017-08-16,9832.1,9833.8,9829.05,9832.55,12:50:00,9814.956657172545,2,44
2017-08-16,9833.5,9834.75,9830.6,9831.75,12:55:00,9816.722689822776,2,45
2017-08-16,9844.25,9846.9,9833.2,9833.3,13:00:00,9819.344338411083,2,46
2017-08-16,9842.85,9845.15,9840.7,9844.2,13:05:00,9821.582972848122,2,47
2017-08-16,9848.2,9851.25,9842.75,9842.9,13:10:00,9824.117927814968,2,48
2017-08-16,9855.6,9858.15,9846.8,9848.1,13:15:00,9827.116220404016,2,49
2017-08-16,9858.55,9858.55,9854.5,9856.1,13:20:00,9830.109913698872,2,50
2017-08-16,9865.0,9867.7,9856.0,9858.45,13:25:00,9833.432779060884,2,51
2017-08-16,9870.8,9871.8,9860.0,9865.5,13:30:00,9836.991562007468,2,52
2017-08-16,9873.2,9877.95,9867.15,9870.55,13:35:00,9840.439984673423,2,53
2017-08-16,9871.1,9873.8,9865.25,9873.4,13:40:00,9843.359986133097,2,54
2017-08-16,9858.3,9871.2,9852.2,9871.2,13:45:00,9844.782844596612,2,55
2017-08-16,9863.9,9863.95,9856.25,9858.4,13:50:00,9846.6035260636,2,56
2017-08-16,9862.9,9868.55,9862.85,9864.0,13:55:00,9848.1555712004,2,57
2017-08-16,9858.6,9863.5,9855.4,9862.8,14:00:00,9849.150278705123,2,58
2017-08-16,9853.65,9860.3,9850.7,9858.9,14:05:00,9849.578823590353,2,59
2017-08-16,9866.6,9867.7,9850.5,9854.75,14:10:00,9851.199888010318,2,60
2017-08-16,9864.65,9869.0,9860.9,9868.45,14:15:00,9852.480851056956,2,61
2017-08-16,9868.9,9869.0,9861.7,9866.2,14:20:00,9854.04457952772,2,62
2017-08-16,9872.6,9873.0,9866.0,9870.2,14:25:00,9855.811762429845,2,63
2017-08-16,9872.1,9880.9,9872.1,9873.65,14:30:00,9857.36302315081,2,64
2017-08-16,9879.45,9881.35,9870.0,9873.3,14:35:00,9859.466544755494,2,65
2017-08-16,9883.4,9888.65,9879.75,9881.0,14:40:00,9861.745921445448,2,66
2017-08-16,9887.65,9888.85,9880.3,9884.1,14:45:00,9864.21297654588,2,67
2017-08-16,9889.8,9892.55,9882.1,9889.85,14:50:00,9866.649835922462,2,68
2017-08-16,9896.65,9896.8,9888.8,9891.35,14:55:00,9869.506994406038,2,69
2017-08-16,9897.1,9899.35,9890.3,9897.85,15:00:00,9872.1348997007,2,70
2017-08-16,9897.7,9900.05,9892.95,9898.2,15:05:00,9874.569671157777,2,71
2017-08-16,9895.65,9898.3,9893.15,9897.9,15:10:00,9876.577321523702,2,72
2017-08-16,9899.1,9900.25,9894.85,9895.1,15:15:00,9878.722338521444,2,73
2017-08-16,9899.35,9901.05,9896.2,9898.0,15:20:00,9880.686877709875,2,74
2017-08-16,9900.85,9903.95,9896.85,9898.45,15:25:00,9882.60717507084,2,75
2017-08-17,9905.55,9947.8,9900.4,9940.2,09:15:00,9884.792206016476,3,1
2017-08-17,9913.75,9914.8,9901.8,9906.2,09:20:00,9887.550091157762,3,2
2017-08-17,9925.3,9925.7,9911.0,9913.85,09:25:00,9891.145320571308,3,3
2017-08-17,9922.95,9925.5,9917.15,9925.5,09:30:00,9894.174337659751,3,4
2017-08-17,9929.75,9929.85,9917.9,9923.7,09:35:00,9897.562495977872,3,5
2017-08-17,9932.35,9933.05,9925.6,9930.35,09:40:00,9900.875591599026,3,6
2017-08-17,9934.95,9937.85,9931.8,9932.95,09:45:00,9904.1207733515,3,7
2017-08-17,9931.35,9937.1,9929.7,9934.85,09:50:00,9906.71403303231,3,8
2017-08-17,9923.65,9932.9,9920.95,9931.55,09:55:00,9908.32698226733,3,9
2017-08-17,9927.6,9929.95,9920.65,9924.4,10:00:00,9910.16250776568,3,10
2017-08-17,9919.45,9928.7,9916.95,9927.85,10:05:00,9911.047030835614,3,11
2017-08-17,9924.3,9926.65,9919.3,9919.5,10:10:00,9912.30921837508,3,12
2017-08-17,9934.75,9934.75,9924.05,9924.35,10:15:00,9914.446435672691,3,13
2017-08-17,9929.45,9934.5,9928.55,9934.5,10:20:00,9915.875346561006,3,14
2017-08-17,9932.85,9934.0,9928.2,9928.95,10:25:00,9917.491980221865,3,15
2017-08-17,9933.0,9934.7,9929.2,9933.15,10:30:00,9918.968934486447,3,16
2017-08-17,9934.65,9937.2,9931.25,9933.1,10:35:00,9920.462369297262,3,17
2017-08-17,9934.55,9937.2,9934.05,9935.05,10:40:00,9921.804048411808,3,18
2017-08-17,9936.95,9937.65,9931.8,9934.3,10:45:00,9923.246519991637,3,19
2017-08-17,9938.3,9939.4,9936.05,9937.2,10:50:00,9924.680184754336,3,20
2017-08-17,9933.65,9939.9,9932.45,9938.55,10:55:00,9925.534452872973,3,21
2017-08-17,9916.25,9934.05,9915.15,9933.9,11:00:00,9924.65021926602,3,22
2017-08-17,9904.4,9917.45,9900.2,9916.45,11:05:00,9922.721626954972,3,23
2017-08-17,9893.75,9907.0,9892.75,9903.2,11:10:00,9919.962424387832,3,24
2017-08-17,9898.4,9899.35,9893.05,9893.9,11:15:00,9917.90886016042,3,25
2017-08-17,9904.65,9908.35,9898.75,9899.25,11:20:00,9916.646111573711,3,26
2017-08-17,9894.25,9906.55,9893.7,9904.4,11:25:00,9914.513148566692,3,27
2017-08-17,9887.95,9896.9,9884.5,9894.6,11:30:00,9911.983324893674,3,28
2017-08-17,9892.9,9893.1,9886.0,9888.9,11:35:00,9910.16586537999,3,29
2017-08-17,9901.6,9901.8,9893.0,9893.3,11:40:00,9909.350068677131,3,30
2017-08-17,9902.15,9902.35,9895.4,9901.65,11:45:00,9908.66434785074,3,31
2017-08-17,9907.2,9908.05,9901.65,9901.7,11:50:00,9908.524886150668,3,32
2017-08-17,9901.3,9907.9,9900.75,9907.45,11:55:00,9907.836801755366,3,33
2017-08-17,9907.2,9907.45,9900.35,9901.4,12:00:00,9907.77615396914,3,34
2017-08-17,9901.6,9908.3,9900.05,9907.6,12:05:00,9907.187948829222,3,35
2017-08-17,9903.7,9904.7,9899.35,9901.2,12:10:00,9906.85576322644,3,36
2017-08-17,9909.7,9909.75,9902.4,9903.45,12:15:00,9907.12664291916,3,37
2017-08-17,9911.7,9912.3,9907.95,9909.8,12:20:00,9907.562200736384,3,38
2017-08-17,9923.05,9923.3,9911.3,9911.3,12:25:00,9909.03722923768,3,39
2017-08-17,9920.0,9924.55,9915.7,9922.4,12:30:00,9910.081302643615,3,40
2017-08-17,9922.55,9924.0,9919.6,9920.35,12:35:00,9911.268797629938,3,41
2017-08-17,9923.3,9924.95,9919.7,9922.65,12:40:00,9912.414626427088,3,42
2017-08-17,9928.5,9930.0,9917.45,9923.45,12:45:00,9913.946566767368,3,43
2017-08-17,9929.25,9932.5,9928.1,9928.45,12:50:00,9915.404036599046,3,44
2017-08-17,9932.45,9934.95,9928.8,9928.8,12:55:00,9917.027461684853,3,45
2017-08-17,9934.95,9938.55,9929.95,9932.2,13:00:00,9918.73437009582,3,46
2017-08-17,9927.65,9937.95,9926.5,9935.2,13:05:00,9919.58347770574,3,47
2017-08-17,9938.55,9938.75,9926.9,9927.6,13:10:00,9921.389813162335,3,48
2017-08-17,9933.95,9938.45,9932.95,9938.45,13:15:00,9922.586021432591,3,49
2017-08-17,9934.7,9935.85,9929.25,9934.05,13:20:00,9923.739733677106,3,50
2017-08-17,9921.3,9936.1,9921.25,9934.5,13:25:00,9923.50737808881,3,51
2017-08-17,9920.75,9921.85,9914.85,9921.35,13:30:00,9923.24477065178,3,52
2017-08-17,9919.85,9926.95,9917.2,9920.65,13:35:00,9922.921459161136,3,53
2017-08-17,9926.15,9926.6,9916.2,9920.1,13:40:00,9923.22893924103,3,54
2017-08-17,9931.4,9931.4,9924.55,9926.2,13:45:00,9924.007135503787,3,55
2017-08-17,9932.1,9933.6,9927.9,9930.85,13:50:00,9924.777884503428,3,56
2017-08-17,9933.5,9939.2,9932.4,9932.45,13:55:00,9925.608562169768,3,57
2017-08-17,9929.35,9937.4,9929.35,9933.05,14:00:00,9925.96488958217,3,58
2017-08-17,9929.8,9930.85,9922.65,9928.85,14:05:00,9926.330138193392,3,59
2017-08-17,9918.05,9929.95,9917.2,9929.95,14:10:00,9925.541553603549,3,60
2017-08-17,9925.1,9926.35,9917.5,9918.0,14:15:00,9925.4995008794,3,61
2017-08-17,9926.8,9928.95,9923.35,9925.2,14:20:00,9925.623357938504,3,62
2017-08-17,9924.45,9928.7,9921.85,9927.0,14:25:00,9925.511609563408,3,63
2017-08-17,9927.25,9927.8,9922.8,9923.95,14:30:00,9925.67717055737,3,64
2017-08-17,9934.0,9936.1,9926.3,9926.7,14:35:00,9926.469820980476,3,65
2017-08-17,9922.4,9936.55,9917.95,9934.25,14:40:00,9926.082218982338,3,66
2017-08-17,9930.1,9930.6,9918.65,9922.7,14:45:00,9926.464864793545,3,67
2017-08-17,9934.15,9935.2,9926.05,9930.55,14:50:00,9927.196782432256,3,68
2017-08-17,9927.3,9934.1,9924.8,9934.0,14:55:00,9927.206612676802,3,69
2017-08-17,9932.15,9932.35,9925.5,9927.4,15:00:00,9927.677411469487,3,70
2017-08-17,9905.55,9933.4,9904.6,9932.35,15:05:00,9925.570038948585,3,71
2017-08-17,9889.8,9905.9,9889.8,9905.5,15:10:00,9922.163368572526,3,72
2017-08-17,9904.65,9904.65,9883.75,9889.6,15:15:00,9920.495428708477,3,73
2017-08-17,9907.95,9907.95,9900.85,9904.75,15:20:00,9919.300625974336,3,74
2017-08-17,9902.9,9907.95,9902.9,9907.5,15:25:00,9917.738661595828,3,75
2017-08-18,9837.05,9844.3,9830.2,9839.85,09:15:00,9910.05402715813,4,1
2017-08-18,9851.2,9851.35,9829.8,9836.8,09:20:00,9904.4488817145,4,2
2017-08-18,9844.9,9855.3,9840.5,9851.8,09:25:00,9898.777559646453,4,3
2017-08-18,9828.3,9846.25,9816.3,9843.9,09:30:00,9892.065411108695,4,4
2017-08-18,9830.15,9838.2,9818.8,9828.2,09:35:00,9886.16870528882,4,5
2017-08-18,9834.9,9841.3,9829.35,9829.8,09:40:00,9881.28597145179,4,6
2017-08-18,9835.45,9837.55,9829.45,9835.25,09:45:00,9876.920640837336,4,7
2017-08-18,9840.65,9842.95,9830.75,9835.2,09:50:00,9873.466294090924,4,8
2017-08-18,9840.8,9843.8,9836.7,9841.4,09:55:00,9870.355218463215,4,9
2017-08-18,9850.65,9850.85,9838.65,9840.85,10:00:00,9868.47853099053,4,10
2017-08-18,9841.5,9854.95,9841.1,9851.0,10:05:00,9865.90914708667,4,11
2017-08-18,9844.15,9848.65,9840.2,9841.35,10:10:00,9863.83684736413,4,12
2017-08-18,9845.05,9849.5,9840.65,9844.25,10:15:00,9862.047623805642,4,13
2017-08-18,9845.1,9849.15,9842.45,9845.65,10:20:00,9860.43356439558,4,14
2017-08-18,9843.65,9845.7,9842.3,9845.15,10:25:00,9858.83512969124,4,15
2017-08-18,9836.85,9844.05,9836.25,9844.05,10:30:00,9856.741307815882,4,16
2017-08-18,9843.85,9844.05,9836.3,9836.6,10:35:00,9855.51356421437,4,17
2017-08-18,9839.95,9845.25,9839.25,9844.35,10:40:00,9854.031320003478,4,18
2017-08-18,9845.55,9846.75,9839.95,9840.25,10:45:00,9853.223575241242,4,19
2017-08-18,9847.35,9849.15,9845.55,9846.0,10:50:00,9852.66418712303,4,20
2017-08-18,9843.7,9849.0,9842.65,9848.15,10:55:00,9851.810455016075,4,21
2017-08-18,9842.4,9843.95,9840.85,9843.5,11:00:00,9850.91422120502,4,22
2017-08-18,9842.55,9843.85,9841.4,9842.65,11:05:00,9850.117628709304,4,23
2017-08-18,9841.95,9843.05,9839.85,9842.75,11:10:00,9849.33975930842,4,24
2017-08-18,9845.25,9850.15,9842.2,9842.4,11:15:00,9848.950258421904,4,25
2017-08-18,9846.15,9847.8,9843.85,9845.45,11:20:00,9848.683567143627,4,26
2017-08-18,9847.5,9848.2,9845.2,9846.35,11:25:00,9848.570846463284,4,27
2017-08-18,9846.95,9849.1,9846.5,9847.75,11:30:00,9848.416480133445,4,28
2017-08-18,9838.2,9847.0,9837.3,9847.0,11:35:00,9847.443482025496,4,29
2017-08-18,9844.25,9846.2,9838.75,9838.75,11:40:00,9847.13934088021,4,30
2017-08-18,9842.9,9844.15,9837.8,9844.15,11:45:00,9846.735594129714,4,31
2017-08-18,9840.05,9843.25,9839.05,9843.1,11:50:00,9846.098870879265,4,32
2017-08-18,9840.7,9841.95,9836.05,9840.0,11:55:00,9845.584692700288,4,33
2017-08-18,9832.75,9842.1,9832.0,9840.95,12:00:00,9844.362341014546,4,34
2017-08-18,9828.0,9833.9,9823.25,9832.9,12:05:00,9842.804022822686,4,35
2017-08-18,9835.25,9835.45,9827.5,9828.45,12:10:00,9842.084592077666,4,36
2017-08-18,9825.6,9836.15,9821.3,9835.8,12:15:00,9840.514630927411,4,37
2017-08-18,9825.15,9827.05,9823.25,9825.5,12:20:00,9839.05133274385,4,38
2017-08-18,9828.7,9829.6,9822.95,9825.4,12:25:00,9838.065491530151,4,39
2017-08-18,9824.6,9829.7,9824.4,9828.45,12:30:00,9836.783063765371,4,40
2017-08-18,9819.55,9824.85,9816.45,9824.85,12:35:00,9835.141819597244,4,41
2017-08-18,9809.2,9821.3,9804.2,9819.15,12:40:00,9832.671170111793,4,42
2017-08-18,9808.2,9810.7,9800.65,9809.35,12:45:00,9830.340582482098,4,43
2017-08-18,9812.8,9813.4,9805.0,9807.75,12:50:00,9828.670050817136,4,44
2017-08-18,9812.75,9820.65,9810.95,9812.55,12:55:00,9827.153855501218,4,45
2017-08-18,9811.2,9813.3,9804.75,9812.35,13:00:00,9825.634440691578,4,46
2017-08-18,9813.3,9814.5,9809.35,9810.55,13:05:00,9824.459732054283,4,47
2017-08-18,9798.6,9813.7,9797.8,9813.05,13:10:00,9821.99690043007,4,48
2017-08-18,9790.3,9798.9,9790.05,9797.65,13:15:00,9818.978148008158,4,49
2017-08-18,9792.2,9795.7,9789.65,9790.75,13:20:00,9816.427848197858,4,50
2017-08-18,9788.95,9797.3,9784.0,9792.75,13:25:00,9813.810910274253,4,51
2017-08-18,9792.45,9793.75,9783.65,9788.85,13:30:00,9811.77653786718,4,52
2017-08-18,9809.9,9809.9,9792.35,9792.5,13:35:00,9811.597819975068,4,53
2017-08-18,9804.9,9810.45,9802.0,9809.65,13:40:00,9810.959932358392,4,54
2017-08-18,9807.6,9808.55,9804.0,9804.85,13:45:00,9810.63993880045,4,55
2017-08-18,9814.85,9818.3,9806.75,9807.85,13:50:00,9811.04089700993,4,56
2017-08-18,9804.05,9816.45,9803.75,9815.45,13:55:00,9810.3750972947,4,57
2017-08-18,9811.25,9812.45,9803.45,9804.15,14:00:00,9810.458421361873,4,58
2017-08-18,9818.25,9820.1,9806.85,9811.4,14:05:00,9811.200476470263,4,59
2017-08-18,9822.15,9823.15,9810.4,9819.15,14:10:00,9812.243288235,4,60
2017-08-18,9813.2,9825.4,9813.2,9822.95,14:15:00,9812.33440364119,4,61
2017-08-18,9811.35,9815.15,9802.0,9815.15,14:20:00,9812.240650913458,4,62
2017-08-18,9817.35,9818.35,9810.3,9813.6,14:25:00,9812.727255588366,4,63
2017-08-18,9824.85,9826.1,9817.65,9819.05,14:30:00,9813.881802675189,4,64
2017-08-18,9820.55,9827.7,9820.5,9825.75,14:35:00,9814.516869087074,4,65
2017-08-18,9834.4,9836.95,9819.85,9821.95,14:40:00,9816.410500602591,4,66
2017-08-18,9836.3,9838.65,9830.45,9834.6,14:45:00,9818.30473864044,4,67
2017-08-18,9834.05,9844.8,9831.5,9837.0,14:50:00,9819.80428734135,4,68
2017-08-18,9833.25,9840.05,9833.25,9835.1,14:55:00,9821.08483140408,4,69
2017-08-18,9826.35,9836.6,9826.25,9833.95,15:00:00,9821.586276032263,4,70
2017-08-18,9831.6,9835.7,9826.6,9827.5,15:05:00,9822.53996402919,4,71
2017-08-18,9843.35,9844.05,9831.75,9832.45,15:10:00,9824.521872216888,4,72
2017-08-18,9844.45,9845.0,9839.5,9844.25,15:15:00,9826.419789148616,4,73
2017-08-18,9838.6,9844.5,9837.6,9843.75,15:20:00,9827.5798092297,4,74
2017-08-18,9834.4,9839.9,9831.05,9838.1,15:25:00,9828.229351207823,4,75
2017-08-21,9864.0,9869.85,9846.4,9857.35,09:15:00,9831.63607966422,0,1
2017-08-21,9873.8,9874.65,9855.85,9863.0,09:20:00,9835.65169112477,0,2
2017-08-21,9876.7,9879.7,9868.95,9873.65,09:25:00,9839.561053874791,0,3
2017-08-21,9883.35,9883.95,9874.25,9876.85,09:30:00,9843.73142969624,0,4
2017-08-21,9879.1,9884.35,9875.2,9883.0,09:35:00,9847.099864963266,0,5
2017-08-21,9868.0,9879.5,9863.8,9879.2,09:40:00,9849.090354014385,0,6
2017-08-21,9872.05,9874.6,9866.1,9867.7,09:45:00,9851.276986965391,0,7
2017-08-21,9872.65,9876.0,9870.8,9871.85,09:50:00,9853.312512016308,0,8
2017-08-21,9876.8,9878.75,9871.55,9873.15,09:55:00,9855.549415633805,0,9
2017-08-21,9881.7,9883.55,9877.25,9877.25,10:00:00,9858.039947478204,0,10
2017-08-21,9875.75,9882.7,9875.65,9881.35,10:05:00,9859.726619146944,0,11
2017-08-21,9871.45,9877.05,9870.75,9875.6,10:10:00,9860.84313160914,0,12
2017-08-21,9873.1,9874.75,9870.45,9871.55,10:15:00,9862.010452408267,0,13
2017-08-21,9857.2,9873.05,9857.2,9873.0,10:20:00,9861.552314083672,0,14
2017-08-21,9854.05,9861.75,9853.7,9857.25,10:25:00,9860.837807980466,0,15
2017-08-21,9856.1,9858.6,9851.2,9854.2,10:30:00,9860.386588172802,0,16
2017-08-21,9846.25,9856.45,9845.65,9856.15,10:35:00,9859.04024644206,0,17
2017-08-21,9828.1,9846.05,9828.0,9846.05,10:40:00,9856.09355630472,0,18
2017-08-21,9835.75,9836.8,9827.45,9827.6,10:45:00,9854.156074751889,0,19
2017-08-21,9846.05,9846.8,9834.5,9835.7,10:50:00,9853.384067632662,0,20
2017-08-21,9844.9,9847.4,9840.1,9846.1,10:55:00,9852.576061191456,0,21
2017-08-21,9848.1,9849.65,9841.85,9844.3,11:00:00,9852.149769649412,0,22
2017-08-21,9850.15,9852.4,9847.75,9847.9,11:05:00,9851.959315397087,0,23
2017-08-21,9850.7,9852.65,9849.1,9850.05,11:10:00,9851.839380597365,0,24
2017-08-21,9842.0,9851.5,9841.1,9850.6,11:15:00,9850.90229673095,0,25
2017-08-21,9837.85,9843.75,9837.55,9841.75,11:20:00,9849.659220851812,0,26
2017-08-21,9846.1,9847.0,9836.95,9837.9,11:25:00,9849.320247437354,0,27
2017-08-21,9843.4,9847.5,9841.75,9845.65,11:30:00,9848.756414348083,0,28
2017-08-21,9842.35,9843.4,9840.2,9842.7,11:35:00,9848.146279648266,0,29
2017-08-21,9843.3,9843.6,9840.9,9842.5,11:40:00,9847.684729205575,0,30
2017-08-21,9837.05,9845.05,9835.45,9843.35,11:45:00,9846.671897852664,0,31
2017-08-21,9830.1,9839.7,9827.9,9837.1,11:50:00,9845.093621866698,0,32
2017-08-21,9830.3,9831.25,9825.1,9830.15,11:55:00,9843.68470549844,0,33
2017-08-21,9827.7,9834.45,9827.4,9830.6,12:00:00,9842.162352593828,0,34
2017-08-21,9821.7,9827.85,9819.7,9827.55,12:05:00,9840.213557108702,0,35
2017-08-21,9829.95,9831.15,9821.9,9821.9,12:10:00,9839.2360754793,0,36
2017-08-21,9826.1,9830.2,9823.55,9829.7,12:15:00,9837.98502067175,0,37
2017-08-21,9828.75,9830.3,9826.05,9826.2,12:20:00,9837.105494893489,0,38
2017-08-21,9830.25,9831.25,9827.9,9828.9,12:25:00,9836.45259061792,0,39
2017-08-21,9829.9,9833.05,9829.05,9830.35,12:30:00,9835.828534368591,0,40
2017-08-21,9827.4,9832.35,9827.3,9829.6,12:35:00,9835.02581680968,0,41
2017-08-21,9829.2,9830.95,9827.35,9827.45,12:40:00,9834.47097711352,0,42
2017-08-21,9827.2,9829.75,9825.55,9829.6,12:45:00,9833.778503102709,0,43
2017-08-21,9826.3,9829.65,9825.7,9827.9,12:50:00,9833.066264711975,0,44
2017-08-21,9818.7,9829.0,9818.35,9826.95,12:55:00,9831.69804902512,0,45
2017-08-21,9813.25,9819.25,9811.05,9819.25,13:00:00,9829.94109197511,0,46
2017-08-21,9808.1,9816.1,9808.1,9813.75,13:05:00,9827.86098797748,0,47
2017-08-21,9808.05,9809.0,9801.7,9809.0,13:10:00,9825.97422721772,0,48
2017-08-21,9812.35,9812.9,9805.25,9808.4,13:15:00,9824.676681768417,0,49
2017-08-21,9815.8,9816.35,9810.65,9812.45,13:20:00,9823.831283504756,0,50
2017-08-21,9816.3,9819.9,9814.15,9816.15,13:25:00,9823.114018409064,0,51
2017-08-21,9812.05,9819.55,9811.95,9816.6,13:30:00,9822.060302370108,0,52
2017-08-21,9808.6,9812.85,9806.15,9812.85,13:35:00,9820.77836881105,0,53
2017-08-21,9812.7,9814.2,9808.25,9809.4,13:40:00,9820.009000352857,0,54
2017-08-21,9799.4,9814.25,9798.5,9813.1,13:45:00,9818.046238414488,0,55
2017-08-21,9805.45,9805.95,9798.2,9799.55,13:50:00,9816.846596660727,0,56
2017-08-21,9796.45,9807.85,9794.3,9805.8,13:55:00,9814.90406364542,0,57
2017-08-21,9790.95,9797.6,9785.1,9796.5,14:00:00,9812.622724250616,0,58
2017-08-21,9783.65,9796.2,9783.65,9791.55,14:05:00,9809.86341717913,0,59
2017-08-21,9790.7,9793.3,9783.0,9783.6,14:10:00,9808.038329828736,0,60
2017-08-21,9795.55,9800.4,9790.2,9791.1,14:15:00,9806.848965083142,0,61
2017-08-21,9788.75,9798.0,9788.75,9795.7,14:20:00,9805.125254122842,0,62
2017-08-21,9778.35,9791.1,9777.0,9788.55,14:25:00,9802.575229920669,0,63
2017-08-21,9788.05,9790.05,9779.15,9779.15,14:30:00,9801.191874690128,0,64
2017-08-21,9786.7,9790.1,9782.55,9788.5,14:35:00,9799.811696148212,0,65
2017-08-21,9783.15,9791.05,9782.75,9788.5,14:40:00,9798.224867943622,0,66
2017-08-21,9780.85,9784.85,9775.8,9783.25,14:45:00,9796.570118615658,0,67
2017-08-21,9779.5,9790.25,9778.8,9782.35,14:50:00,9794.944393033216,0,68
2017-08-21,9773.55,9783.25,9773.55,9782.2,14:55:00,9792.906831791955,0,69
2017-08-21,9768.7,9777.8,9767.15,9775.3,15:00:00,9790.601419240342,0,70
2017-08-21,9761.25,9771.95,9758.2,9771.95,15:05:00,9787.806045979356,0,71
2017-08-21,9754.9,9762.35,9748.8,9761.4,15:10:00,9784.672136838464,0,72
2017-08-21,9749.3,9758.0,9740.1,9755.85,15:15:00,9781.303361901468,0,73
2017-08-21,9749.9,9751.0,9742.7,9750.25,15:20:00,9778.3125655299,0,74
2017-08-21,9750.05,9753.3,9745.9,9750.6,15:25:00,9775.62089262229,0,75
2017-08-22,9805.45,9819.7,9804.9,9812.9,09:15:00,9778.461759991596,1,1
2017-08-22,9820.25,9828.45,9804.8,9804.8,09:20:00,9782.441592373349,1,2
2017-08-22,9807.55,9820.35,9807.55,9819.7,09:25:00,9784.832869290172,1,3
2017-08-22,9783.35,9808.7,9781.6,9808.7,09:30:00,9784.69164364349,1,4
2017-08-22,9787.75,9789.15,9773.75,9783.25,09:35:00,9784.982915677445,1,5
2017-08-22,9765.25,9788.65,9763.05,9787.35,09:40:00,9783.103590374829,1,6
2017-08-22,9779.65,9781.85,9763.95,9764.55,09:45:00,9782.774677005797,1,7
2017-08-22,9792.6,9794.0,9777.45,9779.7,09:50:00,9783.710422052864,1,8
2017-08-22,9798.45,9799.65,9788.95,9793.45,09:55:00,9785.114191381164,1,9
2017-08-22,9786.7,9799.55,9785.35,9799.0,10:00:00,9785.265220773434,1,10
2017-08-22,9780.2,9788.55,9777.7,9786.9,10:05:00,9784.782818795013,1,11
2017-08-22,9766.15,9782.9,9764.8,9779.95,10:10:00,9783.00826462406,1,12
2017-08-22,9757.0,9774.6,9756.65,9765.7,10:15:00,9780.531287040816,1,13
2017-08-22,9763.85,9765.95,9752.6,9756.45,10:20:00,9778.942593036929,1,14
2017-08-22,9763.7,9770.0,9755.9,9764.0,10:25:00,9777.490917509602,1,15
2017-08-22,9765.6,9771.65,9762.3,9763.8,10:30:00,9776.358449175354,1,16
2017-08-22,9764.45,9771.05,9763.65,9766.6,10:35:00,9775.224311158654,1,17
2017-08-22,9772.25,9775.5,9764.25,9764.3,10:40:00,9774.94104342926,1,18
2017-08-22,9769.15,9772.7,9763.85,9772.1,10:45:00,9774.389515483615,1,19
2017-08-22,9777.9,9782.6,9768.2,9769.25,10:50:00,9774.72384734232,1,20
2017-08-22,9778.65,9780.9,9775.95,9778.35,10:55:00,9775.09776664305,1,21
2017-08-22,9784.45,9789.3,9778.3,9778.3,11:00:00,9775.988455534189,1,22
2017-08-22,9787.95,9788.85,9778.7,9784.2,11:05:00,9777.12765024522,1,23
2017-08-22,9782.7,9788.45,9781.1,9787.65,11:10:00,9777.658350221867,1,24
2017-08-22,9781.35,9784.45,9779.05,9782.8,11:15:00,9778.009935915024,1,25
2017-08-22,9770.95,9781.55,9767.9,9781.25,11:20:00,9777.337561065971,1,26
2017-08-22,9779.4,9780.5,9771.05,9771.15,11:25:00,9777.533983821597,1,27
2017-08-22,9782.2,9784.05,9777.4,9779.6,11:30:00,9777.978366314775,1,28
2017-08-22,9787.55,9788.3,9781.0,9782.3,11:35:00,9778.889950475274,1,29
2017-08-22,9791.4,9793.9,9785.95,9787.7,11:40:00,9780.081383763343,1,30
2017-08-22,9788.4,9793.75,9787.45,9791.6,11:45:00,9780.87363292874,1,31
2017-08-22,9794.2,9794.2,9787.6,9788.15,11:50:00,9782.14281074505,1,32
2017-08-22,9794.3,9799.15,9792.65,9794.4,11:55:00,9783.30063829314,1,33
2017-08-22,9796.3,9801.0,9792.25,9794.55,12:00:00,9784.538672741412,1,34
2017-08-22,9790.85,9798.25,9789.65,9796.45,12:05:00,9785.139751527946,1,35
2017-08-22,9794.95,9795.4,9788.05,9791.45,12:10:00,9786.074060906238,1,36
2017-08-22,9796.15,9801.1,9795.15,9795.15,12:15:00,9787.033674153265,1,37
2017-08-22,9794.25,9796.7,9789.65,9796.25,12:20:00,9787.720943281523,1,38
2017-08-22,9798.85,9799.45,9793.6,9794.4,12:25:00,9788.780853445189,1,39
2017-08-22,9803.6,9803.9,9797.45,9798.15,12:30:00,9790.192200736125,1,40
2017-08-22,9803.5,9809.3,9803.3,9804.1,12:35:00,9791.459610189824,1,41
2017-08-22,9798.0,9805.2,9796.25,9803.35,12:40:00,9792.08250445746,1,42
2017-08-22,9792.95,9798.15,9792.25,9797.65,12:45:00,9792.165123080558,1,43
2017-08-22,9783.55,9793.3,9782.85,9793.0,12:50:00,9791.344635168123,1,44
2017-08-22,9780.05,9784.55,9778.25,9783.5,12:55:00,9790.2689556283,1,45
2017-08-22,9788.35,9790.95,9779.0,9780.3,13:00:00,9790.086197949417,1,46
2017-08-22,9784.15,9789.2,9781.3,9788.9,13:05:00,9789.520845763756,1,47
2017-08-22,9786.65,9788.35,9781.3,9784.35,13:10:00,9789.247431881491,1,48
2017-08-22,9798.55,9799.65,9784.1,9786.9,13:15:00,9790.13339074992,1,49
2017-08-22,9793.8,9800.75,9792.15,9799.95,13:20:00,9790.482591630882,1,50
2017-08-22,9790.7,9796.05,9789.35,9796.05,13:25:00,9790.503297189847,1,51
2017-08-22,9797.5,9797.5,9790.8,9792.1,13:30:00,9791.169649838434,1,52
2017-08-22,9795.2,9800.4,9794.15,9799.1,13:35:00,9791.553492710964,1,53
2017-08-22,9792.65,9797.1,9792.65,9796.4,13:40:00,9791.657921976586,1,54
2017-08-22,9787.5,9794.3,9787.2,9793.7,13:45:00,9791.261929407388,1,55
2017-08-22,9786.2,9788.55,9784.4,9788.1,13:50:00,9790.779840892395,1,56
2017-08-22,9781.0,9787.75,9771.65,9786.3,13:55:00,9789.848427474071,1,57
2017-08-22,9766.55,9782.25,9766.15,9782.2,14:00:00,9787.629529619398,1,58
2017-08-22,9765.8,9775.05,9765.55,9768.7,14:05:00,9785.550526798505,1,59
2017-08-22,9762.15,9767.5,9759.7,9767.5,14:10:00,9783.321905198649,1,60
2017-08-22,9770.6,9771.8,9757.95,9761.1,14:15:00,9782.110295179727,1,61
2017-08-22,9768.75,9774.05,9767.2,9771.6,14:20:00,9780.837886114992,1,62
2017-08-22,9768.85,9770.6,9762.8,9768.95,14:25:00,9779.696182675469,1,63
2017-08-22,9781.9,9783.0,9769.25,9770.6,14:30:00,9779.90607003971,1,64
2017-08-22,9780.75,9784.7,9777.4,9782.35,14:35:00,9779.98644432164,1,65
2017-08-22,9781.45,9783.65,9776.45,9781.05,14:40:00,9780.125830576724,1,66
2017-08-22,9776.55,9783.5,9776.3,9782.75,14:45:00,9779.785275283704,1,67
2017-08-22,9777.95,9777.95,9768.25,9776.65,14:50:00,9779.610487161446,1,68
2017-08-22,9772.7,9779.8,9771.45,9776.75,14:55:00,9778.952345527025,1,69
2017-08-22,9763.55,9772.95,9761.3,9772.95,15:00:00,9777.48545547683,1,70
2017-08-22,9759.95,9767.7,9759.35,9762.5,15:05:00,9775.815412098083,1,71
2017-08-22,9765.35,9765.5,9756.45,9760.15,15:10:00,9774.81870618398,1,72
2017-08-22,9766.4,9766.8,9759.75,9764.9,15:15:00,9774.016924642649,1,73
2017-08-22,9769.45,9769.95,9765.35,9766.2,15:20:00,9773.581979438586,1,74
2017-08-22,9775.9,9777.05,9768.95,9768.95,15:25:00,9773.802743301578,1,75
2017-08-23,9797.45,9816.7,9797.45,9802.4,09:15:00,9776.054862987145,2,1
2017-08-23,9801.65,9806.6,9794.75,9796.9,09:20:00,9778.492495083605,2,2
2017-08-23,9796.4,9805.8,9793.65,9802.05,09:25:00,9780.19797174231,2,3
2017-08-23,9796.7,9800.2,9786.75,9796.8,09:30:00,9781.769593481136,2,4
2017-08-23,9806.05,9806.1,9793.0,9796.45,09:35:00,9784.082013149598,2,5
2017-08-23,9798.9,9807.0,9797.1,9805.65,09:40:00,9785.493249992494,2,6
2017-08-23,9800.6,9802.5,9795.15,9798.55,09:45:00,9786.931988088449,2,7
2017-08-23,9810.55,9813.65,9800.25,9800.75,09:50:00,9789.181322556216,2,8
2017-08-23,9807.1,9814.75,9806.05,9810.45,09:55:00,9790.887863265149,2,9
2017-08-23,9806.75,9810.5,9803.7,9807.55,10:00:00,9792.39854295418,2,10
2017-08-23,9799.95,9807.4,9799.8,9806.5,10:05:00,9793.117729339498,2,11
2017-08-23,9800.75,9800.9,9796.25,9799.8,10:10:00,9793.844612259543,2,12
2017-08-23,9802.5,9805.5,9798.35,9800.9,10:15:00,9794.668934901494,2,13
2017-08-23,9803.6,9805.3,9801.8,9802.7,10:20:00,9795.519512529923,2,14
2017-08-23,9802.0,9805.2,9800.3,9803.4,10:25:00,9796.136701812788,2,15
2017-08-23,9798.45,9803.25,9796.85,9801.95,10:30:00,9796.357015925856,2,16
2017-08-23,9805.55,9807.0,9798.05,9798.35,10:35:00,9797.232538218632,2,17
2017-08-23,9797.15,9805.25,9796.3,9805.25,10:40:00,9797.224677435905,2,18
2017-08-23,9800.15,9802.05,9795.0,9797.1,10:45:00,9797.503279584867,2,19
2017-08-23,9802.25,9802.6,9796.9,9800.0,10:50:00,9797.955348195832,2,20
2017-08-23,9803.8,9805.3,9800.5,9802.15,10:55:00,9798.51198170099,2,21
2017-08-23,9805.25,9805.25,9801.35,9803.4,11:00:00,9799.153697729467,2,22
2017-08-23,9807.35,9808.75,9804.45,9804.95,11:05:00,9799.93429794571,2,23
2017-08-23,9805.7,9809.95,9805.65,9807.55,11:10:00,9800.483412427073,2,24
2017-08-23,9805.85,9808.0,9803.85,9805.95,11:15:00,9800.994516005445,2,25
2017-08-23,9803.9,9807.0,9801.95,9805.45,11:20:00,9801.271228766833,2,26
2017-08-23,9804.45,9806.25,9801.5,9804.1,11:25:00,9801.573968884277,2,27
2017-08-23,9801.3,9805.15,9800.8,9804.3,11:30:00,9801.547876609582,2,28
2017-08-23,9798.6,9801.5,9796.25,9801.2,11:35:00,9801.267126456289,2,29
2017-08-23,9801.85,9802.05,9796.85,9799.1,11:40:00,9801.322638222357,2,30
2017-08-23,9801.4,9803.1,9799.7,9801.5,11:45:00,9801.330006010705,2,31
2017-08-23,9808.0,9809.2,9801.4,9801.8,11:50:00,9801.965243533496,2,32
2017-08-23,9811.1,9811.1,9804.5,9807.95,11:55:00,9802.83522033983,2,33
2017-08-23,9810.75,9812.4,9808.45,9811.15,12:00:00,9803.589008878896,2,34
2017-08-23,9813.2,9813.2,9808.45,9810.95,12:05:00,9804.50434136662,2,35
2017-08-23,9811.45,9817.85,9811.4,9813.4,12:10:00,9805.165832665036,2,36
2017-08-23,9817.1,9817.1,9805.65,9811.6,12:15:00,9806.302420030272,2,37
2017-08-23,9818.15,9820.8,9814.6,9816.7,12:20:00,9807.430760979769,2,38
2017-08-23,9815.6,9818.6,9812.75,9818.35,12:25:00,9808.2087837436,2,39
2017-08-23,9811.65,9815.25,9809.1,9815.25,12:30:00,9808.536518625162,2,40
2017-08-23,9812.65,9813.6,9809.6,9811.8,12:35:00,9808.9282787561,2,41
2017-08-23,9810.55,9814.3,9806.6,9812.85,12:40:00,9809.082728398376,2,42
2017-08-23,9808.15,9811.25,9807.6,9810.65,12:45:00,9808.99389712234,2,43
2017-08-23,9806.95,9808.0,9803.75,9807.85,12:50:00,9808.799240253546,2,44
2017-08-23,9803.9,9807.65,9803.5,9806.4,12:55:00,9808.332645943685,2,45
2017-08-23,9802.25,9806.15,9800.9,9803.8,13:00:00,9807.75334633,2,46
2017-08-23,9797.0,9803.45,9793.6,9802.3,13:05:00,9806.729218108096,2,47
2017-08-23,9802.75,9802.75,9796.85,9796.85,13:10:00,9806.350244954943,2,48
2017-08-23,9797.9,9802.45,9796.85,9802.4,13:15:00,9805.54545972114,2,49
2017-08-23,9800.85,9803.45,9797.4,9797.6,13:20:00,9805.098273081032,2,50
2017-08-23,9799.85,9801.95,9797.85,9800.55,13:25:00,9804.598437549506,2,51
2017-08-23,9795.1,9799.95,9794.9,9799.6,13:30:00,9803.693824449554,2,52
2017-08-23,9795.55,9797.4,9792.6,9794.45,13:35:00,9802.918222121025,2,53
2017-08-23,9794.4,9800.05,9793.85,9795.4,13:40:00,9802.106962871405,2,54
2017-08-23,9800.3,9801.0,9794.05,9794.05,13:45:00,9801.934871169366,2,55
2017-08-23,9800.7,9804.8,9798.2,9800.15,13:50:00,9801.817264391331,2,56
2017-08-23,9801.75,9803.7,9798.35,9800.3,13:55:00,9801.810858258825,2,57
2017-08-23,9800.9,9803.3,9800.8,9801.45,14:00:00,9801.72410985322,2,58
2017-08-23,9799.6,9801.05,9798.3,9800.55,14:05:00,9801.521813676722,2,59
2017-08-23,9800.95,9801.2,9798.0,9799.35,14:10:00,9801.46735523132,2,60
2017-08-23,9791.45,9801.35,9791.45,9800.75,14:15:00,9800.513321399763,2,61
2017-08-23,9798.45,9799.35,9791.2,9791.2,14:20:00,9800.316814599788,2,62
2017-08-23,9813.65,9819.55,9798.3,9798.35,14:25:00,9801.58664178076,2,63
2017-08-23,9824.25,9827.0,9812.7,9812.85,14:30:00,9803.74505684926,2,64
2017-08-23,9833.3,9833.3,9822.15,9824.15,14:35:00,9806.559813339809,2,65
2017-08-23,9835.95,9840.95,9832.45,9832.45,14:40:00,9809.358878736017,2,66
2017-08-23,9848.85,9848.85,9834.35,9835.45,14:45:00,9813.119937904015,2,67
2017-08-23,9842.1,9855.6,9841.45,9849.4,14:50:00,9815.87994381792,2,68
2017-08-23,9847.95,9849.2,9841.3,9842.35,14:55:00,9818.93423488288,2,69
2017-08-23,9854.25,9854.5,9843.8,9847.55,15:00:00,9822.29764108451,2,70
2017-08-23,9853.6,9857.9,9848.85,9853.75,15:05:00,9825.27881812408,2,71
2017-08-23,9854.45,9856.3,9851.05,9853.65,15:10:00,9828.057025921786,2,72
2017-08-23,9850.9,9855.85,9847.75,9853.7,15:15:00,9830.232547262567,2,73
2017-08-23,9849.2,9853.1,9847.5,9851.05,15:20:00,9832.0389713328,2,74
2017-08-23,9847.6,9851.8,9847.4,9848.95,15:25:00,9833.520974063009,2,75
2017-08-24,9860.15,9881.5,9855.1,9875.55,09:15:00,9836.057071771293,3,1
2017-08-24,9855.8,9868.9,9855.5,9860.6,09:20:00,9837.937350650216,3,2
2017-08-24,9865.0,9865.1,9851.6,9855.85,09:25:00,9840.514745826384,3,3
2017-08-24,9866.6,9869.2,9861.1,9864.7,09:30:00,9842.99905574768,3,4
2017-08-24,9868.95,9871.4,9863.95,9866.65,09:35:00,9845.470574247902,3,5
2017-08-24,9868.3,9875.5,9867.55,9869.55,09:40:00,9847.644805271912,3,6
2017-08-24,9856.6,9869.9,9855.85,9868.5,09:45:00,9848.4976809603,3,7
2017-08-24,9855.7,9856.65,9848.85,9856.05,09:50:00,9849.18361610694,3,8
2017-08-24,9860.9,9862.35,9855.75,9855.75,09:55:00,9850.299462191992,3,9
2017-08-24,9862.3,9865.1,9859.1,9861.0,10:00:00,9851.44237055466,3,10
2017-08-24,9862.15,9865.7,9860.5,9861.8,10:05:00,9852.462144787549,3,11
2017-08-24,9860.5,9863.1,9859.7,9862.1,10:10:00,9853.227654807784,3,12
2017-08-24,9862.05,9863.75,9858.7,9860.2,10:15:00,9854.067878159423,3,13
2017-08-24,9857.15,9861.85,9856.3,9861.85,10:20:00,9854.361413572811,3,14
2017-08-24,9854.3,9856.95,9850.15,9856.7,10:25:00,9854.355564661117,3,15
2017-08-24,9863.05,9863.05,9852.65,9854.15,10:30:00,9855.183606121962,3,16
2017-08-24,9863.35,9865.35,9861.15,9863.1,10:35:00,9855.96135791987,3,17
2017-08-24,9857.8,9864.55,9857.2,9863.9,10:40:00,9856.136466689408,3,18
2017-08-24,9858.0,9858.65,9854.65,9857.25,10:45:00,9856.313946052322,3,19
2017-08-24,9856.9,9859.8,9856.25,9857.65,10:50:00,9856.369760714006,3,20
2017-08-24,9854.95,9857.15,9853.75,9857.15,10:55:00,9856.234545407911,3,21
2017-08-24,9852.15,9856.7,9852.15,9854.85,11:00:00,9855.845541083349,3,22
2017-08-24,9853.25,9855.25,9850.85,9852.1,11:05:00,9855.598346694458,3,23
2017-08-24,9858.8,9859.2,9852.45,9853.1,11:10:00,9855.90326605689,3,24
2017-08-24,9861.75,9862.1,9857.55,9858.75,11:15:00,9856.460097860996,3,25
2017-08-24,9860.95,9864.9,9857.1,9861.5,11:20:00,9856.88770758852,3,26
2017-08-24,9858.8,9861.95,9857.7,9861.15,11:25:00,9857.069830675326,3,27
2017-08-24,9859.7,9861.7,9858.4,9858.65,11:30:00,9857.320322991962,3,28
2017-08-24,9864.7,9865.85,9858.6,9859.3,11:35:00,9858.02314937368,3,29
2017-08-24,9864.25,9864.75,9862.55,9864.45,11:40:00,9858.616182766664,3,30
2017-08-24,9861.1,9866.2,9859.9,9864.05,11:45:00,9858.852736788886,3,31
2017-08-24,9860.15,9862.2,9859.5,9860.8,11:50:00,9858.976285666136,3,32
2017-08-24,9857.55,9860.35,9856.9,9860.2,11:55:00,9858.840448936024,3,33
2017-08-24,9854.3,9857.55,9853.9,9857.1,12:00:00,9858.408025227833,3,34
2017-08-24,9854.85,9857.75,9854.0,9854.15,12:05:00,9858.069165682324,3,35
2017-08-24,9852.15,9855.15,9851.15,9854.9,12:10:00,9857.50543561734,3,36
2017-08-24,9854.8,9855.2,9849.7,9851.4,12:15:00,9857.247775082356,3,37
2017-08-24,9857.7,9858.15,9854.0,9854.95,12:20:00,9857.290844122132,3,38
2017-08-24,9861.7,9863.55,9857.2,9857.25,12:25:00,9857.710763729548,3,39
2017-08-24,9867.6,9870.6,9861.4,9862.05,12:30:00,9858.652595755306,3,40
2017-08-24,9866.65,9869.55,9865.6,9867.45,12:35:00,9859.41425330242,3,41
2017-08-24,9868.15,9868.85,9865.0,9867.3,12:40:00,9860.24622917838,3,42
2017-08-24,9870.75,9872.3,9867.5,9867.7,12:45:00,9861.24658830425,3,43
2017-08-24,9875.95,9879.35,9869.4,9870.6,12:50:00,9862.646913227656,3,44
2017-08-24,9873.0,9877.05,9870.55,9875.7,12:55:00,9863.632921491688,3,45
2017-08-24,9872.45,9877.7,9872.3,9873.05,13:00:00,9864.472643254385,3,46
2017-08-24,9873.05,9875.05,9870.15,9872.5,13:05:00,9865.289534373014,3,47
2017-08-24,9864.85,9873.25,9864.05,9873.1,13:10:00,9865.247673956535,3,48
2017-08-24,9868.1,9869.35,9863.35,9864.5,13:15:00,9865.519324055917,3,49
2017-08-24,9868.4,9869.2,9865.45,9867.9,13:20:00,9865.793674145829,3,50
2017-08-24,9864.65,9869.85,9864.45,9868.35,13:25:00,9865.684752798606,3,51
2017-08-24,9861.75,9866.1,9861.3,9864.6,13:30:00,9865.310014436836,3,52
2017-08-24,9856.55,9862.15,9851.25,9861.45,13:35:00,9864.475727347612,3,53
2017-08-24,9860.55,9861.25,9854.5,9856.3,13:40:00,9864.101848552604,3,54
2017-08-24,9859.35,9861.65,9855.7,9859.85,13:45:00,9863.649291547594,3,55
2017-08-24,9855.7,9860.05,9854.75,9859.65,13:50:00,9862.892216162109,3,56
2017-08-24,9856.75,9858.05,9854.6,9855.6,13:55:00,9862.30724319429,3,57
2017-08-24,9856.35,9862.3,9855.75,9856.7,14:00:00,9861.739886699595,3,58
2017-08-24,9859.65,9860.2,9852.3,9856.4,14:05:00,9861.540849871062,3,59
2017-08-24,9862.6,9863.6,9857.1,9859.85,14:10:00,9861.641721311911,3,60
2017-08-24,9866.85,9871.85,9862.65,9862.65,14:15:00,9862.137747853636,3,61
2017-08-24,9868.9,9869.0,9864.95,9866.8,14:20:00,9862.781771867576,3,62
2017-08-24,9861.85,9869.25,9861.35,9869.1,14:25:00,9862.693031689712,3,63
2017-08-24,9862.0,9863.15,9858.2,9861.8,14:30:00,9862.627028671644,3,64
2017-08-24,9862.1,9862.85,9856.4,9862.35,14:35:00,9862.57683546482,3,65
2017-08-24,9865.5,9866.4,9859.9,9862.05,14:40:00,9862.85523208722,3,66
2017-08-24,9866.0,9871.1,9864.85,9865.65,14:45:00,9863.1547337932,3,67
2017-08-24,9868.75,9868.8,9864.15,9866.1,14:50:00,9863.687616289084,3,68
2017-08-24,9870.2,9877.85,9868.6,9868.6,14:55:00,9864.30784330917,3,69
2017-08-24,9870.15,9873.25,9865.35,9870.3,15:00:00,9864.864239184488,3,70
2017-08-24,9862.6,9870.45,9861.35,9870.45,15:05:00,9864.648597357393,3,71
2017-08-24,9863.4,9867.0,9861.95,9863.0,15:10:00,9864.529683323355,3,72
2017-08-24,9860.65,9863.6,9856.65,9863.6,15:15:00,9864.160189673512,3,73
2017-08-24,9855.1,9860.85,9850.85,9860.85,15:20:00,9863.297314466512,3,74
2017-08-24,9864.1,9868.75,9854.85,9855.2,15:25:00,9863.373760707796,3,75
2017-08-28,9889.45,9907.95,9889.45,9901.55,09:15:00,9865.85721206896,0,1
2017-08-28,9891.45,9894.7,9887.8,9889.0,09:20:00,9868.294620443345,0,2
2017-08-28,9890.1,9892.15,9882.0,9891.3,09:25:00,9870.37132325826,0,3
2017-08-28,9888.95,9893.15,9884.35,9888.95,09:30:00,9872.140721043188,0,4
2017-08-28,9892.0,9895.3,9888.6,9889.15,09:35:00,9874.032080943838,0,5
2017-08-28,9899.85,9900.45,9892.25,9892.25,09:40:00,9876.49093037776,0,6
2017-08-28,9902.85,9903.65,9898.1,9899.6,09:45:00,9879.001317960829,0,7
2017-08-28,9908.85,9909.25,9900.8,9902.9,09:50:00,9881.844049583608,0,8
2017-08-28,9902.65,9909.4,9901.2,9909.35,09:55:00,9883.825568670884,0,9
2017-08-28,9902.3,9902.8,9898.05,9902.55,10:00:00,9885.585038321276,0,10
2017-08-28,9906.0,9906.7,9902.6,9902.6,10:05:00,9887.529320385916,0,11
2017-08-28,9913.45,9913.55,9906.1,9906.4,10:10:00,9889.99795653964,0,12
2017-08-28,9913.0,9914.7,9911.9,9913.4,10:15:00,9892.188627345387,0,13
2017-08-28,9913.45,9913.8,9909.25,9913.05,10:20:00,9894.21351997916,0,14
2017-08-28,9915.4,9916.25,9912.85,9913.5,10:25:00,9896.231279981144,0,15
2017-08-28,9915.3,9916.35,9914.05,9915.5,10:30:00,9898.047348554368,0,16
2017-08-28,9911.75,9915.5,9910.45,9915.25,10:35:00,9899.352362977765,0,17
2017-08-28,9910.3,9913.6,9910.2,9911.5,10:40:00,9900.39499507512,0,18
2017-08-28,9911.3,9911.6,9908.15,9910.25,10:45:00,9901.433566972726,0,19
2017-08-28,9909.7,9912.85,9909.3,9911.2,10:50:00,9902.220846308655,0,20
2017-08-28,9910.75,9912.8,9909.5,9909.85,10:55:00,9903.033146660213,0,21
2017-08-28,9907.7,9911.85,9907.7,9910.8,11:00:00,9903.47760888305,0,22
2017-08-28,9907.6,9910.0,9905.35,9907.9,11:05:00,9903.870217560854,0,23
2017-08-28,9909.55,9909.7,9906.65,9907.5,11:10:00,9904.411149221723,0,24
2017-08-28,9904.8,9909.2,9903.3,9909.2,11:15:00,9904.44818262918,0,25
2017-08-28,9904.9,9905.6,9903.0,9904.85,11:20:00,9904.491212854971,0,26
2017-08-28,9905.15,9907.4,9904.35,9904.85,11:25:00,9904.553954487834,0,27
2017-08-28,9907.1,9907.9,9904.85,9905.2,11:30:00,9904.796435012802,0,28
2017-08-28,9909.3,9910.05,9906.8,9906.8,11:35:00,9905.225345963963,0,29
2017-08-28,9908.35,9909.7,9907.8,9909.15,11:40:00,9905.522932062631,0,30
2017-08-28,9905.45,9908.4,9905.35,9908.1,11:45:00,9905.515986151906,0,31
2017-08-28,9903.65,9905.7,9903.1,9905.3,11:50:00,9905.338273185058,0,32
2017-08-28,9906.75,9906.85,9903.7,9903.7,11:55:00,9905.472723357909,0,33
2017-08-28,9905.85,9907.4,9903.9,9906.6,12:00:00,9905.50865446668,0,34
2017-08-28,9914.75,9915.6,9905.45,9905.75,12:05:00,9906.38878261271,0,35
2017-08-28,9920.35,9920.65,9913.05,9914.55,12:10:00,9907.71842236388,0,36
2017-08-28,9924.3,9924.3,9918.2,9920.7,12:15:00,9909.297620233983,0,37
2017-08-28,9919.25,9925.75,9918.25,9924.25,12:20:00,9910.245465925986,0,38
2017-08-28,9917.95,9920.55,9917.6,9918.75,12:25:00,9910.979231075891,0,39
2017-08-28,9917.45,9920.15,9916.65,9917.5,12:30:00,9911.59549478295,0,40
2017-08-28,9912.45,9917.25,9912.45,9917.25,12:35:00,9911.676876232194,0,41
2017-08-28,9914.35,9915.4,9910.4,9912.55,12:40:00,9911.931459448177,0,42
2017-08-28,9912.45,9915.1,9912.15,9914.3,12:45:00,9911.980844262634,0,43
2017-08-28,9914.4,9915.6,9912.2,9912.6,12:50:00,9912.211240047143,0,44
2017-08-28,9915.8,9916.1,9912.6,9914.35,12:55:00,9912.553026709322,0,45
2017-08-28,9914.45,9916.65,9913.05,9915.95,13:00:00,9912.733690832243,0,46
2017-08-28,9909.75,9914.65,9907.95,9914.4,13:05:00,9912.4495298006,0,47
2017-08-28,9908.15,9909.8,9905.25,9909.65,13:10:00,9912.040050771971,0,48
2017-08-28,9905.85,9908.4,9905.15,9908.1,13:15:00,9911.45052212702,0,49
2017-08-28,9906.55,9906.85,9904.5,9905.75,13:20:00,9910.983805733971,0,50
2017-08-28,9898.9,9906.85,9894.6,9906.05,13:25:00,9909.83296709264,0,51
2017-08-28,9904.15,9905.6,9892.95,9898.75,13:30:00,9909.291732131438,0,52
2017-08-28,9906.45,9907.05,9903.2,9904.2,13:35:00,9909.021090976064,0,53
2017-08-28,9906.05,9907.7,9905.1,9906.4,13:40:00,9908.738129930722,0,54
2017-08-28,9905.8,9907.55,9905.0,9906.2,13:45:00,9908.458308032556,0,55
2017-08-28,9901.1,9906.3,9901.1,9906.0,13:50:00,9907.757516791362,0,56
2017-08-28,9902.85,9903.2,9899.45,9901.15,13:55:00,9907.290134239804,0,57
2017-08-28,9898.35,9903.35,9898.35,9902.75,14:00:00,9906.438692883632,0,58
2017-08-28,9900.05,9900.05,9895.25,9898.05,14:05:00,9905.830245942334,0,59
2017-08-28,9899.4,9902.05,9898.25,9899.65,14:10:00,9905.217841566871,0,60
2017-08-28,9899.9,9900.1,9897.35,9899.25,14:15:00,9904.711380465267,0,61
2017-08-28,9905.95,9907.15,9899.65,9900.0,14:20:00,9904.829344230478,0,62
2017-08-28,9904.45,9908.25,9904.3,9905.9,14:25:00,9904.793216208527,0,63
2017-08-28,9908.4,9908.6,9903.1,9904.15,14:30:00,9905.136719426762,0,64
2017-08-28,9912.65,9913.6,9907.65,9908.15,14:35:00,9905.852269957546,0,65
2017-08-28,9906.65,9913.85,9904.4,9912.5,14:40:00,9905.928244247303,0,66
2017-08-28,9908.35,9911.1,9906.0,9906.1,14:45:00,9906.158887652322,0,67
2017-08-28,9906.15,9910.1,9903.15,9908.5,14:50:00,9906.158041209244,0,68
2017-08-28,9900.55,9906.45,9900.5,9905.95,14:55:00,9905.62394204646,0,69
2017-08-28,9915.25,9915.3,9900.7,9901.05,15:00:00,9906.540709470604,0,70
2017-08-28,9912.55,9916.25,9910.75,9915.0,15:05:00,9907.113022854355,0,71
2017-08-28,9915.8,9915.8,9911.1,9912.35,15:10:00,9907.940354011083,0,72
2017-08-28,9916.7,9916.85,9911.1,9915.5,15:15:00,9908.774606010027,0,73
2017-08-28,9915.7,9917.05,9912.75,9916.95,15:20:00,9909.434167342408,0,74
2017-08-28,9911.05,9916.5,9911.05,9915.65,15:25:00,9909.58805616694,0,75
2017-08-29,9867.85,9882.35,9866.45,9882.35,09:15:00,9905.61300319866,1,1
2017-08-29,9869.65,9874.45,9861.45,9867.6,09:20:00,9902.187955274978,1,2
2017-08-29,9863.9,9872.7,9863.7,9869.3,09:25:00,9898.541483344026,1,3
2017-08-29,9853.75,9863.8,9853.75,9863.8,09:30:00,9894.275627787452,1,4
2017-08-29,9859.55,9861.0,9852.1,9853.7,09:35:00,9890.968425141027,1,5
2017-08-29,9861.5,9861.7,9857.15,9859.35,09:40:00,9888.16190846093,1,6
2017-08-29,9855.65,9862.8,9855.55,9861.3,09:45:00,9885.065536226555,1,7
2017-08-29,9846.9,9855.75,9846.2,9855.55,09:50:00,9881.430723252595,1,8
2017-08-29,9855.5,9856.15,9845.95,9846.95,09:55:00,9878.961130561876,1,9
2017-08-29,9853.7,9859.1,9853.05,9855.45,10:00:00,9876.555308603602,1,10
2017-08-29,9843.75,9854.2,9840.4,9853.8,10:05:00,9873.430993498498,1,11
2017-08-29,9840.2,9848.35,9840.2,9843.9,10:10:00,9870.266136974831,1,12
2017-08-29,9833.45,9840.35,9830.85,9840.35,10:15:00,9866.759838215325,1,13
2017-08-29,9839.25,9841.95,9830.35,9833.25,10:20:00,9864.139853623388,1,14
2017-08-29,9841.2,9842.25,9835.55,9839.65,10:25:00,9861.955105659255,1,15
2017-08-29,9839.85,9844.4,9838.55,9841.4,10:30:00,9859.84985750123,1,16
2017-08-29,9833.3,9840.0,9832.6,9839.9,10:35:00,9857.32129964397,1,17
2017-08-29,9838.7,9838.7,9831.3,9832.75,10:40:00,9855.54784253502,1,18
2017-08-29,9839.05,9840.25,9837.45,9837.55,10:45:00,9853.976619436447,1,19
2017-08-29,9837.75,9841.2,9836.1,9839.15,10:50:00,9852.431227109166,1,20
2017-08-29,9834.95,9840.15,9834.95,9837.25,10:55:00,9850.766348336863,1,21
2017-08-29,9830.75,9836.6,9830.2,9834.7,11:00:00,9848.860029447638,1,22
2017-08-29,9827.65,9831.15,9827.15,9830.7,11:05:00,9846.840026643102,1,23
2017-08-29,9825.55,9829.3,9821.8,9827.6,11:10:00,9844.812405058045,1,24
2017-08-29,9830.15,9830.55,9824.2,9824.4,11:15:00,9843.415985528707,1,25
2017-08-29,9834.4,9836.4,9828.8,9830.05,11:20:00,9842.55732024026,1,26
2017-08-29,9835.0,9837.7,9833.95,9834.0,11:25:00,9841.837575455473,1,27
2017-08-29,9838.7,9839.75,9831.8,9835.05,11:30:00,9841.538758745428,1,28
2017-08-29,9836.6,9838.5,9835.85,9838.45,11:35:00,9841.068400769676,1,29
2017-08-29,9843.3,9843.3,9834.8,9836.3,11:40:00,9841.280934029706,1,30
2017-08-29,9846.15,9846.8,9840.55,9842.15,11:45:00,9841.744654598306,1,31
2017-08-29,9844.65,9846.9,9842.85,9845.55,11:50:00,9842.021354160372,1,32
2017-08-29,9842.75,9845.75,9840.45,9843.75,11:55:00,9842.09074900224,1,33
2017-08-29,9841.75,9845.05,9840.45,9841.8,12:00:00,9842.058296716312,1,34
2017-08-29,9840.35,9842.2,9837.9,9841.5,12:05:00,9841.895601790948,1,35
2017-08-29,9841.7,9842.9,9837.65,9839.7,12:10:00,9841.876973048951,1,36
2017-08-29,9843.95,9845.6,9840.6,9840.95,12:15:00,9842.074404187146,1,37
2017-08-29,9844.0,9845.75,9842.35,9843.15,12:20:00,9842.25779426456,1,38
2017-08-29,9839.25,9844.4,9837.75,9843.35,12:25:00,9841.971337667936,1,39
2017-08-29,9832.6,9839.4,9832.6,9838.75,12:30:00,9841.078829318609,1,40
2017-08-29,9832.5,9834.85,9831.25,9832.25,12:35:00,9840.26179795493,1,41
2017-08-29,9835.85,9837.95,9831.45,9832.55,12:40:00,9839.841626721129,1,42
2017-08-29,9830.0,9835.6,9830.0,9834.75,12:45:00,9838.904328938164,1,43
2017-08-29,9822.55,9830.3,9821.1,9829.7,12:50:00,9837.346773801197,1,44
2017-08-29,9822.2,9827.65,9819.2,9822.0,12:55:00,9835.904223915368,1,45
2017-08-29,9819.35,9822.15,9815.55,9821.5,13:00:00,9834.327631161525,1,46
2017-08-29,9822.6,9823.35,9819.05,9819.1,13:05:00,9833.210713908044,1,47
2017-08-29,9824.3,9824.55,9821.75,9822.85,13:10:00,9832.362074488232,1,48
2017-08-29,9820.55,9824.2,9817.1,9824.2,13:15:00,9831.237115013162,1,49
2017-08-29,9811.55,9820.4,9809.2,9819.9,13:20:00,9829.362151678575,1,50
2017-08-29,9804.55,9811.3,9802.65,9810.55,13:25:00,9826.999089613948,1,51
2017-08-29,9807.5,9808.25,9800.6,9805.0,13:30:00,9825.142033460235,1,52
2017-08-29,9804.25,9809.7,9800.75,9806.2,13:35:00,9823.152315987834,1,53
2017-08-29,9800.5,9803.95,9796.8,9803.3,13:40:00,9820.99495256042,1,54
2017-08-29,9800.3,9802.5,9794.55,9800.25,13:45:00,9819.024004697523,1,55
2017-08-29,9796.1,9805.05,9795.0,9800.1,13:50:00,9816.840766154904,1,56
2017-08-29,9791.25,9796.35,9787.55,9795.8,13:55:00,9814.403550330626,1,57
2017-08-29,9790.15,9791.5,9783.75,9791.15,14:00:00,9812.093688394376,1,58
2017-08-29,9790.55,9793.95,9789.25,9789.7,14:05:00,9810.041908547291,1,59
2017-08-29,9797.85,9798.2,9790.05,9790.05,14:10:00,9808.88077439993,1,60
2017-08-29,9797.0,9799.85,9795.65,9797.65,14:15:00,9807.749272076126,1,61
2017-08-29,9792.95,9796.95,9791.25,9796.95,14:20:00,9806.339817592683,1,62
2017-08-29,9797.55,9798.5,9791.65,9793.3,14:25:00,9805.502692107668,1,63
2017-08-29,9791.0,9797.4,9784.35,9797.4,14:30:00,9804.12148333551,1,64
2017-08-29,9787.35,9791.4,9786.3,9790.5,14:35:00,9802.52419920832,1,65
2017-08-29,9795.35,9795.45,9786.3,9786.3,14:40:00,9801.84094214086,1,66
2017-08-29,9799.25,9800.6,9793.45,9795.1,14:45:00,9801.594185746491,1,67
2017-08-29,9795.45,9799.05,9794.65,9799.05,14:50:00,9801.009025199206,1,68
2017-08-29,9790.7,9795.45,9790.7,9795.25,14:55:00,9800.027213275473,1,69
2017-08-29,9798.45,9800.95,9790.55,9790.55,15:00:00,9799.877002487334,1,70
2017-08-29,9798.8,9801.6,9796.55,9797.8,15:05:00,9799.774430821872,1,71
2017-08-29,9795.4,9799.05,9792.6,9798.6,15:10:00,9799.357818362649,1,72
2017-08-29,9793.4,9795.95,9787.55,9795.3,15:15:00,9798.790407090017,1,73
2017-08-29,9797.6,9799.0,9793.05,9793.05,15:20:00,9798.677034986204,1,74
2017-08-29,9793.9,9800.45,9793.0,9797.95,15:25:00,9798.222079273231,1,75
2017-08-30,9862.7,9863.4,9850.8,9855.45,09:15:00,9804.362833628162,2,1
2017-08-30,9861.4,9871.25,9861.2,9862.4,09:20:00,9809.794944711191,2,2
2017-08-30,9865.05,9869.95,9861.1,9861.1,09:25:00,9815.057330929174,2,3
2017-08-30,9875.5,9876.3,9863.8,9864.75,09:30:00,9820.813775602586,2,4
2017-08-30,9877.55,9883.45,9874.4,9875.6,09:35:00,9826.217225545195,2,5
2017-08-30,9875.4,9879.05,9874.4,9877.25,09:40:00,9830.901299302795,2,6
2017-08-30,9876.05,9876.7,9871.5,9875.65,09:45:00,9835.201175559674,2,7
2017-08-30,9875.15,9877.25,9871.05,9876.25,09:50:00,9839.005825506372,2,8
2017-08-30,9874.2,9880.05,9873.9,9875.65,09:55:00,9842.357651648625,2,9
2017-08-30,9879.5,9880.55,9874.25,9874.6,10:00:00,9845.895018158277,2,10
2017-08-30,9882.0,9882.3,9878.85,9879.7,10:05:00,9849.333587857487,2,11
2017-08-30,9877.15,9882.0,9876.55,9881.85,10:10:00,9851.982769966298,2,12
2017-08-30,9873.2,9877.65,9872.95,9876.8,10:15:00,9854.003458540936,2,13
2017-08-30,9872.45,9874.65,9872.15,9873.0,10:20:00,9855.760272013227,2,14
2017-08-30,9870.45,9872.55,9868.7,9872.2,10:25:00,9857.159293726252,2,15
2017-08-30,9872.55,9874.0,9870.3,9870.4,10:30:00,9858.625075276132,2,16
2017-08-30,9873.85,9873.85,9871.0,9872.45,10:35:00,9860.07506810698,2,17
2017-08-30,9873.15,9874.85,9872.3,9873.95,10:40:00,9861.320299715837,2,18
2017-08-30,9872.95,9873.7,9871.85,9873.0,10:45:00,9862.42789021909,2,19
2017-08-30,9873.85,9874.9,9872.65,9872.9,10:50:00,9863.515710198226,2,20
2017-08-30,9874.8,9877.5,9873.2,9873.5,10:55:00,9864.590404465062,2,21
2017-08-30,9878.4,9879.1,9874.35,9874.85,11:00:00,9865.905604039815,2,22
2017-08-30,9881.35,9882.2,9877.35,9878.45,11:05:00,9867.376498893169,2,23
2017-08-30,9878.05,9881.7,9877.9,9881.3,11:10:00,9868.393022808104,2,24
2017-08-30,9881.0,9881.35,9877.9,9878.2,11:15:00,9869.59368730257,2,25
2017-08-30,9884.25,9886.9,9879.45,9880.5,11:20:00,9870.989526607087,2,26
2017-08-30,9884.4,9887.25,9883.35,9884.4,11:25:00,9872.266714549269,2,27
2017-08-30,9884.55,9888.15,9884.35,9884.7,11:30:00,9873.436551258865,2,28
2017-08-30,9883.25,9886.6,9883.25,9884.7,11:35:00,9874.371165424684,2,29
2017-08-30,9886.8,9888.5,9883.3,9883.3,11:40:00,9875.554863955667,2,30
2017-08-30,9892.6,9893.25,9885.9,9887.1,11:45:00,9877.178210245604,2,31
2017-08-30,9899.4,9901.65,9891.8,9892.65,11:50:00,9879.294571174592,2,32
2017-08-30,9899.6,9904.4,9898.7,9899.55,11:55:00,9881.228421538915,2,33
2017-08-30,9901.35,9902.8,9899.65,9899.7,12:00:00,9883.144762344737,2,34
2017-08-30,9899.5,9903.2,9898.05,9901.7,12:05:00,9884.702404026188,2,35
2017-08-30,9900.95,9902.3,9897.8,9899.85,12:10:00,9886.249794118932,2,36
2017-08-30,9903.95,9904.85,9899.35,9901.2,12:15:00,9887.935528012367,2,37
2017-08-30,9906.6,9909.45,9902.1,9904.25,12:20:00,9889.713096773094,2,38
2017-08-30,9905.85,9907.85,9902.95,9907.4,12:25:00,9891.249944699464,2,39
2017-08-30,9904.4,9907.65,9902.55,9906.05,12:30:00,9892.502330918564,2,40
2017-08-30,9903.25,9906.5,9903.05,9904.25,12:35:00,9893.525918450128,2,41
2017-08-30,9898.0,9904.0,9898.0,9903.55,12:40:00,9893.952021454876,2,42
2017-08-30,9898.8,9900.0,9897.3,9898.65,12:45:00,9894.41373369727,2,43
2017-08-30,9898.1,9899.4,9894.35,9899.35,12:50:00,9894.764806678482,2,44
2017-08-30,9898.25,9899.5,9897.45,9898.7,12:55:00,9895.09672985196,2,45
2017-08-30,9896.95,9898.95,9895.6,9898.15,13:00:00,9895.273231770823,2,46
2017-08-30,9898.1,9899.15,9896.25,9897.35,13:05:00,9895.542447792648,2,47
2017-08-30,9891.6,9898.9,9890.7,9897.95,13:10:00,9895.1669765743,2,48
2017-08-30,9895.55,9898.4,9891.4,9891.7,13:15:00,9895.203454995792,2,49
2017-08-30,9896.0,9899.6,9894.0,9895.9,13:20:00,9895.279316424763,2,50
2017-08-30,9895.05,9898.65,9894.95,9896.5,13:25:00,9895.257476765264,2,51
2017-08-30,9893.9,9897.8,9893.9,9895.1,13:30:00,9895.12819326381,2,52
2017-08-30,9892.4,9894.15,9888.6,9893.85,13:35:00,9894.868365333925,2,53
2017-08-30,9896.3,9896.35,9891.5,9892.55,13:40:00,9895.004711492596,2,54
2017-08-30,9897.2,9898.4,9895.5,9895.95,13:45:00,9895.21378658854,2,55
2017-08-30,9898.35,9901.05,9896.6,9897.35,13:50:00,9895.512473580107,2,56
2017-08-30,9898.5,9900.1,9897.9,9898.5,13:55:00,9895.796999905811,2,57
2017-08-30,9896.2,9899.95,9894.9,9898.9,14:00:00,9895.835380867164,2,58
2017-08-30,9895.35,9897.7,9894.25,9897.0,14:05:00,9895.789154117909,2,59
2017-08-30,9899.25,9900.75,9894.1,9895.5,14:10:00,9896.118758487632,2,60
2017-08-30,9889.2,9900.4,9888.55,9899.8,14:15:00,9895.459829107858,2,61
2017-08-30,9885.35,9889.95,9882.35,9889.7,14:20:00,9894.496988240444,2,62
2017-08-30,9880.9,9888.55,9880.9,9885.75,14:25:00,9893.202036979448,2,63
2017-08-30,9876.65,9881.3,9875.8,9881.0,14:30:00,9891.625652505216,2,64
2017-08-30,9878.2,9883.6,9876.95,9877.4,14:35:00,9890.34701893329,2,65
2017-08-30,9882.9,9886.2,9876.95,9878.25,14:40:00,9889.637779034882,2,66
2017-08-30,9882.6,9885.0,9879.8,9883.2,14:45:00,9888.967514364893,2,67
2017-08-30,9874.45,9882.75,9874.45,9882.7,14:50:00,9887.584893949188,2,68
2017-08-30,9876.45,9877.5,9874.1,9874.8,14:55:00,9886.524427858789,2,69
2017-08-30,9886.35,9887.4,9877.4,9877.4,15:00:00,9886.50781568176,2,70
2017-08-30,9884.0,9887.45,9883.85,9886.4,15:05:00,9886.26897609302,2,71
2017-08-30,9882.5,9884.75,9880.65,9883.65,15:10:00,9885.910025988924,2,72
2017-08-30,9884.65,9886.45,9879.4,9882.9,15:15:00,9885.790023513788,2,73
2017-08-30,9885.7,9886.25,9882.85,9884.95,15:20:00,9885.781449845808,2,74
2017-08-30,9886.5,9887.2,9881.95,9885.5,15:25:00,9885.849883193829,2,75
2017-08-31,9879.4,9901.25,9870.15,9900.8,09:15:00,9885.235608603938,3,1
2017-08-31,9884.15,9891.0,9878.35,9879.9,09:20:00,9885.132217308326,3,2
2017-08-31,9875.4,9885.3,9874.7,9883.8,09:25:00,9884.205339469438,3,3
2017-08-31,9868.25,9877.15,9865.7,9875.3,09:30:00,9882.685783329493,3,4
2017-08-31,9870.45,9873.55,9864.2,9868.2,09:35:00,9881.520470631443,3,5
2017-08-31,9873.0,9875.05,9869.1,9871.0,09:40:00,9880.708997237974,3,6
2017-08-31,9868.1,9875.7,9867.65,9872.7,09:45:00,9879.508140358168,3,7
2017-08-31,9870.9,9874.0,9868.15,9868.4,09:50:00,9878.688317466916,3,8
2017-08-31,9875.25,9875.55,9869.8,9871.1,09:55:00,9878.360858660542,3,9
2017-08-31,9875.4,9878.15,9874.35,9875.7,10:00:00,9878.078872121445,3,10
2017-08-31,9873.3,9877.8,9873.3,9875.25,10:05:00,9877.623741443207,3,11
2017-08-31,9871.35,9873.95,9869.2,9873.35,10:10:00,9877.026242258142,3,12
2017-08-31,9873.2,9874.4,9870.55,9871.1,10:15:00,9876.661838233556,3,13
2017-08-31,9875.45,9876.3,9873.1,9874.1,10:20:00,9876.546425068456,3,14
2017-08-31,9874.3,9875.85,9872.7,9875.85,10:25:00,9876.33247982384,3,15
2017-08-31,9869.4,9874.25,9868.6,9874.2,10:30:00,9875.67224365014,3,16
2017-08-31,9866.8,9870.0,9865.6,9869.6,10:35:00,9874.827268064411,3,17
2017-08-31,9865.85,9867.85,9862.95,9867.2,10:40:00,9873.972290153515,3,18
2017-08-31,9870.65,9871.75,9865.0,9866.0,10:45:00,9873.655881567463,3,19
2017-08-31,9870.8,9871.85,9869.0,9870.55,10:50:00,9873.383892846756,3,20
2017-08-31,9870.55,9872.1,9869.0,9871.1,10:55:00,9873.11399828992,3,21
2017-08-31,9869.4,9871.4,9868.4,9870.95,11:00:00,9872.76028416707,3,22
2017-08-31,9868.1,9870.45,9865.45,9869.8,11:05:00,9872.316447579731,3,23
2017-08-31,9866.75,9868.8,9862.45,9868.55,11:10:00,9871.786309714997,3,24
2017-08-31,9865.6,9868.25,9864.3,9866.7,11:15:00,9871.197137361189,3,25
2017-08-31,9860.4,9866.35,9859.75,9865.95,11:20:00,9870.168838564883,3,26
2017-08-31,9859.2,9862.1,9856.95,9860.6,11:25:00,9869.124187272992,3,27
2017-08-31,9860.8,9862.35,9858.15,9859.65,11:30:00,9868.331407532709,3,28
2017-08-31,9861.45,9863.6,9861.1,9861.1,11:35:00,9867.676035386736,3,29
2017-08-31,9863.3,9864.55,9859.25,9861.55,11:40:00,9867.259270111808,3,30
2017-08-31,9863.7,9864.15,9860.65,9863.65,11:45:00,9866.920292005922,3,31
2017-08-31,9862.6,9864.9,9862.1,9863.65,11:50:00,9866.508835624403,3,32
2017-08-31,9861.85,9865.25,9861.75,9863.8,11:55:00,9866.06513699351,3,33
2017-08-31,9861.45,9863.9,9860.0,9862.4,12:00:00,9865.625600136984,3,34
2017-08-31,9872.55,9872.6,9860.9,9861.5,12:05:00,9866.285066790604,3,35
2017-08-31,9886.65,9886.65,9872.1,9872.75,12:10:00,9868.224584239118,3,36
2017-08-31,9884.4,9892.5,9883.75,9886.7,12:15:00,9869.765100025868,3,37
2017-08-31,9886.9,9891.0,9884.4,9884.5,12:20:00,9871.3969952615,3,38
2017-08-31,9887.2,9889.75,9885.0,9887.3,12:25:00,9872.902043331836,3,39
2017-08-31,9896.2,9896.2,9886.5,9887.3,12:30:00,9875.120896347851,3,40
2017-08-31,9895.2,9901.0,9892.9,9896.25,12:35:00,9877.03319193377,3,41
2017-08-31,9890.35,9898.4,9890.35,9895.4,12:40:00,9878.30145936865,3,42
2017-08-31,9891.75,9894.15,9888.3,9890.5,12:45:00,9879.582272762113,3,43
2017-08-31,9888.7,9893.3,9887.8,9891.55,12:50:00,9880.45062773715,3,44
2017-08-31,9891.95,9892.5,9888.05,9888.9,12:55:00,9881.545806047898,3,45
2017-08-31,9888.85,9894.35,9888.2,9892.1,13:00:00,9882.241443567144,3,46
2017-08-31,9887.65,9889.65,9886.5,9889.1,13:05:00,9882.756544179798,3,47
2017-08-31,9872.4,9888.2,9872.4,9888.05,13:10:00,9881.770206638865,3,48
2017-08-31,9875.6,9877.9,9871.1,9873.35,13:15:00,9881.182567911354,3,49
2017-08-31,9879.3,9880.9,9875.75,9875.75,13:20:00,9881.00327572932,3,50
2017-08-31,9878.85,9881.95,9878.65,9879.25,13:25:00,9880.798201850335,3,51
2017-08-31,9876.1,9879.25,9875.35,9879.25,13:30:00,9880.350754055067,3,52
2017-08-31,9875.0,9877.75,9874.9,9876.6,13:35:00,9879.841158430776,3,53
2017-08-31,9876.8,9877.7,9873.95,9875.05,13:40:00,9879.551524294511,3,54
2017-08-31,9883.35,9884.6,9876.85,9876.85,13:45:00,9879.91328388551,3,55
2017-08-31,9884.8,9886.75,9883.45,9883.45,13:50:00,9880.378685420224,3,56
2017-08-31,9881.7,9886.65,9880.0,9885.25,13:55:00,9880.50452490401,3,57
2017-08-31,9884.6,9885.8,9880.9,9881.9,14:00:00,9880.894570151248,3,58
2017-08-31,9884.3,9886.85,9883.6,9884.75,14:05:00,9881.21889680351,3,59
2017-08-31,9886.2,9887.2,9883.05,9883.9,14:10:00,9881.693287584128,3,60
2017-08-31,9890.0,9890.25,9884.25,9886.55,14:15:00,9882.484403052304,3,61
2017-08-31,9885.7,9890.15,9882.5,9890.15,14:20:00,9882.790650380655,3,62
2017-08-31,9887.8,9889.35,9885.4,9886.2,14:25:00,9883.267731296786,3,63
2017-08-31,9890.15,9894.5,9887.7,9888.3,14:30:00,9883.923185458996,3,64
2017-08-31,9894.0,9894.2,9888.5,9889.95,14:35:00,9884.882882081947,3,65
2017-08-31,9895.3,9898.85,9893.7,9894.3,14:40:00,9885.874988550337,3,66
2017-08-31,9906.7,9910.15,9895.55,9895.9,14:45:00,9887.858322974113,3,67
2017-08-31,9903.65,9909.0,9901.95,9906.65,14:50:00,9889.362292214671,3,68
2017-08-31,9896.65,9903.55,9890.15,9903.45,14:55:00,9890.056359622798,3,69
2017-08-31,9918.85,9918.85,9896.75,9896.75,15:00:00,9892.798611087292,3,70
2017-08-31,9921.4,9921.4,9915.6,9917.75,15:05:00,9895.522552888504,3,71
2017-08-31,9918.85,9923.1,9918.2,9920.0,15:10:00,9897.74421451817,3,72
2017-08-31,9922.15,9922.15,9916.25,9918.4,15:15:00,9900.06857504025,3,73
2017-08-31,9920.55,9925.1,9917.75,9921.45,15:20:00,9902.019186941176,3,74
2017-08-31,9916.2,9924.25,9914.25,9920.8,15:25:00,9903.369740565828,3,75
2017-09-01,9915.45,9934.9,9909.85,9934.9,09:15:00,9904.52024146432,4,1
2017-09-01,9931.4,9931.6,9915.55,9915.85,09:20:00,9907.08021846772,4,2
2017-09-01,9933.4,9935.05,9925.9,9931.3,09:25:00,9909.586864327935,4,3
2017-09-01,9930.0,9937.3,9928.75,9934.45,09:30:00,9911.53097248718,4,4
2017-09-01,9934.25,9934.8,9928.95,9930.15,09:35:00,9913.694689393164,4,5
2017-09-01,9943.35,9943.55,9933.7,9934.1,09:40:00,9916.519004689051,4,6
2017-09-01,9942.8,9945.9,9940.75,9943.8,09:45:00,9919.021956623428,4,7
2017-09-01,9944.95,9946.65,9942.25,9943.0,09:50:00,9921.491294087864,4,8
2017-09-01,9953.0,9958.05,9944.9,9945.25,09:55:00,9924.492123222351,4,9
2017-09-01,9956.3,9958.45,9952.7,9953.55,10:00:00,9927.521444820224,4,10
2017-09-01,9960.35,9962.0,9955.35,9956.55,10:05:00,9930.647973884965,4,11
2017-09-01,9960.3,9963.3,9959.1,9960.0,10:10:00,9933.471976372111,4,12
2017-09-01,9953.35,9960.2,9952.2,9960.2,10:15:00,9935.365121479528,4,13
2017-09-01,9952.65,9953.85,9950.45,9953.45,10:20:00,9937.01130038624,4,14
2017-09-01,9956.2,9956.2,9950.15,9952.85,10:25:00,9938.838795587551,4,15
2017-09-01,9960.9,9960.9,9955.6,9956.45,10:30:00,9940.939862674451,4,16
2017-09-01,9960.9,9963.9,9959.05,9961.35,10:35:00,9942.840828134027,4,17
2017-09-01,9959.35,9961.4,9959.15,9960.65,10:40:00,9944.4131302165,4,18
2017-09-01,9955.25,9960.25,9955.25,9959.5,10:45:00,9945.445213053024,4,19
2017-09-01,9956.2,9957.8,9954.45,9955.6,10:50:00,9946.469478476549,4,20
2017-09-01,9956.6,9958.9,9954.2,9956.5,10:55:00,9947.434290050209,4,21
2017-09-01,9958.1,9959.6,9955.65,9956.1,11:00:00,9948.450071950188,4,22
2017-09-01,9958.65,9961.5,9957.2,9958.4,11:05:00,9949.42149366922,4,23
2017-09-01,9953.0,9961.6,9953.0,9958.75,11:10:00,9949.76230379596,4,24
2017-09-01,9952.3,9955.1,9950.25,9953.3,11:15:00,9950.003989148729,4,25
2017-09-01,9953.8,9955.85,9952.1,9952.7,11:20:00,9950.365513991706,4,26
2017-09-01,9953.8,9956.15,9953.3,9954.3,11:25:00,9950.69260789726,4,27
2017-09-01,9954.0,9955.2,9952.65,9953.95,11:30:00,9951.00759762133,4,28
2017-09-01,9952.25,9954.6,9952.25,9954.2,11:35:00,9951.125921657394,4,29
2017-09-01,9956.8,9957.4,9951.95,9952.8,11:40:00,9951.666310070976,4,30
2017-09-01,9957.2,9958.9,9955.8,9956.3,11:45:00,9952.193328159454,4,31
2017-09-01,9954.5,9957.5,9953.7,9957.5,11:50:00,9952.413011191886,4,32
2017-09-01,9952.85,9955.1,9952.4,9954.8,11:55:00,9952.454629173611,4,33
2017-09-01,9955.15,9955.8,9952.6,9953.35,12:00:00,9952.711331157076,4,34
2017-09-01,9955.8,9956.4,9953.9,9955.4,12:05:00,9953.005490094498,4,35
2017-09-01,9956.7,9958.0,9955.3,9956.45,12:10:00,9953.357348180736,4,36
2017-09-01,9959.05,9959.3,9956.5,9957.55,12:15:00,9953.899505496856,4,37
2017-09-01,9961.45,9961.85,9958.2,9959.15,12:20:00,9954.618600211445,4,38
2017-09-01,9960.95,9962.65,9959.95,9962.05,12:25:00,9955.221590667496,4,39
2017-09-01,9962.6,9964.55,9959.9,9961.15,12:30:00,9955.924296318211,4,40
2017-09-01,9960.0,9962.05,9958.55,9961.9,12:35:00,9956.31245857362,4,41
2017-09-01,9958.9,9961.1,9958.1,9960.9,12:40:00,9956.55889109042,4,42
2017-09-01,9959.45,9960.85,9958.6,9960.25,12:45:00,9956.834234796092,4,43
2017-09-01,9957.55,9960.2,9956.55,9960.2,12:50:00,9956.902402910751,4,44
2017-09-01,9961.35,9962.0,9957.0,9957.3,12:55:00,9957.32598358592,4,45
2017-09-01,9960.9,9962.1,9959.4,9962.1,13:00:00,9957.666366101545,4,46
2017-09-01,9960.95,9961.8,9959.4,9961.1,13:05:00,9957.979093139493,4,47
2017-09-01,9961.85,9963.3,9960.5,9961.0,13:10:00,9958.34775093573,4,48
2017-09-01,9960.35,9961.9,9959.15,9961.9,13:15:00,9958.538441322804,4,49
2017-09-01,9961.25,9961.55,9958.8,9960.7,13:20:00,9958.796685006346,4,50
2017-09-01,9968.8,9969.25,9961.2,9962.1,13:25:00,9959.749381672407,4,51
2017-09-01,9972.15,9974.25,9968.7,9969.25,13:30:00,9960.930392941702,4,52
2017-09-01,9973.55,9974.45,9968.05,9973.05,13:35:00,9962.132260280589,4,53
2017-09-01,9974.75,9977.9,9972.5,9973.7,13:40:00,9963.333949777676,4,54
2017-09-01,9973.35,9976.75,9972.6,9975.05,13:45:00,9964.28785932266,4,55
2017-09-01,9970.75,9978.05,9970.4,9974.0,13:50:00,9964.90330129193,4,56
2017-09-01,9968.1,9972.05,9965.75,9971.3,13:55:00,9965.207748787938,4,57
2017-09-01,9974.0,9977.1,9968.05,9969.55,14:00:00,9966.04510604623,4,58
2017-09-01,9967.05,9974.35,9966.6,9974.35,14:05:00,9966.140810232302,4,59
2017-09-01,9962.8,9968.45,9960.45,9967.45,14:10:00,9965.822637829226,4,60
2017-09-01,9960.95,9964.25,9957.3,9963.15,14:15:00,9965.358577083583,4,61
2017-09-01,9967.75,9969.05,9960.9,9962.05,14:20:00,9965.586331647051,4,62
2017-09-01,9967.45,9969.4,9966.05,9968.25,14:25:00,9965.763823871142,4,63
2017-09-01,9964.35,9970.1,9964.35,9967.85,14:30:00,9965.629173978654,4,64
2017-09-01,9957.1,9965.3,9956.6,9965.2,14:35:00,9964.816871694971,4,65
2017-09-01,9964.45,9965.1,9957.55,9957.95,14:40:00,9964.781931533546,4,66
2017-09-01,9962.7,9965.7,9962.35,9964.8,14:45:00,9964.583652339876,4,67
2017-09-01,9968.45,9969.05,9962.95,9963.45,14:50:00,9964.951875926554,4,68
2017-09-01,9971.65,9972.1,9967.75,9968.85,14:55:00,9965.589792504976,4,69
2017-09-01,9979.55,9981.0,9971.15,9971.15,15:00:00,9966.91933607593,4,70
2017-09-01,9980.25,9983.45,9978.1,9979.9,15:05:00,9968.188923116317,4,71
2017-09-01,9978.75,9980.6,9976.15,9980.45,15:10:00,9969.194739962382,4,72
2017-09-01,9971.85,9979.35,9971.85,9979.35,15:15:00,9969.447621870728,4,73
2017-09-01,9971.55,9972.75,9968.95,9972.05,15:20:00,9969.64784835923,4,74
2017-09-01,9971.9,9973.1,9967.95,9971.85,15:25:00,9969.862338991685,4,75
2017-09-04,9961.65,9988.4,9952.55,9983.0,09:15:00,9969.080211468668,0,1
2017-09-04,9960.3,9969.3,9959.8,9961.55,09:20:00,9968.244000852605,0,2
2017-09-04,9956.55,9963.65,9956.55,9960.2,09:25:00,9967.130286485688,0,3
2017-09-04,9961.05,9961.1,9950.05,9956.65,09:30:00,9966.55121158229,0,4
2017-09-04,9957.75,9963.05,9957.75,9960.65,09:35:00,9965.713000955406,0,5
2017-09-04,9959.8,9962.65,9955.85,9957.8,09:40:00,9965.149858007271,0,6
2017-09-04,9964.2,9966.35,9960.25,9960.25,09:45:00,9965.059395339911,0,7
2017-09-04,9958.85,9966.0,9958.1,9963.95,09:50:00,9964.46802435516,0,8
2017-09-04,9961.0,9962.65,9958.55,9959.3,09:55:00,9964.137736321334,0,9
2017-09-04,9959.55,9963.9,9959.1,9961.25,10:00:00,9963.700809052636,0,10
2017-09-04,9956.75,9959.55,9952.35,9959.45,10:05:00,9963.0388272381,0,11
2017-09-04,9955.55,9958.05,9955.05,9956.6,10:10:00,9962.325605596376,0,12
2017-09-04,9945.1,9958.5,9944.65,9955.15,10:15:00,9960.685071730051,0,13
2017-09-04,9940.4,9946.55,9940.4,9944.9,10:20:00,9958.753160136715,0,14
2017-09-04,9940.75,9941.25,9937.2,9940.0,10:25:00,9957.038573457028,0,15
2017-09-04,9944.05,9944.05,9936.3,9940.2,10:30:00,9955.80156646112,0,16
2017-09-04,9941.95,9946.85,9941.15,9943.5,10:35:00,9954.4823696553,0,17
2017-09-04,9942.4,9944.75,9938.1,9941.0,10:40:00,9953.331667783366,0,18
2017-09-04,9943.65,9946.0,9941.7,9941.7,10:45:00,9952.40960418495,0,19
2017-09-04,9944.35,9945.15,9942.4,9943.25,10:50:00,9951.642022834005,0,20
2017-09-04,9946.45,9947.9,9942.9,9942.9,10:55:00,9951.14754446886,0,21
2017-09-04,9942.3,9948.0,9941.7,9946.5,11:00:00,9950.304921186113,0,22
2017-09-04,9941.0,9942.45,9940.2,9941.7,11:05:00,9949.418738216007,0,23
2017-09-04,9947.1,9947.7,9940.2,9940.2,11:10:00,9949.19790600496,0,24
2017-09-04,9944.2,9947.9,9943.6,9946.85,11:15:00,9948.72191495687,0,25
2017-09-04,9934.75,9944.4,9934.2,9943.6,11:20:00,9947.391256389548,0,26
2017-09-04,9938.6,9939.45,9933.25,9934.6,11:25:00,9946.553993876258,0,27
2017-09-04,9928.3,9939.85,9928.3,9938.05,11:30:00,9944.815518268995,0,28
2017-09-04,9923.25,9929.55,9923.25,9927.25,11:35:00,9942.761659386237,0,29
2017-09-04,9910.25,9923.8,9908.15,9922.8,11:40:00,9939.66531087326,0,30
2017-09-04,9906.45,9914.6,9904.9,9909.3,11:45:00,9936.501947932951,0,31
2017-09-04,9893.05,9906.85,9888.05,9905.75,11:50:00,9932.363667177431,0,32
2017-09-04,9890.7,9903.0,9889.5,9892.55,11:55:00,9928.39569887482,0,33
2017-09-04,9880.65,9890.4,9872.95,9890.35,12:00:00,9923.848489458172,0,34
2017-09-04,9881.7,9884.3,9874.8,9880.55,12:05:00,9919.834347605014,0,35
2017-09-04,9881.4,9887.15,9878.55,9881.3,12:10:00,9916.173933547394,0,36
2017-09-04,9862.45,9880.9,9861.05,9880.3,12:15:00,9911.057368447642,0,37
2017-09-04,9879.1,9879.25,9861.0,9861.75,12:20:00,9908.013809547869,0,38
2017-09-04,9875.8,9880.8,9875.4,9878.9,12:25:00,9904.945827686164,0,39
2017-09-04,9889.9,9891.3,9875.25,9875.5,12:30:00,9903.512891716053,0,40
2017-09-04,9894.65,9895.7,9889.25,9889.25,12:35:00,9902.668806790714,0,41
2017-09-04,9890.45,9895.1,9889.7,9894.6,12:40:00,9901.505110905886,0,42
2017-09-04,9887.1,9891.9,9884.65,9889.8,12:45:00,9900.133195581517,0,43
2017-09-04,9892.3,9893.75,9886.55,9886.55,12:50:00,9899.387176954706,0,44
2017-09-04,9899.7,9901.55,9891.45,9891.75,12:55:00,9899.416969625689,0,45
2017-09-04,9895.95,9900.5,9893.1,9898.7,13:00:00,9899.086782042288,0,46
2017-09-04,9898.05,9900.15,9895.55,9895.55,13:05:00,9898.988040895403,0,47
2017-09-04,9902.2,9903.65,9895.7,9897.2,13:10:00,9899.29394176251,0,48
2017-09-04,9901.65,9906.2,9900.35,9901.85,13:15:00,9899.518328261318,0,49
2017-09-04,9894.55,9901.05,9892.3,9900.9,13:20:00,9899.045154141191,0,50
2017-09-04,9896.85,9897.0,9891.6,9893.75,13:25:00,9898.836091842031,0,51
2017-09-04,9896.75,9898.85,9894.5,9895.85,13:30:00,9898.637416428504,0,52
2017-09-04,9889.5,9898.25,9888.65,9896.2,13:35:00,9897.767186292456,0,53
2017-09-04,9887.3,9889.75,9883.15,9889.2,13:40:00,9896.77031140746,0,54
2017-09-04,9887.9,9888.0,9882.45,9886.3,13:45:00,9895.925519844845,0,55
2017-09-04,9877.75,9889.5,9876.95,9887.05,13:50:00,9894.19451795486,0,56
2017-09-04,9881.45,9883.55,9875.6,9876.6,13:55:00,9892.980754340111,0,57
2017-09-04,9883.55,9884.2,9877.15,9880.75,14:00:00,9892.082587260102,0,58
2017-09-04,9900.0,9900.0,9880.5,9882.75,14:05:00,9892.836626568664,0,59
2017-09-04,9896.65,9899.95,9891.05,9899.85,14:10:00,9893.199804990696,0,60
2017-09-04,9895.85,9900.95,9893.95,9896.55,14:15:00,9893.452204515392,0,61
2017-09-04,9899.3,9899.3,9893.6,9895.0,14:20:00,9894.009137418689,0,62
2017-09-04,9901.8,9903.8,9898.85,9898.85,14:25:00,9894.751124331193,0,63
2017-09-04,9898.2,9902.45,9895.0,9900.7,14:30:00,9895.079588680605,0,64
2017-09-04,9904.1,9904.25,9897.3,9897.3,14:35:00,9895.938675472928,0,65
2017-09-04,9910.85,9912.05,9903.4,9903.4,14:40:00,9897.358801618362,0,66
2017-09-04,9912.9,9912.9,9901.1,9910.0,14:45:00,9898.838915749948,0,67
2017-09-04,9907.45,9913.9,9907.2,9912.5,14:50:00,9899.65901901186,0,68
2017-09-04,9901.5,9907.7,9900.9,9907.0,14:55:00,9899.834350534538,0,69
2017-09-04,9911.55,9911.75,9899.2,9901.55,15:00:00,9900.950126674106,0,70
2017-09-04,9919.9,9923.6,9911.3,9912.0,15:05:00,9902.754876514668,0,71
2017-09-04,9918.8,9920.75,9916.65,9920.35,15:10:00,9904.28298351327,0,72
2017-09-04,9913.95,9919.25,9910.9,9919.25,15:15:00,9905.203651750104,0,73
2017-09-04,9916.35,9917.6,9911.35,9914.45,15:20:00,9906.265208726283,0,74
2017-09-04,9903.45,9916.35,9900.5,9916.3,15:25:00,9905.997093609494,0,75
2017-09-05,9915.4,9936.7,9915.2,9930.65,09:15:00,9906.89260850383,1,1
2017-09-05,9920.7,9924.35,9912.75,9915.0,09:20:00,9908.207598170133,1,2
2017-09-05,9929.8,9932.55,9918.85,9920.9,09:25:00,9910.264017392026,1,3
2017-09-05,9942.15,9944.2,9930.4,9930.4,09:30:00,9913.300777640405,1,4
2017-09-05,9947.8,9948.9,9937.9,9942.65,09:35:00,9916.586417865128,1,5
2017-09-05,9943.9,9947.7,9940.8,9947.7,09:40:00,9919.187711401784,1,6
2017-09-05,9944.35,9945.0,9941.2,9944.4,09:45:00,9921.584119839708,1,7
2017-09-05,9940.3,9946.95,9939.7,9944.4,09:50:00,9923.36658461688,1,8
2017-09-05,9942.2,9942.75,9937.55,9940.35,09:55:00,9925.160243224796,1,9
2017-09-05,9946.6,9947.85,9941.95,9942.45,10:00:00,9927.202124822434,1,10
2017-09-05,9938.75,9947.75,9937.9,9946.3,10:05:00,9928.301922458391,1,11
2017-09-05,9935.2,9938.8,9934.0,9938.5,10:10:00,9928.95888222426,1,12
2017-09-05,9933.55,9935.85,9932.95,9934.95,10:15:00,9929.396131536236,1,13
2017-09-05,9935.85,9936.0,9930.6,9933.65,10:20:00,9930.010785675642,1,14
2017-09-05,9936.6,9938.55,9935.1,9935.9,10:25:00,9930.63832989701,1,15
2017-09-05,9942.95,9943.9,9936.6,9936.75,10:30:00,9931.81086990682,1,16
2017-09-05,9938.8,9943.3,9938.2,9943.1,10:35:00,9932.476501344265,1,17
2017-09-05,9935.7,9939.15,9934.9,9938.85,10:40:00,9932.78350121624,1,18
2017-09-05,9938.9,9940.75,9935.55,9935.65,10:45:00,9933.36602490993,1,19
2017-09-05,9938.65,9940.25,9937.9,9938.4,10:50:00,9933.869260632791,1,20
2017-09-05,9940.85,9941.5,9937.9,9937.9,10:55:00,9934.53409295348,1,21
2017-09-05,9937.65,9941.65,9936.25,9941.3,11:00:00,9934.83084600553,1,22
2017-09-05,9943.25,9943.75,9937.0,9937.45,11:05:00,9935.63267019548,1,23
2017-09-05,9942.0,9945.6,9941.4,9943.1,11:10:00,9936.239082557817,1,24
2017-09-05,9939.35,9942.4,9938.3,9941.95,11:15:00,9936.535360409454,1,25
2017-09-05,9935.25,9940.05,9935.05,9939.55,11:20:00,9936.412945132364,1,26
2017-09-05,9929.65,9935.2,9929.1,9935.2,11:25:00,9935.768855119755,1,27
2017-09-05,9931.45,9932.9,9929.0,9929.75,11:30:00,9935.357535584542,1,28
2017-09-05,9935.35,9935.85,9930.65,9931.65,11:35:00,9935.356817909824,1,29
2017-09-05,9932.4,9935.9,9931.05,9935.55,11:40:00,9935.075216204128,1,30
2017-09-05,9934.6,9935.25,9932.0,9932.05,11:45:00,9935.02995751802,1,31
2017-09-05,9931.4,9935.85,9931.25,9934.85,11:50:00,9934.684247278208,1,32
2017-09-05,9932.1,9934.8,9930.5,9931.3,11:55:00,9934.438128489806,1,33
2017-09-05,9932.15,9933.85,9931.85,9932.7,12:00:00,9934.220211490776,1,34
2017-09-05,9925.05,9932.65,9925.05,9931.95,12:05:00,9933.346858015464,1,35
2017-09-05,9919.45,9926.6,9917.85,9925.45,12:10:00,9932.023347728278,1,36
2017-09-05,9907.05,9920.2,9902.35,9920.2,12:15:00,9929.644933658918,1,37
2017-09-05,9908.75,9909.15,9901.05,9907.6,12:20:00,9927.654939977116,1,38
2017-09-05,9911.45,9914.25,9908.85,9909.05,12:25:00,9926.11161236025,1,39
2017-09-05,9915.05,9916.6,9911.7,9912.2,12:30:00,9925.058125468797,1,40
2017-09-05,9916.1,9920.25,9914.95,9915.6,12:35:00,9924.204970662244,1,41
2017-09-05,9917.65,9917.8,9915.8,9916.45,12:40:00,9923.58068774203,1,42
2017-09-05,9915.95,9919.0,9915.05,9917.8,12:45:00,9922.853955576122,1,43
2017-09-05,9924.35,9925.6,9916.1,9916.6,12:50:00,9922.996435997442,1,44
2017-09-05,9919.35,9924.4,9919.25,9924.2,12:55:00,9922.64915637864,1,45
2017-09-05,9923.2,9923.8,9918.85,9919.85,13:00:00,9922.701617675912,1,46
2017-09-05,9923.6,9924.8,9920.95,9923.5,13:05:00,9922.787177897251,1,47
2017-09-05,9924.55,9926.25,9923.7,9923.7,13:10:00,9922.955065716564,1,48
2017-09-05,9929.3,9934.25,9924.5,9924.6,13:15:00,9923.559345172129,1,49
2017-09-05,9929.75,9931.35,9928.85,9929.55,13:20:00,9924.148931346212,1,50
2017-09-05,9926.75,9930.9,9926.75,9929.9,13:25:00,9924.396652170382,1,51
2017-09-05,9927.2,9929.6,9926.6,9927.25,13:30:00,9924.663637677966,1,52
2017-09-05,9922.7,9928.3,9920.6,9927.35,13:35:00,9924.47662456578,1,53
2017-09-05,9926.4,9927.05,9922.0,9923.0,13:40:00,9924.659803178562,1,54
2017-09-05,9932.9,9933.5,9925.6,9926.5,13:45:00,9925.444583828224,1,55
2017-09-05,9934.85,9934.9,9930.85,9933.0,13:50:00,9926.340337749343,1,56
2017-09-05,9934.35,9936.05,9931.95,9935.3,13:55:00,9927.103162725596,1,57
2017-09-05,9940.8,9940.9,9934.1,9934.7,14:00:00,9928.407623418396,1,58
2017-09-05,9943.15,9946.3,9939.9,9940.9,14:05:00,9929.81165928331,1,59
2017-09-05,9944.35,9945.5,9941.5,9943.25,14:10:00,9931.196263161091,1,60
2017-09-05,9953.4,9955.25,9944.25,9944.75,14:15:00,9933.310904764796,1,61
2017-09-05,9952.2,9955.5,9949.45,9953.55,14:20:00,9935.10986621577,1,62
2017-09-05,9956.35,9956.65,9951.0,9952.3,14:25:00,9937.132736099982,1,63
2017-09-05,9961.15,9962.65,9955.6,9955.65,14:30:00,9939.420094566647,1,64
2017-09-05,9960.15,9962.95,9958.35,9960.95,14:35:00,9941.394371274588,1,65
2017-09-05,9955.3,9960.4,9950.0,9960.35,14:40:00,9942.718716867485,1,66
2017-09-05,9956.65,9961.85,9954.25,9955.05,14:45:00,9944.045505737247,1,67
2017-09-05,9951.05,9958.4,9950.05,9956.75,14:50:00,9944.712600428938,1,68
2017-09-05,9956.85,9957.0,9949.9,9951.5,14:55:00,9945.86854324523,1,69
2017-09-05,9961.45,9963.1,9956.35,9956.7,15:00:00,9947.352491507589,1,70
2017-09-05,9956.9,9962.1,9954.2,9961.1,15:05:00,9948.261778030675,1,71
2017-09-05,9955.25,9958.2,9954.55,9957.15,15:10:00,9948.927322980137,1,72
2017-09-05,9953.85,9956.1,9949.9,9955.5,15:15:00,9949.39614936298,1,73
2017-09-05,9952.45,9955.4,9951.35,9953.95,15:20:00,9949.686992280793,1,74
2017-09-05,9946.35,9952.65,9944.45,9952.3,15:25:00,9949.369183492145,1,75
2017-09-06,9897.8,9902.5,9882.55,9897.0,09:15:00,9944.457832683369,2,1
2017-09-06,9898.35,9902.75,9890.3,9897.5,09:20:00,9940.066610523048,2,2
2017-09-06,9904.0,9907.15,9898.25,9898.4,09:25:00,9936.63169523514,2,3
2017-09-06,9891.6,9904.45,9891.0,9903.95,09:30:00,9932.3429623556,2,4
2017-09-06,9903.35,9903.85,9889.1,9891.75,09:35:00,9929.581727845543,2,5
2017-09-06,9905.15,9905.65,9901.05,9902.55,09:40:00,9927.254896622158,2,6
2017-09-06,9910.55,9911.9,9903.55,9905.05,09:45:00,9925.663954086716,2,7
2017-09-06,9899.65,9910.8,9899.65,9910.8,09:50:00,9923.186434649886,2,8
2017-09-06,9903.6,9903.95,9898.25,9899.7,09:55:00,9921.321059921327,2,9
2017-09-06,9899.1,9905.3,9898.9,9903.35,10:00:00,9919.204768500247,2,10
2017-09-06,9896.65,9900.6,9896.1,9899.15,10:05:00,9917.056695309748,2,11
2017-09-06,9899.85,9900.8,9895.7,9897.05,10:10:00,9915.417962423106,2,12
2017-09-06,9902.25,9904.05,9900.1,9900.2,10:15:00,9914.163870763765,2,13
2017-09-06,9896.8,9902.8,9896.65,9902.35,10:20:00,9912.51016878626,2,14
2017-09-06,9900.2,9903.25,9893.05,9897.1,10:25:00,9911.337771758996,2,15
2017-09-06,9898.55,9900.55,9896.95,9900.0,10:30:00,9910.11988873433,2,16
2017-09-06,9897.35,9899.0,9896.4,9898.6,10:35:00,9908.90370885487,2,17
2017-09-06,9894.5,9897.85,9892.85,9897.75,10:40:00,9907.53192705917,2,18
2017-09-06,9898.2,9898.45,9892.2,9894.75,10:45:00,9906.643172101154,2,19
2017-09-06,9901.0,9901.2,9897.3,9897.95,10:50:00,9906.10572713914,2,20
2017-09-06,9903.85,9903.85,9900.2,9900.9,10:55:00,9905.890895983031,2,21
2017-09-06,9907.8,9908.75,9903.6,9903.75,11:00:00,9906.07271541322,2,22
2017-09-06,9906.4,9908.25,9905.95,9907.75,11:05:00,9906.103885373866,2,23
2017-09-06,9906.7,9907.9,9905.55,9906.3,11:10:00,9906.160658195404,2,24
2017-09-06,9903.45,9908.2,9902.7,9906.65,11:15:00,9905.902500272034,2,25
2017-09-06,9902.7,9904.05,9901.85,9903.5,11:20:00,9905.597500246124,2,26
2017-09-06,9906.75,9907.15,9902.6,9902.75,11:25:00,9905.707262127447,2,27
2017-09-06,9910.85,9911.8,9906.55,9906.9,11:30:00,9906.19704668674,2,28
2017-09-06,9913.8,9916.6,9910.0,9911.3,11:35:00,9906.921137478475,2,29
2017-09-06,9908.95,9914.0,9908.4,9913.9,11:40:00,9907.114362480528,2,30
2017-09-06,9908.0,9909.25,9905.5,9909.2,11:45:00,9907.198708910952,2,31
2017-09-06,9910.55,9911.45,9907.95,9908.35,11:50:00,9907.517879490862,2,32
2017-09-06,9912.45,9914.05,9910.05,9910.35,11:55:00,9907.987605253637,2,33
2017-09-06,9913.45,9913.9,9909.3,9912.2,12:00:00,9908.507833324718,2,34
2017-09-06,9911.0,9913.85,9909.95,9913.6,12:05:00,9908.745182531888,2,35
2017-09-06,9908.4,9911.7,9907.55,9911.15,12:10:00,9908.71230800504,2,36
2017-09-06,9911.8,9913.4,9906.2,9908.35,12:15:00,9909.006373909322,2,37
2017-09-06,9919.75,9920.5,9912.05,9912.05,12:20:00,9910.029576394149,2,38
2017-09-06,9918.55,9922.05,9916.75,9919.8,12:25:00,9910.841045308993,2,39
2017-09-06,9914.25,9918.8,9909.15,9918.7,12:30:00,9911.165707660515,2,40
2017-09-06,9908.55,9914.4,9906.1,9914.4,12:35:00,9910.91659264523,2,41
2017-09-06,9913.9,9916.45,9908.15,9908.6,12:40:00,9911.200726679015,2,42
2017-09-06,9910.2,9915.1,9909.55,9913.85,12:45:00,9911.105419376254,2,43
2017-09-06,9915.65,9916.0,9910.0,9910.5,12:50:00,9911.538236578515,2,44
2017-09-06,9918.6,9919.75,9915.1,9915.5,12:55:00,9912.2107854758,2,45
2017-09-06,9923.85,9924.25,9915.7,9918.65,13:00:00,9913.319282097153,2,46
2017-09-06,9925.5,9925.9,9920.9,9923.45,13:05:00,9914.479350468851,2,47
2017-09-06,9922.0,9925.95,9921.2,9925.3,13:10:00,9915.195602805152,2,48
2017-09-06,9924.2,9926.2,9921.7,9921.75,13:15:00,9916.053164442756,2,49
2017-09-06,9926.4,9928.6,9924.0,9924.05,13:20:00,9917.038577352969,2,50
2017-09-06,9929.8,9929.8,9926.35,9926.65,13:25:00,9918.2539509384,2,51
2017-09-06,9928.7,9931.55,9927.45,9930.0,13:30:00,9919.24881275379,2,52
2017-09-06,9929.35,9930.9,9927.15,9929.0,13:35:00,9920.210830586762,2,53
2017-09-06,9925.75,9930.2,9925.1,9929.8,13:40:00,9920.73837053088,2,54
2017-09-06,9921.7,9928.3,9921.25,9925.5,13:45:00,9920.829954289844,2,55
2017-09-06,9921.1,9923.1,9917.2,9921.6,13:50:00,9920.855672928908,2,56
2017-09-06,9924.1,9926.7,9921.45,9921.7,13:55:00,9921.164656459488,2,57
2017-09-06,9923.1,9925.0,9921.9,9924.4,14:00:00,9921.348974891916,2,58
2017-09-06,9927.4,9928.75,9922.0,9923.2,14:05:00,9921.925262997447,2,59
2017-09-06,9925.2,9928.4,9923.55,9927.2,14:10:00,9922.237142711978,2,60
2017-09-06,9922.8,9927.05,9922.8,9925.25,14:15:00,9922.29074816798,2,61
2017-09-06,9919.95,9923.25,9919.45,9922.85,14:20:00,9922.06781977103,2,62
2017-09-06,9923.05,9924.1,9918.85,9920.3,14:25:00,9922.161360745216,2,63
2017-09-06,9930.85,9931.15,9923.1,9923.2,14:30:00,9922.988850198051,2,64
2017-09-06,9926.55,9931.5,9924.35,9931.4,14:35:00,9923.328007322049,2,65
2017-09-06,9925.35,9928.25,9925.35,9926.7,14:40:00,9923.52057805328,2,66
2017-09-06,9924.8,9929.2,9922.0,9924.5,14:45:00,9923.642427762494,2,67
2017-09-06,9924.9,9926.2,9921.95,9924.3,14:50:00,9923.76219654702,2,68
2017-09-06,9918.15,9925.3,9917.65,9925.3,14:55:00,9923.22770163778,2,69
2017-09-06,9923.05,9924.4,9917.1,9918.3,15:00:00,9923.210777672277,2,70
2017-09-06,9917.7,9923.55,9917.55,9923.4,15:05:00,9922.685941703488,2,71
2017-09-06,9911.65,9918.6,9910.9,9917.9,15:10:00,9921.634899636489,2,72
2017-09-06,9914.85,9915.2,9909.0,9912.3,15:15:00,9920.988718718729,2,73
2017-09-06,9916.8,9917.35,9913.85,9915.55,15:20:00,9920.589793126468,2,74
2017-09-06,9915.5,9916.95,9913.65,9916.75,15:25:00,9920.105050923949,2,75
2017-09-07,9956.5,9958.5,9944.6,9944.95,09:15:00,9923.57123655024,3,1
2017-09-07,9960.5,9964.85,9955.9,9956.65,09:20:00,9927.088261640693,3,2
2017-09-07,9955.15,9960.25,9951.1,9960.25,09:25:00,9929.760808151104,3,3
2017-09-07,9941.8,9957.3,9941.0,9955.1,09:30:00,9930.907397851,3,4
2017-09-07,9940.8,9946.2,9939.55,9941.75,09:35:00,9931.849550436618,3,5
2017-09-07,9944.35,9946.35,9939.15,9940.9,09:40:00,9933.040069442655,3,6
2017-09-07,9950.2,9950.65,9944.2,9944.55,09:45:00,9934.674348543354,3,7
2017-09-07,9945.25,9952.0,9944.75,9950.4,09:50:00,9935.681553443988,3,8
2017-09-07,9945.1,9946.4,9938.95,9945.4,09:55:00,9936.578548354082,3,9
2017-09-07,9942.8,9946.7,9942.7,9944.9,10:00:00,9937.171067558456,3,10
2017-09-07,9940.5,9945.4,9940.0,9942.2,10:05:00,9937.488108743364,3,11
2017-09-07,9943.05,9945.3,9940.1,9940.1,10:10:00,9938.017812672568,3,12
2017-09-07,9945.85,9948.5,9942.85,9942.85,10:15:00,9938.76373527518,3,13
2017-09-07,9944.95,9945.5,9942.55,9945.35,10:20:00,9939.352903344212,3,14
2017-09-07,9945.55,9947.75,9944.55,9944.85,10:25:00,9939.943103025716,3,15
2017-09-07,9950.3,9950.35,9944.75,9945.65,10:30:00,9940.929474166123,3,16
2017-09-07,9944.35,9950.85,9943.85,9950.25,10:35:00,9941.255238531256,3,17
2017-09-07,9936.45,9943.4,9936.45,9943.4,10:40:00,9940.797596766375,3,18
2017-09-07,9938.5,9939.4,9933.95,9936.55,10:45:00,9940.57877802672,3,19
2017-09-07,9940.35,9942.1,9938.25,9938.45,10:50:00,9940.556989643224,3,20
2017-09-07,9939.3,9941.2,9937.8,9940.05,10:55:00,9940.43727634387,3,21
2017-09-07,9939.7,9941.0,9938.65,9939.05,11:00:00,9940.367059549217,3,22
2017-09-07,9933.0,9939.6,9933.0,9939.05,11:05:00,9939.665434830242,3,23
2017-09-07,9934.55,9936.95,9933.15,9933.15,11:10:00,9939.178250560695,3,24
2017-09-07,9933.65,9935.3,9930.1,9934.5,11:15:00,9938.651750507295,3,25
2017-09-07,9932.7,9934.75,9932.6,9933.45,11:20:00,9938.084917125649,3,26
2017-09-07,9929.25,9933.75,9929.0,9932.8,11:25:00,9937.243496447016,3,27
2017-09-07,9932.4,9933.75,9928.35,9929.15,11:30:00,9936.78221107111,3,28
2017-09-07,9931.7,9932.75,9928.45,9932.55,11:35:00,9936.2981909691,3,29
2017-09-07,9933.45,9933.6,9930.9,9931.9,11:40:00,9936.026934686328,3,30
2017-09-07,9932.7,9935.55,9932.7,9933.2,11:45:00,9935.71008376382,3,31
2017-09-07,9929.15,9932.15,9927.2,9931.55,11:50:00,9935.085313881553,3,32
2017-09-07,9929.25,9929.75,9927.5,9929.1,11:55:00,9934.529569702358,3,33
2017-09-07,9927.1,9931.65,9926.6,9929.2,12:00:00,9933.821991635465,3,34
2017-09-07,9919.8,9926.95,9917.2,9926.95,12:05:00,9932.48656386066,3,35
2017-09-07,9925.75,9926.3,9919.65,9919.85,12:10:00,9931.84498635012,3,36
2017-09-07,9921.8,9926.15,9920.75,9925.6,12:15:00,9930.88832098344,3,37
2017-09-07,9922.35,9924.1,9919.95,9921.6,12:20:00,9930.075147556448,3,38
2017-09-07,9926.7,9927.35,9922.25,9922.55,12:25:00,9929.753704932024,3,39
2017-09-07,9930.4,9930.4,9924.6,9926.6,12:30:00,9929.81525684326,3,40
2017-09-07,9926.4,9930.35,9925.85,9930.35,12:35:00,9929.48999428676,3,41
2017-09-07,9923.95,9926.9,9922.65,9926.55,12:40:00,9928.962375783258,3,42
2017-09-07,9924.9,9925.4,9919.9,9923.8,12:45:00,9928.57548285152,3,43
2017-09-07,9929.55,9930.95,9924.5,9924.75,12:50:00,9928.668294008516,3,44
2017-09-07,9929.95,9931.95,9928.35,9929.25,12:55:00,9928.790361245805,3,45
2017-09-07,9928.3,9930.45,9927.05,9928.8,13:00:00,9928.743660174774,3,46
2017-09-07,9926.75,9929.5,9926.4,9928.1,13:05:00,9928.553787777177,3,47
2017-09-07,9925.3,9927.2,9924.75,9926.6,13:10:00,9928.243903226969,3,48
2017-09-07,9925.15,9928.45,9924.15,9925.35,13:15:00,9927.94924577678,3,49
2017-09-07,9922.6,9924.85,9921.45,9924.75,13:20:00,9927.43979379804,3,50
2017-09-07,9925.65,9926.75,9921.75,9921.85,13:25:00,9927.269337245843,3,51
2017-09-07,9926.65,9926.75,9924.55,9925.7,13:30:00,9927.21035274624,3,52
2017-09-07,9929.5,9930.05,9926.0,9926.45,13:35:00,9927.428414389457,3,53
2017-09-07,9936.45,9936.75,9928.25,9929.25,13:40:00,9928.28761301903,3,54
2017-09-07,9944.35,9944.7,9936.25,9937.2,13:45:00,9929.817364160075,3,55
2017-09-07,9941.5,9946.55,9940.5,9944.55,13:50:00,9930.92999614483,3,56
2017-09-07,9941.3,9942.25,9939.45,9941.1,13:55:00,9931.917615559609,3,57
2017-09-07,9942.7,9944.35,9940.1,9941.0,14:00:00,9932.944509315836,3,58
2017-09-07,9939.8,9943.95,9938.9,9942.8,14:05:00,9933.597413190517,3,59
2017-09-07,9935.6,9940.15,9931.15,9940.05,14:10:00,9933.788135743802,3,60
2017-09-07,9938.1,9939.4,9935.0,9935.0,14:15:00,9934.198789482489,3,61
2017-09-07,9934.55,9938.15,9932.15,9937.85,14:20:00,9934.232238103205,3,62
2017-09-07,9934.15,9935.65,9933.15,9934.3,14:25:00,9934.224405902898,3,63
2017-09-07,9930.15,9934.5,9927.15,9933.9,14:30:00,9933.83636724548,3,64
2017-09-07,9926.8,9930.45,9922.85,9930.45,14:35:00,9933.166237031624,3,65
2017-09-07,9934.35,9935.9,9926.35,9926.85,14:40:00,9933.278976361946,3,66
2017-09-07,9935.7,9935.7,9930.45,9934.45,14:45:00,9933.50955004176,3,67
2017-09-07,9938.85,9938.85,9934.3,9935.75,14:50:00,9934.018164323496,3,68
2017-09-07,9943.4,9945.8,9936.7,9938.35,14:55:00,9934.911672483164,3,69
2017-09-07,9936.85,9944.5,9934.35,9944.35,15:00:00,9935.096275103817,3,70
2017-09-07,9940.45,9941.0,9935.55,9937.45,15:05:00,9935.606153665358,3,71
2017-09-07,9935.5,9940.85,9933.9,9940.75,15:10:00,9935.596043792468,3,72
2017-09-07,9929.4,9937.25,9924.95,9937.25,15:15:00,9935.005944383662,3,73
2017-09-07,9926.1,9931.85,9921.25,9929.8,15:20:00,9934.157759204269,3,74
2017-09-07,9923.15,9929.2,9923.15,9925.9,15:25:00,9933.109401184813,3,75
2017-09-08,9953.3,9961.6,9951.05,9955.0,09:15:00,9935.032315357686,4,1
2017-09-08,9958.8,9960.0,9952.35,9952.35,09:20:00,9937.295904371242,4,2
2017-09-08,9956.7,9963.6,9956.0,9959.1,09:25:00,9939.143913478743,4,3
2017-09-08,9958.5,9960.1,9951.5,9957.0,09:30:00,9940.98735029029,4,4
2017-09-08,9959.0,9961.55,9958.45,9958.45,09:35:00,9942.702840738835,4,5
2017-09-08,9960.05,9961.45,9955.55,9958.9,09:40:00,9944.354951144662,4,6
2017-09-08,9956.55,9962.4,9956.1,9959.85,09:45:00,9945.51638436898,4,7
2017-09-08,9948.8,9957.35,9947.75,9956.9,09:50:00,9945.829109667173,4,8
2017-09-08,9956.1,9956.65,9946.6,9948.9,09:55:00,9946.80728969887,4,9
2017-09-08,9956.8,9957.3,9953.95,9955.95,10:00:00,9947.758976394216,4,10
2017-09-08,9952.3,9956.65,9949.8,9956.6,10:05:00,9948.191454832862,4,11
2017-09-08,9956.75,9958.8,9951.4,9952.15,10:10:00,9949.00655437259,4,12
2017-09-08,9959.3,9959.6,9955.75,9956.5,10:15:00,9949.986882527584,4,13
2017-09-08,9957.9,9959.55,9956.8,9958.3,10:20:00,9950.740512763052,4,14
2017-09-08,9957.85,9960.4,9957.3,9957.7,10:25:00,9951.41760678562,4,15
2017-09-08,9955.7,9957.95,9954.85,9957.95,10:30:00,9951.825453758416,4,16
2017-09-08,9951.75,9955.9,9945.7,9955.45,10:35:00,9951.818267686183,4,17
2017-09-08,9947.3,9953.1,9947.3,9951.35,10:40:00,9951.387956477978,4,18
2017-09-08,9936.7,9947.6,9936.7,9947.4,10:45:00,9949.989103480077,4,19
2017-09-08,9942.15,9942.15,9929.35,9936.55,10:50:00,9949.24252219626,4,20
2017-09-08,9936.0,9945.1,9935.75,9942.25,10:55:00,9947.98132960614,4,21
2017-09-08,9936.45,9937.85,9932.85,9936.05,11:00:00,9946.88310773889,4,22
2017-09-08,9940.65,9943.65,9936.25,9936.25,11:05:00,9946.289478430424,4,23
2017-09-08,9945.6,9947.55,9940.65,9941.1,11:10:00,9946.223813818004,4,24
2017-09-08,9944.85,9945.6,9941.35,9945.4,11:15:00,9946.092974406763,4,25
2017-09-08,9948.25,9948.55,9943.3,9944.25,11:20:00,9946.298405415646,4,26
2017-09-08,9942.6,9948.45,9942.0,9948.3,11:25:00,9945.946176328442,4,27
2017-09-08,9944.95,9946.05,9942.35,9942.7,11:30:00,9945.8513023924,4,28
2017-09-08,9942.5,9945.45,9940.9,9944.8,11:35:00,9945.53213073598,4,29
2017-09-08,9943.05,9944.35,9941.75,9942.3,11:40:00,9945.295737332552,4,30
2017-09-08,9945.95,9946.55,9941.2,9942.95,11:45:00,9945.358048062786,4,31
2017-09-08,9948.25,9949.3,9946.1,9946.1,11:50:00,9945.633472056808,4,32
2017-09-08,9943.9,9949.15,9943.5,9948.3,11:55:00,9945.468379479968,4,33
2017-09-08,9945.7,9947.05,9942.7,9943.95,12:00:00,9945.490438577111,4,34
2017-09-08,9944.0,9947.45,9943.45,9945.55,12:05:00,9945.34849204596,4,35
2017-09-08,9946.0,9946.3,9943.85,9944.2,12:10:00,9945.410540422536,4,36
2017-09-08,9947.4,9948.6,9945.75,9945.85,12:15:00,9945.600012763249,4,37
2017-09-08,9947.65,9950.55,9947.1,9947.3,12:20:00,9945.795249642935,4,38
2017-09-08,9944.65,9949.4,9944.4,9947.7,12:25:00,9945.686178248372,4,39
2017-09-08,9937.8,9944.85,9935.0,9944.3,12:30:00,9944.93511365329,4,40
2017-09-08,9941.3,9942.1,9937.05,9937.25,12:35:00,9944.588912352976,4,41
2017-09-08,9943.9,9944.95,9939.9,9941.15,12:40:00,9944.523301652693,4,42
2017-09-08,9941.25,9946.1,9940.1,9944.25,12:45:00,9944.21155863815,4,43
2017-09-08,9936.2,9940.8,9936.2,9940.75,12:50:00,9943.448553053564,4,44
2017-09-08,9933.4,9936.3,9927.9,9935.95,12:55:00,9942.491548000844,4,45
2017-09-08,9933.2,9935.7,9930.8,9933.55,13:00:00,9941.60663866743,4,46
2017-09-08,9918.85,9934.25,9918.5,9933.05,13:05:00,9939.439339746725,4,47
2017-09-08,9917.8,9921.95,9915.3,9918.15,13:10:00,9937.378450247032,4,48
2017-09-08,9929.7,9929.7,9917.25,9918.3,13:15:00,9936.647169271124,4,49
2017-09-08,9928.3,9931.5,9926.4,9930.1,13:20:00,9935.852200769112,4,50
2017-09-08,9926.4,9928.25,9922.2,9928.15,13:25:00,9934.951991172054,4,51
2017-09-08,9928.8,9930.15,9924.3,9925.75,13:30:00,9934.366087250906,4,52
2017-09-08,9929.7,9932.45,9927.65,9928.2,13:35:00,9933.921697988915,4,53
2017-09-08,9925.15,9929.95,9924.2,9929.1,13:40:00,9933.08629818045,4,54
2017-09-08,9925.5,9926.1,9923.3,9924.55,13:45:00,9932.363793591834,4,55
2017-09-08,9927.95,9929.8,9925.2,9926.1,13:50:00,9931.943432297374,4,56
2017-09-08,9934.2,9935.45,9927.25,9928.0,13:55:00,9932.158343507148,4,57
2017-09-08,9931.6,9935.65,9926.55,9934.7,14:00:00,9932.105167935038,4,58
2017-09-08,9937.7,9938.6,9930.75,9931.4,14:05:00,9932.638009084085,4,59
2017-09-08,9930.1,9938.0,9929.4,9937.4,14:10:00,9932.396293933218,4,60
2017-09-08,9924.65,9931.7,9924.35,9930.0,14:15:00,9931.658551653863,4,61
2017-09-08,9925.35,9926.1,9923.8,9924.6,14:20:00,9931.05773721064,4,62
2017-09-08,9913.55,9925.5,9913.3,9924.55,14:25:00,9929.39033366677,4,63
2017-09-08,9921.8,9922.9,9913.55,9914.6,14:30:00,9928.667444746125,4,64
2017-09-08,9927.15,9929.65,9922.0,9922.5,14:35:00,9928.522926198875,4,65
2017-09-08,9933.0,9938.2,9927.3,9927.8,14:40:00,9928.949314179934,4,66
2017-09-08,9936.25,9938.7,9932.75,9934.05,14:45:00,9929.644617591368,4,67
2017-09-08,9938.75,9943.15,9936.4,9936.85,14:50:00,9930.51179686838,4,68
2017-09-08,9936.35,9942.45,9935.45,9940.0,14:55:00,9931.06781621425,4,69
2017-09-08,9938.2,9939.45,9935.15,9937.65,15:00:00,9931.747071812892,4,70
2017-09-08,9945.25,9947.25,9938.55,9938.85,15:05:00,9933.03306497357,4,71
2017-09-08,9938.05,9946.15,9936.65,9945.8,15:10:00,9933.51086830942,4,72
2017-09-08,9932.15,9938.85,9931.05,9938.1,15:15:00,9933.38126180376,4,73
2017-09-08,9928.85,9935.25,9928.7,9931.85,15:20:00,9932.949713060549,4,74
2017-09-08,9924.85,9929.85,9923.05,9928.65,15:25:00,9932.178311816686,4,75
2017-09-11,9988.55,10000.55,9971.05,9971.05,09:15:00,9937.54704402462,0,1
2017-09-11,9981.4,9988.5,9981.15,9988.5,09:20:00,9941.723516022275,0,2
2017-09-11,9985.8,9986.35,9968.8,9981.8,09:25:00,9945.921276401108,0,3
2017-09-11,9990.9,9991.85,9985.65,9986.0,09:30:00,9950.204964362909,0,4
2017-09-11,9985.5,9991.45,9985.5,9990.8,09:35:00,9953.566396328344,0,5
2017-09-11,9981.55,9985.9,9979.6,9985.4,09:40:00,9956.23150143993,0,6
2017-09-11,9980.25,9983.7,9979.85,9981.4,09:45:00,9958.51897749327,0,7
2017-09-11,9979.35,9983.55,9978.5,9980.3,09:50:00,9960.502884398673,0,8
2017-09-11,9982.75,9984.45,9979.2,9979.5,09:55:00,9962.621657313086,0,9
2017-09-11,9985.7,9985.9,9981.6,9983.0,10:00:00,9964.81959471184,0,10
2017-09-11,9985.45,9988.45,9985.15,9985.65,10:05:00,9966.784395215474,0,11
2017-09-11,9984.45,9985.9,9981.05,9985.15,10:10:00,9968.46683376638,0,12
2017-09-11,9986.35,9987.0,9983.75,9984.05,10:15:00,9970.169992455298,0,13
2017-09-11,9984.95,9988.55,9982.25,9986.5,10:20:00,9971.57761222146,0,14
2017-09-11,9984.4,9985.6,9983.0,9985.1,10:25:00,9972.798792009891,0,15
2017-09-11,9982.95,9984.9,9981.85,9984.3,10:30:00,9973.765573723236,0,16
2017-09-11,9983.45,9985.4,9981.3,9982.7,10:35:00,9974.687900035307,0,17
2017-09-11,9980.5,9984.15,9980.35,9983.55,10:40:00,9975.241433365278,0,18
2017-09-11,9979.55,9981.45,9977.95,9980.15,10:45:00,9975.651773044774,0,19
2017-09-11,9977.95,9980.6,9977.6,9979.45,10:50:00,9975.870651802414,0,20
2017-09-11,9972.3,9979.05,9972.1,9978.05,10:55:00,9975.530589725991,0,21
2017-09-11,9975.15,9976.9,9972.0,9972.65,11:00:00,9975.494343085422,0,22
2017-09-11,9979.95,9980.6,9975.35,9975.7,11:05:00,9975.918691363002,0,23
2017-09-11,9984.15,9985.05,9980.1,9980.35,11:10:00,9976.702625518908,0,24
2017-09-11,9988.9,9989.3,9983.2,9983.5,11:15:00,9977.864280231392,0,25
2017-09-11,9994.95,9995.65,9988.05,9989.0,11:20:00,9979.491491637928,0,26
2017-09-11,10002.3,10003.15,9994.7,9994.9,11:25:00,9981.663730529554,0,27
2017-09-11,10010.25,10012.15,10000.9,10002.4,11:30:00,9984.386232383882,0,28
2017-09-11,10010.1,10010.8,10005.45,10009.9,11:35:00,9986.835162633037,0,29
2017-09-11,10011.65,10011.95,10009.0,10010.2,11:40:00,9989.19848047751,0,30
2017-09-11,10007.5,10011.25,10006.75,10011.25,11:45:00,9990.941482336795,0,31
2017-09-11,10009.2,10010.25,10007.3,10007.3,11:50:00,9992.68038878091,0,32
2017-09-11,10005.05,10009.75,10004.8,10009.3,11:55:00,9993.858446992252,0,33
2017-09-11,10005.75,10008.1,10004.5,10004.5,12:00:00,9994.990975850133,0,34
2017-09-11,10007.25,10010.05,10005.55,10005.85,12:05:00,9996.158501959644,0,35
2017-09-11,10009.15,10012.8,10006.85,10006.85,12:10:00,9997.395787487298,0,36
2017-09-11,10008.6,10009.85,10007.8,10009.45,12:15:00,9998.462855345651,0,37
2017-09-11,10006.6,10009.8,10004.4,10008.85,12:20:00,9999.237821503208,0,38
2017-09-11,10006.85,10007.9,10005.3,10006.5,12:25:00,9999.962790883854,0,39
2017-09-11,10007.1,10007.45,10004.85,10006.55,12:30:00,10000.64252508539,0,40
2017-09-11,10005.85,10007.3,10004.6,10006.95,12:35:00,10001.138475077256,0,41
2017-09-11,10005.45,10006.35,10004.3,10005.35,12:40:00,10001.54909649847,0,42
2017-09-11,10006.05,10006.55,10004.0,10005.65,12:45:00,10001.977753974808,0,43
2017-09-11,10006.15,10006.7,10004.0,10005.95,12:50:00,10002.37511073911,0,44
2017-09-11,10007.2,10008.25,10005.4,10005.95,12:55:00,10002.834624002053,0,45
2017-09-11,10012.35,10013.5,10006.85,10007.8,13:00:00,10003.740850287571,0,46
2017-09-11,10008.95,10012.3,10008.5,10012.1,13:05:00,10004.236959783992,0,47
2017-09-11,10010.95,10011.15,10008.05,10009.3,13:10:00,10004.876296947425,0,48
2017-09-11,10011.6,10012.45,10008.65,10010.7,13:15:00,10005.516649619098,0,49
2017-09-11,10011.85,10012.7,10010.3,10011.0,13:20:00,10006.11982584585,0,50
2017-09-11,10011.4,10012.5,10010.75,10012.15,13:25:00,10006.622699574817,0,51
2017-09-11,10012.5,10012.65,10009.7,10010.7,13:30:00,10007.182442472456,0,52
2017-09-11,10012.4,10014.05,10011.45,10012.75,13:35:00,10007.679352713172,0,53
2017-09-11,10010.4,10013.7,10010.3,10011.75,13:40:00,10007.938461978583,0,54
2017-09-11,10013.8,10015.1,10010.25,10010.35,13:45:00,10008.49670369491,0,55
2017-09-11,10016.25,10017.7,10013.75,10014.2,13:50:00,10009.235112866822,0,56
2017-09-11,10019.75,10023.25,10015.05,10015.4,13:55:00,10010.23653068903,0,57
2017-09-11,10018.15,10022.1,10016.85,10019.6,14:00:00,10010.990194432932,0,58
2017-09-11,10023.65,10024.7,10016.95,10018.4,14:05:00,10012.195890201225,0,59
2017-09-11,10022.7,10025.05,10022.05,10023.35,14:10:00,10013.196281610632,0,60
2017-09-11,10022.2,10022.95,10019.8,10022.85,14:15:00,10014.053778600097,0,61
2017-09-11,10022.45,10026.85,10021.5,10022.45,14:20:00,10014.85341873342,0,62
2017-09-11,10020.95,10023.25,10019.8,10022.55,14:25:00,10015.434045520711,0,63
2017-09-11,10026.05,10027.05,10019.95,10021.0,14:30:00,10016.445088804456,0,64
2017-09-11,10022.85,10027.35,10022.45,10026.45,14:35:00,10017.055080346889,0,65
2017-09-11,10021.75,10024.75,10020.3,10022.9,14:40:00,10017.502215551947,0,66
2017-09-11,10022.45,10023.8,10020.75,10021.5,14:45:00,10017.973433118428,0,67
2017-09-11,10023.0,10024.55,10020.35,10022.55,14:50:00,10018.452153773816,0,68
2017-09-11,10026.25,10028.65,10022.8,10023.2,14:55:00,10019.194805795358,0,69
2017-09-11,10011.6,10025.95,10009.8,10025.95,15:00:00,10018.471490957703,0,70
2017-09-11,10007.95,10012.65,10007.95,10011.45,15:05:00,10017.469444199827,0,71
2017-09-11,10007.2,10008.3,10002.45,10008.25,15:10:00,10016.491401895084,0,72
2017-09-11,10003.9,10007.95,10002.2,10007.85,15:15:00,10015.29222076222,0,73
2017-09-11,10001.7,10004.65,9999.85,10004.1,15:20:00,10013.99772354677,0,74
2017-09-11,10007.55,10007.55,9999.2,10001.5,15:25:00,10013.383654637557,0,75
2017-09-12,10035.8,10051.4,10029.0,10051.4,09:15:00,10015.518544672072,1,1
2017-09-12,10040.8,10042.45,10034.65,10035.2,09:20:00,10017.926302322352,1,2
2017-09-12,10045.25,10049.9,10039.0,10040.55,09:25:00,10020.528559244034,1,3
2017-09-12,10038.85,10046.5,10037.7,10045.8,09:30:00,10022.27345836365,1,4
2017-09-12,10037.95,10040.7,10036.35,10038.6,09:35:00,10023.766462329017,1,5
2017-09-12,10034.5,10037.7,10029.9,10037.6,09:40:00,10024.788704011968,1,6
2017-09-12,10032.35,10035.6,10029.4,10034.45,09:45:00,10025.5088274394,1,7
2017-09-12,10029.95,10034.3,10028.1,10032.25,09:50:00,10025.931796254696,1,8
2017-09-12,10030.5,10031.4,10029.15,10030.0,09:55:00,10026.366863278055,1,9
2017-09-12,10033.25,10033.7,10028.05,10030.65,10:00:00,10027.022400108715,1,10
2017-09-12,10034.0,10035.35,10031.6,10033.05,10:05:00,10027.686933431696,1,11
2017-09-12,10037.55,10039.15,10033.95,10034.1,10:10:00,10028.626273104868,1,12
2017-09-12,10042.2,10043.8,10037.6,10037.7,10:15:00,10029.919008999645,1,13
2017-09-12,10045.7,10046.45,10039.95,10042.35,10:20:00,10031.421960523488,1,14
2017-09-12,10044.35,10049.3,10044.35,10045.8,10:25:00,10032.653202378391,1,15
2017-09-12,10045.25,10046.0,10042.1,10044.3,10:30:00,10033.852897389974,1,16
2017-09-12,10045.0,10046.7,10044.05,10045.15,10:35:00,10034.914526209976,1,17
2017-09-12,10051.25,10051.55,10044.5,10044.95,10:40:00,10036.470285618549,1,18
2017-09-12,10052.65,10053.15,10050.7,10051.15,10:45:00,10038.011210797737,1,19
2017-09-12,10054.0,10054.15,10049.85,10052.85,10:50:00,10039.533952626522,1,20
2017-09-12,10057.25,10057.35,10053.45,10053.65,10:55:00,10041.22119523352,1,21
2017-09-12,10057.4,10058.05,10055.0,10057.15,11:00:00,10042.762033782708,1,22
2017-09-12,10058.35,10059.05,10056.0,10057.35,11:05:00,10044.24660199388,1,23
2017-09-12,10058.45,10060.3,10057.7,10058.4,11:10:00,10045.599306565891,1,24
2017-09-12,10057.25,10059.2,10056.65,10058.7,11:15:00,10046.70889641676,1,25
2017-09-12,10055.55,10057.0,10053.0,10056.5,11:20:00,10047.550906281833,1,26
2017-09-12,10054.25,10055.9,10051.75,10055.3,11:25:00,10048.18891520737,1,27
2017-09-12,10057.05,10057.45,10052.65,10054.15,11:30:00,10049.032828044765,1,28
2017-09-12,10056.35,10057.7,10055.4,10057.3,11:35:00,10049.729701564307,1,29
2017-09-12,10055.8,10056.45,10054.4,10056.2,11:40:00,10050.307825224852,1,30
2017-09-12,10059.3,10061.85,10055.3,10056.05,11:45:00,10051.164222822485,1,31
2017-09-12,10061.7,10063.8,10059.15,10059.15,11:50:00,10052.167630172724,1,32
2017-09-12,10057.15,10062.1,10056.35,10061.65,11:55:00,10052.642141584844,1,33
2017-09-12,10055.75,10057.75,10054.65,10057.45,12:00:00,10052.938128100574,1,34
2017-09-12,10058.3,10059.0,10054.7,10055.3,12:05:00,10053.448782567184,1,35
2017-09-12,10060.0,10060.0,10055.15,10058.45,12:10:00,10054.072708036976,1,36
2017-09-12,10057.65,10062.65,10055.6,10059.55,12:15:00,10054.413402509645,1,37
2017-09-12,10059.05,10060.45,10056.45,10057.6,12:20:00,10054.854983223013,1,38
2017-09-12,10059.55,10061.95,10058.05,10059.15,12:25:00,10055.302127677962,1,39
2017-09-12,10061.7,10062.3,10058.15,10059.6,12:30:00,10055.91144885149,1,40
2017-09-12,10060.2,10062.0,10059.4,10061.85,12:35:00,10056.319882294203,1,41
2017-09-12,10060.05,10061.25,10059.1,10060.1,12:40:00,10056.67513159952,1,42
2017-09-12,10058.35,10061.35,10058.25,10059.95,12:45:00,10056.834642875754,1,43
2017-09-12,10056.05,10059.55,10055.45,10058.0,12:50:00,10056.759914982826,1,44
2017-09-12,10056.35,10056.75,10051.0,10055.95,12:55:00,10056.720875460653,1,45
2017-09-12,10057.45,10057.85,10052.6,10056.45,13:00:00,10056.790315892971,1,46
2017-09-12,10057.15,10057.75,10055.7,10057.35,13:05:00,10056.824571522213,1,47
2017-09-12,10058.8,10058.9,10054.6,10057.0,13:10:00,10057.012707567716,1,48
2017-09-12,10057.4,10060.45,10056.4,10058.55,13:15:00,10057.049592561269,1,49
2017-09-12,10060.65,10060.65,10057.3,10057.75,13:20:00,10057.392488507814,1,50
2017-09-12,10059.15,10062.0,10056.4,10060.6,13:25:00,10057.559870554687,1,51
2017-09-12,10059.3,10060.65,10056.55,10058.5,13:30:00,10057.725597168528,1,52
2017-09-12,10063.5,10064.05,10059.05,10059.4,13:35:00,10058.275540295332,1,53
2017-09-12,10064.8,10066.65,10063.05,10063.1,13:40:00,10058.896917410062,1,54
2017-09-12,10065.05,10066.0,10064.0,10064.65,13:45:00,10059.482925275772,1,55
2017-09-12,10065.0,10066.25,10063.85,10064.95,13:50:00,10060.008360963797,1,56
2017-09-12,10065.5,10066.3,10064.2,10064.65,13:55:00,10060.53137420534,1,57
2017-09-12,10064.55,10066.6,10064.15,10065.3,14:00:00,10060.914100471497,1,58
2017-09-12,10065.85,10065.85,10061.65,10064.5,14:05:00,10061.384186140878,1,59
2017-09-12,10068.85,10069.25,10065.65,10065.65,14:10:00,10062.095216032223,1,60
2017-09-12,10067.45,10073.3,10066.95,10068.6,14:15:00,10062.605195457723,1,61
2017-09-12,10063.55,10067.25,10063.45,10067.25,14:20:00,10062.695176842702,1,62
2017-09-12,10068.15,10068.65,10062.3,10063.4,14:25:00,10063.214683810063,1,63
2017-09-12,10073.9,10074.8,10066.45,10068.25,14:30:00,10064.232332971009,1,64
2017-09-12,10071.85,10075.05,10071.6,10073.85,14:35:00,10064.957825069008,1,65
2017-09-12,10078.9,10079.9,10071.55,10071.8,14:40:00,10066.285651252912,1,66
2017-09-12,10079.55,10081.55,10076.45,10078.2,14:45:00,10067.54892256216,1,67
2017-09-12,10087.2,10087.2,10078.9,10079.5,14:50:00,10069.420453746716,1,68
2017-09-12,10087.1,10089.6,10085.55,10086.45,14:55:00,10071.104220056552,1,69
2017-09-12,10090.15,10092.75,10085.85,10087.35,15:00:00,10072.91810386069,1,70
2017-09-12,10093.7,10097.55,10089.95,10090.25,15:05:00,10074.897332064433,1,71
2017-09-12,10092.85,10093.7,10090.4,10092.85,15:10:00,10076.60710996306,1,72
2017-09-12,10093.85,10096.1,10089.55,10092.9,15:15:00,10078.249289966578,1,73
2017-09-12,10091.65,10095.1,10090.85,10094.4,15:20:00,10079.525548065,1,74
2017-09-12,10087.55,10091.95,10086.15,10091.45,15:25:00,10080.289781582618,1,75
2017-09-13,10093.1,10101.3,10084.05,10098.4,09:15:00,10081.509802384271,2,1
2017-09-13,10095.85,10096.15,10086.4,10093.25,09:20:00,10082.875535490532,2,2
2017-09-13,10100.7,10101.25,10094.8,10095.8,09:25:00,10084.573103539056,2,3
2017-09-13,10104.75,10107.85,10098.7,10101.1,09:30:00,10086.494712725813,2,4
2017-09-13,10102.8,10108.25,10102.8,10105.05,09:35:00,10088.047597228117,2,5
2017-09-13,10109.15,10110.2,10101.65,10102.75,09:40:00,10090.057349873056,2,6
2017-09-13,10109.4,10109.75,10105.15,10108.85,09:45:00,10091.899507028002,2,7
2017-09-13,10118.6,10119.45,10107.3,10109.1,09:50:00,10094.442411120572,2,8
2017-09-13,10116.6,10119.55,10114.05,10118.8,09:55:00,10096.552657680517,2,9
2017-09-13,10120.0,10120.7,10114.7,10116.5,10:00:00,10098.78573790142,2,10
2017-09-13,10114.75,10120.3,10114.0,10120.3,10:05:00,10100.30614381557,2,11
2017-09-13,10113.95,10115.05,10108.4,10114.85,10:10:00,10101.605558690277,2,12
2017-09-13,10115.9,10117.2,10113.95,10114.1,10:15:00,10102.966934053107,2,13
2017-09-13,10111.2,10116.8,10111.2,10115.7,10:20:00,10103.75103557186,2,14
2017-09-13,10108.65,10111.4,10106.3,10111.1,10:25:00,10104.217603612637,2,15
2017-09-13,10112.05,10112.95,10108.9,10109.05,10:30:00,10104.963546125717,2,16
2017-09-13,10111.25,10115.45,10111.1,10111.75,10:35:00,10105.562256018506,2,17
2017-09-13,10112.8,10113.5,10109.9,10111.45,10:40:00,10106.251564969123,2,18
2017-09-13,10111.95,10113.0,10110.7,10113.0,10:45:00,10106.794273067302,2,19
2017-09-13,10108.45,10112.95,10107.9,10111.4,10:50:00,10106.951961346607,2,20
2017-09-13,10105.6,10109.0,10105.45,10108.4,10:55:00,10106.82320312312,2,21
2017-09-13,10107.2,10109.4,10105.45,10105.45,11:00:00,10106.859088539966,2,22
2017-09-13,10107.2,10108.3,10104.8,10107.05,11:05:00,10106.891556298066,2,23
2017-09-13,10108.35,10110.15,10105.65,10107.1,11:10:00,10107.03045569825,2,24
2017-09-13,10106.8,10109.35,10106.25,10108.45,11:15:00,10107.008507536511,2,25
2017-09-13,10102.4,10107.95,10101.8,10106.75,11:20:00,10106.569602056845,2,26
2017-09-13,10099.6,10102.8,10099.6,10102.15,11:25:00,10105.905830432384,2,27
2017-09-13,10105.95,10106.5,10099.45,10099.45,11:30:00,10105.91003705787,2,28
2017-09-13,10104.6,10106.15,10102.55,10105.9,11:35:00,10105.785271623789,2,29
2017-09-13,10106.9,10108.7,10103.75,10104.2,11:40:00,10105.891436231046,2,30
2017-09-13,10106.85,10109.25,10106.0,10106.8,11:45:00,10105.982728018564,2,31
2017-09-13,10107.6,10108.05,10105.75,10106.75,11:50:00,10106.13675392156,2,32
2017-09-13,10105.45,10108.55,10105.4,10107.1,11:55:00,10106.071348786172,2,33
2017-09-13,10108.05,10108.35,10103.7,10105.25,12:00:00,10106.259791758916,2,34
2017-09-13,10112.0,10112.1,10107.8,10107.95,12:05:00,10106.806478258068,2,35
2017-09-13,10111.8,10113.25,10110.75,10111.9,12:10:00,10107.282051757298,2,36
2017-09-13,10108.2,10112.4,10107.6,10111.3,12:15:00,10107.36947539946,2,37
2017-09-13,10109.75,10110.3,10105.6,10108.25,12:20:00,10107.596192028084,2,38
2017-09-13,10112.25,10112.3,10109.05,10109.6,12:25:00,10108.039411834934,2,39
2017-09-13,10117.6,10118.05,10110.9,10111.8,12:30:00,10108.949944041133,2,40
2017-09-13,10118.25,10120.1,10115.9,10118.4,12:35:00,10109.83566365626,2,41
2017-09-13,10121.65,10122.5,10117.75,10118.5,12:40:00,10110.960838546142,2,42
2017-09-13,10120.6,10124.1,10120.2,10121.5,12:45:00,10111.8788539227,2,43
2017-09-13,10118.6,10121.0,10115.65,10120.65,12:50:00,10112.518963072918,2,44
2017-09-13,10118.9,10121.65,10116.85,10118.55,12:55:00,10113.1266808755,2,45
2017-09-13,10122.1,10122.25,10118.55,10118.8,13:00:00,10113.98128269688,2,46
2017-09-13,10123.85,10125.55,10122.0,10122.0,13:05:00,10114.92116053527,2,47
2017-09-13,10124.9,10127.85,10122.65,10122.65,13:10:00,10115.871526198578,2,48
2017-09-13,10124.05,10125.6,10121.05,10124.3,13:15:00,10116.650428465378,2,49
2017-09-13,10126.15,10126.15,10123.45,10123.9,13:20:00,10117.555149563914,2,50
2017-09-13,10124.55,10126.45,10123.6,10125.5,13:25:00,10118.221325795925,2,51
2017-09-13,10129.3,10129.65,10123.85,10124.25,13:30:00,10119.276437624882,2,52
2017-09-13,10128.2,10131.45,10127.2,10129.1,13:35:00,10120.126300708229,2,53
2017-09-13,10129.4,10131.05,10127.65,10128.0,13:40:00,10121.009510164587,2,54
2017-09-13,10129.75,10130.2,10127.55,10129.65,13:45:00,10121.84193776796,2,55
2017-09-13,10121.15,10129.9,10120.05,10129.4,13:50:00,10121.776038932916,2,56
2017-09-13,10121.7,10122.75,10118.25,10121.35,13:55:00,10121.768797129782,2,57
2017-09-13,10129.1,10130.55,10121.2,10121.75,14:00:00,10122.467006926943,2,58
2017-09-13,10129.1,10131.95,10126.1,10128.85,14:05:00,10123.098720552947,2,59
2017-09-13,10126.1,10129.5,10126.1,10129.15,14:10:00,10123.384556690764,2,60
2017-09-13,10121.15,10126.75,10115.35,10126.4,14:15:00,10123.171741767834,2,61
2017-09-13,10117.15,10120.8,10115.25,10120.8,14:20:00,10122.598242551849,2,62
2017-09-13,10104.2,10117.25,10104.1,10116.6,14:25:00,10120.846028975482,2,63
2017-09-13,10109.2,10109.95,10103.9,10104.7,14:30:00,10119.73688335877,2,64
2017-09-13,10103.05,10115.1,10103.05,10109.65,14:35:00,10118.14765637222,2,65
2017-09-13,10082.75,10102.7,10078.75,10102.7,14:40:00,10114.776451003438,2,66
2017-09-13,10096.7,10096.9,10076.05,10082.6,14:45:00,10113.054884241206,2,67
2017-09-13,10090.55,10098.85,10086.35,10096.55,14:50:00,10110.91156193252,2,68
2017-09-13,10085.3,10091.75,10082.8,10090.6,14:55:00,10108.472365557996,2,69
2017-09-13,10086.7,10088.75,10081.5,10085.45,15:00:00,10106.398806933425,2,70
2017-09-13,10084.75,10088.45,10084.75,10086.55,15:05:00,10104.337015796908,2,71
2017-09-13,10069.75,10084.95,10069.75,10084.8,15:10:00,10101.04301429244,2,72
2017-09-13,10076.85,10077.4,10063.15,10069.5,15:15:00,10098.73891769316,2,73
2017-09-13,10082.7,10082.7,10075.85,10077.15,15:20:00,10097.211401722385,2,74
2017-09-13,10086.25,10087.6,10082.95,10083.1,15:25:00,10096.167458701204,2,75
2017-09-14,10109.6,10112.0,10097.8,10105.35,09:15:00,10097.44674834871,3,1
2017-09-14,10111.15,10114.35,10105.45,10109.9,09:20:00,10098.751819934549,3,2
2017-09-14,10109.85,10118.05,10109.85,10111.25,09:25:00,10099.80878946459,3,3
2017-09-14,10119.6,10120.35,10108.65,10109.4,09:30:00,10101.69366665844,3,4
2017-09-14,10121.25,10123.25,10117.5,10119.55,09:35:00,10103.55617459573,3,5
2017-09-14,10120.95,10122.55,10118.3,10121.65,09:40:00,10105.212729396137,3,6
2017-09-14,10120.1,10126.5,10120.1,10121.05,09:45:00,10106.630564691744,3,7
2017-09-14,10117.05,10122.4,10115.65,10120.75,09:50:00,10107.62289186396,3,8
2017-09-14,10116.95,10119.9,10114.75,10117.65,09:55:00,10108.511187876917,3,9
2017-09-14,10118.5,10122.6,10117.55,10117.75,10:00:00,10109.462503317209,3,10
2017-09-14,10118.5,10120.0,10116.75,10118.9,10:05:00,10110.323217286998,3,11
2017-09-14,10118.5,10121.2,10118.0,10118.45,10:10:00,10111.101958497758,3,12
2017-09-14,10114.9,10118.85,10111.6,10118.8,10:15:00,10111.463676736068,3,13
2017-09-14,10113.6,10114.65,10108.35,10114.65,10:20:00,10111.667136094538,3,14
2017-09-14,10117.5,10118.4,10113.45,10113.45,10:25:00,10112.22264694268,3,15
2017-09-14,10118.7,10120.85,10117.8,10118.3,10:30:00,10112.839537710042,3,16
2017-09-14,10120.35,10122.75,10117.95,10118.5,10:35:00,10113.554819832896,3,17
2017-09-14,10118.3,10122.55,10118.15,10120.3,10:40:00,10114.006741753572,3,18
2017-09-14,10111.35,10119.05,10110.95,10118.6,10:45:00,10113.753718729422,3,19
2017-09-14,10110.2,10112.0,10108.2,10111.55,10:50:00,10113.41526932662,3,20
2017-09-14,10111.45,10115.2,10110.75,10110.8,10:55:00,10113.228100819324,3,21
2017-09-14,10107.95,10113.9,10107.6,10111.3,11:00:00,10112.725424550816,3,22
2017-09-14,10096.7,10108.55,10095.45,10107.55,11:05:00,10111.199193641214,3,23
2017-09-14,10087.25,10098.0,10086.15,10096.55,11:10:00,10108.918318056338,3,24
2017-09-14,10092.0,10092.45,10082.95,10087.2,11:15:00,10107.30704967002,3,25
2017-09-14,10093.4,10094.2,10089.45,10091.9,11:20:00,10105.982568749065,3,26
2017-09-14,10076.9,10093.5,10076.75,10092.95,11:25:00,10103.212800296771,3,27
2017-09-14,10082.75,10082.75,10072.95,10076.45,11:30:00,10101.26396217327,3,28
2017-09-14,10085.4,10087.4,10081.75,10082.5,11:35:00,10099.753108632958,3,29
2017-09-14,10082.65,10087.5,10081.75,10085.65,11:40:00,10098.124241144104,3,30
2017-09-14,10087.4,10088.2,10082.4,10082.85,11:45:00,10097.102884844668,3,31
2017-09-14,10086.15,10089.1,10085.8,10087.15,11:50:00,10096.0597529547,3,32
2017-09-14,10077.1,10085.85,10077.1,10085.55,11:55:00,10094.25406219711,3,33
2017-09-14,10080.6,10082.3,10075.85,10076.95,12:00:00,10092.953675321194,3,34
2017-09-14,10073.7,10080.4,10072.5,10080.35,12:05:00,10091.11999195727,3,35
2017-09-14,10076.85,10077.25,10071.6,10073.35,12:10:00,10089.760945104195,3,36
2017-09-14,10080.15,10080.5,10075.8,10076.65,12:15:00,10088.845616999037,3,37
2017-09-14,10085.45,10085.8,10080.2,10080.2,12:20:00,10088.522224903889,3,38
2017-09-14,10080.8,10085.3,10080.0,10084.85,12:25:00,10087.786774913044,3,39
2017-09-14,10079.5,10082.2,10078.75,10080.75,12:30:00,10086.99755825466,3,40
2017-09-14,10084.95,10085.5,10078.65,10079.85,12:35:00,10086.802552706597,3,41
2017-09-14,10083.8,10086.4,10083.0,10085.3,12:40:00,10086.516595305968,3,42
2017-09-14,10082.7,10084.15,10081.8,10083.25,12:45:00,10086.153110038733,3,43
2017-09-14,10079.3,10083.55,10079.1,10082.15,12:50:00,10085.500432892186,3,44
2017-09-14,10078.35,10080.7,10077.65,10078.9,12:55:00,10084.819439283408,3,45
2017-09-14,10077.7,10078.75,10075.8,10078.7,13:00:00,10084.14139744689,3,46
2017-09-14,10079.1,10080.0,10076.65,10077.2,13:05:00,10083.66126435671,3,47
2017-09-14,10084.65,10084.8,10079.0,10079.4,13:10:00,10083.75542965607,3,48
2017-09-14,10080.5,10085.1,10080.25,10084.3,13:15:00,10083.445388736443,3,49
2017-09-14,10083.3,10083.95,10079.2,10080.9,13:20:00,10083.431542190114,3,50
2017-09-14,10081.4,10083.8,10079.35,10082.55,13:25:00,10083.238061981532,3,51
2017-09-14,10082.55,10083.0,10080.2,10080.8,13:30:00,10083.172532269004,3,52
2017-09-14,10079.05,10083.95,10077.8,10082.3,13:35:00,10082.779910148149,3,53
2017-09-14,10079.75,10082.25,10078.45,10078.85,13:40:00,10082.491347276897,3,54
2017-09-14,10075.85,10080.4,10074.65,10079.35,13:45:00,10081.85883801243,3,55
2017-09-14,10073.95,10076.15,10070.35,10075.75,13:50:00,10081.10561534458,3,56
2017-09-14,10083.0,10084.15,10073.5,10074.4,13:55:00,10081.28603293081,3,57
2017-09-14,10081.85,10083.6,10080.4,10083.4,14:00:00,10081.339744080256,3,58
2017-09-14,10074.35,10081.7,10074.0,10081.45,14:05:00,10080.674054167852,3,59
2017-09-14,10076.35,10078.95,10070.6,10074.3,14:10:00,10080.2622394852,3,60
2017-09-14,10075.15,10078.0,10074.35,10076.25,14:15:00,10079.775359534227,3,61
2017-09-14,10087.35,10087.35,10074.9,10075.0,14:20:00,10080.4967538643,3,62
2017-09-14,10086.8,10089.8,10085.35,10086.05,14:25:00,10081.097063020085,3,63
2017-09-14,10096.75,10097.85,10085.95,10086.1,14:30:00,10082.587818922932,3,64
2017-09-14,10096.6,10097.95,10093.85,10096.95,14:35:00,10083.922312358844,3,65
2017-09-14,10092.65,10096.45,10092.0,10096.0,14:40:00,10084.753520705624,3,66
2017-09-14,10098.2,10098.9,10092.55,10092.8,14:45:00,10086.034137781278,3,67
2017-09-14,10099.55,10101.45,10098.2,10098.65,14:50:00,10087.32136275449,3,68
2017-09-14,10090.2,10101.45,10088.75,10099.6,14:55:00,10087.595518682634,3,69
2017-09-14,10100.35,10103.9,10089.5,10090.25,15:00:00,10088.81023118905,3,70
2017-09-14,10094.3,10100.35,10092.0,10100.25,15:05:00,10089.333066313904,3,71
2017-09-14,10083.8,10094.8,10083.55,10094.15,15:10:00,10088.806107617342,3,72
2017-09-14,10086.9,10087.75,10081.55,10084.45,15:15:00,10088.624573558547,3,73
2017-09-14,10083.45,10087.05,10077.3,10086.45,15:20:00,10088.131757029165,3,74
2017-09-14,10086.45,10088.6,10082.45,10083.5,15:25:00,10087.971589693052,3,75
2017-09-15,10075.0,10075.8,10054.8,10058.9,09:15:00,10086.736200198477,4,1
2017-09-15,10076.7,10081.9,10071.2,10076.05,09:20:00,10085.780371608143,4,2
2017-09-15,10078.3,10083.9,10074.85,10076.2,09:25:00,10085.06795526451,4,3
2017-09-15,10072.7,10082.45,10072.55,10078.2,09:30:00,10083.890054763127,4,4
2017-09-15,10062.45,10073.35,10059.15,10073.2,09:35:00,10081.848144785688,4,5
2017-09-15,10049.6,10062.85,10049.4,10062.65,09:40:00,10078.776892901336,4,6
2017-09-15,10056.85,10060.3,10044.5,10049.2,09:45:00,10076.688617386922,4,7
2017-09-15,10056.85,10059.75,10052.55,10056.95,09:50:00,10074.799225254834,4,8
2017-09-15,10058.6,10061.95,10056.7,10057.0,09:55:00,10073.25644189723,4,9
2017-09-15,10068.5,10069.05,10057.95,10057.95,10:00:00,10072.803447430828,4,10
2017-09-15,10060.55,10069.4,10060.35,10068.65,10:05:00,10071.636452437417,4,11
2017-09-15,10057.6,10060.65,10056.7,10060.65,10:10:00,10070.299647443377,4,12
2017-09-15,10065.1,10067.15,10057.45,10057.5,10:15:00,10069.804442924958,4,13
2017-09-15,10060.85,10065.25,10059.15,10065.15,10:20:00,10068.951638836868,4,14
2017-09-15,10061.45,10063.8,10060.45,10061.4,10:25:00,10068.23719704288,4,15
2017-09-15,10063.45,10065.25,10061.55,10061.8,10:30:00,10067.781273514986,4,16
2017-09-15,10064.45,10064.6,10060.05,10062.95,10:35:00,10067.4640093707,4,17
2017-09-15,10060.65,10064.5,10060.1,10064.5,10:40:00,10066.8150560973,4,18
2017-09-15,10059.9,10064.2,10059.9,10060.9,10:45:00,10066.156479326128,4,19
2017-09-15,10057.15,10060.4,10052.7,10059.8,10:50:00,10065.298719390306,4,20
2017-09-15,10058.0,10058.85,10056.15,10056.75,10:55:00,10064.603603257896,4,21
2017-09-15,10056.95,10058.9,10054.35,10057.9,11:00:00,10063.874688661905,4,22
2017-09-15,10050.2,10056.75,10050.2,10056.75,11:05:00,10062.57233736077,4,23
2017-09-15,10045.2,10052.8,10045.15,10049.3,11:10:00,10060.917829040696,4,24
2017-09-15,10047.95,10048.25,10043.65,10045.0,11:15:00,10059.682797703488,4,25
2017-09-15,10052.2,10055.65,10047.4,10048.0,11:20:00,10058.970150303156,4,26
2017-09-15,10050.55,10054.65,10049.95,10052.35,11:25:00,10058.168231226664,4,27
2017-09-15,10045.75,10051.6,10045.0,10050.45,11:30:00,10056.98554253841,4,28
2017-09-15,10048.9,10048.9,10044.1,10046.15,11:35:00,10056.215490868086,4,29
2017-09-15,10050.5,10052.95,10048.0,10048.85,11:40:00,10055.671158404455,4,30
2017-09-15,10056.15,10056.35,10050.4,10050.6,11:45:00,10055.716762365935,4,31
2017-09-15,10058.6,10060.0,10055.75,10056.1,11:50:00,10055.991356426324,4,32
2017-09-15,10057.1,10058.9,10055.85,10058.5,11:55:00,10056.09694152858,4,33
2017-09-15,10057.6,10058.1,10055.05,10057.15,12:00:00,10056.24008995443,4,34
2017-09-15,10055.75,10058.45,10055.15,10057.7,12:05:00,10056.193414720674,4,35
2017-09-15,10056.6,10056.6,10054.6,10055.55,12:10:00,10056.232137128229,4,36
2017-09-15,10058.55,10060.5,10055.3,10055.85,12:15:00,10056.45288597316,4,37
2017-09-15,10060.4,10061.1,10058.1,10058.4,12:20:00,10056.828801594764,4,38
2017-09-15,10058.65,10061.15,10058.65,10060.35,12:25:00,10057.00224906193,4,39
2017-09-15,10059.3,10059.3,10056.75,10058.9,12:30:00,10057.221082484602,4,40
2017-09-15,10060.85,10062.1,10057.3,10059.2,12:35:00,10057.566693676545,4,41
2017-09-15,10060.7,10061.55,10059.55,10060.95,12:40:00,10057.865103802587,4,42
2017-09-15,10061.2,10061.4,10059.1,10060.6,12:45:00,10058.182712964246,4,43
2017-09-15,10062.75,10063.5,10061.15,10061.4,12:50:00,10058.617692681935,4,44
2017-09-15,10064.85,10065.4,10061.5,10062.3,12:55:00,10059.211245759849,4,45
2017-09-15,10057.75,10065.15,10057.35,10064.75,13:00:00,10059.072079497004,4,46
2017-09-15,10062.7,10063.1,10058.1,10058.1,13:05:00,10059.417595735384,4,47
2017-09-15,10063.55,10063.55,10061.35,10062.45,13:10:00,10059.8111580463,4,48
2017-09-15,10063.65,10064.35,10061.85,10063.45,13:15:00,10060.17676204189,4,49
2017-09-15,10064.15,10065.9,10062.85,10063.7,13:20:00,10060.55516565695,4,50
2017-09-15,10061.2,10064.3,10060.4,10064.3,13:25:00,10060.616578451529,4,51
2017-09-15,10055.4,10061.65,10053.8,10060.6,13:30:00,10060.119761456142,4,52
2017-09-15,10052.7,10055.95,10048.8,10055.55,13:35:00,10059.413117507938,4,53
2017-09-15,10054.15,10056.1,10052.7,10053.05,13:40:00,10058.911868221468,4,54
2017-09-15,10052.6,10054.9,10051.55,10054.05,13:45:00,10058.31073791466,4,55
2017-09-15,10065.05,10067.4,10052.55,10052.85,13:50:00,10058.95257239898,4,56
2017-09-15,10068.1,10069.35,10063.85,10065.0,13:55:00,10059.82375598003,4,57
2017-09-15,10070.1,10070.15,10065.15,10067.95,14:00:00,10060.802445886691,4,58
2017-09-15,10067.3,10072.3,10066.5,10070.15,14:05:00,10061.42126056415,4,59
2017-09-15,10068.5,10069.65,10064.95,10067.05,14:10:00,10062.095426224709,4,60
2017-09-15,10069.35,10070.1,10067.6,10068.35,14:15:00,10062.786338012833,4,61
2017-09-15,10064.4,10070.1,10063.4,10069.25,14:20:00,10062.940020106847,4,62
2017-09-15,10072.4,10072.4,10064.05,10064.35,14:25:00,10063.84097057286,4,63
2017-09-15,10095.6,10095.6,10072.3,10072.35,14:30:00,10066.865640042111,4,64
2017-09-15,10091.05,10098.1,10086.65,10093.35,14:35:00,10069.168912419054,4,65
2017-09-15,10105.05,10105.9,10090.85,10090.85,14:40:00,10072.586158855334,4,66
2017-09-15,10104.5,10107.65,10101.15,10104.9,14:45:00,10075.625572297684,4,67
2017-09-15,10112.65,10113.55,10103.35,10104.0,14:50:00,10079.151708269334,4,68
2017-09-15,10109.7,10115.15,10105.95,10112.6,14:55:00,10082.06106938654,4,69
2017-09-15,10086.25,10110.3,10083.9,10110.15,15:00:00,10082.460015159251,4,70
2017-09-15,10080.95,10086.8,10079.25,10086.1,15:05:00,10082.316204191704,4,71
2017-09-15,10085.2,10087.0,10079.95,10080.45,15:10:00,10082.590851411542,4,72
2017-09-15,10081.2,10087.85,10081.2,10085.85,15:15:00,10082.458389372348,4,73
2017-09-15,10082.0,10084.55,10076.8,10081.05,15:20:00,10082.414733241649,4,74
2017-09-15,10085.3,10088.45,10077.95,10080.95,15:25:00,10082.689520551969,4,75
2017-09-18,10153.65,10157.15,10131.3,10131.3,09:15:00,10089.44766145178,0,1
2017-09-18,10155.05,10160.3,10150.5,10153.4,09:20:00,10095.695503218276,0,2
2017-09-18,10156.7,10159.95,10153.15,10155.95,09:25:00,10101.505455292723,0,3
2017-09-18,10157.1,10158.6,10151.05,10155.95,09:30:00,10106.800173836276,0,4
2017-09-18,10157.05,10160.45,10155.15,10157.2,09:35:00,10111.585871566156,0,5
2017-09-18,10166.15,10167.1,10153.95,10156.9,09:40:00,10116.782455226525,0,6
2017-09-18,10164.55,10167.15,10162.95,10166.05,09:45:00,10121.331745204949,0,7
2017-09-18,10163.9,10164.85,10160.4,10164.85,09:50:00,10125.38586470924,0,8
2017-09-18,10160.45,10165.1,10159.25,10163.6,09:55:00,10128.725306165505,0,9
2017-09-18,10161.2,10162.05,10157.95,10160.3,10:00:00,10131.81813414974,0,10
2017-09-18,10160.85,10162.1,10157.3,10160.85,10:05:00,10134.583073754528,0,11
2017-09-18,10158.85,10160.9,10156.05,10160.9,10:10:00,10136.89420958743,0,12
2017-09-18,10156.05,10158.9,10154.25,10158.9,10:15:00,10138.718570579103,0,13
2017-09-18,10154.65,10158.05,10154.2,10155.7,10:20:00,10140.23584957157,0,14
2017-09-18,10156.3,10156.7,10153.45,10154.3,10:25:00,10141.765768659992,0,15
2017-09-18,10156.75,10159.2,10156.05,10156.65,10:30:00,10143.19283831142,0,16
2017-09-18,10158.75,10158.9,10156.2,10156.95,10:35:00,10144.674472757952,0,17
2017-09-18,10160.7,10162.65,10157.65,10158.65,10:40:00,10146.20071344767,0,18
2017-09-18,10159.6,10162.3,10159.25,10160.75,10:45:00,10147.476835976464,0,19
2017-09-18,10158.85,10160.7,10157.4,10159.4,10:50:00,10148.559994454896,0,20
2017-09-18,10159.75,10160.35,10156.65,10158.65,10:55:00,10149.625709268716,0,21
2017-09-18,10161.55,10162.65,10158.5,10159.55,11:00:00,10150.761356005029,0,22
2017-09-18,10163.65,10164.55,10159.85,10161.2,11:05:00,10151.988845909313,0,23
2017-09-18,10160.75,10163.75,10160.0,10163.7,11:10:00,10152.823241536997,0,24
2017-09-18,10158.65,10161.75,10157.25,10160.95,11:15:00,10153.378170914426,0,25
2017-09-18,10158.5,10159.65,10157.1,10158.05,11:20:00,10153.865964160672,0,26
2017-09-18,10157.55,10158.75,10156.7,10158.2,11:25:00,10154.216824716796,0,27
2017-09-18,10161.4,10162.0,10157.05,10158.1,11:30:00,10154.900936648532,0,28
2017-09-18,10161.15,10162.5,10159.5,10161.35,11:35:00,10155.496085539147,0,29
2017-09-18,10162.9,10162.9,10159.7,10160.85,11:40:00,10156.201220249704,0,30
2017-09-18,10163.9,10165.1,10161.9,10162.85,11:45:00,10156.93443736878,0,31
2017-09-18,10164.7,10165.15,10163.05,10163.85,11:50:00,10157.674014762231,0,32
2017-09-18,10163.6,10166.1,10162.55,10164.4,11:55:00,10158.238394308686,0,33
2017-09-18,10163.9,10164.95,10162.65,10163.05,12:00:00,10158.777594850715,0,34
2017-09-18,10162.95,10165.25,10162.7,10164.05,12:05:00,10159.174966769697,0,35
2017-09-18,10162.1,10163.95,10161.2,10163.2,12:10:00,10159.45354136306,0,36
2017-09-18,10165.2,10165.6,10161.7,10162.2,12:15:00,10160.000823138009,0,37
2017-09-18,10164.7,10165.4,10162.05,10165.35,12:20:00,10160.448363791533,0,38
2017-09-18,10164.0,10166.75,10163.55,10165.05,12:25:00,10160.786614859004,0,39
2017-09-18,10165.0,10166.65,10163.75,10163.95,12:30:00,10161.187889634337,0,40
2017-09-18,10166.3,10167.5,10164.65,10165.4,12:35:00,10161.67475728821,0,41
2017-09-18,10166.15,10168.55,10165.65,10166.6,12:40:00,10162.10097087981,0,42
2017-09-18,10167.5,10170.0,10166.1,10167.05,12:45:00,10162.615164129353,0,43
2017-09-18,10167.9,10168.75,10167.3,10167.8,12:50:00,10163.11848183132,0,44
2017-09-18,10166.35,10168.5,10166.05,10167.8,12:55:00,10163.426245466431,0,45
2017-09-18,10165.6,10166.95,10164.2,10166.45,13:00:00,10163.633269707723,0,46
2017-09-18,10164.3,10166.25,10160.95,10165.15,13:05:00,10163.6967678308,0,47
2017-09-18,10159.5,10164.75,10158.15,10163.85,13:10:00,10163.29707565644,0,48
2017-09-18,10162.05,10162.65,10159.0,10159.4,13:15:00,10163.1783065463,0,49
2017-09-18,10161.45,10163.7,10160.85,10161.8,13:20:00,10163.013705922844,0,50
2017-09-18,10159.75,10162.75,10158.6,10161.2,13:25:00,10162.702876787334,0,51
2017-09-18,10163.9,10167.7,10158.4,10159.45,13:30:00,10162.816888521877,0,52
2017-09-18,10162.0,10163.9,10159.8,10163.45,13:35:00,10162.739089615028,0,53
2017-09-18,10161.75,10162.8,10160.6,10161.1,13:40:00,10162.644890604071,0,54
2017-09-18,10159.85,10161.9,10157.1,10161.6,13:45:00,10162.378710546544,0,55
2017-09-18,10161.1,10161.75,10158.9,10159.75,13:50:00,10162.25692858973,0,56
2017-09-18,10166.35,10166.45,10160.25,10161.05,13:55:00,10162.646744914518,0,57
2017-09-18,10170.7,10171.15,10166.45,10166.55,14:00:00,10163.413721589326,0,58
2017-09-18,10170.65,10171.7,10169.5,10170.4,14:05:00,10164.10289096177,0,59
2017-09-18,10170.35,10171.5,10168.8,10170.4,14:10:00,10164.697853727315,0,60
2017-09-18,10167.75,10170.35,10167.05,10169.85,14:15:00,10164.988534324715,0,61
2017-09-18,10164.05,10167.25,10163.25,10167.25,14:20:00,10164.899150103314,0,62
2017-09-18,10167.0,10167.5,10162.6,10164.2,14:25:00,10165.099231045857,0,63
2017-09-18,10165.95,10171.1,10165.95,10167.1,14:30:00,10165.180256660537,0,64
2017-09-18,10161.6,10165.95,10161.2,10165.9,14:35:00,10164.839279835724,0,65
2017-09-18,10164.95,10166.7,10161.15,10161.15,14:40:00,10164.849824613277,0,66
2017-09-18,10165.4,10166.0,10162.55,10164.55,14:45:00,10164.902222269153,0,67
2017-09-18,10159.65,10166.4,10158.3,10164.9,14:50:00,10164.402010624472,0,68
2017-09-18,10157.55,10159.95,10156.5,10159.4,14:55:00,10163.749438184046,0,69
2017-09-18,10156.6,10159.6,10156.15,10157.85,15:00:00,10163.068539309374,0,70
2017-09-18,10155.35,10158.15,10154.35,10156.4,15:05:00,10162.333440327528,0,71
2017-09-18,10151.7,10155.8,10149.45,10155.3,15:10:00,10161.320731724907,0,72
2017-09-18,10153.9,10154.0,10145.95,10151.3,15:15:00,10160.613995370151,0,73
2017-09-18,10153.0,10153.8,10149.65,10152.7,15:20:00,10159.888852953947,0,74
2017-09-18,10154.5,10157.4,10152.7,10152.9,15:25:00,10159.375628863098,0,75
2017-09-19,10154.2,10178.95,10152.9,10174.5,09:15:00,10158.882711828515,1,1
2017-09-19,10144.95,10157.5,10142.1,10154.5,09:20:00,10157.55578689247,1,2
2017-09-19,10148.35,10150.3,10141.7,10145.55,09:25:00,10156.679045283665,1,3
2017-09-19,10153.35,10157.15,10147.6,10147.6,09:30:00,10156.361993351886,1,4
2017-09-19,10152.0,10156.5,10149.05,10152.8,09:35:00,10155.946565413611,1,5
2017-09-19,10146.8,10152.45,10146.8,10152.45,09:40:00,10155.075463945648,1,6
2017-09-19,10144.35,10151.9,10144.25,10147.35,09:45:00,10154.05399118892,1,7
2017-09-19,10144.85,10148.55,10143.6,10145.0,09:50:00,10153.177420599495,1,8
2017-09-19,10145.65,10147.65,10143.35,10144.7,09:55:00,10152.460523399544,1,9
2017-09-19,10142.15,10146.7,10141.5,10145.7,10:00:00,10151.478568790064,1,10
2017-09-19,10141.25,10143.95,10140.15,10142.25,10:05:00,10150.504419381488,1,11
2017-09-19,10143.5,10144.95,10140.85,10141.3,10:10:00,10149.837331821343,1,12
2017-09-19,10142.05,10145.3,10141.8,10143.3,10:15:00,10149.095681171691,1,13
2017-09-19,10143.3,10145.45,10141.5,10141.65,10:20:00,10148.543711536293,1,14
2017-09-19,10132.5,10143.4,10130.95,10143.4,10:25:00,10147.015739009026,1,15
2017-09-19,10136.75,10139.0,10130.0,10132.8,10:30:00,10146.038049579594,1,16
2017-09-19,10132.0,10136.9,10131.65,10136.4,10:35:00,10144.701092476776,1,17
2017-09-19,10136.05,10136.05,10129.95,10131.45,10:40:00,10143.87717890756,1,18
2017-09-19,10139.85,10140.35,10136.1,10136.1,10:45:00,10143.493638059224,1,19
2017-09-19,10145.9,10146.2,10139.8,10139.8,10:50:00,10143.722815386916,1,20
2017-09-19,10145.85,10146.2,10142.1,10145.95,10:55:00,10143.925404397683,1,21
2017-09-19,10146.5,10147.6,10143.45,10145.95,11:00:00,10144.17060397886,1,22
2017-09-19,10144.65,10146.3,10143.9,10146.15,11:05:00,10144.216260742776,1,23
2017-09-19,10145.45,10146.6,10144.1,10144.55,11:10:00,10144.333759719657,1,24
2017-09-19,10148.65,10148.8,10144.85,10145.5,11:15:00,10144.744830222544,1,25
2017-09-19,10148.05,10150.75,10147.3,10149.15,11:20:00,10145.059608296588,1,26
2017-09-19,10147.05,10148.95,10146.25,10148.15,11:25:00,10145.249169411198,1,27
2017-09-19,10146.9,10148.6,10146.15,10147.0,11:30:00,10145.406391372037,1,28
2017-09-19,10146.65,10147.7,10145.2,10147.35,11:35:00,10145.524830288989,1,29
2017-09-19,10147.6,10150.2,10146.4,10146.5,11:40:00,10145.72246549956,1,30
2017-09-19,10153.65,10153.65,10145.8,10147.75,11:45:00,10146.477468785317,1,31
2017-09-19,10153.35,10156.05,10152.95,10153.25,11:50:00,10147.131995567666,1,32
2017-09-19,10153.1,10153.55,10151.9,10153.3,11:55:00,10147.700376942175,1,33
2017-09-19,10151.7,10154.0,10151.35,10153.15,12:00:00,10148.081293423871,1,34
2017-09-19,10149.55,10152.05,10148.8,10151.65,12:05:00,10148.221170240648,1,35
2017-09-19,10148.3,10150.5,10145.9,10149.65,12:10:00,10148.228677836776,1,36
2017-09-19,10144.6,10148.4,10142.35,10148.05,12:15:00,10147.883089471368,1,37
2017-09-19,10145.3,10146.0,10142.4,10144.7,12:20:00,10147.637080950286,1,38
2017-09-19,10141.7,10146.6,10141.3,10145.7,12:25:00,10147.071644669306,1,39
2017-09-19,10142.3,10143.4,10140.7,10142.05,12:30:00,10146.617202319849,1,40
2017-09-19,10144.05,10145.45,10142.05,10142.45,12:35:00,10146.372706860817,1,41
2017-09-19,10140.8,10144.5,10140.6,10144.0,12:40:00,10145.84197287407,1,42
2017-09-19,10142.7,10144.85,10140.25,10141.15,12:45:00,10145.542737362255,1,43
2017-09-19,10153.4,10153.85,10142.25,10143.1,12:50:00,10146.29104808966,1,44
2017-09-19,10150.8,10153.5,10148.1,10153.5,12:55:00,10146.72047208112,1,45
2017-09-19,10146.2,10151.0,10145.1,10151.0,13:00:00,10146.67090331149,1,46
2017-09-19,10146.85,10149.5,10145.45,10146.15,13:05:00,10146.687960138966,1,47
2017-09-19,10148.45,10148.9,10144.85,10146.2,13:10:00,10146.855773459063,1,48
2017-09-19,10147.75,10150.5,10146.8,10148.55,13:15:00,10146.940937891535,1,49
2017-09-19,10146.4,10149.35,10145.45,10148.45,13:20:00,10146.889419997104,1,50
2017-09-19,10146.5,10148.6,10145.25,10146.55,13:25:00,10146.852332378332,1,51
2017-09-19,10153.0,10153.15,10146.25,10147.4,13:30:00,10147.437824532775,1,52
2017-09-19,10155.35,10157.5,10151.45,10153.45,13:35:00,10148.191365053464,1,53
2017-09-19,10159.4,10160.75,10155.6,10155.75,13:40:00,10149.258854095991,1,54
2017-09-19,10155.95,10162.05,10155.35,10158.8,13:45:00,10149.89610608685,1,55
2017-09-19,10162.5,10163.95,10155.45,10156.3,13:50:00,10151.096476935722,1,56
2017-09-19,10163.35,10165.0,10161.1,10163.65,13:55:00,10152.263479132318,1,57
2017-09-19,10159.05,10164.15,10157.75,10162.95,14:00:00,10152.909814453047,1,58
2017-09-19,10160.7,10163.6,10158.15,10158.95,14:05:00,10153.651736886091,1,59
2017-09-19,10161.2,10163.9,10160.15,10160.75,14:10:00,10154.370619087416,1,60
2017-09-19,10161.35,10164.2,10159.35,10161.15,14:15:00,10155.035322031472,1,61
2017-09-19,10154.7,10162.2,10154.35,10162.0,14:20:00,10155.003386599905,1,62
2017-09-19,10153.9,10156.15,10151.35,10155.15,14:25:00,10154.898302161817,1,63
2017-09-19,10153.8,10157.4,10152.8,10153.95,14:30:00,10154.793701955929,1,64
2017-09-19,10152.7,10155.05,10149.85,10154.8,14:35:00,10154.594301769648,1,65
2017-09-19,10148.7,10153.25,10148.7,10152.25,14:40:00,10154.032939696348,1,66
2017-09-19,10148.0,10148.9,10143.05,10148.15,14:45:00,10153.45837401098,1,67
2017-09-19,10149.35,10150.75,10147.6,10148.85,14:50:00,10153.06710029565,1,68
2017-09-19,10151.4,10154.05,10147.7,10149.9,14:55:00,10152.90832883892,1,69
2017-09-19,10151.25,10153.65,10150.6,10151.15,15:00:00,10152.750392759024,1,70
2017-09-19,10147.75,10151.5,10144.2,10151.0,15:05:00,10152.274164877212,1,71
2017-09-19,10147.8,10148.75,10143.3,10147.45,15:10:00,10151.848053936526,1,72
2017-09-19,10148.7,10149.95,10144.45,10147.35,15:15:00,10151.548239275904,1,73
2017-09-19,10149.25,10150.05,10146.85,10149.15,15:20:00,10151.329359344863,1,74
2017-09-19,10149.05,10151.25,10146.6,10148.9,15:25:00,10151.112277502498,1,75
2017-09-20,10158.2,10171.05,10156.2,10160.9,09:15:00,10151.787298692738,2,1
2017-09-20,10156.6,10160.2,10151.6,10158.55,09:20:00,10152.24565119819,2,2
2017-09-20,10152.2,10160.35,10151.1,10157.05,09:25:00,10152.24130346503,2,3
2017-09-20,10158.8,10159.75,10152.2,10152.45,09:30:00,10152.865941230266,2,4
2017-09-20,10161.35,10164.05,10157.65,10158.85,09:35:00,10153.673946827384,2,5
2017-09-20,10164.3,10166.05,10160.45,10161.5,09:40:00,10154.68595189144,2,6
2017-09-20,10160.1,10165.4,10157.5,10164.9,09:45:00,10155.201575520829,2,7
2017-09-20,10159.85,10161.3,10156.15,10160.2,09:50:00,10155.64428261408,2,8
2017-09-20,10161.45,10162.6,10158.95,10159.6,09:55:00,10156.197208079406,2,9
2017-09-20,10154.75,10162.4,10154.15,10161.6,10:00:00,10156.05937873851,2,10
2017-09-20,10148.85,10155.6,10148.85,10154.5,10:05:00,10155.372771239605,2,11
2017-09-20,10152.2,10153.35,10146.35,10148.75,10:10:00,10155.070602550117,2,12
2017-09-20,10142.95,10152.4,10141.15,10152.15,10:15:00,10153.916259450103,2,13
2017-09-20,10142.2,10143.9,10139.85,10142.9,10:20:00,10152.80042521676,2,14
2017-09-20,10148.3,10149.15,10142.35,10143.05,10:25:00,10152.371813291356,2,15
2017-09-20,10149.6,10150.35,10145.4,10148.1,10:30:00,10152.10783107313,2,16
2017-09-20,10145.25,10149.5,10144.4,10149.25,10:35:00,10151.45470430426,2,17
2017-09-20,10141.25,10146.0,10141.15,10145.4,10:40:00,10150.482827703856,2,18
2017-09-20,10144.4,10144.4,10137.7,10141.35,10:45:00,10149.90351077968,2,19
2017-09-20,10140.9,10144.8,10140.15,10143.7,10:50:00,10149.046033562568,2,20
2017-09-20,10144.65,10145.15,10140.7,10140.7,10:55:00,10148.627363699465,2,21
2017-09-20,10145.15,10145.7,10143.25,10144.75,11:00:00,10148.296186204278,2,22
2017-09-20,10145.1,10147.55,10144.4,10144.8,11:05:00,10147.991787518156,2,23
2017-09-20,10141.3,10145.7,10140.9,10145.0,11:10:00,10147.35447442119,2,24
2017-09-20,10144.8,10145.1,10138.25,10141.2,11:15:00,10147.111191142982,2,25
2017-09-20,10140.6,10144.55,10139.9,10144.55,11:20:00,10146.491077700794,2,26
2017-09-20,10141.65,10141.85,10140.05,10140.9,11:25:00,10146.03002268167,2,27
2017-09-20,10144.9,10145.7,10140.3,10141.6,11:30:00,10145.922401473892,2,28
2017-09-20,10143.35,10145.6,10142.1,10144.8,11:35:00,10145.67741085733,2,29
2017-09-20,10144.55,10145.85,10142.6,10143.5,11:40:00,10145.570038394726,2,30
2017-09-20,10144.55,10145.75,10143.65,10144.35,11:45:00,10145.47289188094,2,31
2017-09-20,10145.5,10147.3,10144.1,10144.35,11:50:00,10145.475473606566,2,32
2017-09-20,10147.05,10147.95,10144.55,10145.55,11:55:00,10145.625428501178,2,33
2017-09-20,10147.0,10147.85,10144.0,10147.55,12:00:00,10145.756340072494,2,34
2017-09-20,10144.95,10147.55,10143.95,10146.85,12:05:00,10145.679545779876,2,35
2017-09-20,10144.7,10146.1,10143.35,10144.9,12:10:00,10145.586255705604,2,36
2017-09-20,10141.3,10145.1,10141.05,10144.85,12:15:00,10145.1780408765,2,37
2017-09-20,10145.0,10145.05,10141.1,10141.35,12:20:00,10145.161084602549,2,38
2017-09-20,10145.35,10145.6,10142.95,10145.3,12:25:00,10145.179076545162,2,39
2017-09-20,10144.2,10145.85,10142.15,10145.25,12:30:00,10145.08583115991,2,40
2017-09-20,10144.95,10145.5,10143.35,10144.4,12:35:00,10145.072894858968,2,41
2017-09-20,10146.75,10147.65,10144.4,10144.8,12:40:00,10145.232619158114,2,42
2017-09-20,10146.7,10148.05,10145.4,10146.9,12:45:00,10145.372369714483,2,43
2017-09-20,10145.05,10147.05,10144.75,10146.6,12:50:00,10145.341667836914,2,44
2017-09-20,10144.8,10146.15,10143.3,10145.1,12:55:00,10145.290080423874,2,45
2017-09-20,10145.15,10146.0,10143.85,10145.15,13:00:00,10145.276739431123,2,46
2017-09-20,10145.05,10147.95,10144.75,10145.25,13:05:00,10145.25514519959,2,47
2017-09-20,10143.05,10144.95,10141.4,10144.95,13:10:00,10145.045131371056,2,48
2017-09-20,10141.65,10143.5,10140.75,10143.2,13:15:00,10144.721785526192,2,49
2017-09-20,10141.0,10141.75,10139.25,10141.55,13:20:00,10144.367329761792,2,50
2017-09-20,10135.55,10141.1,10134.2,10140.95,13:25:00,10143.527584070194,2,51
2017-09-20,10138.8,10139.2,10135.6,10135.7,13:30:00,10143.077337968272,2,52
2017-09-20,10143.55,10143.55,10137.1,10140.1,13:35:00,10143.122353399864,2,53
2017-09-20,10148.1,10152.05,10143.4,10144.6,13:40:00,10143.596414980831,2,54
2017-09-20,10148.0,10149.75,10146.95,10149.65,13:45:00,10144.015804030276,2,55
2017-09-20,10146.85,10150.2,10146.7,10149.5,13:50:00,10144.285727455965,2,56
2017-09-20,10146.95,10148.8,10145.75,10148.45,13:55:00,10144.539467698254,2,57
2017-09-20,10143.6,10148.1,10143.05,10147.1,14:00:00,10144.449994584134,2,58
2017-09-20,10144.95,10146.05,10142.5,10143.9,14:05:00,10144.497614147547,2,59
2017-09-20,10147.05,10147.75,10144.55,10146.0,14:10:00,10144.74069851445,2,60
2017-09-20,10148.9,10149.55,10146.35,10148.65,14:15:00,10145.136822465454,2,61
2017-09-20,10155.65,10155.8,10149.25,10150.2,14:20:00,10146.138077468746,2,62
2017-09-20,10155.65,10156.85,10153.0,10156.85,14:25:00,10147.043974852675,2,63
2017-09-20,10153.6,10156.8,10151.45,10156.8,14:30:00,10147.66835820004,2,64
2017-09-20,10155.55,10156.95,10153.0,10154.3,14:35:00,10148.418990752416,2,65
2017-09-20,10151.75,10156.0,10150.15,10154.9,14:40:00,10148.736229728376,2,66
2017-09-20,10150.2,10153.25,10149.3,10152.5,14:45:00,10148.875636420911,2,67
2017-09-20,10142.55,10151.45,10142.3,10151.45,14:50:00,10148.273194857016,2,68
2017-09-20,10140.45,10145.05,10140.35,10142.3,14:55:00,10147.528128680158,2,69
2017-09-20,10144.8,10147.35,10140.95,10141.9,15:00:00,10147.268306901096,2,70
2017-09-20,10146.8,10147.45,10144.25,10145.0,15:05:00,10147.223706243847,2,71
2017-09-20,10141.4,10147.05,10141.0,10146.7,15:10:00,10146.669067553958,2,72
2017-09-20,10143.15,10143.15,10137.1,10141.65,15:15:00,10146.333918263104,2,73
2017-09-20,10138.3,10143.0,10135.65,10142.3,15:20:00,10145.568783190429,2,74
2017-09-20,10139.85,10141.6,10136.75,10138.1,15:25:00,10145.024137172291,2,75
2017-09-21,10153.45,10157.15,10136.55,10136.55,09:15:00,10145.82660029874,3,1
2017-09-21,10147.15,10154.65,10146.35,10153.5,09:20:00,10145.952638365528,3,2
2017-09-21,10158.35,10158.9,10147.1,10147.3,09:25:00,10147.133339473572,3,3
2017-09-21,10148.7,10158.7,10148.7,10158.3,09:30:00,10147.282545237991,3,4
2017-09-21,10146.75,10150.25,10146.3,10148.6,09:35:00,10147.231826643898,3,5
2017-09-21,10146.0,10147.55,10142.75,10146.85,09:40:00,10147.114509820669,3,6
2017-09-21,10144.55,10150.35,10143.4,10145.9,09:45:00,10146.870270790128,3,7
2017-09-21,10132.25,10145.5,10132.25,10144.5,09:50:00,10145.477864048213,3,8
2017-09-21,10114.2,10132.7,10114.2,10131.8,09:55:00,10142.499019853143,3,9
2017-09-21,10105.95,10114.4,10097.35,10114.15,10:00:00,10139.018160819513,3,10
2017-09-21,10081.9,10105.85,10079.0,10105.85,10:05:00,10133.57833597956,3,11
2017-09-21,10089.8,10096.45,10082.0,10082.05,10:10:00,10129.408970648172,3,12
2017-09-21,10073.3,10090.35,10071.95,10090.15,10:15:00,10124.06525915787,3,13
2017-09-21,10066.85,10072.75,10058.6,10072.75,10:20:00,10118.61618685712,3,14
2017-09-21,10090.6,10091.4,10067.1,10067.3,10:25:00,10115.947978585013,3,15
2017-09-21,10092.1,10092.1,10085.8,10090.65,10:30:00,10113.676742529296,3,16
2017-09-21,10085.5,10095.2,10085.1,10091.85,10:35:00,10110.993243240791,3,17
2017-09-21,10081.8,10085.85,10079.75,10085.15,10:40:00,10108.212934360716,3,18
2017-09-21,10083.15,10088.8,10081.05,10081.6,10:45:00,10105.825988231123,3,19
2017-09-21,10089.45,10089.6,10081.75,10082.9,10:50:00,10104.266370304347,3,20
2017-09-21,10096.1,10096.15,10088.75,10089.55,10:55:00,10103.488620751554,3,21
2017-09-21,10097.1,10097.75,10093.55,10096.25,11:00:00,10102.880180679977,3,22
2017-09-21,10093.05,10097.05,10092.05,10096.7,11:05:00,10101.943972996169,3,23
2017-09-21,10095.85,10096.45,10091.7,10093.75,11:10:00,10101.36359461558,3,24
2017-09-21,10098.1,10098.2,10092.95,10095.5,11:15:00,10101.052776080764,3,25
2017-09-21,10095.55,10100.4,10095.0,10098.15,11:20:00,10100.52870216831,3,26
2017-09-21,10095.8,10097.25,10092.1,10095.4,11:25:00,10100.078349580852,3,27
2017-09-21,10096.75,10096.8,10092.4,10096.15,11:30:00,10099.761363906486,3,28
2017-09-21,10095.85,10097.35,10094.7,10096.95,11:35:00,10099.388853058248,3,29
2017-09-21,10088.6,10096.2,10087.9,10096.2,11:40:00,10098.361343243178,3,30
2017-09-21,10087.75,10090.05,10085.55,10088.9,11:45:00,10097.35073912478,3,31
2017-09-21,10089.6,10091.1,10086.9,10087.35,11:50:00,10096.612573493849,3,32
2017-09-21,10086.15,10090.55,10084.0,10089.95,11:55:00,10095.616137923009,3,33
2017-09-21,10087.45,10089.95,10084.45,10085.95,12:00:00,10094.838410501769,3,34
2017-09-21,10093.55,10094.25,10087.25,10087.5,12:05:00,10094.715704739694,3,35
2017-09-21,10091.25,10094.05,10089.85,10093.45,12:10:00,10094.385637621628,3,36
2017-09-21,10093.2,10093.55,10088.05,10090.85,12:15:00,10094.272719752902,3,37
2017-09-21,10095.65,10096.2,10092.6,10093.1,12:20:00,10094.403889300243,3,38
2017-09-21,10094.7,10095.75,10091.95,10095.45,12:25:00,10094.43209031927,3,39
2017-09-21,10097.95,10098.85,10093.25,10094.45,12:30:00,10094.767129336482,3,40
2017-09-21,10104.8,10106.65,10098.1,10098.35,12:35:00,10095.722640828246,3,41
2017-09-21,10101.9,10108.1,10101.6,10105.2,12:40:00,10096.310960749366,3,42
2017-09-21,10101.75,10106.25,10101.15,10102.05,12:45:00,10096.828964487522,3,43
2017-09-21,10105.45,10106.0,10100.65,10102.15,12:50:00,10097.65001548871,3,44
2017-09-21,10100.75,10106.0,10100.4,10105.2,12:55:00,10097.945252108831,3,45
2017-09-21,10098.15,10100.6,10095.85,10100.5,13:00:00,10097.964751907992,3,46
2017-09-21,10093.75,10097.75,10092.55,10097.75,13:05:00,10097.563346964373,3,47
2017-09-21,10094.2,10094.65,10091.7,10094.1,13:10:00,10097.24302820586,3,48
2017-09-21,10097.15,10097.15,10093.1,10093.85,13:15:00,10097.234168376732,3,49
2017-09-21,10097.35,10099.35,10095.9,10097.0,13:20:00,10097.2451999599,3,50
2017-09-21,10100.9,10101.25,10093.6,10097.4,13:25:00,10097.593276154195,3,51
2017-09-21,10100.4,10103.3,10099.3,10101.1,13:30:00,10097.860583187128,3,52
2017-09-21,10106.1,10106.6,10099.8,10100.45,13:35:00,10098.64528955026,3,53
2017-09-21,10110.75,10112.3,10105.4,10106.35,13:40:00,10099.7981191169,3,54
2017-09-21,10104.85,10110.8,10103.1,10110.8,13:45:00,10100.279250629575,3,55
2017-09-21,10111.55,10114.35,10104.0,10104.75,13:50:00,10101.352655331522,3,56
2017-09-21,10111.95,10113.55,10109.45,10111.15,13:55:00,10102.36192625233,3,57
2017-09-21,10110.85,10115.6,10110.3,10112.2,14:00:00,10103.170314228297,3,58
2017-09-21,10107.95,10111.55,10107.85,10111.4,14:05:00,10103.62552239703,3,59
2017-09-21,10110.7,10111.25,10105.55,10109.7,14:10:00,10104.29928216874,3,60
2017-09-21,10119.25,10121.15,10111.05,10112.0,14:15:00,10105.723160057432,3,61
2017-09-21,10119.45,10122.2,10117.75,10120.3,14:20:00,10107.0304781472,3,62
2017-09-21,10118.3,10120.3,10114.85,10120.1,14:25:00,10108.103765942706,3,63
2017-09-21,10121.6,10125.1,10118.45,10118.45,14:30:00,10109.38912156721,3,64
2017-09-21,10129.05,10129.05,10121.15,10121.15,14:35:00,10111.261586179857,3,65
2017-09-21,10131.7,10134.8,10128.6,10130.8,14:40:00,10113.208101781776,3,66
2017-09-21,10133.9,10141.55,10131.85,10132.85,14:45:00,10115.17875875494,3,67
2017-09-21,10134.15,10135.95,10130.65,10135.0,14:50:00,10116.98554363542,3,68
2017-09-21,10136.45,10138.0,10131.85,10135.65,14:55:00,10118.839301384429,3,69
2017-09-21,10122.15,10137.0,10118.05,10137.0,15:00:00,10119.154606014485,3,70
2017-09-21,10121.15,10124.55,10120.4,10122.9,15:05:00,10119.344643536911,3,71
2017-09-21,10125.45,10125.45,10119.8,10122.15,15:10:00,10119.926106057208,3,72
2017-09-21,10118.75,10125.6,10117.25,10125.15,15:15:00,10119.81409595652,3,73
2017-09-21,10121.85,10124.2,10118.05,10119.55,15:20:00,10120.007991579709,3,74
2017-09-21,10124.0,10125.05,10119.5,10122.15,15:25:00,10120.38818285783,3,75
2017-09-22,10057.75,10095.05,10049.7,10090.8,09:15:00,10114.422641633277,4,1
2017-09-22,10055.25,10061.5,10047.15,10057.85,09:20:00,10108.787151953917,4,2
2017-09-22,10050.85,10055.65,10049.45,10054.9,09:25:00,10103.269327958304,4,3
2017-09-22,10030.0,10050.05,10025.2,10050.05,09:30:00,10096.29129672418,4,4
2017-09-22,10032.85,10038.25,10028.3,10029.9,09:35:00,10090.249268464731,4,5
2017-09-22,10045.0,10045.0,10029.9,10032.3,09:40:00,10085.939814325237,4,6
2017-09-22,10039.1,10047.95,10037.25,10043.9,09:45:00,10081.478879627592,4,7
2017-09-22,10033.7,10040.5,10033.7,10038.9,09:50:00,10076.928510139252,4,8
2017-09-22,10029.5,10036.05,10028.8,10033.4,09:55:00,10072.41150917361,4,9
2017-09-22,10032.9,10034.1,10024.55,10028.5,10:00:00,10068.648508299932,4,10
2017-09-22,10023.95,10035.15,10023.6,10032.75,10:05:00,10064.39150750946,4,11
2017-09-22,10018.0,10024.55,10016.75,10023.5,10:10:00,10059.973268699036,4,12
2017-09-22,10015.25,10019.55,10011.75,10017.9,10:15:00,10055.71390977532,4,13
2017-09-22,10021.2,10021.75,10011.65,10014.45,10:20:00,10052.4268707491,4,14
2017-09-22,10021.7,10022.3,10012.85,10020.8,10:25:00,10049.500502106328,4,15
2017-09-22,10028.7,10029.75,10021.2,10021.3,10:30:00,10047.519501905726,4,16
2017-09-22,10022.2,10028.1,10021.15,10027.8,10:35:00,10045.108120771847,4,17
2017-09-22,10023.05,10024.8,10021.9,10021.95,10:40:00,10043.007347365005,4,18
2017-09-22,10017.3,10025.85,10016.05,10022.45,10:45:00,10040.559028568336,4,19
2017-09-22,10022.85,10023.2,10017.0,10017.1,10:50:00,10038.872454418972,4,20
2017-09-22,10022.85,10024.55,10021.5,10022.75,10:55:00,10037.346506379068,4,21
2017-09-22,10019.15,10022.9,10018.4,10022.25,11:00:00,10035.613505771538,4,22
2017-09-22,10011.8,10019.05,10010.95,10018.55,11:05:00,10033.345552840916,4,23
2017-09-22,10011.45,10012.6,10006.6,10011.7,11:10:00,10031.260262094162,4,24
2017-09-22,10008.8,10011.3,10005.05,10010.95,11:15:00,10029.121189513766,4,25
2017-09-22,10006.5,10009.95,10006.25,10008.6,11:20:00,10026.966790512455,4,26
2017-09-22,10002.2,10007.05,10001.2,10005.55,11:25:00,10024.608048558888,4,27
2017-09-22,10005.35,10006.45,10000.25,10002.0,11:30:00,10022.773948696136,4,28
2017-09-22,10008.55,10009.15,10004.4,10004.85,11:35:00,10021.419286915552,4,29
2017-09-22,10012.8,10013.35,10008.05,10008.35,11:40:00,10020.598402447406,4,30
2017-09-22,10017.9,10017.9,10011.8,10012.5,11:45:00,10020.341411738127,4,31
2017-09-22,10013.65,10019.8,10011.3,10017.5,11:50:00,10019.704134429736,4,32
2017-09-22,10015.8,10015.8,10011.75,10013.35,11:55:00,10019.332312103092,4,33
2017-09-22,10018.4,10019.2,10015.35,10015.35,12:00:00,10019.243520474229,4,34
2017-09-22,10016.5,10020.65,10015.65,10017.95,12:05:00,10018.982232810016,4,35
2017-09-22,10012.3,10017.3,10011.4,10016.2,12:10:00,10018.345829685251,4,36
2017-09-22,10005.25,10011.45,10003.85,10011.45,12:15:00,10017.098607810463,4,37
2017-09-22,10003.15,10009.45,10003.15,10006.25,12:20:00,10015.770168971372,4,38
2017-09-22,9994.45,10003.0,9992.15,10002.9,12:25:00,10013.739676688385,4,39
2017-09-22,10004.7,10005.35,9992.6,9994.0,12:30:00,10012.878755099016,4,40
2017-09-22,10002.85,10009.6,10002.25,10003.8,12:35:00,10011.923635565776,4,41
2017-09-22,10004.55,10005.9,10002.3,10002.6,12:40:00,10011.22138455951,4,42
2017-09-22,10001.9,10004.8,10001.8,10003.95,12:45:00,10010.33363364908,4,43
2017-09-22,9998.8,10002.95,9997.25,10001.65,12:50:00,10009.235192349168,4,44
2017-09-22,10000.85,10000.85,9995.15,9997.85,12:55:00,10008.436602601629,4,45
2017-09-22,10011.5,10011.8,10000.35,10000.5,13:00:00,10008.728354734809,4,46
2017-09-22,10018.85,10019.1,10008.35,10011.0,13:05:00,10009.692320950538,4,47
2017-09-22,10012.6,10018.65,10010.2,10017.95,13:10:00,10009.969242764771,4,48
2017-09-22,10010.75,10015.3,10010.0,10012.35,13:15:00,10010.0436005967,4,49
2017-09-22,10007.5,10012.25,10006.95,10010.0,13:20:00,10009.801352920824,4,50
2017-09-22,10008.05,10010.0,10005.6,10007.15,13:25:00,10009.634557404555,4,51
2017-09-22,10006.7,10010.35,10005.35,10008.0,13:30:00,10009.355075746978,4,52
2017-09-22,10008.65,10009.7,10005.45,10006.4,13:35:00,10009.28792567584,4,53
2017-09-22,10008.55,10010.5,10006.75,10010.5,13:40:00,10009.217647040045,4,54
2017-09-22,10004.2,10012.2,10001.0,10009.75,13:45:00,10008.739775893371,4,55
2017-09-22,9996.55,10005.75,9995.8,10004.35,13:50:00,10007.578844855909,4,56
2017-09-22,9986.35,9998.4,9983.95,9997.65,13:55:00,10005.557050107727,4,57
2017-09-22,9991.5,9994.9,9983.7,9986.4,14:00:00,10004.218283430802,4,58
2017-09-22,9980.6,9994.6,9980.55,9991.85,14:05:00,10001.96892310406,4,59
2017-09-22,9981.35,9983.55,9969.05,9981.9,14:10:00,10000.005216141768,4,60
2017-09-22,9983.5,9983.7,9977.0,9981.45,14:15:00,9998.433290794932,4,61
2017-09-22,9985.55,9987.75,9982.9,9983.9,14:20:00,9997.206310719224,4,62
2017-09-22,9983.25,9989.1,9983.1,9985.7,14:25:00,9995.877138269774,4,63
2017-09-22,9975.4,9984.4,9974.75,9984.35,14:30:00,9993.926934625031,4,64
2017-09-22,9966.9,9976.0,9964.65,9975.15,14:35:00,9991.35294085122,4,65
2017-09-22,9965.05,9969.0,9963.25,9965.95,14:40:00,9988.84789886539,4,66
2017-09-22,9977.95,9977.95,9965.85,9966.2,14:45:00,9987.810003735352,4,67
2017-09-22,9975.95,9981.3,9975.35,9978.15,14:50:00,9986.68047957008,4,68
2017-09-22,9982.95,9984.3,9975.0,9977.9,14:55:00,9986.325195801504,4,69
2017-09-22,9976.05,9983.25,9975.55,9983.15,15:00:00,9985.34660572517,4,70
2017-09-22,9968.2,9978.1,9967.9,9975.45,15:05:00,9983.713595656109,4,71
2017-09-22,9965.05,9969.5,9962.8,9967.95,15:10:00,9981.936110355524,4,72
2017-09-22,9959.6,9966.5,9956.35,9964.9,15:15:00,9979.808861750236,4,73
2017-09-22,9954.75,9961.5,9952.8,9959.2,15:20:00,9977.42230348831,4,74
2017-09-22,9962.65,9964.05,9954.65,9954.65,15:25:00,9976.015417441806,4,75
2017-09-25,9923.45,9960.5,9912.55,9957.9,09:15:00,9971.009187209253,0,1
2017-09-25,9898.5,9923.85,9898.5,9923.2,09:20:00,9964.103550332182,0,2
2017-09-25,9898.9,9905.1,9893.1,9898.45,09:25:00,9957.893688395783,0,3
2017-09-25,9873.9,9900.4,9873.0,9898.75,09:30:00,9949.894289500946,0,4
2017-09-25,9882.15,9886.65,9864.6,9873.7,09:35:00,9943.442452405618,0,5
2017-09-25,9888.9,9893.65,9880.85,9881.65,09:40:00,9938.247933128892,0,6
2017-09-25,9879.65,9892.95,9872.8,9888.8,09:45:00,9932.667177592806,0,7
2017-09-25,9878.55,9885.1,9874.2,9880.3,09:50:00,9927.513160679206,0,8
2017-09-25,9874.45,9888.25,9872.8,9878.9,09:55:00,9922.459526328805,0,9
2017-09-25,9874.85,9882.35,9873.2,9874.2,10:00:00,9917.925285726062,0,10
2017-09-25,9860.6,9876.95,9858.35,9874.6,10:05:00,9912.465734704532,0,11
2017-09-25,9855.85,9865.8,9855.3,9861.25,10:10:00,9907.073759970766,0,12
2017-09-25,9845.4,9856.4,9836.2,9855.65,10:15:00,9901.200068544978,0,13
2017-09-25,9845.9,9856.05,9842.85,9846.0,10:20:00,9895.93339535022,0,14
2017-09-25,9850.7,9851.55,9839.9,9845.6,10:25:00,9891.625452935912,0,15
2017-09-25,9870.3,9877.95,9847.9,9850.75,10:30:00,9889.594457418209,0,16
2017-09-25,9886.7,9888.0,9871.6,9871.6,10:35:00,9889.31879480695,0,17
2017-09-25,9885.1,9893.65,9885.1,9886.2,10:40:00,9888.917004825336,0,18
2017-09-25,9878.45,9886.05,9875.65,9885.25,10:45:00,9887.920147222923,0,19
2017-09-25,9870.6,9878.4,9863.9,9878.4,10:50:00,9886.270609392168,0,20
2017-09-25,9867.5,9877.85,9865.75,9870.85,10:55:00,9884.4829323072,0,21
2017-09-25,9873.3,9878.3,9867.5,9867.65,11:00:00,9883.417891135085,0,22
2017-09-25,9880.3,9881.85,9868.75,9873.45,11:05:00,9883.12094912222,0,23
2017-09-25,9872.9,9880.35,9872.45,9880.35,11:10:00,9882.147525396294,0,24
2017-09-25,9863.2,9874.8,9863.05,9873.0,11:15:00,9880.342999168077,0,25
2017-09-25,9863.95,9869.0,9860.75,9864.25,11:20:00,9878.78176115207,0,26
2017-09-25,9854.2,9869.2,9853.5,9863.9,11:25:00,9876.440641042347,0,27
2017-09-25,9863.5,9867.15,9854.35,9854.45,11:30:00,9875.208199038316,0,28
2017-09-25,9865.1,9866.55,9858.7,9864.05,11:35:00,9874.24551341562,0,29
2017-09-25,9861.55,9868.15,9861.5,9864.95,11:40:00,9873.036416899846,0,30
2017-09-25,9859.25,9866.95,9857.0,9862.45,11:45:00,9871.723424814149,0,31
2017-09-25,9861.5,9867.25,9858.85,9858.85,11:50:00,9870.74976530804,0,32
2017-09-25,9862.0,9866.5,9859.2,9861.7,11:55:00,9869.91645432632,0,33
2017-09-25,9865.95,9868.55,9860.8,9862.5,12:00:00,9869.538696771431,0,34
2017-09-25,9862.9,9866.75,9860.9,9866.25,12:05:00,9868.90643993606,0,35
2017-09-25,9861.45,9863.5,9859.4,9863.5,12:10:00,9868.196302799292,0,36
2017-09-25,9872.85,9874.45,9860.8,9861.7,12:15:00,9868.639512056505,0,37
2017-09-25,9870.9,9874.1,9866.5,9873.05,12:20:00,9868.85479662255,0,38
2017-09-25,9865.0,9873.25,9864.25,9871.9,12:25:00,9868.487673134689,0,39
2017-09-25,9860.1,9871.55,9858.4,9865.7,12:30:00,9867.68884712186,0,40
2017-09-25,9855.15,9864.4,9852.45,9860.3,12:35:00,9866.494671205492,0,41
2017-09-25,9850.3,9859.75,9849.7,9855.4,12:40:00,9864.952321566876,0,42
2017-09-25,9849.6,9853.75,9843.9,9850.35,12:45:00,9863.490195703363,0,43
2017-09-25,9848.85,9851.8,9844.5,9850.4,12:50:00,9862.095891350662,0,44
2017-09-25,9840.6,9854.15,9840.6,9849.3,12:55:00,9860.04866360298,0,45
2017-09-25,9844.2,9845.55,9837.35,9841.15,13:00:00,9858.539267069362,0,46
2017-09-25,9853.5,9853.9,9843.7,9843.85,13:05:00,9858.059336872278,0,47
2017-09-25,9848.15,9855.4,9847.2,9855.25,13:10:00,9857.11559050349,0,48
2017-09-25,9850.85,9855.1,9847.35,9849.55,13:15:00,9856.518867598395,0,49
2017-09-25,9847.9,9851.35,9845.4,9851.0,13:20:00,9855.698023065215,0,50
2017-09-25,9847.8,9852.2,9844.9,9848.45,13:25:00,9854.945830392338,0,51
2017-09-25,9836.9,9848.2,9834.15,9848.2,13:30:00,9853.227179878782,0,52
2017-09-25,9838.5,9844.4,9836.1,9837.05,13:35:00,9851.824591318898,0,53
2017-09-25,9826.95,9838.85,9823.35,9838.85,13:40:00,9849.45558262186,0,54
2017-09-25,9825.4,9834.4,9825.35,9827.35,13:45:00,9847.164574753113,0,55
2017-09-25,9821.4,9826.5,9818.0,9826.1,13:50:00,9844.710805729006,0,56
2017-09-25,9823.0,9827.15,9820.45,9822.3,13:55:00,9842.643109945291,0,57
2017-09-25,9821.9,9827.25,9819.7,9823.5,14:00:00,9840.667575664787,0,58
2017-09-25,9830.1,9836.25,9816.05,9823.75,14:05:00,9839.66113988719,0,59
2017-09-25,9837.75,9841.6,9830.8,9833.1,14:10:00,9839.4791265646,0,60
2017-09-25,9835.15,9841.75,9834.75,9840.0,14:15:00,9839.066828796542,0,61
2017-09-25,9840.8,9843.4,9834.75,9835.65,14:20:00,9839.231892720682,0,62
2017-09-25,9849.9,9854.65,9840.4,9841.5,14:25:00,9840.24790293776,0,63
2017-09-25,9860.7,9861.95,9849.5,9849.7,14:30:00,9842.195721705591,0,64
2017-09-25,9852.75,9865.95,9852.3,9863.6,14:35:00,9843.200891066968,0,65
2017-09-25,9856.4,9859.9,9850.8,9855.45,14:40:00,9844.45794906059,0,66
2017-09-25,9860.05,9868.4,9855.85,9856.95,14:45:00,9845.942906292914,0,67
2017-09-25,9867.4,9872.8,9860.2,9860.6,14:50:00,9847.98643902692,0,68
2017-09-25,9851.55,9868.75,9851.0,9867.15,14:55:00,9848.325825786262,0,69
2017-09-25,9861.35,9862.2,9847.1,9853.45,15:00:00,9849.566223330428,0,70
2017-09-25,9866.8,9869.45,9860.9,9861.15,15:05:00,9851.207535394196,0,71
2017-09-25,9876.0,9876.85,9865.85,9867.15,15:10:00,9853.56872249951,0,72
2017-09-25,9880.45,9881.45,9874.15,9876.95,15:15:00,9856.128844166224,0,73
2017-09-25,9881.25,9884.5,9877.25,9880.85,15:20:00,9858.521335198013,0,74
2017-09-25,9874.9,9883.7,9874.6,9881.75,15:25:00,9860.081208036298,0,75
2017-09-26,9884.35,9885.45,9859.3,9872.2,09:15:00,9862.39252155665,1,1
2017-09-26,9855.9,9884.55,9855.45,9884.55,09:20:00,9861.774186170302,1,2
2017-09-26,9860.2,9865.45,9846.55,9855.85,09:25:00,9861.624263677892,1,3
2017-09-26,9855.55,9865.55,9853.6,9860.6,09:30:00,9861.045762375235,1,4
2017-09-26,9857.05,9862.1,9853.25,9855.8,09:35:00,9860.665213577597,1,5
2017-09-26,9859.6,9861.85,9854.15,9856.85,09:40:00,9860.563764665443,1,6
2017-09-26,9869.5,9869.5,9856.4,9859.15,09:45:00,9861.414834697309,1,7
2017-09-26,9869.75,9871.4,9863.6,9870.0,09:50:00,9862.20865996423,1,8
2017-09-26,9870.7,9870.7,9863.9,9870.1,09:55:00,9863.017359015255,1,9
2017-09-26,9868.75,9874.4,9867.0,9871.4,10:00:00,9863.563324823328,1,10
2017-09-26,9853.05,9868.85,9852.7,9868.85,10:05:00,9862.562055792534,1,11
2017-09-26,9839.3,9853.15,9835.0,9853.15,10:10:00,9860.34662190753,1,12
2017-09-26,9847.55,9848.35,9837.0,9839.55,10:15:00,9859.127896011576,1,13
2017-09-26,9844.35,9853.25,9842.6,9848.6,10:20:00,9857.720477343806,1,14
2017-09-26,9847.2,9847.55,9842.4,9844.7,10:25:00,9856.718527120587,1,15
2017-09-26,9843.85,9848.2,9843.65,9847.0,10:30:00,9855.492953109102,1,16
2017-09-26,9837.0,9844.9,9836.6,9844.35,10:35:00,9853.731719479663,1,17
2017-09-26,9832.9,9837.7,9825.55,9836.7,10:40:00,9851.747746195886,1,18
2017-09-26,9824.6,9833.45,9823.9,9833.25,10:45:00,9849.162246558182,1,19
2017-09-26,9829.6,9832.0,9824.5,9824.5,10:50:00,9847.299175457403,1,20
2017-09-26,9821.85,9830.2,9820.8,9829.25,10:55:00,9844.87544446146,1,21
2017-09-26,9817.4,9822.5,9813.0,9821.9,11:00:00,9842.25873546513,1,22
2017-09-26,9821.6,9825.5,9816.4,9817.2,11:05:00,9840.291236849404,1,23
2017-09-26,9826.35,9829.75,9821.2,9821.2,11:10:00,9838.963500006605,1,24
2017-09-26,9819.9,9826.4,9819.55,9826.4,11:15:00,9837.147928577404,1,25
2017-09-26,9827.65,9829.8,9819.6,9819.6,11:20:00,9836.243363950984,1,26
2017-09-26,9827.15,9831.55,9826.55,9827.6,11:25:00,9835.377329288984,1,27
2017-09-26,9820.15,9827.45,9819.8,9827.2,11:30:00,9833.92710745194,1,28
2017-09-26,9824.55,9824.95,9819.85,9820.05,11:35:00,9833.034049599371,1,29
2017-09-26,9821.7,9825.6,9819.5,9824.45,11:40:00,9831.954616304194,1,30
2017-09-26,9821.55,9824.5,9820.75,9821.5,11:45:00,9830.9637004657,1,31
2017-09-26,9829.75,9831.05,9820.95,9822.1,11:50:00,9830.848109945156,1,32
2017-09-26,9830.4,9831.8,9827.4,9829.6,11:55:00,9830.805432807523,1,33
2017-09-26,9839.0,9839.45,9829.5,9830.25,12:00:00,9831.585867778234,1,34
2017-09-26,9842.7,9843.0,9838.25,9838.9,12:05:00,9832.64435656126,1,35
2017-09-26,9847.25,9850.75,9842.1,9842.85,12:10:00,9834.035370222093,1,36
2017-09-26,9846.8,9848.15,9842.75,9847.6,12:15:00,9835.25104924856,1,37
2017-09-26,9845.25,9848.85,9844.85,9846.25,12:20:00,9836.203330272509,1,38
2017-09-26,9843.65,9845.5,9842.4,9845.15,12:25:00,9836.91253691322,1,39
2017-09-26,9837.5,9845.4,9837.15,9843.6,12:30:00,9836.968485778629,1,40
2017-09-26,9841.25,9841.85,9836.5,9837.65,12:35:00,9837.376249037805,1,41
2017-09-26,9841.1,9842.35,9838.75,9841.15,12:40:00,9837.730891986586,1,42
2017-09-26,9845.6,9847.4,9840.55,9841.0,12:45:00,9838.480330845006,1,43
2017-09-26,9849.7,9850.55,9845.0,9845.35,12:50:00,9839.54887076453,1,44
2017-09-26,9852.35,9854.85,9848.9,9849.65,12:55:00,9840.768025929814,1,45
2017-09-26,9849.95,9854.85,9848.8,9852.15,13:00:00,9841.642499650785,1,46
2017-09-26,9850.75,9851.05,9845.0,9849.15,13:05:00,9842.509880636424,1,47
2017-09-26,9847.85,9851.95,9846.4,9851.0,13:10:00,9843.018463432954,1,48
2017-09-26,9843.55,9848.85,9842.5,9847.6,13:15:00,9843.06908596315,1,49
2017-09-26,9847.95,9850.15,9841.75,9843.8,13:20:00,9843.53393491904,1,50
2017-09-26,9854.7,9855.45,9848.05,9848.5,13:25:00,9844.597369688654,1,51
2017-09-26,9867.65,9868.75,9854.8,9855.05,13:30:00,9846.792858289737,1,52
2017-09-26,9862.2,9869.8,9859.05,9867.45,13:35:00,9848.260205119284,1,53
2017-09-26,9858.85,9863.25,9858.7,9861.65,13:40:00,9849.268757012687,1,54
2017-09-26,9865.75,9866.8,9851.95,9859.25,13:45:00,9850.838399201955,1,55
2017-09-26,9866.75,9870.3,9863.55,9866.3,13:50:00,9852.35378975415,1,56
2017-09-26,9872.1,9875.35,9867.5,9868.65,13:55:00,9854.234381206135,1,57
2017-09-26,9867.6,9874.65,9865.8,9874.65,14:00:00,9855.507297281743,1,58
2017-09-26,9874.65,9875.3,9867.3,9869.25,14:05:00,9857.33041182634,1,59
2017-09-26,9870.8,9876.9,9870.6,9876.9,14:10:00,9858.613229747642,1,60
2017-09-26,9873.85,9873.85,9870.35,9873.05,14:15:00,9860.064350724057,1,61
2017-09-26,9882.15,9882.15,9874.35,9874.35,14:20:00,9862.167745893194,1,62
2017-09-26,9890.4,9890.95,9881.8,9882.65,14:25:00,9864.856531998605,1,63
2017-09-26,9877.7,9891.35,9874.15,9891.35,14:30:00,9866.07971942731,1,64
2017-09-26,9876.1,9879.3,9873.35,9879.3,14:35:00,9867.034031862804,1,65
2017-09-26,9866.1,9876.15,9863.0,9875.7,14:40:00,9866.9450764473,1,66
2017-09-26,9877.05,9877.3,9866.75,9867.0,14:45:00,9867.907450118984,1,67
2017-09-26,9878.75,9885.6,9876.4,9878.15,14:50:00,9868.940073917178,1,68
2017-09-26,9872.3,9879.75,9871.25,9878.8,14:55:00,9869.260066877448,1,69
2017-09-26,9879.65,9880.95,9865.4,9871.95,15:00:00,9870.24958431769,1,70
2017-09-26,9877.95,9881.3,9874.4,9879.85,15:05:00,9870.982957239814,1,71
2017-09-26,9873.55,9880.75,9871.8,9878.05,15:10:00,9871.22743750269,1,72
2017-09-26,9870.65,9873.95,9865.55,9873.45,15:15:00,9871.172443454814,1,73
2017-09-26,9863.0,9872.9,9862.25,9870.55,15:20:00,9870.394115506737,1,74
2017-09-26,9854.75,9863.25,9851.2,9863.25,15:25:00,9868.90419974419,1,75
2017-09-27,9885.5,9921.05,9871.9,9914.3,09:15:00,9870.484752149505,2,1
2017-09-27,9886.25,9893.15,9882.8,9885.45,09:20:00,9871.986204325742,2,2
2017-09-27,9878.55,9889.7,9874.6,9886.35,09:25:00,9872.611327723287,2,3
2017-09-27,9862.7,9878.7,9859.7,9878.1,09:30:00,9871.66739174964,2,4
2017-09-27,9861.35,9872.45,9858.45,9862.75,09:35:00,9870.684783011578,2,5
2017-09-27,9860.95,9865.1,9852.55,9861.0,09:40:00,9869.75766082,2,6
2017-09-27,9861.05,9865.85,9856.4,9860.9,09:45:00,9868.928359789525,2,7
2017-09-27,9857.8,9861.1,9853.3,9860.75,09:50:00,9867.868516000046,2,8
2017-09-27,9864.7,9866.5,9857.6,9857.6,09:55:00,9867.56675257147,2,9
2017-09-27,9865.85,9868.3,9863.25,9864.6,10:00:00,9867.403252326569,2,10
2017-09-27,9852.65,9868.45,9852.3,9866.1,10:05:00,9865.99818067642,2,11
2017-09-27,9840.45,9852.55,9836.65,9852.55,10:10:00,9863.565020611995,2,12
2017-09-27,9846.45,9847.95,9834.15,9839.55,10:15:00,9861.93501864895,2,13
2017-09-27,9839.5,9846.4,9836.45,9846.4,10:20:00,9859.798350206194,2,14
2017-09-27,9826.7,9841.25,9825.85,9839.95,10:25:00,9856.646126377032,2,15
2017-09-27,9827.05,9828.25,9818.6,9826.85,10:30:00,9853.827447674455,2,16
2017-09-27,9819.2,9827.7,9815.6,9827.1,10:35:00,9850.529595514983,2,17
2017-09-27,9817.8,9820.95,9804.8,9819.65,10:40:00,9847.412491180225,2,18
2017-09-27,9823.2,9825.45,9817.0,9817.55,10:45:00,9845.10653963925,2,19
2017-09-27,9823.35,9827.25,9819.2,9823.5,10:50:00,9843.034488245035,2,20
2017-09-27,9808.45,9824.55,9807.0,9823.05,10:55:00,9839.740727459794,2,21
2017-09-27,9822.1,9822.1,9807.7,9808.3,11:00:00,9838.06065817791,2,22
2017-09-27,9820.25,9823.05,9818.25,9822.35,11:05:00,9836.364405018108,2,23
2017-09-27,9828.65,9828.65,9819.6,9819.95,11:10:00,9835.629699778288,2,24
2017-09-27,9828.75,9834.7,9827.45,9828.55,11:15:00,9834.974490275596,2,25
2017-09-27,9835.0,9838.7,9829.0,9829.0,11:20:00,9834.976919773157,2,26
2017-09-27,9829.2,9835.25,9829.2,9835.1,11:25:00,9834.426736937618,2,27
2017-09-27,9821.1,9829.8,9820.3,9829.45,11:30:00,9833.15752389594,2,28
2017-09-27,9823.25,9825.3,9819.95,9821.25,11:35:00,9832.213950191564,2,29
2017-09-27,9824.55,9824.9,9821.1,9823.15,11:40:00,9831.48405017332,2,30
2017-09-27,9827.95,9830.55,9824.5,9824.75,11:45:00,9831.147473966335,2,31
2017-09-27,9819.95,9827.7,9819.45,9827.55,11:50:00,9830.081047874306,2,32
2017-09-27,9824.15,9825.6,9819.65,9819.65,11:55:00,9829.516186171992,2,33
2017-09-27,9816.55,9824.8,9814.35,9824.2,12:00:00,9828.281311298468,2,34
2017-09-27,9822.05,9825.55,9816.15,9816.4,12:05:00,9827.687853079566,2,35
2017-09-27,9818.25,9822.35,9817.5,9821.75,12:10:00,9826.789009929133,2,36
2017-09-27,9818.65,9820.9,9818.0,9818.7,12:15:00,9826.01386612636,2,37
2017-09-27,9810.25,9819.1,9809.1,9818.35,12:20:00,9824.512545542895,2,38
2017-09-27,9805.9,9810.2,9801.2,9810.0,12:25:00,9822.739922157858,2,39
2017-09-27,9791.05,9806.2,9789.35,9805.8,12:30:00,9819.7218343333,2,40
2017-09-27,9792.25,9796.5,9790.35,9791.55,12:35:00,9817.1054691587,2,41
2017-09-27,9791.45,9792.8,9783.8,9792.3,12:40:00,9814.662091143588,2,42
2017-09-27,9804.55,9804.55,9790.5,9791.2,12:45:00,9813.699034844198,2,43
2017-09-27,9804.55,9810.55,9801.25,9804.1,12:50:00,9812.82769819237,2,44
2017-09-27,9801.55,9806.2,9800.75,9804.5,12:55:00,9811.75363169786,2,45
2017-09-27,9797.3,9803.2,9791.9,9801.9,13:00:00,9810.377095345682,2,46
2017-09-27,9790.45,9798.0,9786.9,9797.15,13:05:00,9808.479276741333,2,47
2017-09-27,9797.45,9798.65,9788.5,9790.85,13:10:00,9807.428869432631,2,48
2017-09-27,9809.8,9810.45,9797.6,9797.6,13:15:00,9807.65469139143,2,49
2017-09-27,9801.7,9809.85,9801.4,9809.75,13:20:00,9807.08757792558,2,50
2017-09-27,9807.5,9809.8,9799.15,9801.9,13:25:00,9807.12685621838,2,51
2017-09-27,9804.45,9809.4,9802.85,9809.05,13:30:00,9806.871917530916,2,52
2017-09-27,9797.2,9805.8,9796.85,9805.8,13:35:00,9805.950782527972,2,53
2017-09-27,9798.95,9801.6,9797.3,9799.4,13:40:00,9805.284041334831,2,54
2017-09-27,9804.15,9804.25,9795.75,9800.5,13:45:00,9805.176037398183,2,55
2017-09-27,9804.55,9809.0,9804.3,9804.3,13:50:00,9805.116414788832,2,56
2017-09-27,9801.9,9806.0,9794.9,9806.0,13:55:00,9804.810089570849,2,57
2017-09-27,9792.55,9803.7,9792.55,9802.5,14:00:00,9803.642461992673,2,58
2017-09-27,9780.5,9793.5,9780.5,9793.5,14:05:00,9801.438417993371,2,59
2017-09-27,9779.4,9789.85,9777.25,9780.05,14:10:00,9799.339521041622,2,60
2017-09-27,9777.9,9786.7,9777.2,9780.3,14:15:00,9797.2976618948,2,61
2017-09-27,9751.3,9778.9,9751.3,9777.1,14:20:00,9792.916932190536,2,62
2017-09-27,9758.5,9766.6,9747.1,9753.1,14:25:00,9789.639129124773,2,63
2017-09-27,9755.2,9762.1,9753.65,9757.35,14:30:00,9786.35921206527,2,64
2017-09-27,9738.55,9756.25,9738.55,9755.1,14:35:00,9781.80595377334,2,65
2017-09-27,9748.85,9751.6,9738.5,9738.5,14:40:00,9778.667291509211,2,66
2017-09-27,9744.45,9756.25,9743.65,9751.3,14:45:00,9775.408501841668,2,67
2017-09-27,9730.2,9746.85,9727.25,9744.8,14:50:00,9771.1029302377,2,68
2017-09-27,9739.2,9739.9,9725.15,9730.35,14:55:00,9768.064555929346,2,69
2017-09-27,9742.05,9747.35,9738.6,9738.6,15:00:00,9765.58697917417,2,70
2017-09-27,9736.15,9744.95,9734.8,9743.0,15:05:00,9762.783457348058,2,71
2017-09-27,9726.4,9739.4,9723.05,9735.95,15:10:00,9759.318366172052,2,72
2017-09-27,9731.65,9732.3,9714.4,9729.65,15:15:00,9756.683283679477,2,73
2017-09-27,9739.2,9742.8,9732.3,9734.95,15:20:00,9755.018209043335,2,74
2017-09-27,9738.3,9740.55,9733.95,9738.7,15:25:00,9753.425998658257,2,75
2017-09-28,9728.05,9739.55,9705.3,9734.95,09:15:00,9751.00923688128,3,1
2017-09-28,9717.9,9732.7,9717.75,9726.4,09:20:00,9747.85597622592,3,2
2017-09-28,9710.4,9719.5,9700.1,9717.8,09:25:00,9744.28874039488,3,3
2017-09-28,9693.65,9712.05,9692.65,9711.1,09:30:00,9739.466003214417,3,4
2017-09-28,9694.7,9699.65,9687.55,9693.9,09:35:00,9735.20257433685,3,5
2017-09-28,9713.05,9713.05,9693.25,9694.55,09:40:00,9733.092805352388,3,6
2017-09-28,9730.15,9730.65,9711.95,9713.4,09:45:00,9732.81253817597,3,7
2017-09-28,9731.55,9732.7,9716.45,9730.1,09:50:00,9732.692296444924,3,8
2017-09-28,9726.1,9742.95,9725.95,9731.7,09:55:00,9732.064458688264,3,9
2017-09-28,9732.7,9736.0,9723.4,9726.5,10:00:00,9732.124986432238,3,10
2017-09-28,9748.5,9748.8,9732.1,9733.2,10:05:00,9733.68451153393,3,11
2017-09-28,9745.6,9751.25,9742.1,9749.15,10:10:00,9734.81931995927,3,12
2017-09-28,9734.85,9745.3,9733.25,9745.3,10:15:00,9734.82224186791,3,13
2017-09-28,9742.9,9743.35,9729.7,9735.05,10:20:00,9735.591552166205,3,14
2017-09-28,9744.9,9747.25,9738.75,9742.95,10:25:00,9736.47807100752,3,15
2017-09-28,9741.45,9747.5,9739.85,9745.05,10:30:00,9736.951588054422,3,16
2017-09-28,9741.95,9745.8,9739.85,9741.55,10:35:00,9737.427627287334,3,17
2017-09-28,9748.25,9748.25,9738.6,9742.0,10:40:00,9738.458329450445,3,18
2017-09-28,9755.85,9758.8,9748.45,9748.5,10:45:00,9740.114679026592,3,19
2017-09-28,9755.6,9758.55,9753.05,9755.65,10:50:00,9741.58947150025,3,20
2017-09-28,9745.3,9755.75,9744.15,9755.75,10:55:00,9741.942855166892,3,21
2017-09-28,9737.75,9745.85,9731.6,9744.8,11:00:00,9741.543535627188,3,22
2017-09-28,9740.35,9742.35,9735.75,9737.95,11:05:00,9741.429865567456,3,23
2017-09-28,9742.7,9744.6,9739.05,9740.2,11:10:00,9741.550830751508,3,24
2017-09-28,9740.95,9742.6,9731.1,9742.6,11:15:00,9741.493608775176,3,25
2017-09-28,9739.65,9741.85,9736.65,9741.25,11:20:00,9741.318026987065,3,26
2017-09-28,9746.55,9747.75,9738.7,9739.75,11:25:00,9741.816310131151,3,27
2017-09-28,9743.4,9746.7,9742.55,9746.7,11:30:00,9741.967137737707,3,28
2017-09-28,9747.9,9748.3,9743.65,9743.65,11:35:00,9742.53217223888,3,29
2017-09-28,9745.95,9749.05,9745.15,9747.8,11:40:00,9742.8576796447,3,30
2017-09-28,9742.55,9747.85,9741.45,9745.8,11:45:00,9742.828376821397,3,31
2017-09-28,9746.25,9746.6,9740.9,9742.5,11:50:00,9743.15424569555,3,32
2017-09-28,9746.85,9747.3,9744.35,9746.1,11:55:00,9743.506222295971,3,33
2017-09-28,9751.65,9754.0,9746.55,9746.7,12:00:00,9744.281820172548,3,34
2017-09-28,9743.85,9752.65,9743.0,9751.45,12:05:00,9744.240694441827,3,35
2017-09-28,9738.15,9745.5,9735.95,9743.75,12:10:00,9743.660628304511,3,36
2017-09-28,9738.35,9741.4,9736.25,9738.3,12:15:00,9743.154854180271,3,37
2017-09-28,9743.75,9744.5,9736.3,9737.7,12:20:00,9743.211534734532,3,38
2017-09-28,9741.9,9744.4,9740.55,9743.6,12:25:00,9743.086626664575,3,39
2017-09-28,9743.5,9745.7,9740.75,9741.75,12:30:00,9743.125995553666,3,40
2017-09-28,9735.15,9745.4,9733.55,9743.4,12:35:00,9742.366376929507,3,41
2017-09-28,9725.1,9735.7,9723.0,9735.7,12:40:00,9740.72196007908,3,42
2017-09-28,9722.15,9728.65,9721.85,9725.75,12:45:00,9738.95320197631,3,43
2017-09-28,9723.0,9725.2,9721.35,9721.9,12:50:00,9737.433849407138,3,44
2017-09-28,9715.85,9723.1,9709.25,9723.1,12:55:00,9735.378244701697,3,45
2017-09-28,9710.3,9716.7,9703.9,9715.8,13:00:00,9732.989840444392,3,46
2017-09-28,9715.0,9718.8,9703.65,9709.5,13:05:00,9731.27652230683,3,47
2017-09-28,9704.35,9720.15,9704.25,9715.15,13:10:00,9728.712091610943,3,48
2017-09-28,9719.4,9719.7,9701.05,9704.1,13:15:00,9727.825225743234,3,49
2017-09-28,9724.75,9724.75,9711.4,9719.75,13:20:00,9727.532347101022,3,50
2017-09-28,9736.9,9737.05,9724.1,9724.3,13:25:00,9728.424504519971,3,51
2017-09-28,9728.4,9737.75,9725.5,9736.8,13:30:00,9728.422170756166,3,52
2017-09-28,9725.95,9731.3,9725.85,9729.4,13:35:00,9728.186725922244,3,53
2017-09-28,9717.15,9726.1,9716.6,9726.1,13:40:00,9727.135609167744,3,54
2017-09-28,9718.1,9720.8,9715.2,9717.05,13:45:00,9726.275074961291,3,55
2017-09-28,9720.55,9721.1,9715.25,9717.8,13:50:00,9725.729829726884,3,56
2017-09-28,9728.2,9728.2,9717.75,9721.1,13:55:00,9725.965084038608,3,57
2017-09-28,9735.95,9736.15,9727.4,9728.35,14:00:00,9726.916028415882,3,58
2017-09-28,9745.9,9745.9,9735.25,9736.0,14:05:00,9728.724025709607,3,59
2017-09-28,9745.0,9749.85,9744.8,9746.0,14:10:00,9730.274118499168,3,60
2017-09-28,9741.0,9750.25,9741.0,9745.1,14:15:00,9731.295631023058,3,61
2017-09-28,9741.4,9741.4,9730.75,9741.3,14:20:00,9732.257951878006,3,62
2017-09-28,9747.2,9747.6,9740.1,9741.2,14:25:00,9733.6810040801,3,63
2017-09-28,9754.8,9756.8,9746.35,9747.0,14:30:00,9735.692337024851,3,64
2017-09-28,9743.65,9755.85,9743.65,9755.2,14:35:00,9736.450209689152,3,65
2017-09-28,9741.8,9747.35,9738.15,9744.1,14:40:00,9736.95971352828,3,66
2017-09-28,9734.95,9743.85,9730.25,9742.15,14:45:00,9736.768312239872,3,67
2017-09-28,9738.35,9738.35,9730.05,9735.55,14:50:00,9736.918949169409,3,68
2017-09-28,9757.65,9757.95,9737.8,9737.95,14:55:00,9738.893334962797,3,69
2017-09-28,9776.8,9789.2,9758.95,9759.45,15:00:00,9742.503493537768,3,70
2017-09-28,9765.95,9780.55,9765.9,9776.7,15:05:00,9744.73649415322,3,71
2017-09-28,9764.05,9766.4,9758.35,9766.4,15:10:00,9746.575875662436,3,72
2017-09-28,9765.05,9766.9,9759.75,9763.7,15:15:00,9748.335316075538,3,73
2017-09-28,9764.9,9771.45,9763.65,9764.8,15:20:00,9749.912905020725,3,74
2017-09-28,9758.3,9768.45,9757.35,9767.85,15:25:00,9750.711675971132,3,75
2017-09-29,9807.3,9816.4,9796.25,9809.85,09:15:00,9756.101040164356,4,1
2017-09-29,9809.7,9819.55,9805.85,9807.15,09:20:00,9761.205703005846,4,2
2017-09-29,9822.95,9824.25,9808.1,9809.4,09:25:00,9767.086112243383,4,3
2017-09-29,9814.85,9827.35,9808.05,9823.15,09:30:00,9771.63505393449,4,4
2017-09-29,9819.15,9823.65,9814.85,9815.35,09:35:00,9776.16028689311,4,5
2017-09-29,9822.75,9826.85,9817.5,9819.55,09:40:00,9780.5974024271,4,6
2017-09-29,9811.8,9823.0,9811.8,9822.15,09:45:00,9783.569078386425,4,7
2017-09-29,9817.4,9817.4,9808.8,9812.6,09:50:00,9786.791070921052,4,8
2017-09-29,9821.45,9824.95,9816.9,9817.5,09:55:00,9790.091921309524,4,9
2017-09-29,9814.95,9824.05,9813.0,9821.25,10:00:00,9792.459357375285,4,10
2017-09-29,9801.5,9816.65,9801.5,9815.25,10:05:00,9793.320370958589,4,11
2017-09-29,9806.8,9806.9,9795.9,9801.65,10:10:00,9794.604145153007,4,12
2017-09-29,9809.65,9812.9,9806.95,9807.0,10:15:00,9796.037083709864,4,13
2017-09-29,9808.45,9810.9,9806.4,9809.35,10:20:00,9797.219266213688,4,14
2017-09-29,9809.5,9810.4,9804.15,9808.5,10:25:00,9798.388859907622,4,15
2017-09-29,9811.8,9815.05,9809.3,9809.65,10:30:00,9799.666111344992,4,16
2017-09-29,9809.05,9811.85,9805.65,9811.5,10:35:00,9800.55981502642,4,17
2017-09-29,9808.05,9810.2,9805.9,9809.0,10:40:00,9801.273165976285,4,18
2017-09-29,9814.75,9814.85,9804.5,9808.1,10:45:00,9802.556673978544,4,19
2017-09-29,9818.45,9819.0,9812.2,9814.9,10:50:00,9804.070324075828,4,20
2017-09-29,9820.25,9820.85,9816.7,9818.65,10:55:00,9805.611245592414,4,21
2017-09-29,9816.6,9820.95,9813.95,9820.55,11:00:00,9806.657793631231,4,22
2017-09-29,9813.3,9817.4,9809.65,9816.7,11:05:00,9807.290384713971,4,23
2017-09-29,9816.45,9816.65,9812.15,9813.4,11:10:00,9808.162729026926,4,24
2017-09-29,9817.4,9818.15,9814.85,9816.8,11:15:00,9809.0424691196,4,25
2017-09-29,9812.9,9818.5,9812.05,9816.6,11:20:00,9809.40985301297,4,26
2017-09-29,9815.25,9816.4,9811.75,9812.55,11:25:00,9809.966057487924,4,27
2017-09-29,9816.1,9816.5,9813.65,9815.35,11:30:00,9810.550242489076,4,28
2017-09-29,9817.65,9818.75,9815.2,9815.95,11:35:00,9811.226409871068,4,29
2017-09-29,9818.0,9819.6,9815.65,9817.9,11:40:00,9811.87151369287,4,30
2017-09-29,9821.55,9822.25,9816.8,9816.95,11:45:00,9812.793274293548,4,31
2017-09-29,9826.1,9827.8,9821.45,9821.45,11:50:00,9814.060581503689,4,32
2017-09-29,9823.85,9828.8,9823.55,9825.55,11:55:00,9814.992907074764,4,33
2017-09-29,9826.7,9827.25,9823.4,9823.55,12:00:00,9816.10786830574,4,34
2017-09-29,9830.8,9831.65,9826.25,9826.25,12:05:00,9817.507118943287,4,35
2017-09-29,9829.4,9831.55,9827.8,9830.65,12:10:00,9818.639774282025,4,36
2017-09-29,9832.6,9833.8,9829.1,9829.45,12:15:00,9819.969319588496,4,37
2017-09-29,9837.55,9839.05,9831.15,9832.45,12:20:00,9821.643670103878,4,38
2017-09-29,9834.25,9839.15,9831.4,9837.05,12:25:00,9822.844272951128,4,39
2017-09-29,9833.35,9835.2,9830.65,9834.2,12:30:00,9823.844818384354,4,40
2017-09-29,9831.1,9833.4,9828.7,9832.75,12:35:00,9824.535788062034,4,41
2017-09-29,9827.9,9832.2,9827.65,9831.45,12:40:00,9824.856189198985,4,42
2017-09-29,9829.6,9830.8,9827.2,9828.05,12:45:00,9825.30798070384,4,43
2017-09-29,9826.9,9830.3,9826.25,9829.45,12:50:00,9825.45960158919,4,44
2017-09-29,9832.3,9832.8,9826.7,9827.2,12:55:00,9826.111068104505,4,45
2017-09-29,9833.5,9834.0,9830.25,9831.85,13:00:00,9826.814775904077,4,46
2017-09-29,9834.8,9836.3,9833.05,9833.55,13:05:00,9827.57527343702,4,47
2017-09-29,9834.15,9836.5,9832.85,9835.15,13:10:00,9828.20143787159,4,48
2017-09-29,9833.9,9835.25,9832.35,9834.0,13:15:00,9828.744158074294,4,49
2017-09-29,9841.85,9841.85,9833.5,9833.6,13:20:00,9829.992333495791,4,50
2017-09-29,9841.5,9845.1,9839.65,9841.65,13:25:00,9831.088301734288,4,51
2017-09-29,9849.85,9851.55,9838.7,9842.1,13:30:00,9832.875130140546,4,52
2017-09-29,9852.0,9853.9,9848.6,9850.65,13:35:00,9834.696546317637,4,53
2017-09-29,9850.35,9854.0,9850.3,9852.95,13:40:00,9836.187351430242,4,54
2017-09-29,9843.05,9851.6,9842.8,9851.6,13:45:00,9836.840937008314,4,55
2017-09-29,9842.55,9848.1,9840.2,9844.3,13:50:00,9837.384657293236,4,56
2017-09-29,9847.85,9850.35,9843.05,9844.2,13:55:00,9838.381356598642,4,57
2017-09-29,9849.1,9850.6,9846.15,9849.2,14:00:00,9839.402179779723,4,58
2017-09-29,9846.0,9851.25,9845.85,9850.7,14:05:00,9840.030543610226,4,59
2017-09-29,9849.9,9851.4,9844.85,9847.45,14:10:00,9840.970491837825,4,60
2017-09-29,9842.35,9851.9,9842.35,9850.85,14:15:00,9841.101873567555,4,61
2017-09-29,9830.8,9843.75,9827.35,9843.75,14:20:00,9840.120742751598,4,62
2017-09-29,9821.6,9834.0,9819.55,9833.0,14:25:00,9838.356862489542,4,63
2017-09-29,9802.25,9825.45,9802.25,9821.1,14:30:00,9834.918113681011,4,64
2017-09-29,9812.05,9814.5,9799.3,9802.35,14:35:00,9832.740198092346,4,65
2017-09-29,9816.65,9822.9,9808.45,9812.5,14:40:00,9831.207798274028,4,66
2017-09-29,9808.9,9819.15,9808.15,9816.15,14:45:00,9829.083246057451,4,67
2017-09-29,9813.8,9814.65,9805.45,9808.15,14:50:00,9827.627698813883,4,68
2017-09-29,9810.85,9816.25,9808.8,9812.7,14:55:00,9826.029822736373,4,69
2017-09-29,9799.1,9811.2,9793.2,9809.45,15:00:00,9823.46507771386,4,70
2017-09-29,9785.1,9799.05,9784.95,9798.05,15:05:00,9819.811260788729,4,71
2017-09-29,9784.15,9787.75,9775.35,9783.0,15:10:00,9816.414950237422,4,72
2017-09-29,9784.5,9786.65,9777.7,9783.8,15:15:00,9813.375431167193,4,73
2017-09-29,9789.15,9790.5,9780.3,9783.95,15:20:00,9811.068247246503,4,74
2017-09-29,9782.65,9788.75,9782.0,9788.75,15:25:00,9808.36174750874,4,75
2017-10-03,9860.6,9895.4,9849.5,9888.25,09:15:00,9813.336819174576,1,1
2017-10-03,9847.7,9866.35,9847.7,9861.05,09:20:00,9816.609503062711,1,2
2017-10-03,9841.45,9853.95,9832.6,9847.65,09:25:00,9818.975264675786,1,3
2017-10-03,9851.5,9853.2,9837.1,9840.95,09:30:00,9822.072858516189,1,4
2017-10-03,9844.5,9853.0,9838.15,9851.75,09:35:00,9824.20877675274,1,5
2017-10-03,9852.35,9852.7,9841.2,9844.9,09:40:00,9826.88889325248,1,6
2017-10-03,9850.15,9853.0,9845.5,9852.75,09:45:00,9829.104236752244,1,7
2017-10-03,9854.6,9855.25,9845.6,9849.9,09:50:00,9831.532404680602,1,8
2017-10-03,9850.15,9856.95,9850.15,9854.8,09:55:00,9833.305508996737,1,9
2017-10-03,9847.15,9855.55,9845.7,9850.0,10:00:00,9834.624031949428,1,10
2017-10-03,9840.25,9848.4,9831.75,9846.7,10:05:00,9835.159838430434,1,11
2017-10-03,9839.55,9841.3,9831.05,9840.3,10:10:00,9835.577949056107,1,12
2017-10-03,9839.6,9845.0,9838.3,9839.5,10:15:00,9835.961001526954,1,13
2017-10-03,9834.25,9842.15,9833.2,9839.7,10:20:00,9835.798049000578,1,14
2017-10-03,9847.4,9847.85,9834.5,9834.6,10:25:00,9836.902996714807,1,15
2017-10-03,9846.3,9848.5,9844.15,9846.95,10:30:00,9837.797949408638,1,16
2017-10-03,9848.2,9849.75,9846.45,9846.65,10:35:00,9838.788620893529,1,17
2017-10-03,9850.35,9852.95,9847.7,9847.9,10:40:00,9839.889704617955,1,18
2017-10-03,9853.95,9855.55,9848.05,9849.95,10:45:00,9841.228780368629,1,19
2017-10-03,9856.95,9857.4,9853.4,9853.8,10:50:00,9842.72603938114,1,20
2017-10-03,9852.5,9858.75,9851.45,9857.35,10:55:00,9843.656892773412,1,21
2017-10-03,9855.25,9855.55,9850.35,9852.55,11:00:00,9844.760998223564,1,22
2017-10-03,9862.45,9863.3,9853.3,9854.9,11:05:00,9846.445665059417,1,23
2017-10-03,9865.05,9867.1,9860.85,9862.35,11:10:00,9848.217506482328,1,24
2017-10-03,9864.95,9866.45,9863.1,9865.25,11:15:00,9849.811077293534,1,25
2017-10-03,9868.4,9869.8,9864.55,9864.55,11:20:00,9851.581450884629,1,26
2017-10-03,9863.85,9868.4,9860.95,9868.35,11:25:00,9852.74988413371,1,27
2017-10-03,9867.6,9867.95,9863.3,9863.3,11:30:00,9854.16418088288,1,28
2017-10-03,9862.7,9868.85,9862.7,9867.55,11:35:00,9854.97711603689,1,29
2017-10-03,9864.7,9865.4,9861.3,9863.05,11:40:00,9855.903104985757,1,30
2017-10-03,9860.95,9866.8,9860.9,9864.6,11:45:00,9856.38376165378,1,31
2017-10-03,9863.55,9864.45,9857.8,9860.15,11:50:00,9857.066260543896,1,32
2017-10-03,9869.05,9870.6,9863.05,9863.45,11:55:00,9858.207569063525,1,33
2017-10-03,9866.0,9869.7,9865.2,9869.0,12:00:00,9858.94970534319,1,34
2017-10-03,9865.1,9867.7,9863.05,9866.35,12:05:00,9859.535447691456,1,35
2017-10-03,9860.6,9865.5,9859.65,9865.0,12:10:00,9859.636833625604,1,36
2017-10-03,9861.35,9863.45,9860.0,9860.0,12:15:00,9859.799992327926,1,37
2017-10-03,9861.45,9862.8,9858.85,9861.75,12:20:00,9859.957135915742,1,38
2017-10-03,9865.95,9867.0,9860.85,9861.75,12:25:00,9860.527884876148,1,39
2017-10-03,9863.1,9867.0,9863.1,9866.2,12:30:00,9860.772848221275,1,40
2017-10-03,9863.5,9864.25,9860.7,9863.25,12:35:00,9861.032576962109,1,41
2017-10-03,9867.95,9869.0,9863.3,9863.3,12:40:00,9861.691379156193,1,42
2017-10-03,9868.35,9871.6,9867.85,9868.05,12:45:00,9862.325533522271,1,43
2017-10-03,9868.35,9870.4,9867.6,9868.25,12:50:00,9862.899292234437,1,44
2017-10-03,9869.15,9869.95,9864.5,9868.55,12:55:00,9863.494597735918,1,45
2017-10-03,9864.05,9870.05,9863.95,9869.55,13:00:00,9863.54749318964,1,46
2017-10-03,9857.7,9864.75,9851.25,9864.35,13:05:00,9862.990589076342,1,47
2017-10-03,9858.1,9859.15,9855.35,9857.75,13:10:00,9862.52481868812,1,48
2017-10-03,9858.5,9860.3,9857.35,9858.0,13:15:00,9862.141502622584,1,49
2017-10-03,9850.85,9859.4,9850.85,9858.35,13:20:00,9861.066121420432,1,50
2017-10-03,9836.75,9851.35,9834.8,9850.75,13:25:00,9858.750300332773,1,51
2017-10-03,9840.9,9844.45,9836.85,9837.05,13:30:00,9857.050271729651,1,52
2017-10-03,9842.4,9843.2,9836.6,9840.85,13:35:00,9855.655007755398,1,53
2017-10-03,9842.2,9843.3,9835.2,9843.05,13:40:00,9854.37357844536,1,54
2017-10-03,9849.05,9849.9,9841.6,9842.1,13:45:00,9853.866570974373,1,55
2017-10-03,9842.95,9849.95,9841.55,9849.3,13:50:00,9852.82689754824,1,56
2017-10-03,9849.85,9850.4,9842.4,9842.55,13:55:00,9852.543383496028,1,57
2017-10-03,9843.75,9850.0,9842.45,9849.35,14:00:00,9851.705918401169,1,58
2017-10-03,9846.2,9849.1,9842.6,9842.6,14:05:00,9851.181545220104,1,59
2017-10-03,9847.45,9854.25,9846.05,9846.05,14:10:00,9850.826159961049,1,60
2017-10-03,9850.9,9854.45,9845.85,9847.9,14:15:00,9850.833192345708,1,61
2017-10-03,9858.6,9859.85,9851.55,9851.8,14:20:00,9851.572888312783,1,62
2017-10-03,9860.9,9865.0,9859.05,9859.15,14:25:00,9852.461184663947,1,63
2017-10-03,9865.15,9868.4,9861.45,9862.7,14:30:00,9853.66964326738,1,64
2017-10-03,9864.75,9867.3,9863.25,9865.6,14:35:00,9854.724915337154,1,65
2017-10-03,9855.2,9867.05,9854.85,9865.6,14:40:00,9854.77016149552,1,66
2017-10-03,9855.45,9859.0,9854.65,9856.7,14:45:00,9854.834908019757,1,67
2017-10-03,9860.2,9861.0,9853.9,9856.55,14:50:00,9855.345869160734,1,68
2017-10-03,9859.35,9865.6,9858.85,9861.5,14:55:00,9855.72721495495,1,69
2017-10-03,9863.25,9865.95,9859.7,9859.7,15:00:00,9856.443670673529,1,70
2017-10-03,9861.65,9866.05,9861.55,9863.8,15:05:00,9856.939511561764,1,71
2017-10-03,9861.4,9864.45,9859.2,9863.3,15:10:00,9857.364319984452,1,72
2017-10-03,9859.9,9862.6,9855.45,9862.6,15:15:00,9857.605813319266,1,73
2017-10-03,9861.0,9861.8,9857.1,9860.8,15:20:00,9857.92906919362,1,74
2017-10-03,9854.8,9861.4,9854.25,9860.6,15:25:00,9857.63106260375,1,75
2017-10-04,9857.95,9885.2,9852.25,9882.25,09:15:00,9857.66143759387,2,1
2017-10-04,9865.3,9866.55,9850.65,9855.55,09:20:00,9858.388919727786,2,2
2017-10-04,9865.25,9865.25,9856.25,9862.35,09:25:00,9859.042355944186,2,3
2017-10-04,9872.75,9876.25,9862.65,9862.65,09:30:00,9860.347845854263,2,4
2017-10-04,9876.95,9881.05,9872.4,9872.4,09:35:00,9861.929003391951,2,5
2017-10-04,9882.3,9883.4,9875.85,9876.85,09:40:00,9863.869098307005,2,6
2017-10-04,9877.8,9883.0,9877.8,9882.75,09:45:00,9865.195850849192,2,7
2017-10-04,9883.75,9886.5,9877.25,9878.05,09:50:00,9866.96291267308,2,8
2017-10-04,9886.6,9887.2,9881.75,9883.95,09:55:00,9868.83311146612,2,9
2017-10-04,9895.55,9900.75,9885.75,9886.05,10:00:00,9871.377577040774,2,10
2017-10-04,9891.7,9897.3,9888.65,9895.35,10:05:00,9873.313045894034,2,11
2017-10-04,9902.15,9904.95,9891.65,9891.65,10:10:00,9876.059422475551,2,12
2017-10-04,9905.75,9906.85,9899.0,9901.9,10:15:00,9878.8870965255,2,13
2017-10-04,9903.95,9907.55,9903.3,9906.15,10:20:00,9881.27403971355,2,14
2017-10-04,9909.4,9910.05,9901.4,9903.55,10:25:00,9883.952702597971,2,15
2017-10-04,9909.4,9910.8,9905.6,9909.15,10:30:00,9886.3762547315,2,16
2017-10-04,9914.45,9914.45,9908.15,9909.5,10:35:00,9889.049944757073,2,17
2017-10-04,9911.25,9916.05,9910.75,9914.6,10:40:00,9891.164235732587,2,18
2017-10-04,9905.6,9911.4,9905.15,9911.15,10:45:00,9892.539070424722,2,19
2017-10-04,9902.5,9905.9,9901.05,9905.35,10:50:00,9893.487730384271,2,20
2017-10-04,9902.95,9903.75,9900.6,9902.2,10:55:00,9894.388898919104,2,21
2017-10-04,9905.5,9907.65,9902.7,9903.0,11:00:00,9895.447099022049,2,22
2017-10-04,9911.55,9912.05,9905.4,9905.55,11:05:00,9896.980708638996,2,23
2017-10-04,9913.85,9915.3,9909.65,9911.4,11:10:00,9898.587307816231,2,24
2017-10-04,9913.4,9915.6,9912.25,9913.65,11:15:00,9899.998040405164,2,25
2017-10-04,9911.75,9913.95,9909.85,9913.2,11:20:00,9901.117274652292,2,26
2017-10-04,9912.45,9913.0,9910.0,9911.35,11:25:00,9902.196581828262,2,27
2017-10-04,9912.75,9913.3,9911.4,9912.2,11:30:00,9903.20166927319,2,28
2017-10-04,9913.35,9913.5,9909.5,9912.65,11:35:00,9904.16817696146,2,29
2017-10-04,9914.75,9917.5,9911.45,9913.1,11:40:00,9905.175969631797,2,30
2017-10-04,9916.05,9916.95,9913.8,9914.8,11:45:00,9906.211591571626,2,31
2017-10-04,9911.9,9917.1,9910.6,9916.0,11:50:00,9906.75334475528,2,32
2017-10-04,9913.75,9916.1,9911.4,9911.7,11:55:00,9907.419692873826,2,33
2017-10-04,9915.1,9915.1,9911.85,9913.45,12:00:00,9908.151150695365,2,34
2017-10-04,9915.2,9915.45,9913.05,9914.85,12:05:00,9908.822469676756,2,35
2017-10-04,9918.95,9918.95,9914.55,9915.35,12:10:00,9909.786996374209,2,36
2017-10-04,9919.4,9919.9,9917.3,9919.4,12:15:00,9910.702520529048,2,37
2017-10-04,9917.65,9921.45,9915.9,9919.45,12:20:00,9911.364185240564,2,38
2017-10-04,9913.1,9919.45,9912.45,9917.9,12:25:00,9911.52950093194,2,39
2017-10-04,9916.0,9918.8,9910.9,9912.9,12:30:00,9911.955262747946,2,40
2017-10-04,9918.5,9919.6,9912.65,9916.1,12:35:00,9912.578571057666,2,41
2017-10-04,9919.65,9920.75,9917.35,9918.85,12:40:00,9913.252040480746,2,42
2017-10-04,9923.3,9923.7,9919.2,9919.4,12:45:00,9914.208989006387,2,43
2017-10-04,9918.3,9924.45,9914.9,9923.45,12:50:00,9914.598609101018,2,44
2017-10-04,9917.15,9919.65,9914.4,9918.35,12:55:00,9914.841598710444,2,45
2017-10-04,9917.85,9919.1,9916.6,9917.35,13:00:00,9915.128113118972,2,46
2017-10-04,9920.1,9921.35,9916.65,9917.8,13:05:00,9915.60162615526,2,47
2017-10-04,9918.75,9921.25,9917.8,9919.75,13:10:00,9915.901471283332,2,48
2017-10-04,9917.55,9920.85,9916.3,9919.0,13:15:00,9916.058474018251,2,49
2017-10-04,9921.65,9926.8,9917.3,9917.65,13:20:00,9916.591000302227,2,50
2017-10-04,9922.4,9923.45,9918.75,9921.75,13:25:00,9917.144238368684,2,51
2017-10-04,9923.15,9926.65,9920.85,9923.6,13:30:00,9917.716215666904,2,52
2017-10-04,9921.15,9925.65,9919.55,9925.65,13:35:00,9918.043242746246,2,53
2017-10-04,9923.4,9924.5,9921.2,9922.7,13:40:00,9918.553410103748,2,54
2017-10-04,9923.2,9925.5,9921.5,9924.75,13:45:00,9918.99594247482,2,55
2017-10-04,9909.15,9924.25,9909.15,9924.25,13:50:00,9918.058233667694,2,56
2017-10-04,9909.25,9913.05,9907.35,9908.95,13:55:00,9917.219354270772,2,57
2017-10-04,9908.35,9911.9,9905.25,9910.3,14:00:00,9916.374653864032,2,58
2017-10-04,9911.45,9913.7,9907.9,9909.45,14:05:00,9915.905639210316,2,59
2017-10-04,9907.65,9913.1,9905.0,9913.1,14:10:00,9915.119387856954,2,60
2017-10-04,9914.75,9915.0,9904.2,9909.6,14:15:00,9915.084208061053,2,61
2017-10-04,9916.7,9917.9,9913.45,9915.15,14:20:00,9915.23809300762,2,62
2017-10-04,9913.55,9918.75,9907.95,9918.0,14:25:00,9915.07732224499,2,63
2017-10-04,9898.8,9916.65,9895.85,9915.55,14:30:00,9913.5271010788,2,64
2017-10-04,9929.05,9929.45,9900.2,9900.4,14:35:00,9915.00547240463,2,65
2017-10-04,9934.9,9936.1,9926.4,9931.6,14:40:00,9916.900189318474,2,66
2017-10-04,9930.85,9938.3,9925.95,9935.5,14:45:00,9918.228742716714,2,67
2017-10-04,9929.45,9933.6,9926.25,9932.3,14:50:00,9919.29743388655,2,68
2017-10-04,9930.9,9934.7,9929.05,9930.65,14:55:00,9920.402440183068,2,69
2017-10-04,9924.55,9932.25,9922.85,9931.7,15:00:00,9920.797445879918,2,70
2017-10-04,9907.05,9924.65,9906.85,9924.1,15:05:00,9919.488165319926,2,71
2017-10-04,9911.0,9912.35,9900.25,9906.55,15:10:00,9918.679768622793,2,72
2017-10-04,9911.8,9914.5,9904.95,9911.85,15:15:00,9918.024552563478,2,73
2017-10-04,9923.1,9924.15,9909.3,9911.6,15:20:00,9918.507928509813,2,74
2017-10-04,9925.45,9927.8,9921.9,9923.2,15:25:00,9919.169078175544,2,75
2017-10-05,9918.4,9928.95,9911.55,9923.2,09:15:00,9919.095832635016,3,1
2017-10-05,9925.05,9931.05,9913.95,9918.5,09:20:00,9919.662896193588,3,2
2017-10-05,9929.55,9929.85,9922.65,9925.4,09:25:00,9920.604525127532,3,3
2017-10-05,9920.05,9931.2,9919.65,9929.6,09:30:00,9920.551713210623,3,4
2017-10-05,9924.9,9926.1,9919.05,9919.95,09:35:00,9920.965835761994,3,5
2017-10-05,9926.95,9929.95,9921.4,9925.0,09:40:00,9921.535756165613,3,6
2017-10-05,9930.45,9930.55,9925.15,9927.2,09:45:00,9922.384731768889,3,7
2017-10-05,9931.65,9935.55,9929.95,9930.1,09:50:00,9923.267138267089,3,8
2017-10-05,9938.6,9940.7,9931.75,9931.95,09:55:00,9924.72741081308,3,9
2017-10-05,9944.75,9945.95,9938.4,9938.5,10:00:00,9926.634324068978,3,10
2017-10-05,9935.6,9945.15,9935.55,9944.2,10:05:00,9927.488197967172,3,11
2017-10-05,9936.5,9938.15,9933.8,9935.5,10:10:00,9928.346464827442,3,12
2017-10-05,9930.6,9939.3,9927.55,9936.45,10:15:00,9928.561087224827,3,13
2017-10-05,9930.05,9933.65,9929.45,9930.15,10:20:00,9928.702888441512,3,14
2017-10-05,9921.8,9930.4,9921.1,9929.25,10:25:00,9928.0454704947,3,15
2017-10-05,9910.7,9922.15,9904.65,9921.5,10:30:00,9926.393520923775,3,16
2017-10-05,9913.85,9918.15,9910.9,9910.9,10:35:00,9925.198899883417,3,17
2017-10-05,9906.7,9914.3,9902.9,9913.8,10:40:00,9923.43709989452,3,18
2017-10-05,9912.9,9913.75,9905.7,9906.25,10:45:00,9922.433566571231,3,19
2017-10-05,9916.05,9916.05,9910.1,9912.65,10:50:00,9921.825607850164,3,20
2017-10-05,9911.3,9915.95,9910.0,9915.95,10:55:00,9920.82316900729,3,21
2017-10-05,9903.8,9911.05,9902.6,9911.05,11:00:00,9919.20191481612,3,22
2017-10-05,9907.65,9908.55,9898.45,9903.2,11:05:00,9918.10173245268,3,23
2017-10-05,9904.5,9910.05,9903.9,9907.7,11:10:00,9916.806329361949,3,24
2017-10-05,9906.65,9907.1,9902.35,9904.3,11:15:00,9915.839059898906,3,25
2017-10-05,9908.75,9909.0,9905.4,9906.8,11:20:00,9915.163911337106,3,26
2017-10-05,9905.85,9910.6,9905.8,9908.25,11:25:00,9914.276872162143,3,27
2017-10-05,9906.95,9908.15,9905.8,9906.0,11:30:00,9913.579074813368,3,28
2017-10-05,9904.35,9909.65,9903.9,9907.4,11:35:00,9912.700115307332,3,29
2017-10-05,9901.7,9906.35,9900.9,9904.2,11:40:00,9911.652485278062,3,30
2017-10-05,9896.6,9902.35,9893.65,9901.2,11:45:00,9910.21891525158,3,31
2017-10-05,9898.8,9900.2,9895.2,9896.0,11:50:00,9909.131399513337,3,32
2017-10-05,9899.15,9901.95,9897.5,9898.3,11:55:00,9908.180790035874,3,33
2017-10-05,9895.25,9900.55,9892.95,9899.05,12:00:00,9906.949286222934,3,34
2017-10-05,9893.9,9898.25,9893.3,9894.3,12:05:00,9905.706497058844,3,35
2017-10-05,9897.45,9898.2,9893.3,9894.5,12:10:00,9904.920164005622,3,36
2017-10-05,9896.85,9898.9,9895.55,9897.8,12:15:00,9904.151576957467,3,37
2017-10-05,9897.4,9898.85,9895.8,9897.3,12:20:00,9903.508569628184,3,38
2017-10-05,9903.05,9906.4,9896.75,9896.8,12:25:00,9903.46489633026,3,39
2017-10-05,9904.35,9905.3,9901.65,9902.3,12:30:00,9903.549191917857,3,40
2017-10-05,9902.25,9906.8,9901.85,9903.9,12:35:00,9903.42545935425,3,41
2017-10-05,9896.6,9903.15,9895.45,9903.15,12:40:00,9902.775415606226,3,42
2017-10-05,9900.85,9901.25,9896.35,9897.0,12:45:00,9902.592042691347,3,43
2017-10-05,9905.05,9905.65,9900.2,9900.95,12:50:00,9902.8261338636,3,44
2017-10-05,9900.8,9906.55,9900.5,9905.0,12:55:00,9902.633168733732,3,45
2017-10-05,9901.45,9902.65,9898.75,9901.5,13:00:00,9902.520485997187,3,46
2017-10-05,9903.1,9906.95,9900.45,9901.25,13:05:00,9902.57567780698,3,47
2017-10-05,9907.1,9908.35,9903.3,9903.6,13:10:00,9903.006565634883,3,48
2017-10-05,9903.9,9907.9,9903.3,9907.15,13:15:00,9903.09165462204,3,49
2017-10-05,9902.05,9906.5,9901.8,9904.6,13:20:00,9902.99244941994,3,50
2017-10-05,9898.65,9902.85,9897.85,9901.65,13:25:00,9902.57888280852,3,51
2017-10-05,9901.85,9902.55,9898.5,9898.7,13:30:00,9902.509465398183,3,52
2017-10-05,9904.75,9905.6,9901.15,9902.65,13:35:00,9902.722849645974,3,53
2017-10-05,9914.45,9914.9,9904.7,9904.7,13:40:00,9903.839721108265,3,54
2017-10-05,9918.05,9920.45,9913.3,9914.5,13:45:00,9905.193081002715,3,55
2017-10-05,9915.15,9918.95,9915.15,9918.95,13:50:00,9906.141359002457,3,56
2017-10-05,9918.7,9920.45,9914.9,9915.65,13:55:00,9907.337420049842,3,57
2017-10-05,9915.9,9922.55,9915.45,9919.4,14:00:00,9908.15290385462,3,58
2017-10-05,9906.2,9918.0,9905.75,9917.75,14:05:00,9907.966913011323,3,59
2017-10-05,9908.95,9912.25,9907.15,9907.95,14:10:00,9908.060540343578,3,60
2017-10-05,9911.7,9913.3,9908.65,9908.8,14:15:00,9908.407155548952,3,61
2017-10-05,9908.7,9915.3,9908.45,9911.5,14:20:00,9908.43504549667,3,62
2017-10-05,9910.95,9913.3,9907.3,9908.3,14:25:00,9908.674564973177,3,63
2017-10-05,9908.05,9912.35,9908.05,9912.05,14:30:00,9908.61508259478,3,64
2017-10-05,9907.5,9909.8,9904.0,9909.8,14:35:00,9908.50888425242,3,65
2017-10-05,9910.7,9913.35,9908.5,9909.25,14:40:00,9908.717561942663,3,66
2017-10-05,9909.0,9911.65,9906.8,9910.85,14:45:00,9908.744460805268,3,67
2017-10-05,9908.2,9910.65,9907.9,9909.3,14:50:00,9908.692607395242,3,68
2017-10-05,9900.2,9909.8,9900.0,9908.15,14:55:00,9907.883787643314,3,69
2017-10-05,9898.35,9901.85,9897.05,9901.8,15:00:00,9906.97580786776,3,70
2017-10-05,9889.45,9900.75,9889.45,9900.75,15:05:00,9905.306683308929,3,71
2017-10-05,9883.7,9891.2,9881.85,9891.2,15:10:00,9903.24890394617,3,72
2017-10-05,9887.4,9888.45,9882.25,9884.35,15:15:00,9901.739484522726,3,73
2017-10-05,9886.85,9888.4,9884.05,9888.1,15:20:00,9900.321438377705,3,74
2017-10-05,9887.45,9888.85,9885.0,9887.65,15:25:00,9899.095587103637,3,75
2017-10-06,9935.15,9936.1,9906.6,9906.6,09:15:00,9902.529340712816,4,1
2017-10-06,9937.65,9939.5,9932.7,9935.55,09:20:00,9905.874165406833,4,2
2017-10-06,9933.95,9938.0,9930.05,9938.0,09:25:00,9908.548054415707,4,3
2017-10-06,9931.0,9934.25,9928.95,9934.15,09:30:00,9910.686334947544,4,4
2017-10-06,9929.9,9932.3,9928.3,9930.7,09:35:00,9912.516207809684,4,5
2017-10-06,9934.15,9936.2,9929.3,9930.25,09:40:00,9914.576568970666,4,6
2017-10-06,9944.45,9945.85,9933.85,9933.95,09:45:00,9917.421657640129,4,7
2017-10-06,9949.75,9949.75,9942.8,9944.05,09:50:00,9920.500547388689,4,8
2017-10-06,9955.05,9955.85,9948.8,9949.85,09:55:00,9923.790971446908,4,9
2017-10-06,9949.95,9956.7,9948.05,9954.4,10:00:00,9926.282307499583,4,10
2017-10-06,9952.25,9952.75,9947.5,9949.4,10:05:00,9928.755421071051,4,11
2017-10-06,9958.9,9958.9,9952.05,9952.05,10:10:00,9931.62633335,4,12
2017-10-06,9953.05,9960.8,9953.05,9958.55,10:15:00,9933.66668255476,4,13
2017-10-06,9953.2,9954.25,9951.1,9952.75,10:20:00,9935.526998501926,4,14
2017-10-06,9956.65,9957.3,9952.2,9952.45,10:25:00,9937.538712930314,4,15
2017-10-06,9954.7,9959.2,9954.7,9956.95,10:30:00,9939.173121222666,4,16
2017-10-06,9954.25,9954.65,9950.05,9954.55,10:35:00,9940.609014439557,4,17
2017-10-06,9957.75,9959.7,9952.85,9954.4,10:40:00,9942.241489254837,4,18
2017-10-06,9954.3,9958.7,9953.55,9957.5,10:45:00,9943.389918849613,4,19
2017-10-06,9957.1,9959.5,9954.35,9954.35,10:50:00,9944.695640863934,4,20
2017-10-06,9957.55,9959.9,9956.45,9957.15,10:55:00,9945.91986554356,4,21
2017-10-06,9964.6,9966.05,9957.3,9957.45,11:00:00,9947.698925967985,4,22
2017-10-06,9963.65,9967.75,9962.85,9964.45,11:05:00,9949.218075875791,4,23
2017-10-06,9965.25,9965.3,9960.9,9963.3,11:10:00,9950.744925792384,4,24
2017-10-06,9966.65,9967.95,9964.5,9965.15,11:15:00,9952.25969476454,4,25
2017-10-06,9965.55,9967.2,9964.85,9966.2,11:20:00,9953.525438120298,4,26
2017-10-06,9963.55,9966.0,9963.45,9965.6,11:25:00,9954.480158299317,4,27
2017-10-06,9965.35,9966.05,9963.4,9963.65,11:30:00,9955.51538131843,4,28
2017-10-06,9965.05,9965.6,9964.1,9965.45,11:35:00,9956.423440240484,4,29
2017-10-06,9963.15,9965.9,9963.15,9965.2,11:40:00,9957.064064979486,4,30
2017-10-06,9962.2,9963.3,9961.4,9963.05,11:45:00,9957.553201648108,4,31
2017-10-06,9963.95,9964.45,9961.85,9962.1,11:50:00,9958.162420538763,4,32
2017-10-06,9959.4,9964.6,9959.4,9964.05,11:55:00,9958.280285249357,4,33
2017-10-06,9959.3,9960.3,9957.05,9959.45,12:00:00,9958.377400939897,4,34
2017-10-06,9955.9,9960.75,9955.4,9959.75,12:05:00,9958.141457993235,4,35
2017-10-06,9956.9,9960.35,9955.45,9955.8,12:10:00,9958.023223898645,4,36
2017-10-06,9958.35,9959.6,9956.05,9957.1,12:15:00,9958.054345432103,4,37
2017-10-06,9960.8,9961.4,9958.4,9958.4,12:20:00,9958.315836343332,4,38
2017-10-06,9961.6,9962.5,9959.95,9960.95,12:25:00,9958.628613834444,4,39
2017-10-06,9961.35,9962.05,9958.95,9962.05,12:30:00,9958.88779346926,4,40
2017-10-06,9962.0,9963.4,9960.8,9961.5,12:35:00,9959.184194091236,4,41
2017-10-06,9954.65,9962.05,9954.35,9961.75,12:40:00,9958.752366082545,4,42
2017-10-06,9956.0,9958.45,9954.1,9954.85,12:45:00,9958.490235979449,4,43
2017-10-06,9953.15,9958.1,9953.05,9956.1,12:50:00,9957.981642076642,4,44
2017-10-06,9955.7,9956.1,9952.25,9952.85,12:55:00,9957.764342831248,4,45
2017-10-06,9956.75,9958.9,9954.85,9955.35,13:00:00,9957.66773875208,4,46
2017-10-06,9957.65,9958.7,9955.7,9956.55,13:05:00,9957.66604934712,4,47
2017-10-06,9956.45,9957.75,9955.55,9957.15,13:10:00,9957.550235123586,4,48
2017-10-06,9956.1,9959.25,9955.8,9956.65,13:15:00,9957.41211749277,4,49
2017-10-06,9959.4,9959.45,9955.5,9956.25,13:20:00,9957.601439636315,4,50
2017-10-06,9963.55,9963.75,9958.05,9959.45,13:25:00,9958.16796919476,4,51
2017-10-06,9960.45,9963.45,9960.3,9963.45,13:30:00,9958.385305461929,4,52
2017-10-06,9964.2,9966.1,9960.25,9960.7,13:35:00,9958.939085894124,4,53
2017-10-06,9962.8,9967.25,9962.8,9964.55,13:40:00,9959.306791999446,4,54
2017-10-06,9960.4,9965.65,9959.15,9963.95,13:45:00,9959.41090704712,4,55
2017-10-06,9949.95,9960.5,9949.95,9960.5,13:50:00,9958.509868280727,4,56
2017-10-06,9950.65,9953.55,9947.9,9949.75,13:55:00,9957.761309396848,4,57
2017-10-06,9959.3,9960.2,9952.45,9952.45,14:00:00,9957.907851359054,4,58
2017-10-06,9955.6,9960.55,9955.6,9959.6,14:05:00,9957.688055991524,4,59
2017-10-06,9955.45,9956.25,9953.05,9955.45,14:10:00,9957.474907801856,4,60
2017-10-06,9958.7,9960.6,9955.65,9957.6,14:15:00,9957.5915832493,4,61
2017-10-06,9959.75,9962.65,9959.2,9960.75,14:20:00,9957.797146749366,4,62
2017-10-06,9954.3,9962.7,9954.2,9961.15,14:25:00,9957.464085154188,4,63
2017-10-06,9958.15,9959.0,9954.2,9956.05,14:30:00,9957.529410377598,4,64
2017-10-06,9959.25,9962.15,9957.75,9959.55,14:35:00,9957.69327605592,4,65
2017-10-06,9961.3,9965.35,9959.85,9961.1,14:40:00,9958.036773574404,4,66
2017-10-06,9964.5,9965.2,9961.25,9961.25,14:45:00,9958.65231894827,4,67
2017-10-06,9959.6,9966.3,9959.6,9965.6,14:50:00,9958.74257428653,4,68
2017-10-06,9958.4,9962.15,9957.35,9960.05,14:55:00,9958.709948164003,4,69
2017-10-06,9970.6,9972.7,9959.05,9960.7,15:00:00,9959.842334053146,4,70
2017-10-06,9976.2,9978.2,9971.7,9973.45,15:05:00,9961.400207000466,4,71
2017-10-06,9982.95,9984.1,9974.4,9977.4,15:10:00,9963.452568238516,4,72
2017-10-06,9985.6,9988.1,9982.5,9983.2,15:15:00,9965.561847453895,4,73
2017-10-06,9984.95,9987.15,9983.15,9985.45,15:20:00,9967.408338172574,4,74
2017-10-06,9987.0,9989.35,9984.05,9985.15,15:25:00,9969.274210727566,4,75
2017-10-09,9971.05,9989.8,9969.0,9985.95,09:15:00,9969.443333515415,0,1
2017-10-09,9962.15,9977.0,9959.45,9971.5,09:20:00,9968.748730323472,0,2
2017-10-09,9983.65,9983.65,9962.25,9962.25,09:25:00,9970.167898864094,0,3
2017-10-09,9996.3,9997.5,9984.3,9984.3,09:30:00,9972.656670400847,0,4
2017-10-09,10005.65,10006.1,9994.35,9996.5,09:35:00,9975.798892267432,0,5
2017-10-09,9996.65,10006.45,9995.05,10005.15,09:40:00,9977.784712051483,0,6
2017-10-09,10002.95,10006.6,9997.05,9997.05,09:45:00,9980.18140614182,0,7
2017-10-09,10006.1,10006.8,10000.1,10002.0,09:50:00,9982.649843652123,0,8
2017-10-09,10008.3,10009.8,10005.15,10005.8,09:55:00,9985.092715685254,0,9
2017-10-09,10014.7,10015.4,10007.65,10008.0,10:00:00,9987.912457048562,0,10
2017-10-09,10005.95,10015.75,10005.95,10014.8,10:05:00,9989.630318282034,0,11
2017-10-09,10002.15,10006.05,9998.45,10005.8,10:10:00,9990.82266892184,0,12
2017-10-09,10005.65,10006.85,10001.95,10002.35,10:15:00,9992.234795691187,0,13
2017-10-09,10002.9,10006.15,10001.6,10005.8,10:20:00,9993.250529434885,0,14
2017-10-09,10009.0,10009.25,10002.85,10002.85,10:25:00,9994.750479012517,0,15
2017-10-09,10007.1,10009.8,10006.0,10008.85,10:30:00,9995.926623868463,0,16
2017-10-09,10011.0,10011.5,10005.75,10007.15,10:35:00,9997.36218350004,0,17
2017-10-09,10010.25,10011.2,10008.4,10011.1,10:40:00,9998.589594595274,0,18
2017-10-09,10000.6,10010.45,10000.55,10010.45,10:45:00,9998.781061776675,0,19
2017-10-09,9999.6,10004.0,9999.6,10000.4,10:50:00,9998.859055893185,0,20
2017-10-09,10001.05,10004.6,9999.2,9999.55,10:55:00,9999.06771723669,0,21
2017-10-09,9998.5,10002.85,9997.5,10001.25,11:00:00,9999.013648928434,0,22
2017-10-09,9992.4,9999.0,9992.05,9998.2,11:05:00,9998.383777601915,0,23
2017-10-09,9988.85,9992.95,9988.0,9992.7,11:10:00,9997.475798782689,0,24
2017-10-09,9981.65,9988.95,9981.05,9988.9,11:15:00,9995.968579851002,0,25
2017-10-09,9984.3,9985.75,9978.15,9981.7,11:20:00,9994.857286531858,0,26
2017-10-09,9988.9,9989.35,9984.5,9984.5,11:25:00,9994.289925909778,0,27
2017-10-09,9993.05,9995.1,9988.7,9989.25,11:30:00,9994.171837727894,0,28
2017-10-09,9987.6,9993.85,9987.15,9993.2,11:35:00,9993.545948420477,0,29
2017-10-09,9987.3,9987.95,9985.1,9987.75,11:40:00,9992.951096189954,0,30
2017-10-09,9986.05,9987.6,9984.0,9987.6,11:45:00,9992.293848933768,0,31
2017-10-09,9988.0,9989.45,9986.1,9986.6,11:50:00,9991.884910940074,0,32
2017-10-09,9986.85,9990.85,9986.75,9988.45,11:55:00,9991.405395612448,0,33
2017-10-09,9987.7,9988.85,9984.85,9988.25,12:00:00,9991.052500792215,0,34
2017-10-09,9982.65,9988.2,9982.2,9988.15,12:05:00,9990.252262621529,0,35
2017-10-09,9982.85,9983.65,9978.65,9983.55,12:10:00,9989.547285229002,0,36
2017-10-09,9982.95,9985.05,9980.45,9983.5,12:15:00,9988.91897235005,0,37
2017-10-09,9980.5,9984.2,9979.95,9983.4,12:20:00,9988.11716545957,0,38
2017-10-09,9973.25,9981.25,9970.75,9980.1,12:25:00,9986.701244939612,0,39
2017-10-09,9979.85,9980.6,9973.2,9974.1,12:30:00,9986.048745421554,0,40
2017-10-09,9982.8,9984.25,9979.4,9980.15,12:35:00,9985.739341095692,0,41
2017-10-09,9981.7,9984.05,9980.25,9983.25,12:40:00,9985.35464194372,0,42
2017-10-09,9981.5,9983.8,9980.7,9982.2,12:45:00,9984.987533187175,0,43
2017-10-09,9985.3,9987.75,9981.05,9982.6,12:50:00,9985.017291931254,0,44
2017-10-09,9980.5,9987.1,9979.75,9986.0,12:55:00,9984.587073652086,0,45
2017-10-09,9977.95,9981.0,9977.2,9981.0,13:00:00,9983.954971399506,0,46
2017-10-09,9984.05,9984.85,9977.95,9978.2,13:05:00,9983.96402174241,0,47
2017-10-09,9983.95,9987.8,9983.8,9984.4,13:10:00,9983.962686338373,0,48
2017-10-09,9985.35,9986.8,9983.9,9984.2,13:15:00,9984.094811449002,0,49
2017-10-09,9989.7,9991.2,9985.2,9985.55,13:20:00,9984.62863893005,0,50
2017-10-09,9987.25,9991.1,9986.4,9990.05,13:25:00,9984.878292365282,0,51
2017-10-09,9984.95,9988.3,9983.45,9987.75,13:30:00,9984.885121663829,0,52
2017-10-09,9986.45,9987.0,9984.7,9985.0,13:35:00,9985.034157695844,0,53
2017-10-09,9987.5,9987.85,9983.9,9986.55,13:40:00,9985.268999820048,0,54
2017-10-09,9986.55,9988.9,9985.2,9987.55,13:45:00,9985.390999837186,0,55
2017-10-09,9993.9,9995.7,9986.6,9986.8,13:50:00,9986.201380805072,0,56
2017-10-09,9993.8,10002.15,9993.5,9994.25,13:55:00,9986.925058823635,0,57
2017-10-09,9994.2,9996.0,9991.95,9993.95,14:00:00,9987.617910364244,0,58
2017-10-09,9993.45,9996.35,9992.45,9994.65,14:05:00,9988.173347472411,0,59
2017-10-09,9993.9,9996.35,9993.0,9994.35,14:10:00,9988.718742951229,0,60
2017-10-09,9989.7,9996.9,9989.7,9995.9,14:15:00,9988.812196003491,0,61
2017-10-09,9993.15,9993.75,9988.25,9992.25,14:20:00,9989.225320193636,0,62
2017-10-09,9994.2,9995.5,9992.0,9995.5,14:25:00,9989.699099222817,0,63
2017-10-09,9997.15,9999.95,9995.6,9996.45,14:30:00,9990.408708820642,0,64
2017-10-09,9995.15,9998.65,9993.5,9997.45,14:35:00,9990.860260361533,0,65
2017-10-09,9995.75,10000.8,9995.3,9995.3,14:40:00,9991.32594985091,0,66
2017-10-09,9995.3,9998.65,9995.3,9997.65,14:45:00,9991.70443081749,0,67
2017-10-09,9983.3,9997.55,9983.15,9997.55,14:50:00,9990.904008834872,0,68
2017-10-09,9988.55,9990.95,9983.65,9985.35,14:55:00,9990.679817517264,0,69
2017-10-09,9992.4,9994.45,9988.35,9990.25,15:00:00,9990.843644420382,0,70
2017-10-09,9989.8,9995.45,9989.5,9993.75,15:05:00,9990.744249713678,0,71
2017-10-09,9990.9,9991.5,9986.8,9991.15,15:10:00,9990.75908307428,0,72
2017-10-09,9989.4,9991.9,9984.85,9991.9,15:15:00,9990.629646591016,0,73
2017-10-09,9988.2,9990.6,9985.9,9989.9,15:20:00,9990.398251677583,0,74
2017-10-09,9987.7,9989.25,9985.95,9988.3,15:25:00,9990.14127532734,0,75
2017-10-10,10015.25,10018.2,10008.25,10011.0,09:15:00,9992.532582439022,1,1
2017-10-10,10022.85,10022.85,10014.65,10014.9,09:20:00,9995.419955540066,1,2
2017-10-10,10021.75,10023.0,10016.55,10022.7,09:25:00,9997.927578821966,1,3
2017-10-10,10013.8,10022.0,10012.55,10021.6,09:30:00,9999.43923798178,1,4
2017-10-10,10007.65,10014.85,10006.1,10013.9,09:35:00,10000.22121531685,1,5
2017-10-10,10010.85,10012.1,10004.55,10007.75,09:40:00,10001.233480524768,1,6
2017-10-10,10016.4,10017.2,10010.85,10011.25,09:45:00,10002.67791095098,1,7
2017-10-10,10015.1,10017.6,10012.95,10016.5,09:50:00,10003.860967050889,1,8
2017-10-10,10015.25,10017.8,10014.35,10014.95,09:55:00,10004.945636855566,1,9
2017-10-10,10019.0,10019.2,10015.05,10015.2,10:00:00,10006.284147631228,1,10
2017-10-10,10007.9,10019.3,10007.45,10018.8,10:05:00,10006.438038333015,1,11
2017-10-10,10010.0,10013.25,10007.95,10008.05,10:10:00,10006.77727277749,1,12
2017-10-10,10006.3,10011.45,10002.55,10009.95,10:15:00,10006.731818227254,1,13
2017-10-10,10009.15,10011.4,10006.2,10006.2,10:20:00,10006.96212125323,1,14
2017-10-10,10009.0,10009.25,10006.6,10008.5,10:25:00,10007.156204943398,1,15
2017-10-10,10009.45,10010.65,10006.2,10009.05,10:30:00,10007.374661615457,1,16
2017-10-10,10012.1,10012.8,10008.3,10008.8,10:35:00,10007.824693842556,1,17
2017-10-10,10013.1,10014.75,10011.35,10012.25,10:40:00,10008.327103952788,1,18
2017-10-10,10016.4,10017.05,10012.6,10013.0,10:45:00,10009.09595119538,1,19
2017-10-10,10019.5,10019.55,10016.2,10016.25,10:50:00,10010.086812986296,1,20
2017-10-10,10022.7,10022.7,10018.75,10019.9,10:55:00,10011.288068892363,1,21
2017-10-10,10025.95,10025.95,10021.7,10022.85,11:00:00,10012.684443283568,1,22
2017-10-10,10025.25,10026.25,10023.2,10024.9,11:05:00,10013.881162970849,1,23
2017-10-10,10027.0,10027.8,10024.75,10025.3,11:10:00,10015.130576021244,1,24
2017-10-10,10031.25,10034.0,10026.75,10027.05,11:15:00,10016.665759257316,1,25
2017-10-10,10026.75,10031.35,10026.0,10031.35,11:20:00,10017.626163137573,1,26
2017-10-10,10022.1,10027.5,10021.5,10026.4,11:25:00,10018.052242838756,1,27
2017-10-10,10019.05,10024.15,10018.65,10022.0,11:30:00,10018.147267330303,1,28
2017-10-10,10019.85,10020.5,10017.9,10018.35,11:35:00,10018.309432346465,1,29
2017-10-10,10018.05,10020.95,10017.6,10019.5,11:40:00,10018.284724503945,1,30
2017-10-10,10017.15,10018.65,10016.1,10018.3,11:45:00,10018.176655503568,1,31
2017-10-10,10016.7,10018.35,10015.25,10016.95,11:50:00,10018.036021646089,1,32
2017-10-10,10015.75,10017.25,10014.25,10016.0,11:55:00,10017.81830529884,1,33
2017-10-10,10013.95,10017.2,10013.5,10014.95,12:00:00,10017.44989527038,1,34
2017-10-10,10011.6,10014.7,10011.5,10013.4,12:05:00,10016.892762387486,1,35
2017-10-10,10015.4,10017.3,10011.3,10012.15,12:10:00,10016.75059454106,1,36
2017-10-10,10015.35,10016.4,10012.55,10015.25,12:15:00,10016.617204584769,1,37
2017-10-10,10017.5,10017.9,10014.9,10014.9,12:20:00,10016.7012803386,1,38
2017-10-10,10015.95,10017.8,10015.0,10017.8,12:25:00,10016.629729830162,1,39
2017-10-10,10013.65,10017.1,10013.6,10015.4,12:30:00,10016.345946036812,1,40
2017-10-10,10012.5,10014.1,10011.75,10013.6,12:35:00,10015.97966546188,1,41
2017-10-10,10012.75,10013.7,10011.7,10012.25,12:40:00,10015.672078275033,1,42
2017-10-10,10014.65,10015.35,10012.6,10013.35,12:45:00,10015.574737486932,1,43
2017-10-10,10013.05,10015.85,10012.65,10013.85,12:50:00,10015.334286297702,1,44
2017-10-10,10015.4,10017.4,10012.25,10012.65,12:55:00,10015.34054474554,1,45
2017-10-10,10018.2,10018.65,10015.4,10015.5,13:00:00,10015.612873817394,1,46
2017-10-10,10018.1,10019.95,10016.8,10018.35,13:05:00,10015.849742977642,1,47
2017-10-10,10019.25,10020.65,10017.55,10018.35,13:10:00,10016.173576979772,1,48
2017-10-10,10020.2,10020.5,10017.55,10019.3,13:15:00,10016.55704583884,1,49
2017-10-10,10020.95,10021.95,10019.1,10019.95,13:20:00,10016.975422425618,1,50
2017-10-10,10021.5,10022.55,10019.7,10021.25,13:25:00,10017.40633457556,1,51
2017-10-10,10020.55,10024.15,10020.55,10022.5,13:30:00,10017.70573128265,1,52
2017-10-10,10023.35,10023.75,10020.65,10021.35,13:35:00,10018.243280684304,1,53
2017-10-10,10017.55,10023.85,10016.6,10023.7,13:40:00,10018.177253952465,1,54
2017-10-10,10015.6,10017.75,10015.1,10017.2,13:45:00,10017.931801195084,1,55
2017-10-10,10016.35,10016.5,10009.25,10015.1,13:50:00,10017.78115346222,1,56
2017-10-10,10017.45,10021.25,10014.5,10016.3,13:55:00,10017.749615037246,1,57
2017-10-10,10008.75,10018.0,10008.75,10017.05,14:00:00,10016.892508843224,1,58
2017-10-10,10003.35,10009.6,10002.3,10009.15,14:05:00,10015.60274609625,1,59
2017-10-10,10007.8,10010.9,10002.35,10004.7,14:10:00,10014.859627420416,1,60
2017-10-10,10006.95,10011.95,10005.9,10007.85,14:15:00,10014.106329570854,1,61
2017-10-10,10013.3,10015.0,10007.8,10008.85,14:20:00,10014.02953627839,1,62
2017-10-10,10013.15,10016.2,10010.35,10014.3,14:25:00,10013.945770918544,1,63
2017-10-10,10014.45,10016.5,10013.05,10014.45,14:30:00,10013.993792735826,1,64
2017-10-10,10021.2,10021.6,10015.2,10016.9,14:35:00,10014.680098189556,1,65
2017-10-10,10022.65,10024.1,10019.0,10023.5,14:40:00,10015.439136457217,1,66
2017-10-10,10017.95,10024.2,10017.0,10023.3,14:45:00,10015.678266318437,1,67
2017-10-10,10023.2,10026.25,10017.3,10017.3,14:50:00,10016.394621907157,1,68
2017-10-10,10020.25,10025.65,10019.75,10024.45,14:55:00,10016.761800773142,1,69
2017-10-10,10023.05,10025.35,10019.8,10021.9,15:00:00,10017.360676889986,1,70
2017-10-10,10022.9,10025.4,10022.6,10024.1,15:05:00,10017.888231471892,1,71
2017-10-10,10018.1,10024.0,10017.2,10023.9,15:10:00,10017.90839990314,1,72
2017-10-10,10013.5,10019.15,10011.15,10018.7,15:15:00,10017.488552293318,1,73
2017-10-10,10013.6,10014.05,10010.05,10013.45,15:20:00,10017.118213979667,1,74
2017-10-10,10013.7,10015.15,10011.05,10014.0,15:25:00,10016.792669791128,1,75
2017-10-11,10040.75,10048.1,10039.25,10041.15,09:15:00,10019.07432028721,2,1
2017-10-11,10045.6,10050.65,10037.55,10040.6,09:20:00,10021.600575497952,2,2
2017-10-11,10055.95,10055.95,10045.15,10045.9,09:25:00,10024.871949260052,2,3
2017-10-11,10052.6,10058.05,10051.45,10055.75,09:30:00,10027.51271599719,2,4
2017-10-11,10048.4,10054.4,10048.4,10052.05,09:35:00,10029.501981140316,2,5
2017-10-11,10057.3,10060.1,10048.55,10048.6,09:40:00,10032.149411507906,2,6
2017-10-11,10055.75,10060.5,10055.1,10056.9,09:45:00,10034.397086602392,2,7
2017-10-11,10060.65,10060.9,10055.35,10056.5,09:50:00,10036.897364068833,2,8
2017-10-11,10062.75,10065.05,10059.95,10060.85,09:55:00,10039.3595198718,2,9
2017-10-11,10062.9,10066.4,10062.2,10062.9,10:00:00,10041.6014703602,2,10
2017-10-11,10059.7,10063.25,10058.3,10063.25,10:05:00,10043.325139849703,2,11
2017-10-11,10061.45,10061.9,10058.55,10059.75,10:10:00,10045.051317006875,2,12
2017-10-11,10066.55,10067.25,10061.45,10061.75,10:15:00,10047.09881062527,2,13
2017-10-11,10059.45,10067.05,10058.65,10066.5,10:20:00,10048.275114375245,2,14
2017-10-11,10060.45,10060.7,10054.25,10059.55,10:25:00,10049.434627291886,2,15
2017-10-11,10060.4,10062.45,10059.25,10060.0,10:30:00,10050.478948502185,2,16
2017-10-11,10062.45,10063.55,10059.55,10060.05,10:35:00,10051.619048644832,2,17
2017-10-11,10063.45,10063.85,10060.9,10062.85,10:40:00,10052.745805916751,2,18
2017-10-11,10063.0,10066.6,10062.6,10063.3,10:45:00,10053.722395829443,2,19
2017-10-11,10062.9,10066.55,10061.4,10063.1,10:50:00,10054.596453369497,2,20
2017-10-11,10062.95,10064.65,10062.2,10063.15,10:55:00,10055.392029239069,2,21
2017-10-11,10061.9,10063.15,10058.8,10063.0,11:00:00,10056.011835978205,2,22
2017-10-11,10059.95,10062.7,10059.65,10061.45,11:05:00,10056.386899218376,2,23
2017-10-11,10054.85,10060.6,10054.2,10060.35,11:10:00,10056.240527864244,2,24
2017-10-11,10057.75,10057.75,10053.85,10054.6,11:15:00,10056.38428711527,2,25
2017-10-11,10058.45,10059.4,10056.55,10057.3,11:20:00,10056.581021675722,2,26
2017-10-11,10053.65,10058.4,10053.25,10058.4,11:25:00,10056.301876754223,2,27
2017-10-11,10052.45,10054.25,10050.6,10053.55,11:30:00,10055.93503134906,2,28
2017-10-11,10052.4,10053.95,10051.7,10052.4,11:35:00,10055.59836169677,2,29
2017-10-11,10054.2,10055.0,10051.9,10052.5,11:40:00,10055.465184392317,2,30
2017-10-11,10058.2,10058.55,10053.65,10054.1,11:45:00,10055.725643021617,2,31
2017-10-11,10059.1,10059.4,10057.35,10058.35,11:50:00,10056.047010352891,2,32
2017-10-11,10057.45,10059.5,10055.25,10059.0,11:55:00,10056.18062841452,2,33
2017-10-11,10057.9,10058.15,10055.3,10057.6,12:00:00,10056.344378089329,2,34
2017-10-11,10057.35,10058.75,10056.1,10057.85,12:05:00,10056.440151604633,2,35
2017-10-11,10057.45,10058.3,10056.05,10057.3,12:10:00,10056.536327642283,2,36
2017-10-11,10054.7,10057.7,10054.0,10057.7,12:15:00,10056.3614392954,2,37
2017-10-11,10053.3,10055.15,10051.55,10054.6,12:20:00,10056.06987364822,2,38
2017-10-11,10056.6,10057.25,10053.45,10053.45,12:25:00,10056.1203618722,2,39
2017-10-11,10057.25,10058.35,10055.55,10056.9,12:30:00,10056.2279464558,2,40
2017-10-11,10058.1,10059.25,10056.5,10057.15,12:35:00,10056.406237269532,2,41
2017-10-11,10056.85,10059.25,10056.35,10058.65,12:40:00,10056.44850038672,2,42
2017-10-11,10056.0,10057.45,10055.3,10057.35,12:45:00,10056.405786064175,2,43
2017-10-11,10053.3,10056.9,10051.55,10056.9,12:50:00,10056.109996915207,2,44
2017-10-11,10055.55,10055.55,10052.75,10053.95,12:55:00,10056.056663875665,2,45
2017-10-11,10057.45,10057.7,10054.25,10055.9,13:00:00,10056.18936255417,2,46
2017-10-11,10054.55,10059.05,10053.7,10057.65,13:05:00,10056.033232787107,2,47
2017-10-11,10051.75,10055.9,10051.55,10054.85,13:10:00,10055.625305855,2,48
2017-10-11,10042.55,10052.75,10041.75,10051.65,13:15:00,10054.380038630714,2,49
2017-10-11,10038.5,10044.75,10038.25,10042.75,13:20:00,10052.867653999218,2,50
2017-10-11,10024.95,10039.3,10022.45,10038.95,13:25:00,10050.208829808817,2,51
2017-10-11,10030.2,10030.2,10011.25,10024.6,13:30:00,10048.303226969882,2,52
2017-10-11,10016.25,10036.4,10016.25,10030.4,13:35:00,10045.250538687034,2,53
2017-10-11,10017.35,10019.05,10010.15,10016.55,13:40:00,10042.593344526364,2,54
2017-10-11,10016.5,10023.1,10016.3,10017.6,13:45:00,10040.108264095285,2,55
2017-10-11,10019.35,10020.5,10014.6,10017.85,13:50:00,10038.1312865624,2,56
2017-10-11,10020.85,10025.35,10018.9,10020.7,13:55:00,10036.485449746931,2,57
2017-10-11,10001.15,10022.7,10001.15,10022.7,14:00:00,10033.120168818652,2,58
2017-10-11,9979.0,10003.1,9978.3,10003.1,14:05:00,10027.9658670264,2,59
2017-10-11,10001.3,10002.15,9980.45,9980.6,14:10:00,10025.426260642933,2,60
2017-10-11,9977.8,10002.2,9977.35,10002.2,14:15:00,10020.890426295986,2,61
2017-10-11,9956.8,9978.6,9956.4,9978.6,14:20:00,10014.78657617256,2,62
2017-10-11,9978.5,9980.55,9955.8,9956.9,14:25:00,10011.330711775174,2,63
2017-10-11,9976.25,9984.8,9974.15,9980.45,14:30:00,10007.98969160611,2,64
2017-10-11,9995.05,9995.05,9976.3,9976.3,14:35:00,10006.757340024576,2,65
2017-10-11,9989.6,9999.0,9989.6,9995.45,14:40:00,10005.12330764128,2,66
2017-10-11,9990.9,9995.4,9987.7,9991.3,14:45:00,10003.76870691354,2,67
2017-10-11,9979.15,9994.15,9979.15,9992.1,14:50:00,10001.424068159868,2,68
2017-10-11,9984.15,9987.55,9977.8,9981.3,14:55:00,9999.77891881131,2,69
2017-10-11,9992.1,10000.9,9985.2,9985.2,15:00:00,9999.047593210233,2,70
2017-10-11,9987.3,9994.75,9987.3,9992.3,15:05:00,9997.928774809256,2,71
2017-10-11,9983.2,9988.8,9983.2,9988.55,15:10:00,9996.526034351233,2,72
2017-10-11,9978.15,9984.95,9977.0,9984.8,15:15:00,9994.775935841591,2,73
2017-10-11,9979.15,9980.6,9973.8,9978.4,15:20:00,9993.287751475726,2,74
2017-10-11,9972.3,9982.25,9970.1,9979.35,15:25:00,9991.288918001846,2,75
2017-10-12,10009.2,10021.4,10008.1,10010.3,09:15:00,9992.994735335003,3,1
2017-10-12,9988.2,10010.1,9985.55,10009.1,09:20:00,9992.538093874527,3,2
2017-10-12,9997.05,9997.05,9977.1,9988.15,09:25:00,9992.96779921981,3,3
2017-10-12,9999.3,10000.05,9993.9,9996.95,09:30:00,9993.57086596078,3,4
2017-10-12,10003.2,10006.4,9998.0,9999.7,09:35:00,9994.487926345468,3,5
2017-10-12,10010.6,10012.85,10001.95,10002.9,09:40:00,9996.022409550662,3,6
2017-10-12,10015.2,10019.7,10010.05,10010.35,09:45:00,9997.848846736311,3,7
2017-10-12,10024.6,10024.6,10014.65,10014.65,09:50:00,10000.39657561857,3,8
2017-10-12,10016.3,10025.4,10013.5,10024.65,09:55:00,10001.91118746442,3,9
2017-10-12,10022.0,10023.3,10015.1,10016.5,10:00:00,10003.824407705904,3,10
2017-10-12,10017.7,10022.35,10017.15,10021.7,10:05:00,10005.145892686296,3,11
2017-10-12,10012.75,10017.45,10011.7,10017.4,10:10:00,10005.87009338284,3,12
2017-10-12,10010.05,10013.5,10009.3,10013.15,10:15:00,10006.268179727333,3,13
2017-10-12,10020.1,10020.8,10009.55,10009.8,10:20:00,10007.585495943777,3,14
2017-10-12,10018.8,10022.1,10017.3,10019.75,10:25:00,10008.65354394913,3,15
2017-10-12,10016.3,10020.95,10016.2,10018.0,10:30:00,10009.381777858736,3,16
2017-10-12,10024.2,10024.5,10016.0,10016.25,10:35:00,10010.793037110285,3,17
2017-10-12,10023.85,10027.95,10023.8,10023.95,10:40:00,10012.036557385496,3,18
2017-10-12,10024.6,10027.6,10023.35,10023.55,10:45:00,10013.233075729737,3,19
2017-10-12,10030.1,10030.35,10023.9,10024.1,10:50:00,10014.83944946976,3,20
2017-10-12,10025.0,10031.2,10023.65,10030.0,10:55:00,10015.807120948832,3,21
2017-10-12,10026.5,10026.7,10023.1,10024.7,11:00:00,10016.825490382276,3,22
2017-10-12,10028.2,10032.05,10024.75,10026.4,11:05:00,10017.908777012535,3,23
2017-10-12,10021.95,10029.8,10021.6,10028.0,11:10:00,10018.293655392295,3,24
2017-10-12,10023.1,10024.45,10021.75,10022.2,11:15:00,10018.751402497792,3,25
2017-10-12,10023.4,10026.45,10022.85,10023.2,11:20:00,10019.194126069431,3,26
2017-10-12,10023.7,10025.25,10022.3,10023.45,11:25:00,10019.623256919962,3,27
2017-10-12,10021.05,10025.2,10020.8,10023.4,11:30:00,10019.7591372133,3,28
2017-10-12,10027.85,10027.85,10020.55,10021.0,11:35:00,10020.529695573938,3,29
2017-10-12,10032.7,10033.05,10027.6,10028.1,11:40:00,10021.688772185944,3,30
2017-10-12,10031.7,10037.05,10030.7,10032.65,11:45:00,10022.64222245395,3,31
2017-10-12,10031.65,10033.3,10030.7,10032.0,11:50:00,10023.500106029764,3,32
2017-10-12,10031.9,10033.5,10031.05,10031.6,11:55:00,10024.30009593169,3,33
2017-10-12,10030.55,10033.45,10029.5,10031.55,12:00:00,10024.895324890576,3,34
2017-10-12,10029.6,10032.0,10028.6,10030.65,12:05:00,10025.343389186712,3,35
2017-10-12,10032.85,10033.2,10028.55,10029.75,12:10:00,10026.058304502263,3,36
2017-10-12,10033.75,10036.4,10031.7,10032.95,12:15:00,10026.79084693062,3,37
2017-10-12,10033.95,10034.15,10032.25,10033.3,12:20:00,10027.472671032468,3,38
2017-10-12,10034.25,10034.95,10032.8,10034.0,12:25:00,10028.118130934135,3,39
2017-10-12,10034.9,10036.0,10033.35,10034.1,12:30:00,10028.764023226124,3,40
2017-10-12,10031.45,10035.9,10031.4,10034.6,12:35:00,10029.019830537922,3,41
2017-10-12,10026.45,10031.95,10026.45,10031.35,12:40:00,10028.775084772406,3,42
2017-10-12,10020.7,10026.3,10020.5,10026.3,12:45:00,10028.006029079796,3,43
2017-10-12,10013.95,10021.75,10013.6,10020.75,12:50:00,10026.667359643625,3,44
2017-10-12,10008.15,10016.2,10007.25,10013.85,12:55:00,10024.903801582326,3,45
2017-10-12,10018.35,10018.65,10007.25,10008.05,13:00:00,10024.279630003057,3,46
2017-10-12,10019.95,10021.95,10018.05,10018.65,13:05:00,10023.86728428848,3,47
2017-10-12,10015.8,10020.1,10015.3,10019.85,13:10:00,10023.0989714991,3,48
2017-10-12,10014.8,10015.85,10011.4,10015.85,13:15:00,10022.308593261088,3,49
2017-10-12,10018.55,10019.4,10014.7,10014.9,13:20:00,10021.950631998126,3,50
2017-10-12,10018.65,10020.45,10014.85,10018.65,13:25:00,10021.636286093542,3,51
2017-10-12,10024.45,10025.15,10017.6,10018.5,13:30:00,10021.904258846538,3,52
2017-10-12,10024.05,10026.2,10022.9,10024.9,13:35:00,10022.108615146868,3,53
2017-10-12,10021.45,10024.1,10020.45,10023.9,13:40:00,10022.045889894784,3,54
2017-10-12,10026.45,10027.2,10020.75,10021.55,13:45:00,10022.465328952425,3,55
2017-10-12,10022.9,10028.1,10022.6,10026.5,13:50:00,10022.50672619505,3,56
2017-10-12,10025.05,10026.55,10022.3,10023.15,13:55:00,10022.7489427479,3,57
2017-10-12,10033.4,10038.6,10026.65,10027.45,14:00:00,10023.763329152862,3,58
2017-10-12,10032.8,10035.2,10031.6,10034.65,14:05:00,10024.623964471635,3,59
2017-10-12,10045.05,10045.5,10032.25,10033.85,14:10:00,10026.569301188623,3,60
2017-10-12,10049.4,10052.85,10045.45,10046.65,14:15:00,10028.743653456377,3,61
2017-10-12,10050.65,10051.55,10047.4,10051.25,14:20:00,10030.829972174815,3,62
2017-10-12,10059.0,10060.6,10050.1,10051.8,14:25:00,10033.51283196769,3,63
2017-10-12,10055.55,10065.1,10054.6,10061.3,14:30:00,10035.611609875528,3,64
2017-10-12,10058.7,10059.5,10053.05,10056.25,14:35:00,10037.810504173098,3,65
2017-10-12,10065.05,10066.15,10056.9,10059.05,14:40:00,10040.4047418709,3,66
2017-10-12,10076.65,10076.65,10061.9,10067.25,14:45:00,10043.856671216528,3,67
2017-10-12,10079.45,10087.55,10076.6,10077.75,14:50:00,10047.24651205305,3,68
2017-10-12,10086.4,10090.2,10080.25,10080.25,14:55:00,10050.975415667046,3,69
2017-10-12,10091.05,10094.35,10086.65,10086.65,15:00:00,10054.792042746374,3,70
2017-10-12,10092.5,10093.35,10083.0,10091.5,15:05:00,10058.383276770528,3,71
2017-10-12,10097.8,10100.7,10091.3,10092.3,15:10:00,10062.13725041143,3,72
2017-10-12,10096.45,10099.25,10094.7,10098.75,15:15:00,10065.405131324627,3,73
2017-10-12,10101.65,10104.45,10096.15,10096.75,15:20:00,10068.857023579423,3,74
2017-10-12,10098.5,10101.25,10096.55,10101.15,15:25:00,10071.680164190906,3,75
2017-10-13,10127.65,10134.65,10120.1,10120.1,09:15:00,10077.010624744153,4,1
2017-10-13,10143.65,10146.25,10128.3,10128.95,09:20:00,10083.357231911375,4,2
2017-10-13,10145.25,10148.3,10141.2,10143.3,09:25:00,10089.25178125315,4,3
2017-10-13,10158.35,10161.05,10140.65,10145.3,09:30:00,10095.832563990944,4,4
2017-10-13,10147.6,10158.85,10146.6,10158.55,09:35:00,10100.762795991806,4,5
2017-10-13,10145.25,10150.1,10143.5,10147.5,09:40:00,10104.999672564016,4,6
2017-10-13,10137.8,10145.65,10136.2,10145.05,09:45:00,10108.123513272203,4,7
2017-10-13,10142.4,10143.5,10135.95,10138.1,09:50:00,10111.387940579614,4,8
2017-10-13,10148.45,10149.55,10138.3,10142.25,09:55:00,10114.917660524412,4,9
2017-10-13,10148.35,10150.55,10143.0,10148.95,10:00:00,10118.10169285542,4,10
2017-10-13,10146.9,10149.8,10144.4,10147.55,10:05:00,10120.844388773952,4,11
2017-10-13,10148.4,10149.0,10143.55,10146.55,10:10:00,10123.468732700245,4,12
2017-10-13,10143.95,10148.9,10143.7,10148.0,10:15:00,10125.419329585937,4,13
2017-10-13,10144.65,10145.45,10143.25,10144.15,10:20:00,10127.25082200632,4,14
2017-10-13,10146.15,10146.5,10143.9,10144.55,10:25:00,10129.050743720005,4,15
2017-10-13,10149.5,10150.3,10145.6,10146.35,10:30:00,10130.998291937149,4,16
2017-10-13,10155.15,10155.8,10149.45,10149.65,10:35:00,10133.2984546098,4,17
2017-10-13,10158.3,10158.6,10154.45,10155.2,10:40:00,10135.679554170772,4,18
2017-10-13,10161.05,10161.65,10156.8,10158.15,10:45:00,10138.09578710689,4,19
2017-10-13,10165.45,10167.15,10160.9,10160.9,10:50:00,10140.700950239569,4,20
2017-10-13,10162.15,10167.1,10158.85,10165.05,10:55:00,10142.74371688342,4,21
2017-10-13,10165.55,10168.75,10161.1,10162.05,11:00:00,10144.915743846905,4,22
2017-10-13,10164.4,10166.45,10163.0,10165.6,11:05:00,10146.771387290057,4,23
2017-10-13,10161.0,10164.7,10159.4,10164.45,11:10:00,10148.12649326243,4,24
2017-10-13,10154.65,10160.5,10152.1,10160.45,11:15:00,10148.74777961839,4,25
2017-10-13,10159.2,10160.3,10153.1,10154.6,11:20:00,10149.743229178544,4,26
2017-10-13,10162.3,10163.5,10158.25,10159.0,11:25:00,10150.93911211392,4,27
2017-10-13,10161.85,10163.7,10159.85,10162.4,11:30:00,10151.978244293548,4,28
2017-10-13,10162.5,10162.95,10161.0,10162.25,11:35:00,10152.98031626559,4,29
2017-10-13,10164.65,10165.1,10162.2,10162.7,11:40:00,10154.091714716486,4,30
2017-10-13,10163.35,10165.85,10163.35,10164.4,11:45:00,10154.973456172058,4,31
2017-10-13,10160.05,10163.85,10159.5,10163.3,11:50:00,10155.456936536624,4,32
2017-10-13,10160.0,10161.4,10158.5,10159.9,11:55:00,10155.889609247422,4,33
2017-10-13,10158.1,10161.4,10157.5,10159.7,12:00:00,10156.100122652431,4,34
2017-10-13,10157.3,10159.65,10156.3,10158.05,12:05:00,10156.214396685533,4,35
2017-10-13,10162.5,10163.4,10156.3,10157.25,12:10:00,10156.813025572625,4,36
2017-10-13,10163.0,10163.8,10161.15,10162.45,12:15:00,10157.402261232375,4,37
2017-10-13,10157.15,10163.35,10156.1,10162.95,12:20:00,10157.378236353105,4,38
2017-10-13,10159.55,10159.85,10156.1,10157.2,12:25:00,10157.58507098614,4,39
2017-10-13,10160.8,10161.45,10158.6,10159.6,12:30:00,10157.891254701746,4,40
2017-10-13,10160.25,10162.45,10158.8,10160.7,12:35:00,10158.115897111104,4,41
2017-10-13,10159.15,10161.15,10158.45,10160.1,12:40:00,10158.21438310052,4,42
2017-10-13,10158.8,10162.1,10158.4,10158.85,12:45:00,10158.270156138567,4,43
2017-10-13,10159.2,10161.15,10157.7,10158.6,12:50:00,10158.358712696798,4,44
2017-10-13,10157.75,10160.25,10156.95,10159.25,12:55:00,10158.300740059009,4,45
2017-10-13,10157.95,10158.95,10156.25,10157.45,13:00:00,10158.267336243862,4,46
2017-10-13,10170.5,10171.35,10157.9,10158.05,13:05:00,10159.432351839683,4,47
2017-10-13,10170.1,10172.2,10167.8,10170.35,13:10:00,10160.448318331144,4,48
2017-10-13,10171.2,10173.9,10169.4,10169.8,13:15:00,10161.47228801389,4,49
2017-10-13,10174.55,10175.7,10170.3,10171.0,13:20:00,10162.71778439352,4,50
2017-10-13,10168.7,10175.8,10167.55,10174.95,13:25:00,10163.287519213189,4,51
2017-10-13,10168.95,10172.15,10168.45,10168.45,13:30:00,10163.826803097643,4,52
2017-10-13,10167.7,10171.15,10167.0,10168.85,13:35:00,10164.195678993108,4,53
2017-10-13,10172.9,10175.15,10167.5,10167.5,13:40:00,10165.024661946149,4,54
2017-10-13,10168.5,10179.15,10167.6,10172.7,13:45:00,10165.355646522705,4,55
2017-10-13,10168.6,10170.55,10163.75,10168.2,13:50:00,10165.66463256816,4,56
2017-10-13,10170.95,10171.35,10167.85,10169.35,13:55:00,10166.168000895002,4,57
2017-10-13,10177.55,10177.55,10170.6,10171.85,14:00:00,10167.252000809764,4,58
2017-10-13,10177.6,10183.25,10177.0,10177.85,14:05:00,10168.237524542166,4,59
2017-10-13,10175.3,10179.55,10173.05,10178.45,14:10:00,10168.910141252438,4,60
2017-10-13,10171.15,10177.2,10170.55,10176.35,14:15:00,10169.123461133157,4,61
2017-10-13,10172.9,10174.85,10169.15,10171.2,14:20:00,10169.483131501427,4,62
2017-10-13,10177.2,10178.05,10170.6,10173.25,14:25:00,10170.218071358437,4,63
2017-10-13,10180.65,10182.45,10176.25,10176.7,14:30:00,10171.211588371918,4,64
2017-10-13,10187.35,10189.45,10178.05,10182.1,14:35:00,10172.748579955543,4,65
2017-10-13,10185.7,10189.5,10184.05,10187.8,14:40:00,10173.982048531208,4,66
2017-10-13,10186.85,10191.9,10184.55,10186.8,14:45:00,10175.207567718711,4,67
2017-10-13,10182.5,10188.3,10181.5,10186.75,14:50:00,10175.902085078837,4,68
2017-10-13,10177.55,10183.9,10174.4,10183.65,14:55:00,10176.05902935704,4,69
2017-10-13,10181.4,10185.15,10177.25,10178.7,15:00:00,10176.567693227798,4,70
2017-10-13,10167.55,10182.2,10167.35,10181.05,15:05:00,10175.708865301342,4,71
2017-10-13,10169.45,10169.8,10161.15,10168.3,15:10:00,10175.11278289169,4,72
2017-10-13,10167.65,10170.5,10164.35,10169.85,15:15:00,10174.40204166391,4,73
2017-10-13,10164.7,10168.05,10163.95,10167.4,15:20:00,10173.47803769592,4,74
2017-10-13,10161.0,10165.7,10161.0,10164.85,15:25:00,10172.289653153452,4,75
2017-10-16,10230.05,10234.8,10206.05,10206.05,09:15:00,10177.79063856741,0,1
2017-10-16,10229.65,10232.8,10222.3,10229.95,09:20:00,10182.729625370514,0,2
2017-10-16,10237.2,10239.95,10227.5,10229.3,09:25:00,10187.917280097132,0,3
2017-10-16,10239.6,10242.45,10233.4,10237.5,09:30:00,10192.839443897406,0,4
2017-10-16,10240.75,10241.65,10234.6,10240.2,09:35:00,10197.402354002415,0,5
2017-10-16,10240.6,10242.95,10237.05,10240.85,09:40:00,10201.516415525994,0,6
2017-10-16,10236.65,10241.15,10235.85,10240.15,09:45:00,10204.862471190185,0,7
2017-10-16,10222.8,10236.8,10222.35,10236.3,09:50:00,10206.57080726731,0,8
2017-10-16,10229.45,10232.6,10223.15,10223.15,09:55:00,10208.749778003756,0,9
2017-10-16,10232.5,10233.55,10227.85,10229.4,10:00:00,10211.011703908162,0,10
2017-10-16,10228.85,10233.0,10228.15,10231.75,10:05:00,10212.71058925024,0,11
2017-10-16,10229.5,10232.0,10228.5,10228.6,10:10:00,10214.309580750218,0,12
2017-10-16,10231.85,10232.45,10229.05,10229.65,10:15:00,10215.980096869243,0,13
2017-10-16,10226.9,10232.55,10226.9,10231.65,10:20:00,10217.020087643605,0,14
2017-10-16,10227.45,10229.2,10223.4,10227.0,10:25:00,10218.013412629924,0,15
2017-10-16,10224.0,10229.9,10221.45,10227.35,10:30:00,10218.583563808028,0,16
2017-10-16,10216.25,10223.95,10215.05,10223.55,10:35:00,10218.361319635836,0,17
2017-10-16,10211.1,10216.65,10208.75,10216.05,10:40:00,10217.669765384802,0,18
2017-10-16,10204.25,10214.65,10194.5,10210.95,10:45:00,10216.391692491012,0,19
2017-10-16,10178.9,10204.1,10175.1,10204.1,10:50:00,10212.821055110917,0,20
2017-10-16,10190.85,10191.05,10177.85,10178.8,10:55:00,10210.72857367178,0,21
2017-10-16,10185.9,10191.5,10183.05,10191.0,11:00:00,10208.363947607802,0,22
2017-10-16,10196.85,10200.15,10184.15,10186.05,11:05:00,10207.267381168964,0,23
2017-10-16,10188.5,10197.05,10186.85,10196.75,11:10:00,10205.480011533826,0,24
2017-10-16,10196.1,10196.15,10184.85,10188.7,11:15:00,10204.586677102032,0,25
2017-10-16,10206.25,10206.95,10195.7,10196.0,11:20:00,10204.7450888066,0,26
2017-10-16,10197.4,10205.95,10196.45,10205.95,11:25:00,10204.045556539304,0,27
2017-10-16,10198.9,10201.1,10196.55,10197.1,11:30:00,10203.55550353556,0,28
2017-10-16,10207.4,10208.35,10198.7,10198.75,11:35:00,10203.921646055984,0,29
2017-10-16,10202.9,10206.75,10200.4,10206.75,11:40:00,10203.824346431606,0,30
2017-10-16,10201.75,10203.55,10198.85,10203.1,11:45:00,10203.626789628595,0,31
2017-10-16,10209.15,10210.35,10198.15,10201.8,11:50:00,10204.152809663969,0,32
2017-10-16,10211.3,10213.5,10205.35,10209.0,11:55:00,10204.833494457876,0,33
2017-10-16,10218.3,10218.85,10209.1,10211.7,12:00:00,10206.11601879522,0,34
2017-10-16,10214.1,10217.95,10213.0,10217.95,12:05:00,10206.87639795758,0,35
2017-10-16,10212.15,10215.65,10211.65,10214.05,12:10:00,10207.378645771145,0,36
2017-10-16,10208.65,10215.05,10208.5,10212.1,12:15:00,10207.499727126276,0,37
2017-10-16,10202.8,10208.7,10199.6,10208.55,12:20:00,10207.052134066633,0,38
2017-10-16,10201.25,10203.2,10199.2,10202.75,12:25:00,10206.499549869808,0,39
2017-10-16,10202.7,10205.85,10201.0,10201.1,12:30:00,10206.137687977449,0,40
2017-10-16,10205.35,10206.75,10202.45,10203.05,12:35:00,10206.062670074833,0,41
2017-10-16,10204.1,10206.45,10200.7,10205.5,12:40:00,10205.875749115326,0,42
2017-10-16,10203.15,10204.85,10201.5,10204.85,12:45:00,10205.616153961486,0,43
2017-10-16,10191.8,10203.4,10191.75,10202.8,12:50:00,10204.300329774678,0,44
2017-10-16,10189.75,10194.75,10188.25,10192.15,12:55:00,10202.914584081853,0,45
2017-10-16,10184.45,10193.8,10184.4,10189.9,13:00:00,10201.156052264534,0,46
2017-10-16,10191.2,10191.35,10183.5,10184.25,13:05:00,10200.20785681077,0,47
2017-10-16,10189.4,10194.6,10189.4,10190.95,13:10:00,10199.178537114503,0,48
2017-10-16,10195.75,10197.6,10187.75,10189.8,13:15:00,10198.852009770266,0,49
2017-10-16,10195.25,10199.3,10194.25,10195.6,13:20:00,10198.508961220718,0,50
2017-10-16,10195.35,10196.75,10192.55,10195.45,13:25:00,10198.208107771126,0,51
2017-10-16,10199.4,10200.2,10194.55,10195.9,13:30:00,10198.321621316734,0,52
2017-10-16,10201.55,10203.2,10195.8,10199.75,13:35:00,10198.629085953236,0,53
2017-10-16,10203.4,10203.5,10199.4,10201.1,13:40:00,10199.083458719597,0,54
2017-10-16,10209.5,10209.9,10203.15,10203.15,13:45:00,10200.07551027011,0,55
2017-10-16,10206.15,10209.75,10205.25,10209.25,13:50:00,10200.654033101528,0,56
2017-10-16,10210.3,10210.3,10205.9,10206.05,13:55:00,10201.572696615667,0,57
2017-10-16,10220.55,10224.4,10210.1,10210.1,14:00:00,10203.380058842746,0,58
2017-10-16,10225.25,10225.9,10218.5,10220.4,14:05:00,10205.462910381531,0,59
2017-10-16,10228.85,10229.45,10225.25,10226.3,14:10:00,10207.69025224996,0,60
2017-10-16,10231.9,10234.1,10228.6,10228.6,14:15:00,10209.995942511869,0,61
2017-10-16,10221.4,10232.95,10220.55,10231.1,14:20:00,10211.082043225024,0,62
2017-10-16,10225.65,10228.9,10221.15,10223.4,14:25:00,10212.469467679784,0,63
2017-10-16,10222.1,10227.45,10221.9,10227.45,14:30:00,10213.38666123409,0,64
2017-10-16,10227.05,10230.9,10219.9,10223.65,14:35:00,10214.687931592747,0,65
2017-10-16,10228.1,10230.45,10226.35,10228.65,14:40:00,10215.965271441057,0,66
2017-10-16,10228.35,10233.7,10228.0,10229.35,14:45:00,10217.144769399052,0,67
2017-10-16,10232.9,10233.55,10224.25,10229.1,14:50:00,10218.645267551525,0,68
2017-10-16,10236.55,10239.45,10232.65,10233.9,14:55:00,10220.350480165664,0,69
2017-10-16,10232.95,10237.2,10230.1,10236.8,15:00:00,10221.5504344356,0,70
2017-10-16,10230.4,10234.65,10228.85,10234.65,15:05:00,10222.39325020364,0,71
2017-10-16,10226.55,10232.1,10222.1,10232.05,15:10:00,10222.789131136627,0,72
2017-10-16,10231.1,10232.4,10225.65,10228.3,15:15:00,10223.58064245695,0,73
2017-10-16,10235.3,10235.95,10229.9,10231.3,15:20:00,10224.696771746763,0,74
2017-10-16,10232.5,10236.1,10231.5,10235.45,15:25:00,10225.439936342307,0,75
2017-10-17,10224.1,10230.65,10212.6,10225.1,09:15:00,10225.312323357328,1,1
2017-10-17,10227.95,10239.25,10222.3,10224.15,09:20:00,10225.563530656633,1,2
2017-10-17,10225.2,10230.45,10224.25,10227.3,09:25:00,10225.528908689334,1,3
2017-10-17,10220.45,10225.3,10219.05,10224.9,09:30:00,10225.045203099871,1,4
2017-10-17,10224.95,10225.5,10214.1,10219.75,09:35:00,10225.03613613798,1,5
2017-10-17,10222.9,10227.65,10220.55,10224.9,09:40:00,10224.83269460103,1,6
2017-10-17,10216.9,10223.0,10214.65,10223.0,09:45:00,10224.077199877122,1,7
2017-10-17,10222.8,10223.6,10213.75,10216.85,09:50:00,10223.955561793586,1,8
2017-10-17,10228.0,10228.0,10221.65,10222.55,09:55:00,10224.340746384672,1,9
2017-10-17,10223.0,10231.7,10223.0,10227.95,10:00:00,10224.213056252798,1,10
2017-10-17,10224.4,10227.9,10221.75,10223.2,10:05:00,10224.2308604192,1,11
2017-10-17,10222.25,10224.75,10222.25,10224.1,10:10:00,10224.04220704594,1,12
2017-10-17,10218.05,10222.1,10217.35,10222.0,10:15:00,10223.471520660612,1,13
2017-10-17,10227.35,10227.5,10217.9,10218.2,10:20:00,10223.840899645316,1,14
2017-10-17,10225.4,10228.6,10222.4,10227.25,10:25:00,10223.989385393385,1,15
2017-10-17,10225.9,10227.05,10224.4,10225.9,10:30:00,10224.171348689251,1,16
2017-10-17,10234.8,10234.8,10225.5,10225.65,10:35:00,10225.183601195036,1,17
2017-10-17,10237.1,10240.55,10234.1,10234.15,10:40:00,10226.31849631932,1,18
2017-10-17,10240.1,10246.0,10237.05,10237.05,10:45:00,10227.631020479384,1,19
2017-10-17,10240.7,10245.8,10238.8,10239.9,10:50:00,10228.875685195631,1,20
2017-10-17,10244.55,10244.65,10240.35,10240.6,10:55:00,10230.368477081764,1,21
2017-10-17,10244.95,10248.2,10243.25,10244.3,11:00:00,10231.757193550167,1,22
2017-10-17,10244.05,10245.75,10242.05,10244.7,11:05:00,10232.92793702158,1,23
2017-10-17,10247.45,10248.25,10243.65,10244.2,11:10:00,10234.310990638574,1,24
2017-10-17,10246.8,10251.85,10246.4,10247.2,11:15:00,10235.500420101567,1,25
2017-10-17,10242.2,10247.3,10241.75,10247.1,11:20:00,10236.13847532999,1,26
2017-10-17,10246.45,10247.65,10241.1,10242.6,11:25:00,10237.120525298562,1,27
2017-10-17,10246.35,10247.9,10245.65,10246.35,11:30:00,10237.999522889177,1,28
2017-10-17,10242.0,10246.7,10241.15,10246.15,11:35:00,10238.380520709252,1,29
2017-10-17,10244.6,10245.05,10240.85,10241.8,11:40:00,10238.972852070276,1,30
2017-10-17,10243.75,10244.7,10242.35,10244.55,11:45:00,10239.427818539774,1,31
2017-10-17,10244.75,10245.35,10242.05,10243.6,11:50:00,10239.934692964558,1,32
2017-10-17,10245.55,10246.75,10243.65,10244.85,11:55:00,10240.46948411079,1,33
2017-10-17,10244.55,10247.75,10244.3,10245.4,12:00:00,10240.858104671666,1,34
2017-10-17,10242.75,10245.6,10241.9,10244.4,12:05:00,10241.038285179127,1,35
2017-10-17,10235.15,10242.6,10233.95,10242.6,12:10:00,10240.477496114449,1,36
2017-10-17,10228.15,10235.05,10223.55,10235.05,12:15:00,10239.303448865454,1,37
2017-10-17,10229.75,10230.85,10226.9,10228.35,12:20:00,10238.393596592554,1,38
2017-10-17,10225.0,10229.65,10223.65,10229.65,12:25:00,10237.11801596469,1,39
2017-10-17,10228.7,10229.75,10224.2,10225.05,12:30:00,10236.316300158527,1,40
2017-10-17,10217.3,10230.55,10215.2,10228.6,12:35:00,10234.505223952956,1,41
2017-10-17,10223.25,10224.95,10213.95,10216.3,12:40:00,10233.4332978622,1,42
2017-10-17,10220.35,10226.05,10217.9,10223.55,12:45:00,10232.18726949437,1,43
2017-10-17,10215.05,10221.15,10215.05,10220.25,12:50:00,10230.555148590143,1,44
2017-10-17,10217.75,10220.2,10214.25,10215.0,12:55:00,10229.33561062918,1,45
2017-10-17,10220.7,10221.7,10216.45,10218.0,13:00:00,10228.513171521638,1,46
2017-10-17,10224.4,10225.1,10216.6,10221.05,13:05:00,10228.12144090053,1,47
2017-10-17,10224.1,10224.35,10217.9,10224.35,13:10:00,10227.73844652905,1,48
2017-10-17,10222.55,10224.5,10219.8,10223.85,13:15:00,10227.24430876438,1,49
2017-10-17,10220.75,10223.45,10218.1,10222.75,13:20:00,10226.625803167772,1,50
2017-10-17,10217.0,10220.6,10216.55,10220.6,13:25:00,10225.709060008936,1,51
2017-10-17,10216.5,10218.5,10215.7,10216.95,13:30:00,10224.832006674753,1,52
2017-10-17,10219.85,10219.85,10214.75,10216.45,13:35:00,10224.357529848585,1,53
2017-10-17,10229.95,10231.3,10219.4,10219.9,13:40:00,10224.890146053482,1,54
2017-10-17,10226.4,10230.35,10224.9,10229.7,13:45:00,10225.033941667436,1,55
2017-10-17,10224.4,10226.55,10222.45,10225.95,13:50:00,10224.973566270535,1,56
2017-10-17,10226.3,10227.45,10224.15,10224.35,13:55:00,10225.09989329239,1,57
2017-10-17,10229.8,10231.0,10225.2,10226.05,14:00:00,10225.547522502638,1,58
2017-10-17,10234.9,10236.95,10229.45,10229.7,14:05:00,10226.438234645244,1,59
2017-10-17,10232.0,10235.8,10230.45,10235.1,14:10:00,10226.967926583791,1,60
2017-10-17,10234.8,10234.8,10228.75,10231.75,14:15:00,10227.713838337717,1,61
2017-10-17,10244.7,10248.7,10233.75,10234.65,14:20:00,10229.33156801984,1,62
2017-10-17,10242.2,10247.05,10239.1,10244.9,14:25:00,10230.557132970333,1,63
2017-10-17,10238.4,10243.5,10237.45,10242.95,14:30:00,10231.304072687444,1,64
2017-10-17,10235.5,10239.35,10233.65,10238.3,14:35:00,10231.703684812448,1,65
2017-10-17,10238.4,10240.4,10235.75,10236.1,14:40:00,10232.341429116024,1,66
2017-10-17,10241.9,10244.8,10238.15,10238.15,14:45:00,10233.251769200211,1,67
2017-10-17,10240.9,10243.15,10237.7,10241.8,14:50:00,10233.980172133524,1,68
2017-10-17,10241.9,10242.15,10239.8,10240.85,14:55:00,10234.73444145414,1,69
2017-10-17,10233.85,10244.15,10233.5,10241.85,15:00:00,10234.650208934698,1,70
2017-10-17,10234.25,10235.7,10228.4,10234.0,15:05:00,10234.61209379806,1,71
2017-10-17,10234.7,10235.9,10226.55,10234.35,15:10:00,10234.620465817292,1,72
2017-10-17,10235.2,10236.0,10229.9,10235.25,15:15:00,10234.67565954898,1,73
2017-10-17,10234.3,10237.5,10231.75,10234.85,15:20:00,10234.639882449075,1,74
2017-10-17,10238.35,10238.35,10233.45,10234.5,15:25:00,10234.993226977736,1,75
2017-10-18,10206.2,10209.65,10193.0,10200.3,09:15:00,10232.251014884618,2,1
2017-10-18,10205.15,10211.85,10198.25,10205.4,09:20:00,10229.669965847988,2,2
2017-10-18,10190.65,10206.25,10189.7,10206.0,09:25:00,10225.953778624367,2,3
2017-10-18,10204.15,10206.4,10190.35,10190.35,09:30:00,10223.877228279192,2,4
2017-10-18,10204.55,10207.65,10202.7,10204.3,09:35:00,10222.036539871651,2,5
2017-10-18,10205.45,10208.7,10201.65,10204.5,09:40:00,10220.456869407686,2,6
2017-10-18,10202.3,10209.25,10201.2,10206.15,09:45:00,10218.727643749811,2,7
2017-10-18,10199.05,10203.7,10195.55,10202.0,09:50:00,10216.853582440306,2,8
2017-10-18,10203.3,10207.05,10195.95,10199.35,09:55:00,10215.56276506504,2,9
2017-10-18,10200.7,10208.35,10199.8,10203.55,10:00:00,10214.147263630271,2,10
2017-10-18,10202.3,10204.85,10199.15,10200.75,10:05:00,10213.018952808345,2,11
2017-10-18,10198.05,10204.5,10194.75,10202.45,10:10:00,10211.593338255168,2,12
2017-10-18,10189.35,10198.4,10184.35,10198.0,10:15:00,10209.474925088009,2,13
2017-10-18,10191.6,10192.2,10185.2,10189.1,10:20:00,10207.772551270104,2,14
2017-10-18,10195.6,10196.7,10191.35,10191.55,10:25:00,10206.613260672952,2,15
2017-10-18,10198.5,10198.9,10191.55,10195.25,10:30:00,10205.84056918029,2,16
2017-10-18,10194.4,10199.4,10193.85,10198.45,10:35:00,10204.75099116312,2,17
2017-10-18,10192.6,10195.4,10192.05,10194.45,10:40:00,10203.593753909488,2,18
2017-10-18,10199.9,10200.1,10190.65,10192.45,10:45:00,10203.24196782287,2,19
2017-10-18,10198.95,10200.2,10197.8,10200.05,10:50:00,10202.833208982598,2,20
2017-10-18,10196.7,10200.95,10196.65,10198.35,10:55:00,10202.2490938414,2,21
2017-10-18,10191.95,10198.25,10190.95,10196.75,11:00:00,10201.268227761266,2,22
2017-10-18,10190.65,10193.8,10189.05,10191.75,11:05:00,10200.256967974476,2,23
2017-10-18,10197.6,10199.2,10188.75,10190.6,11:10:00,10200.00392340548,2,24
2017-10-18,10197.35,10200.85,10195.2,10197.3,11:15:00,10199.751168795434,2,25
2017-10-18,10196.6,10198.65,10193.15,10197.1,11:20:00,10199.451057481583,2,26
2017-10-18,10190.3,10197.2,10189.25,10196.15,11:25:00,10198.579528197622,2,27
2017-10-18,10191.3,10192.85,10188.0,10190.0,11:30:00,10197.88623979785,2,28
2017-10-18,10191.85,10193.2,10188.9,10191.45,11:35:00,10197.311359817102,2,29
2017-10-18,10188.9,10193.3,10188.9,10191.8,11:40:00,10196.51027792976,2,30
2017-10-18,10179.3,10190.5,10178.15,10189.15,11:45:00,10194.871203841212,2,31
2017-10-18,10176.95,10182.1,10175.75,10178.95,11:50:00,10193.164422523,2,32
2017-10-18,10184.05,10184.7,10176.45,10176.75,11:55:00,10192.296382282717,2,33
2017-10-18,10184.3,10185.95,10180.9,10184.1,12:00:00,10191.534822065312,2,34
2017-10-18,10186.5,10187.45,10184.1,10185.05,12:05:00,10191.05531520195,2,35
2017-10-18,10184.9,10187.55,10184.35,10186.55,12:10:00,10190.469094706526,2,36
2017-10-18,10181.95,10184.85,10181.4,10184.65,12:15:00,10189.657752353523,2,37
2017-10-18,10183.4,10186.8,10181.9,10181.9,12:20:00,10189.061775938904,2,38
2017-10-18,10182.65,10183.9,10180.45,10183.2,12:25:00,10188.451130611387,2,39
2017-10-18,10191.65,10192.0,10181.7,10182.35,12:30:00,10188.755784838875,2,40
2017-10-18,10200.35,10201.85,10191.65,10191.95,12:35:00,10189.859995806602,2,41
2017-10-18,10206.1,10207.85,10200.6,10200.6,12:40:00,10191.40666287264,2,42
2017-10-18,10201.2,10210.1,10200.5,10206.45,12:45:00,10192.339361646673,2,43
2017-10-18,10207.0,10207.75,10198.9,10200.8,12:50:00,10193.73561291842,2,44
2017-10-18,10210.2,10211.05,10205.65,10207.3,12:55:00,10195.303649783333,2,45
2017-10-18,10214.75,10215.0,10207.15,10209.55,13:00:00,10197.1556831373,2,46
2017-10-18,10212.0,10215.75,10211.8,10214.6,13:05:00,10198.569427600416,2,47
2017-10-18,10213.8,10214.85,10211.15,10212.3,13:10:00,10200.019958305138,2,48
2017-10-18,10218.0,10218.4,10212.85,10214.0,13:15:00,10201.732343228456,2,49
2017-10-18,10213.45,10217.6,10212.85,10217.3,13:20:00,10202.848310540034,2,50
2017-10-18,10211.5,10213.5,10206.15,10213.5,13:25:00,10203.672280964793,2,51
2017-10-18,10217.6,10217.6,10210.75,10211.7,13:30:00,10204.998730396715,2,52
2017-10-18,10221.3,10221.6,10216.9,10217.35,13:35:00,10206.551232263697,2,53
2017-10-18,10225.7,10228.95,10221.0,10222.05,13:40:00,10208.37492442906,2,54
2017-10-18,10222.9,10226.05,10220.0,10225.6,13:45:00,10209.758264959626,2,55
2017-10-18,10230.6,10230.6,10222.75,10223.35,13:50:00,10211.743192106327,2,56
2017-10-18,10233.2,10236.0,10226.8,10229.85,13:55:00,10213.786697620011,2,57
2017-10-18,10232.45,10236.45,10230.6,10233.1,14:00:00,10215.564154989535,2,58
2017-10-18,10231.05,10233.25,10229.85,10232.85,14:05:00,10217.038997371485,2,59
2017-10-18,10216.55,10231.55,10213.3,10231.15,14:10:00,10216.992426193248,2,60
2017-10-18,10223.35,10224.15,10216.7,10217.1,14:15:00,10217.597909412938,2,61
2017-10-18,10213.3,10223.95,10213.3,10223.7,14:20:00,10217.188584706942,2,62
2017-10-18,10219.65,10220.0,10209.65,10214.1,14:25:00,10217.423005211043,2,63
2017-10-18,10224.05,10227.35,10218.95,10219.4,14:30:00,10218.054147571896,2,64
2017-10-18,10223.25,10224.5,10218.5,10224.1,14:35:00,10218.548990660289,2,65
2017-10-18,10226.25,10226.9,10220.0,10223.05,14:40:00,10219.282420121212,2,66
2017-10-18,10218.3,10226.65,10217.0,10226.35,14:45:00,10219.188856300145,2,67
2017-10-18,10225.0,10226.6,10218.35,10218.45,14:50:00,10219.742298557272,2,68
2017-10-18,10222.95,10227.65,10222.35,10224.8,14:55:00,10220.04779393277,2,69
2017-10-18,10216.75,10224.2,10216.65,10223.4,15:00:00,10219.733718320123,2,70
2017-10-18,10207.25,10217.45,10203.85,10216.7,15:05:00,10218.544792765828,2,71
2017-10-18,10203.65,10207.55,10201.7,10207.45,15:10:00,10217.126241073844,2,72
2017-10-18,10211.45,10212.65,10200.5,10203.45,15:15:00,10216.58564668586,2,73
2017-10-18,10214.7,10216.0,10210.45,10211.95,15:20:00,10216.406061287204,2,74
2017-10-18,10216.8,10220.25,10214.8,10214.85,15:25:00,10216.443579259852,2,75
2017-10-19,10210.35,10210.35,10210.35,10210.35,18:20:00,10215.86323837796,3,1
2017-10-19,10196.7,10211.95,10195.05,10205.25,18:30:00,10214.03816805625,3,2
2017-10-19,10195.85,10196.85,10184.45,10196.85,18:35:00,10212.305961574702,3,3
2017-10-19,10192.05,10196.55,10191.45,10195.95,18:40:00,10210.376822377111,3,4
2017-10-19,10183.35,10192.8,10181.85,10192.75,18:45:00,10207.802839293578,3,5
2017-10-19,10180.8,10185.9,10180.8,10183.55,18:50:00,10205.231140313235,3,6
2017-10-19,10184.65,10186.15,10180.2,10181.0,18:55:00,10203.271031711976,3,7
2017-10-19,10182.0,10187.05,10181.75,10184.35,19:00:00,10201.24521916798,3,8
2017-10-19,10161.05,10183.5,10160.3,10182.6,19:05:00,10197.417103056743,3,9
2017-10-19,10139.15,10161.75,10133.3,10161.2,19:10:00,10191.867855146576,3,10
2017-10-19,10127.55,10145.75,10125.4,10140.1,19:15:00,10185.742345132616,3,11
2017-10-19,10137.8,10138.05,10123.35,10128.1,19:20:00,10181.176407500938,3,12
2017-10-19,10124.8,10137.9,10124.15,10137.35,19:25:00,10175.807225834182,3,13
2017-10-19,10146.55,10146.55,10136.5,10136.5,19:30:00,10173.020823373785,3,14
2017-10-23,10192.45,10192.95,10161.4,10169.6,09:15:00,10174.87122114771,0,1
2017-10-23,10209.45,10224.15,10193.0,10193.0,09:20:00,10178.164438181262,0,2
2017-10-23,10208.65,10211.75,10199.85,10209.8,09:25:00,10181.067825021142,0,3
2017-10-23,10209.3,10213.5,10207.8,10208.7,09:30:00,10183.756603590557,0,4
2017-10-23,10202.4,10211.75,10200.4,10209.65,09:35:00,10185.53216515336,0,5
2017-10-23,10192.25,10205.0,10186.9,10202.3,09:40:00,10186.171958948278,0,6
2017-10-23,10189.25,10193.55,10182.2,10191.9,09:45:00,10186.465105715108,0,7
2017-10-23,10165.35,10189.4,10156.35,10189.0,09:50:00,10184.45414326605,0,8
2017-10-23,10163.45,10166.8,10158.4,10164.9,09:55:00,10182.453748669284,0,9
2017-10-23,10176.1,10176.2,10163.45,10163.55,10:00:00,10181.8486297484,0,10
2017-10-23,10170.85,10177.3,10166.65,10175.95,10:05:00,10180.801141200933,0,11
2017-10-23,10167.05,10171.05,10165.2,10170.9,10:10:00,10179.491508705603,0,12
2017-10-23,10167.9,10169.0,10162.3,10166.85,10:15:00,10178.387555495548,0,13
2017-10-23,10171.6,10179.1,10167.7,10168.3,10:20:00,10177.74112163883,0,14
2017-10-23,10173.6,10176.85,10171.4,10171.4,10:25:00,10177.3467291018,0,15
2017-10-23,10172.2,10175.15,10169.35,10173.5,10:30:00,10176.856564425436,0,16
2017-10-23,10176.3,10177.45,10170.45,10171.8,10:35:00,10176.80355828968,0,17
2017-10-23,10173.25,10178.35,10172.85,10175.9,10:40:00,10176.465124166853,0,18
2017-10-23,10178.8,10178.8,10172.1,10172.9,10:45:00,10176.68749329382,0,19
2017-10-23,10184.7,10186.85,10178.45,10178.45,10:50:00,10177.4505891706,0,20
2017-10-23,10182.6,10185.65,10180.6,10185.2,10:55:00,10177.94100924959,0,21
2017-10-23,10179.4,10182.8,10178.65,10182.0,11:00:00,10178.079960749628,0,22
2017-10-23,10172.1,10179.0,10170.9,10178.6,11:05:00,10177.510440678236,0,23
2017-10-23,10176.65,10176.95,10171.3,10171.6,11:10:00,10177.428493946976,0,24
2017-10-23,10174.45,10178.2,10174.2,10176.35,11:15:00,10177.144827856788,0,25
2017-10-23,10167.85,10175.3,10167.2,10174.5,11:20:00,10176.259606156142,0,26
2017-10-23,10164.35,10170.25,10163.25,10167.65,11:25:00,10175.125357950794,0,27
2017-10-23,10161.95,10164.25,10156.05,10164.25,11:30:00,10173.87056195548,0,28
2017-10-23,10164.2,10167.2,10161.35,10161.85,11:35:00,10172.94955605496,0,29
2017-10-23,10167.9,10171.0,10164.35,10164.35,11:40:00,10172.468645954486,0,30
2017-10-23,10168.4,10169.7,10166.6,10167.85,11:45:00,10172.081155863583,0,31
2017-10-23,10158.35,10169.1,10155.15,10168.1,11:50:00,10170.773426733718,0,32
2017-10-23,10158.8,10158.8,10148.95,10158.15,11:55:00,10169.633100378123,0,33
2017-10-23,10143.2,10159.75,10141.35,10159.1,12:00:00,10167.115662246875,0,34
2017-10-23,10133.6,10143.1,10125.25,10143.1,12:05:00,10163.92369441384,0,35
2017-10-23,10129.45,10134.5,10126.65,10133.3,12:10:00,10160.640485422044,0,36
2017-10-23,10132.1,10134.1,10127.45,10128.85,12:15:00,10157.92234395328,0,37
2017-10-23,10136.6,10138.45,10132.4,10132.4,12:20:00,10155.891644529158,0,38
2017-10-23,10140.2,10141.15,10136.1,10136.45,12:25:00,10154.397202193048,0,39
2017-10-23,10134.7,10143.5,10134.4,10140.35,12:30:00,10152.521278174663,0,40
2017-10-23,10129.15,10136.5,10128.75,10134.85,12:35:00,10150.295442158029,0,41
2017-10-23,10132.75,10132.85,10124.5,10129.35,12:40:00,10148.624447666783,0,42
2017-10-23,10135.6,10135.6,10129.95,10132.8,12:45:00,10147.384024079473,0,43
2017-10-23,10134.2,10140.1,10133.45,10135.25,12:50:00,10146.12840273857,0,44
2017-10-23,10137.5,10138.65,10133.7,10134.0,12:55:00,10145.306650096802,0,45
2017-10-23,10136.1,10139.9,10134.35,10137.05,13:00:00,10144.42982627806,0,46
2017-10-23,10138.7,10138.95,10133.2,10134.8,13:05:00,10143.884128537293,0,47
2017-10-23,10135.7,10138.95,10134.95,10138.0,13:10:00,10143.104687724215,0,48
2017-10-23,10132.95,10137.8,10130.95,10135.6,13:15:00,10142.137574607625,0,49
2017-10-23,10141.3,10143.5,10131.4,10132.8,13:20:00,10142.057805597377,0,50
2017-10-23,10151.95,10156.25,10139.8,10141.05,13:25:00,10142.999919350006,0,51
2017-10-23,10156.45,10156.95,10150.4,10152.25,13:30:00,10144.28087941191,0,52
2017-10-23,10149.25,10157.0,10148.5,10156.2,13:35:00,10144.754128991728,0,53
2017-10-23,10147.1,10149.25,10143.1,10148.95,13:40:00,10144.97754527823,0,54
2017-10-23,10145.05,10148.1,10143.8,10146.95,13:45:00,10144.98444572792,0,55
2017-10-23,10154.6,10154.6,10144.65,10144.75,13:50:00,10145.900212801453,0,56
2017-10-23,10150.85,10155.6,10150.7,10154.35,13:55:00,10146.371621106076,0,57
2017-10-23,10154.5,10154.5,10149.85,10150.8,14:00:00,10147.145752429307,0,58
2017-10-23,10160.8,10160.8,10152.2,10154.6,14:05:00,10148.44615695985,0,59
2017-10-23,10164.15,10167.45,10160.25,10160.65,14:10:00,10149.941761058912,0,60
2017-10-23,10165.0,10170.15,10162.55,10163.85,14:15:00,10151.3758790533,0,61
2017-10-23,10163.5,10166.5,10160.7,10164.65,14:20:00,10152.530557238702,0,62
2017-10-23,10158.15,10163.55,10157.4,10163.45,14:25:00,10153.065742263589,0,63
2017-10-23,10163.3,10163.65,10157.9,10158.2,14:30:00,10154.04043347658,0,64
2017-10-23,10173.0,10173.2,10162.15,10163.25,14:35:00,10155.84610647881,0,65
2017-10-23,10177.0,10180.85,10172.05,10173.15,14:40:00,10157.860763004635,0,66
2017-10-23,10176.8,10177.15,10169.05,10176.95,14:45:00,10159.66449986134,0,67
2017-10-23,10172.65,10177.05,10171.75,10176.5,14:50:00,10160.90121416026,0,68
2017-10-23,10173.95,10174.8,10171.0,10172.1,14:55:00,10162.143955668807,0,69
2017-10-23,10174.35,10176.55,10172.3,10173.85,15:00:00,10163.306436081302,0,70
2017-10-23,10180.35,10180.55,10174.4,10174.45,15:05:00,10164.929632644988,0,71
2017-10-23,10189.95,10191.9,10179.05,10180.75,15:10:00,10167.312524774035,0,72
2017-10-23,10188.4,10190.85,10183.95,10189.9,15:15:00,10169.32085574794,0,73
2017-10-23,10189.15,10189.95,10186.1,10188.15,15:20:00,10171.209345676709,0,74
2017-10-23,10192.25,10196.25,10187.2,10188.8,15:25:00,10173.21321751702,0,75
2017-10-24,10195.35,10219.1,10192.8,10214.2,09:15:00,10175.3214825154,1,1
2017-10-24,10196.35,10202.75,10187.85,10194.3,09:20:00,10177.324198466316,1,2
2017-10-24,10196.9,10201.45,10191.9,10196.5,09:25:00,10179.18856051714,1,3
2017-10-24,10203.9,10204.8,10197.1,10197.1,09:30:00,10181.54203094408,1,4
2017-10-24,10204.7,10205.1,10196.6,10203.05,09:35:00,10183.747551806548,1,5
2017-10-24,10207.25,10209.3,10204.45,10204.65,09:40:00,10185.985880205924,1,6
2017-10-24,10211.6,10216.8,10207.0,10207.2,09:45:00,10188.425320186312,1,7
2017-10-24,10212.6,10212.95,10208.45,10211.25,09:50:00,10190.72767064476,1,8
2017-10-24,10211.8,10215.85,10210.3,10213.0,09:55:00,10192.734559154782,1,9
2017-10-24,10218.4,10218.8,10210.15,10211.85,10:00:00,10195.178886854326,1,10
2017-10-24,10217.95,10220.65,10216.6,10218.55,10:05:00,10197.347564296771,1,11
2017-10-24,10230.35,10231.45,10217.05,10217.7,10:10:00,10200.490653411363,1,12
2017-10-24,10229.6,10237.75,10227.6,10230.8,10:15:00,10203.262972134093,1,13
2017-10-24,10226.9,10230.85,10225.8,10229.55,10:20:00,10205.514117645133,1,14
2017-10-24,10228.8,10230.1,10226.0,10227.2,10:25:00,10207.731820726549,1,15
2017-10-24,10227.75,10232.55,10226.65,10229.05,10:30:00,10209.638313990688,1,16
2017-10-24,10226.2,10228.9,10222.05,10228.05,10:35:00,10211.215617420145,1,17
2017-10-24,10226.5,10228.05,10225.0,10226.45,10:40:00,10212.67127290394,1,18
2017-10-24,10220.0,10227.55,10220.0,10226.9,10:45:00,10213.36924691309,1,19
2017-10-24,10221.65,10222.45,10217.8,10220.15,10:50:00,10214.157890064223,1,20
2017-10-24,10222.4,10224.15,10219.5,10221.6,10:55:00,10214.942852915248,1,21
2017-10-24,10222.5,10228.35,10221.95,10222.35,11:00:00,10215.662581209035,1,22
2017-10-24,10220.75,10224.65,10220.65,10223.85,11:05:00,10216.147097284364,1,23
2017-10-24,10216.2,10221.0,10210.6,10220.9,11:10:00,10216.152135638236,1,24
2017-10-24,10220.25,10221.0,10214.85,10214.85,11:15:00,10216.542408434596,1,25
2017-10-24,10216.8,10221.0,10214.4,10219.45,11:20:00,10216.566940964634,1,26
2017-10-24,10216.25,10217.5,10214.35,10216.9,11:25:00,10216.53675611086,1,27
2017-10-24,10215.1,10218.55,10214.2,10216.2,11:30:00,10216.39992219554,1,28
2017-10-24,10210.85,10215.8,10210.5,10215.4,11:35:00,10215.871358176915,1,29
2017-10-24,10209.6,10212.85,10209.45,10210.65,11:40:00,10215.274085969591,1,30
2017-10-24,10213.35,10213.35,10207.9,10209.7,11:45:00,10215.090839686774,1,31
2017-10-24,10219.05,10219.45,10212.2,10213.5,11:50:00,10215.467902573748,1,32
2017-10-24,10217.0,10223.0,10215.75,10218.85,11:55:00,10215.613816614345,1,33
2017-10-24,10219.0,10220.9,10216.35,10217.4,12:00:00,10215.93631027012,1,34
2017-10-24,10218.85,10220.55,10217.55,10219.6,12:05:00,10216.213804530107,1,35
2017-10-24,10220.15,10220.8,10218.45,10219.0,12:10:00,10216.588680289147,1,36
2017-10-24,10223.35,10224.35,10219.65,10220.4,12:15:00,10217.232615499704,1,37
2017-10-24,10224.45,10225.75,10221.85,10223.2,12:20:00,10217.919985452114,1,38
2017-10-24,10220.95,10225.75,10220.0,10224.15,12:25:00,10218.208558266198,1,39
2017-10-24,10223.4,10224.35,10220.55,10220.55,12:30:00,10218.702981288465,1,40
2017-10-24,10225.75,10225.75,10220.9,10223.45,12:35:00,10219.37412592766,1,41
2017-10-24,10219.5,10227.25,10219.4,10225.8,12:40:00,10219.386113934548,1,42
2017-10-24,10219.1,10224.6,10215.95,10219.75,12:45:00,10219.3588649884,1,43
2017-10-24,10217.4,10221.2,10213.35,10218.75,12:50:00,10219.172306418075,1,44
2017-10-24,10215.25,10219.15,10213.4,10217.25,12:55:00,10218.79875342588,1,45
2017-10-24,10213.0,10215.45,10210.55,10215.35,13:00:00,10218.246491194845,1,46
2017-10-24,10209.2,10216.8,10208.6,10212.9,13:05:00,10217.384920604856,1,47
2017-10-24,10212.65,10214.9,10206.7,10208.6,13:10:00,10216.933975785349,1,48
2017-10-24,10202.9,10213.85,10199.7,10213.1,13:15:00,10215.597406662931,1,49
2017-10-24,10207.0,10211.45,10202.65,10202.85,13:20:00,10214.778606028369,1,50
2017-10-24,10208.95,10209.1,10203.95,10206.75,13:25:00,10214.223500692333,1,51
2017-10-24,10209.25,10216.6,10208.8,10208.8,13:30:00,10213.74983395973,1,52
2017-10-24,10193.45,10211.35,10193.45,10209.2,13:35:00,10211.816516439754,1,53
2017-10-24,10190.9,10196.95,10183.35,10193.55,13:40:00,10209.824467255015,1,54
2017-10-24,10186.95,10191.95,10182.4,10191.2,13:45:00,10207.645946564062,1,55
2017-10-24,10196.9,10199.45,10185.75,10187.45,13:50:00,10206.62252308177,1,56
2017-10-24,10193.95,10202.3,10192.55,10196.95,13:55:00,10205.415616121603,1,57
2017-10-24,10200.25,10203.55,10193.85,10194.05,14:00:00,10204.923652681451,1,58
2017-10-24,10202.9,10203.1,10198.6,10200.4,14:05:00,10204.730923854648,1,59
2017-10-24,10201.65,10203.8,10200.7,10202.75,14:10:00,10204.437502535158,1,60
2017-10-24,10211.95,10214.2,10200.85,10201.0,14:15:00,10205.152978484191,1,61
2017-10-24,10206.9,10212.6,10205.8,10211.9,14:20:00,10205.319361485695,1,62
2017-10-24,10210.45,10212.9,10206.95,10206.95,14:25:00,10205.807993725151,1,63
2017-10-24,10214.1,10218.9,10210.5,10210.6,14:30:00,10206.597708608471,1,64
2017-10-24,10214.05,10215.0,10210.55,10214.2,14:35:00,10207.30745064576,1,65
2017-10-24,10212.8,10217.05,10212.55,10214.15,14:40:00,10207.830550584258,1,66
2017-10-24,10211.1,10213.65,10205.45,10213.0,14:45:00,10208.14192671909,1,67
2017-10-24,10206.3,10212.1,10203.35,10211.0,14:50:00,10207.966505126797,1,68
2017-10-24,10213.95,10213.95,10203.65,10205.8,14:55:00,10208.536361781387,1,69
2017-10-24,10209.4,10213.9,10205.85,10213.5,15:00:00,10208.618613040304,1,70
2017-10-24,10207.4,10211.0,10206.95,10209.2,15:05:00,10208.502554655512,1,71
2017-10-24,10210.65,10210.65,10203.8,10207.15,15:10:00,10208.70707325975,1,72
2017-10-24,10208.75,10211.1,10205.05,10210.5,15:15:00,10208.711161520723,1,73
2017-10-24,10208.7,10211.0,10206.25,10209.1,15:20:00,10208.710098518752,1,74
2017-10-24,10208.4,10211.45,10206.1,10209.95,15:25:00,10208.68056532649,1,75
2017-10-25,10282.75,10340.55,10275.05,10320.05,09:15:00,10215.734797200155,2,1
2017-10-25,10280.8,10294.85,10279.65,10283.3,09:20:00,10221.931483181092,2,2
2017-10-25,10257.9,10286.25,10256.05,10282.2,09:25:00,10225.357056211466,2,3
2017-10-25,10275.85,10278.65,10253.75,10258.6,09:30:00,10230.16590800085,2,4
2017-10-25,10266.55,10276.6,10266.15,10275.9,09:35:00,10233.631059619816,2,5
2017-10-25,10265.25,10274.45,10259.2,10267.3,09:40:00,10236.642387275073,2,6
2017-10-25,10255.7,10266.55,10255.6,10265.1,09:45:00,10238.45739801078,2,7
2017-10-25,10248.95,10263.0,10248.95,10256.05,09:50:00,10239.456693438326,2,8
2017-10-25,10262.15,10263.3,10248.5,10248.85,09:55:00,10241.617960729916,2,9
2017-10-25,10261.65,10266.4,10258.95,10261.6,10:00:00,10243.525773993731,2,10
2017-10-25,10253.75,10262.45,10247.9,10261.9,10:05:00,10244.499509803853,2,11
2017-10-25,10251.15,10257.7,10249.05,10253.8,10:10:00,10245.132889822533,2,12
2017-10-25,10243.95,10252.05,10240.9,10251.2,10:15:00,10245.020233648958,2,13
2017-10-25,10252.35,10252.35,10243.65,10243.75,10:20:00,10245.718306634772,2,14
2017-10-25,10253.25,10257.85,10252.7,10252.7,10:25:00,10246.435610764793,2,15
2017-10-25,10254.15,10256.1,10249.55,10253.35,10:30:00,10247.17031450148,2,16
2017-10-25,10256.3,10256.9,10251.15,10254.25,10:35:00,10248.03980835848,2,17
2017-10-25,10250.75,10257.55,10250.2,10256.4,10:40:00,10248.297921848149,2,18
2017-10-25,10260.4,10260.75,10251.1,10251.1,10:45:00,10249.450500719751,2,19
2017-10-25,10260.95,10261.9,10255.95,10260.9,10:50:00,10250.545691127396,2,20
2017-10-25,10266.2,10266.75,10259.05,10261.45,10:55:00,10252.036577686693,2,21
2017-10-25,10261.15,10268.55,10260.2,10267.8,11:00:00,10252.90452266891,2,22
2017-10-25,10260.95,10264.15,10259.1,10261.05,11:05:00,10253.670758605203,2,23
2017-10-25,10261.7,10266.95,10260.65,10260.9,11:10:00,10254.435448261853,2,24
2017-10-25,10261.65,10265.5,10260.4,10261.55,11:15:00,10255.12254842739,2,25
2017-10-25,10266.4,10267.0,10260.65,10261.7,11:20:00,10256.196591434304,2,26
2017-10-25,10266.25,10267.5,10263.15,10266.25,11:25:00,10257.15405891675,2,27
2017-10-25,10269.05,10272.65,10264.55,10266.65,11:30:00,10258.287005686583,2,28
2017-10-25,10267.95,10274.35,10266.9,10269.5,11:35:00,10259.207290859287,2,29
2017-10-25,10267.9,10269.9,10264.4,10267.65,11:40:00,10260.035167920309,2,30
2017-10-25,10270.3,10272.25,10268.25,10268.25,11:45:00,10261.012770975518,2,31
2017-10-25,10270.55,10272.65,10266.7,10270.1,11:50:00,10261.921078501658,2,32
2017-10-25,10267.6,10271.35,10265.9,10270.6,11:55:00,10262.461928168168,2,33
2017-10-25,10264.0,10270.5,10263.1,10267.5,12:00:00,10262.608411199772,2,34
2017-10-25,10265.85,10267.55,10261.35,10263.4,12:05:00,10262.917133942652,2,35
2017-10-25,10266.2,10268.3,10263.15,10266.35,12:10:00,10263.229787852875,2,36
2017-10-25,10264.6,10267.05,10262.9,10266.05,12:15:00,10263.36028424784,2,37
2017-10-25,10264.65,10268.1,10263.0,10264.95,12:20:00,10263.483114319475,2,38
2017-10-25,10265.95,10269.5,10263.85,10264.35,12:25:00,10263.718055812858,2,39
2017-10-25,10264.45,10267.45,10262.05,10266.25,12:30:00,10263.787764783065,2,40
2017-10-25,10264.2,10265.75,10261.65,10264.05,12:35:00,10263.827025279914,2,41
2017-10-25,10261.8,10266.6,10261.75,10264.0,12:40:00,10263.633975253257,2,42
2017-10-25,10264.6,10264.7,10260.35,10261.25,12:45:00,10263.72597761009,2,43
2017-10-25,10274.35,10275.65,10264.85,10264.85,12:50:00,10264.737789266272,2,44
2017-10-25,10280.8,10280.8,10273.75,10274.7,12:55:00,10266.267523621866,2,45
2017-10-25,10275.65,10282.65,10273.5,10281.0,13:00:00,10267.161092800736,2,46
2017-10-25,10279.7,10282.45,10273.9,10276.0,13:05:00,10268.355274438762,2,47
2017-10-25,10292.9,10294.5,10279.35,10279.35,13:10:00,10270.692867349357,2,48
2017-10-25,10286.75,10302.1,10286.6,10293.25,13:15:00,10272.222118077989,2,49
2017-10-25,10286.6,10291.3,10282.35,10286.9,13:20:00,10273.5914401658,2,50
2017-10-25,10282.65,10293.35,10280.7,10286.75,13:25:00,10274.454160150008,2,51
2017-10-25,10280.4,10287.4,10279.35,10282.05,13:30:00,10275.020430611912,2,52
2017-10-25,10291.95,10291.95,10280.75,10280.9,13:35:00,10276.632770553637,2,53
2017-10-25,10290.8,10294.1,10284.05,10292.35,13:40:00,10277.982030500909,2,54
2017-10-25,10291.55,10294.6,10289.15,10290.65,13:45:00,10279.27421807225,2,55
2017-10-25,10293.7,10296.75,10288.75,10291.95,13:50:00,10280.64810206537,2,56
2017-10-25,10294.7,10299.4,10292.95,10293.85,13:55:00,10281.986378059146,2,57
2017-10-25,10304.15,10304.85,10294.65,10294.65,14:00:00,10284.09719919637,2,58
2017-10-25,10309.0,10310.8,10303.25,10303.8,14:05:00,10286.468894511,2,59
2017-10-25,10307.2,10313.15,10307.2,10309.1,14:10:00,10288.443285509951,2,60
2017-10-25,10304.0,10307.6,10298.4,10307.6,14:15:00,10289.92487736615,2,61
2017-10-25,10308.8,10311.5,10304.15,10304.45,14:20:00,10291.722508093182,2,62
2017-10-25,10300.75,10308.9,10299.1,10308.9,14:25:00,10292.582269227163,2,63
2017-10-25,10301.55,10307.7,10298.9,10300.65,14:30:00,10293.436338824578,2,64
2017-10-25,10290.75,10303.65,10290.75,10301.95,14:35:00,10293.180497031764,2,65
2017-10-25,10292.6,10300.75,10290.75,10291.9,14:40:00,10293.125211600169,2,66
2017-10-25,10296.6,10301.4,10292.3,10292.3,14:45:00,10293.456143828722,2,67
2017-10-25,10293.45,10299.85,10290.9,10297.05,14:50:00,10293.455558702177,2,68
2017-10-25,10292.85,10298.55,10292.7,10293.8,14:55:00,10293.397886444827,2,69
2017-10-25,10293.3,10298.5,10291.9,10293.4,15:00:00,10293.388563926272,2,70
2017-10-25,10295.1,10296.8,10288.65,10293.5,15:05:00,10293.551557838056,2,71
2017-10-25,10300.7,10301.4,10294.35,10295.6,15:10:00,10294.23236185348,2,72
2017-10-25,10297.6,10302.8,10293.5,10301.5,15:15:00,10294.553089296003,2,73
2017-10-25,10292.75,10298.0,10290.95,10297.9,15:20:00,10294.38136650591,2,74
2017-10-25,10294.15,10295.75,10289.25,10292.35,15:25:00,10294.359331600584,2,75
2017-10-26,10283.8,10292.2,10273.95,10278.45,09:15:00,10293.353680971955,3,1
2017-10-26,10279.65,10293.15,10277.5,10283.95,09:20:00,10292.048568498438,3,2
2017-10-26,10282.7,10294.2,10271.85,10278.6,09:25:00,10291.158228641443,3,3
2017-10-26,10284.35,10291.5,10275.05,10283.45,09:30:00,10290.509825913688,3,4
2017-10-26,10274.15,10286.05,10274.15,10284.8,09:35:00,10288.95174725524,3,5
2017-10-26,10275.35,10279.15,10272.2,10274.4,09:40:00,10287.65634275474,3,6
2017-10-26,10286.1,10287.25,10272.15,10274.95,09:45:00,10287.508119635242,3,7
2017-10-26,10289.3,10291.55,10283.15,10286.35,09:50:00,10287.678774908076,3,8
2017-10-26,10281.8,10289.95,10280.25,10289.65,09:55:00,10287.118891583495,3,9
2017-10-26,10280.4,10286.15,10274.4,10282.2,10:00:00,10286.478997146976,3,10
2017-10-26,10284.1,10287.95,10279.85,10279.85,10:05:00,10286.252425990118,3,11
2017-10-26,10285.3,10287.7,10280.25,10284.25,10:10:00,10286.161718752965,3,12
2017-10-26,10280.7,10286.35,10279.8,10285.55,10:15:00,10285.641555062204,3,13
2017-10-26,10283.0,10285.25,10279.85,10281.0,10:20:00,10285.389978389614,3,14
2017-10-26,10278.3,10284.2,10277.3,10283.3,10:25:00,10284.714742352508,3,15
2017-10-26,10276.15,10279.75,10274.1,10278.45,10:30:00,10283.89905260465,3,16
2017-10-26,10276.1,10280.85,10274.05,10275.3,10:35:00,10283.15628568992,3,17
2017-10-26,10277.95,10279.9,10273.05,10276.2,10:40:00,10282.660448957547,3,18
2017-10-26,10284.25,10288.1,10277.5,10277.85,10:45:00,10282.811834771115,3,19
2017-10-26,10284.95,10290.05,10281.9,10284.15,10:50:00,10283.01546955482,3,20
2017-10-26,10285.85,10290.65,10284.3,10285.25,10:55:00,10283.285424835312,3,21
2017-10-26,10287.6,10288.95,10284.8,10286.05,11:00:00,10283.696336755758,3,22
2017-10-26,10289.65,10292.3,10286.05,10287.5,11:05:00,10284.263352302827,3,23
2017-10-26,10289.25,10294.3,10288.3,10290.35,11:10:00,10284.738271131131,3,24
2017-10-26,10294.85,10297.25,10287.6,10291.65,11:15:00,10285.701292928166,3,25
2017-10-26,10288.4,10295.95,10287.05,10295.05,11:20:00,10285.958312649294,3,26
2017-10-26,10294.3,10294.7,10287.55,10288.0,11:25:00,10286.752759063647,3,27
2017-10-26,10292.3,10294.4,10288.85,10294.05,11:30:00,10287.281067724252,3,28
2017-10-26,10299.85,10300.25,10292.55,10292.55,11:35:00,10288.47810889337,3,29
2017-10-26,10305.55,10308.55,10300.15,10300.45,11:40:00,10290.104003284478,3,30
2017-10-26,10303.15,10310.25,10303.15,10306.0,11:45:00,10291.346479162146,3,31
2017-10-26,10303.35,10307.6,10301.4,10303.45,11:50:00,10292.489671622894,3,32
2017-10-26,10299.6,10304.8,10299.1,10303.5,11:55:00,10293.166845754047,3,33
2017-10-26,10305.25,10305.9,10295.85,10299.8,12:00:00,10294.3176223489,3,34
2017-10-26,10308.35,10312.45,10303.85,10305.45,12:05:00,10295.654039268053,3,35
2017-10-26,10304.45,10307.45,10302.2,10307.45,12:10:00,10296.491749813951,3,36
2017-10-26,10307.0,10307.55,10301.8,10304.3,12:15:00,10297.492535545958,3,37
2017-10-26,10310.55,10310.75,10306.25,10307.1,12:20:00,10298.7361035892,3,38
2017-10-26,10315.8,10316.8,10307.75,10310.35,12:25:00,10300.361236580706,3,39
2017-10-26,10315.0,10316.05,10310.9,10315.85,12:30:00,10301.7554045254,3,40
2017-10-26,10316.7,10317.25,10311.55,10315.1,12:35:00,10303.178699332504,3,41
2017-10-26,10312.1,10317.75,10311.75,10316.65,12:40:00,10304.028347015124,3,42
2017-10-26,10312.7,10313.4,10307.1,10311.9,12:45:00,10304.854218727967,3,43
2017-10-26,10312.15,10314.5,10310.75,10312.95,12:50:00,10305.54905503959,3,44
2017-10-26,10321.1,10321.45,10311.85,10311.95,12:55:00,10307.030097416771,3,45
2017-10-26,10320.4,10324.3,10318.4,10321.5,13:00:00,10308.303421472316,3,46
2017-10-26,10322.15,10322.9,10317.95,10320.75,13:05:00,10309.622143236858,3,47
2017-10-26,10317.25,10322.55,10315.4,10322.55,13:10:00,10310.34860578573,3,48
2017-10-26,10314.3,10317.85,10311.8,10317.7,13:15:00,10310.72492904423,3,49
2017-10-26,10312.35,10315.05,10307.15,10314.75,13:20:00,10310.879697706683,3,50
2017-10-26,10317.1,10319.95,10311.4,10312.85,13:25:00,10311.472107448906,3,51
2017-10-26,10316.4,10319.6,10315.9,10316.8,13:30:00,10311.94143054901,3,52
2017-10-26,10323.85,10326.5,10315.9,10316.7,13:35:00,10313.075580020532,3,53
2017-10-26,10321.1,10323.95,10319.75,10323.9,13:40:00,10313.839810494768,3,54
2017-10-26,10329.7,10329.85,10320.85,10321.2,13:45:00,10315.350304733362,3,55
2017-10-26,10329.55,10334.95,10327.2,10330.25,13:50:00,10316.702656663518,3,56
2017-10-26,10337.05,10338.45,10329.75,10329.75,13:55:00,10318.64049888604,3,57
2017-10-26,10332.75,10337.35,10330.35,10337.2,14:00:00,10319.984260896894,3,58
2017-10-26,10329.65,10336.9,10328.55,10332.7,14:05:00,10320.904807478142,3,59
2017-10-26,10326.15,10330.0,10323.75,10329.8,14:10:00,10321.40434962308,3,60
2017-10-26,10319.55,10327.0,10319.1,10325.7,14:15:00,10321.227744897073,3,61
2017-10-26,10315.0,10322.85,10313.5,10319.5,14:20:00,10320.634626335446,3,62
2017-10-26,10305.9,10315.35,10298.25,10314.4,14:25:00,10319.231328589212,3,63
2017-10-26,10301.8,10307.1,10299.15,10306.05,14:30:00,10317.571202056906,3,64
2017-10-26,10320.55,10321.2,10296.8,10301.25,14:35:00,10317.854897099103,3,65
2017-10-26,10315.6,10320.65,10312.95,10320.65,14:40:00,10317.640144994428,3,66
2017-10-26,10311.9,10316.1,10309.5,10316.1,14:45:00,10317.093464518768,3,67
2017-10-26,10310.95,10316.5,10308.9,10312.5,14:50:00,10316.50837265984,3,68
2017-10-26,10313.45,10313.8,10305.8,10310.9,14:55:00,10316.217099073188,3,69
2017-10-26,10354.15,10354.15,10314.65,10314.65,15:00:00,10319.829756304314,3,70
2017-10-26,10352.0,10355.65,10348.95,10355.3,15:05:00,10322.893589037236,3,71
2017-10-26,10345.75,10353.65,10344.05,10352.3,15:10:00,10325.070390081308,3,72
2017-10-26,10346.4,10349.5,10339.8,10346.15,15:15:00,10327.101781502137,3,73
2017-10-26,10341.5,10347.05,10333.4,10347.05,15:20:00,10328.473040406694,3,74
2017-10-26,10334.7,10345.7,10334.7,10342.9,15:25:00,10329.066084177484,3,75
2017-10-27,10359.1,10366.15,10350.5,10352.55,09:15:00,10331.926457112962,4,1
2017-10-27,10344.85,10360.25,10336.85,10359.05,09:20:00,10333.157270721253,4,2
2017-10-27,10340.25,10353.55,10338.75,10345.4,09:25:00,10333.8327687478,4,3
2017-10-27,10342.55,10344.4,10338.75,10341.3,09:30:00,10334.66298124801,4,4
2017-10-27,10342.9,10345.35,10339.45,10341.9,09:35:00,10335.44745922439,4,5
2017-10-27,10342.9,10344.05,10338.95,10343.05,09:40:00,10336.157225012545,4,6
2017-10-27,10351.8,10352.15,10341.15,10343.1,09:45:00,10337.647013106587,4,7
2017-10-27,10349.2,10359.35,10348.6,10351.2,09:50:00,10338.747297572629,4,8
2017-10-27,10355.5,10355.5,10345.0,10349.35,09:55:00,10340.3427930419,4,9
2017-10-27,10349.0,10357.9,10346.3,10355.15,10:00:00,10341.167288942672,4,10
2017-10-27,10341.95,10351.3,10339.2,10349.05,10:05:00,10341.241832852897,4,11
2017-10-27,10344.15,10349.1,10341.8,10342.3,10:10:00,10341.51880115262,4,12
2017-10-27,10347.1,10348.7,10343.85,10344.3,10:15:00,10342.050343899988,4,13
2017-10-27,10347.85,10350.95,10343.25,10347.4,10:20:00,10342.602692099988,4,14
2017-10-27,10348.35,10351.95,10346.75,10347.65,10:25:00,10343.150054757132,4,15
2017-10-27,10349.3,10350.8,10345.45,10348.15,10:30:00,10343.73576382788,4,16
2017-10-27,10349.25,10350.95,10343.95,10349.0,10:35:00,10344.260929177606,4,17
2017-10-27,10349.4,10351.0,10346.3,10349.0,10:40:00,10344.750364494024,4,18
2017-10-27,10346.7,10350.95,10344.25,10349.45,10:45:00,10344.936044066022,4,19
2017-10-27,10345.55,10349.8,10344.85,10346.45,10:50:00,10344.994516059734,4,20
2017-10-27,10342.05,10348.7,10341.0,10345.2,10:55:00,10344.714085958807,4,21
2017-10-27,10344.25,10346.65,10340.3,10341.6,11:00:00,10344.669887296064,4,22
2017-10-27,10341.45,10344.85,10340.1,10344.75,11:05:00,10344.363231363106,4,23
2017-10-27,10340.0,10342.85,10337.6,10341.75,11:10:00,10343.947685519,4,24
2017-10-27,10334.25,10340.1,10327.15,10339.9,11:15:00,10343.024096421954,4,25
2017-10-27,10328.45,10334.9,10326.95,10334.3,11:20:00,10341.63608723891,4,26
2017-10-27,10335.25,10336.6,10328.2,10329.25,11:25:00,10341.027888454251,4,27
2017-10-27,10341.4,10342.9,10334.5,10335.3,11:30:00,10341.063327649084,4,28
2017-10-27,10326.35,10344.9,10325.85,10341.9,11:35:00,10339.662058349171,4,29
2017-10-27,10330.1,10333.6,10325.9,10327.2,11:40:00,10338.751386125445,4,30
2017-10-27,10336.7,10336.95,10328.75,10330.15,11:45:00,10338.55601601826,4,31
2017-10-27,10347.55,10349.45,10336.15,10336.15,11:50:00,10339.412585921284,4,32
2017-10-27,10345.55,10350.6,10345.05,10347.45,11:55:00,10339.997101547828,4,33
2017-10-27,10343.8,10349.7,10341.05,10346.1,12:00:00,10340.359282352796,4,34
2017-10-27,10342.65,10347.0,10340.6,10343.7,12:05:00,10340.577445938245,4,35
2017-10-27,10336.55,10343.25,10335.45,10342.85,12:10:00,10340.19387965841,4,36
2017-10-27,10339.2,10343.35,10335.95,10336.45,12:15:00,10340.09922445285,4,37
2017-10-27,10342.2,10343.75,10338.85,10338.9,12:20:00,10340.299298314483,4,38
2017-10-27,10344.5,10348.05,10341.9,10342.1,12:25:00,10340.699365141674,4,39
2017-10-27,10353.5,10353.5,10343.85,10344.6,12:30:00,10341.91847322342,4,40
2017-10-27,10353.65,10354.9,10349.5,10353.35,12:35:00,10343.035761487854,4,41
2017-10-27,10355.7,10358.85,10351.25,10353.4,12:40:00,10344.241879441392,4,42
2017-10-27,10356.95,10359.9,10355.0,10355.0,12:45:00,10345.45217663745,4,43
2017-10-27,10351.45,10357.8,10350.85,10357.1,12:50:00,10346.023397910074,4,44
2017-10-27,10343.55,10352.7,10342.8,10351.6,12:55:00,10345.787836204354,4,45
2017-10-27,10346.6,10350.05,10341.85,10343.8,13:00:00,10345.865185137272,4,46
2017-10-27,10346.8,10348.95,10344.55,10347.2,13:05:00,10345.9542151242,4,47
2017-10-27,10342.5,10347.7,10341.75,10347.2,13:10:00,10345.625242255228,4,48
2017-10-27,10342.2,10343.15,10338.9,10342.7,13:15:00,10345.299028707112,4,49
2017-10-27,10342.95,10342.95,10338.75,10342.25,13:20:00,10345.075311687386,4,50
2017-10-27,10341.6,10344.35,10340.5,10342.75,13:25:00,10344.74432962192,4,51
2017-10-27,10344.55,10347.95,10340.65,10341.75,13:30:00,10344.72582203888,4,52
2017-10-27,10349.95,10350.85,10344.45,10344.6,13:35:00,10345.223362797082,4,53
2017-10-27,10344.75,10351.25,10343.3,10349.55,13:40:00,10345.178280625933,4,54
2017-10-27,10346.2,10348.45,10340.2,10345.15,13:45:00,10345.275587232987,4,55
2017-10-27,10352.8,10354.2,10344.0,10345.75,13:50:00,10345.992197972702,4,56
2017-10-27,10351.85,10355.3,10348.05,10353.1,13:55:00,10346.550083880064,4,57
2017-10-27,10349.6,10352.5,10346.7,10352.2,14:00:00,10346.840552081962,4,58
2017-10-27,10351.85,10352.4,10347.4,10349.15,14:05:00,10347.31764235987,4,59
2017-10-27,10352.15,10357.9,10351.2,10351.8,14:10:00,10347.777866897026,4,60
2017-10-27,10352.95,10356.65,10348.05,10351.75,14:15:00,10348.27045100207,4,61
2017-10-27,10348.4,10353.1,10346.35,10353.1,14:20:00,10348.282789001873,4,62
2017-10-27,10347.3,10351.45,10346.4,10348.95,14:25:00,10348.189190049314,4,63
2017-10-27,10352.5,10355.15,10347.15,10347.35,14:30:00,10348.599743377952,4,64
2017-10-27,10355.4,10356.75,10352.4,10352.9,14:35:00,10349.247386865767,4,65
2017-10-27,10351.05,10357.7,10350.7,10355.9,14:40:00,10349.419064307122,4,66
2017-10-27,10342.75,10351.3,10341.55,10350.55,14:45:00,10348.78391532549,4,67
2017-10-27,10343.95,10350.15,10337.45,10343.4,14:50:00,10348.323542437349,4,68
2017-10-27,10331.1,10344.5,10331.1,10344.1,14:55:00,10346.683205062363,4,69
2017-10-27,10332.65,10334.55,10325.6,10330.75,15:00:00,10345.346709342137,4,70
2017-10-27,10321.45,10335.15,10319.5,10332.75,15:05:00,10343.070832261934,4,71
2017-10-27,10320.15,10325.9,10316.9,10321.35,15:10:00,10340.887895856036,4,72
2017-10-27,10323.95,10324.75,10311.3,10320.7,15:15:00,10339.274762917366,4,73
2017-10-27,10325.0,10326.5,10319.5,10324.25,15:20:00,10337.915261687142,4,74
2017-10-27,10320.3,10325.25,10315.4,10325.25,15:25:00,10336.237617716935,4,75
2017-10-30,10357.05,10369.15,10344.3,10345.85,09:15:00,10338.219749362945,0,1
2017-10-30,10359.55,10364.75,10354.6,10357.4,09:20:00,10340.251201804567,0,2
2017-10-30,10366.25,10367.5,10358.0,10359.85,09:25:00,10342.72727782318,0,3
2017-10-30,10363.4,10368.4,10360.7,10366.3,09:30:00,10344.696108506689,0,4
2017-10-30,10368.25,10370.9,10361.9,10363.85,09:35:00,10346.939336267957,0,5
2017-10-30,10370.7,10376.6,10366.5,10367.75,09:40:00,10349.202256623386,0,6
2017-10-30,10377.75,10379.2,10370.2,10370.6,09:45:00,10351.92108932592,0,7
2017-10-30,10381.95,10383.7,10376.55,10377.35,09:50:00,10354.780985580595,0,8
2017-10-30,10381.5,10383.75,10380.3,10381.55,09:55:00,10357.32565362054,0,9
2017-10-30,10377.85,10382.95,10375.5,10381.55,10:00:00,10359.280353275726,0,10
2017-10-30,10380.65,10383.8,10377.6,10377.95,10:05:00,10361.315557725657,0,11
2017-10-30,10373.6,10381.9,10371.95,10380.25,10:10:00,10362.485504608929,0,12
2017-10-30,10376.55,10378.75,10372.7,10373.45,10:15:00,10363.82498036046,0,13
2017-10-30,10372.15,10376.6,10368.8,10376.3,10:20:00,10364.61783937375,0,14
2017-10-30,10371.4,10376.8,10370.9,10371.75,10:25:00,10365.263759433394,0,15
2017-10-30,10373.85,10373.9,10368.8,10371.95,10:30:00,10366.081496630211,0,16
2017-10-30,10370.3,10375.1,10369.9,10373.8,10:35:00,10366.483258855907,0,17
2017-10-30,10367.6,10370.75,10362.9,10370.5,10:40:00,10366.589615155344,0,18
2017-10-30,10374.6,10376.2,10366.95,10367.4,10:45:00,10367.352508950073,0,19
2017-10-30,10374.25,10376.2,10372.25,10374.3,10:50:00,10368.00941285959,0,20
2017-10-30,10375.2,10375.6,10372.5,10374.45,10:55:00,10368.694230682486,0,21
2017-10-30,10370.4,10375.0,10369.35,10374.85,11:00:00,10368.8566849032,0,22
2017-10-30,10374.55,10375.2,10369.55,10369.9,11:05:00,10369.39890538861,0,23
2017-10-30,10367.4,10375.0,10366.0,10373.95,11:10:00,10369.20853344684,0,24
2017-10-30,10366.15,10370.65,10366.15,10367.35,11:15:00,10368.91724454714,0,25
2017-10-30,10364.85,10367.2,10362.3,10366.25,11:20:00,10368.529887923602,0,26
2017-10-30,10369.55,10371.1,10364.35,10364.95,11:25:00,10368.627041454689,0,27
2017-10-30,10367.75,10370.8,10365.5,10369.6,11:30:00,10368.543513697095,0,28
2017-10-30,10368.5,10370.0,10365.85,10367.9,11:35:00,10368.539369535469,0,29
2017-10-30,10370.95,10371.35,10367.2,10368.55,11:40:00,10368.768953389234,0,30
2017-10-30,10375.2,10375.4,10369.3,10371.25,11:45:00,10369.381434018833,0,31
2017-10-30,10373.1,10378.25,10372.85,10374.95,11:50:00,10369.735583159894,0,32
2017-10-30,10375.75,10375.75,10372.75,10373.2,11:55:00,10370.308384763714,0,33
2017-10-30,10377.25,10378.0,10374.2,10374.45,12:00:00,10370.969490976691,0,34
2017-10-30,10375.5,10377.8,10375.15,10376.85,12:05:00,10371.400968026532,0,35
2017-10-30,10369.75,10375.3,10369.65,10375.3,12:10:00,10371.243732976389,0,36
2017-10-30,10364.75,10370.0,10364.6,10369.9,12:15:00,10370.625282216732,0,37
2017-10-30,10364.0,10365.25,10356.65,10364.7,12:20:00,10369.994302957995,0,38
2017-10-30,10364.3,10365.8,10362.65,10363.3,12:25:00,10369.451988390569,0,39
2017-10-30,10362.4,10366.3,10360.75,10364.6,12:30:00,10368.780370448609,0,40
2017-10-30,10365.9,10366.6,10360.7,10362.2,12:35:00,10368.506049453505,0,41
2017-10-30,10367.6,10369.4,10365.65,10365.65,12:40:00,10368.41975902936,0,42
2017-10-30,10366.95,10369.9,10366.8,10367.45,12:45:00,10368.279781978945,0,43
2017-10-30,10368.25,10368.5,10364.75,10367.2,12:50:00,10368.2769456,0,44
2017-10-30,10370.55,10371.6,10367.75,10367.95,12:55:00,10368.493426971429,0,45
2017-10-30,10366.5,10371.3,10365.35,10370.6,13:00:00,10368.303576783672,0,46
2017-10-30,10365.7,10367.1,10363.85,10366.45,13:05:00,10368.055617089987,0,47
2017-10-30,10367.9,10368.9,10364.3,10365.85,13:10:00,10368.04079641475,0,48
2017-10-30,10362.15,10369.45,10362.0,10368.3,13:15:00,10367.479768184774,0,49
2017-10-30,10372.3,10378.3,10362.05,10362.2,13:20:00,10367.938837881462,0,50
2017-10-30,10372.7,10375.3,10370.2,10371.75,13:25:00,10368.392281892751,0,51
2017-10-30,10374.85,10375.0,10369.8,10371.65,13:30:00,10369.007302664872,0,52
2017-10-30,10369.95,10375.75,10369.5,10374.35,13:35:00,10369.097083363456,0,53
2017-10-30,10371.2,10373.05,10366.75,10370.2,13:40:00,10369.297361138364,0,54
2017-10-30,10371.05,10372.2,10367.65,10370.7,13:45:00,10369.464279125186,0,55
2017-10-30,10364.2,10371.65,10361.25,10370.8,13:50:00,10368.962919208505,0,56
2017-10-30,10373.35,10373.7,10363.45,10363.75,13:55:00,10369.38073642674,0,57
2017-10-30,10373.65,10378.25,10372.75,10372.75,14:00:00,10369.787332957529,0,58
2017-10-30,10374.6,10376.0,10371.75,10373.15,14:05:00,10370.245682199667,0,59
2017-10-30,10372.35,10375.05,10371.6,10374.8,14:10:00,10370.446093418748,0,60
2017-10-30,10374.65,10377.95,10368.35,10372.4,14:15:00,10370.846465474106,0,61
2017-10-30,10375.75,10376.9,10372.55,10374.25,14:20:00,10371.313468762286,0,62
2017-10-30,10378.65,10380.2,10375.55,10375.8,14:25:00,10372.01218602302,0,63
2017-10-30,10378.85,10384.5,10378.35,10379.05,14:30:00,10372.663406401782,0,64
2017-10-30,10378.55,10380.65,10377.1,10378.9,14:35:00,10373.224034363517,0,65
2017-10-30,10374.1,10379.35,10372.1,10378.25,14:40:00,10373.30745966223,0,66
2017-10-30,10373.35,10374.6,10370.75,10374.15,14:45:00,10373.31151112297,0,67
2017-10-30,10375.3,10380.1,10373.75,10373.75,14:50:00,10373.50089101602,0,68
2017-10-30,10371.55,10376.05,10370.0,10374.9,14:55:00,10373.315091871638,0,69
2017-10-30,10370.15,10373.95,10369.25,10372.25,15:00:00,10373.01365455053,0,70
2017-10-30,10365.05,10370.6,10362.55,10369.95,15:05:00,10372.255211260002,0,71
2017-10-30,10365.95,10366.7,10363.9,10365.6,15:10:00,10371.654714949524,0,72
2017-10-30,10361.5,10366.1,10357.95,10366.0,15:15:00,10370.687599240046,0,73
2017-10-30,10361.75,10365.05,10357.35,10361.4,15:20:00,10369.836399312422,0,74
2017-10-30,10366.4,10366.4,10360.5,10361.65,15:25:00,10369.509123187428,0,75
2017-10-31,10350.55,10367.7,10347.25,10361.0,09:15:00,10367.703492407672,1,1
2017-10-31,10350.7,10352.8,10341.05,10350.3,09:20:00,10366.08411217837,1,2
2017-10-31,10356.9,10359.65,10348.4,10350.4,09:25:00,10365.20943482805,1,3
2017-10-31,10354.6,10358.9,10352.8,10357.2,09:30:00,10364.199012463474,1,4
2017-10-31,10356.15,10362.55,10354.95,10355.65,09:35:00,10363.432439847904,1,5
2017-10-31,10361.75,10362.1,10354.65,10355.55,09:40:00,10363.272207481436,1,6
2017-10-31,10363.5,10363.6,10357.55,10361.35,09:45:00,10363.293902007015,1,7
2017-10-31,10361.8,10364.5,10358.1,10363.6,09:50:00,10363.151625625396,1,8
2017-10-31,10353.05,10363.4,10353.05,10361.9,09:55:00,10362.189566042023,1,9
2017-10-31,10356.4,10356.4,10349.1,10353.45,10:00:00,10361.638178799927,1,10
2017-10-31,10356.2,10357.45,10351.45,10356.35,10:05:00,10361.12025700946,1,11
2017-10-31,10348.4,10357.45,10347.05,10356.15,10:10:00,10359.908803960938,1,12
2017-10-31,10349.0,10349.8,10343.7,10348.2,10:15:00,10358.869870250372,1,13
2017-10-31,10345.95,10350.2,10344.75,10348.1,10:20:00,10357.639406417004,1,14
2017-10-31,10344.05,10348.6,10343.3,10345.6,10:25:00,10356.345177234432,1,15
2017-10-31,10335.15,10344.35,10334.35,10343.95,10:30:00,10354.326588926391,1,16
2017-10-31,10330.85,10335.35,10327.2,10334.95,10:35:00,10352.090723314352,1,17
2017-10-31,10330.8,10331.3,10328.65,10330.8,10:40:00,10350.063035379651,1,18
2017-10-31,10334.3,10334.65,10330.85,10330.9,10:45:00,10348.561793914923,1,19
2017-10-31,10325.4,10335.9,10323.95,10334.5,10:50:00,10346.355908780171,1,20
2017-10-31,10329.25,10330.8,10326.15,10326.7,10:55:00,10344.726774610632,1,21
2017-10-31,10332.35,10332.85,10326.95,10329.2,11:00:00,10343.548034171525,1,22
2017-10-31,10338.0,10339.3,10329.5,10332.1,11:05:00,10343.019649964712,1,23
2017-10-31,10338.0,10339.2,10335.25,10338.05,11:10:00,10342.541588063312,1,24
2017-10-31,10340.5,10340.75,10336.75,10338.05,11:15:00,10342.3471511049,1,25
2017-10-31,10334.75,10341.05,10332.15,10340.35,11:20:00,10341.623612904434,1,26
2017-10-31,10337.05,10337.75,10333.85,10334.4,11:25:00,10341.18803072306,1,27
2017-10-31,10340.1,10340.9,10336.65,10337.3,11:30:00,10341.084408749432,1,28
2017-10-31,10342.45,10344.1,10339.95,10340.35,11:35:00,10341.21446505901,1,29
2017-10-31,10339.8,10342.55,10338.85,10342.2,11:40:00,10341.07975410101,1,30
2017-10-31,10343.45,10343.8,10340.2,10340.25,11:45:00,10341.305491805677,1,31
2017-10-31,10347.35,10348.25,10342.85,10343.75,11:50:00,10341.881159252756,1,32
2017-10-31,10344.8,10347.85,10344.45,10346.65,11:55:00,10342.159144085828,1,33
2017-10-31,10347.25,10348.15,10342.05,10344.6,12:00:00,10342.643987506226,1,34
2017-10-31,10348.4,10353.05,10346.5,10346.95,12:05:00,10343.1921791723,1,35
2017-10-31,10350.05,10351.2,10347.75,10348.95,12:10:00,10343.845304965414,1,36
2017-10-31,10347.5,10351.6,10346.85,10350.3,12:15:00,10344.193371159185,1,37
2017-10-31,10346.3,10348.35,10344.85,10347.6,12:20:00,10344.394002477358,1,38
2017-10-31,10348.45,10349.9,10346.1,10346.75,12:25:00,10344.780287955706,1,39
2017-10-31,10353.05,10353.65,10348.5,10348.6,12:30:00,10345.567879578972,1,40
2017-10-31,10351.35,10355.15,10351.05,10353.6,12:35:00,10346.118557714308,1,41
2017-10-31,10349.7,10351.5,10348.85,10351.5,12:40:00,10346.459647455802,1,42
2017-10-31,10349.9,10351.8,10348.3,10349.85,12:45:00,10346.78730007906,1,43
2017-10-31,10352.5,10352.7,10349.6,10349.85,12:50:00,10347.3313667382,1,44
2017-10-31,10354.05,10356.65,10352.3,10352.6,12:55:00,10347.971236572655,1,45
2017-10-31,10353.15,10354.45,10349.55,10354.1,13:00:00,10348.464452137168,1,46
2017-10-31,10354.9,10355.6,10353.05,10353.2,13:05:00,10349.077361457435,1,47
2017-10-31,10359.0,10360.0,10354.7,10354.7,13:10:00,10350.022374651966,1,48
2017-10-31,10360.35,10362.25,10357.85,10359.2,13:15:00,10351.005958018446,1,49
2017-10-31,10357.35,10361.6,10357.3,10360.5,13:20:00,10351.61015249288,1,50
2017-10-31,10353.15,10358.7,10351.6,10357.4,13:25:00,10351.756804636416,1,51
2017-10-31,10356.45,10356.8,10353.15,10353.35,13:30:00,10352.203775623424,1,52
2017-10-31,10353.35,10356.9,10352.85,10356.9,13:35:00,10352.312939849764,1,53
2017-10-31,10346.0,10353.75,10345.4,10353.2,13:40:00,10351.71170748312,1,54
2017-10-31,10345.8,10349.15,10345.2,10346.2,13:45:00,10351.148687722822,1,55
2017-10-31,10348.6,10348.6,10344.4,10345.9,13:50:00,10350.905955558745,1,56
2017-10-31,10348.25,10351.75,10347.9,10348.5,13:55:00,10350.653007410292,1,57
2017-10-31,10342.6,10350.25,10342.6,10348.4,14:00:00,10349.886054323597,1,58
2017-10-31,10335.85,10342.6,10332.35,10342.2,14:05:00,10348.54928724516,1,59
2017-10-31,10336.9,10340.4,10334.45,10335.8,14:10:00,10347.43983131705,1,60
2017-10-31,10339.6,10340.05,10335.65,10337.3,14:15:00,10346.693180715429,1,61
2017-10-31,10344.5,10345.5,10338.45,10339.95,14:20:00,10346.484306361575,1,62
2017-10-31,10344.4,10347.5,10344.1,10345.05,14:25:00,10346.285800993806,1,63
2017-10-31,10344.05,10345.6,10341.25,10343.6,14:30:00,10346.072867565825,1,64
2017-10-31,10341.75,10344.2,10338.95,10344.2,14:35:00,10345.661165892889,1,65
2017-10-31,10345.2,10346.3,10341.3,10341.9,14:40:00,10345.61724533166,1,66
2017-10-31,10347.65,10348.9,10343.5,10345.45,14:45:00,10345.81084101436,1,67
2017-10-31,10349.95,10350.15,10343.2,10347.45,14:50:00,10346.20504663204,1,68
2017-10-31,10346.95,10352.4,10346.5,10349.75,14:55:00,10346.275994571844,1,69
2017-10-31,10339.85,10346.35,10339.1,10346.35,15:00:00,10345.663995088811,1,70
2017-10-31,10332.15,10339.8,10330.05,10339.8,15:05:00,10344.376947937497,1,71
2017-10-31,10334.0,10334.0,10328.4,10332.6,15:10:00,10343.388667181542,1,72
2017-10-31,10332.85,10336.5,10330.35,10334.2,15:15:00,10342.384984592823,1,73
2017-10-31,10336.4,10337.8,10330.3,10332.95,15:20:00,10341.814986060172,1,74
2017-10-31,10339.2,10341.2,10335.35,10336.45,15:25:00,10341.565939768729,1,75
2017-11-01,10392.65,10403.15,10383.05,10384.85,09:15:00,10346.431088362182,2,1
2017-11-01,10408.35,10408.95,10389.9,10393.6,09:20:00,10352.328127565785,2,2
2017-11-01,10407.15,10411.45,10403.4,10409.05,09:25:00,10357.549258273802,2,3
2017-11-01,10408.6,10410.55,10405.2,10407.4,09:30:00,10362.411233676296,2,4
2017-11-01,10418.4,10421.6,10405.9,10408.4,09:35:00,10367.743497135698,2,5
2017-11-01,10412.55,10418.5,10411.4,10418.2,09:40:00,10372.010783122774,2,6
2017-11-01,10422.15,10425.3,10411.1,10412.3,09:45:00,10376.785946634893,2,7
2017-11-01,10420.8,10423.95,10419.5,10422.55,09:50:00,10380.977761241093,2,8
2017-11-01,10426.2,10427.05,10417.9,10420.85,09:55:00,10385.284641122891,2,9
2017-11-01,10425.3,10431.8,10425.0,10426.6,10:00:00,10389.095627682618,2,10
2017-11-01,10432.85,10433.7,10422.8,10424.95,10:05:00,10393.262710760464,2,11
2017-11-01,10432.2,10435.05,10429.45,10432.35,10:10:00,10396.971024021372,2,12
2017-11-01,10432.6,10437.55,10430.6,10432.15,10:15:00,10400.36425982886,2,13
2017-11-01,10432.55,10433.55,10429.3,10432.95,10:20:00,10403.429568416588,2,14
2017-11-01,10427.8,10433.15,10427.25,10432.7,10:25:00,10405.750561900722,2,15
2017-11-01,10434.15,10434.2,10427.0,10427.75,10:30:00,10408.45527029113,2,16
2017-11-01,10430.15,10434.9,10428.9,10434.45,10:35:00,10410.521435025308,2,17
2017-11-01,10426.05,10431.8,10425.65,10430.2,10:40:00,10412.00034597528,2,18
2017-11-01,10427.2,10427.2,10422.25,10426.0,10:45:00,10413.447932072871,2,19
2017-11-01,10426.25,10427.9,10423.95,10427.4,10:50:00,10414.66717663736,2,20
2017-11-01,10428.8,10429.95,10425.95,10426.2,10:55:00,10416.013159814756,2,21
2017-11-01,10428.3,10429.75,10426.6,10428.05,11:00:00,10417.183335070493,2,22
2017-11-01,10432.6,10434.05,10427.95,10428.4,11:05:00,10418.651588873305,2,23
2017-11-01,10430.8,10433.9,10429.95,10432.5,11:10:00,10419.80858040918,2,24
2017-11-01,10434.7,10437.1,10430.35,10430.65,11:15:00,10421.2268108464,2,25
2017-11-01,10437.4,10438.05,10431.8,10434.4,11:20:00,10422.767114575314,2,26
2017-11-01,10434.0,10438.25,10433.2,10437.15,11:25:00,10423.83691318719,2,27
2017-11-01,10431.9,10436.55,10431.45,10434.05,11:30:00,10424.60482621698,2,28
2017-11-01,10431.25,10433.8,10430.5,10431.8,11:35:00,10425.237699910602,2,29
2017-11-01,10432.85,10433.35,10428.5,10431.15,11:40:00,10425.962680871497,2,30
2017-11-01,10435.2,10435.2,10431.65,10432.75,11:45:00,10426.842425550403,2,31
2017-11-01,10434.1,10435.2,10431.4,10435.15,11:50:00,10427.533623117031,2,32
2017-11-01,10436.95,10437.45,10431.85,10433.7,11:55:00,10428.430420915409,2,33
2017-11-01,10438.1,10441.0,10436.6,10437.15,12:00:00,10429.35133320918,2,34
2017-11-01,10438.7,10439.5,10435.35,10437.75,12:05:00,10430.241682427351,2,35
2017-11-01,10440.25,10441.6,10437.3,10438.8,12:10:00,10431.19485552951,2,36
2017-11-01,10437.9,10441.0,10437.2,10440.2,12:15:00,10431.833440717175,2,37
2017-11-01,10440.1,10442.4,10437.65,10438.05,12:20:00,10432.620732077445,2,38
2017-11-01,10440.9,10440.9,10437.8,10440.15,12:25:00,10433.409233784354,2,39
2017-11-01,10440.05,10442.6,10439.8,10441.0,12:30:00,10434.041687709652,2,40
2017-11-01,10445.2,10447.85,10439.65,10439.95,12:35:00,10435.104384118256,2,41
2017-11-01,10444.3,10447.7,10443.7,10445.15,12:40:00,10435.980157059374,2,42
2017-11-01,10442.45,10445.05,10441.7,10444.55,12:45:00,10436.596332577528,2,43
2017-11-01,10449.0,10451.65,10440.6,10442.35,12:50:00,10437.77763423681,2,44
2017-11-01,10443.7,10449.6,10441.35,10448.9,12:55:00,10438.3416690714,2,45
2017-11-01,10442.2,10443.1,10439.15,10442.85,13:00:00,10438.70912915984,2,46
2017-11-01,10438.65,10443.1,10438.65,10442.45,13:05:00,10438.703497811282,2,47
2017-11-01,10441.4,10442.7,10435.55,10438.4,13:10:00,10438.96030754354,2,48
2017-11-01,10441.3,10442.15,10439.4,10442.15,13:15:00,10439.183135396535,2,49
2017-11-01,10439.45,10442.0,10438.5,10441.55,13:20:00,10439.208551073058,2,50
2017-11-01,10436.35,10441.9,10435.25,10439.5,13:25:00,10438.93630811372,2,51
2017-11-01,10442.1,10444.0,10433.7,10435.2,13:30:00,10439.23761210289,2,52
2017-11-01,10436.15,10443.75,10434.5,10442.5,13:35:00,10438.943553807376,2,53
2017-11-01,10427.1,10437.85,10425.75,10436.4,13:40:00,10437.81559630191,2,54
2017-11-01,10427.05,10430.5,10425.45,10427.15,13:45:00,10436.790301416017,2,55
2017-11-01,10429.95,10432.45,10424.7,10426.85,13:50:00,10436.1388441383,2,56
2017-11-01,10432.9,10432.9,10428.2,10430.1,13:55:00,10435.830382791795,2,57
2017-11-01,10435.75,10438.8,10433.05,10433.6,14:00:00,10435.822727287814,2,58
2017-11-01,10437.15,10439.6,10434.45,10435.35,14:05:00,10435.949134212784,2,59
2017-11-01,10436.0,10437.35,10432.8,10437.25,14:10:00,10435.95397857347,2,60
2017-11-01,10430.0,10436.6,10429.3,10436.05,14:15:00,10435.386932995045,2,61
2017-11-01,10430.75,10432.1,10429.3,10429.4,14:20:00,10434.94532032885,2,62
2017-11-01,10431.5,10431.55,10428.8,10430.8,14:25:00,10434.617194583248,2,63
2017-11-01,10438.3,10438.3,10429.95,10431.35,14:30:00,10434.967937956271,2,64
2017-11-01,10439.45,10440.1,10437.6,10438.05,14:35:00,10435.394801008057,2,65
2017-11-01,10445.25,10445.3,10439.05,10439.55,14:40:00,10436.33339138824,2,66
2017-11-01,10444.65,10447.45,10441.2,10444.4,14:45:00,10437.125449351264,2,67
2017-11-01,10445.75,10448.0,10443.8,10444.75,14:50:00,10437.946835127335,2,68
2017-11-01,10448.4,10451.25,10445.25,10445.7,14:55:00,10438.942374639018,2,69
2017-11-01,10439.85,10449.05,10438.55,10449.05,15:00:00,10439.028815149588,2,70
2017-11-01,10437.3,10441.45,10437.3,10440.3,15:05:00,10438.864166087722,2,71
2017-11-01,10441.15,10441.9,10436.7,10438.5,15:10:00,10439.081864555556,2,72
2017-11-01,10442.85,10443.35,10436.8,10441.85,15:15:00,10439.440734597883,2,73
2017-11-01,10438.5,10443.6,10438.25,10443.6,15:20:00,10439.35114082666,2,74
2017-11-01,10440.6,10441.55,10435.8,10438.55,15:25:00,10439.470079795548,2,75
2017-11-02,10445.55,10449.05,10431.4,10437.4,09:15:00,10440.04911981502,3,1
2017-11-02,10437.05,10448.2,10434.1,10445.75,09:20:00,10439.763489356446,3,2
2017-11-02,10447.35,10453.0,10436.85,10436.9,09:25:00,10440.486014179642,3,3
2017-11-02,10441.25,10448.3,10438.8,10447.45,09:30:00,10440.55877473396,3,4
2017-11-02,10435.3,10442.7,10433.3,10440.75,09:35:00,10440.057939045011,3,5
2017-11-02,10441.5,10442.1,10434.35,10434.35,09:40:00,10440.195278183584,3,6
2017-11-02,10439.8,10442.25,10435.35,10441.25,09:45:00,10440.15763264229,3,7
2017-11-02,10439.2,10441.95,10435.35,10439.85,09:50:00,10440.0664295335,3,8
2017-11-02,10449.4,10450.45,10439.3,10439.3,09:55:00,10440.9553410065,3,9
2017-11-02,10448.25,10451.8,10446.8,10450.05,10:00:00,10441.650070434453,3,10
2017-11-02,10444.25,10449.55,10443.25,10448.65,10:05:00,10441.89768277403,3,11
2017-11-02,10445.15,10449.05,10443.7,10444.45,10:10:00,10442.207427271742,3,12
2017-11-02,10444.25,10448.35,10444.25,10444.75,10:15:00,10442.401958007766,3,13
2017-11-02,10444.2,10446.25,10443.05,10444.05,10:20:00,10442.573200102262,3,14
2017-11-02,10443.95,10446.15,10440.25,10444.0,10:25:00,10442.704323902046,3,15
2017-11-02,10443.6,10444.45,10440.35,10444.35,10:30:00,10442.789626387565,3,16
2017-11-02,10443.05,10445.9,10442.75,10443.45,10:35:00,10442.814423874464,3,17
2017-11-02,10438.95,10443.7,10437.7,10443.35,10:40:00,10442.446383505468,3,18
2017-11-02,10442.05,10443.35,10437.3,10438.5,10:45:00,10442.408632695422,3,19
2017-11-02,10444.35,10446.25,10442.5,10442.5,10:50:00,10442.59352481967,3,20
2017-11-02,10448.85,10451.0,10442.4,10444.55,10:55:00,10443.189379598747,3,21
2017-11-02,10446.85,10450.9,10445.35,10448.9,11:00:00,10443.538010113152,3,22
2017-11-02,10446.1,10449.2,10443.85,10446.6,11:05:00,10443.782009149994,3,23
2017-11-02,10445.55,10449.35,10445.2,10446.6,11:10:00,10443.950389230946,3,24
2017-11-02,10447.0,10448.9,10445.25,10445.65,11:15:00,10444.240828351809,3,25
2017-11-02,10448.4,10451.15,10446.6,10447.5,11:20:00,10444.63693993735,3,26
2017-11-02,10444.3,10448.5,10444.1,10448.3,11:25:00,10444.604850419506,3,27
2017-11-02,10441.2,10444.7,10439.3,10444.15,11:30:00,10444.280578950982,3,28
2017-11-02,10436.25,10442.05,10433.3,10442.05,11:35:00,10443.515761908033,3,29
2017-11-02,10432.5,10436.2,10429.15,10436.2,11:40:00,10442.466641726314,3,30
2017-11-02,10433.8,10435.05,10431.0,10432.6,11:45:00,10441.641247276188,3,31
2017-11-02,10435.8,10437.4,10433.8,10433.9,11:50:00,10441.084938011789,3,32
2017-11-02,10431.95,10436.25,10430.45,10435.9,11:55:00,10440.214943915427,3,33
2017-11-02,10426.65,10432.4,10421.65,10432.2,12:00:00,10438.92304449491,3,34
2017-11-02,10418.45,10427.35,10418.25,10427.15,12:05:00,10436.97323073349,3,35
2017-11-02,10425.45,10426.0,10417.45,10418.2,12:10:00,10435.875780187444,3,36
2017-11-02,10424.1,10425.55,10421.2,10425.3,12:15:00,10434.754277312448,3,37
2017-11-02,10422.5,10425.05,10422.0,10424.25,12:20:00,10433.587203282692,3,38
2017-11-02,10416.2,10423.6,10414.7,10422.35,12:25:00,10431.93127916053,3,39
2017-11-02,10421.6,10421.9,10412.55,10415.95,12:30:00,10430.947347811907,3,40
2017-11-02,10424.45,10425.05,10420.1,10421.65,12:35:00,10430.3285527822,3,41
2017-11-02,10430.15,10431.45,10423.9,10424.4,12:40:00,10430.311547755326,3,42
2017-11-02,10431.75,10433.2,10427.85,10430.0,12:45:00,10430.4485432072,3,43
2017-11-02,10432.0,10433.05,10429.65,10432.3,12:50:00,10430.59630099699,3,44
2017-11-02,10427.9,10432.55,10422.85,10432.4,12:55:00,10430.339510425849,3,45
2017-11-02,10431.2,10432.45,10427.45,10428.1,13:00:00,10430.421461813865,3,46
2017-11-02,10429.7,10431.95,10425.35,10431.15,13:05:00,10430.352751164924,3,47
2017-11-02,10434.05,10434.7,10428.9,10429.8,13:10:00,10430.704870101596,3,48
2017-11-02,10428.1,10435.3,10427.9,10434.4,13:15:00,10430.456787234778,3,49
2017-11-02,10433.2,10433.4,10427.9,10428.35,13:20:00,10430.71804559337,3,50
2017-11-02,10430.15,10435.0,10429.0,10433.15,13:25:00,10430.66394601305,3,51
2017-11-02,10431.95,10433.25,10429.9,10429.9,13:30:00,10430.78642734514,3,52
2017-11-02,10432.65,10436.1,10430.25,10432.05,13:35:00,10430.963910455126,3,53
2017-11-02,10430.35,10433.8,10429.4,10433.0,13:40:00,10430.905442792731,3,54
2017-11-02,10428.85,10432.65,10428.6,10430.2,13:45:00,10430.709686336282,3,55
2017-11-02,10427.1,10428.95,10424.55,10428.95,13:50:00,10430.365906685209,3,56
2017-11-02,10431.5,10431.5,10426.8,10427.4,13:55:00,10430.473915572333,3,57
2017-11-02,10428.4,10432.05,10427.75,10431.4,14:00:00,10430.276399803535,3,58
2017-11-02,10438.0,10438.0,10428.15,10428.8,14:05:00,10431.011980774629,3,59
2017-11-02,10439.4,10439.75,10436.15,10438.15,14:10:00,10431.810839748474,3,60
2017-11-02,10439.0,10444.05,10439.0,10439.35,14:15:00,10432.495521677192,3,61
2017-11-02,10436.3,10439.0,10434.75,10438.8,14:20:00,10432.85785294603,3,62
2017-11-02,10433.9,10436.45,10433.75,10436.05,14:25:00,10432.95710504641,3,63
2017-11-02,10425.15,10435.0,10424.85,10433.75,14:30:00,10432.213571232463,3,64
2017-11-02,10423.65,10428.55,10422.8,10425.2,14:35:00,10431.39799301985,3,65
2017-11-02,10427.2,10428.55,10419.6,10423.45,14:40:00,10430.998184160817,3,66
2017-11-02,10430.35,10431.05,10426.05,10427.1,14:45:00,10430.936452335978,3,67
2017-11-02,10433.95,10436.6,10429.55,10429.85,14:50:00,10431.22345687541,3,68
2017-11-02,10431.35,10436.05,10429.5,10433.8,14:55:00,10431.23550860156,3,69
2017-11-02,10427.5,10431.35,10425.25,10430.85,15:00:00,10430.879745877604,3,70
2017-11-02,10422.9,10427.8,10422.35,10427.8,15:05:00,10430.119770079737,3,71
2017-11-02,10422.85,10423.9,10419.5,10423.05,15:10:00,10429.427411024522,3,72
2017-11-02,10423.95,10425.55,10422.3,10422.5,15:15:00,10428.90575283171,3,73
2017-11-02,10423.9,10426.75,10421.35,10423.65,15:20:00,10428.429014466785,3,74
2017-11-02,10425.45,10425.65,10420.7,10423.75,15:25:00,10428.145298803282,3,75
2017-11-03,10448.0,10461.7,10441.7,10456.8,09:15:00,10430.036222726778,4,1
2017-11-03,10447.4,10451.85,10441.4,10449.3,09:20:00,10431.689915800418,4,2
2017-11-03,10446.85,10449.15,10438.65,10447.5,09:25:00,10433.133733343237,4,3
2017-11-03,10444.8,10449.35,10442.3,10446.65,09:30:00,10434.244806358163,4,4
2017-11-03,10421.55,10445.9,10419.75,10445.1,09:35:00,10433.035777181196,4,5
2017-11-03,10410.15,10427.2,10408.55,10421.95,09:40:00,10430.856179354414,4,6
2017-11-03,10421.35,10421.65,10403.6,10410.1,09:45:00,10429.950828939707,4,7
2017-11-03,10420.25,10423.0,10417.25,10421.45,09:50:00,10429.02694046926,4,8
2017-11-03,10422.95,10425.7,10420.3,10420.3,09:55:00,10428.44818423409,4,9
2017-11-03,10419.85,10423.55,10415.05,10422.85,10:00:00,10427.62930954513,4,10
2017-11-03,10424.6,10428.0,10419.4,10419.95,10:05:00,10427.340803874164,4,11
2017-11-03,10427.25,10429.3,10420.9,10424.75,10:10:00,10427.33215588615,4,12
2017-11-03,10431.05,10431.85,10427.4,10427.45,10:15:00,10427.686236277945,4,13
2017-11-03,10432.75,10434.55,10430.95,10431.7,10:20:00,10428.16849948957,4,14
2017-11-03,10429.0,10434.8,10429.0,10432.45,10:25:00,10428.247690014372,4,15
2017-11-03,10436.1,10436.1,10429.15,10429.25,10:30:00,10428.99552906062,4,16
2017-11-03,10441.25,10441.65,10434.45,10435.4,10:35:00,10430.162621531035,4,17
2017-11-03,10440.8,10441.85,10438.65,10441.35,10:40:00,10431.175705194748,4,18
2017-11-03,10438.75,10442.85,10437.25,10440.65,10:45:00,10431.897066604772,4,19
2017-11-03,10442.75,10443.15,10438.05,10438.9,10:50:00,10432.930679309078,4,20
2017-11-03,10444.7,10444.8,10441.4,10443.05,10:55:00,10434.051566993929,4,21
2017-11-03,10444.3,10445.4,10443.0,10444.3,11:00:00,10435.027608232602,4,22
2017-11-03,10439.9,10444.5,10439.2,10444.05,11:05:00,10435.49164554378,4,23
2017-11-03,10441.8,10441.8,10436.0,10439.8,11:10:00,10436.09244120628,4,24
2017-11-03,10444.0,10444.95,10441.55,10442.0,11:15:00,10436.845542043777,4,25
2017-11-03,10441.5,10445.3,10441.3,10444.05,11:20:00,10437.288823753892,4,26
2017-11-03,10441.75,10442.4,10438.95,10441.9,11:25:00,10437.713697682091,4,27
2017-11-03,10437.15,10441.6,10434.85,10441.25,11:30:00,10437.66001218856,4,28
2017-11-03,10440.15,10441.05,10436.45,10437.0,11:35:00,10437.897153884887,4,29
2017-11-03,10436.9,10440.8,10435.0,10439.9,11:40:00,10437.802186848232,4,30
2017-11-03,10433.1,10438.1,10433.1,10436.8,11:45:00,10437.354359529352,4,31
2017-11-03,10437.5,10437.7,10432.8,10433.55,11:50:00,10437.368230050366,4,32
2017-11-03,10441.05,10441.35,10436.75,10437.55,11:55:00,10437.718874807471,4,33
2017-11-03,10438.85,10441.55,10437.75,10440.65,12:00:00,10437.826601016284,4,34
2017-11-03,10439.6,10441.0,10438.75,10439.05,12:05:00,10437.995496157591,4,35
2017-11-03,10439.9,10441.2,10438.7,10439.65,12:10:00,10438.176877475917,4,36
2017-11-03,10440.2,10443.6,10439.2,10440.1,12:15:00,10438.36955581154,4,37
2017-11-03,10443.35,10443.35,10440.0,10440.6,12:20:00,10438.84388382949,4,38
2017-11-03,10445.85,10446.3,10442.8,10443.3,12:25:00,10439.511132988586,4,39
2017-11-03,10442.5,10446.45,10440.9,10445.75,12:30:00,10439.795786989673,4,40
2017-11-03,10441.95,10444.75,10440.95,10442.7,12:35:00,10440.000950133512,4,41
2017-11-03,10443.85,10444.35,10441.2,10442.2,12:40:00,10440.367526311276,4,42
2017-11-03,10442.6,10444.5,10442.1,10443.55,12:45:00,10440.580142853058,4,43
2017-11-03,10442.25,10443.35,10439.3,10442.65,12:50:00,10440.739176867051,4,44
2017-11-03,10442.05,10443.7,10441.3,10442.5,12:55:00,10440.864017165428,4,45
2017-11-03,10443.1,10443.7,10441.4,10442.15,13:00:00,10441.076967911578,4,46
2017-11-03,10443.6,10444.15,10440.95,10443.2,13:05:00,10441.317256681905,4,47
2017-11-03,10443.25,10444.7,10441.7,10443.7,13:10:00,10441.501327474103,4,48
2017-11-03,10443.25,10445.5,10442.05,10443.5,13:15:00,10441.667867714666,4,49
2017-11-03,10447.6,10447.6,10442.55,10443.65,13:20:00,10442.232832694222,4,50
2017-11-03,10449.3,10452.85,10447.75,10448.2,13:25:00,10442.905896247154,4,51
2017-11-03,10447.4,10451.25,10447.0,10449.45,13:30:00,10443.333906128377,4,52
2017-11-03,10445.75,10448.2,10443.8,10447.3,13:35:00,10443.564010306627,4,53
2017-11-03,10447.85,10449.45,10445.45,10445.9,13:40:00,10443.972199801234,4,54
2017-11-03,10450.1,10452.2,10447.1,10447.8,13:45:00,10444.555799820164,4,55
2017-11-03,10452.65,10453.5,10450.4,10451.85,13:50:00,10445.326676027767,4,56
2017-11-03,10457.35,10457.95,10452.05,10452.95,13:55:00,10446.471754501312,4,57
2017-11-03,10455.95,10458.85,10453.05,10457.15,14:00:00,10447.374444548805,4,58
2017-11-03,10450.65,10457.9,10450.2,10456.2,14:05:00,10447.686402210822,4,59
2017-11-03,10453.1,10456.25,10450.55,10450.55,14:10:00,10448.201982952649,4,60
2017-11-03,10455.9,10456.5,10451.75,10452.6,14:15:00,10448.935127433348,4,61
2017-11-03,10455.1,10460.95,10452.3,10455.95,14:20:00,10449.522258153982,4,62
2017-11-03,10443.8,10455.45,10442.0,10455.2,14:25:00,10448.977281186935,4,63
2017-11-03,10443.4,10446.05,10441.85,10443.95,14:30:00,10448.446111550084,4,64
2017-11-03,10448.65,10449.3,10443.45,10443.75,14:35:00,10448.465529497696,4,65
2017-11-03,10443.75,10449.35,10442.8,10448.35,14:40:00,10448.016431450296,4,66
2017-11-03,10449.05,10450.15,10441.75,10444.0,14:45:00,10448.114866550268,4,67
2017-11-03,10450.85,10454.55,10448.55,10449.0,14:50:00,10448.375355450244,4,68
2017-11-03,10450.1,10454.3,10449.25,10450.65,14:55:00,10448.539607312125,4,69
2017-11-03,10447.0,10450.5,10444.55,10449.45,15:00:00,10448.392978044303,4,70
2017-11-03,10447.95,10448.25,10444.45,10446.25,15:05:00,10448.35078965913,4,71
2017-11-03,10449.45,10450.15,10445.9,10447.55,15:10:00,10448.45547635826,4,72
2017-11-03,10453.7,10455.75,10448.5,10448.9,15:15:00,10448.95495480033,4,73
2017-11-03,10456.7,10459.55,10451.8,10453.05,15:20:00,10449.69257815268,4,74
2017-11-03,10454.4,10461.0,10452.7,10456.5,15:25:00,10450.1409040429,4,75
2017-11-06,10435.7,10440.65,10421.4,10425.55,09:15:00,10448.76557984834,0,1
2017-11-06,10444.8,10449.5,10435.2,10435.85,09:20:00,10448.387905577069,0,2
2017-11-06,10441.85,10445.1,10437.5,10444.85,09:25:00,10447.765247903062,0,3
2017-11-06,10433.95,10442.1,10432.35,10442.1,09:30:00,10446.449510007533,0,4
2017-11-06,10430.8,10440.25,10430.35,10434.15,09:35:00,10444.959080483006,0,5
2017-11-06,10434.25,10434.35,10427.7,10430.95,09:40:00,10443.939168056051,0,6
2017-11-06,10435.6,10437.3,10431.7,10434.75,09:45:00,10443.144961574524,0,7
2017-11-06,10419.8,10435.85,10418.05,10435.35,09:50:00,10440.92163190076,0,8
2017-11-06,10416.25,10419.85,10413.75,10419.85,09:55:00,10438.571952672117,0,9
2017-11-06,10429.45,10430.2,10414.4,10416.0,10:00:00,10437.703195274771,0,10
2017-11-06,10432.7,10435.3,10423.2,10429.75,10:05:00,10437.2267004867,0,11
2017-11-06,10428.25,10435.2,10426.75,10432.8,10:10:00,10436.371776630822,0,12
2017-11-06,10431.7,10434.5,10427.65,10428.85,10:15:00,10435.926845523123,0,13
2017-11-06,10439.3,10439.65,10430.95,10431.55,10:20:00,10436.248098330449,0,14
2017-11-06,10439.3,10441.05,10436.7,10440.0,10:25:00,10436.53875563231,0,15
2017-11-06,10438.35,10440.45,10437.35,10439.05,10:30:00,10436.7112550959,0,16
2017-11-06,10440.4,10443.0,10437.5,10438.3,10:35:00,10437.062564134383,0,17
2017-11-06,10445.35,10450.4,10440.0,10440.35,10:40:00,10437.851843740633,0,18
2017-11-06,10449.4,10453.25,10445.65,10446.1,10:45:00,10438.951668146286,0,19
2017-11-06,10445.75,10450.45,10443.9,10449.65,10:50:00,10439.59912832283,0,20
2017-11-06,10446.75,10447.8,10444.0,10445.65,10:55:00,10440.280163720656,0,21
2017-11-06,10449.25,10449.25,10445.3,10446.7,11:00:00,10441.134433842495,0,22
2017-11-06,10448.3,10450.05,10446.7,10448.75,11:05:00,10441.81686871464,0,23
2017-11-06,10447.35,10449.85,10447.1,10448.85,11:10:00,10442.34383359896,0,24
2017-11-06,10444.5,10447.9,10443.45,10447.7,11:15:00,10442.549182780012,0,25
2017-11-06,10444.75,10447.45,10444.1,10444.6,11:20:00,10442.758784420012,0,26
2017-11-06,10440.95,10444.95,10440.2,10444.6,11:25:00,10442.586519237151,0,27
2017-11-06,10441.85,10443.0,10438.8,10441.0,11:30:00,10442.5163745479,0,28
2017-11-06,10444.3,10444.8,10441.3,10441.8,11:35:00,10442.686243638578,0,29
2017-11-06,10444.95,10445.85,10443.0,10443.75,11:40:00,10442.901839482523,0,30
2017-11-06,10446.35,10446.7,10443.85,10444.8,11:45:00,10443.230235722283,0,31
2017-11-06,10445.3,10447.1,10445.2,10446.3,11:50:00,10443.427356129683,0,32
2017-11-06,10442.95,10446.2,10442.4,10445.25,11:55:00,10443.381893641144,0,33
2017-11-06,10442.75,10444.6,10440.95,10443.15,12:00:00,10443.321713294368,0,34
2017-11-06,10444.05,10446.25,10441.95,10442.5,12:05:00,10443.391073933,0,35
2017-11-06,10443.85,10447.0,10442.15,10444.5,12:10:00,10443.434781177477,0,36
2017-11-06,10443.95,10445.3,10443.05,10444.0,12:15:00,10443.483849636765,0,37
2017-11-06,10448.05,10448.75,10444.1,10444.25,12:20:00,10443.918721099928,0,38
2017-11-06,10448.75,10449.8,10446.7,10448.1,12:25:00,10444.378842899934,0,39
2017-11-06,10453.35,10453.65,10448.3,10448.3,12:30:00,10445.233238814226,0,40
2017-11-06,10459.7,10460.4,10452.65,10453.4,12:35:00,10446.611025593824,0,41
2017-11-06,10464.5,10464.5,10457.85,10460.1,12:40:00,10448.314737442031,0,42
2017-11-06,10473.1,10475.35,10464.2,10464.6,12:45:00,10450.675238638029,0,43
2017-11-06,10475.65,10478.1,10471.0,10473.05,12:50:00,10453.053787339168,0,44
2017-11-06,10476.85,10477.55,10474.05,10475.75,12:55:00,10455.320093306866,0,45
2017-11-06,10477.8,10479.9,10476.15,10476.95,13:00:00,10457.46103680145,0,46
2017-11-06,10475.35,10480.5,10474.65,10477.25,13:05:00,10459.164747582265,0,47
2017-11-06,10472.5,10475.65,10471.9,10475.45,13:10:00,10460.434771622047,0,48
2017-11-06,10471.25,10472.95,10469.65,10472.3,13:15:00,10461.464793372328,0,49
2017-11-06,10475.75,10475.75,10469.15,10470.9,13:20:00,10462.825289241631,0,50
2017-11-06,10477.35,10478.95,10474.4,10475.15,13:25:00,10464.208595028143,0,51
2017-11-06,10478.85,10481.4,10477.45,10477.65,13:30:00,10465.603014549271,0,52
2017-11-06,10486.1,10486.1,10477.95,10478.75,13:35:00,10467.555108401722,0,53
2017-11-06,10483.95,10490.45,10483.85,10485.65,13:40:00,10469.116526649175,0,54
2017-11-06,10482.5,10485.55,10481.35,10483.8,13:45:00,10470.39114315878,0,55
2017-11-06,10480.7,10482.8,10479.1,10481.75,13:50:00,10471.37293904842,0,56
2017-11-06,10481.1,10482.45,10479.4,10481.05,13:55:00,10472.299325805714,0,57
2017-11-06,10486.15,10486.15,10480.15,10480.85,14:00:00,10473.61843763374,0,58
2017-11-06,10483.7,10487.35,10483.6,10486.55,14:05:00,10474.578586430527,0,59
2017-11-06,10476.0,10484.05,10476.0,10483.05,14:10:00,10474.71395915143,0,60
2017-11-06,10473.7,10479.5,10470.95,10476.25,14:15:00,10474.6173916132,0,61
2017-11-06,10473.3,10474.1,10469.1,10473.55,14:20:00,10474.491925745277,0,62
2017-11-06,10466.65,10474.05,10466.65,10473.55,14:25:00,10473.745075674298,0,63
2017-11-06,10469.1,10470.0,10464.75,10466.95,14:30:00,10473.30268751484,0,64
2017-11-06,10467.3,10472.5,10466.95,10469.2,14:35:00,10472.731002989618,0,65
2017-11-06,10467.5,10469.95,10463.15,10467.0,14:40:00,10472.232812228702,0,66
2017-11-06,10478.6,10479.85,10467.05,10467.1,14:45:00,10472.839211064063,0,67
2017-11-06,10476.4,10481.5,10473.55,10478.5,14:50:00,10473.178333819867,0,68
2017-11-06,10476.85,10481.1,10476.1,10476.45,14:55:00,10473.528016313212,0,69
2017-11-06,10469.95,10477.75,10469.95,10476.75,15:00:00,10473.18725285481,0,70
2017-11-06,10462.0,10470.05,10461.0,10470.05,15:05:00,10472.12180020197,0,71
2017-11-06,10455.3,10462.35,10454.6,10462.2,15:10:00,10470.51972399226,0,72
2017-11-06,10445.95,10457.15,10444.05,10454.65,15:15:00,10468.179750278712,0,73
2017-11-06,10432.75,10445.5,10432.0,10445.5,15:20:00,10464.805488347409,0,74
2017-11-06,10436.1,10439.9,10429.2,10432.5,15:25:00,10462.07163231432,0,75
2017-11-07,10476.95,10485.75,10471.6,10473.95,09:15:00,10463.488619712956,1,1
2017-11-07,10474.05,10480.0,10469.0,10477.8,09:20:00,10464.49446545458,1,2
2017-11-07,10469.6,10475.45,10464.45,10474.15,09:25:00,10464.98070683986,1,3
2017-11-07,10472.85,10476.55,10469.75,10469.75,09:30:00,10465.7301633313,1,4
2017-11-07,10476.95,10485.1,10472.8,10472.8,09:35:00,10466.79871920451,1,5
2017-11-07,10477.65,10478.3,10472.15,10476.9,09:40:00,10467.832174518366,1,6
2017-11-07,10474.2,10480.15,10470.6,10478.05,09:45:00,10468.438634088045,1,7
2017-11-07,10450.95,10474.1,10450.0,10473.65,09:50:00,10466.773049889183,1,8
2017-11-07,10452.8,10460.65,10448.0,10449.65,09:55:00,10465.442283233073,1,9
2017-11-07,10441.0,10453.85,10436.4,10452.7,10:00:00,10463.114446734684,1,10
2017-11-07,10444.15,10449.05,10438.45,10440.95,10:05:00,10461.308308950429,1,11
2017-11-07,10432.15,10449.45,10430.4,10444.2,10:10:00,10458.531327145623,1,12
2017-11-07,10423.25,10432.05,10413.95,10432.05,10:15:00,10455.171200750803,1,13
2017-11-07,10406.25,10423.7,10403.65,10423.4,10:20:00,10450.512038774536,1,14
2017-11-07,10416.45,10416.85,10394.65,10405.7,10:25:00,10447.268035081725,1,15
2017-11-07,10424.4,10426.9,10413.6,10416.85,10:30:00,10445.090126978705,1,16
2017-11-07,10426.4,10429.05,10424.75,10424.75,10:35:00,10443.310114885491,1,17
2017-11-07,10418.75,10427.7,10416.95,10426.6,10:40:00,10440.97105632497,1,18
2017-11-07,10416.8,10418.85,10411.3,10418.85,10:45:00,10438.669050960689,1,19
2017-11-07,10418.8,10419.85,10413.1,10416.55,10:50:00,10436.776760393004,1,20
2017-11-07,10418.4,10420.85,10415.7,10419.35,10:55:00,10435.026592736527,1,21
2017-11-07,10424.95,10426.3,10415.8,10418.8,11:00:00,10434.066917237811,1,22
2017-11-07,10427.4,10431.7,10424.7,10425.55,11:05:00,10433.431972738972,1,23
2017-11-07,10424.35,10428.1,10421.7,10427.25,11:10:00,10432.567022954308,1,24
2017-11-07,10416.9,10424.25,10416.35,10424.1,11:15:00,10431.074925530089,1,25
2017-11-07,10408.7,10416.95,10408.65,10416.5,11:20:00,10428.943980241507,1,26
2017-11-07,10409.9,10412.7,10403.85,10408.8,11:25:00,10427.130267837554,1,27
2017-11-07,10423.65,10425.35,10409.05,10409.45,11:30:00,10426.798813757789,1,28
2017-11-07,10426.7,10429.05,10422.1,10422.9,11:35:00,10426.789402923712,1,29
2017-11-07,10424.05,10427.35,10420.65,10426.2,11:40:00,10426.528507407167,1,30
2017-11-07,10421.1,10426.05,10420.05,10423.8,11:45:00,10426.011506701723,1,31
2017-11-07,10427.25,10427.85,10420.6,10420.6,11:50:00,10426.12945844442,1,32
2017-11-07,10423.95,10427.35,10420.55,10426.9,11:55:00,10425.92189097352,1,33
2017-11-07,10427.45,10427.5,10423.2,10423.2,12:00:00,10426.06742516652,1,34
2017-11-07,10429.0,10429.5,10425.35,10426.8,12:05:00,10426.346718007802,1,35
2017-11-07,10435.05,10436.5,10428.4,10429.15,12:10:00,10427.17560200706,1,36
2017-11-07,10436.3,10439.65,10433.4,10434.75,12:15:00,10428.0445922921,1,37
2017-11-07,10437.35,10438.85,10434.2,10435.8,12:20:00,10428.930821597614,1,38
2017-11-07,10442.55,10442.65,10435.45,10437.05,12:25:00,10430.227886207364,1,39
2017-11-07,10435.7,10445.1,10435.7,10441.8,12:30:00,10430.749039901904,1,40
2017-11-07,10437.85,10438.3,10432.25,10436.0,12:35:00,10431.425321816008,1,41
2017-11-07,10427.85,10437.9,10427.05,10437.65,12:40:00,10431.084814976388,1,42
2017-11-07,10427.65,10431.35,10423.45,10428.0,12:45:00,10430.757689740542,1,43
2017-11-07,10434.4,10434.9,10425.3,10427.3,12:50:00,10431.10457643192,1,44
2017-11-07,10429.15,10436.6,10428.75,10434.1,12:55:00,10430.918426295546,1,45
2017-11-07,10407.1,10429.4,10406.65,10429.4,13:00:00,10428.65000474359,1,46
2017-11-07,10403.75,10412.1,10400.25,10406.75,13:05:00,10426.278575720393,1,47
2017-11-07,10404.5,10408.9,10404.05,10404.45,13:10:00,10424.204425651782,1,48
2017-11-07,10393.35,10404.45,10393.15,10404.45,13:15:00,10421.265908923042,1,49
2017-11-07,10406.7,10408.0,10392.35,10393.7,13:20:00,10419.8786795018,1,50
2017-11-07,10403.15,10407.5,10403.15,10406.9,13:25:00,10418.2854719302,1,51
2017-11-07,10385.4,10403.05,10385.4,10403.05,13:30:00,10415.153522222565,1,52
2017-11-07,10374.75,10387.15,10374.75,10385.2,13:35:00,10411.305567725178,1,53
2017-11-07,10377.5,10377.65,10365.8,10375.15,13:40:00,10408.08598984659,1,54
2017-11-07,10371.85,10378.2,10361.8,10378.0,13:45:00,10404.634943194533,1,55
2017-11-07,10371.95,10377.35,10368.45,10371.75,13:50:00,10401.52209146172,1,56
2017-11-07,10379.3,10380.65,10371.75,10372.2,13:55:00,10399.4057017987,1,57
2017-11-07,10364.95,10380.75,10364.6,10379.65,14:00:00,10396.1242063893,1,58
2017-11-07,10360.35,10364.85,10353.5,10364.85,14:05:00,10392.71713911413,1,59
2017-11-07,10362.3,10364.3,10352.95,10360.25,14:10:00,10389.820268722307,1,60
2017-11-07,10352.85,10363.9,10351.35,10362.4,14:15:00,10386.299290748757,1,61
2017-11-07,10344.45,10354.95,10341.45,10353.1,14:20:00,10382.313644010776,1,62
2017-11-07,10350.05,10355.2,10343.5,10344.15,14:25:00,10379.240916009752,1,63
2017-11-07,10353.5,10354.45,10347.5,10350.6,14:30:00,10376.7894001993,1,64
2017-11-07,10347.05,10358.75,10346.5,10353.7,14:35:00,10373.957076370794,1,65
2017-11-07,10355.75,10355.75,10346.35,10347.65,14:40:00,10372.223069097385,1,66
2017-11-07,10362.3,10369.1,10354.9,10356.15,14:45:00,10371.278014897634,1,67
2017-11-07,10370.8,10372.1,10361.7,10362.65,14:50:00,10371.232489669288,1,68
2017-11-07,10367.15,10376.95,10365.35,10370.75,14:55:00,10370.843681129356,1,69
2017-11-07,10361.3,10368.95,10361.05,10367.0,15:00:00,10369.934759117035,1,70
2017-11-07,10352.4,10364.2,10351.0,10361.75,15:05:00,10368.264782058272,1,71
2017-11-07,10348.2,10354.2,10343.15,10352.45,15:10:00,10366.353850433674,1,72
2017-11-07,10351.7,10352.8,10342.9,10348.35,15:15:00,10364.958245630469,1,73
2017-11-07,10345.9,10353.4,10340.8,10352.4,15:20:00,10363.143174618042,1,74
2017-11-07,10352.35,10353.95,10345.0,10346.85,15:25:00,10362.11525322585,1,75
2017-11-08,10359.35,10372.7,10355.45,10361.5,09:15:00,10361.85189577577,2,1
2017-11-08,10379.15,10382.9,10359.2,10359.4,09:20:00,10363.499334273316,2,2
2017-11-08,10376.4,10384.25,10375.85,10378.8,09:25:00,10364.72796910443,2,3
2017-11-08,10373.3,10377.5,10357.25,10375.95,09:30:00,10365.544352999244,2,4
2017-11-08,10371.0,10376.45,10369.15,10372.6,09:35:00,10366.06393842789,2,5
2017-11-08,10373.7,10377.8,10369.9,10371.05,09:40:00,10366.791182387138,2,6
2017-11-08,10370.75,10376.2,10370.1,10373.45,09:45:00,10367.16821263598,2,7
2017-11-08,10359.15,10375.55,10359.15,10370.55,09:50:00,10366.404573337317,2,8
2017-11-08,10348.0,10358.65,10344.85,10358.65,09:55:00,10364.651756829,2,9
2017-11-08,10334.1,10348.05,10334.1,10348.05,10:00:00,10361.742065702429,2,10
2017-11-08,10336.15,10347.3,10331.95,10334.6,10:05:00,10359.30472611172,2,11
2017-11-08,10344.65,10345.2,10333.35,10335.9,10:10:00,10357.909037910606,2,12
2017-11-08,10350.65,10352.4,10344.85,10345.15,10:15:00,10357.217700966738,2,13
2017-11-08,10356.5,10357.75,10350.6,10350.6,10:20:00,10357.149348493716,2,14
2017-11-08,10356.25,10359.5,10355.6,10356.7,10:25:00,10357.063696256218,2,15
2017-11-08,10356.8,10356.85,10350.6,10356.2,10:30:00,10357.038582327055,2,16
2017-11-08,10358.7,10360.05,10356.65,10356.85,10:35:00,10357.19681258162,2,17
2017-11-08,10366.1,10368.5,10358.55,10358.55,10:40:00,10358.044735192894,2,18
2017-11-08,10357.6,10366.45,10357.55,10366.2,10:45:00,10358.002379460238,2,19
2017-11-08,10356.7,10359.85,10355.05,10357.35,10:50:00,10357.878343321168,2,20
2017-11-08,10354.65,10356.5,10353.3,10356.5,10:55:00,10357.570882052483,2,21
2017-11-08,10346.45,10356.95,10345.35,10354.75,11:00:00,10356.51175042844,2,22
2017-11-08,10347.05,10352.05,10346.05,10346.05,11:05:00,10355.610631340016,2,23
2017-11-08,10342.45,10347.25,10338.6,10347.25,11:10:00,10354.35723787906,2,24
2017-11-08,10351.35,10351.35,10338.6,10342.15,11:15:00,10354.070834271532,2,25
2017-11-08,10353.85,10354.65,10350.95,10350.95,11:20:00,10354.049802436148,2,26
2017-11-08,10361.35,10364.15,10353.6,10353.6,11:25:00,10354.74505934699,2,27
2017-11-08,10362.75,10368.25,10360.1,10361.0,11:30:00,10355.507434647276,2,28
2017-11-08,10363.95,10364.15,10358.9,10363.4,11:35:00,10356.311488490392,2,29
2017-11-08,10365.95,10366.4,10361.3,10363.8,11:40:00,10357.229441967498,2,30
2017-11-08,10368.75,10369.2,10359.9,10365.4,11:45:00,10358.326637970593,2,31
2017-11-08,10363.2,10370.3,10363.05,10368.25,11:50:00,10358.79076768768,2,32
2017-11-08,10355.95,10362.85,10355.95,10362.65,11:55:00,10358.520218384092,2,33
2017-11-08,10358.2,10358.2,10354.35,10355.85,12:00:00,10358.489721395132,2,34
2017-11-08,10351.25,10359.1,10351.25,10358.05,12:05:00,10357.800224119406,2,35
2017-11-08,10352.2,10354.4,10350.65,10351.15,12:10:00,10357.266869441368,2,36
2017-11-08,10348.45,10353.55,10345.35,10352.1,12:15:00,10356.42716758981,2,37
2017-11-08,10350.4,10352.45,10347.0,10348.3,12:20:00,10355.853151628877,2,38
2017-11-08,10347.5,10351.45,10346.8,10350.3,12:25:00,10355.057613378509,2,39
2017-11-08,10347.8,10353.3,10347.25,10347.25,12:30:00,10354.366412104364,2,40
2017-11-08,10350.2,10351.0,10344.4,10346.7,12:35:00,10353.969610951568,2,41
2017-11-08,10345.65,10350.25,10343.9,10350.25,12:40:00,10353.177267051418,2,42
2017-11-08,10341.25,10345.4,10338.85,10345.35,12:45:00,10352.041336856046,2,43
2017-11-08,10340.95,10344.2,10339.1,10341.3,12:50:00,10350.985019060232,2,44
2017-11-08,10344.7,10345.25,10340.4,10341.2,12:55:00,10350.3864458164,2,45
2017-11-08,10333.75,10344.35,10333.55,10343.8,13:00:00,10348.802022405314,2,46
2017-11-08,10334.1,10337.15,10332.95,10334.75,13:05:00,10347.401829795284,2,47
2017-11-08,10337.15,10341.3,10333.05,10334.5,13:10:00,10346.425465052876,2,48
2017-11-08,10333.85,10338.45,10332.5,10336.75,13:15:00,10345.227801714507,2,49
2017-11-08,10328.05,10334.9,10326.85,10333.4,13:20:00,10343.59182059884,2,50
2017-11-08,10336.35,10337.25,10326.35,10327.75,13:25:00,10342.90212339895,2,51
2017-11-08,10334.05,10336.25,10330.55,10336.25,13:30:00,10342.05906402762,2,52
2017-11-08,10343.8,10345.0,10333.85,10334.5,13:35:00,10342.224867453562,2,53
2017-11-08,10345.55,10349.0,10342.9,10343.85,13:40:00,10342.541546743698,2,54
2017-11-08,10347.15,10347.15,10341.35,10345.3,13:45:00,10342.980447053822,2,55
2017-11-08,10349.45,10351.45,10347.25,10347.6,13:50:00,10343.596594953458,2,56
2017-11-08,10340.9,10349.55,10339.35,10349.2,13:55:00,10343.339776386463,2,57
2017-11-08,10329.05,10340.95,10328.65,10340.85,14:00:00,10341.97884530204,2,58
2017-11-08,10319.0,10332.0,10316.45,10329.5,14:05:00,10339.790383844702,2,59
2017-11-08,10317.4,10319.55,10311.25,10319.55,14:10:00,10337.657966335682,2,60
2017-11-08,10307.05,10318.3,10304.65,10318.2,14:15:00,10334.74292192276,2,61
2017-11-08,10299.25,10306.55,10295.9,10306.4,14:20:00,10331.3626436444,2,62
2017-11-08,10310.15,10310.15,10298.4,10299.5,14:25:00,10329.342391868744,2,63
2017-11-08,10296.65,10310.5,10291.95,10309.85,14:30:00,10326.228830738388,2,64
2017-11-08,10300.4,10303.0,10292.45,10296.7,14:35:00,10323.768942096636,2,65
2017-11-08,10289.45,10300.55,10288.45,10300.15,14:40:00,10320.500471420766,2,66
2017-11-08,10293.6,10294.25,10288.0,10289.4,14:45:00,10317.938521761644,2,67
2017-11-08,10297.55,10301.5,10293.4,10294.05,14:50:00,10315.996757784347,2,68
2017-11-08,10292.2,10298.4,10290.65,10298.05,14:55:00,10313.730399900123,2,69
2017-11-08,10289.15,10295.0,10285.5,10292.7,15:00:00,10311.389409433446,2,70
2017-11-08,10298.5,10298.85,10286.7,10289.0,15:05:00,10310.16184663026,2,71
2017-11-08,10306.8,10307.65,10297.95,10298.4,15:10:00,10309.841670760712,2,72
2017-11-08,10307.8,10308.8,10302.5,10307.0,15:15:00,10309.647225926356,2,73
2017-11-08,10312.65,10315.25,10307.05,10308.0,15:20:00,10309.93320440956,2,74
2017-11-08,10316.25,10317.8,10312.7,10312.7,15:25:00,10310.534803989603,2,75
2017-11-09,10356.1,10364.9,10348.25,10353.85,09:15:00,10314.874346466784,3,1
2017-11-09,10355.5,10368.45,10355.1,10356.75,09:20:00,10318.74345632709,3,2
2017-11-09,10358.15,10364.05,10355.55,10355.85,09:25:00,10322.496460486416,3,3
2017-11-09,10355.6,10360.45,10353.4,10358.05,09:30:00,10325.649178535328,3,4
2017-11-09,10352.25,10357.1,10344.35,10355.95,09:35:00,10328.182590103392,3,5
2017-11-09,10356.6,10357.9,10346.85,10352.1,09:40:00,10330.889010093546,3,6
2017-11-09,10356.65,10362.0,10353.6,10356.9,09:45:00,10333.342437703684,3,7
2017-11-09,10352.25,10356.8,10349.9,10356.6,09:50:00,10335.14315792238,3,8
2017-11-09,10350.5,10354.4,10349.7,10352.65,09:55:00,10336.605714310725,3,9
2017-11-09,10357.05,10358.45,10350.35,10350.35,10:00:00,10338.552789138275,3,10
2017-11-09,10355.25,10357.9,10353.5,10356.45,10:05:00,10340.142999696536,3,11
2017-11-09,10348.3,10357.35,10348.05,10355.0,10:10:00,10340.919856868291,3,12
2017-11-09,10347.25,10349.0,10344.95,10348.05,10:15:00,10341.522727642743,3,13
2017-11-09,10344.25,10351.5,10343.1,10347.4,10:20:00,10341.782467867244,3,14
2017-11-09,10347.8,10347.8,10339.45,10344.3,10:25:00,10342.3555661656,3,15
2017-11-09,10341.4,10347.05,10337.6,10347.0,10:30:00,10342.264559864116,3,16
2017-11-09,10334.95,10341.7,10331.45,10340.65,10:35:00,10341.567935115152,3,17
2017-11-09,10343.4,10343.4,10333.95,10334.7,10:40:00,10341.74241748514,3,18
2017-11-09,10338.35,10345.15,10337.55,10343.25,10:45:00,10341.419330105602,3,19
2017-11-09,10335.0,10340.1,10331.8,10338.4,10:50:00,10340.80796533364,3,20
2017-11-09,10321.1,10335.85,10318.65,10335.05,10:55:00,10338.931016254246,3,21
2017-11-09,10319.15,10325.9,10311.2,10321.05,11:00:00,10337.047109944318,3,22
2017-11-09,10310.25,10322.85,10309.5,10319.1,11:05:00,10334.495004235336,3,23
2017-11-09,10309.85,10312.35,10304.45,10310.0,11:10:00,10332.147860974828,3,24
2017-11-09,10315.1,10315.45,10306.25,10309.95,11:15:00,10330.524255167702,3,25
2017-11-09,10325.8,10325.8,10314.15,10314.95,11:20:00,10330.074326104112,3,26
2017-11-09,10321.95,10327.25,10316.25,10325.5,11:25:00,10329.300580760862,3,27
2017-11-09,10316.6,10321.4,10313.1,10321.15,11:30:00,10328.09100164078,3,28
2017-11-09,10314.4,10318.55,10314.3,10316.1,11:35:00,10326.787096722612,3,29
2017-11-09,10312.35,10315.5,10310.15,10314.5,11:40:00,10325.412135129982,3,30
2017-11-09,10318.4,10319.1,10310.45,10311.8,11:45:00,10324.744312736651,3,31
2017-11-09,10313.85,10321.15,10313.65,10318.5,11:50:00,10323.706759142684,3,32
2017-11-09,10311.8,10314.15,10311.35,10313.8,11:55:00,10322.572782081475,3,33
2017-11-09,10308.5,10312.25,10303.85,10311.6,12:00:00,10321.232517121336,3,34
2017-11-09,10302.5,10312.65,10302.5,10308.65,12:05:00,10319.448467871684,3,35
2017-11-09,10297.3,10303.0,10290.05,10302.6,12:10:00,10317.33908997914,3,36
2017-11-09,10296.3,10301.35,10294.95,10297.05,12:15:00,10315.335367123986,3,37
2017-11-09,10285.65,10296.85,10285.05,10296.7,12:20:00,10312.508189302656,3,38
2017-11-09,10282.15,10286.45,10271.7,10285.95,12:25:00,10309.616933178591,3,39
2017-11-09,10281.55,10284.95,10277.85,10282.6,12:30:00,10306.943891923487,3,40
2017-11-09,10286.1,10286.2,10273.5,10281.65,12:35:00,10304.958759359348,3,41
2017-11-09,10288.4,10289.8,10283.45,10285.85,12:40:00,10303.381734658458,3,42
2017-11-09,10286.5,10290.55,10285.85,10288.55,12:45:00,10301.773950405272,3,43
2017-11-09,10273.4,10286.6,10272.9,10286.6,12:50:00,10299.071669414292,3,44
2017-11-09,10272.3,10278.5,10266.95,10273.25,12:55:00,10296.52198661293,3,45
2017-11-09,10281.15,10283.45,10271.4,10271.95,13:00:00,10295.057987887889,3,46
2017-11-09,10293.9,10294.75,10278.2,10281.5,13:05:00,10294.947703327138,3,47
2017-11-09,10298.65,10302.25,10291.45,10294.1,13:10:00,10295.300303010268,3,48
2017-11-09,10295.3,10303.4,10292.85,10298.85,13:15:00,10295.300274152149,3,49
2017-11-09,10292.75,10296.35,10290.2,10293.5,13:20:00,10295.05739089956,3,50
2017-11-09,10295.85,10296.15,10289.5,10291.9,13:25:00,10295.132877480555,3,51
2017-11-09,10296.95,10302.8,10294.55,10296.0,13:30:00,10295.305936768122,3,52
2017-11-09,10287.65,10297.65,10285.4,10297.2,13:35:00,10294.576799933062,3,53
2017-11-09,10294.1,10294.15,10280.75,10288.1,13:40:00,10294.531390415626,3,54
2017-11-09,10290.6,10295.7,10287.85,10294.0,13:45:00,10294.156972280804,3,55
2017-11-09,10284.2,10291.25,10284.2,10290.0,13:50:00,10293.208689206442,3,56
2017-11-09,10287.3,10287.9,10277.6,10282.85,13:55:00,10292.645956901066,3,57
2017-11-09,10296.0,10296.05,10281.9,10287.2,14:00:00,10292.965389577155,3,58
2017-11-09,10292.25,10297.25,10291.9,10295.8,14:05:00,10292.897257236476,3,59
2017-11-09,10284.2,10294.4,10281.8,10292.9,14:10:00,10292.068947023476,3,60
2017-11-09,10291.0,10292.75,10284.1,10284.3,14:15:00,10291.967142545052,3,61
2017-11-09,10295.4,10295.55,10288.7,10291.15,14:20:00,10292.294081350285,3,62
2017-11-09,10293.4,10298.55,10290.1,10295.0,14:25:00,10292.399406935972,3,63
2017-11-09,10291.15,10298.25,10290.75,10294.05,14:30:00,10292.280415799214,3,64
2017-11-09,10291.05,10291.85,10287.1,10291.05,14:35:00,10292.163233342146,3,65
2017-11-09,10293.9,10293.9,10287.25,10291.15,14:40:00,10292.328639690511,3,66
2017-11-09,10302.85,10305.65,10292.5,10292.5,14:45:00,10293.330674005703,3,67
2017-11-09,10295.05,10306.3,10294.4,10302.95,14:50:00,10293.494419338494,3,68
2017-11-09,10296.15,10297.9,10290.65,10295.45,14:55:00,10293.747331782448,3,69
2017-11-09,10307.4,10312.25,10295.75,10296.35,15:00:00,10295.047585898405,3,70
2017-11-09,10298.7,10307.85,10296.8,10307.85,15:05:00,10295.395434860462,3,71
2017-11-09,10304.5,10304.95,10298.15,10298.75,15:10:00,10296.262536302323,3,72
2017-11-09,10313.7,10313.95,10301.6,10305.5,15:15:00,10297.923247130671,3,73
2017-11-09,10319.15,10322.1,10313.35,10315.1,15:20:00,10299.944842642037,3,74
2017-11-09,10324.65,10325.75,10318.65,10319.35,15:25:00,10302.297714771366,3,75
2017-11-10,10291.3,10304.55,10281.2,10292.6,09:15:00,10301.25031336457,4,1
2017-11-10,10286.4,10295.6,10285.05,10291.65,09:20:00,10299.835997806038,4,2
2017-11-10,10277.95,10286.95,10270.0,10286.25,09:25:00,10297.751617062606,4,3
2017-11-10,10278.25,10281.0,10271.15,10278.25,09:30:00,10295.8943201995,4,4
2017-11-10,10289.35,10289.4,10277.7,10278.2,09:35:00,10295.271051609074,4,5
2017-11-10,10288.95,10290.85,10287.15,10289.45,09:40:00,10294.669046693924,4,6
2017-11-10,10286.55,10291.7,10281.85,10288.9,09:45:00,10293.895804151643,4,7
2017-11-10,10288.0,10288.9,10283.4,10286.0,09:50:00,10293.334298994345,4,8
2017-11-10,10284.65,10288.2,10275.4,10288.2,09:55:00,10292.507222899643,4,9
2017-11-10,10284.6,10289.5,10283.85,10284.8,10:00:00,10291.75415405206,4,10
2017-11-10,10291.4,10292.05,10283.5,10284.3,10:05:00,10291.72042509472,4,11
2017-11-10,10289.5,10292.0,10287.35,10291.3,10:10:00,10291.50895603808,4,12
2017-11-10,10290.05,10291.45,10287.95,10289.1,10:15:00,10291.370007843978,4,13
2017-11-10,10290.65,10291.0,10287.5,10290.45,10:20:00,10291.30143566836,4,14
2017-11-10,10297.55,10298.15,10290.25,10290.55,10:25:00,10291.89653703328,4,15
2017-11-10,10303.2,10303.2,10296.2,10297.2,10:30:00,10292.973057315823,4,16
2017-11-10,10297.45,10303.4,10296.05,10303.4,10:35:00,10293.399432809554,4,17
2017-11-10,10305.45,10305.45,10296.25,10297.15,10:40:00,10294.547105875312,4,18
2017-11-10,10311.8,10312.0,10304.35,10305.65,10:45:00,10296.190238649093,4,19
2017-11-10,10311.55,10314.9,10305.2,10312.15,10:50:00,10297.653073063464,4,20
2017-11-10,10310.3,10315.4,10309.85,10312.0,10:55:00,10298.857542295516,4,21
2017-11-10,10303.7,10310.2,10303.1,10309.6,11:00:00,10299.31872874356,4,22
2017-11-10,10309.0,10310.05,10301.85,10303.4,11:05:00,10300.240754577506,4,23
2017-11-10,10309.0,10309.85,10306.15,10308.65,11:10:00,10301.074968427269,4,24
2017-11-10,10307.65,10309.15,10306.4,10308.65,11:15:00,10301.701161910383,4,25
2017-11-10,10309.2,10309.2,10304.55,10307.55,11:20:00,10302.415336966538,4,26
2017-11-10,10308.9,10311.8,10308.0,10308.65,11:25:00,10303.032923922105,4,27
2017-11-10,10305.75,10309.1,10304.45,10308.75,11:30:00,10303.29169307238,4,28
2017-11-10,10300.85,10305.5,10299.9,10305.05,11:35:00,10303.059150875011,4,29
2017-11-10,10302.0,10303.45,10299.4,10300.75,11:40:00,10302.958279363103,4,30
2017-11-10,10298.85,10301.9,10296.65,10301.85,11:45:00,10302.567014661858,4,31
2017-11-10,10295.7,10298.45,10293.8,10298.45,11:50:00,10301.91301326549,4,32
2017-11-10,10297.55,10300.85,10295.15,10296.15,11:55:00,10301.497488192586,4,33
2017-11-10,10294.05,10299.75,10293.9,10297.9,12:00:00,10300.788203602817,4,34
2017-11-10,10293.85,10295.55,10290.4,10294.0,12:05:00,10300.12742230731,4,35
2017-11-10,10290.4,10294.15,10289.9,10294.1,12:10:00,10299.201001135183,4,36
2017-11-10,10290.55,10291.1,10286.1,10290.25,12:15:00,10298.377096265169,4,37
2017-11-10,10287.7,10290.75,10287.05,10290.45,12:20:00,10297.360229954198,4,38
2017-11-10,10282.2,10288.45,10281.55,10287.65,12:25:00,10295.91639852999,4,39
2017-11-10,10289.9,10290.15,10281.7,10282.6,12:30:00,10295.3434081938,4,40
2017-11-10,10289.85,10291.4,10288.5,10289.75,12:35:00,10294.820226461055,4,41
2017-11-10,10292.4,10294.4,10288.95,10290.05,12:40:00,10294.589728702862,4,42
2017-11-10,10284.75,10294.8,10282.35,10292.0,12:45:00,10293.65261168354,4,43
2017-11-10,10289.65,10292.95,10284.65,10285.55,12:50:00,10293.271410570824,4,44
2017-11-10,10295.45,10298.6,10288.7,10289.85,12:55:00,10293.478895278364,4,45
2017-11-10,10292.3,10296.45,10289.7,10294.95,13:00:00,10293.366619537568,4,46
2017-11-10,10295.0,10296.95,10292.25,10292.25,13:05:00,10293.52217958161,4,47
2017-11-10,10297.2,10299.0,10293.5,10294.8,13:10:00,10293.872448192888,4,48
2017-11-10,10299.3,10302.7,10296.95,10297.15,13:15:00,10294.389357888804,4,49
2017-11-10,10305.2,10306.8,10298.45,10298.8,13:20:00,10295.418942851777,4,50
2017-11-10,10300.5,10305.25,10299.35,10305.05,13:25:00,10295.902853056368,4,51
2017-11-10,10301.8,10303.6,10298.5,10300.45,13:30:00,10296.46448609862,4,52
2017-11-10,10307.8,10307.8,10300.85,10302.5,13:35:00,10297.54405885113,4,53
2017-11-10,10309.65,10314.75,10307.15,10307.15,13:40:00,10298.697005627211,4,54
2017-11-10,10326.45,10327.7,10309.15,10309.15,13:45:00,10301.340147948433,4,55
2017-11-10,10326.9,10334.1,10325.55,10325.95,13:50:00,10303.77441957239,4,56
2017-11-10,10320.4,10326.75,10315.4,10326.75,13:55:00,10305.357808184544,4,57
2017-11-10,10327.45,10328.5,10320.55,10321.05,14:00:00,10307.461826452682,4,58
2017-11-10,10322.05,10332.5,10321.55,10327.7,14:05:00,10308.85117631433,4,59
2017-11-10,10309.2,10326.25,10309.1,10321.65,14:10:00,10308.884397617729,4,60
2017-11-10,10309.75,10312.15,10301.0,10308.85,14:15:00,10308.96683593985,4,61
2017-11-10,10298.6,10310.8,10296.2,10309.8,14:20:00,10307.979518231294,4,62
2017-11-10,10289.15,10298.6,10287.7,10298.35,14:25:00,10306.186230780691,4,63
2017-11-10,10279.2,10288.8,10273.0,10288.7,14:30:00,10303.616113563485,4,64
2017-11-10,10291.65,10292.0,10274.35,10279.4,14:35:00,10302.476483700297,4,65
2017-11-10,10284.75,10295.7,10283.95,10291.55,14:40:00,10300.78824715741,4,66
2017-11-10,10273.65,10284.8,10270.55,10284.15,14:45:00,10298.203652190035,4,67
2017-11-10,10271.75,10279.65,10271.45,10273.6,14:50:00,10295.684256743369,4,68
2017-11-10,10257.5,10276.85,10254.1,10271.95,14:55:00,10292.047660863043,4,69
2017-11-10,10295.2,10295.2,10258.1,10258.1,15:00:00,10292.347883637993,4,70
2017-11-10,10317.35,10319.85,10294.8,10295.45,15:05:00,10294.729037577232,4,71
2017-11-10,10338.25,10338.4,10315.6,10318.6,15:10:00,10298.873891141306,4,72
2017-11-10,10340.7,10340.9,10325.05,10339.5,15:15:00,10302.857330080227,4,73
2017-11-10,10344.15,10344.45,10333.95,10340.35,15:20:00,10306.789965310683,4,74
2017-11-10,10333.8,10344.95,10330.3,10344.75,15:25:00,10309.362349566807,4,75
2017-11-13,10322.15,10334.15,10314.9,10320.95,09:15:00,10310.580221036636,0,1
2017-11-13,10314.9,10330.4,10310.05,10320.75,09:20:00,10310.991628556956,0,2
2017-11-13,10297.9,10316.7,10296.75,10314.8,09:25:00,10309.744806789628,0,3
2017-11-13,10292.0,10304.05,10288.1,10297.4,09:30:00,10308.054825190617,0,4
2017-11-13,10290.4,10293.4,10281.95,10292.6,09:35:00,10306.373413267698,0,5
2017-11-13,10304.85,10306.1,10287.45,10290.15,09:40:00,10306.228326289822,0,6
2017-11-13,10302.0,10306.15,10298.7,10305.05,09:45:00,10305.825628547937,0,7
2017-11-13,10298.95,10302.9,10291.2,10302.2,09:50:00,10305.170806781463,0,8
2017-11-13,10298.7,10303.2,10294.75,10298.5,09:55:00,10304.554539468943,0,9
2017-11-13,10293.3,10299.15,10287.95,10299.15,10:00:00,10303.48267856714,0,10
2017-11-13,10286.7,10293.45,10285.45,10293.45,10:05:00,10301.88432822741,0,11
2017-11-13,10281.35,10287.4,10278.3,10286.95,10:10:00,10299.928677920036,0,12
2017-11-13,10290.75,10292.8,10279.0,10281.6,10:15:00,10299.05451811813,0,13
2017-11-13,10286.3,10290.35,10281.6,10289.8,10:20:00,10297.83980210688,0,14
2017-11-13,10279.3,10286.95,10278.1,10286.25,10:25:00,10296.07410666813,0,15
2017-11-13,10282.7,10287.2,10279.2,10279.2,10:30:00,10294.800382223544,0,16
2017-11-13,10283.65,10288.1,10281.95,10282.5,10:35:00,10293.738441059397,0,17
2017-11-13,10282.9,10283.95,10279.75,10283.6,10:40:00,10292.70620857755,0,18
2017-11-13,10281.95,10284.9,10281.1,10283.0,10:45:00,10291.681807760642,0,19
2017-11-13,10282.15,10287.5,10281.15,10281.9,10:50:00,10290.774016545343,0,20
2017-11-13,10274.2,10282.15,10274.2,10281.8,10:55:00,10289.19553877912,0,21
2017-11-13,10279.6,10282.05,10271.25,10274.1,11:00:00,10288.281677943014,0,22
2017-11-13,10277.55,10280.15,10277.0,10279.55,11:05:00,10287.259613377011,0,23
2017-11-13,10272.55,10277.8,10272.05,10277.6,11:10:00,10285.858697817295,0,24
2017-11-13,10265.4,10272.25,10263.6,10272.25,11:15:00,10283.910250406125,0,25
2017-11-13,10269.0,10271.8,10262.3,10266.6,11:20:00,10282.490226557922,0,26
2017-11-13,10266.35,10269.5,10264.55,10269.05,11:25:00,10280.953062123834,0,27
2017-11-13,10264.35,10267.05,10262.8,10265.9,11:30:00,10279.371818112038,0,28
2017-11-13,10260.6,10265.75,10259.25,10264.3,11:35:00,10277.584025910894,0,29
2017-11-13,10260.6,10261.8,10258.25,10260.4,11:40:00,10275.966499633669,0,30
2017-11-13,10273.35,10273.35,10260.25,10260.65,11:45:00,10275.717309192363,0,31
2017-11-13,10273.5,10273.6,10267.85,10273.3,11:50:00,10275.506136888327,0,32
2017-11-13,10274.45,10277.3,10271.85,10273.35,11:55:00,10275.405552422772,0,33
2017-11-13,10267.25,10274.95,10266.9,10274.6,12:00:00,10274.628833144414,0,34
2017-11-13,10271.55,10272.95,10266.25,10267.15,12:05:00,10274.335610940185,0,35
2017-11-13,10274.0,10274.25,10269.75,10271.4,12:10:00,10274.303647993502,0,36
2017-11-13,10278.4,10281.05,10272.4,10274.05,12:15:00,10274.693776756025,0,37
2017-11-13,10277.3,10282.6,10277.3,10278.05,12:20:00,10274.941988493543,0,38
2017-11-13,10281.8,10282.4,10276.35,10277.7,12:25:00,10275.59513244654,0,39
2017-11-13,10281.4,10281.95,10275.75,10281.95,12:30:00,10276.14797697544,0,40
2017-11-13,10281.65,10281.95,10278.2,10281.1,12:35:00,10276.671979168255,0,41
2017-11-13,10281.8,10284.5,10280.55,10281.95,12:40:00,10277.160362104614,0,42
2017-11-13,10275.9,10282.4,10274.3,10282.15,12:45:00,10277.04032761846,0,43
2017-11-13,10276.35,10278.4,10274.5,10275.95,12:50:00,10276.97458213099,0,44
2017-11-13,10282.15,10282.7,10275.8,10276.25,12:55:00,10277.467479070896,0,45
2017-11-13,10281.85,10284.1,10277.9,10282.0,13:00:00,10277.884862016524,0,46
2017-11-13,10281.45,10282.4,10279.2,10281.8,13:05:00,10278.224398967332,0,47
2017-11-13,10284.25,10285.3,10281.25,10281.7,13:10:00,10278.79826573235,0,48
2017-11-13,10281.3,10284.75,10279.15,10284.6,13:15:00,10279.036526138792,0,49
2017-11-13,10279.85,10281.2,10277.2,10281.2,13:20:00,10279.11399983986,0,50
2017-11-13,10280.15,10281.35,10278.25,10279.8,13:25:00,10279.212666521777,0,51
2017-11-13,10271.15,10280.1,10270.65,10279.7,13:30:00,10278.444793519704,0,52
2017-11-13,10270.25,10275.35,10269.95,10271.3,13:35:00,10277.664336994018,0,53
2017-11-13,10273.65,10274.9,10265.25,10269.95,13:40:00,10277.282019185062,0,54
2017-11-13,10268.2,10274.5,10267.95,10273.85,13:45:00,10276.41706497696,0,55
2017-11-13,10267.3,10272.4,10263.75,10267.7,13:50:00,10275.548773074392,0,56
2017-11-13,10264.35,10268.9,10262.85,10267.4,13:55:00,10274.482223257784,0,57
2017-11-13,10258.2,10264.1,10257.5,10264.0,14:00:00,10272.931535328473,0,58
2017-11-13,10256.9,10258.65,10252.5,10258.65,14:05:00,10271.404722440047,0,59
2017-11-13,10263.75,10265.8,10255.4,10257.1,14:10:00,10270.67570125528,0,60
2017-11-13,10260.45,10264.8,10258.5,10263.25,14:15:00,10269.701824945256,0,61
2017-11-13,10256.35,10261.15,10255.55,10260.55,14:20:00,10268.430222569516,0,62
2017-11-13,10257.4,10259.1,10255.1,10256.15,14:25:00,10267.379725181943,0,63
2017-11-13,10260.15,10263.95,10256.5,10256.95,14:30:00,10266.69117992652,0,64
2017-11-13,10260.95,10263.35,10256.85,10260.2,14:35:00,10266.1444008859,0,65
2017-11-13,10259.4,10263.05,10256.95,10261.35,14:40:00,10265.502076992005,0,66
2017-11-13,10266.4,10270.7,10256.9,10259.3,14:45:00,10265.587593468956,0,67
2017-11-13,10264.3,10267.25,10263.25,10266.0,14:50:00,10265.464965519532,0,68
2017-11-13,10248.3,10264.05,10244.6,10264.05,14:55:00,10263.830206898623,0,69
2017-11-13,10236.55,10248.7,10232.2,10248.7,15:00:00,10261.232091955895,0,70
2017-11-13,10227.9,10237.5,10225.4,10237.5,15:05:00,10258.057607007717,0,71
2017-11-13,10228.1,10230.6,10223.45,10229.6,15:10:00,10255.204501578412,0,72
2017-11-13,10221.2,10228.9,10216.6,10228.9,15:15:00,10251.965977618564,0,73
2017-11-13,10222.6,10223.75,10216.25,10220.8,15:20:00,10249.169217845369,0,74
2017-11-13,10223.2,10225.8,10220.25,10222.8,15:25:00,10246.695959002953,0,75
2017-11-14,10218.0,10226.4,10208.4,10218.85,09:15:00,10243.96301052648,1,1
2017-11-14,10233.1,10239.1,10215.35,10217.3,09:20:00,10242.928438095389,1,2
2017-11-14,10241.75,10247.65,10233.2,10233.2,09:25:00,10242.816205895828,1,3
2017-11-14,10230.95,10248.0,10230.65,10241.8,09:30:00,10241.686091048608,1,4
2017-11-14,10219.55,10233.85,10216.9,10231.3,09:35:00,10239.57789190112,1,5
2017-11-14,10227.55,10231.6,10218.35,10219.05,09:40:00,10238.432378386726,1,6
2017-11-14,10221.35,10227.8,10217.3,10227.6,09:45:00,10236.805485207038,1,7
2017-11-14,10219.45,10224.3,10218.35,10221.45,09:50:00,10235.152581853989,1,8
2017-11-14,10218.1,10219.65,10210.0,10219.4,09:55:00,10233.52852643932,1,9
2017-11-14,10212.25,10219.35,10212.25,10217.8,10:00:00,10231.502000111766,1,10
2017-11-14,10198.05,10212.15,10197.75,10212.15,10:05:00,10228.316095339218,1,11
2017-11-14,10210.65,10210.85,10197.45,10198.1,10:10:00,10226.633610068817,1,12
2017-11-14,10208.95,10213.35,10208.1,10210.7,10:15:00,10224.94945672893,1,13
2017-11-14,10209.65,10212.25,10208.05,10209.15,10:20:00,10223.492365611888,1,14
2017-11-14,10219.5,10222.95,10209.55,10209.6,10:25:00,10223.112140315518,1,15
2017-11-14,10216.35,10220.65,10214.05,10220.1,10:30:00,10222.468126952135,1,16
2017-11-14,10219.45,10219.8,10214.1,10216.65,10:35:00,10222.180686290028,1,17
2017-11-14,10220.15,10223.95,10217.05,10219.3,10:40:00,10221.98728759574,1,18
2017-11-14,10220.4,10222.25,10219.2,10220.7,10:45:00,10221.836117348526,1,19
2017-11-14,10223.35,10228.2,10219.95,10220.55,10:50:00,10221.980296648666,1,20
2017-11-14,10214.9,10223.2,10213.1,10223.2,10:55:00,10221.305982682126,1,21
2017-11-14,10209.45,10216.0,10206.75,10214.45,11:00:00,10220.176841474306,1,22
2017-11-14,10202.6,10210.15,10202.6,10209.0,11:05:00,10218.50285657199,1,23
2017-11-14,10208.35,10210.4,10202.2,10202.7,11:10:00,10217.535917850848,1,24
2017-11-14,10205.35,10210.75,10204.95,10208.4,11:15:00,10216.375354246004,1,25
2017-11-14,10201.9,10205.65,10200.95,10204.9,11:20:00,10214.996749079715,1,26
2017-11-14,10199.0,10201.4,10191.75,10201.4,11:25:00,10213.473249167364,1,27
2017-11-14,10197.05,10198.4,10192.35,10198.2,11:30:00,10211.909130199045,1,28
2017-11-14,10201.35,10202.0,10196.0,10196.75,11:35:00,10210.903498751515,1,29
2017-11-14,10200.0,10205.75,10199.6,10201.25,11:40:00,10209.865070298987,1,30
2017-11-14,10195.2,10200.85,10193.9,10200.1,11:45:00,10208.468396937182,1,31
2017-11-14,10195.45,10196.1,10193.1,10195.3,11:50:00,10207.228549609832,1,32
2017-11-14,10189.9,10197.7,10189.45,10195.4,11:55:00,10205.578211551754,1,33
2017-11-14,10192.45,10194.8,10185.7,10189.75,12:00:00,10204.327905689684,1,34
2017-11-14,10193.65,10197.6,10192.35,10192.35,12:05:00,10203.310962290669,1,35
2017-11-14,10190.75,10194.65,10190.05,10193.7,12:10:00,10202.114680167746,1,36
2017-11-14,10195.4,10195.5,10189.15,10191.15,12:15:00,10201.475186818438,1,37
2017-11-14,10191.85,10195.55,10191.15,10195.55,12:20:00,10200.558502359538,1,38
2017-11-14,10187.8,10192.8,10186.8,10191.95,12:25:00,10199.343406896724,1,39
2017-11-14,10185.6,10190.5,10184.0,10187.75,12:30:00,10198.034511001795,1,40
2017-11-14,10188.2,10191.4,10184.15,10185.45,12:35:00,10197.097890906389,1,41
2017-11-14,10184.8,10189.2,10184.55,10188.5,12:40:00,10195.926663201017,1,42
2017-11-14,10183.85,10185.4,10180.7,10184.85,12:45:00,10194.77650480092,1,43
2017-11-14,10191.1,10191.85,10183.15,10184.25,12:50:00,10194.426361486549,1,44
2017-11-14,10192.9,10197.6,10190.25,10191.45,12:55:00,10194.280993725924,1,45
2017-11-14,10194.2,10194.85,10189.25,10193.05,13:00:00,10194.273280037742,1,46
2017-11-14,10191.15,10196.75,10190.6,10194.25,13:05:00,10193.975824796053,1,47
2017-11-14,10192.0,10193.3,10187.35,10191.0,13:10:00,10193.787651005952,1,48
2017-11-14,10202.35,10202.65,10189.85,10191.95,13:15:00,10194.60311281491,1,49
2017-11-14,10209.85,10209.85,10202.4,10202.55,13:20:00,10196.055197308728,1,50
2017-11-14,10199.4,10210.75,10198.0,10210.0,13:25:00,10196.373749945991,1,51
2017-11-14,10193.2,10201.2,10191.15,10199.6,13:30:00,10196.071488046373,1,52
2017-11-14,10193.75,10199.15,10192.15,10193.7,13:35:00,10195.85039394672,1,53
2017-11-14,10197.4,10198.35,10192.55,10194.5,13:40:00,10195.997975475602,1,54
2017-11-14,10200.05,10200.2,10194.85,10197.55,13:45:00,10196.383882573164,1,55
2017-11-14,10204.45,10207.0,10198.55,10199.95,13:50:00,10197.152084232865,1,56
2017-11-14,10203.15,10205.85,10199.6,10205.1,13:55:00,10197.723314305924,1,57
2017-11-14,10207.4,10207.55,10198.95,10203.2,14:00:00,10198.644903419645,1,58
2017-11-14,10203.3,10208.8,10202.85,10207.2,14:05:00,10199.088245951109,1,59
2017-11-14,10200.9,10204.0,10199.35,10203.4,14:10:00,10199.260793955764,1,60
2017-11-14,10197.05,10201.3,10191.9,10201.25,14:15:00,10199.050242150452,1,61
2017-11-14,10195.95,10199.1,10194.85,10197.35,14:20:00,10198.754980993266,1,62
2017-11-14,10203.9,10205.75,10196.3,10196.35,14:25:00,10199.244982803431,1,63
2017-11-14,10221.2,10221.45,10203.35,10203.7,14:30:00,10201.335936822154,1,64
2017-11-14,10219.8,10223.0,10217.0,10221.5,14:35:00,10203.094419029569,1,65
2017-11-14,10210.15,10219.65,10209.8,10219.65,14:40:00,10203.76637912199,1,66
2017-11-14,10205.7,10215.95,10205.15,10210.4,14:45:00,10203.950533491325,1,67
2017-11-14,10206.45,10208.75,10203.5,10205.8,14:50:00,10204.188577920722,1,68
2017-11-14,10206.95,10207.45,10203.2,10206.2,14:55:00,10204.4515704997,1,69
2017-11-14,10195.8,10206.9,10195.7,10206.3,15:00:00,10203.62761140449,1,70
2017-11-14,10191.2,10198.0,10189.95,10196.0,15:05:00,10202.444029365968,1,71
2017-11-14,10179.9,10191.6,10178.8,10191.0,15:10:00,10200.296978950162,1,72
2017-11-14,10182.9,10184.3,10175.55,10180.1,15:15:00,10198.64012381205,1,73
2017-11-14,10184.65,10185.0,10179.45,10182.5,15:20:00,10197.307731068046,1,74
2017-11-14,10182.2,10187.8,10179.7,10184.7,15:25:00,10195.868899537756,1,75
2017-11-15,10169.95,10175.45,10163.75,10169.7,09:15:00,10193.400432915114,2,1
2017-11-15,10160.0,10169.8,10155.75,10169.8,09:20:00,10190.21943930415,2,2
2017-11-15,10158.95,10161.5,10150.1,10160.1,09:25:00,10187.24139746566,2,3
2017-11-15,10164.9,10166.1,10155.05,10159.1,09:30:00,10185.113645326071,2,4
2017-11-15,10155.95,10168.1,10153.7,10165.25,09:35:00,10182.33615529502,2,5
2017-11-15,10151.1,10157.25,10147.45,10156.85,09:40:00,10179.36128336216,2,6
2017-11-15,10155.35,10156.15,10150.15,10151.45,09:45:00,10177.074494470524,2,7
2017-11-15,10154.8,10156.4,10149.9,10155.75,09:50:00,10174.95311404476,2,8
2017-11-15,10156.85,10157.45,10152.4,10154.6,09:55:00,10173.22900794526,2,9
2017-11-15,10165.2,10165.65,10156.25,10156.6,10:00:00,10172.4643405219,2,10
2017-11-15,10160.15,10166.7,10159.15,10165.0,10:05:00,10171.29154618648,2,11
2017-11-15,10167.05,10169.8,10158.95,10160.2,10:10:00,10170.887589406815,2,12
2017-11-15,10168.75,10172.9,10166.6,10166.6,10:15:00,10170.68400946331,2,13
2017-11-15,10166.55,10170.3,10163.95,10169.2,10:20:00,10170.290294276328,2,14
2017-11-15,10166.15,10169.45,10165.25,10166.4,10:25:00,10169.895980535726,2,15
2017-11-15,10155.05,10166.1,10150.05,10166.1,10:30:00,10168.48207762756,2,16
2017-11-15,10150.3,10157.0,10149.85,10153.7,10:35:00,10166.75045118684,2,17
2017-11-15,10146.8,10150.65,10141.4,10150.55,10:40:00,10164.850408216664,2,18
2017-11-15,10148.95,10149.4,10143.9,10146.6,10:45:00,10163.3360836246,2,19
2017-11-15,10154.85,10156.95,10147.55,10149.15,10:50:00,10162.527885184163,2,20
2017-11-15,10157.6,10158.65,10154.3,10154.9,10:55:00,10162.05856278567,2,21
2017-11-15,10164.55,10164.55,10155.8,10157.25,11:00:00,10162.295842520369,2,22
2017-11-15,10160.6,10165.3,10159.35,10164.65,11:05:00,10162.134333708904,2,23
2017-11-15,10156.85,10161.85,10156.05,10160.4,11:10:00,10161.631063831866,2,24
2017-11-15,10157.0,10158.95,10154.25,10156.95,11:15:00,10161.190010133594,2,25
2017-11-15,10156.05,10157.85,10154.7,10156.95,11:20:00,10160.700485358966,2,26
2017-11-15,10154.35,10155.75,10150.55,10155.55,11:25:00,10160.09567722954,2,27
2017-11-15,10156.2,10160.5,10154.15,10154.6,11:30:00,10159.724660350535,2,28
2017-11-15,10158.0,10158.75,10155.75,10156.25,11:35:00,10159.56040698382,2,29
2017-11-15,10159.05,10163.8,10157.9,10158.05,11:40:00,10159.511796794885,2,30
2017-11-15,10160.65,10161.7,10158.2,10158.8,11:45:00,10159.620197100134,2,31
2017-11-15,10160.25,10163.6,10159.75,10160.95,11:50:00,10159.680178328692,2,32
2017-11-15,10156.5,10161.5,10154.15,10161.5,11:55:00,10159.37730420215,2,33
2017-11-15,10158.45,10160.45,10154.7,10156.75,12:00:00,10159.288989516232,2,34
2017-11-15,10156.25,10160.25,10155.95,10157.9,12:05:00,10158.999561943258,2,35
2017-11-15,10152.95,10157.4,10152.9,10156.0,12:10:00,10158.423413186758,2,36
2017-11-15,10149.65,10153.65,10148.7,10153.1,12:15:00,10157.587850026115,2,37
2017-11-15,10152.15,10152.15,10146.35,10149.7,12:20:00,10157.069959547438,2,38
2017-11-15,10152.35,10154.55,10151.1,10151.6,12:25:00,10156.62043959054,2,39
2017-11-15,10148.3,10152.7,10147.55,10151.95,12:30:00,10155.828016772391,2,40
2017-11-15,10145.95,10149.35,10145.95,10148.2,12:35:00,10154.88725327026,2,41
2017-11-15,10142.2,10145.85,10138.95,10145.85,12:40:00,10153.678943434996,2,42
2017-11-15,10140.05,10142.25,10139.45,10141.75,12:45:00,10152.38094882214,2,43
2017-11-15,10144.35,10145.75,10139.8,10140.2,12:50:00,10151.616096553364,2,44
2017-11-15,10137.3,10144.15,10132.9,10144.15,12:55:00,10150.252658786378,2,45
2017-11-15,10141.7,10141.95,10133.35,10136.85,13:00:00,10149.43811985434,2,46
2017-11-15,10144.8,10147.85,10141.0,10141.0,13:05:00,10148.996394153928,2,47
2017-11-15,10153.3,10153.95,10145.1,10145.1,13:10:00,10149.406261377364,2,48
2017-11-15,10148.25,10155.4,10147.85,10153.9,13:15:00,10149.296141246186,2,49
2017-11-15,10147.25,10149.05,10143.5,10148.35,13:20:00,10149.101270651312,2,50
2017-11-15,10147.15,10147.65,10144.4,10147.0,13:25:00,10148.915435351188,2,51
2017-11-15,10142.3,10148.0,10141.85,10147.3,13:30:00,10148.28539388917,2,52
2017-11-15,10135.45,10143.1,10134.95,10142.15,13:35:00,10147.062975423534,2,53
2017-11-15,10133.9,10136.95,10129.75,10134.8,13:40:00,10145.809358716531,2,54
2017-11-15,10140.35,10143.1,10133.75,10133.75,13:45:00,10145.289419791148,2,55
2017-11-15,10139.8,10147.3,10139.65,10141.65,13:50:00,10144.766617906276,2,56
2017-11-15,10143.25,10143.8,10136.7,10140.05,13:55:00,10144.622178105676,2,57
2017-11-15,10132.0,10144.7,10128.75,10143.2,14:00:00,10143.420065905137,2,58
2017-11-15,10130.65,10134.1,10126.55,10131.8,14:05:00,10142.203869152268,2,59
2017-11-15,10125.85,10135.9,10125.75,10130.25,14:10:00,10140.646357804431,2,60
2017-11-15,10121.65,10127.0,10121.3,10125.75,14:15:00,10138.837180870676,2,61
2017-11-15,10111.75,10121.35,10109.3,10121.35,14:20:00,10136.257449359184,2,62
2017-11-15,10113.95,10120.15,10110.65,10111.9,14:25:00,10134.132930372594,2,63
2017-11-15,10112.0,10114.5,10106.05,10114.4,14:30:00,10132.02503224187,2,64
2017-11-15,10102.95,10113.25,10101.8,10111.45,14:35:00,10129.255981552167,2,65
2017-11-15,10105.25,10105.25,10094.0,10102.75,14:40:00,10126.969697594815,2,66
2017-11-15,10111.05,10115.05,10104.85,10105.05,14:45:00,10125.45353591912,2,67
2017-11-15,10110.05,10116.55,10107.85,10111.2,14:50:00,10123.986532498251,2,68
2017-11-15,10108.05,10114.95,10108.05,10109.85,14:55:00,10122.468767498418,2,69
2017-11-15,10112.0,10115.95,10107.9,10108.15,15:00:00,10121.471742022375,2,70
2017-11-15,10107.0,10112.35,10105.15,10112.1,15:05:00,10120.093480877387,2,71
2017-11-15,10122.4,10122.5,10106.75,10107.15,15:10:00,10120.313149365256,2,72
2017-11-15,10121.8,10125.5,10117.3,10122.5,15:15:00,10120.454754187613,2,73
2017-11-15,10126.6,10127.55,10119.25,10122.9,15:20:00,10121.040015693554,2,74
2017-11-15,10129.6,10129.6,10124.15,10127.4,15:25:00,10121.855252294168,2,75
2017-11-16,10150.25,10168.9,10147.6,10149.9,09:15:00,10124.55951398044,3,1
2017-11-16,10147.4,10150.4,10140.3,10149.75,09:20:00,10126.734798363254,3,2
2017-11-16,10157.65,10164.25,10147.1,10147.9,09:25:00,10129.679103281038,3,3
2017-11-16,10157.3,10161.45,10153.6,10158.5,09:30:00,10132.30966487332,3,4
2017-11-16,10159.35,10161.15,10154.45,10157.0,09:35:00,10134.884934885386,3,5
2017-11-16,10147.55,10159.5,10146.65,10159.4,09:40:00,10136.091131562967,3,6
2017-11-16,10146.3,10148.45,10139.2,10147.1,09:45:00,10137.063404747443,3,7
2017-11-16,10149.15,10149.95,10143.75,10146.25,09:50:00,10138.214509057212,3,8
2017-11-16,10150.9,10154.2,10148.4,10149.4,09:55:00,10139.422651051764,3,9
2017-11-16,10156.85,10158.05,10149.9,10150.6,10:00:00,10141.082398570645,3,10
2017-11-16,10157.75,10158.4,10153.0,10156.7,10:05:00,10142.669789182964,3,11
2017-11-16,10166.4,10167.1,10156.95,10158.1,10:10:00,10144.929809260777,3,12
2017-11-16,10163.9,10169.35,10162.8,10165.9,10:15:00,10146.736494093084,3,13
2017-11-16,10163.15,10164.8,10159.2,10164.0,10:20:00,10148.299685131837,3,14
2017-11-16,10165.0,10168.75,10163.0,10163.0,10:25:00,10149.890191309758,3,15
2017-11-16,10162.6,10165.95,10162.2,10164.1,10:30:00,10151.100649280255,3,16
2017-11-16,10160.15,10163.25,10160.05,10161.5,10:35:00,10151.962492205948,3,17
2017-11-16,10153.05,10160.4,10152.4,10159.15,10:40:00,10152.06606437681,3,18
2017-11-16,10153.5,10154.95,10151.35,10152.0,10:45:00,10152.202629674255,3,19
2017-11-16,10160.8,10161.7,10152.35,10152.35,10:50:00,10153.021426848136,3,20
2017-11-16,10157.65,10160.65,10156.7,10159.5,10:55:00,10153.462243338789,3,21
2017-11-16,10155.15,10158.7,10153.55,10156.85,11:00:00,10153.622982068428,3,22
2017-11-16,10159.7,10159.7,10154.05,10154.25,11:05:00,10154.20174568096,3,23
2017-11-16,10161.35,10162.25,10158.65,10158.65,11:10:00,10154.882531806585,3,24
2017-11-16,10165.35,10166.85,10160.35,10160.35,11:15:00,10155.879433539289,3,25
2017-11-16,10166.75,10167.3,10164.25,10164.25,11:20:00,10156.914725583165,3,26
2017-11-16,10173.05,10175.25,10165.85,10165.85,11:25:00,10158.451418384768,3,27
2017-11-16,10170.4,10173.1,10168.4,10172.3,11:30:00,10159.5893785386,3,28
2017-11-16,10186.95,10186.95,10169.5,10169.95,11:35:00,10162.195152011114,3,29
2017-11-16,10187.7,10189.35,10183.5,10186.3,11:40:00,10164.624185152912,3,30
2017-11-16,10184.95,10189.55,10184.95,10186.6,11:45:00,10166.55997704311,3,31
2017-11-16,10182.9,10187.35,10182.15,10184.45,11:50:00,10168.11616970567,3,32
2017-11-16,10184.0,10185.0,10181.7,10182.35,11:55:00,10169.628915447987,3,33
2017-11-16,10186.35,10186.85,10182.8,10183.65,12:00:00,10171.221399691036,3,34
2017-11-16,10187.9,10187.9,10184.1,10185.25,12:05:00,10172.8098378157,3,35
2017-11-16,10189.45,10190.35,10187.05,10187.05,12:10:00,10174.394615166584,3,36
2017-11-16,10196.45,10199.6,10188.2,10188.2,12:15:00,10176.495128007862,3,37
2017-11-16,10193.85,10196.55,10192.65,10195.7,12:20:00,10178.147972959496,3,38
2017-11-16,10194.0,10196.4,10193.15,10193.15,12:25:00,10179.657689820497,3,39
2017-11-16,10195.2,10196.4,10192.0,10193.1,12:30:00,10181.137909837593,3,40
2017-11-16,10208.85,10211.65,10194.95,10194.95,12:35:00,10183.777156519727,3,41
2017-11-16,10204.6,10209.7,10204.35,10207.6,12:40:00,10185.760284470229,3,42
2017-11-16,10202.8,10205.8,10200.0,10203.55,12:45:00,10187.383114520682,3,43
2017-11-16,10199.8,10204.2,10198.65,10201.95,12:50:00,10188.565675042522,3,44
2017-11-16,10195.65,10200.7,10194.15,10199.75,12:55:00,10189.24037265752,3,45
2017-11-16,10196.1,10196.1,10191.75,10194.45,13:00:00,10189.89367049966,3,46
2017-11-16,10200.85,10203.0,10195.0,10195.35,13:05:00,10190.937130452074,3,47
2017-11-16,10198.4,10202.7,10198.4,10200.2,13:10:00,10191.647879932829,3,48
2017-11-16,10193.05,10202.0,10193.05,10197.75,13:15:00,10191.781415177322,3,49
2017-11-16,10188.0,10193.1,10185.85,10191.75,13:20:00,10191.421280398528,3,50
2017-11-16,10191.05,10193.25,10186.9,10187.45,13:25:00,10191.385920360572,3,51
2017-11-16,10192.8,10194.7,10188.5,10189.6,13:30:00,10191.520594611948,3,52
2017-11-16,10193.65,10198.4,10192.45,10192.7,13:35:00,10191.723395125096,3,53
2017-11-16,10193.65,10196.1,10191.75,10193.25,13:40:00,10191.90688130366,3,54
2017-11-16,10188.8,10193.35,10188.25,10192.05,13:45:00,10191.610987846168,3,55
2017-11-16,10189.6,10193.0,10187.85,10187.85,13:50:00,10191.41946519415,3,56
2017-11-16,10188.2,10191.25,10183.55,10188.6,13:55:00,10191.112849461371,3,57
2017-11-16,10191.4,10193.3,10186.25,10187.5,14:00:00,10191.14019713172,3,58
2017-11-16,10195.2,10196.45,10188.95,10190.4,14:05:00,10191.526845023936,3,59
2017-11-16,10198.0,10199.0,10191.8,10193.75,14:10:00,10192.14333597404,3,60
2017-11-16,10200.75,10204.4,10196.85,10197.3,14:15:00,10192.963018262226,3,61
2017-11-16,10201.3,10202.55,10197.2,10200.4,14:20:00,10193.757016522966,3,62
2017-11-16,10198.6,10201.15,10196.55,10200.05,14:25:00,10194.218253044588,3,63
2017-11-16,10203.25,10203.55,10195.5,10198.8,14:30:00,10195.078419421294,3,64
2017-11-16,10210.35,10210.85,10202.25,10202.35,14:35:00,10196.532855666885,3,65
2017-11-16,10207.35,10211.7,10206.3,10210.2,14:40:00,10197.563059889086,3,66
2017-11-16,10209.3,10210.65,10206.15,10206.85,14:45:00,10198.680863709173,3,67
2017-11-16,10203.75,10208.25,10201.75,10208.2,14:50:00,10199.163638594013,3,68
2017-11-16,10210.6,10210.8,10202.0,10203.15,14:55:00,10200.252815870772,3,69
2017-11-16,10202.65,10215.0,10202.65,10211.75,15:00:00,10200.481119121174,3,70
2017-11-16,10203.5,10204.7,10199.0,10201.75,15:05:00,10200.768631585825,3,71
2017-11-16,10208.9,10208.9,10202.65,10203.2,15:10:00,10201.54304762527,3,72
2017-11-16,10218.0,10222.3,10208.4,10209.05,15:15:00,10203.110376422865,3,73
2017-11-16,10225.2,10227.35,10217.85,10218.05,15:20:00,10205.214150096876,3,74
2017-11-16,10231.45,10232.25,10223.55,10225.4,15:25:00,10207.712802468604,3,75
2017-11-17,10330.35,10339.15,10320.45,10321.65,09:15:00,10219.39253556683,4,1
2017-11-17,10326.45,10337.55,10325.45,10331.1,09:20:00,10229.588484560469,4,2
2017-11-17,10324.15,10328.45,10318.85,10327.8,09:25:00,10238.594343173756,4,3
2017-11-17,10314.35,10326.55,10313.55,10323.75,09:30:00,10245.8091676334,4,4
2017-11-17,10325.5,10326.15,10314.0,10316.05,09:35:00,10253.398770715932,4,5
2017-11-17,10332.05,10333.15,10324.3,10325.65,09:40:00,10260.88936398108,4,6
2017-11-17,10335.05,10335.15,10331.1,10331.95,09:45:00,10267.952281697168,4,7
2017-11-17,10340.0,10343.6,10335.3,10335.3,09:50:00,10274.81396915458,4,8
2017-11-17,10331.35,10340.2,10330.2,10339.65,09:55:00,10280.19835304462,4,9
2017-11-17,10327.2,10332.95,10327.05,10331.45,10:00:00,10284.674700373704,4,10
2017-11-17,10324.15,10329.45,10324.15,10327.0,10:05:00,10288.434252719066,4,11
2017-11-17,10322.2,10324.85,10317.7,10324.1,10:10:00,10291.650038174394,4,12
2017-11-17,10326.35,10327.6,10321.2,10322.05,10:15:00,10294.9547964435,4,13
2017-11-17,10327.65,10330.25,10325.4,10326.6,10:20:00,10298.068625353642,4,14
2017-11-17,10327.25,10329.2,10325.1,10327.85,10:25:00,10300.84780389139,4,15
2017-11-17,10323.2,10328.3,10322.1,10327.2,10:30:00,10302.976584473165,4,16
2017-11-17,10324.0,10327.0,10321.6,10323.7,10:35:00,10304.978814523338,4,17
2017-11-17,10328.7,10328.85,10323.4,10323.5,10:40:00,10307.237975044924,4,18
2017-11-17,10331.5,10333.6,10328.1,10328.9,10:45:00,10309.548644088269,4,19
2017-11-17,10332.55,10333.4,10328.4,10331.3,10:50:00,10311.739249413193,4,20
2017-11-17,10327.9,10332.95,10327.05,10332.95,10:55:00,10313.278368516698,4,21
2017-11-17,10328.5,10329.25,10324.45,10327.95,11:00:00,10314.728047705585,4,22
2017-11-17,10327.25,10332.1,10327.2,10328.45,11:05:00,10315.920614590765,4,23
2017-11-17,10328.3,10330.55,10327.2,10327.45,11:10:00,10317.099603677358,4,24
2017-11-17,10327.4,10329.1,10325.9,10328.45,11:15:00,10318.080593803325,4,25
2017-11-17,10320.6,10328.0,10318.85,10327.55,11:20:00,10318.320537250624,4,26
2017-11-17,10315.55,10322.65,10314.95,10320.65,11:25:00,10318.056676560089,4,27
2017-11-17,10316.35,10320.7,10315.5,10315.75,11:30:00,10317.894135935318,4,28
2017-11-17,10309.65,10318.3,10308.5,10316.7,11:35:00,10317.108980131954,4,29
2017-11-17,10314.25,10315.7,10307.8,10309.25,11:40:00,10316.836696309862,4,30
2017-11-17,10318.15,10318.8,10313.6,10313.95,11:45:00,10316.96177285178,4,31
2017-11-17,10311.85,10319.65,10311.85,10317.6,11:50:00,10316.474937342084,4,32
2017-11-17,10309.65,10314.35,10309.35,10312.1,11:55:00,10315.824943309506,4,33
2017-11-17,10311.4,10312.5,10308.6,10309.55,12:00:00,10315.403520137172,4,34
2017-11-17,10315.1,10315.3,10310.15,10311.95,12:05:00,10315.37461345744,4,35
2017-11-17,10314.25,10315.85,10312.45,10315.4,12:10:00,10315.267507413875,4,36
2017-11-17,10313.8,10317.8,10313.65,10314.35,12:15:00,10315.12774480303,4,37
2017-11-17,10317.05,10317.35,10312.05,10313.6,12:20:00,10315.310816726553,4,38
2017-11-17,10318.3,10318.45,10316.05,10317.2,12:25:00,10315.595500847834,4,39
2017-11-17,10315.0,10318.5,10314.55,10318.5,12:30:00,10315.538786481373,4,40
2017-11-17,10317.05,10318.5,10313.55,10314.75,12:35:00,10315.682711578384,4,41
2017-11-17,10316.9,10318.85,10316.2,10317.15,12:40:00,10315.798643809014,4,42
2017-11-17,10318.6,10319.9,10314.95,10316.8,12:45:00,10316.065439636728,4,43
2017-11-17,10318.55,10320.95,10316.6,10318.5,12:50:00,10316.30206443323,4,44
2017-11-17,10314.2,10320.0,10314.2,10318.5,12:55:00,10316.10186782054,4,45
2017-11-17,10308.85,10314.35,10307.4,10314.0,13:00:00,10315.411213742393,4,46
2017-11-17,10313.0,10315.9,10308.15,10308.95,13:05:00,10315.181574338356,4,47
2017-11-17,10313.5,10315.0,10312.1,10313.05,13:10:00,10315.02142440137,4,48
2017-11-17,10315.45,10315.9,10312.2,10313.25,13:15:00,10315.062241125048,4,49
2017-11-17,10311.0,10316.25,10310.5,10315.2,13:20:00,10314.6753610179,4,50
2017-11-17,10314.15,10315.65,10310.0,10310.75,13:25:00,10314.625326635243,4,51
2017-11-17,10312.9,10314.85,10309.75,10314.2,13:30:00,10314.461009812838,4,52
2017-11-17,10314.6,10319.5,10312.4,10312.85,13:35:00,10314.47424697352,4,53
2017-11-17,10321.35,10321.7,10314.1,10314.9,13:40:00,10315.12908059509,4,54
2017-11-17,10318.15,10322.5,10318.15,10321.55,13:45:00,10315.41678720508,4,55
2017-11-17,10322.5,10323.05,10316.45,10318.45,13:50:00,10316.091378899837,4,56
2017-11-17,10316.8,10323.1,10315.8,10322.65,13:55:00,10316.15886662366,4,57
2017-11-17,10315.75,10319.1,10314.5,10317.05,14:00:00,10316.119926945215,4,58
2017-11-17,10316.15,10318.1,10315.05,10316.55,14:05:00,10316.122791045673,4,59
2017-11-17,10312.95,10317.35,10311.8,10316.25,14:10:00,10315.820620469894,4,60
2017-11-17,10310.75,10313.95,10310.5,10313.05,14:15:00,10315.337704234667,4,61
2017-11-17,10311.85,10312.05,10306.9,10310.35,14:20:00,10315.005541926605,4,62
2017-11-17,10303.35,10312.8,10302.75,10311.65,14:25:00,10313.895490314546,4,63
2017-11-17,10296.1,10303.8,10294.85,10303.15,14:30:00,10312.20068171316,4,64
2017-11-17,10297.2,10301.05,10292.35,10296.6,14:35:00,10310.772045359525,4,65
2017-11-17,10295.85,10302.0,10295.4,10298.2,14:40:00,10309.350898182429,4,66
2017-11-17,10289.2,10296.1,10288.5,10295.3,14:45:00,10307.431765022196,4,67
2017-11-17,10293.8,10294.5,10282.55,10289.7,14:50:00,10306.133501686749,4,68
2017-11-17,10290.1,10293.9,10285.95,10293.9,14:55:00,10304.606501526105,4,69
2017-11-17,10293.8,10297.5,10289.8,10289.8,15:00:00,10303.577310904571,4,70
2017-11-17,10293.4,10296.0,10291.3,10294.25,15:05:00,10302.608043199374,4,71
2017-11-17,10287.45,10294.15,10287.35,10294.15,15:10:00,10301.164420037529,4,72
2017-11-17,10282.75,10287.75,10278.8,10287.55,15:15:00,10299.41066574824,4,73
2017-11-17,10271.4,10283.8,10270.7,10282.9,15:20:00,10296.742983296026,4,74
2017-11-17,10272.15,10275.2,10268.05,10271.95,15:25:00,10294.400794410689,4,75
2017-11-20,10267.5,10295.15,10265.7,10292.6,09:15:00,10291.838813990624,0,1
2017-11-20,10284.15,10286.35,10261.5,10267.75,09:20:00,10291.106545991515,0,2
2017-11-20,10291.95,10298.85,10277.45,10284.1,09:25:00,10291.186874944706,0,3
2017-11-20,10303.9,10309.5,10292.9,10292.9,09:30:00,10292.397648759495,0,4
2017-11-20,10290.15,10304.95,10290.15,10304.8,09:35:00,10292.183586972878,0,5
2017-11-20,10282.95,10290.1,10281.25,10289.95,09:40:00,10291.304197737369,0,6
2017-11-20,10280.55,10284.45,10273.45,10282.8,09:45:00,10290.279988429049,0,7
2017-11-20,10271.9,10282.65,10271.15,10280.8,09:50:00,10288.529513340563,0,8
2017-11-20,10277.35,10279.85,10267.8,10272.1,09:55:00,10287.46479778432,0,9
2017-11-20,10274.55,10279.7,10273.3,10277.6,10:00:00,10286.234817042956,0,10
2017-11-20,10277.3,10279.3,10272.0,10274.7,10:05:00,10285.383882086484,0,11
2017-11-20,10274.45,10278.3,10274.2,10277.75,10:10:00,10284.34255998301,0,12
2017-11-20,10268.7,10274.55,10267.65,10274.4,10:15:00,10282.85279236558,0,13
2017-11-20,10266.65,10269.4,10264.5,10268.65,10:20:00,10281.309669283144,0,14
2017-11-20,10272.65,10273.0,10265.75,10266.9,10:25:00,10280.484938875226,0,15
2017-11-20,10270.7,10274.6,10269.55,10272.3,10:30:00,10279.553039934728,0,16
2017-11-20,10269.1,10273.3,10268.0,10271.3,10:35:00,10278.557512321897,0,17
2017-11-20,10268.0,10270.0,10264.55,10269.15,10:40:00,10277.552034957906,0,18
2017-11-20,10268.05,10271.4,10267.5,10268.25,10:45:00,10276.647079247628,0,19
2017-11-20,10268.1,10269.8,10266.65,10268.45,10:50:00,10275.833071700235,0,20
2017-11-20,10273.0,10273.05,10266.4,10267.55,10:55:00,10275.563255347832,0,21
2017-11-20,10273.85,10273.85,10269.45,10272.85,11:00:00,10275.400088171848,0,22
2017-11-20,10277.5,10279.5,10272.5,10273.65,11:05:00,10275.600079774527,0,23
2017-11-20,10278.45,10279.05,10275.8,10277.05,11:10:00,10275.871500748382,0,24
2017-11-20,10274.4,10278.35,10272.65,10278.25,11:15:00,10275.731357819965,0,25
2017-11-20,10277.35,10277.85,10273.75,10274.45,11:20:00,10275.885514218062,0,26
2017-11-20,10277.45,10278.45,10275.7,10277.1,11:25:00,10276.03451286396,0,27
2017-11-20,10285.1,10285.6,10276.15,10277.6,11:30:00,10276.897892591202,0,28
2017-11-20,10286.0,10288.55,10283.25,10285.45,11:35:00,10277.764759963467,0,29
2017-11-20,10284.8,10286.45,10282.6,10285.85,11:40:00,10278.43478282409,0,30
2017-11-20,10285.7,10286.55,10281.35,10284.65,11:45:00,10279.126708269416,0,31
2017-11-20,10287.2,10289.1,10284.75,10285.45,11:50:00,10279.89559319614,0,32
2017-11-20,10284.35,10288.85,10281.7,10287.05,11:55:00,10280.319822415557,0,33
2017-11-20,10279.3,10284.9,10278.45,10284.55,12:00:00,10280.222696471215,0,34
2017-11-20,10278.9,10280.45,10276.2,10279.55,12:05:00,10280.09672537872,0,35
2017-11-20,10285.1,10285.2,10278.4,10278.8,12:10:00,10280.573227723604,0,36
2017-11-20,10283.45,10286.05,10282.8,10284.95,12:15:00,10280.847206035642,0,37
2017-11-20,10280.65,10285.15,10280.5,10283.7,12:20:00,10280.828424508438,0,38
2017-11-20,10279.45,10283.5,10279.4,10280.7,12:25:00,10280.697145983824,0,39
2017-11-20,10277.2,10279.3,10274.6,10279.3,12:30:00,10280.364084461557,0,40
2017-11-20,10281.05,10282.8,10276.35,10277.0,12:35:00,10280.42940975093,0,41
2017-11-20,10280.65,10281.3,10278.5,10280.85,12:40:00,10280.45041834608,0,42
2017-11-20,10277.45,10282.35,10277.25,10280.3,12:45:00,10280.16466421788,0,43
2017-11-20,10273.9,10278.4,10272.05,10277.5,12:50:00,10279.568029530465,0,44
2017-11-20,10273.9,10275.05,10272.05,10274.0,12:55:00,10279.028217194227,0,45
2017-11-20,10277.3,10278.4,10273.85,10274.05,13:00:00,10278.863625080492,0,46
2017-11-20,10275.05,10277.65,10272.95,10277.25,13:05:00,10278.500422691875,0,47
2017-11-20,10280.15,10280.35,10274.55,10274.7,13:10:00,10278.657525292649,0,48
2017-11-20,10283.35,10283.5,10279.15,10279.55,13:15:00,10279.10442764573,0,49
2017-11-20,10282.3,10283.65,10277.45,10283.65,13:20:00,10279.408767869949,0,50
2017-11-20,10285.3,10285.95,10282.2,10282.35,13:25:00,10279.969837596618,0,51
2017-11-20,10278.45,10286.2,10278.45,10285.7,13:30:00,10279.825091158844,0,52
2017-11-20,10278.6,10281.3,10278.05,10278.6,13:35:00,10279.708415810384,0,53
2017-11-20,10285.35,10288.5,10277.05,10279.1,13:40:00,10280.245709542727,0,54
2017-11-20,10282.25,10286.5,10281.9,10285.7,13:45:00,10280.43659434818,0,55
2017-11-20,10281.85,10285.35,10280.05,10282.6,13:50:00,10280.571204410258,0,56
2017-11-20,10279.8,10283.95,10279.35,10281.55,13:55:00,10280.497756371184,0,57
2017-11-20,10279.9,10280.25,10275.8,10280.0,14:00:00,10280.440827192975,0,58
2017-11-20,10280.45,10282.25,10278.45,10280.05,14:05:00,10280.441700793646,0,59
2017-11-20,10285.3,10285.3,10279.8,10280.65,14:10:00,10280.904395956157,0,60
2017-11-20,10285.95,10287.4,10283.8,10285.05,14:15:00,10281.384929674618,0,61
2017-11-20,10292.1,10295.75,10284.9,10286.35,14:20:00,10282.40541256275,0,62
2017-11-20,10293.5,10293.6,10289.1,10292.05,14:25:00,10283.462039937727,0,63
2017-11-20,10297.15,10297.9,10293.55,10293.9,14:30:00,10284.765655181753,0,64
2017-11-20,10302.15,10302.8,10295.35,10297.1,14:35:00,10286.421307069204,0,65
2017-11-20,10299.55,10302.75,10294.0,10301.95,14:40:00,10287.6716587769,0,66
2017-11-20,10303.1,10307.85,10299.4,10299.75,14:45:00,10289.14102460767,0,67
2017-11-20,10299.45,10304.7,10298.75,10303.25,14:50:00,10290.122831787892,0,68
2017-11-20,10300.95,10301.0,10296.95,10299.2,14:55:00,10291.153990665236,0,69
2017-11-20,10306.25,10308.3,10300.35,10300.5,15:00:00,10292.591705839975,0,70
2017-11-20,10302.4,10309.85,10301.85,10306.4,15:05:00,10293.52582909331,0,71
2017-11-20,10301.65,10303.55,10298.75,10302.35,15:10:00,10294.299559655852,0,72
2017-11-20,10292.55,10301.5,10292.55,10301.5,15:15:00,10294.132934926723,0,73
2017-11-20,10293.05,10293.75,10289.95,10292.7,15:20:00,10294.029798267034,0,74
2017-11-20,10296.0,10298.9,10292.5,10293.35,15:25:00,10294.21743652732,0,75
2017-11-21,10335.4,10336.1,10324.05,10326.2,09:15:00,10298.13958542948,1,1
2017-11-21,10333.65,10340.25,10328.85,10335.3,09:20:00,10301.52152967429,1,2
2017-11-21,10331.85,10337.75,10330.5,10334.0,09:25:00,10304.409955419596,1,3
2017-11-21,10333.0,10337.0,10331.0,10332.4,09:30:00,10307.132816808207,1,4
2017-11-21,10333.15,10333.8,10328.05,10332.85,09:35:00,10309.610643778857,1,5
2017-11-21,10327.1,10333.0,10326.6,10333.0,09:40:00,10311.276296752298,1,6
2017-11-21,10332.5,10332.7,10323.75,10326.75,09:45:00,10313.297601823508,1,7
2017-11-21,10333.65,10334.5,10331.05,10333.1,09:50:00,10315.235925459365,1,8
2017-11-21,10335.35,10336.2,10333.65,10334.15,09:55:00,10317.151551606092,1,9
2017-11-21,10337.5,10337.55,10333.4,10335.65,10:00:00,10319.089499072175,1,10
2017-11-21,10337.6,10339.1,10336.15,10337.2,10:05:00,10320.852403922445,1,11
2017-11-21,10335.1,10337.75,10333.45,10337.55,10:10:00,10322.209317834591,1,12
2017-11-21,10335.5,10342.25,10333.65,10334.7,10:15:00,10323.475097088442,1,13
2017-11-21,10335.1,10336.55,10333.5,10335.75,10:20:00,10324.582230699065,1,14
2017-11-21,10335.65,10337.75,10333.85,10335.25,10:25:00,10325.63630396582,1,15
2017-11-21,10343.05,10344.3,10334.8,10335.45,10:30:00,10327.294751207171,1,16
2017-11-21,10347.15,10347.15,10337.65,10342.8,10:35:00,10329.185727282678,1,17
2017-11-21,10348.85,10349.65,10345.95,10347.2,10:40:00,10331.05851516052,1,18
2017-11-21,10347.2,10356.75,10345.75,10349.1,10:45:00,10332.595799430946,1,19
2017-11-21,10346.85,10349.45,10345.45,10347.15,10:50:00,10333.953342342284,1,20
2017-11-21,10344.95,10349.2,10344.95,10347.25,10:55:00,10335.00064307159,1,21
2017-11-21,10353.8,10354.5,10343.9,10345.2,11:00:00,10336.791058017154,1,22
2017-11-21,10348.8,10354.25,10348.8,10354.05,11:05:00,10337.934766777424,1,23
2017-11-21,10349.0,10349.75,10347.6,10348.9,11:10:00,10338.98859851291,1,24
2017-11-21,10349.7,10351.35,10348.35,10348.65,11:15:00,10340.00873198787,1,25
2017-11-21,10349.25,10351.0,10347.85,10349.8,11:20:00,10340.88885275093,1,26
2017-11-21,10350.95,10351.4,10347.85,10349.2,11:25:00,10341.84705725084,1,27
2017-11-21,10350.1,10352.85,10349.8,10350.8,11:30:00,10342.63305179838,1,28
2017-11-21,10347.25,10350.5,10346.55,10350.05,11:35:00,10343.072761150916,1,29
2017-11-21,10346.9,10349.65,10346.8,10347.35,11:40:00,10343.437260088926,1,30
2017-11-21,10345.6,10347.7,10344.0,10347.4,11:45:00,10343.643235318552,1,31
2017-11-21,10339.65,10345.3,10338.65,10345.3,11:50:00,10343.262927192976,1,32
2017-11-21,10340.2,10340.95,10339.25,10339.8,11:55:00,10342.971219841264,1,33
2017-11-21,10338.35,10340.95,10337.05,10340.05,12:00:00,10342.531103665906,1,34
2017-11-21,10344.95,10345.3,10338.15,10338.2,12:05:00,10342.761474745344,1,35
2017-11-21,10344.25,10346.45,10343.2,10344.65,12:10:00,10342.903239055311,1,36
2017-11-21,10347.8,10348.75,10343.25,10344.5,12:15:00,10343.36959724052,1,37
2017-11-21,10347.75,10348.9,10344.85,10347.75,12:20:00,10343.78677845571,1,38
2017-11-21,10351.4,10351.6,10346.35,10347.85,12:25:00,10344.511847174212,1,39
2017-11-21,10352.15,10353.35,10351.1,10351.3,12:30:00,10345.239290300478,1,40
2017-11-21,10352.55,10355.05,10351.4,10352.2,12:35:00,10345.9355483671,1,41
2017-11-21,10353.2,10354.8,10351.7,10352.6,12:40:00,10346.627400903568,1,42
2017-11-21,10353.55,10355.25,10351.25,10353.35,12:45:00,10347.286696055608,1,43
2017-11-21,10350.6,10354.75,10348.7,10353.85,12:50:00,10347.602248812216,1,44
2017-11-21,10350.15,10351.95,10349.15,10350.65,12:55:00,10347.844891782484,1,45
2017-11-21,10349.3,10351.4,10349.0,10350.35,13:00:00,10347.983473517485,1,46
2017-11-21,10343.8,10350.3,10343.25,10349.55,13:05:00,10347.5850474682,1,47
2017-11-21,10345.6,10346.35,10343.3,10343.55,13:10:00,10347.395995328372,1,48
2017-11-21,10350.7,10351.05,10345.05,10345.75,13:15:00,10347.710662439957,1,49
2017-11-21,10347.35,10352.8,10346.95,10350.8,13:20:00,10347.67631363615,1,50
2017-11-21,10349.75,10351.15,10345.7,10347.5,13:25:00,10347.873807575565,1,51
2017-11-21,10349.75,10351.9,10347.5,10349.9,13:30:00,10348.052492568368,1,52
2017-11-21,10356.55,10358.7,10348.9,10350.1,13:35:00,10348.86177899043,1,53
2017-11-21,10354.25,10356.4,10352.6,10356.4,13:40:00,10349.374942896104,1,54
2017-11-21,10352.7,10354.65,10351.55,10354.3,13:45:00,10349.691615001237,1,55
2017-11-21,10356.25,10356.25,10350.3,10352.8,13:50:00,10350.316223096355,1,56
2017-11-21,10353.75,10357.7,10352.65,10356.2,13:55:00,10350.643249468132,1,57
2017-11-21,10353.4,10356.1,10352.4,10353.45,14:00:00,10350.905797137832,1,58
2017-11-21,10352.5,10355.05,10352.4,10353.5,14:05:00,10351.05762598185,1,59
2017-11-21,10349.0,10354.4,10349.0,10352.6,14:10:00,10350.861661602628,1,60
2017-11-21,10344.35,10349.05,10338.55,10348.9,14:15:00,10350.241503354757,1,61
2017-11-21,10332.9,10344.5,10332.0,10344.4,14:20:00,10348.589931606686,1,62
2017-11-21,10320.7,10335.75,10319.35,10332.85,14:25:00,10345.933747644143,1,63
2017-11-21,10324.5,10325.1,10315.05,10320.15,14:30:00,10343.8924383447,1,64
2017-11-21,10325.25,10328.1,10322.2,10325.05,14:35:00,10342.11696802616,1,65
2017-11-21,10326.6,10328.8,10321.9,10325.15,14:40:00,10340.639161547477,1,66
2017-11-21,10327.95,10332.05,10324.95,10326.8,14:45:00,10339.430669971527,1,67
2017-11-21,10330.75,10336.7,10326.05,10328.05,14:50:00,10338.603939498047,1,68
2017-11-21,10324.1,10330.65,10321.95,10330.65,14:55:00,10337.222611926809,1,69
2017-11-21,10332.85,10333.4,10324.25,10324.5,15:00:00,10336.806172695684,1,70
2017-11-21,10327.45,10334.55,10326.6,10333.1,15:05:00,10335.91510862943,1,71
2017-11-21,10326.95,10327.75,10324.65,10327.65,15:10:00,10335.06128875996,1,72
2017-11-21,10326.65,10329.2,10321.75,10326.7,15:15:00,10334.260213639964,1,73
2017-11-21,10323.35,10327.75,10323.35,10326.5,15:20:00,10333.221145674252,1,74
2017-11-21,10319.8,10324.8,10319.4,10323.2,15:25:00,10331.942941324323,1,75
2017-11-22,10361.55,10364.05,10346.55,10348.0,09:15:00,10334.762661198196,2,1
2017-11-22,10362.4,10365.7,10355.9,10362.05,09:20:00,10337.39478870313,2,2
2017-11-22,10360.2,10368.7,10360.2,10362.2,09:25:00,10339.566713588543,2,3
2017-11-22,10353.45,10364.7,10352.9,10361.7,09:30:00,10340.888931342017,2,4
2017-11-22,10352.2,10358.75,10349.7,10355.05,09:35:00,10341.96617597611,2,5
2017-11-22,10349.3,10352.5,10347.1,10352.5,09:40:00,10342.664635406956,2,6
2017-11-22,10345.9,10356.35,10345.0,10351.8,09:45:00,10342.972765368198,2,7
2017-11-22,10346.55,10349.65,10341.85,10346.0,09:50:00,10343.31345438075,2,8
2017-11-22,10344.65,10348.5,10343.45,10346.5,09:55:00,10343.440744439727,2,9
2017-11-22,10336.2,10345.05,10333.75,10344.75,10:00:00,10342.751149731184,2,10
2017-11-22,10330.1,10338.65,10327.95,10336.1,10:05:00,10341.546278328213,2,11
2017-11-22,10320.55,10332.85,10313.5,10329.55,10:10:00,10339.546632773145,2,12
2017-11-22,10319.45,10323.1,10309.55,10320.9,10:15:00,10337.63266774713,2,13
2017-11-22,10321.75,10322.05,10313.85,10318.55,10:20:00,10336.120032723593,2,14
2017-11-22,10325.65,10328.35,10321.55,10322.15,10:25:00,10335.122886749918,2,15
2017-11-22,10325.7,10332.85,10325.0,10325.95,10:30:00,10334.22546896421,2,16
2017-11-22,10319.35,10327.05,10319.25,10325.2,10:35:00,10332.808757634286,2,17
2017-11-22,10327.7,10328.0,10319.45,10319.45,10:40:00,10332.322209288164,2,18
2017-11-22,10332.95,10332.95,10326.0,10327.6,10:45:00,10332.381998879768,2,19
2017-11-22,10332.6,10333.65,10329.05,10332.4,10:50:00,10332.402760891218,2,20
2017-11-22,10328.35,10334.3,10326.8,10332.25,10:55:00,10332.016783663485,2,21
2017-11-22,10321.8,10329.35,10321.05,10328.15,11:00:00,10331.043756647912,2,22
2017-11-22,10326.55,10329.5,10321.55,10321.6,11:05:00,10330.615779824302,2,23
2017-11-22,10327.05,10328.15,10325.2,10326.1,11:10:00,10330.276181745798,2,24
2017-11-22,10329.8,10330.6,10326.5,10327.0,11:15:00,10330.23083110334,2,25
2017-11-22,10326.15,10330.85,10323.75,10329.65,11:20:00,10329.842180522068,2,26
2017-11-22,10327.2,10329.1,10325.85,10325.85,11:25:00,10329.590544281871,2,27
2017-11-22,10331.25,10333.45,10326.7,10327.05,11:30:00,10329.748587683596,2,28
2017-11-22,10329.6,10333.7,10329.6,10331.6,11:35:00,10329.734436475634,2,29
2017-11-22,10330.65,10331.8,10328.3,10329.55,11:40:00,10329.821633001764,2,30
2017-11-22,10339.7,10340.1,10329.4,10330.5,11:45:00,10330.76242985874,2,31
2017-11-22,10341.1,10341.9,10335.0,10339.9,11:50:00,10331.746960348384,2,32
2017-11-22,10344.0,10344.0,10339.7,10341.05,11:55:00,10332.91391650568,2,33
2017-11-22,10343.55,10348.1,10339.65,10343.7,12:00:00,10333.926876838474,2,34
2017-11-22,10340.1,10343.45,10339.45,10343.25,12:05:00,10334.514793330049,2,35
2017-11-22,10342.95,10344.2,10339.65,10340.25,12:10:00,10335.318146346232,2,36
2017-11-22,10340.35,10342.95,10339.65,10342.8,12:15:00,10335.797370503731,2,37
2017-11-22,10339.3,10341.45,10337.0,10339.95,12:20:00,10336.130954265282,2,38
2017-11-22,10343.25,10344.15,10336.95,10338.75,12:25:00,10336.80895862097,2,39
2017-11-22,10346.5,10350.0,10341.55,10343.0,12:30:00,10337.731914942782,2,40
2017-11-22,10351.1,10351.1,10346.35,10346.35,12:35:00,10339.005065900614,2,41
2017-11-22,10349.6,10352.45,10348.7,10351.0,12:40:00,10340.014107243413,2,42
2017-11-22,10351.7,10354.0,10349.3,10350.1,12:45:00,10341.127049410708,2,43
2017-11-22,10349.2,10352.65,10348.4,10351.95,12:50:00,10341.895901847782,2,44
2017-11-22,10348.75,10350.0,10346.55,10350.0,12:55:00,10342.548673100377,2,45
2017-11-22,10348.65,10352.1,10348.2,10349.65,13:00:00,10343.12975185272,2,46
2017-11-22,10348.4,10350.0,10346.5,10348.9,13:05:00,10343.6316802477,2,47
2017-11-22,10347.4,10349.65,10346.15,10348.0,13:10:00,10343.990567843157,2,48
2017-11-22,10344.35,10348.55,10341.55,10347.75,13:15:00,10344.024799477142,2,49
2017-11-22,10342.7,10345.7,10341.85,10344.65,13:20:00,10343.898628098366,2,50
2017-11-22,10346.9,10348.4,10342.25,10343.1,13:25:00,10344.184473041378,2,51
2017-11-22,10345.0,10347.3,10341.9,10347.05,13:30:00,10344.262142275533,2,52
2017-11-22,10349.55,10349.85,10344.35,10344.35,13:35:00,10344.7657477731,2,53
2017-11-22,10356.25,10357.65,10348.85,10348.95,13:40:00,10345.859486080424,2,54
2017-11-22,10351.35,10356.55,10350.6,10355.05,13:45:00,10346.382392168003,2,55
2017-11-22,10349.75,10351.85,10349.1,10351.0,13:50:00,10346.70311672343,2,56
2017-11-22,10350.3,10351.5,10348.55,10349.85,13:55:00,10347.045677035483,2,57
2017-11-22,10352.6,10354.25,10348.8,10350.4,14:00:00,10347.574660174963,2,58
2017-11-22,10348.25,10352.7,10347.85,10352.25,14:05:00,10347.638978253535,2,59
2017-11-22,10347.45,10351.35,10346.85,10347.6,14:10:00,10347.62098032463,2,60
2017-11-22,10334.4,10348.3,10332.35,10347.0,14:15:00,10346.36183934133,2,61
2017-11-22,10332.9,10341.25,10332.6,10334.6,14:20:00,10345.07975940406,2,62
2017-11-22,10334.0,10338.3,10330.95,10332.8,14:25:00,10344.02454422272,2,63
2017-11-22,10342.3,10342.55,10332.55,10333.15,14:30:00,10343.860301915794,2,64
2017-11-22,10341.95,10342.65,10339.55,10341.85,14:35:00,10343.678368400006,2,65
2017-11-22,10341.45,10342.4,10338.8,10341.7,14:40:00,10343.4661428381,2,66
2017-11-22,10344.0,10348.35,10340.35,10341.4,14:45:00,10343.516986377328,2,67
2017-11-22,10342.75,10346.55,10341.5,10343.75,14:50:00,10343.443940055677,2,68
2017-11-22,10345.75,10347.1,10342.3,10342.6,14:55:00,10343.663564812276,2,69
2017-11-22,10343.0,10349.15,10342.3,10345.9,15:00:00,10343.600368163488,2,70
2017-11-22,10340.45,10347.45,10340.0,10343.7,15:05:00,10343.300333100298,2,71
2017-11-22,10339.75,10342.8,10336.05,10341.65,15:10:00,10342.962206138363,2,72
2017-11-22,10341.75,10344.1,10339.2,10340.2,15:15:00,10342.84675793471,2,73
2017-11-22,10343.25,10344.35,10339.55,10342.75,15:20:00,10342.885161940929,2,74
2017-11-22,10346.1,10346.95,10343.0,10343.9,15:25:00,10343.191336994174,2,75
2017-11-23,10335.1,10361.0,10331.4,10357.45,09:15:00,10342.42073347092,3,1
2017-11-23,10340.35,10342.0,10331.3,10335.25,09:20:00,10342.223520759402,3,2
2017-11-23,10342.95,10347.7,10339.9,10340.45,09:25:00,10342.292709258509,3,3
2017-11-23,10348.7,10350.35,10339.45,10343.4,09:30:00,10342.902927424364,3,4
2017-11-23,10353.45,10353.65,10346.35,10348.4,09:35:00,10343.907410526805,3,5
2017-11-23,10356.95,10358.35,10353.1,10353.2,09:40:00,10345.149561905204,3,6
2017-11-23,10350.05,10357.65,10349.15,10356.7,09:45:00,10345.616270295184,3,7
2017-11-23,10358.35,10358.35,10349.85,10350.35,09:50:00,10346.829006457549,3,8
2017-11-23,10359.85,10361.3,10356.55,10358.45,09:55:00,10348.069101080637,3,9
2017-11-23,10362.2,10363.6,10358.5,10359.95,10:00:00,10349.41490097772,3,10
2017-11-23,10364.15,10366.95,10361.35,10362.1,10:05:00,10350.818243741744,3,11
2017-11-23,10359.85,10364.25,10358.3,10364.25,10:10:00,10351.678411004435,3,12
2017-11-23,10355.2,10360.7,10353.2,10360.0,10:15:00,10352.013800432584,3,13
2017-11-23,10352.85,10356.55,10347.5,10355.1,10:20:00,10352.093438486623,3,14
2017-11-23,10351.65,10353.5,10351.35,10352.75,10:25:00,10352.051206249804,3,15
2017-11-23,10349.1,10351.75,10347.8,10351.4,10:30:00,10351.770138987918,3,16
2017-11-23,10351.85,10353.55,10347.5,10349.0,10:35:00,10351.777744798594,3,17
2017-11-23,10358.75,10359.25,10351.65,10351.7,10:40:00,10352.441769103489,3,18
2017-11-23,10356.9,10359.2,10356.6,10358.8,10:45:00,10352.866362522203,3,19
2017-11-23,10359.8,10359.9,10355.8,10357.0,10:50:00,10353.52670894866,3,20
2017-11-23,10355.55,10359.85,10355.35,10359.85,10:55:00,10353.719403334502,3,21
2017-11-23,10358.3,10358.4,10355.0,10355.95,11:00:00,10354.155650635978,3,22
2017-11-23,10358.55,10360.65,10357.0,10358.4,11:05:00,10354.574160099217,3,23
2017-11-23,10359.55,10361.0,10358.15,10358.45,11:10:00,10355.048049613575,3,24
2017-11-23,10355.75,10360.7,10355.5,10359.9,11:15:00,10355.114902031331,3,25
2017-11-23,10358.5,10359.95,10354.3,10356.05,11:20:00,10355.437292314062,3,26
2017-11-23,10363.6,10363.85,10358.3,10358.65,11:25:00,10356.214693046057,3,27
2017-11-23,10363.85,10368.2,10363.45,10363.65,11:30:00,10356.941865136909,3,28
2017-11-23,10365.3,10366.35,10361.4,10363.7,11:35:00,10357.737877981011,3,29
2017-11-23,10364.6,10367.3,10364.25,10365.55,11:40:00,10358.391413411391,3,30
2017-11-23,10367.0,10367.8,10362.7,10365.05,11:45:00,10359.211278800783,3,31
2017-11-23,10372.3,10372.85,10365.55,10367.65,11:50:00,10360.4578236769,3,32
2017-11-23,10372.5,10374.3,10369.5,10372.1,11:55:00,10361.604697612433,3,33
2017-11-23,10367.1,10373.05,10365.9,10372.4,12:00:00,10362.128059744582,3,34
2017-11-23,10365.7,10368.75,10364.05,10367.4,12:05:00,10362.468244530814,3,35
2017-11-23,10362.55,10366.5,10362.25,10366.05,12:10:00,10362.476030765974,3,36
2017-11-23,10357.8,10362.95,10357.05,10362.5,12:15:00,10362.03069450255,3,37
2017-11-23,10356.7,10358.45,10352.35,10357.85,12:20:00,10361.523009311832,3,38
2017-11-23,10354.6,10356.65,10352.5,10356.3,12:25:00,10360.863675091658,3,39
2017-11-23,10354.05,10355.3,10351.5,10354.9,12:30:00,10360.214753654358,3,40
2017-11-23,10352.45,10355.55,10351.45,10354.45,12:35:00,10359.475253306326,3,41
2017-11-23,10343.85,10352.5,10343.3,10352.4,12:40:00,10357.987133943818,3,42
2017-11-23,10339.8,10345.25,10337.6,10343.5,12:45:00,10356.255025949167,3,43
2017-11-23,10340.9,10341.75,10335.7,10340.35,12:50:00,10354.79264252544,3,44
2017-11-23,10338.45,10341.45,10333.6,10341.4,12:55:00,10353.23620038016,3,45
2017-11-23,10337.7,10338.9,10335.3,10338.75,13:00:00,10351.756562248716,3,46
2017-11-23,10327.2,10338.45,10323.95,10338.35,13:05:00,10349.41784203455,3,47
2017-11-23,10309.95,10327.3,10309.95,10327.3,13:10:00,10345.658999936022,3,48
2017-11-23,10314.4,10314.95,10307.3,10311.0,13:15:00,10342.681952323068,3,49
2017-11-23,10311.9,10321.2,10310.55,10315.15,13:20:00,10339.75033781611,3,50
2017-11-23,10320.6,10320.85,10310.15,10312.0,13:25:00,10337.926496119337,3,51
2017-11-23,10322.0,10325.95,10322.0,10322.15,13:30:00,10336.409686965111,3,52
2017-11-23,10320.9,10322.25,10312.65,10322.25,13:35:00,10334.932573920818,3,53
2017-11-23,10322.95,10324.75,10319.15,10321.15,13:40:00,10333.79137640455,3,54
2017-11-23,10329.3,10329.55,10322.15,10323.1,13:45:00,10333.363626270784,3,55
2017-11-23,10333.75,10334.6,10329.0,10329.65,13:50:00,10333.400423768804,3,56
2017-11-23,10328.0,10334.4,10328.0,10334.4,13:55:00,10332.886097695586,3,57
2017-11-23,10328.65,10331.8,10322.1,10328.3,14:00:00,10332.482659819814,3,58
2017-11-23,10335.0,10335.7,10328.65,10329.45,14:05:00,10332.72240650364,3,59
2017-11-23,10331.2,10341.1,10331.2,10335.8,14:10:00,10332.577415408055,3,60
2017-11-23,10333.2,10337.4,10331.15,10332.1,14:15:00,10332.636709178718,3,61
2017-11-23,10331.5,10333.95,10327.15,10333.95,14:20:00,10332.528451161696,3,62
2017-11-23,10330.9,10335.45,10330.9,10332.1,14:25:00,10332.37336057487,3,63
2017-11-23,10330.25,10331.75,10324.45,10331.7,14:30:00,10332.171135758215,3,64
2017-11-23,10339.6,10342.6,10330.05,10331.0,14:35:00,10332.878646638386,3,65
2017-11-23,10351.85,10354.35,10339.8,10340.15,14:40:00,10334.685442196636,3,66
2017-11-23,10342.4,10352.7,10340.5,10352.7,14:45:00,10335.420161987431,3,67
2017-11-23,10345.0,10346.7,10341.95,10343.8,14:50:00,10336.332527512435,3,68
2017-11-23,10340.3,10347.4,10340.3,10345.55,14:55:00,10336.710382035062,3,69
2017-11-23,10339.85,10341.65,10336.35,10339.85,15:00:00,10337.009393269818,3,70
2017-11-23,10345.4,10345.95,10338.7,10340.0,15:05:00,10337.808498672692,3,71
2017-11-23,10348.0,10349.5,10342.25,10346.3,15:10:00,10338.77911784672,3,72
2017-11-23,10352.35,10353.75,10347.45,10349.5,15:15:00,10340.0715828137,3,73
2017-11-23,10354.4,10357.3,10351.55,10354.05,15:20:00,10341.4361939743,3,74
2017-11-23,10351.85,10355.95,10349.9,10355.95,15:25:00,10342.427985024366,3,75
2017-11-24,10377.0,10377.95,10364.1,10364.9,09:15:00,10345.720557879187,4,1
2017-11-24,10369.65,10379.45,10362.25,10377.45,09:20:00,10347.999552366884,4,2
2017-11-24,10375.85,10375.9,10363.75,10369.95,09:25:00,10350.65197595099,4,3
2017-11-24,10378.85,10383.85,10375.75,10376.35,09:30:00,10353.337502050896,4,4
2017-11-24,10377.15,10380.45,10372.8,10379.0,09:35:00,10355.60535899843,4,5
2017-11-24,10378.3,10381.15,10376.75,10377.2,09:40:00,10357.76675337953,4,6
2017-11-24,10379.4,10381.45,10376.6,10378.25,09:45:00,10359.82706258148,4,7
2017-11-24,10375.7,10380.3,10375.05,10379.35,09:50:00,10361.338770907054,4,8
2017-11-24,10380.45,10380.55,10374.1,10376.0,09:55:00,10363.158887963526,4,9
2017-11-24,10387.1,10388.0,10380.2,10380.6,10:00:00,10365.43899387176,4,10
2017-11-24,10389.0,10390.25,10386.2,10387.5,10:05:00,10367.682899217309,4,11
2017-11-24,10384.95,10389.25,10383.85,10389.05,10:10:00,10369.327385006134,4,12
2017-11-24,10386.75,10392.75,10384.7,10385.2,10:15:00,10370.986681672215,4,13
2017-11-24,10382.7,10387.95,10382.15,10386.65,10:20:00,10372.102235798671,4,14
2017-11-24,10383.55,10384.8,10381.1,10382.9,10:25:00,10373.192499055942,4,15
2017-11-24,10383.1,10388.35,10382.8,10383.6,10:30:00,10374.136070574425,4,16
2017-11-24,10384.55,10384.9,10383.15,10383.65,10:35:00,10375.12787337686,4,17
2017-11-24,10386.65,10388.25,10383.95,10384.35,10:40:00,10376.22521876954,4,18
2017-11-24,10384.0,10387.5,10382.85,10386.35,10:45:00,10376.965674124822,4,19
2017-11-24,10383.3,10385.15,10382.95,10383.9,10:50:00,10377.568943255792,4,20
2017-11-24,10381.95,10385.8,10381.95,10382.85,10:55:00,10377.98618675524,4,21
2017-11-24,10379.25,10382.5,10377.15,10382.0,11:00:00,10378.10654992141,4,22
2017-11-24,10377.3,10382.75,10376.4,10379.05,11:05:00,10378.029735643178,4,23
2017-11-24,10381.15,10382.35,10377.15,10377.45,11:10:00,10378.32690367716,4,24
2017-11-24,10382.95,10384.55,10380.95,10380.95,11:15:00,10378.76719856505,4,25
2017-11-24,10387.3,10387.95,10382.55,10383.2,11:20:00,10379.57984632076,4,26
2017-11-24,10385.8,10387.5,10384.95,10386.95,11:25:00,10380.172241909258,4,27
2017-11-24,10390.8,10391.25,10384.8,10385.45,11:30:00,10381.184409346472,4,28
2017-11-24,10386.75,10393.05,10386.4,10391.15,11:35:00,10381.714465599189,4,29
2017-11-24,10383.15,10387.6,10382.0,10387.15,11:40:00,10381.85118316117,4,30
2017-11-24,10383.3,10385.55,10382.2,10383.0,11:45:00,10381.98916571725,4,31
2017-11-24,10384.65,10385.8,10383.2,10383.4,11:50:00,10382.242578506084,4,32
2017-11-24,10388.6,10388.85,10384.6,10384.6,11:55:00,10382.84804721979,4,33
2017-11-24,10385.8,10390.75,10385.4,10388.95,12:00:00,10383.12918557981,4,34
2017-11-24,10388.3,10388.9,10384.35,10385.9,12:05:00,10383.621644096018,4,35
2017-11-24,10391.1,10393.3,10388.0,10388.4,12:10:00,10384.333868467826,4,36
2017-11-24,10392.55,10393.3,10390.4,10391.2,12:15:00,10385.116357185176,4,37
2017-11-24,10389.15,10392.9,10388.0,10392.6,12:20:00,10385.500513643732,4,38
2017-11-24,10385.05,10389.55,10384.95,10389.2,12:25:00,10385.457607582424,4,39
2017-11-24,10384.15,10385.45,10383.1,10385.15,12:30:00,10385.333073526956,4,40
2017-11-24,10385.45,10386.85,10383.4,10384.3,12:35:00,10385.344209381532,4,41
2017-11-24,10389.45,10389.55,10383.15,10385.65,12:40:00,10385.735237059482,4,42
2017-11-24,10390.0,10392.5,10388.1,10389.5,12:45:00,10386.141404958578,4,43
2017-11-24,10387.15,10391.65,10386.35,10390.05,12:50:00,10386.237461629187,4,44
2017-11-24,10387.5,10388.9,10385.4,10387.05,12:55:00,10386.35770337879,4,45
2017-11-24,10386.95,10387.6,10383.9,10387.55,13:00:00,10386.41411258081,4,46
2017-11-24,10386.9,10390.1,10385.65,10389.2,13:05:00,10386.460387573114,4,47
2017-11-24,10389.8,10391.3,10387.0,10388.9,13:10:00,10386.778445899485,4,48
2017-11-24,10389.8,10392.55,10387.8,10389.9,13:15:00,10387.066212956675,4,49
2017-11-24,10393.45,10395.25,10389.45,10390.0,13:20:00,10387.674192675087,4,50
2017-11-24,10392.3,10396.05,10392.3,10394.65,13:25:00,10388.11474575365,4,51
2017-11-24,10402.5,10403.85,10391.6,10393.95,13:30:00,10389.484769967588,4,52
2017-11-24,10401.15,10404.45,10399.85,10404.45,13:35:00,10390.59574425639,4,53
2017-11-24,10399.4,10402.75,10397.8,10402.75,13:40:00,10391.4342448034,4,54
2017-11-24,10402.6,10404.5,10399.8,10401.3,13:45:00,10392.49765006022,4,55
2017-11-24,10397.85,10404.0,10396.3,10402.9,13:50:00,10393.007397673531,4,56
2017-11-24,10400.0,10403.2,10397.55,10398.15,13:55:00,10393.673359799865,4,57
2017-11-24,10395.3,10402.25,10394.85,10402.25,14:00:00,10393.82827791416,4,58
2017-11-24,10392.9,10395.25,10391.45,10395.0,14:05:00,10393.739870493764,4,59
2017-11-24,10393.3,10397.2,10392.65,10393.05,14:10:00,10393.697978065788,4,60
2017-11-24,10394.4,10394.8,10391.45,10393.4,14:15:00,10393.764837297618,4,61
2017-11-24,10390.9,10394.6,10389.25,10394.45,14:20:00,10393.491995650227,4,62
2017-11-24,10394.2,10395.5,10390.6,10391.05,14:25:00,10393.55942463592,4,63
2017-11-24,10394.45,10399.2,10393.5,10394.9,14:30:00,10393.64424133726,4,64
2017-11-24,10395.2,10399.05,10393.85,10394.4,14:35:00,10393.79240882895,4,65
2017-11-24,10391.65,10395.35,10388.95,10394.9,14:40:00,10393.588369892856,4,66
2017-11-24,10385.3,10392.95,10385.15,10391.7,14:45:00,10392.799001331634,4,67
2017-11-24,10384.95,10386.0,10380.8,10384.7,14:50:00,10392.051477395287,4,68
2017-11-24,10386.75,10388.6,10384.1,10384.65,14:55:00,10391.546574786213,4,69
2017-11-24,10389.15,10392.6,10386.7,10386.7,15:00:00,10391.31832956848,4,70
2017-11-24,10390.55,10392.8,10388.5,10389.75,15:05:00,10391.245155323862,4,71
2017-11-24,10389.5,10394.25,10388.75,10390.35,15:10:00,10391.078950054924,4,72
2017-11-24,10389.2,10390.45,10385.65,10389.85,15:15:00,10390.900002430646,4,73
2017-11-24,10387.05,10389.75,10385.05,10388.9,15:20:00,10390.53333553249,4,74
2017-11-24,10393.6,10396.35,10386.9,10387.25,15:25:00,10390.82539881511,4,75
2017-11-27,10358.55,10366.5,10348.05,10360.3,09:15:00,10387.75155130891,0,1
2017-11-27,10360.7,10362.7,10354.1,10359.0,09:20:00,10385.175213089013,0,2
2017-11-27,10363.15,10367.5,10357.6,10360.25,09:25:00,10383.077573747203,0,3
2017-11-27,10355.95,10368.0,10355.45,10362.6,09:30:00,10380.493995295088,0,4
2017-11-27,10349.9,10358.7,10349.55,10355.9,09:35:00,10377.580281457462,0,5
2017-11-27,10358.2,10359.3,10350.15,10350.25,09:40:00,10375.734540366277,0,6
2017-11-27,10359.65,10360.65,10357.05,10358.45,09:45:00,10374.20267937901,0,7
2017-11-27,10354.7,10360.95,10354.7,10360.1,09:50:00,10372.345281342914,0,8
2017-11-27,10358.05,10359.5,10352.75,10354.75,09:55:00,10370.983825976922,0,9
2017-11-27,10356.95,10358.9,10351.5,10357.8,10:00:00,10369.647271121978,0,10
2017-11-27,10356.2,10361.35,10354.45,10356.8,10:05:00,10368.36657863417,0,11
2017-11-27,10362.35,10363.7,10356.1,10356.6,10:10:00,10367.7935711452,0,12
2017-11-27,10366.45,10366.45,10358.65,10362.7,10:15:00,10367.665611988516,0,13
2017-11-27,10367.85,10369.25,10364.15,10366.5,10:20:00,10367.683172751513,0,14
2017-11-27,10363.8,10368.65,10363.35,10368.1,10:25:00,10367.313346775178,0,15
2017-11-27,10366.2,10367.45,10361.8,10364.15,10:30:00,10367.20731374897,0,16
2017-11-27,10363.65,10367.75,10363.65,10366.5,10:35:00,10366.868521963352,0,17
2017-11-27,10358.9,10364.2,10355.95,10363.9,10:40:00,10366.1096151097,0,18
2017-11-27,10360.9,10361.95,10358.2,10359.15,10:45:00,10365.61346128973,0,19
2017-11-27,10362.75,10362.75,10360.0,10360.95,10:50:00,10365.340750690706,0,20
2017-11-27,10361.4,10363.45,10360.6,10362.7,10:55:00,10364.965441101114,0,21
2017-11-27,10355.3,10361.25,10355.1,10361.25,11:00:00,10364.044922901008,0,22
2017-11-27,10350.7,10354.8,10350.6,10354.8,11:05:00,10362.773977862817,0,23
2017-11-27,10354.6,10356.5,10350.4,10351.05,11:10:00,10361.995503780645,0,24
2017-11-27,10357.8,10358.75,10354.85,10354.95,11:15:00,10361.595931992011,0,25
2017-11-27,10359.85,10361.25,10357.3,10358.0,11:20:00,10361.429652754676,0,26
2017-11-27,10357.5,10360.45,10357.45,10360.1,11:25:00,10361.055400111372,0,27
2017-11-27,10357.15,10359.75,10357.15,10358.0,11:30:00,10360.683457243622,0,28
2017-11-27,10356.0,10357.75,10355.5,10357.7,11:35:00,10360.23741369661,0,29
2017-11-27,10354.75,10356.7,10353.9,10355.95,11:40:00,10359.71480286836,0,30
2017-11-27,10358.5,10358.5,10353.35,10355.2,11:45:00,10359.599107357088,0,31
2017-11-27,10357.4,10358.6,10356.5,10358.35,11:50:00,10359.389668561174,0,32
2017-11-27,10356.3,10358.6,10356.1,10357.65,11:55:00,10359.09541441249,0,33
2017-11-27,10357.05,10358.35,10355.5,10355.85,12:00:00,10358.900613039872,0,34
2017-11-27,10354.5,10357.8,10354.2,10357.3,12:05:00,10358.481507036076,0,35
2017-11-27,10353.35,10355.65,10352.35,10354.15,12:10:00,10357.992792080258,0,36
2017-11-27,10348.6,10354.15,10348.6,10353.4,12:15:00,10357.098240453568,0,37
2017-11-27,10348.35,10349.4,10344.75,10349.05,12:20:00,10356.265074696084,0,38
2017-11-27,10348.5,10349.5,10347.4,10348.7,12:25:00,10355.525543772648,0,39
2017-11-27,10353.6,10353.95,10348.25,10348.4,12:30:00,10355.342158651443,0,40
2017-11-27,10352.55,10355.4,10351.9,10353.5,12:35:00,10355.07623877988,0,41
2017-11-27,10348.5,10352.95,10347.8,10352.65,12:40:00,10354.449930324652,0,42
2017-11-27,10345.6,10349.4,10344.1,10348.7,12:45:00,10353.607079817542,0,43
2017-11-27,10341.2,10346.1,10341.2,10345.4,12:50:00,10352.425453168253,0,44
2017-11-27,10344.65,10345.75,10340.2,10341.3,12:55:00,10351.684933818897,0,45
2017-11-27,10344.2,10346.75,10343.0,10344.6,13:00:00,10350.972082979002,0,46
2017-11-27,10343.9,10345.65,10343.35,10344.55,13:05:00,10350.298551266716,0,47
2017-11-27,10346.8,10346.85,10343.5,10344.35,13:10:00,10349.965355907982,0,48
2017-11-27,10348.8,10350.1,10345.75,10346.9,13:15:00,10349.854369631032,0,49
2017-11-27,10353.5,10356.8,10347.5,10349.25,13:20:00,10350.201572523314,0,50
2017-11-27,10354.35,10356.45,10351.35,10353.6,13:25:00,10350.596660854428,0,51
2017-11-27,10352.7,10356.15,10351.75,10354.5,13:30:00,10350.796978868291,0,52
2017-11-27,10355.2,10355.55,10351.4,10352.9,13:35:00,10351.21631421417,0,53
2017-11-27,10359.3,10360.9,10355.4,10355.4,13:40:00,10351.986189050916,0,54
2017-11-27,10358.9,10360.45,10357.4,10359.65,13:45:00,10352.644647236542,0,55
2017-11-27,10364.75,10366.8,10359.0,10359.05,13:50:00,10353.79753797592,0,56
2017-11-27,10364.3,10367.45,10363.75,10365.15,13:55:00,10354.797772454403,0,57
2017-11-27,10365.65,10365.95,10362.3,10364.65,14:00:00,10355.831317934935,0,58
2017-11-27,10371.55,10373.15,10365.25,10366.1,14:05:00,10357.328335274467,0,59
2017-11-27,10377.0,10378.3,10370.45,10371.05,14:10:00,10359.201827153089,0,60
2017-11-27,10374.9,10377.2,10370.9,10376.9,14:15:00,10360.696891233749,0,61
2017-11-27,10375.35,10378.8,10372.5,10374.85,14:20:00,10362.09242540196,0,62
2017-11-27,10374.65,10376.9,10372.9,10375.05,14:25:00,10363.288384887488,0,63
2017-11-27,10376.85,10377.15,10372.5,10374.5,14:30:00,10364.579967279156,0,64
2017-11-27,10383.85,10386.35,10376.95,10377.3,14:35:00,10366.415208490664,0,65
2017-11-27,10384.75,10391.95,10383.8,10383.95,14:40:00,10368.1613791106,0,66
2017-11-27,10387.65,10390.65,10384.1,10384.95,14:45:00,10370.017438242923,0,67
2017-11-27,10380.75,10389.05,10380.75,10388.15,14:50:00,10371.039586981691,0,68
2017-11-27,10385.1,10386.8,10380.55,10380.65,14:55:00,10372.378673935817,0,69
2017-11-27,10394.45,10395.4,10384.95,10384.95,15:00:00,10374.48070498955,0,70
2017-11-27,10400.95,10401.65,10394.0,10394.35,15:05:00,10377.00159022864,0,71
2017-11-27,10400.45,10403.0,10398.5,10400.3,15:10:00,10379.234772111628,0,72
2017-11-27,10399.4,10407.15,10399.2,10401.25,15:15:00,10381.155270005758,0,73
2017-11-27,10400.65,10402.4,10398.05,10399.5,15:20:00,10383.01191095759,0,74
2017-11-27,10404.55,10405.5,10400.5,10400.9,15:25:00,10385.063157533055,0,75
2017-11-28,10389.0,10391.1,10372.25,10386.05,09:15:00,10385.43809491086,1,1
2017-11-28,10387.5,10398.5,10387.2,10389.2,09:20:00,10385.63446682411,1,2
2017-11-28,10385.0,10390.1,10384.8,10387.55,09:25:00,10385.57404141229,1,3
2017-11-28,10375.05,10386.15,10374.55,10385.5,09:30:00,10384.571751753978,1,4
2017-11-28,10377.4,10378.8,10373.8,10375.3,09:35:00,10383.88872777741,1,5
2017-11-28,10377.1,10379.75,10373.25,10377.55,09:40:00,10383.242182274798,1,6
2017-11-28,10382.4,10382.6,10376.7,10376.85,09:45:00,10383.161974439105,1,7
2017-11-28,10381.15,10383.7,10379.95,10382.15,09:50:00,10382.970357825854,1,8
2017-11-28,10380.1,10382.0,10378.15,10381.8,09:55:00,10382.69699041387,1,9
2017-11-28,10388.1,10388.1,10378.6,10380.2,10:00:00,10383.211562755409,1,10
2017-11-28,10387.85,10389.45,10384.3,10388.3,10:05:00,10383.653318683464,1,11
2017-11-28,10391.9,10392.1,10387.75,10388.2,10:10:00,10384.438716904087,1,12
2017-11-28,10398.05,10398.05,10391.4,10391.85,10:15:00,10385.735029579888,1,13
2017-11-28,10395.75,10401.25,10395.15,10397.95,10:20:00,10386.688836286568,1,14
2017-11-28,10396.2,10397.85,10393.45,10395.15,10:25:00,10387.594661402132,1,15
2017-11-28,10395.75,10397.3,10394.6,10396.5,10:30:00,10388.371360316216,1,16
2017-11-28,10392.45,10397.95,10392.0,10395.8,10:35:00,10388.759802190862,1,17
2017-11-28,10393.8,10393.95,10390.65,10392.3,10:40:00,10389.239821029829,1,18
2017-11-28,10394.3,10395.8,10392.8,10393.85,10:45:00,10389.72174283651,1,19
2017-11-28,10393.65,10395.45,10392.5,10394.75,10:50:00,10390.095862566366,1,20
2017-11-28,10391.25,10394.5,10389.75,10393.7,10:55:00,10390.205780417187,1,21
2017-11-28,10389.45,10392.35,10388.25,10391.45,11:00:00,10390.13380132984,1,22
2017-11-28,10388.6,10389.5,10385.15,10389.05,11:05:00,10389.987725012712,1,23
2017-11-28,10389.65,10391.15,10387.85,10388.85,11:10:00,10389.955560725788,1,24
2017-11-28,10385.95,10390.55,10385.95,10389.75,11:15:00,10389.574078751904,1,25
2017-11-28,10382.2,10387.25,10381.7,10387.15,11:20:00,10388.871785537436,1,26
2017-11-28,10381.5,10383.5,10378.9,10383.1,11:25:00,10388.169710724347,1,27
2017-11-28,10386.3,10388.45,10380.95,10381.45,11:30:00,10387.991643036314,1,28
2017-11-28,10388.1,10388.5,10385.8,10387.05,11:35:00,10388.00196274714,1,29
2017-11-28,10388.1,10390.45,10386.35,10388.35,11:40:00,10388.011299628366,1,30
2017-11-28,10389.05,10389.5,10386.8,10387.6,11:45:00,10388.110223473284,1,31
2017-11-28,10389.0,10391.15,10387.25,10389.15,11:50:00,10388.194964094871,1,32
2017-11-28,10388.8,10389.65,10387.0,10389.15,11:55:00,10388.252586562028,1,33
2017-11-28,10388.1,10390.4,10387.9,10388.5,12:00:00,10388.238054508502,1,34
2017-11-28,10387.2,10389.25,10384.6,10387.85,12:05:00,10388.139192174358,1,35
2017-11-28,10382.6,10387.1,10381.85,10387.05,12:10:00,10387.611650062516,1,36
2017-11-28,10383.25,10384.75,10379.25,10382.75,12:15:00,10387.196254818467,1,37
2017-11-28,10383.8,10384.85,10382.5,10383.55,12:20:00,10386.872801978612,1,38
2017-11-28,10385.3,10386.2,10382.1,10384.15,12:25:00,10386.723011313985,1,39
2017-11-28,10383.8,10386.2,10382.2,10385.45,12:30:00,10386.444629284078,1,40
2017-11-28,10385.6,10385.8,10382.25,10384.0,12:35:00,10386.36418839988,1,41
2017-11-28,10392.4,10393.6,10384.8,10385.65,12:40:00,10386.939027599892,1,42
2017-11-28,10390.0,10392.9,10389.5,10392.55,12:45:00,10387.230548780855,1,43
2017-11-28,10389.4,10391.95,10387.4,10390.15,12:50:00,10387.43716318268,1,44
2017-11-28,10392.6,10393.15,10388.1,10389.7,12:55:00,10387.928861927188,1,45
2017-11-28,10396.55,10397.65,10392.7,10392.85,13:00:00,10388.749922696026,1,46
2017-11-28,10394.9,10396.85,10393.65,10396.7,13:05:00,10389.335644344024,1,47
2017-11-28,10397.25,10397.95,10394.6,10395.25,13:10:00,10390.089392501735,1,48
2017-11-28,10401.8,10404.9,10396.7,10397.4,13:15:00,10391.204688453952,1,49
2017-11-28,10400.75,10402.95,10398.25,10401.95,13:20:00,10392.113765744052,1,50
2017-11-28,10400.5,10402.2,10399.15,10401.05,13:25:00,10392.912454720808,1,51
2017-11-28,10398.25,10400.85,10396.9,10400.25,13:30:00,10393.420792366443,1,52
2017-11-28,10407.95,10407.95,10395.15,10398.3,13:35:00,10394.804526426784,1,53
2017-11-28,10400.7,10409.55,10399.5,10407.7,13:40:00,10395.366000100425,1,54
2017-11-28,10403.2,10403.4,10399.4,10400.75,13:45:00,10396.112095328954,1,55
2017-11-28,10394.65,10403.45,10394.65,10403.35,13:50:00,10395.972848154768,1,56
2017-11-28,10376.3,10394.7,10374.4,10393.7,13:55:00,10394.0992435686,1,57
2017-11-28,10377.15,10382.05,10374.7,10376.8,14:00:00,10392.4850298954,1,58
2017-11-28,10370.4,10378.25,10365.45,10376.75,14:05:00,10390.381693714884,1,59
2017-11-28,10371.4,10377.45,10369.7,10370.55,14:10:00,10388.573913361086,1,60
2017-11-28,10364.3,10371.55,10355.2,10371.35,14:15:00,10386.2621120886,1,61
2017-11-28,10367.3,10372.2,10359.55,10363.65,14:20:00,10384.456196651592,1,62
2017-11-28,10371.45,10372.15,10364.85,10366.75,14:25:00,10383.217511256202,1,63
2017-11-28,10369.85,10373.35,10366.95,10371.85,14:30:00,10381.944414946089,1,64
2017-11-28,10365.85,10373.5,10365.65,10369.9,14:35:00,10380.41161352265,1,65
2017-11-28,10363.4,10366.6,10358.05,10366.25,14:40:00,10378.791459853826,1,66
2017-11-28,10365.1,10369.35,10362.55,10363.05,14:45:00,10377.487511296318,1,67
2017-11-28,10364.5,10367.15,10362.95,10365.3,14:50:00,10376.250605458574,1,68
2017-11-28,10369.2,10369.75,10363.75,10365.15,14:55:00,10375.579119224423,1,69
2017-11-28,10374.0,10374.85,10367.1,10369.4,15:00:00,10375.428726917336,1,70
2017-11-28,10373.55,10376.15,10370.35,10374.05,15:05:00,10375.249800544256,1,71
2017-11-28,10372.05,10374.35,10369.2,10373.9,15:10:00,10374.945057635276,1,72
2017-11-28,10369.55,10373.25,10364.7,10371.35,15:15:00,10374.431242622397,1,73
2017-11-28,10369.1,10370.65,10365.1,10369.4,15:20:00,10373.923505229786,1,74
2017-11-28,10362.4,10369.8,10359.0,10369.4,15:25:00,10372.826028541234,1,75
2017-11-29,10382.5,10390.9,10370.15,10375.15,09:15:00,10373.747359156354,2,1
2017-11-29,10389.25,10390.4,10380.05,10382.0,09:20:00,10375.223801141465,2,2
2017-11-29,10380.4,10391.9,10377.25,10389.1,09:25:00,10375.716772461326,2,3
2017-11-29,10375.8,10380.7,10372.45,10379.6,09:30:00,10375.72469889358,2,4
2017-11-29,10377.55,10378.55,10370.9,10375.75,09:35:00,10375.898537094192,2,5
2017-11-29,10369.5,10379.4,10368.45,10377.6,09:40:00,10375.289152609032,2,6
2017-11-29,10372.1,10374.45,10366.2,10369.45,09:45:00,10374.985423789123,2,7
2017-11-29,10376.05,10378.35,10371.95,10371.95,09:50:00,10375.086811999685,2,8
2017-11-29,10370.35,10377.7,10370.35,10375.9,09:55:00,10374.635687047334,2,9
2017-11-29,10370.6,10371.05,10364.1,10370.25,10:00:00,10374.251335899968,2,10
2017-11-29,10370.25,10373.15,10368.85,10370.45,10:05:00,10373.870256290447,2,11
2017-11-29,10373.45,10373.7,10368.05,10369.75,10:10:00,10373.830231881831,2,12
2017-11-29,10374.9,10375.55,10371.35,10373.4,10:15:00,10373.932114559757,2,13
2017-11-29,10377.1,10378.85,10374.55,10374.65,10:20:00,10374.233817935015,2,14
2017-11-29,10376.9,10379.3,10376.15,10377.25,10:25:00,10374.487740036442,2,15
2017-11-29,10380.05,10380.15,10376.35,10376.85,10:30:00,10375.01747908059,2,16
2017-11-29,10378.4,10381.15,10377.65,10380.0,10:35:00,10375.339623930058,2,17
2017-11-29,10376.05,10379.4,10375.05,10378.45,10:40:00,10375.407278793864,2,18
2017-11-29,10374.65,10376.5,10371.7,10375.9,10:45:00,10375.335157003972,2,19
2017-11-29,10379.6,10380.1,10374.4,10374.4,10:50:00,10375.741332527405,2,20
2017-11-29,10378.55,10379.65,10376.55,10379.55,10:55:00,10376.00882466765,2,21
2017-11-29,10379.75,10381.4,10377.65,10378.65,11:00:00,10376.365127080251,2,22
2017-11-29,10381.15,10382.65,10379.1,10379.3,11:05:00,10376.820829263086,2,23
2017-11-29,10379.8,10381.6,10378.5,10381.45,11:10:00,10377.10455980946,2,24
2017-11-29,10387.25,10387.5,10378.95,10379.65,11:15:00,10378.070792208558,2,25
2017-11-29,10384.6,10388.8,10383.4,10387.35,11:20:00,10378.692621522028,2,26
2017-11-29,10383.85,10386.85,10383.6,10384.95,11:25:00,10379.183800424693,2,27
2017-11-29,10388.6,10389.95,10383.6,10383.9,11:30:00,10380.080581336626,2,28
2017-11-29,10389.0,10392.0,10387.8,10388.9,11:35:00,10380.930049780756,2,29
2017-11-29,10382.7,10389.05,10382.7,10388.9,11:40:00,10381.098616468304,2,30
2017-11-29,10385.4,10386.3,10382.8,10382.8,11:45:00,10381.50827204275,2,31
2017-11-29,10382.35,10385.9,10381.3,10385.5,11:50:00,10381.588436610107,2,32
2017-11-29,10378.9,10382.55,10377.6,10382.2,11:55:00,10381.332395028192,2,33
2017-11-29,10382.25,10382.55,10378.85,10379.2,12:00:00,10381.419785977889,2,34
2017-11-29,10378.15,10383.0,10376.1,10382.2,12:05:00,10381.108377789516,2,35
2017-11-29,10376.7,10379.15,10374.7,10378.25,12:10:00,10380.688532285752,2,36
2017-11-29,10377.0,10377.35,10372.55,10377.05,12:15:00,10380.337243496631,2,37
2017-11-29,10375.65,10377.6,10374.75,10377.1,12:20:00,10379.890839354097,2,38
2017-11-29,10376.35,10377.65,10374.35,10375.35,12:25:00,10379.553616558467,2,39
2017-11-29,10377.85,10378.35,10372.5,10375.45,12:30:00,10379.391367362425,2,40
2017-11-29,10378.15,10380.65,10376.25,10377.05,12:35:00,10379.273141899335,2,41
2017-11-29,10383.65,10384.2,10377.35,10377.85,12:40:00,10379.689985527972,2,42
2017-11-29,10381.75,10384.6,10381.0,10383.75,12:45:00,10379.88617738245,2,43
2017-11-29,10379.65,10382.1,10379.35,10382.0,12:50:00,10379.863684298409,2,44
2017-11-29,10381.2,10381.95,10379.15,10380.2,12:55:00,10379.990952460465,2,45
2017-11-29,10382.7,10384.85,10381.35,10381.45,13:00:00,10380.248956988038,2,46
2017-11-29,10384.95,10385.4,10381.7,10382.75,13:05:00,10380.696675370127,2,47
2017-11-29,10388.5,10389.75,10384.95,10385.9,13:10:00,10381.439849144404,2,48
2017-11-29,10387.8,10391.25,10386.85,10389.75,13:15:00,10382.045577797317,2,49
2017-11-29,10382.6,10390.3,10382.4,10390.2,13:20:00,10382.09837991186,2,50
2017-11-29,10381.0,10383.8,10378.55,10383.6,13:25:00,10381.993772301204,2,51
2017-11-29,10380.45,10384.5,10380.25,10382.65,13:30:00,10381.846746367755,2,52
2017-11-29,10386.1,10392.95,10380.05,10382.1,13:35:00,10382.251818142257,2,53
2017-11-29,10383.05,10387.9,10382.35,10387.65,13:40:00,10382.327835462042,2,54
2017-11-29,10384.45,10387.8,10383.55,10383.55,13:45:00,10382.52994637042,2,55
2017-11-29,10380.55,10386.45,10380.55,10385.6,13:50:00,10382.341380049427,2,56
2017-11-29,10376.85,10382.0,10375.2,10381.45,13:55:00,10381.81839147329,2,57
2017-11-29,10368.8,10377.85,10366.55,10377.85,14:00:00,10380.57854466631,2,58
2017-11-29,10372.25,10373.75,10364.25,10370.15,14:05:00,10379.785349936186,2,59
2017-11-29,10369.05,10376.0,10369.05,10374.2,14:10:00,10378.762935656549,2,60
2017-11-29,10373.55,10373.75,10369.35,10369.85,14:15:00,10378.26646559402,2,61
2017-11-29,10371.3,10375.2,10370.55,10374.85,14:20:00,10377.602992680304,2,62
2017-11-29,10361.95,10372.65,10361.95,10372.65,14:25:00,10376.112231472656,2,63
2017-11-29,10363.3,10364.45,10359.1,10363.9,14:30:00,10374.892018951452,2,64
2017-11-29,10363.2,10364.2,10359.05,10363.9,14:35:00,10373.778493337028,2,65
2017-11-29,10366.4,10367.6,10363.35,10363.65,14:40:00,10373.075779685882,2,66
2017-11-29,10361.3,10367.25,10360.8,10366.75,14:45:00,10371.954276858654,2,67
2017-11-29,10360.65,10363.9,10359.3,10361.25,14:50:00,10370.877679062593,2,68
2017-11-29,10359.05,10363.2,10358.15,10360.55,14:55:00,10369.751233437584,2,69
2017-11-29,10367.75,10367.8,10356.7,10359.3,15:00:00,10369.560639776862,2,70
2017-11-29,10371.35,10375.45,10368.0,10368.0,15:05:00,10369.731055036207,2,71
2017-11-29,10366.5,10373.15,10365.9,10371.4,15:10:00,10369.423335508953,2,72
2017-11-29,10363.85,10367.55,10362.0,10366.4,15:15:00,10368.892541650956,2,73
2017-11-29,10348.35,10364.1,10347.25,10364.05,15:20:00,10366.936109112768,2,74
2017-11-29,10350.9,10352.35,10345.9,10348.3,15:25:00,10365.408860625836,2,75
2017-11-30,10314.4,10327.55,10313.05,10327.55,09:15:00,10360.550873899569,3,1
2017-11-30,10300.65,10313.15,10299.65,10313.0,09:20:00,10354.846028766277,3,2
2017-11-30,10308.95,10308.95,10298.2,10300.6,09:25:00,10350.474978407585,3,3
2017-11-30,10308.6,10311.75,10306.0,10307.85,09:30:00,10346.486885225908,3,4
2017-11-30,10311.0,10313.5,10305.9,10307.95,09:35:00,10343.10718187106,3,5
2017-11-30,10304.15,10313.15,10304.15,10310.8,09:40:00,10339.396974073816,3,6
2017-11-30,10303.85,10306.15,10301.1,10304.6,09:45:00,10336.011547971548,3,7
2017-11-30,10305.75,10306.8,10301.15,10303.75,09:50:00,10333.129495783782,3,8
2017-11-30,10291.0,10306.05,10286.3,10305.6,09:55:00,10329.117162851991,3,9
2017-11-30,10285.15,10291.55,10284.6,10291.4,10:00:00,10324.929814008943,3,10
2017-11-30,10287.05,10290.05,10283.35,10285.2,10:05:00,10321.32221267476,3,11
2017-11-30,10290.0,10291.6,10285.3,10286.95,10:10:00,10318.339144800972,3,12
2017-11-30,10288.2,10290.45,10286.2,10290.05,10:15:00,10315.468750058024,3,13
2017-11-30,10279.7,10289.9,10279.7,10288.3,10:20:00,10312.06220243345,3,14
2017-11-30,10282.9,10282.9,10276.5,10279.4,10:25:00,10309.28484982074,3,15
2017-11-30,10282.35,10286.95,10281.05,10282.75,10:30:00,10306.719626028287,3,16
2017-11-30,10284.6,10285.55,10282.05,10282.05,10:35:00,10304.612994977975,3,17
2017-11-30,10285.9,10286.05,10281.5,10284.4,10:40:00,10302.830804980073,3,18
2017-11-30,10291.5,10291.95,10286.0,10286.0,10:45:00,10301.751680696256,3,19
2017-11-30,10295.1,10297.55,10291.05,10291.05,10:50:00,10301.118187296614,3,20
2017-11-30,10289.75,10295.5,10289.45,10295.0,10:55:00,10300.035502792174,3,21
2017-11-30,10293.75,10293.9,10289.15,10289.65,11:00:00,10299.436883478636,3,22
2017-11-30,10292.7,10294.15,10289.75,10293.8,11:05:00,10298.795275528288,3,23
2017-11-30,10285.5,10292.85,10284.1,10292.45,11:10:00,10297.52905881131,3,24
2017-11-30,10286.8,10287.3,10283.05,10285.7,11:15:00,10296.50724368642,3,25
2017-11-30,10284.05,10288.4,10283.1,10287.05,11:20:00,10295.320839525808,3,26
2017-11-30,10279.95,10284.85,10279.95,10284.15,11:25:00,10293.85695004716,3,27
2017-11-30,10282.0,10283.6,10279.85,10279.9,11:30:00,10292.727716709334,3,28
2017-11-30,10284.15,10284.75,10281.0,10281.9,11:35:00,10291.910791308444,3,29
2017-11-30,10276.35,10285.4,10274.9,10284.45,11:40:00,10290.428811183832,3,30
2017-11-30,10273.4,10278.15,10269.4,10276.15,11:45:00,10288.807019642514,3,31
2017-11-30,10273.15,10276.65,10272.25,10273.25,11:50:00,10287.315874914657,3,32
2017-11-30,10272.1,10274.65,10270.9,10273.1,11:55:00,10285.866743970402,3,33
2017-11-30,10275.15,10275.7,10269.6,10271.65,12:00:00,10284.846101687508,3,34
2017-11-30,10274.95,10275.8,10272.1,10274.9,12:05:00,10283.903615812507,3,35
2017-11-30,10272.9,10274.95,10271.8,10274.6,12:10:00,10282.855652401797,3,36
2017-11-30,10265.35,10273.8,10263.15,10273.15,12:15:00,10281.188447411148,3,37
2017-11-30,10263.5,10265.9,10262.95,10264.95,12:20:00,10279.50383337199,3,38
2017-11-30,10267.6,10268.5,10260.4,10263.55,12:25:00,10278.37013495561,3,39
2017-11-30,10272.9,10273.8,10266.9,10267.5,12:30:00,10277.849169721743,3,40
2017-11-30,10272.45,10274.4,10270.95,10273.0,12:35:00,10277.334963081576,3,41
2017-11-30,10276.7,10276.85,10271.05,10272.2,12:40:00,10277.274490407142,3,42
2017-11-30,10278.7,10279.65,10275.9,10276.55,12:45:00,10277.41025322551,3,43
2017-11-30,10276.3,10278.95,10275.85,10278.5,12:50:00,10277.30451482308,3,44
2017-11-30,10275.35,10276.8,10272.0,10276.6,12:55:00,10277.118370554215,3,45
2017-11-30,10275.25,10276.6,10272.85,10275.3,13:00:00,10276.940430501436,3,46
2017-11-30,10272.65,10275.95,10272.35,10275.6,13:05:00,10276.531818072728,3,47
2017-11-30,10271.3,10273.2,10270.8,10272.7,13:10:00,10276.03354968485,3,48
2017-11-30,10279.7,10280.4,10271.15,10271.25,13:15:00,10276.38273542915,3,49
2017-11-30,10274.8,10279.3,10273.55,10279.2,13:20:00,10276.23199872161,3,50
2017-11-30,10274.5,10275.95,10273.7,10274.4,13:25:00,10276.067046462407,3,51
2017-11-30,10278.65,10279.35,10274.05,10274.6,13:30:00,10276.313042037416,3,52
2017-11-30,10278.15,10283.55,10276.9,10278.7,13:35:00,10276.487990414806,3,53
2017-11-30,10278.0,10280.1,10277.2,10278.1,13:40:00,10276.631991327682,3,54
2017-11-30,10283.1,10283.5,10277.25,10278.2,13:45:00,10277.247992153618,3,55
2017-11-30,10288.55,10288.55,10281.7,10283.0,13:50:00,10278.324373853273,3,56
2017-11-30,10283.7,10289.65,10283.3,10289.1,13:55:00,10278.836338248198,3,57
2017-11-30,10285.05,10286.7,10282.3,10283.8,14:00:00,10279.428115557894,3,58
2017-11-30,10292.7,10295.25,10285.5,10286.85,14:05:00,10280.69210455238,3,59
2017-11-30,10302.45,10305.0,10291.3,10294.6,14:10:00,10282.7642850712,3,60
2017-11-30,10303.45,10306.1,10298.6,10304.45,14:15:00,10284.734353159656,3,61
2017-11-30,10301.9,10304.65,10299.7,10303.75,14:20:00,10286.36917666826,3,62
2017-11-30,10308.2,10312.05,10302.0,10302.0,14:25:00,10288.448302699857,3,63
2017-11-30,10284.55,10308.75,10283.95,10308.75,14:30:00,10288.07703577606,3,64
2017-11-30,10275.45,10289.95,10273.0,10286.05,14:35:00,10286.874460940244,3,65
2017-11-30,10269.2,10278.25,10262.8,10277.65,14:40:00,10285.191178945935,3,66
2017-11-30,10278.4,10279.4,10268.2,10269.3,14:45:00,10284.544399998704,3,67
2017-11-30,10277.5,10280.95,10274.95,10278.65,14:50:00,10283.873504760732,3,68
2017-11-30,10278.5,10281.2,10276.15,10279.05,14:55:00,10283.361742402569,3,69
2017-11-30,10239.1,10277.25,10238.1,10277.25,15:00:00,10279.146338364228,3,70
2017-11-30,10220.45,10239.05,10220.05,10237.85,15:05:00,10273.556210900968,3,71
2017-11-30,10222.05,10222.45,10211.25,10220.0,15:10:00,10268.650857481827,3,72
2017-11-30,10218.75,10224.05,10216.65,10221.5,15:15:00,10263.898394864513,3,73
2017-11-30,10217.2,10221.9,10214.8,10218.55,15:20:00,10259.45092868694,3,74
2017-11-30,10229.35,10233.45,10212.25,10216.85,15:25:00,10256.584173573898,3,75
2017-12-01,10263.4,10270.4,10254.35,10259.9,09:15:00,10257.233299900194,4,1
2017-12-01,10257.1,10272.7,10253.7,10263.5,09:20:00,10257.220604671604,4,2
2017-12-01,10248.35,10260.2,10246.7,10256.9,09:25:00,10256.375785179069,4,3
2017-12-01,10255.9,10257.65,10247.6,10248.25,09:30:00,10256.330472304871,4,4
2017-12-01,10261.7,10263.15,10254.9,10256.05,09:35:00,10256.841855894883,4,5
2017-12-01,10259.35,10266.35,10257.45,10261.4,09:40:00,10257.080726762038,4,6
2017-12-01,10246.3,10260.05,10245.5,10259.4,09:45:00,10256.05399087994,4,7
2017-12-01,10243.15,10248.25,10240.65,10246.6,09:50:00,10254.825039367564,4,8
2017-12-01,10237.75,10243.35,10233.4,10243.35,09:55:00,10253.198845142082,4,9
2017-12-01,10244.8,10245.4,10236.95,10237.15,10:00:00,10252.398955128552,4,10
2017-12-01,10249.25,10252.1,10244.4,10244.55,10:05:00,10252.09905464012,4,11
2017-12-01,10248.15,10249.4,10244.9,10248.85,10:10:00,10251.722954198203,4,12
2017-12-01,10247.55,10250.35,10245.3,10248.05,10:15:00,10251.325529988851,4,13
2017-12-01,10256.25,10256.25,10247.05,10247.65,10:20:00,10251.79452713277,4,14
2017-12-01,10252.45,10257.5,10249.65,10256.15,10:25:00,10251.856953120125,4,15
2017-12-01,10257.5,10258.45,10251.8,10252.6,10:30:00,10252.394386156302,4,16
2017-12-01,10256.5,10260.0,10256.05,10257.55,10:35:00,10252.78539699856,4,17
2017-12-01,10252.1,10256.7,10250.9,10256.6,10:40:00,10252.720121093937,4,18
2017-12-01,10246.65,10252.15,10244.7,10252.15,10:45:00,10252.142014323084,4,19
2017-12-01,10245.65,10247.65,10244.75,10246.85,10:50:00,10251.523727244696,4,20
2017-12-01,10239.25,10245.55,10235.05,10245.55,10:55:00,10250.354800840438,4,21
2017-12-01,10237.0,10240.05,10235.55,10239.6,11:00:00,10249.08291504611,4,22
2017-12-01,10221.05,10238.85,10221.05,10237.05,11:05:00,10246.413113613147,4,23
2017-12-01,10219.25,10228.6,10214.25,10220.9,11:10:00,10243.826150411896,4,24
2017-12-01,10224.15,10226.7,10216.4,10218.6,11:15:00,10241.952231325047,4,25
2017-12-01,10216.4,10224.05,10206.05,10223.95,11:20:00,10239.518685484569,4,26
2017-12-01,10206.6,10216.15,10204.55,10216.15,11:25:00,10236.383572581271,4,27
2017-12-01,10207.7,10212.05,10206.2,10206.4,11:30:00,10233.651803764007,4,28
2017-12-01,10204.2,10208.25,10201.5,10207.75,11:35:00,10230.8468700722,4,29
2017-12-01,10213.0,10214.75,10204.35,10204.4,11:40:00,10229.14716816056,4,30
2017-12-01,10211.05,10213.2,10208.4,10212.8,11:45:00,10227.423628335746,4,31
2017-12-01,10220.55,10221.25,10211.1,10211.1,11:50:00,10226.768997065676,4,32
2017-12-01,10220.45,10224.6,10219.55,10220.25,11:55:00,10226.167187821326,4,33
2017-12-01,10216.75,10220.1,10214.6,10220.1,12:00:00,10225.270312790724,4,34
2017-12-01,10210.1,10217.35,10208.05,10216.8,12:05:00,10223.825521096369,4,35
2017-12-01,10215.25,10215.8,10210.55,10210.65,12:10:00,10223.008804801477,4,36
2017-12-01,10208.5,10215.5,10207.15,10215.5,12:15:00,10221.627013868,4,37
2017-12-01,10209.35,10213.85,10208.15,10208.15,12:20:00,10220.457774452,4,38
2017-12-01,10214.35,10214.95,10207.95,10209.65,12:25:00,10219.876081647048,4,39
2017-12-01,10208.55,10215.75,10207.45,10214.5,12:30:00,10218.797407204473,4,40
2017-12-01,10213.6,10214.25,10207.75,10207.75,12:35:00,10218.302416042145,4,41
2017-12-01,10212.2,10214.4,10211.2,10213.25,12:40:00,10217.72123356194,4,42
2017-12-01,10212.55,10215.6,10209.9,10211.8,12:45:00,10217.228735127468,4,43
2017-12-01,10221.3,10221.65,10212.1,10212.1,12:50:00,10217.61647463914,4,44
2017-12-01,10219.8,10221.5,10216.85,10221.0,12:55:00,10217.82442943541,4,45
2017-12-01,10228.3,10230.65,10218.75,10219.45,13:00:00,10218.822102822514,4,46
2017-12-01,10230.45,10234.9,10227.75,10227.75,13:05:00,10219.929521601323,4,47
2017-12-01,10222.15,10230.55,10220.2,10230.3,13:10:00,10220.14099573453,4,48
2017-12-01,10221.25,10223.0,10218.9,10221.65,13:15:00,10220.246615188384,4,49
2017-12-01,10217.55,10221.8,10212.0,10221.15,13:20:00,10219.989794694256,4,50
2017-12-01,10217.35,10220.55,10215.95,10217.1,13:25:00,10219.738385675755,4,51
2017-12-01,10215.45,10221.25,10214.1,10217.05,13:30:00,10219.32996799235,4,52
2017-12-01,10218.9,10221.85,10213.25,10215.5,13:35:00,10219.289018659743,4,53
2017-12-01,10208.9,10219.85,10208.05,10219.4,13:40:00,10218.299588311198,4,54
2017-12-01,10203.7,10209.6,10194.0,10208.35,13:45:00,10216.90915132918,4,55
2017-12-01,10198.1,10204.25,10197.65,10203.25,13:50:00,10215.117803583542,4,56
2017-12-01,10204.1,10204.35,10189.5,10197.7,13:55:00,10214.068488956538,4,57
2017-12-01,10199.15,10206.75,10199.0,10204.4,14:00:00,10212.647680484488,4,58
2017-12-01,10189.5,10198.8,10184.2,10198.2,14:05:00,10210.443139485964,4,59
2017-12-01,10191.65,10194.2,10186.1,10188.05,14:10:00,10208.653316677775,4,60
2017-12-01,10187.85,10192.15,10185.9,10190.9,14:15:00,10206.67204842275,4,61
2017-12-01,10176.6,10189.05,10176.6,10187.1,14:20:00,10203.80804381106,4,62
2017-12-01,10170.5,10178.5,10170.05,10175.75,14:25:00,10200.635849162389,4,63
2017-12-01,10161.25,10170.55,10159.45,10169.6,14:30:00,10196.884815908828,4,64
2017-12-01,10143.5,10162.25,10142.45,10161.1,14:35:00,10191.800547727034,4,65
2017-12-01,10158.0,10159.5,10142.3,10142.3,14:40:00,10188.581447943508,4,66
2017-12-01,10144.95,10158.85,10142.9,10156.8,14:45:00,10184.426071948888,4,67
2017-12-01,10134.9,10145.0,10126.45,10144.3,14:50:00,10179.709303191852,4,68
2017-12-01,10140.5,10143.55,10133.9,10134.8,14:55:00,10175.975083840249,4,69
2017-12-01,10125.5,10141.05,10119.55,10140.85,15:00:00,10171.16793299832,4,70
2017-12-01,10134.0,10138.8,10126.1,10126.1,15:05:00,10167.628129855622,4,71
2017-12-01,10125.05,10136.05,10122.5,10133.35,15:10:00,10163.573069869371,4,72
2017-12-01,10116.45,10128.75,10111.25,10125.95,15:15:00,10159.08515845324,4,73
2017-12-01,10120.25,10121.8,10108.55,10116.4,15:20:00,10155.386571933885,4,74
2017-12-01,10123.2,10125.9,10118.8,10120.55,15:25:00,10152.321184130658,4,75
2017-12-04,10127.7,10179.2,10127.7,10173.05,09:15:00,10149.976309451547,0,1
2017-12-04,10102.05,10128.85,10095.7,10128.05,09:20:00,10145.411899027593,0,2
2017-12-04,10111.75,10120.9,10103.2,10103.2,09:25:00,10142.206003882106,0,3
2017-12-04,10097.8,10110.35,10097.2,10110.35,09:30:00,10137.97686065524,0,4
2017-12-04,10120.65,10120.8,10097.6,10097.6,09:35:00,10136.326683449975,0,5
2017-12-04,10124.4,10127.3,10118.85,10120.25,09:40:00,10135.190808835694,0,6
2017-12-04,10136.55,10139.1,10121.55,10123.85,09:45:00,10135.320255613247,0,7
2017-12-04,10135.2,10141.15,10128.0,10135.4,09:50:00,10135.3088026977,0,8
2017-12-04,10125.7,10137.45,10117.55,10134.95,09:55:00,10134.393678631252,0,9
2017-12-04,10124.5,10134.3,10121.35,10125.6,10:00:00,10133.451423523516,0,10
2017-12-04,10125.85,10130.1,10123.8,10124.4,10:05:00,10132.727478426035,0,11
2017-12-04,10130.0,10130.0,10124.0,10125.7,10:10:00,10132.467718575936,0,12
2017-12-04,10134.05,10138.15,10126.35,10129.75,10:15:00,10132.618412044896,0,13
2017-12-04,10137.1,10140.15,10133.15,10133.9,10:20:00,10133.045229945385,0,14
2017-12-04,10143.15,10148.45,10136.15,10136.4,10:25:00,10134.007588998204,0,15
2017-12-04,10145.0,10147.95,10142.7,10142.7,10:30:00,10135.05448528409,0,16
2017-12-04,10137.25,10144.45,10136.6,10144.2,10:35:00,10135.263581923702,0,17
2017-12-04,10142.05,10145.65,10136.65,10138.0,10:40:00,10135.909907454778,0,18
2017-12-04,10144.05,10146.15,10140.5,10141.8,10:45:00,10136.685154363848,0,19
2017-12-04,10147.3,10147.95,10142.65,10143.45,10:50:00,10137.69609204348,0,20
2017-12-04,10153.05,10154.75,10146.85,10147.15,10:55:00,10139.158368991722,0,21
2017-12-04,10152.55,10154.45,10151.45,10152.2,11:00:00,10140.433762421082,0,22
2017-12-04,10146.6,10155.25,10143.25,10152.2,11:05:00,10141.021023142885,0,23
2017-12-04,10142.35,10146.8,10141.4,10146.0,11:10:00,10141.147592367372,0,24
2017-12-04,10150.6,10151.15,10141.95,10141.95,11:15:00,10142.047821665716,0,25
2017-12-04,10160.3,10160.65,10149.0,10150.05,11:20:00,10143.78612436422,0,26
2017-12-04,10156.95,10160.45,10155.85,10159.35,11:25:00,10145.039826805723,0,27
2017-12-04,10157.65,10160.7,10156.2,10156.7,11:30:00,10146.240795681368,0,28
2017-12-04,10151.25,10158.5,10147.05,10158.3,11:35:00,10146.717862759331,0,29
2017-12-04,10153.05,10155.95,10148.0,10150.35,11:40:00,10147.32092344892,0,30
2017-12-04,10151.65,10153.4,10150.05,10152.6,11:45:00,10147.733216453786,0,31
2017-12-04,10143.35,10152.6,10142.55,10150.9,11:50:00,10147.31576726771,0,32
2017-12-04,10145.8,10146.9,10142.3,10143.1,11:55:00,10147.171408480308,0,33
2017-12-04,10149.55,10149.85,10145.15,10145.2,12:00:00,10147.397941005993,0,34
2017-12-04,10156.45,10156.45,10148.55,10149.65,12:05:00,10148.260041862564,0,35
2017-12-04,10154.9,10155.85,10152.7,10155.35,12:10:00,10148.892418828034,0,36
2017-12-04,10155.7,10156.0,10151.5,10154.35,12:15:00,10149.540759892032,0,37
2017-12-04,10152.15,10156.9,10151.15,10154.95,12:20:00,10149.789258949932,0,38
2017-12-04,10150.6,10155.05,10148.3,10151.45,12:25:00,10149.866472383274,0,39
2017-12-04,10151.75,10153.1,10149.95,10150.55,12:30:00,10150.04585596582,0,40
2017-12-04,10149.4,10153.1,10148.1,10151.6,12:35:00,10149.984345873838,0,41
2017-12-04,10145.3,10149.35,10145.0,10148.95,12:40:00,10149.538217695375,0,42
2017-12-04,10147.85,10149.2,10143.4,10144.8,12:45:00,10149.377435057722,0,43
2017-12-04,10150.4,10151.7,10147.2,10147.2,12:50:00,10149.474822195083,0,44
2017-12-04,10159.3,10159.3,10149.2,10150.25,12:55:00,10150.410553414598,0,45
2017-12-04,10156.9,10161.9,10154.05,10159.45,13:00:00,10151.028595946542,0,46
2017-12-04,10151.3,10156.6,10148.95,10156.15,13:05:00,10151.054443951632,0,47
2017-12-04,10155.85,10158.45,10150.25,10150.9,13:10:00,10151.511163575287,0,48
2017-12-04,10156.3,10156.85,10153.35,10155.4,13:15:00,10151.967243234783,0,49
2017-12-04,10157.6,10159.4,10156.05,10156.2,13:20:00,10152.503696260042,0,50
2017-12-04,10159.45,10160.45,10156.65,10156.95,13:25:00,10153.165248997182,0,51
2017-12-04,10159.85,10163.45,10158.25,10159.2,13:30:00,10153.801891949832,0,52
2017-12-04,10147.9,10158.1,10143.85,10158.1,13:35:00,10153.23980700223,0,53
2017-12-04,10146.05,10150.0,10144.2,10147.75,13:40:00,10152.555063478208,0,54
2017-12-04,10148.7,10150.35,10143.75,10145.8,13:45:00,10152.18791457552,0,55
2017-12-04,10135.95,10148.55,10131.0,10148.0,13:50:00,10150.64144652071,0,56
2017-12-04,10126.9,10136.95,10126.0,10135.9,13:55:00,10148.38035637588,0,57
2017-12-04,10127.55,10135.7,10124.25,10127.6,14:00:00,10146.396512911511,0,58
2017-12-04,10131.35,10132.3,10117.25,10127.15,14:05:00,10144.963511681844,0,59
2017-12-04,10135.45,10138.4,10126.35,10130.9,14:10:00,10144.05746295024,0,60
2017-12-04,10137.25,10137.35,10128.55,10134.5,14:15:00,10143.409133145457,0,61
2017-12-04,10138.0,10142.5,10134.6,10137.15,14:20:00,10142.893977607791,0,62
2017-12-04,10135.7,10139.5,10132.2,10138.1,14:25:00,10142.20883688324,0,63
2017-12-04,10129.75,10138.4,10123.85,10135.65,14:30:00,10141.022280989597,0,64
2017-12-04,10134.3,10134.3,10128.05,10129.8,14:35:00,10140.382063752491,0,65
2017-12-04,10131.25,10135.4,10129.4,10133.85,14:40:00,10139.512343395112,0,66
2017-12-04,10115.15,10131.15,10112.0,10130.75,14:45:00,10137.192120214626,0,67
2017-12-04,10115.3,10120.55,10112.9,10114.7,14:50:00,10135.107156384662,0,68
2017-12-04,10126.4,10127.25,10111.2,10115.35,14:55:00,10134.277903395645,0,69
2017-12-04,10126.85,10128.5,10122.4,10124.9,15:00:00,10133.570484024633,0,70
2017-12-04,10128.65,10129.85,10125.7,10126.5,15:05:00,10133.101866498477,0,71
2017-12-04,10123.9,10129.65,10123.9,10129.2,15:10:00,10132.225498260526,0,72
2017-12-04,10125.4,10129.55,10121.05,10124.1,15:15:00,10131.575450807144,0,73
2017-12-04,10131.1,10131.4,10123.15,10125.75,15:20:00,10131.530169777892,0,74
2017-12-04,10137.9,10139.25,10130.95,10131.35,15:25:00,10132.136820275236,0,75
2017-12-05,10118.0,10119.15,10099.45,10117.05,09:15:00,10130.7904564395,1,1
2017-12-05,10106.7,10119.2,10105.4,10117.95,09:20:00,10128.496127254784,1,2
2017-12-05,10086.7,10111.5,10085.75,10107.35,09:25:00,10124.51554370671,1,3
2017-12-05,10085.6,10096.35,10080.75,10086.75,09:30:00,10120.809301448928,1,4
2017-12-05,10071.85,10087.15,10070.95,10085.8,09:35:00,10116.146510834744,1,5
2017-12-05,10078.0,10083.15,10069.1,10071.5,09:40:00,10112.513509802862,1,6
2017-12-05,10083.5,10089.95,10076.0,10078.1,09:45:00,10109.750318393066,1,7
2017-12-05,10089.05,10094.05,10083.8,10083.8,09:50:00,10107.778859498489,1,8
2017-12-05,10081.05,10091.55,10079.55,10089.45,09:55:00,10105.233253831966,1,9
2017-12-05,10082.2,10085.3,10075.9,10081.2,10:00:00,10103.039610609874,1,10
2017-12-05,10089.75,10092.3,10080.2,10082.15,10:05:00,10101.773933408933,1,11
2017-12-05,10092.65,10096.25,10087.5,10090.25,10:10:00,10100.904987369988,1,12
2017-12-05,10097.55,10097.6,10092.6,10092.7,10:15:00,10100.585464763322,1,13
2017-12-05,10103.5,10104.45,10094.6,10095.75,10:20:00,10100.863039547768,1,14
2017-12-05,10100.5,10104.7,10096.4,10103.6,10:25:00,10100.828464352744,1,15
2017-12-05,10099.75,10101.15,10096.9,10100.4,10:30:00,10100.725753462006,1,16
2017-12-05,10096.95,10102.15,10096.65,10099.4,10:35:00,10100.366157894196,1,17
2017-12-05,10089.7,10098.35,10089.7,10096.7,10:40:00,10099.350333332844,1,18
2017-12-05,10096.5,10097.5,10085.1,10089.9,10:45:00,10099.078873015427,1,19
2017-12-05,10098.5,10102.4,10093.85,10096.05,10:50:00,10099.023742252057,1,20
2017-12-05,10096.05,10099.95,10095.15,10098.65,10:55:00,10098.74052870424,1,21
2017-12-05,10095.45,10098.7,10094.2,10096.0,11:00:00,10098.427145018122,1,22
2017-12-05,10096.1,10096.5,10092.3,10095.8,11:05:00,10098.205512159251,1,23
2017-12-05,10093.9,10099.0,10093.4,10096.4,11:10:00,10097.795463382185,1,24
2017-12-05,10093.7,10096.55,10091.5,10094.15,11:15:00,10097.405419250546,1,25
2017-12-05,10098.75,10101.1,10093.4,10094.0,11:20:00,10097.533474560018,1,26
2017-12-05,10089.95,10099.0,10087.2,10098.95,11:25:00,10096.811238887636,1,27
2017-12-05,10091.45,10093.5,10088.95,10090.0,11:30:00,10096.300644707862,1,28
2017-12-05,10082.55,10091.6,10082.3,10088.55,11:35:00,10094.99105949759,1,29
2017-12-05,10088.7,10092.0,10082.35,10082.4,11:40:00,10094.39191097401,1,30
2017-12-05,10089.05,10092.25,10086.55,10088.65,11:45:00,10093.883157547914,1,31
2017-12-05,10089.6,10091.65,10086.05,10089.2,11:50:00,10093.475237781446,1,32
2017-12-05,10091.15,10091.7,10087.7,10089.35,11:55:00,10093.253786564164,1,33
2017-12-05,10092.3,10092.95,10089.35,10091.05,12:00:00,10093.162949748528,1,34
2017-12-05,10093.45,10094.6,10089.25,10092.4,12:05:00,10093.190287867716,1,35
2017-12-05,10095.45,10096.55,10092.1,10093.55,12:10:00,10093.40549854698,1,36
2017-12-05,10096.5,10097.25,10091.9,10095.5,12:15:00,10093.700212971078,1,37
2017-12-05,10097.1,10097.75,10094.8,10096.4,12:20:00,10094.024002211929,1,38
2017-12-05,10099.0,10100.85,10095.0,10097.3,12:25:00,10094.497906763172,1,39
2017-12-05,10097.2,10099.75,10092.7,10098.6,12:30:00,10094.755248976204,1,40
2017-12-05,10096.7,10099.55,10093.7,10097.45,12:35:00,10094.940463359422,1,41
2017-12-05,10095.1,10097.1,10093.35,10096.55,12:40:00,10094.95565732519,1,42
2017-12-05,10086.15,10095.4,10083.6,10095.05,12:45:00,10094.11702329422,1,43
2017-12-05,10092.1,10092.75,10084.45,10085.7,12:50:00,10093.924925837628,1,44
2017-12-05,10087.8,10092.2,10086.75,10091.8,12:55:00,10093.341599567377,1,45
2017-12-05,10085.85,10087.85,10084.95,10087.7,13:00:00,10092.628113894292,1,46
2017-12-05,10084.6,10090.25,10077.7,10085.65,13:05:00,10091.863531618645,1,47
2017-12-05,10085.95,10089.5,10083.3,10084.45,13:10:00,10091.300338131156,1,48
2017-12-05,10081.95,10087.15,10081.7,10085.5,13:15:00,10090.409829737711,1,49
2017-12-05,10080.35,10082.6,10074.15,10082.0,13:20:00,10089.451750715074,1,50
2017-12-05,10089.5,10090.05,10079.95,10080.4,13:25:00,10089.456345885066,1,51
2017-12-05,10096.45,10097.35,10088.65,10089.35,13:30:00,10090.122408181727,1,52
2017-12-05,10096.3,10096.8,10092.6,10096.8,13:35:00,10090.710750259655,1,53
2017-12-05,10101.35,10101.45,10092.45,10096.25,13:40:00,10091.72401213969,1,54
2017-12-05,10104.45,10107.6,10101.4,10101.5,13:45:00,10092.936010983529,1,55
2017-12-05,10110.1,10113.95,10104.6,10104.65,13:50:00,10094.570676604146,1,56
2017-12-05,10114.8,10117.95,10104.7,10109.95,13:55:00,10096.49727883232,1,57
2017-12-05,10120.35,10124.6,10113.05,10115.25,14:00:00,10098.768966562577,1,58
2017-12-05,10123.5,10124.45,10118.15,10120.1,14:05:00,10101.124303080427,1,59
2017-12-05,10124.65,10124.65,10116.7,10123.85,14:10:00,10103.364845644195,1,60
2017-12-05,10132.4,10135.0,10125.05,10125.55,14:15:00,10106.130098439986,1,61
2017-12-05,10135.75,10147.95,10132.75,10132.75,14:20:00,10108.9510414457,1,62
2017-12-05,10127.95,10136.35,10126.65,10135.9,14:25:00,10110.76046606992,1,63
2017-12-05,10138.05,10139.7,10125.8,10127.6,14:30:00,10113.359469301357,1,64
2017-12-05,10136.85,10142.15,10135.05,10138.1,14:35:00,10115.596662701228,1,65
2017-12-05,10138.9,10139.75,10133.1,10137.0,14:40:00,10117.816028158251,1,66
2017-12-05,10122.8,10139.5,10122.65,10138.85,14:45:00,10118.290692143182,1,67
2017-12-05,10131.1,10131.8,10120.6,10122.9,14:50:00,10119.510626224785,1,68
2017-12-05,10128.6,10131.1,10125.5,10130.7,14:55:00,10120.376280870045,1,69
2017-12-05,10120.85,10128.15,10117.8,10128.15,15:00:00,10120.421396977656,1,70
2017-12-05,10124.25,10125.0,10120.1,10120.55,15:05:00,10120.78602583693,1,71
2017-12-05,10114.95,10125.75,10114.25,10124.6,15:10:00,10120.23021385246,1,72
2017-12-05,10114.65,10119.9,10113.4,10115.15,15:15:00,10119.69876491413,1,73
2017-12-05,10115.25,10117.95,10112.35,10115.0,15:20:00,10119.275073017548,1,74
2017-12-05,10121.5,10122.15,10114.9,10114.9,15:25:00,10119.4869708254,1,75
2017-12-06,10086.15,10091.9,10079.1,10088.1,09:15:00,10116.312021222982,2,1
2017-12-06,10088.45,10091.65,10076.3,10086.35,09:20:00,10113.65849539222,2,2
2017-12-06,10095.25,10098.2,10084.65,10088.6,09:25:00,10111.905305354869,2,3
2017-12-06,10093.75,10097.45,10087.85,10095.4,09:30:00,10110.176228654402,2,4
2017-12-06,10095.95,10098.65,10092.8,10093.35,09:35:00,10108.821349734935,2,5
2017-12-06,10101.65,10104.2,10096.35,10096.35,09:40:00,10108.138364045892,2,6
2017-12-06,10094.7,10102.7,10091.8,10101.6,09:45:00,10106.858519851046,2,7
2017-12-06,10088.9,10098.1,10088.5,10094.6,09:50:00,10105.148184627138,2,8
2017-12-06,10083.7,10089.6,10083.55,10088.35,09:55:00,10103.105500376934,2,9
2017-12-06,10078.85,10089.2,10078.85,10083.95,10:00:00,10100.795452721988,2,10
2017-12-06,10084.95,10087.65,10074.45,10078.6,10:05:00,10099.286361986562,2,11
2017-12-06,10086.95,10090.1,10084.6,10085.0,10:10:00,10098.111470368794,2,12
2017-12-06,10093.2,10094.3,10086.25,10086.75,10:15:00,10097.643711286051,2,13
2017-12-06,10093.2,10094.9,10090.05,10093.45,10:20:00,10097.22050068738,2,14
2017-12-06,10088.65,10093.05,10085.1,10093.05,10:25:00,10096.404262526676,2,15
2017-12-06,10086.3,10089.05,10084.6,10089.05,10:30:00,10095.441951809851,2,16
2017-12-06,10085.9,10087.5,10082.9,10086.4,10:35:00,10094.533194494628,2,17
2017-12-06,10084.9,10086.65,10081.75,10086.1,10:40:00,10093.6157473999,2,18
2017-12-06,10082.85,10085.3,10082.5,10085.05,10:45:00,10092.59043812372,2,19
2017-12-06,10084.7,10085.4,10082.75,10083.2,10:50:00,10091.838967826225,2,20
2017-12-06,10087.15,10089.9,10084.9,10085.0,10:55:00,10091.39239946182,2,21
2017-12-06,10089.65,10090.6,10086.4,10087.1,11:00:00,10091.226456655932,2,22
2017-12-06,10088.4,10090.6,10087.45,10089.45,11:05:00,10090.957270307748,2,23
2017-12-06,10088.95,10089.45,10086.35,10088.85,11:10:00,10090.76610170701,2,24
2017-12-06,10087.75,10089.15,10084.95,10088.8,11:15:00,10090.47885392539,2,25
2017-12-06,10086.05,10090.45,10085.55,10087.95,11:20:00,10090.057058313449,2,26
2017-12-06,10077.9,10086.55,10077.9,10086.3,11:25:00,10088.899243235976,2,27
2017-12-06,10078.3,10082.6,10075.2,10077.7,11:30:00,10087.889791499218,2,28
2017-12-06,10073.4,10082.95,10070.15,10078.75,11:35:00,10086.509811356436,2,29
2017-12-06,10072.3,10076.25,10070.55,10073.45,11:40:00,10085.156495989157,2,30
2017-12-06,10057.8,10073.3,10056.3,10072.05,11:45:00,10082.55111541876,2,31
2017-12-06,10053.2,10060.75,10051.6,10057.5,11:50:00,10079.755771093163,2,32
2017-12-06,10063.05,10065.85,10053.15,10053.15,11:55:00,10078.164745274767,2,33
2017-12-06,10066.35,10068.25,10058.85,10063.1,12:00:00,10077.039531439075,2,34
2017-12-06,10067.1,10072.8,10065.8,10066.8,12:05:00,10076.09290939726,2,35
2017-12-06,10072.15,10072.65,10066.55,10066.55,12:10:00,10075.717394216568,2,36
2017-12-06,10070.15,10073.25,10068.85,10072.45,12:15:00,10075.18716619594,2,37
2017-12-06,10068.25,10070.75,10065.45,10070.3,12:20:00,10074.52648370109,2,38
2017-12-06,10070.95,10072.95,10067.25,10068.0,12:25:00,10074.185866205748,2,39
2017-12-06,10070.2,10073.45,10068.6,10071.05,12:30:00,10073.80625990044,2,40
2017-12-06,10065.65,10072.5,10065.35,10070.4,12:35:00,10073.029473243254,2,41
2017-12-06,10067.35,10067.75,10065.15,10065.85,12:40:00,10072.48857102961,2,42
2017-12-06,10071.35,10072.0,10064.65,10067.55,12:45:00,10072.380135693456,2,43
2017-12-06,10067.55,10073.1,10066.9,10071.25,12:50:00,10071.920122770269,2,44
2017-12-06,10067.7,10068.85,10067.0,10067.65,12:55:00,10071.518206315955,2,45
2017-12-06,10066.6,10068.9,10063.55,10067.8,13:00:00,10071.049805714438,2,46
2017-12-06,10065.95,10069.4,10065.65,10066.65,13:05:00,10070.56410993211,2,47
2017-12-06,10063.75,10066.75,10061.5,10065.9,13:10:00,10069.915147081432,2,48
2017-12-06,10059.6,10063.8,10058.95,10063.8,13:15:00,10068.932752121294,2,49
2017-12-06,10070.1,10071.0,10058.95,10059.45,13:20:00,10069.043918585932,2,50
2017-12-06,10072.9,10073.1,10067.05,10070.05,13:25:00,10069.411164434892,2,51
2017-12-06,10067.85,10072.75,10065.45,10072.7,13:30:00,10069.26248210776,2,52
2017-12-06,10065.25,10067.9,10062.4,10067.55,13:35:00,10068.880340954642,2,53
2017-12-06,10064.45,10065.15,10058.7,10064.95,13:40:00,10068.458403720866,2,54
2017-12-06,10061.8,10066.1,10060.75,10064.2,13:45:00,10067.824270033165,2,55
2017-12-06,10070.2,10071.4,10061.7,10061.9,13:50:00,10068.050530030006,2,56
2017-12-06,10072.7,10073.55,10067.55,10069.85,13:55:00,10068.493336693817,2,57
2017-12-06,10067.15,10073.25,10065.3,10072.6,14:00:00,10068.365399865832,2,58
2017-12-06,10066.45,10067.0,10062.5,10066.95,14:05:00,10068.182980830992,2,59
2017-12-06,10069.4,10070.6,10066.05,10066.55,14:10:00,10068.298887418518,2,60
2017-12-06,10064.4,10070.1,10063.4,10069.75,14:15:00,10067.92756480723,2,61
2017-12-06,10056.75,10065.3,10056.35,10064.55,14:20:00,10066.86303482559,2,62
2017-12-06,10066.5,10066.85,10053.6,10056.55,14:25:00,10066.828460080296,2,63
2017-12-06,10076.9,10076.9,10039.55,10068.9,14:30:00,10067.787654358364,2,64
2017-12-06,10052.4,10077.8,10050.5,10077.8,14:35:00,10066.322163467092,2,65
2017-12-06,10045.85,10055.3,10033.35,10053.25,14:40:00,10064.372433613084,2,66
2017-12-06,10049.0,10056.5,10044.65,10046.6,14:45:00,10062.908392316598,2,67
2017-12-06,10056.0,10059.2,10049.65,10049.8,14:50:00,10062.250450191208,2,68
2017-12-06,10050.5,10058.6,10049.25,10056.8,14:55:00,10061.131359696808,2,69
2017-12-06,10039.9,10053.45,10034.05,10050.6,15:00:00,10059.109325439968,2,70
2017-12-06,10040.15,10047.3,10037.3,10040.25,15:05:00,10057.303675398069,2,71
2017-12-06,10043.05,10045.75,10035.8,10040.05,15:10:00,10055.946182503014,2,72
2017-12-06,10049.6,10049.6,10036.7,10042.9,15:15:00,10055.341784169394,2,73
2017-12-06,10050.0,10052.8,10045.1,10049.55,15:20:00,10054.833042819928,2,74
2017-12-06,10040.65,10049.45,10039.15,10049.45,15:25:00,10053.482276837078,2,75
2017-12-07,10065.2,10079.55,10061.9,10068.65,09:15:00,10054.598250471645,3,1
2017-12-07,10072.55,10072.55,10063.0,10066.0,09:20:00,10056.307940902914,3,2
2017-12-07,10074.55,10079.15,10070.0,10073.35,09:25:00,10058.045279864542,3,3
2017-12-07,10088.9,10091.65,10074.85,10074.85,09:30:00,10060.983824639348,3,4
2017-12-07,10093.25,10095.2,10088.0,10088.95,09:35:00,10064.056793721316,3,5
2017-12-07,10087.15,10097.5,10086.15,10093.1,09:40:00,10066.256146700236,3,6
2017-12-07,10090.95,10096.15,10087.7,10087.7,09:45:00,10068.607942252596,3,7
2017-12-07,10097.2,10098.0,10089.8,10090.75,09:50:00,10071.330995371394,3,8
2017-12-07,10099.7,10104.85,10097.3,10097.3,09:55:00,10074.032805336024,3,9
2017-12-07,10092.7,10100.15,10091.1,10100.05,10:00:00,10075.81063339926,3,10
2017-12-07,10087.4,10094.6,10085.15,10092.8,10:05:00,10076.91438259933,3,11
2017-12-07,10088.35,10093.85,10087.25,10087.25,10:10:00,10078.003489018442,3,12
2017-12-07,10093.75,10094.05,10087.8,10088.25,10:15:00,10079.50315673097,3,13
2017-12-07,10093.75,10094.2,10090.2,10093.7,10:20:00,10080.859998947068,3,14
2017-12-07,10096.5,10098.15,10093.65,10093.85,10:25:00,10082.349522856872,3,15
2017-12-07,10097.85,10102.05,10096.35,10096.45,10:30:00,10083.825758775263,3,16
2017-12-07,10111.05,10111.05,10096.55,10097.9,10:35:00,10086.418543653812,3,17
2017-12-07,10110.2,10114.65,10109.9,10110.2,10:40:00,10088.683444258211,3,18
2017-12-07,10114.7,10115.4,10109.55,10110.1,10:45:00,10091.161211471714,3,19
2017-12-07,10118.7,10121.3,10114.45,10114.65,10:50:00,10093.783953236314,3,20
2017-12-07,10113.7,10119.25,10111.65,10118.55,10:55:00,10095.68071959476,3,21
2017-12-07,10116.45,10117.05,10110.25,10114.0,11:00:00,10097.65874630002,3,22
2017-12-07,10127.0,10127.65,10116.2,10116.65,11:05:00,10100.453151414304,3,23
2017-12-07,10127.1,10128.35,10122.6,10126.8,11:10:00,10102.990946517706,3,24
2017-12-07,10122.8,10128.15,10121.0,10127.4,11:15:00,10104.87752303983,3,25
2017-12-07,10123.35,10126.1,10122.25,10122.55,11:20:00,10106.636806559844,3,26
2017-12-07,10119.9,10123.7,10119.25,10123.1,11:25:00,10107.89996783986,3,27
2017-12-07,10125.35,10125.7,10119.7,10119.85,11:30:00,10109.561875664636,3,28
2017-12-07,10123.75,10126.7,10121.25,10125.55,11:35:00,10110.913125601335,3,29
2017-12-07,10123.85,10126.1,10123.15,10123.7,11:40:00,10112.1452088774,3,30
2017-12-07,10118.5,10124.4,10117.85,10123.45,11:45:00,10112.750427079553,3,31
2017-12-07,10116.55,10118.7,10115.85,10117.7,11:50:00,10113.112291167214,3,32
2017-12-07,10115.25,10119.25,10115.1,10116.4,11:55:00,10113.31588248462,3,33
2017-12-07,10108.85,10115.75,10106.0,10115.5,12:00:00,10112.890560343229,3,34
2017-12-07,10103.1,10109.2,10103.1,10109.1,12:05:00,10111.958126024829,3,35
2017-12-07,10103.2,10104.45,10101.05,10102.85,12:10:00,10111.124018784369,3,36
2017-12-07,10104.3,10106.95,10101.3,10102.6,12:15:00,10110.474112233476,3,37
2017-12-07,10103.65,10105.5,10101.4,10103.4,12:20:00,10109.824196782669,3,38
2017-12-07,10105.75,10109.3,10103.45,10103.45,12:25:00,10109.436178041464,3,39
2017-12-07,10109.65,10110.75,10103.05,10105.95,12:30:00,10109.456542037517,3,40
2017-12-07,10113.05,10115.35,10108.7,10109.45,12:35:00,10109.79877612918,3,41
2017-12-07,10109.2,10113.05,10108.3,10112.2,12:40:00,10109.741749831162,3,42
2017-12-07,10113.55,10113.65,10106.95,10108.45,12:45:00,10110.104440323434,3,43
2017-12-07,10112.45,10114.95,10111.4,10112.85,12:50:00,10110.327826959296,3,44
2017-12-07,10114.65,10116.0,10111.75,10111.9,12:55:00,10110.739462486985,3,45
2017-12-07,10111.7,10115.0,10110.65,10114.05,13:00:00,10110.830942250128,3,46
2017-12-07,10113.1,10114.0,10110.8,10111.4,13:05:00,10111.04704298821,3,47
2017-12-07,10110.65,10114.75,10109.65,10113.0,13:10:00,10111.009229370284,3,48
2017-12-07,10113.65,10114.15,10109.9,10110.6,13:15:00,10111.26073133502,3,49
2017-12-07,10117.05,10119.65,10113.5,10113.5,13:20:00,10111.812090255497,3,50
2017-12-07,10118.45,10119.3,10115.25,10116.55,13:25:00,10112.444272135925,3,51
2017-12-07,10116.45,10119.25,10115.9,10118.05,13:30:00,10112.82577002774,3,52
2017-12-07,10120.35,10120.5,10113.25,10116.4,13:35:00,10113.542363358432,3,53
2017-12-07,10123.65,10124.55,10119.3,10119.95,13:40:00,10114.504995419533,3,54
2017-12-07,10128.05,10133.0,10123.6,10123.6,13:45:00,10115.79499585577,3,55
2017-12-07,10128.75,10132.05,10125.3,10127.8,13:50:00,10117.028805774267,3,56
2017-12-07,10127.35,10129.0,10124.55,10128.7,13:55:00,10118.01177665291,3,57
2017-12-07,10130.35,10131.9,10127.15,10127.3,14:00:00,10119.186845543109,3,58
2017-12-07,10130.45,10134.65,10128.85,10130.05,14:05:00,10120.259526919956,3,59
2017-12-07,10128.75,10131.35,10127.25,10130.25,14:10:00,10121.068143403769,3,60
2017-12-07,10140.5,10143.55,10127.8,10128.2,14:15:00,10122.918796412934,3,61
2017-12-07,10138.3,10141.0,10136.5,10140.0,14:20:00,10124.383672945036,3,62
2017-12-07,10142.2,10146.65,10137.9,10137.9,14:25:00,10126.08046599789,3,63
2017-12-07,10145.55,10151.1,10141.65,10141.95,14:30:00,10127.934707331424,3,64
2017-12-07,10147.7,10147.8,10141.75,10145.5,14:35:00,10129.817116157004,3,65
2017-12-07,10143.55,10148.35,10140.55,10147.3,14:40:00,10131.125009856334,3,66
2017-12-07,10147.2,10148.7,10138.0,10143.45,14:45:00,10132.655961298587,3,67
2017-12-07,10152.85,10154.5,10143.55,10147.1,14:50:00,10134.579203079673,3,68
2017-12-07,10143.05,10153.85,10142.3,10153.35,14:55:00,10135.385945643511,3,69
2017-12-07,10147.9,10150.15,10142.4,10142.55,15:00:00,10136.577760344131,3,70
2017-12-07,10158.2,10158.45,10146.7,10148.05,15:05:00,10138.63702126374,3,71
2017-12-07,10173.8,10175.0,10158.3,10158.8,15:10:00,10141.985876381475,3,72
2017-12-07,10171.35,10182.65,10171.3,10174.05,15:15:00,10144.782459583244,3,73
2017-12-07,10170.35,10175.85,10169.4,10171.95,15:20:00,10147.217463432458,3,74
2017-12-07,10175.8,10175.8,10168.6,10170.65,15:25:00,10149.939609772224,3,75
2017-12-08,10220.1,10220.95,10195.25,10198.15,09:15:00,10156.62155169868,4,1
2017-12-08,10219.2,10227.35,10217.25,10220.2,09:20:00,10162.581403917851,4,2
2017-12-08,10220.55,10222.15,10215.6,10220.45,09:25:00,10168.102222592344,4,3
2017-12-08,10217.0,10221.85,10213.85,10220.9,09:30:00,10172.759153774025,4,4
2017-12-08,10218.0,10220.75,10212.0,10217.1,09:35:00,10177.067805795545,4,5
2017-12-08,10228.45,10228.8,10216.65,10217.65,09:40:00,10181.96134810073,4,6
2017-12-08,10231.15,10233.7,10227.55,10228.6,09:45:00,10186.645981614947,4,7
2017-12-08,10231.55,10234.15,10226.85,10230.85,09:50:00,10190.922554794475,4,8
2017-12-08,10231.0,10235.95,10230.2,10231.3,09:55:00,10194.739454337858,4,9
2017-12-08,10228.15,10231.25,10226.1,10230.85,10:00:00,10197.921411067586,4,10
2017-12-08,10236.05,10237.05,10227.75,10228.05,10:05:00,10201.552705251626,4,11
2017-12-08,10238.95,10241.0,10234.5,10236.15,10:10:00,10205.11435237052,4,12
2017-12-08,10246.75,10247.85,10237.6,10238.85,10:15:00,10209.079652144756,4,13
2017-12-08,10246.1,10248.25,10242.15,10246.5,10:20:00,10212.60539955954,4,14
2017-12-08,10243.7,10246.5,10241.2,10246.25,10:25:00,10215.56679007768,4,15
2017-12-08,10246.45,10247.1,10242.8,10243.6,10:30:00,10218.50804816552,4,16
2017-12-08,10238.55,10246.5,10237.75,10246.5,10:35:00,10220.41680548309,4,17
2017-12-08,10240.75,10241.6,10238.6,10238.85,10:40:00,10222.353300198984,4,18
2017-12-08,10244.5,10245.0,10239.95,10240.65,10:45:00,10224.462509703844,4,19
2017-12-08,10248.5,10249.55,10243.15,10244.3,10:50:00,10226.751794493954,4,20
2017-12-08,10247.3,10251.2,10247.0,10248.3,10:55:00,10228.708766446907,4,21
2017-12-08,10252.6,10253.05,10246.9,10247.55,11:00:00,10230.984122023394,4,22
2017-12-08,10254.35,10254.85,10249.7,10251.85,11:05:00,10233.209443735452,4,23
2017-12-08,10255.35,10256.8,10253.45,10254.15,11:10:00,10235.3180681416,4,24
2017-12-08,10250.7,10257.6,10250.55,10256.0,11:15:00,10236.783014032875,4,25
2017-12-08,10251.75,10254.25,10250.65,10250.9,11:20:00,10238.20844126784,4,26
2017-12-08,10254.3,10255.1,10250.4,10251.65,11:25:00,10239.740970670902,4,27
2017-12-08,10257.85,10259.25,10253.65,10253.9,11:30:00,10241.465640130817,4,28
2017-12-08,10258.6,10261.2,10255.35,10258.0,11:35:00,10243.097483927882,4,29
2017-12-08,10259.15,10260.45,10258.05,10258.4,11:40:00,10244.626294982369,4,30
2017-12-08,10253.25,10259.6,10251.95,10259.05,11:45:00,10245.447600222144,4,31
2017-12-08,10254.4,10254.7,10249.5,10253.55,11:50:00,10246.300209724795,4,32
2017-12-08,10250.05,10255.1,10249.0,10254.45,11:55:00,10246.657332608149,4,33
2017-12-08,10245.5,10249.55,10243.9,10249.35,12:00:00,10246.547110454992,4,34
2017-12-08,10242.4,10247.55,10240.5,10245.4,12:05:00,10246.152147554518,4,35
2017-12-08,10248.45,10249.2,10241.75,10242.1,12:10:00,10246.370990644564,4,36
2017-12-08,10250.7,10251.8,10246.7,10248.5,12:15:00,10246.783277249844,4,37
2017-12-08,10255.35,10255.45,10249.65,10250.55,12:20:00,10247.599155607002,4,38
2017-12-08,10254.9,10257.4,10252.55,10255.8,12:25:00,10248.29447412062,4,39
2017-12-08,10255.3,10256.85,10254.3,10255.05,12:30:00,10248.961667061514,4,40
2017-12-08,10257.6,10259.15,10254.55,10255.05,12:35:00,10249.784365436608,4,41
2017-12-08,10256.3,10258.5,10253.3,10257.45,12:40:00,10250.404902061691,4,42
2017-12-08,10252.4,10256.35,10249.1,10256.0,12:45:00,10250.594911389151,4,43
2017-12-08,10251.15,10252.55,10249.6,10252.3,12:50:00,10250.647776971136,4,44
2017-12-08,10254.5,10254.5,10248.6,10250.6,12:55:00,10251.014655354838,4,45
2017-12-08,10242.95,10254.55,10242.6,10253.95,13:00:00,10250.246592940091,4,46
2017-12-08,10244.45,10248.15,10238.4,10243.1,13:05:00,10249.694536469606,4,47
2017-12-08,10245.7,10246.95,10242.1,10244.35,13:10:00,10249.31410442488,4,48
2017-12-08,10237.1,10246.8,10233.85,10245.9,13:15:00,10248.150856384416,4,49
2017-12-08,10242.95,10243.55,10236.7,10236.7,13:20:00,10247.655536728758,4,50
2017-12-08,10248.9,10249.15,10243.1,10243.1,13:25:00,10247.774057040306,4,51
2017-12-08,10247.25,10249.25,10241.65,10249.2,13:30:00,10247.72414684599,4,52
2017-12-08,10249.05,10252.8,10247.0,10247.6,13:35:00,10247.850418574944,4,53
2017-12-08,10249.9,10252.65,10248.5,10249.0,13:40:00,10248.0456168059,4,54
2017-12-08,10248.5,10254.55,10248.2,10250.2,13:45:00,10248.088891395815,4,55
2017-12-08,10260.15,10261.4,10248.3,10248.3,13:50:00,10249.237568405735,4,56
2017-12-08,10257.65,10261.1,10254.6,10260.85,13:55:00,10250.038752367094,4,57
2017-12-08,10262.9,10264.5,10257.4,10257.9,14:00:00,10251.263633094037,4,58
2017-12-08,10262.4,10263.45,10258.9,10262.7,14:05:00,10252.324239466034,4,59
2017-12-08,10263.65,10266.6,10262.25,10262.45,14:10:00,10253.402883326413,4,60
2017-12-08,10264.35,10265.55,10260.55,10263.35,14:15:00,10254.445465866753,4,61
2017-12-08,10267.05,10267.7,10261.7,10264.4,14:20:00,10255.645897688966,4,62
2017-12-08,10268.35,10270.85,10264.75,10267.3,14:25:00,10256.85581219478,4,63
2017-12-08,10256.7,10269.35,10256.45,10268.7,14:30:00,10256.840972938136,4,64
2017-12-08,10259.35,10260.35,10252.15,10256.6,14:35:00,10257.079927896408,4,65
2017-12-08,10262.9,10264.8,10258.65,10259.5,14:40:00,10257.6342204777,4,66
2017-12-08,10261.4,10264.75,10260.8,10262.7,14:45:00,10257.992866146493,4,67
2017-12-08,10266.35,10266.45,10258.9,10261.7,14:50:00,10258.78878365635,4,68
2017-12-08,10266.45,10268.05,10263.35,10266.05,14:55:00,10259.518423308124,4,69
2017-12-08,10264.55,10270.75,10263.6,10266.4,15:00:00,10259.997621088303,4,70
2017-12-08,10259.65,10265.6,10259.1,10264.7,15:05:00,10259.964514317991,4,71
2017-12-08,10263.6,10264.25,10259.05,10259.7,15:10:00,10260.310751049612,4,72
2017-12-08,10267.05,10268.65,10260.4,10263.2,15:15:00,10260.95258428298,4,73
2017-12-08,10269.8,10270.45,10264.05,10267.15,15:20:00,10261.79519530365,4,74
2017-12-08,10267.55,10270.75,10266.4,10269.6,15:25:00,10262.343271941398,4,75
2017-12-11,10304.3,10311.8,10298.95,10304.55,09:15:00,10266.339150804122,0,1
2017-12-11,10299.05,10306.85,10296.4,10304.5,09:20:00,10269.45446977516,0,2
2017-12-11,10320.45,10320.45,10298.55,10299.0,09:25:00,10274.311186939429,0,3
2017-12-11,10316.55,10321.05,10313.3,10320.15,09:30:00,10278.333931040435,0,4
2017-12-11,10311.3,10318.55,10310.0,10316.6,09:35:00,10281.473556655632,0,5
2017-12-11,10310.2,10314.8,10309.0,10311.1,09:40:00,10284.209408402714,0,6
2017-12-11,10313.6,10314.1,10309.35,10310.55,09:45:00,10287.00851236436,0,7
2017-12-11,10320.95,10322.0,10313.3,10313.8,09:50:00,10290.241034996328,0,8
2017-12-11,10319.6,10322.35,10319.15,10320.9,09:55:00,10293.03712690144,0,9
2017-12-11,10318.9,10322.4,10317.75,10319.35,10:00:00,10295.500257672731,0,10
2017-12-11,10316.5,10319.7,10316.5,10318.6,10:05:00,10297.50023313247,0,11
2017-12-11,10311.5,10317.5,10310.45,10317.5,10:10:00,10298.83354426271,0,12
2017-12-11,10308.9,10314.1,10308.9,10311.4,10:15:00,10299.792254332928,0,13
2017-12-11,10312.95,10313.7,10306.9,10309.1,10:20:00,10301.045372967888,0,14
2017-12-11,10311.85,10314.65,10311.75,10313.0,10:25:00,10302.074385066186,0,15
2017-12-11,10307.7,10313.1,10307.7,10312.1,10:30:00,10302.610157917024,0,16
2017-12-11,10305.8,10309.5,10305.6,10308.0,10:35:00,10302.913952401115,0,17
2017-12-11,10302.5,10306.95,10302.2,10306.25,10:40:00,10302.874528362914,0,18
2017-12-11,10292.85,10302.65,10285.7,10302.65,10:45:00,10301.91981137597,0,19
2017-12-11,10291.9,10299.2,10291.6,10292.6,10:50:00,10300.965543625876,0,20
2017-12-11,10294.25,10294.65,10290.25,10291.45,10:55:00,10300.32596804246,0,21
2017-12-11,10294.45,10295.3,10289.9,10294.8,11:00:00,10299.766352038416,0,22
2017-12-11,10297.65,10302.1,10294.25,10294.3,11:05:00,10299.564794701424,0,23
2017-12-11,10303.55,10306.05,10297.8,10297.8,11:10:00,10299.944338063193,0,24
2017-12-11,10301.75,10305.6,10299.4,10304.1,11:15:00,10300.1163058667,0,25
2017-12-11,10302.8,10306.4,10302.05,10302.15,11:20:00,10300.371895784156,0,26
2017-12-11,10297.85,10304.1,10296.3,10302.1,11:25:00,10300.131715233283,0,27
2017-12-11,10294.9,10301.05,10292.75,10297.9,11:30:00,10299.63345663964,0,28
2017-12-11,10289.3,10295.4,10288.65,10294.85,11:35:00,10298.649317912055,0,29
2017-12-11,10295.0,10295.35,10288.25,10289.25,11:40:00,10298.301763825191,0,30
2017-12-11,10296.2,10300.65,10294.75,10294.8,11:45:00,10298.10159584184,0,31
2017-12-11,10292.8,10297.8,10292.5,10296.1,11:50:00,10297.596681952142,0,32
2017-12-11,10297.85,10297.95,10291.95,10293.15,11:55:00,10297.620807480507,0,33
2017-12-11,10295.25,10298.1,10293.8,10298.05,12:00:00,10297.39501629189,0,34
2017-12-11,10291.45,10295.4,10289.6,10295.1,12:05:00,10296.82882426409,0,35
2017-12-11,10288.05,10293.25,10287.3,10291.5,12:10:00,10295.992745762747,0,36
2017-12-11,10287.9,10289.75,10284.95,10288.15,12:15:00,10295.222008071056,0,37
2017-12-11,10288.8,10291.0,10287.2,10287.7,12:20:00,10294.610388254763,0,38
2017-12-11,10284.45,10291.3,10282.05,10288.9,12:25:00,10293.642732230504,0,39
2017-12-11,10287.8,10289.0,10283.0,10284.8,12:30:00,10293.086281541882,0,40
2017-12-11,10287.35,10289.75,10284.8,10287.9,12:35:00,10292.539969014084,0,41
2017-12-11,10291.55,10292.85,10287.05,10287.55,12:40:00,10292.445686250838,0,42
2017-12-11,10295.4,10296.35,10290.95,10291.45,12:45:00,10292.727049465044,0,43
2017-12-11,10295.85,10296.25,10292.8,10295.1,12:50:00,10293.024473325517,0,44
2017-12-11,10295.75,10297.45,10294.9,10295.4,12:55:00,10293.284047294514,0,45
2017-12-11,10292.75,10295.9,10292.0,10295.9,13:00:00,10293.233185647416,0,46
2017-12-11,10291.95,10295.15,10291.8,10292.85,13:05:00,10293.11097749052,0,47
2017-12-11,10292.25,10294.75,10291.65,10292.7,13:10:00,10293.02897963428,0,48
2017-12-11,10292.45,10293.4,10289.85,10292.7,13:15:00,10292.97383871673,0,49
2017-12-11,10290.5,10294.65,10289.7,10292.3,13:20:00,10292.738235029425,0,50
2017-12-11,10289.1,10290.95,10285.8,10290.75,13:25:00,10292.39173645519,0,51
2017-12-11,10295.7,10296.3,10288.75,10289.2,13:30:00,10292.706809173744,0,52
2017-12-11,10300.05,10304.4,10295.7,10296.15,13:35:00,10293.406160681006,0,53
2017-12-11,10300.6,10303.5,10298.75,10300.15,13:40:00,10294.091288235197,0,54
2017-12-11,10303.1,10307.4,10300.3,10300.9,13:45:00,10294.949260784226,0,55
2017-12-11,10300.85,10304.45,10300.05,10303.3,13:50:00,10295.511235947632,0,56
2017-12-11,10294.7,10303.5,10293.4,10301.05,13:55:00,10295.433975381193,0,57
2017-12-11,10298.9,10301.85,10294.45,10294.6,14:00:00,10295.764072963935,0,58
2017-12-11,10299.0,10303.55,10298.05,10299.5,14:05:00,10296.07225649118,0,59
2017-12-11,10303.65,10305.45,10297.15,10298.4,14:10:00,10296.793946349162,0,60
2017-12-11,10304.2,10307.45,10303.7,10305.3,14:15:00,10297.4992847921,0,61
2017-12-11,10306.05,10308.1,10302.9,10306.45,14:20:00,10298.313638621425,0,62
2017-12-11,10316.75,10319.0,10305.3,10308.2,14:25:00,10300.06948256224,0,63
2017-12-11,10311.6,10317.45,10311.4,10317.3,14:30:00,10301.167627080122,0,64
2017-12-11,10313.5,10316.95,10312.5,10314.35,14:35:00,10302.342138786777,0,65
2017-12-11,10319.45,10322.45,10313.5,10315.3,14:40:00,10303.97145890232,0,66
2017-12-11,10315.9,10322.0,10314.5,10322.0,14:45:00,10305.107510435431,0,67
2017-12-11,10318.25,10318.6,10314.7,10316.75,14:50:00,10306.35917610825,0,68
2017-12-11,10314.85,10323.15,10314.35,10319.25,14:55:00,10307.167826002702,0,69
2017-12-11,10317.45,10318.35,10314.4,10315.8,15:00:00,10308.147080669112,0,70
2017-12-11,10324.05,10324.05,10317.9,10318.75,15:05:00,10309.661644414911,0,71
2017-12-11,10320.4,10323.25,10317.9,10323.2,15:10:00,10310.684344946823,0,72
2017-12-11,10327.05,10329.2,10319.0,10320.45,15:15:00,10312.242978761413,0,73
2017-12-11,10323.1,10327.35,10322.35,10327.0,15:20:00,10313.276980784136,0,74
2017-12-11,10326.7,10327.9,10323.25,10323.25,15:25:00,10314.5553635666,0,75
2017-12-12,10295.25,10326.1,10291.7,10320.45,09:15:00,10312.71675751264,1,1
2017-12-12,10291.3,10296.85,10290.2,10294.8,09:20:00,10310.67706632096,1,2
2017-12-12,10290.95,10292.95,10283.9,10291.35,09:25:00,10308.798298099917,1,3
2017-12-12,10291.5,10292.6,10285.7,10290.5,09:30:00,10307.15084113802,1,4
2017-12-12,10298.3,10299.6,10289.15,10291.15,09:35:00,10306.30790388678,1,5
2017-12-12,10298.2,10299.75,10291.45,10298.35,09:40:00,10305.53572256423,1,6
2017-12-12,10295.2,10298.95,10292.9,10298.35,09:45:00,10304.551368034305,1,7
2017-12-12,10286.6,10296.1,10286.4,10294.9,09:50:00,10302.841713935795,1,8
2017-12-12,10285.0,10288.85,10278.45,10287.15,09:55:00,10301.142503084768,1,9
2017-12-12,10289.8,10290.9,10280.35,10284.7,10:00:00,10300.062264695742,1,10
2017-12-12,10281.95,10292.25,10281.4,10289.5,10:05:00,10298.33728710567,1,11
2017-12-12,10276.85,10284.4,10274.3,10282.15,10:10:00,10296.290878809892,1,12
2017-12-12,10276.9,10277.45,10272.5,10277.1,10:15:00,10294.444128447043,1,13
2017-12-12,10276.75,10281.45,10276.35,10276.65,10:20:00,10292.758973356851,1,14
2017-12-12,10277.45,10279.85,10274.3,10274.85,10:25:00,10291.300975894294,1,15
2017-12-12,10274.15,10277.5,10271.7,10277.25,10:30:00,10289.667549618647,1,16
2017-12-12,10274.9,10277.3,10273.9,10273.9,10:35:00,10288.261116321632,1,17
2017-12-12,10276.05,10276.4,10272.5,10274.95,10:40:00,10287.098152862429,1,18
2017-12-12,10279.35,10280.15,10275.35,10276.25,10:45:00,10286.360233542198,1,19
2017-12-12,10276.5,10279.8,10275.45,10279.5,10:50:00,10285.421163681038,1,20
2017-12-12,10273.9,10277.4,10273.3,10276.15,10:55:00,10284.32390999713,1,21
2017-12-12,10270.0,10275.95,10269.8,10273.25,11:00:00,10282.959728092645,1,22
2017-12-12,10266.4,10270.5,10265.65,10269.8,11:05:00,10281.38261113144,1,23
2017-12-12,10268.95,10269.35,10264.4,10265.85,11:10:00,10280.198552928445,1,24
2017-12-12,10269.0,10269.9,10266.7,10268.65,11:15:00,10279.132024078115,1,25
2017-12-12,10272.4,10275.9,10268.6,10268.75,11:20:00,10278.490878927822,1,26
2017-12-12,10274.15,10274.4,10269.5,10272.75,11:25:00,10278.077461887076,1,27
2017-12-12,10275.8,10276.1,10271.95,10274.35,11:30:00,10277.860560754974,1,28
2017-12-12,10268.8,10275.9,10267.6,10275.75,11:35:00,10276.997650206882,1,29
2017-12-12,10269.6,10271.35,10267.7,10268.45,11:40:00,10276.29311209194,1,30
2017-12-12,10274.2,10275.65,10268.55,10269.7,11:45:00,10276.093768083185,1,31
2017-12-12,10276.1,10280.1,10273.2,10274.1,11:50:00,10276.09436159907,1,32
2017-12-12,10277.2,10280.35,10275.5,10275.6,11:55:00,10276.199660494398,1,33
2017-12-12,10279.75,10281.25,10276.3,10276.95,12:00:00,10276.53778806636,1,34
2017-12-12,10271.4,10279.9,10271.2,10279.65,12:05:00,10276.048474917185,1,35
2017-12-12,10271.4,10273.1,10269.2,10271.45,12:10:00,10275.605763020309,1,36
2017-12-12,10273.05,10273.6,10270.3,10271.85,12:15:00,10275.362357018374,1,37
2017-12-12,10270.0,10274.1,10268.35,10273.35,12:20:00,10274.851656349958,1,38
2017-12-12,10268.15,10270.15,10266.35,10270.15,12:25:00,10274.213403364249,1,39
2017-12-12,10268.25,10269.45,10265.55,10268.2,12:30:00,10273.6454601867,1,40
2017-12-12,10263.05,10268.55,10261.95,10267.9,12:35:00,10272.636368740346,1,41
2017-12-12,10266.0,10266.7,10261.95,10262.7,12:40:00,10272.00433362222,1,42
2017-12-12,10264.45,10266.95,10263.55,10265.85,12:45:00,10271.284873277247,1,43
2017-12-12,10261.55,10264.65,10259.7,10264.3,12:50:00,10270.357742488935,1,44
2017-12-12,10264.45,10265.3,10261.25,10261.6,12:55:00,10269.795100347135,1,45
2017-12-12,10260.65,10265.35,10260.4,10264.35,13:00:00,10268.924138409311,1,46
2017-12-12,10263.7,10263.95,10259.75,10260.9,13:05:00,10268.42660141795,1,47
2017-12-12,10264.9,10266.15,10263.0,10263.65,13:10:00,10268.09073461624,1,48
2017-12-12,10261.6,10264.7,10260.55,10264.25,13:15:00,10267.472569414693,1,49
2017-12-12,10264.45,10264.95,10258.8,10261.5,13:20:00,10267.184705660911,1,50
2017-12-12,10267.65,10268.75,10263.55,10264.05,13:25:00,10267.229019407492,1,51
2017-12-12,10270.8,10271.25,10266.0,10267.45,13:30:00,10267.569112797257,1,52
2017-12-12,10265.2,10271.2,10263.8,10270.45,13:35:00,10267.34348300704,1,53
2017-12-12,10265.5,10269.95,10263.75,10264.9,13:40:00,10267.167913196845,1,54
2017-12-12,10264.75,10268.7,10264.25,10265.15,13:45:00,10266.937635749528,1,55
2017-12-12,10262.65,10265.85,10261.9,10264.6,13:50:00,10266.529289487667,1,56
2017-12-12,10257.9,10263.6,10256.1,10262.45,13:55:00,10265.707452393604,1,57
2017-12-12,10262.2,10262.4,10255.6,10257.75,14:00:00,10265.3734093085,1,58
2017-12-12,10261.2,10267.95,10261.2,10264.25,14:05:00,10264.975941755309,1,59
2017-12-12,10261.05,10267.1,10261.05,10262.1,14:10:00,10264.602042540517,1,60
2017-12-12,10264.15,10267.8,10259.2,10262.75,14:15:00,10264.558990869991,1,61
2017-12-12,10267.25,10268.4,10262.4,10266.0,14:20:00,10264.815277453805,1,62
2017-12-12,10264.05,10268.65,10263.95,10268.35,14:25:00,10264.742393886774,1,63
2017-12-12,10245.85,10265.05,10244.15,10264.7,14:30:00,10262.94311827851,1,64
2017-12-12,10237.2,10246.9,10230.2,10246.85,14:35:00,10260.491392728176,1,65
2017-12-12,10237.2,10244.15,10234.0,10239.0,14:40:00,10258.273164849305,1,66
2017-12-12,10238.3,10242.05,10234.7,10239.35,14:45:00,10256.37095867318,1,67
2017-12-12,10244.1,10248.55,10238.9,10239.35,14:50:00,10255.2022959424,1,68
2017-12-12,10245.3,10247.15,10242.7,10246.2,14:55:00,10254.259220138363,1,69
2017-12-12,10242.15,10247.75,10240.6,10246.2,15:00:00,10253.105961077566,1,70
2017-12-12,10239.9,10245.7,10239.9,10242.9,15:05:00,10251.848250498751,1,71
2017-12-12,10242.85,10242.85,10236.75,10240.45,15:10:00,10250.991274260776,1,72
2017-12-12,10240.4,10244.6,10238.05,10243.05,15:15:00,10249.982581474034,1,73
2017-12-12,10241.6,10242.55,10238.55,10240.5,15:20:00,10249.18424038127,1,74
2017-12-12,10241.3,10245.55,10236.5,10241.7,15:25:00,10248.43336034496,1,75
2017-12-13,10221.25,10239.35,10210.55,10235.6,09:15:00,10245.844468883535,2,1
2017-12-13,10237.7,10237.8,10219.6,10221.05,09:20:00,10245.06880518034,2,2
2017-12-13,10231.15,10238.3,10225.75,10237.55,09:25:00,10243.743204686974,2,3
2017-12-13,10238.2,10238.8,10231.35,10231.45,09:30:00,10243.215280431074,2,4
2017-12-13,10242.7,10247.4,10238.3,10238.7,09:35:00,10243.166206104304,2,5
2017-12-13,10229.9,10242.65,10227.5,10242.65,09:40:00,10241.902757903894,2,6
2017-12-13,10234.45,10234.75,10227.55,10229.8,09:45:00,10241.192971436856,2,7
2017-12-13,10234.3,10237.15,10233.55,10234.75,09:50:00,10240.53649796668,2,8
2017-12-13,10239.45,10239.45,10233.55,10234.15,09:55:00,10240.433021969851,2,9
2017-12-13,10231.35,10239.85,10230.2,10239.35,10:00:00,10239.567972258435,2,10
2017-12-13,10222.15,10231.7,10221.4,10231.3,10:05:00,10237.909117757634,2,11
2017-12-13,10226.95,10227.25,10218.5,10222.0,10:10:00,10236.865392256906,2,12
2017-12-13,10226.85,10227.55,10224.05,10227.35,10:15:00,10235.911545375297,2,13
2017-12-13,10229.0,10230.7,10226.4,10226.95,10:20:00,10235.2533029586,2,14
2017-12-13,10230.25,10232.95,10228.7,10229.45,10:25:00,10234.776797914925,2,15
2017-12-13,10225.2,10231.05,10225.15,10230.15,10:30:00,10233.864721923028,2,16
2017-12-13,10228.3,10229.15,10223.35,10225.35,10:35:00,10233.334748406549,2,17
2017-12-13,10229.75,10230.4,10226.75,10228.25,10:40:00,10232.9933437964,2,18
2017-12-13,10240.95,10241.45,10229.1,10229.55,10:45:00,10233.751120577695,2,19
2017-12-13,10240.95,10247.55,10240.95,10241.3,10:50:00,10234.436728141727,2,20
2017-12-13,10249.75,10250.85,10238.4,10241.35,10:55:00,10235.895134985372,2,21
2017-12-13,10249.8,10254.6,10247.1,10249.6,11:00:00,10237.219407843908,2,22
2017-12-13,10280.8,10281.8,10249.75,10249.85,11:05:00,10241.369940430202,2,23
2017-12-13,10285.65,10287.35,10275.1,10279.15,11:10:00,10245.58708896066,2,24
2017-12-13,10282.8,10290.05,10279.9,10285.6,11:15:00,10249.13117572631,2,25
2017-12-13,10279.05,10285.3,10279.05,10282.95,11:20:00,10251.9805875619,2,26
2017-12-13,10275.45,10279.55,10273.95,10278.55,11:25:00,10254.215769698863,2,27
2017-12-13,10277.7,10282.3,10276.8,10276.85,11:30:00,10256.452363060876,2,28
2017-12-13,10279.75,10281.6,10276.7,10277.4,11:35:00,10258.671185626506,2,29
2017-12-13,10283.25,10283.85,10277.4,10280.0,11:40:00,10261.01202509065,2,30
2017-12-13,10288.45,10288.6,10281.5,10283.45,11:45:00,10263.625165558207,2,31
2017-12-13,10288.35,10291.35,10286.3,10288.15,11:50:00,10265.979911695522,2,32
2017-12-13,10284.5,10292.7,10284.5,10288.9,11:55:00,10267.743729629285,2,33
2017-12-13,10287.35,10289.15,10284.65,10284.65,12:00:00,10269.610993474113,2,34
2017-12-13,10292.05,10293.4,10285.95,10287.1,12:05:00,10271.748041714673,2,35
2017-12-13,10290.05,10296.55,10290.05,10291.85,12:10:00,10273.491085360894,2,36
2017-12-13,10288.3,10291.8,10287.5,10290.25,12:15:00,10274.901458183667,2,37
2017-12-13,10282.25,10289.6,10281.65,10288.4,12:20:00,10275.601319309031,2,38
2017-12-13,10284.3,10285.45,10280.9,10282.55,12:25:00,10276.429765089126,2,39
2017-12-13,10287.1,10290.15,10283.4,10284.35,12:30:00,10277.44597793778,2,40
2017-12-13,10286.3,10288.1,10285.3,10287.15,12:35:00,10278.289218134183,2,41
2017-12-13,10284.0,10286.85,10282.3,10285.95,12:40:00,10278.833102121403,2,42
2017-12-13,10280.45,10286.35,10280.2,10283.65,12:45:00,10278.987092395557,2,43
2017-12-13,10277.05,10282.1,10275.95,10280.1,12:50:00,10278.802607405503,2,44
2017-12-13,10288.3,10288.95,10274.9,10276.65,12:55:00,10279.707120985931,2,45
2017-12-13,10287.55,10290.35,10285.0,10290.35,13:00:00,10280.454061844412,2,46
2017-12-13,10289.7,10292.9,10286.7,10286.7,13:05:00,10281.33462738304,2,47
2017-12-13,10287.0,10291.25,10286.2,10291.25,13:10:00,10281.874186679896,2,48
2017-12-13,10288.05,10290.6,10286.85,10289.15,13:15:00,10282.462359377048,2,49
2017-12-13,10288.35,10290.75,10287.5,10289.65,13:20:00,10283.023087055424,2,50
2017-12-13,10282.05,10290.05,10281.85,10290.05,13:25:00,10282.930412097763,2,51
2017-12-13,10284.85,10287.45,10281.05,10284.25,13:30:00,10283.113229993216,2,52
2017-12-13,10286.1,10287.5,10282.75,10287.1,13:35:00,10283.397684279576,2,53
2017-12-13,10288.15,10291.45,10285.0,10287.55,13:40:00,10283.85028577676,2,54
2017-12-13,10282.65,10289.35,10282.3,10288.0,13:45:00,10283.73597284564,2,55
2017-12-13,10271.85,10284.4,10271.5,10284.4,13:50:00,10282.603975431768,2,56
2017-12-13,10247.55,10273.85,10247.55,10273.85,13:55:00,10279.265501581123,2,57
2017-12-13,10219.05,10250.65,10219.05,10250.65,14:00:00,10273.530691906732,2,58
2017-12-13,10219.25,10226.95,10209.4,10219.4,14:05:00,10268.361102201328,2,59
2017-12-13,10210.0,10228.9,10208.5,10218.85,14:10:00,10262.802901991678,2,60
2017-12-13,10207.3,10217.6,10203.45,10209.95,14:15:00,10257.516911325803,2,61
2017-12-13,10202.05,10210.75,10198.0,10206.75,14:20:00,10252.234348342394,2,62
2017-12-13,10217.85,10219.7,10201.8,10201.8,14:25:00,10248.95964850026,2,63
2017-12-13,10209.6,10218.25,10207.95,10217.35,14:30:00,10245.211110547854,2,64
2017-12-13,10210.85,10216.2,10206.8,10208.55,14:35:00,10241.938623829012,2,65
2017-12-13,10194.0,10211.1,10193.6,10210.7,14:40:00,10237.3730406072,2,66
2017-12-13,10181.65,10194.1,10173.3,10193.3,14:45:00,10232.066084358896,2,67
2017-12-13,10180.95,10192.75,10178.75,10182.05,14:50:00,10227.197885848524,2,68
2017-12-13,10177.5,10185.5,10169.85,10182.1,14:55:00,10222.46475386295,2,69
2017-12-13,10178.35,10186.7,10174.25,10177.3,15:00:00,10218.263348733146,2,70
2017-12-13,10187.9,10189.6,10176.25,10178.8,15:05:00,10215.37160123475,2,71
2017-12-13,10196.8,10201.8,10186.65,10187.6,15:10:00,10213.602877307632,2,72
2017-12-13,10201.75,10205.25,10194.25,10197.1,15:15:00,10212.474031849762,2,73
2017-12-13,10202.85,10203.55,10196.65,10201.6,15:20:00,10211.55745738788,2,74
2017-12-13,10202.5,10205.8,10199.85,10203.05,15:25:00,10210.694842398558,2,75
2017-12-14,10210.5,10230.65,10209.55,10228.2,09:15:00,10210.676285979647,3,1
2017-12-14,10207.35,10210.05,10187.55,10210.05,09:20:00,10210.359496838728,3,2
2017-12-14,10211.1,10214.05,10204.9,10207.1,09:25:00,10210.430020949325,3,3
2017-12-14,10201.45,10211.85,10201.15,10211.25,09:30:00,10209.574780858911,3,4
2017-12-14,10204.65,10207.1,10199.15,10201.25,09:35:00,10209.105754110446,3,5
2017-12-14,10188.95,10207.55,10188.95,10204.4,09:40:00,10207.18615848088,3,6
2017-12-14,10190.35,10192.9,10181.25,10189.45,09:45:00,10205.582714816032,3,7
2017-12-14,10195.05,10195.2,10185.2,10190.3,09:50:00,10204.579599119268,3,8
2017-12-14,10201.7,10203.5,10193.95,10194.7,09:55:00,10204.3053515841,3,9
2017-12-14,10200.75,10213.35,10200.75,10201.55,10:00:00,10203.966746671327,3,10
2017-12-14,10202.65,10205.9,10199.35,10199.75,10:05:00,10203.84134222644,3,11
2017-12-14,10209.75,10211.45,10202.35,10202.4,10:10:00,10204.404071538209,3,12
2017-12-14,10204.4,10210.65,10203.9,10210.0,10:15:00,10204.403683772663,3,13
2017-12-14,10210.05,10212.3,10204.3,10204.45,10:20:00,10204.941428175269,3,14
2017-12-14,10205.25,10211.4,10202.7,10209.9,10:25:00,10204.9708159681,3,15
2017-12-14,10199.15,10205.35,10197.35,10205.35,10:30:00,10204.416452542566,3,16
2017-12-14,10197.95,10199.95,10195.15,10199.25,10:35:00,10203.800599919465,3,17
2017-12-14,10195.25,10199.3,10193.95,10197.85,10:40:00,10202.986257069992,3,18
2017-12-14,10183.2,10195.8,10182.15,10195.1,10:45:00,10201.101851634756,3,19
2017-12-14,10188.4,10188.55,10180.75,10183.4,10:50:00,10199.892151479064,3,20
2017-12-14,10190.15,10190.7,10187.95,10188.45,10:55:00,10198.964327528678,3,21
2017-12-14,10187.75,10190.65,10182.25,10190.2,11:00:00,10197.89629633547,3,22
2017-12-14,10174.55,10189.3,10174.55,10187.45,11:05:00,10195.672839541616,3,23
2017-12-14,10163.35,10175.75,10163.35,10175.0,11:10:00,10192.594473870984,3,24
2017-12-14,10168.4,10168.45,10160.3,10164.0,11:15:00,10190.290238264222,3,25
2017-12-14,10162.0,10172.05,10161.95,10168.7,11:20:00,10187.595929858106,3,26
2017-12-14,10161.0,10166.2,10155.75,10161.85,11:25:00,10185.062984157334,3,27
2017-12-14,10156.15,10164.6,10155.3,10160.8,11:30:00,10182.30936661854,3,28
2017-12-14,10154.6,10160.2,10150.55,10156.7,11:35:00,10179.670379321537,3,29
2017-12-14,10162.9,10163.2,10154.8,10154.95,11:40:00,10178.073200338533,3,30
2017-12-14,10159.15,10162.85,10156.2,10162.7,11:45:00,10176.27099078248,3,31
2017-12-14,10168.0,10169.05,10159.0,10159.0,11:50:00,10175.483277374626,3,32
2017-12-14,10172.1,10172.75,10167.7,10167.9,11:55:00,10175.161060481803,3,33
2017-12-14,10172.75,10175.75,10169.5,10172.2,12:00:00,10174.931435674012,3,34
2017-12-14,10169.8,10174.0,10164.1,10172.65,12:05:00,10174.442727514584,3,35
2017-12-14,10164.45,10171.1,10164.45,10169.95,12:10:00,10173.49103917986,3,36
2017-12-14,10161.25,10165.85,10159.85,10164.25,12:15:00,10172.325225924636,3,37
2017-12-14,10161.8,10163.6,10159.4,10161.55,12:20:00,10171.322823455625,3,38
2017-12-14,10149.5,10162.45,10148.2,10161.95,12:25:00,10169.244459316991,3,39
2017-12-14,10145.55,10153.35,10141.55,10149.7,12:30:00,10166.987844143949,3,40
2017-12-14,10146.5,10152.4,10145.65,10145.65,12:35:00,10165.036620892142,3,41
2017-12-14,10156.85,10157.2,10146.5,10147.0,12:40:00,10164.25694271194,3,42
2017-12-14,10157.4,10165.05,10156.25,10156.6,12:45:00,10163.603900548898,3,43
2017-12-14,10169.6,10170.05,10155.95,10157.25,12:50:00,10164.17495763948,3,44
2017-12-14,10171.1,10173.4,10169.4,10169.8,12:55:00,10164.834485483338,3,45
2017-12-14,10168.1,10172.4,10162.9,10171.2,13:00:00,10165.145486865877,3,46
2017-12-14,10166.55,10169.1,10161.4,10168.3,13:05:00,10165.279250021507,3,47
2017-12-14,10181.0,10187.1,10166.1,10166.6,13:10:00,10166.776464305174,3,48
2017-12-14,10180.05,10185.15,10179.45,10181.15,13:15:00,10168.040610561824,3,49
2017-12-14,10178.5,10181.85,10172.95,10180.35,13:20:00,10169.03674288927,3,50
2017-12-14,10193.25,10200.55,10178.45,10178.75,13:25:00,10171.342767376003,3,51
2017-12-14,10179.8,10193.45,10178.45,10193.0,13:30:00,10172.1482181021,3,52
2017-12-14,10181.55,10185.2,10178.8,10179.25,13:35:00,10173.0436259019,3,53
2017-12-14,10178.05,10184.75,10172.2,10184.75,13:40:00,10173.520423435051,3,54
2017-12-14,10183.3,10183.95,10177.25,10181.65,13:45:00,10174.451811679332,3,55
2017-12-14,10189.4,10193.25,10183.0,10185.5,13:50:00,10175.875448662253,3,56
2017-12-14,10181.1,10192.8,10178.6,10190.9,13:55:00,10176.373024980134,3,57
2017-12-14,10186.85,10192.4,10180.65,10183.35,14:00:00,10177.37083212488,3,58
2017-12-14,10196.35,10196.35,10187.8,10188.2,14:05:00,10179.178371922511,3,59
2017-12-14,10198.75,10204.05,10195.55,10198.0,14:10:00,10181.04233650132,3,60
2017-12-14,10188.1,10202.55,10188.05,10202.05,14:15:00,10181.714494929764,3,61
2017-12-14,10198.35,10199.75,10186.3,10189.6,14:20:00,10183.298828745978,3,62
2017-12-14,10195.25,10203.35,10194.15,10198.95,14:25:00,10184.437035532075,3,63
2017-12-14,10207.1,10207.2,10196.35,10196.8,14:30:00,10186.59541310045,3,64
2017-12-14,10217.6,10218.2,10207.95,10207.95,14:35:00,10189.548230900407,3,65
2017-12-14,10205.6,10225.65,10205.6,10218.95,14:40:00,10191.076970814654,3,66
2017-12-14,10211.0,10213.6,10205.55,10205.9,14:45:00,10192.97440216564,3,67
2017-12-14,10206.9,10211.65,10199.4,10211.1,14:50:00,10194.300649578438,3,68
2017-12-14,10211.85,10212.15,10203.9,10207.3,14:55:00,10195.972016285252,3,69
2017-12-14,10233.25,10233.25,10211.65,10211.95,15:00:00,10199.522300448562,3,70
2017-12-14,10246.05,10246.35,10232.65,10233.3,15:05:00,10203.95350992965,3,71
2017-12-14,10253.3,10254.05,10240.55,10245.55,15:10:00,10208.653175650636,3,72
2017-12-14,10261.3,10262.75,10248.15,10253.15,15:15:00,10213.667158922004,3,73
2017-12-14,10273.2,10276.1,10258.0,10260.6,15:20:00,10219.336953310383,3,74
2017-12-14,10259.6,10275.0,10258.85,10273.25,15:25:00,10223.171529185587,3,75
2017-12-15,10343.7,10362.3,10341.4,10345.5,09:15:00,10234.650431167913,4,1
2017-12-15,10336.35,10348.3,10332.2,10343.15,09:20:00,10244.336104390017,4,2
2017-12-15,10346.85,10346.85,10332.9,10336.65,09:25:00,10254.099332543346,4,3
2017-12-15,10347.0,10352.75,10344.2,10347.0,09:30:00,10262.947015158265,4,4
2017-12-15,10356.7,10357.1,10346.1,10346.3,09:35:00,10271.87587085748,4,5
2017-12-15,10364.8,10365.35,10354.95,10356.4,09:40:00,10280.72578791867,4,6
2017-12-15,10372.5,10373.1,10364.7,10364.7,09:45:00,10289.466189069271,4,7
2017-12-15,10365.2,10371.85,10362.15,10371.8,09:50:00,10296.678932967438,4,8
2017-12-15,10368.9,10369.5,10364.1,10365.0,09:55:00,10303.55712982768,4,9
2017-12-15,10360.8,10369.1,10360.8,10368.8,10:00:00,10309.008831748852,4,10
2017-12-15,10353.15,10361.35,10352.0,10361.1,10:05:00,10313.212752534677,4,11
2017-12-15,10360.3,10360.55,10350.75,10353.1,10:10:00,10317.697252293276,4,12
2017-12-15,10352.45,10360.95,10351.95,10359.8,10:15:00,10321.007037789155,4,13
2017-12-15,10348.0,10357.55,10347.85,10352.5,10:20:00,10323.57779609495,4,14
2017-12-15,10344.15,10348.8,10342.55,10347.9,10:25:00,10325.537053609716,4,15
2017-12-15,10345.1,10349.9,10342.4,10344.6,10:30:00,10327.400191361172,4,16
2017-12-15,10348.85,10351.85,10343.45,10344.95,10:35:00,10329.443030279155,4,17
2017-12-15,10349.2,10349.85,10346.8,10349.15,10:40:00,10331.324646443043,4,18
2017-12-15,10337.2,10349.65,10336.2,10349.25,10:45:00,10331.88420392466,4,19
2017-12-15,10340.0,10341.15,10336.5,10337.4,10:50:00,10332.657136884216,4,20
2017-12-15,10344.35,10345.0,10338.95,10340.15,10:55:00,10333.770742895242,4,21
2017-12-15,10343.8,10344.65,10342.05,10344.1,11:00:00,10334.725910238552,4,22
2017-12-15,10348.75,10348.95,10343.15,10343.65,11:05:00,10336.06153783488,4,23
2017-12-15,10348.55,10349.65,10346.8,10348.8,11:10:00,10337.25091518394,4,24
2017-12-15,10342.1,10348.85,10341.2,10348.3,11:15:00,10337.71273278547,4,25
2017-12-15,10343.25,10344.0,10338.45,10342.05,11:20:00,10338.240091567808,4,26
2017-12-15,10342.25,10343.45,10341.55,10343.2,11:25:00,10338.621987608967,4,27
2017-12-15,10345.4,10347.2,10342.0,10342.5,11:30:00,10339.267512598592,4,28
2017-12-15,10345.65,10346.1,10342.3,10345.45,11:35:00,10339.87536854158,4,29
2017-12-15,10344.1,10347.05,10343.1,10345.7,11:40:00,10340.277714394764,4,30
2017-12-15,10345.15,10345.4,10343.15,10344.05,11:45:00,10340.741741595262,4,31
2017-12-15,10342.7,10345.35,10342.05,10345.35,11:50:00,10340.928242395714,4,32
2017-12-15,10341.3,10343.65,10339.6,10342.75,11:55:00,10340.963647881836,4,33
2017-12-15,10344.65,10344.9,10338.1,10341.2,12:00:00,10341.314729035948,4,34
2017-12-15,10345.4,10348.0,10344.3,10344.6,12:05:00,10341.703802461094,4,35
2017-12-15,10345.05,10346.05,10343.05,10345.3,12:10:00,10342.02248794099,4,36
2017-12-15,10347.4,10348.65,10344.0,10345.4,12:15:00,10342.534631946612,4,37
2017-12-15,10345.85,10348.5,10345.25,10347.0,12:20:00,10342.85038128503,4,38
2017-12-15,10349.35,10350.0,10344.4,10345.8,12:25:00,10343.469392591218,4,39
2017-12-15,10357.25,10357.8,10349.4,10349.4,12:30:00,10344.781831392054,4,40
2017-12-15,10357.4,10358.95,10354.85,10357.6,12:35:00,10345.983561735668,4,41
2017-12-15,10353.25,10358.45,10352.65,10357.1,12:40:00,10346.675603475129,4,42
2017-12-15,10350.6,10354.3,10349.95,10353.2,12:45:00,10347.049355525114,4,43
2017-12-15,10349.1,10351.1,10347.45,10350.7,12:50:00,10347.244654998913,4,44
2017-12-15,10348.4,10350.65,10347.05,10348.7,12:55:00,10347.354687856156,4,45
2017-12-15,10345.45,10349.9,10342.3,10348.9,13:00:00,10347.173289012711,4,46
2017-12-15,10343.85,10348.0,10343.1,10345.85,13:05:00,10346.856785297216,4,47
2017-12-15,10347.2,10347.75,10343.7,10344.1,13:10:00,10346.889472411767,4,48
2017-12-15,10334.65,10347.95,10326.35,10347.4,13:15:00,10345.723808372552,4,49
2017-12-15,10339.25,10339.25,10329.9,10334.75,13:20:00,10345.107255194216,4,50
2017-12-15,10338.05,10343.75,10337.9,10339.45,13:25:00,10344.435135651913,4,51
2017-12-15,10339.95,10342.05,10331.9,10338.0,13:30:00,10344.007979875538,4,52
2017-12-15,10334.25,10340.6,10334.25,10340.0,13:35:00,10343.07864845882,4,53
2017-12-15,10336.0,10337.8,10333.6,10334.3,13:40:00,10342.404491462745,4,54
2017-12-15,10335.85,10337.15,10333.9,10335.6,13:45:00,10341.780254180578,4,55
2017-12-15,10344.45,10344.6,10334.75,10335.2,13:50:00,10342.034515687188,4,56
2017-12-15,10354.0,10355.85,10344.55,10345.3,13:55:00,10343.174085621742,4,57
2017-12-15,10348.6,10356.0,10348.2,10356.0,14:00:00,10343.690839372051,4,58
2017-12-15,10341.5,10350.2,10341.5,10350.0,14:05:00,10343.482188003283,4,59
2017-12-15,10341.25,10346.9,10339.8,10342.25,14:10:00,10343.269598669638,4,60
2017-12-15,10338.75,10345.55,10338.2,10340.75,14:15:00,10342.839160701102,4,61
2017-12-15,10341.6,10345.3,10337.7,10340.1,14:20:00,10342.721145396234,4,62
2017-12-15,10338.1,10343.5,10335.75,10343.15,14:25:00,10342.281036310878,4,63
2017-12-15,10342.55,10345.3,10338.15,10340.0,14:30:00,10342.30665190032,4,64
2017-12-15,10345.7,10346.0,10341.55,10344.25,14:35:00,10342.629827909812,4,65
2017-12-15,10337.9,10348.2,10337.9,10346.7,14:40:00,10342.179368108877,4,66
2017-12-15,10340.75,10341.3,10337.95,10337.95,14:45:00,10342.043237812792,4,67
2017-12-15,10342.85,10344.25,10340.6,10340.6,14:50:00,10342.120072306812,4,68
2017-12-15,10344.1,10347.3,10343.0,10343.95,14:55:00,10342.30863684902,4,69
2017-12-15,10337.95,10349.6,10337.9,10344.35,15:00:00,10341.893528577686,4,70
2017-12-15,10338.9,10338.9,10331.9,10338.25,15:05:00,10341.608430617904,4,71
2017-12-15,10337.05,10340.1,10335.6,10340.0,15:10:00,10341.174294368582,4,72
2017-12-15,10335.65,10337.25,10331.15,10336.6,15:15:00,10340.648171095385,4,73
2017-12-15,10324.7,10336.05,10323.45,10335.3,15:20:00,10339.129297657728,4,74
2017-12-15,10328.6,10329.6,10319.65,10325.05,15:25:00,10338.12650740461,4,75
2017-12-18,10122.2,10263.4,10074.8,10200.35,09:15:00,10317.56207812798,0,1
2017-12-18,10168.35,10168.4,10111.3,10124.8,09:20:00,10303.351404020552,0,2
2017-12-18,10212.7,10216.45,10168.4,10168.4,09:25:00,10294.717936970976,0,3
2017-12-18,10294.4,10294.4,10207.7,10209.95,09:30:00,10294.687657259454,0,4
2017-12-18,10294.3,10314.75,10261.9,10294.85,09:35:00,10294.650737520458,0,5
2017-12-18,10308.05,10319.05,10286.6,10295.25,09:40:00,10295.926857756604,0,6
2017-12-18,10292.6,10309.15,10282.7,10307.5,09:45:00,10295.61001416074,0,7
2017-12-18,10332.9,10333.35,10284.9,10293.4,09:50:00,10299.161441383529,0,8
2017-12-18,10351.8,10354.05,10330.65,10334.0,09:55:00,10304.174637442238,0,9
2017-12-18,10363.35,10364.8,10342.8,10351.85,10:00:00,10309.810386257264,0,10
2017-12-18,10401.4,10401.4,10363.6,10363.6,10:05:00,10318.533206613716,0,11
2017-12-18,10383.95,10412.3,10383.95,10402.6,10:10:00,10324.763377412412,0,12
2017-12-18,10396.5,10404.55,10375.95,10384.4,10:15:00,10331.595436706468,0,13
2017-12-18,10386.5,10403.8,10385.5,10396.05,10:20:00,10336.824442734422,0,14
2017-12-18,10394.1,10395.6,10386.35,10386.65,10:25:00,10342.279257712094,0,15
2017-12-18,10397.25,10399.65,10391.8,10394.7,10:30:00,10347.51456650142,0,16
2017-12-18,10384.95,10397.65,10380.7,10397.6,10:35:00,10351.079845882236,0,17
2017-12-18,10396.85,10398.3,10384.55,10385.5,10:40:00,10355.438908179163,0,18
2017-12-18,10414.55,10416.95,10396.65,10397.7,10:45:00,10361.068535971626,0,19
2017-12-18,10416.5,10424.55,10414.1,10414.5,10:50:00,10366.347723021949,0,20
2017-12-18,10413.4,10417.6,10409.75,10416.0,10:55:00,10370.828892257952,0,21
2017-12-18,10426.2,10428.0,10413.35,10413.95,11:00:00,10376.10233109053,0,22
2017-12-18,10419.55,10429.1,10419.35,10426.75,11:05:00,10380.240204320004,0,23
2017-12-18,10405.8,10420.65,10404.05,10420.2,11:10:00,10382.67447057524,0,24
2017-12-18,10397.65,10411.6,10397.65,10406.1,11:15:00,10384.100711472836,0,25
2017-12-18,10403.05,10405.65,10396.1,10398.55,11:20:00,10385.90540561828,0,26
2017-12-18,10411.5,10415.6,10403.2,10403.2,11:25:00,10388.342986035586,0,27
2017-12-18,10410.0,10412.4,10403.05,10412.1,11:30:00,10390.405558794102,0,28
2017-12-18,10414.55,10414.55,10405.7,10410.15,11:35:00,10392.70502938514,0,29
2017-12-18,10415.5,10419.85,10413.25,10415.15,11:40:00,10394.87597896751,0,30
2017-12-18,10416.75,10420.45,10414.7,10415.8,11:45:00,10396.959219065842,0,31
2017-12-18,10417.3,10418.85,10413.25,10416.95,11:50:00,10398.896436297668,0,32
2017-12-18,10420.2,10420.5,10416.85,10417.6,11:55:00,10400.92534712646,0,33
2017-12-18,10419.1,10422.45,10417.95,10420.15,12:00:00,10402.65626644775,0,34
2017-12-18,10422.55,10423.3,10418.35,10419.15,12:05:00,10404.55090773844,0,35
2017-12-18,10430.4,10430.95,10422.5,10422.7,12:10:00,10407.012726049064,0,36
2017-12-18,10425.75,10431.0,10420.5,10430.15,12:15:00,10408.797228330106,0,37
2017-12-18,10431.9,10433.9,10425.85,10425.95,12:20:00,10410.997492298668,0,38
2017-12-18,10429.1,10433.6,10423.7,10431.7,12:25:00,10412.721540651177,0,39
2017-12-18,10427.85,10432.65,10426.0,10428.9,12:30:00,10414.162346303445,0,40
2017-12-18,10431.7,10433.9,10427.9,10428.0,12:35:00,10415.83259903645,0,41
2017-12-18,10438.2,10440.25,10431.6,10431.65,12:40:00,10417.962827699646,0,42
2017-12-18,10441.5,10443.55,10435.75,10437.7,12:45:00,10420.204463156822,0,43
2017-12-18,10441.25,10442.3,10432.95,10442.0,12:50:00,10422.208799999027,0,44
2017-12-18,10434.9,10441.15,10433.2,10441.0,12:55:00,10423.417485713406,0,45
2017-12-18,10423.05,10434.45,10421.95,10433.95,13:00:00,10423.382487074034,0,46
2017-12-18,10420.1,10425.7,10416.3,10423.4,13:05:00,10423.06986925746,0,47
2017-12-18,10418.5,10423.35,10414.1,10420.0,13:10:00,10422.634643613892,0,48
2017-12-18,10405.05,10420.65,10402.95,10418.25,13:15:00,10420.959915650665,0,49
2017-12-18,10407.8,10414.15,10397.4,10404.8,13:20:00,10419.706590350605,0,50
2017-12-18,10403.9,10408.95,10399.9,10407.55,13:25:00,10418.201200793404,0,51
2017-12-18,10415.15,10417.7,10402.4,10404.05,13:30:00,10417.91061024165,0,52
2017-12-18,10412.9,10417.6,10411.6,10414.7,13:35:00,10417.433409266256,0,53
2017-12-18,10420.95,10426.35,10411.7,10412.95,13:40:00,10417.76832266947,0,54
2017-12-18,10425.65,10430.8,10420.0,10420.0,13:45:00,10418.51895860571,0,55
2017-12-18,10425.2,10428.15,10422.65,10425.85,13:50:00,10419.155248262308,0,56
2017-12-18,10417.8,10425.4,10414.0,10425.4,13:55:00,10419.02617699923,0,57
2017-12-18,10422.15,10423.65,10416.4,10420.0,14:00:00,10419.323683951685,0,58
2017-12-18,10421.9,10426.0,10415.95,10424.05,14:05:00,10419.569047384855,0,59
2017-12-18,10405.8,10426.2,10405.05,10422.4,14:10:00,10418.25770953868,0,60
2017-12-18,10405.0,10411.75,10403.45,10405.35,14:15:00,10416.995070534997,0,61
2017-12-18,10411.3,10414.0,10404.75,10407.35,14:20:00,10416.452682864996,0,62
2017-12-18,10412.1,10414.6,10408.3,10413.3,14:25:00,10416.038141639758,0,63
2017-12-18,10415.2,10419.6,10410.95,10413.05,14:30:00,10415.958318626446,0,64
2017-12-18,10406.55,10417.8,10403.9,10417.8,14:35:00,10415.062288281071,0,65
2017-12-18,10407.8,10411.05,10404.25,10408.5,14:40:00,10414.370641778112,0,66
2017-12-18,10410.55,10414.85,10409.0,10410.3,14:45:00,10414.006771132576,0,67
2017-12-18,10409.0,10412.2,10406.0,10412.2,14:50:00,10413.52993578662,0,68
2017-12-18,10378.45,10410.45,10372.65,10410.45,14:55:00,10410.188989521226,0,69
2017-12-18,10395.35,10402.25,10380.05,10382.5,15:00:00,10408.775752423966,0,70
2017-12-18,10396.75,10399.65,10389.7,10395.45,15:05:00,10407.630442669302,0,71
2017-12-18,10392.0,10399.8,10389.35,10396.45,15:10:00,10406.141829081753,0,72
2017-12-18,10380.05,10392.2,10376.05,10391.9,15:15:00,10403.656892978728,0,73
2017-12-18,10385.15,10385.75,10377.25,10380.75,15:20:00,10401.894331742658,0,74
2017-12-18,10390.15,10392.8,10384.95,10385.95,15:25:00,10400.775823957643,0,75
2017-12-19,10426.8,10429.8,10411.25,10413.3,09:15:00,10403.254316914055,1,1
2017-12-19,10423.9,10431.5,10418.25,10427.15,09:20:00,10405.220572446053,1,2
2017-12-19,10410.65,10424.6,10410.65,10424.4,09:25:00,10405.737660784522,1,3
2017-12-19,10414.35,10417.4,10406.0,10411.8,09:30:00,10406.55788356695,1,4
2017-12-19,10414.45,10415.65,10410.2,10414.5,09:35:00,10407.30951370343,1,5
2017-12-19,10417.4,10421.35,10413.3,10414.75,09:40:00,10408.27051239834,1,6
2017-12-19,10423.35,10427.85,10417.2,10417.2,09:45:00,10409.706654074693,1,7
2017-12-19,10420.55,10428.65,10419.1,10423.3,09:50:00,10410.739353686624,1,8
2017-12-19,10419.35,10424.45,10418.6,10421.1,09:55:00,10411.55941524028,1,9
2017-12-19,10416.0,10422.6,10413.05,10419.25,10:00:00,10411.98232807454,1,10
2017-12-19,10415.35,10419.6,10413.3,10415.15,10:05:00,10412.303058734104,1,11
2017-12-19,10417.45,10418.6,10414.9,10415.4,10:10:00,10412.793243616572,1,12
2017-12-19,10420.45,10422.8,10417.4,10417.4,10:15:00,10413.522458510231,1,13
2017-12-19,10414.9,10420.55,10414.45,10419.95,10:20:00,10413.653652937828,1,14
2017-12-19,10416.9,10417.7,10413.8,10414.95,10:25:00,10413.962828848513,1,15
2017-12-19,10417.1,10418.05,10414.65,10416.7,10:30:00,10414.261607053417,1,16
2017-12-19,10419.4,10421.1,10416.55,10417.0,10:35:00,10414.750977810234,1,17
2017-12-19,10420.8,10420.8,10414.75,10420.05,10:40:00,10415.32707516164,1,18
2017-12-19,10421.45,10421.8,10419.45,10421.0,10:45:00,10415.910210860531,1,19
2017-12-19,10424.0,10424.65,10420.05,10421.2,10:50:00,10416.680666969052,1,20
2017-12-19,10422.75,10426.4,10421.55,10423.75,10:55:00,10417.258698686284,1,21
2017-12-19,10424.85,10428.3,10422.75,10423.0,11:00:00,10417.98167976378,1,22
2017-12-19,10419.15,10425.2,10418.15,10425.1,11:05:00,10418.092948357706,1,23
2017-12-19,10421.7,10422.45,10418.05,10419.3,11:10:00,10418.436477085545,1,24
2017-12-19,10421.75,10426.1,10420.15,10421.85,11:15:00,10418.752050696445,1,25
2017-12-19,10421.85,10425.5,10420.2,10421.85,11:20:00,10419.047093487256,1,26
2017-12-19,10419.95,10425.05,10418.25,10421.55,11:25:00,10419.13308458371,1,27
2017-12-19,10421.2,10422.15,10418.35,10420.5,11:30:00,10419.329933670975,1,28
2017-12-19,10423.2,10425.15,10420.5,10421.25,11:35:00,10419.698511416598,1,29
2017-12-19,10423.95,10424.55,10420.75,10423.4,11:40:00,10420.103415091207,1,30
2017-12-19,10423.2,10424.25,10421.7,10423.05,11:45:00,10420.398327939663,1,31
2017-12-19,10424.3,10426.35,10422.5,10423.0,11:50:00,10420.769915754932,1,32
2017-12-19,10421.2,10424.85,10419.45,10423.6,11:55:00,10420.810876159225,1,33
2017-12-19,10424.05,10424.75,10418.45,10421.3,12:00:00,10421.11936414406,1,34
2017-12-19,10422.7,10424.15,10420.0,10424.15,12:05:00,10421.269900892245,1,35
2017-12-19,10420.25,10424.35,10418.8,10421.95,12:10:00,10421.172767473936,1,36
2017-12-19,10422.35,10425.4,10419.35,10420.35,12:15:00,10421.28488485737,1,37
2017-12-19,10422.05,10423.7,10416.1,10422.1,12:20:00,10421.357752966192,1,38
2017-12-19,10423.8,10425.9,10420.05,10422.2,12:25:00,10421.590347921794,1,39
2017-12-19,10425.2,10426.25,10420.3,10423.5,12:30:00,10421.934124310195,1,40
2017-12-19,10428.35,10429.2,10423.2,10425.05,12:35:00,10422.545160090176,1,41
2017-12-19,10422.25,10429.5,10421.85,10427.4,12:40:00,10422.517049605398,1,42
2017-12-19,10420.25,10422.45,10418.95,10422.1,12:45:00,10422.301140119169,1,43
2017-12-19,10422.15,10422.75,10419.6,10419.6,12:50:00,10422.286745822106,1,44
2017-12-19,10421.3,10422.8,10420.85,10422.1,12:55:00,10422.192770029524,1,45
2017-12-19,10411.6,10422.8,10410.5,10421.0,13:00:00,10421.18393478862,1,46
2017-12-19,10416.25,10418.1,10412.65,10412.65,13:05:00,10420.714036237325,1,47
2017-12-19,10415.65,10418.5,10415.0,10416.1,13:10:00,10420.231747071864,1,48
2017-12-19,10413.5,10418.55,10411.65,10415.05,13:15:00,10419.590628303114,1,49
2017-12-19,10415.35,10417.45,10412.35,10413.65,13:20:00,10419.186758940912,1,50
2017-12-19,10421.0,10423.55,10415.0,10415.0,13:25:00,10419.359448565589,1,51
2017-12-19,10419.85,10421.25,10417.85,10420.7,13:30:00,10419.406167749818,1,52
2017-12-19,10419.8,10421.45,10416.9,10421.45,13:35:00,10419.443675583168,1,53
2017-12-19,10422.75,10425.35,10419.6,10421.4,13:40:00,10419.758563622869,1,54
2017-12-19,10433.8,10438.9,10422.3,10424.15,13:45:00,10421.095843277832,1,55
2017-12-19,10434.9,10437.2,10430.2,10435.0,13:50:00,10422.410524870418,1,56
2017-12-19,10428.1,10436.5,10427.9,10436.4,13:55:00,10422.952379644665,1,57
2017-12-19,10430.25,10431.8,10427.05,10427.05,14:00:00,10423.647391107075,1,58
2017-12-19,10429.7,10434.65,10427.05,10431.85,14:05:00,10424.22383004926,1,59
2017-12-19,10430.05,10433.55,10427.45,10430.05,14:10:00,10424.778703377902,1,60
2017-12-19,10429.25,10442.55,10428.5,10429.65,14:15:00,10425.204541151435,1,61
2017-12-19,10438.3,10439.1,10429.3,10430.55,14:20:00,10426.45172770844,1,62
2017-12-19,10439.65,10443.5,10435.85,10437.65,14:25:00,10427.708706021924,1,63
2017-12-19,10448.0,10448.65,10438.3,10440.1,14:30:00,10429.641210210311,1,64
2017-12-19,10451.75,10454.35,10443.7,10449.55,14:35:00,10431.7468092379,1,65
2017-12-19,10454.25,10455.6,10447.45,10453.25,14:40:00,10433.889970262862,1,66
2017-12-19,10452.8,10458.65,10451.1,10453.8,14:45:00,10435.690925475925,1,67
2017-12-19,10452.95,10454.3,10448.7,10452.05,14:50:00,10437.334646859168,1,68
2017-12-19,10455.8,10457.15,10450.6,10451.85,14:55:00,10439.0932519202,1,69
2017-12-19,10455.45,10459.0,10454.2,10455.75,15:00:00,10440.65103745161,1,70
2017-12-19,10463.75,10464.25,10455.05,10455.2,15:05:00,10442.850938646694,1,71
2017-12-19,10466.5,10468.5,10462.25,10462.85,15:10:00,10445.103230204151,1,72
2017-12-19,10466.7,10467.85,10463.35,10466.1,15:15:00,10447.160065422804,1,73
2017-12-19,10467.05,10469.55,10465.35,10466.0,15:20:00,10449.054344906346,1,74
2017-12-19,10472.2,10472.2,10462.65,10467.1,15:25:00,10451.258693010504,1,75
2017-12-20,10457.65,10494.45,10445.65,10488.4,09:15:00,10451.867388914266,2,1
2017-12-20,10462.15,10466.0,10457.7,10458.05,09:20:00,10452.846685208146,2,2
2017-12-20,10470.95,10471.65,10460.15,10462.3,09:25:00,10454.570810426418,2,3
2017-12-20,10475.15,10478.7,10469.4,10471.15,09:30:00,10456.53073324295,2,4
2017-12-20,10467.65,10475.25,10465.5,10475.25,09:35:00,10457.589711029335,2,5
2017-12-20,10456.9,10468.3,10453.2,10468.15,09:40:00,10457.524024264636,2,6
2017-12-20,10453.45,10457.6,10450.8,10457.0,09:45:00,10457.13602195372,2,7
2017-12-20,10444.85,10454.15,10440.75,10454.15,09:50:00,10455.965924624794,2,8
2017-12-20,10452.35,10453.2,10442.0,10444.9,09:55:00,10455.621550851003,2,9
2017-12-20,10455.75,10456.45,10448.45,10452.25,10:00:00,10455.63378410329,2,10
2017-12-20,10448.2,10456.0,10446.15,10455.9,10:05:00,10454.92580466488,2,11
2017-12-20,10456.2,10457.65,10447.95,10448.45,10:10:00,10455.04715660156,2,12
2017-12-20,10459.9,10460.95,10454.0,10455.8,10:15:00,10455.509332163316,2,13
2017-12-20,10458.9,10460.15,10452.7,10460.05,10:20:00,10455.832252909668,2,14
2017-12-20,10459.45,10460.1,10457.05,10458.6,10:25:00,10456.176800251604,2,15
2017-12-20,10461.55,10464.4,10458.15,10459.3,10:30:00,10456.688533560977,2,16
2017-12-20,10462.65,10466.05,10461.4,10461.7,10:35:00,10457.256292269452,2,17
2017-12-20,10460.35,10463.55,10458.85,10462.5,10:40:00,10457.550931100934,2,18
2017-12-20,10459.9,10462.6,10459.05,10460.75,10:45:00,10457.774651948464,2,19
2017-12-20,10457.95,10460.2,10455.85,10460.15,10:50:00,10457.791351762897,2,20
2017-12-20,10462.15,10462.75,10457.45,10458.5,10:55:00,10458.206461118809,2,21
2017-12-20,10467.65,10467.7,10462.25,10462.55,11:00:00,10459.10584577416,2,22
2017-12-20,10473.8,10474.25,10466.7,10467.45,11:05:00,10460.505289033765,2,23
2017-12-20,10477.15,10478.8,10472.95,10473.85,11:10:00,10462.090499601978,2,24
2017-12-20,10479.4,10481.2,10475.05,10477.7,11:15:00,10463.739023449409,2,25
2017-12-20,10476.35,10480.25,10472.5,10479.8,11:20:00,10464.94006883518,2,26
2017-12-20,10470.95,10479.45,10470.6,10476.5,11:25:00,10465.51244323183,2,27
2017-12-20,10477.05,10477.55,10471.1,10471.5,11:30:00,10466.611258162133,2,28
2017-12-20,10477.3,10478.75,10475.55,10477.15,11:35:00,10467.629233575262,2,29
2017-12-20,10482.6,10483.65,10477.05,10477.5,11:40:00,10469.05502085381,2,30
2017-12-20,10481.65,10484.15,10480.3,10482.75,11:45:00,10470.254542677256,2,31
2017-12-20,10483.55,10483.85,10480.5,10481.55,11:50:00,10471.520776707992,2,32
2017-12-20,10484.7,10486.7,10483.1,10483.7,11:55:00,10472.77594083104,2,33
2017-12-20,10479.45,10485.5,10479.25,10485.4,12:00:00,10473.411565513798,2,34
2017-12-20,10480.7,10481.15,10479.1,10479.5,12:05:00,10474.10570213153,2,35
2017-12-20,10474.05,10481.1,10473.7,10480.6,12:10:00,10474.10039716662,2,36
2017-12-20,10477.85,10478.35,10474.7,10474.75,12:15:00,10474.457502198373,2,37
2017-12-20,10476.35,10478.0,10470.9,10477.8,12:20:00,10474.63774008424,2,38
2017-12-20,10469.9,10476.8,10468.8,10476.65,12:25:00,10474.186526742886,2,39
2017-12-20,10472.2,10472.55,10469.05,10470.1,12:30:00,10473.997333719752,2,40
2017-12-20,10477.55,10478.5,10471.7,10472.0,12:35:00,10474.3356828893,2,41
2017-12-20,10476.85,10478.65,10476.3,10477.65,12:40:00,10474.575141661748,2,42
2017-12-20,10482.9,10482.9,10476.65,10477.0,12:45:00,10475.36798531301,2,43
2017-12-20,10479.5,10483.1,10478.8,10482.7,12:50:00,10475.761510521295,2,44
2017-12-20,10474.5,10479.7,10473.55,10479.7,12:55:00,10475.641366662125,2,45
2017-12-20,10475.95,10476.65,10473.35,10474.3,13:00:00,10475.670760313353,2,46
2017-12-20,10477.5,10478.45,10474.05,10476.3,13:05:00,10475.844973616842,2,47
2017-12-20,10475.45,10478.1,10474.9,10477.6,13:10:00,10475.807357081903,2,48
2017-12-20,10482.0,10485.85,10475.3,10475.3,13:15:00,10476.397132597916,2,49
2017-12-20,10483.55,10483.6,10481.35,10482.1,13:20:00,10477.07835806478,2,50
2017-12-20,10479.15,10483.55,10477.35,10483.35,13:25:00,10477.275657296705,2,51
2017-12-20,10476.25,10480.3,10473.2,10479.3,13:30:00,10477.1779756494,2,52
2017-12-20,10479.35,10480.25,10474.7,10476.7,13:35:00,10477.38483511136,2,53
2017-12-20,10471.2,10480.25,10470.9,10479.5,13:40:00,10476.795803195992,2,54
2017-12-20,10472.5,10473.05,10467.3,10471.5,13:45:00,10476.386679082088,2,55
2017-12-20,10467.5,10473.9,10467.05,10472.9,13:50:00,10475.540328693318,2,56
2017-12-20,10474.1,10475.95,10465.9,10468.5,13:55:00,10475.403154532049,2,57
2017-12-20,10473.95,10476.05,10471.35,10475.2,14:00:00,10475.26475886233,2,58
2017-12-20,10467.1,10475.95,10465.9,10474.95,14:05:00,10474.487162780202,2,59
2017-12-20,10470.05,10474.2,10467.2,10467.2,14:10:00,10474.064575848754,2,60
2017-12-20,10471.0,10472.6,10466.75,10470.7,14:15:00,10473.772711482206,2,61
2017-12-20,10473.8,10476.45,10470.55,10472.15,14:20:00,10473.775310388664,2,62
2017-12-20,10477.75,10479.65,10473.35,10474.15,14:25:00,10474.15385225641,2,63
2017-12-20,10479.1,10480.05,10476.8,10477.7,14:30:00,10474.624913946276,2,64
2017-12-20,10481.85,10482.3,10476.15,10479.85,14:35:00,10475.313017379964,2,65
2017-12-20,10478.6,10482.2,10478.15,10482.2,14:40:00,10475.626063343778,2,66
2017-12-20,10482.4,10485.25,10478.25,10479.65,14:45:00,10476.27120016818,2,67
2017-12-20,10482.15,10486.2,10480.6,10483.1,14:50:00,10476.831085866448,2,68
2017-12-20,10476.35,10482.7,10475.55,10482.7,14:55:00,10476.785268164882,2,69
2017-12-20,10446.55,10475.05,10444.85,10475.05,15:00:00,10473.905718815846,2,70
2017-12-20,10443.45,10447.9,10437.55,10447.9,15:05:00,10471.005174166718,2,71
2017-12-20,10443.35,10444.25,10437.65,10444.25,15:10:00,10468.371348055602,2,72
2017-12-20,10442.85,10444.4,10437.15,10444.4,15:15:00,10465.940743478875,2,73
2017-12-20,10446.3,10447.2,10442.2,10443.15,15:20:00,10464.070196480889,2,74
2017-12-20,10442.8,10446.8,10441.1,10445.7,15:25:00,10462.044463482707,2,75
2017-12-21,10461.15,10470.05,10456.35,10467.55,09:15:00,10461.959276484353,3,1
2017-12-21,10464.2,10466.2,10458.3,10460.7,09:20:00,10462.17267872394,3,2
2017-12-21,10466.95,10473.35,10461.5,10464.1,09:25:00,10462.627661702612,3,3
2017-12-21,10458.8,10468.65,10453.0,10466.9,09:30:00,10462.26312249284,3,4
2017-12-21,10450.75,10459.2,10449.35,10458.85,09:35:00,10461.16663463638,3,5
2017-12-21,10454.6,10455.85,10449.0,10450.7,09:40:00,10460.541240861488,3,6
2017-12-21,10453.45,10458.8,10452.95,10454.9,09:45:00,10459.865884588966,3,7
2017-12-21,10446.85,10454.7,10445.95,10453.5,09:50:00,10458.626276532876,3,8
2017-12-21,10443.6,10453.0,10442.25,10447.2,09:55:00,10457.195202577364,3,9
2017-12-21,10446.85,10448.1,10439.55,10443.65,10:00:00,10456.209945189044,3,10
2017-12-21,10445.45,10453.6,10443.15,10446.95,10:05:00,10455.18518850437,3,11
2017-12-21,10453.1,10453.25,10445.25,10445.25,10:10:00,10454.986599123002,3,12
2017-12-21,10454.05,10454.85,10452.0,10453.2,10:15:00,10454.897399206526,3,13
2017-12-21,10447.95,10455.8,10445.95,10454.3,10:20:00,10454.235742139235,3,14
2017-12-21,10448.95,10450.25,10446.8,10447.9,10:25:00,10453.732338125976,3,15
2017-12-21,10449.45,10449.7,10444.85,10448.75,10:30:00,10453.324496399691,3,16
2017-12-21,10447.15,10450.45,10446.75,10449.6,10:35:00,10452.736449123531,3,17
2017-12-21,10449.8,10450.0,10442.45,10447.0,10:40:00,10452.456787302242,3,18
2017-12-21,10453.35,10453.8,10448.85,10449.75,10:45:00,10452.54185517822,3,19
2017-12-21,10449.05,10455.4,10448.7,10453.9,10:50:00,10452.209297542198,3,20
2017-12-21,10453.15,10455.7,10448.15,10449.0,10:55:00,10452.298888252464,3,21
2017-12-21,10452.15,10453.05,10450.15,10453.0,11:00:00,10452.284708418898,3,22
2017-12-21,10452.6,10456.45,10450.95,10451.9,11:05:00,10452.314736188528,3,23
2017-12-21,10449.45,10457.75,10448.9,10452.8,11:10:00,10452.041904170572,3,24
2017-12-21,10453.45,10455.3,10448.65,10448.85,11:15:00,10452.17600853528,3,25
2017-12-21,10456.6,10456.75,10453.15,10454.15,11:20:00,10452.597341055727,3,26
2017-12-21,10449.5,10456.55,10447.6,10456.55,11:25:00,10452.30235619328,3,27
2017-12-21,10442.7,10450.35,10440.55,10449.55,11:30:00,10451.387846079631,3,28
2017-12-21,10444.65,10447.5,10441.35,10442.65,11:35:00,10450.746146453002,3,29
2017-12-21,10446.9,10446.9,10441.6,10444.75,11:40:00,10450.379846790813,3,30
2017-12-21,10445.0,10448.3,10443.8,10447.0,11:45:00,10449.867480429784,3,31
2017-12-21,10441.5,10446.05,10440.35,10445.05,11:50:00,10449.070577531707,3,32
2017-12-21,10439.45,10441.85,10436.6,10441.75,11:55:00,10448.154332052498,3,33
2017-12-21,10441.65,10442.15,10437.9,10439.1,12:00:00,10447.53487185702,3,34
2017-12-21,10444.25,10446.55,10440.65,10441.85,12:05:00,10447.222026918258,3,35
2017-12-21,10445.4,10446.5,10443.15,10444.05,12:10:00,10447.04850054509,3,36
2017-12-21,10440.7,10447.6,10440.15,10445.35,12:15:00,10446.44388144556,3,37
2017-12-21,10443.0,10444.15,10438.65,10440.65,12:20:00,10446.11589273646,3,38
2017-12-21,10440.45,10444.75,10440.2,10443.3,12:25:00,10445.576283904416,3,39
2017-12-21,10435.2,10441.2,10434.95,10440.4,12:30:00,10444.588066389711,3,40
2017-12-21,10436.55,10437.35,10428.45,10434.8,12:35:00,10443.82253625736,3,41
2017-12-21,10439.15,10439.45,10434.5,10436.25,12:40:00,10443.377532804278,3,42
2017-12-21,10449.05,10450.75,10438.55,10439.35,12:45:00,10443.917767775298,3,43
2017-12-21,10452.05,10454.05,10448.45,10449.4,12:50:00,10444.692266082411,3,44
2017-12-21,10449.55,10453.95,10447.1,10452.0,12:55:00,10445.154907407898,3,45
2017-12-21,10450.5,10452.45,10446.75,10450.15,13:00:00,10445.66396384524,3,46
2017-12-21,10446.25,10451.2,10444.8,10450.3,13:05:00,10445.71977681236,3,47
2017-12-21,10448.95,10450.9,10445.3,10446.2,13:10:00,10446.027417115944,3,48
2017-12-21,10449.75,10450.1,10446.65,10449.0,13:15:00,10446.38194881919,3,49
2017-12-21,10450.15,10451.0,10447.15,10449.5,13:20:00,10446.740810836409,3,50
2017-12-21,10448.95,10450.35,10445.8,10450.35,13:25:00,10446.95120980437,3,51
2017-12-21,10449.35,10452.35,10448.65,10449.1,13:30:00,10447.179666013477,3,52
2017-12-21,10439.2,10450.75,10439.2,10449.5,13:35:00,10446.41969782172,3,53
2017-12-21,10442.05,10443.5,10437.3,10438.75,13:40:00,10446.003536124412,3,54
2017-12-21,10437.65,10442.75,10436.3,10442.4,13:45:00,10445.20796125542,3,55
2017-12-21,10445.25,10449.8,10436.4,10437.75,13:50:00,10445.211964945378,3,56
2017-12-21,10444.7,10447.05,10443.1,10445.55,13:55:00,10445.163206379151,3,57
2017-12-21,10442.55,10445.9,10440.1,10444.55,14:00:00,10444.914329581135,3,58
2017-12-21,10442.7,10446.1,10441.6,10442.65,14:05:00,10444.7034410496,3,59
2017-12-21,10445.2,10446.35,10442.1,10442.5,14:10:00,10444.750732378208,3,60
2017-12-21,10447.85,10449.1,10444.6,10445.75,14:15:00,10445.04590072314,3,61
2017-12-21,10446.35,10449.25,10439.45,10448.0,14:20:00,10445.17010065427,3,62
2017-12-21,10449.4,10451.15,10446.25,10446.25,14:25:00,10445.572948211004,3,63
2017-12-21,10453.3,10459.15,10448.9,10448.95,14:30:00,10446.308857905196,3,64
2017-12-21,10453.95,10455.1,10451.8,10453.15,14:35:00,10447.036585723748,3,65
2017-12-21,10450.05,10455.3,10448.95,10454.3,14:40:00,10447.323577559582,3,66
2017-12-21,10448.25,10450.6,10447.65,10449.75,14:45:00,10447.411808268194,3,67
2017-12-21,10443.0,10449.1,10440.15,10447.9,14:50:00,10446.991636052177,3,68
2017-12-21,10447.45,10450.25,10439.3,10442.9,14:55:00,10447.035289761494,3,69
2017-12-21,10453.0,10454.65,10447.15,10448.8,15:00:00,10447.603357403255,3,70
2017-12-21,10448.35,10455.0,10448.05,10453.6,15:05:00,10447.674466221992,3,71
2017-12-21,10443.0,10449.95,10441.5,10449.0,15:10:00,10447.229278962755,3,72
2017-12-21,10439.25,10445.75,10438.65,10444.7,15:15:00,10446.469347632972,3,73
2017-12-21,10434.5,10441.45,10433.75,10439.6,15:20:00,10445.329409763166,3,74
2017-12-21,10428.65,10435.7,10426.9,10433.85,15:25:00,10443.740894547627,3,75
2017-12-22,10460.15,10463.7,10448.25,10456.7,09:15:00,10445.303666495472,4,1
2017-12-22,10466.2,10466.95,10458.35,10460.3,09:20:00,10447.293793495905,4,2
2017-12-22,10466.05,10467.2,10462.75,10465.85,09:25:00,10449.080098877244,4,3
2017-12-22,10462.5,10467.6,10461.9,10465.95,09:30:00,10450.358184698458,4,4
2017-12-22,10458.8,10462.45,10456.55,10462.45,09:35:00,10451.16216710813,4,5
2017-12-22,10458.0,10461.5,10457.2,10458.9,09:40:00,10451.813389288309,4,6
2017-12-22,10456.55,10460.4,10455.35,10458.65,09:45:00,10452.264495070374,4,7
2017-12-22,10457.65,10460.5,10455.8,10457.35,09:50:00,10452.777400301768,4,8
2017-12-22,10462.35,10462.95,10456.65,10457.6,09:55:00,10453.689076463505,4,9
2017-12-22,10464.9,10467.85,10461.7,10462.55,10:00:00,10454.75678346698,4,10
2017-12-22,10470.15,10470.55,10464.05,10465.1,10:05:00,10456.222804089171,4,11
2017-12-22,10474.0,10479.25,10470.35,10470.35,10:10:00,10457.915870366392,4,12
2017-12-22,10474.25,10476.85,10473.4,10473.95,10:15:00,10459.471501760068,4,13
2017-12-22,10475.25,10477.55,10470.7,10474.45,10:20:00,10460.974215878156,4,14
2017-12-22,10477.95,10478.2,10475.0,10475.5,10:25:00,10462.590957223094,4,15
2017-12-22,10481.05,10483.25,10477.15,10477.5,10:30:00,10464.348961297084,4,16
2017-12-22,10481.7,10481.9,10479.0,10480.95,10:35:00,10466.001441173552,4,17
2017-12-22,10480.6,10483.3,10479.45,10481.9,10:40:00,10467.391780109405,4,18
2017-12-22,10487.6,10488.0,10480.35,10480.35,10:45:00,10469.316372479938,4,19
2017-12-22,10488.0,10492.35,10487.3,10488.1,10:50:00,10471.095765577087,4,20
2017-12-22,10485.2,10489.1,10484.45,10488.5,10:55:00,10472.439025998316,4,21
2017-12-22,10484.85,10488.9,10484.85,10485.3,11:00:00,10473.621023522286,4,22
2017-12-22,10482.1,10486.05,10479.85,10485.1,11:05:00,10474.428545091592,4,23
2017-12-22,10479.5,10483.45,10478.35,10482.4,11:10:00,10474.911540797157,4,24
2017-12-22,10480.1,10480.95,10477.75,10479.0,11:15:00,10475.405679768855,4,25
2017-12-22,10478.6,10480.15,10477.85,10479.75,11:20:00,10475.709900743252,4,26
2017-12-22,10474.65,10479.25,10471.95,10478.7,11:25:00,10475.608957815324,4,27
2017-12-22,10468.3,10475.45,10467.5,10474.75,11:30:00,10474.912866594816,4,28
2017-12-22,10474.7,10474.8,10467.85,10468.2,11:35:00,10474.892593585788,4,29
2017-12-22,10476.1,10477.0,10473.65,10474.8,11:40:00,10475.007584672856,4,30
2017-12-22,10480.0,10481.25,10475.7,10475.95,11:45:00,10475.48305279925,4,31
2017-12-22,10481.8,10483.9,10479.55,10479.8,11:50:00,10476.08466681837,4,32
2017-12-22,10477.35,10482.25,10474.65,10481.9,11:55:00,10476.20517474043,4,33
2017-12-22,10477.55,10478.9,10475.25,10477.65,12:00:00,10476.33325333658,4,34
2017-12-22,10476.9,10478.7,10476.05,10477.75,12:05:00,10476.387229209286,4,35
2017-12-22,10482.45,10482.65,10475.25,10476.55,12:10:00,10476.96463595126,4,36
2017-12-22,10483.05,10485.35,10481.9,10483.05,12:15:00,10477.544194432092,4,37
2017-12-22,10484.15,10486.0,10482.75,10483.9,12:20:00,10478.173318771893,4,38
2018-01-01,10524.2,10535.5,10518.0,10531.05,09:15:00,10482.556812222188,0,1
2018-01-01,10528.4,10534.8,10523.65,10523.65,09:20:00,10486.92283010579,0,2
2018-01-01,10522.95,10529.45,10522.35,10527.2,09:25:00,10490.353989143336,0,3
2018-01-01,10517.15,10522.7,10516.35,10522.5,09:30:00,10492.905990177303,0,4
2018-01-01,10519.3,10521.7,10516.6,10517.05,09:35:00,10495.419705398514,0,5
2018-01-01,10524.05,10524.05,10518.7,10519.35,09:40:00,10498.146400122463,0,6
2018-01-01,10524.95,10525.7,10521.85,10524.15,09:45:00,10500.699123920323,0,7
2018-01-01,10526.5,10527.5,10523.9,10523.95,09:50:00,10503.156350213629,0,8
2018-01-01,10526.95,10531.4,10525.5,10526.75,09:55:00,10505.422412098043,0,9
2018-01-01,10531.65,10532.15,10524.65,10526.4,10:00:00,10507.920277612517,0,10
2018-01-01,10531.6,10532.7,10529.75,10532.25,10:05:00,10510.175489268466,0,11
2018-01-01,10532.05,10533.05,10529.3,10531.45,10:10:00,10512.2587760048,0,12
2018-01-01,10533.7,10535.0,10531.5,10532.2,10:15:00,10514.300797337675,0,13
2018-01-01,10532.55,10534.45,10532.1,10533.85,10:20:00,10516.038816638851,0,14
2018-01-01,10531.1,10533.45,10529.7,10533.45,10:25:00,10517.4732150542,0,15
2018-01-01,10536.15,10536.35,10530.3,10531.7,10:30:00,10519.251956477608,0,16
2018-01-01,10532.85,10537.85,10532.75,10536.8,10:35:00,10520.547008241643,0,17
2018-01-01,10532.35,10533.05,10527.55,10533.05,10:40:00,10521.671102694823,0,18
2018-01-01,10534.5,10536.3,10531.55,10532.3,10:45:00,10522.892902438172,0,19
2018-01-01,10532.65,10535.4,10531.4,10535.4,10:50:00,10523.822149825011,0,20
2018-01-01,10532.35,10534.05,10531.3,10533.15,10:55:00,10524.634326032156,0,21
2018-01-01,10528.5,10533.4,10527.45,10532.45,11:00:00,10525.002485457666,0,22
2018-01-01,10526.85,10529.25,10525.65,10528.55,11:05:00,10525.178439223602,0,23
2018-01-01,10527.45,10528.2,10525.25,10527.3,11:10:00,10525.394778345164,0,24
2018-01-01,10530.4,10531.25,10527.45,10527.9,11:15:00,10525.871466121816,0,25
2018-01-01,10531.5,10533.15,10530.4,10531.1,11:20:00,10526.407516967356,0,26
2018-01-01,10530.6,10532.95,10529.45,10531.55,11:25:00,10526.806801065704,0,27
2018-01-01,10530.2,10531.95,10529.15,10530.65,11:30:00,10527.129962868969,0,28
2018-01-01,10532.85,10534.0,10530.45,10530.8,11:35:00,10527.67472831002,0,29
2018-01-01,10532.65,10534.2,10532.0,10533.1,11:40:00,10528.148563709066,0,30
2018-01-01,10531.45,10534.05,10530.95,10532.5,11:45:00,10528.462986212964,0,31
2018-01-01,10530.65,10532.8,10529.95,10531.55,11:50:00,10528.6712732403,0,32
2018-01-01,10525.85,10530.95,10525.45,10530.2,11:55:00,10528.40258055075,0,33
2018-01-01,10524.0,10526.8,10524.0,10525.65,12:00:00,10527.983287164963,0,34
2018-01-01,10523.35,10524.55,10521.15,10524.1,12:05:00,10527.54202172068,0,35
2018-01-01,10523.3,10524.9,10522.7,10523.4,12:10:00,10527.138019652046,0,36
2018-01-01,10523.35,10525.15,10522.7,10523.25,12:15:00,10526.77725587566,0,37
2018-01-01,10522.7,10524.0,10521.7,10523.1,12:20:00,10526.388945792263,0,38
2018-01-01,10520.2,10523.25,10519.65,10522.85,12:25:00,10525.799522383477,0,39
2018-01-01,10523.5,10525.0,10519.75,10519.75,12:30:00,10525.580520251717,0,40
2018-01-01,10523.2,10524.35,10521.65,10524.2,12:35:00,10525.353804037266,0,41
2018-01-01,10525.0,10525.4,10522.3,10523.15,12:40:00,10525.32010841467,0,42
2018-01-01,10520.05,10525.65,10520.05,10525.45,12:45:00,10524.818193327555,0,43
2018-01-01,10518.2,10520.4,10518.15,10520.2,12:50:00,10524.187889201125,0,44
2018-01-01,10519.5,10520.45,10517.7,10518.1,12:55:00,10523.74142356292,0,45
2018-01-01,10519.5,10520.6,10518.05,10519.4,13:00:00,10523.33747846169,0,46
2018-01-01,10518.4,10520.1,10516.9,10519.8,13:05:00,10522.86724241772,0,47
2018-01-01,10515.65,10522.05,10515.65,10518.1,13:10:00,10522.179885996986,0,48
2018-01-01,10512.9,10517.25,10512.6,10516.15,13:15:00,10521.296087330607,0,49
2018-01-01,10507.35,10513.15,10506.5,10512.95,13:20:00,10519.967888537218,0,50
2018-01-01,10512.2,10513.25,10504.25,10507.4,13:25:00,10519.22808962891,0,51
2018-01-01,10515.0,10516.65,10511.0,10512.05,13:30:00,10518.825414426155,0,52
2018-01-01,10513.35,10516.1,10512.7,10515.35,13:35:00,10518.30394638557,0,53
2018-01-01,10512.25,10513.7,10511.5,10513.25,13:40:00,10517.727380063134,0,54
2018-01-01,10512.7,10513.65,10511.25,10512.15,13:45:00,10517.248581961883,0,55
2018-01-01,10512.2,10513.8,10511.6,10512.95,13:50:00,10516.76776463218,0,56
2018-01-01,10513.65,10514.5,10511.15,10512.05,13:55:00,10516.470834667209,0,57
2018-01-01,10516.85,10518.35,10511.65,10514.8,14:00:00,10516.506945651285,0,58
2018-01-01,10518.5,10518.6,10514.5,10517.1,14:05:00,10516.696760351162,0,59
2018-01-01,10521.95,10524.7,10517.7,10520.65,14:10:00,10517.197068889149,0,60
2018-01-01,10522.75,10525.55,10521.2,10523.6,14:15:00,10517.725919471131,0,61
2018-01-01,10529.4,10530.7,10521.55,10524.9,14:20:00,10518.837736664358,0,62
2018-01-01,10527.75,10531.65,10527.35,10531.65,14:25:00,10519.686523648705,0,63
2018-01-01,10526.9,10530.65,10523.95,10530.1,14:30:00,10520.373521396446,0,64
2018-01-01,10525.7,10528.35,10523.55,10527.85,14:35:00,10520.880805072977,0,65
2018-01-01,10525.35,10529.65,10521.55,10524.05,14:40:00,10521.306442685074,0,66
2018-01-01,10519.75,10528.1,10519.65,10525.7,14:45:00,10521.1582100484,0,67
2018-01-01,10488.2,10522.65,10487.9,10522.65,14:50:00,10518.019332900934,0,68
2018-01-01,10465.05,10490.15,10463.65,10487.6,14:55:00,10512.974634529415,0,69
2018-01-01,10439.65,10464.2,10438.1,10462.2,15:00:00,10505.991336002806,0,70
2018-01-01,10434.3,10444.05,10423.1,10440.95,15:05:00,10499.163589716823,0,71
2018-01-01,10443.25,10446.25,10434.0,10434.0,15:10:00,10493.838485934271,0,72
2018-01-01,10437.1,10442.7,10426.95,10442.1,15:15:00,10488.434820607195,0,73
2018-01-01,10430.45,10436.45,10427.95,10436.45,15:20:00,10482.912456739845,0,74
2018-01-01,10434.8,10438.65,10430.4,10430.6,15:25:00,10478.330318002716,0,75
2018-01-02,10477.35,10495.2,10469.0,10475.3,09:15:00,10478.23695438341,1,1
2018-01-02,10466.7,10481.65,10464.55,10477.55,09:20:00,10477.138196823083,1,2
2018-01-02,10475.8,10476.3,10466.3,10466.4,09:25:00,10477.0107495066,1,3
2018-01-02,10457.2,10476.1,10455.8,10476.1,09:30:00,10475.124011458352,1,4
2018-01-02,10437.4,10461.1,10430.6,10457.5,09:35:00,10471.53124846232,1,5
2018-01-02,10447.75,10447.75,10431.0,10437.7,09:40:00,10469.266367656384,1,6
2018-01-02,10429.55,10452.8,10428.25,10448.4,09:45:00,10465.483856451014,1,7
2018-01-02,10438.95,10441.55,10428.95,10429.6,09:50:00,10462.9568225033,1,8
2018-01-02,10437.6,10440.5,10432.8,10439.4,09:55:00,10460.541887026797,1,9
2018-01-02,10420.3,10437.7,10419.7,10437.7,10:00:00,10456.709326357575,1,10
2018-01-02,10413.0,10424.45,10411.5,10420.45,10:05:00,10452.54653337114,1,11
2018-01-02,10428.35,10428.35,10409.65,10412.8,10:10:00,10450.242101621508,1,12
2018-01-02,10427.0,10430.8,10426.15,10428.5,10:15:00,10448.028568133745,1,13
2018-01-02,10438.9,10440.0,10426.1,10427.5,10:20:00,10447.159180692432,1,14
2018-01-02,10442.15,10442.15,10434.2,10438.65,10:25:00,10446.682115864583,1,15
2018-01-02,10438.55,10444.0,10435.9,10442.3,10:30:00,10445.907628639385,1,16
2018-01-02,10444.5,10445.7,10438.15,10438.9,10:35:00,10445.773568768967,1,17
2018-01-02,10442.1,10455.15,10439.85,10444.35,10:40:00,10445.423705076684,1,18
2018-01-02,10449.6,10451.7,10441.6,10442.65,10:45:00,10445.821447450337,1,19
2018-01-02,10434.75,10449.9,10433.8,10449.7,10:50:00,10444.767023883636,1,20
2018-01-02,10444.25,10445.4,10434.05,10434.85,10:55:00,10444.717783513766,1,21
2018-01-02,10445.9,10447.15,10443.2,10444.0,11:00:00,10444.830375560075,1,22
2018-01-02,10443.8,10445.6,10437.7,10445.45,11:05:00,10444.732244554354,1,23
2018-01-02,10445.6,10449.55,10442.9,10444.3,11:10:00,10444.814887930132,1,24
2018-01-02,10441.25,10447.75,10440.95,10445.8,11:15:00,10444.475374793928,1,25
2018-01-02,10429.65,10441.4,10428.95,10441.4,11:20:00,10443.063434337364,1,26
2018-01-02,10434.8,10434.95,10428.55,10430.0,11:25:00,10442.276440590947,1,27
2018-01-02,10438.35,10438.35,10433.8,10434.4,11:30:00,10441.902493868,1,28
2018-01-02,10438.05,10442.7,10437.4,10438.5,11:35:00,10441.535589690096,1,29
2018-01-02,10442.55,10443.45,10436.8,10438.1,11:40:00,10441.6322001958,1,30
2018-01-02,10438.2,10443.35,10438.2,10443.0,11:45:00,10441.305323986677,1,31
2018-01-02,10436.9,10438.5,10433.2,10438.45,11:50:00,10440.88576932128,1,32
2018-01-02,10438.95,10441.15,10435.8,10437.4,11:55:00,10440.7014103383,1,33
2018-01-02,10443.2,10445.35,10437.45,10438.6,12:00:00,10440.939371258462,1,34
2018-01-02,10444.2,10445.2,10439.8,10443.4,12:05:00,10441.249907329086,1,35
2018-01-02,10439.1,10445.55,10438.35,10444.45,12:10:00,10441.045154250123,1,36
2018-01-02,10442.6,10442.8,10438.6,10439.35,12:15:00,10441.193234797733,1,37
2018-01-02,10449.35,10449.65,10440.65,10442.35,12:20:00,10441.9700695789,1,38
2018-01-02,10453.95,10454.8,10449.25,10449.6,12:25:00,10443.11101533329,1,39
2018-01-02,10449.4,10454.4,10447.25,10454.25,12:30:00,10443.709966253928,1,40
2018-01-02,10452.2,10452.25,10448.5,10449.7,12:35:00,10444.518540896412,1,41
2018-01-02,10447.35,10452.9,10444.7,10452.25,12:40:00,10444.788203668182,1,42
2018-01-02,10439.5,10447.3,10435.05,10447.3,12:45:00,10444.284565223594,1,43
2018-01-02,10439.35,10441.35,10436.8,10439.65,12:50:00,10443.814606630873,1,44
2018-01-02,10435.9,10439.5,10432.15,10439.5,12:55:00,10443.060834570788,1,45
2018-01-02,10432.7,10436.0,10429.35,10436.0,13:00:00,10442.07408842119,1,46
2018-01-02,10437.55,10438.6,10430.7,10433.0,13:05:00,10441.643222857268,1,47
2018-01-02,10436.75,10438.5,10434.55,10437.5,13:10:00,10441.177201632763,1,48
2018-01-02,10437.15,10437.45,10431.7,10436.8,13:15:00,10440.79365862012,1,49
2018-01-02,10436.85,10437.5,10433.85,10437.0,13:20:00,10440.418072084873,1,50
2018-01-02,10440.8,10443.4,10434.45,10437.1,13:25:00,10440.454446172029,1,51
2018-01-02,10442.25,10444.25,10438.85,10441.15,13:30:00,10440.625451298502,1,52
2018-01-02,10437.0,10442.7,10436.55,10442.4,13:35:00,10440.280170222451,1,53
2018-01-02,10443.2,10443.2,10436.4,10437.1,13:40:00,10440.558249248888,1,54
2018-01-02,10446.3,10447.2,10442.55,10444.45,13:45:00,10441.105082653754,1,55
2018-01-02,10436.7,10447.55,10435.75,10447.55,13:50:00,10440.685550972445,1,56
2018-01-02,10425.4,10438.65,10424.5,10438.35,13:55:00,10439.229784213165,1,57
2018-01-02,10420.65,10427.35,10416.05,10427.35,14:00:00,10437.460280954769,1,58
2018-01-02,10424.85,10435.5,10421.25,10423.2,14:05:00,10436.25930181622,1,59
2018-01-02,10423.4,10429.05,10422.5,10426.85,14:10:00,10435.034606405152,1,60
2018-01-02,10413.3,10425.8,10412.55,10425.25,14:15:00,10432.964643890376,1,61
2018-01-02,10425.2,10426.25,10413.45,10414.05,14:20:00,10432.225153996054,1,62
2018-01-02,10419.05,10426.9,10415.85,10426.9,14:25:00,10430.970377425,1,63
2018-01-02,10414.3,10420.4,10413.8,10420.1,14:30:00,10429.382722432145,1,64
2018-01-02,10415.25,10415.85,10404.65,10415.75,14:35:00,10428.036748867178,1,65
2018-01-02,10422.15,10425.1,10416.3,10416.85,14:40:00,10427.476106117923,1,66
2018-01-02,10430.5,10438.8,10422.6,10424.6,14:45:00,10427.764096011457,1,67
2018-01-02,10431.35,10434.1,10426.8,10433.6,14:50:00,10428.105610677032,1,68
2018-01-02,10431.55,10436.7,10429.3,10434.25,14:55:00,10428.43364775541,1,69
2018-01-02,10448.95,10449.9,10431.65,10433.8,15:00:00,10430.387586064418,1,70
2018-01-02,10446.35,10451.8,10443.5,10450.3,15:05:00,10431.907815963044,1,71
2018-01-02,10445.1,10448.3,10437.5,10448.3,15:10:00,10433.164214442755,1,72
2018-01-02,10442.6,10447.2,10437.7,10447.2,15:15:00,10434.0628606863,1,73
2018-01-02,10439.2,10443.1,10437.95,10443.0,15:20:00,10434.55211204951,1,74
2018-01-02,10441.05,10443.85,10438.1,10438.9,15:25:00,10435.170958520986,1,75
2018-01-03,10471.1,10485.5,10462.7,10481.4,09:15:00,10438.592771995178,2,1
2018-01-03,10471.3,10476.1,10467.25,10470.6,09:20:00,10441.707746090877,2,2
2018-01-03,10471.15,10475.05,10466.3,10471.0,09:25:00,10444.511770272697,2,3
2018-01-03,10466.35,10471.0,10460.55,10470.75,09:30:00,10446.591601675296,2,4
2018-01-03,10466.65,10471.85,10464.35,10466.6,09:35:00,10448.501925325269,2,5
2018-01-03,10466.9,10468.35,10465.4,10466.95,09:40:00,10450.25412291334,2,6
2018-01-03,10483.4,10483.5,10466.25,10466.75,09:45:00,10453.410873112069,2,7
2018-01-03,10479.75,10486.55,10477.85,10483.1,09:50:00,10455.919361387108,2,8
2018-01-03,10486.7,10487.6,10477.9,10479.65,09:55:00,10458.850850778812,2,9
2018-01-03,10498.2,10503.6,10485.75,10486.55,10:00:00,10462.59838879988,2,10
2018-01-03,10492.85,10498.05,10489.15,10497.65,10:05:00,10465.479494628464,2,11
2018-01-03,10495.55,10495.75,10490.15,10493.15,10:10:00,10468.343352282896,2,12
2018-01-03,10494.85,10498.25,10493.1,10495.6,10:15:00,10470.86779492262,2,13
2018-01-03,10491.75,10495.8,10489.9,10495.05,10:20:00,10472.85657635856,2,14
2018-01-03,10494.2,10496.8,10490.3,10492.05,10:25:00,10474.889283372033,2,15
2018-01-03,10494.4,10495.95,10491.95,10494.4,10:30:00,10476.74744686041,2,16
2018-01-03,10493.45,10494.75,10491.65,10494.7,10:35:00,10478.33816620704,2,17
2018-01-03,10490.1,10494.9,10490.0,10493.35,10:40:00,10479.458340853987,2,18
2018-01-03,10488.05,10490.85,10482.3,10490.45,10:45:00,10480.27659410599,2,19
2018-01-03,10485.35,10490.4,10484.55,10488.3,10:50:00,10480.759775619705,2,20
2018-01-03,10488.5,10489.7,10484.5,10485.45,10:55:00,10481.4969398464,2,21
2018-01-03,10486.35,10489.65,10485.8,10488.1,11:00:00,10481.959136051506,2,22
2018-01-03,10483.85,10486.1,10481.0,10486.1,11:05:00,10482.139218332317,2,23
2018-01-03,10477.8,10483.8,10476.55,10483.8,11:10:00,10481.725959443524,2,24
2018-01-03,10479.0,10479.75,10476.2,10478.2,11:15:00,10481.466344258426,2,25
2018-01-03,10482.75,10483.75,10478.95,10479.25,11:20:00,10481.588597186195,2,26
2018-01-03,10484.8,10486.05,10482.45,10482.8,11:25:00,10481.894445073223,2,27
2018-01-03,10482.85,10486.7,10482.85,10484.75,11:30:00,10481.985450304344,2,28
2018-01-03,10481.1,10483.45,10480.0,10482.9,11:35:00,10481.901121703931,2,29
2018-01-03,10482.45,10482.9,10479.95,10480.95,11:40:00,10481.953395827368,2,30
2018-01-03,10483.15,10484.7,10481.6,10482.35,11:45:00,10482.067358129523,2,31
2018-01-03,10483.5,10484.8,10481.55,10483.6,11:50:00,10482.203800212425,2,32
2018-01-03,10485.1,10486.8,10483.0,10483.4,11:55:00,10482.479628763624,2,33
2018-01-03,10480.45,10486.6,10480.25,10485.2,12:00:00,10482.286330786135,2,34
2018-01-03,10477.4,10480.95,10475.85,10480.75,12:05:00,10481.82096594936,2,35
2018-01-03,10477.65,10480.0,10477.15,10477.35,12:10:00,10481.42373109704,2,36
2018-01-03,10480.65,10482.95,10475.85,10477.6,12:15:00,10481.35004242113,2,37
2018-01-03,10479.6,10483.3,10479.2,10480.45,12:20:00,10481.183371714356,2,38
2018-01-03,10478.55,10480.4,10477.25,10479.75,12:25:00,10480.932574408229,2,39
2018-01-03,10477.25,10479.25,10476.1,10478.4,12:30:00,10480.581853036016,2,40
2018-01-03,10470.8,10477.3,10470.8,10477.15,12:35:00,10479.650247984968,2,41
2018-01-03,10461.25,10471.05,10454.65,10470.85,12:40:00,10477.89784341497,2,42
2018-01-03,10461.7,10465.1,10459.15,10461.2,12:45:00,10476.355191661163,2,43
2018-01-03,10464.6,10465.65,10460.65,10460.95,12:50:00,10475.235649598197,2,44
2018-01-03,10468.45,10471.15,10463.6,10464.3,12:55:00,10474.58939725551,2,45
2018-01-03,10465.55,10469.1,10463.1,10468.6,13:00:00,10473.728502278796,2,46
2018-01-03,10464.8,10468.9,10464.6,10465.75,13:05:00,10472.878168728434,2,47
2018-01-03,10467.65,10468.2,10464.2,10464.6,13:10:00,10472.380247897154,2,48
2018-01-03,10472.7,10472.7,10466.9,10467.6,13:15:00,10472.410700478376,2,49
2018-01-03,10472.35,10476.55,10470.55,10473.0,13:20:00,10472.404919480436,2,50
2018-01-03,10472.5,10474.0,10470.45,10472.45,13:25:00,10472.413974768013,2,51
2018-01-03,10471.3,10472.7,10467.6,10472.45,13:30:00,10472.307881932964,2,52
2018-01-03,10471.15,10475.45,10470.8,10471.5,13:35:00,10472.197607463158,2,53
2018-01-03,10465.65,10471.9,10463.8,10471.6,13:40:00,10471.5740258,2,54
2018-01-03,10464.0,10469.05,10463.65,10465.45,13:45:00,10470.852690009526,2,55
2018-01-03,10470.7,10471.05,10462.4,10463.85,13:50:00,10470.838148103858,2,56
2018-01-03,10474.5,10475.8,10468.15,10471.05,13:55:00,10471.186895903493,2,57
2018-01-03,10474.6,10476.5,10470.9,10476.5,14:00:00,10471.511953436491,2,58
2018-01-03,10472.55,10476.6,10471.7,10476.6,14:05:00,10471.61081501397,2,59
2018-01-03,10469.1,10474.25,10468.85,10473.35,14:10:00,10471.371689774543,2,60
2018-01-03,10465.75,10474.05,10463.35,10469.6,14:15:00,10470.836290748395,2,61
2018-01-03,10455.2,10467.55,10454.2,10467.55,14:20:00,10469.347120200931,2,62
2018-01-03,10451.25,10456.3,10443.95,10456.3,14:25:00,10467.6235849437,2,63
2018-01-03,10442.7,10453.15,10442.05,10453.15,14:30:00,10465.249910187156,2,64
2018-01-03,10442.75,10445.05,10433.65,10444.35,14:35:00,10463.107061597902,2,65
2018-01-03,10431.65,10446.2,10430.95,10443.9,14:40:00,10460.111150969533,2,66
2018-01-03,10437.1,10438.9,10429.55,10432.15,14:45:00,10457.919612781956,2,67
2018-01-03,10440.45,10440.55,10436.5,10439.45,14:50:00,10456.255840136057,2,68
2018-01-03,10443.7,10447.45,10440.65,10441.35,14:55:00,10455.060045837385,2,69
2018-01-03,10445.15,10450.05,10442.95,10444.0,15:00:00,10454.11623194811,2,70
2018-01-03,10440.25,10449.6,10439.75,10446.1,15:05:00,10452.79563842924,2,71
2018-01-03,10440.65,10441.75,10435.3,10440.8,15:10:00,10451.63891095979,2,72
2018-01-03,10444.55,10446.3,10439.55,10441.4,15:15:00,10450.963776582666,2,73
2018-01-03,10446.15,10446.85,10442.15,10444.3,15:20:00,10450.505321670033,2,74
2018-01-03,10446.75,10446.8,10441.6,10446.5,15:25:00,10450.147671987172,2,75
2018-01-04,10453.2,10470.1,10452.65,10464.0,09:15:00,10450.438369893154,3,1
2018-01-04,10443.75,10453.1,10441.45,10452.75,09:20:00,10449.801382284282,3,2
2018-01-04,10457.55,10457.65,10443.65,10444.05,09:25:00,10450.539345876256,3,3
2018-01-04,10457.6,10457.6,10447.4,10457.35,09:30:00,10451.211789126137,3,4
2018-01-04,10457.25,10459.5,10452.45,10457.25,09:35:00,10451.786856828408,3,5
2018-01-04,10460.4,10463.35,10457.35,10457.35,09:40:00,10452.607156178085,3,6
2018-01-04,10460.3,10462.5,10455.8,10461.25,09:45:00,10453.339807970648,3,7
2018-01-04,10459.3,10464.75,10459.2,10460.05,09:50:00,10453.907445306775,3,8
2018-01-04,10459.45,10461.7,10458.7,10459.2,09:55:00,10454.435307658512,3,9
2018-01-04,10463.35,10464.45,10459.65,10459.75,10:00:00,10455.284325976749,3,10
2018-01-04,10458.2,10464.6,10457.3,10463.25,10:05:00,10455.562009217056,3,11
2018-01-04,10450.6,10458.4,10450.2,10458.3,10:10:00,10455.08943691067,3,12
2018-01-04,10455.75,10460.5,10449.95,10450.5,10:15:00,10455.152347681082,3,13
2018-01-04,10456.85,10458.15,10455.55,10455.55,10:20:00,10455.314028854313,3,14
2018-01-04,10454.2,10458.3,10454.1,10457.05,10:25:00,10455.207930868188,3,15
2018-01-04,10453.35,10454.5,10447.65,10454.5,10:30:00,10455.030985071216,3,16
2018-01-04,10450.45,10454.25,10449.4,10452.8,10:35:00,10454.59470077872,3,17
2018-01-04,10454.15,10455.15,10449.9,10450.4,10:40:00,10454.552348323605,3,18
2018-01-04,10458.55,10459.25,10453.75,10454.4,10:45:00,10454.933077054688,3,19
2018-01-04,10456.5,10458.25,10454.15,10458.15,10:50:00,10455.082307811384,3,20
2018-01-04,10459.75,10462.25,10456.2,10456.65,10:55:00,10455.526849924585,3,21
2018-01-04,10458.65,10462.25,10455.85,10459.85,11:00:00,10455.82429278891,3,22
2018-01-04,10455.55,10459.95,10455.45,10458.35,11:05:00,10455.798169666155,3,23
2018-01-04,10457.35,10457.7,10455.15,10455.6,11:10:00,10455.945963031283,3,24
2018-01-04,10458.45,10460.9,10455.2,10457.25,11:15:00,10456.184442742591,3,25
2018-01-04,10461.2,10462.0,10457.85,10458.3,11:20:00,10456.662114862344,3,26
2018-01-04,10464.3,10469.25,10461.3,10461.4,11:25:00,10457.389532494502,3,27
2018-01-04,10466.05,10466.55,10462.05,10464.0,11:30:00,10458.214338923595,3,28
2018-01-04,10467.3,10468.7,10465.0,10466.25,11:35:00,10459.079639978492,3,29
2018-01-04,10466.45,10468.3,10465.6,10467.4,11:40:00,10459.781579028158,3,30
2018-01-04,10461.7,10468.7,10461.05,10466.5,11:45:00,10459.964285787382,3,31
2018-01-04,10463.0,10463.85,10460.25,10461.65,11:50:00,10460.25340142668,3,32
2018-01-04,10462.9,10464.2,10462.2,10463.15,11:55:00,10460.505458433665,3,33
2018-01-04,10469.45,10469.45,10462.5,10463.55,12:00:00,10461.35731953522,3,34
2018-01-04,10467.5,10469.6,10464.8,10469.55,12:05:00,10461.94233672234,3,35
2018-01-04,10473.5,10475.9,10466.95,10467.3,12:10:00,10463.043066558308,3,36
2018-01-04,10474.35,10475.8,10471.95,10473.9,12:15:00,10464.119917362275,3,37
2018-01-04,10473.8,10475.45,10472.45,10474.25,12:20:00,10465.04182999444,3,38
2018-01-04,10470.25,10474.05,10468.9,10473.85,12:25:00,10465.537846185449,3,39
2018-01-04,10472.05,10473.85,10470.1,10470.2,12:30:00,10466.158051310644,3,40
2018-01-04,10476.5,10476.85,10471.9,10471.9,12:35:00,10467.142998804868,3,41
2018-01-04,10475.1,10478.7,10474.05,10476.6,12:40:00,10467.9008084425,3,42
2018-01-04,10475.05,10475.65,10472.8,10475.05,12:45:00,10468.581683828928,3,43
2018-01-04,10472.6,10475.55,10471.8,10475.1,12:50:00,10468.964380607124,3,44
2018-01-04,10465.2,10474.4,10464.5,10472.55,12:55:00,10468.60586816835,3,45
2018-01-04,10470.85,10473.15,10465.25,10465.25,13:00:00,10468.81959500946,3,46
2018-01-04,10473.5,10474.05,10469.9,10470.65,13:05:00,10469.2653478657,3,47
2018-01-04,10474.3,10474.75,10471.8,10473.55,13:10:00,10469.744838545155,3,48
2018-01-04,10475.0,10475.6,10472.3,10474.5,13:15:00,10470.245330112286,3,49
2018-01-04,10474.9,10476.45,10474.35,10475.15,13:20:00,10470.688632006357,3,50
2018-01-04,10472.9,10477.0,10472.35,10474.8,13:25:00,10470.89923848194,3,51
2018-01-04,10472.95,10476.1,10472.1,10472.7,13:30:00,10471.094549102709,3,52
2018-01-04,10478.9,10480.5,10471.4,10472.8,13:35:00,10471.83792537864,3,53
2018-01-04,10484.85,10491.15,10478.6,10480.45,13:40:00,10473.077170580676,3,54
2018-01-04,10488.85,10490.25,10484.95,10486.05,13:45:00,10474.579344811084,3,55
2018-01-04,10491.65,10496.4,10487.95,10490.2,13:50:00,10476.205121495745,3,56
2018-01-04,10490.8,10493.9,10489.15,10493.0,13:55:00,10477.59510992472,3,57
2018-01-04,10493.25,10497.05,10491.05,10492.55,14:00:00,10479.086051836652,3,58
2018-01-04,10481.55,10494.35,10475.85,10494.35,14:05:00,10479.320713566496,3,59
2018-01-04,10485.4,10491.5,10482.7,10482.7,14:10:00,10479.899693226833,3,60
2018-01-04,10486.35,10488.75,10483.3,10485.2,14:15:00,10480.51400815761,3,61
2018-01-04,10482.85,10488.7,10481.6,10486.5,14:20:00,10480.73648357117,3,62
2018-01-04,10481.45,10485.1,10480.3,10483.75,14:25:00,10480.804437516774,3,63
2018-01-04,10488.4,10489.7,10481.7,10482.7,14:30:00,10481.527824419938,3,64
2018-01-04,10490.35,10492.75,10487.4,10490.0,14:35:00,10482.36803161804,3,65
2018-01-04,10483.4,10492.1,10480.7,10492.1,14:40:00,10482.466314321084,3,66
2018-01-04,10492.05,10492.1,10484.25,10485.0,14:45:00,10483.379046290504,3,67
2018-01-04,10491.95,10493.15,10489.9,10492.25,14:50:00,10484.195327596171,3,68
2018-01-04,10483.55,10493.65,10483.55,10492.45,14:55:00,10484.133867825109,3,69
2018-01-04,10503.45,10505.8,10484.6,10484.6,15:00:00,10485.973499460812,3,70
2018-01-04,10500.55,10503.8,10496.9,10503.2,15:05:00,10487.3617376074,3,71
2018-01-04,10503.95,10504.4,10498.2,10500.45,15:10:00,10488.94157212098,3,72
2018-01-04,10505.4,10513.0,10502.9,10502.9,15:15:00,10490.509041442792,3,73
2018-01-04,10508.2,10508.9,10503.7,10505.45,15:20:00,10492.193894638716,3,74
2018-01-04,10506.3,10510.6,10504.9,10508.1,15:25:00,10493.537333244552,3,75
2018-01-05,10536.85,10536.85,10522.3,10530.45,09:15:00,10497.662349126023,4,1
2018-01-05,10536.9,10540.05,10534.15,10537.1,09:20:00,10501.39926825688,4,2
2018-01-05,10540.5,10541.2,10533.55,10536.95,09:25:00,10505.12314747051,4,3
2018-01-05,10546.8,10550.2,10539.75,10539.75,09:30:00,10509.092371520936,4,4
2018-01-05,10550.05,10554.3,10545.65,10546.25,09:35:00,10512.993098042753,4,5
2018-01-05,10544.8,10550.9,10540.25,10549.4,09:40:00,10516.022326800585,4,6
2018-01-05,10551.3,10552.75,10544.35,10544.85,09:45:00,10519.38210520053,4,7
2018-01-05,10552.05,10555.1,10550.95,10551.35,09:50:00,10522.49333327667,4,8
2018-01-05,10552.55,10553.6,10550.45,10551.95,09:55:00,10525.355872964608,4,9
2018-01-05,10554.4,10555.05,10550.8,10552.65,10:00:00,10528.12198030131,4,10
2018-01-05,10560.95,10560.95,10553.15,10554.3,10:05:00,10531.24845836785,4,11
2018-01-05,10554.15,10562.8,10553.55,10560.2,10:10:00,10533.429557570911,4,12
2018-01-05,10554.05,10555.9,10551.8,10553.95,10:15:00,10535.393409230826,4,13
2018-01-05,10547.55,10553.9,10546.3,10553.9,10:20:00,10536.551179780272,4,14
2018-01-05,10549.25,10550.6,10544.9,10547.45,10:25:00,10537.76059122977,4,15
2018-01-05,10552.15,10552.3,10548.6,10549.1,10:30:00,10539.13101111265,4,16
2018-01-05,10548.75,10552.75,10547.5,10552.05,10:35:00,10540.047105292397,4,17
2018-01-05,10550.1,10551.75,10547.45,10548.1,10:40:00,10541.004523835978,4,18
2018-01-05,10548.2,10549.8,10546.85,10549.8,10:45:00,10541.68980728017,4,19
2018-01-05,10548.35,10550.9,10547.05,10547.95,10:50:00,10542.324111348726,4,20
2018-01-05,10547.4,10549.55,10546.45,10548.4,10:55:00,10542.807529315514,4,21
2018-01-05,10548.0,10549.45,10546.9,10547.7,11:00:00,10543.302050333084,4,22
2018-01-05,10548.45,10549.25,10546.1,10547.95,11:05:00,10543.792331253744,4,23
2018-01-05,10546.3,10548.9,10545.55,10548.25,11:10:00,10544.031156848623,4,24
2018-01-05,10545.6,10547.05,10544.2,10546.7,11:15:00,10544.180570482087,4,25
2018-01-05,10542.6,10545.95,10542.15,10545.55,11:20:00,10544.030039959984,4,26
2018-01-05,10541.65,10544.75,10541.2,10542.35,11:25:00,10543.803369487605,4,27
2018-01-05,10536.2,10541.9,10535.65,10541.9,11:30:00,10543.079239060216,4,28
2018-01-05,10528.55,10536.05,10526.65,10536.05,11:35:00,10541.695502006862,4,29
2018-01-05,10533.45,10533.9,10527.25,10528.5,11:40:00,10540.910216101443,4,30
2018-01-05,10535.0,10535.0,10530.8,10532.95,11:45:00,10540.347338377498,4,31
2018-01-05,10535.8,10537.8,10534.35,10534.85,11:50:00,10539.914258532022,4,32
2018-01-05,10536.05,10537.75,10535.3,10535.75,11:55:00,10539.546233909923,4,33
2018-01-05,10528.25,10535.65,10528.05,10535.5,12:00:00,10538.470402108978,4,34
2018-01-05,10531.9,10532.0,10520.1,10528.1,12:05:00,10537.844649527173,4,35
2018-01-05,10534.7,10535.2,10531.85,10532.1,12:10:00,10537.545159096013,4,36
2018-01-05,10531.1,10535.15,10528.3,10534.8,12:15:00,10536.931334420202,4,37
2018-01-05,10529.7,10531.15,10528.2,10530.75,12:20:00,10536.242635903993,4,38
2018-01-05,10532.5,10533.25,10529.15,10529.65,12:25:00,10535.886194389328,4,39
2018-01-05,10538.85,10538.9,10532.45,10532.45,12:30:00,10536.168461590343,4,40
2018-01-05,10538.95,10539.55,10537.55,10539.2,12:35:00,10536.433370010313,4,41
2018-01-05,10538.1,10540.65,10537.75,10538.8,12:40:00,10536.592096675997,4,42
2018-01-05,10538.25,10538.55,10536.35,10538.15,12:45:00,10536.749992230663,4,43
2018-01-05,10535.3,10538.5,10534.7,10538.3,12:50:00,10536.611897732506,4,44
2018-01-05,10534.3,10535.4,10531.45,10535.4,12:55:00,10536.391716996077,4,45
2018-01-05,10536.25,10537.0,10534.15,10534.7,13:00:00,10536.378220139308,4,46
2018-01-05,10535.3,10536.4,10534.2,10536.3,13:05:00,10536.275532506994,4,47
2018-01-05,10536.4,10536.4,10533.3,10535.4,13:10:00,10536.287386553948,4,48
2018-01-05,10538.3,10538.4,10535.35,10535.75,13:15:00,10536.479064025,4,49
2018-01-05,10540.25,10542.55,10537.8,10538.65,13:20:00,10536.838200784525,4,50
2018-01-05,10538.2,10540.3,10537.65,10540.3,13:25:00,10536.967895947902,4,51
2018-01-05,10535.9,10539.3,10532.1,10538.25,13:30:00,10536.866191571911,4,52
2018-01-05,10539.75,10541.85,10534.85,10535.85,13:35:00,10537.140839993634,4,53
2018-01-05,10542.4,10545.15,10539.5,10540.05,13:40:00,10537.641712375193,4,54
2018-01-05,10544.15,10544.15,10541.35,10542.2,13:45:00,10538.26154929184,4,55
2018-01-05,10546.4,10548.9,10543.2,10543.7,13:50:00,10539.036639835474,4,56
2018-01-05,10547.15,10548.7,10545.35,10545.4,13:55:00,10539.809340803526,4,57
2018-01-05,10542.8,10548.95,10542.55,10547.05,14:00:00,10540.094165488905,4,58
2018-01-05,10546.45,10548.2,10538.35,10542.7,14:05:00,10540.69948306139,4,59
2018-01-05,10549.6,10551.3,10546.55,10546.55,14:10:00,10541.547151341258,4,60
2018-01-05,10550.85,10553.9,10549.3,10549.85,14:15:00,10542.433136927804,4,61
2018-01-05,10550.1,10551.95,10545.05,10550.35,14:20:00,10543.163314363252,4,62
2018-01-05,10544.1,10552.9,10543.9,10549.95,14:25:00,10543.252522519131,4,63
2018-01-05,10545.55,10546.55,10542.2,10543.85,14:30:00,10543.471329898264,4,64
2018-01-05,10545.15,10549.2,10544.55,10545.65,14:35:00,10543.631203241286,4,65
2018-01-05,10547.25,10548.8,10544.7,10545.35,14:40:00,10543.97585055164,4,66
2018-01-05,10549.85,10550.0,10545.85,10547.3,14:45:00,10544.535293356246,4,67
2018-01-05,10549.85,10552.75,10547.35,10550.9,14:50:00,10545.041455893746,4,68
2018-01-05,10550.65,10551.75,10548.5,10549.55,14:55:00,10545.575602951483,4,69
2018-01-05,10554.05,10554.3,10546.7,10550.5,15:00:00,10546.382688384676,4,70
2018-01-05,10559.9,10560.3,10553.65,10553.95,15:05:00,10547.67005139566,4,71
2018-01-05,10555.3,10560.15,10555.3,10559.65,15:10:00,10548.396713167502,4,72
2018-01-05,10558.8,10563.0,10554.6,10555.35,15:15:00,10549.387502389643,4,73
2018-01-05,10563.0,10563.3,10558.4,10558.95,15:20:00,10550.683930733489,4,74
2018-01-05,10561.25,10566.1,10559.5,10563.4,15:25:00,10551.690223044585,4,75
2018-01-08,10607.85,10609.65,10588.55,10588.55,09:15:00,10557.038773230815,0,1
2018-01-08,10609.9,10614.15,10604.5,10607.5,09:20:00,10562.073175780262,0,2
2018-01-08,10606.1,10613.8,10605.55,10609.85,09:25:00,10566.266206658333,0,3
2018-01-08,10605.2,10606.95,10600.55,10606.2,09:30:00,10569.974186976586,0,4
2018-01-08,10606.55,10608.9,10605.2,10605.4,09:35:00,10573.45759774072,0,5
2018-01-08,10616.2,10618.25,10605.9,10606.6,09:40:00,10577.528302717796,0,6
2018-01-08,10613.6,10618.9,10612.3,10615.8,09:45:00,10580.96370245896,0,7
2018-01-08,10610.65,10617.35,10610.4,10614.1,09:50:00,10583.79096889144,0,8
2018-01-08,10608.3,10613.95,10605.6,10610.75,09:55:00,10586.125162330349,0,9
2018-01-08,10613.0,10613.0,10606.95,10608.7,10:00:00,10588.68467067984,0,10
2018-01-08,10613.55,10615.25,10611.8,10612.95,10:05:00,10591.052797281758,0,11
2018-01-08,10612.25,10614.15,10611.75,10613.4,10:10:00,10593.071578493018,0,12
2018-01-08,10614.45,10616.8,10612.2,10612.3,10:15:00,10595.10761863654,0,13
2018-01-08,10615.7,10617.2,10612.15,10614.55,10:20:00,10597.06879781401,0,14
2018-01-08,10615.1,10616.45,10612.4,10615.9,10:25:00,10598.786055165056,0,15
2018-01-08,10618.5,10621.85,10615.45,10615.45,10:30:00,10600.663573720763,0,16
2018-01-08,10619.1,10620.2,10617.1,10618.7,10:35:00,10602.419423842595,0,17
2018-01-08,10616.85,10619.75,10616.85,10619.0,10:40:00,10603.793764429016,0,18
2018-01-08,10613.85,10618.6,10613.85,10617.45,10:45:00,10604.751501150062,0,19
2018-01-08,10611.2,10614.9,10608.0,10613.7,10:50:00,10605.365643897676,0,20
2018-01-08,10613.7,10616.15,10610.55,10611.1,10:55:00,10606.159392097898,0,21
2018-01-08,10617.9,10619.05,10613.05,10613.3,11:00:00,10607.27754523143,0,22
2018-01-08,10615.6,10618.45,10614.75,10617.65,11:05:00,10608.070159971294,0,23
2018-01-08,10616.4,10617.1,10614.25,10615.65,11:10:00,10608.863478069266,0,24
2018-01-08,10617.85,10619.0,10615.15,10616.5,11:15:00,10609.719337300765,0,25
2018-01-08,10620.8,10622.4,10617.8,10618.25,11:20:00,10610.774638510216,0,26
2018-01-08,10620.85,10621.5,10619.6,10620.5,11:25:00,10611.73419674734,0,27
2018-01-08,10620.55,10621.75,10617.55,10620.55,11:30:00,10612.573797057115,0,28
2018-01-08,10619.0,10623.2,10618.5,10620.6,11:35:00,10613.18581638501,0,29
2018-01-08,10618.55,10619.45,10616.15,10618.75,11:40:00,10613.69669101501,0,30
2018-01-08,10615.25,10619.15,10613.7,10619.15,11:45:00,10613.844625204056,0,31
2018-01-08,10615.4,10618.05,10613.1,10614.75,11:50:00,10613.992756137002,0,32
2018-01-08,10611.7,10615.4,10611.45,10615.3,11:55:00,10613.774398409669,0,33
2018-01-08,10615.25,10616.3,10611.4,10612.15,12:00:00,10613.914931894462,0,34
2018-01-08,10612.4,10615.4,10612.25,10615.2,12:05:00,10613.77065266642,0,35
2018-01-08,10613.1,10614.5,10612.3,10612.45,12:10:00,10613.706780983905,0,36
2018-01-08,10613.6,10614.1,10611.0,10613.3,12:15:00,10613.69661136639,0,37
2018-01-08,10614.85,10615.35,10611.95,10613.55,12:20:00,10613.806457902923,0,38
2018-01-08,10613.6,10615.2,10612.05,10615.0,12:25:00,10613.786795245504,0,39
2018-01-08,10616.7,10617.55,10613.25,10613.75,12:30:00,10614.06424331736,0,40
2018-01-08,10617.65,10618.05,10614.25,10616.6,12:35:00,10614.405743953805,0,41
2018-01-08,10618.25,10619.25,10615.95,10618.1,12:40:00,10614.77186357725,0,42
2018-01-08,10615.2,10618.95,10615.2,10618.4,12:45:00,10614.812638474656,0,43
2018-01-08,10617.85,10618.9,10614.75,10615.35,12:50:00,10615.10191100088,0,44
2018-01-08,10617.3,10619.25,10616.75,10617.75,12:55:00,10615.31125281032,0,45
2018-01-08,10614.95,10618.75,10614.9,10617.5,13:00:00,10615.276847780766,0,46
2018-01-08,10613.45,10615.45,10611.65,10615.25,13:05:00,10615.102862277836,0,47
2018-01-08,10612.5,10613.45,10609.75,10613.25,13:10:00,10614.854970632328,0,48
2018-01-08,10612.9,10613.7,10611.25,10612.3,13:15:00,10614.668782953058,0,49
2018-01-08,10609.15,10613.15,10608.2,10612.25,13:20:00,10614.143184576576,0,50
2018-01-08,10606.1,10609.0,10605.3,10608.9,13:25:00,10613.377166997856,0,51
2018-01-08,10599.85,10606.2,10599.65,10606.0,13:30:00,10612.088865379012,0,52
2018-01-08,10604.0,10605.85,10597.9,10599.3,13:35:00,10611.318497247676,0,53
2018-01-08,10607.15,10609.25,10602.35,10603.5,13:40:00,10610.921497509804,0,54
2018-01-08,10607.7,10613.75,10605.45,10606.6,13:45:00,10610.614688223155,0,55
2018-01-08,10603.7,10608.3,10602.05,10606.7,13:50:00,10609.956146487615,0,56
2018-01-08,10604.15,10605.95,10599.5,10603.4,13:55:00,10609.403180155465,0,57
2018-01-08,10606.9,10608.35,10602.75,10604.3,14:00:00,10609.164782045418,0,58
2018-01-08,10608.35,10609.85,10605.65,10606.25,14:05:00,10609.08718375538,0,59
2018-01-08,10604.85,10609.6,10603.8,10609.6,14:10:00,10608.683642445343,0,60
2018-01-08,10610.55,10611.4,10605.4,10606.7,14:15:00,10608.86139078388,0,61
2018-01-08,10615.1,10616.1,10610.15,10610.25,14:20:00,10609.45554404256,0,62
2018-01-08,10605.85,10615.75,10602.95,10615.05,14:25:00,10609.11215889565,0,63
2018-01-08,10609.6,10611.9,10604.3,10604.9,14:30:00,10609.158619953208,0,64
2018-01-08,10611.15,10611.75,10608.75,10611.0,14:35:00,10609.34827519576,0,65
2018-01-08,10616.2,10616.95,10609.8,10611.0,14:40:00,10610.000820415213,0,66
2018-01-08,10617.25,10619.45,10614.0,10616.55,14:45:00,10610.691218470904,0,67
2018-01-08,10616.85,10617.65,10614.15,10617.65,14:50:00,10611.277769092723,0,68
2018-01-08,10620.6,10620.9,10614.3,10617.05,14:55:00,10612.165600607705,0,69
2018-01-08,10627.2,10628.35,10621.15,10621.15,15:00:00,10613.597448168874,0,70
2018-01-08,10630.0,10631.0,10625.1,10627.3,15:05:00,10615.159595962314,0,71
2018-01-08,10625.8,10631.2,10625.0,10630.35,15:10:00,10616.172967775428,0,72
2018-01-08,10620.6,10627.8,10620.1,10626.35,15:15:00,10616.594589892053,0,73
2018-01-08,10617.4,10622.7,10615.6,10621.35,15:20:00,10616.671295616616,0,74
2018-01-08,10616.85,10619.15,10614.55,10617.5,15:25:00,10616.6883150817,0,75
2018-01-09,10628.9,10659.15,10628.9,10642.45,09:15:00,10617.851332692968,1,1
2018-01-09,10617.1,10628.05,10607.9,10627.9,09:20:00,10617.7797771984,1,2
2018-01-09,10627.65,10628.5,10617.1,10617.7,09:25:00,10618.719798417598,1,3
2018-01-09,10618.2,10631.4,10614.95,10627.5,09:30:00,10618.6702938064,1,4
2018-01-09,10616.6,10617.85,10611.15,10617.8,09:35:00,10618.473122967696,1,5
2018-01-09,10615.65,10618.95,10615.0,10616.8,09:40:00,10618.204254113629,1,6
2018-01-09,10623.05,10625.9,10616.2,10616.2,09:45:00,10618.665753721854,1,7
2018-01-09,10622.8,10625.9,10621.8,10623.3,09:50:00,10619.05949146263,1,8
2018-01-09,10623.55,10626.45,10621.7,10622.7,09:55:00,10619.48715894238,1,9
2018-01-09,10626.8,10629.8,10622.7,10623.9,10:00:00,10620.183619995489,1,10
2018-01-09,10620.3,10628.5,10619.6,10626.45,10:05:00,10620.19470380544,1,11
2018-01-09,10627.45,10628.25,10620.05,10620.05,10:10:00,10620.885684395398,1,12
2018-01-09,10627.85,10630.05,10625.85,10627.6,10:15:00,10621.548952548215,1,13
2018-01-09,10628.9,10630.5,10626.9,10627.9,10:20:00,10622.24905230553,1,14
2018-01-09,10629.3,10630.05,10626.0,10628.5,10:25:00,10622.920571133573,1,15
2018-01-09,10627.8,10630.0,10627.25,10629.05,10:30:00,10623.38527864466,1,16
2018-01-09,10632.2,10633.15,10627.5,10627.9,10:35:00,10624.224775916598,1,17
2018-01-09,10633.3,10636.1,10631.05,10632.25,10:40:00,10625.08908297216,1,18
2018-01-09,10631.55,10633.95,10629.0,10633.35,10:45:00,10625.704408403384,1,19
2018-01-09,10629.65,10633.35,10628.4,10631.9,10:50:00,10626.080179031636,1,20
2018-01-09,10631.2,10631.5,10627.75,10629.95,10:55:00,10626.567781028622,1,21
2018-01-09,10631.1,10634.15,10630.05,10631.05,11:00:00,10626.99942093066,1,22
2018-01-09,10633.3,10634.75,10631.2,10631.5,11:05:00,10627.59947608012,1,23
2018-01-09,10629.85,10634.9,10629.1,10633.7,11:10:00,10627.813811691536,1,24
2018-01-09,10634.4,10635.0,10629.3,10629.8,11:15:00,10628.441067720913,1,25
2018-01-09,10636.45,10636.6,10630.9,10634.45,11:20:00,10629.203823176063,1,26
2018-01-09,10635.35,10636.65,10632.6,10636.6,11:25:00,10629.78917334977,1,27
2018-01-09,10631.1,10635.5,10630.25,10635.1,11:30:00,10629.914013983129,1,28
2018-01-09,10635.75,10635.75,10631.15,10631.2,11:35:00,10630.46982217521,1,29
2018-01-09,10633.25,10636.6,10633.0,10635.8,11:40:00,10630.734601015663,1,30
2018-01-09,10632.35,10634.05,10631.55,10633.55,11:45:00,10630.888448537984,1,31
2018-01-09,10631.2,10634.9,10631.2,10632.5,11:50:00,10630.918120105796,1,32
2018-01-09,10631.6,10634.05,10629.8,10631.6,11:55:00,10630.9830610481,1,33
2018-01-09,10627.6,10631.8,10626.1,10631.2,12:00:00,10630.660864757803,1,34
2018-01-09,10622.4,10627.4,10621.55,10627.2,12:05:00,10629.87411573325,1,35
2018-01-09,10620.9,10624.45,10619.3,10622.55,12:10:00,10629.019438044368,1,36
2018-01-09,10618.45,10621.3,10614.0,10621.05,12:15:00,10628.012824897283,1,37
2018-01-09,10613.65,10623.6,10613.5,10618.7,12:20:00,10626.64493681183,1,38
2018-01-09,10614.0,10617.15,10612.45,10613.55,12:25:00,10625.440657115463,1,39
2018-01-09,10620.5,10620.95,10613.9,10614.8,12:30:00,10624.970118342564,1,40
2018-01-09,10624.6,10625.55,10620.2,10620.75,12:35:00,10624.934868976608,1,41
2018-01-09,10622.8,10625.0,10618.05,10624.7,12:40:00,10624.73154812169,1,42
2018-01-09,10622.05,10626.65,10619.7,10622.95,12:45:00,10624.476162586292,1,43
2018-01-09,10623.15,10627.3,10619.9,10622.1,12:50:00,10624.349861387598,1,44
2018-01-09,10622.75,10626.25,10620.25,10623.05,12:55:00,10624.1974936364,1,45
2018-01-09,10621.25,10624.55,10619.3,10623.0,13:00:00,10623.91677995674,1,46
2018-01-09,10624.1,10625.2,10621.2,10621.3,13:05:00,10623.93422948467,1,47
2018-01-09,10622.2,10625.4,10621.85,10624.15,13:10:00,10623.769064771845,1,48
2018-01-09,10619.45,10625.5,10619.3,10622.55,13:15:00,10623.357725269763,1,49
2018-01-09,10604.3,10620.35,10603.75,10619.7,13:20:00,10621.5427038155,1,50
2018-01-09,10613.6,10613.65,10603.6,10604.05,13:25:00,10620.786255833073,1,51
2018-01-09,10616.85,10620.5,10613.85,10613.85,13:30:00,10620.41137432516,1,52
2018-01-09,10620.15,10622.75,10616.3,10616.6,13:35:00,10620.386481532289,1,53
2018-01-09,10613.75,10623.85,10613.7,10620.45,13:40:00,10619.754435672072,1,54
2018-01-09,10618.65,10620.3,10613.4,10615.1,13:45:00,10619.64925132235,1,55
2018-01-09,10620.0,10621.35,10615.9,10619.4,13:50:00,10619.682655958317,1,56
2018-01-09,10621.4,10623.55,10619.65,10621.65,13:55:00,10619.846212533714,1,57
2018-01-09,10624.7,10625.85,10621.35,10622.8,14:00:00,10620.308478006693,1,58
2018-01-09,10626.25,10626.85,10620.1,10626.35,14:05:00,10620.874337244151,1,59
2018-01-09,10627.85,10632.2,10624.6,10626.65,14:10:00,10621.538686078042,1,60
2018-01-09,10622.65,10630.5,10622.45,10629.05,14:15:00,10621.64452549918,1,61
2018-01-09,10625.95,10628.4,10621.75,10623.25,14:20:00,10622.054570689734,1,62
2018-01-09,10628.7,10630.05,10625.1,10627.65,14:25:00,10622.687468719285,1,63
2018-01-09,10626.9,10629.4,10625.4,10628.9,14:30:00,10623.08866217459,1,64
2018-01-09,10630.15,10634.45,10627.9,10628.7,14:35:00,10623.761170538915,1,65
2018-01-09,10628.95,10631.3,10626.6,10630.25,14:40:00,10624.255344773304,1,66
2018-01-09,10632.75,10632.95,10626.65,10629.85,14:45:00,10625.0643595568,1,67
2018-01-09,10634.25,10636.35,10630.8,10632.25,14:50:00,10625.939182456152,1,68
2018-01-09,10634.65,10635.35,10631.7,10633.85,14:55:00,10626.768784126994,1,69
2018-01-09,10644.75,10645.4,10635.4,10635.75,15:00:00,10628.481280876804,1,70
2018-01-09,10639.25,10646.7,10639.1,10644.8,15:05:00,10629.50687317425,1,71
2018-01-09,10636.75,10639.35,10632.7,10639.35,15:10:00,10630.196694776703,1,72
2018-01-09,10637.3,10637.75,10631.55,10636.95,15:15:00,10630.873200036063,1,73
2018-01-09,10633.95,10638.55,10628.8,10637.4,15:20:00,10631.16622860406,1,74
2018-01-09,10627.4,10634.15,10626.4,10634.1,15:25:00,10630.807540165575,1,75
2018-01-10,10637.35,10655.5,10636.05,10649.45,09:15:00,10631.43063157838,2,1
2018-01-10,10638.2,10639.6,10627.9,10637.2,09:20:00,10632.07533333282,2,2
2018-01-10,10637.2,10642.3,10635.6,10638.35,09:25:00,10632.563396824931,2,3
2018-01-10,10632.0,10638.15,10631.0,10637.3,09:30:00,10632.509739984464,2,4
2018-01-10,10634.9,10636.3,10630.2,10632.3,09:35:00,10632.737383795467,2,5
2018-01-10,10637.85,10639.15,10633.05,10635.1,09:40:00,10633.224299624471,2,6
2018-01-10,10638.5,10642.15,10637.25,10638.4,09:45:00,10633.726747279285,2,7
2018-01-10,10641.5,10641.5,10636.55,10638.7,09:50:00,10634.467057062211,2,8
2018-01-10,10641.2,10642.05,10638.3,10641.3,09:55:00,10635.108289722952,2,9
2018-01-10,10639.0,10644.35,10638.55,10641.45,10:00:00,10635.478928796958,2,10
2018-01-10,10637.3,10639.95,10634.6,10639.3,10:05:00,10635.65236414963,2,11
2018-01-10,10638.75,10639.55,10636.5,10637.55,10:10:00,10635.94737708776,2,12
2018-01-10,10635.25,10639.0,10634.85,10639.0,10:15:00,10635.88096022226,2,13
2018-01-10,10637.9,10639.25,10634.4,10635.15,10:20:00,10636.073249724905,2,14
2018-01-10,10640.4,10640.4,10637.15,10637.65,10:25:00,10636.485321179674,2,15
2018-01-10,10640.2,10641.4,10636.95,10640.35,10:30:00,10636.839100114945,2,16
2018-01-10,10638.4,10641.55,10638.0,10640.35,10:35:00,10636.987757246854,2,17
2018-01-10,10630.4,10638.6,10629.1,10638.6,10:40:00,10636.360351794772,2,18
2018-01-10,10627.35,10632.5,10625.7,10630.2,10:45:00,10635.502223052414,2,19
2018-01-10,10629.0,10632.9,10626.75,10627.55,10:50:00,10634.882963714088,2,20
2018-01-10,10625.1,10631.95,10623.4,10628.8,10:55:00,10633.951252884175,2,21
2018-01-10,10618.15,10625.2,10614.25,10625.2,11:00:00,10632.446371657112,2,22
2018-01-10,10624.7,10625.3,10617.9,10618.45,11:05:00,10631.708621975482,2,23
2018-01-10,10627.2,10627.25,10623.4,10624.65,11:10:00,10631.27922940639,2,24
2018-01-10,10624.0,10628.0,10623.9,10627.75,11:15:00,10630.585969462923,2,25
2018-01-10,10623.2,10625.65,10621.85,10623.95,11:20:00,10629.882543799788,2,26
2018-01-10,10622.25,10623.85,10621.25,10623.25,11:25:00,10629.155634866474,2,27
2018-01-10,10616.95,10622.25,10616.85,10622.05,11:30:00,10627.99319345062,2,28
2018-01-10,10599.85,10617.3,10599.2,10617.0,11:35:00,10625.312889312469,2,29
2018-01-10,10608.6,10609.3,10598.5,10599.65,11:40:00,10623.721185568424,2,30
2018-01-10,10597.95,10610.2,10592.7,10608.45,11:45:00,10621.26678694286,2,31
2018-01-10,10595.85,10604.15,10595.0,10597.85,11:50:00,10618.84614056735,2,32
2018-01-10,10599.4,10599.7,10593.2,10596.0,11:55:00,10616.994127179983,2,33
2018-01-10,10603.25,10607.15,10599.3,10599.7,12:00:00,10615.685162686652,2,34
2018-01-10,10606.2,10606.85,10601.95,10603.15,12:05:00,10614.781813859352,2,35
2018-01-10,10607.1,10607.95,10603.25,10606.7,12:10:00,10614.050212539414,2,36
2018-01-10,10606.85,10611.5,10606.35,10607.5,12:15:00,10613.36447801185,2,37
2018-01-10,10608.55,10608.75,10603.65,10606.7,12:20:00,10612.905956296436,2,38
2018-01-10,10610.8,10612.3,10607.65,10608.4,12:25:00,10612.705389030109,2,39
2018-01-10,10611.55,10617.3,10611.05,10612.5,12:30:00,10612.595351979622,2,40
2018-01-10,10606.05,10611.75,10602.4,10611.7,12:35:00,10611.97198512442,2,41
2018-01-10,10608.45,10611.15,10605.1,10606.25,12:40:00,10611.636557969714,2,42
2018-01-10,10607.3,10612.35,10607.1,10608.6,12:45:00,10611.22355244879,2,43
2018-01-10,10608.0,10609.15,10604.5,10607.45,12:50:00,10610.916547453666,2,44
2018-01-10,10609.6,10610.25,10606.2,10608.15,12:55:00,10610.791161981888,2,45
2018-01-10,10613.45,10618.1,10609.25,10609.25,13:00:00,10611.04438465028,2,46
2018-01-10,10611.3,10615.45,10611.1,10612.75,13:05:00,10611.0687289693,2,47
2018-01-10,10614.05,10614.65,10610.35,10611.25,13:10:00,10611.352659543652,2,48
2018-01-10,10614.2,10615.6,10612.55,10614.3,13:15:00,10611.62383482521,2,49
2018-01-10,10606.05,10615.45,10606.05,10613.45,13:20:00,10611.092993413286,2,50
2018-01-10,10611.65,10612.5,10606.5,10606.5,13:25:00,10611.14604165964,2,51
2018-01-10,10608.45,10612.15,10606.9,10611.45,13:30:00,10610.889275787296,2,52
2018-01-10,10610.0,10613.65,10608.15,10608.4,13:35:00,10610.804582855171,2,53
2018-01-10,10611.45,10611.9,10607.75,10610.35,13:40:00,10610.86605115468,2,54
2018-01-10,10614.9,10616.9,10610.85,10611.2,13:45:00,10611.250236758997,2,55
2018-01-10,10616.2,10617.95,10614.6,10615.0,13:50:00,10611.72164278195,2,56
2018-01-10,10621.8,10623.55,10616.3,10616.3,13:55:00,10612.681486326526,2,57
2018-01-10,10623.35,10624.4,10621.5,10622.2,14:00:00,10613.69753524781,2,58
2018-01-10,10625.75,10631.4,10623.4,10623.4,14:05:00,10614.845389033731,2,59
2018-01-10,10627.3,10632.5,10624.85,10625.6,14:10:00,10616.031542459092,2,60
2018-01-10,10623.9,10631.5,10622.35,10627.45,14:15:00,10616.78091936775,2,61
2018-01-10,10623.3,10628.1,10623.3,10624.75,14:20:00,10617.40178418987,2,62
2018-01-10,10619.35,10627.3,10616.2,10623.95,14:25:00,10617.58732855274,2,63
2018-01-10,10623.55,10625.0,10618.8,10619.1,14:30:00,10618.155202023909,2,64
2018-01-10,10620.5,10626.75,10620.5,10623.5,14:35:00,10618.378516116867,2,65
2018-01-10,10621.45,10623.1,10619.3,10621.0,14:40:00,10618.671038391454,2,66
2018-01-10,10616.25,10622.0,10610.1,10622.0,14:45:00,10618.440463306555,2,67
2018-01-10,10623.65,10624.55,10614.45,10616.2,14:50:00,10618.93660965831,2,68
2018-01-10,10626.25,10628.25,10624.15,10624.15,14:55:00,10619.633123024185,2,69
2018-01-10,10628.1,10633.2,10626.4,10627.05,15:00:00,10620.439492259977,2,70
2018-01-10,10631.95,10634.95,10628.25,10628.25,15:05:00,10621.53573109236,2,71
2018-01-10,10636.25,10636.8,10630.4,10632.85,15:10:00,10622.937090035946,2,72
2018-01-10,10635.85,10638.85,10630.4,10636.65,15:15:00,10624.166890984903,2,73
2018-01-10,10635.25,10637.25,10630.05,10637.25,15:20:00,10625.222425176817,2,74
2018-01-10,10625.55,10636.15,10623.35,10635.65,15:25:00,10625.253622779026,2,75
2018-01-11,10629.2,10641.25,10622.05,10636.55,09:15:00,10625.629468228644,3,1
2018-01-11,10624.0,10630.7,10623.7,10628.75,09:20:00,10625.474280778297,3,2
2018-01-11,10621.45,10623.95,10617.25,10623.85,09:25:00,10625.091015942267,3,3
2018-01-11,10626.05,10627.6,10620.55,10621.2,09:30:00,10625.182347757289,3,4
2018-01-11,10616.35,10625.9,10612.35,10625.8,09:35:00,10624.341171780405,3,5
2018-01-11,10615.8,10620.8,10615.4,10616.15,09:40:00,10623.527726848935,3,6
2018-01-11,10618.9,10620.7,10614.5,10616.75,09:45:00,10623.086990958564,3,7
2018-01-11,10622.15,10623.35,10617.2,10618.8,09:50:00,10622.997753724414,3,8
2018-01-11,10623.45,10625.85,10619.1,10622.1,09:55:00,10623.04082479828,3,9
2018-01-11,10620.7,10625.75,10620.1,10623.15,10:00:00,10622.817889103206,3,10
2018-01-11,10623.55,10626.95,10620.65,10620.85,10:05:00,10622.88761395052,3,11
2018-01-11,10624.35,10625.5,10621.95,10623.6,10:10:00,10623.026888812376,3,12
2018-01-11,10621.35,10625.95,10620.95,10624.85,10:15:00,10622.867185115958,3,13
2018-01-11,10620.1,10622.05,10619.7,10621.4,10:20:00,10622.603643676342,3,14
2018-01-11,10623.05,10623.6,10619.45,10620.15,10:25:00,10622.646153802403,3,15
2018-01-11,10623.7,10625.2,10623.1,10623.2,10:30:00,10622.746520106935,3,16
2018-01-11,10618.7,10624.5,10618.4,10623.75,10:35:00,10622.36113723961,3,17
2018-01-11,10625.1,10625.3,10617.1,10618.75,10:40:00,10622.621981312028,3,18
2018-01-11,10630.15,10633.5,10625.25,10625.3,10:45:00,10623.338935472786,3,19
2018-01-11,10629.45,10632.5,10628.85,10630.6,10:50:00,10623.920941618237,3,20
2018-01-11,10628.95,10630.8,10627.45,10629.5,10:55:00,10624.399899559356,3,21
2018-01-11,10628.2,10630.55,10626.85,10628.9,11:00:00,10624.761813887038,3,22
2018-01-11,10626.6,10629.55,10626.6,10628.15,11:05:00,10624.936879231129,3,23
2018-01-11,10626.45,10627.65,10625.15,10626.8,11:10:00,10625.08098597102,3,24
2018-01-11,10628.4,10628.6,10624.75,10626.7,11:15:00,10625.397082545209,3,25
2018-01-11,10629.05,10631.65,10628.35,10628.85,11:20:00,10625.744979445664,3,26
2018-01-11,10631.4,10631.5,10627.35,10628.9,11:25:00,10626.283552831792,3,27
2018-01-11,10635.6,10635.8,10630.7,10631.2,11:30:00,10627.170833514478,3,28
2018-01-11,10632.9,10635.55,10631.25,10635.25,11:35:00,10627.71646841786,3,29
2018-01-11,10634.0,10635.9,10632.45,10632.95,11:40:00,10628.314899997113,3,30
2018-01-11,10633.0,10634.65,10631.65,10633.95,11:45:00,10628.761099997388,3,31
2018-01-11,10633.05,10635.05,10632.5,10632.95,11:50:00,10629.169566664305,3,32
2018-01-11,10633.9,10633.9,10631.1,10633.1,11:55:00,10629.620084124845,3,33
2018-01-11,10633.9,10636.05,10633.75,10634.05,12:00:00,10630.027695160574,3,34
2018-01-11,10637.55,10638.6,10633.9,10634.15,12:05:00,10630.74410514528,3,35
2018-01-11,10634.75,10637.45,10633.9,10637.25,12:10:00,10631.125618940969,3,36
2018-01-11,10641.45,10642.55,10634.25,10635.0,12:15:00,10632.108893327544,3,37
2018-01-11,10642.75,10643.4,10637.85,10641.5,12:20:00,10633.122332058254,3,38
2018-01-11,10644.25,10645.5,10642.4,10642.6,12:25:00,10634.182109957468,3,39
2018-01-11,10659.1,10659.7,10643.25,10644.1,12:30:00,10636.55524234247,3,40
2018-01-11,10653.05,10659.35,10651.65,10659.35,12:35:00,10638.126171643187,3,41
2018-01-11,10657.45,10658.65,10652.95,10653.2,12:40:00,10639.9665362486,3,42
2018-01-11,10658.4,10659.85,10655.15,10657.75,12:45:00,10641.722104224924,3,43
2018-01-11,10662.45,10664.6,10658.35,10658.55,12:50:00,10643.696189536837,3,44
2018-01-11,10655.45,10663.0,10653.05,10662.5,12:55:00,10644.815600057138,3,45
2018-01-11,10656.35,10657.5,10652.85,10655.25,13:00:00,10645.91411433741,3,46
2018-01-11,10652.45,10656.8,10651.05,10656.4,13:05:00,10646.53657963861,3,47
2018-01-11,10656.15,10657.8,10652.05,10652.05,13:10:00,10647.452143482553,3,48
2018-01-11,10655.65,10657.0,10654.1,10655.75,13:15:00,10648.232891722311,3,49
2018-01-11,10650.8,10659.9,10650.55,10655.55,13:20:00,10648.477378224949,3,50
2018-01-11,10656.5,10656.75,10650.4,10650.7,13:25:00,10649.24143744162,3,51
2018-01-11,10655.15,10659.35,10653.4,10656.45,13:30:00,10649.804157685276,3,52
2018-01-11,10652.8,10657.05,10652.25,10655.3,13:35:00,10650.089476000963,3,53
2018-01-11,10649.95,10656.2,10649.95,10652.7,13:40:00,10650.0761925723,3,54
2018-01-11,10649.65,10650.25,10647.0,10649.5,13:45:00,10650.03560280351,3,55
2018-01-11,10657.05,10657.15,10649.5,10649.5,13:50:00,10650.703640631747,3,56
2018-01-11,10652.35,10657.75,10652.3,10657.0,13:55:00,10650.860436762056,3,57
2018-01-11,10655.25,10656.1,10649.25,10652.15,14:00:00,10651.278490403763,3,58
2018-01-11,10657.2,10658.7,10654.5,10655.1,14:05:00,10651.842443698646,3,59
2018-01-11,10660.7,10661.6,10655.4,10657.3,14:10:00,10652.686020489253,3,60
2018-01-11,10657.35,10661.15,10656.7,10660.6,14:15:00,10653.130209014083,3,61
2018-01-11,10658.75,10659.25,10656.4,10657.3,14:20:00,10653.66542720322,3,62
2018-01-11,10661.5,10664.05,10658.15,10659.1,14:25:00,10654.41157699339,3,63
2018-01-11,10656.7,10663.05,10656.6,10661.4,14:30:00,10654.629522041638,3,64
2018-01-11,10647.25,10658.9,10647.25,10656.65,14:35:00,10653.926710418624,3,65
2018-01-11,10643.2,10648.8,10640.5,10646.6,14:40:00,10652.905118950182,3,66
2018-01-11,10632.7,10643.2,10632.25,10642.95,14:45:00,10650.980821907307,3,67
2018-01-11,10638.75,10641.85,10632.15,10632.15,14:50:00,10649.81598172566,3,68
2018-01-11,10631.8,10638.95,10631.05,10638.65,14:55:00,10648.100173942265,3,69
2018-01-11,10648.2,10648.2,10631.65,10631.65,15:00:00,10648.109681185855,3,70
2018-01-11,10654.05,10654.75,10646.35,10648.1,15:05:00,10648.675425834825,3,71
2018-01-11,10651.5,10654.0,10647.9,10652.45,15:10:00,10648.944432898172,3,72
2018-01-11,10652.25,10653.05,10647.4,10650.65,15:15:00,10649.259248812632,3,73
2018-01-11,10654.35,10657.15,10651.35,10651.55,15:20:00,10649.744082259049,3,74
2018-01-11,10649.0,10656.6,10647.05,10654.4,15:25:00,10649.673217281996,3,75
2018-01-12,10684.05,10690.25,10679.55,10682.15,09:15:00,10652.947196588471,4,1
2018-01-12,10682.7,10685.6,10675.15,10684.4,09:20:00,10655.78079691338,4,2
2018-01-12,10685.7,10687.25,10681.25,10682.95,09:25:00,10658.630244826392,4,3
2018-01-12,10681.4,10687.8,10680.65,10686.05,09:30:00,10660.798792938163,4,4
2018-01-12,10680.0,10683.2,10677.4,10681.05,09:35:00,10662.627479325003,4,5
2018-01-12,10680.6,10682.5,10676.8,10679.55,09:40:00,10664.33914796072,4,6
2018-01-12,10681.15,10685.2,10679.3,10680.7,09:45:00,10665.940181488271,4,7
2018-01-12,10679.45,10682.3,10678.6,10680.7,09:50:00,10667.22683087034,4,8
2018-01-12,10684.85,10685.3,10678.05,10679.5,09:55:00,10668.905227930309,4,9
2018-01-12,10687.0,10687.15,10682.1,10685.05,10:00:00,10670.628539555992,4,10
2018-01-12,10679.75,10687.4,10679.75,10686.9,10:05:00,10671.49725007447,4,11
2018-01-12,10679.6,10680.7,10676.85,10679.5,10:10:00,10672.268940543569,4,12
2018-01-12,10682.85,10685.2,10679.7,10679.7,10:15:00,10673.2766604918,4,13
2018-01-12,10680.45,10684.4,10678.75,10682.8,10:20:00,10673.959835683056,4,14
2018-01-12,10680.45,10683.2,10679.5,10680.2,10:25:00,10674.577946570384,4,15
2018-01-12,10673.95,10680.25,10673.1,10680.25,10:30:00,10674.518142135112,4,16
2018-01-12,10675.4,10675.75,10671.4,10673.55,10:35:00,10674.602128598435,4,17
2018-01-12,10671.5,10675.7,10669.85,10675.65,10:40:00,10674.306687779535,4,18
2018-01-12,10673.85,10674.8,10670.7,10671.4,10:45:00,10674.263193705296,4,19
2018-01-12,10675.8,10677.55,10673.55,10673.95,10:50:00,10674.409556209554,4,20
2018-01-12,10675.6,10676.4,10674.35,10675.7,10:55:00,10674.522931808644,4,21
2018-01-12,10673.75,10676.35,10670.6,10675.4,11:00:00,10674.44931925544,4,22
2018-01-12,10675.95,10676.55,10673.6,10673.8,11:05:00,10674.592241231112,4,23
2018-01-12,10677.75,10679.0,10674.8,10676.35,11:10:00,10674.89298016148,4,24
2018-01-12,10678.3,10679.5,10675.9,10677.1,11:15:00,10675.21745824134,4,25
2018-01-12,10675.2,10678.35,10674.75,10677.85,11:20:00,10675.215795551689,4,26
2018-01-12,10675.45,10677.1,10674.3,10675.1,11:25:00,10675.238100737242,4,27
2018-01-12,10678.5,10678.6,10674.1,10675.5,11:30:00,10675.548757809886,4,28
2018-01-12,10678.55,10679.65,10675.9,10678.55,11:35:00,10675.83459039942,4,29
2018-01-12,10678.75,10679.85,10678.1,10678.4,11:40:00,10676.112248456617,4,30
2018-01-12,10678.5,10679.75,10677.1,10678.9,11:45:00,10676.33965336551,4,31
2018-01-12,10680.9,10681.95,10678.4,10678.45,11:50:00,10676.773972092606,4,32
2018-01-12,10679.0,10681.65,10678.5,10681.2,11:55:00,10676.985974750452,4,33
2018-01-12,10679.1,10682.05,10677.9,10678.75,12:00:00,10677.187310488503,4,34
2018-01-12,10673.55,10679.4,10673.3,10678.9,12:05:00,10676.840899965788,4,35
2018-01-12,10663.7,10673.25,10662.5,10673.15,12:10:00,10675.589385683332,4,36
2018-01-12,10659.55,10663.75,10652.6,10663.2,12:15:00,10674.061825142064,4,37
2018-01-12,10657.6,10663.35,10656.5,10659.6,12:20:00,10672.49403227139,4,38
2018-01-12,10657.9,10660.7,10653.75,10657.5,12:25:00,10671.10412443602,4,39
2018-01-12,10624.1,10658.6,10624.1,10658.25,12:30:00,10666.627541156398,4,40
2018-01-12,10617.45,10629.9,10614.7,10624.5,12:35:00,10661.943965808168,4,41
2018-01-12,10602.25,10626.5,10602.25,10617.6,12:40:00,10656.258826207391,4,42
2018-01-12,10612.1,10612.25,10597.1,10601.5,12:45:00,10652.05322371145,4,43
2018-01-12,10625.4,10626.4,10611.6,10611.6,12:50:00,10649.514821453216,4,44
2018-01-12,10638.85,10639.35,10620.85,10625.25,12:55:00,10648.499124171958,4,45
2018-01-12,10629.25,10644.4,10629.25,10638.6,13:00:00,10646.66587425082,4,46
2018-01-12,10624.35,10630.85,10620.65,10629.2,13:05:00,10644.5405528936,4,47
2018-01-12,10629.85,10634.85,10623.8,10624.2,13:10:00,10643.141452618018,4,48
2018-01-12,10637.75,10639.55,10625.05,10629.45,13:15:00,10642.627980940111,4,49
2018-01-12,10635.7,10639.3,10633.0,10637.8,13:20:00,10641.96817323153,4,50
2018-01-12,10632.65,10636.25,10630.15,10635.9,13:25:00,10641.08072816186,4,51
2018-01-12,10644.7,10645.7,10632.3,10632.75,13:30:00,10641.425420717873,4,52
2018-01-12,10649.15,10658.0,10643.9,10644.95,13:35:00,10642.16109493522,4,53
2018-01-12,10649.8,10652.95,10643.5,10648.75,13:40:00,10642.888609703294,4,54
2018-01-12,10651.0,10657.15,10648.45,10649.95,13:45:00,10643.661123064883,4,55
2018-01-12,10656.2,10657.55,10650.55,10650.95,13:50:00,10644.855301820611,4,56
2018-01-12,10659.25,10660.6,10653.45,10656.3,13:55:00,10646.226225456743,4,57
2018-01-12,10656.65,10660.75,10651.3,10659.15,14:00:00,10647.218965889431,4,58
2018-01-12,10650.15,10656.6,10648.65,10656.6,14:05:00,10647.4981119952,4,59
2018-01-12,10657.65,10657.65,10649.55,10650.35,14:10:00,10648.464958471848,4,60
2018-01-12,10658.5,10661.2,10657.35,10657.9,14:15:00,10649.420676712623,4,61
2018-01-12,10665.15,10665.6,10658.8,10658.85,14:20:00,10650.9187075019,4,62
2018-01-12,10662.5,10665.4,10656.4,10665.1,14:25:00,10652.021687739814,4,63
2018-01-12,10667.55,10667.55,10658.8,10662.35,14:30:00,10653.500574621738,4,64
2018-01-12,10669.5,10676.9,10666.85,10667.35,14:35:00,10655.024329419668,4,65
2018-01-12,10675.45,10677.35,10670.1,10670.2,14:40:00,10656.9696313797,4,66
2018-01-12,10672.6,10676.05,10671.95,10675.25,14:45:00,10658.458237914963,4,67
2018-01-12,10666.5,10672.35,10664.95,10672.35,14:50:00,10659.224120018302,4,68
2018-01-12,10672.2,10677.65,10666.05,10666.75,14:55:00,10660.459918111796,4,69
2018-01-12,10679.15,10684.35,10673.45,10673.45,15:00:00,10662.239925910671,4,70
2018-01-12,10681.1,10684.25,10679.35,10680.65,15:05:00,10664.03612344299,4,71
2018-01-12,10686.85,10690.4,10682.5,10682.9,15:10:00,10666.208873591277,4,72
2018-01-12,10681.95,10688.75,10680.4,10688.25,15:15:00,10667.708028487345,4,73
2018-01-12,10675.25,10682.7,10673.35,10681.2,15:20:00,10668.42631148855,4,74
2018-01-12,10667.85,10677.95,10667.3,10673.95,15:25:00,10668.371424680116,4,75
2018-01-15,10727.6,10734.5,10713.8,10719.65,09:15:00,10674.012241377248,0,1
2018-01-15,10720.9,10730.3,10719.75,10727.3,09:20:00,10678.477742198462,0,2
2018-01-15,10725.7,10732.35,10720.55,10720.65,09:25:00,10682.975100084324,0,3
2018-01-15,10734.9,10735.3,10725.6,10725.9,09:30:00,10687.92032864772,0,4
2018-01-15,10738.9,10740.3,10730.3,10734.6,09:35:00,10692.775535443176,0,5
2018-01-15,10741.2,10742.5,10734.95,10738.95,09:40:00,10697.387389210491,0,6
2018-01-15,10742.15,10744.9,10740.5,10741.35,09:45:00,10701.650494999967,0,7
2018-01-15,10740.75,10744.65,10740.0,10741.7,09:50:00,10705.374257380923,0,8
2018-01-15,10747.85,10748.05,10740.1,10740.5,09:55:00,10709.419566201788,0,9
2018-01-15,10752.95,10755.1,10747.0,10747.2,10:00:00,10713.565321801618,0,10
2018-01-15,10748.6,10754.25,10746.2,10753.0,10:05:00,10716.90195782051,0,11
2018-01-15,10745.5,10749.65,10745.35,10748.55,10:10:00,10719.625580885224,0,12
2018-01-15,10755.55,10756.25,10744.9,10744.9,10:15:00,10723.04695413425,0,13
2018-01-15,10756.9,10760.2,10755.0,10756.05,10:20:00,10726.271053740513,0,14
2018-01-15,10760.6,10761.65,10756.1,10756.8,10:25:00,10729.540477193796,0,15
2018-01-15,10762.85,10762.85,10756.55,10760.7,10:30:00,10732.71281269915,0,16
2018-01-15,10762.3,10765.55,10760.15,10762.8,10:35:00,10735.530640061135,0,17
2018-01-15,10768.6,10770.05,10761.2,10762.15,10:40:00,10738.680102912458,0,18
2018-01-15,10772.85,10773.6,10767.85,10768.35,10:45:00,10741.934378825556,0,19
2018-01-15,10772.95,10777.2,10769.55,10772.25,10:50:00,10744.888247508838,0,20
2018-01-15,10773.3,10774.25,10770.6,10772.55,10:55:00,10747.594128698473,0,21
2018-01-15,10771.35,10774.45,10770.7,10773.0,11:00:00,10749.856592631952,0,22
2018-01-15,10770.1,10773.55,10768.6,10771.9,11:05:00,10751.784536190811,0,23
2018-01-15,10777.5,10779.1,10769.45,10769.45,11:10:00,10754.233627982165,0,24
2018-01-15,10775.1,10782.65,10772.45,10777.1,11:15:00,10756.220901507671,0,25
2018-01-15,10778.0,10780.25,10774.6,10774.95,11:20:00,10758.295101364083,0,26
2018-01-15,10773.9,10778.15,10773.2,10777.4,11:25:00,10759.781282186554,0,27
2018-01-15,10765.8,10775.65,10764.6,10773.85,11:30:00,10760.35449340688,0,28
2018-01-15,10761.95,10771.0,10760.75,10766.1,11:35:00,10760.506446415751,0,29
2018-01-15,10766.0,10766.0,10756.3,10761.7,11:40:00,10761.029641995205,0,30
2018-01-15,10761.3,10767.45,10758.65,10765.75,11:45:00,10761.055390376614,0,31
2018-01-15,10761.7,10766.45,10760.75,10761.35,11:50:00,10761.116781769317,0,32
2018-01-15,10757.85,10764.2,10757.65,10761.9,11:55:00,10760.805659696049,0,33
2018-01-15,10761.75,10763.35,10753.4,10758.2,12:00:00,10760.895596867853,0,34
2018-01-15,10760.55,10764.4,10760.0,10761.3,12:05:00,10760.862682880435,0,35
2018-01-15,10754.55,10761.95,10754.55,10760.8,12:10:00,10760.261474987065,0,36
2018-01-15,10756.6,10758.8,10752.2,10754.75,12:15:00,10759.912763083532,0,37
2018-01-15,10759.3,10759.9,10753.25,10756.2,12:20:00,10759.854404694624,0,38
2018-01-15,10756.8,10759.9,10755.45,10759.35,12:25:00,10759.563509009422,0,39
2018-01-15,10751.05,10757.9,10750.2,10756.95,12:30:00,10758.752698627572,0,40
2018-01-15,10749.95,10751.1,10748.3,10751.1,12:35:00,10757.914346377323,0,41
2018-01-15,10752.55,10752.55,10748.05,10750.1,12:40:00,10757.403456246151,0,42
2018-01-15,10752.55,10755.3,10750.0,10751.7,12:45:00,10756.941222317946,0,43
2018-01-15,10751.45,10754.65,10750.2,10752.3,12:50:00,10756.418248763855,0,44
2018-01-15,10751.25,10753.0,10749.25,10751.6,12:55:00,10755.92603459587,0,45
2018-01-15,10748.6,10751.1,10743.4,10751.1,13:00:00,10755.22831701531,0,46
2018-01-15,10744.05,10749.4,10743.0,10748.55,13:05:00,10754.163715394803,0,47
2018-01-15,10745.2,10746.95,10739.55,10744.15,13:10:00,10753.310028214348,0,48
2018-01-15,10742.05,10746.95,10741.35,10745.35,13:15:00,10752.237644574883,0,49
2018-01-15,10751.95,10752.15,10741.15,10741.95,13:20:00,10752.210249853468,0,50
2018-01-15,10749.9,10757.75,10748.75,10751.7,13:25:00,10751.990226057898,0,51
2018-01-15,10747.1,10753.4,10746.3,10749.85,13:30:00,10751.52449024286,0,52
2018-01-15,10744.65,10747.15,10741.6,10747.15,13:35:00,10750.869776886397,0,53
2018-01-15,10747.4,10749.35,10744.35,10744.7,13:40:00,10750.539321944834,0,54
2018-01-15,10750.05,10750.55,10746.6,10747.95,13:45:00,10750.492719854848,0,55
2018-01-15,10752.15,10753.85,10749.7,10750.2,13:50:00,10750.650556059149,0,56
2018-01-15,10751.15,10752.7,10749.65,10752.35,13:55:00,10750.698122148751,0,57
2018-01-15,10750.8,10752.6,10748.35,10751.75,14:00:00,10750.707824801251,0,58
2018-01-15,10748.7,10750.75,10747.7,10750.35,14:05:00,10750.51660339161,0,59
2018-01-15,10746.45,10749.85,10742.2,10748.9,14:10:00,10750.129307830504,0,60
2018-01-15,10748.15,10751.55,10746.35,10746.4,14:15:00,10749.940802322835,0,61
2018-01-15,10745.0,10750.8,10743.25,10748.65,14:20:00,10749.470249720664,0,62
2018-01-15,10748.4,10750.95,10744.9,10745.45,14:25:00,10749.368321175838,0,63
2018-01-15,10755.8,10756.3,10747.8,10748.95,14:30:00,10749.980862016237,0,64
2018-01-15,10758.5,10760.7,10755.9,10756.7,14:35:00,10750.79220849088,0,65
2018-01-15,10757.65,10759.15,10755.9,10758.6,14:40:00,10751.445331491746,0,66
2018-01-15,10753.2,10759.6,10753.2,10758.05,14:45:00,10751.612442778249,0,67
2018-01-15,10747.4,10755.6,10747.05,10753.55,14:50:00,10751.211257751747,0,68
2018-01-15,10752.05,10756.45,10747.3,10747.3,14:55:00,10751.291137965867,0,69
2018-01-15,10748.45,10753.95,10747.85,10752.15,15:00:00,10751.02055339769,0,70
2018-01-15,10747.15,10751.05,10746.9,10748.55,15:05:00,10750.651929264575,0,71
2018-01-15,10740.2,10750.1,10740.2,10747.7,15:10:00,10749.656507429854,0,72
2018-01-15,10736.85,10742.7,10735.55,10740.35,15:15:00,10748.43684005558,0,73
2018-01-15,10737.1,10738.1,10732.25,10736.8,15:20:00,10747.357141002669,0,74
2018-01-15,10732.85,10739.45,10730.8,10737.5,15:25:00,10745.975508526224,0,75
2018-01-16,10748.1,10761.8,10746.2,10759.9,09:15:00,10746.177841047536,1,1
2018-01-16,10743.35,10749.5,10737.4,10747.7,09:20:00,10745.908522852533,1,2
2018-01-16,10749.7,10751.95,10742.95,10744.4,09:25:00,10746.269615914196,1,3
2018-01-16,10748.6,10753.0,10743.65,10750.15,09:30:00,10746.4915572557,1,4
2018-01-16,10756.3,10757.85,10747.85,10748.45,09:35:00,10747.425694659918,1,5
2018-01-16,10759.0,10761.2,10755.85,10756.6,09:40:00,10748.52800945421,1,6
2018-01-16,10759.3,10760.9,10754.2,10758.35,09:45:00,10749.553913315714,1,7
2018-01-16,10756.05,10762.35,10755.95,10759.8,09:50:00,10750.172588238029,1,8
2018-01-16,10754.9,10758.1,10751.3,10755.45,09:55:00,10750.622817929643,1,9
2018-01-16,10755.2,10756.2,10752.25,10754.95,10:00:00,10751.058740031582,1,10
2018-01-16,10757.65,10758.5,10752.9,10754.95,10:05:00,10751.686479076192,1,11
2018-01-16,10752.95,10758.5,10751.75,10757.15,10:10:00,10751.806814402267,1,12
2018-01-16,10742.95,10753.75,10742.5,10752.8,10:15:00,10750.96330826872,1,13
2018-01-16,10724.9,10744.05,10724.9,10742.8,10:20:00,10748.481088433602,1,14
2018-01-16,10736.7,10738.75,10724.45,10724.75,10:25:00,10747.359080011354,1,15
2018-01-16,10736.95,10740.95,10733.2,10736.05,10:30:00,10746.367739057892,1,16
2018-01-16,10731.35,10738.1,10730.9,10737.0,10:35:00,10744.937478195236,1,17
2018-01-16,10730.7,10732.75,10726.7,10731.05,10:40:00,10743.581527890929,1,18
2018-01-16,10720.8,10730.95,10720.8,10730.4,10:45:00,10741.411858567984,1,19
2018-01-16,10712.7,10720.65,10707.8,10720.65,10:50:00,10738.677395847222,1,20
2018-01-16,10717.85,10718.7,10705.2,10711.95,10:55:00,10736.693834337962,1,21
2018-01-16,10724.85,10727.2,10717.7,10718.5,11:00:00,10735.5658501153,1,22
2018-01-16,10716.55,10724.6,10715.0,10724.6,11:05:00,10733.754816770985,1,23
2018-01-16,10727.65,10731.15,10716.8,10716.8,11:10:00,10733.173405649935,1,24
2018-01-16,10726.35,10730.2,10725.75,10727.6,11:15:00,10732.5235574928,1,25
2018-01-16,10727.5,10731.0,10722.8,10725.5,11:20:00,10732.045123445863,1,26
2018-01-16,10728.9,10730.7,10724.55,10727.55,11:25:00,10731.745587879592,1,27
2018-01-16,10732.75,10735.7,10728.65,10728.8,11:30:00,10731.841246176771,1,28
2018-01-16,10737.05,10737.9,10730.35,10732.65,11:35:00,10732.337317969464,1,29
2018-01-16,10738.1,10742.2,10736.75,10737.0,11:40:00,10732.886144829514,1,30
2018-01-16,10742.65,10743.55,10737.25,10737.95,11:45:00,10733.816035798132,1,31
2018-01-16,10746.25,10746.7,10740.65,10742.35,11:50:00,10735.000222864976,1,32
2018-01-16,10741.2,10746.55,10737.45,10746.0,11:55:00,10735.590677830218,1,33
2018-01-16,10741.25,10742.4,10736.9,10741.75,12:00:00,10736.129660894008,1,34
2018-01-16,10745.55,10745.9,10738.55,10741.45,12:05:00,10737.026836046958,1,35
2018-01-16,10745.05,10747.85,10742.85,10745.3,12:10:00,10737.79094689963,1,36
2018-01-16,10744.0,10746.4,10740.85,10745.1,12:15:00,10738.38228529014,1,37
2018-01-16,10744.45,10746.8,10742.35,10744.15,12:20:00,10738.960162881556,1,38
2018-01-16,10743.25,10744.8,10741.15,10744.15,12:25:00,10739.368718797596,1,39
2018-01-16,10747.35,10747.85,10742.8,10742.8,12:30:00,10740.128840816871,1,40
2018-01-16,10744.3,10747.4,10742.55,10747.05,12:35:00,10740.52609407241,1,41
2018-01-16,10739.8,10746.65,10739.65,10744.0,12:40:00,10740.45694225599,1,42
2018-01-16,10738.95,10740.65,10731.85,10738.9,12:45:00,10740.313423945896,1,43
2018-01-16,10729.2,10741.25,10729.2,10738.75,12:50:00,10739.255002617716,1,44
2018-01-16,10729.75,10732.85,10727.2,10729.4,12:55:00,10738.34976427317,1,45
2018-01-16,10714.0,10729.7,10714.0,10729.55,13:00:00,10736.030739104295,1,46
2018-01-16,10717.35,10722.85,10710.75,10713.75,13:05:00,10734.251621094363,1,47
2018-01-16,10712.85,10719.9,10711.5,10717.6,13:10:00,10732.21337146633,1,48
2018-01-16,10710.1,10713.95,10702.45,10712.65,13:15:00,10730.107336088584,1,49
2018-01-16,10711.25,10714.1,10708.0,10710.45,13:20:00,10728.311399318243,1,50
2018-01-16,10700.75,10711.75,10700.75,10710.9,13:25:00,10725.686504145078,1,51
2018-01-16,10700.15,10700.7,10690.9,10700.6,13:30:00,10723.25445613126,1,52
2018-01-16,10709.5,10711.65,10697.4,10700.85,13:35:00,10721.944507928283,1,53
2018-01-16,10715.85,10716.3,10706.15,10709.25,13:40:00,10721.36407860178,1,54
2018-01-16,10718.45,10720.25,10712.35,10715.55,13:45:00,10721.086547306371,1,55
2018-01-16,10727.25,10727.8,10714.15,10718.35,13:50:00,10721.673542801003,1,56
2018-01-16,10707.7,10727.75,10707.7,10727.05,13:55:00,10720.342729200907,1,57
2018-01-16,10710.7,10712.4,10705.55,10708.35,14:00:00,10719.424374038916,1,58
2018-01-16,10699.95,10711.0,10695.4,10711.0,14:05:00,10717.569671749496,1,59
2018-01-16,10704.95,10706.65,10696.05,10700.15,14:10:00,10716.367798249545,1,60
2018-01-16,10708.3,10716.2,10703.85,10705.15,14:15:00,10715.599436511491,1,61
2018-01-16,10714.1,10714.1,10706.75,10708.4,14:20:00,10715.456633034206,1,62
2018-01-16,10715.75,10720.6,10713.4,10714.35,14:25:00,10715.484572745234,1,63
2018-01-16,10720.3,10720.8,10712.0,10715.9,14:30:00,10715.943184864736,1,64
2018-01-16,10716.2,10723.45,10713.0,10720.8,14:35:00,10715.967643449048,1,65
2018-01-16,10712.0,10717.1,10709.95,10716.15,14:40:00,10715.589772644376,1,66
2018-01-16,10706.4,10715.35,10706.4,10711.65,14:45:00,10714.714556202054,1,67
2018-01-16,10695.25,10706.5,10693.8,10706.05,14:50:00,10712.860788944716,1,68
2018-01-16,10694.1,10696.7,10688.3,10695.4,14:55:00,10711.074047140455,1,69
2018-01-16,10699.95,10701.65,10687.85,10694.2,15:00:00,10710.01461407946,1,70
2018-01-16,10701.9,10706.1,10697.7,10699.85,15:05:00,10709.24179369094,1,71
2018-01-16,10698.0,10703.8,10695.1,10701.85,15:10:00,10708.171146672756,1,72
2018-01-16,10700.85,10701.15,10691.1,10698.25,15:15:00,10707.473894608684,1,73
2018-01-16,10709.25,10710.65,10700.5,10700.5,15:20:00,10707.643047503094,1,74
2018-01-16,10711.15,10713.8,10708.25,10709.15,15:25:00,10707.97704297899,1,75
2018-01-17,10706.0,10721.7,10699.35,10701.65,09:15:00,10707.788753171468,2,1
2018-01-17,10714.2,10722.2,10705.25,10705.25,09:20:00,10708.399348107518,2,2
2018-01-17,10698.5,10719.15,10694.9,10713.9,09:25:00,10707.456553049658,2,3
2018-01-17,10675.2,10699.55,10670.75,10698.7,09:30:00,10704.384500378264,2,4
2018-01-17,10688.35,10689.2,10666.75,10675.0,09:35:00,10702.857405104143,2,5
2018-01-17,10715.15,10715.15,10688.5,10689.0,09:40:00,10704.02812842756,2,6
2018-01-17,10707.05,10721.1,10704.7,10713.6,09:45:00,10704.315925720171,2,7
2018-01-17,10714.4,10717.05,10704.25,10705.1,09:50:00,10705.276313746825,2,8
2018-01-17,10725.9,10725.9,10711.5,10712.5,09:55:00,10707.240474342365,2,9
2018-01-17,10733.0,10735.05,10721.0,10724.25,10:00:00,10709.693762500232,2,10
2018-01-17,10731.55,10736.3,10726.85,10732.0,10:05:00,10711.77530892878,2,11
2018-01-17,10716.85,10731.7,10714.3,10731.7,10:10:00,10712.258612840324,2,12
2018-01-17,10724.3,10727.3,10716.55,10716.7,10:15:00,10713.405411617436,2,13
2018-01-17,10734.25,10734.8,10724.8,10724.8,10:20:00,10715.390610511013,2,14
2018-01-17,10735.65,10735.65,10729.2,10734.15,10:25:00,10717.320076176631,2,15
2018-01-17,10734.4,10736.6,10730.1,10735.4,10:30:00,10718.94673558838,2,16
2018-01-17,10738.05,10741.4,10734.3,10734.3,10:35:00,10720.766094103772,2,17
2018-01-17,10736.7,10739.6,10732.75,10738.4,10:40:00,10722.283608951033,2,18
2018-01-17,10730.95,10736.8,10730.15,10736.5,10:45:00,10723.108979527124,2,19
2018-01-17,10727.45,10733.3,10727.35,10731.2,10:50:00,10723.52241004835,2,20
2018-01-17,10729.1,10732.05,10727.15,10727.35,10:55:00,10724.053609091365,2,21
2018-01-17,10737.25,10738.1,10728.65,10729.4,11:00:00,10725.31040822552,2,22
2018-01-17,10728.85,10738.25,10727.8,10737.6,11:05:00,10725.647512204045,2,23
2018-01-17,10732.45,10734.35,10725.35,10729.1,11:10:00,10726.29536818461,2,24
2018-01-17,10733.35,10734.45,10729.6,10732.5,11:15:00,10726.967237881314,2,25
2018-01-17,10729.0,10734.1,10728.75,10734.05,11:20:00,10727.160834273567,2,26
2018-01-17,10732.4,10733.1,10727.7,10729.25,11:25:00,10727.659802437993,2,27
2018-01-17,10730.9,10735.15,10728.0,10732.5,11:30:00,10727.968392681993,2,28
2018-01-17,10734.8,10735.05,10730.3,10731.4,11:35:00,10728.619021950375,2,29
2018-01-17,10734.55,10736.65,10732.0,10735.05,11:40:00,10729.18387700272,2,30
2018-01-17,10733.1,10735.8,10729.3,10734.6,11:45:00,10729.5568410977,2,31
2018-01-17,10732.2,10735.35,10730.5,10733.25,11:50:00,10729.808570516969,2,32
2018-01-17,10728.85,10734.9,10728.35,10731.85,11:55:00,10729.71727808678,2,33
2018-01-17,10733.1,10733.35,10728.1,10729.6,12:00:00,10730.039442078516,2,34
2018-01-17,10733.35,10734.5,10730.65,10733.05,12:05:00,10730.354733309134,2,35
2018-01-17,10732.15,10733.3,10730.5,10733.3,12:10:00,10730.525711089216,2,36
2018-01-17,10738.5,10739.65,10731.0,10732.45,12:15:00,10731.285167175958,2,37
2018-01-17,10737.9,10742.75,10737.45,10738.25,12:20:00,10731.915151254438,2,38
2018-01-17,10751.9,10752.4,10736.35,10737.35,12:25:00,10733.818470182588,2,39
2018-01-17,10748.25,10753.55,10747.55,10751.7,12:30:00,10735.19290159377,2,40
2018-01-17,10749.7,10753.35,10745.6,10748.0,12:35:00,10736.57453001341,2,41
2018-01-17,10748.45,10750.6,10742.25,10749.35,12:40:00,10737.705527154989,2,42
2018-01-17,10750.95,10752.3,10747.0,10748.4,12:45:00,10738.96690552118,2,43
2018-01-17,10748.15,10751.0,10745.35,10751.0,12:50:00,10739.841485947734,2,44
2018-01-17,10745.75,10748.85,10740.85,10748.35,12:55:00,10740.40420157176,2,45
2018-01-17,10742.45,10746.65,10741.4,10745.95,13:00:00,10740.599039517308,2,46
2018-01-17,10747.05,10747.05,10741.9,10742.4,13:05:00,10741.213416706134,2,47
2018-01-17,10747.8,10749.85,10746.2,10746.85,13:10:00,10741.84071035317,2,48
2018-01-17,10747.55,10748.65,10743.75,10747.95,13:15:00,10742.384452224298,2,49
2018-01-17,10749.7,10750.9,10744.9,10747.2,13:20:00,10743.08117106008,2,50
2018-01-17,10758.55,10758.55,10748.6,10749.8,13:25:00,10744.554392863882,2,51
2018-01-17,10753.75,10760.25,10752.6,10758.6,13:30:00,10745.430164972084,2,52
2018-01-17,10755.5,10755.8,10749.35,10753.85,13:35:00,10746.389196879503,2,53
2018-01-17,10755.15,10756.8,10753.2,10755.2,13:40:00,10747.223559081456,2,54
2018-01-17,10756.45,10760.7,10754.65,10754.9,13:45:00,10748.102267740363,2,55
2018-01-17,10753.55,10757.1,10752.0,10756.9,13:50:00,10748.62109938414,2,56
2018-01-17,10745.9,10754.2,10742.25,10754.2,13:55:00,10748.36194706184,2,57
2018-01-17,10747.6,10751.4,10745.55,10746.3,14:00:00,10748.289380674998,2,58
2018-01-17,10754.15,10755.5,10747.2,10748.55,14:05:00,10748.847534896428,2,59
2018-01-17,10749.4,10755.55,10749.15,10755.15,14:10:00,10748.900150620577,2,60
2018-01-17,10747.8,10750.1,10744.0,10750.1,14:15:00,10748.795374371,2,61
2018-01-17,10744.45,10753.5,10742.55,10748.7,14:20:00,10748.381529192808,2,62
2018-01-17,10755.05,10755.5,10745.35,10745.8,14:25:00,10749.016621650637,2,63
2018-01-17,10757.4,10761.6,10756.6,10756.6,14:30:00,10749.815038636289,2,64
2018-01-17,10757.5,10761.1,10754.8,10757.9,14:35:00,10750.546939718546,2,65
2018-01-17,10761.6,10761.6,10754.1,10758.0,14:40:00,10751.599612126303,2,66
2018-01-17,10774.0,10775.35,10759.1,10762.6,14:45:00,10753.73298239999,2,67
2018-01-17,10772.9,10777.05,10771.55,10775.05,14:50:00,10755.55841264761,2,68
2018-01-17,10772.8,10777.5,10769.65,10774.05,14:55:00,10757.200468585934,2,69
2018-01-17,10778.45,10778.9,10768.2,10773.35,15:00:00,10759.224233482511,2,70
2018-01-17,10788.8,10789.5,10777.9,10779.9,15:05:00,10762.040973150844,2,71
2018-01-17,10788.55,10795.75,10786.3,10789.55,15:10:00,10764.565642374571,2,72
2018-01-17,10792.2,10794.9,10786.45,10789.5,15:15:00,10767.197485957948,2,73
2018-01-17,10797.8,10798.65,10790.7,10791.9,15:20:00,10770.11201110481,2,74
2018-01-17,10793.5,10803.0,10793.05,10797.7,15:25:00,10772.339438618636,2,75
2018-01-18,10857.05,10887.1,10851.95,10871.35,09:15:00,10780.407111131148,3,1
2018-01-18,10857.65,10861.85,10850.2,10858.15,09:20:00,10787.763576737709,3,2
2018-01-18,10877.5,10878.15,10857.05,10858.35,09:25:00,10796.309902762689,3,3
2018-01-18,10883.4,10887.5,10875.9,10877.6,09:30:00,10804.60419773767,3,4
2018-01-18,10879.6,10887.05,10878.1,10883.3,09:35:00,10811.746655095989,3,5
2018-01-18,10875.1,10881.0,10871.5,10878.75,09:40:00,10817.780306991608,3,6
2018-01-18,10880.55,10881.8,10874.45,10875.95,09:45:00,10823.758372992408,3,7
2018-01-18,10873.4,10884.75,10872.55,10879.7,09:50:00,10828.486146993131,3,8
2018-01-18,10867.7,10873.8,10858.35,10873.3,09:55:00,10832.220799660452,3,9
2018-01-18,10865.2,10867.75,10858.3,10866.75,10:00:00,10835.361675883263,3,10
2018-01-18,10866.85,10870.5,10860.45,10863.35,10:05:00,10838.36056389438,3,11
2018-01-18,10867.1,10868.0,10862.85,10866.35,10:10:00,10841.097653047298,3,12
2018-01-18,10864.55,10867.35,10861.15,10866.7,10:15:00,10843.331209899938,3,13
2018-01-18,10863.05,10870.55,10863.05,10864.7,10:20:00,10845.209189909468,3,14
2018-01-18,10869.1,10870.2,10863.6,10863.95,10:25:00,10847.484505156184,3,15
2018-01-18,10874.25,10876.45,10868.55,10868.55,10:30:00,10850.033599903214,3,16
2018-01-18,10869.25,10876.2,10869.15,10874.4,10:35:00,10851.863733245764,3,17
2018-01-18,10877.5,10878.4,10869.3,10869.3,10:40:00,10854.305282460453,3,18
2018-01-18,10871.35,10878.25,10869.95,10877.45,10:45:00,10855.928588892792,3,19
2018-01-18,10868.8,10871.9,10867.4,10870.2,10:50:00,10857.154437569669,3,20
2018-01-18,10870.1,10870.95,10867.65,10868.4,10:55:00,10858.38734827732,3,21
2018-01-18,10871.8,10874.8,10868.0,10869.85,11:00:00,10859.66474367948,3,22
2018-01-18,10870.95,10875.1,10869.55,10871.0,11:05:00,10860.73952999572,3,23
2018-01-18,10876.6,10877.85,10869.3,10870.65,11:10:00,10862.250050948507,3,24
2018-01-18,10871.6,10877.6,10871.25,10876.05,11:15:00,10863.140522286743,3,25
2018-01-18,10864.15,10871.15,10860.95,10871.15,11:20:00,10863.23666302134,3,26
2018-01-18,10854.75,10868.35,10853.8,10863.9,11:25:00,10862.42840940026,3,27
2018-01-18,10851.2,10858.75,10844.95,10854.15,11:30:00,10861.359037076429,3,28
2018-01-18,10856.05,10860.95,10850.75,10851.35,11:35:00,10860.853414497718,3,29
2018-01-18,10861.3,10863.95,10854.8,10854.8,11:40:00,10860.895946450317,3,30
2018-01-18,10860.35,10861.9,10853.0,10861.2,11:45:00,10860.843951550289,3,31
2018-01-18,10859.15,10862.65,10857.45,10859.8,11:50:00,10860.682622831211,3,32
2018-01-18,10857.5,10859.15,10853.0,10858.75,11:55:00,10860.379515894909,3,33
2018-01-18,10862.65,10862.8,10855.9,10857.25,12:00:00,10860.595752476343,3,34
2018-01-18,10863.35,10866.8,10860.9,10862.35,12:05:00,10860.858061764313,3,35
2018-01-18,10869.6,10871.85,10861.55,10862.5,12:10:00,10861.690627310569,3,36
2018-01-18,10869.8,10871.7,10866.75,10869.15,12:15:00,10862.462948519087,3,37
2018-01-18,10870.1,10871.45,10865.0,10868.35,12:20:00,10863.190286755364,3,38
2018-01-18,10870.45,10872.25,10866.95,10870.0,12:25:00,10863.88168801676,3,39
2018-01-18,10878.35,10878.75,10869.4,10869.75,12:30:00,10865.259622491354,3,40
2018-01-18,10872.5,10878.4,10870.95,10878.05,12:35:00,10865.949182254082,3,41
2018-01-18,10878.2,10878.75,10871.45,10872.25,12:40:00,10867.115926801313,3,42
2018-01-18,10882.8,10883.35,10876.0,10878.1,12:45:00,10868.609648058333,3,43
2018-01-18,10881.75,10882.9,10876.8,10881.85,12:50:00,10869.861110148016,3,44
2018-01-18,10876.7,10882.5,10874.95,10881.5,12:55:00,10870.51243299106,3,45
2018-01-18,10878.3,10879.4,10875.3,10876.4,13:00:00,10871.25410603953,3,46
2018-01-18,10874.85,10878.0,10872.3,10876.85,13:05:00,10871.596572131004,3,47
2018-01-18,10877.5,10879.55,10873.95,10874.5,13:10:00,10872.158803356624,3,48
2018-01-18,10875.75,10880.65,10871.15,10876.2,13:15:00,10872.500822084565,3,49
2018-01-18,10872.25,10877.05,10869.65,10875.5,13:20:00,10872.476934266988,3,50
2018-01-18,10877.75,10878.05,10870.0,10872.45,13:25:00,10872.979131003463,3,51
2018-01-18,10876.75,10879.9,10874.3,10877.1,13:30:00,10873.338261384088,3,52
2018-01-18,10884.05,10884.05,10872.55,10875.6,13:35:00,10874.358426966555,3,53
2018-01-18,10876.45,10885.2,10873.1,10884.0,13:40:00,10874.557624398312,3,54
2018-01-18,10877.85,10879.6,10874.65,10875.45,13:45:00,10874.871183979423,3,55
2018-01-18,10872.9,10879.5,10870.2,10877.3,13:50:00,10874.68345217186,3,56
2018-01-18,10856.7,10873.8,10855.8,10873.8,13:55:00,10872.970742441208,3,57
2018-01-18,10850.75,10860.5,10848.3,10857.6,14:00:00,10870.85448125633,3,58
2018-01-18,10854.25,10858.75,10849.95,10852.2,14:05:00,10869.27310208906,3,59
2018-01-18,10861.2,10864.25,10854.5,10854.8,14:10:00,10868.504235223436,3,60
2018-01-18,10855.05,10862.25,10853.65,10862.2,14:15:00,10867.222879487872,3,61
2018-01-18,10838.05,10858.8,10836.75,10856.7,14:20:00,10864.444510012836,3,62
2018-01-18,10843.9,10845.4,10832.1,10838.15,14:25:00,10862.487890011613,3,63
2018-01-18,10833.55,10854.4,10833.3,10845.7,14:30:00,10859.731900486697,3,64
2018-01-18,10824.9,10835.55,10817.7,10835.55,14:35:00,10856.41457663082,3,65
2018-01-18,10829.55,10835.1,10825.3,10825.85,14:40:00,10853.856045523124,3,66
2018-01-18,10804.35,10833.05,10804.35,10830.85,14:45:00,10849.14118404473,3,67
2018-01-18,10796.25,10805.95,10782.4,10804.0,14:50:00,10844.103928421424,3,68
2018-01-18,10805.15,10811.0,10794.85,10797.65,14:55:00,10840.394030476527,3,69
2018-01-18,10813.25,10813.35,10795.0,10804.9,15:00:00,10837.808884716858,3,70
2018-01-18,10815.9,10822.05,10811.05,10813.9,15:05:00,10835.722324267634,3,71
2018-01-18,10816.65,10818.75,10810.55,10817.2,15:10:00,10833.90591243262,3,72
2018-01-18,10823.15,10827.25,10814.65,10817.8,15:15:00,10832.881539819991,3,73
2018-01-18,10816.1,10824.3,10809.05,10822.8,15:20:00,10831.283297932374,3,74
2018-01-18,10823.5,10827.3,10814.15,10816.45,15:25:00,10830.542031462624,3,75
2018-01-19,10813.2,10842.25,10809.15,10827.3,09:15:00,10828.890409418564,4,1
2018-01-19,10823.5,10824.15,10813.75,10814.25,09:20:00,10828.377037092989,4,2
2018-01-19,10827.05,10827.15,10816.35,10823.25,09:25:00,10828.25065260794,4,3
2018-01-19,10826.65,10830.55,10821.0,10827.2,09:30:00,10828.098209502425,4,4
2018-01-19,10818.8,10830.85,10817.7,10826.55,09:35:00,10827.212665740288,4,5
2018-01-19,10800.0,10819.05,10793.9,10818.45,09:40:00,10824.62098328883,4,6
2018-01-19,10810.5,10811.6,10801.05,10801.65,09:45:00,10823.276127737514,4,7
2018-01-19,10825.4,10826.7,10810.4,10810.55,09:50:00,10823.478401286322,4,8
2018-01-19,10825.9,10835.95,10824.3,10824.9,09:55:00,10823.709029735242,4,9
2018-01-19,10843.35,10844.1,10821.6,10826.15,10:00:00,10825.579598331888,4,10
2018-01-19,10836.4,10845.85,10833.95,10844.0,10:05:00,10826.610112776469,4,11
2018-01-19,10850.65,10852.35,10836.45,10836.45,10:10:00,10828.899625845375,4,12
2018-01-19,10853.05,10856.95,10848.0,10850.7,10:15:00,10831.19966147915,4,13
2018-01-19,10855.6,10857.05,10849.25,10853.85,10:20:00,10833.52350324304,4,14
2018-01-19,10852.8,10857.7,10847.6,10855.75,10:25:00,10835.359360077038,4,15
2018-01-19,10847.5,10854.65,10843.0,10852.9,10:30:00,10836.515611498273,4,16
2018-01-19,10844.85,10848.3,10842.0,10847.85,10:35:00,10837.309362784152,4,17
2018-01-19,10847.65,10853.3,10843.8,10844.55,10:40:00,10838.294185376137,4,18
2018-01-19,10848.65,10855.2,10847.45,10847.45,10:45:00,10839.280453435553,4,19
2018-01-19,10850.75,10854.45,10848.35,10848.45,10:50:00,10840.372791203596,4,20
2018-01-19,10851.25,10851.75,10847.65,10850.7,10:55:00,10841.408715850874,4,21
2018-01-19,10849.95,10855.65,10849.5,10851.5,11:00:00,10842.222171484123,4,22
2018-01-19,10854.65,10855.45,10847.75,10849.6,11:05:00,10843.405774199922,4,23
2018-01-19,10851.45,10856.5,10849.95,10854.7,11:10:00,10844.171890942787,4,24
2018-01-19,10843.35,10852.4,10842.95,10851.8,11:15:00,10844.093615614904,4,25
2018-01-19,10842.85,10850.85,10841.95,10843.3,11:20:00,10843.97517603253,4,26
2018-01-19,10844.05,10847.45,10840.25,10842.65,11:25:00,10843.98230212467,4,27
2018-01-19,10853.3,10853.4,10843.35,10843.35,11:30:00,10844.86970192232,4,28
2018-01-19,10841.1,10853.5,10840.25,10853.0,11:35:00,10844.510682691624,4,29
2018-01-19,10851.2,10851.75,10840.15,10841.9,11:40:00,10845.147760530515,4,30
2018-01-19,10849.55,10853.55,10846.2,10850.65,11:45:00,10845.567021432373,4,31
2018-01-19,10845.25,10850.0,10843.75,10849.65,11:50:00,10845.536828915005,4,32
2018-01-19,10846.4,10850.15,10842.35,10845.4,11:55:00,10845.619035685004,4,33
2018-01-19,10843.7,10850.5,10841.45,10846.05,12:00:00,10845.43627038167,4,34
2018-01-19,10840.7,10844.55,10839.15,10843.1,12:05:00,10844.985197011987,4,35
2018-01-19,10838.8,10840.55,10833.25,10840.35,12:10:00,10844.396130629892,4,36
2018-01-19,10834.5,10841.8,10830.25,10838.75,12:15:00,10843.453641998476,4,37
2018-01-19,10832.8,10836.6,10827.2,10834.55,12:20:00,10842.439009427191,4,38
2018-01-19,10820.5,10833.0,10818.1,10832.75,12:25:00,10840.349579957934,4,39
2018-01-19,10829.05,10833.25,10820.6,10820.7,12:30:00,10839.273429485753,4,40
2018-01-19,10835.85,10837.15,10829.15,10829.15,12:35:00,10838.947388582346,4,41
2018-01-19,10828.1,10840.3,10827.15,10835.75,12:40:00,10837.914303955456,4,42
2018-01-19,10827.1,10831.75,10825.05,10828.75,12:45:00,10836.884370245412,4,43
2018-01-19,10823.3,10832.35,10823.3,10826.75,12:50:00,10835.590620698227,4,44
2018-01-19,10827.1,10829.85,10817.2,10823.35,12:55:00,10834.78199015554,4,45
2018-01-19,10829.4,10835.3,10825.55,10827.0,13:00:00,10834.269419664535,4,46
2018-01-19,10829.15,10833.45,10825.4,10829.65,13:05:00,10833.78185588696,4,47
2018-01-19,10827.65,10829.95,10824.75,10829.2,13:10:00,10833.197869612011,4,48
2018-01-19,10832.55,10833.8,10827.35,10827.4,13:15:00,10833.136167744202,4,49
2018-01-19,10835.45,10835.45,10829.3,10832.9,13:20:00,10833.356532720944,4,50
2018-01-19,10837.85,10840.35,10833.65,10835.3,13:25:00,10833.784481985616,4,51
2018-01-19,10832.45,10841.15,10830.05,10838.0,13:30:00,10833.657388463176,4,52
2018-01-19,10824.65,10834.35,10824.35,10831.75,13:35:00,10832.799541942872,4,53
2018-01-19,10826.7,10829.85,10818.0,10824.6,13:40:00,10832.21863318641,4,54
2018-01-19,10830.05,10830.35,10821.9,10826.75,13:45:00,10832.012096692466,4,55
2018-01-19,10838.9,10843.15,10827.75,10830.15,13:50:00,10832.66808748366,4,56
2018-01-19,10830.45,10841.45,10830.25,10840.65,13:55:00,10832.456841056646,4,57
2018-01-19,10836.45,10836.45,10830.1,10831.65,14:00:00,10832.837141908394,4,58
2018-01-19,10836.7,10840.25,10834.05,10836.85,14:05:00,10833.205033155213,4,59
2018-01-19,10829.45,10839.9,10829.45,10837.2,14:10:00,10832.847410949957,4,60
2018-01-19,10837.5,10841.05,10832.05,10832.05,14:15:00,10833.290514669006,4,61
2018-01-19,10835.2,10840.1,10831.85,10838.85,14:20:00,10833.472370414816,4,62
2018-01-19,10835.6,10837.05,10825.3,10837.05,14:25:00,10833.67500180388,4,63
2018-01-19,10856.75,10861.95,10836.3,10837.05,14:30:00,10835.872620679702,4,64
2018-01-19,10854.9,10862.35,10853.0,10856.9,14:35:00,10837.68475204354,4,65
2018-01-19,10860.75,10866.25,10855.35,10856.4,14:40:00,10839.881442325106,4,66
2018-01-19,10867.15,10871.8,10858.2,10861.45,14:45:00,10842.478447817954,4,67
2018-01-19,10870.25,10875.75,10866.4,10868.8,14:50:00,10845.123357549575,4,68
2018-01-19,10869.8,10877.5,10868.6,10870.7,14:55:00,10847.473513973428,4,69
2018-01-19,10883.1,10884.4,10869.15,10870.0,15:00:00,10850.866512642626,4,70
2018-01-19,10890.55,10892.1,10882.9,10883.95,15:05:00,10854.645892390949,4,71
2018-01-19,10890.05,10894.6,10885.45,10890.4,15:10:00,10858.01771216324,4,72
2018-01-19,10896.95,10901.85,10889.25,10890.6,15:15:00,10861.725549100072,4,73
2018-01-19,10904.25,10906.15,10894.95,10897.05,15:20:00,10865.775496804828,4,74
2018-01-19,10900.45,10906.85,10899.4,10903.85,15:25:00,10869.077830442462,4,75
2018-01-22,10902.35,10926.45,10881.4,10881.4,09:15:00,10872.24660849556,0,1
2018-01-22,10907.05,10913.65,10895.7,10902.5,09:20:00,10875.561217210268,0,2
2018-01-22,10916.8,10917.1,10902.45,10907.6,09:25:00,10879.488720333098,0,3
2018-01-22,10909.2,10918.8,10908.35,10916.75,09:30:00,10882.31836601566,0,4
2018-01-22,10905.3,10913.25,10905.25,10908.95,09:35:00,10884.50709306179,0,5
2018-01-22,10907.3,10908.0,10901.0,10905.25,09:40:00,10886.677846103525,0,6
2018-01-22,10911.55,10912.25,10906.4,10906.85,09:45:00,10889.046622665091,0,7
2018-01-22,10914.65,10919.55,10909.85,10911.0,09:50:00,10891.485039554133,0,8
2018-01-22,10916.8,10920.95,10912.0,10914.95,09:55:00,10893.895988168024,0,9
2018-01-22,10920.3,10929.85,10916.35,10916.85,10:00:00,10896.410655961545,0,10
2018-01-22,10918.35,10921.75,10916.55,10920.55,10:05:00,10898.50011729854,0,11
2018-01-22,10906.05,10918.9,10905.7,10917.35,10:10:00,10899.2191537463,0,12
2018-01-22,10899.0,10905.85,10890.15,10905.85,10:15:00,10899.198281960937,0,13
2018-01-22,10886.0,10907.35,10886.0,10898.9,10:20:00,10897.941302726562,0,14
2018-01-22,10894.4,10899.25,10885.4,10886.4,10:25:00,10897.60403580022,0,15
2018-01-22,10898.35,10899.3,10892.1,10894.1,10:30:00,10897.675080009723,0,16
2018-01-22,10896.8,10899.75,10893.85,10898.6,10:35:00,10897.591739056415,0,17
2018-01-22,10890.6,10899.0,10890.5,10896.65,10:40:00,10896.925859146284,0,18
2018-01-22,10889.2,10892.6,10886.05,10890.45,10:45:00,10896.190063037113,0,19
2018-01-22,10896.15,10897.45,10889.05,10889.3,10:50:00,10896.18624750977,0,20
2018-01-22,10899.35,10903.3,10894.85,10896.25,10:55:00,10896.487557270744,0,21
2018-01-22,10901.75,10901.9,10895.8,10898.8,11:00:00,10896.98874229258,0,22
2018-01-22,10900.65,10907.2,10900.25,10901.45,11:05:00,10897.33743350281,0,23
2018-01-22,10905.15,10905.25,10897.6,10900.3,11:10:00,10898.081487454923,0,24
2018-01-22,10902.45,10908.2,10901.0,10905.1,11:15:00,10898.49753626874,0,25
2018-01-22,10909.15,10909.75,10901.0,10903.2,11:20:00,10899.512056624098,0,26
2018-01-22,10907.05,10911.1,10906.9,10908.8,11:25:00,10900.229955993233,0,27
2018-01-22,10904.3,10907.9,10903.25,10906.95,11:30:00,10900.617579231972,0,28
2018-01-22,10904.45,10906.8,10900.4,10904.4,11:35:00,10900.982571686069,0,29
2018-01-22,10904.2,10906.5,10901.95,10904.25,11:40:00,10901.288993430251,0,30
2018-01-22,10905.6,10908.75,10903.8,10903.8,11:45:00,10901.699565484514,0,31
2018-01-22,10898.3,10907.7,10897.95,10905.0,11:50:00,10901.375797343131,0,32
2018-01-22,10900.2,10904.5,10896.15,10898.6,11:55:00,10901.263816643786,0,33
2018-01-22,10905.25,10908.4,10901.45,10901.45,12:00:00,10901.643453153902,0,34
2018-01-22,10908.4,10908.4,10904.9,10905.5,12:05:00,10902.28693380591,0,35
2018-01-22,10912.15,10915.3,10907.4,10908.55,12:10:00,10903.226273443444,0,36
2018-01-22,10918.65,10919.2,10911.8,10912.55,12:15:00,10904.695199782162,0,37
2018-01-22,10915.15,10919.15,10914.9,10918.4,12:20:00,10905.690895041003,0,38
2018-01-22,10912.5,10917.05,10910.15,10915.45,12:25:00,10906.339381227574,0,39
2018-01-22,10919.55,10919.75,10912.05,10912.05,12:30:00,10907.597535396377,0,40
2018-01-22,10919.15,10922.3,10916.6,10918.95,12:35:00,10908.69777012053,0,41
2018-01-22,10920.55,10926.45,10918.1,10918.85,12:40:00,10909.826553918574,0,42
2018-01-22,10920.15,10921.65,10915.45,10920.15,12:45:00,10910.809739259665,0,43
2018-01-22,10917.15,10920.4,10914.55,10919.85,12:50:00,10911.413573615886,0,44
2018-01-22,10916.1,10919.0,10913.7,10916.85,12:55:00,10911.859899938185,0,45
2018-01-22,10915.6,10917.65,10911.4,10916.6,13:00:00,10912.216099944071,0,46
2018-01-22,10917.8,10919.35,10914.7,10915.3,13:05:00,10912.747899949398,0,47
2018-01-22,10916.75,10918.9,10915.05,10917.4,13:10:00,10913.12905233517,0,48
2018-01-22,10910.15,10917.8,10909.75,10916.35,13:15:00,10912.845333065154,0,49
2018-01-22,10912.65,10916.25,10910.1,10910.3,13:20:00,10912.82672991609,0,50
2018-01-22,10911.7,10914.75,10905.3,10912.15,13:25:00,10912.719422305036,0,51
2018-01-22,10917.75,10919.2,10910.35,10911.3,13:30:00,10913.19852494265,0,52
2018-01-22,10919.45,10921.65,10916.25,10917.5,13:35:00,10913.79390351954,0,53
2018-01-22,10921.15,10922.3,10916.0,10919.15,13:40:00,10914.494484136729,0,54
2018-01-22,10928.05,10931.5,10920.9,10921.3,13:45:00,10915.785485647517,0,55
2018-01-22,10931.15,10934.05,10925.05,10928.0,13:50:00,10917.248772728704,0,56
2018-01-22,10940.9,10941.6,10929.95,10930.8,13:55:00,10919.501270564066,0,57
2018-01-22,10937.35,10944.95,10933.1,10942.3,14:00:00,10921.201149557965,0,58
2018-01-22,10928.95,10937.9,10924.2,10937.9,14:05:00,10921.93913531435,0,59
2018-01-22,10932.8,10937.65,10928.05,10929.8,14:10:00,10922.97350337965,0,60
2018-01-22,10940.3,10941.3,10929.1,10933.75,14:15:00,10924.62364591492,0,61
2018-01-22,10933.05,10940.8,10931.3,10940.15,14:20:00,10925.426155827785,0,62
2018-01-22,10934.05,10934.65,10925.6,10933.3,14:25:00,10926.247474320377,0,63
2018-01-22,10930.4,10934.3,10929.95,10934.25,14:30:00,10926.642952956532,0,64
2018-01-22,10928.1,10931.35,10919.75,10931.35,14:35:00,10926.781719341623,0,65
2018-01-22,10938.4,10938.65,10927.45,10928.85,14:40:00,10927.88822226147,0,66
2018-01-22,10939.3,10942.6,10935.1,10939.3,14:45:00,10928.975058236569,0,67
2018-01-22,10942.5,10944.5,10935.3,10939.6,14:50:00,10930.263147928325,0,68
2018-01-22,10955.4,10956.25,10941.3,10943.5,14:55:00,10932.657133839914,0,69
2018-01-22,10965.05,10967.55,10955.25,10955.75,15:00:00,10935.742168712302,0,70
2018-01-22,10966.3,10975.1,10964.7,10965.15,15:05:00,10938.65243835875,0,71
2018-01-22,10956.75,10966.55,10956.65,10965.4,15:10:00,10940.376015657916,0,72
2018-01-22,10968.15,10971.25,10956.3,10956.65,15:15:00,10943.02115702383,0,73
2018-01-22,10966.55,10973.1,10966.55,10968.05,15:20:00,10945.261999212036,0,74
2018-01-22,10958.25,10968.0,10955.5,10965.15,15:25:00,10946.498951668033,0,75
2018-01-23,11017.0,11018.25,10994.55,10997.05,09:15:00,10953.213337223458,1,1
2018-01-23,11012.7,11023.0,11010.75,11018.55,09:20:00,10958.878733678368,1,2
2018-01-23,11022.85,11022.85,11013.45,11013.65,09:25:00,10964.971235232808,1,3
2018-01-23,11028.75,11029.3,11016.2,11023.3,09:30:00,10971.045403305874,1,4
2018-01-23,11024.7,11030.6,11021.8,11028.95,09:35:00,10976.15536489579,1,5
2018-01-23,11021.85,11026.35,11019.75,11024.4,09:40:00,10980.507234905715,1,6
2018-01-23,11039.6,11041.35,11020.85,11022.65,09:45:00,10986.135117295647,1,7
2018-01-23,11041.65,11043.25,11036.8,11039.85,09:50:00,10991.422248981777,1,8
2018-01-23,11041.9,11045.6,11039.45,11041.6,09:55:00,10996.229653840655,1,9
2018-01-23,11031.9,11043.85,11028.8,11042.35,10:00:00,10999.626829665354,1,10
2018-01-23,11040.05,11040.95,11027.5,11031.6,10:05:00,11003.47665541151,1,11
2018-01-23,11044.25,11046.45,11037.15,11040.2,10:10:00,11007.359831086604,1,12
2018-01-23,11042.65,11045.1,11040.15,11043.15,10:15:00,11010.720799554549,1,13
2018-01-23,11040.45,11045.2,11040.1,11042.75,10:20:00,11013.552151977923,1,14
2018-01-23,11049.15,11049.15,11038.2,11040.5,10:25:00,11016.94242321812,1,15
2018-01-23,11044.55,11050.05,11040.1,11049.2,10:30:00,11019.571716244967,1,16
2018-01-23,11046.9,11047.1,11042.15,11044.15,10:35:00,11022.174409935924,1,17
2018-01-23,11048.45,11051.75,11044.9,11046.65,10:40:00,11024.676847084884,1,18
2018-01-23,11045.45,11049.15,11042.85,11048.05,10:45:00,11026.65524260061,1,19
2018-01-23,11046.35,11049.1,11045.05,11045.25,10:50:00,11028.530933781503,1,20
2018-01-23,11046.25,11046.8,11043.55,11046.15,10:55:00,11030.21846389755,1,21
2018-01-23,11049.45,11051.95,11045.9,11045.95,11:00:00,11032.050038764452,1,22
2018-01-23,11042.7,11053.05,11042.55,11049.75,11:05:00,11033.064320786883,1,23
2018-01-23,11045.75,11045.75,11041.9,11043.4,11:10:00,11034.272480711945,1,24
2018-01-23,11043.85,11046.6,11040.35,11045.65,11:15:00,11035.184625406046,1,25
2018-01-23,11045.85,11045.85,11041.05,11043.75,11:20:00,11036.200375367374,1,26
2018-01-23,11040.25,11046.65,11039.3,11045.3,11:25:00,11036.586053903817,1,27
2018-01-23,11043.05,11046.05,11040.45,11040.45,11:30:00,11037.201667817735,1,28
2018-01-23,11050.05,11050.05,11042.6,11043.0,11:35:00,11038.425318501762,1,29
2018-01-23,11046.35,11050.65,11044.7,11049.75,11:40:00,11039.180050073022,1,30
2018-01-23,11047.35,11047.65,11044.9,11046.4,11:45:00,11039.958140542258,1,31
2018-01-23,11053.45,11054.4,11045.85,11047.25,11:50:00,11041.243079538232,1,32
2018-01-23,11057.75,11060.45,11052.65,11053.55,11:55:00,11042.81516720126,1,33
2018-01-23,11056.25,11058.5,11053.25,11057.65,12:00:00,11044.094675086852,1,34
2018-01-23,11060.9,11063.5,11056.1,11056.1,12:05:00,11045.695182221438,1,35
2018-01-23,11063.05,11064.8,11059.75,11061.35,12:10:00,11047.348022009872,1,36
2018-01-23,11071.6,11072.0,11062.85,11063.15,12:15:00,11049.657734199409,1,37
2018-01-23,11073.8,11074.25,11066.5,11071.3,12:20:00,11051.956997608988,1,38
2018-01-23,11079.8,11082.6,11072.65,11074.15,12:25:00,11054.608712122415,1,39
2018-01-23,11076.15,11080.7,11074.2,11079.6,12:30:00,11056.660263348856,1,40
2018-01-23,11086.15,11086.55,11076.25,11076.25,12:35:00,11059.468809696584,1,41
2018-01-23,11086.8,11087.7,11084.2,11086.05,12:40:00,11062.071780201672,1,42
2018-01-23,11079.75,11087.15,11077.15,11086.9,12:45:00,11063.755420182466,1,43
2018-01-23,11073.4,11080.1,11066.75,11079.05,12:50:00,11064.67395159366,1,44
2018-01-23,11058.9,11073.75,11057.75,11073.25,12:55:00,11064.124051441884,1,45
2018-01-23,11064.5,11066.6,11056.15,11059.0,13:00:00,11064.159856066466,1,46
2018-01-23,11066.95,11073.35,11064.4,11064.4,13:05:00,11064.425584060136,1,47
2018-01-23,11066.6,11068.05,11063.15,11067.25,13:10:00,11064.632671292506,1,48
2018-01-23,11071.0,11072.05,11066.2,11067.0,13:15:00,11065.239083550365,1,49
2018-01-23,11081.0,11081.05,11068.65,11071.05,13:20:00,11066.740123212234,1,50
2018-01-23,11070.85,11081.55,11070.85,11080.75,13:25:00,11067.131540049164,1,51
2018-01-23,11067.0,11070.6,11065.2,11070.25,13:30:00,11067.119012425434,1,52
2018-01-23,11060.45,11070.0,11056.3,11066.65,13:35:00,11066.483868384916,1,53
2018-01-23,11053.15,11063.1,11053.0,11060.6,13:40:00,11065.21397615778,1,54
2018-01-23,11058.35,11059.15,11046.7,11053.2,13:45:00,11064.560264142752,1,55
2018-01-23,11061.45,11065.15,11056.1,11057.95,13:50:00,11064.26404851011,1,56
2018-01-23,11072.25,11077.8,11060.55,11060.8,13:55:00,11065.02461531867,1,57
2018-01-23,11063.8,11072.15,11057.3,11068.65,14:00:00,11064.907985288322,1,58
2018-01-23,11064.45,11069.95,11061.1,11061.1,14:05:00,11064.864367641816,1,59
2018-01-23,11056.4,11064.9,11055.5,11062.4,14:10:00,11064.058237390214,1,60
2018-01-23,11050.4,11062.75,11049.65,11055.05,14:15:00,11062.75745287686,1,61
2018-01-23,11055.5,11057.2,11048.8,11048.8,14:20:00,11062.066266888589,1,62
2018-01-23,11058.1,11060.35,11052.6,11052.6,14:25:00,11061.688527184911,1,63
2018-01-23,11065.0,11069.9,11055.05,11056.7,14:30:00,11062.003905548252,1,64
2018-01-23,11064.9,11066.9,11060.0,11064.1,14:35:00,11062.279724067466,1,65
2018-01-23,11073.35,11073.8,11062.85,11062.9,14:40:00,11063.334036061042,1,66
2018-01-23,11068.35,11078.6,11068.35,11071.45,14:45:00,11063.811746912372,1,67
2018-01-23,11068.55,11071.7,11062.65,11065.5,14:50:00,11064.263009111191,1,68
2018-01-23,11063.35,11068.35,11062.5,11066.25,14:55:00,11064.176055862508,1,69
2018-01-23,11075.8,11075.8,11062.1,11062.1,15:00:00,11065.283098161315,1,70
2018-01-23,11086.45,11086.6,11071.8,11073.3,15:05:00,11067.298993574525,1,71
2018-01-23,11088.3,11088.3,11080.9,11083.5,15:10:00,11069.299089424569,1,72
2018-01-23,11090.1,11092.9,11083.55,11088.4,15:15:00,11071.28012852699,1,73
2018-01-23,11088.55,11091.55,11087.55,11089.6,15:20:00,11072.924878191086,1,74
2018-01-23,11082.6,11088.8,11080.3,11087.3,15:25:00,11073.846318363365,1,75
2018-01-24,11074.2,11084.05,11057.25,11060.25,09:15:00,11073.88000232876,2,1
2018-01-24,11101.2,11101.2,11072.1,11074.65,09:20:00,11076.481906868878,2,2
2018-01-24,11100.7,11105.9,11091.4,11101.35,09:25:00,11078.788391928983,2,3
2018-01-24,11106.35,11110.1,11099.45,11101.2,09:30:00,11081.413306983368,2,4
2018-01-24,11093.6,11109.45,11091.95,11106.7,09:35:00,11082.573944413523,2,5
2018-01-24,11068.65,11093.85,11066.25,11093.85,09:40:00,11081.24785446938,2,6
2018-01-24,11074.6,11074.6,11050.2,11069.7,09:45:00,11080.614725472296,2,7
2018-01-24,11062.7,11078.75,11060.4,11075.05,09:50:00,11078.9085611416,2,8
2018-01-24,11069.8,11070.45,11046.15,11062.2,09:55:00,11078.041079128116,2,9
2018-01-24,11070.75,11079.4,11063.3,11070.25,10:00:00,11077.346690639724,2,10
2018-01-24,11087.6,11090.5,11069.9,11070.25,10:05:00,11078.323196293084,2,11
2018-01-24,11091.15,11096.5,11083.1,11088.25,10:10:00,11079.544796646123,2,12
2018-01-24,11080.0,11093.25,11079.9,11091.4,10:15:00,11079.588149346491,2,13
2018-01-24,11079.35,11084.75,11069.9,11080.15,10:20:00,11079.56546845635,2,14
2018-01-24,11080.15,11085.2,11076.35,11079.05,10:25:00,11079.621138127177,2,15
2018-01-24,11085.0,11085.75,11074.25,11080.6,10:30:00,11080.133410686492,2,16
2018-01-24,11081.1,11092.2,11080.55,11084.8,10:35:00,11080.22546681159,2,17
2018-01-24,11086.2,11086.8,11078.35,11081.25,10:40:00,11080.79446997239,2,18
2018-01-24,11088.75,11090.5,11082.25,11086.35,10:45:00,11081.552139498828,2,19
2018-01-24,11099.65,11099.65,11084.6,11088.9,10:50:00,11083.275745260846,2,20
2018-01-24,11099.85,11106.4,11095.15,11099.6,10:55:00,11084.854245712191,2,21
2018-01-24,11099.45,11103.1,11095.65,11100.05,11:00:00,11086.244317549128,2,22
2018-01-24,11099.2,11101.6,11093.4,11099.65,11:05:00,11087.478192068258,2,23
2018-01-24,11090.15,11099.05,11089.2,11098.85,11:10:00,11087.73264996652,2,24
2018-01-24,11087.3,11090.0,11079.95,11090.0,11:15:00,11087.691445207804,2,25
2018-01-24,11082.4,11087.65,11081.45,11087.5,11:20:00,11087.187498045156,2,26
2018-01-24,11092.3,11095.1,11082.1,11082.65,11:25:00,11087.674402993236,2,27
2018-01-24,11090.85,11092.95,11088.45,11092.0,11:30:00,11087.976840803403,2,28
2018-01-24,11092.05,11093.5,11088.6,11090.75,11:35:00,11088.364760726889,2,29
2018-01-24,11087.45,11092.4,11084.4,11091.9,11:40:00,11088.27764065766,2,30
2018-01-24,11081.85,11088.65,11081.25,11087.3,11:45:00,11087.66548440455,2,31
2018-01-24,11084.9,11085.75,11081.9,11082.3,11:50:00,11087.40210493745,2,32
2018-01-24,11087.55,11089.65,11084.45,11084.85,11:55:00,11087.416190181502,2,33
2018-01-24,11087.55,11089.5,11085.4,11087.2,12:00:00,11087.42893397374,2,34
2018-01-24,11083.0,11089.0,11083.0,11088.3,12:05:00,11087.007130738146,2,35
2018-01-24,11075.8,11084.45,11074.75,11082.65,12:10:00,11085.939784953562,2,36
2018-01-24,11080.4,11082.05,11076.0,11076.05,12:15:00,11085.412186386557,2,37
2018-01-24,11076.45,11081.0,11075.5,11080.55,12:20:00,11084.558644825933,2,38
2018-01-24,11077.65,11078.65,11075.05,11076.0,12:25:00,11083.900678652031,2,39
2018-01-24,11075.2,11078.65,11073.3,11078.15,12:30:00,11083.072042589934,2,40
2018-01-24,11071.15,11077.8,11070.25,11076.15,12:35:00,11081.936609962322,2,41
2018-01-24,11065.55,11071.7,11063.8,11070.95,12:40:00,11080.3759804421,2,42
2018-01-24,11061.05,11067.35,11057.7,11065.8,12:45:00,11078.535410876186,2,43
2018-01-24,11065.75,11069.3,11058.35,11060.75,12:50:00,11077.3177526975,2,44
2018-01-24,11068.15,11069.7,11065.1,11065.65,12:55:00,11076.444633392975,2,45
2018-01-24,11079.7,11080.5,11068.8,11069.0,13:00:00,11076.754668307933,2,46
2018-01-24,11080.45,11083.65,11077.0,11080.1,13:05:00,11077.106604659555,2,47
2018-01-24,11090.7,11091.0,11080.2,11081.0,13:10:00,11078.401213739598,2,48
2018-01-24,11105.4,11105.7,11090.85,11090.95,13:15:00,11080.97252671678,2,49
2018-01-24,11091.35,11105.95,11091.3,11105.95,13:20:00,11081.96085750566,2,50
2018-01-24,11083.75,11093.55,11082.95,11091.25,13:25:00,11082.13125202893,2,51
2018-01-24,11089.35,11089.75,11080.55,11084.5,13:30:00,11082.8187518357,2,52
2018-01-24,11087.25,11090.25,11084.6,11089.5,13:35:00,11083.240775470396,2,53
2018-01-24,11091.3,11092.9,11084.2,11086.7,13:40:00,11084.008320663692,2,54
2018-01-24,11089.9,11097.9,11086.95,11091.5,13:45:00,11084.569432981434,2,55
2018-01-24,11095.65,11097.6,11088.4,11090.15,13:50:00,11085.62472507844,2,56
2018-01-24,11080.45,11095.85,11080.15,11095.6,13:55:00,11085.131894118587,2,57
2018-01-24,11084.95,11085.25,11070.25,11081.05,14:00:00,11085.114570869198,2,58
2018-01-24,11079.85,11085.05,11078.9,11085.05,14:05:00,11084.61318316737,2,59
2018-01-24,11084.7,11088.2,11079.05,11079.9,14:10:00,11084.621451437146,2,60
2018-01-24,11083.75,11094.75,11080.4,11084.8,14:15:00,11084.53845606218,2,61
2018-01-24,11080.15,11084.2,11077.4,11081.5,14:20:00,11084.120507865782,2,62
2018-01-24,11077.55,11082.95,11072.55,11080.25,14:25:00,11083.494745211898,2,63
2018-01-24,11075.1,11079.6,11070.35,11077.6,14:30:00,11082.695245667906,2,64
2018-01-24,11083.05,11084.4,11071.3,11074.4,14:35:00,11082.729031794772,2,65
2018-01-24,11083.2,11090.1,11078.6,11082.9,14:40:00,11082.773885909555,2,66
2018-01-24,11085.35,11088.25,11080.25,11082.65,14:45:00,11083.019230108644,2,67
2018-01-24,11085.2,11086.85,11080.15,11085.1,14:50:00,11083.22692247925,2,68
2018-01-24,11081.55,11086.65,11077.9,11085.3,14:55:00,11083.067215576464,2,69
2018-01-24,11084.3,11088.55,11078.8,11080.8,15:00:00,11083.1846236168,2,70
2018-01-24,11088.65,11089.65,11079.5,11084.5,15:05:00,11083.705135653294,2,71
2018-01-24,11091.5,11094.15,11087.45,11088.7,15:10:00,11084.447503686317,2,72
2018-01-24,11085.25,11092.4,11083.25,11091.65,15:15:00,11084.523931906666,2,73
2018-01-24,11084.85,11089.25,11083.15,11085.7,15:20:00,11084.554986010791,2,74
2018-01-24,11085.2,11086.9,11081.95,11084.8,15:25:00,11084.616415914528,2,75
2018-01-25,11082.9,11091.8,11068.4,11085.45,09:15:00,11084.452947732192,3,1
2018-01-25,11070.75,11086.95,11070.7,11083.3,09:20:00,11083.147905091031,3,2
2018-01-25,11075.8,11080.1,11070.05,11071.3,09:25:00,11082.448104606172,3,3
2018-01-25,11069.0,11081.85,11068.4,11076.55,09:30:00,11081.167332738918,3,4
2018-01-25,11066.85,11071.25,11059.9,11069.95,09:35:00,11079.803777239971,3,5
2018-01-25,11074.95,11075.25,11064.75,11066.8,09:40:00,11079.341512740928,3,6
2018-01-25,11078.35,11079.45,11072.55,11075.0,09:45:00,11079.24708295608,3,7
2018-01-25,11082.25,11086.1,11076.95,11078.45,09:50:00,11079.5330750555,3,8
2018-01-25,11083.05,11091.45,11080.5,11082.65,09:55:00,11079.86802028831,3,9
2018-01-25,11077.05,11088.6,11075.75,11083.2,10:00:00,11079.59963740371,3,10
2018-01-25,11074.35,11083.05,11074.15,11077.55,10:05:00,11079.09967193669,3,11
2018-01-25,11081.85,11082.1,11074.25,11074.25,10:10:00,11079.36160794272,3,12
2018-01-25,11080.05,11085.7,11077.8,11082.05,10:15:00,11079.427169091032,3,13
2018-01-25,11081.25,11082.55,11078.35,11079.7,10:20:00,11079.600772034744,3,14
2018-01-25,11076.5,11082.4,11074.3,11081.5,10:25:00,11079.305460412388,3,15
2018-01-25,11077.95,11079.0,11070.75,11076.35,10:30:00,11079.176368944542,3,16
2018-01-25,11072.35,11078.15,11071.0,11078.15,10:35:00,11078.526238568871,3,17
2018-01-25,11074.75,11077.2,11070.3,11072.45,10:40:00,11078.166596800407,3,18
2018-01-25,11068.75,11076.7,11068.35,11074.7,10:45:00,11077.26977805751,3,19
2018-01-25,11072.45,11074.35,11068.5,11068.85,10:50:00,11076.810751575844,3,20
2018-01-25,11068.2,11073.45,11066.95,11072.2,10:55:00,11075.990679997192,3,21
2018-01-25,11064.4,11068.55,11060.4,11067.7,11:00:00,11074.886805711743,3,22
2018-01-25,11058.35,11067.35,11058.0,11064.35,11:05:00,11073.311871834436,3,23
2018-01-25,11059.35,11067.7,11057.65,11058.1,11:10:00,11071.982169754963,3,24
2018-01-25,11056.0,11059.8,11047.6,11059.6,11:15:00,11070.46005834973,3,25
2018-01-25,11060.6,11062.0,11054.35,11056.9,11:20:00,11069.521005173565,3,26
2018-01-25,11063.8,11065.2,11060.2,11060.85,11:25:00,11068.976147537986,3,27
2018-01-25,11060.5,11064.75,11060.25,11063.95,11:30:00,11068.16889539151,3,28
2018-01-25,11056.7,11063.15,11056.0,11060.45,11:35:00,11067.076619639938,3,29
2018-01-25,11060.45,11061.4,11055.8,11056.15,11:40:00,11066.445513007564,3,30
2018-01-25,11061.85,11064.85,11059.85,11060.65,11:45:00,11066.007845102082,3,31
2018-01-25,11066.4,11068.85,11061.9,11062.2,11:50:00,11066.045193187598,3,32
2018-01-25,11065.5,11068.25,11062.75,11066.5,11:55:00,11065.993270026876,3,33
2018-01-25,11064.3,11066.6,11063.6,11065.6,12:00:00,11065.832006214792,3,34
2018-01-25,11063.45,11065.35,11062.15,11063.9,12:05:00,11065.60514848005,3,35
2018-01-25,11058.7,11063.55,11058.2,11063.5,12:10:00,11064.947515291477,3,36
2018-01-25,11053.1,11061.2,11053.1,11058.85,12:15:00,11063.81918050181,3,37
2018-01-25,11051.35,11053.55,11047.1,11053.35,12:20:00,11062.631639501638,3,38
2018-01-25,11051.8,11057.85,11050.7,11051.25,12:25:00,11061.600054787195,3,39
2018-01-25,11053.35,11056.25,11050.25,11051.95,12:30:00,11060.814335283654,3,40
2018-01-25,11050.15,11056.95,11050.1,11054.35,12:35:00,11059.798684304258,3,41
2018-01-25,11050.3,11051.9,11043.95,11050.05,12:40:00,11058.894047703852,3,42
2018-01-25,11058.0,11058.0,11050.4,11050.55,12:45:00,11058.808900303486,3,43
2018-01-25,11052.45,11059.65,11051.65,11057.7,12:50:00,11058.203290750773,3,44
2018-01-25,11049.95,11053.65,11048.4,11053.65,12:55:00,11057.417263060222,3,45
2018-01-25,11050.6,11055.35,11049.6,11050.0,13:00:00,11056.76799991163,3,46
2018-01-25,11046.4,11052.35,11044.9,11050.3,13:05:00,11055.780571348618,3,47
2018-01-25,11032.85,11047.25,11032.85,11046.55,13:10:00,11053.596707410654,3,48
2018-01-25,11030.0,11041.75,11028.6,11032.65,13:15:00,11051.349401942973,3,49
2018-01-25,11036.2,11040.9,11028.9,11028.9,13:20:00,11049.906601757928,3,50
2018-01-25,11027.7,11040.4,11026.7,11036.35,13:25:00,11047.791687304793,3,51
2018-01-25,11016.4,11033.3,11015.0,11028.05,13:30:00,11044.802002799574,3,52
2018-01-25,11021.8,11021.8,11009.2,11016.45,13:35:00,11042.61133586628,3,53
2018-01-25,11022.05,11022.85,11013.15,11021.95,13:40:00,11040.653113402826,3,54
2018-01-25,11031.2,11036.25,11020.95,11021.15,13:45:00,11039.752816888273,3,55
2018-01-25,11052.5,11053.35,11028.4,11029.35,13:50:00,11040.966834327484,3,56
2018-01-25,11053.9,11061.7,11047.6,11050.65,13:55:00,11042.198564391534,3,57
2018-01-25,11049.8,11054.5,11042.1,11050.95,14:00:00,11042.92251063996,3,58
2018-01-25,11054.95,11057.65,11047.4,11047.4,14:05:00,11044.067985817106,3,59
2018-01-25,11063.4,11069.25,11052.5,11056.4,14:10:00,11045.909130025,3,60
2018-01-25,11051.8,11065.55,11051.45,11065.55,14:15:00,11046.470165260716,3,61
2018-01-25,11045.8,11054.95,11039.05,11052.45,14:20:00,11046.40633999779,3,62
2018-01-25,11045.85,11049.3,11042.1,11044.95,14:25:00,11046.353355236097,3,63
2018-01-25,11044.2,11053.2,11041.85,11041.95,14:30:00,11046.148273785038,3,64
2018-01-25,11043.55,11050.35,11041.5,11042.15,14:35:00,11045.900819138844,3,65
2018-01-25,11031.65,11044.8,11031.1,11044.8,14:40:00,11044.543598268478,3,66
2018-01-25,11041.9,11048.0,11030.0,11032.75,14:45:00,11044.291827004814,3,67
2018-01-25,11035.4,11043.7,11032.6,11043.7,14:50:00,11043.444986337689,3,68
2018-01-25,11039.8,11045.3,11033.0,11037.5,14:55:00,11043.097844781718,3,69
2018-01-25,11058.25,11062.95,11029.3,11037.25,15:00:00,11044.540907183458,3,70
2018-01-25,11081.0,11081.4,11055.6,11055.6,15:05:00,11048.013201737416,3,71
2018-01-25,11074.8,11085.35,11067.35,11080.45,15:10:00,11050.564325381472,3,72
2018-01-25,11072.1,11076.7,11067.55,11074.7,15:15:00,11052.615342011808,3,73
2018-01-25,11075.55,11078.75,11068.25,11070.7,15:20:00,11054.79959515354,3,74
2018-01-25,11064.85,11078.9,11061.05,11073.55,15:25:00,11055.756776567488,3,75
2018-01-29,11121.0,11123.4,11075.95,11077.25,09:15:00,11061.970416894394,0,1
2018-01-29,11110.1,11121.45,11105.1,11121.15,09:20:00,11066.554186713976,0,2
2018-01-29,11134.9,11136.05,11110.15,11110.25,09:25:00,11073.063311788836,0,3
2018-01-29,11135.35,11135.9,11130.15,11133.85,09:30:00,11078.995377332756,0,4
2018-01-29,11134.6,11146.55,11132.45,11136.65,09:35:00,11084.291055682015,0,5
2018-01-29,11139.65,11145.65,11135.05,11135.5,09:40:00,11089.563336093252,0,6
2018-01-29,11135.8,11148.25,11135.8,11140.1,09:45:00,11093.966827893895,0,7
2018-01-29,11134.65,11138.9,11131.0,11135.75,09:50:00,11097.841415713525,0,8
2018-01-29,11147.65,11148.65,11134.3,11134.85,09:55:00,11102.585090407472,0,9
2018-01-29,11146.05,11148.85,11142.8,11148.2,10:00:00,11106.72460560676,0,10
2018-01-29,11137.95,11149.1,11137.95,11146.2,10:05:00,11109.69845269183,0,11
2018-01-29,11141.25,11144.45,11137.6,11137.65,10:10:00,11112.703361959271,0,12
2018-01-29,11142.4,11147.6,11136.6,11141.75,10:15:00,11115.531613201249,0,13
2018-01-29,11145.05,11146.5,11139.95,11142.65,10:20:00,11118.34288813446,0,14
2018-01-29,11155.2,11155.25,11141.45,11144.25,10:25:00,11121.853089264512,0,15
2018-01-29,11153.05,11155.8,11151.45,11154.1,10:30:00,11124.824223620271,0,16
2018-01-29,11151.5,11156.6,11150.45,11153.25,10:35:00,11127.364773751671,0,17
2018-01-29,11146.7,11153.15,11145.9,11151.05,10:40:00,11129.206223870562,0,18
2018-01-29,11152.0,11152.35,11146.0,11147.1,10:45:00,11131.377059692411,0,19
2018-01-29,11152.75,11154.6,11149.45,11152.1,10:50:00,11133.412577816944,0,20
2018-01-29,11155.35,11156.5,11152.35,11153.2,10:55:00,11135.501856120092,0,21
2018-01-29,11152.8,11159.15,11152.25,11155.45,11:00:00,11137.149298394368,0,22
2018-01-29,11155.1,11157.6,11153.0,11153.1,11:05:00,11138.858889023477,0,23
2018-01-29,11159.3,11161.0,11154.45,11155.35,11:10:00,11140.805661497428,0,24
2018-01-29,11158.6,11159.9,11153.85,11159.35,11:15:00,11142.500360402437,0,25
2018-01-29,11154.8,11159.15,11154.1,11159.1,11:20:00,11143.671754649822,0,26
2018-01-29,11152.95,11156.5,11149.0,11155.35,11:25:00,11144.555397064123,0,27
2018-01-29,11153.5,11155.7,11150.4,11152.6,11:30:00,11145.407264010397,0,28
2018-01-29,11156.25,11157.5,11152.95,11153.8,11:35:00,11146.439905533216,0,29
2018-01-29,11156.65,11156.9,11152.75,11156.1,11:40:00,11147.412295482432,0,30
2018-01-29,11156.9,11159.45,11155.55,11156.9,11:45:00,11148.315886388868,0,31
2018-01-29,11155.6,11159.5,11155.35,11157.0,11:50:00,11149.00961149469,0,32
2018-01-29,11155.3,11157.25,11153.9,11155.75,11:55:00,11149.608696114245,0,33
2018-01-29,11158.55,11163.75,11155.2,11155.95,12:00:00,11150.460248865267,0,34
2018-01-29,11159.6,11161.3,11158.0,11158.65,12:05:00,11151.33070135429,0,35
2018-01-29,11158.55,11162.3,11158.45,11159.7,12:10:00,11152.018253606264,0,36
2018-01-29,11158.45,11159.95,11155.55,11158.65,12:15:00,11152.630800881858,0,37
2018-01-29,11152.8,11158.9,11150.95,11158.65,12:20:00,11152.646915083586,0,38
2018-01-29,11155.25,11155.7,11151.65,11153.75,12:25:00,11152.894827932769,0,39
2018-01-29,11143.8,11157.35,11143.6,11155.2,12:30:00,11152.028653843932,0,40
2018-01-29,11144.95,11147.15,11142.35,11143.5,12:35:00,11151.354496334983,0,41
2018-01-29,11149.25,11149.9,11143.4,11144.9,12:40:00,11151.154068112606,0,42
2018-01-29,11154.9,11154.9,11148.75,11149.0,12:45:00,11151.510823530454,0,43
2018-01-29,11150.4,11155.65,11144.55,11154.95,12:50:00,11151.405030813268,0,44
2018-01-29,11149.7,11155.15,11149.7,11150.35,12:55:00,11151.24264692629,0,45
2018-01-29,11152.25,11152.25,11146.0,11149.75,13:00:00,11151.338585314264,0,46
2018-01-29,11152.65,11154.9,11151.0,11151.95,13:05:00,11151.463481951,0,47
2018-01-29,11151.95,11153.25,11150.6,11152.6,13:10:00,11151.509817003283,0,48
2018-01-29,11153.65,11154.95,11151.75,11152.0,13:15:00,11151.713643955354,0,49
2018-01-29,11150.1,11153.6,11148.9,11152.4,13:20:00,11151.559963578651,0,50
2018-01-29,11157.7,11158.35,11147.8,11147.8,13:25:00,11152.144728952117,0,51
2018-01-29,11163.45,11171.55,11156.75,11157.25,13:30:00,11153.221421432869,0,52
2018-01-29,11166.55,11168.05,11154.85,11162.35,13:35:00,11154.490809867832,0,53
2018-01-29,11162.25,11162.75,11154.55,11161.45,13:40:00,11155.22978035661,0,54
2018-01-29,11161.55,11162.15,11158.25,11159.0,13:45:00,11155.831706036934,0,55
2018-01-29,11154.35,11161.7,11152.25,11159.4,13:50:00,11155.690591176271,0,56
2018-01-29,11157.1,11158.1,11147.9,11153.7,13:55:00,11155.824820588055,0,57
2018-01-29,11151.4,11158.2,11150.45,11154.55,14:00:00,11155.40340910348,0,58
2018-01-29,11145.2,11153.15,11145.05,11150.6,14:05:00,11154.43165585553,0,59
2018-01-29,11147.75,11149.7,11143.0,11143.8,14:10:00,11153.79530767881,0,60
2018-01-29,11139.4,11147.6,11137.35,11146.1,14:15:00,11152.424325995114,0,61
2018-01-29,11128.25,11139.75,11127.65,11138.25,14:20:00,11150.122009233675,0,62
2018-01-29,11121.0,11129.45,11117.15,11126.25,14:25:00,11147.348484544753,0,63
2018-01-29,11117.05,11128.5,11109.2,11119.7,14:30:00,11144.46291458811,0,64
2018-01-29,11140.1,11140.1,11115.7,11115.7,14:35:00,11144.047398913051,0,65
2018-01-29,11133.55,11140.2,11128.5,11137.35,14:40:00,11143.04764663562,0,66
2018-01-29,11134.65,11137.6,11131.3,11131.5,14:45:00,11142.24787076556,0,67
2018-01-29,11140.8,11140.8,11129.75,11133.3,14:50:00,11142.109978311695,0,68
2018-01-29,11130.25,11140.75,11126.25,11138.9,14:55:00,11140.980456567726,0,69
2018-01-29,11136.75,11140.3,11128.4,11128.4,15:00:00,11140.577555942227,0,70
2018-01-29,11136.7,11137.75,11131.6,11135.65,15:05:00,11140.20826490011,0,71
2018-01-29,11133.05,11137.75,11132.65,11135.35,15:10:00,11139.526525385812,0,72
2018-01-29,11125.95,11134.4,11118.6,11133.5,15:15:00,11138.233522968116,0,73
2018-01-29,11124.15,11127.15,11118.75,11125.45,15:20:00,11136.892235066389,0,74
2018-01-29,11125.2,11132.9,11119.2,11122.65,15:25:00,11135.77868886959,0,75
2018-01-30,11091.3,11121.1,11084.6,11117.85,09:15:00,11131.542623262962,1,1
2018-01-30,11090.55,11093.75,11081.0,11091.1,09:20:00,11127.638563904584,1,2
2018-01-30,11090.95,11100.2,11090.45,11090.45,09:25:00,11124.144414961287,1,3
2018-01-30,11092.8,11096.3,11089.1,11091.15,09:30:00,11121.159232584025,1,4
2018-01-30,11080.1,11099.6,11079.45,11092.25,09:35:00,11117.248829480784,1,5
2018-01-30,11065.5,11080.55,11060.55,11079.95,09:40:00,11112.320369530236,1,6
2018-01-30,11072.0,11072.6,11055.45,11065.85,09:45:00,11108.48033433688,1,7
2018-01-30,11063.4,11073.1,11062.6,11072.3,09:50:00,11104.186969161938,1,8
2018-01-30,11061.9,11070.55,11059.6,11064.5,09:55:00,11100.159638765565,1,9
2018-01-30,11049.65,11063.05,11042.1,11061.7,10:00:00,11095.349196978366,1,10
2018-01-30,11047.25,11055.1,11043.5,11048.85,10:05:00,11090.768321075664,1,11
2018-01-30,11057.75,11057.75,11046.25,11047.05,10:10:00,11087.62371906846,1,12
2018-01-30,11052.75,11058.75,11047.35,11057.85,10:15:00,11084.30241249051,1,13
2018-01-30,11056.75,11059.05,11052.7,11052.8,10:20:00,11081.6783732057,1,14
2018-01-30,11060.0,11064.25,11055.5,11056.65,10:25:00,11079.613766233728,1,15
2018-01-30,11050.45,11064.2,11049.45,11060.35,10:30:00,11076.836264687658,1,16
2018-01-30,11051.15,11052.3,11046.65,11050.4,10:35:00,11074.389953765023,1,17
2018-01-30,11055.8,11057.75,11051.55,11051.55,10:40:00,11072.619481977878,1,18
2018-01-30,11056.1,11059.1,11052.5,11056.2,10:45:00,11071.046197979986,1,19
2018-01-30,11055.7,11060.15,11054.25,11056.25,10:50:00,11069.584655315224,1,20
2018-01-30,11052.95,11056.55,11051.4,11055.8,10:55:00,11068.00040242806,1,21
2018-01-30,11053.8,11054.1,11048.15,11053.9,11:00:00,11066.647983149196,1,22
2018-01-30,11057.65,11059.15,11053.75,11053.85,11:05:00,11065.791032373085,1,23
2018-01-30,11058.85,11061.75,11056.25,11057.95,11:10:00,11065.129981670883,1,24
2018-01-30,11057.85,11060.5,11055.4,11059.65,11:15:00,11064.436650083182,1,25
2018-01-30,11061.35,11066.25,11058.1,11058.8,11:20:00,11064.142683408594,1,26
2018-01-30,11063.45,11068.65,11060.6,11061.7,11:25:00,11064.076713560156,1,27
2018-01-30,11063.35,11067.9,11062.35,11063.3,11:30:00,11064.007502744904,1,28
2018-01-30,11058.45,11064.35,11057.9,11063.6,11:35:00,11063.4782167692,1,29
2018-01-30,11055.8,11058.8,11055.0,11058.3,11:40:00,11062.746958029276,1,30
2018-01-30,11058.75,11058.75,11052.4,11055.7,11:45:00,11062.36629535982,1,31
2018-01-30,11057.1,11061.4,11054.6,11058.85,11:50:00,11061.864743420789,1,32
2018-01-30,11056.2,11060.35,11056.0,11057.75,11:55:00,11061.32524404738,1,33
2018-01-30,11051.65,11057.55,11051.35,11056.65,12:00:00,11060.403792233345,1,34
2018-01-30,11050.0,11055.95,11048.85,11052.5,12:05:00,11059.412954877787,1,35
2018-01-30,11040.15,11051.7,11040.15,11050.05,12:10:00,11057.57838774657,1,36
2018-01-30,11043.05,11046.8,11039.75,11040.7,12:15:00,11056.194731770704,1,37
2018-01-30,11043.25,11046.5,11042.25,11043.35,12:20:00,11054.961900173495,1,38
2018-01-30,11045.3,11045.5,11036.05,11043.5,12:25:00,11054.04171920459,1,39
2018-01-30,11050.75,11051.1,11043.7,11046.05,12:30:00,11053.728222137486,1,40
2018-01-30,11054.45,11056.85,11050.1,11050.3,12:35:00,11053.796962886296,1,41
2018-01-30,11050.5,11055.95,11049.6,11054.75,12:40:00,11053.482966420934,1,42
2018-01-30,11052.45,11055.2,11050.15,11051.05,12:45:00,11053.38458866656,1,43
2018-01-30,11051.6,11054.05,11049.6,11052.2,12:50:00,11053.214627841173,1,44
2018-01-30,11049.95,11055.6,11049.05,11051.45,12:55:00,11052.903710903916,1,45
2018-01-30,11050.75,11051.3,11047.55,11050.05,13:00:00,11052.698595579735,1,46
2018-01-30,11055.35,11057.0,11049.65,11051.3,13:05:00,11052.951110286427,1,47
2018-01-30,11056.45,11059.3,11053.65,11055.45,13:10:00,11053.284337878196,1,48
2018-01-30,11054.95,11059.0,11054.2,11056.65,13:15:00,11053.442972365989,1,49
2018-01-30,11049.45,11056.15,11049.1,11055.2,13:20:00,11053.062689283512,1,50
2018-01-30,11048.95,11052.05,11047.3,11049.6,13:25:00,11052.671004589844,1,51
2018-01-30,11048.9,11051.65,11044.2,11049.05,13:30:00,11052.311861295571,1,52
2018-01-30,11055.0,11060.45,11048.6,11048.65,13:35:00,11052.56787450552,1,53
2018-01-30,11068.95,11070.45,11054.65,11055.65,13:40:00,11054.128076933564,1,54
2018-01-30,11058.1,11070.1,11057.8,11068.35,13:45:00,11054.506355320844,1,55
2018-01-30,11057.95,11059.45,11050.15,11055.45,13:50:00,11054.834321480765,1,56
2018-01-30,11064.05,11064.85,11055.55,11055.95,13:55:00,11055.712005149262,1,57
2018-01-30,11060.95,11064.4,11055.85,11064.4,14:00:00,11056.210861801712,1,58
2018-01-30,11057.1,11060.55,11051.4,11057.15,14:05:00,11056.29554163012,1,59
2018-01-30,11048.35,11057.65,11048.2,11057.15,14:10:00,11055.538823379631,1,60
2018-01-30,11047.0,11049.55,11041.15,11047.75,14:15:00,11054.725602105384,1,61
2018-01-30,11054.0,11054.7,11044.35,11044.35,14:20:00,11054.656497142963,1,62
2018-01-30,11051.6,11059.7,11050.0,11052.45,14:25:00,11054.365402176967,1,63
2018-01-30,11052.6,11055.0,11049.05,11051.0,14:30:00,11054.197268636306,1,64
2018-01-30,11050.25,11054.5,11050.05,11051.8,14:35:00,11053.82133828999,1,65
2018-01-30,11046.15,11051.8,11039.55,11048.9,14:40:00,11053.090734643323,1,66
2018-01-30,11053.5,11053.5,11042.45,11043.6,14:45:00,11053.129712296342,1,67
2018-01-30,11052.65,11056.8,11048.5,11050.3,14:50:00,11053.084025410975,1,68
2018-01-30,11050.85,11054.15,11047.45,11050.9,14:55:00,11052.871261086122,1,69
2018-01-30,11035.2,11050.85,11035.2,11050.35,15:00:00,11051.188283839823,1,70
2018-01-30,11045.25,11045.95,11033.9,11033.9,15:05:00,11050.622732997936,1,71
2018-01-30,11049.9,11049.9,11040.8,11046.15,15:10:00,11050.553901283847,1,72
2018-01-30,11055.65,11055.8,11046.05,11048.45,15:15:00,11051.03924401872,1,73
2018-01-30,11053.2,11056.85,11049.85,11055.9,15:20:00,11051.245030302647,1,74
2018-01-30,11048.75,11056.8,11048.75,11053.35,15:25:00,11051.007408369063,1,75
2018-01-31,11019.8,11046.2,11010.7,11017.1,09:15:00,11048.035274238677,2,1
2018-01-31,11037.2,11039.8,11017.1,11019.2,09:20:00,11047.0033433588,2,2
2018-01-31,11047.05,11053.95,11035.0,11037.55,09:25:00,11047.00778684844,2,3
2018-01-31,11044.5,11058.5,11039.7,11046.8,09:30:00,11046.768950005731,2,4
2018-01-31,11034.8,11044.65,11034.8,11044.1,09:35:00,11045.629050005184,2,5
2018-01-31,11043.15,11043.95,11031.3,11034.0,09:40:00,11045.392950004692,2,6
2018-01-31,11041.15,11044.6,11034.35,11043.25,09:45:00,11044.988859528055,2,7
2018-01-31,11034.6,11041.05,11034.6,11041.0,09:50:00,11043.999444334906,2,8
2018-01-31,11038.6,11041.8,11032.45,11034.55,09:55:00,11043.485211541103,2,9
2018-01-31,11030.9,11040.35,11028.95,11037.55,10:00:00,11042.286619965762,2,10
2018-01-31,11034.45,11034.45,11029.35,11029.35,10:05:00,11041.540275207117,2,11
2018-01-31,11038.8,11040.9,11034.05,11034.55,10:10:00,11041.27929661596,2,12
2018-01-31,11042.7,11043.7,11034.95,11038.5,10:15:00,11041.414601700157,2,13
2018-01-31,11041.6,11044.6,11041.1,11042.65,10:20:00,11041.432258681094,2,14
2018-01-31,11041.15,11042.5,11038.5,11041.3,10:25:00,11041.40537690194,2,15
2018-01-31,11045.45,11046.3,11035.4,11041.05,10:30:00,11041.790579101757,2,16
2018-01-31,11037.9,11047.15,11037.55,11045.75,10:35:00,11041.420047758733,2,17
2018-01-31,11031.35,11042.25,11031.3,11037.85,10:40:00,11040.460995591236,2,18
2018-01-31,11024.65,11032.35,11022.1,11031.3,10:45:00,11038.955186487308,2,19
2018-01-31,11021.35,11025.4,11020.3,11024.35,10:50:00,11037.278502059946,2,20
2018-01-31,11020.65,11027.35,11016.65,11020.95,10:55:00,11035.694835197097,2,21
2018-01-31,11016.1,11021.7,11012.5,11020.6,11:00:00,11033.82866041642,2,22
2018-01-31,11014.9,11020.75,11014.05,11015.95,11:05:00,11032.02593085295,2,23
2018-01-31,11017.2,11022.2,11012.5,11014.55,11:10:00,11030.613937438382,2,24
2018-01-31,11023.55,11023.9,11016.15,11017.0,11:15:00,11029.94118149187,2,25
2018-01-31,11019.95,11024.05,11018.25,11023.65,11:20:00,11028.989640397403,2,26
2018-01-31,11018.9,11021.95,11016.25,11020.35,11:25:00,11028.028722264318,2,27
2018-01-31,11015.9,11021.1,11015.45,11018.8,11:30:00,11026.873605858193,2,28
2018-01-31,11016.75,11020.5,11016.25,11016.3,11:35:00,11025.909452919315,2,29
2018-01-31,11021.45,11025.1,11013.05,11016.9,11:40:00,11025.484743117477,2,30
2018-01-31,11026.15,11027.8,11020.45,11021.4,11:45:00,11025.548100915812,2,31
2018-01-31,11022.15,11027.45,11021.2,11025.6,11:50:00,11025.224472257163,2,32
2018-01-31,11016.5,11022.6,11015.15,11022.2,11:55:00,11024.393570137432,2,33
2018-01-31,11014.65,11017.9,11012.05,11016.15,12:00:00,11023.465611076725,2,34
2018-01-31,11015.05,11017.25,11010.35,11014.1,12:05:00,11022.664124307512,2,35
2018-01-31,11018.2,11023.65,11014.15,11014.7,12:10:00,11022.23896961156,2,36
2018-01-31,11017.8,11018.7,11013.5,11018.35,12:15:00,11021.816210600931,2,37
2018-01-31,11008.95,11017.55,11007.75,11017.55,12:20:00,11020.590857210367,2,38
2018-01-31,11016.05,11018.05,11007.45,11009.25,12:25:00,11020.158394618906,2,39
2018-01-31,11022.35,11022.35,11012.85,11016.1,12:30:00,11020.367118940914,2,40
2018-01-31,11024.5,11028.05,11020.45,11022.7,12:35:00,11020.760726660828,2,41
2018-01-31,11021.8,11026.4,11020.15,11024.55,12:40:00,11020.859705074085,2,42
2018-01-31,11015.45,11021.7,11013.15,11021.7,12:45:00,11020.344495067027,2,43
2018-01-31,11008.9,11018.45,11008.25,11015.8,12:50:00,11019.254543155885,2,44
2018-01-31,10994.05,11010.55,10993.8,11009.05,12:55:00,11016.854110474367,2,45
2018-01-31,10995.15,10998.4,10989.8,10993.7,13:00:00,11014.787052333952,2,46
2018-01-31,11002.6,11002.65,10993.6,10995.1,13:05:00,11013.6263806831,2,47
2018-01-31,11012.3,11013.55,11000.85,11003.0,13:10:00,11013.500058713282,2,48
2018-01-31,11003.6,11013.4,11001.6,11012.6,13:15:00,11012.557195978685,2,49
2018-01-31,11008.1,11008.6,11000.7,11003.45,13:20:00,11012.132701123572,2,50
2018-01-31,11004.45,11007.05,11000.55,11007.05,13:25:00,11011.40101530228,2,51
2018-01-31,10999.4,11005.15,10996.35,11003.05,13:30:00,11010.258061463966,2,52
2018-01-31,11006.05,11007.9,10997.0,10997.65,13:35:00,11009.857293705492,2,53
2018-01-31,10999.8,11007.35,10999.3,11005.85,13:40:00,11008.899456209732,2,54
2018-01-31,11000.5,11006.5,10998.55,10998.85,13:45:00,11008.09950799928,2,55
2018-01-31,10988.45,11001.85,10987.75,10999.05,13:50:00,11006.228126285065,2,56
2018-01-31,10993.75,10996.4,10985.55,10986.7,13:55:00,11005.039733305532,2,57
2018-01-31,10985.7,10994.35,10979.3,10992.95,14:00:00,11003.197853943102,2,58
2018-01-31,10988.75,10992.85,10983.45,10984.4,14:05:00,11001.821867853285,2,59
2018-01-31,11000.95,11000.95,10987.5,10987.5,14:10:00,11001.738832819638,2,60
2018-01-31,10998.95,11000.5,10995.15,10998.75,14:15:00,11001.473229693958,2,61
2018-01-31,11000.0,11006.9,10995.3,10997.35,14:20:00,11001.33292210406,2,62
2018-01-31,10988.5,11001.25,10988.5,10998.55,14:25:00,11000.11073904653,2,63
2018-01-31,10991.1,10995.7,10987.35,10988.45,14:30:00,10999.25257342305,2,64
2018-01-31,11003.75,11003.75,10987.4,10990.85,14:35:00,10999.680899763713,2,65
2018-01-31,11027.8,11030.85,11002.85,11002.85,14:40:00,11002.358909310024,2,66
2018-01-31,11029.7,11035.4,11016.5,11025.65,14:45:00,11004.96282270907,2,67
2018-01-31,11028.95,11036.2,11024.2,11028.55,14:50:00,11007.247315784398,2,68
2018-01-31,11027.8,11030.85,11025.15,11028.8,14:55:00,11009.204714281124,2,69
2018-01-31,11034.15,11040.2,11021.3,11026.55,15:00:00,11011.58045577816,2,70
2018-01-31,11029.95,11034.3,11024.45,11033.75,15:05:00,11013.32993618024,2,71
2018-01-31,11026.8,11029.8,11022.0,11029.0,15:10:00,11014.61279940117,2,72
2018-01-31,11024.85,11029.25,11023.4,11026.45,15:15:00,11015.587770886772,2,73
2018-01-31,11022.5,11026.15,11020.8,11024.7,15:20:00,11016.246078421364,2,74
2018-01-31,11029.9,11031.75,11022.75,11022.75,15:25:00,11017.546451905046,2,75
2018-02-01,11067.9,11077.4,11039.5,11039.5,09:15:00,11022.34202791409,3,1
2018-02-01,11068.15,11072.75,11060.85,11068.9,09:20:00,11026.704691922272,3,2
2018-02-01,11058.45,11070.6,11056.1,11068.3,09:25:00,11029.72805459634,3,3
2018-02-01,11062.35,11066.6,11057.05,11058.6,09:30:00,11032.834906539543,3,4
2018-02-01,11063.55,11066.75,11060.35,11062.3,09:35:00,11035.76015353578,3,5
2018-02-01,11067.5,11067.8,11057.4,11063.75,09:40:00,11038.78299605618,3,6
2018-02-01,11072.4,11074.0,11062.95,11068.05,09:45:00,11041.9846154794,3,7
2018-02-01,11084.2,11084.2,11069.0,11073.15,09:50:00,11046.005128290886,3,8
2018-02-01,11083.05,11100.7,11082.3,11083.75,09:55:00,11049.533211310802,3,9
2018-02-01,11077.05,11091.7,11076.4,11083.35,10:00:00,11052.15385785263,3,10
2018-02-01,11078.05,11085.0,11076.95,11077.0,10:05:00,11054.62015710476,3,11
2018-02-01,11074.5,11082.15,11074.45,11078.5,10:10:00,11056.513475475736,3,12
2018-02-01,11074.85,11079.55,11073.05,11074.45,10:15:00,11058.259811144711,3,13
2018-02-01,11082.5,11084.3,11073.75,11074.95,10:20:00,11060.568400559505,3,14
2018-02-01,11078.9,11083.65,11076.65,11082.7,10:25:00,11062.314267172884,3,15
2018-02-01,11068.6,11078.85,11058.7,11078.45,10:30:00,11062.912908394514,3,16
2018-02-01,11064.9,11069.2,11062.6,11068.7,10:35:00,11063.102155214085,3,17
2018-02-01,11071.5,11075.1,11062.65,11065.05,10:40:00,11063.901949955598,3,18
2018-02-01,11067.9,11074.35,11066.3,11071.65,10:45:00,11064.282716626494,3,19
2018-02-01,11060.65,11068.9,11060.1,11066.95,10:50:00,11063.936743614448,3,20
2018-02-01,11063.7,11063.7,11056.85,11059.7,10:55:00,11063.91419660355,3,21
2018-02-01,11071.45,11080.45,11065.15,11065.15,11:00:00,11064.631892165116,3,22
2018-02-01,11080.35,11083.15,11071.5,11071.55,11:05:00,11066.128854816056,3,23
2018-02-01,11091.95,11097.8,11079.15,11080.5,11:10:00,11068.588011500242,3,24
2018-02-01,11092.25,11096.35,11084.75,11091.8,11:15:00,11070.841534214504,3,25
2018-02-01,11096.9,11103.5,11089.95,11091.95,11:20:00,11073.32329286074,3,26
2018-02-01,11086.65,11098.6,11082.5,11096.6,11:25:00,11074.59250306448,3,27
2018-02-01,11086.45,11091.95,11078.55,11087.4,11:30:00,11075.721788486911,3,28
2018-02-01,11088.65,11091.3,11084.3,11086.25,11:35:00,11076.953046726252,3,29
2018-02-01,11078.85,11089.75,11072.15,11089.1,11:40:00,11077.1337089428,3,30
2018-02-01,11062.4,11081.6,11062.25,11078.9,11:45:00,11075.730498567296,3,31
2018-02-01,11071.3,11071.95,11041.25,11062.0,11:50:00,11075.30854632279,3,32
2018-02-01,11063.6,11075.15,11062.45,11071.45,11:55:00,11074.193446673,3,33
2018-02-01,11067.1,11070.45,11062.05,11063.7,12:00:00,11073.51788032319,3,34
2018-02-01,11063.35,11067.85,11062.85,11067.15,12:05:00,11072.5495107686,3,35
2018-02-01,11015.4,11065.55,11002.65,11063.7,12:10:00,11067.10670021921,3,36
2018-02-01,11003.25,11024.3,10992.8,11014.75,12:15:00,11061.025109722144,3,37
2018-02-01,11014.1,11021.8,11000.45,11003.45,12:20:00,11056.556051653368,3,38
2018-02-01,10997.95,11018.6,10990.0,11014.55,12:25:00,11050.974522924476,3,39
2018-02-01,11005.9,11044.15,10991.45,10998.3,12:30:00,11046.68171121738,3,40
2018-02-01,11008.6,11016.05,10999.9,11007.75,12:35:00,11043.054881577633,3,41
2018-02-01,10932.55,11010.45,10910.5,11009.1,12:40:00,11032.530607141667,3,42
2018-02-01,10943.5,10966.6,10878.8,10931.85,12:45:00,11024.051501699603,3,43
2018-02-01,10975.3,11018.35,10926.1,10943.7,12:50:00,11019.408501537737,3,44
2018-02-01,10998.4,10999.95,10966.45,10978.1,12:55:00,11017.407691867476,3,45
2018-02-01,11007.05,11012.6,10981.45,11000.85,13:00:00,11016.421245022955,3,46
2018-02-01,11030.15,11040.1,11000.65,11006.95,13:05:00,11017.72874549696,3,47
2018-02-01,11053.8,11063.8,11030.9,11030.95,13:10:00,11021.164103068675,3,48
2018-02-01,11045.7,11061.55,11030.9,11054.75,13:15:00,11023.500855157376,3,49
2018-02-01,11061.8,11062.05,11037.6,11046.5,13:20:00,11027.148392761435,3,50
2018-02-01,11060.3,11066.0,11049.1,11062.2,13:25:00,11030.305688688915,3,51
2018-02-01,11084.05,11100.85,11060.1,11060.35,13:30:00,11035.424194528068,3,52
2018-02-01,11095.5,11106.15,11081.15,11084.0,13:35:00,11041.14569981111,3,53
2018-02-01,11095.0,11117.35,11090.15,11094.9,13:40:00,11046.27468078148,3,54
2018-02-01,11077.5,11101.3,11077.4,11093.75,13:45:00,11049.248520707051,3,55
2018-02-01,11090.9,11094.4,11073.15,11075.05,13:50:00,11053.215328258762,3,56
2018-02-01,11091.5,11095.5,11081.5,11086.65,13:55:00,11056.861487472212,3,57
2018-02-01,11089.5,11091.05,11078.6,11087.6,14:00:00,11059.969917236764,3,58
2018-02-01,11087.15,11095.05,11085.5,11087.2,14:05:00,11062.558496547548,3,59
2018-02-01,11062.55,11091.65,11061.5,11086.45,14:10:00,11062.557687352542,3,60
2018-02-01,11068.35,11071.3,11050.8,11062.15,14:15:00,11063.10933617611,3,61
2018-02-01,11030.45,11070.6,11025.05,11066.55,14:20:00,11059.998923206957,3,62
2018-02-01,11026.4,11044.9,11010.6,11027.3,14:25:00,11056.799025758675,3,63
2018-02-01,11030.25,11037.85,11021.75,11023.5,14:30:00,11054.270547114991,3,64
2018-02-01,11037.05,11045.3,11025.1,11029.2,14:35:00,11052.630495008802,3,65
2018-02-01,11043.85,11044.1,11032.05,11036.1,14:40:00,11051.794257388916,3,66
2018-02-01,11033.55,11042.5,11031.2,11041.25,14:45:00,11050.05670906616,3,67
2018-02-01,11038.0,11038.05,11025.7,11030.4,14:50:00,11048.90845105986,3,68
2018-02-01,11029.9,11037.45,11023.2,11035.05,14:55:00,11047.098122387491,3,69
2018-02-01,11022.4,11029.5,11010.65,11029.5,15:00:00,11044.745920255353,3,70
2018-02-01,11012.4,11023.2,11004.25,11023.2,15:05:00,11041.665356421508,3,71
2018-02-01,11020.35,11020.45,11007.5,11012.6,15:10:00,11039.635322476604,3,72
2018-02-01,11016.1,11020.6,11010.9,11018.9,15:15:00,11037.393863193116,3,73
2018-02-01,11020.5,11021.5,11013.9,11016.55,15:20:00,11035.784923841393,3,74
2018-02-01,11020.55,11024.4,11016.75,11020.6,15:25:00,11034.33397871364,3,75
2018-02-02,10953.2,10954.95,10918.55,10927.25,09:15:00,11026.606933121864,4,1
2018-02-02,10920.7,10954.1,10917.8,10954.1,09:20:00,11016.520558538828,4,2
2018-02-02,10937.85,10939.3,10914.1,10920.6,09:25:00,11009.028124392276,4,3
2018-02-02,10936.1,10939.5,10927.7,10937.95,09:30:00,11002.082588735868,4,4
2018-02-02,10946.45,10947.5,10935.65,10935.65,09:35:00,10996.7842469515,4,5
2018-02-02,10946.35,10952.75,10942.6,10946.1,09:40:00,10991.980985337072,4,6
2018-02-02,10935.55,10946.4,10932.0,10946.0,09:45:00,10986.60660578116,4,7
2018-02-02,10916.85,10935.25,10915.2,10935.25,09:50:00,10979.96311951629,4,8
2018-02-02,10922.6,10926.0,10916.25,10917.15,09:55:00,10974.499965276642,4,9
2018-02-02,10906.3,10923.7,10902.35,10922.5,10:00:00,10968.004730488392,4,10
2018-02-02,10914.85,10915.95,10905.2,10906.55,10:05:00,10962.942375203784,4,11
2018-02-02,10912.0,10923.7,10912.0,10915.05,10:10:00,10958.090720422471,4,12
2018-02-02,10892.6,10912.6,10883.85,10911.65,10:15:00,10951.853508953664,4,13
2018-02-02,10873.7,10902.45,10873.7,10893.65,10:20:00,10944.410317624744,4,14
2018-02-02,10851.65,10873.9,10850.3,10873.9,10:25:00,10935.576001660484,4,15
2018-02-02,10841.45,10851.85,10826.5,10851.5,10:30:00,10926.611620549962,4,16
2018-02-02,10857.05,10858.55,10830.25,10841.3,10:35:00,10919.986704307108,4,17
2018-02-02,10858.0,10870.05,10846.4,10856.25,10:40:00,10914.083208658813,4,18
2018-02-02,10866.6,10873.45,10857.9,10857.9,10:45:00,10909.560998310351,4,19
2018-02-02,10868.95,10874.5,10863.25,10866.5,10:50:00,10905.693284185558,4,20
2018-02-02,10868.3,10869.3,10859.8,10869.25,10:55:00,10902.13201902503,4,21
2018-02-02,10872.6,10875.05,10860.1,10868.1,11:00:00,10899.319445784551,4,22
2018-02-02,10878.3,10879.55,10867.9,10872.25,11:05:00,10897.31759380507,4,23
2018-02-02,10859.85,10879.2,10859.0,10878.35,11:10:00,10893.74925153792,4,24
2018-02-02,10849.75,10859.55,10847.15,10859.15,11:15:00,10889.558846629548,4,25
2018-02-02,10853.45,10858.25,10843.2,10849.1,11:20:00,10886.119908855306,4,26
2018-02-02,10852.25,10857.8,10849.75,10854.3,11:25:00,10882.894203250038,4,27
2018-02-02,10853.6,10856.2,10850.55,10852.0,11:30:00,10880.104279130986,4,28
2018-02-02,10860.85,10861.0,10851.8,10853.5,11:35:00,10878.27053826137,4,29
2018-02-02,10867.05,10867.85,10855.35,10860.75,11:40:00,10877.20191556981,4,30
2018-02-02,10863.6,10869.0,10859.3,10867.25,11:45:00,10875.906495039351,4,31
2018-02-02,10861.15,10868.4,10857.65,10864.2,11:50:00,10874.501114559414,4,32
2018-02-02,10874.0,10875.85,10860.75,10861.1,11:55:00,10874.45338936328,4,33
2018-02-02,10864.15,10877.6,10862.05,10873.95,12:00:00,10873.472114185824,4,34
2018-02-02,10860.05,10869.35,10856.9,10864.1,12:05:00,10872.193817596695,4,35
2018-02-02,10848.9,10861.75,10845.55,10860.4,12:10:00,10869.975358777963,4,36
2018-02-02,10842.3,10852.4,10837.75,10848.05,12:15:00,10867.33961032292,4,37
2018-02-02,10846.7,10853.95,10842.4,10842.7,12:20:00,10865.373933149309,4,38
2018-02-02,10859.1,10860.95,10844.85,10846.5,12:25:00,10864.776415706518,4,39
2018-02-02,10860.35,10862.45,10853.35,10859.2,12:30:00,10864.354852305896,4,40
2018-02-02,10864.9,10870.15,10858.4,10860.05,12:35:00,10864.406771133908,4,41
2018-02-02,10881.25,10884.35,10864.5,10864.6,12:40:00,10866.010888168774,4,42
2018-02-02,10867.1,10884.3,10866.6,10881.65,12:45:00,10866.11461310508,4,43
2018-02-02,10877.05,10878.55,10866.35,10866.5,12:50:00,10867.156078523643,4,44
2018-02-02,10862.6,10878.15,10862.0,10876.9,12:55:00,10866.722166283296,4,45
2018-02-02,10861.9,10867.7,10857.4,10862.5,13:00:00,10866.262912351554,4,46
2018-02-02,10861.25,10866.15,10859.5,10861.45,13:05:00,10865.785492127596,4,47
2018-02-02,10867.6,10868.75,10860.2,10860.75,13:10:00,10865.958302401155,4,48
2018-02-02,10865.75,10868.7,10860.75,10866.85,13:15:00,10865.93846407724,4,49
2018-02-02,10862.55,10871.2,10861.9,10865.35,13:20:00,10865.61575321274,4,50
2018-02-02,10859.3,10865.9,10854.1,10862.65,13:25:00,10865.014252906763,4,51
2018-02-02,10859.6,10860.75,10856.15,10860.5,13:30:00,10864.498609772789,4,52
2018-02-02,10852.4,10859.6,10847.05,10859.5,13:35:00,10863.346361222995,4,53
2018-02-02,10850.3,10852.35,10842.0,10852.35,13:40:00,10862.10385063033,4,54
2018-02-02,10841.9,10850.35,10841.9,10850.35,13:45:00,10860.179674379822,4,55
2018-02-02,10853.5,10853.85,10833.8,10841.65,13:50:00,10859.543514915076,4,56
2018-02-02,10843.55,10858.8,10843.5,10853.85,13:55:00,10858.020323018403,4,57
2018-02-02,10835.9,10843.65,10831.55,10843.65,14:00:00,10855.91362558808,4,58
2018-02-02,10817.2,10836.25,10812.75,10836.25,14:05:00,10852.226613627312,4,59
2018-02-02,10818.45,10822.8,10806.2,10817.25,14:10:00,10849.009793281855,4,60
2018-02-02,10816.9,10827.25,10813.65,10818.75,14:15:00,10845.9517177312,4,61
2018-02-02,10802.05,10819.35,10800.1,10817.15,14:20:00,10841.7706017568,4,62
2018-02-02,10797.3,10805.75,10783.85,10802.1,14:25:00,10837.53530635139,4,63
2018-02-02,10801.2,10813.25,10794.3,10797.8,14:30:00,10834.074800984592,4,64
2018-02-02,10793.7,10801.15,10785.2,10801.15,14:35:00,10830.229581843205,4,65
2018-02-02,10782.0,10794.45,10779.05,10794.0,14:40:00,10825.636288334326,4,66
2018-02-02,10791.75,10795.85,10778.5,10781.8,14:45:00,10822.409022778676,4,67
2018-02-02,10777.3,10791.4,10769.65,10791.4,14:50:00,10818.112925371182,4,68
2018-02-02,10771.3,10783.3,10768.5,10778.1,14:55:00,10813.654551526308,4,69
2018-02-02,10769.55,10770.75,10755.65,10770.65,15:00:00,10809.454118047612,4,70
2018-02-02,10776.8,10777.45,10765.7,10769.4,15:05:00,10806.344202043078,4,71
2018-02-02,10772.05,10777.2,10767.2,10776.65,15:10:00,10803.078087562784,4,72
2018-02-02,10750.8,10773.65,10749.85,10771.95,15:15:00,10798.099222080617,4,73
2018-02-02,10748.5,10753.3,10744.45,10751.45,15:20:00,10793.375486644363,4,74
2018-02-02,10737.5,10749.8,10736.1,10749.6,15:25:00,10788.054011725855,4,75
2018-02-05,10634.95,10635.75,10586.8,10602.05,09:15:00,10773.472677275777,0,1
2018-02-05,10611.95,10641.35,10611.15,10634.8,09:20:00,10758.089565154272,0,2
2018-02-05,10611.35,10612.95,10598.7,10612.25,09:25:00,10744.114368472914,0,3
2018-02-05,10635.3,10639.75,10611.3,10611.3,09:30:00,10733.751095285015,0,4
2018-02-05,10638.5,10638.5,10621.95,10635.4,09:35:00,10724.679562400728,0,5
2018-02-05,10644.1,10660.1,10635.45,10638.3,09:40:00,10717.005318362564,0,6
2018-02-05,10644.45,10644.65,10630.3,10642.75,09:45:00,10710.09528804232,0,7
2018-02-05,10654.6,10657.0,10632.95,10643.7,09:50:00,10704.81002251448,0,8
2018-02-05,10667.3,10667.3,10651.3,10654.4,09:55:00,10701.23763941786,0,9
2018-02-05,10670.6,10676.5,10654.65,10666.5,10:00:00,10698.319768997111,0,10
2018-02-05,10684.45,10686.15,10669.75,10671.3,10:05:00,10696.998838616437,0,11
2018-02-05,10673.55,10689.6,10671.75,10684.9,10:10:00,10694.76561589106,0,12
2018-02-05,10649.25,10675.3,10647.2,10673.4,10:15:00,10690.430795330009,0,13
2018-02-05,10654.3,10657.25,10644.6,10648.15,10:20:00,10686.98976720334,0,14
2018-02-05,10653.95,10656.75,10641.3,10652.15,10:25:00,10683.843122707784,0,15
2018-02-05,10655.45,10664.55,10653.55,10655.05,10:30:00,10681.139015783232,0,16
2018-02-05,10643.95,10660.2,10643.95,10656.55,10:35:00,10677.59720475626,0,17
2018-02-05,10644.35,10653.95,10643.7,10643.7,10:40:00,10674.430804303282,0,18
2018-02-05,10651.45,10656.35,10645.15,10645.15,10:45:00,10672.242156274397,0,19
2018-02-05,10659.9,10663.4,10651.4,10651.5,10:50:00,10671.066712819693,0,20
2018-02-05,10658.55,10663.8,10654.55,10659.3,10:55:00,10669.874644932104,0,21
2018-02-05,10655.3,10662.5,10654.55,10658.25,11:00:00,10668.48658351,0,22
2018-02-05,10655.85,10659.1,10652.15,10655.4,11:05:00,10667.28309936619,0,23
2018-02-05,10656.4,10659.25,10653.15,10655.8,11:10:00,10666.246613712266,0,24
2018-02-05,10666.3,10667.0,10655.75,10656.8,11:15:00,10666.251698120624,0,25
2018-02-05,10695.2,10695.2,10666.55,10666.65,11:20:00,10669.008679251992,0,26
2018-02-05,10681.85,10695.55,10675.15,10694.85,11:25:00,10670.231662180377,0,27
2018-02-05,10680.8,10683.7,10674.8,10683.05,11:30:00,10671.23817054415,0,28
2018-02-05,10674.35,10687.1,10673.1,10680.95,11:35:00,10671.53453525423,0,29
2018-02-05,10661.35,10674.75,10661.1,10673.3,11:40:00,10670.564579515732,0,30
2018-02-05,10666.5,10669.55,10661.0,10661.85,11:45:00,10670.17747670471,0,31
2018-02-05,10663.35,10668.45,10657.65,10666.6,11:50:00,10669.52724082807,0,32
2018-02-05,10673.75,10676.65,10663.05,10663.4,11:55:00,10669.929408368254,0,33
2018-02-05,10666.05,10674.95,10665.85,10674.0,12:00:00,10669.55994090461,0,34
2018-02-05,10665.1,10667.05,10661.6,10665.9,12:05:00,10669.13518462798,0,35
2018-02-05,10664.5,10670.5,10662.25,10665.85,12:10:00,10668.693738472935,0,36
2018-02-05,10662.45,10666.15,10661.85,10664.9,12:15:00,10668.09909671361,0,37
2018-02-05,10679.4,10683.0,10662.1,10663.15,12:20:00,10669.175373217076,0,38
2018-02-05,10671.05,10680.2,10669.8,10679.35,12:25:00,10669.353909101164,0,39
2018-02-05,10681.3,10681.35,10670.6,10671.2,12:30:00,10670.49163204391,0,40
2018-02-05,10692.5,10692.85,10681.1,10682.0,12:35:00,10672.587667087348,0,41
2018-02-05,10682.15,10694.55,10680.55,10692.3,12:40:00,10673.498365459982,0,42
2018-02-05,10699.5,10702.55,10679.9,10681.55,12:45:00,10675.97471160665,0,43
2018-02-05,10693.45,10702.75,10691.25,10699.8,12:50:00,10677.639024786968,0,44
2018-02-05,10690.9,10694.15,10678.3,10693.65,12:55:00,10678.901974807255,0,45
2018-02-05,10695.9,10697.6,10687.05,10690.6,13:00:00,10680.52083434942,0,46
2018-02-05,10698.55,10700.05,10694.05,10696.3,13:05:00,10682.237897744712,0,47
2018-02-05,10675.8,10700.25,10675.55,10698.85,13:10:00,10681.624764626167,0,48
2018-02-05,10664.8,10675.95,10663.25,10675.95,13:15:00,10680.022406090342,0,49
2018-02-05,10664.85,10675.4,10663.2,10664.9,13:20:00,10678.57741503412,0,50
2018-02-05,10668.45,10671.6,10663.55,10665.25,13:25:00,10677.612899316584,0,51
2018-02-05,10658.35,10668.75,10656.95,10668.75,13:30:00,10675.77833747691,0,52
2018-02-05,10651.7,10661.3,10651.2,10658.25,13:35:00,10673.48516247911,0,53
2018-02-05,10643.55,10651.7,10635.9,10651.6,13:40:00,10670.634194623955,0,54
2018-02-05,10653.65,10658.65,10637.45,10643.45,13:45:00,10669.016652278817,0,55
2018-02-05,10640.75,10653.7,10631.2,10653.7,13:50:00,10666.324590157024,0,56
2018-02-05,10641.55,10650.45,10631.8,10641.25,13:55:00,10663.965105380164,0,57
2018-02-05,10635.05,10646.1,10628.6,10643.5,14:00:00,10661.211285820147,0,58
2018-02-05,10638.2,10640.35,10628.2,10634.5,14:05:00,10659.019734789656,0,59
2018-02-05,10640.85,10646.55,10636.55,10638.25,14:10:00,10657.289283857308,0,60
2018-02-05,10647.55,10647.75,10636.5,10641.25,14:15:00,10656.361733013757,0,61
2018-02-05,10649.0,10657.0,10645.15,10647.85,14:20:00,10655.660615583874,0,62
2018-02-05,10652.7,10655.0,10640.4,10648.9,14:25:00,10655.378652194931,0,63
2018-02-05,10649.7,10656.65,10645.4,10652.35,14:30:00,10654.837828176367,0,64
2018-02-05,10648.1,10655.55,10646.0,10649.0,14:35:00,10654.19613025481,0,65
2018-02-05,10654.6,10659.5,10644.85,10646.9,14:40:00,10654.234594040066,0,66
2018-02-05,10648.05,10658.05,10645.05,10655.1,14:45:00,10653.64558508387,0,67
2018-02-05,10668.4,10669.0,10645.65,10648.15,14:50:00,10655.050767456834,0,68
2018-02-05,10667.75,10671.5,10659.75,10668.45,14:55:00,10656.260218175232,0,69
2018-02-05,10651.15,10667.8,10647.55,10667.8,15:00:00,10655.773530729972,0,70
2018-02-05,10657.75,10657.75,10644.25,10651.25,15:05:00,10655.961765898546,0,71
2018-02-05,10661.8,10666.7,10656.95,10657.85,15:10:00,10656.517788193922,0,72
2018-02-05,10671.45,10673.15,10660.85,10662.2,15:15:00,10657.939903604023,0,73
2018-02-05,10680.75,10680.75,10671.1,10671.4,15:20:00,10660.112293736976,0,74
2018-02-05,10690.75,10690.75,10678.55,10681.05,15:25:00,10663.03017052393,0,75
2018-02-06,10358.1,10376.3,10276.3,10290.45,09:15:00,10633.989201902605,1,1
2018-02-06,10378.55,10380.4,10339.65,10360.25,09:20:00,10609.66165886426,1,2
2018-02-06,10400.8,10409.05,10365.85,10378.7,09:25:00,10589.77007230576,1,3
2018-02-06,10395.9,10423.7,10395.9,10400.35,09:30:00,10571.306255895686,1,4
2018-02-06,10368.0,10397.65,10367.6,10395.75,09:35:00,10551.943755334192,1,5
2018-02-06,10365.35,10389.1,10364.7,10367.95,09:40:00,10534.17292149284,1,6
2018-02-06,10366.3,10370.4,10346.45,10365.45,09:45:00,10518.185024207807,1,7
2018-02-06,10355.55,10369.25,10351.4,10365.9,09:50:00,10502.695974283257,1,8
2018-02-06,10351.25,10357.35,10341.8,10355.05,09:55:00,10488.27254816104,1,9
2018-02-06,10348.05,10353.7,10336.05,10351.5,10:00:00,10474.918019764753,1,10
2018-02-06,10325.35,10346.25,10321.5,10346.25,10:05:00,10460.673446453822,1,11
2018-02-06,10310.05,10331.6,10310.05,10325.7,10:10:00,10446.328356315362,1,12
2018-02-06,10316.6,10316.7,10295.25,10310.2,10:15:00,10433.973274761518,1,13
2018-02-06,10333.6,10335.55,10315.75,10316.25,10:20:00,10424.41391526042,1,14
2018-02-06,10339.85,10350.0,10332.35,10333.4,10:25:00,10416.360209045142,1,15
2018-02-06,10327.9,10340.1,10323.15,10339.45,10:30:00,10407.93542723132,1,16
2018-02-06,10350.7,10351.65,10325.35,10327.25,10:35:00,10402.48443416167,1,17
2018-02-06,10355.5,10356.4,10341.0,10351.15,10:40:00,10398.009726146272,1,18
2018-02-06,10350.25,10357.7,10339.15,10355.55,10:45:00,10393.46118079901,1,19
2018-02-06,10348.45,10351.9,10343.0,10350.6,10:50:00,10389.174401675296,1,20
2018-02-06,10355.9,10357.55,10343.5,10348.05,10:55:00,10386.005411039552,1,21
2018-02-06,10358.15,10363.5,10351.65,10355.95,11:00:00,10383.352514750071,1,22
2018-02-06,10357.35,10360.0,10349.85,10358.2,11:05:00,10380.876084773874,1,23
2018-02-06,10371.7,10372.8,10357.25,10357.95,11:10:00,10380.002171938266,1,24
2018-02-06,10370.7,10373.3,10361.3,10371.85,11:15:00,10379.11625080129,1,25
2018-02-06,10369.1,10373.9,10363.0,10370.5,11:20:00,10378.162322153546,1,26
2018-02-06,10364.15,10368.85,10354.45,10368.85,11:25:00,10376.82781528178,1,27
2018-02-06,10367.85,10371.4,10363.25,10363.75,11:30:00,10375.972785254944,1,28
2018-02-06,10366.25,10373.65,10364.25,10368.3,11:35:00,10375.046805706854,1,29
2018-02-06,10362.25,10369.75,10361.15,10366.45,11:40:00,10373.828062306202,1,30
2018-02-06,10348.45,10362.9,10347.75,10362.3,11:45:00,10371.411103991326,1,31
2018-02-06,10351.0,10355.95,10347.8,10348.35,11:50:00,10369.467189325484,1,32
2018-02-06,10361.35,10363.2,10350.4,10350.4,11:55:00,10368.69412367544,1,33
2018-02-06,10355.1,10362.25,10353.9,10361.5,12:00:00,10367.39944523016,1,34
2018-02-06,10354.5,10358.8,10349.55,10355.2,12:05:00,10366.17092663681,1,35
2018-02-06,10356.55,10357.7,10351.5,10353.95,12:10:00,10365.254647909496,1,36
2018-02-06,10358.4,10360.0,10354.65,10357.4,12:15:00,10364.601824299069,1,37
2018-02-06,10360.65,10361.95,10351.8,10358.05,12:20:00,10364.22546008011,1,38
2018-02-06,10357.7,10364.45,10357.1,10360.05,12:25:00,10363.60398769153,1,39
2018-02-06,10364.45,10367.5,10356.95,10357.3,12:30:00,10363.684560292337,1,40
2018-02-06,10392.2,10392.7,10365.45,10365.5,12:35:00,10366.400316454972,1,41
2018-02-06,10398.95,10404.95,10390.1,10392.95,12:40:00,10369.500286316405,1,42
2018-02-06,10395.2,10399.45,10391.2,10399.0,12:45:00,10371.947878095792,1,43
2018-02-06,10407.05,10407.05,10394.8,10394.8,12:50:00,10375.290937324764,1,44
2018-02-06,10405.15,10415.15,10404.75,10406.8,12:55:00,10378.134657579549,1,45
2018-02-06,10413.1,10413.1,10396.9,10405.4,13:00:00,10381.46469019102,1,46
2018-02-06,10410.55,10416.0,10405.75,10413.45,13:05:00,10384.234719696638,1,47
2018-02-06,10389.2,10410.5,10388.45,10410.5,13:10:00,10384.707603535056,1,48
2018-02-06,10386.6,10392.2,10377.65,10388.35,13:15:00,10384.887831769813,1,49
2018-02-06,10392.75,10397.2,10384.8,10386.25,13:20:00,10385.636609696498,1,50
2018-02-06,10402.4,10402.4,10390.55,10393.05,13:25:00,10387.233123058735,1,51
2018-02-06,10402.2,10412.75,10398.2,10403.05,13:30:00,10388.658539910284,1,52
2018-02-06,10434.15,10441.5,10400.7,10402.25,13:35:00,10392.99105991883,1,53
2018-02-06,10435.45,10435.95,10416.15,10433.3,13:40:00,10397.03476849799,1,54
2018-02-06,10448.15,10451.85,10427.9,10435.6,13:45:00,10401.902885783897,1,55
2018-02-06,10461.55,10461.55,10438.4,10448.35,13:50:00,10407.583563328286,1,56
2018-02-06,10489.35,10490.75,10461.45,10461.45,13:55:00,10415.370843011307,1,57
2018-02-06,10521.95,10527.3,10480.6,10488.95,14:00:00,10425.521238914993,1,58
2018-02-06,10531.5,10531.5,10506.5,10521.2,14:05:00,10435.614454256422,1,59
2018-02-06,10504.45,10533.35,10504.2,10531.6,14:10:00,10442.170220517712,1,60
2018-02-06,10536.35,10545.4,10497.85,10504.5,14:15:00,10451.13972332555,1,61
2018-02-06,10579.85,10579.85,10536.4,10536.7,14:20:00,10463.397844913594,1,62
2018-02-06,10568.8,10594.15,10567.8,10579.45,14:25:00,10473.436145398013,1,63
2018-02-06,10529.75,10568.45,10519.8,10568.45,14:30:00,10478.799369645822,1,64
2018-02-06,10554.6,10559.5,10531.0,10531.25,14:35:00,10486.0184772986,1,65
2018-02-06,10546.95,10559.3,10537.7,10554.7,14:40:00,10491.82147946064,1,66
2018-02-06,10545.15,10550.9,10538.7,10547.75,14:45:00,10496.900386178671,1,67
2018-02-06,10524.35,10544.85,10523.0,10544.4,14:50:00,10499.51463511404,1,68
2018-02-06,10533.0,10545.05,10524.55,10524.55,14:55:00,10502.70371748413,1,69
2018-02-06,10502.35,10534.7,10492.85,10533.15,15:00:00,10502.67003010469,1,70
2018-02-06,10498.55,10502.4,10485.95,10502.4,15:05:00,10502.277646285196,1,71
2018-02-06,10478.8,10498.75,10472.6,10498.6,15:10:00,10500.04167997232,1,72
2018-02-06,10490.15,10500.2,10477.15,10478.5,15:15:00,10499.099615213052,1,73
2018-02-06,10513.85,10514.0,10488.7,10490.25,15:20:00,10500.50441376419,1,74
2018-02-06,10520.35,10526.65,10513.4,10514.4,15:25:00,10502.394469596173,1,75
2018-02-07,10578.8,10614.0,10569.75,10614.0,09:15:00,10509.67118677749,2,1
2018-02-07,10585.3,10590.85,10572.5,10579.0,09:20:00,10516.87393089392,2,2
2018-02-07,10566.45,10586.3,10553.05,10585.4,09:25:00,10521.595461284976,2,3
2018-02-07,10562.2,10568.15,10554.55,10566.1,09:30:00,10525.462560210217,2,4
2018-02-07,10564.55,10566.05,10550.15,10562.8,09:35:00,10529.185173523529,2,5
2018-02-07,10546.9,10564.5,10542.35,10563.7,09:40:00,10530.872299854622,2,6
2018-02-07,10537.5,10554.55,10537.5,10547.25,09:45:00,10531.503509392278,2,7
2018-02-07,10545.05,10546.5,10533.4,10537.55,09:50:00,10532.793651354918,2,8
2018-02-07,10556.55,10557.55,10540.95,10545.15,09:55:00,10535.056160749687,2,9
2018-02-07,10547.55,10559.3,10547.5,10556.15,10:00:00,10536.2460502021,2,10
2018-02-07,10548.8,10551.0,10541.05,10547.65,10:05:00,10537.441664468564,2,11
2018-02-07,10555.15,10556.45,10548.7,10548.7,10:10:00,10539.128172614415,2,12
2018-02-07,10565.35,10565.35,10553.4,10554.95,10:15:00,10541.62548950828,2,13
2018-02-07,10559.65,10567.1,10559.05,10564.4,10:20:00,10543.34210955511,2,14
2018-02-07,10556.6,10560.6,10550.75,10560.15,10:25:00,10544.604765787955,2,15
2018-02-07,10541.4,10557.7,10534.05,10556.1,10:30:00,10544.299549998625,2,16
2018-02-07,10525.8,10544.85,10525.8,10541.8,10:35:00,10542.537688093997,2,17
2018-02-07,10518.35,10531.75,10518.35,10525.2,10:40:00,10540.23409875171,2,18
2018-02-07,10528.4,10530.15,10517.45,10519.05,10:45:00,10539.107041727735,2,19
2018-02-07,10514.15,10529.15,10513.2,10528.6,10:50:00,10536.73018061081,2,20
2018-02-07,10515.0,10519.2,10506.4,10513.8,10:55:00,10534.660639600255,2,21
2018-02-07,10521.35,10522.9,10514.15,10515.85,11:00:00,10533.392959638326,2,22
2018-02-07,10518.4,10528.65,10518.3,10521.4,11:05:00,10531.96505872039,2,23
2018-02-07,10513.65,10523.55,10512.3,10518.45,11:10:00,10530.220767413686,2,24
2018-02-07,10519.4,10522.95,10514.15,10514.15,11:15:00,10529.190218136191,2,25
2018-02-07,10510.15,10521.95,10510.15,10518.95,11:20:00,10527.376864027983,2,26
2018-02-07,10494.95,10509.9,10492.35,10509.8,11:25:00,10524.288591263416,2,27
2018-02-07,10489.65,10503.0,10489.4,10494.0,11:30:00,10520.989677809755,2,28
2018-02-07,10500.3,10507.85,10485.15,10485.85,11:35:00,10519.019232304066,2,29
2018-02-07,10506.0,10506.55,10498.3,10499.95,11:40:00,10517.779305417966,2,30
2018-02-07,10497.9,10506.3,10495.65,10506.3,11:45:00,10515.8860382353,2,31
2018-02-07,10487.15,10500.3,10486.9,10498.05,11:50:00,10513.14927268908,2,32
2018-02-07,10480.65,10488.3,10479.8,10487.25,11:55:00,10510.054103861548,2,33
2018-02-07,10467.65,10487.4,10464.8,10480.9,12:00:00,10506.015617779496,2,34
2018-02-07,10483.35,10488.9,10467.95,10468.0,12:05:00,10503.856987514782,2,35
2018-02-07,10497.15,10498.35,10480.8,10483.55,12:10:00,10503.218226799088,2,36
2018-02-07,10497.4,10498.0,10488.6,10497.25,12:15:00,10502.66410996108,2,37
2018-02-07,10503.2,10512.3,10496.15,10497.3,12:20:00,10502.715147107643,2,38
2018-02-07,10507.55,10514.5,10503.1,10503.1,12:25:00,10503.175609287868,2,39
2018-02-07,10497.15,10508.7,10496.65,10507.1,12:30:00,10502.601741736642,2,40
2018-02-07,10509.45,10512.35,10496.95,10497.1,12:35:00,10503.253956809342,2,41
2018-02-07,10518.65,10521.55,10505.95,10508.55,12:40:00,10504.720246637024,2,42
2018-02-07,10516.9,10525.65,10514.15,10518.55,12:45:00,10505.880223147784,2,43
2018-02-07,10521.6,10523.65,10516.05,10516.65,12:50:00,10507.377344752756,2,44
2018-02-07,10526.55,10528.6,10516.45,10521.2,12:55:00,10509.20331191916,2,45
2018-02-07,10508.05,10526.5,10507.3,10526.5,13:00:00,10509.093472688764,2,46
2018-02-07,10505.85,10509.95,10500.85,10508.0,13:05:00,10508.784570527929,2,47
2018-02-07,10514.95,10519.15,10502.9,10505.75,13:10:00,10509.371754287173,2,48
2018-02-07,10510.9,10515.55,10506.65,10514.75,13:15:00,10509.517301497915,2,49
2018-02-07,10504.75,10511.1,10501.25,10511.0,13:20:00,10509.063272783833,2,50
2018-02-07,10501.95,10512.45,10498.2,10504.15,13:25:00,10508.38581823299,2,51
2018-02-07,10502.5,10505.4,10492.35,10502.3,13:30:00,10507.82526411556,2,52
2018-02-07,10497.7,10505.45,10496.25,10502.6,13:35:00,10506.860953247413,2,53
2018-02-07,10488.4,10499.75,10487.1,10495.85,13:40:00,10505.102767223849,2,54
2018-02-07,10483.75,10492.65,10482.65,10486.4,13:45:00,10503.069170345389,2,55
2018-02-07,10492.45,10497.7,10480.6,10483.25,13:50:00,10502.057820788685,2,56
2018-02-07,10501.8,10503.25,10489.4,10491.8,13:55:00,10502.033266427858,2,57
2018-02-07,10501.65,10507.25,10491.15,10500.2,14:00:00,10501.9967648633,2,58
2018-02-07,10498.75,10503.1,10495.25,10498.75,14:05:00,10501.687549162032,2,59
2018-02-07,10493.25,10501.9,10488.9,10496.65,14:10:00,10500.883973051365,2,60
2018-02-07,10495.2,10495.55,10487.2,10489.55,14:15:00,10500.342642284566,2,61
2018-02-07,10501.55,10502.25,10493.4,10494.65,14:20:00,10500.457628733657,2,62
2018-02-07,10491.7,10502.4,10491.7,10500.5,14:25:00,10499.62356885426,2,63
2018-02-07,10493.65,10519.8,10476.35,10488.7,14:30:00,10499.054657534807,2,64
2018-02-07,10486.65,10500.55,10481.4,10489.1,14:35:00,10497.873261579112,2,65
2018-02-07,10495.25,10504.2,10480.35,10482.85,14:40:00,10497.623427143006,2,66
2018-02-07,10504.9,10511.9,10490.85,10493.45,14:45:00,10498.316434081768,2,67
2018-02-07,10496.75,10507.9,10493.05,10504.25,14:50:00,10498.167249883503,2,68
2018-02-07,10494.9,10496.3,10484.65,10495.0,14:55:00,10497.85608322793,2,69
2018-02-07,10504.4,10507.2,10487.75,10491.85,15:00:00,10498.4793133967,2,70
2018-02-07,10499.6,10507.75,10491.0,10502.55,15:05:00,10498.586045454158,2,71
2018-02-07,10479.65,10498.55,10476.8,10497.0,15:10:00,10496.78261255376,2,72
2018-02-07,10463.25,10477.7,10457.0,10477.35,15:15:00,10493.589030405785,2,73
2018-02-07,10457.05,10464.3,10446.4,10462.95,15:20:00,10490.10912274809,2,74
2018-02-07,10459.1,10462.85,10455.75,10457.3,15:25:00,10487.155872962558,2,75
2018-02-08,10499.25,10519.05,10479.55,10515.35,09:15:00,10488.30769458517,3,1
2018-02-08,10496.15,10502.8,10490.6,10499.4,09:20:00,10489.054580815153,3,2
2018-02-08,10518.55,10519.1,10494.55,10495.95,09:25:00,10491.863668356567,3,3
2018-02-08,10551.2,10552.4,10518.65,10518.65,09:30:00,10497.514747560705,3,4
2018-02-08,10544.45,10555.75,10541.35,10550.95,09:35:00,10501.984771602543,3,5
2018-02-08,10545.7,10549.35,10538.4,10544.3,09:40:00,10506.148126688016,3,6
2018-02-08,10555.55,10555.55,10542.0,10545.5,09:45:00,10510.853067003443,3,7
2018-02-08,10570.3,10571.25,10549.45,10555.25,09:50:00,10516.51467966978,3,8
2018-02-08,10567.5,10570.25,10563.85,10569.45,09:55:00,10521.370424463134,3,9
2018-02-08,10559.95,10575.8,10556.95,10568.2,10:00:00,10525.04466975236,3,10
2018-02-08,10566.5,10569.65,10556.2,10559.2,10:05:00,10528.992796442612,3,11
2018-02-08,10554.9,10566.8,10554.9,10566.6,10:10:00,10531.460149162363,3,12
2018-02-08,10567.95,10568.6,10554.15,10554.15,10:15:00,10534.935373051663,3,13
2018-02-08,10580.05,10582.1,10567.3,10567.4,10:20:00,10539.2320041896,3,14
2018-02-08,10575.0,10581.2,10574.15,10579.9,10:25:00,10542.638479981066,3,15
2018-02-08,10586.55,10589.55,10573.05,10574.65,10:30:00,10546.820529506678,3,16
2018-02-08,10595.75,10596.1,10586.5,10586.5,10:35:00,10551.48047907747,3,17
2018-02-08,10601.15,10614.3,10592.85,10595.8,10:40:00,10556.21090964152,3,18
2018-02-08,10598.45,10607.9,10596.1,10600.65,10:45:00,10560.233680151852,3,19
2018-02-08,10600.75,10602.6,10596.2,10598.7,10:50:00,10564.092377280247,3,20
2018-02-08,10604.35,10605.65,10598.1,10600.5,10:55:00,10567.926436586891,3,21
2018-02-08,10591.05,10605.45,10590.2,10604.75,11:00:00,10570.128680721473,3,22
2018-02-08,10604.1,10604.65,10587.95,10591.4,11:05:00,10573.364044462283,3,23
2018-02-08,10603.9,10605.2,10599.4,10604.55,11:10:00,10576.272230703971,3,24
2018-02-08,10598.2,10605.1,10593.25,10604.05,11:15:00,10578.360589684546,3,25
2018-02-08,10592.45,10598.55,10591.45,10598.15,11:20:00,10579.702438286016,3,26
2018-02-08,10593.95,10599.1,10591.4,10592.75,11:25:00,10581.059348925444,3,27
2018-02-08,10585.75,10594.4,10584.25,10593.5,11:30:00,10581.506077599211,3,28
2018-02-08,10597.85,10598.35,10585.45,10585.5,11:35:00,10583.062641637383,3,29
2018-02-08,10598.55,10599.25,10592.95,10598.0,11:40:00,10584.53762814811,3,30
2018-02-08,10604.8,10605.05,10596.85,10598.3,11:45:00,10586.46737784829,3,31
2018-02-08,10605.5,10609.05,10602.0,10604.75,11:50:00,10588.280008529406,3,32
2018-02-08,10602.8,10607.05,10601.75,10606.05,11:55:00,10589.662864859938,3,33
2018-02-08,10607.05,10609.65,10601.45,10602.35,12:00:00,10591.318782492326,3,34
2018-02-08,10609.1,10612.05,10606.3,10606.9,12:05:00,10593.012231778772,3,35
2018-02-08,10604.65,10609.15,10602.4,10609.05,12:10:00,10594.120590656985,3,36
2018-02-08,10604.5,10607.15,10603.65,10604.55,12:15:00,10595.109105832513,3,37
2018-02-08,10599.45,10605.2,10595.5,10604.55,12:20:00,10595.522524324651,3,38
2018-02-08,10604.25,10604.5,10597.5,10599.5,12:25:00,10596.35371248421,3,39
2018-02-08,10606.95,10607.6,10600.75,10604.5,12:30:00,10597.36288272381,3,40
2018-02-08,10600.75,10608.3,10599.7,10607.45,12:35:00,10597.685465321543,3,41
2018-02-08,10601.75,10603.4,10596.6,10601.35,12:40:00,10598.072563862348,3,42
2018-02-08,10597.55,10602.95,10597.55,10602.0,12:45:00,10598.022795875457,3,43
2018-02-08,10611.05,10611.05,10597.2,10597.2,12:50:00,10599.263481982556,3,44
2018-02-08,10609.1,10612.55,10606.6,10610.7,12:55:00,10600.200293222311,3,45
2018-02-08,10596.3,10612.15,10595.85,10609.05,13:00:00,10599.82883672495,3,46
2018-02-08,10591.05,10600.55,10587.15,10596.1,13:05:00,10598.992757036858,3,47
2018-02-08,10600.5,10601.05,10590.4,10591.0,13:10:00,10599.13630398573,3,48
2018-02-08,10603.15,10604.6,10597.25,10600.75,13:15:00,10599.518560748997,3,49
2018-02-08,10619.55,10624.85,10602.8,10602.95,13:20:00,10601.426316868135,3,50
2018-02-08,10614.8,10624.2,10614.25,10619.2,13:25:00,10602.700000975932,3,51
2018-02-08,10623.8,10626.7,10607.55,10614.85,13:30:00,10604.70952469251,3,52
2018-02-08,10630.7,10636.7,10623.3,10623.3,13:35:00,10607.184808055128,3,53
2018-02-08,10627.75,10637.8,10627.25,10629.8,13:40:00,10609.143397764165,3,54
2018-02-08,10621.95,10627.7,10619.0,10626.8,13:45:00,10610.363074167575,3,55
2018-02-08,10623.4,10631.7,10619.15,10621.45,13:50:00,10611.604686151615,3,56
2018-02-08,10613.55,10624.5,10611.1,10622.95,13:55:00,10611.789954137175,3,57
2018-02-08,10599.85,10616.4,10597.7,10613.95,14:00:00,10610.65281564792,3,58
2018-02-08,10605.65,10608.95,10599.55,10599.55,14:05:00,10610.176357014783,3,59
2018-02-08,10601.2,10607.45,10597.6,10605.35,14:10:00,10609.321465870518,3,60
2018-02-08,10586.55,10602.1,10582.5,10600.5,14:15:00,10607.152754835231,3,61
2018-02-08,10559.6,10586.7,10558.65,10586.7,14:20:00,10602.6239210414,3,62
2018-02-08,10542.4,10560.6,10542.4,10558.95,14:25:00,10596.888309513646,3,63
2018-02-08,10552.85,10556.35,10528.85,10542.95,14:30:00,10592.69418479806,3,64
2018-02-08,10559.3,10570.55,10553.4,10553.4,14:35:00,10589.513786245863,3,65
2018-02-08,10560.4,10572.1,10559.05,10559.05,14:40:00,10586.741044698638,3,66
2018-02-08,10578.1,10578.9,10561.25,10561.25,14:45:00,10585.918088060673,3,67
2018-02-08,10581.5,10591.15,10576.15,10578.65,14:50:00,10585.49731776918,3,68
2018-02-08,10583.4,10590.6,10581.05,10581.45,14:55:00,10585.297573219734,3,69
2018-02-08,10571.25,10587.0,10570.6,10582.65,15:00:00,10583.959709103568,3,70
2018-02-08,10583.15,10585.1,10569.55,10570.7,15:05:00,10583.882593950848,3,71
2018-02-08,10584.55,10585.6,10579.9,10583.2,15:10:00,10583.94615643172,3,72
2018-02-08,10579.45,10584.65,10576.65,10584.65,15:15:00,10583.51795105727,3,73
2018-02-08,10576.0,10581.55,10572.65,10579.15,15:20:00,10582.801955718483,3,74
2018-02-08,10579.3,10581.95,10572.35,10575.4,15:25:00,10582.468436126246,3,75
2018-02-09,10421.45,10423.8,10398.2,10407.85,09:15:00,10567.133346971365,4,1
2018-02-09,10414.4,10436.1,10408.5,10421.95,09:20:00,10552.587313926471,4,2
2018-02-09,10432.6,10434.35,10410.3,10413.4,09:25:00,10541.15995069538,4,3
2018-02-09,10440.75,10453.9,10426.75,10432.8,09:30:00,10531.5970982482,4,4
2018-02-09,10433.35,10442.0,10424.1,10439.1,09:35:00,10522.240231748372,4,5
2018-02-09,10440.85,10451.6,10427.15,10433.9,09:40:00,10514.48878110567,4,6
2018-02-09,10430.7,10446.15,10428.15,10440.75,09:45:00,10506.508897190844,4,7
2018-02-09,10420.4,10430.45,10416.45,10429.75,09:50:00,10498.308049839336,4,8
2018-02-09,10422.0,10423.25,10410.35,10420.7,09:55:00,10491.040616521304,4,9
2018-02-09,10428.1,10430.85,10419.5,10422.35,10:00:00,10485.046272090703,4,10
2018-02-09,10440.15,10440.4,10426.65,10428.15,10:05:00,10480.770436653493,4,11
2018-02-09,10442.85,10443.7,10436.75,10440.1,10:10:00,10477.158966496016,4,12
2018-02-09,10441.85,10450.35,10439.45,10442.3,10:15:00,10473.79620778211,4,13
2018-02-09,10444.9,10445.1,10434.5,10441.7,10:20:00,10471.04418799334,4,14
2018-02-09,10443.15,10448.5,10442.2,10444.95,10:25:00,10468.38759866064,4,15
2018-02-09,10436.6,10444.9,10433.25,10443.05,10:30:00,10465.360208312008,4,16
2018-02-09,10431.35,10436.35,10427.05,10436.35,10:35:00,10462.121140853722,4,17
2018-02-09,10419.9,10432.65,10417.35,10431.1,10:40:00,10458.100079820037,4,18
2018-02-09,10423.4,10428.7,10417.55,10419.65,10:45:00,10454.795310313366,4,19
2018-02-09,10416.9,10423.7,10411.95,10423.7,10:50:00,10451.186233140665,4,20
2018-02-09,10423.9,10424.35,10414.85,10416.35,10:55:00,10448.587544270124,4,21
2018-02-09,10421.15,10424.4,10418.95,10424.1,11:00:00,10445.974444815827,4,22
2018-02-09,10408.5,10421.65,10403.1,10421.3,11:05:00,10442.405450071465,4,23
2018-02-09,10414.0,10416.0,10405.25,10407.9,11:10:00,10439.700169112277,4,24
2018-02-09,10409.05,10414.0,10408.3,10413.8,11:15:00,10436.781105387296,4,25
2018-02-09,10405.65,10409.25,10400.45,10409.0,11:20:00,10433.816238207555,4,26
2018-02-09,10413.5,10419.65,10406.1,10406.1,11:25:00,10431.881358378265,4,27
2018-02-09,10420.0,10421.8,10413.75,10413.75,11:30:00,10430.749800437476,4,28
2018-02-09,10412.6,10420.05,10412.0,10420.05,11:35:00,10429.02124801486,4,29
2018-02-09,10411.3,10418.5,10410.9,10415.25,11:40:00,10427.333510108683,4,30
2018-02-09,10416.05,10417.1,10410.2,10411.35,11:45:00,10426.258890098332,4,31
2018-02-09,10428.7,10430.95,10415.5,10415.85,11:50:00,10426.491376755634,4,32
2018-02-09,10428.35,10429.95,10425.2,10428.65,11:55:00,10426.668388493192,4,33
2018-02-09,10428.85,10429.85,10425.25,10428.45,12:00:00,10426.87616101765,4,34
2018-02-09,10431.55,10442.55,10429.0,10429.0,12:05:00,10427.32128853978,4,35
2018-02-09,10425.85,10432.45,10423.6,10431.5,12:10:00,10427.181165821705,4,36
2018-02-09,10420.9,10429.0,10420.05,10426.75,12:15:00,10426.582959552972,4,37
2018-02-09,10422.6,10423.35,10416.8,10420.85,12:20:00,10426.203630071735,4,38
2018-02-09,10435.65,10438.6,10422.55,10422.55,12:25:00,10427.10328435062,4,39
2018-02-09,10451.8,10458.25,10435.5,10435.95,12:30:00,10429.455352507704,4,40
2018-02-09,10448.5,10452.4,10440.9,10451.7,12:35:00,10431.269128459351,4,41
2018-02-09,10449.4,10456.65,10441.5,10448.9,12:40:00,10432.995878129888,4,42
2018-02-09,10453.5,10460.75,10446.2,10449.15,12:45:00,10434.948651641327,4,43
2018-02-09,10461.15,10462.05,10451.55,10453.55,12:50:00,10437.444018151678,4,44
2018-02-09,10462.05,10464.1,10452.45,10461.45,12:55:00,10439.787444994376,4,45
2018-02-09,10450.15,10463.65,10447.15,10462.2,13:00:00,10440.774354994912,4,46
2018-02-09,10444.9,10450.45,10437.1,10449.95,13:05:00,10441.167273566823,4,47
2018-02-09,10447.35,10448.15,10440.5,10445.4,13:10:00,10441.7561046557,4,48
2018-02-09,10450.05,10451.9,10443.75,10447.4,13:15:00,10442.545999450396,4,49
2018-02-09,10446.3,10450.2,10445.2,10450.2,13:20:00,10442.903523312263,4,50
2018-02-09,10453.2,10455.3,10443.9,10446.2,13:25:00,10443.884140139666,4,51
2018-02-09,10464.75,10468.15,10449.7,10453.3,13:30:00,10445.87136488827,4,52
2018-02-09,10449.25,10467.15,10449.25,10465.05,13:35:00,10446.193139660814,4,53
2018-02-09,10452.4,10459.35,10448.2,10448.75,13:40:00,10446.784269216929,4,54
2018-02-09,10450.9,10454.75,10447.85,10452.1,13:45:00,10447.17624357722,4,55
2018-02-09,10457.8,10459.0,10449.7,10451.05,13:50:00,10448.1880299032,4,56
2018-02-09,10460.25,10465.15,10457.1,10458.0,13:55:00,10449.33678896004,4,57
2018-02-09,10463.35,10469.7,10457.9,10460.3,14:00:00,10450.671380487654,4,58
2018-02-09,10472.7,10475.3,10460.15,10463.5,14:05:00,10452.769344250735,4,59
2018-02-09,10460.85,10475.0,10460.85,10474.15,14:10:00,10453.53893051257,4,60
2018-02-09,10469.65,10478.1,10459.4,10460.7,14:15:00,10455.0733180828,4,61
2018-02-09,10468.35,10480.2,10468.35,10470.2,14:20:00,10456.337763979678,4,62
2018-02-09,10471.15,10476.6,10464.9,10469.75,14:25:00,10457.74845312447,4,63
2018-02-09,10468.15,10473.65,10467.25,10471.2,14:30:00,10458.739076636426,4,64
2018-02-09,10455.95,10469.9,10447.0,10468.4,14:35:00,10458.4734502901,4,65
2018-02-09,10450.9,10456.95,10442.85,10455.55,14:40:00,10457.75216931009,4,66
2018-02-09,10442.7,10454.05,10437.9,10451.65,14:45:00,10456.318629375795,4,67
2018-02-09,10446.7,10449.15,10442.75,10442.75,14:50:00,10455.402569435242,4,68
2018-02-09,10430.95,10449.65,10430.95,10446.75,14:55:00,10453.073753298551,4,69
2018-02-09,10437.0,10441.0,10430.55,10431.5,15:00:00,10451.54291965107,4,70
2018-02-09,10453.15,10454.85,10437.85,10437.85,15:05:00,10451.695974922395,4,71
2018-02-09,10461.55,10464.95,10450.2,10453.25,15:10:00,10452.634453501218,4,72
2018-02-09,10460.35,10462.65,10456.7,10461.05,15:15:00,10453.369267453483,4,73
2018-02-09,10458.3,10460.25,10456.05,10459.95,15:20:00,10453.838861029342,4,74
2018-02-09,10468.6,10469.9,10457.75,10459.2,15:25:00,10455.244683788453,4,75
2018-02-12,10530.45,10533.2,10511.1,10514.65,09:15:00,10462.407094856218,0,1
2018-02-12,10531.35,10538.1,10523.6,10530.65,09:20:00,10468.973085822294,0,2
2018-02-12,10530.65,10534.85,10523.5,10531.85,09:25:00,10474.84707764874,0,3
2018-02-12,10527.95,10531.6,10522.6,10530.85,09:30:00,10479.904498825052,0,4
2018-02-12,10518.35,10531.45,10517.55,10527.7,09:35:00,10483.565975127429,0,5
2018-02-12,10516.45,10518.95,10510.55,10518.4,09:40:00,10486.697787020054,0,6
2018-02-12,10502.25,10516.25,10499.4,10516.25,09:45:00,10488.178950161002,0,7
2018-02-12,10488.4,10502.45,10486.3,10501.9,09:50:00,10488.20000252662,0,8
2018-02-12,10496.35,10498.05,10485.4,10488.25,09:55:00,10488.97619276218,0,9
2018-02-12,10506.55,10510.0,10496.65,10496.65,10:00:00,10490.649888689592,0,10
2018-02-12,10508.7,10512.3,10506.05,10506.6,10:05:00,10492.368946909632,0,11
2018-02-12,10505.1,10510.8,10505.1,10508.5,10:10:00,10493.581428156334,0,12
2018-02-12,10509.6,10514.25,10502.5,10505.5,10:15:00,10495.10700642716,0,13
2018-02-12,10513.75,10515.0,10506.9,10509.8,10:20:00,10496.882529624572,0,14
2018-02-12,10513.6,10518.8,10511.6,10513.4,10:25:00,10498.474669660329,0,15
2018-02-12,10508.8,10514.75,10507.85,10513.5,10:30:00,10499.458034454585,0,16
2018-02-12,10511.1,10513.5,10508.85,10508.85,10:35:00,10500.566793077956,0,17
2018-02-12,10509.1,10511.7,10507.25,10511.35,10:40:00,10501.379479451483,0,18
2018-02-12,10505.95,10512.85,10502.6,10509.15,10:45:00,10501.81476712277,0,19
2018-02-12,10508.2,10510.0,10501.35,10505.85,10:50:00,10502.42288453965,0,20
2018-02-12,10516.45,10517.5,10507.05,10508.5,10:55:00,10503.75880029778,0,21
2018-02-12,10521.2,10522.85,10513.85,10516.2,11:00:00,10505.419866936085,0,22
2018-02-12,10525.6,10527.6,10521.3,10521.3,11:05:00,10507.341784370745,0,23
2018-02-12,10518.6,10524.95,10514.7,10524.8,11:10:00,10508.413995383053,0,24
2018-02-12,10524.15,10524.25,10517.6,10518.75,11:15:00,10509.912662489429,0,25
2018-02-12,10525.0,10526.0,10521.2,10523.85,11:20:00,10511.34955177615,0,26
2018-02-12,10518.15,10525.6,10515.15,10524.95,11:25:00,10511.997213511757,0,27
2018-02-12,10514.05,10519.8,10513.7,10518.3,11:30:00,10512.192716986829,0,28
2018-02-12,10511.3,10518.15,10508.9,10514.0,11:35:00,10512.107696321416,0,29
2018-02-12,10509.0,10511.55,10508.9,10510.8,11:40:00,10511.811725243186,0,30
2018-02-12,10515.3,10515.3,10507.15,10508.6,11:45:00,10512.143941886692,0,31
2018-02-12,10517.75,10518.85,10514.25,10515.0,11:50:00,10512.677852183198,0,32
2018-02-12,10513.65,10519.05,10513.15,10517.65,11:55:00,10512.77043768956,0,33
2018-02-12,10514.3,10515.8,10513.6,10514.8,12:00:00,10512.916110290556,0,34
2018-02-12,10514.4,10515.3,10508.65,10514.45,12:05:00,10513.057433120026,0,35
2018-02-12,10516.55,10516.6,10512.55,10514.1,12:10:00,10513.390058537168,0,36
2018-02-12,10521.25,10522.1,10515.6,10516.5,12:15:00,10514.13862439077,0,37
2018-02-12,10521.55,10524.0,10517.95,10521.15,12:20:00,10514.844469686886,0,38
2018-02-12,10516.35,10521.9,10514.9,10520.85,12:25:00,10514.98785352623,0,39
2018-02-12,10516.85,10517.1,10508.6,10516.1,12:30:00,10515.165200809448,0,40
2018-02-12,10514.1,10518.55,10513.4,10516.95,12:35:00,10515.06375311331,0,41
2018-02-12,10513.1,10515.65,10510.6,10514.05,12:40:00,10514.87672900728,0,42
2018-02-12,10515.3,10516.65,10511.9,10513.2,12:45:00,10514.917040530398,0,43
2018-02-12,10520.0,10521.15,10514.8,10514.9,12:50:00,10515.401131908457,0,44
2018-02-12,10521.85,10521.85,10519.05,10519.8,12:55:00,10516.015309821936,0,45
2018-02-12,10519.6,10523.9,10518.25,10521.8,13:00:00,10516.356708886517,0,46
2018-02-12,10519.9,10521.45,10516.55,10518.65,13:05:00,10516.694165183037,0,47
2018-02-12,10519.1,10519.8,10516.35,10519.75,13:10:00,10516.923292308462,0,48
2018-02-12,10515.55,10519.15,10514.05,10519.0,13:15:00,10516.7925025648,0,49
2018-02-12,10516.95,10518.85,10514.8,10515.35,13:20:00,10516.807502320533,0,50
2018-02-12,10512.9,10517.2,10508.5,10516.5,13:25:00,10516.435359242389,0,51
2018-02-12,10497.1,10514.3,10491.6,10512.6,13:30:00,10514.593896457398,0,52
2018-02-12,10506.25,10507.25,10492.15,10496.3,13:35:00,10513.799239651931,0,53
2018-02-12,10508.2,10511.75,10505.2,10506.4,13:40:00,10513.2659787327,0,54
2018-02-12,10510.55,10513.1,10506.0,10508.15,13:45:00,10513.00731409149,0,55
2018-02-12,10509.3,10510.95,10503.7,10510.45,13:50:00,10512.654236558968,0,56
2018-02-12,10512.15,10512.95,10508.1,10509.35,13:55:00,10512.606214029542,0,57
2018-02-12,10517.65,10521.05,10513.1,10513.65,14:00:00,10513.086574598155,0,58
2018-02-12,10520.8,10523.85,10516.95,10517.7,14:05:00,10513.821186541189,0,59
2018-02-12,10526.7,10528.95,10518.85,10521.0,14:10:00,10515.047740203932,0,60
2018-02-12,10535.4,10540.2,10526.75,10527.9,14:15:00,10516.9860506607,0,61
2018-02-12,10531.95,10541.3,10531.1,10536.5,14:20:00,10518.411188693011,0,62
2018-02-12,10535.65,10537.65,10530.55,10532.4,14:25:00,10520.05298024606,0,63
2018-02-12,10548.4,10549.35,10535.9,10537.6,14:30:00,10522.7526964131,0,64
2018-02-12,10545.7,10555.5,10545.6,10550.95,14:35:00,10524.938153897569,0,65
2018-02-12,10546.8,10550.65,10544.55,10548.3,14:40:00,10527.020234478754,0,66
2018-02-12,10547.7,10552.35,10545.25,10547.55,14:45:00,10528.989735956968,0,67
2018-02-12,10542.0,10551.9,10542.0,10549.4,14:50:00,10530.228808722972,0,68
2018-02-12,10540.95,10546.65,10538.85,10542.15,14:55:00,10531.249874558878,0,69
2018-02-12,10545.85,10546.0,10539.1,10542.65,15:00:00,10532.640362696127,0,70
2018-02-12,10552.6,10553.75,10546.4,10547.7,15:05:00,10534.541280534591,0,71
2018-02-12,10539.15,10554.15,10538.1,10554.05,15:10:00,10534.980206197964,0,72
2018-02-12,10532.25,10539.85,10528.25,10539.85,15:15:00,10534.720186560064,0,73
2018-02-12,10532.1,10535.25,10529.55,10531.6,15:20:00,10534.470644982914,0,74
2018-02-12,10535.5,10535.5,10528.85,10531.1,15:25:00,10534.568678794065,0,75
2018-02-14,10566.1,10590.55,10562.0,10590.55,09:15:00,10537.571661766058,2,1
2018-02-14,10577.75,10578.1,10561.15,10565.75,09:20:00,10541.39817016929,2,2
2018-02-14,10568.65,10577.9,10562.05,10577.6,09:25:00,10543.99358253412,2,3
2018-02-14,10562.7,10571.9,10559.85,10568.55,09:30:00,10545.7751461023,2,4
2018-02-14,10536.2,10565.5,10532.9,10562.8,09:35:00,10544.86322742589,2,5
2018-02-14,10544.25,10544.25,10527.95,10536.35,09:40:00,10544.804824813902,2,6
2018-02-14,10546.8,10547.7,10542.3,10544.85,09:45:00,10544.994841498294,2,7
2018-02-14,10543.2,10548.7,10538.2,10547.0,09:50:00,10544.823904212742,2,8
2018-02-14,10540.7,10543.35,10534.8,10543.35,09:55:00,10544.431151430575,2,9
2018-02-14,10550.25,10552.15,10539.6,10540.8,10:00:00,10544.985327484808,2,10
2018-02-14,10547.5,10550.55,10547.25,10550.05,10:05:00,10545.224820105304,2,11
2018-02-14,10555.45,10557.95,10547.2,10547.7,10:10:00,10546.19864676194,2,12
2018-02-14,10550.5,10558.25,10550.05,10555.3,10:15:00,10546.60829945128,2,13
2018-02-14,10559.05,10559.15,10550.25,10550.3,10:20:00,10547.793223313063,2,14
2018-02-14,10555.35,10558.85,10554.0,10558.85,10:25:00,10548.512916330868,2,15
2018-02-14,10555.0,10559.9,10554.45,10555.4,10:30:00,10549.130733823164,2,16
2018-02-14,10552.05,10557.2,10551.3,10554.95,10:35:00,10549.40875917334,2,17
2018-02-14,10556.75,10557.15,10552.05,10552.3,10:40:00,10550.107924966356,2,18
2018-02-14,10560.85,10561.2,10556.15,10557.0,10:45:00,10551.130979731464,2,19
2018-02-14,10563.2,10566.65,10560.8,10561.15,10:50:00,10552.28041023323,2,20
2018-02-14,10553.8,10564.3,10553.75,10563.5,10:55:00,10552.42513306816,2,21
2018-02-14,10555.1,10560.35,10552.5,10553.5,11:00:00,10552.679882299764,2,22
2018-02-14,10542.85,10555.2,10542.6,10555.0,11:05:00,10551.74370303312,2,23
2018-02-14,10551.55,10552.55,10542.15,10543.6,11:10:00,10551.725255125204,2,24
2018-02-14,10542.45,10552.05,10541.55,10551.7,11:15:00,10550.841897494232,2,25
2018-02-14,10542.35,10547.35,10542.05,10542.05,11:20:00,10550.033145351925,2,26
2018-02-14,10547.05,10547.85,10541.65,10542.2,11:25:00,10549.749036270789,2,27
2018-02-14,10545.4,10547.25,10541.55,10546.9,11:30:00,10549.33484234024,2,28
2018-02-14,10542.1,10546.0,10541.5,10545.35,11:35:00,10548.645809736408,2,29
2018-02-14,10537.25,10542.4,10536.25,10542.3,11:40:00,10547.560494523415,2,30
2018-02-14,10541.1,10541.8,10537.35,10537.5,11:45:00,10546.945209330708,2,31
2018-02-14,10546.2,10547.55,10540.55,10541.05,11:50:00,10546.874237013497,2,32
2018-02-14,10547.7,10548.75,10545.85,10545.85,11:55:00,10546.952881107449,2,33
2018-02-14,10542.2,10547.95,10540.25,10547.35,12:00:00,10546.500225763884,2,34
2018-02-14,10546.65,10547.55,10542.3,10542.45,12:05:00,10546.514489976846,2,35
2018-02-14,10547.1,10550.05,10545.45,10546.6,12:10:00,10546.570252836194,2,36
2018-02-14,10543.85,10548.3,10543.0,10547.15,12:15:00,10546.31118113751,2,37
2018-02-14,10542.05,10544.3,10539.3,10544.0,12:20:00,10545.905354362509,2,38
2018-02-14,10540.9,10544.7,10540.35,10542.2,12:25:00,10545.428653947032,2,39
2018-02-14,10535.2,10542.6,10533.95,10541.15,12:30:00,10544.454496428269,2,40
2018-02-14,10532.45,10535.55,10530.3,10535.55,12:35:00,10543.311211054146,2,41
2018-02-14,10535.15,10537.05,10530.7,10532.5,12:40:00,10542.533952858514,2,42
2018-02-14,10531.95,10536.6,10531.1,10535.3,12:45:00,10541.525957348178,2,43
2018-02-14,10531.1,10533.0,10527.8,10532.0,12:50:00,10540.533009029305,2,44
2018-02-14,10537.65,10538.95,10531.05,10531.05,12:55:00,10540.2584367408,2,45
2018-02-14,10548.4,10548.8,10537.85,10538.25,13:00:00,10541.033823717868,2,46
2018-02-14,10547.1,10554.8,10545.6,10548.45,13:05:00,10541.611554792356,2,47
2018-02-14,10555.3,10556.7,10546.9,10547.0,13:10:00,10542.915216240704,2,48
2018-02-14,10550.7,10555.6,10544.9,10555.25,13:15:00,10543.65662421778,2,49
2018-02-14,10553.05,10555.35,10550.15,10550.85,13:20:00,10544.551231435133,2,50
2018-02-14,10552.45,10554.85,10550.5,10553.4,13:25:00,10545.303495107975,2,51
2018-02-14,10560.15,10560.7,10548.9,10553.0,13:30:00,10546.717447954838,2,52
2018-02-14,10559.0,10566.9,10558.8,10560.9,13:35:00,10547.88721481628,2,53
2018-02-14,10557.6,10558.85,10554.4,10558.85,13:40:00,10548.812241976637,2,54
2018-02-14,10559.8,10562.55,10558.0,10558.0,13:45:00,10549.858695121718,2,55
2018-02-14,10560.15,10561.8,10555.8,10559.9,13:50:00,10550.838819395842,2,56
2018-02-14,10553.6,10561.45,10550.1,10560.65,13:55:00,10551.10178897719,2,57
2018-02-14,10559.35,10561.45,10553.7,10554.4,14:00:00,10551.887332884124,2,58
2018-02-14,10564.65,10564.65,10558.75,10559.2,14:05:00,10553.102824990396,2,59
2018-02-14,10559.4,10566.4,10559.2,10564.2,14:10:00,10553.702555943692,2,60
2018-02-14,10565.65,10568.95,10559.45,10559.45,14:15:00,10554.84040775858,2,61
2018-02-14,10565.4,10566.35,10560.65,10565.95,14:20:00,10555.846083210145,2,62
2018-02-14,10560.75,10567.25,10560.05,10566.0,14:25:00,10556.313122904416,2,63
2018-02-14,10550.4,10560.7,10545.1,10560.35,14:30:00,10555.74996834209,2,64
2018-02-14,10549.85,10551.3,10541.1,10550.45,14:35:00,10555.188066595225,2,65
2018-02-14,10540.65,10549.75,10537.45,10549.75,14:40:00,10553.803488824253,2,66
2018-02-14,10528.6,10542.15,10523.95,10540.75,14:45:00,10551.403156555276,2,67
2018-02-14,10535.85,10535.85,10526.25,10528.2,14:50:00,10549.921903550012,2,68
2018-02-14,10538.8,10539.1,10531.1,10535.9,14:55:00,10548.862674640488,2,69
2018-02-14,10533.55,10541.75,10533.55,10538.55,15:00:00,10547.404324674728,2,70
2018-02-14,10528.8,10534.4,10526.3,10533.25,15:05:00,10545.632484229516,2,71
2018-02-14,10503.0,10528.75,10502.7,10528.75,15:10:00,10541.572247636228,2,72
2018-02-14,10495.2,10507.05,10495.2,10502.65,15:15:00,10537.155843099445,2,73
2018-02-14,10473.65,10496.7,10468.55,10494.95,15:20:00,10531.107667566164,2,74
2018-02-14,10460.6,10473.65,10456.65,10473.45,15:25:00,10524.392651607484,2,75
2018-02-15,10547.55,10550.7,10518.65,10533.0,09:15:00,10526.59811335915,3,1
2018-02-15,10546.55,10549.95,10538.45,10547.6,09:20:00,10528.49829303923,3,2
2018-02-15,10538.4,10548.3,10535.85,10545.85,09:25:00,10529.44131274978,3,3
2018-02-15,10538.85,10544.1,10531.65,10538.6,09:30:00,10530.337378202184,3,4
2018-02-15,10544.55,10548.35,10538.1,10539.1,09:35:00,10531.690961230546,3,5
2018-02-15,10540.4,10545.4,10539.9,10544.45,09:40:00,10532.520393494304,3,6
2018-02-15,10560.3,10560.35,10540.5,10540.5,09:45:00,10535.16607030437,3,7
2018-02-15,10571.95,10572.2,10559.15,10560.15,09:50:00,10538.669301703954,3,8
2018-02-15,10572.25,10573.35,10564.85,10572.35,09:55:00,10541.867463446437,3,9
2018-02-15,10579.5,10581.6,10570.5,10572.45,10:00:00,10545.451514546776,3,10
2018-02-15,10571.25,10583.8,10571.05,10579.65,10:05:00,10547.908513161368,3,11
2018-02-15,10572.3,10578.2,10567.9,10571.45,10:10:00,10550.231511907905,3,12
2018-02-15,10576.65,10583.5,10571.65,10571.65,10:15:00,10552.747558392866,3,13
2018-02-15,10572.05,10579.0,10571.5,10576.9,10:20:00,10554.585886164974,3,14
2018-02-15,10573.85,10577.9,10568.75,10572.15,10:25:00,10556.420563673071,3,15
2018-02-15,10584.7,10585.15,10572.0,10573.1,10:30:00,10559.113843323255,3,16
2018-02-15,10584.2,10588.75,10582.75,10584.6,10:35:00,10561.503001101994,3,17
2018-02-15,10584.2,10585.55,10581.2,10584.25,10:40:00,10563.66462004466,3,18
2018-02-15,10575.9,10585.05,10573.6,10584.65,10:45:00,10564.829894326122,3,19
2018-02-15,10575.9,10577.2,10574.25,10576.2,10:50:00,10565.884190104587,3,20
2018-02-15,10578.55,10579.0,10572.95,10576.1,10:55:00,10567.090457713675,3,21
2018-02-15,10575.35,10579.05,10571.65,10578.7,11:00:00,10567.877080788565,3,22
2018-02-15,10571.35,10576.5,10571.05,10575.25,11:05:00,10568.207834999175,3,23
2018-02-15,10573.3,10573.6,10567.2,10571.45,11:10:00,10568.692803094493,3,24
2018-02-15,10564.75,10575.65,10562.6,10573.6,11:15:00,10568.317298037871,3,25
2018-02-15,10565.3,10566.3,10560.9,10565.05,11:20:00,10568.02993631998,3,26
2018-02-15,10561.75,10568.65,10561.45,10565.55,11:25:00,10567.43184714665,3,27
2018-02-15,10565.65,10567.1,10561.45,10561.45,11:30:00,10567.262147418398,3,28
2018-02-15,10566.6,10568.7,10564.45,10565.3,11:35:00,10567.199085759505,3,29
2018-02-15,10569.1,10571.25,10563.75,10565.85,11:40:00,10567.38012521098,3,30
2018-02-15,10576.55,10577.4,10568.9,10569.25,11:45:00,10568.253446619456,3,31
2018-02-15,10574.05,10577.7,10573.3,10577.0,11:50:00,10568.805499322363,3,32
2018-02-15,10575.25,10576.0,10573.85,10574.0,11:55:00,10569.41926129166,3,33
2018-02-15,10575.55,10577.0,10574.05,10575.35,12:00:00,10570.003141168649,3,34
2018-02-15,10572.2,10578.1,10570.55,10575.35,12:05:00,10570.212365819252,3,35
2018-02-15,10568.95,10573.4,10568.5,10572.1,12:10:00,10570.092140503131,3,36
2018-02-15,10568.45,10572.45,10567.9,10569.1,12:15:00,10569.935746169502,3,37
2018-02-15,10572.15,10572.4,10567.75,10568.55,12:20:00,10570.146627486693,3,38
2018-02-15,10573.85,10574.75,10571.2,10572.55,12:25:00,10570.499329630817,3,39
2018-02-15,10578.75,10580.3,10573.4,10573.55,12:30:00,10571.285107761216,3,40
2018-02-15,10584.6,10584.9,10578.1,10578.65,12:35:00,10572.553192736335,3,41
2018-02-15,10592.15,10592.7,10584.05,10584.35,12:40:00,10574.419555332875,3,42
2018-02-15,10606.95,10616.75,10591.8,10592.1,12:45:00,10577.51769292022,3,43
2018-02-15,10608.95,10613.9,10605.55,10607.75,12:50:00,10580.511245975438,3,44
2018-02-15,10617.25,10617.25,10607.25,10608.6,12:55:00,10584.010174930158,3,45
2018-02-15,10593.2,10618.1,10591.95,10617.15,13:00:00,10584.88539636538,3,46
2018-02-15,10586.35,10595.85,10581.3,10593.1,13:05:00,10585.02488242582,3,47
2018-02-15,10579.2,10587.2,10577.15,10586.55,13:10:00,10584.4701317186,3,48
2018-02-15,10578.9,10587.1,10577.9,10579.6,13:15:00,10583.939642983494,3,49
2018-02-15,10567.5,10580.15,10565.25,10579.3,13:20:00,10582.373962699352,3,50
2018-02-15,10573.0,10573.1,10565.65,10567.6,13:25:00,10581.481204347034,3,51
2018-02-15,10551.95,10575.7,10549.8,10573.6,13:30:00,10578.668708694937,3,52
2018-02-15,10543.0,10554.1,10531.6,10552.55,13:35:00,10575.27168881923,3,53
2018-02-15,10553.75,10560.55,10538.85,10542.6,13:40:00,10573.22200416978,3,54
2018-02-15,10560.55,10566.55,10553.9,10553.9,13:45:00,10572.0151466298,3,55
2018-02-15,10563.5,10564.1,10556.6,10560.65,13:50:00,10571.204180284103,3,56
2018-02-15,10564.85,10571.55,10561.2,10563.45,13:55:00,10570.599020257048,3,57
2018-02-15,10568.4,10572.55,10556.0,10565.05,14:00:00,10570.389589756376,3,58
2018-02-15,10567.3,10570.65,10562.1,10568.65,14:05:00,10570.095343112913,3,59
2018-02-15,10566.5,10569.0,10561.9,10568.05,14:10:00,10569.752929483113,3,60
2018-02-15,10556.3,10570.1,10551.7,10566.55,14:15:00,10568.471698103767,3,61
2018-02-15,10558.0,10560.2,10548.1,10556.6,14:20:00,10567.474393522456,3,62
2018-02-15,10559.2,10562.1,10551.85,10557.25,14:25:00,10566.686356044129,3,63
2018-02-15,10558.6,10563.4,10557.1,10560.45,14:30:00,10565.916226897069,3,64
2018-02-15,10556.0,10563.45,10552.2,10560.1,14:35:00,10564.971824335444,3,65
2018-02-15,10538.0,10557.7,10537.8,10556.45,14:40:00,10562.40307916064,3,66
2018-02-15,10526.15,10544.9,10516.35,10538.95,14:45:00,10558.950404954863,3,67
2018-02-15,10531.4,10532.75,10511.05,10524.7,14:50:00,10556.326556863924,3,68
2018-02-15,10534.35,10542.95,10530.2,10531.15,14:55:00,10554.233551448311,3,69
2018-02-15,10537.05,10537.85,10530.0,10534.1,15:00:00,10552.59702273895,3,70
2018-02-15,10536.5,10541.3,10534.8,10536.25,15:05:00,10551.063972954287,3,71
2018-02-15,10548.8,10548.8,10536.15,10536.15,15:10:00,10550.848356482453,3,72
2018-02-15,10546.15,10555.65,10546.15,10548.3,15:15:00,10550.400893960312,3,73
2018-02-15,10549.75,10550.2,10545.25,10547.1,15:20:00,10550.33890405933,3,74
2018-02-15,10549.7,10556.3,10547.4,10550.1,15:25:00,10550.27805605368,3,75
2018-02-16,10600.35,10612.9,10590.9,10592.1,09:15:00,10555.046812619996,4,1
2018-02-16,10588.0,10601.0,10579.7,10600.1,09:20:00,10558.185211418093,4,2
2018-02-16,10597.6,10599.2,10586.85,10588.05,09:25:00,10561.939000806844,4,3
2018-02-16,10596.7,10607.75,10596.7,10598.0,09:30:00,10565.249572158576,4,4
2018-02-16,10594.95,10597.55,10591.2,10597.1,09:35:00,10568.078184333948,4,5
2018-02-16,10583.9,10596.7,10582.95,10595.25,09:40:00,10569.585023921192,4,6
2018-02-16,10589.1,10590.25,10579.55,10584.1,09:45:00,10571.443593071555,4,7
2018-02-16,10584.05,10589.35,10583.45,10589.35,09:50:00,10572.644203255217,4,8
2018-02-16,10568.4,10585.45,10568.4,10584.1,09:55:00,10572.239993421386,4,9
2018-02-16,10572.1,10573.2,10561.2,10567.65,10:00:00,10572.226660714588,4,10
2018-02-16,10560.65,10573.3,10554.0,10573.15,10:05:00,10571.124121598914,4,11
2018-02-16,10567.95,10567.95,10557.05,10560.6,10:10:00,10570.82182430378,4,12
2018-02-16,10560.7,10576.2,10560.5,10567.85,10:15:00,10569.857841036752,4,13
2018-02-16,10556.25,10564.0,10551.35,10560.65,10:20:00,10568.56185617611,4,14
2018-02-16,10561.25,10563.2,10551.1,10557.05,10:25:00,10567.865488921245,4,15
2018-02-16,10559.15,10574.2,10559.15,10561.35,10:30:00,10567.035442357315,4,16
2018-02-16,10554.25,10561.45,10554.25,10558.85,10:35:00,10565.817781180427,4,17
2018-02-16,10555.85,10560.25,10553.3,10554.6,10:40:00,10564.868468687057,4,18
2018-02-16,10545.0,10558.3,10541.45,10556.85,10:45:00,10562.976233574002,4,19
2018-02-16,10547.35,10549.8,10540.25,10544.7,10:50:00,10561.488020852668,4,20
2018-02-16,10557.65,10557.8,10548.0,10548.0,10:55:00,10561.122495057176,4,21
2018-02-16,10547.6,10558.95,10547.15,10557.2,11:00:00,10559.834638385064,4,22
2018-02-16,10541.5,10547.8,10531.5,10547.5,11:05:00,10558.088482348392,4,23
2018-02-16,10544.05,10544.25,10537.3,10541.3,11:10:00,10556.751484029495,4,24
2018-02-16,10534.5,10544.2,10534.5,10544.2,11:15:00,10554.632295074309,4,25
2018-02-16,10532.6,10536.9,10528.8,10534.3,11:20:00,10552.533981257706,4,26
2018-02-16,10525.95,10532.95,10520.75,10532.8,11:25:00,10550.002173518877,4,27
2018-02-16,10506.15,10527.85,10501.1,10526.7,11:30:00,10545.825776040889,4,28
2018-02-16,10505.35,10511.0,10500.55,10506.55,11:35:00,10541.970940227471,4,29
2018-02-16,10511.05,10518.9,10504.05,10505.3,11:40:00,10539.026088777237,4,30
2018-02-16,10497.25,10511.7,10493.5,10511.5,11:45:00,10535.047413655591,4,31
2018-02-16,10498.5,10503.95,10494.15,10497.6,11:50:00,10531.566707593156,4,32
2018-02-16,10505.9,10509.5,10493.8,10498.2,11:55:00,10529.12225925095,4,33
2018-02-16,10504.7,10509.75,10499.3,10506.7,12:00:00,10526.79632979848,4,34
2018-02-16,10510.6,10514.75,10504.15,10504.4,12:05:00,10525.253822198623,4,35
2018-02-16,10514.3,10514.8,10505.5,10510.65,12:10:00,10524.21060103685,4,36
2018-02-16,10514.65,10519.6,10514.25,10514.55,12:15:00,10523.300067604769,4,37
2018-02-16,10512.1,10515.15,10510.25,10514.6,12:20:00,10522.233394499552,4,38
2018-02-16,10515.25,10524.8,10509.7,10512.5,12:25:00,10521.56830930912,4,39
2018-02-16,10517.25,10519.05,10511.2,10515.75,12:30:00,10521.15704175587,4,40
2018-02-16,10511.3,10517.65,10510.55,10517.65,12:35:00,10520.21827587436,4,41
2018-02-16,10507.2,10511.95,10503.3,10511.4,12:40:00,10518.978440076804,4,42
2018-02-16,10513.05,10514.8,10505.85,10507.1,12:45:00,10518.413826736156,4,43
2018-02-16,10505.45,10513.55,10505.25,10512.95,12:50:00,10517.179176570808,4,44
2018-02-16,10505.25,10509.75,10504.25,10505.5,12:55:00,10516.043064516443,4,45
2018-02-16,10509.85,10516.2,10501.4,10506.1,13:00:00,10515.453248848213,4,46
2018-02-16,10516.05,10516.25,10508.75,10509.8,13:05:00,10515.510082291235,4,47
2018-02-16,10517.55,10522.3,10515.9,10518.3,13:10:00,10515.704360168262,4,48
2018-02-16,10517.65,10523.2,10516.7,10517.2,13:15:00,10515.889659199856,4,49
2018-02-16,10521.5,10524.75,10515.95,10517.9,13:20:00,10516.423977371296,4,50
2018-02-16,10518.65,10523.0,10518.65,10521.3,13:25:00,10516.63597952641,4,51
2018-02-16,10502.15,10518.85,10499.9,10518.55,13:30:00,10515.256362428658,4,52
2018-02-16,10484.2,10504.15,10479.9,10502.55,13:35:00,10512.298613625928,4,53
2018-02-16,10484.25,10491.0,10482.05,10484.5,13:40:00,10509.627317090126,4,54
2018-02-16,10471.45,10484.05,10467.1,10484.05,13:45:00,10505.99138212916,4,55
2018-02-16,10469.6,10474.65,10463.9,10471.4,13:50:00,10502.5255362121,4,56
2018-02-16,10463.65,10469.85,10456.6,10469.85,13:55:00,10498.8231041919,4,57
2018-02-16,10459.5,10464.0,10449.15,10464.0,14:00:00,10495.078046649813,4,58
2018-02-16,10479.6,10481.6,10460.7,10460.7,14:05:00,10493.603946968877,4,59
2018-02-16,10484.65,10490.75,10476.95,10480.45,14:10:00,10492.751190114695,4,60
2018-02-16,10481.2,10485.8,10474.9,10485.65,14:15:00,10491.65107677044,4,61
2018-02-16,10474.95,10485.7,10474.95,10483.55,14:20:00,10490.060498030398,4,62
2018-02-16,10464.35,10477.35,10464.35,10477.35,14:25:00,10487.61187917036,4,63
2018-02-16,10463.05,10470.05,10461.65,10464.05,14:30:00,10485.272652582707,4,64
2018-02-16,10461.2,10465.95,10455.7,10464.2,14:35:00,10482.980019003402,4,65
2018-02-16,10439.5,10466.75,10434.05,10463.05,14:40:00,10478.839064812602,4,66
2018-02-16,10447.15,10448.1,10435.3,10441.1,14:45:00,10475.821058639976,4,67
2018-02-16,10443.4,10449.7,10435.5,10448.9,14:50:00,10472.733338769502,4,68
2018-02-16,10449.75,10451.65,10438.5,10445.8,14:55:00,10470.544449362884,4,69
2018-02-16,10449.65,10458.45,10449.2,10452.35,15:00:00,10468.554501804514,4,70
2018-02-16,10459.6,10460.6,10448.5,10450.75,15:05:00,10467.701692108843,4,71
2018-02-16,10455.65,10461.1,10447.6,10460.9,15:10:00,10466.553911908002,4,72
2018-02-16,10460.65,10460.7,10444.35,10456.85,15:15:00,10465.99163458343,4,73
2018-02-16,10454.25,10461.4,10450.75,10460.6,15:20:00,10464.873383670722,4,74
2018-02-16,10451.2,10454.2,10445.75,10453.55,15:25:00,10463.571156654463,4,75
2018-02-19,10423.4,10485.9,10404.9,10485.9,09:15:00,10459.74533221118,0,1
2018-02-19,10445.75,10450.85,10424.2,10424.2,09:20:00,10458.412443429164,0,2
2018-02-19,10439.95,10447.9,10432.8,10446.75,09:25:00,10456.654115483529,0,3
2018-02-19,10432.4,10447.05,10432.0,10440.2,09:30:00,10454.344199723191,0,4
2018-02-19,10422.0,10432.05,10418.35,10431.9,09:35:00,10451.263799749557,0,5
2018-02-19,10417.8,10423.0,10410.45,10422.3,09:40:00,10448.076771201975,0,6
2018-02-19,10405.15,10417.95,10400.45,10417.7,09:45:00,10443.98850727798,0,7
2018-02-19,10404.75,10420.05,10403.7,10404.9,09:50:00,10440.251506584838,0,8
2018-02-19,10393.9,10409.45,10393.9,10404.3,09:55:00,10435.837077386284,0,9
2018-02-19,10379.75,10395.25,10379.05,10393.65,10:00:00,10430.49545096854,0,10
2018-02-19,10385.3,10395.0,10379.95,10379.95,10:05:00,10426.191122304872,0,11
2018-02-19,10396.9,10397.85,10380.8,10386.0,10:10:00,10423.40149160917,0,12
2018-02-19,10401.85,10411.25,10397.05,10397.1,10:15:00,10421.348968598772,0,13
2018-02-19,10392.9,10401.8,10392.7,10401.8,10:20:00,10418.639543017936,0,14
2018-02-19,10408.2,10408.35,10392.65,10393.0,10:25:00,10417.645300825752,0,15
2018-02-19,10410.35,10413.25,10406.0,10408.1,10:30:00,10416.95051027092,0,16
2018-02-19,10406.05,10413.95,10405.25,10410.25,10:35:00,10415.912366435592,0,17
2018-02-19,10412.5,10417.05,10405.5,10405.85,10:40:00,10415.587379156012,0,18
2018-02-19,10418.6,10421.0,10411.8,10412.4,10:45:00,10415.874295426867,0,19
2018-02-19,10397.75,10418.6,10396.75,10418.4,10:50:00,10414.14817205288,0,20
2018-02-19,10395.6,10403.9,10392.25,10397.4,10:55:00,10412.381679476412,0,21
2018-02-19,10391.1,10400.75,10390.65,10395.4,11:00:00,10410.354852859611,0,22
2018-02-19,10384.45,10393.85,10382.3,10391.25,11:05:00,10407.88772401584,0,23
2018-02-19,10384.45,10392.6,10384.45,10384.55,11:10:00,10405.655559823856,0,24
2018-02-19,10398.7,10398.9,10381.05,10384.0,11:15:00,10404.993125554918,0,25
2018-02-19,10392.0,10401.85,10389.35,10398.85,11:20:00,10403.75568502588,0,26
2018-02-19,10389.05,10397.4,10388.2,10391.9,11:25:00,10402.35514359484,0,27
2018-02-19,10394.15,10396.5,10384.65,10388.75,11:30:00,10401.573701347714,0,28
2018-02-19,10393.6,10394.45,10387.8,10394.45,11:35:00,10400.81430121936,0,29
2018-02-19,10385.2,10394.0,10382.3,10393.65,11:40:00,10399.327224912757,0,30
2018-02-19,10387.5,10392.25,10382.25,10385.65,11:45:00,10398.200822540111,0,31
2018-02-19,10390.05,10393.2,10386.3,10387.8,11:50:00,10397.424553726769,0,32
2018-02-19,10401.15,10401.15,10388.75,10390.1,11:55:00,10397.779358133745,0,33
2018-02-19,10395.65,10404.95,10395.4,10401.0,12:00:00,10397.576562121005,0,34
2018-02-19,10387.7,10396.9,10387.05,10395.8,12:05:00,10396.6359371571,0,35
2018-02-19,10388.15,10389.55,10384.65,10387.6,12:10:00,10395.827752665948,0,36
2018-02-19,10386.4,10390.45,10383.65,10388.25,12:15:00,10394.929871459666,0,37
2018-02-19,10392.95,10394.5,10384.6,10386.8,12:20:00,10394.74131227303,0,38
2018-02-19,10380.0,10393.4,10379.0,10392.9,12:25:00,10393.337377770838,0,39
2018-02-19,10361.2,10380.05,10360.3,10380.05,12:30:00,10390.276675125995,0,40
2018-02-19,10365.05,10365.9,10351.4,10360.9,12:35:00,10387.874134637806,0,41
2018-02-19,10345.4,10365.8,10343.9,10365.1,12:40:00,10383.828978958016,0,42
2018-02-19,10326.25,10345.2,10325.5,10345.2,12:45:00,10378.3452666763,0,43
2018-02-19,10322.75,10330.05,10311.6,10326.1,12:50:00,10373.050479373796,0,44
2018-02-19,10337.45,10339.1,10321.9,10322.8,12:55:00,10369.659957528673,0,45
2018-02-19,10325.65,10337.75,10312.25,10337.75,13:00:00,10365.468533002131,0,46
2018-02-19,10333.3,10336.05,10324.95,10325.55,13:05:00,10362.404863192409,0,47
2018-02-19,10331.3,10339.15,10330.0,10333.9,13:10:00,10359.44249526932,0,48
2018-02-19,10337.8,10339.9,10330.45,10331.15,13:15:00,10357.38130524367,0,49
2018-02-19,10340.05,10343.65,10334.2,10338.25,13:20:00,10355.730704744274,0,50
2018-02-19,10335.35,10345.85,10334.65,10339.25,13:25:00,10353.78968524482,0,51
2018-02-19,10323.2,10335.65,10321.4,10335.45,13:30:00,10350.876381888169,0,52
2018-02-19,10323.35,10325.1,10313.95,10323.45,13:35:00,10348.254821708342,0,53
2018-02-19,10320.2,10324.75,10314.65,10323.05,13:40:00,10345.582933926597,0,54
2018-02-19,10314.15,10327.05,10308.45,10321.3,13:45:00,10342.58932117168,0,55
2018-02-19,10329.25,10329.35,10313.95,10314.25,13:50:00,10341.318909631522,0,56
2018-02-19,10332.6,10337.15,10327.8,10330.3,13:55:00,10340.488537285662,0,57
2018-02-19,10340.05,10343.7,10332.3,10334.4,14:00:00,10340.446771829886,0,58
2018-02-19,10332.05,10343.9,10331.05,10340.7,14:05:00,10339.64707927466,0,59
2018-02-19,10322.95,10335.25,10321.2,10332.9,14:10:00,10338.0568812485,0,60
2018-02-19,10328.7,10330.35,10316.45,10323.25,14:15:00,10337.165749701024,0,61
2018-02-19,10315.95,10328.4,10315.95,10328.4,14:20:00,10335.14520211045,0,62
2018-02-19,10305.1,10317.65,10302.75,10316.45,14:25:00,10332.283754290407,0,63
2018-02-19,10322.4,10322.75,10304.6,10304.6,14:30:00,10331.34244435799,0,64
2018-02-19,10342.4,10349.8,10320.85,10322.3,14:35:00,10332.395544895324,0,65
2018-02-19,10360.25,10366.6,10342.05,10342.35,14:40:00,10335.048350143388,0,66
2018-02-19,10364.05,10368.0,10356.65,10359.85,14:45:00,10337.810412034494,0,67
2018-02-19,10353.2,10369.5,10352.6,10365.05,14:50:00,10339.276087078828,0,68
2018-02-19,10358.7,10359.75,10349.55,10353.35,14:55:00,10341.12598354751,0,69
2018-02-19,10361.05,10365.8,10354.8,10358.85,15:00:00,10343.023508923938,0,70
2018-02-19,10360.4,10361.45,10351.65,10359.95,15:05:00,10344.678412835943,0,71
2018-02-19,10376.5,10378.8,10358.9,10358.9,15:10:00,10347.709040184904,0,72
2018-02-19,10392.9,10393.7,10376.15,10376.2,15:15:00,10352.012941119674,0,73
2018-02-19,10392.55,10397.15,10386.4,10393.65,15:20:00,10355.873613393993,0,74
2018-02-19,10387.3,10393.25,10384.1,10391.45,15:25:00,10358.866602594564,0,75
2018-02-20,10374.5,10402.35,10358.5,10388.3,09:15:00,10360.355497585557,1,1
2018-02-20,10391.45,10393.9,10369.55,10373.55,09:20:00,10363.316878767884,1,2
2018-02-20,10382.55,10398.4,10380.3,10391.6,09:25:00,10365.148604599512,1,3
2018-02-20,10399.75,10399.85,10382.35,10382.8,09:30:00,10368.443975590037,1,4
2018-02-20,10419.25,10419.3,10399.55,10399.55,09:35:00,10373.28264458146,1,5
2018-02-20,10423.15,10425.2,10407.7,10419.35,09:40:00,10378.031916526084,1,6
2018-02-20,10410.4,10427.25,10405.45,10422.4,09:45:00,10381.114591142648,1,7
2018-02-20,10405.8,10411.0,10398.3,10410.35,09:50:00,10383.465582462391,1,8
2018-02-20,10414.3,10415.0,10399.65,10405.9,09:55:00,10386.402193656451,1,9
2018-02-20,10414.95,10419.5,10410.85,10414.35,10:00:00,10389.121032355835,1,10
2018-02-20,10418.0,10425.35,10413.1,10414.75,10:05:00,10391.871410226711,1,11
2018-02-20,10416.75,10429.35,10415.9,10417.85,10:10:00,10394.24079972893,1,12
2018-02-20,10417.35,10420.15,10409.95,10416.0,10:15:00,10396.441675945223,1,13
2018-02-20,10421.1,10423.9,10411.55,10416.4,10:20:00,10398.790087759964,1,14
2018-02-20,10416.25,10422.6,10411.65,10422.0,10:25:00,10400.452936544729,1,15
2018-02-20,10401.95,10417.6,10399.15,10416.05,10:30:00,10400.59551401666,1,16
2018-02-20,10407.55,10408.85,10402.05,10402.05,10:35:00,10401.257846015073,1,17
2018-02-20,10409.05,10414.15,10406.6,10407.4,10:40:00,10401.9999559184,1,18
2018-02-20,10395.5,10409.2,10392.0,10409.2,10:45:00,10401.3809124976,1,19
2018-02-20,10390.3,10402.05,10389.9,10395.85,10:50:00,10400.325587497828,1,20
2018-02-20,10398.45,10398.55,10387.45,10389.7,10:55:00,10400.146960117085,1,21
2018-02-20,10400.6,10403.75,10398.1,10398.4,11:00:00,10400.190106772598,1,22
2018-02-20,10389.95,10401.15,10389.15,10400.85,11:05:00,10399.21485850854,1,23
2018-02-20,10382.45,10393.95,10382.45,10389.85,11:10:00,10397.618205317249,1,24
2018-02-20,10382.0,10383.45,10374.7,10382.6,11:15:00,10396.130757191797,1,25
2018-02-20,10385.85,10387.3,10376.15,10381.95,11:20:00,10395.151637459245,1,26
2018-02-20,10391.1,10391.1,10378.5,10385.8,11:25:00,10394.765767225032,1,27
2018-02-20,10395.15,10397.0,10386.35,10391.9,11:30:00,10394.802360822649,1,28
2018-02-20,10392.7,10398.2,10392.6,10395.0,11:35:00,10394.602135982394,1,29
2018-02-20,10391.5,10394.75,10385.9,10391.7,11:40:00,10394.30669446026,1,30
2018-02-20,10399.35,10399.35,10388.45,10389.55,11:45:00,10394.787009273568,1,31
2018-02-20,10398.6,10400.9,10394.75,10399.0,11:50:00,10395.150151247515,1,32
2018-02-20,10393.05,10398.85,10391.95,10398.5,11:55:00,10394.950136842988,1,33
2018-02-20,10388.15,10392.8,10388.15,10392.65,12:00:00,10394.302504762703,1,34
2018-02-20,10383.6,10388.1,10381.15,10388.1,12:05:00,10393.283218594826,1,35
2018-02-20,10387.5,10393.3,10383.5,10383.5,12:10:00,10392.732435871509,1,36
2018-02-20,10391.3,10391.4,10383.3,10386.85,12:15:00,10392.596013407556,1,37
2018-02-20,10388.1,10395.6,10387.9,10390.15,12:20:00,10392.167821654455,1,38
2018-02-20,10393.6,10394.35,10385.9,10387.5,12:25:00,10392.304219592126,1,39
2018-02-20,10409.95,10412.25,10393.05,10393.15,12:30:00,10393.98477010716,1,40
2018-02-20,10414.7,10416.85,10408.2,10410.05,12:35:00,10395.957649144577,1,41
2018-02-20,10416.3,10418.9,10409.15,10414.65,12:40:00,10397.895015892713,1,42
2018-02-20,10420.9,10422.9,10415.55,10415.55,12:45:00,10400.085966760073,1,43
2018-02-20,10410.55,10423.35,10410.35,10420.3,12:50:00,10401.082541354352,1,44
2018-02-20,10409.2,10412.9,10404.1,10409.7,12:55:00,10401.855632653938,1,45
2018-02-20,10403.3,10410.9,10401.75,10408.4,13:00:00,10401.9931914488,1,46
2018-02-20,10401.2,10408.35,10398.9,10403.2,13:05:00,10401.917649406058,1,47
2018-02-20,10397.3,10402.55,10397.15,10400.8,13:10:00,10401.477873272148,1,48
2018-02-20,10391.15,10396.55,10388.55,10396.55,13:15:00,10400.494266293848,1,49
2018-02-20,10395.7,10399.95,10389.45,10391.3,13:20:00,10400.03766950396,1,50
2018-02-20,10397.4,10399.3,10393.7,10397.0,13:25:00,10399.786462884536,1,51
2018-02-20,10399.35,10405.1,10396.8,10400.6,13:30:00,10399.744894990768,1,52
2018-02-20,10396.35,10400.85,10385.0,10399.55,13:35:00,10399.421571658317,1,53
2018-02-20,10401.5,10403.05,10393.3,10397.9,13:40:00,10399.619517214664,1,54
2018-02-20,10399.85,10401.45,10395.7,10401.1,13:45:00,10399.641467956126,1,55
2018-02-20,10408.1,10413.55,10398.85,10400.45,13:50:00,10400.447042436495,1,56
2018-02-20,10409.0,10410.45,10403.25,10407.7,13:55:00,10401.261609823496,1,57
2018-02-20,10404.75,10412.25,10404.5,10409.75,14:00:00,10401.593837459352,1,58
2018-02-20,10400.15,10406.05,10398.65,10405.15,14:05:00,10401.456329129893,1,59
2018-02-20,10406.4,10407.75,10395.3,10400.25,14:10:00,10401.927154927043,1,60
2018-02-20,10403.9,10408.1,10401.05,10408.1,14:15:00,10402.115044933991,1,61
2018-02-20,10397.95,10404.95,10397.95,10404.95,14:20:00,10401.718373987898,1,62
2018-02-20,10405.1,10408.05,10397.55,10398.55,14:25:00,10402.0404336081,1,63
2018-02-20,10419.0,10420.05,10405.35,10406.15,14:30:00,10403.655630407327,1,64
2018-02-20,10409.2,10419.75,10408.9,10419.45,14:35:00,10404.18366560663,1,65
2018-02-20,10414.15,10418.8,10409.35,10409.35,14:40:00,10405.132840310762,1,66
2018-02-20,10400.75,10417.5,10398.05,10416.5,14:45:00,10404.715426947832,1,67
2018-02-20,10374.6,10401.35,10364.4,10400.95,14:50:00,10401.847291048038,1,68
2018-02-20,10361.15,10375.3,10354.05,10373.95,14:55:00,10397.971358567273,1,69
2018-02-20,10370.1,10371.45,10351.9,10361.7,15:00:00,10395.316943465628,1,70
2018-02-20,10359.45,10371.95,10355.15,10369.0,15:05:00,10391.90104408795,1,71
2018-02-20,10353.15,10364.75,10349.75,10358.55,15:10:00,10388.210468460526,1,72
2018-02-20,10365.1,10365.15,10347.65,10350.1,15:15:00,10386.009471464286,1,73
2018-02-20,10359.05,10365.9,10357.6,10365.7,15:20:00,10383.441902753402,1,74
2018-02-20,10357.4,10361.8,10352.45,10358.65,15:25:00,10380.961721538792,1,75
2018-02-21,10397.9,10417.05,10388.9,10413.25,09:15:00,10382.574890916048,2,1
2018-02-21,10394.9,10400.95,10390.6,10397.45,09:20:00,10383.748710828806,2,2
2018-02-21,10384.0,10399.05,10382.85,10395.55,09:25:00,10383.772643130826,2,3
2018-02-21,10374.0,10386.9,10373.4,10384.75,09:30:00,10382.841915213605,2,4
2018-02-21,10375.1,10376.2,10368.95,10373.7,09:35:00,10382.104589955166,2,5
2018-02-21,10364.6,10375.4,10360.65,10375.4,09:40:00,10380.437486149913,2,6
2018-02-21,10355.05,10364.6,10349.6,10364.45,09:45:00,10378.019630326113,2,7
2018-02-21,10369.8,10371.85,10354.8,10355.9,09:50:00,10377.236808390291,2,8
2018-02-21,10363.5,10369.75,10359.05,10369.55,09:55:00,10375.92854092455,2,9
2018-02-21,10375.95,10381.6,10363.45,10363.45,10:00:00,10375.93058464602,2,10
2018-02-21,10365.45,10376.35,10363.25,10376.0,10:05:00,10374.93243372735,2,11
2018-02-21,10366.6,10366.6,10358.75,10366.05,10:10:00,10374.138868610458,2,12
2018-02-21,10367.65,10369.25,10363.45,10367.2,10:15:00,10373.520881123748,2,13
2018-02-21,10361.9,10367.55,10359.8,10367.55,10:20:00,10372.414130540534,2,14
2018-02-21,10364.6,10364.75,10357.1,10362.3,10:25:00,10371.669927631912,2,15
2018-02-21,10365.4,10373.45,10364.65,10364.75,10:30:00,10371.072791666968,2,16
2018-02-21,10361.45,10367.65,10358.05,10365.15,10:35:00,10370.156335317732,2,17
2018-02-21,10363.1,10364.85,10356.9,10361.05,10:40:00,10369.484303382713,2,18
2018-02-21,10367.3,10367.3,10362.0,10363.45,10:45:00,10369.27627448912,2,19
2018-02-21,10360.95,10368.2,10360.9,10367.05,10:50:00,10368.483295966347,2,20
2018-02-21,10366.0,10367.95,10358.45,10361.15,10:55:00,10368.2467915886,2,21
2018-02-21,10364.0,10367.4,10361.05,10366.2,11:00:00,10367.842335246827,2,22
2018-02-21,10369.95,10370.45,10360.2,10363.65,11:05:00,10368.04306522332,2,23
2018-02-21,10372.55,10376.7,10369.6,10370.45,11:10:00,10368.472297106817,2,24
2018-02-21,10374.0,10378.15,10371.95,10372.65,11:15:00,10368.998745001403,2,25
2018-02-21,10371.9,10374.0,10367.4,10373.9,11:20:00,10369.27505500127,2,26
2018-02-21,10374.25,10374.7,10369.5,10371.7,11:25:00,10369.748859286865,2,27
2018-02-21,10378.55,10379.55,10373.7,10374.3,11:30:00,10370.587063164305,2,28
2018-02-21,10376.5,10378.85,10371.7,10378.75,11:35:00,10371.1502000058,2,29
2018-02-21,10378.4,10379.3,10374.05,10376.35,11:40:00,10371.840657148105,2,30
2018-02-21,10385.3,10388.3,10378.5,10378.5,11:45:00,10373.122499324474,2,31
2018-02-21,10385.15,10388.7,10383.55,10385.25,11:50:00,10374.267975579283,2,32
2018-02-21,10383.1,10386.3,10379.9,10384.8,11:55:00,10375.10912076221,2,33
2018-02-21,10383.8,10384.95,10382.25,10383.95,12:00:00,10375.93682354676,2,34
2018-02-21,10383.7,10386.35,10383.4,10383.7,12:05:00,10376.676173685164,2,35
2018-02-21,10376.35,10383.8,10375.95,10383.8,12:10:00,10376.645109524672,2,36
2018-02-21,10377.25,10379.2,10374.15,10376.55,12:15:00,10376.702718141369,2,37
2018-02-21,10382.35,10384.2,10377.6,10377.6,12:20:00,10377.240554508857,2,38
2018-02-21,10376.95,10382.85,10376.3,10382.55,12:25:00,10377.21288265087,2,39
2018-02-21,10381.2,10381.5,10376.45,10377.0,12:30:00,10377.592608112693,2,40
2018-02-21,10380.9,10382.2,10378.2,10381.15,12:35:00,10377.907597816244,2,41
2018-02-21,10380.5,10383.75,10379.45,10380.75,12:40:00,10378.154493262318,2,42
2018-02-21,10371.5,10381.55,10371.2,10380.3,12:45:00,10377.52073199924,2,43
2018-02-21,10374.25,10377.15,10370.85,10371.1,12:50:00,10377.209233713598,2,44
2018-02-21,10370.1,10375.6,10365.8,10374.5,12:55:00,10376.532163836113,2,45
2018-02-21,10361.0,10372.8,10359.45,10370.0,13:00:00,10375.052910137436,2,46
2018-02-21,10367.05,10367.5,10356.75,10360.85,13:05:00,10374.290728219585,2,47
2018-02-21,10364.3,10368.95,10363.3,10367.0,13:10:00,10373.33923029391,2,48
2018-02-21,10365.3,10366.95,10362.35,10364.55,13:15:00,10372.573589313535,2,49
2018-02-21,10363.85,10371.7,10361.95,10364.65,13:20:00,10371.742771283676,2,50
2018-02-21,10355.85,10365.05,10355.6,10363.9,13:25:00,10370.229174018565,2,51
2018-02-21,10361.9,10364.7,10354.2,10355.75,13:30:00,10369.43591935013,2,52
2018-02-21,10367.35,10369.3,10357.2,10363.65,13:35:00,10369.237260364403,2,53
2018-02-21,10364.45,10370.0,10363.75,10368.55,13:40:00,10368.78133080589,2,54
2018-02-21,10365.35,10367.2,10362.0,10366.35,13:45:00,10368.454537395804,2,55
2018-02-21,10378.75,10378.9,10363.6,10366.15,13:50:00,10369.435057643825,2,56
2018-02-21,10377.75,10383.2,10377.2,10379.6,13:55:00,10370.226956915842,2,57
2018-02-21,10391.3,10392.25,10378.8,10379.95,14:00:00,10372.233913400049,2,58
2018-02-21,10385.9,10392.75,10384.2,10391.85,14:05:00,10373.535445457184,2,59
2018-02-21,10384.65,10392.3,10382.95,10387.5,14:10:00,10374.593974461262,2,60
2018-02-21,10372.95,10389.15,10372.4,10385.95,14:15:00,10374.43740546495,2,61
2018-02-21,10382.15,10382.15,10371.4,10371.4,14:20:00,10375.171938277812,2,62
2018-02-21,10377.75,10383.4,10372.55,10380.8,14:25:00,10375.41746796564,2,63
2018-02-21,10377.55,10380.1,10373.35,10379.95,14:30:00,10375.620566254627,2,64
2018-02-21,10379.35,10385.6,10377.15,10379.9,14:35:00,10375.975750420854,2,65
2018-02-21,10371.95,10381.6,10370.15,10380.65,14:40:00,10375.592345618868,2,66
2018-02-21,10375.65,10378.1,10368.15,10374.25,14:45:00,10375.597836512308,2,67
2018-02-21,10378.55,10379.35,10372.65,10377.1,14:50:00,10375.878994939709,2,68
2018-02-21,10379.25,10383.25,10378.2,10378.2,14:55:00,10376.200043040688,2,69
2018-02-21,10390.15,10390.45,10379.0,10379.9,15:00:00,10377.528610370146,2,70
2018-02-21,10403.15,10403.55,10389.2,10390.5,15:05:00,10379.968742715846,2,71
2018-02-21,10395.7,10404.45,10392.55,10403.05,15:10:00,10381.466957695293,2,72
2018-02-21,10404.9,10404.9,10395.25,10395.45,15:15:00,10383.698676010026,2,73
2018-02-21,10404.5,10409.15,10402.65,10404.6,15:20:00,10385.679754485262,2,74
2018-02-21,10399.9,10405.4,10392.7,10404.25,15:25:00,10387.034063581905,2,75
2018-02-22,10361.9,10365.05,10340.65,10350.0,09:15:00,10384.640343240771,3,1
2018-02-22,10357.75,10362.4,10350.6,10362.15,09:20:00,10382.079358170222,3,2
2018-02-22,10354.45,10358.1,10347.6,10357.6,09:25:00,10379.44799072544,3,3
2018-02-22,10345.75,10360.25,10344.8,10354.7,09:30:00,10376.238658275395,3,4
2018-02-22,10343.0,10349.9,10343.0,10345.5,09:35:00,10373.073071772978,3,5
2018-02-22,10349.2,10351.8,10341.6,10342.85,09:40:00,10370.799445889836,3,6
2018-02-22,10348.05,10351.45,10344.65,10349.3,09:45:00,10368.632831995566,3,7
2018-02-22,10360.75,10361.85,10348.15,10348.4,09:50:00,10367.882086091227,3,8
2018-02-22,10352.35,10362.25,10352.35,10360.1,09:55:00,10366.402839796823,3,9
2018-02-22,10351.6,10357.65,10349.55,10352.25,10:00:00,10364.99304553046,3,10
2018-02-22,10357.0,10357.0,10349.95,10351.05,10:05:00,10364.231803098988,3,11
2018-02-22,10357.25,10357.25,10351.85,10356.95,10:10:00,10363.566869470513,3,12
2018-02-22,10361.3,10364.25,10355.65,10357.1,10:15:00,10363.350977139988,3,13
2018-02-22,10358.1,10361.3,10356.35,10361.15,10:20:00,10362.850884079036,3,14
2018-02-22,10357.7,10359.95,10356.1,10358.2,10:25:00,10362.360323690558,3,15
2018-02-22,10354.5,10358.75,10352.5,10358.25,10:30:00,10361.611721434314,3,16
2018-02-22,10358.25,10359.1,10353.8,10354.55,10:35:00,10361.291557488188,3,17
2018-02-22,10358.55,10358.95,10356.0,10358.3,10:40:00,10361.030456775026,3,18
2018-02-22,10360.65,10362.0,10357.6,10358.8,10:45:00,10360.994222796451,3,19
2018-02-22,10360.4,10364.5,10359.7,10361.45,10:50:00,10360.937630149172,3,20
2018-02-22,10362.55,10364.1,10359.8,10360.15,10:55:00,10361.091189182584,3,21
2018-02-22,10358.35,10363.7,10356.25,10363.2,11:00:00,10360.830123546148,3,22
2018-02-22,10357.45,10360.8,10356.9,10358.4,11:05:00,10360.508207017943,3,23
2018-02-22,10357.55,10359.6,10356.1,10357.3,11:10:00,10360.226473016231,3,24
2018-02-22,10359.25,10360.25,10356.7,10357.6,11:15:00,10360.133475586115,3,25
2018-02-22,10359.65,10360.35,10356.65,10359.6,11:20:00,10360.087430292202,3,26
2018-02-22,10361.3,10362.85,10359.15,10359.6,11:25:00,10360.202913121517,3,27
2018-02-22,10359.15,10362.65,10358.7,10361.65,11:30:00,10360.10263568137,3,28
2018-02-22,10359.3,10361.7,10359.0,10359.4,11:35:00,10360.026194187907,3,29
2018-02-22,10357.2,10360.25,10355.4,10359.4,11:40:00,10359.757032836678,3,30
2018-02-22,10360.2,10361.8,10357.1,10357.45,11:45:00,10359.799220185569,3,31
2018-02-22,10359.15,10365.35,10357.95,10360.1,11:50:00,10359.737389691703,3,32
2018-02-22,10351.25,10359.95,10351.25,10359.35,11:55:00,10358.929066863922,3,33
2018-02-22,10353.15,10354.65,10350.35,10351.7,12:00:00,10358.378679543548,3,34
2018-02-22,10355.2,10356.75,10353.35,10353.75,12:05:00,10358.075948158448,3,35
2018-02-22,10354.05,10356.55,10353.7,10355.4,12:10:00,10357.692524524313,3,36
2018-02-22,10351.75,10355.45,10351.3,10354.15,12:15:00,10357.12656980771,3,37
2018-02-22,10351.5,10353.15,10349.4,10351.85,12:20:00,10356.5907060165,3,38
2018-02-22,10356.95,10357.05,10351.2,10351.45,12:25:00,10356.624924491118,3,39
2018-02-22,10356.55,10358.55,10355.45,10356.85,12:30:00,10356.617788825297,3,40
2018-02-22,10354.9,10357.45,10354.1,10356.65,12:35:00,10356.454189889551,3,41
2018-02-22,10358.6,10360.6,10354.55,10355.1,12:40:00,10356.658552757215,3,42
2018-02-22,10356.55,10359.1,10354.35,10358.65,12:45:00,10356.648214399384,3,43
2018-02-22,10352.8,10356.65,10351.4,10356.5,12:50:00,10356.28171778992,3,44
2018-02-22,10352.55,10354.2,10351.8,10352.9,12:55:00,10355.926316095642,3,45
2018-02-22,10350.6,10354.3,10350.1,10353.0,13:00:00,10355.419047896055,3,46
2018-02-22,10353.85,10354.9,10350.45,10350.8,13:05:00,10355.2696147631,3,47
2018-02-22,10357.9,10358.25,10354.0,10354.0,13:10:00,10355.520127642803,3,48
2018-02-22,10363.25,10367.4,10357.6,10357.8,13:15:00,10356.25630596254,3,49
2018-02-22,10366.4,10366.4,10362.65,10364.3,13:20:00,10357.222372061344,3,50
2018-02-22,10366.65,10373.1,10366.1,10368.1,13:25:00,10358.120241388837,3,51
2018-02-22,10361.6,10369.35,10361.45,10368.25,13:30:00,10358.451646970852,3,52
2018-02-22,10368.2,10370.4,10360.85,10363.25,13:35:00,10359.380061545058,3,53
2018-02-22,10371.05,10372.85,10366.25,10369.2,13:40:00,10360.491484255052,3,54
2018-02-22,10374.65,10378.25,10370.05,10372.05,13:45:00,10361.839914326,3,55
2018-02-22,10383.05,10391.45,10375.0,10376.4,13:50:00,10363.859922485428,3,56
2018-02-22,10384.8,10393.15,10382.8,10384.1,13:55:00,10365.854215582054,3,57
2018-02-22,10384.2,10386.5,10379.7,10386.1,14:00:00,10367.601433145668,3,58
2018-02-22,10369.05,10386.55,10368.65,10385.1,14:05:00,10367.7393918937,3,59
2018-02-22,10370.05,10371.5,10365.7,10370.45,14:10:00,10367.959449808586,3,60
2018-02-22,10366.15,10372.1,10362.0,10372.1,14:15:00,10367.787121255387,3,61
2018-02-22,10352.2,10367.25,10350.55,10367.25,14:20:00,10366.302633516778,3,62
2018-02-22,10351.4,10356.95,10342.85,10352.85,14:25:00,10364.88333508661,3,63
2018-02-22,10358.3,10361.0,10348.85,10352.6,14:30:00,10364.256350792646,3,64
2018-02-22,10361.15,10368.25,10355.3,10358.7,14:35:00,10363.960507860013,3,65
2018-02-22,10358.1,10365.1,10356.65,10362.15,14:40:00,10363.402364254298,3,66
2018-02-22,10357.9,10359.25,10353.5,10358.75,14:45:00,10362.878329563411,3,67
2018-02-22,10352.4,10358.2,10350.6,10358.0,14:50:00,10361.880393414518,3,68
2018-02-22,10370.3,10370.3,10351.9,10351.9,14:55:00,10362.682260708374,3,69
2018-02-22,10392.45,10397.55,10369.3,10369.9,15:00:00,10365.517283498051,3,70
2018-02-22,10384.25,10392.5,10380.6,10392.5,15:05:00,10367.301351736334,3,71
2018-02-22,10380.35,10388.2,10377.25,10382.3,15:10:00,10368.544080142396,3,72
2018-02-22,10381.3,10383.55,10377.05,10379.35,15:15:00,10369.758929652646,3,73
2018-02-22,10382.95,10382.95,10376.45,10379.4,15:20:00,10371.01522206668,3,74
2018-02-22,10376.25,10381.95,10373.9,10380.45,15:25:00,10371.513772346045,3,75
2018-02-23,10420.4,10423.55,10396.65,10403.35,09:15:00,10376.169603551183,4,1
2018-02-23,10422.45,10426.4,10415.15,10419.55,09:20:00,10380.577260355833,4,2
2018-02-23,10417.6,10422.05,10412.95,10421.6,09:25:00,10384.103235560038,4,3
2018-02-23,10408.2,10419.25,10404.25,10418.0,09:30:00,10386.398165506702,4,4
2018-02-23,10412.2,10415.0,10407.7,10408.7,09:35:00,10388.855483077492,4,5
2018-02-23,10412.0,10416.2,10408.55,10412.1,09:40:00,10391.059722784395,4,6
2018-02-23,10420.55,10421.95,10409.75,10411.65,09:45:00,10393.868320614454,4,7
2018-02-23,10424.15,10424.4,10418.5,10420.05,09:50:00,10396.752290079745,4,8
2018-02-23,10419.45,10427.55,10416.95,10424.3,09:55:00,10398.913976738815,4,9
2018-02-23,10417.2,10426.65,10417.05,10419.3,10:00:00,10400.655502763691,4,10
2018-02-23,10416.55,10421.8,10411.0,10417.45,10:05:00,10402.169264405244,4,11
2018-02-23,10416.0,10417.0,10410.5,10416.6,10:10:00,10403.48647731903,4,12
2018-02-23,10411.95,10418.1,10411.45,10415.65,10:15:00,10404.29252709817,4,13
2018-02-23,10433.8,10434.35,10411.9,10412.35,10:20:00,10407.10276261263,4,14
2018-02-23,10432.75,10435.0,10429.1,10433.5,10:25:00,10409.545356649523,4,15
2018-02-23,10436.7,10440.65,10432.55,10432.65,10:30:00,10412.131513159093,4,16
2018-02-23,10433.55,10437.1,10431.9,10436.9,10:35:00,10414.171369048703,4,17
2018-02-23,10437.55,10442.9,10433.45,10433.7,10:40:00,10416.39790532978,4,18
2018-02-23,10438.9,10439.55,10434.5,10437.4,10:45:00,10418.540961965038,4,19
2018-02-23,10434.55,10440.8,10434.4,10439.6,10:50:00,10420.065632254082,4,20
2018-02-23,10432.45,10435.15,10431.95,10434.6,10:55:00,10421.245095848932,4,21
2018-02-23,10427.4,10432.45,10425.7,10432.2,11:00:00,10421.831277196654,4,22
2018-02-23,10428.45,10433.9,10427.0,10427.55,11:05:00,10422.461631749353,4,23
2018-02-23,10427.35,10428.5,10422.4,10428.2,11:10:00,10422.927190630367,4,24
2018-02-23,10427.2,10428.45,10424.35,10427.2,11:15:00,10423.334124856048,4,25
2018-02-23,10429.5,10432.1,10426.55,10427.35,11:20:00,10423.921351060231,4,26
2018-02-23,10435.45,10435.45,10428.05,10429.3,11:25:00,10425.019317625924,4,27
2018-02-23,10440.35,10440.35,10433.35,10435.55,11:30:00,10426.479382613934,4,28
2018-02-23,10447.1,10447.85,10440.55,10440.55,11:35:00,10428.443250936418,4,29
2018-02-23,10454.7,10457.65,10447.5,10447.65,11:40:00,10430.943893704378,4,30
2018-02-23,10464.8,10468.35,10454.0,10454.5,11:45:00,10434.168284780151,4,31
2018-02-23,10473.25,10474.75,10462.95,10464.15,11:50:00,10437.890352896327,4,32
2018-02-23,10466.25,10473.55,10463.0,10473.55,11:55:00,10440.591271668103,4,33
2018-02-23,10464.75,10467.9,10462.85,10465.85,12:00:00,10442.892102937809,4,34
2018-02-23,10466.65,10468.05,10460.2,10464.8,12:05:00,10445.154759800876,4,35
2018-02-23,10460.05,10466.75,10459.45,10466.45,12:10:00,10446.573354105552,4,36
2018-02-23,10471.8,10473.8,10459.3,10460.15,12:15:00,10448.975891809783,4,37
2018-02-23,10466.15,10473.6,10465.7,10471.85,12:20:00,10450.611521161234,4,38
2018-02-23,10467.45,10469.1,10462.9,10465.95,12:25:00,10452.215185812543,4,39
2018-02-23,10466.45,10468.35,10464.7,10467.35,12:30:00,10453.570882401826,4,40
2018-02-23,10473.5,10477.9,10464.7,10466.95,12:35:00,10455.468893601652,4,41
2018-02-23,10474.2,10476.05,10473.15,10473.65,12:40:00,10457.252808496733,4,42
2018-02-23,10468.55,10475.35,10465.95,10474.3,12:45:00,10458.328731497044,4,43
2018-02-23,10471.65,10472.1,10465.85,10468.15,12:50:00,10459.59742373542,4,44
2018-02-23,10469.9,10471.6,10468.35,10471.2,12:55:00,10460.578621474904,4,45
2018-02-23,10472.75,10473.05,10467.65,10469.95,13:00:00,10461.737800382056,4,46
2018-02-23,10470.05,10473.35,10468.75,10472.7,13:05:00,10462.529438440908,4,47
2018-02-23,10476.6,10476.6,10469.1,10469.65,13:10:00,10463.869491922726,4,48
2018-02-23,10481.95,10482.65,10476.05,10476.05,13:15:00,10465.59144507294,4,49
2018-02-23,10482.65,10484.45,10479.7,10481.4,13:20:00,10467.216069351707,4,50
2018-02-23,10482.8,10483.95,10479.45,10482.35,13:25:00,10468.700253222974,4,51
2018-02-23,10488.25,10488.35,10476.7,10484.55,13:30:00,10470.562133868403,4,52
2018-02-23,10486.45,10494.45,10485.7,10490.25,13:35:00,10472.075263976176,4,53
2018-02-23,10485.8,10490.1,10484.25,10487.7,13:40:00,10473.38238169273,4,54
2018-02-23,10477.5,10488.55,10475.75,10486.85,13:45:00,10473.774535817232,4,55
2018-02-23,10482.25,10482.75,10472.95,10480.4,13:50:00,10474.581722882258,4,56
2018-02-23,10480.1,10483.35,10476.4,10483.05,13:55:00,10475.107273083948,4,57
2018-02-23,10479.15,10487.25,10479.15,10482.2,14:00:00,10475.492294695,4,58
2018-02-23,10478.25,10482.4,10475.1,10480.45,14:05:00,10475.754933295477,4,59
2018-02-23,10480.35,10483.6,10477.8,10479.65,14:10:00,10476.192558695908,4,60
2018-02-23,10476.8,10484.7,10475.05,10482.4,14:15:00,10476.250410248678,4,61
2018-02-23,10482.45,10483.05,10472.7,10477.6,14:20:00,10476.840847367852,4,62
2018-02-23,10484.0,10486.5,10479.5,10484.3,14:25:00,10477.522671428056,4,63
2018-02-23,10475.95,10485.85,10475.2,10483.55,14:30:00,10477.372893196813,4,64
2018-02-23,10487.55,10494.5,10475.95,10477.1,14:35:00,10478.34214146378,4,65
2018-02-23,10490.8,10491.4,10486.3,10489.95,14:40:00,10479.528604181516,4,66
2018-02-23,10490.8,10496.5,10488.9,10492.35,14:45:00,10480.602070449942,4,67
2018-02-23,10483.75,10492.35,10480.95,10492.35,14:50:00,10480.901873264234,4,68
2018-02-23,10484.55,10486.75,10480.15,10485.55,14:55:00,10481.249313905735,4,69
2018-02-23,10489.15,10494.0,10484.6,10484.85,15:00:00,10482.001760200428,4,70
2018-02-23,10486.1,10491.7,10483.7,10489.1,15:05:00,10482.392068752768,4,71
2018-02-23,10487.25,10490.95,10484.85,10486.0,15:10:00,10482.85472887155,4,72
2018-02-23,10494.5,10494.75,10485.0,10487.55,15:15:00,10483.963802312355,4,73
2018-02-23,10496.8,10499.1,10493.15,10494.75,15:20:00,10485.186297330229,4,74
2018-02-23,10491.5,10497.6,10489.45,10496.7,15:25:00,10485.787602346394,4,75
2018-02-26,10528.75,10536.8,10520.2,10524.15,09:15:00,10489.879259265785,0,1
2018-02-26,10532.8,10535.2,10528.25,10529.1,09:20:00,10493.96694885952,0,2
2018-02-26,10542.9,10546.6,10533.5,10533.5,09:25:00,10498.627239444328,0,3
2018-02-26,10531.15,10544.5,10531.15,10543.0,09:30:00,10501.724645211536,0,4
2018-02-26,10531.75,10533.9,10525.55,10530.9,09:35:00,10504.584202810436,0,5
2018-02-26,10545.45,10545.85,10530.85,10531.45,09:40:00,10508.476183495157,0,6
2018-02-26,10548.7,10553.5,10543.25,10545.75,09:45:00,10512.307023162284,0,7
2018-02-26,10549.75,10551.75,10546.15,10548.8,09:50:00,10515.873020956353,0,8
2018-02-26,10552.45,10552.45,10544.45,10549.3,09:55:00,10519.356542770034,0,9
2018-02-26,10555.45,10563.2,10552.0,10552.0,10:00:00,10522.794014887171,0,10
2018-02-26,10556.05,10560.8,10554.7,10555.3,10:05:00,10525.961251564586,0,11
2018-02-26,10562.05,10563.45,10555.1,10555.8,10:10:00,10529.3982752251,0,12
2018-02-26,10566.0,10569.8,10562.2,10562.3,10:15:00,10532.88415377509,0,13
2018-02-26,10566.0,10569.05,10561.25,10565.95,10:20:00,10536.038043891747,0,14
2018-02-26,10569.55,10572.4,10562.9,10565.25,10:25:00,10539.2296587592,0,15
2018-02-26,10569.9,10571.45,10567.85,10568.85,10:30:00,10542.150643639276,0,16
2018-02-26,10573.5,10578.7,10569.6,10569.95,10:35:00,10545.136296626011,0,17
2018-02-26,10561.45,10573.65,10560.8,10572.8,10:40:00,10546.689982661632,0,18
2018-02-26,10561.75,10563.7,10560.15,10560.9,10:45:00,10548.12427002719,0,19
2018-02-26,10558.3,10561.8,10557.45,10561.45,10:50:00,10549.093387167455,0,20
2018-02-26,10563.7,10563.95,10557.45,10558.0,10:55:00,10550.484493151507,0,21
2018-02-26,10566.9,10567.55,10562.9,10563.4,11:00:00,10552.047874756126,0,22
2018-02-26,10572.65,10573.4,10566.55,10566.55,11:05:00,10554.009981922209,0,23
2018-02-26,10571.15,10574.9,10569.65,10572.7,11:10:00,10555.642364596284,0,24
2018-02-26,10566.0,10571.75,10564.4,10570.95,11:15:00,10556.628806063303,0,25
2018-02-26,10565.35,10568.9,10564.45,10565.45,11:20:00,10557.459395962038,0,26
2018-02-26,10562.6,10565.4,10562.3,10565.15,11:25:00,10557.948977298987,0,27
2018-02-26,10561.35,10563.55,10559.4,10562.5,11:30:00,10558.272884222892,0,28
2018-02-26,10559.55,10563.2,10558.85,10560.95,11:35:00,10558.394514296902,0,29
2018-02-26,10565.05,10565.05,10559.0,10559.2,11:40:00,10559.028370078153,0,30
2018-02-26,10562.9,10565.3,10560.2,10564.65,11:45:00,10559.397096737375,0,31
2018-02-26,10561.0,10564.0,10559.35,10562.35,11:50:00,10559.549754190955,0,32
2018-02-26,10560.65,10561.4,10558.0,10560.45,11:55:00,10559.654539506104,0,33
2018-02-26,10564.3,10564.5,10559.95,10560.0,12:00:00,10560.096964315046,0,34
2018-02-26,10564.45,10566.2,10562.45,10564.1,12:05:00,10560.511539142184,0,35
2018-02-26,10565.7,10568.7,10564.2,10564.35,12:10:00,10561.0056782715,0,36
2018-02-26,10562.3,10567.3,10561.65,10564.8,12:15:00,10561.128947007546,0,37
2018-02-26,10566.3,10566.7,10561.9,10561.9,12:20:00,10561.621428244922,0,38
2018-02-26,10566.05,10566.9,10562.2,10565.85,12:25:00,10562.0431969835,0,39
2018-02-26,10566.35,10566.8,10564.6,10565.75,12:30:00,10562.453368699358,0,40
2018-02-26,10568.0,10569.0,10565.15,10565.7,12:35:00,10562.98161929942,0,41
2018-02-26,10564.25,10568.05,10563.1,10567.75,12:40:00,10563.10241746138,0,42
2018-02-26,10562.5,10565.15,10561.8,10564.0,12:45:00,10563.045044369825,0,43
2018-02-26,10564.2,10564.2,10561.6,10561.95,12:50:00,10563.155040144124,0,44
2018-02-26,10562.7,10566.05,10561.35,10563.85,12:55:00,10563.111702987542,0,45
2018-02-26,10567.0,10569.2,10561.75,10562.5,13:00:00,10563.482016988728,0,46
2018-02-26,10568.15,10572.65,10566.65,10566.65,13:05:00,10563.926586799324,0,47
2018-02-26,10567.7,10568.65,10565.7,10568.25,13:10:00,10564.285959485103,0,48
2018-02-26,10567.2,10567.85,10562.9,10567.85,13:15:00,10564.56348715319,0,49
2018-02-26,10571.7,10571.9,10565.75,10566.85,13:20:00,10565.243155043365,0,50
2018-02-26,10569.25,10571.75,10568.0,10571.65,13:25:00,10565.624759324948,0,51
2018-02-26,10578.85,10583.95,10566.45,10569.15,13:30:00,10566.884306055905,0,52
2018-02-26,10581.75,10582.6,10576.45,10578.6,13:35:00,10568.300086431533,0,53
2018-02-26,10577.6,10583.8,10576.1,10581.3,13:40:00,10569.185792485672,0,54
2018-02-26,10577.25,10580.3,10576.55,10577.65,13:45:00,10569.95381224894,0,55
2018-02-26,10581.0,10581.6,10575.5,10577.35,13:50:00,10571.005830129994,0,56
2018-02-26,10583.1,10584.45,10578.9,10580.95,13:55:00,10572.1576558319,0,57
2018-02-26,10580.95,10587.25,10580.4,10584.8,14:00:00,10572.995021943148,0,58
2018-02-26,10589.2,10589.8,10581.0,10581.0,14:05:00,10574.53835318666,0,59
2018-02-26,10582.5,10589.5,10580.7,10588.9,14:10:00,10575.29660526412,0,60
2018-02-26,10577.35,10582.85,10571.3,10582.1,14:15:00,10575.492166667538,0,61
2018-02-26,10578.05,10580.5,10575.75,10576.55,14:20:00,10575.735769842058,0,62
2018-02-26,10586.55,10587.65,10576.2,10578.2,14:25:00,10576.765696523767,0,63
2018-02-26,10591.0,10591.0,10584.2,10586.0,14:30:00,10578.121344473884,0,64
2018-02-26,10585.35,10592.9,10583.35,10591.2,14:35:00,10578.809787857324,0,65
2018-02-26,10586.6,10591.0,10584.35,10585.65,14:40:00,10579.551712823291,0,66
2018-02-26,10588.15,10588.15,10582.25,10585.95,14:45:00,10580.370597316312,0,67
2018-02-26,10587.75,10592.95,10584.6,10587.75,14:50:00,10581.0733975719,0,68
2018-02-26,10588.55,10590.5,10587.3,10587.6,14:55:00,10581.785454946004,0,69
2018-02-26,10587.25,10588.35,10580.25,10588.25,15:00:00,10582.305887808288,0,70
2018-02-26,10584.05,10588.65,10583.5,10587.7,15:05:00,10582.47199373131,0,71
2018-02-26,10586.6,10586.9,10576.9,10583.55,15:10:00,10582.86513718547,0,72
2018-02-26,10580.3,10586.55,10579.4,10586.55,15:15:00,10582.6208384059,0,73
2018-02-26,10581.55,10584.4,10578.8,10580.75,15:20:00,10582.518853795817,0,74
2018-02-26,10577.95,10583.9,10576.7,10581.65,15:25:00,10582.08372486288,0,75
2018-02-27,10614.45,10620.7,10603.8,10611.9,09:15:00,10585.16622725689,1,1
2018-02-27,10627.6,10629.4,10615.7,10615.7,09:20:00,10589.20753894671,1,2
2018-02-27,10623.05,10631.65,10618.8,10627.65,09:25:00,10592.430630475596,1,3
2018-02-27,10597.9,10622.85,10596.05,10622.85,09:30:00,10592.951522811254,1,4
2018-02-27,10575.8,10598.25,10572.65,10598.25,09:35:00,10591.31804444828,1,5
2018-02-27,10591.75,10593.0,10575.5,10576.2,09:40:00,10591.359183072253,1,6
2018-02-27,10591.6,10599.25,10590.3,10591.8,09:45:00,10591.382118017753,1,7
2018-02-27,10588.05,10592.4,10582.45,10591.9,09:50:00,10591.064773444634,1,8
2018-02-27,10589.85,10593.8,10588.0,10588.0,09:55:00,10590.94908073562,1,9
2018-02-27,10584.65,10589.9,10582.95,10589.8,10:00:00,10590.349168284609,1,10
2018-02-27,10576.1,10585.3,10575.5,10583.6,10:05:00,10588.992104638452,1,11
2018-02-27,10571.45,10576.95,10565.75,10576.45,10:10:00,10587.321428006218,1,12
2018-02-27,10565.6,10578.05,10565.05,10571.65,10:15:00,10585.252720577057,1,13
2018-02-27,10554.85,10566.55,10541.0,10565.5,10:20:00,10582.35722337924,1,14
2018-02-27,10556.45,10562.8,10553.3,10554.75,10:25:00,10579.889868771694,1,15
2018-02-27,10560.1,10562.95,10552.25,10557.05,10:30:00,10578.005119364869,1,16
2018-02-27,10565.45,10567.65,10560.05,10560.05,10:35:00,10576.80939371107,1,17
2018-02-27,10572.35,10572.35,10562.6,10565.8,10:40:00,10576.384689548113,1,18
2018-02-27,10576.7,10577.15,10567.05,10572.4,10:45:00,10576.414719114957,1,19
2018-02-27,10573.6,10577.05,10571.75,10576.85,10:50:00,10576.146650627818,1,20
2018-02-27,10571.1,10573.75,10568.6,10573.5,10:55:00,10575.666017234693,1,21
2018-02-27,10569.75,10572.45,10568.2,10571.45,11:00:00,10575.102587021864,1,22
2018-02-27,10573.3,10574.55,10569.5,10569.9,11:05:00,10574.9309120674,1,23
2018-02-27,10578.5,10579.05,10571.5,10573.5,11:10:00,10575.27082520384,1,24
2018-02-27,10572.75,10578.6,10572.0,10578.35,11:15:00,10575.030746612996,1,25
2018-02-27,10574.9,10575.7,10572.25,10573.0,11:20:00,10575.018294554617,1,26
2018-02-27,10577.05,10578.55,10573.15,10574.95,11:25:00,10575.21179031132,1,27
2018-02-27,10570.2,10577.85,10570.1,10577.2,11:30:00,10574.734476948335,1,28
2018-02-27,10566.7,10572.45,10566.3,10570.05,11:35:00,10573.969288667542,1,29
2018-02-27,10561.6,10566.8,10561.55,10566.8,11:40:00,10572.791261175396,1,30
2018-02-27,10563.35,10564.7,10559.1,10561.95,11:45:00,10571.892093444403,1,31
2018-02-27,10564.45,10565.5,10563.05,10563.45,11:50:00,10571.183322640176,1,32
2018-02-27,10558.65,10565.0,10558.25,10564.65,11:55:00,10569.989672864922,1,33
2018-02-27,10555.35,10560.8,10554.7,10558.8,12:00:00,10568.595418306357,1,34
2018-02-27,10555.1,10556.75,10551.4,10555.1,12:05:00,10567.310140372418,1,35
2018-02-27,10549.75,10556.7,10548.85,10554.85,12:10:00,10565.637746051236,1,36
2018-02-27,10544.75,10552.1,10542.2,10549.85,12:15:00,10563.6484369035,1,37
2018-02-27,10545.75,10547.15,10543.65,10544.8,12:20:00,10561.943823865073,1,38
2018-02-27,10543.65,10546.25,10543.05,10546.0,12:25:00,10560.20155492554,1,39
2018-02-27,10544.85,10545.35,10539.45,10543.45,12:30:00,10558.739502075488,1,40
2018-02-27,10550.2,10551.25,10544.2,10545.1,12:35:00,10557.926216163536,1,41
2018-02-27,10553.6,10554.05,10547.45,10549.95,12:40:00,10557.514195576534,1,42
2018-02-27,10554.05,10554.25,10551.25,10553.8,12:45:00,10557.184272188291,1,43
2018-02-27,10555.95,10556.45,10552.45,10553.9,12:50:00,10557.066722456077,1,44
2018-02-27,10551.5,10556.75,10550.8,10556.25,12:55:00,10556.53655841264,1,45
2018-02-27,10548.45,10552.15,10544.1,10552.15,13:00:00,10555.766409992388,1,46
2018-02-27,10547.75,10549.05,10544.75,10547.7,13:05:00,10555.002942374063,1,47
2018-02-27,10549.4,10550.0,10546.4,10547.4,13:10:00,10554.469328814632,1,48
2018-02-27,10551.65,10553.5,10549.45,10549.45,13:15:00,10554.200821308475,1,49
2018-02-27,10562.7,10564.7,10551.25,10551.9,13:20:00,10555.010266898144,1,50
2018-02-27,10562.95,10564.3,10560.6,10562.65,13:25:00,10555.766431955464,1,51
2018-02-27,10564.4,10566.4,10561.65,10563.2,13:30:00,10556.588676531132,1,52
2018-02-27,10559.2,10565.1,10555.4,10564.35,13:35:00,10556.83737400436,1,53
2018-02-27,10560.25,10563.7,10557.35,10559.4,13:40:00,10557.162386003944,1,54
2018-02-27,10554.75,10561.1,10552.7,10560.35,13:45:00,10556.932634955949,1,55
2018-02-27,10543.1,10554.0,10540.45,10554.0,13:50:00,10555.61524115062,1,56
2018-02-27,10550.7,10551.75,10537.25,10543.15,13:55:00,10555.1471229458,1,57
2018-02-27,10547.0,10550.9,10543.85,10550.55,14:00:00,10554.371206474772,1,58
2018-02-27,10550.5,10554.6,10547.15,10547.2,14:05:00,10554.00252014384,1,59
2018-02-27,10556.35,10557.15,10549.55,10550.2,14:10:00,10554.22608965395,1,60
2018-02-27,10550.65,10557.6,10548.5,10556.5,14:15:00,10553.885509686908,1,61
2018-02-27,10543.15,10551.05,10543.15,10550.7,14:20:00,10552.863080192918,1,62
2018-02-27,10550.15,10555.2,10541.5,10542.9,14:25:00,10552.604691603115,1,63
2018-02-27,10552.6,10556.75,10550.15,10550.55,14:30:00,10552.604244783772,1,64
2018-02-27,10552.95,10555.65,10549.15,10553.0,14:35:00,10552.637173851985,1,65
2018-02-27,10550.25,10557.15,10549.3,10553.45,14:40:00,10552.409823961318,1,66
2018-02-27,10547.8,10551.8,10545.4,10550.75,14:45:00,10551.970793107856,1,67
2018-02-27,10553.55,10556.1,10547.4,10547.6,14:50:00,10552.121193764253,1,68
2018-02-27,10554.1,10560.25,10552.9,10553.95,14:55:00,10552.309651500991,1,69
2018-02-27,10563.35,10563.35,10553.3,10555.15,15:00:00,10553.3611132628,1,70
2018-02-27,10555.85,10563.25,10555.25,10563.05,15:05:00,10553.598150094916,1,71
2018-02-27,10556.05,10556.1,10551.45,10556.1,15:10:00,10553.831659609688,1,72
2018-02-27,10555.7,10556.8,10546.3,10555.95,15:15:00,10554.009596789716,1,73
2018-02-27,10555.3,10555.8,10549.1,10554.9,15:20:00,10554.132492333552,1,74
2018-02-27,10551.25,10558.7,10550.35,10555.8,15:25:00,10553.857969254166,1,75
2018-02-28,10477.0,10484.55,10465.05,10484.45,09:15:00,10546.538162658531,2,1
2018-02-28,10469.3,10480.5,10467.3,10476.9,09:20:00,10539.182147167245,2,2
2018-02-28,10481.1,10481.1,10461.55,10468.9,09:25:00,10533.650514103696,2,3
2018-02-28,10488.45,10489.95,10477.45,10481.3,09:30:00,10529.345703236677,2,4
2018-02-28,10489.15,10493.15,10485.45,10488.4,09:35:00,10525.51754102366,2,5
2018-02-28,10493.9,10494.45,10487.35,10489.05,09:40:00,10522.506346640454,2,6
2018-02-28,10486.95,10498.8,10486.85,10493.3,09:45:00,10519.120027912792,2,7
2018-02-28,10494.6,10495.4,10485.75,10486.45,09:50:00,10516.784787159191,2,8
2018-02-28,10484.25,10495.95,10483.95,10494.5,09:55:00,10513.686236001176,2,9
2018-02-28,10482.2,10485.95,10480.85,10483.5,10:00:00,10510.687546858206,2,10
2018-02-28,10491.25,10494.2,10481.85,10481.9,10:05:00,10508.836351919328,2,11
2018-02-28,10496.85,10497.4,10490.35,10490.75,10:10:00,10507.69479459368,2,12
2018-02-28,10499.2,10500.45,10492.95,10496.55,10:15:00,10506.885766537138,2,13
2018-02-28,10495.9,10501.95,10492.95,10499.1,10:20:00,10505.83950305741,2,14
2018-02-28,10491.5,10497.45,10491.4,10496.1,10:25:00,10504.473836099562,2,15
2018-02-28,10496.5,10499.25,10489.6,10491.05,10:30:00,10503.7144231377,2,16
2018-02-28,10501.4,10504.45,10496.25,10496.45,10:35:00,10503.494001886487,2,17
2018-02-28,10501.5,10507.95,10500.65,10501.0,10:40:00,10503.30409694492,2,18
2018-02-28,10498.6,10501.55,10497.0,10501.45,10:45:00,10502.85608771207,2,19
2018-02-28,10502.5,10504.1,10498.05,10498.35,10:50:00,10502.822174596637,2,20
2018-02-28,10505.3,10507.85,10502.45,10502.45,10:55:00,10503.058157968386,2,21
2018-02-28,10495.55,10507.25,10493.85,10505.15,11:00:00,10502.34309530473,2,22
2018-02-28,10495.3,10497.05,10492.55,10495.35,11:05:00,10501.672324323326,2,23
2018-02-28,10501.1,10501.1,10493.85,10495.05,11:10:00,10501.617817244914,2,24
2018-02-28,10499.75,10502.4,10498.7,10500.8,11:15:00,10501.439929888256,2,25
2018-02-28,10502.8,10503.85,10498.9,10499.6,11:20:00,10501.569460375087,2,26
2018-02-28,10501.9,10503.95,10499.35,10502.25,11:25:00,10501.600940339364,2,27
2018-02-28,10499.95,10504.55,10499.75,10502.3,11:30:00,10501.443707926092,2,28
2018-02-28,10496.8,10499.95,10495.75,10499.6,11:35:00,10501.001450028369,2,29
2018-02-28,10502.55,10503.75,10496.7,10496.7,11:40:00,10501.148930978048,2,30
2018-02-28,10503.4,10504.15,10500.75,10502.6,11:45:00,10501.363318503949,2,31
2018-02-28,10503.6,10505.1,10501.8,10503.05,11:50:00,10501.576335789288,2,32
2018-02-28,10504.05,10505.05,10502.55,10503.55,11:55:00,10501.811922856976,2,33
2018-02-28,10504.15,10506.9,10502.0,10504.0,12:00:00,10502.034596870595,2,34
2018-02-28,10502.1,10504.65,10501.8,10504.35,12:05:00,10502.040825740063,2,35
2018-02-28,10496.7,10503.25,10495.95,10502.35,12:10:00,10501.53217566958,2,36
2018-02-28,10495.15,10496.6,10491.2,10496.6,12:15:00,10500.924349415334,2,37
2018-02-28,10501.25,10501.25,10494.7,10495.0,12:20:00,10500.955363756731,2,38
2018-02-28,10497.4,10502.85,10496.65,10500.75,12:25:00,10500.616757684662,2,39
2018-02-28,10500.35,10501.8,10497.05,10497.25,12:30:00,10500.591352190884,2,40
2018-02-28,10496.1,10500.7,10493.3,10500.05,12:35:00,10500.16360436318,2,41
2018-02-28,10496.95,10498.75,10495.05,10496.05,12:40:00,10499.857546804784,2,42
2018-02-28,10493.35,10497.05,10493.0,10496.65,12:45:00,10499.237780442423,2,43
2018-02-28,10491.85,10495.7,10491.85,10493.25,12:50:00,10498.53418230505,2,44
2018-02-28,10483.85,10492.75,10482.85,10491.8,12:55:00,10497.135688752189,2,45
2018-02-28,10478.75,10483.5,10478.05,10483.5,13:00:00,10495.384670775791,2,46
2018-02-28,10481.75,10484.65,10478.5,10479.2,13:05:00,10494.086130701906,2,47
2018-02-28,10493.55,10498.9,10480.45,10482.8,13:10:00,10494.035070635058,2,48
2018-02-28,10492.75,10496.25,10490.1,10494.7,13:15:00,10493.912682955528,2,49
2018-02-28,10487.1,10494.75,10486.8,10494.15,13:20:00,10493.263856007385,2,50
2018-02-28,10473.8,10489.0,10473.15,10489.0,13:25:00,10491.410155435253,2,51
2018-02-28,10467.5,10479.6,10466.4,10475.45,13:30:00,10489.13299777475,2,52
2018-02-28,10476.25,10477.45,10466.4,10466.45,13:35:00,10487.906045605729,2,53
2018-02-28,10477.5,10480.55,10474.4,10476.0,13:40:00,10486.914993643277,2,54
2018-02-28,10472.5,10479.5,10471.8,10478.3,13:45:00,10485.542137105822,2,55
2018-02-28,10475.5,10478.95,10470.45,10474.1,13:50:00,10484.585743095744,2,56
2018-02-28,10479.5,10480.8,10475.35,10477.1,13:55:00,10484.101386610437,2,57
2018-02-28,10485.3,10488.9,10477.85,10480.65,14:00:00,10484.215540266585,2,58
2018-02-28,10488.2,10491.7,10484.25,10484.45,14:05:00,10484.595012622149,2,59
2018-02-28,10494.8,10496.95,10486.85,10487.85,14:10:00,10485.566916181944,2,60
2018-02-28,10502.1,10509.7,10495.15,10495.75,14:15:00,10487.141495593189,2,61
2018-02-28,10508.1,10514.75,10502.05,10502.05,14:20:00,10489.137543631932,2,62
2018-02-28,10507.7,10510.85,10502.2,10509.05,14:25:00,10490.905396619368,2,63
2018-02-28,10506.55,10515.6,10506.15,10509.7,14:30:00,10492.395358846095,2,64
2018-02-28,10518.2,10518.2,10506.25,10507.45,14:35:00,10494.852943717897,2,65
2018-02-28,10515.3,10521.0,10515.3,10519.45,14:40:00,10496.800282411432,2,66
2018-02-28,10520.1,10521.7,10515.35,10516.7,14:45:00,10499.019303134151,2,67
2018-02-28,10532.4,10535.5,10518.7,10520.6,14:50:00,10502.198417121375,2,68
2018-02-28,10528.05,10531.45,10520.0,10531.2,14:55:00,10504.660472633625,2,69
2018-02-28,10500.0,10528.45,10500.0,10528.45,15:00:00,10504.216618097087,2,70
2018-02-28,10492.7,10506.25,10492.7,10499.6,15:05:00,10503.119797325937,2,71
2018-02-28,10492.25,10495.05,10487.7,10492.85,15:10:00,10502.084578532991,2,72
2018-02-28,10479.95,10493.05,10479.95,10492.7,15:15:00,10499.976523434612,2,73
2018-02-28,10481.25,10482.95,10474.9,10480.15,15:20:00,10498.193045012267,2,74
2018-02-28,10488.35,10489.1,10479.75,10481.55,15:25:00,10497.255612153958,2,75
2018-03-01,10506.95,10518.7,10475.2,10478.55,09:15:00,10498.178887186914,3,1
2018-03-01,10521.1,10521.65,10506.7,10507.45,09:20:00,10500.36185031197,3,2
2018-03-01,10513.55,10525.5,10509.7,10521.55,09:25:00,10501.617864567972,3,3
2018-03-01,10518.05,10518.05,10509.55,10513.1,09:30:00,10503.182829847214,3,4
2018-03-01,10509.15,10519.75,10508.25,10518.1,09:35:00,10503.751131766528,3,5
2018-03-01,10505.6,10509.55,10494.9,10508.55,09:40:00,10503.927214455429,3,6
2018-03-01,10492.05,10507.2,10489.35,10506.05,09:45:00,10502.79605117396,3,7
2018-03-01,10489.35,10495.1,10486.55,10492.1,09:50:00,10501.515474871678,3,8
2018-03-01,10497.0,10499.0,10487.8,10489.4,09:55:00,10501.085429645804,3,9
2018-03-01,10493.85,10503.6,10493.6,10497.35,10:00:00,10500.396341108108,3,10
2018-03-01,10483.75,10494.5,10483.75,10493.6,10:05:00,10498.810975288288,3,11
2018-03-01,10481.85,10486.75,10472.65,10483.55,10:10:00,10497.195644308453,3,12
2018-03-01,10486.55,10489.6,10479.05,10481.95,10:15:00,10496.181773421931,3,13
2018-03-01,10488.65,10489.0,10485.5,10486.3,10:20:00,10495.464461667463,3,14
2018-03-01,10492.2,10493.45,10487.45,10488.5,10:25:00,10495.153560556277,3,15
2018-03-01,10481.8,10492.15,10479.5,10492.15,10:30:00,10493.88179288425,3,16
2018-03-01,10487.2,10487.65,10480.55,10481.4,10:35:00,10493.245431657178,3,17
2018-03-01,10484.85,10491.7,10483.75,10487.4,10:40:00,10492.445866737446,3,18
2018-03-01,10486.05,10486.05,10478.65,10484.65,10:45:00,10491.836736571971,3,19
2018-03-01,10484.95,10489.85,10483.65,10486.75,10:50:00,10491.180856898452,3,20
2018-03-01,10485.85,10486.35,10481.95,10484.6,10:55:00,10490.673156241455,3,21
2018-03-01,10490.65,10492.2,10485.05,10486.45,11:00:00,10490.670950885127,3,22
2018-03-01,10486.65,10492.85,10485.05,10491.0,11:05:00,10490.288003181782,3,23
2018-03-01,10480.85,10487.25,10480.65,10486.85,11:10:00,10489.389145735897,3,24
2018-03-01,10480.75,10482.35,10479.15,10481.2,11:15:00,10488.566369951524,3,25
2018-03-01,10478.9,10482.15,10470.65,10481.0,11:20:00,10487.645763289474,3,26
2018-03-01,10479.95,10482.85,10478.95,10479.55,11:25:00,10486.912833452385,3,27
2018-03-01,10477.25,10481.65,10469.85,10480.1,11:30:00,10485.992563599775,3,28
2018-03-01,10476.15,10477.65,10473.65,10477.15,11:35:00,10485.055176590273,3,29
2018-03-01,10482.05,10482.05,10475.95,10475.95,11:40:00,10484.76896929596,3,30
2018-03-01,10480.3,10483.25,10478.45,10481.8,11:45:00,10484.343353172537,3,31
2018-03-01,10480.65,10481.3,10478.0,10480.1,11:50:00,10483.991605251342,3,32
2018-03-01,10481.7,10482.6,10480.4,10480.8,11:55:00,10483.773357132166,3,33
2018-03-01,10484.8,10487.45,10481.45,10481.55,12:00:00,10483.871132643388,3,34
2018-03-01,10480.9,10484.95,10479.05,10484.4,12:05:00,10483.58816762973,3,35
2018-03-01,10483.55,10483.8,10480.05,10481.2,12:10:00,10483.584532617377,3,36
2018-03-01,10488.9,10490.0,10483.35,10483.8,12:15:00,10484.090767606198,3,37
2018-03-01,10485.9,10489.25,10481.95,10488.65,12:20:00,10484.263075453226,3,38
2018-03-01,10488.6,10491.2,10485.6,10485.7,12:25:00,10484.676115886252,3,39
2018-03-01,10492.55,10492.95,10488.65,10488.8,12:30:00,10485.42600961137,3,40
2018-03-01,10495.1,10499.05,10492.0,10492.45,12:35:00,10486.347342029334,3,41
2018-03-01,10488.85,10495.3,10487.85,10494.9,12:40:00,10486.585690407494,3,42
2018-03-01,10489.9,10494.2,10488.85,10488.9,12:45:00,10486.901338940112,3,43
2018-03-01,10491.3,10491.55,10488.8,10489.95,12:50:00,10487.320259041056,3,44
2018-03-01,10493.7,10497.55,10490.85,10491.35,12:55:00,10487.927853418098,3,45
2018-03-01,10495.25,10497.2,10493.4,10493.75,13:00:00,10488.62520071161,3,46
2018-03-01,10492.0,10496.25,10491.45,10495.3,13:05:00,10488.946610167648,3,47
2018-03-01,10493.65,10493.9,10490.9,10491.9,13:10:00,10489.394552056445,3,48
2018-03-01,10497.05,10497.95,10493.2,10493.85,13:15:00,10490.123642336785,3,49
2018-03-01,10501.4,10503.45,10495.4,10496.75,13:20:00,10491.19758116185,3,50
2018-03-01,10504.45,10505.05,10500.1,10502.2,13:25:00,10492.459716289291,3,51
2018-03-01,10510.4,10510.85,10503.8,10505.35,13:30:00,10494.168314737932,3,52
2018-03-01,10509.35,10514.2,10508.95,10512.3,13:35:00,10495.614189524797,3,53
2018-03-01,10498.55,10511.6,10493.35,10511.55,13:40:00,10495.893790522434,3,54
2018-03-01,10498.45,10504.6,10498.2,10499.6,13:45:00,10496.137239044108,3,55
2018-03-01,10499.0,10503.5,10493.6,10500.2,13:50:00,10496.409882944668,3,56
2018-03-01,10500.85,10501.55,10498.1,10500.6,13:55:00,10496.832751235652,3,57
2018-03-01,10494.5,10503.55,10494.3,10502.25,14:00:00,10496.610584451304,3,58
2018-03-01,10496.15,10497.7,10494.25,10497.05,14:05:00,10496.566719265466,3,59
2018-03-01,10486.3,10499.45,10482.45,10499.15,14:10:00,10495.588936478278,3,60
2018-03-01,10489.8,10491.1,10486.4,10488.6,14:15:00,10495.037609194633,3,61
2018-03-01,10491.5,10493.0,10488.95,10491.6,14:20:00,10494.70069403324,3,62
2018-03-01,10496.4,10501.0,10491.55,10492.75,14:25:00,10494.86253269674,3,63
2018-03-01,10486.1,10499.05,10486.1,10498.6,14:30:00,10494.02800577324,3,64
2018-03-01,10489.3,10490.8,10484.5,10488.2,14:35:00,10493.57771950912,3,65
2018-03-01,10480.5,10490.8,10476.3,10490.8,14:40:00,10492.332222413015,3,66
2018-03-01,10478.6,10483.3,10475.15,10483.3,14:45:00,10491.024391707017,3,67
2018-03-01,10481.0,10481.0,10476.1,10480.15,14:50:00,10490.069687734918,3,68
2018-03-01,10479.95,10488.9,10479.35,10482.65,14:55:00,10489.10590795064,3,69
2018-03-01,10460.05,10482.1,10459.15,10482.1,15:00:00,10486.338678622007,3,70
2018-03-01,10460.3,10463.75,10455.15,10460.0,15:05:00,10483.85880446753,3,71
2018-03-01,10459.3,10462.0,10455.8,10460.4,15:10:00,10481.519870708718,3,72
2018-03-01,10460.15,10461.6,10453.9,10460.4,15:15:00,10479.484644926935,3,73
2018-03-01,10455.65,10460.35,10451.5,10459.55,15:20:00,10477.21467874342,3,74
2018-03-01,10449.65,10457.55,10447.15,10455.85,15:25:00,10474.589471244048,3,75
2018-03-05,10392.25,10419.6,10389.2,10418.8,09:15:00,10466.747616839852,0,1
2018-03-05,10374.7,10393.3,10367.95,10392.45,09:20:00,10457.98117714082,0,2
2018-03-05,10378.15,10386.6,10374.15,10374.6,09:25:00,10450.378207889313,0,3
2018-03-05,10372.55,10378.45,10370.15,10378.45,09:30:00,10442.96599761414,0,4
2018-03-05,10363.25,10372.95,10356.9,10372.75,09:35:00,10435.373997841369,0,5
2018-03-05,10372.5,10373.95,10362.4,10363.3,09:40:00,10429.385998046951,0,6
2018-03-05,10370.5,10375.35,10366.6,10372.05,09:45:00,10423.777807756764,0,7
2018-03-05,10378.5,10380.15,10369.6,10370.65,09:50:00,10419.465635589451,0,8
2018-03-05,10379.0,10379.0,10373.4,10378.7,09:55:00,10415.611765533316,0,9
2018-03-05,10379.15,10383.5,10376.15,10379.55,10:00:00,10412.139216434904,0,10
2018-03-05,10361.5,10379.25,10361.5,10379.25,10:05:00,10407.316433917293,0,11
2018-03-05,10363.2,10363.45,10353.5,10361.75,10:10:00,10403.114868782312,0,12
2018-03-05,10356.25,10364.15,10355.8,10363.25,10:15:00,10398.6515479459,0,13
2018-03-05,10356.55,10361.6,10352.9,10356.1,10:20:00,10394.641876712958,0,14
2018-03-05,10355.15,10357.0,10348.65,10356.95,10:25:00,10390.880745597438,0,15
2018-03-05,10358.4,10362.65,10354.1,10355.45,10:30:00,10387.787341254823,0,16
2018-03-05,10350.95,10359.2,10345.6,10358.45,10:35:00,10384.27902304008,0,17
2018-03-05,10349.6,10351.75,10344.2,10351.45,10:40:00,10380.976258941024,0,18
2018-03-05,10356.7,10357.55,10349.2,10350.15,10:45:00,10378.664234279977,0,19
2018-03-05,10353.75,10358.2,10353.7,10356.5,10:50:00,10376.291450062836,0,20
2018-03-05,10350.15,10353.65,10349.2,10353.4,10:55:00,10373.80178815209,0,21
2018-03-05,10352.75,10354.1,10348.9,10350.1,11:00:00,10371.79685594713,0,22
2018-03-05,10355.9,10356.7,10351.25,10352.8,11:05:00,10370.282869666453,0,23
2018-03-05,10351.7,10356.15,10351.1,10355.85,11:10:00,10368.51307255536,0,24
2018-03-05,10351.75,10353.4,10349.6,10351.6,11:15:00,10366.91658945485,0,25
2018-03-05,10357.8,10357.8,10349.3,10351.45,11:20:00,10366.048342840102,0,26
2018-03-05,10355.05,10358.1,10352.7,10357.25,11:25:00,10365.000881617234,0,27
2018-03-05,10354.75,10357.9,10354.55,10354.95,11:30:00,10364.024607177496,0,28
2018-03-05,10350.3,10356.8,10349.3,10355.55,11:35:00,10362.71750173202,0,29
2018-03-05,10342.45,10352.55,10340.5,10350.45,11:40:00,10360.787263471828,0,30
2018-03-05,10344.4,10349.0,10341.1,10342.4,11:45:00,10359.226571712605,0,31
2018-03-05,10341.7,10345.9,10338.5,10344.45,11:50:00,10357.557374406642,0,32
2018-03-05,10346.85,10346.95,10341.55,10341.85,11:55:00,10356.537624463152,0,33
2018-03-05,10340.0,10347.15,10337.4,10346.8,12:00:00,10354.962612609515,0,34
2018-03-05,10342.6,10343.6,10340.05,10340.05,12:05:00,10353.78522093242,0,35
2018-03-05,10354.85,10355.15,10341.95,10342.95,12:10:00,10353.886628462666,0,36
2018-03-05,10343.5,10355.45,10342.35,10355.2,12:15:00,10352.897425751937,0,37
2018-03-05,10344.55,10346.55,10343.2,10344.35,12:20:00,10352.10243282318,0,38
2018-03-05,10343.0,10344.85,10341.0,10344.65,12:25:00,10351.235534459069,0,39
2018-03-05,10337.2,10343.2,10331.5,10343.2,12:30:00,10349.898816891537,0,40
2018-03-05,10340.0,10342.0,10335.95,10337.05,12:35:00,10348.956072425675,0,41
2018-03-05,10340.8,10341.45,10338.8,10340.1,12:40:00,10348.17930362323,0,42
2018-03-05,10340.95,10341.5,10338.3,10340.6,12:45:00,10347.490798516255,0,43
2018-03-05,10335.8,10341.4,10334.05,10341.2,12:50:00,10346.377389133757,0,44
2018-03-05,10327.3,10336.85,10326.45,10335.85,12:55:00,10344.560494930542,0,45
2018-03-05,10330.3,10330.45,10325.55,10328.5,13:00:00,10343.202352556204,0,46
2018-03-05,10333.2,10336.4,10326.35,10330.05,13:05:00,10342.249747550852,0,47
2018-03-05,10325.3,10335.5,10323.9,10333.4,13:10:00,10340.635485879344,0,48
2018-03-05,10332.2,10332.4,10324.2,10325.7,13:15:00,10339.832106271788,0,49
2018-03-05,10329.7,10334.15,10328.5,10332.05,13:20:00,10338.867143769712,0,50
2018-03-05,10335.85,10342.9,10327.85,10329.85,13:25:00,10338.579796744025,0,51
2018-03-05,10345.7,10346.5,10334.15,10339.7,13:30:00,10339.257911339831,0,52
2018-03-05,10348.25,10349.25,10337.75,10347.85,13:35:00,10340.114300736035,0,53
2018-03-05,10345.4,10350.35,10341.1,10350.35,13:40:00,10340.617700665938,0,54
2018-03-05,10356.25,10357.25,10341.35,10347.1,13:45:00,10342.106491078704,0,55
2018-03-05,10357.85,10360.3,10352.9,10356.4,13:50:00,10343.605872880731,0,56
2018-03-05,10360.7,10363.4,10353.85,10358.3,13:55:00,10345.23388498733,0,57
2018-03-05,10353.7,10362.75,10352.75,10362.75,14:00:00,10346.040181655204,0,58
2018-03-05,10357.35,10357.35,10349.95,10355.0,14:05:00,10347.11730721185,0,59
2018-03-05,10372.25,10374.35,10357.15,10358.8,14:10:00,10349.5108970012,0,60
2018-03-05,10363.35,10376.75,10363.35,10373.8,14:15:00,10350.82890681061,0,61
2018-03-05,10357.05,10367.0,10356.85,10364.75,14:20:00,10351.421391876263,0,62
2018-03-05,10357.05,10360.95,10354.3,10358.5,14:25:00,10351.957449792812,0,63
2018-03-05,10357.05,10360.65,10354.35,10358.85,14:30:00,10352.442454574448,0,64
2018-03-05,10358.1,10363.55,10356.3,10358.0,14:35:00,10352.9812684245,0,65
2018-03-05,10355.1,10360.1,10347.2,10358.85,14:40:00,10353.183052384073,0,66
2018-03-05,10358.0,10360.05,10354.1,10357.4,14:45:00,10353.641809299876,0,67
2018-03-05,10353.7,10359.85,10350.95,10358.85,14:50:00,10353.647351271316,0,68
2018-03-05,10353.5,10355.5,10347.8,10354.9,14:55:00,10353.633317816904,0,69
2018-03-05,10357.65,10360.3,10350.45,10352.95,15:00:00,10354.0158589772,0,70
2018-03-05,10362.0,10365.1,10355.3,10357.75,15:05:00,10354.776253360324,0,71
2018-03-05,10359.85,10363.5,10357.65,10362.3,15:10:00,10355.259467326006,0,72
2018-03-05,10358.85,10359.7,10352.45,10359.45,15:15:00,10355.601422818769,0,73
2018-03-05,10361.1,10362.8,10358.1,10359.0,15:20:00,10356.125096836027,0,74
2018-03-05,10357.15,10362.65,10353.6,10360.8,15:25:00,10356.222706661169,0,75
2018-03-06,10422.2,10427.55,10415.3,10417.9,09:15:00,10362.506258407722,1,1
2018-03-06,10433.4,10441.35,10422.85,10423.05,09:20:00,10369.258043321272,1,2
2018-03-06,10435.3,10439.75,10430.45,10433.3,09:25:00,10375.54775348115,1,3
2018-03-06,10431.6,10438.3,10431.6,10436.0,09:30:00,10380.886062673422,1,4
2018-03-06,10427.15,10433.15,10426.3,10431.3,09:35:00,10385.29215194262,1,5
2018-03-06,10432.95,10438.1,10427.0,10427.4,09:40:00,10389.830994614753,1,6
2018-03-06,10428.35,10433.95,10427.4,10432.5,09:45:00,10393.499471318108,1,7
2018-03-06,10427.15,10428.5,10423.8,10428.2,09:50:00,10396.704283573525,1,8
2018-03-06,10422.6,10431.75,10420.95,10426.9,09:55:00,10399.170542280808,1,9
2018-03-06,10417.85,10423.45,10416.45,10423.3,10:00:00,10400.949538254064,1,10
2018-03-06,10405.55,10418.55,10405.55,10418.0,10:05:00,10401.387677467965,1,11
2018-03-06,10411.0,10412.55,10401.65,10405.9,10:10:00,10402.303136756727,1,12
2018-03-06,10408.75,10412.0,10407.45,10411.15,10:15:00,10402.917123732275,1,13
2018-03-06,10408.15,10413.85,10407.95,10409.0,10:20:00,10403.41549290063,1,14
2018-03-06,10399.9,10408.2,10394.35,10408.1,10:25:00,10403.080684052951,1,15
2018-03-06,10390.75,10402.4,10388.65,10400.2,10:30:00,10401.906333190767,1,16
2018-03-06,10398.7,10398.75,10388.45,10391.75,10:35:00,10401.60096812498,1,17
2018-03-06,10406.2,10407.35,10398.75,10398.75,10:40:00,10402.038971160697,1,18
2018-03-06,10406.95,10409.55,10405.4,10405.8,10:45:00,10402.50668819301,1,19
2018-03-06,10404.25,10406.9,10401.9,10406.85,10:50:00,10402.672717888914,1,20
2018-03-06,10396.95,10404.55,10396.4,10403.65,10:55:00,10402.127697137588,1,21
2018-03-06,10391.05,10396.9,10386.75,10396.9,11:00:00,10401.07267836258,1,22
2018-03-06,10395.2,10397.95,10390.95,10391.45,11:05:00,10400.51337566138,1,23
2018-03-06,10396.1,10398.8,10394.6,10395.3,11:10:00,10400.093054169822,1,24
2018-03-06,10395.05,10399.5,10394.4,10396.35,11:15:00,10399.612763296504,1,25
2018-03-06,10397.65,10397.65,10392.15,10394.4,11:20:00,10399.425833458745,1,26
2018-03-06,10396.0,10397.25,10392.7,10396.95,11:25:00,10399.09956360553,1,27
2018-03-06,10385.05,10396.9,10382.15,10396.3,11:30:00,10397.761509928812,1,28
2018-03-06,10382.0,10386.5,10377.95,10385.95,11:35:00,10396.260413745116,1,29
2018-03-06,10381.45,10388.35,10381.25,10382.3,11:40:00,10394.849898150344,1,30
2018-03-06,10385.15,10387.3,10379.25,10381.2,11:45:00,10393.9260983265,1,31
2018-03-06,10389.7,10391.55,10385.05,10385.05,11:50:00,10393.523612771596,1,32
2018-03-06,10383.85,10394.7,10383.8,10389.3,11:55:00,10392.60231631716,1,33
2018-03-06,10391.05,10392.0,10382.95,10383.55,12:00:00,10392.454476667906,1,34
2018-03-06,10395.3,10396.3,10390.4,10390.75,12:05:00,10392.72547889001,1,35
2018-03-06,10400.0,10403.7,10394.3,10394.9,12:10:00,10393.418290424295,1,36
2018-03-06,10401.3,10401.65,10396.45,10400.25,12:15:00,10394.168929431506,1,37
2018-03-06,10402.05,10405.85,10401.1,10401.1,12:20:00,10394.919507580886,1,38
2018-03-06,10401.45,10403.05,10399.0,10402.0,12:25:00,10395.541459239848,1,39
2018-03-06,10404.6,10406.0,10400.8,10400.8,12:30:00,10396.40417740748,1,40
2018-03-06,10403.2,10406.15,10401.55,10404.1,12:35:00,10397.051398606767,1,41
2018-03-06,10402.95,10404.75,10401.1,10403.05,12:40:00,10397.61317016803,1,42
2018-03-06,10395.85,10403.1,10394.0,10403.05,12:45:00,10397.445249199647,1,43
2018-03-06,10393.25,10397.75,10393.25,10395.35,12:50:00,10397.045701656823,1,44
2018-03-06,10392.75,10393.95,10388.2,10392.45,12:55:00,10396.636587213316,1,45
2018-03-06,10390.25,10393.95,10389.0,10392.45,13:00:00,10396.028340812049,1,46
2018-03-06,10399.55,10399.55,10391.65,10391.65,13:05:00,10396.363736925185,1,47
2018-03-06,10398.55,10400.45,10396.45,10399.5,13:10:00,10396.57195245612,1,48
2018-03-06,10401.1,10403.1,10398.3,10399.1,13:15:00,10397.00319507935,1,49
2018-03-06,10397.45,10401.95,10396.6,10401.95,13:20:00,10397.045747928934,1,50
2018-03-06,10401.3,10401.85,10395.6,10397.55,13:25:00,10397.450914792846,1,51
2018-03-06,10400.25,10406.85,10397.95,10403.35,13:30:00,10397.717494336384,1,52
2018-03-06,10398.65,10401.8,10397.05,10401.25,13:35:00,10397.806304399586,1,53
2018-03-06,10392.95,10400.55,10392.75,10399.65,13:40:00,10397.343799218672,1,54
2018-03-06,10394.35,10397.6,10390.35,10394.3,13:45:00,10397.05867548356,1,55
2018-03-06,10393.8,10397.6,10392.35,10395.55,13:50:00,10396.748325437507,1,56
2018-03-06,10397.95,10398.35,10393.35,10394.55,13:55:00,10396.862770633936,1,57
2018-03-06,10397.6,10403.65,10396.4,10399.3,14:00:00,10396.932982954511,1,58
2018-03-06,10382.65,10398.35,10382.65,10398.35,14:05:00,10395.572698863609,1,59
2018-03-06,10359.35,10384.3,10357.2,10384.1,14:10:00,10392.122918019457,1,60
2018-03-06,10349.85,10367.3,10343.25,10360.15,14:15:00,10388.096925827129,1,61
2018-03-06,10346.0,10357.4,10345.3,10351.35,14:20:00,10384.087694795977,1,62
2018-03-06,10351.7,10356.6,10346.8,10347.15,14:25:00,10381.003152434454,1,63
2018-03-06,10360.3,10362.9,10352.45,10353.15,14:30:00,10379.031423631171,1,64
2018-03-06,10342.35,10363.6,10339.35,10361.15,14:35:00,10375.537954713918,1,65
2018-03-06,10334.6,10342.95,10330.85,10342.65,14:40:00,10371.639101884022,1,66
2018-03-06,10312.4,10336.95,10311.4,10335.25,14:45:00,10365.997282656972,1,67
2018-03-06,10305.0,10314.65,10301.2,10311.2,14:50:00,10360.188017642022,1,68
2018-03-06,10293.05,10316.7,10290.6,10305.35,14:55:00,10353.793920723734,1,69
2018-03-06,10264.9,10297.85,10262.6,10292.8,15:00:00,10345.32783303576,1,70
2018-03-06,10263.75,10267.85,10247.6,10265.2,15:05:00,10337.55851560378,1,71
2018-03-06,10263.55,10275.25,10260.05,10262.65,15:10:00,10330.51008554628,1,72
2018-03-06,10243.45,10262.1,10237.9,10261.9,15:15:00,10322.218648827586,1,73
2018-03-06,10242.65,10253.15,10241.1,10243.9,15:20:00,10314.640682272578,1,74
2018-03-06,10221.2,10245.1,10215.9,10244.05,15:25:00,10305.74156967519,1,75
2018-03-07,10212.55,10229.1,10198.65,10229.1,09:15:00,10296.866182087077,2,1
2018-03-07,10210.8,10219.4,10194.55,10212.35,09:20:00,10288.66940284069,2,2
2018-03-07,10217.6,10225.35,10206.55,10211.65,09:25:00,10281.900888284434,2,3
2018-03-07,10204.3,10217.65,10200.05,10217.3,09:30:00,10274.51032749544,2,4
2018-03-07,10208.0,10209.05,10193.65,10205.4,09:35:00,10268.176010591113,2,5
2018-03-07,10213.75,10219.05,10200.9,10208.05,09:40:00,10262.992581011007,2,6
2018-03-07,10217.55,10225.7,10213.35,10214.0,09:45:00,10258.664716152816,2,7
2018-03-07,10231.75,10231.75,10216.1,10216.65,09:50:00,10256.101409852548,2,8
2018-03-07,10235.85,10236.0,10227.0,10233.0,09:55:00,10254.172704152306,2,9
2018-03-07,10226.95,10243.35,10225.45,10236.1,10:00:00,10251.58006566161,2,10
2018-03-07,10222.25,10228.1,10213.25,10227.15,10:05:00,10248.78672607479,2,11
2018-03-07,10224.45,10229.1,10212.95,10222.15,10:10:00,10246.468942639096,2,12
2018-03-07,10230.25,10234.0,10222.95,10223.95,10:15:00,10244.924281435373,2,13
2018-03-07,10229.2,10239.0,10229.2,10230.0,10:20:00,10243.42673082248,2,14
2018-03-07,10221.7,10232.15,10221.25,10228.45,10:25:00,10241.357518363197,2,15
2018-03-07,10228.55,10230.65,10220.3,10221.45,10:30:00,10240.137754709556,2,16
2018-03-07,10210.1,10228.75,10210.1,10228.25,10:35:00,10237.277016165788,2,17
2018-03-07,10207.2,10214.45,10205.6,10210.4,10:40:00,10234.412538435714,2,18
2018-03-07,10215.95,10216.4,10201.6,10207.75,10:45:00,10232.654201441836,2,19
2018-03-07,10210.05,10216.9,10209.55,10216.2,10:50:00,10230.50142035214,2,20
2018-03-07,10205.3,10210.3,10201.55,10210.3,10:55:00,10228.101285080504,2,21
2018-03-07,10210.15,10211.55,10202.45,10205.05,11:00:00,10226.391638882362,2,22
2018-03-07,10205.35,10212.5,10202.7,10210.1,11:05:00,10224.38767327452,2,23
2018-03-07,10193.9,10205.3,10193.4,10205.2,11:10:00,10221.484085343613,2,24
2018-03-07,10191.2,10195.9,10188.85,10194.2,11:15:00,10218.59988673946,2,25
2018-03-07,10189.0,10195.35,10187.05,10191.4,11:20:00,10215.780849907129,2,26
2018-03-07,10197.8,10200.85,10187.45,10188.8,11:25:00,10214.068388011212,2,27
2018-03-07,10184.15,10200.7,10182.5,10198.45,11:30:00,10211.21901772443,2,28
2018-03-07,10177.1,10185.45,10174.3,10183.95,11:35:00,10207.96958746496,2,29
2018-03-07,10174.35,10180.15,10170.9,10177.35,11:40:00,10204.767721992108,2,30
2018-03-07,10165.15,10176.4,10163.4,10173.95,11:45:00,10200.994605611908,2,31
2018-03-07,10172.8,10176.65,10165.8,10165.85,11:50:00,10198.309405077442,2,32
2018-03-07,10179.1,10179.1,10165.75,10172.2,11:55:00,10196.479937927208,2,33
2018-03-07,10187.4,10190.8,10178.1,10179.2,12:00:00,10195.61518193414,2,34
2018-03-07,10184.8,10188.15,10177.45,10187.9,12:05:00,10194.58516460708,2,35
2018-03-07,10173.25,10185.75,10173.05,10184.65,12:10:00,10192.553244168312,2,36
2018-03-07,10179.65,10183.3,10172.45,10173.0,12:15:00,10191.32436377133,2,37
2018-03-07,10175.85,10181.85,10173.55,10179.25,12:20:00,10189.850614840729,2,38
2018-03-07,10174.95,10177.95,10173.6,10175.6,12:25:00,10188.43150866542,2,39
2018-03-07,10182.6,10182.6,10168.95,10174.8,12:30:00,10187.87612688776,2,40
2018-03-07,10184.45,10186.6,10178.95,10181.45,12:35:00,10187.549829088926,2,41
2018-03-07,10186.25,10192.05,10183.6,10184.3,12:40:00,10187.426035842362,2,42
2018-03-07,10186.6,10191.9,10184.9,10186.15,12:45:00,10187.347365762136,2,43
2018-03-07,10178.05,10186.85,10173.85,10186.7,12:50:00,10186.46190235622,2,44
2018-03-07,10171.15,10179.6,10169.2,10178.3,12:55:00,10185.00362594134,2,45
2018-03-07,10175.1,10176.25,10168.7,10171.55,13:00:00,10184.060423470735,2,46
2018-03-07,10177.5,10177.5,10171.35,10174.6,13:05:00,10183.435621235429,2,47
2018-03-07,10176.4,10181.7,10170.3,10176.9,13:10:00,10182.76556207015,2,48
2018-03-07,10180.15,10182.7,10173.4,10175.85,13:15:00,10182.516460920611,2,49
2018-03-07,10185.95,10190.6,10181.2,10181.45,13:20:00,10182.843464642458,2,50
2018-03-07,10176.15,10188.35,10173.05,10186.05,13:25:00,10182.205991819366,2,51
2018-03-07,10181.65,10186.6,10177.85,10178.95,13:30:00,10182.15304021752,2,52
2018-03-07,10184.0,10189.1,10181.45,10181.45,13:35:00,10182.328941149186,2,53
2018-03-07,10183.05,10187.35,10179.7,10185.1,13:40:00,10182.397613420691,2,54
2018-03-07,10193.1,10194.3,10183.35,10184.5,13:45:00,10183.416888333006,2,55
2018-03-07,10196.25,10202.7,10193.05,10194.9,13:50:00,10184.639089444148,2,56
2018-03-07,10195.5,10208.2,10195.25,10197.5,13:55:00,10185.67346187804,2,57
2018-03-07,10192.35,10204.2,10191.2,10196.8,14:00:00,10186.30932265156,2,58
2018-03-07,10172.2,10193.4,10167.5,10193.2,14:05:00,10184.965577637126,2,59
2018-03-07,10175.8,10176.7,10160.45,10173.25,14:10:00,10184.092665481208,2,60
2018-03-07,10175.55,10180.8,10171.05,10176.65,14:15:00,10183.279078292522,2,61
2018-03-07,10178.25,10179.05,10170.8,10177.45,14:20:00,10182.80011845514,2,62
2018-03-07,10184.65,10185.75,10175.85,10179.2,14:25:00,10182.976297649888,2,63
2018-03-07,10172.9,10191.45,10172.8,10185.45,14:30:00,10182.016650254662,2,64
2018-03-07,10173.85,10180.0,10173.3,10174.15,14:35:00,10181.238874039933,2,65
2018-03-07,10173.0,10177.05,10167.4,10174.5,14:40:00,10180.454219369463,2,66
2018-03-07,10157.25,10175.2,10156.45,10175.2,14:45:00,10178.244293715228,2,67
2018-03-07,10159.6,10164.6,10154.1,10159.25,14:50:00,10176.468646694731,2,68
2018-03-07,10165.8,10173.95,10160.4,10162.05,14:55:00,10175.452585104757,2,69
2018-03-07,10161.65,10168.4,10152.65,10167.9,15:00:00,10174.138053190018,2,70
2018-03-07,10146.3,10162.25,10145.7,10161.8,15:05:00,10171.486810029062,2,71
2018-03-07,10149.9,10150.75,10141.55,10145.35,15:10:00,10169.430923359629,2,72
2018-03-07,10155.35,10155.95,10146.05,10148.85,15:15:00,10168.089883039662,2,73
2018-03-07,10165.1,10166.0,10155.25,10155.25,15:20:00,10167.80513227398,2,74
2018-03-07,10164.7,10166.35,10160.8,10165.75,15:25:00,10167.509405390743,2,75
2018-03-08,10223.6,10241.4,10213.95,10213.95,09:15:00,10172.8513667821,3,1
2018-03-08,10216.0,10229.2,10215.8,10223.7,09:20:00,10176.960760421902,3,2
2018-03-08,10223.25,10230.5,10214.8,10215.9,09:25:00,10181.36925942934,3,3
2018-03-08,10217.55,10227.5,10215.8,10223.65,09:30:00,10184.815044245594,3,4
2018-03-08,10202.05,10217.65,10199.1,10216.95,09:35:00,10186.456468603155,3,5
2018-03-08,10188.15,10207.65,10187.0,10202.2,09:40:00,10186.617757307617,3,6
2018-03-08,10185.45,10198.4,10182.15,10187.95,09:45:00,10186.506542325938,3,7
2018-03-08,10176.7,10191.05,10173.9,10185.05,09:50:00,10185.572585913946,3,8
2018-03-08,10170.0,10180.5,10167.85,10177.2,09:55:00,10184.089482493571,3,9
2018-03-08,10172.7,10176.95,10168.75,10170.2,10:00:00,10183.004769875137,3,10
2018-03-08,10182.85,10184.2,10172.35,10172.35,10:05:00,10182.990029887029,3,11
2018-03-08,10179.15,10185.25,10176.0,10182.8,10:10:00,10182.624312754931,3,12
2018-03-08,10175.25,10179.2,10169.15,10179.05,10:15:00,10181.921997254463,3,13
2018-03-08,10161.3,10175.85,10160.7,10175.4,10:20:00,10179.957997515943,3,14
2018-03-08,10153.55,10162.55,10153.55,10161.6,10:25:00,10177.442950133473,3,15
2018-03-08,10159.2,10160.55,10149.95,10153.95,10:30:00,10175.705526311236,3,16
2018-03-08,10148.9,10160.25,10148.6,10159.6,10:35:00,10173.152619043498,3,17
2018-03-08,10162.45,10163.5,10146.4,10148.65,10:40:00,10172.133321991736,3,18
2018-03-08,10165.55,10169.2,10162.25,10162.85,10:45:00,10171.506338944904,3,19
2018-03-08,10178.7,10179.4,10164.95,10165.15,10:50:00,10172.19144952158,3,20
2018-03-08,10170.55,10179.9,10170.25,10178.75,10:55:00,10172.035120995715,3,21
2018-03-08,10183.45,10183.55,10169.45,10170.3,11:00:00,10173.122252329456,3,22
2018-03-08,10178.65,10185.25,10175.4,10183.55,11:05:00,10173.648704488556,3,23
2018-03-08,10178.85,10182.5,10178.4,10179.1,11:10:00,10174.144065965836,3,24
2018-03-08,10171.15,10178.55,10168.85,10178.25,11:15:00,10173.858916826232,3,25
2018-03-08,10179.0,10179.3,10170.15,10171.2,11:20:00,10174.34854379516,3,26
2018-03-08,10178.95,10181.3,10177.7,10179.05,11:25:00,10174.78677771943,3,27
2018-03-08,10182.35,10182.7,10176.75,10178.8,11:30:00,10175.507084603294,3,28
2018-03-08,10184.0,10184.95,10179.65,10182.0,11:35:00,10176.315933688697,3,29
2018-03-08,10193.9,10194.2,10181.1,10183.7,11:40:00,10177.990606670724,3,30
2018-03-08,10191.65,10197.8,10190.55,10194.0,11:45:00,10179.291501273512,3,31
2018-03-08,10197.95,10203.5,10191.15,10191.3,11:50:00,10181.068501152226,3,32
2018-03-08,10202.8,10209.15,10196.35,10197.1,11:55:00,10183.138167709156,3,33
2018-03-08,10195.75,10205.95,10192.0,10202.95,12:00:00,10184.339294593998,3,34
2018-03-08,10205.5,10206.85,10192.15,10196.1,12:05:00,10186.35459987076,3,35
2018-03-08,10205.25,10208.65,10200.5,10205.55,12:10:00,10188.15416178783,3,36
2018-03-08,10214.6,10214.6,10204.9,10205.65,12:15:00,10190.672813046132,3,37
2018-03-08,10209.2,10216.3,10204.5,10214.95,12:20:00,10192.43730704174,3,38
2018-03-08,10198.95,10209.1,10198.15,10209.0,12:25:00,10193.057563513954,3,39
2018-03-08,10213.8,10213.9,10197.5,10198.65,12:30:00,10195.033033655482,3,40
2018-03-08,10220.85,10227.4,10213.05,10214.1,12:35:00,10197.491792354958,3,41
2018-03-08,10217.9,10223.9,10216.3,10220.55,12:40:00,10199.435431178295,3,42
2018-03-08,10216.2,10221.4,10214.05,10217.7,12:45:00,10201.032056780365,3,43
2018-03-08,10208.0,10217.15,10206.95,10215.55,12:50:00,10201.69567042033,3,44
2018-03-08,10201.4,10208.75,10197.3,10207.9,12:55:00,10201.667511332678,3,45
2018-03-08,10208.75,10211.1,10201.55,10201.8,13:00:00,10202.3420340629,3,46
2018-03-08,10195.45,10208.5,10194.55,10208.2,13:05:00,10201.685649866433,3,47
2018-03-08,10186.8,10198.5,10183.7,10195.55,13:10:00,10200.267968926772,3,48
2018-03-08,10193.0,10193.1,10182.0,10186.95,13:15:00,10199.575781409936,3,49
2018-03-08,10204.85,10205.9,10191.7,10192.75,13:20:00,10200.078087942324,3,50
2018-03-08,10200.85,10210.05,10200.8,10204.55,13:25:00,10200.151603376387,3,51
2018-03-08,10202.3,10204.85,10193.4,10200.65,13:30:00,10200.356212578636,3,52
2018-03-08,10202.2,10213.25,10201.7,10203.4,13:35:00,10200.53181138067,3,53
2018-03-08,10205.4,10208.75,10202.35,10202.65,13:40:00,10200.995448392034,3,54
2018-03-08,10196.45,10205.15,10196.15,10205.15,13:45:00,10200.562548545176,3,55
2018-03-08,10192.2,10204.45,10192.2,10195.7,13:50:00,10199.766115350398,3,56
2018-03-08,10195.9,10197.1,10185.85,10192.45,13:55:00,10199.397913888455,3,57
2018-03-08,10195.7,10196.85,10190.35,10196.15,14:00:00,10199.045731613363,3,58
2018-03-08,10205.1,10207.25,10195.8,10195.85,14:05:00,10199.622328602569,3,59
2018-03-08,10213.45,10217.65,10205.25,10205.25,14:10:00,10200.939249688035,3,60
2018-03-08,10222.4,10226.05,10213.1,10213.3,14:15:00,10202.983130670127,3,61
2018-03-08,10221.2,10227.1,10218.9,10222.85,14:20:00,10204.718070606308,3,62
2018-03-08,10219.3,10233.0,10218.85,10221.55,14:25:00,10206.10682578666,3,63
2018-03-08,10239.15,10242.25,10219.35,10219.35,14:30:00,10209.253794759356,3,64
2018-03-08,10259.6,10260.3,10237.35,10238.5,14:35:00,10214.048671448943,3,65
2018-03-08,10242.75,10262.7,10236.75,10260.2,14:40:00,10216.782131310949,3,66
2018-03-08,10239.8,10248.5,10239.55,10242.65,14:45:00,10218.974309281337,3,67
2018-03-08,10245.45,10251.05,10237.9,10240.0,14:50:00,10221.495803635493,3,68
2018-03-08,10254.5,10260.2,10244.4,10245.3,14:55:00,10224.639060432111,3,69
2018-03-08,10267.05,10269.6,10251.25,10254.35,15:00:00,10228.678197533816,3,70
2018-03-08,10252.8,10270.35,10252.8,10267.45,15:05:00,10230.975512054403,3,71
2018-03-08,10227.3,10252.35,10227.3,10252.35,15:10:00,10230.62546328732,3,72
2018-03-08,10236.25,10239.95,10225.2,10227.25,15:15:00,10231.16113345043,3,73
2018-03-08,10231.15,10238.2,10228.45,10235.15,15:20:00,10231.16007312182,3,74
2018-03-08,10235.95,10238.7,10229.5,10231.1,15:25:00,10231.616256634026,3,75
2018-03-09,10251.45,10278.0,10250.65,10270.8,09:15:00,10233.505184573643,4,1
2018-03-09,10238.75,10257.25,10238.75,10250.95,09:20:00,10234.004690804724,4,2
2018-03-09,10254.55,10254.55,10230.55,10238.65,09:25:00,10235.96138691856,4,3
2018-03-09,10250.0,10255.35,10241.3,10254.6,09:30:00,10237.29839768822,4,4
2018-03-09,10265.25,10265.65,10243.65,10250.05,09:35:00,10239.960455051249,4,5
2018-03-09,10267.55,10267.6,10258.85,10265.5,09:40:00,10242.588030760651,4,6
2018-03-09,10273.15,10273.4,10266.2,10268.45,09:45:00,10245.498694497732,4,7
2018-03-09,10281.35,10283.85,10270.6,10272.95,09:50:00,10248.913104545569,4,8
2018-03-09,10274.25,10286.3,10273.45,10281.05,09:55:00,10251.326142207894,4,9
2018-03-09,10288.65,10288.95,10274.75,10274.75,10:00:00,10254.880795330952,4,10
2018-03-09,10283.3,10290.55,10283.3,10288.4,10:05:00,10257.587386251813,4,11
2018-03-09,10279.95,10283.65,10272.25,10283.45,10:10:00,10259.717158989735,4,12
2018-03-09,10276.9,10281.55,10275.15,10279.3,10:15:00,10261.353620038331,4,13
2018-03-09,10281.25,10281.7,10276.2,10277.1,10:20:00,10263.248513368011,4,14
2018-03-09,10281.6,10283.5,10278.35,10281.1,10:25:00,10264.996273999632,4,15
2018-03-09,10288.65,10288.65,10282.2,10282.2,10:30:00,10267.249009809191,4,16
2018-03-09,10281.2,10296.7,10281.05,10288.5,10:35:00,10268.577675541648,4,17
2018-03-09,10275.85,10282.6,10275.1,10281.65,10:40:00,10269.270277871015,4,18
2018-03-09,10273.55,10276.6,10270.8,10275.65,10:45:00,10269.677870454729,4,19
2018-03-09,10266.1,10277.55,10265.9,10274.75,10:50:00,10269.33712088761,4,20
2018-03-09,10270.4,10276.4,10264.5,10266.2,10:55:00,10269.438347469742,4,21
2018-03-09,10270.8,10275.05,10270.0,10270.75,11:00:00,10269.5680286631,4,22
2018-03-09,10280.25,10281.25,10270.9,10271.0,11:05:00,10270.585359266615,4,23
2018-03-09,10277.65,10280.5,10271.1,10280.1,11:10:00,10271.258182193606,4,24
2018-03-09,10273.7,10279.55,10273.1,10277.35,11:15:00,10271.490736270403,4,25
2018-03-09,10265.4,10274.45,10263.05,10274.15,11:20:00,10270.910666149412,4,26
2018-03-09,10264.15,10269.45,10264.0,10265.6,11:25:00,10270.266793182802,4,27
2018-03-09,10262.35,10266.05,10253.5,10264.5,11:30:00,10269.51281287968,4,28
2018-03-09,10261.85,10264.8,10255.9,10262.75,11:35:00,10268.783021176852,4,29
2018-03-09,10269.7,10270.3,10260.45,10261.25,11:40:00,10268.870352493344,4,30
2018-03-09,10265.5,10270.45,10262.85,10270.2,11:45:00,10268.549366541596,4,31
2018-03-09,10270.1,10272.0,10265.7,10265.7,11:50:00,10268.697045918589,4,32
2018-03-09,10275.9,10276.0,10269.55,10270.55,11:55:00,10269.383041545389,4,33
2018-03-09,10285.05,10287.65,10275.85,10276.45,12:00:00,10270.87513282678,4,34
2018-03-09,10284.65,10285.65,10280.4,10284.95,12:05:00,10272.187024938514,4,35
2018-03-09,10277.75,10285.05,10277.75,10285.05,12:10:00,10272.716832087228,4,36
2018-03-09,10280.7,10284.1,10278.1,10278.1,12:15:00,10273.477133793209,4,37
2018-03-09,10276.6,10281.0,10276.6,10280.85,12:20:00,10273.774549622423,4,38
2018-03-09,10284.75,10284.75,10272.25,10276.85,12:25:00,10274.819830610766,4,39
2018-03-09,10285.25,10289.45,10283.4,10284.9,12:30:00,10275.813180076408,4,40
2018-03-09,10287.5,10290.8,10283.75,10285.4,12:35:00,10276.926210545322,4,41
2018-03-09,10287.55,10288.35,10280.9,10287.85,12:40:00,10277.938000017197,4,42
2018-03-09,10282.45,10289.3,10280.75,10287.6,12:45:00,10278.367714301272,4,43
2018-03-09,10282.85,10286.35,10281.2,10282.4,12:50:00,10278.794598653532,4,44
2018-03-09,10279.55,10283.4,10279.2,10282.9,12:55:00,10278.86654163891,4,45
2018-03-09,10284.35,10285.25,10277.2,10279.3,13:00:00,10279.38877576854,4,46
2018-03-09,10284.6,10284.85,10282.55,10284.55,13:05:00,10279.885082838202,4,47
2018-03-09,10286.15,10290.3,10284.9,10284.9,13:10:00,10280.481741615517,4,48
2018-03-09,10281.0,10286.45,10276.7,10286.25,13:15:00,10280.531099556896,4,49
2018-03-09,10280.45,10286.45,10279.9,10281.4,13:20:00,10280.523375789571,4,50
2018-03-09,10280.85,10283.45,10275.15,10280.35,13:25:00,10280.554482857233,4,51
2018-03-09,10287.85,10288.65,10279.9,10281.85,13:30:00,10281.249294013687,4,52
2018-03-09,10279.0,10292.05,10279.0,10289.1,13:35:00,10281.035075536194,4,53
2018-03-09,10283.0,10283.25,10274.35,10279.35,13:40:00,10281.222211199414,4,54
2018-03-09,10283.05,10285.5,10280.85,10283.6,13:45:00,10281.39628632328,4,55
2018-03-09,10276.2,10283.9,10275.35,10283.3,13:50:00,10280.901401911538,4,56
2018-03-09,10271.7,10278.05,10266.85,10277.1,13:55:00,10280.025077919963,4,57
2018-03-09,10268.95,10276.1,10267.65,10270.5,14:00:00,10278.970308594253,4,58
2018-03-09,10270.95,10271.4,10261.3,10269.5,14:05:00,10278.206469680514,4,59
2018-03-09,10263.95,10271.4,10263.95,10271.4,14:10:00,10276.848710663322,4,60
2018-03-09,10265.4,10265.4,10250.6,10264.55,14:15:00,10275.758357266815,4,61
2018-03-09,10265.85,10268.15,10257.45,10265.3,14:20:00,10274.814704193786,4,62
2018-03-09,10277.3,10277.3,10263.0,10266.05,14:25:00,10275.051399032473,4,63
2018-03-09,10265.35,10286.9,10264.75,10277.2,14:30:00,10274.127456267475,4,64
2018-03-09,10260.2,10271.25,10260.2,10265.25,14:35:00,10272.801031861049,4,65
2018-03-09,10256.05,10265.55,10254.8,10260.15,14:40:00,10271.205695493329,4,66
2018-03-09,10246.35,10256.15,10243.55,10255.7,14:45:00,10268.838486398728,4,67
2018-03-09,10228.3,10246.05,10225.0,10246.05,14:50:00,10264.977678170277,4,68
2018-03-09,10233.55,10235.9,10222.15,10228.15,14:55:00,10261.984565963585,4,69
2018-03-09,10215.35,10238.0,10211.9,10234.55,15:00:00,10257.543178728956,4,70
2018-03-09,10230.4,10230.45,10212.55,10215.45,15:05:00,10254.958114088104,4,71
2018-03-09,10225.95,10231.8,10221.35,10230.15,15:10:00,10252.195436555903,4,72
2018-03-09,10228.75,10231.05,10223.8,10225.75,15:15:00,10249.962537836293,4,73
2018-03-09,10233.3,10233.75,10224.65,10228.8,15:20:00,10248.375629470933,4,74
2018-03-09,10229.75,10236.95,10228.65,10233.85,15:25:00,10246.60175999751,4,75
2018-03-12,10303.3,10322.95,10295.45,10299.3,09:15:00,10252.0015923787,0,1
2018-03-12,10320.15,10324.45,10303.2,10303.2,09:20:00,10258.49191691406,0,2
2018-03-12,10315.3,10328.45,10313.7,10319.9,09:25:00,10263.902210541291,0,3
2018-03-12,10304.3,10322.9,10302.9,10316.8,09:30:00,10267.749619061173,0,4
2018-03-12,10308.75,10317.5,10304.85,10304.85,09:35:00,10271.654417245822,0,5
2018-03-12,10316.45,10319.1,10304.1,10308.4,09:40:00,10275.92066322241,0,6
2018-03-12,10324.2,10325.6,10314.05,10316.3,09:45:00,10280.518695296469,0,7
2018-03-12,10331.6,10333.4,10323.4,10324.65,09:50:00,10285.38358145871,0,8
2018-03-12,10323.35,10333.65,10323.0,10331.45,09:55:00,10288.999430843593,0,9
2018-03-12,10337.8,10341.6,10321.35,10323.2,10:00:00,10293.647104096584,0,10
2018-03-12,10339.4,10341.2,10333.4,10338.1,10:05:00,10298.004522754052,0,11
2018-03-12,10333.55,10342.35,10333.5,10339.55,10:10:00,10301.389806301286,0,12
2018-03-12,10332.8,10341.0,10332.6,10333.9,10:15:00,10304.38125332021,0,13
2018-03-12,10331.35,10333.6,10329.0,10332.3,10:20:00,10306.949705384952,0,14
2018-03-12,10332.3,10334.45,10329.15,10331.75,10:25:00,10309.364019157812,0,15
2018-03-12,10332.5,10335.15,10329.35,10332.6,10:30:00,10311.567445904688,0,16
2018-03-12,10332.75,10340.05,10331.25,10332.65,10:35:00,10313.584832009004,0,17
2018-03-12,10333.25,10336.6,10331.15,10333.0,10:40:00,10315.457705151004,0,18
2018-03-12,10333.55,10336.65,10332.5,10333.45,10:45:00,10317.180780850907,0,19
2018-03-12,10324.3,10333.8,10323.45,10333.8,10:50:00,10317.85880172225,0,20
2018-03-12,10322.2,10325.4,10321.5,10324.85,10:55:00,10318.272249177277,0,21
2018-03-12,10328.7,10329.35,10321.2,10322.4,11:00:00,10319.265368303248,0,22
2018-03-12,10327.4,10329.5,10325.7,10328.3,11:05:00,10320.04009513151,0,23
2018-03-12,10327.45,10330.35,10325.7,10327.35,11:10:00,10320.74580035708,0,24
2018-03-12,10321.1,10327.6,10320.8,10327.55,11:15:00,10320.779533656409,0,25
2018-03-12,10324.55,10324.55,10319.2,10321.25,11:20:00,10321.13862568913,0,26
2018-03-12,10318.6,10325.0,10317.8,10324.6,11:25:00,10320.896851813974,0,27
2018-03-12,10317.05,10321.65,10317.05,10318.5,11:30:00,10320.530484974548,0,28
2018-03-12,10316.9,10317.75,10312.0,10317.75,11:35:00,10320.18472450078,0,29
2018-03-12,10321.45,10323.5,10314.7,10317.2,11:40:00,10320.305226929278,0,30
2018-03-12,10324.8,10325.55,10319.55,10321.7,11:45:00,10320.73330055506,0,31
2018-03-12,10322.85,10324.65,10320.95,10324.6,11:50:00,10320.934890978388,0,32
2018-03-12,10325.75,10327.25,10322.65,10323.15,11:55:00,10321.393472789969,0,33
2018-03-12,10323.2,10326.05,10320.5,10326.05,12:00:00,10321.565523000449,0,34
2018-03-12,10322.0,10325.2,10321.75,10323.25,12:05:00,10321.606901762309,0,35
2018-03-12,10322.6,10323.65,10320.8,10322.45,12:10:00,10321.70148254685,0,36
2018-03-12,10316.3,10323.1,10315.6,10323.1,12:15:00,10321.187055637629,0,37
2018-03-12,10321.45,10322.3,10316.25,10316.65,12:20:00,10321.212097957854,0,38
2018-03-12,10317.65,10322.9,10317.05,10321.8,12:25:00,10320.872850533297,0,39
2018-03-12,10325.0,10325.85,10317.3,10317.75,12:30:00,10321.265912387267,0,40
2018-03-12,10322.85,10326.7,10322.2,10325.95,12:35:00,10321.416777874196,0,41
2018-03-12,10326.9,10328.1,10322.05,10322.95,12:40:00,10321.938989505225,0,42
2018-03-12,10331.0,10334.8,10326.6,10327.35,12:45:00,10322.80194288568,0,43
2018-03-12,10329.05,10332.9,10329.05,10331.1,12:50:00,10323.396995944186,0,44
2018-03-12,10330.5,10334.45,10327.25,10329.55,12:55:00,10324.07347252093,0,45
2018-03-12,10331.75,10331.75,10326.6,10330.95,13:00:00,10324.80457037608,0,46
2018-03-12,10339.35,10343.95,10332.0,10332.05,13:05:00,10326.189849387883,0,47
2018-03-12,10344.55,10351.05,10339.95,10340.35,13:10:00,10327.938435160468,0,48
2018-03-12,10343.7,10348.7,10343.2,10345.2,13:15:00,10329.439536573756,0,49
2018-03-12,10352.05,10356.1,10343.15,10343.95,13:20:00,10331.592914042922,0,50
2018-03-12,10343.4,10352.3,10341.55,10352.3,13:25:00,10332.717398419789,0,51
2018-03-12,10353.2,10358.8,10342.6,10344.15,13:30:00,10334.668122379808,0,52
2018-03-12,10360.2,10365.4,10352.15,10353.5,13:35:00,10337.099729772206,0,53
2018-03-12,10355.8,10361.2,10353.0,10360.6,13:40:00,10338.88070788914,0,54
2018-03-12,10357.25,10357.8,10352.2,10356.35,13:45:00,10340.630164280648,0,55
2018-03-12,10359.9,10362.95,10356.6,10358.2,13:50:00,10342.46538673011,0,56
2018-03-12,10366.55,10367.0,10358.1,10359.85,13:55:00,10344.75915942248,0,57
2018-03-12,10354.35,10368.95,10352.8,10366.85,14:00:00,10345.672572810814,0,58
2018-03-12,10360.45,10360.7,10353.35,10355.05,14:05:00,10347.079946828831,0,59
2018-03-12,10371.25,10373.8,10360.55,10360.6,14:10:00,10349.38185665466,0,60
2018-03-12,10365.05,10372.6,10364.55,10371.45,14:15:00,10350.874060782788,0,61
2018-03-12,10367.75,10369.9,10361.3,10364.9,14:20:00,10352.481293089188,0,62
2018-03-12,10367.75,10377.3,10366.35,10368.45,14:25:00,10353.93545565212,0,63
2018-03-12,10370.95,10375.75,10367.5,10367.7,14:30:00,10355.555888447156,0,64
2018-03-12,10372.05,10376.5,10370.3,10371.2,14:35:00,10357.126756214097,0,65
2018-03-12,10385.3,10388.3,10372.2,10372.3,14:40:00,10359.809922288943,0,66
2018-03-12,10384.15,10389.5,10383.45,10384.95,14:45:00,10362.128024928092,0,67
2018-03-12,10392.1,10398.0,10384.4,10384.7,14:50:00,10364.982498744464,0,68
2018-03-12,10404.7,10405.25,10391.65,10392.15,14:55:00,10368.765117911658,0,69
2018-03-12,10411.8,10411.8,10401.25,10405.05,15:00:00,10372.863678110549,0,70
2018-03-12,10416.45,10422.85,10411.7,10411.8,15:05:00,10377.014756385734,0,71
2018-03-12,10427.6,10431.6,10416.55,10416.65,15:10:00,10381.832398634711,0,72
2018-03-12,10422.8,10433.65,10421.95,10427.75,15:15:00,10385.734074955217,0,73
2018-03-12,10423.85,10428.9,10422.05,10422.9,15:20:00,10389.36416305472,0,74
2018-03-12,10423.9,10425.25,10420.05,10424.3,15:25:00,10392.65329038284,0,75
2018-03-13,10428.8,10432.6,10381.95,10386.0,09:15:00,10396.095834155904,1,1
2018-03-13,10438.75,10441.05,10423.7,10429.55,09:20:00,10400.158135664864,1,2
2018-03-13,10429.0,10438.7,10422.75,10438.55,09:25:00,10402.904979887258,1,3
2018-03-13,10420.65,10432.95,10415.35,10430.6,09:30:00,10404.594981802758,1,4
2018-03-13,10416.1,10420.8,10409.5,10420.2,09:35:00,10405.690697821545,1,5
2018-03-13,10426.1,10427.05,10416.65,10416.65,09:40:00,10407.63444088616,1,6
2018-03-13,10441.05,10442.3,10425.05,10426.5,09:45:00,10410.816875087476,1,7
2018-03-13,10435.25,10442.35,10433.5,10441.1,09:50:00,10413.14383936486,1,8
2018-03-13,10445.1,10445.95,10434.95,10435.4,09:55:00,10416.187283234873,1,9
2018-03-13,10445.0,10453.3,10443.0,10444.95,10:00:00,10418.93135149822,1,10
2018-03-13,10449.65,10450.0,10441.0,10444.95,10:05:00,10421.856937069815,1,11
2018-03-13,10454.3,10459.95,10448.25,10450.2,10:10:00,10424.946752586977,1,12
2018-03-13,10454.3,10460.8,10450.8,10454.35,10:15:00,10427.742299959646,1,13
2018-03-13,10464.85,10465.25,10453.65,10454.1,10:20:00,10431.276366630154,1,14
2018-03-13,10466.3,10472.4,10463.3,10466.0,10:25:00,10434.611950760614,1,15
2018-03-13,10474.55,10476.7,10463.7,10468.55,10:30:00,10438.4155744977,1,16
2018-03-13,10470.5,10478.6,10470.5,10476.0,10:35:00,10441.471234069348,1,17
2018-03-13,10465.85,10471.65,10465.35,10471.65,10:40:00,10443.79302130084,1,18
2018-03-13,10458.0,10466.6,10457.65,10466.45,10:45:00,10445.146066891237,1,19
2018-03-13,10462.1,10462.65,10452.45,10457.45,10:50:00,10446.760727187308,1,20
2018-03-13,10459.3,10466.2,10459.2,10462.15,10:55:00,10447.95494364566,1,21
2018-03-13,10459.8,10462.55,10457.0,10459.25,11:00:00,10449.083044250834,1,22
2018-03-13,10461.35,10463.15,10457.35,10460.6,11:05:00,10450.251325750756,1,23
2018-03-13,10456.5,10461.4,10455.4,10461.3,11:10:00,10450.846437584018,1,24
2018-03-13,10453.75,10456.85,10451.6,10455.85,11:15:00,10451.122967337922,1,25
2018-03-13,10450.25,10453.75,10448.3,10453.25,11:20:00,10451.039827591454,1,26
2018-03-13,10454.25,10455.1,10449.55,10450.15,11:25:00,10451.34555829703,1,27
2018-03-13,10446.95,10454.35,10445.25,10454.05,11:30:00,10450.926933697312,1,28
2018-03-13,10450.7,10453.1,10445.75,10446.7,11:35:00,10450.905320964232,1,29
2018-03-13,10455.05,10457.15,10450.6,10450.6,11:40:00,10451.300052300974,1,30
2018-03-13,10460.1,10460.35,10453.85,10455.3,11:45:00,10452.138142558026,1,31
2018-03-13,10459.35,10464.1,10458.5,10459.95,11:50:00,10452.824986123927,1,32
2018-03-13,10454.85,10462.05,10454.3,10459.05,11:55:00,10453.017844588316,1,33
2018-03-13,10455.2,10459.15,10454.5,10455.35,12:00:00,10453.22566891324,1,34
2018-03-13,10453.35,10456.65,10453.0,10455.35,12:05:00,10453.23750996912,1,35
2018-03-13,10454.9,10455.2,10452.35,10453.55,12:10:00,10453.395842353017,1,36
2018-03-13,10450.05,10456.35,10450.0,10454.8,12:15:00,10453.077190700347,1,37
2018-03-13,10449.15,10450.1,10446.05,10450.0,12:20:00,10452.70317253841,1,38
2018-03-13,10452.3,10454.35,10448.85,10448.85,12:25:00,10452.6647751538,1,39
2018-03-13,10457.0,10457.0,10451.5,10452.1,12:30:00,10453.07765371058,1,40
2018-03-13,10457.9,10458.85,10455.85,10456.1,12:35:00,10453.536924785763,1,41
2018-03-13,10456.25,10461.95,10456.25,10457.85,12:40:00,10453.795312901406,1,42
2018-03-13,10461.1,10463.35,10456.15,10456.4,12:45:00,10454.490997386984,1,43
2018-03-13,10460.5,10463.95,10455.5,10461.05,12:50:00,10455.06328335013,1,44
2018-03-13,10468.3,10471.15,10459.5,10460.35,12:55:00,10456.32392303107,1,45
2018-03-13,10459.7,10468.8,10458.75,10468.15,13:00:00,10456.645454170968,1,46
2018-03-13,10454.15,10459.75,10453.2,10459.55,13:05:00,10456.40779186897,1,47
2018-03-13,10464.55,10471.0,10453.9,10454.2,13:10:00,10457.183240262402,1,48
2018-03-13,10461.65,10465.05,10459.4,10464.4,13:15:00,10457.608645951696,1,49
2018-03-13,10455.9,10462.25,10453.9,10461.9,13:20:00,10457.44591776582,1,50
2018-03-13,10456.65,10462.2,10455.65,10455.65,13:25:00,10457.370116073838,1,51
2018-03-13,10455.9,10459.75,10453.8,10456.6,13:30:00,10457.230105019187,1,52
2018-03-13,10460.55,10463.05,10456.1,10456.1,13:35:00,10457.54628549355,1,53
2018-03-13,10464.45,10467.35,10459.2,10461.85,13:40:00,10458.203782113213,1,54
2018-03-13,10469.9,10474.85,10463.35,10465.6,13:45:00,10459.31770762624,1,55
2018-03-13,10434.35,10471.9,10431.45,10471.05,13:50:00,10456.939830709456,1,56
2018-03-13,10397.5,10435.55,10389.65,10435.55,13:55:00,10451.278894451412,1,57
2018-03-13,10402.5,10420.25,10396.95,10399.5,14:00:00,10446.63328545604,1,58
2018-03-13,10394.4,10404.0,10377.85,10404.0,14:05:00,10441.65868684118,1,59
2018-03-13,10388.65,10401.2,10383.15,10394.45,14:10:00,10436.610240475353,1,60
2018-03-13,10402.45,10409.7,10387.6,10389.25,14:15:00,10433.356884239603,1,61
2018-03-13,10414.5,10415.25,10400.5,10402.6,14:20:00,10431.5609905025,1,62
2018-03-13,10405.8,10419.0,10400.7,10414.55,14:25:00,10429.107562835596,1,63
2018-03-13,10396.9,10409.25,10393.95,10405.5,14:30:00,10426.040175898872,1,64
2018-03-13,10397.85,10399.85,10389.75,10395.7,14:35:00,10423.355397241836,1,65
2018-03-13,10385.35,10399.15,10379.05,10397.9,14:40:00,10419.735835599757,1,66
2018-03-13,10391.25,10399.45,10385.4,10385.5,14:45:00,10417.02289887597,1,67
2018-03-13,10414.95,10418.15,10390.25,10391.95,14:50:00,10416.825479935402,1,68
2018-03-13,10430.1,10446.45,10414.75,10414.75,14:55:00,10418.089719941554,1,69
2018-03-13,10435.05,10442.85,10419.6,10434.1,15:00:00,10419.704984709024,1,70
2018-03-13,10440.05,10442.75,10432.8,10437.2,15:05:00,10421.642605212926,1,71
2018-03-13,10410.4,10442.75,10409.75,10440.6,15:10:00,10420.571880906931,1,72
2018-03-13,10421.3,10424.55,10412.4,10412.4,15:15:00,10420.641225582463,1,73
2018-03-13,10428.4,10431.55,10419.5,10422.35,15:20:00,10421.38015647937,1,74
2018-03-13,10424.95,10429.5,10419.6,10429.2,15:25:00,10421.720141576574,1,75
2018-03-14,10395.75,10401.9,10386.7,10389.05,09:15:00,10419.246794759758,2,1
2018-03-14,10402.1,10407.05,10387.75,10396.05,09:20:00,10417.6137666874,2,2
2018-03-14,10385.95,10404.2,10385.8,10402.15,09:25:00,10414.598169860028,2,3
2018-03-14,10374.2,10390.85,10374.2,10386.2,09:30:00,10410.750725111451,2,4
2018-03-14,10383.85,10384.2,10371.1,10373.45,09:35:00,10408.188751291316,2,5
2018-03-14,10380.85,10387.8,10376.25,10384.05,09:40:00,10405.585060692145,2,6
2018-03-14,10381.5,10388.9,10380.3,10380.75,09:45:00,10403.29124538813,2,7
2018-03-14,10386.05,10386.1,10379.0,10381.45,09:50:00,10401.649222017832,2,8
2018-03-14,10384.65,10390.55,10380.15,10386.25,09:55:00,10400.030248492323,2,9
2018-03-14,10381.25,10384.4,10377.75,10384.05,10:00:00,10398.241653397818,2,10
2018-03-14,10387.0,10388.9,10381.65,10381.85,10:05:00,10397.171019740885,2,11
2018-03-14,10384.7,10391.05,10382.35,10386.95,10:10:00,10395.983303575083,2,12
2018-03-14,10383.3,10384.5,10378.15,10384.5,10:15:00,10394.775369901266,2,13
2018-03-14,10389.8,10394.45,10383.5,10383.5,10:20:00,10394.301525148763,2,14
2018-03-14,10393.6,10399.3,10387.7,10389.9,10:25:00,10394.234713229836,2,15
2018-03-14,10390.1,10395.9,10389.4,10393.15,10:30:00,10393.840931017468,2,16
2018-03-14,10388.15,10390.1,10384.2,10389.5,10:35:00,10393.298937587231,2,17
2018-03-14,10392.5,10392.5,10385.15,10388.05,10:40:00,10393.222848293211,2,18
2018-03-14,10388.25,10393.5,10388.0,10391.9,10:45:00,10392.74924369386,2,19
2018-03-14,10385.8,10390.6,10383.25,10388.05,10:50:00,10392.08741096111,2,20
2018-03-14,10384.05,10388.3,10384.05,10385.7,10:55:00,10391.321943250528,2,21
2018-03-14,10375.05,10384.1,10372.35,10383.95,11:00:00,10389.772234369526,2,22
2018-03-14,10378.15,10380.15,10370.3,10374.75,11:05:00,10388.66535490576,2,23
2018-03-14,10376.6,10378.7,10374.95,10378.1,11:10:00,10387.516273486164,2,24
2018-03-14,10372.5,10377.7,10370.15,10376.75,11:15:00,10386.086152201768,2,25
2018-03-14,10370.1,10372.7,10364.4,10372.1,11:20:00,10384.563661515886,2,26
2018-03-14,10363.45,10371.55,10362.3,10370.2,11:25:00,10382.552836609611,2,27
2018-03-14,10366.55,10368.05,10359.45,10363.25,11:30:00,10381.028756932505,2,28
2018-03-14,10362.45,10367.6,10360.3,10366.7,11:35:00,10379.259351510362,2,29
2018-03-14,10355.5,10362.6,10352.85,10362.15,11:40:00,10376.996556128424,2,30
2018-03-14,10363.1,10367.9,10353.75,10355.3,11:45:00,10375.673074592383,2,31
2018-03-14,10362.25,10365.05,10357.25,10363.6,11:50:00,10374.394686535969,2,32
2018-03-14,10356.25,10363.15,10356.2,10362.5,11:55:00,10372.666621151588,2,33
2018-03-14,10354.05,10359.85,10349.7,10355.9,12:00:00,10370.893609613342,2,34
2018-03-14,10355.2,10357.55,10349.2,10353.65,12:05:00,10369.398980126358,2,35
2018-03-14,10354.5,10357.8,10352.4,10354.2,12:10:00,10367.980029638133,2,36
2018-03-14,10356.6,10360.95,10353.55,10354.15,12:15:00,10366.896217291644,2,37
2018-03-14,10341.65,10357.45,10337.55,10356.25,12:20:00,10364.49181564482,2,38
2018-03-14,10346.45,10346.85,10336.3,10341.4,12:25:00,10362.77354748817,2,39
2018-03-14,10348.65,10351.3,10344.45,10346.0,12:30:00,10361.428447727392,2,40
2018-03-14,10345.2,10348.8,10343.35,10348.3,12:35:00,10359.882881277164,2,41
2018-03-14,10352.1,10355.8,10345.2,10345.45,12:40:00,10359.141654488863,2,42
2018-03-14,10349.55,10358.1,10349.55,10352.15,12:45:00,10358.22816358516,2,43
2018-03-14,10359.1,10359.1,10348.05,10349.45,12:50:00,10358.31119562467,2,44
2018-03-14,10361.35,10364.7,10358.5,10359.0,12:55:00,10358.600605565178,2,45
2018-03-14,10364.55,10375.1,10361.45,10361.45,13:00:00,10359.167214558973,2,46
2018-03-14,10354.6,10365.65,10353.7,10364.5,13:05:00,10358.73224174383,2,47
2018-03-14,10364.45,10365.35,10354.05,10354.2,13:10:00,10359.27679014918,2,48
2018-03-14,10361.7,10371.1,10361.7,10364.15,13:15:00,10359.507572039736,2,49
2018-03-14,10367.9,10368.35,10360.95,10361.65,13:20:00,10360.306850893094,2,50
2018-03-14,10366.9,10371.2,10365.3,10368.05,13:25:00,10360.934769855658,2,51
2018-03-14,10377.85,10377.85,10367.2,10367.2,13:30:00,10362.54574415512,2,52
2018-03-14,10379.55,10389.05,10377.6,10377.8,13:35:00,10364.165197092729,2,53
2018-03-14,10370.05,10380.4,10369.8,10379.45,13:40:00,10364.725654512467,2,54
2018-03-14,10373.35,10378.9,10368.8,10369.7,13:45:00,10365.547020749374,2,55
2018-03-14,10376.3,10380.4,10372.55,10373.1,13:50:00,10366.57111401134,2,56
2018-03-14,10369.5,10376.55,10363.1,10375.9,13:55:00,10366.85005553407,2,57
2018-03-14,10369.2,10375.2,10365.3,10369.45,14:00:00,10367.07385976892,2,58
2018-03-14,10369.8,10376.3,10368.2,10369.7,14:05:00,10367.33349217188,2,59
2018-03-14,10363.2,10373.6,10363.2,10370.25,14:10:00,10366.93982625075,2,60
2018-03-14,10368.15,10370.4,10362.15,10363.8,14:15:00,10367.055080893537,2,61
2018-03-14,10363.55,10370.15,10363.45,10368.0,14:20:00,10366.72126366558,2,62
2018-03-14,10364.3,10365.1,10358.05,10363.3,14:25:00,10366.490667126,2,63
2018-03-14,10378.05,10381.45,10364.1,10364.1,14:30:00,10367.591555971145,2,64
2018-03-14,10390.1,10390.1,10372.7,10377.75,14:35:00,10369.735217307223,2,65
2018-03-14,10396.2,10396.6,10383.95,10390.15,14:40:00,10372.255672801775,2,66
2018-03-14,10404.75,10408.9,10395.3,10397.15,14:45:00,10375.350370630176,2,67
2018-03-14,10401.95,10405.55,10397.65,10404.9,14:50:00,10377.883668665398,2,68
2018-03-14,10395.2,10404.8,10393.0,10402.55,14:55:00,10379.532843078216,2,69
2018-03-14,10398.45,10405.7,10396.9,10396.9,15:00:00,10381.334477070768,2,70
2018-03-14,10412.4,10415.6,10398.95,10399.6,15:05:00,10384.293098302123,2,71
2018-03-14,10409.0,10416.55,10407.4,10413.0,15:10:00,10386.646136559064,2,72
2018-03-14,10411.95,10412.4,10406.95,10409.85,15:15:00,10389.056028315345,2,73
2018-03-14,10416.2,10418.5,10410.8,10412.1,15:20:00,10391.641168475788,2,74
2018-03-14,10416.75,10420.35,10413.2,10416.6,15:25:00,10394.032485763808,2,75
2018-03-15,10398.0,10410.95,10389.85,10403.05,09:15:00,10394.410344262493,3,1
2018-03-15,10395.55,10410.2,10394.75,10397.8,09:20:00,10394.51888290416,3,2
2018-03-15,10398.2,10403.25,10387.1,10395.2,09:25:00,10394.869465484717,3,3
2018-03-15,10390.5,10402.8,10388.05,10398.45,09:30:00,10394.453325914745,3,4
2018-03-15,10391.65,10394.95,10387.15,10390.1,09:35:00,10394.186342494291,3,5
2018-03-15,10394.25,10396.55,10391.45,10391.8,09:40:00,10394.19240511388,3,6
2018-03-15,10394.75,10401.65,10392.0,10394.15,09:45:00,10394.24550938875,3,7
2018-03-15,10394.85,10398.35,10390.9,10394.95,09:50:00,10394.303079923156,3,8
2018-03-15,10399.75,10401.9,10393.15,10394.65,09:55:00,10394.821834216187,3,9
2018-03-15,10415.95,10416.25,10399.95,10399.95,10:00:00,10396.834040481312,3,10
2018-03-15,10411.55,10420.0,10411.4,10416.05,10:05:00,10398.235560435474,3,11
2018-03-15,10410.9,10413.6,10408.3,10411.65,10:10:00,10399.441697536857,3,12
2018-03-15,10409.15,10412.3,10407.4,10410.75,10:15:00,10400.366297771445,3,13
2018-03-15,10416.55,10416.75,10407.5,10409.7,10:20:00,10401.90760274559,3,14
2018-03-15,10412.4,10419.25,10411.0,10415.95,10:25:00,10402.90687867458,3,15
2018-03-15,10406.85,10412.7,10402.95,10412.3,10:30:00,10403.282414038908,3,16
2018-03-15,10401.45,10411.75,10401.15,10407.05,10:35:00,10403.107898416154,3,17
2018-03-15,10394.85,10403.25,10394.85,10401.6,10:40:00,10402.321431900333,3,18
2018-03-15,10393.0,10395.1,10387.05,10395.0,10:45:00,10401.43367648125,3,19
2018-03-15,10392.15,10398.55,10392.15,10393.05,10:50:00,10400.54951681637,3,20
2018-03-15,10394.95,10397.25,10390.65,10392.45,10:55:00,10400.016229500528,3,21
2018-03-15,10396.35,10400.5,10394.1,10394.35,11:00:00,10399.66706478619,3,22
2018-03-15,10390.9,10397.0,10388.2,10396.45,11:05:00,10398.832106235124,3,23
2018-03-15,10383.95,10393.45,10383.75,10390.75,11:10:00,10397.41476278416,3,24
2018-03-15,10383.45,10387.4,10379.55,10383.45,11:15:00,10396.084785376146,3,25
2018-03-15,10384.65,10385.1,10382.55,10383.65,11:20:00,10394.995758197463,3,26
2018-03-15,10378.35,10384.95,10376.95,10384.95,11:25:00,10393.410447892944,3,27
2018-03-15,10384.15,10384.45,10378.2,10378.4,11:30:00,10392.52850047457,3,28
2018-03-15,10381.75,10386.2,10381.25,10384.25,11:35:00,10391.50197661985,3,29
2018-03-15,10384.85,10385.65,10380.2,10381.95,11:40:00,10390.868455037004,3,30
2018-03-15,10389.05,10389.05,10384.85,10385.0,11:45:00,10390.695268843005,3,31
2018-03-15,10383.3,10390.1,10382.3,10388.8,11:50:00,10389.990957524624,3,32
2018-03-15,10383.3,10386.2,10383.0,10383.8,11:55:00,10389.35372347466,3,33
2018-03-15,10385.25,10385.7,10382.45,10383.35,12:00:00,10388.96289266755,3,34
2018-03-15,10384.2,10386.5,10383.0,10385.35,12:05:00,10388.50928384207,3,35
2018-03-15,10387.25,10387.4,10382.1,10384.1,12:10:00,10388.389352047589,3,36
2018-03-15,10393.95,10396.7,10386.7,10387.45,12:15:00,10388.918937566865,3,37
2018-03-15,10393.4,10395.45,10391.65,10393.9,12:20:00,10389.34570541764,3,38
2018-03-15,10399.85,10400.1,10393.35,10393.35,12:25:00,10390.346114425483,3,39
2018-03-15,10395.35,10400.9,10394.75,10399.4,12:30:00,10390.82267495639,3,40
2018-03-15,10398.8,10401.9,10394.85,10395.45,12:35:00,10391.582420198638,3,41
2018-03-15,10394.0,10398.85,10392.0,10398.65,12:40:00,10391.812665894004,3,42
2018-03-15,10394.2,10395.6,10393.45,10393.95,12:45:00,10392.040031046956,3,43
2018-03-15,10390.45,10394.0,10389.5,10394.0,12:50:00,10391.888599518676,3,44
2018-03-15,10395.25,10398.05,10390.0,10390.0,12:55:00,10392.208732897849,3,45
2018-03-15,10393.8,10400.6,10391.7,10395.45,13:00:00,10392.360282145672,3,46
2018-03-15,10393.2,10395.45,10391.35,10393.15,13:05:00,10392.440255274658,3,47
2018-03-15,10402.4,10402.65,10392.75,10392.75,13:10:00,10393.38880239136,3,48
2018-03-15,10406.7,10406.9,10400.7,10402.25,13:15:00,10394.656535496944,3,49
2018-03-15,10400.3,10407.1,10400.1,10406.5,13:20:00,10395.194008306758,3,50
2018-03-15,10398.75,10400.9,10394.5,10400.35,13:25:00,10395.532674182306,3,51
2018-03-15,10401.25,10403.15,10397.1,10398.5,13:30:00,10396.07718140304,3,52
2018-03-15,10396.2,10401.6,10395.3,10401.45,13:35:00,10396.088878412274,3,53
2018-03-15,10396.2,10402.75,10393.9,10396.05,13:40:00,10396.09946142063,3,54
2018-03-15,10388.2,10396.45,10385.2,10396.15,13:45:00,10395.347131761522,3,55
2018-03-15,10388.05,10390.35,10385.8,10388.7,13:50:00,10394.652166831856,3,56
2018-03-15,10377.75,10390.35,10377.55,10389.15,13:55:00,10393.042436657392,3,57
2018-03-15,10373.15,10379.7,10359.8,10377.7,14:00:00,10391.1479188805,3,58
2018-03-15,10369.95,10378.55,10367.35,10373.05,14:05:00,10389.129069463308,3,59
2018-03-15,10366.0,10372.4,10357.5,10369.15,14:10:00,10386.926300942992,3,60
2018-03-15,10368.3,10370.0,10358.6,10366.05,14:15:00,10385.152367519851,3,61
2018-03-15,10373.75,10376.3,10368.35,10368.35,14:20:00,10384.066427756055,3,62
2018-03-15,10368.85,10378.05,10365.4,10374.0,14:25:00,10382.617244160245,3,63
2018-03-15,10379.55,10379.55,10368.75,10370.75,14:30:00,10382.32512566879,3,64
2018-03-15,10385.5,10389.15,10377.55,10379.65,14:35:00,10382.627494652716,3,65
2018-03-15,10385.6,10389.7,10383.05,10385.85,14:40:00,10382.910590400075,3,66
2018-03-15,10377.4,10388.8,10377.4,10384.95,14:45:00,10382.385772266738,3,67
2018-03-15,10383.2,10386.65,10377.5,10377.5,14:50:00,10382.463317765145,3,68
2018-03-15,10376.35,10387.85,10376.0,10382.7,14:55:00,10381.881097025607,3,69
2018-03-15,10369.75,10384.3,10367.3,10377.0,15:00:00,10380.72575445174,3,70
2018-03-15,10371.05,10375.5,10369.35,10369.85,15:05:00,10379.804254027766,3,71
2018-03-15,10364.4,10373.7,10358.65,10371.45,15:10:00,10378.3371822156,3,72
2018-03-15,10358.15,10367.85,10352.8,10364.8,15:15:00,10376.41459343316,3,73
2018-03-15,10350.6,10358.45,10350.5,10357.95,15:20:00,10373.95606072524,3,74
2018-03-15,10351.75,10353.4,10346.2,10351.95,15:25:00,10371.841197799027,3,75
2018-03-16,10313.5,10342.2,10312.8,10342.2,09:15:00,10366.28489324674,4,1
2018-03-16,10321.6,10321.95,10309.2,10313.85,09:20:00,10362.029189128,4,2
2018-03-16,10312.55,10325.7,10310.7,10321.9,09:25:00,10357.316885401524,4,3
2018-03-16,10313.2,10320.6,10310.7,10313.0,09:30:00,10353.115277268043,4,4
2018-03-16,10314.55,10315.0,10303.05,10313.15,09:35:00,10349.442393718708,4,5
2018-03-16,10324.15,10324.9,10314.3,10315.4,09:40:00,10347.033594316928,4,6
2018-03-16,10311.25,10329.05,10310.95,10323.6,09:45:00,10343.62563295341,4,7
2018-03-16,10314.35,10316.85,10307.8,10312.3,09:50:00,10340.83747743404,4,8
2018-03-16,10309.6,10316.25,10304.85,10314.8,09:55:00,10337.862479583178,4,9
2018-03-16,10308.1,10316.4,10308.1,10309.95,10:00:00,10335.027957718114,4,10
2018-03-16,10308.65,10309.1,10302.15,10308.0,10:05:00,10332.515771268769,4,11
2018-03-16,10306.0,10310.1,10304.45,10308.75,10:10:00,10329.990459719362,4,12
2018-03-16,10306.3,10306.4,10300.6,10305.85,10:15:00,10327.734225460374,4,13
2018-03-16,10298.65,10307.1,10295.4,10306.15,10:20:00,10324.964299226052,4,14
2018-03-16,10299.5,10304.65,10298.55,10298.55,10:25:00,10322.53912787119,4,15
2018-03-16,10300.05,10301.9,10293.4,10299.75,10:30:00,10320.397306169172,4,16
2018-03-16,10303.05,10309.4,10299.95,10300.3,10:35:00,10318.745181772108,4,17
2018-03-16,10301.15,10308.05,10301.0,10302.9,10:40:00,10317.069450174764,4,18
2018-03-16,10308.9,10309.1,10300.65,10301.7,10:45:00,10316.291407300976,4,19
2018-03-16,10305.55,10311.15,10304.0,10308.4,10:50:00,10315.268416129456,4,20
2018-03-16,10298.8,10306.65,10297.85,10305.4,10:55:00,10313.699995545698,4,21
2018-03-16,10302.9,10304.4,10299.0,10299.0,11:00:00,10312.671424541346,4,22
2018-03-16,10302.95,10302.95,10300.3,10302.75,11:05:00,10311.745574585027,4,23
2018-03-16,10302.45,10305.4,10301.45,10302.65,11:10:00,10310.860281767407,4,24
2018-03-16,10303.25,10305.1,10302.5,10302.5,11:15:00,10310.135493027654,4,25
2018-03-16,10295.45,10303.8,10293.85,10303.15,11:20:00,10308.736874644068,4,26
2018-03-16,10294.6,10299.9,10293.05,10295.7,11:25:00,10307.390505630348,4,27
2018-03-16,10289.15,10295.25,10285.55,10294.9,11:30:00,10305.653314617934,4,28
2018-03-16,10290.95,10295.1,10288.9,10289.05,11:35:00,10304.252998940035,4,29
2018-03-16,10290.1,10291.65,10285.0,10291.2,11:40:00,10302.90509427908,4,30
2018-03-16,10286.85,10290.35,10284.9,10290.25,11:45:00,10301.376037681071,4,31
2018-03-16,10275.9,10288.2,10274.4,10286.8,11:50:00,10298.949748378114,4,32
2018-03-16,10280.7,10283.85,10275.9,10276.0,11:55:00,10297.21167710401,4,33
2018-03-16,10273.1,10281.7,10272.2,10281.3,12:00:00,10294.915326903629,4,34
2018-03-16,10276.75,10277.7,10270.8,10272.9,12:05:00,10293.185295769948,4,35
2018-03-16,10272.6,10278.1,10272.6,10277.25,12:10:00,10291.224791410908,4,36
2018-03-16,10259.5,10272.85,10258.9,10272.75,12:15:00,10288.203382705107,4,37
2018-03-16,10267.0,10268.1,10259.45,10259.45,12:20:00,10286.184012923668,4,38
2018-03-16,10271.05,10272.3,10264.35,10266.95,12:25:00,10284.742678359507,4,39
2018-03-16,10271.9,10273.4,10269.25,10271.45,12:30:00,10283.519566134792,4,40
2018-03-16,10267.2,10273.35,10263.25,10272.45,12:35:00,10281.965321741003,4,41
2018-03-16,10258.4,10267.65,10257.1,10267.45,12:40:00,10279.721005384718,4,42
2018-03-16,10262.3,10264.9,10258.0,10258.95,12:45:00,10278.061862014743,4,43
2018-03-16,10269.85,10270.95,10262.1,10262.15,12:50:00,10277.279779918104,4,44
2018-03-16,10274.05,10274.9,10266.65,10269.95,12:55:00,10276.972181830666,4,45
2018-03-16,10270.05,10274.2,10269.75,10273.8,13:00:00,10276.312926418224,4,46
2018-03-16,10261.3,10272.45,10261.05,10271.1,13:05:00,10274.883123902202,4,47
2018-03-16,10262.05,10267.15,10261.4,10261.6,13:10:00,10273.660921625802,4,48
2018-03-16,10253.85,10263.4,10253.4,10261.75,13:15:00,10271.77416718525,4,49
2018-03-16,10262.25,10263.1,10251.95,10254.0,13:20:00,10270.867103643795,4,50
2018-03-16,10257.55,10264.05,10257.4,10263.4,13:25:00,10269.598808058674,4,51
2018-03-16,10261.65,10266.55,10252.2,10258.75,13:30:00,10268.841778719752,4,52
2018-03-16,10266.25,10268.55,10263.1,10263.85,13:35:00,10268.594942651203,4,53
2018-03-16,10263.1,10275.0,10263.1,10267.85,13:40:00,10268.071614779665,4,54
2018-03-16,10266.3,10269.95,10263.45,10264.35,13:45:00,10267.902889562552,4,55
2018-03-16,10264.8,10267.95,10260.05,10267.95,13:50:00,10267.607376270882,4,56
2018-03-16,10255.25,10267.4,10254.85,10266.45,13:55:00,10266.430483292705,4,57
2018-03-16,10241.45,10260.25,10240.3,10258.05,14:00:00,10264.05138964578,4,58
2018-03-16,10244.9,10245.5,10238.65,10243.2,14:05:00,10262.227447774754,4,59
2018-03-16,10230.4,10246.55,10227.3,10246.55,14:10:00,10259.196262272397,4,60
2018-03-16,10227.3,10234.15,10220.65,10232.45,14:15:00,10256.158523008358,4,61
2018-03-16,10229.1,10232.0,10223.25,10229.25,14:20:00,10253.581520817086,4,62
2018-03-16,10227.7,10238.9,10225.15,10229.7,14:25:00,10251.116614072602,4,63
2018-03-16,10210.95,10232.15,10206.45,10231.1,14:30:00,10247.291222256164,4,64
2018-03-16,10215.1,10215.1,10203.75,10212.5,14:35:00,10244.225391565102,4,65
2018-03-16,10203.2,10217.0,10200.9,10216.15,14:40:00,10240.318211416045,4,66
2018-03-16,10195.9,10205.2,10189.3,10205.2,14:45:00,10236.087905566896,4,67
2018-03-16,10201.95,10203.3,10185.6,10195.85,14:50:00,10232.83667646529,4,68
2018-03-16,10210.15,10213.45,10199.9,10201.65,14:55:00,10230.676040611452,4,69
2018-03-16,10187.3,10211.45,10184.65,10209.4,15:00:00,10226.544989124648,4,70
2018-03-16,10185.8,10187.5,10180.7,10186.3,15:05:00,10222.66451396992,4,71
2018-03-16,10189.3,10189.4,10180.25,10185.3,15:10:00,10219.48694121088,4,72
2018-03-16,10202.4,10204.4,10188.2,10188.2,15:15:00,10217.85961347651,4,73
2018-03-16,10204.85,10208.15,10201.25,10201.7,15:20:00,10216.620602669223,4,74
2018-03-16,10220.3,10220.3,10204.1,10204.15,15:25:00,10216.97102146263,4,75
2018-03-19,10214.2,10224.55,10211.75,10214.9,09:15:00,10216.707114656663,0,1
2018-03-19,10176.45,10216.55,10173.55,10214.7,09:20:00,10212.873103736983,0,2
2018-03-19,10184.45,10188.55,10169.15,10177.3,09:25:00,10210.166141476318,0,3
2018-03-19,10195.05,10195.2,10178.9,10184.25,09:30:00,10208.726508954764,0,4
2018-03-19,10199.9,10207.9,10193.45,10194.8,09:35:00,10207.88588905431,0,5
2018-03-19,10194.9,10200.05,10189.1,10199.8,09:40:00,10206.649137715804,0,6
2018-03-19,10181.45,10199.35,10178.95,10194.85,09:45:00,10204.24921983811,0,7
2018-03-19,10183.6,10184.35,10174.05,10181.2,09:50:00,10202.282627472576,0,8
2018-03-19,10171.35,10184.25,10169.8,10183.45,09:55:00,10199.336662951378,0,9
2018-03-19,10165.75,10172.25,10160.35,10171.2,10:00:00,10196.137933146483,0,10
2018-03-19,10160.7,10167.45,10157.5,10165.95,10:05:00,10192.76289189444,0,11
2018-03-19,10171.75,10172.75,10159.85,10159.85,10:10:00,10190.76166409497,0,12
2018-03-19,10167.5,10175.35,10166.8,10171.5,10:15:00,10188.546267514495,0,13
2018-03-19,10167.8,10168.8,10161.7,10167.65,10:20:00,10186.570432513116,0,14
2018-03-19,10170.9,10176.1,10163.4,10166.9,10:25:00,10185.07801036901,0,15
2018-03-19,10165.45,10172.75,10165.15,10170.0,10:30:00,10183.208676048152,0,16
2018-03-19,10157.25,10167.1,10156.55,10166.35,10:35:00,10180.736421186424,0,17
2018-03-19,10159.85,10163.7,10156.2,10158.2,10:40:00,10178.747238216289,0,18
2018-03-19,10158.4,10160.1,10153.95,10159.95,10:45:00,10176.809406005214,0,19
2018-03-19,10163.25,10166.05,10158.95,10159.4,10:50:00,10175.518034004715,0,20
2018-03-19,10162.65,10164.6,10159.65,10163.4,10:55:00,10174.292506956648,0,21
2018-03-19,10161.0,10165.0,10159.95,10162.15,11:00:00,10173.026553913158,0,22
2018-03-19,10163.45,10165.45,10160.7,10160.7,11:05:00,10172.114501159524,0,23
2018-03-19,10161.85,10164.0,10158.25,10163.3,11:10:00,10171.136929620525,0,24
2018-03-19,10160.7,10161.85,10157.2,10161.6,11:15:00,10170.14293632333,0,25
2018-03-19,10153.6,10161.8,10152.85,10160.6,11:20:00,10168.56741857825,0,26
2018-03-19,10153.85,10153.85,10145.6,10152.85,11:25:00,10167.165759666035,0,27
2018-03-19,10149.55,10154.15,10146.5,10153.3,11:30:00,10165.48806826927,0,28
2018-03-19,10145.1,10151.65,10142.55,10149.0,11:35:00,10163.54634748172,0,29
2018-03-19,10141.1,10147.6,10140.0,10144.55,11:40:00,10161.40860010251,0,30
2018-03-19,10141.9,10143.9,10136.95,10140.45,11:45:00,10159.550638187984,0,31
2018-03-19,10147.0,10147.75,10139.7,10141.8,11:50:00,10158.35533931294,0,32
2018-03-19,10164.6,10165.8,10146.1,10146.5,11:55:00,10158.950068902182,0,33
2018-03-19,10157.55,10169.75,10156.9,10163.8,12:00:00,10158.816729006736,0,34
2018-03-19,10148.9,10157.95,10148.9,10157.85,12:05:00,10157.872278625142,0,35
2018-03-19,10151.7,10151.7,10144.95,10149.1,12:10:00,10157.284442565606,0,36
2018-03-19,10144.65,10152.2,10144.0,10151.15,12:15:00,10156.08116232126,0,37
2018-03-19,10140.35,10147.0,10139.3,10143.75,12:20:00,10154.582956385902,0,38
2018-03-19,10136.5,10140.25,10134.45,10139.2,12:25:00,10152.860770063437,0,39
2018-03-19,10125.95,10137.15,10125.4,10136.7,12:30:00,10150.297839581202,0,40
2018-03-19,10128.5,10129.8,10124.2,10125.85,12:35:00,10148.221854859185,0,41
2018-03-19,10127.0,10131.35,10126.95,10128.45,12:40:00,10146.200725824976,0,42
2018-03-19,10122.2,10126.4,10117.3,10126.25,12:45:00,10143.914942413074,0,43
2018-03-19,10121.35,10123.45,10118.1,10121.9,12:50:00,10141.765900278497,0,44
2018-03-19,10124.15,10127.45,10121.15,10121.15,12:55:00,10140.088195490069,0,45
2018-03-19,10117.65,10124.8,10112.6,10123.8,13:00:00,10137.951224491017,0,46
2018-03-19,10115.6,10117.95,10112.0,10117.15,13:05:00,10135.822536444251,0,47
2018-03-19,10118.95,10120.1,10110.55,10115.15,13:10:00,10134.215628211468,0,48
2018-03-19,10120.55,10120.55,10112.4,10118.75,13:15:00,10132.914139810377,0,49
2018-03-19,10120.45,10129.0,10119.05,10120.05,13:20:00,10131.727078876054,0,50
2018-03-19,10122.3,10125.3,10118.0,10119.75,13:25:00,10130.82926184024,0,51
2018-03-19,10131.4,10132.9,10121.65,10122.05,13:30:00,10130.883617855454,0,52
2018-03-19,10130.45,10136.4,10129.25,10131.0,13:35:00,10130.842320916838,0,53
2018-03-19,10116.8,10130.4,10116.45,10130.15,13:40:00,10129.504957019995,0,54
2018-03-19,10108.6,10116.9,10106.9,10115.75,13:45:00,10127.514008732378,0,55
2018-03-19,10104.6,10109.0,10100.85,10108.25,13:50:00,10125.331722186438,0,56
2018-03-19,10099.2,10106.35,10095.35,10103.9,13:55:00,10122.842986740112,0,57
2018-03-19,10100.65,10107.4,10096.75,10099.15,14:00:00,10120.72936895534,0,58
2018-03-19,10108.05,10115.9,10094.4,10100.3,14:05:00,10119.521810007212,0,59
2018-03-19,10104.2,10109.7,10099.4,10107.75,14:10:00,10118.062590006524,0,60
2018-03-19,10103.35,10110.45,10099.75,10103.3,14:15:00,10116.661390958285,0,61
2018-03-19,10102.3,10113.0,10102.1,10103.15,14:20:00,10115.293639438449,0,62
2018-03-19,10100.9,10104.4,10095.05,10103.1,14:25:00,10113.922816634788,0,63
2018-03-19,10109.0,10113.2,10100.4,10101.4,14:30:00,10113.453976955285,0,64
2018-03-19,10118.05,10119.2,10109.5,10110.65,14:35:00,10113.891693435731,0,65
2018-03-19,10114.65,10124.7,10114.5,10118.4,14:40:00,10113.96391310852,0,66
2018-03-19,10121.0,10127.65,10115.1,10116.1,14:45:00,10114.634016621994,0,67
2018-03-19,10130.15,10133.7,10119.45,10122.8,14:50:00,10116.11172932466,0,68
2018-03-19,10134.05,10136.2,10123.8,10132.85,14:55:00,10117.820136055643,0,69
2018-03-19,10112.75,10138.4,10111.3,10135.4,15:00:00,10117.337265955108,0,70
2018-03-19,10087.3,10115.45,10085.65,10113.25,15:05:00,10114.476573959382,0,71
2018-03-19,10087.15,10091.4,10075.3,10084.2,15:10:00,10111.874043106109,0,72
2018-03-19,10091.75,10096.6,10085.6,10087.65,15:15:00,10109.957467572192,0,73
2018-03-19,10096.15,10097.05,10086.9,10091.65,15:20:00,10108.642470660554,0,74
2018-03-19,10094.2,10097.4,10091.5,10094.65,15:25:00,10107.26699726431,0,75
2018-03-20,10079.0,10080.65,10049.1,10050.45,09:15:00,10104.574902286757,1,1
2018-03-20,10057.75,10080.75,10054.95,10078.85,09:20:00,10100.115387783257,1,2
2018-03-20,10082.2,10083.5,10054.6,10057.1,09:25:00,10098.409160375328,1,3
2018-03-20,10093.2,10095.15,10081.55,10082.0,09:30:00,10097.913049863391,1,4
2018-03-20,10104.1,10106.45,10093.3,10093.55,09:35:00,10098.502283209737,1,5
2018-03-20,10103.4,10108.9,10088.95,10104.95,09:40:00,10098.968732427857,1,6
2018-03-20,10104.15,10108.05,10094.6,10103.2,09:45:00,10099.462186482344,1,7
2018-03-20,10108.2,10116.7,10101.4,10104.45,09:50:00,10100.294359198311,1,8
2018-03-20,10116.7,10118.5,10103.8,10108.35,09:55:00,10101.856801179429,1,9
2018-03-20,10104.7,10118.0,10102.7,10116.35,10:00:00,10102.127582019482,1,10
2018-03-20,10113.45,10114.65,10104.5,10105.05,10:05:00,10103.205907541436,1,11
2018-03-20,10118.35,10123.4,10111.8,10113.2,10:10:00,10104.648202061298,1,12
2018-03-20,10113.05,10123.85,10113.0,10118.6,10:15:00,10105.448373293557,1,13
2018-03-20,10114.35,10119.1,10112.35,10113.1,10:20:00,10106.296147265595,1,14
2018-03-20,10123.9,10124.6,10113.05,10115.95,10:25:00,10107.972704668871,1,15
2018-03-20,10124.55,10128.5,10120.85,10124.2,10:30:00,10109.551494700409,1,16
2018-03-20,10126.0,10131.5,10123.8,10125.25,10:35:00,10111.118019014655,1,17
2018-03-20,10123.8,10128.2,10123.1,10125.85,10:40:00,10112.325826727543,1,18
2018-03-20,10125.1,10128.65,10120.55,10124.7,10:45:00,10113.542414658254,1,19
2018-03-20,10127.85,10130.7,10124.35,10126.95,10:50:00,10114.905041833656,1,20
2018-03-20,10128.15,10131.2,10127.5,10128.15,10:55:00,10116.16646642093,1,21
2018-03-20,10116.75,10128.05,10116.75,10127.8,11:00:00,10116.222041047507,1,22
2018-03-20,10113.3,10118.95,10110.25,10116.65,11:05:00,10115.943751423934,1,23
2018-03-20,10117.15,10117.15,10111.9,10113.1,11:10:00,10116.058632240702,1,24
2018-03-20,10126.55,10128.15,10117.05,10117.3,11:15:00,10117.057810122538,1,25
2018-03-20,10135.3,10136.25,10123.4,10126.15,11:20:00,10118.79516153944,1,26
2018-03-20,10141.3,10144.35,10133.2,10135.7,11:25:00,10120.938479488064,1,27
2018-03-20,10141.8,10146.1,10139.45,10141.6,11:30:00,10122.925290965391,1,28
2018-03-20,10143.7,10146.3,10140.3,10141.7,11:35:00,10124.903834682977,1,29
2018-03-20,10147.6,10152.8,10143.85,10143.95,11:40:00,10127.065374236976,1,30
2018-03-20,10141.95,10148.85,10141.6,10147.7,11:45:00,10128.482957642978,1,31
2018-03-20,10147.25,10147.65,10139.4,10141.8,11:50:00,10130.270295010314,1,32
2018-03-20,10145.55,10149.5,10144.85,10147.4,11:55:00,10131.725505009332,1,33
2018-03-20,10147.9,10147.9,10145.3,10145.45,12:00:00,10133.26593310368,1,34
2018-03-20,10149.2,10151.1,10146.25,10147.65,12:05:00,10134.783463284284,1,35
2018-03-20,10151.85,10152.25,10146.85,10149.35,12:10:00,10136.4088477334,1,36
2018-03-20,10146.1,10155.65,10146.1,10151.75,12:15:00,10137.331814615933,1,37
2018-03-20,10137.2,10145.9,10131.8,10145.7,12:20:00,10137.319260842987,1,38
2018-03-20,10133.85,10138.65,10132.4,10137.3,12:25:00,10136.988855048416,1,39
2018-03-20,10143.5,10144.6,10132.35,10134.1,12:30:00,10137.608964091423,1,40
2018-03-20,10143.45,10144.8,10142.6,10143.75,12:35:00,10138.165253225574,1,41
2018-03-20,10139.5,10143.65,10135.25,10143.65,12:40:00,10138.292371965996,1,42
2018-03-20,10136.75,10141.9,10136.35,10139.75,12:45:00,10138.145479397805,1,43
2018-03-20,10137.3,10140.5,10135.8,10136.7,12:50:00,10138.064957550396,1,44
2018-03-20,10126.5,10137.35,10124.4,10137.2,12:55:00,10136.963533021786,1,45
2018-03-20,10135.3,10135.9,10123.4,10126.85,13:00:00,10136.805101305425,1,46
2018-03-20,10125.35,10135.5,10125.3,10135.35,13:05:00,10135.714139276335,1,47
2018-03-20,10129.05,10132.1,10125.35,10125.4,13:10:00,10135.079459345256,1,48
2018-03-20,10115.45,10129.2,10108.85,10129.2,13:15:00,10133.20998702666,1,49
2018-03-20,10101.55,10115.55,10099.75,10115.25,13:20:00,10130.194750166978,1,50
2018-03-20,10111.4,10113.25,10101.45,10101.5,13:25:00,10128.4047739606,1,51
2018-03-20,10105.4,10111.9,10105.1,10111.0,13:30:00,10126.213843107207,1,52
2018-03-20,10132.85,10132.85,10104.5,10105.25,13:35:00,10126.84585804938,1,53
2018-03-20,10126.15,10133.5,10121.4,10133.3,13:40:00,10126.7795858542,1,54
2018-03-20,10118.45,10126.1,10113.0,10126.1,13:45:00,10125.986291963323,1,55
2018-03-20,10115.9,10122.95,10109.7,10118.55,13:50:00,10125.02569272872,1,56
2018-03-20,10113.15,10120.05,10112.95,10116.1,13:55:00,10123.894674373603,1,57
2018-03-20,10108.2,10117.0,10101.5,10113.2,14:00:00,10122.39994348088,1,58
2018-03-20,10116.0,10117.45,10108.15,10108.35,14:05:00,10121.790425054129,1,59
2018-03-20,10119.05,10122.7,10116.2,10116.2,14:10:00,10121.529432191832,1,60
2018-03-20,10113.5,10125.6,10112.95,10119.75,14:15:00,10120.76472436404,1,61
2018-03-20,10122.55,10124.45,10113.3,10113.3,14:20:00,10120.934750615084,1,62
2018-03-20,10120.6,10123.1,10118.55,10122.4,14:25:00,10120.902869604122,1,63
2018-03-20,10126.15,10135.1,10120.5,10120.5,14:30:00,10121.402596308491,1,64
2018-03-20,10121.9,10136.1,10119.35,10126.65,14:35:00,10121.449968088637,1,65
2018-03-20,10100.35,10122.5,10095.65,10122.0,14:40:00,10119.440447318288,1,66
2018-03-20,10098.5,10109.2,10098.5,10100.15,14:45:00,10117.44611900226,1,67
2018-03-20,10092.2,10104.15,10090.65,10099.05,14:50:00,10115.04172671633,1,68
2018-03-20,10105.6,10106.95,10092.0,10092.6,14:55:00,10114.142514648109,1,69
2018-03-20,10117.95,10118.5,10105.15,10106.05,15:00:00,10114.50513230067,1,70
2018-03-20,10121.8,10124.15,10117.9,10118.2,15:05:00,10115.19988160537,1,71
2018-03-20,10118.5,10122.6,10116.2,10122.4,15:10:00,10115.514178595333,1,72
2018-03-20,10130.5,10130.75,10114.65,10118.6,15:15:00,10116.941399681493,1,73
2018-03-20,10136.95,10137.8,10129.5,10130.95,15:20:00,10118.846980664206,1,74
2018-03-20,10137.55,10139.45,10133.65,10137.4,15:25:00,10120.62822060095,1,75
2018-03-21,10194.65,10195.1,10173.2,10178.9,09:15:00,10127.677913877047,2,1
2018-03-21,10193.55,10196.2,10186.25,10195.3,09:20:00,10133.951445888755,2,2
2018-03-21,10190.1,10194.6,10184.15,10193.75,09:25:00,10139.298927232683,2,3
2018-03-21,10192.9,10193.35,10180.6,10189.65,09:30:00,10144.403791305762,2,4
2018-03-21,10183.85,10195.05,10183.55,10192.15,09:35:00,10148.160573086165,2,5
2018-03-21,10191.3,10194.65,10180.95,10184.3,09:40:00,10152.269089935102,2,6
2018-03-21,10191.7,10191.9,10184.15,10191.8,09:45:00,10156.024414703188,2,7
2018-03-21,10200.85,10201.5,10189.2,10191.55,09:50:00,10160.29351806479,2,8
2018-03-21,10208.8,10209.6,10199.05,10200.9,09:55:00,10164.913183011,2,9
2018-03-21,10216.75,10222.15,10209.3,10209.3,10:00:00,10169.850022724238,2,10
2018-03-21,10213.65,10217.1,10210.2,10216.6,10:05:00,10174.021449131456,2,11
2018-03-21,10217.3,10218.5,10213.15,10213.75,10:10:00,10178.14321588084,2,12
2018-03-21,10222.35,10223.35,10216.05,10217.05,10:15:00,10182.35338579695,2,13
2018-03-21,10221.2,10225.45,10220.3,10222.15,10:20:00,10186.0530633401,2,14
2018-03-21,10218.85,10221.3,10217.2,10221.0,10:25:00,10189.176581117234,2,15
2018-03-21,10214.6,10219.45,10214.6,10218.95,10:30:00,10191.59785910607,2,16
2018-03-21,10216.15,10220.4,10214.25,10215.5,10:35:00,10193.936158238826,2,17
2018-03-21,10216.5,10219.35,10216.2,10216.5,10:40:00,10196.085095549415,2,18
2018-03-21,10215.7,10217.35,10213.85,10216.45,10:45:00,10197.953181687566,2,19
2018-03-21,10215.7,10217.85,10214.2,10215.75,10:50:00,10199.643354860178,2,20
2018-03-21,10224.5,10224.7,10215.8,10215.9,10:55:00,10202.010654397303,2,21
2018-03-21,10220.35,10224.55,10219.8,10224.4,11:00:00,10203.757258740416,2,22
2018-03-21,10225.65,10226.4,10219.85,10220.7,11:05:00,10205.84228171752,2,23
2018-03-21,10224.5,10227.3,10223.45,10225.3,11:10:00,10207.619207268232,2,24
2018-03-21,10220.8,10226.15,10220.8,10224.75,11:15:00,10208.874520861737,2,25
2018-03-21,10213.8,10221.05,10213.7,10220.65,11:20:00,10209.343614113,2,26
2018-03-21,10212.8,10214.3,10210.55,10213.3,11:25:00,10209.672793721284,2,27
2018-03-21,10214.85,10215.7,10208.85,10212.65,11:30:00,10210.165860985924,2,28
2018-03-21,10207.7,10215.85,10206.8,10214.75,11:35:00,10209.931017082505,2,29
2018-03-21,10199.1,10208.25,10198.9,10207.9,11:40:00,10208.899491646074,2,30
2018-03-21,10201.95,10203.9,10199.0,10199.25,11:45:00,10208.237635298829,2,31
2018-03-21,10193.95,10202.35,10191.45,10202.35,11:50:00,10206.876908127511,2,32
2018-03-21,10191.95,10195.45,10191.75,10194.1,11:55:00,10205.455297829652,2,33
2018-03-21,10182.35,10193.3,10181.6,10191.5,12:00:00,10203.254793274447,2,34
2018-03-21,10188.45,10190.2,10178.7,10181.1,12:05:00,10201.844812962596,2,35
2018-03-21,10191.95,10194.25,10186.0,10187.95,12:10:00,10200.9024498233,2,36
2018-03-21,10188.05,10195.05,10187.45,10191.85,12:15:00,10199.678406982986,2,37
2018-03-21,10189.0,10190.55,10186.1,10187.7,12:20:00,10198.661415841749,2,38
2018-03-21,10185.1,10190.15,10185.1,10189.15,12:25:00,10197.369852428248,2,39
2018-03-21,10178.25,10187.1,10175.45,10185.4,12:30:00,10195.548914101748,2,40
2018-03-21,10176.2,10181.9,10173.9,10178.6,12:35:00,10193.706160377773,2,41
2018-03-21,10168.2,10176.85,10165.0,10176.45,12:40:00,10191.277002246554,2,42
2018-03-21,10173.65,10176.15,10165.5,10168.45,12:45:00,10189.598240127834,2,43
2018-03-21,10180.95,10181.45,10172.7,10174.3,12:50:00,10188.774598210895,2,44
2018-03-21,10169.8,10180.8,10168.85,10180.75,12:55:00,10186.967493619382,2,45
2018-03-21,10178.6,10178.65,10168.95,10170.0,13:00:00,10186.170589465157,2,46
2018-03-21,10176.55,10179.05,10176.15,10178.65,13:05:00,10185.254342849425,2,47
2018-03-21,10173.45,10178.8,10172.5,10176.65,13:10:00,10184.130119720909,2,48
2018-03-21,10177.05,10177.15,10170.95,10175.0,13:15:00,10183.45582260463,2,49
2018-03-21,10179.3,10182.9,10176.65,10177.9,13:20:00,10183.06002997562,2,50
2018-03-21,10188.15,10194.55,10179.6,10180.2,13:25:00,10183.54478902556,2,51
2018-03-21,10187.0,10190.3,10184.85,10188.55,13:30:00,10183.873856737411,2,52
2018-03-21,10181.8,10188.8,10180.15,10187.65,13:35:00,10183.676346571943,2,53
2018-03-21,10184.6,10184.6,10174.2,10181.4,13:40:00,10183.764313565094,2,54
2018-03-21,10175.6,10185.55,10175.0,10185.45,13:45:00,10182.986759892228,2,55
2018-03-21,10173.9,10179.45,10171.25,10177.1,13:50:00,10182.121354188206,2,56
2018-03-21,10168.95,10176.95,10165.75,10176.95,13:55:00,10180.866939503616,2,57
2018-03-21,10162.6,10169.4,10156.85,10168.7,14:00:00,10179.127230979462,2,58
2018-03-21,10162.9,10167.1,10161.45,10163.9,14:05:00,10177.58178040999,2,59
2018-03-21,10154.75,10163.2,10149.95,10161.75,14:10:00,10175.407325132848,2,60
2018-03-21,10165.85,10165.85,10152.0,10153.9,14:15:00,10174.497103691623,2,61
2018-03-21,10165.4,10169.8,10161.35,10164.35,14:20:00,10173.63071286385,2,62
2018-03-21,10162.3,10168.95,10161.45,10163.85,14:25:00,10172.551597353007,2,63
2018-03-21,10152.5,10163.1,10152.5,10163.1,14:30:00,10170.641921414624,2,64
2018-03-21,10147.7,10156.75,10143.3,10154.45,14:35:00,10168.456976517997,2,65
2018-03-21,10144.1,10150.55,10139.8,10148.0,14:40:00,10166.137264468662,2,66
2018-03-21,10139.4,10144.8,10132.95,10144.25,14:45:00,10163.59085832879,2,67
2018-03-21,10148.05,10148.05,10137.55,10139.2,14:50:00,10162.110776583191,2,68
2018-03-21,10144.25,10151.4,10142.1,10149.65,14:55:00,10160.409750241935,2,69
2018-03-21,10153.8,10154.4,10143.45,10145.2,15:00:00,10159.780250218892,2,70
2018-03-21,10160.7,10160.7,10149.95,10155.15,15:05:00,10159.867845436143,2,71
2018-03-21,10164.65,10166.6,10160.25,10161.3,15:10:00,10160.32328872794,2,72
2018-03-21,10154.8,10165.9,10154.3,10163.75,15:15:00,10159.79726123004,2,73
2018-03-21,10154.35,10157.8,10154.2,10155.15,15:20:00,10159.278474446228,2,74
2018-03-21,10156.55,10157.65,10153.95,10154.65,15:25:00,10159.018619737062,2,75
2018-03-22,10153.75,10171.65,10152.85,10166.55,09:15:00,10158.51684642877,3,1
2018-03-22,10176.45,10179.9,10147.4,10153.25,09:20:00,10160.224765816509,3,2
2018-03-22,10183.05,10189.3,10175.1,10176.3,09:25:00,10162.398597643503,3,3
2018-03-22,10189.4,10193.2,10177.65,10182.4,09:30:00,10164.970159772694,3,4
2018-03-22,10201.2,10207.85,10189.35,10189.35,09:35:00,10168.420620746723,3,5
2018-03-22,10194.5,10204.95,10193.8,10201.0,09:40:00,10170.904371151795,3,6
2018-03-22,10194.45,10199.7,10190.8,10194.4,09:45:00,10173.146811994482,3,7
2018-03-22,10185.3,10194.8,10185.3,10194.5,09:50:00,10174.304258471198,3,8
2018-03-22,10186.3,10193.9,10185.15,10185.15,09:55:00,10175.44671004537,3,9
2018-03-22,10184.3,10187.1,10176.55,10186.5,10:00:00,10176.28988051724,3,10
2018-03-22,10182.55,10184.35,10178.65,10184.25,10:05:00,10176.88608237274,3,11
2018-03-22,10186.8,10189.8,10182.5,10182.5,10:10:00,10177.830265003906,3,12
2018-03-22,10194.5,10198.0,10186.75,10186.95,10:15:00,10179.417858813058,3,13
2018-03-22,10190.5,10194.75,10188.05,10194.75,10:20:00,10180.47330083086,3,14
2018-03-22,10185.6,10191.0,10183.0,10190.45,10:25:00,10180.961557894589,3,15
2018-03-22,10187.2,10191.6,10185.5,10185.8,10:30:00,10181.55569523796,3,16
2018-03-22,10190.7,10190.7,10186.55,10186.95,10:35:00,10182.426581405774,3,17
2018-03-22,10190.05,10192.0,10188.2,10190.65,10:40:00,10183.15262127189,3,18
2018-03-22,10185.75,10190.35,10185.45,10190.2,10:45:00,10183.399990674568,3,19
2018-03-22,10177.3,10187.2,10176.6,10185.65,10:50:00,10182.819039181752,3,20
2018-03-22,10175.65,10177.25,10170.1,10177.2,10:55:00,10182.136273545397,3,21
2018-03-22,10177.0,10178.6,10171.65,10175.55,11:00:00,10181.64710463631,3,22
2018-03-22,10174.2,10177.65,10169.45,10176.75,11:05:00,10180.937856575709,3,23
2018-03-22,10177.0,10178.4,10172.2,10174.15,11:10:00,10180.562822616115,3,24
2018-03-22,10172.6,10177.45,10170.35,10177.1,11:15:00,10179.80445855744,3,25
2018-03-22,10166.6,10172.9,10165.75,10172.0,11:20:00,10178.54689107578,3,26
2018-03-22,10157.8,10168.8,10157.7,10166.8,11:25:00,10176.57099668761,3,27
2018-03-22,10164.45,10165.45,10153.65,10157.9,11:30:00,10175.416616050694,3,28
2018-03-22,10162.6,10164.6,10161.2,10164.35,11:35:00,10174.195985950628,3,29
2018-03-22,10158.45,10162.7,10157.2,10162.5,11:40:00,10172.696368241044,3,30
2018-03-22,10150.85,10158.95,10149.65,10158.35,11:45:00,10170.615761741898,3,31
2018-03-22,10153.9,10156.45,10149.55,10150.55,11:50:00,10169.023784433144,3,32
2018-03-22,10146.7,10155.3,10143.75,10154.05,11:55:00,10166.897709725226,3,33
2018-03-22,10147.55,10152.5,10142.8,10148.0,12:00:00,10165.055070703776,3,34
2018-03-22,10149.85,10151.3,10145.1,10148.65,12:05:00,10163.606968731989,3,35
2018-03-22,10143.6,10150.45,10141.75,10150.45,12:10:00,10161.701543138464,3,36
2018-03-22,10153.85,10154.3,10143.15,10143.35,12:15:00,10160.953777125276,3,37
2018-03-22,10156.55,10161.4,10153.6,10154.3,12:20:00,10160.53436978001,3,38
2018-03-22,10153.25,10157.35,10151.5,10157.0,12:25:00,10159.840620277151,3,39
2018-03-22,10149.1,10154.0,10145.25,10153.0,12:30:00,10158.817704060282,3,40
2018-03-22,10150.45,10154.2,10147.75,10149.55,12:35:00,10158.020779864066,3,41
2018-03-22,10153.7,10154.9,10148.75,10150.15,12:40:00,10157.609277019868,3,42
2018-03-22,10159.45,10160.65,10152.9,10153.6,12:45:00,10157.78458397036,3,43
2018-03-22,10156.2,10159.85,10156.2,10159.3,12:50:00,10157.633671211275,3,44
2018-03-22,10150.55,10156.5,10148.7,10156.15,12:55:00,10156.959035857824,3,45
2018-03-22,10149.2,10153.25,10147.95,10149.65,13:00:00,10156.22008006184,3,46
2018-03-22,10142.9,10149.8,10141.6,10148.9,13:05:00,10154.95150100833,3,47
2018-03-22,10127.2,10145.65,10127.2,10143.5,13:10:00,10152.3085009123,3,48
2018-03-22,10134.7,10135.75,10126.85,10127.15,13:15:00,10150.631500825411,3,49
2018-03-22,10122.65,10135.0,10118.25,10134.65,13:20:00,10147.966595984895,3,50
2018-03-22,10123.5,10130.3,10122.25,10122.5,13:25:00,10145.636443986336,3,51
2018-03-22,10115.45,10124.65,10107.25,10123.0,13:30:00,10142.761544559064,3,52
2018-03-22,10122.55,10123.05,10112.95,10114.75,13:35:00,10140.83663555344,3,53
2018-03-22,10129.45,10130.05,10120.5,10122.8,13:40:00,10139.75219407216,3,54
2018-03-22,10132.5,10134.5,10127.35,10128.95,13:45:00,10139.06150892243,3,55
2018-03-22,10134.5,10137.75,10127.55,10132.05,13:50:00,10138.627079501246,3,56
2018-03-22,10130.55,10136.4,10126.85,10134.65,13:55:00,10137.85783383446,3,57
2018-03-22,10143.65,10144.5,10130.0,10131.35,14:00:00,10138.409468707368,3,58
2018-03-22,10151.5,10156.3,10138.75,10143.95,14:05:00,10139.65618597333,3,59
2018-03-22,10155.1,10161.05,10149.25,10153.0,14:10:00,10141.12702540444,3,60
2018-03-22,10155.15,10162.8,10155.0,10155.55,14:15:00,10142.462546794492,3,61
2018-03-22,10146.2,10157.15,10144.7,10156.85,14:20:00,10142.818494718827,3,62
2018-03-22,10139.9,10153.1,10139.4,10147.3,14:25:00,10142.540542840845,3,63
2018-03-22,10144.5,10149.45,10140.2,10141.6,14:30:00,10142.727157808384,3,64
2018-03-22,10134.7,10149.4,10134.65,10146.85,14:35:00,10141.96266658854,3,65
2018-03-22,10122.6,10136.4,10122.6,10135.4,14:40:00,10140.118603103916,3,66
2018-03-22,10119.3,10131.2,10119.3,10123.0,14:45:00,10138.13587899878,3,67
2018-03-22,10124.8,10128.85,10119.9,10122.3,14:50:00,10136.865795284612,3,68
2018-03-22,10112.65,10126.95,10110.3,10126.95,14:55:00,10134.55952906703,3,69
2018-03-22,10124.75,10130.05,10114.35,10114.35,15:00:00,10133.625288203502,3,70
2018-03-22,10115.65,10127.0,10114.25,10125.45,15:05:00,10131.913355993644,3,71
2018-03-22,10111.2,10118.35,10106.6,10115.55,15:10:00,10129.940655422824,3,72
2018-03-22,10116.0,10118.3,10110.45,10110.9,15:15:00,10128.61297395398,3,73
2018-03-22,10109.7,10116.9,10107.9,10116.15,15:20:00,10126.811738339316,3,74
2018-03-22,10108.1,10112.75,10105.4,10108.65,15:25:00,10125.029668021283,3,75
2018-03-23,10010.35,10010.35,9961.3,9965.2,09:15:00,10114.1077948764,4,1
2018-03-23,9989.75,10012.85,9981.65,10010.55,09:20:00,10102.264195364363,4,2
2018-03-23,9972.25,9990.75,9969.0,9989.8,09:25:00,10089.881891043948,4,3
2018-03-23,9970.85,9976.8,9961.9,9971.75,09:30:00,10078.545520468337,4,4
2018-03-23,9984.3,9984.35,9971.0,9971.0,09:35:00,10069.569756614208,4,5
2018-03-23,9978.05,9988.05,9974.1,9984.05,09:40:00,10060.853589317616,4,6
2018-03-23,9987.4,9988.35,9978.2,9978.2,09:45:00,10053.858009382604,4,7
2018-03-23,9994.05,9997.0,9985.95,9987.55,09:50:00,10048.162008489022,4,8
2018-03-23,9985.75,9994.0,9983.65,9993.85,09:55:00,10042.218007680543,4,9
2018-03-23,9992.7,9995.2,9985.5,9986.65,10:00:00,10037.502006949064,4,10
2018-03-23,9988.95,9999.35,9988.1,9992.65,10:05:00,10032.878006287248,4,11
2018-03-23,9990.0,9990.8,9986.15,9988.85,10:10:00,10028.794386640842,4,12
2018-03-23,9984.15,9994.25,9982.8,9989.65,10:15:00,10024.542540294096,4,13
2018-03-23,9984.85,9987.25,9980.95,9984.95,10:20:00,10020.762298361326,4,14
2018-03-23,9988.6,9988.7,9983.2,9984.9,10:25:00,10017.699222326914,4,15
2018-03-23,9986.15,9989.5,9984.85,9988.8,10:30:00,10014.694534486254,4,16
2018-03-23,9985.95,9987.9,9983.35,9985.8,10:35:00,10011.956959773275,4,17
2018-03-23,9982.9,9986.05,9980.8,9985.75,10:40:00,10009.18963027106,4,18
2018-03-23,9994.2,9995.2,9982.5,9983.0,10:45:00,10007.762046435722,4,19
2018-03-23,9996.65,9996.8,9992.95,9994.25,10:50:00,10006.703756298986,4,20
2018-03-23,9999.6,9999.6,9993.15,9997.3,10:55:00,10006.027208080037,4,21
2018-03-23,10001.5,10003.75,9997.4,9999.0,11:00:00,10005.596045405746,4,22
2018-03-23,9995.75,10003.35,9995.75,10001.35,11:05:00,10004.658326795676,4,23
2018-03-23,9987.0,9996.0,9986.25,9994.85,11:10:00,10002.976581386563,4,24
2018-03-23,9989.95,9990.0,9984.55,9986.95,11:15:00,10001.735954587844,4,25
2018-03-23,9981.35,9989.8,9979.25,9989.65,11:20:00,9999.794435103286,4,26
2018-03-23,9973.05,9981.65,9971.65,9981.5,11:25:00,9997.24734604583,4,27
2018-03-23,9979.75,9979.75,9968.9,9973.2,11:30:00,9995.580932136703,4,28
2018-03-23,9973.3,9979.55,9970.35,9979.55,11:35:00,9993.458938599875,4,29
2018-03-23,9971.3,9974.35,9968.35,9972.45,11:40:00,9991.348563495125,4,30
2018-03-23,9959.65,9970.5,9959.3,9970.45,11:45:00,9988.329652686063,4,31
2018-03-23,9965.05,9965.25,9954.4,9959.0,11:50:00,9986.11254290644,4,32
2018-03-23,9964.2,9970.2,9962.4,9964.9,11:55:00,9984.025634058207,4,33
2018-03-23,9964.3,9967.9,9962.3,9964.5,12:00:00,9982.14700224314,4,34
2018-03-23,9961.6,9964.8,9958.5,9964.1,12:05:00,9980.190144886652,4,35
2018-03-23,9960.6,9961.45,9954.5,9961.05,12:10:00,9978.324416802208,4,36
2018-03-23,9955.05,9962.7,9951.9,9960.05,12:15:00,9976.10780567819,4,37
2018-03-23,9962.7,9962.9,9952.85,9955.4,12:20:00,9974.830871804075,4,38
2018-03-23,9969.1,9970.55,9962.3,9963.0,12:25:00,9974.285074489402,4,39
2018-03-23,9982.65,9984.8,9968.8,9969.9,12:30:00,9975.08173406184,4,40
2018-03-23,9977.55,9989.65,9977.55,9981.9,12:35:00,9975.316807008332,4,41
2018-03-23,9980.35,9981.1,9975.8,9977.85,12:40:00,9975.796158721823,4,42
2018-03-23,9981.05,9985.25,9980.4,9980.4,12:45:00,9976.296524557842,4,43
2018-03-23,9979.55,9985.4,9978.7,9981.7,12:50:00,9976.606379361856,4,44
2018-03-23,9985.4,9985.85,9978.5,9978.5,12:55:00,9977.44386704168,4,45
2018-03-23,9985.75,9988.15,9982.9,9986.15,13:00:00,9978.234927323423,4,46
2018-03-23,9981.35,9988.7,9980.55,9985.4,13:05:00,9978.53160091167,4,47
2018-03-23,9990.6,9991.45,9980.25,9981.3,13:10:00,9979.680972253416,4,48
2018-03-23,10003.65,10005.55,9990.85,9992.95,13:15:00,9981.96373680071,4,49
2018-03-23,10009.3,10009.3,9999.9,10006.0,13:20:00,9984.567190438736,4,50
2018-03-23,10008.15,10013.9,10005.1,10010.6,13:25:00,9986.813172301714,4,51
2018-03-23,10017.8,10019.85,10008.5,10009.3,13:30:00,9989.76429874917,4,52
2018-03-23,10012.35,10027.7,10011.15,10021.25,13:35:00,9991.915317915917,4,53
2018-03-23,10007.2,10016.65,10006.4,10015.6,13:40:00,9993.371001923926,4,54
2018-03-23,10002.1,10009.45,9996.9,10008.75,13:45:00,9994.20233507403,4,55
2018-03-23,9997.55,10009.8,9997.55,10005.2,13:50:00,9994.521160305074,4,56
2018-03-23,9991.65,10001.15,9990.4,9998.95,13:55:00,9994.247716466496,4,57
2018-03-23,9992.95,10002.25,9992.35,9992.65,14:00:00,9994.12412442207,4,58
2018-03-23,9998.65,10001.05,9992.5,9994.2,14:05:00,9994.555160191396,4,59
2018-03-23,10001.5,10003.25,9994.3,10000.4,14:10:00,9995.2165735065,4,60
2018-03-23,9991.65,10004.1,9988.95,10003.45,14:15:00,9994.876899839215,4,61
2018-03-23,9986.1,9995.45,9985.95,9993.35,14:20:00,9994.041004616432,4,62
2018-03-23,9992.05,9993.85,9985.4,9986.7,14:25:00,9993.851385129154,4,63
2018-03-23,10001.35,10002.95,9992.85,9994.65,14:30:00,9994.565538926376,4,64
2018-03-23,9994.8,10003.7,9990.75,10003.7,14:35:00,9994.587868552437,4,65
2018-03-23,9985.6,9996.75,9982.2,9996.15,14:40:00,9993.731881071251,4,66
2018-03-23,9992.05,9994.0,9982.75,9987.75,14:45:00,9993.571701921608,4,67
2018-03-23,9983.9,9994.1,9983.9,9993.25,14:50:00,9992.650587452885,4,68
2018-03-23,9990.05,9991.9,9983.5,9984.5,14:55:00,9992.402912457372,4,69
2018-03-23,10015.8,10018.8,9991.8,9992.6,15:00:00,9994.63120650905,4,70
2018-03-23,10021.05,10021.95,10012.15,10017.0,15:05:00,9997.147282079615,4,71
2018-03-23,10005.8,10022.3,10005.55,10022.0,15:10:00,9997.971350452986,4,72
2018-03-23,9992.1,10010.55,9992.1,10004.7,15:15:00,9997.41217421937,4,73
2018-03-23,9985.75,9995.9,9981.05,9989.95,15:20:00,9996.30149096038,4,74
2018-03-23,9988.15,9990.55,9980.15,9982.1,15:25:00,9995.525158487964,4,75
2018-03-26,10009.75,10010.25,9983.7,9986.45,09:15:00,9996.879905298634,0,1
2018-03-26,9989.75,10010.75,9986.35,10010.75,09:20:00,9996.200866698764,0,2
2018-03-26,10005.05,10006.9,9986.85,9989.45,09:25:00,9997.043641298882,0,3
2018-03-26,9990.95,10007.4,9990.95,10005.35,09:30:00,9996.463294508512,0,4
2018-03-26,9984.95,9992.8,9982.7,9990.9,09:35:00,9995.366790269609,0,5
2018-03-26,9992.55,9994.65,9983.65,9984.8,09:40:00,9995.098524529643,0,6
2018-03-26,9977.05,9993.05,9975.95,9992.8,09:45:00,9993.379617431585,0,7
2018-03-26,9983.45,9988.1,9975.8,9976.85,09:50:00,9992.433939580957,0,8
2018-03-26,9990.95,9991.65,9983.6,9983.6,09:55:00,9992.292612001816,0,9
2018-03-26,9985.25,9992.2,9980.7,9991.6,10:00:00,9991.621887049265,0,10
2018-03-26,9986.9,9992.85,9985.0,9985.0,10:05:00,9991.17218352076,0,11
2018-03-26,9973.1,9987.1,9971.6,9986.55,10:10:00,9989.451023185453,0,12
2018-03-26,9977.65,9980.3,9972.3,9973.05,10:15:00,9988.327116215409,0,13
2018-03-26,9972.4,9980.35,9968.45,9977.4,10:20:00,9986.810248004418,0,14
2018-03-26,9971.9,9977.95,9970.05,9972.8,10:25:00,9985.39022438495,0,15
2018-03-26,9968.7,9973.4,9968.0,9971.7,10:30:00,9983.800679205431,0,16
2018-03-26,9962.6,9967.7,9958.55,9967.25,10:35:00,9981.781566900152,0,17
2018-03-26,9966.05,9967.95,9961.55,9962.65,10:40:00,9980.28332243347,0,18
2018-03-26,9965.75,9969.9,9965.15,9965.9,10:45:00,9978.899196487426,0,19
2018-03-26,9964.8,9967.75,9960.75,9965.55,10:50:00,9977.556415869576,0,20
2018-03-26,9977.9,9979.0,9962.6,9964.2,10:55:00,9977.589138167712,0,21
2018-03-26,9983.9,9983.9,9974.8,9977.25,11:00:00,9978.19017262793,0,22
2018-03-26,9987.6,9994.15,9983.55,9983.6,11:05:00,9979.086346663364,0,23
2018-03-26,9980.4,9987.75,9978.7,9986.7,11:10:00,9979.211456504949,0,24
2018-03-26,9989.9,9989.9,9977.95,9980.35,11:15:00,9980.229413028286,0,25
2018-03-26,9982.7,9990.2,9982.7,9989.1,11:20:00,9980.464707025592,0,26
2018-03-26,9980.9,9983.7,9977.5,9982.8,11:25:00,9980.506163499344,0,27
2018-03-26,9984.4,9984.4,9977.75,9980.65,11:30:00,9980.877005070835,0,28
2018-03-26,9986.95,9988.3,9980.05,9983.7,11:35:00,9981.45538554028,0,29
2018-03-26,9985.7,9991.2,9984.65,9986.6,11:40:00,9981.859634536442,0,30
2018-03-26,9988.35,9988.8,9983.9,9985.4,11:45:00,9982.47776458059,0,31
2018-03-26,9998.45,10001.0,9987.1,9987.6,11:50:00,9983.99892985863,0,32
2018-03-26,9998.95,10005.3,9997.05,10000.85,11:55:00,9985.422841300664,0,33
2018-03-26,10001.45,10006.1,9998.45,9998.55,12:00:00,9986.949237367267,0,34
2018-03-26,10001.6,10001.7,9996.35,10001.0,12:05:00,9988.344548094194,0,35
2018-03-26,9995.5,10002.9,9994.6,10001.25,12:10:00,9989.026019704272,0,36
2018-03-26,10000.8,10001.95,9994.0,9995.2,12:15:00,9990.14735116101,0,37
2018-03-26,10003.6,10007.9,9998.85,10000.2,12:20:00,9991.428555812345,0,38
2018-03-26,10007.25,10009.75,10003.2,10003.2,12:25:00,9992.935360020692,0,39
2018-03-26,10002.95,10008.25,10000.55,10006.95,12:30:00,9993.889135256815,0,40
2018-03-26,10010.55,10010.65,10001.95,10002.9,12:35:00,9995.475884279977,0,41
2018-03-26,10011.5,10016.35,10009.65,10009.95,12:40:00,9997.001990539027,0,42
2018-03-26,10013.9,10014.65,10006.15,10011.6,12:45:00,9998.611324773408,0,43
2018-03-26,10015.45,10020.65,10012.7,10013.6,12:50:00,10000.21500812832,0,44
2018-03-26,10015.35,10015.6,10008.65,10015.1,12:55:00,10001.656435925624,0,45
2018-03-26,10014.0,10019.3,10012.6,10014.65,13:00:00,10002.832013456517,0,46
2018-03-26,10012.95,10017.85,10011.85,10013.3,13:05:00,10003.795631222563,0,47
2018-03-26,10019.35,10019.8,10007.25,10012.65,13:10:00,10005.276999677557,0,48
2018-03-26,10013.95,10021.35,10013.3,10019.75,13:15:00,10006.102999708266,0,49
2018-03-26,10012.7,10013.4,10005.95,10013.3,13:20:00,10006.731285450336,0,50
2018-03-26,10014.35,10015.2,10010.5,10012.5,13:25:00,10007.456877312208,0,51
2018-03-26,10034.55,10036.2,10013.7,10014.25,13:30:00,10010.037174711046,0,52
2018-03-26,10050.1,10050.7,10032.35,10035.1,13:35:00,10013.852681881424,0,53
2018-03-26,10060.8,10061.1,10046.55,10049.75,13:40:00,10018.323855035573,0,54
2018-03-26,10061.75,10070.45,10057.95,10059.95,13:45:00,10022.459678365518,0,55
2018-03-26,10074.05,10085.85,10060.95,10061.85,13:50:00,10027.373042330706,0,56
2018-03-26,10070.45,10075.65,10066.3,10074.1,13:55:00,10031.475609727782,0,57
2018-03-26,10081.8,10084.9,10070.1,10070.7,14:00:00,10036.268408801328,0,58
2018-03-26,10083.9,10087.4,10079.6,10081.35,14:05:00,10040.804750820247,0,59
2018-03-26,10072.45,10087.05,10069.15,10084.05,14:10:00,10043.81858407546,0,60
2018-03-26,10075.0,10078.5,10069.25,10072.65,14:15:00,10046.78824273494,0,61
2018-03-26,10083.95,10083.95,10074.4,10075.1,14:20:00,10050.327457712569,0,62
2018-03-26,10079.9,10083.7,10074.75,10083.6,14:25:00,10053.14389031137,0,63
2018-03-26,10086.8,10088.2,10077.95,10079.8,14:30:00,10056.34923409124,0,64
2018-03-26,10091.1,10097.35,10085.65,10087.0,14:35:00,10059.658830844455,0,65
2018-03-26,10099.35,10101.3,10089.25,10090.4,14:40:00,10063.438942192604,0,66
2018-03-26,10108.65,10108.85,10098.85,10100.25,14:45:00,10067.74475722188,0,67
2018-03-26,10116.4,10117.55,10102.2,10109.45,14:50:00,10072.378589867414,0,68
2018-03-26,10109.6,10122.2,10109.5,10116.85,14:55:00,10075.923486070518,0,69
2018-03-26,10119.9,10121.35,10106.15,10109.55,15:00:00,10080.111725492374,0,70
2018-03-26,10134.9,10135.3,10118.0,10120.4,15:05:00,10085.329656397862,0,71
2018-03-26,10135.25,10140.75,10130.85,10133.85,15:10:00,10090.08397483616,0,72
2018-03-26,10126.75,10139.7,10122.95,10136.85,15:15:00,10093.575977232718,0,73
2018-03-26,10131.5,10134.05,10126.8,10127.55,15:20:00,10097.18778892484,0,74
2018-03-26,10137.75,10143.5,10130.65,10132.05,15:25:00,10101.050856646283,0,75
2018-03-27,10167.6,10192.05,10162.3,10186.75,09:15:00,10107.38887029902,1,1
2018-03-27,10173.85,10176.7,10163.15,10167.15,09:20:00,10113.718501699112,1,2
2018-03-27,10188.25,10188.25,10173.0,10174.75,09:25:00,10120.81673963253,1,3
2018-03-27,10190.6,10197.65,10187.5,10188.35,09:30:00,10127.46276442943,1,4
2018-03-27,10199.15,10200.7,10184.6,10190.4,09:35:00,10134.290120198057,1,5
2018-03-27,10201.8,10205.5,10195.3,10198.8,09:40:00,10140.719632560147,1,6
2018-03-27,10186.85,10202.2,10185.95,10201.6,09:45:00,10145.113000887752,1,7
2018-03-27,10176.6,10186.6,10175.3,10186.3,09:50:00,10148.111762707968,1,8
2018-03-27,10179.65,10181.3,10173.8,10174.65,09:55:00,10151.115404354829,1,9
2018-03-27,10162.65,10179.6,10160.7,10179.25,10:00:00,10152.213937273416,1,10
2018-03-27,10164.95,10168.95,10161.65,10162.05,10:05:00,10153.42689562833,1,11
2018-03-27,10162.8,10165.5,10154.2,10164.7,10:10:00,10154.319572235156,1,12
2018-03-27,10171.35,10171.8,10162.25,10162.35,10:15:00,10155.94151773657,1,13
2018-03-27,10174.6,10175.15,10167.25,10171.55,10:20:00,10157.718516047373,1,14
2018-03-27,10162.55,10175.3,10161.25,10174.45,10:25:00,10158.178657376196,1,15
2018-03-27,10163.65,10167.25,10158.1,10162.1,10:30:00,10158.69973762608,1,16
2018-03-27,10161.05,10166.55,10160.1,10162.8,10:35:00,10158.923572137885,1,17
2018-03-27,10162.8,10164.55,10156.1,10159.9,10:40:00,10159.292755743798,1,18
2018-03-27,10164.9,10165.4,10158.85,10162.15,10:45:00,10159.826779006296,1,19
2018-03-27,10164.25,10169.0,10163.0,10164.45,10:50:00,10160.248038148551,1,20
2018-03-27,10167.75,10169.35,10163.65,10163.65,10:55:00,10160.962510705833,1,21
2018-03-27,10173.8,10175.1,10167.8,10167.9,11:00:00,10162.185128733849,1,22
2018-03-27,10167.8,10175.8,10167.25,10173.75,11:05:00,10162.719878378244,1,23
2018-03-27,10159.55,10168.5,10157.7,10166.9,11:10:00,10162.417985199363,1,24
2018-03-27,10162.9,10165.8,10158.75,10158.75,11:15:00,10162.463891370851,1,25
2018-03-27,10162.75,10164.3,10159.3,10162.85,11:20:00,10162.491139811724,1,26
2018-03-27,10147.6,10162.8,10146.1,10161.55,11:25:00,10161.07293602013,1,27
2018-03-27,10147.7,10150.6,10141.35,10146.35,11:30:00,10159.799323065832,1,28
2018-03-27,10153.9,10157.3,10146.25,10147.6,11:35:00,10159.237482773848,1,29
2018-03-27,10147.4,10154.7,10139.65,10153.95,11:40:00,10158.110103462051,1,30
2018-03-27,10153.1,10153.25,10144.85,10147.5,11:45:00,10157.63295075138,1,31
2018-03-27,10157.5,10159.0,10152.0,10152.75,11:50:00,10157.62028877506,1,32
2018-03-27,10158.05,10163.0,10155.65,10159.05,11:55:00,10157.661213653624,1,33
2018-03-27,10159.95,10162.05,10157.05,10157.75,12:00:00,10157.87919330566,1,34
2018-03-27,10172.4,10173.1,10159.75,10159.75,12:05:00,10159.262127276548,1,35
2018-03-27,10170.7,10173.9,10168.25,10172.05,12:10:00,10160.351448488304,1,36
2018-03-27,10175.25,10177.1,10168.8,10170.9,12:15:00,10161.770358156087,1,37
2018-03-27,10181.3,10182.35,10175.1,10175.1,12:20:00,10163.630324045984,1,38
2018-03-27,10174.0,10183.95,10173.7,10182.65,12:25:00,10164.61791223208,1,39
2018-03-27,10172.0,10176.9,10165.2,10176.9,12:30:00,10165.32096820998,1,40
2018-03-27,10178.75,10179.0,10170.95,10170.95,12:35:00,10166.599923618553,1,41
2018-03-27,10185.75,10186.35,10177.0,10179.95,12:40:00,10168.423740416789,1,42
2018-03-27,10177.55,10187.4,10177.0,10186.5,12:45:00,10169.29290799614,1,43
2018-03-27,10178.9,10183.1,10175.85,10177.5,12:50:00,10170.207869139364,1,44
2018-03-27,10177.45,10180.35,10173.7,10178.65,12:55:00,10170.897595887996,1,45
2018-03-27,10178.55,10179.75,10174.55,10177.15,13:00:00,10171.626396279617,1,46
2018-03-27,10174.65,10180.4,10171.85,10179.1,13:05:00,10171.9143585387,1,47
2018-03-27,10177.35,10178.65,10174.35,10174.85,13:10:00,10172.43203867787,1,48
2018-03-27,10169.0,10177.05,10167.9,10177.0,13:15:00,10172.105177851408,1,49
2018-03-27,10166.95,10168.55,10159.35,10168.55,13:20:00,10171.614208532224,1,50
2018-03-27,10166.55,10170.25,10162.25,10166.25,13:25:00,10171.131902957726,1,51
2018-03-27,10187.9,10193.2,10163.0,10164.95,13:30:00,10172.7288645808,1,52
2018-03-27,10186.15,10193.6,10183.4,10187.8,13:35:00,10174.00706795406,1,53
2018-03-27,10188.4,10193.55,10183.0,10187.3,13:40:00,10175.377823387009,1,54
2018-03-27,10188.5,10193.1,10184.3,10188.85,13:45:00,10176.627554493009,1,55
2018-03-27,10184.45,10193.4,10183.85,10191.15,13:50:00,10177.372549303198,1,56
2018-03-27,10185.1,10189.8,10177.9,10187.15,13:55:00,10178.108496988609,1,57
2018-03-27,10186.1,10191.0,10184.95,10187.65,14:00:00,10178.869592513502,1,58
2018-03-27,10188.6,10193.6,10187.25,10187.5,14:05:00,10179.796297988409,1,59
2018-03-27,10190.8,10194.95,10188.85,10189.75,14:10:00,10180.84426960856,1,60
2018-03-27,10190.05,10194.65,10185.95,10194.3,14:15:00,10181.721005836314,1,61
2018-03-27,10194.85,10198.35,10190.4,10192.35,14:20:00,10182.971386232855,1,62
2018-03-27,10204.25,10207.25,10196.05,10197.2,14:25:00,10184.997920877347,1,63
2018-03-27,10197.3,10207.9,10196.95,10206.25,14:30:00,10186.169547460457,1,64
2018-03-27,10199.05,10202.2,10195.0,10200.15,14:35:00,10187.396257226128,1,65
2018-03-27,10188.4,10203.3,10188.4,10200.45,14:40:00,10187.491851776022,1,66
2018-03-27,10173.0,10190.9,10171.3,10189.75,14:45:00,10186.1116754164,1,67
2018-03-27,10184.05,10185.95,10168.05,10176.35,14:50:00,10185.915325376744,1,68
2018-03-27,10180.3,10187.3,10175.45,10185.8,14:55:00,10185.38053248372,1,69
2018-03-27,10184.0,10190.2,10182.0,10183.3,15:00:00,10185.249053199555,1,70
2018-03-27,10187.5,10190.85,10185.1,10185.15,15:05:00,10185.463429085312,1,71
2018-03-27,10183.3,10189.8,10179.95,10187.7,15:10:00,10185.257388220043,1,72
2018-03-27,10183.75,10186.15,10179.55,10183.85,15:15:00,10185.113827437184,1,73
2018-03-27,10182.8,10186.5,10179.2,10184.0,15:20:00,10184.893462919355,1,74
2018-03-27,10182.05,10184.75,10179.6,10183.05,15:25:00,10184.622656927038,1,75
2018-03-28,10129.75,10140.2,10124.75,10140.2,09:15:00,10179.396689600651,2,1
2018-03-28,10129.25,10136.45,10127.65,10130.1,09:20:00,10174.62081440059,2,2
2018-03-28,10124.65,10131.0,10119.95,10129.45,09:25:00,10169.861689219582,2,3
2018-03-28,10119.45,10125.45,10114.25,10124.9,09:30:00,10165.060575960577,2,4
2018-03-28,10129.8,10130.05,10119.75,10119.75,09:35:00,10161.702425869093,2,5
2018-03-28,10135.75,10135.85,10129.25,10129.6,09:40:00,10159.230766262512,2,6
2018-03-28,10124.7,10136.8,10122.0,10135.7,09:45:00,10155.94212185656,2,7
2018-03-28,10130.95,10131.35,10123.9,10124.8,09:50:00,10153.561919774982,2,8
2018-03-28,10132.55,10133.8,10128.7,10130.85,09:55:00,10151.560784558316,2,9
2018-03-28,10131.9,10133.45,10128.7,10131.9,10:00:00,10149.688328886095,2,10
2018-03-28,10120.4,10132.65,10119.85,10131.85,10:05:00,10146.898964230277,2,11
2018-03-28,10113.8,10120.8,10113.8,10120.45,10:10:00,10143.746681922632,2,12
2018-03-28,10122.95,10123.45,10113.6,10113.95,10:15:00,10141.766045549048,2,13
2018-03-28,10128.5,10128.55,10122.2,10122.85,10:20:00,10140.502612639615,2,14
2018-03-28,10121.55,10128.0,10120.35,10127.85,10:25:00,10138.697601912034,2,15
2018-03-28,10116.2,10123.05,10115.85,10121.8,10:30:00,10136.554973158509,2,16
2018-03-28,10116.7,10118.1,10112.55,10115.95,10:35:00,10134.664023333888,2,17
2018-03-28,10124.1,10124.85,10116.5,10116.55,10:40:00,10133.657925873518,2,18
2018-03-28,10117.85,10124.3,10117.3,10123.9,10:45:00,10132.15240912366,2,19
2018-03-28,10116.45,10120.55,10115.95,10117.7,10:50:00,10130.656941588077,2,20
2018-03-28,10120.15,10120.55,10115.0,10115.95,10:55:00,10129.656280484449,2,21
2018-03-28,10119.8,10122.2,10117.2,10119.6,11:00:00,10128.717587104977,2,22
2018-03-28,10120.1,10121.35,10118.05,10119.15,11:05:00,10127.89686452355,2,23
2018-03-28,10120.65,10121.1,10117.0,10119.25,11:10:00,10127.20668694988,2,24
2018-03-28,10123.5,10127.7,10120.6,10120.7,11:15:00,10126.853669145128,2,25
2018-03-28,10127.8,10130.95,10122.85,10123.2,11:20:00,10126.94379589321,2,26
2018-03-28,10133.35,10133.85,10126.4,10127.2,11:25:00,10127.553910570048,2,27
2018-03-28,10136.5,10136.55,10131.55,10133.25,11:30:00,10128.405919087189,2,28
2018-03-28,10141.15,10143.15,10135.6,10136.0,11:35:00,10129.619641078883,2,29
2018-03-28,10139.75,10143.1,10137.7,10140.45,11:40:00,10130.58443716661,2,30
2018-03-28,10142.35,10144.2,10137.25,10138.65,11:45:00,10131.704966960267,2,31
2018-03-28,10137.3,10142.35,10137.05,10141.55,11:50:00,10132.237827249766,2,32
2018-03-28,10137.95,10143.3,10136.5,10136.5,11:55:00,10132.781843702169,2,33
2018-03-28,10141.3,10141.3,10135.15,10137.35,12:00:00,10133.593096682916,2,34
2018-03-28,10149.95,10151.8,10140.6,10141.1,12:05:00,10135.150896998826,2,35
2018-03-28,10150.0,10153.25,10148.5,10149.5,12:10:00,10136.565097284652,2,36
2018-03-28,10149.0,10153.85,10148.9,10149.95,12:15:00,10137.749373733734,2,37
2018-03-28,10144.7,10148.95,10144.1,10148.95,12:20:00,10138.411338140044,2,38
2018-03-28,10141.4,10144.65,10138.4,10144.2,12:25:00,10138.695972602898,2,39
2018-03-28,10145.6,10146.95,10140.7,10141.2,12:30:00,10139.35349902167,2,40
2018-03-28,10153.45,10153.45,10145.25,10145.25,12:35:00,10140.696022924369,2,41
2018-03-28,10151.45,10154.95,10151.45,10152.7,12:40:00,10141.720211217284,2,42
2018-03-28,10151.35,10153.45,10148.45,10151.35,12:45:00,10142.637333958495,2,43
2018-03-28,10141.95,10152.75,10141.35,10150.95,12:50:00,10142.571873581495,2,44
2018-03-28,10143.75,10144.75,10138.7,10141.65,12:55:00,10142.684076097545,2,45
2018-03-28,10140.6,10144.75,10139.35,10143.35,13:00:00,10142.485592659685,2,46
2018-03-28,10132.25,10140.7,10130.2,10140.25,13:05:00,10141.510774311142,2,47
2018-03-28,10127.95,10135.25,10127.45,10132.2,13:10:00,10140.219271995797,2,48
2018-03-28,10131.7,10133.0,10126.5,10127.25,13:15:00,10139.4079127581,2,49
2018-03-28,10127.85,10131.85,10123.5,10131.5,13:20:00,10138.30715916209,2,50
2018-03-28,10123.8,10128.6,10122.75,10127.3,13:25:00,10136.925524956176,2,51
2018-03-28,10135.65,10135.65,10122.55,10123.3,13:30:00,10136.80404638892,2,52
2018-03-28,10129.05,10137.1,10124.4,10135.3,13:35:00,10136.065565780453,2,53
2018-03-28,10127.65,10131.75,10123.65,10130.25,13:40:00,10135.26408332517,2,54
2018-03-28,10135.9,10138.25,10130.15,10130.4,13:45:00,10135.324646818011,2,55
2018-03-28,10144.15,10144.15,10136.7,10136.7,13:50:00,10136.165156644867,2,56
2018-03-28,10145.8,10147.25,10142.35,10142.8,13:55:00,10137.082760773928,2,57
2018-03-28,10141.55,10148.15,10138.4,10145.25,14:00:00,10137.50821212879,2,58
2018-03-28,10135.45,10142.6,10133.95,10142.4,14:05:00,10137.312191926048,2,59
2018-03-28,10137.85,10142.7,10135.0,10136.0,14:10:00,10137.363411742615,2,60
2018-03-28,10138.65,10141.05,10136.3,10138.2,14:15:00,10137.485943957605,2,61
2018-03-28,10142.7,10143.5,10134.05,10139.2,14:20:00,10137.982520723548,2,62
2018-03-28,10141.25,10144.45,10137.65,10142.55,14:25:00,10138.293709226067,2,63
2018-03-28,10139.05,10142.6,10134.95,10141.65,14:30:00,10138.365736918822,2,64
2018-03-28,10136.2,10140.75,10135.85,10139.85,14:35:00,10138.159476259889,2,65
2018-03-28,10120.75,10138.3,10118.4,10136.9,14:40:00,10136.501430901802,2,66
2018-03-28,10129.55,10133.95,10119.8,10122.65,14:45:00,10135.839389863537,2,67
2018-03-28,10138.85,10139.15,10123.5,10130.3,14:50:00,10136.12611463844,2,68
2018-03-28,10154.1,10154.1,10138.05,10140.15,14:55:00,10137.8379132443,2,69
2018-03-28,10130.4,10158.35,10128.2,10155.2,15:00:00,10137.129540554366,2,70
2018-03-28,10110.65,10131.45,10107.4,10130.75,15:05:00,10134.607679549188,2,71
2018-03-28,10103.05,10110.6,10096.9,10110.15,15:10:00,10131.602186258788,2,72
2018-03-28,10108.05,10111.45,10102.1,10102.8,15:15:00,10129.359120900808,2,73
2018-03-28,10111.0,10112.25,10106.7,10107.55,15:20:00,10127.61063319597,2,74
2018-03-28,10121.3,10126.7,10106.55,10109.95,15:25:00,10127.00962051064,2,75
2018-04-02,10164.7,10168.45,10146.9,10147.95,09:15:00,10130.599180462008,0,1
2018-04-02,10168.55,10178.55,10160.65,10164.4,09:20:00,10134.21354422753,0,2
2018-04-02,10158.1,10174.15,10157.25,10168.0,09:25:00,10136.48844477729,0,3
2018-04-02,10141.7,10158.95,10133.95,10158.65,09:30:00,10136.984783369928,0,4
2018-04-02,10148.65,10150.15,10139.85,10141.55,09:35:00,10138.095756382316,0,5
2018-04-02,10149.75,10158.2,10145.15,10148.95,09:40:00,10139.205684345903,0,6
2018-04-02,10138.3,10151.7,10137.45,10149.9,09:45:00,10139.119428693914,0,7
2018-04-02,10146.95,10147.3,10137.8,10138.8,09:50:00,10139.865197389732,0,8
2018-04-02,10138.4,10147.45,10132.3,10146.85,09:55:00,10139.725654781185,0,9
2018-04-02,10135.35,10138.1,10127.75,10138.1,10:00:00,10139.308925754403,0,10
2018-04-02,10138.05,10144.0,10134.95,10135.05,10:05:00,10139.189028063509,0,11
2018-04-02,10139.6,10140.3,10132.85,10138.35,10:10:00,10139.228168247935,0,12
2018-04-02,10146.3,10149.35,10139.2,10140.05,10:15:00,10139.901676033844,0,13
2018-04-02,10150.05,10154.65,10146.35,10147.0,10:20:00,10140.86818307824,0,14
2018-04-02,10151.4,10152.7,10147.15,10150.75,10:25:00,10141.871213261264,0,15
2018-04-02,10149.7,10155.35,10149.4,10152.35,10:30:00,10142.616811998289,0,16
2018-04-02,10151.55,10152.3,10146.1,10149.9,10:35:00,10143.467591807974,0,17
2018-04-02,10142.6,10153.75,10141.7,10151.45,10:40:00,10143.38496401674,0,18
2018-04-02,10148.15,10149.25,10141.8,10142.75,10:45:00,10143.838776967526,0,19
2018-04-02,10147.6,10148.65,10143.45,10148.65,10:50:00,10144.196988684904,0,20
2018-04-02,10142.15,10147.85,10137.8,10147.75,10:55:00,10144.00203738158,0,21
2018-04-02,10148.3,10149.9,10142.2,10142.8,11:00:00,10144.411367154762,0,22
2018-04-02,10161.3,10162.2,10148.35,10148.75,11:05:00,10146.019808378118,0,23
2018-04-02,10163.65,10163.85,10156.85,10161.2,11:10:00,10147.69887424687,0,24
2018-04-02,10164.0,10165.9,10162.05,10163.35,11:15:00,10149.251362413834,0,25
2018-04-02,10168.65,10171.2,10163.9,10164.4,11:20:00,10151.098851707751,0,26
2018-04-02,10166.6,10168.6,10161.3,10168.55,11:25:00,10152.57515154511,0,27
2018-04-02,10161.55,10167.1,10160.65,10167.1,11:30:00,10153.429899017005,0,28
2018-04-02,10161.85,10163.6,10159.4,10161.6,11:35:00,10154.231813396336,0,29
2018-04-02,10165.4,10165.75,10159.65,10161.15,11:40:00,10155.295450215734,0,30
2018-04-02,10168.7,10172.95,10164.95,10164.95,11:45:00,10156.572074004713,0,31
2018-04-02,10172.85,10173.35,10168.45,10168.75,11:50:00,10158.122352670933,0,32
2018-04-02,10165.7,10173.05,10165.4,10173.05,11:55:00,10158.844033368938,0,33
2018-04-02,10162.85,10166.9,10162.25,10165.6,12:00:00,10159.225554000468,0,34
2018-04-02,10168.3,10168.3,10162.75,10163.2,12:05:00,10160.089786952803,0,35
2018-04-02,10165.25,10169.75,10164.4,10168.55,12:10:00,10160.58123581444,0,36
2018-04-02,10166.25,10166.5,10164.25,10165.3,12:15:00,10161.121118117828,0,37
2018-04-02,10159.75,10167.05,10159.65,10166.5,12:20:00,10160.99053543994,0,38
2018-04-02,10160.1,10161.35,10159.35,10160.1,12:25:00,10160.905722540898,0,39
2018-04-02,10157.15,10160.35,10152.3,10160.25,12:30:00,10160.54803467986,0,40
2018-04-02,10165.35,10165.65,10156.85,10157.1,12:35:00,10161.00536471035,0,41
2018-04-02,10164.45,10165.75,10163.45,10164.6,12:40:00,10161.333425214129,0,42
2018-04-02,10169.2,10169.2,10163.4,10164.05,12:45:00,10162.08262281278,0,43
2018-04-02,10172.45,10178.0,10168.3,10169.15,12:50:00,10163.069992068706,0,44
2018-04-02,10168.95,10174.6,10167.2,10171.95,12:55:00,10163.629992824068,0,45
2018-04-02,10166.15,10169.95,10164.1,10168.6,13:00:00,10163.869993507493,0,46
2018-04-02,10169.6,10171.15,10165.9,10166.25,13:05:00,10164.41570841154,0,47
2018-04-02,10175.15,10175.25,10168.0,10169.45,13:10:00,10165.438021896154,0,48
2018-04-02,10179.6,10180.05,10172.05,10174.65,13:15:00,10166.786781715567,0,49
2018-04-02,10178.35,10187.9,10177.2,10179.7,13:20:00,10167.8880405998,0,50
2018-04-02,10180.2,10182.8,10177.6,10178.2,13:25:00,10169.060608161722,0,51
2018-04-02,10186.35,10186.7,10179.4,10180.0,13:30:00,10170.707216908226,0,52
2018-04-02,10190.4,10194.4,10185.85,10186.5,13:35:00,10172.582720059823,0,53
2018-04-02,10189.85,10194.95,10186.25,10190.65,13:40:00,10174.22722291127,0,54
2018-04-02,10190.65,10197.55,10188.9,10189.35,13:45:00,10175.79129691972,0,55
2018-04-02,10188.85,10191.45,10183.6,10191.45,13:50:00,10177.034982927364,0,56
2018-04-02,10179.55,10189.25,10178.35,10189.25,13:55:00,10177.274508362854,0,57
2018-04-02,10189.1,10189.2,10180.75,10181.35,14:00:00,10178.40074566163,0,58
2018-04-02,10190.4,10190.5,10186.2,10189.55,14:05:00,10179.543531789092,0,59
2018-04-02,10188.45,10193.15,10187.25,10190.9,14:10:00,10180.3917668568,0,60
2018-04-02,10181.95,10191.45,10181.35,10188.65,14:15:00,10180.540170013295,0,61
2018-04-02,10189.7,10189.7,10181.65,10182.45,14:20:00,10181.412534773935,0,62
2018-04-02,10187.65,10192.1,10187.25,10189.4,14:25:00,10182.00657908118,0,63
2018-04-02,10184.1,10187.9,10176.4,10187.7,14:30:00,10182.20595250202,0,64
2018-04-02,10176.25,10185.05,10175.1,10183.7,14:35:00,10181.6387189304,0,65
2018-04-02,10185.55,10187.55,10176.35,10177.55,14:40:00,10182.011221889408,0,66
2018-04-02,10194.2,10197.8,10184.8,10185.0,14:45:00,10183.17205789994,0,67
2018-04-02,10194.6,10198.8,10191.5,10192.8,14:50:00,10184.260433338042,0,68
2018-04-02,10197.9,10198.25,10189.05,10194.2,14:55:00,10185.5594396868,0,69
2018-04-02,10208.05,10208.6,10197.05,10197.05,15:00:00,10187.701397811868,0,70
2018-04-02,10207.8,10208.85,10200.45,10206.95,15:05:00,10189.615550401211,0,71
2018-04-02,10212.05,10213.65,10206.05,10209.6,15:10:00,10191.752164648717,0,72
2018-04-02,10217.65,10220.1,10210.25,10213.75,15:15:00,10194.218625158364,0,73
2018-04-02,10213.55,10218.7,10213.45,10218.7,15:20:00,10196.059708476614,0,74
2018-04-02,10216.85,10218.3,10213.35,10213.35,15:25:00,10198.039736240746,0,75
2018-04-03,10215.55,10217.5,10181.85,10183.15,09:15:00,10199.707380408294,1,1
2018-04-03,10219.85,10228.6,10214.8,10216.35,09:20:00,10201.625725131316,1,2
2018-04-03,10218.6,10229.45,10216.65,10219.5,09:25:00,10203.242322737857,1,3
2018-04-03,10219.1,10226.15,10218.3,10219.0,09:30:00,10204.752577715204,1,4
2018-04-03,10213.5,10223.45,10213.2,10218.75,09:35:00,10205.585665551853,1,5
2018-04-03,10217.05,10217.6,10205.55,10213.7,09:40:00,10206.677506927866,1,6
2018-04-03,10210.8,10221.75,10210.8,10216.85,09:45:00,10207.07012531569,1,7
2018-04-03,10205.05,10211.25,10205.05,10211.1,09:50:00,10206.87773242848,1,8
2018-04-03,10210.35,10214.0,10204.45,10205.6,09:55:00,10207.208424578148,1,9
2018-04-03,10218.6,10220.15,10210.2,10210.25,10:00:00,10208.293336523087,1,10
2018-04-03,10217.45,10225.7,10214.85,10218.4,10:05:00,10209.165399711366,1,11
2018-04-03,10213.8,10220.65,10212.05,10217.2,10:10:00,10209.606790215046,1,12
2018-04-03,10205.9,10215.0,10202.55,10213.7,10:15:00,10209.253762575518,1,13
2018-04-03,10206.85,10209.8,10204.75,10206.1,10:20:00,10209.02483280642,1,14
2018-04-03,10202.6,10207.5,10198.6,10206.55,10:25:00,10208.412943967713,1,15
2018-04-03,10204.5,10205.9,10200.35,10202.95,10:30:00,10208.040282637454,1,16
2018-04-03,10192.9,10204.65,10192.9,10204.45,10:35:00,10206.598350957696,1,17
2018-04-03,10192.5,10197.3,10190.65,10192.7,10:40:00,10205.255650866487,1,18
2018-04-03,10193.4,10194.75,10189.1,10192.25,10:45:00,10204.126541260155,1,19
2018-04-03,10182.95,10193.65,10182.8,10193.05,10:50:00,10202.109727806806,1,20
2018-04-03,10174.2,10183.7,10171.05,10183.35,10:55:00,10199.451658491873,1,21
2018-04-03,10182.2,10182.4,10173.75,10174.25,11:00:00,10197.80864339741,1,22
2018-04-03,10173.6,10182.2,10172.2,10182.15,11:05:00,10195.50305831194,1,23
2018-04-03,10183.05,10183.05,10172.1,10173.05,11:10:00,10194.31705275842,1,24
2018-04-03,10188.65,10188.65,10181.95,10182.9,11:15:00,10193.777333448095,1,25
2018-04-03,10182.0,10189.9,10182.0,10188.5,11:20:00,10192.655682643515,1,26
2018-04-03,10183.45,10184.45,10181.05,10182.7,11:25:00,10191.77895096318,1,27
2018-04-03,10186.45,10186.65,10182.35,10183.25,11:30:00,10191.27143182383,1,28
2018-04-03,10186.6,10191.5,10185.7,10186.3,11:35:00,10190.826533554891,1,29
2018-04-03,10189.55,10189.55,10185.65,10186.35,11:40:00,10190.704958930615,1,30
2018-04-03,10192.5,10193.6,10187.9,10189.45,11:45:00,10190.87591522294,1,31
2018-04-03,10199.3,10202.0,10191.9,10192.4,11:50:00,10191.678209011232,1,32
2018-04-03,10192.95,10199.25,10192.35,10199.15,11:55:00,10191.799331962544,1,33
2018-04-03,10184.8,10193.45,10183.4,10192.85,12:00:00,10191.132728918492,1,34
2018-04-03,10178.45,10185.35,10177.9,10184.95,12:05:00,10189.924849973871,1,35
2018-04-03,10188.9,10189.15,10177.35,10178.5,12:10:00,10189.827245214456,1,36
2018-04-03,10188.2,10189.7,10184.9,10188.95,12:15:00,10189.672269479746,1,37
2018-04-03,10188.15,10191.45,10186.3,10187.95,12:20:00,10189.527291434057,1,38
2018-04-03,10188.25,10190.55,10186.05,10188.1,12:25:00,10189.405644630811,1,39
2018-04-03,10193.95,10194.6,10187.25,10187.95,12:30:00,10189.838440380256,1,40
2018-04-03,10205.9,10206.55,10194.05,10194.05,12:35:00,10191.368112724997,1,41
2018-04-03,10200.0,10209.05,10197.55,10206.0,12:40:00,10192.190197227375,1,42
2018-04-03,10198.2,10200.05,10193.85,10199.9,12:45:00,10192.762559396197,1,43
2018-04-03,10201.15,10204.35,10196.85,10198.4,12:50:00,10193.561363263225,1,44
2018-04-03,10203.9,10205.1,10198.15,10201.3,12:55:00,10194.545995333394,1,45
2018-04-03,10199.0,10204.45,10197.3,10203.95,13:00:00,10194.970186254024,1,46
2018-04-03,10199.2,10200.7,10197.7,10198.95,13:05:00,10195.373025658404,1,47
2018-04-03,10204.2,10208.6,10198.75,10199.05,13:10:00,10196.213689881411,1,48
2018-04-03,10193.2,10204.65,10191.3,10204.6,13:15:00,10195.92667179747,1,49
2018-04-03,10196.95,10199.9,10192.3,10193.25,13:20:00,10196.024131626282,1,50
2018-04-03,10198.4,10198.4,10193.3,10196.9,13:25:00,10196.25040480473,1,51
2018-04-03,10195.15,10198.95,10191.7,10198.45,13:30:00,10196.145604347135,1,52
2018-04-03,10189.95,10197.35,10188.05,10195.9,13:35:00,10195.555546790269,1,53
2018-04-03,10198.6,10199.9,10189.6,10189.6,13:40:00,10195.845494715002,1,54
2018-04-03,10192.2,10199.8,10190.9,10198.35,13:45:00,10195.498304742145,1,55
2018-04-03,10192.2,10195.7,10188.5,10192.75,13:50:00,10195.184180480988,1,56
2018-04-03,10200.45,10202.55,10190.9,10192.4,13:55:00,10195.685687101846,1,57
2018-04-03,10201.75,10205.1,10199.45,10200.1,14:00:00,10196.263240711194,1,58
2018-04-03,10201.25,10201.65,10194.0,10201.45,14:05:00,10196.738170167271,1,59
2018-04-03,10208.3,10208.6,10199.8,10200.95,14:10:00,10197.839296818009,1,60
2018-04-03,10203.65,10209.95,10202.9,10208.75,14:15:00,10198.392697121051,1,61
2018-04-03,10202.9,10204.1,10199.1,10203.4,14:20:00,10198.821964061906,1,62
2018-04-03,10203.45,10205.35,10201.1,10203.1,14:25:00,10199.262729389344,1,63
2018-04-03,10207.85,10209.3,10202.55,10203.15,14:30:00,10200.080564685595,1,64
2018-04-03,10215.6,10219.05,10205.9,10207.65,14:35:00,10201.558606144112,1,65
2018-04-03,10213.7,10219.9,10209.85,10216.0,14:40:00,10202.714929368482,1,66
2018-04-03,10218.9,10221.0,10213.2,10213.5,14:45:00,10204.256364666722,1,67
2018-04-03,10222.95,10227.0,10217.3,10218.65,14:50:00,10206.03671088894,1,68
2018-04-03,10222.6,10222.75,10212.9,10222.5,14:55:00,10207.614166994756,1,69
2018-04-03,10239.2,10240.45,10222.25,10222.4,15:00:00,10210.622341566685,1,70
2018-04-03,10241.35,10242.8,10234.6,10239.4,15:05:00,10213.548785226998,1,71
2018-04-03,10244.4,10247.65,10241.0,10241.0,15:10:00,10216.48699615776,1,72
2018-04-03,10248.75,10250.1,10241.4,10244.05,15:15:00,10219.559663190355,1,73
2018-04-03,10254.0,10255.35,10249.25,10249.3,15:20:00,10222.839695267465,1,74
2018-04-03,10243.75,10254.2,10242.85,10254.05,15:25:00,10224.83115286104,1,75
2018-04-04,10255.3,10269.2,10239.55,10269.2,09:15:00,10227.732947826657,2,1
2018-04-04,10253.8,10262.3,10253.2,10254.75,09:20:00,10230.215524224115,2,2
2018-04-04,10249.5,10257.4,10246.1,10253.45,09:25:00,10232.052140964675,2,3
2018-04-04,10241.9,10252.15,10240.3,10249.35,09:30:00,10232.990032301372,2,4
2018-04-04,10253.65,10254.9,10242.3,10242.3,09:35:00,10234.95764827267,2,5
2018-04-04,10257.1,10257.55,10251.7,10253.85,09:40:00,10237.066443675272,2,6
2018-04-04,10261.1,10266.35,10256.9,10257.0,09:45:00,10239.355353801437,2,7
2018-04-04,10264.1,10267.45,10259.2,10261.35,09:50:00,10241.711986772729,2,8
2018-04-04,10266.0,10267.75,10262.15,10264.4,09:55:00,10244.025130889611,2,9
2018-04-04,10267.75,10269.0,10262.1,10266.1,10:00:00,10246.28464223346,2,10
2018-04-04,10273.05,10273.05,10267.7,10268.25,10:05:00,10248.83372392551,2,11
2018-04-04,10263.8,10273.3,10261.6,10273.3,10:10:00,10250.259083551651,2,12
2018-04-04,10266.85,10266.85,10260.95,10262.9,10:15:00,10251.839170832449,2,13
2018-04-04,10265.95,10270.3,10265.35,10267.4,10:20:00,10253.183059324596,2,14
2018-04-04,10269.4,10269.6,10263.5,10265.75,10:25:00,10254.72752986511,2,15
2018-04-04,10270.4,10270.8,10266.6,10269.15,10:30:00,10256.220146068432,2,16
2018-04-04,10272.3,10276.4,10269.25,10271.4,10:35:00,10257.75156072858,2,17
2018-04-04,10275.65,10275.75,10269.55,10272.25,10:40:00,10259.456173992525,2,18
2018-04-04,10270.75,10277.5,10270.35,10275.7,10:45:00,10260.531776469426,2,19
2018-04-04,10276.1,10276.45,10268.7,10270.8,10:50:00,10262.01446442472,2,20
2018-04-04,10276.9,10277.45,10271.4,10276.25,10:55:00,10263.432134479508,2,21
2018-04-04,10274.85,10279.85,10274.4,10276.95,11:00:00,10264.519550243363,2,22
2018-04-04,10267.65,10275.15,10267.45,10275.15,11:05:00,10264.817688315425,2,23
2018-04-04,10266.85,10267.55,10262.4,10267.55,11:10:00,10265.011241809194,2,24
2018-04-04,10262.9,10269.6,10261.45,10267.05,11:15:00,10264.8101711607,2,25
2018-04-04,10256.0,10264.45,10252.35,10263.25,11:20:00,10263.971107240634,2,26
2018-04-04,10257.3,10261.8,10256.2,10256.5,11:25:00,10263.335763693907,2,27
2018-04-04,10264.85,10266.15,10256.1,10257.2,11:30:00,10263.47997667544,2,28
2018-04-04,10261.1,10265.1,10260.8,10264.7,11:35:00,10263.25331223016,2,29
2018-04-04,10261.0,10262.05,10257.1,10261.95,11:40:00,10263.038711065385,2,30
2018-04-04,10252.9,10261.55,10249.8,10260.85,11:45:00,10262.07311953535,2,31
2018-04-04,10253.55,10255.9,10252.45,10252.5,11:50:00,10261.261393865316,2,32
2018-04-04,10248.6,10253.4,10246.6,10253.05,11:55:00,10260.055546830525,2,33
2018-04-04,10249.85,10251.4,10244.35,10248.35,12:00:00,10259.08358998952,2,34
2018-04-04,10252.4,10256.05,10248.55,10250.1,12:05:00,10258.447057609565,2,35
2018-04-04,10254.7,10254.75,10248.85,10252.45,12:10:00,10258.090194980085,2,36
2018-04-04,10250.45,10257.1,10249.45,10254.95,12:15:00,10257.362557362932,2,37
2018-04-04,10253.7,10254.15,10245.0,10250.65,12:20:00,10257.013742375986,2,38
2018-04-04,10254.0,10255.2,10248.75,10254.05,12:25:00,10256.72671929256,2,39
2018-04-04,10254.55,10255.05,10250.35,10253.3,12:30:00,10256.519412693267,2,40
2018-04-04,10250.85,10256.7,10249.75,10253.75,12:35:00,10255.979468627242,2,41
2018-04-04,10240.3,10252.15,10232.7,10251.55,12:40:00,10254.486185900838,2,42
2018-04-04,10239.75,10243.45,10236.8,10240.2,12:45:00,10253.082739624568,2,43
2018-04-04,10234.2,10243.45,10234.2,10239.2,12:50:00,10251.284383469849,2,44
2018-04-04,10226.45,10237.5,10226.05,10233.95,12:55:00,10248.919204091768,2,45
2018-04-04,10219.35,10229.15,10216.95,10225.95,13:00:00,10246.10308941636,2,46
2018-04-04,10227.25,10228.05,10219.1,10219.1,13:05:00,10244.307557090991,2,47
2018-04-04,10212.05,10229.95,10211.55,10227.0,13:10:00,10241.235408796614,2,48
2018-04-04,10201.7,10212.5,10201.45,10211.6,13:15:00,10237.470131768368,2,49
2018-04-04,10176.55,10201.85,10176.25,10200.35,13:20:00,10231.668214457097,2,50
2018-04-04,10165.5,10176.8,10150.8,10174.6,13:25:00,10225.366479746895,2,51
2018-04-04,10162.3,10168.0,10151.65,10165.45,13:30:00,10219.36014834243,2,52
2018-04-04,10161.4,10166.3,10156.1,10161.2,13:35:00,10213.84013421458,2,53
2018-04-04,10143.15,10160.7,10131.5,10160.7,13:40:00,10207.107740479856,2,54
2018-04-04,10155.3,10155.3,10136.75,10142.95,13:45:00,10202.173669957963,2,55
2018-04-04,10129.05,10156.2,10126.2,10156.2,13:50:00,10195.209510914348,2,56
2018-04-04,10133.9,10136.8,10119.05,10130.6,13:55:00,10189.370509874889,2,57
2018-04-04,10133.45,10140.5,10129.95,10133.2,14:00:00,10184.04474702966,2,58
2018-04-04,10145.25,10145.5,10131.0,10134.75,14:05:00,10180.350009217313,2,59
2018-04-04,10147.6,10153.15,10145.25,10146.65,14:10:00,10177.230960720426,2,60
2018-04-04,10143.7,10148.9,10132.65,10148.9,14:15:00,10174.037535889913,2,61
2018-04-04,10150.7,10150.8,10140.45,10142.95,14:20:00,10171.814913424205,2,62
2018-04-04,10140.05,10153.3,10137.8,10150.6,14:25:00,10168.78968357428,2,63
2018-04-04,10130.3,10140.3,10129.95,10139.95,14:30:00,10165.12399942435,2,64
2018-04-04,10131.75,10134.2,10125.3,10130.45,14:35:00,10161.945523288696,2,65
2018-04-04,10137.85,10139.85,10130.4,10132.15,14:40:00,10159.650711546916,2,66
2018-04-04,10124.05,10138.0,10123.75,10137.45,14:45:00,10156.260167590066,2,67
2018-04-04,10122.35,10128.3,10120.85,10124.4,14:50:00,10153.030627819584,2,68
2018-04-04,10123.15,10124.35,10111.3,10121.7,14:55:00,10150.184853741528,2,69
2018-04-04,10124.65,10130.95,10122.0,10124.05,15:00:00,10147.752962909002,2,70
2018-04-04,10135.0,10135.0,10122.1,10124.6,15:05:00,10146.538395012907,2,71
2018-04-04,10135.4,10137.15,10132.3,10134.95,15:10:00,10145.477595487868,2,72
2018-04-04,10130.35,10137.7,10121.5,10135.25,15:15:00,10144.03687210807,2,73
2018-04-04,10132.05,10134.4,10126.55,10130.4,15:20:00,10142.895265240635,2,74
2018-04-04,10120.2,10132.55,10118.2,10132.15,15:25:00,10140.733811408194,2,75
2018-04-05,10246.9,10257.45,10227.45,10227.45,09:15:00,10150.844876988363,3,1
2018-04-05,10248.2,10257.15,10246.8,10246.8,09:20:00,10160.116793465664,3,2
2018-04-05,10254.6,10264.15,10248.9,10248.9,09:25:00,10169.115194087984,3,3
2018-04-05,10256.8,10258.9,10251.8,10255.4,09:30:00,10177.466127984366,3,4
2018-04-05,10246.1,10257.15,10244.2,10257.15,09:35:00,10184.00268722395,3,5
2018-04-05,10238.9,10251.25,10238.6,10246.05,09:40:00,10189.231002726432,3,6
2018-04-05,10242.1,10243.15,10236.35,10238.35,09:45:00,10194.266145323916,3,7
2018-04-05,10247.65,10248.15,10241.55,10242.05,09:50:00,10199.350321959737,3,8
2018-04-05,10255.55,10255.55,10245.7,10247.5,09:55:00,10204.702672249285,3,9
2018-04-05,10256.1,10259.55,10255.2,10255.8,10:00:00,10209.597655844593,3,10
2018-04-05,10256.65,10260.3,10253.4,10256.45,10:05:00,10214.07883147844,3,11
2018-04-05,10268.35,10268.35,10256.7,10256.8,10:10:00,10219.24751419478,3,12
2018-04-05,10279.4,10286.0,10269.95,10270.55,10:15:00,10224.976322366703,3,13
2018-04-05,10277.55,10283.0,10277.4,10279.45,10:20:00,10229.98333928416,3,14
2018-04-05,10281.85,10282.5,10276.45,10277.7,10:25:00,10234.923021257098,3,15
2018-04-05,10275.25,10286.25,10274.75,10282.05,10:30:00,10238.76368589928,3,16
2018-04-05,10273.9,10276.7,10273.65,10275.7,10:35:00,10242.11000152792,3,17
2018-04-05,10270.95,10276.9,10270.95,10274.05,10:40:00,10244.85666804907,3,18
2018-04-05,10266.3,10272.05,10261.8,10271.1,10:45:00,10246.898890139635,3,19
2018-04-05,10265.0,10266.4,10260.75,10266.15,10:50:00,10248.622805364432,3,20
2018-04-05,10263.55,10270.55,10263.0,10265.2,10:55:00,10250.044442948772,3,21
2018-04-05,10263.05,10268.25,10262.95,10263.75,11:00:00,10251.28306742984,3,22
2018-04-05,10265.55,10268.4,10261.95,10263.1,11:05:00,10252.641822912712,3,23
2018-04-05,10261.65,10266.4,10260.0,10266.0,11:10:00,10253.499744540071,3,24
2018-04-05,10266.25,10266.6,10260.25,10261.7,11:15:00,10254.714054583874,3,25
2018-04-05,10261.95,10266.5,10260.4,10265.8,11:20:00,10255.403192242553,3,26
2018-04-05,10261.7,10265.05,10260.45,10262.3,11:25:00,10256.002888219453,3,27
2018-04-05,10259.05,10262.25,10258.6,10261.9,11:30:00,10256.293089341409,3,28
2018-04-05,10263.5,10263.9,10258.6,10258.9,11:35:00,10256.979461785082,3,29
2018-04-05,10264.4,10265.3,10260.85,10263.6,11:40:00,10257.686179710312,3,30
2018-04-05,10271.0,10273.55,10264.15,10264.65,11:45:00,10258.954162595044,3,31
2018-04-05,10267.3,10272.3,10266.25,10270.8,11:50:00,10259.74900425266,3,32
2018-04-05,10273.15,10273.85,10266.9,10267.6,11:55:00,10261.025289561929,3,33
2018-04-05,10274.6,10274.8,10270.9,10273.5,12:00:00,10262.31811912746,3,34
2018-04-05,10276.45,10277.35,10273.35,10274.75,12:05:00,10263.664012543892,3,35
2018-04-05,10277.2,10278.75,10275.5,10276.4,12:10:00,10264.95315420638,3,36
2018-04-05,10272.2,10277.55,10271.2,10276.65,12:15:00,10265.643329996248,3,37
2018-04-05,10275.4,10276.35,10272.0,10272.15,12:20:00,10266.572536663272,3,38
2018-04-05,10275.6,10275.9,10273.15,10275.45,12:25:00,10267.432295076294,3,39
2018-04-05,10274.95,10275.95,10272.95,10275.25,12:30:00,10268.14826697379,3,40
2018-04-05,10272.9,10277.95,10272.65,10275.35,12:35:00,10268.600812976289,3,41
2018-04-05,10272.5,10274.1,10270.65,10272.95,12:40:00,10268.972164121404,3,42
2018-04-05,10271.45,10273.5,10270.45,10272.85,12:45:00,10269.208148490794,3,43
2018-04-05,10275.3,10275.85,10271.2,10271.8,12:50:00,10269.788324825004,3,44
2018-04-05,10281.0,10282.2,10275.55,10275.55,12:55:00,10270.856103413098,3,45
2018-04-05,10276.15,10281.0,10276.05,10280.65,13:00:00,10271.360284040422,3,46
2018-04-05,10277.95,10279.8,10275.3,10276.5,13:05:00,10271.987876036572,3,47
2018-04-05,10282.95,10283.55,10277.35,10278.15,13:10:00,10273.031887842611,3,48
2018-04-05,10280.95,10286.45,10280.7,10282.7,13:15:00,10273.785993762363,3,49
2018-04-05,10277.8,10282.7,10274.85,10281.25,13:20:00,10274.168280070711,3,50
2018-04-05,10277.3,10282.2,10277.2,10277.95,13:25:00,10274.466539111596,3,51
2018-04-05,10275.5,10278.8,10275.0,10277.25,13:30:00,10274.564963958112,3,52
2018-04-05,10278.05,10278.65,10275.2,10275.2,13:35:00,10274.896872152578,3,53
2018-04-05,10281.6,10285.0,10278.0,10278.0,13:40:00,10275.535265280903,3,54
2018-04-05,10281.3,10285.0,10279.1,10281.45,13:45:00,10276.084287635103,3,55
2018-04-05,10280.15,10284.65,10278.75,10281.4,13:50:00,10276.47149833652,3,56
2018-04-05,10282.55,10284.2,10278.65,10280.35,13:55:00,10277.050403256851,3,57
2018-04-05,10285.95,10287.0,10282.8,10283.3,14:00:00,10277.897983899056,3,58
2018-04-05,10281.8,10285.95,10277.5,10285.7,14:05:00,10278.2696044801,3,59
2018-04-05,10284.75,10284.85,10280.6,10281.4,14:10:00,10278.886785005803,3,60
2018-04-05,10282.8,10285.45,10280.65,10284.85,14:15:00,10279.25947214811,3,61
2018-04-05,10284.5,10285.65,10280.0,10283.0,14:20:00,10279.758570038766,3,62
2018-04-05,10284.15,10285.2,10282.7,10284.75,14:25:00,10280.176801463647,3,63
2018-04-05,10290.9,10299.25,10274.2,10283.9,14:30:00,10281.198058467113,3,64
2018-04-05,10297.25,10299.0,10287.9,10290.5,14:35:00,10282.726814803576,3,65
2018-04-05,10297.5,10302.6,10292.95,10297.05,14:40:00,10284.133784822285,3,66
2018-04-05,10305.7,10309.3,10294.85,10296.85,14:45:00,10286.187710077304,3,67
2018-04-05,10303.55,10306.25,10300.6,10305.2,14:50:00,10287.841261498514,3,68
2018-04-05,10313.55,10314.7,10303.35,10303.4,14:55:00,10290.28971278437,3,69
2018-04-05,10313.45,10322.65,10311.35,10314.4,15:00:00,10292.495454423954,3,70
2018-04-05,10318.2,10319.95,10312.4,10312.8,15:05:00,10294.943506383575,3,71
2018-04-05,10322.75,10323.15,10315.0,10318.05,15:10:00,10297.591743870857,3,72
2018-04-05,10325.85,10329.2,10322.0,10322.95,15:15:00,10300.283006359346,3,73
2018-04-05,10326.85,10331.8,10324.25,10326.0,15:20:00,10302.813196229885,3,74
2018-04-05,10328.95,10329.05,10324.1,10326.6,15:25:00,10305.302415636565,3,75
2018-04-06,10325.7,10325.7,10305.65,10317.45,09:15:00,10307.245042718794,4,1
2018-04-06,10313.2,10325.8,10310.0,10325.75,09:20:00,10307.81218150748,4,2
2018-04-06,10314.6,10315.75,10309.55,10313.15,09:25:00,10308.45864041153,4,3
2018-04-06,10299.35,10315.1,10296.55,10314.45,09:30:00,10307.591150848528,4,4
2018-04-06,10296.2,10300.4,10291.05,10299.05,09:35:00,10306.506279339144,4,5
2018-04-06,10307.25,10307.4,10296.8,10296.8,09:40:00,10306.577109878272,4,6
2018-04-06,10304.3,10307.65,10300.85,10307.4,09:45:00,10306.36024227082,4,7
2018-04-06,10293.7,10309.65,10293.7,10304.2,09:50:00,10305.154504911694,4,8
2018-04-06,10298.5,10298.9,10290.85,10293.25,09:55:00,10304.52074253915,4,9
2018-04-06,10309.0,10309.0,10298.4,10298.4,10:00:00,10304.947338487802,4,10
2018-04-06,10313.4,10315.3,10307.85,10308.8,10:05:00,10305.752353869915,4,11
2018-04-06,10322.25,10322.25,10312.85,10312.85,10:10:00,10307.32355826326,4,12
2018-04-06,10319.7,10326.6,10318.8,10322.5,10:15:00,10308.502267000093,4,13
2018-04-06,10313.45,10320.9,10310.1,10320.1,10:20:00,10308.97347966675,4,14
2018-04-06,10324.85,10326.15,10312.95,10313.85,10:25:00,10310.4855292223,4,15
2018-04-06,10317.75,10332.1,10317.75,10324.25,10:30:00,10311.17738358208,4,16
2018-04-06,10318.65,10322.1,10316.85,10318.25,10:35:00,10311.88906133617,4,17
2018-04-06,10314.45,10319.3,10313.8,10319.1,10:40:00,10312.132960256537,4,18
2018-04-06,10312.8,10314.65,10309.7,10314.65,10:45:00,10312.19648785115,4,19
2018-04-06,10306.3,10318.85,10305.05,10313.05,10:50:00,10311.634917579611,4,20
2018-04-06,10306.4,10307.75,10303.15,10306.6,10:55:00,10311.1363540006,4,21
2018-04-06,10300.55,10309.7,10299.8,10306.35,11:00:00,10310.128129810068,4,22
2018-04-06,10297.45,10302.7,10297.2,10300.65,11:05:00,10308.920688875776,4,23
2018-04-06,10299.95,10300.2,10296.05,10297.6,11:10:00,10308.066337554275,4,24
2018-04-06,10306.8,10308.1,10299.45,10300.35,11:15:00,10307.945733977678,4,25
2018-04-06,10303.15,10308.65,10302.95,10306.85,11:20:00,10307.488997408376,4,26
2018-04-06,10310.8,10312.25,10302.65,10303.7,11:25:00,10307.80433098853,4,27
2018-04-06,10314.0,10314.05,10309.95,10311.75,11:30:00,10308.394394703908,4,28
2018-04-06,10312.1,10315.2,10309.85,10314.2,11:35:00,10308.747309494012,4,29
2018-04-06,10313.4,10313.65,10309.45,10312.35,11:40:00,10309.190422875536,4,30
2018-04-06,10319.2,10319.85,10313.0,10313.45,11:45:00,10310.143715935008,4,31
2018-04-06,10317.0,10321.1,10316.35,10319.15,11:50:00,10310.79669536977,4,32
2018-04-06,10312.45,10317.8,10311.8,10317.15,11:55:00,10310.954152953602,4,33
2018-04-06,10315.05,10315.3,10309.75,10312.5,12:00:00,10311.344233624688,4,34
2018-04-06,10315.85,10316.95,10314.25,10315.0,12:05:00,10311.773354231862,4,35
2018-04-06,10315.2,10317.25,10313.7,10316.35,12:10:00,10312.099701447874,4,36
2018-04-06,10317.45,10319.0,10315.45,10315.5,12:15:00,10312.609253690936,4,37
2018-04-06,10316.5,10319.45,10315.85,10317.65,12:20:00,10312.979800958465,4,38
2018-04-06,10317.9,10320.9,10316.1,10316.9,12:25:00,10313.448391343372,4,39
2018-04-06,10323.45,10323.65,10318.15,10318.5,12:30:00,10314.400925501148,4,40
2018-04-06,10310.9,10324.0,10309.4,10324.0,12:35:00,10314.067504024848,4,41
2018-04-06,10311.1,10313.2,10308.65,10311.5,12:40:00,10313.78488459391,4,42
2018-04-06,10307.25,10316.8,10307.25,10311.2,12:45:00,10313.162514632584,4,43
2018-04-06,10303.2,10308.65,10299.2,10307.55,12:50:00,10312.213703715195,4,44
2018-04-06,10303.6,10308.6,10301.1,10303.5,12:55:00,10311.393350980414,4,45
2018-04-06,10310.45,10311.75,10303.45,10303.75,13:00:00,10311.3035080299,4,46
2018-04-06,10314.95,10316.15,10309.65,10310.65,13:05:00,10311.650792979432,4,47
2018-04-06,10312.7,10317.25,10312.1,10315.35,13:10:00,10311.750717457582,4,48
2018-04-06,10313.7,10315.1,10310.65,10312.85,13:15:00,10311.936363414005,4,49
2018-04-06,10317.0,10317.5,10313.45,10314.0,13:20:00,10312.418614517432,4,50
2018-04-06,10319.45,10321.9,10316.15,10317.15,13:25:00,10313.088270277676,4,51
2018-04-06,10323.55,10323.7,10317.65,10319.6,13:30:00,10314.084625489326,4,52
2018-04-06,10307.0,10325.6,10306.9,10324.0,13:35:00,10313.409899252249,4,53
2018-04-06,10301.45,10309.55,10301.25,10307.75,13:40:00,10312.270861228224,4,54
2018-04-06,10304.1,10306.8,10297.4,10301.55,13:45:00,10311.492683968394,4,55
2018-04-06,10304.25,10310.65,10304.05,10304.65,13:50:00,10310.802904542834,4,56
2018-04-06,10310.8,10311.65,10304.0,10304.15,13:55:00,10310.802627919707,4,57
2018-04-06,10313.15,10317.05,10310.6,10310.9,14:00:00,10311.026187165451,4,58
2018-04-06,10311.95,10317.4,10308.9,10313.45,14:05:00,10311.114169340171,4,59
2018-04-06,10311.05,10312.4,10308.25,10311.55,14:10:00,10311.10805797444,4,60
2018-04-06,10318.9,10319.55,10310.65,10311.4,14:15:00,10311.85014769116,4,61
2018-04-06,10312.3,10319.8,10311.65,10318.8,14:20:00,10311.892990768192,4,62
2018-04-06,10320.2,10320.6,10312.25,10312.25,14:25:00,10312.684134504554,4,63
2018-04-06,10318.25,10326.7,10317.7,10320.1,14:30:00,10313.21421693269,4,64
2018-04-06,10324.55,10324.55,10315.95,10318.4,14:35:00,10314.293815320054,4,65
2018-04-06,10324.2,10327.0,10323.1,10324.45,14:40:00,10315.237261480048,4,66
2018-04-06,10323.65,10325.85,10321.5,10324.6,14:45:00,10316.038474672425,4,67
2018-04-06,10342.45,10346.0,10323.85,10323.85,14:50:00,10318.553858036956,4,68
2018-04-06,10346.75,10350.45,10337.45,10342.5,14:55:00,10321.23920489058,4,69
2018-04-06,10340.4,10348.95,10339.75,10346.4,15:00:00,10323.064042520047,4,70
2018-04-06,10335.3,10340.45,10334.6,10340.45,15:05:00,10324.22937180385,4,71
2018-04-06,10332.15,10335.9,10328.6,10335.9,15:10:00,10324.983717346342,4,72
2018-04-06,10325.2,10336.55,10322.4,10332.3,15:15:00,10325.00431569431,4,73
2018-04-06,10324.6,10327.0,10320.1,10325.05,15:20:00,10324.965809437708,4,74
2018-04-06,10321.95,10325.5,10319.2,10324.7,15:25:00,10324.67858949126,4,75
2018-04-09,10361.8,10362.85,10328.5,10328.5,09:15:00,10328.213961920665,0,1
2018-04-09,10374.25,10374.7,10361.85,10361.85,09:20:00,10332.598346499646,0,2
2018-04-09,10372.5,10379.25,10368.35,10374.05,09:25:00,10336.39850397587,0,3
2018-04-09,10368.9,10381.45,10368.15,10373.1,09:30:00,10339.493884549596,0,4
2018-04-09,10366.8,10370.25,10365.15,10368.35,09:35:00,10342.094466973444,0,5
2018-04-09,10371.25,10371.45,10365.65,10367.7,09:40:00,10344.871184404545,0,6
2018-04-09,10381.1,10381.8,10369.05,10370.65,09:45:00,10348.321547794589,0,7
2018-04-09,10383.3,10386.85,10377.55,10381.25,09:50:00,10351.652828957009,0,8
2018-04-09,10387.3,10388.2,10381.9,10383.05,09:55:00,10355.047797627769,0,9
2018-04-09,10384.6,10391.25,10383.35,10387.05,10:00:00,10357.86229309179,0,10
2018-04-09,10378.65,10385.3,10376.95,10384.5,10:05:00,10359.842074702095,0,11
2018-04-09,10382.65,10385.75,10378.25,10378.8,10:10:00,10362.014258063804,0,12
2018-04-09,10375.9,10382.55,10375.65,10382.35,10:15:00,10363.336709676774,0,13
2018-04-09,10374.55,10377.95,10373.75,10375.6,10:20:00,10364.40464208851,0,14
2018-04-09,10374.7,10375.0,10370.7,10374.75,10:25:00,10365.385152365796,0,15
2018-04-09,10381.3,10381.6,10375.15,10375.2,10:30:00,10366.900852140485,0,16
2018-04-09,10383.85,10386.7,10380.9,10381.0,10:35:00,10368.515056698532,0,17
2018-04-09,10385.25,10385.35,10381.8,10384.15,10:40:00,10370.108860822482,0,18
2018-04-09,10382.35,10386.85,10381.45,10385.75,10:45:00,10371.274683601292,0,19
2018-04-09,10381.35,10382.75,10377.65,10382.45,10:50:00,10372.234237544028,0,20
2018-04-09,10378.5,10381.9,10377.65,10381.55,10:55:00,10372.830976825548,0,21
2018-04-09,10379.65,10380.5,10377.45,10378.3,11:00:00,10373.480407604067,0,22
2018-04-09,10384.7,10385.25,10378.1,10379.55,11:05:00,10374.548940213204,0,23
2018-04-09,10383.1,10384.55,10379.4,10384.45,11:10:00,10375.363326859566,0,24
2018-04-09,10378.75,10383.3,10377.8,10382.55,11:15:00,10375.685867158656,0,25
2018-04-09,10372.35,10379.9,10371.35,10379.15,11:20:00,10375.368165524498,0,26
2018-04-09,10365.25,10371.95,10363.45,10371.95,11:25:00,10374.40453071264,0,27
2018-04-09,10373.4,10374.5,10362.15,10364.15,11:30:00,10374.30886112096,0,28
2018-04-09,10375.3,10378.2,10372.8,10373.55,11:35:00,10374.403255299916,0,29
2018-04-09,10376.1,10376.9,10373.35,10375.35,11:40:00,10374.56485003326,0,30
2018-04-09,10380.15,10381.9,10375.7,10375.95,11:45:00,10375.09676907771,0,31
2018-04-09,10381.05,10382.2,10378.8,10380.45,11:50:00,10375.66374345126,0,32
2018-04-09,10386.75,10387.55,10380.2,10381.25,11:55:00,10376.719577408285,0,33
2018-04-09,10388.6,10389.15,10385.9,10386.6,12:00:00,10377.851046226544,0,34
2018-04-09,10388.85,10393.6,10387.05,10388.45,12:05:00,10378.89856563354,0,35
2018-04-09,10390.5,10392.65,10387.7,10389.3,12:10:00,10380.003464144633,0,36
2018-04-09,10393.75,10396.2,10389.3,10390.2,12:15:00,10381.312658035618,0,37
2018-04-09,10392.4,10394.95,10390.55,10393.9,12:20:00,10382.36859536556,0,38
2018-04-09,10394.1,10396.6,10391.15,10393.0,12:25:00,10383.48587199741,0,39
2018-04-09,10387.5,10396.35,10382.95,10394.85,12:30:00,10383.868169902418,0,40
2018-04-09,10378.7,10389.65,10378.35,10387.55,12:35:00,10383.375963245046,0,41
2018-04-09,10365.8,10378.7,10361.55,10377.9,12:40:00,10381.702061983611,0,42
2018-04-09,10372.8,10375.25,10363.0,10365.7,12:45:00,10380.854246556602,0,43
2018-04-09,10378.05,10379.05,10372.1,10372.95,12:50:00,10380.587175455974,0,44
2018-04-09,10381.2,10382.9,10377.65,10378.65,12:55:00,10380.645539698264,0,45
2018-04-09,10383.15,10385.45,10381.1,10381.65,13:00:00,10380.884059727,0,46
2018-04-09,10381.65,10387.95,10380.85,10383.0,13:05:00,10380.957006419669,0,47
2018-04-09,10381.8,10382.5,10378.95,10382.25,13:10:00,10381.037291522558,0,48
2018-04-09,10378.95,10383.75,10376.5,10381.6,13:15:00,10380.838501853745,0,49
2018-04-09,10385.15,10385.7,10378.6,10378.6,13:20:00,10381.249120724817,0,50
2018-04-09,10384.2,10388.75,10382.65,10384.95,13:25:00,10381.530156846262,0,51
2018-04-09,10380.3,10386.5,10374.3,10384.15,13:30:00,10381.41299905138,0,52
2018-04-09,10379.05,10384.25,10378.25,10380.35,13:35:00,10381.18795152268,0,53
2018-04-09,10383.35,10383.9,10377.6,10378.85,13:40:00,10381.393860901471,0,54
2018-04-09,10388.65,10389.1,10382.55,10383.55,13:45:00,10382.084921767995,0,55
2018-04-09,10389.85,10391.05,10388.1,10388.75,13:50:00,10382.824453028188,0,56
2018-04-09,10388.25,10391.6,10385.95,10389.95,13:55:00,10383.341171787408,0,57
2018-04-09,10391.35,10392.4,10387.55,10388.65,14:00:00,10384.103917331464,0,58
2018-04-09,10392.85,10394.15,10389.75,10391.3,14:05:00,10384.93687758561,0,59
2018-04-09,10393.2,10393.95,10388.05,10392.95,14:10:00,10385.723841625077,0,60
2018-04-09,10394.0,10397.7,10393.15,10393.15,14:15:00,10386.512047184591,0,61
2018-04-09,10389.0,10397.3,10388.9,10394.25,14:20:00,10386.748995071774,0,62
2018-04-09,10392.0,10393.65,10387.9,10388.8,14:25:00,10387.249090779223,0,63
2018-04-09,10394.55,10396.85,10391.55,10392.55,14:30:00,10387.944415466916,0,64
2018-04-09,10386.5,10394.3,10386.3,10394.3,14:35:00,10387.806852089114,0,65
2018-04-09,10385.7,10386.9,10378.2,10386.15,14:40:00,10387.6061995092,0,66
2018-04-09,10383.55,10387.4,10379.15,10386.05,14:45:00,10387.219894794036,0,67
2018-04-09,10388.5,10391.3,10383.65,10384.0,14:50:00,10387.341809575557,0,68
2018-04-09,10393.85,10394.45,10387.2,10388.4,14:55:00,10387.961637235028,0,69
2018-04-09,10387.05,10394.95,10386.0,10393.95,15:00:00,10387.874814641216,0,70
2018-04-09,10390.5,10392.9,10384.95,10387.2,15:05:00,10388.124832294434,0,71
2018-04-09,10383.85,10391.3,10379.75,10390.35,15:10:00,10387.71770540925,0,72
2018-04-09,10373.8,10384.2,10371.0,10383.75,15:15:00,10386.392209655987,0,73
2018-04-09,10366.65,10373.8,10363.9,10373.6,15:20:00,10384.51199921256,0,74
2018-04-09,10372.1,10374.5,10366.5,10366.85,15:25:00,10383.32990404946,0,75
2018-04-10,10405.0,10418.15,10403.8,10411.55,09:15:00,10385.393722711417,1,1
2018-04-10,10416.8,10417.3,10402.9,10404.9,09:20:00,10388.3847967389,1,2
2018-04-10,10416.35,10419.3,10411.4,10416.65,09:25:00,10391.048149430431,1,3
2018-04-10,10419.05,10419.65,10414.1,10416.9,09:30:00,10393.71499234182,1,4
2018-04-10,10417.85,10424.55,10417.75,10419.15,09:35:00,10396.01356449974,1,5
2018-04-10,10415.55,10418.7,10411.25,10417.45,09:40:00,10397.874177404528,1,6
2018-04-10,10417.8,10417.9,10410.15,10415.35,09:45:00,10399.771874794573,1,7
2018-04-10,10420.35,10421.6,10415.55,10417.45,09:50:00,10401.731696242708,1,8
2018-04-10,10421.8,10424.85,10419.65,10420.75,09:55:00,10403.642963267212,1,9
2018-04-10,10416.6,10423.4,10416.1,10421.5,10:00:00,10404.876966765572,1,10
2018-04-10,10416.55,10419.45,10414.4,10416.5,10:05:00,10405.988684216469,1,11
2018-04-10,10415.6,10417.95,10414.3,10416.5,10:10:00,10406.904047624424,1,12
2018-04-10,10416.05,10418.65,10414.4,10415.85,10:15:00,10407.775090707812,1,13
2018-04-10,10405.45,10416.35,10405.45,10415.95,10:20:00,10407.553653497544,1,14
2018-04-10,10409.0,10409.75,10403.05,10405.55,10:25:00,10407.691400783497,1,15
2018-04-10,10400.05,10409.95,10398.7,10408.95,10:30:00,10406.963648327925,1,16
2018-04-10,10400.15,10404.55,10399.45,10400.1,10:35:00,10406.314729439551,1,17
2018-04-10,10399.5,10406.65,10398.6,10400.6,10:40:00,10405.665707588165,1,18
2018-04-10,10390.95,10399.65,10389.75,10399.65,10:45:00,10404.264211627387,1,19
2018-04-10,10390.4,10391.55,10381.5,10390.5,10:50:00,10402.943810520015,1,20
2018-04-10,10400.3,10401.6,10390.6,10390.75,10:55:00,10402.69201904192,1,21
2018-04-10,10399.9,10407.6,10399.3,10400.55,11:00:00,10402.4261124665,1,22
2018-04-10,10399.75,10399.95,10394.55,10399.85,11:05:00,10402.17124461255,1,23
2018-04-10,10401.55,10403.75,10399.6,10399.6,11:10:00,10402.112078458971,1,24
2018-04-10,10401.15,10406.35,10401.15,10401.4,11:15:00,10402.020451939072,1,25
2018-04-10,10400.6,10403.0,10397.3,10401.0,11:20:00,10401.885170802016,1,26
2018-04-10,10393.4,10401.25,10390.0,10400.3,11:25:00,10401.077059297064,1,27
2018-04-10,10391.05,10396.15,10389.9,10393.1,11:30:00,10400.122101268773,1,28
2018-04-10,10394.4,10397.5,10390.9,10390.9,11:35:00,10399.577139243174,1,29
2018-04-10,10395.95,10396.4,10392.65,10394.6,11:40:00,10399.231697410492,1,30
2018-04-10,10399.2,10400.5,10394.1,10395.35,11:45:00,10399.228678609494,1,31
2018-04-10,10400.25,10401.1,10394.55,10398.6,11:50:00,10399.325947313351,1,32
2018-04-10,10402.65,10403.25,10399.95,10400.3,11:55:00,10399.6425237597,1,33
2018-04-10,10405.75,10406.15,10401.0,10402.1,12:00:00,10400.224188163538,1,34
2018-04-10,10402.65,10406.1,10401.65,10405.7,12:05:00,10400.455217862249,1,35
2018-04-10,10401.8,10405.05,10400.6,10402.75,12:10:00,10400.58329235156,1,36
2018-04-10,10401.45,10402.0,10396.8,10401.25,12:15:00,10400.665835937123,1,37
2018-04-10,10402.3,10403.5,10400.0,10401.75,12:20:00,10400.82147060978,1,38
2018-04-10,10403.5,10404.6,10400.75,10402.25,12:25:00,10401.076568646942,1,39
2018-04-10,10402.55,10407.25,10402.3,10403.75,12:30:00,10401.216895442472,1,40
2018-04-10,10400.9,10403.1,10399.05,10402.75,12:35:00,10401.18671492414,1,41
2018-04-10,10403.85,10404.35,10400.9,10400.95,12:40:00,10401.440361121842,1,42
2018-04-10,10401.25,10406.45,10401.05,10404.0,12:45:00,10401.422231491191,1,43
2018-04-10,10396.25,10401.85,10395.7,10401.35,12:50:00,10400.92963801584,1,44
2018-04-10,10400.25,10401.4,10395.9,10396.2,12:55:00,10400.86491058576,1,45
2018-04-10,10398.9,10401.2,10397.5,10399.4,13:00:00,10400.67777624426,1,46
2018-04-10,10401.45,10402.4,10397.15,10398.8,13:05:00,10400.751321363854,1,47
2018-04-10,10398.05,10401.3,10395.9,10401.3,13:10:00,10400.494052662534,1,48
2018-04-10,10403.7,10404.6,10398.4,10398.4,13:15:00,10400.799380980388,1,49
2018-04-10,10410.15,10410.65,10403.85,10403.85,13:20:00,10401.689916125111,1,50
2018-04-10,10398.55,10411.25,10397.45,10410.3,13:25:00,10401.39087649415,1,51
2018-04-10,10395.3,10398.8,10390.0,10398.3,13:30:00,10400.810793018516,1,52
2018-04-10,10400.5,10400.5,10393.45,10395.1,13:35:00,10400.78119368342,1,53
2018-04-10,10399.7,10402.9,10395.15,10400.3,13:40:00,10400.678222856428,1,54
2018-04-10,10406.3,10407.1,10399.55,10399.55,13:45:00,10401.213630203436,1,55
2018-04-10,10403.6,10409.3,10403.6,10406.4,13:50:00,10401.440903517396,1,56
2018-04-10,10407.9,10408.55,10403.6,10403.8,13:55:00,10402.056055563358,1,57
2018-04-10,10409.25,10409.45,10406.65,10407.95,14:00:00,10402.741193128752,1,58
2018-04-10,10413.9,10415.15,10409.6,10409.6,14:05:00,10403.8039366403,1,59
2018-04-10,10410.8,10416.1,10410.5,10414.25,14:10:00,10404.470228388844,1,60
2018-04-10,10414.65,10415.05,10406.2,10410.3,14:15:00,10405.43973044705,1,61
2018-04-10,10414.3,10416.6,10413.0,10414.7,14:20:00,10406.283565642569,1,62
2018-04-10,10418.25,10418.3,10412.45,10413.6,14:25:00,10407.423226057565,1,63
2018-04-10,10421.4,10422.0,10415.65,10417.9,14:30:00,10408.754347385411,1,64
2018-04-10,10411.75,10423.65,10411.0,10421.3,14:35:00,10409.03964763442,1,65
2018-04-10,10406.8,10411.95,10404.9,10411.8,14:40:00,10408.826347859716,1,66
2018-04-10,10406.7,10408.7,10403.25,10407.1,14:45:00,10408.623838539745,1,67
2018-04-10,10408.6,10410.85,10406.6,10406.8,14:50:00,10408.621568202623,1,68
2018-04-10,10406.4,10409.95,10406.2,10408.75,14:55:00,10408.409990278564,1,69
2018-04-10,10399.1,10407.35,10397.7,10407.35,15:00:00,10407.523324537748,1,70
2018-04-10,10398.95,10401.35,10395.9,10398.85,15:05:00,10406.706817438915,1,71
2018-04-10,10400.75,10400.9,10397.35,10399.1,15:10:00,10406.139501492353,1,72
2018-04-10,10409.3,10410.25,10400.6,10400.85,15:15:00,10406.440501350222,1,73
2018-04-10,10403.65,10410.2,10402.8,10409.4,15:20:00,10406.174739316868,1,74
2018-04-10,10401.9,10406.0,10399.6,10403.95,15:25:00,10405.76762128669,1,75
2018-04-11,10393.65,10425.3,10391.35,10422.25,09:15:00,10404.613562116529,2,1
2018-04-11,10401.55,10405.35,10393.1,10393.6,09:20:00,10404.321794295907,2,2
2018-04-11,10407.85,10409.35,10399.8,10401.4,09:25:00,10404.657813886774,2,3
2018-04-11,10397.85,10410.3,10394.5,10407.4,09:30:00,10404.00945065946,2,4
2018-04-11,10399.0,10401.05,10393.4,10397.7,09:35:00,10403.532360120464,2,5
2018-04-11,10377.5,10399.05,10376.7,10398.35,09:40:00,10401.053087728042,2,6
2018-04-11,10370.05,10378.4,10364.6,10377.4,09:45:00,10398.100412706324,2,7
2018-04-11,10367.25,10380.4,10367.25,10371.0,09:50:00,10395.162278162865,2,8
2018-04-11,10366.1,10370.45,10364.85,10367.0,09:55:00,10392.394442147352,2,9
2018-04-11,10367.3,10367.75,10355.6,10365.8,10:00:00,10390.004495276176,2,10
2018-04-11,10360.9,10367.6,10360.65,10367.15,10:05:00,10387.232638583208,2,11
2018-04-11,10370.15,10370.8,10359.3,10360.6,10:10:00,10385.605720622902,2,12
2018-04-11,10373.1,10374.55,10369.35,10370.3,10:15:00,10384.414699611196,2,13
2018-04-11,10367.75,10377.8,10366.9,10372.65,10:20:00,10382.827585362513,2,14
2018-04-11,10364.0,10369.25,10363.75,10367.7,10:25:00,10381.034481994651,2,15
2018-04-11,10372.55,10374.3,10363.55,10363.8,10:30:00,10380.2264360904,2,16
2018-04-11,10374.7,10377.8,10372.35,10372.65,10:35:00,10379.700108843695,2,17
2018-04-11,10378.85,10379.75,10374.4,10375.0,10:40:00,10379.619146096678,2,18
2018-04-11,10375.65,10379.2,10374.9,10379.2,10:45:00,10379.24113218271,2,19
2018-04-11,10375.5,10378.5,10375.2,10376.0,10:50:00,10378.884833879594,2,20
2018-04-11,10377.3,10378.0,10374.85,10375.6,10:55:00,10378.733897319633,2,21
2018-04-11,10379.1,10380.55,10376.1,10377.55,11:00:00,10378.768764241571,2,22
2018-04-11,10384.5,10386.35,10379.0,10379.15,11:05:00,10379.314596218566,2,23
2018-04-11,10383.0,10387.8,10381.05,10384.25,11:10:00,10379.665587054891,2,24
2018-04-11,10392.85,10393.35,10382.65,10382.7,11:15:00,10380.921245430616,2,25
2018-04-11,10385.8,10393.25,10384.95,10392.75,11:20:00,10381.385888722938,2,26
2018-04-11,10390.05,10391.05,10384.5,10386.05,11:25:00,10382.211042177896,2,27
2018-04-11,10390.2,10392.7,10387.25,10390.25,11:30:00,10382.97189530381,2,28
2018-04-11,10384.55,10390.5,10384.35,10390.5,11:35:00,10383.12219098916,2,29
2018-04-11,10379.5,10386.8,10379.3,10384.65,11:40:00,10382.777220418764,2,30
2018-04-11,10383.15,10384.95,10378.9,10379.6,11:45:00,10382.812723236024,2,31
2018-04-11,10382.25,10386.45,10381.35,10383.1,11:50:00,10382.759130546878,2,32
2018-04-11,10381.9,10382.85,10380.5,10381.8,11:55:00,10382.677308590031,2,33
2018-04-11,10379.25,10382.2,10378.1,10381.6,12:00:00,10382.350898248123,2,34
2018-04-11,10384.4,10385.65,10378.6,10379.3,12:05:00,10382.546050795923,2,35
2018-04-11,10383.8,10386.75,10383.1,10385.05,12:10:00,10382.665474529644,2,36
2018-04-11,10388.75,10390.55,10383.5,10383.95,12:15:00,10383.244953145868,2,37
2018-04-11,10387.15,10389.25,10384.6,10388.95,12:20:00,10383.61686237007,2,38
2018-04-11,10382.6,10387.4,10380.85,10387.1,12:25:00,10383.520018334826,2,39
2018-04-11,10388.15,10389.0,10382.15,10382.65,12:30:00,10383.960968969604,2,40
2018-04-11,10390.7,10391.7,10386.5,10388.35,12:35:00,10384.60278144869,2,41
2018-04-11,10385.4,10391.1,10384.8,10390.4,12:40:00,10384.678707025005,2,42
2018-04-11,10387.1,10387.55,10382.5,10385.25,12:45:00,10384.909306355958,2,43
2018-04-11,10390.35,10390.7,10387.05,10387.15,12:50:00,10385.427467655389,2,44
2018-04-11,10388.95,10391.15,10386.7,10390.75,12:55:00,10385.762946926305,2,45
2018-04-11,10390.9,10390.9,10386.15,10389.0,13:00:00,10386.25219007618,2,46
2018-04-11,10394.95,10395.1,10390.35,10390.85,13:05:00,10387.080552926069,2,47
2018-04-11,10391.2,10395.2,10388.85,10394.8,13:10:00,10387.472881218822,2,48
2018-04-11,10397.3,10398.35,10391.05,10391.45,13:15:00,10388.40879729322,2,49
2018-04-11,10407.4,10409.3,10397.5,10397.5,13:20:00,10390.217483265296,2,50
2018-04-11,10403.95,10410.05,10403.5,10407.75,13:25:00,10391.525342001934,2,51
2018-04-11,10413.1,10413.4,10400.4,10404.0,13:30:00,10393.580071335084,2,52
2018-04-11,10416.45,10419.7,10412.15,10412.15,13:35:00,10395.75815977936,2,53
2018-04-11,10411.45,10416.45,10410.3,10416.4,13:40:00,10397.252620752755,2,54
2018-04-11,10407.8,10411.8,10403.95,10411.35,13:45:00,10398.25713306202,2,55
2018-04-11,10405.8,10407.7,10402.9,10407.55,13:50:00,10398.975501341827,2,56
2018-04-11,10410.2,10411.0,10405.6,10405.9,13:55:00,10400.044501214035,2,57
2018-04-11,10418.8,10419.25,10409.8,10410.55,14:00:00,10401.83073919365,2,58
2018-04-11,10420.75,10422.35,10417.85,10419.3,14:05:00,10403.63257355616,2,59
2018-04-11,10420.95,10422.05,10418.45,10420.5,14:10:00,10405.281852265098,2,60
2018-04-11,10416.1,10421.0,10414.55,10420.85,14:15:00,10406.312152049371,2,61
2018-04-11,10413.75,10417.0,10410.05,10416.65,14:20:00,10407.020518520862,2,62
2018-04-11,10410.45,10414.6,10409.0,10414.45,14:25:00,10407.34713580459,2,63
2018-04-11,10402.05,10410.7,10400.25,10410.2,14:30:00,10406.842646680345,2,64
2018-04-11,10409.2,10411.3,10401.65,10402.35,14:35:00,10407.06715652031,2,65
2018-04-11,10414.55,10415.3,10407.25,10409.15,14:40:00,10407.77980828028,2,66
2018-04-11,10414.5,10417.8,10412.45,10414.85,14:45:00,10408.4198265393,2,67
2018-04-11,10413.45,10416.35,10412.8,10414.6,14:50:00,10408.898890678414,2,68
2018-04-11,10407.15,10413.9,10403.7,10413.4,14:55:00,10408.73232966142,2,69
2018-04-11,10414.15,10415.0,10407.3,10408.1,15:00:00,10409.248298265096,2,70
2018-04-11,10419.4,10419.4,10411.15,10414.65,15:05:00,10410.215127001757,2,71
2018-04-11,10421.65,10422.25,10418.95,10419.6,15:10:00,10411.304162525395,2,72
2018-04-11,10418.05,10422.95,10415.85,10422.0,15:15:00,10411.946623237263,2,73
2018-04-11,10415.2,10420.6,10415.2,10418.75,15:20:00,10412.25646864324,2,74
2018-04-11,10414.2,10416.1,10410.45,10416.1,15:25:00,10412.441566867694,2,75
2018-04-12,10405.45,10408.8,10395.25,10408.15,09:15:00,10411.775703356485,3,1
2018-04-12,10406.15,10407.95,10400.65,10406.05,09:20:00,10411.239922084438,3,2
2018-04-12,10406.65,10412.7,10403.25,10406.85,09:25:00,10410.802786647826,3,3
2018-04-12,10413.75,10415.45,10406.45,10406.45,09:30:00,10411.083473633747,3,4
2018-04-12,10414.55,10420.7,10411.7,10414.0,09:35:00,10411.413619001962,3,5
2018-04-12,10420.05,10420.45,10411.5,10414.4,09:40:00,10412.236131477965,3,6
2018-04-12,10419.25,10424.05,10418.45,10420.1,09:45:00,10412.904118956252,3,7
2018-04-12,10422.2,10425.2,10417.55,10420.35,09:50:00,10413.78944096042,3,8
2018-04-12,10429.45,10429.5,10421.6,10422.15,09:55:00,10415.280922773713,3,9
2018-04-12,10422.6,10430.25,10422.4,10429.95,10:00:00,10415.977977747643,3,10
2018-04-12,10421.4,10423.75,10418.7,10422.4,10:05:00,10416.494360819295,3,11
2018-04-12,10424.55,10425.2,10417.8,10421.25,10:10:00,10417.261564550792,3,12
2018-04-12,10418.2,10426.95,10416.85,10424.8,10:15:00,10417.35093935548,3,13
2018-04-12,10408.05,10419.2,10407.25,10418.4,10:20:00,10416.46513560734,3,14
2018-04-12,10424.45,10424.45,10408.0,10408.0,10:25:00,10417.22559888283,3,15
2018-04-12,10423.95,10425.7,10418.0,10424.5,10:30:00,10417.866018036846,3,16
2018-04-12,10427.15,10430.15,10423.5,10424.2,10:35:00,10418.75020679524,3,17
2018-04-12,10427.15,10429.35,10425.8,10426.9,10:40:00,10419.550187100454,3,18
2018-04-12,10433.85,10433.85,10425.8,10427.3,10:45:00,10420.91207404327,3,19
2018-04-12,10432.3,10437.55,10432.3,10433.65,10:50:00,10421.996638420102,3,20
2018-04-12,10436.2,10437.45,10431.65,10432.15,10:55:00,10423.349339522949,3,21
2018-04-12,10432.75,10436.1,10429.45,10436.1,11:00:00,10424.244640520765,3,22
2018-04-12,10429.0,10433.2,10428.8,10432.65,11:05:00,10424.697531899736,3,23
2018-04-12,10430.7,10431.85,10428.65,10428.95,11:10:00,10425.269195528334,3,24
2018-04-12,10431.9,10434.35,10429.4,10430.85,11:15:00,10425.90070071611,3,25
2018-04-12,10433.4,10433.65,10429.4,10432.1,11:20:00,10426.614919695528,3,26
2018-04-12,10429.15,10434.25,10427.2,10433.6,11:25:00,10426.856355915002,3,27
2018-04-12,10432.65,10433.45,10429.1,10429.1,11:30:00,10427.408131542146,3,28
2018-04-12,10428.45,10434.05,10427.9,10432.35,11:35:00,10427.50735710956,3,29
2018-04-12,10425.7,10429.4,10425.7,10428.2,11:40:00,10427.33522786103,3,30
2018-04-12,10427.9,10429.55,10424.1,10426.0,11:45:00,10427.389015683788,3,31
2018-04-12,10427.55,10432.15,10425.45,10428.3,11:50:00,10427.404347523428,3,32
2018-04-12,10429.3,10432.7,10427.05,10427.7,11:55:00,10427.58488585453,3,33
2018-04-12,10428.4,10432.2,10427.75,10429.5,12:00:00,10427.662515773143,3,34
2018-04-12,10427.65,10431.3,10427.1,10428.3,12:05:00,10427.661323794751,3,35
2018-04-12,10428.6,10428.8,10423.15,10427.45,12:10:00,10427.750721528586,3,36
2018-04-12,10422.55,10428.8,10422.25,10428.5,12:15:00,10427.25541471634,3,37
2018-04-12,10423.45,10425.4,10421.8,10422.6,12:20:00,10426.892994267164,3,38
2018-04-12,10422.6,10424.05,10422.1,10423.2,12:25:00,10426.484137670292,3,39
2018-04-12,10429.55,10432.0,10422.35,10422.8,12:30:00,10426.776124558835,3,40
2018-04-12,10430.4,10432.4,10429.1,10429.8,12:35:00,10427.121255553231,3,41
2018-04-12,10429.35,10431.95,10427.9,10430.45,12:40:00,10427.333516929117,3,42
2018-04-12,10429.2,10430.45,10425.5,10429.25,12:45:00,10427.51127722158,3,43
2018-04-12,10431.0,10432.6,10428.6,10428.6,12:50:00,10427.84353653381,3,44
2018-04-12,10433.35,10434.7,10430.1,10430.95,12:55:00,10428.367961625829,3,45
2018-04-12,10434.1,10436.15,10431.65,10433.0,13:00:00,10428.913870042416,3,46
2018-04-12,10438.7,10438.8,10432.6,10433.35,13:05:00,10429.84588241933,3,47
2018-04-12,10444.35,10446.5,10438.25,10439.0,13:10:00,10431.227226950825,3,48
2018-04-12,10453.2,10453.2,10444.6,10444.6,13:15:00,10433.319872003123,3,49
2018-04-12,10461.35,10465.55,10451.05,10453.35,13:20:00,10435.989408002828,3,50
2018-04-12,10454.45,10462.8,10453.0,10460.3,13:25:00,10437.747559621606,3,51
2018-04-12,10457.6,10458.8,10453.35,10453.8,13:30:00,10439.638268229071,3,52
2018-04-12,10468.1,10469.9,10457.5,10457.75,13:35:00,10442.348909350114,3,53
2018-04-12,10461.3,10469.65,10460.7,10467.7,13:40:00,10444.153775126291,3,54
2018-04-12,10460.2,10465.45,10459.9,10460.85,13:45:00,10445.681987019028,3,55
2018-04-12,10460.9,10461.75,10453.05,10460.15,13:50:00,10447.131321588644,3,56
2018-04-12,10462.2,10462.6,10454.2,10457.6,13:55:00,10448.566433818296,3,57
2018-04-12,10458.35,10467.4,10457.65,10461.7,14:00:00,10449.498202026078,3,58
2018-04-12,10467.2,10467.45,10457.2,10457.85,14:05:00,10451.184087547404,3,59
2018-04-12,10464.05,10469.3,10464.05,10467.35,14:10:00,10452.409412542893,3,60
2018-04-12,10465.35,10469.45,10463.15,10464.3,14:15:00,10453.64184944357,3,61
2018-04-12,10456.7,10465.05,10456.25,10464.95,14:20:00,10453.933101877516,3,62
2018-04-12,10442.65,10457.55,10442.4,10457.0,14:25:00,10452.858520746324,3,63
2018-04-12,10445.95,10447.55,10442.15,10442.45,14:30:00,10452.20056638953,3,64
2018-04-12,10447.65,10451.05,10442.5,10446.0,14:35:00,10451.767179114337,3,65
2018-04-12,10450.8,10451.0,10443.6,10447.45,14:40:00,10451.675066817732,3,66
2018-04-12,10452.05,10454.9,10449.35,10451.25,14:45:00,10451.710774739851,3,67
2018-04-12,10451.65,10454.7,10451.45,10452.55,14:50:00,10451.704986669389,3,68
2018-04-12,10452.7,10454.95,10448.0,10451.4,14:55:00,10451.799749843733,3,69
2018-04-12,10459.1,10460.65,10452.5,10452.75,15:00:00,10452.495011763378,3,70
2018-04-12,10459.8,10461.05,10454.55,10458.9,15:05:00,10453.19072492877,3,71
2018-04-12,10460.2,10461.15,10456.0,10459.45,15:10:00,10453.858274935556,3,72
2018-04-12,10460.0,10461.8,10454.3,10460.35,15:15:00,10454.44320113217,3,73
2018-04-12,10459.85,10462.45,10457.15,10459.75,15:20:00,10454.958134357676,3,74
2018-04-12,10453.05,10460.8,10453.05,10460.1,15:25:00,10454.776407275993,3,75
2018-04-13,10492.15,10495.8,10482.9,10491.15,09:15:00,10458.335797059231,4,1
2018-04-13,10489.2,10497.85,10485.95,10492.6,09:20:00,10461.275244958351,4,2
2018-04-13,10482.2,10495.05,10481.0,10489.35,09:25:00,10463.268078771842,4,3
2018-04-13,10482.8,10484.15,10475.8,10482.05,09:30:00,10465.128261745953,4,4
2018-04-13,10484.65,10486.75,10483.3,10483.3,09:35:00,10466.987474913003,4,5
2018-04-13,10483.35,10485.2,10480.65,10484.45,09:40:00,10468.545810635576,4,6
2018-04-13,10491.0,10492.1,10482.95,10483.0,09:45:00,10470.684304860755,4,7
2018-04-13,10490.75,10491.55,10488.55,10491.3,09:50:00,10472.595323445446,4,8
2018-04-13,10492.1,10497.45,10490.25,10490.25,09:55:00,10474.452911688735,4,9
2018-04-13,10499.25,10500.1,10492.2,10492.2,10:00:00,10476.814539146952,4,10
2018-04-13,10499.55,10500.8,10496.55,10499.55,10:05:00,10478.979821132956,4,11
2018-04-13,10498.2,10500.85,10496.2,10499.6,10:10:00,10480.81031435839,4,12
2018-04-13,10502.95,10503.2,10495.75,10499.2,10:15:00,10482.918855848067,4,13
2018-04-13,10501.4,10505.3,10500.25,10503.5,10:20:00,10484.67896481492,4,14
2018-04-13,10498.0,10504.45,10496.05,10501.5,10:25:00,10485.947634832544,4,15
2018-04-13,10500.75,10503.5,10497.25,10497.45,10:30:00,10487.357383896113,4,16
2018-04-13,10503.2,10504.7,10500.0,10500.15,10:35:00,10488.866204477436,4,17
2018-04-13,10507.35,10507.35,10501.55,10503.45,10:40:00,10490.626565955776,4,18
2018-04-13,10504.25,10507.8,10502.95,10507.4,10:45:00,10491.92403586475,4,19
2018-04-13,10501.6,10504.95,10500.45,10504.15,10:50:00,10492.845556258582,4,20
2018-04-13,10503.05,10505.65,10501.3,10501.65,10:55:00,10493.817408043478,4,21
2018-04-13,10505.1,10506.0,10502.3,10503.15,11:00:00,10494.891940610769,4,22
2018-04-13,10509.2,10511.75,10504.9,10505.25,11:05:00,10496.254612933551,4,23
2018-04-13,10509.1,10511.0,10503.85,10509.35,11:10:00,10497.477983130357,4,24
2018-04-13,10512.1,10513.3,10507.0,10509.6,11:15:00,10498.87055616556,4,25
2018-04-13,10509.65,10512.3,10508.7,10512.25,11:20:00,10499.897169864078,4,26
2018-04-13,10505.0,10509.9,10503.0,10509.2,11:25:00,10500.383153686547,4,27
2018-04-13,10509.4,10510.05,10504.7,10505.25,11:30:00,10501.241900954496,4,28
2018-04-13,10511.2,10512.25,10508.2,10509.65,11:35:00,10502.190291339784,4,29
2018-04-13,10508.05,10512.3,10506.95,10511.35,11:40:00,10502.748358831232,4,30
2018-04-13,10512.25,10513.15,10506.35,10508.15,11:45:00,10503.65327703778,4,31
2018-04-13,10511.7,10513.1,10511.25,10511.95,11:50:00,10504.419631605611,4,32
2018-04-13,10512.15,10513.75,10510.9,10511.55,11:55:00,10505.15585716698,4,33
2018-04-13,10514.3,10514.8,10511.5,10512.2,12:00:00,10506.026727912984,4,34
2018-04-13,10514.95,10516.55,10514.25,10514.25,12:05:00,10506.876563349842,4,35
2018-04-13,10514.3,10516.35,10513.05,10514.9,12:10:00,10507.583557316524,4,36
2018-04-13,10515.05,10515.7,10512.5,10514.45,12:15:00,10508.2946470959,4,37
2018-04-13,10515.0,10516.05,10513.25,10515.0,12:20:00,10508.933252134386,4,38
2018-04-13,10515.25,10519.9,10514.65,10514.75,12:25:00,10509.534847169209,4,39
2018-04-13,10515.15,10518.05,10514.35,10515.3,12:30:00,10510.069623629282,4,40
2018-04-13,10511.45,10515.35,10509.75,10514.85,12:35:00,10510.201088045542,4,41
2018-04-13,10502.6,10513.25,10501.05,10511.4,12:40:00,10509.477174898348,4,42
2018-04-13,10508.4,10509.7,10502.25,10502.85,12:45:00,10509.37458681279,4,43
2018-04-13,10506.85,10512.25,10506.85,10508.2,12:50:00,10509.134149973475,4,44
2018-04-13,10505.85,10508.95,10500.5,10507.0,12:55:00,10508.821373785524,4,45
2018-04-13,10486.4,10506.55,10486.4,10506.05,13:00:00,10506.686004853573,4,46
2018-04-13,10477.4,10486.7,10472.45,10486.3,13:05:00,10503.896861534184,4,47
2018-04-13,10488.35,10488.95,10477.1,10477.1,13:10:00,10502.416208054738,4,48
2018-04-13,10467.4,10491.05,10466.7,10488.3,13:15:00,10499.081331097144,4,49
2018-04-13,10469.8,10472.15,10460.55,10465.7,13:20:00,10496.292632897415,4,50
2018-04-13,10476.0,10481.5,10469.9,10469.9,13:25:00,10494.3600011929,4,51
2018-04-13,10481.1,10482.6,10475.25,10476.1,13:30:00,10493.097143936437,4,52
2018-04-13,10483.15,10487.95,10479.6,10481.15,13:35:00,10492.14979689487,4,53
2018-04-13,10486.95,10489.0,10481.6,10483.45,13:40:00,10491.654578142978,4,54
2018-04-13,10488.65,10496.9,10486.35,10487.7,13:45:00,10491.368427843649,4,55
2018-04-13,10490.15,10494.2,10487.7,10488.8,13:50:00,10491.252387096632,4,56
2018-04-13,10479.2,10490.0,10478.55,10489.9,13:55:00,10490.104540706478,4,57
2018-04-13,10481.4,10484.65,10476.9,10479.4,14:00:00,10489.275536829671,4,58
2018-04-13,10461.75,10482.25,10461.75,10481.6,14:05:00,10486.654057131607,4,59
2018-04-13,10465.5,10468.25,10461.25,10462.05,14:10:00,10484.639385023836,4,60
2018-04-13,10453.2,10467.7,10451.55,10465.55,14:15:00,10481.64515787871,4,61
2018-04-13,10460.0,10467.95,10451.45,10453.45,14:20:00,10479.583714271212,4,62
2018-04-13,10464.55,10467.0,10459.6,10460.3,14:25:00,10478.151931959668,4,63
2018-04-13,10479.8,10480.35,10463.45,10464.45,14:30:00,10478.308890820654,4,64
2018-04-13,10479.15,10482.3,10476.45,10479.95,14:35:00,10478.388996456782,4,65
2018-04-13,10467.7,10481.6,10467.25,10478.8,14:40:00,10477.37099679423,4,66
2018-04-13,10473.8,10475.8,10467.35,10467.65,14:45:00,10477.030901861446,4,67
2018-04-13,10477.6,10481.75,10473.55,10473.95,14:50:00,10477.085101684166,4,68
2018-04-13,10475.25,10480.65,10473.45,10477.75,14:55:00,10476.910330095196,4,69
2018-04-13,10485.9,10486.8,10473.6,10475.65,15:00:00,10477.76648913375,4,70
2018-04-13,10480.95,10485.95,10478.75,10485.95,15:05:00,10478.06968064482,4,71
2018-04-13,10478.8,10481.55,10477.9,10481.0,15:10:00,10478.139234869124,4,72
2018-04-13,10482.8,10483.3,10476.5,10479.1,15:15:00,10478.583117262542,4,73
2018-04-13,10480.5,10483.9,10479.55,10482.7,15:20:00,10478.765677523252,4,74
2018-04-13,10484.2,10484.55,10477.65,10480.0,15:25:00,10479.283232044849,4,75
2018-04-16,10441.9,10443.4,10396.35,10396.35,09:15:00,10475.722924231051,0,1
2018-04-16,10459.85,10460.95,10443.1,10443.1,09:20:00,10474.211217161428,0,2
2018-04-16,10468.05,10468.4,10455.45,10459.7,09:25:00,10473.624434574624,0,3
2018-04-16,10462.55,10470.15,10459.1,10468.45,09:30:00,10472.569726519898,0,4
2018-04-16,10453.9,10464.3,10453.7,10462.0,09:35:00,10470.791657327529,0,5
2018-04-16,10464.45,10465.05,10446.4,10453.15,09:40:00,10470.187689963,0,6
2018-04-16,10462.2,10468.25,10461.65,10464.2,09:45:00,10469.426957585572,0,7
2018-04-16,10469.7,10469.7,10459.85,10461.8,09:50:00,10469.452961625042,0,8
2018-04-16,10472.9,10474.8,10464.6,10468.45,09:55:00,10469.781250994083,0,9
2018-04-16,10469.4,10477.65,10469.4,10473.4,10:00:00,10469.744941375602,0,10
2018-04-16,10470.75,10471.85,10466.4,10469.45,10:05:00,10469.840661244592,0,11
2018-04-16,10467.05,10473.55,10466.85,10471.0,10:10:00,10469.574883983203,0,12
2018-04-16,10467.55,10468.6,10463.45,10467.1,10:15:00,10469.382037889563,0,13
2018-04-16,10466.85,10468.0,10464.3,10467.7,10:20:00,10469.140891423893,0,14
2018-04-16,10473.75,10476.45,10466.45,10466.45,10:25:00,10469.579854145426,0,15
2018-04-16,10467.1,10474.0,10467.1,10473.85,10:30:00,10469.343677560148,0,16
2018-04-16,10468.75,10469.7,10466.05,10466.65,10:35:00,10469.287136840134,0,17
2018-04-16,10473.15,10476.75,10468.3,10468.85,10:40:00,10469.655028569648,0,18
2018-04-16,10468.2,10473.45,10468.05,10473.0,10:45:00,10469.516454420156,0,19
2018-04-16,10463.5,10469.3,10462.95,10468.4,10:50:00,10468.943458761094,0,20
2018-04-16,10461.75,10465.8,10461.2,10463.15,10:55:00,10468.258367450511,0,21
2018-04-16,10457.95,10462.85,10456.75,10461.85,11:00:00,10467.276618169511,0,22
2018-04-16,10464.55,10466.65,10457.3,10457.5,11:05:00,10467.016940248606,0,23
2018-04-16,10458.3,10463.75,10457.6,10463.55,11:10:00,10466.186755463024,0,24
2018-04-16,10455.5,10460.35,10455.0,10458.35,11:15:00,10465.16896922845,0,25
2018-04-16,10458.8,10461.2,10452.7,10455.85,11:20:00,10464.562400730503,0,26
2018-04-16,10464.0,10464.75,10456.75,10458.65,11:25:00,10464.50883875617,0,27
2018-04-16,10462.55,10464.95,10461.65,10464.1,11:30:00,10464.322282684154,0,28
2018-04-16,10466.15,10466.65,10462.15,10462.65,11:35:00,10464.496350999949,0,29
2018-04-16,10463.3,10466.6,10463.15,10465.8,11:40:00,10464.382412809478,0,30
2018-04-16,10462.05,10463.6,10461.25,10463.35,11:45:00,10464.160278256197,0,31
2018-04-16,10462.1,10462.55,10458.25,10462.0,11:50:00,10463.964061279414,0,32
2018-04-16,10463.2,10466.0,10461.65,10462.05,11:55:00,10463.891293538518,0,33
2018-04-16,10466.6,10467.25,10462.25,10463.1,12:00:00,10464.14926558247,0,34
2018-04-16,10468.15,10469.35,10464.5,10466.5,12:05:00,10464.53028790795,0,35
2018-04-16,10469.85,10471.45,10467.25,10468.65,12:10:00,10465.036927154812,0,36
2018-04-16,10468.75,10470.75,10465.75,10470.75,12:15:00,10465.390553140069,0,37
2018-04-16,10474.05,10475.05,10467.75,10468.8,12:20:00,10466.215262364822,0,38
2018-04-16,10469.15,10474.45,10467.55,10473.85,12:25:00,10466.49476118722,0,39
2018-04-16,10471.15,10472.0,10468.3,10470.6,12:30:00,10466.938117264626,0,40
2018-04-16,10474.75,10474.75,10469.3,10471.85,12:35:00,10467.682106096569,0,41
2018-04-16,10466.9,10474.85,10465.85,10474.6,12:40:00,10467.607619801656,0,42
2018-04-16,10470.7,10472.0,10465.8,10467.45,12:45:00,10467.9021322015,0,43
2018-04-16,10470.6,10471.35,10467.1,10471.35,12:50:00,10468.159071991831,0,44
2018-04-16,10481.65,10482.0,10470.5,10470.55,12:55:00,10469.443922278326,0,45
2018-04-16,10482.85,10484.35,10481.05,10482.1,13:00:00,10470.720691585151,0,46
2018-04-16,10488.35,10490.3,10482.8,10482.8,13:05:00,10472.399673338949,0,47
2018-04-16,10481.0,10492.5,10480.25,10489.05,13:10:00,10473.218752068571,0,48
2018-04-16,10484.75,10486.9,10481.65,10482.0,13:15:00,10474.31696615728,0,49
2018-04-16,10490.35,10490.4,10484.05,10485.25,13:20:00,10475.843921761349,0,50
2018-04-16,10488.05,10491.65,10486.65,10490.95,13:25:00,10477.006405403125,0,51
2018-04-16,10499.05,10499.35,10486.0,10488.4,13:30:00,10479.10579536473,0,52
2018-04-16,10506.75,10506.75,10495.05,10499.85,13:35:00,10481.738576758566,0,53
2018-04-16,10511.9,10511.9,10502.65,10507.35,13:40:00,10484.61109325775,0,54
2018-04-16,10509.5,10515.8,10508.5,10511.35,13:45:00,10486.98146532844,0,55
2018-04-16,10512.3,10512.75,10508.1,10509.35,13:50:00,10489.39275434478,0,56
2018-04-16,10503.75,10514.4,10503.7,10513.2,13:55:00,10490.760111073849,0,57
2018-04-16,10509.95,10510.3,10502.75,10504.1,14:00:00,10492.587719543008,0,58
2018-04-16,10513.2,10515.25,10510.4,10510.65,14:05:00,10494.550793872246,0,59
2018-04-16,10511.25,10514.35,10510.95,10513.3,14:10:00,10496.141194455842,0,60
2018-04-16,10518.4,10521.2,10510.7,10511.7,14:15:00,10498.261080698145,0,61
2018-04-16,10515.4,10519.1,10515.05,10518.3,14:20:00,10499.893358726891,0,62
2018-04-16,10514.45,10516.5,10510.65,10515.25,14:25:00,10501.279705514806,0,63
2018-04-16,10523.0,10523.2,10513.55,10514.5,14:30:00,10503.348304989588,0,64
2018-04-16,10521.9,10523.75,10519.75,10523.45,14:35:00,10505.115133085816,0,65
2018-04-16,10516.4,10523.4,10515.25,10522.4,14:40:00,10506.18988231574,0,66
2018-04-16,10518.25,10518.95,10510.85,10516.9,14:45:00,10507.338464952336,0,67
2018-04-16,10517.6,10522.65,10517.6,10518.6,14:50:00,10508.315754004494,0,68
2018-04-16,10519.45,10521.3,10513.75,10517.75,14:55:00,10509.37615838502,0,69
2018-04-16,10524.55,10526.9,10518.85,10518.85,15:00:00,10510.821286157876,0,70
2018-04-16,10525.4,10527.65,10522.8,10524.5,15:05:00,10512.20973509522,0,71
2018-04-16,10523.3,10526.15,10522.9,10526.15,15:10:00,10513.265950800438,0,72
2018-04-16,10531.5,10533.9,10522.9,10523.75,15:15:00,10515.002526914684,0,73
2018-04-16,10531.65,10533.45,10528.85,10531.35,15:20:00,10516.588000541857,0,74
2018-04-16,10530.7,10540.15,10529.35,10532.0,15:25:00,10517.93200049025,0,75
2018-04-17,10539.3,10550.65,10531.1,10550.65,09:15:00,10519.967048062606,1,1
2018-04-17,10527.4,10539.75,10526.65,10539.75,09:20:00,10520.67494824712,1,2
2018-04-17,10521.1,10529.4,10519.0,10527.0,09:25:00,10520.715429366444,1,3
2018-04-17,10531.1,10532.6,10521.1,10521.35,09:30:00,10521.704436093449,1,4
2018-04-17,10531.25,10534.5,10530.6,10530.95,09:35:00,10522.613537417885,1,5
2018-04-17,10542.1,10542.35,10531.9,10531.9,09:40:00,10524.469390997132,1,6
2018-04-17,10543.4,10546.75,10540.6,10541.95,09:45:00,10526.272306140265,1,7
2018-04-17,10537.8,10544.75,10535.1,10543.35,09:50:00,10527.370181745951,1,8
2018-04-17,10542.25,10545.1,10537.65,10537.85,09:55:00,10528.787307293958,1,9
2018-04-17,10539.55,10545.1,10538.8,10543.5,10:00:00,10529.812325646915,1,10
2018-04-17,10544.5,10546.6,10539.5,10541.05,10:05:00,10531.21115177578,1,11
2018-04-17,10548.55,10551.85,10544.95,10546.4,10:10:00,10532.862470654278,1,12
2018-04-17,10546.2,10549.4,10545.7,10548.7,10:15:00,10534.132711544346,1,13
2018-04-17,10542.8,10547.25,10540.65,10546.15,10:20:00,10534.958167587742,1,14
2018-04-17,10546.6,10546.85,10540.5,10542.9,10:25:00,10536.066913531766,1,15
2018-04-17,10551.55,10551.9,10545.75,10546.45,10:30:00,10537.541493195407,1,16
2018-04-17,10550.8,10554.45,10549.8,10551.95,10:35:00,10538.80420812918,1,17
2018-04-17,10545.05,10551.05,10544.2,10551.05,10:40:00,10539.399045450207,1,18
2018-04-17,10539.15,10545.15,10538.15,10545.15,10:45:00,10539.375326835903,1,19
2018-04-17,10543.55,10544.0,10538.2,10539.0,10:50:00,10539.772914756291,1,20
2018-04-17,10542.45,10546.0,10541.8,10544.05,10:55:00,10540.027875255691,1,21
2018-04-17,10539.05,10544.0,10536.85,10542.8,11:00:00,10539.93474427896,1,22
2018-04-17,10529.8,10540.8,10529.8,10538.85,11:05:00,10538.969530538108,1,23
2018-04-17,10532.7,10534.15,10528.05,10529.6,11:10:00,10538.37243239162,1,24
2018-04-17,10535.35,10535.65,10532.85,10532.85,11:15:00,10538.084581687655,1,25
2018-04-17,10528.75,10536.95,10528.5,10535.2,11:20:00,10537.19557390788,1,26
2018-04-17,10528.35,10528.8,10524.45,10528.6,11:25:00,10536.353138297609,1,27
2018-04-17,10521.15,10528.5,10520.4,10528.45,11:30:00,10534.905220364502,1,28
2018-04-17,10514.5,10521.6,10512.85,10520.75,11:35:00,10532.961866044074,1,29
2018-04-17,10522.0,10522.85,10514.25,10514.25,11:40:00,10531.917878801782,1,30
2018-04-17,10522.15,10526.05,10521.2,10521.95,11:45:00,10530.987604630183,1,31
2018-04-17,10526.4,10528.45,10521.85,10522.1,11:50:00,10530.5506899035,1,32
2018-04-17,10524.45,10527.6,10522.25,10526.1,11:55:00,10529.969671817453,1,33
2018-04-17,10523.05,10526.25,10522.0,10524.65,12:00:00,10529.310655453886,1,34
2018-04-17,10514.95,10523.1,10513.6,10523.1,12:05:00,10527.942973982086,1,35
2018-04-17,10516.8,10519.4,10514.15,10514.9,12:10:00,10526.881738364746,1,36
2018-04-17,10519.15,10519.15,10515.6,10516.9,12:15:00,10526.145382330007,1,37
2018-04-17,10514.3,10519.85,10512.5,10519.1,12:20:00,10525.017250679532,1,38
2018-04-17,10517.8,10518.2,10513.15,10514.5,12:25:00,10524.329893471957,1,39
2018-04-17,10508.6,10519.05,10506.25,10517.7,12:30:00,10522.831808379393,1,40
2018-04-17,10508.2,10509.65,10504.65,10508.7,12:35:00,10521.438302819448,1,41
2018-04-17,10502.9,10508.4,10500.2,10508.4,12:40:00,10519.672750169975,1,42
2018-04-17,10504.3,10504.3,10495.65,10502.85,12:45:00,10518.208678725216,1,43
2018-04-17,10509.0,10512.65,10503.8,10504.6,12:50:00,10517.331661703767,1,44
2018-04-17,10506.45,10511.95,10505.15,10508.85,12:55:00,10516.295312970076,1,45
2018-04-17,10513.35,10514.0,10505.35,10506.65,13:00:00,10516.014806972926,1,46
2018-04-17,10510.95,10514.95,10510.1,10513.55,13:05:00,10515.532444404074,1,47
2018-04-17,10515.95,10517.85,10511.25,10511.4,13:10:00,10515.572211603689,1,48
2018-04-17,10523.7,10523.7,10514.0,10515.05,13:15:00,10516.34628668905,1,49
2018-04-17,10524.7,10527.35,10520.7,10523.6,13:20:00,10517.14187843295,1,50
2018-04-17,10526.3,10529.35,10522.9,10526.65,13:25:00,10518.014080486955,1,51
2018-04-17,10533.05,10533.05,10523.95,10527.15,13:30:00,10519.44607282153,1,52
2018-04-17,10531.3,10535.5,10529.75,10532.75,13:35:00,10520.5750182671,1,53
2018-04-17,10531.45,10533.65,10529.05,10531.0,13:40:00,10521.61073081309,1,54
2018-04-17,10529.35,10534.65,10529.3,10533.1,13:45:00,10522.347804068986,1,55
2018-04-17,10530.55,10531.45,10525.2,10531.45,13:50:00,10523.128965586226,1,56
2018-04-17,10536.75,10540.35,10531.9,10532.2,13:55:00,10524.426206958966,1,57
2018-04-17,10542.4,10544.9,10536.25,10537.2,14:00:00,10526.137996772395,1,58
2018-04-17,10538.8,10543.25,10536.3,10543.0,14:05:00,10527.343901841694,1,59
2018-04-17,10538.55,10541.05,10537.65,10540.5,14:10:00,10528.41114928534,1,60
2018-04-17,10541.95,10543.05,10536.4,10539.9,14:15:00,10529.70056363912,1,61
2018-04-17,10547.9,10548.55,10541.0,10542.15,14:20:00,10531.433843292534,1,62
2018-04-17,10546.45,10548.85,10542.65,10547.75,14:25:00,10532.86395345515,1,63
2018-04-17,10552.45,10552.9,10545.65,10546.3,14:30:00,10534.729291221323,1,64
2018-04-17,10550.25,10553.0,10544.1,10552.85,14:35:00,10536.207453962152,1,65
2018-04-17,10549.7,10552.5,10548.1,10550.45,14:40:00,10537.49245834671,1,66
2018-04-17,10553.6,10554.25,10549.85,10549.85,14:45:00,10539.026509932735,1,67
2018-04-17,10550.5,10559.05,10549.7,10555.35,14:50:00,10540.119223272475,1,68
2018-04-17,10545.5,10550.4,10545.35,10550.35,14:55:00,10540.631678198906,1,69
2018-04-17,10556.25,10558.0,10545.75,10546.4,15:00:00,10542.119137418058,1,70
2018-04-17,10555.3,10560.45,10554.65,10556.3,15:05:00,10543.374457663956,1,71
2018-04-17,10547.7,10556.2,10547.3,10555.8,15:10:00,10543.786414076912,1,72
2018-04-17,10546.2,10548.9,10542.45,10548.15,15:15:00,10544.01627940292,1,73
2018-04-17,10545.8,10547.6,10543.05,10546.3,15:20:00,10544.186157555025,1,74
2018-04-17,10547.75,10549.0,10543.25,10546.4,15:25:00,10544.52557112121,1,75
2018-04-18,10564.8,10576.95,10562.85,10576.95,09:15:00,10546.456469109666,2,1
2018-04-18,10562.2,10566.55,10556.55,10564.95,09:20:00,10547.955853003985,2,2
2018-04-18,10562.85,10567.05,10560.45,10562.4,09:25:00,10549.37434319408,2,3
2018-04-18,10563.65,10565.1,10555.8,10563.0,09:30:00,10550.733929556549,2,4
2018-04-18,10556.7,10564.35,10554.9,10564.15,09:35:00,10551.302126741635,2,5
2018-04-18,10544.35,10557.55,10542.8,10556.45,09:40:00,10550.64001943291,2,6
2018-04-18,10540.95,10548.85,10539.55,10544.8,09:45:00,10549.7171604393,2,7
2018-04-18,10556.05,10557.2,10541.3,10541.4,09:50:00,10550.32028801651,2,8
2018-04-18,10552.95,10558.0,10552.25,10556.5,09:55:00,10550.57073677684,2,9
2018-04-18,10559.4,10559.75,10552.85,10553.0,10:00:00,10551.41161898857,2,10
2018-04-18,10557.1,10560.35,10557.05,10560.15,10:05:00,10551.953369561088,2,11
2018-04-18,10558.85,10559.05,10555.0,10557.65,10:10:00,10552.61019150765,2,12
2018-04-18,10562.0,10565.95,10558.55,10558.6,10:15:00,10553.504458983112,2,13
2018-04-18,10558.45,10562.5,10557.5,10562.5,10:20:00,10553.975462889484,2,14
2018-04-18,10552.5,10559.3,10551.8,10559.15,10:25:00,10553.834942614296,2,15
2018-04-18,10555.45,10555.45,10549.6,10552.95,10:30:00,10553.98875760341,2,16
2018-04-18,10557.5,10559.1,10553.5,10555.65,10:35:00,10554.32316164118,2,17
2018-04-18,10560.2,10561.2,10555.8,10557.25,10:40:00,10554.882860532498,2,18
2018-04-18,10563.6,10564.15,10559.8,10560.65,10:45:00,10555.713064291307,2,19
2018-04-18,10561.55,10564.4,10560.45,10563.8,10:50:00,10556.268962930231,2,20
2018-04-18,10562.25,10565.15,10561.45,10561.7,10:55:00,10556.838585508303,2,21
2018-04-18,10563.25,10564.65,10561.35,10562.5,11:00:00,10557.449196412274,2,22
2018-04-18,10569.1,10571.7,10562.4,10562.95,11:05:00,10558.558796753963,2,23
2018-04-18,10569.6,10571.25,10567.65,10568.9,11:10:00,10559.610339920251,2,24
2018-04-18,10571.5,10572.8,10568.85,10570.05,11:15:00,10560.742688499276,2,25
2018-04-18,10565.4,10572.2,10564.1,10571.4,11:20:00,10561.186241975536,2,26
2018-04-18,10565.0,10568.55,10562.6,10565.5,11:25:00,10561.549457025483,2,27
2018-04-18,10571.5,10571.8,10564.3,10564.95,11:30:00,10562.497127784962,2,28
2018-04-18,10570.5,10571.7,10568.3,10571.7,11:35:00,10563.259306091157,2,29
2018-04-18,10573.4,10573.8,10569.85,10571.0,11:40:00,10564.225086463428,2,30
2018-04-18,10569.8,10573.6,10567.05,10573.6,11:45:00,10564.756030609768,2,31
2018-04-18,10570.6,10572.3,10569.75,10570.65,11:50:00,10565.312599123125,2,32
2018-04-18,10567.2,10571.0,10566.85,10570.45,11:55:00,10565.492351587587,2,33
2018-04-18,10562.45,10569.05,10561.2,10567.35,12:00:00,10565.20260381734,2,34
2018-04-18,10567.15,10568.85,10562.25,10562.25,12:05:00,10565.38807012045,2,35
2018-04-18,10568.5,10570.65,10565.65,10567.1,12:10:00,10565.684444394694,2,36
2018-04-18,10568.85,10571.9,10567.35,10568.6,12:15:00,10565.985925880912,2,37
2018-04-18,10569.6,10572.65,10568.7,10568.95,12:20:00,10566.330123416064,2,38
2018-04-18,10565.5,10570.95,10565.1,10569.75,12:25:00,10566.251064043105,2,39
2018-04-18,10565.1,10566.05,10562.55,10565.95,12:30:00,10566.141438896144,2,40
2018-04-18,10561.15,10565.3,10560.65,10564.95,12:35:00,10565.66606376318,2,41
2018-04-18,10565.35,10565.7,10561.2,10561.55,12:40:00,10565.6359624524,2,42
2018-04-18,10564.35,10567.5,10563.4,10566.4,12:45:00,10565.513489837887,2,43
2018-04-18,10569.85,10571.35,10563.5,10565.85,12:50:00,10565.926490805708,2,44
2018-04-18,10572.9,10576.0,10569.75,10572.45,12:55:00,10566.590634538496,2,45
2018-04-18,10575.85,10578.05,10573.15,10576.0,13:00:00,10567.472478868163,2,46
2018-04-18,10580.55,10584.0,10575.5,10577.45,13:05:00,10568.717957071196,2,47
2018-04-18,10584.25,10584.6,10579.45,10583.2,13:10:00,10570.197199254892,2,48
2018-04-18,10578.75,10587.5,10578.05,10586.95,13:15:00,10571.011751706808,2,49
2018-04-18,10585.55,10586.65,10579.15,10580.65,13:20:00,10572.396346782349,2,50
2018-04-18,10582.2,10586.85,10582.2,10586.35,13:25:00,10573.330028041171,2,51
2018-04-18,10583.3,10584.85,10581.9,10583.95,13:30:00,10574.279549180108,2,52
2018-04-18,10583.8,10587.05,10583.45,10584.45,13:35:00,10575.186258782003,2,53
2018-04-18,10590.75,10591.75,10584.05,10585.4,13:40:00,10576.668519850384,2,54
2018-04-18,10579.85,10594.2,10579.85,10593.05,13:45:00,10576.971517959872,2,55
2018-04-18,10566.8,10581.6,10566.8,10581.25,13:50:00,10576.002801963694,2,56
2018-04-18,10568.65,10570.15,10561.3,10568.3,13:55:00,10575.302535110008,2,57
2018-04-18,10560.2,10573.75,10560.2,10570.4,14:00:00,10573.864198432864,2,58
2018-04-18,10557.7,10560.6,10547.95,10560.6,14:05:00,10572.324750963067,2,59
2018-04-18,10553.1,10559.1,10548.45,10557.65,14:10:00,10570.493822299915,2,60
2018-04-18,10556.6,10557.85,10549.55,10553.05,14:15:00,10569.170601128497,2,61
2018-04-18,10557.6,10561.55,10553.55,10554.95,14:20:00,10568.06863911626,2,62
2018-04-18,10555.35,10559.15,10555.1,10557.75,14:25:00,10566.857340152808,2,63
2018-04-18,10560.55,10563.05,10555.55,10555.55,14:30:00,10566.256641090637,2,64
2018-04-18,10555.3,10562.1,10555.3,10560.65,14:35:00,10565.213151462956,2,65
2018-04-18,10541.85,10556.0,10539.4,10556.0,14:40:00,10562.988089418865,2,66
2018-04-18,10538.05,10542.15,10529.7,10542.15,14:45:00,10560.613033283737,2,67
2018-04-18,10537.6,10541.8,10536.4,10537.9,14:50:00,10558.421315828142,2,68
2018-04-18,10532.4,10538.95,10532.05,10537.65,14:55:00,10555.943095273082,2,69
2018-04-18,10513.55,10532.75,10509.7,10532.7,15:00:00,10551.905657628024,2,70
2018-04-18,10517.45,10520.25,10512.25,10513.75,15:05:00,10548.624166425356,2,71
2018-04-18,10531.7,10531.7,10517.3,10517.3,15:10:00,10547.012341051512,2,72
2018-04-18,10534.85,10534.85,10523.65,10531.6,15:15:00,10545.85402285613,2,73
2018-04-18,10540.4,10540.55,10533.75,10534.6,15:20:00,10545.334592107927,2,74
2018-04-18,10536.65,10541.8,10534.4,10541.05,15:25:00,10544.50748809765,2,75
2018-04-19,10557.75,10568.9,10556.7,10560.9,09:15:00,10545.768679707398,3,1
2018-04-19,10559.4,10559.9,10549.15,10557.55,09:20:00,10547.066900687643,3,2
2018-04-19,10562.65,10563.25,10556.55,10559.5,09:25:00,10548.55100538406,3,3
2018-04-19,10559.7,10566.9,10558.5,10562.95,09:30:00,10549.612814395105,3,4
2018-04-19,10564.0,10564.7,10557.35,10559.9,09:35:00,10550.98302254795,3,5
2018-04-19,10563.65,10564.45,10560.25,10564.25,09:40:00,10552.189401352907,3,6
2018-04-19,10560.25,10564.95,10558.25,10563.8,09:45:00,10552.957077414536,3,7
2018-04-19,10560.2,10563.45,10559.0,10560.3,09:50:00,10553.646879565533,3,8
2018-04-19,10555.05,10560.4,10553.75,10560.4,09:55:00,10553.7805100831,3,9
2018-04-19,10549.1,10556.75,10548.6,10554.9,10:00:00,10553.334747218045,3,10
2018-04-19,10554.8,10557.1,10547.1,10549.4,10:05:00,10553.47429510204,3,11
2018-04-19,10556.3,10556.4,10551.55,10554.9,10:10:00,10553.743409854227,3,12
2018-04-19,10562.3,10564.1,10556.55,10556.55,10:15:00,10554.558323201443,3,13
2018-04-19,10559.4,10563.7,10558.9,10562.65,10:20:00,10555.019435277496,3,14
2018-04-19,10563.1,10563.3,10556.55,10559.6,10:25:00,10555.789012870116,3,15
2018-04-19,10563.6,10565.35,10561.2,10563.35,10:30:00,10556.532916406291,3,16
2018-04-19,10564.9,10567.25,10562.4,10563.7,10:35:00,10557.329781510454,3,17
2018-04-19,10562.15,10566.85,10562.0,10564.7,10:40:00,10557.78884993803,3,18
2018-04-19,10565.65,10566.85,10561.9,10561.9,10:45:00,10558.537530896312,3,19
2018-04-19,10564.9,10568.45,10564.55,10565.8,10:50:00,10559.143480334758,3,20
2018-04-19,10563.2,10564.9,10557.65,10564.65,10:55:00,10559.529815540973,3,21
2018-04-19,10557.2,10563.4,10555.4,10563.1,11:00:00,10559.307928346594,3,22
2018-04-19,10557.4,10561.3,10556.75,10556.9,11:05:00,10559.126220885017,3,23
2018-04-19,10557.65,10558.1,10550.15,10557.65,11:10:00,10558.985628419776,3,24
2018-04-19,10559.65,10560.9,10556.65,10557.95,11:15:00,10559.048901903609,3,25
2018-04-19,10561.75,10562.9,10557.7,10559.4,11:20:00,10559.30614934136,3,26
2018-04-19,10563.7,10566.2,10560.7,10562.2,11:25:00,10559.72461130885,3,27
2018-04-19,10559.15,10564.4,10559.05,10563.45,11:30:00,10559.669886422293,3,28
2018-04-19,10561.15,10562.35,10557.4,10558.95,11:35:00,10559.810849620171,3,29
2018-04-19,10560.15,10561.75,10558.65,10561.3,11:40:00,10559.843149656346,3,30
2018-04-19,10557.9,10560.75,10557.8,10560.5,11:45:00,10559.658087784312,3,31
2018-04-19,10557.7,10558.45,10555.1,10557.95,11:50:00,10559.471603233427,3,32
2018-04-19,10552.3,10557.95,10551.35,10557.65,11:55:00,10558.788593401672,3,33
2018-04-19,10549.9,10555.65,10549.8,10552.7,12:00:00,10557.94206069675,3,34
2018-04-19,10547.95,10553.65,10546.2,10552.3,12:05:00,10556.990435868487,3,35
2018-04-19,10555.85,10556.85,10549.3,10550.2,12:10:00,10556.881822928632,3,36
2018-04-19,10560.15,10561.75,10552.55,10557.35,12:15:00,10557.193077887812,3,37
2018-04-19,10558.9,10562.35,10558.8,10562.35,12:20:00,10557.355641898495,3,38
2018-04-19,10558.9,10560.8,10556.15,10560.55,12:25:00,10557.50272362245,3,39
2018-04-19,10555.6,10562.55,10555.6,10561.15,12:30:00,10557.321511848882,3,40
2018-04-19,10555.25,10558.85,10553.15,10557.9,12:35:00,10557.124225006131,3,41
2018-04-19,10558.1,10558.1,10554.4,10556.55,12:40:00,10557.217155957927,3,42
2018-04-19,10558.9,10558.9,10554.35,10557.45,12:45:00,10557.377426819075,3,43
2018-04-19,10560.15,10562.6,10557.65,10558.6,12:50:00,10557.641481407736,3,44
2018-04-19,10562.15,10565.3,10559.05,10561.25,12:55:00,10558.070864130808,3,45
2018-04-19,10563.75,10566.5,10562.4,10564.05,13:00:00,10558.61173421359,3,46
2018-04-19,10561.95,10564.75,10558.5,10564.2,13:05:00,10558.929664288486,3,47
2018-04-19,10560.1,10564.55,10558.65,10563.65,13:10:00,10559.04112483244,3,48
2018-04-19,10558.65,10561.65,10557.55,10561.65,13:15:00,10559.003874848398,3,49
2018-04-19,10556.6,10559.55,10553.8,10558.5,13:20:00,10558.774934386644,3,50
2018-04-19,10552.05,10558.5,10549.55,10556.35,13:25:00,10558.13446444506,3,51
2018-04-19,10554.6,10555.25,10547.9,10552.15,13:30:00,10557.797848783626,3,52
2018-04-19,10556.2,10558.2,10550.85,10553.9,13:35:00,10557.645672708995,3,53
2018-04-19,10561.0,10561.2,10553.85,10556.1,13:40:00,10557.965132450994,3,54
2018-04-19,10557.1,10561.8,10555.0,10560.75,13:45:00,10557.882738884233,3,55
2018-04-19,10564.55,10565.3,10556.55,10557.0,13:50:00,10558.517716133354,3,56
2018-04-19,10563.65,10567.45,10560.35,10564.4,13:55:00,10559.006505073034,3,57
2018-04-19,10554.55,10564.75,10553.55,10563.35,14:00:00,10558.582076018458,3,58
2018-04-19,10559.9,10561.4,10554.0,10554.4,14:05:00,10558.707592588127,3,59
2018-04-19,10555.9,10559.35,10555.2,10559.3,14:10:00,10558.440202817832,3,60
2018-04-19,10560.1,10560.4,10554.95,10555.6,14:15:00,10558.598278739944,3,61
2018-04-19,10559.75,10561.7,10559.35,10559.85,14:20:00,10558.707966478996,3,62
2018-04-19,10551.2,10559.1,10550.85,10559.1,14:25:00,10557.992922052425,3,63
2018-04-19,10556.2,10556.5,10550.2,10550.8,14:30:00,10557.82216757124,3,64
2018-04-19,10555.9,10559.1,10554.45,10555.6,14:35:00,10557.639103993028,3,65
2018-04-19,10556.45,10559.4,10555.5,10555.55,14:40:00,10557.525855993692,3,66
2018-04-19,10556.4,10557.55,10554.5,10556.15,14:45:00,10557.41863161334,3,67
2018-04-19,10559.1,10559.45,10555.3,10556.0,14:50:00,10557.57876193588,3,68
2018-04-19,10555.55,10562.6,10555.45,10558.9,14:55:00,10557.385546513417,3,69
2018-04-19,10563.75,10563.9,10552.1,10555.5,15:00:00,10557.99168494071,3,70
2018-04-19,10565.05,10565.05,10561.1,10563.85,15:05:00,10558.663905422543,3,71
2018-04-19,10563.35,10565.1,10560.4,10564.75,15:10:00,10559.110200144209,3,72
2018-04-19,10568.75,10569.05,10561.2,10563.2,15:15:00,10560.028276320949,3,73
2018-04-19,10569.45,10572.2,10568.2,10568.85,15:20:00,10560.925583338,3,74
2018-04-19,10568.1,10570.8,10563.75,10569.25,15:25:00,10561.608861115335,3,75
2018-04-20,10553.9,10564.0,10548.9,10558.2,09:15:00,10560.874683866256,4,1
2018-04-20,10556.1,10556.5,10546.3,10553.4,09:20:00,10560.41995206947,4,2
2018-04-20,10559.15,10561.2,10553.8,10556.65,09:25:00,10560.29900425333,4,3
2018-04-20,10560.85,10561.1,10551.7,10559.55,09:30:00,10560.351480038726,4,4
2018-04-20,10555.85,10562.7,10553.5,10561.4,09:35:00,10559.922767654089,4,5
2018-04-20,10545.3,10555.9,10543.95,10555.9,09:40:00,10558.5301231156,4,6
2018-04-20,10544.1,10546.9,10539.65,10545.2,09:45:00,10557.15582567602,4,7
2018-04-20,10547.2,10551.9,10544.6,10544.6,09:50:00,10556.207651802111,4,8
2018-04-20,10541.45,10549.75,10540.5,10547.05,09:55:00,10554.802161154294,4,9
2018-04-20,10546.7,10548.15,10539.4,10541.4,10:00:00,10554.030526758648,4,10
2018-04-20,10542.3,10549.4,10540.9,10546.6,10:05:00,10552.913333734015,4,11
2018-04-20,10546.4,10547.0,10540.55,10542.2,10:10:00,10552.293016235535,4,12
2018-04-20,10544.8,10547.35,10540.9,10546.55,10:15:00,10551.579395641676,4,13
2018-04-20,10553.1,10557.5,10543.0,10544.5,10:20:00,10551.724215104374,4,14
2018-04-20,10546.7,10554.4,10546.2,10552.95,10:25:00,10551.245718427768,4,15
2018-04-20,10545.05,10551.25,10544.6,10546.5,10:30:00,10550.655650006076,4,16
2018-04-20,10544.05,10547.6,10543.8,10544.65,10:35:00,10550.02654048169,4,17
2018-04-20,10551.5,10552.6,10543.45,10544.4,10:40:00,10550.166869959625,4,18
2018-04-20,10548.55,10553.15,10546.5,10551.55,10:45:00,10550.01288234442,4,19
2018-04-20,10554.45,10555.85,10548.35,10548.7,10:50:00,10550.435464978287,4,20
2018-04-20,10549.7,10555.85,10549.05,10554.6,10:55:00,10550.36542069464,4,21
2018-04-20,10552.25,10552.25,10546.9,10549.9,11:00:00,10550.54490443801,4,22
2018-04-20,10549.4,10553.15,10548.45,10552.0,11:05:00,10550.435865920104,4,23
2018-04-20,10543.8,10551.4,10543.4,10549.35,11:10:00,10549.803878689618,4,24
2018-04-20,10543.05,10545.2,10540.3,10543.45,11:15:00,10549.16065214775,4,25
2018-04-20,10534.75,10543.05,10534.2,10542.9,11:20:00,10547.788209086058,4,26
2018-04-20,10534.0,10536.3,10530.25,10534.8,11:25:00,10546.475046315958,4,27
2018-04-20,10537.15,10539.4,10533.8,10534.5,11:30:00,10545.58694666682,4,28
2018-04-20,10535.8,10538.85,10535.15,10537.5,11:35:00,10544.654856508074,4,29
2018-04-20,10534.55,10535.55,10531.45,10535.55,11:40:00,10543.69248922159,4,30
2018-04-20,10534.65,10537.25,10532.7,10534.3,11:45:00,10542.831299771917,4,31
2018-04-20,10538.95,10540.5,10533.5,10534.2,11:50:00,10542.46165217459,4,32
2018-04-20,10533.8,10539.85,10531.75,10538.85,11:55:00,10541.636732919867,4,33
2018-04-20,10537.0,10538.25,10534.0,10534.2,12:00:00,10541.195139308453,4,34
2018-04-20,10542.5,10542.5,10534.55,10536.8,12:05:00,10541.319411755265,4,35
2018-04-20,10540.25,10545.15,10539.6,10542.55,12:10:00,10541.21756301667,4,36
2018-04-20,10544.3,10545.55,10539.1,10540.15,12:15:00,10541.511128443652,4,37
2018-04-20,10547.1,10547.1,10542.95,10543.7,12:20:00,10542.04340192521,4,38
2018-04-20,10543.65,10547.65,10541.95,10546.85,12:25:00,10542.196411265666,4,39
2018-04-20,10549.4,10549.65,10541.1,10543.35,12:30:00,10542.882467335605,4,40
2018-04-20,10550.8,10554.55,10549.4,10549.6,12:35:00,10543.636518065548,4,41
2018-04-20,10545.0,10551.0,10544.45,10551.0,12:40:00,10543.766373487875,4,42
2018-04-20,10544.45,10547.85,10543.2,10544.95,12:45:00,10543.831480774745,4,43
2018-04-20,10544.6,10545.9,10542.0,10544.8,12:50:00,10543.904673081912,4,44
2018-04-20,10541.3,10545.5,10541.15,10544.1,12:55:00,10543.656608978872,4,45
2018-04-20,10537.6,10543.0,10537.2,10541.05,13:00:00,10543.079789076122,4,46
2018-04-20,10531.1,10537.35,10527.6,10537.3,13:05:00,10541.93885678316,4,47
2018-04-20,10530.2,10533.85,10529.7,10531.2,13:10:00,10540.820870422858,4,48
2018-04-20,10537.25,10537.25,10527.45,10529.85,13:15:00,10540.480787525445,4,49
2018-04-20,10534.55,10540.05,10534.05,10537.15,13:20:00,10539.915950618257,4,50
2018-04-20,10538.3,10539.55,10532.25,10534.45,13:25:00,10539.762050559377,4,51
2018-04-20,10543.95,10548.5,10537.75,10537.75,13:30:00,10540.160902887055,4,52
2018-04-20,10550.35,10550.35,10541.95,10544.55,13:35:00,10541.131293088289,4,53
2018-04-20,10550.95,10553.35,10548.7,10550.7,13:40:00,10542.06640803226,4,54
2018-04-20,10542.75,10552.8,10542.7,10551.1,13:45:00,10542.13151202919,4,55
2018-04-20,10546.35,10550.55,10542.15,10542.15,13:50:00,10542.533272788314,4,56
2018-04-20,10542.35,10547.5,10541.05,10546.3,13:55:00,10542.515818237043,4,57
2018-04-20,10547.55,10547.75,10539.8,10542.2,14:00:00,10542.99526411923,4,58
2018-04-20,10548.5,10549.8,10545.0,10547.45,14:05:00,10543.519524679305,4,59
2018-04-20,10554.9,10558.25,10548.1,10548.7,14:10:00,10544.603379471751,4,60
2018-04-20,10551.95,10556.2,10545.7,10555.05,14:15:00,10545.3030576173,4,61
2018-04-20,10553.0,10554.45,10549.9,10551.65,14:20:00,10546.036099748986,4,62
2018-04-20,10555.95,10560.35,10552.9,10552.9,14:25:00,10546.980280725274,4,63
2018-04-20,10555.4,10565.3,10554.5,10556.2,14:30:00,10547.78215875144,4,64
2018-04-20,10553.05,10558.7,10552.4,10555.0,14:35:00,10548.283857917968,4,65
2018-04-20,10546.7,10556.85,10545.35,10554.45,14:40:00,10548.133014306732,4,66
2018-04-20,10547.7,10552.8,10546.3,10546.65,14:45:00,10548.091774848948,4,67
2018-04-20,10543.25,10549.8,10540.8,10547.95,14:50:00,10547.630653434762,4,68
2018-04-20,10547.3,10547.9,10539.95,10543.75,14:55:00,10547.599162631452,4,69
2018-04-20,10554.7,10556.1,10545.45,10547.6,15:00:00,10548.275432857028,4,70
2018-04-20,10556.35,10560.0,10553.85,10554.3,15:05:00,10549.044439251596,4,71
2018-04-20,10559.8,10560.75,10555.85,10556.2,15:10:00,10550.068778370493,4,72
2018-04-20,10569.25,10569.7,10556.15,10559.9,15:15:00,10551.895561382828,4,73
2018-04-20,10577.85,10579.7,10569.2,10569.2,15:20:00,10554.3674126797,4,74
2018-04-20,10582.35,10582.35,10572.0,10578.05,15:25:00,10557.032420995922,4,75
2018-04-23,10557.4,10585.55,10551.45,10584.05,09:15:00,10557.06742852012,0,1
2018-04-23,10558.9,10572.0,10558.15,10558.15,09:20:00,10557.241959137253,0,2
2018-04-23,10560.4,10562.55,10514.95,10559.25,09:25:00,10557.542724933704,0,3
2018-04-23,10561.3,10563.0,10557.45,10559.75,09:30:00,10557.900560654303,0,4
2018-04-23,10563.9,10568.25,10561.6,10561.6,09:35:00,10558.471935830086,0,5
2018-04-23,10566.7,10566.75,10557.35,10563.55,09:40:00,10559.255560989126,0,6
2018-04-23,10572.55,10573.4,10566.75,10566.85,09:45:00,10560.52169803778,0,7
2018-04-23,10573.6,10576.55,10568.25,10571.9,09:50:00,10561.767250605611,0,8
2018-04-23,10573.8,10577.6,10570.85,10573.55,09:55:00,10562.91322673841,0,9
2018-04-23,10578.3,10580.35,10572.1,10573.35,10:00:00,10564.378633715703,0,10
2018-04-23,10585.9,10586.55,10578.7,10578.95,10:05:00,10566.428287647544,0,11
2018-04-23,10587.7,10588.45,10580.0,10585.85,10:10:00,10568.454165014444,0,12
2018-04-23,10591.0,10596.0,10585.85,10587.9,10:15:00,10570.60138739402,0,13
2018-04-23,10587.4,10592.4,10584.05,10591.25,10:20:00,10572.201255261256,0,14
2018-04-23,10592.3,10596.25,10587.25,10587.8,10:25:00,10574.11542142685,0,15
2018-04-23,10615.55,10615.9,10592.45,10592.45,10:30:00,10578.06157176715,0,16
2018-04-23,10611.5,10619.9,10608.9,10616.4,10:35:00,10581.246183979802,0,17
2018-04-23,10608.1,10614.2,10607.2,10611.0,10:40:00,10583.80369026744,0,18
2018-04-23,10611.85,10614.6,10602.25,10607.1,10:45:00,10586.474767384823,0,19
2018-04-23,10606.15,10612.4,10600.4,10612.25,10:50:00,10588.34859906246,0,20
2018-04-23,10609.45,10611.35,10603.8,10606.0,10:55:00,10590.358256294609,0,21
2018-04-23,10613.05,10613.95,10607.7,10609.9,11:00:00,10592.519374742738,0,22
2018-04-23,10603.25,10613.65,10602.4,10613.2,11:05:00,10593.541339052954,0,23
2018-04-23,10599.95,10604.9,10595.1,10603.85,11:10:00,10594.151687714577,0,24
2018-04-23,10602.4,10606.65,10599.8,10600.9,11:15:00,10594.93724126557,0,25
2018-04-23,10601.35,10602.9,10598.5,10602.35,11:20:00,10595.547980192658,0,26
2018-04-23,10595.9,10603.05,10595.6,10601.9,11:25:00,10595.581505888596,0,27
2018-04-23,10606.75,10607.05,10595.7,10596.0,11:30:00,10596.645171994442,0,28
2018-04-23,10601.8,10610.0,10600.4,10607.2,11:35:00,10597.136107994971,0,29
2018-04-23,10607.6,10608.25,10601.5,10601.9,11:40:00,10598.132669138307,0,30
2018-04-23,10606.35,10612.2,10604.25,10607.7,11:45:00,10598.915272077516,0,31
2018-04-23,10604.65,10608.15,10602.4,10605.7,11:50:00,10599.461436641564,0,32
2018-04-23,10607.35,10607.35,10603.45,10604.75,11:55:00,10600.212728389986,0,33
2018-04-23,10603.0,10608.05,10600.85,10607.55,12:00:00,10600.478182829034,0,34
2018-04-23,10610.4,10611.7,10603.3,10603.3,12:05:00,10601.423117797698,0,35
2018-04-23,10614.95,10615.85,10610.3,10610.6,12:10:00,10602.711392293157,0,36
2018-04-23,10620.2,10620.2,10614.3,10615.35,12:15:00,10604.376973979524,0,37
2018-04-23,10615.35,10622.2,10612.65,10619.8,12:20:00,10605.422024076714,0,38
2018-04-23,10623.3,10625.1,10613.55,10615.15,12:25:00,10607.12468845036,0,39
2018-04-23,10621.85,10625.35,10619.05,10623.15,12:30:00,10608.527099074136,0,40
2018-04-23,10620.6,10623.35,10619.3,10621.95,12:35:00,10609.676899162314,0,41
2018-04-23,10621.55,10624.2,10620.25,10620.65,12:40:00,10610.807670670663,0,42
2018-04-23,10617.4,10621.5,10615.4,10621.5,12:45:00,10611.435511559172,0,43
2018-04-23,10612.55,10617.95,10611.55,10616.95,12:50:00,10611.541653315444,0,44
2018-04-23,10609.85,10612.95,10607.35,10612.85,12:55:00,10611.380543475878,0,45
2018-04-23,10609.25,10611.9,10607.6,10609.55,13:00:00,10611.177634573412,0,46
2018-04-23,10610.15,10614.45,10606.95,10608.95,13:05:00,10611.07976461404,0,47
2018-04-23,10612.9,10615.55,10609.1,10609.95,13:10:00,10611.253120365083,0,48
2018-04-23,10616.15,10618.7,10612.6,10612.95,13:15:00,10611.719489854122,0,49
2018-04-23,10627.55,10628.45,10615.9,10617.9,13:20:00,10613.227157487065,0,50
2018-04-23,10632.8,10632.8,10624.9,10628.75,13:25:00,10615.09123772639,0,51
2018-04-23,10629.3,10635.4,10627.65,10632.9,13:30:00,10616.44445318102,0,52
2018-04-23,10635.95,10635.95,10627.7,10630.85,13:35:00,10618.302124306636,0,53
2018-04-23,10634.6,10638.35,10630.75,10636.0,13:40:00,10619.8543029441,0,54
2018-04-23,10633.55,10636.3,10625.5,10635.9,13:45:00,10621.158655044665,0,55
2018-04-23,10630.25,10633.6,10627.3,10633.6,13:50:00,10622.024497421362,0,56
2018-04-23,10623.55,10628.85,10621.05,10628.5,13:55:00,10622.169783381232,0,57
2018-04-23,10619.6,10631.8,10619.6,10623.05,14:00:00,10621.925042106828,0,58
2018-04-23,10618.45,10622.65,10617.55,10621.0,14:05:00,10621.594085715702,0,59
2018-04-23,10613.15,10619.8,10612.4,10619.8,14:10:00,10620.789887076113,0,60
2018-04-23,10606.3,10615.25,10604.95,10614.85,14:15:00,10619.409897830768,0,61
2018-04-23,10610.05,10610.55,10602.95,10606.8,14:20:00,10618.51847898974,0,62
2018-04-23,10613.15,10615.25,10607.2,10611.8,14:25:00,10618.007195276432,0,63
2018-04-23,10608.65,10614.1,10602.4,10613.85,14:30:00,10617.116033821534,0,64
2018-04-23,10612.7,10612.8,10607.85,10608.9,14:35:00,10616.695459171864,0,65
2018-04-23,10613.75,10618.0,10612.05,10612.6,14:40:00,10616.414939250735,0,66
2018-04-23,10617.65,10618.5,10611.15,10613.65,14:45:00,10616.532564084,0,67
2018-04-23,10624.15,10624.5,10614.75,10617.7,14:50:00,10617.258034171238,0,68
2018-04-23,10613.25,10624.6,10612.5,10623.8,14:55:00,10616.87631663112,0,69
2018-04-23,10597.75,10613.85,10596.8,10612.95,15:00:00,10615.05476266625,0,70
2018-04-23,10580.6,10597.8,10575.4,10597.3,15:05:00,10611.773356698037,0,71
2018-04-23,10585.8,10585.8,10571.8,10580.2,15:10:00,10609.299703679177,0,72
2018-04-23,10586.45,10586.45,10578.45,10585.4,15:15:00,10607.123541424016,0,73
2018-04-23,10582.4,10586.4,10578.8,10586.15,15:20:00,10604.768918431251,0,74
2018-04-23,10582.1,10584.05,10578.6,10583.05,15:25:00,10602.609973818751,0,75
2018-04-24,10596.55,10608.6,10573.2,10574.1,09:15:00,10602.03283345506,1,1
2018-04-24,10602.15,10609.85,10594.95,10596.95,09:20:00,10602.043992173629,1,2
2018-04-24,10602.15,10606.35,10596.3,10602.25,09:25:00,10602.054088157092,1,3
2018-04-24,10591.4,10603.4,10589.0,10602.4,09:30:00,10601.039413094511,1,4
2018-04-24,10588.8,10596.65,10585.05,10590.8,09:35:00,10599.87375470456,1,5
2018-04-24,10594.5,10598.1,10587.4,10588.3,09:40:00,10599.361968542222,1,6
2018-04-24,10598.6,10600.25,10594.55,10594.55,09:45:00,10599.289400109628,1,7
2018-04-24,10600.3,10602.7,10597.8,10598.35,09:50:00,10599.385647718234,1,8
2018-04-24,10590.0,10601.1,10589.9,10599.55,09:55:00,10598.491776506977,1,9
2018-04-24,10592.05,10595.55,10589.65,10589.95,10:00:00,10597.8782739825,1,10
2018-04-24,10591.1,10593.1,10587.8,10591.95,10:05:00,10597.232724079404,1,11
2018-04-24,10598.8,10600.05,10591.1,10591.35,10:10:00,10597.381988452791,1,12
2018-04-24,10598.75,10601.2,10596.4,10599.35,10:15:00,10597.512275266812,1,13
2018-04-24,10592.2,10599.6,10592.2,10598.95,10:20:00,10597.00634428902,1,14
2018-04-24,10593.75,10594.15,10591.15,10592.7,10:25:00,10596.696216261496,1,15
2018-04-24,10592.75,10595.75,10592.0,10593.85,10:30:00,10596.320386141351,1,16
2018-04-24,10600.55,10602.0,10592.8,10592.8,10:35:00,10596.723206508845,1,17
2018-04-24,10605.15,10606.25,10599.9,10601.0,10:40:00,10597.525758269909,1,18
2018-04-24,10605.35,10607.6,10604.35,10605.25,10:45:00,10598.270924148965,1,19
2018-04-24,10603.4,10609.0,10601.3,10604.7,10:50:00,10598.759407563348,1,20
2018-04-24,10605.0,10606.2,10602.0,10602.85,10:55:00,10599.353749700173,1,21
2018-04-24,10605.55,10609.15,10604.2,10605.45,11:00:00,10599.943868776349,1,22
2018-04-24,10600.3,10606.95,10597.4,10606.2,11:05:00,10599.97778603574,1,23
2018-04-24,10602.95,10605.25,10599.6,10600.25,11:10:00,10600.260854032336,1,24
2018-04-24,10599.1,10603.35,10597.95,10603.35,11:15:00,10600.150296505446,1,25
2018-04-24,10602.5,10604.25,10599.35,10599.35,11:20:00,10600.374077790642,1,26
2018-04-24,10603.85,10603.85,10600.05,10602.2,11:25:00,10600.705118001057,1,27
2018-04-24,10605.85,10608.15,10603.1,10604.35,11:30:00,10601.195106762862,1,28
2018-04-24,10602.35,10607.35,10601.55,10605.95,11:35:00,10601.30509659497,1,29
2018-04-24,10601.85,10604.75,10599.1,10602.8,11:40:00,10601.356992157354,1,30
2018-04-24,10602.85,10604.45,10599.55,10601.9,11:45:00,10601.499183380463,1,31
2018-04-24,10602.8,10604.1,10602.1,10603.0,11:50:00,10601.623070677562,1,32
2018-04-24,10601.55,10605.3,10601.1,10602.85,11:55:00,10601.616111565412,1,33
2018-04-24,10599.2,10603.6,10598.3,10601.5,12:00:00,10601.38600570204,1,34
2018-04-24,10598.65,10602.3,10597.95,10599.1,12:05:00,10601.125433730418,1,35
2018-04-24,10596.45,10600.2,10595.65,10599.0,12:10:00,10600.68015432752,1,36
2018-04-24,10594.5,10597.3,10593.95,10596.2,12:15:00,10600.091568201093,1,37
2018-04-24,10594.7,10596.5,10591.95,10594.4,12:20:00,10599.578085515272,1,38
2018-04-24,10593.45,10595.5,10591.15,10595.1,12:25:00,10598.994458323345,1,39
2018-04-24,10585.5,10593.35,10584.2,10593.35,12:30:00,10597.709271816357,1,40
2018-04-24,10579.0,10585.85,10577.65,10585.85,12:35:00,10595.927436405274,1,41
2018-04-24,10571.25,10579.0,10569.0,10578.75,12:40:00,10593.577204366677,1,42
2018-04-24,10584.05,10584.65,10570.45,10571.7,12:45:00,10592.66985156985,1,43
2018-04-24,10583.15,10587.95,10583.0,10584.35,12:50:00,10591.763199039387,1,44
2018-04-24,10581.85,10585.15,10579.4,10583.4,12:55:00,10590.81908484516,1,45
2018-04-24,10587.4,10588.3,10580.75,10582.6,13:00:00,10590.49345771705,1,46
2018-04-24,10583.45,10590.1,10583.1,10587.45,13:05:00,10589.82265222019,1,47
2018-04-24,10590.75,10591.2,10581.8,10583.65,13:10:00,10589.910971056364,1,48
2018-04-24,10590.95,10592.9,10589.7,10590.9,13:15:00,10590.009926193852,1,49
2018-04-24,10591.5,10593.35,10589.95,10591.0,13:20:00,10590.151837984917,1,50
2018-04-24,10597.15,10597.4,10591.15,10591.15,13:25:00,10590.8183296054,1,51
2018-04-24,10605.25,10606.7,10596.65,10596.65,13:30:00,10592.192774404884,1,52
2018-04-24,10611.95,10611.95,10600.65,10606.7,13:35:00,10594.074414937751,1,53
2018-04-24,10609.0,10613.6,10604.55,10613.35,13:40:00,10595.495899229394,1,54
2018-04-24,10611.65,10616.4,10609.65,10610.5,13:45:00,10597.03438501707,1,55
2018-04-24,10613.5,10614.5,10610.45,10613.1,13:50:00,10598.602538824967,1,56
2018-04-24,10613.75,10619.5,10611.8,10615.25,13:55:00,10600.045154174972,1,57
2018-04-24,10603.9,10614.75,10603.35,10613.9,14:00:00,10600.412282348783,1,58
2018-04-24,10609.75,10611.15,10603.55,10604.85,14:05:00,10601.301588791755,1,59
2018-04-24,10608.45,10612.4,10607.2,10611.25,14:10:00,10601.98238985921,1,60
2018-04-24,10608.65,10614.2,10605.15,10610.1,14:15:00,10602.617400348809,1,61
2018-04-24,10613.3,10617.1,10608.25,10610.3,14:20:00,10603.63479079178,1,62
2018-04-24,10622.7,10623.35,10613.1,10615.0,14:25:00,10605.450525002085,1,63
2018-04-24,10626.4,10630.25,10623.35,10624.35,14:30:00,10607.445713097124,1,64
2018-04-24,10631.7,10636.6,10627.45,10628.4,14:35:00,10609.755645183111,1,65
2018-04-24,10626.25,10635.25,10618.5,10632.45,14:40:00,10611.326536118053,1,66
2018-04-24,10631.55,10634.45,10626.2,10628.3,14:45:00,10613.252580297283,1,67
2018-04-24,10632.5,10634.95,10629.6,10632.75,14:50:00,10615.08566788802,1,68
2018-04-24,10634.15,10636.8,10630.9,10633.6,14:55:00,10616.901318565351,1,69
2018-04-24,10618.15,10635.05,10613.6,10635.05,15:00:00,10617.020240606746,1,70
2018-04-24,10613.55,10620.4,10610.95,10618.0,15:05:00,10616.68974150134,1,71
2018-04-24,10610.75,10617.05,10608.1,10613.9,15:10:00,10616.124051834546,1,72
2018-04-24,10612.35,10615.05,10606.95,10611.05,15:15:00,10615.764618326495,1,73
2018-04-24,10610.95,10613.7,10610.25,10612.75,15:20:00,10615.306083247782,1,74
2018-04-24,10619.2,10622.95,10610.25,10610.85,15:25:00,10615.67693246228,1,75
2018-04-25,10604.7,10607.05,10588.5,10604.95,09:15:00,10614.631510323015,2,1
2018-04-25,10606.2,10611.45,10600.15,10605.7,09:20:00,10613.828509339872,2,2
2018-04-25,10598.15,10606.9,10597.1,10606.5,09:25:00,10612.33531797417,2,3
2018-04-25,10598.6,10601.95,10593.85,10597.9,09:30:00,10611.02719245282,2,4
2018-04-25,10601.8,10604.65,10595.15,10598.3,09:35:00,10610.14841221922,2,5
2018-04-25,10600.95,10604.35,10599.9,10601.75,09:40:00,10609.272372960246,2,6
2018-04-25,10593.6,10603.35,10588.4,10600.9,09:45:00,10607.77976601165,2,7
2018-04-25,10582.7,10593.35,10578.95,10593.35,09:50:00,10605.391216867683,2,8
2018-04-25,10580.9,10585.75,10577.35,10582.55,09:55:00,10603.058720023142,2,9
2018-04-25,10586.8,10587.3,10576.65,10580.05,10:00:00,10601.510270497129,2,10
2018-04-25,10589.85,10592.05,10580.7,10586.75,10:05:00,10600.39976854502,2,11
2018-04-25,10587.25,10594.1,10586.35,10589.9,10:10:00,10599.14740963597,2,12
2018-04-25,10588.5,10589.4,10583.0,10587.05,10:15:00,10598.13337062302,2,13
2018-04-25,10589.55,10592.6,10588.05,10588.7,10:20:00,10597.31590675416,2,14
2018-04-25,10590.75,10592.5,10587.35,10588.9,10:25:00,10596.690582301382,2,15
2018-04-25,10592.45,10593.85,10588.35,10590.95,10:30:00,10596.286717320298,2,16
2018-04-25,10591.05,10593.75,10590.0,10592.4,10:35:00,10595.787982337411,2,17
2018-04-25,10592.75,10594.1,10589.5,10591.3,10:40:00,10595.49865068623,2,18
2018-04-25,10586.55,10592.65,10584.65,10591.8,10:45:00,10594.646398239922,2,19
2018-04-25,10588.15,10589.5,10585.65,10587.0,10:50:00,10594.027693645645,2,20
2018-04-25,10588.0,10590.65,10586.3,10588.05,10:55:00,10593.453627584153,2,21
2018-04-25,10587.75,10588.5,10585.0,10588.15,11:00:00,10592.910424957092,2,22
2018-04-25,10588.0,10591.55,10587.05,10587.2,11:05:00,10592.442765437369,2,23
2018-04-25,10588.05,10590.75,10586.85,10588.05,11:10:00,10592.024406824286,2,24
2018-04-25,10585.3,10588.1,10582.9,10588.1,11:15:00,10591.383987126736,2,25
2018-04-25,10585.7,10586.85,10583.35,10585.1,11:20:00,10590.842655019427,2,26
2018-04-25,10583.8,10586.45,10582.65,10585.4,11:25:00,10590.171925969958,2,27
2018-04-25,10588.35,10588.55,10582.15,10583.7,11:30:00,10589.998409210912,2,28
2018-04-25,10584.3,10588.55,10583.2,10588.1,11:35:00,10589.45570357178,2,29
2018-04-25,10582.5,10584.85,10581.05,10584.15,11:40:00,10588.793255612562,2,30
2018-04-25,10583.65,10585.75,10580.9,10582.35,11:45:00,10588.303421744698,2,31
2018-04-25,10583.75,10587.2,10582.7,10583.75,11:50:00,10587.869762530918,2,32
2018-04-25,10588.65,10589.0,10582.5,10583.4,11:55:00,10587.944070861307,2,33
2018-04-25,10592.55,10592.55,10588.3,10588.35,12:00:00,10588.382730779278,2,34
2018-04-25,10589.0,10592.65,10588.4,10592.4,12:05:00,10588.441518324107,2,35
2018-04-25,10586.35,10589.3,10585.25,10588.55,12:10:00,10588.242326102763,2,36
2018-04-25,10584.35,10586.85,10583.65,10586.05,12:15:00,10587.871628378693,2,37
2018-04-25,10589.0,10589.75,10584.15,10584.4,12:20:00,10587.979092342626,2,38
2018-04-25,10589.35,10589.8,10584.3,10588.85,12:25:00,10588.109654976664,2,39
2018-04-25,10594.7,10596.2,10587.95,10589.0,12:30:00,10588.737306883648,2,40
2018-04-25,10584.05,10594.75,10582.9,10594.75,12:35:00,10588.290896704251,2,41
2018-04-25,10586.75,10587.45,10581.8,10584.1,12:40:00,10588.14414463718,2,42
2018-04-25,10585.4,10589.2,10584.4,10587.0,12:45:00,10587.88279752888,2,43
2018-04-25,10588.05,10588.8,10583.75,10585.45,12:50:00,10587.898721573749,2,44
2018-04-25,10587.95,10589.05,10584.75,10588.15,12:55:00,10587.90360523339,2,45
2018-04-25,10596.65,10599.0,10587.35,10587.75,13:00:00,10588.736595211163,2,46
2018-04-25,10596.45,10603.15,10596.45,10596.85,13:05:00,10589.471205191054,2,47
2018-04-25,10601.85,10602.0,10595.95,10596.95,13:10:00,10590.65013803,2,48
2018-04-25,10608.65,10610.55,10603.1,10603.65,13:15:00,10592.364410598571,2,49
2018-04-25,10606.6,10610.0,10603.8,10610.0,13:20:00,10593.720181017756,2,50
2018-04-25,10605.9,10610.2,10605.25,10608.15,13:25:00,10594.88016377797,2,51
2018-04-25,10599.45,10607.5,10597.05,10606.55,13:30:00,10595.315386275308,2,52
2018-04-25,10591.1,10601.05,10590.45,10599.85,13:35:00,10594.913920915757,2,53
2018-04-25,10591.15,10594.55,10586.85,10591.05,13:40:00,10594.555452257113,2,54
2018-04-25,10592.15,10594.5,10591.15,10592.2,13:45:00,10594.326361565958,2,55
2018-04-25,10580.05,10593.65,10579.9,10593.25,13:50:00,10592.966708083486,2,56
2018-04-25,10574.45,10581.9,10572.5,10581.9,13:55:00,10591.203212075536,2,57
2018-04-25,10556.2,10576.15,10556.2,10575.9,14:00:00,10587.869572830246,2,58
2018-04-25,10556.6,10560.8,10543.95,10558.45,14:05:00,10584.891518274984,2,59
2018-04-25,10554.35,10557.9,10546.5,10557.8,14:10:00,10581.982802248796,2,60
2018-04-25,10549.4,10556.2,10541.4,10556.2,14:15:00,10578.8796782251,2,61
2018-04-25,10557.05,10559.15,10549.8,10550.35,14:20:00,10576.800661251282,2,62
2018-04-25,10547.7,10560.35,10545.15,10558.55,14:25:00,10574.02916970354,2,63
2018-04-25,10548.35,10550.75,10542.1,10548.6,14:30:00,10571.58353449368,2,64
2018-04-25,10538.85,10550.95,10536.45,10549.2,14:35:00,10568.466055018092,2,65
2018-04-25,10556.7,10558.65,10539.4,10539.6,14:40:00,10567.345478349702,2,66
2018-04-25,10548.45,10558.3,10541.3,10557.85,14:45:00,10565.545908983064,2,67
2018-04-25,10558.8,10559.25,10549.15,10549.35,14:50:00,10564.903441460869,2,68
2018-04-25,10566.25,10566.3,10554.55,10561.0,14:55:00,10565.03168513126,2,69
2018-04-25,10568.85,10572.55,10565.65,10567.5,15:00:00,10565.395334166378,2,70
2018-04-25,10575.55,10577.8,10567.8,10568.9,15:05:00,10566.362445198152,2,71
2018-04-25,10571.6,10576.2,10566.7,10575.85,15:10:00,10566.861259941186,2,72
2018-04-25,10572.35,10574.55,10567.3,10571.7,15:15:00,10567.383997089644,2,73
2018-04-25,10566.5,10573.05,10562.25,10572.45,15:20:00,10567.29980689063,2,74
2018-04-25,10565.45,10569.25,10564.55,10566.45,15:25:00,10567.12363480581,2,75
2018-04-26,10577.85,10583.45,10572.7,10582.2,09:15:00,10568.145193395732,3,1
2018-04-26,10588.35,10589.8,10578.7,10578.7,09:20:00,10570.069460691377,3,2
2018-04-26,10580.5,10590.05,10580.05,10587.65,09:25:00,10571.062845387436,3,3
2018-04-26,10584.8,10587.75,10577.75,10580.25,09:30:00,10572.371145826728,3,4
2018-04-26,10590.25,10591.4,10582.6,10584.75,09:35:00,10574.073893843231,3,5
2018-04-26,10585.1,10590.25,10584.95,10590.1,09:40:00,10575.123999191495,3,6
2018-04-26,10585.5,10588.55,10583.2,10585.15,09:45:00,10576.112189744686,3,7
2018-04-26,10590.05,10591.25,10583.8,10585.35,09:50:00,10577.439600245194,3,8
2018-04-26,10587.9,10593.6,10587.75,10590.3,09:55:00,10578.43582879327,3,9
2018-04-26,10590.7,10592.2,10586.1,10588.25,10:00:00,10579.603845098673,3,10
2018-04-26,10591.55,10596.1,10590.45,10590.65,10:05:00,10580.741574136897,3,11
2018-04-26,10587.9,10593.55,10585.25,10591.45,10:10:00,10581.423328981,3,12
2018-04-26,10582.7,10588.4,10582.55,10587.5,10:15:00,10581.544916697096,3,13
2018-04-26,10583.05,10586.9,10582.05,10583.0,10:20:00,10581.68825796404,3,14
2018-04-26,10581.9,10585.45,10581.1,10582.55,10:25:00,10581.708423872224,3,15
2018-04-26,10584.9,10586.7,10581.85,10581.85,10:30:00,10582.012383503445,3,16
2018-04-26,10576.2,10585.6,10575.65,10584.95,10:35:00,10581.458823169782,3,17
2018-04-26,10582.65,10582.9,10575.85,10575.85,10:40:00,10581.572268582184,3,18
2018-04-26,10575.7,10582.95,10575.1,10582.5,10:45:00,10581.01300490769,3,19
2018-04-26,10578.2,10581.8,10575.2,10575.2,10:50:00,10580.745099678388,3,20
2018-04-26,10580.55,10582.05,10575.3,10578.6,10:55:00,10580.726518756635,3,21
2018-04-26,10579.7,10584.5,10578.45,10580.75,11:00:00,10580.628755065529,3,22
2018-04-26,10576.2,10583.05,10576.15,10579.4,11:05:00,10580.206968868812,3,23
2018-04-26,10579.1,10579.5,10574.85,10576.4,11:10:00,10580.101543262255,3,24
2018-04-26,10582.9,10584.55,10579.2,10579.2,11:15:00,10580.368062951566,3,25
2018-04-26,10581.5,10584.8,10579.7,10582.75,11:20:00,10580.475866479988,3,26
2018-04-26,10584.9,10587.2,10581.7,10581.7,11:25:00,10580.897212529511,3,27
2018-04-26,10577.4,10587.55,10577.15,10585.3,11:30:00,10580.56414466956,3,28
2018-04-26,10576.5,10578.15,10574.1,10577.25,11:35:00,10580.177083272458,3,29
2018-04-26,10571.6,10577.65,10571.6,10576.65,11:40:00,10579.360218198892,3,30
2018-04-26,10569.25,10573.9,10569.25,10571.4,11:45:00,10578.397340275187,3,31
2018-04-26,10563.95,10572.05,10563.95,10569.4,11:50:00,10577.021403106124,3,32
2018-04-26,10567.4,10568.8,10559.65,10563.75,11:55:00,10576.105079000778,3,33
2018-04-26,10566.75,10568.5,10564.95,10567.1,12:00:00,10575.214119095945,3,34
2018-04-26,10570.3,10572.5,10565.85,10565.85,12:05:00,10574.746107753472,3,35
2018-04-26,10574.45,10575.0,10569.6,10570.45,12:10:00,10574.717907015049,3,36
2018-04-26,10567.5,10574.7,10567.45,10574.6,12:15:00,10574.030487299327,3,37
2018-04-26,10568.8,10570.15,10564.85,10567.15,12:20:00,10573.532345651773,3,38
2018-04-26,10567.95,10570.65,10565.1,10568.45,12:25:00,10573.000693684937,3,39
2018-04-26,10570.1,10570.8,10567.25,10567.4,12:30:00,10572.724437143514,3,40
2018-04-26,10564.2,10570.45,10563.95,10569.7,12:35:00,10571.91258598699,3,41
2018-04-26,10564.95,10567.2,10562.65,10564.15,12:40:00,10571.24948255966,3,42
2018-04-26,10577.8,10578.35,10565.15,10565.55,12:45:00,10571.8733413635,3,43
2018-04-26,10577.8,10581.55,10576.55,10577.1,12:50:00,10572.437785043168,3,44
2018-04-26,10578.45,10580.5,10575.95,10577.55,12:55:00,10573.010376943816,3,45
2018-04-26,10583.0,10585.4,10578.05,10578.55,13:00:00,10573.961769615837,3,46
2018-04-26,10583.4,10583.95,10579.85,10583.05,13:05:00,10574.86064870004,3,47
2018-04-26,10577.1,10583.6,10573.85,10582.9,13:10:00,10575.073920252418,3,48
2018-04-26,10570.75,10579.65,10570.75,10577.15,13:15:00,10574.662118323617,3,49
2018-04-26,10569.8,10574.75,10569.05,10571.15,13:20:00,10574.199059435652,3,50
2018-04-26,10573.05,10575.85,10570.0,10570.05,13:25:00,10574.089625203686,3,51
2018-04-26,10569.4,10575.25,10568.35,10572.75,13:30:00,10573.642994231906,3,52
2018-04-26,10577.05,10579.65,10569.8,10569.8,13:35:00,10573.967470971726,3,53
2018-04-26,10579.5,10584.5,10576.45,10576.9,13:40:00,10574.494378498228,3,54
2018-04-26,10575.9,10580.8,10574.25,10579.3,13:45:00,10574.628247212682,3,55
2018-04-26,10579.3,10579.3,10571.7,10576.1,13:50:00,10575.07317604957,3,56
2018-04-26,10579.95,10581.5,10575.7,10579.2,13:55:00,10575.53763547342,3,57
2018-04-26,10585.35,10586.9,10578.1,10579.8,14:00:00,10576.472146380713,3,58
2018-04-26,10583.55,10586.85,10580.35,10585.7,14:05:00,10577.14622767779,3,59
2018-04-26,10580.55,10583.75,10579.4,10583.2,14:10:00,10577.47039647038,3,60
2018-04-26,10578.2,10581.7,10574.1,10580.65,14:15:00,10577.53988252082,3,61
2018-04-26,10572.1,10580.55,10571.5,10578.35,14:20:00,10577.02179847122,3,62
2018-04-26,10570.65,10574.7,10568.4,10572.5,14:25:00,10576.41496052158,3,63
2018-04-26,10573.2,10574.45,10570.55,10570.8,14:30:00,10576.10877380524,3,64
2018-04-26,10568.3,10574.4,10567.2,10573.1,14:35:00,10575.365081061886,3,65
2018-04-26,10579.7,10580.05,10568.2,10568.2,14:40:00,10575.777930484564,3,66
2018-04-26,10584.05,10588.4,10579.5,10579.75,14:45:00,10576.565746628892,3,67
2018-04-26,10581.9,10585.25,10579.0,10583.45,14:50:00,10577.073770759473,3,68
2018-04-26,10583.85,10584.4,10574.85,10581.95,14:55:00,10577.719125925238,3,69
2018-04-26,10615.25,10615.25,10583.8,10583.9,15:00:00,10581.29349488474,3,70
2018-04-26,10625.0,10626.0,10609.4,10612.4,15:05:00,10585.45601918143,3,71
2018-04-26,10622.95,10627.75,10620.55,10624.6,15:10:00,10589.026874497486,3,72
2018-04-26,10624.4,10628.4,10620.3,10623.35,15:15:00,10592.395743592964,3,73
2018-04-26,10625.4,10626.35,10620.75,10624.5,15:20:00,10595.53900610792,3,74
2018-04-26,10616.35,10625.4,10614.15,10624.85,15:25:00,10597.521005526214,3,75
2018-04-27,10675.8,10677.8,10647.55,10647.55,09:15:00,10604.97614785705,4,1
2018-04-27,10681.1,10688.8,10675.5,10675.5,09:20:00,10612.226038537332,4,2
2018-04-27,10688.4,10690.0,10677.8,10681.8,09:25:00,10619.480701533776,4,3
2018-04-27,10697.6,10701.7,10688.65,10688.8,09:30:00,10626.920634721037,4,4
2018-04-27,10693.75,10697.7,10689.75,10697.55,09:35:00,10633.285336176175,4,5
2018-04-27,10682.35,10698.7,10682.35,10694.75,09:40:00,10637.958161302256,4,6
2018-04-27,10690.85,10691.45,10681.95,10682.0,09:45:00,10642.99547927347,4,7
2018-04-27,10691.55,10692.1,10683.8,10691.45,09:50:00,10647.619719342663,4,8
2018-04-27,10697.65,10701.0,10690.75,10690.75,09:55:00,10652.384507976696,4,9
2018-04-27,10700.9,10702.65,10692.65,10697.95,10:00:00,10657.005031026534,4,10
2018-04-27,10702.5,10702.9,10691.2,10700.7,10:05:00,10661.337885214483,4,11
2018-04-27,10699.2,10704.85,10698.45,10702.15,10:10:00,10664.943800908342,4,12
2018-04-27,10685.7,10699.0,10684.0,10699.0,10:15:00,10666.920581774217,4,13
2018-04-27,10687.45,10689.2,10681.1,10685.65,10:20:00,10668.875764462386,4,14
2018-04-27,10683.05,10689.75,10682.45,10687.15,10:25:00,10670.225691656444,4,15
2018-04-27,10690.35,10695.45,10682.5,10682.65,10:30:00,10672.142292451068,4,16
2018-04-27,10686.85,10692.75,10685.4,10689.95,10:35:00,10673.543026503346,4,17
2018-04-27,10687.55,10690.8,10685.55,10687.1,10:40:00,10674.87702397922,4,18
2018-04-27,10685.85,10691.6,10684.7,10687.4,10:45:00,10675.922069314533,4,19
2018-04-27,10689.1,10691.65,10684.5,10684.95,10:50:00,10677.177110332195,4,20
2018-04-27,10692.4,10693.5,10687.25,10689.0,10:55:00,10678.626909348175,4,21
2018-04-27,10687.0,10692.7,10685.6,10692.2,11:00:00,10679.42434655311,4,22
2018-04-27,10689.8,10691.2,10686.55,10686.55,11:05:00,10680.412504024243,4,23
2018-04-27,10692.95,10696.05,10689.8,10689.85,11:10:00,10681.606551260027,4,24
2018-04-27,10690.7,10695.6,10690.5,10692.4,11:15:00,10682.472593997169,4,25
2018-04-27,10692.3,10692.6,10689.45,10690.9,11:20:00,10683.408537426008,4,26
2018-04-27,10692.15,10692.75,10689.55,10692.55,11:25:00,10684.24105767115,4,27
2018-04-27,10688.3,10697.35,10688.1,10692.45,11:30:00,10684.62762360723,4,28
2018-04-27,10686.05,10689.1,10685.7,10688.15,11:35:00,10684.76308802559,4,29
2018-04-27,10683.2,10686.35,10683.2,10686.25,11:40:00,10684.614222499344,4,30
2018-04-27,10678.7,10684.15,10677.5,10684.1,11:45:00,10684.050963213693,4,31
2018-04-27,10679.7,10681.8,10676.85,10678.3,11:50:00,10683.636585764769,4,32
2018-04-27,10681.65,10684.05,10678.3,10678.3,11:55:00,10683.447387120505,4,33
2018-04-27,10687.9,10688.35,10680.1,10681.05,12:00:00,10683.87144548998,4,34
2018-04-27,10688.65,10688.65,10682.8,10687.6,12:05:00,10684.326545919506,4,35
2018-04-27,10685.05,10690.0,10684.3,10688.7,12:10:00,10684.395446308125,4,36
2018-04-27,10685.9,10686.1,10682.5,10684.9,12:15:00,10684.538737135925,4,37
2018-04-27,10689.2,10690.25,10685.8,10685.95,12:20:00,10684.9826669325,4,38
2018-04-27,10691.05,10691.3,10687.0,10688.9,12:25:00,10685.560508177026,4,39
2018-04-27,10687.35,10690.8,10685.8,10690.75,12:30:00,10685.730935969692,4,40
2018-04-27,10687.65,10690.1,10686.7,10687.2,12:35:00,10685.91370397258,4,41
2018-04-27,10688.85,10689.95,10686.8,10687.4,12:40:00,10686.193351213284,4,42
2018-04-27,10690.2,10690.3,10687.3,10688.35,12:45:00,10686.57493681202,4,43
2018-04-27,10692.05,10693.0,10688.8,10690.05,12:50:00,10687.09637140135,4,44
2018-04-27,10687.65,10692.45,10687.65,10691.75,12:55:00,10687.149097934556,4,45
2018-04-27,10692.05,10692.75,10686.1,10687.6,13:00:00,10687.615850512217,4,46
2018-04-27,10698.75,10701.5,10691.35,10691.95,13:05:00,10688.676245701528,4,47
2018-04-27,10696.85,10699.8,10695.2,10698.6,13:10:00,10689.45469849186,4,48
2018-04-27,10702.95,10705.45,10696.8,10697.0,13:15:00,10690.73996530216,4,49
2018-04-27,10702.85,10707.25,10701.85,10702.9,13:20:00,10691.89330194005,4,50
2018-04-27,10703.0,10705.7,10700.35,10703.1,13:25:00,10692.951082707665,4,51
2018-04-27,10699.5,10705.8,10692.85,10702.55,13:30:00,10693.57478911646,4,52
2018-04-27,10704.9,10706.95,10698.4,10699.8,13:35:00,10694.653380629175,4,53
2018-04-27,10703.95,10708.45,10701.4,10704.95,13:40:00,10695.538772950207,4,54
2018-04-27,10701.35,10708.75,10700.95,10706.95,13:45:00,10696.092223145424,4,55
2018-04-27,10704.05,10706.35,10701.8,10703.7,13:50:00,10696.850106655384,4,56
2018-04-27,10711.95,10711.95,10704.25,10705.8,13:55:00,10698.288191735825,4,57
2018-04-27,10716.9,10719.8,10707.9,10711.2,14:00:00,10700.060744903842,4,58
2018-04-27,10707.65,10717.5,10704.55,10717.5,14:05:00,10700.783531103476,4,59
2018-04-27,10694.1,10707.6,10691.4,10707.6,14:10:00,10700.147004331717,4,60
2018-04-27,10691.45,10693.9,10681.9,10693.5,14:15:00,10699.318718204888,4,61
2018-04-27,10694.15,10699.6,10689.85,10691.65,14:20:00,10698.826459328233,4,62
2018-04-27,10694.15,10695.4,10689.45,10695.4,14:25:00,10698.381082249354,4,63
2018-04-27,10696.1,10697.3,10689.6,10694.3,14:30:00,10698.163836320844,4,64
2018-04-27,10692.85,10700.4,10692.0,10698.05,14:35:00,10697.65775667124,4,65
2018-04-27,10691.5,10695.05,10688.6,10694.05,14:40:00,10697.071303654931,4,66
2018-04-27,10699.2,10701.0,10690.45,10693.25,14:45:00,10697.274036640176,4,67
2018-04-27,10697.95,10700.95,10695.15,10700.95,14:50:00,10697.338414103016,4,68
2018-04-27,10693.1,10700.45,10692.4,10700.15,14:55:00,10696.934755617014,4,69
2018-04-27,10687.6,10698.55,10685.4,10693.65,15:00:00,10696.045731272538,4,70
2018-04-27,10697.75,10697.75,10686.8,10689.9,15:05:00,10696.208042579916,4,71
2018-04-27,10693.95,10697.8,10692.3,10697.15,15:10:00,10695.99299090564,4,72
2018-04-27,10692.45,10697.45,10689.55,10695.3,15:15:00,10695.65556320034,4,73
2018-04-27,10694.1,10696.6,10691.15,10692.2,15:20:00,10695.507414324118,4,74
2018-04-27,10695.3,10698.4,10692.65,10694.25,15:25:00,10695.487660578963,4,75
2018-04-30,10744.7,10751.65,10704.6,10704.6,09:15:00,10700.174550047634,0,1
2018-04-30,10748.15,10755.0,10742.75,10744.05,09:20:00,10704.743640519288,0,2
2018-04-30,10751.75,10755.9,10744.45,10748.5,09:25:00,10709.220436660307,0,3
2018-04-30,10742.5,10751.7,10739.75,10751.7,09:30:00,10712.389918883136,0,4
2018-04-30,10738.8,10746.65,10738.8,10742.65,09:35:00,10714.90516470379,0,5
2018-04-30,10741.2,10743.85,10737.05,10739.05,09:40:00,10717.409434732,0,6
2018-04-30,10735.75,10741.75,10733.6,10741.35,09:45:00,10719.156155233715,0,7
2018-04-30,10735.55,10740.25,10732.45,10735.9,09:50:00,10720.717473782885,0,8
2018-04-30,10728.4,10740.85,10728.0,10735.75,09:55:00,10721.44914294642,0,9
2018-04-30,10733.75,10734.85,10724.2,10728.05,10:00:00,10722.620653142,0,10
2018-04-30,10733.65,10737.95,10728.3,10733.55,10:05:00,10723.671067128476,0,11
2018-04-30,10740.85,10742.15,10732.95,10733.55,10:10:00,10725.307155973383,0,12
2018-04-30,10741.55,10742.55,10736.95,10740.7,10:15:00,10726.854093499727,0,13
2018-04-30,10741.15,10744.1,10739.3,10741.6,10:20:00,10728.215608404516,0,14
2018-04-30,10747.15,10748.6,10738.05,10741.1,10:25:00,10730.018883794562,0,15
2018-04-30,10751.7,10752.0,10745.7,10746.95,10:30:00,10732.083752004604,0,16
2018-04-30,10748.75,10753.0,10747.25,10751.4,10:35:00,10733.671013718453,0,17
2018-04-30,10748.25,10749.2,10743.5,10748.85,10:40:00,10735.05948860241,0,18
2018-04-30,10746.65,10749.45,10746.45,10748.55,10:45:00,10736.163346830752,0,19
2018-04-30,10747.85,10747.85,10743.45,10747.1,10:50:00,10737.2763614183,0,20
2018-04-30,10746.85,10749.65,10745.95,10748.1,10:55:00,10738.18813652132,0,21
2018-04-30,10747.0,10748.55,10744.6,10746.5,11:00:00,10739.027361614526,0,22
2018-04-30,10746.45,10748.75,10746.1,10746.95,11:05:00,10739.734279556,0,23
2018-04-30,10749.05,10749.95,10743.95,10746.75,11:10:00,10740.621491026855,0,24
2018-04-30,10750.05,10751.45,10748.2,10749.2,11:15:00,10741.519444262394,0,25
2018-04-30,10749.3,10751.95,10748.05,10750.15,11:20:00,10742.260449570738,0,26
2018-04-30,10749.3,10750.9,10746.6,10749.15,11:25:00,10742.930882944956,0,27
2018-04-30,10748.65,10749.8,10746.1,10749.4,11:30:00,10743.47556075972,0,28
2018-04-30,10751.75,10753.35,10748.75,10748.75,11:35:00,10744.263602592127,0,29
2018-04-30,10749.7,10752.85,10748.0,10751.4,11:40:00,10744.78135472621,0,30
2018-04-30,10751.0,10752.15,10749.6,10749.6,11:45:00,10745.373606657047,0,31
2018-04-30,10755.6,10756.15,10750.85,10750.85,11:50:00,10746.347548880189,0,32
2018-04-30,10754.85,10759.0,10754.15,10755.7,11:55:00,10747.157306129691,0,33
2018-04-30,10755.65,10757.9,10754.25,10754.9,12:00:00,10747.96613411734,0,34
2018-04-30,10754.25,10755.9,10751.75,10755.7,12:05:00,10748.564597534738,0,35
2018-04-30,10754.25,10755.3,10751.4,10754.05,12:10:00,10749.106064436191,0,36
2018-04-30,10756.85,10758.65,10753.1,10754.4,12:15:00,10749.843582108935,0,37
2018-04-30,10753.8,10757.55,10750.8,10757.0,12:20:00,10750.220383812846,0,38
2018-04-30,10748.85,10754.1,10748.85,10753.55,12:25:00,10750.089871068769,0,39
2018-04-30,10749.4,10750.6,10745.9,10748.95,12:30:00,10750.024169062215,0,40
2018-04-30,10748.5,10750.9,10746.25,10749.35,12:35:00,10749.87901010391,0,41
2018-04-30,10752.95,10753.8,10746.2,10748.25,12:40:00,10750.17148533211,0,42
2018-04-30,10750.05,10754.8,10749.25,10752.6,12:45:00,10750.15991530048,0,43
2018-04-30,10749.45,10753.0,10747.7,10749.95,12:50:00,10750.092304319482,0,44
2018-04-30,10753.65,10754.25,10749.5,10749.5,12:55:00,10750.43113247953,0,45
2018-04-30,10748.05,10754.75,10747.8,10753.8,13:00:00,10750.204357957671,0,46
2018-04-30,10744.55,10749.5,10743.75,10748.25,13:05:00,10749.665847675988,0,47
2018-04-30,10747.9,10748.5,10744.5,10744.75,13:10:00,10749.497671706846,0,48
2018-04-30,10743.75,10748.85,10743.35,10747.35,13:15:00,10748.950274401432,0,49
2018-04-30,10743.7,10746.3,10743.1,10743.65,13:20:00,10748.450248267962,0,50
2018-04-30,10748.25,10749.75,10742.6,10743.95,13:25:00,10748.431177004346,0,51
2018-04-30,10738.0,10748.65,10738.0,10748.15,13:30:00,10747.43773157536,0,52
2018-04-30,10738.75,10741.75,10738.25,10738.45,13:35:00,10746.610328568184,0,53
2018-04-30,10738.8,10740.1,10734.8,10738.65,13:40:00,10745.866487752166,0,54
2018-04-30,10736.8,10740.75,10736.55,10738.75,13:45:00,10745.00301272815,0,55
2018-04-30,10739.05,10740.85,10736.0,10737.0,13:50:00,10744.436059134992,0,56
2018-04-30,10731.5,10740.35,10731.1,10739.15,13:55:00,10743.204053503088,0,57
2018-04-30,10738.55,10741.05,10730.35,10731.0,14:00:00,10742.760810312318,0,58
2018-04-30,10738.1,10739.9,10735.0,10738.5,14:05:00,10742.316923615906,0,59
2018-04-30,10739.95,10744.15,10737.7,10737.9,14:10:00,10742.091502319154,0,60
2018-04-30,10735.8,10741.5,10735.45,10740.05,14:15:00,10741.492311622093,0,61
2018-04-30,10739.55,10740.6,10734.95,10735.9,14:20:00,10741.307329562846,0,62
2018-04-30,10731.5,10740.05,10731.5,10739.75,14:25:00,10740.373298175908,0,63
2018-04-30,10728.85,10730.65,10723.5,10730.65,14:30:00,10739.275841206772,0,64
2018-04-30,10722.75,10730.6,10722.75,10728.5,14:35:00,10737.701951568031,0,65
2018-04-30,10734.95,10735.95,10721.55,10723.0,14:40:00,10737.439860942506,0,66
2018-04-30,10733.05,10736.25,10731.75,10734.75,14:45:00,10737.021778947985,0,67
2018-04-30,10730.9,10734.1,10727.75,10732.85,14:50:00,10736.43875238151,0,68
2018-04-30,10735.45,10738.5,10731.0,10731.0,14:55:00,10736.344585488032,0,69
2018-04-30,10740.25,10744.55,10735.8,10735.8,15:00:00,10736.716529727268,0,70
2018-04-30,10741.6,10745.55,10738.65,10740.65,15:05:00,10737.181622134194,0,71
2018-04-30,10739.1,10742.7,10738.2,10741.85,15:10:00,10737.36432478808,0,72
2018-04-30,10736.75,10739.5,10733.65,10738.65,15:15:00,10737.305817665409,0,73
2018-04-30,10741.7,10742.05,10735.05,10737.05,15:20:00,10737.724311221082,0,74
2018-04-30,10740.9,10745.45,10738.4,10741.95,15:25:00,10738.026757771457,0,75
2018-05-02,10760.95,10784.65,10759.05,10779.65,09:15:00,10740.209923697985,2,1
2018-05-02,10751.5,10761.55,10747.75,10760.6,09:20:00,10741.28516906008,2,2
2018-05-02,10754.0,10754.5,10746.85,10751.45,09:25:00,10742.496105340071,2,3
2018-05-02,10753.65,10760.7,10751.3,10754.45,09:30:00,10743.55838102197,2,4
2018-05-02,10747.85,10755.15,10747.85,10754.2,09:35:00,10743.967106638926,2,5
2018-05-02,10739.3,10748.95,10738.6,10748.4,09:40:00,10743.52262029236,2,6
2018-05-02,10737.6,10740.05,10728.3,10738.9,09:45:00,10742.958561216898,2,7
2018-05-02,10728.8,10738.8,10725.5,10738.15,09:50:00,10741.610126815289,2,8
2018-05-02,10731.55,10734.6,10725.8,10728.75,09:55:00,10740.652019499545,2,9
2018-05-02,10732.35,10732.75,10722.8,10731.6,10:00:00,10739.861350975778,2,10
2018-05-02,10728.35,10733.7,10728.35,10732.25,10:05:00,10738.765031835228,2,11
2018-05-02,10719.1,10728.3,10719.1,10728.3,10:10:00,10736.892171660444,2,12
2018-05-02,10722.7,10724.55,10717.95,10719.65,10:15:00,10735.540536264214,2,13
2018-05-02,10728.0,10728.3,10718.75,10722.75,10:20:00,10734.822389953337,2,14
2018-05-02,10728.65,10730.4,10724.3,10728.35,10:25:00,10734.234543291112,2,15
2018-05-02,10727.3,10729.25,10722.4,10728.6,10:30:00,10733.57411059672,2,16
2018-05-02,10732.15,10733.2,10727.5,10727.5,10:35:00,10733.43848101608,2,17
2018-05-02,10733.45,10734.1,10728.1,10732.6,10:40:00,10733.439578062167,2,18
2018-05-02,10737.85,10738.2,10732.65,10733.55,10:45:00,10733.859618246724,2,19
2018-05-02,10735.2,10738.1,10731.85,10738.1,10:50:00,10733.987273651795,2,20
2018-05-02,10732.05,10736.15,10732.05,10735.55,10:55:00,10733.802771399243,2,21
2018-05-02,10737.0,10739.05,10732.0,10732.25,11:00:00,10734.107269361222,2,22
2018-05-02,10742.45,10745.6,10735.35,10737.1,11:05:00,10734.901815136343,2,23
2018-05-02,10737.7,10742.7,10735.4,10742.25,11:10:00,10735.168308932884,2,24
2018-05-02,10735.1,10739.1,10733.75,10737.85,11:15:00,10735.161803320229,2,25
2018-05-02,10728.9,10735.0,10726.4,10735.0,11:20:00,10734.565441099254,2,26
2018-05-02,10729.9,10732.7,10728.2,10729.15,11:25:00,10734.121113375517,2,27
2018-05-02,10733.3,10734.15,10729.1,10729.5,11:30:00,10734.042912101657,2,28
2018-05-02,10733.6,10735.9,10731.9,10732.9,11:35:00,10734.000729996736,2,29
2018-05-02,10729.05,10735.25,10725.3,10733.75,11:40:00,10733.529231901808,2,30
2018-05-02,10736.8,10736.9,10728.95,10728.95,11:45:00,10733.840733625444,2,31
2018-05-02,10743.35,10746.05,10736.95,10736.95,11:50:00,10734.746378042068,2,32
2018-05-02,10741.0,10743.7,10738.8,10743.3,11:55:00,10735.341961085682,2,33
2018-05-02,10737.4,10742.75,10736.95,10741.35,12:00:00,10735.537964791807,2,34
2018-05-02,10741.25,10744.15,10736.25,10737.75,12:05:00,10736.081968144968,2,35
2018-05-02,10748.5,10748.8,10740.45,10741.5,12:10:00,10737.264637845446,2,36
2018-05-02,10750.1,10750.35,10747.65,10748.65,12:15:00,10738.487053288738,2,37
2018-05-02,10750.35,10751.0,10748.15,10749.75,12:20:00,10739.61685773743,2,38
2018-05-02,10745.55,10752.1,10745.45,10750.25,12:25:00,10740.181918905291,2,39
2018-05-02,10743.3,10745.95,10739.45,10745.95,12:30:00,10740.47887900955,2,40
2018-05-02,10747.9,10749.85,10742.95,10743.7,12:35:00,10741.185652437212,2,41
2018-05-02,10744.65,10749.35,10743.1,10748.6,12:40:00,10741.515590300334,2,42
2018-05-02,10744.65,10746.65,10738.7,10744.5,12:45:00,10741.814105509826,2,43
2018-05-02,10748.5,10749.45,10743.35,10744.4,12:50:00,10742.450857366031,2,44
2018-05-02,10750.7,10751.0,10748.2,10748.35,12:55:00,10743.23648999784,2,45
2018-05-02,10763.9,10764.05,10750.9,10750.9,13:00:00,10745.20444333138,2,46
2018-05-02,10761.4,10766.95,10757.85,10764.8,13:05:00,10746.746877299818,2,47
2018-05-02,10761.95,10767.7,10761.6,10761.7,13:10:00,10748.194793747456,2,48
2018-05-02,10763.0,10763.9,10756.35,10762.25,13:15:00,10749.604813390555,2,49
2018-05-02,10763.2,10764.8,10762.35,10763.1,13:20:00,10750.899593067646,2,50
2018-05-02,10762.55,10765.1,10761.0,10763.5,13:25:00,10752.009155632632,2,51
2018-05-02,10766.3,10766.95,10762.6,10762.65,13:30:00,10753.370188429526,2,52
2018-05-02,10765.3,10769.8,10765.2,10766.45,13:35:00,10754.506360960047,2,53
2018-05-02,10764.05,10767.1,10762.3,10765.75,13:40:00,10755.415278963852,2,54
2018-05-02,10766.15,10767.05,10763.25,10765.25,13:45:00,10756.437633348249,2,55
2018-05-02,10752.1,10768.5,10752.1,10768.25,13:50:00,10756.02452541032,2,56
2018-05-02,10749.85,10754.9,10747.05,10754.75,13:55:00,10755.43647537124,2,57
2018-05-02,10756.0,10756.0,10744.5,10749.45,14:00:00,10755.490144383502,2,58
2018-05-02,10746.7,10756.05,10746.6,10754.9,14:05:00,10754.65298777555,2,59
2018-05-02,10732.75,10747.75,10728.7,10747.7,14:10:00,10752.56698893978,2,60
2018-05-02,10723.85,10736.2,10720.85,10735.75,14:15:00,10749.832037612185,2,61
2018-05-02,10727.15,10731.65,10724.95,10724.95,14:20:00,10747.67184355388,2,62
2018-05-02,10716.25,10728.55,10715.5,10728.15,14:25:00,10744.67928702494,2,63
2018-05-02,10737.2,10738.15,10716.2,10717.4,14:30:00,10743.966973974946,2,64
2018-05-02,10733.85,10740.2,10730.55,10738.0,14:35:00,10743.003452644,2,65
2018-05-02,10723.05,10735.35,10722.85,10734.1,14:40:00,10741.103123820762,2,66
2018-05-02,10696.35,10725.1,10692.65,10723.1,14:45:00,10736.84092155212,2,67
2018-05-02,10709.05,10710.1,10689.8,10695.9,14:50:00,10734.194167118583,2,68
2018-05-02,10711.25,10713.25,10703.1,10708.85,14:55:00,10732.009008345383,2,69
2018-05-02,10718.1,10718.15,10708.4,10711.3,15:00:00,10730.68434088392,2,70
2018-05-02,10715.95,10720.5,10713.9,10718.35,15:05:00,10729.281070323546,2,71
2018-05-02,10724.6,10725.1,10712.25,10715.45,15:10:00,10728.835254102256,2,72
2018-05-02,10725.8,10727.7,10719.95,10724.85,15:15:00,10728.546182282991,2,73
2018-05-02,10720.2,10726.35,10717.05,10726.15,15:20:00,10727.751307779852,2,74
2018-05-02,10716.8,10721.5,10715.75,10720.45,15:25:00,10726.708326086533,2,75
2018-05-03,10700.2,10713.45,10699.4,10713.35,09:15:00,10724.183723602102,3,1
2018-05-03,10704.2,10707.05,10686.55,10699.75,09:20:00,10722.280511830471,3,2
2018-05-03,10696.25,10709.5,10695.95,10703.95,09:25:00,10719.801415465668,3,3
2018-05-03,10684.05,10696.35,10684.05,10696.35,09:30:00,10716.396518754653,3,4
2018-05-03,10687.0,10695.45,10681.1,10683.85,09:35:00,10713.596850301828,3,5
2018-05-03,10682.65,10691.7,10677.2,10687.35,09:40:00,10710.649531225465,3,6
2018-05-03,10694.45,10696.4,10681.35,10682.75,09:45:00,10709.1067187278,3,7
2018-05-03,10690.65,10697.1,10690.65,10694.4,09:50:00,10707.34893599182,3,8
2018-05-03,10684.0,10693.25,10682.15,10690.7,09:55:00,10705.125227802122,3,9
2018-05-03,10689.7,10692.65,10683.05,10684.25,10:00:00,10703.656158487634,3,10
2018-05-03,10684.05,10693.3,10683.6,10690.45,10:05:00,10701.788905298336,3,11
2018-05-03,10677.45,10685.65,10675.75,10684.0,10:10:00,10699.47091431754,3,12
2018-05-03,10669.35,10677.7,10668.1,10677.7,10:15:00,10696.602255811107,3,13
2018-05-03,10666.65,10670.75,10662.6,10668.95,10:20:00,10693.749660019575,3,14
2018-05-03,10669.45,10670.5,10660.9,10666.1,10:25:00,10691.435406684375,3,15
2018-05-03,10660.25,10669.65,10658.9,10669.1,10:30:00,10688.46536795253,3,16
2018-05-03,10664.05,10667.35,10657.15,10659.95,10:35:00,10686.140094814196,3,17
2018-05-03,10662.7,10663.85,10657.6,10663.85,10:40:00,10683.90770483189,3,18
2018-05-03,10666.1,10666.1,10661.7,10662.45,10:45:00,10682.21173294314,3,19
2018-05-03,10671.25,10671.95,10664.1,10665.35,10:50:00,10681.167758377129,3,20
2018-05-03,10671.8,10675.55,10670.0,10671.15,10:55:00,10680.27559091264,3,21
2018-05-03,10668.5,10673.0,10664.65,10671.9,11:00:00,10679.154106063816,3,22
2018-05-03,10658.35,10670.15,10657.35,10667.85,11:05:00,10677.172762629169,3,23
2018-05-03,10651.7,10658.45,10649.3,10658.45,11:10:00,10674.746785235911,3,24
2018-05-03,10653.2,10656.05,10647.45,10651.85,11:15:00,10672.69471045154,3,25
2018-05-03,10655.2,10657.55,10651.6,10652.95,11:20:00,10671.028547551394,3,26
2018-05-03,10657.85,10660.9,10653.75,10655.05,11:25:00,10669.773447784592,3,27
2018-05-03,10660.55,10663.0,10656.65,10657.8,11:30:00,10668.89502418606,3,28
2018-05-03,10664.45,10666.8,10659.65,10660.05,11:35:00,10668.471688549293,3,29
2018-05-03,10664.95,10669.3,10664.4,10664.4,11:40:00,10668.136289639837,3,30
2018-05-03,10660.5,10665.35,10659.15,10665.35,11:45:00,10667.409023959852,3,31
2018-05-03,10661.3,10662.65,10659.0,10660.1,11:50:00,10666.827212154152,3,32
2018-05-03,10662.55,10668.7,10661.05,10661.5,11:55:00,10666.419858615662,3,33
2018-05-03,10662.75,10665.1,10661.15,10661.75,12:00:00,10666.070348271312,3,34
2018-05-03,10656.35,10664.0,10655.4,10662.9,12:05:00,10665.144600816902,3,35
2018-05-03,10659.45,10661.35,10656.45,10656.45,12:10:00,10664.60225788196,3,36
2018-05-03,10663.65,10666.05,10658.55,10659.15,12:15:00,10664.511566655108,3,37
2018-05-03,10661.0,10664.65,10660.2,10664.0,12:20:00,10664.177131735574,3,38
2018-05-03,10666.1,10666.35,10660.95,10661.4,12:25:00,10664.360262046474,3,39
2018-05-03,10669.25,10671.5,10665.8,10666.25,12:30:00,10664.82595137538,3,40
2018-05-03,10676.45,10676.45,10669.1,10669.2,12:35:00,10665.933003625343,3,41
2018-05-03,10675.25,10680.9,10674.95,10676.7,12:40:00,10666.820336613408,3,42
2018-05-03,10682.75,10683.35,10673.25,10675.2,12:45:00,10668.33744741213,3,43
2018-05-03,10676.55,10685.6,10676.3,10683.2,12:50:00,10669.119595277642,3,44
2018-05-03,10678.65,10678.65,10673.65,10676.65,12:55:00,10670.027252870246,3,45
2018-05-03,10687.6,10687.6,10679.05,10679.05,13:00:00,10671.700847834984,3,46
2018-05-03,10683.45,10688.55,10682.45,10688.05,13:05:00,10672.819814707844,3,47
2018-05-03,10680.55,10684.7,10679.0,10684.7,13:10:00,10673.556022830908,3,48
2018-05-03,10691.25,10691.25,10679.45,10680.0,13:15:00,10675.24116351368,3,49
2018-05-03,10693.45,10693.45,10685.5,10691.35,13:20:00,10676.975338417138,3,50
2018-05-03,10706.35,10706.35,10690.4,10692.8,13:25:00,10679.772925234553,3,51
2018-05-03,10693.3,10706.85,10691.15,10706.05,13:30:00,10681.061218069355,3,52
2018-05-03,10695.35,10697.95,10690.65,10694.2,13:35:00,10682.422054443705,3,53
2018-05-03,10694.15,10697.75,10692.65,10696.5,13:40:00,10683.539001639543,3,54
2018-05-03,10695.6,10698.05,10694.55,10696.95,13:45:00,10684.687668150063,3,55
2018-05-03,10693.55,10697.55,10689.3,10696.7,13:50:00,10685.531699754818,3,56
2018-05-03,10691.55,10696.45,10690.7,10693.05,13:55:00,10686.10487120674,3,57
2018-05-03,10698.85,10698.85,10690.05,10693.0,14:00:00,10687.318692996574,3,58
2018-05-03,10700.65,10702.1,10696.05,10698.95,14:05:00,10688.588341282615,3,59
2018-05-03,10700.2,10706.6,10699.65,10701.2,14:10:00,10689.694213541414,3,60
2018-05-03,10699.75,10703.65,10695.85,10702.0,14:15:00,10690.65190748985,3,61
2018-05-03,10702.45,10703.15,10696.7,10701.25,14:20:00,10691.77553534796,3,62
2018-05-03,10706.35,10708.05,10702.8,10703.95,14:25:00,10693.163579600534,3,63
2018-05-03,10683.8,10706.7,10683.8,10706.6,14:30:00,10692.27181011477,3,64
2018-05-03,10685.4,10691.55,10679.8,10684.85,14:35:00,10691.6173520086,3,65
2018-05-03,10691.15,10691.35,10680.85,10686.1,14:40:00,10691.572842293495,3,66
2018-05-03,10698.5,10700.75,10690.05,10690.8,14:45:00,10692.232571598875,3,67
2018-05-03,10701.25,10703.3,10696.7,10698.65,14:50:00,10693.091374303744,3,68
2018-05-03,10695.8,10702.25,10695.3,10701.2,14:55:00,10693.34933865577,3,69
2018-05-03,10684.75,10701.5,10684.35,10696.5,15:00:00,10692.530354021888,3,70
2018-05-03,10686.9,10687.25,10682.0,10684.8,15:05:00,10691.994129829323,3,71
2018-05-03,10675.25,10686.75,10675.1,10686.75,15:10:00,10690.399450797962,3,72
2018-05-03,10676.05,10680.2,10673.85,10675.5,15:15:00,10689.032836436252,3,73
2018-05-03,10670.55,10677.05,10670.3,10675.8,15:20:00,10687.272566299467,3,74
2018-05-03,10668.5,10672.55,10667.05,10670.7,15:25:00,10685.484702842374,3,75
2018-05-04,10655.5,10692.6,10650.6,10692.6,09:15:00,10682.629016857383,4,1
2018-05-04,10653.6,10664.35,10646.05,10655.3,09:20:00,10679.864348585254,4,2
2018-05-04,10659.25,10660.3,10649.1,10653.5,09:25:00,10677.90107729142,4,3
2018-05-04,10652.95,10667.4,10652.95,10658.85,09:30:00,10675.524784216046,4,4
2018-05-04,10647.25,10652.8,10641.9,10652.65,09:35:00,10672.83194762404,4,5
2018-05-04,10652.05,10653.4,10644.7,10647.05,09:40:00,10670.85271451699,4,6
2018-05-04,10641.15,10655.65,10640.0,10651.75,09:45:00,10668.02388456299,4,7
2018-05-04,10635.2,10648.0,10635.2,10641.35,09:50:00,10664.897800318897,4,8
2018-05-04,10642.25,10643.4,10632.95,10634.45,09:55:00,10662.740866955191,4,9
2018-05-04,10639.55,10645.9,10635.6,10642.4,10:00:00,10660.53221295946,4,10
2018-05-04,10641.15,10643.25,10638.4,10639.3,10:05:00,10658.686287915702,4,11
2018-05-04,10641.85,10646.4,10640.05,10641.2,10:10:00,10657.08283192373,4,12
2018-05-04,10645.75,10649.75,10640.75,10642.15,10:15:00,10656.00351459766,4,13
2018-05-04,10644.2,10646.6,10641.35,10645.8,10:20:00,10654.879370350263,4,14
2018-05-04,10640.7,10645.7,10640.7,10644.45,10:25:00,10653.528954126428,4,15
2018-05-04,10638.05,10641.05,10636.55,10641.05,10:30:00,10652.054768019148,4,16
2018-05-04,10638.0,10641.1,10637.3,10638.2,10:35:00,10650.71621868399,4,17
2018-05-04,10637.85,10638.6,10634.45,10638.25,10:40:00,10649.49086452361,4,18
2018-05-04,10633.95,10639.55,10633.3,10638.0,10:45:00,10648.010782188028,4,19
2018-05-04,10636.85,10636.85,10631.85,10633.9,10:50:00,10646.947850551072,4,20
2018-05-04,10636.6,10642.5,10636.05,10636.6,10:55:00,10645.96234097478,4,21
2018-05-04,10636.95,10639.45,10630.1,10636.55,11:00:00,10645.104022786703,4,22
2018-05-04,10643.6,10644.45,10636.2,10637.05,11:05:00,10644.960782521304,4,23
2018-05-04,10641.65,10643.95,10637.65,10643.95,11:10:00,10644.645469900228,4,24
2018-05-04,10642.45,10647.35,10640.95,10641.55,11:15:00,10644.436377528778,4,25
2018-05-04,10642.75,10643.6,10637.95,10642.35,11:20:00,10644.275770145086,4,26
2018-05-04,10639.35,10642.85,10638.4,10642.85,11:25:00,10643.806649178889,4,27
2018-05-04,10634.45,10640.4,10634.2,10639.7,11:30:00,10642.915539733278,4,28
2018-05-04,10631.2,10637.25,10630.8,10634.25,11:35:00,10641.799774044395,4,29
2018-05-04,10621.75,10631.2,10621.3,10631.0,11:40:00,10639.890271754452,4,30
2018-05-04,10624.0,10626.45,10621.8,10621.9,11:45:00,10638.376912539745,4,31
2018-05-04,10616.0,10625.0,10614.65,10623.8,11:50:00,10636.245778012148,4,32
2018-05-04,10620.85,10622.15,10615.3,10615.9,11:55:00,10634.779513439562,4,33
2018-05-04,10619.7,10621.1,10618.3,10620.95,12:00:00,10633.34336930246,4,34
2018-05-04,10619.1,10620.95,10618.6,10619.5,12:05:00,10631.98685794032,4,35
2018-05-04,10626.3,10626.7,10618.85,10619.9,12:10:00,10631.445252422194,4,36
2018-05-04,10633.75,10634.0,10624.75,10626.25,12:15:00,10631.66475219151,4,37
2018-05-04,10630.45,10633.8,10626.6,10633.8,12:20:00,10631.549061506605,4,38
2018-05-04,10627.75,10631.65,10626.85,10630.3,12:25:00,10631.18724612502,4,39
2018-05-04,10628.95,10631.95,10626.25,10627.55,12:30:00,10630.974175065494,4,40
2018-05-04,10629.9,10633.85,10627.85,10628.8,12:35:00,10630.871872678304,4,41
2018-05-04,10628.0,10630.2,10624.25,10629.7,12:40:00,10630.598360994656,4,42
2018-05-04,10626.45,10628.6,10620.65,10627.85,12:45:00,10630.203278995165,4,43
2018-05-04,10624.25,10628.9,10624.25,10626.7,12:50:00,10629.636300043245,4,44
2018-05-04,10621.35,10626.6,10620.1,10624.9,12:55:00,10628.847128610554,4,45
2018-05-04,10616.05,10620.95,10613.55,10620.95,13:00:00,10627.628354457169,4,46
2018-05-04,10615.45,10621.5,10615.45,10617.5,13:05:00,10626.468511175532,4,47
2018-05-04,10615.2,10617.75,10614.0,10617.05,13:10:00,10625.395319635005,4,48
2018-05-04,10623.65,10628.0,10613.8,10616.2,13:15:00,10625.229098717386,4,49
2018-05-04,10626.8,10630.2,10622.8,10624.95,13:20:00,10625.378708363349,4,50
2018-05-04,10626.9,10629.2,10622.3,10628.05,13:25:00,10625.523593281128,4,51
2018-05-04,10630.55,10631.75,10627.05,10627.95,13:30:00,10626.002298682924,4,52
2018-05-04,10623.8,10633.95,10623.55,10631.2,13:35:00,10625.792555951217,4,53
2018-05-04,10627.2,10629.4,10621.15,10625.15,13:40:00,10625.926598241576,4,54
2018-05-04,10630.45,10633.7,10627.55,10628.3,13:45:00,10626.357398409044,4,55
2018-05-04,10629.05,10634.4,10629.05,10632.1,13:50:00,10626.613836655804,4,56
2018-05-04,10629.2,10630.35,10623.35,10630.05,13:55:00,10626.860137926678,4,57
2018-05-04,10630.9,10640.75,10629.5,10631.05,14:00:00,10627.244886695567,4,58
2018-05-04,10620.2,10632.0,10620.15,10631.65,14:05:00,10626.573945105514,4,59
2018-05-04,10620.75,10624.4,10616.05,10621.55,14:10:00,10626.019283666894,4,60
2018-05-04,10624.55,10624.95,10618.45,10622.2,14:15:00,10625.879351889094,4,61
2018-05-04,10623.15,10627.0,10622.15,10626.1,14:20:00,10625.619413613942,4,62
2018-05-04,10618.25,10626.4,10618.15,10625.15,14:25:00,10624.917564698328,4,63
2018-05-04,10623.4,10627.3,10619.55,10620.0,14:30:00,10624.77303472706,4,64
2018-05-04,10616.25,10626.45,10616.25,10624.55,14:35:00,10623.961317134006,4,65
2018-05-04,10608.85,10618.15,10608.6,10618.15,14:40:00,10622.522144073624,4,66
2018-05-04,10616.35,10617.7,10601.6,10611.0,14:45:00,10621.934320828515,4,67
2018-05-04,10616.0,10621.05,10611.3,10616.4,14:50:00,10621.369147416275,4,68
2018-05-04,10622.8,10623.1,10616.65,10616.65,14:55:00,10621.505419090918,4,69
2018-05-04,10620.2,10628.8,10616.9,10623.5,15:00:00,10621.381093463213,4,70
2018-05-04,10622.2,10624.05,10617.7,10621.05,15:05:00,10621.459084561957,4,71
2018-05-04,10617.75,10623.1,10617.45,10622.05,15:10:00,10621.105838413196,4,72
2018-05-04,10620.3,10620.4,10611.3,10617.3,15:15:00,10621.029091897655,4,73
2018-05-04,10616.7,10621.15,10613.05,10620.85,15:20:00,10620.616797431212,4,74
2018-05-04,10614.0,10619.1,10613.35,10617.0,15:25:00,10619.986626247288,4,75
2018-05-07,10653.55,10659.8,10643.2,10652.05,09:15:00,10623.18313803326,0,1
2018-05-07,10649.6,10657.65,10648.35,10653.9,09:20:00,10625.69902964914,0,2
2018-05-07,10651.4,10652.5,10647.85,10649.65,09:25:00,10628.146741111126,0,3
2018-05-07,10646.25,10654.15,10645.15,10651.85,09:30:00,10629.870861005304,0,4
2018-05-07,10645.55,10647.1,10635.65,10646.45,09:35:00,10631.364112338131,0,5
2018-05-07,10642.85,10649.05,10642.05,10645.65,09:40:00,10632.458006401166,0,6
2018-05-07,10644.1,10645.8,10636.5,10643.0,09:45:00,10633.566767696291,0,7
2018-05-07,10645.45,10646.4,10641.2,10644.15,09:50:00,10634.69850410617,0,8
2018-05-07,10647.8,10651.35,10645.0,10645.55,09:55:00,10635.94626561987,0,9
2018-05-07,10652.25,10654.4,10647.2,10647.55,10:00:00,10637.4990022275,0,10
2018-05-07,10644.7,10651.9,10644.2,10651.6,10:05:00,10638.184811539168,0,11
2018-05-07,10644.1,10646.65,10643.55,10644.45,10:10:00,10638.748162821152,0,12
2018-05-07,10649.55,10649.6,10643.5,10644.45,10:15:00,10639.776909219136,0,13
2018-05-07,10652.5,10653.4,10648.85,10649.15,10:20:00,10640.988632150647,0,14
2018-05-07,10649.45,10655.2,10649.05,10652.6,10:25:00,10641.79447670773,0,15
2018-05-07,10655.35,10655.5,10648.65,10649.3,10:30:00,10643.08547892604,0,16
2018-05-07,10653.3,10657.7,10652.7,10655.3,10:35:00,10644.058290456896,0,17
2018-05-07,10655.45,10655.5,10650.3,10653.2,10:40:00,10645.143215175283,0,18
2018-05-07,10654.25,10657.55,10651.05,10655.75,10:45:00,10646.010528015731,0,19
2018-05-07,10653.1,10654.9,10651.4,10654.2,10:50:00,10646.68571582376,0,20
2018-05-07,10653.9,10655.4,10652.45,10653.7,10:55:00,10647.37279050721,0,21
2018-05-07,10653.3,10655.4,10652.05,10653.65,11:00:00,10647.93728664938,0,22
2018-05-07,10656.55,10658.0,10651.8,10653.25,11:05:00,10648.757545063723,0,23
2018-05-07,10659.05,10662.75,10656.5,10656.6,11:10:00,10649.73777886718,0,24
2018-05-07,10657.6,10659.75,10655.6,10659.35,11:15:00,10650.486561832213,0,25
2018-05-07,10656.35,10658.15,10655.4,10657.7,11:20:00,10651.044984514858,0,26
2018-05-07,10654.9,10658.0,10654.0,10656.8,11:25:00,10651.412128846776,0,27
2018-05-07,10654.95,10657.75,10651.9,10655.25,11:30:00,10651.749068956608,0,28
2018-05-07,10654.5,10656.35,10651.6,10655.25,11:35:00,10652.011062389312,0,29
2018-05-07,10654.4,10656.85,10652.55,10654.2,11:40:00,10652.238580256995,0,30
2018-05-07,10655.65,10658.45,10654.15,10654.85,11:45:00,10652.56347737538,0,31
2018-05-07,10653.4,10657.6,10652.55,10655.35,11:50:00,10652.643146196771,0,32
2018-05-07,10650.35,10654.6,10649.0,10653.8,11:55:00,10652.424751320888,0,33
2018-05-07,10655.55,10655.55,10649.65,10650.45,12:00:00,10652.72239405223,0,34
2018-05-07,10659.4,10661.7,10653.8,10655.45,12:05:00,10653.358356523446,0,35
2018-05-07,10661.85,10663.05,10658.4,10660.05,12:10:00,10654.167084473593,0,36
2018-05-07,10664.7,10669.4,10661.8,10662.0,12:15:00,10655.170219285632,0,37
2018-05-07,10668.5,10672.0,10664.3,10664.85,12:20:00,10656.43972221081,0,38
2018-05-07,10666.7,10668.45,10663.65,10668.35,12:25:00,10657.416891524066,0,39
2018-05-07,10668.2,10669.45,10665.05,10666.4,12:30:00,10658.44385423606,0,40
2018-05-07,10667.55,10671.15,10667.2,10668.95,12:35:00,10659.31110621358,0,41
2018-05-07,10670.9,10671.25,10666.6,10668.2,12:40:00,10660.414810383714,0,42
2018-05-07,10676.1,10681.65,10669.0,10670.6,12:45:00,10661.908637966217,0,43
2018-05-07,10679.05,10681.75,10675.4,10676.85,12:50:00,10663.5411486361,0,44
2018-05-07,10674.3,10678.8,10673.6,10678.8,12:55:00,10664.56580114695,0,45
2018-05-07,10674.2,10675.95,10672.4,10675.5,13:00:00,10665.48334389486,0,46
2018-05-07,10682.45,10682.45,10673.75,10674.0,13:05:00,10667.099215904873,0,47
2018-05-07,10683.95,10683.95,10677.6,10681.25,13:10:00,10668.70405248536,0,48
2018-05-07,10683.25,10684.95,10680.3,10682.8,13:15:00,10670.089380820087,0,49
2018-05-07,10679.0,10684.35,10677.5,10682.85,13:20:00,10670.938011218175,0,50
2018-05-07,10681.25,10681.25,10676.45,10679.45,13:25:00,10671.920105387871,0,51
2018-05-07,10679.3,10681.55,10674.35,10681.1,13:30:00,10672.622952493792,0,52
2018-05-07,10678.6,10683.2,10678.45,10679.6,13:35:00,10673.19219511343,0,53
2018-05-07,10678.95,10681.45,10677.5,10678.85,13:40:00,10673.74055748358,0,54
2018-05-07,10683.45,10684.2,10679.15,10680.1,13:45:00,10674.665266294667,0,55
2018-05-07,10683.85,10687.55,10683.05,10684.3,13:50:00,10675.540002838032,0,56
2018-05-07,10682.45,10686.15,10682.1,10685.35,13:55:00,10676.198097805838,0,57
2018-05-07,10690.4,10690.75,10683.2,10684.1,14:00:00,10677.550659919569,0,58
2018-05-07,10693.15,10694.35,10690.1,10691.9,14:05:00,10679.0363113558,0,59
2018-05-07,10689.35,10695.75,10687.6,10693.8,14:10:00,10680.018567417152,0,60
2018-05-07,10694.7,10696.75,10690.4,10690.4,14:15:00,10681.416799091709,0,61
2018-05-07,10696.05,10699.3,10694.05,10696.05,14:20:00,10682.81043727345,0,62
2018-05-07,10699.0,10701.45,10695.5,10696.9,14:25:00,10684.352300390266,0,63
2018-05-07,10695.9,10701.25,10694.3,10700.55,14:30:00,10685.45208130548,0,64
2018-05-07,10702.05,10706.25,10697.0,10697.45,14:35:00,10687.032835466862,0,65
2018-05-07,10714.45,10715.45,10702.45,10703.6,14:40:00,10689.643993993826,0,66
2018-05-07,10710.5,10716.15,10709.45,10714.55,14:45:00,10691.630280280127,0,67
2018-05-07,10718.25,10719.5,10709.85,10711.15,14:50:00,10694.16549168202,0,68
2018-05-07,10710.25,10718.35,10709.9,10718.35,14:55:00,10695.697349617065,0,69
2018-05-07,10705.8,10711.4,10705.7,10711.15,15:00:00,10696.659506796392,0,70
2018-05-07,10711.25,10714.55,10704.9,10706.65,15:05:00,10698.049077577689,0,71
2018-05-07,10713.6,10715.2,10711.7,10712.1,15:10:00,10699.530117808385,0,72
2018-05-07,10715.4,10717.45,10712.5,10713.2,15:15:00,10701.041535159968,0,73
2018-05-07,10718.9,10721.8,10714.5,10715.55,15:20:00,10702.74234133521,0,74
2018-05-07,10722.75,10725.65,10717.55,10718.95,15:25:00,10704.64783263662,0,75
2018-05-08,10728.2,10758.55,10722.15,10752.1,09:15:00,10706.890896195036,1,1
2018-05-08,10740.35,10743.15,10724.05,10728.0,09:20:00,10710.077477509794,1,2
2018-05-08,10736.6,10743.25,10734.5,10741.35,09:25:00,10712.60343203267,1,3
2018-05-08,10736.0,10740.05,10732.45,10736.15,09:30:00,10714.831676600988,1,4
2018-05-08,10728.25,10739.0,10727.55,10735.95,09:35:00,10716.1096121628,1,5
2018-05-08,10726.85,10729.35,10718.65,10727.65,09:40:00,10717.132506242531,1,6
2018-05-08,10719.45,10726.65,10718.35,10726.65,09:45:00,10717.35321993372,1,7
2018-05-08,10716.6,10719.75,10707.55,10719.75,09:50:00,10717.281484701938,1,8
2018-05-08,10728.15,10730.75,10715.85,10715.85,09:55:00,10718.316581396992,1,9
2018-05-08,10725.95,10728.3,10721.15,10727.9,10:00:00,10719.043573644896,1,10
2018-05-08,10728.05,10732.05,10725.35,10726.25,10:05:00,10719.90132853586,1,11
2018-05-08,10727.2,10731.85,10726.25,10728.5,10:10:00,10720.596440103873,1,12
2018-05-08,10733.6,10733.6,10726.45,10727.15,10:15:00,10721.834874379694,1,13
2018-05-08,10731.0,10736.55,10728.45,10733.25,10:20:00,10722.70774348639,1,14
2018-05-08,10730.5,10733.9,10729.1,10731.3,10:25:00,10723.449863154354,1,15
2018-05-08,10736.35,10737.25,10727.8,10730.6,10:30:00,10724.678447615845,1,16
2018-05-08,10737.15,10742.25,10735.85,10735.85,10:35:00,10725.866214509577,1,17
2018-05-08,10742.1,10742.75,10736.2,10737.35,10:40:00,10727.412289318188,1,18
2018-05-08,10738.4,10743.0,10737.4,10742.2,10:45:00,10728.45873795455,1,19
2018-05-08,10734.75,10739.4,10734.45,10738.45,10:50:00,10729.057905768404,1,20
2018-05-08,10733.45,10735.25,10731.7,10734.85,10:55:00,10729.476200457126,1,21
2018-05-08,10735.0,10737.8,10733.45,10733.5,11:00:00,10730.002276604066,1,22
2018-05-08,10732.4,10734.55,10729.4,10734.5,11:05:00,10730.230631213202,1,23
2018-05-08,10733.6,10738.1,10732.0,10732.0,11:10:00,10730.551523478613,1,24
2018-05-08,10738.3,10739.25,10733.3,10734.25,11:15:00,10731.289473623508,1,25
2018-05-08,10734.9,10739.05,10734.7,10738.6,11:20:00,10731.63333327841,1,26
2018-05-08,10736.5,10737.5,10733.1,10735.45,11:25:00,10732.096825347133,1,27
2018-05-08,10737.1,10739.35,10736.15,10736.4,11:30:00,10732.573318171217,1,28
2018-05-08,10738.55,10739.1,10735.85,10737.05,11:35:00,10733.142525964437,1,29
2018-05-08,10736.15,10739.2,10735.3,10738.7,11:40:00,10733.42895206306,1,30
2018-05-08,10739.65,10739.7,10735.45,10735.95,11:45:00,10734.02143281896,1,31
2018-05-08,10739.35,10741.05,10735.95,10739.3,11:50:00,10734.52891540763,1,32
2018-05-08,10737.6,10739.35,10734.95,10739.1,11:55:00,10734.821399654524,1,33
2018-05-08,10737.3,10739.45,10736.7,10737.3,12:00:00,10735.057456830284,1,34
2018-05-08,10733.15,10737.9,10732.8,10737.5,12:05:00,10734.87579427502,1,35
2018-05-08,10733.0,10735.15,10731.85,10733.5,12:10:00,10734.697147201208,1,36
2018-05-08,10735.05,10736.9,10731.0,10733.05,12:15:00,10734.730752229663,1,37
2018-05-08,10735.4,10737.45,10734.4,10734.9,12:20:00,10734.794490112554,1,38
2018-05-08,10735.65,10739.55,10734.7,10735.35,12:25:00,10734.87596724469,1,39
2018-05-08,10731.1,10736.75,10730.65,10735.3,12:30:00,10734.516351316624,1,40
2018-05-08,10728.05,10731.75,10727.2,10730.8,12:35:00,10733.900508334087,1,41
2018-05-08,10728.5,10730.1,10727.3,10728.1,12:40:00,10733.386174207031,1,42
2018-05-08,10727.1,10730.25,10726.1,10728.85,12:45:00,10732.78749094922,1,43
2018-05-08,10725.2,10729.05,10724.45,10726.95,12:50:00,10732.064872763582,1,44
2018-05-08,10707.6,10725.45,10707.2,10724.8,12:55:00,10729.734884881336,1,45
2018-05-08,10701.25,10708.5,10689.4,10707.55,13:00:00,10727.02203870216,1,46
2018-05-08,10705.55,10708.3,10694.5,10700.15,13:05:00,10724.977082635289,1,47
2018-05-08,10704.7,10707.3,10703.45,10705.4,13:10:00,10723.045931908118,1,48
2018-05-08,10711.1,10711.95,10704.15,10704.45,13:15:00,10721.908224107345,1,49
2018-05-08,10707.15,10711.7,10704.95,10711.0,13:20:00,10720.502678954264,1,50
2018-05-08,10711.55,10712.75,10708.0,10709.15,13:25:00,10719.650042863384,1,51
2018-05-08,10708.85,10713.35,10708.75,10711.75,13:30:00,10718.621467352585,1,52
2018-05-08,10702.25,10710.1,10697.35,10708.95,13:35:00,10717.062279985672,1,53
2018-05-08,10706.1,10709.65,10702.05,10702.05,13:40:00,10716.01825332037,1,54
2018-05-08,10705.65,10707.4,10702.65,10706.15,13:45:00,10715.030800623192,1,55
2018-05-08,10708.4,10711.25,10705.75,10705.75,13:50:00,10714.399295801935,1,56
2018-05-08,10707.9,10710.2,10706.8,10708.55,13:55:00,10713.780315249369,1,57
2018-05-08,10719.1,10720.4,10708.05,10708.05,14:00:00,10714.286951892287,1,58
2018-05-08,10718.45,10720.05,10712.85,10718.85,14:05:00,10714.68343266445,1,59
2018-05-08,10717.95,10721.85,10717.95,10718.55,14:10:00,10714.994534315454,1,60
2018-05-08,10714.0,10720.05,10712.7,10718.2,14:15:00,10714.8998167616,1,61
2018-05-08,10717.65,10723.2,10714.05,10714.05,14:20:00,10715.161738974784,1,62
2018-05-08,10717.8,10724.7,10717.8,10717.85,14:25:00,10715.413001929566,1,63
2018-05-08,10709.15,10719.05,10708.75,10719.05,14:30:00,10714.81652555532,1,64
2018-05-08,10711.8,10713.0,10708.75,10709.25,14:35:00,10714.529237407194,1,65
2018-05-08,10714.45,10719.35,10711.95,10711.95,14:40:00,10714.521690987462,1,66
2018-05-08,10710.85,10716.45,10706.65,10714.35,14:45:00,10714.172006131514,1,67
2018-05-08,10716.05,10718.05,10710.8,10710.8,14:50:00,10714.35086269042,1,68
2018-05-08,10720.45,10722.4,10715.95,10715.95,14:55:00,10714.93173291038,1,69
2018-05-08,10719.35,10724.45,10713.85,10720.1,15:00:00,10715.352520252249,1,70
2018-05-08,10719.3,10722.0,10717.9,10719.5,15:05:00,10715.728470704416,1,71
2018-05-08,10714.9,10720.7,10713.0,10719.05,15:10:00,10715.649568732566,1,72
2018-05-08,10717.95,10718.15,10712.85,10715.45,15:15:00,10715.868657424702,1,73
2018-05-08,10717.75,10720.1,10715.5,10717.55,15:20:00,10716.047832908063,1,74
2018-05-08,10714.3,10718.15,10709.4,10717.4,15:25:00,10715.881372631104,1,75
2018-05-09,10710.95,10711.6,10689.85,10691.75,09:15:00,10715.411718094809,2,1
2018-05-09,10711.05,10712.3,10703.7,10711.0,09:20:00,10714.996316371497,2,2
2018-05-09,10710.25,10715.45,10708.6,10711.8,09:25:00,10714.544286240876,2,3
2018-05-09,10719.55,10722.05,10709.3,10710.55,09:30:00,10715.021020884602,2,4
2018-05-09,10723.0,10726.1,10717.95,10719.35,09:35:00,10715.780923657498,2,5
2018-05-09,10719.8,10723.85,10714.75,10723.3,09:40:00,10716.163692832974,2,6
2018-05-09,10717.55,10723.25,10716.9,10719.85,09:45:00,10716.295722086976,2,7
2018-05-09,10721.65,10721.95,10715.65,10717.2,09:50:00,10716.805653316787,2,8
2018-05-09,10716.6,10722.6,10714.2,10721.9,09:55:00,10716.786067286615,2,9
2018-05-09,10722.75,10723.15,10716.5,10716.75,10:00:00,10717.354060878368,2,10
2018-05-09,10717.95,10723.3,10717.1,10722.8,10:05:00,10717.41081698519,2,11
2018-05-09,10713.9,10718.4,10713.65,10718.15,10:10:00,10717.07645346279,2,12
2018-05-09,10709.05,10714.3,10709.05,10713.95,10:15:00,10716.312029323475,2,13
2018-05-09,10708.85,10710.65,10706.7,10708.9,10:20:00,10715.601359864098,2,14
2018-05-09,10705.3,10709.8,10702.45,10708.6,10:25:00,10714.62027797228,2,15
2018-05-09,10713.9,10713.9,10704.9,10705.2,10:30:00,10714.551680070155,2,16
2018-05-09,10715.0,10718.5,10711.5,10714.05,10:35:00,10714.594377206333,2,17
2018-05-09,10720.8,10723.1,10715.25,10715.45,10:40:00,10715.185388900967,2,18
2018-05-09,10722.8,10723.25,10718.85,10720.85,10:45:00,10715.91058995802,2,19
2018-05-09,10724.0,10726.65,10722.75,10723.0,10:50:00,10716.681009962018,2,20
2018-05-09,10725.9,10728.85,10723.9,10724.1,10:55:00,10717.559009013254,2,21
2018-05-09,10724.8,10727.45,10722.6,10726.2,11:00:00,10718.248627202467,2,22
2018-05-09,10732.85,10733.55,10723.85,10724.85,11:05:00,10719.639234135564,2,23
2018-05-09,10730.05,10734.1,10729.0,10732.9,11:10:00,10720.630735646462,2,24
2018-05-09,10727.65,10731.3,10726.8,10729.65,11:15:00,10721.299237013463,2,25
2018-05-09,10723.7,10727.55,10722.45,10727.4,11:20:00,10721.52788110742,2,26
2018-05-09,10722.05,10724.5,10721.75,10723.5,11:25:00,10721.577606716235,2,27
2018-05-09,10721.2,10722.35,10718.45,10721.9,11:30:00,10721.541644171832,2,28
2018-05-09,10726.95,10728.55,10720.7,10721.05,11:35:00,10722.056725679278,2,29
2018-05-09,10725.9,10727.55,10722.6,10727.4,11:40:00,10722.42275180506,2,30
2018-05-09,10724.45,10726.25,10722.7,10726.2,11:45:00,10722.615823061722,2,31
2018-05-09,10722.65,10727.05,10721.55,10724.55,11:50:00,10722.619078008223,2,32
2018-05-09,10722.0,10725.0,10721.75,10722.75,11:55:00,10722.560118197918,2,33
2018-05-09,10726.35,10728.95,10720.95,10721.8,12:00:00,10722.921059321923,2,34
2018-05-09,10726.65,10727.9,10722.8,10725.95,12:05:00,10723.27619652936,2,35
2018-05-09,10729.3,10729.4,10725.15,10726.3,12:10:00,10723.849892097996,2,36
2018-05-09,10729.3,10731.15,10727.45,10729.85,12:15:00,10724.368949993424,2,37
2018-05-09,10729.6,10732.15,10728.85,10729.4,12:20:00,10724.867145232149,2,38
2018-05-09,10726.45,10729.95,10725.8,10729.5,12:25:00,10725.017893305278,2,39
2018-05-09,10730.3,10731.35,10725.25,10726.35,12:30:00,10725.520951085726,2,40
2018-05-09,10738.8,10739.6,10730.8,10732.0,12:35:00,10726.785622410896,2,41
2018-05-09,10735.6,10740.55,10735.45,10740.25,12:40:00,10727.62508694319,2,42
2018-05-09,10734.65,10738.0,10734.25,10737.1,12:45:00,10728.294126281931,2,43
2018-05-09,10737.35,10738.6,10731.1,10736.75,12:50:00,10729.156590445558,2,44
2018-05-09,10736.7,10740.15,10736.3,10739.25,12:55:00,10729.875010403124,2,45
2018-05-09,10743.6,10744.0,10736.25,10738.5,13:00:00,10731.182152269494,2,46
2018-05-09,10754.7,10756.85,10741.15,10745.9,13:05:00,10733.421947291446,2,47
2018-05-09,10756.4,10757.6,10751.1,10757.0,13:10:00,10735.610333263689,2,48
2018-05-09,10759.0,10760.5,10753.9,10758.6,13:15:00,10737.837920571908,2,49
2018-05-09,10763.05,10765.15,10757.05,10761.25,13:20:00,10740.23907099363,2,50
2018-05-09,10755.8,10766.25,10754.95,10766.25,13:25:00,10741.721064232332,2,51
2018-05-09,10755.9,10760.6,10755.35,10756.9,13:30:00,10743.071439067347,2,52
2018-05-09,10754.75,10757.85,10752.55,10757.85,13:35:00,10744.183682965697,2,53
2018-05-09,10745.85,10756.3,10745.5,10756.3,13:40:00,10744.342379826105,2,54
2018-05-09,10751.75,10754.6,10745.95,10747.1,13:45:00,10745.047867461712,2,55
2018-05-09,10757.1,10758.1,10752.0,10753.25,13:50:00,10746.195689608216,2,56
2018-05-09,10757.35,10759.0,10755.1,10758.55,13:55:00,10747.258004883624,2,57
2018-05-09,10750.6,10758.2,10750.0,10758.2,14:00:00,10747.576290132803,2,58
2018-05-09,10751.75,10752.0,10746.7,10752.0,14:05:00,10747.973786310631,2,59
2018-05-09,10754.8,10755.55,10749.45,10754.2,14:10:00,10748.623901900097,2,60
2018-05-09,10754.45,10756.45,10749.75,10756.45,14:15:00,10749.178768385802,2,61
2018-05-09,10751.8,10758.2,10751.25,10754.7,14:20:00,10749.428409491917,2,62
2018-05-09,10749.9,10751.65,10745.8,10751.3,14:25:00,10749.47332287364,2,63
2018-05-09,10751.65,10755.85,10749.45,10749.6,14:30:00,10749.680625457102,2,64
2018-05-09,10747.7,10752.65,10747.7,10751.55,14:35:00,10749.491994461188,2,65
2018-05-09,10749.35,10749.7,10746.2,10747.65,14:40:00,10749.47847117917,2,66
2018-05-09,10744.25,10751.65,10743.6,10749.45,14:45:00,10748.98052154306,2,67
2018-05-09,10745.5,10747.1,10743.9,10743.9,14:50:00,10748.649043300862,2,68
2018-05-09,10739.3,10748.45,10739.3,10745.6,14:55:00,10747.75865822459,2,69
2018-05-09,10735.1,10740.55,10732.65,10740.4,15:00:00,10746.553071727009,2,70
2018-05-09,10739.15,10740.25,10734.75,10734.75,15:05:00,10745.848017276818,2,71
2018-05-09,10746.4,10747.35,10738.85,10739.85,15:10:00,10745.900587059978,2,72
2018-05-09,10742.0,10746.8,10739.8,10746.8,15:15:00,10745.529102578075,2,73
2018-05-09,10742.8,10746.15,10740.6,10742.15,15:20:00,10745.26918804683,2,74
2018-05-09,10747.55,10751.65,10742.0,10743.35,15:25:00,10745.486408232848,2,75
2018-05-10,10770.95,10780.9,10770.75,10774.25,09:15:00,10747.91151221067,3,1
2018-05-10,10782.55,10785.55,10767.85,10772.5,09:20:00,10751.210415809654,3,2
2018-05-10,10770.75,10785.0,10769.5,10782.15,09:25:00,10753.071328589684,3,3
2018-05-10,10771.1,10774.5,10763.8,10770.45,09:30:00,10754.788344914476,3,4
2018-05-10,10766.6,10774.15,10765.35,10770.3,09:35:00,10755.91326444643,3,5
2018-05-10,10771.55,10771.6,10764.1,10766.65,09:40:00,10757.402477356294,3,6
2018-05-10,10774.2,10774.65,10770.8,10771.6,09:45:00,10759.0022414176,3,7
2018-05-10,10769.9,10774.5,10768.55,10774.3,09:50:00,10760.040123187351,3,8
2018-05-10,10768.1,10772.2,10766.8,10770.45,09:55:00,10760.807730502842,3,9
2018-05-10,10757.0,10769.0,10755.4,10768.0,10:00:00,10760.445089502571,3,10
2018-05-10,10753.5,10757.15,10751.65,10757.15,10:05:00,10759.783652407088,3,11
2018-05-10,10762.0,10762.45,10748.55,10753.55,10:10:00,10759.994733130225,3,12
2018-05-10,10756.35,10763.85,10753.2,10762.55,10:15:00,10759.64761568925,3,13
2018-05-10,10754.5,10757.75,10751.85,10756.4,10:20:00,10759.157366575988,3,14
2018-05-10,10748.7,10754.65,10746.35,10754.45,10:25:00,10758.161426902085,3,15
2018-05-10,10752.25,10754.15,10748.65,10748.8,10:30:00,10757.598433863788,3,16
2018-05-10,10750.95,10754.4,10750.85,10752.6,10:35:00,10756.965249686284,3,17
2018-05-10,10743.95,10751.4,10742.05,10751.4,10:40:00,10755.725702097114,3,18
2018-05-10,10736.1,10744.6,10734.7,10743.9,10:45:00,10753.856587611675,3,19
2018-05-10,10740.0,10740.0,10731.45,10736.75,10:50:00,10752.53691260104,3,20
2018-05-10,10741.75,10743.05,10739.6,10740.1,10:55:00,10751.509587591416,3,21
2018-05-10,10734.3,10742.65,10733.95,10742.1,11:00:00,10749.870579249377,3,22
2018-05-10,10739.85,10740.75,10733.55,10734.45,11:05:00,10748.916238368482,3,23
2018-05-10,10745.75,10746.05,10738.7,10739.95,11:10:00,10748.614691857198,3,24
2018-05-10,10747.0,10750.35,10745.2,10745.9,11:15:00,10748.460911680322,3,25
2018-05-10,10743.25,10747.8,10742.65,10746.65,11:20:00,10747.964634377431,3,26
2018-05-10,10745.2,10745.55,10739.05,10743.35,11:25:00,10747.701335865297,3,27
2018-05-10,10738.5,10745.4,10738.5,10745.1,11:30:00,10746.82501816384,3,28
2018-05-10,10743.65,10744.0,10737.7,10738.75,11:35:00,10746.52263548157,3,29
2018-05-10,10744.6,10745.05,10739.95,10743.7,11:40:00,10746.339527340468,3,30
2018-05-10,10747.25,10749.35,10744.1,10744.75,11:45:00,10746.426239022328,3,31
2018-05-10,10753.05,10753.9,10746.85,10747.2,11:50:00,10747.057073401153,3,32
2018-05-10,10750.35,10754.9,10748.55,10753.45,11:55:00,10747.370685458189,3,33
2018-05-10,10747.65,10751.95,10747.05,10750.4,12:00:00,10747.397286843125,3,34
2018-05-10,10743.35,10747.8,10741.95,10747.5,12:05:00,10747.0118309533,3,35
2018-05-10,10740.95,10743.3,10740.8,10742.8,12:10:00,10746.434513719654,3,36
2018-05-10,10737.1,10740.85,10735.45,10740.8,12:15:00,10745.54551241302,3,37
2018-05-10,10740.95,10740.95,10735.55,10736.6,12:20:00,10745.10784456416,3,38
2018-05-10,10736.55,10741.65,10735.25,10740.5,12:25:00,10744.292811748526,3,39
2018-05-10,10734.5,10737.3,10734.5,10736.0,12:30:00,10743.360163010571,3,40
2018-05-10,10728.2,10734.65,10725.9,10734.25,12:35:00,10741.916337961946,3,41
2018-05-10,10728.9,10734.6,10728.15,10729.15,12:40:00,10740.676686727476,3,42
2018-05-10,10733.15,10737.3,10728.8,10729.95,12:45:00,10739.959859420096,3,43
2018-05-10,10729.55,10735.65,10728.9,10733.65,12:50:00,10738.96844423723,3,44
2018-05-10,10718.8,10730.7,10717.7,10730.7,12:55:00,10737.047640024162,3,45
2018-05-10,10710.9,10722.65,10708.1,10719.6,13:00:00,10734.55738859329,3,46
2018-05-10,10715.45,10718.55,10709.2,10711.45,13:05:00,10732.737637298693,3,47
2018-05-10,10714.1,10719.0,10708.65,10716.6,13:10:00,10730.962624222626,3,48
2018-05-10,10724.4,10725.35,10713.5,10715.4,13:15:00,10730.3376123919,3,49
2018-05-10,10720.1,10728.05,10719.25,10725.8,13:20:00,10729.362601687912,3,50
2018-05-10,10722.35,10726.0,10721.6,10721.6,13:25:00,10728.69473486049,3,51
2018-05-10,10724.3,10727.15,10720.6,10723.7,13:30:00,10728.2761886833,3,52
2018-05-10,10734.9,10737.45,10724.9,10724.9,13:35:00,10728.90702785632,3,53
2018-05-10,10731.25,10737.45,10730.85,10735.8,13:40:00,10729.13016806048,3,54
2018-05-10,10739.15,10740.85,10730.1,10732.15,13:45:00,10730.084437769006,3,55
2018-05-10,10737.75,10745.5,10737.0,10740.35,13:50:00,10730.814491314815,3,56
2018-05-10,10737.95,10739.95,10735.75,10738.75,13:55:00,10731.494063570546,3,57
2018-05-10,10729.2,10738.85,10727.15,10738.55,14:00:00,10731.275581325734,3,58
2018-05-10,10732.0,10732.6,10728.65,10730.65,14:05:00,10731.344573580423,3,59
2018-05-10,10738.35,10740.25,10732.45,10733.7,14:10:00,10732.011757048956,3,60
2018-05-10,10735.55,10739.7,10733.95,10739.5,14:15:00,10732.348732568104,3,61
2018-05-10,10736.5,10738.65,10734.4,10737.6,14:20:00,10732.744091371142,3,62
2018-05-10,10741.55,10741.6,10733.65,10737.95,14:25:00,10733.582749335796,3,63
2018-05-10,10744.3,10748.7,10742.5,10742.7,14:30:00,10734.603439875244,3,64
2018-05-10,10741.85,10745.2,10738.75,10744.15,14:35:00,10735.293588458551,3,65
2018-05-10,10736.5,10743.3,10736.5,10742.45,14:40:00,10735.408484795831,3,66
2018-05-10,10739.0,10740.2,10734.9,10736.75,14:45:00,10735.750533862896,3,67
2018-05-10,10738.75,10740.3,10737.8,10739.2,14:50:00,10736.036197304526,3,68
2018-05-10,10733.6,10738.85,10733.25,10738.85,14:55:00,10735.80417851362,3,69
2018-05-10,10719.6,10733.8,10714.4,10733.8,15:00:00,10734.260923417083,3,70
2018-05-10,10716.3,10721.8,10714.85,10719.35,15:05:00,10732.550359282124,3,71
2018-05-10,10711.95,10717.7,10710.6,10716.35,15:10:00,10730.588420302873,3,72
2018-05-10,10714.65,10714.75,10705.0,10711.8,15:15:00,10729.070475512122,3,73
2018-05-10,10715.35,10717.2,10712.9,10714.7,15:20:00,10727.763763558589,3,74
2018-05-10,10710.05,10717.65,10710.05,10716.4,15:25:00,10726.076738457768,3,75
2018-05-11,10750.05,10762.5,10738.9,10738.9,09:15:00,10728.359906223694,4,1
2018-05-11,10734.55,10751.15,10734.1,10749.95,09:20:00,10728.949438964297,4,2
2018-05-11,10737.9,10745.75,10734.85,10734.85,09:25:00,10729.801873348648,4,3
2018-05-11,10737.4,10744.45,10734.45,10738.55,09:30:00,10730.5255044583,4,4
2018-05-11,10725.2,10739.25,10724.45,10737.6,09:35:00,10730.018313557512,4,5
2018-05-11,10728.05,10732.45,10724.9,10725.45,09:40:00,10729.830855123464,4,6
2018-05-11,10738.2,10742.1,10726.5,10728.15,09:45:00,10730.627916540278,4,7
2018-05-11,10740.9,10741.95,10734.3,10738.45,09:50:00,10731.606210203106,4,8
2018-05-11,10744.45,10744.8,10740.6,10741.15,09:55:00,10732.829428279,4,9
2018-05-11,10749.8,10750.0,10743.05,10744.6,10:00:00,10734.44567320481,4,10
2018-05-11,10748.85,10751.7,10746.0,10749.95,10:05:00,10735.817513851973,4,11
2018-05-11,10744.75,10749.05,10741.2,10749.05,10:10:00,10736.668226818449,4,12
2018-05-11,10750.1,10752.15,10742.25,10744.65,10:15:00,10737.94744331193,4,13
2018-05-11,10748.85,10751.0,10746.05,10750.0,10:20:00,10738.985782044128,4,14
2018-05-11,10748.45,10750.55,10746.0,10749.35,10:25:00,10739.887136135165,4,15
2018-05-11,10748.2,10750.95,10744.75,10748.9,10:30:00,10740.678837455624,4,16
2018-05-11,10751.0,10753.45,10747.9,10748.25,10:35:00,10741.661805316991,4,17
2018-05-11,10757.85,10758.6,10750.75,10750.75,10:40:00,10743.203538143944,4,18
2018-05-11,10759.65,10762.55,10755.55,10758.05,10:45:00,10744.769867844523,4,19
2018-05-11,10756.65,10762.8,10756.0,10759.4,10:50:00,10745.901309002187,4,20
2018-05-11,10754.55,10756.15,10750.2,10756.0,10:55:00,10746.72499385912,4,21
2018-05-11,10755.85,10759.2,10754.3,10754.35,11:00:00,10747.594042063014,4,22
2018-05-11,10756.0,10758.65,10755.0,10756.25,11:05:00,10748.394609485584,4,23
2018-05-11,10756.65,10756.65,10753.35,10755.9,11:10:00,10749.180837153624,4,24
2018-05-11,10757.9,10758.65,10755.05,10756.3,11:15:00,10750.011233615183,4,25
2018-05-11,10754.05,10759.0,10753.8,10757.85,11:20:00,10750.395878032785,4,26
2018-05-11,10751.95,10755.25,10749.75,10753.75,11:25:00,10750.54388964871,4,27
2018-05-11,10755.85,10755.85,10748.75,10752.25,11:30:00,10751.04923349169,4,28
2018-05-11,10754.45,10756.0,10751.95,10755.7,11:35:00,10751.373116016292,4,29
2018-05-11,10753.05,10755.5,10752.4,10754.7,11:40:00,10751.532819252836,4,30
2018-05-11,10754.2,10755.65,10752.55,10753.1,11:45:00,10751.786836466852,4,31
2018-05-11,10755.15,10756.05,10751.05,10754.4,11:50:00,10752.107137755722,4,32
2018-05-11,10749.55,10755.55,10749.2,10755.35,11:55:00,10751.863600826606,4,33
2018-05-11,10750.95,10751.85,10747.75,10749.4,12:00:00,10751.776591224072,4,34
2018-05-11,10746.85,10751.4,10746.55,10751.4,12:05:00,10751.307392059874,4,35
2018-05-11,10752.3,10752.3,10746.6,10746.6,12:10:00,10751.40192614941,4,36
2018-05-11,10753.95,10754.1,10750.95,10751.45,12:15:00,10751.644599849467,4,37
2018-05-11,10753.35,10754.7,10752.3,10753.7,12:20:00,10751.807018911422,4,38
2018-05-11,10753.6,10756.7,10752.7,10753.1,12:25:00,10751.977779015097,4,39
2018-05-11,10753.0,10755.0,10752.05,10753.4,12:30:00,10752.075133394612,4,40
2018-05-11,10752.7,10756.0,10752.3,10753.05,12:35:00,10752.134644499884,4,41
2018-05-11,10755.3,10755.5,10751.6,10753.0,12:40:00,10752.436106928468,4,42
2018-05-11,10758.35,10758.7,10754.2,10755.25,12:45:00,10752.999334840042,4,43
2018-05-11,10754.9,10761.45,10754.7,10757.85,12:50:00,10753.180350569564,4,44
2018-05-11,10755.45,10756.05,10754.25,10754.75,12:55:00,10753.396507658175,4,45
2018-05-11,10756.3,10758.25,10752.9,10755.05,13:00:00,10753.67303073835,4,46
2018-05-11,10746.25,10757.45,10744.55,10756.35,13:05:00,10752.966075429937,4,47
2018-05-11,10748.7,10750.75,10742.15,10746.3,13:10:00,10752.559782531847,4,48
2018-05-11,10751.4,10753.75,10748.65,10748.65,13:15:00,10752.449327052624,4,49
2018-05-11,10756.0,10757.15,10745.55,10753.6,13:20:00,10752.787486380948,4,50
2018-05-11,10755.1,10759.05,10751.9,10756.75,13:25:00,10753.007725773236,4,51
2018-05-11,10753.9,10759.1,10752.8,10757.45,13:30:00,10753.092704271025,4,52
2018-05-11,10755.95,10758.9,10754.05,10756.4,13:35:00,10753.364827673782,4,53
2018-05-11,10759.6,10761.7,10754.0,10758.65,13:40:00,10753.958653609612,4,54
2018-05-11,10759.8,10766.35,10759.35,10761.8,13:45:00,10754.514972313458,4,55
2018-05-11,10756.3,10765.5,10755.75,10762.5,13:50:00,10754.68497495027,4,56
2018-05-11,10759.0,10764.0,10755.65,10759.45,13:55:00,10755.095929716912,4,57
2018-05-11,10762.65,10768.5,10757.55,10759.9,14:00:00,10755.815364981969,4,58
2018-05-11,10768.0,10773.0,10762.7,10766.3,14:05:00,10756.975806412258,4,59
2018-05-11,10768.9,10773.3,10766.05,10769.85,14:10:00,10758.111443896803,4,60
2018-05-11,10769.1,10777.9,10758.15,10771.15,14:15:00,10759.15797304949,4,61
2018-05-11,10766.7,10771.85,10765.95,10770.05,14:20:00,10759.876261330492,4,62
2018-05-11,10775.55,10776.85,10768.2,10769.4,14:25:00,10761.368998346636,4,63
2018-05-11,10776.9,10780.6,10774.25,10777.8,14:30:00,10762.848141361244,4,64
2018-05-11,10776.15,10783.05,10774.3,10779.0,14:35:00,10764.114985041124,4,65
2018-05-11,10776.5,10779.9,10772.8,10777.7,14:40:00,10765.294510275304,4,66
2018-05-11,10782.35,10783.9,10776.1,10779.1,14:45:00,10766.918842630035,4,67
2018-05-11,10793.2,10796.65,10785.0,10785.0,14:50:00,10769.421809998605,4,68
2018-05-11,10795.05,10800.1,10793.05,10795.25,14:55:00,10771.862589998738,4,69
2018-05-11,10809.5,10809.8,10796.6,10797.4,15:00:00,10775.447105236954,4,70
2018-05-11,10805.8,10812.05,10804.95,10811.1,15:05:00,10778.337857119148,4,71
2018-05-11,10802.65,10809.15,10801.95,10807.6,15:10:00,10780.653299298276,4,72
2018-05-11,10808.05,10809.05,10802.9,10803.2,15:15:00,10783.262508888916,4,73
2018-05-11,10807.4,10810.55,10806.0,10808.2,15:20:00,10785.561317566162,4,74
2018-05-11,10795.1,10807.75,10795.1,10807.2,15:25:00,10786.469763512245,4,75
2018-05-14,10816.2,10826.8,10801.5,10811.95,09:15:00,10789.301214606316,0,1
2018-05-14,10816.8,10819.55,10810.15,10816.15,09:20:00,10791.920146548571,0,2
2018-05-14,10822.05,10822.05,10814.5,10816.5,09:25:00,10794.789656401088,0,3
2018-05-14,10818.85,10823.4,10817.65,10821.55,09:30:00,10797.081117696223,0,4
2018-05-14,10821.9,10822.25,10818.3,10818.9,09:35:00,10799.444820772773,0,5
2018-05-14,10826.95,10827.65,10819.7,10822.0,09:40:00,10802.064361651555,0,6
2018-05-14,10821.85,10827.25,10820.2,10826.9,09:45:00,10803.948708160931,0,7
2018-05-14,10829.4,10830.75,10820.75,10822.05,09:50:00,10806.372640717032,0,8
2018-05-14,10829.55,10831.05,10826.85,10829.8,09:55:00,10808.58000826779,0,9
2018-05-14,10826.9,10831.8,10825.55,10829.85,10:00:00,10810.324769385144,0,10
2018-05-14,10822.35,10826.2,10820.9,10825.9,10:05:00,10811.470029443704,0,11
2018-05-14,10828.1,10829.9,10822.25,10822.5,10:10:00,10813.05383616335,0,12
2018-05-14,10821.75,10829.8,10820.3,10827.65,10:15:00,10813.88204224303,0,13
2018-05-14,10828.05,10828.45,10819.85,10821.9,10:20:00,10815.231371553218,0,14
2018-05-14,10829.5,10829.85,10826.2,10828.0,10:25:00,10816.59028854815,0,15
2018-05-14,10827.85,10834.85,10827.4,10829.2,10:30:00,10817.662642019755,0,16
2018-05-14,10821.95,10828.4,10821.1,10828.4,10:35:00,10818.070961827398,0,17
2018-05-14,10824.55,10826.4,10819.2,10821.9,10:40:00,10818.68801308193,0,18
2018-05-14,10829.45,10830.85,10824.2,10825.15,10:45:00,10819.712964216984,0,19
2018-05-14,10827.6,10830.2,10827.05,10829.05,10:50:00,10820.464110482031,0,20
2018-05-14,10819.95,10827.65,10818.9,10827.65,10:55:00,10820.415147578982,0,21
2018-05-14,10823.3,10824.8,10818.0,10820.15,11:00:00,10820.689895428604,0,22
2018-05-14,10821.85,10825.35,10821.85,10823.15,11:05:00,10820.80038157826,0,23
2018-05-14,10822.85,10825.3,10820.0,10822.25,11:10:00,10820.995583332711,0,24
2018-05-14,10823.75,10826.4,10818.65,10822.25,11:15:00,10821.257908729596,0,25
2018-05-14,10823.2,10824.25,10821.3,10824.1,11:20:00,10821.442869802968,0,26
2018-05-14,10818.35,10823.3,10818.15,10823.3,11:25:00,10821.148310774117,0,27
2018-05-14,10810.05,10819.25,10808.8,10818.4,11:30:00,10820.091328795628,0,28
2018-05-14,10797.35,10813.45,10796.7,10811.2,11:35:00,10817.92548795795,0,29
2018-05-14,10804.3,10805.95,10796.55,10797.7,11:40:00,10816.627822438146,0,30
2018-05-14,10810.35,10811.0,10799.3,10804.15,11:45:00,10816.029934586895,0,31
2018-05-14,10805.65,10811.05,10803.95,10810.6,11:50:00,10815.041369388144,0,32
2018-05-14,10805.75,10806.0,10802.55,10805.7,11:55:00,10814.156477065464,0,33
2018-05-14,10802.15,10806.2,10801.9,10805.8,12:00:00,10813.01300305923,0,34
2018-05-14,10797.45,10802.35,10797.05,10802.35,12:05:00,10811.530812291683,0,35
2018-05-14,10790.35,10798.35,10789.15,10797.7,12:10:00,10809.513592073428,0,36
2018-05-14,10790.55,10790.95,10783.65,10790.25,12:15:00,10807.707535685482,0,37
2018-05-14,10791.55,10796.9,10790.85,10790.85,12:20:00,10806.168722763055,0,38
2018-05-14,10790.15,10795.5,10789.95,10791.3,12:25:00,10804.643130118957,0,39
2018-05-14,10790.2,10790.9,10786.5,10790.05,12:30:00,10803.26759391715,0,40
2018-05-14,10795.9,10802.8,10789.05,10790.4,12:35:00,10802.565918305992,0,41
2018-05-14,10798.75,10800.5,10795.05,10795.65,12:40:00,10802.202497514949,0,42
2018-05-14,10797.7,10802.15,10796.9,10798.95,12:45:00,10801.77368822781,0,43
2018-05-14,10792.95,10798.9,10792.65,10797.9,12:50:00,10800.933336968015,0,44
2018-05-14,10794.4,10794.55,10788.9,10792.85,12:55:00,10800.311114399634,0,45
2018-05-14,10792.05,10796.85,10791.25,10794.25,13:00:00,10799.52434159967,0,46
2018-05-14,10791.1,10793.7,10790.25,10792.0,13:05:00,10798.722023352084,0,47
2018-05-14,10790.05,10791.75,10788.35,10791.0,13:10:00,10797.896116366172,0,48
2018-05-14,10785.5,10790.25,10784.7,10790.25,13:15:00,10796.71553385511,0,49
2018-05-14,10784.55,10789.35,10784.4,10785.2,13:20:00,10795.556911583197,0,50
2018-05-14,10779.55,10785.75,10777.75,10785.1,13:25:00,10794.032443813368,0,51
2018-05-14,10777.7,10782.1,10776.8,10779.4,13:30:00,10792.476972974,0,52
2018-05-14,10782.7,10782.85,10774.75,10777.45,13:35:00,10791.54583269076,0,53
2018-05-14,10784.2,10785.6,10781.1,10782.5,13:40:00,10790.846229577355,0,54
2018-05-14,10784.7,10785.3,10778.25,10783.5,13:45:00,10790.260874379514,0,55
2018-05-14,10782.5,10789.2,10781.05,10784.3,13:50:00,10789.521743486226,0,56
2018-05-14,10782.6,10786.85,10781.15,10782.75,13:55:00,10788.86252982087,0,57
2018-05-14,10784.7,10787.3,10783.35,10783.5,14:00:00,10788.46609840936,0,58
2018-05-14,10789.65,10790.1,10782.9,10784.85,14:05:00,10788.578850941802,0,59
2018-05-14,10784.2,10791.15,10784.15,10789.95,14:10:00,10788.161817518772,0,60
2018-05-14,10785.0,10785.95,10781.45,10784.1,14:15:00,10787.860692040796,0,61
2018-05-14,10781.75,10786.5,10781.45,10784.8,14:20:00,10787.278721370243,0,62
2018-05-14,10778.7,10782.1,10776.45,10782.0,14:25:00,10786.461700287362,0,63
2018-05-14,10797.2,10797.45,10777.7,10779.0,14:30:00,10787.48439549809,0,64
2018-05-14,10794.45,10797.6,10791.9,10797.45,14:35:00,10788.147786403031,0,65
2018-05-14,10803.15,10806.05,10794.0,10794.4,14:40:00,10789.576568650364,0,66
2018-05-14,10799.25,10803.55,10797.6,10803.05,14:45:00,10790.49784782652,0,67
2018-05-14,10803.35,10804.25,10799.75,10800.05,14:50:00,10791.721862319231,0,68
2018-05-14,10795.85,10803.5,10795.6,10803.45,14:55:00,10792.115018288829,0,69
2018-05-14,10804.65,10804.65,10795.25,10796.6,15:00:00,10793.308826070845,0,70
2018-05-14,10813.6,10813.6,10802.85,10804.75,15:05:00,10795.241318826002,0,71
2018-05-14,10812.25,10817.95,10811.2,10812.7,15:10:00,10796.861193223524,0,72
2018-05-14,10808.2,10814.05,10808.15,10812.35,15:15:00,10797.94107958319,0,73
2018-05-14,10800.5,10809.3,10799.35,10807.5,15:20:00,10798.184786289554,0,74
2018-05-14,10796.5,10802.75,10795.25,10800.4,15:25:00,10798.024330452454,0,75
2018-05-15,10797.0,10806.75,10789.8,10804.75,09:15:00,10797.926775171269,1,1
2018-05-15,10857.2,10857.2,10797.6,10797.6,09:20:00,10803.571844202575,1,2
2018-05-15,10863.05,10877.1,10851.85,10856.75,09:25:00,10809.236430468998,1,3
2018-05-15,10848.45,10863.4,10833.0,10862.65,09:30:00,10812.971056138616,1,4
2018-05-15,10861.2,10862.9,10848.2,10848.2,09:35:00,10817.56428888732,1,5
2018-05-15,10865.25,10873.25,10856.35,10861.5,09:40:00,10822.105785183763,1,6
2018-05-15,10871.7,10876.1,10863.45,10866.35,09:45:00,10826.829043737693,1,7
2018-05-15,10890.25,10890.75,10872.4,10872.4,09:50:00,10832.869134810291,1,8
2018-05-15,10902.25,10904.1,10889.45,10890.2,09:55:00,10839.47683625693,1,9
2018-05-15,10901.25,10904.9,10893.45,10902.4,10:00:00,10845.359994708651,1,10
2018-05-15,10915.15,10915.5,10898.35,10901.3,10:05:00,10852.006661879255,1,11
2018-05-15,10924.9,10929.2,10915.1,10916.25,10:10:00,10858.94888455742,1,12
2018-05-15,10912.7,10928.95,10911.1,10926.5,10:15:00,10864.068038409096,1,13
2018-05-15,10922.05,10926.4,10911.05,10913.35,10:20:00,10869.59012998918,1,14
2018-05-15,10907.7,10922.6,10907.7,10921.75,10:25:00,10873.219641418784,1,15
2018-05-15,10900.25,10912.35,10898.75,10908.55,10:30:00,10875.793961283662,1,16
2018-05-15,10894.05,10900.45,10888.95,10899.85,10:35:00,10877.532631637598,1,17
2018-05-15,10903.1,10905.15,10893.6,10894.9,10:40:00,10879.967619100684,1,18
2018-05-15,10908.25,10908.4,10899.85,10903.05,10:45:00,10882.661179186332,1,19
2018-05-15,10907.65,10914.85,10906.0,10908.85,10:50:00,10885.041066882874,1,20
2018-05-15,10905.2,10910.65,10902.85,10907.7,10:55:00,10886.960965274982,1,21
2018-05-15,10901.35,10905.6,10898.1,10905.05,11:00:00,10888.331349534508,1,22
2018-05-15,10899.1,10904.95,10898.65,10901.85,11:05:00,10889.356935293126,1,23
2018-05-15,10898.5,10903.25,10895.8,10898.85,11:10:00,10890.227703360448,1,24
2018-05-15,10894.95,10899.3,10894.1,10898.55,11:15:00,10890.677445897549,1,25
2018-05-15,10894.3,10897.0,10890.95,10894.9,11:20:00,10891.022451050165,1,26
2018-05-15,10899.15,10899.25,10891.4,10894.25,11:25:00,10891.7965033311,1,27
2018-05-15,10895.7,10899.95,10895.4,10899.25,11:30:00,10892.168264918617,1,28
2018-05-15,10894.7,10897.05,10891.55,10896.35,11:35:00,10892.409382545417,1,29
2018-05-15,10894.4,10899.05,10893.55,10894.65,11:40:00,10892.598965160138,1,30
2018-05-15,10892.4,10897.0,10891.85,10894.95,11:45:00,10892.580016097269,1,31
2018-05-15,10888.85,10895.6,10887.25,10892.25,11:50:00,10892.224776468956,1,32
2018-05-15,10887.75,10890.5,10885.55,10889.1,11:55:00,10891.798607281436,1,33
2018-05-15,10879.8,10889.8,10879.75,10888.0,12:00:00,10890.65588277844,1,34
2018-05-15,10870.75,10881.55,10865.15,10879.6,12:05:00,10888.76008441859,1,35
2018-05-15,10872.45,10873.05,10862.45,10870.7,12:10:00,10887.206743045392,1,36
2018-05-15,10871.8,10876.4,10868.7,10872.95,12:15:00,10885.739434183926,1,37
2018-05-15,10864.55,10873.9,10864.0,10872.2,12:20:00,10883.721392833077,1,38
2018-05-15,10880.9,10881.15,10862.85,10864.05,12:25:00,10883.452688753736,1,39
2018-05-15,10871.6,10881.05,10871.3,10881.05,12:30:00,10882.32386125338,1,40
2018-05-15,10869.45,10873.05,10868.05,10871.55,12:35:00,10881.09777922925,1,41
2018-05-15,10874.0,10877.15,10869.0,10869.35,12:40:00,10880.421800255035,1,42
2018-05-15,10876.55,10879.2,10873.15,10874.4,12:45:00,10880.053057373603,1,43
2018-05-15,10874.45,10878.5,10874.25,10876.6,12:50:00,10879.519432861833,1,44
2018-05-15,10862.6,10875.3,10862.0,10874.8,12:55:00,10877.908058303565,1,45
2018-05-15,10854.05,10862.2,10851.95,10862.1,13:00:00,10875.635862274652,1,46
2018-05-15,10854.55,10856.85,10850.35,10854.65,13:05:00,10873.627684915162,1,47
2018-05-15,10842.55,10855.0,10839.85,10854.95,13:10:00,10870.667905399432,1,48
2018-05-15,10849.65,10851.0,10837.8,10842.15,13:15:00,10868.666200123294,1,49
2018-05-15,10850.2,10857.2,10849.0,10849.75,13:20:00,10866.907514397266,1,50
2018-05-15,10839.95,10849.7,10839.7,10849.7,13:25:00,10864.340132073718,1,51
2018-05-15,10849.3,10850.95,10837.7,10839.75,13:30:00,10862.907738542886,1,52
2018-05-15,10843.2,10849.45,10842.55,10848.5,13:35:00,10861.03081106261,1,53
2018-05-15,10842.75,10848.25,10842.1,10843.3,13:40:00,10859.2897814376,1,54
2018-05-15,10837.35,10842.65,10833.8,10842.65,13:45:00,10857.200278443544,1,55
2018-05-15,10825.25,10837.5,10825.25,10837.1,13:50:00,10854.157394782253,1,56
2018-05-15,10826.8,10829.3,10819.3,10824.5,13:55:00,10851.551928612516,1,57
2018-05-15,10835.95,10835.95,10825.3,10826.6,14:00:00,10850.066030649416,1,58
2018-05-15,10842.05,10843.35,10834.9,10836.7,14:05:00,10849.302599158997,1,59
2018-05-15,10811.3,10841.95,10810.95,10841.95,14:10:00,10845.683304000995,1,60
2018-05-15,10796.9,10818.75,10796.05,10811.5,14:15:00,10841.03727504852,1,61
2018-05-15,10801.5,10811.3,10795.8,10796.0,14:20:00,10837.271820281996,1,62
2018-05-15,10786.4,10800.2,10781.4,10800.2,14:25:00,10832.426885017045,1,63
2018-05-15,10805.35,10805.7,10785.2,10785.95,14:30:00,10829.84813406304,1,64
2018-05-15,10807.85,10817.6,10795.0,10805.15,14:35:00,10827.753073676082,1,65
2018-05-15,10808.45,10812.8,10801.5,10808.0,14:40:00,10825.914685706932,1,66
2018-05-15,10804.75,10810.95,10799.6,10808.2,14:45:00,10823.89900135389,1,67
2018-05-15,10799.8,10811.3,10799.45,10804.0,14:50:00,10821.603858367804,1,68
2018-05-15,10816.35,10816.6,10797.9,10799.5,14:55:00,10821.103490904205,1,69
2018-05-15,10809.85,10822.5,10805.2,10816.3,15:00:00,10820.031729865706,1,70
2018-05-15,10811.35,10813.6,10808.8,10810.3,15:05:00,10819.204898449923,1,71
2018-05-15,10805.35,10812.2,10799.85,10811.45,15:10:00,10817.885384311838,1,72
2018-05-15,10798.5,10806.05,10792.95,10804.45,15:15:00,10816.03915723452,1,73
2018-05-15,10795.75,10799.15,10791.8,10798.3,15:20:00,10814.106856545515,1,74
2018-05-15,10804.45,10805.6,10793.55,10795.95,15:25:00,10813.187155922134,1,75
2018-05-16,10752.7,10764.8,10744.85,10749.45,09:15:00,10807.42647440574,2,1
2018-05-16,10757.6,10757.6,10741.5,10752.65,09:20:00,10802.681095890906,2,2
2018-05-16,10740.15,10760.4,10739.4,10757.9,09:25:00,10796.725753425106,2,3
2018-05-16,10730.95,10741.05,10726.9,10739.95,09:30:00,10790.461395956048,2,4
2018-05-16,10724.85,10732.05,10720.6,10731.35,09:35:00,10784.21269157928,2,5
2018-05-16,10716.2,10731.3,10716.15,10725.05,09:40:00,10777.735292381256,2,6
2018-05-16,10722.3,10723.15,10714.1,10715.95,09:45:00,10772.455740725898,2,7
2018-05-16,10709.55,10722.35,10702.7,10722.0,09:50:00,10766.464717799625,2,8
2018-05-16,10710.3,10713.1,10707.55,10709.4,09:55:00,10761.1156970568,2,9
2018-05-16,10708.7,10712.95,10705.5,10710.45,10:00:00,10756.123725908534,2,10
2018-05-16,10711.75,10716.85,10708.3,10708.8,10:05:00,10751.897656774388,2,11
2018-05-16,10712.2,10712.55,10699.7,10711.8,10:10:00,10748.11692755778,2,12
2018-05-16,10718.75,10719.9,10709.9,10712.35,10:15:00,10745.320077314182,2,13
2018-05-16,10723.9,10724.2,10718.1,10718.95,10:20:00,10743.280069950926,2,14
2018-05-16,10731.3,10731.6,10723.3,10723.55,10:25:00,10742.13911090798,2,15
2018-05-16,10714.75,10733.05,10713.5,10731.35,10:30:00,10739.53062415484,2,16
2018-05-16,10718.25,10719.95,10713.5,10714.6,10:35:00,10737.503898044855,2,17
2018-05-16,10716.1,10718.85,10713.1,10717.95,10:40:00,10735.465431564391,2,18
2018-05-16,10717.95,10720.4,10714.35,10716.15,10:45:00,10733.797295224927,2,19
2018-05-16,10721.65,10722.4,10716.45,10718.4,10:50:00,10732.64040996541,2,20
2018-05-16,10719.4,10722.45,10718.9,10721.55,10:55:00,10731.379418540131,2,21
2018-05-16,10726.4,10728.55,10717.85,10718.95,11:00:00,10730.905188202976,2,22
2018-05-16,10729.1,10731.25,10724.6,10726.5,11:05:00,10730.73326551698,2,23
2018-05-16,10729.35,10731.8,10728.05,10728.9,11:10:00,10730.601525943934,2,24
2018-05-16,10736.7,10737.05,10728.5,10729.2,11:15:00,10731.182332996892,2,25
2018-05-16,10742.3,10742.45,10736.2,10736.2,11:20:00,10732.24115842576,2,26
2018-05-16,10752.7,10752.9,10741.35,10741.85,11:25:00,10734.189619528068,2,27
2018-05-16,10749.55,10762.9,10749.45,10752.8,11:30:00,10735.652512906348,2,28
2018-05-16,10749.0,10753.1,10746.0,10749.15,11:35:00,10736.923702153365,2,29
2018-05-16,10744.4,10753.15,10743.6,10749.15,11:40:00,10737.635730519709,2,30
2018-05-16,10743.0,10744.5,10740.2,10744.15,11:45:00,10738.146613327355,2,31
2018-05-16,10744.65,10747.15,10740.95,10743.15,11:50:00,10738.765983486654,2,32
2018-05-16,10739.85,10746.7,10738.15,10744.15,11:55:00,10738.869223154592,2,33
2018-05-16,10745.75,10746.1,10739.15,10739.65,12:00:00,10739.524535235108,2,34
2018-05-16,10741.65,10746.6,10740.2,10745.6,12:05:00,10739.726960450813,2,35
2018-05-16,10746.2,10746.2,10739.25,10741.8,12:10:00,10740.343440407878,2,36
2018-05-16,10749.75,10755.25,10742.4,10745.6,12:15:00,10741.239303226175,2,37
2018-05-16,10757.1,10759.9,10750.05,10750.05,12:20:00,10742.749845776065,2,38
2018-05-16,10766.3,10768.65,10757.2,10757.2,12:25:00,10744.992717606914,2,39
2018-05-16,10757.3,10766.15,10753.75,10765.75,12:30:00,10746.16483973959,2,40
2018-05-16,10760.8,10761.95,10756.1,10757.6,12:35:00,10747.558664526296,2,41
2018-05-16,10763.95,10765.85,10759.5,10761.0,12:40:00,10749.11974409522,2,42
2018-05-16,10759.15,10764.15,10758.95,10763.85,12:45:00,10750.075006562342,2,43
2018-05-16,10766.0,10766.5,10758.8,10759.25,12:50:00,10751.591672604023,2,44
2018-05-16,10764.95,10767.4,10761.95,10766.05,12:55:00,10752.863894260783,2,45
2018-05-16,10781.6,10783.75,10765.25,10765.4,13:00:00,10755.600666235949,2,46
2018-05-16,10776.75,10786.75,10772.65,10781.4,13:05:00,10757.61488849919,2,47
2018-05-16,10776.65,10782.1,10775.7,10776.55,13:10:00,10759.427756261171,2,48
2018-05-16,10786.95,10787.6,10777.0,10777.35,13:15:00,10762.048922331538,2,49
2018-05-16,10778.95,10790.45,10777.05,10787.3,13:20:00,10763.658548776157,2,50
2018-05-16,10773.55,10781.05,10772.8,10778.6,13:25:00,10764.600591749851,2,51
2018-05-16,10782.05,10782.55,10773.8,10773.85,13:30:00,10766.262440154627,2,52
2018-05-16,10781.25,10788.4,10781.25,10782.55,13:35:00,10767.689826806569,2,53
2018-05-16,10778.7,10786.65,10775.05,10781.3,13:40:00,10768.738414729753,2,54
2018-05-16,10781.8,10784.05,10771.9,10778.65,13:45:00,10769.98237523168,2,55
2018-05-16,10771.75,10781.85,10770.45,10781.85,13:50:00,10770.150720447711,2,56
2018-05-16,10765.35,10771.45,10761.55,10771.4,13:55:00,10769.6935089765,2,57
2018-05-16,10754.3,10765.4,10754.25,10765.3,14:00:00,10768.227460502549,2,58
2018-05-16,10765.55,10766.55,10748.9,10754.25,14:05:00,10767.97246426421,2,59
2018-05-16,10751.55,10765.05,10751.4,10764.55,14:10:00,10766.408420048572,2,60
2018-05-16,10754.05,10754.9,10746.95,10751.5,14:15:00,10765.231427662997,2,61
2018-05-16,10747.75,10758.8,10747.7,10753.65,14:20:00,10763.566529790329,2,62
2018-05-16,10754.5,10760.55,10743.95,10747.9,14:25:00,10762.70305076268,2,63
2018-05-16,10761.9,10762.55,10754.05,10754.4,14:30:00,10762.626569737662,2,64
2018-05-16,10749.05,10762.2,10748.05,10761.95,14:35:00,10761.33356309598,2,65
2018-05-16,10754.5,10757.3,10748.5,10748.9,14:40:00,10760.68274756303,2,66
2018-05-16,10744.2,10754.5,10744.0,10754.35,14:45:00,10759.112962080835,2,67
2018-05-16,10735.1,10743.75,10731.7,10743.75,14:50:00,10756.826013311233,2,68
2018-05-16,10731.05,10735.0,10728.8,10734.6,14:55:00,10754.371154900638,2,69
2018-05-16,10733.8,10736.85,10723.95,10730.75,15:00:00,10752.411997291054,2,70
2018-05-16,10747.7,10748.3,10733.75,10733.9,15:05:00,10751.963235644287,2,71
2018-05-16,10747.45,10749.45,10745.05,10747.55,15:10:00,10751.533403678166,2,72
2018-05-16,10749.45,10749.9,10743.0,10747.3,15:15:00,10751.334984280244,2,73
2018-05-16,10742.6,10749.8,10742.25,10748.7,15:20:00,10750.50308101546,2,74
2018-05-16,10743.25,10743.7,10735.9,10742.45,15:25:00,10749.81231139494,2,75
2018-05-17,10746.9,10773.5,10745.95,10772.7,09:15:00,10749.534948404946,3,1
2018-05-17,10756.25,10766.3,10746.65,10746.8,09:20:00,10750.174477128285,3,2
2018-05-17,10765.05,10765.05,10751.0,10756.35,09:25:00,10751.591193592258,3,3
2018-05-17,10759.0,10764.95,10754.45,10764.7,09:30:00,10752.29679420252,3,4
2018-05-17,10750.0,10759.3,10748.5,10758.85,09:35:00,10752.078051897515,3,5
2018-05-17,10742.4,10750.65,10739.2,10750.1,09:40:00,10751.156332669185,3,6
2018-05-17,10741.7,10743.45,10733.9,10742.25,09:45:00,10750.255729557832,3,7
2018-05-17,10732.9,10741.75,10729.85,10741.4,09:50:00,10748.602802933276,3,8
2018-05-17,10733.55,10740.15,10731.55,10733.05,09:55:00,10747.169202653917,3,9
2018-05-17,10726.55,10734.45,10726.35,10734.4,10:00:00,10745.20546906783,3,10
2018-05-17,10719.3,10726.75,10719.25,10726.5,10:05:00,10742.73828153756,3,11
2018-05-17,10722.1,10722.35,10715.65,10719.0,10:10:00,10740.772730914936,3,12
2018-05-17,10730.4,10730.4,10721.45,10722.2,10:15:00,10739.78485178018,3,13
2018-05-17,10733.15,10736.0,10729.95,10730.45,10:20:00,10739.152961134449,3,14
2018-05-17,10736.05,10738.45,10729.7,10732.6,10:25:00,10738.857441026406,3,15
2018-05-17,10720.6,10737.05,10720.6,10735.1,10:30:00,10737.118637119129,3,16
2018-05-17,10716.7,10723.8,10716.4,10720.9,10:35:00,10735.174005012545,3,17
2018-05-17,10715.0,10720.4,10712.1,10716.85,10:40:00,10733.252671201826,3,18
2018-05-17,10708.2,10716.75,10707.9,10714.25,10:45:00,10730.86670251594,3,19
2018-05-17,10704.6,10709.75,10698.4,10707.6,10:50:00,10728.365111800136,3,20
2018-05-17,10712.45,10713.35,10703.1,10703.55,10:55:00,10726.84938686679,3,21
2018-05-17,10712.7,10714.2,10709.25,10713.0,11:00:00,10725.50182621281,3,22
2018-05-17,10714.65,10715.75,10711.25,10711.25,11:05:00,10724.468318954448,3,23
2018-05-17,10711.2,10715.55,10710.3,10714.0,11:10:00,10723.204669530216,3,24
2018-05-17,10716.65,10716.65,10710.6,10711.0,11:15:00,10722.580415289243,3,25
2018-05-17,10716.15,10716.75,10711.35,10716.1,11:20:00,10721.967994785506,3,26
2018-05-17,10717.75,10718.15,10714.3,10715.75,11:25:00,10721.56628099641,3,27
2018-05-17,10711.9,10717.2,10711.3,10716.65,11:30:00,10720.645682806276,3,28
2018-05-17,10717.2,10718.15,10711.2,10712.0,11:35:00,10720.317522539011,3,29
2018-05-17,10710.9,10717.7,10710.6,10716.8,11:40:00,10719.420615630535,3,30
2018-05-17,10713.4,10714.0,10707.4,10709.45,11:45:00,10718.847223665724,3,31
2018-05-17,10713.65,10716.0,10712.8,10713.05,11:50:00,10718.352249983274,3,32
2018-05-17,10708.95,10713.75,10707.45,10713.2,11:55:00,10717.456797603914,3,33
2018-05-17,10712.05,10714.9,10706.2,10708.5,12:00:00,10716.941864498778,3,34
2018-05-17,10706.15,10712.45,10705.75,10711.35,12:05:00,10715.914067879849,3,35
2018-05-17,10702.75,10706.25,10700.7,10705.2,12:10:00,10714.660347129384,3,36
2018-05-17,10700.0,10704.2,10698.1,10701.9,12:15:00,10713.264123593251,3,37
2018-05-17,10702.75,10702.85,10696.85,10700.15,12:20:00,10712.262778489132,3,38
2018-05-17,10709.6,10709.9,10701.9,10702.5,12:25:00,10712.009180537789,3,39
2018-05-17,10708.8,10714.5,10708.45,10708.55,12:30:00,10711.703544296091,3,40
2018-05-17,10712.25,10713.05,10707.1,10708.65,12:35:00,10711.755587696463,3,41
2018-05-17,10710.15,10712.55,10705.95,10712.05,12:40:00,10711.602674582517,3,42
2018-05-17,10714.35,10716.5,10708.55,10710.0,12:45:00,10711.864324622276,3,43
2018-05-17,10717.2,10718.35,10711.8,10714.3,12:50:00,10712.37248418206,3,44
2018-05-17,10711.6,10718.1,10709.2,10716.8,12:55:00,10712.298914259958,3,45
2018-05-17,10706.1,10712.95,10705.2,10711.4,13:00:00,10711.708541473296,3,46
2018-05-17,10709.45,10711.65,10706.35,10706.35,13:05:00,10711.493442285364,3,47
2018-05-17,10711.5,10716.7,10709.0,10709.1,13:10:00,10711.494066829617,3,48
2018-05-17,10708.35,10713.65,10707.3,10711.6,13:15:00,10711.194631893462,3,49
2018-05-17,10713.3,10717.75,10708.3,10708.45,13:20:00,10711.395143141704,3,50
2018-05-17,10712.6,10717.55,10710.7,10712.95,13:25:00,10711.509891413922,3,51
2018-05-17,10708.15,10714.6,10705.05,10712.75,13:30:00,10711.189901755452,3,52
2018-05-17,10703.85,10712.7,10701.55,10708.0,13:35:00,10710.490863493029,3,53
2018-05-17,10710.45,10710.95,10701.5,10703.55,13:40:00,10710.486971731789,3,54
2018-05-17,10707.75,10711.25,10706.9,10710.0,13:45:00,10710.22630775733,3,55
2018-05-17,10708.1,10709.45,10707.2,10707.9,13:50:00,10710.023802256632,3,56
2018-05-17,10700.3,10708.55,10698.05,10708.15,13:55:00,10709.09772585124,3,57
2018-05-17,10708.25,10710.4,10698.85,10699.75,14:00:00,10709.016990055885,3,58
2018-05-17,10708.4,10711.05,10704.35,10708.35,14:05:00,10708.95822909818,3,59
2018-05-17,10708.9,10714.45,10707.3,10708.2,14:10:00,10708.95268346978,3,60
2018-05-17,10710.9,10712.3,10707.45,10708.65,14:15:00,10709.138142186945,3,61
2018-05-17,10712.3,10714.05,10709.5,10710.95,14:20:00,10709.439271502475,3,62
2018-05-17,10723.65,10723.65,10712.35,10712.35,14:25:00,10710.792674216524,3,63
2018-05-17,10719.5,10724.95,10718.75,10723.5,14:30:00,10711.62194333876,3,64
2018-05-17,10723.6,10724.45,10718.25,10719.45,14:35:00,10712.76271063983,3,65
2018-05-17,10722.45,10725.5,10720.85,10723.95,14:40:00,10713.685309626517,3,66
2018-05-17,10718.85,10722.65,10713.85,10722.25,14:45:00,10714.177184900182,3,67
2018-05-17,10714.35,10720.0,10710.75,10719.5,14:50:00,10714.193643481116,3,68
2018-05-17,10720.8,10722.95,10711.8,10714.25,14:55:00,10714.822820292438,3,69
2018-05-17,10706.55,10720.5,10706.2,10719.85,15:00:00,10714.034932645538,3,70
2018-05-17,10682.25,10706.75,10681.8,10706.45,15:05:00,10711.007796203106,3,71
2018-05-17,10672.7,10683.45,10669.75,10683.1,15:10:00,10707.359434659957,3,72
2018-05-17,10668.5,10674.2,10664.5,10672.05,15:15:00,10703.65853612091,3,73
2018-05-17,10671.05,10672.6,10665.4,10668.85,15:20:00,10700.552961252251,3,74
2018-05-17,10677.8,10678.5,10670.75,10671.65,15:25:00,10698.38601256156,3,75
2018-05-18,10663.85,10670.7,10655.8,10670.7,09:15:00,10695.096868508075,4,1
2018-05-18,10652.45,10664.1,10648.35,10664.1,09:20:00,10691.035261983498,4,2
2018-05-18,10655.8,10660.9,10651.95,10651.95,09:25:00,10687.679522746974,4,3
2018-05-18,10639.25,10655.7,10637.2,10655.7,09:30:00,10683.06718724726,4,4
2018-05-18,10634.0,10649.9,10634.0,10639.8,09:35:00,10678.39412179514,4,5
2018-05-18,10636.5,10641.45,10631.15,10633.9,09:40:00,10674.4042054337,4,6
2018-05-18,10650.25,10650.8,10636.3,10636.3,09:45:00,10672.103804916203,4,7
2018-05-18,10652.45,10653.85,10643.2,10650.5,09:50:00,10670.232013971803,4,8
2018-05-18,10645.3,10654.2,10645.05,10652.35,09:55:00,10667.85753645068,4,9
2018-05-18,10643.7,10647.4,10641.35,10645.0,10:00:00,10665.556818693472,4,10
2018-05-18,10645.7,10649.95,10642.4,10643.5,10:05:00,10663.665693103618,4,11
2018-05-18,10640.6,10647.55,10640.25,10645.75,10:10:00,10661.468960427082,4,12
2018-05-18,10648.45,10648.55,10636.5,10640.75,10:15:00,10660.229059434028,4,13
2018-05-18,10648.1,10650.65,10646.75,10648.0,10:20:00,10659.0739109165,4,14
2018-05-18,10647.25,10649.25,10645.05,10648.75,10:25:00,10657.947824162547,4,15
2018-05-18,10654.6,10654.9,10646.15,10647.2,10:30:00,10657.628983766115,4,16
2018-05-18,10651.75,10654.65,10648.95,10654.65,10:35:00,10657.069080550296,4,17
2018-05-18,10649.15,10652.0,10645.6,10652.0,10:40:00,10656.31488240265,4,18
2018-05-18,10655.75,10659.05,10648.85,10648.85,10:45:00,10656.26108407859,4,19
2018-05-18,10661.35,10663.45,10654.1,10655.35,10:50:00,10656.745742737772,4,20
2018-05-18,10664.1,10664.85,10660.65,10661.65,10:55:00,10657.44614819132,4,21
2018-05-18,10655.1,10665.6,10655.0,10664.25,11:00:00,10657.22270550643,4,22
2018-05-18,10652.35,10655.25,10650.5,10654.85,11:05:00,10656.75863831534,4,23
2018-05-18,10652.4,10653.05,10648.0,10652.85,11:10:00,10656.343529904356,4,24
2018-05-18,10646.65,10652.3,10643.35,10652.25,11:15:00,10655.420336580131,4,25
2018-05-18,10648.5,10648.65,10639.9,10646.5,11:20:00,10654.761256905833,4,26
2018-05-18,10644.5,10653.2,10643.35,10648.4,11:25:00,10653.783994343372,4,27
2018-05-18,10644.95,10648.3,10642.65,10644.8,11:30:00,10652.942661548765,4,28
2018-05-18,10645.0,10652.4,10644.35,10645.2,11:35:00,10652.18621759174,4,29
2018-05-18,10646.75,10648.05,10644.9,10645.25,11:40:00,10651.668482583003,4,30
2018-05-18,10640.65,10646.65,10640.55,10646.6,11:45:00,10650.619103289384,4,31
2018-05-18,10636.7,10642.4,10634.75,10641.3,11:50:00,10649.29347440468,4,32
2018-05-18,10638.5,10643.7,10636.35,10637.65,11:55:00,10648.265524461378,4,33
2018-05-18,10636.1,10641.15,10635.9,10639.3,12:00:00,10647.106903084104,4,34
2018-05-18,10631.95,10637.6,10629.1,10636.25,12:05:00,10645.663388504669,4,35
2018-05-18,10635.55,10638.15,10631.3,10632.65,12:10:00,10644.700208647078,4,36
2018-05-18,10637.55,10638.05,10634.0,10636.3,12:15:00,10644.019236394975,4,37
2018-05-18,10641.15,10643.7,10637.8,10638.3,12:20:00,10643.745975785929,4,38
2018-05-18,10642.45,10645.9,10641.35,10641.35,12:25:00,10643.622549520604,4,39
2018-05-18,10642.1,10643.7,10639.3,10642.75,12:30:00,10643.477544804357,4,40
2018-05-18,10649.15,10651.05,10642.35,10642.35,12:35:00,10644.017778632511,4,41
2018-05-18,10642.3,10650.6,10640.4,10648.85,12:40:00,10643.854180667511,4,42
2018-05-18,10633.85,10643.4,10633.65,10643.4,12:45:00,10642.90140155632,4,43
2018-05-18,10633.3,10635.4,10632.3,10634.15,12:50:00,10641.98698236048,4,44
2018-05-18,10629.0,10635.4,10629.0,10633.55,12:55:00,10640.750126897576,4,45
2018-05-18,10620.5,10629.9,10620.5,10629.2,13:00:00,10638.82154338352,4,46
2018-05-18,10619.15,10622.9,10616.35,10620.9,13:05:00,10636.948063061282,4,47
2018-05-18,10623.9,10628.7,10618.3,10619.55,13:10:00,10635.705390388775,4,48
2018-05-18,10617.6,10625.65,10615.4,10624.25,13:15:00,10633.98106749461,4,49
2018-05-18,10615.35,10621.05,10609.2,10618.2,13:20:00,10632.20668011417,4,50
2018-05-18,10616.95,10622.7,10614.5,10615.8,13:25:00,10630.75366296044,4,51
2018-05-18,10621.95,10625.3,10615.45,10617.55,13:30:00,10629.91521886897,4,52
2018-05-18,10616.1,10625.6,10615.5,10624.45,13:35:00,10628.599483738592,4,53
2018-05-18,10614.55,10620.65,10613.5,10615.65,13:40:00,10627.261437668249,4,54
2018-05-18,10606.8,10618.35,10605.05,10617.1,13:45:00,10625.312729318892,4,55
2018-05-18,10614.0,10619.2,10606.85,10608.25,13:50:00,10624.235326526616,4,56
2018-05-18,10612.4,10621.15,10612.3,10617.1,13:55:00,10623.108152571702,4,57
2018-05-18,10614.6,10620.3,10612.75,10614.9,14:00:00,10622.297852326778,4,58
2018-05-18,10611.65,10617.1,10603.85,10617.1,14:05:00,10621.2837711528,4,59
2018-05-18,10615.1,10617.8,10612.2,10613.7,14:10:00,10620.69484056682,4,60
2018-05-18,10615.0,10622.65,10613.4,10617.4,14:15:00,10620.152474798551,4,61
2018-05-18,10620.9,10624.65,10614.7,10617.15,14:20:00,10620.22366767488,4,62
2018-05-18,10625.9,10630.4,10620.55,10623.2,14:25:00,10620.764270753463,4,63
2018-05-18,10630.8,10634.85,10625.05,10628.65,14:30:00,10621.72005449123,4,64
2018-05-18,10622.4,10633.2,10622.25,10632.9,14:35:00,10621.784811206351,4,65
2018-05-18,10615.15,10628.5,10613.7,10624.45,14:40:00,10621.152924424794,4,66
2018-05-18,10614.7,10620.2,10613.7,10616.95,14:45:00,10620.53836019386,4,67
2018-05-18,10606.45,10617.2,10601.85,10616.5,14:50:00,10619.19661160397,4,68
2018-05-18,10600.1,10613.2,10599.85,10607.9,14:55:00,10617.377886689304,4,69
2018-05-18,10590.9,10601.3,10590.4,10599.75,15:00:00,10614.856183195085,4,70
2018-05-18,10594.65,10595.25,10589.1,10590.65,15:05:00,10612.931784795554,4,71
2018-05-18,10599.6,10600.5,10594.7,10594.7,15:10:00,10611.6620910055,4,72
2018-05-18,10597.05,10600.35,10593.65,10599.5,15:15:00,10610.270463290692,4,73
2018-05-18,10595.75,10597.7,10591.55,10597.7,15:20:00,10608.887562024913,4,74
2018-05-18,10604.8,10604.95,10594.8,10595.35,15:25:00,10608.498270403492,4,75
2018-05-21,10581.9,10621.7,10567.1,10616.35,09:15:00,10605.965101793636,0,1
2018-05-21,10592.5,10604.2,10581.65,10581.95,09:20:00,10604.682711146625,0,2
2018-05-21,10590.9,10598.2,10586.75,10593.6,09:25:00,10603.3700719898,0,3
2018-05-21,10600.55,10604.6,10590.55,10590.95,09:30:00,10603.10149370506,0,4
2018-05-21,10615.95,10617.4,10600.55,10600.6,09:35:00,10604.325160971242,0,5
2018-05-21,10613.85,10619.25,10610.95,10615.9,09:40:00,10605.232288497791,0,6
2018-05-21,10608.1,10614.1,10601.4,10613.0,09:45:00,10605.505403878951,0,7
2018-05-21,10603.25,10612.5,10601.7,10608.9,09:50:00,10605.29060350953,0,8
2018-05-21,10593.05,10603.45,10585.6,10603.1,09:55:00,10604.124831746718,0,9
2018-05-21,10586.35,10597.45,10582.5,10593.1,10:00:00,10602.431990627983,0,10
2018-05-21,10582.25,10587.2,10578.4,10586.9,10:05:00,10600.50989628246,0,11
2018-05-21,10576.2,10581.75,10572.7,10581.75,10:10:00,10598.194668065084,0,12
2018-05-21,10577.15,10584.75,10573.25,10576.05,10:15:00,10596.190413963648,0,13
2018-05-21,10588.05,10594.65,10575.1,10577.4,10:20:00,10595.4151364433,0,14
2018-05-21,10577.6,10590.05,10577.6,10588.15,10:25:00,10593.718456782031,0,15
2018-05-21,10561.15,10577.95,10556.0,10577.95,10:30:00,10590.616698993268,0,16
2018-05-21,10564.8,10566.6,10559.3,10561.95,10:35:00,10588.157965755814,0,17
2018-05-21,10567.7,10574.15,10563.65,10565.0,10:40:00,10586.209588064785,0,18
2018-05-21,10566.3,10567.95,10560.25,10567.35,10:45:00,10584.31343682052,0,19
2018-05-21,10559.25,10566.75,10558.7,10566.75,10:50:00,10581.926442837612,0,20
2018-05-21,10555.95,10561.6,10555.4,10559.15,10:55:00,10579.452495900698,0,21
2018-05-21,10554.9,10560.45,10550.05,10555.85,11:00:00,10577.114162957774,0,22
2018-05-21,10567.65,10569.55,10555.75,10555.75,11:05:00,10576.212814104652,0,23
2018-05-21,10569.6,10569.6,10562.65,10567.9,11:10:00,10575.583022285162,0,24
2018-05-21,10567.7,10569.5,10563.3,10569.0,11:15:00,10574.832258258004,0,25
2018-05-21,10565.75,10569.6,10564.75,10567.35,11:20:00,10573.967281281051,0,26
2018-05-21,10563.25,10566.4,10561.35,10566.2,11:25:00,10572.946587825712,0,27
2018-05-21,10550.75,10562.1,10549.25,10561.9,11:30:00,10570.832627080406,0,28
2018-05-21,10553.25,10553.75,10548.95,10551.45,11:35:00,10569.158091167988,0,29
2018-05-21,10550.7,10553.9,10549.05,10553.2,11:40:00,10567.40017772342,0,30
2018-05-21,10546.15,10553.55,10545.4,10550.55,11:45:00,10565.37635127357,0,31
2018-05-21,10547.1,10548.6,10544.1,10546.5,11:50:00,10563.635746390371,0,32
2018-05-21,10546.55,10550.9,10544.35,10547.25,11:55:00,10562.008532448432,0,33
2018-05-21,10547.5,10550.15,10545.85,10546.9,12:00:00,10560.626767453345,0,34
2018-05-21,10541.35,10547.85,10539.3,10547.85,12:05:00,10558.790884838738,0,35
2018-05-21,10542.3,10548.0,10541.2,10541.55,12:10:00,10557.220324377906,0,36
2018-05-21,10539.8,10543.25,10536.35,10543.25,12:15:00,10555.561245865723,0,37
2018-05-21,10530.85,10541.35,10530.85,10540.55,12:20:00,10553.207793878511,0,38
2018-05-21,10535.0,10536.55,10530.25,10531.75,12:25:00,10551.473718271034,0,39
2018-05-21,10542.8,10545.05,10535.25,10535.5,12:30:00,10550.64764986427,0,40
2018-05-21,10536.65,10542.05,10536.4,10542.05,12:35:00,10549.314540353387,0,41
2018-05-21,10534.05,10537.65,10532.55,10536.45,12:40:00,10547.860774605446,0,42
2018-05-21,10527.9,10534.35,10526.75,10533.45,12:45:00,10545.959748452546,0,43
2018-05-21,10535.7,10535.75,10526.3,10529.5,12:50:00,10544.982629552303,0,44
2018-05-21,10537.15,10544.7,10535.8,10536.95,12:55:00,10544.236664833035,0,45
2018-05-21,10534.5,10539.35,10534.1,10538.7,13:00:00,10543.309363420363,0,46
2018-05-21,10532.7,10539.45,10530.8,10535.8,13:05:00,10542.29894785652,0,47
2018-05-21,10534.95,10537.75,10532.2,10533.95,13:10:00,10541.599048060663,0,48
2018-05-21,10530.95,10535.85,10524.5,10535.85,13:15:00,10540.584853007267,0,49
2018-05-21,10525.2,10532.25,10521.95,10532.25,13:20:00,10539.119628911336,0,50
2018-05-21,10531.55,10533.5,10524.7,10526.4,13:25:00,10538.398711872162,0,51
2018-05-21,10534.3,10534.3,10524.2,10533.7,13:30:00,10538.008358360526,0,52
2018-05-21,10537.6,10540.95,10533.2,10533.7,13:35:00,10537.969467088096,0,53
2018-05-21,10541.6,10541.7,10534.5,10537.75,13:40:00,10538.315232127326,0,54
2018-05-21,10533.2,10545.35,10532.95,10543.3,13:45:00,10537.828067162818,0,55
2018-05-21,10529.7,10533.7,10528.65,10532.9,13:50:00,10537.053965528265,0,56
2018-05-21,10522.7,10530.7,10519.4,10530.7,13:55:00,10535.68692119224,0,57
2018-05-21,10521.4,10526.1,10519.2,10523.65,14:00:00,10534.326262031072,0,58
2018-05-21,10518.7,10521.75,10516.4,10520.65,14:05:00,10532.83804659954,0,59
2018-05-21,10517.7,10522.95,10513.15,10519.4,14:10:00,10531.396327875776,0,60
2018-05-21,10515.6,10519.6,10513.35,10518.85,14:15:00,10529.891915697131,0,61
2018-05-21,10517.05,10523.2,10515.2,10515.2,14:20:00,10528.668876106927,0,62
2018-05-21,10507.85,10517.85,10507.85,10517.85,14:25:00,10526.686126001508,0,63
2018-05-21,10510.65,10515.45,10505.8,10507.75,14:30:00,10525.158875906123,0,64
2018-05-21,10526.55,10527.85,10509.75,10510.45,14:35:00,10525.291363915065,0,65
2018-05-21,10519.95,10528.4,10517.8,10526.4,14:40:00,10524.78266258982,0,66
2018-05-21,10515.55,10521.25,10513.55,10520.15,14:45:00,10523.90336139079,0,67
2018-05-21,10522.55,10527.55,10515.0,10515.15,14:50:00,10523.774469829765,0,68
2018-05-21,10522.9,10526.5,10520.25,10522.15,14:55:00,10523.691186988832,0,69
2018-05-21,10515.85,10523.95,10514.75,10523.0,15:00:00,10522.94440727561,0,70
2018-05-21,10514.75,10523.2,10514.3,10515.65,15:05:00,10522.163987535076,0,71
2018-05-21,10520.35,10520.65,10512.95,10514.6,15:10:00,10521.991226817448,0,72
2018-05-21,10515.6,10521.45,10514.4,10520.9,15:15:00,10521.38253854912,0,73
2018-05-21,10515.0,10517.4,10513.5,10515.3,15:20:00,10520.774677734917,0,74
2018-05-21,10521.05,10521.05,10511.5,10514.75,15:25:00,10520.80089890302,0,75
2018-05-22,10508.05,10532.6,10508.05,10515.9,09:15:00,10519.586527578924,1,1
2018-05-22,10505.7,10519.3,10505.3,10508.8,09:20:00,10518.264001142836,1,2
2018-05-22,10499.75,10510.9,10495.45,10505.1,09:25:00,10516.500762938756,1,3
2018-05-22,10496.2,10503.15,10490.55,10500.7,09:30:00,10514.56735694459,1,4
2018-05-22,10507.2,10508.2,10494.3,10496.25,09:35:00,10513.865703902247,1,5
2018-05-22,10531.45,10531.9,10506.5,10507.35,09:40:00,10515.5403987687,1,6
2018-05-22,10543.25,10544.65,10529.7,10531.55,09:45:00,10518.179408409776,1,7
2018-05-22,10544.5,10548.05,10533.75,10543.55,09:50:00,10520.68613141837,1,8
2018-05-22,10554.85,10556.8,10539.95,10544.1,09:55:00,10523.93983318805,1,9
2018-05-22,10545.55,10558.6,10544.2,10555.4,10:00:00,10525.997944312998,1,10
2018-05-22,10549.2,10552.05,10544.7,10545.15,10:05:00,10528.207663902238,1,11
2018-05-22,10541.85,10549.4,10539.7,10549.15,10:10:00,10529.506934006788,1,12
2018-05-22,10549.65,10549.75,10536.6,10542.45,10:15:00,10531.425321244236,1,13
2018-05-22,10548.7,10551.5,10545.3,10549.4,10:20:00,10533.070528744784,1,14
2018-05-22,10552.3,10555.5,10548.45,10548.45,10:25:00,10534.901906959569,1,15
2018-05-22,10557.0,10557.45,10552.05,10552.15,10:30:00,10537.006487249131,1,16
2018-05-22,10555.05,10558.6,10553.95,10557.1,10:35:00,10538.72491703493,1,17
2018-05-22,10553.4,10554.35,10549.3,10554.35,10:40:00,10540.122543983984,1,18
2018-05-22,10546.15,10553.75,10545.65,10553.7,10:45:00,10540.696587414082,1,19
2018-05-22,10540.35,10546.95,10537.15,10546.5,10:50:00,10540.663579088932,1,20
2018-05-22,10543.0,10545.1,10537.65,10541.0,10:55:00,10540.886095366175,1,21
2018-05-22,10538.6,10544.25,10538.0,10542.4,11:00:00,10540.668371997968,1,22
2018-05-22,10524.75,10539.35,10522.35,10539.05,11:05:00,10539.15233656959,1,23
2018-05-22,10509.55,10525.6,10508.2,10524.55,11:10:00,10536.333066420106,1,24
2018-05-22,10519.65,10527.5,10510.7,10511.7,11:15:00,10534.744202951524,1,25
2018-05-22,10526.3,10528.35,10518.05,10520.6,11:20:00,10533.939993146618,1,26
2018-05-22,10528.85,10530.6,10524.45,10526.9,11:25:00,10533.45523189456,1,27
2018-05-22,10522.85,10531.65,10521.75,10529.45,11:30:00,10532.445209809362,1,28
2018-05-22,10522.0,10523.95,10516.1,10523.5,11:35:00,10531.450427922757,1,29
2018-05-22,10519.1,10522.9,10518.25,10522.45,11:40:00,10530.274196692018,1,30
2018-05-22,10524.1,10524.8,10517.8,10519.75,11:45:00,10529.686177959446,1,31
2018-05-22,10519.85,10525.4,10519.1,10525.05,11:50:00,10528.749399106166,1,32
2018-05-22,10520.25,10520.55,10511.65,10520.2,11:55:00,10527.939932524623,1,33
2018-05-22,10518.9,10522.9,10516.7,10520.45,12:00:00,10527.0789865699,1,34
2018-05-22,10520.65,10522.1,10517.7,10519.2,12:05:00,10526.46670213467,1,35
2018-05-22,10525.1,10525.55,10520.5,10520.95,12:10:00,10526.336540026608,1,36
2018-05-22,10520.45,10525.8,10519.05,10525.55,12:15:00,10525.775917166931,1,37
2018-05-22,10526.35,10528.4,10519.4,10520.8,12:20:00,10525.830591722462,1,38
2018-05-22,10538.9,10540.15,10527.35,10527.35,12:25:00,10527.075297272704,1,39
2018-05-22,10536.85,10542.75,10532.95,10539.4,12:30:00,10528.00622134197,1,40
2018-05-22,10540.7,10542.4,10535.2,10540.8,12:35:00,10529.215152642735,1,41
2018-05-22,10539.95,10547.05,10539.45,10543.2,12:40:00,10530.237519057711,1,42
2018-05-22,10542.2,10547.55,10538.2,10541.15,12:45:00,10531.376802956976,1,43
2018-05-22,10538.5,10544.2,10538.2,10543.85,12:50:00,10532.05520267536,1,44
2018-05-22,10543.9,10545.45,10534.35,10540.3,12:55:00,10533.18327861104,1,45
2018-05-22,10537.05,10545.5,10536.75,10545.5,13:00:00,10533.55153779094,1,46
2018-05-22,10540.45,10545.7,10536.6,10538.3,13:05:00,10534.208534191805,1,47
2018-05-22,10534.45,10542.95,10528.0,10541.5,13:10:00,10534.23153093544,1,48
2018-05-22,10528.8,10536.05,10526.55,10536.05,13:15:00,10533.714242274922,1,49
2018-05-22,10538.15,10540.25,10528.6,10530.95,13:20:00,10534.136695391597,1,50
2018-05-22,10525.7,10541.3,10524.55,10540.2,13:25:00,10533.333200592398,1,51
2018-05-22,10529.3,10529.9,10521.1,10526.3,13:30:00,10532.949086250264,1,52
2018-05-22,10533.2,10534.2,10526.0,10529.25,13:35:00,10532.972982797855,1,53
2018-05-22,10537.2,10538.4,10529.1,10532.9,13:40:00,10533.375555864728,1,54
2018-05-22,10532.05,10537.9,10531.8,10537.25,13:45:00,10533.24931244904,1,55
2018-05-22,10536.2,10536.7,10531.45,10531.9,13:50:00,10533.530330311036,1,56
2018-05-22,10531.25,10544.3,10528.3,10536.25,13:55:00,10533.3131559957,1,57
2018-05-22,10534.15,10534.15,10525.2,10530.75,14:00:00,10533.39285542468,1,58
2018-05-22,10534.5,10539.9,10524.95,10533.45,14:05:00,10533.498297765189,1,59
2018-05-22,10533.1,10537.95,10531.85,10535.05,14:10:00,10533.460364644692,1,60
2018-05-22,10525.15,10532.7,10522.8,10532.6,14:15:00,10532.668901345198,1,61
2018-05-22,10528.2,10532.1,10524.9,10525.85,14:20:00,10532.243291693274,1,62
2018-05-22,10522.95,10530.15,10521.9,10529.2,14:25:00,10531.358216293913,1,63
2018-05-22,10522.0,10527.0,10512.75,10522.85,14:30:00,10530.466957599256,1,64
2018-05-22,10523.05,10526.25,10516.9,10521.95,14:35:00,10529.76058068504,1,65
2018-05-22,10528.95,10534.15,10524.05,10524.85,14:40:00,10529.68338252456,1,66
2018-05-22,10528.5,10530.6,10525.05,10529.55,14:45:00,10529.570679426984,1,67
2018-05-22,10530.25,10532.95,10527.1,10528.6,14:50:00,10529.635376624414,1,68
2018-05-22,10533.7,10537.45,10530.7,10531.5,14:55:00,10530.022483612564,1,69
2018-05-22,10529.0,10535.0,10527.6,10533.25,15:00:00,10529.925104220893,1,70
2018-05-22,10539.45,10539.55,10528.4,10528.55,15:05:00,10530.832237152235,1,71
2018-05-22,10536.75,10541.6,10535.65,10538.7,15:10:00,10531.395833613928,1,72
2018-05-22,10540.95,10543.45,10534.7,10536.95,15:15:00,10532.305754222123,1,73
2018-05-22,10542.05,10544.9,10539.95,10540.25,15:20:00,10533.23377762954,1,74
2018-05-22,10543.9,10544.1,10536.35,10542.4,15:25:00,10534.249608331487,1,75
2018-05-23,10523.95,10530.6,10516.9,10517.95,09:15:00,10533.2686932523,2,1
2018-05-23,10525.35,10533.55,10521.3,10525.2,09:20:00,10532.514531990177,2,2
2018-05-23,10518.0,10525.45,10511.8,10525.45,09:25:00,10531.132195610158,2,3
2018-05-23,10522.15,10523.4,10513.6,10518.1,09:30:00,10530.276748409193,2,4
2018-05-23,10521.8,10528.05,10521.05,10522.25,09:35:00,10529.469439036888,2,5
2018-05-23,10514.85,10522.15,10511.2,10521.45,09:40:00,10528.077111509563,2,6
2018-05-23,10510.5,10518.55,10510.25,10514.65,09:45:00,10526.403100889607,2,7
2018-05-23,10508.3,10510.95,10502.65,10510.95,09:50:00,10524.678996042978,2,8
2018-05-23,10501.35,10508.9,10494.6,10508.25,09:55:00,10522.457186896028,2,9
2018-05-23,10496.6,10503.6,10495.65,10501.15,10:00:00,10519.994597667834,2,10
2018-05-23,10492.65,10496.6,10490.05,10496.55,10:05:00,10517.390350270896,2,11
2018-05-23,10490.0,10493.95,10480.75,10492.6,10:10:00,10514.781745483191,2,12
2018-05-23,10489.65,10493.7,10484.9,10490.35,10:15:00,10512.388245913364,2,13
2018-05-23,10502.4,10503.4,10485.15,10489.4,10:20:00,10511.436984397806,2,14
2018-05-23,10497.25,10503.9,10496.85,10502.35,10:25:00,10510.085843026587,2,15
2018-05-23,10500.5,10501.4,10496.55,10497.4,10:30:00,10509.172905595484,2,16
2018-05-23,10499.95,10500.5,10496.75,10500.45,10:35:00,10508.294533634007,2,17
2018-05-23,10505.25,10506.0,10497.25,10500.05,10:40:00,10508.00457804982,2,18
2018-05-23,10502.7,10506.7,10502.5,10505.2,10:45:00,10507.499380140312,2,19
2018-05-23,10495.0,10502.65,10494.05,10502.65,10:50:00,10506.308962984092,2,20
2018-05-23,10492.75,10496.2,10491.75,10494.1,10:55:00,10505.017633176083,2,21
2018-05-23,10498.45,10499.85,10492.05,10492.3,11:00:00,10504.39214430217,2,22
2018-05-23,10493.9,10502.85,10492.65,10498.7,11:05:00,10503.392892463868,2,23
2018-05-23,10502.6,10502.75,10493.2,10494.05,11:10:00,10503.31737889588,2,24
2018-05-23,10503.85,10506.6,10501.8,10502.0,11:15:00,10503.36810471532,2,25
2018-05-23,10497.15,10504.55,10497.15,10504.05,11:20:00,10502.775904266242,2,26
2018-05-23,10493.9,10497.65,10491.0,10497.65,11:25:00,10501.930580050408,2,27
2018-05-23,10499.4,10499.8,10493.15,10494.1,11:30:00,10501.68957242656,2,28
2018-05-23,10496.85,10500.7,10495.95,10500.2,11:35:00,10501.228660766888,2,29
2018-05-23,10502.9,10504.4,10496.15,10496.15,11:40:00,10501.387835931946,2,30
2018-05-23,10502.4,10503.15,10498.25,10503.15,11:45:00,10501.484232509856,2,31
2018-05-23,10509.1,10510.15,10499.85,10502.65,11:50:00,10502.209543699391,2,32
2018-05-23,10511.25,10514.2,10508.85,10509.35,11:55:00,10503.070539537546,2,33
2018-05-23,10515.55,10516.5,10510.25,10511.75,12:00:00,10504.25905958159,2,34
2018-05-23,10519.9,10523.85,10514.8,10514.8,12:05:00,10505.74867295477,2,35
2018-05-23,10517.2,10519.6,10515.9,10519.6,12:10:00,10506.839275530509,2,36
2018-05-23,10517.3,10517.8,10514.25,10517.55,12:15:00,10507.835535003793,2,37
2018-05-23,10515.65,10518.25,10514.2,10517.2,12:20:00,10508.579769765334,2,38
2018-05-23,10509.3,10515.85,10508.4,10515.85,12:25:00,10508.648363121016,2,39
2018-05-23,10513.7,10515.85,10508.8,10508.8,12:30:00,10509.129471395205,2,40
2018-05-23,10512.55,10515.9,10511.4,10514.0,12:35:00,10509.455236024234,2,41
2018-05-23,10509.85,10512.9,10508.95,10512.75,12:40:00,10509.492832593354,2,42
2018-05-23,10512.75,10514.95,10506.05,10509.4,12:45:00,10509.803039013035,2,43
2018-05-23,10511.65,10516.5,10511.15,10514.2,12:50:00,10509.978940059413,2,44
2018-05-23,10513.05,10513.05,10509.4,10512.45,12:55:00,10510.271421958516,2,45
2018-05-23,10507.5,10514.3,10504.35,10514.3,13:00:00,10510.007477010087,2,46
2018-05-23,10515.05,10515.9,10508.15,10509.05,13:05:00,10510.48771729484,2,47
2018-05-23,10511.95,10518.6,10511.25,10516.05,13:10:00,10510.62698231438,2,48
2018-05-23,10517.35,10521.05,10512.4,10513.6,13:15:00,10511.26726971301,2,49
2018-05-23,10507.55,10519.2,10507.05,10519.2,13:20:00,10510.913244026056,2,50
2018-05-23,10507.3,10511.55,10506.35,10509.0,13:25:00,10510.569125547385,2,51
2018-05-23,10497.45,10508.45,10495.0,10508.45,13:30:00,10509.319685019062,2,52
2018-05-23,10495.95,10499.15,10491.15,10499.05,13:35:00,10508.046381683913,2,53
2018-05-23,10485.65,10497.05,10485.45,10496.8,13:40:00,10505.913392952112,2,54
2018-05-23,10479.05,10487.3,10475.25,10486.1,13:45:00,10503.35497457572,2,55
2018-05-23,10473.55,10483.6,10469.8,10479.5,13:50:00,10500.516405568507,2,56
2018-05-23,10473.85,10474.85,10465.9,10473.1,13:55:00,10497.976747895318,2,57
2018-05-23,10473.0,10479.65,10472.35,10473.6,14:00:00,10495.598010000524,2,58
2018-05-23,10474.7,10475.95,10469.5,10472.25,14:05:00,10493.60772333381,2,59
2018-05-23,10478.75,10482.9,10473.8,10474.75,14:10:00,10492.192702063923,2,60
2018-05-23,10473.3,10478.3,10467.7,10478.2,14:15:00,10490.393397105456,2,61
2018-05-23,10466.1,10473.45,10463.45,10473.2,14:20:00,10488.079740238269,2,62
2018-05-23,10466.1,10470.0,10464.15,10466.25,14:25:00,10485.986431644147,2,63
2018-05-23,10456.95,10466.75,10455.8,10465.6,14:30:00,10483.221057201848,2,64
2018-05-23,10466.8,10466.95,10456.3,10456.3,14:35:00,10481.657146992147,2,65
2018-05-23,10456.9,10470.65,10456.1,10466.75,14:40:00,10479.299323469086,2,66
2018-05-23,10452.7,10459.55,10451.75,10457.15,14:45:00,10476.766054567268,2,67
2018-05-23,10449.2,10453.5,10447.25,10453.25,14:50:00,10474.14071603705,2,68
2018-05-23,10452.4,10454.35,10448.6,10450.65,14:55:00,10472.070171652573,2,69
2018-05-23,10438.35,10452.3,10436.1,10451.9,15:00:00,10468.85872673328,2,70
2018-05-23,10429.4,10440.45,10425.3,10439.0,15:05:00,10465.10075275868,2,71
2018-05-23,10420.95,10431.2,10419.15,10429.85,15:10:00,10460.895919162616,2,72
2018-05-23,10433.3,10433.55,10417.8,10420.75,15:15:00,10458.267736385224,2,73
2018-05-23,10429.35,10433.7,10428.2,10432.9,15:20:00,10455.513666253297,2,74
2018-05-23,10429.15,10432.45,10426.95,10428.95,15:25:00,10453.00284089584,2,75
2018-05-24,10463.8,10464.9,10453.7,10464.3,09:15:00,10454.031141762902,3,1
2018-05-24,10460.95,10468.15,10459.95,10463.3,09:20:00,10454.690080642626,3,2
2018-05-24,10465.7,10468.35,10456.9,10461.65,09:25:00,10455.738644390947,3,3
2018-05-24,10453.4,10470.35,10450.3,10466.7,09:30:00,10455.515916353714,3,4
2018-05-24,10457.6,10459.8,10449.9,10453.25,09:35:00,10455.714400510504,3,5
2018-05-24,10446.05,10458.55,10444.3,10457.8,09:40:00,10454.793981414266,3,6
2018-05-24,10432.0,10446.3,10430.95,10445.2,09:45:00,10452.62312604148,3,7
2018-05-24,10428.9,10439.35,10425.85,10432.4,09:50:00,10450.363780704196,3,8
2018-05-24,10430.05,10437.7,10428.35,10428.35,09:55:00,10448.429134922844,3,9
2018-05-24,10432.5,10432.75,10419.8,10429.9,10:00:00,10446.912074454003,3,10
2018-05-24,10434.0,10440.85,10430.6,10432.85,10:05:00,10445.682353077433,3,11
2018-05-24,10453.75,10456.1,10434.9,10434.9,10:10:00,10446.450700403391,3,12
2018-05-24,10456.35,10464.1,10449.65,10454.15,10:15:00,10447.393490841165,3,13
2018-05-24,10451.5,10459.4,10449.95,10456.45,10:20:00,10447.78458695153,3,14
2018-05-24,10456.55,10457.5,10450.6,10451.55,10:25:00,10448.619388194242,3,15
2018-05-24,10452.35,10457.05,10449.05,10456.5,10:30:00,10448.974684556695,3,16
2018-05-24,10451.25,10458.4,10451.25,10452.15,10:35:00,10449.191381265582,3,17
2018-05-24,10453.2,10453.3,10450.45,10451.15,10:40:00,10449.573154478385,3,18
2018-05-24,10458.8,10461.1,10453.45,10453.65,10:45:00,10450.451901670918,3,19
2018-05-24,10463.95,10463.95,10456.2,10458.85,10:50:00,10451.737434845118,3,20
2018-05-24,10469.45,10469.9,10462.85,10463.6,10:55:00,10453.42434581225,3,21
2018-05-24,10463.3,10473.2,10462.9,10469.65,11:00:00,10454.36488430632,3,22
2018-05-24,10470.2,10471.25,10463.05,10463.15,11:05:00,10455.87299056286,3,23
2018-05-24,10472.85,10475.85,10468.85,10470.3,11:10:00,10457.489848604491,3,24
2018-05-24,10468.7,10472.65,10468.25,10472.65,11:15:00,10458.557482070732,3,25
2018-05-24,10469.5,10471.7,10467.5,10468.4,11:20:00,10459.599626635423,3,26
2018-05-24,10476.3,10478.6,10468.55,10469.3,11:25:00,10461.190138384432,3,27
2018-05-24,10466.35,10477.4,10464.45,10476.4,11:30:00,10461.68155377639,3,28
2018-05-24,10467.2,10469.5,10466.2,10466.45,11:35:00,10462.207120083402,3,29
2018-05-24,10467.2,10470.6,10466.5,10467.35,11:40:00,10462.682632456412,3,30
2018-05-24,10464.3,10469.45,10461.55,10466.75,11:45:00,10462.836667460564,3,31
2018-05-24,10464.85,10472.6,10464.65,10464.65,11:50:00,10463.0284134167,3,32
2018-05-24,10467.65,10468.55,10463.25,10465.0,11:55:00,10463.468564519872,3,33
2018-05-24,10463.2,10468.75,10462.8,10467.25,12:00:00,10463.442986946551,3,34
2018-05-24,10464.9,10465.65,10459.6,10462.35,12:05:00,10463.581750094498,3,35
2018-05-24,10467.8,10468.2,10463.9,10464.25,12:10:00,10463.983488180736,3,36
2018-05-24,10476.5,10476.95,10467.45,10467.55,12:15:00,10465.175536925426,3,37
2018-05-24,10476.65,10478.0,10473.35,10476.0,12:20:00,10466.268342932528,3,38
2018-05-24,10479.85,10481.2,10474.7,10476.85,12:25:00,10467.561834081813,3,39
2018-05-24,10474.15,10480.15,10472.3,10479.35,12:30:00,10468.189278454973,3,40
2018-05-24,10478.8,10480.1,10473.05,10473.15,12:35:00,10469.199823364022,3,41
2018-05-24,10479.25,10483.75,10478.7,10478.85,12:40:00,10470.156983043638,3,42
2018-05-24,10485.95,10486.0,10479.0,10479.2,12:45:00,10471.661079896625,3,43
2018-05-24,10488.2,10490.45,10485.35,10486.15,12:50:00,10473.236215144563,3,44
2018-05-24,10484.15,10488.5,10481.8,10487.4,12:55:00,10474.275623226034,3,45
2018-05-24,10486.45,10487.4,10481.3,10484.3,13:00:00,10475.435087680698,3,46
2018-05-24,10497.05,10498.9,10486.8,10488.05,13:05:00,10477.493650758728,3,47
2018-05-24,10495.5,10503.65,10495.4,10499.35,13:10:00,10479.20854116266,3,48
2018-05-24,10502.7,10506.5,10494.65,10496.95,13:15:00,10481.445822956692,3,49
2018-05-24,10507.45,10508.75,10499.2,10504.45,13:20:00,10483.92241124653,3,50
2018-05-24,10511.25,10513.75,10504.7,10509.45,13:25:00,10486.525038746862,3,51
2018-05-24,10505.9,10519.05,10505.7,10512.45,13:30:00,10488.370273151922,3,52
2018-05-24,10502.65,10512.1,10502.65,10508.05,13:35:00,10489.730247137451,3,53
2018-05-24,10495.65,10504.05,10490.8,10504.05,13:40:00,10490.294033124364,3,54
2018-05-24,10482.45,10497.25,10482.1,10497.25,13:45:00,10489.546982350614,3,55
2018-05-24,10488.2,10490.05,10479.95,10484.0,13:50:00,10489.418698317222,3,56
2018-05-24,10482.15,10491.85,10481.1,10489.6,13:55:00,10488.72644133463,3,57
2018-05-24,10458.85,10485.7,10457.9,10484.9,14:00:00,10485.881065969426,3,58
2018-05-24,10465.3,10465.95,10451.75,10459.3,14:05:00,10483.920964448527,3,59
2018-05-24,10455.55,10467.8,10455.25,10465.45,14:10:00,10481.218967834382,3,60
2018-05-24,10469.6,10470.85,10455.25,10455.85,14:15:00,10480.112399469204,3,61
2018-05-24,10466.6,10477.15,10463.5,10469.9,14:20:00,10478.82550428166,3,62
2018-05-24,10469.0,10469.0,10461.35,10466.75,14:25:00,10477.88974196912,3,63
2018-05-24,10477.35,10478.15,10467.2,10469.4,14:30:00,10477.838337972062,3,64
2018-05-24,10474.9,10478.05,10471.45,10477.45,14:35:00,10477.558496260435,3,65
2018-05-24,10477.9,10477.9,10471.5,10475.1,14:40:00,10477.591020426107,3,66
2018-05-24,10488.2,10488.75,10478.05,10478.05,14:45:00,10478.601399433146,3,67
2018-05-24,10487.6,10495.25,10486.85,10488.35,14:50:00,10479.458409010942,3,68
2018-05-24,10485.7,10490.25,10482.7,10487.85,14:55:00,10480.052846247994,3,69
2018-05-24,10491.75,10491.75,10480.9,10486.05,15:00:00,10481.166860891042,3,70
2018-05-24,10501.6,10502.6,10492.2,10492.45,15:05:00,10483.112874139511,3,71
2018-05-24,10513.15,10516.75,10501.85,10501.85,15:10:00,10485.973552792891,3,72
2018-05-24,10518.65,10523.6,10512.65,10513.0,15:15:00,10489.085595384046,3,73
2018-05-24,10524.5,10525.9,10517.4,10518.85,15:20:00,10492.458395823662,3,74
2018-05-24,10532.3,10535.15,10523.55,10524.65,15:25:00,10496.252834316649,3,75
2018-05-25,10540.35,10540.85,10524.0,10528.75,09:15:00,10500.452564381729,4,1
2018-05-25,10554.65,10559.2,10541.1,10541.1,09:20:00,10505.614224916802,4,2
2018-05-25,10558.25,10561.25,10551.65,10554.3,09:25:00,10510.627155877106,4,3
2018-05-25,10569.55,10573.1,10559.4,10559.4,09:30:00,10516.238855317382,4,4
2018-05-25,10559.95,10570.1,10558.05,10569.85,09:35:00,10520.401821477632,4,5
2018-05-25,10555.0,10561.1,10548.95,10559.5,09:40:00,10523.696886098807,4,6
2018-05-25,10559.85,10565.05,10551.6,10555.1,09:45:00,10527.140039803686,4,7
2018-05-25,10555.75,10563.5,10554.3,10559.45,09:50:00,10529.86479791762,4,8
2018-05-25,10562.25,10563.05,10554.75,10556.05,09:55:00,10532.949102877848,4,9
2018-05-25,10563.45,10564.4,10559.4,10562.0,10:00:00,10535.853950222812,4,10
2018-05-25,10555.6,10564.75,10554.3,10563.9,10:05:00,10537.734526392069,4,11
2018-05-25,10558.6,10559.6,10553.75,10555.55,10:10:00,10539.721714354728,4,12
2018-05-25,10562.45,10566.0,10557.95,10559.25,10:15:00,10541.886312987612,4,13
2018-05-25,10561.2,10562.2,10557.3,10562.2,10:20:00,10543.725711750698,4,14
2018-05-25,10559.55,10563.0,10559.55,10561.1,10:25:00,10545.23278682206,4,15
2018-05-25,10564.7,10566.2,10560.35,10560.7,10:30:00,10547.08680712472,4,16
2018-05-25,10571.35,10573.25,10564.5,10564.95,10:35:00,10549.397587398556,4,17
2018-05-25,10572.05,10578.3,10571.0,10571.6,10:40:00,10551.554960027266,4,18
2018-05-25,10572.45,10577.2,10571.85,10572.95,10:45:00,10553.544963834192,4,19
2018-05-25,10569.9,10576.5,10568.8,10572.5,10:50:00,10555.102586326171,4,20
2018-05-25,10569.9,10570.3,10565.3,10569.8,10:55:00,10556.511863818918,4,21
2018-05-25,10567.9,10570.5,10565.6,10570.5,11:00:00,10557.596448217117,4,22
2018-05-25,10570.0,10570.4,10564.25,10568.3,11:05:00,10558.777738863106,4,23
2018-05-25,10576.25,10577.8,10568.15,10570.5,11:10:00,10560.441763733286,4,24
2018-05-25,10571.5,10577.2,10570.4,10576.65,11:15:00,10561.49492909202,4,25
2018-05-25,10568.2,10572.2,10567.8,10571.75,11:20:00,10562.133507273733,4,26
2018-05-25,10569.75,10572.35,10567.1,10568.75,11:25:00,10562.858887533375,4,27
2018-05-25,10572.65,10573.35,10568.7,10570.5,11:30:00,10563.79137443496,4,28
2018-05-25,10571.7,10573.4,10570.8,10572.75,11:35:00,10564.544576869726,4,29
2018-05-25,10568.6,10572.55,10567.65,10572.55,11:40:00,10564.930807644036,4,30
2018-05-25,10562.8,10569.35,10559.45,10569.35,11:45:00,10564.7278735827,4,31
2018-05-25,10563.8,10564.8,10559.6,10562.9,11:50:00,10564.639504670064,4,32
2018-05-25,10558.4,10564.05,10558.05,10564.0,11:55:00,10564.045266130055,4,33
2018-05-25,10566.95,10567.4,10556.5,10559.05,12:00:00,10564.321907451003,4,34
2018-05-25,10570.85,10572.45,10566.0,10567.6,12:05:00,10564.943630550908,4,35
2018-05-25,10568.0,10571.25,10564.65,10571.25,12:10:00,10565.234713355583,4,36
2018-05-25,10563.4,10568.2,10560.85,10568.2,12:15:00,10565.059978750289,4,37
2018-05-25,10565.1,10568.1,10562.9,10563.75,12:20:00,10565.06379029788,4,38
2018-05-25,10564.4,10567.9,10563.4,10565.65,12:25:00,10565.000572174276,4,39
2018-05-25,10565.65,10567.45,10562.65,10564.6,12:30:00,10565.06242244339,4,40
2018-05-25,10564.25,10566.7,10563.65,10566.2,12:35:00,10564.985048877354,4,41
2018-05-25,10566.3,10567.2,10561.25,10564.75,12:40:00,10565.110282317604,4,42
2018-05-25,10568.65,10572.1,10565.8,10566.4,12:45:00,10565.447398287355,4,43
2018-05-25,10566.85,10570.5,10565.8,10568.7,12:50:00,10565.580979402845,4,44
2018-05-25,10568.65,10570.15,10564.1,10567.1,12:55:00,10565.873267078763,4,45
2018-05-25,10572.0,10577.2,10567.85,10568.15,13:00:00,10566.456765452214,4,46
2018-05-25,10576.4,10576.85,10569.05,10572.6,13:05:00,10567.40374017105,4,47
2018-05-25,10581.25,10584.8,10577.0,10577.0,13:10:00,10568.722431583332,4,48
2018-05-25,10584.95,10592.9,10580.65,10581.85,13:15:00,10570.26791428968,4,49
2018-05-25,10582.95,10593.1,10582.95,10585.7,13:20:00,10571.475731976378,4,50
2018-05-25,10590.15,10592.15,10582.55,10583.9,13:25:00,10573.254233692916,4,51
2018-05-25,10588.6,10591.95,10587.75,10589.9,13:30:00,10574.715735245967,4,52
2018-05-25,10597.0,10600.75,10589.95,10589.95,13:35:00,10576.838046174924,4,53
2018-05-25,10600.15,10603.85,10596.55,10598.25,13:40:00,10579.058232253505,4,54
2018-05-25,10604.05,10607.9,10600.85,10601.7,13:45:00,10581.438400610312,4,55
2018-05-25,10602.8,10607.55,10602.35,10605.2,13:50:00,10583.472838647423,4,56
2018-05-25,10607.75,10609.35,10598.85,10602.65,13:55:00,10585.784949252433,4,57
2018-05-25,10608.55,10610.25,10604.3,10608.2,14:00:00,10587.95304932363,4,58
2018-05-25,10616.8,10620.0,10607.55,10609.15,14:05:00,10590.700377959476,4,59
2018-05-25,10617.45,10620.4,10615.65,10616.35,14:10:00,10593.247961010957,4,60
2018-05-25,10611.25,10620.85,10610.55,10618.5,14:15:00,10594.962440914676,4,61
2018-05-25,10623.95,10628.05,10609.15,10611.85,14:20:00,10597.723160827562,4,62
2018-05-25,10619.9,10625.9,10619.9,10624.45,14:25:00,10599.835240748744,4,63
2018-05-25,10624.15,10624.25,10616.0,10621.35,14:30:00,10602.15093210601,4,64
2018-05-25,10623.35,10624.5,10616.85,10624.5,14:35:00,10604.169890953057,4,65
2018-05-25,10622.9,10627.55,10617.05,10623.85,14:40:00,10605.95371086229,4,66
2018-05-25,10613.5,10625.25,10612.3,10625.25,14:45:00,10606.67240506588,4,67
2018-05-25,10611.35,10623.0,10611.0,10615.25,14:50:00,10607.117890297704,4,68
2018-05-25,10600.8,10613.75,10599.85,10612.9,14:55:00,10606.516186459829,4,69
2018-05-25,10604.0,10608.85,10596.85,10601.1,15:00:00,10606.276549654129,4,70
2018-05-25,10585.1,10604.25,10584.8,10604.2,15:05:00,10604.259735401354,4,71
2018-05-25,10596.85,10600.35,10585.1,10585.6,15:10:00,10603.554046315512,4,72
2018-05-25,10609.4,10609.7,10595.2,10596.65,15:15:00,10604.110803809272,4,73
2018-05-25,10619.5,10625.6,10608.7,10609.35,15:20:00,10605.576441541722,4,74
2018-05-25,10612.85,10620.3,10609.8,10619.65,15:25:00,10606.269161394892,4,75
2018-05-28,10658.95,10659.3,10640.55,10643.2,09:15:00,10611.286384119188,0,1
2018-05-28,10660.85,10666.05,10657.9,10659.7,09:20:00,10616.00672848879,0,2
2018-05-28,10669.55,10673.1,10659.2,10660.8,09:25:00,10621.106087680331,0,3
2018-05-28,10667.45,10671.05,10663.95,10668.75,09:30:00,10625.51979361554,0,4
2018-05-28,10661.9,10668.25,10659.95,10667.55,09:35:00,10628.984575175964,0,5
2018-05-28,10666.0,10670.3,10661.1,10662.15,09:40:00,10632.509853730631,0,6
2018-05-28,10661.95,10670.2,10661.5,10665.9,09:45:00,10635.31367718486,0,7
2018-05-28,10661.0,10661.25,10652.0,10661.25,09:50:00,10637.759993643444,0,8
2018-05-28,10662.65,10667.0,10659.35,10660.8,09:55:00,10640.130470439306,0,9
2018-05-28,10667.8,10669.85,10661.9,10662.4,10:00:00,10642.7656637308,0,10
2018-05-28,10668.35,10670.75,10664.5,10667.7,10:05:00,10645.20226718501,0,11
2018-05-28,10667.45,10669.75,10659.65,10667.95,10:10:00,10647.321098881675,0,12
2018-05-28,10673.1,10675.05,10667.15,10667.25,10:15:00,10649.776232321516,0,13
2018-05-28,10678.6,10679.55,10673.25,10673.45,10:20:00,10652.521353052802,0,14
2018-05-28,10671.05,10678.85,10669.4,10678.25,10:25:00,10654.285986095392,0,15
2018-05-28,10678.8,10682.9,10671.5,10671.55,10:30:00,10656.620654086308,0,16
2018-05-28,10681.95,10682.45,10675.4,10678.45,10:35:00,10659.032972744755,0,17
2018-05-28,10679.45,10682.45,10675.1,10681.6,10:40:00,10660.97745153097,0,18
2018-05-28,10677.9,10681.2,10676.15,10679.2,10:45:00,10662.589122813732,0,19
2018-05-28,10678.0,10680.9,10676.55,10677.25,10:50:00,10664.056825402902,0,20
2018-05-28,10676.2,10678.65,10676.0,10677.5,10:55:00,10665.213318221671,0,21
2018-05-28,10669.7,10676.5,10668.9,10675.85,11:00:00,10665.64062124818,0,22
2018-05-28,10669.05,10670.2,10664.0,10669.5,11:05:00,10665.96532398645,0,23
2018-05-28,10669.9,10671.65,10667.55,10667.6,11:10:00,10666.340055035358,0,24
2018-05-28,10667.75,10671.6,10666.5,10669.45,11:15:00,10666.47433550818,0,25
2018-05-28,10671.9,10674.05,10666.7,10667.45,11:20:00,10666.991065459782,0,26
2018-05-28,10671.1,10672.25,10668.25,10672.25,11:25:00,10667.38239255885,0,27
2018-05-28,10671.95,10672.55,10669.15,10670.5,11:30:00,10667.81740279134,0,28
2018-05-28,10673.65,10674.95,10671.4,10671.4,11:35:00,10668.372888239785,0,29
2018-05-28,10666.65,10673.2,10666.25,10672.8,11:40:00,10668.208803645515,0,30
2018-05-28,10671.95,10672.1,10664.0,10666.15,11:45:00,10668.56510806023,0,31
2018-05-28,10673.85,10675.45,10670.95,10670.95,11:50:00,10669.068431102112,0,32
2018-05-28,10676.05,10679.05,10670.6,10672.95,11:55:00,10669.73334242572,0,33
2018-05-28,10673.95,10678.35,10673.3,10675.2,12:00:00,10670.134928861367,0,34
2018-05-28,10677.75,10679.2,10672.35,10673.75,12:05:00,10670.860173731711,0,35
2018-05-28,10680.5,10681.55,10676.75,10677.25,12:10:00,10671.77825242393,0,36
2018-05-28,10684.0,10684.0,10678.45,10679.6,12:15:00,10672.942228383556,0,37
2018-05-28,10686.35,10686.4,10681.2,10683.25,12:20:00,10674.219159013694,0,38
2018-05-28,10688.8,10689.45,10685.3,10686.6,12:25:00,10675.6078105362,0,39
2018-05-28,10691.85,10691.85,10688.45,10688.7,12:30:00,10677.154685723228,0,40
2018-05-28,10691.8,10695.55,10689.65,10691.85,12:35:00,10678.54947755911,0,41
2018-05-28,10688.6,10691.9,10686.5,10691.0,12:40:00,10679.50667017253,0,42
2018-05-28,10691.2,10692.0,10688.35,10688.35,12:45:00,10680.62032063229,0,43
2018-05-28,10693.2,10694.55,10691.0,10691.5,12:50:00,10681.818385333976,0,44
2018-05-28,10688.3,10695.35,10688.3,10693.95,12:55:00,10682.435681968836,0,45
2018-05-28,10687.35,10688.05,10684.85,10687.85,13:00:00,10682.903712257516,0,46
2018-05-28,10693.45,10694.2,10686.95,10687.55,13:05:00,10683.908120613944,0,47
2018-05-28,10699.55,10701.55,10693.25,10694.1,13:10:00,10685.397823412615,0,48
2018-05-28,10695.9,10699.45,10692.4,10699.45,13:15:00,10686.398030706652,0,49
2018-05-28,10691.2,10697.35,10690.9,10695.85,13:20:00,10686.855361115544,0,50
2018-05-28,10688.55,10692.75,10688.3,10691.85,13:25:00,10687.016755295015,0,51
2018-05-28,10693.85,10694.0,10686.85,10688.35,13:30:00,10687.667540505015,0,52
2018-05-28,10694.75,10697.45,10692.3,10694.05,13:35:00,10688.342060456918,0,53
2018-05-28,10692.85,10696.05,10692.05,10694.85,13:40:00,10688.77138803245,0,54
2018-05-28,10693.3,10694.5,10689.75,10693.45,13:45:00,10689.202684410311,0,55
2018-05-28,10693.35,10695.15,10691.9,10693.5,13:50:00,10689.597666847423,0,56
2018-05-28,10688.2,10694.8,10687.45,10693.3,13:55:00,10689.464555719096,0,57
2018-05-28,10692.1,10692.45,10687.2,10689.25,14:00:00,10689.715550412517,0,58
2018-05-28,10693.6,10695.15,10690.85,10691.7,14:05:00,10690.085497992275,0,59
2018-05-28,10694.3,10696.65,10692.8,10693.2,14:10:00,10690.48687913587,0,60
2018-05-28,10700.3,10700.3,10694.0,10694.5,14:15:00,10691.421462075312,0,61
2018-05-28,10697.65,10701.7,10695.0,10699.4,14:20:00,10692.014656163376,0,62
2018-05-28,10694.65,10698.85,10694.5,10697.6,14:25:00,10692.265641290674,0,63
2018-05-28,10695.55,10697.05,10691.2,10694.35,14:30:00,10692.57843735823,0,64
2018-05-28,10703.3,10705.45,10695.2,10695.2,14:35:00,10693.599538562208,0,65
2018-05-28,10701.2,10703.55,10699.0,10703.55,14:40:00,10694.323392032473,0,66
2018-05-28,10707.5,10709.8,10700.3,10700.3,14:45:00,10695.578307077,0,67
2018-05-28,10697.6,10708.15,10697.3,10706.8,14:50:00,10695.770849260143,0,68
2018-05-28,10702.45,10704.1,10695.95,10697.05,14:55:00,10696.406958854415,0,69
2018-05-28,10699.75,10707.4,10699.55,10702.6,15:00:00,10696.725343725424,0,70
2018-05-28,10693.25,10703.2,10692.15,10700.15,15:05:00,10696.394358608715,0,71
2018-05-28,10689.9,10695.55,10686.15,10691.7,15:10:00,10695.77584826503,0,72
2018-05-28,10689.45,10691.1,10684.25,10689.95,15:15:00,10695.173386525505,0,73
2018-05-28,10682.45,10690.1,10680.6,10688.7,15:20:00,10693.961635427837,0,74
2018-05-28,10682.95,10685.95,10679.05,10681.9,15:25:00,10692.91290824423,0,75
2018-05-29,10676.95,10689.85,10664.8,10684.1,09:15:00,10691.39263126859,1,1
2018-05-29,10675.75,10675.8,10663.95,10675.8,09:20:00,10689.902856862058,1,2
2018-05-29,10672.6,10680.3,10670.6,10676.55,09:25:00,10688.25496573234,1,3
2018-05-29,10675.05,10675.05,10666.65,10672.15,09:30:00,10686.997349948308,1,4
2018-05-29,10682.05,10684.9,10673.35,10674.85,09:35:00,10686.526173762755,1,5
2018-05-29,10691.0,10693.05,10680.95,10682.3,09:40:00,10686.952252452018,1,6
2018-05-29,10690.6,10695.6,10690.4,10691.45,09:45:00,10687.299656980396,1,7
2018-05-29,10691.0,10694.9,10690.6,10690.65,09:50:00,10687.65207060131,1,8
2018-05-29,10683.8,10691.0,10672.05,10690.6,09:55:00,10687.28520673452,1,9
2018-05-29,10676.85,10686.2,10676.85,10683.6,10:00:00,10686.29137752171,1,10
2018-05-29,10679.95,10682.5,10675.95,10677.05,10:05:00,10685.687436805356,1,11
2018-05-29,10688.35,10689.4,10680.15,10680.15,10:10:00,10685.941014252465,1,12
2018-05-29,10692.2,10693.0,10684.45,10687.35,10:15:00,10686.53710813318,1,13
2018-05-29,10687.05,10693.75,10686.1,10692.45,10:20:00,10686.58595497764,1,14
2018-05-29,10690.8,10691.45,10685.75,10687.4,10:25:00,10686.987292598817,1,15
2018-05-29,10695.5,10696.45,10690.85,10690.85,10:30:00,10687.798026637023,1,16
2018-05-29,10700.55,10701.85,10693.55,10695.35,10:35:00,10689.012500290642,1,17
2018-05-29,10707.5,10709.3,10699.4,10700.7,10:40:00,10690.773214548675,1,18
2018-05-29,10699.3,10708.15,10698.35,10707.8,10:45:00,10691.585289353565,1,19
2018-05-29,10695.5,10700.8,10695.5,10699.35,10:50:00,10691.95811893894,1,20
2018-05-29,10699.95,10703.85,10695.95,10696.05,10:55:00,10692.719250468564,1,21
2018-05-29,10701.9,10703.15,10700.05,10700.1,11:00:00,10693.593607566796,1,22
2018-05-29,10695.45,10701.85,10694.1,10701.85,11:05:00,10693.77040684615,1,23
2018-05-29,10700.25,10700.3,10694.95,10695.5,11:10:00,10694.38751095604,1,24
2018-05-29,10699.8,10704.15,10698.45,10700.8,11:15:00,10694.902986103083,1,25
2018-05-29,10706.2,10707.4,10698.7,10699.3,11:20:00,10695.978892188505,1,26
2018-05-29,10713.75,10714.9,10704.85,10705.45,11:25:00,10697.671378646744,1,27
2018-05-29,10712.1,10717.25,10711.15,10713.8,11:30:00,10699.04553306134,1,28
2018-05-29,10708.75,10712.25,10705.45,10711.75,11:35:00,10699.969768007875,1,29
2018-05-29,10708.5,10710.45,10705.55,10708.55,11:40:00,10700.782171054749,1,30
2018-05-29,10703.2,10708.3,10700.85,10708.3,11:45:00,10701.012440478104,1,31
2018-05-29,10703.9,10707.25,10700.9,10703.65,11:50:00,10701.287446146856,1,32
2018-05-29,10692.65,10704.05,10692.4,10704.05,11:55:00,10700.464832228108,1,33
2018-05-29,10683.45,10693.5,10680.75,10693.35,12:00:00,10698.844372015908,1,34
2018-05-29,10682.35,10685.35,10679.25,10683.65,12:05:00,10697.273479442963,1,35
2018-05-29,10671.0,10683.6,10669.0,10682.05,12:10:00,10694.77124330554,1,36
2018-05-29,10674.15,10676.3,10663.5,10671.5,12:15:00,10692.80731537168,1,37
2018-05-29,10675.65,10677.75,10670.75,10675.1,12:20:00,10691.173285336285,1,38
2018-05-29,10677.85,10681.25,10674.85,10675.5,12:25:00,10689.904401018544,1,39
2018-05-29,10669.55,10678.75,10669.1,10678.45,12:30:00,10687.965886635824,1,40
2018-05-29,10670.55,10673.55,10665.85,10669.85,12:35:00,10686.307230765746,1,41
2018-05-29,10671.9,10671.9,10665.7,10670.95,12:40:00,10684.93511354996,1,42
2018-05-29,10675.95,10679.2,10672.15,10672.3,12:45:00,10684.079388449964,1,43
2018-05-29,10677.35,10679.85,10675.1,10676.95,12:50:00,10683.438494311871,1,44
2018-05-29,10677.35,10678.1,10672.05,10677.8,12:55:00,10682.85863771074,1,45
2018-05-29,10669.05,10677.6,10668.0,10677.2,13:00:00,10681.543529357336,1,46
2018-05-29,10654.95,10669.35,10653.85,10669.35,13:05:00,10679.010812275686,1,47
2018-05-29,10659.05,10659.45,10647.3,10655.45,13:10:00,10677.109782535144,1,48
2018-05-29,10653.5,10659.4,10650.55,10659.4,13:15:00,10674.861231817513,1,49
2018-05-29,10657.05,10659.25,10652.75,10653.65,13:20:00,10673.164924025368,1,50
2018-05-29,10662.1,10664.15,10655.15,10657.25,13:25:00,10672.111121737238,1,51
2018-05-29,10656.4,10662.2,10642.85,10662.2,13:30:00,10670.614824428929,1,52
2018-05-29,10663.05,10664.05,10655.45,10656.9,13:35:00,10669.894364959508,1,53
2018-05-29,10662.15,10668.15,10659.55,10662.75,13:40:00,10669.156806391937,1,54
2018-05-29,10658.75,10663.35,10655.15,10662.45,13:45:00,10668.165681973656,1,55
2018-05-29,10650.65,10659.65,10649.1,10659.3,13:50:00,10666.49752178569,1,56
2018-05-29,10643.55,10651.0,10641.7,10650.75,13:55:00,10664.312043520384,1,57
2018-05-29,10643.0,10646.7,10635.5,10643.45,14:00:00,10662.282325089873,1,58
2018-05-29,10641.1,10646.55,10639.65,10643.45,14:05:00,10660.2649607956,1,59
2018-05-29,10639.55,10642.65,10636.45,10640.85,14:10:00,10658.292107386496,1,60
2018-05-29,10640.8,10643.9,10634.65,10640.3,14:15:00,10656.626192397303,1,61
2018-05-29,10644.35,10650.65,10640.15,10640.85,14:20:00,10655.457031216609,1,62
2018-05-29,10646.2,10649.4,10640.3,10644.95,14:25:00,10654.57540919598,1,63
2018-05-29,10624.7,10645.7,10623.4,10645.4,14:30:00,10651.730132129696,1,64
2018-05-29,10618.7,10627.35,10618.25,10624.6,14:35:00,10648.5844052602,1,65
2018-05-29,10633.6,10633.8,10616.1,10618.45,14:40:00,10647.157319044942,1,66
2018-05-29,10626.2,10634.45,10625.6,10633.0,14:45:00,10645.161383897805,1,67
2018-05-29,10631.7,10632.05,10626.05,10626.3,14:50:00,10643.87934733611,1,68
2018-05-29,10642.0,10645.9,10631.3,10631.55,14:55:00,10643.700361875528,1,69
2018-05-29,10637.8,10642.35,10632.45,10642.35,15:00:00,10643.138422649286,1,70
2018-05-29,10630.35,10638.2,10630.35,10638.2,15:05:00,10641.920477635069,1,71
2018-05-29,10636.95,10636.95,10627.4,10630.8,15:10:00,10641.44709881268,1,72
2018-05-29,10635.35,10636.75,10631.3,10636.75,15:15:00,10640.866422735284,1,73
2018-05-29,10631.85,10635.75,10630.4,10635.7,15:20:00,10640.007715808111,1,74
2018-05-29,10631.3,10634.65,10626.85,10632.7,15:25:00,10639.178409540673,1,75
2018-05-30,10578.4,10578.4,10564.15,10572.9,09:15:00,10633.38998958442,2,1
2018-05-30,10574.45,10588.65,10574.45,10578.35,09:20:00,10627.776657243046,2,2
2018-05-30,10566.0,10576.1,10563.85,10576.1,09:25:00,10621.89316607704,2,3
2018-05-30,10573.7,10574.1,10558.45,10566.35,09:30:00,10617.303340736373,2,4
2018-05-30,10576.05,10579.6,10571.4,10574.35,09:35:00,10613.37445114243,2,5
2018-05-30,10580.1,10580.25,10570.15,10576.15,09:40:00,10610.205455795533,2,6
2018-05-30,10590.45,10596.0,10578.6,10578.85,09:45:00,10608.323983815006,2,7
2018-05-30,10598.75,10602.15,10583.9,10590.95,09:50:00,10607.412175832624,2,8
2018-05-30,10597.4,10599.35,10588.35,10598.65,09:55:00,10606.458635277137,2,9
2018-05-30,10593.2,10600.75,10593.2,10597.5,10:00:00,10605.195908107884,2,10
2018-05-30,10586.85,10594.4,10586.4,10593.3,10:05:00,10603.448678764276,2,11
2018-05-30,10586.05,10590.45,10582.45,10586.65,10:10:00,10601.791661739106,2,12
2018-05-30,10583.75,10586.4,10581.25,10586.1,10:15:00,10600.073408240143,2,13
2018-05-30,10585.6,10585.6,10578.55,10584.0,10:20:00,10598.694988407748,2,14
2018-05-30,10584.15,10586.8,10581.6,10585.2,10:25:00,10597.309751416533,2,15
2018-05-30,10583.25,10584.15,10578.0,10584.05,10:30:00,10595.9707274721,2,16
2018-05-30,10580.8,10583.85,10577.8,10583.2,10:35:00,10594.525896284282,2,17
2018-05-30,10573.9,10581.6,10573.85,10580.7,10:40:00,10592.561525209589,2,18
2018-05-30,10576.5,10578.9,10573.75,10573.75,10:45:00,10591.031856142008,2,19
2018-05-30,10570.6,10580.25,10570.25,10577.0,10:50:00,10589.085965080863,2,20
2018-05-30,10574.35,10576.0,10569.7,10570.4,10:55:00,10587.682539835068,2,21
2018-05-30,10567.55,10575.65,10565.05,10574.45,11:00:00,10585.765155088871,2,22
2018-05-30,10564.95,10570.3,10564.85,10567.35,11:05:00,10583.78275936612,2,23
2018-05-30,10565.05,10567.75,10563.1,10564.9,11:10:00,10581.998687045536,2,24
2018-05-30,10569.95,10570.4,10563.75,10565.55,11:15:00,10580.8511930412,2,25
2018-05-30,10573.9,10577.0,10567.5,10569.8,11:20:00,10580.18917465632,2,26
2018-05-30,10577.95,10579.1,10572.1,10574.0,11:25:00,10579.975919927148,2,27
2018-05-30,10579.75,10583.0,10575.55,10578.1,11:30:00,10579.95440374361,2,28
2018-05-30,10584.85,10584.9,10577.35,10579.85,11:35:00,10580.420651006125,2,29
2018-05-30,10585.1,10587.05,10582.85,10585.05,11:40:00,10580.866303291255,2,30
2018-05-30,10593.5,10593.75,10585.2,10585.2,11:45:00,10582.069512501612,2,31
2018-05-30,10598.1,10602.7,10593.55,10593.55,11:50:00,10583.596225596695,2,32
2018-05-30,10590.45,10597.85,10588.85,10597.85,11:55:00,10584.24896601606,2,33
2018-05-30,10584.35,10590.65,10584.3,10590.55,12:00:00,10584.258588300245,2,34
2018-05-30,10591.2,10591.95,10584.6,10584.6,12:05:00,10584.919675128793,2,35
2018-05-30,10589.4,10592.85,10588.1,10591.15,12:10:00,10585.346372735574,2,36
2018-05-30,10587.35,10596.3,10586.7,10589.7,12:15:00,10585.537194379804,2,37
2018-05-30,10587.5,10588.7,10584.5,10587.8,12:20:00,10585.724128248396,2,38
2018-05-30,10595.35,10596.9,10587.5,10587.75,12:25:00,10586.640877939026,2,39
2018-05-30,10601.6,10602.8,10594.0,10595.6,12:30:00,10588.065556230547,2,40
2018-05-30,10603.45,10603.7,10596.4,10601.7,12:35:00,10589.530741351447,2,41
2018-05-30,10602.7,10610.7,10602.35,10603.95,12:40:00,10590.784956460831,2,42
2018-05-30,10601.2,10605.25,10600.35,10603.15,12:45:00,10591.776865369326,2,43
2018-05-30,10611.4,10612.15,10601.1,10601.35,12:50:00,10593.645735334152,2,44
2018-05-30,10612.1,10615.8,10609.45,10610.95,12:55:00,10595.403284349946,2,45
2018-05-30,10620.0,10623.6,10612.5,10612.5,13:00:00,10597.745828697569,2,46
2018-05-30,10632.95,10633.85,10620.05,10620.3,13:05:00,10601.098606916848,2,47
2018-05-30,10644.1,10648.7,10631.95,10633.05,13:10:00,10605.193977686671,2,48
2018-05-30,10632.35,10646.4,10631.45,10644.9,13:15:00,10607.780265526038,2,49
2018-05-30,10627.35,10632.0,10620.45,10632.0,13:20:00,10609.644049761651,2,50
2018-05-30,10619.9,10628.3,10619.65,10628.0,13:25:00,10610.620806927209,2,51
2018-05-30,10626.75,10627.0,10619.45,10620.35,13:30:00,10612.15692055319,2,52
2018-05-30,10623.6,10632.65,10623.5,10627.0,13:35:00,10613.246737643363,2,53
2018-05-30,10628.35,10628.35,10622.1,10623.8,13:40:00,10614.685143582092,2,54
2018-05-30,10622.1,10628.65,10619.45,10627.4,13:45:00,10615.391320383796,2,55
2018-05-30,10604.75,10623.05,10603.8,10621.7,13:50:00,10614.377861299628,2,56
2018-05-30,10604.5,10608.35,10600.85,10605.65,13:55:00,10613.437112604424,2,57
2018-05-30,10597.9,10605.05,10597.35,10605.05,14:00:00,10611.95738759448,2,58
2018-05-30,10594.95,10598.25,10588.4,10598.0,14:05:00,10610.337636395006,2,59
2018-05-30,10585.55,10598.5,10585.05,10595.1,14:10:00,10607.976909119292,2,60
2018-05-30,10589.1,10591.55,10579.85,10585.65,14:15:00,10606.179108250788,2,61
2018-05-30,10605.3,10606.85,10586.1,10588.95,14:20:00,10606.095383655476,2,62
2018-05-30,10601.85,10606.0,10597.65,10605.1,14:25:00,10605.691061402573,2,63
2018-05-30,10610.5,10613.65,10601.05,10602.4,14:30:00,10606.149055554708,2,64
2018-05-30,10616.6,10619.75,10607.1,10610.45,14:35:00,10607.144383597117,2,65
2018-05-30,10604.65,10621.5,10604.6,10616.85,14:40:00,10606.906823254534,2,66
2018-05-30,10610.45,10615.45,10599.5,10604.55,14:45:00,10607.244268658864,2,67
2018-05-30,10607.5,10617.0,10603.2,10609.75,14:50:00,10607.268624024686,2,68
2018-05-30,10608.25,10609.95,10603.7,10607.25,14:55:00,10607.362088403286,2,69
2018-05-30,10601.2,10608.9,10600.9,10607.95,15:00:00,10606.775222841068,2,70
2018-05-30,10610.0,10610.7,10599.4,10600.95,15:05:00,10607.082344475251,2,71
2018-05-30,10612.3,10614.65,10605.95,10609.8,15:10:00,10607.57926404904,2,72
2018-05-30,10621.9,10624.7,10611.75,10612.15,15:15:00,10608.943143663417,2,73
2018-05-30,10614.7,10622.4,10614.35,10621.3,15:20:00,10609.491415695473,2,74
2018-05-30,10615.1,10618.05,10614.7,10614.75,15:25:00,10610.025566581617,2,75
2018-05-31,10645.1,10676.1,10643.5,10665.6,09:15:00,10613.36598881194,3,1
2018-05-31,10648.7,10654.4,10643.1,10645.85,09:20:00,10616.731132734612,3,2
2018-05-31,10653.45,10657.05,10648.0,10648.9,09:25:00,10620.228167712268,3,3
2018-05-31,10648.55,10653.7,10646.7,10653.7,09:30:00,10622.925485073005,3,4
2018-05-31,10639.2,10648.95,10635.35,10648.5,09:35:00,10624.475438875575,3,5
2018-05-31,10636.1,10641.85,10636.1,10639.05,09:40:00,10625.582539935043,3,6
2018-05-31,10636.25,10637.0,10630.0,10636.2,09:45:00,10626.59848851266,3,7
2018-05-31,10638.1,10643.75,10636.1,10636.3,09:50:00,10627.693870559073,3,8
2018-05-31,10633.4,10639.75,10633.0,10638.15,09:55:00,10628.23731145821,3,9
2018-05-31,10628.35,10633.45,10625.6,10632.85,10:00:00,10628.248043700283,3,10
2018-05-31,10623.7,10636.25,10623.25,10628.4,10:05:00,10627.81489668121,3,11
2018-05-31,10625.5,10631.4,10623.5,10623.8,10:10:00,10627.59443033062,3,12
2018-05-31,10628.75,10630.95,10620.4,10625.9,10:15:00,10627.704484584843,3,13
2018-05-31,10629.6,10635.7,10628.7,10628.9,10:20:00,10627.88500986248,3,14
2018-05-31,10632.55,10635.6,10629.45,10629.55,10:25:00,10628.32929463748,3,15
2018-05-31,10636.4,10636.85,10631.85,10632.45,10:30:00,10629.097933243434,3,16
2018-05-31,10643.25,10644.6,10636.65,10636.7,10:35:00,10630.445749125012,3,17
2018-05-31,10643.3,10647.05,10642.8,10643.6,10:40:00,10631.669963494058,3,18
2018-05-31,10648.85,10649.5,10643.4,10643.7,10:45:00,10633.306157447005,3,19
2018-05-31,10648.95,10653.75,10646.95,10649.7,10:50:00,10634.796047213957,3,20
2018-05-31,10651.25,10653.95,10648.6,10649.5,10:55:00,10636.363090336436,3,21
2018-05-31,10647.05,10652.0,10644.05,10651.95,11:00:00,10637.380891256777,3,22
2018-05-31,10649.85,10651.55,10645.6,10647.0,11:05:00,10638.568425422798,3,23
2018-05-31,10650.6,10651.8,10648.25,10649.95,11:10:00,10639.714289668247,3,24
2018-05-31,10646.8,10651.35,10644.35,10651.0,11:15:00,10640.389119223652,3,25
2018-05-31,10652.7,10654.3,10646.85,10646.9,11:20:00,10641.561584059496,3,26
2018-05-31,10649.65,10654.85,10649.55,10652.4,11:25:00,10642.33190938716,3,27
2018-05-31,10644.9,10649.75,10644.3,10649.75,11:30:00,10642.576489445526,3,28
2018-05-31,10648.5,10650.8,10644.9,10645.05,11:35:00,10643.140633307858,3,29
2018-05-31,10651.2,10651.85,10646.85,10648.55,11:40:00,10643.908192040442,3,30
2018-05-31,10649.75,10652.4,10649.6,10651.05,11:45:00,10644.464554703258,3,31
2018-05-31,10648.2,10651.25,10647.65,10650.1,11:50:00,10644.820311398184,3,32
2018-05-31,10658.0,10659.15,10648.05,10648.05,11:55:00,10646.075519836451,3,33
2018-05-31,10661.6,10665.25,10657.25,10658.3,12:00:00,10647.55404175679,3,34
2018-05-31,10660.35,10666.9,10660.2,10662.1,12:05:00,10648.77270444662,3,35
2018-05-31,10659.45,10660.9,10657.05,10660.5,12:10:00,10649.789589737418,3,36
2018-05-31,10661.05,10661.95,10658.7,10659.5,12:15:00,10650.862009762426,3,37
2018-05-31,10658.0,10662.35,10657.1,10661.0,12:20:00,10651.54181835648,3,38
2018-05-31,10660.7,10661.2,10657.65,10657.8,12:25:00,10652.414026132052,3,39
2018-05-31,10660.9,10662.4,10658.6,10660.3,12:30:00,10653.222214119476,3,40
2018-05-31,10653.75,10661.2,10652.1,10660.8,12:35:00,10653.27247944143,3,41
2018-05-31,10653.85,10655.5,10651.55,10653.85,12:40:00,10653.327481399388,3,42
2018-05-31,10660.0,10660.25,10653.3,10653.9,12:45:00,10653.962959361352,3,43
2018-05-31,10659.1,10664.3,10658.55,10659.8,12:50:00,10654.452201326936,3,44
2018-05-31,10660.75,10661.65,10657.05,10659.05,12:55:00,10655.051991676752,3,45
2018-05-31,10661.25,10663.25,10660.3,10661.0,13:00:00,10655.642278183728,3,46
2018-05-31,10672.4,10673.85,10661.6,10661.65,13:05:00,10657.23825169004,3,47
2018-05-31,10670.75,10672.8,10668.65,10672.25,13:10:00,10658.525084862416,3,48
2018-05-31,10674.6,10676.85,10669.85,10670.65,13:15:00,10660.056029161236,3,49
2018-05-31,10674.3,10679.45,10673.6,10674.9,13:20:00,10661.412597812548,3,50
2018-05-31,10678.35,10679.05,10671.2,10674.45,13:25:00,10663.02568373516,3,51
2018-05-31,10664.7,10678.35,10659.5,10678.2,13:30:00,10663.18514242705,3,52
2018-05-31,10668.65,10670.8,10661.75,10665.05,13:35:00,10663.705605053045,3,53
2018-05-31,10672.15,10674.55,10668.0,10668.5,13:40:00,10664.509833143233,3,54
2018-05-31,10671.7,10672.65,10668.0,10672.25,13:45:00,10665.194610939114,3,55
2018-05-31,10670.15,10673.5,10667.0,10671.45,13:50:00,10665.666552754436,3,56
2018-05-31,10664.9,10670.15,10663.8,10669.85,13:55:00,10665.593547730206,3,57
2018-05-31,10663.25,10665.0,10655.05,10664.75,14:00:00,10665.370352708282,3,58
2018-05-31,10664.0,10665.3,10660.15,10662.7,14:05:00,10665.23984292654,3,59
2018-05-31,10660.15,10665.25,10658.45,10663.8,14:10:00,10664.755095981156,3,60
2018-05-31,10662.25,10666.0,10659.9,10660.55,14:15:00,10664.516515411522,3,61
2018-05-31,10667.1,10671.45,10659.1,10662.05,14:20:00,10664.762561562806,3,62
2018-05-31,10670.55,10671.05,10663.5,10666.8,14:25:00,10665.313746175872,3,63
2018-05-31,10676.75,10677.65,10670.25,10670.9,14:30:00,10666.402913206744,3,64
2018-05-31,10675.45,10677.35,10670.25,10676.45,14:35:00,10667.264540520388,3,65
2018-05-31,10676.35,10682.25,10674.9,10675.85,14:40:00,10668.129822375588,3,66
2018-05-31,10673.05,10680.45,10672.8,10676.5,14:45:00,10668.59841072077,3,67
2018-05-31,10682.9,10683.65,10672.65,10672.65,14:50:00,10669.9604668426,3,68
2018-05-31,10686.1,10688.85,10679.1,10683.35,14:55:00,10671.497565238544,3,69
2018-05-31,10721.25,10722.25,10685.6,10685.6,15:00:00,10676.235892358683,3,70
2018-05-31,10741.0,10763.8,10722.75,10722.75,15:05:00,10682.403902610238,3,71
2018-05-31,10733.2,10746.25,10730.45,10741.05,15:10:00,10687.241626171168,3,72
2018-05-31,10739.75,10741.25,10727.55,10732.6,15:15:00,10692.242423678676,3,73
2018-05-31,10739.95,10754.4,10737.25,10742.45,15:20:00,10696.786002375946,3,74
2018-05-31,10733.55,10747.9,10731.1,10740.0,15:25:00,10700.287335483,3,75
2018-06-01,10745.7,10749.75,10716.4,10732.7,09:15:00,10704.612351151283,4,1
2018-06-01,10750.6,10759.7,10744.1,10746.15,09:20:00,10708.992127232115,4,2
2018-06-01,10745.95,10753.8,10745.35,10750.9,09:25:00,10712.51192463858,4,3
2018-06-01,10740.6,10746.45,10731.25,10746.1,09:30:00,10715.186979434906,4,4
2018-06-01,10744.05,10748.4,10739.15,10740.5,09:35:00,10717.935838536345,4,5
2018-06-01,10754.9,10754.9,10744.7,10745.0,09:40:00,10721.456234866217,4,6
2018-06-01,10762.55,10764.7,10754.3,10754.85,09:45:00,10725.369926783718,4,7
2018-06-01,10754.15,10764.75,10749.5,10762.15,09:50:00,10728.11088613765,4,8
2018-06-01,10752.85,10757.05,10750.2,10754.45,09:55:00,10730.46699221978,4,9
2018-06-01,10761.45,10763.9,10752.7,10753.0,10:00:00,10733.417754865512,4,10
2018-06-01,10759.35,10763.95,10757.15,10761.7,10:05:00,10735.88749249737,4,11
2018-06-01,10753.8,10760.0,10747.7,10759.1,10:10:00,10737.593445592858,4,12
2018-06-01,10753.05,10756.45,10751.95,10753.5,10:15:00,10739.065498393538,4,13
2018-06-01,10751.75,10753.55,10749.55,10753.35,10:20:00,10740.273546165585,4,14
2018-06-01,10743.7,10753.2,10741.45,10751.65,10:25:00,10740.599875102194,4,15
2018-06-01,10732.3,10746.3,10728.1,10744.2,10:30:00,10739.809410806747,4,16
2018-06-01,10735.45,10739.7,10725.35,10732.65,10:35:00,10739.394228825153,4,17
2018-06-01,10730.8,10735.55,10730.35,10735.0,10:40:00,10738.575730841803,4,18
2018-06-01,10740.25,10741.5,10727.25,10731.0,10:45:00,10738.735185047346,4,19
2018-06-01,10739.25,10742.95,10737.2,10739.95,10:50:00,10738.784215042837,4,20
2018-06-01,10734.25,10738.85,10734.25,10738.85,10:55:00,10738.352385038756,4,21
2018-06-01,10738.35,10739.15,10732.6,10734.1,11:00:00,10738.352157892208,4,22
2018-06-01,10745.7,10746.15,10738.15,10738.7,11:05:00,10739.051952378664,4,23
2018-06-01,10744.2,10746.75,10743.05,10745.5,11:10:00,10739.542242628317,4,24
2018-06-01,10750.4,10751.05,10743.55,10744.35,11:15:00,10740.576314758951,4,25
2018-06-01,10741.55,10752.6,10741.35,10750.7,11:20:00,10740.669046686671,4,26
2018-06-01,10734.6,10742.7,10730.45,10741.65,11:25:00,10740.09104224032,4,27
2018-06-01,10737.3,10739.05,10731.35,10734.25,11:30:00,10739.825228693624,4,28
2018-06-01,10722.3,10737.35,10719.6,10737.25,11:35:00,10738.15615929423,4,29
2018-06-01,10720.85,10727.05,10719.8,10723.3,11:40:00,10736.50795364716,4,30
2018-06-01,10720.45,10722.9,10716.7,10720.95,11:45:00,10734.978624728385,4,31
2018-06-01,10712.95,10725.0,10712.25,10720.2,11:50:00,10732.880660468536,4,32
2018-06-01,10713.85,10714.45,10703.7,10712.8,11:55:00,10731.06821661439,4,33
2018-06-01,10711.8,10714.6,10709.05,10714.15,12:00:00,10729.2331483654,4,34
2018-06-01,10712.1,10713.3,10709.6,10711.45,12:05:00,10727.601419949648,4,35
2018-06-01,10713.45,10715.2,10708.9,10711.65,12:10:00,10726.25366566873,4,36
2018-06-01,10708.95,10714.1,10708.85,10713.25,12:15:00,10724.605697509804,4,37
2018-06-01,10707.4,10709.9,10701.6,10709.25,12:20:00,10722.967059651726,4,38
2018-06-01,10722.75,10728.15,10706.65,10706.75,12:25:00,10722.946387303944,4,39
2018-06-01,10718.4,10727.65,10718.4,10722.35,12:30:00,10722.5133980369,4,40
2018-06-01,10713.1,10717.8,10709.1,10717.8,12:35:00,10721.616883938148,4,41
2018-06-01,10710.9,10717.95,10710.65,10713.15,12:40:00,10720.596228324992,4,42
2018-06-01,10714.1,10716.5,10709.95,10711.05,12:45:00,10719.977539913089,4,43
2018-06-01,10721.35,10721.35,10712.7,10714.0,12:50:00,10720.108250397558,4,44
2018-06-01,10713.85,10721.85,10711.35,10720.8,12:55:00,10719.512226550172,4,45
2018-06-01,10703.1,10714.75,10702.4,10714.05,13:00:00,10717.949157354918,4,46
2018-06-01,10692.6,10704.0,10685.75,10703.3,13:05:00,10715.534951892543,4,47
2018-06-01,10693.0,10700.65,10691.4,10692.55,13:10:00,10713.388765998016,4,48
2018-06-01,10700.3,10703.5,10693.1,10693.1,13:15:00,10712.142216855347,4,49
2018-06-01,10709.85,10713.45,10700.0,10700.25,13:20:00,10711.923910488173,4,50
2018-06-01,10705.15,10711.15,10700.0,10709.9,13:25:00,10711.278776155965,4,51
2018-06-01,10710.2,10710.75,10702.25,10704.8,13:30:00,10711.176035569682,4,52
2018-06-01,10703.85,10710.7,10703.7,10710.05,13:35:00,10710.47831789638,4,53
2018-06-01,10705.6,10706.4,10700.15,10703.95,13:40:00,10710.013716191965,4,54
2018-06-01,10711.35,10715.0,10705.2,10705.45,13:45:00,10710.140981316536,4,55
2018-06-01,10720.9,10723.05,10711.15,10711.4,13:50:00,10711.16564976258,4,56
2018-06-01,10722.8,10723.3,10716.8,10720.65,13:55:00,10712.273683118528,4,57
2018-06-01,10714.5,10725.85,10712.3,10723.0,14:00:00,10712.485713297714,4,58
2018-06-01,10718.6,10718.6,10707.75,10714.55,14:05:00,10713.06802631698,4,59
2018-06-01,10712.7,10721.65,10711.8,10718.7,14:10:00,10713.032976191553,4,60
2018-06-01,10715.3,10716.35,10708.5,10712.75,14:15:00,10713.24888322093,4,61
2018-06-01,10711.95,10716.45,10709.0,10716.35,14:20:00,10713.125180057032,4,62
2018-06-01,10723.95,10725.1,10711.25,10712.95,14:25:00,10714.156115289696,4,63
2018-06-01,10733.05,10737.05,10722.65,10724.9,14:30:00,10715.955532881157,4,64
2018-06-01,10726.7,10734.2,10722.7,10733.9,14:35:00,10716.978815463905,4,65
2018-06-01,10704.65,10729.3,10701.95,10727.5,14:40:00,10715.804642562578,4,66
2018-06-01,10713.4,10716.45,10704.6,10704.6,14:45:00,10715.57562898519,4,67
2018-06-01,10715.45,10722.25,10712.3,10713.15,14:50:00,10715.563664319934,4,68
2018-06-01,10715.1,10722.5,10713.05,10715.1,14:55:00,10715.519505813274,4,69
2018-06-01,10709.85,10716.3,10704.6,10714.75,15:00:00,10714.979552878676,4,70
2018-06-01,10701.9,10710.45,10701.9,10709.65,15:05:00,10713.733881175944,4,71
2018-06-01,10701.35,10706.65,10697.8,10706.45,15:10:00,10712.554463921091,4,72
2018-06-01,10690.4,10701.9,10688.75,10701.25,15:15:00,10710.444514976229,4,73
2018-06-01,10687.4,10694.75,10686.6,10690.55,15:20:00,10708.249799264206,4,74
2018-06-01,10686.35,10691.2,10681.5,10687.5,15:25:00,10706.164104096186,4,75
2018-06-04,10738.9,10770.3,10737.0,10769.05,09:15:00,10709.281808467978,0,1
2018-06-04,10727.5,10746.9,10725.65,10739.9,09:20:00,10711.01687432817,0,2
2018-06-04,10720.25,10735.5,10718.95,10727.2,09:25:00,10711.89621963025,0,3
2018-06-04,10710.9,10722.65,10702.95,10720.85,09:30:00,10711.801341570226,0,4
2018-06-04,10713.3,10720.0,10700.0,10709.7,09:35:00,10711.94407094449,0,5
2018-06-04,10673.45,10713.25,10673.45,10713.25,09:40:00,10708.277968949777,0,6
2018-06-04,10668.7,10673.55,10648.2,10673.4,09:45:00,10704.508638573609,0,7
2018-06-04,10665.45,10678.5,10663.9,10669.45,09:50:00,10700.788768233266,0,8
2018-06-04,10665.65,10673.3,10659.85,10666.5,09:55:00,10697.442218877715,0,9
2018-06-04,10670.35,10675.75,10661.4,10666.05,10:00:00,10694.86200755603,0,10
2018-06-04,10676.7,10684.2,10669.8,10670.3,10:05:00,10693.132292550696,0,11
2018-06-04,10678.8,10684.9,10674.25,10676.65,10:10:00,10691.767312307771,0,12
2018-06-04,10685.8,10689.8,10676.8,10679.45,10:15:00,10691.19899684989,0,13
2018-06-04,10688.1,10689.2,10682.5,10685.5,10:20:00,10690.903854292756,0,14
2018-06-04,10696.6,10701.75,10689.05,10689.15,10:25:00,10691.446344360113,0,15
2018-06-04,10692.05,10696.65,10688.4,10696.65,10:30:00,10691.503835373434,0,16
2018-06-04,10673.5,10692.35,10673.2,10692.35,10:35:00,10689.789184385489,0,17
2018-06-04,10683.85,10685.45,10672.6,10673.1,10:40:00,10689.223547777348,0,18
2018-06-04,10682.45,10690.3,10681.8,10683.95,10:45:00,10688.578447989028,0,19
2018-06-04,10687.0,10690.25,10682.65,10683.0,10:50:00,10688.42811960912,0,20
2018-06-04,10691.8,10693.6,10684.9,10686.85,10:55:00,10688.749251074918,0,21
2018-06-04,10688.9,10692.2,10685.4,10692.2,11:00:00,10688.7636081154,0,22
2018-06-04,10682.55,10690.0,10681.6,10689.25,11:05:00,10688.171835913934,0,23
2018-06-04,10689.4,10690.3,10681.85,10682.35,11:10:00,10688.28880392213,0,24
2018-06-04,10687.0,10690.5,10685.15,10689.6,11:15:00,10688.16606069145,0,25
2018-06-04,10692.75,10695.25,10687.1,10687.25,11:20:00,10688.602626339883,0,26
2018-06-04,10685.45,10694.55,10685.2,10692.6,11:25:00,10688.302376212276,0,27
2018-06-04,10678.05,10687.05,10677.65,10685.9,11:30:00,10687.325959430154,0,28
2018-06-04,10680.8,10684.55,10678.0,10678.0,11:35:00,10686.704439484423,0,29
2018-06-04,10685.35,10685.35,10678.45,10680.85,11:40:00,10686.575445247812,0,30
2018-06-04,10687.7,10691.4,10685.0,10685.1,11:45:00,10686.682545700402,0,31
2018-06-04,10693.45,10694.25,10685.55,10688.25,11:50:00,10687.327065157506,0,32
2018-06-04,10689.65,10693.7,10688.55,10693.35,11:55:00,10687.548297047266,0,33
2018-06-04,10682.95,10689.5,10679.6,10689.5,12:00:00,10687.110363995143,0,34
2018-06-04,10688.6,10692.2,10682.9,10683.4,12:05:00,10687.252234090847,0,35
2018-06-04,10693.45,10694.35,10688.3,10688.7,12:10:00,10687.842497510766,0,36
2018-06-04,10692.95,10696.2,10691.8,10693.3,12:15:00,10688.328926319266,0,37
2018-06-04,10698.5,10699.2,10692.25,10692.4,12:20:00,10689.297600003145,0,38
2018-06-04,10704.45,10704.45,10697.65,10698.65,12:25:00,10690.740685717132,0,39
2018-06-04,10700.45,10704.95,10698.5,10704.05,12:30:00,10691.6653823155,0,40
2018-06-04,10698.75,10700.15,10695.3,10700.15,12:35:00,10692.340107809265,0,41
2018-06-04,10699.5,10703.25,10697.7,10698.5,12:40:00,10693.022002303618,0,42
2018-06-04,10693.95,10700.0,10693.45,10699.15,12:45:00,10693.110383036608,0,43
2018-06-04,10695.05,10696.6,10693.75,10693.85,12:50:00,10693.295108461694,0,44
2018-06-04,10677.4,10694.9,10672.35,10694.9,12:55:00,10691.7812886082,0,45
2018-06-04,10667.05,10678.95,10664.35,10677.2,13:00:00,10689.42592778837,0,46
2018-06-04,10671.0,10673.3,10662.1,10667.35,13:05:00,10687.671077522811,0,47
2018-06-04,10657.45,10670.85,10654.1,10670.0,13:10:00,10684.792879663495,0,48
2018-06-04,10658.9,10659.65,10644.35,10657.4,13:15:00,10682.326891124114,0,49
2018-06-04,10665.1,10665.55,10656.25,10658.75,13:20:00,10680.68623482658,0,50
2018-06-04,10660.7,10668.95,10660.7,10665.2,13:25:00,10678.782783890714,0,51
2018-06-04,10655.15,10662.7,10655.05,10660.45,13:30:00,10676.53204256779,0,52
2018-06-04,10660.25,10662.9,10654.4,10654.4,13:35:00,10674.981371847049,0,53
2018-06-04,10668.7,10668.75,10660.3,10660.35,13:40:00,10674.383145956854,0,54
2018-06-04,10659.85,10670.4,10658.6,10668.65,13:45:00,10672.999036818106,0,55
2018-06-04,10659.6,10661.4,10655.55,10659.95,13:50:00,10671.722938073526,0,56
2018-06-04,10660.3,10664.55,10658.65,10660.2,13:55:00,10670.63503920938,0,57
2018-06-04,10656.7,10664.3,10656.7,10660.55,14:00:00,10669.307892618011,0,58
2018-06-04,10643.75,10660.2,10641.2,10656.8,14:05:00,10666.873807606771,0,59
2018-06-04,10639.9,10647.65,10630.6,10644.15,14:10:00,10664.304873548985,0,60
2018-06-04,10632.65,10640.1,10624.4,10639.5,14:15:00,10661.290123687177,0,61
2018-06-04,10634.25,10642.5,10631.65,10633.45,14:20:00,10658.714873812209,0,62
2018-06-04,10647.45,10647.6,10633.5,10634.05,14:25:00,10657.642028687234,0,63
2018-06-04,10628.1,10647.9,10625.6,10647.15,14:30:00,10654.828502145594,0,64
2018-06-04,10632.05,10634.5,10623.6,10628.0,14:35:00,10652.659120988872,0,65
2018-06-04,10634.6,10638.45,10631.5,10631.85,14:40:00,10650.939204704218,0,66
2018-06-04,10642.7,10649.0,10631.6,10634.65,14:45:00,10650.154518541913,0,67
2018-06-04,10639.0,10644.6,10636.0,10642.9,14:50:00,10649.092183442684,0,68
2018-06-04,10644.8,10650.0,10637.55,10638.75,14:55:00,10648.68340406719,0,69
2018-06-04,10625.2,10645.85,10624.5,10644.9,15:00:00,10646.446889394125,0,70
2018-06-04,10626.65,10629.8,10622.55,10625.55,15:05:00,10644.561471356586,0,71
2018-06-04,10635.6,10635.6,10624.35,10626.3,15:10:00,10643.707997894056,0,72
2018-06-04,10634.7,10635.1,10626.3,10635.1,15:15:00,10642.850093332718,0,73
2018-06-04,10623.9,10634.8,10618.35,10634.2,15:20:00,10641.045322539125,0,74
2018-06-04,10624.55,10627.25,10622.15,10624.1,15:25:00,10639.47433944016,0,75
2018-06-05,10606.85,10633.15,10599.05,10631.05,09:15:00,10636.367259493478,1,1
2018-06-05,10620.25,10623.95,10606.1,10607.05,09:20:00,10634.832282398862,1,2
2018-06-05,10609.1,10623.8,10606.5,10621.1,09:25:00,10632.381588837065,1,3
2018-06-05,10598.9,10609.2,10589.7,10609.2,09:30:00,10629.192866090676,1,4
2018-06-05,10601.25,10606.6,10598.6,10598.8,09:35:00,10626.531640748706,1,5
2018-06-05,10610.1,10610.45,10592.75,10600.85,09:40:00,10624.966722582163,1,6
2018-06-05,10604.0,10611.4,10601.65,10609.95,09:45:00,10622.969891860052,1,7
2018-06-05,10600.35,10604.7,10595.15,10603.8,09:50:00,10620.815616444808,1,8
2018-06-05,10598.55,10606.7,10598.55,10600.05,09:55:00,10618.695081545302,1,9
2018-06-05,10599.85,10602.45,10595.75,10598.65,10:00:00,10616.90031187432,1,10
2018-06-05,10602.15,10603.6,10596.8,10599.7,10:05:00,10615.495520267245,1,11
2018-06-05,10599.55,10602.6,10593.85,10602.0,10:10:00,10613.97689928941,1,12
2018-06-05,10585.15,10600.55,10581.85,10599.85,10:15:00,10611.231480309469,1,13
2018-06-05,10592.75,10593.85,10578.65,10585.05,10:20:00,10609.471339327614,1,14
2018-06-05,10593.8,10594.7,10586.2,10591.85,10:25:00,10607.978830820222,1,15
2018-06-05,10590.3,10595.4,10590.15,10593.4,10:30:00,10606.295132646868,1,16
2018-06-05,10584.75,10590.4,10583.55,10590.25,10:35:00,10604.243215251929,1,17
2018-06-05,10586.7,10589.55,10584.85,10584.95,10:40:00,10602.572432846982,1,18
2018-06-05,10578.85,10586.75,10576.6,10586.55,10:45:00,10600.313153528225,1,19
2018-06-05,10574.45,10578.95,10570.95,10578.8,10:50:00,10597.849996049345,1,20
2018-06-05,10569.05,10577.35,10566.15,10574.2,10:55:00,10595.107139282742,1,21
2018-06-05,10573.6,10574.05,10565.05,10569.1,11:00:00,10593.058840303433,1,22
2018-06-05,10575.75,10583.0,10573.6,10574.05,11:05:00,10591.410379322157,1,23
2018-06-05,10572.55,10576.65,10569.95,10574.45,11:10:00,10589.614152720043,1,24
2018-06-05,10581.1,10581.65,10571.9,10572.7,11:15:00,10588.803281032422,1,25
2018-06-05,10576.95,10581.65,10573.8,10581.6,11:20:00,10587.674397124572,1,26
2018-06-05,10588.45,10588.9,10574.95,10576.55,11:25:00,10587.748264065089,1,27
2018-06-05,10591.5,10604.1,10588.55,10589.05,11:30:00,10588.105572249367,1,28
2018-06-05,10598.2,10598.2,10589.4,10591.35,11:35:00,10589.066946320856,1,29
2018-06-05,10609.3,10612.6,10598.0,10598.55,11:40:00,10590.993903814107,1,30
2018-06-05,10625.15,10625.35,10609.2,10609.2,11:45:00,10594.24686535562,1,31
2018-06-05,10614.6,10625.5,10609.35,10625.35,11:50:00,10596.185259131276,1,32
2018-06-05,10609.25,10616.1,10604.35,10614.8,11:55:00,10597.429520166392,1,33
2018-06-05,10607.35,10611.85,10605.05,10609.15,12:00:00,10598.374327769592,1,34
2018-06-05,10599.5,10607.45,10597.45,10607.4,12:05:00,10598.48153464868,1,35
2018-06-05,10607.2,10607.3,10599.55,10599.55,12:10:00,10599.31186468214,1,36
2018-06-05,10614.4,10615.25,10606.9,10606.9,12:15:00,10600.748829950506,1,37
2018-06-05,10607.75,10616.85,10607.05,10614.0,12:20:00,10601.415608050458,1,38
2018-06-05,10601.35,10609.65,10601.35,10607.65,12:25:00,10601.4093596647,1,39
2018-06-05,10593.15,10602.35,10591.05,10601.3,12:30:00,10600.622753982349,1,40
2018-06-05,10594.4,10598.55,10588.95,10593.75,12:35:00,10600.030110745936,1,41
2018-06-05,10587.05,10595.95,10585.8,10594.6,12:40:00,10598.793909722512,1,42
2018-06-05,10592.1,10592.2,10581.3,10586.85,12:45:00,10598.156394510845,1,43
2018-06-05,10591.5,10597.45,10589.6,10592.9,12:50:00,10597.522452176478,1,44
2018-06-05,10600.65,10601.7,10589.8,10591.6,12:55:00,10597.820313873955,1,45
2018-06-05,10607.6,10608.8,10600.9,10601.3,13:00:00,10598.751712552628,1,46
2018-06-05,10600.45,10607.55,10599.4,10607.25,13:05:00,10598.913454214284,1,47
2018-06-05,10596.1,10600.85,10594.15,10600.85,13:10:00,10598.645506193876,1,48
2018-06-05,10592.7,10600.4,10592.3,10596.0,13:15:00,10598.079267508743,1,49
2018-06-05,10592.5,10595.95,10586.35,10592.8,13:20:00,10597.547908698389,1,50
2018-06-05,10588.5,10592.3,10583.75,10592.3,13:25:00,10596.686203108064,1,51
2018-06-05,10591.6,10595.7,10588.05,10589.05,13:30:00,10596.201802812058,1,52
2018-06-05,10585.3,10591.85,10581.75,10591.5,13:35:00,10595.163535877577,1,53
2018-06-05,10589.25,10590.8,10585.3,10585.4,13:40:00,10594.600341984476,1,54
2018-06-05,10587.6,10592.95,10586.45,10589.3,13:45:00,10593.93364274786,1,55
2018-06-05,10578.15,10589.95,10576.2,10587.75,13:50:00,10592.430438676634,1,56
2018-06-05,10577.55,10581.65,10575.2,10578.65,13:55:00,10591.013254040765,1,57
2018-06-05,10570.1,10577.85,10568.8,10577.85,14:00:00,10589.021515560691,1,58
2018-06-05,10563.75,10570.4,10561.05,10570.4,14:05:00,10586.614704554911,1,59
2018-06-05,10571.45,10573.35,10555.4,10564.1,14:10:00,10585.170446978253,1,60
2018-06-05,10566.9,10571.9,10564.5,10571.9,14:15:00,10583.430404408897,1,61
2018-06-05,10565.75,10569.95,10562.8,10567.05,14:20:00,10581.746556369952,1,62
2018-06-05,10554.85,10565.85,10552.45,10565.85,14:25:00,10579.184979572814,1,63
2018-06-05,10562.1,10563.05,10550.9,10554.7,14:30:00,10577.557838661118,1,64
2018-06-05,10558.15,10564.0,10557.1,10562.4,14:35:00,10575.709473074345,1,65
2018-06-05,10573.05,10573.35,10556.0,10558.1,14:40:00,10575.456189924407,1,66
2018-06-05,10579.15,10579.85,10569.3,10573.55,14:45:00,10575.807981360178,1,67
2018-06-05,10580.5,10584.95,10578.65,10579.45,14:50:00,10576.254840278256,1,68
2018-06-05,10595.2,10597.8,10577.45,10580.3,14:55:00,10578.059141204138,1,69
2018-06-05,10590.3,10594.5,10581.95,10594.5,15:00:00,10579.224937279934,1,70
2018-06-05,10594.2,10594.5,10584.7,10590.0,15:05:00,10580.651133729463,1,71
2018-06-05,10588.25,10595.65,10587.9,10594.25,15:10:00,10581.37483527904,1,72
2018-06-05,10591.85,10597.65,10587.0,10588.15,15:15:00,10582.372470014368,1,73
2018-06-05,10593.3,10595.3,10589.25,10591.95,15:20:00,10583.413187155857,1,74
2018-06-05,10605.75,10608.5,10593.65,10593.95,15:25:00,10585.540502664824,1,75
2018-06-06,10595.1,10615.8,10591.55,10604.8,09:15:00,10586.45093098246,2,1
2018-06-06,10593.8,10606.45,10593.8,10594.6,09:20:00,10587.150842317462,2,2
2018-06-06,10594.15,10601.5,10588.35,10593.2,09:25:00,10587.81742876342,2,3
2018-06-06,10601.75,10601.9,10587.5,10594.35,09:30:00,10589.144340309762,2,4
2018-06-06,10606.4,10609.35,10601.8,10601.85,09:35:00,10590.787736470736,2,5
2018-06-06,10603.85,10610.45,10603.85,10605.95,09:40:00,10592.031761568762,2,6
2018-06-06,10615.25,10616.95,10603.8,10603.8,09:45:00,10594.243022371737,2,7
2018-06-06,10623.95,10625.15,10615.1,10615.1,09:50:00,10597.072258336331,2,8
2018-06-06,10619.4,10624.35,10617.05,10623.35,09:55:00,10599.198709923348,2,9
2018-06-06,10629.9,10630.35,10619.15,10619.2,10:00:00,10602.1226423116,2,10
2018-06-06,10633.85,10633.85,10628.85,10630.3,10:05:00,10605.14429542478,2,11
2018-06-06,10634.45,10640.3,10631.1,10633.9,10:10:00,10607.935314908134,2,12
2018-06-06,10638.3,10639.4,10634.15,10634.15,10:15:00,10610.827189678788,2,13
2018-06-06,10642.15,10647.1,10637.5,10638.4,10:20:00,10613.810314471284,2,14
2018-06-06,10637.75,10641.65,10632.55,10641.65,10:25:00,10616.09028452164,2,15
2018-06-06,10641.5,10641.5,10634.15,10638.05,10:30:00,10618.51025742434,2,16
2018-06-06,10637.0,10641.45,10634.3,10641.45,10:35:00,10620.27118528869,2,17
2018-06-06,10632.15,10639.45,10632.15,10637.05,10:40:00,10621.402500975482,2,18
2018-06-06,10630.35,10636.7,10630.25,10631.8,10:45:00,10622.25464373972,2,19
2018-06-06,10632.4,10634.9,10629.55,10630.15,10:50:00,10623.220868145463,2,20
2018-06-06,10624.95,10633.2,10622.65,10632.6,10:55:00,10623.385547369704,2,21
2018-06-06,10627.75,10628.5,10623.7,10625.15,11:00:00,10623.80120952497,2,22
2018-06-06,10633.9,10636.6,10627.8,10628.1,11:05:00,10624.76299909402,2,23
2018-06-06,10637.5,10637.5,10634.25,10634.5,11:10:00,10625.976046799353,2,24
2018-06-06,10637.1,10640.4,10636.25,10637.45,11:15:00,10627.0354709137,2,25
2018-06-06,10637.6,10638.5,10634.0,10637.4,11:20:00,10628.041616540966,2,26
2018-06-06,10637.8,10638.55,10634.05,10637.3,11:25:00,10628.970986394208,2,27
2018-06-06,10656.0,10658.2,10637.1,10637.75,11:30:00,10631.545178166189,2,28
2018-06-06,10657.8,10658.45,10651.35,10655.55,11:35:00,10634.045637388455,2,29
2018-06-06,10652.55,10659.9,10652.5,10657.9,11:40:00,10635.807957637173,2,30
2018-06-06,10657.55,10657.6,10649.85,10652.35,11:45:00,10637.878628338394,2,31
2018-06-06,10655.0,10661.3,10654.75,10657.8,11:50:00,10639.509235163308,2,32
2018-06-06,10658.0,10658.55,10653.8,10654.7,11:55:00,10641.27026038585,2,33
2018-06-06,10659.3,10660.2,10656.8,10657.7,12:00:00,10642.98737844434,2,34
2018-06-06,10659.05,10659.55,10655.6,10659.25,12:05:00,10644.517151925833,2,35
2018-06-06,10654.2,10659.75,10653.85,10658.95,12:10:00,10645.439327932894,2,36
2018-06-06,10652.5,10658.15,10652.2,10654.25,12:15:00,10646.111772891663,2,37
2018-06-06,10655.5,10656.35,10652.15,10652.55,12:20:00,10647.005889759124,2,38
2018-06-06,10657.05,10657.6,10654.85,10655.25,12:25:00,10647.962471686827,2,39
2018-06-06,10659.4,10662.2,10656.1,10657.1,12:30:00,10649.051760097604,2,40
2018-06-06,10659.6,10663.6,10659.1,10659.1,12:35:00,10650.056354374025,2,41
2018-06-06,10658.45,10661.4,10657.7,10659.75,12:40:00,10650.855749195547,2,42
2018-06-06,10659.35,10662.35,10658.35,10658.4,12:45:00,10651.664725462637,2,43
2018-06-06,10657.5,10660.2,10656.55,10659.15,12:50:00,10652.220465894768,2,44
2018-06-06,10648.55,10658.1,10646.7,10658.0,12:55:00,10651.870897714312,2,45
2018-06-06,10651.4,10651.6,10642.0,10648.05,13:00:00,10651.82605031295,2,46
2018-06-06,10653.1,10656.95,10651.2,10651.2,13:05:00,10651.947378854577,2,47
2018-06-06,10653.25,10653.35,10650.5,10653.05,13:10:00,10652.071438011282,2,48
2018-06-06,10654.1,10654.15,10651.3,10653.3,13:15:00,10652.26463439116,2,49
2018-06-06,10651.8,10654.55,10650.2,10653.95,13:20:00,10652.220383496764,2,50
2018-06-06,10659.9,10662.6,10651.9,10651.9,13:25:00,10652.951775544692,2,51
2018-06-06,10662.8,10662.8,10658.45,10659.85,13:30:00,10653.889701683293,2,52
2018-06-06,10657.7,10665.05,10655.5,10662.55,13:35:00,10654.252587237264,2,53
2018-06-06,10660.4,10663.45,10657.55,10657.8,13:40:00,10654.83805511943,2,54
2018-06-06,10661.7,10663.05,10659.85,10660.35,13:45:00,10655.491573679485,2,55
2018-06-06,10665.75,10666.55,10661.45,10661.65,13:50:00,10656.468566662388,2,56
2018-06-06,10669.15,10673.45,10662.65,10665.9,13:55:00,10657.67632221835,2,57
2018-06-06,10671.65,10672.25,10662.5,10669.25,14:00:00,10659.007148673749,2,58
2018-06-06,10670.45,10674.7,10668.15,10672.15,14:05:00,10660.096944038152,2,59
2018-06-06,10665.7,10670.55,10664.95,10670.5,14:10:00,10660.63056841547,2,60
2018-06-06,10659.75,10666.05,10659.35,10665.2,14:15:00,10660.546704756856,2,61
2018-06-06,10660.75,10660.85,10658.25,10659.5,14:20:00,10660.56606620858,2,62
2018-06-06,10664.75,10667.3,10647.75,10660.1,14:25:00,10660.964536093476,2,63
2018-06-06,10640.8,10666.25,10640.8,10664.9,14:30:00,10659.044104084574,2,64
2018-06-06,10634.85,10643.1,10617.55,10640.75,14:35:00,10656.739903695569,2,65
2018-06-06,10644.95,10645.4,10630.4,10634.25,14:40:00,10655.61705572456,2,66
2018-06-06,10659.5,10666.95,10645.1,10645.2,14:45:00,10655.98685994127,2,67
2018-06-06,10672.5,10672.5,10658.45,10659.05,14:50:00,10657.559539946862,2,68
2018-06-06,10690.15,10694.65,10670.9,10671.65,14:55:00,10660.663393285256,2,69
2018-06-06,10684.7,10698.35,10684.5,10690.65,15:00:00,10662.952593924756,2,70
2018-06-06,10673.75,10686.55,10669.8,10684.45,15:05:00,10663.980918312876,2,71
2018-06-06,10682.95,10683.15,10671.45,10673.65,15:10:00,10665.78749752117,2,72
2018-06-06,10684.8,10689.5,10681.95,10683.1,15:15:00,10667.598212042963,2,73
2018-06-06,10685.9,10688.45,10682.1,10685.0,15:20:00,10669.341239467443,2,74
2018-06-06,10687.85,10689.45,10681.9,10686.3,15:25:00,10671.103978565783,2,75
2018-06-07,10753.4,10755.45,10726.8,10726.8,09:15:00,10678.941694892852,3,1
2018-06-07,10760.95,10763.35,10752.8,10754.4,09:20:00,10686.752009664962,3,2
2018-06-07,10760.15,10769.4,10760.15,10760.9,09:25:00,10693.742294458774,3,3
2018-06-07,10763.25,10769.85,10761.8,10761.8,09:30:00,10700.36207593889,3,4
2018-06-07,10757.45,10766.55,10756.4,10763.95,09:35:00,10705.799021087569,3,5
2018-06-07,10755.25,10761.45,10755.25,10757.9,09:40:00,10710.508638126845,3,6
2018-06-07,10758.65,10761.1,10754.15,10755.6,09:45:00,10715.093529733813,3,7
2018-06-07,10753.45,10759.75,10752.4,10759.15,09:50:00,10718.74652690202,3,8
2018-06-07,10750.7,10753.35,10746.3,10753.35,09:55:00,10721.789714816114,3,9
2018-06-07,10755.55,10756.9,10749.0,10750.85,10:00:00,10725.004980071722,3,10
2018-06-07,10761.15,10762.9,10755.65,10755.65,10:05:00,10728.447362922036,3,11
2018-06-07,10764.45,10766.15,10759.0,10761.55,10:10:00,10731.876185500889,3,12
2018-06-07,10763.2,10765.5,10760.15,10764.6,10:15:00,10734.859405929375,3,13
2018-06-07,10763.5,10770.35,10762.75,10763.45,10:20:00,10737.58708155515,3,14
2018-06-07,10767.65,10768.85,10763.55,10763.55,10:25:00,10740.450216645137,3,15
2018-06-07,10774.3,10774.3,10766.8,10767.4,10:30:00,10743.674005536075,3,16
2018-06-07,10777.55,10777.85,10773.3,10774.4,10:35:00,10746.900290723115,3,17
2018-06-07,10777.35,10780.1,10776.4,10777.7,10:40:00,10749.8002630352,3,18
2018-06-07,10779.85,10780.15,10774.05,10778.05,10:45:00,10752.662142746134,3,19
2018-06-07,10784.35,10785.2,10778.55,10780.25,10:50:00,10755.68003391317,3,20
2018-06-07,10778.7,10784.3,10777.2,10784.3,10:55:00,10757.872411635724,3,21
2018-06-07,10778.3,10780.85,10777.05,10778.65,11:00:00,10759.817896241846,3,22
2018-06-07,10784.05,10786.65,10777.7,10778.4,11:05:00,10762.125715647384,3,23
2018-06-07,10781.45,10785.9,10780.7,10783.85,11:10:00,10763.966123680966,3,24
2018-06-07,10776.95,10782.2,10775.4,10782.1,11:15:00,10765.202683330395,3,25
2018-06-07,10780.5,10780.55,10776.2,10777.2,11:20:00,10766.659570632264,3,26
2018-06-07,10778.0,10780.65,10776.35,10780.6,11:25:00,10767.73961152443,3,27
2018-06-07,10780.95,10781.95,10776.45,10778.05,11:30:00,10768.9977437602,3,28
2018-06-07,10784.85,10785.5,10779.65,10780.4,11:35:00,10770.507482449704,3,29
2018-06-07,10779.5,10785.35,10778.9,10784.95,11:40:00,10771.36391269259,3,30
2018-06-07,10783.15,10784.3,10778.65,10779.45,11:45:00,10772.486397198058,3,31
2018-06-07,10782.4,10783.25,10779.8,10783.25,11:50:00,10773.430549845862,3,32
2018-06-07,10787.8,10788.5,10782.6,10782.85,11:55:00,10774.79906890816,3,33
2018-06-07,10787.2,10787.9,10783.9,10787.65,12:00:00,10775.980109964526,3,34
2018-06-07,10788.35,10788.75,10784.8,10787.05,12:05:00,10777.158194729813,3,35
2018-06-07,10791.55,10791.65,10787.7,10788.25,12:10:00,10778.52884285078,3,36
2018-06-07,10788.9,10795.0,10786.85,10791.75,12:15:00,10779.516572103088,3,37
2018-06-07,10794.1,10794.75,10787.2,10787.2,12:20:00,10780.905469998032,3,38
2018-06-07,10796.4,10797.9,10793.35,10794.25,12:25:00,10782.38113952203,3,39
2018-06-07,10797.35,10800.7,10795.3,10796.45,12:30:00,10783.806745281836,3,40
2018-06-07,10792.45,10797.25,10787.8,10796.9,12:35:00,10784.629912397852,3,41
2018-06-07,10794.55,10795.6,10791.3,10791.6,12:40:00,10785.574682645674,3,42
2018-06-07,10795.75,10797.3,10792.1,10794.4,12:45:00,10786.543760488945,3,43
2018-06-07,10798.75,10798.95,10794.4,10795.35,12:50:00,10787.706259489996,3,44
2018-06-07,10798.0,10799.85,10795.8,10798.7,12:55:00,10788.686615729044,3,45
2018-06-07,10800.7,10802.8,10797.75,10798.15,13:00:00,10789.830747564372,3,46
2018-06-07,10804.75,10805.55,10800.15,10800.15,13:05:00,10791.251628748718,3,47
2018-06-07,10806.5,10807.4,10802.2,10804.85,13:10:00,10792.703854582174,3,48
2018-06-07,10813.2,10813.2,10806.75,10806.95,13:15:00,10794.655868431491,3,49
2018-06-07,10813.05,10815.75,10811.5,10812.45,13:20:00,10796.407690485634,3,50
2018-06-07,10812.45,10818.0,10812.45,10813.0,13:25:00,10797.935529487002,3,51
2018-06-07,10807.4,10812.7,10802.35,10812.3,13:30:00,10798.836907631096,3,52
2018-06-07,10807.65,10809.1,10801.75,10807.25,13:35:00,10799.676249761467,3,53
2018-06-07,10805.45,10812.25,10805.35,10807.75,13:40:00,10800.226130736568,3,54
2018-06-07,10797.05,10806.0,10795.35,10805.4,13:45:00,10799.92364209499,3,55
2018-06-07,10797.3,10801.95,10796.75,10796.9,13:50:00,10799.673771419277,3,56
2018-06-07,10799.3,10799.3,10793.4,10796.4,13:55:00,10799.63817414125,3,57
2018-06-07,10796.2,10801.5,10795.55,10799.65,14:00:00,10799.31072898494,3,58
2018-06-07,10801.05,10805.1,10796.05,10796.4,14:05:00,10799.476373843518,3,59
2018-06-07,10797.65,10802.05,10792.95,10801.15,14:10:00,10799.30243347747,3,60
2018-06-07,10799.1,10803.85,10797.55,10797.55,14:15:00,10799.283154098664,3,61
2018-06-07,10799.95,10805.65,10798.75,10798.75,14:20:00,10799.346663232123,3,62
2018-06-07,10790.25,10800.2,10789.8,10800.05,14:25:00,10798.480314352875,3,63
2018-06-07,10782.7,10789.7,10773.95,10789.7,14:30:00,10796.977427271648,3,64
2018-06-07,10784.15,10786.05,10780.4,10783.35,14:35:00,10795.75576753149,3,65
2018-06-07,10797.45,10798.5,10784.1,10784.35,14:40:00,10795.91712300468,3,66
2018-06-07,10793.55,10798.65,10791.55,10797.75,14:45:00,10795.69168271852,3,67
2018-06-07,10792.5,10795.1,10791.55,10793.25,14:50:00,10795.387712935806,3,68
2018-06-07,10790.8,10793.85,10787.7,10792.45,14:55:00,10794.9507878943,3,69
2018-06-07,10775.85,10790.85,10775.85,10790.55,15:00:00,10793.1316652377,3,70
2018-06-07,10778.55,10782.1,10774.55,10776.15,15:05:00,10791.742935215065,3,71
2018-06-07,10773.75,10778.35,10772.8,10778.3,15:10:00,10790.02932233744,3,72
2018-06-07,10769.45,10774.3,10765.2,10774.3,15:15:00,10788.06938687673,3,73
2018-06-07,10761.9,10772.3,10761.4,10769.4,15:20:00,10785.57706431704,3,74
2018-06-07,10765.2,10765.4,10758.45,10762.45,15:25:00,10783.63639152494,3,75
2018-06-08,10731.0,10738.65,10717.7,10734.25,09:15:00,10778.6234018559,4,1
2018-06-08,10730.9,10734.25,10718.85,10731.45,09:20:00,10774.078315964862,4,2
2018-06-08,10736.7,10737.75,10726.8,10731.1,09:25:00,10770.51847634916,4,3
2018-06-08,10725.6,10737.2,10725.05,10737.2,09:30:00,10766.240526220668,4,4
2018-06-08,10734.05,10734.5,10723.65,10725.5,09:35:00,10763.1747618187,4,5
2018-06-08,10740.7,10744.75,10732.45,10734.1,09:40:00,10761.034308312155,4,6
2018-06-08,10739.25,10740.8,10735.05,10740.3,09:45:00,10758.959612282428,4,7
2018-06-08,10743.25,10744.85,10734.3,10739.55,09:50:00,10757.46345873172,4,8
2018-06-08,10746.05,10748.05,10741.2,10743.4,09:55:00,10756.37646266203,4,9
2018-06-08,10748.2,10749.85,10742.3,10745.9,10:00:00,10755.597751932311,4,10
2018-06-08,10742.75,10749.3,10742.75,10748.65,10:05:00,10754.374156510188,4,11
2018-06-08,10743.4,10745.2,10738.75,10742.8,10:10:00,10753.328998747313,4,12
2018-06-08,10748.2,10750.45,10742.65,10743.25,10:15:00,10752.84052267614,4,13
2018-06-08,10742.85,10750.35,10742.65,10747.9,10:20:00,10751.889044326032,4,14
2018-06-08,10735.05,10743.1,10734.05,10742.8,10:25:00,10750.28532581879,4,15
2018-06-08,10736.35,10737.85,10729.75,10734.7,10:30:00,10748.958151931283,4,16
2018-06-08,10739.2,10739.25,10733.45,10736.4,10:35:00,10748.028804128306,4,17
2018-06-08,10736.5,10740.55,10736.0,10739.15,10:40:00,10746.930822782751,4,18
2018-06-08,10736.25,10738.55,10735.2,10736.15,10:45:00,10745.913601565348,4,19
2018-06-08,10731.5,10737.5,10726.3,10736.6,10:50:00,10744.540877606742,4,20
2018-06-08,10736.5,10736.5,10731.6,10731.6,10:55:00,10743.775079739433,4,21
2018-06-08,10739.0,10742.5,10736.6,10736.6,11:00:00,10743.32031024044,4,22
2018-06-08,10737.95,10739.35,10735.8,10738.7,11:05:00,10742.808852122302,4,23
2018-06-08,10731.1,10737.6,10730.9,10737.6,11:10:00,10741.69372334875,4,24
2018-06-08,10727.85,10732.3,10727.85,10731.25,11:15:00,10740.375273506012,4,25
2018-06-08,10733.45,10733.45,10727.25,10727.55,11:20:00,10739.715723648296,4,26
2018-06-08,10736.6,10740.35,10733.0,10733.0,11:25:00,10739.418988062744,4,27
2018-06-08,10727.2,10737.45,10727.2,10737.25,11:30:00,10738.25527491391,4,28
2018-06-08,10728.45,10729.8,10726.9,10727.15,11:35:00,10737.321439207824,4,29
2018-06-08,10723.5,10728.9,10723.5,10728.4,11:40:00,10736.00511166422,4,30
2018-06-08,10726.9,10726.95,10719.35,10723.4,11:45:00,10735.13795817239,4,31
2018-06-08,10723.9,10729.65,10723.45,10726.7,11:50:00,10734.067676441688,4,32
2018-06-08,10724.6,10726.3,10722.8,10723.95,11:55:00,10733.165992971051,4,33
2018-06-08,10728.05,10729.1,10723.25,10724.0,12:00:00,10732.678755545236,4,34
2018-06-08,10724.9,10728.25,10723.3,10728.0,12:05:00,10731.937921683786,4,35
2018-06-08,10716.25,10724.95,10715.35,10724.8,12:10:00,10730.44383390438,4,36
2018-06-08,10712.9,10716.2,10709.45,10715.9,12:15:00,10728.772992580152,4,37
2018-06-08,10718.75,10722.2,10712.75,10713.15,12:20:00,10727.818421858234,4,38
2018-06-08,10722.75,10723.55,10718.8,10718.8,12:25:00,10727.335715014591,4,39
2018-06-08,10715.65,10722.7,10712.6,10722.7,12:30:00,10726.222789775107,4,40
2018-06-08,10712.5,10717.05,10711.95,10715.9,12:35:00,10724.915857415574,4,41
2018-06-08,10713.5,10715.85,10709.05,10712.4,12:40:00,10723.828632899806,4,42
2018-06-08,10723.25,10724.7,10713.1,10713.1,12:45:00,10723.773525004586,4,43
2018-06-08,10724.7,10724.85,10721.7,10723.3,12:50:00,10723.861760718435,4,44
2018-06-08,10719.15,10726.45,10718.55,10724.25,12:55:00,10723.413021602391,4,45
2018-06-08,10721.25,10724.95,10719.6,10719.8,13:00:00,10723.207019545023,4,46
2018-06-08,10717.7,10721.65,10714.75,10721.55,13:05:00,10722.682541493115,4,47
2018-06-08,10726.2,10726.2,10718.3,10718.3,13:10:00,10723.017537541393,4,48
2018-06-08,10730.7,10734.2,10726.4,10726.5,13:15:00,10723.749200632688,4,49
2018-06-08,10731.3,10736.55,10729.95,10730.6,13:20:00,10724.468324381956,4,50
2018-06-08,10727.0,10732.1,10725.1,10731.15,13:25:00,10724.70943634558,4,51
2018-06-08,10734.05,10734.05,10725.6,10727.3,13:30:00,10725.599013836476,4,52
2018-06-08,10726.85,10734.35,10723.8,10733.8,13:35:00,10725.71815537586,4,53
2018-06-08,10731.1,10734.45,10726.35,10727.0,13:40:00,10726.23071200673,4,54
2018-06-08,10734.15,10735.15,10730.3,10731.05,13:45:00,10726.984929910852,4,55
2018-06-08,10727.8,10734.8,10724.05,10733.95,13:50:00,10727.062555633627,4,56
2018-06-08,10731.45,10733.65,10728.15,10728.15,13:55:00,10727.480407478042,4,57
2018-06-08,10733.3,10735.05,10729.05,10731.5,14:00:00,10728.034654384895,4,58
2018-06-08,10737.5,10738.65,10733.45,10733.45,14:05:00,10728.936115872048,4,59
2018-06-08,10742.45,10750.15,10736.9,10737.7,14:10:00,10730.223152455665,4,60
2018-06-08,10742.9,10748.85,10739.0,10742.5,14:15:00,10731.430471269408,4,61
2018-06-08,10736.05,10744.05,10734.3,10742.8,14:20:00,10731.870426386608,4,62
2018-06-08,10741.15,10743.0,10734.95,10735.9,14:25:00,10732.75419530217,4,63
2018-06-08,10746.55,10746.9,10738.65,10740.85,14:30:00,10734.068081463867,4,64
2018-06-08,10753.6,10757.7,10746.4,10746.8,14:35:00,10735.928264181595,4,65
2018-06-08,10767.1,10767.35,10753.55,10753.65,14:40:00,10738.897000926205,4,66
2018-06-08,10762.45,10767.4,10756.25,10767.4,14:45:00,10741.140143695138,4,67
2018-06-08,10755.7,10763.8,10754.65,10762.3,14:50:00,10742.526796676551,4,68
2018-06-08,10761.6,10764.3,10754.55,10755.85,14:55:00,10744.343292231166,4,69
2018-06-08,10777.0,10777.0,10761.3,10761.85,15:00:00,10747.453454875817,4,70
2018-06-08,10776.4,10779.45,10771.75,10776.75,15:05:00,10750.210268697168,4,71
2018-06-08,10772.65,10777.15,10770.8,10776.5,15:10:00,10752.347385964104,4,72
2018-06-08,10768.3,10772.95,10765.4,10772.8,15:15:00,10753.86668253895,4,73
2018-06-08,10766.05,10768.9,10764.55,10768.2,15:20:00,10755.02699848762,4,74
2018-06-08,10759.35,10765.95,10753.75,10765.8,15:25:00,10755.438712917372,4,75
2018-06-11,10804.6,10805.4,10777.6,10777.6,09:15:00,10760.120740258575,0,1
2018-06-11,10807.3,10813.5,10804.05,10804.7,09:20:00,10764.614003091092,0,2
2018-06-11,10808.85,10814.6,10806.3,10807.8,09:25:00,10768.826955177654,0,3
2018-06-11,10819.05,10819.45,10808.45,10808.75,09:30:00,10773.610102303592,0,4
2018-06-11,10811.15,10819.05,10811.1,10818.9,09:35:00,10777.185330655631,0,5
2018-06-11,10807.1,10811.4,10804.1,10811.4,09:40:00,10780.034346783666,0,6
2018-06-11,10805.6,10811.5,10805.6,10807.15,09:45:00,10782.469170899509,0,7
2018-06-11,10818.7,10819.2,10806.05,10806.05,09:50:00,10785.919726051938,0,8
2018-06-11,10819.2,10820.75,10816.6,10819.55,09:55:00,10789.089275951754,0,9
2018-06-11,10831.15,10831.6,10819.45,10819.55,10:00:00,10793.095059194444,0,10
2018-06-11,10830.1,10832.55,10825.5,10831.25,10:05:00,10796.619339271165,0,11
2018-06-11,10824.7,10830.9,10824.5,10830.0,10:10:00,10799.293687912006,0,12
2018-06-11,10828.8,10834.5,10824.5,10825.0,10:15:00,10802.103812872769,0,13
2018-06-11,10820.7,10829.2,10817.1,10829.15,10:20:00,10803.874878313456,0,14
2018-06-11,10817.9,10823.5,10817.9,10820.85,10:25:00,10805.210604188364,0,15
2018-06-11,10823.15,10823.7,10815.3,10817.85,10:30:00,10806.919118075188,0,16
2018-06-11,10821.75,10825.0,10820.3,10822.8,10:35:00,10808.331583020408,0,17
2018-06-11,10813.8,10822.8,10813.55,10821.55,10:40:00,10808.852384637512,0,18
2018-06-11,10818.8,10820.2,10813.15,10813.5,10:45:00,10809.799776576796,0,19
2018-06-11,10815.6,10818.75,10815.2,10818.25,10:50:00,10810.352178807578,0,20
2018-06-11,10812.9,10815.65,10809.45,10815.65,10:55:00,10810.594828444951,0,21
2018-06-11,10817.15,10817.4,10810.9,10812.8,11:00:00,10811.219130497811,0,22
2018-06-11,10812.95,10817.3,10812.7,10817.05,11:05:00,10811.383975212306,0,23
2018-06-11,10808.75,10814.15,10807.55,10812.6,11:10:00,10811.13312043018,0,24
2018-06-11,10807.6,10810.6,10806.5,10808.7,11:15:00,10810.796632770163,0,25
2018-06-11,10817.75,10818.0,10806.7,10808.15,11:20:00,10811.458858220623,0,26
2018-06-11,10818.7,10818.7,10815.65,10817.4,11:25:00,10812.14849077104,0,27
2018-06-11,10818.95,10819.05,10813.7,10818.5,11:30:00,10812.79625355475,0,28
2018-06-11,10818.95,10820.7,10816.85,10818.55,11:35:00,10813.382324644774,0,29
2018-06-11,10822.7,10823.5,10818.2,10819.3,11:40:00,10814.269722297651,0,30
2018-06-11,10822.6,10823.55,10820.8,10822.45,11:45:00,10815.06308207883,0,31
2018-06-11,10827.3,10828.3,10821.1,10822.5,11:50:00,10816.228502833226,0,32
2018-06-11,10827.95,10829.2,10825.55,10827.45,11:55:00,10817.344835896727,0,33
2018-06-11,10827.5,10829.3,10826.35,10828.3,12:00:00,10818.311994382757,0,34
2018-06-11,10828.25,10829.95,10826.75,10827.7,12:05:00,10819.258471108207,0,35
2018-06-11,10824.95,10828.75,10824.2,10828.35,12:10:00,10819.800521478855,0,36
2018-06-11,10826.4,10827.75,10823.9,10824.85,12:15:00,10820.429043242775,0,37
2018-06-11,10829.45,10830.4,10826.05,10826.3,12:20:00,10821.28818198156,0,38
2018-06-11,10825.55,10829.4,10825.35,10829.3,12:25:00,10821.694069411888,0,39
2018-06-11,10828.2,10828.55,10824.25,10825.35,12:30:00,10822.313681848853,0,40
2018-06-11,10833.8,10834.2,10828.45,10828.45,12:35:00,10823.407616910865,0,41
2018-06-11,10838.55,10839.1,10831.6,10833.6,12:40:00,10824.84974863364,0,42
2018-06-11,10837.15,10839.75,10835.75,10838.8,12:45:00,10826.021201144722,0,43
2018-06-11,10838.95,10840.75,10836.6,10837.35,12:50:00,10827.252515321416,0,44
2018-06-11,10836.85,10841.0,10835.25,10839.6,12:55:00,10828.16656148128,0,45
2018-06-11,10837.25,10838.45,10834.05,10836.65,13:00:00,10829.031650864015,0,46
2018-06-11,10840.85,10842.85,10837.15,10837.65,13:05:00,10830.157207924589,0,47
2018-06-11,10843.75,10846.0,10840.1,10841.5,13:10:00,10831.451759550817,0,48
2018-06-11,10846.15,10846.9,10843.05,10844.45,13:15:00,10832.85159197455,0,49
2018-06-11,10847.0,10849.55,10843.9,10847.6,13:20:00,10834.199059405544,0,50
2018-06-11,10844.8,10849.65,10841.95,10848.1,13:25:00,10835.208672795494,0,51
2018-06-11,10846.3,10849.25,10843.15,10845.7,13:30:00,10836.264989672114,0,52
2018-06-11,10843.05,10849.15,10842.65,10848.4,13:35:00,10836.911181131913,0,53
2018-06-11,10844.45,10844.6,10839.7,10844.05,13:40:00,10837.629163881254,0,54
2018-06-11,10846.8,10847.7,10843.0,10845.05,13:45:00,10838.502576844943,0,55
2018-06-11,10846.05,10850.55,10844.15,10848.35,13:50:00,10839.221379050188,0,56
2018-06-11,10845.4,10847.1,10842.95,10847.1,13:55:00,10839.809819140646,0,57
2018-06-11,10842.3,10847.5,10841.7,10845.45,14:00:00,10840.04697922249,0,58
2018-06-11,10841.5,10844.05,10838.65,10842.2,14:05:00,10840.18536215368,0,59
2018-06-11,10842.3,10843.65,10839.4,10841.85,14:10:00,10840.386756234284,0,60
2018-06-11,10833.25,10842.65,10827.8,10841.6,14:15:00,10839.707065164352,0,61
2018-06-11,10836.0,10836.65,10832.25,10833.1,14:20:00,10839.354011339175,0,62
2018-06-11,10833.75,10836.4,10832.2,10835.85,14:25:00,10838.82029597354,0,63
2018-06-11,10839.15,10841.7,10831.75,10833.05,14:30:00,10838.851696357013,0,64
2018-06-11,10839.25,10840.7,10837.2,10838.65,14:35:00,10838.889630037294,0,65
2018-06-11,10831.9,10839.95,10831.15,10839.35,14:40:00,10838.223950986125,0,66
2018-06-11,10826.3,10832.95,10825.55,10831.65,14:45:00,10837.088336606495,0,67
2018-06-11,10817.0,10826.75,10814.55,10826.2,14:50:00,10835.17516169159,0,68
2018-06-11,10807.35,10818.55,10804.55,10817.75,14:55:00,10832.52514629239,0,69
2018-06-11,10806.5,10812.25,10795.05,10807.15,15:00:00,10830.046560931209,0,70
2018-06-11,10791.55,10806.4,10790.75,10806.4,15:05:00,10826.380221794903,0,71
2018-06-11,10781.95,10792.05,10781.75,10791.3,15:10:00,10822.14877210015,0,72
2018-06-11,10782.6,10788.7,10777.05,10781.5,15:15:00,10818.382222376324,0,73
2018-06-11,10782.15,10784.35,10778.4,10782.5,15:20:00,10814.93153453096,0,74
2018-06-11,10782.1,10783.35,10778.3,10781.95,15:25:00,10811.804721718489,0,75
2018-06-12,10811.4,10814.65,10798.1,10811.8,09:15:00,10811.766176792918,1,1
2018-06-12,10802.3,10812.55,10802.3,10811.6,09:20:00,10810.864636145974,1,2
2018-06-12,10801.65,10805.75,10799.9,10801.8,09:25:00,10809.98705175112,1,3
2018-06-12,10799.25,10802.0,10794.2,10801.7,09:30:00,10808.96447539387,1,4
2018-06-12,10796.35,10800.25,10789.4,10799.95,09:35:00,10807.76309678493,1,5
2018-06-12,10801.0,10802.35,10795.7,10796.45,09:40:00,10807.118992329222,1,6
2018-06-12,10802.7,10807.1,10799.65,10800.8,09:45:00,10806.698135916917,1,7
2018-06-12,10802.95,10807.85,10802.35,10803.2,09:50:00,10806.341170591497,1,8
2018-06-12,10810.9,10813.2,10801.75,10802.8,09:55:00,10806.77534482088,1,9
2018-06-12,10815.75,10816.1,10809.95,10811.2,10:00:00,10807.630073885555,1,10
2018-06-12,10815.1,10816.1,10810.95,10815.7,10:05:00,10808.341495420264,1,11
2018-06-12,10825.05,10825.9,10813.35,10815.0,10:10:00,10809.932781570717,1,12
2018-06-12,10828.6,10831.95,10824.8,10825.2,10:15:00,10811.710611897315,1,13
2018-06-12,10831.3,10832.25,10827.3,10828.5,10:20:00,10813.576267907094,1,14
2018-06-12,10833.05,10833.55,10831.0,10831.25,10:25:00,10815.4309090588,1,15
2018-06-12,10838.0,10842.0,10832.8,10832.8,10:30:00,10817.580346291295,1,16
2018-06-12,10834.05,10839.75,10832.95,10837.95,10:35:00,10819.148884739743,1,17
2018-06-12,10829.95,10837.65,10829.85,10834.15,10:40:00,10820.177562383578,1,18
2018-06-12,10824.2,10830.3,10823.65,10829.85,10:45:00,10820.56065168038,1,19
2018-06-12,10825.15,10826.75,10821.4,10824.35,10:50:00,10820.997732472726,1,20
2018-06-12,10826.0,10829.0,10824.35,10825.25,10:55:00,10821.474138903894,1,21
2018-06-12,10827.65,10828.35,10823.65,10825.95,11:00:00,10822.062316151145,1,22
2018-06-12,10833.15,10833.25,10827.3,10827.8,11:05:00,10823.11828604151,1,23
2018-06-12,10836.9,10837.35,10833.05,10833.25,11:10:00,10824.430830228031,1,24
2018-06-12,10832.2,10838.75,10831.5,10836.95,11:15:00,10825.170751158696,1,25
2018-06-12,10837.5,10838.85,10832.25,10832.4,11:20:00,10826.34496533406,1,26
2018-06-12,10833.7,10838.45,10833.6,10837.6,11:25:00,10827.045444826052,1,27
2018-06-12,10831.0,10835.0,10828.85,10833.75,11:30:00,10827.422069128334,1,28
2018-06-12,10829.35,10831.0,10826.55,10830.95,11:35:00,10827.605681592302,1,29
2018-06-12,10830.3,10832.25,10829.0,10829.45,11:40:00,10827.862283345416,1,30
2018-06-12,10831.3,10834.4,10828.5,10830.25,11:45:00,10828.189684931567,1,31
2018-06-12,10833.55,10835.05,10831.15,10832.4,11:50:00,10828.70019112856,1,32
2018-06-12,10839.35,10841.2,10833.75,10834.2,11:55:00,10829.714458640126,1,33
2018-06-12,10843.65,10844.25,10838.1,10839.4,12:00:00,10831.041653055352,1,34
2018-06-12,10844.5,10848.0,10842.9,10844.6,12:05:00,10832.323400383417,1,35
2018-06-12,10842.35,10847.15,10841.75,10844.9,12:10:00,10833.278314632616,1,36
2018-06-12,10844.7,10849.7,10842.95,10843.0,12:15:00,10834.366094191411,1,37
2018-06-12,10845.95,10847.2,10843.5,10845.25,12:20:00,10835.46932331604,1,38
2018-06-12,10849.05,10851.0,10845.95,10846.8,12:25:00,10836.762721095469,1,39
2018-06-12,10853.4,10854.2,10849.85,10850.1,12:30:00,10838.34722384828,1,40
2018-06-12,10851.2,10855.9,10850.6,10854.35,12:35:00,10839.571297767492,1,41
2018-06-12,10841.55,10852.5,10841.2,10851.95,12:40:00,10839.75974559916,1,42
2018-06-12,10841.9,10843.45,10841.2,10843.25,12:45:00,10839.96357935162,1,43
2018-06-12,10831.85,10842.05,10830.5,10842.0,12:50:00,10839.190857508607,1,44
2018-06-12,10820.25,10830.5,10815.55,10830.5,12:55:00,10837.386966317314,1,45
2018-06-12,10828.0,10828.0,10816.5,10820.0,13:00:00,10836.492969525189,1,46
2018-06-12,10829.5,10833.15,10826.0,10827.7,13:05:00,10835.826972427552,1,47
2018-06-12,10830.15,10831.45,10825.0,10829.25,13:10:00,10835.286308386832,1,48
2018-06-12,10835.2,10835.2,10828.95,10830.0,13:15:00,10835.278088540466,1,49
2018-06-12,10836.65,10841.95,10834.4,10835.25,13:20:00,10835.408746774709,1,50
2018-06-12,10838.35,10840.1,10834.3,10836.45,13:25:00,10835.688866129498,1,51
2018-06-12,10839.5,10840.7,10835.65,10838.6,13:30:00,10836.051831260023,1,52
2018-06-12,10840.1,10840.85,10837.75,10839.45,13:35:00,10836.43737114002,1,53
2018-06-12,10833.35,10839.85,10831.15,10839.85,13:40:00,10836.143335793353,1,54
2018-06-12,10838.35,10840.5,10832.85,10833.5,13:45:00,10836.353494289222,1,55
2018-06-12,10832.7,10839.1,10832.45,10838.7,13:50:00,10836.005542452152,1,56
2018-06-12,10833.9,10833.9,10829.15,10832.25,13:55:00,10835.805014599566,1,57
2018-06-12,10840.0,10841.45,10834.05,10834.1,14:00:00,10836.204537018655,1,58
2018-06-12,10844.25,10846.2,10840.1,10840.3,14:05:00,10836.970771588309,1,59
2018-06-12,10839.15,10844.85,10838.4,10844.85,14:10:00,10837.178317151323,1,60
2018-06-12,10833.85,10843.15,10832.55,10839.6,14:15:00,10836.861334565485,1,61
2018-06-12,10833.85,10839.05,10832.6,10834.15,14:20:00,10836.574540797345,1,62
2018-06-12,10838.15,10838.65,10832.5,10833.95,14:25:00,10836.72458453093,1,63
2018-06-12,10837.9,10839.0,10834.05,10838.25,14:30:00,10836.836528861317,1,64
2018-06-12,10845.25,10845.4,10836.65,10837.75,14:35:00,10837.637811826906,1,65
2018-06-12,10844.65,10848.5,10844.1,10844.85,14:40:00,10838.305639271965,1,66
2018-06-12,10843.3,10845.0,10839.25,10844.25,14:45:00,10838.781292674634,1,67
2018-06-12,10846.2,10850.35,10842.65,10843.25,14:50:00,10839.487836229431,1,68
2018-06-12,10842.5,10849.6,10842.25,10846.1,14:55:00,10839.774708969486,1,69
2018-06-12,10837.1,10843.2,10833.4,10843.05,15:00:00,10839.519974781915,1,70
2018-06-12,10838.8,10838.8,10834.3,10837.35,15:05:00,10839.451405755068,1,71
2018-06-12,10837.4,10840.05,10835.8,10839.25,15:10:00,10839.256033778394,1,72
2018-06-12,10844.35,10845.25,10836.25,10837.3,15:15:00,10839.741173418546,1,73
2018-06-12,10852.5,10852.5,10842.3,10844.15,15:20:00,10840.956299759637,1,74
2018-06-12,10853.15,10856.55,10849.5,10853.45,15:25:00,10842.117604544434,1,75
2018-06-13,10868.85,10880.95,10861.7,10880.95,09:15:00,10844.663546968774,2,1
2018-06-13,10876.55,10879.7,10866.85,10868.95,09:20:00,10847.700352019368,2,2
2018-06-13,10873.45,10878.8,10867.45,10876.7,09:25:00,10850.152699446096,2,3
2018-06-13,10869.55,10873.6,10863.4,10873.4,09:30:00,10852.00006140361,2,4
2018-06-13,10868.75,10875.6,10868.05,10870.0,09:35:00,10853.595293650886,2,5
2018-06-13,10854.15,10868.9,10851.05,10868.9,09:40:00,10853.648122826991,2,6
2018-06-13,10858.45,10862.55,10854.3,10854.35,09:45:00,10854.105444462515,2,7
2018-06-13,10852.2,10862.3,10851.65,10858.3,09:50:00,10853.923973561325,2,8
2018-06-13,10849.55,10853.6,10842.65,10852.75,09:55:00,10853.50740465072,2,9
2018-06-13,10850.2,10850.2,10843.1,10849.25,10:00:00,10853.192413731604,2,10
2018-06-13,10858.1,10860.55,10850.05,10850.05,10:05:00,10853.659802900023,2,11
2018-06-13,10857.9,10858.15,10849.8,10857.8,10:10:00,10854.06363119526,2,12
2018-06-13,10859.9,10862.3,10857.4,10857.85,10:15:00,10854.61947584333,2,13
2018-06-13,10859.3,10860.5,10854.45,10859.25,10:20:00,10855.065240048729,2,14
2018-06-13,10865.15,10866.4,10859.1,10859.1,10:25:00,10856.025693377422,2,15
2018-06-13,10869.6,10870.6,10863.0,10865.05,10:30:00,10857.318484484334,2,16
2018-06-13,10864.0,10869.55,10863.5,10869.4,10:35:00,10857.95481929535,2,17
2018-06-13,10869.15,10872.6,10864.2,10864.2,10:40:00,10859.021026981509,2,18
2018-06-13,10869.5,10872.1,10867.0,10869.35,10:45:00,10860.019024411838,2,19
2018-06-13,10871.6,10872.7,10868.9,10869.85,10:50:00,10861.121974467853,2,20
2018-06-13,10870.55,10871.8,10867.4,10871.8,10:55:00,10862.01988166139,2,21
2018-06-13,10873.8,10873.8,10870.2,10870.65,11:00:00,10863.14179769364,2,22
2018-06-13,10875.4,10879.3,10873.5,10873.55,11:05:00,10864.30924553234,2,23
2018-06-13,10874.65,10877.75,10874.65,10875.35,11:10:00,10865.294079291163,2,24
2018-06-13,10877.85,10878.45,10871.85,10874.9,11:15:00,10866.489881263436,2,25
2018-06-13,10873.0,10878.25,10872.8,10878.25,11:20:00,10867.109892571678,2,26
2018-06-13,10876.75,10876.75,10872.9,10873.2,11:25:00,10868.02799804104,2,27
2018-06-13,10880.1,10880.2,10875.4,10876.85,11:30:00,10869.177712513325,2,28
2018-06-13,10877.25,10880.5,10875.1,10880.5,11:35:00,10869.946501797767,2,29
2018-06-13,10875.2,10877.55,10873.2,10877.2,11:40:00,10870.446834959886,2,30
2018-06-13,10875.75,10876.95,10873.9,10875.3,11:45:00,10870.95189829704,2,31
2018-06-13,10870.65,10878.35,10870.25,10875.8,11:50:00,10870.923146078274,2,32
2018-06-13,10871.15,10871.9,10866.85,10870.55,11:55:00,10870.944751213678,2,33
2018-06-13,10873.65,10874.35,10869.5,10871.35,12:00:00,10871.202393955233,2,34
2018-06-13,10870.45,10875.9,10870.4,10873.8,12:05:00,10871.130737388068,2,35
2018-06-13,10869.0,10872.1,10868.3,10870.6,12:10:00,10870.927810017776,2,36
2018-06-13,10864.85,10868.8,10864.5,10868.5,12:15:00,10870.348970968464,2,37
2018-06-13,10865.7,10867.35,10864.4,10864.75,12:20:00,10869.906211828613,2,38
2018-06-13,10869.35,10871.1,10866.25,10867.45,12:25:00,10869.853239273503,2,39
2018-06-13,10876.1,10876.45,10869.95,10870.35,12:30:00,10870.448168866504,2,40
2018-06-13,10879.85,10879.85,10875.15,10876.95,12:35:00,10871.343581355408,2,41
2018-06-13,10880.8,10882.55,10878.7,10880.65,12:40:00,10872.244192654893,2,42
2018-06-13,10879.45,10882.6,10879.35,10881.45,12:45:00,10872.930460021093,2,43
2018-06-13,10878.35,10882.3,10877.55,10880.4,12:50:00,10873.44660668575,2,44
2018-06-13,10871.1,10879.9,10869.45,10878.85,12:55:00,10873.223120334726,2,45
2018-06-13,10871.6,10872.9,10868.3,10872.05,13:00:00,10873.068537445704,2,46
2018-06-13,10875.5,10876.35,10870.4,10872.2,13:05:00,10873.30010530802,2,47
2018-06-13,10871.8,10877.75,10871.2,10876.05,13:10:00,10873.157238135826,2,48
2018-06-13,10875.9,10876.15,10870.5,10871.95,13:15:00,10873.41845355146,2,49
2018-06-13,10875.2,10877.15,10871.6,10876.05,13:20:00,10873.5881246418,2,50
2018-06-13,10881.55,10882.3,10874.4,10875.5,13:25:00,10874.34639848544,2,51
2018-06-13,10882.5,10885.05,10880.1,10881.45,13:30:00,10875.122931963017,2,52
2018-06-13,10881.4,10885.75,10881.15,10882.75,13:35:00,10875.720747966538,2,53
2018-06-13,10882.45,10884.0,10877.9,10881.3,13:40:00,10876.361629112582,2,54
2018-06-13,10877.4,10886.8,10877.1,10882.65,13:45:00,10876.46052157805,2,55
2018-06-13,10880.4,10880.8,10875.95,10877.15,13:50:00,10876.835709999188,2,56
2018-06-13,10883.8,10884.7,10878.8,10880.6,13:55:00,10877.49897571355,2,57
2018-06-13,10890.0,10891.65,10881.25,10883.6,14:00:00,10878.689549455115,2,58
2018-06-13,10886.55,10891.45,10883.35,10890.45,14:05:00,10879.438163792724,2,59
2018-06-13,10890.4,10892.85,10885.7,10886.25,14:10:00,10880.482148193418,2,60
2018-06-13,10891.1,10893.25,10888.6,10890.25,14:15:00,10881.493372174997,2,61
2018-06-13,10891.3,10892.75,10889.25,10890.6,14:20:00,10882.42733672976,2,62
2018-06-13,10887.8,10891.35,10886.4,10891.1,14:25:00,10882.939018945972,2,63
2018-06-13,10874.9,10888.75,10873.95,10888.45,14:30:00,10882.173398093975,2,64
2018-06-13,10873.05,10875.9,10868.85,10875.6,14:35:00,10881.304503037403,2,65
2018-06-13,10873.4,10878.0,10872.05,10873.15,14:40:00,10880.55169322432,2,66
2018-06-13,10859.25,10874.25,10858.8,10873.0,14:45:00,10878.52296053629,2,67
2018-06-13,10864.55,10865.3,10850.1,10859.65,14:50:00,10877.192202389975,2,68
2018-06-13,10862.6,10865.3,10857.6,10865.3,14:55:00,10875.802468829026,2,69
2018-06-13,10854.6,10865.15,10852.45,10863.65,15:00:00,10873.783186083405,2,70
2018-06-13,10855.15,10858.95,10850.5,10855.25,15:05:00,10872.008596932605,2,71
2018-06-13,10858.2,10858.85,10853.3,10856.0,15:10:00,10870.693492462831,2,72
2018-06-13,10856.5,10860.05,10853.75,10858.8,15:15:00,10869.341731275896,2,73
2018-06-13,10858.75,10861.15,10854.4,10856.75,15:20:00,10868.332994963905,2,74
2018-06-13,10856.45,10860.2,10855.05,10859.45,15:25:00,10867.20128115782,2,75
2018-06-14,10829.05,10830.4,10816.0,10827.55,09:15:00,10863.567825809456,3,1
2018-06-14,10823.25,10830.0,10816.9,10829.2,09:20:00,10859.728032875222,3,2
2018-06-14,10827.5,10827.65,10819.85,10823.15,09:25:00,10856.658696410916,3,3
2018-06-14,10828.85,10830.85,10822.6,10826.9,09:30:00,10854.010249133684,3,4
2018-06-14,10821.7,10828.95,10820.85,10828.9,09:35:00,10850.933082549524,3,5
2018-06-14,10815.45,10821.85,10812.3,10821.8,09:40:00,10847.55374135433,3,6
2018-06-14,10810.7,10815.7,10803.8,10815.7,09:45:00,10844.043861225347,3,7
2018-06-14,10809.95,10816.15,10809.8,10810.5,09:50:00,10840.796826822932,3,8
2018-06-14,10805.4,10810.15,10805.4,10810.05,09:55:00,10837.425700458843,3,9
2018-06-14,10804.5,10808.55,10800.65,10804.75,10:00:00,10834.289919462764,3,10
2018-06-14,10798.65,10804.6,10798.5,10804.4,10:05:00,10830.89564141869,3,11
2018-06-14,10795.55,10798.25,10788.5,10798.25,10:10:00,10827.529389855006,3,12
2018-06-14,10793.7,10796.3,10791.1,10795.45,10:15:00,10824.307543202149,3,13
2018-06-14,10786.75,10795.75,10786.0,10793.8,10:20:00,10820.730634325755,3,14
2018-06-14,10787.2,10790.25,10784.45,10786.8,10:25:00,10817.537240580445,3,15
2018-06-14,10792.05,10792.45,10782.05,10787.1,10:30:00,10815.109884334688,3,16
2018-06-14,10791.55,10795.55,10791.2,10792.2,10:35:00,10812.866085826625,3,17
2018-06-14,10792.7,10793.1,10788.1,10791.65,10:40:00,10810.945506224089,3,18
2018-06-14,10795.9,10797.6,10789.95,10792.6,10:45:00,10809.512600869411,3,19
2018-06-14,10797.25,10799.35,10795.3,10795.95,10:50:00,10808.344734119944,3,20
2018-06-14,10792.55,10797.55,10790.4,10797.55,10:55:00,10806.840473727569,3,21
2018-06-14,10792.45,10796.1,10791.7,10792.85,11:00:00,10805.46995242018,3,22
2018-06-14,10791.7,10795.1,10790.6,10792.8,11:05:00,10804.158528380163,3,23
2018-06-14,10784.8,10791.7,10784.25,10791.65,11:10:00,10802.314859010625,3,24
2018-06-14,10787.8,10788.3,10783.8,10784.7,11:15:00,10800.932491485804,3,25
2018-06-14,10788.1,10790.65,10785.2,10787.7,11:20:00,10799.710349439534,3,26
2018-06-14,10791.15,10792.4,10786.05,10788.5,11:25:00,10798.89507806434,3,27
2018-06-14,10792.7,10793.45,10788.55,10791.6,11:30:00,10798.305070629642,3,28
2018-06-14,10789.15,10793.5,10788.1,10793.1,11:35:00,10797.433159141105,3,29
2018-06-14,10785.5,10790.25,10784.95,10788.95,11:40:00,10796.296667794331,3,30
2018-06-14,10787.45,10787.5,10784.95,10785.6,11:45:00,10795.454128004396,3,31
2018-06-14,10785.75,10787.4,10780.35,10787.4,11:50:00,10794.52992533731,3,32
2018-06-14,10784.45,10786.65,10783.9,10785.85,11:55:00,10793.569932448045,3,33
2018-06-14,10781.55,10784.3,10781.4,10784.3,12:00:00,10792.425176976802,3,34
2018-06-14,10776.1,10781.6,10773.55,10781.45,12:05:00,10790.870398217106,3,35
2018-06-14,10782.6,10782.6,10775.8,10775.95,12:10:00,10790.082741244049,3,36
2018-06-14,10780.3,10782.5,10779.55,10782.5,12:15:00,10789.15105160176,3,37
2018-06-14,10783.4,10784.0,10779.8,10780.25,12:20:00,10788.603332401592,3,38
2018-06-14,10777.1,10783.3,10775.4,10783.3,12:25:00,10787.507776934774,3,39
2018-06-14,10778.2,10780.0,10777.05,10777.15,12:30:00,10786.621321988605,3,40
2018-06-14,10783.45,10785.35,10778.25,10778.25,12:35:00,10786.319291323023,3,41
2018-06-14,10788.85,10789.95,10782.7,10783.5,12:40:00,10786.56031119702,3,42
2018-06-14,10787.6,10790.7,10786.7,10789.2,12:45:00,10786.659329178256,3,43
2018-06-14,10789.0,10791.05,10787.2,10787.7,12:50:00,10786.8822502089,3,44
2018-06-14,10788.5,10790.75,10788.4,10789.4,12:55:00,10787.036321617576,3,45
2018-06-14,10784.55,10789.0,10784.25,10788.65,13:00:00,10786.79952908257,3,46
2018-06-14,10786.15,10786.55,10783.95,10784.15,13:05:00,10786.737669169945,3,47
2018-06-14,10788.8,10789.45,10785.2,10786.2,13:10:00,10786.934081629948,3,48
2018-06-14,10794.75,10795.7,10788.6,10788.6,13:15:00,10787.678454808049,3,49
2018-06-14,10792.25,10798.2,10791.25,10794.55,13:20:00,10788.113840064423,3,50
2018-06-14,10791.25,10792.4,10787.8,10792.4,13:25:00,10788.41252196305,3,51
2018-06-14,10795.65,10797.65,10790.2,10791.35,13:30:00,10789.101805585617,3,52
2018-06-14,10799.4,10799.9,10794.45,10795.6,13:35:00,10790.082586006034,3,53
2018-06-14,10801.5,10806.25,10798.55,10799.5,13:40:00,10791.169958767365,3,54
2018-06-14,10809.1,10809.35,10801.0,10801.85,13:45:00,10792.8775817419,3,55
2018-06-14,10807.6,10811.5,10806.65,10809.45,13:50:00,10794.2797168141,3,56
2018-06-14,10799.3,10808.75,10797.9,10808.75,13:55:00,10794.75783902228,3,57
2018-06-14,10797.55,10802.9,10797.55,10799.65,14:00:00,10795.023759115398,3,58
2018-06-14,10802.5,10802.5,10795.5,10798.8,14:05:00,10795.735782056789,3,59
2018-06-14,10805.6,10807.15,10802.1,10803.2,14:10:00,10796.675231384714,3,60
2018-06-14,10806.65,10811.65,10805.45,10806.6,14:15:00,10797.625209348074,3,61
2018-06-14,10807.8,10808.35,10804.5,10807.5,14:20:00,10798.59423702921,3,62
2018-06-14,10803.3,10809.35,10803.0,10808.6,14:25:00,10799.04240493119,3,63
2018-06-14,10808.55,10808.55,10802.3,10803.65,14:30:00,10799.947890175838,3,64
2018-06-14,10807.9,10810.9,10806.75,10808.4,14:35:00,10800.705233968616,3,65
2018-06-14,10812.3,10814.35,10808.75,10808.85,14:40:00,10801.809497400176,3,66
2018-06-14,10817.15,10817.7,10808.95,10812.95,14:45:00,10803.27049764778,3,67
2018-06-14,10810.85,10818.75,10810.35,10818.05,14:50:00,10803.992355014658,3,68
2018-06-14,10811.45,10811.8,10808.0,10811.05,14:55:00,10804.702606918025,3,69
2018-06-14,10814.8,10817.5,10811.4,10811.4,15:00:00,10805.66426340202,3,70
2018-06-14,10814.0,10815.95,10811.75,10815.0,15:05:00,10806.458143078018,3,71
2018-06-14,10805.7,10814.45,10805.6,10813.8,15:10:00,10806.38593897535,3,72
2018-06-14,10800.4,10806.35,10797.55,10805.35,15:15:00,10805.815849549128,3,73
2018-06-14,10806.55,10807.9,10799.15,10800.5,15:20:00,10805.885768639688,3,74
2018-06-14,10809.25,10813.55,10805.55,10806.25,15:25:00,10806.206171626383,3,75
2018-06-15,10797.75,10809.5,10788.9,10803.65,09:15:00,10805.400821947682,4,1
2018-06-15,10816.2,10817.0,10795.9,10799.05,09:20:00,10806.429315095522,4,2
2018-06-15,10814.4,10823.8,10814.35,10815.8,09:25:00,10807.188427943567,4,3
2018-06-15,10819.2,10819.25,10809.05,10813.55,09:30:00,10808.332387187038,4,4
2018-06-15,10813.85,10818.9,10810.55,10818.9,09:35:00,10808.857874121606,4,5
2018-06-15,10803.15,10814.05,10803.05,10814.05,09:40:00,10808.314267062406,4,6
2018-06-15,10812.1,10812.8,10799.4,10803.35,09:45:00,10808.674813056465,4,7
2018-06-15,10807.3,10812.45,10804.9,10812.45,09:50:00,10808.543878479655,4,8
2018-06-15,10814.9,10817.2,10807.25,10807.45,09:55:00,10809.149223386356,4,9
2018-06-15,10821.45,10822.15,10814.85,10814.85,10:00:00,10810.32072592099,4,10
2018-06-15,10828.7,10831.35,10821.15,10821.65,10:05:00,10812.071132976133,4,11
2018-06-15,10822.55,10828.85,10820.75,10828.6,10:10:00,10813.06912031174,4,12
2018-06-15,10820.0,10822.9,10814.35,10822.6,10:15:00,10813.729204091576,4,13
2018-06-15,10816.05,10820.0,10816.0,10819.95,10:20:00,10813.95023227333,4,14
2018-06-15,10815.75,10819.55,10813.25,10816.1,10:25:00,10814.121638723487,4,15
2018-06-15,10820.65,10820.65,10815.25,10815.95,10:30:00,10814.743387416487,4,16
2018-06-15,10825.7,10825.95,10820.2,10820.85,10:35:00,10815.786874329204,4,17
2018-06-15,10821.05,10825.9,10818.3,10825.65,10:40:00,10816.28812439309,4,18
2018-06-15,10819.75,10821.4,10819.05,10821.0,10:45:00,10816.617826831844,4,19
2018-06-15,10822.6,10823.95,10815.55,10819.6,10:50:00,10817.187557609765,4,20
2018-06-15,10826.35,10826.9,10821.95,10822.65,10:55:00,10818.06017117074,4,21
2018-06-15,10826.6,10828.7,10824.85,10826.65,11:00:00,10818.873488202098,4,22
2018-06-15,10830.1,10834.0,10826.75,10826.75,11:05:00,10819.942679801898,4,23
2018-06-15,10829.15,10830.45,10826.15,10830.0,11:10:00,10820.819567439812,4,24
2018-06-15,10824.0,10831.05,10823.7,10828.75,11:15:00,10821.122465778875,4,25
2018-06-15,10823.25,10826.3,10822.35,10823.85,11:20:00,10821.32508808565,4,26
2018-06-15,10821.3,10826.05,10820.35,10823.2,11:25:00,10821.32269874416,4,27
2018-06-15,10815.0,10821.55,10814.0,10821.55,11:30:00,10820.720536959,4,28
2018-06-15,10815.9,10819.1,10812.2,10814.65,11:35:00,10820.261438201002,4,29
2018-06-15,10814.65,10816.15,10811.9,10816.15,11:40:00,10819.727015515193,4,30
2018-06-15,10817.4,10817.8,10814.3,10814.9,11:45:00,10819.505394989936,4,31
2018-06-15,10820.6,10820.6,10815.95,10817.3,11:50:00,10819.609643086134,4,32
2018-06-15,10818.75,10821.15,10818.15,10820.75,11:55:00,10819.527772316029,4,33
2018-06-15,10814.1,10819.35,10813.6,10818.85,12:00:00,10819.010841619262,4,34
2018-06-15,10805.95,10814.1,10805.5,10813.8,12:05:00,10817.766951941236,4,35
2018-06-15,10801.75,10807.85,10801.75,10805.7,12:10:00,10816.241527946831,4,36
2018-06-15,10800.35,10802.4,10795.35,10802.35,12:15:00,10814.728049094754,4,37
2018-06-15,10800.65,10801.6,10797.0,10800.6,12:20:00,10813.3872825143,4,38
2018-06-15,10798.0,10802.2,10797.55,10800.5,12:25:00,10811.92182703675,4,39
2018-06-15,10795.2,10799.1,10791.95,10798.35,12:30:00,10810.329272080868,4,40
2018-06-15,10796.8,10797.3,10791.05,10795.0,12:35:00,10809.040769977928,4,41
2018-06-15,10803.1,10803.65,10794.6,10797.25,12:40:00,10808.474982360982,4,42
2018-06-15,10800.5,10804.9,10798.65,10803.45,12:45:00,10807.715460231364,4,43
2018-06-15,10799.95,10802.35,10799.3,10800.6,12:50:00,10806.975892590282,4,44
2018-06-15,10795.0,10800.8,10791.8,10799.9,12:55:00,10805.835331391208,4,45
2018-06-15,10784.1,10795.65,10782.0,10795.25,13:00:00,10803.765299830142,4,46
2018-06-15,10770.55,10784.6,10768.85,10784.0,13:05:00,10800.601937941556,4,47
2018-06-15,10767.45,10772.3,10760.75,10770.8,13:10:00,10797.444610518553,4,48
2018-06-15,10769.4,10771.55,10763.75,10767.3,13:15:00,10794.773695231072,4,49
2018-06-15,10759.35,10769.2,10755.4,10769.15,13:20:00,10791.40000997097,4,50
2018-06-15,10765.5,10768.35,10758.7,10759.3,13:25:00,10788.933342354689,4,51
2018-06-15,10763.05,10765.9,10757.55,10765.1,13:30:00,10786.468262130433,4,52
2018-06-15,10761.1,10763.65,10757.4,10763.25,13:35:00,10784.052237165628,4,53
2018-06-15,10772.6,10772.65,10756.75,10762.3,13:40:00,10782.96154791176,4,54
2018-06-15,10773.7,10776.15,10768.9,10773.15,13:45:00,10782.07949572969,4,55
2018-06-15,10777.0,10779.8,10773.7,10774.55,13:50:00,10781.595734231623,4,56
2018-06-15,10774.3,10778.75,10766.35,10778.2,13:55:00,10780.90090240004,4,57
2018-06-15,10774.15,10775.45,10770.9,10774.25,14:00:00,10780.257959314324,4,58
2018-06-15,10777.05,10780.65,10773.45,10774.7,14:05:00,10779.952439379626,4,59
2018-06-15,10769.15,10777.65,10768.3,10777.6,14:10:00,10778.923635629186,4,60
2018-06-15,10772.15,10774.6,10767.65,10769.65,14:15:00,10778.278527474024,4,61
2018-06-15,10774.55,10776.2,10771.2,10772.95,14:20:00,10777.923429619355,4,62
2018-06-15,10781.9,10784.0,10774.75,10775.05,14:25:00,10778.30215060799,4,63
2018-06-15,10789.5,10794.15,10782.65,10782.65,14:30:00,10779.368612454848,4,64
2018-06-15,10792.35,10801.7,10789.25,10790.15,14:35:00,10780.604935078196,4,65
2018-06-15,10783.9,10793.4,10782.6,10792.3,14:40:00,10780.918750785037,4,66
2018-06-15,10790.4,10790.6,10780.05,10784.1,14:45:00,10781.821726900744,4,67
2018-06-15,10800.65,10803.0,10790.5,10790.95,14:50:00,10783.61489576734,4,68
2018-06-15,10797.8,10801.8,10793.65,10801.8,14:55:00,10784.965858075211,4,69
2018-06-15,10811.85,10815.85,10797.2,10797.4,15:00:00,10787.52625254424,4,70
2018-06-15,10815.95,10819.6,10809.15,10810.95,15:05:00,10790.233276111458,4,71
2018-06-15,10825.0,10827.6,10815.2,10815.2,15:10:00,10793.544392672273,4,72
2018-06-15,10816.85,10825.3,10816.1,10824.5,15:15:00,10795.763974322532,4,73
2018-06-15,10823.4,10826.3,10816.05,10816.2,15:20:00,10798.395976768004,4,74
2018-06-15,10816.75,10823.5,10809.6,10822.75,15:25:00,10800.143978980575,4,75
2018-06-18,10817.1,10823.7,10803.15,10823.7,09:15:00,10801.758838125284,0,1
2018-06-18,10825.45,10826.9,10816.4,10817.6,09:20:00,10804.015139256207,0,2
2018-06-18,10820.25,10826.85,10818.15,10825.95,09:25:00,10805.561316469904,0,3
2018-06-18,10808.3,10819.85,10800.95,10819.7,09:30:00,10805.82214347277,0,4
2018-06-18,10803.95,10808.35,10799.85,10808.0,09:35:00,10805.643844094411,0,5
2018-06-18,10799.2,10804.2,10797.05,10804.0,09:40:00,10805.030144656848,0,6
2018-06-18,10792.4,10799.25,10789.35,10799.25,09:45:00,10803.827273737148,0,7
2018-06-18,10797.95,10799.35,10787.35,10791.85,09:50:00,10803.26753338123,0,8
2018-06-18,10802.75,10809.7,10797.4,10798.15,09:55:00,10803.21824448778,0,9
2018-06-18,10803.7,10806.85,10800.95,10802.65,10:00:00,10803.264125965134,0,10
2018-06-18,10801.0,10803.9,10797.5,10803.65,10:05:00,10803.048494920837,0,11
2018-06-18,10808.2,10809.45,10799.15,10800.9,10:10:00,10803.539114452184,0,12
2018-06-18,10810.75,10812.05,10804.9,10808.4,10:15:00,10804.225865456738,0,13
2018-06-18,10820.55,10821.45,10810.7,10811.05,10:20:00,10805.780544937048,0,14
2018-06-18,10812.25,10823.3,10812.2,10820.7,10:25:00,10806.396683514473,0,15
2018-06-18,10817.85,10822.0,10812.05,10812.05,10:30:00,10807.487475560712,0,16
2018-06-18,10814.65,10821.5,10814.45,10818.05,10:35:00,10808.169620745408,0,17
2018-06-18,10817.45,10818.5,10809.2,10814.6,10:40:00,10809.053466388705,0,18
2018-06-18,10826.45,10826.45,10817.05,10818.0,10:45:00,10810.71027911359,0,19
2018-06-18,10819.9,10826.75,10816.8,10826.55,10:50:00,10811.58549062658,0,20
2018-06-18,10816.25,10820.4,10815.35,10819.7,10:55:00,10812.029729614524,0,21
2018-06-18,10821.8,10822.9,10816.05,10816.5,11:00:00,10812.960231556,0,22
2018-06-18,10823.7,10826.2,10820.55,10821.6,11:05:00,10813.983066645904,0,23
2018-06-18,10817.35,10823.95,10817.15,10823.0,11:10:00,10814.30372696534,0,24
2018-06-18,10810.3,10818.75,10809.8,10817.6,11:15:00,10813.922419635308,0,25
2018-06-18,10814.5,10814.95,10805.7,10810.1,11:20:00,10813.977427289088,0,26
2018-06-18,10809.55,10816.6,10809.05,10814.4,11:25:00,10813.55576754727,0,27
2018-06-18,10808.15,10809.75,10804.5,10809.4,11:30:00,10813.040932542768,0,28
2018-06-18,10807.35,10811.5,10806.1,10808.2,11:35:00,10812.498938967266,0,29
2018-06-18,10807.9,10810.6,10806.2,10807.25,11:40:00,10812.060944779909,0,30
2018-06-18,10811.15,10811.35,10805.5,10807.7,11:45:00,10811.974188134202,0,31
2018-06-18,10814.85,10816.95,10810.85,10810.85,11:50:00,10812.248074978565,0,32
2018-06-18,10809.6,10814.6,10809.25,10814.15,11:55:00,10811.995877361556,0,33
2018-06-18,10815.75,10816.45,10808.8,10809.8,12:00:00,10812.35341285093,0,34
2018-06-18,10814.85,10817.45,10814.55,10815.65,12:05:00,10812.591183055603,0,35
2018-06-18,10815.4,10815.4,10810.15,10813.75,12:10:00,10812.85868943126,0,36
2018-06-18,10815.45,10816.7,10812.15,10815.1,12:15:00,10813.105480913997,0,37
2018-06-18,10816.35,10818.55,10813.9,10814.6,12:20:00,10813.414482731712,0,38
2018-06-18,10813.9,10817.2,10813.75,10816.45,12:25:00,10813.46072247155,0,39
2018-06-18,10813.0,10815.4,10810.3,10813.8,12:30:00,10813.416844140924,0,40
2018-06-18,10810.0,10814.0,10809.8,10812.35,12:35:00,10813.091430413217,0,41
2018-06-18,10809.0,10810.9,10807.55,10809.85,12:40:00,10812.701770373862,0,42
2018-06-18,10808.85,10811.55,10806.2,10808.45,12:45:00,10812.33493510016,0,43
2018-06-18,10810.85,10811.95,10809.0,10809.75,12:50:00,10812.19351270967,0,44
2018-06-18,10807.2,10812.1,10805.65,10811.7,12:55:00,10811.717940070654,0,45
2018-06-18,10807.55,10808.7,10800.9,10807.6,13:00:00,10811.320993397258,0,46
2018-06-18,10803.8,10809.0,10802.55,10808.5,13:05:00,10810.604708311805,0,47
2018-06-18,10805.05,10808.2,10803.8,10804.9,13:10:00,10810.075688472583,0,48
2018-06-18,10802.1,10806.55,10801.45,10805.1,13:15:00,10809.316099094242,0,49
2018-06-18,10802.8,10803.3,10796.75,10802.65,13:20:00,10808.695518228124,0,50
2018-06-18,10809.8,10812.2,10803.65,10804.65,13:25:00,10808.800706968304,0,51
2018-06-18,10811.65,10813.05,10806.95,10810.45,13:30:00,10809.072068209416,0,52
2018-06-18,10815.0,10815.55,10811.9,10813.3,13:35:00,10809.636633141852,0,53
2018-06-18,10813.8,10819.65,10812.9,10816.35,13:40:00,10810.0331442712,0,54
2018-06-18,10821.1,10821.1,10814.05,10814.15,13:45:00,10811.087130531088,0,55
2018-06-18,10808.95,10821.8,10808.55,10821.5,13:50:00,10810.88359429003,0,56
2018-06-18,10807.6,10809.85,10805.45,10809.4,13:55:00,10810.570871024313,0,57
2018-06-18,10816.05,10816.05,10805.65,10807.1,14:00:00,10811.092692831522,0,58
2018-06-18,10817.95,10819.3,10815.3,10816.0,14:05:00,10811.74576970471,0,59
2018-06-18,10815.4,10820.65,10815.05,10818.2,14:10:00,10812.093791637595,0,60
2018-06-18,10814.85,10818.15,10814.5,10815.3,14:15:00,10812.35628767211,0,61
2018-06-18,10815.3,10816.25,10813.1,10815.0,14:20:00,10812.636641227147,0,62
2018-06-18,10811.7,10815.55,10811.35,10815.5,14:25:00,10812.547437300753,0,63
2018-06-18,10822.45,10823.8,10811.55,10812.0,14:30:00,10813.490538510205,0,64
2018-06-18,10822.05,10826.85,10820.25,10823.0,14:35:00,10814.305725318756,0,65
2018-06-18,10822.2,10825.6,10821.0,10823.0,14:40:00,10815.057561002684,0,66
2018-06-18,10816.35,10823.0,10816.1,10822.15,14:45:00,10815.180650431,0,67
2018-06-18,10822.15,10822.8,10816.4,10816.95,14:50:00,10815.844398008998,0,68
2018-06-18,10824.8,10828.1,10821.9,10822.85,14:55:00,10816.69731248433,0,69
2018-06-18,10801.65,10823.95,10800.7,10823.35,15:00:00,10815.26423510487,0,70
2018-06-18,10800.9,10806.45,10798.3,10802.3,15:05:00,10813.896212713931,0,71
2018-06-18,10797.0,10801.5,10792.4,10800.5,15:10:00,10812.28704959832,0,72
2018-06-18,10799.05,10801.1,10793.85,10797.5,15:15:00,10811.026378208004,0,73
2018-06-18,10796.95,10801.8,10796.2,10800.25,15:20:00,10809.685770759625,0,74
2018-06-18,10795.85,10799.3,10793.4,10797.3,15:25:00,10808.368078306325,0,75
2018-06-19,10761.75,10777.85,10760.7,10777.85,09:15:00,10803.928261324769,1,1
2018-06-19,10767.1,10774.45,10760.3,10761.9,09:20:00,10800.420807865266,1,2
2018-06-19,10753.4,10767.75,10750.9,10766.75,09:25:00,10795.94263568762,1,3
2018-06-19,10753.55,10757.4,10746.9,10753.15,09:30:00,10791.905241812608,1,4
2018-06-19,10760.5,10761.05,10753.45,10753.45,09:35:00,10788.914266401884,1,5
2018-06-19,10759.75,10760.95,10755.7,10760.95,09:40:00,10786.136717220752,1,6
2018-06-19,10752.55,10760.0,10752.55,10759.4,09:45:00,10782.937982247346,1,7
2018-06-19,10748.65,10755.15,10746.75,10752.75,09:50:00,10779.67246012855,1,8
2018-06-19,10755.7,10755.75,10746.7,10748.55,09:55:00,10777.389368687736,1,9
2018-06-19,10757.7,10761.45,10754.55,10755.75,10:00:00,10775.514190717477,1,10
2018-06-19,10758.25,10763.2,10756.5,10757.45,10:05:00,10773.869982077716,1,11
2018-06-19,10760.25,10761.9,10755.05,10758.15,10:10:00,10772.572840927458,1,12
2018-06-19,10751.8,10761.0,10750.55,10759.95,10:15:00,10770.594475124844,1,13
2018-06-19,10750.6,10753.6,10750.2,10752.1,10:20:00,10768.690239398667,1,14
2018-06-19,10742.75,10750.5,10741.65,10750.3,10:25:00,10766.219740408318,1,15
2018-06-19,10749.55,10750.7,10742.45,10742.45,10:30:00,10764.632146083715,1,16
2018-06-19,10741.25,10750.25,10740.25,10750.0,10:35:00,10762.405275028126,1,17
2018-06-19,10741.7,10743.6,10740.2,10740.85,10:40:00,10760.433344073066,1,18
2018-06-19,10743.5,10745.0,10740.3,10741.6,10:45:00,10758.820644637535,1,19
2018-06-19,10746.6,10747.2,10742.35,10743.55,10:50:00,10757.656773719676,1,20
2018-06-19,10740.6,10746.7,10737.45,10746.7,10:55:00,10756.032319079706,1,21
2018-06-19,10743.15,10745.6,10740.5,10741.0,11:00:00,10754.805431548306,1,22
2018-06-19,10736.7,10744.45,10736.3,10743.5,11:05:00,10753.08110473418,1,23
2018-06-19,10737.15,10738.1,10734.25,10736.6,11:10:00,10751.56385666426,1,24
2018-06-19,10736.25,10740.55,10735.4,10737.2,11:15:00,10750.105394124806,1,25
2018-06-19,10732.15,10736.2,10731.25,10736.1,11:20:00,10748.395356589112,1,26
2018-06-19,10733.55,10739.05,10731.8,10732.25,11:25:00,10746.981513104434,1,27
2018-06-19,10732.15,10734.95,10728.9,10733.6,11:30:00,10745.568988046867,1,28
2018-06-19,10729.35,10732.9,10729.0,10731.85,11:35:00,10744.024322518597,1,29
2018-06-19,10728.95,10730.3,10724.95,10729.55,11:40:00,10742.58867275492,1,30
2018-06-19,10736.9,10737.2,10724.25,10729.0,11:45:00,10742.046894397308,1,31
2018-06-19,10733.7,10738.65,10733.5,10737.3,11:50:00,10741.251952073755,1,32
2018-06-19,10734.9,10740.85,10733.55,10733.95,11:55:00,10740.647004257207,1,33
2018-06-19,10738.25,10738.25,10731.15,10734.65,12:00:00,10740.418718137473,1,34
2018-06-19,10730.45,10739.55,10730.45,10738.4,12:05:00,10739.469316410095,1,35
2018-06-19,10726.5,10731.65,10726.45,10730.6,12:10:00,10738.234143418658,1,36
2018-06-19,10731.8,10732.35,10725.35,10726.3,12:15:00,10737.621367854978,1,37
2018-06-19,10729.25,10734.7,10729.25,10731.7,12:20:00,10736.824094725933,1,38
2018-06-19,10730.45,10732.25,10728.1,10729.8,12:25:00,10736.21703808537,1,39
2018-06-19,10722.0,10732.1,10721.45,10730.3,12:30:00,10734.86303445819,1,40
2018-06-19,10722.55,10724.25,10718.8,10723.1,12:35:00,10733.690364509792,1,41
2018-06-19,10718.0,10725.6,10717.55,10722.65,12:40:00,10732.196044080289,1,42
2018-06-19,10721.55,10724.45,10713.55,10718.05,12:45:00,10731.182135120262,1,43
2018-06-19,10716.4,10723.15,10716.3,10721.5,12:50:00,10729.774312727855,1,44
2018-06-19,10713.7,10720.05,10711.65,10716.3,12:55:00,10728.243425801393,1,45
2018-06-19,10710.8,10715.05,10708.55,10713.75,13:00:00,10726.582147153642,1,46
2018-06-19,10719.05,10720.5,10710.6,10711.15,13:05:00,10725.864799805677,1,47
2018-06-19,10718.1,10720.7,10713.9,10720.35,13:10:00,10725.125295062278,1,48
2018-06-19,10718.3,10722.45,10714.6,10718.3,13:15:00,10724.475266961108,1,49
2018-06-19,10727.9,10728.4,10716.6,10718.35,13:20:00,10724.801432012431,1,50
2018-06-19,10726.4,10730.3,10725.85,10728.0,13:25:00,10724.953676582674,1,51
2018-06-19,10731.35,10736.25,10726.65,10726.8,13:30:00,10725.562850241467,1,52
2018-06-19,10732.8,10733.6,10727.45,10731.3,13:35:00,10726.252102599425,1,53
2018-06-19,10730.55,10734.2,10727.65,10732.85,13:40:00,10726.661426161383,1,54
2018-06-19,10734.55,10737.3,10730.1,10730.3,13:45:00,10727.41271890792,1,55
2018-06-19,10730.5,10736.9,10729.6,10734.65,13:50:00,10727.706745678594,1,56
2018-06-19,10730.35,10731.45,10727.05,10730.35,13:55:00,10727.958484185394,1,57
2018-06-19,10729.05,10731.9,10727.65,10730.5,14:00:00,10728.062438072498,1,58
2018-06-19,10723.75,10730.85,10723.4,10728.9,14:05:00,10727.65172968464,1,59
2018-06-19,10721.85,10723.55,10719.05,10723.55,14:10:00,10727.09918400039,1,60
2018-06-19,10720.5,10724.6,10719.85,10722.2,14:15:00,10726.470690286067,1,61
2018-06-19,10714.75,10720.45,10713.85,10720.15,14:20:00,10725.354434068347,1,62
2018-06-19,10711.25,10716.5,10709.9,10714.65,14:25:00,10724.011154633266,1,63
2018-06-19,10717.75,10717.75,10711.05,10711.55,14:30:00,10723.414854192004,1,64
2018-06-19,10724.15,10727.3,10715.6,10717.35,14:35:00,10723.48486807848,1,65
2018-06-19,10724.2,10724.45,10718.3,10723.85,14:40:00,10723.55297588053,1,66
2018-06-19,10732.05,10733.15,10724.1,10724.1,14:45:00,10724.36221627286,1,67
2018-06-19,10735.4,10736.05,10727.2,10731.45,14:50:00,10725.413433770684,1,68
2018-06-19,10733.55,10740.35,10732.4,10735.95,14:55:00,10726.188344840142,1,69
2018-06-19,10710.8,10733.8,10710.3,10733.8,15:00:00,10724.7227881887,1,70
2018-06-19,10711.85,10711.85,10705.5,10711.05,15:05:00,10723.496808361206,1,71
2018-06-19,10713.1,10715.2,10708.3,10712.35,15:10:00,10722.506636136328,1,72
2018-06-19,10708.65,10713.2,10708.35,10713.0,15:15:00,10721.186956504296,1,73
2018-06-19,10703.25,10709.65,10701.2,10708.85,15:20:00,10719.47867493246,1,74
2018-06-19,10711.3,10714.55,10703.35,10703.35,15:25:00,10718.69975351032,1,75
2018-06-20,10750.05,10754.0,10733.8,10733.8,09:15:00,10721.68549127124,2,1
2018-06-20,10748.6,10756.75,10748.2,10750.2,09:20:00,10724.248777816836,2,2
2018-06-20,10743.8,10749.0,10741.65,10749.0,09:25:00,10726.110798977135,2,3
2018-06-20,10747.75,10750.0,10741.95,10743.95,09:30:00,10728.17167526503,2,4
2018-06-20,10735.95,10748.8,10734.7,10747.7,09:35:00,10728.912468096933,2,5
2018-06-20,10728.75,10736.05,10726.65,10736.05,09:40:00,10728.896994944844,2,6
2018-06-20,10736.75,10737.65,10726.6,10728.85,09:45:00,10729.644900188192,2,7
2018-06-20,10726.25,10736.6,10725.95,10736.35,09:50:00,10729.321576360744,2,8
2018-06-20,10731.5,10731.8,10726.55,10726.8,09:55:00,10729.529045278769,2,9
2018-06-20,10730.2,10734.5,10728.5,10731.2,10:00:00,10729.59294572841,2,10
2018-06-20,10727.9,10730.1,10724.05,10730.1,10:05:00,10729.431712801896,2,11
2018-06-20,10729.5,10732.25,10727.65,10727.65,10:10:00,10729.438216344572,2,12
2018-06-20,10731.65,10732.2,10725.8,10729.65,10:15:00,10729.648862406992,2,13
2018-06-20,10731.85,10734.9,10730.8,10731.35,10:20:00,10729.85849455871,2,14
2018-06-20,10734.35,10736.2,10731.2,10731.3,10:25:00,10730.286256981692,2,15
2018-06-20,10734.75,10735.9,10732.4,10734.5,10:30:00,10730.711375364388,2,16
2018-06-20,10730.9,10735.2,10727.95,10734.95,10:35:00,10730.729339615398,2,17
2018-06-20,10736.7,10740.3,10730.65,10731.15,10:40:00,10731.29797393774,2,18
2018-06-20,10739.0,10740.05,10735.9,10737.25,10:45:00,10732.031500229385,2,19
2018-06-20,10749.55,10749.55,10738.4,10739.15,10:50:00,10733.699928778968,2,20
2018-06-20,10749.7,10751.05,10744.15,10749.1,10:55:00,10735.223745085732,2,21
2018-06-20,10755.95,10761.35,10749.3,10749.6,11:00:00,10737.197674125186,2,22
2018-06-20,10762.05,10762.4,10755.05,10755.6,11:05:00,10739.56456230374,2,23
2018-06-20,10757.5,10762.45,10756.2,10762.0,11:10:00,10741.272699227193,2,24
2018-06-20,10761.35,10762.5,10757.05,10757.05,11:15:00,10743.184823110318,2,25
2018-06-20,10760.6,10763.0,10759.4,10761.75,11:20:00,10744.843411385526,2,26
2018-06-20,10757.6,10760.5,10756.95,10759.85,11:25:00,10746.058324586904,2,27
2018-06-20,10755.65,10758.25,10753.25,10757.65,11:30:00,10746.971817483389,2,28
2018-06-20,10755.95,10757.1,10753.75,10755.7,11:35:00,10747.826882484973,2,29
2018-06-20,10754.75,10756.15,10752.15,10756.1,11:40:00,10748.486227010211,2,30
2018-06-20,10759.6,10760.7,10754.95,10755.75,11:45:00,10749.544681580668,2,31
2018-06-20,10758.75,10764.7,10758.6,10760.7,11:50:00,10750.421378572984,2,32
2018-06-20,10759.35,10760.55,10757.7,10759.15,11:55:00,10751.271723470796,2,33
2018-06-20,10758.25,10762.35,10757.65,10759.2,12:00:00,10751.936321235482,2,34
2018-06-20,10756.0,10759.65,10755.35,10759.65,12:05:00,10752.323338260674,2,35
2018-06-20,10757.1,10758.0,10753.0,10757.1,12:10:00,10752.778258426324,2,36
2018-06-20,10764.6,10766.5,10757.4,10757.95,12:15:00,10753.9041385762,2,37
2018-06-20,10762.15,10765.5,10760.9,10765.2,12:20:00,10754.6894587118,2,38
2018-06-20,10757.7,10762.9,10757.45,10762.0,12:25:00,10754.976176929724,2,39
2018-06-20,10763.65,10763.65,10758.75,10758.75,12:30:00,10755.802255317369,2,40
2018-06-20,10760.85,10766.0,10759.65,10764.45,12:35:00,10756.282992906192,2,41
2018-06-20,10761.85,10763.15,10760.85,10762.2,12:40:00,10756.813184057984,2,42
2018-06-20,10762.2,10762.75,10758.65,10762.0,12:45:00,10757.3262141477,2,43
2018-06-20,10768.7,10769.3,10762.05,10762.4,12:50:00,10758.40943184792,2,44
2018-06-20,10766.7,10769.0,10763.85,10768.65,12:55:00,10759.199009767166,2,45
2018-06-20,10766.9,10767.85,10764.8,10766.65,13:00:00,10759.932437408388,2,46
2018-06-20,10764.75,10766.85,10762.1,10766.85,13:05:00,10760.391252893303,2,47
2018-06-20,10765.2,10765.85,10763.2,10764.8,13:10:00,10760.849228808229,2,48
2018-06-20,10769.2,10772.15,10764.65,10765.25,13:15:00,10761.6445403503,2,49
2018-06-20,10767.65,10769.75,10766.75,10769.1,13:20:00,10762.216488888367,2,50
2018-06-20,10769.75,10769.95,10766.95,10767.3,13:25:00,10762.933966137094,2,51
2018-06-20,10764.75,10770.35,10764.7,10769.6,13:30:00,10763.106921743083,2,52
2018-06-20,10763.8,10766.0,10760.45,10764.85,13:35:00,10763.172929196124,2,53
2018-06-20,10764.0,10764.45,10761.55,10763.05,13:40:00,10763.251697844113,2,54
2018-06-20,10759.55,10765.05,10758.0,10763.75,13:45:00,10762.899155192294,2,55
2018-06-20,10761.95,10762.0,10757.25,10760.25,13:50:00,10762.808759459696,2,56
2018-06-20,10763.05,10765.9,10761.05,10761.8,13:55:00,10762.831734749248,2,57
2018-06-20,10759.9,10763.45,10759.1,10763.0,14:00:00,10762.552521915984,2,58
2018-06-20,10755.4,10759.45,10752.8,10759.2,14:05:00,10761.871329352558,2,59
2018-06-20,10759.55,10761.35,10753.2,10755.35,14:10:00,10761.6502503666,2,60
2018-06-20,10756.75,10760.4,10756.15,10759.4,14:15:00,10761.183559855495,2,61
2018-06-20,10753.95,10756.75,10751.5,10756.35,14:20:00,10760.494649393066,2,62
2018-06-20,10758.8,10759.05,10752.4,10753.7,14:25:00,10760.333254212774,2,63
2018-06-20,10764.25,10767.5,10758.65,10758.75,14:30:00,10760.70627762108,2,64
2018-06-20,10763.1,10766.35,10762.35,10764.3,14:35:00,10760.934251180975,2,65
2018-06-20,10766.5,10766.55,10760.45,10762.9,14:40:00,10761.464322497077,2,66
2018-06-20,10764.5,10768.9,10761.65,10766.45,14:45:00,10761.75343464021,2,67
2018-06-20,10763.75,10765.85,10760.35,10764.05,14:50:00,10761.943583722095,2,68
2018-06-20,10781.15,10781.35,10762.05,10763.45,14:55:00,10763.772766224753,2,69
2018-06-20,10775.65,10781.8,10773.85,10781.8,15:00:00,10764.903931346204,2,70
2018-06-20,10774.7,10776.8,10770.4,10775.35,15:05:00,10765.836890265617,2,71
2018-06-20,10774.7,10774.9,10770.3,10774.65,15:10:00,10766.680995954604,2,72
2018-06-20,10770.7,10776.35,10770.7,10774.8,15:15:00,10767.06375824464,2,73
2018-06-20,10769.75,10772.0,10767.7,10770.9,15:20:00,10767.31959079277,2,74
2018-06-20,10772.55,10774.35,10766.8,10769.85,15:25:00,10767.817725002982,2,75
2018-06-21,10798.5,10809.6,10792.1,10800.65,09:15:00,10770.739846431268,3,1
2018-06-21,10799.1,10803.45,10797.6,10798.0,09:20:00,10773.440813437814,3,2
2018-06-21,10790.0,10798.95,10787.7,10798.55,09:25:00,10775.017878824689,3,3
2018-06-21,10779.5,10790.35,10779.1,10789.5,09:30:00,10775.444747508052,3,4
2018-06-21,10773.75,10779.85,10772.65,10779.85,09:35:00,10775.283342983475,3,5
2018-06-21,10769.75,10774.15,10764.15,10774.15,09:40:00,10774.75635793743,3,6
2018-06-21,10778.7,10778.7,10769.0,10770.25,09:45:00,10775.131942895769,3,7
2018-06-21,10773.45,10781.0,10772.45,10778.4,09:50:00,10774.971757858077,3,8
2018-06-21,10776.5,10777.9,10770.9,10773.65,09:55:00,10775.117304728738,3,9
2018-06-21,10780.05,10780.85,10776.1,10776.65,10:00:00,10775.587085230762,3,10
2018-06-21,10774.65,10780.4,10772.4,10780.2,10:05:00,10775.497839018308,3,11
2018-06-21,10776.2,10780.0,10772.35,10774.7,10:10:00,10775.564711492756,3,12
2018-06-21,10778.15,10780.7,10775.85,10776.05,10:15:00,10775.810929445826,3,13
2018-06-21,10772.6,10778.1,10772.0,10777.9,10:20:00,10775.505126641465,3,14
2018-06-21,10775.85,10778.1,10770.1,10772.7,10:25:00,10775.537971723228,3,15
2018-06-21,10762.7,10776.1,10762.35,10775.0,10:30:00,10774.315307749586,3,16
2018-06-21,10766.0,10767.5,10762.3,10762.95,10:35:00,10773.523373678196,3,17
2018-06-21,10767.75,10769.55,10763.85,10766.2,10:40:00,10772.973528565988,3,18
2018-06-21,10768.5,10769.3,10763.15,10767.7,10:45:00,10772.54747822637,3,19
2018-06-21,10772.9,10776.4,10768.55,10769.2,10:50:00,10772.58105172862,3,20
2018-06-21,10772.45,10775.4,10772.45,10773.0,10:55:00,10772.568570611613,3,21
2018-06-21,10767.65,10773.25,10767.3,10772.8,11:00:00,10772.100135315268,3,22
2018-06-21,10767.6,10768.85,10765.9,10768.1,11:05:00,10771.671550999528,3,23
2018-06-21,10765.85,10767.95,10764.9,10767.7,11:10:00,10771.117117571,3,24
2018-06-21,10765.35,10767.55,10764.1,10765.4,11:15:00,10770.567868278524,3,25
2018-06-21,10764.4,10766.85,10763.65,10765.05,11:20:00,10769.980452251995,3,26
2018-06-21,10774.2,10774.3,10764.65,10764.65,11:25:00,10770.382313942284,3,27
2018-06-21,10760.35,10774.25,10759.3,10774.25,11:30:00,10769.426855471587,3,28
2018-06-21,10756.2,10761.15,10755.65,10760.85,11:35:00,10768.167154950484,3,29
2018-06-21,10750.65,10756.3,10750.3,10756.05,11:40:00,10766.49885447901,3,30
2018-06-21,10754.85,10756.1,10748.85,10750.75,11:45:00,10765.389439766725,3,31
2018-06-21,10749.4,10757.45,10749.3,10754.95,11:50:00,10763.866635979415,3,32
2018-06-21,10752.95,10753.55,10749.3,10749.65,11:55:00,10762.826956362327,3,33
2018-06-21,10756.2,10758.6,10753.05,10753.2,12:00:00,10762.195817661155,3,34
2018-06-21,10750.5,10757.4,10750.15,10756.75,12:05:00,10761.081930264854,3,35
2018-06-21,10750.5,10751.7,10748.55,10751.4,12:10:00,10760.074127382488,3,36
2018-06-21,10751.65,10754.15,10750.9,10751.9,12:15:00,10759.271829536538,3,37
2018-06-21,10749.8,10752.95,10749.15,10752.95,12:20:00,10758.369750533057,3,38
2018-06-21,10749.85,10751.65,10747.55,10751.65,12:25:00,10757.558345720385,3,39
2018-06-21,10755.45,10756.4,10749.55,10750.95,12:30:00,10757.357550889872,3,40
2018-06-21,10756.75,10757.75,10754.55,10756.6,12:35:00,10757.29968890036,3,41
2018-06-21,10762.45,10763.6,10756.75,10757.65,12:40:00,10757.790194719377,3,42
2018-06-21,10766.15,10767.4,10759.4,10763.6,12:45:00,10758.586366650865,3,43
2018-06-21,10767.25,10767.5,10764.2,10766.9,12:50:00,10759.411474588876,3,44
2018-06-21,10772.2,10772.2,10765.9,10768.8,12:55:00,10760.629429389935,3,45
2018-06-21,10775.0,10775.3,10770.85,10772.0,13:00:00,10761.998055162325,3,46
2018-06-21,10772.9,10777.0,10772.4,10775.1,13:05:00,10763.036335623054,3,47
2018-06-21,10779.35,10780.1,10772.45,10772.65,13:10:00,10764.590017944667,3,48
2018-06-21,10772.75,10781.5,10772.6,10779.15,13:15:00,10765.367159092795,3,49
2018-06-21,10771.5,10777.35,10771.5,10772.5,13:20:00,10765.951239179196,3,50
2018-06-21,10767.45,10772.0,10766.45,10771.75,13:25:00,10766.093978304987,3,51
2018-06-21,10774.45,10775.6,10766.85,10768.15,13:30:00,10766.889789894987,3,52
2018-06-21,10773.95,10776.2,10771.9,10774.8,13:35:00,10767.562190857372,3,53
2018-06-21,10774.3,10775.85,10771.8,10774.15,13:40:00,10768.203886966194,3,54
2018-06-21,10771.4,10776.25,10771.0,10774.85,13:45:00,10768.5082786837,3,55
2018-06-21,10769.5,10771.55,10765.95,10771.55,13:50:00,10768.60272833287,3,56
2018-06-21,10769.9,10770.45,10765.15,10769.6,13:55:00,10768.726278015454,3,57
2018-06-21,10775.5,10777.5,10769.8,10770.15,14:00:00,10769.371394394935,3,58
2018-06-21,10775.6,10777.45,10774.15,10775.75,14:05:00,10769.964594928751,3,59
2018-06-21,10774.65,10782.65,10774.65,10776.2,14:10:00,10770.410823983157,3,60
2018-06-21,10767.35,10777.05,10765.9,10774.8,14:15:00,10770.11931693714,3,61
2018-06-21,10762.75,10767.45,10758.75,10767.25,14:20:00,10769.41747722884,3,62
2018-06-21,10760.6,10767.3,10760.6,10763.6,14:25:00,10768.57771749276,3,63
2018-06-21,10746.35,10761.9,10745.65,10760.45,14:30:00,10766.46079201726,3,64
2018-06-21,10735.5,10747.6,10731.75,10747.6,14:35:00,10763.512145158473,3,65
2018-06-21,10739.45,10747.9,10735.35,10735.7,14:40:00,10761.220512286236,3,66
2018-06-21,10729.5,10739.75,10727.9,10739.55,14:45:00,10758.19951111612,3,67
2018-06-21,10734.15,10736.85,10725.9,10729.65,14:50:00,10755.909081486012,3,68
2018-06-21,10740.05,10741.7,10730.0,10734.55,14:55:00,10754.398692773058,3,69
2018-06-21,10735.4,10740.9,10728.6,10740.15,15:00:00,10752.589293461338,3,70
2018-06-21,10745.8,10749.85,10734.8,10734.8,15:05:00,10751.942694084068,3,71
2018-06-21,10743.7,10747.9,10742.35,10746.3,15:10:00,10751.157675599872,3,72
2018-06-21,10744.2,10747.6,10741.75,10744.05,15:15:00,10750.495039828456,3,73
2018-06-21,10741.15,10744.55,10737.85,10744.3,15:20:00,10749.605036035273,3,74
2018-06-21,10742.85,10743.4,10738.85,10740.95,15:25:00,10748.961699270008,3,75
2018-06-22,10726.15,10741.45,10720.7,10741.45,09:15:00,10746.789156482386,4,1
2018-06-22,10730.6,10731.75,10717.7,10726.4,09:20:00,10745.247332055493,4,2
2018-06-22,10737.3,10740.65,10728.2,10731.05,09:25:00,10744.490443288303,4,3
2018-06-22,10732.6,10737.85,10727.9,10736.7,09:30:00,10743.358020117988,4,4
2018-06-22,10729.45,10737.45,10729.45,10732.65,09:35:00,10742.03344677342,4,5
2018-06-22,10723.4,10730.95,10720.75,10729.3,09:40:00,10740.258832794998,4,6
2018-06-22,10722.45,10723.45,10716.3,10722.85,09:45:00,10738.56275348119,4,7
2018-06-22,10713.55,10724.45,10712.85,10722.4,09:50:00,10736.180586482982,4,8
2018-06-22,10717.5,10718.5,10711.75,10713.3,09:55:00,10734.401483008412,4,9
2018-06-22,10719.85,10720.3,10712.45,10717.1,10:00:00,10733.0156274838,4,10
2018-06-22,10720.9,10722.2,10717.8,10720.2,10:05:00,10731.86175819963,4,11
2018-06-22,10716.25,10720.75,10713.65,10720.65,10:10:00,10730.37492408538,4,12
2018-06-22,10713.7,10715.75,10710.45,10715.75,10:15:00,10728.786836077248,4,13
2018-06-22,10717.8,10719.6,10710.85,10713.45,10:20:00,10727.74047073656,4,14
2018-06-22,10724.1,10724.25,10717.15,10717.7,10:25:00,10727.39375923784,4,15
2018-06-22,10725.95,10727.55,10723.2,10724.4,10:30:00,10727.256258358044,4,16
2018-06-22,10724.0,10727.7,10720.6,10726.15,10:35:00,10726.94613851442,4,17
2018-06-22,10737.45,10739.6,10724.3,10724.3,10:40:00,10727.946506274951,4,18
2018-06-22,10735.85,10743.85,10735.8,10737.55,10:45:00,10728.699219963051,4,19
2018-06-22,10733.35,10735.65,10732.25,10735.65,10:50:00,10729.142151395145,4,20
2018-06-22,10735.1,10737.2,10732.35,10732.9,10:55:00,10729.709565547986,4,21
2018-06-22,10727.0,10736.7,10726.25,10735.2,11:00:00,10729.451511686271,4,22
2018-06-22,10727.3,10729.65,10724.5,10726.85,11:05:00,10729.24660581139,4,23
2018-06-22,10727.8,10729.55,10724.35,10727.5,11:10:00,10729.108833829352,4,24
2018-06-22,10730.75,10731.15,10724.6,10727.65,11:15:00,10729.265135369416,4,25
2018-06-22,10728.5,10731.0,10724.4,10730.65,11:20:00,10729.192265334232,4,26
2018-06-22,10730.7,10731.45,10726.65,10728.35,11:25:00,10729.335859111923,4,27
2018-06-22,10735.6,10736.65,10730.25,10730.6,11:30:00,10729.932443958409,4,28
2018-06-22,10735.4,10735.5,10729.5,10735.0,11:35:00,10730.453163581416,4,29
2018-06-22,10735.05,10736.6,10732.8,10735.05,11:40:00,10730.890957526044,4,30
2018-06-22,10729.4,10735.8,10728.45,10734.95,11:45:00,10730.748961571184,4,31
2018-06-22,10732.4,10735.65,10728.3,10729.55,11:50:00,10730.906203326307,4,32
2018-06-22,10737.1,10739.1,10732.15,10732.15,11:55:00,10731.496088723805,4,33
2018-06-22,10748.8,10751.5,10736.45,10736.95,12:00:00,10733.14408027392,4,34
2018-06-22,10746.5,10748.1,10741.95,10748.1,12:05:00,10734.416072628785,4,35
2018-06-22,10749.25,10750.25,10744.9,10745.95,12:10:00,10735.82882761652,4,36
2018-06-22,10745.75,10751.1,10745.75,10749.2,12:15:00,10736.773701176851,4,37
2018-06-22,10747.8,10748.8,10742.3,10745.9,12:20:00,10737.823824874296,4,38
2018-06-22,10749.6,10750.3,10746.8,10746.85,12:25:00,10738.945365362457,4,39
2018-06-22,10750.1,10755.75,10748.0,10749.55,12:30:00,10740.007711518414,4,40
2018-06-22,10751.85,10753.3,10749.8,10750.05,12:35:00,10741.13554851666,4,41
2018-06-22,10751.55,10753.45,10748.9,10751.95,12:40:00,10742.127401038884,4,42
2018-06-22,10753.7,10755.15,10750.15,10751.4,12:45:00,10743.229553320894,4,43
2018-06-22,10754.75,10755.45,10751.7,10753.55,12:50:00,10744.326738718904,4,44
2018-06-22,10752.75,10758.55,10752.2,10755.0,12:55:00,10745.12895407901,4,45
2018-06-22,10755.6,10755.6,10752.0,10752.7,13:00:00,10746.126196547675,4,46
2018-06-22,10754.75,10755.55,10753.25,10755.25,13:05:00,10746.94751116218,4,47
2018-06-22,10762.05,10764.4,10754.45,10754.6,13:10:00,10748.38584343245,4,48
2018-06-22,10763.5,10765.6,10761.65,10762.1,13:15:00,10749.825286915077,4,49
2018-06-22,10761.85,10764.5,10758.7,10763.6,13:20:00,10750.970497685066,4,50
2018-06-22,10765.2,10767.55,10761.6,10761.6,13:25:00,10752.325688381728,4,51
2018-06-22,10764.5,10770.0,10763.2,10764.4,13:30:00,10753.485146631088,4,52
2018-06-22,10760.1,10764.45,10755.55,10764.0,13:35:00,10754.11513266622,4,53
2018-06-22,10757.65,10764.4,10757.1,10759.9,13:40:00,10754.451786698008,4,54
2018-06-22,10757.55,10757.85,10753.6,10757.15,13:45:00,10754.74685463153,4,55
2018-06-22,10765.35,10767.4,10756.9,10757.75,13:50:00,10755.756677999956,4,56
2018-06-22,10768.3,10770.15,10764.8,10765.05,13:55:00,10756.951280095198,4,57
2018-06-22,10759.7,10769.05,10758.4,10768.45,14:00:00,10757.213062943274,4,58
2018-06-22,10762.25,10763.8,10758.4,10759.45,14:05:00,10757.692771234391,4,59
2018-06-22,10765.8,10766.75,10761.55,10762.2,14:10:00,10758.464888259688,4,60
2018-06-22,10761.9,10765.85,10760.2,10765.65,14:15:00,10758.792041758768,4,61
2018-06-22,10762.3,10762.75,10759.15,10762.0,14:20:00,10759.126133019838,4,62
2018-06-22,10763.2,10768.6,10762.2,10762.2,14:25:00,10759.514120351285,4,63
2018-06-22,10765.35,10768.65,10762.9,10763.1,14:30:00,10760.069918413066,4,64
2018-06-22,10783.1,10783.1,10762.8,10765.05,14:35:00,10762.263259516583,4,65
2018-06-22,10787.5,10788.9,10781.05,10783.15,14:40:00,10764.666758610245,4,66
2018-06-22,10798.8,10800.85,10787.7,10787.9,14:45:00,10767.917543504507,4,67
2018-06-22,10802.0,10809.85,10797.25,10798.75,14:50:00,10771.163491742172,4,68
2018-06-22,10799.95,10803.45,10797.05,10801.85,14:55:00,10773.905063957203,4,69
2018-06-22,10805.0,10807.5,10798.9,10799.4,15:00:00,10776.866486437471,4,70
2018-06-22,10815.4,10815.95,10804.7,10804.9,15:05:00,10780.536344871998,4,71
2018-06-22,10828.3,10832.25,10815.4,10816.05,15:10:00,10785.085264408,4,72
2018-06-22,10826.0,10837.0,10825.55,10828.4,15:15:00,10788.98190589295,4,73
2018-06-22,10825.45,10828.35,10823.5,10826.3,15:20:00,10792.455057712668,4,74
2018-06-22,10822.8,10826.95,10819.2,10825.25,15:25:00,10795.345052216224,4,75
2018-06-25,10804.8,10818.2,10802.35,10818.2,09:15:00,10796.245523433729,0,1
2018-06-25,10809.75,10811.9,10801.25,10805.2,09:20:00,10797.531664059086,0,2
2018-06-25,10807.7,10810.4,10802.45,10809.6,09:25:00,10798.50007700584,0,3
2018-06-25,10812.65,10817.0,10805.3,10807.35,09:30:00,10799.847688719568,0,4
2018-06-25,10809.5,10811.9,10800.95,10811.9,09:35:00,10800.766956460562,0,5
2018-06-25,10822.2,10823.05,10809.4,10809.9,09:40:00,10802.808198702412,0,6
2018-06-25,10825.55,10829.15,10817.5,10822.4,09:45:00,10804.974084540278,0,7
2018-06-25,10823.75,10831.05,10823.3,10825.5,09:50:00,10806.762266965014,0,8
2018-06-25,10817.0,10824.8,10813.65,10824.35,09:55:00,10807.73728915882,0,9
2018-06-25,10816.95,10823.75,10815.25,10817.05,10:00:00,10808.614690191313,0,10
2018-06-25,10805.95,10817.05,10805.8,10817.05,10:05:00,10808.360910173093,0,11
2018-06-25,10803.9,10806.15,10797.5,10805.85,10:10:00,10807.93606158518,0,12
2018-06-25,10805.8,10808.45,10801.0,10803.85,10:15:00,10807.732627148496,0,13
2018-06-25,10814.35,10814.9,10806.55,10806.6,10:20:00,10808.362853134351,0,14
2018-06-25,10812.55,10814.5,10808.05,10814.45,10:25:00,10808.76162902632,0,15
2018-06-25,10818.55,10818.55,10812.15,10812.6,10:30:00,10809.693854833336,0,16
2018-06-25,10817.05,10820.5,10815.75,10819.25,10:35:00,10810.394440087304,0,17
2018-06-25,10806.45,10816.7,10805.85,10816.65,10:40:00,10810.018779126607,0,18
2018-06-25,10810.65,10810.95,10803.45,10806.5,10:45:00,10810.078895400264,0,19
2018-06-25,10806.95,10813.1,10806.45,10810.85,10:50:00,10809.780905362144,0,20
2018-06-25,10804.05,10807.7,10801.6,10806.55,10:55:00,10809.235104851465,0,21
2018-06-25,10802.45,10806.5,10802.25,10803.85,11:00:00,10808.58890438942,0,22
2018-06-25,10796.1,10802.4,10796.0,10802.4,11:05:00,10807.399484923762,0,23
2018-06-25,10789.65,10796.35,10789.6,10796.3,11:10:00,10805.709057788166,0,24
2018-06-25,10795.5,10796.75,10788.3,10789.5,11:15:00,10804.736766570246,0,25
2018-06-25,10798.6,10800.25,10794.05,10795.3,11:20:00,10804.152312611175,0,26
2018-06-25,10795.95,10800.95,10795.2,10799.0,11:25:00,10803.37113998154,0,27
2018-06-25,10796.75,10797.25,10790.55,10796.0,11:30:00,10802.740555221391,0,28
2018-06-25,10802.25,10804.65,10796.35,10796.65,11:35:00,10802.6938356765,0,29
2018-06-25,10805.55,10805.85,10800.05,10802.2,11:40:00,10802.965851326357,0,30
2018-06-25,10803.75,10807.7,10803.0,10805.85,11:45:00,10803.040532152418,0,31
2018-06-25,10800.8,10805.3,10800.55,10803.7,11:50:00,10802.827148137902,0,32
2018-06-25,10806.35,10806.35,10800.45,10801.8,11:55:00,10803.162657839051,0,33
2018-06-25,10805.6,10808.55,10805.15,10806.25,12:00:00,10803.394785663906,0,34
2018-06-25,10804.6,10807.35,10800.95,10806.65,12:05:00,10803.50956798163,0,35
2018-06-25,10807.2,10808.65,10803.95,10804.65,12:10:00,10803.861037697665,0,36
2018-06-25,10804.2,10808.65,10803.5,10807.95,12:15:00,10803.893319821696,0,37
2018-06-25,10806.25,10807.85,10804.9,10805.1,12:20:00,10804.117765552965,0,38
2018-06-25,10804.35,10810.45,10804.05,10806.95,12:25:00,10804.139883119347,0,39
2018-06-25,10805.3,10806.7,10802.4,10805.45,12:30:00,10804.250370441314,0,40
2018-06-25,10807.45,10811.15,10806.1,10806.4,12:35:00,10804.55509706595,0,41
2018-06-25,10804.95,10808.8,10803.8,10808.2,12:40:00,10804.592706869193,0,42
2018-06-25,10799.05,10805.85,10798.1,10805.45,12:45:00,10804.064830024508,0,43
2018-06-25,10802.3,10804.3,10799.4,10799.95,12:50:00,10803.896750974554,0,44
2018-06-25,10801.45,10803.55,10798.2,10802.45,12:55:00,10803.663727072217,0,45
2018-06-25,10788.25,10801.4,10787.1,10801.35,13:00:00,10802.19575306534,0,46
2018-06-25,10791.95,10794.1,10786.4,10788.3,13:05:00,10801.219967059118,0,47
2018-06-25,10795.85,10796.8,10789.7,10792.25,13:10:00,10800.708541624916,0,48
2018-06-25,10794.95,10796.7,10792.0,10796.0,13:15:00,10800.160109089207,0,49
2018-06-25,10799.25,10800.85,10795.45,10795.45,13:20:00,10800.073432033094,0,50
2018-06-25,10795.2,10801.75,10795.2,10799.3,13:25:00,10799.60929564899,0,51
2018-06-25,10802.05,10802.05,10793.4,10795.0,13:30:00,10799.84174368242,0,52
2018-06-25,10810.45,10814.65,10801.75,10801.75,13:35:00,10800.852053807905,0,53
2018-06-25,10811.5,10811.5,10805.45,10810.65,13:40:00,10801.866143921436,0,54
2018-06-25,10801.35,10811.6,10800.65,10811.45,13:45:00,10801.81698735749,0,55
2018-06-25,10800.05,10806.7,10798.7,10801.45,13:50:00,10801.648702847251,0,56
2018-06-25,10792.7,10800.35,10792.7,10799.95,13:55:00,10800.796445433229,0,57
2018-06-25,10793.4,10794.7,10788.2,10793.75,14:00:00,10800.092022058634,0,58
2018-06-25,10793.15,10800.05,10787.8,10794.2,14:05:00,10799.430877100667,0,59
2018-06-25,10792.3,10797.0,10788.6,10794.2,14:10:00,10798.751745948224,0,60
2018-06-25,10787.7,10793.2,10784.85,10792.15,14:15:00,10797.69919871506,0,61
2018-06-25,10780.6,10788.45,10779.85,10787.9,14:20:00,10796.07070359934,0,62
2018-06-25,10786.65,10789.1,10780.75,10781.05,14:25:00,10795.173493732736,0,63
2018-06-25,10787.3,10788.65,10781.9,10786.9,14:30:00,10794.42363718676,0,64
2018-06-25,10774.35,10789.6,10772.65,10787.2,14:35:00,10792.511862216594,0,65
2018-06-25,10771.7,10779.2,10767.9,10774.95,14:40:00,10790.529780100727,0,66
2018-06-25,10769.95,10775.05,10768.3,10771.6,14:45:00,10788.569801043515,0,67
2018-06-25,10774.45,10777.35,10769.6,10769.8,14:50:00,10787.22505808699,0,68
2018-06-25,10783.0,10783.95,10774.2,10775.05,14:55:00,10786.822671602516,0,69
2018-06-25,10771.75,10781.25,10771.45,10781.25,15:00:00,10785.387179068945,0,70
2018-06-25,10766.8,10773.85,10764.85,10772.0,15:05:00,10783.616971538568,0,71
2018-06-25,10763.75,10767.35,10758.05,10767.35,15:10:00,10781.724879011084,0,72
2018-06-25,10758.4,10763.05,10756.05,10761.35,15:15:00,10779.50346196241,0,73
2018-06-25,10757.1,10759.4,10753.05,10758.95,15:20:00,10777.369798918373,0,74
2018-06-25,10757.7,10763.45,10755.45,10756.6,15:25:00,10775.496484735668,0,75
2018-06-26,10749.5,10751.45,10732.55,10737.5,09:15:00,10773.020629046556,1,1
2018-06-26,10748.9,10753.15,10744.0,10749.6,09:20:00,10770.723426280218,1,2
2018-06-26,10753.4,10757.4,10747.8,10749.15,09:25:00,10769.073576158293,1,3
2018-06-26,10762.95,10764.4,10752.95,10753.7,09:30:00,10768.49037842893,1,4
2018-06-26,10767.75,10769.55,10762.0,10762.75,09:35:00,10768.419866197604,1,5
2018-06-26,10770.25,10776.6,10767.85,10767.85,09:40:00,10768.594164654976,1,6
2018-06-26,10772.25,10772.6,10765.8,10770.1,09:45:00,10768.94233944974,1,7
2018-06-26,10779.5,10781.45,10771.8,10771.8,09:50:00,10769.947830930716,1,8
2018-06-26,10773.05,10782.3,10767.95,10780.4,09:55:00,10770.243275603982,1,9
2018-06-26,10768.4,10774.95,10763.45,10772.95,10:00:00,10770.067725546458,1,10
2018-06-26,10764.85,10768.55,10764.05,10768.55,10:05:00,10769.570799303938,1,11
2018-06-26,10762.05,10765.2,10757.1,10765.2,10:10:00,10768.854532703564,1,12
2018-06-26,10761.0,10763.1,10757.9,10762.2,10:15:00,10768.10648196989,1,13
2018-06-26,10760.4,10762.8,10756.6,10760.85,10:20:00,10767.37253130609,1,14
2018-06-26,10767.35,10771.05,10760.5,10760.5,10:25:00,10767.370385467417,1,15
2018-06-26,10768.6,10773.15,10766.05,10767.65,10:30:00,10767.487491613376,1,16
2018-06-26,10772.2,10772.95,10767.1,10768.4,10:35:00,10767.936301935912,1,17
2018-06-26,10776.2,10778.0,10772.1,10772.1,10:40:00,10768.72332079916,1,18
2018-06-26,10773.55,10780.15,10773.35,10776.15,10:45:00,10769.183004532571,1,19
2018-06-26,10782.35,10782.8,10772.6,10772.6,10:50:00,10770.437004100895,1,20
2018-06-26,10785.0,10790.45,10782.55,10782.55,10:55:00,10771.823956091288,1,21
2018-06-26,10788.1,10790.55,10781.1,10784.9,11:00:00,10773.374055511164,1,22
2018-06-26,10790.05,10792.55,10787.55,10788.0,11:05:00,10774.96224070058,1,23
2018-06-26,10790.2,10795.85,10789.8,10790.4,11:10:00,10776.413455871952,1,24
2018-06-26,10792.0,10792.55,10788.9,10790.3,11:15:00,10777.897888646054,1,25
2018-06-26,10792.45,10793.85,10789.55,10791.8,11:20:00,10779.283804013096,1,26
2018-06-26,10789.25,10792.8,10783.35,10791.9,11:25:00,10780.23296553566,1,27
2018-06-26,10788.55,10790.55,10787.65,10789.2,11:30:00,10781.025064056072,1,28
2018-06-26,10788.45,10790.6,10787.65,10788.8,11:35:00,10781.732200812638,1,29
2018-06-26,10784.9,10790.7,10783.5,10788.4,11:40:00,10782.033895973338,1,30
2018-06-26,10787.2,10788.2,10784.6,10785.2,11:45:00,10782.52590588064,1,31
2018-06-26,10789.65,10790.3,10786.6,10787.0,11:50:00,10783.204391034866,1,32
2018-06-26,10785.45,10790.8,10785.45,10789.7,11:55:00,10783.418258555354,1,33
2018-06-26,10783.75,10785.95,10782.35,10785.35,12:00:00,10783.449852978652,1,34
2018-06-26,10785.65,10786.4,10783.05,10783.85,12:05:00,10783.65939079021,1,35
2018-06-26,10788.05,10788.35,10784.45,10785.55,12:10:00,10784.077544048285,1,36
2018-06-26,10798.45,10798.45,10788.2,10788.25,12:15:00,10785.446349377018,1,37
2018-06-26,10797.25,10798.85,10792.6,10798.6,12:20:00,10786.570506579206,1,38
2018-06-26,10800.45,10801.2,10795.9,10797.4,12:25:00,10787.892363095472,1,39
2018-06-26,10790.4,10801.55,10790.15,10800.2,12:30:00,10788.131185657809,1,40
2018-06-26,10791.25,10795.35,10788.45,10790.35,12:35:00,10788.42821559516,1,41
2018-06-26,10788.6,10792.95,10787.05,10791.1,12:40:00,10788.44457601467,1,42
2018-06-26,10784.2,10789.85,10779.4,10788.65,12:45:00,10788.040330679938,1,43
2018-06-26,10787.45,10788.15,10781.25,10784.15,12:50:00,10787.98410871042,1,44
2018-06-26,10787.25,10789.95,10784.55,10787.5,12:55:00,10787.91419359514,1,45
2018-06-26,10788.65,10788.75,10782.95,10787.35,13:00:00,10787.984270395604,1,46
2018-06-26,10787.7,10790.2,10786.05,10788.85,13:05:00,10787.957197024594,1,47
2018-06-26,10784.7,10790.05,10783.9,10787.85,13:10:00,10787.646987784155,1,48
2018-06-26,10773.2,10786.05,10770.6,10784.8,13:15:00,10786.271084185666,1,49
2018-06-26,10760.65,10773.7,10760.0,10773.15,13:20:00,10783.830980929888,1,50
2018-06-26,10758.75,10766.35,10758.75,10760.15,13:25:00,10781.442316079423,1,51
2018-06-26,10759.6,10760.95,10753.3,10758.55,13:30:00,10779.362095500432,1,52
2018-06-26,10765.35,10769.6,10759.4,10759.45,13:35:00,10778.027610214676,1,53
2018-06-26,10766.15,10769.0,10761.5,10765.3,13:40:00,10776.89640924185,1,54
2018-06-26,10775.15,10777.1,10763.95,10766.55,13:45:00,10776.730084552151,1,55
2018-06-26,10776.05,10779.55,10773.5,10775.85,13:50:00,10776.665314594804,1,56
2018-06-26,10785.9,10786.65,10776.1,10776.1,13:55:00,10777.54480844292,1,57
2018-06-26,10786.75,10789.7,10784.25,10786.05,14:00:00,10778.421493353118,1,58
2018-06-26,10783.55,10787.95,10779.15,10786.4,14:05:00,10778.909922557585,1,59
2018-06-26,10781.55,10785.9,10780.3,10783.95,14:10:00,10779.16135850448,1,60
2018-06-26,10784.05,10787.1,10779.95,10781.5,14:15:00,10779.626943408814,1,61
2018-06-26,10777.05,10783.85,10772.8,10783.85,14:20:00,10779.381520227022,1,62
2018-06-26,10783.7,10785.1,10774.85,10777.25,14:25:00,10779.792804014924,1,63
2018-06-26,10780.55,10787.65,10780.4,10783.9,14:30:00,10779.864917918265,1,64
2018-06-26,10783.2,10788.05,10779.9,10780.35,14:35:00,10780.182544783192,1,65
2018-06-26,10785.95,10787.25,10780.05,10783.0,14:40:00,10780.731826232412,1,66
2018-06-26,10782.5,10786.3,10781.95,10785.75,14:45:00,10780.900223734088,1,67
2018-06-26,10794.4,10794.75,10780.1,10783.15,14:50:00,10782.185916711796,1,68
2018-06-26,10804.75,10804.8,10794.1,10794.55,14:55:00,10784.334877024956,1,69
2018-06-26,10786.4,10805.25,10785.75,10805.1,15:00:00,10784.531555403531,1,70
2018-06-26,10768.4,10787.55,10768.1,10786.1,15:05:00,10782.995216793672,1,71
2018-06-26,10768.5,10769.05,10756.9,10768.3,15:10:00,10781.614719956178,1,72
2018-06-26,10761.65,10769.55,10761.0,10768.45,15:15:00,10779.71331805559,1,73
2018-06-26,10758.95,10763.15,10757.85,10761.6,15:20:00,10777.735859193152,1,74
2018-06-26,10764.05,10765.6,10759.15,10759.15,15:25:00,10776.4324440319,1,75
2018-06-27,10756.05,10779.05,10752.5,10779.05,09:15:00,10774.491258886004,2,1
2018-06-27,10760.1,10761.55,10752.35,10756.95,09:20:00,10773.120662801624,2,2
2018-06-27,10765.25,10769.85,10759.4,10759.5,09:25:00,10772.371075868135,2,3
2018-06-27,10769.6,10771.15,10760.85,10765.55,09:30:00,10772.107163880692,2,4
2018-06-27,10757.8,10772.05,10757.55,10769.55,09:35:00,10770.744576844436,2,5
2018-06-27,10767.1,10768.55,10754.2,10757.9,09:40:00,10770.397474287824,2,6
2018-06-27,10774.95,10774.95,10767.0,10767.45,09:45:00,10770.831048165175,2,7
2018-06-27,10774.5,10777.8,10770.5,10775.4,09:50:00,10771.180472149445,2,8
2018-06-27,10773.25,10776.65,10769.9,10774.3,09:55:00,10771.377570039973,2,9
2018-06-27,10775.7,10777.3,10770.1,10773.1,10:00:00,10771.789230036164,2,10
2018-06-27,10777.0,10780.45,10773.55,10775.4,10:05:00,10772.285493842244,2,11
2018-06-27,10778.0,10780.6,10776.45,10776.75,10:10:00,10772.829732523936,2,12
2018-06-27,10773.35,10777.95,10771.5,10777.95,10:15:00,10772.87928180737,2,13
2018-06-27,10767.0,10773.95,10765.45,10773.45,10:20:00,10772.319350206668,2,14
2018-06-27,10772.0,10772.5,10764.2,10766.65,10:25:00,10772.28893590127,2,15
2018-06-27,10765.1,10772.1,10762.8,10772.1,10:30:00,10771.604275339245,2,16
2018-06-27,10752.95,10767.55,10752.95,10765.25,10:35:00,10769.827677687888,2,17
2018-06-27,10746.55,10755.35,10743.8,10753.0,10:40:00,10767.610756003329,2,18
2018-06-27,10746.75,10750.9,10741.7,10746.35,10:45:00,10765.624017336346,2,19
2018-06-27,10748.85,10752.1,10745.95,10746.65,10:50:00,10764.026491875742,2,20
2018-06-27,10749.25,10750.85,10745.8,10749.25,10:55:00,10762.619206935196,2,21
2018-06-27,10753.5,10756.45,10748.4,10749.4,11:00:00,10761.750711036604,2,22
2018-06-27,10750.95,10754.3,10748.95,10753.7,11:05:00,10760.72207189026,2,23
2018-06-27,10757.15,10757.25,10750.55,10750.55,11:10:00,10760.38187456738,2,24
2018-06-27,10750.25,10757.25,10747.9,10757.2,11:15:00,10759.416934132392,2,25
2018-06-27,10746.7,10749.8,10743.5,10749.75,11:20:00,10758.205797548357,2,26
2018-06-27,10745.25,10748.2,10742.2,10746.8,11:25:00,10756.97191206756,2,27
2018-06-27,10734.2,10745.5,10734.2,10745.15,11:30:00,10754.803158537316,2,28
2018-06-27,10736.35,10739.95,10731.45,10734.0,11:35:00,10753.045714867096,2,29
2018-06-27,10734.95,10739.0,10731.55,10735.6,11:40:00,10751.322313451185,2,30
2018-06-27,10727.75,10734.85,10726.65,10734.85,11:45:00,10749.077331217735,2,31
2018-06-27,10732.3,10732.3,10723.7,10727.5,11:50:00,10747.47949014938,2,32
2018-06-27,10731.05,10738.1,10731.05,10732.2,11:55:00,10745.91477680182,2,33
2018-06-27,10733.7,10734.55,10729.1,10731.15,12:00:00,10744.751464725456,2,34
2018-06-27,10734.15,10737.25,10732.35,10733.55,12:05:00,10743.741801418271,2,35
2018-06-27,10733.3,10736.4,10733.0,10734.1,12:10:00,10742.747344140342,2,36
2018-06-27,10723.3,10733.2,10721.9,10733.2,12:15:00,10740.895216126975,2,37
2018-06-27,10723.7,10725.55,10718.5,10722.95,12:20:00,10739.257576495836,2,38
2018-06-27,10726.2,10727.0,10720.4,10723.55,12:25:00,10738.013997781944,2,39
2018-06-27,10727.35,10729.1,10722.0,10726.15,12:30:00,10736.99837894557,2,40
2018-06-27,10722.05,10729.9,10722.05,10728.1,12:35:00,10735.574723807897,2,41
2018-06-27,10723.1,10727.45,10721.5,10722.75,12:40:00,10734.38665487381,2,42
2018-06-27,10726.0,10728.9,10722.4,10723.25,12:45:00,10733.587925838208,2,43
2018-06-27,10716.0,10726.75,10715.05,10726.35,12:50:00,10731.912885282189,2,44
2018-06-27,10713.15,10716.05,10710.35,10715.9,12:55:00,10730.12594382674,2,45
2018-06-27,10713.6,10713.7,10705.7,10713.65,13:00:00,10728.552044414671,2,46
2018-06-27,10707.0,10714.25,10707.0,10713.3,13:05:00,10726.499468756132,2,47
2018-06-27,10696.55,10708.55,10691.5,10707.25,13:10:00,10723.647138398406,2,48
2018-06-27,10695.5,10696.65,10687.3,10696.3,13:15:00,10720.96645855094,2,49
2018-06-27,10682.15,10696.0,10681.2,10695.9,13:20:00,10717.26965297466,2,50
2018-06-27,10689.05,10690.65,10678.35,10683.8,13:25:00,10714.582066977076,2,51
2018-06-27,10685.95,10692.45,10681.6,10690.1,13:30:00,10711.855203455449,2,52
2018-06-27,10684.75,10690.3,10681.15,10687.15,13:35:00,10709.27375550731,2,53
2018-06-27,10687.85,10690.65,10680.8,10686.25,13:40:00,10707.233397839947,2,54
2018-06-27,10702.1,10705.4,10688.15,10689.0,13:45:00,10706.74450280757,2,55
2018-06-27,10700.25,10703.6,10695.8,10703.1,13:50:00,10706.12597873066,2,56
2018-06-27,10687.85,10702.5,10687.0,10700.65,13:55:00,10704.38540932774,2,57
2018-06-27,10676.95,10688.2,10676.6,10687.7,14:00:00,10701.77251320129,2,58
2018-06-27,10678.35,10682.35,10673.25,10675.95,14:05:00,10699.54179765831,2,59
2018-06-27,10671.5,10678.35,10668.95,10678.25,14:10:00,10696.87115026228,2,60
2018-06-27,10670.45,10671.5,10658.8,10671.35,14:15:00,10694.3548502373,2,61
2018-06-27,10668.0,10673.75,10667.5,10671.1,14:20:00,10691.844864500415,2,62
2018-06-27,10668.5,10675.2,10666.9,10668.15,14:25:00,10689.621544071804,2,63
2018-06-27,10671.7,10679.65,10668.3,10668.3,14:30:00,10687.91473035068,2,64
2018-06-27,10659.05,10674.35,10659.05,10671.35,14:35:00,10685.16570841252,2,65
2018-06-27,10671.9,10677.7,10657.75,10658.65,14:40:00,10683.902307611328,2,66
2018-06-27,10676.8,10677.75,10668.35,10673.65,14:45:00,10683.22589736263,2,67
2018-06-27,10677.4,10684.4,10674.35,10676.9,14:50:00,10682.67104999476,2,68
2018-06-27,10692.85,10692.85,10677.05,10677.05,14:55:00,10683.640473804784,2,69
2018-06-27,10693.15,10706.1,10692.45,10692.45,15:00:00,10684.546142966234,2,70
2018-06-27,10676.45,10696.2,10676.1,10693.0,15:05:00,10683.775081731354,2,71
2018-06-27,10664.15,10676.5,10664.1,10675.85,15:10:00,10681.906026328368,2,72
2018-06-27,10659.75,10665.7,10652.4,10664.35,15:15:00,10679.79592858281,2,73
2018-06-27,10657.55,10660.8,10653.0,10659.35,15:20:00,10677.67726871778,2,74
2018-06-27,10667.15,10669.55,10657.75,10657.75,15:25:00,10676.67467169704,2,75
2018-06-28,10639.9,10663.75,10638.75,10658.2,09:15:00,10673.172322011607,3,1
2018-06-28,10639.5,10648.55,10632.4,10639.1,09:20:00,10669.965434200978,3,2
2018-06-28,10637.65,10647.0,10636.55,10640.25,09:25:00,10666.887773800883,3,3
2018-06-28,10644.2,10650.9,10637.15,10638.1,09:30:00,10664.727033438896,3,4
2018-06-28,10653.75,10655.55,10644.75,10644.75,09:35:00,10663.68160168281,3,5
2018-06-28,10645.95,10657.3,10645.2,10653.55,09:40:00,10661.99287771302,3,6
2018-06-28,10652.35,10652.35,10640.65,10645.6,09:45:00,10661.074508407017,3,7
2018-06-28,10656.4,10658.75,10649.55,10652.85,09:50:00,10660.62931713016,3,8
2018-06-28,10658.65,10658.65,10647.6,10656.55,09:55:00,10660.44081073681,3,9
2018-06-28,10660.05,10666.7,10658.5,10658.85,10:00:00,10660.403590666638,3,10
2018-06-28,10669.35,10669.35,10660.25,10660.35,10:05:00,10661.255629650768,3,11
2018-06-28,10662.7,10674.2,10662.65,10668.9,10:10:00,10661.393188731648,3,12
2018-06-28,10651.05,10663.6,10650.7,10662.55,10:15:00,10660.40812313816,3,13
2018-06-28,10659.95,10663.5,10651.05,10651.1,10:20:00,10660.364492363096,3,14
2018-06-28,10658.8,10661.6,10653.65,10660.05,10:25:00,10660.21549309042,3,15
2018-06-28,10665.05,10666.4,10659.1,10659.1,10:30:00,10660.675922319904,3,16
2018-06-28,10656.85,10665.45,10653.25,10665.0,10:35:00,10660.311548765629,3,17
2018-06-28,10654.5,10659.25,10651.95,10656.45,10:40:00,10659.758067930808,3,18
2018-06-28,10653.75,10655.85,10650.8,10654.0,10:45:00,10659.185870985017,3,19
2018-06-28,10662.1,10662.8,10653.15,10653.7,10:50:00,10659.46340708168,3,20
2018-06-28,10658.6,10662.85,10657.7,10662.0,10:55:00,10659.381177835803,3,21
2018-06-28,10663.05,10663.5,10657.85,10658.65,11:00:00,10659.73058947049,3,22
2018-06-28,10660.95,10666.75,10660.9,10663.2,11:05:00,10659.846723806637,3,23
2018-06-28,10655.3,10661.3,10653.0,10661.3,11:10:00,10659.413702491716,3,24
2018-06-28,10643.55,10656.15,10643.55,10655.75,11:15:00,10657.90287368298,3,25
2018-06-28,10645.0,10645.0,10638.15,10643.45,11:20:00,10656.674028570314,3,26
2018-06-28,10636.1,10644.5,10632.75,10644.45,11:25:00,10654.714597277904,3,27
2018-06-28,10626.2,10637.0,10625.5,10636.15,11:30:00,10651.998921346674,3,28
2018-06-28,10628.45,10629.55,10622.1,10625.1,11:35:00,10649.756166932706,3,29
2018-06-28,10633.9,10637.05,10627.8,10628.5,11:40:00,10648.24605579626,3,30
2018-06-28,10631.45,10634.7,10629.3,10633.65,11:45:00,10646.64643143471,3,31
2018-06-28,10636.5,10638.6,10630.45,10631.2,11:50:00,10645.680104631405,3,32
2018-06-28,10632.95,10636.55,10630.8,10636.0,11:55:00,10644.467713714128,3,33
2018-06-28,10624.0,10633.6,10621.95,10633.0,12:00:00,10642.518407646116,3,34
2018-06-28,10618.85,10628.4,10618.1,10623.25,12:05:00,10640.264273584582,3,35
2018-06-28,10623.55,10624.55,10616.3,10618.45,12:10:00,10638.672438005098,3,36
2018-06-28,10622.25,10623.8,10618.2,10623.45,12:15:00,10637.108396290329,3,37
2018-06-28,10619.6,10622.05,10617.35,10622.0,12:20:00,10635.44092997696,3,38
2018-06-28,10622.2,10625.95,10618.7,10619.65,12:25:00,10634.179889026776,3,39
2018-06-28,10631.05,10631.2,10619.35,10621.8,12:30:00,10633.881804357556,3,40
2018-06-28,10623.0,10631.8,10623.0,10631.5,12:35:00,10632.845442037791,3,41
2018-06-28,10614.95,10622.85,10613.9,10622.75,12:40:00,10631.141114224669,3,42
2018-06-28,10620.8,10620.8,10611.15,10614.6,12:45:00,10630.156246203273,3,43
2018-06-28,10621.95,10628.35,10619.55,10620.45,12:50:00,10629.374698945818,3,44
2018-06-28,10627.55,10627.55,10617.25,10621.65,12:55:00,10629.200918093837,3,45
2018-06-28,10624.1,10628.7,10622.25,10627.35,13:00:00,10628.715116370611,3,46
2018-06-28,10630.25,10634.5,10622.8,10623.9,13:05:00,10628.861295763889,3,47
2018-06-28,10620.95,10631.75,10619.75,10629.9,13:10:00,10628.10783902447,3,48
2018-06-28,10627.5,10630.75,10619.45,10620.6,13:15:00,10628.049949593567,3,49
2018-06-28,10622.2,10629.9,10620.4,10627.0,13:20:00,10627.492811537037,3,50
2018-06-28,10621.95,10624.45,10618.15,10622.1,13:25:00,10626.964924723983,3,51
2018-06-28,10622.5,10628.55,10622.1,10622.1,13:30:00,10626.539693797891,3,52
2018-06-28,10625.65,10625.95,10620.5,10623.95,13:35:00,10626.454961055237,3,53
2018-06-28,10614.35,10626.6,10611.95,10625.3,13:40:00,10625.302107621405,3,54
2018-06-28,10611.6,10617.15,10608.6,10614.65,13:45:00,10623.997144990792,3,55
2018-06-28,10614.1,10617.85,10605.25,10611.4,13:50:00,10623.054559753577,3,56
2018-06-28,10609.5,10617.15,10608.75,10614.25,13:55:00,10621.763649300852,3,57
2018-06-28,10606.75,10613.65,10604.9,10609.25,14:00:00,10620.333777938866,3,58
2018-06-28,10601.45,10606.45,10596.35,10606.45,14:05:00,10618.535322897069,3,59
2018-06-28,10582.25,10601.3,10581.75,10601.15,14:10:00,10615.079577859253,3,60
2018-06-28,10587.35,10593.35,10581.25,10582.1,14:15:00,10612.438665682184,3,61
2018-06-28,10586.15,10594.05,10585.9,10587.65,14:20:00,10609.93498323626,3,62
2018-06-28,10571.55,10586.05,10567.75,10585.9,14:25:00,10606.279270547093,3,63
2018-06-28,10564.5,10572.4,10557.7,10572.3,14:30:00,10602.300292399748,3,64
2018-06-28,10568.45,10578.85,10564.2,10564.9,14:35:00,10599.076455028344,3,65
2018-06-28,10579.6,10579.6,10566.25,10568.35,14:40:00,10597.221554549456,3,66
2018-06-28,10572.05,10585.8,10570.85,10579.3,14:45:00,10594.824263639985,3,67
2018-06-28,10584.5,10585.0,10568.9,10572.25,14:50:00,10593.841000436174,3,68
2018-06-28,10597.5,10597.5,10582.8,10584.85,14:55:00,10594.18947658511,3,69
2018-06-28,10605.35,10606.7,10583.25,10598.15,15:00:00,10595.252383577004,3,70
2018-06-28,10587.25,10607.0,10582.5,10606.95,15:05:00,10594.490251807763,3,71
2018-06-28,10587.65,10592.0,10583.65,10587.55,15:10:00,10593.838799254643,3,72
2018-06-28,10582.15,10588.5,10575.45,10587.5,15:15:00,10592.725580278013,3,73
2018-06-28,10587.9,10588.1,10580.5,10582.95,15:20:00,10592.266001203916,3,74
2018-06-28,10593.9,10595.65,10585.1,10587.55,15:25:00,10592.421620136876,3,75
2018-06-29,10635.5,10636.5,10612.35,10612.35,09:15:00,10596.524322980982,4,1
2018-06-29,10645.55,10647.6,10631.4,10635.15,09:20:00,10601.193435078032,4,2
2018-06-29,10635.35,10649.7,10635.35,10645.05,09:25:00,10604.446441261076,4,3
2018-06-29,10652.45,10653.1,10634.75,10634.85,09:30:00,10609.01820876002,4,4
2018-06-29,10653.75,10659.25,10651.35,10652.15,09:35:00,10613.278379354304,4,5
2018-06-29,10658.25,10665.2,10653.65,10653.65,09:40:00,10617.561390844372,4,6
2018-06-29,10652.8,10662.45,10650.95,10658.2,09:45:00,10620.917448859193,4,7
2018-06-29,10645.15,10658.7,10645.0,10652.85,09:50:00,10623.225310872604,4,8
2018-06-29,10649.55,10649.55,10641.6,10644.95,09:55:00,10625.732424122833,4,9
2018-06-29,10637.6,10650.6,10633.8,10649.25,10:00:00,10626.862669444468,4,10
2018-06-29,10645.75,10646.1,10636.8,10637.5,10:05:00,10628.661462830709,4,11
2018-06-29,10649.8,10649.8,10643.25,10645.25,10:10:00,10630.674656846832,4,12
2018-06-29,10651.9,10651.9,10647.3,10650.05,10:15:00,10632.696118099517,4,13
2018-06-29,10653.15,10654.5,10648.75,10652.2,10:20:00,10634.644106851943,4,14
2018-06-29,10651.55,10657.25,10649.7,10653.45,10:25:00,10636.254191913662,4,15
2018-06-29,10643.75,10653.7,10641.75,10651.5,10:30:00,10636.968078398077,4,16
2018-06-29,10643.5,10647.55,10640.9,10643.5,10:35:00,10637.590166169688,4,17
2018-06-29,10645.95,10646.3,10639.05,10643.7,10:40:00,10638.386340820194,4,18
2018-06-29,10652.95,10654.2,10645.8,10646.05,10:45:00,10639.773355980176,4,19
2018-06-29,10650.55,10654.95,10650.55,10653.15,10:50:00,10640.799703029685,4,20
2018-06-29,10651.7,10656.95,10650.25,10650.65,10:55:00,10641.837826550667,4,21
2018-06-29,10654.5,10657.9,10651.6,10651.95,11:00:00,10643.043747831556,4,22
2018-06-29,10660.15,10660.45,10654.4,10654.7,11:05:00,10644.67291470474,4,23
2018-06-29,10659.9,10665.3,10659.3,10659.95,11:10:00,10646.12311330429,4,24
2018-06-29,10663.3,10664.3,10659.25,10660.3,11:15:00,10647.759007275308,4,25
2018-06-29,10661.55,10664.4,10656.35,10663.2,11:20:00,10649.07243515385,4,26
2018-06-29,10662.65,10666.9,10661.55,10661.6,11:25:00,10650.36553656777,4,27
2018-06-29,10672.35,10673.25,10660.95,10662.2,11:30:00,10652.459294989889,4,28
2018-06-29,10666.95,10672.45,10665.85,10672.45,11:35:00,10653.839362133707,4,29
2018-06-29,10672.55,10675.55,10663.2,10666.7,11:40:00,10655.621327644782,4,30
2018-06-29,10678.65,10679.3,10670.65,10672.3,11:45:00,10657.814534535755,4,31
2018-06-29,10677.05,10681.7,10675.25,10678.85,11:50:00,10659.646483627588,4,32
2018-06-29,10673.6,10677.05,10670.35,10676.8,11:55:00,10660.97538994877,4,33
2018-06-29,10671.85,10673.9,10669.65,10673.5,12:00:00,10662.011067096506,4,34
2018-06-29,10672.1,10676.5,10671.9,10671.9,12:05:00,10662.97191784922,4,35
2018-06-29,10672.2,10673.05,10668.6,10672.3,12:10:00,10663.85078281596,4,36
2018-06-29,10673.0,10677.7,10671.9,10672.25,12:15:00,10664.722136833489,4,37
2018-06-29,10677.65,10680.05,10670.6,10673.2,12:20:00,10665.953361896964,4,38
2018-06-29,10680.35,10680.55,10676.45,10677.9,12:25:00,10667.32447028773,4,39
2018-06-29,10683.75,10685.9,10678.75,10680.4,12:30:00,10668.888806450805,4,40
2018-06-29,10686.3,10687.3,10679.5,10683.65,12:35:00,10670.547015360253,4,41
2018-06-29,10684.7,10688.75,10684.35,10686.15,12:40:00,10671.894918659274,4,42
2018-06-29,10677.3,10685.25,10677.3,10684.45,12:45:00,10672.409688310772,4,43
2018-06-29,10680.8,10681.3,10675.55,10677.7,12:50:00,10673.208765614509,4,44
2018-06-29,10683.75,10683.75,10679.7,10680.5,12:55:00,10674.21269269884,4,45
2018-06-29,10683.25,10684.6,10680.65,10683.55,13:00:00,10675.073388632283,4,46
2018-06-29,10684.55,10688.05,10682.9,10683.4,13:05:00,10675.97592304826,4,47
2018-06-29,10682.8,10684.9,10676.6,10684.9,13:10:00,10676.6258351389,4,48
2018-06-29,10681.7,10683.45,10677.6,10683.2,13:15:00,10677.109088935194,4,49
2018-06-29,10687.05,10688.45,10680.6,10681.85,13:20:00,10678.055842369937,4,50
2018-06-29,10686.2,10689.95,10684.85,10687.35,13:25:00,10678.831476429945,4,51
2018-06-29,10684.3,10687.4,10682.4,10686.75,13:30:00,10679.35228819852,4,52
2018-06-29,10686.05,10687.2,10683.45,10684.35,13:35:00,10679.990165512949,4,53
2018-06-29,10694.05,10695.1,10686.0,10686.6,13:40:00,10681.329197368856,4,54
2018-06-29,10692.6,10698.0,10692.6,10693.85,13:45:00,10682.402607143253,4,55
2018-06-29,10689.7,10693.95,10688.65,10693.45,13:50:00,10683.097596939137,4,56
2018-06-29,10698.95,10699.8,10688.75,10689.6,13:55:00,10684.6073496116,4,57
2018-06-29,10695.1,10699.5,10691.9,10698.85,14:00:00,10685.60664964859,4,58
2018-06-29,10698.5,10699.65,10694.65,10694.85,14:05:00,10686.834587777295,4,59
2018-06-29,10700.45,10702.35,10692.0,10698.75,14:10:00,10688.131293703267,4,60
2018-06-29,10705.25,10709.0,10699.4,10700.15,14:15:00,10689.761646683908,4,61
2018-06-29,10704.45,10708.2,10703.6,10705.65,14:20:00,10691.160537475916,4,62
2018-06-29,10692.55,10705.65,10682.2,10704.4,14:25:00,10691.292867240116,4,63
2018-06-29,10691.5,10698.95,10689.5,10692.05,14:30:00,10691.312594169627,4,64
2018-06-29,10692.95,10695.4,10691.3,10691.55,14:35:00,10691.468537582045,4,65
2018-06-29,10691.05,10693.55,10685.65,10692.85,14:40:00,10691.428676859943,4,66
2018-06-29,10697.15,10697.65,10689.0,10691.2,14:45:00,10691.973564778044,4,67
2018-06-29,10694.85,10698.15,10692.0,10696.7,14:50:00,10692.24751098966,4,68
2018-06-29,10691.35,10697.25,10690.2,10694.9,14:55:00,10692.16203375255,4,69
2018-06-29,10709.0,10712.75,10691.0,10691.0,15:00:00,10693.76564958564,4,70
2018-06-29,10712.8,10716.25,10708.25,10709.05,15:05:00,10695.578444863197,4,71
2018-06-29,10718.35,10723.05,10712.9,10712.9,15:10:00,10697.747164400034,4,72
2018-06-29,10714.85,10721.05,10714.8,10718.1,15:15:00,10699.376005885746,4,73
2018-06-29,10716.45,10716.95,10711.6,10715.1,15:20:00,10701.002100563292,4,74
2018-06-29,10711.4,10717.1,10708.75,10716.55,15:25:00,10701.992376700122,4,75
2018-07-02,10692.05,10736.15,10690.35,10730.95,09:15:00,10701.045483681062,0,1
2018-07-02,10676.65,10692.35,10675.3,10692.35,09:20:00,10698.722104282866,0,2
2018-07-02,10685.2,10686.2,10673.1,10675.7,09:25:00,10697.434284827355,0,3
2018-07-02,10668.4,10685.9,10668.4,10685.9,09:30:00,10694.669114843797,0,4
2018-07-02,10662.55,10668.95,10660.2,10668.0,09:35:00,10691.61015152534,0,5
2018-07-02,10670.25,10672.6,10662.45,10662.75,09:40:00,10689.57585138007,0,6
2018-07-02,10668.45,10672.05,10667.75,10670.4,09:45:00,10687.563865534348,0,7
2018-07-02,10665.8,10669.0,10662.8,10668.8,09:50:00,10685.491116435838,0,8
2018-07-02,10657.2,10665.75,10654.25,10665.75,09:55:00,10682.79672439433,0,9
2018-07-02,10651.35,10656.8,10645.9,10656.8,10:00:00,10679.801798261537,0,10
2018-07-02,10652.95,10659.55,10647.6,10651.25,10:05:00,10677.24448414139,0,11
2018-07-02,10652.4,10655.45,10650.4,10652.7,10:10:00,10674.878342794593,0,12
2018-07-02,10654.85,10654.9,10651.15,10653.1,10:15:00,10672.97088157606,0,13
2018-07-02,10652.15,10657.15,10651.7,10654.05,10:20:00,10670.987940473577,0,14
2018-07-02,10650.15,10652.3,10645.2,10652.05,10:25:00,10669.003374714188,0,15
2018-07-02,10645.3,10651.65,10638.95,10650.3,10:30:00,10666.745910455697,0,16
2018-07-02,10632.9,10645.9,10632.55,10645.5,10:35:00,10663.522490412295,0,17
2018-07-02,10644.95,10646.2,10632.85,10633.25,10:40:00,10661.7536818016,0,18
2018-07-02,10647.55,10648.1,10641.0,10645.3,10:45:00,10660.400950201449,0,19
2018-07-02,10645.15,10648.6,10643.65,10648.0,10:50:00,10658.948478753691,0,20
2018-07-02,10646.05,10649.85,10645.05,10645.4,10:55:00,10657.72005220572,0,21
2018-07-02,10646.05,10648.05,10644.3,10646.9,11:00:00,10656.608618662318,0,22
2018-07-02,10635.3,10646.1,10633.1,10646.1,11:05:00,10654.579226408763,0,23
2018-07-02,10634.55,10636.3,10631.1,10635.05,11:10:00,10652.6716810365,0,24
2018-07-02,10628.35,10635.35,10627.7,10635.2,11:15:00,10650.355330461596,0,25
2018-07-02,10624.8,10631.6,10622.6,10628.5,11:20:00,10647.921489465254,0,26
2018-07-02,10632.25,10633.5,10624.25,10624.95,11:25:00,10646.42896665904,0,27
2018-07-02,10631.35,10632.3,10628.25,10631.85,11:30:00,10644.992874596272,0,28
2018-07-02,10640.5,10641.0,10631.45,10631.45,11:35:00,10644.56498177758,0,29
2018-07-02,10634.05,10643.4,10633.6,10640.3,11:40:00,10643.56355494162,0,30
2018-07-02,10628.85,10634.7,10626.6,10634.45,11:45:00,10642.162263994798,0,31
2018-07-02,10633.7,10633.7,10625.2,10628.75,11:50:00,10641.356334090531,0,32
2018-07-02,10636.7,10637.05,10630.85,10633.8,11:55:00,10640.912873700956,0,33
2018-07-02,10635.0,10639.9,10633.85,10637.45,12:00:00,10640.349742872291,0,34
2018-07-02,10633.9,10640.15,10632.35,10635.8,12:05:00,10639.73548164636,0,35
2018-07-02,10635.7,10639.05,10632.4,10634.35,12:10:00,10639.351150060991,0,36
2018-07-02,10620.1,10636.4,10616.15,10636.15,12:15:00,10637.51770719804,0,37
2018-07-02,10621.4,10622.6,10615.7,10620.7,12:20:00,10635.982687464892,0,38
2018-07-02,10621.1,10623.4,10615.1,10621.75,12:25:00,10634.56528865871,0,39
2018-07-02,10617.0,10623.35,10615.6,10622.25,12:30:00,10632.892404024547,0,40
2018-07-02,10617.2,10617.2,10611.4,10616.85,12:35:00,10631.397889355543,0,41
2018-07-02,10621.5,10623.45,10614.75,10618.7,12:40:00,10630.455233226445,0,42
2018-07-02,10614.85,10623.6,10613.55,10622.0,12:45:00,10628.96902053821,0,43
2018-07-02,10611.55,10616.4,10610.1,10614.8,12:50:00,10627.310066201238,0,44
2018-07-02,10615.0,10616.65,10608.4,10611.25,12:55:00,10626.137678943978,0,45
2018-07-02,10616.45,10618.85,10612.55,10615.05,13:00:00,10625.215042854075,0,46
2018-07-02,10614.35,10616.55,10610.9,10616.1,13:05:00,10624.180276867974,0,47
2018-07-02,10612.05,10615.25,10611.15,10614.8,13:10:00,10623.025012404356,0,48
2018-07-02,10614.85,10615.2,10604.65,10612.4,13:15:00,10622.246439794417,0,49
2018-07-02,10615.65,10618.2,10612.4,10615.0,13:20:00,10621.618207433045,0,50
2018-07-02,10626.65,10628.4,10615.15,10617.65,13:25:00,10622.097425772754,0,51
2018-07-02,10629.75,10632.45,10624.35,10628.6,13:30:00,10622.826242365823,0,52
2018-07-02,10633.8,10636.4,10629.95,10631.8,13:35:00,10623.87136214051,0,53
2018-07-02,10635.55,10641.05,10632.6,10635.65,13:40:00,10624.983613365222,0,54
2018-07-02,10644.1,10649.35,10636.0,10636.0,13:45:00,10626.804221616154,0,55
2018-07-02,10638.5,10649.3,10638.5,10646.15,13:50:00,10627.918105271758,0,56
2018-07-02,10646.5,10646.55,10632.2,10640.3,13:55:00,10629.687809531591,0,57
2018-07-02,10648.55,10652.45,10645.65,10646.9,14:00:00,10631.48420862382,0,58
2018-07-02,10656.2,10656.45,10647.1,10648.7,14:05:00,10633.83809351679,0,59
2018-07-02,10657.65,10662.75,10656.0,10656.25,14:10:00,10636.105894134238,0,60
2018-07-02,10660.9,10665.65,10658.35,10658.4,14:15:00,10638.467237550023,0,61
2018-07-02,10659.6,10660.75,10654.9,10660.15,14:20:00,10640.47988159288,0,62
2018-07-02,10655.7,10664.05,10655.65,10660.6,14:25:00,10641.929416679272,0,63
2018-07-02,10664.2,10669.2,10655.95,10655.95,14:30:00,10644.05042461458,0,64
2018-07-02,10661.7,10669.55,10658.0,10665.15,14:35:00,10645.73133655605,0,65
2018-07-02,10668.15,10669.3,10658.5,10662.15,14:40:00,10647.866447360237,0,66
2018-07-02,10672.0,10672.8,10666.4,10667.05,14:45:00,10650.164880944974,0,67
2018-07-02,10659.25,10672.5,10658.8,10672.15,14:50:00,10651.030130378786,0,68
2018-07-02,10650.4,10659.45,10645.2,10659.0,14:55:00,10650.97011796176,0,69
2018-07-02,10657.0,10660.7,10652.45,10652.7,15:00:00,10651.544392441592,0,70
2018-07-02,10662.25,10663.0,10655.05,10658.7,15:05:00,10652.563974113822,0,71
2018-07-02,10659.1,10663.4,10657.75,10662.6,15:10:00,10653.186452769649,0,72
2018-07-02,10660.35,10661.65,10656.4,10661.3,15:15:00,10653.868695363017,0,73
2018-07-02,10659.45,10661.0,10654.7,10660.3,15:20:00,10654.400248185586,0,74
2018-07-02,10652.1,10660.15,10647.45,10660.0,15:25:00,10654.181176929817,0,75
2018-07-03,10642.85,10660.9,10638.45,10660.9,09:15:00,10653.102017222216,1,1
2018-07-03,10643.85,10643.85,10630.25,10642.9,09:20:00,10652.220872724864,1,2
2018-07-03,10653.95,10655.45,10643.75,10643.75,09:25:00,10652.38555151297,1,3
2018-07-03,10652.4,10654.65,10645.25,10654.65,09:30:00,10652.386927559355,1,4
2018-07-03,10661.5,10664.45,10651.15,10652.15,09:35:00,10653.25483922037,1,5
2018-07-03,10670.2,10670.9,10656.4,10660.9,09:40:00,10654.868664056528,1,6
2018-07-03,10673.15,10680.1,10670.25,10670.25,09:45:00,10656.609743670191,1,7
2018-07-03,10678.9,10678.9,10668.4,10672.9,09:50:00,10658.73262522541,1,8
2018-07-03,10682.8,10687.95,10678.85,10678.85,09:55:00,10661.024756156325,1,9
2018-07-03,10674.8,10683.45,10673.5,10682.9,10:00:00,10662.336684141435,1,10
2018-07-03,10671.05,10678.75,10670.8,10675.3,10:05:00,10663.166523747012,1,11
2018-07-03,10671.3,10672.35,10664.75,10671.0,10:10:00,10663.941140533012,1,12
2018-07-03,10675.0,10680.3,10670.85,10670.9,10:15:00,10664.994365244153,1,13
2018-07-03,10675.9,10677.1,10673.1,10674.85,10:20:00,10666.03299712566,1,14
2018-07-03,10666.95,10676.15,10666.45,10676.15,10:25:00,10666.12033073274,1,15
2018-07-03,10660.25,10667.05,10659.45,10666.65,10:30:00,10665.561251615338,1,16
2018-07-03,10661.85,10661.95,10652.95,10659.75,10:35:00,10665.207799080545,1,17
2018-07-03,10669.45,10670.85,10658.25,10661.8,10:40:00,10665.61181821573,1,18
2018-07-03,10678.7,10678.7,10667.1,10669.1,10:45:00,10666.858311718994,1,19
2018-07-03,10675.95,10679.7,10673.9,10679.25,10:50:00,10667.724186793375,1,20
2018-07-03,10675.95,10676.4,10670.85,10676.4,10:55:00,10668.50759757496,1,21
2018-07-03,10685.75,10687.05,10676.0,10676.0,11:00:00,10670.149731139249,1,22
2018-07-03,10691.7,10694.75,10683.35,10685.8,11:05:00,10672.202137697415,1,23
2018-07-03,10690.75,10692.8,10685.75,10691.65,11:10:00,10673.968600773853,1,24
2018-07-03,10701.95,10708.05,10690.35,10690.5,11:15:00,10676.633495938246,1,25
2018-07-03,10699.7,10703.8,10693.4,10702.85,11:20:00,10678.83030584889,1,26
2018-07-03,10698.65,10701.3,10696.1,10700.35,11:25:00,10680.717895768044,1,27
2018-07-03,10701.75,10705.8,10698.8,10699.15,11:30:00,10682.720953313945,1,28
2018-07-03,10692.55,10704.0,10691.25,10701.15,11:35:00,10683.65705299833,1,29
2018-07-03,10700.5,10701.0,10692.85,10693.05,11:40:00,10685.261143188964,1,30
2018-07-03,10698.5,10703.0,10698.5,10700.6,11:45:00,10686.521986694775,1,31
2018-07-03,10696.7,10702.75,10693.55,10698.45,11:50:00,10687.491321295274,1,32
2018-07-03,10691.45,10697.15,10690.1,10696.65,11:55:00,10687.868338314773,1,33
2018-07-03,10691.85,10695.15,10690.9,10692.3,12:00:00,10688.247544189557,1,34
2018-07-03,10694.9,10696.35,10690.65,10691.8,12:05:00,10688.8811114096,1,35
2018-07-03,10687.9,10695.55,10687.75,10695.0,12:10:00,10688.787672227732,1,36
2018-07-03,10692.15,10693.95,10687.05,10687.8,12:15:00,10689.107893920327,1,37
2018-07-03,10696.9,10700.05,10691.75,10692.3,12:20:00,10689.84999926125,1,38
2018-07-03,10701.7,10701.85,10695.65,10696.6,12:25:00,10690.97857076018,1,39
2018-07-03,10702.75,10710.15,10701.0,10701.55,12:30:00,10692.099659259213,1,40
2018-07-03,10710.05,10711.65,10702.55,10703.05,12:35:00,10693.80921552024,1,41
2018-07-03,10708.4,10713.3,10707.5,10712.25,12:40:00,10695.198814042122,1,42
2018-07-03,10705.9,10710.25,10703.4,10710.25,12:45:00,10696.21797460954,1,43
2018-07-03,10704.0,10708.85,10703.1,10707.15,12:50:00,10696.95911988482,1,44
2018-07-03,10696.4,10705.1,10693.85,10704.65,12:55:00,10696.905870371982,1,45
2018-07-03,10700.45,10701.45,10690.2,10697.0,13:00:00,10697.243406527032,1,46
2018-07-03,10703.1,10706.15,10699.65,10701.65,13:05:00,10697.801177333982,1,47
2018-07-03,10702.25,10705.6,10699.85,10704.35,13:10:00,10698.224874730746,1,48
2018-07-03,10697.6,10704.0,10692.0,10703.9,13:15:00,10698.165362851629,1,49
2018-07-03,10684.05,10697.25,10682.85,10697.25,13:20:00,10696.821042580044,1,50
2018-07-03,10691.05,10691.5,10677.85,10684.25,13:25:00,10696.271419477183,1,51
2018-07-03,10679.15,10691.2,10678.6,10691.15,13:30:00,10694.640808098404,1,52
2018-07-03,10685.8,10687.75,10678.35,10679.45,13:35:00,10693.798826374748,1,53
2018-07-03,10690.15,10694.4,10685.45,10685.65,13:40:00,10693.45131910096,1,54
2018-07-03,10686.75,10690.65,10685.85,10690.05,13:45:00,10692.813098234205,1,55
2018-07-03,10682.0,10685.9,10679.75,10685.85,13:50:00,10691.783279354757,1,56
2018-07-03,10687.2,10687.9,10681.65,10681.95,13:55:00,10691.346776559065,1,57
2018-07-03,10699.9,10700.05,10686.55,10687.3,14:00:00,10692.161369267726,1,58
2018-07-03,10697.0,10703.15,10693.7,10699.6,14:05:00,10692.622191242228,1,59
2018-07-03,10700.85,10702.35,10695.55,10697.1,14:10:00,10693.4057920763,1,60
2018-07-03,10706.35,10708.75,10699.6,10701.1,14:15:00,10694.63857378332,1,61
2018-07-03,10704.35,10708.7,10703.85,10706.6,14:20:00,10695.563471518242,1,62
2018-07-03,10698.5,10706.2,10698.45,10704.55,14:25:00,10695.843140897456,1,63
2018-07-03,10693.3,10703.95,10691.9,10698.45,14:30:00,10695.60093700246,1,64
2018-07-03,10699.1,10699.5,10691.9,10693.25,14:35:00,10695.934181097466,1,65
2018-07-03,10706.4,10707.2,10698.65,10699.35,14:40:00,10696.93092575485,1,66
2018-07-03,10706.35,10708.0,10703.7,10706.2,14:45:00,10697.827980444865,1,67
2018-07-03,10700.4,10708.9,10700.05,10706.4,14:50:00,10698.07293468821,1,68
2018-07-03,10702.5,10703.85,10698.4,10700.3,14:55:00,10698.494559956,1,69
2018-07-03,10694.05,10702.1,10687.85,10701.9,15:00:00,10698.07126853162,1,70
2018-07-03,10699.0,10699.05,10693.65,10694.0,15:05:00,10698.159719147656,1,71
2018-07-03,10695.35,10701.85,10694.9,10699.15,15:10:00,10697.89212684788,1,72
2018-07-03,10699.05,10701.05,10695.15,10696.25,15:15:00,10698.002400481417,1,73
2018-07-03,10708.4,10708.45,10698.25,10699.95,15:20:00,10698.992648054616,1,74
2018-07-03,10707.1,10709.05,10704.95,10708.5,15:25:00,10699.764776811318,1,75
2018-07-04,10709.7,10717.3,10698.35,10712.55,09:15:00,10700.710988543577,2,1
2018-07-04,10706.5,10712.05,10698.15,10709.9,09:20:00,10701.262322967996,2,2
2018-07-04,10690.2,10705.5,10689.0,10705.5,09:25:00,10700.208768399616,2,3
2018-07-04,10687.2,10690.7,10679.3,10690.7,09:30:00,10698.969838075844,2,4
2018-07-04,10685.95,10690.55,10681.15,10687.25,09:35:00,10697.729853497192,2,5
2018-07-04,10682.65,10686.6,10677.75,10686.6,09:40:00,10696.29367697365,2,6
2018-07-04,10685.95,10690.45,10682.05,10682.85,09:45:00,10695.30856488092,2,7
2018-07-04,10692.3,10692.65,10681.35,10686.1,09:50:00,10695.02203489226,2,8
2018-07-04,10694.0,10695.8,10689.8,10692.35,09:55:00,10694.924698235856,2,9
2018-07-04,10691.0,10694.3,10683.85,10694.1,10:00:00,10694.550917451488,2,10
2018-07-04,10694.1,10694.1,10689.25,10691.05,10:05:00,10694.5079729323,2,11
2018-07-04,10686.85,10694.35,10683.55,10694.2,10:10:00,10693.77864217684,2,12
2018-07-04,10684.8,10687.6,10682.6,10686.95,10:15:00,10692.923533398096,2,13
2018-07-04,10685.7,10687.5,10682.1,10684.85,10:20:00,10692.235577836374,2,14
2018-07-04,10689.85,10691.85,10684.6,10686.1,10:25:00,10692.008379947196,2,15
2018-07-04,10698.35,10699.05,10687.55,10689.75,10:30:00,10692.612343761748,2,16
2018-07-04,10699.35,10705.8,10698.45,10699.05,10:35:00,10693.254025308248,2,17
2018-07-04,10706.8,10708.3,10695.75,10698.9,10:40:00,10694.544118136031,2,18
2018-07-04,10707.95,10709.35,10700.5,10706.95,10:45:00,10695.820868789744,2,19
2018-07-04,10703.35,10708.45,10702.7,10707.85,10:50:00,10696.537928905009,2,20
2018-07-04,10698.15,10703.5,10695.0,10703.4,10:55:00,10696.691459485482,2,21
2018-07-04,10691.7,10701.15,10691.25,10698.1,11:00:00,10696.216082391627,2,22
2018-07-04,10693.3,10693.65,10688.9,10691.6,11:05:00,10695.938360259091,2,23
2018-07-04,10693.65,10695.2,10692.35,10693.35,11:10:00,10695.720421186796,2,24
2018-07-04,10696.9,10696.9,10691.8,10693.85,11:15:00,10695.83276202615,2,25
2018-07-04,10704.45,10704.65,10695.4,10696.65,11:20:00,10696.653451356991,2,26
2018-07-04,10702.2,10704.7,10700.55,10704.5,11:25:00,10697.181694084898,2,27
2018-07-04,10708.3,10708.75,10702.2,10702.25,11:30:00,10698.240580362528,2,28
2018-07-04,10711.65,10714.2,10707.2,10708.15,11:35:00,10699.517667947048,2,29
2018-07-04,10709.65,10714.3,10709.15,10711.75,11:40:00,10700.482651952092,2,30
2018-07-04,10707.45,10710.0,10705.65,10709.6,11:45:00,10701.146208909036,2,31
2018-07-04,10713.45,10714.15,10707.1,10707.65,11:50:00,10702.317998536748,2,32
2018-07-04,10709.7,10713.85,10708.55,10712.95,11:55:00,10703.021046295153,2,33
2018-07-04,10718.45,10718.65,10709.15,10709.8,12:00:00,10704.490470457518,2,34
2018-07-04,10720.45,10722.85,10717.5,10718.3,12:05:00,10706.01042565204,2,35
2018-07-04,10716.0,10720.95,10714.25,10720.25,12:10:00,10706.96181368518,2,36
2018-07-04,10717.8,10721.55,10715.8,10715.8,12:15:00,10707.99402190564,2,37
2018-07-04,10716.75,10717.45,10713.55,10717.45,12:20:00,10708.827924581292,2,38
2018-07-04,10723.2,10724.25,10715.3,10715.9,12:25:00,10710.196693668788,2,39
2018-07-04,10721.45,10726.4,10718.5,10723.35,12:30:00,10711.268437128903,2,40
2018-07-04,10722.0,10723.7,10719.7,10721.4,12:35:00,10712.290490735675,2,41
2018-07-04,10724.35,10727.0,10721.75,10722.05,12:40:00,10713.439015427515,2,42
2018-07-04,10721.8,10725.95,10720.95,10724.65,12:45:00,10714.235299672511,2,43
2018-07-04,10718.05,10722.15,10717.6,10721.95,12:50:00,10714.598604465607,2,44
2018-07-04,10717.3,10720.1,10714.6,10718.15,12:55:00,10714.855880230789,2,45
2018-07-04,10723.85,10724.75,10717.9,10717.9,13:00:00,10715.712463065953,2,46
2018-07-04,10719.65,10724.5,10719.25,10724.15,13:05:00,10716.08746658348,2,47
2018-07-04,10719.8,10721.35,10717.4,10719.75,13:10:00,10716.441041194576,2,48
2018-07-04,10724.2,10725.75,10719.75,10719.75,13:15:00,10717.179989652235,2,49
2018-07-04,10731.9,10736.05,10724.65,10725.7,13:20:00,10718.581895399642,2,50
2018-07-04,10737.0,10741.25,10732.4,10732.95,13:25:00,10720.336000599676,2,51
2018-07-04,10743.2,10743.2,10737.25,10737.9,13:30:00,10722.513524352087,2,52
2018-07-04,10745.2,10747.25,10740.2,10744.65,13:35:00,10724.67414108046,2,53
2018-07-04,10745.0,10749.6,10743.8,10746.1,13:40:00,10726.609937168036,2,54
2018-07-04,10736.25,10746.7,10735.35,10745.85,13:45:00,10727.528038390128,2,55
2018-07-04,10743.85,10746.15,10736.4,10737.6,13:50:00,10729.082510924402,2,56
2018-07-04,10745.95,10747.8,10741.15,10746.1,13:55:00,10730.68893845541,2,57
2018-07-04,10748.05,10752.15,10745.85,10746.15,14:00:00,10732.342372888228,2,58
2018-07-04,10749.65,10750.6,10744.55,10749.6,14:05:00,10733.990718327444,2,59
2018-07-04,10755.6,10756.1,10750.7,10751.55,14:10:00,10736.048745153405,2,60
2018-07-04,10755.1,10757.75,10752.5,10756.45,14:15:00,10737.863150376888,2,61
2018-07-04,10762.85,10762.85,10752.95,10756.15,14:20:00,10740.242850340994,2,62
2018-07-04,10763.45,10766.35,10760.0,10763.7,14:25:00,10742.453055070424,2,63
2018-07-04,10764.75,10765.85,10760.25,10765.0,14:30:00,10744.576573635146,2,64
2018-07-04,10772.65,10774.6,10765.1,10766.2,14:35:00,10747.250233288942,2,65
2018-07-04,10772.85,10773.5,10769.4,10772.9,14:40:00,10749.688306309044,2,66
2018-07-04,10770.55,10777.15,10769.95,10774.7,14:45:00,10751.67513427961,2,67
2018-07-04,10770.65,10773.85,10767.2,10772.5,14:50:00,10753.482264348218,2,68
2018-07-04,10768.7,10773.15,10767.95,10772.8,14:55:00,10754.931572505531,2,69
2018-07-04,10766.4,10771.45,10764.7,10768.8,15:00:00,10756.023803695482,2,70
2018-07-04,10769.85,10771.1,10765.45,10766.6,15:05:00,10757.340584295913,2,71
2018-07-04,10771.35,10772.35,10769.25,10770.2,15:10:00,10758.674814362968,2,72
2018-07-04,10770.1,10774.3,10769.25,10771.4,15:15:00,10759.76292728078,2,73
2018-07-04,10772.05,10774.2,10768.65,10769.55,15:20:00,10760.933124682611,2,74
2018-07-04,10771.15,10773.5,10767.7,10771.85,15:25:00,10761.906160427125,2,75
2018-07-05,10776.65,10781.95,10762.2,10778.1,09:15:00,10763.31033562454,3,1
2018-07-05,10770.2,10780.85,10769.9,10775.85,09:20:00,10763.96649413649,3,2
2018-07-05,10766.2,10770.0,10756.35,10769.4,09:25:00,10764.179208980637,3,3
2018-07-05,10760.8,10767.5,10759.65,10765.75,09:30:00,10763.857379553909,3,4
2018-07-05,10770.65,10773.3,10758.05,10760.25,09:35:00,10764.50429578687,3,5
2018-07-05,10774.3,10777.75,10768.0,10770.3,09:40:00,10765.437219997644,3,6
2018-07-05,10772.55,10774.95,10764.0,10774.45,09:45:00,10766.114627616917,3,7
2018-07-05,10774.2,10774.35,10764.4,10772.6,09:50:00,10766.884663081972,3,8
2018-07-05,10764.8,10777.0,10764.5,10773.75,09:55:00,10766.686123740832,3,9
2018-07-05,10767.65,10772.8,10762.35,10765.05,10:00:00,10766.7779214798,3,10
2018-07-05,10769.25,10773.35,10767.2,10767.85,10:05:00,10767.013357529344,3,11
2018-07-05,10769.1,10770.65,10762.4,10770.0,10:10:00,10767.212085383691,3,12
2018-07-05,10769.65,10775.4,10768.65,10768.9,10:15:00,10767.4442677281,3,13
2018-07-05,10770.8,10773.95,10768.45,10769.6,10:20:00,10767.763861277805,3,14
2018-07-05,10774.7,10776.8,10769.5,10771.4,10:25:00,10768.424445918014,3,15
2018-07-05,10757.75,10774.95,10757.15,10774.95,10:30:00,10767.40783202106,3,16
2018-07-05,10747.25,10759.0,10745.5,10758.1,10:35:00,10765.488038495245,3,17
2018-07-05,10748.55,10749.0,10741.45,10746.55,10:40:00,10763.874891971886,3,18
2018-07-05,10754.0,10756.05,10747.1,10748.95,10:45:00,10762.934426069802,3,19
2018-07-05,10745.2,10755.1,10744.15,10753.85,10:50:00,10761.245433110773,3,20
2018-07-05,10750.05,10750.55,10743.65,10745.0,10:55:00,10760.179201385936,3,21
2018-07-05,10756.8,10757.45,10749.45,10750.35,11:00:00,10759.857372682514,3,22
2018-07-05,10754.95,10759.15,10753.55,10756.75,11:05:00,10759.390003855608,3,23
2018-07-05,10744.4,10755.45,10726.25,10755.2,11:10:00,10757.962384440789,3,24
2018-07-05,10750.15,10753.35,10741.85,10744.05,11:15:00,10757.21834782738,3,25
2018-07-05,10752.65,10756.3,10749.35,10750.1,11:20:00,10756.783267081915,3,26
2018-07-05,10752.4,10757.45,10745.15,10752.55,11:25:00,10756.365813074111,3,27
2018-07-05,10753.45,10756.1,10750.7,10752.2,11:30:00,10756.088116590863,3,28
2018-07-05,10754.55,10757.25,10752.65,10753.5,11:35:00,10755.941629296498,3,29
2018-07-05,10755.25,10759.05,10753.6,10754.85,11:40:00,10755.875759839688,3,30
2018-07-05,10752.5,10756.6,10746.25,10755.5,11:45:00,10755.554258902574,3,31
2018-07-05,10751.35,10755.55,10749.2,10752.65,11:50:00,10755.153853292806,3,32
2018-07-05,10750.35,10755.55,10750.25,10752.1,11:55:00,10754.696343455396,3,33
2018-07-05,10747.1,10751.8,10744.75,10749.8,12:00:00,10753.97288217393,3,34
2018-07-05,10747.35,10752.95,10744.25,10746.95,12:05:00,10753.342131490695,3,35
2018-07-05,10743.95,10748.05,10743.05,10747.2,12:10:00,10752.447642777295,3,36
2018-07-05,10744.6,10744.6,10740.0,10743.35,12:15:00,10751.700248227078,3,37
2018-07-05,10744.0,10746.3,10739.45,10744.7,12:20:00,10750.96689125307,3,38
2018-07-05,10751.65,10755.0,10744.55,10745.1,12:25:00,10751.03194922897,3,39
2018-07-05,10756.75,10759.85,10749.35,10751.45,12:30:00,10751.576525492876,3,40
2018-07-05,10769.2,10769.2,10756.3,10756.3,12:35:00,10753.254951636412,3,41
2018-07-05,10769.85,10773.5,10766.15,10768.45,12:40:00,10754.835432432945,3,42
2018-07-05,10765.3,10772.15,10764.6,10769.8,12:45:00,10755.83205791552,3,43
2018-07-05,10762.15,10768.75,10759.6,10765.4,12:50:00,10756.433766685472,3,44
2018-07-05,10769.65,10769.9,10762.1,10762.65,12:55:00,10757.692455572567,3,45
2018-07-05,10770.6,10772.7,10767.85,10769.5,13:00:00,10758.92174551804,3,46
2018-07-05,10778.9,10780.35,10768.75,10770.45,13:05:00,10760.824436421084,3,47
2018-07-05,10778.4,10781.7,10776.25,10778.45,13:10:00,10762.498299619076,3,48
2018-07-05,10765.3,10781.0,10763.85,10777.6,13:15:00,10762.765128226783,3,49
2018-07-05,10767.25,10769.35,10762.65,10765.85,13:20:00,10763.192258871852,3,50
2018-07-05,10769.05,10771.2,10764.95,10767.15,13:25:00,10763.750138979294,3,51
2018-07-05,10764.65,10770.95,10764.45,10768.55,13:30:00,10763.835840028883,3,52
2018-07-05,10762.35,10765.5,10759.55,10764.45,13:35:00,10763.694331454706,3,53
2018-07-05,10759.35,10766.65,10758.95,10761.85,13:40:00,10763.28058560188,3,54
2018-07-05,10756.25,10760.55,10753.55,10759.6,13:45:00,10762.611006020748,3,55
2018-07-05,10765.8,10767.65,10756.05,10756.05,13:50:00,10762.914719733057,3,56
2018-07-05,10773.5,10775.25,10765.95,10765.95,13:55:00,10763.92284166324,3,57
2018-07-05,10767.0,10776.8,10764.25,10773.85,14:00:00,10764.21590436198,3,58
2018-07-05,10768.15,10769.25,10765.35,10766.9,14:05:00,10764.590580137028,3,59
2018-07-05,10771.35,10771.35,10767.35,10768.2,14:10:00,10765.234334409692,3,60
2018-07-05,10773.0,10777.6,10768.9,10771.0,14:15:00,10765.973921608773,3,61
2018-07-05,10770.6,10773.2,10770.0,10773.2,14:20:00,10766.414500503171,3,62
2018-07-05,10772.05,10773.9,10769.75,10770.4,14:25:00,10766.951214740966,3,63
2018-07-05,10775.6,10775.6,10770.45,10772.5,14:30:00,10767.77490857516,3,64
2018-07-05,10773.45,10778.45,10773.1,10775.7,14:35:00,10768.315393472763,3,65
2018-07-05,10764.3,10778.75,10764.3,10773.3,14:40:00,10767.932975046786,3,66
2018-07-05,10761.1,10764.85,10758.05,10762.35,14:45:00,10767.28221551852,3,67
2018-07-05,10764.6,10765.4,10757.75,10761.25,14:50:00,10767.02676642152,3,68
2018-07-05,10754.1,10765.05,10752.65,10764.8,14:55:00,10765.795645809949,3,69
2018-07-05,10746.95,10757.55,10744.5,10754.5,15:00:00,10764.000822399476,3,70
2018-07-05,10742.4,10746.85,10732.85,10746.5,15:05:00,10761.943601218574,3,71
2018-07-05,10755.9,10756.4,10742.2,10742.35,15:10:00,10761.36802015014,3,72
2018-07-05,10750.6,10756.05,10747.55,10755.8,15:15:00,10760.342494421557,3,73
2018-07-05,10757.0,10757.0,10749.5,10751.4,15:20:00,10760.024161619502,3,74
2018-07-05,10753.75,10757.8,10751.3,10757.3,15:25:00,10759.426622417644,3,75
2018-07-06,10751.45,10752.4,10735.05,10741.35,09:15:00,10758.666944092156,4,1
2018-07-06,10757.8,10758.95,10747.7,10752.35,09:20:00,10758.58437798814,4,2
2018-07-06,10769.15,10769.15,10750.55,10757.4,09:25:00,10759.590627703556,4,3
2018-07-06,10767.85,10772.35,10761.7,10769.7,09:30:00,10760.377234588932,4,4
2018-07-06,10772.1,10774.35,10762.5,10768.15,09:35:00,10761.493688437604,4,5
2018-07-06,10776.5,10781.65,10771.6,10772.95,09:40:00,10762.922860967356,4,6
2018-07-06,10777.65,10781.4,10775.35,10776.75,09:45:00,10764.325445637132,4,7
2018-07-06,10773.0,10777.8,10766.9,10777.5,09:50:00,10765.151593671691,4,8
2018-07-06,10778.45,10783.9,10771.85,10772.4,09:55:00,10766.4181085601,4,9
2018-07-06,10780.0,10782.25,10776.3,10778.1,10:00:00,10767.711622030569,4,10
2018-07-06,10785.1,10787.65,10780.9,10780.9,10:05:00,10769.367658027655,4,11
2018-07-06,10780.85,10785.95,10780.6,10784.6,10:10:00,10770.461214405974,4,12
2018-07-06,10778.25,10781.55,10774.9,10781.35,10:15:00,10771.203003510169,4,13
2018-07-06,10783.85,10785.1,10778.15,10778.55,10:20:00,10772.40747936634,4,14
2018-07-06,10786.65,10788.15,10783.65,10783.8,10:25:00,10773.763909902878,4,15
2018-07-06,10791.35,10794.6,10785.9,10786.5,10:30:00,10775.438775626411,4,16
2018-07-06,10798.05,10798.4,10789.6,10791.05,10:35:00,10777.592225566756,4,17
2018-07-06,10801.45,10804.9,10796.6,10797.9,10:40:00,10779.864394560398,4,18
2018-07-06,10795.6,10802.8,10793.95,10801.2,10:45:00,10781.363023649885,4,19
2018-07-06,10802.4,10803.6,10795.7,10795.7,10:50:00,10783.366545207036,4,20
2018-07-06,10805.1,10807.05,10802.0,10802.5,10:55:00,10785.43639804446,4,21
2018-07-06,10806.15,10810.55,10802.75,10803.65,11:00:00,10787.409122040226,4,22
2018-07-06,10808.5,10810.15,10805.0,10805.0,11:05:00,10789.417777084014,4,23
2018-07-06,10811.45,10814.4,10807.5,10808.25,11:10:00,10791.516084028392,4,24
2018-07-06,10808.3,10815.95,10807.3,10811.7,11:15:00,10793.114552216166,4,25
2018-07-06,10805.65,10808.7,10803.25,10808.15,11:20:00,10794.308404386054,4,26
2018-07-06,10803.1,10809.15,10802.95,10805.9,11:25:00,10795.14569920643,4,27
2018-07-06,10801.1,10803.45,10798.1,10803.45,11:30:00,10795.712775472484,4,28
2018-07-06,10797.15,10801.35,10795.35,10801.05,11:35:00,10795.849653998914,4,29
2018-07-06,10799.2,10799.3,10795.65,10797.0,11:40:00,10796.168734570449,4,30
2018-07-06,10790.1,10800.6,10790.1,10799.1,11:45:00,10795.590759849452,4,31
2018-07-06,10790.7,10790.85,10783.05,10790.2,11:50:00,10795.124973197122,4,32
2018-07-06,10796.25,10797.65,10790.35,10790.4,11:55:00,10795.23211860692,4,33
2018-07-06,10789.25,10796.15,10788.15,10796.15,12:00:00,10794.662393025308,4,34
2018-07-06,10784.0,10789.15,10780.3,10789.15,12:05:00,10793.646927022895,4,35
2018-07-06,10781.85,10788.55,10781.1,10784.05,12:10:00,10792.523410163574,4,36
2018-07-06,10777.95,10784.6,10777.8,10781.4,12:15:00,10791.135466338472,4,37
2018-07-06,10781.55,10781.95,10775.3,10778.0,12:20:00,10790.222564782429,4,38
2018-07-06,10785.7,10787.55,10781.05,10781.4,12:25:00,10789.79184432696,4,39
2018-07-06,10786.1,10786.25,10780.8,10785.45,12:30:00,10789.440240105345,4,40
2018-07-06,10783.3,10787.6,10780.95,10786.15,12:35:00,10788.855455333409,4,41
2018-07-06,10789.35,10793.55,10783.2,10783.5,12:40:00,10788.902554825465,4,42
2018-07-06,10793.5,10796.15,10788.55,10789.05,12:45:00,10789.34040674685,4,43
2018-07-06,10790.7,10795.7,10790.7,10793.6,12:50:00,10789.46989181858,4,44
2018-07-06,10788.3,10792.15,10783.0,10791.85,12:55:00,10789.358473550144,4,45
2018-07-06,10784.9,10790.55,10784.8,10788.15,13:00:00,10788.933857021557,4,46
2018-07-06,10793.55,10796.7,10785.95,10786.6,13:05:00,10789.373489686172,4,47
2018-07-06,10793.35,10795.1,10791.9,10794.8,13:10:00,10789.752204954157,4,48
2018-07-06,10796.55,10799.75,10794.1,10794.45,13:15:00,10790.39961400614,4,49
2018-07-06,10798.3,10801.6,10796.45,10796.45,13:20:00,10791.15203171984,4,50
2018-07-06,10801.0,10801.85,10795.3,10799.3,13:25:00,10792.089933460808,4,51
2018-07-06,10800.4,10803.85,10799.15,10802.2,13:30:00,10792.881368369302,4,52
2018-07-06,10796.6,10802.45,10795.45,10801.5,13:35:00,10793.235523762702,4,53
2018-07-06,10796.55,10800.65,10795.8,10797.4,13:40:00,10793.551188166251,4,54
2018-07-06,10787.4,10797.95,10784.25,10797.95,13:45:00,10792.965360721848,4,55
2018-07-06,10796.2,10796.7,10786.0,10788.15,13:50:00,10793.27342160548,4,56
2018-07-06,10796.6,10798.5,10793.95,10797.75,13:55:00,10793.590238595436,4,57
2018-07-06,10807.0,10807.95,10796.7,10796.9,14:00:00,10794.867358729203,4,58
2018-07-06,10797.35,10811.35,10795.25,10808.3,14:05:00,10795.103800754994,4,59
2018-07-06,10802.65,10803.65,10796.55,10798.1,14:10:00,10795.822486397376,4,60
2018-07-06,10800.55,10805.65,10799.8,10803.35,14:15:00,10796.272725788103,4,61
2018-07-06,10803.45,10804.45,10799.05,10800.35,14:20:00,10796.956275713046,4,62
2018-07-06,10808.1,10808.75,10802.8,10803.5,14:25:00,10798.017582787994,4,63
2018-07-06,10811.35,10816.35,10807.4,10808.3,14:30:00,10799.287336808186,4,64
2018-07-06,10805.9,10812.05,10804.5,10812.05,14:35:00,10799.917114255026,4,65
2018-07-06,10799.75,10811.1,10798.2,10805.5,14:40:00,10799.90119861169,4,66
2018-07-06,10800.7,10806.1,10798.5,10799.65,14:45:00,10799.977274934385,4,67
2018-07-06,10795.4,10803.0,10794.35,10800.9,14:50:00,10799.541343988252,4,68
2018-07-06,10784.3,10798.75,10783.75,10795.2,14:55:00,10798.089787417945,4,69
2018-07-06,10782.9,10789.9,10782.55,10784.2,15:00:00,10796.643140997185,4,70
2018-07-06,10777.65,10783.0,10774.75,10783.0,15:05:00,10794.834270426025,4,71
2018-07-06,10768.35,10777.5,10768.0,10777.5,15:10:00,10792.31195895688,4,72
2018-07-06,10765.95,10768.65,10761.05,10768.45,15:15:00,10789.801296199084,4,73
2018-07-06,10767.6,10770.35,10764.55,10765.8,15:20:00,10787.686887037267,4,74
2018-07-06,10768.4,10771.8,10766.35,10767.35,15:25:00,10785.850040652767,4,75
2018-07-09,10833.3,10844.7,10832.6,10835.3,09:15:00,10790.369084400125,0,1
2018-07-09,10832.45,10833.25,10821.45,10833.25,09:20:00,10794.37679064773,0,2
2018-07-09,10830.0,10839.25,10828.95,10832.4,09:25:00,10797.769477252708,0,3
2018-07-09,10828.4,10830.2,10824.0,10829.75,09:30:00,10800.686669895304,0,4
2018-07-09,10823.55,10830.95,10823.15,10828.15,09:35:00,10802.864129905276,0,5
2018-07-09,10825.5,10827.45,10818.25,10823.8,09:40:00,10805.019927057154,0,6
2018-07-09,10827.45,10828.9,10823.05,10825.6,09:45:00,10807.156124480283,0,7
2018-07-09,10824.85,10828.05,10822.55,10827.25,09:50:00,10808.841255482164,0,8
2018-07-09,10826.05,10827.05,10821.2,10824.45,09:55:00,10810.48018353148,0,9
2018-07-09,10829.0,10834.2,10825.45,10826.65,10:00:00,10812.2439755761,0,10
2018-07-09,10821.0,10829.1,10818.55,10829.05,10:05:00,10813.077882664093,0,11
2018-07-09,10821.3,10822.8,10819.75,10821.1,10:10:00,10813.86094145799,0,12
2018-07-09,10812.65,10822.1,10811.1,10822.0,10:15:00,10813.745613700086,0,13
2018-07-09,10817.5,10817.55,10807.85,10812.7,10:20:00,10814.10317430008,0,14
2018-07-09,10813.9,10818.35,10813.05,10817.55,10:25:00,10814.083824366737,0,15
2018-07-09,10812.55,10815.05,10807.15,10814.75,10:30:00,10813.93774585562,0,16
2018-07-09,10815.55,10816.4,10812.3,10812.8,10:35:00,10814.09129386937,0,17
2018-07-09,10818.55,10820.45,10814.15,10815.45,10:40:00,10814.515932548478,0,18
2018-07-09,10822.55,10825.75,10818.05,10819.5,10:45:00,10815.281081829577,0,19
2018-07-09,10821.4,10824.1,10819.55,10822.8,10:50:00,10815.863835941043,0,20
2018-07-09,10817.8,10822.15,10816.45,10821.8,10:55:00,10816.04823251809,0,21
2018-07-09,10816.0,10819.95,10815.6,10818.45,11:00:00,10816.04363894494,0,22
2018-07-09,10821.8,10821.85,10815.1,10816.05,11:05:00,10816.591863807324,0,23
2018-07-09,10825.85,10827.55,10821.95,10821.95,11:10:00,10817.47359106377,0,24
2018-07-09,10825.05,10826.6,10824.25,10826.0,11:15:00,10818.195153819604,0,25
2018-07-09,10828.0,10828.95,10823.6,10825.1,11:20:00,10819.128948693926,0,26
2018-07-09,10829.3,10830.8,10828.05,10828.2,11:25:00,10820.097620246886,0,27
2018-07-09,10827.45,10829.75,10825.15,10829.2,11:30:00,10820.79784689004,0,28
2018-07-09,10830.75,10833.35,10827.35,10827.5,11:35:00,10821.745670995751,0,29
2018-07-09,10834.0,10834.7,10830.2,10831.05,11:40:00,10822.912749948537,0,30
2018-07-09,10835.9,10836.15,10831.25,10833.65,11:45:00,10824.149630905818,0,31
2018-07-09,10831.1,10837.05,10830.65,10836.0,11:50:00,10824.81157081955,0,32
2018-07-09,10831.95,10833.35,10830.6,10831.0,11:55:00,10825.491421217688,0,33
2018-07-09,10831.35,10832.85,10830.05,10832.1,12:00:00,10826.04938110172,0,34
2018-07-09,10832.7,10833.3,10830.5,10831.85,12:05:00,10826.682773377746,0,35
2018-07-09,10834.25,10835.8,10832.1,10832.85,12:10:00,10827.403461627486,0,36
2018-07-09,10838.0,10840.2,10834.15,10834.15,12:15:00,10828.412655758202,0,37
2018-07-09,10837.55,10841.8,10837.4,10837.95,12:20:00,10829.282879019323,0,38
2018-07-09,10842.5,10844.95,10836.65,10837.9,12:25:00,10830.541652446056,0,39
2018-07-09,10839.0,10842.85,10837.95,10842.65,12:30:00,10831.347209355956,0,40
2018-07-09,10839.05,10840.5,10837.7,10839.15,12:35:00,10832.080808464912,0,41
2018-07-09,10840.4,10841.7,10837.35,10838.7,12:40:00,10832.873112420635,0,42
2018-07-09,10836.75,10841.85,10836.65,10840.6,12:45:00,10833.242339809143,0,43
2018-07-09,10839.0,10840.1,10836.3,10837.25,12:50:00,10833.79068839875,0,44
2018-07-09,10840.5,10840.85,10838.1,10838.8,12:55:00,10834.429670456013,0,45
2018-07-09,10842.5,10844.0,10835.85,10839.8,13:00:00,10835.198273269723,0,46
2018-07-09,10846.0,10848.55,10842.45,10843.15,13:05:00,10836.2270091488,0,47
2018-07-09,10848.4,10849.3,10843.85,10845.75,13:10:00,10837.386341610818,0,48
2018-07-09,10845.75,10851.95,10842.85,10848.6,13:15:00,10838.182880505025,0,49
2018-07-09,10851.25,10854.45,10846.0,10846.45,13:20:00,10839.427368075976,0,50
2018-07-09,10848.9,10852.7,10848.45,10852.15,13:25:00,10840.329523497312,0,51
2018-07-09,10848.15,10849.75,10845.4,10849.75,13:30:00,10841.074330783282,0,52
2018-07-09,10850.45,10851.45,10846.15,10848.8,13:35:00,10841.967251661064,0,53
2018-07-09,10851.8,10853.25,10850.0,10850.9,13:40:00,10842.90370388382,0,54
2018-07-09,10851.8,10854.1,10850.8,10853.45,13:45:00,10843.7509701806,0,55
2018-07-09,10850.5,10855.5,10848.6,10853.15,13:50:00,10844.393734925305,0,56
2018-07-09,10854.0,10855.15,10847.65,10851.3,13:55:00,10845.30861731337,0,57
2018-07-09,10856.25,10859.85,10853.7,10855.85,14:00:00,10846.350653759717,0,58
2018-07-09,10854.55,10859.5,10854.45,10857.8,14:05:00,10847.131543877837,0,59
2018-07-09,10847.4,10855.7,10846.6,10854.35,14:10:00,10847.157111127566,0,60
2018-07-09,10852.45,10857.15,10847.85,10847.85,14:15:00,10847.661195782082,0,61
2018-07-09,10852.35,10856.15,10847.35,10853.25,14:20:00,10848.10774856474,0,62
2018-07-09,10857.4,10858.2,10849.15,10853.7,14:25:00,10848.992724891908,0,63
2018-07-09,10857.45,10858.85,10852.95,10858.85,14:30:00,10849.798179664103,0,64
2018-07-09,10854.1,10860.35,10852.6,10857.65,14:35:00,10850.207876838953,0,65
2018-07-09,10855.35,10855.35,10851.0,10853.6,14:40:00,10850.69760285429,0,66
2018-07-09,10854.8,10855.9,10852.65,10855.55,14:45:00,10851.088307344358,0,67
2018-07-09,10857.5,10858.6,10853.75,10854.55,14:50:00,10851.698944740134,0,68
2018-07-09,10857.7,10859.65,10855.65,10857.35,14:55:00,10852.270473812505,0,69
2018-07-09,10850.5,10857.8,10848.7,10857.6,15:00:00,10852.101857258933,0,70
2018-07-09,10849.45,10851.15,10846.2,10850.1,15:05:00,10851.849299424746,0,71
2018-07-09,10851.15,10852.3,10848.05,10850.25,15:10:00,10851.782699479532,0,72
2018-07-09,10855.5,10855.65,10849.15,10851.4,15:15:00,10852.13672810053,0,73
2018-07-09,10856.15,10857.2,10853.4,10855.7,15:20:00,10852.518944471907,0,74
2018-07-09,10851.3,10856.95,10848.7,10856.1,15:25:00,10852.402854522205,0,75
2018-07-10,10887.8,10899.95,10876.65,10896.75,09:15:00,10855.774011234373,1,1
2018-07-10,10897.4,10899.4,10887.95,10887.95,09:20:00,10859.738391116814,1,2
2018-07-10,10904.15,10906.05,10894.8,10897.45,09:25:00,10863.968068153308,1,3
2018-07-10,10906.15,10915.2,10904.55,10904.55,09:30:00,10867.985394995849,1,4
2018-07-10,10906.15,10909.0,10903.35,10906.35,09:35:00,10871.620119281955,1,5
2018-07-10,10915.35,10915.35,10906.25,10906.3,09:40:00,10875.784869826532,1,6
2018-07-10,10910.4,10916.15,10907.45,10914.7,09:45:00,10879.081548890674,1,7
2018-07-10,10912.65,10913.2,10908.8,10910.9,09:50:00,10882.27854423442,1,8
2018-07-10,10908.15,10914.15,10907.35,10912.75,09:55:00,10884.74249240257,1,9
2018-07-10,10904.2,10908.8,10902.6,10908.0,10:00:00,10886.595588364233,1,10
2018-07-10,10905.95,10909.45,10904.2,10904.4,10:05:00,10888.438865662874,1,11
2018-07-10,10915.9,10917.8,10904.55,10905.8,10:10:00,10891.05421179022,1,12
2018-07-10,10914.6,10918.15,10913.5,10915.65,10:15:00,10893.2966678102,1,13
2018-07-10,10914.7,10917.05,10911.1,10914.35,10:20:00,10895.335080399704,1,14
2018-07-10,10906.45,10915.3,10905.75,10914.4,10:25:00,10896.393644171165,1,15
2018-07-10,10907.55,10909.55,10906.05,10906.65,10:30:00,10897.4561542501,1,16
2018-07-10,10913.2,10914.05,10907.55,10907.75,10:35:00,10898.955568131045,1,17
2018-07-10,10911.9,10914.3,10910.85,10912.85,10:40:00,10900.188371166185,1,18
2018-07-10,10911.85,10914.3,10910.8,10911.4,10:45:00,10901.299002483687,1,19
2018-07-10,10918.15,10918.65,10910.3,10911.9,10:50:00,10902.903859390004,1,20
2018-07-10,10920.55,10922.3,10915.65,10917.9,10:55:00,10904.584444210002,1,21
2018-07-10,10918.85,10920.85,10917.7,10920.45,11:00:00,10905.943068570954,1,22
2018-07-10,10916.8,10918.95,10911.25,10918.95,11:05:00,10906.977062040389,1,23
2018-07-10,10917.85,10918.8,10915.05,10917.05,11:10:00,10908.012579941302,1,24
2018-07-10,10919.35,10920.85,10917.0,10917.75,11:15:00,10909.092334232606,1,25
2018-07-10,10920.2,10922.6,10919.2,10919.75,11:20:00,10910.150207162833,1,26
2018-07-10,10919.45,10922.8,10918.3,10920.05,11:25:00,10911.035901718757,1,27
2018-07-10,10920.55,10921.65,10916.95,10919.35,11:30:00,10911.942006316967,1,28
2018-07-10,10923.2,10923.95,10919.85,10920.25,11:35:00,10913.014196191543,1,29
2018-07-10,10923.9,10925.45,10921.75,10923.4,11:40:00,10914.050939411396,1,30
2018-07-10,10922.15,10924.0,10919.5,10922.95,11:45:00,10914.822278515074,1,31
2018-07-10,10921.3,10924.15,10920.15,10921.15,11:50:00,10915.43920437078,1,32
2018-07-10,10922.4,10923.7,10918.85,10920.55,11:55:00,10916.10213728785,1,33
2018-07-10,10928.75,10929.6,10921.6,10922.55,12:00:00,10917.306695641388,1,34
2018-07-10,10926.7,10929.3,10922.85,10929.3,12:05:00,10918.201296056492,1,35
2018-07-10,10927.6,10929.1,10925.75,10926.1,12:10:00,10919.09641071778,1,36
2018-07-10,10926.2,10929.8,10925.65,10927.35,12:15:00,10919.772943030372,1,37
2018-07-10,10927.5,10927.5,10922.45,10926.35,12:20:00,10920.508853217958,1,38
2018-07-10,10925.6,10928.1,10923.7,10927.15,12:25:00,10920.993724340056,1,39
2018-07-10,10923.2,10928.1,10922.9,10925.35,12:30:00,10921.203845831478,1,40
2018-07-10,10923.65,10926.5,10922.75,10923.55,12:35:00,10921.436812895148,1,41
2018-07-10,10925.5,10926.85,10922.65,10923.75,12:40:00,10921.82378309561,1,42
2018-07-10,10923.35,10925.95,10920.5,10925.3,12:45:00,10921.969137086504,1,43
2018-07-10,10924.65,10925.7,10921.85,10923.5,12:50:00,10922.22445736398,1,44
2018-07-10,10919.1,10925.45,10918.15,10924.75,12:55:00,10921.92688999598,1,45
2018-07-10,10923.2,10924.5,10918.3,10918.95,13:00:00,10922.048138567792,1,46
2018-07-10,10917.7,10924.75,10917.7,10923.75,13:05:00,10921.634030132764,1,47
2018-07-10,10917.55,10923.45,10917.5,10918.55,13:10:00,10921.245074882025,1,48
2018-07-10,10916.05,10919.0,10912.9,10919.0,13:15:00,10920.750305845642,1,49
2018-07-10,10917.4,10919.75,10913.6,10917.3,13:20:00,10920.431229098438,1,50
2018-07-10,10921.5,10923.35,10916.15,10917.2,13:25:00,10920.533016803349,1,51
2018-07-10,10917.9,10923.35,10917.55,10922.35,13:30:00,10920.282253298268,1,52
2018-07-10,10924.9,10926.2,10917.95,10919.05,13:35:00,10920.722038698434,1,53
2018-07-10,10927.5,10930.35,10924.4,10925.9,13:40:00,10921.367558822392,1,54
2018-07-10,10928.4,10931.35,10925.4,10927.8,13:45:00,10922.03731512502,1,55
2018-07-10,10924.55,10929.3,10924.55,10929.1,13:50:00,10922.276618446447,1,56
2018-07-10,10931.35,10934.5,10925.5,10926.0,13:55:00,10923.140750022976,1,57
2018-07-10,10935.6,10938.45,10931.1,10931.2,14:00:00,10924.327345258884,1,58
2018-07-10,10937.9,10941.05,10934.85,10936.6,14:05:00,10925.619979043751,1,59
2018-07-10,10930.0,10938.8,10929.5,10937.8,14:10:00,10926.03712389673,1,60
2018-07-10,10934.1,10935.7,10929.05,10930.65,14:15:00,10926.805016858943,1,61
2018-07-10,10926.45,10934.85,10925.95,10934.45,14:20:00,10926.771205729525,1,62
2018-07-10,10919.25,10928.25,10918.05,10927.3,14:25:00,10926.054900421948,1,63
2018-07-10,10924.05,10924.95,10917.8,10920.25,14:30:00,10925.86395752462,1,64
2018-07-10,10930.0,10932.25,10924.0,10924.25,14:35:00,10926.2578663318,1,65
2018-07-10,10929.75,10933.2,10929.2,10930.45,14:40:00,10926.590450490676,1,66
2018-07-10,10933.0,10934.75,10929.55,10930.1,14:45:00,10927.20088377728,1,67
2018-07-10,10925.35,10933.3,10923.7,10932.75,14:50:00,10927.024609131824,1,68
2018-07-10,10930.45,10930.85,10924.9,10925.2,14:55:00,10927.350836833555,1,69
2018-07-10,10943.2,10944.45,10930.45,10930.65,15:00:00,10928.860280944646,1,70
2018-07-10,10945.55,10948.55,10939.9,10943.0,15:05:00,10930.449777997535,1,71
2018-07-10,10944.95,10949.7,10942.95,10944.9,15:10:00,10931.83075152158,1,72
2018-07-10,10952.95,10955.85,10944.0,10944.7,15:15:00,10933.842108519524,1,73
2018-07-10,10952.95,10956.9,10952.55,10953.2,15:20:00,10935.66190770814,1,74
2018-07-10,10947.1,10955.35,10944.95,10953.45,15:25:00,10936.751249831175,1,75
2018-07-11,10935.05,10948.9,10923.0,10948.25,09:15:00,10936.589226037731,2,1
2018-07-11,10942.85,10942.9,10933.1,10934.75,09:20:00,10937.185490224614,2,2
2018-07-11,10942.3,10948.9,10940.25,10943.0,09:25:00,10937.6725863937,2,3
2018-07-11,10954.2,10957.45,10940.35,10942.0,09:30:00,10939.246625784775,2,4
2018-07-11,10953.95,10956.5,10950.35,10954.5,09:35:00,10940.646947138606,2,5
2018-07-11,10964.55,10965.65,10952.8,10954.15,09:40:00,10942.9234283635,2,6
2018-07-11,10958.9,10964.2,10956.35,10964.15,09:45:00,10944.445006614596,2,7
2018-07-11,10952.5,10960.4,10949.8,10959.25,09:50:00,10945.212148841778,2,8
2018-07-11,10945.65,10953.5,10945.0,10952.45,09:55:00,10945.253848952085,2,9
2018-07-11,10954.25,10954.4,10945.75,10945.75,10:00:00,10946.11062524236,2,10
2018-07-11,10961.35,10963.0,10954.05,10954.55,10:05:00,10947.5619942669,2,11
2018-07-11,10960.7,10961.75,10958.25,10961.75,10:10:00,10948.813232908147,2,12
2018-07-11,10959.75,10961.45,10957.85,10960.35,10:15:00,10949.854829774038,2,13
2018-07-11,10964.25,10964.25,10958.3,10959.65,10:20:00,10951.225798366988,2,14
2018-07-11,10974.55,10976.65,10964.0,10964.0,10:25:00,10953.447150903468,2,15
2018-07-11,10970.9,10975.0,10966.7,10975.0,10:30:00,10955.109327007898,2,16
2018-07-11,10966.15,10974.05,10966.15,10970.55,10:35:00,10956.160819673813,2,17
2018-07-11,10971.3,10972.05,10962.85,10966.25,10:40:00,10957.602646371544,2,18
2018-07-11,10969.85,10971.6,10965.75,10971.5,10:45:00,10958.769061002826,2,19
2018-07-11,10966.95,10970.3,10966.3,10969.8,10:50:00,10959.548198050175,2,20
2018-07-11,10967.7,10969.55,10965.85,10966.2,10:55:00,10960.324560140634,2,21
2018-07-11,10959.6,10968.4,10959.15,10967.55,11:00:00,10960.255554412955,2,22
2018-07-11,10941.1,10960.0,10939.85,10959.5,11:05:00,10958.431215897435,2,23
2018-07-11,10935.5,10946.45,10933.1,10941.55,11:10:00,10956.24729057387,2,24
2018-07-11,10941.25,10942.3,10929.6,10935.75,11:15:00,10954.818977185883,2,25
2018-07-11,10940.55,10949.15,10940.45,10940.95,11:20:00,10953.460026977704,2,26
2018-07-11,10935.2,10940.55,10930.35,10940.35,11:25:00,10951.720976789353,2,27
2018-07-11,10933.65,10938.15,10929.05,10935.45,11:30:00,10949.999931380842,2,28
2018-07-11,10938.7,10943.45,10933.2,10933.8,11:35:00,10948.923747439809,2,29
2018-07-11,10937.15,10940.25,10933.5,10938.55,11:40:00,10947.802438159826,2,30
2018-07-11,10946.9,10949.0,10937.4,10937.4,11:45:00,10947.716491668416,2,31
2018-07-11,10954.1,10954.1,10945.8,10946.65,11:50:00,10948.324444842852,2,32
2018-07-11,10953.3,10955.95,10951.7,10954.25,11:55:00,10948.79830723877,2,33
2018-07-11,10951.75,10956.45,10951.75,10953.45,12:00:00,10949.079420835078,2,34
2018-07-11,10950.05,10953.45,10949.35,10952.25,12:05:00,10949.171856946024,2,35
2018-07-11,10956.5,10956.7,10950.2,10951.05,12:10:00,10949.869775332116,2,36
2018-07-11,10952.85,10957.35,10952.15,10956.7,12:15:00,10950.153606252868,2,37
2018-07-11,10951.75,10954.0,10951.5,10952.9,12:20:00,10950.305643752594,2,38
2018-07-11,10944.0,10952.15,10942.2,10951.95,12:25:00,10949.705106252346,2,39
2018-07-11,10948.8,10951.7,10945.35,10945.5,12:30:00,10949.618905656886,2,40
2018-07-11,10949.6,10953.0,10947.75,10950.65,12:35:00,10949.617105118134,2,41
2018-07-11,10942.5,10952.2,10941.65,10950.2,12:40:00,10948.939285583074,2,42
2018-07-11,10945.95,10949.35,10942.05,10943.3,12:45:00,10948.65459171802,2,43
2018-07-11,10951.6,10951.95,10944.0,10946.5,12:50:00,10948.935106792493,2,44
2018-07-11,10953.7,10955.55,10951.5,10952.45,12:55:00,10949.388906145588,2,45
2018-07-11,10953.2,10955.0,10948.5,10953.15,13:00:00,10949.751867465056,2,46
2018-07-11,10954.95,10957.45,10952.85,10954.0,13:05:00,10950.24692770648,2,47
2018-07-11,10955.45,10960.3,10952.95,10956.7,13:10:00,10950.742458401102,2,48
2018-07-11,10947.5,10957.3,10945.5,10956.55,13:15:00,10950.433652839092,2,49
2018-07-11,10957.8,10958.15,10944.25,10948.55,13:20:00,10951.13520971156,2,50
2018-07-11,10962.25,10962.3,10954.65,10958.25,13:25:00,10952.193761167602,2,51
2018-07-11,10959.95,10965.1,10959.95,10963.3,13:30:00,10952.93245058021,2,52
2018-07-11,10956.95,10960.6,10955.25,10960.6,13:35:00,10953.315074334476,2,53
2018-07-11,10953.6,10961.25,10953.55,10958.35,13:40:00,10953.342210112143,2,54
2018-07-11,10959.0,10959.95,10953.05,10954.65,13:45:00,10953.881047244322,2,55
2018-07-11,10955.8,10960.55,10949.85,10960.4,13:50:00,10954.063804649624,2,56
2018-07-11,10953.7,10959.3,10953.0,10956.75,13:55:00,10954.029156587756,2,57
2018-07-11,10956.25,10956.65,10950.35,10954.85,14:00:00,10954.240665484162,2,58
2018-07-11,10960.7,10960.8,10954.7,10956.2,14:05:00,10954.855840199956,2,59
2018-07-11,10958.35,10964.3,10957.05,10960.55,14:10:00,10955.188617323767,2,60
2018-07-11,10960.7,10964.5,10957.0,10958.45,14:15:00,10955.71351091198,2,61
2018-07-11,10967.4,10968.4,10960.65,10961.35,14:20:00,10956.826509872744,2,62
2018-07-11,10969.3,10971.0,10966.35,10967.85,14:25:00,10958.014461313436,2,63
2018-07-11,10961.7,10971.35,10959.75,10970.0,14:30:00,10958.36546499787,2,64
2018-07-11,10962.75,10964.9,10960.65,10961.8,14:35:00,10958.78303975998,2,65
2018-07-11,10952.0,10963.4,10951.75,10963.2,14:40:00,10958.137035973314,2,66
2018-07-11,10958.7,10959.9,10951.25,10953.2,14:45:00,10958.1906515949,2,67
2018-07-11,10959.75,10965.6,10958.3,10959.4,14:50:00,10958.339160966814,2,68
2018-07-11,10961.8,10963.0,10956.6,10959.95,14:55:00,10958.66876468426,2,69
2018-07-11,10948.3,10962.0,10948.3,10962.0,15:00:00,10957.681263285758,2,70
2018-07-11,10953.6,10954.05,10943.95,10949.6,15:05:00,10957.292571544258,2,71
2018-07-11,10951.0,10954.0,10945.25,10954.0,15:10:00,10956.693279016234,2,72
2018-07-11,10950.7,10952.5,10947.0,10951.65,15:15:00,10956.122490538495,2,73
2018-07-11,10943.4,10951.7,10941.25,10951.55,15:20:00,10954.910824772924,2,74
2018-07-11,10945.85,10945.85,10940.85,10943.3,15:25:00,10954.047889080266,2,75
2018-07-12,11016.7,11017.7,10999.65,11002.9,09:15:00,10960.014756786908,3,1
2018-07-12,11018.5,11021.7,11010.05,11017.0,09:20:00,10965.58477995006,3,2
2018-07-12,11024.4,11028.0,11013.3,11017.8,09:25:00,10971.186229478626,3,3
2018-07-12,11020.2,11029.3,11020.2,11024.15,09:30:00,10975.85420762352,3,4
2018-07-12,11026.4,11027.45,11019.55,11019.9,09:35:00,10980.668092611755,3,5
2018-07-12,11021.3,11025.55,11015.1,11025.55,09:40:00,10984.537798077305,3,6
2018-07-12,11028.2,11028.4,11021.05,11021.7,09:45:00,10988.69610302232,3,7
2018-07-12,11022.55,11030.85,11021.8,11028.25,09:50:00,10991.920283686864,3,8
2018-07-12,11026.1,11028.95,11020.65,11022.25,09:55:00,10995.175494764304,3,9
2018-07-12,11020.05,11030.1,11019.9,11026.0,10:00:00,10997.54449526294,3,10
2018-07-12,11027.9,11027.9,11019.7,11019.7,10:05:00,11000.43549571409,3,11
2018-07-12,11029.35,11032.15,11024.4,11026.95,10:10:00,11003.189258027032,3,12
2018-07-12,11034.35,11035.6,11027.6,11030.1,10:15:00,11006.156947738744,3,13
2018-07-12,11032.9,11037.55,11030.55,11034.6,10:20:00,11008.703905096958,3,14
2018-07-12,11033.15,11033.85,11027.95,11032.95,10:25:00,11011.032104611531,3,15
2018-07-12,11039.6,11039.75,11029.65,11033.1,10:30:00,11013.752856553292,3,16
2018-07-12,11036.2,11041.7,11035.7,11039.8,10:35:00,11015.890679738692,3,17
2018-07-12,11028.3,11037.15,11026.85,11036.6,10:40:00,11017.072519763577,3,18
2018-07-12,11032.05,11035.25,11027.15,11027.15,10:45:00,11018.49894645276,3,19
2018-07-12,11033.1,11033.8,11027.1,11031.5,10:50:00,11019.889522981068,3,20
2018-07-12,11032.95,11034.65,11030.35,11031.6,10:55:00,11021.133377935252,3,21
2018-07-12,11041.55,11042.5,11031.9,11031.95,11:00:00,11023.077818131893,3,22
2018-07-12,11042.6,11043.3,11039.6,11042.15,11:05:00,11024.937073547902,3,23
2018-07-12,11048.75,11049.15,11042.1,11042.55,11:10:00,11027.204971305246,3,24
2018-07-12,11045.45,11049.25,11043.95,11048.95,11:15:00,11028.9425930857,3,25
2018-07-12,11047.35,11050.5,11045.8,11045.8,11:20:00,11030.69567945849,3,26
2018-07-12,11049.7,11051.15,11046.3,11047.4,11:25:00,11032.505614748155,3,27
2018-07-12,11053.1,11056.75,11049.35,11050.15,11:30:00,11034.466984772142,3,28
2018-07-12,11058.7,11060.55,11051.6,11052.4,11:35:00,11036.77489098432,3,29
2018-07-12,11063.8,11067.2,11056.85,11058.9,11:40:00,11039.348710890576,3,30
2018-07-12,11069.7,11076.5,11063.45,11063.9,11:45:00,11042.239309853378,3,31
2018-07-12,11063.75,11070.0,11056.65,11069.6,11:50:00,11044.287947010198,3,32
2018-07-12,11071.3,11071.85,11062.5,11063.45,11:55:00,11046.860523485417,3,33
2018-07-12,11072.25,11078.3,11070.0,11071.2,12:00:00,11049.278568867758,3,34
2018-07-12,11073.4,11076.15,11071.25,11073.4,12:05:00,11051.575848023209,3,35
2018-07-12,11066.45,11075.15,11064.5,11074.45,12:10:00,11052.99243392576,3,36
2018-07-12,11061.05,11067.9,11060.45,11067.0,12:15:00,11053.759821170926,3,37
2018-07-12,11065.95,11067.4,11061.4,11062.05,12:20:00,11054.92079058322,3,38
2018-07-12,11063.65,11069.85,11061.65,11066.85,12:25:00,11055.752143861007,3,39
2018-07-12,11069.15,11070.5,11063.15,11064.75,12:30:00,11057.02813015996,3,40
2018-07-12,11066.25,11071.6,11065.0,11070.3,12:35:00,11057.90640347806,3,41
2018-07-12,11056.45,11068.8,11054.65,11067.8,12:40:00,11057.76769838491,3,42
2018-07-12,11060.5,11060.9,11049.45,11057.35,12:45:00,11058.027917586349,3,43
2018-07-12,11060.65,11064.5,11058.75,11061.55,12:50:00,11058.27763972098,3,44
2018-07-12,11062.7,11063.05,11056.85,11061.35,12:55:00,11058.698816890412,3,45
2018-07-12,11053.3,11063.75,11053.3,11062.85,13:00:00,11058.18464385323,3,46
2018-07-12,11062.75,11063.75,11051.1,11055.75,13:05:00,11058.619439676731,3,47
2018-07-12,11059.75,11065.6,11059.3,11065.3,13:10:00,11058.727112088472,3,48
2018-07-12,11064.0,11064.7,11059.85,11060.6,13:15:00,11059.229291889573,3,49
2018-07-12,11062.65,11067.95,11060.8,11065.25,13:20:00,11059.555073614374,3,50
2018-07-12,11066.3,11066.3,11058.8,11064.3,13:25:00,11060.197447555862,3,51
2018-07-12,11062.05,11067.3,11060.75,11065.85,13:30:00,11060.37388112197,3,52
2018-07-12,11040.85,11063.75,11040.15,11063.75,13:35:00,11058.514463872258,3,53
2018-07-12,11043.15,11049.95,11040.25,11042.3,13:40:00,11057.05118159871,3,54
2018-07-12,11034.05,11045.15,11029.35,11043.2,13:45:00,11054.860592875024,3,55
2018-07-12,11041.85,11042.5,11031.5,11034.75,13:50:00,11053.621488791689,3,56
2018-07-12,11049.35,11049.7,11042.1,11042.45,13:55:00,11053.21468033534,3,57
2018-07-12,11042.95,11049.95,11041.4,11048.4,14:00:00,11052.237091731971,3,58
2018-07-12,11037.5,11045.2,11033.1,11042.0,14:05:00,11050.83355918607,3,59
2018-07-12,11028.2,11037.05,11021.05,11036.1,14:10:00,11048.677982120733,3,60
2018-07-12,11026.4,11028.4,11020.8,11027.65,14:15:00,11046.556269537805,3,61
2018-07-12,11037.05,11039.35,11026.55,11026.65,14:20:00,11045.650910534205,3,62
2018-07-12,11027.2,11038.1,11022.15,11037.25,14:25:00,11043.89368095952,3,63
2018-07-12,11039.1,11039.1,11026.85,11027.1,14:30:00,11043.437139915755,3,64
2018-07-12,11038.75,11042.65,11037.55,11039.35,14:35:00,11042.990745638068,3,65
2018-07-12,11040.35,11045.45,11038.55,11039.3,14:40:00,11042.73924605349,3,66
2018-07-12,11031.9,11041.55,11031.55,11040.6,14:45:00,11041.70693690554,3,67
2018-07-12,11038.3,11039.8,11032.15,11032.95,14:50:00,11041.38246672406,3,68
2018-07-12,11026.1,11038.5,11025.4,11037.8,14:55:00,11039.92699370272,3,69
2018-07-12,11028.7,11029.25,11023.35,11025.7,15:00:00,11038.857756207224,3,70
2018-07-12,11027.25,11033.9,11025.95,11030.3,15:05:00,11037.75225561606,3,71
2018-07-12,11026.95,11030.95,11021.65,11027.75,15:10:00,11036.723469366912,3,72
2018-07-12,11019.65,11027.1,11015.65,11026.3,15:15:00,11035.097424665302,3,73
2018-07-12,11017.25,11020.1,11013.45,11019.45,15:20:00,11033.397669935272,3,74
2018-07-12,11016.75,11017.9,11014.25,11016.95,15:25:00,11031.812177560489,3,75
2018-07-13,11051.4,11060.7,11035.15,11050.5,09:15:00,11033.677684459488,4,1
2018-07-13,11037.6,11057.05,11037.6,11052.85,09:20:00,11034.05123832049,4,2
2018-07-13,11051.8,11053.95,11036.55,11037.2,09:25:00,11035.74159657568,4,3
2018-07-13,11068.6,11068.6,11047.75,11052.0,09:30:00,11038.870968330377,4,4
2018-07-13,11064.7,11071.35,11061.8,11067.25,09:35:00,11041.330876108435,4,5
2018-07-13,11063.45,11064.4,11056.0,11064.4,09:40:00,11043.437459336204,4,6
2018-07-13,11059.8,11063.7,11051.5,11063.5,09:45:00,11044.99579654228,4,7
2018-07-13,11059.65,11068.15,11054.95,11060.05,09:50:00,11046.391434966825,4,8
2018-07-13,11059.25,11061.8,11051.65,11059.8,09:55:00,11047.61606020808,4,9
2018-07-13,11055.5,11061.95,11052.9,11058.95,10:00:00,11048.366911616831,4,10
2018-07-13,11018.85,11054.65,11017.6,11053.85,10:05:00,11045.555777177136,4,11
2018-07-13,11019.05,11029.65,11014.2,11017.0,10:10:00,11043.031417445978,4,12
2018-07-13,11017.95,11023.4,11011.9,11017.85,10:15:00,11040.642711022552,4,13
2018-07-13,11017.75,11017.85,11007.7,11017.2,10:20:00,11038.462452829928,4,14
2018-07-13,11017.2,11025.5,11016.45,11017.65,10:25:00,11036.437457322316,4,15
2018-07-13,11023.45,11025.6,11014.65,11016.7,10:30:00,11035.200556624954,4,16
2018-07-13,11021.5,11023.95,11013.15,11023.35,10:35:00,11033.895741708291,4,17
2018-07-13,11022.7,11026.25,11018.9,11021.55,10:40:00,11032.829480593216,4,18
2018-07-13,11014.35,11022.6,11012.9,11022.6,10:45:00,11031.069530060528,4,19
2018-07-13,11001.3,11015.6,11001.3,11014.5,10:50:00,11028.23433672143,4,20
2018-07-13,11013.55,11013.7,10999.75,11001.2,10:55:00,11026.835828462246,4,21
2018-07-13,11018.2,11018.85,11008.0,11013.35,11:00:00,11026.0133686087,4,22
2018-07-13,11017.9,11019.95,11014.75,11017.45,11:05:00,11025.240666836442,4,23
2018-07-13,11015.05,11018.85,11014.9,11018.25,11:10:00,11024.270127137732,4,24
2018-07-13,11021.65,11022.0,11012.6,11014.8,11:15:00,11024.020591219853,4,25
2018-07-13,11026.8,11027.0,11016.0,11021.5,11:20:00,11024.28529681796,4,26
2018-07-13,11029.95,11033.35,11027.15,11027.15,11:25:00,11024.824792359108,4,27
2018-07-13,11032.95,11035.05,11024.85,11029.5,11:30:00,11025.59862165824,4,28
2018-07-13,11034.9,11038.5,11031.55,11032.65,11:35:00,11026.4844672146,4,29
2018-07-13,11024.65,11035.0,11022.2,11033.7,11:40:00,11026.309756051303,4,30
2018-07-13,11022.3,11025.8,11017.8,11024.75,11:45:00,11025.92787452261,4,31
2018-07-13,11026.8,11031.1,11021.3,11022.1,11:50:00,11026.010934091884,4,32
2018-07-13,11027.1,11027.85,11023.5,11026.6,11:55:00,11026.114654654562,4,33
2018-07-13,11029.4,11029.85,11022.9,11027.5,12:00:00,11026.42754468746,4,34
2018-07-13,11024.85,11032.1,11024.2,11030.1,12:05:00,11026.277302336272,4,35
2018-07-13,11031.05,11033.6,11024.15,11024.55,12:10:00,11026.731844970913,4,36
2018-07-13,11037.45,11039.15,11031.15,11031.25,12:15:00,11027.75262164035,4,37
2018-07-13,11035.05,11037.9,11030.25,11037.9,12:20:00,11028.447610055557,4,38
2018-07-13,11026.5,11035.3,11025.75,11035.25,12:25:00,11028.262123383596,4,39
2018-07-13,11034.75,11036.3,11026.1,11026.65,12:30:00,11028.880016394682,4,40
2018-07-13,11034.7,11040.6,11033.3,11035.1,12:35:00,11029.43430054757,4,41
2018-07-13,11033.85,11039.55,11033.8,11036.25,12:40:00,11029.854843352565,4,42
2018-07-13,11034.05,11040.05,11032.55,11035.15,12:45:00,11030.254382080891,4,43
2018-07-13,11037.1,11038.9,11033.1,11035.95,12:50:00,11030.906345692234,4,44
2018-07-13,11032.0,11038.45,11025.5,11038.45,12:55:00,11031.010503245354,4,45
2018-07-13,11031.05,11034.15,11028.05,11032.2,13:00:00,11031.014264841033,4,46
2018-07-13,11032.65,11039.45,11031.9,11032.75,13:05:00,11031.170049141889,4,47
2018-07-13,11036.6,11040.5,11032.75,11033.7,13:10:00,11031.68718731885,4,48
2018-07-13,11039.0,11043.0,11037.25,11038.45,13:15:00,11032.383645669435,4,49
2018-07-13,11042.3,11045.8,11035.55,11040.25,13:20:00,11033.328060367585,4,50
2018-07-13,11037.9,11042.6,11035.45,11042.6,13:25:00,11033.76348318972,4,51
2018-07-13,11032.55,11041.35,11031.65,11038.15,13:30:00,11033.647913362129,4,52
2018-07-13,11031.25,11033.35,11026.3,11032.2,13:35:00,11033.419540660972,4,53
2018-07-13,11026.85,11033.5,11026.7,11031.55,13:40:00,11032.793870121832,4,54
2018-07-13,11024.25,11028.4,11021.3,11027.2,13:45:00,11031.980168205466,4,55
2018-07-13,11028.8,11029.35,11022.25,11024.3,13:50:00,11031.67729504304,4,56
2018-07-13,11032.5,11032.8,11026.65,11028.65,13:55:00,11031.755647896083,4,57
2018-07-13,11029.65,11033.3,11029.65,11032.6,14:00:00,11031.55511000122,4,58
2018-07-13,11028.05,11029.95,11026.3,11029.95,14:05:00,11031.221290001104,4,59
2018-07-13,11020.6,11028.45,11020.45,11028.2,14:10:00,11030.209738572428,4,60
2018-07-13,11021.5,11022.65,11016.75,11020.9,14:15:00,11029.380239660768,4,61
2018-07-13,11012.8,11022.0,11006.9,11021.35,14:20:00,11027.801169216886,4,62
2018-07-13,11013.05,11019.9,11009.15,11012.9,14:25:00,11026.396295958137,4,63
2018-07-13,11020.6,11021.9,11013.15,11013.2,14:30:00,11025.844267771648,4,64
2018-07-13,11023.45,11024.8,11019.15,11020.75,14:35:00,11025.616242269583,4,65
2018-07-13,11016.45,11023.6,11016.45,11023.35,14:40:00,11024.743266815338,4,66
2018-07-13,11005.45,11016.8,11002.25,11016.5,14:45:00,11022.905812832923,4,67
2018-07-13,11006.45,11009.2,11002.35,11006.6,14:50:00,11021.338592563125,4,68
2018-07-13,11010.9,11011.7,11001.4,11006.0,14:55:00,11020.344440890443,4,69
2018-07-13,11010.35,11010.75,11003.1,11010.6,15:00:00,11019.392589377068,4,70
2018-07-13,11012.35,11014.25,11009.3,11010.5,15:05:00,11018.721866579252,4,71
2018-07-13,11025.8,11026.4,11009.95,11012.75,15:10:00,11019.395974524086,4,72
2018-07-13,11020.95,11030.3,11019.95,11024.95,15:15:00,11019.543976950365,4,73
2018-07-13,11020.4,11021.9,11016.2,11021.1,15:20:00,11019.625502955092,4,74
2018-07-13,11021.6,11024.65,11019.5,11020.5,15:25:00,11019.813550292702,4,75
2018-07-16,11015.4,11018.55,10997.5,11013.05,09:15:00,11019.393212169589,0,1
2018-07-16,10997.85,11015.65,10987.5,11015.35,09:20:00,11017.341477677244,0,2
2018-07-16,10998.5,11006.3,10989.65,10998.2,09:25:00,11015.547051231792,0,3
2018-07-16,10982.2,11000.45,10980.95,10999.0,09:30:00,11012.37114159067,0,4
2018-07-16,10978.6,10985.4,10977.35,10982.15,09:35:00,11009.15484239156,0,5
2018-07-16,10992.65,10992.7,10975.6,10979.0,09:40:00,11007.58295263998,0,6
2018-07-16,10993.9,10995.5,10989.95,10992.8,09:45:00,11006.279814293315,0,7
2018-07-16,10999.6,11009.6,10994.25,10994.5,09:50:00,11005.643641503477,0,8
2018-07-16,11006.8,11009.55,10995.6,11000.25,09:55:00,11005.753770884096,0,9
2018-07-16,10997.2,11006.8,10996.9,11006.55,10:00:00,11004.939126037993,0,10
2018-07-16,11008.4,11008.5,10996.35,10997.8,10:05:00,11005.268733081994,0,11
2018-07-16,11002.45,11008.2,11002.1,11008.2,10:10:00,11005.00028231228,0,12
2018-07-16,10991.25,11003.2,10990.85,11002.5,10:15:00,11003.690731615872,0,13
2018-07-16,10994.4,10997.9,10989.45,10990.8,10:20:00,11002.805900033409,0,14
2018-07-16,10991.55,10998.55,10990.85,10994.45,10:25:00,11001.733909554036,0,15
2018-07-16,11000.6,11001.1,10985.7,10991.8,10:30:00,11001.625918167938,0,16
2018-07-16,10998.25,11002.25,10993.95,11001.3,10:35:00,11001.304402151944,0,17
2018-07-16,10992.7,11001.05,10992.7,10997.55,10:40:00,11000.48493528033,0,18
2018-07-16,10996.1,10997.4,10989.85,10992.45,10:45:00,11000.06732239649,0,19
2018-07-16,10992.5,10998.3,10990.15,10996.05,10:50:00,10999.346625025397,0,20
2018-07-16,10991.75,10995.25,10988.35,10992.1,10:55:00,10998.62313692774,0,21
2018-07-16,10983.9,10992.3,10983.9,10991.6,11:00:00,10997.220933410812,0,22
2018-07-16,10987.5,10988.55,10981.5,10984.1,11:05:00,10996.29513022883,0,23
2018-07-16,10979.5,10987.45,10979.5,10987.35,11:10:00,10994.69559401656,0,24
2018-07-16,10972.35,10979.65,10970.55,10979.65,11:15:00,10992.567442205458,0,25
2018-07-16,10966.65,10974.05,10964.1,10972.65,11:20:00,10990.099114376368,0,26
2018-07-16,10968.2,10971.05,10965.8,10966.35,11:25:00,10988.013484435762,0,27
2018-07-16,10980.05,10982.1,10964.4,10968.25,11:30:00,10987.25505734664,0,28
2018-07-16,10978.35,10980.35,10974.4,10979.7,11:35:00,10986.406956646962,0,29
2018-07-16,10975.0,10981.25,10975.0,10978.2,11:40:00,10985.320579823445,0,30
2018-07-16,10976.15,10976.55,10969.45,10974.95,11:45:00,10984.44719126883,0,31
2018-07-16,10971.75,10976.85,10971.4,10975.95,11:50:00,10983.237934957511,0,32
2018-07-16,10977.15,10978.25,10971.15,10971.5,11:55:00,10982.658131628225,0,33
2018-07-16,10983.3,10984.0,10976.75,10977.25,12:00:00,10982.719261949343,0,34
2018-07-16,10982.3,10985.45,10978.25,10983.7,12:05:00,10982.679332239884,0,35
2018-07-16,10985.65,10987.65,10980.45,10982.2,12:10:00,10982.96225297894,0,36
2018-07-16,10983.15,10986.0,10979.05,10986.0,12:15:00,10982.980133647614,0,37
2018-07-16,10986.5,10986.6,10982.65,10983.5,12:20:00,10983.315359014508,0,38
2018-07-16,10990.0,10990.65,10984.9,10986.25,12:25:00,10983.951991489315,0,39
2018-07-16,10992.7,10994.2,10988.2,10989.85,12:30:00,10984.785135157,0,40
2018-07-16,10987.25,10992.5,10984.85,10992.2,12:35:00,10985.019884189667,0,41
2018-07-16,10986.5,10988.7,10983.55,10987.65,12:40:00,10985.160847600177,0,42
2018-07-16,10989.8,10990.35,10985.25,10986.8,12:45:00,10985.602671638257,0,43
2018-07-16,10992.3,10994.9,10989.45,10990.1,12:50:00,10986.240512434611,0,44
2018-07-16,10992.05,10993.35,10987.5,10992.2,12:55:00,10986.793796964648,0,45
2018-07-16,10988.35,10999.4,10988.0,10992.6,13:00:00,10986.94200677754,0,46
2018-07-16,10987.35,10991.3,10987.2,10988.8,13:05:00,10986.980863274915,0,47
2018-07-16,10986.05,10990.7,10984.25,10987.2,13:10:00,10986.892209629685,0,48
2018-07-16,10987.1,10987.65,10984.1,10986.4,13:15:00,10986.911999188762,0,49
2018-07-16,10988.1,10988.9,10984.6,10987.0,13:20:00,10987.025142123166,0,50
2018-07-16,10988.6,10989.1,10984.55,10988.35,13:25:00,10987.175128587623,0,51
2018-07-16,10983.8,10990.2,10982.9,10988.45,13:30:00,10986.853687769755,0,52
2018-07-16,10980.1,10983.65,10977.4,10983.65,13:35:00,10986.21047941073,0,53
2018-07-16,10976.3,10981.45,10976.05,10980.5,13:40:00,10985.266624228756,0,54
2018-07-16,10974.75,10981.75,10974.1,10977.75,13:45:00,10984.265040968876,0,55
2018-07-16,10975.15,10979.15,10974.0,10974.65,13:50:00,10983.396941828983,0,56
2018-07-16,10970.2,10976.7,10969.6,10975.35,13:55:00,10982.140090226225,0,57
2018-07-16,10971.8,10973.45,10967.5,10970.5,14:00:00,10981.155319728488,0,58
2018-07-16,10970.45,10976.05,10969.2,10972.8,14:05:00,10980.135765468633,0,59
2018-07-16,10964.8,10971.8,10957.25,10970.6,14:10:00,10978.67521637638,0,60
2018-07-16,10964.0,10967.25,10956.25,10963.85,14:15:00,10977.277576721488,0,61
2018-07-16,10962.8,10971.1,10962.75,10963.6,14:20:00,10975.898759890872,0,62
2018-07-16,10964.05,10970.4,10960.4,10963.05,14:25:00,10974.77030656793,0,63
2018-07-16,10955.9,10965.45,10955.2,10963.65,14:30:00,10972.97313451384,0,64
2018-07-16,10946.85,10959.85,10946.1,10956.25,14:35:00,10970.485216941095,0,65
2018-07-16,10955.5,10956.2,10941.8,10947.2,14:40:00,10969.058053422896,0,66
2018-07-16,10942.55,10955.7,10941.7,10955.7,14:45:00,10966.533476906428,0,67
2018-07-16,10939.55,10947.85,10939.2,10942.35,14:50:00,10963.96362196296,0,68
2018-07-16,10935.85,10940.25,10931.85,10939.95,14:55:00,10961.286134156962,0,69
2018-07-16,10933.6,10936.25,10926.25,10935.75,15:00:00,10958.649359475348,0,70
2018-07-16,10939.4,10943.9,10933.5,10933.55,15:05:00,10956.816087144362,0,71
2018-07-16,10941.6,10941.75,10934.4,10939.45,15:10:00,10955.366935987757,0,72
2018-07-16,10939.1,10943.4,10935.85,10942.1,15:15:00,10953.817703988923,0,73
2018-07-16,10939.15,10939.3,10933.85,10939.15,15:20:00,10952.4207797995,0,74
2018-07-16,10939.9,10941.8,10937.2,10938.95,15:25:00,10951.2283245805,0,75
2018-07-17,10946.75,10948.85,10925.6,10936.5,09:15:00,10950.801817477595,1,1
2018-07-17,10965.2,10970.05,10942.25,10947.5,09:20:00,10952.17307295592,1,2
2018-07-17,10964.5,10972.2,10960.35,10965.25,09:25:00,10953.347066007738,1,3
2018-07-17,10984.85,10988.5,10963.7,10964.7,09:30:00,10956.347345435572,1,4
2018-07-17,10977.15,10989.65,10971.5,10984.15,09:35:00,10958.328550632184,1,5
2018-07-17,10969.4,10979.85,10968.5,10976.7,09:40:00,10959.3829743815,1,6
2018-07-17,10978.35,10979.35,10968.05,10969.6,09:45:00,10961.18935777374,1,7
2018-07-17,10971.1,10978.75,10971.0,10978.2,09:50:00,10962.133228461957,1,8
2018-07-17,10970.15,10977.7,10969.85,10971.65,09:55:00,10962.896730513196,1,9
2018-07-17,10967.4,10970.2,10960.5,10970.2,10:00:00,10963.325613321464,1,10
2018-07-17,10960.95,10967.9,10960.25,10967.75,10:05:00,10963.099364433703,1,11
2018-07-17,10964.8,10965.9,10956.1,10960.6,10:10:00,10963.261329725732,1,12
2018-07-17,10964.45,10967.2,10959.15,10965.35,10:15:00,10963.37453641852,1,13
2018-07-17,10955.25,10966.75,10955.05,10964.35,10:20:00,10962.600771045329,1,14
2018-07-17,10946.6,10955.5,10945.5,10955.3,10:25:00,10961.076888088628,1,15
2018-07-17,10942.75,10947.1,10935.75,10947.1,10:30:00,10959.331470175424,1,16
2018-07-17,10953.35,10958.55,10942.35,10942.5,10:35:00,10958.761806349194,1,17
2018-07-17,10950.05,10955.55,10950.0,10953.5,10:40:00,10957.932110506414,1,18
2018-07-17,10952.4,10954.65,10949.35,10949.95,10:45:00,10957.405242839135,1,19
2018-07-17,10954.6,10954.95,10950.45,10952.65,10:50:00,10957.138076854457,1,20
2018-07-17,10951.7,10957.9,10951.7,10954.9,10:55:00,10956.62016477308,1,21
2018-07-17,10956.25,10956.25,10951.5,10952.05,11:00:00,10956.584910985168,1,22
2018-07-17,10956.05,10956.05,10948.55,10956.0,11:05:00,10956.533967081818,1,23
2018-07-17,10959.05,10962.2,10956.2,10956.75,11:10:00,10956.7735892645,1,24
2018-07-17,10968.2,10969.1,10958.7,10958.95,11:15:00,10957.86181885836,1,25
2018-07-17,10957.9,10968.1,10957.05,10968.1,11:20:00,10957.865455157564,1,26
2018-07-17,10961.85,10962.85,10956.0,10957.75,11:25:00,10958.244935618748,1,27
2018-07-17,10959.8,10963.65,10958.35,10961.8,11:30:00,10958.393036988393,1,28
2018-07-17,10962.2,10966.45,10959.2,10959.75,11:35:00,10958.75560489426,1,29
2018-07-17,10965.35,10966.1,10960.2,10962.05,11:40:00,10959.38364252338,1,30
2018-07-17,10964.35,10969.45,10962.5,10965.2,11:45:00,10959.856628949725,1,31
2018-07-17,10966.7,10968.45,10963.5,10964.5,11:50:00,10960.50837857356,1,32
2018-07-17,10967.95,10967.95,10964.5,10966.45,11:55:00,10961.217104423697,1,33
2018-07-17,10963.75,10967.65,10961.5,10967.45,12:00:00,10961.45833257382,1,34
2018-07-17,10968.15,10969.25,10962.95,10964.1,12:05:00,10962.095634233458,1,35
2018-07-17,10966.4,10970.35,10964.2,10968.4,12:10:00,10962.50557383027,1,36
2018-07-17,10960.55,10966.8,10960.3,10965.85,12:15:00,10962.31932870358,1,37
2018-07-17,10966.4,10966.5,10960.0,10960.3,12:20:00,10962.707964065145,1,38
2018-07-17,10968.05,10968.95,10964.7,10966.3,12:25:00,10963.216729392272,1,39
2018-07-17,10969.55,10970.95,10966.5,10967.95,12:30:00,10963.81989802158,1,40
2018-07-17,10967.8,10970.55,10965.9,10968.95,12:35:00,10964.198955352858,1,41
2018-07-17,10963.7,10967.8,10963.05,10967.75,12:40:00,10964.151435795442,1,42
2018-07-17,10962.8,10965.25,10961.45,10963.85,12:45:00,10964.022727624448,1,43
2018-07-17,10968.25,10968.5,10961.85,10962.65,12:50:00,10964.425324993548,1,44
2018-07-17,10967.85,10969.2,10965.85,10968.2,12:55:00,10964.751484517972,1,45
2018-07-17,10967.55,10969.3,10965.75,10967.7,13:00:00,10965.018009801974,1,46
2018-07-17,10964.65,10968.15,10963.55,10967.75,13:05:00,10964.982961249403,1,47
2018-07-17,10971.3,10971.45,10964.15,10964.7,13:10:00,10965.584583987556,1,48
2018-07-17,10974.75,10977.8,10969.1,10971.5,13:15:00,10966.457480750649,1,49
2018-07-17,10973.4,10981.2,10971.7,10974.85,13:20:00,10967.11867306011,1,50
2018-07-17,10976.75,10978.6,10973.6,10973.95,13:25:00,10968.03594229248,1,51
2018-07-17,10979.1,10986.05,10977.25,10977.65,13:30:00,10969.089662074148,1,52
2018-07-17,10981.5,10982.55,10978.1,10979.6,13:35:00,10970.271599019468,1,53
2018-07-17,10974.25,10982.25,10972.2,10981.3,13:40:00,10970.650494350946,1,54
2018-07-17,10980.45,10984.55,10974.0,10974.1,13:45:00,10971.583780603238,1,55
2018-07-17,10987.25,10987.95,10980.0,10980.6,13:50:00,10973.075801498167,1,56
2018-07-17,10982.15,10987.75,10982.15,10987.35,13:55:00,10973.940010879294,1,57
2018-07-17,10993.4,10995.55,10982.85,10983.2,14:00:00,10975.793343176503,1,58
2018-07-17,10999.8,10999.8,10991.85,10993.65,14:05:00,10978.07969144541,1,59
2018-07-17,10992.95,11004.4,10992.95,11001.4,14:10:00,10979.495911307751,1,60
2018-07-17,10992.5,10994.35,10988.3,10993.15,14:15:00,10980.73439594511,1,61
2018-07-17,10995.0,10997.3,10989.2,10992.6,14:20:00,10982.09302490272,1,62
2018-07-17,10991.9,10997.75,10988.85,10995.15,14:25:00,10983.027022531032,1,63
2018-07-17,11005.4,11007.55,10992.1,10992.1,14:30:00,10985.157782289982,1,64
2018-07-17,11016.55,11017.65,11003.15,11004.8,14:35:00,10988.147517309984,1,65
2018-07-17,11007.4,11016.9,11007.3,11016.5,14:40:00,10989.981087089986,1,66
2018-07-17,11009.15,11009.9,11002.25,11007.3,14:45:00,10991.80669784332,1,67
2018-07-17,11006.75,11012.45,11006.4,11009.25,14:50:00,10993.229869477287,1,68
2018-07-17,11000.4,11008.65,11000.25,11006.9,14:55:00,10993.91273905088,1,69
2018-07-17,11006.1,11012.7,11001.5,11001.7,15:00:00,10995.073430569844,1,70
2018-07-17,11004.2,11006.7,10997.55,11006.3,15:05:00,10995.94262765843,1,71
2018-07-17,11004.35,11006.65,11001.4,11004.4,15:10:00,10996.7433297862,1,72
2018-07-17,11010.95,11012.0,11004.45,11005.6,15:15:00,10998.096345997035,1,73
2018-07-17,11013.45,11016.05,11010.45,11011.3,15:20:00,10999.558598759224,1,74
2018-07-17,11017.1,11018.5,11010.3,11013.25,15:25:00,11001.229208401202,1,75
2018-07-18,11064.25,11076.2,11053.5,11053.5,09:15:00,11007.23118855347,2,1
2018-07-18,11061.9,11066.85,11058.8,11063.95,09:20:00,11012.437742024567,2,2
2018-07-18,11045.95,11066.6,11044.1,11061.55,09:25:00,11015.629385641276,2,3
2018-07-18,11051.3,11054.15,11037.95,11046.5,09:30:00,11019.026587008771,2,4
2018-07-18,11040.9,11051.7,11040.9,11051.2,09:35:00,11021.109769198414,2,5
2018-07-18,11039.3,11042.95,11034.85,11041.0,09:40:00,11022.8421721319,2,6
2018-07-18,11045.8,11045.85,11033.8,11039.1,09:45:00,11025.02863192886,2,7
2018-07-18,11048.1,11052.55,11044.55,11046.1,09:50:00,11027.225905078494,2,8
2018-07-18,11056.45,11056.45,11046.9,11048.2,09:55:00,11030.009152213875,2,9
2018-07-18,11059.25,11059.65,11053.0,11055.95,10:00:00,11032.793994860172,2,10
2018-07-18,11054.55,11061.65,11054.4,11059.75,10:05:00,11034.86599534968,2,11
2018-07-18,11055.7,11057.65,11049.8,11054.6,10:10:00,11036.850186268755,2,12
2018-07-18,11052.1,11056.2,11050.55,11055.55,10:15:00,11038.302549481255,2,13
2018-07-18,11050.65,11052.4,11047.4,11051.8,10:20:00,11039.47849714971,2,14
2018-07-18,11055.5,11058.5,11050.9,11050.9,10:25:00,11041.004354564024,2,15
2018-07-18,11049.7,11055.35,11047.55,11055.35,10:30:00,11041.832511272212,2,16
2018-07-18,11056.55,11057.35,11049.85,11049.95,10:35:00,11043.234176865337,2,17
2018-07-18,11054.85,11057.9,11054.65,11056.4,10:40:00,11044.340445735304,2,18
2018-07-18,11054.6,11055.9,11053.35,11054.9,10:45:00,11045.317546141465,2,19
2018-07-18,11052.05,11054.15,11048.25,11054.1,10:50:00,11045.95873222323,2,20
2018-07-18,11046.7,11055.15,11046.15,11052.35,10:55:00,11046.02932915435,2,21
2018-07-18,11043.65,11048.3,11040.8,11046.55,11:00:00,11045.802726377744,2,22
2018-07-18,11042.1,11045.3,11040.35,11043.7,11:05:00,11045.45008577034,2,23
2018-07-18,11050.8,11052.8,11041.85,11041.95,11:10:00,11045.95960141126,2,24
2018-07-18,11054.5,11055.1,11048.5,11051.25,11:15:00,11046.772972705428,2,25
2018-07-18,11056.3,11056.6,11053.6,11054.25,11:20:00,11047.680308638244,2,26
2018-07-18,11058.4,11058.95,11052.05,11056.15,11:25:00,11048.701231625077,2,27
2018-07-18,11049.2,11058.35,11048.95,11058.35,11:30:00,11048.748733375069,2,28
2018-07-18,11049.2,11053.55,11048.65,11049.0,11:35:00,11048.791711148871,2,29
2018-07-18,11049.85,11051.65,11047.3,11049.05,11:40:00,11048.892500563265,2,30
2018-07-18,11049.9,11051.05,11045.3,11050.05,11:45:00,11048.988452890571,2,31
2018-07-18,11044.4,11049.8,11042.15,11049.75,11:50:00,11048.551457377183,2,32
2018-07-18,11051.3,11051.3,11043.55,11045.0,11:55:00,11048.813223341263,2,33
2018-07-18,11044.15,11055.7,11043.8,11051.5,12:00:00,11048.369106832572,2,34
2018-07-18,11043.5,11049.7,11043.5,11044.0,12:05:00,11047.905382372326,2,35
2018-07-18,11038.55,11043.8,11038.0,11043.6,12:10:00,11047.014393574962,2,36
2018-07-18,10999.85,11038.5,10994.85,11038.5,12:15:00,11042.522546567823,2,37
2018-07-18,10983.9,11000.5,10956.3,11000.5,12:20:00,11036.939446894698,2,38
2018-07-18,10988.7,11005.0,10980.9,10984.35,12:25:00,11032.345213857108,2,39
2018-07-18,10991.8,11005.0,10986.05,10988.45,12:30:00,11028.483764918336,2,40
2018-07-18,10976.15,10994.25,10974.2,10991.7,12:35:00,11023.499596830876,2,41
2018-07-18,10984.85,10990.35,10967.65,10974.85,12:40:00,11019.818682846982,2,42
2018-07-18,10988.45,10993.45,10983.6,10985.5,12:45:00,11016.831189242508,2,43
2018-07-18,10999.9,10999.95,10988.25,10988.8,12:50:00,11015.218695028936,2,44
2018-07-18,11003.35,11013.9,10998.1,10999.8,12:55:00,11014.088343121415,2,45
2018-07-18,11007.5,11009.8,10994.7,11002.9,13:00:00,11013.46088187176,2,46
2018-07-18,11015.15,11018.95,11006.95,11007.4,13:05:00,11013.621750264923,2,47
2018-07-18,11003.75,11016.55,11003.75,11015.45,13:10:00,11012.681583573029,2,48
2018-07-18,10997.25,11004.45,10995.85,11004.15,13:15:00,11011.211908947023,2,49
2018-07-18,11000.25,11000.85,10989.45,10996.65,13:20:00,11010.167917618735,2,50
2018-07-18,10997.1,11004.65,10996.85,11000.1,13:25:00,11008.923354036,2,51
2018-07-18,10995.2,10997.25,10986.15,10997.0,13:30:00,11007.616367937331,2,52
2018-07-18,10991.5,10996.1,10989.0,10995.25,13:35:00,11006.081475752824,2,53
2018-07-18,10996.8,11004.0,10988.3,10991.4,13:40:00,11005.197525681127,2,54
2018-07-18,10991.2,11004.65,10987.9,10996.85,13:45:00,11003.86442799721,2,55
2018-07-18,10984.2,10993.7,10982.1,10990.8,13:50:00,11001.99162533081,2,56
2018-07-18,10978.2,10986.55,10976.15,10984.1,13:55:00,10999.725756251684,2,57
2018-07-18,10966.4,10986.65,10965.0,10978.5,14:00:00,10996.551874703904,2,58
2018-07-18,10960.9,10971.25,10960.3,10966.25,14:05:00,10993.156458065438,2,59
2018-07-18,10970.7,10978.3,10959.6,10961.95,14:10:00,10991.017747773492,2,60
2018-07-18,10972.55,10975.0,10960.95,10970.9,14:15:00,10989.258914652208,2,61
2018-07-18,10973.85,10981.2,10971.05,10972.8,14:20:00,10987.791398971043,2,62
2018-07-18,10974.15,10975.5,10968.55,10973.8,14:25:00,10986.49221811666,2,63
2018-07-18,10977.15,10983.8,10974.75,10974.8,14:30:00,10985.60248305793,2,64
2018-07-18,10981.25,10986.95,10977.0,10977.5,14:35:00,10985.187960861937,2,65
2018-07-18,10989.8,10989.85,10981.55,10981.55,14:40:00,10985.627202684607,2,66
2018-07-18,10985.2,10995.55,10985.15,10989.95,14:45:00,10985.586516714648,2,67
2018-07-18,10985.55,10989.7,10982.1,10984.85,14:50:00,10985.5830389323,2,68
2018-07-18,10980.6,10987.15,10980.35,10985.4,14:55:00,10985.10846379589,2,69
2018-07-18,10971.2,10981.45,10968.4,10980.95,15:00:00,10983.78384819628,2,70
2018-07-18,10980.15,10982.75,10971.0,10971.0,15:05:00,10983.437767415682,2,71
2018-07-18,10981.3,10987.55,10980.35,10980.65,15:10:00,10983.234170518952,2,72
2018-07-18,10986.2,10986.2,10976.35,10980.9,15:15:00,10983.516630469529,2,73
2018-07-18,10988.55,10989.6,10983.7,10986.7,15:20:00,10983.99599899624,2,74
2018-07-18,10981.95,10988.95,10980.9,10988.65,15:25:00,10983.801141948978,2,75
2018-07-19,10986.35,11006.5,10981.4,10994.1,09:15:00,10984.04389033479,3,1
2018-07-19,10990.6,10992.6,10980.3,10986.85,09:20:00,10984.668281731476,3,2
2018-07-19,10975.1,10990.9,10970.9,10990.4,09:25:00,10983.75701680467,3,3
2018-07-19,10963.5,10975.1,10957.25,10975.0,09:30:00,10981.827777108989,3,4
2018-07-19,10960.25,10971.7,10954.45,10963.0,09:35:00,10979.772750717657,3,5
2018-07-19,10947.8,10964.7,10947.5,10962.35,09:40:00,10976.727726839785,3,6
2018-07-19,10947.8,10948.55,10936.95,10947.15,09:45:00,10973.972705235994,3,7
2018-07-19,10959.2,10959.6,10946.5,10947.4,09:50:00,10972.565780927804,3,8
2018-07-19,10961.1,10963.85,10954.1,10958.55,09:55:00,10971.473801791824,3,9
2018-07-19,10959.85,10965.45,10955.75,10961.35,10:00:00,10970.366773049744,3,10
2018-07-19,10958.1,10960.65,10954.55,10959.55,10:05:00,10969.198508949768,3,11
2018-07-19,10969.5,10977.65,10958.1,10958.2,10:10:00,10969.227222383124,3,12
2018-07-19,10978.2,10980.05,10969.05,10969.1,10:15:00,10970.08177263235,3,13
2018-07-19,10969.8,10980.2,10963.7,10979.25,10:20:00,10970.054937143554,3,14
2018-07-19,10972.0,10972.1,10962.05,10969.7,10:25:00,10970.24018122512,3,15
2018-07-19,10970.85,10977.9,10969.8,10971.5,10:30:00,10970.29825920368,3,16
2018-07-19,10967.4,10972.0,10964.95,10970.6,10:35:00,10970.022234517615,3,17
2018-07-19,10973.75,10975.5,10966.8,10967.0,10:40:00,10970.377259801651,3,18
2018-07-19,10974.75,10976.2,10971.35,10973.8,10:45:00,10970.793711249114,3,19
2018-07-19,10979.7,10980.55,10973.5,10974.55,10:50:00,10971.641929225389,3,20
2018-07-19,10988.8,10988.8,10978.6,10979.65,10:55:00,10973.276031203925,3,21
2018-07-19,10996.5,10999.6,10987.35,10989.1,11:00:00,10975.487837755927,3,22
2018-07-19,10990.05,10998.75,10986.05,10997.0,11:05:00,10976.8747103506,3,23
2018-07-19,10994.85,10995.95,10987.7,10990.2,11:10:00,10978.586642698165,3,24
2018-07-19,10988.7,10995.55,10988.0,10994.95,11:15:00,10979.549819584052,3,25
2018-07-19,10987.15,10988.95,10984.05,10988.75,11:20:00,10980.273646290332,3,26
2018-07-19,10988.35,10990.85,10986.0,10987.3,11:25:00,10981.04282283411,3,27
2018-07-19,10988.55,10991.55,10987.45,10988.1,11:30:00,10981.757792088005,3,28
2018-07-19,10979.1,10988.5,10978.3,10988.3,11:35:00,10981.504669032003,3,29
2018-07-19,10980.9,10982.6,10976.05,10978.8,11:40:00,10981.447081505145,3,30
2018-07-19,10986.0,10987.65,10978.0,10980.55,11:45:00,10981.880692790368,3,31
2018-07-19,10983.25,10987.55,10981.0,10985.75,11:50:00,10982.011103000808,3,32
2018-07-19,10974.9,10983.5,10973.25,10983.1,11:55:00,10981.33385509597,3,33
2018-07-19,10974.8,10977.4,10970.05,10975.3,12:00:00,10980.711583182068,3,34
2018-07-19,10974.8,10977.25,10972.75,10974.7,12:05:00,10980.148575259967,3,35
2018-07-19,10978.65,10979.6,10974.1,10974.55,12:10:00,10980.00585380664,3,36
2018-07-19,10977.05,10981.65,10975.4,10978.35,12:15:00,10979.724343920292,3,37
2018-07-19,10967.15,10977.35,10965.65,10977.0,12:20:00,10978.526787356455,3,38
2018-07-19,10976.7,10977.05,10967.8,10967.8,12:25:00,10978.352807608222,3,39
2018-07-19,10973.25,10977.25,10972.75,10976.6,12:30:00,10977.866825931247,3,40
2018-07-19,10981.0,10981.0,10968.3,10973.3,12:35:00,10978.165223461603,3,41
2018-07-19,10976.9,10982.15,10973.55,10981.25,12:40:00,10978.04472598907,3,42
2018-07-19,10987.55,10991.15,10976.25,10978.1,12:45:00,10978.949990180588,3,43
2018-07-19,10981.9,10990.1,10981.15,10987.3,12:50:00,10979.23094349672,3,44
2018-07-19,10977.45,10981.8,10973.15,10981.8,12:55:00,10979.061329830369,3,45
2018-07-19,10970.9,10978.75,10970.55,10977.7,13:00:00,10978.284060322714,3,46
2018-07-19,10971.05,10977.05,10967.0,10971.15,13:05:00,10977.59510219674,3,47
2018-07-19,10963.4,10975.0,10960.85,10971.1,13:10:00,10976.243187701812,3,48
2018-07-19,10963.4,10963.85,10951.15,10963.8,13:15:00,10975.020026968308,3,49
2018-07-19,10967.95,10968.6,10960.75,10963.45,13:20:00,10974.346691066565,3,50
2018-07-19,10956.3,10969.75,10950.9,10967.8,13:25:00,10972.627958584031,3,51
2018-07-19,10950.25,10956.3,10948.65,10955.65,13:30:00,10970.496724433173,3,52
2018-07-19,10946.3,10949.65,10939.1,10949.65,13:35:00,10968.192274487155,3,53
2018-07-19,10952.2,10952.6,10942.75,10946.05,13:40:00,10966.669200726476,3,54
2018-07-19,10945.65,10953.5,10945.15,10952.25,13:45:00,10964.66737208586,3,55
2018-07-19,10948.35,10951.85,10941.55,10945.55,13:50:00,10963.113336649112,3,56
2018-07-19,10958.35,10958.35,10946.05,10948.55,13:55:00,10962.659685539673,3,57
2018-07-19,10951.5,10957.75,10948.65,10957.75,14:00:00,10961.596858345418,3,58
2018-07-19,10953.8,10953.85,10946.8,10951.65,14:05:00,10960.85430040776,3,59
2018-07-19,10958.3,10961.1,10953.75,10953.75,14:10:00,10960.611033702258,3,60
2018-07-19,10962.9,10963.95,10952.65,10958.4,14:15:00,10960.82903049252,3,61
2018-07-19,10968.45,10975.5,10963.0,10963.0,14:20:00,10961.55483711228,3,62
2018-07-19,10961.8,10970.25,10960.05,10968.55,14:25:00,10961.57818595873,3,63
2018-07-19,10954.95,10967.25,10954.85,10961.7,14:30:00,10960.946930153135,3,64
2018-07-19,10946.9,10956.9,10945.95,10954.6,14:35:00,10959.609127281408,3,65
2018-07-19,10942.55,10949.55,10937.95,10946.75,14:40:00,10957.984448492702,3,66
2018-07-19,10948.85,10956.0,10942.6,10942.6,14:45:00,10957.114501017206,3,67
2018-07-19,10952.75,10952.85,10945.75,10948.75,14:50:00,10956.698834253662,3,68
2018-07-19,10939.3,10952.6,10939.2,10952.25,14:55:00,10955.04180241998,3,69
2018-07-19,10949.35,10949.85,10935.45,10939.15,15:00:00,10954.49972599903,3,70
2018-07-19,10946.2,10949.75,10942.75,10949.15,15:05:00,10953.709275903884,3,71
2018-07-19,10954.85,10955.05,10946.1,10946.1,15:10:00,10953.817916293989,3,72
2018-07-19,10959.4,10961.5,10954.3,10954.4,15:15:00,10954.349543313609,3,73
2018-07-19,10964.55,10966.3,10954.85,10959.05,15:20:00,10955.32101537898,3,74
2018-07-19,10970.95,10971.65,10964.8,10964.95,15:25:00,10956.80949010479,3,75
2018-07-20,10963.1,10964.35,10946.2,10960.4,09:15:00,10957.408586285286,4,1
2018-07-20,10971.15,10975.7,10957.05,10963.35,09:20:00,10958.717292353354,4,2
2018-07-20,10964.8,10974.9,10962.3,10971.1,09:25:00,10959.296597843511,4,3
2018-07-20,10965.6,10968.3,10951.5,10965.1,09:30:00,10959.896921858415,4,4
2018-07-20,10973.5,10975.75,10963.85,10965.75,09:35:00,10961.192453109996,4,5
2018-07-20,10984.6,10985.6,10971.95,10973.45,09:40:00,10963.421743289997,4,6
2018-07-20,10988.65,10994.3,10984.45,10984.55,09:45:00,10965.824434405233,4,7
2018-07-20,10992.95,10994.95,10985.85,10989.45,09:50:00,10968.407821604736,4,8
2018-07-20,10994.05,10996.4,10991.75,10993.15,09:55:00,10970.849933832857,4,9
2018-07-20,10990.45,11000.6,10990.45,10993.45,10:00:00,10972.716606801156,4,10
2018-07-20,10999.8,10999.9,10989.8,10990.8,10:05:00,10975.295977581998,4,11
2018-07-20,11007.15,11017.4,11000.25,11000.45,10:10:00,10978.32969400276,4,12
2018-07-20,11004.3,11010.95,11001.85,11007.25,10:15:00,10980.803056478686,4,13
2018-07-20,10998.0,11007.55,10997.4,11004.0,10:20:00,10982.440860623572,4,14
2018-07-20,10997.45,11005.65,10997.2,10998.1,10:25:00,10983.870302468946,4,15
2018-07-20,10996.4,11003.9,10995.75,10997.65,10:30:00,10985.063606995713,4,16
2018-07-20,11011.05,11011.75,10995.25,10996.1,10:35:00,10987.53850156755,4,17
2018-07-20,11006.65,11010.8,11004.65,11010.75,10:40:00,10989.358644275402,4,18
2018-07-20,11010.4,11013.15,11007.05,11007.05,10:45:00,10991.36258291584,4,19
2018-07-20,11007.95,11013.25,11006.7,11011.2,10:50:00,10992.942336923856,4,20
2018-07-20,11006.8,11007.9,11000.2,11007.9,10:55:00,10994.26211435968,4,21
2018-07-20,11000.3,11007.85,10995.65,11006.95,11:00:00,10994.837151087328,4,22
2018-07-20,11000.3,11002.0,10997.65,11000.15,11:05:00,10995.357422412344,4,23
2018-07-20,11001.1,11006.7,10998.6,11000.05,11:10:00,10995.90433456355,4,24
2018-07-20,11000.2,11003.6,10994.0,11001.5,11:15:00,10996.313445557496,4,25
2018-07-20,11004.9,11005.8,10999.05,11000.75,11:20:00,10997.13121264726,4,26
2018-07-20,11005.3,11008.4,11004.5,11004.85,11:25:00,10997.909192395138,4,27
2018-07-20,11010.9,11013.05,11004.7,11005.6,11:30:00,10999.146412167029,4,28
2018-07-20,11008.0,11012.35,11007.9,11010.85,11:35:00,10999.989611008265,4,29
2018-07-20,11007.65,11009.6,11005.65,11007.8,11:40:00,11000.71917186462,4,30
2018-07-20,11006.15,11009.0,11001.6,11007.55,11:45:00,11001.2363935918,4,31
2018-07-20,11012.0,11012.7,11006.4,11006.95,11:50:00,11002.26149896401,4,32
2018-07-20,11009.1,11014.45,11006.9,11012.5,11:55:00,11002.91278477696,4,33
2018-07-20,11013.4,11013.45,11008.9,11009.35,12:00:00,11003.911567179155,4,34
2018-07-20,11014.95,11017.95,11013.3,11013.65,12:05:00,11004.962846495426,4,35
2018-07-20,11014.45,11016.6,11011.95,11014.75,12:10:00,11005.866384924431,4,36
2018-07-20,11019.3,11020.8,11013.6,11014.35,12:15:00,11007.145776836393,4,37
2018-07-20,11017.25,11024.6,11016.85,11019.25,12:20:00,11008.108083804354,4,38
2018-07-20,11012.8,11018.1,11009.9,11017.5,12:25:00,11008.554932965844,4,39
2018-07-20,11006.0,11013.45,11003.85,11013.45,12:30:00,11008.311606016716,4,40
2018-07-20,11009.15,11011.45,11005.3,11005.8,12:35:00,11008.391453062744,4,41
2018-07-20,11011.9,11014.4,11007.8,11009.35,12:40:00,11008.7256003901,4,42
2018-07-20,11007.8,11012.5,11007.25,11012.1,12:45:00,11008.637447971996,4,43
2018-07-20,11008.6,11010.55,11004.65,11007.7,12:50:00,11008.633881498474,4,44
2018-07-20,11007.4,11011.7,11007.25,11008.55,12:55:00,11008.516368974808,4,45
2018-07-20,10999.65,11007.95,10998.05,11007.75,13:00:00,11007.67195288197,4,46
2018-07-20,11007.9,11008.8,10999.85,10999.85,13:05:00,11007.693671655115,4,47
2018-07-20,11004.45,11010.0,11003.3,11008.1,13:10:00,11007.384750545105,4,48
2018-07-20,10997.6,11006.75,10997.6,11004.3,13:15:00,11006.452869540808,4,49
2018-07-20,10986.9,10997.95,10980.1,10997.85,13:20:00,11004.590691489302,4,50
2018-07-20,10994.7,10995.75,10985.85,10986.8,13:25:00,11003.648720871272,4,51
2018-07-20,10992.15,10995.95,10990.4,10994.95,13:30:00,11002.55360459782,4,52
2018-07-20,10997.5,10999.85,10990.05,10992.5,13:35:00,11002.072308921835,4,53
2018-07-20,10993.2,10999.75,10992.4,10997.85,13:40:00,11001.227327119756,4,54
2018-07-20,11000.85,11001.9,10990.9,10993.0,13:45:00,11001.191391203589,4,55
2018-07-20,11000.25,11001.5,10995.1,11001.0,13:50:00,11001.101734898484,4,56
2018-07-20,10991.9,11000.95,10991.9,10999.8,13:55:00,11000.225379193867,4,57
2018-07-20,10995.85,10996.6,10988.55,10992.5,14:00:00,10999.8086764135,4,58
2018-07-20,10993.3,10998.6,10993.2,10995.4,14:05:00,10999.188802469356,4,59
2018-07-20,10993.85,10995.35,10988.6,10993.7,14:10:00,10998.68034509132,4,60
2018-07-20,11007.25,11008.4,10993.35,10994.05,14:15:00,10999.496502701671,4,61
2018-07-20,11006.15,11013.25,11004.9,11007.1,14:20:00,11000.130169111038,4,62
2018-07-20,11014.65,11015.8,11003.0,11006.25,14:25:00,11001.513010148085,4,63
2018-07-20,11015.25,11018.55,11012.45,11015.05,14:30:00,11002.821294895884,4,64
2018-07-20,11020.2,11021.15,11009.75,11015.6,14:35:00,11004.476409667705,4,65
2018-07-20,11020.35,11030.25,11018.95,11020.1,14:40:00,11005.98818017554,4,66
2018-07-20,11021.15,11021.75,11015.3,11020.5,14:45:00,11007.432163015965,4,67
2018-07-20,11015.25,11021.1,11010.7,11021.05,14:50:00,11008.176718919209,4,68
2018-07-20,11016.25,11019.45,11012.8,11015.1,14:55:00,11008.945602831664,4,69
2018-07-20,11018.45,11020.9,11013.15,11016.55,15:00:00,11009.850783514365,4,70
2018-07-20,11006.4,11021.0,11004.95,11018.65,15:05:00,11009.522137465376,4,71
2018-07-20,11010.15,11012.7,11003.75,11006.15,15:10:00,11009.581933897243,4,72
2018-07-20,11007.3,11014.05,11007.25,11010.7,15:15:00,11009.364606859412,4,73
2018-07-20,11008.45,11013.35,11007.4,11007.75,15:20:00,11009.27750144423,4,74
2018-07-20,11011.5,11013.25,11007.9,11008.25,15:25:00,11009.489167973352,4,75
2018-07-23,11037.9,11044.85,11010.95,11010.95,09:15:00,11012.1949614997,0,1
2018-07-23,11051.8,11052.3,11036.2,11038.75,09:20:00,11015.9668699283,0,2
2018-07-23,11049.45,11055.45,11042.55,11052.35,09:25:00,11019.155739458938,0,3
2018-07-23,11044.75,11053.25,11044.15,11048.5,09:30:00,11021.593288081896,0,4
2018-07-23,11042.95,11045.4,11036.4,11044.7,09:35:00,11023.627260645526,0,5
2018-07-23,11046.1,11048.7,11042.05,11042.45,09:40:00,11025.767521536429,0,6
2018-07-23,11049.35,11051.35,11042.7,11046.35,09:45:00,11028.013471866292,0,7
2018-07-23,11050.05,11051.9,11044.45,11049.85,09:50:00,11030.112188831406,0,8
2018-07-23,11047.5,11051.9,11043.4,11049.6,09:55:00,11031.768170847465,0,9
2018-07-23,11047.2,11047.3,11039.8,11047.3,10:00:00,11033.23786886199,0,10
2018-07-23,11045.05,11051.3,11045.05,11046.8,10:05:00,11034.362833732275,0,11
2018-07-23,11030.8,11047.6,11029.2,11045.25,10:10:00,11034.023516233963,0,12
2018-07-23,11037.8,11039.0,11026.9,11031.15,10:15:00,11034.38318135454,0,13
2018-07-23,11029.95,11039.15,11023.7,11038.55,10:20:00,11033.960973606489,0,14
2018-07-23,11030.7,11033.25,11023.05,11030.05,10:25:00,11033.650404691583,0,15
2018-07-23,11032.9,11034.8,11028.9,11030.5,10:30:00,11033.5789375781,0,16
2018-07-23,11030.45,11035.3,11029.4,11033.2,10:35:00,11033.280943523045,0,17
2018-07-23,11035.8,11035.9,11025.65,11030.4,10:40:00,11033.520853663706,0,18
2018-07-23,11037.45,11041.25,11034.95,11036.05,10:45:00,11033.895058076689,0,19
2018-07-23,11038.6,11041.3,11036.05,11037.1,10:50:00,11034.34314778367,0,20
2018-07-23,11036.9,11042.25,11036.9,11038.95,10:55:00,11034.586657518556,0,21
2018-07-23,11037.35,11037.65,11033.7,11037.25,11:00:00,11034.84983299298,0,22
2018-07-23,11031.85,11037.8,11031.3,11037.45,11:05:00,11034.564134612694,0,23
2018-07-23,11035.35,11035.7,11026.8,11031.8,11:10:00,11034.638978935294,0,24
2018-07-23,11036.5,11041.15,11033.65,11035.3,11:15:00,11034.816219036697,0,25
2018-07-23,11034.5,11037.6,11032.5,11036.6,11:20:00,11034.786102937962,0,26
2018-07-23,11035.35,11035.85,11032.8,11034.4,11:25:00,11034.83980742006,0,27
2018-07-23,11036.85,11038.2,11033.55,11035.25,11:30:00,11035.031254332436,0,28
2018-07-23,11037.05,11039.55,11035.25,11036.6,11:35:00,11035.223515824586,0,29
2018-07-23,11042.55,11045.45,11037.2,11037.25,11:40:00,11035.921276222243,0,30
2018-07-23,11045.2,11045.45,11039.35,11042.45,11:45:00,11036.804964201076,0,31
2018-07-23,11042.7,11046.55,11041.8,11045.55,11:50:00,11037.366396181926,0,32
2018-07-23,11046.35,11048.1,11042.6,11042.95,11:55:00,11038.221977497931,0,33
2018-07-23,11043.15,11047.45,11041.25,11046.3,12:00:00,11038.69131297432,0,34
2018-07-23,11044.05,11044.5,11039.4,11043.1,12:05:00,11039.201664119624,0,35
2018-07-23,11046.9,11048.55,11043.2,11043.55,12:10:00,11039.934838965375,0,36
2018-07-23,11042.55,11047.65,11042.1,11046.85,12:15:00,11040.183901921053,0,37
2018-07-23,11041.55,11043.45,11037.15,11042.95,12:20:00,11040.3140065,0,38
2018-07-23,11035.25,11042.6,11035.2,11042.05,12:25:00,11039.831720166669,0,39
2018-07-23,11037.2,11039.15,11034.4,11035.35,12:30:00,11039.581080150794,0,40
2018-07-23,11031.9,11037.35,11030.75,11037.35,12:35:00,11038.849548707862,0,41
2018-07-23,11034.9,11038.75,11031.1,11031.95,12:40:00,11038.473401211875,0,42
2018-07-23,11026.75,11034.95,11023.7,11034.95,12:45:00,11037.356886810743,0,43
2018-07-23,11031.4,11033.15,11024.75,11027.25,12:50:00,11036.789564257338,0,44
2018-07-23,11035.35,11035.7,11029.85,11031.35,12:55:00,11036.652462899498,0,45
2018-07-23,11035.25,11036.95,11033.1,11035.65,13:00:00,11036.518895004308,0,46
2018-07-23,11035.95,11036.2,11028.9,11035.4,13:05:00,11036.464714527709,0,47
2018-07-23,11035.2,11036.8,11032.8,11035.7,13:10:00,11036.34426552507,0,48
2018-07-23,11040.55,11041.15,11035.4,11035.4,13:15:00,11036.74481166554,0,49
2018-07-23,11040.95,11043.45,11037.95,11040.7,13:20:00,11037.14530579263,0,50
2018-07-23,11039.6,11041.6,11036.85,11041.15,13:25:00,11037.379086193332,0,51
2018-07-23,11037.8,11041.6,11035.6,11039.8,13:30:00,11037.41917322254,0,52
2018-07-23,11037.65,11040.2,11035.25,11038.1,13:35:00,11037.441156725155,0,53
2018-07-23,11048.4,11048.4,11035.85,11037.75,13:40:00,11038.484856084664,0,54
2018-07-23,11052.95,11059.95,11048.1,11048.85,13:45:00,11039.862488838506,0,55
2018-07-23,11050.35,11055.3,11043.9,11053.0,13:50:00,11040.861299425314,0,56
2018-07-23,11050.25,11054.95,11048.9,11051.1,13:55:00,11041.755461384808,0,57
2018-07-23,11052.95,11052.95,11045.85,11049.65,14:00:00,11042.821607919588,0,58
2018-07-23,11055.7,11056.3,11051.95,11052.25,14:05:00,11044.048121451056,0,59
2018-07-23,11056.35,11062.5,11055.25,11055.25,14:10:00,11045.219728931908,0,60
2018-07-23,11065.05,11065.05,11056.25,11056.75,14:15:00,11047.108326176489,0,61
2018-07-23,11067.4,11070.65,11063.35,11064.3,14:20:00,11049.04086654063,0,62
2018-07-23,11065.9,11071.25,11063.8,11067.5,14:25:00,11050.646498298664,0,63
2018-07-23,11070.15,11070.6,11063.2,11066.1,14:30:00,11052.503974651172,0,64
2018-07-23,11069.9,11075.5,11067.7,11071.35,14:35:00,11054.160738970108,0,65
2018-07-23,11068.45,11072.7,11068.05,11069.65,14:40:00,11055.521620972955,0,66
2018-07-23,11069.6,11073.1,11066.2,11069.05,14:45:00,11056.86241897553,0,67
2018-07-23,11074.25,11078.0,11069.55,11069.55,14:50:00,11058.5183790731,0,68
2018-07-23,11076.75,11079.7,11074.05,11074.5,14:55:00,11060.25472392328,0,69
2018-07-23,11080.65,11086.6,11076.0,11076.0,15:00:00,11062.19713116868,0,70
2018-07-23,11085.65,11089.1,11079.95,11080.55,15:05:00,11064.430737724044,0,71
2018-07-23,11086.35,11089.65,11085.1,11085.95,15:10:00,11066.518286512231,0,72
2018-07-23,11085.95,11093.4,11085.75,11086.8,15:15:00,11068.36892589202,0,73
2018-07-23,11083.55,11087.7,11080.85,11086.25,15:20:00,11069.814742473733,0,74
2018-07-23,11075.8,11084.9,11074.5,11083.75,15:25:00,11070.384767000043,0,75
2018-07-24,11115.8,11119.75,11103.5,11103.5,09:15:00,11074.710027285755,1,1
2018-07-24,11117.0,11122.4,11110.4,11116.65,09:20:00,11078.73764373473,1,2
2018-07-24,11124.2,11124.2,11113.4,11117.7,09:25:00,11083.067391950472,1,3
2018-07-24,11122.05,11129.25,11121.75,11124.45,09:30:00,11086.78002128852,1,4
2018-07-24,11128.6,11132.35,11119.9,11121.2,09:35:00,11090.7628764039,1,5
2018-07-24,11128.7,11136.05,11126.45,11128.5,09:40:00,11094.375935794003,1,6
2018-07-24,11134.35,11134.35,11124.45,11128.8,09:45:00,11098.18298952791,1,7
2018-07-24,11133.35,11138.9,11131.6,11134.0,09:50:00,11101.53222862049,1,8
2018-07-24,11138.25,11141.0,11128.65,11133.4,09:55:00,11105.029159228065,1,9
2018-07-24,11130.55,11141.45,11128.2,11137.85,10:00:00,11107.459715492056,1,10
2018-07-24,11132.25,11134.2,11126.4,11130.15,10:05:00,11109.820694969005,1,11
2018-07-24,11130.95,11132.55,11126.35,11132.55,10:10:00,11111.83300973386,1,12
2018-07-24,11133.4,11135.75,11130.5,11130.5,10:15:00,11113.887008806823,1,13
2018-07-24,11135.1,11138.1,11132.1,11133.55,10:20:00,11115.907293682369,1,14
2018-07-24,11132.2,11138.55,11131.95,11134.75,10:25:00,11117.458979998331,1,15
2018-07-24,11139.65,11143.4,11131.35,11132.35,10:30:00,11119.572410474682,1,16
2018-07-24,11139.8,11141.4,11136.5,11139.85,10:35:00,11121.498847572331,1,17
2018-07-24,11138.85,11140.3,11135.65,11140.3,10:40:00,11123.15133827973,1,18
2018-07-24,11136.65,11140.7,11134.55,11138.6,10:45:00,11124.43692511023,1,19
2018-07-24,11131.7,11136.8,11127.6,11136.6,10:50:00,11125.128646528305,1,20
2018-07-24,11132.2,11133.0,11128.65,11131.75,10:55:00,11125.802108763704,1,21
2018-07-24,11130.25,11133.0,11127.4,11132.7,11:00:00,11126.225717452871,1,22
2018-07-24,11130.8,11133.6,11129.7,11129.85,11:05:00,11126.66136340974,1,23
2018-07-24,11133.5,11136.3,11131.05,11131.25,11:10:00,11127.312662132625,1,24
2018-07-24,11131.55,11134.95,11130.95,11133.65,11:15:00,11127.716218119993,1,25
2018-07-24,11131.8,11133.05,11128.15,11131.3,11:20:00,11128.105149727611,1,26
2018-07-24,11130.6,11132.75,11128.1,11131.7,11:25:00,11128.34275451546,1,27
2018-07-24,11133.45,11135.65,11129.65,11131.0,11:30:00,11128.82915884732,1,28
2018-07-24,11132.3,11135.15,11131.55,11133.6,11:35:00,11129.159715147576,1,29
2018-07-24,11134.75,11137.8,11131.95,11132.45,11:40:00,11129.69212322876,1,30
2018-07-24,11137.6,11139.1,11134.05,11134.85,11:45:00,11130.445254349832,1,31
2018-07-24,11137.05,11138.3,11133.2,11137.8,11:50:00,11131.074277745083,1,32
2018-07-24,11141.4,11142.4,11136.2,11136.95,11:55:00,11132.057679864602,1,33
2018-07-24,11141.65,11142.7,11135.8,11141.45,12:00:00,11132.971234163211,1,34
2018-07-24,11140.45,11142.45,11139.3,11141.7,12:05:00,11133.68349757624,1,35
2018-07-24,11138.35,11141.55,11135.85,11141.1,12:10:00,11134.127926378502,1,36
2018-07-24,11129.15,11139.0,11121.35,11138.2,12:15:00,11133.653838151977,1,37
2018-07-24,11117.6,11129.65,11112.3,11129.35,12:20:00,11132.12490118512,1,38
2018-07-24,11124.55,11124.6,11115.45,11117.65,12:25:00,11131.403482024634,1,39
2018-07-24,11116.9,11126.1,11115.25,11124.9,12:30:00,11130.022198022289,1,40
2018-07-24,11095.2,11118.1,11095.2,11117.3,12:35:00,11126.705798210642,1,41
2018-07-24,11106.7,11107.85,11092.5,11095.4,12:40:00,11124.800484095342,1,42
2018-07-24,11115.1,11116.3,11102.3,11107.25,12:45:00,11123.876628467217,1,43
2018-07-24,11109.55,11116.15,11108.55,11115.85,12:50:00,11122.512187660812,1,44
2018-07-24,11107.9,11114.35,11104.7,11110.3,12:55:00,11121.120550740734,1,45
2018-07-24,11104.95,11108.6,11100.0,11108.6,13:00:00,11119.580498289237,1,46
2018-07-24,11110.25,11112.6,11103.05,11106.05,13:05:00,11118.691879404549,1,47
2018-07-24,11116.05,11116.7,11109.8,11111.2,13:10:00,11118.440271842208,1,48
2018-07-24,11113.5,11118.8,11113.3,11116.55,13:15:00,11117.969769761998,1,49
2018-07-24,11113.55,11116.15,11111.25,11113.75,13:20:00,11117.548839308472,1,50
2018-07-24,11111.45,11113.3,11105.05,11113.3,13:25:00,11116.96799746957,1,51
2018-07-24,11117.95,11118.55,11107.7,11111.75,13:30:00,11117.061521520089,1,52
2018-07-24,11119.9,11122.6,11116.95,11117.5,13:35:00,11117.331852803887,1,53
2018-07-24,11128.8,11129.65,11117.9,11119.85,13:40:00,11118.424057298756,1,54
2018-07-24,11125.25,11131.8,11125.25,11128.4,13:45:00,11119.074147079826,1,55
2018-07-24,11127.6,11129.3,11124.85,11125.3,13:50:00,11119.886133072225,1,56
2018-07-24,11138.95,11139.7,11127.25,11127.55,13:55:00,11121.701739446298,1,57
2018-07-24,11141.75,11142.0,11137.1,11139.15,14:00:00,11123.61109759427,1,58
2018-07-24,11139.1,11142.2,11136.55,11141.9,14:05:00,11125.086231156722,1,59
2018-07-24,11138.55,11140.75,11133.8,11139.3,14:10:00,11126.36849485608,1,60
2018-07-24,11136.75,11139.1,11128.45,11138.05,14:15:00,11127.357209631691,1,61
2018-07-24,11139.05,11140.75,11135.05,11136.45,14:20:00,11128.470808714388,1,62
2018-07-24,11131.85,11140.65,11131.45,11139.5,14:25:00,11128.792636455872,1,63
2018-07-24,11125.85,11133.8,11125.85,11131.5,14:30:00,11128.512385364838,1,64
2018-07-24,11127.4,11130.05,11123.9,11125.8,14:35:00,11128.40644390152,1,65
2018-07-24,11132.85,11136.0,11127.25,11127.5,14:40:00,11128.829639720425,1,66
2018-07-24,11137.05,11138.3,11131.0,11132.75,14:45:00,11129.61253117562,1,67
2018-07-24,11135.85,11137.75,11132.45,11136.85,14:50:00,11130.206575825565,1,68
2018-07-24,11129.1,11142.1,11128.25,11136.1,14:55:00,11130.1011876517,1,69
2018-07-24,11131.7,11132.65,11124.9,11128.95,15:00:00,11130.253455494394,1,70
2018-07-24,11138.8,11140.15,11128.2,11130.65,15:05:00,11131.067412113976,1,71
2018-07-24,11135.5,11139.65,11133.5,11137.5,15:10:00,11131.489563341216,1,72
2018-07-24,11137.7,11138.95,11134.15,11134.15,15:15:00,11132.081033499197,1,73
2018-07-24,11137.85,11140.2,11135.05,11137.5,15:20:00,11132.630458880223,1,74
2018-07-24,11134.2,11136.85,11127.5,11136.85,15:25:00,11132.77993898687,1,75
2018-07-25,11141.05,11153.0,11131.0,11153.0,09:15:00,11133.567563845265,2,1
2018-07-25,11130.1,11145.6,11129.6,11141.15,09:20:00,11133.237319669524,2,2
2018-07-25,11137.85,11139.4,11129.95,11130.95,09:25:00,11133.67662255814,2,3
2018-07-25,11128.5,11137.15,11124.85,11136.9,09:30:00,11133.183610885935,2,4
2018-07-25,11136.05,11138.5,11124.8,11128.85,09:35:00,11133.456600325371,2,5
2018-07-25,11142.55,11144.05,11135.15,11135.9,09:40:00,11134.322638389622,2,6
2018-07-25,11143.15,11143.15,11132.45,11142.2,09:45:00,11135.163339495371,2,7
2018-07-25,11138.6,11146.1,11137.0,11143.3,09:50:00,11135.490640495813,2,8
2018-07-25,11140.05,11143.1,11135.5,11138.55,09:55:00,11135.924865210498,2,9
2018-07-25,11128.8,11141.65,11128.8,11139.8,10:00:00,11135.24630661902,2,10
2018-07-25,11124.85,11133.6,11122.55,11128.3,10:05:00,11134.256182179117,2,11
2018-07-25,11129.1,11130.5,11121.4,11124.4,10:10:00,11133.765117209676,2,12
2018-07-25,11127.7,11132.75,11126.8,11129.65,10:15:00,11133.18748699923,2,13
2018-07-25,11127.3,11131.8,11125.95,11127.65,10:20:00,11132.626773951684,2,14
2018-07-25,11125.1,11131.35,11125.1,11127.75,10:25:00,11131.909938337238,2,15
2018-07-25,11124.5,11125.35,11118.2,11125.35,10:30:00,11131.204229924168,2,16
2018-07-25,11122.05,11127.45,11119.3,11124.75,10:35:00,11130.332398502818,2,17
2018-07-25,11123.95,11124.95,11121.9,11122.15,10:40:00,11129.724551026358,2,18
2018-07-25,11127.0,11127.3,11122.05,11124.5,10:45:00,11129.46506997623,2,19
2018-07-25,11128.6,11130.1,11122.95,11126.5,10:50:00,11129.382682359446,2,20
2018-07-25,11129.5,11130.05,11122.4,11129.4,10:55:00,11129.393855468072,2,21
2018-07-25,11126.4,11131.35,11126.4,11128.95,11:00:00,11129.108726375876,2,22
2018-07-25,11126.15,11127.4,11122.3,11126.35,11:05:00,11128.826942911506,2,23
2018-07-25,11125.85,11129.8,11124.8,11126.3,11:10:00,11128.543424538982,2,24
2018-07-25,11126.35,11128.15,11124.55,11126.2,11:15:00,11128.33452696384,2,25
2018-07-25,11126.9,11128.2,11124.65,11126.65,11:20:00,11128.197905348236,2,26
2018-07-25,11124.8,11127.05,11120.75,11126.95,11:25:00,11127.874295315072,2,27
2018-07-25,11126.2,11127.1,11123.45,11124.65,11:30:00,11127.714838618398,2,28
2018-07-25,11125.05,11129.4,11124.05,11126.55,11:35:00,11127.461044464264,2,29
2018-07-25,11125.5,11127.15,11120.35,11125.4,11:40:00,11127.27427832481,2,30
2018-07-25,11130.1,11131.0,11123.6,11125.75,11:45:00,11127.543394674827,2,31
2018-07-25,11132.2,11135.65,11130.35,11131.1,11:50:00,11127.986880896276,2,32
2018-07-25,11131.95,11133.7,11130.55,11132.4,11:55:00,11128.364320810915,2,33
2018-07-25,11141.05,11143.8,11131.65,11132.4,12:00:00,11129.572480733686,2,34
2018-07-25,11137.05,11142.05,11134.6,11141.4,12:05:00,11130.284625425717,2,35
2018-07-25,11139.15,11139.2,11135.0,11137.25,12:10:00,11131.128946813744,2,36
2018-07-25,11141.75,11142.7,11137.05,11139.25,12:15:00,11132.140475688626,2,37
2018-07-25,11141.95,11145.3,11141.05,11142.45,12:20:00,11133.074716099232,2,38
2018-07-25,11137.75,11144.15,11137.55,11141.9,12:25:00,11133.51998123264,2,39
2018-07-25,11146.3,11146.45,11138.05,11138.65,12:30:00,11134.737125877147,2,40
2018-07-25,11151.2,11153.1,11144.25,11146.9,12:35:00,11136.305018650752,2,41
2018-07-25,11150.55,11152.85,11147.9,11151.95,12:40:00,11137.66168354116,2,42
2018-07-25,11148.9,11152.2,11145.0,11151.15,12:45:00,11138.73199939438,2,43
2018-07-25,11150.7,11151.95,11148.95,11149.1,12:50:00,11139.871808975868,2,44
2018-07-25,11150.75,11151.5,11147.15,11150.9,12:55:00,11140.907827168645,2,45
2018-07-25,11151.35,11157.15,11150.25,11150.65,13:00:00,11141.902319819248,2,46
2018-07-25,11147.0,11151.35,11147.0,11151.05,13:05:00,11142.387813169797,2,47
2018-07-25,11139.6,11147.8,11135.7,11147.7,13:10:00,11142.122307153624,2,48
2018-07-25,11143.5,11144.8,11138.8,11139.8,13:15:00,11142.253515996135,2,49
2018-07-25,11145.25,11145.8,11141.4,11143.75,13:20:00,11142.538895425076,2,50
2018-07-25,11147.9,11148.45,11143.4,11145.9,13:25:00,11143.049476813165,2,51
2018-07-25,11151.6,11152.4,11145.0,11148.2,13:30:00,11143.863812354768,2,52
2018-07-25,11148.6,11152.25,11148.6,11152.15,13:35:00,11144.31487784479,2,53
2018-07-25,11146.0,11148.8,11141.3,11148.5,13:40:00,11144.475365669095,2,54
2018-07-25,11143.15,11147.95,11142.15,11145.95,13:45:00,11144.349140367276,2,55
2018-07-25,11142.65,11143.65,11140.9,11143.05,13:50:00,11144.187317475154,2,56
2018-07-25,11149.25,11150.4,11141.25,11142.8,13:55:00,11144.669477715615,2,57
2018-07-25,11148.0,11149.6,11144.55,11149.0,14:00:00,11144.98667031413,2,58
2018-07-25,11137.45,11148.75,11135.05,11147.75,14:05:00,11144.268892188977,2,59
2018-07-25,11142.8,11143.3,11137.25,11137.65,14:10:00,11144.128997694788,2,60
2018-07-25,11141.7,11145.15,11140.35,11143.0,14:15:00,11143.897664581,2,61
2018-07-25,11135.95,11141.85,11134.9,11141.25,14:20:00,11143.140744144715,2,62
2018-07-25,11141.35,11144.15,11134.9,11136.25,14:25:00,11142.970197083314,2,63
2018-07-25,11137.45,11146.35,11137.45,11142.4,14:30:00,11142.444464027762,2,64
2018-07-25,11130.9,11142.2,11127.35,11137.4,14:35:00,11141.344991263211,2,65
2018-07-25,11137.0,11137.75,11130.15,11131.35,14:40:00,11140.931182571478,2,66
2018-07-25,11136.55,11142.9,11135.95,11138.55,14:45:00,11140.51392708848,2,67
2018-07-25,11140.35,11141.45,11132.95,11137.6,14:50:00,11140.498314984814,2,68
2018-07-25,11147.25,11148.2,11138.1,11140.7,14:55:00,11141.141332605308,2,69
2018-07-25,11141.75,11147.55,11140.5,11147.55,15:00:00,11141.199300928613,2,70
2018-07-25,11144.15,11146.75,11138.8,11141.8,15:05:00,11141.480319887793,2,71
2018-07-25,11140.4,11145.05,11136.95,11144.8,15:10:00,11141.377432279432,2,72
2018-07-25,11124.55,11141.25,11124.1,11139.65,15:15:00,11139.774819681392,2,73
2018-07-25,11117.8,11124.2,11113.25,11124.2,15:20:00,11137.681979711737,2,74
2018-07-25,11122.45,11125.05,11117.7,11118.1,15:25:00,11136.231314977284,2,75
2018-07-26,11159.7,11162.25,11129.85,11129.85,09:15:00,11138.466427836593,3,1
2018-07-26,11167.2,11169.6,11156.9,11159.45,09:20:00,11141.20295851882,3,2
2018-07-26,11164.0,11172.2,11157.1,11167.4,09:25:00,11143.374105326551,3,3
2018-07-26,11165.8,11165.9,11161.4,11165.4,09:30:00,11145.509904819262,3,4
2018-07-26,11161.3,11166.6,11160.2,11165.15,09:35:00,11147.013723407905,3,5
2018-07-26,11161.85,11163.6,11159.6,11161.2,09:40:00,11148.42670213096,3,6
2018-07-26,11162.15,11166.05,11160.45,11161.8,09:45:00,11149.733682880393,3,7
2018-07-26,11161.55,11162.2,11156.35,11161.65,09:50:00,11150.859046415591,3,8
2018-07-26,11161.0,11162.6,11158.65,11161.45,09:55:00,11151.824851518872,3,9
2018-07-26,11166.2,11166.85,11160.75,11161.4,10:00:00,11153.19391327898,3,10
2018-07-26,11167.15,11168.75,11163.5,11165.85,10:05:00,11154.523064395267,3,11
2018-07-26,11167.0,11168.75,11163.75,11167.4,10:10:00,11155.71134397667,3,12
2018-07-26,11165.7,11169.7,11165.15,11166.85,10:15:00,11156.66264455032,3,13
2018-07-26,11168.85,11171.2,11164.4,11165.8,10:20:00,11157.82334506934,3,14
2018-07-26,11171.15,11171.35,11167.0,11168.5,10:25:00,11159.09255030083,3,15
2018-07-26,11159.95,11171.0,11159.95,11170.85,10:30:00,11159.174212176942,3,16
2018-07-26,11163.35,11164.45,11158.35,11159.4,10:35:00,11159.571906255327,3,17
2018-07-26,11164.55,11166.6,11162.05,11162.9,10:40:00,11160.046010421484,3,18
2018-07-26,11168.5,11168.5,11163.15,11164.75,10:45:00,11160.851152286104,3,19
2018-07-26,11171.5,11173.5,11167.7,11168.55,10:50:00,11161.865328258857,3,20
2018-07-26,11178.05,11178.9,11170.65,11171.95,10:55:00,11163.406725567536,3,21
2018-07-26,11178.2,11179.4,11175.9,11177.9,11:00:00,11164.81560884682,3,22
2018-07-26,11174.1,11179.6,11172.8,11178.5,11:05:00,11165.699836575694,3,23
2018-07-26,11171.35,11175.0,11170.3,11174.25,11:10:00,11166.23794737801,3,24
2018-07-26,11172.5,11175.05,11171.35,11171.75,11:15:00,11166.834333342009,3,25
2018-07-26,11166.55,11172.45,11165.7,11172.2,11:20:00,11166.8072539761,3,26
2018-07-26,11162.25,11167.1,11158.2,11166.15,11:25:00,11166.3732297879,3,27
2018-07-26,11169.0,11169.0,11162.2,11162.3,11:30:00,11166.623398379528,3,28
2018-07-26,11168.3,11170.65,11166.15,11168.7,11:35:00,11166.783074724335,3,29
2018-07-26,11167.1,11170.5,11166.5,11168.0,11:40:00,11166.81325808392,3,30
2018-07-26,11165.85,11167.85,11162.65,11167.15,11:45:00,11166.721519218783,3,31
2018-07-26,11169.2,11169.2,11164.9,11165.5,11:50:00,11166.957565007471,3,32
2018-07-26,11162.0,11168.65,11160.05,11168.4,11:55:00,11166.48541595914,3,33
2018-07-26,11163.85,11164.95,11161.9,11161.9,12:00:00,11166.234423963033,3,34
2018-07-26,11165.45,11167.6,11162.6,11163.25,12:05:00,11166.159716918935,3,35
2018-07-26,11173.4,11173.6,11164.7,11165.85,12:10:00,11166.84926768856,3,36
2018-07-26,11171.3,11175.65,11169.2,11173.65,12:15:00,11167.273146956317,3,37
2018-07-26,11169.35,11172.05,11167.1,11171.65,12:20:00,11167.470942484286,3,38
2018-07-26,11166.15,11169.75,11164.0,11169.5,12:25:00,11167.345138438162,3,39
2018-07-26,11169.35,11171.9,11164.85,11166.05,12:30:00,11167.536077634528,3,40
2018-07-26,11167.35,11171.1,11166.0,11169.15,12:35:00,11167.51835595505,3,41
2018-07-26,11164.9,11168.65,11163.05,11166.9,12:40:00,11167.268988721236,3,42
2018-07-26,11163.15,11167.1,11161.85,11165.15,12:45:00,11166.876704081118,3,43
2018-07-26,11164.8,11166.1,11162.05,11162.4,12:50:00,11166.67892274006,3,44
2018-07-26,11170.55,11171.1,11164.25,11164.45,12:55:00,11167.047596764814,3,45
2018-07-26,11171.15,11173.2,11168.85,11170.5,13:00:00,11167.43830183483,3,46
2018-07-26,11170.9,11171.5,11166.45,11170.95,13:05:00,11167.767987374373,3,47
2018-07-26,11173.3,11177.75,11170.9,11171.25,13:10:00,11168.294845719667,3,48
2018-07-26,11164.15,11175.5,11163.9,11173.15,13:15:00,11167.900098508271,3,49
2018-07-26,11166.05,11166.55,11162.2,11164.25,13:20:00,11167.72389865034,3,50
2018-07-26,11166.8,11168.5,11163.1,11166.15,13:25:00,11167.63590830269,3,51
2018-07-26,11161.25,11170.05,11157.55,11166.65,13:30:00,11167.027726559576,3,52
2018-07-26,11151.65,11161.15,11151.65,11161.15,13:35:00,11165.56318117295,3,53
2018-07-26,11149.35,11153.3,11146.15,11151.55,13:40:00,11164.019068680287,3,54
2018-07-26,11149.8,11154.1,11147.8,11149.05,13:45:00,11162.66487166312,3,55
2018-07-26,11153.3,11153.6,11149.0,11149.35,13:50:00,11161.772979123774,3,56
2018-07-26,11157.25,11161.6,11152.75,11152.75,13:55:00,11161.342219207225,3,57
2018-07-26,11152.3,11158.25,11151.45,11157.35,14:00:00,11160.481055473205,3,58
2018-07-26,11156.6,11160.15,11152.05,11152.05,14:05:00,11160.11143114242,3,59
2018-07-26,11153.15,11157.65,11150.8,11157.1,14:10:00,11159.448437700286,3,60
2018-07-26,11139.9,11155.6,11139.9,11152.8,14:15:00,11157.58668172883,3,61
2018-07-26,11131.95,11144.15,11131.05,11139.35,14:20:00,11155.145092992752,3,62
2018-07-26,11138.65,11139.3,11125.75,11131.7,14:25:00,11153.574131755347,3,63
2018-07-26,11126.55,11139.8,11125.7,11138.35,14:30:00,11151.000404921504,3,64
2018-07-26,11134.95,11136.75,11126.2,11126.25,14:35:00,11149.47179492898,3,65
2018-07-26,11136.9,11141.45,11134.1,11134.1,14:40:00,11148.27448112622,3,66
2018-07-26,11130.8,11137.35,11127.95,11136.85,14:45:00,11146.610244828484,3,67
2018-07-26,11133.1,11135.15,11126.2,11130.25,14:50:00,11145.323554844816,3,68
2018-07-26,11152.3,11153.3,11133.05,11133.6,14:55:00,11145.98797819293,3,69
2018-07-26,11158.25,11165.45,11152.8,11152.8,15:00:00,11147.155789793604,3,70
2018-07-26,11162.95,11164.15,11153.1,11157.8,15:05:00,11148.66000028945,3,71
2018-07-26,11166.95,11168.15,11161.35,11163.65,15:10:00,11150.401905023788,3,72
2018-07-26,11170.5,11172.7,11165.75,11167.1,15:15:00,11152.316009307237,3,73
2018-07-26,11175.55,11177.05,11168.75,11171.1,15:20:00,11154.528770325596,3,74
2018-07-26,11177.8,11185.85,11170.6,11175.4,15:25:00,11156.745077913634,3,75
2018-07-27,11226.6,11235.0,11223.15,11229.95,09:15:00,11163.397927636146,4,1
2018-07-27,11231.15,11233.35,11210.25,11222.6,09:20:00,11169.850505956512,4,2
2018-07-27,11230.0,11233.95,11224.25,11231.75,09:25:00,11175.579029198749,4,3
2018-07-27,11231.85,11235.5,11223.65,11229.9,09:30:00,11180.93816927506,4,4
2018-07-27,11240.5,11240.5,11231.65,11231.8,09:35:00,11186.610724582197,4,5
2018-07-27,11233.05,11240.6,11231.1,11240.6,09:40:00,11191.033512717226,4,6
2018-07-27,11234.35,11236.2,11231.95,11233.2,09:45:00,11195.158892458445,4,7
2018-07-27,11236.6,11238.55,11231.4,11235.15,09:50:00,11199.105664605258,4,8
2018-07-27,11244.8,11246.25,11234.6,11236.65,09:55:00,11203.457506071423,4,9
2018-07-27,11244.6,11245.3,11238.5,11244.5,10:00:00,11207.375838826523,4,10
2018-07-27,11246.15,11249.2,11241.25,11244.8,10:05:00,11211.068616081142,4,11
2018-07-27,11248.6,11252.15,11245.7,11246.35,10:10:00,11214.643033597224,4,12
2018-07-27,11249.85,11252.4,11245.95,11248.45,10:15:00,11217.996078016537,4,13
2018-07-27,11247.45,11252.9,11245.9,11249.95,10:20:00,11220.80121344353,4,14
2018-07-27,11239.35,11249.85,11238.65,11247.25,10:25:00,11222.567764544146,4,15
2018-07-27,11233.7,11239.0,11231.5,11238.6,10:30:00,11223.627977444705,4,16
2018-07-27,11240.4,11241.75,11232.95,11233.9,10:35:00,11225.22531292616,4,17
2018-07-27,11239.8,11243.95,11237.95,11240.55,10:40:00,11226.613378361766,4,18
2018-07-27,11246.45,11247.95,11239.65,11240.0,10:45:00,11228.502580422552,4,19
2018-07-27,11248.05,11249.75,11241.55,11246.35,10:50:00,11230.364239429928,4,20
2018-07-27,11249.95,11250.45,11244.1,11247.95,10:55:00,11232.22954996041,4,21
2018-07-27,11252.3,11253.4,11248.9,11249.9,11:00:00,11234.141021392752,4,22
2018-07-27,11244.4,11253.9,11243.3,11252.2,11:05:00,11235.118066974395,4,23
2018-07-27,11246.2,11250.5,11244.05,11244.5,11:10:00,11236.173489167311,4,24
2018-07-27,11244.3,11246.45,11240.75,11245.9,11:15:00,11236.947442579947,4,25
2018-07-27,11248.65,11249.4,11243.4,11244.65,11:20:00,11238.06197185805,4,26
2018-07-27,11242.75,11249.0,11240.25,11249.0,11:25:00,11238.508450728712,4,27
2018-07-27,11240.15,11243.75,11237.65,11243.75,11:30:00,11238.66478875455,4,28
2018-07-27,11240.7,11242.0,11236.15,11240.55,11:35:00,11238.858618396973,4,29
2018-07-27,11237.55,11243.6,11237.55,11240.6,11:40:00,11238.733988073453,4,30
2018-07-27,11239.1,11241.65,11237.25,11237.45,11:45:00,11238.768846352172,4,31
2018-07-27,11237.95,11241.2,11237.65,11238.85,11:50:00,11238.690860985298,4,32
2018-07-27,11241.1,11242.05,11235.8,11237.8,11:55:00,11238.920302796225,4,33
2018-07-27,11243.6,11243.6,11237.5,11240.6,12:00:00,11239.3659882442,4,34
2018-07-27,11246.45,11246.95,11240.65,11243.05,12:05:00,11240.040656030467,4,35
2018-07-27,11247.75,11248.65,11243.9,11246.25,12:10:00,11240.774879265662,4,36
2018-07-27,11249.9,11251.45,11245.95,11247.4,12:15:00,11241.643938383217,4,37
2018-07-27,11248.6,11252.25,11247.75,11249.6,12:20:00,11242.306420441955,4,38
2018-07-27,11250.2,11251.65,11246.9,11248.65,12:25:00,11243.058189923677,4,39
2018-07-27,11254.55,11255.05,11249.0,11250.25,12:30:00,11244.152648026184,4,40
2018-07-27,11250.6,11256.35,11249.95,11254.35,12:35:00,11244.7666815475,4,41
2018-07-27,11250.95,11253.1,11247.9,11250.9,12:40:00,11245.355569019166,4,42
2018-07-27,11250.1,11252.45,11248.5,11251.2,12:45:00,11245.807419588771,4,43
2018-07-27,11253.15,11254.45,11248.7,11250.2,12:50:00,11246.506712961267,4,44
2018-07-27,11252.45,11254.55,11250.15,11253.05,12:55:00,11247.07274029829,4,45
2018-07-27,11248.7,11252.95,11244.2,11252.95,13:00:00,11247.227717412738,4,46
2018-07-27,11247.1,11250.25,11246.55,11249.6,13:05:00,11247.21555384962,4,47
2018-07-27,11246.3,11248.75,11241.35,11246.85,13:10:00,11247.128358244892,4,48
2018-07-27,11246.85,11248.75,11242.05,11246.55,13:15:00,11247.101847935855,4,49
2018-07-27,11248.0,11248.8,11242.0,11247.05,13:20:00,11247.18738622768,4,50
2018-07-27,11250.85,11252.1,11247.4,11248.35,13:25:00,11247.536206586949,4,51
2018-07-27,11245.2,11251.25,11244.95,11250.65,13:30:00,11247.313710721524,4,52
2018-07-27,11249.75,11250.7,11243.6,11244.7,13:35:00,11247.545738271854,4,53
2018-07-27,11249.7,11253.7,11248.7,11250.0,13:40:00,11247.750906055488,4,54
2018-07-27,11255.3,11256.8,11249.7,11249.9,13:45:00,11248.469867383536,4,55
2018-07-27,11260.4,11260.85,11254.2,11255.8,13:50:00,11249.606070489865,4,56
2018-07-27,11255.5,11261.55,11254.3,11260.95,13:55:00,11250.16739710988,4,57
2018-07-27,11255.7,11256.65,11253.15,11255.65,14:00:00,11250.694311670844,4,58
2018-07-27,11259.65,11263.5,11253.95,11255.8,14:05:00,11251.547234368858,4,59
2018-07-27,11265.6,11269.2,11258.2,11259.35,14:10:00,11252.885593000396,4,60
2018-07-27,11261.55,11270.75,11257.4,11265.75,14:15:00,11253.710774619403,4,61
2018-07-27,11260.85,11265.5,11259.8,11261.05,14:20:00,11254.390700846128,4,62
2018-07-27,11263.55,11265.35,11259.95,11261.05,14:25:00,11255.26301505126,4,63
2018-07-27,11270.15,11271.75,11262.4,11264.25,14:30:00,11256.680823141616,4,64
2018-07-27,11275.25,11276.8,11268.45,11270.8,14:35:00,11258.44931617575,4,65
2018-07-27,11271.95,11277.1,11271.5,11275.6,14:40:00,11259.735095587585,4,66
2018-07-27,11278.35,11280.9,11268.7,11272.45,14:45:00,11261.50794362686,4,67
2018-07-27,11279.75,11281.8,11277.35,11278.0,14:50:00,11263.245282329064,4,68
2018-07-27,11280.4,11281.45,11276.1,11280.0,14:55:00,11264.879064964392,4,69
2018-07-27,11275.95,11282.65,11275.45,11280.1,15:00:00,11265.933439729688,4,70
2018-07-27,11279.2,11279.95,11274.75,11276.15,15:05:00,11267.196921660194,4,71
2018-07-27,11278.7,11280.15,11273.85,11279.3,15:10:00,11268.292452930653,4,72
2018-07-27,11276.85,11283.4,11275.4,11278.95,15:15:00,11269.107457413447,4,73
2018-07-27,11275.05,11279.95,11272.65,11276.65,15:20:00,11269.673413850262,4,74
2018-07-27,11271.7,11278.5,11269.5,11275.45,15:25:00,11269.866422054998,4,75
2018-07-30,11300.0,11309.35,11290.6,11290.7,09:15:00,11272.736286621188,0,1
2018-07-30,11297.95,11305.15,11287.65,11300.35,09:20:00,11275.137592657264,0,2
2018-07-30,11289.9,11298.8,11283.7,11296.95,09:25:00,11276.543536213716,0,3
2018-07-30,11298.85,11304.35,11286.9,11289.55,09:30:00,11278.66796133622,0,4
2018-07-30,11302.75,11307.6,11297.9,11298.6,09:35:00,11280.961488828008,0,5
2018-07-30,11304.05,11305.65,11299.0,11302.35,09:40:00,11283.16039465391,0,6
2018-07-30,11300.9,11304.5,11294.45,11303.1,09:45:00,11284.849880877347,0,7
2018-07-30,11301.5,11304.2,11299.2,11299.65,09:50:00,11286.435606508076,0,8
2018-07-30,11297.15,11302.45,11294.1,11300.65,09:55:00,11287.456024935878,0,9
2018-07-30,11291.05,11298.95,11291.05,11295.95,10:00:00,11287.79830827532,0,10
2018-07-30,11279.2,11291.55,11278.65,11291.45,10:05:00,11286.979421772909,0,11
2018-07-30,11269.7,11282.6,11266.55,11279.4,10:10:00,11285.333762556442,0,12
2018-07-30,11274.6,11275.6,11265.1,11269.1,10:15:00,11284.311499455827,0,13
2018-07-30,11272.85,11277.3,11271.6,11273.95,10:20:00,11283.219928079085,0,14
2018-07-30,11262.5,11271.95,11261.45,11271.05,10:25:00,11281.24660159536,0,15
2018-07-30,11271.2,11272.4,11262.0,11262.8,10:30:00,11280.289782395805,0,16
2018-07-30,11272.8,11272.85,11262.9,11271.1,10:35:00,11279.576469786682,0,17
2018-07-30,11273.05,11278.5,11271.7,11272.7,10:40:00,11278.95490123557,0,18
2018-07-30,11266.35,11275.8,11264.65,11272.95,10:45:00,11277.75443445123,0,19
2018-07-30,11268.55,11269.05,11263.15,11265.65,10:50:00,11276.87782164635,0,20
2018-07-30,11274.35,11274.35,11266.75,11268.45,10:55:00,11276.637076727651,0,21
2018-07-30,11271.75,11274.7,11268.95,11274.4,11:00:00,11276.171640848828,0,22
2018-07-30,11270.05,11272.15,11267.5,11271.25,11:05:00,11275.588627434654,0,23
2018-07-30,11283.25,11284.15,11269.25,11270.25,11:10:00,11276.318281964688,0,24
2018-07-30,11283.2,11288.05,11281.15,11282.35,11:15:00,11276.973683682338,0,25
2018-07-30,11286.25,11287.85,11282.6,11284.1,11:20:00,11277.857142379258,0,26
2018-07-30,11284.9,11287.0,11282.65,11286.5,11:25:00,11278.52789072409,0,27
2018-07-30,11287.65,11292.25,11284.55,11285.05,11:30:00,11279.39666303608,0,28
2018-07-30,11283.8,11289.95,11283.6,11287.25,11:35:00,11279.816028461217,0,29
2018-07-30,11283.2,11284.7,11281.2,11283.9,11:40:00,11280.13831146491,0,30
2018-07-30,11287.0,11289.9,11281.7,11283.4,11:45:00,11280.79180561111,0,31
2018-07-30,11287.25,11290.7,11286.1,11286.9,11:50:00,11281.406871743386,0,32
2018-07-30,11287.1,11288.95,11284.75,11287.55,11:55:00,11281.949074434491,0,33
2018-07-30,11285.8,11290.55,11284.35,11287.35,12:00:00,11282.315829250256,0,34
2018-07-30,11287.9,11289.35,11286.05,11286.05,12:05:00,11282.847655035945,0,35
2018-07-30,11285.7,11288.85,11283.25,11288.45,12:10:00,11283.119306937284,0,36
2018-07-30,11289.3,11289.55,11284.5,11285.9,12:15:00,11283.707944371828,0,37
2018-07-30,11291.2,11292.4,11288.5,11289.4,12:20:00,11284.421473479271,0,38
2018-07-30,11289.55,11295.3,11288.65,11291.05,12:25:00,11284.909904576483,0,39
2018-07-30,11286.95,11290.5,11284.95,11289.5,12:30:00,11285.104199378726,0,40
2018-07-30,11292.7,11293.3,11284.85,11286.35,12:35:00,11285.827608961705,0,41
2018-07-30,11291.9,11295.6,11290.0,11292.85,12:40:00,11286.405931917732,0,42
2018-07-30,11295.2,11296.0,11288.7,11291.2,12:45:00,11287.24346221128,0,43
2018-07-30,11295.8,11298.85,11292.95,11295.95,12:50:00,11288.058370572113,0,44
2018-07-30,11292.45,11297.05,11289.5,11296.4,12:55:00,11288.476620993815,0,45
2018-07-30,11294.85,11295.45,11289.1,11292.9,13:00:00,11289.083609470596,0,46
2018-07-30,11298.2,11298.7,11292.25,11294.65,13:05:00,11289.951837140065,0,47
2018-07-30,11299.7,11302.65,11296.3,11296.55,13:10:00,11290.880233602911,0,48
2018-07-30,11303.0,11303.85,11298.3,11298.3,13:15:00,11292.034497069302,0,49
2018-07-30,11307.4,11307.75,11300.35,11300.35,13:20:00,11293.497878300795,0,50
2018-07-30,11306.1,11308.45,11302.0,11307.6,13:25:00,11294.698080367389,0,51
2018-07-30,11307.95,11310.4,11303.3,11306.15,13:30:00,11295.960167951447,0,52
2018-07-30,11315.2,11315.3,11306.05,11308.8,13:35:00,11297.792532908452,0,53
2018-07-30,11312.8,11317.6,11308.1,11317.1,13:40:00,11299.2218154886,0,54
2018-07-30,11314.2,11318.5,11311.05,11313.3,13:45:00,11300.64830925159,0,55
2018-07-30,11315.0,11316.2,11308.4,11315.35,13:50:00,11302.015136941916,0,56
2018-07-30,11312.35,11316.5,11310.25,11315.7,13:55:00,11302.999409614113,0,57
2018-07-30,11313.9,11315.0,11308.05,11313.75,14:00:00,11304.037561079434,0,58
2018-07-30,11311.2,11317.5,11310.7,11314.95,14:05:00,11304.719698119488,0,59
2018-07-30,11308.0,11314.25,11307.05,11311.55,14:10:00,11305.032107822395,0,60
2018-07-30,11312.5,11314.4,11305.0,11309.7,14:15:00,11305.743335648836,0,61
2018-07-30,11306.1,11313.75,11303.6,11311.85,14:20:00,11305.777303682278,0,62
2018-07-30,11306.45,11309.25,11294.95,11306.05,14:25:00,11305.841369998252,0,63
2018-07-30,11312.4,11313.25,11305.6,11306.35,14:30:00,11306.46600142699,0,64
2018-07-30,11312.2,11316.5,11310.95,11312.55,14:35:00,11307.012096529184,0,65
2018-07-30,11311.5,11314.65,11310.75,11312.45,14:40:00,11307.439515907356,0,66
2018-07-30,11314.95,11315.8,11305.05,11311.45,14:45:00,11308.154800106657,0,67
2018-07-30,11318.95,11322.35,11314.7,11315.45,14:50:00,11309.182914382212,0,68
2018-07-30,11321.1,11321.25,11315.9,11319.2,14:55:00,11310.31787491724,0,69
2018-07-30,11326.6,11327.3,11316.35,11322.05,15:00:00,11311.868553496552,0,70
2018-07-30,11323.4,11328.1,11321.1,11326.4,15:05:00,11312.96678649688,0,71
2018-07-30,11323.45,11324.3,11317.75,11322.45,15:10:00,11313.965187782893,0,72
2018-07-30,11318.1,11324.35,11316.25,11324.3,15:15:00,11314.358979422615,0,73
2018-07-30,11315.0,11319.05,11313.65,11317.25,15:20:00,11314.420029001414,0,74
2018-07-30,11312.75,11317.7,11310.95,11315.05,15:25:00,11314.260978620328,0,75
2018-07-31,11291.9,11309.0,11284.15,11306.85,09:15:00,11312.131361608866,1,1
2018-07-31,11294.55,11294.95,11287.8,11291.4,09:20:00,11310.456946217546,1,2
2018-07-31,11301.6,11304.75,11294.05,11294.4,09:25:00,11309.61342753016,1,3
2018-07-31,11309.05,11309.15,11298.55,11302.1,09:30:00,11309.559767765382,1,4
2018-07-31,11302.4,11312.1,11302.4,11308.95,09:35:00,11308.87788512106,1,5
2018-07-31,11295.25,11303.25,11290.2,11302.35,09:40:00,11307.579991300006,1,6
2018-07-31,11285.75,11295.65,11285.1,11294.9,09:45:00,11305.500944509531,1,7
2018-07-31,11299.65,11299.65,11285.35,11286.4,09:50:00,11304.9437116991,1,8
2018-07-31,11292.35,11302.05,11292.25,11299.2,09:55:00,11303.7443105849,1,9
2018-07-31,11297.85,11299.1,11292.25,11292.4,10:00:00,11303.182947672052,1,10
2018-07-31,11297.35,11298.9,11293.55,11298.1,10:05:00,11302.627428846145,1,11
2018-07-31,11299.35,11303.25,11297.05,11297.2,10:10:00,11302.315292765556,1,12
2018-07-31,11286.15,11298.95,11285.65,11298.95,10:15:00,11300.7757410736,1,13
2018-07-31,11280.85,11288.4,11278.95,11286.3,10:20:00,11298.878051447542,1,14
2018-07-31,11282.55,11282.65,11273.95,11279.9,10:25:00,11297.322998928728,1,15
2018-07-31,11281.7,11284.15,11279.25,11282.3,10:30:00,11295.83509426885,1,16
2018-07-31,11269.9,11281.9,11267.75,11281.6,10:35:00,11293.365085290863,1,17
2018-07-31,11269.9,11276.9,11268.2,11270.3,10:40:00,11291.130315263164,1,18
2018-07-31,11281.75,11285.85,11269.35,11269.85,10:45:00,11290.236951904766,1,19
2018-07-31,11280.5,11284.15,11278.4,11281.65,10:50:00,11289.309623151932,1,20
2018-07-31,11281.7,11282.1,11277.25,11280.4,10:55:00,11288.584897137463,1,21
2018-07-31,11289.1,11289.55,11281.1,11282.05,11:00:00,11288.633954552944,1,22
2018-07-31,11289.1,11292.5,11286.8,11289.35,11:05:00,11288.678339833614,1,23
2018-07-31,11291.65,11291.95,11287.4,11288.85,11:10:00,11288.961355087557,1,24
2018-07-31,11288.55,11293.1,11287.6,11291.15,11:15:00,11288.92217841255,1,25
2018-07-31,11286.85,11289.4,11284.8,11288.6,11:20:00,11288.724828087546,1,26
2018-07-31,11284.2,11287.15,11283.35,11287.05,11:25:00,11288.293892079208,1,27
2018-07-31,11289.7,11291.1,11283.4,11284.25,11:30:00,11288.427807119284,1,28
2018-07-31,11284.9,11291.45,11284.7,11290.05,11:35:00,11288.091825488877,1,29
2018-07-31,11279.5,11287.35,11278.4,11285.15,11:40:00,11287.2735563947,1,30
2018-07-31,11279.3,11281.75,11271.65,11279.9,11:45:00,11286.514170071396,1,31
2018-07-31,11285.25,11285.95,11278.15,11278.2,11:50:00,11286.393772921738,1,32
2018-07-31,11289.05,11290.1,11281.65,11285.3,11:55:00,11286.646746929193,1,33
2018-07-31,11291.6,11292.4,11287.5,11288.55,12:00:00,11287.118485316889,1,34
2018-07-31,11292.0,11292.2,11286.7,11291.7,12:05:00,11287.583391477185,1,35
2018-07-31,11292.95,11295.05,11290.9,11291.7,12:10:00,11288.094497050784,1,36
2018-07-31,11296.15,11299.2,11291.3,11293.1,12:15:00,11288.861687807854,1,37
2018-07-31,11296.05,11296.55,11291.55,11295.9,12:20:00,11289.54628896901,1,38
2018-07-31,11299.6,11300.45,11294.0,11295.65,12:25:00,11290.503785257675,1,39
2018-07-31,11303.2,11305.05,11299.45,11299.45,12:30:00,11291.712948566468,1,40
2018-07-31,11298.6,11308.4,11298.6,11303.35,12:35:00,11292.368858226804,1,41
2018-07-31,11294.9,11299.6,11291.95,11298.4,12:40:00,11292.609919348062,1,42
2018-07-31,11303.4,11304.1,11295.25,11295.25,12:45:00,11293.637546076818,1,43
2018-07-31,11306.7,11309.15,11302.25,11303.0,12:50:00,11294.881589307595,1,44
2018-07-31,11301.9,11309.1,11300.6,11306.85,12:55:00,11295.55000937354,1,45
2018-07-31,11304.25,11307.25,11301.2,11302.2,13:00:00,11296.378579909397,1,46
2018-07-31,11301.6,11306.35,11301.25,11304.35,13:05:00,11296.875858013262,1,47
2018-07-31,11297.9,11303.35,11297.9,11301.05,13:10:00,11296.973395345332,1,48
2018-07-31,11307.1,11309.05,11297.35,11297.65,13:15:00,11297.937833883872,1,49
2018-07-31,11301.8,11309.5,11301.35,11306.8,13:20:00,11298.305659228266,1,50
2018-07-31,11302.45,11303.95,11300.4,11301.75,13:25:00,11298.700358349382,1,51
2018-07-31,11302.45,11303.95,11299.65,11302.4,13:30:00,11299.057467078012,1,52
2018-07-31,11304.65,11307.2,11299.65,11302.5,13:35:00,11299.59008926106,1,53
2018-07-31,11297.35,11307.55,11297.15,11304.55,13:40:00,11299.376747426671,1,54
2018-07-31,11298.95,11298.95,11293.3,11297.6,13:45:00,11299.336104814607,1,55
2018-07-31,11294.05,11303.25,11294.0,11299.2,13:50:00,11298.832666260836,1,56
2018-07-31,11303.3,11303.35,11291.65,11293.85,13:55:00,11299.258126616947,1,57
2018-07-31,11302.85,11305.2,11300.25,11303.05,14:00:00,11299.600209796286,1,58
2018-07-31,11307.55,11307.65,11300.15,11302.8,14:05:00,11300.357332672833,1,59
2018-07-31,11313.75,11319.65,11307.8,11307.8,14:10:00,11301.632824799228,1,60
2018-07-31,11321.25,11322.35,11312.65,11316.45,14:15:00,11303.501127199304,1,61
2018-07-31,11328.65,11330.95,11319.75,11321.35,14:20:00,11305.896257942226,1,62
2018-07-31,11323.6,11330.0,11319.25,11328.4,14:25:00,11307.582328614391,1,63
2018-07-31,11331.4,11332.75,11323.5,11323.65,14:30:00,11309.850678270164,1,64
2018-07-31,11332.8,11334.7,11329.3,11331.5,14:35:00,11312.036327958722,1,65
2018-07-31,11328.9,11336.2,11328.3,11332.25,14:40:00,11313.642391962654,1,66
2018-07-31,11326.2,11333.6,11324.55,11328.45,14:45:00,11314.838354632877,1,67
2018-07-31,11329.05,11332.5,11326.0,11326.0,14:50:00,11316.19184466784,1,68
2018-07-31,11332.7,11332.8,11327.7,11328.75,14:55:00,11317.76404993757,1,69
2018-07-31,11344.2,11348.45,11332.2,11332.5,15:00:00,11320.281759467323,1,70
2018-07-31,11357.0,11359.35,11343.5,11344.3,15:05:00,11323.778734756152,1,71
2018-07-31,11357.6,11363.3,11354.55,11357.3,15:10:00,11326.999807636515,1,72
2018-07-31,11360.9,11366.0,11356.45,11357.25,15:15:00,11330.22839738542,1,73
2018-07-31,11362.7,11363.25,11357.75,11360.75,15:20:00,11333.320930967762,1,74
2018-07-31,11357.25,11363.3,11352.95,11362.5,15:25:00,11335.599889923213,1,75
2018-08-01,11367.95,11378.95,11358.65,11358.65,09:15:00,11338.680852787667,2,1
2018-08-01,11383.75,11386.9,11367.35,11367.75,09:20:00,11342.973152522174,2,2
2018-08-01,11378.85,11385.3,11376.5,11383.25,09:25:00,11346.38999513911,2,3
2018-08-01,11376.5,11381.2,11372.45,11379.0,09:30:00,11349.257614649672,2,4
2018-08-01,11366.05,11377.05,11366.0,11376.3,09:35:00,11350.856889444942,2,5
2018-08-01,11373.0,11375.75,11365.05,11365.75,09:40:00,11352.965757116852,2,6
2018-08-01,11377.6,11381.25,11371.25,11373.3,09:45:00,11355.311875486675,2,7
2018-08-01,11377.6,11380.55,11375.95,11377.3,09:50:00,11357.434554011756,2,8
2018-08-01,11380.7,11384.2,11376.65,11377.9,09:55:00,11359.65031077254,2,9
2018-08-01,11381.65,11384.95,11379.0,11380.1,10:00:00,11361.745519270396,2,10
2018-08-01,11390.0,11390.0,11381.15,11382.15,10:05:00,11364.436422197025,2,11
2018-08-01,11381.2,11390.55,11379.9,11390.55,10:10:00,11366.032953416356,2,12
2018-08-01,11388.0,11389.0,11380.3,11381.6,10:15:00,11368.12505309099,2,13
2018-08-01,11382.15,11388.1,11380.5,11388.1,10:20:00,11369.46076232042,2,14
2018-08-01,11376.5,11383.65,11376.4,11382.55,10:25:00,11370.131165908952,2,15
2018-08-01,11374.5,11379.55,11373.95,11376.0,10:30:00,11370.547245346192,2,16
2018-08-01,11377.85,11379.6,11373.45,11374.4,10:35:00,11371.242745789414,2,17
2018-08-01,11373.1,11379.05,11373.1,11378.0,10:40:00,11371.419627142805,2,18
2018-08-01,11374.25,11377.2,11373.0,11373.7,10:45:00,11371.689186462536,2,19
2018-08-01,11364.0,11373.65,11364.0,11373.3,10:50:00,11370.956882989913,2,20
2018-08-01,11362.8,11367.45,11361.15,11364.3,10:55:00,11370.180036990872,2,21
2018-08-01,11361.45,11364.15,11359.35,11363.45,11:00:00,11369.348604896502,2,22
2018-08-01,11357.65,11362.3,11356.55,11361.6,11:05:00,11368.234452049215,2,23
2018-08-01,11359.05,11359.25,11350.7,11357.25,11:10:00,11367.359742330242,2,24
2018-08-01,11355.65,11363.4,11355.55,11358.8,11:15:00,11366.244528774982,2,25
2018-08-01,11352.45,11357.55,11351.7,11355.2,11:20:00,11364.930764129746,2,26
2018-08-01,11349.45,11352.35,11343.95,11352.35,11:25:00,11363.456405641198,2,27
2018-08-01,11340.95,11351.0,11337.55,11350.0,11:30:00,11361.312938437277,2,28
2018-08-01,11343.6,11345.8,11340.75,11341.5,11:35:00,11359.62599191944,2,29
2018-08-01,11339.45,11344.8,11338.3,11343.95,11:40:00,11357.704468879494,2,30
2018-08-01,11352.15,11352.65,11339.3,11339.3,11:45:00,11357.175471843351,2,31
2018-08-01,11353.1,11354.55,11351.05,11352.1,11:50:00,11356.787331667794,2,32
2018-08-01,11349.4,11353.8,11347.4,11353.2,11:55:00,11356.083776270862,2,33
2018-08-01,11355.75,11357.95,11348.6,11349.8,12:00:00,11356.051988054587,2,34
2018-08-01,11357.7,11357.7,11354.55,11355.8,12:05:00,11356.2089415732,2,35
2018-08-01,11364.95,11367.85,11357.35,11357.6,12:10:00,11357.041423328134,2,36
2018-08-01,11363.7,11367.65,11361.9,11364.9,12:15:00,11357.67557348736,2,37
2018-08-01,11362.55,11366.65,11361.6,11363.8,12:20:00,11358.1398045838,2,38
2018-08-01,11360.35,11363.65,11356.8,11362.5,12:25:00,11358.350299385344,2,39
2018-08-01,11360.95,11362.1,11359.2,11360.65,12:30:00,11358.597889920073,2,40
2018-08-01,11358.75,11360.9,11355.15,11360.6,12:35:00,11358.61237659435,2,41
2018-08-01,11359.1,11360.05,11356.7,11359.95,12:40:00,11358.658816918698,2,42
2018-08-01,11360.1,11362.35,11356.05,11357.9,12:45:00,11358.79607245025,2,43
2018-08-01,11357.7,11362.25,11356.45,11360.75,12:50:00,11358.691684597845,2,44
2018-08-01,11356.95,11359.65,11354.8,11359.05,12:55:00,11358.525809874242,2,45
2018-08-01,11357.25,11358.6,11352.4,11358.6,13:00:00,11358.404304171932,2,46
2018-08-01,11346.25,11357.75,11344.7,11357.35,13:05:00,11357.246751393654,2,47
2018-08-01,11347.05,11347.95,11342.95,11347.8,13:10:00,11356.275632213305,2,48
2018-08-01,11351.65,11353.0,11346.9,11347.2,13:15:00,11355.835095812035,2,49
2018-08-01,11348.7,11353.5,11347.85,11350.8,13:20:00,11355.15556287756,2,50
2018-08-01,11346.5,11348.9,11344.0,11348.9,13:25:00,11354.331223555886,2,51
2018-08-01,11352.85,11357.45,11345.15,11346.35,13:30:00,11354.190154645805,2,52
2018-08-01,11342.1,11352.5,11340.8,11352.15,13:35:00,11353.038711346204,2,53
2018-08-01,11340.5,11344.45,11339.0,11341.5,13:40:00,11351.84454836085,2,54
2018-08-01,11340.2,11345.05,11339.55,11340.15,13:45:00,11350.735543755054,2,55
2018-08-01,11342.3,11343.6,11335.3,11339.35,13:50:00,11349.932158635524,2,56
2018-08-01,11339.3,11341.9,11337.95,11341.5,13:55:00,11348.919572098808,2,57
2018-08-01,11347.6,11347.6,11335.05,11339.1,14:00:00,11348.79389856559,2,58
2018-08-01,11338.6,11348.85,11338.05,11347.35,14:05:00,11347.823051083153,2,59
2018-08-01,11337.05,11339.7,11335.5,11338.75,14:10:00,11346.797046218093,2,60
2018-08-01,11335.95,11337.35,11334.35,11337.2,14:15:00,11345.76399419732,2,61
2018-08-01,11338.45,11345.9,11335.65,11335.65,14:20:00,11345.067423321389,2,62
2018-08-01,11333.9,11344.6,11333.9,11338.35,14:25:00,11344.00385919554,2,63
2018-08-01,11342.55,11355.7,11328.65,11333.7,14:30:00,11343.865396415013,2,64
2018-08-01,11323.35,11346.75,11323.35,11342.1,14:35:00,11341.911549137392,2,65
2018-08-01,11333.3,11333.3,11313.55,11322.85,14:40:00,11341.091401600495,2,66
2018-08-01,11338.35,11338.95,11330.4,11333.45,14:45:00,11340.830315733783,2,67
2018-08-01,11348.15,11348.15,11338.15,11338.15,14:50:00,11341.527428521042,2,68
2018-08-01,11348.3,11354.4,11345.3,11347.8,14:55:00,11342.17243532856,2,69
2018-08-01,11367.05,11373.0,11348.2,11348.2,15:00:00,11344.541727202031,2,70
2018-08-01,11365.05,11368.6,11361.65,11367.65,15:05:00,11346.494896039932,2,71
2018-08-01,11349.65,11367.95,11349.65,11366.15,15:10:00,11346.795382131368,2,72
2018-08-01,11338.75,11351.9,11335.15,11350.45,15:15:00,11346.029155261713,2,73
2018-08-01,11330.6,11340.1,11327.85,11338.85,15:20:00,11344.559711903456,2,74
2018-08-01,11322.95,11332.9,11320.95,11331.1,15:25:00,11342.501644103126,2,75
2018-08-02,11313.75,11324.15,11302.8,11322.55,09:15:00,11339.76339228378,3,1
2018-08-02,11313.5,11318.4,11306.15,11313.8,09:20:00,11337.262116828184,3,2
2018-08-02,11313.35,11317.25,11307.65,11313.75,09:25:00,11334.984772368358,3,3
2018-08-02,11289.1,11313.2,11288.3,11313.2,09:30:00,11330.614794047562,3,4
2018-08-02,11273.3,11289.85,11271.2,11289.0,09:35:00,11325.156242233508,3,5
2018-08-02,11275.15,11278.1,11268.95,11273.25,09:40:00,11320.393742973174,3,6
2018-08-02,11274.65,11285.4,11273.8,11274.75,09:45:00,11316.037196023348,3,7
2018-08-02,11273.1,11280.75,11272.65,11274.9,09:50:00,11311.94793925922,3,8
2018-08-02,11266.4,11274.1,11263.55,11273.2,09:55:00,11307.610040282152,3,9
2018-08-02,11275.35,11280.2,11266.0,11266.45,10:00:00,11304.537655493375,3,10
2018-08-02,11276.7,11279.55,11272.55,11275.5,10:05:00,11301.886450208292,3,11
2018-08-02,11287.25,11287.3,11275.9,11276.85,10:10:00,11300.492502569408,3,12
2018-08-02,11287.85,11290.95,11284.35,11287.15,10:15:00,11299.288454705656,3,13
2018-08-02,11290.85,11291.85,11286.0,11287.65,10:20:00,11298.484792352734,3,14
2018-08-02,11294.75,11296.95,11288.9,11290.7,10:25:00,11298.12909784295,3,15
2018-08-02,11290.55,11295.45,11288.3,11294.2,10:30:00,11297.407279000765,3,16
2018-08-02,11284.2,11290.9,11277.4,11290.65,10:35:00,11296.149442905453,3,17
2018-08-02,11286.7,11289.45,11281.95,11284.1,10:40:00,11295.249495962074,3,18
2018-08-02,11283.55,11286.95,11281.05,11286.75,10:45:00,11294.1352582514,3,19
2018-08-02,11284.25,11287.4,11283.5,11283.5,10:50:00,11293.1938050846,3,20
2018-08-02,11283.45,11285.15,11280.25,11284.15,10:55:00,11292.265823647973,3,21
2018-08-02,11278.1,11284.9,11276.6,11283.5,11:00:00,11290.91669758626,3,22
2018-08-02,11276.0,11280.6,11275.45,11278.2,11:05:00,11289.4960597209,3,23
2018-08-02,11283.95,11284.3,11275.35,11275.35,11:10:00,11288.967863557004,3,24
2018-08-02,11278.95,11283.75,11278.1,11283.55,11:15:00,11288.013781313482,3,25
2018-08-02,11276.5,11280.0,11274.65,11279.0,11:20:00,11286.9172307122,3,26
2018-08-02,11278.8,11279.9,11273.8,11276.6,11:25:00,11286.14416112056,3,27
2018-08-02,11284.75,11284.75,11277.65,11278.7,11:30:00,11286.011383870984,3,28
2018-08-02,11292.0,11292.5,11283.3,11285.0,11:35:00,11286.581728264224,3,29
2018-08-02,11286.7,11292.8,11285.15,11291.45,11:40:00,11286.59299223906,3,30
2018-08-02,11281.4,11288.8,11281.25,11286.65,11:45:00,11286.098421549625,3,31
2018-08-02,11281.5,11282.85,11278.7,11281.15,11:50:00,11285.660476640136,3,32
2018-08-02,11282.2,11283.2,11277.4,11281.4,11:55:00,11285.330907436311,3,33
2018-08-02,11285.7,11289.2,11281.8,11282.1,12:00:00,11285.366059109048,3,34
2018-08-02,11290.05,11290.7,11282.9,11285.3,12:05:00,11285.812148717709,3,35
2018-08-02,11290.5,11293.85,11289.35,11290.1,12:10:00,11286.258610744591,3,36
2018-08-02,11292.6,11296.8,11290.7,11290.7,12:15:00,11286.86255257844,3,37
2018-08-02,11295.15,11298.75,11292.95,11293.0,12:20:00,11287.651833285256,3,38
2018-08-02,11286.95,11296.15,11286.95,11295.2,12:25:00,11287.584992019994,3,39
2018-08-02,11288.1,11291.3,11285.2,11287.75,12:30:00,11287.634040399043,3,40
2018-08-02,11290.2,11292.05,11286.95,11287.75,12:35:00,11287.878417503896,3,41
2018-08-02,11293.65,11295.8,11290.0,11290.0,12:40:00,11288.428092027336,3,42
2018-08-02,11291.8,11294.85,11291.5,11293.7,12:45:00,11288.74922611997,3,43
2018-08-02,11293.4,11293.75,11289.35,11291.95,12:50:00,11289.192156965688,3,44
2018-08-02,11291.85,11295.1,11290.45,11293.25,12:55:00,11289.445284873716,3,45
2018-08-02,11279.7,11293.25,11277.9,11292.15,13:00:00,11288.517162504791,3,46
2018-08-02,11281.8,11282.6,11279.35,11279.55,13:05:00,11287.87743274243,3,47
2018-08-02,11273.75,11281.75,11273.15,11281.55,13:10:00,11286.531962957435,3,48
2018-08-02,11270.65,11273.4,11269.9,11273.35,13:15:00,11285.019395056728,3,49
2018-08-02,11277.7,11279.65,11268.8,11270.4,13:20:00,11284.32230981323,3,50
2018-08-02,11271.0,11277.75,11269.65,11277.75,13:25:00,11283.053518402445,3,51
2018-08-02,11270.1,11271.45,11267.6,11271.35,13:30:00,11281.819849983163,3,52
2018-08-02,11275.45,11277.0,11269.85,11270.45,13:35:00,11281.213197603816,3,53
2018-08-02,11272.7,11275.2,11269.45,11275.2,13:40:00,11280.402416879644,3,54
2018-08-02,11273.95,11279.3,11272.45,11272.45,13:45:00,11279.787900986345,3,55
2018-08-02,11278.25,11281.15,11273.05,11273.8,13:50:00,11279.64143422574,3,56
2018-08-02,11277.55,11279.35,11274.7,11278.45,13:55:00,11279.442250013764,3,57
2018-08-02,11270.65,11278.25,11270.65,11277.5,14:00:00,11278.604892869596,3,58
2018-08-02,11261.25,11270.85,11260.8,11270.6,14:05:00,11276.952045929636,3,59
2018-08-02,11252.65,11263.8,11251.7,11261.35,14:10:00,11274.637565364908,3,60
2018-08-02,11254.8,11257.0,11251.9,11252.5,14:15:00,11272.748273425392,3,61
2018-08-02,11255.9,11260.95,11254.75,11254.95,14:20:00,11271.143675956308,3,62
2018-08-02,11251.35,11258.8,11249.95,11256.1,14:25:00,11269.25856396047,3,63
2018-08-02,11257.55,11260.9,11251.1,11251.85,14:30:00,11268.1434626309,3,64
2018-08-02,11255.1,11258.65,11253.0,11257.95,14:35:00,11266.901228094624,3,65
2018-08-02,11262.15,11262.6,11253.75,11254.55,14:40:00,11266.44873018085,3,66
2018-08-02,11260.95,11268.05,11260.95,11262.25,14:45:00,11265.925041592198,3,67
2018-08-02,11265.45,11265.75,11258.9,11260.75,14:50:00,11265.879799535798,3,68
2018-08-02,11262.05,11268.2,11261.65,11265.7,14:55:00,11265.515056722868,3,69
2018-08-02,11245.4,11262.35,11243.6,11262.2,15:00:00,11263.599337034975,3,70
2018-08-02,11251.05,11252.75,11245.15,11245.15,15:05:00,11262.404162079263,3,71
2018-08-02,11250.9,11253.3,11248.15,11251.75,15:10:00,11261.308527595524,3,72
2018-08-02,11241.95,11252.1,11240.95,11251.15,15:15:00,11259.464858300713,3,73
2018-08-02,11238.4,11243.25,11236.05,11242.65,15:20:00,11257.458681319691,3,74
2018-08-02,11238.15,11240.05,11234.95,11239.2,15:25:00,11255.619759289244,3,75
2018-08-03,11311.9,11315.25,11294.55,11296.05,09:15:00,11260.97978221408,4,1
2018-08-03,11314.45,11319.35,11312.5,11312.5,09:20:00,11266.072183907978,4,2
2018-08-03,11309.95,11314.85,11307.25,11314.85,09:25:00,11270.25102353579,4,3
2018-08-03,11325.2,11325.2,11308.25,11309.8,09:30:00,11275.484259389525,4,4
2018-08-03,11321.75,11331.45,11320.95,11325.45,09:35:00,11279.890520400046,4,5
2018-08-03,11318.65,11323.05,11317.9,11321.95,09:40:00,11283.581899409566,4,6
2018-08-03,11327.15,11328.4,11318.7,11318.7,09:45:00,11287.73124232294,4,7
2018-08-03,11325.55,11328.05,11323.65,11327.45,09:50:00,11291.333028768377,4,8
2018-08-03,11332.9,11333.7,11324.75,11325.9,09:55:00,11295.291787933293,4,9
2018-08-03,11329.25,11335.1,11328.5,11332.65,10:00:00,11298.525903368218,4,10
2018-08-03,11326.85,11330.75,11322.8,11328.85,10:05:00,11301.22343638077,4,11
2018-08-03,11323.1,11328.2,11322.8,11327.4,10:10:00,11303.30691863022,4,12
2018-08-03,11323.15,11327.5,11321.85,11322.85,10:15:00,11305.196735903532,4,13
2018-08-03,11329.2,11329.2,11322.35,11323.1,10:20:00,11307.482761055577,4,14
2018-08-03,11328.55,11329.6,11323.9,11329.25,10:25:00,11309.489164764567,4,15
2018-08-03,11331.0,11332.3,11328.35,11328.45,10:30:00,11311.537815739372,4,16
2018-08-03,11334.9,11335.9,11331.45,11331.55,10:35:00,11313.762785668956,4,17
2018-08-03,11332.85,11336.15,11331.4,11334.95,10:40:00,11315.580615605246,4,18
2018-08-03,11332.6,11334.75,11329.05,11332.95,10:45:00,11317.201509357126,4,19
2018-08-03,11330.5,11334.2,11327.45,11332.3,10:50:00,11318.468032275496,4,20
2018-08-03,11328.7,11330.65,11326.5,11330.25,10:55:00,11319.442505392117,4,21
2018-08-03,11327.95,11330.1,11326.25,11329.15,11:00:00,11320.252742973818,4,22
2018-08-03,11327.5,11329.45,11326.7,11327.75,11:05:00,11320.942957928692,4,23
2018-08-03,11325.85,11329.05,11325.45,11327.45,11:10:00,11321.410295268815,4,24
2018-08-03,11319.1,11326.25,11318.4,11325.75,11:15:00,11321.190267147977,4,25
2018-08-03,11318.6,11322.15,11318.2,11318.9,11:20:00,11320.943575038646,4,26
2018-08-03,11322.9,11323.2,11315.55,11318.75,11:25:00,11321.129901225442,4,27
2018-08-03,11327.15,11327.15,11321.65,11323.0,11:30:00,11321.703243965876,4,28
2018-08-03,11325.05,11327.45,11321.8,11327.1,11:35:00,11322.021982635792,4,29
2018-08-03,11321.45,11326.75,11321.4,11325.0,11:40:00,11321.967508099053,4,30
2018-08-03,11322.7,11323.2,11318.8,11321.75,11:45:00,11322.037269232476,4,31
2018-08-03,11320.4,11323.45,11320.1,11322.55,11:50:00,11321.881338829382,4,32
2018-08-03,11322.0,11322.45,11318.25,11320.35,11:55:00,11321.89263989325,4,33
2018-08-03,11326.15,11326.15,11321.8,11322.5,12:00:00,11322.29810276056,4,34
2018-08-03,11326.0,11327.1,11325.2,11325.7,12:05:00,11322.65066440241,4,35
2018-08-03,11323.45,11326.65,11322.35,11325.8,12:10:00,11322.72679160218,4,36
2018-08-03,11324.9,11324.9,11321.4,11323.5,12:15:00,11322.933763830544,4,37
2018-08-03,11322.6,11325.85,11322.2,11324.8,12:20:00,11322.901976799065,4,38
2018-08-03,11319.7,11323.3,11316.85,11322.7,12:25:00,11322.597026627724,4,39
2018-08-03,11322.25,11323.85,11319.5,11319.75,12:30:00,11322.563976472706,4,40
2018-08-03,11326.2,11327.8,11322.05,11322.3,12:35:00,11322.910264427686,4,41
2018-08-03,11325.7,11329.0,11325.35,11327.1,12:40:00,11323.175953529812,4,42
2018-08-03,11325.45,11326.95,11323.95,11325.65,12:45:00,11323.392529384117,4,43
2018-08-03,11319.0,11326.4,11318.15,11325.3,12:50:00,11322.974193252294,4,44
2018-08-03,11320.25,11322.2,11317.4,11318.85,12:55:00,11322.714746275886,4,45
2018-08-03,11319.55,11322.45,11318.5,11320.95,13:00:00,11322.413341868658,4,46
2018-08-03,11324.35,11325.7,11318.95,11319.25,13:05:00,11322.597785500217,4,47
2018-08-03,11323.7,11326.7,11323.0,11324.4,13:10:00,11322.70275830972,4,48
2018-08-03,11329.25,11329.25,11323.5,11323.5,13:15:00,11323.326305137363,4,49
2018-08-03,11330.55,11333.95,11328.75,11328.75,13:20:00,11324.014276076665,4,50
2018-08-03,11329.95,11332.2,11328.35,11330.4,13:25:00,11324.579583116982,4,51
2018-08-03,11335.3,11338.3,11329.45,11329.85,13:30:00,11325.60057520108,4,52
2018-08-03,11333.9,11337.35,11333.4,11335.45,13:35:00,11326.390996610498,4,53
2018-08-03,11334.5,11336.05,11328.15,11334.1,13:40:00,11327.163282647594,4,54
2018-08-03,11333.45,11335.5,11331.65,11334.3,13:45:00,11327.76201763354,4,55
2018-08-03,11335.25,11336.1,11329.6,11333.55,13:50:00,11328.475158811296,4,56
2018-08-03,11340.0,11341.2,11334.45,11335.5,13:55:00,11329.57276273403,4,57
2018-08-03,11335.95,11340.4,11335.55,11340.15,14:00:00,11330.180118664122,4,58
2018-08-03,11340.85,11343.0,11334.45,11336.0,14:05:00,11331.19629783897,4,59
2018-08-03,11342.55,11343.4,11339.6,11340.8,14:10:00,11332.277602806687,4,60
2018-08-03,11345.85,11345.85,11338.55,11342.35,14:15:00,11333.570212063194,4,61
2018-08-03,11344.9,11347.05,11344.05,11344.65,14:20:00,11334.649239485749,4,62
2018-08-03,11350.2,11351.6,11344.25,11344.8,14:25:00,11336.13026429663,4,63
2018-08-03,11353.5,11355.05,11350.0,11350.9,14:30:00,11337.784524839806,4,64
2018-08-03,11350.9,11354.05,11349.55,11353.55,14:35:00,11339.033617712204,4,65
2018-08-03,11353.55,11358.2,11351.0,11351.5,14:40:00,11340.41613031104,4,66
2018-08-03,11349.85,11353.05,11345.25,11353.05,14:45:00,11341.314594090942,4,67
2018-08-03,11350.45,11351.8,11348.05,11349.75,14:50:00,11342.184632748947,4,68
2018-08-03,11350.55,11351.45,11346.65,11350.05,14:55:00,11342.981334391903,4,69
2018-08-03,11358.2,11361.4,11350.4,11350.4,15:00:00,11344.430731116488,4,70
2018-08-03,11362.75,11367.2,11356.9,11356.95,15:05:00,11346.175423391109,4,71
2018-08-03,11358.2,11364.05,11354.75,11362.5,15:10:00,11347.320621163382,4,72
2018-08-03,11358.1,11359.4,11353.85,11358.1,15:15:00,11348.347228671631,4,73
2018-08-03,11364.0,11368.0,11357.9,11357.9,15:20:00,11349.83796879814,4,74
2018-08-03,11362.25,11367.3,11359.5,11364.2,15:25:00,11351.020067007845,4,75
2018-08-06,11417.75,11422.55,11398.35,11398.35,09:15:00,11357.37529872138,0,1
2018-08-06,11419.75,11423.6,11418.0,11418.8,09:20:00,11363.315746462202,0,2
2018-08-06,11422.65,11427.0,11416.85,11419.5,09:25:00,11368.966627751515,0,3
2018-08-06,11423.5,11426.15,11417.1,11421.1,09:30:00,11374.160282251372,0,4
2018-08-06,11423.7,11427.65,11420.0,11423.45,09:35:00,11378.878350608386,0,5
2018-08-06,11418.7,11425.15,11416.65,11423.6,09:40:00,11382.670888645682,0,6
2018-08-06,11405.05,11419.65,11404.55,11419.2,09:45:00,11384.802232584188,0,7
2018-08-06,11399.4,11408.05,11397.7,11405.3,09:50:00,11386.192496147598,0,8
2018-08-06,11396.6,11399.25,11388.75,11398.8,09:55:00,11387.183686990684,0,9
2018-08-06,11395.75,11399.85,11392.9,11396.15,10:00:00,11387.999526324904,0,10
2018-08-06,11382.85,11396.5,11377.95,11396.5,10:05:00,11387.509095246342,0,11
2018-08-06,11386.3,11387.75,11381.25,11382.65,10:10:00,11387.39394331812,0,12
2018-08-06,11391.9,11392.5,11379.55,11386.1,10:15:00,11387.823091573537,0,13
2018-08-06,11393.5,11397.25,11391.6,11391.6,10:20:00,11388.363749518914,0,14
2018-08-06,11393.75,11396.2,11390.85,11393.75,10:25:00,11388.876725755208,0,15
2018-08-06,11400.8,11401.75,11393.05,11394.1,10:30:00,11390.012275683282,0,16
2018-08-06,11403.55,11405.0,11400.85,11400.95,10:35:00,11391.301582761063,0,17
2018-08-06,11399.9,11407.2,11396.75,11403.9,10:40:00,11392.120479640964,0,18
2018-08-06,11397.15,11400.25,11393.9,11399.7,10:45:00,11392.59948157992,0,19
2018-08-06,11399.7,11401.05,11395.6,11396.85,10:50:00,11393.27572142945,0,20
2018-08-06,11408.8,11408.95,11398.4,11399.2,10:55:00,11394.754224150454,0,21
2018-08-06,11405.05,11409.15,11399.2,11408.95,11:00:00,11395.734774231363,0,22
2018-08-06,11407.4,11411.75,11404.45,11405.15,11:05:00,11396.845748114092,0,23
2018-08-06,11407.55,11409.95,11404.15,11407.55,11:10:00,11397.865200674654,0,24
2018-08-06,11408.6,11409.5,11406.25,11407.95,11:15:00,11398.887562515163,0,25
2018-08-06,11412.2,11412.7,11407.95,11408.9,11:20:00,11400.155413704197,0,26
2018-08-06,11410.35,11413.75,11409.3,11411.85,11:25:00,11401.126326684747,0,27
2018-08-06,11411.65,11411.95,11408.3,11410.2,11:30:00,11402.1285812862,0,28
2018-08-06,11405.5,11413.3,11405.1,11411.8,11:35:00,11402.449668782754,0,29
2018-08-06,11403.65,11405.6,11399.1,11405.6,11:40:00,11402.56398604154,0,30
2018-08-06,11403.75,11406.55,11402.25,11403.7,11:45:00,11402.67693975187,0,31
2018-08-06,11401.4,11405.85,11399.85,11403.95,11:50:00,11402.555326442169,0,32
2018-08-06,11402.65,11404.25,11401.2,11401.7,11:55:00,11402.564342971487,0,33
2018-08-06,11403.2,11406.7,11401.4,11403.5,12:00:00,11402.624881736108,0,34
2018-08-06,11402.85,11406.35,11401.35,11402.75,12:05:00,11402.646321570764,0,35
2018-08-06,11395.6,11404.3,11394.9,11403.2,12:10:00,11401.975243325927,0,36
2018-08-06,11391.5,11395.8,11389.7,11395.4,12:15:00,11400.97760110441,0,37
2018-08-06,11396.1,11397.1,11390.8,11391.35,12:20:00,11400.513067665896,0,38
2018-08-06,11400.5,11400.9,11395.9,11396.2,12:25:00,11400.511823126286,0,39
2018-08-06,11400.65,11401.95,11398.3,11400.35,12:30:00,11400.524982828543,0,40
2018-08-06,11397.85,11401.25,11395.65,11400.9,12:35:00,11400.270222559158,0,41
2018-08-06,11395.5,11399.95,11394.65,11399.3,12:40:00,11399.815915648762,0,42
2018-08-06,11393.35,11397.9,11392.65,11396.7,12:45:00,11399.200114158404,0,43
2018-08-06,11387.55,11395.1,11387.55,11393.9,12:50:00,11398.090579476651,0,44
2018-08-06,11386.05,11390.4,11385.75,11389.85,12:55:00,11396.943857621733,0,45
2018-08-06,11395.85,11396.75,11385.4,11388.8,13:00:00,11396.839680705376,0,46
2018-08-06,11396.15,11397.8,11392.0,11397.55,13:05:00,11396.773996828671,0,47
2018-08-06,11397.7,11399.05,11394.25,11397.7,13:10:00,11396.862187606896,0,48
2018-08-06,11400.7,11402.45,11397.45,11399.25,13:15:00,11397.227693549095,0,49
2018-08-06,11401.1,11402.4,11398.75,11400.4,13:20:00,11397.596484639656,0,50
2018-08-06,11395.7,11402.7,11394.75,11401.75,13:25:00,11397.415867054926,0,51
2018-08-06,11395.15,11398.3,11394.85,11395.8,13:30:00,11397.200070192552,0,52
2018-08-06,11402.75,11402.75,11394.75,11395.45,13:35:00,11397.728634936118,0,53
2018-08-06,11399.8,11403.4,11399.05,11402.2,13:40:00,11397.925907799345,0,54
2018-08-06,11400.6,11403.55,11399.1,11400.05,13:45:00,11398.180583247024,0,55
2018-08-06,11399.55,11402.6,11394.05,11401.2,13:50:00,11398.311003890163,0,56
2018-08-06,11399.0,11400.15,11397.4,11399.5,13:55:00,11398.376622567292,0,57
2018-08-06,11403.2,11404.85,11399.2,11400.05,14:00:00,11398.835991846598,0,58
2018-08-06,11402.4,11404.1,11399.4,11402.65,14:05:00,11399.17542119454,0,59
2018-08-06,11398.45,11405.2,11397.75,11402.85,14:10:00,11399.106333461728,0,60
2018-08-06,11398.7,11400.3,11393.85,11398.85,14:15:00,11399.067635036805,0,61
2018-08-06,11399.65,11400.75,11396.6,11399.0,14:20:00,11399.12309836663,0,62
2018-08-06,11396.75,11399.55,11393.9,11399.35,14:25:00,11398.89708899838,0,63
2018-08-06,11387.0,11398.95,11386.3,11396.85,14:30:00,11397.764032903297,0,64
2018-08-06,11388.15,11391.3,11379.95,11387.3,14:35:00,11396.84841072203,0,65
2018-08-06,11388.3,11390.7,11386.8,11389.05,14:40:00,11396.03427636755,0,66
2018-08-06,11382.1,11389.15,11382.1,11388.7,14:45:00,11394.707202427784,0,67
2018-08-06,11380.25,11383.7,11370.6,11382.45,14:50:00,11393.330326006091,0,68
2018-08-06,11381.45,11381.45,11375.4,11380.7,14:55:00,11392.198866386463,0,69
2018-08-06,11390.7,11391.4,11381.4,11382.85,15:00:00,11392.056117206805,0,70
2018-08-06,11387.25,11395.85,11387.0,11391.4,15:05:00,11391.598391758536,0,71
2018-08-06,11389.2,11389.2,11382.8,11388.2,15:10:00,11391.369973495815,0,72
2018-08-06,11389.45,11389.95,11383.1,11389.6,15:15:00,11391.18711887717,0,73
2018-08-06,11387.35,11390.55,11384.15,11390.35,15:20:00,11390.821678984106,0,74
2018-08-06,11389.7,11391.95,11387.05,11389.0,15:25:00,11390.714852414192,0,75
2018-08-07,11400.7,11428.95,11398.35,11416.2,09:15:00,11391.665818850935,1,1
2018-08-07,11404.15,11406.55,11399.55,11400.1,09:20:00,11392.85478848418,1,2
2018-08-07,11400.45,11407.0,11397.9,11404.65,09:25:00,11393.578141961876,1,3
2018-08-07,11388.9,11400.65,11388.3,11400.3,09:30:00,11393.132604632174,1,4
2018-08-07,11394.2,11397.15,11387.3,11389.1,09:35:00,11393.234261333871,1,5
2018-08-07,11389.25,11395.75,11387.6,11393.75,09:40:00,11392.854807873504,1,6
2018-08-07,11398.1,11400.0,11389.55,11389.55,09:45:00,11393.35434998079,1,7
2018-08-07,11403.45,11403.7,11396.7,11398.3,09:50:00,11394.315840458808,1,8
2018-08-07,11403.6,11407.9,11402.15,11403.15,09:55:00,11395.200046129396,1,9
2018-08-07,11405.35,11407.0,11399.5,11403.3,10:00:00,11396.166708402789,1,10
2018-08-07,11404.5,11407.15,11403.5,11405.0,10:05:00,11396.96035522157,1,11
2018-08-07,11404.15,11405.4,11401.1,11404.0,10:10:00,11397.645083295709,1,12
2018-08-07,11403.9,11407.3,11402.8,11404.55,10:15:00,11398.240789648498,1,13
2018-08-07,11392.05,11404.1,11391.65,11404.05,10:20:00,11397.651190634357,1,14
2018-08-07,11381.6,11392.45,11377.2,11392.45,10:25:00,11396.122505812038,1,15
2018-08-07,11391.55,11391.55,11380.5,11380.6,10:30:00,11395.687029068034,1,16
2018-08-07,11389.6,11397.9,11388.8,11391.3,10:35:00,11395.107312013935,1,17
2018-08-07,11384.35,11392.15,11383.45,11389.15,10:40:00,11394.082806107848,1,18
2018-08-07,11383.9,11384.8,11380.2,11384.6,10:45:00,11393.113015049958,1,19
2018-08-07,11387.35,11390.45,11384.5,11384.85,10:50:00,11392.56415647377,1,20
2018-08-07,11387.5,11387.5,11381.95,11387.5,10:55:00,11392.08185585722,1,21
2018-08-07,11389.5,11391.15,11386.7,11387.15,11:00:00,11391.8359648232,1,22
2018-08-07,11377.35,11389.75,11376.55,11389.75,11:05:00,11390.456349125754,1,23
2018-08-07,11373.65,11378.95,11373.4,11377.25,11:10:00,11388.855744447112,1,24
2018-08-07,11366.9,11374.4,11361.65,11372.6,11:15:00,11386.764721166432,1,25
2018-08-07,11366.0,11369.4,11364.55,11366.8,11:20:00,11384.787128674392,1,26
2018-08-07,11367.75,11368.2,11359.7,11365.6,11:25:00,11383.164544991116,1,27
2018-08-07,11377.65,11378.5,11367.3,11367.6,11:30:00,11382.639350230058,1,28
2018-08-07,11374.95,11379.3,11374.6,11377.55,11:35:00,11381.90703116053,1,29
2018-08-07,11380.1,11380.6,11372.95,11375.25,11:40:00,11381.734932954763,1,30
2018-08-07,11375.8,11380.9,11375.3,11380.6,11:45:00,11381.169701244788,1,31
2018-08-07,11380.7,11382.3,11375.6,11375.85,11:50:00,11381.124967792904,1,32
2018-08-07,11378.35,11380.95,11377.9,11380.5,11:55:00,11380.86068514596,1,33
2018-08-07,11381.05,11384.4,11377.8,11377.85,12:00:00,11380.878715132058,1,34
2018-08-07,11383.85,11384.45,11377.4,11381.45,12:05:00,11381.16169464329,1,35
2018-08-07,11388.6,11388.95,11382.05,11383.35,12:10:00,11381.870104677262,1,36
2018-08-07,11395.45,11395.5,11388.5,11388.5,12:15:00,11383.163428041333,1,37
2018-08-07,11393.35,11398.1,11393.2,11394.5,12:20:00,11384.133577751683,1,38
2018-08-07,11385.8,11393.3,11383.15,11393.0,12:25:00,11384.292284632476,1,39
2018-08-07,11385.9,11391.3,11384.8,11385.85,12:30:00,11384.445400381765,1,40
2018-08-07,11391.75,11392.05,11385.75,11385.75,12:35:00,11385.14107653588,1,41
2018-08-07,11391.35,11393.55,11386.95,11391.1,12:40:00,11385.732402580084,1,42
2018-08-07,11389.0,11392.55,11388.95,11390.7,12:45:00,11386.04360233436,1,43
2018-08-07,11391.05,11391.9,11387.0,11389.6,12:50:00,11386.52040211204,1,44
2018-08-07,11393.4,11397.3,11390.55,11393.1,12:55:00,11387.175601910893,1,45
2018-08-07,11404.5,11406.1,11393.9,11395.25,13:00:00,11388.825544586043,1,46
2018-08-07,11402.45,11406.35,11399.85,11405.15,13:05:00,11390.123111768327,1,47
2018-08-07,11399.0,11406.5,11399.0,11402.8,13:10:00,11390.968529695154,1,48
2018-08-07,11402.4,11403.45,11394.85,11400.8,13:15:00,11392.057241152756,1,49
2018-08-07,11408.05,11409.8,11401.5,11403.75,13:20:00,11393.580361042972,1,50
2018-08-07,11410.85,11413.3,11406.65,11408.7,13:25:00,11395.225088562687,1,51
2018-08-07,11406.55,11411.15,11404.65,11411.05,13:30:00,11396.30365155672,1,52
2018-08-07,11401.55,11409.35,11398.55,11407.25,13:35:00,11396.803303789413,1,53
2018-08-07,11402.4,11403.6,11399.55,11400.65,13:40:00,11397.336322476134,1,54
2018-08-07,11396.9,11402.6,11394.95,11402.05,13:45:00,11397.294767954598,1,55
2018-08-07,11389.5,11399.05,11387.25,11396.65,13:50:00,11396.55240910178,1,56
2018-08-07,11392.1,11392.2,11383.3,11388.75,13:55:00,11396.128370139706,1,57
2018-08-07,11397.85,11397.85,11391.3,11392.0,14:00:00,11396.292334888303,1,58
2018-08-07,11400.25,11401.6,11396.3,11397.9,14:05:00,11396.669255375133,1,59
2018-08-07,11402.6,11408.8,11400.25,11400.5,14:10:00,11397.23408819655,1,60
2018-08-07,11405.9,11406.6,11401.25,11402.45,14:15:00,11398.059413130211,1,61
2018-08-07,11403.2,11407.25,11401.15,11405.8,14:20:00,11398.548992832097,1,62
2018-08-07,11402.9,11405.2,11401.95,11403.15,14:25:00,11398.963374467136,1,63
2018-08-07,11399.8,11403.7,11399.8,11402.7,14:30:00,11399.043053089314,1,64
2018-08-07,11400.75,11401.9,11398.55,11400.15,14:35:00,11399.20561946176,1,65
2018-08-07,11395.05,11401.1,11393.6,11400.35,14:40:00,11398.809846179687,1,66
2018-08-07,11391.3,11396.3,11388.4,11394.9,14:45:00,11398.094622734005,1,67
2018-08-07,11396.65,11397.3,11390.3,11390.6,14:50:00,11397.957039616478,1,68
2018-08-07,11394.85,11398.95,11393.3,11396.6,14:55:00,11397.661131081575,1,69
2018-08-07,11391.4,11398.1,11390.05,11394.65,15:00:00,11397.06483288333,1,70
2018-08-07,11387.35,11391.85,11386.1,11391.15,15:05:00,11396.139610703964,1,71
2018-08-07,11386.75,11387.45,11379.25,11387.0,15:10:00,11395.245362065494,1,72
2018-08-07,11387.0,11388.3,11380.75,11386.45,15:15:00,11394.460089487828,1,73
2018-08-07,11387.5,11390.7,11385.65,11387.5,15:20:00,11393.79722382232,1,74
2018-08-07,11391.35,11392.15,11386.6,11387.4,15:25:00,11393.56415488686,1,75
2018-08-08,11394.85,11422.85,11393.05,11409.55,09:15:00,11393.686616326208,2,1
2018-08-08,11401.95,11404.5,11394.95,11395.8,09:20:00,11394.47360524752,2,2
2018-08-08,11394.9,11403.7,11389.7,11401.75,09:25:00,11394.514214271569,2,3
2018-08-08,11388.9,11394.55,11386.65,11394.1,09:30:00,11393.979527198084,2,4
2018-08-08,11380.2,11389.3,11379.3,11388.65,09:35:00,11392.667191274457,2,5
2018-08-08,11389.9,11392.0,11380.65,11381.25,09:40:00,11392.403649248316,2,6
2018-08-08,11391.6,11393.05,11384.7,11389.75,09:45:00,11392.327111224668,2,7
2018-08-08,11397.8,11399.5,11391.55,11391.55,09:50:00,11392.84833872708,2,8
2018-08-08,11393.05,11398.45,11389.5,11397.35,09:55:00,11392.867544562596,2,9
2018-08-08,11392.45,11395.85,11392.25,11393.15,10:00:00,11392.827778413775,2,10
2018-08-08,11394.8,11395.75,11391.45,11392.35,10:05:00,11393.015609041036,2,11
2018-08-08,11400.55,11402.55,11395.05,11395.4,10:10:00,11393.733170084746,2,12
2018-08-08,11405.3,11405.65,11399.3,11401.3,10:15:00,11394.834772933818,2,13
2018-08-08,11402.0,11407.35,11400.7,11405.05,10:20:00,11395.51717551155,2,14
2018-08-08,11399.5,11403.2,11396.85,11402.05,10:25:00,11395.896492129496,2,15
2018-08-08,11402.2,11403.6,11397.35,11399.65,10:30:00,11396.496826212402,2,16
2018-08-08,11410.95,11411.35,11402.0,11402.0,10:35:00,11397.873318954078,2,17
2018-08-08,11418.4,11420.1,11408.1,11410.85,10:40:00,11399.828240958452,2,18
2018-08-08,11419.45,11419.9,11413.35,11418.3,10:45:00,11401.696979914788,2,19
2018-08-08,11425.3,11426.6,11419.85,11419.9,10:50:00,11403.94488658957,2,20
2018-08-08,11428.75,11429.15,11424.2,11425.45,10:55:00,11406.307278342943,2,21
2018-08-08,11428.8,11435.9,11428.8,11428.8,11:00:00,11408.449442310284,2,22
2018-08-08,11426.5,11429.05,11423.15,11428.7,11:05:00,11410.16854304264,2,23
2018-08-08,11433.85,11435.1,11425.0,11426.6,11:10:00,11412.423919895722,2,24
2018-08-08,11434.05,11434.65,11429.8,11433.75,11:15:00,11414.48354657232,2,25
2018-08-08,11429.95,11435.3,11429.5,11434.2,11:20:00,11415.95654213686,2,26
2018-08-08,11430.9,11432.6,11428.85,11430.4,11:25:00,11417.379728600015,2,27
2018-08-08,11426.55,11433.1,11426.55,11431.95,11:30:00,11418.253087780968,2,28
2018-08-08,11428.0,11430.05,11425.5,11427.7,11:35:00,11419.18136513516,2,29
2018-08-08,11432.0,11432.9,11427.7,11429.7,11:40:00,11420.40218750324,2,30
2018-08-08,11428.45,11433.2,11428.1,11433.2,11:45:00,11421.168645836264,2,31
2018-08-08,11431.45,11432.5,11427.55,11429.55,11:50:00,11422.147822423289,2,32
2018-08-08,11435.6,11436.75,11430.4,11432.1,11:55:00,11423.428982192498,2,33
2018-08-08,11438.1,11442.4,11433.9,11436.8,12:00:00,11424.826221983689,2,34
2018-08-08,11443.9,11445.85,11438.75,11438.8,12:05:00,11426.642772270956,2,35
2018-08-08,11445.75,11447.35,11442.45,11445.1,12:10:00,11428.46250824515,2,36
2018-08-08,11442.35,11449.35,11441.7,11446.45,12:15:00,11429.785126507517,2,37
2018-08-08,11441.0,11443.05,11437.25,11442.4,12:20:00,11430.853209697278,2,38
2018-08-08,11442.7,11444.6,11440.45,11440.7,12:25:00,11431.981475440394,2,39
2018-08-08,11440.5,11443.5,11439.4,11442.65,12:30:00,11432.79276349369,2,40
2018-08-08,11445.55,11446.1,11439.0,11440.3,12:35:00,11434.007738399052,2,41
2018-08-08,11441.95,11445.95,11441.35,11445.45,12:40:00,11434.76414426581,2,42
2018-08-08,11445.2,11446.75,11441.95,11442.5,12:45:00,11435.758035288114,2,43
2018-08-08,11441.35,11445.8,11438.65,11445.05,12:50:00,11436.290603355912,2,44
2018-08-08,11441.65,11444.4,11440.85,11441.4,12:55:00,11436.80102208392,2,45
2018-08-08,11439.4,11442.3,11438.6,11441.75,13:00:00,11437.048543790215,2,46
2018-08-08,11441.3,11441.85,11435.9,11440.2,13:05:00,11437.453444381625,2,47
2018-08-08,11441.9,11443.85,11440.35,11441.75,13:10:00,11437.876925869088,2,48
2018-08-08,11447.4,11448.0,11441.8,11442.3,13:15:00,11438.783885310128,2,49
2018-08-08,11446.6,11450.35,11445.95,11447.55,13:20:00,11439.528277185353,2,50
2018-08-08,11449.65,11451.8,11446.55,11446.9,13:25:00,11440.492250786749,2,51
2018-08-08,11450.65,11451.2,11448.65,11450.25,13:30:00,11441.459655473724,2,52
2018-08-08,11451.25,11452.85,11449.75,11450.55,13:35:00,11442.39206923813,2,53
2018-08-08,11442.6,11451.65,11442.0,11451.65,13:40:00,11442.411872167831,2,54
2018-08-08,11439.65,11442.65,11437.8,11442.55,13:45:00,11442.148836723276,2,55
2018-08-08,11433.3,11440.2,11433.05,11440.0,13:50:00,11441.306090368678,2,56
2018-08-08,11437.45,11438.2,11431.2,11433.6,13:55:00,11440.9388436669,2,57
2018-08-08,11439.05,11443.45,11436.95,11438.35,14:00:00,11440.75895379386,2,58
2018-08-08,11433.3,11440.65,11429.9,11439.6,14:05:00,11440.048577242063,2,59
2018-08-08,11436.2,11438.2,11428.1,11433.9,14:10:00,11439.682046076152,2,60
2018-08-08,11422.5,11438.25,11421.7,11436.4,14:15:00,11438.045660735566,2,61
2018-08-08,11420.45,11423.55,11417.4,11422.1,14:20:00,11436.369883522657,2,62
2018-08-08,11430.3,11430.45,11420.4,11420.4,14:25:00,11435.79179937764,2,63
2018-08-08,11422.0,11430.8,11421.3,11430.1,14:30:00,11434.47829467501,2,64
2018-08-08,11416.85,11422.4,11416.35,11422.4,14:35:00,11432.799409467863,2,65
2018-08-08,11419.2,11421.75,11414.75,11417.2,14:40:00,11431.504227613785,2,66
2018-08-08,11420.35,11421.0,11417.45,11419.8,14:45:00,11430.441920221994,2,67
2018-08-08,11419.95,11420.75,11415.5,11420.1,14:50:00,11429.44268972466,2,68
2018-08-08,11424.15,11428.95,11419.5,11420.0,14:55:00,11428.938624036598,2,69
2018-08-08,11439.95,11439.95,11424.6,11424.6,15:00:00,11429.987326509305,2,70
2018-08-08,11445.65,11448.1,11440.4,11440.4,15:05:00,11431.479009698896,2,71
2018-08-08,11449.3,11452.0,11445.8,11446.0,15:10:00,11433.176246870427,2,72
2018-08-08,11449.1,11454.3,11448.45,11450.45,15:15:00,11434.69279478753,2,73
2018-08-08,11457.3,11458.7,11449.7,11449.95,15:20:00,11436.845861950622,2,74
2018-08-08,11455.55,11459.95,11451.9,11458.3,15:25:00,11438.627208431515,2,75
2018-08-09,11478.1,11495.2,11463.4,11488.85,09:15:00,11442.386521914228,3,1
2018-08-09,11476.1,11481.7,11465.45,11478.4,09:20:00,11445.597329350969,3,2
2018-08-09,11477.95,11479.3,11473.1,11476.3,09:25:00,11448.678536079447,3,3
2018-08-09,11472.25,11478.7,11468.55,11477.8,09:30:00,11450.923437405216,3,4
2018-08-09,11474.3,11478.65,11470.3,11472.5,09:35:00,11453.149776699956,3,5
2018-08-09,11476.65,11480.5,11474.1,11474.85,09:40:00,11455.387893204725,3,6
2018-08-09,11471.75,11477.4,11467.7,11476.5,09:45:00,11456.946189089987,3,7
2018-08-09,11475.6,11476.2,11469.8,11471.35,09:50:00,11458.722742509988,3,8
2018-08-09,11469.85,11478.4,11469.4,11476.15,09:55:00,11459.782481318562,3,9
2018-08-09,11476.35,11477.15,11470.35,11470.55,10:00:00,11461.360340240604,3,10
2018-08-09,11486.15,11486.15,11474.25,11475.7,10:05:00,11463.72126021769,3,11
2018-08-09,11479.6,11486.0,11477.45,11486.0,10:10:00,11465.233521149336,3,12
2018-08-09,11480.9,11482.35,11475.85,11479.05,10:15:00,11466.72556675416,3,13
2018-08-09,11481.0,11484.35,11479.35,11480.45,10:20:00,11468.085036587096,3,14
2018-08-09,11477.55,11481.3,11475.0,11481.2,10:25:00,11468.98646167404,3,15
2018-08-09,11479.5,11479.6,11472.5,11476.95,10:30:00,11469.987751038418,3,16
2018-08-09,11484.05,11485.85,11478.2,11479.65,10:35:00,11471.327012844284,3,17
2018-08-09,11478.7,11485.15,11476.3,11484.55,10:40:00,11472.02920209721,3,18
2018-08-09,11479.7,11482.7,11476.7,11478.25,10:45:00,11472.759754278428,3,19
2018-08-09,11474.4,11482.1,11473.45,11479.8,10:50:00,11472.915968156673,3,20
2018-08-09,11463.85,11474.3,11462.05,11474.0,10:55:00,11472.05254261794,3,21
2018-08-09,11456.8,11464.7,11454.25,11464.7,11:00:00,11470.599919511473,3,22
2018-08-09,11468.85,11468.95,11454.1,11457.2,11:05:00,11470.43326051038,3,23
2018-08-09,11464.6,11471.05,11457.45,11468.65,11:10:00,11469.877711890344,3,24
2018-08-09,11456.85,11464.7,11456.75,11464.5,11:15:00,11468.636977424596,3,25
2018-08-09,11462.1,11462.3,11455.6,11457.35,11:20:00,11468.014408146062,3,26
2018-08-09,11469.85,11471.65,11460.65,11462.3,11:25:00,11468.189226417866,3,27
2018-08-09,11471.6,11474.3,11469.05,11469.2,11:30:00,11468.514061997115,3,28
2018-08-09,11470.9,11472.35,11466.45,11471.8,11:35:00,11468.741294187868,3,29
2018-08-09,11474.4,11476.5,11469.6,11471.15,11:40:00,11469.280218550928,3,30
2018-08-09,11476.1,11478.0,11472.65,11476.0,11:45:00,11469.92972154608,3,31
2018-08-09,11475.9,11479.25,11474.3,11477.3,11:50:00,11470.498319494072,3,32
2018-08-09,11476.25,11478.05,11473.2,11478.05,11:55:00,11471.046098589875,3,33
2018-08-09,11477.3,11482.9,11476.95,11477.5,12:00:00,11471.641708247982,3,34
2018-08-09,11481.1,11483.7,11476.0,11477.85,12:05:00,11472.542497938652,3,35
2018-08-09,11486.25,11488.8,11480.45,11482.15,12:10:00,11473.847974325448,3,36
2018-08-09,11482.3,11490.15,11482.3,11487.55,12:15:00,11474.652929151594,3,37
2018-08-09,11481.2,11483.65,11476.05,11483.65,12:20:00,11475.276459708586,3,38
2018-08-09,11475.9,11482.25,11475.8,11482.05,12:25:00,11475.335844498244,3,39
2018-08-09,11475.0,11479.05,11473.75,11477.2,12:30:00,11475.303859307936,3,40
2018-08-09,11470.6,11477.0,11470.25,11475.1,12:35:00,11474.85587270718,3,41
2018-08-09,11471.85,11473.0,11469.4,11470.3,12:40:00,11474.56959911602,3,42
2018-08-09,11463.8,11473.25,11463.5,11471.95,12:45:00,11473.543923009733,3,43
2018-08-09,11463.55,11470.9,11463.0,11463.95,12:50:00,11472.59212081833,3,44
2018-08-09,11466.15,11468.3,11461.2,11463.6,12:55:00,11471.978585502298,3,45
2018-08-09,11467.8,11470.7,11465.6,11465.6,13:00:00,11471.580624978267,3,46
2018-08-09,11470.3,11471.35,11465.65,11467.9,13:05:00,11471.458660694623,3,47
2018-08-09,11472.8,11473.65,11469.7,11471.0,13:10:00,11471.586407295135,3,48
2018-08-09,11469.95,11475.0,11468.55,11472.5,13:15:00,11471.430558981314,3,49
2018-08-09,11473.75,11478.9,11467.9,11470.05,13:20:00,11471.65145812595,3,50
2018-08-09,11478.85,11480.8,11472.35,11473.5,13:25:00,11472.337033542528,3,51
2018-08-09,11475.8,11479.85,11474.7,11479.85,13:30:00,11472.66683987181,3,52
2018-08-09,11477.4,11480.4,11474.55,11475.9,13:35:00,11473.117617026875,3,53
2018-08-09,11480.0,11480.55,11475.8,11477.5,13:40:00,11473.773082071935,3,54
2018-08-09,11478.2,11482.65,11477.4,11479.2,13:45:00,11474.19469330318,3,55
2018-08-09,11477.6,11480.4,11476.15,11477.95,13:50:00,11474.519008226687,3,56
2018-08-09,11475.55,11478.25,11475.0,11477.7,13:55:00,11474.617197919384,3,57
2018-08-09,11472.2,11477.3,11468.3,11475.75,14:00:00,11474.38698859373,3,58
2018-08-09,11474.95,11475.25,11468.95,11472.05,14:05:00,11474.44060872766,3,59
2018-08-09,11485.75,11486.0,11473.95,11475.7,14:10:00,11475.51769361074,3,60
2018-08-09,11480.0,11485.85,11476.3,11485.85,14:15:00,11475.944579933528,3,61
2018-08-09,11476.55,11480.25,11473.05,11480.1,14:20:00,11476.002238987478,3,62
2018-08-09,11473.25,11478.85,11472.8,11476.5,14:25:00,11475.74012098867,3,63
2018-08-09,11478.2,11478.2,11472.4,11473.3,14:30:00,11475.974395180225,3,64
2018-08-09,11478.15,11482.45,11475.6,11478.85,14:35:00,11476.181595639251,3,65
2018-08-09,11474.95,11480.7,11473.65,11478.1,14:40:00,11476.064300816466,3,66
2018-08-09,11473.5,11476.8,11473.2,11474.3,14:45:00,11475.820081691088,3,67
2018-08-09,11470.15,11474.8,11466.8,11473.6,14:50:00,11475.280073910984,3,68
2018-08-09,11468.7,11475.5,11468.15,11470.5,14:55:00,11474.653400205176,3,69
2018-08-09,11468.05,11472.05,11466.65,11468.9,15:00:00,11474.024504947542,3,70
2018-08-09,11467.55,11468.35,11463.6,11468.35,15:05:00,11473.407885428727,3,71
2018-08-09,11472.5,11474.2,11467.0,11467.4,15:10:00,11473.3214201498,3,72
2018-08-09,11471.75,11476.35,11469.0,11472.95,15:15:00,11473.171761087917,3,73
2018-08-09,11472.15,11474.85,11469.5,11472.4,15:20:00,11473.074450508117,3,74
2018-08-09,11471.6,11472.65,11467.1,11472.4,15:25:00,11472.9340266502,3,75
2018-08-10,11450.6,11477.7,11441.65,11473.8,09:15:00,11470.806976493035,4,1
2018-08-10,11461.35,11461.8,11450.8,11450.85,09:20:00,11469.90631206513,4,2
2018-08-10,11453.4,11463.2,11451.6,11460.75,09:25:00,11468.33428234464,4,3
2018-08-10,11453.8,11454.75,11445.75,11454.05,09:30:00,11466.950064978484,4,4
2018-08-10,11451.7,11456.2,11449.45,11454.25,09:35:00,11465.497677837677,4,5
2018-08-10,11457.7,11457.7,11450.5,11451.4,09:40:00,11464.755041853135,4,6
2018-08-10,11456.1,11460.15,11455.35,11457.85,09:45:00,11463.93075215284,4,7
2018-08-10,11441.2,11457.1,11441.2,11456.0,09:50:00,11461.765918614474,4,8
2018-08-10,11445.85,11445.9,11437.95,11440.9,09:55:00,11460.250116841667,4,9
2018-08-10,11441.3,11448.95,11441.2,11446.05,10:00:00,11458.445343809128,4,10
2018-08-10,11440.65,11444.5,11439.95,11441.4,10:05:00,11456.75054916064,4,11
2018-08-10,11438.15,11441.25,11433.5,11440.8,10:10:00,11454.9790682882,4,12
2018-08-10,11444.8,11446.35,11436.65,11437.7,10:15:00,11454.009633213132,4,13
2018-08-10,11448.85,11449.5,11442.4,11444.95,10:20:00,11453.518239573788,4,14
2018-08-10,11449.6,11450.8,11446.75,11448.65,10:25:00,11453.145073900094,4,15
2018-08-10,11451.1,11452.5,11447.85,11449.45,10:30:00,11452.950304957229,4,16
2018-08-10,11443.8,11453.2,11441.2,11451.15,10:35:00,11452.078847342254,4,17
2018-08-10,11440.65,11445.1,11440.2,11443.05,10:40:00,11450.990385690611,4,18
2018-08-10,11444.1,11445.5,11437.1,11440.35,10:45:00,11450.33415848198,4,19
2018-08-10,11442.85,11447.65,11442.2,11443.05,10:50:00,11449.621381483696,4,20
2018-08-10,11442.9,11445.5,11441.15,11442.35,10:55:00,11448.98124991382,4,21
2018-08-10,11437.7,11442.6,11434.6,11442.55,11:00:00,11447.906845160123,4,22
2018-08-10,11431.75,11437.95,11430.05,11437.4,11:05:00,11446.368098002016,4,23
2018-08-10,11431.65,11434.15,11427.9,11431.0,11:10:00,11444.966374382777,4,24
2018-08-10,11437.5,11437.6,11429.95,11431.6,11:15:00,11444.255291108226,4,25
2018-08-10,11434.15,11438.2,11433.35,11436.85,11:20:00,11443.292882431251,4,26
2018-08-10,11434.5,11439.15,11431.95,11433.75,11:25:00,11442.455465056848,4,27
2018-08-10,11437.85,11437.95,11433.25,11434.85,11:30:00,11442.01684933715,4,28
2018-08-10,11433.15,11438.3,11432.7,11437.55,11:35:00,11441.172387495517,4,29
2018-08-10,11428.3,11433.75,11427.15,11433.0,11:40:00,11439.946445829277,4,30
2018-08-10,11429.3,11432.35,11426.5,11428.1,11:45:00,11438.93249860744,4,31
2018-08-10,11428.8,11431.05,11427.75,11429.05,11:50:00,11437.967498740069,4,32
2018-08-10,11435.45,11435.45,11427.65,11428.55,11:55:00,11437.7277369553,4,33
2018-08-10,11433.35,11437.45,11432.6,11434.8,12:00:00,11437.310809626224,4,34
2018-08-10,11435.7,11439.0,11433.65,11434.15,12:05:00,11437.157399185631,4,35
2018-08-10,11438.85,11440.55,11434.95,11436.85,12:10:00,11437.31859926319,4,36
2018-08-10,11441.15,11442.55,11437.75,11438.9,12:15:00,11437.683494571458,4,37
2018-08-10,11437.65,11442.0,11437.1,11442.0,12:20:00,11437.680304612271,4,38
2018-08-10,11438.7,11442.65,11437.35,11438.65,12:25:00,11437.777418458722,4,39
2018-08-10,11438.8,11439.95,11431.75,11439.95,12:30:00,11437.87480717694,4,40
2018-08-10,11440.05,11442.4,11436.9,11440.3,12:35:00,11438.081968398184,4,41
2018-08-10,11441.25,11442.2,11438.35,11442.2,12:40:00,11438.383685693594,4,42
2018-08-10,11444.4,11444.75,11439.85,11442.15,12:45:00,11438.95666800849,4,43
2018-08-10,11443.55,11445.7,11440.05,11445.7,12:50:00,11439.394128198155,4,44
2018-08-10,11441.65,11444.35,11439.35,11443.3,12:55:00,11439.608973131664,4,45
2018-08-10,11444.45,11445.05,11438.35,11441.15,13:00:00,11440.0700233096,4,46
2018-08-10,11448.0,11450.6,11444.2,11444.55,13:05:00,11440.825259184878,4,47
2018-08-10,11443.75,11447.95,11441.75,11447.65,13:10:00,11441.103805929177,4,48
2018-08-10,11447.2,11449.1,11442.6,11443.1,13:15:00,11441.684395840684,4,49
2018-08-10,11444.3,11447.6,11442.3,11447.15,13:20:00,11441.933500998712,4,50
2018-08-10,11445.8,11445.95,11442.5,11444.15,13:25:00,11442.301738998834,4,51
2018-08-10,11448.15,11448.45,11443.35,11446.35,13:30:00,11442.85871623704,4,52
2018-08-10,11444.35,11449.8,11443.6,11447.9,13:35:00,11443.000743262084,4,53
2018-08-10,11440.85,11446.2,11440.55,11444.7,13:40:00,11442.795910570458,4,54
2018-08-10,11442.5,11445.45,11440.6,11441.15,13:45:00,11442.767728611369,4,55
2018-08-10,11440.55,11445.5,11440.35,11442.45,13:50:00,11442.556516362663,4,56
2018-08-10,11443.35,11445.95,11438.85,11440.45,13:55:00,11442.632086232888,4,57
2018-08-10,11446.1,11446.55,11435.05,11443.6,14:00:00,11442.962363734518,4,58
2018-08-10,11452.5,11453.1,11445.5,11446.0,14:05:00,11443.870710045516,4,59
2018-08-10,11461.2,11462.85,11450.15,11451.4,14:10:00,11445.521118612607,4,60
2018-08-10,11457.45,11462.25,11452.6,11460.7,14:15:00,11446.657202554266,4,61
2018-08-10,11448.0,11457.5,11446.8,11457.35,14:20:00,11446.785088025288,4,62
2018-08-10,11439.25,11448.3,11433.4,11447.65,14:25:00,11446.06746059431,4,63
2018-08-10,11437.75,11442.8,11431.8,11439.1,14:30:00,11445.275321490091,4,64
2018-08-10,11430.95,11437.85,11425.7,11437.35,14:35:00,11443.9110051577,4,65
2018-08-10,11430.35,11435.45,11424.2,11431.1,14:40:00,11442.619480856967,4,66
2018-08-10,11430.3,11435.3,11427.25,11429.8,14:45:00,11441.446196965828,4,67
2018-08-10,11427.65,11430.6,11421.65,11430.05,14:50:00,11440.132273445271,4,68
2018-08-10,11423.1,11427.6,11420.95,11427.3,14:55:00,11438.51015216477,4,69
2018-08-10,11428.85,11434.45,11423.6,11424.15,15:00:00,11437.590137672889,4,70
2018-08-10,11432.2,11435.7,11429.1,11430.2,15:05:00,11437.076791227852,4,71
2018-08-10,11432.65,11434.45,11427.85,11432.5,15:10:00,11436.655192063296,4,72
2018-08-10,11428.1,11435.05,11427.95,11432.55,15:15:00,11435.840411866791,4,73
2018-08-10,11424.2,11429.75,11422.5,11428.35,15:20:00,11434.73180121281,4,74
2018-08-10,11420.65,11426.9,11419.65,11424.9,15:25:00,11433.39067728778,4,75
2018-08-13,11365.0,11369.8,11344.45,11369.8,09:15:00,11426.877279450848,0,1
2018-08-13,11366.25,11367.8,11357.05,11364.55,09:20:00,11421.10325283648,0,2
2018-08-13,11355.15,11366.1,11353.6,11366.1,09:25:00,11414.821990661578,0,3
2018-08-13,11349.3,11354.45,11340.6,11354.45,09:30:00,11408.58180107476,0,4
2018-08-13,11353.75,11356.3,11347.95,11348.5,09:35:00,11403.359724781929,0,5
2018-08-13,11352.9,11356.05,11347.8,11354.4,09:40:00,11398.55403670746,0,6
2018-08-13,11351.45,11353.75,11340.3,11353.75,09:45:00,11394.067937973416,0,7
2018-08-13,11353.8,11355.2,11350.3,11351.05,09:50:00,11390.232896261665,0,8
2018-08-13,11351.55,11353.95,11347.45,11353.2,09:55:00,11386.54881090341,0,9
2018-08-13,11354.5,11356.1,11350.5,11352.2,10:00:00,11383.496543198324,0,10
2018-08-13,11356.8,11358.7,11351.5,11355.3,10:05:00,11380.954015274674,0,11
2018-08-13,11357.15,11358.1,11353.3,11357.45,10:10:00,11378.686966200896,0,12
2018-08-13,11353.3,11361.0,11353.3,11357.35,10:15:00,11376.269159896048,0,13
2018-08-13,11354.6,11357.7,11351.95,11354.0,10:20:00,11374.20543038214,0,14
2018-08-13,11354.85,11356.25,11350.2,11355.8,10:25:00,11372.36205606003,0,15
2018-08-13,11359.2,11359.45,11353.55,11355.2,10:30:00,11371.108526911456,0,16
2018-08-13,11364.65,11366.05,11358.75,11358.95,10:35:00,11370.493429110367,0,17
2018-08-13,11363.5,11365.25,11362.5,11364.75,10:40:00,11369.827388242711,0,18
2018-08-13,11364.3,11368.65,11362.8,11363.85,10:45:00,11369.300970314836,0,19
2018-08-13,11374.45,11377.55,11363.7,11364.45,10:50:00,11369.791354094374,0,20
2018-08-13,11369.35,11374.6,11368.45,11374.6,10:55:00,11369.7493203711,0,21
2018-08-13,11368.75,11370.35,11364.85,11369.55,11:00:00,11369.654147002424,0,22
2018-08-13,11365.8,11369.85,11364.15,11369.1,11:05:00,11369.287085383146,0,23
2018-08-13,11363.7,11366.5,11362.85,11366.15,11:10:00,11368.754982013324,0,24
2018-08-13,11365.95,11366.05,11361.95,11364.0,11:15:00,11368.487840869197,0,25
2018-08-13,11360.05,11366.05,11356.8,11366.05,11:20:00,11367.684236976893,0,26
2018-08-13,11357.45,11362.05,11356.55,11360.75,11:25:00,11366.709547740997,0,27
2018-08-13,11364.6,11364.6,11357.75,11357.75,11:30:00,11366.508638432331,0,28
2018-08-13,11363.25,11365.5,11362.3,11364.3,11:35:00,11366.198291914969,0,29
2018-08-13,11363.1,11364.05,11360.65,11363.4,11:40:00,11365.903216494497,0,30
2018-08-13,11358.65,11363.0,11355.35,11363.0,11:45:00,11365.21243397121,0,31
2018-08-13,11357.8,11360.0,11356.4,11358.7,11:50:00,11364.506487878713,0,32
2018-08-13,11355.05,11358.75,11353.5,11357.65,11:55:00,11363.6058699855,0,33
2018-08-13,11364.8,11365.85,11355.4,11356.4,12:00:00,11363.719596653547,0,34
2018-08-13,11384.3,11387.4,11363.65,11364.7,12:05:00,11365.679635067496,0,35
2018-08-13,11380.05,11390.55,11375.05,11384.95,12:10:00,11367.048241251545,0,36
2018-08-13,11385.3,11389.95,11379.65,11379.9,12:15:00,11368.786503989491,0,37
2018-08-13,11378.35,11385.25,11375.75,11385.2,12:20:00,11369.69731313335,0,38
2018-08-13,11379.2,11379.95,11375.05,11378.05,12:25:00,11370.602330930176,0,39
2018-08-13,11389.65,11391.25,11378.2,11379.45,12:30:00,11372.41639465111,0,40
2018-08-13,11384.4,11390.25,11381.65,11389.9,12:35:00,11373.557690398624,0,41
2018-08-13,11388.35,11390.85,11384.65,11385.8,12:40:00,11374.966481789232,0,42
2018-08-13,11393.35,11395.25,11389.3,11389.85,12:45:00,11376.7172930474,0,43
2018-08-13,11396.1,11396.15,11389.05,11394.75,12:50:00,11378.563265138126,0,44
2018-08-13,11394.55,11399.4,11392.6,11397.0,12:55:00,11380.085811315446,0,45
2018-08-13,11387.05,11397.1,11386.8,11396.05,13:00:00,11380.749067380642,0,46
2018-08-13,11392.5,11393.3,11385.15,11389.1,13:05:00,11381.86820382058,0,47
2018-08-13,11391.6,11396.4,11390.85,11394.2,13:10:00,11382.795041551954,0,48
2018-08-13,11391.85,11395.3,11391.45,11393.1,13:15:00,11383.657418547004,0,49
2018-08-13,11396.4,11398.0,11392.15,11393.0,13:20:00,11384.870997733004,0,50
2018-08-13,11394.8,11398.9,11393.5,11397.4,13:25:00,11385.81661699653,0,51
2018-08-13,11401.65,11402.1,11395.25,11395.7,13:30:00,11387.324558234955,0,52
2018-08-13,11398.25,11402.45,11395.35,11402.25,13:35:00,11388.365076498292,0,53
2018-08-13,11402.85,11406.3,11397.45,11398.0,13:40:00,11389.744593022264,0,54
2018-08-13,11397.35,11404.55,11393.7,11403.15,13:45:00,11390.468917496337,0,55
2018-08-13,11397.4,11401.05,11396.25,11397.1,13:50:00,11391.129020591923,0,56
2018-08-13,11390.45,11398.85,11388.9,11397.65,13:55:00,11391.06435196412,0,57
2018-08-13,11380.6,11391.35,11379.2,11390.8,14:00:00,11390.067747015157,0,58
2018-08-13,11384.6,11385.15,11375.1,11380.8,14:05:00,11389.547009204189,0,59
2018-08-13,11380.3,11385.1,11376.9,11384.4,14:10:00,11388.666341660934,0,60
2018-08-13,11382.7,11383.35,11379.05,11380.15,14:15:00,11388.098118645608,0,61
2018-08-13,11383.6,11387.25,11382.9,11383.5,14:20:00,11387.669726393646,0,62
2018-08-13,11388.85,11390.8,11380.7,11383.8,14:25:00,11387.782133403774,0,63
2018-08-13,11379.2,11390.25,11379.05,11390.0,14:30:00,11386.96478736532,0,64
2018-08-13,11371.45,11379.05,11370.15,11379.05,14:35:00,11385.487188568624,0,65
2018-08-13,11371.45,11377.95,11369.8,11371.15,14:40:00,11384.15031346685,0,66
2018-08-13,11364.15,11373.9,11363.85,11371.75,14:45:00,11382.2455217081,0,67
2018-08-13,11359.65,11367.55,11359.55,11364.6,14:50:00,11380.09356725971,0,68
2018-08-13,11355.95,11360.9,11354.95,11359.7,14:55:00,11377.794179901644,0,69
2018-08-13,11353.7,11357.0,11350.25,11357.0,15:00:00,11375.499496101484,0,70
2018-08-13,11354.45,11360.15,11352.95,11353.75,15:05:00,11373.49478218706,0,71
2018-08-13,11357.8,11358.7,11353.15,11355.4,15:10:00,11372.000041026386,0,72
2018-08-13,11354.3,11358.6,11353.1,11357.0,15:15:00,11370.314322833396,0,73
2018-08-13,11359.55,11361.1,11354.15,11355.7,15:20:00,11369.289149230215,0,74
2018-08-13,11363.25,11363.35,11358.55,11359.15,15:25:00,11368.713992160672,0,75
2018-08-14,11401.25,11402.55,11370.8,11376.25,09:15:00,11371.81265957394,1,1
2018-08-14,11401.15,11402.65,11393.9,11401.75,09:20:00,11374.606691995472,1,2
2018-08-14,11398.5,11402.05,11395.4,11400.8,09:25:00,11376.88224513876,1,3
2018-08-14,11399.1,11402.4,11393.85,11398.55,09:30:00,11378.998221792212,1,4
2018-08-14,11401.5,11402.05,11393.4,11398.45,09:35:00,11381.141248288191,1,5
2018-08-14,11405.75,11409.9,11401.3,11401.65,09:40:00,11383.484938927411,1,6
2018-08-14,11406.4,11408.0,11402.85,11405.7,09:45:00,11385.667325696228,1,7
2018-08-14,11403.2,11408.15,11400.4,11406.45,09:50:00,11387.337104201348,1,8
2018-08-14,11400.6,11403.9,11397.5,11403.65,09:55:00,11388.600237134551,1,9
2018-08-14,11404.55,11407.15,11400.1,11400.4,10:00:00,11390.119262169355,1,10
2018-08-14,11405.4,11408.35,11403.0,11404.7,10:05:00,11391.57457053418,1,11
2018-08-14,11412.3,11416.9,11405.1,11405.5,10:10:00,11393.548420959498,1,12
2018-08-14,11414.75,11417.65,11412.25,11412.25,10:15:00,11395.567618963356,1,13
2018-08-14,11412.65,11414.55,11410.75,11414.05,10:20:00,11397.194512395416,1,14
2018-08-14,11412.65,11417.35,11412.35,11412.4,10:25:00,11398.666463595851,1,15
2018-08-14,11412.55,11419.35,11411.3,11413.0,10:30:00,11399.988705158152,1,16
2018-08-14,11404.75,11413.05,11403.7,11412.2,10:35:00,11400.442161809757,1,17
2018-08-14,11408.9,11408.9,11402.35,11404.55,10:40:00,11401.247670208828,1,18
2018-08-14,11400.85,11409.4,11400.15,11409.4,10:45:00,11401.209796855606,1,19
2018-08-14,11398.55,11401.5,11396.05,11401.5,10:50:00,11400.956482869358,1,20
2018-08-14,11406.9,11407.75,11398.6,11398.6,10:55:00,11401.522532119896,1,21
2018-08-14,11404.9,11407.85,11402.4,11407.1,11:00:00,11401.844195727524,1,22
2018-08-14,11404.85,11408.3,11402.75,11405.3,11:05:00,11402.130462801091,1,23
2018-08-14,11404.3,11406.45,11400.95,11404.65,11:10:00,11402.337085391466,1,24
2018-08-14,11405.3,11405.6,11400.7,11404.85,11:15:00,11402.619267735136,1,25
2018-08-14,11408.7,11412.65,11405.7,11406.15,11:20:00,11403.198385093694,1,26
2018-08-14,11411.6,11412.9,11408.25,11408.8,11:25:00,11403.998538894297,1,27
2018-08-14,11411.25,11413.4,11409.8,11412.05,11:30:00,11404.689154237694,1,28
2018-08-14,11414.85,11415.0,11410.6,11411.15,11:35:00,11405.656853834103,1,29
2018-08-14,11415.0,11417.35,11413.7,11414.9,11:40:00,11406.546677278477,1,30
2018-08-14,11414.7,11416.1,11412.5,11415.2,11:45:00,11407.323184204335,1,31
2018-08-14,11415.95,11416.5,11413.35,11415.1,11:50:00,11408.144785708686,1,32
2018-08-14,11415.15,11416.65,11412.75,11416.45,11:55:00,11408.811948974526,1,33
2018-08-14,11414.25,11414.8,11411.2,11414.55,12:00:00,11409.329858596,1,34
2018-08-14,11421.35,11421.35,11413.75,11414.65,12:05:00,11410.47463396781,1,35
2018-08-14,11418.55,11422.15,11417.55,11421.25,12:10:00,11411.243716447068,1,36
2018-08-14,11424.05,11426.35,11416.5,11418.75,12:15:00,11412.463362499728,1,37
2018-08-14,11429.95,11432.65,11423.9,11424.25,12:20:00,11414.128756547372,1,38
2018-08-14,11432.2,11433.65,11429.4,11430.4,12:25:00,11415.849827352384,1,39
2018-08-14,11436.95,11438.0,11431.75,11432.25,12:30:00,11417.859367604538,1,40
2018-08-14,11440.0,11446.3,11435.75,11437.0,12:35:00,11419.96799926125,1,41
2018-08-14,11440.6,11444.4,11437.95,11439.6,12:40:00,11421.93295171256,1,42
2018-08-14,11435.05,11442.8,11433.35,11439.9,12:45:00,11423.1821944066,1,43
2018-08-14,11433.15,11437.9,11432.4,11435.1,12:50:00,11424.13150922502,1,44
2018-08-14,11435.35,11436.0,11429.65,11433.3,12:55:00,11425.199936917876,1,45
2018-08-14,11439.6,11441.55,11435.3,11435.55,13:00:00,11426.571371497126,1,46
2018-08-14,11437.15,11440.0,11435.3,11439.45,13:05:00,11427.578859925972,1,47
2018-08-14,11437.2,11438.9,11435.25,11437.25,13:10:00,11428.495158980642,1,48
2018-08-14,11440.85,11441.45,11436.5,11438.0,13:15:00,11429.671810506296,1,49
2018-08-14,11439.8,11442.35,11437.85,11440.55,13:20:00,11430.636399981886,1,50
2018-08-14,11443.45,11444.55,11438.25,11439.95,13:25:00,11431.856742840757,1,51
2018-08-14,11448.5,11449.15,11440.95,11443.5,13:30:00,11433.44181495116,1,52
2018-08-14,11448.6,11452.45,11445.6,11448.35,13:35:00,11434.885451622478,1,53
2018-08-14,11440.9,11449.3,11440.9,11448.85,13:40:00,11435.45826575367,1,54
2018-08-14,11443.85,11444.45,11438.8,11440.8,13:45:00,11436.257478539035,1,55
2018-08-14,11444.65,11445.4,11443.4,11443.8,13:50:00,11437.056766297224,1,56
2018-08-14,11447.75,11448.7,11444.4,11444.45,13:55:00,11438.07516950701,1,57
2018-08-14,11447.7,11449.45,11445.7,11447.7,14:00:00,11438.991820030153,1,58
2018-08-14,11441.85,11448.5,11440.6,11448.15,14:05:00,11439.26402764633,1,59
2018-08-14,11439.55,11444.55,11439.2,11441.75,14:10:00,11439.291263108584,1,60
2018-08-14,11440.75,11443.65,11437.0,11439.85,14:15:00,11439.430190431576,1,61
2018-08-14,11449.05,11449.5,11440.6,11440.6,14:20:00,11440.346362771426,1,62
2018-08-14,11441.7,11451.05,11440.8,11449.95,14:25:00,11440.47528060272,1,63
2018-08-14,11432.75,11444.05,11430.95,11441.75,14:30:00,11439.739539592938,1,64
2018-08-14,11445.7,11446.3,11433.25,11433.4,14:35:00,11440.30720248885,1,65
2018-08-14,11440.15,11446.05,11439.65,11445.85,14:40:00,11440.292230823245,1,66
2018-08-14,11443.3,11443.9,11437.45,11440.1,14:45:00,11440.578685030556,1,67
2018-08-14,11440.35,11443.35,11436.8,11443.25,14:50:00,11440.556905503836,1,68
2018-08-14,11436.2,11440.55,11432.95,11440.3,14:55:00,11440.141962122518,1,69
2018-08-14,11432.1,11439.05,11431.65,11436.45,15:00:00,11439.376060967992,1,70
2018-08-14,11435.45,11436.3,11431.55,11432.2,15:05:00,11439.002150399612,1,71
2018-08-14,11439.05,11439.8,11434.75,11436.0,15:10:00,11439.00670750441,1,72
2018-08-14,11434.95,11440.95,11434.65,11438.9,15:15:00,11438.620354408751,1,73
2018-08-14,11431.05,11436.2,11428.75,11435.7,15:20:00,11437.899368274584,1,74
2018-08-14,11434.1,11434.8,11428.2,11430.8,15:25:00,11437.537523677003,1,75
2018-08-16,11398.75,11401.05,11376.95,11393.05,09:15:00,11433.843473803005,3,1
2018-08-16,11401.25,11409.3,11397.9,11399.05,09:20:00,11430.739333440815,3,2
2018-08-16,11400.9,11406.9,11400.2,11401.7,09:25:00,11427.897492160737,3,3
2018-08-16,11389.0,11399.95,11386.3,11399.75,09:30:00,11424.192969097809,3,4
2018-08-16,11398.4,11400.6,11389.15,11389.3,09:35:00,11421.736495850397,3,5
2018-08-16,11408.25,11409.85,11397.05,11397.95,09:40:00,11420.452067674169,3,6
2018-08-16,11416.25,11419.3,11408.15,11408.95,09:45:00,11420.05187075282,3,7
2018-08-16,11413.7,11417.0,11409.05,11416.5,09:50:00,11419.446930681122,3,8
2018-08-16,11417.4,11420.15,11412.4,11414.1,09:55:00,11419.251984901968,3,9
2018-08-16,11425.6,11427.1,11415.75,11416.75,10:00:00,11419.856557768448,3,10
2018-08-16,11428.3,11429.35,11419.2,11425.1,10:05:00,11420.660695123834,3,11
2018-08-16,11433.9,11435.1,11424.75,11427.95,10:10:00,11421.921581302517,3,12
2018-08-16,11433.15,11437.9,11432.3,11433.8,10:15:00,11422.9909545118,3,13
2018-08-16,11427.15,11433.85,11426.35,11433.2,10:20:00,11423.387054082104,3,14
2018-08-16,11432.7,11433.95,11424.85,11427.2,10:25:00,11424.274001312378,3,15
2018-08-16,11430.85,11433.5,11427.85,11432.95,10:30:00,11424.900286901677,3,16
2018-08-16,11432.3,11434.1,11430.2,11431.05,10:35:00,11425.605021482468,3,17
2018-08-16,11431.85,11433.5,11427.85,11432.6,10:40:00,11426.19978134128,3,18
2018-08-16,11432.95,11433.4,11429.05,11431.95,10:45:00,11426.842659308775,3,19
2018-08-16,11433.25,11435.55,11430.25,11433.2,10:50:00,11427.45288223175,3,20
2018-08-16,11432.4,11433.1,11429.05,11433.1,10:55:00,11427.924036304916,3,21
2018-08-16,11440.25,11441.6,11432.45,11432.95,11:00:00,11429.09793760921,3,22
2018-08-16,11446.55,11446.95,11440.45,11440.6,11:05:00,11430.760038789283,3,23
2018-08-16,11444.6,11449.85,11444.45,11447.5,11:10:00,11432.078130333162,3,24
2018-08-16,11439.05,11445.3,11438.0,11444.5,11:15:00,11432.74211792048,3,25
2018-08-16,11436.55,11439.2,11432.7,11439.2,11:20:00,11433.104773356625,3,26
2018-08-16,11441.95,11442.8,11435.7,11436.15,11:25:00,11433.947175894087,3,27
2018-08-16,11440.2,11444.75,11437.55,11441.85,11:30:00,11434.542682951793,3,28
2018-08-16,11437.0,11441.9,11437.0,11440.4,11:35:00,11434.77671314686,3,29
2018-08-16,11432.0,11438.55,11432.0,11437.45,11:40:00,11434.51226427573,3,30
2018-08-16,11430.1,11432.15,11427.8,11431.75,11:45:00,11434.092048630424,3,31
2018-08-16,11431.5,11434.35,11430.4,11430.85,11:50:00,11433.8451868561,3,32
2018-08-16,11438.5,11439.2,11429.4,11431.7,11:55:00,11434.288502393612,3,33
2018-08-16,11437.1,11439.15,11432.75,11438.8,12:00:00,11434.556264070412,3,34
2018-08-16,11433.4,11438.1,11433.3,11436.8,12:05:00,11434.446143682751,3,35
2018-08-16,11430.0,11435.2,11429.8,11434.1,12:10:00,11434.022701427251,3,36
2018-08-16,11423.65,11430.4,11422.8,11430.05,12:15:00,11433.034825100847,3,37
2018-08-16,11427.15,11428.8,11423.4,11423.75,12:20:00,11432.474365567434,3,38
2018-08-16,11423.8,11428.2,11422.85,11427.55,12:25:00,11431.648235513392,3,39
2018-08-16,11419.85,11424.6,11419.85,11424.15,12:30:00,11430.524594035927,3,40
2018-08-16,11423.3,11424.55,11418.3,11419.6,12:35:00,11429.836537461077,3,41
2018-08-16,11423.75,11424.1,11419.6,11423.5,12:40:00,11429.256867226688,3,42
2018-08-16,11429.7,11430.95,11422.2,11423.6,12:45:00,11429.299070347955,3,43
2018-08-16,11425.15,11430.1,11423.9,11429.65,12:50:00,11428.903920791008,3,44
2018-08-16,11426.75,11426.85,11424.15,11424.75,12:55:00,11428.698785477578,3,45
2018-08-16,11421.65,11426.7,11421.3,11426.7,13:00:00,11428.027472574951,3,46
2018-08-16,11413.85,11421.9,11410.75,11421.6,13:05:00,11426.677237091622,3,47
2018-08-16,11408.7,11413.8,11405.8,11413.8,13:10:00,11424.965119273373,3,48
2018-08-16,11412.9,11414.2,11408.9,11408.9,13:15:00,11423.816060294956,3,49
2018-08-16,11413.2,11415.75,11412.35,11412.8,13:20:00,11422.805006933531,3,50
2018-08-16,11395.2,11413.8,11395.2,11413.35,13:25:00,11420.175958654148,3,51
2018-08-16,11401.45,11402.85,11393.55,11394.75,13:30:00,11418.39253402042,3,52
2018-08-16,11392.65,11401.85,11392.05,11401.6,13:35:00,11415.940864113714,3,53
2018-08-16,11402.2,11403.45,11390.1,11392.75,13:40:00,11414.632210388598,3,54
2018-08-16,11397.7,11402.6,11395.9,11402.6,13:45:00,11413.019618923016,3,55
2018-08-16,11393.2,11400.55,11393.2,11397.8,13:50:00,11411.132036168445,3,56
2018-08-16,11393.1,11395.75,11390.05,11393.25,13:55:00,11409.414699390498,3,57
2018-08-16,11402.7,11403.1,11393.25,11393.4,14:00:00,11408.775204210451,3,58
2018-08-16,11401.5,11410.25,11401.1,11402.95,14:05:00,11408.08232761898,3,59
2018-08-16,11409.1,11409.3,11400.8,11401.35,14:10:00,11408.179248798126,3,60
2018-08-16,11405.3,11410.3,11405.2,11408.95,14:15:00,11407.905034626876,3,61
2018-08-16,11403.55,11405.95,11400.65,11405.55,14:20:00,11407.490269424316,3,62
2018-08-16,11399.9,11405.35,11399.9,11404.1,14:25:00,11406.767386622,3,63
2018-08-16,11395.65,11400.4,11392.05,11400.4,14:30:00,11405.708587896095,3,64
2018-08-16,11389.85,11397.05,11389.85,11396.55,14:35:00,11404.198246191703,3,65
2018-08-16,11378.85,11390.25,11370.55,11390.2,14:40:00,11401.784127506782,3,66
2018-08-16,11379.45,11379.95,11366.25,11378.5,14:45:00,11399.657067744232,3,67
2018-08-16,11388.5,11389.1,11377.3,11380.15,14:50:00,11398.59448986383,3,68
2018-08-16,11387.4,11393.7,11386.05,11388.05,14:55:00,11397.528347972036,3,69
2018-08-16,11390.25,11390.25,11376.4,11386.95,15:00:00,11396.8351719747,3,70
2018-08-16,11386.4,11394.9,11384.9,11390.7,15:05:00,11395.841346072346,3,71
2018-08-16,11382.2,11387.85,11381.95,11386.75,15:10:00,11394.542170255932,3,72
2018-08-16,11386.25,11387.1,11380.1,11382.9,15:15:00,11393.752439755368,3,73
2018-08-16,11387.9,11387.9,11383.75,11385.85,15:20:00,11393.19506454057,3,74
2018-08-16,11391.2,11392.65,11385.4,11388.0,15:25:00,11393.00505839385,3,75
2018-08-17,11443.75,11448.8,11431.8,11435.0,09:15:00,11397.837909975387,4,1
2018-08-17,11441.35,11449.9,11437.0,11443.3,09:20:00,11401.98191854916,4,2
2018-08-17,11444.85,11446.6,11440.9,11441.4,09:25:00,11406.064592973047,4,3
2018-08-17,11455.7,11460.15,11445.15,11445.7,09:30:00,11410.791774594663,4,4
2018-08-17,11461.2,11464.05,11455.25,11456.15,09:35:00,11415.5925579666,4,5
2018-08-17,11458.95,11461.8,11452.55,11461.15,09:40:00,11419.721838160258,4,6
2018-08-17,11452.85,11463.4,11451.4,11458.75,09:45:00,11422.876901192614,4,7
2018-08-17,11455.75,11457.15,11449.6,11452.75,09:50:00,11426.007672507603,4,8
2018-08-17,11458.0,11461.2,11455.6,11455.85,09:55:00,11429.054560840214,4,9
2018-08-17,11461.9,11463.7,11458.2,11458.5,10:00:00,11432.18269790305,4,10
2018-08-17,11459.65,11462.15,11455.45,11461.75,10:05:00,11434.798631436091,4,11
2018-08-17,11463.1,11463.65,11453.4,11459.45,10:10:00,11437.493999870752,4,12
2018-08-17,11467.0,11469.85,11460.8,11463.45,10:15:00,11440.304095121155,4,13
2018-08-17,11466.75,11469.8,11465.45,11467.3,10:20:00,11442.822752728664,4,14
2018-08-17,11462.0,11467.05,11461.3,11466.8,10:25:00,11444.649157230697,4,15
2018-08-17,11464.05,11464.95,11457.25,11462.05,10:30:00,11446.49685654206,4,16
2018-08-17,11466.7,11472.5,11463.7,11463.7,10:35:00,11448.420965442816,4,17
2018-08-17,11471.0,11471.3,11465.4,11465.5,10:40:00,11450.571349686355,4,18
2018-08-17,11472.2,11473.25,11470.45,11470.95,10:45:00,11452.6312211448,4,19
2018-08-17,11468.95,11474.7,11468.85,11472.5,10:50:00,11454.185390559582,4,20
2018-08-17,11473.3,11473.65,11468.25,11468.7,10:55:00,11456.005829553906,4,21
2018-08-17,11476.05,11477.5,11473.05,11473.1,11:00:00,11457.91479816782,4,22
2018-08-17,11472.75,11476.75,11471.4,11475.95,11:05:00,11459.32767453279,4,23
2018-08-17,11476.15,11476.45,11470.35,11473.05,11:10:00,11460.929800767764,4,24
2018-08-17,11471.5,11477.6,11471.1,11476.35,11:15:00,11461.936486408928,4,25
2018-08-17,11475.55,11475.55,11471.05,11471.45,11:20:00,11463.23301151284,4,26
2018-08-17,11473.1,11477.35,11472.8,11475.25,11:25:00,11464.172724702092,4,27
2018-08-17,11473.8,11474.7,11470.4,11473.3,11:30:00,11465.089608063798,4,28
2018-08-17,11479.35,11480.15,11473.35,11473.55,11:35:00,11466.44774062915,4,29
2018-08-17,11478.0,11480.25,11477.6,11479.4,11:40:00,11467.547955807326,4,30
2018-08-17,11474.25,11477.6,11471.2,11477.6,11:45:00,11468.186245730438,4,31
2018-08-17,11474.25,11475.8,11472.0,11473.95,11:50:00,11468.763746137063,4,32
2018-08-17,11473.25,11476.05,11471.8,11474.2,11:55:00,11469.191008409724,4,33
2018-08-17,11474.9,11476.1,11473.4,11473.4,12:00:00,11469.734721894514,4,34
2018-08-17,11474.85,11476.25,11474.35,11475.2,12:05:00,11470.221891237894,4,35
2018-08-17,11477.45,11477.9,11473.45,11474.9,12:10:00,11470.910282548572,4,36
2018-08-17,11474.75,11477.9,11474.5,11477.75,12:15:00,11471.275969924898,4,37
2018-08-17,11478.3,11479.55,11474.4,11474.6,12:20:00,11471.944925170146,4,38
2018-08-17,11477.75,11479.85,11476.95,11478.5,12:25:00,11472.497789439656,4,39
2018-08-17,11474.0,11478.15,11473.65,11477.85,12:30:00,11472.64085711207,4,40
2018-08-17,11466.8,11474.65,11466.05,11474.25,12:35:00,11472.08458500616,4,41
2018-08-17,11467.9,11469.8,11465.7,11466.35,12:40:00,11471.68605310081,4,42
2018-08-17,11462.45,11467.8,11461.9,11467.8,12:45:00,11470.80642899597,4,43
2018-08-17,11467.7,11468.1,11461.8,11462.4,12:50:00,11470.5105786154,4,44
2018-08-17,11468.15,11468.8,11465.55,11467.95,12:55:00,11470.28576160441,4,45
2018-08-17,11473.15,11473.35,11467.75,11468.3,13:00:00,11470.558546213511,4,46
2018-08-17,11467.05,11474.2,11466.75,11472.45,13:05:00,11470.224398955084,4,47
2018-08-17,11469.2,11471.05,11466.2,11467.6,13:10:00,11470.126837149835,4,48
2018-08-17,11467.95,11470.15,11467.75,11469.05,13:15:00,11469.919519326042,4,49
2018-08-17,11464.0,11469.55,11464.0,11468.15,13:20:00,11469.355755580706,4,50
2018-08-17,11462.05,11466.45,11459.65,11464.15,13:25:00,11468.659969334924,4,51
2018-08-17,11463.75,11468.1,11459.45,11462.15,13:30:00,11468.192353207787,4,52
2018-08-17,11466.6,11469.35,11462.3,11463.85,13:35:00,11468.040700521333,4,53
2018-08-17,11470.45,11470.9,11465.45,11466.55,13:40:00,11468.270157614535,4,54
2018-08-17,11466.65,11471.45,11465.7,11470.55,13:45:00,11468.115856889344,4,55
2018-08-17,11464.8,11468.35,11458.1,11467.05,13:50:00,11467.80006099512,4,56
2018-08-17,11469.65,11469.75,11464.1,11465.15,13:55:00,11467.976245662254,4,57
2018-08-17,11467.45,11470.4,11467.15,11469.85,14:00:00,11467.926127027751,4,58
2018-08-17,11472.7,11473.0,11466.1,11467.7,14:05:00,11468.380781596536,4,59
2018-08-17,11473.85,11475.1,11470.8,11472.6,14:10:00,11468.901659539724,4,60
2018-08-17,11474.0,11477.1,11473.4,11474.15,14:15:00,11469.387215774035,4,61
2018-08-17,11476.25,11477.15,11471.45,11474.45,14:20:00,11470.040814271748,4,62
2018-08-17,11477.85,11481.5,11474.1,11476.7,14:25:00,11470.784546245866,4,63
2018-08-17,11481.35,11483.85,11478.3,11478.85,14:30:00,11471.790779936737,4,64
2018-08-17,11482.55,11483.45,11476.95,11481.8,14:35:00,11472.81546756181,4,65
2018-08-17,11484.4,11486.45,11481.05,11483.0,14:40:00,11473.918756365449,4,66
2018-08-17,11475.7,11485.55,11475.4,11485.25,14:45:00,11474.088398616355,4,67
2018-08-17,11477.1,11478.15,11471.9,11476.55,14:50:00,11474.37521779575,4,68
2018-08-17,11476.1,11478.0,11474.15,11477.55,14:55:00,11474.539482767585,4,69
2018-08-17,11479.0,11482.75,11475.25,11476.55,15:00:00,11474.964293932577,4,70
2018-08-17,11476.4,11480.0,11474.2,11479.1,15:05:00,11475.10102784376,4,71
2018-08-17,11473.0,11478.2,11472.35,11476.3,15:10:00,11474.900929953876,4,72
2018-08-17,11463.15,11474.45,11461.45,11472.85,15:15:00,11473.781793767794,4,73
2018-08-17,11466.1,11469.7,11462.3,11462.7,15:20:00,11473.050194361336,4,74
2018-08-17,11464.35,11469.35,11463.7,11466.7,15:25:00,11472.221604422162,4,75
2018-08-20,11513.9,11517.25,11499.65,11500.6,09:15:00,11476.190975429574,0,1
2018-08-20,11519.5,11523.3,11514.2,11514.2,09:20:00,11480.31564443628,0,2
2018-08-20,11518.05,11525.45,11514.8,11518.95,09:25:00,11483.909392585208,0,3
2018-08-20,11527.2,11529.15,11517.95,11517.95,09:30:00,11488.032307577092,0,4
2018-08-20,11531.1,11531.1,11520.95,11527.1,09:35:00,11492.13399256975,0,5
2018-08-20,11535.75,11539.05,11528.95,11530.5,09:40:00,11496.287898039298,0,6
2018-08-20,11539.7,11540.55,11532.95,11535.4,09:45:00,11500.422383940317,0,7
2018-08-20,11534.9,11542.95,11534.45,11540.2,09:50:00,11503.705966422192,0,8
2018-08-20,11533.95,11537.65,11532.6,11535.25,09:55:00,11506.58635057246,0,9
2018-08-20,11538.75,11540.3,11534.05,11534.4,10:00:00,11509.649555279844,0,10
2018-08-20,11539.55,11542.3,11537.25,11538.65,10:05:00,11512.497216681764,0,11
2018-08-20,11540.8,11543.0,11538.2,11540.35,10:10:00,11515.19271985493,0,12
2018-08-20,11543.5,11545.1,11539.0,11541.35,10:15:00,11517.888651297317,0,13
2018-08-20,11544.35,11545.3,11540.7,11543.4,10:20:00,11520.408779745192,0,14
2018-08-20,11536.85,11545.0,11536.5,11544.8,10:25:00,11521.97461024565,0,15
2018-08-20,11537.35,11538.45,11530.9,11537.05,10:30:00,11523.438933079397,0,16
2018-08-20,11537.35,11539.8,11534.05,11537.1,10:35:00,11524.763796595644,0,17
2018-08-20,11536.75,11538.65,11533.6,11536.95,10:40:00,11525.905339777011,0,18
2018-08-20,11535.0,11539.9,11534.55,11536.65,10:45:00,11526.771497893486,0,19
2018-08-20,11537.3,11538.7,11532.8,11534.5,10:50:00,11527.77421237982,0,20
2018-08-20,11537.45,11539.95,11535.3,11537.6,10:55:00,11528.695715962696,0,21
2018-08-20,11541.25,11542.35,11537.4,11537.7,11:00:00,11529.891362061486,0,22
2018-08-20,11539.95,11542.25,11537.95,11541.3,11:05:00,11530.84932757944,0,23
2018-08-20,11540.15,11541.3,11537.75,11540.05,11:10:00,11531.735105905203,0,24
2018-08-20,11541.5,11543.5,11539.25,11540.25,11:15:00,11532.665095818997,0,25
2018-08-20,11541.85,11543.0,11538.55,11541.85,11:20:00,11533.53984859814,0,26
2018-08-20,11540.05,11541.45,11537.05,11541.45,11:25:00,11534.159863017365,0,27
2018-08-20,11540.5,11543.0,11538.25,11539.75,11:30:00,11534.76368558714,0,28
2018-08-20,11541.15,11541.9,11539.05,11540.45,11:35:00,11535.371906007413,0,29
2018-08-20,11542.15,11545.05,11540.8,11541.8,11:40:00,11536.017438768611,0,30
2018-08-20,11541.9,11543.1,11538.7,11542.3,11:45:00,11536.57768269541,0,31
2018-08-20,11543.75,11544.15,11541.05,11541.7,11:50:00,11537.260760533942,0,32
2018-08-20,11543.15,11544.45,11539.1,11544.0,11:55:00,11537.821640483093,0,33
2018-08-20,11545.1,11545.1,11541.4,11543.75,12:00:00,11538.51481757994,0,34
2018-08-20,11547.0,11549.15,11544.9,11544.9,12:05:00,11539.322930191374,0,35
2018-08-20,11549.65,11551.85,11546.2,11546.65,12:10:00,11540.30646064934,0,36
2018-08-20,11546.45,11551.3,11545.65,11549.9,12:15:00,11540.891559635116,0,37
2018-08-20,11550.3,11552.75,11544.65,11546.2,12:20:00,11541.787601574628,0,38
2018-08-20,11550.45,11553.15,11548.85,11551.0,12:25:00,11542.612591900854,0,39
2018-08-20,11553.1,11556.5,11549.1,11550.5,12:30:00,11543.6113926722,0,40
2018-08-20,11555.0,11557.05,11552.5,11553.4,12:35:00,11544.696021941516,0,41
2018-08-20,11556.45,11556.8,11553.75,11555.2,12:40:00,11545.815448423276,0,42
2018-08-20,11557.9,11559.3,11556.15,11557.1,12:45:00,11546.96635809725,0,43
2018-08-20,11558.05,11558.6,11555.4,11558.15,12:50:00,11548.021943040369,0,44
2018-08-20,11555.8,11560.25,11554.5,11558.6,12:55:00,11548.762710369856,0,45
2018-08-20,11558.55,11561.05,11555.05,11555.05,13:00:00,11549.694833191774,0,46
2018-08-20,11556.9,11562.55,11556.6,11558.6,13:05:00,11550.381039554462,0,47
2018-08-20,11556.4,11558.85,11553.25,11556.85,13:10:00,11550.95427388261,0,48
2018-08-20,11557.8,11559.6,11556.05,11556.6,13:15:00,11551.606247798552,0,49
2018-08-20,11558.0,11559.4,11556.1,11557.65,13:20:00,11552.215176579644,0,50
2018-08-20,11557.9,11559.55,11555.7,11557.85,13:25:00,11552.756588333965,0,51
2018-08-20,11555.05,11560.35,11553.7,11558.0,13:30:00,11552.975008492633,0,52
2018-08-20,11560.6,11561.05,11554.95,11554.95,13:35:00,11553.70119816,0,53
2018-08-20,11558.7,11562.95,11558.0,11560.7,13:40:00,11554.177274525717,0,54
2018-08-20,11554.5,11559.25,11554.2,11558.85,13:45:00,11554.20801028517,0,55
2018-08-20,11555.6,11556.65,11551.65,11554.4,13:50:00,11554.340580734202,0,56
2018-08-20,11559.95,11560.9,11554.95,11555.95,13:55:00,11554.87481114047,0,57
2018-08-20,11556.1,11561.45,11555.4,11560.0,14:00:00,11554.991495793758,0,58
2018-08-20,11560.45,11562.7,11556.15,11556.15,14:05:00,11555.51135333721,0,59
2018-08-20,11563.65,11565.3,11559.5,11560.9,14:10:00,11556.286462543188,0,60
2018-08-20,11553.1,11564.0,11553.1,11564.0,14:15:00,11555.982989920029,0,61
2018-08-20,11552.65,11554.4,11545.15,11553.15,14:20:00,11555.665562308595,0,62
2018-08-20,11551.65,11556.55,11549.9,11553.3,14:25:00,11555.283127803015,0,63
2018-08-20,11556.3,11556.35,11549.8,11551.8,14:30:00,11555.379972774155,0,64
2018-08-20,11554.65,11558.1,11552.55,11556.55,14:35:00,11555.310451557572,0,65
2018-08-20,11554.5,11556.55,11552.35,11555.05,14:40:00,11555.233265694946,0,66
2018-08-20,11558.05,11559.55,11554.1,11555.3,14:45:00,11555.50152610495,0,67
2018-08-20,11555.25,11560.25,11553.85,11558.55,14:50:00,11555.477571237812,0,68
2018-08-20,11553.35,11556.8,11550.6,11555.4,14:55:00,11555.27494540564,0,69
2018-08-20,11549.6,11555.8,11549.15,11553.95,15:00:00,11554.734474414628,0,70
2018-08-20,11549.45,11554.0,11547.05,11550.25,15:05:00,11554.231191137043,0,71
2018-08-20,11549.4,11553.4,11548.15,11549.95,15:10:00,11553.77107769542,0,72
2018-08-20,11549.45,11550.5,11544.65,11549.9,15:15:00,11553.359546486332,0,73
2018-08-20,11554.3,11558.5,11548.65,11548.7,15:20:00,11553.449113487632,0,74
2018-08-20,11554.85,11556.85,11550.5,11554.1,15:25:00,11553.582531250717,0,75
2018-08-21,11569.35,11581.3,11562.15,11574.5,09:15:00,11555.084194941126,1,1
2018-08-21,11563.3,11572.85,11560.1,11569.75,09:20:00,11555.86665256578,1,2
2018-08-21,11557.15,11569.0,11557.15,11562.25,09:25:00,11555.988876130945,1,3
2018-08-21,11550.6,11560.6,11549.0,11557.7,09:30:00,11555.47564983276,1,4
2018-08-21,11555.05,11559.2,11545.55,11551.0,09:35:00,11555.435111753448,1,5
2018-08-21,11547.65,11556.5,11547.65,11555.25,09:40:00,11554.693672538831,1,6
2018-08-21,11552.55,11552.55,11542.5,11547.95,09:45:00,11554.48951324942,1,7
2018-08-21,11549.0,11553.75,11546.95,11552.4,09:50:00,11553.96670246376,1,8
2018-08-21,11554.25,11554.8,11545.8,11549.4,09:55:00,11553.993683181498,1,9
2018-08-21,11556.15,11559.85,11554.3,11554.7,10:00:00,11554.199046688022,1,10
2018-08-21,11558.2,11560.5,11555.1,11556.75,10:05:00,11554.58008986059,1,11
2018-08-21,11560.7,11561.2,11554.8,11558.45,10:10:00,11555.162938445295,1,12
2018-08-21,11562.35,11565.8,11559.65,11560.85,10:15:00,11555.847420498125,1,13
2018-08-21,11565.0,11565.8,11561.4,11562.45,10:20:00,11556.719094736396,1,14
2018-08-21,11565.55,11567.7,11564.7,11565.95,10:25:00,11557.56013333293,1,15
2018-08-21,11567.1,11568.1,11564.2,11566.05,10:30:00,11558.468692063128,1,16
2018-08-21,11567.45,11570.55,11565.2,11567.45,10:35:00,11559.324054723782,1,17
2018-08-21,11569.5,11570.2,11565.05,11567.25,10:40:00,11560.293192369136,1,18
2018-08-21,11564.25,11570.65,11563.65,11569.45,10:45:00,11560.670031191125,1,19
2018-08-21,11560.05,11565.85,11558.75,11564.3,10:50:00,11560.610980601492,1,20
2018-08-21,11562.65,11563.85,11556.95,11560.65,10:55:00,11560.80517292516,1,21
2018-08-21,11556.95,11563.95,11556.5,11562.6,11:00:00,11560.438013598954,1,22
2018-08-21,11554.95,11556.9,11554.2,11556.9,11:05:00,11559.91534563715,1,23
2018-08-21,11552.55,11555.7,11550.7,11554.7,11:10:00,11559.213884147895,1,24
2018-08-21,11552.85,11554.7,11551.3,11552.8,11:15:00,11558.607799943336,1,25
2018-08-21,11556.25,11557.25,11552.75,11553.3,11:20:00,11558.38324756778,1,26
2018-08-21,11557.95,11558.7,11555.3,11556.9,11:25:00,11558.341985894658,1,27
2018-08-21,11559.8,11561.65,11557.95,11558.25,11:30:00,11558.48084438088,1,28
2018-08-21,11554.95,11560.35,11554.25,11559.15,11:35:00,11558.144573487463,1,29
2018-08-21,11549.75,11555.8,11549.2,11555.65,11:40:00,11557.345090298182,1,30
2018-08-21,11544.75,11550.05,11539.6,11550.05,11:45:00,11556.14555788883,1,31
2018-08-21,11542.05,11548.05,11542.05,11545.35,11:50:00,11554.80312380418,1,32
2018-08-21,11548.95,11549.7,11541.75,11542.2,11:55:00,11554.245683441875,1,33
2018-08-21,11551.75,11553.65,11549.4,11549.4,12:00:00,11554.007999304557,1,34
2018-08-21,11551.15,11555.95,11551.0,11552.5,12:05:00,11553.735808894597,1,35
2018-08-21,11552.25,11553.3,11548.55,11551.7,12:10:00,11553.594303285588,1,36
2018-08-21,11551.35,11552.65,11548.45,11551.9,12:15:00,11553.380560115533,1,37
2018-08-21,11553.3,11556.15,11550.9,11551.75,12:20:00,11553.372887723575,1,38
2018-08-21,11552.9,11555.3,11549.2,11553.85,12:25:00,11553.32785079752,1,39
2018-08-21,11552.2,11555.4,11550.25,11553.6,12:30:00,11553.220436435851,1,40
2018-08-21,11554.7,11555.45,11552.1,11552.9,12:35:00,11553.361347251486,1,41
2018-08-21,11561.0,11561.9,11554.0,11555.0,12:40:00,11554.08883798944,1,42
2018-08-21,11567.1,11568.75,11560.65,11561.3,12:45:00,11555.32799627616,1,43
2018-08-21,11566.0,11568.6,11565.3,11567.15,12:50:00,11556.344377583193,1,44
2018-08-21,11564.7,11567.3,11561.65,11566.45,12:55:00,11557.140151146696,1,45
2018-08-21,11559.65,11566.0,11559.1,11564.9,13:00:00,11557.37918437082,1,46
2018-08-21,11560.55,11564.1,11559.15,11560.65,13:05:00,11557.681166811692,1,47
2018-08-21,11561.45,11565.25,11561.05,11561.05,13:10:00,11558.04010330582,1,48
2018-08-21,11564.6,11566.15,11561.05,11562.1,13:15:00,11558.664855371931,1,49
2018-08-21,11564.15,11567.7,11563.35,11565.0,13:20:00,11559.187250098415,1,50
2018-08-21,11567.65,11568.9,11562.4,11564.75,13:25:00,11559.993226279516,1,51
2018-08-21,11566.2,11570.05,11564.95,11570.05,13:30:00,11560.58434758623,1,52
2018-08-21,11567.95,11570.55,11565.3,11565.8,13:35:00,11561.285838292304,1,53
2018-08-21,11564.95,11572.25,11563.95,11567.65,13:40:00,11561.63480607399,1,54
2018-08-21,11563.65,11568.6,11562.15,11565.5,13:45:00,11561.826729305038,1,55
2018-08-21,11562.65,11566.15,11561.85,11563.75,13:50:00,11561.905136037893,1,56
2018-08-21,11556.45,11566.55,11556.45,11563.3,13:55:00,11561.385599272378,1,57
2018-08-21,11552.0,11558.25,11551.8,11557.5,14:00:00,11560.491732675007,1,58
2018-08-21,11560.9,11561.75,11551.45,11552.85,14:05:00,11560.530615277386,1,59
2018-08-21,11561.55,11565.15,11558.55,11561.75,14:10:00,11560.627699536684,1,60
2018-08-21,11563.1,11568.55,11561.45,11562.5,14:15:00,11560.863156723666,1,61
2018-08-21,11568.3,11568.9,11563.05,11564.0,14:20:00,11561.571427511888,1,62
2018-08-21,11567.25,11568.45,11566.35,11568.35,14:25:00,11562.112243939328,1,63
2018-08-21,11568.95,11569.5,11564.25,11567.55,14:30:00,11562.763458802248,1,64
2018-08-21,11574.5,11575.35,11568.1,11569.3,14:35:00,11563.881224630606,1,65
2018-08-21,11571.9,11576.4,11570.25,11575.0,14:40:00,11564.64491752293,1,66
2018-08-21,11569.8,11572.5,11566.25,11572.2,14:45:00,11565.13587775884,1,67
2018-08-21,11574.35,11576.1,11569.25,11570.05,14:50:00,11566.01341321038,1,68
2018-08-21,11572.5,11578.4,11571.9,11575.25,14:55:00,11566.63118338082,1,69
2018-08-21,11572.05,11576.35,11570.0,11574.1,15:00:00,11567.147261154078,1,70
2018-08-21,11570.7,11573.7,11568.8,11572.4,15:05:00,11567.485617234644,1,71
2018-08-21,11570.5,11572.3,11567.15,11572.3,15:10:00,11567.772701307536,1,72
2018-08-21,11568.75,11572.65,11565.7,11571.3,15:15:00,11567.865777373485,1,73
2018-08-21,11572.45,11574.0,11569.7,11570.35,15:20:00,11568.30237000458,1,74
2018-08-21,11570.8,11574.15,11570.0,11572.7,15:25:00,11568.540239527953,1,75
2018-08-23,11596.65,11612.2,11595.65,11606.85,09:15:00,11571.217359572913,3,1
2018-08-23,11591.1,11599.9,11588.3,11596.8,09:20:00,11573.11094437549,3,2
2018-08-23,11591.15,11592.7,11585.6,11590.15,09:25:00,11574.82894967306,3,3
2018-08-23,11588.9,11591.5,11584.6,11590.8,09:30:00,11576.169049704198,3,4
2018-08-23,11592.55,11596.05,11586.75,11588.85,09:35:00,11577.72914020856,3,5
2018-08-23,11588.55,11593.2,11586.45,11592.2,09:40:00,11578.759698283931,3,6
2018-08-23,11583.6,11588.75,11579.35,11588.5,09:45:00,11579.22067939975,3,7
2018-08-23,11578.2,11584.95,11578.2,11583.7,09:50:00,11579.12347183787,3,8
2018-08-23,11571.8,11579.0,11565.45,11579.0,09:55:00,11578.4259983295,3,9
2018-08-23,11573.95,11577.35,11568.4,11571.5,10:00:00,11577.99971277431,3,10
2018-08-23,11566.4,11574.7,11566.1,11573.8,10:05:00,11576.894978224376,3,11
2018-08-23,11557.2,11566.25,11554.1,11566.05,10:10:00,11575.019266012532,3,12
2018-08-23,11562.15,11563.45,11550.1,11557.35,10:15:00,11573.793621630386,3,13
2018-08-23,11570.25,11571.9,11561.6,11561.6,10:20:00,11573.456133856063,3,14
2018-08-23,11563.55,11573.2,11561.4,11569.85,10:25:00,11572.512692536438,3,15
2018-08-23,11557.3,11564.45,11557.3,11563.35,10:30:00,11571.063864675823,3,16
2018-08-23,11552.95,11558.15,11546.7,11557.1,10:35:00,11569.338734706696,3,17
2018-08-23,11552.25,11558.25,11551.9,11553.0,10:40:00,11567.711236163204,3,18
2018-08-23,11557.55,11559.45,11549.2,11552.55,10:45:00,11566.743499385757,3,19
2018-08-23,11559.4,11562.25,11555.45,11557.7,10:50:00,11566.044118491873,3,20
2018-08-23,11564.3,11565.2,11559.9,11559.9,10:55:00,11565.878011968838,3,21
2018-08-23,11556.3,11564.4,11554.65,11564.4,11:00:00,11564.965820352758,3,22
2018-08-23,11559.75,11561.5,11555.75,11556.05,11:05:00,11564.469075557256,3,23
2018-08-23,11560.35,11566.15,11559.2,11559.7,11:10:00,11564.076782647042,3,24
2018-08-23,11559.2,11560.9,11554.6,11560.75,11:15:00,11563.612327156849,3,25
2018-08-23,11561.7,11562.45,11559.05,11559.4,11:20:00,11563.430200760957,3,26
2018-08-23,11558.8,11562.2,11557.35,11561.9,11:25:00,11562.989229259914,3,27
2018-08-23,11558.35,11561.4,11557.1,11559.15,11:30:00,11562.547397901826,3,28
2018-08-23,11563.05,11563.7,11558.15,11558.15,11:35:00,11562.59526476832,3,29
2018-08-23,11568.65,11569.8,11562.95,11563.1,11:40:00,11563.171906218957,3,30
2018-08-23,11568.55,11572.2,11568.1,11568.95,11:45:00,11563.684105626671,3,31
2018-08-23,11574.75,11577.5,11568.25,11568.5,11:50:00,11564.738000328894,3,32
2018-08-23,11577.3,11578.65,11573.7,11575.3,11:55:00,11565.934381249952,3,33
2018-08-23,11574.6,11578.6,11573.45,11577.6,12:00:00,11566.759678273767,3,34
2018-08-23,11577.15,11577.15,11570.75,11574.3,12:05:00,11567.749232723883,3,35
2018-08-23,11575.15,11577.45,11573.2,11577.25,12:10:00,11568.454067702563,3,36
2018-08-23,11574.55,11576.4,11571.55,11575.3,12:15:00,11569.034632683271,3,37
2018-08-23,11571.05,11575.05,11569.5,11574.6,12:20:00,11569.226572427722,3,38
2018-08-23,11576.35,11576.6,11571.05,11571.35,12:25:00,11569.904994101273,3,39
2018-08-23,11575.9,11579.0,11575.1,11576.15,12:30:00,11570.47594704401,3,40
2018-08-23,11576.4,11577.2,11573.2,11575.7,12:35:00,11571.040142563628,3,41
2018-08-23,11579.25,11580.0,11576.1,11576.55,12:40:00,11571.822033748043,3,42
2018-08-23,11575.5,11581.5,11575.4,11579.3,12:45:00,11572.172316248229,3,43
2018-08-23,11574.3,11577.65,11572.9,11575.45,12:50:00,11572.374952796015,3,44
2018-08-23,11569.2,11574.6,11567.55,11574.2,12:55:00,11572.072576339257,3,45
2018-08-23,11573.35,11574.1,11568.55,11569.65,13:00:00,11572.194235735516,3,46
2018-08-23,11576.3,11578.7,11570.4,11573.2,13:05:00,11572.585260903565,3,47
2018-08-23,11571.85,11579.6,11571.85,11577.85,13:10:00,11572.515236055606,3,48
2018-08-23,11577.15,11579.35,11572.4,11573.0,13:15:00,11572.95664214555,3,49
2018-08-23,11579.1,11580.85,11575.6,11578.6,13:20:00,11573.541723845972,3,50
2018-08-23,11575.85,11581.4,11574.45,11580.05,13:25:00,11573.761559670163,3,51
2018-08-23,11575.05,11578.05,11573.55,11576.9,13:30:00,11573.884268273006,3,52
2018-08-23,11574.25,11576.95,11573.55,11576.8,13:35:00,11573.919099866052,3,53
2018-08-23,11568.55,11576.7,11566.7,11574.9,13:40:00,11573.407757021669,3,54
2018-08-23,11569.8,11571.3,11566.7,11570.1,13:45:00,11573.064161114842,3,55
2018-08-23,11574.1,11575.15,11569.0,11571.05,13:50:00,11573.162812437238,3,56
2018-08-23,11578.15,11579.05,11572.55,11575.4,13:55:00,11573.63778268131,3,57
2018-08-23,11576.1,11579.5,11574.75,11579.5,14:00:00,11573.872279568805,3,58
2018-08-23,11573.9,11577.25,11573.6,11577.05,14:05:00,11573.87491960987,3,59
2018-08-23,11583.05,11584.4,11574.2,11574.2,14:10:00,11574.748736789885,3,60
2018-08-23,11585.8,11588.5,11583.4,11584.7,14:15:00,11575.801238047989,3,61
2018-08-23,11581.65,11586.2,11577.75,11586.2,14:20:00,11576.358262995798,3,62
2018-08-23,11582.85,11589.0,11581.2,11582.8,14:25:00,11576.976523662865,3,63
2018-08-23,11589.3,11591.8,11583.85,11584.15,14:30:00,11578.150188075926,3,64
2018-08-23,11589.6,11594.3,11587.05,11589.65,14:35:00,11579.240646354408,3,65
2018-08-23,11590.65,11591.2,11588.3,11590.5,14:40:00,11580.327251463512,3,66
2018-08-23,11583.3,11592.4,11583.2,11591.95,14:45:00,11580.610370371747,3,67
2018-08-23,11589.4,11591.5,11581.7,11583.8,14:50:00,11581.447477955391,3,68
2018-08-23,11579.85,11590.4,11579.85,11590.3,14:55:00,11581.295337197736,3,69
2018-08-23,11575.15,11583.45,11574.15,11581.7,15:00:00,11580.710066988426,3,70
2018-08-23,11582.25,11582.35,11574.25,11575.25,15:05:00,11580.85672727524,3,71
2018-08-23,11587.15,11587.55,11582.05,11582.05,15:10:00,11581.45608658236,3,72
2018-08-23,11589.1,11589.55,11585.5,11587.25,15:15:00,11582.184078336422,3,73
2018-08-23,11581.5,11589.55,11579.5,11589.15,15:20:00,11582.118928018668,3,74
2018-08-23,11579.45,11583.1,11569.55,11581.15,15:25:00,11581.864744397844,3,75
2018-08-24,11574.8,11574.8,11558.65,11563.6,09:15:00,11581.191911598047,4,1
2018-08-24,11590.25,11590.75,11573.55,11575.1,09:20:00,11582.05458668395,4,2
2018-08-24,11588.6,11594.6,11584.8,11589.3,09:25:00,11582.677959380717,4,3
2018-08-24,11598.1,11598.1,11588.1,11589.45,09:30:00,11584.146725153982,4,4
2018-08-24,11600.8,11604.6,11597.65,11598.25,09:35:00,11585.732751329791,4,5
2018-08-24,11597.0,11601.25,11591.7,11600.5,09:40:00,11586.80582263172,4,6
2018-08-24,11591.25,11600.3,11590.3,11597.65,09:45:00,11587.229077619171,4,7
2018-08-24,11596.9,11598.05,11586.5,11591.0,09:50:00,11588.150117845918,4,8
2018-08-24,11591.9,11597.05,11591.5,11596.3,09:55:00,11588.50724947964,4,9
2018-08-24,11590.1,11593.35,11585.8,11592.2,10:00:00,11588.658940005387,4,10
2018-08-24,11590.1,11594.2,11589.45,11590.3,10:05:00,11588.7961838144,4,11
2018-08-24,11589.6,11592.3,11586.25,11589.75,10:10:00,11588.872737736838,4,12
2018-08-24,11578.05,11589.95,11577.6,11589.55,10:15:00,11587.84200080952,4,13
2018-08-24,11573.1,11579.95,11572.2,11578.4,10:20:00,11586.438000732423,4,14
2018-08-24,11579.6,11579.6,11571.05,11572.85,10:25:00,11585.78676256743,4,15
2018-08-24,11561.3,11581.2,11561.0,11579.7,10:30:00,11583.454689941962,4,16
2018-08-24,11561.6,11565.8,11554.1,11560.85,10:35:00,11581.37329089987,4,17
2018-08-24,11568.35,11570.35,11561.45,11561.45,10:40:00,11580.132977480836,4,18
2018-08-24,11569.8,11570.55,11565.25,11568.45,10:45:00,11579.14888438742,4,19
2018-08-24,11574.4,11578.6,11568.8,11569.65,10:50:00,11578.69660968386,4,20
2018-08-24,11573.05,11574.3,11570.9,11574.3,10:55:00,11578.158837333016,4,21
2018-08-24,11572.25,11579.75,11572.25,11573.25,11:00:00,11577.596090920348,4,22
2018-08-24,11574.8,11579.2,11570.05,11572.2,11:05:00,11577.32979654698,4,23
2018-08-24,11565.65,11575.8,11564.8,11574.9,11:10:00,11576.21743497108,4,24
2018-08-24,11570.7,11570.7,11564.4,11565.8,11:15:00,11575.691964973834,4,25
2018-08-24,11570.6,11571.15,11565.1,11570.65,11:20:00,11575.207015928709,4,26
2018-08-24,11568.4,11573.05,11568.1,11570.65,11:25:00,11574.558728697402,4,27
2018-08-24,11563.7,11570.0,11562.95,11567.9,11:30:00,11573.524564059551,4,28
2018-08-24,11565.55,11566.6,11562.9,11563.8,11:35:00,11572.765081768168,4,29
2018-08-24,11569.4,11572.05,11565.2,11565.65,11:40:00,11572.444597790249,4,30
2018-08-24,11565.4,11570.75,11564.8,11569.35,11:45:00,11571.773683714986,4,31
2018-08-24,11567.95,11567.95,11564.6,11565.5,11:50:00,11571.40952336118,4,32
2018-08-24,11566.75,11569.45,11564.85,11567.9,11:55:00,11570.965759231543,4,33
2018-08-24,11570.5,11571.45,11566.3,11566.8,12:00:00,11570.921401209493,4,34
2018-08-24,11567.45,11572.55,11566.4,11570.3,12:05:00,11570.590791570492,4,35
2018-08-24,11555.35,11567.0,11553.4,11567.0,12:10:00,11569.139287611397,4,36
2018-08-24,11558.0,11558.4,11552.55,11555.0,12:15:00,11568.078403076976,4,37
2018-08-24,11554.8,11560.6,11554.25,11558.3,12:20:00,11566.813793260124,4,38
2018-08-24,11550.35,11557.3,11549.35,11554.55,12:25:00,11565.245812949635,4,39
2018-08-24,11551.0,11551.7,11547.85,11550.55,12:30:00,11563.889068859196,4,40
2018-08-24,11551.55,11552.85,11549.2,11550.6,12:35:00,11562.713919444031,4,41
2018-08-24,11550.5,11554.85,11550.1,11551.25,12:40:00,11561.55068902079,4,42
2018-08-24,11546.45,11550.55,11542.2,11550.55,12:45:00,11560.112528161668,4,43
2018-08-24,11533.7,11546.5,11532.0,11546.35,12:50:00,11557.597049289128,4,44
2018-08-24,11536.25,11537.35,11532.75,11533.9,12:55:00,11555.563996975878,4,45
2018-08-24,11537.5,11544.35,11536.05,11536.35,13:00:00,11553.843616311508,4,46
2018-08-24,11544.65,11547.5,11536.55,11539.35,13:05:00,11552.96803380565,4,47
2018-08-24,11546.9,11550.45,11544.6,11545.75,13:10:00,11552.39012582416,4,48
2018-08-24,11550.55,11556.9,11546.75,11546.75,13:15:00,11552.214875745669,4,49
2018-08-24,11556.1,11558.0,11548.0,11552.55,13:20:00,11552.584887579416,4,50
2018-08-24,11554.85,11558.2,11550.0,11558.2,13:25:00,11552.800612571851,4,51
2018-08-24,11555.65,11562.9,11555.4,11556.35,13:30:00,11553.071982803103,4,52
2018-08-24,11552.05,11557.85,11549.95,11557.85,13:35:00,11552.974651107572,4,53
2018-08-24,11554.9,11557.2,11552.3,11553.75,13:40:00,11553.158017668757,4,54
2018-08-24,11559.9,11560.55,11555.25,11557.85,13:45:00,11553.800111224116,4,55
2018-08-24,11560.45,11565.2,11559.8,11562.85,13:50:00,11554.433433964676,4,56
2018-08-24,11559.9,11563.95,11555.45,11562.85,13:55:00,11554.954059301372,4,57
2018-08-24,11560.05,11563.75,11553.9,11560.95,14:00:00,11555.439386986958,4,58
2018-08-24,11566.25,11569.6,11560.85,11562.25,14:05:00,11556.468969178675,4,59
2018-08-24,11564.2,11568.85,11561.45,11568.5,14:10:00,11557.205257828326,4,60
2018-08-24,11567.7,11569.8,11562.85,11566.15,14:15:00,11558.20475708277,4,61
2018-08-24,11560.1,11569.7,11559.6,11568.45,14:20:00,11558.385256408224,4,62
2018-08-24,11560.2,11564.2,11557.5,11561.6,14:25:00,11558.55808913125,4,63
2018-08-24,11547.45,11563.35,11546.35,11562.85,14:30:00,11557.500175880654,4,64
2018-08-24,11546.9,11551.45,11542.4,11550.85,14:35:00,11556.490635320592,4,65
2018-08-24,11549.05,11550.95,11545.9,11548.8,14:40:00,11555.782003385297,4,66
2018-08-24,11560.9,11563.5,11549.85,11552.3,14:45:00,11556.269431634317,4,67
2018-08-24,11565.05,11567.4,11558.65,11560.85,14:50:00,11557.10567624057,4,68
2018-08-24,11555.3,11567.8,11551.45,11567.8,14:55:00,11556.9337070748,4,69
2018-08-24,11557.3,11559.65,11554.25,11554.25,15:00:00,11556.968592115296,4,70
2018-08-24,11554.95,11557.05,11552.6,11555.75,15:05:00,11556.776345247174,4,71
2018-08-24,11560.95,11560.95,11553.05,11555.1,15:10:00,11557.173836176014,4,72
2018-08-24,11558.15,11561.85,11555.5,11560.75,15:15:00,11557.266804159251,4,73
2018-08-24,11557.55,11560.25,11556.4,11558.95,15:20:00,11557.293775191703,4,74
2018-08-24,11556.15,11558.55,11552.45,11557.6,15:25:00,11557.184844221065,4,75
2018-08-27,11640.85,11642.15,11595.6,11602.25,09:15:00,11565.152954295248,0,1
2018-08-27,11644.25,11645.55,11638.15,11641.15,09:20:00,11572.68600626713,0,2
2018-08-27,11645.85,11649.8,11642.95,11644.35,09:25:00,11579.65400567026,0,3
2018-08-27,11652.85,11654.15,11646.3,11646.3,09:30:00,11586.62505274928,0,4
2018-08-27,11651.2,11653.2,11645.5,11653.2,09:35:00,11592.77504772554,0,5
2018-08-27,11655.5,11656.25,11648.05,11650.75,09:40:00,11598.74885270406,0,6
2018-08-27,11655.65,11659.95,11653.25,11656.0,09:45:00,11604.168009589386,0,7
2018-08-27,11658.65,11658.8,11653.35,11655.3,09:50:00,11609.356770580876,0,8
2018-08-27,11657.3,11660.0,11653.7,11658.5,09:55:00,11613.922792430316,0,9
2018-08-27,11656.65,11657.7,11655.0,11657.05,10:00:00,11617.992050294097,0,10
2018-08-27,11654.25,11657.4,11652.0,11657.0,10:05:00,11621.445188361324,0,11
2018-08-27,11656.2,11659.2,11653.7,11654.1,10:10:00,11624.75517042215,0,12
2018-08-27,11657.25,11660.6,11655.75,11655.75,10:15:00,11627.849916096233,0,13
2018-08-27,11655.45,11658.1,11653.4,11657.55,10:20:00,11630.478495515636,0,14
2018-08-27,11657.15,11658.3,11655.45,11655.65,10:25:00,11633.018638799864,0,15
2018-08-27,11658.9,11660.85,11655.35,11656.9,10:30:00,11635.483530342734,0,16
2018-08-27,11662.35,11662.85,11658.35,11658.8,10:35:00,11638.042241738664,0,17
2018-08-27,11658.9,11662.9,11657.85,11661.8,10:40:00,11640.028694906412,0,18
2018-08-27,11660.45,11661.25,11657.5,11658.7,10:45:00,11641.973581105802,0,19
2018-08-27,11660.4,11662.0,11658.7,11660.2,10:50:00,11643.728478143345,0,20
2018-08-27,11658.1,11660.7,11657.25,11660.35,10:55:00,11645.097194510645,0,21
2018-08-27,11663.55,11663.55,11657.45,11658.15,11:00:00,11646.854604557251,0,22
2018-08-27,11664.0,11666.2,11662.35,11663.75,11:05:00,11648.487499361325,0,23
2018-08-27,11664.75,11665.05,11661.65,11663.65,11:10:00,11650.03630894596,0,24
2018-08-27,11659.05,11666.65,11657.7,11664.6,11:15:00,11650.89475571301,0,25
2018-08-27,11664.75,11665.75,11659.35,11659.95,11:20:00,11652.21430278796,0,26
2018-08-27,11670.95,11670.95,11664.45,11664.6,11:25:00,11653.998654903393,0,27
2018-08-27,11669.0,11671.0,11665.15,11669.8,11:30:00,11655.427354436404,0,28
2018-08-27,11667.55,11670.3,11666.9,11669.05,11:35:00,11656.581892109129,0,29
2018-08-27,11667.1,11670.7,11665.9,11668.05,11:40:00,11657.583616670165,0,30
2018-08-27,11669.1,11670.7,11665.55,11667.45,11:45:00,11658.680415082528,0,31
2018-08-27,11671.2,11672.05,11668.3,11669.05,11:50:00,11659.87275650324,0,32
2018-08-27,11672.0,11672.7,11668.75,11671.25,11:55:00,11661.02773207436,0,33
2018-08-27,11672.0,11672.4,11669.6,11671.9,12:00:00,11662.07270997204,0,34
2018-08-27,11674.6,11675.25,11670.95,11671.75,12:05:00,11663.265785212798,0,35
2018-08-27,11673.75,11674.8,11671.5,11674.8,12:10:00,11664.264281859198,0,36
2018-08-27,11674.75,11675.75,11673.15,11673.7,12:15:00,11665.262921682131,0,37
2018-08-27,11674.4,11674.8,11671.4,11674.7,12:20:00,11666.133119617169,0,38
2018-08-27,11675.65,11676.7,11672.05,11673.95,12:25:00,11667.039489177438,0,39
2018-08-27,11675.6,11677.3,11674.85,11675.2,12:30:00,11667.854775922444,0,40
2018-08-27,11678.0,11679.95,11674.75,11676.05,12:35:00,11668.820987739353,0,41
2018-08-27,11683.25,11684.4,11677.9,11678.2,12:40:00,11670.195179383223,0,42
2018-08-27,11680.0,11683.8,11678.95,11682.7,12:45:00,11671.128971822916,0,43
2018-08-27,11680.25,11683.05,11678.95,11679.9,12:50:00,11671.997641173117,0,44
2018-08-27,11678.5,11681.85,11677.35,11680.95,12:55:00,11672.616913442342,0,45
2018-08-27,11678.35,11681.05,11677.3,11679.3,13:00:00,11673.16292168593,0,46
2018-08-27,11681.8,11682.8,11678.5,11679.3,13:05:00,11673.985500572982,0,47
2018-08-27,11681.1,11682.85,11679.1,11682.75,13:10:00,11674.663071946983,0,48
2018-08-27,11687.4,11689.15,11680.6,11681.15,13:15:00,11675.87611271394,0,49
2018-08-27,11683.0,11688.6,11681.7,11687.6,13:20:00,11676.554578169753,0,50
2018-08-27,11686.2,11688.55,11682.9,11684.85,13:25:00,11677.473189772634,0,51
2018-08-27,11687.65,11691.1,11686.7,11686.9,13:30:00,11678.442409794288,0,52
2018-08-27,11688.4,11689.2,11685.75,11688.05,13:35:00,11679.390751718642,0,53
2018-08-27,11690.35,11693.2,11688.85,11688.85,13:40:00,11680.4344896502,0,54
2018-08-27,11693.3,11694.9,11689.3,11691.35,13:45:00,11681.65977635018,0,55
2018-08-27,11691.4,11695.4,11689.25,11695.1,13:50:00,11682.587416697785,0,56
2018-08-27,11686.7,11692.4,11686.25,11692.4,13:55:00,11682.979091297992,0,57
2018-08-27,11682.55,11689.55,11680.7,11689.55,14:00:00,11682.93822546009,0,58
2018-08-27,11681.55,11685.15,11679.6,11685.15,14:05:00,11682.80601351151,0,59
2018-08-27,11687.4,11688.6,11679.95,11683.2,14:10:00,11683.243536034224,0,60
2018-08-27,11687.05,11688.25,11684.8,11688.25,14:15:00,11683.606056411916,0,61
2018-08-27,11690.65,11691.6,11686.05,11687.65,14:20:00,11684.27690818221,0,62
2018-08-27,11691.9,11694.7,11690.7,11692.35,14:25:00,11685.002916926762,0,63
2018-08-27,11697.05,11697.05,11690.1,11693.85,14:30:00,11686.150258171832,0,64
2018-08-27,11695.55,11699.3,11695.5,11697.9,14:35:00,11687.045471679276,0,65
2018-08-27,11696.75,11697.4,11692.8,11696.35,14:40:00,11687.969712471728,0,66
2018-08-27,11692.4,11697.6,11690.0,11696.6,14:45:00,11688.391644617275,0,67
2018-08-27,11694.8,11698.3,11692.75,11693.2,14:50:00,11689.001964177536,0,68
2018-08-27,11694.05,11698.3,11692.65,11696.55,14:55:00,11689.482729493962,0,69
2018-08-27,11693.55,11695.35,11689.85,11695.35,15:00:00,11689.870088589774,0,70
2018-08-27,11689.5,11693.95,11689.05,11692.3,15:05:00,11689.834842057417,0,71
2018-08-27,11688.45,11691.75,11685.55,11690.55,15:10:00,11689.702952337662,0,72
2018-08-27,11691.5,11692.9,11685.6,11688.8,15:15:00,11689.874099734076,0,73
2018-08-27,11698.85,11700.95,11690.9,11691.8,15:20:00,11690.72894737845,0,74
2018-08-27,11696.35,11699.4,11694.7,11698.95,15:25:00,11691.26428572336,0,75
2018-08-28,11748.0,11751.2,11727.15,11727.15,09:15:00,11696.66768708304,1,1
2018-08-28,11747.85,11760.2,11747.1,11747.6,09:20:00,11701.54219307513,1,2
2018-08-28,11735.55,11748.15,11734.75,11747.9,09:25:00,11704.78103182988,1,3
2018-08-28,11730.3,11735.9,11726.05,11735.0,09:30:00,11707.211409750844,1,4
2018-08-28,11715.5,11729.65,11712.85,11729.25,09:35:00,11708.000799298385,1,5
2018-08-28,11723.3,11724.8,11714.6,11715.0,09:40:00,11709.45786603187,1,6
2018-08-28,11713.6,11723.45,11710.5,11723.45,09:45:00,11709.852354981216,1,7
2018-08-28,11717.4,11718.1,11711.0,11713.25,09:50:00,11710.57117831634,1,8
2018-08-28,11724.15,11726.5,11715.95,11717.15,09:55:00,11711.864399429069,1,9
2018-08-28,11722.85,11724.8,11720.95,11724.8,10:00:00,11712.910647102492,1,10
2018-08-28,11730.85,11731.7,11722.7,11722.7,10:05:00,11714.619156902254,1,11
2018-08-28,11735.7,11737.55,11730.45,11731.0,10:10:00,11716.626856244897,1,12
2018-08-28,11734.65,11738.85,11734.35,11735.95,10:15:00,11718.343346126336,1,13
2018-08-28,11732.0,11735.85,11731.0,11734.3,10:20:00,11719.64397982859,1,14
2018-08-28,11730.15,11735.7,11728.5,11732.4,10:25:00,11720.644553178248,1,15
2018-08-28,11728.45,11731.1,11726.7,11730.1,10:30:00,11721.387929066035,1,16
2018-08-28,11730.5,11732.15,11727.35,11728.3,10:35:00,11722.25574534546,1,17
2018-08-28,11729.45,11731.85,11728.55,11731.0,10:40:00,11722.94091245542,1,18
2018-08-28,11726.9,11731.8,11724.85,11729.7,10:45:00,11723.317968412046,1,19
2018-08-28,11733.6,11733.85,11726.75,11727.1,10:50:00,11724.29720951566,1,20
2018-08-28,11736.5,11736.75,11733.25,11734.05,10:55:00,11725.45938003798,1,21
2018-08-28,11736.05,11737.05,11733.1,11735.95,11:00:00,11726.468010510553,1,22
2018-08-28,11740.1,11741.55,11735.2,11736.25,11:05:00,11727.766295223832,1,23
2018-08-28,11737.9,11740.55,11736.6,11739.85,11:10:00,11728.73140996442,1,24
2018-08-28,11740.15,11740.2,11737.6,11738.0,11:15:00,11729.818894729717,1,25
2018-08-28,11742.1,11742.1,11739.0,11739.9,11:20:00,11730.988523803077,1,26
2018-08-28,11736.1,11741.7,11734.15,11741.7,11:25:00,11731.475331059924,1,27
2018-08-28,11733.6,11738.1,11733.45,11735.85,11:30:00,11731.67768048279,1,28
2018-08-28,11730.4,11735.45,11729.9,11733.55,11:35:00,11731.555996627283,1,29
2018-08-28,11727.45,11729.85,11724.6,11729.55,11:40:00,11731.164949329448,1,30
2018-08-28,11723.05,11727.55,11722.2,11726.1,11:45:00,11730.392097012358,1,31
2018-08-28,11729.55,11730.35,11722.85,11723.6,11:50:00,11730.311897296897,1,32
2018-08-28,11733.8,11736.5,11727.15,11729.45,11:55:00,11730.644097554334,1,33
2018-08-28,11730.75,11734.8,11729.8,11734.05,12:00:00,11730.65418350154,1,34
2018-08-28,11726.35,11735.15,11726.35,11730.35,12:05:00,11730.2442612633,1,35
2018-08-28,11733.1,11733.1,11726.6,11727.3,12:10:00,11730.51623638108,1,36
2018-08-28,11740.05,11740.05,11732.45,11733.2,12:15:00,11731.4242138686,1,37
2018-08-28,11742.1,11742.2,11736.6,11739.5,12:20:00,11732.440955404922,1,38
2018-08-28,11742.9,11743.85,11740.35,11742.2,12:25:00,11733.437054890168,1,39
2018-08-28,11745.75,11746.75,11742.75,11743.0,12:30:00,11734.6097163292,1,40
2018-08-28,11741.9,11746.3,11741.0,11745.8,12:35:00,11735.304029059753,1,41
2018-08-28,11749.05,11750.4,11741.65,11742.15,12:40:00,11736.6131691493,1,42
2018-08-28,11745.6,11751.25,11745.35,11749.2,12:45:00,11737.469057801747,1,43
2018-08-28,11747.25,11750.85,11745.85,11745.95,12:50:00,11738.400576106342,1,44
2018-08-28,11747.1,11750.5,11747.0,11747.1,12:55:00,11739.22909266764,1,45
2018-08-28,11744.05,11748.0,11741.35,11747.35,13:00:00,11739.688226699294,1,46
2018-08-28,11746.35,11747.45,11742.8,11744.1,13:05:00,11740.322681299362,1,47
2018-08-28,11745.95,11748.6,11741.9,11746.4,13:10:00,11740.858616413709,1,48
2018-08-28,11747.6,11748.7,11744.55,11746.25,13:15:00,11741.500652945737,1,49
2018-08-28,11744.35,11748.35,11744.1,11747.75,13:20:00,11741.772019331856,1,50
2018-08-28,11741.95,11744.35,11738.1,11744.25,13:25:00,11741.788969871675,1,51
2018-08-28,11736.85,11742.25,11736.85,11741.8,13:30:00,11741.31859178866,1,52
2018-08-28,11738.15,11740.65,11736.05,11736.75,13:35:00,11741.01682114212,1,53
2018-08-28,11740.75,11741.15,11737.35,11738.25,13:40:00,11740.991409604776,1,54
2018-08-28,11743.8,11746.1,11740.35,11741.0,13:45:00,11741.258894404322,1,55
2018-08-28,11740.65,11744.2,11740.35,11743.55,13:50:00,11741.200904461051,1,56
2018-08-28,11739.7,11741.8,11737.35,11740.2,13:55:00,11741.057961179047,1,57
2018-08-28,11734.5,11739.85,11731.8,11739.5,14:00:00,11740.43339344771,1,58
2018-08-28,11735.1,11736.3,11730.45,11734.6,14:05:00,11739.925451214596,1,59
2018-08-28,11741.25,11741.7,11734.8,11736.95,14:10:00,11740.051598717968,1,60
2018-08-28,11729.1,11741.65,11727.4,11741.4,14:15:00,11739.008589316258,1,61
2018-08-28,11727.15,11730.15,11724.4,11728.75,14:20:00,11737.879199857569,1,62
2018-08-28,11728.2,11728.2,11722.55,11727.1,14:25:00,11736.957371299704,1,63
2018-08-28,11726.55,11729.35,11723.5,11728.6,14:30:00,11735.966193080683,1,64
2018-08-28,11726.4,11729.65,11724.85,11726.65,14:35:00,11735.055127073,1,65
2018-08-28,11726.85,11727.4,11723.15,11726.5,14:40:00,11734.27368639938,1,66
2018-08-28,11728.9,11728.9,11722.6,11726.8,14:45:00,11733.761906742297,1,67
2018-08-28,11729.0,11731.95,11728.0,11728.75,14:50:00,11733.308391814458,1,68
2018-08-28,11730.25,11733.3,11727.9,11728.55,14:55:00,11733.017116403556,1,69
2018-08-28,11732.1,11734.15,11727.4,11730.5,15:00:00,11732.92977198417,1,70
2018-08-28,11736.55,11739.5,11731.65,11732.2,15:05:00,11733.274555604725,1,71
2018-08-28,11739.2,11739.65,11733.75,11736.9,15:10:00,11733.83888364237,1,72
2018-08-28,11744.3,11745.0,11736.55,11739.7,15:15:00,11734.835180438336,1,73
2018-08-28,11740.55,11745.45,11740.0,11744.75,15:20:00,11735.379448968017,1,74
2018-08-28,11742.95,11743.75,11738.3,11740.6,15:25:00,11736.100453828203,1,75
2018-08-29,11734.25,11744.5,11715.8,11740.9,09:15:00,11735.92422013028,2,1
2018-08-29,11747.85,11753.2,11729.55,11735.4,09:20:00,11737.060008689305,2,2
2018-08-29,11747.2,11751.05,11743.55,11747.4,09:25:00,11738.025722147464,2,3
2018-08-29,11732.5,11750.15,11731.15,11747.25,09:30:00,11737.499462895325,2,4
2018-08-29,11731.15,11739.35,11730.65,11731.95,09:35:00,11736.89475214339,2,5
2018-08-29,11733.15,11734.85,11729.5,11731.2,09:40:00,11736.538109082114,2,6
2018-08-29,11740.8,11741.15,11731.5,11732.95,09:45:00,11736.944003455244,2,7
2018-08-29,11739.55,11741.65,11737.55,11740.55,09:50:00,11737.192193602365,2,8
2018-08-29,11742.15,11744.65,11739.45,11739.5,09:55:00,11737.664365640232,2,9
2018-08-29,11737.9,11744.45,11737.7,11741.65,10:00:00,11737.686807007827,2,10
2018-08-29,11742.05,11742.65,11735.4,11737.3,10:05:00,11738.10234919756,2,11
2018-08-29,11734.05,11742.0,11732.75,11741.95,10:10:00,11737.716411178744,2,12
2018-08-29,11735.4,11740.5,11734.1,11734.1,10:15:00,11737.495800590292,2,13
2018-08-29,11727.45,11737.0,11725.5,11734.95,10:20:00,11736.53905767693,2,14
2018-08-29,11731.4,11732.1,11725.9,11726.55,10:25:00,11736.04962361246,2,15
2018-08-29,11735.7,11735.7,11728.95,11730.95,10:30:00,11736.016326125558,2,16
2018-08-29,11737.3,11738.05,11732.5,11735.45,10:35:00,11736.138580780267,2,17
2018-08-29,11734.6,11739.35,11734.0,11737.0,10:40:00,11735.992049277384,2,18
2018-08-29,11738.8,11739.25,11734.0,11734.7,10:45:00,11736.25947315573,2,19
2018-08-29,11741.35,11743.0,11738.2,11738.2,10:50:00,11736.744285236136,2,20
2018-08-29,11739.2,11741.85,11735.45,11741.8,10:55:00,11736.978162832696,2,21
2018-08-29,11735.25,11739.25,11732.6,11739.25,11:00:00,11736.813575896247,2,22
2018-08-29,11736.65,11738.2,11734.75,11734.95,11:05:00,11736.79799723946,2,23
2018-08-29,11739.05,11740.4,11733.6,11736.55,11:10:00,11737.012473692845,2,24
2018-08-29,11736.6,11739.45,11734.8,11739.25,11:15:00,11736.973190484005,2,25
2018-08-29,11737.45,11738.7,11735.05,11736.45,11:20:00,11737.018600914098,2,26
2018-08-29,11729.05,11737.75,11728.45,11737.75,11:25:00,11736.259686541323,2,27
2018-08-29,11732.75,11735.75,11728.3,11728.9,11:30:00,11735.925430680249,2,28
2018-08-29,11731.75,11736.85,11731.2,11732.6,11:35:00,11735.527770615465,2,29
2018-08-29,11729.55,11732.4,11729.55,11731.8,11:40:00,11734.958459128276,2,30
2018-08-29,11727.0,11731.35,11726.3,11729.4,11:45:00,11734.20051063987,2,31
2018-08-29,11727.8,11729.05,11724.2,11726.55,11:50:00,11733.590938197976,2,32
2018-08-29,11728.3,11728.65,11726.55,11727.7,11:55:00,11733.08703932198,2,33
2018-08-29,11721.9,11729.3,11720.4,11728.25,12:00:00,11732.0216070056,2,34
2018-08-29,11719.95,11724.7,11718.75,11721.7,12:05:00,11730.871930147923,2,35
2018-08-29,11725.85,11727.85,11717.3,11719.7,12:10:00,11730.39365108622,2,36
2018-08-29,11728.2,11728.2,11723.55,11725.25,12:15:00,11730.184731935153,2,37
2018-08-29,11728.1,11730.9,11727.2,11728.05,12:20:00,11729.986186036564,2,38
2018-08-29,11729.45,11731.15,11726.5,11728.25,12:25:00,11729.93512069975,2,39
2018-08-29,11732.05,11732.95,11728.55,11729.05,12:30:00,11730.136537775965,2,40
2018-08-29,11727.45,11731.8,11725.3,11731.05,12:35:00,11729.880677035397,2,41
2018-08-29,11720.55,11728.1,11719.3,11727.8,12:40:00,11728.992041127263,2,42
2018-08-29,11714.6,11720.35,11714.6,11720.25,12:45:00,11727.621370543711,2,43
2018-08-29,11719.3,11721.1,11710.9,11714.15,12:50:00,11726.82885906336,2,44
2018-08-29,11719.0,11721.95,11718.9,11718.9,12:55:00,11726.08325343828,2,45
2018-08-29,11719.85,11721.8,11718.2,11718.95,13:00:00,11725.48961025368,2,46
2018-08-29,11720.95,11722.5,11718.95,11719.7,13:05:00,11725.057266419995,2,47
2018-08-29,11719.35,11721.95,11717.25,11721.05,13:10:00,11724.513717237138,2,48
2018-08-29,11707.6,11719.25,11707.15,11719.25,13:15:00,11722.902887024076,2,49
2018-08-29,11710.85,11711.35,11703.35,11707.15,13:20:00,11721.754993021785,2,50
2018-08-29,11709.8,11712.1,11704.6,11710.5,13:25:00,11720.616422257805,2,51
2018-08-29,11707.2,11712.0,11704.7,11710.8,13:30:00,11719.338667757062,2,52
2018-08-29,11711.25,11712.9,11705.5,11706.45,13:35:00,11718.568318446863,2,53
2018-08-29,11711.4,11715.3,11708.5,11711.7,13:40:00,11717.885621451926,2,54
2018-08-29,11718.8,11719.85,11711.15,11711.15,13:45:00,11717.972705123171,2,55
2018-08-29,11717.1,11720.7,11717.1,11719.0,13:50:00,11717.889590349536,2,56
2018-08-29,11712.85,11719.8,11712.05,11716.75,13:55:00,11717.409629363863,2,57
2018-08-29,11717.05,11717.65,11712.5,11712.6,14:00:00,11717.375378948258,2,58
2018-08-29,11723.25,11725.95,11716.95,11716.95,14:05:00,11717.934866667472,2,59
2018-08-29,11718.35,11723.5,11714.4,11722.9,14:10:00,11717.974403175333,2,60
2018-08-29,11714.1,11718.45,11711.85,11717.75,14:15:00,11717.60541239673,2,61
2018-08-29,11717.15,11718.05,11711.3,11713.9,14:20:00,11717.562039787515,2,62
2018-08-29,11714.75,11717.5,11713.7,11717.35,14:25:00,11717.29422647442,2,63
2018-08-29,11712.35,11714.4,11710.0,11714.4,14:30:00,11716.82334776257,2,64
2018-08-29,11711.7,11716.15,11711.35,11712.0,14:35:00,11716.33540988042,2,65
2018-08-29,11713.65,11714.55,11709.2,11711.65,14:40:00,11716.079656558475,2,66
2018-08-29,11724.4,11724.5,11711.65,11713.75,14:45:00,11716.872070219575,2,67
2018-08-29,11720.7,11728.45,11719.45,11724.35,14:50:00,11717.236634960567,2,68
2018-08-29,11717.0,11722.4,11717.0,11720.75,14:55:00,11717.214098297656,2,69
2018-08-29,11706.25,11718.95,11706.15,11717.3,15:00:00,11716.169898459784,2,70
2018-08-29,11690.1,11706.25,11680.4,11706.0,15:05:00,11713.687050987424,2,71
2018-08-29,11687.4,11693.8,11685.55,11690.6,15:10:00,11711.183522321957,2,72
2018-08-29,11688.0,11691.55,11678.85,11687.9,15:15:00,11708.975567815103,2,73
2018-08-29,11684.85,11690.65,11682.9,11687.8,15:20:00,11706.677894689856,2,74
2018-08-29,11689.35,11690.8,11683.35,11684.0,15:25:00,11705.027619005108,2,75
2018-08-30,11680.9,11698.8,11680.9,11691.95,09:15:00,11702.729750528431,3,1
2018-08-30,11674.95,11684.7,11674.95,11681.7,09:20:00,11700.084060001916,3,2
2018-08-30,11677.45,11678.65,11669.1,11674.45,09:25:00,11697.928435239828,3,3
2018-08-30,11668.0,11677.25,11665.65,11677.25,09:30:00,11695.07810807413,3,4
2018-08-30,11674.85,11675.2,11666.9,11668.15,09:35:00,11693.15162159088,3,5
2018-08-30,11673.25,11679.45,11673.25,11675.25,09:40:00,11691.256229058416,3,6
2018-08-30,11671.7,11675.4,11670.9,11673.95,09:45:00,11689.393731052853,3,7
2018-08-30,11674.25,11676.4,11670.6,11672.45,09:50:00,11687.95147095258,3,8
2018-08-30,11664.75,11674.8,11664.75,11674.65,09:55:00,11685.741807052334,3,9
2018-08-30,11660.7,11665.1,11656.8,11665.1,10:00:00,11683.356873047347,3,10
2018-08-30,11660.25,11665.0,11659.7,11661.15,10:05:00,11681.156218471411,3,11
2018-08-30,11665.65,11666.2,11658.8,11659.9,10:10:00,11679.679435759848,3,12
2018-08-30,11665.45,11667.9,11663.75,11665.75,10:15:00,11678.324251401767,3,13
2018-08-30,11670.0,11670.35,11665.45,11666.0,10:20:00,11677.53146555398,3,14
2018-08-30,11669.3,11674.25,11668.65,11669.7,10:25:00,11676.7475164536,3,15
2018-08-30,11671.2,11673.15,11668.9,11669.05,10:30:00,11676.219181553255,3,16
2018-08-30,11668.8,11672.75,11666.5,11671.45,10:35:00,11675.5125928339,3,17
2018-08-30,11667.15,11671.6,11665.3,11668.15,10:40:00,11674.716155421149,3,18
2018-08-30,11673.25,11673.25,11666.2,11667.35,10:45:00,11674.576521571516,3,19
2018-08-30,11670.25,11674.05,11669.75,11672.7,10:50:00,11674.164471898035,3,20
2018-08-30,11670.8,11672.95,11669.5,11670.45,10:55:00,11673.844046002983,3,21
2018-08-30,11674.0,11677.35,11670.85,11671.05,11:00:00,11673.858898764607,3,22
2018-08-30,11671.65,11676.6,11670.9,11673.95,11:05:00,11673.648527453694,3,23
2018-08-30,11669.85,11672.3,11669.55,11671.5,11:10:00,11673.286762934296,3,24
2018-08-30,11670.0,11672.75,11669.1,11669.9,11:15:00,11672.973737892931,3,25
2018-08-30,11671.05,11672.35,11668.8,11670.3,11:20:00,11672.790524760272,3,26
2018-08-30,11670.3,11674.9,11670.3,11670.85,11:25:00,11672.55333192596,3,27
2018-08-30,11666.7,11670.9,11666.1,11670.6,11:30:00,11671.995871742536,3,28
2018-08-30,11671.65,11672.7,11666.9,11666.9,11:35:00,11671.96293157658,3,29
2018-08-30,11671.6,11674.8,11671.15,11671.55,11:40:00,11671.928366664526,3,30
2018-08-30,11671.4,11673.25,11670.55,11672.05,11:45:00,11671.878046029808,3,31
2018-08-30,11674.05,11674.5,11670.7,11671.25,11:50:00,11672.084898788877,3,32
2018-08-30,11672.0,11675.2,11671.5,11673.85,11:55:00,11672.076813189937,3,33
2018-08-30,11667.6,11672.4,11664.65,11672.2,12:00:00,11671.65045002899,3,34
2018-08-30,11674.1,11674.1,11667.6,11668.05,12:05:00,11671.88374050242,3,35
2018-08-30,11674.9,11674.9,11672.65,11674.4,12:10:00,11672.171003311714,3,36
2018-08-30,11679.85,11680.1,11674.65,11674.95,12:15:00,11672.902336329646,3,37
2018-08-30,11679.6,11680.85,11678.6,11680.5,12:20:00,11673.540209060156,3,38
2018-08-30,11681.65,11685.8,11678.5,11679.5,12:25:00,11674.312570102044,3,39
2018-08-30,11681.85,11682.55,11678.05,11681.55,12:30:00,11675.030420568515,3,40
2018-08-30,11681.15,11683.8,11680.05,11682.0,12:35:00,11675.61323765723,3,41
2018-08-30,11674.95,11681.45,11674.3,11681.1,12:40:00,11675.550072166065,3,42
2018-08-30,11674.8,11678.7,11674.7,11675.15,12:45:00,11675.478636721677,3,43
2018-08-30,11668.75,11676.5,11668.1,11674.75,12:50:00,11674.837814176752,3,44
2018-08-30,11670.55,11672.95,11667.55,11668.9,12:55:00,11674.429450921823,3,45
2018-08-30,11669.4,11672.15,11668.0,11670.65,13:00:00,11673.950455595936,3,46
2018-08-30,11663.8,11669.5,11663.15,11669.2,13:05:00,11672.983745539184,3,47
2018-08-30,11653.55,11664.05,11652.95,11664.05,13:10:00,11671.13291263069,3,48
2018-08-30,11658.5,11660.2,11651.55,11652.65,13:15:00,11669.929778094434,3,49
2018-08-30,11661.1,11661.3,11656.0,11658.45,13:20:00,11669.088846847346,3,50
2018-08-30,11659.1,11664.3,11659.1,11660.8,13:25:00,11668.13752809998,3,51
2018-08-30,11658.2,11659.85,11656.8,11659.15,13:30:00,11667.191096852364,3,52
2018-08-30,11666.2,11666.4,11658.1,11658.45,13:35:00,11667.096706675948,3,53
2018-08-30,11663.25,11666.75,11662.5,11666.1,13:40:00,11666.73035365919,3,54
2018-08-30,11664.1,11665.95,11662.5,11663.05,13:45:00,11666.479843786889,3,55
2018-08-30,11658.9,11664.35,11658.3,11663.8,13:50:00,11665.75795390242,3,56
2018-08-30,11661.1,11661.9,11656.5,11659.0,13:55:00,11665.314339245047,3,57
2018-08-30,11662.7,11666.25,11660.6,11661.45,14:00:00,11665.065354555045,3,58
2018-08-30,11658.35,11662.85,11658.0,11662.55,14:05:00,11664.425796978372,3,59
2018-08-30,11653.9,11659.95,11652.9,11658.2,14:10:00,11663.423340123289,3,60
2018-08-30,11650.8,11654.05,11646.4,11653.95,14:15:00,11662.221117254405,3,61
2018-08-30,11653.85,11654.2,11649.0,11650.45,14:20:00,11661.42386799208,3,62
2018-08-30,11659.1,11660.9,11654.05,11654.55,14:25:00,11661.202547230929,3,63
2018-08-30,11659.05,11662.2,11655.4,11659.05,14:30:00,11660.997542732744,3,64
2018-08-30,11658.4,11661.45,11657.45,11658.6,14:35:00,11660.75015771058,3,65
2018-08-30,11650.95,11658.3,11650.95,11658.05,14:40:00,11659.816809357191,3,66
2018-08-30,11654.2,11654.75,11639.7,11651.25,14:45:00,11659.281875132696,3,67
2018-08-30,11661.1,11666.5,11654.3,11654.3,14:50:00,11659.455029881963,3,68
2018-08-30,11662.0,11665.7,11659.55,11661.15,14:55:00,11659.697407988442,3,69
2018-08-30,11667.55,11672.85,11661.4,11661.4,15:00:00,11660.445273894304,3,70
2018-08-30,11681.95,11683.5,11666.8,11666.8,15:05:00,11662.493343047228,3,71
2018-08-30,11678.05,11682.3,11675.85,11681.55,15:10:00,11663.974929423684,3,72
2018-08-30,11680.85,11680.9,11673.25,11677.1,15:15:00,11665.58207900238,3,73
2018-08-30,11685.95,11685.95,11678.95,11680.8,15:20:00,11667.521881002154,3,74
2018-08-30,11679.65,11687.65,11678.95,11685.5,15:25:00,11668.67693995433,3,75
2018-08-31,11673.3,11674.45,11654.8,11662.6,09:15:00,11669.11723138725,4,1
2018-08-31,11699.05,11704.3,11670.25,11673.25,09:20:00,11671.96797125513,4,2
2018-08-31,11705.05,11706.4,11696.3,11699.2,09:25:00,11675.118640659402,4,3
2018-08-31,11722.2,11727.65,11702.5,11704.3,09:30:00,11679.60257964422,4,4
2018-08-31,11715.1,11726.7,11715.1,11722.35,09:35:00,11682.983286344772,4,5
2018-08-31,11723.45,11726.25,11714.3,11715.0,09:40:00,11686.837259073842,4,6
2018-08-31,11719.5,11726.55,11717.9,11724.05,09:45:00,11689.947996304903,4,7
2018-08-31,11715.45,11725.15,11714.8,11719.85,09:50:00,11692.37675856158,4,8
2018-08-31,11715.45,11721.05,11714.4,11715.05,09:55:00,11694.574210127144,4,9
2018-08-31,11721.5,11724.4,11715.5,11715.5,10:00:00,11697.138571067417,4,10
2018-08-31,11708.6,11722.25,11707.4,11721.3,10:05:00,11698.23013572766,4,11
2018-08-31,11703.05,11708.55,11700.3,11708.55,10:10:00,11698.689170420264,4,12
2018-08-31,11690.2,11703.15,11686.0,11703.15,10:15:00,11697.880677999286,4,13
2018-08-31,11681.25,11692.3,11681.25,11690.7,10:20:00,11696.296803904115,4,14
2018-08-31,11682.45,11683.7,11675.75,11681.15,10:25:00,11694.978060675154,4,15
2018-08-31,11670.9,11682.8,11670.55,11682.3,10:30:00,11692.684912039424,4,16
2018-08-31,11675.9,11681.55,11665.35,11670.3,10:35:00,11691.086348988052,4,17
2018-08-31,11681.15,11681.25,11675.7,11675.85,10:40:00,11690.14003003681,4,18
2018-08-31,11676.95,11685.1,11676.95,11681.65,10:45:00,11688.883836699972,4,19
2018-08-31,11675.25,11676.9,11667.95,11676.9,10:50:00,11687.58537606188,4,20
2018-08-31,11668.5,11678.75,11668.1,11674.75,10:55:00,11685.767721198845,4,21
2018-08-31,11675.1,11675.8,11668.3,11668.85,11:00:00,11684.751747751334,4,22
2018-08-31,11672.85,11679.45,11672.1,11674.85,11:05:00,11683.618247965493,4,23
2018-08-31,11651.1,11673.05,11649.95,11673.05,11:10:00,11680.52127196878,4,24
2018-08-31,11651.05,11652.25,11643.2,11651.35,11:15:00,11677.714484162228,4,25
2018-08-31,11648.55,11653.85,11647.6,11651.1,11:20:00,11674.936914242016,4,26
2018-08-31,11652.95,11653.95,11646.4,11648.7,11:25:00,11672.842922409443,4,27
2018-08-31,11653.2,11658.1,11650.55,11652.9,11:30:00,11670.97216789426,4,28
2018-08-31,11657.65,11662.2,11652.9,11653.1,11:35:00,11669.703389999568,4,29
2018-08-31,11659.8,11661.3,11657.2,11657.95,11:40:00,11668.76020999961,4,30
2018-08-31,11656.1,11661.1,11654.1,11660.15,11:45:00,11667.554475713932,4,31
2018-08-31,11659.25,11659.25,11653.15,11656.05,11:50:00,11666.763573264989,4,32
2018-08-31,11661.45,11664.6,11657.1,11659.3,11:55:00,11666.257518668324,4,33
2018-08-31,11664.15,11672.75,11660.3,11660.65,12:00:00,11666.056802604671,4,34
2018-08-31,11664.65,11664.65,11661.7,11663.8,12:05:00,11665.922821404229,4,35
2018-08-31,11658.3,11667.2,11658.3,11664.5,12:10:00,11665.196838413349,4,36
2018-08-31,11656.6,11658.8,11655.15,11658.35,12:15:00,11664.37809189779,4,37
2018-08-31,11657.8,11662.35,11655.0,11656.35,12:20:00,11663.751606955144,4,38
2018-08-31,11655.65,11659.85,11653.9,11659.85,12:25:00,11662.98002534037,4,39
2018-08-31,11650.3,11657.4,11647.0,11656.95,12:30:00,11661.772403879382,4,40
2018-08-31,11657.0,11660.3,11650.2,11651.35,12:35:00,11661.317889224203,4,41
2018-08-31,11654.3,11661.8,11652.0,11658.4,12:40:00,11660.649518821898,4,42
2018-08-31,11653.25,11655.6,11650.0,11654.7,12:45:00,11659.944802743625,4,43
2018-08-31,11654.5,11655.2,11650.55,11654.75,12:50:00,11659.426250101376,4,44
2018-08-31,11645.4,11656.4,11645.1,11655.75,12:55:00,11658.090416758389,4,45
2018-08-31,11645.65,11648.75,11640.1,11645.15,13:00:00,11656.90561516235,4,46
2018-08-31,11652.9,11653.6,11643.1,11645.85,13:05:00,11656.52412800403,4,47
2018-08-31,11652.2,11655.7,11648.45,11654.35,13:10:00,11656.11230628936,4,48
2018-08-31,11660.0,11660.0,11652.45,11653.25,13:15:00,11656.482562833233,4,49
2018-08-31,11657.15,11662.75,11655.55,11661.1,13:20:00,11656.546128277683,4,50
2018-08-31,11652.4,11659.8,11650.65,11658.45,13:25:00,11656.151258917906,4,51
2018-08-31,11655.3,11656.15,11646.6,11653.5,13:30:00,11656.070186640009,4,52
2018-08-31,11654.0,11658.6,11652.65,11656.85,13:35:00,11655.873026007626,4,53
2018-08-31,11656.7,11659.3,11651.75,11654.4,13:40:00,11655.95178543547,4,54
2018-08-31,11658.9,11659.15,11655.7,11657.15,13:45:00,11656.23256777495,4,55
2018-08-31,11656.5,11661.2,11656.35,11658.95,13:50:00,11656.25803751067,4,56
2018-08-31,11655.2,11657.45,11653.55,11657.1,13:55:00,11656.157272033464,4,57
2018-08-31,11659.5,11661.15,11654.55,11654.55,14:00:00,11656.475627077894,4,58
2018-08-31,11670.9,11671.65,11658.55,11658.65,14:05:00,11657.84937688,4,59
2018-08-31,11666.35,11673.8,11665.1,11671.85,14:10:00,11658.658960034289,4,60
2018-08-31,11669.8,11670.0,11664.95,11667.25,14:15:00,11659.720011459593,4,61
2018-08-31,11669.15,11676.9,11668.95,11670.3,14:20:00,11660.618105606298,4,62
2018-08-31,11666.65,11669.7,11665.0,11669.35,14:25:00,11661.192571739031,4,63
2018-08-31,11665.6,11667.5,11659.95,11666.55,14:30:00,11661.612326811504,4,64
2018-08-31,11661.85,11667.0,11659.45,11665.55,14:35:00,11661.634962353266,4,65
2018-08-31,11662.75,11664.2,11660.45,11661.9,14:40:00,11661.74115641486,4,66
2018-08-31,11667.35,11668.35,11662.95,11662.95,14:45:00,11662.275331994397,4,67
2018-08-31,11666.7,11671.3,11663.7,11667.3,14:50:00,11662.696728947312,4,68
2018-08-31,11669.15,11670.75,11664.05,11666.6,14:55:00,11663.311326190424,4,69
2018-08-31,11674.6,11677.1,11667.25,11668.9,15:00:00,11664.386437981811,4,70
2018-08-31,11685.05,11685.25,11674.6,11675.15,15:05:00,11666.35439626926,4,71
2018-08-31,11685.95,11689.8,11684.45,11685.5,15:10:00,11668.220644243616,4,72
2018-08-31,11682.0,11686.7,11677.85,11685.55,15:15:00,11669.53296383946,4,73
2018-08-31,11679.25,11683.45,11678.85,11682.15,15:20:00,11670.458395854752,4,74
2018-08-31,11674.7,11682.85,11669.4,11679.05,15:25:00,11670.8623581543,4,75
2018-09-03,11687.9,11736.05,11687.25,11736.05,09:15:00,11672.484990711033,0,1
2018-09-03,11688.2,11694.5,11683.2,11686.7,09:20:00,11673.981658262364,0,2
2018-09-03,11690.5,11690.7,11680.65,11687.65,09:25:00,11675.554833665949,0,3
2018-09-03,11710.2,11710.7,11690.7,11690.7,09:30:00,11678.854373316808,0,4
2018-09-03,11708.6,11712.25,11698.15,11710.4,09:35:00,11681.687290143778,0,5
2018-09-03,11709.2,11712.75,11704.8,11708.85,09:40:00,11684.307548225324,0,6
2018-09-03,11717.2,11717.5,11708.95,11709.0,09:45:00,11687.440162680054,0,7
2018-09-03,11713.7,11721.1,11713.7,11717.0,09:50:00,11689.941099567668,0,8
2018-09-03,11719.2,11721.55,11712.5,11713.1,09:55:00,11692.727661513603,0,9
2018-09-03,11714.45,11720.8,11713.7,11718.55,10:00:00,11694.796455655169,0,10
2018-09-03,11713.45,11716.6,11708.35,11714.3,10:05:00,11696.57298368801,0,11
2018-09-03,11709.8,11713.85,11707.85,11713.85,10:10:00,11697.832699527247,0,12
2018-09-03,11711.8,11715.35,11709.35,11710.1,10:15:00,11699.16291861989,0,13
2018-09-03,11711.05,11712.8,11708.8,11711.95,10:20:00,11700.295021608472,0,14
2018-09-03,11708.5,11715.7,11707.55,11711.45,10:25:00,11701.076448121952,0,15
2018-09-03,11712.4,11712.95,11705.05,11708.1,10:30:00,11702.154881634147,0,16
2018-09-03,11713.4,11713.4,11707.7,11712.45,10:35:00,11703.225845288038,0,17
2018-09-03,11703.75,11713.0,11703.75,11712.8,10:40:00,11703.275764784416,0,18
2018-09-03,11704.05,11705.6,11701.85,11702.95,10:45:00,11703.349501471614,0,19
2018-09-03,11703.05,11704.35,11699.95,11703.6,10:50:00,11703.320977521937,0,20
2018-09-03,11703.2,11706.7,11702.55,11703.0,10:55:00,11703.30945585318,0,21
2018-09-03,11703.1,11705.7,11702.3,11703.15,11:00:00,11703.289507676687,0,22
2018-09-03,11705.15,11706.1,11701.15,11703.25,11:05:00,11703.466697421763,0,23
2018-09-03,11705.15,11706.1,11702.5,11705.25,11:10:00,11703.627011953024,0,24
2018-09-03,11703.6,11707.4,11703.55,11704.4,11:15:00,11703.62443938607,0,25
2018-09-03,11697.85,11705.6,11697.45,11703.8,11:20:00,11703.074492777874,0,26
2018-09-03,11695.7,11699.6,11694.7,11698.2,11:25:00,11702.372160132363,0,27
2018-09-03,11691.5,11696.5,11689.95,11695.2,11:30:00,11701.336716310234,0,28
2018-09-03,11694.45,11694.65,11689.9,11691.45,11:35:00,11700.680838566404,0,29
2018-09-03,11696.7,11699.7,11692.3,11694.8,11:40:00,11700.301711083888,0,30
2018-09-03,11697.35,11699.45,11695.35,11696.35,11:45:00,11700.020595742566,0,31
2018-09-03,11703.25,11704.8,11697.0,11697.3,11:50:00,11700.328158052798,0,32
2018-09-03,11708.2,11709.25,11703.55,11703.55,11:55:00,11701.077857285864,0,33
2018-09-03,11708.95,11710.2,11706.8,11708.4,12:00:00,11701.827585163404,0,34
2018-09-03,11704.4,11710.0,11703.6,11708.5,12:05:00,11702.072577052602,0,35
2018-09-03,11705.7,11709.35,11704.1,11704.85,12:10:00,11702.418045904737,0,36
2018-09-03,11705.1,11706.85,11702.0,11704.4,12:15:00,11702.673470104286,0,37
2018-09-03,11702.3,11706.05,11701.55,11704.55,12:20:00,11702.637901522923,0,38
2018-09-03,11702.95,11705.85,11701.95,11702.45,12:25:00,11702.667625187409,0,39
2018-09-03,11705.1,11705.65,11701.5,11702.45,12:30:00,11702.899279931466,0,40
2018-09-03,11698.05,11705.25,11697.85,11704.95,12:35:00,11702.437443747516,0,41
2018-09-03,11702.05,11704.0,11697.95,11698.2,12:40:00,11702.40054434299,0,42
2018-09-03,11700.0,11703.25,11699.1,11702.4,12:45:00,11702.17192107223,0,43
2018-09-03,11701.1,11702.3,11697.1,11700.2,12:50:00,11702.069833351065,0,44
2018-09-03,11693.85,11700.8,11690.5,11700.8,12:55:00,11701.286992079537,0,45
2018-09-03,11690.85,11697.6,11690.85,11694.6,13:00:00,11700.292992833864,0,46
2018-09-03,11689.9,11691.55,11683.2,11690.8,13:05:00,11699.303183992542,0,47
2018-09-03,11690.45,11692.0,11688.1,11689.6,13:10:00,11698.4600236123,0,48
2018-09-03,11686.55,11691.45,11682.75,11690.8,13:15:00,11697.325735649223,0,49
2018-09-03,11678.45,11687.15,11678.45,11687.15,13:20:00,11695.528046539775,0,50
2018-09-03,11689.9,11690.6,11678.35,11678.35,13:25:00,11694.992042107417,0,51
2018-09-03,11691.4,11693.8,11688.7,11689.7,13:30:00,11694.649942859092,0,52
2018-09-03,11693.15,11693.4,11686.85,11691.9,13:35:00,11694.507091158226,0,53
2018-09-03,11689.25,11693.25,11686.85,11692.95,13:40:00,11694.006415809825,0,54
2018-09-03,11686.75,11689.65,11684.25,11689.05,13:45:00,11693.31532858984,0,55
2018-09-03,11682.35,11689.7,11679.95,11686.95,13:50:00,11692.271011581282,0,56
2018-09-03,11679.1,11685.8,11679.1,11681.95,13:55:00,11691.016629525922,0,57
2018-09-03,11668.4,11680.0,11661.25,11680.0,14:00:00,11688.862664809169,0,58
2018-09-03,11666.0,11669.05,11659.55,11668.35,14:05:00,11686.685268160674,0,59
2018-09-03,11655.05,11666.95,11650.85,11665.55,14:10:00,11683.672385478703,0,60
2018-09-03,11663.35,11665.2,11655.25,11655.85,14:15:00,11681.73692019502,0,61
2018-09-03,11657.6,11666.65,11656.75,11663.25,14:20:00,11679.438165890731,0,62
2018-09-03,11656.5,11659.2,11654.15,11656.4,14:25:00,11677.253578663043,0,63
2018-09-03,11641.7,11656.3,11640.15,11656.3,14:30:00,11673.867523552277,0,64
2018-09-03,11645.9,11646.4,11635.0,11641.6,14:35:00,11671.203949880632,0,65
2018-09-03,11640.05,11647.05,11638.95,11645.6,14:40:00,11668.236907034858,0,66
2018-09-03,11642.75,11647.75,11637.25,11640.15,14:45:00,11665.809582555348,0,67
2018-09-03,11634.65,11643.3,11634.65,11642.4,14:50:00,11662.842003264364,0,68
2018-09-03,11608.85,11635.55,11608.2,11635.55,14:55:00,11657.699907715376,0,69
2018-09-03,11591.15,11609.5,11591.15,11609.15,15:00:00,11651.361821266291,0,70
2018-09-03,11592.8,11598.55,11584.25,11592.35,15:05:00,11645.784504955216,0,71
2018-09-03,11585.2,11595.7,11579.6,11593.4,15:10:00,11640.01455210234,0,72
2018-09-03,11575.3,11586.35,11574.35,11585.25,15:15:00,11633.851261425923,0,73
2018-09-03,11569.9,11575.5,11567.4,11575.0,15:20:00,11627.760665099646,0,74
2018-09-03,11570.1,11575.45,11569.55,11570.2,15:25:00,11622.269173185394,0,75
2018-09-04,11577.7,11602.55,11567.7,11595.65,09:15:00,11618.02449002488,1,1
2018-09-04,11596.25,11596.25,11575.75,11577.85,09:20:00,11615.95072907013,1,2
2018-09-04,11562.9,11597.25,11560.05,11596.0,09:25:00,11610.898278682498,1,3
2018-09-04,11546.55,11564.2,11543.05,11563.75,09:30:00,11604.769871188926,1,4
2018-09-04,11536.05,11552.75,11532.05,11546.25,09:35:00,11598.225121551885,1,5
2018-09-04,11551.05,11551.05,11534.75,11536.65,09:40:00,11593.73225283266,1,6
2018-09-04,11551.85,11552.1,11538.55,11550.85,09:45:00,11589.743466848597,1,7
2018-09-04,11560.15,11564.35,11551.35,11552.4,09:50:00,11586.925041434444,1,8
2018-09-04,11567.15,11568.05,11553.65,11559.8,09:55:00,11585.041704154974,1,9
2018-09-04,11561.45,11573.05,11559.65,11566.6,10:00:00,11582.794875187834,1,10
2018-09-04,11560.3,11562.0,11552.35,11561.4,10:05:00,11580.652506122326,1,11
2018-09-04,11565.05,11571.95,11559.65,11560.0,10:10:00,11579.166553158291,1,12
2018-09-04,11577.05,11581.85,11564.15,11564.15,10:15:00,11578.964976667026,1,13
2018-09-04,11575.35,11577.75,11572.8,11576.6,10:20:00,11578.620693174928,1,14
2018-09-04,11570.0,11579.05,11569.35,11575.2,10:25:00,11577.799674777316,1,15
2018-09-04,11571.6,11573.8,11567.2,11570.35,10:30:00,11577.209229560429,1,16
2018-09-04,11558.2,11571.65,11557.55,11571.15,10:35:00,11575.398826745148,1,17
2018-09-04,11556.85,11558.9,11551.05,11557.75,10:40:00,11573.632271817038,1,18
2018-09-04,11564.25,11564.55,11553.9,11556.9,10:45:00,11572.738722120175,1,19
2018-09-04,11551.9,11565.75,11551.0,11564.15,10:50:00,11570.754081918254,1,20
2018-09-04,11548.65,11552.3,11543.2,11552.2,10:55:00,11568.648931259371,1,21
2018-09-04,11555.8,11557.0,11547.7,11548.15,11:00:00,11567.425223520384,1,22
2018-09-04,11554.35,11556.25,11551.3,11555.65,11:05:00,11566.17996413749,1,23
2018-09-04,11563.85,11563.85,11554.4,11554.55,11:10:00,11565.958062791062,1,24
2018-09-04,11567.1,11569.85,11560.05,11563.4,11:15:00,11566.066818715724,1,25
2018-09-04,11570.2,11572.85,11565.25,11567.7,11:20:00,11566.46045502851,1,26
2018-09-04,11566.45,11570.25,11563.35,11570.1,11:25:00,11566.459459311509,1,27
2018-09-04,11569.85,11572.45,11566.55,11566.8,11:30:00,11566.782367948506,1,28
2018-09-04,11563.35,11569.75,11561.9,11569.3,11:35:00,11566.455475762934,1,29
2018-09-04,11558.35,11563.9,11555.95,11563.65,11:40:00,11565.683525690272,1,30
2018-09-04,11561.7,11563.2,11553.25,11558.4,11:45:00,11565.3041422912,1,31
2018-09-04,11563.8,11567.5,11560.0,11561.9,11:50:00,11565.16089064442,1,32
2018-09-04,11568.75,11569.3,11561.55,11564.2,11:55:00,11565.502710583049,1,33
2018-09-04,11567.25,11570.55,11566.15,11568.4,12:00:00,11565.669119098948,1,34
2018-09-04,11577.1,11577.4,11565.9,11567.15,12:05:00,11566.757774422858,1,35
2018-09-04,11572.85,11580.95,11572.05,11577.15,12:10:00,11567.337986382585,1,36
2018-09-04,11579.55,11580.35,11572.8,11572.95,12:15:00,11568.50103529853,1,37
2018-09-04,11566.1,11579.45,11565.5,11579.35,12:20:00,11568.2723652701,1,38
2018-09-04,11562.25,11567.7,11559.4,11566.65,12:25:00,11567.698806672946,1,39
2018-09-04,11566.25,11571.55,11559.75,11561.95,12:30:00,11567.560825085046,1,40
2018-09-04,11580.95,11581.5,11566.1,11566.3,12:35:00,11568.835984600755,1,41
2018-09-04,11587.95,11589.6,11577.9,11582.2,12:40:00,11570.656367019732,1,42
2018-09-04,11584.75,11593.25,11584.75,11588.1,12:45:00,11571.998617779758,1,43
2018-09-04,11593.45,11596.15,11584.9,11585.0,12:50:00,11574.041606562638,1,44
2018-09-04,11584.85,11594.65,11582.95,11593.9,12:55:00,11575.070977366197,1,45
2018-09-04,11576.35,11585.55,11573.15,11584.65,13:00:00,11575.192789045605,1,46
2018-09-04,11566.9,11577.95,11563.35,11577.5,13:05:00,11574.40299961269,1,47
2018-09-04,11572.8,11576.3,11565.6,11567.85,13:10:00,11574.250332982909,1,48
2018-09-04,11564.2,11574.9,11563.65,11573.2,13:15:00,11573.293158413107,1,49
2018-09-04,11553.45,11565.05,11552.5,11565.0,13:20:00,11571.403333802336,1,50
2018-09-04,11555.6,11562.9,11552.85,11554.1,13:25:00,11569.89825439259,1,51
2018-09-04,11540.9,11559.45,11540.7,11557.55,13:30:00,11567.13651587901,1,52
2018-09-04,11554.85,11556.25,11541.1,11542.8,13:35:00,11565.96637150958,1,53
2018-09-04,11551.75,11556.4,11551.5,11555.5,13:40:00,11564.612431365813,1,54
2018-09-04,11528.15,11552.25,11528.15,11552.25,13:45:00,11561.13981885478,1,55
2018-09-04,11534.0,11534.0,11525.65,11528.0,13:50:00,11558.555074201946,1,56
2018-09-04,11536.2,11540.8,11532.8,11535.5,13:55:00,11556.426019516046,1,57
2018-09-04,11546.6,11549.2,11536.05,11536.25,14:00:00,11555.490208133564,1,58
2018-09-04,11530.3,11548.4,11529.65,11548.4,14:05:00,11553.091140692271,1,59
2018-09-04,11528.45,11533.85,11525.35,11531.7,14:10:00,11550.744365388246,1,60
2018-09-04,11521.45,11531.1,11521.1,11530.05,14:15:00,11547.95442582746,1,61
2018-09-04,11518.05,11523.25,11515.35,11521.85,14:20:00,11545.106385272464,1,62
2018-09-04,11507.3,11520.55,11501.9,11519.3,14:25:00,11541.505777151277,1,63
2018-09-04,11500.9,11509.65,11497.7,11508.4,14:30:00,11537.638560279727,1,64
2018-09-04,11525.0,11529.15,11496.85,11502.15,14:35:00,11536.434887872134,1,65
2018-09-04,11524.75,11529.3,11519.55,11525.25,14:40:00,11535.322041408122,1,66
2018-09-04,11523.35,11526.1,11516.65,11524.65,14:45:00,11534.181846988302,1,67
2018-09-04,11512.55,11524.4,11512.55,11524.0,14:50:00,11532.121671084651,1,68
2018-09-04,11517.7,11520.15,11511.55,11512.4,14:55:00,11530.7481786004,1,69
2018-09-04,11527.35,11529.45,11515.0,11517.15,15:00:00,11530.424542543218,1,70
2018-09-04,11520.1,11529.1,11515.9,11528.15,15:05:00,11529.441252777196,1,71
2018-09-04,11515.45,11520.7,11514.65,11520.7,15:10:00,11528.108752512702,1,72
2018-09-04,11521.2,11523.05,11510.9,11516.45,15:15:00,11527.450776082922,1,73
2018-09-04,11516.0,11523.75,11514.35,11521.7,15:20:00,11526.360225979786,1,74
2018-09-04,11522.25,11523.9,11515.15,11516.7,15:25:00,11525.968775886471,1,75
2018-09-05,11537.05,11542.65,11506.75,11510.05,09:15:00,11527.024130563952,2,1
2018-09-05,11515.8,11538.65,11502.85,11537.7,09:20:00,11525.955165748335,2,2
2018-09-05,11532.45,11535.3,11516.45,11516.65,09:25:00,11526.573721391353,2,3
2018-09-05,11530.65,11539.0,11523.85,11532.55,09:30:00,11526.9619384017,2,4
2018-09-05,11523.5,11531.2,11519.2,11530.9,09:35:00,11526.63222998249,2,5
2018-09-05,11529.25,11530.95,11522.85,11523.35,09:40:00,11526.88154141273,2,6
2018-09-05,11507.1,11529.95,11504.05,11529.95,09:45:00,11524.997585087707,2,7
2018-09-05,11506.85,11509.0,11492.05,11506.55,09:50:00,11523.269243650782,2,8
2018-09-05,11504.2,11507.8,11498.25,11507.45,09:55:00,11521.45312520785,2,9
2018-09-05,11494.4,11504.85,11490.15,11503.9,10:00:00,11518.876637092815,2,10
2018-09-05,11508.6,11508.9,11489.45,11495.5,10:05:00,11517.897909750644,2,11
2018-09-05,11518.5,11521.05,11508.35,11509.85,10:10:00,11517.955251679155,2,12
2018-09-05,11512.25,11518.25,11510.1,11518.25,10:15:00,11517.41189437638,2,13
2018-09-05,11511.3,11517.45,11508.85,11512.4,10:20:00,11516.829809197676,2,14
2018-09-05,11506.05,11514.2,11506.05,11512.6,10:25:00,11515.80316070266,2,15
2018-09-05,11493.2,11506.7,11493.2,11506.7,10:30:00,11513.65047873098,2,16
2018-09-05,11498.85,11499.0,11490.3,11493.75,10:35:00,11512.240909328028,2,17
2018-09-05,11501.65,11507.5,11498.9,11498.95,10:40:00,11511.232251296786,2,18
2018-09-05,11507.15,11513.6,11500.25,11501.15,10:45:00,11510.843465458996,2,19
2018-09-05,11506.1,11509.9,11503.2,11507.5,10:50:00,11510.391706843851,2,20
2018-09-05,11495.65,11506.0,11495.25,11505.55,10:55:00,11508.987734763488,2,21
2018-09-05,11493.3,11497.25,11486.4,11495.3,11:00:00,11507.493664786012,2,22
2018-09-05,11496.95,11498.4,11491.3,11492.9,11:05:00,11506.489506234964,2,23
2018-09-05,11497.8,11501.5,11497.05,11497.65,11:10:00,11505.661934212589,2,24
2018-09-05,11494.7,11498.6,11494.5,11498.15,11:15:00,11504.617940478056,2,25
2018-09-05,11495.45,11495.5,11491.7,11495.1,11:20:00,11503.744803289668,2,26
2018-09-05,11496.5,11500.35,11495.25,11495.55,11:25:00,11503.054822023983,2,27
2018-09-05,11479.95,11496.15,11479.05,11496.15,11:30:00,11500.854362783606,2,28
2018-09-05,11483.05,11483.75,11475.25,11480.2,11:35:00,11499.158709185169,2,29
2018-09-05,11488.05,11489.25,11480.95,11482.95,11:40:00,11498.10073688182,2,30
2018-09-05,11482.15,11489.45,11479.8,11487.8,11:45:00,11496.58161908355,2,31
2018-09-05,11473.7,11480.85,11472.15,11480.5,11:50:00,11494.40241726607,2,32
2018-09-05,11470.05,11475.3,11469.25,11474.1,11:55:00,11492.083139431206,2,33
2018-09-05,11473.45,11474.85,11466.35,11470.1,12:00:00,11490.308554723471,2,34
2018-09-05,11461.9,11475.0,11459.95,11473.1,12:05:00,11487.602978083143,2,35
2018-09-05,11458.4,11463.0,11451.9,11462.05,12:10:00,11484.821742075224,2,36
2018-09-05,11456.6,11460.05,11448.65,11458.5,12:15:00,11482.13395711568,2,37
2018-09-05,11443.05,11457.2,11442.55,11456.9,12:20:00,11478.411675485617,2,38
2018-09-05,11441.15,11445.5,11436.15,11442.8,12:25:00,11474.862944486986,2,39
2018-09-05,11450.75,11458.85,11440.95,11441.05,12:30:00,11472.566473583463,2,40
2018-09-05,11445.1,11453.95,11444.5,11452.7,12:35:00,11469.950618956467,2,41
2018-09-05,11446.05,11448.35,11439.25,11447.25,12:40:00,11467.674369532042,2,42
2018-09-05,11438.8,11449.4,11437.6,11446.65,12:45:00,11464.92442957661,2,43
2018-09-05,11418.55,11442.25,11412.45,11440.75,12:50:00,11460.50781723598,2,44
2018-09-05,11415.7,11422.4,11414.05,11421.25,12:55:00,11456.24040607065,2,45
2018-09-05,11428.15,11430.05,11415.65,11415.65,13:00:00,11453.565129302016,2,46
2018-09-05,11442.6,11442.65,11428.85,11430.0,13:05:00,11452.520831273252,2,47
2018-09-05,11445.4,11447.25,11438.85,11443.6,13:10:00,11451.842656866274,2,48
2018-09-05,11434.1,11449.9,11433.45,11446.85,13:15:00,11450.152880021868,2,49
2018-09-05,11428.6,11437.1,11423.45,11435.7,13:20:00,11448.10022478169,2,50
2018-09-05,11434.85,11437.05,11423.7,11429.6,13:25:00,11446.838298612003,2,51
2018-09-05,11420.75,11438.7,11420.5,11436.4,13:30:00,11444.353698744197,2,52
2018-09-05,11424.55,11431.7,11421.7,11421.7,13:35:00,11442.467632197127,2,53
2018-09-05,11416.9,11428.2,11416.9,11425.5,13:40:00,11440.032619606924,2,54
2018-09-05,11414.1,11419.55,11409.65,11417.95,13:45:00,11437.56284631103,2,55
2018-09-05,11413.7,11416.0,11408.45,11415.25,13:50:00,11435.290194281408,2,56
2018-09-05,11413.25,11418.45,11409.65,11415.3,13:55:00,11433.19112815937,2,57
2018-09-05,11397.1,11414.5,11395.9,11413.8,14:00:00,11429.75387785848,2,58
2018-09-05,11402.1,11407.35,11397.3,11398.35,14:05:00,11427.12017520529,2,59
2018-09-05,11401.75,11405.2,11393.85,11403.95,14:10:00,11424.70396804288,2,60
2018-09-05,11418.05,11424.65,11402.3,11403.5,14:15:00,11424.0702568007,2,61
2018-09-05,11424.5,11427.35,11415.5,11419.8,14:20:00,11424.111184724445,2,62
2018-09-05,11430.6,11435.3,11425.6,11425.6,14:25:00,11424.729167131638,2,63
2018-09-05,11448.85,11451.1,11430.55,11432.1,14:30:00,11427.026389309578,2,64
2018-09-05,11439.25,11449.95,11434.25,11449.7,14:35:00,11428.190542708666,2,65
2018-09-05,11453.9,11459.2,11438.7,11440.7,14:40:00,11430.639062450698,2,66
2018-09-05,11448.4,11458.35,11448.35,11455.9,14:45:00,11432.330580312537,2,67
2018-09-05,11459.55,11463.45,11441.15,11448.45,14:50:00,11434.922905997057,2,68
2018-09-05,11450.1,11464.1,11446.5,11460.25,14:55:00,11436.368343521146,2,69
2018-09-05,11467.55,11467.55,11448.15,11449.0,15:00:00,11439.33802509056,2,70
2018-09-05,11474.85,11482.5,11467.75,11467.95,15:05:00,11442.72011793908,2,71
2018-09-05,11474.65,11481.8,11467.6,11475.2,15:10:00,11445.761059087738,2,72
2018-09-05,11473.8,11487.85,11471.65,11474.25,15:15:00,11448.431434412714,2,73
2018-09-05,11488.7,11489.4,11473.75,11473.75,15:20:00,11452.266535897215,2,74
2018-09-05,11470.85,11489.15,11468.55,11488.65,15:25:00,11454.036389621291,2,75
2018-09-06,11494.1,11512.15,11481.75,11512.15,09:15:00,11457.851971562122,3,1
2018-09-06,11468.25,11496.35,11463.7,11493.85,09:20:00,11458.842259984778,3,2
2018-09-06,11474.9,11487.75,11467.45,11468.5,09:25:00,11460.371568557655,3,3
2018-09-06,11462.2,11475.4,11459.5,11474.65,09:30:00,11460.5457048855,3,4
2018-09-06,11487.25,11487.85,11461.05,11462.35,09:35:00,11463.08897108688,3,5
2018-09-06,11497.6,11497.6,11481.4,11487.35,09:40:00,11466.375735745272,3,6
2018-09-06,11498.25,11506.9,11494.45,11496.8,09:45:00,11469.411379960007,3,7
2018-09-06,11503.2,11503.65,11494.15,11498.5,09:50:00,11472.62934377334,3,8
2018-09-06,11508.25,11509.55,11500.6,11502.75,09:55:00,11476.0217872235,3,9
2018-09-06,11508.85,11512.15,11507.25,11508.5,10:00:00,11479.148283678403,3,10
2018-09-06,11492.85,11509.55,11492.85,11509.4,10:05:00,11480.453209042367,3,11
2018-09-06,11488.6,11495.95,11487.85,11492.6,10:10:00,11481.229093895476,3,12
2018-09-06,11500.45,11500.9,11485.95,11488.3,10:15:00,11483.05965638162,3,13
2018-09-06,11503.6,11506.35,11500.0,11500.6,10:20:00,11485.01587958337,3,14
2018-09-06,11509.05,11509.15,11499.2,11502.65,10:25:00,11487.304843432574,3,15
2018-09-06,11506.65,11509.65,11503.1,11508.9,10:30:00,11489.14723929614,3,16
2018-09-06,11499.45,11509.8,11497.6,11507.0,10:35:00,11490.128454601268,3,17
2018-09-06,11502.25,11505.95,11498.8,11499.5,10:40:00,11491.282887496389,3,18
2018-09-06,11501.55,11503.2,11497.1,11501.65,10:45:00,11492.260707734826,3,19
2018-09-06,11508.9,11509.45,11501.15,11501.15,10:50:00,11493.845402236271,3,20
2018-09-06,11515.55,11517.65,11506.95,11509.35,10:55:00,11495.912506785198,3,21
2018-09-06,11517.25,11517.45,11510.45,11514.45,11:00:00,11497.944648996132,3,22
2018-09-06,11520.05,11521.35,11515.0,11517.05,11:05:00,11500.04992052031,3,23
2018-09-06,11514.85,11524.45,11514.1,11520.55,11:10:00,11501.459451899327,3,24
2018-09-06,11512.75,11518.3,11512.15,11514.4,11:15:00,11502.534742194632,3,25
2018-09-06,11507.3,11512.9,11501.3,11512.9,11:20:00,11502.988576271331,3,26
2018-09-06,11506.2,11510.1,11504.9,11507.6,11:25:00,11503.294426150254,3,27
2018-09-06,11507.85,11513.65,11503.6,11506.0,11:30:00,11503.72829032642,3,28
2018-09-06,11491.95,11507.85,11491.25,11507.3,11:35:00,11502.606548390571,3,29
2018-09-06,11487.4,11498.05,11486.35,11492.45,11:40:00,11501.158305686708,3,30
2018-09-06,11476.45,11488.0,11472.9,11487.0,11:45:00,11498.805133716543,3,31
2018-09-06,11481.4,11484.8,11474.4,11476.65,11:50:00,11497.147501934018,3,32
2018-09-06,11480.95,11483.05,11474.05,11481.55,11:55:00,11495.604882702206,3,33
2018-09-06,11487.0,11487.5,11479.1,11480.85,12:00:00,11494.7853700639,3,34
2018-09-06,11474.4,11487.55,11472.1,11487.55,12:05:00,11492.84390624829,3,35
2018-09-06,11478.4,11479.05,11470.85,11474.3,12:10:00,11491.468296129406,3,36
2018-09-06,11483.95,11485.95,11478.45,11478.45,12:15:00,11490.752267926606,3,37
2018-09-06,11489.15,11490.5,11480.7,11484.1,12:20:00,11490.599670981215,3,38
2018-09-06,11486.3,11492.1,11483.15,11488.9,12:25:00,11490.190178506811,3,39
2018-09-06,11484.9,11488.6,11482.2,11485.4,12:30:00,11489.686351982356,3,40
2018-09-06,11476.55,11488.7,11476.05,11484.8,12:35:00,11488.43527084118,3,41
2018-09-06,11458.0,11476.4,11456.5,11476.4,12:40:00,11485.53667361821,3,42
2018-09-06,11448.35,11462.45,11448.2,11457.95,12:45:00,11481.99508565457,3,43
2018-09-06,11452.5,11464.15,11444.25,11448.2,12:50:00,11479.186029877945,3,44
2018-09-06,11436.1,11454.05,11436.1,11452.05,12:55:00,11475.082598460996,3,45
2018-09-06,11449.85,11450.75,11436.05,11437.3,13:00:00,11472.679493845664,3,46
2018-09-06,11455.6,11461.0,11448.2,11450.2,13:05:00,11471.052875384172,3,47
2018-09-06,11464.4,11466.5,11455.3,11455.3,13:10:00,11470.419268204729,3,48
2018-09-06,11468.45,11473.25,11465.05,11467.85,13:15:00,11470.231718851895,3,49
2018-09-06,11468.85,11471.4,11461.85,11470.1,13:20:00,11470.100126580286,3,50
2018-09-06,11461.5,11469.15,11460.5,11469.15,13:25:00,11469.281066905973,3,51
2018-09-06,11461.65,11466.75,11460.2,11463.05,13:30:00,11468.554298629217,3,52
2018-09-06,11481.35,11481.35,11458.45,11463.2,13:35:00,11469.772936855004,3,53
2018-09-06,11492.05,11492.45,11481.1,11482.15,13:40:00,11471.894561916431,3,54
2018-09-06,11498.65,11502.7,11492.65,11493.55,13:45:00,11474.442698876774,3,55
2018-09-06,11499.7,11502.3,11492.05,11499.6,13:50:00,11476.848156126603,3,56
2018-09-06,11496.85,11507.8,11496.5,11501.8,13:55:00,11478.753093638355,3,57
2018-09-06,11495.9,11497.4,11490.95,11497.4,14:00:00,11480.386132339465,3,58
2018-09-06,11508.75,11509.5,11495.75,11496.2,14:05:00,11483.087453069038,3,59
2018-09-06,11507.2,11510.7,11502.75,11508.95,14:10:00,11485.38388611008,3,60
2018-09-06,11512.8,11519.35,11507.7,11507.8,14:15:00,11487.994944575788,3,61
2018-09-06,11514.95,11514.95,11506.6,11513.05,14:20:00,11490.562092711429,3,62
2018-09-06,11526.55,11526.55,11514.1,11516.0,14:25:00,11493.989512453196,3,63
2018-09-06,11522.1,11531.7,11520.6,11528.5,14:30:00,11496.666701743368,3,64
2018-09-06,11533.1,11539.0,11522.9,11524.15,14:35:00,11500.13653967257,3,65
2018-09-06,11540.2,11540.2,11532.1,11534.8,14:40:00,11503.952107322802,3,66
2018-09-06,11538.75,11546.25,11536.1,11541.65,14:45:00,11507.266192339675,3,67
2018-09-06,11547.85,11548.2,11538.85,11539.65,14:50:00,11511.131316878756,3,68
2018-09-06,11536.45,11549.45,11534.75,11549.35,14:55:00,11513.54262003316,3,69
2018-09-06,11556.35,11562.25,11536.5,11536.5,15:00:00,11517.619513363335,3,70
2018-09-06,11538.85,11558.85,11538.6,11557.05,15:05:00,11519.641464471588,3,71
2018-09-06,11527.65,11541.05,11527.15,11538.2,15:10:00,11520.40418214096,3,72
2018-09-06,11528.5,11538.35,11524.0,11529.05,15:15:00,11521.17521241325,3,73
2018-09-06,11525.15,11528.6,11521.75,11528.6,15:20:00,11521.553763611988,3,74
2018-09-06,11520.0,11525.35,11516.65,11525.35,15:25:00,11521.405786125131,3,75
2018-09-07,11501.0,11549.15,11487.15,11549.15,09:15:00,11519.46237792274,4,1
2018-09-07,11496.1,11508.65,11493.15,11499.65,09:20:00,11517.237389549146,4,2
2018-09-07,11505.05,11509.1,11495.9,11496.75,09:25:00,11516.07668578256,4,3
2018-09-07,11501.95,11511.15,11497.45,11504.5,09:30:00,11514.7312871366,4,4
2018-09-07,11491.85,11503.65,11491.75,11501.3,09:35:00,11512.552116933117,4,5
2018-09-07,11493.75,11496.1,11484.4,11491.55,09:40:00,11510.761439129965,4,6
2018-09-07,11510.5,11510.95,11494.35,11494.35,09:45:00,11510.736540165204,4,7
2018-09-07,11520.6,11521.95,11508.4,11510.3,09:50:00,11511.675917292328,4,8
2018-09-07,11521.7,11524.25,11516.2,11520.55,09:55:00,11512.630591835918,4,9
2018-09-07,11516.6,11525.3,11511.45,11521.65,10:00:00,11513.008630708686,4,10
2018-09-07,11523.8,11525.95,11510.6,11516.65,10:05:00,11514.036380165002,4,11
2018-09-07,11525.8,11530.75,11523.1,11523.65,10:10:00,11515.15672491119,4,12
2018-09-07,11535.1,11536.15,11525.85,11526.45,10:15:00,11517.05608444346,4,13
2018-09-07,11532.7,11542.3,11532.15,11535.6,10:20:00,11518.54598116313,4,14
2018-09-07,11530.45,11539.0,11529.7,11532.75,10:25:00,11519.679697242833,4,15
2018-09-07,11533.15,11534.2,11523.9,11530.85,10:30:00,11520.962583219703,4,16
2018-09-07,11554.95,11556.35,11531.5,11532.7,10:35:00,11524.199480055922,4,17
2018-09-07,11551.65,11560.0,11551.65,11554.4,10:40:00,11526.813815288691,4,18
2018-09-07,11561.0,11561.8,11550.0,11551.7,10:45:00,11530.069642404054,4,19
2018-09-07,11558.65,11566.2,11558.3,11560.9,10:50:00,11532.791581222717,4,20
2018-09-07,11557.85,11562.5,11553.9,11558.9,10:55:00,11535.178097296744,4,21
2018-09-07,11559.0,11563.65,11553.1,11557.65,11:00:00,11537.446849935148,4,22
2018-09-07,11558.15,11566.45,11557.85,11558.85,11:05:00,11539.418578512752,4,23
2018-09-07,11559.85,11564.6,11556.9,11558.2,11:10:00,11541.364428178204,4,24
2018-09-07,11546.0,11560.6,11545.45,11560.45,11:15:00,11541.80591120885,4,25
2018-09-07,11543.9,11549.35,11543.4,11545.6,11:20:00,11542.005348236578,4,26
2018-09-07,11543.15,11545.15,11533.75,11543.95,11:25:00,11542.114362690238,4,27
2018-09-07,11555.65,11555.65,11541.8,11543.4,11:30:00,11543.403471005451,4,28
2018-09-07,11558.0,11560.65,11548.7,11555.55,11:35:00,11544.793616623982,4,29
2018-09-07,11552.25,11560.9,11549.8,11557.9,11:40:00,11545.50374837408,4,30
2018-09-07,11558.15,11559.75,11550.95,11552.7,11:45:00,11546.708153290834,4,31
2018-09-07,11551.6,11557.95,11546.8,11557.15,11:50:00,11547.174043453611,4,32
2018-09-07,11551.55,11555.15,11549.95,11551.85,11:55:00,11547.590801219934,4,33
2018-09-07,11541.95,11551.9,11540.95,11551.3,12:00:00,11547.05358205613,4,34
2018-09-07,11548.35,11549.45,11540.25,11542.25,12:05:00,11547.177050431736,4,35
2018-09-07,11550.35,11551.1,11545.05,11548.9,12:10:00,11547.479236104904,4,36
2018-09-07,11553.2,11558.9,11548.8,11550.7,12:15:00,11548.02407076158,4,37
2018-09-07,11552.6,11555.95,11551.25,11553.25,12:20:00,11548.459873546191,4,38
2018-09-07,11552.2,11553.75,11548.8,11552.5,12:25:00,11548.816076065605,4,39
2018-09-07,11556.15,11558.3,11550.65,11552.45,12:30:00,11549.514545011738,4,40
2018-09-07,11550.4,11559.0,11550.15,11556.45,12:35:00,11549.598874058238,4,41
2018-09-07,11546.6,11550.7,11544.3,11550.6,12:40:00,11549.31326700507,4,42
2018-09-07,11553.15,11554.25,11547.85,11548.5,12:45:00,11549.678670147445,4,43
2018-09-07,11553.9,11555.8,11548.95,11554.9,12:50:00,11550.080701561974,4,44
2018-09-07,11543.0,11555.15,11542.4,11554.05,12:55:00,11549.406349032262,4,45
2018-09-07,11555.9,11556.9,11542.9,11543.15,13:00:00,11550.02479198157,4,46
2018-09-07,11565.3,11566.8,11556.35,11556.9,13:05:00,11551.479573697612,4,47
2018-09-07,11578.05,11579.0,11565.9,11567.05,13:10:00,11554.010090488317,4,48
2018-09-07,11570.9,11579.6,11569.3,11579.35,13:15:00,11555.618653298952,4,49
2018-09-07,11568.85,11576.7,11568.8,11571.9,13:20:00,11556.878781556194,4,50
2018-09-07,11563.35,11572.95,11558.85,11569.5,13:25:00,11557.495088074653,4,51
2018-09-07,11565.05,11568.6,11559.35,11564.95,13:30:00,11558.214603496112,4,52
2018-09-07,11564.6,11570.6,11561.9,11565.85,13:35:00,11558.822736496482,4,53
2018-09-07,11568.65,11572.35,11563.55,11565.2,13:40:00,11559.75866635396,4,54
2018-09-07,11570.35,11572.05,11567.75,11570.75,13:45:00,11560.76736479644,4,55
2018-09-07,11564.55,11571.25,11558.35,11571.25,13:50:00,11561.127615768208,4,56
2018-09-07,11569.2,11569.25,11562.0,11566.35,13:55:00,11561.896414266474,4,57
2018-09-07,11565.1,11573.35,11564.85,11569.65,14:00:00,11562.201517669666,4,58
2018-09-07,11572.75,11574.8,11564.75,11565.55,14:05:00,11563.20613503446,4,59
2018-09-07,11571.8,11575.3,11571.15,11574.5,14:10:00,11564.02459836451,4,60
2018-09-07,11567.75,11573.65,11567.0,11573.65,14:15:00,11564.379398520272,4,61
2018-09-07,11568.05,11573.15,11563.85,11569.35,14:20:00,11564.72897961358,4,62
2018-09-07,11569.9,11570.6,11563.6,11569.95,14:25:00,11565.22145774562,4,63
2018-09-07,11569.6,11575.0,11567.55,11572.05,14:30:00,11565.638461769846,4,64
2018-09-07,11569.85,11575.35,11569.6,11571.6,14:35:00,11566.039560648907,4,65
2018-09-07,11573.35,11576.25,11566.65,11571.15,14:40:00,11566.73579296806,4,66
2018-09-07,11589.5,11594.45,11574.35,11574.95,14:45:00,11568.903812685388,4,67
2018-09-07,11597.75,11600.8,11589.1,11590.95,14:50:00,11571.651068620113,4,68
2018-09-07,11599.3,11599.85,11595.2,11598.7,14:55:00,11574.2843001801,4,69
2018-09-07,11596.1,11603.0,11594.35,11599.65,15:00:00,11576.361985877234,4,70
2018-09-07,11587.6,11596.4,11586.75,11595.5,15:05:00,11577.432272936549,4,71
2018-09-07,11595.05,11596.4,11587.7,11587.8,15:10:00,11579.110151704494,4,72
2018-09-07,11586.2,11595.8,11586.05,11594.95,15:15:00,11579.785375351685,4,73
2018-09-07,11583.2,11586.15,11581.6,11586.15,15:20:00,11580.110577699144,4,74
2018-09-07,11586.05,11587.85,11582.6,11583.45,15:25:00,11580.67623696589,4,75
2018-09-10,11569.55,11573.0,11552.25,11564.35,09:15:00,11579.616595350091,0,1
2018-09-10,11568.05,11569.2,11553.95,11568.6,09:20:00,11578.51501484056,0,2
2018-09-10,11559.15,11570.35,11556.9,11568.0,09:25:00,11576.670727712886,0,3
2018-09-10,11538.8,11560.3,11534.45,11559.1,09:30:00,11573.06399174023,0,4
2018-09-10,11537.2,11547.15,11530.25,11539.8,09:35:00,11569.648373479256,0,5
2018-09-10,11535.55,11542.0,11529.2,11537.4,09:40:00,11566.400909338374,0,6
2018-09-10,11532.75,11538.7,11527.75,11535.05,09:45:00,11563.196060829958,0,7
2018-09-10,11523.45,11533.6,11523.45,11533.3,09:50:00,11559.410721703296,0,8
2018-09-10,11510.8,11523.5,11509.4,11523.1,09:55:00,11554.781129160125,0,9
2018-09-10,11505.4,11518.1,11505.4,11511.45,10:00:00,11550.078164478207,0,10
2018-09-10,11501.55,11508.85,11496.35,11505.15,10:05:00,11545.4564345279,0,11
2018-09-10,11508.8,11513.5,11500.5,11501.95,10:10:00,11541.965345525245,0,12
2018-09-10,11513.9,11517.9,11505.35,11508.95,10:15:00,11539.29245547522,0,13
2018-09-10,11517.95,11521.75,11512.95,11513.8,10:20:00,11537.259840668055,0,14
2018-09-10,11524.85,11525.8,11515.25,11517.85,10:25:00,11536.077951080624,0,15
2018-09-10,11513.65,11526.75,11512.45,11524.45,10:30:00,11533.941955739612,0,16
2018-09-10,11513.3,11514.7,11508.65,11512.7,10:35:00,11531.976055192985,0,17
2018-09-10,11502.6,11513.8,11501.75,11513.75,10:40:00,11529.178335650797,0,18
2018-09-10,11507.05,11509.1,11502.3,11502.7,10:45:00,11527.070875112624,0,19
2018-09-10,11507.4,11515.05,11506.45,11506.7,10:50:00,11525.197458435232,0,20
2018-09-10,11509.1,11513.8,11506.5,11507.35,10:55:00,11523.664367155689,0,21
2018-09-10,11510.05,11512.5,11508.4,11508.85,11:00:00,11522.367760759906,0,22
2018-09-10,11503.85,11510.05,11502.15,11509.85,11:05:00,11520.604164497056,0,23
2018-09-10,11495.55,11504.25,11495.55,11503.9,11:10:00,11518.218053592576,0,24
2018-09-10,11493.95,11496.65,11489.3,11496.0,11:15:00,11515.906810393282,0,25
2018-09-10,11493.2,11496.6,11490.45,11494.0,11:20:00,11513.744257022494,0,26
2018-09-10,11494.5,11495.9,11492.0,11492.9,11:25:00,11511.9114706394,0,27
2018-09-10,11510.05,11513.25,11490.7,11494.4,11:30:00,11511.734187721362,0,28
2018-09-10,11501.55,11510.05,11500.9,11509.8,11:35:00,11510.764265081232,0,29
2018-09-10,11506.2,11506.5,11499.85,11501.65,11:40:00,11510.329573168734,0,30
2018-09-10,11495.1,11506.65,11494.0,11506.35,11:45:00,11508.879137628854,0,31
2018-09-10,11484.55,11496.5,11484.3,11495.0,11:50:00,11506.562076902295,0,32
2018-09-10,11485.55,11489.15,11481.15,11484.65,11:55:00,11504.560926721124,0,33
2018-09-10,11476.5,11486.05,11476.5,11486.05,12:00:00,11501.888457509587,0,34
2018-09-10,11469.55,11477.1,11468.4,11476.8,12:05:00,11498.808604413438,0,35
2018-09-10,11471.3,11474.65,11470.25,11470.35,12:10:00,11496.188737326444,0,36
2018-09-10,11459.2,11472.95,11453.85,11472.3,12:15:00,11492.666000438212,0,37
2018-09-10,11467.6,11474.3,11455.7,11460.55,12:20:00,11490.27876230124,0,38
2018-09-10,11468.2,11473.1,11467.05,11469.95,12:25:00,11488.176023034455,0,39
2018-09-10,11458.0,11470.75,11456.65,11469.3,12:30:00,11485.302116078794,0,40
2018-09-10,11471.0,11471.0,11458.9,11460.85,12:35:00,11483.940009785576,0,41
2018-09-10,11462.4,11472.4,11458.2,11472.4,12:40:00,11481.888580282188,0,42
2018-09-10,11460.4,11467.65,11456.15,11463.85,12:45:00,11479.842048826742,0,43
2018-09-10,11455.7,11463.15,11452.95,11462.2,12:50:00,11477.542806081336,0,44
2018-09-10,11468.65,11468.75,11456.05,11457.5,12:55:00,11476.69587216883,0,45
2018-09-10,11467.1,11470.7,11465.8,11468.7,13:00:00,11475.781979581325,0,46
2018-09-10,11475.85,11477.4,11466.25,11468.55,13:05:00,11475.788457716437,0,47
2018-09-10,11474.85,11480.4,11473.95,11477.3,13:10:00,11475.699080791062,0,48
2018-09-10,11466.85,11476.25,11466.85,11476.0,13:15:00,11474.856311191914,0,49
2018-09-10,11460.0,11469.7,11456.45,11468.75,13:20:00,11473.44142441173,0,50
2018-09-10,11465.35,11466.25,11459.9,11461.85,13:25:00,11472.670812562996,0,51
2018-09-10,11472.9,11472.9,11462.45,11466.65,13:30:00,11472.692639937948,0,52
2018-09-10,11472.3,11475.8,11472.05,11474.3,13:35:00,11472.655245658145,0,53
2018-09-10,11468.1,11473.45,11465.15,11473.45,13:40:00,11472.221412738323,0,54
2018-09-10,11472.85,11473.6,11466.9,11470.25,13:45:00,11472.281278191816,0,55
2018-09-10,11486.7,11488.75,11472.4,11474.5,13:50:00,11473.654489792596,0,56
2018-09-10,11485.95,11496.25,11482.6,11488.05,13:55:00,11474.82549076473,0,57
2018-09-10,11476.25,11492.8,11475.7,11487.4,14:00:00,11474.961158310947,0,58
2018-09-10,11468.3,11478.45,11466.1,11477.1,14:05:00,11474.326762281336,0,59
2018-09-10,11469.85,11473.8,11468.6,11469.75,14:10:00,11473.900403968826,0,60
2018-09-10,11464.0,11471.7,11461.55,11471.7,14:15:00,11472.957508352749,0,61
2018-09-10,11457.25,11468.3,11457.1,11465.75,14:20:00,11471.461555176296,0,62
2018-09-10,11447.0,11461.85,11447.0,11457.45,14:25:00,11469.131883254744,0,63
2018-09-10,11457.05,11458.15,11444.55,11449.1,14:30:00,11467.981227706672,0,64
2018-09-10,11449.0,11457.0,11448.1,11456.8,14:35:00,11466.173491734608,0,65
2018-09-10,11451.7,11451.75,11444.95,11449.25,14:40:00,11464.79506395036,0,66
2018-09-10,11453.0,11461.7,11451.65,11451.75,14:45:00,11463.671724526515,0,67
2018-09-10,11448.05,11454.2,11439.9,11453.55,14:50:00,11462.183941238276,0,68
2018-09-10,11454.95,11457.2,11442.8,11447.45,14:55:00,11461.494994453678,0,69
2018-09-10,11448.05,11457.25,11446.7,11455.45,15:00:00,11460.214518791425,0,70
2018-09-10,11437.15,11449.45,11436.05,11447.4,15:05:00,11458.017897954143,0,71
2018-09-10,11440.4,11441.45,11434.3,11437.9,15:10:00,11456.340002910893,0,72
2018-09-10,11443.65,11443.8,11430.45,11440.65,15:15:00,11455.131431205093,0,73
2018-09-10,11432.65,11444.1,11431.05,11444.1,15:20:00,11452.990342518891,0,74
2018-09-10,11438.6,11439.5,11427.3,11432.3,15:25:00,11451.61983370757,0,75
2018-09-11,11434.0,11476.1,11434.0,11476.1,09:15:00,11449.941754306848,1,1
2018-09-11,11421.35,11439.9,11418.05,11435.35,09:20:00,11447.218730087148,1,2
2018-09-11,11438.7,11439.6,11415.95,11421.4,09:25:00,11446.4074224598,1,3
2018-09-11,11441.2,11443.45,11433.55,11439.85,09:30:00,11445.91147746363,1,4
2018-09-11,11451.4,11457.4,11440.8,11441.3,09:35:00,11446.434193895664,1,5
2018-09-11,11446.75,11460.85,11443.4,11451.35,09:40:00,11446.464270667506,1,6
2018-09-11,11429.2,11446.95,11425.25,11446.65,09:45:00,11444.820054413458,1,7
2018-09-11,11433.3,11441.25,11428.55,11429.0,09:50:00,11443.722906374082,1,8
2018-09-11,11442.0,11442.0,11429.5,11433.8,09:55:00,11443.558820052742,1,9
2018-09-11,11443.65,11448.0,11440.95,11441.95,10:00:00,11443.567503857244,1,10
2018-09-11,11435.55,11445.35,11432.2,11442.85,10:05:00,11442.803932061315,1,11
2018-09-11,11441.3,11443.4,11431.65,11436.3,10:10:00,11442.660700436429,1,12
2018-09-11,11440.4,11442.65,11437.7,11441.4,10:15:00,11442.44539563296,1,13
2018-09-11,11431.05,11443.85,11429.4,11440.45,10:20:00,11441.360119858393,1,14
2018-09-11,11424.5,11432.45,11419.2,11430.85,10:25:00,11439.754394157591,1,15
2018-09-11,11423.7,11431.55,11423.2,11425.0,10:30:00,11438.22540423782,1,16
2018-09-11,11424.15,11425.85,11419.3,11423.95,10:35:00,11436.884889548504,1,17
2018-09-11,11420.1,11426.75,11419.25,11423.7,10:40:00,11435.286328639124,1,18
2018-09-11,11429.05,11430.05,11418.55,11419.85,10:45:00,11434.692392578256,1,19
2018-09-11,11433.2,11437.0,11427.05,11428.65,10:50:00,11434.550259951757,1,20
2018-09-11,11435.45,11436.2,11429.9,11433.15,10:55:00,11434.63594948016,1,21
2018-09-11,11440.15,11442.55,11433.05,11435.05,11:00:00,11435.161097148715,1,22
2018-09-11,11436.75,11441.85,11436.1,11439.65,11:05:00,11435.31242122979,1,23
2018-09-11,11429.4,11438.45,11428.9,11436.85,11:10:00,11434.74933349362,1,24
2018-09-11,11435.05,11436.1,11429.05,11429.05,11:15:00,11434.777968398988,1,25
2018-09-11,11428.8,11435.35,11428.8,11434.95,11:20:00,11434.208638075275,1,26
2018-09-11,11421.45,11429.0,11421.45,11428.45,11:25:00,11432.993529687154,1,27
2018-09-11,11414.45,11421.7,11414.45,11421.4,11:30:00,11431.22747924076,1,28
2018-09-11,11414.85,11419.2,11414.25,11415.35,11:35:00,11429.667719313067,1,29
2018-09-11,11408.5,11415.1,11404.75,11414.65,11:40:00,11427.651746045156,1,30
2018-09-11,11407.4,11410.9,11407.0,11407.75,11:45:00,11425.72300832657,1,31
2018-09-11,11404.95,11407.6,11399.8,11407.2,11:50:00,11423.74462658118,1,32
2018-09-11,11409.2,11414.8,11404.25,11404.35,11:55:00,11422.35942404964,1,33
2018-09-11,11413.75,11418.6,11409.15,11410.1,12:00:00,11421.539478902056,1,34
2018-09-11,11413.15,11415.55,11411.7,11413.7,12:05:00,11420.740480911383,1,35
2018-09-11,11406.4,11413.25,11406.4,11412.8,12:10:00,11419.374720824588,1,36
2018-09-11,11410.85,11414.55,11401.25,11406.35,12:15:00,11418.562842650816,1,37
2018-09-11,11415.8,11417.1,11410.55,11411.05,12:20:00,11418.299714779312,1,38
2018-09-11,11418.65,11423.85,11416.2,11417.25,12:25:00,11418.33307527652,1,39
2018-09-11,11430.85,11432.0,11416.35,11420.2,12:30:00,11419.525163345425,1,40
2018-09-11,11430.45,11435.05,11429.4,11432.6,12:35:00,11420.565623979192,1,41
2018-09-11,11421.4,11431.5,11420.7,11430.2,12:40:00,11420.645088362127,1,42
2018-09-11,11424.3,11426.5,11420.65,11421.55,12:45:00,11420.993175184782,1,43
2018-09-11,11420.35,11426.15,11419.4,11424.15,12:50:00,11420.93192040528,1,44
2018-09-11,11417.25,11423.95,11417.25,11420.7,12:55:00,11420.581261319065,1,45
2018-09-11,11421.5,11423.55,11416.05,11417.35,13:00:00,11420.668760241057,1,46
2018-09-11,11418.2,11423.1,11415.75,11422.25,13:05:00,11420.4336402181,1,47
2018-09-11,11416.5,11423.8,11416.5,11419.15,13:10:00,11420.059007816377,1,48
2018-09-11,11417.0,11419.8,11415.0,11417.35,13:15:00,11419.767673738626,1,49
2018-09-11,11408.9,11418.85,11408.55,11418.85,13:20:00,11418.73265719209,1,50
2018-09-11,11409.65,11412.9,11406.95,11409.25,13:25:00,11417.867642221414,1,51
2018-09-11,11412.2,11412.25,11403.5,11410.65,13:30:00,11417.327866771757,1,52
2018-09-11,11415.2,11418.6,11411.8,11413.0,13:35:00,11417.125212793491,1,53
2018-09-11,11405.6,11417.2,11403.95,11417.0,13:40:00,11416.027573479823,1,54
2018-09-11,11383.9,11407.2,11383.9,11406.95,13:45:00,11412.967804576983,1,55
2018-09-11,11381.9,11387.85,11379.1,11383.8,13:50:00,11410.008966045842,1,56
2018-09-11,11375.1,11391.35,11374.4,11383.2,13:55:00,11406.684302612905,1,57
2018-09-11,11371.25,11379.1,11368.4,11375.45,14:00:00,11403.309607125962,1,58
2018-09-11,11359.1,11373.8,11358.5,11373.0,14:05:00,11399.099168352062,1,59
2018-09-11,11353.0,11365.65,11353.0,11359.5,14:10:00,11394.708771366151,1,60
2018-09-11,11347.25,11356.7,11339.75,11355.4,14:15:00,11390.1888883789,1,61
2018-09-11,11335.75,11354.35,11331.45,11347.8,14:20:00,11385.004232342815,1,62
2018-09-11,11328.65,11344.3,11324.9,11336.1,14:25:00,11379.63716259588,1,63
2018-09-11,11318.2,11333.95,11316.25,11329.5,14:30:00,11373.786004253414,1,64
2018-09-11,11318.1,11320.8,11305.1,11318.55,14:35:00,11368.482575276896,1,65
2018-09-11,11318.05,11326.55,11314.9,11319.3,14:40:00,11363.679472869571,1,66
2018-09-11,11314.7,11328.55,11314.7,11320.35,14:45:00,11359.01476116771,1,67
2018-09-11,11303.35,11315.65,11299.8,11314.55,14:50:00,11353.713355342214,1,68
2018-09-11,11294.95,11305.9,11292.0,11303.6,14:55:00,11348.116845309623,1,69
2018-09-11,11296.65,11306.35,11293.3,11295.7,15:00:00,11343.21524099442,1,70
2018-09-11,11285.0,11298.0,11280.85,11297.4,15:05:00,11337.670932328285,1,71
2018-09-11,11285.05,11286.55,11279.35,11285.4,15:10:00,11332.659414963686,1,72
2018-09-11,11287.65,11288.1,11274.0,11286.15,15:15:00,11328.372804014763,1,73
2018-09-11,11288.6,11289.85,11281.75,11287.6,15:20:00,11324.58491791812,1,74
2018-09-11,11282.3,11290.4,11280.65,11288.75,15:25:00,11320.5577828783,1,75
2018-09-12,11308.4,11327.25,11282.85,11327.25,09:15:00,11319.399898794652,2,1
2018-09-12,11279.85,11313.85,11275.65,11307.9,09:20:00,11315.63324176659,2,2
2018-09-12,11302.55,11302.8,11268.35,11280.1,09:25:00,11314.3872187412,2,3
2018-09-12,11320.9,11325.55,11296.9,11302.95,09:30:00,11315.007483622989,2,4
2018-09-12,11307.8,11328.4,11307.2,11321.65,09:35:00,11314.321056611274,2,5
2018-09-12,11288.55,11307.7,11281.2,11307.6,09:40:00,11311.866670267344,2,6
2018-09-12,11294.65,11307.8,11286.1,11288.95,09:45:00,11310.226987384738,2,7
2018-09-12,11275.1,11298.75,11273.95,11294.25,09:50:00,11306.881560014765,2,8
2018-09-12,11278.9,11290.55,11274.3,11276.05,09:55:00,11304.216649537168,2,9
2018-09-12,11268.0,11284.45,11266.25,11278.95,10:00:00,11300.76744481934,2,10
2018-09-12,11271.65,11281.95,11264.25,11267.6,10:05:00,11297.994354836546,2,11
2018-09-12,11286.55,11288.65,11268.85,11271.75,10:10:00,11296.904416280684,2,12
2018-09-12,11294.5,11298.0,11286.05,11286.05,10:15:00,11296.675424253952,2,13
2018-09-12,11300.05,11303.55,11293.45,11294.85,10:20:00,11296.996812420242,2,14
2018-09-12,11305.15,11308.1,11289.9,11299.9,10:25:00,11297.773306475458,2,15
2018-09-12,11301.65,11311.45,11301.65,11304.8,10:30:00,11298.142515382557,2,16
2018-09-12,11313.25,11313.4,11294.45,11300.95,10:35:00,11299.581323441362,2,17
2018-09-12,11323.2,11324.7,11311.5,11313.95,10:40:00,11301.830721208851,2,18
2018-09-12,11317.6,11324.4,11312.0,11322.7,10:45:00,11303.3325572842,2,19
2018-09-12,11307.1,11317.55,11306.35,11316.8,10:50:00,11303.69136135237,2,20
2018-09-12,11310.35,11311.2,11300.6,11307.35,10:55:00,11304.325517414049,2,21
2018-09-12,11306.4,11315.05,11304.3,11310.25,11:00:00,11304.523087184138,2,22
2018-09-12,11304.75,11309.6,11299.4,11306.7,11:05:00,11304.544697928506,2,23
2018-09-12,11311.05,11311.05,11305.55,11305.65,11:10:00,11305.164250506745,2,24
2018-09-12,11306.25,11312.1,11300.4,11311.1,11:15:00,11305.267655220388,2,25
2018-09-12,11298.6,11306.55,11296.35,11305.75,11:20:00,11304.632640437492,2,26
2018-09-12,11301.9,11304.0,11293.6,11298.35,11:25:00,11304.372388967256,2,27
2018-09-12,11309.0,11313.35,11298.85,11302.0,11:30:00,11304.813113827517,2,28
2018-09-12,11318.0,11322.35,11308.1,11308.95,11:35:00,11306.069007748703,2,29
2018-09-12,11311.7,11317.65,11308.5,11317.65,11:40:00,11306.605292725017,2,30
2018-09-12,11306.35,11311.7,11300.8,11310.85,11:45:00,11306.580979132155,2,31
2018-09-12,11300.7,11306.15,11298.0,11306.05,11:50:00,11306.020885881477,2,32
2018-09-12,11300.1,11308.7,11299.05,11300.8,11:55:00,11305.456991988,2,33
2018-09-12,11282.4,11299.8,11281.7,11299.8,12:00:00,11303.261087989144,2,34
2018-09-12,11290.3,11290.3,11278.85,11281.35,12:05:00,11302.026698656844,2,35
2018-09-12,11295.3,11295.9,11287.4,11290.25,12:10:00,11301.386060689523,2,36
2018-09-12,11288.55,11295.8,11287.3,11295.25,12:15:00,11300.163578719095,2,37
2018-09-12,11282.35,11288.4,11276.7,11288.3,12:20:00,11298.467047412514,2,38
2018-09-12,11273.75,11283.25,11267.8,11282.2,12:25:00,11296.113042897035,2,39
2018-09-12,11262.05,11274.1,11256.2,11274.1,12:30:00,11292.868943573509,2,40
2018-09-12,11263.15,11263.15,11250.2,11262.25,12:35:00,11290.038567995078,2,41
2018-09-12,11266.55,11274.2,11263.2,11264.35,12:40:00,11287.801561519356,2,42
2018-09-12,11265.8,11268.8,11260.05,11268.8,12:45:00,11285.706174707988,2,43
2018-09-12,11256.05,11267.0,11255.1,11267.0,12:50:00,11282.88177711675,2,44
2018-09-12,11270.55,11272.75,11256.1,11257.45,12:55:00,11281.70732215325,2,45
2018-09-12,11264.5,11272.45,11256.75,11270.65,13:00:00,11280.068529567228,2,46
2018-09-12,11291.15,11292.0,11263.95,11265.85,13:05:00,11281.12390770368,2,47
2018-09-12,11285.55,11296.75,11277.1,11293.4,13:10:00,11281.545440303327,2,48
2018-09-12,11296.2,11301.6,11286.2,11286.45,13:15:00,11282.941112655391,2,49
2018-09-12,11296.05,11301.85,11292.5,11296.1,13:20:00,11284.189578116784,2,50
2018-09-12,11288.45,11298.7,11288.3,11296.8,13:25:00,11284.595332581854,2,51
2018-09-12,11294.25,11294.3,11282.25,11289.6,13:30:00,11285.514824716916,2,52
2018-09-12,11294.0,11295.65,11284.15,11295.35,13:35:00,11286.322936648638,2,53
2018-09-12,11301.85,11303.9,11292.8,11295.25,13:40:00,11287.801704586862,2,54
2018-09-12,11326.05,11326.05,11302.25,11303.05,13:45:00,11291.444399388112,2,55
2018-09-12,11328.85,11332.8,11315.95,11325.75,13:50:00,11295.006837541629,2,56
2018-09-12,11338.35,11339.55,11328.2,11329.1,13:55:00,11299.13475777576,2,57
2018-09-12,11361.95,11368.65,11338.65,11338.65,14:00:00,11305.117161797116,2,58
2018-09-12,11346.15,11363.95,11337.3,11363.7,14:05:00,11309.025051149772,2,59
2018-09-12,11353.35,11353.35,11340.55,11346.9,14:10:00,11313.246474849791,2,60
2018-09-12,11354.9,11366.65,11353.9,11356.05,14:15:00,11317.21347724505,2,61
2018-09-12,11377.7,11378.35,11355.9,11356.15,14:20:00,11322.974098459808,2,62
2018-09-12,11368.6,11380.75,11364.95,11380.35,14:25:00,11327.319422416018,2,63
2018-09-12,11357.05,11377.95,11356.7,11369.75,14:30:00,11330.150905995444,2,64
2018-09-12,11358.55,11364.35,11349.4,11359.65,14:35:00,11332.855581614926,2,65
2018-09-12,11370.9,11371.15,11351.15,11358.7,14:40:00,11336.478859556362,2,66
2018-09-12,11363.1,11373.3,11360.7,11371.85,14:45:00,11339.01420626528,2,67
2018-09-12,11360.65,11367.95,11360.65,11364.4,14:50:00,11341.07475804954,2,68
2018-09-12,11363.8,11370.05,11360.05,11361.1,14:55:00,11343.239066806727,2,69
2018-09-12,11353.0,11363.65,11347.65,11363.65,15:00:00,11344.1686794918,2,70
2018-09-12,11363.95,11366.4,11353.0,11353.25,15:05:00,11346.052614778297,2,71
2018-09-12,11366.2,11373.05,11363.75,11363.75,15:10:00,11347.971413370838,2,72
2018-09-12,11374.25,11375.65,11365.4,11366.85,15:15:00,11350.474135906949,2,73
2018-09-12,11374.2,11378.8,11373.2,11373.65,15:20:00,11352.733742011049,2,74
2018-09-12,11370.85,11375.8,11367.5,11374.1,15:25:00,11354.45909991476,2,75
2018-09-14,11435.4,11484.8,11435.4,11440.9,09:15:00,11362.167757065734,4,1
2018-09-14,11440.6,11449.85,11434.4,11435.7,09:20:00,11369.637494488046,4,2
2018-09-14,11445.2,11448.9,11437.95,11440.65,09:25:00,11376.833923584423,4,3
2018-09-14,11446.2,11451.65,11441.75,11446.7,09:30:00,11383.440216576384,4,4
2018-09-14,11433.7,11447.05,11430.55,11446.4,09:35:00,11388.226862616728,4,5
2018-09-14,11438.25,11442.6,11432.75,11432.75,09:40:00,11392.990970938945,4,6
2018-09-14,11443.2,11449.95,11438.2,11438.3,09:45:00,11397.772783230475,4,7
2018-09-14,11441.55,11449.4,11441.55,11443.1,09:50:00,11401.94204197043,4,8
2018-09-14,11452.6,11454.55,11440.3,11441.35,09:55:00,11406.766609401817,4,9
2018-09-14,11456.05,11457.25,11449.7,11452.15,10:00:00,11411.460265649264,4,10
2018-09-14,11458.15,11464.85,11454.25,11455.95,10:05:00,11415.906907016,4,11
2018-09-14,11455.45,11460.8,11454.95,11458.45,10:10:00,11419.67291587162,4,12
2018-09-14,11455.15,11459.35,11449.95,11455.4,10:15:00,11423.051685788609,4,13
2018-09-14,11453.7,11456.95,11450.5,11455.55,10:20:00,11425.97057285636,4,14
2018-09-14,11458.5,11458.95,11452.05,11453.75,10:25:00,11429.068613536709,4,15
2018-09-14,11458.95,11461.5,11455.4,11458.25,10:30:00,11431.914459866544,4,16
2018-09-14,11459.4,11464.65,11458.75,11458.75,10:35:00,11434.532130355445,4,17
2018-09-14,11459.85,11462.45,11458.35,11459.25,10:40:00,11436.943356035878,4,18
2018-09-14,11462.2,11463.3,11458.7,11459.6,10:45:00,11439.348750699128,4,19
2018-09-14,11458.45,11463.2,11457.2,11462.35,10:50:00,11441.16791729921,4,20
2018-09-14,11455.6,11461.05,11455.2,11458.8,10:55:00,11442.542401365952,4,21
2018-09-14,11462.85,11462.85,11455.35,11455.8,11:00:00,11444.47645837872,4,22
2018-09-14,11465.5,11466.45,11460.35,11463.25,11:05:00,11446.47870043789,4,23
2018-09-14,11461.5,11466.2,11459.9,11465.1,11:10:00,11447.909300396186,4,24
2018-09-14,11463.6,11464.95,11461.25,11461.35,11:15:00,11449.403652739406,4,25
2018-09-14,11460.05,11464.15,11457.9,11463.85,11:20:00,11450.417590573748,4,26
2018-09-14,11453.75,11460.25,11453.55,11459.1,11:25:00,11450.734962900056,4,27
2018-09-14,11447.15,11454.0,11444.1,11453.9,11:30:00,11450.393537861955,4,28
2018-09-14,11438.3,11447.45,11437.8,11446.95,11:35:00,11449.241772351295,4,29
2018-09-14,11446.35,11446.6,11433.15,11438.5,11:40:00,11448.966365460696,4,30
2018-09-14,11447.5,11447.5,11440.5,11445.95,11:45:00,11448.826711607297,4,31
2018-09-14,11438.2,11447.45,11436.1,11446.9,11:50:00,11447.814643835174,4,32
2018-09-14,11445.8,11446.45,11437.95,11438.65,11:55:00,11447.622772993727,4,33
2018-09-14,11454.7,11454.7,11445.15,11445.95,12:00:00,11448.296794613372,4,34
2018-09-14,11447.9,11456.9,11447.5,11454.45,12:05:00,11448.259004650194,4,35
2018-09-14,11450.0,11450.85,11444.35,11448.2,12:10:00,11448.424813731128,4,36
2018-09-14,11455.65,11457.6,11450.05,11450.15,12:15:00,11449.112926709116,4,37
2018-09-14,11458.3,11459.75,11454.15,11456.15,12:20:00,11449.987886070152,4,38
2018-09-14,11462.35,11463.55,11458.2,11459.35,12:25:00,11451.165230253946,4,39
2018-09-14,11461.85,11463.95,11457.1,11463.55,12:30:00,11452.18282737262,4,40
2018-09-14,11463.25,11465.65,11461.1,11463.45,12:35:00,11453.236843813322,4,41
2018-09-14,11461.2,11464.4,11460.05,11464.4,12:40:00,11453.995239640624,4,42
2018-09-14,11463.0,11465.5,11459.35,11461.3,12:45:00,11454.852835865328,4,43
2018-09-14,11461.75,11465.55,11461.1,11463.95,12:50:00,11455.509708640058,4,44
2018-09-14,11466.85,11467.45,11461.8,11462.55,12:55:00,11456.589736388623,4,45
2018-09-14,11472.8,11472.95,11467.0,11467.0,13:00:00,11458.13357101828,4,46
2018-09-14,11481.3,11481.6,11472.8,11473.8,13:05:00,11460.339897587968,4,47
2018-09-14,11481.75,11485.3,11479.15,11482.45,13:10:00,11462.378954960544,4,48
2018-09-14,11488.4,11491.25,11482.55,11482.9,13:15:00,11464.857149726206,4,49
2018-09-14,11489.6,11492.1,11484.4,11488.95,13:20:00,11467.213611657044,4,50
2018-09-14,11482.0,11492.85,11479.7,11491.2,13:25:00,11468.621839118276,4,51
2018-09-14,11484.05,11487.25,11480.9,11484.45,13:30:00,11470.09118777368,4,52
2018-09-14,11488.0,11492.75,11482.8,11484.15,13:35:00,11471.796788938093,4,53
2018-09-14,11490.35,11491.05,11485.1,11488.15,13:40:00,11473.56376142018,4,54
2018-09-14,11488.8,11491.75,11482.5,11491.6,13:45:00,11475.014831761117,4,55
2018-09-14,11490.4,11494.55,11486.95,11489.8,13:50:00,11476.480085879102,4,56
2018-09-14,11486.15,11492.7,11486.15,11491.75,13:55:00,11477.401030081091,4,57
2018-09-14,11479.25,11487.4,11479.25,11486.6,14:00:00,11477.57712245432,4,58
2018-09-14,11486.2,11487.2,11472.85,11480.8,14:05:00,11478.398348887242,4,59
2018-09-14,11493.45,11493.45,11486.25,11487.55,14:10:00,11479.831839469409,4,60
2018-09-14,11491.5,11499.15,11491.5,11494.9,14:15:00,11480.943092853277,4,61
2018-09-14,11486.1,11491.6,11485.6,11491.3,14:20:00,11481.434226867248,4,62
2018-09-14,11484.2,11487.85,11479.85,11486.2,14:25:00,11481.697633832271,4,63
2018-09-14,11484.8,11488.35,11482.8,11484.35,14:30:00,11481.993097276818,4,64
2018-09-14,11483.45,11487.85,11481.65,11484.55,14:35:00,11482.13184991712,4,65
2018-09-14,11489.75,11494.7,11483.25,11483.5,14:40:00,11482.857388020251,4,66
2018-09-14,11491.95,11495.05,11489.7,11490.2,14:45:00,11483.723351065944,4,67
2018-09-14,11491.75,11493.2,11486.9,11491.75,14:50:00,11484.487793821569,4,68
2018-09-14,11490.25,11493.05,11488.8,11491.95,14:55:00,11485.03657536237,4,69
2018-09-14,11516.5,11523.25,11490.25,11490.45,15:00:00,11488.033091994526,4,70
2018-09-14,11513.6,11520.7,11512.5,11516.9,15:05:00,11490.468035614094,4,71
2018-09-14,11515.7,11516.6,11511.9,11513.05,15:10:00,11492.871079841325,4,72
2018-09-14,11518.25,11518.25,11510.8,11515.8,15:15:00,11495.288119856436,4,73
2018-09-14,11518.35,11518.7,11513.05,11518.3,15:20:00,11497.48448939392,4,74
2018-09-14,11510.95,11519.2,11509.7,11518.0,15:25:00,11498.76691897545,4,75
2018-09-17,11429.75,11455.5,11417.7,11455.5,09:15:00,11492.193879073026,0,1
2018-09-17,11430.85,11433.9,11421.85,11427.55,09:20:00,11486.351604875594,0,2
2018-09-17,11421.25,11440.15,11418.75,11430.7,09:25:00,11480.1514520303,0,3
2018-09-17,11403.65,11421.75,11401.8,11421.2,09:30:00,11472.865599455983,0,4
2018-09-17,11414.05,11417.7,11401.4,11403.5,09:35:00,11467.26411379351,0,5
2018-09-17,11414.25,11421.75,11412.15,11414.15,09:40:00,11462.21515057508,0,6
2018-09-17,11408.65,11414.6,11403.55,11413.2,09:45:00,11457.113707663168,0,7
2018-09-17,11408.55,11414.7,11401.2,11408.7,09:50:00,11452.488592647627,0,8
2018-09-17,11411.65,11413.8,11403.95,11407.75,09:55:00,11448.59920287166,0,9
2018-09-17,11417.7,11418.7,11408.8,11412.3,10:00:00,11445.656421645788,0,10
2018-09-17,11417.9,11420.45,11414.7,11417.5,10:05:00,11443.012952917616,0,11
2018-09-17,11418.95,11422.4,11415.4,11417.8,10:10:00,11440.72124311594,0,12
2018-09-17,11416.9,11419.4,11415.0,11418.55,10:15:00,11438.452553295374,0,13
2018-09-17,11412.2,11418.3,11411.25,11416.55,10:20:00,11435.952310124389,0,14
2018-09-17,11409.5,11412.8,11407.05,11412.8,10:25:00,11433.433042493492,0,15
2018-09-17,11406.2,11409.5,11402.4,11408.95,10:30:00,11430.839419398875,0,16
2018-09-17,11388.3,11406.3,11385.95,11405.8,10:35:00,11426.788046122792,0,17
2018-09-17,11392.7,11396.0,11387.05,11388.1,10:40:00,11423.541565539668,0,18
2018-09-17,11394.2,11398.6,11390.3,11392.65,10:45:00,11420.747130726366,0,19
2018-09-17,11392.15,11395.95,11390.6,11394.1,10:50:00,11418.023594466713,0,20
2018-09-17,11381.25,11395.35,11381.25,11392.0,10:55:00,11414.521347374644,0,21
2018-09-17,11381.9,11389.7,11378.95,11381.2,11:00:00,11411.414552386585,0,22
2018-09-17,11387.05,11389.05,11380.25,11382.4,11:05:00,11409.094118825957,0,23
2018-09-17,11381.3,11387.7,11381.05,11386.8,11:10:00,11406.44705989015,0,24
2018-09-17,11387.6,11387.6,11373.9,11381.25,11:15:00,11404.652101805374,0,25
2018-09-17,11389.25,11390.8,11382.85,11388.25,11:20:00,11403.185234966768,0,26
2018-09-17,11392.6,11394.35,11388.8,11388.8,11:25:00,11402.177117350886,0,27
2018-09-17,11403.25,11404.8,11393.4,11393.4,11:30:00,11402.2792966508,0,28
2018-09-17,11398.15,11408.45,11397.9,11404.65,11:35:00,11401.886030303103,0,29
2018-09-17,11395.25,11400.25,11395.25,11398.75,11:40:00,11401.254027417095,0,30
2018-09-17,11402.3,11403.2,11393.0,11395.0,11:45:00,11401.35364385356,0,31
2018-09-17,11406.85,11411.25,11401.4,11403.1,11:50:00,11401.877106343698,0,32
2018-09-17,11411.05,11414.75,11407.0,11408.0,11:55:00,11402.750715263346,0,33
2018-09-17,11406.2,11411.35,11404.1,11411.35,12:00:00,11403.079218571598,0,34
2018-09-17,11413.55,11415.4,11405.4,11406.6,12:05:00,11404.076435850491,0,35
2018-09-17,11412.3,11418.45,11410.7,11414.4,12:10:00,11404.85963243616,0,36
2018-09-17,11411.75,11416.25,11411.3,11412.5,12:15:00,11405.515857918432,0,37
2018-09-17,11411.3,11415.7,11409.4,11411.65,12:20:00,11406.066728592868,0,38
2018-09-17,11411.55,11416.45,11411.1,11411.65,12:25:00,11406.588944917356,0,39
2018-09-17,11411.55,11416.2,11410.25,11412.8,12:30:00,11407.061426353795,0,40
2018-09-17,11404.7,11413.0,11401.2,11412.8,12:35:00,11406.836528605816,0,41
2018-09-17,11403.9,11405.85,11398.4,11405.85,12:40:00,11406.556859214788,0,42
2018-09-17,11412.5,11413.3,11401.4,11405.55,12:45:00,11407.122872622902,0,43
2018-09-17,11403.0,11413.45,11402.3,11413.45,12:50:00,11406.730218087388,0,44
2018-09-17,11403.5,11406.85,11398.65,11404.95,12:55:00,11406.42257826954,0,45
2018-09-17,11406.15,11410.15,11403.1,11404.95,13:00:00,11406.396618434344,0,46
2018-09-17,11402.0,11407.55,11401.1,11406.95,13:05:00,11405.977892869168,0,47
2018-09-17,11412.2,11413.7,11404.1,11404.2,13:10:00,11406.570474500675,0,48
2018-09-17,11404.5,11414.15,11404.35,11414.05,13:15:00,11406.373286452994,0,49
2018-09-17,11393.0,11407.45,11392.95,11407.45,13:20:00,11405.099640124135,0,50
2018-09-17,11384.7,11395.95,11384.2,11395.05,13:25:00,11403.156817255172,0,51
2018-09-17,11379.3,11390.8,11377.65,11387.7,13:30:00,11400.884739421346,0,52
2018-09-17,11385.0,11387.4,11378.35,11384.4,13:35:00,11399.371907095505,0,53
2018-09-17,11394.1,11394.15,11385.5,11389.25,13:40:00,11398.869820705457,0,54
2018-09-17,11393.55,11400.05,11393.4,11396.1,13:45:00,11398.36317111446,0,55
2018-09-17,11406.4,11410.9,11394.45,11397.15,13:50:00,11399.128583389273,0,56
2018-09-17,11401.4,11411.3,11401.35,11408.9,13:55:00,11399.344908780771,0,57
2018-09-17,11414.8,11415.2,11401.3,11402.8,14:00:00,11400.81682223022,0,58
2018-09-17,11413.35,11418.1,11408.05,11414.9,14:05:00,11402.010458208297,0,59
2018-09-17,11404.85,11415.1,11404.85,11413.8,14:10:00,11402.280890759885,0,60
2018-09-17,11404.95,11407.05,11401.15,11407.05,14:15:00,11402.535091639897,0,61
2018-09-17,11406.5,11410.65,11404.0,11407.25,14:20:00,11402.912701959907,0,62
2018-09-17,11402.1,11408.6,11398.25,11408.6,14:25:00,11402.83530177325,0,63
2018-09-17,11394.5,11403.85,11391.3,11403.85,14:30:00,11402.04146350913,0,64
2018-09-17,11400.4,11400.9,11392.3,11395.25,14:35:00,11401.885133651116,0,65
2018-09-17,11397.0,11405.8,11395.7,11400.9,14:40:00,11401.4198828272,0,66
2018-09-17,11386.7,11397.75,11383.7,11397.45,14:45:00,11400.01798922461,0,67
2018-09-17,11384.85,11388.75,11384.4,11387.65,14:50:00,11398.573418822269,0,68
2018-09-17,11387.35,11387.7,11372.55,11385.25,14:55:00,11397.504521791574,0,69
2018-09-17,11384.7,11395.05,11384.05,11386.2,15:00:00,11396.28504352571,0,70
2018-09-17,11386.85,11388.45,11383.65,11384.75,15:05:00,11395.386467951834,0,71
2018-09-17,11376.7,11386.9,11374.35,11386.9,15:10:00,11393.606804337374,0,72
2018-09-17,11377.85,11378.45,11369.2,11376.65,15:15:00,11392.106156305244,0,73
2018-09-17,11373.2,11379.85,11372.55,11379.85,15:20:00,11390.305569990458,0,74
2018-09-17,11372.05,11374.15,11366.9,11374.0,15:25:00,11388.56694427708,0,75
2018-09-18,11396.3,11396.3,11360.2,11374.1,09:15:00,11389.3034257745,1,1
2018-09-18,11407.3,11407.3,11396.0,11396.55,09:20:00,11391.017385224548,1,2
2018-09-18,11400.15,11411.45,11399.25,11407.9,09:25:00,11391.887158060306,1,3
2018-09-18,11397.2,11400.3,11392.0,11399.35,09:30:00,11392.393143006944,1,4
2018-09-18,11386.15,11396.55,11381.2,11396.55,09:35:00,11391.798557958664,1,5
2018-09-18,11376.35,11391.3,11374.6,11386.75,09:40:00,11390.327266724506,1,6
2018-09-18,11365.75,11376.75,11359.8,11375.65,09:45:00,11387.986574655506,1,7
2018-09-18,11370.9,11371.55,11360.5,11365.25,09:50:00,11386.359281831174,1,8
2018-09-18,11377.9,11382.3,11361.85,11370.6,09:55:00,11385.553635942491,1,9
2018-09-18,11380.25,11385.25,11377.2,11377.25,10:00:00,11385.048527757494,1,10
2018-09-18,11375.3,11384.0,11375.3,11380.2,10:05:00,11384.120096542494,1,11
2018-09-18,11377.4,11381.85,11368.65,11375.4,10:10:00,11383.480087347973,1,12
2018-09-18,11381.9,11383.5,11373.6,11377.2,10:15:00,11383.32960283864,1,13
2018-09-18,11379.2,11381.9,11376.5,11381.3,10:20:00,11382.9363073302,1,14
2018-09-18,11359.6,11382.3,11358.75,11378.65,10:25:00,11380.71380187018,1,15
2018-09-18,11354.8,11365.2,11347.9,11359.25,10:30:00,11378.245820739688,1,16
2018-09-18,11346.3,11358.15,11345.95,11354.5,10:35:00,11375.20336162162,1,17
2018-09-18,11350.4,11352.85,11342.65,11345.7,10:40:00,11372.841136705276,1,18
2018-09-18,11352.9,11357.7,11350.1,11350.5,10:45:00,11370.941980828584,1,19
2018-09-18,11357.5,11357.5,11351.0,11352.55,10:50:00,11369.661792178242,1,20
2018-09-18,11345.35,11358.4,11345.25,11357.45,10:55:00,11367.34638339936,1,21
2018-09-18,11343.55,11345.65,11335.65,11345.15,11:00:00,11365.080061170853,1,22
2018-09-18,11344.35,11347.65,11340.2,11344.1,11:05:00,11363.105769630767,1,23
2018-09-18,11349.15,11350.15,11343.2,11344.45,11:10:00,11361.776648713552,1,24
2018-09-18,11355.75,11356.95,11349.25,11349.55,11:15:00,11361.202682169403,1,25
2018-09-18,11362.2,11364.7,11353.15,11355.6,11:20:00,11361.297664819938,1,26
2018-09-18,11376.0,11379.9,11361.25,11362.3,11:25:00,11362.69788721804,1,27
2018-09-18,11379.05,11380.25,11372.9,11376.25,11:30:00,11364.255231292513,1,28
2018-09-18,11388.55,11391.95,11379.45,11379.45,11:35:00,11366.569018788465,1,29
2018-09-18,11382.6,11391.25,11382.55,11388.3,11:40:00,11368.095778903848,1,30
2018-09-18,11386.85,11390.95,11381.5,11383.05,11:45:00,11369.88189519872,1,31
2018-09-18,11392.2,11395.25,11385.9,11387.0,11:50:00,11372.007428989318,1,32
2018-09-18,11388.15,11392.15,11385.7,11392.05,11:55:00,11373.544816704622,1,33
2018-09-18,11378.95,11389.65,11378.95,11388.2,12:00:00,11374.059596066088,1,34
2018-09-18,11384.1,11384.5,11375.55,11378.35,12:05:00,11375.015825012177,1,35
2018-09-18,11378.35,11386.8,11378.15,11384.55,12:10:00,11375.333365487206,1,36
2018-09-18,11389.2,11390.0,11379.65,11380.45,12:15:00,11376.653997345566,1,37
2018-09-18,11387.05,11390.55,11385.65,11390.55,12:20:00,11377.644092836465,1,38
2018-09-18,11385.4,11388.75,11382.25,11387.35,12:25:00,11378.382750661563,1,39
2018-09-18,11368.3,11386.6,11364.3,11386.6,12:30:00,11377.422488693795,1,40
2018-09-18,11368.7,11374.05,11367.2,11370.6,12:35:00,11376.591775484863,1,41
2018-09-18,11361.05,11370.75,11360.45,11370.75,12:40:00,11375.111606391069,1,42
2018-09-18,11364.5,11371.95,11360.25,11361.75,12:45:00,11374.100977210966,1,43
2018-09-18,11372.5,11375.55,11363.85,11365.25,12:50:00,11373.948503190875,1,44
2018-09-18,11378.35,11382.6,11373.15,11373.5,12:55:00,11374.367693363172,1,45
2018-09-18,11379.7,11383.45,11376.9,11380.45,13:00:00,11374.87553209049,1,46
2018-09-18,11380.75,11385.65,11379.85,11379.95,13:05:00,11375.435005224728,1,47
2018-09-18,11366.1,11382.55,11365.45,11380.65,13:10:00,11374.545957108088,1,48
2018-09-18,11378.4,11379.4,11365.0,11365.8,13:15:00,11374.91300881208,1,49
2018-09-18,11375.7,11378.2,11373.15,11378.2,13:20:00,11374.987960353788,1,50
2018-09-18,11368.6,11376.2,11365.3,11375.4,13:25:00,11374.379583177237,1,51
2018-09-18,11370.7,11370.7,11364.5,11368.45,13:30:00,11374.029146684166,1,52
2018-09-18,11360.35,11372.6,11359.7,11370.45,13:35:00,11372.726370809483,1,53
2018-09-18,11352.65,11359.95,11348.6,11359.8,13:40:00,11370.814335494297,1,54
2018-09-18,11361.35,11361.35,11348.45,11352.35,13:45:00,11369.912970209123,1,55
2018-09-18,11364.65,11366.65,11359.85,11361.05,13:50:00,11369.411734951113,1,56
2018-09-18,11355.9,11370.95,11355.75,11364.35,13:55:00,11368.124903051006,1,57
2018-09-18,11360.75,11361.05,11353.55,11355.55,14:00:00,11367.422531331864,1,58
2018-09-18,11353.9,11364.55,11353.7,11360.9,14:05:00,11366.134671205018,1,59
2018-09-18,11364.05,11365.2,11352.0,11353.35,14:10:00,11365.936131090251,1,60
2018-09-18,11360.05,11366.55,11357.0,11364.15,14:15:00,11365.375547176896,1,61
2018-09-18,11357.45,11363.25,11357.35,11360.2,14:20:00,11364.620733160047,1,62
2018-09-18,11359.9,11362.05,11354.95,11357.0,14:25:00,11364.171139525755,1,63
2018-09-18,11339.9,11359.45,11336.85,11359.45,14:30:00,11361.859602428069,1,64
2018-09-18,11321.4,11347.3,11321.4,11339.4,14:35:00,11358.006306958729,1,65
2018-09-18,11328.3,11334.9,11320.25,11320.95,14:40:00,11355.17713486742,1,66
2018-09-18,11322.45,11332.45,11322.45,11328.5,14:45:00,11352.060264880049,1,67
2018-09-18,11311.15,11323.05,11301.5,11322.65,14:50:00,11348.164049177183,1,68
2018-09-18,11306.55,11313.35,11303.5,11310.8,14:55:00,11344.200806398409,1,69
2018-09-18,11284.75,11307.8,11280.6,11307.8,15:00:00,11338.538824836654,1,70
2018-09-18,11286.45,11288.0,11280.95,11285.05,15:05:00,11333.57798437602,1,71
2018-09-18,11275.85,11286.05,11275.8,11286.05,15:10:00,11328.080081102114,1,72
2018-09-18,11277.75,11280.9,11268.95,11275.05,15:15:00,11323.286740044769,1,73
2018-09-18,11274.05,11279.9,11273.2,11278.85,15:20:00,11318.597526707172,1,74
2018-09-18,11284.75,11286.05,11274.0,11274.3,15:25:00,11315.37395273506,1,75
2018-09-19,11295.95,11329.45,11294.7,11322.55,09:15:00,11313.52405247458,2,1
2018-09-19,11309.1,11309.1,11290.15,11296.45,09:20:00,11313.102714143668,2,2
2018-09-19,11312.7,11313.8,11304.35,11308.15,09:25:00,11313.0643604157,2,3
2018-09-19,11308.3,11312.9,11301.95,11312.55,09:30:00,11312.61061180468,2,4
2018-09-19,11301.95,11312.4,11300.0,11309.15,09:35:00,11311.59531544233,2,5
2018-09-19,11290.0,11302.35,11287.7,11301.45,09:40:00,11309.538618733535,2,6
2018-09-19,11283.05,11293.45,11280.75,11290.05,09:45:00,11307.015893139866,2,7
2018-09-19,11300.35,11301.85,11280.25,11283.75,09:50:00,11306.381046174163,2,8
2018-09-19,11310.55,11311.25,11298.6,11300.5,09:55:00,11306.778089395671,2,9
2018-09-19,11304.35,11315.65,11304.05,11310.65,10:00:00,11306.546842786562,2,10
2018-09-19,11301.85,11308.75,11300.2,11305.25,10:05:00,11306.099524425936,2,11
2018-09-19,11300.55,11309.0,11300.45,11302.4,10:10:00,11305.570998290134,2,12
2018-09-19,11307.65,11307.65,11300.1,11300.7,10:15:00,11305.768998452975,2,13
2018-09-19,11307.2,11309.3,11305.45,11307.4,10:20:00,11305.905284314598,2,14
2018-09-19,11316.75,11317.5,11305.1,11307.7,10:25:00,11306.938114379876,2,15
2018-09-19,11324.65,11332.05,11315.9,11316.9,10:30:00,11308.62496062941,2,16
2018-09-19,11323.25,11327.9,11319.7,11326.1,10:35:00,11310.017821521846,2,17
2018-09-19,11317.8,11323.35,11317.2,11322.55,10:40:00,11310.758981376908,2,18
2018-09-19,11318.05,11319.9,11315.6,11318.7,10:45:00,11311.453364102916,2,19
2018-09-19,11314.8,11318.05,11309.0,11317.95,10:50:00,11311.77209133121,2,20
2018-09-19,11310.35,11317.2,11309.85,11314.95,10:55:00,11311.636654061567,2,21
2018-09-19,11305.05,11312.05,11302.75,11310.2,11:00:00,11311.009353674752,2,22
2018-09-19,11310.4,11311.8,11304.65,11305.9,11:05:00,11310.951319991442,2,23
2018-09-19,11311.9,11317.85,11309.85,11310.3,11:10:00,11311.041670468449,2,24
2018-09-19,11312.5,11316.4,11310.7,11311.95,11:15:00,11311.180558995262,2,25
2018-09-19,11308.85,11314.75,11308.6,11312.6,11:20:00,11310.958600995711,2,26
2018-09-19,11316.4,11316.4,11307.6,11308.95,11:25:00,11311.476829472313,2,27
2018-09-19,11320.3,11322.15,11314.25,11316.5,11:30:00,11312.317131427331,2,28
2018-09-19,11322.1,11324.6,11319.1,11320.8,11:35:00,11313.248833196156,2,29
2018-09-19,11320.7,11322.7,11317.5,11322.15,11:40:00,11313.958468129857,2,30
2018-09-19,11320.35,11322.2,11319.4,11320.45,11:45:00,11314.567185450822,2,31
2018-09-19,11323.85,11324.0,11317.75,11320.65,11:50:00,11315.451263026936,2,32
2018-09-19,11320.25,11324.3,11317.9,11323.8,11:55:00,11315.9082855958,2,33
2018-09-19,11323.3,11325.25,11319.1,11320.15,12:00:00,11316.6122583962,2,34
2018-09-19,11320.3,11323.95,11317.3,11323.05,12:05:00,11316.963471882274,2,35
2018-09-19,11300.6,11321.45,11300.2,11320.8,12:10:00,11315.405045988724,2,36
2018-09-19,11297.15,11302.7,11294.55,11300.1,12:15:00,11313.666470180273,2,37
2018-09-19,11299.1,11305.8,11297.6,11297.9,12:20:00,11312.27918730596,2,38
2018-09-19,11291.85,11298.5,11289.95,11298.5,12:25:00,11310.333550419678,2,39
2018-09-19,11289.35,11296.05,11287.15,11291.6,12:30:00,11308.335117046376,2,40
2018-09-19,11294.7,11297.0,11288.25,11289.65,12:35:00,11307.036534470531,2,41
2018-09-19,11300.1,11304.3,11294.95,11295.05,12:40:00,11306.375912140003,2,42
2018-09-19,11298.25,11301.2,11293.25,11300.25,12:45:00,11305.60201574572,2,43
2018-09-19,11289.0,11304.5,11288.7,11298.85,12:50:00,11304.020871388984,2,44
2018-09-19,11285.5,11291.8,11285.15,11289.05,12:55:00,11302.256978875746,2,45
2018-09-19,11274.4,11285.55,11266.35,11285.55,13:00:00,11299.603933268532,2,46
2018-09-19,11268.75,11279.25,11266.95,11274.45,13:05:00,11296.665463433435,2,47
2018-09-19,11260.2,11273.75,11259.15,11269.1,13:10:00,11293.19256215406,2,48
2018-09-19,11276.5,11278.45,11260.0,11260.0,13:15:00,11291.602794329863,2,49
2018-09-19,11264.5,11276.55,11262.75,11276.55,13:20:00,11289.021575822258,2,50
2018-09-19,11274.35,11274.7,11262.7,11265.6,13:25:00,11287.624282886803,2,51
2018-09-19,11275.15,11282.0,11267.95,11274.6,13:30:00,11286.436255945206,2,52
2018-09-19,11272.5,11278.35,11267.65,11275.3,13:35:00,11285.108993474234,2,53
2018-09-19,11287.85,11287.85,11271.85,11272.6,13:40:00,11285.370041714785,2,54
2018-09-19,11293.85,11296.85,11288.1,11288.1,13:45:00,11286.177656789569,2,55
2018-09-19,11285.75,11295.0,11282.85,11294.5,13:50:00,11286.136927571511,2,56
2018-09-19,11279.1,11288.75,11279.1,11286.15,13:55:00,11285.466743993276,2,57
2018-09-19,11276.55,11279.25,11269.7,11279.25,14:00:00,11284.617530279633,2,58
2018-09-19,11272.35,11281.6,11271.35,11276.7,14:05:00,11283.449194062525,2,59
2018-09-19,11255.35,11273.55,11253.05,11273.2,14:10:00,11280.773080342282,2,60
2018-09-19,11241.85,11255.25,11240.95,11254.85,14:15:00,11277.066120309682,2,61
2018-09-19,11238.8,11252.5,11237.3,11241.75,14:20:00,11273.421727899236,2,62
2018-09-19,11233.35,11245.6,11232.6,11238.9,14:25:00,11269.605372861217,2,63
2018-09-19,11229.7,11233.85,11218.25,11233.6,14:30:00,11265.804861160148,2,64
2018-09-19,11216.45,11233.05,11214.85,11229.8,14:35:00,11261.104398192516,2,65
2018-09-19,11222.05,11226.1,11210.9,11215.6,14:40:00,11257.38493169799,2,66
2018-09-19,11215.6,11228.05,11212.7,11221.65,14:45:00,11253.40541439342,2,67
2018-09-19,11235.8,11236.95,11214.5,11215.25,14:50:00,11251.72870826071,2,68
2018-09-19,11251.15,11252.7,11235.9,11236.0,14:55:00,11251.67359318826,2,69
2018-09-19,11227.45,11257.45,11227.05,11251.1,15:00:00,11249.366584313188,2,70
2018-09-19,11228.25,11230.55,11222.75,11226.85,15:05:00,11247.355481045266,2,71
2018-09-19,11228.05,11228.65,11219.9,11228.65,15:10:00,11245.51686380286,2,72
2018-09-19,11237.4,11242.65,11227.25,11228.65,15:15:00,11244.74382915497,2,73
2018-09-19,11242.7,11247.9,11236.65,11238.3,15:20:00,11244.549178759258,2,74
2018-09-19,11236.35,11243.4,11231.85,11243.35,15:25:00,11243.76830459171,2,75
2018-09-21,11313.15,11314.05,11272.95,11272.95,09:15:00,11250.376085106784,4,1
2018-09-21,11324.1,11327.85,11312.55,11312.55,09:20:00,11257.397410334712,4,2
2018-09-21,11317.05,11324.3,11314.75,11324.3,09:25:00,11263.078609350454,4,3
2018-09-21,11323.95,11326.55,11314.35,11316.9,09:30:00,11268.875884650412,4,4
2018-09-21,11323.75,11326.7,11318.0,11323.55,09:35:00,11274.101990874182,4,5
2018-09-21,11336.55,11337.2,11321.35,11323.95,09:40:00,11280.049420314735,4,6
2018-09-21,11338.45,11346.8,11336.6,11336.6,09:45:00,11285.61138028476,4,7
2018-09-21,11339.3,11341.2,11333.75,11338.5,09:50:00,11290.724582162402,4,8
2018-09-21,11339.45,11341.55,11333.6,11339.95,09:55:00,11295.365098146936,4,9
2018-09-21,11340.55,11342.7,11334.75,11339.55,10:00:00,11299.66842213294,4,10
2018-09-21,11337.45,11343.1,11337.45,11340.25,10:05:00,11303.26666764409,4,11
2018-09-21,11325.25,11336.75,11324.25,11336.75,10:10:00,11305.360318344652,4,12
2018-09-21,11325.2,11330.5,11323.3,11326.05,10:15:00,11307.249811835638,4,13
2018-09-21,11315.15,11325.4,11310.4,11325.4,10:20:00,11308.002210708437,4,14
2018-09-21,11317.65,11317.95,11306.55,11314.4,10:25:00,11308.921047783822,4,15
2018-09-21,11317.85,11322.55,11314.0,11318.25,10:30:00,11309.771424185365,4,16
2018-09-21,11306.9,11317.5,11305.3,11317.5,10:35:00,11309.497955215327,4,17
2018-09-21,11315.25,11317.1,11306.9,11307.1,10:40:00,11310.045769004346,4,18
2018-09-21,11318.2,11320.9,11312.25,11315.35,10:45:00,11310.822362432502,4,19
2018-09-21,11326.55,11326.8,11314.05,11318.15,10:50:00,11312.320232677026,4,20
2018-09-21,11320.3,11329.15,11318.85,11326.75,10:55:00,11313.08021051731,4,21
2018-09-21,11332.15,11333.5,11320.0,11320.55,11:00:00,11314.896380944232,4,22
2018-09-21,11330.3,11335.5,11328.65,11332.3,11:05:00,11316.363392282878,4,23
2018-09-21,11328.7,11330.85,11319.4,11330.45,11:10:00,11317.538307303555,4,24
2018-09-21,11322.2,11329.85,11319.35,11328.8,11:15:00,11317.98227803655,4,25
2018-09-21,11314.1,11325.2,11313.95,11322.0,11:20:00,11317.612537271163,4,26
2018-09-21,11317.1,11317.1,11308.6,11314.15,11:25:00,11317.56372419772,4,27
2018-09-21,11298.4,11320.0,11293.45,11316.95,11:30:00,11315.73860760746,4,28
2018-09-21,11302.8,11306.5,11299.3,11299.6,11:35:00,11314.506359263893,4,29
2018-09-21,11296.2,11303.3,11293.9,11302.85,11:40:00,11312.762896476856,4,30
2018-09-21,11295.0,11306.1,11294.65,11296.25,11:45:00,11311.07119205049,4,31
2018-09-21,11287.3,11299.2,11286.7,11294.2,11:50:00,11308.807268998062,4,32
2018-09-21,11285.85,11287.75,11279.5,11287.1,11:55:00,11306.620862426818,4,33
2018-09-21,11287.65,11293.7,11284.05,11285.45,12:00:00,11304.814113624265,4,34
2018-09-21,11295.85,11301.9,11286.75,11287.3,12:05:00,11303.960388517193,4,35
2018-09-21,11295.15,11300.85,11292.8,11295.2,12:10:00,11303.121303896509,4,36
2018-09-21,11302.75,11303.9,11292.3,11295.35,12:15:00,11303.08594162065,4,37
2018-09-21,11292.4,11302.85,11291.8,11302.25,12:20:00,11302.068232894871,4,38
2018-09-21,11288.35,11292.95,11286.35,11292.2,12:25:00,11300.761734523934,4,39
2018-09-21,11275.75,11288.25,11275.3,11288.15,12:30:00,11298.379664569276,4,40
2018-09-21,11212.0,11275.25,11212.0,11275.05,12:35:00,11290.153029848392,4,41
2018-09-21,11183.1,11229.8,11182.2,11211.15,12:40:00,11279.957503196165,4,42
2018-09-21,11183.6,11208.0,11171.9,11179.05,12:45:00,11270.780598129864,4,43
2018-09-21,11181.5,11196.6,11180.15,11183.25,12:50:00,11262.277684022258,4,44
2018-09-21,11153.75,11180.6,11144.65,11180.6,12:55:00,11251.941714115375,4,45
2018-09-21,11065.65,11153.85,11065.65,11153.0,13:00:00,11234.199646104387,4,46
2018-09-21,10880.2,11064.9,10866.45,11064.9,13:05:00,11200.485394094449,4,47
2018-09-21,11104.9,11129.8,10880.3,10882.7,13:10:00,11191.382023228309,4,48
2018-09-21,11158.95,11159.5,11064.0,11105.65,13:15:00,11188.293259111328,4,49
2018-09-21,11129.15,11171.0,11117.9,11161.3,13:20:00,11182.66056776739,4,50
2018-09-21,11161.75,11164.5,11130.25,11130.8,13:25:00,11180.669085122878,4,51
2018-09-21,11146.8,11191.0,11130.5,11162.35,13:30:00,11177.443457968318,4,52
2018-09-21,11169.35,11176.45,11143.55,11146.45,13:35:00,11176.672652447529,4,53
2018-09-21,11148.75,11173.4,11141.0,11169.55,13:40:00,11174.01335221443,4,54
2018-09-21,11158.6,11159.4,11138.65,11149.4,13:45:00,11172.545413908294,4,55
2018-09-21,11154.1,11166.9,11147.85,11159.0,13:50:00,11170.78870782179,4,56
2018-09-21,11142.85,11162.85,11140.25,11155.15,13:55:00,11168.12787850543,4,57
2018-09-21,11111.25,11143.7,11104.1,11143.7,14:00:00,11162.710937695389,4,58
2018-09-21,11113.9,11132.0,11104.5,11111.75,14:05:00,11158.062276962495,4,59
2018-09-21,11074.4,11119.15,11074.4,11115.0,14:10:00,11150.094441061306,4,60
2018-09-21,11087.65,11097.6,11060.95,11073.2,14:15:00,11144.14735143642,4,61
2018-09-21,11082.95,11091.85,11071.5,11087.9,14:20:00,11138.319032252,4,62
2018-09-21,11059.6,11082.9,11053.55,11082.65,14:25:00,11130.821981561332,4,63
2018-09-21,11009.1,11065.8,11008.4,11059.35,14:30:00,11119.229411888824,4,64
2018-09-21,11031.0,11035.55,11008.25,11008.85,14:35:00,11110.826610756554,4,65
2018-09-21,11051.15,11064.5,11028.3,11030.6,14:40:00,11105.143124017835,4,66
2018-09-21,11069.55,11069.55,11042.65,11052.05,14:45:00,11101.753302682804,4,67
2018-09-21,11093.15,11108.25,11069.3,11069.3,14:50:00,11100.933940522536,4,68
2018-09-21,11113.35,11129.4,11091.6,11093.3,14:55:00,11102.116422377532,4,69
2018-09-21,11123.95,11126.45,11110.55,11113.15,15:00:00,11104.19581072253,4,70
2018-09-21,11139.85,11148.95,11123.3,11123.8,15:05:00,11107.591447796574,4,71
2018-09-21,11149.45,11151.4,11132.05,11141.1,15:10:00,11111.577976577852,4,72
2018-09-21,11143.35,11151.45,11136.6,11151.2,15:15:00,11114.603883570438,4,73
2018-09-21,11176.8,11176.8,11143.95,11144.65,15:20:00,11120.527323230395,4,74
2018-09-21,11160.25,11177.85,11156.5,11177.35,15:25:00,11124.310435303692,4,75
2018-09-24,11123.9,11170.15,11098.5,11157.85,09:15:00,11124.27134622715,0,1
2018-09-24,11092.2,11124.85,11080.45,11124.85,09:20:00,11121.216932300757,0,2
2018-09-24,11104.3,11121.65,11086.65,11091.25,09:25:00,11119.60579589116,0,3
2018-09-24,11104.6,11112.85,11088.75,11104.7,09:30:00,11118.176672472951,0,4
2018-09-24,11110.65,11120.75,11104.75,11104.75,09:35:00,11117.459846523148,0,5
2018-09-24,11093.4,11110.3,11084.3,11109.95,09:40:00,11115.168432568562,0,6
2018-09-24,11075.85,11099.75,11074.6,11092.15,09:45:00,11111.423819942986,0,7
2018-09-24,11076.35,11079.8,11063.3,11076.1,09:50:00,11108.083456138893,0,8
2018-09-24,11079.7,11092.25,11073.2,11076.3,09:55:00,11105.38026983995,0,9
2018-09-24,11075.95,11083.5,11069.35,11079.95,10:00:00,11102.577386998051,0,10
2018-09-24,11056.4,11080.85,11053.75,11076.1,10:05:00,11098.179540617284,0,11
2018-09-24,11044.05,11069.05,11041.5,11056.35,10:10:00,11093.02434627278,0,12
2018-09-24,11076.35,11077.35,11040.65,11044.1,10:15:00,11091.436313294422,0,13
2018-09-24,11089.7,11092.45,11072.9,11076.75,10:20:00,11091.270950123524,0,14
2018-09-24,11095.55,11101.05,11075.6,11089.5,10:25:00,11091.678478683189,0,15
2018-09-24,11090.7,11106.2,11088.1,11094.9,10:30:00,11091.58529023717,0,16
2018-09-24,11084.85,11105.95,11081.15,11090.35,10:35:00,11090.943834024109,0,17
2018-09-24,11086.1,11092.05,11079.35,11083.25,10:40:00,11090.482516498005,0,18
2018-09-24,11081.6,11092.0,11076.9,11086.05,10:45:00,11089.636562545811,0,19
2018-09-24,11075.4,11079.75,11067.55,11079.75,10:50:00,11088.280699446212,0,20
2018-09-24,11091.4,11091.4,11074.7,11075.7,10:55:00,11088.577775689431,0,21
2018-09-24,11079.8,11093.75,11077.1,11091.5,11:00:00,11087.741797052344,0,22
2018-09-24,11085.55,11093.55,11080.25,11080.25,11:05:00,11087.53305447593,0,23
2018-09-24,11082.4,11087.85,11075.55,11085.1,11:10:00,11087.044192144893,0,24
2018-09-24,11060.15,11082.0,11056.25,11081.9,11:15:00,11084.482840512044,0,25
2018-09-24,11060.65,11065.25,11053.8,11060.2,11:20:00,11082.213046177563,0,26
2018-09-24,11050.0,11061.75,11039.9,11060.95,11:25:00,11079.145137017797,0,27
2018-09-24,11040.7,11051.7,11034.45,11051.5,11:30:00,11075.483695397052,0,28
2018-09-24,11050.75,11050.75,11039.15,11040.9,11:35:00,11073.128105359236,0,29
2018-09-24,11051.85,11060.75,11048.3,11052.9,11:40:00,11071.101619134548,0,30
2018-09-24,11035.35,11052.05,11032.2,11052.0,11:45:00,11067.696703026497,0,31
2018-09-24,11020.85,11034.75,11018.0,11034.75,11:50:00,11063.23511226207,0,32
2018-09-24,11032.5,11040.65,11020.05,11020.05,11:55:00,11060.307958713302,0,33
2018-09-24,11015.75,11035.25,11011.1,11031.0,12:00:00,11056.064343597747,0,34
2018-09-24,11006.0,11016.6,11006.0,11015.65,12:05:00,11051.296310874151,0,35
2018-09-24,10987.35,11010.15,10987.35,11005.8,12:10:00,11045.206186028996,0,36
2018-09-24,10993.05,11004.45,10983.0,10986.65,12:15:00,11040.238930216712,0,37
2018-09-24,10994.2,11003.1,10990.35,10994.9,12:20:00,11035.854270196072,0,38
2018-09-24,10991.9,10998.5,10987.55,10994.15,12:25:00,11031.66814922502,0,39
2018-09-24,10961.6,10992.1,10946.05,10991.95,12:30:00,11024.994992155973,0,40
2018-09-24,10991.25,10997.4,10962.1,10962.1,12:35:00,11021.781183379211,0,41
2018-09-24,10997.05,11013.5,10991.35,10991.7,12:40:00,11019.425832581192,0,42
2018-09-24,10990.7,11009.2,10989.15,10998.7,12:45:00,11016.690039002033,0,43
2018-09-24,11001.6,11004.0,10989.35,10991.1,12:50:00,11015.252892430408,0,44
2018-09-24,11013.95,11023.75,11001.45,11001.45,12:55:00,11015.128807437037,0,45
2018-09-24,10998.75,11014.75,10991.65,11014.7,13:00:00,11013.568921014465,0,46
2018-09-24,11005.35,11009.6,10998.8,11000.1,13:05:00,11012.786166632131,0,47
2018-09-24,11016.1,11019.25,11004.25,11005.5,13:10:00,11013.101769810026,0,48
2018-09-24,10984.4,11019.1,10980.2,11016.2,13:15:00,11010.368267923355,0,49
2018-09-24,10967.75,10989.6,10967.25,10984.3,13:20:00,11006.309385263989,0,50
2018-09-24,10973.05,10981.85,10967.0,10968.0,13:25:00,11003.141824762655,0,51
2018-09-24,10966.95,10983.6,10964.2,10973.6,13:30:00,10999.69498430907,0,52
2018-09-24,10959.8,10968.25,10952.95,10967.7,13:35:00,10995.89546199392,0,53
2018-09-24,10981.65,10984.55,10953.95,10960.05,13:40:00,10994.538751327833,0,54
2018-09-24,10984.65,10985.5,10972.85,10982.45,13:45:00,10993.596965487086,0,55
2018-09-24,10980.65,10986.85,10977.25,10985.4,13:50:00,10992.363921154982,0,56
2018-09-24,10959.95,10981.5,10959.15,10979.85,13:55:00,10989.276881044983,0,57
2018-09-24,10943.9,10967.6,10943.6,10960.6,14:00:00,10984.955273326415,0,58
2018-09-24,10962.4,10962.9,10944.2,10944.45,14:05:00,10982.807152057232,0,59
2018-09-24,10964.15,10964.7,10951.85,10962.75,14:10:00,10981.030280432737,0,60
2018-09-24,10961.75,10977.15,10956.1,10963.25,14:15:00,10979.194063248666,0,61
2018-09-24,10952.8,10964.65,10948.4,10961.45,14:20:00,10976.68034293927,0,62
2018-09-24,10974.0,10974.0,10950.5,10952.85,14:25:00,10976.425072183149,0,63
2018-09-24,10997.2,11004.65,10967.4,10973.45,14:30:00,10978.403636737135,0,64
2018-09-24,11002.6,11010.55,10991.7,10997.15,14:35:00,10980.70805228598,0,65
2018-09-24,10991.05,11005.55,10990.4,11003.2,14:40:00,10981.692999687317,0,66
2018-09-24,10988.25,10995.3,10978.4,10991.4,14:45:00,10982.31747590757,0,67
2018-09-24,10986.65,10993.5,10985.6,10988.45,14:50:00,10982.730097249709,0,68
2018-09-24,11003.4,11013.65,10986.25,10986.6,14:55:00,10984.6986594164,0,69
2018-09-24,10992.15,11007.15,10984.9,11002.3,15:00:00,10985.408310900551,0,70
2018-09-24,10955.55,10992.2,10955.55,10991.3,15:05:00,10982.564662243358,0,71
2018-09-24,10960.65,10972.35,10953.65,10954.8,15:10:00,10980.477551553517,0,72
2018-09-24,10958.15,10963.1,10955.75,10960.15,15:15:00,10978.351118072227,0,73
2018-09-24,10957.95,10958.85,10951.6,10957.95,15:20:00,10976.4081544463,0,74
2018-09-24,10974.9,10974.9,10957.1,10957.1,15:25:00,10976.26452068951,0,75
2018-09-25,10930.8,10973.25,10927.65,10966.6,09:15:00,10971.934566338128,1,1
2018-09-25,10931.65,10943.55,10925.55,10929.95,09:20:00,10968.097940972591,1,2
2018-09-25,10922.15,10932.75,10917.0,10930.1,09:25:00,10963.721946594253,1,3
2018-09-25,10897.7,10922.15,10895.9,10921.3,09:30:00,10957.434142156704,1,4
2018-09-25,10896.75,10906.8,10893.85,10898.2,09:35:00,10951.654700046542,1,5
2018-09-25,10907.75,10910.05,10882.85,10895.7,09:40:00,10947.47330004211,1,6
2018-09-25,10917.85,10925.05,10908.0,10908.0,09:45:00,10944.652033371432,1,7
2018-09-25,10934.9,10940.6,10917.6,10918.55,09:50:00,10943.72326828844,1,8
2018-09-25,10959.75,10981.55,10934.7,10935.5,09:55:00,10945.24962368954,1,9
2018-09-25,10943.85,10962.7,10940.2,10959.1,10:00:00,10945.116326195295,1,10
2018-09-25,10942.0,10951.35,10929.2,10943.7,10:05:00,10944.819533224318,1,11
2018-09-25,10984.4,10984.95,10940.6,10942.5,10:10:00,10948.589101488667,1,12
2018-09-25,10983.25,10989.45,10965.35,10984.25,10:15:00,10951.890139442128,1,13
2018-09-25,11001.3,11003.9,10974.85,10981.9,10:20:00,10956.59584044764,1,14
2018-09-25,10999.6,11009.5,10992.15,11002.2,10:25:00,10960.691474690722,1,15
2018-09-25,10984.7,11002.55,10981.85,11000.15,10:30:00,10962.978000910653,1,16
2018-09-25,11004.25,11005.15,10979.95,10984.3,10:35:00,10966.90866749059,1,17
2018-09-25,11005.45,11010.7,10996.35,11004.45,10:40:00,10970.579270586724,1,18
2018-09-25,10995.3,11006.25,10991.25,11004.75,10:45:00,10972.93362576894,1,19
2018-09-25,11013.45,11014.7,10993.35,10995.7,10:50:00,10976.79232807666,1,20
2018-09-25,11016.85,11026.2,11011.15,11013.7,10:55:00,10980.607344450313,1,21
2018-09-25,11040.1,11041.35,11016.3,11016.9,11:00:00,10986.27331164552,1,22
2018-09-25,11031.55,11044.85,11025.75,11040.55,11:05:00,10990.58537720309,1,23
2018-09-25,11038.05,11042.95,11024.0,11031.25,11:10:00,10995.105817469464,1,24
2018-09-25,11029.75,11049.35,11027.9,11035.7,11:15:00,10998.405263424753,1,25
2018-09-25,11013.75,11029.8,11007.25,11029.8,11:20:00,10999.866666908109,1,26
2018-09-25,10972.5,11013.8,10970.1,11013.7,11:25:00,10997.260317678763,1,27
2018-09-25,10976.15,10987.5,10971.55,10972.1,11:30:00,10995.249811233169,1,28
2018-09-25,10997.1,11002.0,10974.65,10975.55,11:35:00,10995.426019687153,1,29
2018-09-25,10987.75,10997.3,10984.45,10997.3,11:40:00,10994.69497019314,1,30
2018-09-25,11003.1,11007.75,10987.45,10987.55,11:45:00,10995.495449222364,1,31
2018-09-25,10995.85,11008.15,10995.7,11002.55,11:50:00,10995.529215963092,1,32
2018-09-25,10987.05,10997.6,10984.95,10995.95,11:55:00,10994.721671585654,1,33
2018-09-25,10992.85,10995.3,10985.65,10987.95,12:00:00,10994.543417148923,1,34
2018-09-25,11000.65,11003.8,10992.1,10992.8,12:05:00,10995.124996468074,1,35
2018-09-25,10996.35,11002.9,10995.0,11000.45,12:10:00,10995.241663471112,1,36
2018-09-25,10992.6,10995.85,10986.05,10995.4,12:15:00,10994.990076473863,1,37
2018-09-25,10994.25,10997.0,10983.55,10991.5,12:20:00,10994.919593000162,1,38
2018-09-25,11009.75,11015.4,10990.8,10993.7,12:25:00,10996.332012714432,1,39
2018-09-25,11016.6,11016.6,11000.95,11008.95,12:30:00,10998.26229721782,1,40
2018-09-25,11004.35,11016.9,11002.5,11016.25,12:35:00,10998.842078435173,1,41
2018-09-25,11022.35,11022.5,10996.4,11004.85,12:40:00,11001.080928108013,1,42
2018-09-25,11032.8,11035.35,11022.85,11022.85,12:45:00,11004.101792097728,1,43
2018-09-25,11031.3,11033.8,11024.0,11033.3,12:50:00,11006.69209761223,1,44
2018-09-25,11017.25,11037.75,11017.25,11031.55,12:55:00,11007.69761212535,1,45
2018-09-25,11022.8,11032.4,11014.8,11017.05,13:00:00,11009.13593478008,1,46
2018-09-25,11003.15,11023.5,10998.2,11020.6,13:05:00,11008.565845753405,1,47
2018-09-25,10995.15,11009.45,10993.55,11003.75,13:10:00,11007.288146157842,1,48
2018-09-25,10987.35,10995.1,10967.4,10994.95,13:15:00,11005.389275095187,1,49
2018-09-25,10962.75,10987.85,10945.75,10986.25,13:20:00,11001.328391752792,1,50
2018-09-25,10966.5,10966.5,10946.65,10963.15,13:25:00,10998.01140206205,1,51
2018-09-25,10955.3,10976.7,10951.0,10965.85,13:30:00,10993.943649484712,1,52
2018-09-25,10933.55,10964.35,10928.85,10955.55,13:35:00,10988.19187334331,1,53
2018-09-25,10929.3,10940.6,10914.0,10933.9,13:40:00,10982.58312350109,1,54
2018-09-25,10921.55,10940.55,10919.35,10929.65,13:45:00,10976.770445072414,1,55
2018-09-25,10933.5,10933.5,10914.65,10921.9,13:50:00,10972.649450303612,1,56
2018-09-25,10929.9,10949.85,10926.5,10934.35,13:55:00,10968.57807408422,1,57
2018-09-25,10914.05,10935.1,10914.0,10931.6,14:00:00,10963.384924171436,1,58
2018-09-25,10920.15,10932.5,10909.9,10913.05,14:05:00,10959.267312345584,1,59
2018-09-25,11003.9,11004.75,10919.45,10920.55,14:10:00,10963.518044503147,1,60
2018-09-25,10984.25,11005.8,10981.65,11004.4,14:15:00,10965.49251645523,1,61
2018-09-25,10973.05,10993.3,10956.75,10984.05,14:20:00,10966.212276792829,1,62
2018-09-25,10970.45,10984.05,10963.3,10972.4,14:25:00,10966.615869479225,1,63
2018-09-25,10955.85,10974.4,10948.65,10969.95,14:30:00,10965.590548576442,1,64
2018-09-25,10986.3,10986.5,10955.5,10956.1,14:35:00,10967.562877283446,1,65
2018-09-25,10996.25,10997.75,10976.05,10986.45,14:40:00,10970.294984208833,1,66
2018-09-25,11022.4,11025.0,10993.55,10995.45,14:45:00,10975.257366665135,1,67
2018-09-25,11030.7,11043.45,11020.95,11021.8,14:50:00,10980.537617458933,1,68
2018-09-25,11033.15,11036.85,11015.7,11030.35,14:55:00,10985.54832055808,1,69
2018-09-25,11060.9,11068.2,11032.4,11032.55,15:00:00,10992.72467098112,1,70
2018-09-25,11056.45,11069.5,11048.55,11060.55,15:05:00,10998.7937499353,1,71
2018-09-25,11075.25,11078.25,11053.2,11057.0,15:10:00,11006.075297560508,1,72
2018-09-25,11063.55,11080.6,11062.65,11075.2,15:15:00,11011.549078745222,1,73
2018-09-25,11071.65,11073.15,11059.65,11063.15,15:20:00,11017.272976007582,1,74
2018-09-25,11078.2,11080.05,11068.75,11071.2,15:25:00,11023.075549721148,1,75
2018-09-26,11103.95,11138.6,11093.9,11136.95,09:15:00,11030.777878319132,2,1
2018-09-26,11092.25,11109.45,11074.7,11105.45,09:20:00,11036.632366098263,2,2
2018-09-26,11088.05,11099.9,11080.6,11093.05,09:25:00,11041.529283612714,2,3
2018-09-26,11103.15,11104.2,11083.6,11088.0,09:30:00,11047.397923268649,2,4
2018-09-26,11093.15,11102.05,11088.1,11102.05,09:35:00,11051.755263909728,2,5
2018-09-26,11066.3,11094.45,11064.85,11093.35,09:40:00,11053.140476870703,2,6
2018-09-26,11079.15,11079.85,11060.9,11066.25,09:45:00,11055.617574311593,2,7
2018-09-26,11074.2,11095.15,11074.2,11079.05,09:50:00,11057.38732913906,2,8
2018-09-26,11087.35,11092.15,11074.8,11074.8,09:55:00,11060.240916840105,2,9
2018-09-26,11095.05,11096.45,11085.6,11087.1,10:00:00,11063.556067617235,2,10
2018-09-26,11087.4,11100.05,11086.45,11095.55,10:05:00,11065.826918320356,2,11
2018-09-26,11087.3,11092.25,11081.15,11088.05,10:10:00,11067.871973718416,2,12
2018-09-26,11077.75,11092.45,11077.75,11087.4,10:15:00,11068.812738126186,2,13
2018-09-26,11070.1,11080.2,11068.9,11079.05,10:20:00,11068.93533449512,2,14
2018-09-26,11071.35,11077.6,11064.8,11070.2,10:25:00,11069.16530263844,2,15
2018-09-26,11050.25,11074.25,11049.2,11072.9,10:30:00,11067.363845244305,2,16
2018-09-26,11058.65,11063.35,11043.25,11050.75,10:35:00,11066.533955221035,2,17
2018-09-26,11059.4,11065.0,11056.8,11060.1,10:40:00,11065.854530914272,2,18
2018-09-26,11062.3,11065.0,11057.85,11059.3,10:45:00,11065.51600416053,2,19
2018-09-26,11062.35,11071.45,11060.4,11063.05,10:50:00,11065.214479954764,2,20
2018-09-26,11054.8,11063.6,11053.55,11063.6,10:55:00,11064.222624720978,2,21
2018-09-26,11055.2,11057.0,11052.8,11055.4,11:00:00,11063.363327128503,2,22
2018-09-26,11047.35,11065.0,11047.3,11055.85,11:05:00,11061.83824835436,2,23
2018-09-26,11045.0,11055.2,11041.2,11047.6,11:10:00,11060.234605653945,2,24
2018-09-26,11044.0,11051.3,11040.2,11044.75,11:15:00,11058.68845273452,2,25
2018-09-26,11034.3,11053.45,11027.35,11043.95,11:20:00,11056.36574295028,2,26
2018-09-26,11030.15,11036.45,11025.45,11034.1,11:25:00,11053.869005526443,2,27
2018-09-26,11013.4,11035.95,11007.1,11030.55,11:30:00,11050.014814523924,2,28
2018-09-26,11032.3,11032.35,11009.8,11013.6,11:35:00,11048.32768933117,2,29
2018-09-26,11040.2,11040.3,11022.65,11032.4,11:40:00,11047.553623680584,2,30
2018-09-26,11022.7,11042.55,11020.7,11040.3,11:45:00,11045.18661190148,2,31
2018-09-26,11028.45,11030.45,11019.3,11022.75,11:50:00,11043.592648863245,2,32
2018-09-26,11021.25,11028.95,11021.25,11028.15,11:55:00,11041.464777542937,2,33
2018-09-26,11024.55,11026.05,11018.05,11021.2,12:00:00,11039.853846348373,2,34
2018-09-26,11037.45,11042.3,11024.25,11024.45,12:05:00,11039.624908600908,2,35
2018-09-26,11029.7,11039.75,11029.7,11037.35,12:10:00,11038.679679210349,2,36
2018-09-26,11042.5,11042.55,11028.4,11029.65,12:15:00,11039.043519285551,2,37
2018-09-26,11038.6,11051.05,11037.85,11042.4,12:20:00,11039.001279353592,2,38
2018-09-26,11052.65,11054.05,11038.7,11038.8,12:25:00,11040.301157510394,2,39
2018-09-26,11047.75,11054.9,11042.25,11052.45,12:30:00,11041.010571080831,2,40
2018-09-26,11051.2,11052.35,11045.25,11047.9,12:35:00,11041.980992882656,2,41
2018-09-26,11032.3,11051.8,11028.45,11051.35,12:40:00,11041.058993560498,2,42
2018-09-26,11037.7,11042.75,11029.15,11032.7,12:45:00,11040.73908941188,2,43
2018-09-26,11031.5,11040.1,11031.05,11036.75,12:50:00,11039.859176134558,2,44
2018-09-26,11015.65,11031.95,11013.8,11031.95,12:55:00,11037.55354031222,2,45
2018-09-26,11007.45,11016.75,10993.05,11015.35,13:00:00,11034.686536472962,2,46
2018-09-26,11001.0,11014.95,11000.9,11007.1,13:05:00,11031.47829490411,2,47
2018-09-26,11007.3,11010.05,10998.65,11000.85,13:10:00,11029.17560015134,2,48
2018-09-26,11014.35,11016.95,11003.6,11007.05,13:15:00,11027.763638232163,2,49
2018-09-26,11016.85,11023.85,11013.65,11014.65,13:20:00,11026.724244114816,2,50
2018-09-26,11025.25,11026.4,11012.5,11017.05,13:25:00,11026.583839913405,2,51
2018-09-26,11031.1,11031.55,11015.8,11025.6,13:30:00,11027.013950397844,2,52
2018-09-26,11027.25,11030.9,11020.1,11030.85,13:35:00,11027.036431312334,2,53
2018-09-26,11013.9,11028.05,11009.3,11027.35,13:40:00,11025.78534261592,2,54
2018-09-26,11006.35,11016.9,10998.35,11014.35,13:45:00,11023.93435760488,2,55
2018-09-26,11010.65,11011.35,11000.35,11005.75,13:50:00,11022.669180690127,2,56
2018-09-26,11025.35,11027.55,11008.25,11011.5,13:55:00,11022.924496814878,2,57
2018-09-26,11012.55,11028.1,11008.0,11025.25,14:00:00,11021.936449499177,2,58
2018-09-26,11035.1,11035.4,11011.85,11012.9,14:05:00,11023.190120975443,2,59
2018-09-26,11046.2,11049.85,11034.35,11035.95,14:10:00,11025.381538025402,2,60
2018-09-26,11044.85,11062.15,11042.0,11046.45,14:15:00,11027.235677261078,2,61
2018-09-26,11043.55,11045.6,11034.3,11045.6,14:20:00,11028.789422283831,2,62
2018-09-26,11041.75,11057.3,11040.75,11044.05,14:25:00,11030.023763018708,2,63
2018-09-26,11031.55,11051.8,11026.7,11041.55,14:30:00,11030.169118921687,2,64
2018-09-26,11018.3,11032.05,11017.2,11031.75,14:35:00,11029.038726643432,2,65
2018-09-26,11019.6,11028.8,11017.05,11018.0,14:40:00,11028.139800296438,2,66
2018-09-26,11040.4,11041.0,11017.15,11019.45,14:45:00,11029.307438363445,2,67
2018-09-26,11041.3,11046.45,11036.75,11040.7,14:50:00,11030.449587090736,2,68
2018-09-26,11040.25,11053.45,11038.45,11041.65,14:55:00,11031.382959748762,2,69
2018-09-26,11043.3,11045.8,11033.05,11039.6,15:00:00,11032.517915963166,2,70
2018-09-26,11065.1,11068.9,11043.35,11043.35,15:05:00,11035.620971585722,2,71
2018-09-26,11061.95,11070.05,11054.0,11064.3,15:10:00,11038.128498101369,2,72
2018-09-26,11057.3,11069.0,11056.5,11061.4,15:15:00,11039.954355425043,2,73
2018-09-26,11044.3,11057.25,11040.0,11056.3,15:20:00,11040.368226336946,2,74
2018-09-26,11047.55,11049.2,11042.05,11044.05,15:25:00,11041.052204781046,2,75
2018-09-27,11055.6,11081.7,11042.5,11079.15,09:15:00,11042.437709087611,3,1
2018-09-27,11067.3,11077.5,11052.5,11055.0,09:20:00,11044.805546317364,3,2
2018-09-27,11074.8,11076.45,11064.35,11066.15,09:25:00,11047.662160953803,3,3
2018-09-27,11084.25,11089.05,11069.45,11075.4,09:30:00,11051.146717053443,3,4
2018-09-27,11071.55,11089.45,11071.55,11085.0,09:35:00,11053.089886857875,3,5
2018-09-27,11067.05,11077.2,11064.2,11071.4,09:40:00,11054.41942144284,3,6
2018-09-27,11062.85,11066.8,11053.35,11066.8,09:45:00,11055.22233368638,3,7
2018-09-27,11049.8,11063.45,11049.8,11063.45,09:50:00,11054.705920954344,3,8
2018-09-27,11061.7,11064.15,11048.0,11049.65,09:55:00,11055.372023720598,3,9
2018-09-27,11050.35,11063.9,11049.85,11062.7,10:00:00,11054.893735747208,3,10
2018-09-27,11056.0,11057.65,11044.25,11050.9,10:05:00,11054.999094247474,3,11
2018-09-27,11051.4,11056.75,11050.8,11056.15,10:10:00,11054.656323366762,3,12
2018-09-27,11054.4,11059.55,11051.15,11051.75,10:15:00,11054.631911617544,3,13
2018-09-27,11056.55,11056.55,11047.9,11054.3,10:20:00,11054.814586701588,3,14
2018-09-27,11056.15,11057.3,11048.9,11056.8,10:25:00,11054.941768920486,3,15
2018-09-27,11038.1,11056.45,11037.55,11056.35,10:30:00,11053.33779092806,3,16
2018-09-27,11035.0,11038.4,11028.25,11038.15,10:35:00,11051.591334649196,3,17
2018-09-27,11034.9,11041.75,11032.3,11035.1,10:40:00,11050.001683730225,3,18
2018-09-27,11028.25,11034.5,11024.25,11034.5,10:45:00,11047.930094803538,3,19
2018-09-27,11034.05,11036.25,11027.05,11028.4,10:50:00,11046.608181012723,3,20
2018-09-27,11030.5,11040.5,11027.35,11034.45,10:55:00,11045.074068535325,3,21
2018-09-27,11029.55,11032.3,11026.15,11030.35,11:00:00,11043.595585817671,3,22
2018-09-27,11022.4,11033.95,11021.2,11029.45,11:05:00,11041.576958596945,3,23
2018-09-27,11026.3,11026.4,11017.4,11021.6,11:10:00,11040.12201015914,3,24
2018-09-27,11021.95,11030.45,11020.85,11025.6,11:15:00,11038.391342524936,3,25
2018-09-27,11022.6,11026.6,11018.55,11021.8,11:20:00,11036.887405141608,3,26
2018-09-27,11028.05,11034.05,11021.85,11022.25,11:25:00,11036.045747509072,3,27
2018-09-27,11022.7,11028.05,11016.85,11027.9,11:30:00,11034.77472393678,3,28
2018-09-27,11011.6,11025.8,11007.35,11022.2,11:35:00,11032.567607371371,3,29
2018-09-27,11007.55,11016.1,11007.55,11011.65,11:40:00,11030.18497809791,3,30
2018-09-27,11019.85,11020.95,11003.4,11007.45,11:45:00,11029.200694469537,3,31
2018-09-27,11022.35,11024.0,11016.4,11019.65,11:50:00,11028.5482473772,3,32
2018-09-27,11017.55,11024.05,11015.35,11022.4,11:55:00,11027.500795246038,3,33
2018-09-27,11034.3,11036.95,11017.65,11017.95,12:00:00,11028.14833855594,3,34
2018-09-27,11031.75,11034.6,11026.55,11034.05,12:05:00,11028.491353931564,3,35
2018-09-27,11025.85,11034.25,11022.65,11031.9,12:10:00,11028.239796414273,3,36
2018-09-27,11030.4,11032.95,11024.35,11025.4,12:15:00,11028.445530089104,3,37
2018-09-27,11032.5,11033.2,11028.65,11029.95,12:20:00,11028.83167008062,3,38
2018-09-27,11016.8,11032.9,11016.05,11032.7,12:25:00,11027.685796739608,3,39
2018-09-27,11006.0,11019.15,11003.25,11016.1,12:30:00,11025.620482764409,3,40
2018-09-27,11011.9,11014.5,11005.85,11005.95,12:35:00,11024.313770120178,3,41
2018-09-27,11002.0,11018.45,11000.6,11011.8,12:40:00,11022.188649156353,3,42
2018-09-27,10999.25,11004.0,10986.8,11001.9,12:45:00,11020.004015903369,3,43
2018-09-27,10996.3,11006.6,10994.35,10999.15,12:50:00,11017.746490579237,3,44
2018-09-27,10992.3,10996.05,10982.85,10996.05,12:55:00,11015.323015285976,3,45
2018-09-27,11000.65,11002.6,10988.5,10991.5,13:00:00,11013.92558525874,3,46
2018-09-27,10990.75,11001.75,10990.75,10999.85,13:05:00,11011.71838666267,3,47
2018-09-27,10994.6,10994.75,10985.8,10989.95,13:10:00,11010.088064123369,3,48
2018-09-27,10987.7,10994.3,10986.8,10993.95,13:15:00,11007.95586754019,3,49
2018-09-27,10975.95,10987.5,10965.2,10987.2,13:20:00,11004.90768967922,3,50
2018-09-27,10971.95,10978.25,10971.85,10975.9,13:25:00,11001.768862090725,3,51
2018-09-27,10971.6,10972.15,10957.8,10972.05,13:30:00,10998.8956371297,3,52
2018-09-27,10979.4,10983.8,10970.2,10972.0,13:35:00,10997.038909784014,3,53
2018-09-27,10985.3,10989.85,10978.6,10979.3,13:40:00,10995.920918376014,3,54
2018-09-27,10980.9,10992.3,10980.85,10985.0,13:45:00,10994.490354721154,3,55
2018-09-27,10978.9,10984.0,10977.4,10980.65,13:50:00,10993.005559033423,3,56
2018-09-27,10988.35,10988.35,10974.7,10978.95,13:55:00,10992.562172458813,3,57
2018-09-27,10995.15,11003.6,10988.85,10988.85,14:00:00,10992.80863222464,3,58
2018-09-27,10999.2,11005.6,10993.55,10995.0,14:05:00,10993.41733391753,3,59
2018-09-27,10977.7,10999.4,10968.1,10999.4,14:10:00,10991.920444973004,3,60
2018-09-27,10976.75,10984.8,10973.8,10978.35,14:15:00,10990.47564068986,3,61
2018-09-27,10992.45,10994.15,10978.5,10978.55,14:20:00,10990.663674909874,3,62
2018-09-27,10979.65,10993.2,10978.7,10993.2,14:25:00,10989.614753489886,3,63
2018-09-27,10982.5,10986.45,10974.8,10979.7,14:30:00,10988.93715791942,3,64
2018-09-27,10971.9,10982.6,10966.85,10982.6,14:35:00,10987.314571450905,3,65
2018-09-27,10981.5,10984.05,10969.65,10972.05,14:40:00,10986.760802741295,3,66
2018-09-27,10982.9,10983.0,10972.5,10980.75,14:45:00,10986.393107242124,3,67
2018-09-27,10974.9,10985.4,10974.65,10983.9,14:50:00,10985.298525600016,3,68
2018-09-27,10974.1,10975.65,10953.35,10975.65,14:55:00,10984.231999352396,3,69
2018-09-27,10974.05,10978.6,10962.5,10975.25,15:00:00,10983.262285128358,3,70
2018-09-27,10977.2,10983.85,10972.4,10972.4,15:05:00,10982.684924639943,3,71
2018-09-27,10976.25,10979.25,10970.35,10976.9,15:10:00,10982.072074674235,3,72
2018-09-27,10977.7,10980.65,10973.0,10978.05,15:15:00,10981.655686610022,3,73
2018-09-27,10982.8,10984.1,10975.7,10977.5,15:20:00,10981.76466883764,3,74
2018-09-27,10986.85,10996.55,10981.7,10982.85,15:25:00,10982.248986091196,3,75
2018-09-28,11017.15,11034.1,11005.35,11005.35,09:15:00,10985.57289217775,4,1
2018-09-28,10995.9,11021.35,10980.45,11017.4,09:20:00,10986.55642625606,4,2
2018-09-28,10953.5,10995.65,10947.95,10995.35,09:25:00,10983.408195184056,4,3
2018-09-28,10945.7,10954.1,10920.75,10952.55,09:30:00,10979.816938499862,4,4
2018-09-28,10938.6,10954.35,10933.15,10946.8,09:35:00,10975.89151578559,4,5
2018-09-28,10955.6,10961.55,10937.5,10937.75,09:40:00,10973.958990472676,4,6
2018-09-28,10939.05,10959.75,10936.3,10956.25,09:45:00,10970.634324713374,4,7
2018-09-28,10977.9,10983.85,10939.35,10939.35,09:50:00,10971.32629378829,4,8
2018-09-28,10962.6,10983.7,10962.6,10978.15,09:55:00,10970.495218189404,4,9
2018-09-28,10959.1,10977.7,10958.25,10961.95,10:00:00,10969.409959314224,4,10
2018-09-28,10954.75,10958.85,10943.9,10957.25,10:05:00,10968.013772712868,4,11
2018-09-28,10939.6,10959.35,10932.5,10954.35,10:10:00,10965.307699121166,4,12
2018-09-28,10951.25,10953.05,10929.05,10940.25,10:15:00,10963.968870633436,4,13
2018-09-28,10950.55,10956.8,10946.15,10950.5,10:20:00,10962.69088295406,4,14
2018-09-28,10955.95,10971.95,10951.0,10951.0,10:25:00,10962.048894101292,4,15
2018-09-28,10984.35,10985.0,10955.0,10955.9,10:30:00,10964.172808948788,4,16
2018-09-28,10987.15,10987.25,10972.6,10984.4,10:35:00,10966.361112858429,4,17
2018-09-28,10987.6,10993.05,10981.4,10987.3,10:40:00,10968.383864014766,4,18
2018-09-28,10975.75,10996.95,10972.25,10987.35,10:45:00,10969.085400775264,4,19
2018-09-28,10981.25,10986.6,10975.25,10975.45,10:50:00,10970.243934034765,4,20
2018-09-28,10976.1,10984.7,10974.4,10981.4,10:55:00,10970.80165460288,4,21
2018-09-28,10983.1,10989.95,10974.35,10975.6,11:00:00,10971.972925593083,4,22
2018-09-28,10985.55,10985.55,10973.0,10982.9,11:05:00,10973.265980298504,4,23
2018-09-28,10990.25,10991.7,10985.35,10985.35,11:10:00,10974.88350598436,4,24
2018-09-28,11008.0,11010.3,10988.6,10990.2,11:15:00,10978.037457795372,4,25
2018-09-28,11005.7,11008.1,10999.45,11007.25,11:20:00,10980.671985624384,4,26
2018-09-28,10995.3,11006.15,10990.8,11005.5,11:25:00,10982.065129850633,4,27
2018-09-28,11010.45,11010.45,10995.95,10995.95,11:30:00,10984.76845081724,4,28
2018-09-28,11017.55,11024.25,11009.9,11009.9,11:35:00,10987.890503120358,4,29
2018-09-28,11021.0,11021.55,11011.55,11017.95,11:40:00,10991.043788537469,4,30
2018-09-28,11027.45,11027.65,11020.95,11020.95,11:45:00,10994.511046771991,4,31
2018-09-28,11018.8,11032.65,11018.8,11027.95,11:50:00,10996.824280412757,4,32
2018-09-28,11013.6,11023.95,11012.05,11018.4,11:55:00,10998.421967992492,4,33
2018-09-28,11006.5,11019.75,11004.2,11014.95,12:00:00,10999.19130437416,4,34
2018-09-28,11007.55,11013.45,11002.75,11007.15,12:05:00,10999.98737062424,4,35
2018-09-28,10993.0,11010.6,10989.5,11008.2,12:10:00,10999.321906755264,4,36
2018-09-28,10985.45,10997.9,10980.5,10993.6,12:15:00,10998.000772778574,4,37
2018-09-28,10990.6,10991.95,10981.75,10986.65,12:20:00,10997.295937275854,4,38
2018-09-28,11003.85,11005.05,10989.35,10991.55,12:25:00,10997.920133725773,4,39
2018-09-28,10991.8,11004.1,10991.15,11003.65,12:30:00,10997.337263847128,4,40
2018-09-28,10968.4,10992.0,10959.55,10992.0,12:35:00,10994.581333956929,4,41
2018-09-28,10974.65,10983.75,10964.55,10967.95,12:40:00,10992.683111675316,4,42
2018-09-28,10982.4,10985.25,10971.85,10974.75,12:45:00,10991.703767706236,4,43
2018-09-28,10971.0,10984.3,10970.15,10982.65,12:50:00,10989.731980305643,4,44
2018-09-28,10983.4,10984.7,10965.9,10971.1,12:55:00,10989.128934562248,4,45
2018-09-28,10993.2,10996.25,10978.45,10983.5,13:00:00,10989.51665508013,4,46
2018-09-28,10984.0,10995.0,10983.3,10993.35,13:05:00,10988.991259358212,4,47
2018-09-28,10987.2,10988.4,10979.75,10983.75,13:10:00,10988.820663228858,4,48
2018-09-28,10969.85,10987.85,10967.05,10987.3,13:15:00,10987.013933397538,4,49
2018-09-28,10975.45,10975.45,10964.3,10970.8,13:20:00,10985.912606407295,4,50
2018-09-28,10984.0,10989.3,10975.55,10975.7,13:25:00,10985.730453416129,4,51
2018-09-28,10983.55,10987.9,10978.5,10984.8,13:30:00,10985.522791186018,4,52
2018-09-28,10994.5,10998.85,10973.7,10983.95,13:35:00,10986.377763454017,4,53
2018-09-28,10974.55,10995.5,10973.05,10995.5,13:40:00,10985.251309791727,4,54
2018-09-28,10975.2,10983.7,10971.6,10974.9,13:45:00,10984.294042192516,4,55
2018-09-28,10924.55,10975.3,10923.95,10975.3,13:50:00,10978.604133412276,4,56
2018-09-28,10934.3,10941.2,10923.3,10925.65,13:55:00,10974.384692134916,4,57
2018-09-28,10889.55,10935.1,10879.05,10934.7,14:00:00,10966.305197645876,4,58
2018-09-28,10926.8,10933.75,10879.65,10890.05,14:05:00,10962.54279787008,4,59
2018-09-28,10914.05,10927.85,10904.95,10927.6,14:10:00,10957.924436168169,4,60
2018-09-28,10916.1,10920.1,10902.25,10914.4,14:15:00,10953.941156533105,4,61
2018-09-28,10925.4,10927.3,10904.0,10916.05,14:20:00,10951.222951149,4,62
2018-09-28,10915.55,10928.5,10911.6,10925.25,14:25:00,10947.825527230045,4,63
2018-09-28,10899.9,10926.55,10898.35,10917.2,14:30:00,10943.261191303374,4,64
2018-09-28,10916.25,10916.6,10893.75,10900.65,14:35:00,10940.688696893529,4,65
2018-09-28,10893.75,10914.9,10892.75,10914.9,14:40:00,10936.21834480843,4,66
2018-09-28,10895.45,10897.2,10873.7,10893.2,14:45:00,10932.335645302865,4,67
2018-09-28,10877.25,10895.2,10871.75,10895.2,14:50:00,10927.089393369257,4,68
2018-09-28,10872.55,10878.45,10850.3,10878.15,14:55:00,10921.895165429329,4,69
2018-09-28,10898.1,10898.1,10872.5,10872.5,15:00:00,10919.628959197964,4,70
2018-09-28,10925.85,10926.75,10894.65,10898.6,15:05:00,10920.221439274348,4,71
2018-09-28,10954.8,10954.8,10924.75,10925.9,15:10:00,10923.514635533937,4,72
2018-09-28,10948.7,10960.1,10937.7,10956.75,15:15:00,10925.91324167356,4,73
2018-09-28,10934.75,10950.1,10933.8,10950.1,15:20:00,10926.75483770465,4,74
2018-09-28,10933.1,10936.55,10926.65,10936.45,15:25:00,10927.359138875636,4,75
2018-10-01,10887.5,10915.8,10872.5,10915.8,09:15:00,10923.56303041129,0,1
2018-10-01,10886.0,10888.15,10855.6,10886.1,09:20:00,10919.985598943547,0,2
2018-10-01,10887.3,10888.1,10866.0,10885.4,09:25:00,10916.872684758448,0,3
2018-10-01,10902.8,10902.8,10882.55,10886.45,09:30:00,10915.532429067169,0,4
2018-10-01,10903.25,10930.7,10902.9,10902.95,09:35:00,10914.362673917913,0,5
2018-10-01,10909.75,10913.0,10894.4,10903.65,09:40:00,10913.923371640016,0,6
2018-10-01,10910.4,10919.8,10901.7,10909.1,09:45:00,10913.587812436206,0,7
2018-10-01,10905.05,10910.45,10892.25,10910.45,09:50:00,10912.77468744228,0,8
2018-10-01,10883.45,10906.25,10874.75,10904.8,09:55:00,10909.981860066826,0,9
2018-10-01,10888.85,10892.4,10876.35,10883.3,10:00:00,10907.969301965222,0,10
2018-10-01,10892.1,10898.9,10881.1,10888.55,10:05:00,10906.457939873297,0,11
2018-10-01,10883.65,10896.05,10883.35,10892.15,10:10:00,10904.28575512346,0,12
2018-10-01,10875.7,10884.15,10871.45,10883.6,10:15:00,10901.563302254555,0,13
2018-10-01,10890.65,10892.2,10870.3,10875.4,10:20:00,10900.523940135075,0,14
2018-10-01,10896.05,10899.4,10886.75,10891.55,10:25:00,10900.097850598402,0,15
2018-10-01,10884.5,10898.9,10884.5,10896.55,10:30:00,10898.612341017602,0,16
2018-10-01,10874.65,10884.2,10869.6,10884.2,10:35:00,10896.33021330164,0,17
2018-10-01,10885.55,10891.95,10874.55,10874.95,10:40:00,10895.303526320531,0,18
2018-10-01,10887.35,10891.05,10877.05,10885.35,10:45:00,10894.546047623338,0,19
2018-10-01,10886.1,10889.05,10879.7,10887.7,10:50:00,10893.7416621354,0,20
2018-10-01,10881.45,10892.5,10880.5,10885.75,10:55:00,10892.571027646316,0,21
2018-10-01,10862.0,10881.3,10858.45,10881.3,11:00:00,10889.65950120381,0,22
2018-10-01,10848.95,10870.1,10847.45,10861.05,11:05:00,10885.782405851069,0,23
2018-10-01,10862.55,10863.9,10848.35,10849.05,11:10:00,10883.569795770012,0,24
2018-10-01,10864.5,10866.25,10855.1,10862.95,11:15:00,10881.753624744297,0,25
2018-10-01,10853.85,10870.25,10851.35,10865.25,11:20:00,10879.096136673412,0,26
2018-10-01,10837.3,10860.75,10832.6,10854.15,11:25:00,10875.115552228324,0,27
2018-10-01,10845.3,10852.25,10834.3,10837.1,11:30:00,10872.275975825629,0,28
2018-10-01,10848.05,10849.95,10839.8,10845.5,11:35:00,10869.96874003271,0,29
2018-10-01,10835.1,10849.75,10833.85,10848.2,11:40:00,10866.64790764864,0,30
2018-10-01,10831.2,10835.7,10821.55,10834.95,11:45:00,10863.271916444008,0,31
2018-10-01,10836.9,10842.55,10829.25,10831.0,11:50:00,10860.760305354102,0,32
2018-10-01,10835.25,10837.2,10827.95,10836.35,11:55:00,10858.330752463236,0,33
2018-10-01,10853.5,10857.3,10834.35,10835.8,12:00:00,10857.87068080007,0,34
2018-10-01,10849.2,10854.25,10843.8,10853.75,12:05:00,10857.044901676254,0,35
2018-10-01,10857.0,10860.75,10849.3,10849.3,12:10:00,10857.040625326135,0,36
2018-10-01,10857.1,10858.35,10842.6,10856.9,12:15:00,10857.04628005698,0,37
2018-10-01,10848.2,10860.6,10846.75,10856.5,12:20:00,10856.20377719441,0,38
2018-10-01,10842.0,10852.35,10841.6,10849.1,12:25:00,10854.85103650923,0,39
2018-10-01,10855.55,10857.35,10837.8,10841.7,12:30:00,10854.917604460732,0,40
2018-10-01,10857.9,10859.65,10848.4,10856.1,12:35:00,10855.20164213114,0,41
2018-10-01,10875.1,10880.65,10856.2,10857.85,12:40:00,10857.096723832936,0,42
2018-10-01,10866.65,10876.45,10866.3,10875.95,12:45:00,10858.00655965837,0,43
2018-10-01,10892.65,10897.5,10859.1,10865.75,12:50:00,10861.305934929002,0,44
2018-10-01,10884.0,10898.7,10881.85,10892.85,12:55:00,10863.467274459574,0,45
2018-10-01,10883.55,10891.3,10874.3,10885.4,13:00:00,10865.379914987234,0,46
2018-10-01,10864.75,10884.1,10863.5,10883.9,13:05:00,10865.319923083687,0,47
2018-10-01,10865.95,10876.95,10863.65,10864.55,13:10:00,10865.37993040905,0,48
2018-10-01,10882.7,10886.25,10865.1,10867.6,13:15:00,10867.029460846285,0,49
2018-10-01,10882.35,10885.45,10874.45,10885.15,13:20:00,10868.488559813304,0,50
2018-10-01,10900.55,10902.9,10882.45,10882.45,13:25:00,10871.542030307275,0,51
2018-10-01,10900.7,10917.4,10898.25,10902.0,13:30:00,10874.31897980182,0,52
2018-10-01,10890.8,10903.85,10885.15,10902.0,13:35:00,10875.888600773074,0,53
2018-10-01,10891.7,10895.65,10883.4,10892.15,13:40:00,10877.394448318497,0,54
2018-10-01,10903.35,10906.1,10892.1,10893.4,13:45:00,10879.866405621497,0,55
2018-10-01,10917.15,10920.65,10899.35,10904.55,13:50:00,10883.417224133736,0,56
2018-10-01,10915.45,10926.95,10905.75,10917.1,13:55:00,10886.467964692429,0,57
2018-10-01,10924.7,10926.7,10914.15,10916.4,14:00:00,10890.109110912195,0,58
2018-10-01,10912.0,10927.9,10909.85,10925.6,14:05:00,10892.193957491989,0,59
2018-10-01,10926.75,10926.75,10901.9,10913.3,14:10:00,10895.485009159418,0,60
2018-10-01,10948.25,10957.65,10927.4,10928.15,14:15:00,10900.510246382331,0,61
2018-10-01,10950.05,10963.1,10939.25,10949.95,14:20:00,10905.228318155445,0,62
2018-10-01,10938.75,10951.55,10928.05,10951.55,14:25:00,10908.420859283497,0,63
2018-10-01,10949.35,10954.9,10934.85,10939.0,14:30:00,10912.318872685066,0,64
2018-10-01,10949.55,10953.75,10943.5,10949.4,14:35:00,10915.864694334108,0,65
2018-10-01,10975.25,10981.55,10950.65,10950.65,14:40:00,10921.52043773086,0,66
2018-10-01,10967.85,10986.65,10966.25,10974.1,14:45:00,10925.932776994588,0,67
2018-10-01,10961.4,10971.6,10955.55,10967.55,14:50:00,10929.310607757008,0,68
2018-10-01,10974.75,10976.3,10958.15,10961.55,14:55:00,10933.638168923007,0,69
2018-10-01,10977.25,10989.85,10975.0,10975.0,15:00:00,10937.791676644629,0,70
2018-10-01,10996.0,11000.9,10975.9,10977.05,15:05:00,10943.335326487995,0,71
2018-10-01,11006.9,11009.85,10994.5,10995.65,15:10:00,10949.38910491771,0,72
2018-10-01,11010.35,11014.3,11002.6,11007.4,15:15:00,10955.194904449356,0,73
2018-10-01,11034.75,11035.65,11007.9,11010.15,15:20:00,10962.771580216084,0,74
2018-10-01,11014.9,11035.15,11012.6,11034.85,15:25:00,10967.736191624075,0,75
2018-10-03,10947.4,10974.05,10937.7,10974.05,09:15:00,10965.7994114694,2,1
2018-10-03,10973.0,10974.95,10939.9,10946.9,09:20:00,10966.485181805649,2,2
2018-10-03,10966.15,10973.4,10950.55,10973.4,09:25:00,10966.45325972892,2,3
2018-10-03,10953.75,10974.65,10951.9,10965.4,09:30:00,10965.243425469023,2,4
2018-10-03,10929.4,10963.95,10927.1,10955.8,09:35:00,10961.829765900544,2,5
2018-10-03,10914.5,10929.05,10910.05,10929.05,09:40:00,10957.322169148112,2,6
2018-10-03,10931.15,10933.55,10910.85,10914.35,09:45:00,10954.829581610196,2,7
2018-10-03,10914.7,10933.0,10914.7,10930.45,09:50:00,10951.00771669494,2,8
2018-10-03,10919.15,10927.2,10912.85,10913.85,09:55:00,10947.973648438276,2,9
2018-10-03,10932.45,10934.6,10913.05,10919.75,10:00:00,10946.495205729869,2,10
2018-10-03,10928.65,10937.6,10926.8,10932.55,10:05:00,10944.795662327026,2,11
2018-10-03,10942.05,10944.2,10923.65,10928.45,10:10:00,10944.534170676834,2,12
2018-10-03,10927.85,10942.3,10922.0,10942.2,10:15:00,10942.945202040944,2,13
2018-10-03,10921.3,10930.45,10916.75,10927.4,10:20:00,10940.88375422752,2,14
2018-10-03,10910.75,10924.65,10901.2,10921.65,10:25:00,10938.01387287252,2,15
2018-10-03,10918.15,10918.6,10903.6,10911.25,10:30:00,10936.122075456087,2,16
2018-10-03,10914.9,10917.7,10909.8,10917.7,10:35:00,10934.100925412651,2,17
2018-10-03,10907.3,10915.3,10905.95,10914.75,10:40:00,10931.548456325732,2,18
2018-10-03,10911.0,10914.35,10900.4,10907.35,10:45:00,10929.591460485186,2,19
2018-10-03,10921.5,10925.5,10910.8,10911.35,10:50:00,10928.820845200882,2,20
2018-10-03,10928.85,10936.15,10920.7,10921.65,10:55:00,10928.823621848418,2,21
2018-10-03,10927.05,10935.45,10923.15,10927.6,11:00:00,10928.654705481902,2,22
2018-10-03,10912.95,10927.1,10912.95,10926.95,11:05:00,10927.159019245531,2,23
2018-10-03,10921.7,10921.7,10904.4,10913.3,11:10:00,10926.63911265072,2,24
2018-10-03,10913.1,10923.6,10910.15,10921.8,11:15:00,10925.34967335065,2,25
2018-10-03,10918.4,10922.45,10913.3,10913.45,11:20:00,10924.687799698208,2,26
2018-10-03,10924.9,10924.9,10913.45,10918.6,11:25:00,10924.70800925076,2,27
2018-10-03,10918.6,10926.65,10912.15,10925.8,11:30:00,10924.12629408402,2,28
2018-10-03,10921.35,10926.5,10912.6,10918.1,11:35:00,10923.861885123635,2,29
2018-10-03,10932.15,10933.95,10921.55,10921.55,11:40:00,10924.651229397576,2,30
2018-10-03,10943.4,10947.55,10929.5,10932.3,11:45:00,10926.436826597806,2,31
2018-10-03,10946.05,10950.45,10939.45,10943.25,11:50:00,10928.304747874206,2,32
2018-10-03,10953.35,10956.3,10941.35,10946.95,11:55:00,10930.690009981425,2,33
2018-10-03,10968.35,10968.35,10952.8,10953.65,12:00:00,10934.27667569748,2,34
2018-10-03,10967.55,10974.6,10963.35,10968.15,12:05:00,10937.44556372629,2,35
2018-10-03,10980.75,10982.75,10962.15,10967.15,12:10:00,10941.569795752355,2,36
2018-10-03,10972.95,10989.05,10972.95,10982.05,12:15:00,10944.558386633084,2,37
2018-10-03,10964.9,10973.9,10960.9,10973.9,12:20:00,10946.49568314422,2,38
2018-10-03,10971.55,10975.05,10965.65,10966.65,12:25:00,10948.881808559056,2,39
2018-10-03,10953.5,10972.9,10944.35,10972.9,12:30:00,10949.321636315335,2,40
2018-10-03,10950.35,10954.35,10937.95,10954.35,12:35:00,10949.419575713877,2,41
2018-10-03,10957.75,10963.6,10945.5,10950.8,12:40:00,10950.212949455414,2,42
2018-10-03,10948.6,10961.05,10948.0,10959.4,12:45:00,10950.059335221566,2,43
2018-10-03,10955.65,10958.15,10948.85,10950.25,12:50:00,10950.591779486178,2,44
2018-10-03,10948.8,10958.9,10941.6,10958.9,12:55:00,10950.421133820828,2,45
2018-10-03,10931.2,10950.05,10927.4,10949.55,13:00:00,10948.590549647415,2,46
2018-10-03,10945.9,10947.85,10930.95,10931.15,13:05:00,10948.334306823852,2,47
2018-10-03,10947.5,10955.8,10941.5,10946.95,13:10:00,10948.254849031104,2,48
2018-10-03,10956.6,10966.45,10947.75,10947.75,13:15:00,10949.049625313855,2,49
2018-10-03,10966.35,10967.85,10952.65,10956.35,13:20:00,10950.697280045868,2,50
2018-10-03,10962.4,10971.15,10958.5,10966.75,13:25:00,10951.811824803404,2,51
2018-10-03,10956.45,10962.15,10945.35,10962.15,13:30:00,10952.253555774509,2,52
2018-10-03,10963.25,10963.4,10954.4,10955.45,13:35:00,10953.300836176935,2,53
2018-10-03,10966.7,10968.55,10954.65,10963.45,13:40:00,10954.576947017227,2,54
2018-10-03,10957.8,10966.7,10949.95,10966.5,13:45:00,10954.88390444416,2,55
2018-10-03,10945.5,10958.35,10945.3,10958.05,13:50:00,10953.990199259,2,56
2018-10-03,10942.7,10945.15,10932.3,10944.5,13:55:00,10952.914942186711,2,57
2018-10-03,10949.9,10953.35,10942.25,10942.6,14:00:00,10952.627804835598,2,58
2018-10-03,10956.35,10956.35,10940.6,10950.35,14:05:00,10952.98229961316,2,59
2018-10-03,10948.2,10967.9,10945.75,10956.0,14:10:00,10952.526842507144,2,60
2018-10-03,10934.5,10953.85,10929.1,10948.1,14:15:00,10950.810000363606,2,61
2018-10-03,10919.5,10937.2,10919.5,10934.25,14:20:00,10947.828095567073,2,62
2018-10-03,10913.85,10923.85,10910.25,10919.05,14:25:00,10944.592086465444,2,63
2018-10-03,10909.4,10922.4,10905.0,10914.65,14:30:00,10941.240459183022,2,64
2018-10-03,10907.75,10925.65,10907.25,10908.35,14:35:00,10938.050891641782,2,65
2018-10-03,10887.85,10907.75,10886.4,10907.5,14:40:00,10933.269854342563,2,66
2018-10-03,10892.45,10898.6,10878.2,10885.9,14:45:00,10929.382249167084,2,67
2018-10-03,10875.25,10892.55,10865.1,10892.4,14:50:00,10924.226796865456,2,68
2018-10-03,10863.95,10883.5,10863.3,10875.6,14:55:00,10918.486149544937,2,69
2018-10-03,10878.3,10879.55,10853.75,10864.85,15:00:00,10914.658897207324,2,70
2018-10-03,10866.45,10879.3,10863.25,10878.15,15:05:00,10910.06757366377,2,71
2018-10-03,10859.65,10871.1,10859.65,10865.55,15:10:00,10905.265899981508,2,72
2018-10-03,10860.5,10863.55,10848.8,10859.9,15:15:00,10901.00248093565,2,73
2018-10-03,10854.0,10860.75,10849.55,10860.55,15:20:00,10896.526054179874,2,74
2018-10-03,10851.2,10855.2,10843.75,10853.7,15:25:00,10892.209287115124,2,75
2018-10-04,10693.9,10735.85,10663.65,10735.85,09:15:00,10873.322688342258,3,1
2018-10-04,10705.0,10747.3,10681.95,10693.1,09:20:00,10857.291956119185,3,2
2018-10-04,10708.35,10727.65,10696.15,10704.05,09:25:00,10843.10700791736,3,3
2018-10-04,10712.65,10724.8,10696.4,10706.9,09:30:00,10830.682530972848,3,4
2018-10-04,10702.3,10718.85,10701.65,10711.9,09:35:00,10818.455623261149,3,5
2018-10-04,10699.0,10711.1,10690.95,10702.05,09:40:00,10807.07889723628,3,6
2018-10-04,10707.0,10708.65,10692.45,10698.55,09:45:00,10797.547573689968,3,7
2018-10-04,10697.15,10712.6,10697.1,10707.85,09:50:00,10787.98590000521,3,8
2018-10-04,10696.1,10706.55,10695.55,10697.9,09:55:00,10779.234861909474,3,9
2018-10-04,10677.55,10697.0,10672.45,10697.0,10:00:00,10769.550589346669,3,10
2018-10-04,10686.8,10686.85,10673.9,10677.65,10:05:00,10761.66958083746,3,11
2018-10-04,10682.1,10693.3,10675.0,10687.5,10:10:00,10754.091525519609,3,12
2018-10-04,10670.1,10683.9,10662.15,10681.75,10:15:00,10746.09233261298,3,13
2018-10-04,10657.95,10674.05,10655.95,10670.4,10:20:00,10737.697824745075,3,14
2018-10-04,10659.3,10667.25,10658.15,10658.15,10:25:00,10730.231365245543,3,15
2018-10-04,10654.9,10661.95,10641.9,10659.75,10:30:00,10723.056949507874,3,16
2018-10-04,10671.85,10672.0,10651.0,10654.45,10:35:00,10718.180097173792,3,17
2018-10-04,10673.4,10683.1,10670.65,10672.2,10:40:00,10713.915326014385,3,18
2018-10-04,10676.0,10679.8,10671.6,10673.3,10:45:00,10710.304342584444,3,19
2018-10-04,10666.75,10678.2,10660.65,10676.4,10:50:00,10706.156309957352,3,20
2018-10-04,10670.65,10675.1,10664.0,10666.3,10:55:00,10702.77475662808,3,21
2018-10-04,10664.3,10671.9,10660.0,10670.95,11:00:00,10699.110494092074,3,22
2018-10-04,10662.4,10669.35,10660.9,10664.4,11:05:00,10695.614256559496,3,23
2018-10-04,10671.9,10674.15,10655.15,10661.75,11:10:00,10693.355755934785,3,24
2018-10-04,10676.1,10678.85,10667.15,10671.0,11:15:00,10691.71235060766,3,25
2018-10-04,10664.95,10677.3,10663.7,10675.55,11:20:00,10689.163555311694,3,26
2018-10-04,10651.2,10666.3,10648.05,10665.45,11:25:00,10685.54797861534,3,27
2018-10-04,10636.4,10653.2,10636.1,10651.4,11:30:00,10680.867218747211,3,28
2018-10-04,10632.5,10636.4,10623.8,10635.75,11:35:00,10676.260816961763,3,29
2018-10-04,10615.65,10634.15,10605.45,10632.6,11:40:00,10670.488358203502,3,30
2018-10-04,10624.05,10628.8,10615.9,10615.9,11:45:00,10666.065657422216,3,31
2018-10-04,10614.4,10623.7,10611.25,10623.2,11:50:00,10661.1451186201,3,32
2018-10-04,10599.55,10615.45,10591.35,10613.95,11:55:00,10655.278916846755,3,33
2018-10-04,10614.2,10619.25,10591.15,10599.4,12:00:00,10651.366639051828,3,34
2018-10-04,10607.35,10621.8,10606.15,10614.35,12:05:00,10647.17457818975,3,35
2018-10-04,10613.1,10616.35,10603.35,10607.05,12:10:00,10643.929380266916,3,36
2018-10-04,10624.1,10627.15,10607.35,10613.85,12:15:00,10642.040867860544,3,37
2018-10-04,10630.55,10634.6,10622.45,10624.55,12:20:00,10640.946499492871,3,38
2018-10-04,10641.5,10648.1,10632.05,10632.65,12:25:00,10640.999213826884,3,39
2018-10-04,10656.55,10659.55,10640.35,10642.95,12:30:00,10642.480241081466,3,40
2018-10-04,10665.85,10666.55,10648.3,10657.95,12:35:00,10644.70593240704,3,41
2018-10-04,10642.05,10667.1,10641.85,10666.3,12:40:00,10644.452986463511,3,42
2018-10-04,10635.65,10644.95,10635.65,10644.4,12:45:00,10643.61460680032,3,43
2018-10-04,10637.5,10640.1,10630.2,10637.0,12:50:00,10643.032263295529,3,44
2018-10-04,10632.65,10647.15,10632.65,10640.0,12:55:00,10642.043476315002,3,45
2018-10-04,10617.95,10636.85,10617.95,10633.3,13:00:00,10639.748859523095,3,46
2018-10-04,10616.8,10628.85,10614.75,10620.5,13:05:00,10637.56325385423,3,47
2018-10-04,10619.55,10630.6,10614.8,10619.3,13:10:00,10635.847705868113,3,48
2018-10-04,10603.05,10624.45,10602.6,10621.15,13:15:00,10632.724114833054,3,49
2018-10-04,10619.4,10623.2,10601.0,10605.35,13:20:00,10631.45515151562,3,50
2018-10-04,10621.05,10629.3,10613.75,10619.05,13:25:00,10630.464184704608,3,51
2018-10-04,10611.4,10623.4,10611.4,10620.95,13:30:00,10628.648548066074,3,52
2018-10-04,10593.1,10610.5,10585.0,10610.5,13:35:00,10625.262972059782,3,53
2018-10-04,10587.95,10594.2,10578.4,10593.7,13:40:00,10621.709355673136,3,54
2018-10-04,10583.05,10593.0,10570.5,10588.25,13:45:00,10618.027512275694,3,55
2018-10-04,10604.4,10604.8,10583.95,10584.0,13:50:00,10616.729653963725,3,56
2018-10-04,10584.0,10609.6,10576.65,10605.3,13:55:00,10613.612544062418,3,57
2018-10-04,10592.15,10599.0,10576.55,10583.1,14:00:00,10611.56849224695,3,58
2018-10-04,10602.05,10615.15,10588.75,10591.8,14:05:00,10610.661969175811,3,59
2018-10-04,10598.8,10610.8,10591.5,10602.45,14:10:00,10609.532257825736,3,60
2018-10-04,10617.85,10618.4,10595.75,10600.55,14:15:00,10610.324423747094,3,61
2018-10-04,10628.4,10630.55,10616.5,10618.05,14:20:00,10612.045907199752,3,62
2018-10-04,10640.1,10640.4,10617.8,10629.55,14:25:00,10614.71772556168,3,63
2018-10-04,10643.85,10646.6,10634.45,10638.75,14:30:00,10617.49222788914,3,64
2018-10-04,10628.85,10646.75,10624.65,10642.9,14:35:00,10618.573920471128,3,65
2018-10-04,10659.0,10661.8,10624.35,10628.55,14:40:00,10622.424023283402,3,66
2018-10-04,10666.8,10675.3,10650.85,10659.5,14:45:00,10626.65030678022,3,67
2018-10-04,10651.55,10673.8,10646.15,10667.35,14:50:00,10629.021706134485,3,68
2018-10-04,10639.85,10650.9,10629.0,10650.9,14:55:00,10630.052972216916,3,69
2018-10-04,10644.8,10657.5,10640.9,10640.9,15:00:00,10631.4574510534,3,70
2018-10-04,10641.1,10648.65,10639.45,10645.1,15:05:00,10632.375789048314,3,71
2018-10-04,10631.1,10645.1,10631.1,10641.0,15:10:00,10632.254285329427,3,72
2018-10-04,10617.85,10631.05,10603.5,10630.85,15:15:00,10630.882448631386,3,73
2018-10-04,10575.75,10618.8,10568.15,10617.45,15:20:00,10625.63173923792,3,74
2018-10-04,10548.4,10582.55,10547.25,10575.3,15:25:00,10618.276335500976,3,75
2018-10-05,10513.25,10518.4,10447.95,10495.9,09:15:00,10608.273827358023,4,1
2018-10-05,10522.35,10540.65,10513.45,10515.55,09:20:00,10600.09060570488,4,2
2018-10-05,10512.25,10530.5,10508.7,10522.3,09:25:00,10591.724833732986,4,3
2018-10-05,10525.3,10525.3,10508.9,10512.8,09:30:00,10585.398659091748,4,4
2018-10-05,10511.25,10528.7,10506.85,10524.2,09:35:00,10578.336882035392,4,5
2018-10-05,10496.5,10512.1,10494.0,10511.45,09:40:00,10570.542893270116,4,6
2018-10-05,10504.25,10508.25,10490.65,10495.9,09:45:00,10564.229284387247,4,7
2018-10-05,10509.8,10519.35,10498.4,10504.7,09:50:00,10559.045543017031,4,8
2018-10-05,10507.8,10520.5,10503.25,10509.6,09:55:00,10554.16501511065,4,9
2018-10-05,10502.25,10511.35,10498.35,10506.7,10:00:00,10549.220727957256,4,10
2018-10-05,10486.8,10503.75,10486.45,10501.85,10:05:00,10543.275896723231,4,11
2018-10-05,10476.5,10488.75,10471.5,10487.05,10:10:00,10536.916287511494,4,12
2018-10-05,10470.15,10482.7,10461.55,10476.9,10:15:00,10530.55759346278,4,13
2018-10-05,10472.1,10478.2,10460.05,10470.3,10:20:00,10524.990203609184,4,14
2018-10-05,10469.15,10474.95,10464.55,10473.1,10:25:00,10519.672088979736,4,15
2018-10-05,10461.0,10472.65,10451.6,10469.8,10:30:00,10514.084270981666,4,16
2018-10-05,10454.5,10463.65,10446.05,10460.9,10:35:00,10508.40957850722,4,17
2018-10-05,10460.25,10470.75,10445.1,10455.3,10:40:00,10503.822951982724,4,18
2018-10-05,10470.1,10476.9,10459.4,10460.9,10:45:00,10500.611242270084,4,19
2018-10-05,10478.25,10479.7,10459.15,10468.95,10:50:00,10498.481600149122,4,20
2018-10-05,10476.6,10482.6,10473.45,10478.35,10:55:00,10496.397638230155,4,21
2018-10-05,10478.9,10490.35,10476.35,10477.1,11:00:00,10494.731196493953,4,22
2018-10-05,10474.35,10483.05,10471.5,10478.95,11:05:00,10492.790130161196,4,23
2018-10-05,10463.05,10478.5,10459.3,10475.0,11:10:00,10489.95773681251,4,24
2018-10-05,10464.05,10468.5,10459.05,10462.6,11:15:00,10487.490333306558,4,25
2018-10-05,10455.2,10465.2,10450.05,10464.45,11:20:00,10484.41506346784,4,26
2018-10-05,10461.8,10461.9,10449.4,10455.05,11:25:00,10482.261247899474,4,27
2018-10-05,10471.0,10471.0,10454.2,10461.75,11:30:00,10481.188748099525,4,28
2018-10-05,10464.65,10474.75,10464.5,10472.45,11:35:00,10479.613629232905,4,29
2018-10-05,10459.7,10465.0,10449.4,10465.0,11:40:00,10477.717093115483,4,30
2018-10-05,10448.15,10459.95,10441.35,10459.95,11:45:00,10474.901179485436,4,31
2018-10-05,10441.35,10448.75,10437.95,10448.0,11:50:00,10471.705829058252,4,32
2018-10-05,10453.5,10453.5,10435.7,10442.1,11:55:00,10469.971940576514,4,33
2018-10-05,10447.8,10463.45,10446.75,10454.15,12:00:00,10467.860327188271,4,34
2018-10-05,10445.7,10454.0,10444.65,10447.4,12:05:00,10465.74981983701,4,35
2018-10-05,10439.8,10448.3,10436.8,10445.5,12:10:00,10463.27840842396,4,36
2018-10-05,10443.5,10447.15,10433.95,10439.7,12:15:00,10461.394750478825,4,37
2018-10-05,10436.2,10446.3,10434.75,10443.9,12:20:00,10458.99525043322,4,38
2018-10-05,10437.0,10441.9,10434.9,10436.5,12:25:00,10456.900464677676,4,39
2018-10-05,10437.85,10438.0,10420.9,10437.45,12:30:00,10455.086134708374,4,40
2018-10-05,10439.0,10449.05,10437.55,10438.95,12:35:00,10453.554121879006,4,41
2018-10-05,10438.25,10449.25,10436.45,10437.6,12:40:00,10452.096586461956,4,42
2018-10-05,10430.45,10437.85,10426.45,10437.85,12:45:00,10450.035006798917,4,43
2018-10-05,10436.4,10442.0,10427.9,10430.95,12:50:00,10448.736434722829,4,44
2018-10-05,10433.9,10444.05,10426.05,10435.5,12:55:00,10447.323440939705,4,45
2018-10-05,10432.55,10434.9,10427.45,10431.65,13:00:00,10445.916446564494,4,46
2018-10-05,10411.05,10433.95,10411.05,10432.95,13:05:00,10442.59583260597,4,47
2018-10-05,10414.45,10421.1,10406.85,10410.95,13:10:00,10439.915277119688,4,48
2018-10-05,10413.05,10417.05,10405.6,10416.45,13:15:00,10437.356679298766,4,49
2018-10-05,10421.45,10424.3,10412.9,10415.4,13:20:00,10435.841757460788,4,50
2018-10-05,10413.15,10422.8,10412.15,10422.8,13:25:00,10433.68063770262,4,51
2018-10-05,10422.3,10424.05,10411.55,10413.3,13:30:00,10432.596767445228,4,52
2018-10-05,10415.65,10426.15,10411.05,10422.75,13:35:00,10430.9827895933,4,53
2018-10-05,10426.4,10428.35,10413.95,10415.8,13:40:00,10430.546333441558,4,54
2018-10-05,10416.8,10425.9,10415.45,10425.75,13:45:00,10429.237158828077,4,55
2018-10-05,10417.65,10421.9,10407.75,10416.6,13:50:00,10428.133619892067,4,56
2018-10-05,10423.7,10428.55,10415.2,10417.9,13:55:00,10427.711370378538,4,57
2018-10-05,10444.8,10444.8,10421.6,10424.25,14:00:00,10429.338858913916,4,58
2018-10-05,10453.75,10454.1,10441.95,10444.25,14:05:00,10431.663729493544,4,59
2018-10-05,10437.2,10454.45,10428.55,10453.5,14:10:00,10432.1909933513,4,60
2018-10-05,10432.85,10440.55,10431.35,10437.65,14:15:00,10432.25375588927,4,61
2018-10-05,10442.35,10442.55,10420.25,10432.75,14:20:00,10433.215302947436,4,62
2018-10-05,10450.0,10458.05,10430.35,10443.45,14:25:00,10434.813845523871,4,63
2018-10-05,10416.45,10481.0,10379.95,10450.1,14:30:00,10433.06490785493,4,64
2018-10-05,10382.5,10416.65,10375.65,10416.65,14:35:00,10428.249202344936,4,65
2018-10-05,10438.35,10449.05,10378.9,10381.55,14:40:00,10429.21118307399,4,66
2018-10-05,10447.1,10459.55,10437.7,10439.95,14:45:00,10430.914879924088,4,67
2018-10-05,10429.2,10459.65,10420.65,10448.45,14:50:00,10430.751558026555,4,68
2018-10-05,10431.1,10441.2,10416.4,10427.5,14:55:00,10430.784742976408,4,69
2018-10-05,10395.2,10433.75,10389.0,10431.95,15:00:00,10427.395719835797,4,70
2018-10-05,10340.1,10397.95,10340.1,10395.35,15:05:00,10419.081841756197,4,71
2018-10-05,10316.55,10348.1,10310.55,10340.0,15:10:00,10409.316904446085,4,72
2018-10-05,10289.85,10315.85,10276.3,10315.8,15:15:00,10397.939104022647,4,73
2018-10-05,10271.85,10290.5,10267.9,10290.5,15:20:00,10385.930617925253,4,74
2018-10-05,10263.75,10286.8,10261.9,10272.45,15:25:00,10374.294368599038,4,75
2018-10-08,10259.8,10298.3,10252.55,10296.3,09:15:00,10363.390143018178,0,1
2018-10-08,10281.7,10284.15,10255.6,10260.15,09:20:00,10355.6101293974,0,2
2018-10-08,10223.55,10280.4,10223.55,10280.4,09:25:00,10343.032974216694,0,3
2018-10-08,10228.55,10230.25,10207.6,10222.45,09:30:00,10332.129833815105,0,4
2018-10-08,10231.95,10231.95,10201.95,10227.2,09:35:00,10322.588897261285,0,5
2018-10-08,10257.05,10265.6,10230.9,10232.9,09:40:00,10316.347097522115,0,6
2018-10-08,10278.35,10284.25,10249.7,10259.15,09:45:00,10312.728326329532,0,7
2018-10-08,10308.85,10308.85,10273.75,10278.25,09:50:00,10312.358961917194,0,8
2018-10-08,10316.3,10323.4,10288.25,10309.75,09:55:00,10312.734298877462,0,9
2018-10-08,10306.3,10332.55,10306.05,10317.8,10:00:00,10312.12150850818,0,10
2018-10-08,10319.6,10338.8,10302.9,10307.15,10:05:00,10312.833745793116,0,11
2018-10-08,10314.6,10334.95,10309.6,10318.35,10:10:00,10313.001960479489,0,12
2018-10-08,10307.15,10321.8,10290.2,10316.45,10:15:00,10312.444630910011,0,13
2018-10-08,10331.7,10334.8,10301.0,10307.2,10:20:00,10314.278475585248,0,14
2018-10-08,10331.65,10341.05,10318.3,10331.25,10:25:00,10315.932906481892,0,15
2018-10-08,10309.8,10332.25,10307.5,10332.05,10:30:00,10315.348820150284,0,16
2018-10-08,10302.95,10313.55,10297.05,10310.4,10:35:00,10314.167980135971,0,17
2018-10-08,10317.2,10323.75,10302.05,10302.05,10:40:00,10314.456743932546,0,18
2018-10-08,10320.75,10326.25,10316.4,10316.45,10:45:00,10315.056101653256,0,19
2018-10-08,10341.6,10348.8,10315.85,10320.15,10:50:00,10317.584091971992,0,20
2018-10-08,10353.45,10360.0,10340.45,10341.9,10:55:00,10320.999892736563,0,21
2018-10-08,10360.3,10366.15,10350.85,10353.05,11:00:00,10324.742760094983,0,22
2018-10-08,10363.3,10369.3,10353.2,10360.85,11:05:00,10328.414878181176,0,23
2018-10-08,10388.0,10389.75,10362.3,10363.7,11:10:00,10334.089651687733,0,24
2018-10-08,10373.35,10398.35,10373.35,10388.35,11:15:00,10337.828732479376,0,25
2018-10-08,10359.0,10373.9,10352.65,10373.9,11:20:00,10339.845043671816,0,26
2018-10-08,10371.8,10371.8,10348.8,10359.35,11:25:00,10342.888372845928,0,27
2018-10-08,10368.7,10387.8,10357.85,10372.9,11:30:00,10345.346623051078,0,28
2018-10-08,10372.45,10379.2,10362.65,10368.75,11:35:00,10347.927897046216,0,29
2018-10-08,10376.45,10383.95,10371.85,10372.6,11:40:00,10350.644287803718,0,30
2018-10-08,10369.15,10380.95,10360.4,10376.05,11:45:00,10352.406736584317,0,31
2018-10-08,10364.3,10372.6,10356.9,10369.85,11:50:00,10353.53942833819,0,32
2018-10-08,10358.5,10370.6,10358.15,10364.5,11:55:00,10354.011863734551,0,33
2018-10-08,10345.85,10360.55,10337.4,10358.9,12:00:00,10353.23454337888,0,34
2018-10-08,10362.55,10363.45,10341.0,10346.25,12:05:00,10354.121729723747,0,35
2018-10-08,10352.35,10365.75,10347.55,10363.6,12:10:00,10353.952993559582,0,36
2018-10-08,10357.7,10362.75,10352.6,10352.6,12:15:00,10354.309851315811,0,37
2018-10-08,10354.75,10358.9,10349.3,10358.35,12:20:00,10354.351770238116,0,38
2018-10-08,10337.45,10360.45,10336.65,10355.55,12:25:00,10352.742077834486,0,39
2018-10-08,10326.05,10344.0,10325.05,10337.85,12:30:00,10350.19997518358,0,40
2018-10-08,10317.45,10335.7,10313.75,10327.15,12:35:00,10347.080929928004,0,41
2018-10-08,10334.85,10341.45,10317.6,10319.8,12:40:00,10345.91607945867,0,42
2018-10-08,10338.0,10351.4,10326.6,10334.65,12:45:00,10345.162167129274,0,43
2018-10-08,10360.0,10361.35,10337.9,10337.9,12:50:00,10346.575294069342,0,44
2018-10-08,10347.0,10367.35,10341.15,10359.35,12:55:00,10346.615742253214,0,45
2018-10-08,10335.2,10352.2,10333.45,10348.85,13:00:00,10345.528528705288,0,46
2018-10-08,10349.35,10349.7,10332.15,10334.6,13:05:00,10345.892478352403,0,47
2018-10-08,10317.75,10356.1,10317.2,10349.75,13:10:00,10343.21224231884,0,48
2018-10-08,10294.6,10326.7,10293.35,10317.9,13:15:00,10338.582504955142,0,49
2018-10-08,10291.3,10304.35,10279.65,10293.95,13:20:00,10334.079409245129,0,50
2018-10-08,10297.7,10304.05,10285.6,10291.35,13:25:00,10330.614703602736,0,51
2018-10-08,10281.0,10301.65,10280.3,10298.9,13:30:00,10325.889493735807,0,52
2018-10-08,10291.35,10294.7,10265.4,10281.05,13:35:00,10322.600018141922,0,53
2018-10-08,10287.5,10290.95,10271.45,10290.95,13:40:00,10319.257159271265,0,54
2018-10-08,10283.1,10295.5,10281.2,10287.4,13:45:00,10315.813620293047,0,55
2018-10-08,10273.3,10283.75,10263.5,10282.55,13:50:00,10311.76470407466,0,56
2018-10-08,10283.25,10285.95,10268.45,10272.35,13:55:00,10309.049017972313,0,57
2018-10-08,10269.55,10283.8,10260.15,10283.65,14:00:00,10305.287206736852,0,58
2018-10-08,10250.5,10270.6,10247.15,10269.15,14:05:00,10300.06937752382,0,59
2018-10-08,10240.05,10253.65,10224.6,10250.3,14:10:00,10294.353246331077,0,60
2018-10-08,10238.6,10250.45,10229.75,10240.3,14:15:00,10289.043413347164,0,61
2018-10-08,10219.65,10247.6,10217.4,10238.05,14:20:00,10282.434516837908,0,62
2018-10-08,10204.25,10221.35,10198.4,10220.4,14:25:00,10274.988372377156,0,63
2018-10-08,10215.85,10232.2,10199.4,10203.4,14:30:00,10269.356146436472,0,64
2018-10-08,10210.65,10226.2,10207.1,10215.4,14:35:00,10263.765084871096,0,65
2018-10-08,10214.95,10228.7,10209.7,10211.5,14:40:00,10259.116029169089,0,66
2018-10-08,10254.95,10271.4,10215.3,10216.1,14:45:00,10258.719264486315,0,67
2018-10-08,10262.5,10280.6,10252.2,10255.9,14:50:00,10259.079334535238,0,68
2018-10-08,10272.05,10280.25,10256.4,10262.4,14:55:00,10260.314636008072,0,69
2018-10-08,10347.15,10347.15,10264.9,10271.65,15:00:00,10268.584670673969,0,70
2018-10-08,10372.15,10378.5,10329.7,10347.7,15:05:00,10278.448035371686,0,71
2018-10-08,10372.45,10376.9,10347.2,10373.7,15:10:00,10287.400603431526,0,72
2018-10-08,10369.7,10386.35,10368.15,10371.45,15:15:00,10295.238641199952,0,73
2018-10-08,10349.2,10371.45,10347.15,10370.05,15:20:00,10300.377818228528,0,74
2018-10-08,10350.15,10358.45,10348.8,10348.8,15:25:00,10305.118026016287,0,75
2018-10-09,10385.15,10396.25,10345.0,10382.2,09:15:00,10312.74011877664,1,1
2018-10-09,10396.45,10397.6,10372.9,10386.05,09:20:00,10320.71248841696,1,2
2018-10-09,10358.7,10396.7,10356.9,10396.7,09:25:00,10324.330346662964,1,3
2018-10-09,10373.5,10379.8,10356.65,10358.35,09:30:00,10329.013170790302,1,4
2018-10-09,10346.15,10377.2,10346.15,10374.0,09:35:00,10330.645249762654,1,5
2018-10-09,10357.7,10360.35,10336.8,10346.6,09:40:00,10333.221892642405,1,6
2018-10-09,10359.45,10368.25,10347.1,10357.65,09:45:00,10335.71980762884,1,7
2018-10-09,10330.3,10359.55,10327.0,10359.55,09:50:00,10335.203635473714,1,8
2018-10-09,10331.2,10343.65,10319.7,10329.9,09:55:00,10334.822336857167,1,9
2018-10-09,10331.0,10339.95,10330.95,10331.15,10:00:00,10334.458304775531,1,10
2018-10-09,10352.05,10362.55,10329.85,10330.8,10:05:00,10336.13370432072,1,11
2018-10-09,10356.35,10365.6,10351.5,10352.45,10:10:00,10338.059065813986,1,12
2018-10-09,10343.75,10360.95,10338.85,10356.5,10:15:00,10338.601059545988,1,13
2018-10-09,10345.4,10354.7,10343.3,10344.1,10:20:00,10339.248577684466,1,14
2018-10-09,10341.35,10347.85,10334.2,10344.5,10:25:00,10339.448713143089,1,15
2018-10-09,10326.95,10340.7,10325.8,10339.8,10:30:00,10338.258359510412,1,16
2018-10-09,10331.0,10337.0,10323.85,10326.3,10:35:00,10337.567087176089,1,17
2018-10-09,10315.25,10333.75,10310.75,10330.7,10:40:00,10335.441650302177,1,18
2018-10-09,10303.6,10321.05,10296.7,10315.4,10:45:00,10332.409112178158,1,19
2018-10-09,10298.5,10308.15,10292.9,10303.25,10:50:00,10329.179672923095,1,20
2018-10-09,10302.35,10312.15,10297.4,10297.65,10:55:00,10326.62446597804,1,21
2018-10-09,10314.75,10320.0,10302.0,10302.8,11:00:00,10325.49356445632,1,22
2018-10-09,10330.35,10333.4,10307.2,10312.85,11:05:00,10325.956082127148,1,23
2018-10-09,10321.4,10331.4,10316.65,10331.35,11:10:00,10325.52216954361,1,24
2018-10-09,10318.7,10325.5,10314.45,10321.45,11:15:00,10324.872439110886,1,25
2018-10-09,10320.35,10322.05,10309.45,10318.85,11:20:00,10324.441730624136,1,26
2018-10-09,10349.55,10353.85,10315.7,10320.05,11:25:00,10326.832994374216,1,27
2018-10-09,10341.5,10350.75,10340.25,10349.3,11:30:00,10328.229852052864,1,28
2018-10-09,10343.3,10344.5,10335.6,10341.7,11:35:00,10329.665104238306,1,29
2018-10-09,10340.2,10347.15,10333.3,10342.85,11:40:00,10330.66842764418,1,30
2018-10-09,10331.3,10340.2,10325.3,10339.95,11:45:00,10330.728577392354,1,31
2018-10-09,10326.1,10335.3,10326.1,10331.8,11:50:00,10330.287760497846,1,32
2018-10-09,10321.6,10326.85,10314.4,10326.55,11:55:00,10329.460354736146,1,33
2018-10-09,10313.55,10321.45,10307.0,10321.4,12:00:00,10327.945082856511,1,34
2018-10-09,10313.05,10323.75,10310.7,10314.0,12:05:00,10326.526503536848,1,35
2018-10-09,10311.1,10317.55,10302.45,10314.4,12:10:00,10325.057312723811,1,36
2018-10-09,10329.25,10330.65,10310.2,10311.75,12:15:00,10325.456616273928,1,37
2018-10-09,10310.35,10334.65,10309.3,10329.1,12:20:00,10324.017890914503,1,38
2018-10-09,10307.7,10315.7,10306.05,10310.6,12:25:00,10322.463806065502,1,39
2018-10-09,10315.15,10319.95,10301.65,10309.45,12:30:00,10321.767253106882,1,40
2018-10-09,10315.75,10317.6,10306.5,10314.75,12:35:00,10321.194181382418,1,41
2018-10-09,10289.5,10317.35,10289.5,10315.35,12:40:00,10318.175687917426,1,42
2018-10-09,10293.35,10296.65,10279.35,10292.0,12:45:00,10315.811336687197,1,43
2018-10-09,10295.25,10307.1,10290.85,10294.05,12:50:00,10313.85311414556,1,44
2018-10-09,10305.15,10307.2,10288.35,10295.45,12:55:00,10313.024246131696,1,45
2018-10-09,10335.95,10346.75,10305.75,10306.45,13:00:00,10315.20765126201,1,46
2018-10-09,10335.85,10340.2,10326.65,10335.35,13:05:00,10317.173589237056,1,47
2018-10-09,10321.35,10340.2,10320.2,10336.1,13:10:00,10317.57134264305,1,48
2018-10-09,10312.9,10325.25,10311.25,10322.1,13:15:00,10317.12645286752,1,49
2018-10-09,10338.85,10343.85,10314.95,10315.4,13:20:00,10319.195362118233,1,50
2018-10-09,10330.25,10340.75,10327.95,10339.0,13:25:00,10320.24818477364,1,51
2018-10-09,10325.4,10344.15,10325.4,10330.55,13:30:00,10320.738833842815,1,52
2018-10-09,10320.15,10329.2,10319.1,10325.3,13:35:00,10320.682754429215,1,53
2018-10-09,10318.5,10320.25,10311.75,10320.25,13:40:00,10320.474873055004,1,54
2018-10-09,10305.05,10319.15,10295.0,10319.15,13:45:00,10319.005837525956,1,55
2018-10-09,10318.0,10322.15,10296.2,10304.55,13:50:00,10318.910043475864,1,56
2018-10-09,10311.0,10318.35,10305.25,10318.35,13:55:00,10318.156706001972,1,57
2018-10-09,10315.2,10322.65,10303.4,10310.6,14:00:00,10317.875114954164,1,58
2018-10-09,10323.8,10329.9,10314.35,10314.6,14:05:00,10318.439389720435,1,59
2018-10-09,10336.1,10349.5,10321.0,10324.6,14:10:00,10320.121352604205,1,60
2018-10-09,10344.25,10346.8,10332.35,10337.8,14:15:00,10322.419319022849,1,61
2018-10-09,10341.55,10346.35,10334.4,10344.55,14:20:00,10324.24128863972,1,62
2018-10-09,10372.0,10372.5,10341.35,10341.5,14:25:00,10328.789737340698,1,63
2018-10-09,10358.75,10376.45,10351.0,10372.9,14:30:00,10331.643095689202,1,64
2018-10-09,10358.4,10360.3,10342.9,10359.0,14:35:00,10334.19137229023,1,65
2018-10-09,10377.6,10380.3,10358.65,10358.7,14:40:00,10338.32552731021,1,66
2018-10-09,10371.7,10392.45,10368.0,10379.1,14:45:00,10341.50404851876,1,67
2018-10-09,10385.9,10391.2,10372.15,10372.3,14:50:00,10345.732234374116,1,68
2018-10-09,10331.05,10390.35,10317.5,10386.9,14:55:00,10344.333926338486,1,69
2018-10-09,10307.05,10337.15,10299.05,10329.1,15:00:00,10340.783076211012,1,70
2018-10-09,10300.6,10308.7,10284.75,10306.35,15:05:00,10336.956116571868,1,71
2018-10-09,10295.55,10307.95,10286.15,10300.7,15:10:00,10333.012676898355,1,72
2018-10-09,10306.5,10306.5,10279.9,10295.4,15:15:00,10330.487660050894,1,73
2018-10-09,10301.5,10308.8,10298.3,10306.45,15:20:00,10327.726930522238,1,74
2018-10-09,10291.5,10304.25,10291.5,10301.75,15:25:00,10324.276746662978,1,75
2018-10-10,10325.0,10334.9,10321.65,10328.2,09:15:00,10324.345627933171,2,1
2018-10-10,10353.5,10366.2,10318.25,10324.15,09:20:00,10327.122234796678,2,2
2018-10-10,10346.7,10364.0,10346.7,10354.3,09:25:00,10328.98678386366,2,3
2018-10-10,10357.8,10357.8,10341.2,10347.45,09:30:00,10331.73089968617,2,4
2018-10-10,10375.8,10377.45,10351.6,10357.7,09:35:00,10335.927956858915,2,5
2018-10-10,10379.95,10385.6,10369.8,10376.0,09:40:00,10340.120532396162,2,6
2018-10-10,10377.8,10386.5,10377.75,10379.55,09:45:00,10343.709053120338,2,7
2018-10-10,10385.75,10386.35,10372.75,10378.0,09:50:00,10347.712952823164,2,8
2018-10-10,10400.05,10400.05,10385.6,10385.6,09:55:00,10352.697433506672,2,9
2018-10-10,10403.4,10419.7,10399.1,10399.4,10:00:00,10357.526249363178,2,10
2018-10-10,10388.55,10403.55,10379.9,10403.25,10:05:00,10360.48089228097,2,11
2018-10-10,10397.5,10399.8,10383.4,10389.2,10:10:00,10364.006521587544,2,12
2018-10-10,10402.5,10413.9,10389.55,10397.7,10:15:00,10367.672567150636,2,13
2018-10-10,10398.3,10412.75,10396.45,10404.25,10:20:00,10370.58946551724,2,14
2018-10-10,10403.8,10403.8,10392.7,10398.25,10:25:00,10373.752373563218,2,15
2018-10-10,10414.8,10416.8,10394.6,10403.55,10:30:00,10377.661671319102,2,16
2018-10-10,10424.7,10431.25,10413.05,10414.75,10:35:00,10382.141512145854,2,17
2018-10-10,10431.3,10433.85,10422.5,10425.05,10:40:00,10386.82327289387,2,18
2018-10-10,10440.65,10445.2,10430.75,10431.25,10:45:00,10391.949627856358,2,19
2018-10-10,10441.05,10443.3,10433.95,10441.45,10:50:00,10396.6258537748,2,20
2018-10-10,10429.55,10442.75,10429.55,10440.95,10:55:00,10399.761486748628,2,21
2018-10-10,10432.45,10435.0,10427.6,10430.35,11:00:00,10402.874678486854,2,22
2018-10-10,10437.8,10440.35,10432.85,10432.85,11:05:00,10406.200899583346,2,23
2018-10-10,10437.4,10441.8,10432.1,10436.85,11:10:00,10409.17224248017,2,24
2018-10-10,10420.65,10439.1,10418.7,10437.75,11:15:00,10410.265362243965,2,25
2018-10-10,10430.55,10432.1,10420.2,10420.5,11:20:00,10412.197232506443,2,26
2018-10-10,10431.6,10436.15,10425.65,10430.75,11:25:00,10414.045115124878,2,27
2018-10-10,10450.5,10455.6,10431.7,10431.8,11:30:00,10417.517008922508,2,28
2018-10-10,10436.75,10451.05,10436.3,10449.5,11:35:00,10419.34872235846,2,29
2018-10-10,10427.0,10439.15,10427.0,10436.2,11:40:00,10420.077415467178,2,30
2018-10-10,10416.1,10435.55,10413.2,10427.2,11:45:00,10419.698613994113,2,31
2018-10-10,10421.2,10426.3,10407.8,10416.2,11:50:00,10419.841603137533,2,32
2018-10-10,10426.95,10427.8,10419.5,10421.25,11:55:00,10420.518593314908,2,33
2018-10-10,10423.05,10428.55,10419.3,10427.35,12:00:00,10420.759679665867,2,34
2018-10-10,10430.1,10430.25,10416.85,10422.4,12:05:00,10421.649233983406,2,35
2018-10-10,10434.4,10436.65,10425.7,10429.6,12:10:00,10422.863592651653,2,36
2018-10-10,10435.45,10439.4,10431.0,10434.9,12:15:00,10424.0622981134,2,37
2018-10-10,10439.05,10439.3,10431.1,10435.1,12:20:00,10425.489698293077,2,38
2018-10-10,10440.6,10446.45,10435.9,10439.7,12:25:00,10426.928774646118,2,39
2018-10-10,10451.85,10456.7,10437.45,10440.65,12:30:00,10429.30222467982,2,40
2018-10-10,10453.1,10454.6,10444.0,10451.55,12:35:00,10431.56867947222,2,41
2018-10-10,10442.25,10456.15,10440.6,10453.7,12:40:00,10432.585948093913,2,42
2018-10-10,10444.6,10452.4,10442.45,10442.8,12:45:00,10433.73014351354,2,43
2018-10-10,10435.75,10447.75,10434.55,10445.2,12:50:00,10433.922510797964,2,44
2018-10-10,10426.0,10436.7,10424.0,10436.7,12:55:00,10433.167985960064,2,45
2018-10-10,10436.75,10438.35,10418.75,10427.25,13:00:00,10433.509130154343,2,46
2018-10-10,10444.6,10448.75,10432.65,10437.5,13:05:00,10434.565403472978,2,47
2018-10-10,10438.0,10448.05,10433.9,10446.75,13:10:00,10434.892507904124,2,48
2018-10-10,10451.7,10452.9,10436.25,10439.1,13:15:00,10436.493221437064,2,49
2018-10-10,10452.65,10461.1,10448.55,10451.85,13:20:00,10438.031962252582,2,50
2018-10-10,10468.5,10469.4,10452.7,10453.85,13:25:00,10440.933680133288,2,51
2018-10-10,10468.0,10479.65,10466.8,10469.7,13:30:00,10443.5114248825,2,52
2018-10-10,10459.85,10476.8,10459.1,10467.8,13:35:00,10445.067479655594,2,53
2018-10-10,10464.55,10469.0,10456.5,10459.05,13:40:00,10446.922957783632,2,54
2018-10-10,10453.55,10470.1,10453.55,10464.3,13:45:00,10447.554104661382,2,55
2018-10-10,10456.65,10462.35,10446.95,10453.9,13:50:00,10448.420380407915,2,56
2018-10-10,10453.7,10460.45,10448.75,10456.9,13:55:00,10448.92320132145,2,57
2018-10-10,10452.45,10459.85,10448.95,10453.75,14:00:00,10449.259086909884,2,58
2018-10-10,10454.05,10454.05,10440.6,10452.25,14:05:00,10449.715364347036,2,59
2018-10-10,10463.95,10465.8,10454.45,10454.5,14:10:00,10451.071043933034,2,60
2018-10-10,10454.75,10465.7,10454.75,10463.5,14:15:00,10451.421420701316,2,61
2018-10-10,10465.25,10465.55,10452.8,10454.85,14:20:00,10452.738428253571,2,62
2018-10-10,10454.35,10468.9,10453.65,10465.55,14:25:00,10452.89191127704,2,63
2018-10-10,10452.5,10459.7,10444.95,10455.45,14:30:00,10452.854586393512,2,64
2018-10-10,10468.75,10469.6,10451.2,10452.1,14:35:00,10454.368435308415,2,65
2018-10-10,10473.95,10474.25,10465.6,10468.8,14:40:00,10456.233346231424,2,66
2018-10-10,10471.75,10477.8,10469.1,10473.65,14:45:00,10457.711122780813,2,67
2018-10-10,10477.95,10478.15,10466.3,10471.35,14:50:00,10459.638634896924,2,68
2018-10-10,10472.15,10482.35,10470.0,10478.1,14:55:00,10460.83019347817,2,69
2018-10-10,10468.8,10476.55,10461.75,10472.4,15:00:00,10461.589222670726,2,70
2018-10-10,10458.05,10469.55,10448.1,10469.0,15:05:00,10461.252153844942,2,71
2018-10-10,10452.35,10457.8,10450.7,10457.8,15:10:00,10460.404329669234,2,72
2018-10-10,10458.75,10463.85,10451.2,10452.5,15:15:00,10460.24677446264,2,73
2018-10-10,10460.3,10465.6,10456.6,10459.35,15:20:00,10460.251843561438,2,74
2018-10-10,10462.7,10464.15,10457.5,10460.6,15:25:00,10460.485001317493,2,75
2018-10-11,10163.65,10202.7,10144.5,10174.9,09:15:00,10432.215001192018,3,1
2018-10-11,10179.25,10179.7,10138.6,10162.9,09:20:00,10408.123096316587,3,2
2018-10-11,10194.3,10199.5,10177.75,10180.55,09:25:00,10387.758991905484,3,3
2018-10-11,10165.8,10195.05,10165.8,10194.45,09:30:00,10366.620040295438,3,4
2018-10-11,10186.8,10193.75,10155.75,10164.8,09:35:00,10349.494322172062,3,5
2018-10-11,10190.8,10193.5,10168.8,10186.85,09:40:00,10334.380577203294,3,6
2018-10-11,10215.65,10215.65,10186.55,10192.05,09:45:00,10323.072903183933,3,7
2018-10-11,10188.35,10219.55,10184.2,10218.15,09:50:00,10310.24215049975,3,8
2018-10-11,10187.65,10197.75,10179.75,10188.85,09:55:00,10298.566707595011,3,9
2018-10-11,10182.1,10189.4,10177.95,10187.0,10:00:00,10287.474640205011,3,10
2018-10-11,10179.7,10189.8,10177.1,10181.9,10:05:00,10277.210388756916,3,11
2018-10-11,10187.95,10195.45,10178.75,10178.75,10:10:00,10268.709399351495,3,12
2018-10-11,10185.25,10191.6,10182.65,10187.1,10:15:00,10260.760885127544,3,13
2018-10-11,10190.7,10198.0,10183.1,10184.85,10:20:00,10254.0884198773,3,14
2018-10-11,10190.2,10202.85,10190.15,10190.75,10:25:00,10248.003808460417,3,15
2018-10-11,10198.5,10204.1,10189.5,10190.05,10:30:00,10243.289160035612,3,16
2018-10-11,10205.55,10206.15,10193.55,10197.95,10:35:00,10239.694954317936,3,17
2018-10-11,10208.9,10208.9,10194.2,10205.75,10:40:00,10236.762101525752,3,18
2018-10-11,10205.9,10209.65,10199.0,10208.75,10:45:00,10233.822853761394,3,19
2018-10-11,10208.25,10208.3,10198.5,10206.0,10:50:00,10231.387343879358,3,20
2018-10-11,10195.6,10207.9,10194.1,10207.8,10:55:00,10227.979025414656,3,21
2018-10-11,10191.35,10201.9,10189.85,10196.0,11:00:00,10224.490546803738,3,22
2018-10-11,10196.55,10199.3,10186.3,10191.15,11:05:00,10221.82954234624,3,23
2018-10-11,10197.4,10201.0,10192.7,10196.6,11:10:00,10219.502919265644,3,24
2018-10-11,10201.2,10203.5,10194.8,10197.5,11:15:00,10217.759784097489,3,25
2018-10-11,10201.5,10206.85,10199.2,10201.0,11:20:00,10216.21123323106,3,26
2018-10-11,10209.7,10210.15,10198.4,10201.45,11:25:00,10215.591115780484,3,27
2018-10-11,10204.55,10216.45,10203.35,10209.8,11:30:00,10214.539580944249,3,28
2018-10-11,10212.3,10217.05,10203.75,10204.45,11:35:00,10214.326287520986,3,29
2018-10-11,10211.65,10214.3,10203.2,10213.1,11:40:00,10214.071402995178,3,30
2018-10-11,10221.8,10229.1,10211.8,10211.8,11:45:00,10214.80745985278,3,31
2018-10-11,10225.5,10233.6,10222.2,10222.35,11:50:00,10215.825797009658,3,32
2018-10-11,10247.65,10248.3,10221.95,10225.4,11:55:00,10218.85667348493,3,33
2018-10-11,10248.5,10256.5,10240.05,10252.4,12:00:00,10221.679847438743,3,34
2018-10-11,10236.0,10249.65,10232.3,10248.35,12:05:00,10223.043671492198,3,35
2018-10-11,10261.1,10267.0,10235.4,10235.7,12:10:00,10226.668083731036,3,36
2018-10-11,10274.5,10274.5,10258.7,10262.05,12:15:00,10231.22350432808,3,37
2018-10-11,10271.1,10278.4,10264.5,10276.6,12:20:00,10235.021265820644,3,38
2018-10-11,10260.3,10279.8,10259.5,10271.25,12:25:00,10237.428764313916,3,39
2018-10-11,10252.0,10261.55,10247.95,10260.7,12:30:00,10238.816501045923,3,40
2018-10-11,10251.35,10261.65,10250.65,10252.3,12:35:00,10240.01016761298,3,41
2018-10-11,10275.1,10275.1,10248.7,10251.5,12:40:00,10243.352056411744,3,42
2018-10-11,10301.0,10302.9,10275.15,10275.2,12:45:00,10248.842336753482,3,43
2018-10-11,10311.15,10316.55,10292.0,10300.35,12:50:00,10254.776399919816,3,44
2018-10-11,10314.85,10330.45,10305.3,10310.9,12:55:00,10260.497695165548,3,45
2018-10-11,10323.75,10324.7,10302.25,10314.55,13:00:00,10266.5217241974,3,46
2018-10-11,10317.35,10335.95,10310.75,10324.45,13:05:00,10271.362512369076,3,47
2018-10-11,10316.2,10330.8,10310.05,10316.7,13:10:00,10275.632749286307,3,48
2018-10-11,10315.3,10325.8,10310.9,10316.75,13:15:00,10279.410582687611,3,49
2018-10-11,10306.0,10318.1,10296.95,10314.55,13:20:00,10281.942908145931,3,50
2018-10-11,10295.05,10318.0,10294.8,10306.85,13:25:00,10283.191202608225,3,51
2018-10-11,10310.7,10311.8,10287.95,10296.6,13:30:00,10285.811088074108,3,52
2018-10-11,10318.95,10321.45,10308.25,10310.75,13:35:00,10288.967174924192,3,53
2018-10-11,10314.55,10322.3,10302.7,10320.6,13:40:00,10291.403634455222,3,54
2018-10-11,10281.0,10315.9,10274.15,10314.6,13:45:00,10290.412812126153,3,55
2018-10-11,10283.2,10296.4,10271.5,10281.85,13:50:00,10289.725877637948,3,56
2018-10-11,10286.05,10291.4,10274.85,10281.55,13:55:00,10289.37579405338,3,57
2018-10-11,10288.75,10300.2,10285.35,10287.55,14:00:00,10289.316194619729,3,58
2018-10-11,10265.65,10293.35,10265.65,10288.2,14:05:00,10287.06227132261,3,59
2018-10-11,10253.15,10266.5,10246.5,10264.55,14:10:00,10283.832531196647,3,60
2018-10-11,10222.2,10254.15,10217.8,10252.65,14:15:00,10277.962766320776,3,61
2018-10-11,10243.85,10247.75,10223.3,10223.3,14:20:00,10274.713931433083,3,62
2018-10-11,10206.7,10243.35,10205.5,10243.35,14:25:00,10268.236414153744,3,63
2018-10-11,10202.1,10218.55,10200.85,10205.5,14:30:00,10261.937708043864,3,64
2018-10-11,10204.9,10205.0,10187.8,10202.85,14:35:00,10256.505545373018,3,65
2018-10-11,10200.45,10210.3,10188.5,10206.9,14:40:00,10251.16692200416,3,66
2018-10-11,10192.75,10204.15,10191.65,10199.75,14:45:00,10245.603405622813,3,67
2018-10-11,10229.4,10229.4,10192.3,10192.65,14:50:00,10244.060224134926,3,68
2018-10-11,10250.95,10250.95,10215.65,10229.2,14:55:00,10244.716393264933,3,69
2018-10-11,10238.3,10255.15,10232.2,10250.55,15:00:00,10244.105308192084,3,70
2018-10-11,10230.35,10243.75,10226.85,10237.55,15:05:00,10242.795278840458,3,71
2018-10-11,10226.9,10230.4,10209.3,10230.4,15:10:00,10241.281442760415,3,72
2018-10-11,10236.35,10236.6,10220.05,10226.8,15:15:00,10240.811781545135,3,73
2018-10-11,10248.95,10251.35,10233.5,10236.5,15:20:00,10241.58684996941,3,74
2018-10-11,10250.5,10250.5,10241.25,10248.85,15:25:00,10242.435721400894,3,75
2018-10-12,10385.3,10385.3,10322.15,10322.15,09:15:00,10256.04184317224,4,1
2018-10-12,10389.7,10398.55,10385.4,10385.85,09:20:00,10268.77119144155,4,2
2018-10-12,10389.45,10397.15,10374.9,10389.85,09:25:00,10280.26441130426,4,3
2018-10-12,10406.55,10406.55,10387.35,10390.1,09:30:00,10292.291610227663,4,4
2018-10-12,10408.55,10414.7,10404.2,10406.2,09:35:00,10303.363837825029,4,5
2018-10-12,10395.15,10411.0,10395.15,10408.65,09:40:00,10312.105377079788,4,6
2018-10-12,10392.95,10407.15,10392.95,10394.8,09:45:00,10319.80486497695,4,7
2018-10-12,10414.75,10414.75,10390.0,10393.85,09:50:00,10328.847258788668,4,8
2018-10-12,10412.45,10414.4,10405.6,10412.95,09:55:00,10336.80942461832,4,9
2018-10-12,10412.65,10419.5,10407.55,10413.3,10:00:00,10344.03233655943,4,10
2018-10-12,10431.5,10434.05,10411.3,10412.85,10:05:00,10352.362590220437,4,11
2018-10-12,10441.7,10443.2,10429.6,10431.7,10:10:00,10360.870914961348,4,12
2018-10-12,10437.95,10449.15,10437.95,10441.65,10:15:00,10368.211780203124,4,13
2018-10-12,10430.7,10440.65,10427.4,10437.0,10:20:00,10374.163039231398,4,14
2018-10-12,10438.3,10440.15,10428.65,10431.15,10:25:00,10380.27132120936,4,15
2018-10-12,10430.8,10443.15,10429.55,10438.05,10:30:00,10385.083576332278,4,16
2018-10-12,10425.1,10432.5,10423.85,10431.0,10:35:00,10388.894664300631,4,17
2018-10-12,10425.85,10427.2,10419.75,10426.3,10:40:00,10392.414220081526,4,18
2018-10-12,10432.7,10441.4,10426.45,10426.5,10:45:00,10396.250961026142,4,19
2018-10-12,10435.8,10437.2,10425.4,10433.0,10:50:00,10400.01753616651,4,20
2018-10-12,10429.65,10440.35,10429.65,10435.45,10:55:00,10402.839675579222,4,21
2018-10-12,10431.65,10435.9,10428.35,10429.85,11:00:00,10405.583516000248,4,22
2018-10-12,10430.5,10436.2,10430.15,10431.6,11:05:00,10407.956514476416,4,23
2018-10-12,10438.9,10438.95,10429.6,10431.2,11:10:00,10410.903513097708,4,24
2018-10-12,10442.35,10444.35,10438.3,10438.6,11:15:00,10413.898416612212,4,25
2018-10-12,10450.75,10453.95,10442.1,10442.1,11:20:00,10417.408091220572,4,26
2018-10-12,10442.25,10453.4,10442.05,10450.4,11:25:00,10419.773987294802,4,27
2018-10-12,10456.1,10457.35,10441.5,10442.45,11:30:00,10423.233607552442,4,28
2018-10-12,10443.85,10456.45,10438.0,10455.95,11:35:00,10425.197073499829,4,29
2018-10-12,10450.0,10453.05,10439.45,10442.65,11:40:00,10427.559256976036,4,30
2018-10-12,10453.2,10458.05,10447.95,10450.1,11:45:00,10430.001232502127,4,31
2018-10-12,10451.35,10458.8,10446.4,10453.25,11:50:00,10432.034448454306,4,32
2018-10-12,10456.4,10459.1,10448.95,10452.15,11:55:00,10434.354977172943,4,33
2018-10-12,10449.75,10457.5,10445.85,10456.75,12:00:00,10435.82116982314,4,34
2018-10-12,10450.0,10454.1,10446.9,10450.05,12:05:00,10437.171534601888,4,35
2018-10-12,10442.5,10449.75,10438.45,10449.75,12:10:00,10437.679007496949,4,36
2018-10-12,10449.5,10451.15,10442.3,10442.75,12:15:00,10438.80481630676,4,37
2018-10-12,10446.3,10454.3,10445.65,10449.85,12:20:00,10439.518643325166,4,38
2018-10-12,10449.95,10452.45,10445.1,10446.1,12:25:00,10440.512105865626,4,39
2018-10-12,10443.1,10450.7,10441.9,10449.9,12:30:00,10440.758571973662,4,40
2018-10-12,10447.65,10449.6,10439.35,10443.15,12:35:00,10441.41489845236,4,41
2018-10-12,10455.8,10457.75,10447.55,10448.05,12:40:00,10442.784908123564,4,42
2018-10-12,10464.5,10464.5,10455.4,10455.95,12:45:00,10444.853012111796,4,43
2018-10-12,10466.2,10470.9,10464.45,10465.0,12:50:00,10446.88605857734,4,44
2018-10-12,10464.3,10467.15,10459.35,10466.55,12:55:00,10448.544529189025,4,45
2018-10-12,10453.25,10464.35,10444.25,10463.7,13:00:00,10448.992669266258,4,46
2018-10-12,10451.4,10461.85,10450.45,10452.5,13:05:00,10449.221938859948,4,47
2018-10-12,10465.4,10467.85,10450.65,10451.35,13:10:00,10450.762706587571,4,48
2018-10-12,10479.2,10479.2,10464.95,10465.7,13:15:00,10453.4710202459,4,49
2018-10-12,10473.75,10483.55,10472.45,10479.4,13:20:00,10455.402351651052,4,50
2018-10-12,10482.95,10484.05,10473.4,10473.85,13:25:00,10458.025937208096,4,51
2018-10-12,10484.15,10488.45,10478.35,10482.75,13:30:00,10460.513943188276,4,52
2018-10-12,10471.15,10484.55,10469.6,10484.0,13:35:00,10461.526900979869,4,53
2018-10-12,10474.7,10477.4,10469.35,10471.05,13:40:00,10462.781481838929,4,54
2018-10-12,10468.9,10477.45,10464.95,10475.05,13:45:00,10463.36419785427,4,55
2018-10-12,10454.6,10473.05,10454.6,10469.2,13:50:00,10462.529512344336,4,56
2018-10-12,10466.45,10472.05,10453.35,10454.05,13:55:00,10462.902892121068,4,57
2018-10-12,10479.1,10481.55,10466.0,10466.6,14:00:00,10464.445473823822,4,58
2018-10-12,10477.35,10479.3,10471.75,10478.95,14:05:00,10465.674476316792,4,59
2018-10-12,10482.2,10484.05,10475.95,10477.3,14:10:00,10467.248335715192,4,60
2018-10-12,10486.6,10492.45,10482.05,10482.5,14:15:00,10469.091351361363,4,61
2018-10-12,10483.3,10487.1,10480.85,10486.15,14:20:00,10470.444555993616,4,62
2018-10-12,10464.65,10484.85,10464.4,10482.95,14:25:00,10469.892693518032,4,63
2018-10-12,10470.1,10479.65,10461.45,10464.9,14:30:00,10469.912436992508,4,64
2018-10-12,10464.55,10471.6,10463.8,10470.15,14:35:00,10469.401728707506,4,65
2018-10-12,10453.2,10464.25,10452.6,10464.25,14:40:00,10467.858706925836,4,66
2018-10-12,10454.1,10460.2,10445.5,10454.15,14:45:00,10466.548353885282,4,67
2018-10-12,10452.35,10454.35,10440.9,10454.35,14:50:00,10465.196129705731,4,68
2018-10-12,10459.1,10464.5,10452.0,10452.0,14:55:00,10464.615545924233,4,69
2018-10-12,10477.8,10477.8,10459.2,10459.65,15:00:00,10465.871208217162,4,70
2018-10-12,10482.1,10483.6,10476.7,10477.7,15:05:00,10467.416807434574,4,71
2018-10-12,10478.0,10482.9,10475.55,10481.5,15:10:00,10468.424730536042,4,72
2018-10-12,10467.1,10480.2,10467.1,10477.85,15:15:00,10468.298565723086,4,73
2018-10-12,10465.05,10471.0,10464.25,10467.35,15:20:00,10467.989178511363,4,74
2018-10-12,10464.55,10466.95,10459.15,10465.45,15:25:00,10467.661637700758,4,75
2018-10-15,10458.25,10504.95,10457.45,10504.95,09:15:00,10466.765291253068,0,1
2018-10-15,10449.5,10459.35,10440.7,10459.35,09:20:00,10465.120977800394,0,2
2018-10-15,10464.35,10468.75,10445.45,10450.2,09:25:00,10465.047551343214,0,3
2018-10-15,10448.65,10462.9,10442.1,10462.7,09:30:00,10463.485879786718,0,4
2018-10-15,10446.1,10457.45,10441.9,10448.9,09:35:00,10461.830081711792,0,5
2018-10-15,10447.85,10454.0,10441.3,10446.2,09:40:00,10460.498645358288,0,6
2018-10-15,10439.25,10448.2,10432.0,10448.2,09:45:00,10458.474964847976,0,7
2018-10-15,10432.85,10442.45,10428.45,10440.1,09:50:00,10456.034492005312,0,8
2018-10-15,10434.2,10439.45,10425.35,10432.95,09:55:00,10453.955016576236,0,9
2018-10-15,10439.05,10440.2,10425.3,10434.25,10:00:00,10452.535491188024,0,10
2018-10-15,10452.55,10452.55,10438.9,10439.4,10:05:00,10452.53687297964,0,11
2018-10-15,10446.85,10454.75,10446.7,10452.5,10:10:00,10451.9952660292,0,12
2018-10-15,10446.25,10447.5,10440.4,10447.1,10:15:00,10451.448097835942,0,13
2018-10-15,10449.45,10453.45,10440.95,10446.45,10:20:00,10451.25780280395,0,14
2018-10-15,10446.8,10452.45,10444.65,10449.3,10:25:00,10450.833250155954,0,15
2018-10-15,10437.4,10447.25,10433.35,10446.35,10:30:00,10449.553892998243,0,16
2018-10-15,10437.05,10438.85,10426.75,10437.0,10:35:00,10448.36304604603,0,17
2018-10-15,10444.0,10444.25,10436.05,10437.55,10:40:00,10447.94751785117,0,18
2018-10-15,10434.9,10446.45,10432.5,10444.3,10:45:00,10446.704897103438,0,19
2018-10-15,10429.3,10437.85,10427.4,10434.95,10:50:00,10445.047287855492,0,20
2018-10-15,10424.55,10432.8,10419.05,10429.25,10:55:00,10443.095165202589,0,21
2018-10-15,10416.0,10426.6,10413.95,10424.85,11:00:00,10440.51467327853,0,22
2018-10-15,10416.4,10419.95,10410.15,10416.05,11:05:00,10438.218037728197,0,23
2018-10-15,10423.05,10423.55,10412.05,10416.65,11:10:00,10436.773462706462,0,24
2018-10-15,10420.95,10425.55,10419.15,10423.1,11:15:00,10435.266466258228,0,25
2018-10-15,10416.4,10424.7,10414.15,10421.05,11:20:00,10433.46965994792,0,26
2018-10-15,10422.95,10423.2,10415.35,10416.55,11:25:00,10432.467787571928,0,27
2018-10-15,10416.0,10423.35,10412.6,10423.05,11:30:00,10430.899426850792,0,28
2018-10-15,10427.6,10431.4,10414.5,10415.7,11:35:00,10430.585195722146,0,29
2018-10-15,10420.4,10429.95,10420.4,10427.7,11:40:00,10429.615177081942,0,30
2018-10-15,10431.3,10432.05,10419.9,10421.0,11:45:00,10429.775636407472,0,31
2018-10-15,10432.8,10436.05,10426.85,10431.1,11:50:00,10430.063671035332,0,32
2018-10-15,10436.0,10436.65,10428.35,10432.65,11:55:00,10430.629035698634,0,33
2018-10-15,10435.7,10437.0,10428.4,10435.4,12:00:00,10431.111984679716,0,34
2018-10-15,10449.85,10450.15,10434.0,10435.0,12:05:00,10432.896557567365,0,35
2018-10-15,10455.6,10462.4,10449.15,10449.2,12:10:00,10435.058790179995,0,36
2018-10-15,10452.85,10464.15,10451.65,10455.55,12:15:00,10436.753191115236,0,37
2018-10-15,10458.9,10462.4,10452.9,10453.0,12:20:00,10438.862411009022,0,38
2018-10-15,10474.0,10479.75,10458.15,10459.15,12:25:00,10442.20884805578,0,39
2018-10-15,10472.0,10477.95,10465.45,10473.95,12:30:00,10445.046100621896,0,40
2018-10-15,10460.3,10473.9,10460.3,10471.7,12:35:00,10446.49885294362,0,41
2018-10-15,10470.9,10471.75,10459.1,10460.15,12:40:00,10448.822771710897,0,42
2018-10-15,10472.5,10473.25,10465.0,10470.85,12:45:00,10451.077745833669,0,43
2018-10-15,10468.3,10473.65,10459.9,10472.6,12:50:00,10452.717960516176,0,44
2018-10-15,10479.35,10479.35,10467.35,10468.5,12:55:00,10455.25434522892,0,45
2018-10-15,10477.3,10484.7,10476.6,10479.55,13:00:00,10457.353931397596,0,46
2018-10-15,10474.4,10481.6,10472.9,10478.3,13:05:00,10458.977366502586,0,47
2018-10-15,10474.9,10478.3,10470.45,10474.45,13:10:00,10460.493807788054,0,48
2018-10-15,10501.5,10501.75,10475.35,10475.35,13:15:00,10464.399159427288,0,49
2018-10-15,10519.3,10523.55,10496.2,10501.7,13:20:00,10469.627810910402,0,50
2018-10-15,10511.4,10520.7,10507.8,10519.55,13:25:00,10473.60611463322,0,51
2018-10-15,10515.85,10519.9,10513.5,10513.5,13:30:00,10477.629341811007,0,52
2018-10-15,10502.15,10526.3,10500.0,10516.6,13:35:00,10479.964642590914,0,53
2018-10-15,10508.9,10515.6,10501.95,10503.9,13:40:00,10482.720390915589,0,54
2018-10-15,10486.05,10511.05,10485.9,10510.05,13:45:00,10483.037496542674,0,55
2018-10-15,10474.5,10491.85,10470.55,10486.4,13:50:00,10482.22440163385,0,56
2018-10-15,10459.7,10475.7,10449.55,10475.7,13:55:00,10480.079220525864,0,57
2018-10-15,10480.95,10483.3,10451.8,10458.1,14:00:00,10480.162151904357,0,58
2018-10-15,10461.15,10481.0,10461.15,10480.85,14:05:00,10478.351470770604,0,59
2018-10-15,10472.3,10478.4,10459.5,10460.5,14:10:00,10477.775140221023,0,60
2018-10-15,10460.45,10476.75,10456.85,10472.6,14:15:00,10476.12512686664,0,61
2018-10-15,10466.1,10467.65,10454.4,10460.35,14:20:00,10475.17035287934,0,62
2018-10-15,10456.5,10467.85,10455.85,10466.2,14:25:00,10473.392224033689,0,63
2018-10-15,10482.4,10482.9,10451.1,10456.9,14:30:00,10474.250107459053,0,64
2018-10-15,10490.5,10501.5,10482.75,10482.75,14:35:00,10475.797716272476,0,65
2018-10-15,10493.9,10496.55,10482.15,10489.9,14:40:00,10477.521743294144,0,66
2018-10-15,10491.3,10503.65,10490.95,10492.85,14:45:00,10478.83395821851,0,67
2018-10-15,10504.55,10511.0,10489.6,10491.45,14:50:00,10481.283105054845,0,68
2018-10-15,10502.95,10510.9,10499.05,10505.1,14:55:00,10483.346618859145,0,69
2018-10-15,10500.45,10503.9,10491.6,10502.05,15:00:00,10484.97551230113,0,70
2018-10-15,10514.3,10514.3,10497.3,10500.1,15:05:00,10487.768320653402,0,71
2018-10-15,10516.5,10517.6,10510.95,10514.25,15:10:00,10490.504671067363,0,72
2018-10-15,10516.8,10519.7,10511.7,10516.55,15:15:00,10493.00898810857,0,73
2018-10-15,10524.1,10524.6,10513.9,10516.4,15:20:00,10495.970036860132,0,74
2018-10-15,10516.45,10524.55,10515.1,10524.25,15:25:00,10497.92050954012,0,75
2018-10-16,10554.9,10556.0,10525.3,10545.25,09:15:00,10503.347127679155,1,1
2018-10-16,10571.4,10571.6,10552.55,10554.85,09:20:00,10509.828353614475,1,2
2018-10-16,10573.65,10575.25,10560.75,10571.65,09:25:00,10515.906605651193,1,3
2018-10-16,10579.2,10583.75,10571.65,10575.65,09:30:00,10521.934547970124,1,4
2018-10-16,10571.45,10580.7,10567.95,10578.6,09:35:00,10526.650305306302,1,5
2018-10-16,10577.7,10583.3,10570.45,10571.0,09:40:00,10531.512180991416,1,6
2018-10-16,10577.05,10584.15,10573.1,10577.35,09:45:00,10535.849116135092,1,7
2018-10-16,10580.55,10581.2,10573.25,10577.35,09:50:00,10540.106343169844,1,8
2018-10-16,10580.35,10587.4,10578.75,10580.6,09:55:00,10543.939072391764,1,9
2018-10-16,10579.25,10580.95,10573.5,10580.3,10:00:00,10547.302017878264,1,10
2018-10-16,10585.4,10588.5,10577.75,10579.35,10:05:00,10550.930397127951,1,11
2018-10-16,10588.0,10589.4,10583.1,10585.25,10:10:00,10554.46083549672,1,12
2018-10-16,10595.55,10595.55,10587.4,10588.15,10:15:00,10558.374089258936,1,13
2018-10-16,10593.75,10598.9,10590.4,10595.6,10:20:00,10561.743223615227,1,14
2018-10-16,10594.5,10600.15,10590.05,10593.7,10:25:00,10564.862916604254,1,15
2018-10-16,10596.8,10599.05,10593.5,10595.4,10:30:00,10567.904543594326,1,16
2018-10-16,10601.85,10604.9,10596.45,10596.5,10:35:00,10571.13744420439,1,17
2018-10-16,10588.2,10602.45,10588.15,10602.1,10:40:00,10572.762449518255,1,18
2018-10-16,10585.1,10594.45,10584.75,10589.8,10:45:00,10573.937454326042,1,19
2018-10-16,10589.2,10594.0,10583.2,10585.45,10:50:00,10575.391030104514,1,20
2018-10-16,10584.9,10593.05,10584.35,10589.55,10:55:00,10576.296646285038,1,21
2018-10-16,10589.7,10591.6,10582.0,10586.05,11:00:00,10577.573156162653,1,22
2018-10-16,10593.9,10598.05,10587.7,10590.9,11:05:00,10579.12809367097,1,23
2018-10-16,10587.5,10594.8,10586.1,10594.8,11:10:00,10579.92541808326,1,24
2018-10-16,10578.2,10588.35,10574.25,10588.35,11:15:00,10579.761092551522,1,25
2018-10-16,10577.85,10584.4,10576.85,10577.35,11:20:00,10579.579083737091,1,26
2018-10-16,10572.0,10578.4,10567.45,10577.5,11:25:00,10578.85726623832,1,27
2018-10-16,10568.65,10571.95,10563.75,10571.8,11:30:00,10577.885145644195,1,28
2018-10-16,10558.85,10574.15,10558.85,10568.75,11:35:00,10576.072274630464,1,29
2018-10-16,10557.55,10564.1,10556.6,10558.55,11:40:00,10574.30824847518,1,30
2018-10-16,10558.75,10562.85,10554.5,10557.35,11:45:00,10572.826510525165,1,31
2018-10-16,10561.65,10566.65,10555.2,10558.25,11:50:00,10571.76208095134,1,32
2018-10-16,10564.7,10568.5,10559.95,10560.7,11:55:00,10571.089501813116,1,33
2018-10-16,10558.85,10565.45,10558.35,10564.8,12:00:00,10569.923834973772,1,34
2018-10-16,10547.85,10558.65,10544.65,10558.55,12:05:00,10567.82156497627,1,35
2018-10-16,10552.55,10555.6,10547.75,10547.75,12:10:00,10566.367130216626,1,36
2018-10-16,10556.75,10563.25,10550.3,10552.25,12:15:00,10565.451213053137,1,37
2018-10-16,10553.25,10560.65,10552.35,10556.8,12:20:00,10564.289192762362,1,38
2018-10-16,10556.1,10561.6,10552.05,10552.65,12:25:00,10563.509269642138,1,39
2018-10-16,10540.85,10556.85,10540.75,10556.6,12:30:00,10561.351243961934,1,40
2018-10-16,10546.75,10549.0,10537.6,10541.05,12:35:00,10559.960649298891,1,41
2018-10-16,10568.5,10568.8,10546.35,10546.8,12:40:00,10560.773920794236,1,42
2018-10-16,10573.35,10576.1,10564.85,10568.6,12:45:00,10561.971642623355,1,43
2018-10-16,10571.9,10575.5,10569.05,10573.3,12:50:00,10562.917200468752,1,44
2018-10-16,10588.45,10588.45,10573.05,10573.55,12:55:00,10565.348895662204,1,45
2018-10-16,10575.95,10590.95,10575.7,10590.95,13:00:00,10566.358524646756,1,46
2018-10-16,10585.9,10589.15,10575.75,10577.75,13:05:00,10568.21961753754,1,47
2018-10-16,10580.5,10589.2,10578.1,10586.45,13:10:00,10569.389177772058,1,48
2018-10-16,10580.8,10586.45,10579.85,10582.0,13:15:00,10570.475922746147,1,49
2018-10-16,10582.4,10590.75,10580.65,10582.3,13:20:00,10571.611549151276,1,50
2018-10-16,10571.1,10585.85,10571.1,10584.95,13:25:00,10571.562830184488,1,51
2018-10-16,10580.8,10581.2,10569.95,10573.8,13:30:00,10572.442560643109,1,52
2018-10-16,10571.3,10582.6,10570.9,10582.15,13:35:00,10572.333745343763,1,53
2018-10-16,10578.95,10579.2,10568.2,10572.75,13:40:00,10572.963864834834,1,54
2018-10-16,10587.1,10587.95,10579.65,10582.05,13:45:00,10574.310163421991,1,55
2018-10-16,10587.95,10588.95,10581.0,10588.8,13:50:00,10575.60919547704,1,56
2018-10-16,10588.85,10592.05,10586.75,10590.05,13:55:00,10576.870224479228,1,57
2018-10-16,10584.1,10597.05,10584.1,10590.35,14:00:00,10577.558774528825,1,58
2018-10-16,10585.35,10588.5,10580.65,10583.7,14:05:00,10578.30079600227,1,59
2018-10-16,10586.75,10591.8,10585.3,10585.8,14:10:00,10579.105482097291,1,60
2018-10-16,10582.5,10587.0,10576.4,10586.9,14:15:00,10579.428769516597,1,61
2018-10-16,10586.55,10589.9,10581.15,10581.8,14:20:00,10580.106981943589,1,62
2018-10-16,10589.35,10591.5,10586.4,10587.85,14:25:00,10580.98726937753,1,63
2018-10-16,10577.85,10594.0,10576.7,10590.15,14:30:00,10580.688481817766,1,64
2018-10-16,10586.35,10586.85,10574.9,10577.4,14:35:00,10581.227674025598,1,65
2018-10-16,10577.1,10586.55,10576.05,10585.35,14:40:00,10580.834562213637,1,66
2018-10-16,10575.2,10581.7,10574.05,10576.3,14:45:00,10580.297937240908,1,67
2018-10-16,10575.2,10575.95,10565.3,10574.85,14:50:00,10579.81241940844,1,68
2018-10-16,10565.3,10575.45,10564.8,10575.45,14:55:00,10578.430284226684,1,69
2018-10-16,10584.05,10587.1,10566.65,10566.8,15:00:00,10578.965495252714,1,70
2018-10-16,10586.6,10592.1,10583.75,10584.45,15:05:00,10579.692590942932,1,71
2018-10-16,10590.45,10592.6,10585.3,10586.8,15:10:00,10580.717106091224,1,72
2018-10-16,10591.2,10593.85,10584.1,10590.75,15:15:00,10581.71547693968,1,73
2018-10-16,10583.8,10591.6,10579.45,10591.6,15:20:00,10581.914002945425,1,74
2018-10-16,10576.6,10582.9,10571.25,10582.9,15:25:00,10581.407907426812,1,75
2018-10-17,10677.75,10710.15,10677.75,10688.3,09:15:00,10590.583344814731,2,1
2018-10-17,10669.45,10681.25,10666.55,10677.95,09:20:00,10598.094454832377,2,2
2018-10-17,10661.9,10674.0,10655.9,10668.9,09:25:00,10604.171173419769,2,3
2018-10-17,10663.5,10663.6,10644.8,10660.0,09:30:00,10609.821537855982,2,4
2018-10-17,10665.35,10672.95,10659.55,10663.25,09:35:00,10615.109962822078,2,5
2018-10-17,10655.05,10665.6,10652.5,10665.5,09:40:00,10618.913775886642,2,6
2018-10-17,10657.45,10668.1,10653.25,10654.55,09:45:00,10622.583892468869,2,7
2018-10-17,10640.65,10656.35,10638.6,10656.35,09:50:00,10624.304474138498,2,8
2018-10-17,10631.15,10641.75,10626.95,10639.9,09:55:00,10624.95642898245,2,9
2018-10-17,10632.05,10634.2,10613.7,10631.3,10:00:00,10625.6320071746,2,10
2018-10-17,10639.0,10642.6,10627.1,10631.65,10:05:00,10626.905149348448,2,11
2018-10-17,10646.55,10646.85,10632.55,10638.55,10:10:00,10628.77608750574,2,12
2018-10-17,10641.35,10654.25,10640.1,10647.15,10:15:00,10629.973602981385,2,13
2018-10-17,10634.9,10642.65,10631.5,10641.2,10:20:00,10630.442783649823,2,14
2018-10-17,10636.0,10639.65,10630.0,10634.65,10:25:00,10630.97204234984,2,15
2018-10-17,10613.35,10636.85,10610.7,10636.85,10:30:00,10629.293752602236,2,16
2018-10-17,10618.2,10622.55,10610.5,10613.6,10:35:00,10628.237204735356,2,17
2018-10-17,10613.4,10617.25,10608.0,10617.25,10:40:00,10626.824137617705,2,18
2018-10-17,10615.8,10623.85,10612.95,10613.7,10:45:00,10625.77421974935,2,19
2018-10-17,10621.65,10626.85,10615.5,10615.85,10:50:00,10625.38143691608,2,20
2018-10-17,10617.3,10622.75,10615.95,10621.5,10:55:00,10624.611776257403,2,21
2018-10-17,10605.7,10617.05,10602.9,10617.0,11:00:00,10622.81065470908,2,22
2018-10-17,10603.3,10611.65,10600.9,10605.8,11:05:00,10620.95249711774,2,23
2018-10-17,10608.1,10608.2,10597.2,10603.4,11:10:00,10619.728449773193,2,24
2018-10-17,10604.0,10611.2,10603.25,10608.2,11:15:00,10618.230502175746,2,25
2018-10-17,10613.6,10616.95,10603.6,10603.6,11:20:00,10617.789501968531,2,26
2018-10-17,10597.8,10613.6,10577.45,10613.25,11:25:00,10615.88573987629,2,27
2018-10-17,10588.35,10599.35,10578.7,10598.55,11:30:00,10613.2632884595,2,28
2018-10-17,10580.25,10592.35,10579.15,10589.75,11:35:00,10610.11916574907,2,29
2018-10-17,10570.35,10581.85,10568.3,10580.3,11:40:00,10606.331626153922,2,30
2018-10-17,10582.1,10582.1,10566.6,10570.2,11:45:00,10604.023852234504,2,31
2018-10-17,10593.5,10593.95,10580.75,10582.0,11:50:00,10603.02158059312,2,32
2018-10-17,10595.1,10598.6,10591.25,10593.45,11:55:00,10602.267144346157,2,33
2018-10-17,10604.45,10607.75,10593.7,10595.3,12:00:00,10602.475035360809,2,34
2018-10-17,10595.6,10607.15,10595.2,10604.85,12:05:00,10601.82027008835,2,35
2018-10-17,10609.25,10610.15,10594.9,10594.9,12:10:00,10602.527863413268,2,36
2018-10-17,10610.35,10615.75,10605.1,10609.15,12:15:00,10603.27282880248,2,37
2018-10-17,10607.0,10615.1,10606.85,10610.25,12:20:00,10603.62779748796,2,38
2018-10-17,10598.5,10608.9,10595.95,10607.1,12:25:00,10603.13943582244,2,39
2018-10-17,10595.05,10599.1,10587.55,10598.6,12:30:00,10602.36901336316,2,40
2018-10-17,10595.65,10603.45,10595.2,10595.6,12:35:00,10601.729107328572,2,41
2018-10-17,10594.55,10602.75,10594.55,10596.65,12:40:00,10601.045382821088,2,42
2018-10-17,10591.1,10593.7,10580.7,10591.7,12:45:00,10600.098203504793,2,43
2018-10-17,10597.0,10598.95,10589.6,10591.55,12:50:00,10599.803136504335,2,44
2018-10-17,10590.65,10599.0,10588.85,10597.95,12:55:00,10598.93140921821,2,45
2018-10-17,10583.8,10590.65,10581.55,10590.25,13:00:00,10597.490322626,2,46
2018-10-17,10575.7,10586.5,10573.05,10583.45,13:05:00,10595.415053804476,2,47
2018-10-17,10566.7,10575.9,10557.5,10575.9,13:10:00,10592.68028677548,2,48
2018-10-17,10567.95,10572.3,10562.6,10567.55,13:15:00,10590.325021368291,2,49
2018-10-17,10558.25,10579.05,10553.05,10568.35,13:20:00,10587.270257428454,2,50
2018-10-17,10536.25,10556.4,10534.6,10556.4,13:25:00,10582.41118529241,2,51
2018-10-17,10540.5,10552.85,10532.0,10535.9,13:30:00,10578.41964383599,2,52
2018-10-17,10549.05,10552.75,10538.0,10540.25,13:35:00,10575.622534899228,2,53
2018-10-17,10549.65,10556.4,10545.5,10550.4,13:40:00,10573.148960146922,2,54
2018-10-17,10546.9,10551.8,10542.65,10549.15,13:45:00,10570.649059180549,2,55
2018-10-17,10554.85,10557.95,10544.45,10547.2,13:50:00,10569.14438687764,2,56
2018-10-17,10548.2,10557.2,10543.55,10557.2,13:55:00,10567.149683365486,2,57
2018-10-17,10536.15,10549.35,10536.15,10548.55,14:00:00,10564.197332568772,2,58
2018-10-17,10534.15,10538.05,10522.9,10538.05,14:05:00,10561.335681847935,2,59
2018-10-17,10536.3,10546.35,10534.1,10535.95,14:10:00,10558.951331195753,2,60
2018-10-17,10528.1,10538.4,10527.5,10538.4,14:15:00,10556.013109177107,2,61
2018-10-17,10526.85,10531.35,10519.45,10528.8,14:20:00,10553.23567020786,2,62
2018-10-17,10509.55,10528.9,10505.4,10528.9,14:25:00,10549.075130188065,2,63
2018-10-17,10476.4,10513.1,10471.4,10510.8,14:30:00,10542.153689217772,2,64
2018-10-17,10491.15,10492.95,10476.5,10479.35,14:35:00,10537.296195006556,2,65
2018-10-17,10511.7,10516.0,10489.25,10493.35,14:40:00,10534.858462148788,2,66
2018-10-17,10495.0,10515.85,10490.9,10514.65,14:45:00,10531.062418134616,2,67
2018-10-17,10499.55,10501.6,10487.15,10495.7,14:50:00,10528.06123545513,2,68
2018-10-17,10492.15,10507.25,10491.3,10501.7,14:55:00,10524.641117792737,2,69
2018-10-17,10458.1,10492.15,10454.55,10491.95,15:00:00,10518.303868479145,2,70
2018-10-17,10442.5,10465.45,10436.5,10458.55,15:05:00,10511.08445243351,2,71
2018-10-17,10455.05,10456.25,10436.45,10442.75,15:10:00,10505.747837916031,2,72
2018-10-17,10454.1,10455.3,10439.3,10455.2,15:15:00,10500.828996209744,2,73
2018-10-17,10444.55,10461.1,10442.05,10454.5,15:20:00,10495.469091808816,2,74
2018-10-17,10459.7,10461.7,10444.75,10444.75,15:25:00,10492.062511636548,2,75
2018-10-19,10333.2,10343.35,10304.6,10322.25,09:15:00,10476.932748623543,4,1
2018-10-19,10358.15,10361.55,10327.0,10333.25,09:20:00,10465.620105897491,4,2
2018-10-19,10363.4,10380.1,10355.3,10356.45,09:25:00,10455.884857716776,4,3
2018-10-19,10330.6,10366.1,10326.9,10365.35,09:30:00,10443.952966505656,4,4
2018-10-19,10317.6,10337.4,10314.0,10330.9,09:35:00,10431.919350647977,4,5
2018-10-19,10318.55,10327.45,10307.85,10317.3,09:40:00,10421.122269633885,4,6
2018-10-19,10322.45,10334.4,10316.5,10317.35,09:45:00,10411.724910621131,4,7
2018-10-19,10342.65,10342.65,10321.6,10322.6,09:50:00,10405.146347704836,4,8
2018-10-19,10342.4,10344.9,10329.0,10342.85,09:55:00,10399.17050506628,4,9
2018-10-19,10341.6,10349.65,10338.5,10341.75,10:00:00,10393.687599821871,4,10
2018-10-19,10340.55,10347.0,10333.7,10341.5,10:05:00,10388.626876029311,4,11
2018-10-19,10362.3,10362.85,10339.25,10340.0,10:10:00,10386.11955450271,4,12
2018-10-19,10341.55,10367.9,10341.55,10362.05,10:15:00,10381.87483502626,4,13
2018-10-19,10333.15,10343.85,10327.6,10342.0,10:20:00,10377.23437454757,4,14
2018-10-19,10321.2,10333.6,10321.2,10333.6,10:25:00,10371.897767447805,4,15
2018-10-19,10319.35,10332.4,10317.35,10321.7,10:30:00,10366.89321816706,4,16
2018-10-19,10324.35,10328.7,10319.85,10319.85,10:35:00,10362.84148310353,4,17
2018-10-19,10310.1,10326.55,10310.0,10324.8,10:40:00,10357.818484712718,4,18
2018-10-19,10304.3,10310.3,10293.7,10310.3,10:45:00,10352.72148616865,4,19
2018-10-19,10300.55,10309.85,10297.75,10304.95,10:50:00,10347.752773200207,4,20
2018-10-19,10307.2,10316.75,10301.2,10301.2,10:55:00,10343.890604323997,4,21
2018-10-19,10299.0,10307.0,10290.75,10307.0,11:00:00,10339.615308674092,4,22
2018-10-19,10301.5,10308.2,10294.8,10298.95,11:05:00,10335.98527927656,4,23
2018-10-19,10308.3,10308.5,10294.25,10302.0,11:10:00,10333.348586012124,4,24
2018-10-19,10323.25,10323.25,10308.25,10308.35,11:15:00,10332.386815915732,4,25
2018-10-19,10336.4,10338.35,10316.8,10323.3,11:20:00,10332.769023923756,4,26
2018-10-19,10337.85,10344.85,10328.95,10336.6,11:25:00,10333.252926407207,4,27
2018-10-19,10339.9,10345.0,10334.15,10337.95,11:30:00,10333.885981035091,4,28
2018-10-19,10348.35,10349.55,10333.55,10339.8,11:35:00,10335.263506650796,4,29
2018-10-19,10337.5,10352.2,10334.6,10349.15,11:40:00,10335.476506017389,4,30
2018-10-19,10323.65,10342.6,10320.95,10337.75,11:45:00,10334.350172110971,4,31
2018-10-19,10329.9,10333.15,10322.45,10324.25,11:50:00,10333.92634619564,4,32
2018-10-19,10338.7,10343.3,10330.5,10330.5,11:55:00,10334.380979891292,4,33
2018-10-19,10344.3,10345.7,10338.4,10338.8,12:00:00,10335.325648473074,4,34
2018-10-19,10334.05,10349.6,10333.75,10344.75,12:05:00,10335.204158142304,4,35
2018-10-19,10336.15,10343.0,10333.55,10334.2,12:10:00,10335.294238319228,4,36
2018-10-19,10342.2,10342.45,10331.2,10336.05,12:15:00,10335.951929907873,4,37
2018-10-19,10326.55,10345.65,10325.55,10342.55,12:20:00,10335.056508011883,4,38
2018-10-19,10316.6,10328.25,10313.45,10327.35,12:25:00,10333.298745344086,4,39
2018-10-19,10311.95,10323.15,10310.65,10316.3,12:30:00,10331.265531501793,4,40
2018-10-19,10320.5,10329.1,10312.5,10312.85,12:35:00,10330.240242787337,4,41
2018-10-19,10324.2,10329.25,10314.35,10320.4,12:40:00,10329.664981569496,4,42
2018-10-19,10317.65,10324.4,10308.65,10324.4,12:45:00,10328.520697610496,4,43
2018-10-19,10326.05,10329.2,10315.95,10317.9,12:50:00,10328.28539307616,4,44
2018-10-19,10335.3,10336.3,10323.7,10326.45,12:55:00,10328.95345087843,4,45
2018-10-19,10322.2,10339.2,10322.0,10335.2,13:00:00,10328.310265080489,4,46
2018-10-19,10325.05,10327.3,10318.4,10322.05,13:05:00,10327.999763644251,4,47
2018-10-19,10316.25,10324.7,10315.85,10324.45,13:10:00,10326.880738535276,4,48
2018-10-19,10293.2,10317.65,10291.6,10316.3,13:15:00,10323.673049150962,4,49
2018-10-19,10286.8,10300.5,10285.25,10293.7,13:20:00,10320.161330184204,4,50
2018-10-19,10294.9,10296.95,10285.7,10287.35,13:25:00,10317.755489214282,4,51
2018-10-19,10286.2,10297.0,10279.1,10295.6,13:30:00,10314.750204527209,4,52
2018-10-19,10279.7,10286.2,10271.0,10285.8,13:35:00,10311.41208981033,4,53
2018-10-19,10270.8,10284.9,10270.8,10279.15,13:40:00,10307.544271733155,4,54
2018-10-19,10264.25,10273.85,10260.75,10270.8,13:45:00,10303.421007758569,4,55
2018-10-19,10260.7,10264.3,10251.95,10264.3,13:50:00,10299.35234035299,4,56
2018-10-19,10251.35,10263.9,10250.35,10260.5,13:55:00,10294.780688890802,4,57
2018-10-19,10260.35,10263.9,10249.6,10251.15,14:00:00,10291.501575663106,4,58
2018-10-19,10279.75,10280.85,10255.45,10260.7,14:05:00,10290.382377980904,4,59
2018-10-19,10269.1,10280.85,10259.5,10279.95,14:10:00,10288.355484839863,4,60
2018-10-19,10267.55,10272.5,10261.35,10269.7,14:15:00,10286.374010093212,4,61
2018-10-19,10277.75,10283.25,10255.45,10267.1,14:20:00,10285.55267579862,4,62
2018-10-19,10304.9,10306.95,10275.3,10277.7,14:25:00,10287.395278103511,4,63
2018-10-19,10313.5,10315.25,10290.4,10304.55,14:30:00,10289.881442093654,4,64
2018-10-19,10312.2,10320.5,10307.3,10313.45,14:35:00,10292.007019037115,4,65
2018-10-19,10287.05,10311.5,10286.55,10311.5,14:40:00,10291.534921985962,4,66
2018-10-19,10283.35,10296.1,10276.5,10286.6,14:45:00,10290.755405606347,4,67
2018-10-19,10279.85,10285.85,10270.8,10283.65,14:50:00,10289.7167955486,4,68
2018-10-19,10275.2,10284.95,10269.2,10279.9,14:55:00,10288.334243591593,4,69
2018-10-19,10298.35,10303.7,10275.25,10275.4,15:00:00,10289.288125154297,4,70
2018-10-19,10294.2,10312.05,10294.05,10298.3,15:05:00,10289.75592275865,4,71
2018-10-19,10301.5,10305.85,10285.5,10294.45,15:10:00,10290.874406305446,4,72
2018-10-19,10306.35,10312.9,10294.95,10301.75,15:15:00,10292.348272371592,4,73
2018-10-19,10313.5,10313.95,10303.45,10306.4,15:20:00,10294.362722621918,4,74
2018-10-19,10321.35,10321.35,10310.8,10313.05,15:25:00,10296.932939515067,4,75
2018-10-22,10349.6,10405.2,10347.2,10393.35,09:15:00,10301.948850037445,0,1
2018-10-22,10347.55,10355.35,10332.05,10349.9,09:20:00,10306.291816700545,0,2
2018-10-22,10335.5,10360.9,10335.0,10348.6,09:25:00,10309.07354844335,0,3
2018-10-22,10344.8,10351.95,10333.35,10336.8,09:30:00,10312.476067639222,0,4
2018-10-22,10330.3,10348.05,10323.25,10344.3,09:35:00,10314.173585006916,0,5
2018-10-22,10326.65,10330.6,10313.2,10330.2,09:40:00,10315.361815006258,0,6
2018-10-22,10308.45,10327.0,10289.7,10326.3,09:45:00,10314.703546910425,0,7
2018-10-22,10314.95,10318.6,10305.95,10307.9,09:50:00,10314.72701863324,0,8
2018-10-22,10320.25,10325.65,10311.65,10316.05,09:55:00,10315.253016858647,0,9
2018-10-22,10327.5,10327.9,10310.6,10320.65,10:00:00,10316.419396205443,0,10
2018-10-22,10336.45,10344.95,10327.5,10327.95,10:05:00,10318.327072757304,0,11
2018-10-22,10339.8,10343.85,10331.8,10336.15,10:10:00,10320.372113447083,0,12
2018-10-22,10333.85,10350.55,10333.85,10340.1,10:15:00,10321.65572169022,0,13
2018-10-22,10322.5,10333.9,10319.9,10332.75,10:20:00,10321.736129148296,0,14
2018-10-22,10312.1,10327.6,10311.55,10322.4,10:25:00,10320.818402562743,0,15
2018-10-22,10329.35,10332.6,10310.15,10312.5,10:30:00,10321.630935652009,0,16
2018-10-22,10324.1,10335.75,10323.25,10328.9,10:35:00,10321.86608463753,0,17
2018-10-22,10315.85,10331.95,10314.9,10323.55,10:40:00,10321.29312419586,0,18
2018-10-22,10323.9,10324.8,10313.65,10315.35,10:45:00,10321.54139808197,0,19
2018-10-22,10314.5,10324.0,10313.2,10323.6,10:50:00,10320.87078874083,0,20
2018-10-22,10314.45,10321.6,10310.0,10314.8,10:55:00,10320.259285051228,0,21
2018-10-22,10328.85,10328.85,10314.25,10314.25,11:00:00,10321.077448379683,0,22
2018-10-22,10316.55,10331.5,10316.55,10328.9,11:05:00,10320.646262819711,0,23
2018-10-22,10319.6,10324.8,10316.15,10316.85,11:10:00,10320.546618741646,0,24
2018-10-22,10327.85,10328.3,10317.5,10319.25,11:15:00,10321.24217886149,0,25
2018-10-22,10322.35,10329.65,10316.35,10328.1,11:20:00,10321.347685636589,0,26
2018-10-22,10318.3,10324.85,10313.75,10323.25,11:25:00,10321.057429861674,0,27
2018-10-22,10315.1,10325.0,10310.9,10318.45,11:30:00,10320.490055589133,0,28
2018-10-22,10324.7,10325.6,10307.4,10315.0,11:35:00,10320.89100267588,0,29
2018-10-22,10333.7,10335.65,10321.0,10324.9,11:40:00,10322.11090718294,0,30
2018-10-22,10337.95,10341.15,10333.4,10334.0,11:45:00,10323.619392213135,0,31
2018-10-22,10342.9,10347.35,10335.7,10338.2,11:50:00,10325.45564057379,0,32
2018-10-22,10342.55,10346.65,10340.1,10342.15,11:55:00,10327.083674804857,0,33
2018-10-22,10347.65,10347.65,10336.2,10342.75,12:00:00,10329.042372442487,0,34
2018-10-22,10352.9,10352.9,10340.2,10346.6,12:05:00,10331.314527447968,0,35
2018-10-22,10356.0,10360.3,10349.25,10353.0,12:10:00,10333.665524833874,0,36
2018-10-22,10361.5,10366.2,10355.3,10355.4,12:15:00,10336.316427230648,0,37
2018-10-22,10351.35,10366.65,10351.35,10362.2,12:20:00,10337.748196065824,0,38
2018-10-22,10343.9,10352.15,10342.5,10351.95,12:25:00,10338.334082154794,0,39
2018-10-22,10346.7,10352.8,10339.3,10344.1,12:30:00,10339.130836235288,0,40
2018-10-22,10351.25,10354.1,10347.25,10347.25,12:35:00,10340.285042308118,0,41
2018-10-22,10342.05,10351.1,10337.45,10351.1,12:40:00,10340.45313351687,0,42
2018-10-22,10326.5,10344.2,10324.25,10341.7,12:45:00,10339.12426365812,0,43
2018-10-22,10334.6,10336.5,10323.5,10326.65,12:50:00,10338.693381404966,0,44
2018-10-22,10331.45,10339.05,10329.55,10335.1,12:55:00,10338.003535556874,0,45
2018-10-22,10326.55,10332.35,10322.6,10331.9,13:00:00,10336.912722646695,0,46
2018-10-22,10336.7,10336.7,10323.3,10326.65,13:05:00,10336.89246334701,0,47
2018-10-22,10338.1,10344.1,10332.2,10336.55,13:10:00,10337.007466837773,0,48
2018-10-22,10331.4,10340.1,10330.05,10338.9,13:15:00,10336.473422377032,0,49
2018-10-22,10328.3,10335.45,10328.05,10332.65,13:20:00,10335.695001198266,0,50
2018-10-22,10330.15,10334.7,10327.55,10329.2,13:25:00,10335.166905846052,0,51
2018-10-22,10323.0,10332.2,10320.95,10331.4,13:30:00,10334.008152908333,0,52
2018-10-22,10314.25,10324.65,10312.6,10323.6,13:35:00,10332.12642405992,0,53
2018-10-22,10307.95,10316.05,10302.35,10315.95,13:40:00,10329.823907482783,0,54
2018-10-22,10307.75,10310.8,10299.15,10308.7,13:45:00,10327.721630579665,0,55
2018-10-22,10324.9,10324.9,10308.2,10309.3,13:50:00,10327.452903857791,0,56
2018-10-22,10325.0,10333.8,10323.05,10328.25,13:55:00,10327.219293966577,0,57
2018-10-22,10320.45,10335.6,10319.65,10325.95,14:00:00,10326.57459930309,0,58
2018-10-22,10315.2,10329.2,10314.9,10322.3,14:05:00,10325.491304131368,0,59
2018-10-22,10308.05,10317.5,10306.25,10317.0,14:10:00,10323.830227547429,0,60
2018-10-22,10307.15,10312.55,10302.9,10309.95,14:15:00,10322.241634447671,0,61
2018-10-22,10323.0,10323.1,10306.2,10307.9,14:20:00,10322.31385973837,0,62
2018-10-22,10316.3,10325.65,10315.75,10324.1,14:25:00,10321.741111191855,0,63
2018-10-22,10300.7,10327.55,10300.7,10317.65,14:30:00,10319.737195840253,0,64
2018-10-22,10298.25,10305.1,10284.05,10301.05,14:35:00,10317.690796236417,0,65
2018-10-22,10296.3,10297.7,10285.65,10297.7,14:40:00,10315.653577547237,0,66
2018-10-22,10286.95,10297.45,10277.25,10296.15,14:45:00,10312.919903495118,0,67
2018-10-22,10285.15,10286.55,10277.25,10286.55,14:50:00,10310.275150781295,0,68
2018-10-22,10280.2,10293.0,10278.3,10285.1,14:55:00,10307.410850706889,0,69
2018-10-22,10258.35,10280.1,10256.15,10280.1,15:00:00,10302.738388734804,0,70
2018-10-22,10244.35,10259.2,10242.0,10258.2,15:05:00,10297.17758980768,0,71
2018-10-22,10233.6,10245.25,10224.0,10244.15,15:10:00,10291.122581254567,0,72
2018-10-22,10237.05,10240.3,10230.1,10234.3,15:15:00,10285.972811611276,0,73
2018-10-22,10242.45,10246.65,10235.05,10237.4,15:20:00,10281.827781934013,0,74
2018-10-22,10252.7,10266.5,10242.15,10242.65,15:25:00,10279.053707464109,0,75
2018-10-23,10194.05,10194.05,10152.25,10152.3,09:15:00,10270.95811627705,1,1
2018-10-23,10188.6,10204.65,10183.85,10193.55,09:20:00,10263.114486155428,1,2
2018-10-23,10167.85,10188.6,10159.25,10188.4,09:25:00,10254.041677950148,1,3
2018-10-23,10165.6,10168.6,10154.45,10167.95,09:30:00,10245.618661002514,1,4
2018-10-23,10156.65,10166.35,10154.35,10165.9,09:35:00,10237.14545519275,1,5
2018-10-23,10165.9,10168.3,10156.3,10156.85,09:40:00,10230.36017374582,1,6
2018-10-23,10179.7,10183.6,10164.15,10165.05,09:45:00,10225.53539529384,1,7
2018-10-23,10172.3,10179.85,10166.0,10178.8,09:50:00,10220.465357646806,1,8
2018-10-23,10193.75,10193.75,10171.5,10172.45,09:55:00,10217.92103787092,1,9
2018-10-23,10187.25,10197.8,10186.7,10194.5,10:00:00,10214.99998664512,1,10
2018-10-23,10184.9,10192.75,10184.6,10187.85,10:05:00,10212.133321250349,1,11
2018-10-23,10197.9,10197.95,10182.45,10185.1,10:10:00,10210.777766845553,1,12
2018-10-23,10217.3,10222.1,10196.1,10198.1,10:15:00,10211.398931907885,1,13
2018-10-23,10206.6,10218.3,10206.25,10217.05,10:20:00,10210.941890773798,1,14
2018-10-23,10198.6,10208.45,10197.9,10206.2,10:25:00,10209.766472604864,1,15
2018-10-23,10210.45,10213.65,10195.0,10199.0,10:30:00,10209.83157045202,1,16
2018-10-23,10212.45,10214.8,10200.95,10210.4,10:35:00,10210.080944694684,1,17
2018-10-23,10209.75,10220.85,10208.9,10212.5,10:40:00,10210.049426152334,1,18
2018-10-23,10199.6,10209.95,10199.6,10209.45,10:45:00,10209.054242709257,1,19
2018-10-23,10188.95,10202.45,10185.75,10199.75,10:50:00,10207.13955292742,1,20
2018-10-23,10190.8,10191.0,10183.2,10188.9,10:55:00,10205.58340502957,1,21
2018-10-23,10191.8,10194.9,10189.4,10190.95,11:00:00,10204.27069978866,1,22
2018-10-23,10194.85,10196.7,10184.35,10192.15,11:05:00,10203.37349028498,1,23
2018-10-23,10198.05,10199.9,10190.1,10194.55,11:10:00,10202.86649121022,1,24
2018-10-23,10191.0,10199.5,10190.25,10198.2,11:15:00,10201.7363491902,1,25
2018-10-23,10183.85,10191.6,10183.7,10191.25,11:20:00,10200.032887362562,1,26
2018-10-23,10181.7,10188.85,10181.7,10184.05,11:25:00,10198.286898089937,1,27
2018-10-23,10172.7,10182.25,10172.65,10181.1,11:30:00,10195.8500506528,1,28
2018-10-23,10178.95,10180.95,10170.7,10172.6,11:35:00,10194.2405220192,1,29
2018-10-23,10182.35,10187.4,10176.8,10179.2,11:40:00,10193.108091350705,1,30
2018-10-23,10185.1,10185.1,10174.95,10182.65,11:45:00,10192.345415983971,1,31
2018-10-23,10183.05,10189.7,10180.95,10185.7,11:50:00,10191.460138271212,1,32
2018-10-23,10182.25,10188.7,10181.0,10182.05,11:55:00,10190.582982245382,1,33
2018-10-23,10182.3,10188.05,10181.8,10184.2,12:00:00,10189.79412679344,1,34
2018-10-23,10185.4,10189.45,10181.85,10182.75,12:05:00,10189.375638527395,1,35
2018-10-23,10186.95,10187.05,10178.15,10185.15,12:10:00,10189.144625334313,1,36
2018-10-23,10191.35,10197.2,10184.6,10187.7,12:15:00,10189.35466101676,1,37
2018-10-23,10183.6,10196.85,10183.35,10194.35,12:20:00,10188.806598062783,1,38
2018-10-23,10189.5,10191.65,10183.25,10183.25,12:25:00,10188.872636342518,1,39
2018-10-23,10191.7,10196.15,10187.65,10191.0,12:30:00,10189.1419090718,1,40
2018-10-23,10189.8,10192.75,10184.0,10192.75,12:35:00,10189.204584398296,1,41
2018-10-23,10187.85,10191.2,10186.3,10189.5,12:40:00,10189.075576360365,1,42
2018-10-23,10184.1,10192.55,10183.5,10189.8,12:45:00,10188.60171194509,1,43
2018-10-23,10177.5,10185.15,10173.0,10185.15,12:50:00,10187.544406045556,1,44
2018-10-23,10161.55,10179.2,10160.65,10177.35,12:55:00,10185.068748326932,1,45
2018-10-23,10173.9,10174.05,10162.8,10163.6,13:00:00,10184.00505801008,1,46
2018-10-23,10174.4,10180.95,10171.45,10174.7,13:05:00,10183.090290580549,1,47
2018-10-23,10178.95,10180.45,10174.55,10175.8,13:10:00,10182.695977191925,1,48
2018-10-23,10168.2,10180.25,10167.8,10180.25,13:15:00,10181.31540793555,1,49
2018-10-23,10170.05,10171.5,10163.45,10170.2,13:20:00,10180.24251194169,1,50
2018-10-23,10155.45,10170.85,10149.5,10170.85,13:25:00,10177.881320328195,1,51
2018-10-23,10143.05,10157.95,10139.1,10156.3,13:30:00,10174.564051725512,1,52
2018-10-23,10135.85,10146.95,10129.4,10143.2,13:35:00,10170.876999180226,1,53
2018-10-23,10121.45,10135.75,10120.75,10135.25,13:40:00,10166.169665924966,1,54
2018-10-23,10120.05,10124.5,10114.2,10121.85,13:45:00,10161.777316789254,1,55
2018-10-23,10114.4,10127.25,10108.2,10119.25,13:50:00,10157.265191380751,1,56
2018-10-23,10117.25,10117.25,10104.0,10114.15,13:55:00,10153.45422077306,1,57
2018-10-23,10125.9,10127.1,10114.25,10116.7,14:00:00,10150.830009270863,1,58
2018-10-23,10126.55,10135.05,10121.3,10126.55,14:05:00,10148.517627435544,1,59
2018-10-23,10131.5,10135.7,10127.05,10127.05,14:10:00,10146.896901013111,1,60
2018-10-23,10111.7,10136.0,10111.6,10131.9,14:15:00,10143.544815202338,1,61
2018-10-23,10108.6,10117.2,10102.35,10111.35,14:20:00,10140.21673756402,1,62
2018-10-23,10115.3,10116.05,10105.05,10108.7,14:25:00,10137.843714938876,1,63
2018-10-23,10126.8,10130.35,10114.4,10115.2,14:30:00,10136.791932563743,1,64
2018-10-23,10123.55,10129.55,10117.3,10126.95,14:35:00,10135.530796129102,1,65
2018-10-23,10155.3,10168.0,10123.6,10124.1,14:40:00,10137.41357745014,1,66
2018-10-23,10136.45,10158.2,10130.95,10155.6,14:45:00,10137.321808169174,1,67
2018-10-23,10122.15,10142.9,10122.15,10137.1,14:50:00,10135.876874057823,1,68
2018-10-23,10111.4,10126.85,10111.4,10122.2,14:55:00,10133.545743195176,1,69
2018-10-23,10118.6,10118.6,10108.95,10111.45,15:00:00,10132.122339081348,1,70
2018-10-23,10138.95,10139.25,10118.0,10118.8,15:05:00,10132.772592502171,1,71
2018-10-23,10148.95,10153.5,10137.15,10139.55,15:10:00,10134.31329797816,1,72
2018-10-23,10149.0,10150.15,10141.1,10148.7,15:15:00,10135.712031504048,1,73
2018-10-23,10167.25,10167.25,10149.15,10149.15,15:20:00,10138.71564755128,1,74
2018-10-23,10184.5,10188.0,10166.9,10167.6,15:25:00,10143.076062070206,1,75
2018-10-24,10259.6,10290.65,10251.2,10274.05,09:15:00,10154.17357996828,2,1
2018-10-24,10262.5,10275.4,10255.05,10259.5,09:20:00,10164.490381876063,2,2
2018-10-24,10241.65,10264.25,10241.15,10262.55,09:25:00,10171.838916935483,2,3
2018-10-24,10230.05,10246.4,10228.4,10241.75,09:30:00,10177.382829608296,2,4
2018-10-24,10228.35,10241.8,10227.8,10230.7,09:35:00,10182.236845836078,2,5
2018-10-24,10234.05,10235.7,10223.45,10228.5,09:40:00,10187.171431946928,2,6
2018-10-24,10217.0,10238.9,10216.25,10233.75,09:45:00,10190.01224795198,2,7
2018-10-24,10217.05,10225.6,10212.55,10217.05,09:50:00,10192.587271956554,2,8
2018-10-24,10214.8,10221.25,10208.75,10217.35,09:55:00,10194.702769865457,2,9
2018-10-24,10219.15,10223.7,10205.85,10214.9,10:00:00,10197.031077497317,2,10
2018-10-24,10218.4,10225.1,10216.85,10219.6,10:05:00,10199.066212973765,2,11
2018-10-24,10226.2,10226.5,10218.2,10219.05,10:10:00,10201.650383166738,2,12
2018-10-24,10210.65,10228.1,10210.65,10226.25,10:15:00,10202.50748953181,2,13
2018-10-24,10204.7,10212.8,10204.7,10208.7,10:20:00,10202.71630005259,2,14
2018-10-24,10215.05,10215.4,10203.2,10204.55,10:25:00,10203.89093814282,2,15
2018-10-24,10194.15,10215.05,10191.9,10214.75,10:30:00,10202.963229748266,2,16
2018-10-24,10180.3,10196.2,10175.55,10194.25,10:35:00,10200.804826915097,2,17
2018-10-24,10196.05,10196.55,10179.35,10179.35,10:40:00,10200.351986256515,2,18
2018-10-24,10184.4,10195.7,10183.9,10195.7,10:45:00,10198.83274947018,2,19
2018-10-24,10171.35,10184.95,10171.35,10184.6,10:50:00,10196.215344758735,2,20
2018-10-24,10172.45,10177.6,10167.3,10171.0,10:55:00,10193.951978591236,2,21
2018-10-24,10165.65,10174.65,10159.9,10171.3,11:00:00,10191.256552058738,2,22
2018-10-24,10172.65,10176.65,10165.1,10165.85,11:05:00,10189.484499481716,2,23
2018-10-24,10181.7,10185.1,10170.95,10172.85,11:10:00,10188.743118578695,2,24
2018-10-24,10186.0,10191.3,10180.0,10181.65,11:15:00,10188.48186919025,2,25
2018-10-24,10177.85,10187.35,10177.85,10185.8,11:20:00,10187.46931021975,2,26
2018-10-24,10170.85,10177.9,10166.4,10177.9,11:25:00,10185.88651877025,2,27
2018-10-24,10184.85,10185.5,10169.95,10171.0,11:30:00,10185.787802696894,2,28
2018-10-24,10186.25,10193.55,10185.35,10185.5,11:35:00,10185.831821487664,2,29
2018-10-24,10183.6,10194.75,10183.6,10185.75,11:40:00,10185.619267060269,2,30
2018-10-24,10190.15,10191.55,10180.85,10183.75,11:45:00,10186.05076543548,2,31
2018-10-24,10190.35,10192.1,10184.2,10190.5,11:50:00,10186.460216346388,2,32
2018-10-24,10197.4,10197.6,10187.7,10190.3,11:55:00,10187.502100503874,2,33
2018-10-24,10204.9,10205.95,10197.15,10197.6,12:00:00,10189.15904331303,2,34
2018-10-24,10205.0,10211.9,10204.95,10206.3,12:05:00,10190.667705854645,2,35
2018-10-24,10203.9,10207.2,10197.5,10206.25,12:10:00,10191.927924344678,2,36
2018-10-24,10202.55,10208.0,10202.4,10204.15,12:15:00,10192.939550597564,2,37
2018-10-24,10193.75,10204.2,10192.55,10204.2,12:20:00,10193.01673625494,2,38
2018-10-24,10196.55,10200.4,10193.8,10194.65,12:25:00,10193.353237563992,2,39
2018-10-24,10188.3,10197.0,10184.1,10196.85,12:30:00,10192.871976843611,2,40
2018-10-24,10195.3,10197.85,10184.55,10190.6,12:35:00,10193.103217144222,2,41
2018-10-24,10197.9,10199.35,10190.0,10196.45,12:40:00,10193.560053606678,2,42
2018-10-24,10198.95,10202.85,10197.05,10199.55,12:45:00,10194.073381834614,2,43
2018-10-24,10194.05,10200.55,10194.0,10198.65,12:50:00,10194.071154993222,2,44
2018-10-24,10183.55,10196.4,10183.55,10195.45,12:55:00,10193.069140231964,2,45
2018-10-24,10181.7,10184.35,10173.1,10184.3,13:00:00,10191.986364971775,2,46
2018-10-24,10193.15,10196.35,10182.95,10183.65,13:05:00,10192.097187355415,2,47
2018-10-24,10191.6,10195.35,10187.75,10194.2,13:10:00,10192.04983617871,2,48
2018-10-24,10203.85,10203.95,10192.15,10192.25,13:15:00,10193.173661304549,2,49
2018-10-24,10221.25,10224.05,10203.95,10203.95,13:20:00,10195.847598323162,2,50
2018-10-24,10213.95,10223.9,10210.25,10222.55,13:25:00,10197.5716365781,2,51
2018-10-24,10217.65,10217.75,10206.2,10215.55,13:30:00,10199.4838616659,2,52
2018-10-24,10210.25,10223.25,10209.4,10218.25,13:35:00,10200.50920817391,2,53
2018-10-24,10214.8,10217.1,10208.7,10210.4,13:40:00,10201.870235966871,2,54
2018-10-24,10192.6,10215.8,10192.05,10215.15,13:45:00,10200.98735635098,2,55
2018-10-24,10188.3,10196.75,10183.4,10192.55,13:50:00,10199.779036698505,2,56
2018-10-24,10165.3,10188.6,10159.0,10188.5,13:55:00,10196.495318917694,2,57
2018-10-24,10137.75,10165.85,10128.45,10165.25,14:00:00,10190.900526639818,2,58
2018-10-24,10160.55,10160.95,10138.5,10139.35,14:05:00,10188.010000293169,2,59
2018-10-24,10146.95,10162.25,10138.2,10161.95,14:10:00,10184.099524074772,2,60
2018-10-24,10133.1,10149.0,10126.7,10147.25,14:15:00,10179.24242654384,2,61
2018-10-24,10133.5,10138.55,10128.1,10132.95,14:20:00,10174.886004968235,2,62
2018-10-24,10152.85,10159.45,10132.6,10133.4,14:25:00,10172.787337828406,2,63
2018-10-24,10130.55,10154.2,10128.65,10153.1,14:30:00,10168.7647342257,2,64
2018-10-24,10152.25,10155.1,10128.8,10130.45,14:35:00,10167.19190239468,2,65
2018-10-24,10179.9,10180.9,10152.35,10152.35,14:40:00,10168.40219740471,2,66
2018-10-24,10174.3,10180.4,10166.05,10180.4,14:45:00,10168.963892889977,2,67
2018-10-24,10206.65,10210.15,10172.6,10174.05,14:50:00,10172.553045948074,2,68
2018-10-24,10209.8,10221.25,10202.45,10207.3,14:55:00,10176.100374905402,2,69
2018-10-24,10204.6,10211.5,10188.8,10209.25,15:00:00,10178.814624914412,2,70
2018-10-24,10215.3,10218.0,10201.85,10205.4,15:05:00,10182.289422541611,2,71
2018-10-24,10241.25,10242.55,10214.05,10214.8,15:10:00,10187.904715632889,2,72
2018-10-24,10230.5,10241.55,10225.25,10241.5,15:15:00,10191.961409382136,2,73
2018-10-24,10241.95,10243.75,10229.05,10230.6,15:20:00,10196.722227536218,2,74
2018-10-24,10239.9,10242.8,10233.9,10241.7,15:25:00,10200.834396342294,2,75
2018-10-25,10149.75,10151.45,10125.65,10129.7,09:15:00,10195.969215738263,3,1
2018-10-25,10148.95,10157.0,10143.9,10149.6,09:20:00,10191.491195191764,3,2
2018-10-25,10142.2,10148.7,10138.9,10148.7,09:25:00,10186.79679564969,3,3
2018-10-25,10145.4,10149.65,10134.35,10142.7,09:30:00,10182.854243683054,3,4
2018-10-25,10153.2,10159.55,10143.4,10144.8,09:35:00,10180.030029998954,3,5
2018-10-25,10148.25,10153.75,10141.55,10152.85,09:40:00,10177.003360475244,3,6
2018-10-25,10130.1,10150.4,10129.7,10148.75,09:45:00,10172.536373763316,3,7
2018-10-25,10125.3,10134.9,10125.3,10129.95,09:50:00,10168.037671500142,3,8
2018-10-25,10126.8,10129.35,10117.45,10125.6,09:55:00,10164.110274214416,3,9
2018-10-25,10128.6,10138.5,10126.15,10126.15,10:00:00,10160.728343336852,3,10
2018-10-25,10130.75,10135.45,10127.8,10128.35,10:05:00,10157.873263019055,3,11
2018-10-25,10134.1,10136.55,10125.7,10130.45,10:10:00,10155.609142731528,3,12
2018-10-25,10131.4,10138.5,10131.35,10133.9,10:15:00,10153.303510090427,3,13
2018-10-25,10118.2,10131.25,10118.05,10131.25,10:20:00,10149.960318653246,3,14
2018-10-25,10120.3,10125.25,10115.65,10118.0,10:25:00,10147.135526400556,3,15
2018-10-25,10104.4,10119.7,10101.35,10119.7,10:30:00,10143.065476267171,3,16
2018-10-25,10097.1,10110.1,10093.4,10105.05,10:35:00,10138.687811860776,3,17
2018-10-25,10092.0,10096.9,10079.3,10096.75,10:40:00,10134.24135358832,3,18
2018-10-25,10091.4,10100.7,10090.65,10091.65,10:45:00,10130.161224675148,3,19
2018-10-25,10089.2,10092.6,10084.3,10090.95,10:50:00,10126.260155658469,3,20
2018-10-25,10103.8,10104.3,10089.4,10089.6,10:55:00,10124.121093214802,3,21
2018-10-25,10110.45,10111.65,10102.5,10103.65,11:00:00,10122.8190843372,3,22
2018-10-25,10104.85,10110.15,10099.8,10109.85,11:05:00,10121.107742971752,3,23
2018-10-25,10098.4,10106.5,10097.35,10104.5,11:10:00,10118.945100783969,3,24
2018-10-25,10095.75,10098.7,10090.25,10098.2,11:15:00,10116.736043566449,3,25
2018-10-25,10099.1,10100.0,10090.95,10095.7,11:20:00,10115.056420369643,3,26
2018-10-25,10109.45,10109.55,10098.55,10098.65,11:25:00,10114.522475572534,3,27
2018-10-25,10110.4,10112.2,10103.1,10109.2,11:30:00,10114.12985885134,3,28
2018-10-25,10116.75,10118.45,10108.7,10109.75,11:35:00,10114.379396103594,3,29
2018-10-25,10116.7,10119.9,10113.6,10116.05,11:40:00,10114.60040599849,3,30
2018-10-25,10128.35,10131.1,10116.7,10116.75,11:45:00,10115.909891141491,3,31
2018-10-25,10128.15,10135.0,10123.0,10128.0,11:50:00,10117.075615794683,3,32
2018-10-25,10123.8,10130.9,10119.1,10128.35,11:55:00,10117.716033338049,3,33
2018-10-25,10121.6,10124.5,10114.75,10124.5,12:00:00,10118.0859349249,3,34
2018-10-25,10115.75,10123.65,10115.4,10122.1,12:05:00,10117.863464932052,3,35
2018-10-25,10123.25,10124.95,10111.4,10115.7,12:10:00,10118.376468271856,3,36
2018-10-25,10124.75,10129.3,10119.65,10123.55,12:15:00,10118.983471293584,3,37
2018-10-25,10120.8,10125.95,10119.3,10124.85,12:20:00,10119.156474027528,3,38
2018-10-25,10117.8,10121.35,10113.05,10120.7,12:25:00,10119.027286024906,3,39
2018-10-25,10107.95,10119.0,10105.8,10118.25,12:30:00,10117.972306403486,3,40
2018-10-25,10095.35,10111.55,10095.35,10108.55,12:35:00,10115.817801031726,3,41
2018-10-25,10104.9,10105.15,10094.0,10097.25,12:40:00,10114.778010457276,3,42
2018-10-25,10112.7,10116.15,10105.45,10105.85,12:45:00,10114.58010469944,3,43
2018-10-25,10129.0,10132.4,10113.0,10113.55,12:50:00,10115.953428061395,3,44
2018-10-25,10130.05,10130.35,10122.05,10129.1,12:55:00,10117.295958722216,3,45
2018-10-25,10140.7,10140.85,10125.9,10131.5,13:00:00,10119.524915034386,3,46
2018-10-25,10135.0,10146.0,10134.65,10140.35,13:05:00,10120.99873265016,3,47
2018-10-25,10142.4,10142.55,10132.05,10135.5,13:10:00,10123.03694858824,3,48
2018-10-25,10146.8,10152.7,10142.75,10143.4,13:15:00,10125.300096341742,3,49
2018-10-25,10143.9,10148.2,10138.35,10148.2,13:20:00,10127.071515737767,3,50
2018-10-25,10156.65,10162.6,10143.7,10144.6,13:25:00,10129.888514238932,3,51
2018-10-25,10151.25,10158.2,10150.2,10158.2,13:30:00,10131.922941454271,3,52
2018-10-25,10159.85,10166.6,10147.0,10151.15,13:35:00,10134.58266131577,3,53
2018-10-25,10140.85,10162.35,10138.9,10160.75,13:40:00,10135.179550714269,3,54
2018-10-25,10131.4,10143.7,10126.7,10141.0,13:45:00,10134.819593503384,3,55
2018-10-25,10142.7,10146.25,10127.7,10132.65,13:50:00,10135.570108407825,3,56
2018-10-25,10139.4,10152.5,10138.5,10142.2,13:55:00,10135.934859988032,3,57
2018-10-25,10140.9,10145.65,10134.8,10139.1,14:00:00,10136.407730465362,3,58
2018-10-25,10133.3,10140.3,10118.7,10139.9,14:05:00,10136.111756135328,3,59
2018-10-25,10136.55,10143.4,10130.2,10132.75,14:10:00,10136.153493646249,3,60
2018-10-25,10143.4,10148.25,10135.5,10135.95,14:15:00,10136.84363710851,3,61
2018-10-25,10153.7,10159.55,10143.55,10143.55,14:20:00,10138.449005002938,3,62
2018-10-25,10146.65,10153.0,10145.2,10153.0,14:25:00,10139.230052145516,3,63
2018-10-25,10137.45,10153.15,10133.05,10145.9,14:30:00,10139.060523369752,3,64
2018-10-25,10145.15,10148.05,10129.05,10136.9,14:35:00,10139.640473525016,3,65
2018-10-25,10142.75,10153.7,10139.55,10145.0,14:40:00,10139.936618903586,3,66
2018-10-25,10147.8,10151.35,10142.3,10143.05,14:45:00,10140.68551234134,3,67
2018-10-25,10144.7,10149.95,10134.75,10147.4,14:50:00,10141.067844499308,3,68
2018-10-25,10143.75,10147.15,10140.55,10144.85,14:55:00,10141.323287880326,3,69
2018-10-25,10114.3,10144.6,10114.3,10143.3,15:00:00,10138.749641415534,3,70
2018-10-25,10114.55,10118.95,10111.75,10116.1,15:05:00,10136.444913661671,3,71
2018-10-25,10116.05,10117.25,10113.3,10115.0,15:10:00,10134.50254093199,3,72
2018-10-25,10130.0,10131.0,10111.05,10115.85,15:15:00,10134.073727509896,3,73
2018-10-25,10133.35,10134.6,10130.4,10130.75,15:20:00,10134.004801080382,3,74
2018-10-25,10141.5,10143.05,10132.65,10133.25,15:25:00,10134.718629548915,3,75
2018-10-26,10069.1,10114.2,10061.35,10110.4,09:15:00,10128.469236258545,4,1
2018-10-26,10046.3,10068.8,10038.6,10068.45,09:20:00,10120.64359471011,4,2
2018-10-26,10041.3,10056.4,10039.5,10047.1,09:25:00,10113.087061880577,4,3
2018-10-26,10024.95,10041.9,10012.55,10041.25,09:30:00,10104.693055987187,4,4
2018-10-26,10007.0,10024.3,10004.55,10024.05,09:35:00,10095.388955416978,4,5
2018-10-26,10032.65,10034.1,10007.25,10007.45,09:40:00,10089.413816805838,4,6
2018-10-26,10038.25,10041.2,10026.8,10031.25,09:45:00,10084.541072348138,4,7
2018-10-26,10029.4,10044.55,10029.15,10038.0,09:50:00,10079.289541648315,4,8
2018-10-26,10044.6,10046.8,10029.45,10029.45,09:55:00,10075.985775777048,4,9
2018-10-26,10038.15,10052.4,10037.85,10045.15,10:00:00,10072.382368560186,4,10
2018-10-26,10043.1,10045.9,10033.7,10037.9,10:05:00,10069.593571554457,4,11
2018-10-26,10056.8,10062.3,10038.5,10043.3,10:10:00,10068.375136168315,4,12
2018-10-26,10074.55,10078.75,10057.4,10057.4,10:15:00,10068.963218438,4,13
2018-10-26,10075.0,10078.15,10068.75,10074.65,10:20:00,10069.538150015334,4,14
2018-10-26,10062.3,10075.9,10061.15,10075.4,10:25:00,10068.848802394825,4,15
2018-10-26,10075.55,10078.6,10062.2,10062.25,10:30:00,10069.487011690557,4,16
2018-10-26,10086.1,10089.5,10066.45,10076.0,10:35:00,10071.069201053362,4,17
2018-10-26,10086.8,10088.9,10079.95,10086.25,10:40:00,10072.567372381613,4,18
2018-10-26,10109.0,10111.05,10087.3,10087.3,10:45:00,10076.037146440509,4,19
2018-10-26,10096.75,10110.1,10096.6,10109.05,10:50:00,10078.00979916046,4,20
2018-10-26,10075.6,10097.0,10073.45,10096.45,10:55:00,10077.780294478513,4,21
2018-10-26,10072.75,10076.05,10057.25,10075.85,11:00:00,10077.301218813893,4,22
2018-10-26,10074.55,10076.5,10065.2,10072.45,11:05:00,10077.039197974473,4,23
2018-10-26,10083.1,10084.75,10074.6,10074.95,11:10:00,10077.616417214998,4,24
2018-10-26,10071.6,10084.8,10068.85,10082.9,11:15:00,10077.043425099286,4,25
2018-10-26,10066.4,10073.5,10061.7,10072.4,11:20:00,10076.029765566022,4,26
2018-10-26,10068.55,10071.45,10065.0,10065.8,11:25:00,10075.317406940683,4,27
2018-10-26,10077.8,10079.9,10067.7,10068.5,11:30:00,10075.553844374905,4,28
2018-10-26,10079.9,10082.65,10072.05,10077.55,11:35:00,10075.967763958248,4,29
2018-10-26,10087.05,10087.9,10073.65,10078.8,11:40:00,10077.023215009842,4,30
2018-10-26,10078.5,10090.0,10078.4,10087.25,11:45:00,10077.16386119938,4,31
2018-10-26,10086.0,10086.45,10075.9,10078.2,11:50:00,10078.005398228011,4,32
2018-10-26,10084.85,10087.6,10080.6,10085.7,11:55:00,10078.65726506344,4,33
2018-10-26,10078.45,10084.65,10076.35,10084.25,12:00:00,10078.637525533588,4,34
2018-10-26,10093.1,10095.8,10074.35,10078.25,12:05:00,10080.014904054198,4,35
2018-10-26,10104.3,10110.3,10092.25,10093.4,12:10:00,10082.32777033475,4,36
2018-10-26,10119.2,10119.2,10103.0,10103.7,12:15:00,10085.83941125525,4,37
2018-10-26,10113.45,10128.85,10113.35,10119.05,12:20:00,10088.468991135702,4,38
2018-10-26,10114.2,10115.35,10097.9,10112.9,12:25:00,10090.919563408492,4,39
2018-10-26,10100.6,10116.65,10099.95,10114.55,12:30:00,10091.84150975054,4,40
2018-10-26,10110.8,10116.5,10100.3,10100.65,12:35:00,10093.647080250488,4,41
2018-10-26,10111.35,10112.9,10104.6,10110.1,12:40:00,10095.333072607586,4,42
2018-10-26,10113.7,10113.7,10102.3,10111.25,12:45:00,10097.082303787816,4,43
2018-10-26,10092.5,10116.7,10092.5,10113.75,12:50:00,10096.645893903264,4,44
2018-10-26,10094.5,10098.05,10090.3,10093.4,12:55:00,10096.441523055331,4,45
2018-10-26,10080.65,10094.45,10070.75,10094.0,13:00:00,10094.937568478634,4,46
2018-10-26,10091.7,10091.95,10078.65,10080.8,13:05:00,10094.629228623526,4,47
2018-10-26,10079.45,10093.8,10079.05,10091.6,13:10:00,10093.183587802238,4,48
2018-10-26,10088.7,10088.7,10077.45,10079.25,13:15:00,10092.75657944012,4,49
2018-10-26,10092.35,10095.95,10088.45,10088.65,13:20:00,10092.71785758868,4,50
2018-10-26,10083.2,10100.6,10083.2,10092.15,13:25:00,10091.811394961183,4,51
2018-10-26,10074.1,10083.7,10072.85,10083.3,13:30:00,10090.124595441072,4,52
2018-10-26,10058.9,10073.65,10050.85,10073.3,13:35:00,10087.150824446686,4,53
2018-10-26,10072.3,10072.6,10054.65,10059.15,13:40:00,10085.736460213668,4,54
2018-10-26,10078.3,10083.45,10062.5,10072.65,13:45:00,10085.028225907605,4,55
2018-10-26,10086.65,10088.55,10076.55,10078.25,13:50:00,10085.182680583071,4,56
2018-10-26,10086.85,10093.25,10083.4,10086.55,13:55:00,10085.341472908493,4,57
2018-10-26,10090.3,10092.9,10078.65,10086.65,14:00:00,10085.813713583875,4,58
2018-10-26,10093.35,10108.1,10090.65,10090.95,14:05:00,10086.531455147317,4,59
2018-10-26,10046.45,10092.95,10039.95,10092.95,14:10:00,10082.714173704711,4,60
2018-10-26,10054.35,10061.05,10040.5,10046.75,14:15:00,10080.012823828072,4,61
2018-10-26,10048.0,10059.8,10046.25,10052.85,14:20:00,10076.963983463496,4,62
2018-10-26,10047.3,10049.95,10032.8,10047.5,14:25:00,10074.138842181255,4,63
2018-10-26,10053.85,10058.15,10038.8,10047.15,14:30:00,10072.206571497329,4,64
2018-10-26,10063.5,10071.3,10053.7,10054.15,14:35:00,10071.377374211868,4,65
2018-10-26,10059.9,10073.65,10059.65,10064.4,14:40:00,10070.284290953596,4,66
2018-10-26,10059.6,10064.55,10054.3,10060.2,14:45:00,10069.266739434204,4,67
2018-10-26,10064.5,10070.8,10059.5,10059.5,14:50:00,10068.812764249997,4,68
2018-10-26,10052.35,10064.8,10047.05,10064.8,14:55:00,10067.244881940473,4,69
2018-10-26,10028.25,10051.7,10027.05,10051.7,15:00:00,10063.531083660428,4,70
2018-10-26,10031.1,10035.25,10025.8,10029.5,15:05:00,10060.442409026102,4,71
2018-10-26,10042.65,10046.15,10029.4,10031.55,15:10:00,10058.747893880758,4,72
2018-10-26,10021.85,10042.35,10014.8,10041.8,15:15:00,10055.233808749255,4,73
2018-10-26,10022.4,10030.6,10020.3,10022.5,15:20:00,10052.106779344564,4,74
2018-10-26,10014.25,10027.2,10012.65,10022.15,15:25:00,10048.50137178794,4,75
2018-10-29,10024.3,10076.65,10020.35,10074.2,09:15:00,10046.196479236707,0,1
2018-10-29,10056.3,10057.95,10022.7,10025.05,09:20:00,10047.158719309402,0,2
2018-10-29,10056.65,10067.8,10054.1,10056.4,09:25:00,10048.062650803744,0,3
2018-10-29,10076.2,10088.05,10053.2,10056.15,09:30:00,10050.742398346243,0,4
2018-10-29,10074.0,10082.7,10071.05,10075.7,09:35:00,10052.957408027554,0,5
2018-10-29,10059.95,10074.9,10056.1,10074.15,09:40:00,10053.623369167788,0,6
2018-10-29,10072.15,10076.35,10058.45,10059.75,09:45:00,10055.387810199429,0,7
2018-10-29,10079.75,10081.4,10071.15,10072.6,09:50:00,10057.708018751862,0,8
2018-10-29,10077.95,10086.15,10076.75,10080.25,09:55:00,10059.63582648978,0,9
2018-10-29,10076.1,10085.05,10074.45,10076.85,10:00:00,10061.203843014562,0,10
2018-10-29,10088.1,10090.65,10075.9,10076.2,10:05:00,10063.76538177508,0,11
2018-10-29,10076.05,10089.4,10075.7,10088.7,10:10:00,10064.935345415548,0,12
2018-10-29,10064.05,10080.25,10061.4,10075.1,10:15:00,10064.851026804545,0,13
2018-10-29,10074.85,10078.9,10059.35,10063.75,10:20:00,10065.803309966015,0,14
2018-10-29,10076.7,10077.2,10067.05,10074.45,10:25:00,10066.841089969254,0,15
2018-10-29,10065.7,10078.25,10065.7,10076.85,10:30:00,10066.732414734086,0,16
2018-10-29,10078.85,10082.9,10064.1,10065.8,10:35:00,10067.886470473695,0,17
2018-10-29,10085.2,10087.2,10077.05,10078.65,10:40:00,10069.53537804763,0,18
2018-10-29,10095.4,10102.15,10085.15,10085.15,10:45:00,10071.998675376428,0,19
2018-10-29,10096.0,10097.15,10088.7,10095.6,10:50:00,10074.284515816767,0,20
2018-10-29,10087.0,10097.85,10084.35,10096.15,10:55:00,10075.495514310409,0,21
2018-10-29,10080.7,10091.65,10080.7,10087.1,11:00:00,10075.99117961418,0,22
2018-10-29,10076.15,10083.2,10074.15,10081.45,11:05:00,10076.00630536521,0,23
2018-10-29,10086.55,10087.1,10076.0,10076.95,11:10:00,10077.010466759,0,24
2018-10-29,10084.75,10086.65,10077.55,10086.65,11:15:00,10077.747565162908,0,25
2018-10-29,10087.35,10088.0,10081.2,10084.25,11:20:00,10078.66208276644,0,26
2018-10-29,10093.15,10094.0,10083.2,10086.3,11:25:00,10080.04188440773,0,27
2018-10-29,10083.9,10092.7,10083.7,10092.4,11:30:00,10080.409323987946,0,28
2018-10-29,10091.15,10091.15,10083.3,10083.8,11:35:00,10081.432245512902,0,29
2018-10-29,10093.0,10097.1,10089.45,10089.9,11:40:00,10082.533936416436,0,30
2018-10-29,10096.9,10100.35,10089.65,10092.2,11:45:00,10083.902132948204,0,31
2018-10-29,10108.5,10110.2,10096.25,10096.25,11:50:00,10086.244786953135,0,32
2018-10-29,10109.0,10111.5,10105.25,10107.5,11:55:00,10088.411950100455,0,33
2018-10-29,10107.75,10116.15,10104.75,10107.85,12:00:00,10090.253669138508,0,34
2018-10-29,10119.15,10120.5,10107.3,10107.3,12:05:00,10093.005700649128,0,35
2018-10-29,10119.5,10129.95,10118.05,10118.85,12:10:00,10095.528967253971,0,36
2018-10-29,10110.7,10121.95,10109.65,10118.4,12:15:00,10096.9738275155,0,37
2018-10-29,10101.65,10114.75,10100.2,10110.4,12:20:00,10097.419177275928,0,38
2018-10-29,10109.95,10111.85,10101.05,10101.1,12:25:00,10098.612588963935,0,39
2018-10-29,10119.5,10119.5,10109.55,10109.8,12:30:00,10100.601866205465,0,40
2018-10-29,10122.8,10123.05,10114.2,10118.45,12:35:00,10102.715974185898,0,41
2018-10-29,10132.2,10139.4,10120.5,10122.35,12:40:00,10105.523976644385,0,42
2018-10-29,10147.2,10155.1,10131.65,10131.7,12:45:00,10109.49312172587,0,43
2018-10-29,10151.95,10161.0,10147.35,10147.35,12:50:00,10113.536633942456,0,44
2018-10-29,10147.5,10153.65,10145.6,10151.6,12:55:00,10116.77124023365,0,45
2018-10-29,10159.35,10160.15,10146.4,10146.4,13:00:00,10120.826360211397,0,46
2018-10-29,10156.35,10159.5,10146.3,10159.5,13:05:00,10124.209564000786,0,47
2018-10-29,10172.65,10178.7,10155.75,10156.3,13:10:00,10128.822938857857,0,48
2018-10-29,10179.2,10183.6,10167.35,10172.9,13:15:00,10133.620754204729,0,49
2018-10-29,10184.35,10185.5,10172.05,10178.35,13:20:00,10138.452110947135,0,50
2018-10-29,10176.9,10186.95,10175.15,10186.35,13:25:00,10142.113814666456,0,51
2018-10-29,10186.6,10187.2,10175.3,10177.75,13:30:00,10146.35059422203,0,52
2018-10-29,10191.65,10198.6,10186.2,10186.7,13:35:00,10150.664823343745,0,53
2018-10-29,10185.55,10199.05,10185.55,10191.0,13:40:00,10153.98722112053,0,54
2018-10-29,10192.45,10200.2,10181.25,10185.8,13:45:00,10157.650342918574,0,55
2018-10-29,10179.7,10193.35,10179.25,10192.2,13:50:00,10159.750310259662,0,56
2018-10-29,10166.5,10182.0,10166.05,10179.1,13:55:00,10160.39313785398,0,57
2018-10-29,10177.55,10184.8,10165.25,10166.35,14:00:00,10162.02712472503,0,58
2018-10-29,10178.3,10178.95,10169.85,10177.4,14:05:00,10163.576922370265,0,59
2018-10-29,10172.3,10178.9,10168.95,10178.55,14:10:00,10164.407691668332,0,60
2018-10-29,10155.25,10177.05,10154.35,10172.8,14:15:00,10163.535530557065,0,61
2018-10-29,10166.55,10166.8,10150.45,10154.7,14:20:00,10163.822622884962,0,62
2018-10-29,10160.45,10166.55,10159.2,10166.45,14:25:00,10163.50142070544,0,63
2018-10-29,10177.0,10178.15,10160.65,10160.65,14:30:00,10164.786999685875,0,64
2018-10-29,10173.65,10178.75,10169.7,10177.1,14:35:00,10165.631094953887,0,65
2018-10-29,10169.65,10178.4,10168.8,10173.5,14:40:00,10166.013847815422,0,66
2018-10-29,10202.5,10203.25,10169.1,10169.4,14:45:00,10169.488719452049,0,67
2018-10-29,10206.95,10210.65,10199.65,10202.65,14:50:00,10173.056460456615,0,68
2018-10-29,10212.6,10213.95,10205.0,10206.55,14:55:00,10176.8225118417,0,69
2018-10-29,10227.45,10227.8,10213.55,10213.55,15:00:00,10181.644177380584,0,70
2018-10-29,10242.95,10243.95,10226.9,10227.6,15:05:00,10187.482827153864,0,71
2018-10-29,10256.6,10258.45,10242.6,10243.75,15:10:00,10194.065415043971,0,72
2018-10-29,10255.9,10262.9,10254.15,10258.55,15:15:00,10199.95442313502,0,73
2018-10-29,10264.45,10275.3,10254.85,10255.15,15:20:00,10206.096859026924,0,74
2018-10-29,10251.3,10264.0,10248.45,10264.0,15:25:00,10210.401920071978,0,75
2018-10-30,10229.65,10230.1,10206.3,10229.95,09:15:00,10212.235070541314,1,1
2018-10-30,10246.7,10251.85,10230.0,10230.0,09:20:00,10215.517444775474,1,2
2018-10-30,10256.6,10256.6,10235.5,10246.65,09:25:00,10219.430069082571,1,3
2018-10-30,10227.8,10259.45,10227.45,10256.05,09:30:00,10220.227205360425,1,4
2018-10-30,10228.5,10231.05,10211.85,10228.55,09:35:00,10221.015090564191,1,5
2018-10-30,10235.1,10237.9,10222.55,10229.1,09:40:00,10222.35651051046,1,6
2018-10-30,10239.95,10244.45,10221.55,10235.65,09:45:00,10224.032080938036,1,7
2018-10-30,10244.8,10245.1,10232.65,10241.0,09:50:00,10226.009977991554,1,8
2018-10-30,10254.0,10254.25,10238.65,10244.75,09:55:00,10228.675694373313,1,9
2018-10-30,10261.35,10265.6,10252.3,10254.45,10:00:00,10231.787533004426,1,10
2018-10-30,10262.2,10269.2,10255.35,10261.5,10:05:00,10234.683958432575,1,11
2018-10-30,10270.6,10273.65,10262.1,10262.35,10:10:00,10238.104533819953,1,12
2018-10-30,10280.0,10283.3,10267.55,10269.45,10:15:00,10242.09457821805,1,13
2018-10-30,10282.0,10283.35,10272.7,10280.65,10:20:00,10245.895094578236,1,14
2018-10-30,10278.35,10282.25,10272.2,10282.25,10:25:00,10248.986037951738,1,15
2018-10-30,10282.6,10285.1,10276.8,10278.95,10:30:00,10252.18736767062,1,16
2018-10-30,10271.85,10283.15,10270.7,10282.8,10:35:00,10254.059999321036,1,17
2018-10-30,10265.4,10271.95,10258.05,10271.95,10:40:00,10255.1399993857,1,18
2018-10-30,10276.55,10278.35,10265.3,10265.55,10:45:00,10257.179047063251,1,19
2018-10-30,10264.45,10276.6,10259.45,10276.3,10:50:00,10257.871518771515,1,20
2018-10-30,10259.1,10263.8,10252.1,10263.65,10:55:00,10257.98851698375,1,21
2018-10-30,10264.15,10269.1,10258.15,10258.15,11:00:00,10258.57532489006,1,22
2018-10-30,10259.95,10267.75,10259.95,10263.95,11:05:00,10258.706246329102,1,23
2018-10-30,10243.35,10262.65,10241.75,10260.1,11:10:00,10257.24374667871,1,24
2018-10-30,10247.55,10254.65,10242.6,10243.3,11:15:00,10256.320532709313,1,25
2018-10-30,10235.55,10250.75,10229.2,10248.2,11:20:00,10254.342386736997,1,26
2018-10-30,10235.05,10240.95,10229.85,10235.4,11:25:00,10252.505016571566,1,27
2018-10-30,10224.75,10237.3,10218.0,10235.45,11:30:00,10249.861681659988,1,28
2018-10-30,10238.0,10238.0,10222.25,10224.5,11:35:00,10248.73199769237,1,29
2018-10-30,10235.45,10244.15,10231.65,10237.7,11:40:00,10247.467045531192,1,30
2018-10-30,10239.4,10239.4,10232.7,10235.4,11:45:00,10246.698755480602,1,31
2018-10-30,10251.25,10254.55,10238.2,10239.35,11:50:00,10247.132207339591,1,32
2018-10-30,10248.05,10257.75,10247.5,10251.05,11:55:00,10247.219616164391,1,33
2018-10-30,10254.2,10254.7,10245.15,10247.0,12:00:00,10247.884414624928,1,34
2018-10-30,10233.9,10254.75,10233.5,10254.75,12:05:00,10246.552565613028,1,35
2018-10-30,10236.7,10239.7,10232.15,10233.15,12:10:00,10245.614226030835,1,36
2018-10-30,10209.35,10237.2,10208.2,10236.65,12:15:00,10242.160490218375,1,37
2018-10-30,10233.75,10234.1,10206.5,10208.4,12:20:00,10241.35949114996,1,38
2018-10-30,10239.9,10243.7,10221.35,10234.15,12:25:00,10241.22049199282,1,39
2018-10-30,10232.6,10241.3,10229.15,10240.3,12:30:00,10240.399492755409,1,40
2018-10-30,10232.05,10234.3,10224.65,10232.95,12:35:00,10239.60430296918,1,41
2018-10-30,10239.55,10239.6,10229.65,10232.1,12:40:00,10239.59913125783,1,42
2018-10-30,10242.05,10245.35,10234.95,10239.6,12:45:00,10239.832547328511,1,43
2018-10-30,10239.75,10248.95,10239.45,10241.95,12:50:00,10239.824685678175,1,44
2018-10-30,10230.1,10240.2,10224.9,10239.95,12:55:00,10238.898525137398,1,45
2018-10-30,10236.8,10237.55,10227.6,10229.75,13:00:00,10238.698665600505,1,46
2018-10-30,10242.75,10244.85,10233.8,10236.7,13:05:00,10239.084506971883,1,47
2018-10-30,10242.5,10245.45,10239.5,10242.45,13:10:00,10239.40979202218,1,48
2018-10-30,10248.15,10254.15,10241.8,10242.35,13:15:00,10240.242192781974,1,49
2018-10-30,10231.45,10248.5,10225.6,10247.7,13:20:00,10239.404841088452,1,50
2018-10-30,10222.05,10236.7,10220.65,10231.8,13:25:00,10237.751999080028,1,51
2018-10-30,10233.75,10233.75,10220.6,10222.45,13:30:00,10237.3708563105,1,52
2018-10-30,10227.6,10235.75,10226.35,10233.3,13:35:00,10236.440298566642,1,53
2018-10-30,10233.45,10234.65,10226.15,10227.15,13:40:00,10236.155508226962,1,54
2018-10-30,10228.3,10233.35,10224.2,10233.35,13:45:00,10235.4073645863,1,55
2018-10-30,10240.65,10240.65,10223.25,10228.15,13:50:00,10235.906663197127,1,56
2018-10-30,10247.05,10249.0,10240.1,10240.45,13:55:00,10236.96793336883,1,57
2018-10-30,10237.15,10247.15,10234.85,10247.15,14:00:00,10236.985273047989,1,58
2018-10-30,10233.05,10240.2,10228.25,10236.45,14:05:00,10236.610485138655,1,59
2018-10-30,10230.35,10238.35,10229.75,10233.25,14:10:00,10236.014248458789,1,60
2018-10-30,10218.9,10235.0,10213.4,10230.65,14:15:00,10234.384320034142,1,61
2018-10-30,10219.3,10224.45,10215.95,10218.75,14:20:00,10232.947718126128,1,62
2018-10-30,10210.8,10220.2,10209.0,10219.4,14:25:00,10230.838411637926,1,63
2018-10-30,10200.65,10210.85,10188.25,10210.0,14:30:00,10227.963324815266,1,64
2018-10-30,10192.25,10200.55,10186.5,10199.45,14:35:00,10224.562055785242,1,65
2018-10-30,10181.7,10193.8,10175.35,10192.7,14:40:00,10220.479955234268,1,66
2018-10-30,10208.4,10208.75,10181.8,10182.35,14:45:00,10219.329483307194,1,67
2018-10-30,10217.2,10218.6,10200.8,10207.65,14:50:00,10219.126675373176,1,68
2018-10-30,10198.75,10220.9,10198.65,10216.65,14:55:00,10217.18603962335,1,69
2018-10-30,10190.1,10205.2,10187.55,10198.6,15:00:00,10214.606416802078,1,70
2018-10-30,10203.0,10204.0,10186.1,10190.45,15:05:00,10213.501043773307,1,71
2018-10-30,10201.75,10204.95,10196.85,10202.9,15:10:00,10212.38189674728,1,72
2018-10-30,10207.55,10207.55,10193.35,10201.85,15:15:00,10211.921716104682,1,73
2018-10-30,10201.15,10207.65,10199.45,10207.65,15:20:00,10210.895838380426,1,74
2018-10-30,10190.2,10201.45,10188.6,10200.9,15:25:00,10208.924806153718,1,75
2018-10-31,10219.6,10246.0,10211.75,10212.6,09:15:00,10209.941491281936,2,1
2018-10-31,10204.3,10222.75,10190.5,10219.35,09:20:00,10209.404206397943,2,2
2018-10-31,10224.4,10224.9,10204.6,10204.6,09:25:00,10210.832377217186,2,3
2018-10-31,10228.1,10235.55,10221.3,10223.65,09:30:00,10212.47691272031,2,4
2018-10-31,10209.9,10228.15,10209.8,10228.15,09:35:00,10212.231492461233,2,5
2018-10-31,10192.95,10210.0,10183.45,10210.0,09:40:00,10210.395159845875,2,6
2018-10-31,10182.9,10204.1,10182.45,10193.1,09:45:00,10207.776573193889,2,7
2018-10-31,10128.35,10181.85,10123.2,10181.85,09:50:00,10200.212137651612,2,8
2018-10-31,10140.5,10143.4,10122.7,10128.2,09:55:00,10194.525267399078,2,9
2018-10-31,10145.25,10150.9,10118.45,10140.3,10:00:00,10189.832384789644,2,10
2018-10-31,10130.45,10147.85,10122.9,10144.9,10:05:00,10184.17691957158,2,11
2018-10-31,10145.65,10146.0,10130.2,10130.2,10:10:00,10180.507689136191,2,12
2018-10-31,10118.15,10146.05,10105.1,10145.7,10:15:00,10174.568861599411,2,13
2018-10-31,10125.3,10126.75,10111.0,10117.9,10:20:00,10169.876589066133,2,14
2018-10-31,10135.75,10136.0,10120.3,10125.35,10:25:00,10166.6264377265,2,15
2018-10-31,10142.85,10144.2,10126.5,10137.15,10:30:00,10164.36201508588,2,16
2018-10-31,10147.5,10154.65,10138.6,10142.65,10:35:00,10162.756108887224,2,17
2018-10-31,10142.3,10149.35,10140.55,10148.35,10:40:00,10160.80790804082,2,18
2018-10-31,10151.2,10151.2,10137.9,10142.7,10:45:00,10159.89286917979,2,19
2018-10-31,10146.45,10151.55,10142.2,10151.0,10:50:00,10158.612595924573,2,20
2018-10-31,10142.7,10151.25,10140.55,10145.2,10:55:00,10157.097110598424,2,21
2018-10-31,10148.2,10148.85,10139.1,10142.4,11:00:00,10156.249766731906,2,22
2018-10-31,10158.5,10159.1,10141.8,10148.15,11:05:00,10156.4640746622,2,23
2018-10-31,10168.7,10172.65,10154.75,10158.55,11:10:00,10157.629400884847,2,24
2018-10-31,10184.1,10184.75,10160.95,10169.1,11:15:00,10160.150410324386,2,25
2018-10-31,10185.25,10195.0,10181.05,10184.0,11:20:00,10162.540847436348,2,26
2018-10-31,10182.55,10187.2,10177.05,10185.5,11:25:00,10164.44648101384,2,27
2018-10-31,10171.7,10182.25,10168.1,10182.25,11:30:00,10165.137292345857,2,28
2018-10-31,10189.0,10190.1,10171.5,10171.8,11:35:00,10167.40993117006,2,29
2018-10-31,10196.55,10196.55,10184.85,10189.5,11:40:00,10170.18517582053,2,30
2018-10-31,10185.7,10199.7,10185.5,10196.2,11:45:00,10171.662778123338,2,31
2018-10-31,10197.4,10199.15,10185.25,10186.45,11:50:00,10174.113942111591,2,32
2018-10-31,10188.6,10205.55,10186.95,10197.3,11:55:00,10175.493566672392,2,33
2018-10-31,10200.6,10203.55,10189.1,10189.1,12:00:00,10177.884655560736,2,34
2018-10-31,10218.9,10226.25,10200.4,10200.7,12:05:00,10181.790878840666,2,35
2018-10-31,10230.45,10231.35,10215.8,10219.35,12:10:00,10186.42508085584,2,36
2018-10-31,10237.6,10242.1,10223.95,10230.6,12:15:00,10191.298882679092,2,37
2018-10-31,10223.0,10237.95,10221.3,10237.95,12:20:00,10194.318036709656,2,38
2018-10-31,10217.75,10229.05,10215.8,10223.25,12:25:00,10196.549652261116,2,39
2018-10-31,10233.3,10233.95,10218.3,10218.3,12:30:00,10200.049685379106,2,40
2018-10-31,10245.45,10247.4,10233.1,10233.25,12:35:00,10204.37352486681,2,41
2018-10-31,10239.85,10252.3,10234.05,10245.35,12:40:00,10207.752236784258,2,42
2018-10-31,10256.95,10259.35,10238.75,10239.6,12:45:00,10212.4377380429,2,43
2018-10-31,10244.0,10257.85,10242.4,10255.5,12:50:00,10215.4436677531,2,44
2018-10-31,10240.05,10251.95,10240.05,10243.4,12:55:00,10217.78712796709,2,45
2018-10-31,10230.6,10248.0,10225.25,10239.8,13:00:00,10219.007401494036,2,46
2018-10-31,10241.25,10242.8,10224.6,10231.25,13:05:00,10221.125744208888,2,47
2018-10-31,10243.05,10245.05,10237.95,10241.55,13:10:00,10223.213768569944,2,48
2018-10-31,10255.2,10255.6,10243.25,10243.25,13:15:00,10226.26007632519,2,49
2018-10-31,10251.35,10255.55,10247.75,10254.7,13:20:00,10228.64959286565,2,50
2018-10-31,10259.45,10266.1,10251.05,10251.4,13:25:00,10231.582964973684,2,51
2018-10-31,10261.8,10271.2,10259.95,10260.0,13:30:00,10234.460777833332,2,52
2018-10-31,10280.75,10286.5,10261.65,10261.7,13:35:00,10238.869275182538,2,53
2018-10-31,10272.65,10287.6,10272.25,10280.9,13:40:00,10242.086487069915,2,54
2018-10-31,10279.8,10280.15,10271.55,10272.9,13:45:00,10245.678250206114,2,55
2018-10-31,10297.15,10298.6,10278.85,10279.45,13:50:00,10250.580321615054,2,56
2018-10-31,10301.4,10309.45,10295.9,10296.75,13:55:00,10255.42029098505,2,57
2018-10-31,10310.55,10319.1,10300.95,10300.95,14:00:00,10260.670739462665,2,58
2018-10-31,10321.7,10325.95,10310.4,10310.4,14:05:00,10266.483049990027,2,59
2018-10-31,10318.05,10322.3,10312.9,10321.15,14:10:00,10271.394188086217,2,60
2018-10-31,10325.1,10332.6,10317.85,10318.0,14:15:00,10276.509027316102,2,61
2018-10-31,10313.55,10329.45,10311.05,10325.2,14:20:00,10280.036739000285,2,62
2018-10-31,10332.45,10335.0,10310.95,10313.85,14:25:00,10285.028478143113,2,63
2018-10-31,10345.65,10347.6,10327.6,10331.85,14:30:00,10290.801956415196,2,64
2018-10-31,10348.1,10353.0,10342.05,10344.55,14:35:00,10296.258912947082,2,65
2018-10-31,10355.15,10356.05,10339.0,10347.4,14:40:00,10301.867587904504,2,66
2018-10-31,10348.35,10356.8,10347.3,10354.3,14:45:00,10306.29448429455,2,67
2018-10-31,10356.1,10363.3,10348.1,10348.6,14:50:00,10311.037866742688,2,68
2018-10-31,10362.3,10366.9,10355.4,10356.0,14:55:00,10315.919974671957,2,69
2018-10-31,10386.9,10391.0,10362.85,10363.05,15:00:00,10322.679977084152,2,70
2018-10-31,10388.95,10391.55,10380.0,10387.45,15:05:00,10328.99140783804,2,71
2018-10-31,10387.5,10388.8,10380.15,10388.7,15:10:00,10334.563654710608,2,72
2018-10-31,10388.1,10396.0,10386.55,10388.2,15:15:00,10339.662354261978,2,73
2018-10-31,10381.2,10388.35,10377.75,10388.35,15:20:00,10343.618320522744,2,74
2018-10-31,10361.8,10381.4,10361.8,10381.4,15:25:00,10345.349909044387,2,75
2018-11-01,10414.05,10429.85,10402.15,10429.85,09:15:00,10351.892774849684,3,1
2018-11-01,10412.2,10423.75,10406.3,10414.7,09:20:00,10357.636320102094,3,2
2018-11-01,10388.8,10415.1,10388.8,10411.85,09:25:00,10360.60428961618,3,3
2018-11-01,10392.35,10402.65,10378.4,10390.45,09:30:00,10363.627690605115,3,4
2018-11-01,10402.15,10404.3,10390.8,10391.8,09:35:00,10367.296481976056,3,5
2018-11-01,10376.7,10403.0,10376.7,10401.35,09:40:00,10368.192055121192,3,6
2018-11-01,10379.35,10384.65,10370.4,10376.55,09:45:00,10369.254716538222,3,7
2018-11-01,10360.9,10381.95,10359.7,10379.25,09:50:00,10368.459029248868,3,8
2018-11-01,10369.4,10369.5,10360.15,10360.65,09:55:00,10368.54864551088,3,9
2018-11-01,10376.7,10376.7,10357.7,10369.35,10:00:00,10369.324964986035,3,10
2018-11-01,10379.45,10382.8,10371.6,10376.4,10:05:00,10370.289254034984,3,11
2018-11-01,10390.0,10392.1,10378.6,10379.85,10:10:00,10372.166467936411,3,12
2018-11-01,10377.9,10390.9,10377.15,10390.15,10:15:00,10372.712518609136,3,13
2018-11-01,10395.05,10395.75,10378.05,10378.1,10:20:00,10374.83989778922,3,14
2018-11-01,10397.65,10398.35,10390.35,10395.2,10:25:00,10377.01228847596,3,15
2018-11-01,10408.95,10409.3,10393.85,10396.95,10:30:00,10380.053975287774,3,16
2018-11-01,10403.2,10413.75,10402.8,10408.25,10:35:00,10382.2583585937,3,17
2018-11-01,10400.8,10405.35,10398.6,10402.95,10:40:00,10384.024229203822,3,18
2018-11-01,10389.05,10406.35,10386.5,10400.65,10:45:00,10384.502874041553,3,19
2018-11-01,10383.65,10393.5,10383.65,10389.25,10:50:00,10384.421647942358,3,20
2018-11-01,10373.65,10383.7,10371.1,10383.25,10:55:00,10383.395776709753,3,21
2018-11-01,10367.35,10377.2,10364.8,10373.0,11:00:00,10381.8676074993,3,22
2018-11-01,10365.75,10369.2,10356.8,10366.55,11:05:00,10380.332597261273,3,23
2018-11-01,10368.25,10369.6,10359.6,10366.3,11:10:00,10379.18187371258,3,24
2018-11-01,10372.75,10377.0,10368.15,10368.85,11:15:00,10378.569314311384,3,25
2018-11-01,10376.25,10377.75,10369.95,10372.35,11:20:00,10378.34842723411,3,26
2018-11-01,10377.9,10385.0,10376.35,10376.55,11:25:00,10378.30571987848,3,27
2018-11-01,10361.3,10378.45,10359.6,10378.0,11:30:00,10376.6861275091,3,28
2018-11-01,10352.25,10362.0,10347.75,10360.95,11:35:00,10374.35887727014,3,29
2018-11-01,10349.05,10355.05,10342.3,10351.95,11:40:00,10371.948508006317,3,30
2018-11-01,10347.8,10358.75,10346.5,10349.85,11:45:00,10369.648650100951,3,31
2018-11-01,10350.55,10353.45,10343.8,10347.75,11:50:00,10367.82973104372,3,32
2018-11-01,10352.35,10352.75,10341.9,10351.55,11:55:00,10366.355470944316,3,33
2018-11-01,10359.25,10361.7,10350.95,10352.1,12:00:00,10365.67875942581,3,34
2018-11-01,10356.45,10361.35,10354.8,10359.15,12:05:00,10364.799829956686,3,35
2018-11-01,10361.1,10362.1,10352.6,10356.3,12:10:00,10364.447465198906,3,36
2018-11-01,10360.5,10370.05,10360.1,10361.0,12:15:00,10364.071516132344,3,37
2018-11-01,10357.85,10367.4,10357.55,10360.9,12:20:00,10363.478990786409,3,38
2018-11-01,10356.0,10363.3,10356.0,10357.65,12:25:00,10362.766705949603,3,39
2018-11-01,10353.2,10357.0,10343.05,10356.55,12:30:00,10361.85559109726,3,40
2018-11-01,10362.05,10364.3,10351.0,10353.3,12:35:00,10361.874106230856,3,41
2018-11-01,10371.0,10371.35,10361.3,10361.35,12:40:00,10362.743238970774,3,42
2018-11-01,10374.1,10377.95,10367.85,10370.85,12:45:00,10363.824835259273,3,43
2018-11-01,10368.5,10377.55,10367.2,10373.9,12:50:00,10364.270089044105,3,44
2018-11-01,10382.3,10382.4,10368.35,10368.7,12:55:00,10365.987223420854,3,45
2018-11-01,10395.0,10397.15,10382.5,10382.65,13:00:00,10368.75034499982,3,46
2018-11-01,10382.15,10395.3,10379.85,10394.6,13:05:00,10370.026502618884,3,47
2018-11-01,10390.3,10390.3,10374.8,10382.2,13:10:00,10371.957311893277,3,48
2018-11-01,10386.7,10395.85,10384.7,10391.7,13:15:00,10373.361377427247,3,49
2018-11-01,10382.5,10388.9,10378.85,10386.65,13:20:00,10374.231722434177,3,50
2018-11-01,10383.3,10388.95,10380.95,10383.15,13:25:00,10375.095367916636,3,51
2018-11-01,10373.15,10383.4,10371.85,10383.1,13:30:00,10374.910094781717,3,52
2018-11-01,10393.25,10393.65,10373.05,10373.05,13:35:00,10376.656752421552,3,53
2018-11-01,10390.25,10393.15,10386.45,10392.85,13:40:00,10377.951347429023,3,54
2018-11-01,10400.15,10401.95,10389.75,10392.15,13:45:00,10380.065504816735,3,55
2018-11-01,10398.95,10401.9,10392.25,10401.9,13:50:00,10381.864028167523,3,56
2018-11-01,10404.15,10406.4,10398.2,10400.85,13:55:00,10383.98650167538,3,57
2018-11-01,10386.95,10409.2,10386.95,10406.35,14:00:00,10384.268739611058,3,58
2018-11-01,10371.7,10389.0,10359.75,10388.05,14:05:00,10383.071716790955,3,59
2018-11-01,10374.8,10381.6,10369.85,10372.5,14:10:00,10382.283934239438,3,60
2018-11-01,10378.2,10382.75,10365.85,10376.1,14:15:00,10381.894988121396,3,61
2018-11-01,10370.4,10392.1,10368.95,10380.65,14:20:00,10380.800227347929,3,62
2018-11-01,10377.1,10379.65,10369.7,10373.0,14:25:00,10380.447824743364,3,63
2018-11-01,10397.55,10402.0,10378.05,10378.85,14:30:00,10382.076603339234,3,64
2018-11-01,10407.7,10417.8,10396.5,10398.5,14:35:00,10384.516926830736,3,65
2018-11-01,10397.0,10416.75,10396.85,10409.5,14:40:00,10385.705790942096,3,66
2018-11-01,10399.2,10409.8,10393.85,10399.35,14:45:00,10386.990953709514,3,67
2018-11-01,10378.9,10405.2,10378.9,10401.8,14:50:00,10386.22038668956,3,68
2018-11-01,10389.35,10400.6,10378.65,10381.15,14:55:00,10386.51844510008,3,69
2018-11-01,10373.6,10400.35,10372.95,10390.8,15:00:00,10385.28811699531,3,70
2018-11-01,10385.15,10385.15,10370.95,10374.5,15:05:00,10385.274962995756,3,71
2018-11-01,10381.7,10385.85,10375.25,10385.85,15:10:00,10384.934490329491,3,72
2018-11-01,10376.4,10382.5,10370.55,10382.5,15:15:00,10384.121681726683,3,73
2018-11-01,10382.95,10382.95,10373.4,10376.7,15:20:00,10384.010092990811,3,74
2018-11-01,10380.95,10386.05,10378.15,10382.5,15:25:00,10383.718655563114,3,75
2018-11-02,10477.75,10478.25,10457.7,10457.7,09:15:00,10392.67402169996,4,1
2018-11-02,10482.9,10494.5,10477.45,10477.45,09:20:00,10401.26697201425,4,2
2018-11-02,10502.2,10502.2,10480.3,10482.5,09:25:00,10410.879641346226,4,3
2018-11-02,10512.3,10514.2,10497.05,10504.1,09:30:00,10420.538723122776,4,4
2018-11-02,10501.05,10513.45,10499.4,10512.5,09:35:00,10428.20646377775,4,5
2018-11-02,10511.7,10512.9,10496.1,10500.95,09:40:00,10436.15822913225,4,6
2018-11-02,10511.05,10520.3,10509.45,10512.35,09:45:00,10443.2907787387,4,7
2018-11-02,10522.7,10523.0,10508.4,10510.45,09:50:00,10450.853561715969,4,8
2018-11-02,10529.25,10535.6,10521.65,10522.05,09:55:00,10458.31988917159,4,9
2018-11-02,10526.3,10534.45,10524.0,10529.5,10:00:00,10464.794185440962,4,10
2018-11-02,10531.8,10533.95,10522.6,10524.95,10:05:00,10471.175691589442,4,11
2018-11-02,10530.05,10532.4,10524.95,10532.4,10:10:00,10476.782768580924,4,12
2018-11-02,10545.25,10548.6,10530.1,10530.6,10:15:00,10483.303457287502,4,13
2018-11-02,10554.3,10556.8,10545.6,10545.6,10:20:00,10490.06503278393,4,14
2018-11-02,10556.3,10561.8,10551.15,10553.3,10:25:00,10496.373124899746,4,15
2018-11-02,10566.05,10569.05,10553.65,10556.45,10:30:00,10503.009017766435,4,16
2018-11-02,10560.2,10567.35,10559.9,10566.15,10:35:00,10508.455777979158,4,17
2018-11-02,10560.65,10564.4,10556.45,10559.2,10:40:00,10513.426656266856,4,18
2018-11-02,10545.25,10563.1,10544.25,10561.05,10:45:00,10516.457450908109,4,19
2018-11-02,10556.7,10559.25,10544.1,10544.8,10:50:00,10520.290074631144,4,20
2018-11-02,10548.85,10557.65,10544.2,10557.05,10:55:00,10523.010067523415,4,21
2018-11-02,10548.9,10551.2,10543.25,10548.8,11:00:00,10525.475775378329,4,22
2018-11-02,10557.15,10559.55,10548.3,10548.75,11:05:00,10528.492368199437,4,23
2018-11-02,10556.1,10559.3,10555.35,10557.05,11:10:00,10531.121666466155,4,24
2018-11-02,10561.5,10562.45,10553.2,10556.5,11:15:00,10534.014841088429,4,25
2018-11-02,10555.05,10562.3,10550.65,10561.35,11:20:00,10536.018189556198,4,26
2018-11-02,10562.35,10563.05,10554.5,10554.9,11:25:00,10538.525981027036,4,27
2018-11-02,10553.8,10562.85,10553.35,10561.9,11:30:00,10539.980649500652,4,28
2018-11-02,10558.1,10563.15,10552.0,10554.35,11:35:00,10541.706301929162,4,29
2018-11-02,10577.7,10577.7,10556.85,10558.4,11:40:00,10545.134273174002,4,30
2018-11-02,10581.55,10584.2,10575.3,10577.85,11:45:00,10548.60243763362,4,31
2018-11-02,10574.55,10581.55,10568.4,10581.45,11:50:00,10551.073634049468,4,32
2018-11-02,10564.25,10573.75,10563.2,10573.6,11:55:00,10552.328526044756,4,33
2018-11-02,10567.95,10569.1,10559.85,10563.85,12:00:00,10553.816285469067,4,34
2018-11-02,10566.0,10569.5,10563.45,10566.7,12:05:00,10554.976639233915,4,35
2018-11-02,10566.3,10568.4,10560.05,10565.85,12:10:00,10556.055054544971,4,36
2018-11-02,10564.5,10566.8,10561.1,10566.35,12:15:00,10556.859335064495,4,37
2018-11-02,10555.2,10564.3,10555.05,10564.25,12:20:00,10556.701303153592,4,38
2018-11-02,10556.9,10564.95,10555.0,10555.25,12:25:00,10556.720226662774,4,39
2018-11-02,10551.95,10559.7,10551.25,10556.8,12:30:00,10556.265919361558,4,40
2018-11-02,10562.2,10562.25,10550.75,10551.7,12:35:00,10556.831069898552,4,41
2018-11-02,10566.2,10568.55,10561.05,10561.75,12:40:00,10557.723348955831,4,42
2018-11-02,10565.4,10569.75,10565.3,10566.3,12:45:00,10558.454458579086,4,43
2018-11-02,10562.5,10567.1,10561.25,10565.45,12:50:00,10558.839748238222,4,44
2018-11-02,10568.9,10569.0,10560.2,10562.3,12:55:00,10559.79786745363,4,45
2018-11-02,10571.2,10573.9,10564.15,10568.7,13:00:00,10560.883784838998,4,46
2018-11-02,10576.4,10578.05,10570.45,10570.55,13:05:00,10562.361519616235,4,47
2018-11-02,10574.9,10578.35,10573.85,10577.75,13:10:00,10563.555660605163,4,48
2018-11-02,10575.75,10579.4,10573.8,10576.55,13:15:00,10564.717026261816,4,49
2018-11-02,10586.85,10586.85,10575.4,10576.45,13:20:00,10566.824928522596,4,50
2018-11-02,10585.4,10588.75,10582.7,10588.4,13:25:00,10568.593982949014,4,51
2018-11-02,10586.05,10588.4,10581.05,10587.15,13:30:00,10570.256460763394,4,52
2018-11-02,10571.9,10587.2,10571.9,10587.2,13:35:00,10570.412988309738,4,53
2018-11-02,10580.95,10582.75,10569.4,10573.15,13:40:00,10571.41651323262,4,54
2018-11-02,10590.1,10592.65,10582.15,10582.65,13:45:00,10573.195892924752,4,55
2018-11-02,10593.1,10596.5,10584.6,10591.45,13:50:00,10575.091522170014,4,56
2018-11-02,10598.55,10602.85,10592.25,10594.3,13:55:00,10577.325662915728,4,57
2018-11-02,10599.15,10606.95,10595.1,10600.0,14:00:00,10579.40417120947,4,58
2018-11-02,10580.75,10601.55,10579.7,10600.2,14:05:00,10579.532345379996,4,59
2018-11-02,10568.35,10581.5,10561.0,10581.5,14:10:00,10578.467360105711,4,60
2018-11-02,10557.6,10569.7,10547.85,10569.4,14:15:00,10576.479992476596,4,61
2018-11-02,10548.5,10564.25,10547.65,10558.9,14:20:00,10573.815231288349,4,62
2018-11-02,10547.9,10551.75,10533.8,10550.65,14:25:00,10571.34711402279,4,63
2018-11-02,10559.95,10559.95,10540.15,10549.4,14:30:00,10570.26167459205,4,64
2018-11-02,10561.75,10565.35,10554.95,10559.9,14:35:00,10569.451038916615,4,65
2018-11-02,10557.3,10561.7,10546.95,10561.35,14:40:00,10568.293797115037,4,66
2018-11-02,10564.9,10572.55,10557.95,10557.95,14:45:00,10567.970578342174,4,67
2018-11-02,10535.1,10566.15,10527.75,10565.3,14:50:00,10564.840047071491,4,68
2018-11-02,10543.8,10551.75,10535.05,10535.2,14:55:00,10562.83623306468,4,69
2018-11-02,10560.45,10560.45,10545.65,10545.65,15:00:00,10562.608972772809,4,70
2018-11-02,10560.6,10565.6,10556.6,10561.45,15:05:00,10562.417642032538,4,71
2018-11-02,10554.3,10563.85,10553.95,10561.5,15:10:00,10561.644533267534,4,72
2018-11-02,10548.4,10556.0,10542.05,10554.9,15:15:00,10560.383149146815,4,73
2018-11-02,10543.05,10549.15,10541.35,10548.35,15:20:00,10558.732373037596,4,74
2018-11-02,10557.85,10559.6,10543.65,10544.15,15:25:00,10558.648337510209,4,75
2018-11-05,10524.9,10541.25,10511.7,10541.25,09:15:00,10555.434210128282,0,1
2018-11-05,10507.9,10526.25,10502.7,10525.05,09:20:00,10550.907142497015,0,2
2018-11-05,10523.4,10524.05,10498.4,10507.8,09:25:00,10548.28741464016,0,3
2018-11-05,10520.9,10535.95,10517.85,10523.05,09:30:00,10545.679089436337,0,4
2018-11-05,10537.75,10538.2,10519.55,10520.35,09:35:00,10544.923938061447,0,5
2018-11-05,10541.35,10545.45,10535.05,10537.3,09:40:00,10544.583563007976,0,6
2018-11-05,10539.15,10550.8,10538.25,10541.7,09:45:00,10544.06608081674,0,7
2018-11-05,10518.55,10538.75,10517.8,10538.75,09:50:00,10541.635977881811,0,8
2018-11-05,10535.0,10537.3,10517.55,10519.5,09:55:00,10541.003979988309,0,9
2018-11-05,10533.15,10546.4,10532.05,10534.6,10:00:00,10540.255981894185,0,10
2018-11-05,10527.8,10537.55,10522.1,10533.1,10:05:00,10539.06969790426,0,11
2018-11-05,10535.0,10538.95,10526.55,10527.45,10:10:00,10538.682107627665,0,12
2018-11-05,10534.75,10535.25,10527.3,10534.95,10:15:00,10538.307621186934,0,13
2018-11-05,10530.45,10535.85,10524.7,10534.4,10:20:00,10537.559276311988,0,14
2018-11-05,10526.9,10537.7,10522.35,10530.8,10:25:00,10536.544107139416,0,15
2018-11-05,10519.95,10527.5,10516.7,10526.95,10:30:00,10534.963715983282,0,16
2018-11-05,10523.4,10524.0,10518.65,10519.85,10:35:00,10533.86240969916,0,17
2018-11-05,10527.5,10532.0,10523.35,10523.5,10:40:00,10533.256465918288,0,18
2018-11-05,10524.7,10530.7,10523.4,10528.95,10:45:00,10532.44156440226,0,19
2018-11-05,10516.4,10525.5,10516.4,10524.8,10:50:00,10530.91379636395,0,20
2018-11-05,10504.85,10517.0,10502.75,10516.75,10:55:00,10528.431530043574,0,21
2018-11-05,10502.4,10511.55,10501.95,10504.35,11:00:00,10525.95233670609,0,22
2018-11-05,10499.85,10505.7,10498.8,10502.95,11:05:00,10523.46639987694,0,23
2018-11-05,10490.4,10505.55,10489.05,10500.1,11:10:00,10520.31721893628,0,24
2018-11-05,10494.8,10500.1,10485.15,10490.05,11:15:00,10517.887007609015,0,25
2018-11-05,10484.7,10500.15,10483.85,10495.0,11:20:00,10514.72634021768,0,26
2018-11-05,10492.3,10493.15,10480.75,10485.55,11:25:00,10512.590498292186,0,27
2018-11-05,10490.55,10497.95,10489.7,10492.65,11:30:00,10510.49140321674,0,28
2018-11-05,10482.0,10491.35,10479.95,10490.65,11:35:00,10507.777936243716,0,29
2018-11-05,10492.45,10493.1,10477.0,10482.45,11:40:00,10506.318132791934,0,30
2018-11-05,10493.85,10499.6,10491.35,10492.9,11:45:00,10505.130691573651,0,31
2018-11-05,10490.5,10499.2,10489.05,10493.9,11:50:00,10503.737292376163,0,32
2018-11-05,10496.7,10498.8,10489.95,10490.55,11:55:00,10503.067074054625,0,33
2018-11-05,10488.55,10499.9,10488.55,10496.65,12:00:00,10501.68449557323,0,34
2018-11-05,10494.5,10495.4,10487.7,10488.4,12:05:00,10501.00025789959,0,35
2018-11-05,10506.8,10508.35,10494.2,10494.4,12:10:00,10501.552614290104,0,36
2018-11-05,10504.35,10514.3,10504.3,10507.15,12:15:00,10501.819031976762,0,37
2018-11-05,10509.15,10511.05,10503.45,10504.3,12:20:00,10502.517219407546,0,38
2018-11-05,10511.45,10514.25,10507.95,10509.25,12:25:00,10503.367960416352,0,39
2018-11-05,10505.05,10510.95,10503.8,10510.95,12:30:00,10503.528154662414,0,40
2018-11-05,10514.45,10520.8,10504.9,10505.25,12:35:00,10504.56833040885,0,41
2018-11-05,10511.55,10519.45,10511.45,10515.35,12:40:00,10505.233251322294,0,42
2018-11-05,10517.35,10517.7,10508.5,10511.5,12:45:00,10506.387227386836,0,43
2018-11-05,10509.25,10517.15,10502.8,10517.15,12:50:00,10506.659872397611,0,44
2018-11-05,10506.75,10509.65,10505.45,10509.65,12:55:00,10506.668455978792,0,45
2018-11-05,10508.15,10508.7,10500.15,10506.15,13:00:00,10506.809555409383,0,46
2018-11-05,10505.5,10510.35,10505.35,10508.5,13:05:00,10506.684835846583,0,47
2018-11-05,10509.2,10511.6,10505.45,10505.45,13:10:00,10506.924375289767,0,48
2018-11-05,10513.2,10514.7,10506.05,10509.0,13:15:00,10507.5220538336,0,49
2018-11-05,10510.85,10516.85,10510.7,10514.25,13:20:00,10507.839001087545,0,50
2018-11-05,10483.15,10512.05,10482.85,10512.05,13:25:00,10505.487667650634,0,51
2018-11-05,10488.6,10491.75,10479.65,10484.25,13:30:00,10503.879318350571,0,52
2018-11-05,10502.4,10503.85,10488.5,10488.55,13:35:00,10503.738430888614,0,53
2018-11-05,10496.8,10502.7,10490.25,10502.7,13:40:00,10503.07762794684,0,54
2018-11-05,10490.5,10496.95,10489.9,10496.65,13:45:00,10501.87975861857,0,55
2018-11-05,10485.25,10493.7,10483.9,10490.3,13:50:00,10500.295972083468,0,56
2018-11-05,10496.35,10501.25,10484.5,10485.2,13:55:00,10499.920165218376,0,57
2018-11-05,10502.6,10506.15,10494.6,10498.25,14:00:00,10500.175387578529,0,58
2018-11-05,10500.35,10506.3,10499.1,10502.8,14:05:00,10500.192017332954,0,59
2018-11-05,10497.6,10500.95,10494.8,10500.4,14:10:00,10499.94515853934,0,60
2018-11-05,10497.7,10499.6,10492.0,10497.9,14:15:00,10499.731333916545,0,61
2018-11-05,10495.7,10497.8,10492.35,10497.35,14:20:00,10499.347397353064,0,62
2018-11-05,10491.5,10497.1,10489.3,10495.75,14:25:00,10498.600026176584,0,63
2018-11-05,10500.3,10501.35,10488.9,10491.25,14:30:00,10498.76192844548,0,64
2018-11-05,10498.45,10509.75,10496.9,10500.75,14:35:00,10498.732220974482,0,65
2018-11-05,10494.65,10499.8,10493.1,10498.9,14:40:00,10498.34343802453,0,66
2018-11-05,10495.45,10498.75,10493.45,10495.15,14:45:00,10498.067872498386,0,67
2018-11-05,10482.3,10495.65,10481.7,10495.5,14:50:00,10496.566170355682,0,68
2018-11-05,10485.8,10486.5,10479.4,10481.7,14:55:00,10495.540820797998,0,69
2018-11-05,10500.7,10512.25,10486.05,10486.05,15:00:00,10496.03217119819,0,70
2018-11-05,10521.8,10521.9,10500.8,10500.8,15:05:00,10498.486250131697,0,71
2018-11-05,10524.55,10525.4,10517.9,10521.35,15:10:00,10500.968512023916,0,72
2018-11-05,10531.95,10536.8,10523.25,10524.3,15:15:00,10503.9191299264,0,73
2018-11-05,10532.05,10533.95,10523.75,10532.05,15:20:00,10506.5982604096,0,74
2018-11-05,10528.2,10533.15,10519.95,10531.95,15:25:00,10508.655568942017,0,75
2018-11-06,10575.45,10579.65,10543.25,10543.25,09:15:00,10515.01694332849,1,1
2018-11-06,10569.55,10581.2,10565.8,10575.7,09:20:00,10520.210567773396,1,2
2018-11-06,10583.85,10589.9,10569.6,10569.9,09:25:00,10526.271466080692,1,3
2018-11-06,10593.75,10600.25,10583.8,10583.8,09:30:00,10532.697993120626,1,4
2018-11-06,10584.2,10594.95,10580.65,10593.3,09:35:00,10537.602946156756,1,5
2018-11-06,10580.6,10587.6,10575.75,10584.5,09:40:00,10541.697903665636,1,6
2018-11-06,10568.55,10585.4,10567.9,10580.3,09:45:00,10544.25524617367,1,7
2018-11-06,10566.6,10568.9,10559.7,10568.8,09:50:00,10546.383317966654,1,8
2018-11-06,10571.25,10574.35,10565.2,10566.45,09:55:00,10548.751573398402,1,9
2018-11-06,10571.6,10574.6,10566.2,10570.75,10:00:00,10550.927614027129,1,10
2018-11-06,10564.9,10576.0,10564.9,10571.1,10:05:00,10552.258317453114,1,11
2018-11-06,10565.3,10571.05,10565.05,10565.4,10:10:00,10553.50038245758,1,12
2018-11-06,10564.95,10571.2,10562.35,10565.6,10:15:00,10554.590822223525,1,13
2018-11-06,10568.0,10572.3,10563.75,10565.3,10:20:00,10555.867886773663,1,14
2018-11-06,10565.3,10570.45,10564.25,10567.85,10:25:00,10556.766183271411,1,15
2018-11-06,10566.45,10569.6,10564.4,10565.0,10:30:00,10557.688451531278,1,16
2018-11-06,10573.5,10573.7,10564.65,10566.55,10:35:00,10559.194313290203,1,17
2018-11-06,10569.0,10575.65,10567.5,10573.35,10:40:00,10560.128188214949,1,18
2018-11-06,10562.3,10569.3,10560.05,10568.85,10:45:00,10560.33502743257,1,19
2018-11-06,10548.8,10562.5,10548.4,10561.9,10:50:00,10559.236453391371,1,20
2018-11-06,10552.8,10553.2,10545.9,10548.65,10:55:00,10558.623457830288,1,21
2018-11-06,10543.9,10552.7,10539.35,10552.5,11:00:00,10557.221223751212,1,22
2018-11-06,10550.95,10555.4,10543.15,10543.15,11:05:00,10556.623964346336,1,23
2018-11-06,10551.9,10555.2,10548.15,10551.05,11:10:00,10556.17406298002,1,24
2018-11-06,10557.0,10559.55,10547.25,10551.45,11:15:00,10556.252723648588,1,25
2018-11-06,10552.5,10559.95,10550.95,10556.8,11:20:00,10555.89532139634,1,26
2018-11-06,10546.9,10552.75,10546.5,10552.15,11:25:00,10555.0386241205,1,27
2018-11-06,10552.55,10557.4,10547.1,10547.1,11:30:00,10554.8016122995,1,28
2018-11-06,10554.0,10560.4,10552.45,10552.45,11:35:00,10554.725268270977,1,29
2018-11-06,10557.1,10558.15,10551.45,10553.45,11:40:00,10554.951433197548,1,30
2018-11-06,10553.45,10558.8,10552.5,10556.9,11:45:00,10554.808439559689,1,31
2018-11-06,10556.2,10559.05,10550.6,10554.2,11:50:00,10554.940969125431,1,32
2018-11-06,10560.3,10562.45,10554.2,10556.35,11:55:00,10555.451353018248,1,33
2018-11-06,10553.7,10562.65,10553.2,10560.2,12:00:00,10555.2845574927,1,34
2018-11-06,10557.95,10558.0,10551.2,10553.35,12:05:00,10555.538409160064,1,35
2018-11-06,10557.3,10562.4,10556.15,10558.75,12:10:00,10555.706179716248,1,36
2018-11-06,10562.55,10563.6,10557.45,10557.45,12:15:00,10556.357972124224,1,37
2018-11-06,10557.35,10563.4,10556.45,10562.4,12:20:00,10556.452450969537,1,38
2018-11-06,10554.7,10558.25,10552.9,10557.05,12:25:00,10556.2855508772,1,39
2018-11-06,10560.4,10561.7,10553.8,10554.85,12:30:00,10556.67740317461,1,40
2018-11-06,10565.8,10566.3,10558.95,10559.5,12:35:00,10557.546221919883,1,41
2018-11-06,10565.2,10568.1,10563.9,10565.65,12:40:00,10558.27515316561,1,42
2018-11-06,10571.15,10571.55,10564.3,10565.0,12:45:00,10559.5013290546,1,43
2018-11-06,10571.85,10577.55,10570.4,10571.35,12:50:00,10560.67739295416,1,44
2018-11-06,10564.85,10572.9,10563.15,10572.25,12:55:00,10561.074784101384,1,45
2018-11-06,10567.6,10568.8,10563.75,10564.65,13:00:00,10561.696233234588,1,46
2018-11-06,10569.6,10573.8,10567.1,10570.0,13:05:00,10562.448972926531,1,47
2018-11-06,10572.05,10573.3,10569.85,10572.1,13:10:00,10563.363356457336,1,48
2018-11-06,10571.05,10574.35,10569.15,10573.2,13:15:00,10564.095417747114,1,49
2018-11-06,10570.05,10574.1,10569.25,10573.35,13:20:00,10564.662520818816,1,50
2018-11-06,10577.7,10579.1,10570.5,10570.95,13:25:00,10565.90418550274,1,51
2018-11-06,10578.65,10582.95,10576.6,10577.95,13:30:00,10567.118072597716,1,52
2018-11-06,10563.5,10581.55,10563.5,10581.55,13:35:00,10566.773494255076,1,53
2018-11-06,10558.6,10566.35,10558.6,10566.35,13:40:00,10565.995066230784,1,54
2018-11-06,10536.55,10561.6,10536.55,10561.6,13:45:00,10563.190774208804,1,55
2018-11-06,10508.8,10539.9,10506.55,10539.9,13:50:00,10558.010700474631,1,56
2018-11-06,10523.85,10533.7,10506.85,10509.85,13:55:00,10554.75730042943,1,57
2018-11-06,10524.3,10525.55,10514.9,10525.55,14:00:00,10551.856605150437,1,58
2018-11-06,10514.9,10533.0,10514.9,10526.65,14:05:00,10548.33692846944,1,59
2018-11-06,10514.1,10517.8,10506.45,10515.8,14:10:00,10545.076268615208,1,60
2018-11-06,10510.7,10519.85,10510.7,10514.95,14:15:00,10541.802338270903,1,61
2018-11-06,10492.75,10512.0,10491.45,10512.0,14:20:00,10537.130687007008,1,62
2018-11-06,10502.75,10509.8,10492.05,10494.05,14:25:00,10533.856335863484,1,63
2018-11-06,10521.25,10524.05,10502.45,10503.9,14:30:00,10532.655732447914,1,64
2018-11-06,10516.4,10531.15,10515.35,10520.9,14:35:00,10531.107567452877,1,65
2018-11-06,10507.4,10519.9,10507.4,10517.3,14:40:00,10528.849703885937,1,66
2018-11-06,10518.85,10519.2,10505.0,10507.45,14:45:00,10527.897351134892,1,67
2018-11-06,10509.05,10519.05,10509.05,10518.35,14:50:00,10526.10236531252,1,68
2018-11-06,10515.4,10517.95,10508.75,10509.0,14:55:00,10525.083092425615,1,69
2018-11-06,10535.85,10538.9,10514.95,10515.05,15:00:00,10526.108512194603,1,70
2018-11-06,10533.1,10535.8,10524.45,10535.8,15:05:00,10526.77436817607,1,71
2018-11-06,10533.3,10537.55,10526.1,10533.7,15:10:00,10527.395856921205,1,72
2018-11-06,10528.4,10539.25,10526.15,10533.1,15:15:00,10527.491489595375,1,73
2018-11-06,10523.55,10529.4,10519.8,10529.25,15:20:00,10527.116109633913,1,74
2018-11-06,10521.1,10529.85,10519.65,10524.3,15:25:00,10526.543146811637,1,75
2018-11-07,10614.45,10614.45,10614.45,10614.45,17:20:00,10534.91522806767,2,1
2018-11-07,10594.35,10616.45,10591.8,10605.95,17:30:00,10540.575682537416,2,2
2018-11-07,10592.65,10595.4,10582.3,10594.75,17:35:00,10545.535141343376,2,3
2018-11-07,10594.75,10596.35,10592.05,10592.25,17:40:00,10550.222270739245,2,4
2018-11-07,10596.3,10597.95,10594.5,10594.95,17:45:00,10554.610625906937,2,5
2018-11-07,10594.7,10597.75,10594.7,10596.45,17:50:00,10558.428661534845,2,6
2018-11-07,10600.0,10600.0,10594.05,10594.9,17:55:00,10562.387836626764,2,7
2018-11-07,10605.25,10605.4,10599.0,10599.55,18:00:00,10566.469947424215,2,8
2018-11-07,10605.75,10607.2,10603.15,10605.2,18:05:00,10570.210904812386,2,9
2018-11-07,10597.85,10606.3,10597.25,10605.55,18:10:00,10572.84319959216,2,10
2018-11-07,10592.8,10597.45,10588.8,10597.25,18:15:00,10574.74384725005,2,11
2018-11-07,10600.35,10601.95,10592.15,10593.1,18:20:00,10577.182528464333,2,12
2018-11-07,10599.75,10603.7,10598.3,10600.65,18:25:00,10579.331811467728,2,13
2018-11-07,10598.4,10600.05,10598.4,10599.35,18:30:00,10581.147829423182,2,14
2018-11-09,10555.0,10605.95,10544.85,10605.95,09:15:00,10578.657559954308,4,1
2018-11-09,10572.7,10575.1,10554.45,10555.1,09:20:00,10578.090173291992,4,2
2018-11-09,10567.25,10576.65,10564.2,10573.2,09:25:00,10577.057775835612,4,3
2018-11-09,10589.8,10590.1,10568.25,10568.3,09:30:00,10578.271320994125,4,4
2018-11-09,10581.35,10589.8,10581.0,10589.7,09:35:00,10578.564528518496,4,5
2018-11-09,10572.5,10582.65,10569.95,10581.4,09:40:00,10577.986954373877,4,6
2018-11-09,10567.95,10579.35,10567.2,10572.65,09:45:00,10577.031053957317,4,7
2018-11-09,10559.1,10569.25,10555.45,10568.3,09:50:00,10575.32333453281,4,8
2018-11-09,10576.6,10576.6,10558.0,10558.5,09:55:00,10575.44492172016,4,9
2018-11-09,10583.75,10585.0,10575.4,10576.35,10:00:00,10576.235881556337,4,10
2018-11-09,10590.45,10591.1,10583.1,10583.55,10:05:00,10577.589607122398,4,11
2018-11-09,10592.9,10594.7,10590.0,10590.5,10:10:00,10579.047739777408,4,12
2018-11-09,10589.7,10597.15,10586.2,10593.4,10:15:00,10580.062240750987,4,13
2018-11-09,10592.0,10594.95,10588.3,10589.75,10:20:00,10581.199170203274,4,14
2018-11-09,10596.15,10599.9,10592.05,10592.05,10:25:00,10582.623058755342,4,15
2018-11-09,10593.65,10596.35,10588.9,10596.1,10:30:00,10583.673243635783,4,16
2018-11-09,10604.65,10606.35,10594.0,10594.0,10:35:00,10585.671029956187,4,17
2018-11-09,10610.9,10615.0,10603.85,10604.25,10:40:00,10588.073789007978,4,18
2018-11-09,10607.65,10612.6,10604.55,10611.7,10:45:00,10589.938190054838,4,19
2018-11-09,10606.95,10608.0,10603.1,10607.5,10:50:00,10591.55836243057,4,20
2018-11-09,10613.05,10613.4,10605.6,10606.7,10:55:00,10593.605185056227,4,21
2018-11-09,10610.0,10613.8,10609.05,10612.95,11:00:00,10595.166596003255,4,22
2018-11-09,10614.0,10614.0,10608.95,10609.95,11:05:00,10596.960253526757,4,23
2018-11-09,10618.55,10619.35,10611.6,10614.05,11:10:00,10599.01641985754,4,24
2018-11-09,10605.9,10618.15,10605.2,10618.1,11:15:00,10599.671998918728,4,25
2018-11-09,10611.05,10612.2,10605.75,10606.45,11:20:00,10600.755618069326,4,26
2018-11-09,10608.85,10614.9,10607.25,10611.0,11:25:00,10601.526511586531,4,27
2018-11-09,10606.9,10613.65,10606.9,10608.95,11:30:00,10602.038272387816,4,28
2018-11-09,10603.65,10607.4,10596.65,10607.4,11:35:00,10602.191770255642,4,29
2018-11-09,10614.25,10614.25,10603.4,10603.4,11:40:00,10603.340173088438,4,30
2018-11-09,10617.4,10619.55,10613.2,10613.85,11:45:00,10604.679204222872,4,31
2018-11-09,10608.7,10617.5,10608.6,10617.05,11:50:00,10605.062137154027,4,32
2018-11-09,10612.15,10615.55,10608.7,10609.0,11:55:00,10605.737171710784,4,33
2018-11-09,10608.0,10613.8,10605.75,10612.1,12:00:00,10605.9526791669,4,34
2018-11-09,10610.6,10611.55,10607.4,10607.85,12:05:00,10606.395281151006,4,35
2018-11-09,10609.15,10610.35,10604.5,10610.35,12:10:00,10606.6576353271,4,36
2018-11-09,10606.2,10611.0,10604.3,10608.5,12:15:00,10606.614051010234,4,37
2018-11-09,10604.65,10610.0,10604.45,10605.65,12:20:00,10606.42699853307,4,38
2018-11-09,10596.3,10604.9,10591.9,10604.4,12:25:00,10605.4625224823,4,39
2018-11-09,10601.15,10603.6,10593.75,10595.6,12:30:00,10605.051806055417,4,40
2018-11-09,10601.6,10601.9,10595.75,10600.3,12:35:00,10604.723062621566,4,41
2018-11-09,10603.4,10611.55,10601.45,10601.55,12:40:00,10604.597056657609,4,42
2018-11-09,10581.85,10602.3,10578.95,10601.75,12:45:00,10602.430670309262,4,43
2018-11-09,10578.65,10587.1,10578.5,10581.9,12:50:00,10600.165844565525,4,44
2018-11-09,10589.5,10589.75,10578.2,10578.85,12:55:00,10599.150049844997,4,45
2018-11-09,10584.6,10593.45,10581.45,10589.3,13:00:00,10597.76433081214,4,46
2018-11-09,10589.5,10590.95,10584.45,10584.45,13:05:00,10596.977251687173,4,47
2018-11-09,10588.2,10592.9,10587.15,10588.95,13:10:00,10596.14132295506,4,48
2018-11-09,10575.65,10592.15,10571.4,10587.85,13:15:00,10594.189768387912,4,49
2018-11-09,10580.75,10580.75,10574.65,10575.4,13:20:00,10592.909790446209,4,50
2018-11-09,10586.45,10588.35,10580.05,10580.05,13:25:00,10592.294572308474,4,51
2018-11-09,10580.7,10587.65,10580.05,10586.85,13:30:00,10591.190327326716,4,52
2018-11-09,10580.2,10581.75,10573.9,10581.15,13:35:00,10590.143629486076,4,53
2018-11-09,10582.65,10585.95,10577.9,10579.75,13:40:00,10589.429950487402,4,54
2018-11-09,10585.55,10585.8,10576.9,10582.5,13:45:00,10589.060431393364,4,55
2018-11-09,10576.15,10585.65,10574.25,10585.35,13:50:00,10587.830866498758,4,56
2018-11-09,10566.55,10577.45,10565.65,10576.2,13:55:00,10585.8041173084,4,57
2018-11-09,10568.25,10572.45,10563.25,10566.35,14:00:00,10584.132296612364,4,58
2018-11-09,10570.0,10574.05,10565.55,10568.35,14:05:00,10582.78636360166,4,59
2018-11-09,10573.6,10577.25,10569.75,10569.75,14:10:00,10581.911471830072,4,60
2018-11-09,10576.65,10581.25,10573.85,10573.85,14:15:00,10581.410379274828,4,61
2018-11-09,10574.5,10578.65,10574.35,10576.45,14:20:00,10580.75224791532,4,62
2018-11-09,10577.45,10578.1,10573.65,10574.2,14:25:00,10580.437748113862,4,63
2018-11-09,10585.7,10589.6,10576.95,10577.0,14:30:00,10580.93891496016,4,64
2018-11-09,10576.95,10586.5,10572.5,10585.1,14:35:00,10580.559018297288,4,65
2018-11-09,10578.6,10580.95,10576.65,10576.65,14:40:00,10580.37244512612,4,66
2018-11-09,10579.05,10581.1,10575.75,10578.0,14:45:00,10580.24649797125,4,67
2018-11-09,10583.3,10583.3,10578.6,10578.9,14:50:00,10580.537307688272,4,68
2018-11-09,10581.75,10592.25,10580.2,10582.8,14:55:00,10580.652802194152,4,69
2018-11-09,10586.65,10587.25,10581.65,10582.85,15:00:00,10581.223963889946,4,70
2018-11-09,10592.25,10594.55,10585.9,10587.2,15:05:00,10582.274062567094,4,71
2018-11-09,10592.5,10600.25,10591.85,10592.2,15:10:00,10583.247961370227,4,72
2018-11-09,10587.65,10594.45,10584.2,10593.3,15:15:00,10583.667203144492,4,73
2018-11-09,10580.15,10588.9,10579.85,10588.05,15:20:00,10583.332231416443,4,74
2018-11-09,10582.05,10584.3,10577.95,10580.65,15:25:00,10583.210114138688,4,75
2018-11-12,10628.55,10629.2,10603.05,10610.0,09:15:00,10587.528198506432,0,1
2018-11-12,10636.45,10637.65,10625.95,10627.65,09:20:00,10592.187417696296,0,2
2018-11-12,10628.2,10636.3,10624.4,10635.75,09:25:00,10595.617187439506,0,3
2018-11-12,10633.9,10639.45,10627.8,10628.35,09:30:00,10599.263169588125,0,4
2018-11-12,10636.4,10645.5,10632.15,10634.05,09:35:00,10602.800010579733,0,5
2018-11-12,10636.8,10637.75,10628.85,10636.65,09:40:00,10606.038104810234,0,6
2018-11-12,10620.1,10637.05,10619.7,10636.3,09:45:00,10607.377332923545,0,7
2018-11-12,10615.85,10623.4,10613.8,10620.45,09:50:00,10608.184253597492,0,8
2018-11-12,10610.0,10618.5,10606.45,10614.8,09:55:00,10608.357181826304,0,9
2018-11-12,10603.1,10610.7,10599.25,10610.15,10:00:00,10607.856497842846,0,10
2018-11-12,10606.8,10614.05,10602.8,10603.0,10:05:00,10607.75587900067,0,11
2018-11-12,10593.3,10607.35,10592.55,10606.6,10:10:00,10606.379128619654,0,12
2018-11-12,10579.4,10592.8,10575.15,10592.8,10:15:00,10603.809687798734,0,13
2018-11-12,10586.6,10588.8,10571.55,10579.3,10:20:00,10602.17066991314,0,14
2018-11-12,10582.55,10595.15,10582.55,10586.75,10:25:00,10600.302034683318,0,15
2018-11-12,10583.2,10587.85,10577.05,10582.45,10:30:00,10598.673269475385,0,16
2018-11-12,10576.9,10585.9,10576.6,10583.15,10:35:00,10596.599624763445,0,17
2018-11-12,10589.45,10589.5,10573.9,10576.65,10:40:00,10595.918708119303,0,18
2018-11-12,10588.6,10590.45,10579.9,10589.55,10:45:00,10595.221688298418,0,19
2018-11-12,10578.85,10588.95,10577.7,10587.45,10:50:00,10593.662479889044,0,20
2018-11-12,10582.8,10585.4,10576.3,10578.8,10:55:00,10592.62795799485,0,21
2018-11-12,10584.3,10588.45,10579.45,10582.3,11:00:00,10591.834819138196,0,22
2018-11-12,10583.15,10584.7,10577.75,10583.65,11:05:00,10591.007693505988,0,23
2018-11-12,10593.55,10594.75,10581.3,10584.15,11:10:00,10591.24981793399,0,24
2018-11-12,10600.55,10604.05,10591.45,10593.25,11:15:00,10592.135549559323,0,25
2018-11-12,10597.55,10604.5,10593.8,10600.3,11:20:00,10592.651211506054,0,26
2018-11-12,10600.55,10600.55,10594.2,10596.8,11:25:00,10593.403477076909,0,27
2018-11-12,10599.15,10604.0,10595.05,10601.1,11:30:00,10593.950764974345,0,28
2018-11-12,10602.0,10602.2,10594.8,10599.1,11:35:00,10594.71735878631,0,29
2018-11-12,10595.2,10603.5,10595.2,10601.6,11:40:00,10594.763324616188,0,30
2018-11-12,10588.65,10595.3,10583.3,10595.3,11:45:00,10594.181103224171,0,31
2018-11-12,10587.7,10592.8,10585.65,10588.4,11:50:00,10593.56385529806,0,32
2018-11-12,10585.7,10591.65,10583.85,10587.9,11:55:00,10592.814916698244,0,33
2018-11-12,10584.8,10586.05,10580.25,10585.2,12:00:00,10592.051591298412,0,34
2018-11-12,10577.25,10588.25,10576.3,10584.2,12:05:00,10590.64191593666,0,35
2018-11-12,10576.05,10577.15,10570.15,10577.15,12:10:00,10589.252209656976,0,36
2018-11-12,10577.4,10579.65,10570.65,10576.15,12:15:00,10588.123427784883,0,37
2018-11-12,10578.1,10579.5,10571.7,10577.45,12:20:00,10587.168815614896,0,38
2018-11-12,10582.6,10583.1,10575.9,10578.25,12:25:00,10586.73369031824,0,39
2018-11-12,10575.35,10584.5,10574.25,10582.2,12:30:00,10585.64952933555,0,40
2018-11-12,10580.35,10580.6,10574.5,10575.0,12:35:00,10585.144812255972,0,41
2018-11-12,10582.35,10587.15,10579.05,10581.05,12:40:00,10584.878639660166,0,42
2018-11-12,10579.6,10583.6,10576.8,10583.0,12:45:00,10584.375912073485,0,43
2018-11-12,10584.8,10586.25,10579.9,10580.65,12:50:00,10584.41630139982,0,44
2018-11-12,10576.0,10585.95,10575.25,10585.8,12:55:00,10583.614748885551,0,45
2018-11-12,10580.85,10581.1,10572.15,10576.6,13:00:00,10583.35143946788,0,46
2018-11-12,10560.5,10582.25,10559.9,10582.25,13:05:00,10581.17511189951,0,47
2018-11-12,10545.95,10561.5,10537.0,10561.5,13:10:00,10577.820339337652,0,48
2018-11-12,10542.15,10546.3,10532.25,10546.3,13:15:00,10574.42316416264,0,49
2018-11-12,10544.7,10546.0,10540.25,10544.7,13:20:00,10571.59238662334,0,50
2018-11-12,10541.25,10550.1,10533.95,10546.45,13:25:00,10568.702635516354,0,51
2018-11-12,10536.05,10544.9,10536.05,10541.4,13:30:00,10565.592860705272,0,52
2018-11-12,10529.7,10537.85,10524.55,10535.6,13:35:00,10562.174493019056,0,53
2018-11-12,10534.55,10537.3,10524.05,10530.8,13:40:00,10559.543588922004,0,54
2018-11-12,10526.6,10540.9,10525.85,10535.85,13:45:00,10556.406104262764,0,55
2018-11-12,10529.5,10529.95,10521.5,10528.25,13:50:00,10553.8436181425,0,56
2018-11-12,10524.0,10531.5,10522.95,10530.45,13:55:00,10551.001368795594,0,57
2018-11-12,10516.85,10525.1,10513.55,10525.1,14:00:00,10547.748857481727,0,58
2018-11-12,10516.95,10518.1,10507.7,10517.45,14:05:00,10544.81563295966,0,59
2018-11-12,10521.0,10526.05,10516.4,10516.85,14:10:00,10542.547477439692,0,60
2018-11-12,10513.2,10523.85,10513.2,10520.05,14:15:00,10539.752479588296,0,61
2018-11-12,10515.15,10515.15,10509.55,10512.85,14:20:00,10537.40938629417,0,62
2018-11-12,10517.9,10517.9,10508.1,10514.45,14:25:00,10535.55134950425,0,63
2018-11-12,10520.9,10522.7,10517.7,10518.65,14:30:00,10534.1559828848,0,64
2018-11-12,10524.7,10529.35,10519.55,10520.55,14:35:00,10533.255413086246,0,65
2018-11-12,10524.1,10525.15,10518.1,10524.25,14:40:00,10532.383468982796,0,66
2018-11-12,10515.75,10525.3,10514.35,10524.0,14:45:00,10530.799329079671,0,67
2018-11-12,10502.6,10516.65,10502.6,10515.4,14:50:00,10528.113678691132,0,68
2018-11-12,10508.65,10510.1,10501.4,10501.4,14:55:00,10526.259995006263,0,69
2018-11-12,10498.1,10508.65,10489.85,10508.5,15:00:00,10523.578090719951,0,70
2018-11-12,10494.55,10497.45,10491.5,10496.8,15:05:00,10520.813510651387,0,71
2018-11-12,10488.35,10494.0,10486.7,10493.9,15:10:00,10517.721747732208,0,72
2018-11-12,10480.3,10488.15,10474.6,10487.9,15:15:00,10514.157771757713,0,73
2018-11-12,10468.3,10481.0,10464.05,10479.85,15:20:00,10509.790364923643,0,74
2018-11-12,10480.05,10480.75,10468.4,10468.4,15:25:00,10506.957949216632,0,75
2018-11-13,10461.65,10472.4,10440.55,10449.6,09:15:00,10502.642906434095,1,1
2018-11-13,10479.35,10485.75,10459.85,10459.9,09:20:00,10500.424534392752,1,2
2018-11-13,10471.45,10479.55,10463.6,10478.75,09:25:00,10497.665054926776,1,3
2018-11-13,10462.35,10470.4,10458.7,10470.4,09:30:00,10494.30171636232,1,4
2018-11-13,10491.4,10492.85,10461.15,10461.95,09:35:00,10494.025362423052,1,5
2018-11-13,10495.3,10500.05,10487.55,10490.7,09:40:00,10494.146756477998,1,6
2018-11-13,10489.7,10503.65,10489.7,10495.4,09:45:00,10493.723255861045,1,7
2018-11-13,10485.25,10491.35,10485.0,10489.25,09:50:00,10492.916279112374,1,8
2018-11-13,10479.55,10485.95,10472.45,10485.2,09:55:00,10491.64330014929,1,9
2018-11-13,10478.9,10485.0,10470.0,10479.1,10:00:00,10490.429652516024,1,10
2018-11-13,10481.9,10489.35,10478.55,10478.55,10:05:00,10489.617304657357,1,11
2018-11-13,10489.45,10489.45,10475.05,10481.8,10:10:00,10489.601370880464,1,12
2018-11-13,10485.5,10492.2,10483.35,10488.25,10:15:00,10489.210764129944,1,13
2018-11-13,10478.45,10485.9,10478.45,10485.0,10:20:00,10488.185929450903,1,14
2018-11-13,10482.5,10483.8,10477.4,10478.5,10:25:00,10487.64441236034,1,15
2018-11-13,10477.8,10484.35,10475.5,10482.65,10:30:00,10486.706849278404,1,16
2018-11-13,10469.9,10478.2,10469.8,10478.1,10:35:00,10485.106196966177,1,17
2018-11-13,10466.25,10471.55,10464.6,10469.55,10:40:00,10483.310368683682,1,18
2018-11-13,10462.05,10467.05,10457.05,10466.35,10:45:00,10481.285571666189,1,19
2018-11-13,10470.45,10471.0,10458.1,10461.25,10:50:00,10480.253612459885,1,20
2018-11-13,10475.3,10481.75,10470.15,10470.15,10:55:00,10479.781839844658,1,21
2018-11-13,10467.25,10478.3,10466.0,10474.5,11:00:00,10478.588331288023,1,22
2018-11-13,10468.35,10469.5,10460.25,10467.2,11:05:00,10477.613252117735,1,23
2018-11-13,10468.9,10474.0,10468.55,10468.55,11:10:00,10476.783418582712,1,24
2018-11-13,10467.8,10474.25,10467.1,10468.95,11:15:00,10475.927854908168,1,25
2018-11-13,10476.65,10476.65,10465.35,10467.2,11:20:00,10475.9966306312,1,26
2018-11-13,10476.5,10479.95,10475.15,10476.3,11:25:00,10476.044570571086,1,27
2018-11-13,10473.2,10479.4,10471.65,10476.8,11:30:00,10475.773659088129,1,28
2018-11-13,10487.85,10489.3,10472.9,10472.9,11:35:00,10476.92378679402,1,29
2018-11-13,10494.45,10494.8,10486.95,10486.95,11:40:00,10478.592949956494,1,30
2018-11-13,10496.65,10499.2,10494.4,10494.4,11:45:00,10480.312669008255,1,31
2018-11-13,10495.7,10497.15,10491.25,10495.55,11:50:00,10481.778129102708,1,32
2018-11-13,10491.1,10497.8,10490.0,10494.95,11:55:00,10482.66592633102,1,33
2018-11-13,10495.4,10495.5,10486.35,10492.05,12:00:00,10483.878695251877,1,34
2018-11-13,10495.65,10498.2,10493.35,10497.0,12:05:00,10484.999771894554,1,35
2018-11-13,10503.3,10503.75,10493.05,10496.65,12:10:00,10486.742650761738,1,36
2018-11-13,10507.2,10512.3,10503.8,10505.5,12:15:00,10488.69096973681,1,37
2018-11-13,10501.3,10509.15,10501.15,10508.65,12:20:00,10489.891829761877,1,38
2018-11-13,10503.15,10505.0,10497.65,10503.1,12:25:00,10491.154512641697,1,39
2018-11-13,10504.8,10508.35,10503.45,10504.95,12:30:00,10492.454082866298,1,40
2018-11-13,10500.1,10506.05,10497.0,10505.9,12:35:00,10493.18226545046,1,41
2018-11-13,10495.8,10500.9,10492.95,10499.65,12:40:00,10493.431573502798,1,42
2018-11-13,10496.9,10498.25,10490.4,10496.05,12:45:00,10493.761899835865,1,43
2018-11-13,10497.5,10499.6,10494.85,10496.35,12:50:00,10494.117909375303,1,44
2018-11-13,10503.45,10504.95,10497.45,10498.95,12:55:00,10495.006679910992,1,45
2018-11-13,10508.3,10509.75,10503.35,10504.65,13:00:00,10496.27271039566,1,46
2018-11-13,10515.7,10516.2,10505.45,10509.75,13:05:00,10498.122928453216,1,47
2018-11-13,10516.35,10520.25,10512.4,10516.85,13:10:00,10499.858840029096,1,48
2018-11-13,10515.9,10518.35,10513.5,10518.35,13:15:00,10501.386569550135,1,49
2018-11-13,10508.4,10518.05,10508.2,10518.05,13:20:00,10502.054515307264,1,50
2018-11-13,10517.25,10519.5,10507.7,10507.7,13:25:00,10503.50170432562,1,51
2018-11-13,10524.9,10526.75,10513.55,10517.05,13:30:00,10505.539637246991,1,52
2018-11-13,10524.8,10527.8,10517.7,10524.45,13:35:00,10507.373957509182,1,53
2018-11-13,10541.0,10549.35,10524.6,10524.6,13:40:00,10510.576437746402,1,54
2018-11-13,10545.2,10552.65,10542.55,10542.55,13:45:00,10513.873919865791,1,55
2018-11-13,10550.5,10550.6,10540.3,10545.1,13:50:00,10517.362117973811,1,56
2018-11-13,10561.95,10563.7,10550.1,10550.35,13:55:00,10521.608582928686,1,57
2018-11-13,10566.55,10575.1,10559.7,10562.3,14:00:00,10525.88871788786,1,58
2018-11-13,10568.5,10569.35,10556.7,10566.6,14:05:00,10529.946935231872,1,59
2018-11-13,10564.8,10572.9,10564.8,10568.1,14:10:00,10533.266274733598,1,60
2018-11-13,10564.05,10569.55,10560.8,10564.25,14:15:00,10536.198058092305,1,61
2018-11-13,10573.8,10576.15,10560.85,10564.3,14:20:00,10539.779195416844,1,62
2018-11-13,10564.95,10576.3,10564.4,10574.95,14:25:00,10542.176414900954,1,63
2018-11-13,10570.5,10570.5,10561.75,10564.4,14:30:00,10544.873899196102,1,64
2018-11-13,10565.65,10572.65,10563.8,10570.6,14:35:00,10546.85257546314,1,65
2018-11-13,10559.55,10567.05,10553.05,10565.35,14:40:00,10548.06185399046,1,66
2018-11-13,10558.8,10569.05,10554.6,10558.95,14:45:00,10549.084534562797,1,67
2018-11-13,10555.85,10561.45,10551.95,10558.15,14:50:00,10549.728864604436,1,68
2018-11-13,10557.85,10558.95,10552.75,10556.5,14:55:00,10550.50230607068,1,69
2018-11-13,10570.4,10572.75,10558.35,10558.75,15:00:00,10552.39732454014,1,70
2018-11-13,10582.65,10582.65,10569.9,10571.35,15:05:00,10555.278531726795,1,71
2018-11-13,10588.65,10589.4,10580.35,10583.55,15:10:00,10558.456766800437,1,72
2018-11-13,10588.25,10596.25,10587.3,10588.7,15:15:00,10561.294217581346,1,73
2018-11-13,10582.25,10589.3,10581.1,10588.05,15:20:00,10563.290006383124,1,74
2018-11-13,10580.15,10583.7,10576.3,10581.95,15:25:00,10564.895720060922,1,75
2018-11-14,10637.15,10638.5,10621.3,10621.3,09:15:00,10571.77708005512,2,1
2018-11-14,10648.0,10650.5,10636.5,10637.0,09:20:00,10579.036405764156,2,2
2018-11-14,10637.95,10651.6,10637.95,10648.15,09:25:00,10584.647224262808,2,3
2018-11-14,10634.0,10644.05,10630.35,10638.0,09:30:00,10589.34748861873,2,4
2018-11-14,10617.15,10635.55,10610.75,10633.8,09:35:00,10591.995346845517,2,5
2018-11-14,10598.85,10617.25,10595.05,10617.05,09:40:00,10592.648170955466,2,6
2018-11-14,10598.55,10617.05,10598.55,10599.15,09:45:00,10593.210249912088,2,7
2018-11-14,10584.1,10602.15,10580.4,10598.5,09:50:00,10592.342607063318,2,8
2018-11-14,10578.3,10596.9,10577.4,10584.35,09:55:00,10591.00521591443,2,9
2018-11-14,10566.6,10577.5,10560.6,10577.5,10:00:00,10588.680909636869,2,10
2018-11-14,10576.75,10583.9,10565.95,10566.05,10:05:00,10587.544632528594,2,11
2018-11-14,10576.05,10590.0,10574.15,10576.55,10:10:00,10586.44990562111,2,12
2018-11-14,10573.15,10581.1,10565.85,10576.2,10:15:00,10585.183247942909,2,13
2018-11-14,10562.3,10573.75,10559.25,10573.75,10:20:00,10583.003890995964,2,14
2018-11-14,10568.15,10573.45,10562.45,10562.45,10:25:00,10581.589234710636,2,15
2018-11-14,10571.05,10574.3,10565.0,10567.8,10:30:00,10580.585498071528,2,16
2018-11-14,10580.35,10582.05,10570.85,10570.85,10:35:00,10580.563069683762,2,17
2018-11-14,10592.05,10593.2,10579.85,10580.15,10:40:00,10581.657063047212,2,18
2018-11-14,10600.0,10601.55,10585.9,10592.5,10:45:00,10583.404009423668,2,19
2018-11-14,10594.55,10599.85,10587.85,10599.85,10:50:00,10584.4655323357,2,20
2018-11-14,10607.3,10608.5,10594.8,10595.35,10:55:00,10586.640243541824,2,21
2018-11-14,10605.75,10612.45,10603.55,10607.65,11:00:00,10588.460220347366,2,22
2018-11-14,10612.4,10616.4,10606.5,10607.2,11:05:00,10590.740199361904,2,23
2018-11-14,10596.75,10614.9,10596.2,10614.9,11:10:00,10591.312561327435,2,24
2018-11-14,10603.5,10604.0,10593.65,10597.05,11:15:00,10592.473269772445,2,25
2018-11-14,10594.5,10604.8,10592.1,10603.25,11:20:00,10592.666291698875,2,26
2018-11-14,10601.7,10604.5,10594.25,10594.55,11:25:00,10593.526644870411,2,27
2018-11-14,10607.6,10610.7,10601.25,10601.55,11:30:00,10594.866964406565,2,28
2018-11-14,10607.5,10609.25,10602.5,10607.85,11:35:00,10596.07011065356,2,29
2018-11-14,10607.8,10608.9,10604.45,10607.4,11:40:00,10597.187242972268,2,30
2018-11-14,10615.95,10617.35,10607.0,10607.75,11:45:00,10598.974172213004,2,31
2018-11-14,10607.8,10616.95,10606.7,10615.85,11:50:00,10599.814727240337,2,32
2018-11-14,10611.15,10614.3,10607.8,10608.1,11:55:00,10600.894277026971,2,33
2018-11-14,10621.8,10623.5,10611.35,10611.35,12:00:00,10602.885298262498,2,34
2018-11-14,10621.5,10629.85,10618.55,10622.0,12:05:00,10604.658126999404,2,35
2018-11-14,10614.4,10626.75,10614.05,10623.0,12:10:00,10605.585924428033,2,36
2018-11-14,10615.55,10617.6,10606.2,10616.05,12:15:00,10606.534884006316,2,37
2018-11-14,10625.05,10628.7,10613.0,10615.3,12:20:00,10608.298228386666,2,38
2018-11-14,10624.3,10628.3,10621.5,10626.15,12:25:00,10609.822206635556,2,39
2018-11-14,10619.55,10625.8,10618.85,10625.1,12:30:00,10610.748663146454,2,40
2018-11-14,10609.1,10623.2,10608.55,10620.0,12:35:00,10610.591647608697,2,41
2018-11-14,10607.35,10611.8,10603.85,10610.65,12:40:00,10610.282919265012,2,42
2018-11-14,10608.4,10609.2,10600.5,10608.4,12:45:00,10610.103593620726,2,43
2018-11-14,10604.25,10609.7,10604.1,10608.6,12:50:00,10609.54610851399,2,44
2018-11-14,10604.2,10608.25,10598.9,10605.6,12:55:00,10609.03695532218,2,45
2018-11-14,10594.85,10605.4,10592.9,10605.4,13:00:00,10607.685816720068,2,46
2018-11-14,10597.0,10597.4,10583.4,10596.55,13:05:00,10606.668119889586,2,47
2018-11-14,10600.25,10601.2,10590.7,10598.4,13:10:00,10606.056870376293,2,48
2018-11-14,10595.8,10603.45,10590.65,10601.5,13:15:00,10605.080025578549,2,49
2018-11-14,10597.4,10604.1,10593.75,10596.5,13:20:00,10604.348594571067,2,50
2018-11-14,10598.7,10601.5,10593.15,10598.6,13:25:00,10603.810633183346,2,51
2018-11-14,10577.35,10599.75,10572.4,10599.75,13:30:00,10601.29057288017,2,52
2018-11-14,10583.9,10585.4,10574.5,10577.8,13:35:00,10599.634327843964,2,53
2018-11-14,10595.15,10595.9,10584.45,10584.45,13:40:00,10599.20724900168,2,54
2018-11-14,10588.85,10596.0,10584.8,10595.8,13:45:00,10598.220844334854,2,55
2018-11-14,10587.4,10590.55,10576.15,10589.35,13:50:00,10597.190287731535,2,56
2018-11-14,10569.65,10587.8,10568.0,10587.55,13:55:00,10594.567403185674,2,57
2018-11-14,10566.3,10569.9,10557.9,10569.8,14:00:00,10591.875269548942,2,58
2018-11-14,10549.35,10566.5,10549.35,10566.0,14:05:00,10587.825243877614,2,59
2018-11-14,10558.45,10564.25,10547.3,10548.95,14:10:00,10585.027601603557,2,60
2018-11-14,10541.35,10559.25,10532.7,10558.15,14:15:00,10580.867830022267,2,61
2018-11-14,10551.5,10551.85,10538.15,10541.75,14:20:00,10578.07089382967,2,62
2018-11-14,10537.95,10556.15,10537.95,10551.1,14:25:00,10574.249856322083,2,63
2018-11-14,10543.55,10546.45,10534.05,10538.05,14:30:00,10571.326060481884,2,64
2018-11-14,10552.55,10556.85,10540.6,10543.9,14:35:00,10569.537864245514,2,65
2018-11-14,10574.15,10574.6,10551.65,10552.25,14:40:00,10569.97711526975,2,66
2018-11-14,10569.9,10580.85,10567.4,10573.8,14:45:00,10569.969770958343,2,67
2018-11-14,10572.35,10575.85,10567.45,10569.15,14:50:00,10570.196459438504,2,68
2018-11-14,10587.25,10588.15,10569.75,10572.25,14:55:00,10571.820606158644,2,69
2018-11-14,10588.35,10597.25,10582.75,10588.25,15:00:00,10573.394834143535,2,70
2018-11-14,10580.7,10589.7,10576.2,10587.7,15:05:00,10574.090564225102,2,71
2018-11-14,10580.6,10583.4,10571.4,10580.8,15:10:00,10574.710510489378,2,72
2018-11-14,10571.35,10581.35,10570.35,10580.9,15:15:00,10574.390461871342,2,73
2018-11-14,10567.8,10573.75,10565.65,10571.0,15:20:00,10573.762798835976,2,74
2018-11-14,10567.35,10572.25,10565.6,10567.7,15:25:00,10573.152056089692,2,75
2018-11-15,10597.65,10604.05,10570.35,10578.2,09:15:00,10575.485193604958,3,1
2018-11-15,10606.65,10607.7,10596.6,10596.6,09:20:00,10578.453270404483,3,2
2018-11-15,10588.55,10607.9,10584.75,10606.8,09:25:00,10579.414863699296,3,3
2018-11-15,10588.8,10589.15,10572.8,10588.8,09:30:00,10580.308686204124,3,4
2018-11-15,10577.2,10589.0,10567.6,10589.0,09:35:00,10580.012620851352,3,5
2018-11-15,10568.75,10577.3,10557.5,10577.05,09:40:00,10578.93999029408,3,6
2018-11-15,10571.75,10572.95,10559.8,10568.15,09:45:00,10578.255229313692,3,7
2018-11-15,10580.1,10585.75,10571.65,10571.65,09:50:00,10578.430921760008,3,8
2018-11-15,10583.0,10586.0,10577.9,10580.2,09:55:00,10578.866072068578,3,9
2018-11-15,10579.65,10583.15,10571.6,10583.15,10:00:00,10578.940731871571,3,10
2018-11-15,10569.7,10584.05,10567.4,10579.6,10:05:00,10578.060662169515,3,11
2018-11-15,10577.65,10579.55,10568.7,10570.2,10:10:00,10578.021551486703,3,12
2018-11-15,10578.6,10584.8,10575.85,10578.15,10:15:00,10578.076641821304,3,13
2018-11-15,10578.4,10591.15,10577.8,10578.75,10:20:00,10578.107437838324,3,14
2018-11-15,10584.1,10590.4,10578.0,10578.2,10:25:00,10578.678158044198,3,15
2018-11-15,10581.65,10588.1,10576.55,10584.0,10:30:00,10578.961190611417,3,16
2018-11-15,10576.8,10586.1,10572.8,10581.75,10:35:00,10578.755362934138,3,17
2018-11-15,10580.05,10584.0,10576.15,10576.45,10:40:00,10578.878661702316,3,18
2018-11-15,10584.6,10589.1,10580.2,10580.2,10:45:00,10579.423551064,3,19
2018-11-15,10602.75,10604.6,10583.55,10584.0,10:50:00,10581.645117629332,3,20
2018-11-15,10595.5,10606.6,10595.5,10603.8,10:55:00,10582.964630236063,3,21
2018-11-15,10587.8,10597.55,10587.4,10596.2,11:00:00,10583.425141642152,3,22
2018-11-15,10598.25,10600.65,10586.8,10587.4,11:05:00,10584.837032914327,3,23
2018-11-15,10598.7,10598.9,10593.65,10597.6,11:10:00,10586.157315493916,3,24
2018-11-15,10598.25,10605.9,10594.05,10598.5,11:15:00,10587.308999732591,3,25
2018-11-15,10604.8,10606.95,10596.55,10598.35,11:20:00,10588.974809281868,3,26
2018-11-15,10611.95,10612.45,10604.4,10604.4,11:25:00,10591.162922683594,3,27
2018-11-15,10613.4,10614.2,10610.45,10612.0,11:30:00,10593.28073957087,3,28
2018-11-15,10618.85,10623.2,10611.35,10613.25,11:35:00,10595.715907230788,3,29
2018-11-15,10619.6,10624.9,10617.95,10619.1,11:40:00,10597.990582732617,3,30
2018-11-15,10621.3,10621.45,10612.85,10619.5,11:45:00,10600.21052723427,3,31
2018-11-15,10616.65,10622.15,10616.3,10620.8,11:50:00,10601.776191307195,3,32
2018-11-15,10613.5,10617.1,10612.1,10616.55,11:55:00,10602.892744516035,3,33
2018-11-15,10616.5,10618.3,10607.15,10613.45,12:00:00,10604.188673609746,3,34
2018-11-15,10618.65,10619.85,10613.45,10616.95,12:05:00,10605.56594278977,3,35
2018-11-15,10618.05,10623.9,10617.9,10618.45,12:10:00,10606.754900619317,3,36
2018-11-15,10614.8,10618.25,10612.55,10617.75,12:15:00,10607.521100560334,3,37
2018-11-15,10609.7,10615.05,10607.95,10614.45,12:20:00,10607.728614792684,3,38
2018-11-15,10618.5,10618.95,10610.15,10610.15,12:25:00,10608.754461002904,3,39
2018-11-15,10613.7,10619.5,10613.7,10618.3,12:30:00,10609.225464716914,3,40
2018-11-15,10613.8,10618.7,10611.15,10613.95,12:35:00,10609.661134743876,3,41
2018-11-15,10610.4,10616.95,10606.15,10614.65,12:40:00,10609.731502863506,3,42
2018-11-15,10609.2,10610.45,10602.35,10610.45,12:45:00,10609.680883543171,3,43
2018-11-15,10609.7,10609.7,10601.85,10609.35,12:50:00,10609.682704158107,3,44
2018-11-15,10622.95,10624.35,10607.45,10609.65,12:55:00,10610.94625614305,3,45
2018-11-15,10638.65,10640.75,10621.9,10622.6,13:00:00,10613.584707938951,3,46
2018-11-15,10640.1,10642.45,10634.1,10638.9,13:05:00,10616.109973849529,3,47
2018-11-15,10638.95,10641.15,10633.35,10640.05,13:10:00,10618.285214435287,3,48
2018-11-15,10640.8,10646.5,10639.3,10639.3,13:15:00,10620.429479727163,3,49
2018-11-15,10628.3,10641.45,10627.0,10641.05,13:20:00,10621.179053086484,3,50
2018-11-15,10620.8,10629.5,10619.4,10628.05,13:25:00,10621.142952792532,3,51
2018-11-15,10631.0,10631.85,10619.4,10620.0,13:30:00,10622.081719193244,3,52
2018-11-15,10637.8,10640.85,10630.7,10631.05,13:35:00,10623.578698317697,3,53
2018-11-15,10634.65,10641.15,10630.8,10637.6,13:40:00,10624.633108001726,3,54
2018-11-15,10630.0,10637.3,10627.25,10633.75,13:45:00,10625.14424057299,3,55
2018-11-15,10633.55,10638.0,10629.6,10631.5,13:50:00,10625.944789089848,3,56
2018-11-15,10638.9,10643.25,10633.35,10635.4,13:55:00,10627.17861870034,3,57
2018-11-15,10632.45,10644.7,10630.1,10640.25,14:00:00,10627.680655014594,3,58
2018-11-15,10629.75,10635.0,10623.85,10634.6,14:05:00,10627.877735489395,3,59
2018-11-15,10626.3,10632.45,10625.3,10631.6,14:10:00,10627.727474966596,3,60
2018-11-15,10626.35,10628.15,10619.75,10626.4,14:15:00,10627.59628687454,3,61
2018-11-15,10622.05,10633.8,10620.15,10626.85,14:20:00,10627.068069076964,3,62
2018-11-15,10611.3,10624.3,10609.1,10622.65,14:25:00,10625.566348212493,3,63
2018-11-15,10621.2,10622.2,10605.55,10613.1,14:30:00,10625.150505525586,3,64
2018-11-15,10630.8,10636.55,10621.3,10621.3,14:35:00,10625.688552618389,3,65
2018-11-15,10625.4,10632.3,10622.45,10630.7,14:40:00,10625.661071416636,3,66
2018-11-15,10626.35,10627.45,10620.6,10626.15,14:45:00,10625.72668366267,3,67
2018-11-15,10634.3,10637.05,10622.95,10627.0,14:50:00,10626.54318998051,3,68
2018-11-15,10630.1,10636.3,10627.2,10636.1,14:55:00,10626.88193379189,3,69
2018-11-15,10617.9,10632.4,10616.3,10630.55,15:00:00,10626.026511525995,3,70
2018-11-15,10628.05,10634.05,10618.7,10618.75,15:05:00,10626.219224713996,3,71
2018-11-15,10621.0,10628.15,10616.65,10627.75,15:10:00,10625.722155693617,3,72
2018-11-15,10606.2,10623.45,10603.65,10622.05,15:15:00,10623.862902770416,3,73
2018-11-15,10602.4,10609.3,10601.45,10606.35,15:20:00,10621.81881679228,3,74
2018-11-15,10604.55,10606.6,10599.2,10602.8,15:25:00,10620.174167573969,3,75
2018-11-16,10648.25,10648.35,10633.8,10638.95,09:15:00,10622.848056376448,4,1
2018-11-16,10647.9,10659.8,10647.1,10648.7,09:20:00,10625.233955769168,4,2
2018-11-16,10644.0,10650.45,10643.1,10647.45,09:25:00,10627.021198076867,4,3
2018-11-16,10657.0,10661.0,10641.9,10643.9,09:30:00,10629.876322069547,4,4
2018-11-16,10658.15,10666.05,10654.85,10657.4,09:35:00,10632.569053301018,4,5
2018-11-16,10664.15,10666.1,10652.15,10657.75,09:40:00,10635.576762510444,4,6
2018-11-16,10672.05,10674.6,10664.65,10664.65,09:45:00,10639.050404176118,4,7
2018-11-16,10683.35,10686.8,10671.15,10671.15,09:50:00,10643.269413302203,4,8
2018-11-16,10685.4,10689.1,10681.5,10683.95,09:55:00,10647.281850130565,4,9
2018-11-16,10679.05,10687.35,10678.9,10684.6,10:00:00,10650.307388213369,4,10
2018-11-16,10677.6,10686.9,10676.25,10678.25,10:05:00,10652.906684573998,4,11
2018-11-16,10679.25,10680.25,10672.9,10677.5,10:10:00,10655.415571757429,4,12
2018-11-16,10683.2,10685.9,10679.2,10679.4,10:15:00,10658.061707780533,4,13
2018-11-16,10684.45,10686.05,10678.1,10683.0,10:20:00,10660.5748784681,4,14
2018-11-16,10687.65,10689.1,10683.0,10684.5,10:25:00,10663.153461471138,4,15
2018-11-16,10687.7,10690.05,10685.05,10687.4,10:30:00,10665.491227045315,4,16
2018-11-16,10690.05,10695.15,10687.3,10687.4,10:35:00,10667.830157802904,4,17
2018-11-16,10687.25,10694.55,10687.25,10689.35,10:40:00,10669.67966658358,4,18
2018-11-16,10678.95,10686.75,10677.4,10686.3,10:45:00,10670.562555480385,4,19
2018-11-16,10668.35,10678.7,10665.95,10678.7,10:50:00,10670.351835910822,4,20
2018-11-16,10658.35,10673.95,10658.35,10668.45,10:55:00,10669.208803919317,4,21
2018-11-16,10670.0,10670.65,10656.9,10658.1,11:00:00,10669.284155927002,4,22
2018-11-16,10663.85,10671.45,10660.4,10670.2,11:05:00,10668.766617267289,4,23
2018-11-16,10670.45,10673.4,10662.55,10663.75,11:10:00,10668.926939432307,4,24
2018-11-16,10672.1,10675.8,10669.55,10669.8,11:15:00,10669.22913567685,4,25
2018-11-16,10662.55,10675.25,10661.55,10671.4,11:20:00,10668.59302751715,4,26
2018-11-16,10660.9,10662.85,10653.0,10662.3,11:25:00,10667.860358229804,4,27
2018-11-16,10654.5,10662.2,10653.5,10659.15,11:30:00,10666.5879431603,4,28
2018-11-16,10648.0,10659.15,10642.7,10653.2,11:35:00,10664.81766285932,4,29
2018-11-16,10657.7,10657.7,10647.15,10647.65,11:40:00,10664.13979020605,4,30
2018-11-16,10656.15,10662.25,10651.55,10657.6,11:45:00,10663.378857805475,4,31
2018-11-16,10665.1,10665.1,10654.15,10655.35,11:50:00,10663.542776109716,4,32
2018-11-16,10665.25,10669.05,10660.4,10664.55,11:55:00,10663.705368861172,4,33
2018-11-16,10666.05,10668.2,10660.45,10664.8,12:00:00,10663.928667064867,4,34
2018-11-16,10662.25,10668.2,10660.35,10665.35,12:05:00,10663.768794011072,4,35
2018-11-16,10668.15,10668.75,10657.45,10661.55,12:10:00,10664.186051724302,4,36
2018-11-16,10673.85,10677.5,10668.55,10668.55,12:15:00,10665.106427750556,4,37
2018-11-16,10676.5,10678.7,10666.55,10674.0,12:20:00,10666.191529869551,4,38
2018-11-16,10677.6,10681.45,10674.7,10676.85,12:25:00,10667.278050834357,4,39
2018-11-16,10675.4,10677.5,10670.7,10677.5,12:30:00,10668.051569802512,4,40
2018-11-16,10680.3,10680.6,10672.85,10675.7,12:35:00,10669.218086964176,4,41
2018-11-16,10674.3,10680.45,10674.3,10679.55,12:40:00,10669.702078681874,4,42
2018-11-16,10669.95,10678.95,10669.1,10674.55,12:45:00,10669.72569023598,4,43
2018-11-16,10665.8,10672.35,10664.9,10670.2,12:50:00,10669.35181497541,4,44
2018-11-16,10671.1,10672.6,10665.3,10665.45,12:55:00,10669.518308787276,4,45
2018-11-16,10675.1,10675.7,10667.3,10670.6,13:00:00,10670.04989842658,4,46
2018-11-16,10683.95,10685.9,10675.75,10675.75,13:05:00,10671.37371762405,4,47
2018-11-16,10683.6,10684.7,10680.05,10684.1,13:10:00,10672.538125469378,4,48
2018-11-16,10686.85,10687.95,10680.95,10683.85,13:15:00,10673.90116113896,4,49
2018-11-16,10686.2,10690.25,10685.6,10686.95,13:20:00,10675.072479125727,4,50
2018-11-16,10683.75,10686.4,10676.0,10686.1,13:25:00,10675.898909685182,4,51
2018-11-16,10683.4,10687.15,10683.3,10683.35,13:30:00,10676.613299238974,4,52
2018-11-16,10678.95,10683.75,10675.95,10683.35,13:35:00,10676.835842168595,4,53
2018-11-16,10666.0,10682.4,10665.65,10678.55,13:40:00,10675.803857200155,4,54
2018-11-16,10668.6,10671.15,10664.3,10666.45,13:45:00,10675.117775562048,4,55
2018-11-16,10660.15,10670.6,10656.35,10668.3,13:50:00,10673.692273127566,4,56
2018-11-16,10665.65,10665.9,10656.2,10660.0,13:55:00,10672.926342353512,4,57
2018-11-16,10659.0,10666.4,10655.35,10666.1,14:00:00,10671.60002403413,4,58
2018-11-16,10656.65,10660.85,10653.05,10659.5,14:05:00,10670.176212221357,4,59
2018-11-16,10665.05,10666.75,10654.7,10656.95,14:10:00,10669.688001533608,4,60
2018-11-16,10665.3,10670.55,10665.1,10665.55,14:15:00,10669.270096625643,4,61
2018-11-16,10662.7,10666.6,10659.55,10665.75,14:20:00,10668.64437313749,4,62
2018-11-16,10657.95,10664.25,10657.1,10662.55,14:25:00,10667.625861410108,4,63
2018-11-16,10660.9,10663.05,10657.4,10658.3,14:30:00,10666.985303180574,4,64
2018-11-16,10655.65,10662.05,10646.9,10661.5,14:35:00,10665.905750496711,4,65
2018-11-16,10642.55,10655.7,10638.65,10655.55,14:40:00,10663.68139330655,4,66
2018-11-16,10644.3,10648.05,10631.15,10642.65,14:45:00,10661.835546324974,4,67
2018-11-16,10641.55,10648.1,10636.9,10644.75,14:50:00,10659.90358953212,4,68
2018-11-16,10655.2,10657.45,10640.35,10641.5,14:55:00,10659.4556286243,4,69
2018-11-16,10670.05,10675.4,10654.45,10655.5,15:00:00,10660.464616374364,4,70
2018-11-16,10683.35,10687.75,10669.95,10670.45,15:05:00,10662.644176719665,4,71
2018-11-16,10682.3,10688.25,10682.3,10683.4,15:10:00,10664.51615988922,4,72
2018-11-16,10688.6,10689.05,10678.8,10682.15,15:15:00,10666.80985894739,4,73
2018-11-16,10689.0,10689.5,10683.4,10688.85,15:20:00,10668.923205714304,4,74
2018-11-16,10679.6,10690.0,10677.85,10689.35,15:25:00,10669.940043265324,4,75
2018-11-19,10716.35,10728.1,10713.35,10723.0,09:15:00,10674.360039144816,0,1
2018-11-19,10725.9,10732.25,10716.4,10717.15,09:20:00,10679.26860684531,0,2
2018-11-19,10725.85,10731.4,10721.7,10726.0,09:25:00,10683.7049300029,0,3
2018-11-19,10712.95,10728.5,10712.95,10726.6,09:30:00,10686.490174764527,0,4
2018-11-19,10699.75,10713.8,10698.9,10713.75,09:35:00,10687.753015263144,0,5
2018-11-19,10704.1,10704.8,10692.3,10698.65,09:40:00,10689.309870952366,0,6
2018-11-19,10696.1,10707.8,10691.95,10704.4,09:45:00,10689.956549909282,0,7
2018-11-19,10702.25,10707.3,10695.2,10695.8,09:50:00,10691.127354679827,0,8
2018-11-19,10707.85,10709.1,10700.25,10703.05,09:55:00,10692.719987567463,0,9
2018-11-19,10710.4,10712.4,10703.05,10707.4,10:00:00,10694.403798275323,0,10
2018-11-19,10701.35,10711.45,10699.85,10710.65,10:05:00,10695.06534129672,0,11
2018-11-19,10708.6,10709.65,10698.75,10701.25,10:10:00,10696.35435641132,0,12
2018-11-19,10708.5,10710.65,10703.25,10709.1,10:15:00,10697.511084372149,0,13
2018-11-19,10698.85,10709.45,10698.8,10708.35,10:20:00,10697.638600146229,0,14
2018-11-19,10700.7,10706.0,10698.7,10699.45,10:25:00,10697.930162037062,0,15
2018-11-19,10697.3,10702.1,10692.15,10701.15,10:30:00,10697.87014660496,0,16
2018-11-19,10691.5,10703.6,10691.5,10696.8,10:35:00,10697.263465975915,0,17
2018-11-19,10698.15,10698.8,10688.8,10691.65,10:40:00,10697.347897787737,0,18
2018-11-19,10700.2,10702.35,10693.7,10698.05,10:45:00,10697.619526569855,0,19
2018-11-19,10700.75,10702.55,10698.25,10700.5,10:50:00,10697.917666896536,0,20
2018-11-19,10702.0,10702.7,10695.5,10700.9,10:55:00,10698.30646052544,0,21
2018-11-19,10705.35,10707.25,10700.55,10701.9,11:00:00,10698.977273808729,0,22
2018-11-19,10706.95,10708.75,10704.25,10705.05,11:05:00,10699.73658106504,0,23
2018-11-19,10703.85,10707.7,10702.1,10707.0,11:10:00,10700.128335249325,0,24
2018-11-19,10705.15,10706.6,10702.65,10704.2,11:15:00,10700.606589035102,0,25
2018-11-19,10699.95,10705.55,10697.2,10705.25,11:20:00,10700.544056746045,0,26
2018-11-19,10704.35,10706.2,10697.2,10699.65,11:25:00,10700.906527532135,0,27
2018-11-19,10703.45,10707.7,10701.1,10704.25,11:30:00,10701.148763005263,0,28
2018-11-19,10704.3,10705.2,10700.35,10703.9,11:35:00,10701.448880814289,0,29
2018-11-19,10696.8,10704.6,10695.5,10704.6,11:40:00,10701.006130260546,0,30
2018-11-19,10702.55,10703.9,10697.25,10697.25,11:45:00,10701.153165473826,0,31
2018-11-19,10703.5,10705.05,10700.95,10702.65,11:50:00,10701.37667352394,0,32
2018-11-19,10708.05,10709.25,10702.1,10704.3,11:55:00,10702.01222842642,0,33
2018-11-19,10713.2,10715.45,10707.25,10707.4,12:00:00,10703.077730481044,0,34
2018-11-19,10712.65,10713.45,10709.35,10713.4,12:05:00,10703.989375197136,0,35
2018-11-19,10711.3,10712.4,10708.0,10712.2,12:10:00,10704.68562517836,0,36
2018-11-19,10709.5,10713.85,10708.2,10711.7,12:15:00,10705.144137066138,0,37
2018-11-19,10714.35,10714.85,10708.1,10709.65,12:20:00,10706.020885916982,0,38
2018-11-19,10713.4,10715.95,10710.8,10714.15,12:25:00,10706.723658686791,0,39
2018-11-19,10710.75,10715.0,10710.0,10713.35,12:30:00,10707.10711976424,0,40
2018-11-19,10708.8,10713.55,10708.75,10710.35,12:35:00,10707.268346453362,0,41
2018-11-19,10706.9,10710.35,10702.65,10708.65,12:40:00,10707.233265838757,0,42
2018-11-19,10703.95,10708.45,10703.3,10706.65,12:45:00,10706.920573854111,0,43
2018-11-19,10711.25,10711.45,10702.9,10703.55,12:50:00,10707.332900153722,0,44
2018-11-19,10710.05,10711.75,10707.9,10710.95,12:55:00,10707.591671567654,0,45
2018-11-19,10711.8,10711.8,10705.15,10710.4,13:00:00,10707.992464751684,0,46
2018-11-19,10713.85,10715.1,10710.75,10711.5,13:05:00,10708.550325251525,0,47
2018-11-19,10708.55,10714.25,10708.0,10713.75,13:10:00,10708.55029427519,0,48
2018-11-19,10713.6,10714.45,10707.6,10708.5,13:15:00,10709.031218629934,0,49
2018-11-19,10710.55,10715.15,10708.45,10713.55,13:20:00,10709.175864474702,0,50
2018-11-19,10713.2,10715.4,10709.8,10710.75,13:25:00,10709.559115477112,0,51
2018-11-19,10717.6,10717.7,10710.9,10714.5,13:30:00,10710.324914003102,0,52
2018-11-19,10722.4,10723.65,10718.25,10718.25,13:35:00,10711.474922193282,0,53
2018-11-19,10720.5,10726.4,10718.5,10723.7,13:40:00,10712.334453412968,0,54
2018-11-19,10725.15,10725.7,10721.7,10721.7,13:45:00,10713.554981659352,0,55
2018-11-19,10720.95,10728.25,10719.8,10726.35,13:50:00,10714.259269120366,0,56
2018-11-19,10724.3,10726.85,10722.05,10722.8,13:55:00,10715.21552920414,0,57
2018-11-19,10732.5,10734.95,10724.8,10725.95,14:00:00,10716.861669279937,0,58
2018-11-19,10734.95,10740.3,10733.7,10734.05,14:05:00,10718.584367443753,0,59
2018-11-19,10735.6,10738.1,10732.9,10735.65,14:10:00,10720.204903877682,0,60
2018-11-19,10739.4,10739.5,10735.75,10736.3,14:15:00,10722.033008270284,0,61
2018-11-19,10739.3,10743.85,10735.85,10741.3,14:20:00,10723.677483673113,0,62
2018-11-19,10721.45,10741.55,10721.0,10740.4,14:25:00,10723.465342370911,0,63
2018-11-19,10720.7,10724.95,10712.05,10723.85,14:30:00,10723.201976430824,0,64
2018-11-19,10743.45,10745.25,10719.3,10720.35,14:35:00,10725.130359627889,0,65
2018-11-19,10739.6,10747.5,10738.0,10744.35,14:40:00,10726.50842061571,0,66
2018-11-19,10746.05,10747.55,10739.75,10740.65,14:45:00,10728.369523414212,0,67
2018-11-19,10740.7,10749.5,10734.75,10747.55,14:50:00,10729.54385451762,0,68
2018-11-19,10742.75,10746.9,10735.5,10742.15,14:55:00,10730.8015826588,0,69
2018-11-19,10755.25,10760.9,10743.95,10743.95,15:00:00,10733.13000335796,0,70
2018-11-19,10754.75,10762.5,10754.75,10755.85,15:05:00,10735.189050657204,0,71
2018-11-19,10760.4,10762.85,10755.25,10756.35,15:10:00,10737.590093451756,0,72
2018-11-19,10763.45,10766.15,10759.85,10761.05,15:15:00,10740.052941694446,0,73
2018-11-19,10772.35,10772.95,10763.75,10764.6,15:20:00,10743.12885200926,0,74
2018-11-19,10769.95,10774.7,10768.55,10772.1,15:25:00,10745.683247055998,0,75
2018-11-20,10730.55,10738.65,10716.25,10734.4,09:15:00,10744.241985431618,1,1
2018-11-20,10731.45,10735.2,10718.85,10730.65,09:20:00,10743.023701104796,1,2
2018-11-20,10719.95,10735.3,10719.6,10731.15,09:25:00,10740.826205761485,1,3
2018-11-20,10719.7,10720.4,10710.75,10720.05,09:30:00,10738.814186165151,1,4
2018-11-20,10721.75,10722.5,10714.9,10720.4,09:35:00,10737.189025577994,1,5
2018-11-20,10730.8,10730.8,10721.45,10722.3,09:40:00,10736.58054695152,1,6
2018-11-20,10730.9,10731.4,10721.0,10730.25,09:45:00,10736.039542479946,1,7
2018-11-20,10730.85,10734.85,10727.6,10731.0,09:50:00,10735.545300339,1,8
2018-11-20,10731.95,10739.35,10729.35,10730.4,09:55:00,10735.202890782904,1,9
2018-11-20,10734.65,10735.85,10729.2,10731.6,10:00:00,10735.150234517869,1,10
2018-11-20,10720.1,10734.65,10717.95,10734.35,10:05:00,10733.7168788495,1,11
2018-11-20,10724.6,10727.0,10719.25,10719.25,10:10:00,10732.848604673358,1,12
2018-11-20,10720.75,10728.5,10718.9,10724.45,10:15:00,10731.696356609227,1,13
2018-11-20,10718.85,10722.55,10715.6,10720.9,10:20:00,10730.472894075016,1,14
2018-11-20,10718.35,10721.05,10713.2,10718.3,10:25:00,10729.31833273454,1,15
2018-11-20,10707.45,10718.1,10706.9,10717.75,10:30:00,10727.235634378869,1,16
2018-11-20,10712.75,10717.45,10706.3,10707.6,10:35:00,10725.85605015231,1,17
2018-11-20,10715.65,10720.05,10709.85,10712.05,10:40:00,10724.884045375898,1,18
2018-11-20,10717.65,10718.2,10713.1,10715.5,10:45:00,10724.195088673432,1,19
2018-11-20,10717.1,10717.9,10709.95,10717.8,10:50:00,10723.519365942628,1,20
2018-11-20,10715.9,10720.35,10714.8,10717.4,10:55:00,10722.793712043327,1,21
2018-11-20,10714.05,10718.8,10713.05,10716.1,11:00:00,10721.960977563012,1,22
2018-11-20,10709.5,10714.7,10708.85,10713.6,11:05:00,10720.774217795108,1,23
2018-11-20,10710.6,10713.6,10706.75,10709.4,11:10:00,10719.805244671765,1,24
2018-11-20,10701.65,10711.0,10700.9,10710.65,11:15:00,10718.076173750644,1,25
2018-11-20,10707.65,10711.25,10701.1,10702.8,11:20:00,10717.08320482201,1,26
2018-11-20,10712.6,10715.95,10708.2,10708.25,11:25:00,10716.6562329342,1,27
2018-11-20,10707.3,10712.65,10707.2,10712.5,11:30:00,10715.765163130942,1,28
2018-11-20,10708.8,10710.85,10706.05,10707.7,11:35:00,10715.101814261328,1,29
2018-11-20,10705.2,10709.55,10701.9,10708.9,11:40:00,10714.158784331676,1,30
2018-11-20,10705.1,10707.6,10702.5,10705.3,11:45:00,10713.296042966756,1,31
2018-11-20,10712.95,10712.95,10703.25,10705.0,11:50:00,10713.26308649373,1,32
2018-11-20,10717.55,10719.3,10711.8,10712.65,11:55:00,10713.671363970518,1,33
2018-11-20,10719.8,10720.35,10714.85,10717.3,12:00:00,10714.255043592371,1,34
2018-11-20,10713.5,10722.4,10713.25,10719.85,12:05:00,10714.183134678817,1,35
2018-11-20,10718.1,10720.05,10713.25,10713.4,12:10:00,10714.556169471309,1,36
2018-11-20,10717.45,10719.0,10713.8,10717.95,12:15:00,10714.831772378804,1,37
2018-11-20,10720.3,10723.2,10715.95,10717.25,12:20:00,10715.352555961776,1,38
2018-11-20,10718.2,10723.25,10717.95,10720.0,12:25:00,10715.623741108271,1,39
2018-11-20,10715.5,10719.85,10714.65,10717.7,12:30:00,10715.611956240818,1,40
2018-11-20,10719.8,10721.65,10713.7,10715.4,12:35:00,10716.010817551216,1,41
2018-11-20,10710.15,10720.65,10709.9,10719.55,12:40:00,10715.4526444511,1,42
2018-11-20,10707.15,10710.4,10703.3,10710.2,12:45:00,10714.661916408138,1,43
2018-11-20,10700.75,10707.75,10696.3,10707.3,12:50:00,10713.336971988316,1,44
2018-11-20,10703.25,10705.95,10700.2,10700.6,12:55:00,10712.376307989429,1,45
2018-11-20,10704.85,10710.35,10701.9,10703.35,13:00:00,10711.65951675234,1,46
2018-11-20,10701.3,10704.9,10698.9,10704.9,13:05:00,10710.67289610926,1,47
2018-11-20,10694.85,10701.35,10686.5,10701.05,13:10:00,10709.165953622663,1,48
2018-11-20,10706.05,10706.2,10695.0,10695.15,13:15:00,10708.86919613479,1,49
2018-11-20,10704.3,10706.35,10699.3,10706.2,13:20:00,10708.434034598144,1,50
2018-11-20,10699.4,10704.65,10697.7,10704.25,13:25:00,10707.5736503507,1,51
2018-11-20,10691.55,10700.5,10690.5,10699.2,13:30:00,10706.04758841254,1,52
2018-11-20,10682.5,10692.15,10678.6,10691.8,13:35:00,10703.80496094468,1,53
2018-11-20,10682.9,10684.45,10680.45,10682.55,13:40:00,10701.81401228328,1,54
2018-11-20,10687.6,10688.75,10677.3,10682.85,13:45:00,10700.46029682773,1,55
2018-11-20,10691.55,10691.95,10687.0,10687.8,13:50:00,10699.61169712985,1,56
2018-11-20,10684.35,10693.0,10683.4,10691.3,13:55:00,10698.158202165105,1,57
2018-11-20,10675.35,10688.2,10674.05,10684.6,14:00:00,10695.985992435091,1,58
2018-11-20,10669.25,10676.6,10668.95,10675.65,14:05:00,10693.439707441275,1,59
2018-11-20,10672.0,10674.05,10664.65,10669.65,14:10:00,10691.397830542106,1,60
2018-11-20,10670.4,10672.3,10668.0,10672.05,14:15:00,10689.398037157143,1,61
2018-11-20,10666.3,10670.15,10659.25,10669.9,14:20:00,10687.198224094558,1,62
2018-11-20,10655.95,10667.05,10655.3,10666.55,14:25:00,10684.22220275222,1,63
2018-11-20,10652.45,10655.2,10647.7,10655.1,14:30:00,10681.19627868058,1,64
2018-11-20,10649.45,10656.0,10648.2,10652.25,14:35:00,10678.172823568144,1,65
2018-11-20,10645.5,10650.95,10640.85,10650.0,14:40:00,10675.061126085464,1,66
2018-11-20,10656.2,10656.9,10641.55,10645.45,14:45:00,10673.26482836304,1,67
2018-11-20,10654.15,10659.1,10653.85,10656.4,14:50:00,10671.44436851894,1,68
2018-11-20,10644.0,10654.7,10642.9,10654.2,14:55:00,10668.830619136184,1,69
2018-11-20,10664.7,10665.65,10642.9,10643.15,15:00:00,10668.4372268375,1,70
2018-11-20,10663.25,10671.4,10663.0,10664.65,15:05:00,10667.943205233929,1,71
2018-11-20,10661.9,10669.4,10660.25,10662.55,15:10:00,10667.367661878316,1,72
2018-11-20,10651.65,10663.25,10648.8,10662.05,15:15:00,10665.87074169943,1,73
2018-11-20,10653.15,10653.15,10646.8,10651.95,15:20:00,10664.65924248996,1,74
2018-11-20,10648.5,10657.25,10645.05,10652.75,15:25:00,10663.120267014729,1,75
2018-11-21,10647.25,10667.75,10637.2,10662.6,09:15:00,10661.608813013325,2,1
2018-11-21,10667.35,10667.45,10646.2,10647.4,09:20:00,10662.15559272634,2,2
2018-11-21,10653.4,10671.3,10650.6,10667.65,09:25:00,10661.321726752403,2,3
2018-11-21,10630.0,10653.95,10628.5,10653.3,09:30:00,10658.338705156935,2,4
2018-11-21,10622.25,10630.2,10621.55,10630.2,09:35:00,10654.90168561818,2,5
2018-11-21,10623.35,10623.65,10614.3,10621.95,09:40:00,10651.896763178354,2,6
2018-11-21,10622.0,10623.9,10610.3,10622.8,09:45:00,10649.049452399464,2,7
2018-11-21,10613.4,10622.65,10613.3,10622.05,09:50:00,10645.654266456657,2,8
2018-11-21,10608.35,10615.1,10601.85,10613.45,09:55:00,10642.101479175071,2,9
2018-11-21,10606.05,10615.3,10605.25,10608.45,10:00:00,10638.668004967922,2,10
2018-11-21,10601.0,10609.8,10600.15,10605.8,10:05:00,10635.080575923355,2,11
2018-11-21,10602.85,10604.65,10595.55,10601.1,10:10:00,10632.01099726399,2,12
2018-11-21,10585.2,10604.35,10583.55,10603.2,10:15:00,10627.552807048372,2,13
2018-11-21,10576.05,10587.15,10576.05,10585.3,10:20:00,10622.64777780567,2,14
2018-11-21,10570.65,10577.15,10568.85,10575.75,10:25:00,10617.695608490843,2,15
2018-11-21,10573.1,10573.4,10562.35,10570.3,10:30:00,10613.448407682194,2,16
2018-11-21,10575.8,10582.6,10570.2,10573.0,10:35:00,10609.862845045796,2,17
2018-11-21,10573.4,10575.85,10565.95,10575.85,10:40:00,10606.39019313667,2,18
2018-11-21,10579.2,10582.2,10571.7,10573.45,10:45:00,10603.800650933175,2,19
2018-11-21,10582.95,10583.2,10578.65,10579.25,10:50:00,10601.814874653826,2,20
2018-11-21,10573.75,10583.25,10568.8,10582.85,10:55:00,10599.1420294487,2,21
2018-11-21,10580.45,10582.5,10569.05,10573.7,11:00:00,10597.361836167873,2,22
2018-11-21,10570.65,10579.95,10569.85,10579.95,11:05:00,10594.817851770931,2,23
2018-11-21,10573.25,10574.1,10567.45,10569.95,11:10:00,10592.76377064989,2,24
2018-11-21,10568.95,10577.15,10568.7,10573.0,11:15:00,10590.495792492758,2,25
2018-11-21,10573.25,10573.25,10567.65,10568.4,11:20:00,10588.853336064878,2,26
2018-11-21,10564.8,10573.3,10564.8,10573.0,11:25:00,10586.562542153935,2,27
2018-11-21,10570.5,10571.75,10564.3,10564.6,11:30:00,10585.032776234517,2,28
2018-11-21,10575.35,10576.4,10570.25,10570.25,11:35:00,10584.110607069322,2,29
2018-11-21,10571.05,10575.7,10569.85,10575.1,11:40:00,10582.866739729388,2,30
2018-11-21,10582.6,10583.0,10571.0,10571.0,11:45:00,10582.841335945635,2,31
2018-11-21,10586.25,10587.4,10580.25,10582.3,11:50:00,10583.16597061748,2,32
2018-11-21,10582.15,10588.0,10582.15,10586.4,11:55:00,10583.069211511054,2,33
2018-11-21,10577.55,10584.0,10577.55,10582.1,12:00:00,10582.543572319526,2,34
2018-11-21,10575.9,10578.55,10572.65,10577.2,12:05:00,10581.910851146238,2,35
2018-11-21,10584.95,10585.35,10575.95,10576.3,12:10:00,10582.200293894217,2,36
2018-11-21,10594.7,10595.2,10581.2,10584.65,12:15:00,10583.390742094767,2,37
2018-11-21,10591.75,10597.9,10589.85,10594.3,12:20:00,10584.186861895265,2,38
2018-11-21,10604.75,10605.45,10591.65,10591.65,12:25:00,10586.145256000478,2,39
2018-11-21,10601.55,10609.5,10599.3,10604.35,12:30:00,10587.612374476625,2,40
2018-11-21,10592.45,10602.65,10591.95,10601.95,12:35:00,10588.073100716943,2,41
2018-11-21,10591.25,10593.05,10589.0,10591.7,12:40:00,10588.375662553426,2,42
2018-11-21,10589.15,10595.9,10585.6,10591.1,12:45:00,10588.449408976909,2,43
2018-11-21,10591.2,10593.85,10588.2,10588.25,12:50:00,10588.711370026724,2,44
2018-11-21,10584.4,10593.5,10581.5,10591.35,12:55:00,10588.300763357513,2,45
2018-11-21,10592.2,10592.65,10581.8,10584.2,13:00:00,10588.672119228226,2,46
2018-11-21,10591.1,10591.55,10586.4,10591.55,13:05:00,10588.903345968394,2,47
2018-11-21,10582.45,10591.4,10581.95,10591.4,13:10:00,10588.288741590452,2,48
2018-11-21,10584.75,10585.4,10577.45,10582.8,13:15:00,10587.95171858184,2,49
2018-11-21,10586.3,10586.7,10581.4,10584.5,13:20:00,10587.794412050236,2,50
2018-11-21,10582.55,10586.75,10581.0,10586.05,13:25:00,10587.294944235928,2,51
2018-11-21,10582.85,10587.0,10580.15,10582.6,13:30:00,10586.87161621346,2,52
2018-11-21,10581.2,10583.55,10577.5,10583.15,13:35:00,10586.331462288368,2,53
2018-11-21,10593.7,10595.1,10580.75,10581.35,13:40:00,10587.033227784714,2,54
2018-11-21,10595.65,10599.15,10593.35,10594.0,13:45:00,10587.853872757598,2,55
2018-11-21,10607.3,10607.45,10594.65,10595.8,13:50:00,10589.705884875922,2,56
2018-11-21,10603.3,10608.1,10599.55,10607.7,13:55:00,10591.000562506788,2,57
2018-11-21,10598.8,10604.55,10597.25,10603.4,14:00:00,10591.74336607757,2,58
2018-11-21,10610.05,10610.1,10597.7,10598.85,14:05:00,10593.486855022564,2,59
2018-11-21,10620.4,10621.3,10609.95,10610.35,14:10:00,10596.050011687084,2,60
2018-11-21,10619.7,10622.3,10616.85,10620.65,14:15:00,10598.302391526408,2,61
2018-11-21,10610.25,10620.3,10609.0,10619.95,14:20:00,10599.440259000085,2,62
2018-11-21,10617.1,10617.4,10608.1,10610.15,14:25:00,10601.122139095312,2,63
2018-11-21,10632.7,10633.75,10615.2,10616.65,14:30:00,10604.12955441957,2,64
2018-11-21,10624.75,10632.55,10623.45,10632.55,14:35:00,10606.09340637961,2,65
2018-11-21,10620.5,10625.95,10617.65,10625.0,14:40:00,10607.465462914886,2,66
2018-11-21,10612.4,10620.75,10612.4,10620.1,14:45:00,10607.935418827756,2,67
2018-11-21,10604.3,10616.55,10603.1,10612.65,14:50:00,10607.589188463207,2,68
2018-11-21,10607.7,10609.75,10601.7,10604.6,14:55:00,10607.599741942902,2,69
2018-11-21,10601.6,10611.75,10601.15,10608.0,15:00:00,10607.02833794834,2,70
2018-11-21,10601.75,10603.7,10592.5,10601.5,15:05:00,10606.525639096117,2,71
2018-11-21,10600.3,10602.85,10594.75,10601.6,15:10:00,10605.93272108696,2,72
2018-11-21,10589.7,10602.05,10589.15,10600.4,15:15:00,10604.386747650104,2,73
2018-11-21,10600.05,10600.75,10589.45,10589.6,15:20:00,10603.97372406438,2,74
2018-11-21,10605.3,10608.2,10599.9,10600.2,15:25:00,10604.10003605825,2,75
2018-11-22,10611.0,10625.95,10606.25,10612.55,09:15:00,10604.757175481274,3,1
2018-11-22,10614.4,10617.6,10605.7,10610.7,09:20:00,10605.675539721153,3,2
2018-11-22,10626.65,10628.55,10612.75,10614.6,09:25:00,10607.673107366756,3,3
2018-11-22,10637.9,10638.5,10623.6,10626.55,09:30:00,10610.551859046112,3,4
2018-11-22,10628.9,10638.0,10628.8,10637.45,09:35:00,10612.29930104172,3,5
2018-11-22,10629.75,10631.75,10624.95,10628.95,09:40:00,10613.961272371082,3,6
2018-11-22,10638.15,10641.25,10629.65,10629.65,09:45:00,10616.264960716691,3,7
2018-11-22,10642.55,10644.55,10635.6,10638.05,09:50:00,10618.768297791295,3,8
2018-11-22,10636.4,10646.25,10636.05,10642.6,09:55:00,10620.447507525458,3,9
2018-11-22,10635.05,10638.85,10632.7,10636.55,10:00:00,10621.838221094462,3,10
2018-11-22,10632.3,10635.0,10627.35,10635.0,10:05:00,10622.834580990228,3,11
2018-11-22,10625.2,10633.0,10624.5,10632.1,10:10:00,10623.059858991155,3,12
2018-11-22,10633.3,10633.75,10624.6,10625.05,10:15:00,10624.035110515808,3,13
2018-11-22,10640.0,10641.6,10633.4,10633.4,10:20:00,10625.55557618097,3,14
2018-11-22,10634.1,10640.8,10634.0,10639.9,10:25:00,10626.3693308304,3,15
2018-11-22,10637.15,10640.3,10632.65,10634.15,10:30:00,10627.396061227504,3,16
2018-11-22,10635.15,10638.85,10631.9,10637.5,10:35:00,10628.13453158679,3,17
2018-11-22,10627.15,10635.25,10623.4,10635.25,10:40:00,10628.040766673765,3,18
2018-11-22,10619.4,10628.05,10617.55,10627.25,10:45:00,10627.217836514355,3,19
2018-11-22,10620.95,10620.95,10612.55,10619.75,10:50:00,10626.620899703466,3,20
2018-11-22,10617.4,10623.1,10617.4,10620.65,10:55:00,10625.742718779326,3,21
2018-11-22,10609.3,10617.1,10606.05,10617.1,11:00:00,10624.176745562248,3,22
2018-11-22,10611.9,10616.4,10609.05,10609.4,11:05:00,10623.007531699175,3,23
2018-11-22,10619.9,10620.05,10609.9,10612.0,11:10:00,10622.711576299253,3,24
2018-11-22,10620.3,10624.2,10619.55,10619.55,11:15:00,10622.481902365991,3,25
2018-11-22,10614.95,10621.6,10613.4,10620.15,11:20:00,10621.764578331136,3,26
2018-11-22,10618.85,10619.25,10612.8,10614.8,11:25:00,10621.486999442455,3,27
2018-11-22,10620.0,10621.1,10617.35,10618.75,11:30:00,10621.345380447936,3,28
2018-11-22,10623.2,10625.7,10619.3,10619.75,11:35:00,10621.522010881466,3,29
2018-11-22,10620.15,10624.75,10619.95,10623.45,11:40:00,10621.391343178471,3,30
2018-11-22,10613.05,10620.55,10611.45,10620.3,11:45:00,10620.596929542426,3,31
2018-11-22,10616.9,10618.6,10613.05,10613.3,11:50:00,10620.244841014575,3,32
2018-11-22,10611.4,10616.85,10607.9,10616.75,11:55:00,10619.402475203664,3,33
2018-11-22,10611.55,10612.4,10608.7,10611.6,12:00:00,10618.654620422363,3,34
2018-11-22,10615.15,10616.7,10609.0,10611.75,12:05:00,10618.320847048806,3,35
2018-11-22,10614.45,10617.3,10612.95,10614.95,12:10:00,10617.95219494892,3,36
2018-11-22,10616.9,10617.6,10612.6,10614.6,12:15:00,10617.851985906163,3,37
2018-11-22,10622.2,10623.0,10617.0,10617.0,12:20:00,10618.26608248653,3,38
2018-11-22,10620.75,10624.55,10620.4,10621.95,12:25:00,10618.502646059242,3,39
2018-11-22,10628.3,10628.7,10619.05,10621.05,12:30:00,10619.435727386934,3,40
2018-11-22,10626.45,10631.9,10625.2,10628.55,12:35:00,10620.103753350082,3,41
2018-11-22,10618.85,10626.7,10618.85,10626.7,12:40:00,10619.984348269125,3,42
2018-11-22,10611.0,10620.05,10610.2,10618.6,12:45:00,10619.128696053018,3,43
2018-11-22,10612.35,10615.95,10610.15,10610.3,12:50:00,10618.483105952731,3,44
2018-11-22,10609.4,10612.55,10605.2,10612.4,12:55:00,10617.618048242946,3,45
2018-11-22,10593.45,10609.8,10593.45,10609.45,13:00:00,10615.316329362666,3,46
2018-11-22,10587.5,10593.85,10582.55,10593.85,13:05:00,10612.667155137651,3,47
2018-11-22,10592.0,10594.6,10586.1,10587.45,13:10:00,10610.698854648352,3,48
2018-11-22,10576.05,10593.05,10572.35,10591.85,13:15:00,10607.398963729462,3,49
2018-11-22,10576.75,10579.35,10572.25,10576.15,13:20:00,10604.480014802846,3,50
2018-11-22,10568.8,10575.3,10567.5,10575.3,13:25:00,10601.081918154956,3,51
2018-11-22,10575.05,10576.65,10565.15,10568.85,13:30:00,10598.602687854484,3,52
2018-11-22,10572.05,10575.8,10571.8,10575.45,13:35:00,10596.07386043977,3,53
2018-11-22,10553.65,10572.5,10552.6,10572.5,13:40:00,10592.03349277884,3,54
2018-11-22,10569.35,10569.9,10553.9,10553.95,13:45:00,10589.873160133237,3,55
2018-11-22,10574.05,10576.15,10567.0,10569.1,13:50:00,10588.3661925015,3,56
2018-11-22,10568.15,10577.7,10568.15,10574.3,13:55:00,10586.44084083469,3,57
2018-11-22,10574.7,10574.8,10567.5,10567.95,14:00:00,10585.3226655171,3,58
2018-11-22,10579.0,10582.55,10573.6,10575.0,14:05:00,10584.720506896423,3,59
2018-11-22,10569.85,10579.75,10569.85,10579.75,14:10:00,10583.304268144382,3,60
2018-11-22,10581.8,10581.8,10566.6,10570.25,14:15:00,10583.161004511585,3,61
2018-11-22,10572.15,10584.0,10572.15,10582.5,14:20:00,10582.11233741524,3,62
2018-11-22,10569.6,10573.8,10568.4,10572.0,14:25:00,10580.920686232836,3,63
2018-11-22,10563.1,10569.95,10558.05,10569.95,14:30:00,10579.223478020189,3,64
2018-11-22,10556.05,10563.3,10552.65,10562.9,14:35:00,10577.016480113503,3,65
2018-11-22,10554.95,10556.45,10547.1,10555.65,14:40:00,10574.914910578884,3,66
2018-11-22,10546.65,10559.75,10546.65,10555.05,14:45:00,10572.223014333274,3,67
2018-11-22,10532.55,10545.75,10530.75,10545.75,14:50:00,10568.44463201582,3,68
2018-11-22,10535.55,10540.6,10531.25,10532.4,14:55:00,10565.311809919076,3,69
2018-11-22,10543.6,10547.9,10535.35,10536.35,15:00:00,10563.244018498212,3,70
2018-11-22,10527.75,10544.6,10527.05,10543.85,15:05:00,10559.863635784095,3,71
2018-11-22,10524.5,10529.4,10517.8,10526.3,15:10:00,10556.495670471324,3,72
2018-11-22,10526.5,10527.65,10512.0,10524.0,15:15:00,10553.638939950246,3,73
2018-11-22,10527.1,10534.55,10524.3,10525.0,15:20:00,10551.111421859749,3,74
2018-11-22,10522.3,10530.2,10519.8,10526.15,15:25:00,10548.367476920725,3,75
2018-11-26,10555.4,10584.95,10554.3,10559.9,09:15:00,10549.03724102351,0,1
2018-11-26,10561.75,10577.25,10553.7,10553.7,09:20:00,10550.247979973652,0,2
2018-11-26,10539.0,10563.6,10539.0,10560.4,09:25:00,10549.176743785683,0,3
2018-11-26,10538.55,10542.9,10527.6,10538.55,09:30:00,10548.164672948951,0,4
2018-11-26,10536.3,10539.25,10526.15,10537.7,09:35:00,10547.034704096672,0,5
2018-11-26,10539.35,10548.1,10537.15,10537.15,09:40:00,10546.302827516036,0,6
2018-11-26,10540.55,10541.95,10532.75,10538.25,09:45:00,10545.754939181175,0,7
2018-11-26,10531.0,10540.85,10530.65,10540.05,09:50:00,10544.349706878207,0,8
2018-11-26,10538.75,10540.25,10529.7,10531.05,09:55:00,10543.816401461234,0,9
2018-11-26,10546.45,10547.55,10537.8,10537.9,10:00:00,10544.067220369689,0,10
2018-11-26,10544.25,10546.35,10539.6,10546.35,10:05:00,10544.084627953527,0,11
2018-11-26,10540.3,10547.9,10540.3,10543.95,10:10:00,10543.724187196049,0,12
2018-11-26,10533.1,10540.65,10532.1,10540.65,10:15:00,10542.712359844045,0,13
2018-11-26,10523.25,10533.4,10523.25,10533.05,10:20:00,10540.85880176366,0,14
2018-11-26,10516.15,10523.8,10516.15,10523.8,10:25:00,10538.505582548072,0,15
2018-11-26,10513.2,10518.7,10511.75,10516.4,10:30:00,10536.095527067304,0,16
2018-11-26,10524.0,10526.1,10512.4,10513.15,10:35:00,10534.943572108512,0,17
2018-11-26,10526.2,10530.1,10521.75,10526.5,10:40:00,10534.11085095532,0,18
2018-11-26,10529.35,10530.95,10523.1,10528.15,10:45:00,10533.657436578622,0,19
2018-11-26,10529.95,10533.35,10527.95,10530.8,10:50:00,10533.304347380656,0,20
2018-11-26,10525.25,10531.65,10523.5,10530.8,10:55:00,10532.537266677737,0,21
2018-11-26,10520.3,10531.05,10519.7,10526.0,11:00:00,10531.371812708428,0,22
2018-11-26,10518.35,10521.35,10516.3,10521.1,11:05:00,10530.13164006953,0,23
2018-11-26,10516.1,10519.45,10514.75,10517.85,11:10:00,10528.79529339624,0,24
2018-11-26,10518.0,10520.05,10513.8,10516.25,11:15:00,10527.767170215648,0,25
2018-11-26,10511.9,10517.75,10510.05,10516.75,11:20:00,10526.25601114749,0,26
2018-11-26,10497.55,10514.3,10496.0,10511.5,11:25:00,10523.52210532392,0,27
2018-11-26,10496.9,10505.6,10494.1,10498.15,11:30:00,10520.986666721645,0,28
2018-11-26,10506.05,10507.8,10495.55,10496.35,11:35:00,10519.564127033867,0,29
2018-11-26,10501.95,10506.85,10500.95,10506.45,11:40:00,10517.88659112588,0,30
2018-11-26,10493.8,10503.7,10489.75,10502.25,11:45:00,10515.592630066272,0,31
2018-11-26,10497.3,10500.3,10492.75,10493.45,11:50:00,10513.850474821866,0,32
2018-11-26,10509.35,10511.1,10496.95,10496.95,11:55:00,10513.421858172163,0,33
2018-11-26,10507.95,10509.75,10499.45,10508.7,12:00:00,10512.900728822431,0,34
2018-11-26,10522.6,10522.6,10506.85,10507.5,12:05:00,10513.82446893458,0,35
2018-11-26,10521.75,10524.15,10512.35,10523.1,12:10:00,10514.579281417004,0,36
2018-11-26,10528.4,10530.3,10519.9,10521.7,12:15:00,10515.895540329671,0,37
2018-11-26,10528.5,10530.4,10523.25,10528.25,12:20:00,10517.09596506018,0,38
2018-11-26,10519.9,10529.35,10517.6,10528.45,12:25:00,10517.36301600683,0,39
2018-11-26,10525.95,10526.4,10516.05,10520.75,12:30:00,10518.18082400618,0,40
2018-11-26,10538.35,10539.55,10525.85,10525.85,12:35:00,10520.101697910352,0,41
2018-11-26,10548.65,10550.75,10537.25,10538.15,12:40:00,10522.820583823654,0,42
2018-11-26,10548.5,10559.3,10547.15,10548.8,12:45:00,10525.266242507116,0,43
2018-11-26,10548.35,10556.9,10546.25,10548.0,12:50:00,10527.464695601677,0,44
2018-11-26,10549.25,10549.25,10542.6,10547.6,12:55:00,10529.539486496757,0,45
2018-11-26,10545.8,10554.2,10544.95,10549.4,13:00:00,10531.0881068304,0,46
2018-11-26,10542.55,10547.5,10538.7,10545.55,13:05:00,10532.179715703693,0,47
2018-11-26,10546.75,10550.35,10543.15,10543.15,13:10:00,10533.567361827152,0,48
2018-11-26,10556.05,10557.75,10543.55,10546.45,13:15:00,10535.708565462664,0,49
2018-11-26,10556.5,10561.35,10554.45,10556.25,13:20:00,10537.688702085266,0,50
2018-11-26,10554.75,10558.4,10552.1,10556.85,13:25:00,10539.313587600956,0,51
2018-11-26,10567.6,10570.1,10555.15,10555.15,13:30:00,10542.00753163896,0,52
2018-11-26,10576.4,10581.7,10567.2,10568.1,13:35:00,10545.2830048162,0,53
2018-11-26,10587.6,10592.3,10575.1,10576.85,13:40:00,10549.313194833709,0,54
2018-11-26,10586.7,10593.35,10581.2,10588.35,13:45:00,10552.873842944782,0,55
2018-11-26,10592.45,10593.75,10586.15,10586.65,13:50:00,10556.643000759565,0,56
2018-11-26,10581.15,10592.9,10581.15,10592.15,13:55:00,10558.977000687226,0,57
2018-11-26,10588.05,10588.8,10580.95,10580.95,14:00:00,10561.745857764632,0,58
2018-11-26,10593.0,10593.0,10580.7,10588.0,14:05:00,10564.722442739429,0,59
2018-11-26,10595.85,10597.55,10590.6,10592.8,14:10:00,10567.68697200234,0,60
2018-11-26,10610.45,10610.45,10595.45,10595.8,14:15:00,10571.759641335451,0,61
2018-11-26,10611.7,10614.0,10604.9,10610.4,14:20:00,10575.563485017788,0,62
2018-11-26,10605.7,10611.25,10601.85,10611.25,14:25:00,10578.43362930181,0,63
2018-11-26,10623.9,10626.7,10605.65,10605.65,14:30:00,10582.763759844494,0,64
2018-11-26,10623.25,10629.9,10619.3,10624.3,14:35:00,10586.619592240257,0,65
2018-11-26,10619.5,10625.35,10618.1,10624.8,14:40:00,10589.751059645949,0,66
2018-11-26,10634.45,10634.95,10619.95,10619.95,14:45:00,10594.008101584428,0,67
2018-11-26,10632.3,10637.05,10630.0,10634.8,14:50:00,10597.654949052578,0,68
2018-11-26,10622.85,10633.15,10621.35,10632.25,14:55:00,10600.05447771424,0,69
2018-11-26,10618.55,10625.05,10614.0,10623.2,15:00:00,10601.815956027169,0,70
2018-11-26,10629.95,10630.65,10616.75,10618.4,15:05:00,10604.495388786485,0,71
2018-11-26,10635.6,10637.8,10627.35,10629.9,15:10:00,10607.45773271158,0,72
2018-11-26,10628.5,10636.2,10627.8,10636.2,15:15:00,10609.46175816762,0,73
2018-11-26,10629.6,10631.45,10626.45,10629.35,15:20:00,10611.37968596118,0,74
2018-11-26,10632.15,10633.95,10627.65,10629.05,15:25:00,10613.357811107737,0,75
2018-11-27,10624.8,10635.35,10617.4,10618.15,09:15:00,10614.44754338319,1,1
2018-11-27,10618.7,10625.25,10607.8,10625.25,09:20:00,10614.852539251457,1,2
2018-11-27,10609.7,10619.2,10609.3,10618.75,09:25:00,10614.361821227509,1,3
2018-11-27,10627.25,10627.7,10608.7,10609.5,09:30:00,10615.589266824889,1,4
2018-11-27,10622.55,10635.8,10622.5,10627.3,09:35:00,10616.252193793947,1,5
2018-11-27,10625.3,10631.4,10620.85,10622.6,09:40:00,10617.113889623097,1,6
2018-11-27,10612.6,10625.2,10612.6,10625.1,09:45:00,10616.683995373276,1,7
2018-11-27,10613.6,10618.6,10611.05,10612.55,09:50:00,10616.390281528204,1,8
2018-11-27,10614.1,10616.15,10609.35,10613.5,09:55:00,10616.1721594779,1,9
2018-11-27,10600.65,10614.6,10597.15,10614.15,10:00:00,10614.693858575243,1,10
2018-11-27,10604.9,10609.95,10596.35,10601.75,10:05:00,10613.761110139509,1,11
2018-11-27,10625.9,10626.65,10603.35,10605.0,10:10:00,10614.917194888125,1,12
2018-11-27,10630.9,10635.25,10624.6,10625.8,10:15:00,10616.439366803545,1,13
2018-11-27,10625.5,10630.9,10621.65,10630.85,10:20:00,10617.302284250824,1,14
2018-11-27,10626.15,10626.75,10621.05,10625.4,10:25:00,10618.144923845985,1,15
2018-11-27,10631.05,10633.9,10620.1,10627.15,10:30:00,10619.373978717796,1,16
2018-11-27,10637.1,10640.45,10630.95,10631.1,10:35:00,10621.062171220863,1,17
2018-11-27,10633.45,10641.4,10632.5,10636.75,10:40:00,10622.241964437924,1,18
2018-11-27,10634.95,10639.4,10633.4,10634.1,10:45:00,10623.452253539075,1,19
2018-11-27,10627.5,10635.75,10624.85,10634.9,10:50:00,10623.83775320202,1,20
2018-11-27,10626.3,10633.1,10623.3,10627.15,10:55:00,10624.072252897064,1,21
2018-11-27,10628.75,10628.75,10622.05,10626.45,11:00:00,10624.517752621154,1,22
2018-11-27,10622.05,10632.25,10621.9,10629.6,11:05:00,10624.282728561995,1,23
2018-11-27,10625.9,10629.75,10622.15,10622.15,11:10:00,10624.436754413236,1,24
2018-11-27,10616.6,10626.45,10616.0,10626.1,11:15:00,10623.69039685007,1,25
2018-11-27,10614.05,10619.6,10610.2,10616.95,11:20:00,10622.77226381673,1,26
2018-11-27,10612.4,10614.25,10605.4,10614.0,11:25:00,10621.78442916752,1,27
2018-11-27,10604.85,10613.75,10602.95,10612.3,11:30:00,10620.17162638966,1,28
2018-11-27,10607.4,10612.35,10604.1,10604.8,11:35:00,10618.955281019216,1,29
2018-11-27,10613.5,10615.25,10605.3,10606.6,11:40:00,10618.435730445955,1,30
2018-11-27,10618.25,10619.25,10613.35,10613.55,11:45:00,10618.418041832056,1,31
2018-11-27,10616.0,10621.95,10616.0,10617.75,11:50:00,10618.187752133765,1,32
2018-11-27,10606.4,10617.05,10606.3,10616.15,11:55:00,10617.065109073406,1,33
2018-11-27,10610.8,10611.55,10603.35,10606.55,12:00:00,10616.468432018795,1,34
2018-11-27,10613.7,10615.9,10609.7,10610.65,12:05:00,10616.20477182653,1,35
2018-11-27,10617.0,10622.0,10612.7,10613.8,12:10:00,10616.28050784305,1,36
2018-11-27,10615.7,10617.65,10610.9,10617.35,12:15:00,10616.225221381806,1,37
2018-11-27,10620.55,10622.85,10615.35,10615.65,12:20:00,10616.63710505973,1,38
2018-11-27,10618.65,10624.85,10618.4,10620.5,12:25:00,10616.828809339757,1,39
2018-11-27,10619.4,10619.4,10613.7,10618.7,12:30:00,10617.07368464073,1,40
2018-11-27,10615.45,10623.2,10615.45,10619.45,12:35:00,10616.91904800828,1,41
2018-11-27,10612.1,10616.9,10609.9,10615.7,12:40:00,10616.460091055107,1,42
2018-11-27,10618.65,10621.95,10610.95,10612.05,12:45:00,10616.668653811765,1,43
2018-11-27,10610.75,10619.0,10610.2,10618.75,12:50:00,10616.104972496358,1,44
2018-11-27,10606.15,10611.3,10598.45,10611.05,12:55:00,10615.156879877655,1,45
2018-11-27,10647.0,10653.25,10604.55,10606.05,13:00:00,10618.189557984548,1,46
2018-11-27,10648.55,10650.95,10641.65,10647.8,13:05:00,10621.081028652688,1,47
2018-11-27,10646.25,10657.15,10643.9,10648.1,13:10:00,10623.478073542909,1,48
2018-11-27,10663.5,10664.15,10645.9,10646.55,13:15:00,10627.28968558644,1,49
2018-11-27,10664.95,10667.2,10656.75,10663.95,13:20:00,10630.876382197255,1,50
2018-11-27,10663.0,10668.15,10654.1,10664.9,13:25:00,10633.935774368943,1,51
2018-11-27,10663.7,10668.05,10657.65,10660.25,13:30:00,10636.770462524284,1,52
2018-11-27,10660.75,10667.4,10659.7,10664.05,13:35:00,10639.054227998162,1,53
2018-11-27,10667.2,10667.55,10658.65,10660.5,13:40:00,10641.734777712622,1,54
2018-11-27,10662.55,10677.0,10662.45,10667.4,13:45:00,10643.71717983523,1,55
2018-11-27,10661.25,10665.55,10651.85,10662.3,13:50:00,10645.386972231876,1,56
2018-11-27,10661.3,10664.8,10659.55,10661.35,13:55:00,10646.902498685984,1,57
2018-11-27,10644.7,10661.65,10643.8,10661.65,14:00:00,10646.692736906369,1,58
2018-11-27,10639.95,10647.9,10629.15,10645.15,14:05:00,10646.050571486714,1,59
2018-11-27,10647.05,10650.65,10640.1,10640.1,14:10:00,10646.145755154646,1,60
2018-11-27,10646.05,10655.5,10644.95,10647.3,14:15:00,10646.136635616109,1,61
2018-11-27,10647.5,10652.25,10643.3,10646.2,14:20:00,10646.266479843143,1,62
2018-11-27,10655.85,10657.05,10647.7,10647.8,14:25:00,10647.17919604856,1,63
2018-11-27,10650.75,10658.2,10650.25,10655.65,14:30:00,10647.519272615364,1,64
2018-11-27,10668.85,10668.85,10650.5,10650.5,14:35:00,10649.55077046152,1,65
2018-11-27,10673.15,10677.2,10668.25,10668.35,14:40:00,10651.798316131852,1,66
2018-11-27,10681.15,10683.25,10673.1,10673.35,14:45:00,10654.593714595489,1,67
2018-11-27,10685.9,10688.9,10677.55,10681.45,14:50:00,10657.575265586394,1,68
2018-11-27,10688.2,10692.5,10684.35,10685.75,14:55:00,10660.491906959118,1,69
2018-11-27,10685.05,10695.15,10684.8,10688.5,15:00:00,10662.830772963012,1,70
2018-11-27,10684.3,10688.3,10678.05,10685.45,15:05:00,10664.875461252248,1,71
2018-11-27,10682.25,10689.05,10680.05,10684.6,15:10:00,10666.530179228224,1,72
2018-11-27,10686.3,10686.9,10678.0,10682.05,15:15:00,10668.413019301726,1,73
2018-11-27,10687.85,10689.75,10683.05,10685.6,15:20:00,10670.26416032061,1,74
2018-11-27,10684.3,10688.4,10683.5,10687.3,15:25:00,10671.600906956744,1,75
2018-11-28,10720.75,10725.2,10699.85,10699.85,09:15:00,10676.28177296086,2,1
2018-11-28,10723.1,10731.65,10721.15,10721.3,09:20:00,10680.740651726494,2,2
2018-11-28,10719.5,10727.15,10716.1,10723.15,09:25:00,10684.432018228732,2,3
2018-11-28,10719.6,10726.7,10719.2,10719.45,09:30:00,10687.781349825997,2,4
2018-11-28,10719.1,10723.05,10715.65,10719.65,09:35:00,10690.764078413997,2,5
2018-11-28,10727.35,10727.85,10717.2,10718.35,09:40:00,10694.248451898377,2,6
2018-11-28,10735.55,10737.05,10726.75,10727.2,09:45:00,10698.18193266996,2,7
2018-11-28,10731.95,10736.5,10728.1,10734.85,09:50:00,10701.397939082344,2,8
2018-11-28,10731.9,10739.45,10730.7,10731.8,09:55:00,10704.30289726498,2,9
2018-11-28,10734.5,10735.0,10728.55,10732.15,10:00:00,10707.178811811173,2,10
2018-11-28,10730.05,10736.25,10729.5,10734.65,10:05:00,10709.357020210107,2,11
2018-11-28,10736.15,10738.65,10729.15,10729.6,10:10:00,10711.90873257105,2,12
2018-11-28,10735.4,10742.4,10732.55,10736.1,10:15:00,10714.14599613571,2,13
2018-11-28,10727.25,10735.55,10726.85,10735.3,10:20:00,10715.393996503735,2,14
2018-11-28,10719.95,10727.9,10719.2,10727.0,10:25:00,10715.82790159862,2,15
2018-11-28,10723.8,10726.1,10718.8,10719.3,10:30:00,10716.587149065415,2,16
2018-11-28,10725.6,10729.25,10721.85,10725.0,10:35:00,10717.445515821091,2,17
2018-11-28,10721.35,10726.35,10719.2,10726.2,10:40:00,10717.81737145718,2,18
2018-11-28,10726.5,10727.25,10719.55,10720.95,10:45:00,10718.644288461255,2,19
2018-11-28,10727.3,10728.35,10723.0,10726.45,10:50:00,10719.468641941136,2,20
2018-11-28,10726.4,10727.4,10718.85,10726.7,10:55:00,10720.128771280077,2,21
2018-11-28,10733.25,10734.65,10723.0,10725.7,11:00:00,10721.378412110544,2,22
2018-11-28,10730.3,10735.15,10729.45,10733.55,11:05:00,10722.228087147636,2,23
2018-11-28,10731.3,10735.5,10728.45,10730.35,11:10:00,10723.092078847862,2,24
2018-11-28,10731.4,10733.9,10729.35,10731.95,11:15:00,10723.88330943378,2,25
2018-11-28,10739.25,10739.4,10730.95,10731.9,11:20:00,10725.346803773418,2,26
2018-11-28,10740.5,10743.25,10734.3,10739.1,11:25:00,10726.789965318809,2,27
2018-11-28,10735.95,10742.65,10734.05,10740.35,11:30:00,10727.66234957416,2,28
2018-11-28,10735.9,10738.55,10734.05,10736.45,11:35:00,10728.446887709952,2,29
2018-11-28,10734.6,10739.2,10733.7,10736.0,11:40:00,10729.032898404244,2,30
2018-11-28,10738.1,10738.25,10732.1,10734.55,11:45:00,10729.896431889554,2,31
2018-11-28,10739.65,10739.65,10735.1,10737.85,11:50:00,10730.825343138167,2,32
2018-11-28,10742.55,10745.05,10737.8,10739.9,11:55:00,10731.94197712501,2,33
2018-11-28,10742.6,10743.75,10740.05,10742.45,12:00:00,10732.95702692263,2,34
2018-11-28,10742.4,10749.05,10742.05,10742.35,12:05:00,10733.856357691904,2,35
2018-11-28,10744.85,10746.8,10740.95,10742.5,12:10:00,10734.903371245056,2,36
2018-11-28,10750.3,10751.1,10741.9,10744.5,12:15:00,10736.369716840763,2,37
2018-11-28,10755.95,10757.35,10748.8,10749.0,12:20:00,10738.234505713071,2,38
2018-11-28,10753.7,10757.8,10753.45,10755.55,12:25:00,10739.707409930876,2,39
2018-11-28,10747.3,10754.6,10745.2,10753.85,12:30:00,10740.430513746982,2,40
2018-11-28,10752.35,10753.45,10746.7,10747.4,12:35:00,10741.565702913937,2,41
2018-11-28,10754.25,10754.35,10750.95,10752.25,12:40:00,10742.773731207846,2,42
2018-11-28,10753.05,10754.95,10750.05,10754.2,12:45:00,10743.752423473768,2,43
2018-11-28,10748.0,10753.05,10747.05,10752.05,12:50:00,10744.156954571505,2,44
2018-11-28,10739.5,10748.1,10738.0,10747.55,12:55:00,10743.713435088504,2,45
2018-11-28,10742.35,10743.35,10738.7,10739.2,13:00:00,10743.583584127691,2,46
2018-11-28,10740.65,10743.2,10740.2,10741.45,13:05:00,10743.30419516315,2,47
2018-11-28,10751.55,10752.35,10739.2,10740.4,13:10:00,10744.089509909516,2,48
2018-11-28,10740.25,10751.25,10739.8,10751.25,13:15:00,10743.723842299089,2,49
2018-11-28,10735.6,10740.45,10732.4,10740.45,13:20:00,10742.950143032507,2,50
2018-11-28,10733.35,10736.4,10729.65,10735.75,13:25:00,10742.035843696078,2,51
2018-11-28,10734.55,10739.25,10727.45,10732.45,13:30:00,10741.322906201214,2,52
2018-11-28,10735.45,10735.45,10728.7,10734.15,13:35:00,10740.7635818011,2,53
2018-11-28,10740.55,10740.7,10733.6,10735.75,13:40:00,10740.743240677184,2,54
2018-11-28,10742.7,10746.35,10739.15,10740.5,13:45:00,10740.92959870793,2,55
2018-11-28,10741.5,10742.5,10738.9,10741.95,13:50:00,10740.983922640507,2,56
2018-11-28,10744.9,10749.8,10741.55,10741.85,13:55:00,10741.356882389033,2,57
2018-11-28,10730.15,10744.85,10728.65,10744.7,14:00:00,10740.289560256742,2,58
2018-11-28,10732.8,10733.15,10726.15,10729.9,14:05:00,10739.57626880372,2,59
2018-11-28,10724.75,10734.2,10724.75,10733.25,14:10:00,10738.164243203364,2,60
2018-11-28,10728.2,10728.6,10715.5,10724.3,14:15:00,10737.215267660187,2,61
2018-11-28,10734.2,10735.0,10726.65,10728.7,14:20:00,10736.928099311595,2,62
2018-11-28,10734.25,10735.2,10730.7,10735.2,14:25:00,10736.6730422343,2,63
2018-11-28,10739.6,10744.0,10734.1,10734.5,14:30:00,10736.951800116747,2,64
2018-11-28,10744.15,10746.65,10736.55,10739.5,14:35:00,10737.637342962773,2,65
2018-11-28,10745.9,10750.15,10740.45,10744.7,14:40:00,10738.424262680604,2,66
2018-11-28,10743.0,10745.4,10736.45,10744.55,14:45:00,10738.860047187212,2,67
2018-11-28,10738.95,10746.25,10738.95,10743.1,14:50:00,10738.868614121764,2,68
2018-11-28,10735.45,10738.7,10732.05,10738.7,14:55:00,10738.543031824453,2,69
2018-11-28,10741.8,10744.25,10734.9,10735.85,15:00:00,10738.853219269742,2,70
2018-11-28,10727.3,10743.55,10727.2,10742.55,15:05:00,10737.752912672624,2,71
2018-11-28,10730.05,10734.0,10727.2,10727.65,15:10:00,10737.019301941897,2,72
2018-11-28,10725.2,10731.4,10725.2,10730.0,15:15:00,10735.893654137908,2,73
2018-11-28,10718.5,10726.1,10718.15,10724.85,15:20:00,10734.237115648582,2,74
2018-11-28,10721.75,10723.0,10718.1,10718.3,15:25:00,10733.047866539191,2,75
2018-11-29,10784.35,10803.3,10782.35,10800.6,09:15:00,10737.933784011651,3,1
2018-11-29,10797.55,10802.0,10784.2,10784.2,09:20:00,10743.611518867683,3,2
2018-11-29,10795.9,10804.0,10795.7,10797.25,09:25:00,10748.591374213618,3,3
2018-11-29,10795.0,10798.3,10792.75,10795.95,09:30:00,10753.011243336132,3,4
2018-11-29,10804.35,10807.9,10793.95,10794.5,09:35:00,10757.900648732691,3,5
2018-11-29,10806.4,10808.1,10803.75,10804.6,09:40:00,10762.519634567672,3,6
2018-11-29,10811.25,10813.6,10806.65,10806.95,09:45:00,10767.160621751704,3,7
2018-11-29,10806.25,10811.9,10805.1,10811.85,09:50:00,10770.883419680113,3,8
2018-11-29,10803.8,10805.85,10798.6,10805.85,09:55:00,10774.01833209153,3,9
2018-11-29,10802.75,10804.7,10798.95,10803.7,10:00:00,10776.754681416149,3,10
2018-11-29,10805.95,10807.45,10804.1,10804.8,10:05:00,10779.535187947942,3,11
2018-11-29,10808.2,10809.0,10805.55,10805.8,10:10:00,10782.265170048138,3,12
2018-11-29,10814.35,10815.25,10807.8,10808.0,10:15:00,10785.320868138791,3,13
2018-11-29,10816.95,10817.15,10813.7,10814.4,10:20:00,10788.333166411288,3,14
2018-11-29,10819.55,10821.6,10815.75,10816.55,10:25:00,10791.30619818164,3,15
2018-11-29,10819.95,10822.75,10818.75,10819.7,10:30:00,10794.0341793072,3,16
2018-11-29,10823.35,10825.45,10819.6,10820.05,10:35:00,10796.826162230323,3,17
2018-11-29,10827.55,10828.4,10822.65,10823.85,10:40:00,10799.752242017912,3,18
2018-11-29,10829.35,10836.15,10827.05,10827.3,10:45:00,10802.571076111444,3,19
2018-11-29,10825.35,10830.7,10824.5,10829.85,10:50:00,10804.740497434164,3,20
2018-11-29,10826.65,10829.1,10824.6,10824.9,10:55:00,10806.827116726148,3,21
2018-11-29,10822.1,10826.7,10820.45,10826.5,11:00:00,10808.281677037943,3,22
2018-11-29,10815.45,10822.45,10815.45,10822.25,11:05:00,10808.9643744629,3,23
2018-11-29,10816.3,10817.65,10814.2,10815.6,11:10:00,10809.663005466437,3,24
2018-11-29,10822.7,10822.7,10815.7,10816.65,11:15:00,10810.90462399344,3,25
2018-11-29,10832.7,10833.5,10821.45,10822.85,11:20:00,10812.980374089304,3,26
2018-11-29,10831.6,10832.7,10828.35,10832.6,11:25:00,10814.753671795086,3,27
2018-11-29,10834.05,10836.3,10831.0,10831.7,11:30:00,10816.591417338412,3,28
2018-11-29,10826.15,10834.6,10825.55,10834.35,11:35:00,10817.501758544277,3,29
2018-11-29,10825.85,10829.5,10823.05,10826.1,11:40:00,10818.296829159108,3,30
2018-11-29,10824.15,10828.85,10823.55,10825.75,11:45:00,10818.854274001098,3,31
2018-11-29,10826.25,10828.35,10822.7,10824.4,11:50:00,10819.558628858136,3,32
2018-11-29,10825.05,10826.8,10823.05,10826.05,11:55:00,10820.081616585934,3,33
2018-11-29,10822.2,10824.85,10821.15,10824.55,12:00:00,10820.283367387274,3,34
2018-11-29,10822.45,10824.5,10821.25,10822.6,12:05:00,10820.489713350393,3,35
2018-11-29,10824.35,10824.35,10821.15,10822.6,12:10:00,10820.857359697971,3,36
2018-11-29,10828.2,10828.8,10823.4,10824.5,12:15:00,10821.556658774356,3,37
2018-11-29,10829.5,10831.5,10827.5,10828.0,12:20:00,10822.313167462513,3,38
2018-11-29,10829.3,10831.45,10828.15,10830.1,12:25:00,10822.978580085131,3,39
2018-11-29,10820.85,10830.2,10816.2,10830.2,12:30:00,10822.775858172265,3,40
2018-11-29,10825.85,10826.55,10817.5,10820.8,12:35:00,10823.068633584428,3,41
2018-11-29,10830.15,10834.8,10825.9,10826.3,12:40:00,10823.743049433531,3,42
2018-11-29,10829.65,10834.6,10829.15,10830.4,12:45:00,10824.305616154146,3,43
2018-11-29,10835.65,10837.25,10829.45,10829.7,12:50:00,10825.386033663275,3,44
2018-11-29,10838.45,10839.8,10830.85,10835.55,12:55:00,10826.63022093344,3,45
2018-11-29,10832.8,10839.55,10832.8,10838.8,13:00:00,10827.217818939778,3,46
2018-11-29,10840.3,10842.0,10831.4,10833.85,13:05:00,10828.463740945514,3,47
2018-11-29,10843.4,10847.35,10840.55,10840.55,13:10:00,10829.886241807846,3,48
2018-11-29,10836.0,10845.2,10836.0,10843.25,13:15:00,10830.468504492814,3,49
2018-11-29,10843.45,10844.4,10836.0,10836.6,13:20:00,10831.704837398262,3,50
2018-11-29,10833.7,10843.35,10833.7,10843.35,13:25:00,10831.89485288414,3,51
2018-11-29,10838.05,10839.8,10833.7,10834.05,13:30:00,10832.481057371366,3,52
2018-11-29,10831.9,10839.4,10829.55,10837.9,13:35:00,10832.425718574092,3,53
2018-11-29,10834.95,10835.25,10831.05,10832.45,13:40:00,10832.66612632894,3,54
2018-11-29,10841.25,10842.3,10835.0,10835.0,13:45:00,10833.483638107136,3,55
2018-11-29,10840.95,10845.0,10839.55,10841.35,13:50:00,10834.194720192172,3,56
2018-11-29,10842.7,10843.6,10834.15,10840.9,13:55:00,10835.004746840536,3,57
2018-11-29,10862.65,10865.85,10842.45,10843.1,14:00:00,10837.637628093818,3,58
2018-11-29,10859.2,10863.5,10855.7,10862.25,14:05:00,10839.69118732298,3,59
2018-11-29,10876.7,10880.55,10859.6,10859.8,14:10:00,10843.215836149364,3,60
2018-11-29,10874.2,10879.5,10871.95,10876.35,14:15:00,10846.166708897044,3,61
2018-11-29,10873.75,10879.05,10870.9,10874.3,14:20:00,10848.793689002086,3,62
2018-11-29,10871.35,10873.9,10865.0,10873.9,14:25:00,10850.941909097126,3,63
2018-11-29,10864.75,10873.85,10864.75,10871.6,14:30:00,10852.25696537359,3,64
2018-11-29,10865.15,10870.2,10863.5,10864.8,14:35:00,10853.484873433248,3,65
2018-11-29,10868.15,10868.35,10862.8,10865.35,14:40:00,10854.881552153893,3,66
2018-11-29,10866.8,10869.9,10863.75,10867.95,14:45:00,10856.01664242495,3,67
2018-11-29,10872.9,10875.15,10866.75,10866.85,14:50:00,10857.62458124162,3,68
2018-11-29,10878.7,10878.7,10870.05,10873.1,14:55:00,10859.631763980511,3,69
2018-11-29,10860.15,10879.05,10857.05,10878.25,15:00:00,10859.681119791892,3,70
2018-11-29,10850.85,10861.55,10847.8,10860.75,15:05:00,10858.840060764092,3,71
2018-11-29,10851.3,10851.85,10847.65,10851.4,15:10:00,10858.12195973894,3,72
2018-11-29,10854.9,10855.5,10848.95,10851.1,15:15:00,10857.81510643047,3,73
2018-11-29,10868.0,10869.85,10855.15,10855.35,15:20:00,10858.785096294234,3,74
2018-11-29,10875.75,10883.05,10865.1,10868.7,15:25:00,10860.400801409069,3,75
2018-11-30,10913.9,10913.9,10882.45,10888.65,09:15:00,10865.495963179634,4,1
2018-11-30,10909.6,10916.75,10904.85,10914.1,09:20:00,10869.696347638715,4,2
2018-11-30,10900.35,10912.25,10899.7,10910.0,09:25:00,10872.615743101696,4,3
2018-11-30,10914.9,10914.9,10899.75,10899.75,09:30:00,10876.642815187248,4,4
2018-11-30,10911.0,10915.0,10908.35,10914.3,09:35:00,10879.914928026556,4,5
2018-11-30,10917.35,10922.45,10908.55,10911.45,09:40:00,10883.48017297641,4,6
2018-11-30,10905.05,10918.1,10903.1,10917.6,09:45:00,10885.53444221675,4,7
2018-11-30,10901.05,10907.55,10892.35,10905.3,09:50:00,10887.012114386584,4,8
2018-11-30,10896.25,10903.9,10893.55,10900.65,09:55:00,10887.891913016432,4,9
2018-11-30,10896.75,10900.2,10892.75,10895.75,10:00:00,10888.7355403482,4,10
2018-11-30,10901.3,10901.95,10891.25,10897.4,10:05:00,10889.932155553131,4,11
2018-11-30,10897.5,10906.75,10896.7,10901.35,10:10:00,10890.65290264331,4,12
2018-11-30,10906.05,10909.5,10896.75,10897.6,10:15:00,10892.119292867756,4,13
2018-11-30,10900.9,10913.65,10899.45,10905.9,10:20:00,10892.955550689874,4,14
2018-11-30,10896.5,10901.7,10891.3,10901.2,10:25:00,10893.29311729084,4,15
2018-11-30,10902.55,10904.3,10894.55,10896.35,10:30:00,10894.174725167904,4,16
2018-11-30,10905.45,10908.5,10900.85,10902.65,10:35:00,10895.248560866195,4,17
2018-11-30,10898.2,10906.75,10897.9,10905.55,10:40:00,10895.529650307511,4,18
2018-11-30,10901.15,10901.45,10895.6,10897.45,10:45:00,10896.064921706797,4,19
2018-11-30,10901.45,10902.25,10895.75,10901.5,10:50:00,10896.57778630615,4,20
2018-11-30,10897.3,10901.8,10896.95,10901.75,10:55:00,10896.646568562708,4,21
2018-11-30,10906.25,10908.2,10893.0,10897.55,11:00:00,10897.561181080546,4,22
2018-11-30,10905.2,10908.2,10903.0,10905.9,11:05:00,10898.288687644304,4,23
2018-11-30,10904.6,10907.25,10902.45,10904.85,11:10:00,10898.889765011512,4,24
2018-11-30,10903.2,10906.25,10902.15,10904.2,11:15:00,10899.300263581845,4,25
2018-11-30,10903.4,10909.7,10902.35,10903.05,11:20:00,10899.690714669288,4,26
2018-11-30,10902.35,10904.25,10899.25,10903.45,11:25:00,10899.943979938878,4,27
2018-11-30,10895.2,10902.05,10895.2,10901.9,11:30:00,10899.492172325652,4,28
2018-11-30,10883.4,10895.6,10881.4,10895.25,11:35:00,10897.959584485114,4,29
2018-11-30,10878.6,10889.6,10877.25,10883.3,11:40:00,10896.11581453415,4,30
2018-11-30,10874.15,10878.65,10872.1,10878.05,11:45:00,10894.023832197565,4,31
2018-11-30,10868.8,10876.15,10866.1,10874.65,11:50:00,10891.621562464465,4,32
2018-11-30,10876.95,10881.7,10864.45,10868.95,11:55:00,10890.22427080118,4,33
2018-11-30,10866.75,10878.05,10864.9,10877.5,12:00:00,10887.988625962971,4,34
2018-11-30,10871.05,10872.4,10864.55,10866.45,12:05:00,10886.375423490308,4,35
2018-11-30,10871.85,10875.7,10870.6,10870.9,12:10:00,10884.992049824565,4,36
2018-11-30,10872.25,10872.65,10867.25,10871.3,12:15:00,10883.778521269844,4,37
2018-11-30,10876.85,10880.95,10872.1,10872.1,12:20:00,10883.11866210129,4,38
2018-11-30,10876.45,10878.85,10874.65,10877.0,12:25:00,10882.483551424975,4,39
2018-11-30,10874.1,10875.6,10869.05,10875.6,12:30:00,10881.685117955933,4,40
2018-11-30,10871.15,10876.7,10870.95,10874.2,12:35:00,10880.681773388702,4,41
2018-11-30,10874.75,10877.35,10869.7,10871.2,12:40:00,10880.116842589778,4,42
2018-11-30,10865.95,10875.4,10862.85,10875.4,12:45:00,10878.76761948599,4,43
2018-11-30,10857.95,10865.65,10854.05,10865.45,12:50:00,10876.784989058751,4,44
2018-11-30,10864.9,10865.75,10850.75,10858.15,12:55:00,10875.653085338872,4,45
2018-11-30,10852.45,10865.4,10851.95,10865.4,13:00:00,10873.443267687551,4,46
2018-11-30,10856.75,10858.35,10850.3,10852.7,13:05:00,10871.85343266969,4,47
2018-11-30,10854.55,10866.5,10854.35,10856.65,13:10:00,10870.205486701148,4,48
2018-11-30,10856.75,10859.85,10854.25,10854.6,13:15:00,10868.92401177723,4,49
2018-11-30,10855.1,10856.7,10846.05,10856.7,13:20:00,10867.607439227017,4,50
2018-11-30,10849.7,10855.4,10848.45,10855.4,13:25:00,10865.901968824444,4,51
2018-11-30,10846.2,10852.25,10839.55,10849.6,13:30:00,10864.025590841164,4,52
2018-11-30,10847.4,10853.5,10845.55,10846.6,13:35:00,10862.442201237243,4,53
2018-11-30,10854.5,10862.0,10845.1,10847.35,13:40:00,10861.68580111941,4,54
2018-11-30,10859.2,10859.25,10850.2,10854.1,13:45:00,10861.449058155658,4,55
2018-11-30,10850.9,10859.55,10848.65,10859.05,13:50:00,10860.444385950355,4,56
2018-11-30,10849.15,10855.95,10846.3,10850.95,13:55:00,10859.36873014556,4,57
2018-11-30,10851.3,10851.9,10847.4,10848.9,14:00:00,10858.600279655508,4,58
2018-11-30,10853.55,10855.15,10845.85,10851.05,14:05:00,10858.119300640696,4,59
2018-11-30,10852.45,10856.45,10849.05,10852.85,14:10:00,10857.579367246344,4,60
2018-11-30,10839.05,10855.65,10838.65,10851.95,14:15:00,10855.814665603835,4,61
2018-11-30,10841.95,10848.2,10835.1,10839.0,14:20:00,10854.494221260613,4,62
2018-11-30,10839.2,10846.8,10839.2,10841.85,14:25:00,10853.0376287596,4,63
2018-11-30,10852.55,10852.6,10836.4,10838.9,14:30:00,10852.991187925352,4,64
2018-11-30,10869.2,10869.65,10852.55,10852.95,14:35:00,10854.534884313414,4,65
2018-11-30,10871.05,10876.95,10867.75,10870.15,14:40:00,10856.10775247404,4,66
2018-11-30,10866.25,10875.55,10865.0,10871.3,14:45:00,10857.073680809846,4,67
2018-11-30,10850.45,10869.25,10846.2,10866.5,14:50:00,10856.442854066052,4,68
2018-11-30,10855.95,10855.95,10849.9,10850.9,14:55:00,10856.395915583573,4,69
2018-11-30,10867.75,10872.05,10856.0,10856.0,15:00:00,10857.477256956565,4,70
2018-11-30,10872.5,10880.2,10867.5,10867.7,15:05:00,10858.907994389274,4,71
2018-11-30,10869.75,10874.05,10869.65,10872.45,15:10:00,10859.9405663522,4,72
2018-11-30,10882.1,10883.55,10869.45,10870.05,15:15:00,10862.050988604373,4,73
2018-11-30,10886.15,10888.45,10881.85,10882.05,15:20:00,10864.346132546812,4,74
2018-11-30,10882.8,10890.7,10881.6,10886.35,15:25:00,10866.103643732831,4,75
2018-12-03,10926.8,10941.2,10920.2,10928.3,09:15:00,10871.884249091609,0,1
2018-12-03,10920.4,10927.95,10916.2,10925.25,09:20:00,10876.50479679717,0,2
2018-12-03,10906.95,10920.0,10899.95,10919.65,09:25:00,10879.404339959345,0,3
2018-12-03,10910.5,10911.95,10899.8,10906.45,09:30:00,10882.36583139179,0,4
2018-12-03,10911.0,10920.4,10906.95,10910.3,09:35:00,10885.09289506876,0,5
2018-12-03,10917.6,10918.55,10911.0,10911.25,09:40:00,10888.188809824118,0,6
2018-12-03,10920.65,10928.3,10915.2,10916.55,09:45:00,10891.28035174563,0,7
2018-12-03,10919.75,10922.5,10916.4,10920.1,09:50:00,10893.991746817475,0,8
2018-12-03,10917.0,10920.0,10911.7,10920.0,09:55:00,10896.183009025335,0,9
2018-12-03,10912.45,10919.2,10907.45,10918.15,10:00:00,10897.732246261015,0,10
2018-12-03,10913.85,10918.8,10911.3,10912.35,10:05:00,10899.267270426632,0,11
2018-12-03,10913.3,10915.15,10910.4,10913.8,10:10:00,10900.603720862193,0,12
2018-12-03,10917.6,10922.55,10913.4,10913.4,10:15:00,10902.222414113412,0,13
2018-12-03,10915.55,10917.35,10911.5,10917.35,10:20:00,10903.491708007372,0,14
2018-12-03,10920.1,10920.25,10915.0,10916.3,10:25:00,10905.073450101909,0,15
2018-12-03,10923.0,10925.7,10918.65,10920.25,10:30:00,10906.780740568393,0,16
2018-12-03,10916.0,10924.85,10914.25,10922.65,10:35:00,10907.658765276165,0,17
2018-12-03,10915.7,10917.15,10911.6,10916.45,10:40:00,10908.424597154626,0,18
2018-12-03,10899.45,10915.2,10898.85,10915.2,10:45:00,10907.56987361609,0,19
2018-12-03,10903.2,10912.15,10898.75,10900.3,10:50:00,10907.153695176465,0,20
2018-12-03,10900.45,10906.2,10899.85,10902.95,10:55:00,10906.5152480168,0,21
2018-12-03,10889.55,10900.5,10887.25,10900.5,11:00:00,10904.89951011044,0,22
2018-12-03,10892.85,10894.7,10888.5,10890.15,11:05:00,10903.75193771897,0,23
2018-12-03,10895.45,10897.0,10891.75,10893.0,11:10:00,10902.96127698383,0,24
2018-12-03,10896.05,10901.75,10894.4,10895.15,11:15:00,10902.303060128228,0,25
2018-12-03,10895.05,10898.4,10891.0,10895.75,11:20:00,10901.612292496968,0,26
2018-12-03,10890.25,10895.1,10887.65,10894.95,11:25:00,10900.530169402018,0,27
2018-12-03,10877.8,10890.45,10877.55,10890.3,11:30:00,10898.365391363732,0,28
2018-12-03,10879.8,10883.45,10876.15,10878.45,11:35:00,10896.5972588529,0,29
2018-12-03,10881.1,10883.1,10878.3,10879.65,11:40:00,10895.121329438338,0,30
2018-12-03,10864.05,10881.95,10860.65,10881.35,11:45:00,10892.162155206115,0,31
2018-12-03,10863.2,10868.7,10856.3,10863.95,11:50:00,10889.403854710295,0,32
2018-12-03,10868.9,10869.5,10859.7,10862.4,11:55:00,10887.451106642648,0,33
2018-12-03,10862.9,10870.3,10862.25,10868.1,12:00:00,10885.112906010014,0,34
2018-12-03,10865.9,10869.6,10859.45,10862.75,12:05:00,10883.283105437631,0,35
2018-12-03,10858.15,10865.85,10854.65,10865.85,12:10:00,10880.889476348337,0,36
2018-12-03,10850.35,10858.05,10845.35,10858.05,12:15:00,10877.98095479135,0,37
2018-12-03,10855.5,10856.7,10848.6,10850.25,12:20:00,10875.839911477888,0,38
2018-12-03,10855.5,10858.65,10852.2,10855.6,12:25:00,10873.902777051422,0,39
2018-12-03,10864.65,10865.55,10854.5,10855.0,12:30:00,10873.02156018938,0,40
2018-12-03,10867.05,10869.1,10863.85,10864.35,12:35:00,10872.452840171343,0,41
2018-12-03,10864.1,10870.4,10863.05,10866.55,12:40:00,10871.657331583598,0,42
2018-12-03,10857.55,10863.95,10852.85,10863.95,12:45:00,10870.313776194684,0,43
2018-12-03,10856.7,10859.2,10852.75,10857.35,12:50:00,10869.017226080903,0,44
2018-12-03,10849.2,10857.55,10845.8,10856.4,12:55:00,10867.129871216055,0,45
2018-12-03,10848.2,10852.55,10846.0,10849.1,13:00:00,10865.327026338337,0,46
2018-12-03,10855.85,10856.25,10846.6,10848.15,13:05:00,10864.424452401352,0,47
2018-12-03,10858.9,10859.1,10850.85,10856.1,13:10:00,10863.898314077413,0,48
2018-12-03,10864.95,10867.6,10857.3,10858.65,13:15:00,10863.998474641468,0,49
2018-12-03,10859.4,10865.75,10856.25,10865.65,13:20:00,10863.560524675617,0,50
2018-12-03,10869.55,10870.35,10859.35,10859.35,13:25:00,10864.130950896986,0,51
2018-12-03,10865.85,10870.15,10862.65,10869.6,13:30:00,10864.29466985918,0,52
2018-12-03,10876.8,10877.25,10865.1,10866.25,13:35:00,10865.485653682112,0,53
2018-12-03,10882.05,10886.7,10876.7,10877.15,13:40:00,10867.063210474293,0,54
2018-12-03,10887.8,10894.85,10881.6,10881.6,13:45:00,10869.038142810074,0,55
2018-12-03,10889.55,10890.65,10884.8,10887.45,13:50:00,10870.991653018638,0,56
2018-12-03,10889.1,10893.25,10887.35,10889.0,13:55:00,10872.716257493055,0,57
2018-12-03,10870.85,10890.8,10868.55,10889.3,14:00:00,10872.538518684192,0,58
2018-12-03,10881.05,10881.85,10868.95,10870.35,14:05:00,10873.349135952363,0,59
2018-12-03,10879.6,10881.1,10872.5,10881.1,14:10:00,10873.944456337853,0,60
2018-12-03,10887.2,10890.55,10878.4,10879.9,14:15:00,10875.206889067582,0,61
2018-12-03,10877.7,10887.9,10876.8,10887.0,14:20:00,10875.444328204005,0,62
2018-12-03,10863.3,10877.65,10860.95,10877.2,14:25:00,10874.287725517908,0,63
2018-12-03,10882.0,10882.35,10862.85,10863.25,14:30:00,10875.022227849537,0,64
2018-12-03,10875.05,10882.95,10872.0,10882.2,14:35:00,10875.024872816248,0,65
2018-12-03,10864.05,10875.65,10862.5,10875.4,14:40:00,10873.979646833748,0,66
2018-12-03,10871.0,10871.0,10860.9,10864.45,14:45:00,10873.69587094482,0,67
2018-12-03,10875.1,10878.65,10870.8,10871.3,14:50:00,10873.829597521504,0,68
2018-12-03,10878.1,10879.55,10870.45,10875.35,14:55:00,10874.236302519455,0,69
2018-12-03,10875.95,10882.3,10873.65,10878.4,15:00:00,10874.399511803316,0,70
2018-12-03,10875.7,10880.8,10875.45,10876.25,15:05:00,10874.523367822048,0,71
2018-12-03,10886.15,10886.65,10875.2,10875.65,15:10:00,10875.63066612471,0,72
2018-12-03,10886.75,10891.95,10884.4,10886.6,15:15:00,10876.689650303311,0,73
2018-12-03,10883.75,10888.45,10881.85,10886.7,15:20:00,10877.36206456014,0,74
2018-12-03,10889.8,10891.05,10882.8,10883.95,15:25:00,10878.546629840126,0,75
2018-12-04,10877.45,10890.95,10867.25,10874.7,09:15:00,10878.442188902973,1,1
2018-12-04,10865.4,10880.0,10861.7,10876.8,09:20:00,10877.200075674118,1,2
2018-12-04,10850.4,10865.05,10850.1,10865.05,09:25:00,10874.647687514678,1,3
2018-12-04,10846.65,10856.5,10845.95,10849.75,09:30:00,10871.981241084708,1,4
2018-12-04,10851.25,10856.4,10845.75,10846.55,09:35:00,10870.00683717188,1,5
2018-12-04,10855.35,10859.75,10851.1,10851.1,09:40:00,10868.610947917416,1,6
2018-12-04,10857.85,10867.8,10854.05,10854.8,09:45:00,10867.586095734803,1,7
2018-12-04,10863.8,10867.9,10855.55,10856.95,09:50:00,10867.225515188631,1,8
2018-12-04,10859.5,10866.95,10857.95,10864.1,09:55:00,10866.489751837336,1,9
2018-12-04,10864.65,10872.6,10858.2,10859.8,10:00:00,10866.314537376637,1,10
2018-12-04,10859.7,10865.8,10858.0,10864.3,10:05:00,10865.684581436004,1,11
2018-12-04,10861.35,10864.45,10857.9,10859.6,10:10:00,10865.271764156383,1,12
2018-12-04,10865.15,10866.2,10861.15,10861.15,10:15:00,10865.260167570064,1,13
2018-12-04,10856.15,10866.3,10856.05,10864.5,10:20:00,10864.39253256339,1,14
2018-12-04,10859.15,10862.1,10853.1,10856.3,10:25:00,10863.89324374783,1,15
2018-12-04,10852.3,10859.75,10848.95,10859.3,10:30:00,10862.789125295656,1,16
2018-12-04,10856.9,10856.95,10850.55,10852.85,10:35:00,10862.22825621988,1,17
2018-12-04,10861.05,10863.9,10856.5,10856.5,10:40:00,10862.116041341797,1,18
2018-12-04,10854.95,10862.95,10854.7,10860.55,10:45:00,10861.433561214006,1,19
2018-12-04,10851.1,10857.9,10850.3,10854.7,10:50:00,10860.44941252696,1,20
2018-12-04,10850.3,10852.0,10845.45,10851.15,10:55:00,10859.482801810109,1,21
2018-12-04,10854.0,10854.4,10848.7,10850.95,11:00:00,10858.960630209143,1,22
2018-12-04,10849.55,10855.75,10848.9,10853.35,11:05:00,10858.064379713036,1,23
2018-12-04,10842.65,10849.55,10839.8,10849.45,11:10:00,10856.596343549889,1,24
2018-12-04,10841.95,10846.15,10838.6,10842.45,11:15:00,10855.201453687994,1,25
2018-12-04,10847.1,10847.5,10839.4,10842.0,11:20:00,10854.429886670092,1,26
2018-12-04,10842.6,10848.5,10841.6,10846.6,11:25:00,10853.30323079675,1,27
2018-12-04,10835.55,10842.95,10835.55,10842.3,11:30:00,10851.612446911346,1,28
2018-12-04,10838.5,10842.95,10833.35,10836.0,11:35:00,10850.3636424436,1,29
2018-12-04,10845.9,10848.3,10836.9,10838.2,11:40:00,10849.938533639448,1,30
2018-12-04,10852.4,10852.6,10846.15,10846.15,11:45:00,10850.17295900712,1,31
2018-12-04,10847.75,10852.3,10844.8,10852.25,11:50:00,10849.94220100644,1,32
2018-12-04,10847.75,10852.45,10846.3,10848.35,11:55:00,10849.73341995821,1,33
2018-12-04,10858.85,10858.85,10847.0,10847.55,12:00:00,10850.601665676477,1,34
2018-12-04,10855.0,10859.7,10852.95,10858.8,12:05:00,10851.020554659666,1,35
2018-12-04,10858.95,10859.85,10854.55,10855.3,12:10:00,10851.775739930174,1,36
2018-12-04,10861.7,10862.25,10858.45,10858.85,12:15:00,10852.720907555871,1,37
2018-12-04,10866.35,10867.0,10861.75,10861.95,12:20:00,10854.018916360075,1,38
2018-12-04,10857.1,10866.15,10854.85,10865.9,12:25:00,10854.31235289721,1,39
2018-12-04,10855.8,10860.5,10855.8,10856.75,12:30:00,10854.454033573666,1,40
2018-12-04,10857.65,10859.7,10855.45,10855.45,12:35:00,10854.758411328556,1,41
2018-12-04,10854.15,10857.45,10853.15,10857.4,12:40:00,10854.700467392504,1,42
2018-12-04,10860.5,10860.7,10853.5,10854.3,12:45:00,10855.252803831314,1,43
2018-12-04,10855.9,10862.0,10855.4,10860.4,12:50:00,10855.314441561664,1,44
2018-12-04,10857.35,10858.95,10854.9,10855.55,12:55:00,10855.508304270075,1,45
2018-12-04,10858.3,10862.1,10856.85,10857.7,13:00:00,10855.77418005388,1,46
2018-12-04,10856.85,10861.75,10856.05,10858.1,13:05:00,10855.876639096366,1,47
2018-12-04,10856.7,10860.05,10855.75,10856.9,13:10:00,10855.955054420525,1,48
2018-12-04,10847.35,10856.45,10844.25,10856.4,13:15:00,10855.135525428092,1,49
2018-12-04,10850.0,10852.25,10845.3,10847.55,13:20:00,10854.646427768275,1,50
2018-12-04,10850.05,10853.5,10849.35,10849.85,13:25:00,10854.208672742729,1,51
2018-12-04,10855.55,10856.5,10850.25,10850.25,13:30:00,10854.3364181958,1,52
2018-12-04,10858.95,10859.05,10853.4,10855.5,13:35:00,10854.775806939058,1,53
2018-12-04,10874.05,10878.75,10858.55,10858.8,13:40:00,10856.611444373431,1,54
2018-12-04,10873.85,10882.4,10872.1,10874.3,13:45:00,10858.253211575964,1,55
2018-12-04,10877.45,10880.75,10869.65,10873.6,13:50:00,10860.081477140158,1,56
2018-12-04,10873.0,10878.2,10871.75,10877.1,13:55:00,10861.31181265062,1,57
2018-12-04,10871.7,10881.7,10870.05,10872.7,14:00:00,10862.30116382675,1,58
2018-12-04,10866.95,10872.7,10866.9,10871.85,14:05:00,10862.743910128966,1,59
2018-12-04,10871.1,10873.1,10864.65,10866.8,14:10:00,10863.53972821192,1,60
2018-12-04,10874.9,10875.35,10867.45,10871.0,14:15:00,10864.621658858405,1,61
2018-12-04,10876.25,10876.25,10870.8,10874.45,14:20:00,10865.72911991951,1,62
2018-12-04,10868.85,10879.3,10868.75,10876.4,14:25:00,10866.026346593842,1,63
2018-12-04,10871.2,10872.7,10867.15,10868.3,14:30:00,10866.519075489668,1,64
2018-12-04,10867.95,10871.65,10862.7,10871.5,14:35:00,10866.65535401446,1,65
2018-12-04,10870.75,10872.5,10862.2,10868.4,14:40:00,10867.045320298796,1,66
2018-12-04,10873.15,10873.95,10867.75,10871.0,14:45:00,10867.626718365576,1,67
2018-12-04,10869.3,10873.95,10868.8,10872.9,14:50:00,10867.786078521236,1,68
2018-12-04,10868.8,10871.5,10865.95,10869.2,14:55:00,10867.882642471595,1,69
2018-12-04,10863.15,10873.0,10863.15,10869.25,15:00:00,10867.431914617158,1,70
2018-12-04,10873.05,10873.05,10863.4,10863.9,15:05:00,10867.966970367905,1,71
2018-12-04,10870.05,10872.85,10868.25,10872.8,15:10:00,10868.16535414239,1,72
2018-12-04,10868.65,10871.1,10865.25,10870.15,15:15:00,10868.211510890733,1,73
2018-12-04,10872.45,10873.2,10868.0,10868.55,15:20:00,10868.615176520188,1,74
2018-12-04,10869.8,10875.15,10866.65,10872.8,15:25:00,10868.728016851595,1,75
2018-12-05,10803.65,10820.6,10802.45,10814.95,09:15:00,10862.53011048478,2,1
2018-12-05,10806.2,10808.5,10795.45,10803.05,09:20:00,10857.165338057655,2,2
2018-12-05,10799.4,10810.0,10798.9,10805.65,09:25:00,10851.66387729026,2,3
2018-12-05,10790.35,10800.85,10790.35,10799.3,09:30:00,10845.824460405474,2,4
2018-12-05,10788.95,10792.0,10785.85,10790.7,09:35:00,10840.407845128762,2,5
2018-12-05,10800.6,10800.65,10788.7,10789.3,09:40:00,10836.616621783163,2,6
2018-12-05,10802.6,10806.7,10797.15,10800.55,09:45:00,10833.376943518102,2,7
2018-12-05,10793.95,10802.55,10792.15,10802.4,09:50:00,10829.621996516378,2,8
2018-12-05,10787.25,10796.85,10786.75,10793.5,09:55:00,10825.586568276723,2,9
2018-12-05,10788.6,10790.95,10786.2,10786.2,10:00:00,10822.064037964656,2,10
2018-12-05,10799.7,10799.85,10788.45,10788.45,10:05:00,10819.934129587067,2,11
2018-12-05,10800.65,10804.2,10796.35,10799.05,10:10:00,10818.097545816872,2,12
2018-12-05,10799.65,10802.95,10795.7,10800.25,10:15:00,10816.340636691457,2,13
2018-12-05,10803.55,10809.2,10798.65,10800.15,10:20:00,10815.12248081608,2,14
2018-12-05,10802.2,10804.4,10798.75,10803.1,10:25:00,10813.891768357404,2,15
2018-12-05,10796.1,10803.6,10794.65,10802.1,10:30:00,10812.197314228128,2,16
2018-12-05,10796.05,10800.4,10795.7,10796.3,10:35:00,10810.659474777827,2,17
2018-12-05,10793.15,10796.2,10790.2,10795.7,10:40:00,10808.991905751369,2,18
2018-12-05,10799.05,10799.05,10790.4,10792.7,10:45:00,10808.045057584572,2,19
2018-12-05,10799.15,10800.5,10793.85,10799.0,10:50:00,10807.197909243185,2,20
2018-12-05,10794.5,10799.4,10793.55,10799.2,10:55:00,10805.988584553355,2,21
2018-12-05,10793.8,10797.9,10791.85,10794.7,11:00:00,10804.827766976849,2,22
2018-12-05,10784.0,10794.1,10783.65,10794.1,11:05:00,10802.844170121907,2,23
2018-12-05,10789.35,10789.65,10781.4,10783.75,11:10:00,10801.55901106268,2,24
2018-12-05,10786.65,10791.2,10785.3,10789.3,11:15:00,10800.139105247186,2,25
2018-12-05,10787.85,10789.15,10784.45,10787.2,11:20:00,10798.968714271265,2,26
2018-12-05,10795.3,10795.45,10787.7,10788.2,11:25:00,10798.619312912097,2,27
2018-12-05,10797.4,10797.7,10792.45,10795.55,11:30:00,10798.503187872848,2,28
2018-12-05,10791.3,10797.8,10790.4,10797.45,11:35:00,10797.817169980195,2,29
2018-12-05,10792.1,10793.0,10788.95,10791.95,11:40:00,10797.27267760113,2,30
2018-12-05,10787.3,10793.2,10786.45,10791.8,11:45:00,10796.322898781977,2,31
2018-12-05,10786.6,10788.5,10784.05,10787.4,11:50:00,10795.396908421786,2,32
2018-12-05,10791.1,10792.95,10785.05,10786.7,11:55:00,10794.987679048283,2,33
2018-12-05,10793.1,10793.8,10790.45,10790.85,12:00:00,10794.807900091304,2,34
2018-12-05,10791.5,10796.15,10790.7,10793.5,12:05:00,10794.49286198737,2,35
2018-12-05,10795.15,10795.65,10790.2,10791.45,12:10:00,10794.555446560002,2,36
2018-12-05,10797.3,10798.65,10795.1,10795.1,12:15:00,10794.816832601908,2,37
2018-12-05,10803.55,10803.55,10793.9,10797.25,12:20:00,10795.648562830296,2,38
2018-12-05,10803.6,10809.0,10803.05,10803.2,12:25:00,10796.405842560744,2,39
2018-12-05,10805.85,10808.6,10803.6,10803.8,12:30:00,10797.305286126388,2,40
2018-12-05,10805.6,10806.95,10801.95,10805.7,12:35:00,10798.095258876256,2,41
2018-12-05,10801.0,10808.25,10800.9,10806.05,12:40:00,10798.37190088804,2,42
2018-12-05,10798.85,10801.75,10797.65,10800.8,12:45:00,10798.417434136798,2,43
2018-12-05,10797.85,10802.25,10797.4,10799.45,12:50:00,10798.363392790436,2,44
2018-12-05,10795.2,10798.6,10793.2,10798.45,12:55:00,10798.062117286585,2,45
2018-12-05,10794.85,10795.75,10790.8,10795.15,13:00:00,10797.75620135453,2,46
2018-12-05,10795.8,10798.65,10791.55,10795.15,13:05:00,10797.56989646362,2,47
2018-12-05,10795.75,10799.55,10793.85,10795.9,13:10:00,10797.396572990894,2,48
2018-12-05,10789.8,10796.05,10788.4,10796.05,13:15:00,10796.673089848904,2,49
2018-12-05,10791.85,10795.4,10788.3,10789.85,13:20:00,10796.21374795853,2,50
2018-12-05,10794.95,10795.35,10790.25,10791.9,13:25:00,10796.0933910101,2,51
2018-12-05,10790.7,10795.25,10790.2,10795.25,13:30:00,10795.579734723422,2,52
2018-12-05,10792.85,10796.95,10789.65,10790.9,13:35:00,10795.31975998786,2,53
2018-12-05,10791.8,10794.4,10791.4,10793.2,13:40:00,10794.98454475092,2,54
2018-12-05,10792.15,10793.7,10790.25,10791.4,13:45:00,10794.714588107974,2,55
2018-12-05,10782.1,10792.5,10781.15,10792.25,13:50:00,10793.513198764358,2,56
2018-12-05,10779.25,10783.85,10778.0,10781.9,13:55:00,10792.154798882038,2,57
2018-12-05,10789.95,10792.7,10778.25,10778.85,14:00:00,10791.94481803613,2,58
2018-12-05,10793.1,10795.3,10790.1,10790.1,14:05:00,10792.054835366022,2,59
2018-12-05,10786.3,10793.05,10785.6,10793.05,14:10:00,10791.506755807352,2,60
2018-12-05,10789.8,10789.8,10781.95,10786.35,14:15:00,10791.344207635226,2,61
2018-12-05,10789.3,10792.9,10789.3,10789.5,14:20:00,10791.149521193774,2,62
2018-12-05,10783.45,10789.75,10781.2,10789.6,14:25:00,10790.416233461034,2,63
2018-12-05,10792.25,10800.1,10784.15,10784.3,14:30:00,10790.590877893315,2,64
2018-12-05,10782.05,10795.5,10762.25,10792.3,14:35:00,10789.777460951096,2,65
2018-12-05,10778.7,10784.85,10773.4,10781.35,14:40:00,10788.72246467004,2,66
2018-12-05,10769.0,10779.3,10768.75,10779.0,14:45:00,10786.844134701463,2,67
2018-12-05,10756.45,10769.7,10747.95,10769.4,14:50:00,10783.949455206086,2,68
2018-12-05,10762.0,10762.0,10751.1,10755.6,14:55:00,10781.859030900743,2,69
2018-12-05,10781.6,10787.95,10758.05,10762.8,15:00:00,10781.834361291149,2,70
2018-12-05,10784.05,10789.2,10777.3,10782.45,15:05:00,10782.045374501517,2,71
2018-12-05,10784.3,10789.45,10780.25,10784.2,15:10:00,10782.260100739466,2,72
2018-12-05,10781.75,10787.4,10778.5,10784.25,15:15:00,10782.21151971666,2,73
2018-12-05,10791.1,10792.05,10779.25,10781.8,15:20:00,10783.058041648408,2,74
2018-12-05,10789.3,10793.7,10788.8,10791.05,15:25:00,10783.652513872368,2,75
2018-12-06,10710.0,10722.65,10701.7,10714.25,09:15:00,10776.637988741666,3,1
2018-12-06,10698.4,10711.8,10697.05,10709.7,09:20:00,10769.18675171865,3,2
2018-12-06,10689.2,10697.75,10682.2,10697.75,09:25:00,10761.568965840685,3,3
2018-12-06,10676.4,10690.5,10676.15,10689.05,09:30:00,10753.457635760617,3,4
2018-12-06,10691.65,10692.4,10674.45,10676.0,09:35:00,10747.571194259606,3,5
2018-12-06,10678.7,10693.1,10678.25,10691.85,09:40:00,10741.012032901548,3,6
2018-12-06,10664.3,10678.5,10661.35,10678.5,09:45:00,10733.706125006162,3,7
2018-12-06,10661.4,10666.4,10657.25,10664.2,09:50:00,10726.819827386527,3,8
2018-12-06,10663.7,10667.05,10657.9,10660.9,09:55:00,10720.808415254478,3,9
2018-12-06,10659.25,10663.7,10654.0,10663.6,10:00:00,10714.945709039765,3,10
2018-12-06,10663.6,10667.2,10656.7,10659.1,10:05:00,10710.055641512168,3,11
2018-12-06,10662.25,10665.75,10656.55,10663.3,10:10:00,10705.502723272915,3,12
2018-12-06,10660.95,10662.2,10656.05,10661.2,10:15:00,10701.259606770736,3,13
2018-12-06,10666.0,10666.0,10659.4,10660.6,10:20:00,10697.901548983044,3,14
2018-12-06,10665.95,10671.75,10662.45,10665.55,10:25:00,10694.858544317993,3,15
2018-12-06,10661.15,10665.95,10654.6,10665.75,10:30:00,10691.6482067639,3,16
2018-12-06,10662.05,10664.0,10656.2,10660.75,10:35:00,10688.829329929242,3,17
2018-12-06,10662.3,10666.3,10656.85,10662.2,10:40:00,10686.30272707884,3,18
2018-12-06,10655.3,10665.4,10655.0,10662.1,10:45:00,10683.350086404664,3,19
2018-12-06,10648.8,10655.45,10641.6,10655.45,10:50:00,10680.059601985173,3,20
2018-12-06,10644.6,10651.55,10644.6,10648.05,10:55:00,10676.682497034202,3,21
2018-12-06,10650.2,10650.9,10644.5,10644.8,11:00:00,10674.160354459516,3,22
2018-12-06,10649.2,10652.15,10645.05,10650.25,11:05:00,10671.783177844323,3,23
2018-12-06,10649.75,10652.4,10647.1,10649.25,11:10:00,10669.684779954388,3,24
2018-12-06,10645.9,10651.55,10644.75,10649.4,11:15:00,10667.419562815876,3,25
2018-12-06,10654.3,10657.25,10645.65,10645.95,11:20:00,10666.170080642936,3,26
2018-12-06,10654.9,10657.9,10653.2,10654.35,11:25:00,10665.096739629324,3,27
2018-12-06,10658.1,10661.65,10653.65,10654.8,11:30:00,10664.43038347415,3,28
2018-12-06,10651.75,10658.25,10650.8,10658.25,11:35:00,10663.222727905184,3,29
2018-12-06,10656.15,10656.15,10651.75,10651.85,11:40:00,10662.549134771358,3,30
2018-12-06,10657.55,10658.25,10653.5,10656.4,11:45:00,10662.073026697895,3,31
2018-12-06,10658.75,10659.7,10655.4,10657.2,11:50:00,10661.756547964762,3,32
2018-12-06,10652.1,10661.1,10652.1,10658.6,11:55:00,10660.836876730024,3,33
2018-12-06,10653.75,10655.4,10650.7,10652.15,12:00:00,10660.161936089067,3,34
2018-12-06,10663.15,10663.15,10653.15,10653.6,12:05:00,10660.446513604396,3,35
2018-12-06,10653.8,10663.3,10651.3,10663.2,12:10:00,10659.813512308738,3,36
2018-12-06,10650.55,10658.45,10648.35,10654.05,12:15:00,10658.93127304124,3,37
2018-12-06,10653.95,10653.95,10649.15,10650.6,12:20:00,10658.45686608493,3,38
2018-12-06,10659.9,10659.9,10652.65,10654.0,12:25:00,10658.594307410176,3,39
2018-12-06,10668.15,10668.25,10658.9,10660.15,12:30:00,10659.504373371112,3,40
2018-12-06,10666.0,10669.45,10662.4,10668.2,12:35:00,10660.123004478624,3,41
2018-12-06,10666.05,10666.5,10661.65,10665.95,12:40:00,10660.687480242565,3,42
2018-12-06,10675.85,10675.85,10665.85,10665.85,12:45:00,10662.131529743272,3,43
2018-12-06,10677.7,10679.8,10674.45,10676.75,12:50:00,10663.614241196294,3,44
2018-12-06,10679.2,10684.25,10676.75,10677.45,12:55:00,10665.0985991776,3,45
2018-12-06,10682.55,10687.8,10678.8,10679.05,13:00:00,10666.76063735116,3,46
2018-12-06,10692.05,10692.55,10678.85,10682.65,13:05:00,10669.169148079622,3,47
2018-12-06,10684.0,10694.4,10683.4,10691.8,13:10:00,10670.581610167275,3,48
2018-12-06,10695.05,10695.25,10683.65,10683.9,13:15:00,10672.91193300849,3,49
2018-12-06,10692.25,10696.05,10692.0,10694.5,13:20:00,10674.753653674348,3,50
2018-12-06,10676.55,10692.2,10674.9,10692.2,13:25:00,10674.92473427679,3,51
2018-12-06,10662.0,10678.7,10662.0,10676.7,13:30:00,10673.69380720281,3,52
2018-12-06,10657.65,10666.75,10657.25,10662.3,13:35:00,10672.165825564449,3,53
2018-12-06,10658.0,10658.8,10650.05,10657.4,13:40:00,10670.816699320214,3,54
2018-12-06,10657.1,10663.3,10656.25,10657.35,13:45:00,10669.510347004005,3,55
2018-12-06,10651.75,10657.85,10650.8,10656.6,13:50:00,10667.818885384577,3,56
2018-12-06,10642.15,10652.2,10634.85,10652.0,13:55:00,10665.374229633662,3,57
2018-12-06,10644.45,10652.35,10636.2,10641.95,14:00:00,10663.381445859028,3,58
2018-12-06,10645.4,10647.8,10637.45,10644.1,14:05:00,10661.668927205788,3,59
2018-12-06,10638.15,10647.25,10635.5,10645.45,14:10:00,10659.429029376664,3,60
2018-12-06,10626.65,10638.15,10626.65,10637.9,14:15:00,10656.307217055077,3,61
2018-12-06,10627.35,10633.75,10625.3,10626.85,14:20:00,10653.549386859357,3,62
2018-12-06,10622.0,10634.15,10622.0,10626.85,14:25:00,10650.54468334894,3,63
2018-12-06,10614.2,10623.4,10612.3,10621.15,14:30:00,10647.083284934755,3,64
2018-12-06,10627.1,10627.35,10607.75,10614.75,14:35:00,10645.18011494097,3,65
2018-12-06,10617.5,10630.95,10613.35,10626.9,14:40:00,10642.54391351802,3,66
2018-12-06,10618.3,10624.7,10616.75,10616.75,14:45:00,10640.234969373449,3,67
2018-12-06,10607.15,10622.4,10606.5,10618.15,14:50:00,10637.084019909307,3,68
2018-12-06,10606.0,10613.55,10603.5,10607.25,14:55:00,10634.123637060804,3,69
2018-12-06,10612.85,10614.95,10606.7,10607.55,15:00:00,10632.097576388349,3,70
2018-12-06,10600.9,10614.95,10600.05,10613.55,15:05:00,10629.126378637076,3,71
2018-12-06,10594.75,10601.85,10593.3,10599.95,15:10:00,10625.852437814498,3,72
2018-12-06,10603.3,10604.1,10588.25,10595.35,15:15:00,10623.704586594067,3,73
2018-12-06,10603.85,10605.45,10598.7,10603.15,15:20:00,10621.81367358511,3,74
2018-12-06,10592.6,10604.55,10591.0,10603.6,15:25:00,10619.031418957957,3,75
2018-12-07,10641.25,10654.2,10631.35,10639.55,09:15:00,10621.147474295294,4,1
2018-12-07,10623.8,10642.95,10619.4,10641.0,09:20:00,10621.40009579098,4,2
2018-12-07,10641.45,10641.9,10621.5,10623.5,09:25:00,10623.309610477554,4,3
2018-12-07,10648.25,10655.75,10640.3,10641.55,09:30:00,10625.684885670167,4,4
2018-12-07,10645.9,10651.35,10640.9,10648.05,09:35:00,10627.610134653962,4,5
2018-12-07,10634.65,10648.8,10630.55,10646.05,09:40:00,10628.280598020252,4,6
2018-12-07,10632.7,10641.5,10632.3,10633.8,09:45:00,10628.701493446895,4,7
2018-12-07,10632.3,10637.05,10627.9,10633.1,09:50:00,10629.044208356716,4,8
2018-12-07,10621.7,10635.0,10621.2,10632.75,09:55:00,10628.34475994179,4,9
2018-12-07,10627.15,10629.05,10621.35,10621.65,10:00:00,10628.230973280668,4,10
2018-12-07,10636.55,10639.65,10626.75,10626.95,10:05:00,10629.023261539653,4,11
2018-12-07,10633.7,10636.6,10630.7,10636.45,10:10:00,10629.468665202545,4,12
2018-12-07,10634.35,10640.4,10632.25,10634.05,10:15:00,10629.93355423087,4,13
2018-12-07,10645.4,10649.0,10633.95,10634.6,10:20:00,10631.406549066029,4,14
2018-12-07,10641.75,10648.9,10639.6,10645.75,10:25:00,10632.391639631169,4,15
2018-12-07,10640.75,10642.0,10635.85,10641.9,10:30:00,10633.187673952008,4,16
2018-12-07,10641.15,10645.2,10638.3,10640.85,10:35:00,10633.945990718485,4,17
2018-12-07,10641.6,10644.25,10639.5,10640.8,10:40:00,10634.67494398339,4,18
2018-12-07,10641.1,10644.9,10640.45,10641.45,10:45:00,10635.286854080208,4,19
2018-12-07,10638.6,10641.2,10633.65,10641.2,10:50:00,10635.602391786855,4,20
2018-12-07,10636.95,10639.55,10633.25,10638.75,10:55:00,10635.7307354262,4,21
2018-12-07,10640.3,10640.6,10634.35,10637.0,11:00:00,10636.165903480847,4,22
2018-12-07,10639.95,10641.5,10635.25,10640.7,11:05:00,10636.526293625531,4,23
2018-12-07,10634.9,10640.7,10634.0,10639.9,11:10:00,10636.371408518338,4,24
2018-12-07,10627.85,10637.4,10627.5,10634.7,11:15:00,10635.559845802303,4,25
2018-12-07,10630.45,10635.35,10627.55,10627.75,11:20:00,10635.073193821132,4,26
2018-12-07,10631.95,10637.6,10630.75,10630.85,11:25:00,10634.775746790549,4,27
2018-12-07,10627.1,10634.45,10626.5,10632.55,11:30:00,10634.044723286686,4,28
2018-12-07,10619.0,10630.5,10617.0,10626.5,11:35:00,10632.611892497478,4,29
2018-12-07,10618.4,10623.6,10615.85,10619.3,11:40:00,10631.25837892629,4,30
2018-12-07,10622.0,10622.7,10615.8,10618.6,11:45:00,10630.376628552358,4,31
2018-12-07,10619.65,10623.4,10616.9,10621.8,11:50:00,10629.355044880704,4,32
2018-12-07,10628.25,10628.85,10619.05,10619.05,11:55:00,10629.249802511114,4,33
2018-12-07,10624.05,10629.1,10620.75,10628.9,12:00:00,10628.75458322434,4,34
2018-12-07,10625.6,10627.5,10622.4,10623.85,12:05:00,10628.454146726786,4,35
2018-12-07,10623.6,10627.4,10623.4,10625.25,12:10:00,10627.99184703852,4,36
2018-12-07,10637.1,10640.7,10623.9,10624.1,12:15:00,10628.859290177708,4,37
2018-12-07,10645.35,10645.35,10636.85,10636.85,12:20:00,10630.429833970307,4,38
2018-12-07,10652.1,10653.25,10641.2,10645.0,12:25:00,10632.493659306469,4,39
2018-12-07,10653.5,10656.65,10648.0,10651.8,12:30:00,10634.494263182043,4,40
2018-12-07,10650.9,10653.8,10643.85,10653.4,12:35:00,10636.056714307562,4,41
2018-12-07,10645.55,10651.6,10641.9,10651.6,12:40:00,10636.96083675446,4,42
2018-12-07,10647.5,10649.55,10645.0,10645.85,12:45:00,10637.964566587369,4,43
2018-12-07,10639.8,10647.2,10635.1,10647.15,12:50:00,10638.139369769524,4,44
2018-12-07,10628.05,10641.2,10628.05,10639.75,12:55:00,10637.178477410522,4,45
2018-12-07,10610.65,10627.6,10610.1,10627.6,13:00:00,10634.651955752375,4,46
2018-12-07,10624.7,10626.6,10609.95,10610.75,13:05:00,10633.704150442629,4,47
2018-12-07,10620.8,10632.45,10619.2,10624.6,13:10:00,10632.475183733806,4,48
2018-12-07,10614.35,10626.8,10612.4,10620.65,13:15:00,10630.748975759156,4,49
2018-12-07,10614.55,10618.35,10607.1,10614.15,13:20:00,10629.206216163047,4,50
2018-12-07,10608.4,10619.15,10608.4,10615.4,13:25:00,10627.224671766568,4,51
2018-12-07,10609.65,10612.55,10599.35,10609.0,13:30:00,10625.550893503085,4,52
2018-12-07,10630.0,10635.65,10609.6,10609.95,13:35:00,10625.974617931362,4,53
2018-12-07,10634.55,10635.2,10625.4,10629.95,13:40:00,10626.791320985518,4,54
2018-12-07,10637.6,10652.8,10635.85,10636.45,13:45:00,10627.820718986895,4,55
2018-12-07,10636.1,10641.0,10632.6,10638.35,13:50:00,10628.609221940527,4,56
2018-12-07,10637.0,10640.0,10629.4,10635.9,13:55:00,10629.408343660476,4,57
2018-12-07,10642.75,10646.2,10635.4,10637.5,14:00:00,10630.678977597574,4,58
2018-12-07,10651.75,10653.3,10642.8,10644.0,14:05:00,10632.685741635902,4,59
2018-12-07,10648.75,10652.05,10643.9,10651.8,14:10:00,10634.21567100391,4,60
2018-12-07,10636.0,10650.25,10634.65,10649.15,14:15:00,10634.385607098777,4,61
2018-12-07,10642.3,10643.25,10632.2,10636.85,14:20:00,10635.139358803655,4,62
2018-12-07,10639.95,10643.1,10635.7,10642.25,14:25:00,10635.59751510807,4,63
2018-12-07,10634.15,10640.9,10634.15,10640.45,14:30:00,10635.459656526347,4,64
2018-12-07,10650.65,10657.25,10631.85,10634.4,14:35:00,10636.906355904792,4,65
2018-12-07,10672.6,10679.75,10650.5,10651.3,14:40:00,10640.305750580526,4,66
2018-12-07,10668.15,10684.55,10668.05,10673.25,14:45:00,10642.957583858572,4,67
2018-12-07,10672.3,10678.45,10667.95,10668.7,14:50:00,10645.752099681564,4,68
2018-12-07,10671.0,10672.85,10662.35,10672.85,14:55:00,10648.156661616653,4,69
2018-12-07,10679.35,10686.2,10672.2,10672.85,15:00:00,10651.1274557484,4,70
2018-12-07,10686.45,10688.6,10679.0,10679.85,15:05:00,10654.491507581886,4,71
2018-12-07,10693.9,10693.9,10683.5,10686.15,15:10:00,10658.244697335993,4,72
2018-12-07,10699.9,10703.4,10690.85,10694.5,15:15:00,10662.21186901828,4,73
2018-12-07,10700.8,10702.15,10691.8,10699.6,15:20:00,10665.886929111775,4,74
2018-12-07,10702.2,10704.55,10698.05,10700.85,15:25:00,10669.345316815416,4,75
2018-12-10,10550.4,10558.85,10523.95,10523.95,09:15:00,10658.017191404424,0,1
2018-12-10,10528.15,10551.3,10527.75,10550.3,09:20:00,10645.648887461144,0,2
2018-12-10,10527.65,10538.25,10525.75,10527.65,09:25:00,10634.41089817913,0,3
2018-12-10,10517.85,10528.15,10513.75,10526.3,09:30:00,10623.30986025731,0,4
2018-12-10,10512.4,10522.15,10511.6,10515.75,09:35:00,10612.74701642328,0,5
2018-12-10,10511.9,10522.85,10509.75,10512.2,09:40:00,10603.142538668682,0,6
2018-12-10,10493.85,10511.65,10493.85,10511.55,09:45:00,10592.733725462142,0,7
2018-12-10,10488.45,10501.7,10488.45,10494.35,09:50:00,10582.801942084794,0,8
2018-12-10,10507.15,10507.15,10486.0,10487.2,09:55:00,10575.596995219576,0,9
2018-12-10,10512.3,10512.35,10500.25,10507.5,10:00:00,10569.568709960568,0,10
2018-12-10,10508.1,10515.5,10506.1,10511.95,10:05:00,10563.71454710718,0,11
2018-12-10,10496.2,10511.35,10495.7,10507.8,10:10:00,10557.28459023983,0,12
2018-12-10,10504.65,10505.0,10496.05,10496.15,10:15:00,10552.271772121749,0,13
2018-12-10,10511.2,10512.85,10504.6,10505.0,10:20:00,10548.36017477682,0,14
2018-12-10,10515.95,10515.95,10507.35,10511.75,10:25:00,10545.273491464744,0,15
2018-12-10,10510.05,10515.9,10509.15,10515.8,10:30:00,10541.918873230006,0,16
2018-12-10,10509.1,10510.45,10504.7,10509.75,10:35:00,10538.79326625572,0,17
2018-12-10,10508.4,10511.9,10506.2,10509.15,10:40:00,10535.89866946946,0,18
2018-12-10,10508.85,10509.15,10505.4,10508.8,10:45:00,10533.322605710464,0,19
2018-12-10,10508.95,10509.1,10505.2,10508.5,10:50:00,10531.001405166611,0,20
2018-12-10,10507.45,10511.9,10506.95,10509.0,10:55:00,10528.758414198364,0,21
2018-12-10,10513.5,10513.55,10506.85,10507.7,11:00:00,10527.305231893755,0,22
2018-12-10,10511.4,10515.25,10509.2,10513.95,11:05:00,10525.790447903875,0,23
2018-12-10,10514.4,10515.9,10509.85,10511.75,11:10:00,10524.705643341602,0,24
2018-12-10,10520.5,10520.75,10513.2,10514.2,11:15:00,10524.305105880498,0,25
2018-12-10,10528.5,10535.1,10518.35,10520.6,11:20:00,10524.704619606166,0,26
2018-12-10,10531.35,10534.8,10526.0,10528.6,11:25:00,10525.337512977008,0,27
2018-12-10,10527.6,10531.2,10523.7,10531.2,11:30:00,10525.552987931578,0,28
2018-12-10,10537.35,10537.8,10525.5,10527.45,11:35:00,10526.676512890475,0,29
2018-12-10,10530.7,10539.1,10529.4,10537.5,11:40:00,10527.059702139,0,30
2018-12-10,10530.55,10532.55,10526.55,10530.6,11:45:00,10527.392111459096,0,31
2018-12-10,10531.6,10534.2,10528.6,10530.5,11:50:00,10527.792862748704,0,32
2018-12-10,10534.35,10535.7,10528.8,10532.2,11:55:00,10528.417352010732,0,33
2018-12-10,10535.2,10536.45,10531.8,10534.3,12:00:00,10529.063318485902,0,34
2018-12-10,10540.9,10543.25,10533.75,10535.05,12:05:00,10530.190621487243,0,35
2018-12-10,10540.7,10542.45,10536.0,10541.55,12:10:00,10531.191514678934,0,36
2018-12-10,10530.35,10543.05,10529.8,10540.55,12:15:00,10531.111370423798,0,37
2018-12-10,10529.3,10533.4,10526.75,10530.7,12:20:00,10530.938858954863,0,38
2018-12-10,10519.5,10529.4,10517.75,10528.8,12:25:00,10529.849443816303,0,39
2018-12-10,10529.5,10529.95,10519.15,10519.4,12:30:00,10529.816163452846,0,40
2018-12-10,10526.2,10529.4,10524.0,10529.25,12:35:00,10529.471766933528,0,41
2018-12-10,10526.45,10529.6,10524.45,10525.95,12:40:00,10529.183979606523,0,42
2018-12-10,10526.7,10529.65,10524.0,10526.35,12:45:00,10528.947410120189,0,43
2018-12-10,10522.3,10526.5,10520.4,10526.4,12:50:00,10528.314323442077,0,44
2018-12-10,10526.4,10527.85,10521.4,10522.1,12:55:00,10528.132006923785,0,45
2018-12-10,10526.95,10528.65,10524.75,10526.35,13:00:00,10528.019434835804,0,46
2018-12-10,10533.85,10538.45,10526.15,10526.75,13:05:00,10528.574726756204,0,47
2018-12-10,10530.55,10539.2,10530.15,10533.95,13:10:00,10528.762848017515,0,48
2018-12-10,10533.35,10535.1,10529.2,10531.0,13:15:00,10529.199719634897,0,49
2018-12-10,10533.0,10535.3,10531.45,10533.45,13:20:00,10529.56165109824,0,50
2018-12-10,10528.75,10535.15,10528.45,10532.65,13:25:00,10529.484350993644,0,51
2018-12-10,10536.2,10538.7,10528.95,10529.6,13:30:00,10530.1239366133,0,52
2018-12-10,10530.7,10542.6,10529.3,10535.85,13:35:00,10530.178799792984,0,53
2018-12-10,10525.6,10534.0,10524.55,10531.1,13:40:00,10529.742723622225,0,54
2018-12-10,10517.95,10525.9,10517.75,10525.65,13:45:00,10528.619607086775,0,55
2018-12-10,10501.45,10518.0,10496.5,10517.5,13:50:00,10526.032025459464,0,56
2018-12-10,10502.1,10503.9,10495.55,10501.2,13:55:00,10523.752784939514,0,57
2018-12-10,10508.3,10511.45,10498.6,10501.95,14:00:00,10522.28109113575,0,58
2018-12-10,10502.85,10509.85,10501.6,10508.05,14:05:00,10520.430511027584,0,59
2018-12-10,10502.25,10508.0,10498.65,10502.55,14:10:00,10518.699033786865,0,60
2018-12-10,10504.6,10507.65,10501.4,10502.35,14:15:00,10517.356268664304,0,61
2018-12-10,10498.5,10508.7,10495.65,10505.0,14:20:00,10515.56043355342,0,62
2018-12-10,10495.05,10499.05,10489.6,10498.7,14:25:00,10513.607058929285,0,63
2018-12-10,10494.05,10499.8,10490.0,10495.25,14:30:00,10511.744481888398,0,64
2018-12-10,10488.1,10493.75,10483.75,10493.75,14:35:00,10509.492626470455,0,65
2018-12-10,10502.7,10506.45,10487.65,10487.95,14:40:00,10508.845709663745,0,66
2018-12-10,10496.65,10508.25,10496.4,10502.65,14:45:00,10507.684213505292,0,67
2018-12-10,10500.55,10505.85,10496.95,10496.95,14:50:00,10507.004764600026,0,68
2018-12-10,10492.65,10500.25,10492.55,10500.25,14:55:00,10505.637644161929,0,69
2018-12-10,10488.25,10492.35,10480.85,10492.2,15:00:00,10503.981678051266,0,70
2018-12-10,10490.65,10497.15,10486.4,10488.6,15:05:00,10502.711994427336,0,71
2018-12-10,10493.05,10495.8,10489.75,10490.3,15:10:00,10501.791804481876,0,72
2018-12-10,10486.5,10493.75,10486.25,10492.9,15:15:00,10500.33544215027,0,73
2018-12-10,10476.35,10487.2,10474.95,10486.75,15:20:00,10498.051114326436,0,74
2018-12-10,10475.95,10485.25,10475.65,10475.65,15:25:00,10495.946246295349,0,75
2018-12-11,10404.0,10413.95,10335.1,10367.25,09:15:00,10487.189460933883,1,1
2018-12-11,10365.8,10407.35,10364.8,10403.85,09:20:00,10475.628559892562,1,2
2018-12-11,10349.7,10376.45,10341.5,10364.95,09:25:00,10463.635363712316,1,3
2018-12-11,10342.9,10362.6,10335.45,10350.5,09:30:00,10452.136757644475,1,4
2018-12-11,10336.1,10349.55,10334.9,10341.8,09:35:00,10441.085637868811,1,5
2018-12-11,10356.75,10356.75,10333.85,10336.45,09:40:00,10433.0536723575,1,6
2018-12-11,10398.6,10398.6,10357.7,10357.7,09:45:00,10429.772370228213,1,7
2018-12-11,10385.65,10413.05,10385.3,10397.65,09:50:00,10425.570239730288,1,8
2018-12-11,10388.05,10398.8,10379.7,10384.2,09:55:00,10421.9968835655,1,9
2018-12-11,10391.6,10394.2,10384.35,10388.5,10:00:00,10419.101942273546,1,10
2018-12-11,10378.15,10391.8,10371.85,10391.15,10:05:00,10415.201757295114,1,11
2018-12-11,10392.55,10392.8,10375.65,10378.85,10:10:00,10413.04444707653,1,12
2018-12-11,10393.4,10398.05,10385.1,10394.75,10:15:00,10411.173547354956,1,13
2018-12-11,10420.95,10424.95,10391.5,10393.55,10:20:00,10412.104638083056,1,14
2018-12-11,10405.3,10430.65,10405.15,10420.85,10:25:00,10411.456577313242,1,15
2018-12-11,10387.85,10411.8,10381.75,10404.5,10:30:00,10409.20833185484,1,16
2018-12-11,10385.1,10398.6,10382.7,10387.75,10:35:00,10406.912300249616,1,17
2018-12-11,10396.5,10403.3,10380.95,10384.65,10:40:00,10405.920652606796,1,18
2018-12-11,10400.05,10406.45,10391.6,10396.35,10:45:00,10405.36154283472,1,19
2018-12-11,10400.35,10401.75,10392.75,10399.85,10:50:00,10404.884253040937,1,20
2018-12-11,10416.75,10422.45,10400.45,10400.45,10:55:00,10406.014324179896,1,21
2018-12-11,10420.0,10423.3,10410.65,10416.1,11:00:00,10407.34629330562,1,22
2018-12-11,10433.95,10440.35,10416.6,10419.9,11:05:00,10409.879979657466,1,23
2018-12-11,10453.45,10459.15,10432.9,10433.7,11:10:00,10414.029505404376,1,24
2018-12-11,10475.25,10480.3,10448.75,10453.65,11:15:00,10419.860028699197,1,25
2018-12-11,10468.2,10495.75,10467.05,10475.15,11:20:00,10424.463835489749,1,26
2018-12-11,10466.8,10468.55,10458.15,10467.8,11:25:00,10428.495851157391,1,27
2018-12-11,10477.65,10477.95,10450.9,10465.25,11:30:00,10433.177198666212,1,28
2018-12-11,10501.05,10501.9,10474.95,10477.8,11:35:00,10439.641274983718,1,29
2018-12-11,10517.95,10518.95,10499.7,10501.15,11:40:00,10447.099248794791,1,30
2018-12-11,10488.5,10532.4,10486.8,10518.0,11:45:00,10451.042177481004,1,31
2018-12-11,10488.45,10494.4,10473.75,10488.05,11:50:00,10454.604827244715,1,32
2018-12-11,10498.35,10505.1,10488.5,10488.8,11:55:00,10458.771034173791,1,33
2018-12-11,10477.3,10501.3,10471.75,10498.8,12:00:00,10460.535697585814,1,34
2018-12-11,10464.6,10482.25,10461.25,10477.6,12:05:00,10460.922774006212,1,35
2018-12-11,10465.05,10465.5,10446.75,10463.3,12:10:00,10461.315843148475,1,36
2018-12-11,10458.2,10474.0,10455.2,10465.4,12:15:00,10461.019096181955,1,37
2018-12-11,10479.7,10482.85,10458.05,10458.05,12:20:00,10462.798229878912,1,38
2018-12-11,10485.35,10492.1,10479.65,10479.75,12:25:00,10464.946017509492,1,39
2018-12-11,10490.8,10492.2,10475.45,10485.15,12:30:00,10467.408301556206,1,40
2018-12-11,10478.7,10491.25,10478.7,10490.7,12:35:00,10468.483701407997,1,41
2018-12-11,10491.05,10491.9,10474.9,10479.1,12:40:00,10470.632872702474,1,42
2018-12-11,10507.35,10507.35,10486.4,10490.75,12:45:00,10474.129741968904,1,43
2018-12-11,10504.35,10512.35,10501.8,10507.05,12:50:00,10477.00786178139,1,44
2018-12-11,10511.2,10511.35,10499.6,10503.75,12:55:00,10480.26425589745,1,45
2018-12-11,10526.9,10529.75,10511.3,10511.3,13:00:00,10484.705755335786,1,46
2018-12-11,10550.0,10550.55,10519.9,10526.45,13:05:00,10490.924254827616,1,47
2018-12-11,10544.65,10565.55,10541.05,10549.95,13:10:00,10496.040992463082,1,48
2018-12-11,10542.8,10559.15,10536.9,10547.05,13:15:00,10500.494231276123,1,49
2018-12-11,10544.65,10547.8,10533.45,10540.3,13:20:00,10504.69954258316,1,50
2018-12-11,10532.0,10549.15,10528.15,10545.1,13:25:00,10507.299586146668,1,51
2018-12-11,10510.85,10531.85,10509.3,10531.55,13:30:00,10507.637720799366,1,52
2018-12-11,10505.7,10524.1,10501.35,10508.0,13:35:00,10507.453175961333,1,53
2018-12-11,10512.65,10516.9,10494.1,10504.4,13:40:00,10507.948111584064,1,54
2018-12-11,10527.8,10529.2,10510.75,10510.75,13:45:00,10509.838767623676,1,55
2018-12-11,10528.4,10532.4,10519.2,10526.95,13:50:00,10511.60650404047,1,56
2018-12-11,10520.5,10533.8,10517.0,10527.5,13:55:00,10512.453503655664,1,57
2018-12-11,10525.45,10525.45,10511.7,10518.6,14:00:00,10513.691265212266,1,58
2018-12-11,10518.15,10527.8,10506.8,10525.9,14:05:00,10514.115906620622,1,59
2018-12-11,10520.0,10521.55,10508.15,10518.4,14:10:00,10514.676296466276,1,60
2018-12-11,10534.65,10543.25,10517.95,10517.95,14:15:00,10516.578553945676,1,61
2018-12-11,10530.5,10534.15,10525.35,10533.45,14:20:00,10517.90440595085,1,62
2018-12-11,10533.35,10535.75,10525.85,10529.5,14:25:00,10519.375414907912,1,63
2018-12-11,10550.95,10553.7,10533.45,10533.85,14:30:00,10522.382518250017,1,64
2018-12-11,10565.65,10567.15,10545.45,10550.05,14:35:00,10526.503230797634,1,65
2018-12-11,10553.15,10565.95,10547.8,10564.4,14:40:00,10529.041018340717,1,66
2018-12-11,10552.2,10562.5,10549.2,10551.85,14:45:00,10531.2466356416,1,67
2018-12-11,10543.75,10554.55,10540.1,10551.0,14:50:00,10532.43743224716,1,68
2018-12-11,10552.1,10552.65,10542.1,10542.1,14:55:00,10534.310057747432,1,69
2018-12-11,10519.45,10553.65,10519.0,10550.6,15:00:00,10532.89481415244,1,70
2018-12-11,10538.75,10543.95,10519.6,10519.7,15:05:00,10533.452450899826,1,71
2018-12-11,10545.4,10547.75,10531.05,10538.55,15:10:00,10534.59031271889,1,72
2018-12-11,10550.35,10562.7,10544.75,10545.75,15:15:00,10536.091235317092,1,73
2018-12-11,10558.75,10565.1,10550.25,10550.7,15:20:00,10538.24921290594,1,74
2018-12-11,10557.95,10561.45,10553.1,10558.45,15:25:00,10540.12547834347,1,75
2018-12-12,10603.6,10608.2,10560.8,10584.75,09:15:00,10546.170670882188,2,1
2018-12-12,10622.8,10623.75,10604.45,10604.75,09:20:00,10553.468702226744,2,2
2018-12-12,10618.65,10629.0,10615.75,10622.55,09:25:00,10559.676444871817,2,3
2018-12-12,10633.3,10634.25,10617.5,10617.5,09:30:00,10566.688212026882,2,4
2018-12-12,10630.4,10635.75,10624.0,10633.95,09:35:00,10572.756001357657,2,5
2018-12-12,10635.8,10637.4,10627.75,10630.75,09:40:00,10578.760191704543,2,6
2018-12-12,10646.65,10647.2,10634.85,10635.6,09:45:00,10585.225887732684,2,7
2018-12-12,10649.1,10651.4,10643.0,10646.9,09:50:00,10591.309136520047,2,8
2018-12-12,10647.95,10651.35,10645.9,10648.75,09:55:00,10596.70350447052,2,9
2018-12-12,10641.25,10653.4,10638.1,10647.4,10:00:00,10600.94602785428,2,10
2018-12-12,10640.55,10644.5,10636.45,10640.85,10:05:00,10604.7178347253,2,11
2018-12-12,10635.8,10643.5,10635.6,10640.8,10:10:00,10607.67804094194,2,12
2018-12-12,10645.35,10646.75,10632.8,10635.55,10:15:00,10611.265846566515,2,13
2018-12-12,10665.45,10666.3,10644.4,10644.85,10:20:00,10616.42624213161,2,14
2018-12-12,10663.0,10665.5,10657.6,10663.9,10:25:00,10620.861838119075,2,15
2018-12-12,10674.5,10675.25,10661.45,10661.6,10:30:00,10625.970234488688,2,16
2018-12-12,10670.25,10673.9,10668.5,10673.9,10:35:00,10630.187355013575,2,17
2018-12-12,10665.45,10670.6,10661.9,10669.95,10:40:00,10633.54570215514,2,18
2018-12-12,10657.3,10668.0,10644.5,10664.9,10:45:00,10635.808016235602,2,19
2018-12-12,10654.95,10659.55,10653.65,10657.2,10:50:00,10637.6310623084,2,20
2018-12-12,10650.45,10656.7,10647.15,10654.9,10:55:00,10638.851913517125,2,21
2018-12-12,10658.0,10660.3,10649.95,10650.9,11:00:00,10640.675540801209,2,22
2018-12-12,10658.2,10659.95,10654.5,10658.1,11:05:00,10642.344536915378,2,23
2018-12-12,10660.75,10662.5,10657.0,10658.5,11:10:00,10644.097438161532,2,24
2018-12-12,10666.4,10668.1,10659.45,10660.65,11:15:00,10646.221491669958,2,25
2018-12-12,10666.3,10668.15,10664.15,10666.2,11:20:00,10648.133730558531,2,26
2018-12-12,10670.75,10671.35,10663.3,10666.35,11:25:00,10650.28766098153,2,27
2018-12-12,10662.0,10670.2,10661.3,10670.2,11:30:00,10651.40312184043,2,28
2018-12-12,10663.7,10666.1,10660.85,10662.05,11:35:00,10652.574253093724,2,29
2018-12-12,10665.05,10667.2,10663.25,10664.1,11:40:00,10653.762419465753,2,30
2018-12-12,10661.85,10667.9,10659.9,10665.35,11:45:00,10654.532665230918,2,31
2018-12-12,10667.4,10668.3,10659.35,10662.8,11:50:00,10655.758125685115,2,32
2018-12-12,10666.8,10669.8,10666.3,10667.15,11:55:00,10656.809732762724,2,33
2018-12-12,10667.3,10668.7,10662.3,10667.3,12:00:00,10657.80880583294,2,34
2018-12-12,10663.3,10669.0,10660.1,10667.6,12:05:00,10658.331776705993,2,35
2018-12-12,10663.5,10666.25,10660.9,10663.35,12:10:00,10658.82398844828,2,36
2018-12-12,10658.8,10665.75,10658.8,10663.75,12:15:00,10658.821703834155,2,37
2018-12-12,10656.35,10660.45,10656.05,10658.5,12:20:00,10658.586303469,2,38
2018-12-12,10656.6,10657.85,10653.35,10656.8,12:25:00,10658.397131710046,2,39
2018-12-12,10650.95,10657.0,10649.5,10656.8,12:30:00,10657.687881070991,2,40
2018-12-12,10657.6,10658.25,10651.15,10651.3,12:35:00,10657.679511445183,2,41
2018-12-12,10658.15,10659.7,10657.0,10657.9,12:40:00,10657.724319878977,2,42
2018-12-12,10653.65,10660.05,10653.65,10658.25,12:45:00,10657.33628941431,2,43
2018-12-12,10642.85,10654.2,10641.0,10653.95,12:50:00,10655.956642803423,2,44
2018-12-12,10641.4,10644.85,10637.05,10642.6,12:55:00,10654.570295869764,2,45
2018-12-12,10650.95,10651.85,10639.35,10641.55,13:00:00,10654.22550578693,2,46
2018-12-12,10648.55,10651.4,10644.85,10650.5,13:05:00,10653.68498142627,2,47
2018-12-12,10643.95,10650.15,10639.65,10648.95,13:10:00,10652.757840338054,2,48
2018-12-12,10640.1,10644.8,10639.05,10644.8,13:15:00,10651.55233173443,2,49
2018-12-12,10641.8,10642.55,10634.15,10639.65,13:20:00,10650.623538235914,2,50
2018-12-12,10640.9,10645.95,10640.2,10642.3,13:25:00,10649.69748697535,2,51
2018-12-12,10652.2,10653.2,10640.95,10641.4,13:30:00,10649.935821549128,2,52
2018-12-12,10651.35,10654.4,10648.7,10652.45,13:35:00,10650.070505211112,2,53
2018-12-12,10659.8,10660.9,10651.4,10651.75,13:40:00,10650.997123762436,2,54
2018-12-12,10671.0,10672.75,10660.0,10660.0,13:45:00,10652.902159594583,2,55
2018-12-12,10675.15,10681.75,10671.15,10671.35,13:50:00,10655.021001537958,2,56
2018-12-12,10670.8,10676.1,10669.7,10675.0,13:55:00,10656.523763296247,2,57
2018-12-12,10678.4,10680.65,10671.1,10671.25,14:00:00,10658.607214410891,2,58
2018-12-12,10684.8,10686.45,10675.55,10678.55,14:05:00,10661.101765419378,2,59
2018-12-12,10682.9,10684.95,10679.05,10684.65,14:10:00,10663.177787760387,2,60
2018-12-12,10689.55,10692.35,10681.35,10683.1,14:15:00,10665.689427021303,2,61
2018-12-12,10689.05,10693.65,10685.3,10689.95,14:20:00,10667.914243495465,2,62
2018-12-12,10687.05,10690.35,10685.7,10689.95,14:25:00,10669.736696495896,2,63
2018-12-12,10689.65,10697.05,10686.55,10686.8,14:30:00,10671.633201591523,2,64
2018-12-12,10697.25,10701.1,10689.25,10689.7,14:35:00,10674.072896678046,2,65
2018-12-12,10705.4,10708.6,10696.1,10697.55,14:40:00,10677.056430327755,2,66
2018-12-12,10720.55,10724.2,10705.05,10705.95,14:45:00,10681.198675058446,2,67
2018-12-12,10715.55,10724.4,10711.5,10720.8,14:50:00,10684.470229814784,2,68
2018-12-12,10719.8,10727.6,10715.7,10717.4,14:55:00,10687.834969832424,2,69
2018-12-12,10734.9,10735.5,10720.65,10720.95,15:00:00,10692.317353657909,2,70
2018-12-12,10731.65,10735.55,10730.0,10734.75,15:05:00,10696.0633199762,2,71
2018-12-12,10732.7,10732.7,10721.4,10731.55,15:10:00,10699.552527597516,2,72
2018-12-12,10746.35,10748.05,10732.35,10732.35,15:15:00,10704.009429731086,2,73
2018-12-12,10747.15,10752.2,10743.95,10746.25,15:20:00,10708.118055470984,2,74
2018-12-12,10736.9,10747.15,10735.2,10746.7,15:25:00,10710.859193045177,2,75
2018-12-13,10792.0,10808.95,10790.65,10791.35,09:15:00,10718.586888945636,3,1
2018-12-13,10806.05,10806.1,10790.15,10792.05,09:20:00,10726.91670904605,3,2
2018-12-13,10811.9,10816.55,10805.6,10806.65,09:25:00,10735.01035580357,3,3
2018-12-13,10792.95,10813.55,10792.95,10812.1,09:30:00,10740.52841715561,3,4
2018-12-13,10785.45,10793.3,10778.6,10793.3,09:35:00,10744.80666314079,3,5
2018-12-13,10797.65,10798.05,10785.1,10785.1,09:40:00,10749.839361889286,3,6
2018-12-13,10799.85,10801.5,10791.8,10798.0,09:45:00,10754.602279804592,3,7
2018-12-13,10799.35,10803.85,10794.5,10800.05,09:50:00,10758.86396744225,3,8
2018-12-13,10810.3,10810.3,10796.5,10799.3,09:55:00,10763.762637209657,3,9
2018-12-13,10810.75,10813.65,10807.55,10809.8,10:00:00,10768.23762414207,3,10
2018-12-13,10805.6,10812.75,10804.15,10810.15,10:05:00,10771.79594565235,3,11
2018-12-13,10803.0,10809.45,10800.55,10806.35,10:10:00,10774.767760352126,3,12
2018-12-13,10804.1,10808.05,10801.55,10802.55,10:15:00,10777.561306985255,3,13
2018-12-13,10801.1,10803.85,10797.15,10803.4,10:20:00,10779.803087272374,3,14
2018-12-13,10807.15,10810.05,10800.6,10801.35,10:25:00,10782.407555151196,3,15
2018-12-13,10805.95,10807.7,10802.4,10807.05,10:30:00,10784.649692755844,3,16
2018-12-13,10804.35,10806.15,10802.2,10805.7,10:35:00,10786.525912493382,3,17
2018-12-13,10806.9,10809.05,10804.2,10804.2,10:40:00,10788.466301779728,3,18
2018-12-13,10798.5,10807.25,10796.95,10806.85,10:45:00,10789.42189208642,3,19
2018-12-13,10793.25,10798.7,10792.55,10797.95,10:50:00,10789.786473792474,3,20
2018-12-13,10788.25,10796.9,10787.85,10793.2,10:55:00,10789.640142955095,3,21
2018-12-13,10790.55,10792.9,10787.3,10788.4,11:00:00,10789.726796006991,3,22
2018-12-13,10786.9,10791.2,10779.95,10790.65,11:05:00,10789.457577339655,3,23
2018-12-13,10785.35,10791.65,10784.75,10786.5,11:10:00,10789.066379497785,3,24
2018-12-13,10785.25,10786.65,10780.15,10785.2,11:15:00,10788.70291478371,3,25
2018-12-13,10776.2,10785.25,10773.25,10784.45,11:20:00,10787.512160994786,3,26
2018-12-13,10786.75,10788.55,10773.05,10776.3,11:25:00,10787.439574233376,3,27
2018-12-13,10785.45,10787.4,10781.7,10787.3,11:30:00,10787.250090973055,3,28
2018-12-13,10778.15,10786.9,10772.45,10785.3,11:35:00,10786.383415642287,3,29
2018-12-13,10783.5,10788.25,10776.7,10777.35,11:40:00,10786.10880462874,3,30
2018-12-13,10786.35,10790.4,10783.55,10783.85,11:45:00,10786.131775616475,3,31
2018-12-13,10776.15,10787.15,10776.05,10786.3,11:50:00,10785.18113031967,3,32
2018-12-13,10780.75,10782.05,10771.7,10776.0,11:55:00,10784.759117908274,3,33
2018-12-13,10787.1,10791.25,10780.85,10781.05,12:00:00,10784.982059059868,3,34
2018-12-13,10782.55,10789.5,10782.2,10787.05,12:05:00,10784.750434387495,3,35
2018-12-13,10785.2,10786.25,10780.7,10782.3,12:10:00,10784.793250160115,3,36
2018-12-13,10786.35,10786.5,10780.75,10784.6,12:15:00,10784.941512049629,3,37
2018-12-13,10796.2,10797.2,10785.2,10786.25,12:20:00,10786.013748997284,3,38
2018-12-13,10794.55,10800.15,10791.55,10796.95,12:25:00,10786.826725283256,3,39
2018-12-13,10793.95,10796.85,10789.1,10793.9,12:30:00,10787.505132399136,3,40
2018-12-13,10794.75,10795.85,10791.75,10794.5,12:35:00,10788.195119789692,3,41
2018-12-13,10794.65,10797.0,10793.25,10794.4,12:40:00,10788.809870285912,3,42
2018-12-13,10798.8,10799.75,10792.5,10794.4,12:45:00,10789.761311211065,3,43
2018-12-13,10799.3,10800.5,10797.3,10798.75,12:50:00,10790.669757762393,3,44
2018-12-13,10804.35,10804.4,10799.4,10799.4,12:55:00,10791.9726379755,3,45
2018-12-13,10808.0,10812.5,10803.3,10804.05,13:00:00,10793.499053406404,3,46
2018-12-13,10804.2,10808.6,10801.4,10807.8,13:05:00,10794.518191177223,3,47
2018-12-13,10802.7,10806.35,10801.4,10803.9,13:10:00,10795.297411065108,3,48
2018-12-13,10807.05,10809.7,10802.3,10802.3,13:15:00,10796.416705249385,3,49
2018-12-13,10813.95,10814.2,10802.85,10807.15,13:20:00,10798.08654284468,3,50
2018-12-13,10813.0,10815.6,10812.05,10813.85,13:25:00,10799.506872097569,3,51
2018-12-13,10830.3,10831.35,10811.25,10813.15,13:30:00,10802.43955094542,3,52
2018-12-13,10837.8,10838.55,10828.8,10830.6,13:35:00,10805.807212760144,3,53
2018-12-13,10835.4,10838.6,10828.8,10837.3,13:40:00,10808.625573449652,3,54
2018-12-13,10831.1,10836.2,10830.65,10836.15,13:45:00,10810.765995025877,3,55
2018-12-13,10828.45,10832.6,10824.35,10831.4,13:50:00,10812.450185975791,3,56
2018-12-13,10818.4,10828.7,10817.35,10828.15,13:55:00,10813.016834930477,3,57
2018-12-13,10818.2,10820.45,10813.35,10818.9,14:00:00,10813.510469699002,3,58
2018-12-13,10808.05,10818.5,10805.55,10818.0,14:05:00,10812.990424965765,3,59
2018-12-13,10782.2,10808.25,10778.8,10807.95,14:10:00,10810.058003540456,3,60
2018-12-13,10775.2,10791.1,10766.8,10782.1,14:15:00,10806.73819367946,3,61
2018-12-13,10781.05,10789.4,10775.75,10775.8,14:20:00,10804.29169904332,3,62
2018-12-13,10770.05,10781.3,10759.7,10780.7,14:25:00,10801.03058484872,3,63
2018-12-13,10788.1,10789.9,10764.85,10770.2,14:30:00,10799.799100577413,3,64
2018-12-13,10782.55,10788.75,10776.3,10788.75,14:35:00,10798.15632909385,3,65
2018-12-13,10771.15,10788.9,10770.45,10782.7,14:40:00,10795.58429775158,3,66
2018-12-13,10759.5,10772.95,10749.5,10771.1,14:45:00,10792.147697965716,3,67
2018-12-13,10770.15,10770.55,10757.75,10760.5,14:50:00,10790.052679111835,3,68
2018-12-13,10759.7,10773.55,10758.9,10770.75,14:55:00,10787.161947767852,3,69
2018-12-13,10781.1,10782.35,10757.3,10759.4,15:00:00,10786.584619409008,3,70
2018-12-13,10791.7,10792.8,10779.3,10781.9,15:05:00,10787.071798512912,3,71
2018-12-13,10795.25,10795.9,10787.35,10792.55,15:10:00,10787.850674845016,3,72
2018-12-13,10800.5,10804.4,10792.8,10795.85,15:15:00,10789.055372478824,3,73
2018-12-13,10797.4,10802.85,10793.15,10801.45,15:20:00,10789.850098909414,3,74
2018-12-13,10788.2,10796.8,10785.2,10796.8,15:25:00,10789.692946632327,3,75
2018-12-14,10770.6,10779.25,10752.1,10779.25,09:15:00,10787.874570762582,4,1
2018-12-14,10785.05,10785.35,10770.9,10770.9,09:20:00,10787.605564023288,4,2
2018-12-14,10771.7,10786.5,10764.5,10786.2,09:25:00,10786.090748402024,4,3
2018-12-14,10784.65,10785.0,10765.55,10771.8,09:30:00,10785.953534268498,4,4
2018-12-14,10794.85,10802.85,10782.4,10785.0,09:35:00,10786.800816719118,4,5
2018-12-14,10795.1,10799.95,10790.0,10794.9,09:40:00,10787.591215126822,4,6
2018-12-14,10811.1,10813.05,10793.9,10794.65,09:45:00,10789.830147019506,4,7
2018-12-14,10808.55,10815.75,10802.0,10810.6,09:50:00,10791.612990160504,4,8
2018-12-14,10810.25,10810.95,10804.25,10807.55,09:55:00,10793.387943478552,4,9
2018-12-14,10806.7,10814.15,10805.05,10811.3,10:00:00,10794.655758385356,4,10
2018-12-14,10797.3,10806.1,10795.45,10805.8,10:05:00,10794.907590920084,4,11
2018-12-14,10810.6,10811.65,10797.25,10797.95,10:10:00,10796.402106070553,4,12
2018-12-14,10810.95,10814.5,10803.6,10810.7,10:15:00,10797.78761977812,4,13
2018-12-14,10801.05,10810.5,10799.6,10810.5,10:20:00,10798.098322656391,4,14
2018-12-14,10800.7,10802.9,10793.6,10800.5,10:25:00,10798.346101451025,4,15
2018-12-14,10784.75,10802.15,10781.4,10800.75,10:30:00,10797.051234646164,4,16
2018-12-14,10800.55,10803.8,10784.55,10785.15,10:35:00,10797.38445039415,4,17
2018-12-14,10796.95,10801.3,10792.2,10799.85,10:40:00,10797.343074166134,4,18
2018-12-14,10795.35,10799.7,10788.7,10796.85,10:45:00,10797.153257578882,4,19
2018-12-14,10793.75,10799.75,10789.5,10795.3,10:50:00,10796.829137809464,4,20
2018-12-14,10793.75,10797.85,10791.15,10793.4,10:55:00,10796.535886589516,4,21
2018-12-14,10792.8,10795.15,10786.2,10793.9,11:00:00,10796.180087866704,4,22
2018-12-14,10788.15,10794.1,10786.6,10792.75,11:05:00,10795.415317593684,4,23
2018-12-14,10775.65,10790.8,10772.3,10787.55,11:10:00,10793.532906394286,4,24
2018-12-14,10774.85,10780.15,10774.85,10775.5,11:15:00,10791.75358197578,4,25
2018-12-14,10774.6,10776.1,10767.0,10774.7,11:20:00,10790.119907501898,4,26
2018-12-14,10772.1,10776.8,10768.75,10774.3,11:25:00,10788.403725835047,4,27
2018-12-14,10773.75,10774.25,10770.1,10772.0,11:30:00,10787.008132898376,4,28
2018-12-14,10774.55,10776.35,10767.55,10773.8,11:35:00,10785.821644050911,4,29
2018-12-14,10781.25,10784.6,10774.1,10774.1,11:40:00,10785.386249379397,4,30
2018-12-14,10787.05,10790.65,10781.25,10781.5,11:45:00,10785.544701819454,4,31
2018-12-14,10793.9,10795.75,10786.4,10786.9,11:50:00,10786.340444503316,4,32
2018-12-14,10794.9,10799.65,10794.0,10794.05,11:55:00,10787.155640264906,4,33
2018-12-14,10787.25,10796.4,10786.1,10795.4,12:00:00,10787.164626906344,4,34
2018-12-14,10789.7,10790.3,10783.95,10787.5,12:05:00,10787.406091010502,4,35
2018-12-14,10789.75,10790.25,10784.95,10789.6,12:10:00,10787.629320438073,4,36
2018-12-14,10787.45,10792.45,10783.85,10789.55,12:15:00,10787.612242301111,4,37
2018-12-14,10792.75,10793.0,10782.95,10787.2,12:20:00,10788.10155255815,4,38
2018-12-14,10790.1,10798.0,10789.0,10793.1,12:25:00,10788.291880885943,4,39
2018-12-14,10788.05,10791.3,10785.45,10790.3,12:30:00,10788.268844611091,4,40
2018-12-14,10800.6,10806.5,10788.05,10788.25,12:35:00,10789.443240362416,4,41
2018-12-14,10798.8,10804.45,10798.25,10800.25,12:40:00,10790.3343603279,4,42
2018-12-14,10804.75,10810.2,10798.65,10799.05,12:45:00,10791.70727839191,4,43
2018-12-14,10794.8,10804.8,10794.55,10804.7,12:50:00,10792.001823306968,4,44
2018-12-14,10795.8,10796.45,10790.95,10795.05,12:55:00,10792.36355442059,4,45
2018-12-14,10801.45,10801.45,10793.45,10795.85,13:00:00,10793.228930190058,4,46
2018-12-14,10800.5,10802.95,10796.8,10801.1,13:05:00,10793.9214130291,4,47
2018-12-14,10799.85,10801.35,10796.7,10800.75,13:10:00,10794.48604035966,4,48
2018-12-14,10797.65,10802.55,10796.2,10800.0,13:15:00,10794.78736984922,4,49
2018-12-14,10798.6,10799.0,10793.5,10797.75,13:20:00,10795.150477482628,4,50
2018-12-14,10800.2,10805.1,10798.4,10798.8,13:25:00,10795.631384389046,4,51
2018-12-14,10803.9,10809.55,10797.05,10800.45,13:30:00,10796.41887159009,4,52
2018-12-14,10786.4,10804.1,10785.3,10804.1,13:35:00,10795.464693343414,4,53
2018-12-14,10793.7,10796.4,10787.1,10787.1,13:40:00,10795.296627310709,4,54
2018-12-14,10790.25,10794.0,10784.35,10793.75,13:45:00,10794.81599613826,4,55
2018-12-14,10783.0,10791.3,10781.15,10791.3,13:50:00,10793.690663172712,4,56
2018-12-14,10794.85,10794.95,10779.8,10783.45,13:55:00,10793.801076203885,4,57
2018-12-14,10795.95,10799.7,10792.25,10795.6,14:00:00,10794.005735613038,4,58
2018-12-14,10783.4,10796.85,10782.95,10796.85,14:05:00,10792.995665554654,4,59
2018-12-14,10785.5,10787.3,10775.95,10784.9,14:10:00,10792.281792644688,4,60
2018-12-14,10778.3,10787.05,10777.7,10787.05,14:15:00,10790.950193345194,4,61
2018-12-14,10775.25,10779.65,10772.55,10779.65,14:20:00,10789.454936836128,4,62
2018-12-14,10784.4,10784.65,10776.55,10776.95,14:25:00,10788.973514280307,4,63
2018-12-14,10790.5,10795.3,10784.9,10784.9,14:30:00,10789.11889387266,4,64
2018-12-14,10790.55,10792.55,10785.35,10790.75,14:35:00,10789.25518969431,4,65
2018-12-14,10795.4,10795.5,10785.8,10791.15,14:40:00,10789.840409723423,4,66
2018-12-14,10793.15,10801.25,10793.15,10795.75,14:45:00,10790.155608797382,4,67
2018-12-14,10796.45,10798.55,10790.85,10794.0,14:50:00,10790.755074626204,4,68
2018-12-14,10786.0,10797.35,10785.55,10797.35,14:55:00,10790.30221037609,4,69
2018-12-14,10796.8,10799.25,10787.35,10787.35,15:00:00,10790.921047483129,4,70
2018-12-14,10806.75,10809.0,10795.15,10796.85,15:05:00,10792.42856677045,4,71
2018-12-14,10812.2,10812.35,10806.85,10806.85,15:10:00,10794.31156041136,4,72
2018-12-14,10806.0,10815.05,10803.6,10813.25,15:15:00,10795.424745134089,4,73
2018-12-14,10805.35,10808.2,10802.55,10805.55,15:20:00,10796.37000750227,4,74
2018-12-14,10802.35,10806.4,10800.05,10805.5,15:25:00,10796.93953059729,4,75
2018-12-17,10871.75,10872.65,10844.85,10849.65,09:15:00,10804.064337207072,0,1
2018-12-17,10860.1,10876.55,10859.0,10872.8,09:20:00,10809.401066996874,0,2
2018-12-17,10855.45,10867.4,10855.15,10861.7,09:25:00,10813.78667966384,0,3
2018-12-17,10850.3,10858.25,10848.95,10855.0,09:30:00,10817.264138743474,0,4
2018-12-17,10859.75,10860.0,10845.55,10850.15,09:35:00,10821.310411244096,0,5
2018-12-17,10858.0,10861.25,10852.05,10859.55,09:40:00,10824.804657792278,0,6
2018-12-17,10855.4,10860.1,10854.5,10858.4,09:45:00,10827.7184999073,0,7
2018-12-17,10855.25,10858.9,10853.25,10854.85,09:50:00,10830.340547535176,0,8
2018-12-17,10856.45,10859.15,10854.4,10854.7,09:55:00,10832.827162055635,0,9
2018-12-17,10850.35,10856.4,10847.5,10856.4,10:00:00,10834.496003764623,0,10
2018-12-17,10854.65,10860.05,10848.65,10850.85,10:05:00,10836.415431977515,0,11
2018-12-17,10860.4,10861.3,10854.3,10855.05,10:10:00,10838.699676551085,0,12
2018-12-17,10868.75,10870.7,10859.95,10859.95,10:15:00,10841.561612117648,0,13
2018-12-17,10866.15,10869.25,10864.65,10869.1,10:20:00,10843.90336334454,0,14
2018-12-17,10863.65,10866.75,10862.75,10866.3,10:25:00,10845.783995406964,0,15
2018-12-17,10871.85,10875.45,10863.65,10864.0,10:30:00,10848.266472034871,0,16
2018-12-17,10874.55,10874.6,10869.7,10872.25,10:35:00,10850.769665174406,0,17
2018-12-17,10874.15,10878.25,10870.4,10874.85,10:40:00,10852.996363729224,0,18
2018-12-17,10870.8,10874.75,10870.05,10873.55,10:45:00,10854.691948135966,0,19
2018-12-17,10873.6,10874.35,10869.1,10870.0,10:50:00,10856.49271498016,0,20
2018-12-17,10867.65,10876.05,10867.65,10873.75,10:55:00,10857.55531355348,0,21
2018-12-17,10872.8,10873.1,10866.65,10867.7,11:00:00,10859.007188453148,0,22
2018-12-17,10870.6,10873.95,10870.2,10872.6,11:05:00,10860.111265743324,0,23
2018-12-17,10870.5,10872.15,10867.2,10870.45,11:10:00,10861.100669005864,0,24
2018-12-17,10870.25,10872.7,10868.3,10871.2,11:15:00,10861.972033862448,0,25
2018-12-17,10867.65,10872.85,10866.15,10870.4,11:20:00,10862.512792542217,0,26
2018-12-17,10863.05,10867.55,10862.15,10867.15,11:25:00,10862.563955157242,0,27
2018-12-17,10861.85,10864.25,10859.5,10862.85,11:30:00,10862.49595942798,0,28
2018-12-17,10865.15,10868.15,10861.4,10861.9,11:35:00,10862.748725196743,0,29
2018-12-17,10869.15,10869.35,10864.05,10865.45,11:40:00,10863.358370416105,0,30
2018-12-17,10870.75,10872.15,10867.2,10868.9,11:45:00,10864.06233513838,0,31
2018-12-17,10865.95,10870.5,10864.4,10870.35,11:50:00,10864.242112744249,0,32
2018-12-17,10866.05,10867.25,10864.5,10866.0,11:55:00,10864.414292482892,0,33
2018-12-17,10862.0,10866.7,10861.8,10865.65,12:00:00,10864.184359865474,0,34
2018-12-17,10864.2,10865.45,10862.35,10862.35,12:05:00,10864.185849402096,0,35
2018-12-17,10867.75,10868.2,10862.65,10864.15,12:10:00,10864.525292316182,0,36
2018-12-17,10862.85,10870.0,10858.95,10867.95,12:15:00,10864.36574066702,0,37
2018-12-17,10857.85,10863.6,10857.85,10863.35,12:20:00,10863.74519393683,0,38
2018-12-17,10857.85,10861.9,10857.55,10857.55,12:25:00,10863.183746895227,0,39
2018-12-17,10860.75,10861.3,10856.4,10858.4,12:30:00,10862.951961476634,0,40
2018-12-17,10862.1,10863.75,10860.25,10860.65,12:35:00,10862.870822288383,0,41
2018-12-17,10862.5,10864.15,10860.05,10862.5,12:40:00,10862.835505879966,0,42
2018-12-17,10861.45,10865.75,10861.45,10862.8,12:45:00,10862.703552939016,0,43
2018-12-17,10861.8,10865.35,10860.7,10861.95,12:50:00,10862.617500278158,0,44
2018-12-17,10858.15,10863.1,10857.9,10862.05,12:55:00,10862.19202406119,0,45
2018-12-17,10863.85,10863.85,10858.0,10858.3,13:00:00,10862.349926531551,0,46
2018-12-17,10870.15,10870.7,10862.25,10864.0,13:05:00,10863.092790671406,0,47
2018-12-17,10864.65,10873.0,10864.05,10870.05,13:10:00,10863.241096321748,0,48
2018-12-17,10865.25,10866.3,10861.55,10864.55,13:15:00,10863.43242048158,0,49
2018-12-17,10867.1,10867.15,10862.85,10865.95,13:20:00,10863.781713769047,0,50
2018-12-17,10870.15,10871.3,10866.6,10867.2,13:25:00,10864.388217219615,0,51
2018-12-17,10866.75,10870.3,10863.0,10870.3,13:30:00,10864.613148912984,0,52
2018-12-17,10863.35,10866.25,10860.6,10865.9,13:35:00,10864.49284901651,0,53
2018-12-17,10852.4,10864.4,10852.4,10863.05,13:40:00,10863.341149110176,0,54
2018-12-17,10855.5,10855.6,10848.85,10852.9,13:45:00,10862.594373004446,0,55
2018-12-17,10859.75,10864.2,10854.95,10855.35,13:50:00,10862.323480337356,0,56
2018-12-17,10864.05,10866.9,10859.65,10859.9,13:55:00,10862.487910781418,0,57
2018-12-17,10862.5,10866.6,10860.8,10863.95,14:00:00,10862.489062135568,0,58
2018-12-17,10863.2,10864.05,10861.45,10862.35,14:05:00,10862.55677050361,0,59
2018-12-17,10860.7,10863.75,10860.15,10863.15,14:10:00,10862.379935217552,0,60
2018-12-17,10870.65,10870.95,10862.05,10862.7,14:15:00,10863.167560434928,0,61
2018-12-17,10879.75,10883.25,10871.3,10872.15,14:20:00,10864.746840393504,0,62
2018-12-17,10882.1,10886.9,10879.7,10881.55,14:25:00,10866.39952226079,0,63
2018-12-17,10886.35,10890.6,10877.6,10883.65,14:30:00,10868.29956775976,0,64
2018-12-17,10887.6,10890.2,10885.35,10888.05,14:35:00,10870.137704163591,0,65
2018-12-17,10888.85,10892.35,10883.8,10888.25,14:40:00,10871.919827576585,0,66
2018-12-17,10892.0,10894.05,10887.0,10890.3,14:45:00,10873.832224950243,0,67
2018-12-17,10891.8,10894.95,10889.8,10891.7,14:50:00,10875.543441621649,0,68
2018-12-17,10893.25,10897.7,10889.4,10892.45,14:55:00,10877.229780514826,0,69
2018-12-17,10894.75,10900.35,10893.65,10894.05,15:00:00,10878.898372846748,0,70
2018-12-17,10887.2,10896.15,10886.8,10895.65,15:05:00,10879.689004004202,0,71
2018-12-17,10887.5,10888.35,10879.25,10887.95,15:10:00,10880.432908384751,0,72
2018-12-17,10880.9,10887.55,10878.05,10887.25,15:15:00,10880.47739330049,0,73
2018-12-17,10888.8,10890.85,10880.15,10880.6,15:20:00,10881.270022509969,0,74
2018-12-17,10885.2,10890.05,10882.75,10890.05,15:25:00,10881.644306080443,0,75
2018-12-18,10840.55,10852.2,10826.2,10847.0,09:15:00,10877.730562644212,1,1
2018-12-18,10846.25,10847.55,10828.5,10840.4,09:20:00,10874.732413820955,1,2
2018-12-18,10841.45,10846.0,10835.3,10846.0,09:25:00,10871.562660123722,1,3
2018-12-18,10845.1,10845.35,10835.4,10841.55,09:30:00,10869.042406778606,1,4
2018-12-18,10836.75,10845.0,10836.5,10845.0,09:35:00,10865.966939466358,1,5
2018-12-18,10842.8,10844.55,10834.45,10836.3,09:40:00,10863.760564279086,1,6
2018-12-18,10845.1,10845.7,10840.05,10842.2,09:45:00,10861.983367681078,1,7
2018-12-18,10845.65,10848.5,10842.95,10845.25,09:50:00,10860.427808854309,1,8
2018-12-18,10840.1,10847.9,10840.1,10846.0,09:55:00,10858.49182705866,1,9
2018-12-18,10837.15,10841.8,10833.5,10839.9,10:00:00,10856.459272100692,1,10
2018-12-18,10837.45,10841.25,10836.35,10837.3,10:05:00,10854.64886523396,1,11
2018-12-18,10833.95,10838.35,10833.75,10837.2,10:10:00,10852.677544735488,1,12
2018-12-18,10824.0,10834.05,10823.35,10834.05,10:15:00,10849.946349998776,1,13
2018-12-18,10822.55,10828.55,10819.1,10823.55,10:20:00,10847.337173808415,1,14
2018-12-18,10825.25,10827.05,10821.2,10822.45,10:25:00,10845.23363344571,1,15
2018-12-18,10827.75,10829.0,10822.55,10825.75,10:30:00,10843.5685254985,1,16
2018-12-18,10828.75,10829.35,10825.55,10827.8,10:35:00,10842.157237355786,1,17
2018-12-18,10829.0,10830.85,10826.2,10828.9,10:40:00,10840.904167131426,1,18
2018-12-18,10832.6,10834.0,10827.15,10828.95,10:45:00,10840.11329407129,1,19
2018-12-18,10831.55,10833.0,10830.35,10832.4,10:50:00,10839.297742254976,1,20
2018-12-18,10830.55,10832.0,10827.45,10831.7,10:55:00,10838.46462394498,1,21
2018-12-18,10832.65,10833.4,10829.7,10830.25,11:00:00,10837.910850235932,1,22
2018-12-18,10829.35,10835.6,10829.0,10832.55,11:05:00,10837.095531165844,1,23
2018-12-18,10828.55,10830.75,10824.9,10829.2,11:10:00,10836.28167105481,1,24
2018-12-18,10829.3,10829.45,10825.35,10828.4,11:15:00,10835.616750001973,1,25
2018-12-18,10828.5,10832.2,10827.8,10828.95,11:20:00,10834.938964287498,1,26
2018-12-18,10826.45,10829.45,10825.8,10828.05,11:25:00,10834.130491498212,1,27
2018-12-18,10831.4,10832.4,10825.7,10826.55,11:30:00,10833.87044468886,1,28
2018-12-18,10831.75,10832.6,10828.45,10831.5,11:35:00,10833.668497575634,1,29
2018-12-18,10829.45,10832.95,10827.3,10831.85,11:40:00,10833.266735901763,1,30
2018-12-18,10831.3,10832.7,10826.8,10829.25,11:45:00,10833.079427720644,1,31
2018-12-18,10831.2,10832.95,10827.6,10830.9,11:50:00,10832.900434604391,1,32
2018-12-18,10841.3,10842.8,10830.15,10830.65,11:55:00,10833.700393213498,1,33
2018-12-18,10842.5,10846.25,10840.4,10841.5,12:00:00,10834.538451002689,1,34
2018-12-18,10839.2,10843.55,10837.95,10842.45,12:05:00,10834.982408050051,1,35
2018-12-18,10838.6,10840.5,10835.8,10839.35,12:10:00,10835.326940616713,1,36
2018-12-18,10837.65,10838.6,10833.75,10838.45,12:15:00,10835.548184367502,1,37
2018-12-18,10844.55,10844.75,10837.35,10837.85,12:20:00,10836.405500142027,1,38
2018-12-18,10845.65,10850.5,10844.4,10844.5,12:25:00,10837.285928699928,1,39
2018-12-18,10846.95,10847.55,10843.7,10845.35,12:30:00,10838.206316442793,1,40
2018-12-18,10855.8,10857.85,10843.2,10846.9,12:35:00,10839.881905353,1,41
2018-12-18,10850.5,10858.8,10850.1,10855.35,12:40:00,10840.89315246224,1,42
2018-12-18,10854.1,10854.45,10848.95,10850.65,12:45:00,10842.150947465836,1,43
2018-12-18,10853.95,10855.45,10852.25,10854.35,12:50:00,10843.274666754804,1,44
2018-12-18,10849.5,10854.0,10845.6,10854.0,12:55:00,10843.8675556353,1,45
2018-12-18,10854.35,10855.5,10848.75,10849.25,13:00:00,10844.865883670032,1,46
2018-12-18,10863.9,10864.6,10854.2,10854.85,13:05:00,10846.678656653838,1,47
2018-12-18,10861.9,10866.65,10859.4,10864.7,13:10:00,10848.128308401092,1,48
2018-12-18,10867.25,10871.3,10859.55,10862.1,13:15:00,10849.949421886702,1,49
2018-12-18,10867.2,10869.0,10864.5,10867.3,13:20:00,10851.592334087967,1,50
2018-12-18,10872.5,10873.65,10866.7,10867.3,13:25:00,10853.583540365304,1,51
2018-12-18,10864.25,10872.75,10864.25,10872.75,13:30:00,10854.599393663848,1,52
2018-12-18,10862.75,10866.1,10860.45,10864.45,13:35:00,10855.375641886338,1,53
2018-12-18,10864.45,10865.8,10859.95,10862.85,13:40:00,10856.239866468592,1,54
2018-12-18,10856.45,10865.15,10856.45,10864.8,13:45:00,10856.259879185867,1,55
2018-12-18,10857.3,10857.8,10848.6,10856.8,13:50:00,10856.358938311025,1,56
2018-12-18,10855.2,10861.2,10853.1,10857.65,13:55:00,10856.248563233785,1,57
2018-12-18,10864.8,10865.15,10855.5,10856.6,14:00:00,10857.062985782948,1,58
2018-12-18,10873.25,10874.9,10864.8,10864.85,14:05:00,10858.604606184572,1,59
2018-12-18,10878.75,10879.25,10870.5,10874.95,14:10:00,10860.523215119374,1,60
2018-12-18,10875.2,10882.95,10875.05,10880.05,14:15:00,10861.921004155623,1,61
2018-12-18,10881.7,10882.65,10874.05,10876.45,14:20:00,10863.804718045569,1,62
2018-12-18,10890.55,10893.4,10882.55,10883.5,14:25:00,10866.351887755514,1,63
2018-12-18,10899.2,10899.7,10885.95,10891.5,14:30:00,10869.480279397849,1,64
2018-12-18,10901.55,10907.9,10897.0,10900.7,14:35:00,10872.534538502814,1,65
2018-12-18,10907.25,10912.0,10901.75,10901.75,14:40:00,10875.840772931117,1,66
2018-12-18,10909.75,10914.6,10907.1,10908.15,14:45:00,10879.070223128152,1,67
2018-12-18,10902.05,10915.4,10902.05,10911.0,14:50:00,10881.258773306425,1,68
2018-12-18,10902.25,10906.6,10897.8,10903.2,14:55:00,10883.257937753431,1,69
2018-12-18,10897.8,10906.65,10897.45,10902.9,15:00:00,10884.642896062627,1,70
2018-12-18,10905.9,10907.15,10898.35,10898.6,15:05:00,10886.667382151902,1,71
2018-12-18,10912.65,10914.35,10904.5,10906.85,15:10:00,10889.141917185054,1,72
2018-12-18,10909.35,10913.75,10906.75,10913.15,15:15:00,10891.066496500764,1,73
2018-12-18,10911.95,10912.8,10908.6,10909.55,15:20:00,10893.05540159593,1,74
2018-12-18,10913.85,10914.7,10910.3,10912.05,15:25:00,10895.035839539174,1,75
2018-12-19,10949.95,10955.6,10928.2,10928.95,09:15:00,10900.265759583062,2,1
2018-12-19,10949.5,10955.4,10944.05,10950.25,09:20:00,10904.954734860865,2,2
2018-12-19,10949.45,10952.65,10947.0,10948.9,09:25:00,10909.192379159833,2,3
2018-12-19,10942.15,10950.05,10942.05,10949.5,09:30:00,10912.331200192228,2,4
2018-12-19,10943.1,10945.4,10939.4,10941.65,09:35:00,10915.261562078684,2,5
2018-12-19,10945.8,10946.4,10941.3,10942.55,09:40:00,10918.169984737857,2,6
2018-12-19,10945.15,10947.35,10943.4,10946.15,09:45:00,10920.739510000918,2,7
2018-12-19,10952.25,10956.05,10944.55,10944.75,09:50:00,10923.74050904845,2,8
2018-12-19,10955.5,10957.0,10950.55,10952.2,09:55:00,10926.765222472408,2,9
2018-12-19,10960.3,10961.7,10955.55,10955.85,10:00:00,10929.95901080837,2,10
2018-12-19,10957.75,10961.3,10956.4,10959.85,10:05:00,10932.605771683764,2,11
2018-12-19,10957.65,10961.25,10953.6,10958.0,10:10:00,10934.99093628531,2,12
2018-12-19,10952.65,10957.7,10952.65,10957.6,10:15:00,10936.672751877186,2,13
2018-12-19,10950.4,10953.9,10949.2,10952.7,10:20:00,10937.980108841262,2,14
2018-12-19,10953.75,10954.35,10949.05,10950.7,10:25:00,10939.482003237334,2,15
2018-12-19,10962.0,10962.5,10953.2,10953.8,10:30:00,10941.626574357588,2,16
2018-12-19,10958.2,10962.6,10955.55,10961.65,10:35:00,10943.204995847342,2,17
2018-12-19,10952.85,10958.0,10951.75,10957.8,10:40:00,10944.123567671404,2,18
2018-12-19,10950.85,10954.4,10949.4,10953.2,10:45:00,10944.764180274127,2,19
2018-12-19,10943.45,10951.95,10942.8,10950.8,10:50:00,10944.63902024802,2,20
2018-12-19,10939.85,10946.8,10939.85,10943.9,10:55:00,10944.182923081542,2,21
2018-12-19,10946.25,10947.55,10937.75,10939.05,11:00:00,10944.379787549966,2,22
2018-12-19,10943.2,10948.9,10943.05,10946.1,11:05:00,10944.267426830922,2,23
2018-12-19,10935.6,10943.7,10934.8,10943.35,11:10:00,10943.44195760893,2,24
2018-12-19,10934.25,10935.6,10928.0,10935.15,11:15:00,10942.566533074743,2,25
2018-12-19,10939.65,10940.5,10930.85,10934.55,11:20:00,10942.288768020007,2,26
2018-12-19,10941.95,10942.7,10939.7,10939.75,11:25:00,10942.256504399054,2,27
2018-12-19,10940.9,10942.6,10937.5,10942.05,11:30:00,10942.127313503906,2,28
2018-12-19,10945.85,10946.65,10938.85,10941.15,11:35:00,10942.481855074964,2,29
2018-12-19,10949.15,10950.4,10945.6,10946.2,11:40:00,10943.116916496396,2,30
2018-12-19,10945.25,10950.3,10944.65,10949.1,11:45:00,10943.320067306262,2,31
2018-12-19,10947.2,10949.45,10945.5,10945.6,11:50:00,10943.689584705666,2,32
2018-12-19,10951.55,10955.05,10945.75,10946.5,11:55:00,10944.438195686078,2,33
2018-12-19,10957.7,10958.8,10950.45,10951.35,12:00:00,10945.701224668355,2,34
2018-12-19,10952.8,10957.7,10952.15,10957.65,12:05:00,10946.377298509466,2,35
2018-12-19,10949.7,10954.6,10947.15,10952.75,12:10:00,10946.69374627047,2,36
2018-12-19,10955.3,10955.35,10948.85,10949.25,12:15:00,10947.513389482809,2,37
2018-12-19,10954.45,10956.0,10949.5,10955.45,12:20:00,10948.174019055872,2,38
2018-12-19,10958.6,10960.5,10955.1,10955.7,12:25:00,10949.16696962198,2,39
2018-12-19,10956.55,10962.45,10955.6,10958.55,12:30:00,10949.870115372269,2,40
2018-12-19,10953.5,10958.0,10952.4,10956.6,12:35:00,10950.215818670144,2,41
2018-12-19,10959.25,10959.25,10952.85,10953.25,12:40:00,10951.076216892036,2,42
2018-12-19,10961.85,10963.0,10958.9,10959.35,12:45:00,10952.102291473748,2,43
2018-12-19,10962.4,10966.9,10961.65,10961.7,12:50:00,10953.083025619104,2,44
2018-12-19,10963.55,10963.7,10960.2,10962.45,12:55:00,10954.079880322046,2,45
2018-12-19,10963.4,10968.1,10962.65,10963.8,13:00:00,10954.967510767565,2,46
2018-12-19,10963.6,10965.35,10958.35,10963.45,13:05:00,10955.789652599226,2,47
2018-12-19,10969.45,10970.35,10962.0,10964.1,13:10:00,10957.090638065967,2,48
2018-12-19,10971.75,10973.05,10967.85,10969.65,13:15:00,10958.48676777397,2,49
2018-12-19,10966.2,10972.2,10965.35,10971.6,13:20:00,10959.221361319303,2,50
2018-12-19,10971.15,10973.7,10964.2,10966.25,13:25:00,10960.35742214604,2,51
2018-12-19,10973.55,10976.9,10970.3,10971.3,13:30:00,10961.61385813213,2,52
2018-12-19,10976.25,10976.65,10969.6,10973.95,13:35:00,10963.00777640526,2,53
2018-12-19,10977.7,10978.5,10974.65,10976.45,13:40:00,10964.407035795237,2,54
2018-12-19,10977.5,10979.6,10974.55,10977.6,13:45:00,10965.653984767116,2,55
2018-12-19,10981.2,10981.8,10975.0,10976.35,13:50:00,10967.13455764644,2,56
2018-12-19,10977.1,10983.1,10976.55,10982.95,13:55:00,10968.0836473944,2,57
2018-12-19,10971.55,10977.55,10963.9,10976.9,14:00:00,10968.41377621398,2,58
2018-12-19,10968.3,10972.85,10963.25,10970.65,14:05:00,10968.402940384078,2,59
2018-12-19,10972.5,10975.25,10967.35,10968.65,14:10:00,10968.793136537975,2,60
2018-12-19,10968.65,10974.8,10965.15,10973.5,14:15:00,10968.77950448674,2,61
2018-12-19,10969.5,10971.65,10961.65,10968.7,14:20:00,10968.848123107053,2,62
2018-12-19,10969.05,10974.1,10968.2,10970.85,14:25:00,10968.867349477809,2,63
2018-12-19,10972.35,10975.25,10968.65,10970.3,14:30:00,10969.19903047992,2,64
2018-12-19,10972.7,10974.55,10968.95,10973.7,14:35:00,10969.5324561485,2,65
2018-12-19,10982.2,10984.4,10973.2,10973.9,14:40:00,10970.73888889626,2,66
2018-12-19,10977.5,10985.15,10971.75,10984.7,14:45:00,10971.382804239474,2,67
2018-12-19,10977.6,10980.6,10974.8,10978.8,14:50:00,10971.97491812143,2,68
2018-12-19,10972.95,10979.15,10971.2,10979.15,14:55:00,10972.067783062246,2,69
2018-12-19,10972.05,10978.4,10971.0,10974.55,15:00:00,10972.06608943727,2,70
2018-12-19,10974.15,10977.65,10972.05,10973.4,15:05:00,10972.264557109913,2,71
2018-12-19,10966.35,10977.05,10964.5,10975.1,15:10:00,10971.701265956586,2,72
2018-12-19,10963.55,10967.7,10960.9,10966.95,15:15:00,10970.924954913102,2,73
2018-12-19,10960.25,10964.85,10960.25,10963.95,15:20:00,10969.908292540424,2,74
2018-12-19,10961.2,10963.7,10958.85,10960.55,15:25:00,10969.0789313461,2,75
2018-12-20,10916.85,10920.0,10880.05,10881.35,09:15:00,10964.104747408375,3,1
2018-12-20,10913.45,10916.8,10905.3,10916.4,09:20:00,10959.280485750436,3,2
2018-12-20,10918.7,10922.35,10911.7,10913.2,09:25:00,10955.415677583727,3,3
2018-12-20,10910.1,10921.85,10908.8,10918.5,09:30:00,10951.099898766228,3,4
2018-12-20,10910.5,10916.75,10905.65,10909.25,09:35:00,10947.233241740872,3,5
2018-12-20,10914.15,10916.0,10904.1,10911.25,09:40:00,10944.082456813172,3,6
2018-12-20,10924.0,10925.0,10912.6,10914.0,09:45:00,10942.169841878584,3,7
2018-12-20,10931.85,10935.1,10923.8,10923.9,09:50:00,10941.186999794909,3,8
2018-12-20,10924.05,10931.95,10921.15,10931.95,09:55:00,10939.554904576346,3,9
2018-12-20,10927.95,10929.05,10923.75,10925.05,10:00:00,10938.449675569074,3,10
2018-12-20,10933.8,10935.7,10928.0,10928.0,10:05:00,10938.0068493244,3,11
2018-12-20,10921.55,10934.75,10920.25,10934.0,10:10:00,10936.439530341124,3,12
2018-12-20,10923.05,10923.65,10916.75,10921.95,10:15:00,10935.164336975302,3,13
2018-12-20,10913.3,10923.7,10910.25,10923.25,10:20:00,10933.08201916813,3,14
2018-12-20,10899.8,10913.45,10898.65,10913.45,10:25:00,10929.91230305688,3,15
2018-12-20,10887.4,10900.15,10881.45,10899.75,10:30:00,10925.86351228956,3,16
2018-12-20,10887.95,10896.0,10886.65,10887.65,10:35:00,10922.252701595316,3,17
2018-12-20,10893.75,10897.75,10886.7,10887.65,10:40:00,10919.53815858624,3,18
2018-12-20,10897.05,10898.0,10888.7,10893.65,10:45:00,10917.396429197071,3,19
2018-12-20,10901.15,10902.65,10895.05,10896.8,10:50:00,10915.849150225924,3,20
2018-12-20,10900.0,10902.65,10897.55,10901.4,10:55:00,10914.339707347264,3,21
2018-12-20,10889.35,10899.95,10889.35,10899.9,11:00:00,10911.959735218954,3,22
2018-12-20,10891.4,10893.75,10885.3,10889.85,11:05:00,10910.0016651981,3,23
2018-12-20,10902.45,10902.55,10891.0,10891.0,11:10:00,10909.28245898876,3,24
2018-12-20,10905.3,10905.95,10900.25,10902.2,11:15:00,10908.903177180306,3,25
2018-12-20,10907.9,10907.95,10902.45,10905.75,11:20:00,10908.807636496467,3,26
2018-12-20,10908.7,10914.05,10907.9,10908.0,11:25:00,10908.797385401564,3,27
2018-12-20,10912.3,10913.35,10908.5,10908.65,11:30:00,10909.130967744271,3,28
2018-12-20,10914.6,10914.6,10909.45,10912.2,11:35:00,10909.651827959106,3,29
2018-12-20,10903.35,10916.8,10901.75,10915.15,11:40:00,10909.051653867762,3,30
2018-12-20,10904.1,10907.25,10903.2,10903.9,11:45:00,10908.580067785118,3,31
2018-12-20,10903.4,10908.6,10902.4,10903.85,11:50:00,10908.086727996058,3,32
2018-12-20,10904.0,10906.6,10902.25,10903.85,11:55:00,10907.697515805958,3,33
2018-12-20,10901.05,10906.75,10899.6,10904.3,12:00:00,10907.064419062532,3,34
2018-12-20,10903.7,10905.6,10900.8,10900.8,12:05:00,10906.743998199434,3,35
2018-12-20,10911.1,10911.65,10903.55,10903.65,12:10:00,10907.158855513771,3,36
2018-12-20,10913.2,10913.5,10907.95,10910.7,12:15:00,10907.7342026077,3,37
2018-12-20,10916.95,10919.85,10911.1,10913.0,12:20:00,10908.611897597444,3,38
2018-12-20,10919.1,10920.45,10915.5,10916.75,12:25:00,10909.610764492923,3,39
2018-12-20,10918.2,10923.05,10917.8,10918.8,12:30:00,10910.428786922172,3,40
2018-12-20,10915.45,10920.05,10914.9,10917.95,12:35:00,10910.906997691489,3,41
2018-12-20,10918.45,10919.6,10914.25,10915.4,12:40:00,10911.625378863726,3,42
2018-12-20,10931.55,10934.05,10915.55,10917.8,12:45:00,10913.522961829083,3,43
2018-12-20,10933.95,10935.1,10930.35,10932.25,12:50:00,10915.46839403584,3,44
2018-12-20,10941.3,10942.2,10932.1,10933.85,12:55:00,10917.928546984807,3,45
2018-12-20,10939.15,10947.8,10938.0,10941.2,13:00:00,10919.94963774816,3,46
2018-12-20,10939.45,10943.1,10937.4,10939.75,13:05:00,10921.806815105478,3,47
2018-12-20,10936.4,10939.5,10932.25,10939.3,13:10:00,10923.19664223829,3,48
2018-12-20,10932.7,10938.3,10931.75,10936.45,13:15:00,10924.101723929882,3,49
2018-12-20,10923.9,10934.8,10922.2,10933.15,13:20:00,10924.082512127035,3,50
2018-12-20,10925.95,10932.25,10922.4,10923.35,13:25:00,10924.260368114938,3,51
2018-12-20,10922.5,10926.2,10919.4,10926.2,13:30:00,10924.092714008751,3,52
2018-12-20,10929.05,10930.0,10921.85,10922.45,13:35:00,10924.56483648411,3,53
2018-12-20,10924.75,10931.0,10924.2,10929.45,13:40:00,10924.582471104672,3,54
2018-12-20,10919.35,10926.0,10915.3,10924.65,13:45:00,10924.084140523277,3,55
2018-12-20,10923.0,10923.25,10916.5,10919.05,13:50:00,10923.980889044868,3,56
2018-12-20,10911.3,10925.8,10909.6,10922.1,13:55:00,10922.773185326309,3,57
2018-12-20,10921.7,10921.7,10911.15,10911.15,14:00:00,10922.670977199992,3,58
2018-12-20,10918.1,10923.9,10915.5,10923.8,14:05:00,10922.235646038089,3,59
2018-12-20,10932.4,10934.6,10918.55,10919.1,14:10:00,10923.203679748744,3,60
2018-12-20,10940.4,10940.5,10932.15,10933.75,14:15:00,10924.841424534578,3,61
2018-12-20,10939.0,10942.4,10934.65,10941.15,14:20:00,10926.18986029319,3,62
2018-12-20,10937.7,10942.55,10928.4,10939.65,14:25:00,10927.286064074791,3,63
2018-12-20,10933.4,10941.9,10932.35,10938.15,14:30:00,10927.868343686718,3,64
2018-12-20,10932.5,10937.0,10931.95,10934.05,14:35:00,10928.309453811791,3,65
2018-12-20,10927.05,10933.1,10925.5,10933.1,14:40:00,10928.189505829716,3,66
2018-12-20,10928.85,10930.0,10921.35,10927.8,14:45:00,10928.25241003641,3,67
2018-12-20,10933.2,10935.75,10929.7,10930.0,14:50:00,10928.723609080562,3,68
2018-12-20,10927.45,10934.35,10927.2,10934.25,14:55:00,10928.602312977651,3,69
2018-12-20,10934.9,10939.2,10927.85,10927.85,15:00:00,10929.202092694064,3,70
2018-12-20,10950.35,10950.35,10934.9,10935.25,15:05:00,10931.216179104153,3,71
2018-12-20,10959.2,10959.75,10949.0,10951.6,15:10:00,10933.881304903758,3,72
2018-12-20,10953.15,10961.65,10952.25,10960.15,15:15:00,10935.716418722448,3,73
2018-12-20,10958.2,10958.5,10952.45,10953.5,15:20:00,10937.857712177452,3,74
2018-12-20,10960.5,10962.55,10957.5,10958.25,15:25:00,10940.014120541506,3,75
2018-12-21,10940.7,10940.7,10923.95,10937.65,09:15:00,10940.079442394695,4,1
2018-12-21,10947.9,10953.05,10937.1,10940.5,09:20:00,10940.824257404724,4,2
2018-12-21,10955.95,10956.95,10941.0,10947.95,09:25:00,10942.264804318558,4,3
2018-12-21,10949.3,10963.65,10949.3,10956.15,09:30:00,10942.934822954883,4,4
2018-12-21,10943.55,10949.8,10940.95,10949.8,09:35:00,10942.993411244895,4,5
2018-12-21,10940.2,10951.8,10938.3,10943.5,09:40:00,10942.727372078714,4,6
2018-12-21,10942.7,10946.95,10934.95,10940.9,09:45:00,10942.724765214074,4,7
2018-12-21,10927.6,10942.6,10927.6,10942.6,09:50:00,10941.284311384165,4,8
2018-12-21,10921.8,10929.9,10919.95,10927.1,09:55:00,10939.428662680908,4,9
2018-12-21,10908.0,10921.95,10908.0,10921.75,10:00:00,10936.4354567113,4,10
2018-12-21,10897.65,10907.8,10895.55,10907.0,10:05:00,10932.741603691176,4,11
2018-12-21,10898.4,10900.5,10888.65,10897.0,10:10:00,10929.470974768206,4,12
2018-12-21,10860.95,10898.2,10858.9,10898.2,10:15:00,10922.945167647424,4,13
2018-12-21,10836.4,10861.35,10830.9,10861.35,10:20:00,10914.702770728623,4,14
2018-12-21,10853.75,10864.8,10831.55,10834.9,10:25:00,10908.897744944945,4,15
2018-12-21,10837.05,10853.0,10821.05,10852.6,10:30:00,10902.055102569237,4,16
2018-12-21,10823.0,10836.6,10820.6,10836.6,10:35:00,10894.52604518169,4,17
2018-12-21,10840.7,10840.95,10822.95,10823.3,10:40:00,10889.399755164388,4,18
2018-12-21,10838.75,10846.75,10837.55,10840.35,10:45:00,10884.575968958256,4,19
2018-12-21,10840.55,10848.7,10837.8,10838.45,10:50:00,10880.38301953366,4,20
2018-12-21,10824.95,10842.75,10824.55,10840.4,10:55:00,10875.103684339978,4,21
2018-12-21,10826.8,10827.65,10814.5,10825.25,11:00:00,10870.503333450455,4,22
2018-12-21,10827.15,10831.05,10821.8,10827.55,11:05:00,10866.374444550413,4,23
2018-12-21,10831.35,10834.45,10826.95,10827.2,11:10:00,10863.03878316466,4,24
2018-12-21,10825.6,10831.0,10820.6,10831.0,11:15:00,10859.473184768023,4,25
2018-12-21,10837.65,10838.1,10825.6,10825.75,11:20:00,10857.394786218689,4,26
2018-12-21,10837.55,10840.35,10835.45,10838.1,11:25:00,10855.504806578814,4,27
2018-12-21,10837.95,10839.85,10830.3,10837.45,11:30:00,10853.832920237975,4,28
2018-12-21,10835.45,10838.6,10833.55,10837.75,11:35:00,10852.082165929598,4,29
2018-12-21,10823.7,10837.3,10822.35,10835.15,11:40:00,10849.379102507732,4,30
2018-12-21,10817.9,10823.95,10816.0,10823.15,11:45:00,10846.38109274509,4,31
2018-12-21,10822.25,10824.25,10815.45,10818.0,11:50:00,10844.082893436032,4,32
2018-12-21,10824.8,10824.8,10815.6,10821.85,11:55:00,10842.246427394504,4,33
2018-12-21,10821.3,10826.55,10818.1,10824.9,12:00:00,10840.25152954741,4,34
2018-12-21,10817.9,10823.4,10817.0,10821.25,12:05:00,10838.122812447657,4,35
2018-12-21,10814.65,10817.75,10808.4,10817.7,12:10:00,10835.88730650026,4,36
2018-12-21,10821.55,10821.55,10813.0,10814.8,12:15:00,10834.521848738332,4,37
2018-12-21,10822.4,10822.95,10818.4,10821.35,12:20:00,10833.367386953729,4,38
2018-12-21,10836.2,10841.4,10821.9,10822.35,12:25:00,10833.637159624805,4,39
2018-12-21,10841.9,10849.6,10835.7,10836.45,12:30:00,10834.424096803392,4,40
2018-12-21,10835.65,10843.15,10835.4,10842.2,12:35:00,10834.540849488783,4,41
2018-12-21,10837.4,10839.35,10832.6,10835.45,12:40:00,10834.813149537473,4,42
2018-12-21,10830.35,10837.7,10826.35,10837.7,12:45:00,10834.38808767676,4,43
2018-12-21,10832.8,10834.9,10826.8,10829.6,12:50:00,10834.236841231355,4,44
2018-12-21,10831.75,10837.05,10829.5,10832.45,12:55:00,10833.999999209322,4,45
2018-12-21,10828.6,10833.45,10825.05,10831.6,13:00:00,10833.48571357034,4,46
2018-12-21,10832.05,10832.05,10824.7,10828.2,13:05:00,10833.348978944592,4,47
2018-12-21,10826.75,10833.3,10824.9,10832.45,13:10:00,10832.720504759392,4,48
2018-12-21,10820.4,10830.05,10818.4,10827.45,13:15:00,10831.547123353736,4,49
2018-12-21,10823.15,10827.35,10818.6,10821.2,13:20:00,10830.747397320049,4,50
2018-12-21,10821.7,10827.1,10821.1,10825.55,13:25:00,10829.885740432424,4,51
2018-12-21,10818.0,10825.75,10815.45,10822.95,13:30:00,10828.753765153144,4,52
2018-12-21,10820.65,10822.05,10811.2,10819.05,13:35:00,10827.981977995702,4,53
2018-12-21,10814.65,10822.9,10814.35,10822.9,13:40:00,10826.712265805636,4,54
2018-12-21,10817.8,10819.0,10809.0,10816.55,13:45:00,10825.863478586052,4,55
2018-12-21,10814.4,10823.55,10814.4,10820.15,13:50:00,10824.771718720713,4,56
2018-12-21,10791.7,10815.0,10790.1,10814.85,13:55:00,10821.622031223502,4,57
2018-12-21,10789.25,10793.75,10787.15,10793.3,14:00:00,10818.538980630789,4,58
2018-12-21,10785.2,10793.3,10781.95,10789.85,14:05:00,10815.36383961833,4,59
2018-12-21,10781.3,10789.35,10778.35,10786.5,14:10:00,10812.119664416585,4,60
2018-12-21,10784.5,10788.45,10779.2,10783.3,14:15:00,10809.489220186437,4,61
2018-12-21,10773.6,10786.75,10769.45,10786.5,14:20:00,10806.071199216298,4,62
2018-12-21,10769.95,10775.4,10767.55,10773.85,14:25:00,10802.631085005223,4,63
2018-12-21,10759.3,10771.85,10751.65,10771.85,14:30:00,10798.504315004724,4,64
2018-12-21,10765.6,10771.55,10756.05,10759.25,14:35:00,10795.37057071856,4,65
2018-12-21,10765.25,10774.1,10764.9,10767.35,14:40:00,10792.50194493584,4,66
2018-12-21,10770.3,10770.3,10763.05,10768.15,14:45:00,10790.387473989573,4,67
2018-12-21,10764.75,10776.05,10763.1,10771.85,14:50:00,10787.945809800089,4,68
2018-12-21,10779.85,10780.2,10766.0,10766.25,14:55:00,10787.174780295318,4,69
2018-12-21,10755.45,10780.55,10755.4,10779.55,15:00:00,10784.153372648145,4,70
2018-12-21,10750.55,10756.95,10748.45,10755.35,15:05:00,10780.95305144356,4,71
2018-12-21,10747.45,10752.6,10745.65,10750.65,15:10:00,10777.762284639412,4,72
2018-12-21,10753.45,10753.45,10738.65,10747.1,15:15:00,10775.446828959468,4,73
2018-12-21,10747.35,10753.85,10745.25,10753.55,15:20:00,10772.770940487137,4,74
2018-12-21,10754.85,10759.15,10746.4,10747.25,15:25:00,10771.064184250266,4,75
2018-12-24,10729.65,10778.8,10725.55,10775.0,09:15:00,10767.119976226431,0,1
2018-12-24,10748.1,10754.35,10729.85,10730.35,09:20:00,10765.308549919151,0,2
2018-12-24,10770.3,10774.25,10748.15,10748.15,09:25:00,10765.783926117329,0,3
2018-12-24,10747.55,10769.7,10746.6,10769.7,09:30:00,10764.047361725205,0,4
2018-12-24,10735.85,10746.95,10731.2,10746.95,09:35:00,10761.361898703755,0,5
2018-12-24,10747.75,10751.0,10737.0,10737.0,09:40:00,10760.065527398636,0,6
2018-12-24,10731.95,10748.6,10727.9,10748.45,09:45:00,10757.387858122576,0,7
2018-12-24,10722.7,10737.9,10720.6,10731.65,09:50:00,10754.084252587094,0,8
2018-12-24,10718.0,10726.65,10716.75,10722.8,09:55:00,10750.647657102609,0,9
2018-12-24,10716.8,10718.65,10708.65,10718.2,10:00:00,10747.424070711884,0,10
2018-12-24,10724.55,10724.65,10709.7,10716.2,10:05:00,10745.245587786943,0,11
2018-12-24,10725.4,10731.4,10724.2,10724.8,10:10:00,10743.355531807236,0,12
2018-12-24,10737.15,10739.05,10725.1,10725.1,10:15:00,10742.764528777976,0,13
2018-12-24,10739.55,10743.95,10737.45,10737.7,10:20:00,10742.458383180072,0,14
2018-12-24,10730.65,10740.0,10730.15,10738.95,10:25:00,10741.33377525816,0,15
2018-12-24,10723.1,10730.8,10714.55,10730.6,10:30:00,10739.597225233574,0,16
2018-12-24,10732.3,10733.55,10722.3,10723.8,10:35:00,10738.902251401803,0,17
2018-12-24,10720.85,10732.65,10720.0,10732.4,10:40:00,10737.182989363537,0,18
2018-12-24,10723.55,10727.05,10718.5,10720.8,10:45:00,10735.884609424153,0,19
2018-12-24,10730.85,10731.05,10719.5,10723.45,10:50:00,10735.405122812328,0,20
2018-12-24,10731.65,10735.6,10728.8,10730.45,10:55:00,10735.047492068295,0,21
2018-12-24,10737.3,10737.9,10727.3,10731.7,11:00:00,10735.26201663322,0,22
2018-12-24,10733.7,10738.9,10732.75,10737.55,11:05:00,10735.113253144342,0,23
2018-12-24,10731.85,10734.5,10726.85,10734.25,11:10:00,10734.802467130596,0,24
2018-12-24,10731.9,10736.3,10731.15,10731.65,11:15:00,10734.526041689587,0,25
2018-12-24,10726.9,10733.45,10726.1,10732.45,11:20:00,10733.799752004865,0,26
2018-12-24,10721.65,10728.4,10720.6,10727.05,11:25:00,10732.642632766308,0,27
2018-12-24,10723.1,10726.35,10717.4,10721.4,11:30:00,10731.733810598089,0,28
2018-12-24,10724.3,10724.85,10721.15,10723.0,11:35:00,10731.025828636364,0,29
2018-12-24,10718.4,10724.7,10717.55,10723.85,11:40:00,10729.823368766234,0,30
2018-12-24,10714.15,10720.5,10713.95,10717.95,11:45:00,10728.330666978973,0,31
2018-12-24,10715.5,10716.3,10710.8,10714.75,11:50:00,10727.10869869526,0,32
2018-12-24,10717.85,10721.85,10715.9,10716.9,11:55:00,10726.22691786714,0,33
2018-12-24,10721.05,10721.45,10714.1,10718.05,12:00:00,10725.73387807027,0,34
2019-01-01,10840.55,10885.3,10840.55,10879.95,09:15:00,10736.668746825482,1,1
2019-01-01,10835.85,10850.85,10832.9,10840.15,09:20:00,10746.114580461151,1,2
2019-01-01,10850.7,10850.7,10834.5,10835.7,09:25:00,10756.075096607708,1,3
2019-01-01,10837.65,10850.35,10835.25,10850.35,09:30:00,10763.844135026022,1,4
2019-01-01,10840.05,10842.35,10835.2,10837.6,09:35:00,10771.101836452115,1,5
2019-01-01,10843.8,10845.15,10837.35,10839.65,09:40:00,10778.025471075724,1,6
2019-01-01,10842.5,10847.7,10842.0,10843.95,09:45:00,10784.165902401845,1,7
2019-01-01,10835.2,10842.75,10835.2,10842.45,09:50:00,10789.026292649289,1,8
2019-01-01,10822.3,10835.35,10821.4,10835.25,09:55:00,10792.195217158878,1,9
2019-01-01,10823.2,10824.05,10813.65,10822.45,10:00:00,10795.148053619938,1,10
2019-01-01,10818.35,10823.3,10818.0,10823.15,10:05:00,10797.35776279899,1,11
2019-01-01,10826.4,10828.5,10818.2,10818.45,10:10:00,10800.123690151468,1,12
2019-01-01,10829.85,10830.25,10822.7,10826.55,10:15:00,10802.954767279898,1,13
2019-01-01,10825.55,10833.85,10825.05,10829.7,10:20:00,10805.106694205622,1,14
2019-01-01,10832.95,10833.2,10823.35,10825.35,10:25:00,10807.758437614611,1,15
2019-01-01,10833.95,10837.55,10833.15,10833.6,10:30:00,10810.252872127505,1,16
2019-01-01,10830.15,10836.55,10829.85,10835.15,10:35:00,10812.147836686789,1,17
2019-01-01,10830.85,10831.45,10825.5,10830.4,10:40:00,10813.92899509757,1,18
2019-01-01,10827.55,10832.25,10825.05,10831.0,10:45:00,10815.226233659709,1,19
2019-01-01,10831.8,10833.05,10825.05,10825.45,10:50:00,10816.80468759688,1,20
2019-01-01,10830.05,10833.85,10829.3,10832.05,10:55:00,10818.066145920986,1,21
2019-01-01,10840.2,10840.45,10829.7,10830.15,11:00:00,10820.174132023749,1,22
2019-01-01,10837.35,10842.35,10836.75,10840.25,11:05:00,10821.809928973867,1,23
2019-01-01,10839.25,10839.85,10833.65,10837.1,11:10:00,10823.470888119213,1,24
2019-01-01,10837.65,10841.35,10836.35,10839.2,11:15:00,10824.821279726906,1,25
2019-01-01,10834.35,10838.55,10834.15,10837.6,11:20:00,10825.728776895772,1,26
2019-01-01,10830.5,10835.4,10829.95,10834.55,11:25:00,10826.183179096177,1,27
2019-01-01,10833.1,10833.45,10829.25,10830.55,11:30:00,10826.84192394416,1,28
2019-01-01,10833.8,10835.0,10832.5,10833.05,11:35:00,10827.504597854238,1,29
2019-01-01,10834.5,10837.4,10832.5,10833.55,11:40:00,10828.170826630025,1,30
2019-01-01,10832.4,10836.45,10831.7,10834.7,11:45:00,10828.573605046213,1,31
2019-01-01,10832.25,10833.6,10830.7,10832.45,11:50:00,10828.923737898956,1,32
2019-01-01,10833.2,10833.9,10832.35,10832.85,11:55:00,10829.331000956196,1,33
2019-01-01,10836.5,10836.5,10832.2,10833.45,12:00:00,10830.013762769891,1,34
2019-01-01,10836.3,10839.1,10835.5,10836.3,12:05:00,10830.612452029902,1,35
2019-01-01,10837.35,10838.4,10835.4,10836.75,12:10:00,10831.25412326515,1,36
2019-01-01,10837.1,10838.4,10836.75,10837.45,12:15:00,10831.810873430371,1,37
2019-01-01,10835.25,10837.6,10834.5,10837.25,12:20:00,10832.138409294146,1,38
2019-01-01,10830.9,10836.0,10830.75,10835.6,12:25:00,10832.020465551846,1,39
2019-01-01,10825.05,10831.15,10822.25,10830.85,12:30:00,10831.356611689767,1,40
2019-01-01,10826.45,10827.3,10822.65,10824.9,12:35:00,10830.88931533836,1,41
2019-01-01,10824.3,10827.7,10824.05,10826.85,12:40:00,10830.261761496611,1,42
2019-01-01,10821.7,10825.9,10819.7,10824.55,12:45:00,10829.446355639791,1,43
2019-01-01,10823.35,10824.0,10820.7,10821.45,12:50:00,10828.865750340765,1,44
2019-01-01,10821.55,10825.25,10821.2,10823.4,12:55:00,10828.169012213071,1,45
2019-01-01,10823.1,10825.15,10821.55,10821.8,13:00:00,10827.68624914516,1,46
2019-01-01,10825.15,10827.2,10822.4,10823.2,13:05:00,10827.444701607526,1,47
2019-01-01,10828.4,10828.75,10824.8,10825.3,13:10:00,10827.53568240681,1,48
2019-01-01,10827.05,10830.35,10825.95,10828.5,13:15:00,10827.489426939494,1,49
2019-01-01,10824.75,10827.2,10824.25,10827.2,13:20:00,10827.228529135731,1,50
2019-01-01,10827.1,10827.5,10824.8,10824.85,13:25:00,10827.21628826566,1,51
2019-01-01,10821.8,10827.8,10821.8,10827.0,13:30:00,10826.70045128798,1,52
2019-01-01,10812.6,10822.15,10807.85,10822.15,13:35:00,10825.357551165314,1,53
2019-01-01,10809.45,10812.9,10807.1,10812.35,13:40:00,10823.842546292428,1,54
2019-01-01,10812.5,10812.5,10807.95,10809.2,13:45:00,10822.762303788388,1,55
2019-01-01,10816.45,10819.35,10812.55,10812.55,13:50:00,10822.161131999015,1,56
2019-01-01,10818.4,10820.5,10813.95,10816.9,13:55:00,10821.802928951493,1,57
2019-01-01,10822.35,10827.0,10818.45,10818.45,14:00:00,10821.855030956112,1,58
2019-01-01,10826.8,10829.95,10822.5,10824.5,14:05:00,10822.325980388863,1,59
2019-01-01,10819.3,10829.75,10818.3,10829.75,14:10:00,10822.0377917804,1,60
2019-01-01,10830.05,10830.35,10818.6,10819.1,14:15:00,10822.800859229885,1,61
2019-01-01,10829.9,10832.85,10829.0,10831.1,14:20:00,10823.476967874658,1,62
2019-01-01,10856.7,10856.7,10830.55,10832.2,14:25:00,10826.64106617231,1,63
2019-01-01,10864.85,10873.3,10854.95,10858.1,14:30:00,10830.280012251138,1,64
2019-01-01,10880.2,10882.6,10864.2,10864.2,14:35:00,10835.034296798647,1,65
2019-01-01,10883.4,10888.0,10877.0,10881.55,14:40:00,10839.640554246396,1,66
2019-01-01,10892.3,10893.2,10883.8,10885.3,14:45:00,10844.655739556263,1,67
2019-01-01,10888.2,10895.65,10887.2,10894.7,14:50:00,10848.802811979476,1,68
2019-01-01,10900.6,10903.4,10888.05,10888.05,14:55:00,10853.73587750524,1,69
2019-01-01,10905.9,10905.9,10895.8,10900.5,15:00:00,10858.703889171407,1,70
2019-01-01,10905.7,10913.85,10904.5,10906.45,15:05:00,10863.17970925032,1,71
2019-01-01,10901.45,10910.0,10900.9,10907.25,15:10:00,10866.824498845528,1,72
2019-01-01,10911.6,10915.2,10901.2,10901.9,15:15:00,10871.088832288811,1,73
2019-01-01,10922.6,10923.6,10910.9,10915.55,15:20:00,10875.994657785115,1,74
2019-01-01,10915.75,10922.4,10910.8,10922.4,15:25:00,10879.7808808532,1,75
2019-01-02,10869.0,10870.35,10839.3,10861.2,09:15:00,10878.75413029575,2,1
2019-01-02,10877.05,10881.15,10868.35,10868.7,09:20:00,10878.591832172346,2,2
2019-01-02,10867.55,10882.85,10864.85,10876.85,09:25:00,10877.540229108312,2,3
2019-01-02,10858.1,10867.9,10854.3,10867.75,09:30:00,10875.688778717044,2,4
2019-01-02,10846.35,10858.3,10843.05,10858.3,09:35:00,10872.894609315425,2,5
2019-01-02,10852.15,10856.9,10841.7,10846.6,09:40:00,10870.918932237762,2,6
2019-01-02,10858.15,10860.75,10846.75,10851.5,09:45:00,10869.702843453211,2,7
2019-01-02,10866.25,10869.15,10857.25,10858.1,09:50:00,10869.374001219574,2,8
2019-01-02,10872.3,10872.3,10862.1,10866.6,09:55:00,10869.652667770091,2,9
2019-01-02,10871.5,10872.95,10864.1,10872.9,10:00:00,10869.82860417294,2,10
2019-01-02,10860.9,10871.2,10858.7,10871.05,10:05:00,10868.978260918371,2,11
2019-01-02,10866.2,10868.95,10860.2,10861.35,10:10:00,10868.713664640432,2,12
2019-01-02,10885.75,10891.1,10865.1,10867.0,10:15:00,10870.336172769916,2,13
2019-01-02,10885.25,10895.35,10885.25,10886.45,10:20:00,10871.756537268018,2,14
2019-01-02,10884.4,10889.05,10879.55,10886.0,10:25:00,10872.960676575827,2,15
2019-01-02,10879.6,10885.65,10875.4,10884.8,10:30:00,10873.592993092414,2,16
2019-01-02,10872.15,10883.7,10872.05,10880.4,10:35:00,10873.45556517885,2,17
2019-01-02,10874.5,10878.9,10867.9,10872.2,10:40:00,10873.555035161817,2,18
2019-01-02,10882.0,10883.05,10870.4,10874.6,10:45:00,10874.359317527358,2,19
2019-01-02,10880.6,10884.25,10880.55,10882.6,10:50:00,10874.95366823904,2,20
2019-01-02,10876.75,10880.85,10876.0,10880.85,10:55:00,10875.124747454369,2,21
2019-01-02,10877.2,10882.35,10874.2,10877.05,11:00:00,10875.322390553953,2,22
2019-01-02,10875.9,10880.6,10875.75,10877.05,11:05:00,10875.377400977384,2,23
2019-01-02,10872.45,10878.15,10871.75,10875.75,11:10:00,10875.0986008843,2,24
2019-01-02,10875.05,10876.2,10870.75,10872.15,11:15:00,10875.093972228651,2,25
2019-01-02,10877.85,10878.95,10873.6,10875.3,11:20:00,10875.35645106402,2,26
2019-01-02,10875.1,10878.05,10874.4,10877.55,11:25:00,10875.33202715316,2,27
2019-01-02,10876.6,10879.45,10874.95,10874.95,11:30:00,10875.452786471908,2,28
2019-01-02,10877.15,10877.9,10873.85,10876.65,11:35:00,10875.614425855534,2,29
2019-01-02,10876.15,10879.8,10875.2,10877.75,11:40:00,10875.66543291691,2,30
2019-01-02,10869.45,10876.85,10868.5,10876.25,11:45:00,10875.073486924824,2,31
2019-01-02,10870.85,10872.15,10868.0,10869.25,11:50:00,10874.67125007484,2,32
2019-01-02,10873.85,10874.35,10869.55,10870.45,11:55:00,10874.593035781998,2,33
2019-01-02,10871.9,10876.75,10871.55,10873.45,12:00:00,10874.336556183713,2,34
2019-01-02,10872.95,10875.5,10867.2,10871.8,12:05:00,10874.204503213836,2,35
2019-01-02,10873.25,10874.15,10869.95,10873.45,12:10:00,10874.11359814585,2,36
2019-01-02,10870.5,10873.85,10870.05,10872.9,12:15:00,10873.769445941483,2,37
2019-01-02,10852.2,10870.9,10848.0,10870.9,12:20:00,10871.715212994675,2,38
2019-01-02,10840.4,10856.0,10840.25,10852.3,12:25:00,10868.732811757089,2,39
2019-01-02,10838.25,10843.95,10830.9,10840.05,12:30:00,10865.82968682784,2,40
2019-01-02,10838.55,10838.9,10832.75,10837.95,12:35:00,10863.231621415664,2,41
2019-01-02,10810.0,10840.1,10810.0,10839.2,12:40:00,10858.161943185602,2,42
2019-01-02,10794.95,10809.05,10781.25,10809.05,12:45:00,10852.141758120306,2,43
2019-01-02,10807.65,10811.7,10792.45,10794.25,12:50:00,10847.904447823134,2,44
2019-01-02,10811.75,10817.6,10802.3,10808.05,12:55:00,10844.461167078072,2,45
2019-01-02,10805.0,10813.3,10800.9,10811.95,13:00:00,10840.702960689683,2,46
2019-01-02,10811.15,10815.95,10803.2,10805.2,13:05:00,10837.88839300495,2,47
2019-01-02,10805.8,10812.85,10805.65,10811.6,13:10:00,10834.832355575909,2,48
2019-01-02,10802.7,10809.3,10802.7,10806.2,13:15:00,10831.772131235346,2,49
2019-01-02,10793.6,10806.45,10784.55,10802.65,13:20:00,10828.136690165316,2,50
2019-01-02,10797.45,10802.35,10790.2,10793.75,13:25:00,10825.21414824481,2,51
2019-01-02,10787.1,10798.85,10786.9,10798.1,13:30:00,10821.584229364353,2,52
2019-01-02,10772.2,10787.05,10761.9,10787.05,13:35:00,10816.88096942489,2,53
2019-01-02,10763.4,10775.05,10763.1,10771.5,13:40:00,10811.787543765378,2,54
2019-01-02,10756.85,10762.9,10752.2,10762.9,13:45:00,10806.555396740105,2,55
2019-01-02,10759.3,10765.55,10749.05,10756.8,13:50:00,10802.054882764856,2,56
2019-01-02,10766.25,10774.2,10758.25,10758.35,13:55:00,10798.644893930108,2,57
2019-01-02,10740.0,10767.75,10735.05,10766.0,14:00:00,10793.059665936766,2,58
2019-01-02,10755.8,10757.5,10738.0,10741.15,14:05:00,10789.51112632374,2,59
2019-01-02,10760.65,10760.85,10753.3,10755.4,14:10:00,10786.762447626244,2,60
2019-01-02,10756.65,10765.15,10750.25,10760.6,14:15:00,10783.894595471364,2,61
2019-01-02,10760.6,10764.45,10754.4,10757.05,14:20:00,10781.676062569328,2,62
2019-01-02,10763.35,10763.35,10752.0,10761.6,14:25:00,10779.930723277012,2,63
2019-01-02,10780.75,10780.75,10763.15,10765.2,14:30:00,10780.008749631585,2,64
2019-01-02,10795.2,10795.4,10782.05,10783.05,14:35:00,10781.455535380956,2,65
2019-01-02,10794.95,10800.65,10791.65,10796.6,14:40:00,10782.740722487531,2,66
2019-01-02,10780.35,10798.95,10773.95,10798.65,14:45:00,10782.513034631576,2,67
2019-01-02,10798.55,10800.95,10781.4,10782.6,14:50:00,10784.040364666664,2,68
2019-01-02,10801.75,10809.65,10800.2,10801.3,14:55:00,10785.726996603173,2,69
2019-01-02,10805.6,10809.35,10798.2,10802.25,15:00:00,10787.619663593348,2,70
2019-01-02,10794.85,10808.6,10791.3,10808.6,15:05:00,10788.308267060647,2,71
2019-01-02,10789.65,10797.4,10789.65,10796.65,15:10:00,10788.43605115011,2,72
2019-01-02,10794.3,10795.8,10778.3,10790.6,15:15:00,10788.994522469147,2,73
2019-01-02,10785.25,10795.2,10782.05,10795.2,15:20:00,10788.637901281609,2,74
2019-01-02,10781.9,10786.85,10780.0,10785.7,15:25:00,10787.996196397646,2,75
2019-01-03,10777.05,10793.5,10755.25,10793.5,09:15:00,10786.953701502633,3,1
2019-01-03,10755.6,10778.45,10753.0,10776.55,09:20:00,10783.96763469286,3,2
2019-01-03,10758.85,10765.05,10750.0,10755.55,09:25:00,10781.575479007824,3,3
2019-01-03,10780.35,10782.25,10758.45,10758.45,09:30:00,10781.458766721364,3,4
2019-01-03,10792.0,10801.45,10780.2,10780.45,09:35:00,10782.462693700283,3,5
2019-01-03,10805.35,10810.85,10785.4,10791.95,09:40:00,10784.6424371574,3,6
2019-01-03,10799.95,10807.3,10797.85,10805.8,09:45:00,10786.100300285269,3,7
2019-01-03,10790.85,10799.45,10786.8,10799.45,09:50:00,10786.552652639051,3,8
2019-01-03,10790.7,10797.05,10783.0,10790.45,09:55:00,10786.947638102,3,9
2019-01-03,10792.9,10799.3,10790.3,10790.3,10:00:00,10787.514529711332,3,10
2019-01-03,10799.8,10800.65,10789.8,10793.1,10:05:00,10788.684574500729,3,11
2019-01-03,10806.55,10807.55,10796.2,10799.6,10:10:00,10790.386043595896,3,12
2019-01-03,10810.15,10813.55,10798.15,10807.05,10:15:00,10792.268325158191,3,13
2019-01-03,10803.65,10814.05,10802.15,10809.85,10:20:00,10793.352294190743,3,14
2019-01-03,10799.8,10807.15,10798.4,10804.45,10:25:00,10793.966361410672,3,15
2019-01-03,10787.8,10802.75,10785.75,10799.55,10:30:00,10793.37908889537,3,16
2019-01-03,10776.45,10787.4,10776.2,10787.35,10:35:00,10791.766794714858,3,17
2019-01-03,10767.3,10776.4,10765.35,10776.4,10:40:00,10789.436623789634,3,18
2019-01-03,10759.5,10767.2,10757.2,10767.2,10:45:00,10786.58551676205,3,19
2019-01-03,10759.1,10759.35,10750.35,10759.2,10:50:00,10783.967848498996,3,20
2019-01-03,10757.8,10760.1,10752.25,10758.75,10:55:00,10781.475672451472,3,21
2019-01-03,10762.6,10765.95,10753.25,10757.95,11:00:00,10779.677989360856,3,22
2019-01-03,10758.6,10764.3,10755.15,10762.85,11:05:00,10777.670561802675,3,23
2019-01-03,10752.9,10759.2,10752.1,10758.75,11:10:00,10775.311460678611,3,24
2019-01-03,10742.65,10753.25,10736.95,10752.75,11:15:00,10772.200845375888,3,25
2019-01-03,10740.1,10749.1,10737.9,10742.9,11:20:00,10769.143622006755,3,26
2019-01-03,10739.5,10747.55,10738.45,10740.45,11:25:00,10766.320419910871,3,27
2019-01-03,10737.3,10743.85,10732.45,10739.35,11:30:00,10763.556570395553,3,28
2019-01-03,10726.25,10737.05,10725.5,10737.05,11:35:00,10760.003563691214,3,29
2019-01-03,10720.45,10727.25,10715.5,10726.65,11:40:00,10756.236557625383,3,30
2019-01-03,10721.55,10726.35,10711.35,10720.0,11:45:00,10752.933075946778,3,31
2019-01-03,10722.55,10728.15,10718.45,10721.75,11:50:00,10750.039449666132,3,32
2019-01-03,10722.95,10724.95,10719.05,10722.3,11:55:00,10747.459502078882,3,33
2019-01-03,10728.85,10732.5,10721.0,10722.65,12:00:00,10745.68716854756,3,34
2019-01-03,10723.8,10728.9,10723.2,10728.75,12:05:00,10743.602676304934,3,35
2019-01-03,10717.0,10727.4,10716.7,10723.75,12:10:00,10741.069088085416,3,36
2019-01-03,10716.75,10721.85,10710.25,10716.65,12:15:00,10738.752984458231,3,37
2019-01-03,10708.3,10718.55,10704.4,10717.05,12:20:00,10735.852700224115,3,38
2019-01-03,10708.1,10709.9,10700.3,10708.7,12:25:00,10733.20958591706,3,39
2019-01-03,10717.5,10720.4,10706.2,10707.5,12:30:00,10731.71343487734,3,40
2019-01-03,10712.5,10726.3,10712.25,10717.7,12:35:00,10729.88358393664,3,41
2019-01-03,10710.75,10717.95,10708.0,10712.45,12:40:00,10728.061337847435,3,42
2019-01-03,10704.85,10715.1,10703.65,10710.1,12:45:00,10725.85073424292,3,43
2019-01-03,10702.9,10712.9,10700.85,10706.55,12:50:00,10723.66495002931,3,44
2019-01-03,10704.6,10707.5,10701.4,10702.8,12:55:00,10721.849240502708,3,45
2019-01-03,10711.8,10715.85,10704.55,10704.55,13:00:00,10720.89216997864,3,46
2019-01-03,10722.95,10724.05,10711.75,10711.75,13:05:00,10721.0881537902,3,47
2019-01-03,10720.8,10729.1,10716.8,10723.1,13:10:00,10721.060710572085,3,48
2019-01-03,10724.8,10724.8,10717.15,10720.5,13:15:00,10721.416833374742,3,49
2019-01-03,10728.25,10733.25,10724.4,10724.9,13:20:00,10722.067611148575,3,50
2019-01-03,10715.45,10728.15,10715.45,10728.15,13:25:00,10721.43736246776,3,51
2019-01-03,10710.4,10715.75,10707.45,10714.4,13:30:00,10720.38618508988,3,52
2019-01-03,10698.95,10711.2,10694.05,10710.3,13:35:00,10718.344643652748,3,53
2019-01-03,10694.1,10700.5,10685.4,10699.25,13:40:00,10716.035629971537,3,54
2019-01-03,10680.0,10693.25,10680.0,10693.25,13:45:00,10712.60366521234,3,55
2019-01-03,10691.0,10691.45,10677.1,10679.95,13:50:00,10710.546173287355,3,56
2019-01-03,10698.2,10700.9,10685.55,10691.4,13:55:00,10709.370347259988,3,57
2019-01-03,10696.9,10704.15,10695.4,10697.45,14:00:00,10708.182695139987,3,58
2019-01-03,10688.25,10697.25,10687.6,10697.0,14:05:00,10706.284343221894,3,59
2019-01-03,10678.55,10688.55,10674.15,10688.15,14:10:00,10703.64297720076,3,60
2019-01-03,10687.4,10688.2,10677.95,10678.6,14:15:00,10702.096026991165,3,61
2019-01-03,10670.7,10688.4,10670.6,10687.45,14:20:00,10699.105929182482,3,62
2019-01-03,10677.45,10682.05,10667.55,10670.25,14:25:00,10697.043459736533,3,63
2019-01-03,10683.6,10684.35,10672.9,10678.3,14:30:00,10695.763130237814,3,64
2019-01-03,10683.7,10687.85,10680.6,10684.2,14:35:00,10694.614260691356,3,65
2019-01-03,10673.7,10685.6,10673.5,10685.2,14:40:00,10692.622426339798,3,66
2019-01-03,10680.7,10681.6,10669.05,10674.25,14:45:00,10691.48695716458,3,67
2019-01-03,10678.15,10686.75,10678.1,10681.6,14:50:00,10690.216770767953,3,68
2019-01-03,10684.65,10690.95,10672.95,10679.5,14:55:00,10689.686602123387,3,69
2019-01-03,10684.8,10686.0,10678.3,10685.8,15:00:00,10689.22121144497,3,70
2019-01-03,10676.4,10684.95,10671.85,10684.95,15:05:00,10688.000143688309,3,71
2019-01-03,10671.8,10677.6,10669.2,10675.95,15:10:00,10686.45727286085,3,72
2019-01-03,10673.1,10673.3,10661.25,10671.7,15:15:00,10685.185151636008,3,73
2019-01-03,10667.6,10672.55,10663.2,10672.45,15:20:00,10683.51037528972,3,74
2019-01-03,10665.65,10674.0,10665.1,10667.4,15:25:00,10681.80938716689,3,75
2019-01-04,10721.5,10723.4,10694.55,10695.7,09:15:00,10685.589445531949,4,1
2019-01-04,10715.6,10729.4,10715.2,10721.4,09:20:00,10688.447593576524,4,2
2019-01-04,10704.7,10718.8,10698.65,10716.65,09:25:00,10689.995441807332,4,3
2019-01-04,10701.8,10705.8,10693.75,10704.55,09:30:00,10691.11968544473,4,4
2019-01-04,10687.8,10704.1,10682.45,10702.25,09:35:00,10690.803524926185,4,5
2019-01-04,10666.55,10689.05,10664.8,10687.7,09:40:00,10688.493665409404,4,6
2019-01-04,10663.05,10666.5,10649.05,10666.5,09:45:00,10686.07045917994,4,7
2019-01-04,10679.7,10681.35,10653.25,10662.7,09:50:00,10685.463748781847,4,8
2019-01-04,10669.0,10685.05,10663.2,10680.3,09:55:00,10683.895772707388,4,9
2019-01-04,10663.9,10670.2,10658.1,10669.35,10:00:00,10681.991413401924,4,10
2019-01-04,10650.95,10663.8,10650.95,10663.8,10:05:00,10679.035088316026,4,11
2019-01-04,10664.9,10666.65,10650.2,10651.15,10:10:00,10677.688889428786,4,12
2019-01-04,10643.4,10665.3,10642.2,10665.3,10:15:00,10674.423280911758,4,13
2019-01-04,10645.9,10650.95,10641.65,10644.2,10:20:00,10671.706777967782,4,14
2019-01-04,10638.7,10649.3,10634.45,10647.55,10:25:00,10668.563275304185,4,15
2019-01-04,10643.45,10646.05,10632.9,10638.75,10:30:00,10666.171534799025,4,16
2019-01-04,10646.3,10655.05,10638.55,10643.35,10:35:00,10664.279007675306,4,17
2019-01-04,10639.95,10651.05,10639.45,10647.1,10:40:00,10661.961959325276,4,18
2019-01-04,10633.9,10639.7,10628.65,10639.35,10:45:00,10659.28939177049,4,19
2019-01-04,10642.2,10643.45,10631.2,10633.5,10:50:00,10657.66183064949,4,20
2019-01-04,10655.85,10655.85,10641.95,10641.95,10:55:00,10657.48927534954,4,21
2019-01-04,10678.3,10678.75,10656.0,10656.0,11:00:00,10659.471249125774,4,22
2019-01-04,10688.7,10692.9,10678.35,10679.1,11:05:00,10662.254939685225,4,23
2019-01-04,10673.05,10698.75,10672.95,10688.5,11:10:00,10663.283040667584,4,24
2019-01-04,10682.25,10684.6,10672.95,10673.8,11:15:00,10665.089417746862,4,25
2019-01-04,10681.95,10683.45,10670.5,10682.7,11:20:00,10666.695187485257,4,26
2019-01-04,10679.25,10682.95,10676.8,10681.55,11:25:00,10667.890883915234,4,27
2019-01-04,10692.9,10692.9,10679.45,10680.35,11:30:00,10670.272704494737,4,28
2019-01-04,10693.55,10697.45,10688.3,10693.5,11:35:00,10672.48958978095,4,29
2019-01-04,10694.35,10695.75,10689.7,10693.7,11:40:00,10674.571533611335,4,30
2019-01-04,10689.0,10696.35,10685.75,10694.5,11:45:00,10675.9456732674,4,31
2019-01-04,10689.0,10691.85,10682.5,10688.8,11:50:00,10677.188942480028,4,32
2019-01-04,10686.5,10691.25,10685.55,10689.1,11:55:00,10678.075709862882,4,33
2019-01-04,10683.35,10687.7,10680.8,10686.3,12:00:00,10678.578023209277,4,34
2019-01-04,10694.7,10696.25,10681.0,10683.75,12:05:00,10680.113449570295,4,35
2019-01-04,10690.55,10695.8,10689.45,10695.35,12:10:00,10681.107406754076,4,36
2019-01-04,10684.05,10693.05,10683.5,10690.5,12:15:00,10681.387653729878,4,37
2019-01-04,10685.65,10688.15,10681.25,10683.7,12:20:00,10681.79359146989,4,38
2019-01-04,10701.65,10705.95,10684.85,10685.7,12:25:00,10683.684677996567,4,39
2019-01-04,10710.65,10714.6,10702.5,10702.7,12:30:00,10686.252803901656,4,40
2019-01-04,10724.3,10725.75,10711.15,10713.45,12:35:00,10689.876346387213,4,41
2019-01-04,10724.15,10726.75,10718.05,10723.95,12:40:00,10693.140503874143,4,42
2019-01-04,10727.2,10727.95,10719.95,10724.2,12:45:00,10696.38426540994,4,43
2019-01-04,10736.35,10741.05,10727.7,10727.7,12:50:00,10700.190525847089,4,44
2019-01-04,10716.95,10736.65,10716.4,10736.25,12:55:00,10701.786666242604,4,45
2019-01-04,10722.15,10724.35,10716.7,10717.85,13:00:00,10703.726031362356,4,46
2019-01-04,10726.35,10730.9,10721.45,10722.3,13:05:00,10705.880695042131,4,47
2019-01-04,10730.65,10734.7,10726.6,10726.85,13:10:00,10708.23967646669,4,48
2019-01-04,10711.95,10733.05,10709.75,10730.4,13:15:00,10708.59304061272,4,49
2019-01-04,10717.6,10719.45,10710.0,10711.8,13:20:00,10709.450846268652,4,50
2019-01-04,10724.45,10726.75,10717.3,10717.3,13:25:00,10710.879337100208,4,51
2019-01-04,10735.3,10736.45,10722.9,10724.6,13:30:00,10713.205114519236,4,52
2019-01-04,10729.0,10737.3,10725.95,10735.7,13:35:00,10714.709389326928,4,53
2019-01-04,10725.65,10734.05,10722.85,10729.3,13:40:00,10715.751352248171,4,54
2019-01-04,10705.2,10726.0,10705.2,10725.3,13:45:00,10714.746461557868,4,55
2019-01-04,10695.0,10710.2,10694.0,10705.35,13:50:00,10712.865846171406,4,56
2019-01-04,10702.65,10706.9,10691.2,10695.2,13:55:00,10711.892908440796,4,57
2019-01-04,10705.5,10708.3,10695.35,10702.7,14:00:00,10711.284060017864,4,58
2019-01-04,10699.25,10708.2,10694.75,10705.75,14:05:00,10710.137959063784,4,59
2019-01-04,10671.5,10700.45,10669.45,10699.85,14:10:00,10706.458153438662,4,60
2019-01-04,10678.95,10684.05,10658.8,10671.05,14:15:00,10703.838329301643,4,61
2019-01-04,10684.55,10696.0,10670.7,10680.3,14:20:00,10702.001345558632,4,62
2019-01-04,10685.85,10693.95,10678.5,10685.65,14:25:00,10700.463122172096,4,63
2019-01-04,10689.9,10698.85,10685.2,10685.45,14:30:00,10699.45711053666,4,64
2019-01-04,10699.8,10705.4,10688.25,10691.75,14:35:00,10699.489766676024,4,65
2019-01-04,10714.15,10718.95,10700.35,10700.95,14:40:00,10700.885979373546,4,66
2019-01-04,10711.95,10724.05,10711.95,10715.85,14:45:00,10701.939695623683,4,67
2019-01-04,10722.75,10727.25,10707.35,10714.25,14:50:00,10703.921629373812,4,68
2019-01-04,10728.05,10731.4,10720.8,10725.25,14:55:00,10706.21956943345,4,69
2019-01-04,10720.75,10736.45,10720.55,10728.55,15:00:00,10707.603419963598,4,70
2019-01-04,10721.95,10726.45,10715.2,10721.0,15:05:00,10708.969760919446,4,71
2019-01-04,10724.8,10735.35,10720.7,10722.75,15:10:00,10710.477402736642,4,72
2019-01-04,10728.55,10731.3,10719.75,10726.35,15:15:00,10712.19860247601,4,73
2019-01-04,10728.85,10729.65,10725.05,10728.65,15:20:00,10713.784449859246,4,74
2019-01-04,10731.2,10732.75,10727.15,10728.7,15:25:00,10715.443073682174,4,75
2019-01-07,10810.9,10819.6,10803.5,10803.5,09:15:00,10724.534209521968,0,1
2019-01-07,10808.6,10822.45,10808.6,10810.65,09:20:00,10732.54047528178,0,2
2019-01-07,10809.35,10814.5,10806.15,10808.8,09:25:00,10739.855668112086,0,3
2019-01-07,10794.6,10810.7,10793.85,10809.9,09:30:00,10745.069414006177,0,4
2019-01-07,10805.45,10806.85,10792.8,10794.55,09:35:00,10750.819946005588,0,5
2019-01-07,10794.85,10806.45,10794.85,10805.6,09:40:00,10755.013284481249,0,6
2019-01-07,10783.0,10795.55,10782.45,10795.05,09:45:00,10757.678685959225,0,7
2019-01-07,10798.15,10800.05,10782.05,10782.4,09:50:00,10761.53309682025,0,8
2019-01-07,10808.05,10809.1,10798.5,10798.8,09:55:00,10765.963278075464,0,9
2019-01-07,10816.85,10819.45,10807.9,10807.9,10:00:00,10770.809632544468,0,10
2019-01-07,10813.75,10818.7,10813.7,10817.2,10:05:00,10774.899191349756,0,11
2019-01-07,10814.65,10815.35,10808.45,10813.35,10:10:00,10778.68498264978,0,12
2019-01-07,10827.9,10835.95,10814.8,10814.8,10:15:00,10783.372127159326,0,13
2019-01-07,10828.4,10829.5,10822.55,10828.1,10:20:00,10787.660496001294,0,14
2019-01-07,10823.7,10830.45,10823.2,10829.15,10:25:00,10791.092829715457,0,15
2019-01-07,10821.4,10827.8,10821.25,10823.45,10:30:00,10793.979226885414,0,16
2019-01-07,10822.95,10823.0,10819.0,10821.9,10:35:00,10796.738348134422,0,17
2019-01-07,10824.7,10829.5,10822.65,10822.65,10:40:00,10799.40136259781,0,18
2019-01-07,10820.7,10826.85,10819.2,10824.65,10:45:00,10801.42980425516,0,19
2019-01-07,10820.85,10821.8,10819.1,10820.45,10:50:00,10803.279346707051,0,20
2019-01-07,10814.95,10820.9,10811.8,10820.8,10:55:00,10804.390837496856,0,21
2019-01-07,10819.65,10819.7,10810.6,10814.6,11:00:00,10805.844091068582,0,22
2019-01-07,10820.35,10825.5,10819.35,10819.45,11:05:00,10807.225606204907,0,23
2019-01-07,10816.1,10821.1,10815.55,10820.25,11:10:00,10808.070786566344,0,24
2019-01-07,10820.55,10820.55,10813.25,10816.5,11:15:00,10809.259283083837,0,25
2019-01-07,10810.9,10822.2,10810.55,10820.65,11:20:00,10809.415541837756,0,26
2019-01-07,10812.85,10813.4,10808.85,10810.4,11:25:00,10809.742633091302,0,27
2019-01-07,10802.0,10813.35,10801.95,10812.1,11:30:00,10809.00523946356,0,28
2019-01-07,10803.8,10803.8,10799.2,10802.25,11:35:00,10808.50950237179,0,29
2019-01-07,10788.3,10804.45,10786.0,10804.0,11:40:00,10806.58478786019,0,30
2019-01-07,10799.75,10799.8,10788.1,10788.5,11:45:00,10805.93385568303,0,31
2019-01-07,10796.65,10800.3,10792.65,10799.95,11:50:00,10805.049678951313,0,32
2019-01-07,10801.1,10801.85,10795.55,10796.2,11:55:00,10804.673519051186,0,33
2019-01-07,10800.4,10803.65,10800.25,10800.9,12:00:00,10804.266517236789,0,34
2019-01-07,10800.4,10804.2,10799.0,10800.2,12:05:00,10803.898277499951,0,35
2019-01-07,10800.35,10800.55,10795.45,10800.35,12:10:00,10803.56034630948,0,36
2019-01-07,10802.95,10803.3,10797.75,10800.25,12:15:00,10803.50221808953,0,37
2019-01-07,10801.7,10803.4,10799.8,10802.8,12:20:00,10803.33057827148,0,38
2019-01-07,10797.45,10802.3,10793.85,10801.65,12:25:00,10802.770523198004,0,39
2019-01-07,10798.5,10801.15,10796.6,10797.5,12:30:00,10802.363806702955,0,40
2019-01-07,10798.9,10803.7,10797.85,10798.6,12:35:00,10802.033920350295,0,41
2019-01-07,10801.65,10802.2,10797.6,10798.7,12:40:00,10801.99735650741,0,42
2019-01-07,10800.75,10805.1,10797.35,10801.45,12:45:00,10801.878560649562,0,43
2019-01-07,10801.85,10803.9,10799.0,10799.0,12:50:00,10801.8758405877,0,44
2019-01-07,10803.2,10804.35,10802.1,10802.1,12:55:00,10802.001951007918,0,45
2019-01-07,10804.1,10807.4,10802.75,10803.05,13:00:00,10802.20176519764,0,46
2019-01-07,10797.9,10803.95,10797.45,10803.95,13:05:00,10801.792073274057,0,47
2019-01-07,10805.25,10805.45,10797.8,10798.05,13:10:00,10802.121399628908,0,48
2019-01-07,10813.2,10814.9,10805.25,10805.3,13:15:00,10803.176504426156,0,49
2019-01-07,10809.85,10817.25,10809.6,10813.5,13:20:00,10803.812075433189,0,50
2019-01-07,10805.65,10810.35,10799.55,10809.05,13:25:00,10803.987115868124,0,51
2019-01-07,10794.3,10807.8,10793.2,10806.25,13:30:00,10803.064533404491,0,52
2019-01-07,10801.05,10801.8,10792.4,10794.45,13:35:00,10802.872673080255,0,53
2019-01-07,10800.95,10803.35,10799.75,10801.45,13:40:00,10802.689561358326,0,54
2019-01-07,10792.95,10801.8,10792.4,10801.45,13:45:00,10801.761984086104,0,55
2019-01-07,10789.25,10793.9,10782.6,10793.9,13:50:00,10800.570366554091,0,56
2019-01-07,10801.9,10801.95,10786.0,10790.15,13:55:00,10800.696998310848,0,57
2019-01-07,10800.95,10804.5,10798.5,10802.55,14:00:00,10800.721093709812,0,58
2019-01-07,10803.8,10804.8,10795.4,10802.7,14:05:00,10801.014322880306,0,59
2019-01-07,10805.35,10807.05,10802.95,10804.75,14:10:00,10801.427244510754,0,60
2019-01-07,10803.25,10806.35,10797.9,10806.0,14:15:00,10801.600840271634,0,61
2019-01-07,10798.2,10805.05,10797.15,10804.75,14:20:00,10801.276950721956,0,62
2019-01-07,10799.1,10801.05,10796.5,10798.55,14:25:00,10801.069622081768,0,63
2019-01-07,10801.35,10805.25,10799.35,10799.85,14:30:00,10801.096324740647,0,64
2019-01-07,10795.9,10802.55,10788.5,10801.65,14:35:00,10800.601436670113,0,65
2019-01-07,10786.0,10797.35,10784.0,10796.5,14:40:00,10799.21082365391,0,66
2019-01-07,10776.8,10787.75,10771.7,10787.25,14:45:00,10797.076459496397,0,67
2019-01-07,10770.5,10778.45,10762.5,10778.45,14:50:00,10794.545368115783,0,68
2019-01-07,10753.45,10772.0,10750.15,10771.55,14:55:00,10790.63152353333,0,69
2019-01-07,10769.3,10772.3,10754.45,10755.15,15:00:00,10788.599949863488,0,70
2019-01-07,10768.95,10776.2,10768.95,10771.45,15:05:00,10786.728526066963,0,71
2019-01-07,10774.6,10775.55,10765.55,10769.7,15:10:00,10785.5734283463,0,72
2019-01-07,10775.4,10777.15,10771.1,10774.4,15:15:00,10784.604530408558,0,73
2019-01-07,10775.2,10778.95,10773.3,10775.55,15:20:00,10783.70886084584,0,74
2019-01-07,10769.3,10778.4,10768.3,10775.0,15:25:00,10782.33658838433,0,75
2019-01-08,10746.05,10780.3,10734.1,10780.3,09:15:00,10778.880722823918,1,1
2019-01-08,10751.7,10751.7,10733.25,10745.45,09:20:00,10776.292082554974,1,2
2019-01-08,10756.35,10757.55,10747.45,10751.75,09:25:00,10774.392836597355,1,3
2019-01-08,10759.85,10760.25,10749.85,10756.3,09:30:00,10773.007804540466,1,4
2019-01-08,10743.75,10760.15,10742.05,10760.05,09:35:00,10770.221346965183,1,5
2019-01-08,10753.85,10753.85,10739.4,10743.8,09:40:00,10768.66217106374,1,6
2019-01-08,10762.05,10762.05,10753.75,10753.75,09:45:00,10768.03244048624,1,7
2019-01-08,10776.85,10776.85,10760.9,10762.35,09:50:00,10768.87220805898,1,8
2019-01-08,10765.8,10778.05,10762.85,10776.6,09:55:00,10768.579616815266,1,9
2019-01-08,10785.35,10785.35,10765.2,10765.2,10:00:00,10770.176796166194,1,10
2019-01-08,10796.3,10796.75,10784.5,10785.55,10:05:00,10772.664720340845,1,11
2019-01-08,10788.75,10797.5,10785.9,10796.1,10:10:00,10774.196651736953,1,12
2019-01-08,10792.85,10798.85,10788.0,10788.4,10:15:00,10775.97316109534,1,13
2019-01-08,10794.7,10795.1,10787.35,10792.9,10:20:00,10777.756669562448,1,14
2019-01-08,10791.6,10795.15,10784.15,10794.75,10:25:00,10779.075081985073,1,15
2019-01-08,10787.55,10795.3,10787.55,10791.5,10:30:00,10779.882217034114,1,16
2019-01-08,10786.6,10787.5,10780.05,10787.4,10:35:00,10780.522005888008,1,17
2019-01-08,10784.4,10793.6,10784.4,10786.45,10:40:00,10780.891338660578,1,18
2019-01-08,10768.95,10784.95,10767.4,10784.9,10:45:00,10779.754068311951,1,19
2019-01-08,10764.55,10775.85,10763.65,10768.65,10:50:00,10778.306061806052,1,20
2019-01-08,10762.95,10764.85,10754.5,10764.85,10:55:00,10776.843579729284,1,21
2019-01-08,10763.4,10767.6,10757.9,10762.9,11:00:00,10775.563238802686,1,22
2019-01-08,10760.8,10763.65,10757.75,10763.65,11:05:00,10774.157216059572,1,23
2019-01-08,10762.95,10762.95,10758.4,10760.75,11:10:00,10773.089862149138,1,24
2019-01-08,10756.75,10767.15,10756.75,10763.15,11:15:00,10771.5336848016,1,25
2019-01-08,10760.45,10761.7,10755.3,10756.8,11:20:00,10770.478095772876,1,26
2019-01-08,10768.55,10769.3,10759.05,10760.5,11:25:00,10770.294467604032,1,27
2019-01-08,10755.45,10770.55,10755.35,10768.7,11:30:00,10768.8807087846,1,28
2019-01-08,10751.45,10755.5,10748.75,10755.5,11:35:00,10767.220641281305,1,29
2019-01-08,10756.8,10759.3,10750.2,10751.3,11:40:00,10766.228199254514,1,30
2019-01-08,10754.9,10760.75,10753.45,10756.7,11:45:00,10765.149323135036,1,31
2019-01-08,10754.15,10757.4,10753.25,10754.55,11:50:00,10764.101768550749,1,32
2019-01-08,10749.95,10754.35,10748.6,10754.35,11:55:00,10762.753981069722,1,33
2019-01-08,10758.15,10758.55,10747.55,10749.55,12:00:00,10762.31550668213,1,34
2019-01-08,10758.6,10761.9,10758.05,10758.2,12:05:00,10761.96164890288,1,35
2019-01-08,10763.3,10763.65,10756.95,10758.65,12:10:00,10762.08911091213,1,36
2019-01-08,10765.05,10769.55,10763.1,10763.55,12:15:00,10762.37110034907,1,37
2019-01-08,10771.7,10772.15,10764.65,10765.15,12:20:00,10763.259566982491,1,38
2019-01-08,10766.0,10771.85,10765.9,10771.85,12:25:00,10763.520560603209,1,39
2019-01-08,10760.4,10766.95,10758.15,10766.05,12:30:00,10763.22336435528,1,40
2019-01-08,10768.4,10768.45,10759.6,10760.15,12:35:00,10763.716377273824,1,41
2019-01-08,10764.9,10768.35,10762.75,10768.15,12:40:00,10763.829103247746,1,42
2019-01-08,10769.25,10772.95,10765.05,10765.05,12:45:00,10764.345379128914,1,43
2019-01-08,10766.95,10769.4,10763.55,10769.2,12:50:00,10764.593438259491,1,44
2019-01-08,10768.4,10769.05,10765.4,10767.15,12:55:00,10764.955967949069,1,45
2019-01-08,10770.75,10771.4,10768.1,10768.85,13:00:00,10765.507780525346,1,46
2019-01-08,10773.3,10775.5,10770.7,10770.7,13:05:00,10766.24989666579,1,47
2019-01-08,10763.8,10774.5,10763.8,10774.5,13:10:00,10766.016573173809,1,48
2019-01-08,10758.8,10764.85,10757.15,10763.3,13:15:00,10765.329280490589,1,49
2019-01-08,10763.75,10764.3,10756.55,10759.4,13:20:00,10765.17887282482,1,50
2019-01-08,10764.3,10764.6,10760.35,10764.35,13:25:00,10765.095170651026,1,51
2019-01-08,10771.35,10771.75,10760.0,10764.65,13:30:00,10765.690868684262,1,52
2019-01-08,10782.05,10783.0,10772.3,10772.3,13:35:00,10767.248881190522,1,53
2019-01-08,10777.15,10786.55,10777.15,10781.6,13:40:00,10768.191844886664,1,54
2019-01-08,10785.25,10789.25,10777.45,10777.45,13:45:00,10769.816431087933,1,55
2019-01-08,10782.8,10787.65,10779.7,10785.1,13:50:00,10771.05296146051,1,56
2019-01-08,10784.1,10787.3,10780.35,10783.0,13:55:00,10772.295536559508,1,57
2019-01-08,10803.0,10803.0,10782.9,10784.55,14:00:00,10775.219771172888,1,58
2019-01-08,10812.1,10812.75,10804.7,10804.7,14:05:00,10778.732173918328,1,59
2019-01-08,10806.05,10816.9,10804.25,10813.35,14:10:00,10781.333871640392,1,60
2019-01-08,10810.6,10815.4,10805.85,10806.4,14:15:00,10784.121121960356,1,61
2019-01-08,10805.45,10813.75,10805.05,10812.75,14:20:00,10786.152443678418,1,62
2019-01-08,10811.65,10812.75,10803.3,10806.65,14:25:00,10788.580782375711,1,63
2019-01-08,10813.05,10818.45,10811.7,10812.35,14:30:00,10790.911184054214,1,64
2019-01-08,10807.45,10815.25,10804.05,10813.4,14:35:00,10792.486309382384,1,65
2019-01-08,10801.1,10810.5,10800.75,10807.9,14:40:00,10793.306660869775,1,66
2019-01-08,10801.35,10802.4,10792.9,10801.55,14:45:00,10794.072693167893,1,67
2019-01-08,10800.45,10804.55,10798.3,10802.25,14:50:00,10794.680055723333,1,68
2019-01-08,10798.05,10802.3,10793.35,10802.3,14:55:00,10795.001002797298,1,69
2019-01-08,10805.6,10808.25,10797.85,10797.85,15:00:00,10796.01043110232,1,70
2019-01-08,10801.95,10807.75,10801.05,10806.5,15:05:00,10796.57610433067,1,71
2019-01-08,10809.85,10811.05,10801.0,10802.7,15:10:00,10797.840284870606,1,72
2019-01-08,10804.1,10811.7,10803.5,10811.05,15:15:00,10798.436448216264,1,73
2019-01-08,10796.8,10804.45,10795.75,10804.45,15:20:00,10798.28059600519,1,74
2019-01-08,10788.6,10798.6,10786.25,10796.15,15:25:00,10797.358634480886,1,75
2019-01-09,10853.65,10869.1,10853.3,10865.35,09:15:00,10802.719716911275,2,1
2019-01-09,10856.5,10866.55,10854.1,10854.1,09:20:00,10807.841648634014,2,2
2019-01-09,10853.5,10859.3,10851.35,10857.05,09:25:00,10812.190063049822,2,3
2019-01-09,10859.15,10862.1,10848.6,10853.85,09:30:00,10816.662437997458,2,4
2019-01-09,10862.85,10864.0,10855.65,10859.5,09:35:00,10821.061253426273,2,5
2019-01-09,10859.65,10870.4,10859.0,10862.8,09:40:00,10824.73637214758,2,6
2019-01-09,10854.15,10859.8,10851.75,10859.8,09:45:00,10827.537670038286,2,7
2019-01-09,10861.5,10865.6,10854.8,10855.1,09:50:00,10830.772177653687,2,8
2019-01-09,10861.8,10864.5,10857.9,10862.25,09:55:00,10833.727208353335,2,9
2019-01-09,10864.45,10865.8,10858.0,10862.3,10:00:00,10836.653188510163,2,10
2019-01-09,10854.5,10865.35,10853.75,10865.1,10:05:00,10838.352884842529,2,11
2019-01-09,10857.0,10857.85,10850.4,10854.75,10:10:00,10840.128800571812,2,12
2019-01-09,10848.8,10857.35,10846.85,10857.3,10:15:00,10840.954629088785,2,13
2019-01-09,10853.1,10853.3,10847.9,10849.3,10:20:00,10842.111331080328,2,14
2019-01-09,10859.2,10859.8,10852.25,10853.0,10:25:00,10843.738823358392,2,15
2019-01-09,10854.4,10859.9,10853.95,10859.9,10:30:00,10844.754173514735,2,16
2019-01-09,10852.0,10857.35,10851.85,10854.6,10:35:00,10845.444252227617,2,17
2019-01-09,10851.4,10853.9,10848.05,10851.8,10:40:00,10846.011466301175,2,18
2019-01-09,10846.65,10856.9,10845.9,10850.9,10:45:00,10846.0722790344,2,19
2019-01-09,10847.3,10849.85,10843.2,10846.45,10:50:00,10846.189204840648,2,20
2019-01-09,10839.65,10847.9,10839.35,10847.7,10:55:00,10845.566423427254,2,21
2019-01-09,10842.95,10842.95,10835.2,10839.75,11:00:00,10845.317240243705,2,22
2019-01-09,10839.1,10843.8,10837.35,10842.65,11:05:00,10844.725122125255,2,23
2019-01-09,10842.9,10843.55,10837.6,10839.3,11:10:00,10844.551300970468,2,24
2019-01-09,10835.95,10843.15,10834.9,10843.15,11:15:00,10843.732129449472,2,25
2019-01-09,10834.1,10837.4,10832.95,10835.85,11:20:00,10842.814783787617,2,26
2019-01-09,10837.65,10839.8,10833.85,10834.3,11:25:00,10842.322899617368,2,27
2019-01-09,10839.8,10840.5,10835.25,10837.85,11:30:00,10842.082623463331,2,28
2019-01-09,10838.0,10842.65,10837.75,10839.85,11:35:00,10841.693802181111,2,29
2019-01-09,10835.65,10839.75,10835.35,10838.25,11:40:00,10841.118201973386,2,30
2019-01-09,10836.3,10836.65,10831.7,10835.7,11:45:00,10840.659325594968,2,31
2019-01-09,10835.1,10837.15,10833.3,10836.4,11:50:00,10840.129866014497,2,32
2019-01-09,10839.9,10840.4,10834.8,10835.2,11:55:00,10840.107974013115,2,33
2019-01-09,10836.45,10840.45,10835.9,10839.85,12:00:00,10839.759595535676,2,34
2019-01-09,10830.75,10839.3,10829.1,10836.4,12:05:00,10838.901538817992,2,35
2019-01-09,10834.5,10835.6,10830.3,10830.95,12:10:00,10838.48234464485,2,36
2019-01-09,10838.5,10839.65,10831.55,10834.8,12:15:00,10838.484026107246,2,37
2019-01-09,10832.45,10839.95,10830.8,10838.8,12:20:00,10837.909356954176,2,38
2019-01-09,10822.1,10832.0,10817.3,10832.0,12:25:00,10836.40370391092,2,39
2019-01-09,10828.45,10828.55,10821.0,10822.15,12:30:00,10835.646208300355,2,40
2019-01-09,10834.2,10837.35,10827.75,10828.5,12:35:00,10835.508474176511,2,41
2019-01-09,10839.55,10842.15,10832.55,10835.95,12:40:00,10835.893381397798,2,42
2019-01-09,10847.8,10847.85,10839.65,10840.85,12:45:00,10837.0273450742,2,43
2019-01-09,10847.7,10848.85,10841.45,10848.85,12:50:00,10838.043788400466,2,44
2019-01-09,10846.5,10851.4,10845.6,10848.45,12:55:00,10838.849141886136,2,45
2019-01-09,10843.9,10849.95,10842.65,10846.35,13:00:00,10839.330175992218,2,46
2019-01-09,10851.6,10851.6,10843.6,10844.4,13:05:00,10840.498730659629,2,47
2019-01-09,10849.45,10853.4,10847.0,10852.2,13:10:00,10841.351232501567,2,48
2019-01-09,10853.55,10855.35,10849.2,10850.75,13:15:00,10842.51301988237,2,49
2019-01-09,10854.4,10859.1,10853.2,10854.2,13:20:00,10843.645113226909,2,50
2019-01-09,10855.35,10858.7,10852.4,10855.15,13:25:00,10844.759864348154,2,51
2019-01-09,10858.75,10863.75,10856.4,10857.9,13:30:00,10846.092258219758,2,52
2019-01-09,10860.45,10861.25,10849.4,10859.95,13:35:00,10847.45966219883,2,53
2019-01-09,10846.8,10860.2,10846.55,10860.2,13:40:00,10847.396837227512,2,54
2019-01-09,10836.9,10847.7,10836.35,10847.7,13:45:00,10846.39713844394,2,55
2019-01-09,10822.7,10838.25,10811.8,10838.25,13:50:00,10844.140268115949,2,56
2019-01-09,10786.95,10824.5,10774.7,10824.5,13:55:00,10838.693575914427,2,57
2019-01-09,10773.15,10787.35,10749.4,10787.35,14:00:00,10832.451330589243,2,58
2019-01-09,10767.75,10782.95,10766.25,10774.9,14:05:00,10826.289299104556,2,59
2019-01-09,10796.95,10800.6,10765.8,10766.8,14:10:00,10823.495080142216,2,60
2019-01-09,10801.2,10801.2,10787.3,10798.85,14:15:00,10821.371739176291,2,61
2019-01-09,10790.75,10805.35,10790.75,10802.5,14:20:00,10818.455383064262,2,62
2019-01-09,10798.65,10802.5,10792.2,10793.0,14:25:00,10816.56915610576,2,63
2019-01-09,10791.5,10802.1,10783.4,10799.9,14:30:00,10814.181617429022,2,64
2019-01-09,10801.2,10803.55,10788.65,10791.1,14:35:00,10812.945272911971,2,65
2019-01-09,10815.85,10822.5,10795.95,10799.6,14:40:00,10813.221913587024,2,66
2019-01-09,10819.7,10821.25,10811.85,10816.7,14:45:00,10813.838874197783,2,67
2019-01-09,10837.15,10842.95,10820.15,10820.15,14:50:00,10816.058981417042,2,68
2019-01-09,10833.2,10839.6,10826.7,10837.25,14:55:00,10817.691459377324,2,69
2019-01-09,10851.7,10852.15,10834.2,10834.2,15:00:00,10820.930368008056,2,70
2019-01-09,10857.1,10858.2,10846.5,10851.6,15:05:00,10824.375094864432,2,71
2019-01-09,10860.1,10865.75,10852.05,10856.6,15:10:00,10827.777466782103,2,72
2019-01-09,10857.35,10864.85,10856.6,10860.25,15:15:00,10830.59389851714,2,73
2019-01-09,10855.65,10858.85,10851.55,10858.05,15:20:00,10832.98019389646,2,74
2019-01-09,10849.8,10855.8,10847.0,10855.8,15:25:00,10834.582080192034,2,75
2019-01-10,10848.55,10855.5,10829.7,10855.5,09:15:00,10835.912358268984,3,1
2019-01-10,10844.7,10857.0,10838.55,10848.7,09:20:00,10836.74927652908,3,2
2019-01-10,10840.15,10847.7,10833.65,10844.4,09:25:00,10837.073154954882,3,3
2019-01-10,10828.35,10845.45,10827.45,10839.75,09:30:00,10836.242378292513,3,4
2019-01-10,10832.75,10832.75,10825.35,10828.8,09:35:00,10835.909770836082,3,5
2019-01-10,10837.6,10842.4,10833.2,10833.2,09:40:00,10836.070745042169,3,6
2019-01-10,10839.45,10843.35,10834.9,10837.65,09:45:00,10836.392578847675,3,7
2019-01-10,10846.7,10848.5,10838.0,10839.35,09:50:00,10837.37423800504,3,8
2019-01-10,10840.8,10851.0,10840.8,10846.4,09:55:00,10837.70050105218,3,9
2019-01-10,10835.8,10844.5,10834.4,10841.35,10:00:00,10837.519500951974,3,10
2019-01-10,10838.65,10841.05,10835.7,10835.7,10:05:00,10837.627167527977,3,11
2019-01-10,10840.9,10843.45,10835.45,10838.95,10:10:00,10837.938865858649,3,12
2019-01-10,10838.55,10841.85,10836.85,10840.65,10:15:00,10837.997069110204,3,13
2019-01-10,10851.2,10851.2,10837.3,10838.65,10:20:00,10839.25449109971,3,14
2019-01-10,10847.9,10851.75,10847.1,10850.75,10:25:00,10840.077872899736,3,15
2019-01-10,10854.85,10857.2,10847.1,10847.75,10:30:00,10841.48474214738,3,16
2019-01-10,10855.75,10856.05,10853.35,10854.15,10:35:00,10842.843338133343,3,17
2019-01-10,10843.9,10859.2,10843.55,10855.65,10:40:00,10842.943972596837,3,18
2019-01-10,10847.5,10849.05,10842.35,10843.5,10:45:00,10843.377879968566,3,19
2019-01-10,10844.85,10849.65,10844.2,10847.15,10:50:00,10843.518081876322,3,20
2019-01-10,10842.5,10844.9,10840.55,10844.4,10:55:00,10843.421121697624,3,21
2019-01-10,10833.8,10844.25,10832.95,10841.9,11:00:00,10842.504824393089,3,22
2019-01-10,10839.75,10840.0,10832.6,10833.55,11:05:00,10842.242460165176,3,23
2019-01-10,10831.4,10840.8,10831.3,10839.65,11:10:00,10841.209844911353,3,24
2019-01-10,10829.5,10831.85,10825.75,10831.6,11:15:00,10840.09462158646,3,25
2019-01-10,10832.65,10834.05,10828.75,10829.15,11:20:00,10839.385610006795,3,26
2019-01-10,10831.8,10832.4,10827.05,10832.4,11:25:00,10838.66317095853,3,27
2019-01-10,10830.4,10836.85,10830.35,10831.95,11:30:00,10837.876202295814,3,28
2019-01-10,10828.75,10830.65,10826.75,10830.35,11:35:00,10837.007040172404,3,29
2019-01-10,10831.8,10834.2,10828.6,10828.6,11:40:00,10836.511131584555,3,30
2019-01-10,10829.7,10834.45,10828.25,10831.95,11:45:00,10835.862452386027,3,31
2019-01-10,10825.25,10829.95,10821.45,10829.95,11:50:00,10834.851742634975,3,32
2019-01-10,10824.65,10826.15,10820.45,10825.3,11:55:00,10833.880148098311,3,33
2019-01-10,10822.4,10824.55,10821.05,10824.35,12:00:00,10832.78680066038,3,34
2019-01-10,10815.1,10823.35,10813.0,10821.9,12:05:00,10831.102343454628,3,35
2019-01-10,10822.1,10822.1,10811.45,10814.35,12:10:00,10830.244977411328,3,36
2019-01-10,10822.9,10823.95,10820.15,10821.95,12:15:00,10829.545455753108,3,37
2019-01-10,10816.4,10823.1,10815.35,10822.95,12:20:00,10828.293507586144,3,38
2019-01-10,10816.0,10817.9,10814.2,10816.3,12:25:00,10827.122697339846,3,39
2019-01-10,10820.1,10823.3,10815.05,10816.1,12:30:00,10826.453869021763,3,40
2019-01-10,10822.5,10825.55,10820.55,10820.55,12:35:00,10826.077310067312,3,41
2019-01-10,10824.95,10828.15,10822.55,10824.2,12:40:00,10825.96994720376,3,42
2019-01-10,10822.85,10826.65,10822.85,10825.45,12:45:00,10825.67280937483,3,43
2019-01-10,10824.15,10826.2,10820.55,10824.55,12:50:00,10825.52777991056,3,44
2019-01-10,10819.8,10824.75,10816.0,10824.75,12:55:00,10824.982277061936,3,45
2019-01-10,10818.5,10824.55,10818.0,10820.75,13:00:00,10824.364917341753,3,46
2019-01-10,10821.8,10823.8,10818.1,10819.6,13:05:00,10824.12063949968,3,47
2019-01-10,10828.85,10829.3,10820.95,10822.0,13:10:00,10824.571054785423,3,48
2019-01-10,10827.9,10830.05,10825.9,10829.55,13:15:00,10824.888097186811,3,49
2019-01-10,10823.15,10829.85,10822.25,10828.2,13:20:00,10824.722564121405,3,50
2019-01-10,10820.35,10825.45,10817.6,10823.5,13:25:00,10824.306129443174,3,51
2019-01-10,10817.15,10825.2,10814.6,10820.5,13:30:00,10823.624593305727,3,52
2019-01-10,10818.6,10819.25,10810.55,10817.95,13:35:00,10823.146060609946,3,53
2019-01-10,10824.0,10825.15,10816.45,10819.3,13:40:00,10823.227388170904,3,54
2019-01-10,10818.45,10824.75,10814.85,10824.3,13:45:00,10822.772398821297,3,55
2019-01-10,10819.55,10821.1,10817.3,10819.05,13:50:00,10822.465503695455,3,56
2019-01-10,10822.55,10826.3,10818.85,10820.1,13:55:00,10822.473550962555,3,57
2019-01-10,10823.65,10828.0,10822.15,10823.35,14:00:00,10822.585593728025,3,58
2019-01-10,10833.0,10833.65,10821.8,10824.05,14:05:00,10823.577441944404,3,59
2019-01-10,10831.35,10836.75,10830.1,10833.05,14:10:00,10824.317685568743,3,60
2019-01-10,10824.8,10832.75,10821.35,10831.45,14:15:00,10824.363620276485,3,61
2019-01-10,10808.1,10825.1,10801.8,10824.95,14:20:00,10822.814704059676,3,62
2019-01-10,10810.8,10815.55,10806.7,10809.8,14:25:00,10821.670446530185,3,63
2019-01-10,10816.15,10817.7,10810.05,10810.9,14:30:00,10821.144689717785,3,64
2019-01-10,10812.55,10819.7,10809.05,10815.15,14:35:00,10820.3261478399,3,65
2019-01-10,10811.15,10817.75,10809.9,10812.3,14:40:00,10819.452228998003,3,66
2019-01-10,10813.4,10813.4,10809.05,10811.25,14:45:00,10818.87582623629,3,67
2019-01-10,10822.05,10824.7,10812.6,10812.95,14:50:00,10819.1781284995,3,68
2019-01-10,10826.6,10828.85,10819.95,10821.75,14:55:00,10819.884973404309,3,69
2019-01-10,10825.85,10836.2,10825.05,10825.9,15:00:00,10820.453071175329,3,70
2019-01-10,10826.9,10828.4,10820.5,10825.35,15:05:00,10821.067064396724,3,71
2019-01-10,10822.15,10828.05,10822.1,10826.85,15:10:00,10821.170201120844,3,72
2019-01-10,10817.3,10824.0,10815.7,10822.05,15:15:00,10820.801610537908,3,73
2019-01-10,10817.2,10818.35,10812.85,10817.1,15:20:00,10820.45860001049,3,74
2019-01-10,10815.75,10821.4,10814.15,10817.4,15:25:00,10820.010161914252,3,75
2019-01-11,10841.2,10844.8,10828.05,10831.0,09:15:00,10822.02824173194,4,1
2019-01-11,10837.05,10850.15,10836.65,10841.7,09:20:00,10823.458885376518,4,2
2019-01-11,10827.25,10844.45,10827.25,10837.15,09:25:00,10823.819943912087,4,3
2019-01-11,10827.15,10829.8,10820.6,10827.15,09:30:00,10824.137092110936,4,4
2019-01-11,10835.7,10837.6,10823.45,10826.15,09:35:00,10825.238321433704,4,5
2019-01-11,10841.9,10843.25,10835.45,10835.45,09:40:00,10826.825147963827,4,6
2019-01-11,10840.85,10848.05,10836.7,10842.2,09:45:00,10828.16084815775,4,7
2019-01-11,10836.35,10841.15,10834.65,10840.65,09:50:00,10828.94076738082,4,8
2019-01-11,10834.75,10838.25,10831.45,10836.0,09:55:00,10829.494027630266,4,9
2019-01-11,10828.1,10835.35,10825.5,10834.7,10:00:00,10829.36126309405,4,10
2019-01-11,10823.8,10828.55,10818.25,10828.3,10:05:00,10828.831618989856,4,11
2019-01-11,10823.7,10831.05,10823.7,10824.3,10:10:00,10828.342893371777,4,12
2019-01-11,10827.65,10828.7,10822.45,10824.75,10:15:00,10828.276903526845,4,13
2019-01-11,10814.7,10828.95,10810.15,10828.1,10:20:00,10826.983865095715,4,14
2019-01-11,10816.5,10820.45,10812.95,10814.35,10:25:00,10825.985401753269,4,15
2019-01-11,10815.45,10816.9,10812.85,10816.4,10:30:00,10824.982030157717,4,16
2019-01-11,10806.45,10816.2,10803.05,10815.55,10:35:00,10823.217074904602,4,17
2019-01-11,10805.25,10808.45,10802.25,10806.55,10:40:00,10821.505924913688,4,18
2019-01-11,10810.1,10814.0,10805.3,10805.7,10:45:00,10820.419646350478,4,19
2019-01-11,10812.2,10814.0,10808.25,10809.9,10:50:00,10819.636822888528,4,20
2019-01-11,10814.35,10818.05,10811.5,10811.85,10:55:00,10819.133315946763,4,21
2019-01-11,10813.05,10814.6,10811.0,10814.25,11:00:00,10818.553952523263,4,22
2019-01-11,10804.55,10813.1,10803.8,10813.1,11:05:00,10817.220242759144,4,23
2019-01-11,10807.4,10810.0,10801.2,10804.3,11:10:00,10816.284981543988,4,24
2019-01-11,10805.4,10807.85,10801.85,10807.85,11:15:00,10815.248316635038,4,25
2019-01-11,10807.9,10812.35,10805.7,10805.7,11:20:00,10814.548476955511,4,26
2019-01-11,10805.7,10809.7,10805.7,10807.7,11:25:00,10813.705764864511,4,27
2019-01-11,10785.1,10805.25,10784.15,10805.25,11:30:00,10810.981406305986,4,28
2019-01-11,10783.5,10787.25,10773.35,10785.05,11:35:00,10808.36412951494,4,29
2019-01-11,10784.15,10784.4,10773.95,10783.65,11:40:00,10806.058021942088,4,30
2019-01-11,10784.2,10789.55,10782.25,10784.2,11:45:00,10803.976305566652,4,31
2019-01-11,10784.15,10786.55,10779.3,10784.4,11:50:00,10802.088085988877,4,32
2019-01-11,10775.35,10784.55,10774.75,10783.9,11:55:00,10799.541601608982,4,33
2019-01-11,10767.8,10775.7,10757.65,10775.7,12:00:00,10796.518591931936,4,34
2019-01-11,10765.5,10769.85,10763.8,10768.15,12:05:00,10793.56444031937,4,35
2019-01-11,10775.75,10776.85,10763.8,10765.25,12:10:00,10791.86782695562,4,36
2019-01-11,10771.95,10775.95,10771.8,10775.55,12:15:00,10789.970891055083,4,37
2019-01-11,10778.05,10778.45,10771.35,10772.3,12:20:00,10788.835568097458,4,38
2019-01-11,10774.8,10780.05,10774.45,10778.3,12:25:00,10787.498847326273,4,39
2019-01-11,10772.35,10775.4,10769.0,10774.6,12:30:00,10786.056099961865,4,40
2019-01-11,10771.65,10777.35,10770.8,10772.2,12:35:00,10784.684090441688,4,41
2019-01-11,10768.4,10774.3,10767.9,10771.7,12:40:00,10783.133224685338,4,42
2019-01-11,10770.9,10771.45,10762.05,10767.9,12:45:00,10781.968155667686,4,43
2019-01-11,10769.7,10774.45,10769.7,10771.15,12:50:00,10780.799759889813,4,44
2019-01-11,10766.1,10769.8,10761.3,10769.55,12:55:00,10779.39978275745,4,45
2019-01-11,10767.2,10770.95,10764.25,10765.7,13:00:00,10778.237898685313,4,46
2019-01-11,10774.7,10775.5,10765.85,10767.55,13:05:00,10777.900955953375,4,47
2019-01-11,10770.5,10776.7,10770.4,10774.25,13:10:00,10777.196103005435,4,48
2019-01-11,10766.0,10774.5,10766.0,10770.6,13:15:00,10776.12980748111,4,49
2019-01-11,10763.75,10766.45,10758.8,10766.1,13:20:00,10774.950778197195,4,50
2019-01-11,10767.5,10769.25,10763.1,10763.8,13:25:00,10774.241180273651,4,51
2019-01-11,10766.45,10767.7,10762.65,10767.7,13:30:00,10773.499163104734,4,52
2019-01-11,10766.9,10767.55,10760.55,10766.2,13:35:00,10772.870671380471,4,53
2019-01-11,10755.8,10767.15,10755.8,10766.85,13:40:00,10771.244893153762,4,54
2019-01-11,10761.75,10762.95,10753.45,10755.75,13:45:00,10770.340617615308,4,55
2019-01-11,10757.8,10762.05,10756.65,10762.05,13:50:00,10769.146273080516,4,56
2019-01-11,10753.4,10758.2,10750.0,10758.2,13:55:00,10767.646628025228,4,57
2019-01-11,10749.65,10754.4,10741.75,10754.4,14:00:00,10765.932663451396,4,58
2019-01-11,10743.0,10750.5,10739.4,10749.2,14:05:00,10763.74860026555,4,59
2019-01-11,10757.6,10760.3,10742.5,10743.45,14:10:00,10763.163019287878,4,60
2019-01-11,10765.35,10769.55,10758.55,10759.0,14:15:00,10763.371303165222,4,61
2019-01-11,10763.9,10769.6,10761.85,10766.65,14:20:00,10763.421655244723,4,62
2019-01-11,10762.0,10765.5,10753.5,10765.1,14:25:00,10763.286259507133,4,63
2019-01-11,10766.6,10772.3,10761.75,10764.05,14:30:00,10763.601853839788,4,64
2019-01-11,10776.55,10776.85,10762.85,10766.7,14:35:00,10764.835010616953,4,65
2019-01-11,10783.55,10787.2,10772.95,10777.6,14:40:00,10766.617390558196,4,66
2019-01-11,10788.95,10788.95,10780.0,10784.65,14:45:00,10768.744305743128,4,67
2019-01-11,10784.65,10792.15,10784.45,10789.8,14:50:00,10770.259133767591,4,68
2019-01-11,10785.45,10789.4,10780.4,10786.6,14:55:00,10771.705882932583,4,69
2019-01-11,10805.4,10805.9,10787.4,10787.55,15:00:00,10774.914846462814,4,70
2019-01-11,10805.45,10810.05,10803.15,10805.6,15:05:00,10777.8229563235,4,71
2019-01-11,10805.55,10809.3,10801.45,10806.3,15:10:00,10780.463627149831,4,72
2019-01-11,10792.4,10807.05,10787.6,10806.25,15:15:00,10781.600424564134,4,73
2019-01-11,10786.8,10792.7,10784.55,10792.2,15:20:00,10782.095622224691,4,74
2019-01-11,10783.6,10790.2,10782.0,10786.6,15:25:00,10782.238896298531,4,75
2019-01-14,10754.55,10794.4,10745.3,10794.05,09:15:00,10779.601858555814,0,1
2019-01-14,10728.9,10753.7,10728.9,10753.7,09:20:00,10774.773110121929,0,2
2019-01-14,10737.45,10738.7,10727.55,10728.05,09:25:00,10771.218528205553,0,3
2019-01-14,10737.0,10742.35,10733.85,10736.5,09:30:00,10767.959620757403,0,4
2019-01-14,10738.3,10741.3,10736.15,10736.8,09:35:00,10765.134894970986,0,5
2019-01-14,10746.1,10746.7,10735.95,10738.6,09:40:00,10763.322047830894,0,6
2019-01-14,10746.1,10748.7,10744.0,10746.4,09:45:00,10761.681852799382,0,7
2019-01-14,10736.65,10746.75,10735.55,10746.55,09:50:00,10759.297866818488,0,8
2019-01-14,10728.3,10738.1,10722.9,10736.7,09:55:00,10756.345689026251,0,9
2019-01-14,10722.95,10730.3,10722.0,10727.05,10:00:00,10753.165147214228,0,10
2019-01-14,10724.8,10728.3,10720.45,10722.7,10:05:00,10750.463704622396,0,11
2019-01-14,10712.9,10727.6,10711.35,10725.15,10:10:00,10746.886208944072,0,12
2019-01-14,10716.2,10719.9,10711.3,10712.8,10:15:00,10743.96371285416,0,13
2019-01-14,10719.15,10722.45,10715.9,10715.9,10:20:00,10741.600502106145,0,14
2019-01-14,10714.95,10719.55,10709.1,10719.25,10:25:00,10739.062359048416,0,15
2019-01-14,10720.05,10722.55,10714.75,10715.15,10:30:00,10737.251658186664,0,16
2019-01-14,10726.9,10728.5,10719.1,10720.2,10:35:00,10736.26578597841,0,17
2019-01-14,10728.5,10729.05,10724.25,10727.0,10:40:00,10735.5261873138,0,18
2019-01-14,10730.05,10735.65,10728.85,10729.1,10:45:00,10735.004645664869,0,19
2019-01-14,10731.6,10734.0,10727.65,10730.15,10:50:00,10734.680393696784,0,20
2019-01-14,10727.8,10731.55,10722.7,10730.85,10:55:00,10734.025118106616,0,21
2019-01-14,10727.8,10729.4,10724.8,10728.0,11:00:00,10733.432249715508,0,22
2019-01-14,10721.55,10728.8,10718.95,10728.55,11:05:00,10732.30060688546,0,23
2019-01-14,10720.75,10723.3,10718.95,10720.75,11:10:00,10731.200549086843,0,24
2019-01-14,10717.5,10720.85,10715.4,10720.8,11:15:00,10729.895734888098,0,25
2019-01-14,10717.75,10718.1,10714.9,10717.3,11:20:00,10728.73899823209,0,26
2019-01-14,10718.2,10719.3,10715.8,10717.65,11:25:00,10727.735284114748,0,27
2019-01-14,10719.2,10721.4,10716.65,10718.25,11:30:00,10726.922399913345,0,28
2019-01-14,10715.8,10719.1,10715.15,10718.4,11:35:00,10725.863123731118,0,29
2019-01-14,10713.55,10716.5,10712.1,10716.05,11:40:00,10724.690445280536,0,30
2019-01-14,10715.5,10718.65,10712.5,10713.75,11:45:00,10723.815164777629,0,31
2019-01-14,10704.2,10718.2,10701.55,10715.3,11:50:00,10721.947053846425,0,32
2019-01-14,10694.55,10705.5,10692.35,10702.9,11:55:00,10719.337810622956,0,33
2019-01-14,10699.45,10699.8,10692.45,10694.1,12:00:00,10717.443733420769,0,34
2019-01-14,10700.5,10703.35,10698.15,10699.0,12:05:00,10715.830044523553,0,35
2019-01-14,10698.85,10702.35,10696.75,10700.4,12:10:00,10714.21289742607,0,36
2019-01-14,10701.95,10704.15,10699.0,10699.2,12:15:00,10713.045002433111,0,37
2019-01-14,10704.75,10706.15,10699.85,10701.55,12:20:00,10712.255002201386,0,38
2019-01-14,10703.75,10706.15,10701.0,10704.8,12:25:00,10711.44500199173,0,39
2019-01-14,10707.7,10709.7,10704.0,10704.2,12:30:00,10711.088335135371,0,40
2019-01-14,10708.2,10710.2,10706.0,10707.5,12:35:00,10710.813255598672,0,41
2019-01-14,10707.2,10712.05,10706.35,10708.15,12:40:00,10710.469136017846,0,42
2019-01-14,10703.95,10707.75,10703.65,10707.25,12:45:00,10709.848265920908,0,43
2019-01-14,10707.9,10708.35,10701.3,10704.05,12:50:00,10709.662716785582,0,44
2019-01-14,10709.6,10711.85,10707.55,10707.85,12:55:00,10709.656743758384,0,45
2019-01-14,10711.8,10715.65,10709.0,10709.65,13:00:00,10709.860863400443,0,46
2019-01-14,10711.5,10713.95,10707.5,10711.65,13:05:00,10710.01697164802,0,47
2019-01-14,10705.5,10712.1,10705.15,10711.25,13:10:00,10709.58678387202,0,48
2019-01-14,10706.55,10707.95,10703.15,10705.1,13:15:00,10709.297566360396,0,49
2019-01-14,10705.0,10708.4,10704.2,10706.0,13:20:00,10708.888274326073,0,50
2019-01-14,10705.85,10709.8,10704.05,10704.5,13:25:00,10708.598914866448,0,51
2019-01-14,10710.9,10711.2,10704.45,10705.6,13:30:00,10708.818065831549,0,52
2019-01-14,10717.85,10717.95,10710.45,10710.8,13:35:00,10709.678250038069,0,53
2019-01-14,10721.05,10728.55,10718.15,10718.15,13:40:00,10710.761273843964,0,54
2019-01-14,10717.75,10721.4,10714.15,10720.6,13:45:00,10711.426866811204,0,55
2019-01-14,10714.25,10720.15,10711.85,10717.9,13:50:00,10711.695736638709,0,56
2019-01-14,10713.9,10717.45,10711.75,10714.0,13:55:00,10711.905666482642,0,57
2019-01-14,10714.2,10717.65,10705.35,10715.35,14:00:00,10712.124174436676,0,58
2019-01-14,10720.95,10721.9,10713.6,10714.15,14:05:00,10712.96472925223,0,59
2019-01-14,10726.85,10729.75,10720.3,10720.4,14:10:00,10714.287135990113,0,60
2019-01-14,10731.25,10732.75,10726.55,10727.25,14:15:00,10715.902646848195,0,61
2019-01-14,10728.3,10732.25,10722.85,10731.0,14:20:00,10717.08334714837,0,62
2019-01-14,10729.0,10730.0,10725.1,10728.05,14:25:00,10718.218266467573,0,63
2019-01-14,10728.0,10735.65,10727.95,10728.85,14:30:00,10719.149860137326,0,64
2019-01-14,10728.5,10728.7,10723.25,10727.65,14:35:00,10720.040349648058,0,65
2019-01-14,10730.75,10733.3,10728.3,10728.45,14:40:00,10721.060316348245,0,66
2019-01-14,10730.9,10732.95,10728.55,10730.85,14:45:00,10721.997429076982,0,67
2019-01-14,10732.4,10732.75,10726.4,10731.05,14:50:00,10722.98815011727,0,68
2019-01-14,10728.1,10735.05,10725.3,10732.3,14:55:00,10723.474992963243,0,69
2019-01-14,10740.85,10741.3,10728.7,10728.7,15:00:00,10725.129755538172,0,70
2019-01-14,10737.25,10742.9,10735.95,10740.7,15:05:00,10726.284064534537,0,71
2019-01-14,10739.25,10740.55,10735.95,10736.8,15:10:00,10727.518915531247,0,72
2019-01-14,10736.5,10739.6,10731.5,10738.55,15:15:00,10728.374256909225,0,73
2019-01-14,10741.95,10742.65,10736.1,10736.8,15:20:00,10729.667184822629,0,74
2019-01-14,10741.05,10743.85,10738.1,10742.1,15:25:00,10730.751262458569,0,75
2019-01-15,10782.95,10789.15,10779.75,10784.45,09:15:00,10735.72257079585,1,1
2019-01-15,10787.45,10790.8,10778.95,10782.2,09:20:00,10740.648992624816,1,2
2019-01-15,10802.25,10804.4,10786.6,10787.25,09:25:00,10746.515755231976,1,3
2019-01-15,10825.55,10827.55,10802.6,10802.7,09:30:00,10754.042826162264,1,4
2019-01-15,10826.95,10837.5,10823.35,10826.45,09:35:00,10760.986366527764,1,5
2019-01-15,10821.0,10828.7,10819.7,10827.35,09:40:00,10766.701950667975,1,6
2019-01-15,10828.5,10828.9,10817.3,10821.45,09:45:00,10772.587479175789,1,7
2019-01-15,10825.15,10828.5,10822.6,10828.25,09:50:00,10777.593433539998,1,8
2019-01-15,10824.4,10832.4,10822.9,10824.7,09:55:00,10782.051201774284,1,9
2019-01-15,10822.5,10828.2,10822.2,10825.25,10:00:00,10785.903468271972,1,10
2019-01-15,10819.65,10825.45,10818.0,10822.8,10:05:00,10789.11742367464,1,11
2019-01-15,10821.6,10824.4,10818.25,10819.45,10:10:00,10792.211002372294,1,12
2019-01-15,10822.15,10825.75,10821.6,10821.65,10:15:00,10795.062335479694,1,13
2019-01-15,10817.15,10822.45,10815.15,10822.2,10:20:00,10797.165922576867,1,14
2019-01-15,10818.8,10820.25,10815.5,10816.9,10:25:00,10799.22631090288,1,15
2019-01-15,10825.7,10825.9,10818.7,10819.15,10:30:00,10801.747614626416,1,16
2019-01-15,10826.1,10828.75,10823.45,10825.65,10:35:00,10804.0668894239,1,17
2019-01-15,10828.55,10829.35,10823.85,10825.65,10:40:00,10806.39861424067,1,18
2019-01-15,10833.9,10835.55,10828.1,10828.45,10:45:00,10809.017793836796,1,19
2019-01-15,10831.0,10836.0,10829.85,10833.85,10:50:00,10811.11133728091,1,20
2019-01-15,10829.95,10834.55,10828.45,10830.85,10:55:00,10812.905495635108,1,21
2019-01-15,10834.5,10835.3,10830.35,10830.55,11:00:00,10814.962115098431,1,22
2019-01-15,10845.45,10848.9,10834.55,10834.85,11:05:00,10817.865723184295,1,23
2019-01-15,10840.6,10847.55,10839.7,10845.75,11:10:00,10820.03089240484,1,24
2019-01-15,10844.1,10844.6,10839.6,10841.1,11:15:00,10822.323188366285,1,25
2019-01-15,10846.05,10848.45,10843.45,10843.85,11:20:00,10824.582884712354,1,26
2019-01-15,10849.35,10849.8,10843.4,10846.15,11:25:00,10826.941657596892,1,27
2019-01-15,10856.55,10857.55,10849.1,10849.25,11:30:00,10829.76149973052,1,28
2019-01-15,10857.65,10861.5,10856.2,10856.45,11:35:00,10832.417547375231,1,29
2019-01-15,10855.05,10858.95,10854.5,10857.6,11:40:00,10834.573019053783,1,30
2019-01-15,10850.3,10858.9,10849.6,10854.9,11:45:00,10836.070826762949,1,31
2019-01-15,10850.55,10851.6,10844.85,10850.85,11:50:00,10837.449795642666,1,32
2019-01-15,10845.1,10851.7,10843.1,10850.9,11:55:00,10838.17838653384,1,33
2019-01-15,10844.15,10848.35,10841.6,10844.65,12:00:00,10838.747111625857,1,34
2019-01-15,10848.45,10848.8,10843.7,10843.7,12:05:00,10839.671196232915,1,35
2019-01-15,10847.2,10851.25,10845.6,10848.6,12:10:00,10840.388225163117,1,36
2019-01-15,10844.85,10847.35,10844.1,10846.9,12:15:00,10840.81315609996,1,37
2019-01-15,10843.8,10846.7,10843.05,10844.6,12:20:00,10841.097617423777,1,38
2019-01-15,10840.7,10845.75,10840.7,10843.5,12:25:00,10841.059749097702,1,39
2019-01-15,10839.15,10841.7,10835.85,10840.8,12:30:00,10840.877868231251,1,40
2019-01-15,10843.05,10843.3,10838.7,10839.1,12:35:00,10841.084737923517,1,41
2019-01-15,10841.6,10843.6,10840.55,10842.75,12:40:00,10841.133810502228,1,42
2019-01-15,10839.3,10842.0,10837.4,10841.45,12:45:00,10840.959161882967,1,43
2019-01-15,10841.2,10841.25,10836.65,10839.15,12:50:00,10840.982098846496,1,44
2019-01-15,10843.95,10844.45,10841.1,10841.1,12:55:00,10841.26475609921,1,45
2019-01-15,10844.1,10845.6,10843.3,10843.9,13:00:00,10841.534779327856,1,46
2019-01-15,10841.85,10844.2,10841.1,10843.85,13:05:00,10841.564800344251,1,47
2019-01-15,10843.45,10843.6,10839.35,10841.8,13:10:00,10841.74434316861,1,48
2019-01-15,10848.6,10849.65,10843.05,10843.75,13:15:00,10842.397262866838,1,49
2019-01-15,10843.85,10848.75,10842.85,10848.75,13:20:00,10842.535618784284,1,50
2019-01-15,10840.45,10845.55,10840.0,10844.65,13:25:00,10842.336988423876,1,51
2019-01-15,10850.65,10850.9,10840.0,10840.4,13:30:00,10843.128703812075,1,52
2019-01-15,10851.95,10852.1,10849.45,10850.35,13:35:00,10843.968827258546,1,53
2019-01-15,10855.1,10856.75,10850.05,10851.65,13:40:00,10845.02893894821,1,54
2019-01-15,10852.65,10857.1,10852.4,10855.25,13:45:00,10845.754754286476,1,55
2019-01-15,10847.65,10852.75,10844.9,10852.6,13:50:00,10845.93525387824,1,56
2019-01-15,10855.6,10855.6,10846.9,10847.7,13:55:00,10846.855705889837,1,57
2019-01-15,10850.5,10856.5,10846.25,10855.7,14:00:00,10847.202781519376,1,58
2019-01-15,10849.9,10853.55,10844.45,10850.95,14:05:00,10847.45965946991,1,59
2019-01-15,10852.2,10852.65,10845.75,10850.1,14:10:00,10847.911120472776,1,60
2019-01-15,10854.7,10856.7,10850.95,10852.4,14:15:00,10848.55768042775,1,61
2019-01-15,10853.95,10855.0,10851.6,10854.65,14:20:00,10849.071234672729,1,62
2019-01-15,10865.5,10866.35,10854.2,10854.5,14:25:00,10850.635878989611,1,63
2019-01-15,10862.85,10867.75,10861.6,10865.8,14:30:00,10851.799128609648,1,64
2019-01-15,10860.85,10865.35,10859.9,10863.15,14:35:00,10852.66111636111,1,65
2019-01-15,10856.85,10860.95,10854.55,10860.75,14:40:00,10853.060057660052,1,66
2019-01-15,10862.45,10862.7,10853.2,10857.2,14:45:00,10853.954337882904,1,67
2019-01-15,10856.15,10862.95,10854.9,10862.75,14:50:00,10854.163448560725,1,68
2019-01-15,10863.95,10865.35,10856.6,10856.6,14:55:00,10855.09550107875,1,69
2019-01-15,10875.3,10877.75,10864.4,10864.4,15:00:00,10857.01973907125,1,70
2019-01-15,10887.15,10888.2,10875.4,10875.4,15:05:00,10859.88928773113,1,71
2019-01-15,10889.55,10889.7,10884.15,10887.55,15:10:00,10862.714117471023,1,72
2019-01-15,10890.95,10893.55,10885.6,10889.8,15:15:00,10865.40324914045,1,73
2019-01-15,10895.05,10895.9,10891.05,10891.5,15:20:00,10868.226749222313,1,74
2019-01-15,10884.55,10896.95,10883.8,10896.75,15:25:00,10869.781344534473,1,75
2019-01-16,10895.0,10915.85,10893.75,10898.0,09:15:00,10872.183121245476,2,1
2019-01-16,10919.65,10921.75,10896.05,10896.05,09:20:00,10876.703776364957,2,2
2019-01-16,10920.65,10923.4,10916.0,10920.0,09:25:00,10880.889130996864,2,3
2019-01-16,10924.2,10928.15,10918.9,10920.9,09:30:00,10885.01397566383,2,4
2019-01-16,10916.8,10926.2,10915.3,10923.85,09:35:00,10888.0412160768,2,5
2019-01-16,10918.5,10918.8,10908.75,10916.7,09:40:00,10890.942052640914,2,6
2019-01-16,10913.25,10921.95,10913.0,10918.9,09:45:00,10893.066619056066,2,7
2019-01-16,10915.8,10916.7,10910.8,10913.65,09:50:00,10895.231702955489,2,8
2019-01-16,10920.25,10920.8,10912.5,10916.0,09:55:00,10897.614397912108,2,9
2019-01-16,10922.85,10924.7,10919.4,10920.15,10:00:00,10900.017788587144,2,10
2019-01-16,10917.25,10922.95,10914.35,10922.95,10:05:00,10901.658951578846,2,11
2019-01-16,10912.45,10917.5,10911.15,10917.5,10:10:00,10902.686670476098,2,12
2019-01-16,10903.0,10915.55,10901.35,10912.35,10:15:00,10902.716511383136,2,13
2019-01-16,10908.45,10911.55,10902.95,10903.05,10:20:00,10903.262557918077,2,14
2019-01-16,10901.65,10908.9,10900.35,10908.35,10:25:00,10903.108980973497,2,15
2019-01-16,10900.3,10902.5,10896.7,10901.85,10:30:00,10902.84145897602,2,16
2019-01-16,10909.35,10909.35,10899.8,10900.45,10:35:00,10903.461320025925,2,17
2019-01-16,10906.65,10909.05,10902.05,10909.0,10:40:00,10903.76500383298,2,18
2019-01-16,10908.5,10912.95,10905.35,10906.8,10:45:00,10904.215955848886,2,19
2019-01-16,10903.7,10909.6,10902.85,10908.25,10:50:00,10904.166817196612,2,20
2019-01-16,10898.6,10905.35,10898.0,10903.25,10:55:00,10903.636644130269,2,21
2019-01-16,10896.45,10902.95,10896.2,10898.65,11:00:00,10902.952201832148,2,22
2019-01-16,10887.9,10896.25,10887.45,10895.9,11:05:00,10901.518658800516,2,23
2019-01-16,10888.4,10893.1,10885.55,10888.3,11:10:00,10900.269262724278,2,24
2019-01-16,10880.9,10889.3,10880.65,10888.45,11:15:00,10898.42457103625,2,25
2019-01-16,10888.95,10889.0,10879.3,10881.0,11:20:00,10897.52223093756,2,26
2019-01-16,10892.1,10894.25,10888.8,10888.8,11:25:00,10897.005827991125,2,27
2019-01-16,10902.8,10902.9,10892.5,10892.85,11:30:00,10897.557653896733,2,28
2019-01-16,10903.8,10906.75,10901.35,10902.75,11:35:00,10898.152163049426,2,29
2019-01-16,10904.5,10906.95,10903.05,10903.75,11:40:00,10898.75671894948,2,30
2019-01-16,10905.35,10908.45,10904.05,10904.65,11:45:00,10899.3846504781,2,31
2019-01-16,10906.85,10907.3,10903.8,10905.2,11:50:00,10900.095636146854,2,32
2019-01-16,10910.5,10914.15,10906.8,10906.8,11:55:00,10901.086527942392,2,33
2019-01-16,10913.55,10914.8,10910.45,10910.8,12:00:00,10902.273525281213,2,34
2019-01-16,10911.8,10914.7,10909.8,10913.5,12:05:00,10903.180808587764,2,35
2019-01-16,10909.05,10912.4,10906.95,10911.9,12:10:00,10903.739779198451,2,36
2019-01-16,10905.3,10909.75,10905.3,10909.0,12:15:00,10903.888371655745,2,37
2019-01-16,10907.6,10909.7,10905.55,10906.0,12:20:00,10904.24186006948,2,38
2019-01-16,10903.4,10907.85,10902.15,10907.55,12:25:00,10904.161682920005,2,39
2019-01-16,10913.15,10913.4,10903.15,10903.8,12:30:00,10905.0177131181,2,40
2019-01-16,10917.5,10917.75,10913.2,10913.7,12:35:00,10906.206502344949,2,41
2019-01-16,10917.5,10920.65,10916.55,10917.15,12:40:00,10907.282073550192,2,42
2019-01-16,10920.95,10923.85,10915.85,10917.8,12:45:00,10908.583780831126,2,43
2019-01-16,10916.8,10921.75,10916.7,10921.35,12:50:00,10909.366277894827,2,44
2019-01-16,10916.5,10919.8,10916.45,10917.7,12:55:00,10910.04568000008,2,45
2019-01-16,10917.15,10918.1,10913.5,10916.9,13:00:00,10910.722281904837,2,46
2019-01-16,10908.7,10917.8,10908.7,10917.6,13:05:00,10910.529683628183,2,47
2019-01-16,10908.55,10911.45,10904.5,10908.65,13:10:00,10910.341142330262,2,48
2019-01-16,10907.55,10909.35,10903.2,10908.65,13:15:00,10910.075319251191,2,49
2019-01-16,10915.4,10917.05,10907.75,10907.75,13:20:00,10910.58243170346,2,50
2019-01-16,10912.4,10915.95,10912.0,10915.35,13:25:00,10910.755533445988,2,51
2019-01-16,10905.55,10913.5,10905.25,10912.35,13:30:00,10910.259768355894,2,52
2019-01-16,10898.4,10907.95,10897.6,10906.05,13:35:00,10909.130266607714,2,53
2019-01-16,10903.7,10903.7,10896.6,10898.5,13:40:00,10908.61309835936,2,54
2019-01-16,10894.65,10904.25,10890.5,10903.85,13:45:00,10907.283279467994,2,55
2019-01-16,10887.1,10898.95,10884.1,10894.25,13:50:00,10905.361062375803,2,56
2019-01-16,10897.6,10898.4,10886.6,10887.25,13:55:00,10904.62191357811,2,57
2019-01-16,10887.15,10897.55,10886.9,10897.55,14:00:00,10902.957921808767,2,58
2019-01-16,10884.25,10888.75,10876.9,10887.35,14:05:00,10901.176214969835,2,59
2019-01-16,10890.0,10890.65,10883.9,10883.9,14:10:00,10900.111813544136,2,60
2019-01-16,10889.25,10892.0,10883.1,10889.65,14:15:00,10899.077355111363,2,61
2019-01-16,10893.4,10894.95,10889.15,10889.15,14:20:00,10898.536654624568,2,62
2019-01-16,10900.55,10900.9,10889.5,10893.3,14:25:00,10898.72840180318,2,63
2019-01-16,10896.0,10902.2,10892.7,10900.3,14:30:00,10898.468554012405,2,64
2019-01-16,10906.2,10908.95,10896.2,10896.35,14:35:00,10899.2048822017,2,65
2019-01-16,10899.1,10908.9,10897.4,10907.45,14:40:00,10899.194893420585,2,66
2019-01-16,10901.8,10902.35,10896.7,10900.55,14:45:00,10899.4429988091,2,67
2019-01-16,10888.5,10902.55,10888.0,10901.1,14:50:00,10898.400808446328,2,68
2019-01-16,10892.5,10894.05,10886.7,10888.4,14:55:00,10897.838826689534,2,69
2019-01-16,10896.75,10898.7,10891.05,10893.55,15:00:00,10897.73512890958,2,70
2019-01-16,10892.35,10898.3,10891.85,10897.5,15:05:00,10897.22225948962,2,71
2019-01-16,10892.25,10894.8,10889.15,10892.2,15:10:00,10896.748710966798,2,72
2019-01-16,10886.65,10893.6,10883.0,10893.25,15:15:00,10895.78692896996,2,73
2019-01-16,10890.1,10890.35,10884.7,10887.0,15:20:00,10895.245316687106,2,74
2019-01-16,10888.6,10893.15,10886.7,10890.6,15:25:00,10894.612429383573,2,75
2019-01-17,10918.5,10929.25,10917.05,10917.3,09:15:00,10896.887436108946,3,1
2019-01-17,10911.4,10925.5,10910.65,10919.95,09:20:00,10898.26958505095,3,2
2019-01-17,10909.35,10916.1,10908.6,10912.15,09:25:00,10899.324862665146,3,3
2019-01-17,10909.45,10915.75,10907.85,10909.3,09:30:00,10900.28916145894,3,4
2019-01-17,10912.6,10914.05,10905.85,10908.55,09:35:00,10901.461622272374,3,5
2019-01-17,10910.2,10916.1,10910.2,10912.85,09:40:00,10902.293848722624,3,6
2019-01-17,10903.0,10910.1,10902.25,10909.95,09:45:00,10902.361101225231,3,7
2019-01-17,10910.4,10911.25,10899.55,10903.5,09:50:00,10903.126710632352,3,8
2019-01-17,10914.45,10918.45,10909.65,10910.3,09:55:00,10904.205119143557,3,9
2019-01-17,10912.75,10917.55,10911.95,10915.25,10:00:00,10905.018917320362,3,10
2019-01-17,10913.55,10916.55,10910.25,10913.2,10:05:00,10905.831401385089,3,11
2019-01-17,10915.2,10917.5,10911.5,10913.5,10:10:00,10906.723648872225,3,12
2019-01-17,10921.5,10924.8,10914.95,10915.55,10:15:00,10908.1309204082,3,13
2019-01-17,10918.9,10924.5,10918.5,10921.55,10:20:00,10909.156547035993,3,14
2019-01-17,10917.55,10918.9,10915.3,10918.55,10:25:00,10909.955923508754,3,15
2019-01-17,10912.05,10917.75,10909.65,10917.25,10:30:00,10910.155359365064,3,16
2019-01-17,10909.2,10913.95,10907.8,10911.95,10:35:00,10910.064372758869,3,17
2019-01-17,10906.75,10914.55,10906.35,10909.1,10:40:00,10909.748718210403,3,18
2019-01-17,10905.85,10907.7,10902.6,10906.55,10:45:00,10909.377411714177,3,19
2019-01-17,10903.2,10910.1,10902.75,10905.8,10:50:00,10908.789086789016,3,20
2019-01-17,10908.45,10908.6,10900.85,10903.75,10:55:00,10908.75679280911,3,21
2019-01-17,10913.2,10913.65,10906.8,10908.75,11:00:00,10909.179955398718,3,22
2019-01-17,10918.85,10918.85,10912.8,10913.95,11:05:00,10910.100912027412,3,23
2019-01-17,10919.05,10921.7,10916.4,10918.5,11:10:00,10910.95320612004,3,24
2019-01-17,10917.4,10920.8,10914.65,10918.65,11:15:00,10911.56718648956,3,25
2019-01-17,10915.65,10920.45,10915.4,10917.0,11:20:00,10911.956025871506,3,26
2019-01-17,10915.4,10917.25,10913.4,10915.5,11:25:00,10912.284023407552,3,27
2019-01-17,10912.35,10915.8,10909.15,10915.2,11:30:00,10912.290306892546,3,28
2019-01-17,10912.15,10912.9,10908.7,10912.1,11:35:00,10912.276944331352,3,29
2019-01-17,10910.75,10913.95,10910.35,10912.05,11:40:00,10912.1315210617,3,30
2019-01-17,10911.7,10913.2,10908.25,10910.45,11:45:00,10912.090423817728,3,31
2019-01-17,10907.7,10911.65,10905.35,10911.35,11:50:00,10911.67228821604,3,32
2019-01-17,10904.4,10907.9,10901.6,10907.35,11:55:00,10910.979689338325,3,33
2019-01-17,10896.65,10904.3,10893.8,10904.3,12:00:00,10909.614957020389,3,34
2019-01-17,10895.8,10898.85,10895.05,10896.15,12:05:00,10908.29924682797,3,35
2019-01-17,10897.15,10901.15,10895.45,10896.05,12:10:00,10907.237413796734,3,36
2019-01-17,10890.45,10896.85,10887.45,10896.85,12:15:00,10905.63861248276,3,37
2019-01-17,10897.5,10902.6,10890.2,10890.2,12:20:00,10904.86350653202,3,38
2019-01-17,10892.6,10899.4,10891.6,10897.05,12:25:00,10903.69555352897,3,39
2019-01-17,10890.35,10897.4,10889.9,10892.3,12:30:00,10902.424548430972,3,40
2019-01-17,10896.1,10896.6,10889.05,10889.55,12:35:00,10901.822210485168,3,41
2019-01-17,10898.65,10899.1,10894.55,10896.2,12:40:00,10901.520095200864,3,42
2019-01-17,10895.25,10898.95,10892.1,10898.25,12:45:00,10900.922943276972,3,43
2019-01-17,10895.35,10897.6,10893.6,10894.75,12:50:00,10900.392186774405,3,44
2019-01-17,10893.35,10896.0,10890.9,10895.1,12:55:00,10899.7215023197,3,45
2019-01-17,10890.45,10893.4,10882.25,10893.4,13:00:00,10898.838502098775,3,46
2019-01-17,10892.0,10892.8,10888.05,10890.55,13:05:00,10898.187216184608,3,47
2019-01-17,10889.0,10894.9,10889.0,10892.1,13:10:00,10897.312243214645,3,48
2019-01-17,10874.4,10889.05,10869.9,10888.75,13:15:00,10895.13012481325,3,49
2019-01-17,10873.1,10875.4,10864.65,10874.2,13:20:00,10893.032017688178,3,50
2019-01-17,10876.15,10881.95,10871.45,10873.5,13:25:00,10891.42420647978,3,51
2019-01-17,10873.75,10880.8,10871.0,10876.95,13:30:00,10889.740948719802,3,52
2019-01-17,10871.85,10877.0,10866.25,10874.4,13:35:00,10888.037048841725,3,53
2019-01-17,10867.25,10874.2,10863.4,10872.1,13:40:00,10886.057329904415,3,54
2019-01-17,10849.45,10869.05,10844.65,10866.7,13:45:00,10882.570917532568,3,55
2019-01-17,10856.2,10858.65,10847.95,10848.95,13:50:00,10880.059401577086,3,56
2019-01-17,10860.5,10863.9,10855.45,10855.8,13:55:00,10878.196601426887,3,57
2019-01-17,10862.45,10863.2,10855.6,10860.1,14:00:00,10876.696925100518,3,58
2019-01-17,10862.0,10864.65,10861.0,10862.25,14:05:00,10875.297217948088,3,59
2019-01-17,10873.5,10873.9,10857.35,10861.95,14:10:00,10875.126054333983,3,60
2019-01-17,10884.7,10889.55,10873.5,10873.95,14:15:00,10876.037858683128,3,61
2019-01-17,10897.25,10897.85,10881.75,10884.65,14:20:00,10878.058062618067,3,62
2019-01-17,10907.25,10907.5,10894.9,10898.05,14:25:00,10880.838247130634,3,63
2019-01-17,10906.8,10911.7,10902.85,10907.2,14:30:00,10883.310795022957,3,64
2019-01-17,10911.7,10912.9,10903.6,10907.3,14:35:00,10886.014528830294,3,65
2019-01-17,10904.4,10913.25,10902.9,10911.3,14:40:00,10887.765526084551,3,66
2019-01-17,10914.6,10916.0,10904.0,10904.0,14:45:00,10890.321190266975,3,67
2019-01-17,10922.4,10923.65,10913.95,10914.2,14:50:00,10893.376315003454,3,68
2019-01-17,10924.4,10930.65,10920.8,10922.05,14:55:00,10896.330951669792,3,69
2019-01-17,10914.6,10928.45,10914.2,10925.15,15:00:00,10898.070861034574,3,70
2019-01-17,10913.75,10921.35,10913.45,10914.7,15:05:00,10899.564112364616,3,71
2019-01-17,10906.45,10913.7,10898.75,10913.7,15:10:00,10900.219911187032,3,72
2019-01-17,10896.85,10906.55,10894.15,10906.55,15:15:00,10899.898967264457,3,73
2019-01-17,10897.9,10901.75,10895.6,10896.45,15:20:00,10899.708589429749,3,74
2019-01-17,10890.1,10899.25,10889.25,10897.45,15:25:00,10898.793485674532,3,75
2019-01-18,10915.35,10928.2,10913.15,10914.35,09:15:00,10900.370296562673,4,1
2019-01-18,10900.0,10915.7,10899.75,10915.7,09:20:00,10900.33503022337,4,2
2019-01-18,10884.95,10900.35,10883.35,10899.5,09:25:00,10898.869789249717,4,3
2019-01-18,10873.25,10893.35,10873.25,10884.75,09:30:00,10896.42980932117,4,4
2019-01-18,10887.4,10889.6,10873.15,10874.45,09:35:00,10895.569827481058,4,5
2019-01-18,10891.45,10897.15,10883.4,10887.2,09:40:00,10895.177462959053,4,6
2019-01-18,10903.5,10906.95,10890.55,10891.4,09:45:00,10895.97008553438,4,7
2019-01-18,10889.9,10903.05,10888.15,10903.05,09:50:00,10895.391982150151,4,8
2019-01-18,10890.8,10891.8,10881.95,10889.95,09:55:00,10894.954650516804,4,9
2019-01-18,10880.1,10892.6,10879.95,10891.15,10:00:00,10893.539921896156,4,10
2019-01-18,10868.25,10885.15,10867.95,10880.55,10:05:00,10891.131357906048,4,11
2019-01-18,10874.55,10874.6,10865.75,10867.9,10:10:00,10889.552180962612,4,12
2019-01-18,10863.65,10874.55,10863.65,10873.85,10:15:00,10887.085306585222,4,13
2019-01-18,10862.9,10864.45,10852.2,10864.2,10:20:00,10884.781944053297,4,14
2019-01-18,10868.65,10872.35,10860.3,10863.1,10:25:00,10883.245568429173,4,15
2019-01-18,10867.9,10874.0,10863.25,10868.7,10:30:00,10881.784085721632,4,16
2019-01-18,10864.95,10868.6,10863.7,10868.45,10:35:00,10880.18083946243,4,17
2019-01-18,10870.4,10870.65,10859.95,10865.05,10:40:00,10879.249330942195,4,18
2019-01-18,10892.65,10893.35,10870.0,10870.0,10:45:00,10880.52558513818,4,19
2019-01-18,10894.2,10900.2,10890.95,10892.05,10:50:00,10881.827910363114,4,20
2019-01-18,10888.5,10895.05,10886.15,10894.8,10:55:00,10882.463347471388,4,21
2019-01-18,10887.85,10892.65,10884.7,10888.85,11:00:00,10882.976361997924,4,22
2019-01-18,10887.65,10889.1,10884.6,10888.2,11:05:00,10883.421470379071,4,23
2019-01-18,10879.05,10887.45,10878.85,10887.45,11:10:00,10883.00513986678,4,24
2019-01-18,10884.15,10884.4,10874.8,10878.9,11:15:00,10883.114174165185,4,25
2019-01-18,10878.75,10885.2,10878.6,10883.1,11:20:00,10882.698538530403,4,26
2019-01-18,10886.9,10887.0,10877.9,10878.7,11:25:00,10883.098677717984,4,27
2019-01-18,10884.55,10889.35,10884.2,10887.1,11:30:00,10883.2368988877,4,28
2019-01-18,10886.3,10887.6,10882.0,10884.3,11:35:00,10883.528622803156,4,29
2019-01-18,10885.75,10888.6,10884.4,10886.4,11:40:00,10883.740182536189,4,30
2019-01-18,10882.45,10885.9,10878.85,10885.7,11:45:00,10883.617308008932,4,31
2019-01-18,10885.1,10885.1,10880.95,10882.55,11:50:00,10883.758516769984,4,32
2019-01-18,10888.45,10888.55,10882.4,10884.95,11:55:00,10884.205324696652,4,33
2019-01-18,10882.55,10888.35,10880.2,10888.2,12:00:00,10884.047674725543,4,34
2019-01-18,10874.15,10883.05,10873.55,10883.05,12:05:00,10883.105039037397,4,35
2019-01-18,10874.35,10877.65,10871.05,10874.05,12:10:00,10882.27122579574,4,36
2019-01-18,10880.45,10882.4,10874.15,10874.15,12:15:00,10882.097775719954,4,37
2019-01-18,10873.0,10882.0,10871.1,10880.6,12:20:00,10881.231320889485,4,38
2019-01-18,10873.85,10874.95,10872.15,10873.15,12:25:00,10880.528337947628,4,39
2019-01-18,10871.75,10874.3,10868.45,10873.9,12:30:00,10879.69230576214,4,40
2019-01-18,10874.85,10875.5,10866.45,10872.1,12:35:00,10879.231133784791,4,41
2019-01-18,10875.15,10878.5,10872.95,10874.55,12:40:00,10878.842454376718,4,42
2019-01-18,10868.4,10875.55,10867.45,10875.25,12:45:00,10877.84793491227,4,43
2019-01-18,10871.85,10873.15,10865.45,10868.65,12:50:00,10877.276703015865,4,44
2019-01-18,10871.8,10873.9,10870.2,10872.3,12:55:00,10876.755112252447,4,45
2019-01-18,10865.65,10872.9,10864.6,10871.75,13:00:00,10875.69748251412,4,46
2019-01-18,10867.85,10868.1,10862.5,10866.15,13:05:00,10874.95010322706,4,47
2019-01-18,10873.15,10875.1,10864.7,10867.8,13:10:00,10874.778664824482,4,48
2019-01-18,10882.15,10882.85,10873.0,10873.55,13:15:00,10875.48069674596,4,49
2019-01-18,10883.25,10886.8,10880.95,10882.25,13:20:00,10876.220630389202,4,50
2019-01-18,10882.2,10883.2,10876.25,10882.7,13:25:00,10876.79009416166,4,51
2019-01-18,10883.05,10885.9,10881.65,10882.3,13:30:00,10877.386275670073,4,52
2019-01-18,10887.85,10890.9,10882.65,10883.25,13:35:00,10878.382820844352,4,53
2019-01-18,10891.6,10896.7,10887.65,10887.8,13:40:00,10879.641599811555,4,54
2019-01-18,10887.05,10896.1,10884.9,10892.75,13:45:00,10880.347161734264,4,55
2019-01-18,10893.1,10893.6,10883.25,10886.9,13:50:00,10881.56171775957,4,56
2019-01-18,10903.75,10906.75,10892.8,10893.65,13:55:00,10883.674887496754,4,57
2019-01-18,10904.0,10913.5,10903.55,10904.0,14:00:00,10885.610612497065,4,58
2019-01-18,10902.65,10905.15,10895.55,10903.9,14:05:00,10887.233411306868,4,59
2019-01-18,10902.75,10905.8,10899.35,10903.3,14:10:00,10888.711181658597,4,60
2019-01-18,10906.6,10915.05,10902.05,10903.05,14:15:00,10890.41487864349,4,61
2019-01-18,10891.95,10909.3,10891.7,10907.3,14:20:00,10890.561080677444,4,62
2019-01-18,10894.85,10898.55,10882.05,10891.6,14:25:00,10890.969549184354,4,63
2019-01-18,10884.75,10904.05,10882.85,10895.2,14:30:00,10890.377211166797,4,64
2019-01-18,10896.45,10896.95,10884.0,10885.7,14:35:00,10890.955572008052,4,65
2019-01-18,10899.85,10903.5,10895.3,10896.6,14:40:00,10891.80266038824,4,66
2019-01-18,10901.9,10905.35,10898.7,10899.95,14:45:00,10892.764311779834,4,67
2019-01-18,10899.6,10904.2,10897.2,10902.1,14:50:00,10893.415329705564,4,68
2019-01-18,10891.5,10903.7,10891.4,10899.75,14:55:00,10893.232917352652,4,69
2019-01-18,10903.25,10910.1,10892.25,10892.25,15:00:00,10894.186925223828,4,70
2019-01-18,10910.15,10910.25,10902.85,10903.55,15:05:00,10895.707218059655,4,71
2019-01-18,10902.5,10913.05,10902.5,10909.35,15:10:00,10896.35414967302,4,72
2019-01-18,10908.2,10908.2,10899.45,10902.2,15:15:00,10897.482325894638,4,73
2019-01-18,10914.55,10914.9,10905.6,10908.15,15:20:00,10899.107818666578,4,74
2019-01-18,10907.35,10915.15,10907.2,10915.05,15:25:00,10899.89278831738,4,75
2019-01-22,10939.45,10943.75,10921.6,10943.75,09:15:00,10903.660141810964,1,1
2019-01-22,10922.75,10939.85,10921.3,10939.85,09:20:00,10905.478223543252,1,2
2019-01-22,10920.35,10928.65,10917.05,10923.05,09:25:00,10906.8945832058,1,3
2019-01-22,10916.4,10919.7,10908.65,10919.7,09:30:00,10907.799860995725,1,4
2019-01-22,10918.75,10923.05,10914.65,10916.7,09:35:00,10908.842731377084,1,5
2019-01-22,10916.35,10921.2,10916.3,10918.05,09:40:00,10909.55770934117,1,6
2019-01-22,10915.2,10917.5,10911.95,10915.65,09:45:00,10910.095070356296,1,7
2019-01-22,10920.65,10920.85,10912.45,10915.0,09:50:00,10911.100301750936,1,8
2019-01-22,10908.5,10921.8,10908.5,10920.9,09:55:00,10910.852653965132,1,9
2019-01-22,10904.85,10910.15,10902.65,10909.9,10:00:00,10910.28097263512,1,10
2019-01-22,10904.45,10911.7,10902.4,10905.1,10:05:00,10909.725641907964,1,11
2019-01-22,10909.85,10912.05,10902.85,10903.2,10:10:00,10909.737485535776,1,12
2019-01-22,10917.35,10921.05,10909.25,10910.15,10:15:00,10910.46248691332,1,13
2019-01-22,10912.8,10920.85,10912.5,10917.75,10:20:00,10910.68510720729,1,14
2019-01-22,10914.0,10919.95,10908.9,10913.25,10:25:00,10911.000811282784,1,15
2019-01-22,10914.15,10918.9,10912.95,10913.65,10:30:00,10911.300734017756,1,16
2019-01-22,10913.0,10919.2,10912.55,10914.45,10:35:00,10911.46256887321,1,17
2019-01-22,10916.8,10919.2,10912.75,10913.15,10:40:00,10911.970895647191,1,18
2019-01-22,10906.2,10916.45,10903.85,10916.45,10:45:00,10911.421286537934,1,19
2019-01-22,10911.6,10911.7,10904.4,10906.1,10:50:00,10911.438306867656,1,20
2019-01-22,10908.65,10914.3,10908.15,10910.7,10:55:00,10911.17275383264,1,21
2019-01-22,10908.0,10910.2,10906.1,10908.35,11:00:00,10910.870586800962,1,22
2019-01-22,10902.15,10910.7,10901.75,10907.6,11:05:00,10910.04005472468,1,23
2019-01-22,10895.2,10905.25,10894.5,10902.8,11:10:00,10908.626716179471,1,24
2019-01-22,10897.3,10897.9,10888.75,10895.1,11:15:00,10907.547981305235,1,25
2019-01-22,10900.3,10906.2,10897.0,10897.55,11:20:00,10906.857697371404,1,26
2019-01-22,10894.95,10900.45,10892.35,10900.1,11:25:00,10905.72363095508,1,27
2019-01-22,10895.4,10897.7,10894.1,10895.4,11:30:00,10904.740428006977,1,28
2019-01-22,10893.6,10896.0,10887.7,10895.7,11:35:00,10903.679434863456,1,29
2019-01-22,10892.3,10895.95,10885.45,10894.0,11:40:00,10902.595679162174,1,30
2019-01-22,10894.5,10894.75,10889.4,10893.0,11:45:00,10901.824662099109,1,31
2019-01-22,10898.0,10898.75,10892.95,10894.55,11:50:00,10901.46040856586,1,32
2019-01-22,10892.0,10899.6,10890.65,10898.35,11:55:00,10900.559417273873,1,33
2019-01-22,10887.9,10891.75,10884.95,10891.75,12:00:00,10899.353758485886,1,34
2019-01-22,10870.9,10889.6,10870.9,10887.8,12:05:00,10896.643876725324,1,35
2019-01-22,10876.55,10878.1,10864.15,10871.6,12:10:00,10894.730174180057,1,36
2019-01-22,10876.7,10880.35,10870.75,10876.65,12:15:00,10893.013014734335,1,37
2019-01-22,10877.85,10881.3,10873.55,10876.95,12:20:00,10891.56891809297,1,38
2019-01-22,10882.05,10882.05,10874.5,10878.6,12:25:00,10890.662354465068,1,39
2019-01-22,10887.9,10888.4,10881.8,10882.35,12:30:00,10890.399273087442,1,40
2019-01-22,10890.35,10892.15,10886.7,10888.3,12:35:00,10890.394580412449,1,41
2019-01-22,10885.35,10890.3,10883.75,10890.3,12:40:00,10889.91414418269,1,42
2019-01-22,10886.9,10887.35,10879.0,10885.5,12:45:00,10889.62708283196,1,43
2019-01-22,10888.55,10892.85,10885.85,10886.55,12:50:00,10889.524503514627,1,44
2019-01-22,10888.15,10889.05,10883.95,10888.5,12:55:00,10889.393598418,1,45
2019-01-22,10894.4,10897.0,10887.55,10888.25,13:00:00,10889.870398568666,1,46
2019-01-22,10890.5,10894.2,10887.35,10894.2,13:05:00,10889.930360609746,1,47
2019-01-22,10887.0,10891.35,10886.65,10890.9,13:10:00,10889.651278646914,1,48
2019-01-22,10890.4,10891.1,10886.55,10886.55,13:15:00,10889.722585442443,1,49
2019-01-22,10884.75,10890.35,10883.7,10890.35,13:20:00,10889.249005876498,1,50
2019-01-22,10884.0,10889.65,10883.05,10884.6,13:25:00,10888.749100554927,1,51
2019-01-22,10888.35,10888.35,10881.65,10883.6,13:30:00,10888.711090978268,1,52
2019-01-22,10899.05,10900.8,10887.85,10888.65,13:35:00,10889.695748980335,1,53
2019-01-22,10900.45,10904.3,10897.65,10899.3,13:40:00,10890.719963363164,1,54
2019-01-22,10899.05,10903.15,10896.5,10900.7,13:45:00,10891.51330018572,1,55
2019-01-22,10907.95,10909.9,10898.3,10898.4,13:50:00,10893.078700168033,1,56
2019-01-22,10900.95,10910.75,10900.9,10907.2,13:55:00,10893.828347771076,1,57
2019-01-22,10911.65,10916.4,10899.75,10901.0,14:00:00,10895.525647983355,1,58
2019-01-22,10919.05,10919.05,10907.65,10912.1,14:05:00,10897.76606246113,1,59
2019-01-22,10916.15,10920.85,10914.25,10918.85,14:10:00,10899.516913655309,1,60
2019-01-22,10910.4,10918.95,10907.55,10916.0,14:15:00,10900.553398069089,1,61
2019-01-22,10905.2,10911.05,10899.85,10910.35,14:20:00,10900.99593158632,1,62
2019-01-22,10903.0,10909.45,10899.0,10905.0,14:25:00,10901.186795244765,1,63
2019-01-22,10909.85,10913.3,10902.65,10902.65,14:30:00,10902.01186236431,1,64
2019-01-22,10911.2,10911.75,10904.7,10909.5,14:35:00,10902.88692309152,1,65
2019-01-22,10898.15,10912.0,10897.7,10911.25,14:40:00,10902.435787558992,1,66
2019-01-22,10898.65,10903.75,10891.6,10898.75,14:45:00,10902.075236362898,1,67
2019-01-22,10895.05,10899.1,10891.45,10899.1,14:50:00,10901.4061662331,1,68
2019-01-22,10894.25,10899.15,10891.7,10894.85,14:55:00,10900.724626591851,1,69
2019-01-22,10918.0,10921.5,10894.55,10894.55,15:00:00,10902.36990024977,1,70
2019-01-22,10919.2,10923.8,10917.25,10917.45,15:05:00,10903.97276689265,1,71
2019-01-22,10925.3,10927.7,10918.4,10919.65,15:10:00,10906.003931950492,1,72
2019-01-22,10929.6,10929.6,10923.5,10925.35,15:15:00,10908.251176526635,1,73
2019-01-22,10926.7,10931.05,10926.2,10929.4,15:20:00,10910.008207333622,1,74
2019-01-22,10918.6,10927.1,10916.35,10926.95,15:25:00,10910.826473301848,1,75
2019-01-23,10930.65,10931.65,10914.6,10928.65,09:15:00,10912.71442822548,2,1
2019-01-23,10934.2,10942.55,10931.1,10931.1,09:20:00,10914.760673156388,2,2
2019-01-23,10936.4,10938.0,10930.0,10935.25,09:25:00,10916.821561427209,2,3
2019-01-23,10929.85,10940.9,10928.4,10936.7,09:30:00,10918.062365100806,2,4
2019-01-23,10918.3,10931.75,10916.55,10930.0,09:35:00,10918.084996995967,2,5
2019-01-23,10929.05,10931.35,10917.9,10917.9,09:40:00,10919.129282996351,2,6
2019-01-23,10924.6,10930.55,10923.9,10929.65,09:45:00,10919.650303663366,2,7
2019-01-23,10926.35,10929.85,10922.2,10924.35,09:50:00,10920.28836998114,2,8
2019-01-23,10925.05,10929.15,10923.65,10925.95,09:55:00,10920.741858554366,2,9
2019-01-23,10918.55,10928.55,10918.35,10924.45,10:00:00,10920.533110120616,2,10
2019-01-23,10914.45,10919.9,10914.45,10918.45,10:05:00,10919.953766299606,2,11
2019-01-23,10919.25,10920.95,10914.35,10915.1,10:10:00,10919.886740937738,2,12
2019-01-23,10921.6,10923.1,10913.2,10918.45,10:15:00,10920.049908467478,2,13
2019-01-23,10922.05,10923.35,10918.25,10921.45,10:20:00,10920.240393375338,2,14
2019-01-23,10923.3,10924.8,10921.3,10921.9,10:25:00,10920.53178448245,2,15
2019-01-23,10920.65,10923.65,10919.3,10923.15,10:30:00,10920.543043103167,2,16
2019-01-23,10913.9,10922.4,10912.1,10920.75,10:35:00,10919.910372331437,2,17
2019-01-23,10918.2,10919.0,10911.05,10914.2,10:40:00,10919.747479728445,2,18
2019-01-23,10911.85,10919.35,10911.85,10917.5,10:45:00,10918.995338801926,2,19
2019-01-23,10908.0,10911.8,10905.5,10911.8,10:50:00,10917.948163677933,2,20
2019-01-23,10918.45,10918.6,10908.1,10908.1,10:55:00,10917.995957613368,2,21
2019-01-23,10913.7,10918.7,10913.15,10918.4,11:00:00,10917.586818793046,2,22
2019-01-23,10912.5,10917.8,10912.35,10914.3,11:05:00,10917.102359860375,2,23
2019-01-23,10914.85,10916.85,10908.85,10912.0,11:10:00,10916.887849397484,2,24
2019-01-23,10921.5,10922.9,10914.45,10914.8,11:15:00,10917.327101835815,2,25
2019-01-23,10926.9,10927.1,10917.8,10921.7,11:20:00,10918.238806422882,2,26
2019-01-23,10923.35,10927.05,10923.3,10927.05,11:25:00,10918.72558676356,2,27
2019-01-23,10926.95,10929.8,10922.1,10923.1,11:30:00,10919.508864214651,2,28
2019-01-23,10926.9,10929.5,10925.35,10927.25,11:35:00,10920.212781908493,2,29
2019-01-23,10923.8,10928.55,10923.3,10926.5,11:40:00,10920.554421726732,2,30
2019-01-23,10922.9,10925.45,10919.2,10923.95,11:45:00,10920.77781013371,2,31
2019-01-23,10925.0,10927.25,10923.35,10923.35,11:50:00,10921.179923454309,2,32
2019-01-23,10922.5,10925.6,10920.75,10925.25,11:55:00,10921.305645030088,2,33
2019-01-23,10927.05,10927.15,10920.2,10922.4,12:00:00,10921.852726455794,2,34
2019-01-23,10932.3,10935.85,10927.35,10927.35,12:05:00,10922.847704888574,2,35
2019-01-23,10934.8,10934.8,10931.55,10931.65,12:10:00,10923.986018708709,2,36
2019-01-23,10934.05,10940.25,10933.15,10934.55,12:15:00,10924.944493117404,2,37
2019-01-23,10938.5,10939.15,10932.6,10933.75,12:20:00,10926.235493772889,2,38
2019-01-23,10942.9,10944.7,10938.05,10939.15,12:25:00,10927.822589604042,2,39
2019-01-23,10936.1,10944.8,10936.05,10942.6,12:30:00,10928.610914403656,2,40
2019-01-23,10931.1,10938.35,10929.75,10936.3,12:35:00,10928.847970174738,2,41
2019-01-23,10931.75,10934.0,10931.1,10931.6,12:40:00,10929.12435396762,2,42
2019-01-23,10929.2,10932.55,10924.9,10931.7,12:45:00,10929.131558351655,2,43
2019-01-23,10931.6,10932.25,10926.9,10929.3,12:50:00,10929.36664803245,2,44
2019-01-23,10928.1,10933.0,10926.25,10931.75,12:55:00,10929.246014886505,2,45
2019-01-23,10932.75,10932.75,10926.2,10928.3,13:00:00,10929.579727754455,2,46
2019-01-23,10928.2,10932.9,10926.75,10932.55,13:05:00,10929.448325111174,2,47
2019-01-23,10927.6,10928.65,10923.8,10928.05,13:10:00,10929.272294148206,2,48
2019-01-23,10926.2,10930.3,10926.2,10928.05,13:15:00,10928.97969470552,2,49
2019-01-23,10925.25,10927.2,10923.05,10926.25,13:20:00,10928.624485685948,2,50
2019-01-23,10919.8,10925.2,10919.55,10924.85,13:25:00,10927.784058477762,2,51
2019-01-23,10915.3,10921.5,10911.3,10919.9,13:30:00,10926.595100527498,2,52
2019-01-23,10917.9,10918.9,10912.55,10915.35,13:35:00,10925.766995715356,2,53
2019-01-23,10911.25,10918.95,10906.85,10917.65,13:40:00,10924.384424694845,2,54
2019-01-23,10913.2,10916.05,10909.25,10911.05,13:45:00,10923.319241390574,2,55
2019-01-23,10919.5,10920.85,10912.05,10913.0,13:50:00,10922.955504115282,2,56
2019-01-23,10924.25,10926.1,10919.75,10920.15,13:55:00,10923.078789437635,2,57
2019-01-23,10926.55,10928.15,10922.35,10924.15,14:00:00,10923.409380919766,2,58
2019-01-23,10922.85,10928.25,10922.85,10926.75,14:05:00,10923.356106546456,2,59
2019-01-23,10926.75,10926.75,10919.6,10922.5,14:10:00,10923.67933449441,2,60
2019-01-23,10913.4,10927.4,10910.2,10926.9,14:15:00,10922.700350256848,2,61
2019-01-23,10903.65,10912.7,10898.7,10912.7,14:20:00,10920.886031184767,2,62
2019-01-23,10889.35,10905.1,10889.35,10904.15,14:25:00,10917.882599643362,2,63
2019-01-23,10881.8,10890.5,10879.0,10890.1,14:30:00,10914.446161582093,2,64
2019-01-23,10871.1,10885.4,10870.4,10882.7,14:35:00,10910.31795571713,2,65
2019-01-23,10875.7,10879.25,10869.45,10871.3,14:40:00,10907.021007553592,2,66
2019-01-23,10875.6,10876.0,10862.25,10875.85,14:45:00,10904.028530643724,2,67
2019-01-23,10871.5,10881.25,10869.65,10875.65,14:50:00,10900.930575344322,2,68
2019-01-23,10864.75,10873.1,10864.6,10871.65,14:55:00,10897.48480626391,2,69
2019-01-23,10864.05,10868.1,10860.0,10865.35,15:00:00,10894.30053900068,2,70
2019-01-23,10834.0,10864.8,10832.5,10863.65,15:05:00,10888.557630524425,2,71
2019-01-23,10826.9,10838.7,10823.25,10833.8,15:10:00,10882.685475236383,2,72
2019-01-23,10828.0,10828.1,10811.95,10826.75,15:15:00,10877.47733473768,2,73
2019-01-23,10823.7,10830.15,10817.05,10828.4,15:20:00,10872.355683810283,2,74
2019-01-23,10822.15,10828.05,10821.1,10822.95,15:25:00,10867.574190114065,2,75
2019-01-24,10836.45,10843.9,10827.85,10843.9,09:15:00,10864.609981531772,3,1
2019-01-24,10823.55,10836.85,10819.25,10836.2,09:20:00,10860.699507100177,3,2
2019-01-24,10820.15,10829.05,10819.0,10822.85,09:25:00,10856.837649281111,3,3
2019-01-24,10807.0,10819.6,10798.65,10819.6,09:30:00,10852.091206492436,3,4
2019-01-24,10817.2,10819.15,10807.0,10807.15,09:35:00,10848.76823444554,3,5
2019-01-24,10818.65,10821.35,10808.6,10817.55,09:40:00,10845.899831165012,3,6
2019-01-24,10834.85,10840.5,10819.05,10819.05,09:45:00,10844.847466292154,3,7
2019-01-24,10834.35,10838.55,10833.7,10834.7,09:50:00,10843.847707597664,3,8
2019-01-24,10827.55,10834.95,10825.55,10834.95,09:55:00,10842.295544969316,3,9
2019-01-24,10824.75,10828.9,10823.3,10827.6,10:00:00,10840.624540686522,3,10
2019-01-24,10825.4,10826.95,10818.5,10824.8,10:05:00,10839.174584430662,3,11
2019-01-24,10833.8,10835.1,10823.35,10824.85,10:10:00,10838.66271924679,3,12
2019-01-24,10835.4,10835.65,10828.55,10834.0,10:15:00,10838.35198408043,3,13
2019-01-24,10837.5,10838.85,10831.7,10835.65,10:20:00,10838.270842739435,3,14
2019-01-24,10837.55,10842.45,10833.7,10837.45,10:25:00,10838.202191049964,3,15
2019-01-24,10838.9,10839.35,10831.15,10837.35,10:30:00,10838.268649045203,3,16
2019-01-24,10844.05,10846.1,10837.05,10839.0,10:35:00,10838.819253898042,3,17
2019-01-24,10847.8,10849.2,10844.05,10844.15,10:40:00,10839.67456305061,3,18
2019-01-24,10854.75,10858.4,10847.35,10847.45,10:45:00,10841.110318950552,3,19
2019-01-24,10855.85,10856.45,10849.2,10855.0,10:50:00,10842.514098098118,3,20
2019-01-24,10851.35,10857.8,10851.05,10856.4,10:55:00,10843.355612564965,3,21
2019-01-24,10845.25,10852.45,10844.05,10851.4,11:00:00,10843.53603041592,3,22
2019-01-24,10837.3,10845.6,10835.8,10845.55,11:05:00,10842.942122757262,3,23
2019-01-24,10835.5,10839.45,10833.15,10837.2,11:10:00,10842.233349161334,3,24
2019-01-24,10829.05,10837.35,10825.0,10835.4,11:15:00,10840.97779209835,3,25
2019-01-24,10835.55,10840.3,10829.1,10829.1,11:20:00,10840.460859517556,3,26
2019-01-24,10840.85,10841.3,10834.55,10835.85,11:25:00,10840.497920515883,3,27
2019-01-24,10836.55,10842.1,10831.25,10841.15,11:30:00,10840.1219280858,3,28
2019-01-24,10823.05,10837.35,10821.65,10836.5,11:35:00,10838.496030172866,3,29
2019-01-24,10821.95,10824.95,10813.95,10822.95,11:40:00,10836.92021777545,3,30
2019-01-24,10825.6,10826.15,10821.1,10821.85,11:45:00,10835.842101796836,3,31
2019-01-24,10820.5,10828.1,10820.5,10825.55,11:50:00,10834.380949244756,3,32
2019-01-24,10825.55,10826.3,10819.95,10820.45,11:55:00,10833.539906459542,3,33
2019-01-24,10830.3,10834.5,10824.8,10825.75,12:00:00,10833.231343939586,3,34
2019-01-24,10829.95,10836.1,10829.4,10829.9,12:05:00,10832.918834992955,3,35
2019-01-24,10835.8,10836.2,10827.5,10829.8,12:10:00,10833.193231660294,3,36
2019-01-24,10844.15,10844.15,10834.6,10835.35,12:15:00,10834.236733406931,3,37
2019-01-24,10837.25,10845.45,10836.5,10843.6,12:20:00,10834.523711177702,3,38
2019-01-24,10833.4,10837.95,10832.85,10837.55,12:25:00,10834.41669106554,3,39
2019-01-24,10825.9,10835.15,10821.55,10833.95,12:30:00,10833.605577630726,3,40
2019-01-24,10823.1,10826.95,10819.95,10826.15,12:35:00,10832.6050464278,3,41
2019-01-24,10817.4,10824.3,10814.6,10822.95,12:40:00,10831.15694676801,3,42
2019-01-24,10814.8,10817.1,10809.8,10817.1,12:45:00,10829.599142313911,3,43
2019-01-24,10814.7,10819.35,10810.3,10815.25,12:50:00,10828.180176379255,3,44
2019-01-24,10814.4,10818.55,10811.3,10815.0,12:55:00,10826.86777862885,3,45
2019-01-24,10820.05,10822.35,10814.0,10814.25,13:00:00,10826.218466378485,3,46
2019-01-24,10815.95,10820.3,10814.5,10820.0,13:05:00,10825.24051719958,3,47
2019-01-24,10821.9,10824.45,10816.25,10816.25,13:10:00,10824.92237270438,3,48
2019-01-24,10824.2,10825.7,10817.05,10821.85,13:15:00,10824.853575303963,3,49
2019-01-24,10822.9,10825.55,10820.4,10824.15,13:20:00,10824.66752051311,3,50
2019-01-24,10820.7,10823.3,10812.9,10822.95,13:25:00,10824.289661416624,3,51
2019-01-24,10813.95,10821.05,10809.6,10821.05,13:30:00,10823.304931757895,3,52
2019-01-24,10815.4,10815.95,10810.55,10813.9,13:35:00,10822.552081114289,3,53
2019-01-24,10805.35,10817.75,10802.4,10815.55,13:40:00,10820.913787674832,3,54
2019-01-24,10803.45,10813.4,10801.85,10804.85,13:45:00,10819.250569801035,3,55
2019-01-24,10813.3,10813.9,10804.1,10804.8,13:50:00,10818.683848867606,3,56
2019-01-24,10820.35,10821.3,10813.95,10814.35,13:55:00,10818.842529927831,3,57
2019-01-24,10822.3,10822.35,10813.05,10819.15,14:00:00,10819.17181279185,3,58
2019-01-24,10832.45,10836.8,10823.5,10823.5,14:05:00,10820.436402049769,3,59
2019-01-24,10829.4,10838.35,10827.7,10833.3,14:10:00,10821.290078045027,3,60
2019-01-24,10830.85,10836.85,10827.8,10830.0,14:15:00,10822.200546802644,3,61
2019-01-24,10834.55,10835.55,10830.75,10832.8,14:20:00,10823.376685202396,3,62
2019-01-24,10837.3,10842.3,10834.4,10835.3,14:25:00,10824.70271518312,3,63
2019-01-24,10831.7,10840.65,10828.75,10839.45,14:30:00,10825.369123260918,3,64
2019-01-24,10832.6,10836.0,10831.3,10833.0,14:35:00,10826.05777818845,3,65
2019-01-24,10842.05,10842.9,10830.15,10832.25,14:40:00,10827.580846932407,3,66
2019-01-24,10833.3,10843.85,10832.3,10841.95,14:45:00,10828.12552817694,3,67
2019-01-24,10836.45,10839.3,10833.25,10834.75,14:50:00,10828.918335017232,3,68
2019-01-24,10823.6,10837.35,10823.45,10837.35,14:55:00,10828.411826920354,3,69
2019-01-24,10834.25,10834.8,10821.1,10825.6,15:00:00,10828.96784340413,3,70
2019-01-24,10842.3,10843.2,10832.05,10835.15,15:05:00,10830.237572603735,3,71
2019-01-24,10859.4,10862.85,10842.25,10842.25,15:10:00,10833.014946641477,3,72
2019-01-24,10856.05,10860.65,10850.45,10859.65,15:15:00,10835.20876124705,3,73
2019-01-24,10865.1,10866.6,10853.5,10855.95,15:20:00,10838.055545890187,3,74
2019-01-24,10858.75,10866.2,10857.95,10865.9,15:25:00,10840.026446281598,3,75
2019-01-25,10912.45,10919.25,10858.2,10858.2,09:15:00,10846.923927588112,4,1
2019-01-25,10919.9,10930.55,10912.9,10912.95,09:20:00,10853.874029722578,4,2
2019-01-25,10924.45,10925.3,10914.15,10920.2,09:25:00,10860.59555070138,4,3
2019-01-25,10921.6,10931.7,10920.15,10924.9,09:30:00,10866.405498253627,4,4
2019-01-25,10916.5,10922.8,10916.5,10921.9,09:35:00,10871.176403181851,4,5
2019-01-25,10913.3,10919.15,10913.25,10916.3,09:40:00,10875.188174307392,4,6
2019-01-25,10920.05,10920.9,10911.35,10913.65,09:45:00,10879.46072913526,4,7
2019-01-25,10919.3,10923.65,10918.8,10920.0,09:50:00,10883.25494540809,4,8
2019-01-25,10926.15,10927.6,10917.95,10919.4,09:55:00,10887.34018870256,4,9
2019-01-25,10927.5,10929.75,10924.1,10926.0,10:00:00,10891.16493263565,4,10
2019-01-25,10924.15,10927.45,10922.05,10926.95,10:05:00,10894.30636762273,4,11
2019-01-25,10920.75,10926.95,10920.55,10924.0,10:10:00,10896.824808801515,4,12
2019-01-25,10918.7,10921.85,10917.65,10920.6,10:15:00,10898.90816034423,4,13
2019-01-25,10912.8,10919.35,10912.45,10919.15,10:20:00,10900.231192692398,4,14
2019-01-25,10913.5,10915.0,10910.35,10912.45,10:25:00,10901.494888626456,4,15
2019-01-25,10911.75,10915.25,10911.4,10913.3,10:30:00,10902.471565900129,4,16
2019-01-25,10908.3,10913.15,10908.1,10911.65,10:35:00,10903.02665486202,4,17
2019-01-25,10907.35,10911.85,10905.25,10908.35,10:40:00,10903.438402018017,4,18
2019-01-25,10908.65,10912.1,10907.25,10907.4,10:45:00,10903.934744682969,4,19
2019-01-25,10914.05,10914.05,10906.95,10908.85,10:50:00,10904.898102332209,4,20
2019-01-25,10914.7,10916.75,10911.6,10913.7,10:55:00,10905.831616395806,4,21
2019-01-25,10917.8,10919.9,10914.55,10914.6,11:00:00,10906.971462453348,4,22
2019-01-25,10910.35,10917.6,10909.85,10917.25,11:05:00,10907.293227933982,4,23
2019-01-25,10911.3,10914.35,10909.55,10910.0,11:10:00,10907.674825273602,4,24
2019-01-25,10901.95,10911.3,10901.25,10910.9,11:15:00,10907.129603818972,4,25
2019-01-25,10897.05,10902.85,10897.05,10901.5,11:20:00,10906.1696415505,4,26
2019-01-25,10900.2,10902.35,10894.75,10896.85,11:25:00,10905.601104259977,4,27
2019-01-25,10894.75,10900.35,10893.8,10899.8,11:30:00,10904.567665759028,4,28
2019-01-25,10894.6,10899.65,10893.25,10894.45,11:35:00,10903.618364258167,4,29
2019-01-25,10897.1,10900.9,10894.45,10895.4,11:40:00,10902.99756766215,4,30
2019-01-25,10899.7,10899.9,10895.45,10897.15,11:45:00,10902.683513599088,4,31
2019-01-25,10900.7,10903.3,10898.65,10899.75,11:50:00,10902.494607542032,4,32
2019-01-25,10899.15,10904.2,10899.15,10900.75,11:55:00,10902.17607349041,4,33
2019-01-25,10901.4,10903.45,10898.55,10899.45,12:00:00,10902.10216172942,4,34
2019-01-25,10900.05,10902.65,10899.4,10901.6,12:05:00,10901.90671775519,4,35
2019-01-25,10898.75,10900.25,10897.65,10900.15,12:10:00,10901.60607796898,4,36
2019-01-25,10893.9,10899.05,10893.6,10899.05,12:15:00,10900.87216578146,4,37
2019-01-25,10888.55,10897.05,10888.55,10894.25,12:20:00,10899.698626183224,4,38
2019-01-25,10893.5,10893.8,10887.15,10888.3,12:25:00,10899.10828083244,4,39
2019-01-25,10896.95,10897.4,10893.3,10893.3,12:30:00,10898.902730276972,4,40
2019-01-25,10902.15,10902.15,10894.85,10897.15,12:35:00,10899.211994060115,4,41
2019-01-25,10898.3,10906.75,10898.2,10902.7,12:40:00,10899.125137482964,4,42
2019-01-25,10900.4,10901.85,10895.1,10898.65,12:45:00,10899.246552960776,4,43
2019-01-25,10901.5,10904.2,10899.75,10900.9,12:50:00,10899.461166964513,4,44
2019-01-25,10904.8,10905.15,10900.1,10902.0,12:55:00,10899.969627253606,4,45
2019-01-25,10900.55,10906.6,10899.85,10905.15,13:00:00,10900.0249008485,4,46
2019-01-25,10894.3,10901.05,10892.05,10900.8,13:05:00,10899.47967219626,4,47
2019-01-25,10897.35,10898.1,10893.5,10894.7,13:10:00,10899.276846272807,4,48
2019-01-25,10893.65,10897.75,10889.65,10897.3,13:15:00,10898.740956151589,4,49
2019-01-25,10892.45,10894.45,10889.9,10894.3,13:20:00,10898.141817470483,4,50
2019-01-25,10899.85,10900.1,10888.45,10893.05,13:25:00,10898.304501520915,4,51
2019-01-25,10882.4,10899.25,10879.65,10899.25,13:30:00,10896.78978709035,4,52
2019-01-25,10875.15,10882.1,10872.2,10882.0,13:35:00,10894.728854986508,4,53
2019-01-25,10866.4,10883.1,10865.95,10875.45,13:40:00,10892.030868797316,4,54
2019-01-25,10866.55,10874.05,10859.85,10864.45,13:45:00,10889.604119388046,4,55
2019-01-25,10873.15,10877.5,10866.0,10867.8,13:50:00,10888.037060398708,4,56
2019-01-25,10862.5,10874.6,10858.0,10874.6,13:55:00,10885.604959408354,4,57
2019-01-25,10856.45,10863.25,10850.35,10862.45,14:00:00,10882.82829660756,4,58
2019-01-25,10827.4,10857.0,10827.35,10857.0,14:05:00,10877.549411216363,4,59
2019-01-25,10827.95,10838.35,10816.45,10830.2,14:10:00,10872.825657767184,4,60
2019-01-25,10794.1,10829.3,10783.75,10829.3,14:15:00,10865.327976075072,4,61
2019-01-25,10813.3,10817.5,10791.1,10795.95,14:20:00,10860.37293073459,4,62
2019-01-25,10817.85,10826.75,10813.1,10815.6,14:25:00,10856.323127807484,4,63
2019-01-25,10807.6,10830.0,10806.25,10819.5,14:30:00,10851.682829921056,4,64
2019-01-25,10814.4,10815.1,10797.6,10810.6,14:35:00,10848.132084214289,4,65
2019-01-25,10804.3,10823.45,10801.75,10815.6,14:40:00,10843.957600003405,4,66
2019-01-25,10790.85,10808.05,10786.5,10805.45,14:45:00,10838.899733336417,4,67
2019-01-25,10780.95,10796.9,10779.35,10791.95,14:50:00,10833.3807111139,4,68
2019-01-25,10767.1,10789.3,10763.6,10785.55,14:55:00,10827.068262436384,4,69
2019-01-25,10768.35,10770.2,10756.45,10768.9,15:00:00,10821.47604696625,4,70
2019-01-25,10783.9,10793.55,10769.8,10769.8,15:05:00,10817.897375826607,4,71
2019-01-25,10778.8,10790.2,10774.95,10783.1,15:10:00,10814.173816224073,4,72
2019-01-25,10796.1,10796.5,10774.95,10778.95,15:15:00,10812.452500393209,4,73
2019-01-25,10781.35,10797.75,10779.6,10797.1,15:20:00,10809.490357498617,4,74
2019-01-25,10775.45,10790.15,10775.45,10781.2,15:25:00,10806.248418689223,4,75
2019-01-28,10778.45,10796.25,10755.55,10789.6,09:15:00,10803.600950242631,0,1
2019-01-28,10796.95,10804.45,10772.75,10777.2,09:20:00,10802.96752641,0,2
2019-01-28,10773.1,10800.3,10773.1,10797.85,09:25:00,10800.123000085236,0,3
2019-01-28,10744.55,10777.2,10741.4,10772.75,09:30:00,10794.830333410451,0,4
2019-01-28,10721.4,10745.6,10715.15,10745.2,09:35:00,10787.836968323743,0,5
2019-01-28,10721.55,10735.3,10711.2,10719.8,09:40:00,10781.523923721485,0,6
2019-01-28,10708.25,10727.9,10705.5,10721.05,09:45:00,10774.545454795629,0,7
2019-01-28,10711.15,10711.15,10698.1,10708.8,09:50:00,10768.50779243414,0,8
2019-01-28,10716.05,10721.9,10710.85,10710.85,09:55:00,10763.511812202318,0,9
2019-01-28,10712.9,10722.6,10712.0,10716.1,10:00:00,10758.69163961162,0,10
2019-01-28,10715.6,10717.9,10710.4,10713.4,10:05:00,10754.587673934324,0,11
2019-01-28,10715.15,10723.7,10713.0,10715.95,10:10:00,10750.8317049882,0,12
2019-01-28,10706.95,10719.2,10703.95,10715.2,10:15:00,10746.652494989325,0,13
2019-01-28,10715.65,10718.2,10706.45,10707.15,10:20:00,10743.69987641891,0,14
2019-01-28,10723.1,10723.85,10716.15,10716.15,10:25:00,10741.737983426634,0,15
2019-01-28,10714.75,10725.25,10712.55,10722.4,10:30:00,10739.167699290763,0,16
2019-01-28,10705.95,10719.1,10703.55,10714.7,10:35:00,10736.004108882122,0,17
2019-01-28,10717.4,10721.1,10704.05,10706.55,10:40:00,10734.232288988587,0,18
2019-01-28,10719.55,10724.5,10715.05,10717.3,10:45:00,10732.83397575158,0,19
2019-01-28,10715.95,10723.45,10710.85,10719.5,10:50:00,10731.225978060951,0,20
2019-01-28,10714.4,10716.8,10711.65,10715.55,10:55:00,10729.623503959909,0,21
2019-01-28,10712.25,10719.25,10711.75,10714.45,11:00:00,10727.968884535156,0,22
2019-01-28,10709.3,10714.9,10708.3,10711.95,11:05:00,10726.190895531809,0,23
2019-01-28,10697.5,10709.6,10696.2,10709.45,11:10:00,10723.458429290682,0,24
2019-01-28,10690.6,10697.35,10682.8,10697.35,11:15:00,10720.32905507252,0,25
2019-01-28,10679.75,10691.15,10673.05,10690.35,11:20:00,10716.464383160854,0,26
2019-01-28,10681.95,10688.65,10679.8,10680.0,11:25:00,10713.177299050298,0,27
2019-01-28,10668.35,10684.3,10668.35,10682.4,11:30:00,10708.90803247408,0,28
2019-01-28,10673.0,10677.15,10664.1,10668.85,11:35:00,10705.4882198575,0,29
2019-01-28,10677.55,10682.2,10673.35,10673.35,11:40:00,10702.827437013928,0,30
2019-01-28,10672.65,10680.6,10669.5,10678.9,11:45:00,10699.953395393552,0,31
2019-01-28,10672.0,10674.6,10663.0,10673.4,11:50:00,10697.291167260832,0,32
2019-01-28,10693.0,10695.55,10672.6,10672.6,11:55:00,10696.882484664564,0,33
2019-01-28,10691.35,10699.3,10687.45,10693.65,12:00:00,10696.355581363176,0,34
2019-01-28,10693.6,10696.9,10684.4,10691.8,12:05:00,10696.093145042876,0,35
2019-01-28,10688.3,10696.15,10688.3,10693.95,12:10:00,10695.350940753078,0,36
2019-01-28,10683.2,10689.35,10682.95,10687.85,12:15:00,10694.193708300403,0,37
2019-01-28,10685.0,10689.85,10676.35,10683.15,12:20:00,10693.3181170337,0,38
2019-01-28,10689.8,10689.85,10683.45,10685.3,12:25:00,10692.983058268586,0,39
2019-01-28,10679.3,10691.2,10678.5,10689.7,12:30:00,10691.679909862056,0,40
2019-01-28,10676.9,10679.95,10675.95,10679.25,12:35:00,10690.272299399005,0,41
2019-01-28,10675.1,10682.1,10672.3,10676.85,12:40:00,10688.82731850386,0,42
2019-01-28,10680.35,10682.45,10673.9,10673.9,12:45:00,10688.019954836824,0,43
2019-01-28,10680.6,10685.95,10679.35,10679.35,12:50:00,10687.313292471414,0,44
2019-01-28,10688.05,10688.6,10678.5,10679.8,12:55:00,10687.383455093184,0,45
2019-01-28,10684.0,10694.0,10684.0,10687.95,13:00:00,10687.061221274786,0,46
2019-01-28,10678.15,10684.75,10671.1,10684.2,13:05:00,10686.21253353433,0,47
2019-01-28,10680.05,10681.6,10673.3,10678.0,13:10:00,10685.62562557868,0,48
2019-01-28,10673.1,10683.35,10672.15,10679.95,13:15:00,10684.4327088569,0,49
2019-01-28,10677.9,10680.5,10671.1,10672.65,13:20:00,10683.810546108623,0,50
2019-01-28,10677.2,10684.0,10675.85,10678.05,13:25:00,10683.180970288757,0,51
2019-01-28,10650.2,10677.7,10647.3,10676.9,13:30:00,10680.039925499348,0,52
2019-01-28,10661.3,10661.3,10648.65,10649.5,13:35:00,10678.255170689888,0,53
2019-01-28,10655.5,10662.5,10654.25,10661.0,13:40:00,10676.088011576565,0,54
2019-01-28,10652.0,10659.2,10649.55,10655.4,13:45:00,10673.793915235938,0,55
2019-01-28,10648.85,10656.5,10646.7,10652.8,13:50:00,10671.418304261086,0,56
2019-01-28,10641.6,10654.5,10636.6,10649.95,13:55:00,10668.57846576003,0,57
2019-01-28,10643.7,10651.3,10633.55,10642.85,14:00:00,10666.2090880686,0,58
2019-01-28,10637.15,10651.65,10630.95,10647.0,14:05:00,10663.44155587159,0,59
2019-01-28,10644.6,10650.15,10636.65,10638.65,14:10:00,10661.647121979058,0,60
2019-01-28,10635.5,10648.75,10635.45,10645.55,14:15:00,10659.156919885814,0,61
2019-01-28,10650.3,10655.3,10635.65,10635.65,14:20:00,10658.313403706212,0,62
2019-01-28,10647.6,10654.7,10645.0,10651.0,14:25:00,10657.293079543717,0,63
2019-01-28,10672.0,10674.65,10648.6,10649.5,14:30:00,10658.693738634787,0,64
2019-01-28,10681.15,10682.75,10670.1,10674.4,14:35:00,10660.83243019338,0,65
2019-01-28,10662.75,10685.6,10662.75,10682.05,14:40:00,10661.01505588925,0,66
2019-01-28,10672.6,10680.95,10663.95,10663.95,14:45:00,10662.118383899797,0,67
2019-01-28,10664.95,10675.55,10662.45,10674.8,14:50:00,10662.388061623626,0,68
2019-01-28,10653.55,10668.3,10653.2,10666.35,14:55:00,10661.546341468997,0,69
2019-01-28,10655.7,10668.5,10655.1,10655.3,15:00:00,10660.989547043377,0,70
2019-01-28,10651.1,10663.95,10650.9,10655.85,15:05:00,10660.047685420195,0,71
2019-01-28,10655.35,10656.55,10648.5,10650.2,15:10:00,10659.600286808747,0,72
2019-01-28,10658.3,10659.0,10648.5,10654.9,15:15:00,10659.47644996982,0,73
2019-01-28,10671.95,10672.3,10657.85,10657.85,15:20:00,10660.664407115552,0,74
2019-01-28,10675.8,10678.1,10671.25,10671.25,15:25:00,10662.105892152167,0,75
2019-01-29,10642.05,10655.1,10616.85,10647.3,09:15:00,10660.195807185291,1,1
2019-01-29,10630.65,10643.3,10630.2,10642.7,09:20:00,10657.381920786696,1,2
2019-01-29,10659.45,10664.85,10629.3,10630.25,09:25:00,10657.578880711771,1,3
2019-01-29,10655.75,10670.9,10648.6,10659.55,09:30:00,10657.404701596366,1,4
2019-01-29,10646.75,10656.35,10644.1,10656.2,09:35:00,10656.389968110998,1,5
2019-01-29,10657.5,10660.15,10646.5,10646.5,09:40:00,10656.49568543376,1,6
2019-01-29,10665.0,10672.1,10654.3,10657.45,09:45:00,10657.305620154357,1,7
2019-01-29,10670.5,10670.5,10659.65,10665.2,09:50:00,10658.562227758704,1,8
2019-01-29,10662.85,10675.5,10662.6,10670.2,09:55:00,10658.970587019778,1,9
2019-01-29,10660.15,10665.1,10656.45,10662.7,10:00:00,10659.082912065513,1,10
2019-01-29,10650.3,10661.0,10648.55,10660.05,10:05:00,10658.24644424975,1,11
2019-01-29,10648.5,10656.95,10646.1,10650.4,10:10:00,10657.31821146406,1,12
2019-01-29,10647.05,10651.55,10643.0,10649.3,10:15:00,10656.34028656272,1,13
2019-01-29,10651.35,10655.35,10646.8,10646.8,10:20:00,10655.865021175794,1,14
2019-01-29,10657.05,10657.9,10650.1,10650.95,10:25:00,10655.97787630191,1,15
2019-01-29,10653.7,10659.0,10652.95,10656.9,10:30:00,10655.760935701728,1,16
2019-01-29,10646.5,10656.7,10644.2,10653.35,10:35:00,10654.878941825376,1,17
2019-01-29,10646.8,10652.35,10644.05,10646.35,10:40:00,10654.109518794388,1,18
2019-01-29,10634.1,10648.75,10633.4,10646.6,10:45:00,10652.20385033778,1,19
2019-01-29,10630.7,10635.8,10627.6,10634.15,10:50:00,10650.155864591325,1,20
2019-01-29,10638.5,10638.5,10628.1,10630.95,10:55:00,10649.045782249294,1,21
2019-01-29,10642.9,10643.9,10632.05,10637.85,11:00:00,10648.460469654125,1,22
2019-01-29,10642.85,10645.85,10640.0,10642.25,11:05:00,10647.926139210873,1,23
2019-01-29,10638.35,10643.75,10636.7,10642.9,11:10:00,10647.014125952694,1,24
2019-01-29,10639.15,10640.8,10636.1,10638.55,11:15:00,10646.265161576246,1,25
2019-01-29,10637.55,10639.55,10635.2,10638.15,11:20:00,10645.435146188032,1,26
2019-01-29,10635.7,10639.15,10634.5,10637.4,11:25:00,10644.50798940822,1,27
2019-01-29,10643.45,10644.55,10634.9,10635.5,11:30:00,10644.407228512198,1,28
2019-01-29,10643.6,10646.0,10641.5,10642.7,11:35:00,10644.330349606274,1,29
2019-01-29,10647.95,10648.95,10642.5,10643.45,11:40:00,10644.6750782152,1,30
2019-01-29,10653.15,10654.2,10644.15,10647.9,11:45:00,10645.482213623278,1,31
2019-01-29,10651.85,10654.1,10650.1,10651.7,11:50:00,10646.08866946868,1,32
2019-01-29,10649.35,10652.95,10648.0,10651.7,11:55:00,10646.399272376426,1,33
2019-01-29,10646.1,10649.6,10640.9,10649.0,12:00:00,10646.370770245338,1,34
2019-01-29,10649.55,10649.55,10643.0,10645.25,12:05:00,10646.673554031497,1,35
2019-01-29,10649.75,10650.55,10644.3,10649.3,12:10:00,10646.96654888564,1,36
2019-01-29,10652.5,10652.8,10648.6,10649.5,12:15:00,10647.493544229865,1,37
2019-01-29,10663.15,10666.9,10650.25,10652.1,12:20:00,10648.98463525559,1,38
2019-01-29,10657.6,10663.5,10655.2,10663.25,12:25:00,10649.80514618363,1,39
2019-01-29,10648.05,10660.1,10647.85,10657.95,12:30:00,10649.637989404237,1,40
2019-01-29,10641.4,10650.05,10639.45,10647.65,12:35:00,10648.853418984789,1,41
2019-01-29,10634.4,10641.8,10634.4,10641.15,12:40:00,10647.476902890998,1,42
2019-01-29,10623.55,10639.2,10623.55,10635.1,12:45:00,10645.198150234712,1,43
2019-01-29,10614.1,10628.0,10612.0,10621.9,12:50:00,10642.23642164093,1,44
2019-01-29,10623.65,10625.85,10612.95,10613.95,12:55:00,10640.466286246556,1,45
2019-01-29,10614.8,10625.1,10613.15,10624.45,13:00:00,10638.021878032598,1,46
2019-01-29,10606.05,10618.9,10599.6,10614.75,13:05:00,10634.97693726759,1,47
2019-01-29,10592.4,10607.7,10592.4,10605.05,13:10:00,10630.921990861152,1,48
2019-01-29,10585.8,10597.55,10583.65,10592.85,13:15:00,10626.624658398185,1,49
2019-01-29,10595.55,10597.0,10586.25,10586.25,13:20:00,10623.665167122168,1,50
2019-01-29,10600.7,10605.05,10596.0,10596.15,13:25:00,10621.47800834863,1,51
2019-01-29,10604.9,10605.45,10593.5,10600.5,13:30:00,10619.899150410663,1,52
2019-01-29,10606.25,10612.7,10601.0,10604.75,13:35:00,10618.599231323937,1,53
2019-01-29,10593.5,10609.75,10592.15,10609.5,13:40:00,10616.208828340705,1,54
2019-01-29,10594.3,10602.4,10590.1,10595.6,13:45:00,10614.122273260637,1,55
2019-01-29,10600.2,10606.9,10592.75,10593.85,13:50:00,10612.796342473908,1,56
2019-01-29,10604.35,10610.0,10597.8,10602.3,13:55:00,10611.991928904965,1,57
2019-01-29,10611.35,10615.75,10604.2,10604.85,14:00:00,10611.930792818775,1,58
2019-01-29,10604.8,10617.55,10600.35,10613.5,14:05:00,10611.25166969318,1,59
2019-01-29,10593.1,10608.4,10592.1,10605.95,14:10:00,10609.52293924621,1,60
2019-01-29,10607.6,10610.1,10591.85,10594.7,14:15:00,10609.339802175142,1,61
2019-01-29,10602.65,10612.95,10598.15,10607.8,14:20:00,10608.70267815846,1,62
2019-01-29,10609.5,10613.15,10598.65,10602.95,14:25:00,10608.77861357194,1,63
2019-01-29,10604.3,10612.45,10603.5,10609.85,14:30:00,10608.35207894604,1,64
2019-01-29,10600.15,10605.5,10589.7,10605.4,14:35:00,10607.570928570229,1,65
2019-01-29,10596.55,10602.05,10591.25,10600.75,14:40:00,10606.521316325445,1,66
2019-01-29,10605.65,10611.8,10596.95,10597.4,14:45:00,10606.438333818258,1,67
2019-01-29,10609.7,10610.75,10603.95,10605.3,14:50:00,10606.748968692713,1,68
2019-01-29,10604.45,10621.5,10602.5,10609.9,14:55:00,10606.530019293406,1,69
2019-01-29,10627.45,10630.9,10606.2,10606.2,15:00:00,10608.52239840832,1,70
2019-01-29,10625.9,10651.55,10625.7,10627.3,15:05:00,10610.17740808372,1,71
2019-01-29,10633.3,10638.4,10625.55,10625.8,15:10:00,10612.379559694791,1,72
2019-01-29,10659.8,10659.8,10632.35,10632.35,15:15:00,10616.895792104811,1,73
2019-01-29,10686.95,10687.9,10659.25,10659.25,15:20:00,10623.567621428165,1,74
2019-01-29,10679.1,10690.35,10675.95,10687.35,15:25:00,10628.856419387384,1,75
2019-01-30,10689.4,10706.85,10688.4,10702.05,09:15:00,10634.622474683823,2,1
2019-01-30,10702.0,10703.8,10682.9,10687.8,09:20:00,10641.039381856794,2,2
2019-01-30,10694.7,10706.6,10692.6,10701.75,09:25:00,10646.149916918052,2,3
2019-01-30,10699.3,10703.85,10688.65,10694.8,09:30:00,10651.211829592525,2,4
2019-01-30,10680.8,10700.85,10679.9,10699.05,09:35:00,10654.029750583712,2,5
2019-01-30,10674.5,10686.05,10673.85,10680.75,09:40:00,10655.979298147167,2,6
2019-01-30,10678.4,10681.5,10667.5,10674.55,09:45:00,10658.114603085533,2,7
2019-01-30,10676.85,10686.4,10676.75,10678.5,09:50:00,10659.898926601196,2,8
2019-01-30,10679.45,10680.3,10671.75,10676.3,09:55:00,10661.76093359156,2,9
2019-01-30,10682.85,10687.8,10679.6,10680.25,10:00:00,10663.769416106648,2,10
2019-01-30,10681.35,10689.25,10680.85,10682.9,10:05:00,10665.443757429824,2,11
2019-01-30,10685.3,10686.2,10681.3,10681.45,10:10:00,10667.334828150792,2,12
2019-01-30,10677.25,10686.0,10676.65,10685.4,10:15:00,10668.279130231673,2,13
2019-01-30,10664.9,10679.7,10664.7,10677.0,10:20:00,10667.957308304844,2,14
2019-01-30,10658.2,10667.9,10655.0,10664.55,10:25:00,10667.028040847244,2,15
2019-01-30,10647.65,10658.2,10636.8,10657.75,10:30:00,10665.182513147503,2,16
2019-01-30,10626.35,10648.05,10625.0,10647.15,10:35:00,10661.484178562028,2,17
2019-01-30,10632.15,10636.0,10622.4,10626.6,10:40:00,10658.690447270406,2,18
2019-01-30,10642.1,10642.1,10632.3,10632.35,10:45:00,10657.110404673223,2,19
2019-01-30,10639.75,10644.75,10638.1,10642.25,10:50:00,10655.457032799584,2,20
2019-01-30,10639.6,10648.4,10638.9,10639.9,10:55:00,10653.946839199623,2,21
2019-01-30,10638.05,10639.1,10629.95,10639.1,11:00:00,10652.432854513943,2,22
2019-01-30,10630.75,10638.8,10628.9,10637.95,11:05:00,10650.367820750713,2,23
2019-01-30,10629.6,10635.25,10627.9,10630.35,11:10:00,10648.389933060167,2,24
2019-01-30,10638.25,10638.25,10629.55,10629.7,11:15:00,10647.424225149676,2,25
2019-01-30,10636.8,10640.0,10632.85,10638.95,11:20:00,10646.41239418304,2,26
2019-01-30,10648.95,10650.15,10636.65,10636.65,11:25:00,10646.654070927514,2,27
2019-01-30,10641.45,10649.3,10637.05,10648.8,11:30:00,10646.158445124896,2,28
2019-01-30,10643.15,10646.25,10638.7,10642.0,11:35:00,10645.871926541571,2,29
2019-01-30,10647.7,10652.95,10643.6,10643.6,11:40:00,10646.046028775709,2,30
2019-01-30,10642.2,10647.7,10641.15,10647.6,11:45:00,10645.679740320878,2,31
2019-01-30,10639.2,10643.2,10637.75,10642.45,11:50:00,10645.06262219508,2,32
2019-01-30,10634.45,10641.2,10634.45,10639.15,11:55:00,10644.05189627174,2,33
2019-01-30,10631.9,10635.75,10631.4,10635.1,12:00:00,10642.894572817288,2,34
2019-01-30,10639.45,10640.65,10632.2,10632.2,12:05:00,10642.56651826326,2,35
2019-01-30,10635.8,10639.4,10635.05,10639.05,12:10:00,10641.922087952473,2,36
2019-01-30,10637.65,10643.9,10635.5,10635.6,12:15:00,10641.51522243319,2,37
2019-01-30,10633.85,10639.05,10633.35,10637.7,12:20:00,10640.785201249077,2,38
2019-01-30,10640.05,10640.2,10633.3,10634.2,12:25:00,10640.715182082498,2,39
2019-01-30,10642.35,10644.15,10637.75,10639.95,12:30:00,10640.87087902702,2,40
2019-01-30,10643.7,10647.5,10640.25,10642.5,12:35:00,10641.140319119684,2,41
2019-01-30,10653.9,10653.95,10638.6,10643.45,12:40:00,10642.355526822572,2,42
2019-01-30,10647.25,10654.55,10645.4,10654.15,12:45:00,10642.821667125185,2,43
2019-01-30,10656.3,10656.75,10645.9,10647.2,12:50:00,10644.105317875166,2,44
2019-01-30,10665.4,10668.8,10656.25,10656.45,12:55:00,10646.133382839436,2,45
2019-01-30,10671.9,10675.65,10664.75,10665.65,13:00:00,10648.587346378536,2,46
2019-01-30,10672.3,10676.7,10668.25,10671.15,13:05:00,10650.845694342486,2,47
2019-01-30,10665.25,10673.25,10664.75,10672.5,13:10:00,10652.217532976536,2,48
2019-01-30,10658.7,10667.65,10658.05,10665.15,13:15:00,10652.834910788297,2,49
2019-01-30,10663.65,10664.85,10656.7,10658.5,13:20:00,10653.864919284648,2,50
2019-01-30,10659.3,10663.75,10658.15,10663.75,13:25:00,10654.382546019442,2,51
2019-01-30,10657.15,10667.9,10657.15,10659.25,13:30:00,10654.64611306521,2,52
2019-01-30,10648.05,10657.75,10644.75,10657.75,13:35:00,10654.017911820903,2,53
2019-01-30,10656.6,10657.1,10645.9,10648.35,13:40:00,10654.26382498082,2,54
2019-01-30,10657.15,10665.7,10655.3,10656.65,13:45:00,10654.53869879217,2,55
2019-01-30,10650.95,10659.7,10650.95,10657.35,13:50:00,10654.19691795482,2,56
2019-01-30,10656.9,10662.25,10650.05,10651.15,13:55:00,10654.454354340076,2,57
2019-01-30,10672.35,10675.7,10657.85,10658.0,14:00:00,10656.158701545784,2,58
2019-01-30,10663.15,10675.25,10661.9,10673.7,14:05:00,10656.824539493802,2,59
2019-01-30,10664.15,10669.7,10663.8,10665.05,14:10:00,10657.522202399154,2,60
2019-01-30,10677.95,10683.05,10665.0,10665.6,14:15:00,10659.467706932568,2,61
2019-01-30,10676.9,10685.7,10676.8,10679.75,14:20:00,10661.127925319945,2,62
2019-01-30,10686.9,10687.0,10672.65,10678.25,14:25:00,10663.582408622804,2,63
2019-01-30,10685.15,10690.75,10680.4,10688.95,14:30:00,10665.636464944442,2,64
2019-01-30,10669.75,10689.55,10669.4,10687.05,14:35:00,10666.028230187829,2,65
2019-01-30,10643.15,10670.75,10636.05,10670.35,14:40:00,10663.84935112232,2,66
2019-01-30,10617.45,10648.25,10615.6,10644.85,14:45:00,10659.430365301148,2,67
2019-01-30,10617.2,10632.35,10612.85,10620.05,14:50:00,10655.408425748656,2,68
2019-01-30,10623.15,10629.35,10618.9,10621.55,14:55:00,10652.336194724976,2,69
2019-01-30,10640.0,10642.9,10621.45,10624.05,15:00:00,10651.161319036884,2,70
2019-01-30,10652.05,10657.2,10640.45,10640.8,15:05:00,10651.245955319086,2,71
2019-01-30,10653.65,10656.2,10644.75,10654.15,15:10:00,10651.474911955363,2,72
2019-01-30,10661.2,10663.35,10644.7,10654.3,15:15:00,10652.401110816758,2,73
2019-01-30,10663.1,10664.95,10657.5,10662.25,15:20:00,10653.420052643733,2,74
2019-01-30,10640.25,10663.0,10634.8,10662.75,15:25:00,10652.165761915758,2,75
2019-01-31,10702.45,10707.85,10690.2,10690.2,09:15:00,10656.9547369714,3,1
2019-01-31,10692.4,10707.5,10691.8,10701.35,09:20:00,10660.330476307458,3,2
2019-01-31,10699.8,10702.65,10690.8,10692.5,09:25:00,10664.08947856389,3,3
2019-01-31,10697.65,10706.4,10694.75,10701.0,09:30:00,10667.285718700665,3,4
2019-01-31,10695.95,10702.9,10693.65,10698.2,09:35:00,10670.01565025298,3,5
2019-01-31,10694.85,10696.7,10691.95,10695.75,09:40:00,10672.380826419365,3,6
2019-01-31,10684.15,10695.05,10681.95,10694.9,09:45:00,10673.50170009371,3,7
2019-01-31,10680.05,10687.65,10678.55,10684.3,09:50:00,10674.125347703832,3,8
2019-01-31,10689.45,10690.85,10678.9,10680.3,09:55:00,10675.584838398703,3,9
2019-01-31,10690.15,10693.95,10689.1,10689.3,10:00:00,10676.971996646447,3,10
2019-01-31,10697.7,10698.85,10690.2,10690.45,10:05:00,10678.946092203929,3,11
2019-01-31,10693.0,10698.0,10692.55,10697.8,10:10:00,10680.28455961308,3,12
2019-01-31,10688.0,10693.65,10687.8,10693.4,10:15:00,10681.019363459453,3,13
2019-01-31,10695.6,10698.9,10688.15,10688.3,10:20:00,10682.407995510934,3,14
2019-01-31,10700.9,10701.5,10695.25,10695.8,10:25:00,10684.169138795609,3,15
2019-01-31,10708.9,10708.9,10697.8,10701.35,10:30:00,10686.524458910311,3,16
2019-01-31,10720.95,10721.7,10708.35,10708.5,10:35:00,10689.803081871234,3,17
2019-01-31,10729.6,10730.95,10720.55,10721.25,10:40:00,10693.593264550163,3,18
2019-01-31,10723.85,10732.4,10722.45,10729.95,10:45:00,10696.474858402533,3,19
2019-01-31,10721.5,10725.95,10719.65,10723.5,10:50:00,10698.85820522134,3,20
2019-01-31,10727.35,10731.1,10721.6,10721.6,10:55:00,10701.571709485972,3,21
2019-01-31,10733.6,10737.2,10727.35,10727.55,11:00:00,10704.62202286826,3,22
2019-01-31,10738.8,10739.4,10731.0,10733.3,11:05:00,10707.877068309375,3,23
2019-01-31,10735.25,10739.95,10733.45,10738.3,11:10:00,10710.484014184674,3,24
2019-01-31,10732.05,10736.05,10729.9,10735.6,11:15:00,10712.53791759566,3,25
2019-01-31,10742.45,10744.0,10728.95,10732.4,11:20:00,10715.386687348451,3,26
2019-01-31,10753.9,10754.55,10740.75,10742.7,11:25:00,10719.054621886697,3,27
2019-01-31,10756.35,10760.65,10753.35,10753.75,11:30:00,10722.60656265939,3,28
2019-01-31,10747.65,10760.25,10746.35,10757.2,11:35:00,10724.991651929924,3,29
2019-01-31,10750.7,10753.1,10747.25,10747.3,11:40:00,10727.440066031835,3,30
2019-01-31,10751.05,10751.3,10747.85,10751.15,11:45:00,10729.68863117166,3,31
2019-01-31,10745.05,10753.55,10744.7,10751.1,11:50:00,10731.15161867912,3,32
2019-01-31,10738.65,10745.55,10736.85,10745.35,11:55:00,10731.865750233492,3,33
2019-01-31,10750.55,10750.65,10738.05,10738.35,12:00:00,10733.645202592206,3,34
2019-01-31,10747.75,10750.6,10744.3,10750.6,12:05:00,10734.988516631043,3,35
2019-01-31,10753.05,10754.9,10747.75,10748.05,12:10:00,10736.70865790428,3,36
2019-01-31,10746.7,10753.45,10743.3,10752.95,12:15:00,10737.660214294348,3,37
2019-01-31,10747.15,10748.55,10743.35,10746.55,12:20:00,10738.564003409172,3,38
2019-01-31,10747.1,10750.15,10743.9,10746.95,12:25:00,10739.37695546544,3,39
2019-01-31,10744.25,10747.0,10739.1,10746.95,12:30:00,10739.841054944922,3,40
2019-01-31,10741.45,10746.6,10738.0,10744.15,12:35:00,10739.99428780731,3,41
2019-01-31,10743.75,10744.5,10739.2,10741.8,12:40:00,10740.351974682806,3,42
2019-01-31,10750.35,10752.0,10743.85,10744.15,12:45:00,10741.30416757016,3,43
2019-01-31,10750.65,10752.6,10748.2,10750.2,12:50:00,10742.19424684919,3,44
2019-01-31,10749.65,10752.45,10747.05,10750.35,12:55:00,10742.90431857784,3,45
2019-01-31,10761.15,10762.85,10747.5,10749.45,13:00:00,10744.642002522807,3,46
2019-01-31,10767.8,10767.95,10759.4,10760.75,13:05:00,10746.847526092064,3,47
2019-01-31,10768.75,10770.4,10765.25,10767.5,13:10:00,10748.933475988058,3,48
2019-01-31,10778.95,10784.65,10767.8,10768.55,13:15:00,10751.792192560624,3,49
2019-01-31,10782.3,10783.15,10776.65,10778.6,13:20:00,10754.69769803104,3,50
2019-01-31,10784.2,10784.3,10775.2,10783.15,13:25:00,10757.507441075704,3,51
2019-01-31,10796.5,10798.45,10781.35,10785.9,13:30:00,10761.221018116114,3,52
2019-01-31,10798.15,10798.8,10792.55,10797.1,13:35:00,10764.738064009816,3,53
2019-01-31,10805.45,10813.55,10795.65,10799.05,13:40:00,10768.615391246978,3,54
2019-01-31,10804.3,10809.2,10800.75,10804.75,13:45:00,10772.013925413932,3,55
2019-01-31,10795.0,10807.05,10794.6,10804.65,13:50:00,10774.203075374511,3,56
2019-01-31,10805.3,10810.35,10795.25,10795.55,13:55:00,10777.164687243609,3,57
2019-01-31,10796.6,10806.85,10796.05,10806.0,14:00:00,10779.015669410885,3,58
2019-01-31,10792.7,10798.4,10790.1,10797.85,14:05:00,10780.318938990798,3,59
2019-01-31,10786.5,10794.5,10783.7,10793.9,14:10:00,10780.907611467865,3,60
2019-01-31,10802.35,10806.75,10786.65,10787.6,14:15:00,10782.94974370902,3,61
2019-01-31,10798.7,10803.9,10797.1,10803.9,14:20:00,10784.449768117684,3,62
2019-01-31,10801.7,10802.3,10795.55,10798.8,14:25:00,10786.092647344572,3,63
2019-01-31,10802.25,10810.65,10801.7,10802.25,14:30:00,10787.631442835564,3,64
2019-01-31,10810.0,10810.25,10801.4,10803.85,14:35:00,10789.76178161313,3,65
2019-01-31,10788.8,10811.1,10785.55,10811.1,14:40:00,10789.67018336426,3,66
2019-01-31,10796.9,10801.0,10790.7,10791.25,14:45:00,10790.358737329569,3,67
2019-01-31,10802.9,10808.8,10798.15,10798.6,14:50:00,10791.553143298182,3,68
2019-01-31,10822.85,10822.85,10803.8,10804.8,14:55:00,10794.533796317402,3,69
2019-01-31,10833.2,10834.75,10824.4,10824.6,15:00:00,10798.21629190622,3,70
2019-01-31,10833.25,10838.05,10830.85,10833.7,15:05:00,10801.5528355342,3,71
2019-01-31,10828.9,10836.85,10828.45,10833.15,15:10:00,10804.157327388086,3,72
2019-01-31,10831.65,10834.2,10828.05,10829.15,15:15:00,10806.77567716065,3,73
2019-01-31,10830.6,10833.0,10827.7,10832.3,15:20:00,10809.044660288208,3,74
2019-01-31,10819.25,10830.95,10817.25,10830.95,15:25:00,10810.016597403615,3,75
2019-02-01,10869.15,10872.15,10835.85,10845.35,09:15:00,10815.648350031845,4,1
2019-02-01,10856.05,10868.55,10847.85,10868.55,09:20:00,10819.496126219286,4,2
2019-02-01,10858.3,10867.3,10854.15,10855.8,09:25:00,10823.191733246022,4,3
2019-02-01,10861.9,10865.45,10851.2,10858.8,09:30:00,10826.87823484164,4,4
2019-02-01,10858.95,10865.6,10858.95,10861.85,09:35:00,10829.932688666246,4,5
2019-02-01,10860.2,10865.7,10856.9,10858.35,09:40:00,10832.81528974565,4,6
2019-02-01,10863.1,10863.85,10854.9,10860.4,09:45:00,10835.699547865112,4,7
2019-02-01,10867.35,10873.5,10863.3,10863.3,09:50:00,10838.713876639864,4,8
2019-02-01,10882.8,10883.35,10861.3,10867.75,09:55:00,10842.912555055116,4,9
2019-02-01,10876.3,10888.05,10875.4,10883.0,10:00:00,10846.092311716537,4,10
2019-02-01,10874.35,10878.75,10871.85,10875.4,10:05:00,10848.783520124483,4,11
2019-02-01,10872.25,10880.65,10871.8,10874.8,10:10:00,10851.018422969772,4,12
2019-02-01,10869.6,10874.2,10867.75,10872.35,10:15:00,10852.788096972652,4,13
2019-02-01,10875.2,10881.3,10869.95,10869.95,10:20:00,10854.922563927636,4,14
2019-02-01,10875.75,10879.7,10873.25,10875.5,10:25:00,10856.906129267862,4,15
2019-02-01,10869.4,10876.0,10863.6,10876.0,10:30:00,10858.09602171854,4,16
2019-02-01,10857.7,10868.4,10854.95,10868.4,10:35:00,10858.058305364391,4,17
2019-02-01,10868.15,10868.65,10855.75,10857.9,10:40:00,10859.019419139217,4,18
2019-02-01,10872.0,10874.4,10867.55,10868.1,10:45:00,10860.25566493548,4,19
2019-02-01,10873.4,10873.65,10866.8,10871.9,10:50:00,10861.507506370195,4,20
2019-02-01,10867.25,10874.05,10866.05,10873.25,10:55:00,10862.054410525416,4,21
2019-02-01,10874.35,10874.9,10863.3,10867.5,11:00:00,10863.225419046805,4,22
2019-02-01,10860.1,10873.65,10860.1,10873.55,11:05:00,10862.927760089966,4,23
2019-02-01,10862.15,10867.15,10849.2,10859.3,11:10:00,10862.853687700446,4,24
2019-02-01,10863.2,10868.6,10858.8,10861.45,11:15:00,10862.886669824216,4,25
2019-02-01,10855.95,10864.2,10854.45,10862.7,11:20:00,10862.22603460286,4,26
2019-02-01,10868.45,10871.2,10852.05,10854.8,11:25:00,10862.81879321211,4,27
2019-02-01,10864.7,10867.4,10859.45,10867.4,11:30:00,10862.99795576334,4,28
2019-02-01,10878.85,10883.1,10864.4,10864.9,11:35:00,10864.50767426207,4,29
2019-02-01,10867.4,10878.3,10866.95,10877.9,11:40:00,10864.78313385616,4,30
2019-02-01,10867.55,10871.3,10865.2,10866.85,11:45:00,10865.046644917476,4,31
2019-02-01,10866.6,10874.25,10865.25,10867.6,11:50:00,10865.194583496765,4,32
2019-02-01,10863.5,10871.55,10863.5,10866.9,11:55:00,10865.033194592312,4,33
2019-02-01,10871.9,10871.9,10857.8,10863.9,12:00:00,10865.68717605971,4,34
2019-02-01,10868.25,10872.75,10864.55,10871.1,12:05:00,10865.931254530213,4,35
2019-02-01,10863.4,10867.85,10857.3,10867.85,12:10:00,10865.690182670192,4,36
2019-02-01,10872.65,10875.45,10861.15,10863.95,12:15:00,10866.35302241589,4,37
2019-02-01,10893.35,10893.55,10871.7,10872.25,12:20:00,10868.924163138186,4,38
2019-02-01,10911.05,10913.65,10891.7,10893.0,12:25:00,10872.936147601216,4,39
2019-02-01,10941.0,10944.5,10910.25,10911.9,12:30:00,10879.418419258243,4,40
2019-02-01,10953.2,10958.75,10942.4,10943.9,12:35:00,10886.445236471744,4,41
2019-02-01,10921.9,10952.7,10909.85,10952.7,12:40:00,10889.821880617292,4,42
2019-02-01,10898.75,10921.55,10894.45,10919.85,12:45:00,10890.67217770136,4,43
2019-02-01,10945.8,10946.9,10896.9,10898.8,12:50:00,10895.922446491706,4,44
2019-02-01,10948.6,10950.8,10934.4,10945.35,12:55:00,10900.93935634964,4,45
2019-02-01,10973.6,10981.55,10946.8,10947.9,13:00:00,10907.859417649674,4,46
2019-02-01,10972.95,10973.85,10960.15,10973.85,13:05:00,10914.058520730656,4,47
2019-02-01,10979.95,10983.45,10971.85,10973.1,13:10:00,10920.333899708688,4,48
2019-02-01,10960.3,10981.95,10960.3,10979.65,13:15:00,10924.140194974529,4,49
2019-02-01,10955.1,10967.55,10952.25,10960.5,13:20:00,10927.088747834096,4,50
2019-02-01,10949.15,10962.05,10942.65,10955.7,13:25:00,10929.189819468946,4,51
2019-02-01,10946.45,10961.25,10939.3,10948.75,13:30:00,10930.833646186187,4,52
2019-02-01,10934.95,10946.5,10934.95,10946.5,13:35:00,10931.225679882742,4,53
2019-02-01,10939.3,10947.5,10934.6,10935.0,13:40:00,10931.994662751053,4,54
2019-02-01,10906.55,10942.2,10904.75,10938.6,13:45:00,10929.571361536668,4,55
2019-02-01,10924.7,10929.4,10900.95,10907.45,13:50:00,10929.1074223427,4,56
2019-02-01,10886.45,10925.4,10885.4,10924.9,13:55:00,10925.044810691015,4,57
2019-02-01,10865.9,10886.1,10860.7,10886.1,14:00:00,10919.411971577583,4,58
2019-02-01,10842.2,10864.8,10834.25,10864.8,14:05:00,10912.05845047496,4,59
2019-02-01,10868.35,10880.05,10832.2,10844.15,14:10:00,10907.895740905917,4,60
2019-02-01,10863.3,10873.35,10855.4,10868.95,14:15:00,10903.648527486304,4,61
2019-02-01,10877.4,10879.75,10864.2,10866.3,14:20:00,10901.148667725703,4,62
2019-02-01,10845.0,10879.85,10842.4,10878.95,14:25:00,10895.801175561352,4,63
2019-02-01,10842.05,10846.2,10813.45,10844.6,14:30:00,10890.682015984085,4,64
2019-02-01,10854.8,10854.95,10822.0,10842.7,14:35:00,10887.264681128456,4,65
2019-02-01,10861.8,10869.75,10853.25,10858.85,14:40:00,10884.839473401937,4,66
2019-02-01,10887.0,10894.4,10852.15,10863.35,14:45:00,10885.045237839848,4,67
2019-02-01,10869.6,10888.45,10865.8,10888.45,14:50:00,10883.574262807482,4,68
2019-02-01,10871.2,10877.0,10862.65,10870.95,14:55:00,10882.395761587724,4,69
2019-02-01,10883.4,10903.9,10874.95,10875.45,15:00:00,10882.491403341272,4,70
2019-02-01,10899.6,10901.85,10884.9,10885.95,15:05:00,10884.120793499247,4,71
2019-02-01,10891.35,10903.3,10886.65,10900.9,15:10:00,10884.809289356464,4,72
2019-02-01,10897.8,10899.75,10888.85,10891.3,15:15:00,10886.046499893942,4,73
2019-02-01,10891.6,10898.05,10890.7,10898.05,15:20:00,10886.575404665948,4,74
2019-02-01,10894.65,10899.3,10889.8,10891.55,15:25:00,10887.344413745384,4,75
2019-02-04,10857.45,10869.75,10844.1,10869.75,09:15:00,10884.497326722012,0,1
2019-02-04,10866.65,10868.4,10848.6,10858.75,09:20:00,10882.797581319915,0,2
2019-02-04,10866.75,10868.25,10854.9,10865.9,09:25:00,10881.269240241829,0,3
2019-02-04,10862.9,10872.35,10861.05,10866.5,09:30:00,10879.519788790223,0,4
2019-02-04,10848.55,10869.7,10848.55,10863.55,09:35:00,10876.570285095915,0,5
2019-02-04,10839.65,10850.3,10836.6,10849.25,09:40:00,10873.054067467734,0,6
2019-02-04,10845.95,10848.05,10831.4,10839.55,09:45:00,10870.472727708902,0,7
2019-02-04,10843.1,10855.45,10843.05,10845.8,09:50:00,10867.865801260436,0,8
2019-02-04,10847.4,10850.45,10842.0,10842.2,09:55:00,10865.916677330872,0,9
2019-02-04,10842.45,10848.15,10829.9,10848.15,10:00:00,10863.681755680313,0,10
2019-02-04,10848.85,10853.95,10839.5,10841.65,10:05:00,10862.269207520285,0,11
2019-02-04,10856.25,10856.25,10847.75,10849.35,10:10:00,10861.695949661207,0,12
2019-02-04,10861.3,10867.45,10853.35,10855.6,10:15:00,10861.658240169663,0,13
2019-02-04,10845.25,10861.7,10845.25,10861.5,10:20:00,10860.095550629696,0,14
2019-02-04,10859.1,10859.2,10845.15,10845.95,10:25:00,10860.000736284012,0,15
2019-02-04,10847.45,10859.65,10847.2,10859.3,10:30:00,10858.805428066487,0,16
2019-02-04,10845.15,10849.85,10842.55,10847.2,10:35:00,10857.504911107775,0,17
2019-02-04,10849.1,10849.95,10844.05,10844.65,10:40:00,10856.704443383223,0,18
2019-02-04,10852.45,10855.4,10848.2,10849.0,10:45:00,10856.29925829911,0,19
2019-02-04,10852.15,10853.9,10849.8,10852.5,10:50:00,10855.904090842052,0,20
2019-02-04,10846.65,10852.55,10844.0,10852.55,10:55:00,10855.022748857094,0,21
2019-02-04,10839.0,10848.8,10838.75,10846.5,11:00:00,10853.496772775468,0,22
2019-02-04,10833.1,10844.05,10831.9,10839.15,11:05:00,10851.554222987328,0,23
2019-02-04,10834.9,10841.75,10833.1,10833.3,11:10:00,10849.968106512344,0,24
2019-02-04,10838.6,10841.4,10834.75,10834.75,11:15:00,10848.885429701644,0,25
2019-02-04,10842.5,10845.85,10838.05,10838.9,11:20:00,10848.277293539582,0,26
2019-02-04,10843.8,10845.75,10841.9,10842.3,11:25:00,10847.85088463105,0,27
2019-02-04,10846.3,10851.05,10839.8,10843.85,11:30:00,10847.703181332856,0,28
2019-02-04,10840.7,10848.15,10840.15,10846.4,11:35:00,10847.036211682109,0,29
2019-02-04,10841.55,10844.2,10835.6,10840.0,11:40:00,10846.513715331432,0,30
2019-02-04,10838.05,10842.6,10836.85,10841.75,11:45:00,10845.707647204628,0,31
2019-02-04,10843.45,10843.95,10837.7,10837.7,11:50:00,10845.49263318514,0,32
2019-02-04,10854.0,10855.65,10840.4,10843.3,11:55:00,10846.30285859608,0,33
2019-02-04,10860.9,10860.9,10853.35,10854.1,12:00:00,10847.69306253931,0,34
2019-02-04,10861.75,10862.6,10853.2,10860.45,12:05:00,10849.031818487949,0,35
2019-02-04,10855.7,10863.15,10855.1,10862.3,12:10:00,10849.666883393858,0,36
2019-02-04,10854.75,10857.85,10853.6,10855.75,12:15:00,10850.1509897373,0,37
2019-02-04,10853.7,10857.1,10851.3,10854.95,12:20:00,10850.4889907147,0,38
2019-02-04,10851.8,10854.0,10848.3,10853.45,12:25:00,10850.613848741872,0,39
2019-02-04,10849.45,10854.7,10847.25,10851.65,12:30:00,10850.50300600455,0,40
2019-02-04,10839.75,10850.9,10838.3,10849.15,12:35:00,10849.478910194592,0,41
2019-02-04,10838.4,10845.1,10836.8,10839.65,12:40:00,10848.423775890347,0,42
2019-02-04,10838.5,10843.1,10834.7,10837.95,12:45:00,10847.47865437698,0,43
2019-02-04,10834.5,10838.1,10830.85,10838.1,12:50:00,10846.242592055363,0,44
2019-02-04,10837.5,10839.1,10831.0,10834.25,12:55:00,10845.409964240567,0,45
2019-02-04,10817.7,10837.05,10814.15,10836.95,13:00:00,10842.77092002718,0,46
2019-02-04,10820.45,10827.7,10817.75,10818.1,13:05:00,10840.64511811983,0,47
2019-02-04,10842.8,10842.95,10820.9,10821.35,13:10:00,10840.85034496556,0,48
2019-02-04,10835.2,10845.45,10833.0,10842.7,13:15:00,10840.3122168736,0,49
2019-02-04,10839.7,10839.85,10833.1,10836.75,13:20:00,10840.253910504687,0,50
2019-02-04,10836.3,10840.6,10832.55,10839.35,13:25:00,10839.87734759948,0,51
2019-02-04,10844.05,10844.45,10836.05,10836.5,13:30:00,10840.274743066197,0,52
2019-02-04,10839.45,10846.15,10838.9,10844.1,13:35:00,10840.19619610751,0,53
2019-02-04,10834.2,10840.3,10829.4,10839.55,13:40:00,10839.62512981156,0,54
2019-02-04,10829.85,10836.7,10824.5,10836.7,13:45:00,10838.6941650676,0,55
2019-02-04,10838.45,10840.5,10826.2,10831.0,13:50:00,10838.670911251638,0,56
2019-02-04,10849.6,10849.9,10837.8,10838.7,13:55:00,10839.71177684672,0,57
2019-02-04,10865.35,10872.35,10850.5,10850.5,14:00:00,10842.153512385126,0,58
2019-02-04,10877.5,10880.1,10863.0,10866.4,14:05:00,10845.519844538923,0,59
2019-02-04,10871.95,10893.0,10869.85,10879.25,14:10:00,10848.037002201883,0,60
2019-02-04,10877.0,10884.5,10868.95,10874.25,14:15:00,10850.79538294456,0,61
2019-02-04,10878.75,10880.0,10867.75,10877.7,14:20:00,10853.45772742603,0,62
2019-02-04,10882.95,10887.4,10876.0,10879.8,14:25:00,10856.266515290215,0,63
2019-02-04,10884.9,10890.4,10881.85,10885.35,14:30:00,10858.993513834006,0,64
2019-02-04,10904.4,10907.0,10885.7,10887.55,14:35:00,10863.31794108791,0,65
2019-02-04,10912.45,10917.65,10906.0,10906.0,14:40:00,10867.997184793823,0,66
2019-02-04,10923.1,10925.15,10913.1,10914.2,14:45:00,10873.245071956317,0,67
2019-02-04,10921.6,10927.9,10917.6,10925.05,14:50:00,10877.850303198573,0,68
2019-02-04,10920.25,10925.65,10914.8,10923.9,14:55:00,10881.888369560613,0,69
2019-02-04,10918.75,10926.6,10917.3,10921.25,15:00:00,10885.399001031028,0,70
2019-02-04,10917.95,10926.35,10917.95,10918.7,15:05:00,10888.49909617093,0,71
2019-02-04,10903.9,10919.1,10900.2,10916.6,15:10:00,10889.965848916556,0,72
2019-02-04,10910.5,10913.65,10903.85,10903.95,15:15:00,10891.921482353076,0,73
2019-02-04,10907.4,10911.55,10903.4,10911.55,15:20:00,10893.395626890877,0,74
2019-02-04,10909.05,10912.75,10905.35,10907.5,15:25:00,10894.886519567935,0,75
2019-02-05,10926.35,10928.9,10901.35,10908.5,09:15:00,10897.88304151385,1,1
2019-02-05,10914.6,10926.9,10908.7,10926.5,09:20:00,10899.475132798245,1,2
2019-02-05,10899.35,10915.6,10892.6,10915.05,09:25:00,10899.463215388889,1,3
2019-02-05,10907.1,10908.65,10886.7,10899.3,09:30:00,10900.190528208992,1,4
2019-02-05,10896.85,10906.55,10896.65,10906.55,09:35:00,10899.87238266528,1,5
2019-02-05,10903.15,10907.2,10895.3,10896.75,09:40:00,10900.184536697156,1,6
2019-02-05,10907.6,10913.7,10899.85,10903.0,09:45:00,10900.890771297429,1,7
2019-02-05,10897.25,10913.65,10897.15,10907.4,09:50:00,10900.544031173864,1,8
2019-02-05,10904.85,10905.65,10896.45,10897.0,09:55:00,10900.954123443022,1,9
2019-02-05,10920.1,10924.4,10904.65,10905.05,10:00:00,10902.777540257972,1,10
2019-02-05,10916.3,10922.8,10916.05,10920.15,10:05:00,10904.065393566736,1,11
2019-02-05,10920.5,10920.5,10913.4,10916.55,10:10:00,10905.630594179427,1,12
2019-02-05,10923.9,10930.7,10919.55,10920.6,10:15:00,10907.37053759091,1,13
2019-02-05,10919.95,10931.0,10917.55,10923.0,10:20:00,10908.568581629872,1,14
2019-02-05,10916.95,10926.3,10916.2,10919.6,10:25:00,10909.366811950837,1,15
2019-02-05,10917.65,10923.25,10915.4,10917.2,10:30:00,10910.155687003138,1,16
2019-02-05,10917.95,10923.75,10914.9,10916.65,10:35:00,10910.89800252665,1,17
2019-02-05,10922.6,10926.7,10916.75,10917.7,10:40:00,10912.012478476494,1,18
2019-02-05,10925.3,10926.8,10921.95,10922.3,10:45:00,10913.277956716827,1,19
2019-02-05,10924.15,10925.4,10918.25,10925.4,10:50:00,10914.313389410465,1,20
2019-02-05,10925.1,10927.65,10921.9,10923.7,10:55:00,10915.340685657084,1,21
2019-02-05,10919.5,10930.35,10917.85,10925.2,11:00:00,10915.736810832605,1,22
2019-02-05,10907.7,10919.7,10906.0,10918.8,11:05:00,10914.971400277118,1,23
2019-02-05,10909.85,10912.05,10906.8,10906.95,11:10:00,10914.483647869773,1,24
2019-02-05,10906.05,10912.35,10904.3,10909.55,11:15:00,10913.680443310746,1,25
2019-02-05,10914.5,10916.9,10905.55,10906.65,11:20:00,10913.758496328772,1,26
2019-02-05,10910.4,10915.35,10907.45,10913.9,11:25:00,10913.438639535556,1,27
2019-02-05,10915.75,10916.85,10909.6,10910.3,11:30:00,10913.658769103598,1,28
2019-02-05,10918.4,10919.0,10913.85,10915.6,11:35:00,10914.110314903255,1,29
2019-02-05,10916.4,10921.3,10914.9,10918.55,11:40:00,10914.328380150566,1,30
2019-02-05,10914.55,10917.45,10910.5,10916.2,11:45:00,10914.349486802894,1,31
2019-02-05,10921.6,10923.3,10913.5,10914.4,11:50:00,10915.040011869283,1,32
2019-02-05,10936.9,10936.9,10921.0,10921.45,11:55:00,10917.121915500782,1,33
2019-02-05,10939.8,10941.5,10936.85,10937.85,12:00:00,10919.281733072135,1,34
2019-02-05,10946.45,10948.65,10938.1,10939.45,12:05:00,10921.869187065266,1,35
2019-02-05,10946.45,10948.15,10940.55,10946.7,12:10:00,10924.210216868574,1,36
2019-02-05,10940.15,10946.45,10937.85,10946.35,12:15:00,10925.72829145252,1,37
2019-02-05,10946.65,10946.65,10938.3,10939.85,12:20:00,10927.720835123706,1,38
2019-02-05,10946.85,10949.85,10945.1,10946.6,12:25:00,10929.54266035002,1,39
2019-02-05,10946.65,10949.45,10944.2,10946.4,12:30:00,10931.171930792874,1,40
2019-02-05,10942.8,10947.35,10942.4,10946.55,12:35:00,10932.279365955455,1,41
2019-02-05,10934.8,10943.3,10928.85,10942.4,12:40:00,10932.519426340652,1,42
2019-02-05,10937.75,10940.55,10933.3,10934.75,12:45:00,10933.01757621297,1,43
2019-02-05,10946.15,10946.45,10936.45,10937.7,12:50:00,10934.268283240306,1,44
2019-02-05,10936.45,10947.25,10934.55,10946.2,12:55:00,10934.476065788847,1,45
2019-02-05,10935.8,10940.35,10934.85,10936.3,13:00:00,10934.602154761338,1,46
2019-02-05,10933.75,10939.8,10930.3,10935.95,13:05:00,10934.520997165022,1,47
2019-02-05,10940.1,10940.45,10933.4,10934.35,13:10:00,10935.052330768352,1,48
2019-02-05,10937.75,10942.7,10936.8,10939.95,13:15:00,10935.309251647555,1,49
2019-02-05,10942.4,10942.9,10936.2,10938.05,13:20:00,10935.984561014457,1,50
2019-02-05,10940.1,10945.4,10939.2,10942.3,13:25:00,10936.376507584506,1,51
2019-02-05,10943.35,10943.55,10934.8,10940.0,13:30:00,10937.040649719314,1,52
2019-02-05,10944.4,10945.05,10941.15,10944.05,13:35:00,10937.741540222236,1,53
2019-02-05,10952.15,10952.15,10943.35,10945.8,13:40:00,10939.113774486785,1,54
2019-02-05,10954.9,10956.7,10951.25,10953.85,13:45:00,10940.61722453566,1,55
2019-02-05,10948.45,10955.9,10943.15,10955.5,13:50:00,10941.363203151312,1,56
2019-02-05,10934.25,10952.55,10931.7,10949.7,13:55:00,10940.685755232142,1,57
2019-02-05,10925.6,10935.1,10916.25,10935.1,14:00:00,10939.249016638603,1,58
2019-02-05,10926.3,10934.25,10924.05,10926.65,14:05:00,10938.015776958737,1,59
2019-02-05,10936.75,10937.65,10919.45,10927.7,14:10:00,10937.89522677219,1,60
2019-02-05,10937.45,10940.0,10931.45,10938.2,14:15:00,10937.852824222458,1,61
2019-02-05,10945.65,10945.65,10934.05,10937.2,14:20:00,10938.595412391747,1,62
2019-02-05,10934.45,10946.25,10929.65,10945.8,14:25:00,10938.20061121158,1,63
2019-02-05,10938.15,10941.15,10932.35,10935.4,14:30:00,10938.195791096194,1,64
2019-02-05,10943.9,10945.3,10937.65,10939.25,14:35:00,10938.739049087031,1,65
2019-02-05,10945.45,10950.55,10943.75,10944.8,14:40:00,10939.37818726922,1,66
2019-02-05,10937.6,10947.3,10937.6,10947.3,14:45:00,10939.208836100725,1,67
2019-02-05,10938.75,10940.0,10929.8,10939.3,14:50:00,10939.165137424465,1,68
2019-02-05,10932.65,10939.25,10928.85,10938.45,14:55:00,10938.544648145944,1,69
2019-02-05,10941.35,10941.35,10932.0,10934.1,15:00:00,10938.811824512995,1,70
2019-02-05,10940.25,10944.85,10938.85,10941.75,15:05:00,10938.948793606996,1,71
2019-02-05,10934.2,10941.25,10927.65,10941.25,15:10:00,10938.496527549189,1,72
2019-02-05,10935.1,10935.2,10929.05,10934.1,15:15:00,10938.173048734978,1,73
2019-02-05,10928.65,10936.25,10928.45,10935.3,15:20:00,10937.266091712598,1,74
2019-02-05,10936.35,10936.35,10928.05,10928.8,15:25:00,10937.178844882828,1,75
2019-02-06,10977.15,10985.7,10962.7,10966.95,09:15:00,10940.985621560652,2,1
2019-02-06,11010.55,11012.3,10977.95,10978.7,09:20:00,10947.610800459635,2,2
2019-02-06,11010.25,11018.6,11007.35,11011.35,09:25:00,10953.576438511102,2,3
2019-02-06,11001.05,11014.55,10997.15,11010.95,09:30:00,10958.097730081474,2,4
2019-02-06,11000.0,11003.8,10993.7,11000.6,09:35:00,10962.088422454666,2,5
2019-02-06,10997.9,11010.05,10997.65,11000.1,09:40:00,10965.499048887554,2,6
2019-02-06,11009.55,11011.25,10996.15,10998.35,09:45:00,10969.694377564929,2,7
2019-02-06,11012.75,11015.75,11005.1,11009.35,09:50:00,10973.794913034935,2,8
2019-02-06,11011.75,11014.4,11009.55,11012.3,09:55:00,10977.409683222086,2,9
2019-02-06,11006.35,11011.7,11002.35,11011.7,10:00:00,10980.165903867604,2,10
2019-02-06,11002.15,11006.65,10998.3,11005.7,10:05:00,10982.259627308784,2,11
2019-02-06,10992.95,11004.5,10992.15,11001.45,10:10:00,10983.277758041282,2,12
2019-02-06,10988.55,10995.1,10988.2,10993.05,10:15:00,10983.779876323064,2,13
2019-02-06,10987.95,10996.2,10984.35,10988.7,10:20:00,10984.177030958965,2,14
2019-02-06,10981.6,10989.3,10979.15,10987.6,10:25:00,10983.931599439062,2,15
2019-02-06,10985.25,10993.25,10980.3,10981.5,10:30:00,10984.057161397246,2,16
2019-02-06,10990.7,10994.85,10984.35,10985.15,10:35:00,10984.689812692746,2,17
2019-02-06,10983.75,10991.55,10982.2,10990.65,10:40:00,10984.600306722008,2,18
2019-02-06,10990.1,10995.15,10984.3,10984.6,10:45:00,10985.124087034195,2,19
2019-02-06,10988.95,10991.55,10985.85,10990.95,10:50:00,10985.488459697608,2,20
2019-02-06,10996.55,10999.7,10988.6,10988.75,10:55:00,10986.541939726409,2,21
2019-02-06,10999.75,10999.8,10995.5,10996.6,11:00:00,10987.799850228654,2,22
2019-02-06,10997.15,11000.1,10994.6,10999.3,11:05:00,10988.690340683068,2,23
2019-02-06,10994.35,10997.8,10992.35,10997.0,11:10:00,10989.22935585611,2,24
2019-02-06,11004.2,11005.15,10993.15,10994.45,11:15:00,10990.655131488862,2,25
2019-02-06,11005.85,11007.6,11002.4,11004.3,11:20:00,10992.102261823256,2,26
2019-02-06,11006.85,11007.05,10999.25,11005.95,11:25:00,10993.506808316277,2,27
2019-02-06,11004.6,11008.55,11001.9,11007.05,11:30:00,10994.563302762344,2,28
2019-02-06,11001.1,11007.75,10998.65,11004.85,11:35:00,10995.185845356407,2,29
2019-02-06,11003.35,11003.35,10998.4,10999.5,11:40:00,10995.963383893892,2,30
2019-02-06,11008.65,11009.5,11003.9,11003.9,11:45:00,10997.171633046855,2,31
2019-02-06,11008.05,11011.15,11007.2,11008.9,11:50:00,10998.207667994771,2,32
2019-02-06,11011.55,11012.05,11005.55,11008.6,11:55:00,10999.478366280986,2,33
2019-02-06,11014.0,11015.1,11010.7,11011.35,12:00:00,11000.86137901613,2,34
2019-02-06,11017.25,11019.8,11012.45,11013.9,12:05:00,11002.422200062214,2,35
2019-02-06,11015.8,11018.9,11012.75,11017.65,12:10:00,11003.696276246765,2,36
2019-02-06,11021.85,11022.4,11013.35,11015.55,12:15:00,11005.425202318502,2,37
2019-02-06,11030.15,11031.95,11021.0,11021.0,12:20:00,11007.779944954837,2,38
2019-02-06,11028.55,11031.4,11026.7,11030.1,12:25:00,11009.758045435326,2,39
2019-02-06,11033.8,11034.5,11028.15,11028.15,12:30:00,11012.047755393867,2,40
2019-02-06,11032.8,11033.8,11028.6,11033.3,12:35:00,11014.024159642073,2,41
2019-02-06,11032.8,11035.75,11029.6,11032.3,12:40:00,11015.812334914255,2,42
2019-02-06,11028.25,11035.2,11022.1,11033.4,12:45:00,11016.996874446231,2,43
2019-02-06,11027.05,11028.1,11022.25,11028.1,12:50:00,11017.954314975164,2,44
2019-02-06,11028.6,11030.05,11024.05,11026.55,12:55:00,11018.968189739431,2,45
2019-02-06,11033.15,11034.9,11028.7,11029.0,13:00:00,11020.318838335676,2,46
2019-02-06,11042.6,11043.8,11032.65,11034.4,13:05:00,11022.44085373228,2,47
2019-02-06,11038.1,11045.55,11036.9,11044.2,13:10:00,11023.932200995872,2,48
2019-02-06,11035.35,11041.7,11035.35,11039.3,13:15:00,11025.019610424835,2,49
2019-02-06,11031.25,11037.95,11031.25,11037.15,13:20:00,11025.612980860567,2,50
2019-02-06,11036.55,11039.1,11029.7,11032.3,13:25:00,11026.65460173099,2,51
2019-02-06,11038.3,11041.0,11036.35,11036.8,13:30:00,11027.76368728042,2,52
2019-02-06,11031.85,11041.6,11029.15,11039.55,13:35:00,11028.15285992038,2,53
2019-02-06,11043.0,11043.85,11031.0,11032.95,13:40:00,11029.566873261296,2,54
2019-02-06,11053.0,11055.15,11040.6,11043.8,13:45:00,11031.798599617365,2,55
2019-02-06,11055.7,11057.3,11049.15,11054.0,13:50:00,11034.074923463328,2,56
2019-02-06,11052.45,11057.55,11051.8,11056.0,13:55:00,11035.824930752537,2,57
2019-02-06,11054.9,11055.65,11050.1,11053.15,14:00:00,11037.6416040142,2,58
2019-02-06,11055.85,11060.0,11054.35,11056.4,14:05:00,11039.375736965228,2,59
2019-02-06,11052.65,11057.65,11052.25,11057.65,14:10:00,11040.639952492347,2,60
2019-02-06,11048.2,11054.45,11043.85,11054.45,14:15:00,11041.359957016886,2,61
2019-02-06,11053.95,11056.4,11047.45,11049.45,14:20:00,11042.559008729564,2,62
2019-02-06,11045.4,11054.85,11044.9,11054.35,14:25:00,11042.82957932675,2,63
2019-02-06,11051.4,11052.8,11041.6,11047.15,14:30:00,11043.64580986706,2,64
2019-02-06,11051.75,11052.85,11047.5,11051.35,14:35:00,11044.417637498767,2,65
2019-02-06,11048.5,11052.4,11044.55,11051.5,14:40:00,11044.806433927455,2,66
2019-02-06,11047.05,11048.25,11041.35,11048.25,14:45:00,11045.020106886746,2,67
2019-02-06,11054.35,11055.05,11046.9,11046.9,14:50:00,11045.908668135628,2,68
2019-02-06,11060.25,11060.95,11054.8,11054.8,14:55:00,11047.274509265568,2,69
2019-02-06,11063.55,11064.65,11057.2,11060.3,15:00:00,11048.82455600218,2,70
2019-02-06,11057.1,11065.2,11056.35,11065.2,15:05:00,11049.612693525782,2,71
2019-02-06,11061.6,11062.7,11054.95,11056.75,15:10:00,11050.754341761422,2,72
2019-02-06,11061.4,11062.8,11058.1,11061.15,15:15:00,11051.76821397462,2,73
2019-02-06,11068.9,11070.0,11060.8,11061.05,15:20:00,11053.399812643702,2,74
2019-02-06,11067.8,11072.6,11067.0,11069.4,15:25:00,11054.771259058589,2,75
2019-02-07,11091.8,11092.7,11055.95,11067.4,09:15:00,11058.297805814913,3,1
2019-02-07,11090.65,11095.65,11087.1,11092.95,09:20:00,11061.378967165874,3,2
2019-02-07,11100.55,11101.15,11085.45,11091.2,09:25:00,11065.109541721504,3,3
2019-02-07,11098.0,11101.85,11091.15,11100.05,09:30:00,11068.241966319456,3,4
2019-02-07,11091.15,11100.55,11089.8,11098.1,09:35:00,11070.42368381284,3,5
2019-02-07,11087.7,11095.55,11087.5,11090.9,09:40:00,11072.069047259236,3,6
2019-02-07,11090.0,11090.6,11083.1,11087.2,09:45:00,11073.77675704407,3,7
2019-02-07,11086.1,11091.4,11081.2,11090.25,09:50:00,11074.95039923035,3,8
2019-02-07,11086.3,11089.05,11084.45,11086.45,09:55:00,11076.031313589365,3,9
2019-02-07,11084.9,11092.4,11084.1,11086.0,10:00:00,11076.875950390378,3,10
2019-02-07,11086.55,11092.25,11084.9,11085.0,10:05:00,11077.797288448435,3,11
2019-02-07,11088.15,11092.5,11085.45,11087.05,10:10:00,11078.783260977158,3,12
2019-02-07,11093.85,11096.9,11087.55,11088.3,10:15:00,11080.218188503142,3,13
2019-02-07,11094.95,11097.1,11091.8,11093.75,10:20:00,11081.62121816951,3,14
2019-02-07,11096.45,11097.8,11089.95,11094.8,10:25:00,11083.033483105748,3,15
2019-02-07,11093.8,11098.35,11092.45,11096.25,10:30:00,11084.058865667104,3,16
2019-02-07,11099.05,11099.75,11092.25,11094.05,10:35:00,11085.486592746429,3,17
2019-02-07,11095.1,11099.55,11094.7,11098.95,10:40:00,11086.402155342004,3,18
2019-02-07,11095.25,11096.0,11091.1,11095.15,10:45:00,11087.244807214196,3,19
2019-02-07,11095.6,11096.5,11092.35,11095.4,10:50:00,11088.040539860463,3,20
2019-02-07,11091.5,11095.85,11090.3,11095.8,10:55:00,11088.370012254703,3,21
2019-02-07,11092.7,11096.4,11088.1,11091.45,11:00:00,11088.782392039971,3,22
2019-02-07,11088.9,11093.3,11087.2,11092.65,11:05:00,11088.79359279807,3,23
2019-02-07,11086.55,11089.2,11082.55,11089.1,11:10:00,11088.579917293491,3,24
2019-02-07,11090.5,11091.3,11086.45,11087.1,11:15:00,11088.76278231316,3,25
2019-02-07,11091.15,11092.5,11088.4,11091.15,11:20:00,11088.990136378574,3,26
2019-02-07,11095.7,11097.5,11090.5,11090.6,11:25:00,11089.629171009186,3,27
2019-02-07,11095.5,11097.55,11093.75,11095.9,11:30:00,11090.18829757974,3,28
2019-02-07,11090.8,11097.0,11090.0,11095.65,11:35:00,11090.246554953095,3,29
2019-02-07,11096.55,11097.1,11089.4,11090.3,11:40:00,11090.846883052804,3,30
2019-02-07,11103.85,11118.1,11094.6,11095.9,11:45:00,11092.085275143012,3,31
2019-02-07,11098.4,11108.7,11078.0,11104.3,11:50:00,11092.686677510344,3,32
2019-02-07,11085.65,11100.25,11085.65,11098.6,11:55:00,11092.016517747454,3,33
2019-02-07,11069.1,11087.9,11065.8,11087.9,12:00:00,11089.833992247695,3,34
2019-02-07,11085.55,11085.55,11060.55,11070.25,12:05:00,11089.42599298601,3,35
2019-02-07,11085.35,11087.0,11081.8,11085.3,12:10:00,11089.03780317782,3,36
2019-02-07,11092.2,11094.35,11079.2,11084.8,12:15:00,11089.338964779932,3,37
2019-02-07,11081.8,11092.05,11079.95,11091.9,12:20:00,11088.620968134224,3,38
2019-02-07,11068.25,11083.75,11067.55,11081.65,12:25:00,11086.680875930964,3,39
2019-02-07,11070.2,11076.55,11066.7,11068.6,12:30:00,11085.111268699446,3,40
2019-02-07,11069.2,11076.6,11066.1,11070.45,12:35:00,11083.59590977569,3,41
2019-02-07,11056.4,11071.75,11055.4,11069.4,12:40:00,11081.005823130386,3,42
2019-02-07,11044.2,11056.3,11043.6,11056.3,12:45:00,11077.50050664178,3,43
2019-02-07,11059.0,11063.05,11044.45,11044.45,12:50:00,11075.738553628276,3,44
2019-02-07,11066.25,11069.9,11058.05,11059.3,12:55:00,11074.834881854154,3,45
2019-02-07,11071.8,11073.4,11063.45,11066.75,13:00:00,11074.545845487091,3,46
2019-02-07,11073.15,11074.4,11067.25,11072.2,13:05:00,11074.412907821656,3,47
2019-02-07,11087.05,11087.8,11070.9,11073.1,13:10:00,11075.61644041007,3,48
2019-02-07,11085.25,11091.7,11081.3,11087.5,13:15:00,11076.533922275778,3,49
2019-02-07,11078.7,11086.4,11076.9,11086.05,13:20:00,11076.74021539237,3,50
2019-02-07,11074.95,11083.05,11071.85,11078.75,13:25:00,11076.569718688335,3,51
2019-02-07,11083.65,11087.6,11075.8,11075.9,13:30:00,11077.244031194208,3,52
2019-02-07,11084.75,11088.05,11081.35,11083.75,13:35:00,11077.958885366188,3,53
2019-02-07,11091.2,11093.55,11084.25,11084.8,13:40:00,11079.219943902744,3,54
2019-02-07,11101.25,11103.75,11091.2,11091.7,13:45:00,11081.318044483434,3,55
2019-02-07,11104.2,11108.05,11098.8,11102.65,13:50:00,11083.497278342154,3,56
2019-02-07,11107.3,11107.7,11101.95,11106.25,13:55:00,11085.76420421433,3,57
2019-02-07,11107.3,11109.4,11104.2,11108.35,14:00:00,11087.815232384395,3,58
2019-02-07,11102.9,11113.15,11100.1,11109.3,14:05:00,11089.251876919214,3,59
2019-02-07,11097.95,11106.85,11097.4,11103.65,14:10:00,11090.080269593574,3,60
2019-02-07,11099.0,11101.0,11094.55,11099.35,14:15:00,11090.92976772752,3,61
2019-02-07,11097.85,11102.75,11096.15,11100.65,14:20:00,11091.588837467756,3,62
2019-02-07,11097.4,11101.6,11094.7,11099.35,14:25:00,11092.142281518443,3,63
2019-02-07,11106.35,11106.9,11097.25,11098.85,14:30:00,11093.495397564307,3,64
2019-02-07,11108.85,11110.6,11106.7,11108.3,14:35:00,11094.95774065342,3,65
2019-02-07,11106.05,11112.4,11103.95,11110.0,14:40:00,11096.014146305475,3,66
2019-02-07,11096.95,11107.75,11093.7,11107.1,14:45:00,11096.103275228765,3,67
2019-02-07,11104.25,11104.9,11094.85,11097.85,14:50:00,11096.879153778404,3,68
2019-02-07,11101.9,11105.95,11101.9,11105.25,14:55:00,11097.357329609033,3,69
2019-02-07,11091.2,11103.55,11086.1,11103.55,15:00:00,11096.770917265316,3,70
2019-02-07,11086.05,11092.1,11083.75,11092.1,15:05:00,11095.749877525765,3,71
2019-02-07,11074.75,11087.6,11074.2,11087.2,15:10:00,11093.749889189976,3,72
2019-02-07,11057.8,11076.4,11054.9,11074.3,15:15:00,11090.326090219502,3,73
2019-02-07,11051.7,11057.75,11049.2,11057.75,15:20:00,11086.6474149605,3,74
2019-02-07,11054.1,11057.05,11051.2,11052.3,15:25:00,11083.547661154738,3,75
2019-02-08,11035.35,11036.0,11006.75,11021.1,09:15:00,11078.95740771143,4,1
2019-02-08,11026.9,11040.45,11025.6,11035.5,09:20:00,11073.99955935796,4,2
2019-02-08,11020.35,11028.55,11012.65,11026.8,09:25:00,11068.890077514345,4,3
2019-02-08,11032.65,11032.65,11017.1,11020.1,09:30:00,11065.4386415606,4,4
2019-02-08,11031.4,11041.2,11029.3,11033.15,09:35:00,11062.196866173876,4,5
2019-02-08,11027.1,11036.45,11026.9,11031.25,09:40:00,11058.85430749065,4,6
2019-02-08,11021.85,11029.4,11021.55,11028.45,09:45:00,11055.330087729635,4,7
2019-02-08,11012.05,11023.7,11011.65,11021.3,09:50:00,11051.208174612528,4,8
2019-02-08,11011.95,11016.0,11007.55,11012.1,09:55:00,11047.469300839906,4,9
2019-02-08,11015.75,11015.85,11005.65,11012.55,10:00:00,11044.44841504563,4,10
2019-02-08,11012.55,11018.2,11010.0,11015.7,10:05:00,11041.41047075557,4,11
2019-02-08,11012.55,11015.35,11006.95,11012.05,10:10:00,11038.661854493135,4,12
2019-02-08,11016.9,11017.55,11010.8,11012.45,10:15:00,11036.589296922362,4,13
2019-02-08,11013.35,11019.55,11012.55,11017.0,10:20:00,11034.376030548803,4,14
2019-02-08,11012.65,11017.2,11010.75,11013.75,10:25:00,11032.30688478225,4,15
2019-02-08,11003.05,11013.15,11000.9,11012.45,10:30:00,11029.520514802987,4,16
2019-02-08,10990.25,11002.5,10988.7,11002.3,10:35:00,11025.780465774133,4,17
2019-02-08,10999.8,11000.1,10988.65,10990.05,10:40:00,11023.306135700406,4,18
2019-02-08,10994.25,11000.4,10992.4,11000.15,10:45:00,11020.538884681318,4,19
2019-02-08,10998.85,11000.75,10991.65,10994.5,10:50:00,11018.47327661643,4,20
2019-02-08,11000.7,11004.0,10998.7,10998.7,10:55:00,11016.78058360534,4,21
2019-02-08,11002.05,11002.5,10996.55,11000.55,11:00:00,11015.377670881022,4,22
2019-02-08,11003.6,11006.9,11001.25,11001.6,11:05:00,11014.255987939972,4,23
2019-02-08,11001.0,11004.45,10995.95,11004.45,11:10:00,11012.99351289807,4,24
2019-02-08,11000.2,11003.25,10997.85,11001.15,11:15:00,11011.775083098257,4,25
2019-02-08,11004.8,11005.6,10997.4,11000.4,11:20:00,11011.11078946985,4,26
2019-02-08,11009.15,11010.15,11003.4,11004.4,11:25:00,11010.92404761558,4,27
2019-02-08,11005.2,11009.55,11004.95,11009.55,11:30:00,11010.37890022362,4,28
2019-02-08,10999.6,11005.05,10997.95,11004.9,11:35:00,11009.35233829756,4,29
2019-02-08,10999.3,11002.1,10998.95,10999.7,11:40:00,11008.394972745413,4,30
2019-02-08,11008.2,11008.2,10998.85,10998.85,11:45:00,11008.376403912514,4,31
2019-02-08,11003.75,11009.55,11002.45,11007.35,11:50:00,11007.935794016084,4,32
2019-02-08,11003.05,11006.05,11002.2,11004.15,11:55:00,11007.470480300266,4,33
2019-02-08,10997.65,11003.35,10995.95,11003.0,12:00:00,11006.535196462146,4,34
2019-02-08,10997.65,11002.55,10996.65,10997.85,12:05:00,11005.688987275274,4,35
2019-02-08,11003.1,11003.7,10997.55,10998.2,12:10:00,11005.44241705858,4,36
2019-02-08,10998.15,11003.1,10997.5,11003.0,12:15:00,11004.74790114824,4,37
2019-02-08,11001.25,11004.65,10997.4,10998.3,12:20:00,11004.41476770555,4,38
2019-02-08,10999.55,11002.0,10997.2,11001.75,12:25:00,11003.9514564955,4,39
2019-02-08,11003.85,11005.25,10999.35,10999.75,12:30:00,11003.94179397212,4,40
2019-02-08,10987.4,11003.9,10986.9,11003.75,12:35:00,11002.366385022391,4,41
2019-02-08,10985.55,10987.6,10979.65,10987.6,12:40:00,11000.76482454407,4,42
2019-02-08,10992.3,10992.65,10981.4,10986.1,12:45:00,10999.958650777968,4,43
2019-02-08,10984.9,10992.6,10982.95,10992.6,12:50:00,10998.524493561015,4,44
2019-02-08,10962.75,10984.65,10961.95,10984.65,12:55:00,10995.11739893616,4,45
2019-02-08,10951.75,10964.2,10951.75,10962.85,13:00:00,10990.987170466047,4,46
2019-02-08,10963.45,10965.3,10952.55,10953.65,13:05:00,10988.364582802616,4,47
2019-02-08,10965.9,10972.8,10963.1,10963.85,13:10:00,10986.225098726178,4,48
2019-02-08,10974.0,10975.9,10963.15,10966.3,13:15:00,10985.060803609398,4,49
2019-02-08,10980.45,10982.85,10974.0,10974.95,13:20:00,10984.621679456122,4,50
2019-02-08,10974.95,10981.4,10972.85,10980.4,13:25:00,10983.700567126967,4,51
2019-02-08,10977.75,10981.2,10969.65,10974.8,13:30:00,10983.13384644821,4,52
2019-02-08,10991.55,10998.05,10976.95,10977.6,13:35:00,10983.935384881715,4,53
2019-02-08,11009.05,11009.75,10988.1,10991.9,13:40:00,10986.32725298822,4,54
2019-02-08,11003.5,11019.75,11001.55,11010.7,13:45:00,10987.962752703628,4,55
2019-02-08,11013.7,11019.05,11004.2,11004.55,13:50:00,10990.413919112803,4,56
2019-02-08,11013.2,11019.65,11011.5,11014.75,13:55:00,10992.584022054443,4,57
2019-02-08,11013.15,11016.7,11006.0,11015.2,14:00:00,10994.542686620687,4,58
2019-02-08,11017.05,11020.3,11011.8,11016.6,14:05:00,10996.68624027586,4,59
2019-02-08,11010.45,11022.75,11010.45,11020.55,14:10:00,10997.997074535302,4,60
2019-02-08,10993.3,11013.2,10993.2,11012.6,14:15:00,10997.54973410337,4,61
2019-02-08,10995.9,10999.7,10986.15,10996.15,14:20:00,10997.392616569716,4,62
2019-02-08,11001.8,11012.6,10995.45,10997.4,14:25:00,10997.8123673726,4,63
2019-02-08,11002.95,11006.4,10995.75,11000.75,14:30:00,10998.301665718063,4,64
2019-02-08,11009.2,11014.65,11001.8,11003.95,14:35:00,10999.339602316344,4,65
2019-02-08,11002.75,11014.5,11001.6,11010.95,14:40:00,10999.66440209574,4,66
2019-02-08,10997.7,11008.0,10995.4,11007.05,14:45:00,10999.47731618186,4,67
2019-02-08,10993.0,10999.25,10988.7,10999.25,14:50:00,10998.860428926446,4,68
2019-02-08,10996.3,10996.95,10991.15,10993.85,14:55:00,10998.6165785525,4,69
2019-02-08,10969.8,10999.6,10969.4,10997.2,15:00:00,10995.87214249988,4,70
2019-02-08,10953.25,10971.75,10943.65,10969.35,15:05:00,10991.812890833224,4,71
2019-02-08,10936.35,10954.95,10932.75,10953.8,15:10:00,10986.530710753868,4,72
2019-02-08,10928.35,10936.0,10925.45,10935.8,15:15:00,10980.98969068207,4,73
2019-02-08,10927.25,10933.1,10925.7,10928.9,15:20:00,10975.871624902826,4,74
2019-02-08,10933.65,10934.55,10926.05,10926.85,15:25:00,10971.850517769222,4,75
2019-02-11,10901.8,10924.2,10883.65,10924.2,09:15:00,10965.17903988644,0,1
2019-02-11,10894.45,10900.85,10884.65,10900.85,09:20:00,10958.442940849636,0,2
2019-02-11,10880.4,10894.25,10877.7,10893.35,09:25:00,10951.010279816335,0,3
2019-02-11,10887.2,10891.6,10874.05,10880.15,09:30:00,10944.93311031002,0,4
2019-02-11,10891.25,10891.65,10884.85,10887.0,09:35:00,10939.820433137636,0,5
2019-02-11,10889.95,10897.95,10887.35,10890.95,09:40:00,10935.07086807691,0,6
2019-02-11,10867.5,10890.8,10867.25,10890.15,09:45:00,10928.63554730768,0,7
2019-02-11,10865.2,10873.8,10860.3,10867.0,09:50:00,10922.59406661171,0,8
2019-02-11,10864.3,10871.9,10857.1,10865.7,09:55:00,10917.042250743929,0,9
2019-02-11,10869.25,10875.0,10861.25,10863.35,10:00:00,10912.490607815937,0,10
2019-02-11,10866.75,10872.2,10865.45,10869.1,10:05:00,10908.134359452511,0,11
2019-02-11,10872.75,10872.8,10862.9,10866.6,10:10:00,10904.764420457035,0,12
2019-02-11,10881.45,10883.45,10871.9,10872.9,10:15:00,10902.543999461128,0,13
2019-02-11,10877.4,10882.05,10873.75,10881.4,10:20:00,10900.149332845784,0,14
2019-02-11,10874.25,10877.7,10870.95,10877.7,10:25:00,10897.682729717611,0,15
2019-02-11,10866.65,10874.55,10864.25,10873.85,10:30:00,10894.727231649267,0,16
2019-02-11,10866.8,10870.65,10865.05,10866.3,10:35:00,10892.06749530172,0,17
2019-02-11,10870.1,10870.8,10863.65,10866.95,10:40:00,10889.975352892032,0,18
2019-02-11,10872.15,10873.85,10868.7,10870.25,10:45:00,10888.277700235649,0,19
2019-02-11,10873.1,10874.2,10866.95,10871.95,10:50:00,10886.83220497511,0,20
2019-02-11,10874.75,10876.0,10868.9,10872.95,10:55:00,10885.681518787003,0,21
2019-02-11,10872.95,10876.85,10872.05,10875.15,11:00:00,10884.468993188242,0,22
2019-02-11,10871.45,10875.15,10870.9,10873.3,11:05:00,10883.229089075076,0,23
2019-02-11,10878.85,10880.5,10870.95,10871.4,11:10:00,10882.812032972688,0,24
2019-02-11,10876.0,10879.6,10873.95,10878.4,11:15:00,10882.16326792767,0,25
2019-02-11,10874.9,10880.6,10873.8,10876.1,11:20:00,10881.471528125036,0,26
2019-02-11,10887.55,10889.05,10873.55,10874.75,11:25:00,10882.050430208365,0,27
2019-02-11,10883.9,10893.45,10883.9,10887.1,11:30:00,10882.22657971233,0,28
2019-02-11,10876.45,10885.15,10876.1,10884.1,11:35:00,10881.676429263536,0,29
2019-02-11,10882.2,10883.6,10875.9,10876.55,11:40:00,10881.7262931432,0,30
2019-02-11,10888.35,10889.95,10881.7,10882.6,11:45:00,10882.357122367655,0,31
2019-02-11,10893.9,10897.4,10888.6,10888.6,11:50:00,10883.456444046928,0,32
2019-02-11,10892.85,10896.9,10891.9,10893.8,11:55:00,10884.35106842341,0,33
2019-02-11,10889.25,10894.3,10884.8,10893.25,12:00:00,10884.817633335468,0,34
2019-02-11,10885.1,10891.9,10883.05,10888.7,12:05:00,10884.844525398756,0,35
2019-02-11,10889.8,10890.75,10883.3,10884.85,12:10:00,10885.31647536078,0,36
2019-02-11,10898.2,10900.0,10889.5,10889.55,12:15:00,10886.543477707371,0,37
2019-02-11,10900.1,10902.6,10897.9,10897.9,12:20:00,10887.834575068577,0,38
2019-02-11,10896.05,10903.55,10896.05,10900.0,12:25:00,10888.616996490617,0,39
2019-02-11,10885.7,10896.05,10883.95,10896.0,12:30:00,10888.339187301037,0,40
2019-02-11,10881.4,10887.9,10877.25,10886.25,12:35:00,10887.678312319986,0,41
2019-02-11,10884.3,10886.1,10881.15,10881.55,12:40:00,10887.356568289511,0,42
2019-02-11,10884.65,10886.9,10882.25,10883.95,12:45:00,10887.098799880989,0,43
2019-02-11,10893.0,10893.0,10884.05,10885.55,12:50:00,10887.66081893994,0,44
2019-02-11,10892.55,10893.4,10890.1,10893.35,12:55:00,10888.126455231371,0,45
2019-02-11,10892.3,10900.35,10892.3,10894.1,13:00:00,10888.523935685527,0,46
2019-02-11,10892.3,10895.8,10889.4,10893.1,13:05:00,10888.883560858336,0,47
2019-02-11,10898.4,10898.45,10891.95,10892.55,13:10:00,10889.789888395637,0,48
2019-02-11,10886.75,10898.9,10886.2,10898.7,13:15:00,10889.5003752151,0,49
2019-02-11,10887.8,10891.35,10886.4,10886.65,13:20:00,10889.338434718424,0,50
2019-02-11,10888.0,10890.7,10885.6,10887.2,13:25:00,10889.210964745242,0,51
2019-02-11,10878.0,10889.1,10876.45,10887.95,13:30:00,10888.143253817125,0,52
2019-02-11,10886.1,10886.1,10877.85,10877.85,13:35:00,10887.948658215491,0,53
2019-02-11,10887.15,10894.35,10885.9,10886.25,13:40:00,10887.872595528304,0,54
2019-02-11,10866.55,10886.65,10865.45,10886.65,13:45:00,10885.841872144654,0,55
2019-02-11,10879.65,10879.85,10866.0,10866.65,13:50:00,10885.25217003564,0,56
2019-02-11,10889.8,10891.0,10879.95,10879.95,13:55:00,10885.685296698912,0,57
2019-02-11,10889.4,10895.45,10886.8,10889.25,14:00:00,10886.039077965685,0,58
2019-02-11,10899.5,10900.75,10889.3,10891.45,14:05:00,10887.32107054038,0,59
2019-02-11,10902.4,10909.5,10898.8,10900.4,14:10:00,10888.757159060344,0,60
2019-02-11,10903.8,10907.05,10898.2,10905.15,14:15:00,10890.189810578408,0,61
2019-02-11,10906.45,10914.15,10904.35,10906.15,14:20:00,10891.738400047132,0,62
2019-02-11,10899.9,10908.2,10898.35,10908.2,14:25:00,10892.51569528074,0,63
2019-02-11,10909.35,10909.35,10900.75,10900.75,14:30:00,10894.11896239686,0,64
2019-02-11,10911.85,10920.5,10909.85,10910.5,14:35:00,10895.80763264478,0,65
2019-02-11,10901.55,10914.9,10900.35,10913.5,14:40:00,10896.354524773848,0,66
2019-02-11,10900.45,10903.25,10894.75,10901.2,14:45:00,10896.74457003348,0,67
2019-02-11,10894.5,10905.25,10892.5,10902.3,14:50:00,10896.530801458865,0,68
2019-02-11,10888.8,10896.45,10885.4,10895.35,14:55:00,10895.794534653256,0,69
2019-02-11,10876.2,10892.65,10873.25,10890.65,15:00:00,10893.928388495804,0,70
2019-02-11,10875.5,10877.6,10872.85,10876.05,15:05:00,10892.173303877156,0,71
2019-02-11,10885.3,10886.5,10874.65,10876.0,15:10:00,10891.518703507903,0,72
2019-02-11,10895.65,10898.3,10881.45,10885.9,15:15:00,10891.912160316671,0,73
2019-02-11,10893.9,10897.9,10892.5,10895.5,15:20:00,10892.101478381752,0,74
2019-02-11,10899.9,10902.9,10893.8,10895.4,15:25:00,10892.844194726347,0,75
2019-02-12,10904.75,10905.2,10871.85,10878.4,09:15:00,10893.978080942885,1,1
2019-02-12,10895.45,10910.9,10895.4,10905.25,09:20:00,10894.118263710228,1,2
2019-02-12,10887.2,10898.25,10885.1,10895.9,09:25:00,10893.459381452112,1,3
2019-02-12,10889.7,10894.3,10883.75,10886.0,09:30:00,10893.10134512334,1,4
2019-02-12,10872.3,10890.4,10870.7,10889.85,09:35:00,10891.120264635403,1,5
2019-02-12,10882.35,10882.35,10870.4,10872.45,09:40:00,10890.285001336792,1,6
2019-02-12,10882.5,10888.4,10880.2,10882.8,09:45:00,10889.543572638053,1,7
2019-02-12,10868.5,10882.65,10865.7,10882.65,09:50:00,10887.539422863,1,8
2019-02-12,10871.3,10871.45,10862.25,10868.3,09:55:00,10885.99281116176,1,9
2019-02-12,10876.2,10878.05,10870.35,10871.25,10:00:00,10885.06016247969,1,10
2019-02-12,10867.55,10879.45,10867.05,10876.45,10:05:00,10883.392527957814,1,11
2019-02-12,10873.85,10875.0,10867.7,10868.1,10:10:00,10882.483715771355,1,12
2019-02-12,10878.25,10881.9,10873.65,10873.65,10:15:00,10882.080504745512,1,13
2019-02-12,10880.8,10883.3,10877.95,10878.4,10:20:00,10881.958551912609,1,14
2019-02-12,10874.9,10881.75,10874.85,10881.15,10:25:00,10881.286308873312,1,15
2019-02-12,10874.6,10880.7,10871.6,10875.2,10:30:00,10880.649517552043,1,16
2019-02-12,10879.5,10880.3,10874.05,10874.05,10:35:00,10880.540039689944,1,17
2019-02-12,10882.15,10882.65,10877.5,10879.4,10:40:00,10880.693369243285,1,18
2019-02-12,10892.3,10892.35,10881.2,10882.05,10:45:00,10881.798762648685,1,19
2019-02-12,10889.95,10896.4,10889.95,10892.65,10:50:00,10882.575070967858,1,20
2019-02-12,10886.25,10891.45,10884.75,10890.15,10:55:00,10882.925064209014,1,21
2019-02-12,10885.2,10888.15,10883.7,10885.8,11:00:00,10883.141724760537,1,22
2019-02-12,10890.5,10891.05,10882.95,10884.8,11:05:00,10883.842512878578,1,23
2019-02-12,10885.4,10890.6,10883.65,10890.1,11:10:00,10883.99084498538,1,24
2019-02-12,10885.8,10887.95,10881.45,10884.75,11:15:00,10884.163145462964,1,25
2019-02-12,10883.1,10888.15,10882.5,10885.65,11:20:00,10884.06189351411,1,26
2019-02-12,10886.5,10888.75,10882.9,10883.9,11:25:00,10884.294094131816,1,27
2019-02-12,10893.0,10896.45,10885.75,10886.65,11:30:00,10885.123228024024,1,28
2019-02-12,10892.15,10894.25,10889.65,10892.85,11:35:00,10885.792444402688,1,29
2019-02-12,10887.7,10894.6,10887.55,10892.2,11:40:00,10885.974116364336,1,30
2019-02-12,10882.4,10888.2,10882.25,10887.9,11:45:00,10885.633724329637,1,31
2019-02-12,10886.9,10887.75,10881.25,10882.6,11:50:00,10885.754322012528,1,32
2019-02-12,10881.5,10887.2,10878.6,10886.7,11:55:00,10885.349148487529,1,33
2019-02-12,10876.95,10884.3,10875.45,10881.7,12:00:00,10884.549229583952,1,34
2019-02-12,10880.8,10882.1,10876.25,10877.1,12:05:00,10884.192160099768,1,35
2019-02-12,10878.05,10884.45,10878.05,10881.05,12:10:00,10883.607192471218,1,36
2019-02-12,10874.55,10882.4,10874.55,10877.95,12:15:00,10882.744602712051,1,37
2019-02-12,10880.4,10880.4,10873.7,10873.7,12:20:00,10882.521307215668,1,38
2019-02-12,10883.15,10885.5,10880.35,10880.35,12:25:00,10882.581182718935,1,39
2019-02-12,10885.75,10885.8,10881.45,10882.95,12:30:00,10882.882974840944,1,40
2019-02-12,10892.15,10893.2,10886.45,10886.45,12:35:00,10883.765548665617,1,41
2019-02-12,10889.1,10893.05,10885.85,10892.25,12:40:00,10884.273591649842,1,42
2019-02-12,10889.45,10890.5,10884.5,10889.35,12:45:00,10884.766582921286,1,43
2019-02-12,10871.25,10889.9,10871.25,10889.6,12:50:00,10883.479289309736,1,44
2019-02-12,10867.95,10874.7,10861.6,10870.75,12:55:00,10882.000309375471,1,45
2019-02-12,10865.1,10871.05,10865.0,10868.4,13:00:00,10880.39075610162,1,46
2019-02-12,10867.65,10869.8,10863.35,10865.2,13:05:00,10879.177350758608,1,47
2019-02-12,10875.95,10875.95,10866.85,10867.7,13:10:00,10878.869984019691,1,48
2019-02-12,10873.55,10877.9,10871.9,10876.1,13:15:00,10878.36331887496,1,49
2019-02-12,10873.1,10877.55,10871.4,10873.6,13:20:00,10877.862050410677,1,50
2019-02-12,10870.7,10873.7,10868.9,10873.45,13:25:00,10877.179950371568,1,51
2019-02-12,10875.2,10877.2,10870.55,10870.55,13:30:00,10876.991383669512,1,52
2019-02-12,10872.6,10877.7,10871.8,10875.0,13:35:00,10876.573156653369,1,53
2019-02-12,10873.2,10873.6,10864.0,10872.5,13:40:00,10876.251903638762,1,54
2019-02-12,10876.45,10881.4,10871.9,10873.75,13:45:00,10876.27076995888,1,55
2019-02-12,10875.0,10877.35,10870.35,10876.4,13:50:00,10876.149744248512,1,56
2019-02-12,10872.4,10875.3,10869.5,10874.9,13:55:00,10875.792625748654,1,57
2019-02-12,10866.25,10872.85,10865.3,10872.35,14:00:00,10874.883804248782,1,58
2019-02-12,10880.95,10884.65,10865.7,10865.95,14:05:00,10875.461537177467,1,59
2019-02-12,10880.8,10883.45,10877.05,10880.9,14:10:00,10875.969962208186,1,60
2019-02-12,10878.7,10882.45,10876.45,10880.9,14:15:00,10876.229965807408,1,61
2019-02-12,10887.5,10887.5,10878.4,10878.65,14:20:00,10877.303302397178,1,62
2019-02-12,10886.0,10888.95,10883.4,10887.25,14:25:00,10878.131559311732,1,63
2019-02-12,10891.35,10894.7,10885.0,10885.95,14:30:00,10879.3904584249,1,64
2019-02-12,10881.6,10891.95,10880.8,10891.15,14:35:00,10879.600890955864,1,65
2019-02-12,10846.55,10881.95,10843.35,10881.4,14:40:00,10876.453187055306,1,66
2019-02-12,10837.3,10852.35,10836.6,10846.7,14:45:00,10872.724312097658,1,67
2019-02-12,10832.25,10840.2,10825.25,10836.3,14:50:00,10868.869615707405,1,68
2019-02-12,10838.15,10845.1,10831.25,10832.5,14:55:00,10865.943938020986,1,69
2019-02-12,10825.7,10838.75,10823.8,10838.75,15:00:00,10862.111182018987,1,70
2019-02-12,10834.45,10838.35,10824.7,10825.75,15:05:00,10859.476783731465,1,71
2019-02-12,10833.05,10836.1,10824.2,10835.05,15:10:00,10856.95994718561,1,72
2019-02-12,10837.45,10838.15,10829.85,10832.8,15:15:00,10855.101856977455,1,73
2019-02-12,10832.05,10838.2,10828.55,10838.1,15:20:00,10852.906442027224,1,74
2019-02-12,10828.4,10833.5,10825.35,10832.25,15:25:00,10850.572495167487,1,75
2019-02-13,10883.25,10891.65,10868.9,10868.9,09:15:00,10853.68463848487,2,1
2019-02-13,10876.0,10884.7,10872.3,10883.7,09:20:00,10855.80991101012,2,2
2019-02-13,10869.05,10878.95,10868.85,10875.9,09:25:00,10857.0708718663,2,3
2019-02-13,10862.3,10869.2,10857.9,10869.2,09:30:00,10857.56888406951,2,4
2019-02-13,10860.0,10864.75,10855.9,10863.35,09:35:00,10857.800418920033,2,5
2019-02-13,10856.55,10862.95,10852.65,10860.65,09:40:00,10857.68133140384,2,6
2019-02-13,10866.35,10869.9,10856.6,10857.0,09:45:00,10858.506918889188,2,7
2019-02-13,10860.95,10870.1,10860.8,10865.8,09:50:00,10858.739593280694,2,8
2019-02-13,10850.9,10865.2,10848.3,10861.25,09:55:00,10857.992965349198,2,9
2019-02-13,10853.05,10858.15,10849.3,10850.65,10:00:00,10857.522206744512,2,10
2019-02-13,10844.95,10854.55,10844.8,10853.2,10:05:00,10856.324853721226,2,11
2019-02-13,10846.7,10846.7,10837.1,10844.75,10:10:00,10855.40820098587,2,12
2019-02-13,10855.3,10857.55,10844.4,10846.15,10:15:00,10855.397896130076,2,13
2019-02-13,10857.2,10859.4,10853.5,10855.2,10:20:00,10855.569525070066,2,14
2019-02-13,10860.25,10861.95,10857.15,10857.45,10:25:00,10856.015284587203,2,15
2019-02-13,10858.55,10863.5,10857.95,10860.4,10:30:00,10856.256686055089,2,16
2019-02-13,10862.4,10865.35,10853.35,10858.65,10:35:00,10856.841763573651,2,17
2019-02-13,10862.45,10863.95,10860.7,10862.8,10:40:00,10857.375881328542,2,18
2019-02-13,10864.4,10865.8,10861.15,10862.3,10:45:00,10858.044845011538,2,19
2019-02-13,10856.75,10866.25,10855.05,10864.25,10:50:00,10857.921526439011,2,20
2019-02-13,10864.55,10865.6,10856.25,10856.7,10:55:00,10858.552809635295,2,21
2019-02-13,10873.6,10873.7,10864.6,10864.65,11:00:00,10859.985875384318,2,22
2019-02-13,10867.1,10874.25,10866.3,10873.65,11:05:00,10860.663411062003,2,23
2019-02-13,10862.2,10869.05,10861.65,10867.45,11:10:00,10860.809752865622,2,24
2019-02-13,10863.5,10866.4,10861.4,10862.4,11:15:00,10861.06596687842,2,25
2019-02-13,10858.75,10863.6,10855.9,10863.35,11:20:00,10860.845398604284,2,26
2019-02-13,10858.55,10861.9,10856.4,10859.2,11:25:00,10860.6267892134,2,27
2019-02-13,10857.85,10859.25,10852.9,10858.65,11:30:00,10860.36233309784,2,28
2019-02-13,10854.15,10858.8,10851.7,10858.0,11:35:00,10859.770682326616,2,29
2019-02-13,10855.35,10857.95,10852.35,10854.55,11:40:00,10859.349664962176,2,30
2019-02-13,10855.4,10856.45,10851.95,10855.55,11:45:00,10858.973506394352,2,31
2019-02-13,10860.75,10862.3,10854.95,10855.05,11:50:00,10859.142696261555,2,32
2019-02-13,10860.45,10866.2,10860.35,10860.7,11:55:00,10859.267201379504,2,33
2019-02-13,10853.4,10863.25,10853.1,10860.6,12:00:00,10858.708420295745,2,34
2019-02-13,10855.4,10858.45,10852.95,10852.95,12:05:00,10858.39333264853,2,35
2019-02-13,10855.5,10856.7,10851.25,10854.95,12:10:00,10858.117777158192,2,36
2019-02-13,10857.6,10859.75,10855.15,10855.95,12:15:00,10858.06846504789,2,37
2019-02-13,10857.9,10860.05,10855.0,10857.4,12:20:00,10858.052420757616,2,38
2019-02-13,10857.05,10859.0,10856.35,10857.7,12:25:00,10857.956952114037,2,39
2019-02-13,10861.5,10862.85,10856.65,10856.9,12:30:00,10858.29438524603,2,40
2019-02-13,10860.65,10861.55,10858.85,10861.55,12:35:00,10858.518729508314,2,41
2019-02-13,10865.55,10867.75,10858.35,10860.3,12:40:00,10859.188374317047,2,42
2019-02-13,10863.2,10867.2,10861.15,10865.25,12:45:00,10859.5704339059,2,43
2019-02-13,10853.3,10864.4,10849.9,10863.1,12:50:00,10858.973249724386,2,44
2019-02-13,10855.55,10857.0,10851.25,10853.5,12:55:00,10858.647225941111,2,45
2019-02-13,10857.7,10859.25,10853.15,10855.35,13:00:00,10858.55701394672,2,46
2019-02-13,10856.6,10859.45,10854.4,10857.35,13:05:00,10858.37063166608,2,47
2019-02-13,10857.1,10859.85,10855.1,10856.35,13:10:00,10858.249619126454,2,48
2019-02-13,10860.25,10860.25,10853.65,10857.15,13:15:00,10858.440131590603,2,49
2019-02-13,10860.6,10861.5,10857.0,10860.1,13:20:00,10858.64583334388,2,50
2019-02-13,10859.1,10861.05,10857.65,10860.35,13:25:00,10858.689087311132,2,51
2019-02-13,10844.5,10858.7,10837.45,10858.5,13:30:00,10857.337745662451,2,52
2019-02-13,10845.0,10848.6,10843.4,10844.4,13:35:00,10856.162722266028,2,53
2019-02-13,10836.05,10845.75,10833.15,10845.2,13:40:00,10854.247224907358,2,54
2019-02-13,10839.6,10839.6,10824.95,10836.2,13:45:00,10852.85225110666,2,55
2019-02-13,10835.55,10841.8,10835.5,10839.95,13:50:00,10851.20441766793,2,56
2019-02-13,10837.75,10839.2,10831.75,10835.75,13:55:00,10849.923044556695,2,57
2019-02-13,10852.9,10854.8,10836.7,10838.15,14:00:00,10850.206564122727,2,58
2019-02-13,10858.0,10860.25,10849.4,10853.4,14:05:00,10850.94879611104,2,59
2019-02-13,10854.65,10858.6,10850.3,10858.05,14:10:00,10851.301291719512,2,60
2019-02-13,10839.3,10855.35,10838.5,10855.25,14:15:00,10850.158311555748,2,61
2019-02-13,10844.5,10845.05,10837.8,10838.9,14:20:00,10849.619424740917,2,62
2019-02-13,10848.2,10851.9,10844.15,10844.4,14:25:00,10849.484241432256,2,63
2019-02-13,10845.4,10847.7,10842.15,10847.7,14:30:00,10849.095266057757,2,64
2019-02-13,10825.2,10846.9,10825.2,10845.3,14:35:00,10846.819526433208,2,65
2019-02-13,10834.0,10835.15,10819.6,10825.3,14:40:00,10845.598619153854,2,66
2019-02-13,10830.5,10839.8,10830.1,10834.15,14:45:00,10844.160655424916,2,67
2019-02-13,10831.65,10832.65,10823.05,10830.0,14:50:00,10842.969164432066,2,68
2019-02-13,10827.55,10831.45,10822.6,10831.45,14:55:00,10841.500672581396,2,69
2019-02-13,10823.15,10835.65,10821.95,10827.65,15:00:00,10839.752989478404,2,70
2019-02-13,10798.1,10823.9,10798.1,10822.8,15:05:00,10835.786038099508,2,71
2019-02-13,10788.45,10802.6,10785.85,10797.25,15:10:00,10831.277843994794,2,72
2019-02-13,10783.8,10789.05,10779.5,10788.65,15:15:00,10826.756144566718,2,73
2019-02-13,10776.75,10784.8,10772.1,10783.7,15:20:00,10821.993654607984,2,74
2019-02-13,10774.25,10779.5,10774.25,10777.0,15:25:00,10817.446639883414,2,75
2019-02-14,10762.75,10784.15,10760.2,10784.15,09:15:00,10812.237436084994,3,1
2019-02-14,10758.6,10769.55,10749.9,10762.55,09:20:00,10807.129108838804,3,2
2019-02-14,10765.45,10767.3,10754.65,10758.55,09:25:00,10803.159669901775,3,3
2019-02-14,10768.05,10780.15,10764.5,10765.25,09:30:00,10799.815891815892,3,4
2019-02-14,10762.45,10768.9,10761.95,10768.2,09:35:00,10796.257235452473,3,5
2019-02-14,10770.75,10773.1,10761.3,10762.15,09:40:00,10793.827974933189,3,6
2019-02-14,10771.0,10771.75,10764.7,10770.55,09:45:00,10791.65388208241,3,7
2019-02-14,10761.5,10770.7,10760.25,10770.7,09:50:00,10788.782083788848,3,8
2019-02-14,10757.1,10764.25,10753.9,10761.7,09:55:00,10785.764742475623,3,9
2019-02-14,10752.0,10756.65,10748.15,10755.8,10:00:00,10782.54905271604,3,10
2019-02-14,10750.35,10754.55,10747.45,10751.65,10:05:00,10779.482476266894,3,11
2019-02-14,10746.25,10750.55,10740.5,10750.55,10:10:00,10776.317478527191,3,12
2019-02-14,10748.45,10748.45,10742.55,10746.65,10:15:00,10773.663432953172,3,13
2019-02-14,10744.8,10748.9,10743.05,10748.75,10:20:00,10770.91453457668,3,14
2019-02-14,10744.45,10748.55,10741.5,10744.5,10:25:00,10768.394102712233,3,15
2019-02-14,10744.15,10745.25,10737.3,10744.7,10:30:00,10766.085140549165,3,16
2019-02-14,10748.9,10751.85,10744.1,10744.1,10:35:00,10764.448460496862,3,17
2019-02-14,10746.9,10749.6,10745.65,10748.8,10:40:00,10762.77717854478,3,18
2019-02-14,10746.25,10748.2,10743.7,10746.3,10:45:00,10761.203161540516,3,19
2019-02-14,10745.4,10747.35,10745.05,10746.3,10:50:00,10759.698098536655,3,20
2019-02-14,10747.8,10752.2,10745.2,10745.2,10:55:00,10758.564946295071,3,21
2019-02-14,10739.6,10747.65,10738.2,10747.3,11:00:00,10756.758760933635,3,22
2019-02-14,10741.35,10742.6,10737.2,10739.3,11:05:00,10755.291259892338,3,23
2019-02-14,10740.65,10744.2,10740.1,10741.2,11:10:00,10753.896854188304,3,24
2019-02-14,10736.85,10744.5,10736.05,10740.6,11:15:00,10752.273344265608,3,25
2019-02-14,10741.25,10741.25,10736.55,10736.65,11:20:00,10751.2235019546,3,26
2019-02-14,10745.8,10746.55,10739.7,10741.4,11:25:00,10750.706977958922,3,27
2019-02-14,10752.45,10753.35,10745.2,10745.6,11:30:00,10750.872980058071,3,28
2019-02-14,10747.45,10754.3,10747.05,10751.9,11:35:00,10750.546981957305,3,29
2019-02-14,10749.75,10749.95,10745.95,10747.6,11:40:00,10750.47107891375,3,30
2019-02-14,10749.35,10749.9,10744.15,10749.55,11:45:00,10750.364309493392,3,31
2019-02-14,10752.8,10753.8,10748.05,10749.55,11:50:00,10750.596280017831,3,32
2019-02-14,10751.25,10753.05,10747.2,10752.35,11:55:00,10750.658539063752,3,33
2019-02-14,10748.2,10753.65,10747.45,10751.15,12:00:00,10750.424392486251,3,34
2019-02-14,10751.35,10751.35,10744.9,10748.1,12:05:00,10750.512545582798,3,35
2019-02-14,10753.75,10755.05,10748.15,10751.15,12:10:00,10750.820874574913,3,36
2019-02-14,10756.15,10758.3,10752.85,10754.05,12:15:00,10751.328410329685,3,37
2019-02-14,10749.9,10757.85,10749.7,10755.7,12:20:00,10751.192371250663,3,38
2019-02-14,10747.45,10753.4,10745.7,10750.3,12:25:00,10750.835954941078,3,39
2019-02-14,10734.45,10749.35,10730.85,10746.95,12:30:00,10749.275387803831,3,40
2019-02-14,10741.45,10742.9,10733.7,10734.65,12:35:00,10748.530112774895,3,41
2019-02-14,10738.2,10741.8,10735.4,10741.35,12:40:00,10747.546292510622,3,42
2019-02-14,10732.1,10742.5,10731.9,10738.7,12:45:00,10746.07521703342,3,43
2019-02-14,10730.85,10734.9,10727.1,10731.7,12:50:00,10744.625196363571,3,44
2019-02-14,10733.2,10736.8,10730.25,10731.0,12:55:00,10743.537082424184,3,45
2019-02-14,10728.55,10734.75,10728.45,10733.45,13:00:00,10742.109741240927,3,46
2019-02-14,10729.7,10736.5,10727.75,10728.4,13:05:00,10740.927861122744,3,47
2019-02-14,10739.25,10740.3,10729.4,10729.4,13:10:00,10740.76806482534,3,48
2019-02-14,10738.5,10743.65,10737.35,10739.4,13:15:00,10740.552058651498,3,49
2019-02-14,10739.6,10740.15,10737.15,10738.7,13:20:00,10740.461386398974,3,50
2019-02-14,10744.25,10747.2,10739.4,10739.85,13:25:00,10740.822206741928,3,51
2019-02-14,10734.25,10745.0,10733.15,10743.85,13:30:00,10740.196282290315,3,52
2019-02-14,10724.0,10733.9,10720.05,10733.6,13:35:00,10738.653779215048,3,53
2019-02-14,10726.6,10729.1,10718.75,10724.05,13:40:00,10737.505800242188,3,54
2019-02-14,10729.05,10731.4,10725.3,10726.75,13:45:00,10736.700485933408,3,55
2019-02-14,10741.25,10744.1,10728.1,10728.8,13:50:00,10737.133772987369,3,56
2019-02-14,10754.2,10755.45,10740.0,10741.55,13:55:00,10738.759127940952,3,57
2019-02-14,10756.3,10758.75,10745.05,10753.8,14:00:00,10740.429687184673,3,58
2019-02-14,10779.45,10783.05,10754.0,10756.4,14:05:00,10744.145907452796,3,59
2019-02-14,10760.4,10780.75,10760.4,10779.6,14:10:00,10745.693916266817,3,60
2019-02-14,10761.75,10764.95,10759.0,10760.55,14:15:00,10747.223067098548,3,61
2019-02-14,10754.85,10763.2,10752.0,10761.15,14:20:00,10747.94944166059,3,62
2019-02-14,10758.65,10764.85,10753.2,10754.6,14:25:00,10748.96854245482,3,63
2019-02-14,10749.25,10766.65,10744.3,10758.7,14:30:00,10748.995347935312,3,64
2019-02-14,10751.65,10756.9,10746.55,10749.1,14:35:00,10749.248171941475,3,65
2019-02-14,10749.45,10754.85,10744.6,10751.85,14:40:00,10749.267393661336,3,66
2019-02-14,10748.3,10751.3,10740.2,10749.4,14:45:00,10749.175260931685,3,67
2019-02-14,10744.55,10753.4,10743.55,10748.2,14:50:00,10748.73475989057,3,68
2019-02-14,10737.55,10744.1,10731.6,10744.1,14:55:00,10747.669544662898,3,69
2019-02-14,10736.5,10743.75,10736.0,10737.6,15:00:00,10746.605778504529,3,70
2019-02-14,10740.9,10745.15,10735.5,10736.55,15:05:00,10746.062371027909,3,71
2019-02-14,10740.15,10744.3,10735.15,10741.15,15:10:00,10745.499288072868,3,72
2019-02-14,10749.45,10750.65,10739.05,10739.8,15:15:00,10745.875546351645,3,73
2019-02-14,10754.8,10755.45,10746.3,10749.6,15:20:00,10746.725494318152,3,74
2019-02-14,10759.8,10761.9,10753.75,10755.0,15:25:00,10747.970685335473,3,75
2019-02-15,10724.1,10779.9,10720.95,10779.9,09:15:00,10745.697286732093,4,1
2019-02-15,10724.25,10726.55,10712.85,10723.2,09:20:00,10743.654687995704,4,2
2019-02-15,10718.25,10730.15,10717.25,10723.3,09:25:00,10741.235193900877,4,3
2019-02-15,10720.55,10723.9,10708.4,10717.75,09:30:00,10739.265175434124,4,4
2019-02-15,10710.45,10721.1,10708.05,10721.1,09:35:00,10736.520873011828,4,5
2019-02-15,10714.85,10715.35,10700.45,10710.75,09:40:00,10734.456980344034,4,6
2019-02-15,10708.35,10715.75,10703.35,10715.45,09:45:00,10731.97060126365,4,7
2019-02-15,10700.8,10710.2,10698.1,10709.0,09:50:00,10729.001972571874,4,8
2019-02-15,10694.85,10703.45,10691.95,10699.8,09:55:00,10725.749403755504,4,9
2019-02-15,10700.2,10706.0,10690.85,10693.95,10:00:00,10723.31612720736,4,10
2019-02-15,10699.8,10705.1,10699.8,10700.55,10:05:00,10721.076496044756,4,11
2019-02-15,10679.25,10700.2,10674.25,10699.9,10:10:00,10717.09302023097,4,12
2019-02-15,10693.55,10694.1,10677.9,10679.15,10:15:00,10714.85082782802,4,13
2019-02-15,10689.6,10698.55,10689.6,10693.9,10:20:00,10712.445987082494,4,14
2019-02-15,10692.3,10696.85,10689.15,10690.0,10:25:00,10710.527321646065,4,15
2019-02-15,10687.95,10693.55,10687.8,10692.15,10:30:00,10708.377100536914,4,16
2019-02-15,10682.0,10689.05,10681.5,10688.05,10:35:00,10705.864995723876,4,17
2019-02-15,10685.45,10688.05,10677.95,10681.85,10:40:00,10703.92071041684,4,18
2019-02-15,10681.75,10689.2,10676.55,10685.6,10:45:00,10701.809214186664,4,19
2019-02-15,10678.55,10681.55,10675.25,10681.55,10:50:00,10699.594050930791,4,20
2019-02-15,10669.1,10679.1,10667.3,10677.75,10:55:00,10696.689855604049,4,21
2019-02-15,10651.0,10669.55,10644.65,10669.55,11:00:00,10692.338440784615,4,22
2019-02-15,10654.55,10658.85,10648.7,10652.25,11:05:00,10688.739541662271,4,23
2019-02-15,10643.5,10657.65,10641.35,10654.1,11:10:00,10684.431013884912,4,24
2019-02-15,10655.75,10656.75,10640.05,10644.0,11:15:00,10681.699488753016,4,25
2019-02-15,10650.8,10656.2,10648.65,10656.2,11:20:00,10678.756680300348,4,26
2019-02-15,10651.0,10654.7,10648.1,10651.05,11:25:00,10676.11318693841,4,27
2019-02-15,10662.5,10663.6,10647.5,10650.95,11:30:00,10674.816692944276,4,28
2019-02-15,10658.55,10664.35,10658.25,10662.15,11:35:00,10673.26748409244,4,29
2019-02-15,10664.8,10669.35,10657.15,10658.65,11:40:00,10672.461057036016,4,30
2019-02-15,10663.5,10666.9,10660.45,10665.4,11:45:00,10671.607623032589,4,31
2019-02-15,10661.0,10667.45,10660.3,10663.85,11:50:00,10670.59737321996,4,32
2019-02-15,10654.05,10661.2,10647.9,10661.2,11:55:00,10669.021432913296,4,33
2019-02-15,10642.65,10655.45,10642.4,10654.45,12:00:00,10666.509867873936,4,34
2019-02-15,10640.65,10642.95,10634.5,10642.7,12:05:00,10664.047023314512,4,35
2019-02-15,10642.4,10645.85,10638.6,10640.8,12:10:00,10661.985402046465,4,36
2019-02-15,10635.75,10643.0,10620.4,10641.85,12:15:00,10659.486792327752,4,37
2019-02-15,10644.5,10648.15,10633.85,10635.25,12:20:00,10658.059478772728,4,38
2019-02-15,10645.25,10649.55,10643.3,10644.7,12:25:00,10656.83952841342,4,39
2019-02-15,10643.15,10647.95,10641.2,10645.1,12:30:00,10655.535763802618,4,40
2019-02-15,10633.85,10643.4,10631.85,10643.35,12:35:00,10653.470452964271,4,41
2019-02-15,10631.85,10635.75,10628.9,10634.2,12:40:00,10651.41136220577,4,42
2019-02-15,10646.35,10647.0,10631.3,10631.65,12:45:00,10650.929327709982,4,43
2019-02-15,10642.35,10649.1,10639.95,10647.05,12:50:00,10650.11224888046,4,44
2019-02-15,10647.05,10649.5,10637.4,10641.9,12:55:00,10649.82060612994,4,45
2019-02-15,10641.95,10648.4,10641.1,10646.55,13:00:00,10649.071024593752,4,46
2019-02-15,10657.1,10661.2,10641.75,10642.0,13:05:00,10649.835688918158,4,47
2019-02-15,10651.45,10660.95,10648.7,10656.95,13:10:00,10649.989432830713,4,48
2019-02-15,10649.3,10655.65,10648.05,10651.4,13:15:00,10649.923772561122,4,49
2019-02-15,10645.4,10651.1,10642.45,10649.45,13:20:00,10649.49293707911,4,50
2019-02-15,10654.8,10659.15,10645.05,10645.5,13:25:00,10649.998371643003,4,51
2019-02-15,10658.8,10660.8,10653.1,10655.2,13:30:00,10650.83662196272,4,52
2019-02-15,10665.3,10667.6,10658.6,10659.75,13:35:00,10652.2140865377,4,53
2019-02-15,10672.1,10676.45,10664.45,10665.15,13:40:00,10654.107983057918,4,54
2019-02-15,10675.5,10684.8,10666.95,10672.25,13:45:00,10656.145318004785,4,55
2019-02-15,10675.15,10684.4,10674.0,10674.95,13:50:00,10657.955287718614,4,56
2019-02-15,10685.9,10690.05,10675.35,10675.35,13:55:00,10660.61668888827,4,57
2019-02-15,10701.55,10705.9,10685.8,10686.3,14:00:00,10664.51509947034,4,58
2019-02-15,10696.1,10702.45,10689.8,10702.2,14:05:00,10667.523185235068,4,59
2019-02-15,10713.25,10713.9,10696.85,10697.35,14:10:00,10671.878119974584,4,60
2019-02-15,10712.2,10716.7,10705.7,10714.8,14:15:00,10675.718299024626,4,61
2019-02-15,10712.55,10727.95,10711.55,10714.45,14:20:00,10679.2260800699,4,62
2019-02-15,10712.85,10723.95,10712.35,10713.3,14:25:00,10682.42835815848,4,63
2019-02-15,10726.8,10733.85,10714.95,10714.95,14:30:00,10686.654228810052,4,64
2019-02-15,10715.2,10731.0,10713.05,10727.35,14:35:00,10689.372873685285,4,65
2019-02-15,10698.7,10716.5,10691.05,10715.9,14:40:00,10690.261171429542,4,66
2019-02-15,10678.65,10700.65,10678.65,10700.65,14:45:00,10689.155345579107,4,67
2019-02-15,10694.0,10698.5,10674.2,10680.5,14:50:00,10689.616741238242,4,68
2019-02-15,10695.25,10705.0,10688.6,10696.15,14:55:00,10690.153242072696,4,69
2019-02-15,10704.6,10708.25,10695.0,10696.5,15:00:00,10691.52912378006,4,70
2019-02-15,10726.2,10726.25,10702.55,10705.25,15:05:00,10694.831111991482,4,71
2019-02-15,10728.35,10730.25,10722.1,10726.4,15:10:00,10698.023387039912,4,72
2019-02-15,10732.05,10743.8,10727.9,10728.4,15:15:00,10701.264016845636,4,73
2019-02-15,10727.2,10734.55,10725.95,10731.65,15:20:00,10703.734110479383,4,74
2019-02-15,10726.25,10730.35,10723.5,10726.85,15:25:00,10705.878480909918,4,75
2019-02-18,10724.9,10759.9,10709.6,10749.7,09:15:00,10707.690054156592,0,1
2019-02-18,10692.6,10727.25,10692.6,10724.25,09:20:00,10706.25290614168,0,2
2019-02-18,10685.65,10701.5,10677.25,10691.6,09:25:00,10704.290724604376,0,3
2019-02-18,10689.3,10698.75,10679.3,10686.05,09:30:00,10702.863036546816,0,4
2019-02-18,10682.25,10690.8,10675.2,10689.45,09:35:00,10700.899890209024,0,5
2019-02-18,10671.25,10682.65,10665.25,10682.3,09:40:00,10698.076091141498,0,6
2019-02-18,10666.55,10680.9,10665.6,10671.5,09:45:00,10695.07360627088,0,7
2019-02-18,10654.0,10671.65,10653.85,10666.8,09:50:00,10691.161834245082,0,8
2019-02-18,10665.3,10667.4,10653.4,10654.05,09:55:00,10688.698802412217,0,9
2019-02-18,10669.35,10673.4,10660.5,10665.4,10:00:00,10686.85605932534,0,10
2019-02-18,10670.95,10673.6,10662.15,10669.25,10:05:00,10685.341196532449,0,11
2019-02-18,10677.25,10678.15,10669.35,10671.65,10:10:00,10684.570606386502,0,12
2019-02-18,10678.85,10681.35,10671.4,10677.55,10:15:00,10684.025786730645,0,13
2019-02-18,10678.95,10678.95,10672.6,10678.55,10:20:00,10683.542378470582,0,14
2019-02-18,10669.9,10679.3,10668.75,10678.5,10:25:00,10682.243104330526,0,15
2019-02-18,10667.6,10671.6,10663.4,10669.45,10:30:00,10680.848522965714,0,16
2019-02-18,10672.95,10675.95,10667.0,10667.8,10:35:00,10680.096282683266,0,17
2019-02-18,10667.85,10673.6,10664.55,10672.9,10:40:00,10678.929970046764,0,18
2019-02-18,10667.95,10669.05,10662.75,10668.0,10:45:00,10677.884258613738,0,19
2019-02-18,10658.6,10668.65,10657.2,10668.35,10:50:00,10676.047662555287,0,20
2019-02-18,10664.25,10668.75,10652.65,10658.25,10:55:00,10674.92407564526,0,21
2019-02-18,10655.55,10664.85,10655.0,10664.85,11:00:00,10673.078925583806,0,22
2019-02-18,10645.05,10655.6,10643.9,10655.25,11:05:00,10670.409504099633,0,23
2019-02-18,10646.25,10651.3,10641.0,10645.4,11:10:00,10668.108598947289,0,24
2019-02-18,10651.0,10652.15,10646.85,10646.95,11:15:00,10666.479208571354,0,25
2019-02-18,10643.9,10651.35,10641.95,10650.9,11:20:00,10664.328807755037,0,26
2019-02-18,10640.2,10644.15,10639.5,10644.15,11:25:00,10662.03082606408,0,27
2019-02-18,10647.95,10648.75,10640.05,10640.25,11:30:00,10660.689795010358,0,28
2019-02-18,10646.3,10651.8,10645.45,10648.05,11:35:00,10659.319338342704,0,29
2019-02-18,10645.6,10648.35,10643.15,10647.7,11:40:00,10658.012734691018,0,30
2019-02-18,10659.0,10659.15,10644.55,10645.55,11:45:00,10658.10675995854,0,31
2019-02-18,10654.0,10660.25,10653.25,10659.5,11:50:00,10657.71563996249,0,32
2019-02-18,10657.1,10659.05,10652.6,10654.45,11:55:00,10657.65700758511,0,33
2019-02-18,10647.8,10659.35,10646.5,10657.0,12:00:00,10656.718244957958,0,34
2019-02-18,10647.0,10648.8,10643.7,10647.5,12:05:00,10655.792697819104,0,35
2019-02-18,10649.75,10654.5,10645.95,10646.9,12:10:00,10655.217202788714,0,36
2019-02-18,10648.2,10650.5,10645.6,10649.35,12:15:00,10654.548897761217,0,37
2019-02-18,10654.95,10655.85,10648.45,10648.45,12:20:00,10654.587097974434,0,38
2019-02-18,10654.6,10662.95,10654.6,10655.6,12:25:00,10654.588326738774,0,39
2019-02-18,10673.6,10674.35,10654.2,10654.65,12:30:00,10656.39896228746,0,40
2019-02-18,10668.2,10673.85,10666.45,10673.85,12:35:00,10657.522870641036,0,41
2019-02-18,10676.25,10676.25,10664.5,10668.0,12:40:00,10659.306406770462,0,42
2019-02-18,10677.9,10683.55,10674.95,10675.8,12:45:00,10661.077225173274,0,43
2019-02-18,10678.85,10681.75,10670.35,10677.6,12:50:00,10662.769870394866,0,44
2019-02-18,10678.0,10680.85,10671.45,10678.9,12:55:00,10664.22035892869,0,45
2019-02-18,10678.15,10681.45,10677.1,10678.3,13:00:00,10665.546991411671,0,46
2019-02-18,10673.3,10678.9,10671.8,10678.3,13:05:00,10666.285373181989,0,47
2019-02-18,10665.25,10674.05,10665.25,10673.65,13:10:00,10666.186766212277,0,48
2019-02-18,10661.25,10665.35,10658.55,10664.6,13:15:00,10665.716598001582,0,49
2019-02-18,10668.65,10669.35,10660.9,10661.7,13:20:00,10665.995969620477,0,50
2019-02-18,10675.2,10678.1,10667.1,10668.7,13:25:00,10666.872543942336,0,51
2019-02-18,10669.75,10674.95,10666.5,10674.95,13:30:00,10667.1465873764,0,52
2019-02-18,10671.6,10675.05,10669.95,10669.95,13:35:00,10667.57072191198,0,53
2019-02-18,10669.4,10673.9,10667.8,10671.45,13:40:00,10667.744938872744,0,54
2019-02-18,10670.9,10672.35,10668.45,10669.3,13:45:00,10668.045420884864,0,55
2019-02-18,10657.6,10671.25,10656.15,10671.05,13:50:00,10667.05061889583,0,56
2019-02-18,10660.35,10661.25,10654.35,10657.75,13:55:00,10666.412464715277,0,57
2019-02-18,10651.25,10662.0,10644.1,10660.5,14:00:00,10664.968420456677,0,58
2019-02-18,10657.15,10658.65,10651.35,10651.35,14:05:00,10664.223808984612,0,59
2019-02-18,10663.15,10664.85,10656.15,10657.7,14:10:00,10664.121541462267,0,60
2019-02-18,10671.65,10673.7,10660.45,10662.6,14:15:00,10664.83853751348,0,61
2019-02-18,10668.2,10677.15,10665.15,10671.55,14:20:00,10665.15867679791,0,62
2019-02-18,10669.2,10672.25,10664.1,10667.8,14:25:00,10665.543564721918,0,63
2019-02-18,10657.2,10675.45,10655.75,10670.35,14:30:00,10664.748939510308,0,64
2019-02-18,10655.05,10659.55,10648.95,10658.85,14:35:00,10663.825230985516,0,65
2019-02-18,10656.55,10657.15,10649.45,10656.75,14:40:00,10663.13235184404,0,66
2019-02-18,10651.6,10661.45,10650.2,10659.25,14:45:00,10662.034032620795,0,67
2019-02-18,10644.0,10653.85,10640.5,10653.85,14:50:00,10660.31650570453,0,68
2019-02-18,10646.6,10651.2,10644.95,10645.2,14:55:00,10659.01017182791,0,69
2019-02-18,10654.55,10655.3,10647.95,10648.15,15:00:00,10658.585393558586,0,70
2019-02-18,10644.95,10657.75,10644.6,10655.1,15:05:00,10657.286784648244,0,71
2019-02-18,10647.4,10648.35,10637.05,10646.35,15:10:00,10656.345186110317,0,72
2019-02-18,10639.65,10647.7,10634.95,10647.7,15:15:00,10654.755168385522,0,73
2019-02-18,10634.15,10642.1,10630.65,10640.65,15:20:00,10652.792771396424,0,74
2019-02-18,10631.3,10636.05,10628.4,10634.6,15:25:00,10650.74584078724,0,75
2019-02-19,10664.95,10668.4,10635.25,10647.45,09:15:00,10652.098617855125,1,1
2019-02-19,10662.8,10667.55,10659.85,10665.85,09:20:00,10653.117797107016,1,2
2019-02-19,10663.7,10663.95,10650.2,10662.35,09:25:00,10654.125625953968,1,3
2019-02-19,10676.6,10676.6,10663.15,10663.95,09:30:00,10656.266042529782,1,4
2019-02-19,10675.15,10679.45,10671.7,10676.65,09:35:00,10658.064514669804,1,5
2019-02-19,10681.0,10685.15,10675.25,10675.55,09:40:00,10660.248846606011,1,6
2019-02-19,10679.2,10683.25,10674.6,10681.25,09:45:00,10662.05371835782,1,7
2019-02-19,10688.8,10688.8,10676.1,10678.9,09:50:00,10664.600983276125,1,8
2019-02-19,10680.4,10690.25,10680.4,10688.9,09:55:00,10666.10565153554,1,9
2019-02-19,10685.7,10694.7,10679.65,10679.65,10:00:00,10667.971779960728,1,10
2019-02-19,10683.35,10687.95,10680.0,10686.35,10:05:00,10669.43637234542,1,11
2019-02-19,10679.25,10684.5,10678.0,10683.55,10:10:00,10670.37100355062,1,12
2019-02-19,10682.25,10683.3,10674.65,10678.3,10:15:00,10671.502336545798,1,13
2019-02-19,10683.2,10687.95,10681.75,10682.15,10:20:00,10672.616399731913,1,14
2019-02-19,10681.65,10685.25,10681.0,10683.35,10:25:00,10673.476742614586,1,15
2019-02-19,10672.1,10682.5,10671.85,10681.8,10:30:00,10673.34562427034,1,16
2019-02-19,10675.4,10675.45,10669.6,10672.0,10:35:00,10673.541279101735,1,17
2019-02-19,10669.2,10676.9,10665.9,10675.5,10:40:00,10673.127823949191,1,18
2019-02-19,10671.1,10672.35,10665.8,10669.25,10:45:00,10672.934697858793,1,19
2019-02-19,10672.8,10678.35,10670.75,10671.15,10:50:00,10672.921869491289,1,20
2019-02-19,10673.2,10674.3,10669.5,10672.9,10:55:00,10672.948358111164,1,21
2019-02-19,10681.6,10682.45,10671.7,10672.95,11:00:00,10673.77232400534,1,22
2019-02-19,10678.45,10683.3,10676.6,10682.05,11:05:00,10674.217816957213,1,23
2019-02-19,10677.3,10682.35,10676.15,10678.55,11:10:00,10674.511358199385,1,24
2019-02-19,10679.25,10679.8,10676.25,10677.5,11:15:00,10674.96265741849,1,25
2019-02-19,10679.65,10684.0,10678.7,10679.2,11:20:00,10675.40907099768,1,26
2019-02-19,10681.15,10681.15,10675.65,10679.4,11:25:00,10675.955826140758,1,27
2019-02-19,10683.75,10685.25,10680.25,10681.2,11:30:00,10676.698128413069,1,28
2019-02-19,10680.35,10683.85,10676.55,10683.85,11:35:00,10677.04592570706,1,29
2019-02-19,10674.1,10681.4,10670.7,10680.5,11:40:00,10676.765361354008,1,30
2019-02-19,10671.85,10678.7,10671.85,10674.7,11:45:00,10676.297231701245,1,31
2019-02-19,10676.4,10678.9,10670.5,10672.2,11:50:00,10676.307019158268,1,32
2019-02-19,10674.4,10677.9,10673.35,10676.5,11:55:00,10676.125398286053,1,33
2019-02-19,10677.2,10678.2,10673.2,10675.0,12:00:00,10676.22774130643,1,34
2019-02-19,10679.65,10680.7,10677.0,10677.35,12:05:00,10676.553670705818,1,35
2019-02-19,10677.3,10680.25,10673.85,10679.7,12:10:00,10676.624749686216,1,36
2019-02-19,10677.15,10679.95,10675.95,10677.7,12:15:00,10676.674773525623,1,37
2019-02-19,10670.7,10678.35,10670.7,10677.5,12:20:00,10676.105747475563,1,38
2019-02-19,10675.95,10678.35,10666.8,10670.8,12:25:00,10676.090914382654,1,39
2019-02-19,10682.4,10683.05,10673.0,10675.0,12:30:00,10676.691779679544,1,40
2019-02-19,10681.15,10682.6,10678.05,10682.6,12:35:00,10677.116372091015,1,41
2019-02-19,10697.45,10698.85,10680.9,10681.25,12:40:00,10679.052908082347,1,42
2019-02-19,10704.85,10708.25,10697.8,10697.8,12:45:00,10681.509773979267,1,43
2019-02-19,10711.05,10712.15,10702.35,10705.05,12:50:00,10684.323128838383,1,44
2019-02-19,10708.05,10711.45,10704.4,10710.9,12:55:00,10686.582830853777,1,45
2019-02-19,10716.6,10720.45,10706.6,10707.7,13:00:00,10689.441608867704,1,46
2019-02-19,10721.7,10722.85,10715.3,10716.55,13:05:00,10692.513836594588,1,47
2019-02-19,10715.4,10721.9,10710.35,10721.75,13:10:00,10694.693471204628,1,48
2019-02-19,10713.25,10716.9,10711.05,10716.15,13:15:00,10696.46075966133,1,49
2019-02-19,10712.75,10713.45,10708.95,10713.2,13:20:00,10698.01211588406,1,50
2019-02-19,10712.15,10716.65,10709.8,10713.1,13:25:00,10699.35858103796,1,51
2019-02-19,10705.45,10712.3,10704.45,10712.25,13:30:00,10699.938716177205,1,52
2019-02-19,10706.85,10711.15,10704.15,10705.2,13:35:00,10700.596933684135,1,53
2019-02-19,10705.8,10711.55,10705.2,10707.0,13:40:00,10701.092463809458,1,54
2019-02-19,10701.5,10707.9,10700.5,10706.1,13:45:00,10701.131276779986,1,55
2019-02-19,10702.45,10707.25,10699.05,10701.2,13:50:00,10701.256869467608,1,56
2019-02-19,10709.35,10709.35,10701.45,10702.6,13:55:00,10702.027643804024,1,57
2019-02-19,10705.65,10715.3,10705.65,10709.4,14:00:00,10702.372630108404,1,58
2019-02-19,10695.75,10707.5,10692.7,10707.5,14:05:00,10701.741903431412,1,59
2019-02-19,10686.15,10697.7,10684.15,10696.3,14:10:00,10700.256960247469,1,60
2019-02-19,10687.45,10687.7,10678.25,10686.65,14:15:00,10699.037249747713,1,61
2019-02-19,10680.45,10694.95,10679.95,10687.8,14:20:00,10697.267035486024,1,62
2019-02-19,10685.8,10687.05,10680.4,10681.1,14:25:00,10696.174936868309,1,63
2019-02-19,10692.5,10699.15,10686.05,10686.05,14:30:00,10695.824942880852,1,64
2019-02-19,10687.4,10695.65,10686.0,10692.8,14:35:00,10695.02256736839,1,65
2019-02-19,10654.05,10677.6,10653.25,10677.0,14:40:00,10691.12041809521,1,66
2019-02-19,10619.45,10653.6,10617.15,10652.75,14:45:00,10684.294663990904,1,67
2019-02-19,10631.05,10635.3,10617.75,10619.75,14:50:00,10679.22374361082,1,68
2019-02-19,10613.75,10641.5,10609.05,10631.2,14:55:00,10672.988148981218,1,69
2019-02-19,10611.5,10623.55,10604.05,10613.2,15:00:00,10667.132134792531,1,70
2019-02-19,10609.45,10617.8,10603.35,10612.7,15:05:00,10661.638598145622,1,71
2019-02-19,10604.1,10614.0,10596.65,10609.6,15:10:00,10656.158731655563,1,72
2019-02-19,10601.15,10604.8,10585.65,10604.2,15:15:00,10650.919804831225,1,73
2019-02-19,10600.45,10609.4,10596.9,10600.95,15:20:00,10646.11315675206,1,74
2019-02-19,10605.15,10606.4,10600.95,10600.95,15:25:00,10642.211903728055,1,75
2019-02-20,10660.9,10669.2,10653.6,10653.6,09:15:00,10643.991722420622,2,1
2019-02-20,10676.0,10682.95,10660.65,10660.65,09:20:00,10647.040129809136,2,2
2019-02-20,10675.75,10684.45,10673.55,10675.7,09:25:00,10649.774403160643,2,3
2019-02-20,10690.45,10693.45,10676.85,10676.85,09:30:00,10653.648269526298,2,4
2019-02-20,10691.35,10694.8,10681.9,10690.6,09:35:00,10657.238910523794,2,5
2019-02-20,10689.2,10697.35,10688.85,10691.6,09:40:00,10660.282823807242,2,6
2019-02-20,10683.0,10689.25,10682.35,10689.25,09:45:00,10662.446364397028,2,7
2019-02-20,10684.35,10687.35,10679.35,10683.45,09:50:00,10664.532424930643,2,8
2019-02-20,10671.15,10685.2,10668.85,10685.2,09:55:00,10665.162670175345,2,9
2019-02-20,10671.35,10678.2,10670.45,10671.3,10:00:00,10665.751939682454,2,10
2019-02-20,10670.35,10670.95,10663.1,10670.95,10:05:00,10666.189850188886,2,11
2019-02-20,10678.45,10682.45,10670.35,10670.65,10:10:00,10667.357483504233,2,12
2019-02-20,10676.9,10679.8,10675.3,10679.0,10:15:00,10668.266294599069,2,13
2019-02-20,10672.2,10677.6,10671.65,10677.0,10:20:00,10668.64093320868,2,14
2019-02-20,10674.95,10676.2,10671.6,10672.75,10:25:00,10669.241796712611,2,15
2019-02-20,10679.5,10680.3,10672.15,10674.35,10:30:00,10670.21876845427,2,16
2019-02-20,10671.2,10679.6,10670.95,10679.6,10:35:00,10670.312219077672,2,17
2019-02-20,10680.2,10681.0,10670.35,10670.7,10:40:00,10671.253912498843,2,18
2019-02-20,10681.8,10685.2,10675.8,10680.15,10:45:00,10672.258301784668,2,19
2019-02-20,10682.75,10684.0,10678.4,10681.55,10:50:00,10673.257511138509,2,20
2019-02-20,10681.25,10687.95,10681.05,10682.6,10:55:00,10674.018700553888,2,21
2019-02-20,10684.65,10685.25,10679.65,10680.95,11:00:00,10675.031205263042,2,22
2019-02-20,10681.9,10686.1,10681.35,10683.75,11:05:00,10675.685376190371,2,23
2019-02-20,10676.2,10682.65,10676.2,10681.5,11:10:00,10675.734387981764,2,24
2019-02-20,10665.55,10675.45,10664.4,10675.45,11:15:00,10674.764446269215,2,25
2019-02-20,10670.1,10671.05,10665.85,10665.85,11:20:00,10674.320213291196,2,26
2019-02-20,10672.7,10673.7,10669.55,10669.95,11:25:00,10674.165907263465,2,27
2019-02-20,10673.25,10678.1,10672.1,10672.1,11:30:00,10674.078678000276,2,28
2019-02-20,10673.4,10674.85,10671.2,10672.4,11:35:00,10674.01404200025,2,29
2019-02-20,10673.9,10677.2,10673.2,10673.2,11:40:00,10674.003180857368,2,30
2019-02-20,10671.25,10674.85,10667.3,10673.95,11:45:00,10673.740973156666,2,31
2019-02-20,10657.4,10672.85,10656.7,10671.1,11:50:00,10672.184689998889,2,32
2019-02-20,10656.95,10658.15,10652.2,10656.8,11:55:00,10670.733767141852,2,33
2019-02-20,10658.4,10659.15,10654.35,10656.7,12:00:00,10669.559122652152,2,34
2019-02-20,10660.1,10665.5,10657.8,10658.55,12:05:00,10668.658253828138,2,35
2019-02-20,10656.25,10663.25,10655.75,10660.3,12:10:00,10667.476515368317,2,36
2019-02-20,10661.1,10661.2,10652.9,10656.0,12:15:00,10666.86922819038,2,37
2019-02-20,10659.25,10663.75,10656.2,10660.75,12:20:00,10666.143587410344,2,38
2019-02-20,10656.9,10660.1,10654.85,10658.95,12:25:00,10665.263245752216,2,39
2019-02-20,10664.0,10665.45,10656.1,10656.25,12:30:00,10665.142936632958,2,40
2019-02-20,10670.75,10672.35,10662.05,10663.2,12:35:00,10665.676942667917,2,41
2019-02-20,10678.15,10682.5,10670.65,10670.65,12:40:00,10666.86485289002,2,42
2019-02-20,10675.35,10679.4,10671.45,10678.1,12:45:00,10667.67296213859,2,43
2019-02-20,10677.05,10679.7,10673.75,10674.7,12:50:00,10668.566013363486,2,44
2019-02-20,10677.75,10679.95,10673.9,10677.25,12:55:00,10669.44067875744,2,45
2019-02-20,10664.6,10679.3,10663.25,10677.5,13:00:00,10668.97966173292,2,46
2019-02-20,10669.35,10671.1,10663.9,10664.15,13:05:00,10669.014932044072,2,47
2019-02-20,10677.2,10677.7,10666.2,10669.2,13:10:00,10669.79446232559,2,48
2019-02-20,10676.1,10679.95,10673.55,10677.0,13:15:00,10670.394989723152,2,49
2019-02-20,10678.25,10680.25,10673.45,10676.05,13:20:00,10671.143085939995,2,50
2019-02-20,10674.05,10678.3,10671.35,10677.55,13:25:00,10671.419934898093,2,51
2019-02-20,10666.55,10675.3,10665.45,10673.9,13:30:00,10670.956131574463,2,52
2019-02-20,10671.5,10675.85,10666.1,10666.1,13:35:00,10671.007928567373,2,53
2019-02-20,10671.65,10673.6,10667.65,10670.7,13:40:00,10671.069078227623,2,54
2019-02-20,10674.9,10677.6,10671.45,10671.45,13:45:00,10671.43392792023,2,55
2019-02-20,10686.15,10689.3,10674.1,10674.45,13:50:00,10672.835458594494,2,56
2019-02-20,10683.35,10688.75,10682.95,10685.9,13:55:00,10673.836843490257,2,57
2019-02-20,10688.5,10697.0,10683.15,10683.15,14:00:00,10675.233334586424,2,58
2019-02-20,10665.25,10690.75,10664.75,10688.25,14:05:00,10674.28254081629,2,59
2019-02-20,10647.8,10664.0,10647.35,10663.3,14:10:00,10671.760394071882,2,60
2019-02-20,10662.75,10668.0,10646.4,10647.9,14:15:00,10670.902261303132,2,61
2019-02-20,10661.15,10667.1,10658.9,10662.35,14:20:00,10669.97347451236,2,62
2019-02-20,10657.15,10663.45,10656.85,10661.2,14:25:00,10668.752191225469,2,63
2019-02-20,10671.1,10674.5,10653.45,10657.05,14:30:00,10668.975792061136,2,64
2019-02-20,10674.2,10678.35,10665.5,10670.55,14:35:00,10669.473335674364,2,65
2019-02-20,10673.1,10674.6,10668.15,10673.25,14:40:00,10669.818732276806,2,66
2019-02-20,10674.3,10678.7,10669.95,10672.85,14:45:00,10670.245519679016,2,67
2019-02-20,10677.85,10677.9,10671.95,10673.85,14:50:00,10670.969755900063,2,68
2019-02-20,10692.5,10692.95,10678.15,10678.15,14:55:00,10673.020255338151,2,69
2019-02-20,10714.9,10724.65,10692.95,10693.25,15:00:00,10677.008802448803,2,70
2019-02-20,10738.55,10740.35,10715.6,10715.75,15:05:00,10682.869868882251,2,71
2019-02-20,10736.7,10748.45,10736.7,10739.3,15:10:00,10687.996548036324,2,72
2019-02-20,10742.4,10748.7,10735.5,10736.5,15:15:00,10693.177829175722,2,73
2019-02-20,10746.15,10752.7,10741.05,10741.05,15:20:00,10698.222797825652,2,74
2019-02-20,10742.25,10746.45,10736.85,10746.45,15:25:00,10702.4158646994,2,75
2019-02-21,10734.45,10743.85,10723.55,10743.85,09:15:00,10705.46673472803,3,1
2019-02-21,10751.95,10755.15,10732.7,10733.9,09:20:00,10709.89371237298,3,2
2019-02-21,10741.2,10756.95,10740.65,10752.0,09:25:00,10712.875263575554,3,3
2019-02-21,10735.75,10740.95,10732.55,10740.95,09:30:00,10715.053809901692,3,4
2019-02-21,10736.2,10739.95,10732.3,10735.95,09:35:00,10717.067732768195,3,5
2019-02-21,10741.35,10742.9,10735.55,10736.4,09:40:00,10719.380329647416,3,6
2019-02-21,10730.75,10741.2,10729.25,10741.05,09:45:00,10720.463155395282,3,7
2019-02-21,10725.1,10733.2,10724.8,10730.65,09:50:00,10720.904759643352,3,8
2019-02-21,10731.6,10733.8,10721.5,10725.15,09:55:00,10721.923353963031,3,9
2019-02-21,10733.3,10736.7,10731.6,10732.0,10:00:00,10723.00684406179,3,10
2019-02-21,10727.65,10733.65,10726.05,10733.35,10:05:00,10723.44904938924,3,11
2019-02-21,10730.8,10733.35,10725.85,10727.7,10:10:00,10724.149139923598,3,12
2019-02-21,10725.6,10731.25,10725.6,10731.15,10:15:00,10724.287317073731,3,13
2019-02-21,10730.75,10730.75,10724.8,10725.85,10:20:00,10724.90281068576,3,14
2019-02-21,10732.35,10732.65,10728.45,10730.65,10:25:00,10725.612066810923,3,15
2019-02-21,10725.75,10732.45,10722.6,10732.45,10:30:00,10725.625203305122,3,16
2019-02-21,10731.85,10732.05,10724.05,10725.5,10:35:00,10726.218041085587,3,17
2019-02-21,10739.0,10739.85,10731.8,10731.9,10:40:00,10727.435370506008,3,18
2019-02-21,10740.85,10742.55,10737.3,10739.15,10:45:00,10728.71295426734,3,19
2019-02-21,10744.05,10745.9,10740.85,10740.9,10:50:00,10730.173625289495,3,20
2019-02-21,10743.0,10745.55,10740.85,10744.1,10:55:00,10731.395184785735,3,21
2019-02-21,10746.2,10747.7,10742.8,10742.95,11:00:00,10732.805167187094,3,22
2019-02-21,10745.05,10749.3,10745.0,10745.75,11:05:00,10733.971341740706,3,23
2019-02-21,10745.4,10745.65,10742.5,10745.1,11:10:00,10735.059785384448,3,24
2019-02-21,10752.15,10753.85,10743.4,10744.9,11:15:00,10736.687424871645,3,25
2019-02-21,10759.95,10762.4,10751.65,10751.75,11:20:00,10738.9029082172,3,26
2019-02-21,10768.8,10768.8,10759.3,10759.65,11:25:00,10741.750250291752,3,27
2019-02-21,10767.4,10771.9,10766.05,10767.85,11:30:00,10744.1930835973,3,28
2019-02-21,10774.9,10778.25,10765.0,10767.2,11:35:00,10747.117551826128,3,29
2019-02-21,10771.7,10778.55,10768.8,10775.4,11:40:00,10749.458737366496,3,30
2019-02-21,10766.95,10772.8,10764.5,10771.3,11:45:00,10751.12457190302,3,31
2019-02-21,10763.05,10766.8,10760.8,10766.8,11:50:00,10752.260326959877,3,32
2019-02-21,10768.9,10770.35,10763.25,10763.25,11:55:00,10753.8450577256,3,33
2019-02-21,10768.35,10769.7,10767.15,10768.45,12:00:00,10755.226480799352,3,34
2019-02-21,10768.05,10771.6,10768.05,10768.4,12:05:00,10756.44776834227,3,35
2019-02-21,10768.2,10768.8,10765.95,10767.7,12:10:00,10757.567028500149,3,36
2019-02-21,10762.35,10768.35,10758.45,10767.95,12:15:00,10758.022549595373,3,37
2019-02-21,10763.5,10766.35,10759.8,10762.4,12:20:00,10758.54421153867,3,38
2019-02-21,10766.15,10766.85,10761.55,10763.35,12:25:00,10759.268572344512,3,39
2019-02-21,10760.5,10766.75,10760.15,10766.1,12:30:00,10759.385851168843,3,40
2019-02-21,10764.4,10764.4,10758.75,10760.35,12:35:00,10759.863389152764,3,41
2019-02-21,10765.6,10766.15,10762.4,10764.25,12:40:00,10760.409733042976,3,42
2019-02-21,10767.8,10768.9,10765.2,10765.2,12:45:00,10761.113567991264,3,43
2019-02-21,10779.85,10779.85,10767.05,10767.65,12:50:00,10762.897990087336,3,44
2019-02-21,10780.25,10780.55,10776.1,10779.15,12:55:00,10764.550562459968,3,45
2019-02-21,10776.2,10781.3,10776.2,10779.85,13:00:00,10765.660032701877,3,46
2019-02-21,10788.2,10790.5,10774.8,10776.1,13:05:00,10767.806696254078,3,47
2019-02-21,10787.05,10789.0,10785.8,10787.4,13:10:00,10769.639391848928,3,48
2019-02-21,10787.3,10787.7,10782.35,10787.0,13:15:00,10771.321354529982,3,49
2019-02-21,10790.9,10793.85,10785.65,10787.05,13:20:00,10773.185987431889,3,50
2019-02-21,10785.25,10791.1,10784.0,10790.65,13:25:00,10774.334941009804,3,51
2019-02-21,10780.3,10785.55,10776.65,10785.15,13:30:00,10774.903041866011,3,52
2019-02-21,10778.75,10782.85,10777.85,10780.25,13:35:00,10775.269418831153,3,53
2019-02-21,10789.7,10790.55,10778.7,10778.7,13:40:00,10776.643759894852,3,54
2019-02-21,10791.65,10793.35,10789.15,10789.35,13:45:00,10778.072925619152,3,55
2019-02-21,10783.95,10793.0,10781.65,10791.75,13:50:00,10778.632646988755,3,56
2019-02-21,10789.0,10790.65,10781.65,10784.0,13:55:00,10779.620013942207,3,57
2019-02-21,10787.45,10789.0,10782.6,10788.8,14:00:00,10780.365726900092,3,58
2019-02-21,10791.95,10792.0,10787.35,10787.35,14:05:00,10781.468991004847,3,59
2019-02-21,10794.9,10798.45,10791.7,10791.7,14:10:00,10782.748134718671,3,60
2019-02-21,10791.85,10795.35,10789.05,10794.75,14:15:00,10783.614979031176,3,61
2019-02-21,10803.6,10808.85,10791.9,10791.9,14:20:00,10785.51831436154,3,62
2019-02-21,10800.25,10804.75,10798.85,10802.8,14:25:00,10786.921332041396,3,63
2019-02-21,10792.6,10802.9,10792.55,10799.8,14:30:00,10787.462157561262,3,64
2019-02-21,10781.2,10792.45,10777.15,10792.4,14:35:00,10786.865761603049,3,65
2019-02-21,10772.65,10783.3,10771.9,10781.4,14:40:00,10785.511879545616,3,66
2019-02-21,10785.15,10785.25,10769.8,10772.6,14:45:00,10785.477414826984,3,67
2019-02-21,10781.0,10792.6,10780.75,10785.05,14:50:00,10785.050994367271,3,68
2019-02-21,10783.65,10784.0,10771.9,10780.75,14:55:00,10784.917566332291,3,69
2019-02-21,10787.65,10789.7,10784.15,10784.65,15:00:00,10785.17779811017,3,70
2019-02-21,10786.6,10788.9,10781.15,10787.85,15:05:00,10785.3132459092,3,71
2019-02-21,10785.0,10788.25,10779.7,10787.25,15:10:00,10785.283412965468,3,72
2019-02-21,10793.1,10794.05,10784.85,10785.15,15:15:00,10786.0278498259,3,73
2019-02-21,10793.6,10795.8,10792.55,10793.7,15:20:00,10786.749006985336,3,74
2019-02-21,10790.8,10795.2,10789.6,10794.1,15:25:00,10787.134815843878,3,75
2019-02-22,10777.35,10778.05,10763.45,10778.05,09:15:00,10786.20292862065,4,1
2019-02-22,10773.4,10788.55,10773.4,10776.95,09:20:00,10784.98360208535,4,2
2019-02-22,10768.6,10774.05,10763.1,10774.0,09:25:00,10783.423259029603,4,3
2019-02-22,10771.0,10772.0,10761.5,10767.95,09:30:00,10782.240091502976,4,4
2019-02-22,10765.9,10773.3,10765.2,10771.35,09:35:00,10780.683892312216,4,5
2019-02-22,10765.0,10765.2,10758.4,10765.05,09:40:00,10779.19018828248,4,6
2019-02-22,10767.95,10767.95,10759.3,10765.3,09:45:00,10778.11969416034,4,7
2019-02-22,10770.0,10771.9,10767.05,10768.15,09:50:00,10777.346389954591,4,8
2019-02-22,10771.75,10773.15,10769.2,10769.3,09:55:00,10776.813400435109,4,9
2019-02-22,10781.2,10782.3,10771.9,10772.0,10:00:00,10777.23117182224,4,10
2019-02-22,10787.25,10788.35,10780.65,10780.8,10:05:00,10778.18534593441,4,11
2019-02-22,10791.8,10798.6,10787.3,10787.75,10:10:00,10779.481979654942,4,12
2019-02-22,10796.55,10798.95,10792.7,10793.25,10:15:00,10781.107505402091,4,13
2019-02-22,10789.4,10796.65,10786.9,10796.05,10:20:00,10781.89726679237,4,14
2019-02-22,10788.1,10789.35,10784.5,10788.85,10:25:00,10782.488003288334,4,15
2019-02-22,10788.95,10792.05,10785.95,10787.9,10:30:00,10783.103431546588,4,16
2019-02-22,10793.9,10796.95,10787.05,10788.6,10:35:00,10784.131676161198,4,17
2019-02-22,10791.95,10795.65,10791.8,10793.85,10:40:00,10784.87627843156,4,18
2019-02-22,10788.0,10793.6,10788.0,10791.65,10:45:00,10785.17377572379,4,19
2019-02-22,10793.45,10793.45,10785.35,10788.65,10:50:00,10785.96198755962,4,20
2019-02-22,10791.1,10795.2,10789.95,10793.35,10:55:00,10786.451322077752,4,21
2019-02-22,10786.3,10790.75,10782.8,10790.75,11:00:00,10786.4369104513,4,22
2019-02-22,10786.35,10788.05,10783.45,10785.95,11:05:00,10786.42863326546,4,23
2019-02-22,10788.9,10789.55,10785.5,10786.2,11:10:00,10786.664001525893,4,24
2019-02-22,10786.95,10789.85,10784.7,10788.95,11:15:00,10786.69123947581,4,25
2019-02-22,10781.95,10786.75,10780.1,10786.3,11:20:00,10786.239692859066,4,26
2019-02-22,10784.65,10787.4,10781.55,10781.55,11:25:00,10786.088293539156,4,27
2019-02-22,10787.4,10788.95,10784.55,10784.75,11:30:00,10786.213217963998,4,28
2019-02-22,10786.0,10789.4,10785.6,10786.9,11:35:00,10786.192911491236,4,29
2019-02-22,10786.7,10787.3,10785.1,10785.95,11:40:00,10786.241205634928,4,30
2019-02-22,10785.75,10787.05,10781.85,10785.55,11:45:00,10786.194424145888,4,31
2019-02-22,10786.25,10787.6,10784.15,10785.4,11:50:00,10786.199717084375,4,32
2019-02-22,10777.5,10785.85,10772.7,10785.8,11:55:00,10785.371172600147,4,33
2019-02-22,10783.25,10783.35,10775.1,10776.7,12:00:00,10785.16915616204,4,34
2019-02-22,10780.85,10783.55,10780.2,10782.55,12:05:00,10784.75780795613,4,35
2019-02-22,10783.3,10783.85,10780.4,10781.0,12:10:00,10784.618969103163,4,36
2019-02-22,10787.45,10788.05,10782.6,10782.9,12:15:00,10784.88859109334,4,37
2019-02-22,10789.55,10792.85,10786.75,10787.25,12:20:00,10785.332534798736,4,38
2019-02-22,10787.9,10790.1,10785.6,10789.65,12:25:00,10785.577055294096,4,39
2019-02-22,10785.3,10791.15,10784.7,10788.15,12:30:00,10785.55066907561,4,40
2019-02-22,10787.35,10787.35,10781.85,10785.35,12:35:00,10785.722033925553,4,41
2019-02-22,10787.1,10788.85,10784.4,10787.55,12:40:00,10785.853268789786,4,42
2019-02-22,10783.0,10788.55,10782.4,10787.15,12:45:00,10785.581528905046,4,43
2019-02-22,10774.75,10783.05,10773.25,10783.05,12:50:00,10784.549954723612,4,44
2019-02-22,10778.9,10779.8,10773.65,10774.9,12:55:00,10784.011863797554,4,45
2019-02-22,10784.0,10785.15,10777.85,10779.15,13:00:00,10784.010733912071,4,46
2019-02-22,10775.95,10784.9,10775.25,10784.45,13:05:00,10783.243044968063,4,47
2019-02-22,10776.55,10777.3,10774.0,10776.15,13:10:00,10782.605612113965,4,48
2019-02-22,10775.8,10778.25,10773.2,10776.9,13:15:00,10781.957458579302,4,49
2019-02-22,10780.75,10783.15,10774.4,10775.6,13:20:00,10781.84246252413,4,50
2019-02-22,10778.2,10781.9,10777.7,10780.85,13:25:00,10781.495561331356,4,51
2019-02-22,10780.55,10782.5,10777.8,10778.3,13:30:00,10781.405507871228,4,52
2019-02-22,10782.25,10782.8,10780.25,10780.85,13:35:00,10781.485935693016,4,53
2019-02-22,10777.55,10782.7,10776.95,10782.45,13:40:00,10781.111084674632,4,54
2019-02-22,10782.4,10782.55,10771.9,10777.95,13:45:00,10781.233838515143,4,55
2019-02-22,10788.85,10789.7,10782.1,10782.5,13:50:00,10781.959187227989,4,56
2019-02-22,10781.3,10789.65,10779.5,10788.65,13:55:00,10781.896407491988,4,57
2019-02-22,10781.65,10783.6,10777.8,10781.4,14:00:00,10781.8729401118,4,58
2019-02-22,10788.85,10789.7,10781.8,10781.85,14:05:00,10782.537422005917,4,59
2019-02-22,10789.15,10789.15,10780.05,10788.55,14:10:00,10783.167191338684,4,60
2019-02-22,10796.25,10801.55,10787.8,10788.85,14:15:00,10784.413173115952,4,61
2019-02-22,10792.55,10798.75,10789.9,10796.35,14:20:00,10785.188109009672,4,62
2019-02-22,10798.0,10798.0,10792.45,10792.6,14:25:00,10786.408289103989,4,63
2019-02-22,10784.0,10799.65,10783.9,10797.25,14:30:00,10786.17892823694,4,64
2019-02-22,10782.35,10786.3,10776.8,10783.5,14:35:00,10785.81426840485,4,65
2019-02-22,10791.2,10791.55,10781.0,10782.6,14:40:00,10786.327195223435,4,66
2019-02-22,10787.3,10791.55,10783.95,10790.9,14:45:00,10786.419843297395,4,67
2019-02-22,10786.5,10789.0,10781.65,10787.75,14:50:00,10786.427477269071,4,68
2019-02-22,10783.25,10788.35,10783.2,10786.9,14:55:00,10786.124860386302,4,69
2019-02-22,10793.3,10794.05,10783.35,10784.05,15:00:00,10786.808207016178,4,70
2019-02-22,10790.3,10793.55,10789.35,10793.55,15:05:00,10787.140758728923,4,71
2019-02-22,10788.3,10793.15,10787.05,10791.15,15:10:00,10787.251162659502,4,72
2019-02-22,10792.35,10793.65,10784.45,10787.65,15:15:00,10787.73676621574,4,73
2019-02-22,10795.8,10797.35,10791.0,10792.65,15:20:00,10788.504693242812,4,74
2019-02-22,10791.25,10797.25,10789.0,10795.85,15:25:00,10788.766151029213,4,75
2019-02-25,10823.9,10826.35,10813.05,10813.05,09:15:00,10792.112231883571,0,1
2019-02-25,10821.7,10830.1,10816.8,10823.6,09:20:00,10794.930114561326,0,2
2019-02-25,10811.85,10821.95,10808.55,10821.95,09:25:00,10796.541532222152,0,3
2019-02-25,10802.25,10811.6,10798.05,10811.6,09:30:00,10797.085195820042,0,4
2019-02-25,10792.5,10808.55,10792.25,10801.95,09:35:00,10796.648510503848,0,5
2019-02-25,10797.4,10799.3,10788.05,10791.45,09:40:00,10796.720080932051,0,6
2019-02-25,10793.1,10799.45,10790.4,10796.7,09:45:00,10796.375311319476,0,7
2019-02-25,10799.85,10800.5,10791.75,10793.0,09:50:00,10796.706234050956,0,8
2019-02-25,10800.6,10804.4,10796.35,10799.5,09:55:00,10797.077068903243,0,9
2019-02-25,10809.35,10811.15,10800.65,10800.65,10:00:00,10798.245919483888,0,10
2019-02-25,10799.5,10810.15,10795.55,10809.65,10:05:00,10798.365355723516,0,11
2019-02-25,10802.4,10803.6,10797.6,10799.8,10:10:00,10798.749607559372,0,12
2019-02-25,10800.4,10802.25,10796.25,10802.25,10:15:00,10798.906787791811,0,13
2019-02-25,10801.0,10803.05,10798.1,10800.7,10:20:00,10799.10614133545,0,14
2019-02-25,10799.25,10802.8,10796.75,10800.95,10:25:00,10799.119842160644,0,15
2019-02-25,10802.45,10803.1,10798.05,10798.9,10:30:00,10799.437000050108,0,16
2019-02-25,10799.7,10805.55,10798.8,10802.65,10:35:00,10799.462047664383,0,17
2019-02-25,10801.15,10802.65,10798.6,10799.9,10:40:00,10799.62280502968,0,18
2019-02-25,10805.45,10805.8,10799.65,10801.05,10:45:00,10800.177775979237,0,19
2019-02-25,10805.1,10806.5,10803.25,10805.25,10:50:00,10800.646559219307,0,20
2019-02-25,10805.0,10806.4,10802.2,10805.5,10:55:00,10801.061172626993,0,21
2019-02-25,10804.15,10809.15,10803.75,10804.75,11:00:00,10801.355346662518,0,22
2019-02-25,10807.7,10809.25,10805.0,10805.4,11:05:00,10801.959599361326,0,23
2019-02-25,10811.35,10811.6,10804.7,10807.85,11:10:00,10802.853923231676,0,24
2019-02-25,10808.75,10811.95,10808.1,10811.25,11:15:00,10803.41545435247,0,25
2019-02-25,10809.85,10811.6,10808.5,10809.1,11:20:00,10804.028268223665,0,26
2019-02-25,10809.75,10810.25,10806.3,10809.65,11:25:00,10804.573195059504,0,27
2019-02-25,10813.5,10813.7,10808.05,10809.65,11:30:00,10805.4233669586,0,28
2019-02-25,10813.35,10814.25,10809.8,10813.7,11:35:00,10806.178284391117,0,29
2019-02-25,10814.0,10814.45,10809.1,10812.6,11:40:00,10806.923209687198,0,30
2019-02-25,10807.2,10814.45,10807.0,10813.4,11:45:00,10806.94957066937,0,31
2019-02-25,10810.05,10810.4,10805.45,10807.45,11:50:00,10807.24484965324,0,32
2019-02-25,10813.1,10813.2,10808.7,10809.95,11:55:00,10807.802483019595,0,33
2019-02-25,10814.0,10815.95,10812.0,10813.4,12:00:00,10808.392722732016,0,34
2019-02-25,10822.5,10823.0,10812.65,10814.05,12:05:00,10809.736272948016,0,35
2019-02-25,10821.95,10828.15,10820.55,10822.95,12:10:00,10810.899485048203,0,36
2019-02-25,10822.7,10823.35,10820.05,10821.85,12:15:00,10812.023343615045,0,37
2019-02-25,10819.9,10823.15,10817.2,10822.65,12:20:00,10812.773501365991,0,38
2019-02-25,10820.05,10821.5,10819.0,10820.2,12:25:00,10813.466501235896,0,39
2019-02-25,10822.4,10822.8,10816.55,10819.6,12:30:00,10814.317310642002,0,40
2019-02-25,10820.05,10824.3,10818.5,10822.3,12:35:00,10814.863281057049,0,41
2019-02-25,10822.1,10822.75,10818.55,10820.1,12:40:00,10815.552492384948,0,42
2019-02-25,10825.15,10826.0,10820.7,10821.95,12:45:00,10816.46654072924,0,43
2019-02-25,10826.75,10827.5,10823.3,10824.9,12:50:00,10817.445917802646,0,44
2019-02-25,10825.8,10828.3,10823.15,10826.8,12:55:00,10818.241544678584,0,45
2019-02-25,10822.8,10828.7,10820.8,10825.75,13:00:00,10818.675683280626,0,46
2019-02-25,10826.45,10830.25,10822.0,10822.55,13:05:00,10819.416094396758,0,47
2019-02-25,10832.2,10832.2,10825.15,10826.35,13:10:00,10820.633609216116,0,48
2019-02-25,10831.3,10835.35,10830.5,10832.9,13:15:00,10821.649455957437,0,49
2019-02-25,10839.35,10840.95,10831.2,10831.65,13:20:00,10823.335222056729,0,50
2019-02-25,10839.05,10839.6,10834.65,10839.0,13:25:00,10824.831867575134,0,51
2019-02-25,10837.8,10840.5,10835.8,10838.95,13:30:00,10826.066927806074,0,52
2019-02-25,10836.8,10842.3,10834.45,10837.55,13:35:00,10827.089125157876,0,53
2019-02-25,10833.5,10837.75,10830.8,10837.0,13:40:00,10827.69968466665,0,54
2019-02-25,10836.25,10836.25,10832.2,10833.85,13:45:00,10828.514000412682,0,55
2019-02-25,10836.5,10836.85,10833.1,10836.1,13:50:00,10829.27457180195,0,56
2019-02-25,10833.55,10836.6,10831.25,10836.2,13:55:00,10829.68175543986,0,57
2019-02-25,10839.45,10840.55,10833.3,10834.65,14:00:00,10830.61206444559,0,58
2019-02-25,10844.7,10845.8,10837.55,10838.9,14:05:00,10831.95377259363,0,59
2019-02-25,10851.6,10851.6,10843.15,10845.9,14:10:00,10833.824841870428,0,60
2019-02-25,10848.7,10852.2,10843.6,10852.2,14:15:00,10835.241523597057,0,61
2019-02-25,10857.05,10857.4,10846.35,10849.05,14:20:00,10837.318521349716,0,62
2019-02-25,10856.35,10860.25,10854.65,10857.5,14:25:00,10839.131043125934,0,63
2019-02-25,10856.2,10862.5,10855.25,10856.25,14:30:00,10840.75665806632,0,64
2019-02-25,10857.55,10860.15,10854.4,10856.1,14:35:00,10842.356023964763,0,65
2019-02-25,10860.4,10861.25,10855.4,10857.7,14:40:00,10844.074497872884,0,66
2019-02-25,10854.95,10861.0,10854.65,10860.85,14:45:00,10845.110259980229,0,67
2019-02-25,10858.2,10858.8,10849.85,10855.45,14:50:00,10846.356901886877,0,68
2019-02-25,10866.3,10866.9,10858.1,10858.25,14:55:00,10848.256244564314,0,69
2019-02-25,10871.9,10872.9,10864.05,10867.15,15:00:00,10850.508030796283,0,70
2019-02-25,10878.55,10881.05,10871.1,10871.15,15:05:00,10853.17869452997,0,71
2019-02-25,10885.4,10887.1,10878.3,10878.3,15:10:00,10856.24739028902,0,72
2019-02-25,10881.0,10886.35,10878.85,10884.9,15:15:00,10858.604781690066,0,73
2019-02-25,10882.15,10883.35,10877.35,10881.4,15:20:00,10860.847183433869,0,74
2019-02-25,10879.75,10883.85,10877.8,10881.7,15:25:00,10862.647451678262,0,75
2019-02-26,10813.8,10837.15,10765.55,10766.2,09:15:00,10857.99531342319,1,1
2019-02-26,10789.4,10813.5,10788.45,10813.3,09:20:00,10851.462426430506,1,2
2019-02-26,10805.1,10808.65,10788.0,10789.0,09:25:00,10847.04695724665,1,3
2019-02-26,10792.4,10806.05,10792.4,10805.3,09:30:00,10841.84248512792,1,4
2019-02-26,10791.5,10796.1,10784.35,10792.55,09:35:00,10837.047962734789,1,5
2019-02-26,10780.7,10790.6,10773.25,10790.6,09:40:00,10831.68149009338,1,6
2019-02-26,10780.25,10783.05,10773.15,10779.8,09:45:00,10826.78325294163,1,7
2019-02-26,10770.5,10780.45,10769.25,10779.85,09:50:00,10821.422943137664,1,8
2019-02-26,10763.25,10771.05,10759.55,10770.75,09:55:00,10815.882662838838,1,9
2019-02-26,10733.75,10762.95,10729.3,10762.95,10:00:00,10808.060504473237,1,10
2019-02-26,10736.85,10744.75,10730.8,10733.2,10:05:00,10801.27855166626,1,11
2019-02-26,10758.25,10758.85,10735.15,10736.9,10:10:00,10797.18059436471,1,12
2019-02-26,10755.5,10760.2,10747.0,10757.55,10:15:00,10793.211013949023,1,13
2019-02-26,10763.2,10763.2,10754.5,10756.0,10:20:00,10790.352822144356,1,14
2019-02-26,10774.4,10774.65,10762.4,10762.4,10:25:00,10788.833505749655,1,15
2019-02-26,10780.25,10780.95,10771.5,10774.05,10:30:00,10788.016029011593,1,16
2019-02-26,10786.4,10788.3,10777.7,10780.3,10:35:00,10787.862121486678,1,17
2019-02-26,10784.0,10791.75,10783.45,10786.1,10:40:00,10787.494300392707,1,18
2019-02-26,10792.35,10792.8,10781.15,10783.9,10:45:00,10787.956747974356,1,19
2019-02-26,10799.65,10801.7,10791.75,10792.2,10:50:00,10789.070391024416,1,20
2019-02-26,10792.2,10799.7,10789.15,10799.15,10:55:00,10789.368449022091,1,21
2019-02-26,10799.5,10802.7,10791.45,10791.75,11:00:00,10790.333358639034,1,22
2019-02-26,10803.4,10803.4,10795.95,10799.45,11:05:00,10791.577800673413,1,23
2019-02-26,10803.35,10805.75,10798.55,10803.35,11:10:00,10792.69896251404,1,24
2019-02-26,10815.45,10817.7,10803.1,10803.3,11:15:00,10794.865727988892,1,25
2019-02-26,10810.5,10819.2,10809.45,10815.05,11:20:00,10796.354706275662,1,26
2019-02-26,10797.35,10811.5,10797.1,10810.3,11:25:00,10796.449496154171,1,27
2019-02-26,10804.6,10810.6,10797.5,10797.5,11:30:00,10797.225734615678,1,28
2019-02-26,10813.7,10816.9,10804.0,10804.25,11:35:00,10798.794712271329,1,29
2019-02-26,10824.45,10824.45,10813.2,10813.65,11:40:00,10801.238073007393,1,30
2019-02-26,10828.6,10830.55,10822.3,10824.7,11:45:00,10803.843970816211,1,31
2019-02-26,10831.65,10842.15,10828.55,10828.55,11:50:00,10806.492164071811,1,32
2019-02-26,10825.3,10831.15,10824.6,10831.15,11:55:00,10808.283386541165,1,33
2019-02-26,10826.7,10829.95,10821.25,10824.65,12:00:00,10810.03734972772,1,34
2019-02-26,10830.7,10831.1,10822.3,10826.5,12:05:00,10812.005221182222,1,35
2019-02-26,10827.1,10833.55,10824.1,10830.5,12:10:00,10813.442819164868,1,36
2019-02-26,10814.25,10827.0,10813.6,10826.55,12:15:00,10813.519693530116,1,37
2019-02-26,10827.95,10829.25,10813.75,10814.35,12:20:00,10814.894008432011,1,38
2019-02-26,10826.9,10830.55,10822.95,10827.85,12:25:00,10816.037436200391,1,39
2019-02-26,10837.9,10838.95,10826.8,10827.25,12:30:00,10818.119585133689,1,40
2019-02-26,10854.3,10856.65,10837.45,10837.45,12:35:00,10821.56533893048,1,41
2019-02-26,10860.5,10864.15,10854.1,10854.2,12:40:00,10825.27340188948,1,42
2019-02-26,10850.5,10864.45,10849.45,10859.3,12:45:00,10827.675935042864,1,43
2019-02-26,10846.6,10853.5,10845.1,10850.3,12:50:00,10829.478226943544,1,44
2019-02-26,10846.7,10847.2,10838.0,10846.25,12:55:00,10831.118395806065,1,45
2019-02-26,10850.15,10853.5,10846.65,10846.65,13:00:00,10832.93092953882,1,46
2019-02-26,10852.6,10854.35,10845.45,10850.2,13:05:00,10834.804174344648,1,47
2019-02-26,10846.0,10852.85,10845.0,10852.75,13:10:00,10835.870443454682,1,48
2019-02-26,10850.95,10853.8,10841.95,10845.3,13:15:00,10837.306591697092,1,49
2019-02-26,10851.35,10852.85,10847.15,10850.7,13:20:00,10838.644059154512,1,50
2019-02-26,10850.25,10853.55,10849.0,10851.15,13:25:00,10839.749386854082,1,51
2019-02-26,10842.4,10850.0,10841.45,10849.55,13:30:00,10840.001826201313,1,52
2019-02-26,10831.15,10846.1,10829.45,10842.0,13:35:00,10839.15879513452,1,53
2019-02-26,10838.0,10841.3,10827.9,10830.75,13:40:00,10839.048433693137,1,54
2019-02-26,10845.45,10846.9,10833.2,10837.8,13:45:00,10839.658106674742,1,55
2019-02-26,10852.05,10853.55,10844.45,10844.9,13:50:00,10840.838286991431,1,56
2019-02-26,10851.55,10852.15,10846.25,10851.6,13:55:00,10841.858450135109,1,57
2019-02-26,10847.75,10853.05,10845.65,10851.3,14:00:00,10842.41955012224,1,58
2019-02-26,10852.3,10852.45,10839.75,10847.65,14:05:00,10843.360545348693,1,59
2019-02-26,10860.1,10860.1,10849.35,10852.15,14:10:00,10844.954779125006,1,60
2019-02-26,10855.2,10860.7,10853.7,10859.65,14:15:00,10845.930514446434,1,61
2019-02-26,10862.15,10864.75,10854.9,10855.4,14:20:00,10847.475227356295,1,62
2019-02-26,10865.65,10867.6,10856.7,10861.85,14:25:00,10849.206158084267,1,63
2019-02-26,10877.75,10878.3,10865.15,10865.45,14:30:00,10851.9246192191,1,64
2019-02-26,10877.65,10888.75,10876.75,10878.8,14:35:00,10854.374655483947,1,65
2019-02-26,10881.0,10886.65,10874.95,10877.0,14:40:00,10856.910402580716,1,66
2019-02-26,10880.3,10883.0,10876.1,10880.35,14:45:00,10859.137983287315,1,67
2019-02-26,10846.1,10880.75,10845.25,10879.75,14:50:00,10857.896270593286,1,68
2019-02-26,10840.6,10849.35,10823.65,10846.3,14:55:00,10856.24900672726,1,69
2019-02-26,10844.65,10844.95,10829.2,10840.0,15:00:00,10855.1443394199,1,70
2019-02-26,10834.4,10845.55,10834.4,10845.1,15:05:00,10853.16868804658,1,71
2019-02-26,10835.95,10840.55,10830.6,10834.65,15:10:00,10851.528812994524,1,72
2019-02-26,10828.4,10838.25,10827.8,10835.85,15:15:00,10849.326068899809,1,73
2019-02-26,10832.45,10834.75,10826.0,10827.55,15:20:00,10847.718824242682,1,74
2019-02-26,10829.0,10834.1,10827.95,10832.7,15:25:00,10845.936079076711,1,75
2019-02-27,10892.95,10896.0,10875.1,10880.35,09:15:00,10850.41359535512,2,1
2019-02-27,10900.9,10904.7,10892.7,10892.7,09:20:00,10855.22182436892,2,2
2019-02-27,10905.55,10908.75,10898.55,10901.1,09:25:00,10860.014983952831,2,3
2019-02-27,10903.6,10910.55,10902.25,10906.3,09:30:00,10864.165937862086,2,4
2019-02-27,10908.55,10911.75,10902.55,10903.3,09:35:00,10868.39299139903,2,5
2019-02-27,10910.6,10913.65,10908.05,10908.95,09:40:00,10872.412706503885,2,6
2019-02-27,10911.45,10914.1,10907.2,10909.95,09:45:00,10876.130543979709,2,7
2019-02-27,10911.95,10913.45,10909.8,10911.4,09:50:00,10879.541920743544,2,8
2019-02-27,10917.3,10919.9,10912.2,10912.4,09:55:00,10883.13792829178,2,9
2019-02-27,10919.45,10921.6,10917.15,10917.15,10:00:00,10886.59622083542,2,10
2019-02-27,10917.55,10920.2,10911.2,10919.25,10:05:00,10889.544199803477,2,11
2019-02-27,10914.85,10919.15,10914.85,10917.4,10:10:00,10891.954276012668,2,12
2019-02-27,10913.95,10916.7,10913.1,10915.3,10:15:00,10894.049106868604,2,13
2019-02-27,10911.5,10914.75,10910.95,10914.05,10:20:00,10895.71109669064,2,14
2019-02-27,10914.85,10915.35,10909.45,10911.65,10:25:00,10897.53384938677,2,15
2019-02-27,10922.15,10924.05,10913.65,10914.6,10:30:00,10899.878244683268,2,16
2019-02-27,10925.25,10926.55,10921.85,10922.05,10:35:00,10902.29460233248,2,17
2019-02-27,10929.75,10932.5,10924.5,10925.4,10:40:00,10904.90940211034,2,18
2019-02-27,10932.25,10936.3,10930.05,10930.05,10:45:00,10907.51326857602,2,19
2019-02-27,10932.6,10935.5,10932.25,10932.5,10:50:00,10909.902481092591,2,20
2019-02-27,10937.1,10938.6,10932.3,10932.65,10:55:00,10912.492720988535,2,21
2019-02-27,10931.8,10939.7,10931.6,10937.75,11:00:00,10914.331509465816,2,22
2019-02-27,10925.15,10933.15,10924.05,10932.25,11:05:00,10915.361841897644,2,23
2019-02-27,10926.15,10927.6,10921.95,10925.3,11:10:00,10916.38928552644,2,24
2019-02-27,10892.85,10926.55,10892.85,10926.05,11:15:00,10914.147448809636,2,25
2019-02-27,10885.05,10897.95,10878.75,10892.5,11:20:00,10911.376263208716,2,26
2019-02-27,10859.6,10885.55,10838.4,10885.15,11:25:00,10906.445190522172,2,27
2019-02-27,10865.55,10878.65,10854.4,10859.55,11:30:00,10902.550410472442,2,28
2019-02-27,10844.1,10868.3,10841.85,10864.15,11:35:00,10896.983704713162,2,29
2019-02-27,10847.65,10854.6,10833.65,10844.05,11:40:00,10892.285256645242,2,30
2019-02-27,10860.95,10862.9,10840.9,10847.6,11:45:00,10889.300946488553,2,31
2019-02-27,10845.3,10864.95,10844.95,10860.75,11:50:00,10885.11038015631,2,32
2019-02-27,10829.75,10850.1,10829.35,10845.15,11:55:00,10879.837962998565,2,33
2019-02-27,10783.3,10827.4,10778.85,10827.4,12:00:00,10870.643871284416,2,34
2019-02-27,10778.0,10788.9,10764.25,10784.7,12:05:00,10861.820645447806,2,35
2019-02-27,10761.95,10779.6,10751.2,10777.65,12:10:00,10852.30915540516,2,36
2019-02-27,10797.95,10799.85,10760.45,10762.95,12:15:00,10847.13209298562,2,37
2019-02-27,10793.05,10814.6,10787.1,10797.3,12:20:00,10841.98141746318,2,38
2019-02-27,10799.0,10800.2,10787.85,10792.1,12:25:00,10837.887949133354,2,39
2019-02-27,10778.9,10803.95,10771.55,10797.65,12:30:00,10832.270049215893,2,40
2019-02-27,10780.6,10789.85,10775.7,10779.3,12:35:00,10827.349092147711,2,41
2019-02-27,10791.0,10791.65,10776.6,10778.0,12:40:00,10823.88727384793,2,42
2019-02-27,10783.55,10798.45,10783.55,10791.05,12:45:00,10820.045628719556,2,43
2019-02-27,10780.65,10786.05,10775.75,10784.2,12:50:00,10816.293664079598,2,44
2019-02-27,10777.75,10786.8,10777.75,10780.3,12:55:00,10812.62283892916,2,45
2019-02-27,10802.15,10802.15,10776.7,10777.65,13:00:00,10811.625425697812,2,46
2019-02-27,10787.75,10802.55,10787.75,10802.25,13:05:00,10809.351575631354,2,47
2019-02-27,10784.5,10790.15,10780.45,10788.65,13:10:00,10806.984758904558,2,48
2019-02-27,10787.75,10796.85,10784.8,10784.8,13:15:00,10805.152877104125,2,49
2019-02-27,10771.0,10788.9,10764.15,10788.0,13:20:00,10801.900222141829,2,50
2019-02-27,10779.4,10784.9,10770.25,10771.15,13:25:00,10799.757343842606,2,51
2019-02-27,10806.9,10808.1,10779.6,10779.6,13:30:00,10800.437596809978,2,52
2019-02-27,10811.7,10817.9,10801.75,10807.95,13:35:00,10801.510206637598,2,53
2019-02-27,10816.3,10828.05,10810.35,10812.0,13:40:00,10802.9187583864,2,54
2019-02-27,10810.45,10818.6,10804.3,10815.7,13:45:00,10803.636019492456,2,55
2019-02-27,10821.55,10825.75,10811.1,10811.1,13:50:00,10805.342112874128,2,56
2019-02-27,10814.75,10824.6,10812.8,10821.5,13:55:00,10806.23810212421,2,57
2019-02-27,10825.8,10828.4,10814.4,10815.4,14:00:00,10808.101140017145,2,58
2019-02-27,10836.95,10842.8,10825.5,10826.1,14:05:00,10810.848650491702,2,59
2019-02-27,10823.1,10835.95,10819.1,10835.8,14:10:00,10812.015445682968,2,60
2019-02-27,10806.2,10824.75,10803.65,10821.7,14:15:00,10811.46159371316,2,61
2019-02-27,10812.45,10822.05,10806.0,10806.05,14:20:00,10811.55572764524,2,62
2019-02-27,10814.25,10820.4,10809.6,10811.4,14:25:00,10811.81232501236,2,63
2019-02-27,10811.35,10817.85,10808.45,10813.95,14:30:00,10811.7682940588,2,64
2019-02-27,10786.85,10812.05,10786.2,10812.05,14:35:00,10809.395123196056,2,65
2019-02-27,10793.6,10805.55,10786.9,10786.9,14:40:00,10807.890825748813,2,66
2019-02-27,10793.15,10799.6,10782.95,10793.1,14:45:00,10806.486937582258,2,67
2019-02-27,10798.7,10799.25,10785.55,10792.75,14:50:00,10805.745324479189,2,68
2019-02-27,10792.85,10805.25,10789.25,10798.85,14:55:00,10804.517198338312,2,69
2019-02-27,10811.9,10815.4,10794.05,10794.05,15:00:00,10805.220322306091,2,70
2019-02-27,10815.5,10820.15,10812.2,10812.2,15:05:00,10806.19933922932,2,71
2019-02-27,10809.2,10815.35,10802.3,10815.35,15:10:00,10806.485116445576,2,72
2019-02-27,10805.7,10810.05,10801.3,10808.6,15:15:00,10806.41034345076,2,73
2019-02-27,10800.35,10808.9,10798.65,10805.5,15:20:00,10805.83316788402,2,74
2019-02-27,10793.9,10803.55,10793.35,10800.65,15:25:00,10804.69667570459,2,75
2019-02-28,10843.4,10854.65,10836.2,10854.65,09:15:00,10808.382706589868,3,1
2019-02-28,10845.45,10846.25,10830.35,10842.7,09:20:00,10811.91292500988,3,2
2019-02-28,10828.3,10845.85,10827.3,10845.6,09:25:00,10813.473598818462,3,3
2019-02-28,10820.0,10827.0,10816.5,10826.3,09:30:00,10814.095160835752,3,4
2019-02-28,10805.3,10820.25,10804.9,10818.1,09:35:00,10813.257526470445,3,5
2019-02-28,10818.15,10818.15,10800.2,10805.85,09:40:00,10813.7234763304,3,6
2019-02-28,10820.05,10826.0,10817.8,10817.9,09:45:00,10814.326002394171,3,7
2019-02-28,10826.75,10829.8,10820.15,10820.2,09:50:00,10815.509240261395,3,8
2019-02-28,10824.85,10830.15,10824.85,10827.25,09:55:00,10816.398836426975,3,9
2019-02-28,10828.8,10829.6,10816.9,10824.8,10:00:00,10817.579899624405,3,10
2019-02-28,10826.95,10832.75,10825.45,10828.9,10:05:00,10818.472290136366,3,11
2019-02-28,10823.4,10829.8,10821.25,10826.8,10:10:00,10818.941595837665,3,12
2019-02-28,10826.2,10826.25,10820.8,10823.45,10:15:00,10819.632872424554,3,13
2019-02-28,10827.9,10830.25,10825.85,10826.1,10:20:00,10820.420217907931,3,14
2019-02-28,10830.5,10831.35,10824.45,10827.3,10:25:00,10821.380197154796,3,15
2019-02-28,10834.4,10835.85,10830.05,10830.35,10:30:00,10822.620178378147,3,16
2019-02-28,10835.3,10839.75,10833.05,10834.3,10:35:00,10823.82778043737,3,17
2019-02-28,10836.7,10837.65,10833.1,10835.2,10:40:00,10825.05370611,3,18
2019-02-28,10840.75,10842.15,10836.05,10836.55,10:45:00,10826.548591242385,3,19
2019-02-28,10834.3,10841.8,10834.0,10841.1,10:50:00,10827.28682064787,3,20
2019-02-28,10826.3,10834.8,10824.35,10834.75,10:55:00,10827.192837729024,3,21
2019-02-28,10828.65,10831.05,10825.2,10826.2,11:00:00,10827.331615088164,3,22
2019-02-28,10828.3,10828.8,10825.3,10828.8,11:05:00,10827.423842222624,3,23
2019-02-28,10823.9,10828.7,10823.15,10827.35,11:10:00,10827.088238201422,3,24
2019-02-28,10829.0,10829.55,10823.15,10823.95,11:15:00,10827.270310753667,3,25
2019-02-28,10825.75,10830.3,10824.9,10829.05,11:20:00,10827.12551925332,3,26
2019-02-28,10826.7,10828.35,10823.6,10825.7,11:25:00,10827.084993610146,3,27
2019-02-28,10828.85,10830.85,10824.5,10825.9,11:30:00,10827.253089456795,3,28
2019-02-28,10829.6,10830.7,10827.6,10829.05,11:35:00,10827.476604746626,3,29
2019-02-28,10826.95,10829.95,10826.65,10829.65,11:40:00,10827.426451913614,3,30
2019-02-28,10823.9,10827.65,10820.6,10827.2,11:45:00,10827.090599350411,3,31
2019-02-28,10818.85,10824.1,10818.25,10823.4,11:50:00,10826.30578036466,3,32
2019-02-28,10808.85,10818.95,10808.7,10818.55,11:55:00,10824.643325091834,3,33
2019-02-28,10808.9,10815.05,10807.45,10808.8,12:00:00,10823.143960797372,3,34
2019-02-28,10812.2,10816.65,10809.0,10809.05,12:05:00,10822.10167881667,3,35
2019-02-28,10804.25,10813.35,10801.8,10812.05,12:10:00,10820.40151892937,3,36
2019-02-28,10813.2,10813.6,10803.85,10804.2,12:15:00,10819.715659983716,3,37
2019-02-28,10811.8,10816.3,10811.8,10813.4,12:20:00,10818.961787604316,3,38
2019-02-28,10808.0,10812.45,10804.2,10812.05,12:25:00,10817.917807832477,3,39
2019-02-28,10800.25,10810.15,10799.55,10808.2,12:30:00,10816.23515946748,3,40
2019-02-28,10803.0,10803.45,10798.7,10799.6,12:35:00,10814.974668089626,3,41
2019-02-28,10808.15,10809.65,10802.7,10803.1,12:40:00,10814.32469970014,3,42
2019-02-28,10807.15,10810.1,10807.15,10808.5,12:45:00,10813.641394966791,3,43
2019-02-28,10805.1,10808.25,10804.65,10807.5,12:50:00,10812.82792877948,3,44
2019-02-28,10798.25,10805.05,10797.45,10804.95,12:55:00,10811.439554610004,3,45
2019-02-28,10790.55,10799.85,10789.2,10798.45,13:00:00,10809.450073218575,3,46
2019-02-28,10791.7,10796.4,10788.1,10790.35,13:05:00,10807.7595900549,3,47
2019-02-28,10792.0,10795.75,10790.35,10791.5,13:10:00,10806.258676716338,3,48
2019-02-28,10802.45,10803.45,10790.5,10791.85,13:15:00,10805.895945600496,3,49
2019-02-28,10809.95,10813.25,10802.15,10802.2,13:20:00,10806.282046019496,3,50
2019-02-28,10804.7,10813.05,10801.75,10810.35,13:25:00,10806.13137497002,3,51
2019-02-28,10806.55,10806.55,10802.95,10805.0,13:30:00,10806.171244020494,3,52
2019-02-28,10815.1,10816.7,10804.7,10806.95,13:35:00,10807.021601732828,3,53
2019-02-28,10812.45,10816.9,10812.15,10815.05,13:40:00,10807.538592043988,3,54
2019-02-28,10814.95,10815.35,10806.7,10813.1,13:45:00,10808.24444042075,3,55
2019-02-28,10823.9,10827.1,10814.9,10815.2,13:50:00,10809.735446094966,3,56
2019-02-28,10829.9,10830.85,10819.1,10823.65,13:55:00,10811.655879800208,3,57
2019-02-28,10832.8,10833.1,10825.5,10830.2,14:00:00,10813.66960553352,3,58
2019-02-28,10842.3,10843.95,10832.35,10832.5,14:05:00,10816.396309768425,3,59
2019-02-28,10838.45,10844.75,10834.4,10841.9,14:10:00,10818.49666121905,3,60
2019-02-28,10824.85,10839.7,10821.1,10838.2,14:15:00,10819.10174110295,3,61
2019-02-28,10824.05,10830.35,10824.05,10825.05,14:20:00,10819.57300385505,3,62
2019-02-28,10830.65,10830.65,10823.1,10824.55,14:25:00,10820.627955868857,3,63
2019-02-28,10834.6,10836.8,10830.5,10830.55,14:30:00,10821.958626738488,3,64
2019-02-28,10833.35,10835.65,10830.5,10834.7,14:35:00,10823.04351943006,3,65
2019-02-28,10826.35,10835.35,10825.5,10833.85,14:40:00,10823.358422341484,3,66
2019-02-28,10828.0,10828.25,10817.8,10827.15,14:45:00,10823.80047735658,3,67
2019-02-28,10827.1,10830.55,10826.0,10827.9,14:50:00,10824.114717608334,3,68
2019-02-28,10826.3,10832.3,10826.3,10827.05,14:55:00,10824.322839740877,3,69
2019-02-28,10791.25,10825.95,10790.5,10825.95,15:00:00,10821.17304547984,3,70
2019-02-28,10789.05,10792.4,10785.75,10791.0,15:05:00,10818.113707815091,3,71
2019-02-28,10789.5,10789.85,10784.85,10788.95,15:10:00,10815.388592785086,3,72
2019-02-28,10791.85,10794.4,10789.55,10789.55,15:15:00,10813.146822043647,3,73
2019-02-28,10793.95,10794.95,10790.65,10791.95,15:20:00,10811.318553277588,3,74
2019-02-28,10801.45,10804.15,10792.35,10794.1,15:25:00,10810.378691060676,3,75
2019-03-01,10850.65,10860.8,10839.65,10839.65,09:15:00,10814.214053816802,4,1
2019-03-01,10869.9,10871.6,10850.8,10851.2,09:20:00,10819.517477262822,4,2
2019-03-01,10862.0,10871.0,10856.45,10870.3,09:25:00,10823.56343180922,4,3
2019-03-01,10863.6,10866.65,10861.35,10861.9,09:30:00,10827.37643830358,4,4
2019-03-01,10862.05,10864.25,10856.45,10863.5,09:35:00,10830.678682274667,4,5
2019-03-01,10857.2,10862.75,10855.45,10861.6,09:40:00,10833.204522058031,4,6
2019-03-01,10860.2,10861.75,10855.75,10857.4,09:45:00,10835.775519957268,4,7
2019-03-01,10862.05,10865.4,10858.15,10860.65,09:50:00,10838.277851389908,4,8
2019-03-01,10856.5,10862.5,10856.5,10862.3,09:55:00,10840.01329411468,4,9
2019-03-01,10849.65,10861.25,10847.75,10856.95,10:00:00,10840.931075627568,4,10
2019-03-01,10856.35,10859.6,10849.55,10850.05,10:05:00,10842.39954461542,4,11
2019-03-01,10854.3,10856.65,10851.6,10855.85,10:10:00,10843.532921318712,4,12
2019-03-01,10856.45,10858.65,10854.35,10854.9,10:15:00,10844.76311928836,4,13
2019-03-01,10853.55,10857.15,10852.4,10856.6,10:20:00,10845.59996507042,4,14
2019-03-01,10844.85,10853.65,10844.85,10853.65,10:25:00,10845.528539825618,4,15
2019-03-01,10840.4,10848.05,10839.35,10845.45,10:30:00,10845.040107461273,4,16
2019-03-01,10849.15,10850.3,10839.9,10840.9,10:35:00,10845.431525798294,4,17
2019-03-01,10852.45,10852.65,10848.85,10849.25,10:40:00,10846.099951912744,4,18
2019-03-01,10854.2,10856.4,10852.35,10852.5,10:45:00,10846.87138506391,4,19
2019-03-01,10845.0,10854.7,10845.0,10854.15,10:50:00,10846.693157914968,4,20
2019-03-01,10845.95,10849.4,10845.15,10845.35,10:55:00,10846.622380970686,4,21
2019-03-01,10837.2,10845.85,10837.2,10845.55,11:00:00,10845.72501135443,4,22
2019-03-01,10841.1,10842.65,10837.05,10837.8,11:05:00,10845.28453408258,4,23
2019-03-01,10844.3,10845.5,10840.35,10841.2,11:10:00,10845.190768931858,4,24
2019-03-01,10847.6,10847.95,10843.35,10844.2,11:15:00,10845.420219509777,4,25
2019-03-01,10849.0,10849.9,10845.8,10847.65,11:20:00,10845.761150985036,4,26
2019-03-01,10848.5,10849.3,10844.5,10848.75,11:25:00,10846.021993748367,4,27
2019-03-01,10848.0,10849.2,10845.9,10848.55,11:30:00,10846.21037529614,4,28
2019-03-01,10849.2,10849.85,10847.4,10847.8,11:35:00,10846.495101458411,4,29
2019-03-01,10840.5,10850.0,10839.0,10849.45,11:40:00,10845.924139414754,4,30
2019-03-01,10843.1,10843.25,10839.65,10840.35,11:45:00,10845.655173756206,4,31
2019-03-01,10842.1,10845.9,10840.6,10843.3,11:50:00,10845.316585779425,4,32
2019-03-01,10842.8,10843.85,10840.75,10841.85,11:55:00,10845.07691094329,4,33
2019-03-01,10845.2,10845.6,10841.05,10842.55,12:00:00,10845.088633710597,4,34
2019-03-01,10843.3,10845.75,10842.65,10845.15,12:05:00,10844.91828764292,4,35
2019-03-01,10841.9,10844.35,10840.05,10843.5,12:10:00,10844.630831676928,4,36
2019-03-01,10843.85,10845.05,10841.5,10841.5,12:15:00,10844.556466755315,4,37
2019-03-01,10843.45,10845.55,10843.1,10843.65,12:20:00,10844.451088969096,4,38
2019-03-01,10841.45,10845.0,10840.95,10843.65,12:25:00,10844.165270972038,4,39
2019-03-01,10840.9,10842.2,10837.1,10841.15,12:30:00,10843.854292784226,4,40
2019-03-01,10836.6,10841.5,10833.25,10840.85,12:35:00,10843.163407757158,4,41
2019-03-01,10835.85,10839.2,10835.3,10836.3,12:40:00,10842.466892732667,4,42
2019-03-01,10828.45,10836.4,10826.95,10835.25,12:45:00,10841.131950567653,4,43
2019-03-01,10826.15,10828.7,10824.2,10828.05,12:50:00,10839.705098132636,4,44
2019-03-01,10832.05,10834.35,10824.3,10826.3,12:55:00,10838.976041167623,4,45
2019-03-01,10834.05,10836.3,10831.15,10831.45,13:00:00,10838.506894389751,4,46
2019-03-01,10836.65,10837.3,10831.95,10833.95,13:05:00,10838.330047305017,4,47
2019-03-01,10836.25,10838.3,10835.8,10836.8,13:10:00,10838.13194756168,4,48
2019-03-01,10838.1,10840.6,10836.0,10836.45,13:15:00,10838.12890493676,4,49
2019-03-01,10835.9,10839.75,10835.4,10838.3,13:20:00,10837.916628276116,4,50
2019-03-01,10836.55,10837.3,10834.0,10836.3,13:25:00,10837.7864732022,4,51
2019-03-01,10831.65,10836.15,10831.3,10836.15,13:30:00,10837.202047182942,4,52
2019-03-01,10828.55,10832.4,10826.7,10831.85,13:35:00,10836.378042689328,4,53
2019-03-01,10826.55,10830.2,10824.15,10828.6,13:40:00,10835.442038623678,4,54
2019-03-01,10826.65,10826.65,10823.1,10826.25,13:45:00,10834.6047016119,4,55
2019-03-01,10828.4,10830.8,10825.4,10826.7,13:50:00,10834.01377764886,4,56
2019-03-01,10836.1,10836.1,10824.7,10828.35,13:55:00,10834.212465491826,4,57
2019-03-01,10838.95,10840.0,10835.4,10836.05,14:00:00,10834.66365925451,4,58
2019-03-01,10835.6,10839.8,10835.3,10839.15,14:05:00,10834.752834563604,4,59
2019-03-01,10839.75,10840.95,10831.35,10835.5,14:10:00,10835.228755081356,4,60
2019-03-01,10845.95,10847.55,10837.7,10840.7,14:15:00,10836.249826025987,4,61
2019-03-01,10844.85,10848.45,10842.25,10847.2,14:20:00,10837.06889021399,4,62
2019-03-01,10854.1,10854.9,10845.7,10846.6,14:25:00,10838.6909006698,4,63
2019-03-01,10852.55,10857.65,10850.85,10856.75,14:30:00,10840.010814891724,4,64
2019-03-01,10859.35,10860.6,10852.8,10854.15,14:35:00,10841.852642044894,4,65
2019-03-01,10859.8,10863.95,10856.95,10860.1,14:40:00,10843.561914231095,4,66
2019-03-01,10857.7,10861.9,10856.55,10861.1,14:45:00,10844.90839859004,4,67
2019-03-01,10862.7,10864.05,10857.45,10858.8,14:50:00,10846.602836819558,4,68
2019-03-01,10862.85,10864.55,10858.3,10863.55,14:55:00,10848.150185693885,4,69
2019-03-01,10873.85,10876.45,10864.0,10864.0,15:00:00,10850.597787056373,4,70
2019-03-01,10866.6,10877.9,10866.6,10875.45,15:05:00,10852.121807336718,4,71
2019-03-01,10862.6,10868.55,10859.8,10868.35,15:10:00,10853.119730447506,4,72
2019-03-01,10860.3,10864.85,10857.85,10863.45,15:15:00,10853.803565642982,4,73
2019-03-01,10861.3,10864.9,10859.0,10860.25,15:20:00,10854.51751177222,4,74
2019-03-01,10861.65,10863.95,10858.75,10862.3,15:25:00,10855.196796365344,4,75
2019-03-05,10845.35,10849.9,10817.0,10849.9,09:15:00,10854.259006235312,1,1
2019-03-05,10851.15,10855.6,10843.65,10845.6,09:20:00,10853.962910403376,1,2
2019-03-05,10848.65,10853.1,10844.35,10850.6,09:25:00,10853.45691893639,1,3
2019-03-05,10856.5,10858.95,10846.8,10848.85,09:30:00,10853.746736180545,1,4
2019-03-05,10851.55,10859.05,10850.55,10856.05,09:35:00,10853.537523210967,1,5
2019-03-05,10853.65,10856.05,10849.4,10851.75,09:40:00,10853.548235286116,1,6
2019-03-05,10846.7,10854.65,10845.95,10854.0,09:45:00,10852.896022401725,1,7
2019-03-05,10840.35,10847.6,10839.2,10847.0,09:50:00,10851.701163125368,1,8
2019-03-05,10845.3,10845.95,10839.6,10840.6,09:55:00,10851.091528542,1,9
2019-03-05,10844.25,10848.1,10843.35,10845.35,10:00:00,10850.439954395142,1,10
2019-03-05,10850.7,10851.3,10843.45,10843.95,10:05:00,10850.464720643224,1,11
2019-03-05,10855.45,10856.05,10850.25,10850.5,10:10:00,10850.939509153392,1,12
2019-03-05,10866.45,10868.25,10855.3,10855.4,10:15:00,10852.416698757832,1,13
2019-03-05,10866.85,10869.25,10862.95,10866.25,10:20:00,10853.791298876136,1,14
2019-03-05,10872.75,10872.85,10865.4,10866.55,10:25:00,10855.59688945936,1,15
2019-03-05,10879.55,10880.0,10871.15,10872.35,10:30:00,10857.878138082278,1,16
2019-03-05,10884.0,10889.1,10879.0,10879.0,10:35:00,10860.365934455396,1,17
2019-03-05,10884.0,10884.05,10879.05,10883.45,10:40:00,10862.616797840596,1,18
2019-03-05,10884.45,10887.0,10882.3,10883.6,10:45:00,10864.696150427208,1,19
2019-03-05,10889.55,10891.9,10883.45,10883.85,10:50:00,10867.063183719854,1,20
2019-03-05,10892.9,10895.2,10888.55,10889.05,10:55:00,10869.523832889392,1,21
2019-03-05,10891.3,10895.75,10890.3,10892.15,11:00:00,10871.597753566592,1,22
2019-03-05,10890.6,10894.4,10887.65,10890.9,11:05:00,10873.407491322158,1,23
2019-03-05,10889.75,10892.3,10887.35,10889.95,11:10:00,10874.963920720047,1,24
2019-03-05,10886.1,10890.3,10884.3,10889.3,11:15:00,10876.02449969909,1,25
2019-03-05,10888.2,10889.1,10884.6,10885.7,11:20:00,10877.18407115632,1,26
2019-03-05,10889.65,10889.85,10884.85,10887.95,11:25:00,10878.371302474769,1,27
2019-03-05,10888.6,10892.35,10887.8,10888.6,11:30:00,10879.345464143837,1,28
2019-03-05,10892.2,10892.9,10888.45,10888.65,11:35:00,10880.569705653948,1,29
2019-03-05,10894.0,10895.45,10889.85,10891.85,11:40:00,10881.848781305953,1,30
2019-03-05,10896.6,10898.0,10891.85,10893.3,11:45:00,10883.253659276814,1,31
2019-03-05,10899.2,10900.2,10894.35,10895.6,11:50:00,10884.772358393308,1,32
2019-03-05,10898.15,10902.05,10896.85,10898.7,11:55:00,10886.046419498707,1,33
2019-03-05,10898.35,10898.85,10895.1,10897.55,12:00:00,10887.21818907026,1,34
2019-03-05,10897.0,10898.75,10894.85,10897.8,12:05:00,10888.149790111189,1,35
2019-03-05,10899.05,10900.45,10896.45,10896.45,12:10:00,10889.187905338693,1,36
2019-03-05,10896.05,10899.25,10893.1,10898.55,12:15:00,10889.84143816358,1,37
2019-03-05,10898.1,10898.95,10895.25,10895.35,12:20:00,10890.627967862283,1,38
2019-03-05,10908.2,10908.6,10896.8,10897.6,12:25:00,10892.301494732545,1,39
2019-03-05,10907.75,10911.25,10906.4,10908.15,12:30:00,10893.772780948491,1,40
2019-03-05,10909.65,10912.15,10905.85,10907.5,12:35:00,10895.284897048636,1,41
2019-03-05,10914.25,10915.75,10908.8,10909.1,12:40:00,10897.09109732972,1,42
2019-03-05,10916.95,10917.95,10912.4,10914.2,12:45:00,10898.982421393555,1,43
2019-03-05,10917.6,10919.25,10915.3,10916.75,12:50:00,10900.75552411798,1,44
2019-03-05,10917.75,10918.1,10911.7,10917.2,12:55:00,10902.374045630551,1,45
2019-03-05,10915.45,10921.0,10914.35,10917.05,13:00:00,10903.61937461812,1,46
2019-03-05,10913.7,10917.6,10912.2,10915.1,13:05:00,10904.579434178298,1,47
2019-03-05,10912.2,10918.55,10910.75,10913.75,13:10:00,10905.305202351794,1,48
2019-03-05,10915.8,10915.95,10908.0,10911.6,13:15:00,10906.30470688972,1,49
2019-03-05,10930.4,10931.45,10915.45,10915.5,13:20:00,10908.599496709749,1,50
2019-03-05,10929.7,10933.6,10929.15,10931.8,13:25:00,10910.609068451677,1,51
2019-03-05,10923.7,10932.25,10923.3,10930.6,13:30:00,10911.85582383723,1,52
2019-03-05,10923.2,10925.0,10921.45,10923.4,13:35:00,10912.93622156702,1,53
2019-03-05,10932.45,10933.15,10922.3,10923.0,13:40:00,10914.794676655874,1,54
2019-03-05,10927.4,10935.95,10926.85,10932.25,13:45:00,10915.99518364103,1,55
2019-03-05,10932.85,10934.0,10927.0,10927.2,13:50:00,10917.600404246648,1,56
2019-03-05,10932.1,10935.35,10929.4,10933.0,13:55:00,10918.98131812792,1,57
2019-03-05,10934.45,10936.95,10930.5,10931.85,14:00:00,10920.45452592526,1,58
2019-03-05,10932.45,10935.15,10929.4,10934.6,14:05:00,10921.596952027616,1,59
2019-03-05,10928.05,10933.7,10925.65,10932.15,14:10:00,10922.211528024984,1,60
2019-03-05,10939.9,10942.05,10927.35,10927.95,14:15:00,10923.896144403558,1,61
2019-03-05,10942.55,10946.25,10938.85,10939.25,14:20:00,10925.67270207941,1,62
2019-03-05,10949.55,10951.55,10942.3,10942.4,14:25:00,10927.9467304528,1,63
2019-03-05,10952.3,10956.55,10949.6,10949.65,14:30:00,10930.266089457296,1,64
2019-03-05,10964.05,10966.75,10952.2,10952.2,14:35:00,10933.483604747074,1,65
2019-03-05,10973.5,10975.45,10964.1,10964.2,14:40:00,10937.294690009256,1,66
2019-03-05,10974.35,10976.3,10969.65,10973.55,14:45:00,10940.823767151232,1,67
2019-03-05,10970.4,10978.55,10967.75,10974.5,14:50:00,10943.640551232069,1,68
2019-03-05,10982.95,10984.95,10968.75,10969.35,14:55:00,10947.384308257584,1,69
2019-03-05,10977.4,10987.9,10976.25,10985.35,15:00:00,10950.242945566386,1,70
2019-03-05,10982.45,10988.4,10977.6,10977.6,15:05:00,10953.310284083876,1,71
2019-03-05,10986.2,10990.3,10981.85,10982.75,15:10:00,10956.44263798065,1,72
2019-03-05,10991.5,10993.5,10985.8,10986.1,15:15:00,10959.781434363444,1,73
2019-03-05,10990.25,10994.9,10988.6,10991.2,15:20:00,10962.683202519309,1,74
2019-03-05,10985.7,10990.75,10985.15,10989.95,15:25:00,10964.87527846985,1,75
2019-03-06,11026.0,11037.95,11021.6,11023.05,09:15:00,10970.69668052034,2,1
2019-03-06,11040.4,11042.15,11023.35,11025.55,09:20:00,10977.335091899356,2,2
2019-03-06,11047.25,11051.25,11038.35,11040.9,09:25:00,10983.993654575608,2,3
2019-03-06,11031.45,11052.45,11028.5,11047.2,09:30:00,10988.513306520788,2,4
2019-03-06,11036.35,11037.4,11028.5,11031.65,09:35:00,10993.069182090238,2,5
2019-03-06,11030.35,11036.8,11029.35,11035.4,09:40:00,10996.61973617688,2,6
2019-03-06,11027.55,11034.75,11025.1,11030.25,09:45:00,10999.565475588606,2,7
2019-03-06,11033.7,11036.85,11026.7,11027.6,09:50:00,11002.816382675406,2,8
2019-03-06,11042.2,11042.2,11032.65,11033.8,09:55:00,11006.567203372986,2,9
2019-03-06,11037.65,11042.9,11036.3,11042.1,10:00:00,11009.527469718416,2,10
2019-03-06,11038.45,11043.8,11037.5,11037.9,10:05:00,11012.2819964119,2,11
2019-03-06,11031.85,11039.55,11030.2,11038.1,10:10:00,11014.145615801242,2,12
2019-03-06,11014.3,11037.35,11014.3,11031.6,10:15:00,11014.160319058268,2,13
2019-03-06,11001.65,11017.65,10998.85,11015.25,10:20:00,11012.968860100338,2,14
2019-03-06,11019.05,11020.0,11001.35,11002.1,10:25:00,11013.548016281258,2,15
2019-03-06,11013.9,11019.4,11013.05,11018.7,10:30:00,11013.581538540187,2,16
2019-03-06,11023.4,11025.7,11014.05,11014.25,10:35:00,11014.51663010779,2,17
2019-03-06,11025.0,11026.4,11022.35,11022.95,10:40:00,11015.515046288,2,18
2019-03-06,11025.4,11026.35,11021.65,11025.3,10:45:00,11016.456470451049,2,19
2019-03-06,11033.3,11035.55,11025.25,11025.25,10:50:00,11018.060616122377,2,20
2019-03-06,11033.1,11035.55,11028.7,11032.8,10:55:00,11019.492938396435,2,21
2019-03-06,11033.35,11036.5,11032.25,11032.95,11:00:00,11020.812658549155,2,22
2019-03-06,11033.35,11035.9,11032.5,11033.75,11:05:00,11022.006691068284,2,23
2019-03-06,11034.1,11034.6,11028.05,11032.75,11:10:00,11023.158434776064,2,24
2019-03-06,11031.55,11034.2,11030.1,11034.15,11:15:00,11023.95763146406,2,25
2019-03-06,11033.85,11035.9,11030.1,11031.8,11:20:00,11024.899761800816,2,26
2019-03-06,11035.4,11035.95,11031.3,11033.75,11:25:00,11025.899784486452,2,27
2019-03-06,11039.5,11040.9,11034.4,11035.15,11:30:00,11027.19504310679,2,28
2019-03-06,11040.4,11044.5,11039.15,11039.2,11:35:00,11028.452658049002,2,29
2019-03-06,11037.9,11042.9,11037.05,11039.9,11:40:00,11029.352404901478,2,30
2019-03-06,11035.35,11038.0,11032.05,11037.75,11:45:00,11029.92360443467,2,31
2019-03-06,11036.05,11036.7,11031.05,11034.65,11:50:00,11030.507070678988,2,32
2019-03-06,11037.75,11041.9,11035.1,11035.35,11:55:00,11031.196873471465,2,33
2019-03-06,11039.8,11041.9,11036.25,11037.85,12:00:00,11032.016218855137,2,34
2019-03-06,11038.95,11041.4,11036.3,11040.05,12:05:00,11032.67657896417,2,35
2019-03-06,11038.6,11042.75,11038.1,11038.5,12:10:00,11033.240714300917,2,36
2019-03-06,11044.45,11045.3,11037.85,11038.65,12:15:00,11034.308265319876,2,37
2019-03-06,11044.2,11044.55,11041.6,11044.4,12:20:00,11035.250335289413,2,38
2019-03-06,11046.65,11049.25,11042.9,11044.0,12:25:00,11036.336017642803,2,39
2019-03-06,11042.3,11047.3,11040.55,11046.55,12:30:00,11036.904015962537,2,40
2019-03-06,11044.65,11044.95,11041.4,11041.5,12:35:00,11037.64172872801,2,41
2019-03-06,11047.55,11049.65,11043.6,11043.65,12:40:00,11038.585373611057,2,42
2019-03-06,11046.65,11051.25,11045.95,11047.75,12:45:00,11039.353433267144,2,43
2019-03-06,11041.7,11048.85,11041.5,11046.45,12:50:00,11039.576915813132,2,44
2019-03-06,11033.3,11042.15,11029.5,11041.4,12:55:00,11038.979114307118,2,45
2019-03-06,11027.7,11034.0,11024.35,11033.15,13:00:00,11037.904912944536,2,46
2019-03-06,11037.65,11037.65,11028.15,11028.15,13:05:00,11037.880635521247,2,47
2019-03-06,11045.45,11046.05,11036.9,11037.6,13:10:00,11038.601527376368,2,48
2019-03-06,11039.55,11045.85,11037.4,11045.4,13:15:00,11038.691858102427,2,49
2019-03-06,11031.05,11043.7,11028.5,11040.2,13:20:00,11037.964062092671,2,50
2019-03-06,11024.7,11031.75,11023.95,11031.35,13:25:00,11036.700818083847,2,51
2019-03-06,11023.55,11028.6,11017.8,11024.6,13:30:00,11035.44835921872,2,52
2019-03-06,11029.65,11029.75,11018.75,11023.6,13:35:00,11034.896134531224,2,53
2019-03-06,11033.65,11038.0,11030.0,11030.0,13:40:00,11034.77745505206,2,54
2019-03-06,11028.15,11035.15,11026.45,11034.1,13:45:00,11034.146268856624,2,55
2019-03-06,11015.7,11028.1,11012.35,11028.1,13:50:00,11032.38948134647,2,56
2019-03-06,11025.45,11026.75,11015.1,11015.8,13:55:00,11031.728578361091,2,57
2019-03-06,11025.45,11029.45,11023.05,11025.5,14:00:00,11031.130618517178,2,58
2019-03-06,11027.95,11035.2,11021.2,11025.55,14:05:00,11030.827702467925,2,59
2019-03-06,11031.75,11035.5,11026.35,11028.85,14:10:00,11030.91554032812,2,60
2019-03-06,11034.1,11035.9,11031.2,11031.7,14:15:00,11031.218822201632,2,61
2019-03-06,11037.95,11040.95,11033.5,11035.15,14:20:00,11031.85988675386,2,62
2019-03-06,11045.25,11047.25,11036.55,11039.15,14:25:00,11033.135135634442,2,63
2019-03-06,11048.6,11052.65,11045.15,11046.05,14:30:00,11034.607979859731,2,64
2019-03-06,11038.6,11056.15,11038.6,11049.55,14:35:00,11034.988172254043,2,65
2019-03-06,11041.25,11041.95,11029.2,11038.8,14:40:00,11035.584536801276,2,66
2019-03-06,11047.1,11048.85,11042.15,11042.15,14:45:00,11036.681247582108,2,67
2019-03-06,11046.5,11049.1,11043.8,11047.8,14:50:00,11037.616366860002,2,68
2019-03-06,11045.45,11050.3,11044.05,11047.1,14:55:00,11038.36242715905,2,69
2019-03-06,11059.45,11062.3,11045.35,11045.35,15:00:00,11040.370767429617,2,70
2019-03-06,11052.95,11061.0,11049.95,11060.3,15:05:00,11041.568789579176,2,71
2019-03-06,11051.2,11055.25,11048.45,11053.6,15:10:00,11042.486047714492,2,72
2019-03-06,11048.75,11051.55,11043.2,11050.65,15:15:00,11043.082614598829,2,73
2019-03-06,11056.9,11059.05,11048.5,11048.5,15:20:00,11044.398556065604,2,74
2019-03-06,11049.1,11058.3,11047.4,11057.3,15:25:00,11044.846312630783,2,75
2019-03-07,11060.8,11068.5,11054.0,11068.5,09:15:00,11046.36571142785,3,1
2019-03-07,11055.15,11061.15,11044.45,11060.15,09:20:00,11047.202310339484,3,2
2019-03-07,11062.05,11065.65,11053.25,11053.25,09:25:00,11048.616376021437,3,3
2019-03-07,11060.95,11064.35,11057.7,11061.15,09:30:00,11049.791006876538,3,4
2019-03-07,11052.05,11060.55,11051.05,11059.95,09:35:00,11050.006149078774,3,5
2019-03-07,11055.35,11055.85,11049.3,11051.65,09:40:00,11050.515087261749,3,6
2019-03-07,11062.15,11062.45,11053.85,11054.9,09:45:00,11051.6231741892,3,7
2019-03-07,11054.1,11062.2,11052.05,11062.05,09:50:00,11051.859062361656,3,8
2019-03-07,11053.35,11056.75,11051.7,11053.85,09:55:00,11052.001056422452,3,9
2019-03-07,11052.2,11052.9,11046.1,11052.9,10:00:00,11052.020003429838,3,10
2019-03-07,11053.9,11059.4,11052.45,11052.45,10:05:00,11052.199050722234,3,11
2019-03-07,11058.9,11060.9,11051.65,11053.2,10:10:00,11052.837236367735,3,12
2019-03-07,11061.0,11066.8,11059.35,11059.75,10:15:00,11053.614642427952,3,13
2019-03-07,11061.4,11065.1,11060.35,11060.95,10:20:00,11054.356105053865,3,14
2019-03-07,11060.0,11061.25,11057.1,11061.0,10:25:00,11054.893618858256,3,15
2019-03-07,11065.8,11066.35,11059.45,11060.05,10:30:00,11055.932321824135,3,16
2019-03-07,11063.95,11067.55,11061.45,11065.95,10:35:00,11056.69591022184,3,17
2019-03-07,11068.95,11069.4,11061.95,11064.0,10:40:00,11057.862966391189,3,18
2019-03-07,11064.8,11070.3,11064.75,11069.9,10:45:00,11058.523636258697,3,19
2019-03-07,11057.75,11065.7,11057.65,11064.95,10:50:00,11058.44995661501,3,20
2019-03-07,11054.45,11057.65,11051.45,11057.65,10:55:00,11058.06900836596,3,21
2019-03-07,11050.25,11055.55,11047.7,11053.7,11:00:00,11057.324340902536,3,22
2019-03-07,11043.4,11050.7,11040.65,11050.0,11:05:00,11055.998213197532,3,23
2019-03-07,11040.5,11043.85,11038.35,11043.25,11:10:00,11054.522192893006,3,24
2019-03-07,11045.3,11048.9,11040.45,11040.65,11:15:00,11053.643888807956,3,25
2019-03-07,11049.3,11050.2,11044.95,11045.4,11:20:00,11053.230185111965,3,26
2019-03-07,11047.0,11050.55,11046.55,11048.8,11:25:00,11052.63683414892,3,27
2019-03-07,11050.85,11050.85,11046.4,11047.1,11:30:00,11052.466659468071,3,28
2019-03-07,11055.35,11055.45,11050.15,11050.6,11:35:00,11052.741263328257,3,29
2019-03-07,11053.15,11055.45,11050.8,11055.45,11:40:00,11052.780190630325,3,30
2019-03-07,11056.2,11056.9,11052.35,11053.3,11:45:00,11053.10588676077,3,31
2019-03-07,11053.35,11056.3,11051.8,11056.15,11:50:00,11053.129135640698,3,32
2019-03-07,11051.2,11053.85,11048.55,11053.4,11:55:00,11052.945408436824,3,33
2019-03-07,11051.8,11054.05,11049.05,11050.7,12:00:00,11052.836321919029,3,34
2019-03-07,11049.45,11052.6,11049.45,11051.55,12:05:00,11052.513815069598,3,35
2019-03-07,11049.95,11052.7,11048.35,11049.35,12:10:00,11052.269642205829,3,36
2019-03-07,11043.65,11050.3,11042.8,11049.85,12:15:00,11051.44872390051,3,37
2019-03-07,11038.05,11043.9,11037.1,11043.9,12:20:00,11050.172654957603,3,38
2019-03-07,11046.1,11050.3,11037.85,11037.85,12:25:00,11049.78478305688,3,39
2019-03-07,11040.0,11048.05,11038.9,11046.15,12:30:00,11048.852898956226,3,40
2019-03-07,11034.15,11042.5,11034.15,11040.2,12:35:00,11047.452622865156,3,41
2019-03-07,11032.3,11037.15,11031.8,11034.1,12:40:00,11046.009515925616,3,42
2019-03-07,11035.7,11037.3,11030.75,11032.0,12:45:00,11045.027657266031,3,43
2019-03-07,11028.15,11036.7,11027.1,11036.0,12:50:00,11043.420261335934,3,44
2019-03-07,11035.35,11035.6,11027.8,11028.0,12:55:00,11042.651665018226,3,45
2019-03-07,11037.6,11038.55,11034.95,11035.65,13:00:00,11042.17055406411,3,46
2019-03-07,11042.35,11042.85,11036.85,11037.75,13:05:00,11042.187644153242,3,47
2019-03-07,11041.05,11044.1,11035.5,11042.6,13:10:00,11042.079297091028,3,48
2019-03-07,11041.9,11043.7,11038.75,11041.2,13:15:00,11042.062221177595,3,49
2019-03-07,11038.85,11047.35,11038.75,11041.3,13:20:00,11041.75629535116,3,50
2019-03-07,11038.4,11042.55,11038.05,11039.35,13:25:00,11041.436648174858,3,51
2019-03-07,11049.85,11050.05,11038.25,11038.5,13:30:00,11042.237919777252,3,52
2019-03-07,11060.05,11062.0,11049.55,11049.55,13:35:00,11043.934308369897,3,53
2019-03-07,11067.95,11069.8,11059.1,11060.1,13:40:00,11046.221517096574,3,54
2019-03-07,11063.6,11074.05,11063.25,11068.35,13:45:00,11047.876610706424,3,55
2019-03-07,11063.35,11064.4,11059.7,11062.95,13:50:00,11049.35026682962,3,56
2019-03-07,11066.15,11069.2,11063.45,11063.45,13:55:00,11050.950241417277,3,57
2019-03-07,11072.8,11073.25,11063.05,11066.0,14:00:00,11053.031170806104,3,58
2019-03-07,11072.5,11073.5,11068.85,11073.3,14:05:00,11054.885345015047,3,59
2019-03-07,11078.45,11081.0,11072.2,11073.5,14:10:00,11057.12959787076,3,60
2019-03-07,11079.85,11086.4,11077.75,11078.5,14:15:00,11059.293445692592,3,61
2019-03-07,11075.6,11080.3,11073.7,11080.3,14:20:00,11060.846450864728,3,62
2019-03-07,11080.85,11081.05,11073.6,11077.2,14:25:00,11062.75155078237,3,63
2019-03-07,11086.7,11089.05,11081.25,11081.7,14:30:00,11065.032355469764,3,64
2019-03-07,11084.65,11087.85,11079.8,11086.5,14:35:00,11066.900702567882,3,65
2019-03-07,11079.5,11086.2,11078.85,11085.2,14:40:00,11068.100635656654,3,66
2019-03-07,11078.85,11083.6,11078.8,11080.0,14:45:00,11069.124384641736,3,67
2019-03-07,11072.6,11079.55,11067.9,11079.2,14:50:00,11069.455395628236,3,68
2019-03-07,11072.7,11074.85,11071.1,11074.1,14:55:00,11069.764405568403,3,69
2019-03-07,11065.4,11078.7,11065.1,11072.75,15:00:00,11069.348747895225,3,70
2019-03-07,11057.25,11065.95,11056.25,11065.1,15:05:00,11068.196486190916,3,71
2019-03-07,11057.3,11060.45,11053.3,11058.1,15:10:00,11067.158725601304,3,72
2019-03-07,11050.3,11057.75,11048.8,11057.75,15:15:00,11065.553132686897,3,73
2019-03-07,11060.5,11060.9,11050.5,11050.75,15:20:00,11065.07188195481,3,74
2019-03-07,11053.05,11061.35,11050.85,11060.75,15:25:00,11063.926940816256,3,75
2019-03-08,11044.95,11045.4,11015.3,11038.2,09:15:00,11062.119613119468,4,1
2019-03-08,11030.1,11045.6,11026.9,11044.2,09:20:00,11059.07012615571,4,2
2019-03-08,11038.05,11040.25,11029.45,11029.6,09:25:00,11057.068209378976,4,3
2019-03-08,11045.75,11048.0,11035.75,11037.4,09:30:00,11055.990284676218,4,4
2019-03-08,11035.5,11046.75,11035.5,11046.05,09:35:00,11054.038828992769,4,5
2019-03-08,11022.1,11036.05,11019.25,11035.2,09:40:00,11050.997035755365,4,6
2019-03-08,11029.3,11032.6,11021.1,11022.15,09:45:00,11048.930651397708,4,7
2019-03-08,11018.05,11031.9,11017.7,11028.75,09:50:00,11045.989636978878,4,8
2019-03-08,11014.6,11018.5,11009.8,11016.85,09:55:00,11043.000147742794,4,9
2019-03-08,11012.5,11018.95,11009.6,11015.15,10:00:00,11040.09537176729,4,10
2019-03-08,11027.7,11028.75,11012.35,11012.85,10:05:00,11038.914860170404,4,11
2019-03-08,11027.05,11029.85,11023.8,11027.3,10:10:00,11037.784873487508,4,12
2019-03-08,11027.35,11029.45,11022.3,11027.15,10:15:00,11036.791076012509,4,13
2019-03-08,11032.2,11035.1,11025.95,11027.5,10:20:00,11036.35383067798,4,14
2019-03-08,11027.2,11033.4,11026.7,11031.65,10:25:00,11035.48203728008,4,15
2019-03-08,11028.15,11030.6,11022.7,11027.1,10:30:00,11034.783748015308,4,16
2019-03-08,11028.55,11030.8,11026.95,11027.75,10:35:00,11034.190057728138,4,17
2019-03-08,11024.55,11028.9,11023.65,11028.4,10:40:00,11033.271956992125,4,18
2019-03-08,11020.85,11024.95,11020.5,11024.95,10:45:00,11032.088913469066,4,19
2019-03-08,11023.0,11024.1,11019.4,11020.95,10:50:00,11031.223302662487,4,20
2019-03-08,11026.5,11026.5,11019.7,11023.2,10:55:00,11030.77346431368,4,21
2019-03-08,11029.5,11031.75,11024.45,11026.65,11:00:00,11030.652181998092,4,22
2019-03-08,11023.95,11031.4,11023.95,11029.65,11:05:00,11030.013878950656,4,23
2019-03-08,11025.8,11026.6,11023.15,11024.1,11:10:00,11029.612557145829,4,24
2019-03-08,11029.35,11030.2,11024.8,11025.85,11:15:00,11029.58755170337,4,25
2019-03-08,11037.5,11037.7,11027.85,11029.0,11:20:00,11030.341118207809,4,26
2019-03-08,11042.95,11043.2,11036.2,11037.15,11:25:00,11031.54196409278,4,27
2019-03-08,11046.85,11049.0,11043.0,11043.25,11:30:00,11032.99987227442,4,28
2019-03-08,11039.35,11047.95,11038.55,11046.7,11:35:00,11033.604646343523,4,29
2019-03-08,11040.0,11040.85,11035.85,11039.2,11:40:00,11034.21372764414,4,30
2019-03-08,11036.25,11040.1,11032.6,11040.1,11:45:00,11034.4076583447,4,31
2019-03-08,11035.9,11037.1,11034.55,11036.1,11:50:00,11034.549786121392,4,32
2019-03-08,11033.1,11036.8,11030.85,11036.1,11:55:00,11034.41171125269,4,33
2019-03-08,11034.5,11034.65,11028.2,11033.2,12:00:00,11034.420119704811,4,34
2019-03-08,11035.25,11035.35,11031.8,11034.35,12:05:00,11034.499155923402,4,35
2019-03-08,11041.85,11042.0,11034.35,11035.2,12:10:00,11035.19923631165,4,36
2019-03-08,11035.7,11042.75,11035.0,11042.55,12:15:00,11035.246928091492,4,37
2019-03-08,11035.3,11039.35,11030.75,11036.55,12:20:00,11035.25198255897,4,38
2019-03-08,11033.7,11038.2,11032.15,11036.3,12:25:00,11035.104174696213,4,39
2019-03-08,11034.75,11036.75,11033.25,11034.55,12:30:00,11035.070443772762,4,40
2019-03-08,11020.45,11035.45,11018.9,11034.9,12:35:00,11033.678020556308,4,41
2019-03-08,11016.75,11022.4,11016.0,11020.8,12:40:00,11032.065828122377,4,42
2019-03-08,11016.85,11017.35,11008.95,11016.65,12:45:00,11030.61670163453,4,43
2019-03-08,11020.15,11021.0,11016.45,11017.1,12:50:00,11029.619872907431,4,44
2019-03-08,11015.7,11020.55,11014.65,11020.4,12:55:00,11028.29417072577,4,45
2019-03-08,11020.95,11022.0,11010.1,11015.4,13:00:00,11027.594725894744,4,46
2019-03-08,11021.8,11024.3,11021.0,11021.05,13:05:00,11027.042847238105,4,47
2019-03-08,11018.7,11021.7,11017.8,11021.6,13:10:00,11026.248290358282,4,48
2019-03-08,11018.85,11023.35,11017.8,11018.8,13:15:00,11025.54369127654,4,49
2019-03-08,11013.2,11020.0,11011.25,11019.6,13:20:00,11024.368101631157,4,50
2019-03-08,11013.8,11015.6,11011.15,11013.1,13:25:00,11023.36161576152,4,51
2019-03-08,11017.85,11019.15,11013.75,11014.0,13:30:00,11022.836699974709,4,52
2019-03-08,11025.5,11025.5,11018.1,11018.2,13:35:00,11023.090347596164,4,53
2019-03-08,11019.2,11026.55,11017.5,11026.05,13:40:00,11022.719838301293,4,54
2019-03-08,11020.0,11022.0,11014.35,11019.55,13:45:00,11022.46080608212,4,55
2019-03-08,11021.25,11024.2,11018.8,11020.1,13:50:00,11022.345491217156,4,56
2019-03-08,11016.35,11023.4,11013.15,11021.35,13:55:00,11021.774492053615,4,57
2019-03-08,11014.75,11020.7,11014.0,11017.5,14:00:00,11021.105492810417,4,58
2019-03-08,11025.35,11026.8,11015.55,11016.5,14:05:00,11021.509731590377,4,59
2019-03-08,11026.7,11031.95,11024.0,11026.05,14:10:00,11022.004042867482,4,60
2019-03-08,11023.55,11028.2,11019.95,11027.1,14:15:00,11022.151276880102,4,61
2019-03-08,11022.6,11031.0,11021.45,11024.8,14:20:00,11022.19401241533,4,62
2019-03-08,11021.8,11027.2,11019.25,11024.3,14:25:00,11022.156487423392,4,63
2019-03-08,11030.2,11036.15,11022.55,11023.4,14:30:00,11022.922536240212,4,64
2019-03-08,11036.4,11039.7,11031.45,11031.45,14:35:00,11024.206104217335,4,65
2019-03-08,11037.65,11042.85,11034.8,11037.1,14:40:00,11025.486475244255,4,66
2019-03-08,11033.0,11041.25,11031.85,11038.8,14:45:00,11026.20204903052,4,67
2019-03-08,11028.8,11036.55,11028.6,11034.45,14:50:00,11026.449472932374,4,68
2019-03-08,11023.85,11033.8,11023.65,11029.55,14:55:00,11026.201904081672,4,69
2019-03-08,11035.15,11035.8,11024.85,11024.85,15:00:00,11027.054103692944,4,70
2019-03-08,11035.95,11037.2,11031.85,11036.55,15:05:00,11027.901331912662,4,71
2019-03-08,11036.95,11037.4,11029.7,11036.8,15:10:00,11028.763109825744,4,72
2019-03-08,11038.75,11041.75,11035.15,11036.65,15:15:00,11029.71424222329,4,73
2019-03-08,11037.3,11038.9,11034.4,11038.6,15:20:00,11030.43669534488,4,74
2019-03-08,11036.6,11041.6,11035.1,11037.05,15:25:00,11031.023676740606,4,75
2019-03-11,11105.1,11106.0,11060.9,11069.4,09:15:00,11038.078564670072,0,1
2019-03-11,11111.9,11117.95,11104.1,11104.1,09:20:00,11045.109177558636,0,2
2019-03-11,11108.85,11114.45,11106.25,11112.15,09:25:00,11051.179732076862,0,3
2019-03-11,11113.0,11118.85,11109.0,11109.0,09:30:00,11057.06737664097,0,4
2019-03-11,11127.3,11129.2,11113.15,11113.15,09:35:00,11063.75619791326,0,5
2019-03-11,11124.95,11128.6,11121.95,11126.65,09:40:00,11069.584179064375,0,6
2019-03-11,11129.35,11132.3,11124.05,11125.05,09:45:00,11075.276162010628,0,7
2019-03-11,11132.55,11136.0,11128.75,11129.7,09:50:00,11080.730813247712,0,8
2019-03-11,11128.0,11132.25,11125.25,11132.0,09:55:00,11085.232640557451,0,9
2019-03-11,11136.2,11136.9,11128.05,11128.05,10:00:00,11090.086674790076,0,10
2019-03-11,11135.75,11139.25,11132.45,11136.45,10:05:00,11094.435562905306,0,11
2019-03-11,11132.45,11139.35,11131.7,11135.95,10:10:00,11098.055985485753,0,12
2019-03-11,11131.75,11134.8,11130.6,11133.1,10:15:00,11101.264939249017,0,13
2019-03-11,11137.2,11137.3,11130.35,11132.05,10:20:00,11104.687325987205,0,14
2019-03-11,11137.15,11138.5,11133.65,11137.15,10:25:00,11107.779009226517,0,15
2019-03-11,11134.0,11138.45,11134.0,11137.85,10:30:00,11110.27624644304,0,16
2019-03-11,11136.5,11136.5,11131.6,11133.8,10:35:00,11112.7737467818,0,17
2019-03-11,11132.8,11136.9,11130.25,11136.45,10:40:00,11114.681008993057,0,18
2019-03-11,11133.6,11137.85,11131.7,11133.25,10:45:00,11116.482817660384,0,19
2019-03-11,11135.7,11136.45,11132.15,11133.7,10:50:00,11118.313025502252,0,20
2019-03-11,11139.35,11140.5,11134.05,11135.9,10:55:00,11120.31654688299,0,21
2019-03-11,11141.45,11144.3,11138.5,11139.8,11:00:00,11122.32925670366,0,22
2019-03-11,11143.85,11146.3,11140.95,11141.4,11:05:00,11124.37885130331,0,23
2019-03-11,11142.15,11145.25,11142.15,11143.6,11:10:00,11126.071341655375,0,24
2019-03-11,11141.65,11143.4,11140.85,11142.55,11:15:00,11127.555023402483,0,25
2019-03-11,11141.3,11142.9,11139.4,11141.95,11:20:00,11128.864068792722,0,26
2019-03-11,11144.3,11145.35,11140.25,11141.5,11:25:00,11130.33415747913,0,27
2019-03-11,11145.4,11149.0,11144.85,11145.4,11:30:00,11131.768999623975,0,28
2019-03-11,11142.15,11146.85,11142.15,11145.85,11:35:00,11132.757666326454,0,29
2019-03-11,11145.55,11147.15,11141.95,11141.95,11:40:00,11133.975983819171,0,30
2019-03-11,11143.25,11146.4,11143.05,11145.9,11:45:00,11134.859223455442,0,31
2019-03-11,11146.55,11147.35,11143.5,11143.65,11:50:00,11135.9726307454,0,32
2019-03-11,11147.35,11149.55,11145.95,11146.85,11:55:00,11137.056189722029,0,33
2019-03-11,11145.45,11148.25,11145.4,11147.05,12:00:00,11137.855600224691,0,34
2019-03-11,11144.8,11146.4,11142.3,11145.55,12:05:00,11138.516971631863,0,35
2019-03-11,11146.4,11147.4,11144.1,11145.4,12:10:00,11139.267736238357,0,36
2019-03-11,11142.7,11147.3,11142.7,11146.75,12:15:00,11139.594618501367,0,37
2019-03-11,11143.75,11146.25,11141.3,11143.1,12:20:00,11139.990369120284,0,38
2019-03-11,11146.65,11147.15,11143.9,11144.25,12:25:00,11140.62461968026,0,39
2019-03-11,11143.1,11148.15,11142.35,11147.6,12:30:00,11140.8603701869,0,40
2019-03-11,11143.45,11145.4,11142.35,11143.55,12:35:00,11141.107001597671,0,41
2019-03-11,11147.05,11147.65,11143.3,11144.05,12:40:00,11141.673001445512,0,42
2019-03-11,11143.6,11148.6,11142.7,11147.0,12:45:00,11141.85652511737,0,43
2019-03-11,11147.5,11148.85,11142.45,11143.7,12:50:00,11142.393998915715,0,44
2019-03-11,11145.85,11148.55,11144.7,11147.0,12:55:00,11142.723141876124,0,45
2019-03-11,11142.0,11146.2,11141.2,11145.9,13:00:00,11142.654271221254,0,46
2019-03-11,11144.4,11146.1,11141.15,11143.15,13:05:00,11142.820531104944,0,47
2019-03-11,11153.55,11153.55,11144.0,11144.25,13:10:00,11143.842385285428,0,48
2019-03-11,11151.35,11156.9,11151.35,11153.1,13:15:00,11144.557396210625,0,49
2019-03-11,11157.55,11157.95,11152.0,11152.0,13:20:00,11145.794787047707,0,50
2019-03-11,11160.75,11162.25,11157.25,11158.15,13:25:00,11147.219093043164,0,51
2019-03-11,11158.45,11161.15,11157.35,11161.0,13:30:00,11148.28870322953,0,52
2019-03-11,11168.45,11169.45,11157.75,11158.5,13:35:00,11150.20882673148,0,53
2019-03-11,11162.9,11168.65,11160.5,11168.65,13:40:00,11151.41750989991,0,54
2019-03-11,11149.15,11163.8,11146.25,11163.25,13:45:00,11151.201556576108,0,55
2019-03-11,11155.6,11157.95,11149.3,11149.75,13:50:00,11151.620455949813,0,56
2019-03-11,11151.55,11156.45,11147.9,11156.25,13:55:00,11151.613745859351,0,57
2019-03-11,11149.3,11152.8,11146.8,11152.1,14:00:00,11151.393389110845,0,58
2019-03-11,11149.4,11152.95,11147.85,11149.8,14:05:00,11151.20354252886,0,59
2019-03-11,11142.25,11150.45,11141.85,11149.85,14:10:00,11150.350824192778,0,60
2019-03-11,11152.75,11154.25,11138.8,11142.7,14:15:00,11150.579317126798,0,61
2019-03-11,11160.2,11161.7,11153.9,11153.9,14:20:00,11151.49557263853,0,62
2019-03-11,11158.55,11166.95,11158.45,11160.35,14:25:00,11152.167422863433,0,63
2019-03-11,11165.45,11165.65,11157.4,11158.8,14:30:00,11153.432430209772,0,64
2019-03-11,11164.0,11168.25,11163.2,11165.65,14:35:00,11154.43886542789,0,65
2019-03-11,11166.75,11170.75,11163.9,11163.9,14:40:00,11155.611354434755,0,66
2019-03-11,11163.55,11169.25,11163.45,11166.45,14:45:00,11156.36741591716,0,67
2019-03-11,11163.95,11165.15,11159.15,11164.95,14:50:00,11157.089566782191,0,68
2019-03-11,11170.25,11171.5,11163.7,11163.7,14:55:00,11158.342941374363,0,69
2019-03-11,11165.6,11173.35,11164.6,11170.0,15:00:00,11159.034089814902,0,70
2019-03-11,11162.35,11167.85,11161.9,11165.0,15:05:00,11159.349890784912,0,71
2019-03-11,11168.85,11168.85,11160.25,11163.05,15:10:00,11160.254663091113,0,72
2019-03-11,11173.8,11175.0,11164.8,11168.9,15:15:00,11161.544695177672,0,73
2019-03-11,11174.7,11175.5,11167.7,11174.35,15:20:00,11162.797581351228,0,74
2019-03-11,11175.85,11180.9,11172.3,11174.1,15:25:00,11164.040668841588,0,75
2019-03-12,11249.45,11256.35,11227.0,11227.85,09:15:00,11172.174890856675,1,1
2019-03-12,11254.4,11256.85,11247.0,11250.25,09:20:00,11180.00585363223,1,2
2019-03-12,11254.8,11256.2,11249.75,11254.6,09:25:00,11187.129105667256,1,3
2019-03-12,11256.7,11257.7,11251.65,11253.85,09:30:00,11193.754905127516,1,4
2019-03-12,11266.5,11267.4,11255.65,11256.6,09:35:00,11200.683009401086,1,5
2019-03-12,11266.7,11270.25,11265.1,11266.3,09:40:00,11206.970341839078,1,6
2019-03-12,11268.1,11270.55,11265.25,11266.15,09:45:00,11212.79221404488,1,7
2019-03-12,11259.55,11267.35,11257.4,11267.35,09:50:00,11217.245336516797,1,8
2019-03-12,11258.95,11263.45,11257.95,11259.6,09:55:00,11221.217209229482,1,9
2019-03-12,11262.95,11264.75,11258.2,11258.8,10:00:00,11225.191760731435,1,10
2019-03-12,11271.15,11271.8,11262.35,11263.0,10:05:00,11229.56873589987,1,11
2019-03-12,11279.95,11280.3,11269.8,11270.95,10:10:00,11234.366951528453,1,12
2019-03-12,11279.5,11282.5,11276.05,11280.4,10:15:00,11238.665337097173,1,13
2019-03-12,11285.4,11286.75,11276.95,11279.2,10:20:00,11243.116257373633,1,14
2019-03-12,11284.3,11285.4,11281.25,11285.35,10:25:00,11247.03851857614,1,15
2019-03-12,11288.25,11290.45,11282.55,11284.35,10:30:00,11250.96342156889,1,16
2019-03-12,11299.1,11299.4,11287.2,11288.55,10:35:00,11255.547857609949,1,17
2019-03-12,11302.05,11305.0,11296.85,11298.85,10:40:00,11259.976633075668,1,18
2019-03-12,11295.85,11302.15,11294.6,11301.75,10:45:00,11263.39314421132,1,19
2019-03-12,11298.05,11298.05,11289.95,11295.55,10:50:00,11266.693797143576,1,20
2019-03-12,11297.5,11301.55,11297.0,11298.2,10:55:00,11269.62772122514,1,21
2019-03-12,11295.95,11299.15,11292.75,11296.85,11:00:00,11272.134604917985,1,22
2019-03-12,11296.6,11299.3,11295.5,11296.15,11:05:00,11274.464642544845,1,23
2019-03-12,11297.95,11298.75,11293.1,11297.05,11:10:00,11276.701343254856,1,24
2019-03-12,11290.25,11299.65,11289.35,11298.3,11:15:00,11277.9916915163,1,25
2019-03-12,11287.5,11290.8,11283.45,11290.8,11:20:00,11278.897244705224,1,26
2019-03-12,11288.1,11288.55,11285.5,11287.3,11:25:00,11279.77369759044,1,27
2019-03-12,11293.5,11294.9,11287.6,11287.95,11:30:00,11281.080964486588,1,28
2019-03-12,11294.1,11295.5,11290.75,11293.3,11:35:00,11282.320872630722,1,29
2019-03-12,11289.7,11294.05,11287.6,11294.05,11:40:00,11283.023646665892,1,30
2019-03-12,11287.1,11290.0,11286.8,11289.9,11:45:00,11283.41187079295,1,31
2019-03-12,11277.7,11287.45,11276.1,11287.35,11:50:00,11282.867883098384,1,32
2019-03-12,11277.4,11278.1,11271.5,11277.85,11:55:00,11282.34713232711,1,33
2019-03-12,11280.45,11282.2,11276.85,11277.5,12:00:00,11282.166453057862,1,34
2019-03-12,11271.15,11280.55,11271.15,11280.5,12:05:00,11281.117267052352,1,35
2019-03-12,11271.45,11273.05,11264.1,11271.0,12:10:00,11280.196574952128,1,36
2019-03-12,11267.45,11271.75,11266.25,11271.4,12:15:00,11278.982615432878,1,37
2019-03-12,11275.45,11276.1,11264.9,11267.25,12:20:00,11278.646175867843,1,38
2019-03-12,11275.25,11277.15,11272.4,11275.35,12:25:00,11278.322730547095,1,39
2019-03-12,11275.1,11278.0,11274.05,11275.4,12:30:00,11278.015803828326,1,40
2019-03-12,11267.85,11275.9,11267.85,11274.95,12:35:00,11277.047632035152,1,41
2019-03-12,11274.1,11274.5,11267.8,11267.9,12:40:00,11276.766905174662,1,42
2019-03-12,11277.05,11278.5,11272.0,11274.4,12:45:00,11276.7938665866,1,43
2019-03-12,11281.9,11283.6,11277.4,11277.4,12:50:00,11277.280165006923,1,44
2019-03-12,11281.6,11286.2,11280.55,11282.45,12:55:00,11277.691577863408,1,45
2019-03-12,11281.7,11282.25,11276.75,11281.5,13:00:00,11278.073332352607,1,46
2019-03-12,11284.35,11285.6,11280.2,11281.3,13:05:00,11278.671110223788,1,47
2019-03-12,11287.3,11289.0,11284.2,11284.9,13:10:00,11279.492909250092,1,48
2019-03-12,11285.05,11289.45,11283.95,11287.5,13:15:00,11280.02215598818,1,49
2019-03-12,11283.15,11286.25,11281.35,11284.95,13:20:00,11280.320045894068,1,50
2019-03-12,11287.4,11288.8,11283.15,11283.3,13:25:00,11280.994327237491,1,51
2019-03-12,11287.25,11287.95,11283.8,11287.2,13:30:00,11281.590105595826,1,52
2019-03-12,11279.2,11287.6,11278.45,11286.95,13:35:00,11281.362476491462,1,53
2019-03-12,11279.2,11282.35,11277.65,11279.0,13:40:00,11281.15652634942,1,54
2019-03-12,11276.25,11283.65,11276.25,11278.95,13:45:00,11280.689238125664,1,55
2019-03-12,11275.35,11276.65,11269.5,11276.3,13:50:00,11280.180739256552,1,56
2019-03-12,11276.75,11279.05,11273.55,11275.2,13:55:00,11279.854002184502,1,57
2019-03-12,11271.75,11278.4,11271.75,11276.25,14:00:00,11279.082192452644,1,58
2019-03-12,11275.75,11276.65,11271.15,11271.5,14:05:00,11278.764840790487,1,59
2019-03-12,11283.2,11286.4,11275.35,11275.9,14:10:00,11279.18723690568,1,60
2019-03-12,11280.9,11283.7,11279.75,11283.5,14:15:00,11279.350357200376,1,61
2019-03-12,11290.0,11294.25,11281.7,11281.7,14:20:00,11280.36460889558,1,62
2019-03-12,11294.45,11294.9,11287.8,11290.65,14:25:00,11281.706074715048,1,63
2019-03-12,11296.65,11297.05,11293.5,11295.1,14:30:00,11283.129305694569,1,64
2019-03-12,11304.1,11307.45,11296.8,11297.35,14:35:00,11285.126514676038,1,65
2019-03-12,11307.75,11310.9,11303.45,11304.5,14:40:00,11287.281132325938,1,66
2019-03-12,11302.25,11309.05,11299.35,11308.5,14:45:00,11288.706738771089,1,67
2019-03-12,11306.65,11306.8,11301.5,11303.85,14:50:00,11290.415620792886,1,68
2019-03-12,11317.45,11318.85,11307.05,11307.65,14:55:00,11292.990323574517,1,69
2019-03-12,11314.35,11320.4,11310.85,11319.85,15:00:00,11295.02457847218,1,70
2019-03-12,11304.25,11315.45,11304.25,11314.9,15:05:00,11295.90319004626,1,71
2019-03-12,11302.1,11310.65,11301.45,11305.35,15:10:00,11296.493362422809,1,72
2019-03-12,11293.6,11302.8,11292.5,11302.05,15:15:00,11296.217804096828,1,73
2019-03-12,11290.35,11296.5,11289.9,11295.25,15:20:00,11295.658965611414,1,74
2019-03-12,11290.2,11290.8,11286.0,11290.45,15:25:00,11295.139064124613,1,75
2019-03-13,11286.85,11322.85,11284.15,11322.85,09:15:00,11294.349629446078,2,1
2019-03-13,11295.0,11296.05,11276.6,11286.4,09:20:00,11294.411569498834,2,2
2019-03-13,11300.1,11304.4,11294.5,11294.5,09:25:00,11294.95332478466,2,3
2019-03-13,11317.0,11320.8,11297.85,11299.55,09:30:00,11297.0530081385,2,4
2019-03-13,11320.3,11323.6,11313.2,11316.55,09:35:00,11299.267007363404,2,5
2019-03-13,11316.85,11323.85,11316.6,11320.25,09:40:00,11300.9415780907,2,6
2019-03-13,11336.15,11342.1,11314.3,11316.65,09:45:00,11304.29476112968,2,7
2019-03-13,11335.8,11337.5,11329.5,11335.95,09:50:00,11307.295260069712,2,8
2019-03-13,11323.0,11336.0,11322.4,11335.25,09:55:00,11308.790949586884,2,9
2019-03-13,11316.25,11322.6,11314.95,11322.6,10:00:00,11309.501335340514,2,10
2019-03-13,11316.45,11318.3,11311.3,11316.3,10:05:00,11310.163112927132,2,11
2019-03-13,11300.8,11316.15,11300.8,11315.75,10:10:00,11309.271387886452,2,12
2019-03-13,11295.35,11301.05,11287.55,11301.05,10:15:00,11307.945541421075,2,13
2019-03-13,11303.9,11307.3,11295.15,11295.4,10:20:00,11307.560251761926,2,14
2019-03-13,11300.05,11303.85,11297.5,11303.55,10:25:00,11306.844989689362,2,15
2019-03-13,11293.45,11300.3,11289.6,11299.2,10:30:00,11305.569276385611,2,16
2019-03-13,11297.15,11300.7,11292.85,11292.85,10:35:00,11304.767440539365,2,17
2019-03-13,11302.3,11306.1,11295.95,11296.95,10:40:00,11304.532446202282,2,18
2019-03-13,11305.65,11307.25,11301.65,11302.05,10:45:00,11304.638879897302,2,19
2019-03-13,11308.15,11314.75,11305.6,11306.85,10:50:00,11304.973272288036,2,20
2019-03-13,11303.65,11309.6,11301.35,11309.4,10:55:00,11304.84724635584,2,21
2019-03-13,11304.1,11306.85,11301.1,11304.75,11:00:00,11304.776080036238,2,22
2019-03-13,11308.1,11308.95,11302.3,11305.6,11:05:00,11305.09264384231,2,23
2019-03-13,11308.1,11309.25,11304.1,11308.85,11:10:00,11305.379058714472,2,24
2019-03-13,11314.25,11315.7,11306.9,11308.95,11:15:00,11306.223910265477,2,25
2019-03-13,11311.95,11315.15,11310.85,11315.15,11:20:00,11306.769252144952,2,26
2019-03-13,11312.2,11315.9,11308.9,11313.05,11:25:00,11307.286466226387,2,27
2019-03-13,11315.5,11319.1,11311.5,11312.65,11:30:00,11308.06870753816,2,28
2019-03-13,11318.45,11321.05,11314.15,11316.6,11:35:00,11309.057402058335,2,29
2019-03-13,11315.7,11323.9,11315.6,11319.3,11:40:00,11309.690030433732,2,30
2019-03-13,11319.65,11322.8,11315.95,11317.25,11:45:00,11310.638598963857,2,31
2019-03-13,11315.7,11320.9,11315.3,11320.75,11:50:00,11311.120637157772,2,32
2019-03-13,11310.3,11318.35,11309.8,11316.55,11:55:00,11311.042481237984,2,33
2019-03-13,11305.8,11312.0,11305.4,11311.65,12:00:00,11310.543197310555,2,34
2019-03-13,11312.65,11312.95,11305.85,11305.85,12:05:00,11310.743845185742,2,35
2019-03-13,11312.6,11313.85,11309.6,11313.35,12:10:00,11310.92062183472,2,36
2019-03-13,11313.8,11316.5,11311.1,11312.85,12:15:00,11311.19484832665,2,37
2019-03-13,11304.8,11313.9,11304.55,11313.45,12:20:00,11310.585815152685,2,38
2019-03-13,11303.45,11308.0,11301.0,11304.9,12:25:00,11309.90621370957,2,39
2019-03-13,11308.05,11310.25,11303.85,11303.85,12:30:00,11309.729431451517,2,40
2019-03-13,11308.2,11310.6,11307.7,11307.75,12:35:00,11309.583771313277,2,41
2019-03-13,11311.5,11313.35,11307.45,11308.8,12:40:00,11309.76626928344,2,42
2019-03-13,11306.3,11312.05,11304.8,11311.55,12:45:00,11309.436148399302,2,43
2019-03-13,11307.05,11309.4,11305.15,11305.9,12:50:00,11309.208896170798,2,44
2019-03-13,11305.15,11307.8,11305.05,11307.1,12:55:00,11308.82233463072,2,45
2019-03-13,11303.45,11305.7,11301.7,11305.2,13:00:00,11308.31068371351,2,46
2019-03-13,11313.5,11316.4,11303.4,11303.6,13:05:00,11308.804904312225,2,47
2019-03-13,11314.65,11317.05,11311.1,11313.1,13:10:00,11309.361580092012,2,48
2019-03-13,11311.05,11316.4,11310.2,11314.55,13:15:00,11309.522381988012,2,49
2019-03-13,11315.15,11315.75,11309.15,11311.25,13:20:00,11310.058345608202,2,50
2019-03-13,11321.65,11322.1,11313.2,11314.75,13:25:00,11311.162312693135,2,51
2019-03-13,11330.05,11331.9,11321.6,11321.9,13:30:00,11312.961140055691,2,52
2019-03-13,11330.45,11334.4,11329.05,11330.1,13:35:00,11314.626745764675,2,53
2019-03-13,11340.6,11340.85,11330.5,11330.6,13:40:00,11317.10038902518,2,54
2019-03-13,11335.45,11344.25,11331.25,11341.15,13:45:00,11318.847971022784,2,55
2019-03-13,11345.85,11349.1,11335.4,11335.55,13:50:00,11321.419592830138,2,56
2019-03-13,11345.15,11345.75,11339.1,11345.55,13:55:00,11323.67963160822,2,57
2019-03-13,11337.9,11348.25,11334.4,11344.95,14:00:00,11325.033952407435,2,58
2019-03-13,11333.85,11338.45,11331.7,11337.1,14:05:00,11325.87357598768,2,59
2019-03-13,11336.1,11337.65,11329.45,11334.05,14:10:00,11326.84752113171,2,60
2019-03-13,11338.65,11342.6,11335.85,11335.95,14:15:00,11327.971566738215,2,61
2019-03-13,11335.8,11338.95,11332.95,11338.15,14:20:00,11328.717131810768,2,62
2019-03-13,11322.6,11336.7,11322.2,11335.75,14:25:00,11328.13454782879,2,63
2019-03-13,11336.85,11337.0,11321.95,11321.95,14:30:00,11328.964590892716,2,64
2019-03-13,11330.9,11337.3,11330.9,11335.85,14:35:00,11329.1489155696,2,65
2019-03-13,11325.55,11330.75,11325.0,11330.75,14:40:00,11328.806161705828,2,66
2019-03-13,11347.8,11350.1,11325.7,11325.7,14:45:00,11330.615098686229,2,67
2019-03-13,11342.3,11348.4,11339.2,11347.7,14:50:00,11331.727946430396,2,68
2019-03-13,11346.15,11346.45,11338.1,11342.25,14:55:00,11333.101475341788,2,69
2019-03-13,11337.75,11351.1,11334.9,11347.0,15:00:00,11333.544191975903,2,70
2019-03-13,11337.05,11338.9,11329.35,11338.65,15:05:00,11333.878078454389,2,71
2019-03-13,11339.45,11340.0,11332.05,11337.3,15:10:00,11334.40873764921,2,72
2019-03-13,11345.8,11346.85,11336.95,11339.65,15:15:00,11335.493619777855,2,73
2019-03-13,11350.1,11350.6,11344.05,11346.05,15:20:00,11336.884703608535,2,74
2019-03-13,11342.35,11352.3,11341.35,11351.25,15:25:00,11337.405208026772,2,75
2019-03-14,11373.0,11377.0,11358.85,11373.5,09:15:00,11340.7951882147,3,1
2019-03-14,11377.35,11383.45,11372.95,11373.2,09:20:00,11344.276598860915,3,2
2019-03-14,11382.3,11382.7,11370.85,11376.95,09:25:00,11347.897875159875,3,3
2019-03-14,11369.3,11382.7,11368.2,11382.7,09:30:00,11349.936172763695,3,4
2019-03-14,11374.35,11374.9,11364.15,11369.95,09:35:00,11352.261299167154,3,5
2019-03-14,11374.7,11375.15,11366.75,11373.8,09:40:00,11354.39831829409,3,6
2019-03-14,11377.95,11381.25,11372.4,11375.15,09:45:00,11356.641335599415,3,7
2019-03-14,11373.45,11379.8,11372.4,11378.2,09:50:00,11358.242160780424,3,8
2019-03-14,11365.8,11377.3,11365.45,11373.85,09:55:00,11358.961954991812,3,9
2019-03-14,11360.4,11370.05,11359.7,11365.7,10:00:00,11359.09891165926,3,10
2019-03-14,11363.2,11368.35,11356.05,11360.55,10:05:00,11359.489491501236,3,11
2019-03-14,11344.9,11362.85,11344.9,11362.85,10:10:00,11358.100016120168,3,12
2019-03-14,11345.45,11351.5,11336.2,11343.95,10:15:00,11356.895252680151,3,13
2019-03-14,11342.55,11348.65,11341.0,11345.75,10:20:00,11355.529038139184,3,14
2019-03-14,11334.9,11342.65,11329.25,11342.65,10:25:00,11353.564367840214,3,15
2019-03-14,11346.55,11346.55,11333.95,11334.8,10:30:00,11352.896332807812,3,16
2019-03-14,11341.35,11348.35,11339.65,11346.8,10:35:00,11351.796682064212,3,17
2019-03-14,11342.65,11347.35,11339.2,11341.15,10:40:00,11350.925569486668,3,18
2019-03-14,11350.85,11351.2,11342.2,11342.85,10:45:00,11350.9183723927,3,19
2019-03-14,11353.5,11357.35,11350.35,11350.7,10:50:00,11351.164241688632,3,20
2019-03-14,11351.0,11355.15,11347.8,11353.6,10:55:00,11351.14859962305,3,21
2019-03-14,11349.05,11352.05,11346.8,11350.6,11:00:00,11350.948732992283,3,22
2019-03-14,11349.65,11350.85,11347.0,11348.95,11:05:00,11350.825044135874,3,23
2019-03-14,11343.05,11351.55,11341.25,11349.75,11:10:00,11350.08456374198,3,24
2019-03-14,11344.3,11345.1,11340.3,11343.0,11:15:00,11349.533652909411,3,25
2019-03-14,11343.8,11345.7,11340.95,11344.45,11:20:00,11348.987590727562,3,26
2019-03-14,11344.7,11346.5,11341.85,11344.05,11:25:00,11348.57924875351,3,27
2019-03-14,11345.9,11346.2,11343.35,11344.65,11:30:00,11348.324082205556,3,28
2019-03-14,11339.9,11346.35,11339.2,11345.65,11:35:00,11347.52178866217,3,29
2019-03-14,11338.8,11340.7,11334.9,11340.1,11:40:00,11346.691142122916,3,30
2019-03-14,11336.65,11340.65,11334.9,11338.95,11:45:00,11345.734842873111,3,31
2019-03-14,11339.4,11341.15,11335.1,11336.5,11:50:00,11345.131524504246,3,32
2019-03-14,11338.45,11340.8,11336.95,11339.1,11:55:00,11344.495188837176,3,33
2019-03-14,11330.75,11338.9,11329.8,11338.55,12:00:00,11343.186123233636,3,34
2019-03-14,11330.25,11335.95,11328.7,11330.6,12:05:00,11341.9541114971,3,35
2019-03-14,11327.9,11333.25,11327.4,11330.4,12:10:00,11340.615624687853,3,36
2019-03-14,11336.5,11336.85,11328.25,11328.25,12:15:00,11340.223660431866,3,37
2019-03-14,11337.55,11341.35,11335.85,11336.6,12:20:00,11339.969026105022,3,38
2019-03-14,11330.75,11338.3,11330.15,11337.05,12:25:00,11339.09102361883,3,39
2019-03-14,11334.5,11336.6,11330.7,11331.2,12:30:00,11338.65378327418,3,40
2019-03-14,11340.3,11341.2,11334.55,11334.55,12:35:00,11338.810565819496,3,41
2019-03-14,11337.15,11342.05,11337.15,11340.15,12:40:00,11338.65241669383,3,42
2019-03-14,11335.7,11339.35,11334.7,11337.2,12:45:00,11338.371234151562,3,43
2019-03-14,11331.45,11335.6,11330.3,11335.35,12:50:00,11337.712068994271,3,44
2019-03-14,11331.7,11335.1,11331.2,11331.35,12:55:00,11337.139490994818,3,45
2019-03-14,11328.1,11331.75,11322.0,11331.65,13:00:00,11336.27858709055,3,46
2019-03-14,11317.45,11328.6,11313.75,11328.55,13:05:00,11334.48538832002,3,47
2019-03-14,11326.65,11328.0,11314.65,11317.3,13:10:00,11333.739160860972,3,48
2019-03-14,11323.7,11326.8,11320.85,11326.8,13:15:00,11332.783050302784,3,49
2019-03-14,11323.8,11326.0,11320.55,11323.4,13:20:00,11331.92752170252,3,50
2019-03-14,11337.25,11337.25,11323.9,11324.2,13:25:00,11332.43442439752,3,51
2019-03-14,11339.25,11343.5,11335.55,11338.35,13:30:00,11333.08352683585,3,52
2019-03-14,11338.3,11346.85,11337.45,11338.95,13:35:00,11333.580333803864,3,53
2019-03-14,11334.15,11341.55,11332.4,11338.15,13:40:00,11333.634587727303,3,54
2019-03-14,11334.2,11337.0,11330.95,11334.45,13:45:00,11333.688436515182,3,55
2019-03-14,11328.75,11337.4,11328.7,11334.15,13:50:00,11333.21810922802,3,56
2019-03-14,11334.2,11335.35,11328.05,11328.9,13:55:00,11333.311622634876,3,57
2019-03-14,11330.35,11336.4,11330.05,11334.0,14:00:00,11333.029563336318,3,58
2019-03-14,11336.8,11337.0,11328.15,11330.65,14:05:00,11333.388652542384,3,59
2019-03-14,11337.1,11338.15,11334.0,11336.75,14:10:00,11333.742114205015,3,60
2019-03-14,11341.0,11341.85,11334.7,11337.0,14:15:00,11334.433341423586,3,61
2019-03-14,11352.5,11354.6,11339.4,11341.3,14:20:00,11336.15397557372,3,62
2019-03-14,11362.9,11362.9,11352.0,11352.65,14:25:00,11338.70121599527,3,63
2019-03-14,11349.5,11364.2,11342.0,11362.4,14:30:00,11339.729671614768,3,64
2019-03-14,11340.75,11350.1,11338.35,11349.4,14:35:00,11339.826845746697,3,65
2019-03-14,11340.2,11345.9,11339.95,11340.45,14:40:00,11339.86238424701,3,66
2019-03-14,11342.65,11344.95,11339.85,11340.5,14:45:00,11340.12787146158,3,67
2019-03-14,11333.65,11344.2,11328.65,11342.6,14:50:00,11339.510931322382,3,68
2019-03-14,11341.6,11341.6,11329.8,11333.3,14:55:00,11339.70989024406,3,69
2019-03-14,11348.95,11350.95,11340.8,11340.8,15:00:00,11340.589900697008,3,70
2019-03-14,11345.1,11349.35,11339.0,11348.4,15:05:00,11341.019433963958,3,71
2019-03-14,11344.35,11349.0,11339.2,11344.35,15:10:00,11341.336630729294,3,72
2019-03-14,11341.05,11346.25,11339.85,11344.1,15:15:00,11341.3093325646,3,73
2019-03-14,11340.45,11343.55,11337.35,11342.3,15:20:00,11341.227491367972,3,74
2019-03-14,11346.8,11349.6,11339.45,11340.05,15:25:00,11341.758206475784,3,75
2019-03-15,11403.25,11405.55,11370.8,11371.85,09:15:00,11347.614567763803,4,1
2019-03-15,11404.75,11410.05,11396.95,11403.55,09:20:00,11353.056037500584,4,2
2019-03-15,11404.7,11407.35,11401.0,11403.9,09:25:00,11357.974510119577,4,3
2019-03-15,11409.85,11415.95,11404.75,11404.75,09:30:00,11362.915032965331,4,4
2019-03-15,11422.25,11424.5,11409.7,11409.95,09:35:00,11368.565982206728,4,5
2019-03-15,11419.7,11423.35,11413.65,11422.55,09:40:00,11373.43588866323,4,6
2019-03-15,11411.05,11419.85,11411.0,11418.75,09:45:00,11377.018184981018,4,7
2019-03-15,11420.8,11420.8,11409.25,11411.55,09:50:00,11381.187881649494,4,8
2019-03-15,11422.95,11428.05,11420.55,11420.6,09:55:00,11385.165226254305,4,9
2019-03-15,11422.05,11427.85,11421.8,11423.65,10:00:00,11388.678061849132,4,10
2019-03-15,11415.5,11422.55,11412.45,11422.55,10:05:00,11391.232532149214,4,11
2019-03-15,11417.2,11424.25,11414.0,11415.3,10:10:00,11393.70562432548,4,12
2019-03-15,11418.95,11418.95,11411.55,11416.8,10:15:00,11396.109850580197,4,13
2019-03-15,11417.8,11420.3,11415.85,11418.6,10:20:00,11398.175579096369,4,14
2019-03-15,11416.0,11419.25,11415.5,11417.9,10:25:00,11399.873142991952,4,15
2019-03-15,11413.0,11419.8,11412.2,11415.35,10:30:00,11401.12331984986,4,16
2019-03-15,11414.0,11416.1,11411.85,11412.95,10:35:00,11402.34967034035,4,17
2019-03-15,11413.5,11419.15,11413.5,11414.5,10:40:00,11403.411606498412,4,18
2019-03-15,11412.75,11415.5,11410.1,11413.95,10:45:00,11404.300977308088,4,19
2019-03-15,11416.3,11416.55,11411.1,11413.0,10:50:00,11405.443741373983,4,20
2019-03-15,11415.85,11420.0,11413.05,11416.05,10:55:00,11406.43481362408,4,21
2019-03-15,11418.2,11419.6,11413.1,11415.75,11:00:00,11407.555307564646,4,22
2019-03-15,11418.15,11420.8,11417.35,11418.6,11:05:00,11408.56432589182,4,23
2019-03-15,11416.9,11418.3,11413.85,11418.25,11:10:00,11409.35819961641,4,24
2019-03-15,11415.7,11417.65,11413.45,11416.45,11:15:00,11409.962180605324,4,25
2019-03-15,11411.1,11416.7,11410.55,11415.85,11:20:00,11410.070544357195,4,26
2019-03-15,11413.4,11414.7,11409.3,11410.7,11:25:00,11410.387635370798,4,27
2019-03-15,11412.05,11415.65,11410.6,11413.2,11:30:00,11410.545955811676,4,28
2019-03-15,11410.3,11414.1,11409.6,11412.4,11:35:00,11410.522531448656,4,29
2019-03-15,11410.05,11412.5,11400.1,11410.5,11:40:00,11410.477528453546,4,30
2019-03-15,11404.0,11410.1,11403.45,11409.5,11:45:00,11409.86062098178,4,31
2019-03-15,11408.85,11409.5,11403.65,11403.95,11:50:00,11409.764371364468,4,32
2019-03-15,11413.5,11413.75,11406.85,11407.6,11:55:00,11410.120145520234,4,33
2019-03-15,11420.7,11421.7,11412.25,11413.6,12:00:00,11411.127750708783,4,34
2019-03-15,11421.75,11424.1,11418.9,11420.5,12:05:00,11412.139393498424,4,35
2019-03-15,11421.05,11427.35,11418.7,11421.5,12:10:00,11412.98802268905,4,36
2019-03-15,11424.95,11427.15,11420.65,11421.0,12:15:00,11414.127258623426,4,37
2019-03-15,11424.0,11426.25,11420.05,11425.2,12:20:00,11415.06751970691,4,38
2019-03-15,11426.85,11428.65,11421.65,11424.2,12:25:00,11416.189660687203,4,39
2019-03-15,11424.3,11429.6,11424.3,11426.5,12:30:00,11416.96207395509,4,40
2019-03-15,11428.65,11428.7,11422.45,11424.85,12:35:00,11418.075209768893,4,41
2019-03-15,11432.15,11432.15,11425.25,11428.4,12:40:00,11419.41566598138,4,42
2019-03-15,11430.45,11433.25,11428.35,11432.3,12:45:00,11420.466554935534,4,43
2019-03-15,11436.55,11436.55,11427.4,11430.1,12:50:00,11421.99831160834,4,44
2019-03-15,11440.25,11441.6,11436.8,11436.8,12:55:00,11423.73656764564,4,45
2019-03-15,11446.15,11449.05,11439.85,11440.35,13:00:00,11425.871180250817,4,46
2019-03-15,11443.5,11446.8,11441.1,11446.05,13:05:00,11427.550115465025,4,47
2019-03-15,11444.7,11447.6,11443.35,11444.35,13:10:00,11429.18343780169,4,48
2019-03-15,11445.75,11451.5,11441.55,11445.45,13:15:00,11430.7612056301,4,49
2019-03-15,11440.7,11445.7,11436.95,11445.1,13:20:00,11431.707757474853,4,50
2019-03-15,11444.25,11446.4,11439.7,11440.65,13:25:00,11432.902256762962,4,51
2019-03-15,11437.75,11444.15,11435.65,11444.0,13:30:00,11433.363946595062,4,52
2019-03-15,11446.4,11446.85,11435.55,11437.5,13:35:00,11434.605475490773,4,53
2019-03-15,11440.2,11447.65,11439.4,11446.0,13:40:00,11435.138287348793,4,54
2019-03-15,11443.15,11443.85,11438.1,11440.05,13:45:00,11435.901307601289,4,55
2019-03-15,11453.3,11460.6,11442.35,11443.25,13:50:00,11437.558325924974,4,56
2019-03-15,11458.65,11461.4,11451.75,11453.1,13:55:00,11439.56705678926,4,57
2019-03-15,11454.25,11458.85,11453.65,11458.6,14:00:00,11440.965432333142,4,58
2019-03-15,11459.6,11460.9,11451.0,11453.5,14:05:00,11442.740153063318,4,59
2019-03-15,11464.95,11468.0,11458.3,11459.45,14:10:00,11444.855376581098,4,60
2019-03-15,11467.65,11468.7,11462.25,11464.8,14:15:00,11447.026293097184,4,61
2019-03-15,11472.7,11478.05,11467.45,11467.55,14:20:00,11449.47140804031,4,62
2019-03-15,11477.2,11479.15,11469.75,11472.5,14:25:00,11452.112226322184,4,63
2019-03-15,11477.6,11480.9,11474.7,11477.15,14:30:00,11454.53963333912,4,64
2019-03-15,11478.4,11478.4,11462.65,11477.1,14:35:00,11456.812049211583,4,65
2019-03-15,11476.6,11484.9,11475.4,11478.05,14:40:00,11458.696615953337,4,66
2019-03-15,11480.45,11487.0,11477.0,11477.0,14:45:00,11460.768366814924,4,67
2019-03-15,11477.5,11482.15,11474.35,11480.7,14:50:00,11462.361855689693,4,68
2019-03-15,11475.8,11480.75,11473.75,11476.75,14:55:00,11463.64167895734,4,69
2019-03-15,11440.5,11475.45,11440.5,11475.45,15:00:00,11461.437709532833,4,70
2019-03-15,11415.45,11439.0,11415.45,11439.0,15:05:00,11457.057927672562,4,71
2019-03-15,11414.5,11426.85,11409.65,11414.3,15:10:00,11453.004791703746,4,72
2019-03-15,11415.65,11419.85,11409.5,11414.55,15:15:00,11449.447192493866,4,73
2019-03-15,11430.3,11433.05,11414.2,11415.5,15:20:00,11447.623650351594,4,74
2019-03-15,11431.85,11434.3,11422.3,11430.0,15:25:00,11446.121397937157,4,75
2019-03-18,11503.6,11514.2,11468.25,11468.25,09:15:00,11451.595550514572,0,1
2019-03-18,11498.05,11513.4,11497.9,11504.25,09:20:00,11456.019783798898,0,2
2019-03-18,11517.4,11520.45,11496.15,11498.2,09:25:00,11461.865518675191,0,3
2019-03-18,11524.15,11530.15,11517.85,11517.85,09:30:00,11467.79737403946,0,4
2019-03-18,11522.5,11526.6,11516.05,11524.95,09:35:00,11473.007147940463,0,5
2019-03-18,11515.35,11523.9,11514.1,11521.55,09:40:00,11477.039800517565,0,6
2019-03-18,11527.15,11527.6,11515.3,11515.7,09:45:00,11481.81220046827,0,7
2019-03-18,11520.3,11528.1,11518.4,11526.8,09:50:00,11485.477705185576,0,8
2019-03-18,11506.4,11520.45,11506.4,11520.25,09:55:00,11487.470304691711,0,9
2019-03-18,11507.45,11511.65,11499.55,11506.7,10:00:00,11489.373132816312,0,10
2019-03-18,11502.25,11511.65,11501.45,11506.65,10:05:00,11490.59950111952,0,11
2019-03-18,11497.5,11507.05,11490.95,11502.1,10:10:00,11491.25669148909,0,12
2019-03-18,11501.95,11501.95,11493.45,11497.6,10:15:00,11492.27510182346,0,13
2019-03-18,11490.55,11504.1,11489.4,11501.85,10:20:00,11492.110806411703,0,14
2019-03-18,11481.85,11493.35,11481.55,11490.7,10:25:00,11491.133586753444,0,15
2019-03-18,11480.7,11482.65,11468.15,11482.0,10:30:00,11490.139911824546,0,16
2019-03-18,11476.8,11480.7,11472.45,11480.4,10:35:00,11488.869444031732,0,17
2019-03-18,11447.95,11476.95,11442.8,11476.75,10:40:00,11484.972354123947,0,18
2019-03-18,11457.0,11458.05,11430.1,11447.6,10:45:00,11482.308320397857,0,19
2019-03-18,11458.8,11466.7,11451.4,11456.55,10:50:00,11480.069432740918,0,20
2019-03-18,11447.65,11459.55,11441.05,11459.3,10:55:00,11476.981867717974,0,21
2019-03-18,11443.3,11451.05,11440.2,11447.75,11:00:00,11473.774070792451,0,22
2019-03-18,11442.7,11455.7,11442.1,11443.15,11:05:00,11470.814635478886,0,23
2019-03-18,11450.3,11451.05,11439.05,11441.45,11:10:00,11468.860860671371,0,24
2019-03-18,11457.3,11458.1,11449.8,11449.8,11:15:00,11467.75982632172,0,25
2019-03-18,11455.55,11462.8,11451.65,11457.7,11:20:00,11466.59698571965,0,26
2019-03-18,11457.8,11463.05,11454.25,11455.65,11:25:00,11465.759177555874,0,27
2019-03-18,11456.15,11461.5,11455.35,11457.35,11:30:00,11464.844017788648,0,28
2019-03-18,11447.2,11456.65,11445.3,11456.0,11:35:00,11463.163635142111,0,29
2019-03-18,11446.7,11449.25,11443.8,11447.55,11:40:00,11461.59566989048,0,30
2019-03-18,11436.2,11447.45,11435.25,11447.25,11:45:00,11459.177034662816,0,31
2019-03-18,11423.05,11436.4,11421.5,11436.4,11:50:00,11455.736364694929,0,32
2019-03-18,11437.95,11438.65,11423.35,11423.35,11:55:00,11454.042425200174,0,33
2019-03-18,11428.3,11441.85,11427.75,11438.35,12:00:00,11451.5907656573,0,34
2019-03-18,11424.1,11428.55,11415.65,11427.55,12:05:00,11448.972597499462,0,35
2019-03-18,11424.0,11427.85,11421.1,11424.25,12:10:00,11446.594254880463,0,36
2019-03-18,11441.3,11441.3,11423.3,11424.05,12:15:00,11446.090040129944,0,37
2019-03-18,11438.7,11443.1,11434.1,11441.1,12:20:00,11445.386226784234,0,38
2019-03-18,11448.75,11449.05,11438.0,11438.65,12:25:00,11445.706586138116,0,39
2019-03-18,11440.25,11451.0,11437.8,11448.95,12:30:00,11445.18691126782,0,40
2019-03-18,11432.55,11440.85,11430.1,11440.3,12:35:00,11443.98339590898,0,41
2019-03-18,11430.45,11433.85,11429.0,11432.25,12:40:00,11442.694501060509,0,42
2019-03-18,11433.55,11437.5,11428.55,11430.15,12:45:00,11441.8235961976,0,43
2019-03-18,11437.65,11442.9,11432.9,11434.15,12:50:00,11441.426110845448,0,44
2019-03-18,11436.9,11438.6,11435.9,11437.95,12:55:00,11440.995052669692,0,45
2019-03-18,11434.8,11437.6,11430.8,11437.6,13:00:00,11440.40504765353,0,46
2019-03-18,11433.75,11441.0,11433.75,11434.85,13:05:00,11439.77123359129,0,47
2019-03-18,11433.5,11436.5,11432.7,11434.45,13:10:00,11439.17397324926,0,48
2019-03-18,11432.0,11433.65,11428.7,11433.6,13:15:00,11438.490737701712,0,49
2019-03-18,11448.75,11449.05,11430.05,11432.45,13:20:00,11439.467810301549,0,50
2019-03-18,11445.55,11452.25,11442.25,11449.3,13:25:00,11440.047066463305,0,51
2019-03-18,11442.3,11446.65,11436.95,11446.65,13:30:00,11440.261631562038,0,52
2019-03-18,11448.9,11449.8,11439.25,11442.25,13:35:00,11441.084333318036,0,53
2019-03-18,11441.35,11451.2,11441.15,11449.75,13:40:00,11441.109634906792,0,54
2019-03-18,11435.9,11444.75,11431.95,11441.55,13:45:00,11440.613479201384,0,55
2019-03-18,11437.95,11439.0,11432.6,11436.5,13:50:00,11440.359814515536,0,56
2019-03-18,11432.85,11439.3,11432.1,11438.55,13:55:00,11439.644594085486,0,57
2019-03-18,11444.55,11445.7,11432.45,11432.7,14:00:00,11440.111775601155,0,58
2019-03-18,11432.0,11444.85,11431.65,11444.5,14:05:00,11439.339225543905,0,59
2019-03-18,11428.65,11433.15,11423.55,11431.6,14:10:00,11438.32120406353,0,60
2019-03-18,11416.4,11428.55,11412.5,11428.0,14:15:00,11436.233470343192,0,61
2019-03-18,11424.15,11425.85,11414.6,11416.7,14:20:00,11435.08266364384,0,62
2019-03-18,11430.95,11432.65,11416.15,11424.45,14:25:00,11434.689076630142,0,63
2019-03-18,11437.35,11439.55,11430.65,11431.85,14:30:00,11434.94249790346,0,64
2019-03-18,11434.95,11439.5,11430.55,11438.3,14:35:00,11434.943212388844,0,65
2019-03-18,11422.25,11436.85,11419.7,11435.25,14:40:00,11433.73433501848,0,66
2019-03-18,11422.75,11429.35,11420.55,11425.3,14:45:00,11432.688207873864,0,67
2019-03-18,11421.0,11426.7,11417.65,11424.2,14:50:00,11431.57504521921,0,68
2019-03-18,11426.1,11429.2,11421.05,11423.2,14:55:00,11431.053612341191,0,69
2019-03-18,11446.8,11450.05,11426.9,11426.9,15:00:00,11432.553268308697,0,70
2019-03-18,11453.65,11454.45,11446.35,11447.9,15:05:00,11434.562480850727,0,71
2019-03-18,11461.3,11481.25,11453.2,11454.1,15:10:00,11437.108911245896,0,72
2019-03-18,11467.45,11469.65,11461.7,11461.7,15:15:00,11439.998538746286,0,73
2019-03-18,11472.95,11475.2,11468.5,11470.05,15:20:00,11443.1367731514,0,74
2019-03-18,11479.45,11481.95,11472.65,11473.7,15:25:00,11446.59517570841,0,75
2019-03-19,11465.85,11501.5,11463.9,11494.2,09:15:00,11448.428968498083,1,1
2019-03-19,11475.95,11478.1,11454.95,11465.05,09:20:00,11451.050019117316,1,2
2019-03-19,11479.75,11481.8,11467.5,11475.6,09:25:00,11453.783350629954,1,3
2019-03-19,11477.75,11482.3,11472.7,11479.45,09:30:00,11456.065888665196,1,4
2019-03-19,11464.45,11478.25,11463.6,11477.6,09:35:00,11456.864375458988,1,5
2019-03-19,11467.45,11467.9,11455.2,11464.85,09:40:00,11457.87253017718,1,6
2019-03-19,11467.35,11474.5,11464.25,11467.55,09:45:00,11458.77514635078,1,7
2019-03-19,11469.25,11473.75,11466.0,11467.45,09:50:00,11459.77275146023,1,8
2019-03-19,11465.7,11472.45,11459.75,11469.5,09:55:00,11460.337251321162,1,9
2019-03-19,11460.75,11467.05,11460.55,11466.1,10:00:00,11460.376560719147,1,10
2019-03-19,11458.45,11463.5,11457.9,11460.35,10:05:00,11460.193078745897,1,11
2019-03-19,11461.2,11465.6,11458.55,11458.55,10:10:00,11460.28897600819,1,12
2019-03-19,11456.45,11465.15,11456.45,11461.6,10:15:00,11459.923359245506,1,13
2019-03-19,11460.8,11461.1,11451.25,11456.55,10:20:00,11460.006848841173,1,14
2019-03-19,11471.35,11472.2,11459.8,11461.35,10:25:00,11461.087148951538,1,15
2019-03-19,11466.2,11471.9,11464.3,11471.9,10:30:00,11461.57408714663,1,16
2019-03-19,11470.9,11476.3,11465.65,11466.25,10:35:00,11462.46226932314,1,17
2019-03-19,11470.55,11474.2,11468.5,11470.95,10:40:00,11463.232529387604,1,18
2019-03-19,11479.55,11481.05,11470.4,11471.2,10:45:00,11464.786574207832,1,19
2019-03-19,11481.8,11483.3,11479.2,11481.3,10:50:00,11466.406900473752,1,20
2019-03-19,11486.95,11490.7,11482.15,11482.45,10:55:00,11468.36338614292,1,21
2019-03-19,11485.9,11490.7,11484.3,11487.0,11:00:00,11470.033539843593,1,22
2019-03-19,11480.25,11487.65,11479.85,11486.95,11:05:00,11471.006536048964,1,23
2019-03-19,11478.6,11481.3,11475.4,11481.3,11:10:00,11471.72972309192,1,24
2019-03-19,11476.15,11479.7,11475.1,11479.25,11:15:00,11472.150701845072,1,25
2019-03-19,11472.5,11477.65,11469.4,11477.65,11:20:00,11472.183968336018,1,26
2019-03-19,11469.8,11474.0,11469.8,11473.05,11:25:00,11471.956923732589,1,27
2019-03-19,11473.85,11474.2,11467.6,11470.75,11:30:00,11472.137216710436,1,28
2019-03-19,11474.15,11476.25,11471.6,11474.3,11:35:00,11472.32891035706,1,29
2019-03-19,11471.65,11474.55,11469.3,11474.55,11:40:00,11472.264252227817,1,30
2019-03-19,11475.7,11478.05,11472.1,11472.1,11:45:00,11472.591466301355,1,31
2019-03-19,11477.6,11478.35,11474.95,11476.2,11:50:00,11473.068469510752,1,32
2019-03-19,11478.3,11479.5,11474.75,11478.7,11:55:00,11473.566710509727,1,33
2019-03-19,11483.05,11485.1,11475.3,11478.55,12:00:00,11474.469880937371,1,34
2019-03-19,11483.8,11485.5,11482.1,11483.85,12:05:00,11475.35846370524,1,35
2019-03-19,11481.5,11484.9,11480.25,11484.6,12:10:00,11475.94337192379,1,36
2019-03-19,11479.2,11483.8,11478.95,11482.65,12:15:00,11476.253526978666,1,37
2019-03-19,11475.1,11479.55,11474.05,11478.95,12:20:00,11476.143667266411,1,38
2019-03-19,11473.65,11477.3,11470.75,11474.55,12:25:00,11475.9061751458,1,39
2019-03-19,11469.65,11474.7,11467.4,11472.15,12:30:00,11475.31034894144,1,40
2019-03-19,11475.2,11476.15,11466.75,11467.6,12:35:00,11475.299839518444,1,41
2019-03-19,11472.35,11477.8,11471.1,11475.45,12:40:00,11475.01890242145,1,42
2019-03-19,11471.7,11475.55,11469.65,11472.3,12:45:00,11474.70281647655,1,43
2019-03-19,11466.5,11473.6,11466.5,11472.15,12:50:00,11473.921595859736,1,44
2019-03-19,11464.6,11466.65,11461.35,11466.65,12:55:00,11473.033824825476,1,45
2019-03-19,11472.15,11472.8,11464.65,11464.65,13:00:00,11472.949651032572,1,46
2019-03-19,11470.15,11475.15,11469.2,11471.95,13:05:00,11472.6830176009,1,47
2019-03-19,11466.65,11470.4,11464.9,11470.35,13:10:00,11472.10844449605,1,48
2019-03-19,11471.25,11473.6,11466.1,11467.0,13:15:00,11472.02668787738,1,49
2019-03-19,11472.45,11473.85,11469.2,11471.45,13:20:00,11472.06700331763,1,50
2019-03-19,11481.65,11481.65,11470.9,11472.8,13:25:00,11472.979669668332,1,51
2019-03-19,11481.6,11484.95,11479.75,11480.75,13:30:00,11473.800653509445,1,52
2019-03-19,11479.75,11481.45,11475.6,11481.1,13:35:00,11474.367257937116,1,53
2019-03-19,11486.35,11486.35,11478.2,11479.25,13:40:00,11475.508471466914,1,54
2019-03-19,11494.55,11496.9,11484.75,11486.2,13:45:00,11477.321950374828,1,55
2019-03-19,11498.55,11499.15,11490.6,11494.65,13:50:00,11479.34366938675,1,56
2019-03-19,11501.0,11503.2,11495.75,11498.9,13:55:00,11481.406177064202,1,57
2019-03-19,11507.65,11511.95,11501.2,11502.35,14:00:00,11483.905588772372,1,58
2019-03-19,11500.0,11510.65,11496.9,11508.6,14:05:00,11485.43838984167,1,59
2019-03-19,11509.75,11513.25,11498.75,11500.8,14:10:00,11487.75378128532,1,60
2019-03-19,11502.5,11515.8,11502.1,11510.55,14:15:00,11489.158183067671,1,61
2019-03-19,11509.4,11512.45,11502.75,11503.5,14:20:00,11491.085975156464,1,62
2019-03-19,11504.95,11511.65,11500.0,11510.55,14:25:00,11492.406358474896,1,63
2019-03-19,11511.7,11513.7,11503.6,11504.75,14:30:00,11494.243848143957,1,64
2019-03-19,11519.0,11519.5,11509.5,11512.5,14:35:00,11496.60157689215,1,65
2019-03-19,11501.8,11520.85,11500.45,11520.7,14:40:00,11497.096664807184,1,66
2019-03-19,11498.7,11503.85,11488.4,11503.3,14:45:00,11497.249363396975,1,67
2019-03-19,11502.55,11510.15,11497.4,11499.45,14:50:00,11497.754185930597,1,68
2019-03-19,11504.25,11506.85,11500.2,11503.7,14:55:00,11498.372834889587,1,69
2019-03-19,11519.25,11522.35,11505.7,11505.7,15:00:00,11500.361136328673,1,70
2019-03-19,11534.25,11535.35,11518.25,11519.6,15:05:00,11503.588647154513,1,71
2019-03-19,11534.0,11541.25,11532.1,11535.85,15:10:00,11506.484966473132,1,72
2019-03-19,11538.4,11543.85,11534.55,11534.55,15:15:00,11509.52449347569,1,73
2019-03-19,11537.8,11539.95,11535.45,11539.8,15:20:00,11512.217398858958,1,74
2019-03-19,11539.9,11541.8,11534.75,11538.25,15:25:00,11514.853837062868,1,75
2019-03-20,11530.45,11556.1,11530.45,11549.15,09:15:00,11516.339185914025,2,1
2019-03-20,11529.3,11531.75,11518.65,11529.55,09:20:00,11517.573549160306,2,2
2019-03-20,11522.9,11530.15,11522.15,11529.25,09:25:00,11518.080830192655,2,3
2019-03-20,11515.8,11523.85,11511.5,11523.05,09:30:00,11517.863608269548,2,4
2019-03-20,11521.45,11521.45,11511.6,11515.55,09:35:00,11518.205169386732,2,5
2019-03-20,11532.1,11533.45,11521.25,11521.25,09:40:00,11519.528486587997,2,6
2019-03-20,11540.1,11540.8,11531.85,11531.85,09:45:00,11521.48767834152,2,7
2019-03-20,11542.45,11547.15,11536.95,11540.0,09:50:00,11523.484089928044,2,8
2019-03-20,11544.25,11548.55,11540.45,11542.1,09:55:00,11525.461795649182,2,9
2019-03-20,11533.6,11544.95,11533.6,11544.6,10:00:00,11526.236862730211,2,10
2019-03-20,11523.65,11535.0,11523.45,11533.7,10:05:00,11525.990494851145,2,11
2019-03-20,11534.6,11537.6,11523.0,11524.25,10:10:00,11526.810447722464,2,12
2019-03-20,11544.85,11546.05,11531.95,11534.15,10:15:00,11528.528500320324,2,13
2019-03-20,11543.2,11547.75,11541.4,11544.35,10:20:00,11529.925786004103,2,14
2019-03-20,11546.5,11548.25,11538.4,11543.25,10:25:00,11531.50428257514,2,15
2019-03-20,11550.7,11551.25,11544.35,11546.6,10:30:00,11533.332446139411,2,16
2019-03-20,11546.05,11552.5,11545.55,11550.75,10:35:00,11534.543641745182,2,17
2019-03-20,11539.55,11546.6,11539.1,11546.45,10:40:00,11535.02043776945,2,18
2019-03-20,11539.6,11544.7,11538.8,11539.95,10:45:00,11535.456586553311,2,19
2019-03-20,11540.85,11542.2,11537.55,11539.5,10:50:00,11535.970244976805,2,20
2019-03-20,11538.1,11544.75,11537.9,11541.05,10:55:00,11536.173078788535,2,21
2019-03-20,11540.7,11541.3,11536.35,11538.4,11:00:00,11536.60421414201,2,22
2019-03-20,11545.7,11546.5,11540.8,11541.15,11:05:00,11537.47047946182,2,23
2019-03-20,11547.35,11551.75,11545.3,11545.8,11:10:00,11538.41138617974,2,24
2019-03-20,11541.15,11547.05,11540.45,11546.95,11:15:00,11538.672206543575,2,25
2019-03-20,11538.45,11541.6,11533.7,11541.2,11:20:00,11538.651044015616,2,26
2019-03-20,11538.45,11539.3,11534.7,11538.75,11:25:00,11538.63189696651,2,27
2019-03-20,11536.8,11539.1,11536.05,11538.3,11:30:00,11538.457430588747,2,28
2019-03-20,11541.55,11541.85,11534.65,11537.0,11:35:00,11538.751961008868,2,29
2019-03-20,11537.05,11542.95,11536.4,11541.8,11:40:00,11538.589869484213,2,30
2019-03-20,11536.6,11539.05,11534.6,11537.6,11:45:00,11538.400358104764,2,31
2019-03-20,11536.25,11537.8,11534.65,11536.4,11:50:00,11538.195562094785,2,32
2019-03-20,11536.8,11539.55,11534.7,11536.2,11:55:00,11538.062651419092,2,33
2019-03-20,11529.45,11537.25,11528.6,11536.95,12:00:00,11537.242398902988,2,34
2019-03-20,11523.75,11529.75,11521.15,11529.75,12:05:00,11535.957408531274,2,35
2019-03-20,11519.3,11525.45,11519.1,11523.4,12:10:00,11534.370988671151,2,36
2019-03-20,11525.0,11525.5,11515.6,11518.65,12:15:00,11533.478513559614,2,37
2019-03-20,11510.65,11525.55,11509.35,11524.85,12:20:00,11531.30436941108,2,38
2019-03-20,11506.95,11514.0,11503.1,11511.35,12:25:00,11528.984905657644,2,39
2019-03-20,11511.75,11515.15,11506.4,11506.4,12:30:00,11527.343486071202,2,40
2019-03-20,11519.3,11520.65,11510.65,11512.1,12:35:00,11526.577439778706,2,41
2019-03-20,11516.4,11520.6,11513.05,11520.1,12:40:00,11525.608159799782,2,42
2019-03-20,11524.7,11525.1,11514.0,11516.6,12:45:00,11525.52166839028,2,43
2019-03-20,11525.4,11531.3,11524.7,11524.75,12:50:00,11525.510080924538,2,44
2019-03-20,11526.2,11526.2,11519.8,11525.45,12:55:00,11525.575787503154,2,45
2019-03-20,11525.5,11529.15,11524.2,11526.55,13:00:00,11525.56856964571,2,46
2019-03-20,11527.2,11529.25,11524.55,11525.55,13:05:00,11525.723943965166,2,47
2019-03-20,11520.95,11527.4,11520.95,11527.25,13:10:00,11525.26928263515,2,48
2019-03-20,11518.25,11523.55,11516.15,11520.8,13:15:00,11524.600779527042,2,49
2019-03-20,11522.05,11523.8,11517.35,11517.8,13:20:00,11524.357848143514,2,50
2019-03-20,11518.65,11524.45,11518.35,11522.3,13:25:00,11523.814243558418,2,51
2019-03-20,11519.2,11521.05,11516.65,11519.05,13:30:00,11523.37479179095,2,52
2019-03-20,11517.3,11520.35,11516.65,11519.6,13:35:00,11522.796240191812,2,53
2019-03-20,11516.1,11517.5,11509.0,11517.5,13:40:00,11522.158503030689,2,54
2019-03-20,11524.5,11524.55,11515.55,11516.2,13:45:00,11522.38150274205,2,55
2019-03-20,11525.85,11526.1,11522.9,11524.55,13:50:00,11522.711835814236,2,56
2019-03-20,11532.45,11532.6,11522.65,11525.4,13:55:00,11523.639280022406,2,57
2019-03-20,11529.6,11538.3,11527.45,11532.8,14:00:00,11524.206967639318,2,58
2019-03-20,11529.7,11532.8,11525.15,11530.55,14:05:00,11524.730113578433,2,59
2019-03-20,11539.1,11543.45,11529.4,11531.2,14:10:00,11526.09867419001,2,60
2019-03-20,11538.05,11545.8,11536.3,11540.25,14:15:00,11527.236895695723,2,61
2019-03-20,11538.2,11544.5,11537.5,11539.75,14:20:00,11528.28100086756,2,62
2019-03-20,11532.8,11541.55,11530.1,11539.4,14:25:00,11528.711381737316,2,63
2019-03-20,11531.45,11537.85,11531.2,11534.45,14:30:00,11528.97220252424,2,64
2019-03-20,11528.65,11533.95,11523.15,11532.95,14:35:00,11528.94151656955,2,65
2019-03-20,11520.65,11529.85,11519.35,11529.5,14:40:00,11528.151848324833,2,66
2019-03-20,11530.8,11531.65,11521.6,11522.05,14:45:00,11528.404053246277,2,67
2019-03-20,11522.6,11531.85,11521.25,11531.4,14:50:00,11527.85128627044,2,68
2019-03-20,11528.05,11531.1,11521.85,11523.0,14:55:00,11527.87021138754,2,69
2019-03-20,11528.75,11534.9,11525.75,11528.75,15:00:00,11527.954000779204,2,70
2019-03-20,11522.5,11529.85,11517.35,11529.1,15:05:00,11527.434572133565,2,71
2019-03-20,11519.35,11523.45,11512.45,11522.55,15:10:00,11526.66461288275,2,72
2019-03-20,11524.2,11524.5,11515.25,11519.9,15:15:00,11526.429887846298,2,73
2019-03-20,11517.25,11524.7,11515.6,11524.7,15:20:00,11525.555612813318,2,74
2019-03-20,11516.65,11523.25,11516.4,11517.9,15:25:00,11524.707459212048,2,75
2019-03-22,11559.75,11566.1,11538.9,11538.9,09:15:00,11528.044844048994,4,1
2019-03-22,11546.55,11566.85,11544.35,11559.8,09:20:00,11529.807239853852,4,2
2019-03-22,11541.15,11554.55,11540.5,11546.75,09:25:00,11530.887502724912,4,3
2019-03-22,11551.25,11554.45,11541.2,11541.8,09:30:00,11532.826788179682,4,4
2019-03-22,11559.0,11563.7,11550.7,11551.55,09:35:00,11535.319475019713,4,5
2019-03-22,11564.2,11566.95,11555.0,11558.65,09:40:00,11538.070001208313,4,6
2019-03-22,11563.4,11569.35,11560.25,11565.15,09:45:00,11540.482382045617,4,7
2019-03-22,11564.85,11572.8,11563.35,11563.8,09:50:00,11542.80310756508,4,8
2019-03-22,11561.0,11565.25,11560.5,11564.45,09:55:00,11544.536144939832,4,9
2019-03-22,11563.75,11566.5,11559.55,11560.45,10:00:00,11546.366035897943,4,10
2019-03-22,11564.85,11566.8,11563.0,11563.45,10:05:00,11548.126413431472,4,11
2019-03-22,11557.75,11567.45,11556.85,11564.35,10:10:00,11549.042945485617,4,12
2019-03-22,11554.85,11559.95,11553.35,11557.95,10:15:00,11549.59599829651,4,13
2019-03-22,11552.05,11555.8,11549.4,11555.1,10:20:00,11549.82971274446,4,14
2019-03-22,11542.85,11552.9,11540.95,11551.9,10:25:00,11549.164978197368,4,15
2019-03-22,11531.65,11542.4,11526.45,11542.35,10:30:00,11547.496885035716,4,16
2019-03-22,11498.05,11530.8,11497.2,11530.8,10:35:00,11542.787657889456,4,17
2019-03-22,11500.4,11511.15,11489.5,11497.85,10:40:00,11538.75073809046,4,18
2019-03-22,11502.4,11502.4,11481.9,11500.85,10:45:00,11535.288763034225,4,19
2019-03-22,11494.75,11503.05,11491.05,11502.25,10:50:00,11531.427928459538,4,20
2019-03-22,11499.6,11500.3,11491.9,11494.65,10:55:00,11528.396697177675,4,21
2019-03-22,11497.85,11500.05,11493.15,11499.8,11:00:00,11525.48748792266,4,22
2019-03-22,11504.95,11505.7,11496.1,11498.15,11:05:00,11523.53153669193,4,23
2019-03-22,11502.35,11506.2,11497.65,11506.2,11:10:00,11521.514247483175,4,24
2019-03-22,11495.4,11503.05,11495.4,11502.4,11:15:00,11519.0271762943,4,25
2019-03-22,11486.6,11496.45,11486.0,11495.2,11:20:00,11515.938873790084,4,26
2019-03-22,11496.7,11497.1,11483.45,11486.35,11:25:00,11514.106600095787,4,27
2019-03-22,11504.7,11504.7,11494.0,11496.55,11:30:00,11513.21073342,4,28
2019-03-22,11508.05,11509.6,11504.9,11506.4,11:35:00,11512.71923499905,4,29
2019-03-22,11509.45,11510.35,11503.6,11508.45,11:40:00,11512.407879284854,4,30
2019-03-22,11494.9,11510.05,11494.85,11508.95,11:45:00,11510.740462210106,4,31
2019-03-22,11495.5,11498.85,11492.85,11494.55,11:50:00,11509.288989618668,4,32
2019-03-22,11489.65,11496.5,11488.9,11495.75,11:55:00,11507.418609654986,4,33
2019-03-22,11493.8,11493.8,11484.9,11489.35,12:00:00,11506.121599211654,4,34
2019-03-22,11484.85,11494.75,11484.8,11493.0,12:05:00,11504.095732620068,4,35
2019-03-22,11487.05,11487.8,11478.2,11484.0,12:10:00,11502.472329513395,4,36
2019-03-22,11489.9,11490.0,11482.35,11487.3,12:15:00,11501.274964797834,4,37
2019-03-22,11498.15,11501.75,11489.55,11489.55,12:20:00,11500.977349102805,4,38
2019-03-22,11498.5,11500.3,11496.5,11497.3,12:25:00,11500.741411093011,4,39
2019-03-22,11498.9,11500.45,11493.8,11498.35,12:30:00,11500.566038607963,4,40
2019-03-22,11500.1,11502.85,11497.85,11499.0,12:35:00,11500.521653978634,4,41
2019-03-22,11498.0,11500.2,11492.9,11500.2,12:40:00,11500.28149645686,4,42
2019-03-22,11494.6,11498.15,11492.5,11497.65,12:45:00,11499.740401556206,4,43
2019-03-22,11499.7,11501.05,11493.75,11494.95,12:50:00,11499.73655378895,4,44
2019-03-22,11509.1,11512.8,11499.3,11499.35,12:55:00,11500.628310570954,4,45
2019-03-22,11507.45,11517.1,11506.5,11509.2,13:00:00,11501.277995278482,4,46
2019-03-22,11512.0,11512.6,11505.55,11507.95,13:05:00,11502.299138585293,4,47
2019-03-22,11512.4,11518.05,11511.4,11512.05,13:10:00,11503.261125386693,4,48
2019-03-22,11517.1,11520.75,11509.85,11511.75,13:15:00,11504.579113445105,4,49
2019-03-22,11516.8,11518.5,11513.9,11516.7,13:20:00,11505.743007402712,4,50
2019-03-22,11507.0,11519.15,11506.55,11516.7,13:25:00,11505.862720983409,4,51
2019-03-22,11508.95,11512.85,11500.6,11506.8,13:30:00,11506.156747556415,4,52
2019-03-22,11507.3,11510.75,11505.5,11508.8,13:35:00,11506.26562874152,4,53
2019-03-22,11507.85,11510.85,11501.0,11507.0,13:40:00,11506.416521242329,4,54
2019-03-22,11494.0,11507.55,11493.0,11507.45,13:45:00,11505.233995409724,4,55
2019-03-22,11506.85,11506.85,11490.65,11494.15,13:50:00,11505.387900608795,4,56
2019-03-22,11503.3,11508.2,11498.65,11507.4,13:55:00,11505.189052931768,4,57
2019-03-22,11485.15,11503.35,11484.8,11503.0,14:00:00,11503.280571700172,4,58
2019-03-22,11477.7,11485.15,11473.55,11485.05,14:05:00,11500.844326776349,4,59
2019-03-22,11464.0,11477.65,11461.8,11477.65,14:10:00,11497.335343273837,4,60
2019-03-22,11455.85,11463.45,11446.25,11463.4,14:15:00,11493.384358200135,4,61
2019-03-22,11451.55,11460.15,11445.0,11455.9,14:20:00,11489.400133609648,4,62
2019-03-22,11463.45,11465.25,11444.8,11451.45,14:25:00,11486.928692313491,4,63
2019-03-22,11466.25,11467.15,11455.8,11463.5,14:30:00,11484.95929304554,4,64
2019-03-22,11459.65,11467.25,11456.7,11466.15,14:35:00,11482.54888418406,4,65
2019-03-22,11460.4,11461.05,11453.95,11459.95,14:40:00,11480.439466642722,4,66
2019-03-22,11452.55,11462.05,11448.9,11461.3,14:45:00,11477.783326962464,4,67
2019-03-22,11451.25,11452.45,11442.65,11452.45,14:50:00,11475.256343442228,4,68
2019-03-22,11447.15,11452.0,11446.0,11451.4,14:55:00,11472.579548828684,4,69
2019-03-22,11446.95,11459.45,11444.1,11447.6,15:00:00,11470.13863941643,4,70
2019-03-22,11439.0,11448.75,11434.55,11447.8,15:05:00,11467.1730547101,4,71
2019-03-22,11454.1,11454.1,11438.45,11439.2,15:10:00,11465.928001880568,4,72
2019-03-22,11477.5,11477.65,11454.45,11454.45,15:15:00,11467.03009693956,4,73
2019-03-22,11467.85,11477.4,11463.9,11477.4,15:20:00,11467.108182945316,4,74
2019-03-22,11463.5,11472.4,11461.3,11467.3,15:25:00,11466.764546474333,4,75
2019-03-25,11354.45,11383.8,11350.5,11383.8,09:15:00,11456.067923000586,0,1
2019-03-25,11364.05,11365.65,11342.9,11354.1,09:20:00,11447.304311286243,0,2
2019-03-25,11368.55,11370.45,11357.7,11363.2,09:25:00,11439.803900687552,0,3
2019-03-25,11366.3,11373.0,11360.75,11368.85,09:30:00,11432.8035291935,0,4
2019-03-25,11352.0,11366.0,11346.45,11365.9,09:35:00,11425.107954984596,0,5
2019-03-25,11349.0,11357.85,11348.85,11351.6,09:40:00,11417.859578319398,0,6
2019-03-25,11349.1,11355.45,11345.55,11350.85,09:45:00,11411.311047050884,0,7
2019-03-25,11346.75,11355.15,11344.7,11350.2,09:50:00,11405.16237590318,0,8
2019-03-25,11357.9,11360.65,11346.35,11346.95,09:55:00,11400.661197245736,0,9
2019-03-25,11360.9,11361.8,11356.65,11357.6,10:00:00,11396.874416555664,0,10
2019-03-25,11358.55,11365.05,11358.35,11360.1,10:05:00,11393.224472121792,0,11
2019-03-25,11363.5,11364.05,11352.75,11358.85,10:10:00,11390.393570014956,0,12
2019-03-25,11366.95,11367.4,11361.2,11364.0,10:15:00,11388.16084906115,0,13
2019-03-25,11368.05,11373.0,11366.3,11366.7,10:20:00,11386.245530102946,0,14
2019-03-25,11357.8,11368.5,11356.3,11367.7,10:25:00,11383.536431997902,0,15
2019-03-25,11364.3,11364.95,11358.55,11360.75,10:30:00,11381.704390855244,0,16
2019-03-25,11366.7,11370.7,11364.05,11364.25,10:35:00,11380.275401249984,0,17
2019-03-25,11367.75,11368.85,11363.1,11367.05,10:40:00,11379.082505892842,0,18
2019-03-25,11359.5,11369.8,11359.5,11367.6,10:45:00,11377.21750533162,0,19
2019-03-25,11359.4,11359.75,11354.65,11359.4,10:50:00,11375.520600061942,0,20
2019-03-25,11358.65,11360.95,11356.5,11359.0,10:55:00,11373.91387624652,0,21
2019-03-25,11358.2,11359.25,11353.3,11358.9,11:00:00,11372.417316603996,0,22
2019-03-25,11351.7,11359.35,11351.05,11358.55,11:05:00,11370.444238832186,0,23
2019-03-25,11343.2,11353.2,11342.4,11351.95,11:10:00,11367.849549419596,0,24
2019-03-25,11348.5,11349.3,11341.15,11343.4,11:15:00,11366.00673518916,0,25
2019-03-25,11343.5,11348.85,11341.05,11348.45,11:20:00,11363.863236599716,0,26
2019-03-25,11338.95,11343.6,11334.05,11343.6,11:25:00,11361.490547399742,0,27
2019-03-25,11339.85,11342.6,11338.1,11339.15,11:30:00,11359.429542885482,0,28
2019-03-25,11338.15,11341.05,11333.3,11341.05,11:35:00,11357.402919753533,0,29
2019-03-25,11338.0,11341.5,11335.9,11339.85,11:40:00,11355.555022634147,0,30
2019-03-25,11344.6,11345.4,11337.2,11338.15,11:45:00,11354.511687145185,0,31
2019-03-25,11347.75,11351.7,11343.4,11344.55,11:50:00,11353.86771694088,0,32
2019-03-25,11342.8,11348.0,11340.9,11347.65,11:55:00,11352.813648660796,0,33
2019-03-25,11345.8,11347.75,11340.9,11343.1,12:00:00,11352.145682121673,0,34
2019-03-25,11339.5,11345.45,11339.5,11345.45,12:05:00,11350.94133144342,0,35
2019-03-25,11334.6,11340.0,11331.15,11339.9,12:10:00,11349.385014163094,0,36
2019-03-25,11337.1,11341.25,11333.4,11334.1,12:15:00,11348.215012814228,0,37
2019-03-25,11334.05,11341.2,11333.85,11337.6,12:20:00,11346.865963974777,0,38
2019-03-25,11334.6,11335.05,11330.05,11334.6,12:25:00,11345.69777692956,0,39
2019-03-25,11333.95,11339.8,11332.9,11334.4,12:30:00,11344.578941031506,0,40
2019-03-25,11338.5,11340.05,11333.2,11333.6,12:35:00,11343.999994266602,0,41
2019-03-25,11339.9,11343.9,11337.0,11338.65,12:40:00,11343.609518622165,0,42
2019-03-25,11336.95,11342.2,11336.55,11339.95,12:45:00,11342.975278753387,0,43
2019-03-25,11335.5,11340.75,11335.35,11336.45,12:50:00,11342.263347443542,0,44
2019-03-25,11335.8,11336.5,11332.85,11335.55,12:55:00,11341.647790544155,0,45
2019-03-25,11328.95,11337.9,11328.3,11336.95,13:00:00,11340.438477159,0,46
2019-03-25,11334.85,11335.9,11328.65,11328.8,13:05:00,11339.906241239094,0,47
2019-03-25,11338.05,11340.75,11333.7,11334.6,13:10:00,11339.72945635918,0,48
2019-03-25,11333.85,11338.5,11333.85,11338.5,13:15:00,11339.169508134495,0,49
2019-03-25,11325.9,11334.75,11325.5,11333.95,13:20:00,11337.905745455018,0,50
2019-03-25,11329.8,11330.3,11323.7,11325.25,13:25:00,11337.133769697395,0,51
2019-03-25,11332.75,11334.85,11327.5,11330.35,13:30:00,11336.716267821455,0,52
2019-03-25,11332.2,11333.4,11328.0,11332.8,13:35:00,11336.286147076557,0,53
2019-03-25,11338.35,11339.6,11331.9,11332.8,13:40:00,11336.482704497836,0,54
2019-03-25,11341.65,11346.95,11336.5,11338.7,13:45:00,11336.974827878994,0,55
2019-03-25,11341.65,11342.6,11336.7,11341.4,13:50:00,11337.420082366709,0,56
2019-03-25,11336.0,11342.0,11334.3,11341.45,13:55:00,11337.284836427025,0,57
2019-03-25,11326.5,11338.4,11323.15,11338.05,14:00:00,11336.25770914826,0,58
2019-03-25,11339.2,11340.8,11326.65,11326.65,14:05:00,11336.537927324616,0,59
2019-03-25,11333.6,11340.2,11333.35,11338.25,14:10:00,11336.258124722272,0,60
2019-03-25,11331.65,11337.5,11330.15,11333.5,14:15:00,11335.819255701104,0,61
2019-03-25,11321.7,11335.45,11321.3,11331.95,14:20:00,11334.474564681952,0,62
2019-03-25,11312.05,11326.15,11312.05,11322.0,14:25:00,11332.3388918551,0,63
2019-03-25,11326.05,11331.05,11311.6,11312.75,14:30:00,11331.739949773662,0,64
2019-03-25,11331.0,11331.75,11325.25,11325.85,14:35:00,11331.669478366646,0,65
2019-03-25,11329.0,11333.5,11323.3,11333.5,14:40:00,11331.415242331728,0,66
2019-03-25,11330.05,11336.45,11327.6,11330.45,14:45:00,11331.285219252515,0,67
2019-03-25,11336.15,11337.8,11329.75,11333.15,14:50:00,11331.748531704656,0,68
2019-03-25,11343.7,11344.7,11337.45,11338.6,14:55:00,11332.886766780402,0,69
2019-03-25,11346.1,11352.0,11342.95,11344.6,15:00:00,11334.145169944177,0,70
2019-03-25,11352.0,11356.0,11346.95,11348.0,15:05:00,11335.845629949492,0,71
2019-03-25,11353.6,11356.05,11346.6,11354.25,15:10:00,11337.536522335256,0,72
2019-03-25,11355.9,11355.9,11349.05,11354.55,15:15:00,11339.285424969992,0,73
2019-03-25,11363.45,11365.55,11353.85,11356.3,15:20:00,11341.586813068088,0,74
2019-03-25,11350.35,11365.75,11347.35,11364.35,15:25:00,11342.421402299698,0,75
2019-03-26,11370.8,11393.4,11369.4,11374.45,09:15:00,11345.124125890205,1,1
2019-03-26,11371.85,11374.0,11363.5,11370.3,09:20:00,11347.669447233991,1,2
2019-03-26,11373.7,11380.25,11369.9,11372.05,09:25:00,11350.148547497423,1,3
2019-03-26,11386.35,11387.4,11374.0,11374.0,09:30:00,11353.59630487862,1,4
2019-03-26,11391.0,11394.2,11383.0,11386.2,09:35:00,11357.158561556847,1,5
2019-03-26,11394.3,11394.35,11386.3,11390.05,09:40:00,11360.695841408577,1,6
2019-03-26,11401.75,11402.35,11391.25,11395.2,09:45:00,11364.605761274424,1,7
2019-03-26,11393.8,11402.95,11392.8,11402.6,09:50:00,11367.386164962574,1,8
2019-03-26,11385.05,11393.65,11382.8,11393.15,09:55:00,11369.06843496614,1,9
2019-03-26,11392.8,11392.8,11384.05,11384.5,10:00:00,11371.328584016985,1,10
2019-03-26,11390.8,11395.65,11385.4,11393.15,10:05:00,11373.183004586796,1,11
2019-03-26,11390.15,11394.85,11389.7,11390.5,10:10:00,11374.798908911862,1,12
2019-03-26,11391.0,11392.6,11389.15,11389.85,10:15:00,11376.341869967877,1,13
2019-03-26,11393.55,11396.2,11389.4,11390.65,10:20:00,11377.980739494744,1,14
2019-03-26,11388.3,11394.1,11388.05,11393.5,10:25:00,11378.96352620953,1,15
2019-03-26,11381.65,11388.25,11380.7,11388.25,10:30:00,11379.219380856242,1,16
2019-03-26,11382.85,11383.4,11377.9,11381.6,10:35:00,11379.56515410803,1,17
2019-03-26,11381.1,11387.45,11379.9,11382.9,10:40:00,11379.711329907264,1,18
2019-03-26,11372.8,11383.75,11372.2,11381.2,10:45:00,11379.053108011334,1,19
2019-03-26,11370.95,11373.95,11369.95,11372.5,10:50:00,11378.281383438827,1,20
2019-03-26,11377.5,11377.7,11369.0,11370.55,10:55:00,11378.206965968464,1,21
2019-03-26,11380.25,11380.95,11375.45,11377.35,11:00:00,11378.401540638137,1,22
2019-03-26,11381.45,11383.2,11378.7,11380.45,11:05:00,11378.691870101173,1,23
2019-03-26,11377.3,11382.15,11372.35,11381.65,11:10:00,11378.559311043917,1,24
2019-03-26,11377.5,11379.2,11375.65,11377.15,11:15:00,11378.45842427783,1,25
2019-03-26,11373.15,11378.0,11372.4,11378.0,11:20:00,11377.952860060892,1,26
2019-03-26,11374.5,11376.8,11372.05,11373.3,11:25:00,11377.624016245569,1,27
2019-03-26,11366.95,11375.2,11366.0,11374.9,11:30:00,11376.6074432698,1,28
2019-03-26,11369.5,11373.75,11365.85,11367.15,11:35:00,11375.930543910774,1,29
2019-03-26,11366.6,11373.25,11366.6,11372.2,11:40:00,11375.041920681177,1,30
2019-03-26,11362.1,11369.4,11352.45,11369.4,11:45:00,11373.80935680678,1,31
2019-03-26,11367.0,11369.35,11362.65,11365.45,11:50:00,11373.160846634706,1,32
2019-03-26,11364.05,11370.4,11362.2,11369.2,11:55:00,11372.29314695521,1,33
2019-03-26,11364.8,11366.2,11361.65,11365.05,12:00:00,11371.579513911856,1,34
2019-03-26,11367.65,11370.6,11363.75,11366.6,12:05:00,11371.20527449168,1,35
2019-03-26,11364.25,11368.25,11362.15,11368.25,12:10:00,11370.542867397236,1,36
2019-03-26,11366.45,11370.1,11363.45,11364.55,12:15:00,11370.15307050226,1,37
2019-03-26,11374.4,11376.6,11364.65,11366.75,12:20:00,11370.557539978234,1,38
2019-03-26,11374.25,11379.15,11372.3,11375.15,12:25:00,11370.909202837449,1,39
2019-03-26,11371.45,11376.2,11370.4,11374.9,12:30:00,11370.96070732912,1,40
2019-03-26,11371.5,11374.15,11370.85,11371.95,12:35:00,11371.01206853587,1,41
2019-03-26,11374.5,11375.25,11371.85,11372.75,12:40:00,11371.344252484834,1,42
2019-03-26,11372.5,11376.65,11368.9,11374.4,12:45:00,11371.454323676757,1,43
2019-03-26,11370.65,11374.2,11369.75,11372.25,12:50:00,11371.377721421826,1,44
2019-03-26,11372.05,11373.45,11369.9,11371.05,12:55:00,11371.44174795308,1,45
2019-03-26,11373.0,11374.25,11370.9,11372.3,13:00:00,11371.59015290993,1,46
2019-03-26,11373.55,11375.45,11371.6,11374.2,13:05:00,11371.776805013746,1,47
2019-03-26,11377.7,11378.9,11373.25,11374.7,13:10:00,11372.34091882196,1,48
2019-03-26,11389.2,11389.45,11378.3,11379.5,13:15:00,11373.946545600822,1,49
2019-03-26,11408.4,11408.7,11387.9,11390.15,13:20:00,11377.227826972172,1,50
2019-03-26,11406.75,11414.45,11406.65,11408.85,13:25:00,11380.039462498631,1,51
2019-03-26,11410.2,11416.85,11407.5,11407.5,13:30:00,11382.91189464162,1,52
2019-03-26,11408.9,11410.25,11403.85,11409.65,13:35:00,11385.3869522948,1,53
2019-03-26,11405.8,11413.45,11403.2,11409.15,13:40:00,11387.331052076248,1,54
2019-03-26,11404.75,11406.75,11399.25,11406.45,13:45:00,11388.989999497557,1,55
2019-03-26,11401.2,11407.7,11399.1,11404.85,13:50:00,11390.152856688266,1,56
2019-03-26,11407.15,11409.9,11401.45,11401.65,13:55:00,11391.771632241764,1,57
2019-03-26,11405.85,11413.1,11405.4,11407.3,14:00:00,11393.112429171118,1,58
2019-03-26,11410.4,11411.95,11402.9,11406.3,14:05:00,11394.758864488156,1,59
2019-03-26,11412.5,11414.95,11408.05,11411.5,14:10:00,11396.448496441664,1,60
2019-03-26,11408.3,11415.25,11407.65,11412.9,14:15:00,11397.577211066267,1,61
2019-03-26,11414.85,11415.15,11406.4,11409.15,14:20:00,11399.222238583763,1,62
2019-03-26,11428.35,11430.1,11414.85,11415.45,14:25:00,11401.996311099596,1,63
2019-03-26,11437.15,11437.15,11429.2,11429.2,14:30:00,11405.344281471063,1,64
2019-03-26,11444.65,11447.8,11435.7,11436.4,14:35:00,11409.087683235724,1,65
2019-03-26,11467.55,11472.85,11442.6,11444.8,14:40:00,11414.65552292756,1,66
2019-03-26,11468.65,11475.15,11459.75,11468.85,14:45:00,11419.797854077317,1,67
2019-03-26,11475.0,11483.95,11466.5,11469.0,14:50:00,11425.055201308049,1,68
2019-03-26,11472.05,11477.2,11469.3,11476.6,14:55:00,11429.53089642157,1,69
2019-03-26,11481.4,11482.75,11472.35,11472.45,15:00:00,11434.470811048088,1,70
2019-03-26,11480.8,11482.95,11474.8,11482.95,15:05:00,11438.883114757791,1,71
2019-03-26,11486.0,11486.9,11477.0,11480.95,15:10:00,11443.370437161811,1,72
2019-03-26,11484.25,11492.6,11479.2,11487.1,15:15:00,11447.26372886069,1,73
2019-03-26,11492.2,11495.6,11482.3,11484.65,15:20:00,11451.5433737311,1,74
2019-03-26,11493.65,11496.75,11490.45,11493.35,15:25:00,11455.553528613853,1,75
2019-03-27,11537.5,11537.9,11519.95,11524.5,09:15:00,11463.357954460153,2,1
2019-03-27,11531.85,11538.5,11526.65,11537.15,09:20:00,11469.881006416328,2,2
2019-03-27,11528.75,11535.4,11527.35,11530.7,09:25:00,11475.487577233822,2,3
2019-03-27,11526.45,11532.0,11520.8,11528.7,09:30:00,11480.341141306792,2,4
2019-03-27,11506.9,11526.65,11506.55,11526.65,09:35:00,11482.87055642043,2,5
2019-03-27,11506.8,11511.4,11500.3,11506.6,09:40:00,11485.149551047056,2,6
2019-03-27,11516.15,11520.85,11506.15,11506.4,09:45:00,11488.10197475686,2,7
2019-03-27,11522.05,11523.85,11514.8,11515.75,09:50:00,11491.335120018111,2,8
2019-03-27,11527.1,11530.3,11519.5,11521.15,09:55:00,11494.741299064004,2,9
2019-03-27,11516.35,11527.05,11515.25,11525.55,10:00:00,11496.799270581718,2,10
2019-03-27,11515.1,11520.65,11514.65,11515.75,10:05:00,11498.542197192985,2,11
2019-03-27,11523.85,11524.1,11512.45,11515.2,10:10:00,11500.952464126984,2,12
2019-03-27,11529.6,11532.0,11523.45,11523.9,10:15:00,11503.680800876797,2,13
2019-03-27,11534.2,11534.2,11525.85,11529.3,10:20:00,11506.58739126948,2,14
2019-03-27,11533.4,11534.5,11530.5,11533.65,10:25:00,11509.14097305334,2,15
2019-03-27,11526.4,11533.55,11526.3,11533.55,10:30:00,11510.784689905402,2,16
2019-03-27,11529.95,11532.35,11524.45,11526.1,10:35:00,11512.60995753346,2,17
2019-03-27,11539.9,11542.25,11529.8,11530.4,10:40:00,11515.209009196938,2,18
2019-03-27,11538.0,11544.1,11536.3,11540.0,10:45:00,11517.379579749611,2,19
2019-03-27,11544.8,11546.2,11537.75,11538.7,10:50:00,11519.991048344886,2,20
2019-03-27,11539.4,11545.85,11538.8,11544.05,10:55:00,11521.839519931087,2,21
2019-03-27,11534.15,11539.5,11533.15,11539.5,11:00:00,11523.011946604318,2,22
2019-03-27,11536.7,11538.85,11533.85,11534.45,11:05:00,11524.31557073724,2,23
2019-03-27,11542.35,11545.25,11534.95,11536.85,11:10:00,11526.033135428932,2,24
2019-03-27,11537.5,11542.85,11536.35,11542.0,11:15:00,11527.125217769031,2,25
2019-03-27,11539.35,11541.3,11536.4,11537.95,11:20:00,11528.289482743412,2,26
2019-03-27,11525.25,11539.5,11525.25,11539.5,11:25:00,11528.00000819642,2,27
2019-03-27,11512.4,11528.0,11504.6,11526.75,11:30:00,11526.514293130094,2,28
2019-03-27,11515.4,11517.7,11505.45,11512.1,11:35:00,11525.455789022468,2,29
2019-03-27,11519.55,11522.65,11513.85,11515.3,11:40:00,11524.89333292509,2,30
2019-03-27,11514.35,11519.6,11509.6,11519.6,11:45:00,11523.889205979844,2,31
2019-03-27,11514.4,11517.1,11511.45,11515.0,11:50:00,11522.985472077002,2,32
2019-03-27,11508.05,11514.1,11496.9,11513.8,11:55:00,11521.563046164909,2,33
2019-03-27,11509.1,11511.7,11506.0,11508.4,12:00:00,11520.376089387297,2,34
2019-03-27,11512.5,11518.45,11506.8,11509.0,12:05:00,11519.625985636125,2,35
2019-03-27,11511.3,11515.3,11510.85,11513.05,12:10:00,11518.83303462316,2,36
2019-03-27,11511.05,11513.9,11507.15,11511.8,12:15:00,11518.091793230476,2,37
2019-03-27,11539.75,11541.0,11510.75,11512.15,12:20:00,11520.15447958948,2,38
2019-03-27,11528.0,11542.5,11518.65,11540.65,12:25:00,11520.901672009528,2,39
2019-03-27,11530.75,11532.5,11519.25,11528.9,12:30:00,11521.83960800862,2,40
2019-03-27,11530.0,11532.6,11524.4,11530.6,12:35:00,11522.616788198276,2,41
2019-03-27,11538.95,11539.0,11527.85,11530.45,12:40:00,11524.172332179394,2,42
2019-03-27,11539.3,11544.2,11532.8,11539.15,12:45:00,11525.613062448025,2,43
2019-03-27,11538.7,11543.15,11535.1,11539.95,12:50:00,11526.859437452971,2,44
2019-03-27,11528.45,11539.25,11526.15,11539.2,12:55:00,11527.01091960031,2,45
2019-03-27,11528.5,11532.3,11526.75,11528.5,13:00:00,11527.152736781234,2,46
2019-03-27,11522.05,11529.05,11520.15,11528.65,13:05:00,11526.666761849689,2,47
2019-03-27,11528.2,11529.15,11521.4,11522.0,13:10:00,11526.81278453067,2,48
2019-03-27,11532.55,11537.85,11527.8,11527.9,13:15:00,11527.35918600394,2,49
2019-03-27,11531.95,11537.35,11531.8,11532.5,13:20:00,11527.796406384516,2,50
2019-03-27,11532.15,11534.55,11529.45,11532.0,13:25:00,11528.211034347894,2,51
2019-03-27,11516.4,11532.55,11511.35,11532.5,13:30:00,11527.086173933809,2,52
2019-03-27,11499.15,11516.05,11492.9,11515.95,13:35:00,11524.425585940113,2,53
2019-03-27,11489.05,11499.65,11471.15,11499.65,13:40:00,11521.056482517244,2,54
2019-03-27,11438.65,11489.25,11430.6,11489.25,13:45:00,11513.20824608703,2,55
2019-03-27,11438.7,11457.65,11413.0,11437.15,13:50:00,11506.11222265017,2,56
2019-03-27,11448.9,11457.65,11432.8,11438.05,13:55:00,11500.66343954063,2,57
2019-03-27,11446.3,11456.0,11440.95,11449.15,14:00:00,11495.48596910819,2,58
2019-03-27,11428.5,11446.2,11427.85,11446.2,14:05:00,11489.106353002646,2,59
2019-03-27,11445.65,11460.7,11428.8,11428.8,14:10:00,11484.96765271668,2,60
2019-03-27,11444.35,11451.75,11439.1,11445.4,14:15:00,11481.099304838905,2,61
2019-03-27,11458.65,11460.25,11444.55,11444.55,14:20:00,11478.961275806623,2,62
2019-03-27,11457.25,11463.35,11454.1,11457.55,14:25:00,11476.893535253612,2,63
2019-03-27,11480.6,11480.6,11450.05,11457.0,14:30:00,11477.246531896124,2,64
2019-03-27,11478.4,11494.45,11475.5,11480.35,14:35:00,11477.356386001256,2,65
2019-03-27,11481.4,11482.05,11468.45,11478.3,14:40:00,11477.741492096373,2,66
2019-03-27,11473.6,11484.05,11465.65,11481.75,14:45:00,11477.347064277672,2,67
2019-03-27,11469.7,11474.25,11454.85,11473.75,14:50:00,11476.618772441703,2,68
2019-03-27,11467.0,11473.25,11463.9,11469.5,14:55:00,11475.702698875828,2,69
2019-03-27,11458.4,11468.4,11452.95,11465.95,15:00:00,11474.054822792416,2,70
2019-03-27,11459.1,11465.55,11455.9,11459.0,15:05:00,11472.630553955045,2,71
2019-03-27,11449.35,11460.25,11444.65,11460.25,15:10:00,11470.413358340276,2,72
2019-03-27,11439.6,11450.4,11438.75,11449.0,15:15:00,11467.47875278406,2,73
2019-03-27,11428.65,11441.0,11428.1,11439.8,15:20:00,11463.780776328436,2,74
2019-03-27,11433.8,11435.55,11428.8,11428.8,15:25:00,11460.925464297155,2,75
2019-03-28,11473.1,11474.05,11452.45,11460.15,09:15:00,11462.0849438879,3,1
2019-03-28,11484.9,11485.9,11469.8,11472.85,09:20:00,11464.257806374768,3,2
2019-03-28,11479.4,11486.75,11477.35,11484.8,09:25:00,11465.69992005336,3,3
2019-03-28,11482.2,11482.6,11472.7,11479.6,09:30:00,11467.271356238754,3,4
2019-03-28,11486.3,11486.45,11474.6,11482.1,09:35:00,11469.08360802554,3,5
2019-03-28,11482.8,11487.3,11479.45,11486.15,09:40:00,11470.389931070727,3,6
2019-03-28,11493.95,11498.95,11482.4,11483.35,09:45:00,11472.633747159229,3,7
2019-03-28,11503.25,11503.6,11492.65,11493.6,09:50:00,11475.54958076311,3,8
2019-03-28,11514.6,11521.25,11503.3,11503.3,09:55:00,11479.268668309482,3,9
2019-03-28,11510.65,11517.45,11509.75,11514.9,10:00:00,11482.257366565722,3,10
2019-03-28,11512.45,11517.7,11510.4,11510.4,10:05:00,11485.132855464224,3,11
2019-03-28,11502.05,11514.1,11501.7,11512.2,10:10:00,11486.744012086678,3,12
2019-03-28,11509.15,11512.05,11500.75,11501.65,10:15:00,11488.87791569747,3,13
2019-03-28,11502.35,11510.8,11501.55,11508.7,10:20:00,11490.16097134533,3,14
2019-03-28,11501.25,11504.2,11500.45,11501.95,10:25:00,11491.217069312444,3,15
2019-03-28,11490.9,11502.85,11489.25,11501.3,10:30:00,11491.186872235066,3,16
2019-03-28,11491.95,11496.7,11489.55,11490.5,10:35:00,11491.259551069825,3,17
2019-03-28,11495.2,11496.85,11490.5,11492.15,10:40:00,11491.634831920315,3,18
2019-03-28,11492.85,11497.85,11489.5,11496.1,10:45:00,11491.75056221362,3,19
2019-03-28,11503.2,11503.95,11492.65,11493.45,10:50:00,11492.84098485994,3,20
2019-03-28,11498.8,11503.9,11497.65,11503.4,10:55:00,11493.408510111374,3,21
2019-03-28,11509.9,11510.15,11498.7,11499.45,11:00:00,11494.979128196004,3,22
2019-03-28,11507.75,11511.95,11507.75,11509.95,11:05:00,11496.195401701149,3,23
2019-03-28,11508.6,11509.7,11504.0,11507.15,11:10:00,11497.376792015322,3,24
2019-03-28,11504.05,11510.1,11504.05,11508.9,11:15:00,11498.012335632911,3,25
2019-03-28,11503.6,11504.15,11498.75,11503.65,11:20:00,11498.544494144064,3,26
2019-03-28,11495.0,11504.35,11493.3,11503.55,11:25:00,11498.2069232732,3,27
2019-03-28,11495.3,11497.95,11492.8,11495.4,11:30:00,11497.930073437656,3,28
2019-03-28,11502.75,11503.7,11493.85,11495.2,11:35:00,11498.389114062642,3,29
2019-03-28,11504.5,11504.8,11501.15,11502.65,11:40:00,11498.971103199532,3,30
2019-03-28,11504.1,11508.5,11503.15,11505.65,11:45:00,11499.45956956148,3,31
2019-03-28,11499.7,11504.65,11499.3,11503.65,11:50:00,11499.482467698484,3,32
2019-03-28,11502.55,11503.55,11496.05,11499.65,11:55:00,11499.77461363196,3,33
2019-03-28,11499.55,11503.85,11497.2,11503.0,12:00:00,11499.753221857489,3,34
2019-03-28,11507.4,11507.7,11498.3,11499.4,12:05:00,11500.481486442492,3,35
2019-03-28,11509.45,11513.75,11507.1,11507.1,12:10:00,11501.335630590826,3,36
2019-03-28,11519.15,11519.8,11509.45,11509.7,12:15:00,11503.032237201223,3,37
2019-03-28,11521.3,11523.95,11514.95,11519.3,12:20:00,11504.77202413444,3,38
2019-03-28,11514.7,11522.4,11511.1,11521.4,12:25:00,11505.717545645446,3,39
2019-03-28,11517.75,11519.05,11514.25,11514.35,12:30:00,11506.863493679211,3,40
2019-03-28,11519.75,11520.3,11516.75,11517.65,12:35:00,11508.090779995478,3,41
2019-03-28,11521.0,11525.2,11519.75,11519.85,12:40:00,11509.32022951972,3,42
2019-03-28,11508.05,11524.05,11507.9,11522.35,12:45:00,11509.199255279746,3,43
2019-03-28,11511.95,11513.75,11501.4,11509.1,12:50:00,11509.461230967388,3,44
2019-03-28,11514.95,11515.0,11510.35,11512.15,12:55:00,11509.983970875255,3,45
2019-03-28,11509.35,11515.7,11507.6,11515.2,13:00:00,11509.92359269666,3,46
2019-03-28,11516.25,11520.35,11508.25,11509.0,13:05:00,11510.52610767793,3,47
2019-03-28,11519.4,11521.45,11515.0,11515.95,13:10:00,11511.371240280032,3,48
2019-03-28,11510.25,11522.95,11508.75,11519.15,13:15:00,11511.26445549146,3,49
2019-03-28,11508.4,11511.45,11501.55,11510.1,13:20:00,11510.991650206555,3,50
2019-03-28,11509.45,11512.5,11505.85,11508.3,13:25:00,11510.84482637736,3,51
2019-03-28,11516.45,11533.2,11507.95,11509.4,13:30:00,11511.37865243666,3,52
2019-03-28,11519.95,11524.3,11512.65,11516.35,13:35:00,11512.194971252216,3,53
2019-03-28,11536.4,11538.15,11518.25,11520.6,13:40:00,11514.500212085337,3,54
2019-03-28,11541.2,11545.95,11534.9,11536.0,13:45:00,11517.04304902959,3,55
2019-03-28,11556.15,11556.8,11540.4,11541.85,13:50:00,11520.767520550582,3,56
2019-03-28,11551.1,11560.45,11543.4,11557.45,13:55:00,11523.656328117191,3,57
2019-03-28,11555.3,11555.8,11543.1,11552.2,14:00:00,11526.67001115365,3,58
2019-03-28,11554.75,11560.0,11551.9,11555.1,14:05:00,11529.344295805684,3,59
2019-03-28,11560.9,11561.45,11551.45,11554.3,14:10:00,11532.349600967049,3,60
2019-03-28,11556.45,11563.4,11555.3,11560.95,14:15:00,11534.644877065424,3,61
2019-03-28,11560.65,11561.45,11553.6,11556.4,14:20:00,11537.121555440146,3,62
2019-03-28,11547.3,11565.25,11546.55,11560.9,14:25:00,11538.090931112512,3,63
2019-03-28,11543.55,11555.1,11540.1,11548.25,14:30:00,11538.61084243513,3,64
2019-03-28,11532.6,11545.95,11529.5,11543.8,14:35:00,11538.038381250832,3,65
2019-03-28,11540.7,11542.65,11531.55,11532.35,14:40:00,11538.291868750754,3,66
2019-03-28,11549.35,11554.05,11541.15,11541.15,14:45:00,11539.345024107824,3,67
2019-03-28,11553.1,11555.25,11547.5,11549.1,14:50:00,11540.65502181184,3,68
2019-03-28,11550.15,11557.85,11549.7,11553.5,14:55:00,11541.559305448807,3,69
2019-03-28,11568.7,11570.95,11547.0,11550.85,15:00:00,11544.144133501302,3,70
2019-03-28,11557.1,11568.75,11556.4,11568.75,15:05:00,11545.378025548796,3,71
2019-03-28,11570.75,11573.3,11554.65,11558.55,15:10:00,11547.79440406796,3,72
2019-03-28,11575.95,11577.8,11571.2,11572.5,15:15:00,11550.47588939482,3,73
2019-03-28,11578.65,11580.65,11574.3,11576.7,15:20:00,11553.159138023886,3,74
2019-03-28,11581.5,11588.5,11575.75,11579.0,15:25:00,11555.858267735895,3,75
2019-03-29,11618.85,11630.2,11606.9,11620.3,09:15:00,11561.857480332475,4,1
2019-03-29,11622.4,11624.55,11614.85,11618.1,09:20:00,11567.623434586529,4,2
2019-03-29,11610.75,11624.7,11610.1,11623.3,09:25:00,11571.730726530666,4,3
2019-03-29,11595.05,11610.25,11590.2,11610.2,09:30:00,11573.951609718222,4,4
2019-03-29,11581.1,11596.15,11581.1,11595.15,09:35:00,11574.63240879268,4,5
2019-03-29,11589.45,11591.75,11570.15,11581.85,09:40:00,11576.04360795528,4,6
2019-03-29,11591.5,11597.55,11587.0,11588.85,09:45:00,11577.515645292871,4,7
2019-03-29,11589.35,11593.85,11579.1,11590.85,09:50:00,11578.642726693552,4,8
2019-03-29,11590.25,11593.05,11583.2,11589.1,09:55:00,11579.748181294166,4,9
2019-03-29,11585.05,11591.95,11584.45,11590.05,10:00:00,11580.253116409009,4,10
2019-03-29,11597.6,11597.65,11581.1,11585.65,10:05:00,11581.905200560532,4,11
2019-03-29,11595.95,11599.6,11592.15,11598.0,10:10:00,11583.242800507149,4,12
2019-03-29,11594.2,11596.35,11587.55,11596.35,10:15:00,11584.286343315993,4,13
2019-03-29,11589.5,11596.3,11588.05,11594.65,10:20:00,11584.7828820478,4,14
2019-03-29,11590.5,11596.7,11587.95,11589.75,10:25:00,11585.32736947182,4,15
2019-03-29,11589.4,11591.8,11583.2,11590.75,10:30:00,11585.715239045934,4,16
2019-03-29,11585.85,11589.85,11582.7,11589.55,10:35:00,11585.728073422511,4,17
2019-03-29,11583.25,11586.3,11579.75,11586.3,10:40:00,11585.492066429892,4,18
2019-03-29,11579.8,11583.5,11573.45,11583.5,10:45:00,11584.94996486514,4,19
2019-03-29,11581.3,11586.15,11579.55,11580.35,10:50:00,11584.6023491637,4,20
2019-03-29,11574.7,11581.2,11570.3,11581.05,10:55:00,11583.659268290969,4,21
2019-03-29,11587.2,11587.45,11573.4,11574.6,11:00:00,11583.996480834683,4,22
2019-03-29,11583.9,11589.2,11583.15,11587.0,11:05:00,11583.98729218376,4,23
2019-03-29,11582.65,11585.5,11580.4,11583.75,11:10:00,11583.859931023404,4,24
2019-03-29,11591.45,11591.5,11580.3,11583.0,11:15:00,11584.58279473546,4,25
2019-03-29,11588.5,11594.0,11588.05,11591.95,11:20:00,11584.955861903512,4,26
2019-03-29,11580.25,11589.55,11578.55,11588.35,11:25:00,11584.507684579368,4,27
2019-03-29,11581.6,11586.1,11577.8,11579.5,11:30:00,11584.230762238476,4,28
2019-03-29,11580.75,11585.55,11579.7,11581.55,11:35:00,11583.899261072906,4,29
2019-03-29,11584.05,11584.15,11579.95,11581.3,11:40:00,11583.9136171612,4,30
2019-03-29,11583.55,11585.95,11581.85,11584.15,11:45:00,11583.878986955371,4,31
2019-03-29,11586.55,11587.25,11584.05,11584.05,11:50:00,11584.1333691501,4,32
2019-03-29,11590.8,11596.15,11586.1,11586.9,11:55:00,11584.7682863739,4,33
2019-03-29,11587.9,11591.35,11585.25,11590.25,12:00:00,11585.066544814485,4,34
2019-03-29,11590.3,11590.3,11586.2,11587.75,12:05:00,11585.564969117866,4,35
2019-03-29,11590.35,11592.1,11589.0,11590.4,12:10:00,11586.020686344737,4,36
2019-03-29,11585.0,11590.55,11580.95,11590.55,12:15:00,11585.923478121427,4,37
2019-03-29,11585.1,11588.85,11584.05,11585.15,12:20:00,11585.845051633674,4,38
2019-03-29,11580.4,11589.5,11580.4,11585.25,12:25:00,11585.32647528761,4,39
2019-03-29,11585.55,11585.55,11580.35,11581.1,12:30:00,11585.347763355456,4,40
2019-03-29,11586.95,11589.75,11585.0,11585.95,12:35:00,11585.500357321602,4,41
2019-03-29,11592.2,11594.5,11586.85,11587.25,12:40:00,11586.138418529068,4,42
2019-03-29,11596.05,11597.25,11589.4,11591.75,12:45:00,11587.082378669156,4,43
2019-03-29,11590.45,11596.9,11590.1,11595.6,12:50:00,11587.40310451019,4,44
2019-03-29,11593.65,11595.3,11589.6,11590.8,12:55:00,11587.99804693779,4,45
2019-03-29,11588.3,11595.7,11587.5,11594.25,13:00:00,11588.026804372286,4,46
2019-03-29,11594.2,11594.55,11588.0,11588.2,13:05:00,11588.614727765402,4,47
2019-03-29,11595.15,11598.95,11592.6,11594.1,13:10:00,11589.237134644887,4,48
2019-03-29,11601.1,11601.75,11594.1,11595.35,13:15:00,11590.366931345374,4,49
2019-03-29,11603.1,11610.0,11600.8,11601.05,13:20:00,11591.579604550578,4,50
2019-03-29,11601.0,11604.75,11600.6,11603.25,13:25:00,11592.47678506957,4,51
2019-03-29,11610.45,11610.9,11599.95,11600.85,13:30:00,11594.18851982485,4,52
2019-03-29,11605.7,11610.4,11604.2,11609.8,13:35:00,11595.284851270102,4,53
2019-03-29,11608.75,11609.7,11604.2,11606.7,13:40:00,11596.567246387236,4,54
2019-03-29,11592.9,11609.9,11592.2,11609.9,13:45:00,11596.217984826548,4,55
2019-03-29,11591.15,11597.8,11590.65,11591.75,13:50:00,11595.735319604972,4,56
2019-03-29,11586.0,11592.05,11582.2,11589.95,13:55:00,11594.80814630926,4,57
2019-03-29,11588.95,11590.75,11584.7,11585.7,14:00:00,11594.25022761314,4,58
2019-03-29,11593.95,11597.55,11586.9,11588.7,14:05:00,11594.221634507128,4,59
2019-03-29,11599.25,11599.25,11591.65,11594.1,14:10:00,11594.70052645883,4,60
2019-03-29,11599.45,11605.4,11598.0,11599.45,14:15:00,11595.152857272276,4,61
2019-03-29,11602.9,11604.8,11598.5,11601.15,14:20:00,11595.8906803892,4,62
2019-03-29,11618.55,11618.95,11601.4,11603.7,14:25:00,11598.048710828323,4,63
2019-03-29,11616.85,11625.15,11610.45,11618.35,14:30:00,11599.839309797057,4,64
2019-03-29,11618.7,11619.9,11614.55,11616.75,14:35:00,11601.635566006858,4,65
2019-03-29,11608.0,11624.65,11605.95,11619.05,14:40:00,11602.241702577634,4,66
2019-03-29,11616.05,11625.25,11607.95,11610.2,14:45:00,11603.55677852262,4,67
2019-03-29,11622.0,11626.55,11617.4,11618.25,14:50:00,11605.313275806182,4,68
2019-03-29,11625.5,11629.55,11611.15,11624.55,14:55:00,11607.235820967497,4,69
2019-03-29,11621.1,11628.25,11619.9,11626.0,15:00:00,11608.556218970592,4,70
2019-03-29,11621.95,11626.3,11621.15,11621.75,15:05:00,11609.83181716387,4,71
2019-03-29,11620.95,11627.95,11619.6,11622.3,15:10:00,11610.890691719693,4,72
2019-03-29,11620.65,11625.25,11615.35,11621.7,15:15:00,11611.82014965115,4,73
2019-03-29,11629.8,11629.8,11620.05,11621.1,15:20:00,11613.53251635104,4,74
2019-03-29,11611.4,11630.35,11611.1,11630.25,15:25:00,11613.329419555705,4,75
2019-04-01,11680.65,11687.8,11666.4,11670.9,09:15:00,11619.740903407544,0,1
2019-04-01,11690.0,11698.55,11679.45,11681.1,09:20:00,11626.43224594016,0,2
2019-04-01,11691.55,11699.7,11689.3,11690.55,09:25:00,11632.633936803002,0,3
2019-04-01,11682.55,11694.2,11682.1,11691.35,09:30:00,11637.387847583668,0,4
2019-04-01,11684.4,11688.7,11680.2,11682.4,09:35:00,11641.865195432842,0,5
2019-04-01,11688.3,11688.7,11681.8,11684.6,09:40:00,11646.28755777257,0,6
2019-04-01,11693.7,11693.7,11681.5,11687.85,09:45:00,11650.803028460898,0,7
2019-04-01,11697.95,11699.35,11692.85,11694.0,09:50:00,11655.293216226528,0,8
2019-04-01,11697.45,11698.55,11692.05,11698.25,09:55:00,11659.308148014476,0,9
2019-04-01,11698.65,11699.75,11693.35,11697.4,10:00:00,11663.054991060715,0,10
2019-04-01,11703.9,11707.1,11698.5,11698.5,10:05:00,11666.944991912076,0,11
2019-04-01,11705.0,11706.5,11700.5,11704.45,10:10:00,11670.56927839664,0,12
2019-04-01,11709.35,11711.4,11702.9,11704.85,10:15:00,11674.262680454103,0,13
2019-04-01,11714.9,11715.65,11708.35,11709.55,10:20:00,11678.132901363237,0,14
2019-04-01,11708.8,11715.5,11708.6,11714.85,10:25:00,11681.053577423882,0,15
2019-04-01,11705.55,11710.9,11701.35,11708.9,10:30:00,11683.386570050176,0,16
2019-04-01,11692.35,11705.45,11692.1,11705.45,10:35:00,11684.240230045398,0,17
2019-04-01,11693.15,11697.7,11690.7,11692.2,10:40:00,11685.088779564883,0,18
2019-04-01,11694.1,11695.15,11688.8,11693.35,10:45:00,11685.946991034894,0,19
2019-04-01,11688.5,11694.55,11687.4,11693.5,10:50:00,11686.190134745855,0,20
2019-04-01,11687.1,11689.5,11683.1,11688.15,10:55:00,11686.276788579584,0,21
2019-04-01,11690.0,11692.25,11686.0,11686.85,11:00:00,11686.631380143432,0,22
2019-04-01,11688.85,11691.65,11685.1,11689.25,11:05:00,11686.84267727263,0,23
2019-04-01,11687.65,11689.85,11683.05,11689.4,11:10:00,11686.919565151427,0,24
2019-04-01,11682.8,11689.95,11681.3,11687.3,11:15:00,11686.527225613196,0,25
2019-04-01,11686.8,11689.6,11679.15,11682.1,11:20:00,11686.553204126223,0,26
2019-04-01,11687.6,11692.7,11685.6,11686.1,11:25:00,11686.652898971346,0,27
2019-04-01,11691.7,11692.4,11687.0,11687.05,11:30:00,11687.13357525979,0,28
2019-04-01,11695.4,11699.8,11692.05,11692.3,11:35:00,11687.920853806478,0,29
2019-04-01,11700.45,11702.55,11695.25,11695.25,11:40:00,11689.114105824909,0,30
2019-04-01,11704.85,11705.2,11697.95,11700.0,11:45:00,11690.612762413011,0,31
2019-04-01,11702.7,11706.8,11700.4,11704.4,11:50:00,11691.763927897488,0,32
2019-04-01,11701.95,11702.55,11693.55,11702.55,11:55:00,11692.73403000249,0,33
2019-04-01,11692.6,11706.0,11692.35,11701.35,12:00:00,11692.721265240349,0,34
2019-04-01,11697.8,11699.0,11692.35,11692.5,12:05:00,11693.204954265078,0,35
2019-04-01,11693.75,11697.95,11691.75,11697.45,12:10:00,11693.256863382689,0,36
2019-04-01,11691.35,11694.1,11688.45,11693.3,12:15:00,11693.075257346243,0,37
2019-04-01,11695.25,11696.4,11690.7,11691.0,12:20:00,11693.282375694222,0,38
2019-04-01,11696.25,11698.1,11693.95,11695.3,12:25:00,11693.565006580486,0,39
2019-04-01,11700.25,11704.05,11694.7,11696.2,12:30:00,11694.201672620438,0,40
2019-04-01,11705.85,11709.2,11698.8,11700.2,12:35:00,11695.311037132778,0,41
2019-04-01,11710.45,11712.15,11704.9,11705.7,12:40:00,11696.752843120132,0,42
2019-04-01,11710.75,11713.65,11705.65,11710.25,12:45:00,11698.08590568012,0,43
2019-04-01,11708.3,11710.65,11705.0,11710.65,12:50:00,11699.058676567727,0,44
2019-04-01,11708.6,11711.7,11707.55,11708.6,12:55:00,11699.96737403747,0,45
2019-04-01,11708.0,11711.7,11707.65,11709.15,13:00:00,11700.7323860339,0,46
2019-04-01,11710.5,11713.85,11707.4,11707.5,13:05:00,11701.662634983051,0,47
2019-04-01,11710.75,11714.7,11706.7,11710.45,13:10:00,11702.528098317998,0,48
2019-04-01,11707.05,11713.9,11707.05,11710.65,13:15:00,11702.958755621046,0,49
2019-04-01,11706.65,11708.25,11705.15,11706.9,13:20:00,11703.310302704756,0,50
2019-04-01,11700.9,11707.4,11700.9,11705.75,13:25:00,11703.080750066209,0,51
2019-04-01,11704.75,11707.15,11699.9,11700.6,13:30:00,11703.23972625038,0,52
2019-04-01,11704.0,11705.25,11701.85,11703.75,13:35:00,11703.312133274152,0,53
2019-04-01,11709.85,11711.95,11703.65,11703.65,13:40:00,11703.934787248045,0,54
2019-04-01,11712.6,11713.9,11708.95,11709.5,13:45:00,11704.760045605371,0,55
2019-04-01,11709.35,11714.65,11708.6,11712.1,13:50:00,11705.197184119146,0,56
2019-04-01,11709.45,11710.75,11707.25,11708.65,13:55:00,11705.602214203038,0,57
2019-04-01,11718.65,11722.3,11708.8,11709.25,14:00:00,11706.844860469417,0,58
2019-04-01,11724.95,11726.8,11718.25,11718.6,14:05:00,11708.569159472328,0,59
2019-04-01,11722.75,11728.0,11722.65,11724.65,14:10:00,11709.91971571306,0,60
2019-04-01,11725.45,11728.1,11720.9,11721.9,14:15:00,11711.398790407056,0,61
2019-04-01,11726.9,11729.45,11720.4,11725.25,14:20:00,11712.875096082573,0,62
2019-04-01,11724.5,11727.75,11718.55,11725.5,14:25:00,11713.982229788997,0,63
2019-04-01,11732.15,11737.25,11724.35,11724.35,14:30:00,11715.712493618616,0,64
2019-04-01,11734.9,11738.1,11730.8,11731.45,14:35:00,11717.539875178749,0,65
2019-04-01,11714.6,11736.7,11711.5,11733.85,14:40:00,11717.259887066484,0,66
2019-04-01,11717.45,11720.75,11711.2,11714.2,14:45:00,11717.277993060154,0,67
2019-04-01,11715.5,11721.4,11711.15,11717.3,14:50:00,11717.108660387756,0,68
2019-04-01,11716.15,11723.65,11714.1,11715.15,14:55:00,11717.017359398447,0,69
2019-04-01,11701.05,11715.9,11697.7,11715.85,15:00:00,11715.496658503356,0,70
2019-04-01,11678.55,11702.6,11672.7,11701.15,15:05:00,11711.977929122084,0,71
2019-04-01,11671.3,11678.15,11659.7,11678.15,15:10:00,11708.103840634263,0,72
2019-04-01,11659.15,11670.2,11645.3,11670.2,15:15:00,11703.441570097668,0,73
2019-04-01,11647.45,11659.8,11647.35,11658.95,15:20:00,11698.109039612174,0,74
2019-04-01,11654.15,11657.4,11647.3,11647.9,15:25:00,11693.922464411016,0,75
2019-04-02,11681.0,11704.8,11675.4,11703.95,09:15:00,11692.691753514728,1,1
2019-04-02,11670.4,11679.95,11668.1,11679.9,09:20:00,11690.568729370469,1,2
2019-04-02,11673.9,11673.9,11655.85,11670.95,09:25:00,11688.981231335183,1,3
2019-04-02,11685.05,11685.75,11674.1,11674.95,09:30:00,11688.60682835088,1,4
2019-04-02,11687.6,11693.25,11680.25,11685.6,09:35:00,11688.510939936512,1,5
2019-04-02,11679.7,11688.5,11678.2,11687.85,09:40:00,11687.6718027997,1,6
2019-04-02,11680.3,11685.95,11678.2,11680.15,09:45:00,11686.969726342586,1,7
2019-04-02,11675.65,11685.45,11675.65,11680.75,09:50:00,11685.891657167102,1,8
2019-04-02,11661.15,11676.2,11659.9,11675.8,09:55:00,11683.535308865474,1,9
2019-04-02,11667.3,11669.8,11660.5,11660.9,10:00:00,11681.989088973523,1,10
2019-04-02,11672.95,11678.55,11664.65,11667.15,10:05:00,11681.128223356998,1,11
2019-04-02,11680.45,11681.0,11669.5,11672.85,10:10:00,11681.063630656332,1,12
2019-04-02,11678.95,11682.25,11676.05,11680.6,10:15:00,11680.862332498586,1,13
2019-04-02,11675.7,11679.95,11675.3,11679.6,10:20:00,11680.370681784436,1,14
2019-04-02,11674.45,11676.15,11670.3,11675.65,10:25:00,11679.806807328776,1,15
2019-04-02,11662.8,11674.7,11662.7,11674.15,10:30:00,11678.187111392705,1,16
2019-04-02,11666.15,11670.9,11662.2,11662.2,10:35:00,11677.040719831492,1,17
2019-04-02,11672.5,11672.65,11665.6,11666.35,10:40:00,11676.608270323732,1,18
2019-04-02,11676.15,11679.0,11671.4,11672.15,10:45:00,11676.564625530997,1,19
2019-04-02,11670.55,11678.7,11668.65,11675.95,10:50:00,11675.991804051851,1,20
2019-04-02,11674.1,11677.4,11670.4,11670.4,10:55:00,11675.81163223739,1,21
2019-04-02,11665.15,11674.6,11664.65,11673.6,11:00:00,11674.796238690971,1,22
2019-04-02,11674.2,11675.35,11664.75,11664.75,11:05:00,11674.73945405374,1,23
2019-04-02,11674.9,11676.35,11672.45,11673.6,11:10:00,11674.754744143858,1,24
2019-04-02,11678.8,11678.8,11674.35,11675.2,11:15:00,11675.140006606349,1,25
2019-04-02,11692.3,11692.9,11678.85,11678.85,11:20:00,11676.774291691456,1,26
2019-04-02,11697.0,11697.0,11688.55,11692.5,11:25:00,11678.700549625602,1,27
2019-04-02,11701.25,11704.55,11694.05,11696.65,11:30:00,11680.848116327925,1,28
2019-04-02,11691.65,11701.5,11691.3,11700.1,11:35:00,11681.876867153836,1,29
2019-04-02,11686.85,11692.2,11684.4,11691.95,11:40:00,11682.350498853471,1,30
2019-04-02,11694.15,11694.15,11683.6,11686.95,11:45:00,11683.474260867428,1,31
2019-04-02,11694.75,11696.6,11690.45,11693.85,11:50:00,11684.548140784816,1,32
2019-04-02,11701.05,11701.5,11692.65,11695.15,11:55:00,11686.119746424356,1,33
2019-04-02,11701.95,11705.2,11696.35,11701.25,12:00:00,11687.627389622035,1,34
2019-04-02,11706.55,11707.15,11700.8,11701.8,12:05:00,11689.429542991367,1,35
2019-04-02,11702.7,11706.95,11700.6,11705.8,12:10:00,11690.693396039807,1,36
2019-04-02,11709.2,11709.9,11700.45,11702.9,12:15:00,11692.455929750302,1,37
2019-04-02,11712.0,11714.55,11708.5,11709.5,12:20:00,11694.317269774085,1,38
2019-04-02,11706.1,11712.55,11705.15,11711.35,12:25:00,11695.439434557504,1,39
2019-04-02,11706.25,11708.5,11701.9,11706.2,12:30:00,11696.469012218691,1,40
2019-04-02,11709.65,11712.25,11703.4,11705.8,12:35:00,11697.724344388342,1,41
2019-04-02,11712.0,11713.05,11705.9,11709.8,12:40:00,11699.08393063707,1,42
2019-04-02,11710.3,11713.5,11708.3,11712.45,12:45:00,11700.152127719257,1,43
2019-04-02,11689.15,11711.35,11688.2,11711.35,12:50:00,11699.104306031708,1,44
2019-04-02,11690.95,11694.25,11686.25,11689.9,12:55:00,11698.32770545726,1,45
2019-04-02,11680.9,11691.6,11680.35,11691.6,13:00:00,11696.66792398514,1,46
2019-04-02,11691.45,11694.25,11680.95,11682.6,13:05:00,11696.170978843698,1,47
2019-04-02,11702.25,11703.35,11690.9,11692.9,13:10:00,11696.749933239536,1,48
2019-04-02,11700.4,11704.6,11697.4,11704.05,13:15:00,11697.097558645297,1,49
2019-04-02,11707.2,11711.05,11700.2,11702.3,13:20:00,11698.059695917173,1,50
2019-04-02,11706.7,11709.45,11702.35,11708.7,13:25:00,11698.882582020298,1,51
2019-04-02,11695.25,11708.65,11694.85,11708.1,13:30:00,11698.53662182789,1,52
2019-04-02,11703.0,11703.7,11693.9,11693.9,13:35:00,11698.96170546333,1,53
2019-04-02,11697.05,11706.3,11695.8,11702.6,13:40:00,11698.779638276346,1,54
2019-04-02,11694.4,11696.9,11687.1,11695.95,13:45:00,11698.362529869077,1,55
2019-04-02,11698.0,11702.75,11693.7,11694.0,13:50:00,11698.328003214878,1,56
2019-04-02,11705.6,11706.55,11695.9,11697.2,13:55:00,11699.020574337272,1,57
2019-04-02,11703.0,11708.15,11702.45,11705.45,14:00:00,11699.399567257533,1,58
2019-04-02,11698.95,11702.65,11691.6,11702.55,14:05:00,11699.356751328243,1,59
2019-04-02,11676.3,11698.3,11674.9,11698.3,14:10:00,11697.160870249363,1,60
2019-04-02,11673.35,11676.65,11663.4,11674.8,14:15:00,11694.893168320852,1,61
2019-04-02,11677.95,11683.35,11669.0,11673.25,14:20:00,11693.279533242676,1,62
2019-04-02,11690.4,11692.15,11676.7,11677.0,14:25:00,11693.005291981468,1,63
2019-04-02,11678.6,11692.2,11676.7,11689.15,14:30:00,11691.633359411804,1,64
2019-04-02,11685.7,11688.25,11675.9,11678.25,14:35:00,11691.06827756306,1,65
2019-04-02,11679.25,11688.4,11678.15,11684.9,14:40:00,11689.942727318958,1,66
2019-04-02,11684.1,11689.7,11677.0,11678.7,14:45:00,11689.386277098103,1,67
2019-04-02,11697.25,11699.6,11683.25,11683.25,14:50:00,11690.13520308876,1,68
2019-04-02,11695.4,11697.6,11691.5,11694.75,14:55:00,11690.636612318403,1,69
2019-04-02,11697.55,11699.55,11690.6,11695.35,15:00:00,11691.29503019284,1,70
2019-04-02,11705.15,11708.4,11697.15,11697.15,15:05:00,11692.614551126857,1,71
2019-04-02,11707.95,11715.05,11705.45,11705.9,15:10:00,11694.075070067156,1,72
2019-04-02,11723.35,11725.85,11708.25,11708.3,15:15:00,11696.863158632188,1,73
2019-04-02,11722.65,11729.35,11719.15,11722.85,15:20:00,11699.319048286266,1,74
2019-04-02,11722.25,11724.95,11716.4,11722.85,15:25:00,11701.50294844948,1,75
2019-04-03,11754.4,11756.85,11731.1,11733.75,09:15:00,11706.540762882862,2,1
2019-04-03,11752.15,11754.45,11745.15,11754.45,09:20:00,11710.88449975116,2,2
2019-04-03,11744.0,11761.0,11744.0,11752.6,09:25:00,11714.038356917716,2,3
2019-04-03,11753.2,11754.05,11742.55,11745.45,09:30:00,11717.768037211268,2,4
2019-04-03,11751.75,11759.1,11748.25,11752.45,09:35:00,11721.00441461972,2,5
2019-04-03,11746.1,11753.05,11741.45,11751.7,09:40:00,11723.394470370222,2,6
2019-04-03,11745.75,11752.45,11741.05,11745.5,09:45:00,11725.5235684302,2,7
2019-04-03,11748.15,11750.3,11744.55,11745.7,09:50:00,11727.678466674945,2,8
2019-04-03,11747.6,11750.6,11744.2,11747.35,09:55:00,11729.575755563044,2,9
2019-04-03,11746.6,11751.6,11745.6,11747.3,10:00:00,11731.197112176087,2,10
2019-04-03,11750.2,11755.75,11746.1,11746.5,10:05:00,11733.006911016462,2,11
2019-04-03,11750.75,11753.45,11749.85,11750.5,10:10:00,11734.696729014897,2,12
2019-04-03,11743.2,11750.65,11739.7,11749.55,10:15:00,11735.50656434681,2,13
2019-04-03,11746.85,11747.4,11740.6,11743.05,10:20:00,11736.586891551877,2,14
2019-04-03,11742.05,11746.6,11739.15,11745.6,10:25:00,11737.107187594553,2,15
2019-04-03,11738.85,11741.75,11734.5,11741.75,10:30:00,11737.273169728403,2,16
2019-04-03,11747.15,11749.9,11738.05,11738.7,10:35:00,11738.21382023046,2,17
2019-04-03,11750.05,11750.05,11744.7,11746.65,10:40:00,11739.341075446608,2,18
2019-04-03,11746.8,11752.75,11746.35,11749.7,10:45:00,11740.051449213595,2,19
2019-04-03,11754.3,11755.55,11742.05,11746.1,10:50:00,11741.408454050395,2,20
2019-04-03,11744.1,11754.9,11744.1,11753.5,10:55:00,11741.664791759884,2,21
2019-04-03,11742.35,11746.85,11741.9,11744.4,11:00:00,11741.730049687514,2,22
2019-04-03,11740.45,11747.45,11739.6,11741.9,11:05:00,11741.608140193464,2,23
2019-04-03,11736.95,11742.1,11734.95,11740.55,11:10:00,11741.164507794088,2,24
2019-04-03,11740.9,11741.75,11735.1,11736.3,11:15:00,11741.139316575604,2,25
2019-04-03,11738.95,11741.1,11737.95,11740.85,11:20:00,11740.93081023507,2,26
2019-04-03,11740.0,11741.6,11737.1,11738.55,11:25:00,11740.842161641254,2,27
2019-04-03,11730.5,11741.65,11727.8,11739.55,11:30:00,11739.857193865895,2,28
2019-04-03,11726.35,11731.3,11724.35,11730.1,11:35:00,11738.570794450095,2,29
2019-04-03,11729.55,11730.6,11725.7,11726.6,11:40:00,11737.711671169136,2,30
2019-04-03,11724.15,11729.95,11721.85,11727.75,11:45:00,11736.420083438745,2,31
2019-04-03,11727.0,11731.35,11722.4,11722.4,11:50:00,11735.522932635053,2,32
2019-04-03,11734.9,11736.15,11725.3,11725.3,11:55:00,11735.463605717428,2,33
2019-04-03,11733.0,11735.9,11732.55,11734.85,12:00:00,11735.228976601482,2,34
2019-04-03,11735.95,11738.05,11732.05,11732.95,12:05:00,11735.29764549658,2,35
2019-04-03,11737.3,11737.85,11735.25,11735.85,12:10:00,11735.488345925478,2,36
2019-04-03,11734.7,11739.25,11734.65,11737.55,12:15:00,11735.413265361149,2,37
2019-04-03,11731.6,11734.8,11730.65,11734.35,12:20:00,11735.050097231511,2,38
2019-04-03,11729.65,11731.8,11727.9,11730.95,12:25:00,11734.535802257084,2,39
2019-04-03,11737.95,11741.5,11729.0,11729.0,12:30:00,11734.860963946883,2,40
2019-04-03,11735.65,11740.15,11735.05,11736.95,12:35:00,11734.936110237655,2,41
2019-04-03,11734.7,11736.1,11733.4,11735.15,12:40:00,11734.913623548357,2,42
2019-04-03,11739.25,11739.35,11734.7,11734.8,12:45:00,11735.326611781846,2,43
2019-04-03,11739.0,11743.5,11738.75,11739.35,12:50:00,11735.676458278813,2,44
2019-04-03,11737.25,11739.5,11735.7,11738.6,12:55:00,11735.826319395115,2,45
2019-04-03,11738.8,11740.05,11736.95,11737.05,13:00:00,11736.109527071772,2,46
2019-04-03,11739.5,11740.05,11736.15,11738.1,13:05:00,11736.432429255412,2,47
2019-04-03,11748.5,11749.1,11738.95,11739.0,13:10:00,11737.581721707276,2,48
2019-04-03,11750.1,11751.45,11746.1,11748.3,13:15:00,11738.773938687536,2,49
2019-04-03,11742.6,11752.7,11740.7,11749.75,13:20:00,11739.1383254792,2,50
2019-04-03,11740.8,11744.55,11740.8,11742.45,13:25:00,11739.296580195463,2,51
2019-04-03,11743.6,11745.05,11737.2,11739.9,13:30:00,11739.706429700658,2,52
2019-04-03,11737.2,11747.25,11737.2,11743.85,13:35:00,11739.46772211012,2,53
2019-04-03,11734.35,11740.55,11733.4,11737.65,13:40:00,11738.980320004392,2,54
2019-04-03,11737.85,11738.05,11733.15,11734.65,13:45:00,11738.872670480165,2,55
2019-04-03,11738.8,11745.85,11738.5,11738.5,13:50:00,11738.865749482056,2,56
2019-04-03,11733.15,11739.0,11733.0,11739.0,13:55:00,11738.321392388529,2,57
2019-04-03,11735.25,11738.0,11732.3,11733.5,14:00:00,11738.028878827714,2,58
2019-04-03,11704.85,11737.3,11703.35,11735.6,14:05:00,11734.868985606026,2,59
2019-04-03,11715.75,11716.0,11698.05,11704.25,14:10:00,11733.048129834024,2,60
2019-04-03,11708.55,11716.5,11701.8,11715.85,14:15:00,11730.714974611736,2,61
2019-04-03,11714.45,11718.9,11704.55,11707.7,14:20:00,11729.165929410618,2,62
2019-04-03,11708.55,11714.25,11703.75,11713.0,14:25:00,11727.202507561988,2,63
2019-04-03,11681.8,11708.55,11672.35,11708.2,14:30:00,11722.87845922275,2,64
2019-04-03,11683.35,11685.8,11674.55,11681.9,14:35:00,11719.113844058678,2,65
2019-04-03,11689.3,11696.25,11682.2,11683.45,14:40:00,11716.274430338804,2,66
2019-04-03,11690.2,11698.1,11687.95,11689.0,14:45:00,11713.791151258918,2,67
2019-04-03,11680.1,11693.95,11673.3,11689.8,14:50:00,11710.58247018664,2,68
2019-04-03,11676.9,11682.5,11668.65,11679.45,14:55:00,11707.37461588315,2,69
2019-04-03,11656.55,11681.0,11655.4,11676.2,15:00:00,11702.534176275232,2,70
2019-04-03,11660.4,11661.1,11651.75,11656.15,15:05:00,11698.521397582354,2,71
2019-04-03,11640.85,11660.65,11636.1,11659.95,15:10:00,11693.028883526891,2,72
2019-04-03,11639.2,11645.6,11629.15,11640.65,15:15:00,11687.902323190998,2,73
2019-04-03,11638.0,11642.6,11634.8,11639.05,15:20:00,11683.149720982332,2,74
2019-04-03,11637.7,11642.45,11635.2,11638.1,15:25:00,11678.821176126872,2,75
2019-04-04,11647.7,11661.3,11638.6,11655.7,09:15:00,11675.85725459098,3,1
2019-04-04,11632.25,11651.2,11630.75,11648.3,09:20:00,11671.704182725174,3,2
2019-04-04,11639.5,11642.3,11631.7,11632.4,09:25:00,11668.637117703727,3,3
2019-04-04,11652.35,11655.15,11637.45,11639.25,09:30:00,11667.085963636708,3,4
2019-04-04,11648.65,11654.75,11648.1,11652.65,09:35:00,11665.330157576069,3,5
2019-04-04,11653.15,11657.0,11647.8,11648.45,09:40:00,11664.170142568822,3,6
2019-04-04,11651.45,11654.3,11648.85,11653.55,09:45:00,11662.95870041941,3,7
2019-04-04,11645.1,11651.65,11638.3,11651.55,09:50:00,11661.25787180804,3,8
2019-04-04,11640.95,11645.5,11639.9,11645.5,09:55:00,11659.323788778704,3,9
2019-04-04,11640.45,11645.4,11639.8,11640.8,10:00:00,11657.526285085494,3,10
2019-04-04,11636.25,11640.65,11636.25,11640.15,10:05:00,11655.49997222021,3,11
2019-04-04,11636.9,11638.65,11633.35,11635.75,10:10:00,11653.728546294476,3,12
2019-04-04,11620.05,11637.0,11618.45,11637.0,10:15:00,11650.521065695,3,13
2019-04-04,11619.7,11622.45,11615.95,11620.3,10:20:00,11647.585726105,3,14
2019-04-04,11625.0,11626.35,11619.3,11619.6,10:25:00,11645.434704571191,3,15
2019-04-04,11626.5,11628.05,11621.55,11624.85,10:30:00,11643.631399373937,3,16
2019-04-04,11625.45,11628.15,11623.4,11626.55,10:35:00,11641.8998375288,3,17
2019-04-04,11621.3,11629.3,11620.95,11625.65,10:40:00,11639.937948240342,3,18
2019-04-04,11621.55,11622.6,11619.35,11621.75,10:45:00,11638.186715074597,3,19
2019-04-04,11625.55,11626.1,11620.95,11621.8,10:50:00,11636.983218400826,3,20
2019-04-04,11626.15,11629.75,11625.0,11626.05,10:55:00,11635.951483315032,3,21
2019-04-04,11624.7,11627.75,11621.95,11626.55,11:00:00,11634.879913475506,3,22
2019-04-04,11630.65,11631.05,11624.25,11624.85,11:05:00,11634.477064573077,3,23
2019-04-04,11634.6,11637.1,11630.25,11630.35,11:10:00,11634.488772708974,3,24
2019-04-04,11631.8,11635.95,11629.55,11634.9,11:15:00,11634.23269911764,3,25
2019-04-04,11632.4,11632.8,11629.65,11631.9,11:20:00,11634.058156344534,3,26
2019-04-04,11633.55,11635.7,11631.7,11632.65,11:25:00,11634.009760502198,3,27
2019-04-04,11630.05,11634.35,11628.15,11634.05,11:30:00,11633.63264045437,3,28
2019-04-04,11634.5,11635.35,11629.2,11630.55,11:35:00,11633.715246125385,3,29
2019-04-04,11631.35,11634.6,11626.15,11634.6,11:40:00,11633.489984589633,3,30
2019-04-04,11627.2,11645.7,11610.6,11631.75,11:45:00,11632.89093843824,3,31
2019-04-04,11611.65,11630.1,11605.25,11627.15,11:50:00,11630.867991920311,3,32
2019-04-04,11611.4,11616.05,11597.0,11610.6,11:55:00,11629.01389745171,3,33
2019-04-04,11618.85,11628.4,11610.0,11611.25,12:00:00,11628.045907218211,3,34
2019-04-04,11610.7,11619.9,11606.85,11618.55,12:05:00,11626.393916054572,3,35
2019-04-04,11613.1,11616.1,11610.4,11611.3,12:10:00,11625.12782881128,3,36
2019-04-04,11641.15,11641.15,11612.1,11612.95,12:15:00,11626.65374987687,3,37
2019-04-04,11653.85,11662.55,11639.0,11641.0,12:20:00,11629.243868936215,3,38
2019-04-04,11642.3,11656.9,11639.1,11653.9,12:25:00,11630.487309989909,3,39
2019-04-04,11644.6,11647.45,11636.05,11642.7,12:30:00,11631.831375705156,3,40
2019-04-04,11645.05,11645.3,11636.6,11644.0,12:35:00,11633.090292304663,3,41
2019-04-04,11640.8,11647.65,11640.8,11645.55,12:40:00,11633.824550180409,3,42
2019-04-04,11636.1,11640.45,11629.3,11640.1,12:45:00,11634.041259687036,3,43
2019-04-04,11646.3,11647.4,11631.95,11636.2,12:50:00,11635.208758764462,3,44
2019-04-04,11649.3,11651.15,11641.75,11646.0,12:55:00,11636.550781739275,3,45
2019-04-04,11647.35,11656.95,11646.55,11649.45,13:00:00,11637.579278716486,3,46
2019-04-04,11650.8,11651.25,11644.1,11647.85,13:05:00,11638.838395029205,3,47
2019-04-04,11648.2,11651.65,11646.75,11650.95,13:10:00,11639.729976454992,3,48
2019-04-04,11638.4,11648.95,11637.35,11648.45,13:15:00,11639.603312030707,3,49
2019-04-04,11643.45,11644.55,11636.2,11638.95,13:20:00,11639.969663265878,3,50
2019-04-04,11644.8,11650.7,11643.2,11643.3,13:25:00,11640.429695335792,3,51
2019-04-04,11656.3,11658.55,11643.8,11644.75,13:30:00,11641.94115292286,3,52
2019-04-04,11654.95,11661.3,11654.15,11655.7,13:35:00,11643.18009073973,3,53
2019-04-04,11647.05,11655.3,11645.0,11655.3,13:40:00,11643.548653526424,3,54
2019-04-04,11642.3,11649.0,11634.75,11647.35,13:45:00,11643.429734142954,3,55
2019-04-04,11630.85,11642.65,11628.9,11642.15,13:50:00,11642.23166422458,3,56
2019-04-04,11622.75,11636.4,11621.1,11630.95,13:55:00,11640.37626763176,3,57
2019-04-04,11610.85,11627.6,11610.6,11622.95,14:00:00,11637.56424214302,3,58
2019-04-04,11606.3,11611.4,11604.25,11611.4,14:05:00,11634.586695272255,3,59
2019-04-04,11613.25,11617.6,11606.55,11606.55,14:10:00,11632.554629055852,3,60
2019-04-04,11582.1,11615.3,11578.0,11613.35,14:15:00,11627.749426288628,3,61
2019-04-04,11586.65,11586.9,11570.1,11581.5,14:20:00,11623.835195213522,3,62
2019-04-04,11587.85,11590.25,11579.2,11587.05,14:25:00,11620.408033764616,3,63
2019-04-04,11567.0,11587.1,11566.55,11587.1,14:30:00,11615.32155435846,3,64
2019-04-04,11570.95,11571.9,11559.2,11567.4,14:35:00,11611.095692038609,3,65
2019-04-04,11579.9,11582.9,11571.05,11571.05,14:40:00,11608.124673749217,3,66
2019-04-04,11588.75,11589.5,11576.45,11580.25,14:45:00,11606.279466725482,3,67
2019-04-04,11591.3,11591.35,11577.2,11588.35,14:50:00,11604.852850846864,3,68
2019-04-04,11590.75,11599.2,11585.55,11590.8,14:55:00,11603.509722194782,3,69
2019-04-04,11596.45,11602.1,11590.4,11590.4,15:00:00,11602.83736770004,3,70
2019-04-04,11604.45,11607.8,11596.95,11596.95,15:05:00,11602.990951728609,3,71
2019-04-04,11591.25,11605.2,11589.05,11605.15,15:10:00,11601.872765849692,3,72
2019-04-04,11593.95,11596.3,11589.55,11591.65,15:15:00,11601.118216721148,3,73
2019-04-04,11602.3,11602.55,11593.7,11594.25,15:20:00,11601.23076750961,3,74
2019-04-04,11604.55,11607.4,11600.45,11602.55,15:25:00,11601.546884889647,3,75
2019-04-05,11646.45,11646.45,11626.4,11633.35,09:15:00,11605.823372043014,4,1
2019-04-05,11660.3,11662.3,11645.95,11646.65,09:20:00,11611.011622324631,4,2
2019-04-05,11660.2,11666.4,11651.95,11660.5,09:25:00,11615.696229722284,4,3
2019-04-05,11655.8,11661.65,11651.15,11660.8,09:30:00,11619.515636415405,4,4
2019-04-05,11651.35,11657.35,11646.9,11656.65,09:35:00,11622.547480566316,4,5
2019-04-05,11648.1,11654.7,11647.65,11652.2,09:40:00,11624.981053845717,4,6
2019-04-05,11643.45,11652.8,11643.45,11647.25,09:45:00,11626.740001098504,4,7
2019-04-05,11648.6,11650.35,11642.45,11643.55,09:50:00,11628.821905755787,4,8
2019-04-05,11651.2,11652.25,11644.2,11648.2,09:55:00,11630.953152826663,4,9
2019-04-05,11650.65,11654.7,11649.75,11651.05,10:00:00,11632.829043033653,4,10
2019-04-05,11655.85,11658.3,11650.5,11650.8,10:05:00,11635.021515125683,4,11
2019-04-05,11647.95,11656.8,11647.05,11656.4,10:10:00,11636.25279939943,4,12
2019-04-05,11638.75,11647.55,11636.7,11647.55,10:15:00,11636.490628028056,4,13
2019-04-05,11640.7,11640.7,11633.4,11639.3,10:20:00,11636.891520596811,4,14
2019-04-05,11636.45,11641.2,11631.5,11640.15,10:25:00,11636.849471016165,4,15
2019-04-05,11639.7,11641.8,11633.85,11636.35,10:30:00,11637.120949967004,4,16
2019-04-05,11635.9,11641.45,11634.35,11639.85,10:35:00,11637.004669017764,4,17
2019-04-05,11640.5,11641.15,11635.8,11636.1,10:40:00,11637.337557682738,4,18
2019-04-05,11641.65,11642.6,11636.75,11640.15,10:45:00,11637.74826647486,4,19
2019-04-05,11641.25,11645.3,11639.4,11641.85,10:50:00,11638.081764905826,4,20
2019-04-05,11639.0,11643.3,11637.4,11641.2,10:55:00,11638.169215867176,4,21
2019-04-05,11638.2,11639.75,11632.6,11638.0,11:00:00,11638.172147689347,4,22
2019-04-05,11635.3,11639.55,11632.8,11638.9,11:05:00,11637.898609814172,4,23
2019-04-05,11621.5,11635.6,11620.45,11635.2,11:10:00,11636.33683745092,4,24
2019-04-05,11616.6,11621.75,11609.5,11621.75,11:15:00,11634.45713864607,4,25
2019-04-05,11612.2,11620.75,11611.8,11616.8,11:20:00,11632.337411155968,4,26
2019-04-05,11619.0,11619.5,11611.4,11611.95,11:25:00,11631.067181522068,4,27
2019-04-05,11625.9,11627.4,11618.75,11619.15,11:30:00,11630.575068996155,4,28
2019-04-05,11618.95,11627.4,11618.85,11625.95,11:35:00,11629.46791956795,4,29
2019-04-05,11619.25,11620.05,11611.0,11618.9,11:40:00,11628.494784371002,4,30
2019-04-05,11622.1,11623.75,11616.15,11619.05,11:45:00,11627.88575728805,4,31
2019-04-05,11627.5,11627.55,11621.1,11621.95,11:50:00,11627.849018498711,4,32
2019-04-05,11633.55,11634.1,11627.2,11627.6,11:55:00,11628.391969117882,4,33
2019-04-05,11633.0,11637.5,11628.95,11633.95,12:00:00,11628.830829201892,4,34
2019-04-05,11632.1,11633.9,11626.45,11633.25,12:05:00,11629.14217880171,4,35
2019-04-05,11631.6,11633.65,11628.2,11631.95,12:10:00,11629.376257011072,4,36
2019-04-05,11623.65,11631.95,11622.95,11631.4,12:15:00,11628.830899200491,4,37
2019-04-05,11625.45,11625.85,11618.85,11623.85,12:20:00,11628.508908800446,4,38
2019-04-05,11623.8,11627.4,11623.8,11625.6,12:25:00,11628.060441295642,4,39
2019-04-05,11623.8,11628.5,11618.15,11623.45,12:30:00,11627.654684981771,4,40
2019-04-05,11628.35,11629.85,11622.5,11623.6,12:35:00,11627.7209054597,4,41
2019-04-05,11630.4,11630.4,11626.2,11628.65,12:40:00,11627.97605732068,4,42
2019-04-05,11633.95,11634.25,11627.85,11630.5,12:45:00,11628.545004242518,4,43
2019-04-05,11625.85,11637.8,11625.85,11633.55,12:50:00,11628.288337171804,4,44
2019-04-05,11626.55,11627.65,11621.95,11625.65,12:55:00,11628.12278125068,4,45
2019-04-05,11629.4,11631.6,11626.7,11626.8,13:00:00,11628.244421131569,4,46
2019-04-05,11626.95,11630.05,11624.5,11629.05,13:05:00,11628.12114292856,4,47
2019-04-05,11629.1,11629.4,11621.95,11627.05,13:10:00,11628.214367411556,4,48
2019-04-05,11645.9,11646.25,11628.6,11629.2,13:15:00,11629.89871337236,4,49
2019-04-05,11644.3,11647.55,11638.8,11645.85,13:20:00,11631.270264479755,4,50
2019-04-05,11644.75,11647.85,11641.5,11644.25,13:25:00,11632.554048815016,4,51
2019-04-05,11641.05,11645.6,11635.35,11644.8,13:30:00,11633.36318702311,4,52
2019-04-05,11653.8,11654.2,11640.2,11641.3,13:35:00,11635.309550163764,4,53
2019-04-05,11648.55,11655.6,11644.2,11653.15,13:40:00,11636.570545386265,4,54
2019-04-05,11640.85,11649.6,11640.85,11648.4,13:45:00,11636.978112492334,4,55
2019-04-05,11640.65,11641.55,11633.9,11640.6,13:50:00,11637.327816064491,4,56
2019-04-05,11645.9,11646.55,11636.2,11640.7,13:55:00,11638.14421453454,4,57
2019-04-05,11636.0,11647.9,11633.4,11646.05,14:00:00,11637.940003626489,4,58
2019-04-05,11629.95,11640.65,11629.15,11635.6,14:05:00,11637.179050900157,4,59
2019-04-05,11637.25,11642.25,11626.8,11629.45,14:10:00,11637.185807957285,4,60
2019-04-05,11641.6,11642.15,11635.5,11637.2,14:15:00,11637.60620719945,4,61
2019-04-05,11640.55,11642.95,11637.3,11642.5,14:20:00,11637.88656841855,4,62
2019-04-05,11644.95,11646.75,11638.95,11638.95,14:25:00,11638.55927618821,4,63
2019-04-05,11646.9,11651.15,11643.25,11644.55,14:30:00,11639.353630836951,4,64
2019-04-05,11640.0,11650.55,11637.15,11647.25,14:35:00,11639.415189804862,4,65
2019-04-05,11633.95,11644.8,11633.5,11639.75,14:40:00,11638.894695537732,4,66
2019-04-05,11635.85,11636.5,11626.5,11633.4,14:45:00,11638.604724534138,4,67
2019-04-05,11636.8,11640.0,11633.15,11635.7,14:50:00,11638.432846007076,4,68
2019-04-05,11640.75,11641.55,11634.3,11636.6,14:55:00,11638.653527339737,4,69
2019-04-05,11642.55,11646.35,11640.5,11640.5,15:00:00,11639.024619974049,4,70
2019-04-05,11654.35,11654.5,11642.5,11642.9,15:05:00,11640.48417997652,4,71
2019-04-05,11656.45,11656.55,11645.6,11654.2,15:10:00,11642.00473426447,4,72
2019-04-05,11674.2,11675.0,11654.25,11656.15,15:15:00,11645.070950048806,4,73
2019-04-05,11686.85,11688.65,11674.5,11674.5,15:20:00,11649.049907187014,4,74
2019-04-05,11684.1,11689.65,11680.85,11686.95,15:25:00,11652.388011264442,4,75
2019-04-08,11684.85,11710.3,11681.7,11703.15,09:15:00,11655.479629239258,0,1
2019-04-08,11688.95,11693.9,11683.2,11684.65,09:20:00,11658.667283597424,0,2
2019-04-08,11684.8,11691.3,11678.8,11688.6,09:25:00,11661.156113731004,0,3
2019-04-08,11679.9,11691.9,11679.75,11684.6,09:30:00,11662.941245756623,0,4
2019-04-08,11662.65,11679.85,11657.2,11679.55,09:35:00,11662.913508065516,0,5
2019-04-08,11656.7,11663.15,11644.4,11663.15,09:40:00,11662.32174539261,0,6
2019-04-08,11660.0,11660.2,11647.45,11656.6,09:45:00,11662.100626783793,0,7
2019-04-08,11665.0,11667.75,11656.85,11659.3,09:50:00,11662.376757566288,0,8
2019-04-08,11661.85,11672.1,11661.35,11664.75,09:55:00,11662.326590179022,0,9
2019-04-08,11670.1,11672.65,11661.1,11661.5,10:00:00,11663.066914923878,0,10
2019-04-08,11667.75,11672.0,11663.65,11669.95,10:05:00,11663.512923026366,0,11
2019-04-08,11665.25,11672.4,11665.25,11667.6,10:10:00,11663.678358928615,0,12
2019-04-08,11663.5,11666.95,11661.35,11665.0,10:15:00,11663.661372363986,0,13
2019-04-08,11659.85,11663.7,11655.55,11663.45,10:20:00,11663.298384519798,0,14
2019-04-08,11652.75,11660.4,11652.3,11660.15,10:25:00,11662.293776470293,0,15
2019-04-08,11655.2,11656.6,11646.7,11652.5,10:30:00,11661.618178711216,0,16
2019-04-08,11650.7,11656.2,11648.2,11655.55,10:35:00,11660.578352167293,0,17
2019-04-08,11654.45,11655.5,11650.15,11650.6,10:40:00,11659.994699579933,0,18
2019-04-08,11655.85,11658.7,11654.7,11654.7,10:45:00,11659.599966286603,0,19
2019-04-08,11651.7,11657.0,11649.15,11655.65,10:50:00,11658.847588545024,0,20
2019-04-08,11656.5,11656.5,11650.15,11651.55,10:55:00,11658.624008683591,0,21
2019-04-08,11657.5,11660.5,11653.85,11656.85,11:00:00,11658.516960237535,0,22
2019-04-08,11643.65,11657.35,11642.85,11657.3,11:05:00,11657.101059262532,0,23
2019-04-08,11645.9,11647.15,11639.95,11643.5,11:10:00,11656.03429171372,0,24
2019-04-08,11642.85,11646.9,11641.0,11646.25,11:15:00,11654.778644883843,0,25
2019-04-08,11648.6,11648.65,11643.0,11643.85,11:20:00,11654.190202513952,0,26
2019-04-08,11647.75,11652.85,11646.8,11648.65,11:25:00,11653.576849893576,0,27
2019-04-08,11643.9,11648.65,11643.2,11648.1,11:30:00,11652.655245141808,0,28
2019-04-08,11639.5,11646.8,11637.5,11643.7,11:35:00,11651.402364652113,0,29
2019-04-08,11638.35,11642.8,11636.25,11640.15,11:40:00,11650.15928230429,0,30
2019-04-08,11636.85,11641.9,11636.65,11638.8,11:45:00,11648.891731608644,0,31
2019-04-08,11623.55,11637.2,11619.0,11637.0,11:50:00,11646.4782333602,0,32
2019-04-08,11628.15,11629.15,11620.35,11623.85,11:55:00,11644.732687325892,0,33
2019-04-08,11624.5,11629.7,11624.45,11628.2,12:00:00,11642.805764723427,0,34
2019-04-08,11626.4,11629.7,11623.8,11624.35,12:05:00,11641.243310940245,0,35
2019-04-08,11626.0,11630.0,11625.75,11626.0,12:10:00,11639.791567041171,0,36
2019-04-08,11622.9,11628.35,11622.65,11626.75,12:15:00,11638.182846370586,0,37
2019-04-08,11636.05,11636.6,11622.8,11622.8,12:20:00,11637.979718144816,0,38
2019-04-08,11633.85,11637.05,11630.35,11636.15,12:25:00,11637.586411654833,0,39
2019-04-08,11637.65,11640.65,11633.2,11633.6,12:30:00,11637.592467687706,0,40
2019-04-08,11628.5,11639.0,11627.95,11637.75,12:35:00,11636.726518384115,0,41
2019-04-08,11629.9,11633.25,11626.35,11628.15,12:40:00,11636.076373776104,0,42
2019-04-08,11626.15,11630.45,11625.4,11629.95,12:45:00,11635.131004845049,0,43
2019-04-08,11631.15,11632.8,11625.95,11626.6,12:50:00,11634.75186152647,0,44
2019-04-08,11634.05,11635.55,11630.05,11631.1,12:55:00,11634.685017571568,0,45
2019-04-08,11624.5,11634.55,11621.55,11634.4,13:00:00,11633.715015898086,0,46
2019-04-08,11624.05,11627.15,11619.6,11624.4,13:05:00,11632.794538193506,0,47
2019-04-08,11623.55,11627.5,11621.95,11623.9,13:10:00,11631.9141059846,0,48
2019-04-08,11622.4,11624.95,11620.05,11623.65,13:15:00,11631.008000652731,0,49
2019-04-08,11623.15,11629.0,11621.7,11622.75,13:20:00,11630.259619638187,0,50
2019-04-08,11606.1,11627.35,11604.75,11622.7,13:25:00,11627.95870348217,0,51
2019-04-08,11593.1,11606.05,11590.6,11606.05,13:30:00,11624.63882696006,0,52
2019-04-08,11591.45,11594.55,11588.8,11593.75,13:35:00,11621.477986297195,0,53
2019-04-08,11598.25,11602.1,11585.35,11591.75,13:40:00,11619.265797126036,0,54
2019-04-08,11590.1,11599.0,11589.35,11597.95,13:45:00,11616.488102161651,0,55
2019-04-08,11588.05,11590.3,11583.4,11590.3,13:50:00,11613.77971147959,0,56
2019-04-08,11581.8,11593.9,11580.8,11587.8,13:55:00,11610.73402467201,0,57
2019-04-08,11593.8,11594.15,11579.85,11584.35,14:00:00,11609.121260417533,0,58
2019-04-08,11595.4,11601.0,11592.6,11593.7,14:05:00,11607.8144737111,0,59
2019-04-08,11588.55,11597.4,11586.75,11595.45,14:10:00,11605.97976192909,0,60
2019-04-08,11579.2,11589.95,11578.45,11589.05,14:15:00,11603.429308412033,0,61
2019-04-08,11565.1,11579.35,11559.85,11579.05,14:20:00,11599.778898087076,0,62
2019-04-08,11563.75,11566.2,11554.95,11565.95,14:25:00,11596.347574459734,0,63
2019-04-08,11567.0,11574.45,11562.75,11563.2,14:30:00,11593.552567368331,0,64
2019-04-08,11550.0,11567.0,11549.45,11566.9,14:35:00,11589.404703809443,0,65
2019-04-08,11563.25,11565.6,11549.1,11549.25,14:40:00,11586.913779637116,0,66
2019-04-08,11564.7,11573.0,11557.85,11562.85,14:45:00,11584.798181576438,0,67
2019-04-08,11577.4,11582.45,11563.2,11564.9,14:50:00,11584.093592854872,0,68
2019-04-08,11565.05,11580.25,11563.15,11577.5,14:55:00,11582.279917344884,0,69
2019-04-08,11605.1,11606.45,11565.1,11565.1,15:00:00,11584.453258550133,0,70
2019-04-08,11604.4,11606.25,11597.9,11605.75,15:05:00,11586.352948212025,0,71
2019-04-08,11602.9,11609.65,11595.6,11603.15,15:10:00,11587.928857906118,0,72
2019-04-08,11615.4,11615.4,11602.85,11603.75,15:15:00,11590.545157153154,0,73
2019-04-08,11611.35,11616.25,11603.85,11615.7,15:20:00,11592.526570757616,0,74
2019-04-08,11600.75,11613.55,11600.4,11611.15,15:25:00,11593.309754494989,0,75
2019-04-09,11587.5,11616.95,11574.3,11616.7,09:15:00,11592.756444543083,1,1
2019-04-09,11590.7,11597.25,11585.4,11588.3,09:20:00,11592.560592681835,1,2
2019-04-09,11598.95,11601.85,11590.5,11591.0,09:25:00,11593.169107664518,1,3
2019-04-09,11596.7,11600.75,11592.2,11599.15,09:30:00,11593.50538312504,1,4
2019-04-09,11590.75,11599.0,11583.35,11596.3,09:35:00,11593.24296568456,1,5
2019-04-09,11600.9,11602.05,11589.75,11590.9,09:40:00,11593.972207047937,1,6
2019-04-09,11626.7,11629.15,11598.25,11601.2,09:45:00,11597.089139710037,1,7
2019-04-09,11630.5,11638.25,11625.35,11627.55,09:50:00,11600.271126404316,1,8
2019-04-09,11622.85,11631.5,11622.1,11630.85,09:55:00,11602.42149531819,1,9
2019-04-09,11632.6,11634.45,11622.55,11622.9,10:00:00,11605.29563862122,1,10
2019-04-09,11626.2,11636.4,11624.05,11633.2,10:05:00,11607.286530181103,1,11
2019-04-09,11619.85,11627.05,11619.85,11626.25,10:10:00,11608.483051116238,1,12
2019-04-09,11609.15,11621.05,11606.65,11619.6,10:15:00,11608.54657005755,1,13
2019-04-09,11612.5,11616.65,11606.0,11608.75,10:20:00,11608.923087194926,1,14
2019-04-09,11610.3,11618.55,11609.5,11611.7,10:25:00,11609.05422174779,1,15
2019-04-09,11605.4,11609.9,11599.25,11609.9,10:30:00,11608.706200628953,1,16
2019-04-09,11604.9,11607.65,11602.2,11605.9,10:35:00,11608.343705330955,1,17
2019-04-09,11610.0,11614.5,11603.85,11604.85,10:40:00,11608.50144768039,1,18
2019-04-09,11602.65,11611.15,11602.65,11609.75,10:45:00,11607.944166948924,1,19
2019-04-09,11596.65,11602.5,11595.05,11602.5,10:50:00,11606.868532001408,1,20
2019-04-09,11592.05,11601.75,11590.15,11596.85,10:55:00,11605.457243239369,1,21
2019-04-09,11583.1,11594.1,11582.3,11591.9,11:00:00,11603.327981978477,1,22
2019-04-09,11587.55,11591.05,11579.55,11583.75,11:05:00,11601.825317028146,1,23
2019-04-09,11595.25,11595.65,11587.0,11587.0,11:10:00,11601.1990963588,1,24
2019-04-09,11592.75,11597.3,11588.15,11594.85,11:15:00,11600.394420515106,1,25
2019-04-09,11594.3,11598.75,11592.2,11592.2,11:20:00,11599.813999513668,1,26
2019-04-09,11596.65,11596.8,11591.5,11594.55,11:25:00,11599.512666226652,1,27
2019-04-09,11585.7,11597.0,11585.3,11596.45,11:30:00,11598.197174205066,1,28
2019-04-09,11587.1,11590.3,11585.05,11585.9,11:35:00,11597.14030047125,1,29
2019-04-09,11589.7,11593.05,11587.25,11587.8,11:40:00,11596.431700426368,1,30
2019-04-09,11577.1,11591.85,11576.75,11589.75,11:45:00,11594.590586100048,1,31
2019-04-09,11584.25,11585.0,11576.7,11576.7,11:50:00,11593.605768376234,1,32
2019-04-09,11583.7,11585.7,11581.3,11584.6,11:55:00,11592.662361864212,1,33
2019-04-09,11579.3,11585.65,11578.15,11583.55,12:00:00,11591.38975597238,1,34
2019-04-09,11573.85,11579.6,11569.9,11579.05,12:05:00,11589.71930302263,1,35
2019-04-09,11575.6,11578.05,11573.8,11574.1,12:10:00,11588.374607496666,1,36
2019-04-09,11581.35,11586.55,11575.0,11575.5,12:15:00,11587.705597258888,1,37
2019-04-09,11579.15,11583.9,11578.55,11581.1,12:20:00,11586.890778472329,1,38
2019-04-09,11576.85,11579.1,11571.6,11578.95,12:25:00,11585.934513855917,1,39
2019-04-09,11588.85,11588.9,11575.85,11576.45,12:30:00,11586.212179202972,1,40
2019-04-09,11583.5,11590.5,11583.4,11589.05,12:35:00,11585.953876421736,1,41
2019-04-09,11582.0,11584.4,11577.1,11583.25,12:40:00,11585.577316762525,1,42
2019-04-09,11591.1,11591.7,11581.7,11581.8,12:45:00,11586.103286594664,1,43
2019-04-09,11594.6,11605.1,11589.9,11591.0,12:50:00,11586.912497395171,1,44
2019-04-09,11599.35,11600.5,11592.95,11595.25,12:55:00,11588.097021452775,1,45
2019-04-09,11588.7,11604.1,11588.7,11599.3,13:00:00,11588.154447981084,1,46
2019-04-09,11584.6,11592.5,11584.2,11588.85,13:05:00,11587.815929125742,1,47
2019-04-09,11591.0,11591.0,11579.3,11584.45,13:10:00,11588.119173970908,1,48
2019-04-09,11594.25,11596.6,11588.1,11591.3,13:15:00,11588.703062164155,1,49
2019-04-09,11594.15,11594.95,11588.85,11593.8,13:20:00,11589.221818148522,1,50
2019-04-09,11593.4,11598.9,11593.15,11594.05,13:25:00,11589.619740229617,1,51
2019-04-09,11594.7,11598.35,11592.8,11593.2,13:30:00,11590.103574493462,1,52
2019-04-09,11592.15,11595.35,11587.1,11594.3,13:35:00,11590.29847216075,1,53
2019-04-09,11593.25,11596.05,11588.0,11591.8,13:40:00,11590.579570050202,1,54
2019-04-09,11593.6,11595.3,11592.55,11593.45,13:45:00,11590.86723004542,1,55
2019-04-09,11609.35,11610.95,11593.7,11593.7,13:50:00,11592.627493850618,1,56
2019-04-09,11627.6,11630.5,11609.6,11609.6,13:55:00,11595.958208721988,1,57
2019-04-09,11626.3,11642.55,11625.3,11627.8,14:00:00,11598.847903129415,1,58
2019-04-09,11636.65,11637.35,11619.6,11626.4,14:05:00,11602.448102831378,1,59
2019-04-09,11635.95,11637.05,11631.95,11636.4,14:10:00,11605.63875970458,1,60
2019-04-09,11648.85,11657.1,11636.2,11636.2,14:15:00,11609.754115923191,1,61
2019-04-09,11653.4,11653.6,11643.95,11650.0,14:20:00,11613.91086678765,1,62
2019-04-09,11650.4,11657.2,11644.15,11653.8,14:25:00,11617.386022331684,1,63
2019-04-09,11644.95,11653.95,11641.65,11650.1,14:30:00,11620.011163062,1,64
2019-04-09,11632.75,11644.45,11630.7,11644.45,14:35:00,11621.224385627524,1,65
2019-04-09,11640.6,11641.9,11632.45,11632.45,14:40:00,11623.069682234423,1,66
2019-04-09,11647.85,11649.75,11639.95,11640.65,14:45:00,11625.429712497817,1,67
2019-04-09,11640.25,11649.3,11638.35,11648.15,14:50:00,11626.841168450404,1,68
2019-04-09,11636.7,11645.55,11636.7,11640.45,14:55:00,11627.78010478846,1,69
2019-04-09,11657.85,11660.2,11635.8,11636.5,15:00:00,11630.643904332415,1,70
2019-04-09,11668.8,11670.0,11657.45,11658.2,15:05:00,11634.27781820552,1,71
2019-04-09,11674.6,11679.25,11665.55,11668.65,15:10:00,11638.118025995467,1,72
2019-04-09,11681.4,11683.9,11673.7,11675.1,15:15:00,11642.240118757803,1,73
2019-04-09,11682.05,11683.35,11675.95,11681.75,15:20:00,11646.031536018969,1,74
2019-04-09,11675.7,11682.1,11674.4,11681.7,15:25:00,11648.85710401716,1,75
2019-04-10,11656.45,11657.2,11638.65,11642.05,09:15:00,11649.580236967908,2,1
2019-04-10,11664.2,11670.0,11652.65,11655.85,09:20:00,11650.972595351916,2,2
2019-04-10,11675.45,11675.85,11658.0,11664.5,09:25:00,11653.303776746974,2,3
2019-04-10,11668.5,11678.55,11661.85,11675.2,09:30:00,11654.751036104404,2,4
2019-04-10,11666.15,11668.8,11659.35,11668.4,09:35:00,11655.836651713507,2,5
2019-04-10,11673.95,11673.95,11665.1,11666.0,09:40:00,11657.561732502698,2,6
2019-04-10,11679.5,11680.05,11665.9,11674.15,09:45:00,11659.651091311966,2,7
2019-04-10,11669.35,11679.3,11667.35,11679.3,09:50:00,11660.574796901305,2,8
2019-04-10,11669.05,11669.9,11664.6,11669.0,09:55:00,11661.38195910118,2,9
2019-04-10,11668.6,11669.45,11662.7,11668.9,10:00:00,11662.069391567731,2,10
2019-04-10,11659.75,11668.45,11658.6,11668.35,10:05:00,11661.84849713271,2,11
2019-04-10,11666.9,11667.25,11657.5,11660.0,10:10:00,11662.32959264388,2,12
2019-04-10,11666.55,11672.3,11666.1,11667.1,10:15:00,11662.731536201609,2,13
2019-04-10,11669.45,11670.15,11665.3,11667.05,10:20:00,11663.371389896693,2,14
2019-04-10,11671.1,11672.75,11666.9,11669.8,10:25:00,11664.107448001769,2,15
2019-04-10,11673.8,11677.7,11671.25,11671.3,10:30:00,11665.030548192077,2,16
2019-04-10,11668.8,11676.1,11668.8,11674.25,10:35:00,11665.389543602356,2,17
2019-04-10,11662.9,11670.2,11661.8,11668.9,10:40:00,11665.152444211655,2,18
2019-04-10,11656.85,11663.05,11653.4,11662.75,10:45:00,11664.361735239116,2,19
2019-04-10,11659.2,11661.65,11655.85,11656.45,10:50:00,11663.870141406818,2,20
2019-04-10,11659.1,11664.4,11655.2,11659.15,10:55:00,11663.415842225217,2,21
2019-04-10,11646.75,11657.75,11642.2,11657.65,11:00:00,11661.82861915615,2,22
2019-04-10,11646.4,11649.4,11642.65,11646.9,11:05:00,11660.359226855562,2,23
2019-04-10,11650.55,11653.15,11646.05,11646.5,11:10:00,11659.42501477408,2,24
2019-04-10,11656.65,11659.25,11649.85,11650.45,11:15:00,11659.160727652736,2,25
2019-04-10,11650.0,11659.0,11649.85,11656.35,11:20:00,11658.288277400095,2,26
2019-04-10,11653.45,11654.55,11649.15,11650.5,11:25:00,11657.827489076277,2,27
2019-04-10,11656.55,11658.45,11651.85,11653.85,11:30:00,11657.705823449964,2,28
2019-04-10,11644.45,11658.4,11640.5,11657.05,11:35:00,11656.443364073775,2,29
2019-04-10,11648.9,11648.9,11640.8,11643.75,11:40:00,11655.724948447703,2,30
2019-04-10,11655.0,11656.35,11649.2,11649.4,11:45:00,11655.655905738398,2,31
2019-04-10,11651.65,11658.3,11650.9,11655.65,11:50:00,11655.27439090617,2,32
2019-04-10,11653.15,11655.2,11648.75,11651.95,11:55:00,11655.072067962728,2,33
2019-04-10,11652.3,11653.8,11648.75,11653.6,12:00:00,11654.808061490086,2,34
2019-04-10,11646.8,11654.65,11646.4,11653.1,12:05:00,11654.04538896722,2,35
2019-04-10,11651.8,11652.95,11646.8,11647.05,12:10:00,11653.831542398915,2,36
2019-04-10,11650.65,11651.75,11647.15,11651.75,12:15:00,11653.528538360924,2,37
2019-04-10,11654.9,11656.3,11650.75,11650.95,12:20:00,11653.659153755125,2,38
2019-04-10,11655.55,11658.6,11654.45,11655.45,12:25:00,11653.839234349873,2,39
2019-04-10,11657.7,11662.6,11655.8,11655.9,12:30:00,11654.206926316552,2,40
2019-04-10,11662.15,11664.1,11657.4,11658.8,12:35:00,11654.963409524498,2,41
2019-04-10,11660.25,11665.95,11658.55,11662.85,12:40:00,11655.466894331688,2,42
2019-04-10,11664.15,11664.55,11658.85,11660.15,12:45:00,11656.29385677629,2,43
2019-04-10,11658.5,11664.9,11657.75,11664.3,12:50:00,11656.50396565474,2,44
2019-04-10,11663.1,11664.45,11657.45,11658.55,12:55:00,11657.132159401906,2,45
2019-04-10,11673.9,11675.55,11663.2,11663.2,13:00:00,11658.729096601724,2,46
2019-04-10,11666.7,11675.15,11664.5,11674.35,13:05:00,11659.488230258705,2,47
2019-04-10,11665.75,11670.75,11665.3,11666.95,13:10:00,11660.084589281683,2,48
2019-04-10,11664.15,11666.15,11661.9,11666.15,13:15:00,11660.471771254855,2,49
2019-04-10,11666.0,11669.05,11664.2,11664.2,13:20:00,11660.998269230584,2,50
2019-04-10,11636.35,11666.65,11636.35,11666.2,13:25:00,11658.650815018147,2,51
2019-04-10,11615.95,11636.8,11610.65,11636.35,13:30:00,11654.584070730703,2,52
2019-04-10,11609.4,11626.2,11605.65,11616.9,13:35:00,11650.280825899208,2,53
2019-04-10,11622.75,11623.75,11606.9,11609.0,13:40:00,11647.658842480236,2,54
2019-04-10,11619.95,11622.0,11612.3,11621.95,13:45:00,11645.019905101166,2,55
2019-04-10,11614.55,11620.25,11613.0,11619.9,13:50:00,11642.118009377244,2,56
2019-04-10,11616.85,11618.0,11601.85,11614.5,13:55:00,11639.7115322937,2,57
2019-04-10,11621.65,11627.45,11615.15,11616.9,14:00:00,11637.991386360964,2,58
2019-04-10,11613.85,11621.8,11613.65,11621.45,14:05:00,11635.69220670754,2,59
2019-04-10,11612.3,11617.5,11607.25,11614.15,14:10:00,11633.4643774973,2,60
2019-04-10,11599.8,11612.95,11596.25,11612.75,14:15:00,11630.25824630708,2,61
2019-04-10,11589.6,11605.75,11588.8,11600.1,14:20:00,11626.386032373071,2,62
2019-04-10,11592.9,11594.6,11583.85,11589.95,14:25:00,11623.19688643278,2,63
2019-04-10,11609.8,11609.9,11587.3,11592.85,14:30:00,11621.9209924868,2,64
2019-04-10,11599.35,11610.75,11599.35,11610.75,14:35:00,11619.771374154723,2,65
2019-04-10,11604.25,11604.65,11593.55,11599.0,14:40:00,11618.293148044751,2,66
2019-04-10,11606.4,11609.15,11602.05,11604.35,14:45:00,11617.160467278583,2,67
2019-04-10,11612.4,11616.15,11606.75,11607.3,14:50:00,11616.70708944253,2,68
2019-04-10,11613.6,11615.55,11605.4,11613.55,14:55:00,11616.411176162288,2,69
2019-04-10,11585.8,11614.15,11585.7,11614.15,15:00:00,11613.495826051594,2,70
2019-04-10,11587.25,11590.85,11584.6,11585.9,15:05:00,11610.99622357049,2,71
2019-04-10,11584.7,11588.0,11571.75,11588.0,15:10:00,11608.491821325682,2,72
2019-04-10,11583.15,11584.85,11575.4,11584.65,15:15:00,11606.07831453276,2,73
2019-04-10,11584.15,11584.25,11576.7,11583.0,15:20:00,11603.98990362488,2,74
2019-04-10,11582.75,11586.35,11579.7,11584.35,15:25:00,11601.967055660603,2,75
2019-04-11,11584.0,11587.2,11575.35,11585.75,09:15:00,11600.255907502453,3,1
2019-04-11,11596.95,11597.6,11584.5,11584.5,09:20:00,11599.941059168888,3,2
2019-04-11,11590.7,11602.75,11589.7,11596.8,09:25:00,11599.06095829566,3,3
2019-04-11,11589.5,11593.15,11584.55,11590.55,09:30:00,11598.15039083893,3,4
2019-04-11,11597.2,11601.65,11589.05,11589.4,09:35:00,11598.059877425698,3,5
2019-04-11,11595.1,11604.2,11595.1,11597.7,09:40:00,11597.777984337536,3,6
2019-04-11,11593.15,11597.35,11591.65,11595.5,09:45:00,11597.337223924438,3,7
2019-04-11,11591.1,11595.5,11590.9,11594.05,09:50:00,11596.7432025983,3,8
2019-04-11,11584.15,11593.4,11583.3,11590.9,09:55:00,11595.54384996989,3,9
2019-04-11,11581.65,11585.35,11575.6,11584.35,10:00:00,11594.220626163236,3,10
2019-04-11,11569.9,11583.35,11568.65,11581.25,10:05:00,11591.904376052453,3,11
2019-04-11,11581.7,11581.9,11569.3,11569.95,10:10:00,11590.932530714124,3,12
2019-04-11,11589.75,11591.5,11581.75,11581.85,10:15:00,11590.819908741349,3,13
2019-04-11,11582.75,11589.85,11581.9,11589.55,10:20:00,11590.051346004078,3,14
2019-04-11,11590.5,11593.3,11582.15,11582.7,10:25:00,11590.09407495607,3,15
2019-04-11,11586.4,11590.8,11582.9,11590.7,10:30:00,11589.742258293589,3,16
2019-04-11,11582.45,11589.35,11582.35,11586.3,10:35:00,11589.047757503724,3,17
2019-04-11,11586.6,11588.8,11581.85,11582.1,10:40:00,11588.814637741463,3,18
2019-04-11,11593.2,11593.2,11586.25,11586.25,10:45:00,11589.232291289898,3,19
2019-04-11,11597.55,11598.2,11590.95,11591.4,10:50:00,11590.024454024193,3,20
2019-04-11,11592.35,11599.35,11590.95,11597.15,10:55:00,11590.245934593317,3,21
2019-04-11,11586.7,11592.4,11583.75,11591.85,11:00:00,11589.90822653681,3,22
2019-04-11,11577.9,11586.8,11577.9,11586.65,11:05:00,11588.764585914258,3,23
2019-04-11,11570.65,11577.65,11570.4,11576.8,11:10:00,11587.039387255758,3,24
2019-04-11,11578.0,11579.6,11569.95,11570.25,11:15:00,11586.1784932314,3,25
2019-04-11,11579.65,11584.55,11577.85,11577.95,11:20:00,11585.556731971268,3,26
2019-04-11,11579.25,11582.9,11578.5,11579.2,11:25:00,11584.956090831149,3,27
2019-04-11,11581.55,11582.05,11576.6,11578.85,11:30:00,11584.63170122818,3,28
2019-04-11,11579.45,11585.85,11579.25,11581.05,11:35:00,11584.138205873114,3,29
2019-04-11,11575.25,11579.9,11573.5,11579.25,11:40:00,11583.291710075677,3,30
2019-04-11,11571.7,11577.1,11571.2,11575.35,11:45:00,11582.187737687516,3,31
2019-04-11,11571.15,11573.65,11566.1,11570.8,11:50:00,11581.13652457442,3,32
2019-04-11,11578.25,11578.4,11570.75,11570.75,11:55:00,11580.861617472096,3,33
2019-04-11,11582.1,11584.15,11578.15,11578.35,12:00:00,11580.979558665227,3,34
2019-04-11,11575.5,11582.15,11575.2,11581.6,12:05:00,11580.457695935209,3,35
2019-04-11,11579.5,11580.55,11574.7,11575.1,12:10:00,11580.36648679852,3,36
2019-04-11,11581.55,11586.85,11579.3,11579.3,12:15:00,11580.47920234152,3,37
2019-04-11,11583.2,11583.8,11577.75,11582.0,12:20:00,11580.73832592804,3,38
2019-04-11,11575.45,11583.4,11574.85,11582.3,12:25:00,11580.234675839656,3,39
2019-04-11,11580.45,11583.5,11574.8,11575.25,12:30:00,11580.255182902543,3,40
2019-04-11,11582.4,11583.2,11577.8,11579.65,12:35:00,11580.45945119754,3,41
2019-04-11,11578.9,11582.65,11578.45,11582.25,12:40:00,11580.31093203587,3,42
2019-04-11,11579.0,11580.25,11573.3,11578.35,12:45:00,11580.186081365788,3,43
2019-04-11,11576.5,11579.45,11572.8,11578.5,12:50:00,11579.835025997618,3,44
2019-04-11,11581.05,11581.95,11575.7,11575.7,12:55:00,11579.950737807369,3,45
2019-04-11,11580.4,11582.55,11578.75,11580.35,13:00:00,11579.993524682855,3,46
2019-04-11,11586.6,11590.1,11581.8,11581.8,13:05:00,11580.6227128083,3,47
2019-04-11,11585.6,11589.3,11584.35,11586.05,13:10:00,11581.09674015989,3,48
2019-04-11,11596.7,11596.75,11584.2,11584.2,13:15:00,11582.582764906569,3,49
2019-04-11,11578.9,11598.1,11578.75,11596.35,13:20:00,11582.232025391657,3,50
2019-04-11,11561.15,11581.7,11550.55,11578.5,13:25:00,11580.224213449594,3,51
2019-04-11,11561.85,11563.2,11555.3,11560.2,13:30:00,11578.474288359155,3,52
2019-04-11,11563.15,11567.65,11559.4,11560.3,13:35:00,11577.014832324952,3,53
2019-04-11,11565.7,11568.2,11561.7,11562.6,13:40:00,11575.937229246383,3,54
2019-04-11,11560.45,11568.95,11557.6,11565.4,13:45:00,11574.462255032444,3,55
2019-04-11,11563.85,11565.8,11559.0,11560.2,13:50:00,11573.451564076971,3,56
2019-04-11,11572.9,11573.75,11563.2,11563.2,13:55:00,11573.39903416488,3,57
2019-04-11,11567.15,11573.5,11563.55,11572.3,14:00:00,11572.803888053935,3,58
2019-04-11,11560.7,11567.7,11554.65,11566.8,14:05:00,11571.651136810704,3,59
2019-04-11,11561.1,11563.6,11559.65,11559.75,14:10:00,11570.646266638258,3,60
2019-04-11,11564.75,11568.4,11561.1,11561.4,14:15:00,11570.084717434616,3,61
2019-04-11,11574.9,11576.65,11560.6,11564.15,14:20:00,11570.543315774175,3,62
2019-04-11,11586.05,11588.5,11574.8,11574.8,14:25:00,11572.0201428433,3,63
2019-04-11,11584.95,11593.95,11580.35,11585.75,14:30:00,11573.251557810609,3,64
2019-04-11,11580.55,11587.9,11575.5,11584.9,14:35:00,11573.946647542927,3,65
2019-04-11,11585.0,11585.4,11577.2,11579.25,14:40:00,11574.999347776937,3,66
2019-04-11,11582.35,11588.3,11579.35,11584.55,14:45:00,11575.69940989342,3,67
2019-04-11,11583.2,11586.95,11580.9,11581.8,14:50:00,11576.413751808332,3,68
2019-04-11,11583.85,11584.55,11576.1,11582.8,14:55:00,11577.121965921824,3,69
2019-04-11,11598.3,11600.95,11581.6,11582.05,15:00:00,11579.138921548318,3,70
2019-04-11,11595.75,11601.9,11590.35,11597.8,15:05:00,11580.720929019906,3,71
2019-04-11,11597.95,11598.2,11591.6,11594.95,15:10:00,11582.361792922771,3,72
2019-04-11,11599.9,11600.3,11591.75,11597.8,15:15:00,11584.0320983587,3,73
2019-04-11,11601.4,11603.6,11599.0,11599.5,15:20:00,11585.686184229298,3,74
2019-04-11,11603.0,11606.7,11599.3,11601.85,15:25:00,11587.335119064604,3,75
2019-04-12,11617.85,11621.4,11600.4,11609.9,09:15:00,11590.241298201308,4,1
2019-04-12,11608.35,11620.9,11605.25,11617.6,09:20:00,11591.965936467852,4,2
2019-04-12,11617.4,11619.35,11606.85,11608.25,09:25:00,11594.388228232818,4,3
2019-04-12,11624.45,11625.9,11615.2,11618.45,09:30:00,11597.251254115406,4,4
2019-04-12,11621.75,11627.2,11619.4,11624.4,09:35:00,11599.584468009178,4,5
2019-04-12,11616.55,11622.0,11613.95,11621.7,09:40:00,11601.200232960686,4,6
2019-04-12,11619.4,11622.85,11615.6,11617.1,09:45:00,11602.933544107287,4,7
2019-04-12,11622.15,11625.9,11617.95,11619.5,09:50:00,11604.763682763736,4,8
2019-04-12,11617.2,11622.7,11612.2,11622.7,09:55:00,11605.948093929095,4,9
2019-04-12,11612.1,11621.7,11610.75,11617.0,10:00:00,11606.53398974537,4,10
2019-04-12,11609.95,11613.45,11606.6,11611.9,10:05:00,11606.859324055336,4,11
2019-04-12,11609.0,11612.4,11607.05,11609.65,10:10:00,11607.063197954829,4,12
2019-04-12,11613.4,11617.25,11608.3,11608.95,10:15:00,11607.66670291151,4,13
2019-04-12,11608.8,11614.8,11608.8,11613.45,10:20:00,11607.774635967558,4,14
2019-04-12,11610.6,11615.55,11608.4,11608.4,10:25:00,11608.043718256362,4,15
2019-04-12,11615.95,11616.5,11606.6,11610.05,10:30:00,11608.79669747004,4,16
2019-04-12,11609.0,11617.4,11607.4,11615.85,10:35:00,11608.816059615752,4,17
2019-04-12,11603.4,11610.1,11601.25,11608.7,10:40:00,11608.300244414251,4,18
2019-04-12,11604.6,11607.25,11601.15,11603.3,10:45:00,11607.947840184324,4,19
2019-04-12,11607.8,11610.25,11603.6,11604.7,10:50:00,11607.93376016677,4,20
2019-04-12,11606.35,11608.3,11604.45,11607.75,10:55:00,11607.782925865173,4,21
2019-04-12,11600.65,11606.3,11600.15,11606.3,11:00:00,11607.103599592298,4,22
2019-04-12,11597.4,11604.6,11595.7,11601.45,11:05:00,11606.179447250172,4,23
2019-04-12,11606.1,11606.1,11596.6,11597.6,11:10:00,11606.171880845395,4,24
2019-04-12,11605.0,11606.2,11602.75,11605.25,11:15:00,11606.060273145837,4,25
2019-04-12,11601.95,11605.2,11598.05,11605.1,11:20:00,11605.668818560518,4,26
2019-04-12,11602.8,11603.55,11598.75,11601.55,11:25:00,11605.39559774523,4,27
2019-04-12,11598.8,11604.9,11597.15,11602.95,11:30:00,11604.767445579017,4,28
2019-04-12,11593.4,11600.85,11592.85,11598.55,11:35:00,11603.684831714349,4,29
2019-04-12,11586.45,11594.8,11578.8,11594.05,11:40:00,11602.043419170126,4,30
2019-04-12,11582.4,11588.95,11579.75,11586.15,11:45:00,11600.1726173444,4,31
2019-04-12,11589.65,11590.95,11581.35,11582.2,11:50:00,11599.1704633116,4,32
2019-04-12,11587.75,11592.05,11583.75,11590.0,11:55:00,11598.082800139067,4,33
2019-04-12,11590.8,11592.0,11587.15,11587.65,12:00:00,11597.389200125825,4,34
2019-04-12,11586.75,11592.85,11585.75,11590.3,12:05:00,11596.375942970984,4,35
2019-04-12,11588.35,11589.7,11585.7,11586.6,12:10:00,11595.611567449936,4,36
2019-04-12,11587.1,11590.85,11585.0,11588.65,12:15:00,11594.800941978514,4,37
2019-04-12,11587.35,11589.6,11585.8,11587.15,12:20:00,11594.09132845675,4,38
2019-04-12,11589.7,11592.05,11584.35,11587.6,12:25:00,11593.673106698963,4,39
2019-04-12,11593.85,11595.5,11588.15,11589.5,12:30:00,11593.689953680016,4,40
2019-04-12,11592.5,11596.9,11591.75,11594.3,12:35:00,11593.576624758109,4,41
2019-04-12,11593.7,11594.3,11591.0,11593.1,12:40:00,11593.588374781146,4,42
2019-04-12,11599.3,11599.65,11592.55,11593.85,12:45:00,11594.132339087704,4,43
2019-04-12,11595.3,11599.35,11593.55,11599.25,12:50:00,11594.243544888875,4,44
2019-04-12,11586.35,11595.2,11586.1,11595.2,12:55:00,11593.491778708983,4,45
2019-04-12,11586.95,11590.7,11585.45,11586.25,13:00:00,11592.86875216527,4,46
2019-04-12,11594.0,11594.6,11586.75,11587.1,13:05:00,11592.97649005429,4,47
2019-04-12,11603.6,11603.6,11592.7,11594.45,13:10:00,11593.988252906263,4,48
2019-04-12,11601.1,11604.8,11598.1,11603.75,13:15:00,11594.665562153286,4,49
2019-04-12,11601.55,11604.55,11596.45,11600.65,13:20:00,11595.321222900591,4,50
2019-04-12,11594.75,11602.2,11592.35,11602.2,13:25:00,11595.266820719582,4,51
2019-04-12,11613.5,11615.1,11593.7,11594.95,13:30:00,11597.003313984384,4,52
2019-04-12,11617.3,11620.8,11612.45,11613.65,13:35:00,11598.936331700155,4,53
2019-04-12,11618.3,11619.55,11611.4,11617.65,13:40:00,11600.780490585856,4,54
2019-04-12,11615.7,11621.4,11614.45,11618.45,13:45:00,11602.201396244343,4,55
2019-04-12,11621.05,11621.05,11611.35,11615.85,13:50:00,11603.996501363932,4,56
2019-04-12,11617.8,11621.85,11613.6,11621.85,13:55:00,11605.311120281654,4,57
2019-04-12,11619.1,11620.15,11617.1,11618.1,14:00:00,11606.624346921497,4,58
2019-04-12,11620.6,11620.6,11613.55,11619.2,14:05:00,11607.955361500402,4,59
2019-04-12,11634.55,11636.85,11619.9,11620.3,14:10:00,11610.48818421465,4,60
2019-04-12,11645.4,11651.2,11634.7,11634.7,14:15:00,11613.81311905135,4,61
2019-04-12,11643.55,11648.5,11640.0,11645.25,14:20:00,11616.645202951222,4,62
2019-04-12,11643.0,11647.6,11642.2,11644.5,14:25:00,11619.155183622535,4,63
2019-04-12,11640.05,11645.2,11639.5,11643.5,14:30:00,11621.145166134676,4,64
2019-04-12,11652.3,11653.6,11638.6,11640.15,14:35:00,11624.11229316947,4,65
2019-04-12,11649.7,11657.2,11649.7,11652.0,14:40:00,11626.54921762952,4,66
2019-04-12,11647.35,11653.05,11643.6,11649.6,14:45:00,11628.530244521948,4,67
2019-04-12,11646.05,11649.95,11644.0,11647.95,14:50:00,11630.198792662712,4,68
2019-04-12,11651.6,11653.85,11638.45,11645.65,14:55:00,11632.237002885313,4,69
2019-04-12,11653.15,11657.35,11651.3,11652.55,15:00:00,11634.228716896232,4,70
2019-04-12,11644.3,11656.3,11642.3,11654.0,15:05:00,11635.18788671564,4,71
2019-04-12,11645.35,11650.2,11640.5,11644.65,15:10:00,11636.155707028436,4,72
2019-04-12,11642.4,11647.0,11638.2,11645.8,15:15:00,11636.750401597155,4,73
2019-04-12,11635.55,11643.9,11632.9,11641.6,15:20:00,11636.63607763552,4,74
2019-04-12,11631.55,11638.65,11629.0,11636.3,15:25:00,11636.15168928928,4,75
2019-04-15,11665.1,11669.65,11650.4,11656.8,09:15:00,11638.908671261732,0,1
2019-04-15,11673.05,11675.6,11663.0,11665.8,09:20:00,11642.160226379665,0,2
2019-04-15,11667.15,11677.4,11666.8,11673.55,09:25:00,11644.540204819696,0,3
2019-04-15,11654.95,11668.85,11654.95,11667.2,09:30:00,11645.531613884486,0,4
2019-04-15,11652.8,11660.4,11649.15,11655.15,09:35:00,11646.223841133582,0,5
2019-04-15,11654.25,11658.55,11648.25,11652.7,09:40:00,11646.988237216096,0,6
2019-04-15,11666.8,11668.55,11653.7,11654.15,09:45:00,11648.875071766945,0,7
2019-04-15,11665.65,11666.85,11660.15,11666.25,09:50:00,11650.472683979617,0,8
2019-04-15,11652.65,11665.25,11652.65,11665.25,09:55:00,11650.68004741013,0,9
2019-04-15,11663.15,11663.35,11652.0,11652.45,10:00:00,11651.867661942497,0,10
2019-04-15,11663.15,11665.65,11660.5,11662.8,10:05:00,11652.942170328926,0,11
2019-04-15,11666.95,11667.45,11662.25,11662.85,10:10:00,11654.27624934522,0,12
2019-04-15,11672.3,11674.1,11665.85,11667.1,10:15:00,11655.992797026627,0,13
2019-04-15,11678.15,11678.4,11668.7,11672.6,10:20:00,11658.103006833617,0,14
2019-04-15,11677.95,11679.95,11673.95,11677.35,10:25:00,11659.993196658988,0,15
2019-04-15,11671.2,11677.7,11670.1,11677.55,10:30:00,11661.060511262893,0,16
2019-04-15,11674.7,11675.4,11671.15,11671.15,10:35:00,11662.359510190236,0,17
2019-04-15,11676.1,11676.55,11672.15,11674.4,10:40:00,11663.668128267356,0,18
2019-04-15,11670.45,11678.4,11670.2,11675.75,10:45:00,11664.314020813325,0,19
2019-04-15,11672.9,11675.3,11670.25,11670.7,10:50:00,11665.131733116816,0,20
2019-04-15,11671.05,11672.85,11669.0,11672.65,10:55:00,11665.69537758188,0,21
2019-04-15,11670.95,11672.6,11669.6,11670.45,11:00:00,11666.195817812177,0,22
2019-04-15,11670.0,11672.8,11667.65,11670.65,11:05:00,11666.558120877684,0,23
2019-04-15,11672.7,11673.85,11668.85,11669.45,11:10:00,11667.143061746476,0,24
2019-04-15,11676.65,11676.75,11672.3,11672.3,11:15:00,11668.048484437288,0,25
2019-04-15,11672.85,11679.25,11672.5,11676.2,11:20:00,11668.505771633738,0,26
2019-04-15,11669.85,11674.6,11668.95,11672.75,11:25:00,11668.633793382904,0,27
2019-04-15,11665.25,11669.9,11664.7,11669.25,11:30:00,11668.31152734644,0,28
2019-04-15,11669.85,11671.25,11664.45,11664.8,11:35:00,11668.45804855154,0,29
2019-04-15,11670.9,11672.65,11669.1,11669.1,11:40:00,11668.690615356156,0,30
2019-04-15,11671.75,11672.05,11668.75,11670.85,11:45:00,11668.981985322236,0,31
2019-04-15,11674.4,11674.4,11669.05,11671.3,11:50:00,11669.497986720118,0,32
2019-04-15,11673.85,11675.2,11671.6,11673.8,11:55:00,11669.912464175344,0,33
2019-04-15,11680.5,11681.75,11673.35,11673.35,12:00:00,11670.920800920549,0,34
2019-04-15,11680.3,11681.25,11676.9,11680.45,12:05:00,11671.814057975736,0,35
2019-04-15,11685.15,11686.4,11679.2,11680.4,12:10:00,11673.08414769233,0,36
2019-04-15,11679.4,11684.95,11678.35,11684.35,12:15:00,11673.68565743592,0,37
2019-04-15,11678.55,11684.0,11678.05,11678.8,12:20:00,11674.148928156308,0,38
2019-04-15,11680.8,11684.05,11678.1,11679.15,12:25:00,11674.782363569992,0,39
2019-04-15,11679.65,11683.5,11678.65,11680.2,12:30:00,11675.2459479919,0,40
2019-04-15,11683.25,11683.75,11678.7,11678.75,12:35:00,11676.00823865934,0,41
2019-04-15,11677.5,11683.55,11676.9,11682.7,12:40:00,11676.150311167972,0,42
2019-04-15,11681.45,11683.0,11676.9,11677.05,12:45:00,11676.65504343769,0,43
2019-04-15,11683.15,11683.15,11680.0,11681.3,12:50:00,11677.273610729337,0,44
2019-04-15,11685.25,11687.05,11683.0,11683.35,12:55:00,11678.033266850352,0,45
2019-04-15,11685.45,11686.45,11683.25,11684.95,13:00:00,11678.739622388412,0,46
2019-04-15,11689.05,11690.5,11682.3,11685.5,13:05:00,11679.721563113326,0,47
2019-04-15,11688.25,11693.3,11687.45,11689.3,13:10:00,11680.53379519777,0,48
2019-04-15,11685.85,11692.2,11684.4,11688.0,13:15:00,11681.04010041703,0,49
2019-04-15,11676.55,11687.55,11676.2,11685.4,13:20:00,11680.612471805884,0,50
2019-04-15,11674.35,11675.3,11663.0,11675.3,13:25:00,11680.01604591961,0,51
2019-04-15,11683.55,11686.15,11673.5,11673.75,13:30:00,11680.352612974886,0,52
2019-04-15,11687.6,11690.05,11682.2,11682.4,13:35:00,11681.042840310613,0,53
2019-04-15,11683.7,11687.4,11679.95,11687.4,13:40:00,11681.295903138174,0,54
2019-04-15,11687.25,11690.75,11683.25,11683.35,13:45:00,11681.862959982158,0,55
2019-04-15,11688.1,11690.9,11686.35,11686.65,13:50:00,11682.45696379338,0,56
2019-04-15,11690.8,11694.55,11684.35,11687.9,13:55:00,11683.2515386702,0,57
2019-04-15,11688.45,11690.95,11687.0,11689.9,14:00:00,11683.746630225418,0,58
2019-04-15,11695.35,11697.3,11687.65,11688.2,14:05:00,11684.851713061093,0,59
2019-04-15,11694.1,11699.4,11693.95,11695.0,14:10:00,11685.73250229337,0,60
2019-04-15,11695.9,11696.5,11689.85,11693.75,14:15:00,11686.700835408286,0,61
2019-04-15,11702.4,11702.4,11692.7,11696.2,14:20:00,11688.19599394083,0,62
2019-04-15,11695.35,11704.6,11694.8,11703.55,14:25:00,11688.877327851227,0,63
2019-04-15,11693.6,11702.0,11692.85,11696.7,14:30:00,11689.32710615111,0,64
2019-04-15,11691.65,11696.1,11681.6,11694.55,14:35:00,11689.548334136718,0,65
2019-04-15,11683.8,11692.4,11682.9,11692.4,14:40:00,11689.000873742743,0,66
2019-04-15,11692.95,11695.3,11679.45,11684.15,14:45:00,11689.376981005342,0,67
2019-04-15,11697.1,11698.25,11691.9,11693.4,14:50:00,11690.11250662388,0,68
2019-04-15,11700.1,11701.5,11691.25,11698.35,14:55:00,11691.063696469224,0,69
2019-04-15,11690.7,11699.95,11689.0,11698.75,15:00:00,11691.02905871025,0,70
2019-04-15,11693.15,11694.35,11687.25,11688.9,15:05:00,11691.231053118798,0,71
2019-04-15,11691.1,11695.9,11686.2,11692.15,15:10:00,11691.218571869387,0,72
2019-04-15,11689.45,11691.7,11683.45,11688.5,15:15:00,11691.050136453256,0,73
2019-04-15,11690.65,11690.9,11685.35,11687.55,15:20:00,11691.012028219611,0,74
2019-04-15,11687.65,11691.95,11685.1,11689.45,15:25:00,11690.69183505584,0,75
2019-04-16,11745.9,11749.3,11731.55,11731.55,09:15:00,11695.949755526712,1,1
2019-04-16,11749.35,11750.45,11740.85,11745.25,09:20:00,11701.035493095596,1,2
2019-04-16,11748.0,11752.15,11744.85,11748.9,09:25:00,11705.508303276967,1,3
2019-04-16,11754.85,11759.05,11747.35,11747.8,09:30:00,11710.207512488689,1,4
2019-04-16,11758.85,11760.75,11754.8,11754.8,09:35:00,11714.840130346907,1,5
2019-04-16,11761.4,11763.65,11758.65,11758.65,09:40:00,11719.2744036472,1,6
2019-04-16,11765.9,11766.05,11758.5,11761.5,09:45:00,11723.714936633183,1,7
2019-04-16,11774.2,11775.8,11763.55,11766.1,09:50:00,11728.523037906214,1,8
2019-04-16,11769.45,11776.55,11766.4,11774.3,09:55:00,11732.420843819908,1,9
2019-04-16,11767.4,11771.15,11766.65,11769.25,10:00:00,11735.752192027536,1,10
2019-04-16,11764.75,11769.25,11764.2,11767.15,10:05:00,11738.513888024914,1,11
2019-04-16,11776.65,11777.9,11764.25,11764.25,10:10:00,11742.145898689208,1,12
2019-04-16,11781.1,11784.4,11776.35,11776.7,10:15:00,11745.85581309976,1,13
2019-04-16,11776.3,11782.2,11775.6,11781.0,10:20:00,11748.75525947121,1,14
2019-04-16,11778.7,11780.75,11776.0,11776.0,10:25:00,11751.607139521571,1,15
2019-04-16,11782.05,11782.9,11776.35,11778.75,10:30:00,11754.506459567136,1,16
2019-04-16,11784.45,11787.05,11781.3,11781.35,10:35:00,11757.358225322649,1,17
2019-04-16,11782.85,11785.1,11780.05,11784.35,10:40:00,11759.786013387156,1,18
2019-04-16,11783.45,11783.95,11780.7,11782.6,10:45:00,11762.039726397905,1,19
2019-04-16,11781.55,11785.35,11780.7,11783.3,10:50:00,11763.89784769334,1,20
2019-04-16,11786.45,11786.65,11781.6,11781.85,10:55:00,11766.045671722546,1,21
2019-04-16,11782.75,11786.65,11781.6,11786.35,11:00:00,11767.636560129922,1,22
2019-04-16,11779.55,11785.6,11778.3,11782.6,11:05:00,11768.771173450885,1,23
2019-04-16,11779.85,11783.0,11779.2,11779.5,11:10:00,11769.826299788894,1,24
2019-04-16,11779.35,11781.65,11777.65,11779.6,11:15:00,11770.73331885662,1,25
2019-04-16,11777.75,11781.65,11775.35,11779.5,11:20:00,11771.401574203606,1,26
2019-04-16,11777.3,11778.7,11775.05,11777.8,11:25:00,11771.96332904136,1,27
2019-04-16,11783.2,11784.05,11776.85,11777.45,11:30:00,11773.033488180276,1,28
2019-04-16,11777.2,11784.2,11775.95,11782.75,11:35:00,11773.430298829777,1,29
2019-04-16,11780.9,11781.65,11775.5,11776.9,11:40:00,11774.141698941225,1,30
2019-04-16,11778.65,11783.65,11778.4,11781.05,11:45:00,11774.571060946822,1,31
2019-04-16,11780.65,11781.95,11778.15,11778.15,11:50:00,11775.150007523316,1,32
2019-04-16,11781.0,11781.95,11779.75,11780.6,11:55:00,11775.707149663953,1,33
2019-04-16,11781.2,11781.8,11778.0,11781.1,12:00:00,11776.230278267383,1,34
2019-04-16,11780.6,11784.2,11780.15,11781.25,12:05:00,11776.64644224192,1,35
2019-04-16,11775.15,11781.5,11774.85,11780.5,12:10:00,11776.503923933167,1,36
2019-04-16,11772.75,11775.05,11767.35,11774.8,12:15:00,11776.146407368104,1,37
2019-04-16,11775.5,11776.45,11772.5,11772.85,12:20:00,11776.084844761615,1,38
2019-04-16,11780.8,11781.65,11774.3,11775.45,12:25:00,11776.533907165272,1,39
2019-04-16,11779.8,11783.35,11779.4,11780.65,12:30:00,11776.844963625725,1,40
2019-04-16,11780.3,11781.5,11776.05,11779.3,12:35:00,11777.174014708986,1,41
2019-04-16,11783.5,11785.65,11778.8,11780.05,12:40:00,11777.776489498608,1,42
2019-04-16,11780.05,11783.65,11778.9,11783.4,12:45:00,11777.993014308262,1,43
2019-04-16,11779.2,11782.1,11778.9,11780.25,12:50:00,11778.107965326524,1,44
2019-04-16,11780.1,11784.0,11777.85,11778.9,12:55:00,11778.297682914474,1,45
2019-04-16,11785.15,11787.85,11779.3,11780.05,13:00:00,11778.950284541666,1,46
2019-04-16,11793.0,11795.2,11784.8,11785.0,13:05:00,11780.288352680554,1,47
2019-04-16,11788.95,11793.7,11785.8,11792.95,13:10:00,11781.113271472885,1,48
2019-04-16,11786.5,11789.05,11784.45,11788.4,13:15:00,11781.62629323737,1,49
2019-04-16,11790.15,11790.45,11784.65,11786.3,13:20:00,11782.438074833812,1,50
2019-04-16,11785.55,11791.75,11785.0,11790.2,13:25:00,11782.734448659165,1,51
2019-04-16,11782.35,11788.15,11780.9,11785.4,13:30:00,11782.697834501148,1,52
2019-04-16,11782.35,11783.8,11777.3,11782.1,13:35:00,11782.6647074058,1,53
2019-04-16,11786.45,11789.15,11780.8,11782.25,13:40:00,11783.02521146239,1,54
2019-04-16,11790.05,11791.0,11783.5,11786.25,13:45:00,11783.694238942164,1,55
2019-04-16,11789.5,11791.35,11786.95,11789.95,13:50:00,11784.24716856672,1,56
2019-04-16,11801.55,11801.55,11787.5,11789.05,13:55:00,11785.89505727465,1,57
2019-04-16,11804.45,11806.85,11800.35,11801.7,14:00:00,11787.662194677065,1,58
2019-04-16,11804.75,11806.65,11802.45,11806.05,14:05:00,11789.28960470782,1,59
2019-04-16,11807.55,11808.45,11801.85,11805.75,14:10:00,11791.028689973742,1,60
2019-04-16,11805.9,11810.15,11805.45,11808.7,14:15:00,11792.445005214338,1,61
2019-04-16,11795.0,11806.9,11789.75,11806.35,14:20:00,11792.688338051068,1,62
2019-04-16,11797.55,11800.3,11795.05,11795.75,14:25:00,11793.151353474776,1,63
2019-04-16,11808.6,11809.05,11797.2,11798.4,14:30:00,11794.622653143844,1,64
2019-04-16,11807.2,11810.95,11805.75,11809.4,14:35:00,11795.820495701571,1,65
2019-04-16,11800.65,11808.2,11800.65,11808.2,14:40:00,11796.2804484919,1,66
2019-04-16,11799.1,11801.35,11796.75,11800.95,14:45:00,11796.548977206958,1,67
2019-04-16,11795.05,11799.5,11788.45,11798.95,14:50:00,11796.406217472962,1,68
2019-04-16,11796.3,11796.9,11792.6,11795.3,14:55:00,11796.396101523158,1,69
2019-04-16,11788.65,11796.0,11779.75,11795.75,15:00:00,11795.658377568572,1,70
2019-04-16,11785.85,11788.1,11782.2,11787.35,15:05:00,11794.724246371568,1,71
2019-04-16,11781.95,11785.75,11776.75,11784.15,15:10:00,11793.507651479036,1,72
2019-04-16,11783.3,11785.35,11780.6,11780.6,15:15:00,11792.53549419532,1,73
2019-04-16,11795.4,11797.25,11783.55,11784.4,15:20:00,11792.808304271955,1,74
2019-04-16,11795.3,11797.95,11793.0,11794.9,15:25:00,11793.045608627008,1,75
2019-04-18,11815.95,11845.0,11810.75,11845.0,09:15:00,11795.22697923396,3,1
2019-04-18,11821.35,11825.85,11811.9,11815.4,09:20:00,11797.714885973584,3,2
2019-04-18,11823.25,11824.35,11815.45,11821.3,09:25:00,11800.146801595143,3,3
2019-04-18,11819.65,11826.75,11813.9,11822.85,09:30:00,11802.004249062273,3,4
2019-04-18,11805.35,11822.45,11803.65,11819.9,09:35:00,11802.322892008724,3,5
2019-04-18,11794.4,11808.45,11792.35,11804.55,09:40:00,11801.568330865037,3,6
2019-04-18,11794.15,11795.05,11779.85,11794.2,09:45:00,11800.861823163605,3,7
2019-04-18,11792.5,11797.6,11791.15,11793.7,09:50:00,11800.065459052785,3,8
2019-04-18,11773.5,11792.95,11770.7,11792.95,09:55:00,11797.535415333472,3,9
2019-04-18,11770.15,11773.9,11766.0,11773.9,10:00:00,11794.927280539809,3,10
2019-04-18,11768.75,11774.55,11767.1,11770.65,10:05:00,11792.434206202684,3,11
2019-04-18,11756.8,11767.85,11751.4,11767.8,10:10:00,11789.04047227862,3,12
2019-04-18,11741.8,11757.55,11738.5,11755.8,10:15:00,11784.541379680655,3,13
2019-04-18,11757.2,11757.8,11741.35,11741.65,10:20:00,11781.937438758689,3,14
2019-04-18,11753.2,11757.4,11752.7,11757.0,10:25:00,11779.20053982929,3,15
2019-04-18,11747.35,11752.8,11743.6,11752.8,10:30:00,11776.167155083642,3,16
2019-04-18,11755.25,11755.8,11747.65,11747.75,10:35:00,11774.175045075675,3,17
2019-04-18,11764.85,11764.85,11754.6,11755.15,10:40:00,11773.28694554466,3,18
2019-04-18,11766.7,11767.65,11762.9,11764.75,10:45:00,11772.659617397549,3,19
2019-04-18,11759.35,11766.4,11759.35,11766.15,10:50:00,11771.39203478826,3,20
2019-04-18,11761.15,11761.25,11754.35,11759.5,10:55:00,11770.416602903664,3,21
2019-04-18,11765.2,11766.15,11758.5,11760.85,11:00:00,11769.919783579506,3,22
2019-04-18,11771.05,11771.9,11763.65,11765.65,11:05:00,11770.0274232386,3,23
2019-04-18,11764.15,11771.25,11761.9,11770.95,11:10:00,11769.467668644447,3,24
2019-04-18,11766.7,11766.95,11761.75,11764.0,11:15:00,11769.2040811545,3,25
2019-04-18,11763.85,11770.15,11763.05,11766.9,11:20:00,11768.694168663596,3,26
2019-04-18,11763.6,11764.95,11761.0,11763.65,11:25:00,11768.209009743252,3,27
2019-04-18,11754.7,11768.7,11754.15,11763.3,11:30:00,11766.922437386753,3,28
2019-04-18,11755.1,11758.8,11750.95,11754.85,11:35:00,11765.796490968967,3,29
2019-04-18,11753.05,11757.95,11751.0,11755.25,11:40:00,11764.582539448114,3,30
2019-04-18,11756.45,11757.15,11753.3,11753.3,11:45:00,11763.808011881629,3,31
2019-04-18,11755.95,11760.25,11755.55,11756.65,11:50:00,11763.059629797664,3,32
2019-04-18,11754.4,11756.7,11752.25,11756.2,11:55:00,11762.234903150267,3,33
2019-04-18,11756.15,11757.4,11752.7,11754.6,12:00:00,11761.655388564528,3,34
2019-04-18,11755.2,11760.45,11755.2,11756.45,12:05:00,11761.04058965362,3,35
2019-04-18,11751.85,11757.85,11751.85,11755.5,12:10:00,11760.165295400897,3,36
2019-04-18,11747.85,11751.75,11744.9,11751.75,12:15:00,11758.99241012462,3,37
2019-04-18,11752.8,11753.35,11747.6,11748.1,12:20:00,11758.402656779415,3,38
2019-04-18,11752.35,11756.3,11751.45,11752.75,12:25:00,11757.826213276616,3,39
2019-04-18,11754.4,11755.5,11750.25,11752.25,12:30:00,11757.499907250272,3,40
2019-04-18,11760.4,11763.4,11753.9,11754.85,12:35:00,11757.77610655977,3,41
2019-04-18,11761.9,11763.45,11760.3,11760.7,12:40:00,11758.16885831598,3,42
2019-04-18,11759.05,11762.2,11757.05,11761.95,12:45:00,11758.252776571602,3,43
2019-04-18,11765.3,11767.55,11758.95,11758.95,12:50:00,11758.92394070764,3,44
2019-04-18,11765.0,11766.35,11762.5,11765.35,12:55:00,11759.5026130212,3,45
2019-04-18,11758.9,11765.25,11756.0,11765.25,13:00:00,11759.445221304892,3,46
2019-04-18,11760.75,11762.4,11758.7,11759.25,13:05:00,11759.569485942524,3,47
2019-04-18,11756.65,11762.5,11756.6,11760.85,13:10:00,11759.291439662284,3,48
2019-04-18,11755.5,11757.2,11751.4,11756.85,13:15:00,11758.930350170638,3,49
2019-04-18,11755.1,11760.45,11753.0,11755.6,13:20:00,11758.565554916291,3,50
2019-04-18,11762.55,11762.95,11754.35,11755.3,13:25:00,11758.945025876645,3,51
2019-04-18,11765.4,11765.95,11758.35,11762.75,13:30:00,11759.559785316964,3,52
2019-04-18,11764.5,11768.1,11762.95,11765.55,13:35:00,11760.030281953445,3,53
2019-04-18,11771.5,11772.1,11764.15,11764.4,13:40:00,11761.122636053116,3,54
2019-04-18,11773.45,11774.7,11768.65,11772.2,13:45:00,11762.296670714722,3,55
2019-04-18,11765.55,11775.95,11764.15,11773.4,13:50:00,11762.606511599037,3,56
2019-04-18,11770.9,11771.3,11762.4,11765.6,13:55:00,11763.396367637222,3,57
2019-04-18,11777.75,11778.85,11770.7,11771.2,14:00:00,11764.763380243205,3,58
2019-04-18,11778.15,11782.7,11774.25,11778.5,14:05:00,11766.038296410516,3,59
2019-04-18,11775.15,11779.0,11774.3,11778.9,14:10:00,11766.906077704753,3,60
2019-04-18,11788.85,11789.85,11775.6,11775.95,14:15:00,11768.995975066206,3,61
2019-04-18,11781.3,11791.8,11781.3,11789.0,14:20:00,11770.16778696466,3,62
2019-04-18,11783.45,11787.25,11778.7,11782.4,14:25:00,11771.432759634694,3,63
2019-04-18,11770.25,11784.8,11769.9,11783.9,14:30:00,11771.320115859962,3,64
2019-04-18,11766.6,11773.65,11762.25,11770.55,14:35:00,11770.870581016155,3,65
2019-04-18,11774.1,11775.9,11766.95,11766.95,14:40:00,11771.178144728903,3,66
2019-04-18,11777.25,11780.25,11774.35,11774.35,14:45:00,11771.756416659484,3,67
2019-04-18,11776.35,11783.35,11774.8,11777.05,14:50:00,11772.193900787152,3,68
2019-04-18,11775.75,11777.7,11773.9,11776.5,14:55:00,11772.53257690266,3,69
2019-04-18,11768.55,11779.7,11768.45,11776.0,15:00:00,11772.15328386431,3,70
2019-04-18,11747.75,11768.05,11746.65,11768.05,15:05:00,11769.82916159152,3,71
2019-04-18,11756.35,11756.8,11744.65,11747.45,15:10:00,11768.545431916138,3,72
2019-04-18,11743.9,11756.95,11743.9,11756.05,15:15:00,11766.198247924123,3,73
2019-04-18,11743.7,11746.3,11740.7,11744.15,15:20:00,11764.055557645635,3,74
2019-04-18,11747.4,11747.7,11741.3,11744.2,15:25:00,11762.469314060338,3,75
2019-04-22,11685.35,11719.2,11675.45,11719.2,09:15:00,11755.124617483163,0,1
2019-04-22,11685.45,11690.25,11668.9,11685.9,09:20:00,11748.488939627625,0,2
2019-04-22,11690.15,11693.4,11681.0,11685.6,09:25:00,11742.93285013928,0,3
2019-04-22,11670.7,11688.8,11670.25,11688.8,09:30:00,11736.053531078396,0,4
2019-04-22,11654.1,11670.05,11646.15,11670.05,09:35:00,11728.248432880451,0,5
2019-04-22,11657.75,11658.65,11650.15,11654.05,09:40:00,11721.534296415648,0,6
2019-04-22,11656.85,11666.8,11654.7,11656.0,09:45:00,11715.373887233203,0,7
2019-04-22,11656.35,11663.5,11653.5,11656.05,09:50:00,11709.752564639566,0,8
2019-04-22,11661.4,11661.7,11654.8,11655.85,09:55:00,11705.147558483415,0,9
2019-04-22,11650.3,11664.05,11649.05,11661.7,10:00:00,11699.923981484995,0,10
2019-04-22,11648.45,11654.15,11646.0,11652.35,10:05:00,11695.021697534045,0,11
2019-04-22,11661.5,11661.6,11647.95,11648.4,10:10:00,11691.829154911751,0,12
2019-04-22,11666.5,11668.45,11660.5,11661.55,10:15:00,11689.416854443967,0,13
2019-04-22,11665.65,11670.15,11664.4,11667.0,10:20:00,11687.153344496925,0,14
2019-04-22,11670.3,11671.5,11663.45,11665.75,10:25:00,11685.548264068646,0,15
2019-04-22,11664.0,11670.5,11659.1,11670.5,10:30:00,11683.49604844306,0,16
2019-04-22,11669.45,11669.6,11661.8,11663.75,10:35:00,11682.15832954372,0,17
2019-04-22,11662.45,11669.2,11662.05,11669.0,10:40:00,11680.281345777654,0,18
2019-04-22,11662.55,11664.6,11657.5,11662.5,10:45:00,11678.592646179784,0,19
2019-04-22,11669.65,11669.65,11659.65,11662.5,10:50:00,11677.740965591232,0,20
2019-04-22,11664.45,11671.2,11663.5,11671.2,10:55:00,11676.475159344447,0,21
2019-04-22,11667.15,11668.25,11664.65,11665.15,11:00:00,11675.58704893069,0,22
2019-04-22,11662.45,11667.3,11662.1,11667.2,11:05:00,11674.335901413482,0,23
2019-04-22,11665.55,11666.1,11659.95,11662.4,11:10:00,11673.499148897912,0,24
2019-04-22,11666.95,11670.55,11663.95,11665.65,11:15:00,11672.875420431445,0,25
2019-04-22,11666.4,11667.3,11663.8,11667.0,11:20:00,11672.258713723688,0,26
2019-04-22,11666.3,11667.35,11663.5,11667.0,11:25:00,11671.691217178572,0,27
2019-04-22,11661.4,11666.55,11658.0,11665.95,11:30:00,11670.711101256806,0,28
2019-04-22,11660.35,11662.8,11659.95,11661.05,11:35:00,11669.72432970854,0,29
2019-04-22,11660.4,11664.25,11659.15,11660.4,11:40:00,11668.836298307726,0,30
2019-04-22,11659.6,11661.6,11656.05,11660.8,11:45:00,11667.956650849846,0,31
2019-04-22,11655.7,11660.4,11655.65,11660.0,11:50:00,11666.789350768908,0,32
2019-04-22,11656.3,11657.15,11653.1,11655.65,11:55:00,11665.790364981392,0,33
2019-04-22,11657.2,11658.7,11655.75,11656.45,12:00:00,11664.972234983165,0,34
2019-04-22,11655.05,11657.45,11653.35,11657.35,12:05:00,11664.027260222863,0,35
2019-04-22,11656.35,11658.65,11653.1,11654.85,12:10:00,11663.29609258259,0,36
2019-04-22,11650.1,11656.95,11649.85,11656.55,12:15:00,11662.03932186044,0,37
2019-04-22,11658.9,11660.3,11649.8,11649.8,12:20:00,11661.740338826112,0,38
2019-04-22,11659.0,11660.55,11656.6,11658.8,12:25:00,11661.479354176006,0,39
2019-04-22,11659.6,11660.0,11657.3,11659.3,12:30:00,11661.300368064009,0,40
2019-04-22,11654.25,11659.75,11654.25,11659.45,12:35:00,11660.628904438863,0,41
2019-04-22,11654.8,11655.05,11653.05,11654.4,12:40:00,11660.073770682782,0,42
2019-04-22,11645.65,11656.0,11641.7,11654.65,12:45:00,11658.700078236803,0,43
2019-04-22,11646.0,11647.2,11643.75,11645.95,12:50:00,11657.490546976154,0,44
2019-04-22,11648.05,11649.1,11645.65,11645.65,12:55:00,11656.59144726414,0,45
2019-04-22,11643.3,11650.3,11640.8,11648.75,13:00:00,11655.325595143746,0,46
2019-04-22,11637.5,11645.75,11633.4,11643.35,13:05:00,11653.62791941577,0,47
2019-04-22,11632.8,11637.6,11631.2,11637.35,13:10:00,11651.64430804284,0,48
2019-04-22,11630.0,11633.45,11625.5,11633.05,13:15:00,11649.582945372093,0,49
2019-04-22,11630.25,11634.25,11628.45,11630.1,13:20:00,11647.741712479512,0,50
2019-04-22,11632.85,11633.35,11626.9,11630.2,13:25:00,11646.32345414813,0,51
2019-04-22,11630.1,11636.55,11627.95,11632.75,13:30:00,11644.77836327688,0,52
2019-04-22,11646.25,11648.5,11630.15,11630.15,13:35:00,11644.918519155271,0,53
2019-04-22,11648.15,11653.6,11645.1,11646.7,13:40:00,11645.22627923572,0,54
2019-04-22,11641.85,11649.9,11641.2,11648.6,13:45:00,11644.90472883232,0,55
2019-04-22,11645.45,11647.8,11641.95,11642.1,13:50:00,11644.95665941972,0,56
2019-04-22,11645.3,11649.45,11643.6,11646.7,13:55:00,11644.989358522602,0,57
2019-04-22,11638.7,11647.6,11637.75,11647.6,14:00:00,11644.39037199664,0,58
2019-04-22,11639.0,11643.35,11638.25,11639.35,14:05:00,11643.877003235057,0,59
2019-04-22,11638.05,11640.6,11635.7,11639.05,14:10:00,11643.322050546005,0,60
2019-04-22,11647.35,11647.5,11638.5,11638.5,14:15:00,11643.705664779716,0,61
2019-04-22,11633.2,11651.0,11633.0,11647.6,14:20:00,11642.705125276883,0,62
2019-04-22,11630.85,11638.35,11630.85,11634.5,14:25:00,11641.576065726706,0,63
2019-04-22,11624.95,11636.55,11622.55,11632.65,14:30:00,11639.992630895593,0,64
2019-04-22,11621.85,11628.15,11621.85,11626.05,14:35:00,11638.264761286488,0,65
2019-04-22,11611.2,11624.25,11609.5,11624.25,14:40:00,11635.68716497349,0,66
2019-04-22,11617.0,11617.45,11611.35,11612.5,14:45:00,11633.907434976014,0,67
2019-04-22,11623.05,11625.4,11618.8,11619.35,14:50:00,11632.873393549728,0,68
2019-04-22,11615.75,11626.65,11615.75,11623.45,14:55:00,11631.24259416404,0,69
2019-04-22,11605.1,11614.7,11602.4,11614.3,15:00:00,11628.752823291274,0,70
2019-04-22,11594.9,11605.1,11593.85,11603.9,15:05:00,11625.52874488258,0,71
2019-04-22,11594.35,11597.55,11587.75,11592.8,15:10:00,11622.55934060805,0,72
2019-04-22,11594.55,11598.2,11589.5,11593.5,15:15:00,11619.891784359665,0,73
2019-04-22,11593.75,11596.05,11583.95,11592.75,15:20:00,11617.402090611124,0,74
2019-04-22,11591.4,11596.85,11590.75,11591.85,15:25:00,11614.925701029117,0,75
2019-04-23,11625.3,11625.3,11592.45,11612.45,09:15:00,11615.913729502532,1,1
2019-04-23,11633.1,11643.5,11624.75,11624.75,09:20:00,11617.550517168957,1,2
2019-04-23,11634.05,11644.35,11628.25,11633.7,09:25:00,11619.121896486198,1,3
2019-04-23,11637.15,11637.25,11628.05,11634.8,09:30:00,11620.838858725609,1,4
2019-04-23,11640.9,11645.0,11634.05,11637.4,09:35:00,11622.749443608882,1,5
2019-04-23,11635.85,11645.95,11633.4,11640.4,09:40:00,11623.99711564613,1,6
2019-04-23,11615.5,11637.35,11615.5,11635.35,09:45:00,11623.187866536977,1,7
2019-04-23,11617.2,11623.15,11612.4,11616.25,09:50:00,11622.617593533454,1,8
2019-04-23,11612.35,11621.75,11609.45,11617.0,09:55:00,11621.639727482649,1,9
2019-04-23,11589.1,11612.55,11588.45,11611.1,10:00:00,11618.540705817635,1,10
2019-04-23,11589.4,11597.55,11582.95,11589.55,10:05:00,11615.76540050167,1,11
2019-04-23,11604.5,11606.0,11583.05,11589.35,10:10:00,11614.692505215797,1,12
2019-04-23,11604.4,11607.45,11599.2,11604.45,10:15:00,11613.712266623816,1,13
2019-04-23,11618.95,11619.2,11601.5,11604.05,10:20:00,11614.21109837393,1,14
2019-04-23,11611.8,11618.8,11608.9,11618.8,10:25:00,11613.981469957364,1,15
2019-04-23,11615.55,11616.0,11603.55,11610.1,10:30:00,11614.13085377095,1,16
2019-04-23,11611.6,11620.0,11609.7,11615.2,10:35:00,11613.88982007848,1,17
2019-04-23,11619.6,11620.95,11610.4,11611.85,10:40:00,11614.43364673767,1,18
2019-04-23,11605.4,11621.45,11605.4,11619.75,10:45:00,11613.57329942932,1,19
2019-04-23,11609.0,11612.0,11601.5,11605.65,10:50:00,11613.13774710272,1,20
2019-04-23,11609.1,11610.15,11606.0,11609.2,10:55:00,11612.753199759603,1,21
2019-04-23,11612.3,11613.25,11607.25,11609.05,11:00:00,11612.710037877736,1,22
2019-04-23,11615.5,11618.2,11611.75,11612.55,11:05:00,11612.975748556048,1,23
2019-04-23,11614.3,11615.8,11610.3,11615.55,11:10:00,11613.101867741188,1,24
2019-04-23,11613.2,11616.35,11612.5,11613.9,11:15:00,11613.111213670598,1,25
2019-04-23,11614.0,11614.75,11608.75,11613.55,11:20:00,11613.195859987683,1,26
2019-04-23,11614.05,11614.3,11610.25,11614.3,11:25:00,11613.277206655524,1,27
2019-04-23,11617.5,11621.0,11614.0,11614.3,11:30:00,11613.679377450237,1,28
2019-04-23,11624.25,11625.55,11618.0,11618.0,11:35:00,11614.686103407355,1,29
2019-04-23,11624.35,11627.15,11622.75,11624.35,11:40:00,11615.606474511418,1,30
2019-04-23,11634.4,11636.6,11624.2,11625.0,11:45:00,11617.39633408176,1,31
2019-04-23,11634.15,11636.15,11628.7,11634.65,11:50:00,11618.991921312068,1,32
2019-04-23,11637.9,11639.3,11631.95,11634.2,11:55:00,11620.79269071092,1,33
2019-04-23,11642.3,11645.05,11637.4,11637.65,12:00:00,11622.841005881308,1,34
2019-04-23,11632.45,11642.8,11632.25,11642.35,12:05:00,11623.756148178329,1,35
2019-04-23,11628.75,11634.4,11624.8,11632.25,12:10:00,11624.231753113723,1,36
2019-04-23,11626.25,11628.8,11622.6,11628.8,12:15:00,11624.423967102894,1,37
2019-04-23,11620.05,11626.05,11619.6,11626.05,12:20:00,11624.00739880738,1,38
2019-04-23,11625.1,11625.75,11619.2,11619.8,12:25:00,11624.11145606382,1,39
2019-04-23,11616.35,11627.85,11616.0,11625.2,12:30:00,11623.372269772026,1,40
2019-04-23,11615.15,11616.2,11609.5,11616.2,12:35:00,11622.589196460403,1,41
2019-04-23,11617.45,11619.95,11611.7,11615.85,12:40:00,11622.099749178462,1,42
2019-04-23,11617.55,11617.55,11611.95,11617.3,12:45:00,11621.666439732891,1,43
2019-04-23,11614.75,11620.3,11613.15,11617.65,12:50:00,11621.007731186904,1,44
2019-04-23,11621.6,11625.75,11613.55,11614.6,12:55:00,11621.06413774053,1,45
2019-04-23,11631.4,11637.0,11621.3,11621.3,13:00:00,11622.048505574763,1,46
2019-04-23,11626.0,11631.8,11625.4,11630.95,13:05:00,11622.424838377168,1,47
2019-04-23,11626.8,11629.95,11625.25,11626.55,13:10:00,11622.841520436486,1,48
2019-04-23,11622.25,11629.0,11615.95,11627.05,13:15:00,11622.78518515682,1,49
2019-04-23,11617.7,11622.7,11611.7,11622.1,13:20:00,11622.300881808553,1,50
2019-04-23,11614.25,11622.3,11611.1,11617.4,13:25:00,11621.53413116012,1,51
2019-04-23,11627.2,11629.25,11613.8,11613.9,13:30:00,11622.0737377163,1,52
2019-04-23,11626.55,11630.9,11626.2,11626.8,13:35:00,11622.500048409984,1,53
2019-04-23,11634.25,11635.55,11626.35,11626.7,13:40:00,11623.619091418555,1,54
2019-04-23,11631.75,11636.0,11626.85,11633.95,13:45:00,11624.393463664408,1,55
2019-04-23,11628.25,11632.55,11626.6,11631.85,13:50:00,11624.760752839227,1,56
2019-04-23,11632.25,11634.9,11625.5,11627.95,13:55:00,11625.474014473588,1,57
2019-04-23,11633.95,11643.3,11631.3,11632.35,14:00:00,11626.281251190389,1,58
2019-04-23,11633.2,11637.0,11631.0,11634.2,14:05:00,11626.940179648444,1,59
2019-04-23,11627.85,11633.45,11625.6,11633.0,14:10:00,11627.026829205735,1,60
2019-04-23,11632.75,11634.05,11627.15,11628.35,14:15:00,11627.571893090904,1,61
2019-04-23,11633.85,11636.8,11632.3,11633.45,14:20:00,11628.169808034629,1,62
2019-04-23,11630.5,11635.15,11628.05,11634.6,14:25:00,11628.39173107895,1,63
2019-04-23,11628.45,11642.1,11628.4,11631.25,14:30:00,11628.397280500005,1,64
2019-04-23,11599.95,11629.4,11596.0,11629.25,14:35:00,11625.68801569048,1,65
2019-04-23,11594.3,11606.55,11591.35,11600.9,14:40:00,11622.698680862815,1,66
2019-04-23,11591.65,11597.8,11583.55,11595.85,14:45:00,11619.741663637786,1,67
2019-04-23,11590.05,11600.65,11589.75,11592.7,14:50:00,11616.913886148472,1,68
2019-04-23,11583.2,11593.7,11583.2,11590.45,14:55:00,11613.703039848617,1,69
2019-04-23,11573.75,11582.75,11564.8,11582.75,15:00:00,11609.897988434464,1,70
2019-04-23,11572.4,11578.5,11570.05,11573.35,15:05:00,11606.326751440703,1,71
2019-04-23,11581.25,11581.85,11568.65,11573.3,15:10:00,11603.938489398732,1,72
2019-04-23,11578.8,11583.55,11574.15,11581.55,15:15:00,11601.544347551231,1,73
2019-04-23,11575.85,11581.55,11574.55,11579.0,15:20:00,11599.097266832068,1,74
2019-04-23,11579.2,11582.55,11575.4,11575.45,15:25:00,11597.202289038538,1,75
2019-04-24,11607.7,11620.85,11596.55,11600.1,09:15:00,11598.202071034868,2,1
2019-04-24,11615.7,11616.5,11605.2,11606.45,09:20:00,11599.868540460118,2,2
2019-04-24,11599.0,11616.9,11596.8,11616.1,09:25:00,11599.78582232106,2,3
2019-04-24,11598.1,11602.95,11589.3,11598.6,09:30:00,11599.625267814292,2,4
2019-04-24,11599.3,11606.45,11595.45,11598.55,09:35:00,11599.594289927216,2,5
2019-04-24,11598.5,11601.35,11592.45,11598.75,09:40:00,11599.490071838907,2,6
2019-04-24,11599.6,11603.9,11598.4,11598.4,09:45:00,11599.500541187585,2,7
2019-04-24,11601.2,11602.8,11597.7,11599.35,09:50:00,11599.662394407816,2,8
2019-04-24,11602.0,11602.45,11596.25,11601.15,09:55:00,11599.885023511832,2,9
2019-04-24,11594.2,11602.55,11594.05,11602.05,10:00:00,11599.343592701183,2,10
2019-04-24,11594.0,11598.2,11592.9,11594.1,10:05:00,11598.834679110594,2,11
2019-04-24,11600.9,11603.6,11593.5,11593.75,10:10:00,11599.031376338156,2,12
2019-04-24,11610.55,11611.25,11600.35,11600.35,10:15:00,11600.128388115474,2,13
2019-04-24,11607.65,11611.0,11606.25,11610.3,10:20:00,11600.844732104477,2,14
2019-04-24,11604.2,11607.85,11600.65,11607.4,10:25:00,11601.16428142786,2,15
2019-04-24,11606.2,11608.35,11603.85,11604.4,10:30:00,11601.643873672829,2,16
2019-04-24,11605.4,11611.3,11604.85,11606.85,10:35:00,11602.0015999897,2,17
2019-04-24,11607.3,11611.4,11604.95,11604.95,10:40:00,11602.506209514491,2,18
2019-04-24,11603.3,11608.25,11602.55,11608.15,10:45:00,11602.58180860835,2,19
2019-04-24,11590.7,11602.9,11590.7,11602.85,10:50:00,11601.450207788506,2,20
2019-04-24,11582.8,11591.05,11580.6,11590.55,10:55:00,11599.673997522934,2,21
2019-04-24,11589.2,11589.85,11581.55,11582.6,11:00:00,11598.67647394932,2,22
2019-04-24,11581.2,11589.85,11581.1,11589.3,11:05:00,11597.01204785891,2,23
2019-04-24,11589.6,11590.15,11578.85,11581.4,11:10:00,11596.306138539014,2,24
2019-04-24,11594.75,11596.75,11589.45,11589.45,11:15:00,11596.157934868632,2,25
2019-04-24,11596.75,11598.85,11592.75,11594.55,11:20:00,11596.214322024,2,26
2019-04-24,11600.15,11601.05,11597.0,11597.25,11:25:00,11596.589148497906,2,27
2019-04-24,11604.1,11606.55,11597.0,11599.9,11:30:00,11597.30446768858,2,28
2019-04-24,11603.65,11607.2,11602.65,11603.9,11:35:00,11597.908804099192,2,29
2019-04-24,11602.1,11606.5,11601.75,11604.1,11:40:00,11598.307965613556,2,30
2019-04-24,11603.3,11604.05,11599.0,11602.3,11:45:00,11598.783397459883,2,31
2019-04-24,11605.85,11607.0,11603.15,11603.15,11:50:00,11599.456407225607,2,32
2019-04-24,11598.9,11607.75,11598.6,11605.65,11:55:00,11599.403416061265,2,33
2019-04-24,11603.75,11604.8,11598.55,11599.0,12:00:00,11599.81737643638,2,34
2019-04-24,11603.05,11608.55,11602.85,11604.1,12:05:00,11600.1252453472,2,35
2019-04-24,11602.95,11604.0,11600.5,11602.95,12:10:00,11600.394269599848,2,36
2019-04-24,11594.4,11603.35,11593.05,11603.3,12:15:00,11599.823386780816,2,37
2019-04-24,11601.65,11602.75,11594.45,11594.8,12:20:00,11599.997349944548,2,38
2019-04-24,11599.6,11603.25,11599.15,11601.6,12:25:00,11599.959507092686,2,39
2019-04-24,11598.75,11600.05,11595.8,11599.4,12:30:00,11599.844315941002,2,40
2019-04-24,11606.5,11607.75,11598.85,11598.95,12:35:00,11600.478190613288,2,41
2019-04-24,11607.7,11612.2,11605.65,11606.8,12:40:00,11601.16598198345,2,42
2019-04-24,11607.15,11609.4,11606.15,11607.65,12:45:00,11601.735888461217,2,43
2019-04-24,11603.65,11609.2,11601.5,11607.85,12:50:00,11601.918184798242,2,44
2019-04-24,11607.45,11607.5,11601.45,11603.2,12:55:00,11602.445024341268,2,45
2019-04-24,11613.25,11614.1,11607.2,11607.3,13:00:00,11603.474069642098,2,46
2019-04-24,11609.0,11613.4,11608.35,11613.3,13:05:00,11604.000348723805,2,47
2019-04-24,11606.95,11609.05,11605.15,11609.05,13:10:00,11604.281267892964,2,48
2019-04-24,11596.15,11607.75,11588.3,11606.6,13:15:00,11603.506861426968,2,49
2019-04-24,11598.0,11601.1,11593.6,11596.3,13:20:00,11602.982398433924,2,50
2019-04-24,11600.4,11601.25,11598.15,11598.4,13:25:00,11602.73645572593,2,51
2019-04-24,11593.0,11601.9,11591.3,11600.15,13:30:00,11601.809174228223,2,52
2019-04-24,11597.05,11597.65,11592.25,11592.7,13:35:00,11601.35591953982,2,53
2019-04-24,11596.3,11600.25,11592.55,11597.35,13:40:00,11600.87440339317,2,54
2019-04-24,11601.1,11601.8,11594.15,11596.25,13:45:00,11600.895888784298,2,55
2019-04-24,11608.55,11608.55,11598.1,11600.95,13:50:00,11601.62485175722,2,56
2019-04-24,11633.25,11637.75,11608.65,11609.1,13:55:00,11604.636770637484,2,57
2019-04-24,11637.4,11645.45,11633.0,11633.05,14:00:00,11607.75707819582,2,58
2019-04-24,11635.55,11638.65,11629.55,11638.55,14:05:00,11610.404023129551,2,59
2019-04-24,11657.65,11659.15,11635.75,11635.75,14:10:00,11614.903639974356,2,60
2019-04-24,11649.85,11661.2,11649.2,11658.75,14:15:00,11618.231864738704,2,61
2019-04-24,11651.35,11658.65,11650.25,11651.4,14:20:00,11621.385972858829,2,62
2019-04-24,11655.65,11656.75,11647.35,11652.35,14:25:00,11624.649213538938,2,63
2019-04-24,11672.9,11675.4,11655.5,11655.5,14:30:00,11629.24452653523,2,64
2019-04-24,11673.05,11678.75,11670.25,11674.0,14:35:00,11633.416476389018,2,65
2019-04-24,11684.65,11685.3,11672.7,11673.75,14:40:00,11638.295859590064,2,66
2019-04-24,11687.6,11694.25,11682.6,11687.35,14:45:00,11642.991492010058,2,67
2019-04-24,11689.4,11692.95,11685.15,11689.95,14:50:00,11647.411349913862,2,68
2019-04-24,11694.75,11698.5,11691.0,11691.0,14:55:00,11651.919792779208,2,69
2019-04-24,11723.0,11723.0,11694.35,11694.35,15:00:00,11658.689336324049,2,70
2019-04-24,11730.65,11733.45,11722.5,11722.5,15:05:00,11665.542732864616,2,71
2019-04-24,11732.05,11740.85,11730.4,11730.4,15:10:00,11671.87675830608,2,72
2019-04-24,11731.85,11733.65,11725.8,11731.95,15:15:00,11677.588495610264,2,73
2019-04-24,11726.6,11732.75,11726.6,11731.1,15:20:00,11682.256257933095,2,74
2019-04-24,11724.75,11727.55,11720.8,11726.15,15:25:00,11686.303280987086,2,75
2019-04-25,11731.4,11733.1,11715.95,11731.6,09:15:00,11690.598206607365,3,1
2019-04-25,11742.8,11746.9,11729.95,11732.5,09:20:00,11695.56980597809,3,2
2019-04-25,11745.75,11749.3,11739.45,11741.8,09:25:00,11700.348872075414,3,3
2019-04-25,11752.2,11756.65,11746.25,11746.25,09:30:00,11705.2870747349,3,4
2019-04-25,11748.2,11752.8,11743.65,11751.9,09:35:00,11709.374019998242,3,5
2019-04-25,11740.05,11749.15,11737.75,11748.35,09:40:00,11712.295541903171,3,6
2019-04-25,11734.95,11743.95,11731.75,11739.7,09:45:00,11714.453109340964,3,7
2019-04-25,11743.4,11745.9,11734.5,11735.6,09:50:00,11717.209956070395,3,8
2019-04-25,11746.7,11748.2,11740.4,11743.3,09:55:00,11720.01853168274,3,9
2019-04-25,11753.1,11754.35,11745.05,11746.75,10:00:00,11723.169147712955,3,10
2019-04-25,11752.5,11755.6,11750.2,11753.15,10:05:00,11725.962562216482,3,11
2019-04-25,11751.85,11757.45,11748.75,11752.3,10:10:00,11728.42803248158,3,12
2019-04-25,11749.45,11753.75,11748.15,11752.05,10:15:00,11730.430124626191,3,13
2019-04-25,11756.6,11757.7,11748.8,11749.5,10:20:00,11732.92249370941,3,14
2019-04-25,11753.45,11757.6,11748.15,11755.8,10:25:00,11734.877494308514,3,15
2019-04-25,11754.15,11756.5,11751.55,11753.05,10:30:00,11736.712971041035,3,16
2019-04-25,11760.5,11763.05,11753.6,11753.85,10:35:00,11738.97840237046,3,17
2019-04-25,11769.5,11771.8,11760.3,11760.55,10:40:00,11741.885221192322,3,18
2019-04-25,11773.0,11773.95,11770.5,11770.5,10:45:00,11744.84853345972,3,19
2019-04-25,11771.5,11773.45,11768.6,11772.9,10:50:00,11747.38676836832,3,20
2019-04-25,11770.45,11776.3,11770.1,11771.4,10:55:00,11749.583266618956,3,21
2019-04-25,11774.2,11777.05,11770.2,11770.25,11:00:00,11751.927717417151,3,22
2019-04-25,11778.65,11779.7,11773.85,11774.7,11:05:00,11754.472696710756,3,23
2019-04-25,11775.6,11780.1,11774.3,11779.15,11:10:00,11756.484820833542,3,24
2019-04-25,11785.2,11785.6,11775.2,11775.75,11:15:00,11759.219599801776,3,25
2019-04-25,11792.8,11793.9,11784.8,11785.8,11:20:00,11762.417733153989,3,26
2019-04-25,11790.65,11796.75,11790.25,11792.65,11:25:00,11765.106520472656,3,27
2019-04-25,11785.4,11792.0,11784.0,11790.2,11:30:00,11767.039232808593,3,28
2019-04-25,11782.9,11788.3,11781.35,11786.0,11:35:00,11768.549782064916,3,29
2019-04-25,11786.05,11788.75,11782.9,11783.15,11:40:00,11770.216469487306,3,30
2019-04-25,11781.55,11789.85,11781.05,11787.6,11:45:00,11771.295853345657,3,31
2019-04-25,11780.95,11782.4,11774.9,11781.95,11:50:00,11772.215295884163,3,32
2019-04-25,11780.1,11783.15,11779.05,11781.6,11:55:00,11772.966220085673,3,33
2019-04-25,11780.05,11780.45,11776.75,11780.2,12:00:00,11773.640865791798,3,34
2019-04-25,11781.75,11784.5,11779.75,11780.25,12:05:00,11774.413164287816,3,35
2019-04-25,11780.85,11782.1,11777.3,11781.7,12:10:00,11775.026196260404,3,36
2019-04-25,11769.05,11781.2,11764.6,11781.2,12:15:00,11774.457034711795,3,37
2019-04-25,11774.8,11775.85,11768.05,11769.25,12:20:00,11774.489698072575,3,38
2019-04-25,11761.2,11775.3,11760.95,11774.7,12:25:00,11773.224012541854,3,39
2019-04-25,11762.8,11763.0,11758.0,11761.6,12:30:00,11772.23124944263,3,40
2019-04-25,11746.15,11764.05,11745.05,11762.75,12:35:00,11769.747320924283,3,41
2019-04-25,11758.9,11759.4,11746.3,11746.35,12:40:00,11768.714242741018,3,42
2019-04-25,11754.0,11759.6,11752.6,11758.85,12:45:00,11767.312886289492,3,43
2019-04-25,11760.1,11760.35,11752.6,11754.1,12:50:00,11766.62594473811,3,44
2019-04-25,11753.95,11760.95,11753.2,11760.2,12:55:00,11765.41871190591,3,45
2019-04-25,11767.4,11768.6,11753.7,11753.8,13:00:00,11765.60740601011,3,46
2019-04-25,11774.2,11774.2,11765.95,11768.05,13:05:00,11766.42574829486,3,47
2019-04-25,11767.1,11775.65,11764.95,11774.5,13:10:00,11766.48996274297,3,48
2019-04-25,11756.5,11772.35,11756.5,11766.95,13:15:00,11765.538537719827,3,49
2019-04-25,11742.45,11758.6,11740.85,11756.9,13:20:00,11763.33962936556,3,50
2019-04-25,11733.35,11742.5,11725.1,11742.4,13:25:00,11760.48347418789,3,51
2019-04-25,11719.05,11733.2,11718.45,11733.2,13:30:00,11756.53742902714,3,52
2019-04-25,11734.45,11739.65,11716.65,11719.2,13:35:00,11754.433864357889,3,53
2019-04-25,11730.15,11733.95,11724.5,11733.95,13:40:00,11752.121115371425,3,54
2019-04-25,11720.7,11733.0,11719.75,11730.2,13:45:00,11749.128628193192,3,55
2019-04-25,11729.4,11729.85,11716.5,11721.25,13:50:00,11747.249711222412,3,56
2019-04-25,11728.85,11733.55,11723.35,11728.2,13:55:00,11745.497357772658,3,57
2019-04-25,11712.15,11732.1,11711.3,11729.25,14:00:00,11742.321418937168,3,58
2019-04-25,11729.95,11731.8,11711.7,11712.1,14:05:00,11741.1431885622,3,59
2019-04-25,11740.1,11745.2,11730.0,11730.0,14:10:00,11741.043837270565,3,60
2019-04-25,11738.45,11746.3,11731.15,11740.25,14:15:00,11740.796805149555,3,61
2019-04-25,11732.8,11740.75,11731.95,11738.95,14:20:00,11740.035204659123,3,62
2019-04-25,11729.55,11735.75,11724.8,11732.5,14:25:00,11739.036613739208,3,63
2019-04-25,11730.7,11730.95,11722.25,11729.15,14:30:00,11738.24265052595,3,64
2019-04-25,11735.6,11738.95,11728.75,11730.5,14:35:00,11737.990969523478,3,65
2019-04-25,11727.45,11736.85,11724.2,11735.45,14:40:00,11736.9870676641,3,66
2019-04-25,11725.7,11735.05,11724.85,11727.65,14:45:00,11735.912108838947,3,67
2019-04-25,11709.75,11725.8,11706.75,11725.8,14:50:00,11733.420479425717,3,68
2019-04-25,11715.7,11719.5,11708.55,11710.15,14:55:00,11731.732814718504,3,69
2019-04-25,11650.4,11714.0,11643.15,11714.0,15:00:00,11723.98683236436,3,70
2019-04-25,11632.7,11658.9,11631.35,11649.75,15:05:00,11715.29284832966,3,71
2019-04-25,11634.3,11637.9,11624.3,11631.15,15:10:00,11707.579243726836,3,72
2019-04-25,11631.4,11637.1,11628.1,11634.15,15:15:00,11700.324077657611,3,73
2019-04-25,11637.05,11637.2,11629.0,11630.45,15:20:00,11694.297975023554,3,74
2019-04-25,11652.5,11654.15,11635.55,11636.75,15:25:00,11690.3172154975,3,75
2019-04-26,11693.15,11697.55,11676.8,11681.5,09:15:00,11690.587004497738,4,1
2019-04-26,11671.6,11695.45,11670.7,11693.9,09:20:00,11688.778718355095,4,2
2019-04-26,11664.9,11678.2,11662.45,11671.45,09:25:00,11686.504554702233,4,3
2019-04-26,11680.25,11680.45,11664.3,11665.15,09:30:00,11685.908882825828,4,4
2019-04-26,11671.8,11679.75,11671.8,11678.5,09:35:00,11684.56517969956,4,5
2019-04-26,11669.4,11672.35,11661.75,11669.15,09:40:00,11683.12087687103,4,6
2019-04-26,11679.4,11680.4,11666.75,11669.7,09:45:00,11682.766507645218,4,7
2019-04-26,11685.5,11690.15,11679.45,11679.55,09:50:00,11683.026840250435,4,8
2019-04-26,11686.15,11686.25,11680.4,11685.15,09:55:00,11683.324284036107,4,9
2019-04-26,11683.7,11688.65,11681.95,11686.5,10:00:00,11683.360066508862,4,10
2019-04-26,11679.4,11685.1,11676.4,11683.65,10:05:00,11682.982917317542,4,11
2019-04-26,11682.0,11686.85,11678.8,11678.8,10:10:00,11682.889306144443,4,12
2019-04-26,11681.7,11687.65,11681.2,11681.75,10:15:00,11682.77603889259,4,13
2019-04-26,11691.2,11692.95,11681.95,11682.2,10:20:00,11683.57832090282,4,14
2019-04-26,11684.25,11692.1,11682.4,11690.75,10:25:00,11683.642290340647,4,15
2019-04-26,11670.95,11686.05,11668.95,11684.35,10:30:00,11682.433500784397,4,16
2019-04-26,11677.65,11677.75,11669.85,11670.5,10:35:00,11681.977929281118,4,17
2019-04-26,11676.2,11679.35,11673.3,11677.25,10:40:00,11681.427650301965,4,18
2019-04-26,11668.9,11677.3,11667.9,11676.05,10:45:00,11680.234540749396,4,19
2019-04-26,11670.65,11671.35,11667.25,11668.6,10:50:00,11679.321727344692,4,20
2019-04-26,11675.0,11676.05,11670.55,11670.55,10:55:00,11678.910134264244,4,21
2019-04-26,11673.1,11675.8,11671.55,11675.25,11:00:00,11678.35678814384,4,22
2019-04-26,11674.35,11677.6,11672.9,11673.3,11:05:00,11677.975189273,4,23
2019-04-26,11673.15,11674.05,11669.5,11673.8,11:10:00,11677.515647437476,4,24
2019-04-26,11673.05,11674.7,11671.2,11672.95,11:15:00,11677.090347681527,4,25
2019-04-26,11669.95,11676.4,11668.75,11672.7,11:20:00,11676.410314569,4,26
2019-04-26,11670.6,11674.2,11669.1,11669.7,11:25:00,11675.856951276715,4,27
2019-04-26,11678.25,11678.25,11670.55,11670.55,11:30:00,11676.084860678931,4,28
2019-04-26,11677.25,11682.05,11676.75,11678.0,11:35:00,11676.19582632856,4,29
2019-04-26,11678.2,11682.6,11676.85,11677.7,11:40:00,11676.386700011555,4,30
2019-04-26,11676.4,11679.05,11674.05,11678.4,11:45:00,11676.38796667712,4,31
2019-04-26,11679.15,11680.15,11674.2,11676.8,11:50:00,11676.651017469776,4,32
2019-04-26,11680.9,11682.85,11678.25,11679.05,11:55:00,11677.055682472655,4,33
2019-04-26,11683.05,11683.7,11680.35,11681.1,12:00:00,11677.626569856213,4,34
2019-04-26,11684.0,11684.55,11679.3,11683.35,12:05:00,11678.23356320324,4,35
2019-04-26,11691.0,11693.3,11682.65,11684.1,12:10:00,11679.44941432674,4,36
2019-04-26,11690.5,11691.9,11687.75,11691.3,12:15:00,11680.501851057526,4,37
2019-04-26,11681.05,11690.85,11679.35,11690.0,12:20:00,11680.554055718714,4,38
2019-04-26,11681.55,11681.75,11677.15,11680.75,12:25:00,11680.648907555027,4,39
2019-04-26,11684.8,11686.0,11679.85,11681.35,12:30:00,11681.044249692644,4,40
2019-04-26,11685.4,11688.4,11684.2,11685.4,12:35:00,11681.45908305525,4,41
2019-04-26,11686.8,11688.25,11683.85,11685.0,12:40:00,11681.967741811892,4,42
2019-04-26,11686.5,11690.7,11685.7,11688.2,12:45:00,11682.399385448854,4,43
2019-04-26,11689.95,11692.05,11686.3,11686.7,12:50:00,11683.118491596584,4,44
2019-04-26,11679.2,11690.75,11678.6,11690.55,12:55:00,11682.74530192072,4,45
2019-04-26,11675.0,11679.7,11666.85,11679.7,13:00:00,11682.007654118746,4,46
2019-04-26,11669.2,11675.45,11667.6,11674.6,13:05:00,11680.78787753601,4,47
2019-04-26,11677.45,11680.05,11668.0,11669.7,13:10:00,11680.469984437344,4,48
2019-04-26,11678.95,11679.35,11671.65,11677.75,13:15:00,11680.325224014738,4,49
2019-04-26,11682.5,11683.6,11678.45,11679.9,13:20:00,11680.532345537144,4,50
2019-04-26,11686.75,11687.25,11678.25,11682.4,13:25:00,11681.124503105037,4,51
2019-04-26,11684.6,11688.1,11683.6,11686.65,13:30:00,11681.455502809316,4,52
2019-04-26,11688.5,11688.75,11682.9,11684.3,13:35:00,11682.126407303664,4,53
2019-04-26,11688.6,11688.9,11678.5,11688.45,13:40:00,11682.742939941412,4,54
2019-04-26,11687.7,11690.6,11685.05,11688.9,13:45:00,11683.215040899371,4,55
2019-04-26,11687.7,11689.7,11679.95,11687.75,13:50:00,11683.642179861336,4,56
2019-04-26,11722.65,11722.65,11687.95,11688.15,13:55:00,11687.357210350732,4,57
2019-04-26,11731.4,11731.55,11720.8,11722.85,14:00:00,11691.5517617459,4,58
2019-04-26,11731.15,11731.7,11718.6,11730.7,14:05:00,11695.323022532006,4,59
2019-04-26,11734.95,11740.45,11730.15,11731.35,14:10:00,11699.097020386102,4,60
2019-04-26,11737.6,11744.05,11734.75,11734.75,14:15:00,11702.76397082552,4,61
2019-04-26,11744.35,11747.25,11733.25,11737.7,14:20:00,11706.724545032614,4,62
2019-04-26,11736.85,11745.1,11734.95,11744.45,14:25:00,11709.593635981888,4,63
2019-04-26,11725.8,11738.8,11718.0,11737.35,14:30:00,11711.137099221707,4,64
2019-04-26,11727.8,11731.45,11725.05,11726.35,14:35:00,11712.724042152971,4,65
2019-04-26,11735.25,11736.45,11726.55,11727.1,14:40:00,11714.869371471736,4,66
2019-04-26,11731.65,11740.75,11731.65,11735.75,14:45:00,11716.467526569666,4,67
2019-04-26,11730.5,11736.6,11727.85,11731.8,14:50:00,11717.803952610651,4,68
2019-04-26,11730.15,11730.9,11725.9,11730.9,14:55:00,11718.979766647732,4,69
2019-04-26,11754.0,11760.5,11730.9,11730.9,15:00:00,11722.315026966997,4,70
2019-04-26,11757.8,11758.3,11750.9,11754.35,15:05:00,11725.694548208234,4,71
2019-04-26,11755.15,11762.9,11750.95,11758.25,15:10:00,11728.499829331258,4,72
2019-04-26,11754.9,11755.8,11750.7,11755.35,15:15:00,11731.01413129971,4,73
2019-04-26,11755.85,11757.95,11750.75,11755.75,15:20:00,11733.379452128307,4,74
2019-04-26,11747.65,11757.7,11747.65,11755.65,15:25:00,11734.738551925611,4,75
2019-04-30,11736.65,11743.6,11724.25,11737.8,09:15:00,11734.920594599364,1,1
2019-04-30,11737.2,11738.45,11728.1,11735.5,09:20:00,11735.137680827997,1,2
2019-04-30,11713.25,11736.6,11710.75,11736.0,09:25:00,11733.05313979676,1,3
2019-04-30,11707.45,11718.2,11701.1,11713.15,09:30:00,11730.614745530402,1,4
2019-04-30,11707.45,11709.45,11699.3,11707.05,09:35:00,11728.408579289411,1,5
2019-04-30,11700.6,11709.3,11696.9,11707.4,09:40:00,11725.76014316661,1,6
2019-04-30,11691.15,11700.15,11686.65,11700.15,09:45:00,11722.463939055506,1,7
2019-04-30,11665.15,11691.5,11656.55,11691.5,09:50:00,11717.005468669267,1,8
2019-04-30,11664.5,11669.65,11661.0,11664.6,09:55:00,11712.004947843625,1,9
2019-04-30,11662.4,11666.65,11655.9,11663.9,10:00:00,11707.280667096613,1,10
2019-04-30,11660.35,11669.0,11656.1,11662.1,10:05:00,11702.811079754078,1,11
2019-04-30,11667.75,11669.45,11660.1,11660.5,10:10:00,11699.47192930131,1,12
2019-04-30,11668.65,11672.5,11666.2,11667.9,10:15:00,11696.536507463088,1,13
2019-04-30,11671.55,11674.2,11665.35,11668.55,10:20:00,11694.156840085652,1,14
2019-04-30,11663.75,11671.25,11661.3,11671.25,10:25:00,11691.260950553686,1,15
2019-04-30,11669.1,11669.75,11662.0,11663.9,10:30:00,11689.150383834289,1,16
2019-04-30,11661.5,11669.65,11661.5,11668.1,10:35:00,11686.517013945308,1,17
2019-04-30,11671.1,11672.55,11661.85,11661.85,10:40:00,11685.048726902896,1,18
2019-04-30,11676.95,11678.5,11670.95,11671.05,10:45:00,11684.277419578812,1,19
2019-04-30,11681.6,11682.65,11676.85,11676.85,10:50:00,11684.022427237973,1,20
2019-04-30,11690.5,11691.7,11681.25,11681.8,10:55:00,11684.639338929594,1,21
2019-04-30,11691.9,11693.65,11689.1,11690.55,11:00:00,11685.330830460109,1,22
2019-04-30,11689.35,11692.45,11688.7,11692.0,11:05:00,11685.713608511527,1,23
2019-04-30,11699.35,11703.25,11688.6,11689.6,11:10:00,11687.01231246281,1,24
2019-04-30,11696.2,11700.15,11692.4,11699.4,11:15:00,11687.887330323494,1,25
2019-04-30,11694.15,11696.75,11690.35,11695.7,11:20:00,11688.48377505459,1,26
2019-04-30,11700.95,11701.75,11693.9,11694.3,11:25:00,11689.6710345732,1,27
2019-04-30,11704.6,11709.0,11699.6,11700.8,11:30:00,11691.092840804326,1,28
2019-04-30,11708.3,11708.45,11700.1,11704.8,11:35:00,11692.73161787058,1,29
2019-04-30,11703.5,11709.7,11701.4,11708.45,11:40:00,11693.757178073383,1,30
2019-04-30,11694.85,11704.25,11691.1,11703.1,11:45:00,11693.861256352107,1,31
2019-04-30,11700.0,11701.0,11694.4,11695.0,11:50:00,11694.445898604286,1,32
2019-04-30,11696.15,11700.4,11691.75,11700.25,11:55:00,11694.608193975306,1,33
2019-04-30,11692.75,11697.35,11688.95,11696.35,12:00:00,11694.431223120517,1,34
2019-04-30,11691.55,11693.45,11688.25,11692.85,12:05:00,11694.15682091856,1,35
2019-04-30,11700.8,11702.75,11691.25,11691.6,12:10:00,11694.789504640605,1,36
2019-04-30,11707.45,11707.45,11699.7,11700.65,12:15:00,11695.995266103402,1,37
2019-04-30,11706.2,11708.1,11702.45,11707.95,12:20:00,11696.967145522123,1,38
2019-04-30,11702.45,11707.75,11699.1,11706.25,12:25:00,11697.489322139065,1,39
2019-04-30,11699.75,11703.7,11699.25,11702.85,12:30:00,11697.704624792486,1,40
2019-04-30,11698.25,11699.9,11696.45,11699.65,12:35:00,11697.75656528844,1,41
2019-04-30,11713.15,11717.25,11696.75,11698.1,12:40:00,11699.22260668954,1,42
2019-04-30,11712.95,11715.5,11709.15,11712.9,12:45:00,11700.529977481012,1,43
2019-04-30,11713.25,11716.35,11711.4,11713.0,12:50:00,11701.741408197106,1,44
2019-04-30,11691.55,11712.75,11685.55,11712.5,12:55:00,11700.77079789262,1,45
2019-04-30,11695.35,11699.75,11691.8,11692.1,13:00:00,11700.254531426655,1,46
2019-04-30,11699.7,11701.95,11693.65,11695.3,13:05:00,11700.201718909831,1,47
2019-04-30,11706.6,11708.35,11698.9,11699.65,13:10:00,11700.811079013656,1,48
2019-04-30,11705.85,11714.25,11705.85,11706.85,13:15:00,11701.290976250451,1,49
2019-04-30,11700.6,11705.6,11699.95,11705.4,13:20:00,11701.225168988503,1,50
2019-04-30,11703.7,11706.4,11700.45,11700.75,13:25:00,11701.460867180074,1,51
2019-04-30,11700.8,11705.65,11694.4,11703.4,13:30:00,11701.39792744864,1,52
2019-04-30,11700.8,11703.65,11698.7,11700.6,13:35:00,11701.34098197734,1,53
2019-04-30,11689.3,11701.35,11679.15,11700.6,13:40:00,11700.194221789025,1,54
2019-04-30,11688.75,11690.3,11684.35,11689.1,13:45:00,11699.104295904355,1,55
2019-04-30,11683.0,11689.05,11674.85,11688.7,13:50:00,11697.570553437274,1,56
2019-04-30,11683.8,11685.5,11679.15,11682.65,13:55:00,11696.259072157534,1,57
2019-04-30,11702.35,11706.2,11675.4,11683.95,14:00:00,11696.839160523485,1,58
2019-04-30,11708.0,11719.15,11699.9,11701.85,14:05:00,11697.902097616485,1,59
2019-04-30,11708.65,11712.65,11703.55,11707.9,14:10:00,11698.925707367296,1,60
2019-04-30,11705.8,11710.2,11695.0,11708.8,14:15:00,11699.580401903744,1,61
2019-04-30,11698.0,11706.6,11693.85,11705.65,14:20:00,11699.42988743672,1,62
2019-04-30,11700.65,11707.35,11692.25,11698.5,14:25:00,11699.546088633224,1,63
2019-04-30,11702.45,11706.8,11694.45,11701.2,14:30:00,11699.822651620536,1,64
2019-04-30,11705.4,11707.75,11701.1,11702.4,14:35:00,11700.353827656674,1,65
2019-04-30,11705.7,11707.9,11695.1,11705.45,14:40:00,11700.862986927468,1,66
2019-04-30,11711.2,11718.95,11705.5,11705.65,14:45:00,11701.847464362949,1,67
2019-04-30,11712.95,11719.25,11710.7,11710.7,14:50:00,11702.904848709331,1,68
2019-04-30,11737.8,11738.05,11713.2,11713.7,14:55:00,11706.228196451302,1,69
2019-04-30,11742.5,11748.0,11735.3,11738.65,15:00:00,11709.682653932132,1,70
2019-04-30,11751.6,11756.25,11741.55,11743.25,15:05:00,11713.674782129072,1,71
2019-04-30,11750.4,11755.35,11746.3,11751.9,15:10:00,11717.172421926303,1,72
2019-04-30,11750.7,11753.5,11747.15,11749.8,15:15:00,11720.365524599987,1,73
2019-04-30,11748.9,11752.5,11744.55,11751.2,15:20:00,11723.083093685706,1,74
2019-04-30,11739.1,11749.35,11739.05,11749.35,15:25:00,11724.608513334686,1,75
2019-05-02,11729.55,11732.4,11713.35,11717.6,09:15:00,11725.079131112336,3,1
2019-05-02,11713.1,11734.45,11713.0,11730.45,09:20:00,11723.93826148259,3,2
2019-05-02,11703.3,11713.6,11702.95,11713.45,09:25:00,11721.972712769964,3,3
2019-05-02,11713.7,11714.75,11699.55,11703.1,09:30:00,11721.1848353633,3,4
2019-05-02,11727.85,11730.25,11712.65,11712.65,09:35:00,11721.819612947747,3,5
2019-05-02,11752.85,11753.9,11727.7,11727.7,09:40:00,11724.774887905103,3,6
2019-05-02,11745.1,11755.45,11742.2,11751.85,09:45:00,11726.710612866522,3,7
2019-05-02,11733.45,11745.25,11732.2,11743.95,09:50:00,11727.352459260186,3,8
2019-05-02,11741.0,11743.0,11732.35,11733.1,09:55:00,11728.65222504493,3,9
2019-05-02,11746.2,11747.95,11739.8,11740.9,10:00:00,11730.323441707318,3,10
2019-05-02,11771.85,11772.2,11745.7,11746.05,10:05:00,11734.278352020909,3,11
2019-05-02,11776.3,11778.95,11769.15,11771.5,10:10:00,11738.2804137332,3,12
2019-05-02,11781.5,11785.25,11774.95,11776.35,10:15:00,11742.396564806228,3,13
2019-05-02,11771.45,11781.35,11770.4,11781.05,10:20:00,11745.163558634207,3,14
2019-05-02,11781.6,11781.95,11771.3,11771.3,10:25:00,11748.63369590714,3,15
2019-05-02,11769.6,11780.75,11768.75,11780.75,10:30:00,11750.630486773129,3,16
2019-05-02,11776.05,11778.35,11769.55,11769.55,10:35:00,11753.051392794734,3,17
2019-05-02,11779.25,11779.95,11774.2,11775.7,10:40:00,11755.546498242857,3,18
2019-05-02,11784.05,11789.3,11779.0,11779.0,10:45:00,11758.26111745782,3,19
2019-05-02,11774.25,11784.35,11774.25,11783.8,10:50:00,11759.783868176122,3,20
2019-05-02,11767.65,11774.0,11766.7,11774.0,10:55:00,11760.53302358792,3,21
2019-05-02,11769.05,11769.05,11762.1,11767.25,11:00:00,11761.344164198596,3,22
2019-05-02,11777.15,11777.15,11766.95,11768.35,11:05:00,11762.849481893967,3,23
2019-05-02,11771.05,11776.4,11769.45,11776.4,11:10:00,11763.63048361835,3,24
2019-05-02,11771.55,11773.8,11767.1,11770.55,11:15:00,11764.384723273746,3,25
2019-05-02,11766.25,11776.2,11766.25,11771.3,11:20:00,11764.562368676246,3,26
2019-05-02,11771.0,11772.4,11765.7,11766.65,11:25:00,11765.175476421366,3,27
2019-05-02,11767.55,11772.0,11763.0,11771.25,11:30:00,11765.401621524094,3,28
2019-05-02,11768.3,11772.3,11765.85,11767.5,11:35:00,11765.677657569417,3,29
2019-05-02,11766.95,11769.15,11761.05,11768.6,11:40:00,11765.798833038996,3,30
2019-05-02,11767.9,11769.95,11764.45,11767.0,11:45:00,11765.99894417814,3,31
2019-05-02,11767.05,11768.0,11765.7,11767.35,11:50:00,11766.099044732602,3,32
2019-05-02,11757.15,11766.95,11756.6,11766.7,11:55:00,11765.246754758067,3,33
2019-05-02,11750.85,11760.3,11747.85,11756.75,12:00:00,11763.8756352573,3,34
2019-05-02,11746.8,11756.85,11746.4,11750.45,12:05:00,11762.249384280414,3,35
2019-05-02,11746.0,11749.9,11742.5,11746.7,12:10:00,11760.701823872756,3,36
2019-05-02,11751.6,11753.4,11745.15,11745.8,12:15:00,11759.834983503924,3,37
2019-05-02,11754.85,11756.5,11750.9,11751.5,12:20:00,11759.360223170215,3,38
2019-05-02,11753.95,11757.35,11753.45,11755.15,12:25:00,11758.844963820671,3,39
2019-05-02,11746.3,11755.75,11745.0,11752.8,12:30:00,11757.65020536156,3,40
2019-05-02,11754.3,11756.65,11746.1,11746.1,12:35:00,11757.331138184269,3,41
2019-05-02,11752.75,11756.55,11750.15,11754.35,12:40:00,11756.894839309578,3,42
2019-05-02,11751.35,11754.1,11746.55,11752.3,12:45:00,11756.366759375333,3,43
2019-05-02,11753.4,11754.9,11749.7,11751.45,12:50:00,11756.084210863395,3,44
2019-05-02,11725.9,11753.55,11724.75,11752.7,12:55:00,11753.209524114502,3,45
2019-05-02,11729.9,11729.9,11713.9,11725.8,13:00:00,11750.98956943693,3,46
2019-05-02,11734.0,11739.05,11728.7,11729.55,13:05:00,11749.37151520484,3,47
2019-05-02,11725.8,11735.15,11723.2,11734.9,13:10:00,11747.126608994857,3,48
2019-05-02,11729.6,11729.95,11719.5,11727.0,13:15:00,11745.457408138203,3,49
2019-05-02,11742.15,11743.85,11730.1,11731.05,13:20:00,11745.142416886943,3,50
2019-05-02,11738.4,11744.2,11735.9,11742.3,13:25:00,11744.500281945331,3,51
2019-05-02,11746.8,11748.3,11738.0,11739.35,13:30:00,11744.719302712443,3,52
2019-05-02,11742.65,11751.0,11740.05,11747.5,13:35:00,11744.522226263642,3,53
2019-05-02,11743.4,11748.55,11743.2,11743.65,13:40:00,11744.415347571863,3,54
2019-05-02,11747.85,11748.7,11738.45,11743.15,13:45:00,11744.742457326924,3,55
2019-05-02,11740.55,11748.6,11739.7,11748.05,13:50:00,11744.343175676742,3,56
2019-05-02,11760.55,11760.85,11739.5,11740.65,13:55:00,11745.886682755146,3,57
2019-05-02,11766.8,11769.05,11758.4,11760.65,14:00:00,11747.878427254656,3,58
2019-05-02,11760.25,11766.9,11758.8,11766.75,14:05:00,11749.056672278022,3,59
2019-05-02,11769.75,11770.25,11760.2,11761.2,14:10:00,11751.0274653944,3,60
2019-05-02,11768.75,11774.25,11764.05,11770.7,14:15:00,11752.715325833027,3,61
2019-05-02,11754.1,11770.35,11753.5,11769.2,14:20:00,11752.847199563215,3,62
2019-05-02,11755.65,11756.65,11741.9,11755.3,14:25:00,11753.11413293815,3,63
2019-05-02,11751.45,11757.0,11748.95,11755.75,14:30:00,11752.955644086898,3,64
2019-05-02,11747.0,11757.15,11742.3,11751.2,14:35:00,11752.388439888146,3,65
2019-05-02,11750.55,11751.45,11745.5,11746.55,14:40:00,11752.21335037499,3,66
2019-05-02,11745.7,11757.0,11744.6,11750.5,14:45:00,11751.593031291655,3,67
2019-05-02,11732.9,11747.6,11727.45,11746.1,14:50:00,11749.812742597212,3,68
2019-05-02,11716.85,11732.5,11710.35,11732.5,14:55:00,11746.673433778433,3,69
2019-05-02,11737.75,11738.0,11708.1,11717.5,15:00:00,11745.82358294239,3,70
2019-05-02,11727.9,11739.15,11727.9,11738.5,15:05:00,11744.116575043114,3,71
2019-05-02,11727.1,11728.15,11718.1,11727.85,15:10:00,11742.495948848533,3,72
2019-05-02,11723.2,11726.65,11719.35,11726.6,15:15:00,11740.658239434386,3,73
2019-05-02,11722.9,11725.0,11720.55,11723.85,15:20:00,11738.966978535873,3,74
2019-05-02,11718.8,11727.2,11717.75,11723.05,15:25:00,11737.046313913408,3,75
2019-05-03,11750.35,11751.2,11719.65,11720.55,09:15:00,11738.313331635942,4,1
2019-05-03,11750.0,11751.4,11741.75,11748.9,09:20:00,11739.426347670613,4,2
2019-05-03,11740.95,11750.4,11736.7,11749.8,09:25:00,11739.57145741627,4,3
2019-05-03,11752.65,11759.95,11740.55,11741.15,09:30:00,11740.817032900435,4,4
2019-05-03,11751.05,11757.25,11750.45,11753.1,09:35:00,11741.791601195631,4,5
2019-05-03,11738.4,11751.35,11736.65,11751.35,09:40:00,11741.468591557954,4,6
2019-05-03,11740.85,11745.0,11737.1,11738.45,09:45:00,11741.409678076245,4,7
2019-05-03,11745.65,11750.0,11740.45,11740.9,09:50:00,11741.813518259458,4,8
2019-05-03,11744.45,11750.15,11744.4,11745.35,09:55:00,11742.064611758557,4,9
2019-05-03,11746.55,11748.6,11744.4,11744.6,10:00:00,11742.491791591076,4,10
2019-05-03,11743.7,11746.2,11740.4,11744.65,10:05:00,11742.606859058593,4,11
2019-05-03,11752.6,11752.6,11741.2,11741.45,10:10:00,11743.558586767298,4,12
2019-05-03,11759.05,11760.3,11752.7,11752.8,10:15:00,11745.033959456126,4,13
2019-05-03,11759.25,11760.55,11754.65,11759.2,10:20:00,11746.387868079351,4,14
2019-05-03,11763.8,11768.25,11758.35,11758.35,10:25:00,11748.046166357508,4,15
2019-05-03,11759.5,11765.5,11757.0,11764.25,10:30:00,11749.137007656793,4,16
2019-05-03,11759.45,11764.35,11756.6,11760.3,10:35:00,11750.119197403768,4,17
2019-05-03,11757.75,11761.0,11756.2,11759.3,10:40:00,11750.845940508168,4,18
2019-05-03,11758.25,11759.85,11754.3,11757.3,10:45:00,11751.551089031202,4,19
2019-05-03,11753.0,11758.25,11751.4,11757.75,10:50:00,11751.68908055204,4,20
2019-05-03,11757.0,11757.45,11752.1,11752.55,10:55:00,11752.194882404228,4,21
2019-05-03,11758.1,11765.1,11756.75,11756.85,11:00:00,11752.757274556208,4,22
2019-05-03,11757.2,11758.65,11754.0,11757.7,11:05:00,11753.18039126514,4,23
2019-05-03,11758.4,11759.6,11755.5,11756.85,11:10:00,11753.677496858936,4,24
2019-05-03,11757.65,11759.7,11756.4,11757.65,11:15:00,11754.055830491418,4,25
2019-05-03,11751.3,11757.4,11747.55,11756.65,11:20:00,11753.793370444617,4,26
2019-05-03,11751.05,11753.0,11749.3,11751.25,11:25:00,11753.532097068935,4,27
2019-05-03,11741.65,11753.4,11740.85,11750.8,11:30:00,11752.400468776656,4,28
2019-05-03,11747.4,11747.9,11738.1,11741.05,11:35:00,11751.92423365507,4,29
2019-05-03,11745.25,11747.8,11744.3,11747.3,11:40:00,11751.288592354587,4,30
2019-05-03,11746.1,11747.3,11741.95,11745.1,11:45:00,11750.79444070177,4,31
2019-05-03,11740.0,11746.1,11739.5,11745.85,11:50:00,11749.766398730171,4,32
2019-05-03,11739.6,11740.55,11735.4,11740.55,11:55:00,11748.79817027968,4,33
2019-05-03,11744.5,11749.3,11739.35,11739.35,12:00:00,11748.388820729231,4,34
2019-05-03,11746.8,11747.6,11743.35,11744.15,12:05:00,11748.237504469304,4,35
2019-05-03,11746.4,11747.95,11742.55,11746.35,12:10:00,11748.062504043655,4,36
2019-05-03,11745.5,11747.95,11742.2,11746.45,12:15:00,11747.8184560395,4,37
2019-05-03,11747.2,11747.9,11743.15,11744.85,12:20:00,11747.759555464309,4,38
2019-05-03,11744.05,11747.45,11743.85,11747.35,12:25:00,11747.406264467709,4,39
2019-05-03,11755.2,11755.45,11743.35,11745.0,12:30:00,11748.148524994593,4,40
2019-05-03,11751.3,11755.25,11750.25,11755.05,12:35:00,11748.448665471298,4,41
2019-05-03,11753.45,11753.7,11750.2,11751.1,12:40:00,11748.92498304546,4,42
2019-05-03,11756.9,11757.85,11752.65,11754.05,12:45:00,11749.684508469703,4,43
2019-05-03,11752.9,11757.85,11752.05,11757.85,12:50:00,11749.990745758303,4,44
2019-05-03,11747.5,11753.6,11746.85,11752.55,12:55:00,11749.75353187656,4,45
2019-05-03,11747.95,11751.05,11747.35,11748.0,13:00:00,11749.581766935937,4,46
2019-05-03,11749.75,11751.2,11746.95,11748.5,13:05:00,11749.597789132513,4,47
2019-05-03,11749.15,11751.3,11747.9,11749.95,13:10:00,11749.555142548465,4,48
2019-05-03,11752.0,11752.8,11748.25,11748.8,13:15:00,11749.787986115278,4,49
2019-05-03,11741.45,11753.2,11739.15,11751.55,13:20:00,11748.993892199538,4,50
2019-05-03,11738.5,11742.1,11731.4,11741.5,13:25:00,11747.994473894822,4,51
2019-05-03,11737.1,11740.7,11732.35,11739.1,13:30:00,11746.956904952458,4,52
2019-05-03,11741.0,11744.85,11734.35,11738.0,13:35:00,11746.389580671272,4,53
2019-05-03,11743.15,11745.7,11738.75,11741.95,13:40:00,11746.081049178769,4,54
2019-05-03,11739.5,11743.85,11733.3,11743.85,13:45:00,11745.454282590314,4,55
2019-05-03,11755.95,11755.95,11737.6,11738.95,13:50:00,11746.45387472457,4,56
2019-05-03,11758.5,11758.65,11754.3,11755.6,13:55:00,11747.6011247508,4,57
2019-05-03,11764.9,11770.9,11757.85,11757.85,14:00:00,11749.248636679296,4,58
2019-05-03,11762.8,11765.4,11761.0,11765.1,14:05:00,11750.53924270984,4,59
2019-05-03,11742.95,11762.85,11740.2,11762.5,14:10:00,11749.816457689854,4,60
2019-05-03,11746.75,11749.95,11742.0,11742.0,14:15:00,11749.524414100344,4,61
2019-05-03,11751.8,11753.1,11746.0,11746.45,14:20:00,11749.741136566978,4,62
2019-05-03,11744.2,11752.25,11742.95,11751.6,14:25:00,11749.213409274886,4,63
2019-05-03,11742.2,11745.7,11735.65,11744.0,14:30:00,11748.545465534422,4,64
2019-05-03,11742.4,11742.45,11736.55,11741.7,14:35:00,11747.960183102572,4,65
2019-05-03,11739.8,11747.55,11739.75,11742.1,14:40:00,11747.18302280709,4,66
2019-05-03,11734.85,11742.55,11734.6,11739.9,14:45:00,11746.008449206416,4,67
2019-05-03,11729.65,11735.6,11726.3,11734.7,14:50:00,11744.450501662948,4,68
2019-05-03,11737.7,11739.1,11728.25,11729.4,14:55:00,11743.807596742668,4,69
2019-05-03,11717.1,11740.4,11714.0,11738.35,15:00:00,11741.264016100507,4,70
2019-05-03,11710.45,11717.2,11705.5,11716.75,15:05:00,11738.32934790046,4,71
2019-05-03,11706.4,11711.85,11699.35,11709.95,15:10:00,11735.288457624223,4,72
2019-05-03,11714.9,11714.95,11703.0,11706.35,15:15:00,11733.346699755251,4,73
2019-05-03,11712.6,11719.05,11710.55,11713.85,15:20:00,11731.370823588084,4,74
2019-05-03,11709.9,11715.9,11705.15,11711.45,15:25:00,11729.325983246365,4,75
2019-05-06,11608.7,11614.0,11585.1,11599.35,09:15:00,11717.837794365758,0,1
2019-05-06,11602.3,11609.35,11597.1,11608.1,09:20:00,11706.834194902352,0,2
2019-05-06,11610.0,11613.55,11599.5,11602.95,09:25:00,11697.611890625938,0,3
2019-05-06,11618.15,11620.35,11608.65,11609.75,09:30:00,11690.044091518706,0,4
2019-05-06,11619.5,11623.1,11614.45,11618.2,09:35:00,11683.325606612165,0,5
2019-05-06,11628.7,11629.8,11618.6,11619.15,09:40:00,11678.123167887195,0,6
2019-05-06,11619.2,11628.95,11615.1,11628.95,09:45:00,11672.511437612226,0,7
2019-05-06,11623.35,11623.75,11614.1,11619.65,09:50:00,11667.82939593487,0,8
2019-05-06,11624.1,11628.8,11622.0,11623.6,09:55:00,11663.66469156012,0,9
2019-05-06,11620.35,11624.95,11618.65,11624.0,10:00:00,11659.53948284011,0,10
2019-05-06,11616.1,11621.2,11613.0,11618.65,10:05:00,11655.40238923629,0,11
2019-05-06,11617.8,11621.1,11615.2,11615.4,10:10:00,11651.821209309024,0,12
2019-05-06,11613.6,11617.7,11612.05,11617.3,10:15:00,11648.181094136737,0,13
2019-05-06,11613.15,11616.75,11611.05,11612.9,10:20:00,11644.844799457049,0,14
2019-05-06,11623.1,11623.5,11612.15,11613.4,10:25:00,11642.773866175425,0,15
2019-05-06,11626.1,11626.6,11622.35,11622.95,10:30:00,11641.185878920622,0,16
2019-05-06,11626.45,11628.5,11623.7,11625.9,10:35:00,11639.782461880564,0,17
2019-05-06,11625.25,11629.25,11622.4,11625.95,10:40:00,11638.398417891936,0,18
2019-05-06,11618.1,11625.35,11616.1,11625.3,10:45:00,11636.465235235562,0,19
2019-05-06,11623.75,11624.8,11615.4,11618.8,10:50:00,11635.254260451224,0,20
2019-05-06,11621.75,11625.95,11620.2,11623.85,10:55:00,11633.968140408251,0,21
2019-05-06,11613.25,11622.05,11613.1,11621.05,11:00:00,11631.994984178891,0,22
2019-05-06,11615.6,11618.55,11610.9,11613.4,11:05:00,11630.433557114236,0,23
2019-05-06,11619.0,11620.65,11614.55,11615.2,11:10:00,11629.34464691288,0,24
2019-05-06,11618.5,11622.2,11616.85,11618.75,11:15:00,11628.311823397367,0,25
2019-05-06,11617.35,11619.85,11615.85,11619.15,11:20:00,11627.267840216666,0,26
2019-05-06,11612.25,11620.25,11611.05,11617.1,11:25:00,11625.83756971984,0,27
2019-05-06,11614.45,11615.2,11608.6,11611.55,11:30:00,11624.75303927033,0,28
2019-05-06,11615.95,11618.25,11614.25,11614.9,11:35:00,11623.914654577917,0,29
2019-05-06,11616.45,11619.55,11615.1,11615.9,11:40:00,11623.203735094306,0,30
2019-05-06,11617.7,11618.15,11613.15,11616.1,11:45:00,11622.67956984723,0,31
2019-05-06,11619.65,11620.3,11614.05,11617.65,11:50:00,11622.39103938559,0,32
2019-05-06,11616.25,11621.25,11616.2,11619.35,11:55:00,11621.806178491724,0,33
2019-05-06,11614.6,11616.1,11610.4,11616.05,12:00:00,11621.119875778226,0,34
2019-05-06,11615.6,11616.55,11612.65,11614.2,12:05:00,11620.594173323158,0,35
2019-05-06,11615.4,11619.15,11614.95,11615.95,12:10:00,11620.099490149523,0,36
2019-05-06,11623.55,11623.75,11613.1,11615.05,12:15:00,11620.428110135284,0,37
2019-05-06,11625.85,11629.05,11623.05,11623.9,12:20:00,11620.94448059859,0,38
2019-05-06,11617.35,11626.15,11617.35,11625.25,12:25:00,11620.602149113009,0,39
2019-05-06,11618.55,11622.1,11617.45,11617.45,12:30:00,11620.40670634034,0,40
2019-05-06,11616.15,11619.95,11614.8,11619.25,12:35:00,11620.001305736498,0,41
2019-05-06,11617.35,11618.3,11614.45,11616.25,12:40:00,11619.74880042826,0,42
2019-05-06,11621.2,11621.2,11616.15,11617.55,12:45:00,11619.88700991128,0,43
2019-05-06,11625.8,11632.55,11620.65,11620.7,12:50:00,11620.450151824492,0,44
2019-05-06,11618.2,11626.85,11616.05,11625.6,12:55:00,11620.235851650732,0,45
2019-05-06,11619.2,11622.9,11616.1,11617.95,13:00:00,11620.137199112569,0,46
2019-05-06,11615.55,11618.95,11613.85,11618.1,13:05:00,11619.70032300661,0,47
2019-05-06,11601.65,11616.5,11599.05,11615.75,13:10:00,11617.981244625027,0,48
2019-05-06,11600.95,11604.0,11596.45,11601.1,13:15:00,11616.359221327406,0,49
2019-05-06,11600.2,11603.95,11598.25,11600.55,13:20:00,11614.820247867652,0,50
2019-05-06,11603.6,11612.65,11600.1,11600.25,13:25:00,11613.751652832638,0,51
2019-05-06,11603.2,11605.75,11599.95,11603.95,13:30:00,11612.746733515243,0,52
2019-05-06,11596.45,11604.35,11592.25,11602.9,13:35:00,11611.194663656648,0,53
2019-05-06,11597.6,11600.5,11596.2,11596.25,13:40:00,11609.899933784583,0,54
2019-05-06,11601.9,11602.35,11592.8,11597.3,13:45:00,11609.13803532891,0,55
2019-05-06,11596.3,11601.95,11593.7,11601.6,13:50:00,11607.915365297584,0,56
2019-05-06,11596.35,11599.3,11592.05,11596.0,13:55:00,11606.813901935908,0,57
2019-05-06,11596.55,11597.95,11596.45,11597.95,14:00:00,11605.83638746582,0,58
2019-05-06,11601.4,11602.2,11592.8,11596.7,14:05:00,11605.413874373837,0,59
2019-05-06,11605.2,11608.0,11601.0,11601.75,14:10:00,11605.393505385851,0,60
2019-05-06,11602.2,11605.7,11602.15,11605.7,14:15:00,11605.089362015771,0,61
2019-05-06,11600.25,11603.9,11599.05,11603.9,14:20:00,11604.628470395222,0,62
2019-05-06,11601.0,11606.0,11598.7,11600.6,14:25:00,11604.282901786151,0,63
2019-05-06,11582.6,11601.75,11580.95,11601.05,14:30:00,11602.217863520806,0,64
2019-05-06,11582.75,11587.55,11580.35,11583.2,14:35:00,11600.363781280728,0,65
2019-05-06,11585.35,11588.8,11581.3,11582.8,14:40:00,11598.93389734923,0,66
2019-05-06,11581.25,11586.85,11581.05,11586.15,14:45:00,11597.249716649305,0,67
2019-05-06,11577.2,11582.85,11571.35,11582.5,14:50:00,11595.340219825564,0,68
2019-05-06,11586.6,11592.55,11576.8,11577.05,14:55:00,11594.507817937414,0,69
2019-05-06,11607.65,11607.65,11586.75,11587.55,15:00:00,11595.759454324329,0,70
2019-05-06,11597.35,11610.2,11596.3,11609.35,15:05:00,11595.910934864867,0,71
2019-05-06,11596.9,11602.55,11594.9,11597.85,15:10:00,11596.005131544403,0,72
2019-05-06,11599.85,11600.75,11586.7,11597.55,15:15:00,11596.371309492555,0,73
2019-05-06,11598.45,11602.05,11594.85,11599.55,15:20:00,11596.569280017076,0,74
2019-05-06,11592.25,11600.2,11589.85,11599.15,15:25:00,11596.157920015448,0,75
2019-05-07,11638.0,11657.05,11632.9,11643.0,09:15:00,11600.142880013977,1,1
2019-05-07,11634.7,11643.85,11632.65,11637.6,09:20:00,11603.43403429836,1,2
2019-05-07,11639.0,11640.6,11634.35,11634.95,09:25:00,11606.821269127087,1,3
2019-05-07,11634.2,11641.55,11633.75,11639.65,09:30:00,11609.42876730546,1,4
2019-05-07,11637.8,11637.8,11631.25,11634.3,09:35:00,11612.130789466846,1,5
2019-05-07,11621.8,11638.6,11620.25,11637.75,09:40:00,11613.05166666048,1,6
2019-05-07,11617.1,11622.9,11617.1,11621.9,09:45:00,11613.437222216624,1,7
2019-05-07,11610.4,11621.8,11608.8,11617.0,09:50:00,11613.147962957895,1,8
2019-05-07,11617.15,11617.5,11605.25,11610.35,09:55:00,11613.52910934286,1,9
2019-05-07,11621.8,11625.0,11614.85,11616.75,10:00:00,11614.316813214968,1,10
2019-05-07,11621.1,11622.45,11616.55,11621.5,10:05:00,11614.96283100402,1,11
2019-05-07,11616.85,11622.6,11613.55,11621.3,10:10:00,11615.14256138459,1,12
2019-05-07,11614.9,11618.2,11613.85,11616.4,10:15:00,11615.119460300342,1,13
2019-05-07,11610.8,11616.45,11609.75,11614.85,10:20:00,11614.70808312888,1,14
2019-05-07,11614.95,11616.95,11607.25,11610.75,10:25:00,11614.731122830894,1,15
2019-05-07,11613.2,11615.4,11610.75,11614.6,10:30:00,11614.585301608904,1,16
2019-05-07,11613.05,11613.45,11608.35,11612.5,10:35:00,11614.439082408056,1,17
2019-05-07,11607.0,11614.5,11603.5,11613.1,10:40:00,11613.730598369191,1,18
2019-05-07,11598.4,11610.1,11597.2,11607.35,10:45:00,11612.270541381651,1,19
2019-05-07,11597.6,11598.95,11591.15,11598.3,10:50:00,11610.87334696435,1,20
2019-05-07,11597.05,11604.2,11595.8,11597.4,10:55:00,11609.556837729651,1,21
2019-05-07,11602.5,11602.5,11596.85,11596.85,11:00:00,11608.884757945874,1,22
2019-05-07,11600.95,11604.4,11599.15,11602.05,11:05:00,11608.129066712934,1,23
2019-05-07,11595.35,11601.85,11593.5,11601.15,11:10:00,11606.912012740277,1,24
2019-05-07,11598.6,11600.55,11595.25,11595.25,11:15:00,11606.120392479295,1,25
2019-05-07,11599.05,11599.15,11595.05,11598.2,11:20:00,11605.447021766982,1,26
2019-05-07,11607.2,11607.4,11599.35,11599.55,11:25:00,11605.613972074889,1,27
2019-05-07,11604.4,11608.6,11604.3,11607.1,11:30:00,11605.498355686805,1,28
2019-05-07,11603.25,11604.85,11600.1,11604.6,11:35:00,11605.284226573776,1,29
2019-05-07,11601.95,11603.45,11599.8,11603.4,11:40:00,11604.966681185795,1,30
2019-05-07,11611.7,11611.7,11601.35,11602.0,11:45:00,11605.607949644293,1,31
2019-05-07,11614.65,11616.7,11611.15,11611.9,11:50:00,11606.469097297217,1,32
2019-05-07,11623.05,11623.45,11612.05,11613.9,11:55:00,11608.048230887958,1,33
2019-05-07,11621.3,11625.15,11620.4,11622.85,12:00:00,11609.310304136725,1,34
2019-05-07,11619.0,11622.3,11616.55,11621.9,12:05:00,11610.233132314175,1,35
2019-05-07,11621.65,11622.0,11618.15,11619.05,12:10:00,11611.32045304616,1,36
2019-05-07,11619.05,11621.5,11614.25,11621.5,12:15:00,11612.056600375096,1,37
2019-05-07,11621.35,11621.8,11617.6,11618.8,12:20:00,11612.941686053658,1,38
2019-05-07,11619.65,11621.55,11617.25,11621.55,12:25:00,11613.580573096167,1,39
2019-05-07,11620.25,11620.7,11615.35,11619.3,12:30:00,11614.215756610818,1,40
2019-05-07,11619.9,11623.3,11618.25,11620.1,12:35:00,11614.757113124071,1,41
2019-05-07,11627.25,11627.5,11619.8,11619.8,12:40:00,11615.946911874162,1,42
2019-05-07,11631.95,11634.9,11626.8,11626.95,12:45:00,11617.471015505194,1,43
2019-05-07,11623.65,11631.8,11621.85,11631.3,12:50:00,11618.059490218986,1,44
2019-05-07,11618.75,11623.6,11613.4,11622.8,12:55:00,11618.125253055272,1,45
2019-05-07,11616.55,11620.4,11613.65,11618.85,13:00:00,11617.97522895477,1,46
2019-05-07,11616.9,11618.35,11614.1,11616.7,13:05:00,11617.872826197174,1,47
2019-05-07,11618.4,11621.55,11615.15,11616.7,13:10:00,11617.923033226014,1,48
2019-05-07,11604.3,11618.75,11597.85,11618.75,13:15:00,11616.625601490205,1,49
2019-05-07,11601.35,11607.45,11599.5,11604.1,13:20:00,11615.17078230066,1,50
2019-05-07,11602.5,11604.85,11597.85,11600.85,13:25:00,11613.96404112917,1,51
2019-05-07,11604.0,11604.0,11596.65,11602.4,13:30:00,11613.015084831151,1,52
2019-05-07,11607.35,11610.1,11602.8,11603.3,13:35:00,11612.475552942473,1,53
2019-05-07,11602.5,11608.45,11600.4,11608.45,13:40:00,11611.525500281285,1,54
2019-05-07,11612.55,11615.45,11602.2,11602.45,13:45:00,11611.623071683069,1,55
2019-05-07,11611.35,11617.0,11608.75,11612.15,13:50:00,11611.597064856109,1,56
2019-05-07,11589.05,11615.05,11589.05,11611.0,13:55:00,11609.449725346003,1,57
2019-05-07,11583.35,11591.15,11569.15,11589.0,14:00:00,11606.964037217813,1,58
2019-05-07,11580.05,11583.9,11574.15,11583.9,14:05:00,11604.40079557802,1,59
2019-05-07,11583.15,11592.8,11579.0,11580.15,14:10:00,11602.376910284876,1,60
2019-05-07,11579.15,11588.1,11576.45,11583.6,14:15:00,11600.164823591076,1,61
2019-05-07,11562.3,11580.5,11555.75,11579.45,14:20:00,11596.558649915734,1,62
2019-05-07,11569.4,11573.55,11561.45,11562.1,14:25:00,11593.972111828522,1,63
2019-05-07,11563.95,11574.25,11561.8,11569.1,14:30:00,11591.112863082948,1,64
2019-05-07,11554.3,11566.35,11548.75,11564.45,14:35:00,11587.606876122669,1,65
2019-05-07,11555.1,11564.3,11551.55,11555.35,14:40:00,11584.510983158603,1,66
2019-05-07,11543.6,11556.0,11537.45,11556.0,14:45:00,11580.61469904826,1,67
2019-05-07,11530.25,11549.0,11530.25,11543.9,14:50:00,11575.818061043665,1,68
2019-05-07,11514.9,11535.15,11514.9,11529.95,14:55:00,11570.016340944268,1,69
2019-05-07,11510.65,11514.4,11502.65,11514.4,15:00:00,11564.36240371148,1,70
2019-05-07,11492.8,11513.55,11492.15,11510.7,15:05:00,11557.546936691337,1,71
2019-05-07,11495.4,11504.2,11489.5,11492.1,15:10:00,11551.628180815973,1,72
2019-05-07,11496.2,11498.65,11484.45,11495.9,15:15:00,11546.349306452545,1,73
2019-05-07,11494.9,11501.4,11489.35,11496.0,15:20:00,11541.449372504683,1,74
2019-05-07,11495.45,11499.55,11492.2,11494.55,15:25:00,11537.06847988519,1,75
2019-05-08,11437.6,11471.2,11429.15,11471.2,09:15:00,11527.595291324697,2,1
2019-05-08,11442.15,11445.25,11430.7,11437.15,09:20:00,11519.457644531867,2,2
2019-05-08,11433.25,11450.1,11432.55,11441.65,09:25:00,11511.24739267169,2,3
2019-05-08,11426.2,11433.7,11420.95,11433.35,09:30:00,11503.147640988673,2,4
2019-05-08,11431.3,11432.05,11423.1,11426.65,09:35:00,11496.305008513562,2,5
2019-05-08,11436.7,11437.9,11426.35,11431.2,09:40:00,11490.62834103608,2,6
2019-05-08,11438.95,11443.8,11433.6,11436.35,09:45:00,11485.70659427074,2,7
2019-05-08,11430.85,11442.05,11430.35,11439.25,09:50:00,11480.482156721146,2,8
2019-05-08,11427.05,11430.55,11423.35,11430.5,09:55:00,11475.39337989056,2,9
2019-05-08,11428.9,11429.8,11423.0,11427.35,10:00:00,11470.965438948602,2,10
2019-05-08,11426.85,11435.55,11426.7,11429.1,10:05:00,11466.763968572544,2,11
2019-05-08,11423.75,11429.5,11420.9,11426.5,10:10:00,11462.667400137065,2,12
2019-05-08,11412.8,11424.05,11408.85,11423.45,10:15:00,11457.918123933534,2,13
2019-05-08,11415.4,11416.5,11408.3,11412.65,10:20:00,11453.868778797008,2,14
2019-05-08,11416.0,11416.95,11411.55,11415.65,10:25:00,11450.262228435387,2,15
2019-05-08,11421.9,11425.25,11415.2,11415.95,10:30:00,11447.561063822492,2,16
2019-05-08,11418.4,11425.95,11417.05,11421.7,10:35:00,11444.783819648925,2,17
2019-05-08,11418.3,11419.6,11414.7,11417.8,10:40:00,11442.26155111093,2,18
2019-05-08,11421.05,11422.75,11418.45,11418.45,10:45:00,11440.24140338608,2,19
2019-05-08,11423.5,11423.9,11420.2,11420.9,10:50:00,11438.64698401598,2,20
2019-05-08,11424.7,11427.25,11422.6,11423.35,10:55:00,11437.31869982398,2,21
2019-05-08,11416.85,11425.85,11412.8,11424.9,11:00:00,11435.369299840742,2,22
2019-05-08,11419.5,11419.65,11413.2,11416.6,11:05:00,11433.857937951148,2,23
2019-05-08,11417.05,11419.45,11413.8,11419.2,11:10:00,11432.2571819558,2,24
2019-05-08,11408.25,11417.55,11407.8,11416.9,11:15:00,11429.970783674296,2,25
2019-05-08,11410.1,11412.5,11407.15,11407.8,11:20:00,11428.078328086263,2,26
2019-05-08,11404.65,11412.65,11401.75,11410.15,11:25:00,11425.847058744715,2,27
2019-05-08,11410.5,11412.35,11402.65,11405.6,11:30:00,11424.385434102362,2,28
2019-05-08,11405.05,11410.75,11404.2,11410.6,11:35:00,11422.543964187853,2,29
2019-05-08,11401.05,11405.7,11394.95,11404.65,11:40:00,11420.496919979483,2,30
2019-05-08,11402.4,11407.3,11397.9,11400.75,11:45:00,11418.77340379096,2,31
2019-05-08,11399.35,11407.3,11399.25,11402.85,11:50:00,11416.92355581087,2,32
2019-05-08,11401.95,11403.75,11398.8,11399.55,11:55:00,11415.497502876502,2,33
2019-05-08,11414.4,11417.4,11401.5,11402.3,12:00:00,11415.392978793026,2,34
2019-05-08,11410.65,11423.55,11410.4,11414.55,12:05:00,11414.941266527025,2,35
2019-05-08,11412.85,11413.45,11407.15,11410.85,12:10:00,11414.742098286357,2,36
2019-05-08,11413.8,11414.95,11412.35,11413.35,12:15:00,11414.652374640034,2,37
2019-05-08,11409.85,11416.75,11407.0,11414.05,12:20:00,11414.195005626698,2,38
2019-05-08,11412.9,11415.15,11409.65,11409.95,12:25:00,11414.071671757489,2,39
2019-05-08,11416.15,11416.9,11408.45,11412.85,12:30:00,11414.269607780583,2,40
2019-05-08,11421.05,11425.6,11415.7,11416.25,12:35:00,11414.915359420527,2,41
2019-05-08,11414.05,11421.1,11413.4,11421.1,12:40:00,11414.83294423762,2,42
2019-05-08,11392.4,11416.15,11392.4,11414.3,12:45:00,11412.696473357846,2,43
2019-05-08,11400.0,11400.15,11391.05,11393.25,12:50:00,11411.487285419003,2,44
2019-05-08,11402.3,11405.15,11398.9,11399.9,12:55:00,11410.612305855288,2,45
2019-05-08,11405.2,11408.3,11400.8,11402.25,13:00:00,11410.096848154784,2,46
2019-05-08,11399.45,11405.3,11394.35,11405.25,13:05:00,11409.082862616233,2,47
2019-05-08,11402.3,11404.8,11399.05,11399.2,13:10:00,11408.4368757004,2,48
2019-05-08,11398.35,11408.2,11398.2,11402.4,13:15:00,11407.476220871791,2,49
2019-05-08,11407.25,11408.75,11388.0,11398.15,13:20:00,11407.45467602686,2,50
2019-05-08,11418.85,11422.75,11405.8,11406.8,13:25:00,11408.53994497668,2,51
2019-05-08,11422.75,11428.8,11417.0,11418.8,13:30:00,11409.893283550333,2,52
2019-05-08,11418.45,11423.5,11413.4,11422.15,13:35:00,11410.708208926491,2,53
2019-05-08,11425.45,11426.85,11414.35,11417.75,13:40:00,11412.11218902873,2,54
2019-05-08,11444.55,11447.45,11425.7,11425.7,13:45:00,11415.201504359327,2,55
2019-05-08,11427.85,11449.3,11425.8,11443.8,13:50:00,11416.406122991772,2,56
2019-05-08,11426.6,11434.55,11421.2,11426.95,13:55:00,11417.37696842113,2,57
2019-05-08,11407.2,11427.95,11406.8,11425.9,14:00:00,11416.407733333404,2,58
2019-05-08,11413.2,11417.95,11406.25,11406.25,14:05:00,11416.102234920698,2,59
2019-05-08,11413.75,11421.1,11412.5,11412.65,14:10:00,11415.878212547295,2,60
2019-05-08,11402.55,11416.2,11394.65,11412.55,14:15:00,11414.608858971364,2,61
2019-05-08,11406.4,11412.75,11400.75,11401.6,14:20:00,11413.827062878856,2,62
2019-05-08,11416.75,11420.9,11405.2,11405.2,14:25:00,11414.105437842776,2,63
2019-05-08,11407.6,11418.3,11405.9,11415.85,14:30:00,11413.485872333942,2,64
2019-05-08,11400.7,11409.7,11399.9,11407.4,14:35:00,11412.2681702069,2,65
2019-05-08,11395.05,11404.25,11392.9,11399.9,14:40:00,11410.62834447291,2,66
2019-05-08,11382.6,11395.05,11381.25,11394.15,14:45:00,11407.958978332634,2,67
2019-05-08,11384.75,11386.5,11377.4,11380.8,14:50:00,11405.748599443812,2,68
2019-05-08,11376.15,11384.85,11373.4,11383.9,14:55:00,11402.929685211067,2,69
2019-05-08,11375.6,11382.9,11366.55,11376.05,15:00:00,11400.326858048107,2,70
2019-05-08,11359.2,11376.0,11358.6,11375.9,15:05:00,11396.41001442448,2,71
2019-05-08,11357.05,11366.05,11353.6,11359.25,15:10:00,11392.66144162215,2,72
2019-05-08,11358.1,11364.75,11352.0,11357.0,15:15:00,11389.369875753371,2,73
2019-05-08,11355.45,11359.0,11346.95,11358.05,15:20:00,11386.139411395909,2,74
2019-05-08,11361.6,11365.55,11350.0,11357.3,15:25:00,11383.802324596298,2,75
2019-05-09,11319.75,11324.4,11301.35,11315.3,09:15:00,11377.702103206177,3,1
2019-05-09,11306.6,11320.25,11297.3,11320.1,09:20:00,11370.930474329398,3,2
2019-05-09,11312.65,11312.8,11302.4,11306.1,09:25:00,11365.379952964691,3,3
2019-05-09,11298.0,11312.65,11290.9,11312.15,09:30:00,11358.962814587105,3,4
2019-05-09,11301.15,11305.4,11298.1,11298.55,09:35:00,11353.456832245474,3,5
2019-05-09,11297.55,11301.25,11293.6,11301.0,09:40:00,11348.13237203162,3,6
2019-05-09,11316.4,11316.4,11296.25,11297.6,09:45:00,11345.11024136194,3,7
2019-05-09,11311.9,11321.75,11310.55,11315.5,09:50:00,11341.947361232233,3,8
2019-05-09,11323.3,11326.75,11311.6,11311.8,09:55:00,11340.171422067258,3,9
2019-05-09,11332.15,11333.35,11321.8,11323.25,10:00:00,11339.407477108472,3,10
2019-05-09,11324.4,11333.05,11321.95,11332.4,10:05:00,11337.978193574332,3,11
2019-05-09,11325.95,11329.95,11323.9,11324.0,10:10:00,11336.832651329158,3,12
2019-05-09,11323.9,11327.85,11321.45,11325.65,10:15:00,11335.60097025019,3,13
2019-05-09,11327.9,11328.45,11323.45,11323.8,10:20:00,11334.867544512075,3,14
2019-05-09,11331.75,11332.45,11327.25,11327.25,10:25:00,11334.570635510929,3,15
2019-05-09,11324.75,11332.0,11321.9,11331.95,10:30:00,11333.63533689084,3,16
2019-05-09,11334.5,11335.35,11323.75,11324.25,10:35:00,11333.717685758378,3,17
2019-05-09,11341.25,11341.25,11333.2,11334.25,10:40:00,11334.435049019485,3,18
2019-05-09,11347.15,11348.15,11340.95,11341.05,10:45:00,11335.645996731912,3,19
2019-05-09,11353.4,11357.6,11347.2,11347.2,10:50:00,11337.336854186016,3,20
2019-05-09,11346.2,11354.1,11346.2,11353.0,10:55:00,11338.18096331116,3,21
2019-05-09,11340.6,11347.25,11339.65,11345.45,11:00:00,11338.411347757716,3,22
2019-05-09,11341.6,11342.0,11336.3,11340.05,11:05:00,11338.715028923649,3,23
2019-05-09,11339.8,11346.35,11339.7,11341.75,11:10:00,11338.818359502347,3,24
2019-05-09,11340.9,11344.75,11339.55,11339.65,11:15:00,11339.016610978317,3,25
2019-05-09,11332.2,11343.1,11332.2,11340.65,11:20:00,11338.367409932762,3,26
2019-05-09,11335.0,11336.75,11330.9,11331.9,11:25:00,11338.04670422488,3,27
2019-05-09,11326.5,11335.9,11324.35,11334.6,11:30:00,11336.947018108223,3,28
2019-05-09,11326.1,11326.9,11322.2,11325.6,11:35:00,11335.913968764584,3,29
2019-05-09,11330.8,11331.25,11325.3,11325.85,11:40:00,11335.426924120338,3,30
2019-05-09,11323.1,11330.6,11321.1,11330.4,11:45:00,11334.252931346971,3,31
2019-05-09,11322.45,11325.65,11318.35,11322.8,11:50:00,11333.128842647262,3,32
2019-05-09,11313.55,11323.85,11312.7,11322.8,11:55:00,11331.26419096657,3,33
2019-05-09,11312.3,11317.85,11312.25,11313.45,12:00:00,11329.458077541183,3,34
2019-05-09,11312.45,11313.45,11305.5,11311.65,12:05:00,11327.8382606325,3,35
2019-05-09,11311.4,11316.7,11311.1,11312.4,12:10:00,11326.272712000831,3,36
2019-05-09,11305.6,11312.35,11305.1,11311.35,12:15:00,11324.30388228647,3,37
2019-05-09,11301.55,11306.9,11296.45,11305.65,12:20:00,11322.136845878234,3,38
2019-05-09,11312.95,11312.95,11301.65,11301.65,12:25:00,11321.261908175546,3,39
2019-05-09,11310.1,11312.6,11306.4,11312.6,12:30:00,11320.198869301685,3,40
2019-05-09,11312.7,11312.95,11308.5,11309.2,12:35:00,11319.484691272952,3,41
2019-05-09,11317.0,11319.5,11312.85,11312.9,12:40:00,11319.248054008862,3,42
2019-05-09,11305.6,11317.1,11305.6,11316.8,12:45:00,11317.948239341353,3,43
2019-05-09,11304.35,11307.3,11302.05,11305.65,12:50:00,11316.653168927887,3,44
2019-05-09,11301.05,11304.9,11300.2,11304.25,12:55:00,11315.167152839518,3,45
2019-05-09,11282.7,11301.15,11282.4,11300.8,13:00:00,11312.075043045275,3,46
2019-05-09,11276.2,11286.4,11274.85,11282.75,13:05:00,11308.65837227906,3,47
2019-05-09,11278.6,11283.4,11275.8,11276.75,13:10:00,11305.795670157244,3,48
2019-05-09,11278.5,11291.75,11277.15,11278.55,13:15:00,11303.19608252322,3,49
2019-05-09,11281.45,11285.25,11275.8,11278.45,13:20:00,11301.125027044818,3,50
2019-05-09,11289.7,11292.95,11280.1,11281.85,13:25:00,11300.036929231026,3,51
2019-05-09,11295.3,11299.8,11288.9,11289.3,13:30:00,11299.585793113783,3,52
2019-05-09,11288.65,11295.75,11287.8,11295.0,13:35:00,11298.54428900771,3,53
2019-05-09,11273.7,11288.5,11269.55,11288.5,13:40:00,11296.17816624507,3,54
2019-05-09,11266.85,11281.6,11266.85,11273.4,13:45:00,11293.385007555064,3,55
2019-05-09,11265.55,11269.1,11255.05,11266.65,13:50:00,11290.73405445458,3,56
2019-05-09,11278.1,11278.35,11263.25,11265.1,13:55:00,11289.530811173192,3,57
2019-05-09,11273.6,11280.65,11271.9,11278.05,14:00:00,11288.01359106146,3,58
2019-05-09,11267.8,11273.45,11265.15,11272.95,14:05:00,11286.088487150844,3,59
2019-05-09,11282.7,11282.7,11266.8,11267.4,14:10:00,11285.76577408886,3,60
2019-05-09,11291.7,11300.0,11282.65,11283.8,14:15:00,11286.330938461348,3,61
2019-05-09,11311.1,11315.65,11292.1,11294.0,14:20:00,11288.689896703125,3,62
2019-05-09,11325.75,11326.15,11307.55,11312.4,14:25:00,11292.219430350446,3,63
2019-05-09,11329.1,11331.15,11320.8,11325.35,14:30:00,11295.731865555166,3,64
2019-05-09,11328.5,11332.05,11317.35,11329.35,14:35:00,11298.852640264198,3,65
2019-05-09,11347.25,11347.7,11329.05,11329.05,14:40:00,11303.46191261999,3,66
2019-05-09,11305.25,11348.3,11305.25,11348.3,14:45:00,11303.63220665618,3,67
2019-05-09,11318.0,11329.55,11304.75,11305.95,14:50:00,11305.00056792702,3,68
2019-05-09,11315.05,11326.75,11315.05,11318.8,14:55:00,11305.957656695877,3,69
2019-05-09,11306.45,11315.75,11291.5,11314.95,15:00:00,11306.004546534365,3,70
2019-05-09,11299.55,11312.95,11299.0,11307.25,15:05:00,11305.389827816804,3,71
2019-05-09,11299.1,11306.15,11296.85,11301.9,15:10:00,11304.790796596157,3,72
2019-05-09,11307.4,11307.65,11299.3,11300.0,15:15:00,11305.039292158428,3,73
2019-05-09,11304.05,11308.85,11299.2,11308.85,15:20:00,11304.945073857629,3,74
2019-05-09,11297.9,11305.65,11296.85,11304.0,15:25:00,11304.274114442616,3,75
2019-05-10,11340.3,11342.55,11309.35,11310.05,09:15:00,11307.705151162363,4,1
2019-05-10,11335.9,11339.4,11326.5,11338.05,09:20:00,11310.390374861188,4,2
2019-05-10,11326.95,11337.45,11324.3,11335.2,09:25:00,11311.967482017266,4,3
2019-05-10,11331.75,11342.75,11326.45,11327.65,09:30:00,11313.851531348955,4,4
2019-05-10,11304.75,11331.3,11301.7,11331.3,09:35:00,11312.98471883953,4,5
2019-05-10,11298.5,11307.5,11292.85,11304.4,09:40:00,11311.605221807196,4,6
2019-05-10,11300.15,11312.05,11297.0,11298.65,09:45:00,11310.514248301748,4,7
2019-05-10,11286.55,11299.35,11282.1,11299.35,09:50:00,11308.231938939676,4,8
2019-05-10,11280.55,11287.75,11272.25,11286.25,09:55:00,11305.595563802564,4,9
2019-05-10,11287.2,11296.0,11276.7,11278.65,10:00:00,11303.843605345175,4,10
2019-05-10,11292.8,11294.45,11287.05,11287.05,10:05:00,11302.79183340754,4,11
2019-05-10,11305.55,11307.25,11293.25,11293.25,10:10:00,11303.054515940155,4,12
2019-05-10,11301.6,11313.35,11301.6,11305.45,10:15:00,11302.915990612522,4,13
2019-05-10,11303.7,11304.8,11296.85,11301.65,10:20:00,11302.990658173234,4,14
2019-05-10,11299.8,11309.05,11299.8,11303.9,10:25:00,11302.686785966258,4,15
2019-05-10,11291.75,11300.3,11287.55,11300.2,10:30:00,11301.645187302804,4,16
2019-05-10,11303.75,11303.75,11292.05,11292.05,10:35:00,11301.845645654916,4,17
2019-05-10,11312.4,11312.65,11303.4,11303.95,10:40:00,11302.850822259212,4,18
2019-05-10,11311.2,11312.8,11304.2,11312.1,10:45:00,11303.645982044049,4,19
2019-05-10,11313.75,11314.7,11310.2,11310.7,10:50:00,11304.608269468425,4,20
2019-05-10,11311.4,11315.05,11308.6,11313.5,10:55:00,11305.255100947625,4,21
2019-05-10,11317.7,11318.25,11311.25,11311.45,11:00:00,11306.440329428802,4,22
2019-05-10,11322.1,11325.2,11318.25,11318.25,11:05:00,11307.93172662606,4,23
2019-05-10,11335.55,11337.5,11322.65,11322.65,11:10:00,11310.562038375956,4,24
2019-05-10,11333.2,11341.55,11327.65,11336.35,11:15:00,11312.718034721103,4,25
2019-05-10,11333.1,11334.25,11324.3,11333.0,11:20:00,11314.659174271475,4,26
2019-05-10,11330.25,11333.95,11328.2,11333.25,11:25:00,11316.144014817048,4,27
2019-05-10,11318.1,11330.05,11318.1,11330.05,11:30:00,11316.330299120184,4,28
2019-05-10,11322.85,11323.45,11317.5,11318.45,11:35:00,11316.9512230135,4,29
2019-05-10,11325.5,11325.95,11319.65,11322.45,11:40:00,11317.76539225031,4,30
2019-05-10,11330.75,11332.3,11324.25,11325.45,11:45:00,11319.002021559803,4,31
2019-05-10,11333.9,11335.05,11330.0,11330.4,11:50:00,11320.420876649348,4,32
2019-05-10,11324.85,11335.3,11324.8,11334.15,11:55:00,11320.842697920838,4,33
2019-05-10,11329.9,11330.15,11322.65,11325.15,12:00:00,11321.705298118854,4,34
2019-05-10,11326.5,11329.9,11325.1,11329.7,12:05:00,11322.16193639325,4,35
2019-05-10,11318.25,11327.05,11314.15,11326.85,12:10:00,11321.789371022463,4,36
2019-05-10,11320.9,11324.5,11317.65,11318.4,12:15:00,11321.704669020324,4,37
2019-05-10,11319.5,11321.85,11318.85,11320.65,12:20:00,11321.494700542198,4,38
2019-05-10,11324.2,11324.5,11319.4,11319.8,12:25:00,11321.752348109609,4,39
2019-05-10,11326.9,11331.9,11323.8,11324.05,12:30:00,11322.2426006706,4,40
2019-05-10,11330.2,11330.6,11325.45,11326.7,12:35:00,11323.00044822578,4,41
2019-05-10,11320.1,11331.3,11319.4,11330.25,12:40:00,11322.72421506142,4,42
2019-05-10,11316.15,11321.05,11311.6,11321.05,12:45:00,11322.098099341283,4,43
2019-05-10,11308.15,11319.75,11306.45,11316.9,12:50:00,11320.76970892783,4,44
2019-05-10,11316.5,11316.6,11307.4,11309.0,12:55:00,11320.363069982322,4,45
2019-05-10,11315.4,11317.7,11311.5,11317.6,13:00:00,11319.890396650671,4,46
2019-05-10,11307.5,11318.15,11307.25,11315.45,13:05:00,11318.710358874418,4,47
2019-05-10,11313.3,11313.3,11304.6,11307.4,13:10:00,11318.195086600665,4,48
2019-05-10,11316.95,11317.8,11311.5,11313.5,13:15:00,11318.076506924412,4,49
2019-05-10,11314.5,11316.95,11309.6,11316.55,13:20:00,11317.735887217324,4,50
2019-05-10,11277.6,11314.1,11276.35,11314.1,13:25:00,11313.913421768057,4,51
2019-05-10,11283.2,11285.75,11266.55,11276.8,13:30:00,11310.988333980622,4,52
2019-05-10,11285.1,11285.4,11273.2,11283.0,13:35:00,11308.52277836342,4,53
2019-05-10,11296.05,11296.45,11280.0,11284.6,13:40:00,11307.334894709762,4,54
2019-05-10,11290.85,11304.0,11285.65,11298.7,13:45:00,11305.764904737403,4,55
2019-05-10,11300.25,11302.8,11288.7,11291.6,13:50:00,11305.239675714794,4,56
2019-05-10,11312.1,11312.6,11300.2,11301.4,13:55:00,11305.893039932434,4,57
2019-05-10,11311.25,11315.4,11303.55,11313.9,14:00:00,11306.403226605536,4,58
2019-05-10,11326.1,11332.5,11308.65,11312.65,14:05:00,11308.27910978596,4,59
2019-05-10,11336.35,11336.35,11323.0,11326.9,14:10:00,11310.952527901583,4,60
2019-05-10,11320.85,11340.2,11317.55,11336.65,14:15:00,11311.895144291908,4,61
2019-05-10,11313.7,11325.45,11302.35,11324.1,14:20:00,11312.067035311726,4,62
2019-05-10,11323.35,11326.25,11316.65,11316.65,14:25:00,11313.141603377277,4,63
2019-05-10,11317.9,11328.6,11315.45,11324.25,14:30:00,11313.59478400801,4,64
2019-05-10,11321.65,11325.75,11318.6,11319.1,14:35:00,11314.361947435818,4,65
2019-05-10,11322.75,11326.3,11316.75,11322.7,14:40:00,11315.160809584788,4,66
2019-05-10,11329.8,11345.8,11324.1,11324.75,14:45:00,11316.55501819576,4,67
2019-05-10,11333.35,11341.7,11331.15,11331.15,14:50:00,11318.154540272357,4,68
2019-05-10,11310.65,11339.3,11310.65,11334.05,14:55:00,11317.439822151178,4,69
2019-05-10,11286.75,11311.35,11283.6,11311.15,15:00:00,11314.516981946304,4,70
2019-05-10,11285.05,11294.7,11283.45,11289.85,15:05:00,11311.71060271332,4,71
2019-05-10,11284.9,11287.4,11273.8,11286.35,15:10:00,11309.15721197872,4,72
2019-05-10,11279.1,11285.75,11277.3,11285.75,15:15:00,11306.2946203617,4,73
2019-05-10,11259.3,11280.4,11256.75,11280.1,15:20:00,11301.818942232014,4,74
2019-05-10,11256.8,11264.15,11251.05,11259.6,15:25:00,11297.531423924203,4,75
2019-05-13,11275.45,11275.45,11230.7,11257.65,09:15:00,11295.428431169516,0,1
2019-05-13,11270.2,11279.9,11265.1,11273.1,09:20:00,11293.025723439088,0,2
2019-05-13,11260.45,11272.3,11257.5,11269.8,09:25:00,11289.923273587749,0,3
2019-05-13,11262.7,11265.85,11252.3,11259.55,09:30:00,11287.330580865104,0,4
2019-05-13,11246.4,11268.9,11245.4,11263.1,09:35:00,11283.432430306524,0,5
2019-05-13,11245.95,11253.85,11241.4,11246.1,09:40:00,11279.862675039236,0,6
2019-05-13,11259.9,11259.9,11246.0,11246.35,09:45:00,11277.961467892645,0,7
2019-05-13,11257.15,11260.1,11251.2,11259.45,09:50:00,11275.97942333144,0,8
2019-05-13,11263.9,11264.05,11256.25,11257.0,09:55:00,11274.82900206178,0,9
2019-05-13,11275.45,11278.95,11261.35,11263.5,10:00:00,11274.88814472256,0,10
2019-05-13,11291.75,11293.0,11274.8,11274.8,10:05:00,11276.494035701364,0,11
2019-05-13,11295.75,11296.8,11286.0,11292.2,10:10:00,11278.32793706314,0,12
2019-05-13,11296.35,11297.05,11288.2,11295.6,10:15:00,11280.044324009506,0,13
2019-05-13,11286.85,11300.2,11286.15,11297.15,10:20:00,11280.692483627648,0,14
2019-05-13,11288.65,11292.35,11281.6,11287.05,10:25:00,11281.450342329776,0,15
2019-05-13,11290.6,11296.2,11286.85,11289.05,10:30:00,11282.32173829837,0,16
2019-05-13,11283.3,11290.15,11279.05,11290.15,10:35:00,11282.414906079475,0,17
2019-05-13,11277.45,11287.8,11275.5,11283.75,10:40:00,11281.942057881432,0,18
2019-05-13,11286.35,11289.3,11277.35,11277.35,10:45:00,11282.361861892725,0,19
2019-05-13,11293.2,11293.7,11286.4,11286.6,10:50:00,11283.394065521989,0,20
2019-05-13,11282.55,11294.05,11280.8,11293.3,10:55:00,11283.313678329416,0,21
2019-05-13,11276.4,11282.55,11274.0,11282.5,11:00:00,11282.655232774232,0,22
2019-05-13,11279.25,11284.8,11276.45,11276.45,11:05:00,11282.330924890972,0,23
2019-05-13,11280.5,11284.45,11275.7,11278.9,11:10:00,11282.156551091832,0,24
2019-05-13,11276.7,11280.75,11273.9,11280.55,11:15:00,11281.636879559275,0,25
2019-05-13,11284.65,11285.1,11273.6,11276.8,11:20:00,11281.923843410776,0,26
2019-05-13,11273.05,11285.3,11273.05,11284.95,11:25:00,11281.078715466892,0,27
2019-05-13,11271.4,11273.4,11266.7,11272.55,11:30:00,11280.156933041477,0,28
2019-05-13,11266.3,11271.85,11264.55,11271.85,11:35:00,11278.837225132764,0,29
2019-05-13,11265.2,11270.95,11265.2,11266.45,11:40:00,11277.538441786786,0,30
2019-05-13,11267.55,11268.2,11257.65,11265.15,11:45:00,11276.587161616617,0,31
2019-05-13,11263.2,11267.25,11261.75,11266.85,11:50:00,11275.312193843603,0,32
2019-05-13,11261.55,11264.2,11256.5,11262.65,11:55:00,11274.001508715644,0,33
2019-05-13,11259.6,11262.0,11255.0,11262.0,12:00:00,11272.629936457011,0,34
2019-05-13,11251.75,11259.75,11250.2,11258.95,12:05:00,11270.641371080152,0,35
2019-05-13,11256.65,11257.85,11249.75,11250.85,12:10:00,11269.30885954871,0,36
2019-05-13,11266.15,11272.3,11255.5,11256.2,12:15:00,11269.008015782169,0,37
2019-05-13,11275.8,11276.6,11264.55,11266.25,12:20:00,11269.65487142196,0,38
2019-05-13,11268.8,11277.4,11268.65,11275.5,12:25:00,11269.57345509606,0,39
2019-05-13,11270.65,11275.7,11267.8,11268.0,12:30:00,11269.67598318215,0,40
2019-05-13,11267.2,11272.7,11265.7,11271.1,12:35:00,11269.44017526004,0,41
2019-05-13,11263.1,11268.3,11262.75,11267.1,12:40:00,11268.836349044795,0,42
2019-05-13,11263.95,11265.4,11258.75,11263.2,12:45:00,11268.3709824691,0,43
2019-05-13,11250.85,11264.85,11245.35,11264.35,12:50:00,11266.702317472043,0,44
2019-05-13,11247.75,11252.65,11238.25,11250.8,12:55:00,11264.89733485566,0,45
2019-05-13,11248.95,11250.55,11240.75,11248.4,13:00:00,11263.378541059885,0,46
2019-05-13,11255.4,11256.0,11245.5,11249.15,13:05:00,11262.618680006562,0,47
2019-05-13,11256.9,11262.9,11254.65,11254.65,13:10:00,11262.074043815464,0,48
2019-05-13,11247.5,11257.95,11246.35,11256.2,13:15:00,11260.686039642562,0,49
2019-05-13,11252.15,11258.3,11247.0,11247.4,13:20:00,11259.873083486127,0,50
2019-05-13,11246.95,11253.4,11246.4,11251.6,13:25:00,11258.642313630306,0,51
2019-05-13,11247.55,11251.0,11246.35,11246.45,13:30:00,11257.585902808372,0,52
2019-05-13,11254.45,11255.2,11246.2,11247.3,13:35:00,11257.28724539805,0,53
2019-05-13,11240.7,11254.9,11239.95,11254.35,13:40:00,11255.707507741094,0,54
2019-05-13,11234.7,11246.05,11229.75,11240.45,13:45:00,11253.706792718132,0,55
2019-05-13,11235.45,11238.0,11222.2,11234.85,13:50:00,11251.9680505545,0,56
2019-05-13,11250.85,11252.2,11232.95,11235.15,13:55:00,11251.86156954931,0,57
2019-05-13,11257.35,11262.35,11249.15,11251.25,14:00:00,11252.38427721128,0,58
2019-05-13,11261.5,11261.75,11251.2,11258.1,14:05:00,11253.252441286397,0,59
2019-05-13,11267.7,11275.6,11261.6,11261.85,14:10:00,11254.628399259122,0,60
2019-05-13,11264.25,11271.6,11256.45,11268.85,14:15:00,11255.544742186825,0,61
2019-05-13,11262.35,11266.65,11256.9,11265.35,14:20:00,11256.192861978554,0,62
2019-05-13,11249.65,11264.7,11245.4,11262.75,14:25:00,11255.56973226631,0,63
2019-05-13,11261.8,11262.2,11250.0,11250.35,14:30:00,11256.16309109809,0,64
2019-05-13,11257.0,11269.65,11256.7,11262.05,14:35:00,11256.242796707797,0,65
2019-05-13,11266.15,11266.15,11249.0,11256.7,14:40:00,11257.186339878484,0,66
2019-05-13,11251.25,11273.2,11247.25,11266.35,14:45:00,11256.62097417577,0,67
2019-05-13,11226.2,11257.55,11223.95,11252.05,14:50:00,11253.723738539982,0,68
2019-05-13,11188.95,11231.25,11183.5,11226.25,14:55:00,11247.554811059985,0,69
2019-05-13,11172.3,11192.95,11170.05,11187.95,15:00:00,11240.38768619713,0,70
2019-05-13,11153.9,11174.25,11152.65,11173.8,15:05:00,11232.150763702164,0,71
2019-05-13,11142.45,11155.1,11134.05,11153.2,15:10:00,11223.607833825768,0,72
2019-05-13,11128.3,11147.95,11125.6,11142.25,15:15:00,11214.530897270934,0,73
2019-05-13,11138.15,11138.65,11128.1,11128.1,15:20:00,11207.256526102274,0,74
2019-05-13,11154.7,11155.15,11138.5,11138.5,15:25:00,11202.251142663965,0,75
2019-05-14,11120.35,11155.5,11115.2,11148.65,09:15:00,11194.451033838825,1,1
2019-05-14,11148.8,11157.4,11109.2,11119.75,09:20:00,11190.103316330364,1,2
2019-05-14,11154.0,11155.1,11142.55,11148.45,09:25:00,11186.66490525128,1,3
2019-05-14,11136.05,11157.95,11133.95,11153.35,09:30:00,11181.844438084492,1,4
2019-05-14,11126.1,11139.95,11124.05,11136.35,09:35:00,11176.535443981207,1,5
2019-05-14,11132.35,11136.0,11124.95,11126.5,09:40:00,11172.327306459189,1,6
2019-05-14,11141.15,11147.8,11132.55,11132.65,09:45:00,11169.35803917736,1,7
2019-05-14,11140.8,11146.55,11139.1,11140.35,09:50:00,11166.638225922374,1,8
2019-05-14,11129.05,11142.7,11129.0,11141.2,09:55:00,11163.058394882148,1,9
2019-05-14,11129.8,11139.1,11127.15,11128.95,10:00:00,11159.890928702896,1,10
2019-05-14,11123.7,11135.2,11121.65,11129.05,10:05:00,11156.444173588334,1,11
2019-05-14,11131.35,11133.9,11121.45,11123.95,10:10:00,11154.054252294209,1,12
2019-05-14,11127.05,11131.05,11123.4,11131.0,10:15:00,11151.482418742378,1,13
2019-05-14,11130.2,11133.2,11126.5,11127.2,10:20:00,11149.455521719294,1,14
2019-05-14,11128.1,11130.4,11123.85,11130.05,10:25:00,11147.421662507932,1,15
2019-05-14,11128.85,11131.45,11127.15,11128.0,10:30:00,11145.652932745272,1,16
2019-05-14,11124.0,11133.45,11124.0,11128.6,10:35:00,11143.590748674293,1,17
2019-05-14,11128.9,11129.8,11121.45,11123.65,10:40:00,11142.191629752931,1,18
2019-05-14,11130.25,11131.25,11122.1,11129.35,10:45:00,11141.054331681224,1,19
2019-05-14,11138.0,11139.0,11129.75,11130.85,10:50:00,11140.76344294968,1,20
2019-05-14,11141.1,11142.65,11136.55,11138.55,10:55:00,11140.79549600209,1,21
2019-05-14,11132.25,11142.65,11128.65,11141.3,11:00:00,11139.981639239988,1,22
2019-05-14,11134.0,11137.5,11129.15,11132.5,11:05:00,11139.41195931237,1,23
2019-05-14,11136.75,11140.85,11132.05,11133.65,11:10:00,11139.15843937786,1,24
2019-05-14,11137.75,11137.75,11129.15,11136.9,11:15:00,11139.024302294254,1,25
2019-05-14,11131.35,11138.5,11131.0,11137.85,11:20:00,11138.293416361468,1,26
2019-05-14,11126.8,11131.8,11122.95,11131.2,11:25:00,11137.198805279422,1,27
2019-05-14,11123.35,11130.15,11123.35,11126.45,11:30:00,11135.879871443289,1,28
2019-05-14,11115.1,11123.2,11112.5,11123.2,11:35:00,11133.900836067736,1,29
2019-05-14,11116.6,11118.0,11108.3,11115.4,11:40:00,11132.25313739462,1,30
2019-05-14,11117.25,11124.3,11115.15,11116.3,11:45:00,11130.82426716656,1,31
2019-05-14,11114.2,11119.6,11113.9,11117.55,11:50:00,11129.241003626888,1,32
2019-05-14,11116.15,11122.6,11113.75,11114.4,11:55:00,11127.994241376706,1,33
2019-05-14,11119.9,11121.4,11115.75,11116.6,12:00:00,11127.223361245591,1,34
2019-05-14,11132.8,11134.2,11119.4,11119.8,12:05:00,11127.754469698391,1,35
2019-05-14,11128.8,11135.6,11127.7,11132.9,12:10:00,11127.85404401283,1,36
2019-05-14,11131.6,11132.25,11127.4,11129.6,12:15:00,11128.210801725894,1,37
2019-05-14,11134.85,11141.5,11130.5,11131.7,12:20:00,11128.84310632343,1,38
2019-05-14,11128.45,11135.75,11127.4,11134.75,12:25:00,11128.80566762596,1,39
2019-05-14,11125.55,11128.6,11121.0,11128.15,12:30:00,11128.495604042537,1,40
2019-05-14,11126.0,11128.8,11120.85,11125.7,12:35:00,11128.257927467055,1,41
2019-05-14,11133.0,11134.3,11125.5,11125.9,12:40:00,11128.709553422574,1,42
2019-05-14,11131.85,11134.05,11127.3,11133.4,12:45:00,11129.008643572804,1,43
2019-05-14,11132.25,11136.65,11128.65,11131.5,12:50:00,11129.31734418492,1,44
2019-05-14,11149.5,11150.2,11131.45,11131.65,12:55:00,11131.239501881591,1,45
2019-05-14,11142.95,11149.4,11137.2,11149.25,13:00:00,11132.35478741668,1,46
2019-05-14,11157.2,11163.1,11143.1,11143.1,13:05:00,11134.7209981389,1,47
2019-05-14,11155.95,11158.4,11149.75,11157.35,13:10:00,11136.74280783996,1,48
2019-05-14,11169.25,11174.3,11155.15,11155.15,13:15:00,11139.83873090282,1,49
2019-05-14,11187.05,11188.55,11163.3,11169.15,13:20:00,11144.335042245408,1,50
2019-05-14,11200.95,11201.65,11182.05,11186.2,13:25:00,11149.72694298394,1,51
2019-05-14,11189.35,11201.05,11184.95,11200.65,13:30:00,11153.50056746166,1,52
2019-05-14,11190.6,11192.95,11182.0,11188.75,13:35:00,11157.033846751025,1,53
2019-05-14,11210.4,11210.4,11188.0,11190.65,13:40:00,11162.11633753664,1,54
2019-05-14,11214.45,11214.6,11200.95,11209.45,13:45:00,11167.100495866483,1,55
2019-05-14,11227.0,11228.85,11214.75,11214.95,13:50:00,11172.805210545868,1,56
2019-05-14,11222.3,11230.7,11218.25,11226.7,13:55:00,11177.51900001769,1,57
2019-05-14,11234.85,11235.9,11216.5,11222.2,14:00:00,11182.9790952541,1,58
2019-05-14,11255.25,11255.25,11234.5,11234.7,14:05:00,11189.862038563231,1,59
2019-05-14,11248.9,11255.75,11238.45,11255.35,14:10:00,11195.484701557212,1,60
2019-05-14,11256.95,11258.45,11244.85,11247.8,14:15:00,11201.338539504144,1,61
2019-05-14,11257.4,11267.9,11256.65,11257.5,14:20:00,11206.677726218037,1,62
2019-05-14,11259.85,11261.95,11253.3,11257.45,14:25:00,11211.741752292508,1,63
2019-05-14,11263.7,11266.8,11259.8,11259.8,14:30:00,11216.69015683608,1,64
2019-05-14,11288.15,11288.15,11257.0,11263.35,14:35:00,11223.495856185024,1,65
2019-05-14,11281.95,11294.75,11280.55,11288.3,14:40:00,11229.062917500738,1,66
2019-05-14,11227.6,11287.0,11222.65,11282.6,14:45:00,11228.923592024476,1,67
2019-05-14,11231.8,11239.65,11204.95,11228.25,14:50:00,11229.197535641191,1,68
2019-05-14,11222.3,11233.6,11216.45,11232.3,14:55:00,11228.540627484888,1,69
2019-05-14,11188.65,11222.8,11184.1,11222.8,15:00:00,11224.741520105375,1,70
2019-05-14,11203.35,11203.35,11181.1,11188.75,15:05:00,11222.704232476292,1,71
2019-05-14,11234.55,11235.2,11202.8,11203.5,15:10:00,11223.832400811883,1,72
2019-05-14,11240.2,11247.05,11234.7,11234.7,15:15:00,11225.39121978218,1,73
2019-05-14,11237.5,11242.8,11230.9,11240.45,15:20:00,11226.544436945784,1,74
2019-05-14,11239.3,11244.65,11236.4,11237.65,15:25:00,11227.759252474756,1,75
2019-05-15,11251.1,11274.3,11246.35,11265.1,09:15:00,11229.982180810492,2,1
2019-05-15,11255.7,11258.45,11235.35,11250.45,09:20:00,11232.43149692378,2,2
2019-05-15,11251.55,11255.2,11247.4,11254.6,09:25:00,11234.252306740564,2,3
2019-05-15,11238.55,11252.5,11236.8,11251.05,09:30:00,11234.66161086051,2,4
2019-05-15,11242.55,11247.55,11237.45,11238.45,09:35:00,11235.412886016651,2,5
2019-05-15,11249.35,11249.9,11237.7,11241.95,09:40:00,11236.740230205543,2,6
2019-05-15,11247.25,11250.9,11243.0,11248.75,09:45:00,11237.741160662155,2,7
2019-05-15,11240.6,11247.1,11235.7,11246.7,09:50:00,11238.013431075286,2,8
2019-05-15,11249.45,11250.65,11240.65,11240.65,09:55:00,11239.102628115734,2,9
2019-05-15,11253.25,11255.25,11244.7,11249.2,10:00:00,11240.449996866617,2,10
2019-05-15,11262.1,11263.85,11252.2,11253.4,10:05:00,11242.51190192694,2,11
2019-05-15,11272.85,11275.45,11257.35,11261.75,10:10:00,11245.401244600564,2,12
2019-05-15,11277.4,11280.15,11272.2,11273.0,10:15:00,11248.448745114796,2,13
2019-05-15,11285.15,11286.8,11277.15,11277.15,10:20:00,11251.944102722911,2,14
2019-05-15,11277.7,11286.4,11271.95,11284.9,10:25:00,11254.39704532073,2,15
2019-05-15,11276.75,11279.45,11271.8,11277.5,10:30:00,11256.525898147327,2,16
2019-05-15,11274.0,11279.1,11272.6,11276.1,10:35:00,11258.190098323772,2,17
2019-05-15,11280.55,11280.65,11273.55,11273.6,10:40:00,11260.319612769128,2,18
2019-05-15,11266.5,11282.55,11263.35,11280.8,10:45:00,11260.90822107683,2,19
2019-05-15,11273.55,11274.8,11265.15,11266.7,10:50:00,11262.112200021891,2,20
2019-05-15,11275.55,11275.55,11270.0,11273.8,10:55:00,11263.391990495998,2,21
2019-05-15,11274.05,11277.15,11269.0,11275.25,11:00:00,11264.40703902019,2,22
2019-05-15,11268.3,11276.55,11267.55,11273.65,11:05:00,11264.777797208742,2,23
2019-05-15,11273.0,11274.9,11267.25,11267.9,11:10:00,11265.560864141244,2,24
2019-05-15,11268.25,11273.15,11265.55,11272.45,11:15:00,11265.816972318267,2,25
2019-05-15,11275.3,11275.55,11267.0,11267.9,11:20:00,11266.720117811768,2,26
2019-05-15,11279.65,11282.8,11271.85,11275.65,11:25:00,11267.951535163029,2,27
2019-05-15,11282.4,11283.65,11278.7,11279.5,11:30:00,11269.327579433217,2,28
2019-05-15,11272.9,11282.35,11272.35,11282.3,11:35:00,11269.667809963385,2,29
2019-05-15,11272.35,11273.1,11268.95,11272.1,11:40:00,11269.923256633538,2,30
2019-05-15,11259.5,11273.7,11257.65,11271.85,11:45:00,11268.930565525585,2,31
2019-05-15,11260.9,11265.6,11253.75,11259.35,11:50:00,11268.165749761243,2,32
2019-05-15,11263.1,11266.55,11260.5,11260.5,11:55:00,11267.68329740303,2,33
2019-05-15,11266.65,11267.6,11257.25,11262.6,12:00:00,11267.58488812655,2,34
2019-05-15,11265.4,11266.95,11260.0,11266.15,12:05:00,11267.37680354307,2,35
2019-05-15,11262.8,11267.55,11258.3,11265.55,12:10:00,11266.940917491347,2,36
2019-05-15,11252.6,11264.75,11252.6,11262.7,12:15:00,11265.575115825506,2,37
2019-05-15,11258.05,11259.15,11252.35,11252.35,12:20:00,11264.858438127838,2,38
2019-05-15,11261.1,11264.75,11257.05,11257.55,12:25:00,11264.500491639472,2,39
2019-05-15,11259.5,11266.95,11256.75,11260.75,12:30:00,11264.024254340477,2,40
2019-05-15,11250.65,11259.25,11246.8,11259.2,12:35:00,11262.750515831858,2,41
2019-05-15,11247.8,11255.6,11246.85,11250.9,12:40:00,11261.326657181206,2,42
2019-05-15,11246.7,11248.3,11231.25,11247.5,12:45:00,11259.933642211568,2,43
2019-05-15,11247.9,11255.75,11244.65,11246.4,12:50:00,11258.78758104856,2,44
2019-05-15,11239.25,11248.95,11239.25,11247.55,12:55:00,11256.926859043935,2,45
2019-05-15,11250.45,11250.6,11237.1,11239.65,13:00:00,11256.310015325464,2,46
2019-05-15,11214.05,11250.85,11212.35,11250.1,13:05:00,11252.285251961135,2,47
2019-05-15,11218.65,11232.65,11212.05,11213.95,13:10:00,11249.081894631505,2,48
2019-05-15,11205.3,11219.3,11203.9,11218.7,13:15:00,11244.912190380885,2,49
2019-05-15,11217.35,11224.05,11199.1,11205.0,13:20:00,11242.28721986842,2,50
2019-05-15,11208.6,11219.7,11206.65,11217.4,13:25:00,11239.078913214284,2,51
2019-05-15,11239.2,11242.1,11204.35,11206.05,13:30:00,11239.090445289115,2,52
2019-05-15,11223.65,11240.1,11222.3,11240.1,13:35:00,11237.619926690151,2,53
2019-05-15,11235.55,11237.2,11223.85,11225.4,13:40:00,11237.4227908149,2,54
2019-05-15,11235.6,11239.7,11230.7,11235.35,13:45:00,11237.249191689669,2,55
2019-05-15,11257.85,11257.85,11235.65,11235.65,13:50:00,11239.211173433509,2,56
2019-05-15,11253.8,11262.95,11250.8,11258.65,13:55:00,11240.60058548746,2,57
2019-05-15,11273.15,11273.7,11253.1,11253.4,14:00:00,11243.70052972675,2,58
2019-05-15,11267.15,11278.5,11266.75,11274.25,14:05:00,11245.933812609916,2,59
2019-05-15,11254.5,11267.2,11241.3,11267.2,14:10:00,11246.749639980402,2,60
2019-05-15,11258.9,11258.9,11242.8,11256.15,14:15:00,11247.906817125126,2,61
2019-05-15,11259.2,11268.1,11251.45,11259.4,14:20:00,11248.982358351304,2,62
2019-05-15,11221.2,11263.4,11219.85,11260.45,14:25:00,11246.336419460702,2,63
2019-05-15,11231.7,11243.55,11219.45,11222.6,14:30:00,11244.942474750158,2,64
2019-05-15,11236.35,11245.75,11232.0,11232.25,14:35:00,11244.124143821571,2,65
2019-05-15,11248.75,11248.75,11236.35,11237.0,14:40:00,11244.564701552848,2,66
2019-05-15,11227.65,11256.05,11227.65,11248.6,14:45:00,11242.953777595434,2,67
2019-05-15,11234.25,11240.8,11228.3,11228.45,14:50:00,11242.12484639587,2,68
2019-05-15,11208.45,11235.05,11208.2,11235.05,14:55:00,11238.917718167691,2,69
2019-05-15,11170.05,11209.3,11165.15,11209.3,15:00:00,11232.358887866005,2,70
2019-05-15,11151.05,11171.5,11150.2,11168.7,15:05:00,11224.61518425972,2,71
2019-05-15,11153.0,11153.5,11136.95,11149.0,15:10:00,11217.7946905207,2,72
2019-05-15,11143.55,11155.6,11142.6,11153.2,15:15:00,11210.723767613965,2,73
2019-05-15,11144.95,11150.15,11141.35,11144.7,15:20:00,11204.459599269778,2,74
2019-05-15,11142.5,11148.2,11139.75,11144.4,15:25:00,11198.55868505361,2,75
2019-05-16,11164.8,11183.85,11161.95,11178.1,09:15:00,11195.34357219136,3,1
2019-05-16,11164.2,11165.0,11153.2,11161.45,09:20:00,11192.377517696945,3,2
2019-05-16,11169.1,11173.3,11155.9,11163.8,09:25:00,11190.160611249616,3,3
2019-05-16,11175.9,11175.9,11163.65,11169.25,09:30:00,11188.802457797274,3,4
2019-05-16,11176.4,11184.55,11175.0,11176.15,09:35:00,11187.62127134039,3,5
2019-05-16,11176.85,11185.2,11175.5,11176.1,09:40:00,11186.59543597464,3,6
2019-05-16,11170.85,11179.55,11168.45,11176.8,09:45:00,11185.09587064372,3,7
2019-05-16,11167.0,11172.4,11167.0,11171.5,09:50:00,11183.372454391938,3,8
2019-05-16,11162.7,11167.75,11160.45,11167.15,09:55:00,11181.403649211754,3,9
2019-05-16,11159.55,11163.45,11157.6,11163.15,10:00:00,11179.322349286824,3,10
2019-05-16,11165.2,11165.9,11155.6,11159.65,10:05:00,11177.97736364046,3,11
2019-05-16,11168.9,11172.55,11165.3,11165.3,10:10:00,11177.11285281756,3,12
2019-05-16,11160.2,11170.95,11159.9,11169.45,10:15:00,11175.502104930172,3,13
2019-05-16,11153.35,11165.65,11153.35,11160.55,10:20:00,11173.392380651108,3,14
2019-05-16,11154.85,11157.85,11147.0,11152.95,10:25:00,11171.626439636717,3,15
2019-05-16,11154.15,11157.25,11150.75,11154.8,10:30:00,11169.962016814172,3,16
2019-05-16,11160.4,11162.85,11153.25,11154.05,10:35:00,11169.051348546156,3,17
2019-05-16,11156.7,11167.1,11156.7,11160.2,10:40:00,11167.875029636998,3,18
2019-05-16,11153.5,11158.5,11150.55,11156.55,10:45:00,11166.50597919538,3,19
2019-05-16,11160.95,11163.2,11152.5,11153.45,10:50:00,11165.97683831963,3,20
2019-05-16,11162.5,11168.85,11160.3,11161.05,10:55:00,11165.645710860616,3,21
2019-05-16,11160.3,11165.3,11156.45,11162.85,11:00:00,11165.136595540558,3,22
2019-05-16,11152.4,11160.25,11152.4,11160.05,11:05:00,11163.923586441457,3,23
2019-05-16,11150.65,11153.7,11143.35,11152.05,11:10:00,11162.659435351794,3,24
2019-05-16,11158.85,11159.9,11147.45,11150.7,11:15:00,11162.296631984957,3,25
2019-05-16,11165.35,11168.0,11158.65,11159.0,11:20:00,11162.58742893877,3,26
2019-05-16,11169.0,11171.8,11161.7,11165.45,11:25:00,11163.198149992222,3,27
2019-05-16,11166.4,11172.0,11165.05,11169.25,11:30:00,11163.503088088202,3,28
2019-05-16,11165.9,11169.1,11162.45,11166.3,11:35:00,11163.731365413134,3,29
2019-05-16,11173.55,11175.6,11165.95,11166.1,11:40:00,11164.666473469026,3,30
2019-05-16,11168.35,11175.95,11168.35,11173.4,11:45:00,11165.017285519594,3,31
2019-05-16,11170.6,11171.1,11166.3,11168.45,11:50:00,11165.548972612967,3,32
2019-05-16,11177.3,11177.3,11168.5,11170.2,11:55:00,11166.668118078398,3,33
2019-05-16,11172.8,11178.1,11172.75,11177.45,12:00:00,11167.252106832835,3,34
2019-05-16,11178.45,11178.65,11172.05,11172.9,12:05:00,11168.318572848755,3,35
2019-05-16,11183.05,11183.35,11176.55,11178.3,12:10:00,11169.721565910775,3,36
2019-05-16,11186.2,11192.2,11180.55,11182.9,12:15:00,11171.29094058594,3,37
2019-05-16,11181.2,11190.65,11178.1,11186.5,12:20:00,11172.234660530135,3,38
2019-05-16,11177.65,11183.2,11176.15,11181.3,12:25:00,11172.750407146314,3,39
2019-05-16,11183.05,11187.05,11172.45,11177.0,12:30:00,11173.731320751423,3,40
2019-05-16,11186.7,11190.65,11182.1,11183.0,12:35:00,11174.966433060814,3,41
2019-05-16,11182.75,11186.5,11178.95,11186.5,12:40:00,11175.70772515026,3,42
2019-05-16,11175.4,11183.05,11175.15,11182.65,12:45:00,11175.678417993093,3,43
2019-05-16,11176.75,11178.1,11169.85,11174.85,12:50:00,11175.78047342232,3,44
2019-05-16,11166.5,11176.95,11163.75,11176.9,12:55:00,11174.896618810671,3,45
2019-05-16,11167.2,11173.3,11163.1,11166.45,13:00:00,11174.16360749537,3,46
2019-05-16,11181.9,11186.8,11165.4,11166.6,13:05:00,11174.900406781526,3,47
2019-05-16,11172.1,11181.9,11171.15,11181.5,13:10:00,11174.63370137376,3,48
2019-05-16,11177.7,11177.9,11171.35,11172.55,13:15:00,11174.925729814357,3,49
2019-05-16,11186.0,11191.25,11178.15,11179.05,13:20:00,11175.980422212988,3,50
2019-05-16,11184.75,11189.75,11182.5,11187.4,13:25:00,11176.815620097466,3,51
2019-05-16,11173.25,11185.75,11171.35,11185.75,13:30:00,11176.47603723104,3,52
2019-05-16,11180.95,11185.15,11171.45,11173.2,13:35:00,11176.902128923324,3,53
2019-05-16,11176.35,11183.7,11171.95,11181.35,13:40:00,11176.84954521634,3,54
2019-05-16,11180.55,11180.55,11175.15,11176.4,13:45:00,11177.201969481452,3,55
2019-05-16,11205.5,11215.8,11178.7,11180.4,13:50:00,11179.897020007027,3,56
2019-05-16,11203.95,11210.75,11194.85,11205.45,13:55:00,11182.18778000636,3,57
2019-05-16,11212.9,11212.95,11198.7,11204.45,14:00:00,11185.112753339086,3,58
2019-05-16,11225.7,11230.0,11213.75,11213.75,14:05:00,11188.97820540203,3,59
2019-05-16,11233.45,11242.25,11226.45,11226.45,14:10:00,11193.21361441136,3,60
2019-05-16,11231.2,11234.8,11218.55,11233.55,14:15:00,11196.831365419805,3,61
2019-05-16,11226.9,11234.0,11217.1,11232.0,14:20:00,11199.695044903632,3,62
2019-05-16,11247.3,11248.95,11226.55,11226.55,14:25:00,11204.228850150905,3,63
2019-05-16,11255.55,11264.9,11247.2,11247.25,14:30:00,11209.116578707964,3,64
2019-05-16,11256.95,11257.5,11245.2,11256.55,14:35:00,11213.672142640538,3,65
2019-05-16,11230.6,11258.25,11230.4,11257.15,14:40:00,11215.284319531916,3,66
2019-05-16,11205.65,11231.35,11204.65,11230.4,14:45:00,11214.366765290782,3,67
2019-05-16,11201.05,11214.35,11198.85,11206.55,14:50:00,11213.098501929757,3,68
2019-05-16,11212.75,11222.9,11200.5,11200.5,14:55:00,11213.065311269778,3,69
2019-05-16,11226.55,11234.55,11199.7,11213.0,15:00:00,11214.349567339324,3,70
2019-05-16,11224.35,11229.25,11220.3,11226.2,15:05:00,11215.301989497482,3,71
2019-05-16,11254.15,11259.3,11222.2,11224.8,15:10:00,11219.001800021531,3,72
2019-05-16,11279.6,11281.45,11255.2,11256.0,15:15:00,11224.773057162338,3,73
2019-05-16,11279.05,11281.55,11274.15,11280.15,15:20:00,11229.942289813544,3,74
2019-05-16,11275.55,11281.0,11274.9,11279.25,15:25:00,11234.285881259875,3,75
2019-05-17,11287.6,11288.55,11259.85,11260.65,09:15:00,11239.363416377984,4,1
2019-05-17,11313.6,11314.15,11287.95,11287.95,09:20:00,11246.433567199128,4,2
2019-05-17,11296.35,11314.85,11295.55,11312.95,09:25:00,11251.187513180164,4,3
2019-05-17,11312.0,11314.5,11292.6,11295.65,09:30:00,11256.979178591577,4,4
2019-05-17,11315.6,11319.0,11309.35,11312.25,09:35:00,11262.562113963806,4,5
2019-05-17,11304.35,11315.8,11304.35,11314.75,09:40:00,11266.54191263392,4,6
2019-05-17,11300.75,11310.65,11300.75,11303.75,09:45:00,11269.799825716404,4,7
2019-05-17,11293.1,11300.45,11286.85,11300.45,09:50:00,11272.018889933888,4,8
2019-05-17,11299.35,11301.7,11291.95,11292.75,09:55:00,11274.621852797329,4,9
2019-05-17,11303.35,11312.95,11298.0,11299.25,10:00:00,11277.357866816628,4,10
2019-05-17,11301.65,11310.65,11299.95,11303.65,10:05:00,11279.671403310283,4,11
2019-05-17,11305.4,11309.4,11300.6,11301.95,10:10:00,11282.121745852162,4,12
2019-05-17,11307.35,11308.7,11298.35,11304.15,10:15:00,11284.524436723384,4,13
2019-05-17,11302.75,11308.7,11302.75,11307.3,10:20:00,11286.26020465449,4,14
2019-05-17,11301.1,11305.35,11297.55,11302.95,10:25:00,11287.67351849692,4,15
2019-05-17,11308.3,11308.75,11300.5,11301.25,10:30:00,11289.637945306738,4,16
2019-05-17,11307.95,11312.7,11304.7,11308.2,10:35:00,11291.38195051562,4,17
2019-05-17,11314.95,11316.9,11306.95,11307.55,10:40:00,11293.62652665699,4,18
2019-05-17,11312.65,11316.15,11304.9,11315.05,10:45:00,11295.43828602299,4,19
2019-05-17,11305.6,11312.75,11303.65,11311.75,10:50:00,11296.406068306516,4,20
2019-05-17,11305.4,11309.7,11298.45,11304.85,10:55:00,11297.262633229706,4,21
2019-05-17,11310.7,11312.0,11302.85,11305.05,11:00:00,11298.542382445925,4,22
2019-05-17,11313.15,11314.65,11308.55,11310.3,11:05:00,11299.933584117742,4,23
2019-05-17,11308.5,11313.0,11306.7,11312.75,11:10:00,11300.749433249386,4,24
2019-05-17,11313.9,11318.35,11308.0,11308.15,11:15:00,11302.001868178017,4,25
2019-05-17,11323.8,11327.75,11310.95,11313.65,11:20:00,11304.077880732491,4,26
2019-05-17,11319.75,11326.15,11318.25,11324.15,11:25:00,11305.570463519874,4,27
2019-05-17,11317.4,11322.8,11314.45,11319.05,11:30:00,11306.697086041791,4,28
2019-05-17,11319.3,11321.55,11313.2,11317.45,11:35:00,11307.89736356162,4,29
2019-05-17,11319.45,11322.2,11314.7,11319.15,11:40:00,11308.997614650989,4,30
2019-05-17,11322.25,11322.7,11319.5,11319.9,11:45:00,11310.259746588988,4,31
2019-05-17,11315.7,11322.8,11312.45,11321.95,11:50:00,11310.777865961469,4,32
2019-05-17,11317.2,11317.45,11309.75,11315.4,11:55:00,11311.38949777466,4,33
2019-05-17,11335.55,11340.95,11316.3,11316.9,12:00:00,11313.690497986598,4,34
2019-05-17,11344.85,11347.95,11333.65,11334.25,12:05:00,11316.658069606923,4,35
2019-05-17,11348.55,11349.7,11336.4,11344.75,12:10:00,11319.695396311025,4,36
2019-05-17,11344.05,11350.6,11339.75,11347.75,12:15:00,11322.01488237664,4,37
2019-05-17,11339.1,11343.6,11336.25,11343.5,12:20:00,11323.642036436007,4,38
2019-05-17,11340.0,11343.75,11337.45,11338.85,12:25:00,11325.199937727815,4,39
2019-05-17,11341.7,11348.35,11333.6,11339.7,12:30:00,11326.771372229929,4,40
2019-05-17,11342.15,11345.9,11338.65,11342.15,12:35:00,11328.236003446127,4,41
2019-05-17,11344.75,11344.75,11341.1,11342.3,12:40:00,11329.808765022688,4,42
2019-05-17,11348.6,11352.75,11343.2,11344.85,12:45:00,11331.5984064491,4,43
2019-05-17,11351.45,11354.8,11344.5,11348.7,12:50:00,11333.489034406328,4,44
2019-05-17,11347.9,11351.9,11346.5,11350.85,12:55:00,11334.86150732001,4,45
2019-05-17,11319.65,11347.85,11319.65,11347.75,13:00:00,11333.412792337152,4,46
2019-05-17,11334.15,11337.55,11318.05,11319.1,13:05:00,11333.483002590758,4,47
2019-05-17,11343.25,11345.2,11334.45,11334.75,13:10:00,11334.413192820208,4,48
2019-05-17,11344.0,11348.05,11341.7,11344.0,13:15:00,11335.326222075426,4,49
2019-05-17,11339.3,11351.55,11338.1,11343.85,13:20:00,11335.70467711586,4,50
2019-05-17,11352.45,11352.55,11335.05,11338.95,13:25:00,11337.299469771491,4,51
2019-05-17,11362.95,11373.45,11352.1,11352.2,13:30:00,11339.742377412302,4,52
2019-05-17,11372.6,11373.25,11361.6,11363.45,13:35:00,11342.871674801609,4,53
2019-05-17,11370.5,11375.9,11369.15,11372.85,13:40:00,11345.50294386812,4,54
2019-05-17,11385.4,11388.8,11360.05,11370.95,13:45:00,11349.302663499726,4,55
2019-05-17,11387.3,11393.8,11380.0,11386.1,13:50:00,11352.921457452134,4,56
2019-05-17,11373.6,11389.05,11368.5,11387.85,13:55:00,11354.890842456693,4,57
2019-05-17,11364.35,11378.85,11361.95,11373.65,14:00:00,11355.791714603674,4,58
2019-05-17,11369.15,11375.85,11365.35,11365.65,14:05:00,11357.063932260467,4,59
2019-05-17,11366.85,11369.7,11360.35,11369.55,14:10:00,11357.99593871185,4,60
2019-05-17,11366.5,11375.7,11363.05,11366.75,14:15:00,11358.805849310722,4,61
2019-05-17,11349.85,11371.6,11348.8,11366.8,14:20:00,11357.952911281129,4,62
2019-05-17,11358.55,11364.35,11345.6,11350.8,14:25:00,11358.0097768734,4,63
2019-05-17,11362.75,11365.4,11356.8,11359.3,14:30:00,11358.46122669498,4,64
2019-05-17,11348.85,11374.85,11340.2,11363.4,14:35:00,11357.54587177165,4,65
2019-05-17,11357.2,11361.0,11345.75,11350.8,14:40:00,11357.512931602922,4,66
2019-05-17,11368.9,11369.0,11357.4,11357.4,14:45:00,11358.597414307404,4,67
2019-05-17,11367.4,11373.25,11363.45,11369.8,14:50:00,11359.435755801938,4,68
2019-05-17,11381.45,11391.35,11357.3,11367.9,14:55:00,11361.532350487469,4,69
2019-05-17,11403.9,11415.65,11383.1,11383.1,15:00:00,11365.567364726758,4,70
2019-05-17,11395.95,11412.1,11394.6,11403.55,15:05:00,11368.460949038496,4,71
2019-05-17,11397.95,11400.4,11389.1,11395.6,15:10:00,11371.269430082448,4,72
2019-05-17,11403.5,11403.95,11394.6,11397.7,15:15:00,11374.339008169833,4,73
2019-05-17,11420.15,11423.2,11402.25,11403.0,15:20:00,11378.701959772705,4,74
2019-05-17,11417.25,11426.15,11414.45,11420.0,15:25:00,11382.373201699114,4,75
2019-05-20,11641.95,11694.1,11641.25,11641.25,09:15:00,11407.094801537294,0,1
2019-05-20,11637.15,11666.1,11631.15,11643.9,09:20:00,11429.004820438504,0,2
2019-05-20,11609.9,11639.5,11607.2,11635.85,09:25:00,11446.232932777695,0,3
2019-05-20,11596.15,11621.7,11591.7,11610.15,09:30:00,11460.51074870363,0,4
2019-05-20,11623.4,11623.7,11594.5,11595.6,09:35:00,11476.024010731857,0,5
2019-05-20,11635.25,11635.75,11623.1,11623.1,09:40:00,11491.188390662155,0,6
2019-05-20,11640.85,11643.95,11632.9,11636.45,09:45:00,11505.44187726576,0,7
2019-05-20,11648.95,11651.2,11639.4,11640.5,09:50:00,11519.109317526165,0,8
2019-05-20,11655.9,11659.8,11648.25,11649.4,09:55:00,11532.137001571293,0,9
2019-05-20,11664.7,11666.9,11651.85,11656.3,10:00:00,11544.762049040692,0,10
2019-05-20,11679.7,11679.7,11664.0,11664.0,10:05:00,11557.613282465389,0,11
2019-05-20,11688.5,11693.55,11675.85,11679.1,10:10:00,11570.078684135353,0,12
2019-05-20,11681.15,11699.95,11680.4,11690.3,10:15:00,11580.65690469389,0,13
2019-05-20,11671.65,11680.95,11671.65,11680.9,10:20:00,11589.322913770662,0,14
2019-05-20,11681.05,11685.2,11671.35,11671.35,10:25:00,11598.058826744886,0,15
2019-05-20,11692.4,11695.0,11679.5,11681.0,10:30:00,11607.043700388229,0,16
2019-05-20,11687.1,11695.55,11684.7,11693.7,10:35:00,11614.668109875063,0,17
2019-05-20,11680.4,11686.9,11677.75,11686.9,10:40:00,11620.92828988696,0,18
2019-05-20,11675.55,11684.8,11669.0,11679.65,10:45:00,11626.130357516777,0,19
2019-05-20,11677.55,11680.65,11671.1,11674.7,10:50:00,11631.0274663247,0,20
2019-05-20,11676.65,11678.95,11673.9,11677.35,10:55:00,11635.37246953187,0,21
2019-05-20,11680.0,11681.6,11674.0,11676.1,11:00:00,11639.622710528834,0,22
2019-05-20,11678.4,11682.8,11677.55,11679.5,11:05:00,11643.315785716564,0,23
2019-05-20,11677.55,11680.0,11672.5,11678.25,11:10:00,11646.576187076893,0,24
2019-05-20,11674.35,11679.45,11672.95,11677.5,11:15:00,11649.221312117188,0,25
2019-05-20,11684.7,11692.3,11674.0,11674.2,11:20:00,11652.600234772695,0,26
2019-05-20,11692.4,11694.0,11684.4,11684.55,11:25:00,11656.390688603868,0,27
2019-05-20,11691.15,11694.15,11689.2,11693.05,11:30:00,11659.701099213024,0,28
2019-05-20,11683.15,11691.0,11680.15,11690.65,11:35:00,11661.934327859402,0,29
2019-05-20,11686.25,11688.2,11682.4,11682.4,11:40:00,11664.250106158508,0,30
2019-05-20,11692.6,11693.45,11685.5,11685.75,11:45:00,11666.950096048176,0,31
2019-05-20,11710.0,11713.9,11689.1,11691.65,11:50:00,11671.05008690073,0,32
2019-05-20,11706.25,11711.75,11702.65,11709.8,11:55:00,11674.402459576851,0,33
2019-05-20,11711.05,11711.9,11705.1,11705.75,12:00:00,11677.892701521914,0,34
2019-05-20,11715.3,11718.3,11709.45,11711.4,12:05:00,11681.455301376973,0,35
2019-05-20,11723.05,11723.4,11713.55,11714.75,12:10:00,11685.416701245833,0,36
2019-05-20,11727.25,11728.45,11720.7,11722.9,12:15:00,11689.400824936703,0,37
2019-05-20,11734.85,11734.85,11723.3,11726.9,12:20:00,11693.729317799874,0,38
2019-05-20,11732.75,11737.25,11728.7,11734.85,12:25:00,11697.445573247503,0,39
2019-05-20,11737.95,11738.75,11729.8,11733.6,12:30:00,11701.303137700124,0,40
2019-05-20,11737.8,11743.35,11736.55,11737.6,12:35:00,11704.779029347732,0,41
2019-05-20,11732.25,11738.45,11727.15,11737.25,12:40:00,11707.395312266995,0,42
2019-05-20,11727.0,11732.65,11722.95,11732.65,12:45:00,11709.262425384424,0,43
2019-05-20,11735.8,11736.35,11726.35,11726.55,12:50:00,11711.78981344305,0,44
2019-05-20,11732.75,11735.55,11730.75,11735.4,12:55:00,11713.78602168657,0,45
2019-05-20,11737.35,11737.35,11727.25,11732.5,13:00:00,11716.030210097371,0,46
2019-05-20,11735.75,11740.6,11731.85,11737.45,13:05:00,11717.908285326192,0,47
2019-05-20,11735.4,11738.8,11732.4,11736.05,13:10:00,11719.574162914174,0,48
2019-05-20,11745.5,11746.5,11735.3,11735.35,13:15:00,11722.043290255682,0,49
2019-05-20,11746.75,11748.55,11742.45,11745.3,13:20:00,11724.396310231332,0,50
2019-05-20,11750.55,11753.4,11746.4,11746.7,13:25:00,11726.887137828347,0,51
2019-05-20,11759.3,11761.95,11750.1,11750.85,13:30:00,11729.97407708279,0,52
2019-05-20,11766.2,11769.15,11758.6,11759.65,13:35:00,11733.424164979668,0,53
2019-05-20,11773.65,11774.2,11761.3,11766.4,13:40:00,11737.255196886365,0,54
2019-05-20,11787.75,11796.9,11772.4,11772.95,13:45:00,11742.06422575433,0,55
2019-05-20,11770.55,11789.4,11768.4,11788.05,13:50:00,11744.77715663487,0,56
2019-05-20,11784.35,11788.95,11764.8,11771.35,13:55:00,11748.54599886012,0,57
2019-05-20,11786.3,11794.6,11783.9,11786.4,14:00:00,11752.1416180163,0,58
2019-05-20,11797.1,11797.9,11786.35,11786.9,14:05:00,11756.423368681411,0,59
2019-05-20,11799.1,11803.1,11792.15,11796.45,14:10:00,11760.487809759374,0,60
2019-05-20,11817.6,11820.05,11799.65,11800.35,14:15:00,11765.927065972766,0,61
2019-05-20,11801.1,11822.0,11793.25,11819.15,14:20:00,11769.276869213454,0,62
2019-05-20,11782.35,11801.55,11777.75,11801.15,14:25:00,11770.521929288365,0,63
2019-05-20,11775.15,11793.15,11775.15,11782.3,14:30:00,11770.962697927567,0,64
2019-05-20,11787.0,11790.3,11775.15,11775.2,14:35:00,11772.490060029704,0,65
2019-05-20,11790.5,11796.15,11786.75,11787.35,14:40:00,11774.205292407829,0,66
2019-05-20,11797.15,11807.05,11788.45,11789.8,14:45:00,11776.3905026547,0,67
2019-05-20,11805.65,11808.15,11796.65,11796.75,14:50:00,11779.177121449491,0,68
2019-05-20,11814.4,11814.4,11805.1,11806.2,14:55:00,11782.531681311444,0,69
2019-05-20,11838.05,11838.05,11814.3,11814.3,15:00:00,11787.819140234164,0,70
2019-05-20,11834.15,11845.2,11820.55,11837.6,15:05:00,11792.231603069004,0,71
2019-05-20,11825.4,11841.8,11820.7,11834.35,15:10:00,11795.390498014816,0,72
2019-05-20,11819.7,11827.35,11816.1,11824.3,15:15:00,11797.705688680073,0,73
2019-05-20,11828.6,11832.9,11818.7,11820.05,15:20:00,11800.648004043873,0,74
2019-05-20,11832.7,11836.05,11824.6,11828.4,15:25:00,11803.700575087312,0,75
2019-05-21,11876.25,11880.25,11843.0,11855.85,09:15:00,11810.610044126615,1,1
2019-05-21,11880.65,11883.55,11870.6,11877.25,09:20:00,11817.28051611456,1,2
2019-05-21,11850.4,11882.2,11850.3,11880.55,09:25:00,11820.434752675075,1,3
2019-05-21,11820.45,11850.5,11811.7,11850.5,09:30:00,11820.43620480126,1,4
2019-05-21,11850.15,11850.6,11818.65,11820.75,09:35:00,11823.266090058283,1,5
2019-05-21,11848.55,11855.75,11844.65,11849.25,09:40:00,11825.674081481306,1,6
2019-05-21,11843.45,11848.3,11826.35,11848.3,09:45:00,11827.367026102134,1,7
2019-05-21,11855.5,11856.95,11840.8,11843.5,09:50:00,11830.046356949551,1,8
2019-05-21,11852.8,11858.4,11847.05,11855.8,09:55:00,11832.213370573403,1,9
2019-05-21,11865.5,11869.0,11851.9,11852.7,10:00:00,11835.38352575689,1,10
2019-05-21,11863.1,11871.55,11858.25,11865.05,10:05:00,11838.023189970518,1,11
2019-05-21,11863.65,11864.5,11856.7,11863.5,10:10:00,11840.463838544754,1,12
2019-05-21,11863.65,11869.4,11860.0,11863.9,10:15:00,11842.672044397636,1,13
2019-05-21,11855.85,11865.2,11846.45,11862.6,10:20:00,11843.927087788335,1,14
2019-05-21,11854.9,11857.75,11848.25,11855.6,10:25:00,11844.97212704659,1,15
2019-05-21,11858.9,11861.95,11851.7,11855.0,10:30:00,11846.29859113739,1,16
2019-05-21,11847.2,11859.0,11846.4,11858.55,10:35:00,11846.384439600495,1,17
2019-05-21,11836.75,11850.6,11831.4,11846.85,10:40:00,11845.46687392426,1,18
2019-05-21,11829.75,11838.8,11829.75,11836.0,10:45:00,11843.970028788615,1,19
2019-05-21,11833.1,11838.85,11823.1,11829.35,10:50:00,11842.934787951604,1,20
2019-05-21,11836.65,11838.2,11831.8,11832.8,10:55:00,11842.336236718118,1,21
2019-05-21,11847.8,11848.8,11835.3,11836.8,11:00:00,11842.856595125915,1,22
2019-05-21,11849.45,11850.15,11844.45,11847.6,11:05:00,11843.484538447256,1,23
2019-05-21,11854.0,11855.25,11844.1,11849.3,11:10:00,11844.48601097609,1,24
2019-05-21,11854.75,11855.65,11848.0,11853.25,11:15:00,11845.463533740272,1,25
2019-05-21,11852.65,11854.75,11846.75,11854.45,11:20:00,11846.14795909834,1,26
2019-05-21,11846.1,11854.0,11844.85,11852.0,11:25:00,11846.143391565163,1,27
2019-05-21,11840.95,11848.8,11840.4,11846.7,11:30:00,11845.648782844672,1,28
2019-05-21,11840.1,11841.75,11836.9,11840.3,11:35:00,11845.120327335657,1,29
2019-05-21,11838.85,11844.15,11836.65,11839.4,11:40:00,11844.52315330369,1,30
2019-05-21,11828.1,11840.25,11822.45,11838.4,11:45:00,11842.959043465244,1,31
2019-05-21,11823.9,11834.0,11823.9,11828.4,11:50:00,11841.143896468557,1,32
2019-05-21,11825.35,11830.25,11818.95,11824.1,11:55:00,11839.639715852503,1,33
2019-05-21,11833.55,11838.1,11825.4,11825.4,12:00:00,11839.059742914167,1,34
2019-05-21,11843.6,11845.1,11832.0,11833.2,12:05:00,11839.492148350915,1,35
2019-05-21,11841.4,11844.95,11839.0,11843.8,12:10:00,11839.673848507971,1,36
2019-05-21,11833.85,11841.3,11830.15,11841.1,12:15:00,11839.119196269115,1,37
2019-05-21,11835.05,11838.95,11832.3,11834.65,12:20:00,11838.731653767296,1,38
2019-05-21,11834.65,11839.6,11831.9,11834.7,12:25:00,11838.342924837078,1,39
2019-05-21,11830.85,11836.85,11829.4,11834.5,12:30:00,11837.629312947833,1,40
2019-05-21,11810.15,11832.15,11810.15,11830.5,12:35:00,11835.01223552423,1,41
2019-05-21,11799.6,11817.15,11799.0,11810.8,12:40:00,11831.63964166478,1,42
2019-05-21,11796.0,11805.55,11791.85,11799.05,12:45:00,11828.245390077656,1,43
2019-05-21,11789.85,11803.7,11785.55,11795.7,12:50:00,11824.588686260737,1,44
2019-05-21,11785.95,11797.55,11782.05,11789.35,12:55:00,11820.908811378762,1,45
2019-05-21,11780.5,11785.45,11770.1,11785.45,13:00:00,11817.060353152214,1,46
2019-05-21,11771.8,11794.95,11771.8,11781.1,13:05:00,11812.749843328194,1,47
2019-05-21,11761.75,11776.65,11758.0,11771.5,13:10:00,11807.892715392176,1,48
2019-05-21,11765.9,11771.45,11749.85,11760.85,13:15:00,11803.89340916435,1,49
2019-05-21,11768.85,11773.8,11764.85,11766.05,13:20:00,11800.555941624889,1,50
2019-05-21,11759.65,11768.6,11749.4,11768.2,13:25:00,11796.660137660614,1,51
2019-05-21,11746.5,11767.35,11742.5,11758.0,13:30:00,11791.882981692936,1,52
2019-05-21,11734.05,11753.55,11725.5,11746.05,13:35:00,11786.375078674562,1,53
2019-05-21,11751.1,11752.1,11733.45,11733.75,13:40:00,11783.015547372222,1,54
2019-05-21,11772.85,11776.3,11750.95,11750.95,13:45:00,11782.04740000344,1,55
2019-05-21,11764.15,11776.95,11763.15,11773.1,13:50:00,11780.342885717397,1,56
2019-05-21,11765.1,11768.25,11750.55,11763.85,13:55:00,11778.89118231574,1,57
2019-05-21,11752.9,11771.6,11750.75,11764.8,14:00:00,11776.415831619004,1,58
2019-05-21,11742.45,11755.0,11739.8,11752.95,14:05:00,11773.180990512434,1,59
2019-05-21,11732.05,11755.25,11730.25,11742.35,14:10:00,11769.263753320774,1,60
2019-05-21,11734.95,11740.7,11725.0,11731.25,14:15:00,11765.995776814034,1,61
2019-05-21,11725.85,11736.2,11721.75,11735.1,14:20:00,11762.172369498412,1,62
2019-05-21,11740.25,11753.45,11726.5,11726.5,14:25:00,11760.084524784275,1,63
2019-05-21,11711.2,11740.55,11709.1,11740.55,14:30:00,11755.428855757204,1,64
2019-05-21,11709.45,11721.15,11700.0,11711.25,14:35:00,11751.049917113662,1,65
2019-05-21,11716.6,11721.25,11705.5,11709.1,14:40:00,11747.768972626647,1,66
2019-05-21,11703.7,11719.55,11689.35,11716.4,14:45:00,11743.571927614585,1,67
2019-05-21,11701.25,11706.0,11693.5,11702.1,14:50:00,11739.541267841769,1,68
2019-05-21,11685.45,11706.7,11682.8,11701.3,14:55:00,11734.389718523504,1,69
2019-05-21,11692.3,11703.15,11685.55,11686.0,15:00:00,11730.381173902217,1,70
2019-05-21,11706.3,11716.25,11691.9,11691.9,15:05:00,11728.087728768673,1,71
2019-05-21,11707.2,11718.25,11703.95,11705.8,15:10:00,11726.098421266895,1,72
2019-05-21,11719.05,11721.9,11707.95,11707.95,15:15:00,11725.427143051002,1,73
2019-05-21,11711.7,11720.3,11705.75,11719.4,15:20:00,11724.119796093762,1,74
2019-05-21,11712.05,11713.2,11706.75,11710.8,15:25:00,11722.97029170388,1,75
2019-05-22,11727.1,11727.2,11682.4,11723.6,09:15:00,11723.363597255891,2,1
2019-05-22,11743.3,11753.9,11726.9,11726.9,09:20:00,11725.26230227914,2,2
2019-05-22,11744.2,11745.7,11734.0,11742.9,09:25:00,11727.065892538269,2,3
2019-05-22,11723.7,11746.4,11712.6,11743.8,09:30:00,11726.745331344147,2,4
2019-05-22,11719.2,11728.3,11713.4,11723.1,09:35:00,11726.026728358993,2,5
2019-05-22,11722.45,11730.5,11718.55,11719.0,09:40:00,11725.686087562895,2,6
2019-05-22,11719.3,11724.75,11716.1,11723.05,09:45:00,11725.077888747384,2,7
2019-05-22,11714.2,11719.05,11700.9,11719.05,09:50:00,11724.04189934287,2,8
2019-05-22,11720.3,11727.95,11711.0,11714.8,09:55:00,11723.685527976882,2,9
2019-05-22,11713.45,11720.1,11709.25,11720.1,10:00:00,11722.71071578861,2,10
2019-05-22,11715.95,11717.5,11703.3,11713.15,10:05:00,11722.066838094455,2,11
2019-05-22,11728.2,11728.2,11713.1,11716.55,10:10:00,11722.650948752129,2,12
2019-05-22,11742.75,11745.2,11728.05,11728.75,10:15:00,11724.565144109069,2,13
2019-05-22,11741.4,11747.75,11735.7,11743.05,10:20:00,11726.16846371773,2,14
2019-05-22,11746.8,11748.6,11735.45,11742.1,10:25:00,11728.13337193509,2,15
2019-05-22,11753.7,11760.65,11746.5,11747.35,10:30:00,11730.568288893652,2,16
2019-05-22,11748.4,11754.2,11738.85,11753.85,10:35:00,11732.266547094256,2,17
2019-05-22,11749.85,11752.0,11745.9,11748.7,10:40:00,11733.941161656709,2,18
2019-05-22,11751.55,11751.85,11747.5,11750.1,10:45:00,11735.618193879876,2,19
2019-05-22,11737.45,11752.75,11730.45,11751.7,10:50:00,11735.792651605603,2,20
2019-05-22,11742.35,11744.2,11733.95,11737.55,10:55:00,11736.4171609765,2,21
2019-05-22,11736.05,11743.45,11736.05,11742.15,11:00:00,11736.382193264451,2,22
2019-05-22,11729.8,11735.9,11718.9,11735.55,11:05:00,11735.75531771546,2,23
2019-05-22,11723.35,11729.4,11718.9,11729.4,11:10:00,11734.573858885416,2,24
2019-05-22,11717.55,11725.25,11716.95,11723.95,11:15:00,11732.952538991569,2,25
2019-05-22,11720.9,11722.8,11713.45,11716.95,11:20:00,11731.804678135228,2,26
2019-05-22,11727.1,11730.05,11717.85,11721.2,11:25:00,11731.35661355092,2,27
2019-05-22,11729.3,11738.15,11726.8,11726.85,11:30:00,11731.16074559369,2,28
2019-05-22,11731.65,11732.85,11726.35,11729.5,11:35:00,11731.207341251433,2,29
2019-05-22,11720.05,11733.0,11718.15,11731.9,11:40:00,11730.144737322724,2,30
2019-05-22,11726.25,11726.4,11717.55,11720.25,11:45:00,11729.773809958657,2,31
2019-05-22,11721.35,11728.8,11720.65,11726.05,11:50:00,11728.971542343545,2,32
2019-05-22,11719.95,11725.65,11719.85,11722.15,11:55:00,11728.112347834634,2,33
2019-05-22,11723.4,11724.5,11713.2,11720.35,12:00:00,11727.663552802764,2,34
2019-05-22,11726.3,11726.9,11722.2,11723.5,12:05:00,11727.533690631071,2,35
2019-05-22,11726.2,11731.2,11725.3,11726.15,12:10:00,11727.40667247573,2,36
2019-05-22,11730.15,11732.55,11724.6,11726.35,12:15:00,11727.667941763755,2,37
2019-05-22,11725.5,11731.55,11725.5,11730.1,12:20:00,11727.461471119588,2,38
2019-05-22,11722.6,11726.35,11716.15,11725.95,12:25:00,11726.998473870102,2,39
2019-05-22,11710.35,11722.45,11709.95,11722.45,12:30:00,11725.412904930092,2,40
2019-05-22,11706.3,11714.05,11695.35,11710.55,12:35:00,11723.592628270084,2,41
2019-05-22,11707.25,11708.65,11704.2,11705.95,12:40:00,11722.036187482458,2,42
2019-05-22,11711.2,11716.25,11705.7,11706.5,12:45:00,11721.004169626984,2,43
2019-05-22,11705.45,11715.0,11705.45,11711.25,12:50:00,11719.5228201387,2,44
2019-05-22,11711.65,11711.65,11696.2,11705.4,12:55:00,11718.773027744535,2,45
2019-05-22,11716.8,11720.6,11710.65,11711.2,13:00:00,11718.585120340296,2,46
2019-05-22,11728.25,11728.55,11712.05,11716.5,13:05:00,11719.505585069792,2,47
2019-05-22,11718.95,11728.3,11718.65,11727.85,13:10:00,11719.452672206002,2,48
2019-05-22,11727.1,11736.4,11718.3,11718.6,13:15:00,11720.180989138764,2,49
2019-05-22,11728.2,11734.6,11725.9,11727.5,13:20:00,11720.94470445888,2,50
2019-05-22,11738.25,11738.25,11723.65,11728.0,13:25:00,11722.59282784375,2,51
2019-05-22,11735.15,11747.6,11733.8,11738.45,13:30:00,11723.788749001487,2,52
2019-05-22,11732.0,11738.15,11725.7,11734.75,13:35:00,11724.570772906109,2,53
2019-05-22,11734.35,11734.8,11725.55,11732.15,13:40:00,11725.502127867432,2,54
2019-05-22,11745.8,11745.8,11734.35,11734.65,13:45:00,11727.435258546724,2,55
2019-05-22,11760.9,11767.2,11746.45,11746.45,13:50:00,11730.62237678037,2,56
2019-05-22,11763.55,11770.15,11758.05,11761.15,13:55:00,11733.758340896526,2,57
2019-05-22,11774.45,11782.75,11763.05,11763.7,14:00:00,11737.63373700162,2,58
2019-05-22,11779.3,11784.8,11766.65,11774.25,14:05:00,11741.601952525274,2,59
2019-05-22,11769.8,11784.15,11762.75,11778.75,14:10:00,11744.2874808562,2,60
2019-05-22,11750.1,11772.75,11730.85,11769.65,14:15:00,11744.84105410799,2,61
2019-05-22,11749.1,11750.4,11735.45,11749.05,14:20:00,11745.246668002468,2,62
2019-05-22,11736.55,11749.2,11731.15,11749.2,14:25:00,11744.418413906997,2,63
2019-05-22,11737.55,11747.0,11734.7,11737.95,14:30:00,11743.764279249186,2,64
2019-05-22,11722.85,11739.05,11708.3,11737.0,14:35:00,11741.772443130216,2,65
2019-05-22,11720.2,11730.7,11711.1,11723.25,14:40:00,11739.717924736862,2,66
2019-05-22,11739.5,11742.6,11711.8,11720.25,14:45:00,11739.697170000018,2,67
2019-05-22,11719.85,11744.95,11719.85,11738.85,14:50:00,11737.806963333349,2,68
2019-05-22,11736.8,11736.95,11719.7,11719.7,14:55:00,11737.711062063505,2,69
2019-05-22,11733.7,11743.55,11725.75,11737.5,15:00:00,11737.329056152696,2,70
2019-05-22,11735.0,11737.65,11728.85,11733.85,15:05:00,11737.10724128101,2,71
2019-05-22,11737.5,11740.8,11730.05,11735.7,15:10:00,11737.144646873296,2,72
2019-05-22,11731.65,11738.95,11727.3,11738.35,15:15:00,11736.621347171076,2,73
2019-05-22,11743.45,11744.7,11730.25,11732.3,15:20:00,11737.271695059544,2,74
2019-05-22,11755.0,11759.2,11743.55,11744.3,15:25:00,11738.960105053871,2,75
2019-05-23,11914.7,11914.7,11836.9,11886.9,09:15:00,11755.697237905886,3,1
2019-05-23,11945.35,11947.85,11904.65,11915.7,09:20:00,11773.759405724371,3,2
2019-05-23,11946.65,11968.95,11943.15,11945.55,09:25:00,11790.225176607766,3,3
2019-05-23,11914.6,11946.25,11903.0,11944.55,09:30:00,11802.070397883215,3,4
2019-05-23,11905.7,11928.1,11904.9,11914.85,09:35:00,11811.9398837991,3,5
2019-05-23,11913.8,11915.05,11882.4,11905.9,09:40:00,11821.640847246805,3,6
2019-05-23,11933.35,11933.6,11906.5,11912.95,09:45:00,11832.27981417568,3,7
2019-05-23,11954.85,11955.35,11930.3,11933.3,09:50:00,11843.953165206569,3,8
2019-05-23,11935.5,11957.2,11932.3,11954.0,09:55:00,11852.67191137737,3,9
2019-05-23,11947.05,11949.35,11934.35,11935.4,10:00:00,11861.660300770003,3,10
2019-05-23,11951.15,11954.8,11941.8,11946.55,10:05:00,11870.183129268098,3,11
2019-05-23,11953.2,11959.75,11944.85,11951.0,10:10:00,11878.089497909232,3,12
2019-05-23,11976.45,11977.3,11952.75,11953.25,10:15:00,11887.45716477502,3,13
2019-05-23,11981.75,11982.85,11967.6,11976.25,10:20:00,11896.437434796448,3,14
2019-05-23,11994.75,11994.75,11979.3,11981.8,10:25:00,11905.800536244406,3,15
2019-05-23,11994.9,12003.5,11990.85,11994.3,10:30:00,11914.286199459224,3,16
2019-05-23,12007.8,12012.15,11995.3,11995.3,10:35:00,11923.192275701203,3,17
2019-05-23,12035.35,12035.35,12008.15,12008.75,10:40:00,11933.87396372966,3,18
2019-05-23,12002.85,12041.15,12000.55,12035.25,10:45:00,11940.443110041122,3,19
2019-05-23,11970.55,12003.15,11964.1,12003.15,10:50:00,11943.310432894348,3,20
2019-05-23,11956.85,11980.65,11956.85,11969.85,10:55:00,11944.59991547584,3,21
2019-05-23,11937.55,11961.7,11920.25,11957.4,11:00:00,11943.92849495433,3,22
2019-05-23,11929.7,11956.25,11926.6,11939.25,11:05:00,11942.573400196776,3,23
2019-05-23,11909.35,11930.9,11895.6,11929.4,11:10:00,11939.409266844705,3,24
2019-05-23,11896.55,11918.75,11895.2,11908.65,11:15:00,11935.327431907112,3,25
2019-05-23,11882.0,11897.5,11841.0,11896.2,11:20:00,11930.24862886834,3,26
2019-05-23,11895.8,11897.95,11863.75,11881.6,11:25:00,11926.967807071354,3,27
2019-05-23,11873.8,11899.4,11869.1,11895.55,11:30:00,11921.904206397892,3,28
2019-05-23,11887.9,11889.35,11870.4,11873.9,11:35:00,11918.665710550473,3,29
2019-05-23,11871.25,11890.9,11868.25,11888.85,11:40:00,11914.149928593286,3,30
2019-05-23,11860.25,11884.2,11859.75,11869.85,11:45:00,11909.016602060592,3,31
2019-05-23,11842.95,11858.65,11826.4,11858.0,11:50:00,11902.724544721488,3,32
2019-05-23,11863.05,11872.4,11829.25,11842.2,11:55:00,11898.946016652775,3,33
2019-05-23,11851.95,11862.6,11839.55,11862.6,12:00:00,11894.470205542986,3,34
2019-05-23,11844.6,11869.35,11841.9,11852.6,12:05:00,11889.72066215794,3,35
2019-05-23,11832.3,11852.55,11819.65,11844.1,12:10:00,11884.252027666707,3,36
2019-05-23,11837.85,11839.25,11821.25,11831.6,12:15:00,11879.832786936544,3,37
2019-05-23,11828.0,11848.35,11824.5,11837.3,12:20:00,11874.896331037826,3,38
2019-05-23,11793.65,11833.85,11789.8,11827.9,12:25:00,11867.1585852247,3,39
2019-05-23,11796.75,11805.35,11786.95,11793.05,12:30:00,11860.453005679492,3,40
2019-05-23,11800.85,11801.85,11779.0,11796.35,12:35:00,11854.776528948112,3,41
2019-05-23,11801.15,11809.75,11789.0,11800.15,12:40:00,11849.669240476864,3,42
2019-05-23,11829.25,11835.35,11801.3,11801.3,12:45:00,11847.724550907638,3,43
2019-05-23,11842.2,11843.8,11820.15,11829.35,12:50:00,11847.19840320215,3,44
2019-05-23,11823.6,11840.4,11806.4,11840.4,12:55:00,11844.950936230518,3,45
2019-05-23,11822.5,11824.4,11809.55,11823.2,13:00:00,11842.812751827612,3,46
2019-05-23,11852.55,11852.55,11821.8,11821.8,13:05:00,11843.74010879641,3,47
2019-05-23,11848.25,11852.15,11836.4,11851.4,13:10:00,11844.16962224437,3,48
2019-05-23,11855.85,11859.8,11846.55,11846.65,13:15:00,11845.282039173477,3,49
2019-05-23,11852.9,11858.65,11846.15,11854.7,13:20:00,11846.007559252192,3,50
2019-05-23,11846.2,11855.8,11843.25,11851.7,13:25:00,11846.025886942462,3,51
2019-05-23,11834.2,11847.4,11829.05,11845.9,13:30:00,11844.89961199556,3,52
2019-05-23,11825.1,11845.3,11821.4,11834.05,13:35:00,11843.01393466265,3,53
2019-05-23,11822.75,11828.0,11814.6,11824.35,13:40:00,11841.08403612335,3,54
2019-05-23,11811.0,11822.15,11810.85,11822.15,13:45:00,11838.218889825888,3,55
2019-05-23,11769.85,11808.15,11758.55,11808.15,13:50:00,11831.70756698533,3,56
2019-05-23,11781.35,11787.2,11763.6,11769.6,13:55:00,11826.911608224822,3,57
2019-05-23,11744.15,11780.8,11731.6,11780.8,14:00:00,11819.029550298648,3,58
2019-05-23,11765.85,11767.45,11742.7,11743.85,14:05:00,11813.964831222587,3,59
2019-05-23,11787.8,11792.7,11751.3,11765.65,14:10:00,11811.47294253472,3,60
2019-05-23,11795.05,11806.7,11782.75,11786.65,14:15:00,11809.908852769511,3,61
2019-05-23,11779.65,11795.45,11778.4,11795.45,14:20:00,11807.027057267653,3,62
2019-05-23,11792.2,11797.1,11774.25,11780.35,14:25:00,11805.614956575497,3,63
2019-05-23,11756.6,11792.25,11756.6,11792.25,14:30:00,11800.946865473068,3,64
2019-05-23,11759.1,11765.05,11743.6,11754.0,14:35:00,11796.961449713728,3,65
2019-05-23,11765.8,11775.75,11757.25,11758.7,14:40:00,11793.993692598136,3,66
2019-05-23,11739.3,11769.5,11736.85,11765.7,14:45:00,11788.78476949355,3,67
2019-05-23,11718.45,11739.4,11718.45,11739.15,14:50:00,11782.086220017973,3,68
2019-05-23,11675.3,11718.1,11673.35,11717.95,14:55:00,11771.916103825784,3,69
2019-05-23,11687.55,11688.85,11651.35,11674.45,15:00:00,11763.881236794758,3,70
2019-05-23,11654.3,11693.05,11654.3,11686.55,15:05:00,11753.44492852859,3,71
2019-05-23,11638.1,11664.8,11635.0,11654.8,15:10:00,11742.459697240152,3,72
2019-05-23,11652.85,11654.35,11614.5,11637.85,15:15:00,11733.925440360135,3,73
2019-05-23,11674.9,11674.9,11651.85,11652.5,15:20:00,11728.303969849649,3,74
2019-05-23,11682.5,11688.55,11673.9,11674.75,15:25:00,11723.941687006823,3,75
2019-05-24,11746.2,11775.55,11727.45,11742.85,09:15:00,11726.061526339508,4,1
2019-05-24,11729.45,11748.85,11722.75,11746.3,09:20:00,11726.384238116698,4,2
2019-05-24,11726.85,11733.75,11715.6,11728.9,09:25:00,11726.4285963913,4,3
2019-05-24,11701.75,11726.65,11693.55,11726.65,09:30:00,11724.078253877842,4,4
2019-05-24,11681.65,11708.6,11679.05,11701.45,09:35:00,11720.037467794238,4,5
2019-05-24,11692.15,11703.05,11679.55,11681.3,09:40:00,11717.3815184805,4,6
2019-05-24,11707.25,11707.5,11682.5,11691.3,09:45:00,11716.416611958548,4,7
2019-05-24,11706.05,11713.05,11702.8,11707.6,09:50:00,11715.429315581545,4,8
2019-05-24,11704.35,11712.55,11702.55,11706.0,09:55:00,11714.374142669016,4,9
2019-05-24,11683.1,11711.8,11681.9,11704.6,10:00:00,11711.395652891011,4,10
2019-05-24,11672.35,11690.1,11668.25,11682.8,10:05:00,11707.677019282344,4,11
2019-05-24,11670.85,11673.55,11658.1,11673.0,10:10:00,11704.169684112598,4,12
2019-05-24,11675.7,11681.95,11670.95,11670.95,10:15:00,11701.458285625684,4,13
2019-05-24,11681.35,11687.6,11675.05,11675.2,10:20:00,11699.54321080419,4,14
2019-05-24,11685.9,11687.7,11676.25,11681.0,10:25:00,11698.243857394267,4,15
2019-05-24,11676.45,11686.35,11675.2,11685.75,10:30:00,11696.168251928146,4,16
2019-05-24,11690.0,11692.05,11676.35,11676.35,10:35:00,11695.58079936356,4,17
2019-05-24,11689.05,11694.0,11686.7,11690.2,10:40:00,11694.958818471794,4,18
2019-05-24,11688.8,11692.0,11685.05,11689.25,10:45:00,11694.372264331623,4,19
2019-05-24,11696.9,11701.25,11684.9,11688.6,10:50:00,11694.613001061944,4,20
2019-05-24,11695.35,11699.9,11691.95,11697.35,10:55:00,11694.683191437,4,21
2019-05-24,11703.45,11707.3,11695.4,11695.75,11:00:00,11695.518125585855,4,22
2019-05-24,11724.4,11725.0,11703.55,11703.6,11:05:00,11698.268780291966,4,23
2019-05-24,11716.3,11729.35,11715.05,11724.3,11:10:00,11699.98603931178,4,24
2019-05-24,11715.9,11719.05,11712.65,11716.7,11:15:00,11701.501654615418,4,25
2019-05-24,11714.4,11721.35,11712.5,11716.05,11:20:00,11702.73006846157,4,26
2019-05-24,11710.5,11716.7,11701.95,11714.85,11:25:00,11703.47006194142,4,27
2019-05-24,11717.25,11718.5,11708.7,11710.4,11:30:00,11704.782436994616,4,28
2019-05-24,11717.25,11718.3,11712.4,11717.5,11:35:00,11705.969823947513,4,29
2019-05-24,11731.6,11734.75,11716.4,11716.65,11:40:00,11708.410793095369,4,30
2019-05-24,11737.0,11742.8,11731.85,11732.15,11:45:00,11711.13357470533,4,31
2019-05-24,11734.75,11746.4,11733.45,11737.05,11:50:00,11713.382758066728,4,32
2019-05-24,11743.8,11746.85,11733.95,11734.7,11:55:00,11716.27963825085,4,33
2019-05-24,11748.45,11753.7,11745.0,11745.05,12:00:00,11719.34348222696,4,34
2019-05-24,11764.05,11771.25,11749.05,11749.05,12:05:00,11723.601245824391,4,35
2019-05-24,11758.4,11767.9,11754.35,11763.95,12:10:00,11726.915412888737,4,36
2019-05-24,11746.4,11758.7,11739.5,11758.7,12:15:00,11728.771087851714,4,37
2019-05-24,11756.15,11765.45,11745.9,11745.9,12:20:00,11731.378603294408,4,38
2019-05-24,11760.0,11760.1,11752.3,11756.35,12:25:00,11734.104450599703,4,39
2019-05-24,11758.35,11770.8,11758.0,11759.9,12:30:00,11736.41355054259,4,40
2019-05-24,11762.4,11764.8,11756.45,11758.65,12:35:00,11738.888450490917,4,41
2019-05-24,11780.4,11783.25,11760.35,11762.1,12:40:00,11742.841931396542,4,42
2019-05-24,11789.1,11790.05,11775.85,11780.9,12:45:00,11747.24746173973,4,43
2019-05-24,11793.75,11798.2,11783.55,11788.5,12:50:00,11751.676274907377,4,44
2019-05-24,11792.9,11795.05,11780.3,11794.55,12:55:00,11755.602343963816,4,45
2019-05-24,11802.4,11814.0,11792.65,11792.65,13:00:00,11760.059263586309,4,46
2019-05-24,11812.6,11813.6,11796.05,11801.7,13:05:00,11765.063143244755,4,47
2019-05-24,11821.25,11828.8,11811.5,11812.15,13:10:00,11770.41427245954,4,48
2019-05-24,11811.45,11831.8,11811.45,11821.45,13:15:00,11774.322436987202,4,49
2019-05-24,11817.7,11817.8,11806.75,11811.4,13:20:00,11778.45363346461,4,50
2019-05-24,11778.8,11818.55,11778.8,11817.8,13:25:00,11778.486620753694,4,51
2019-05-24,11787.3,11793.35,11763.7,11778.4,13:30:00,11779.325990205723,4,52
2019-05-24,11783.1,11795.25,11781.5,11786.45,13:35:00,11779.685419709942,4,53
2019-05-24,11806.8,11807.0,11782.95,11782.95,13:40:00,11782.267760689949,4,54
2019-05-24,11804.75,11810.55,11802.15,11807.55,13:45:00,11784.408926338525,4,55
2019-05-24,11789.65,11806.4,11784.45,11805.0,13:50:00,11784.908076211046,4,56
2019-05-24,11799.1,11803.1,11789.1,11789.3,13:55:00,11786.259688000471,4,57
2019-05-24,11819.75,11820.75,11794.45,11799.35,14:00:00,11789.449241524237,4,58
2019-05-24,11829.65,11834.85,11814.4,11818.35,14:05:00,11793.277885188594,4,59
2019-05-24,11812.55,11830.3,11809.9,11829.0,14:10:00,11795.113324694445,4,60
2019-05-24,11828.4,11829.05,11813.65,11813.65,14:15:00,11798.283484247351,4,61
2019-05-24,11830.55,11841.4,11826.15,11829.0,14:20:00,11801.356485747605,4,62
2019-05-24,11821.1,11834.8,11810.9,11830.35,14:25:00,11803.23682043831,4,63
2019-05-24,11819.4,11830.6,11815.4,11820.75,14:30:00,11804.776170872756,4,64
2019-05-24,11813.65,11831.15,11813.65,11818.5,14:35:00,11805.621297456302,4,65
2019-05-24,11815.6,11817.9,11803.9,11813.5,14:40:00,11806.571650079512,4,66
2019-05-24,11824.9,11830.65,11815.4,11815.4,14:45:00,11808.317207214795,4,67
2019-05-24,11818.3,11828.5,11813.45,11824.7,14:50:00,11809.267949384814,4,68
2019-05-24,11820.75,11828.8,11812.85,11818.6,14:55:00,11810.361478014833,4,69
2019-05-24,11845.35,11845.35,11820.25,11820.4,15:00:00,11813.693718203896,4,70
2019-05-24,11845.4,11859.0,11842.1,11844.15,15:05:00,11816.713364089235,4,71
2019-05-24,11838.6,11852.45,11836.45,11845.0,15:10:00,11818.797805604549,4,72
2019-05-24,11840.45,11850.7,11837.15,11839.05,15:15:00,11820.859919356497,4,73
2019-05-24,11846.9,11848.25,11838.55,11840.85,15:20:00,11823.339927036828,4,74
2019-05-24,11845.3,11846.7,11839.7,11846.15,15:25:00,11825.43136255713,4,75
2019-05-27,11849.25,11851.6,11812.4,11849.25,09:15:00,11827.699804218357,0,1
2019-05-27,11869.9,11873.8,11847.85,11847.85,09:20:00,11831.718870483275,0,2
2019-05-27,11865.5,11876.65,11857.55,11870.85,09:25:00,11834.93612091344,0,3
2019-05-27,11861.75,11874.55,11859.25,11864.8,09:30:00,11837.489823683589,0,4
2019-05-27,11869.05,11870.6,11853.4,11861.7,09:35:00,11840.49555476134,0,5
2019-05-27,11871.5,11873.75,11862.1,11868.9,09:40:00,11843.448359069786,0,6
2019-05-27,11889.75,11891.65,11871.0,11871.0,09:45:00,11847.858039158378,0,7
2019-05-27,11887.95,11895.35,11887.2,11890.05,09:50:00,11851.676321143295,0,8
2019-05-27,11893.5,11897.9,11885.45,11887.45,09:55:00,11855.659528653458,0,9
2019-05-27,11884.55,11900.35,11884.55,11893.05,10:00:00,11858.411002115034,0,10
2019-05-27,11882.15,11888.2,11873.85,11884.85,10:05:00,11860.67185905646,0,11
2019-05-27,11886.45,11893.8,11882.45,11882.45,10:10:00,11863.1269200987,0,12
2019-05-27,11894.8,11895.0,11883.7,11886.3,10:15:00,11866.143403898825,0,13
2019-05-27,11885.75,11896.3,11883.5,11894.7,10:20:00,11868.010698765604,0,14
2019-05-27,11886.5,11886.55,11881.5,11885.85,10:25:00,11869.77158459745,0,15
2019-05-27,11887.55,11890.15,11885.05,11886.8,10:30:00,11871.46476701674,0,16
2019-05-27,11890.55,11895.35,11887.5,11887.5,10:35:00,11873.28240825324,0,17
2019-05-27,11883.05,11890.6,11876.85,11890.6,10:40:00,11874.212655086269,0,18
2019-05-27,11888.6,11889.85,11881.95,11883.15,10:45:00,11875.582878411384,0,19
2019-05-27,11887.45,11894.45,11887.45,11888.75,10:50:00,11876.713080467442,0,20
2019-05-27,11881.55,11888.4,11877.5,11887.65,10:55:00,11877.17373947054,0,21
2019-05-27,11886.4,11889.75,11880.5,11881.5,11:00:00,11878.052430949538,0,22
2019-05-27,11891.65,11892.8,11886.8,11887.0,11:05:00,11879.347437525772,0,23
2019-05-27,11888.8,11893.8,11888.75,11892.1,11:10:00,11880.247681570936,0,24
2019-05-27,11894.45,11894.5,11886.3,11887.8,11:15:00,11881.600283326086,0,25
2019-05-27,11909.2,11912.75,11894.55,11894.65,11:20:00,11884.22882777122,0,26
2019-05-27,11918.45,11918.45,11907.4,11909.8,11:25:00,11887.487987031103,0,27
2019-05-27,11918.5,11921.0,11915.65,11920.05,11:30:00,11890.441512075762,0,28
2019-05-27,11928.4,11929.8,11917.85,11918.25,11:35:00,11894.056606163784,0,29
2019-05-27,11933.3,11934.05,11924.7,11928.45,11:40:00,11897.794072243423,0,30
2019-05-27,11929.9,11940.05,11929.55,11933.25,11:45:00,11900.85177964881,0,31
2019-05-27,11922.4,11931.25,11922.25,11930.0,11:50:00,11902.903991110828,0,32
2019-05-27,11922.8,11924.45,11919.85,11922.45,11:55:00,11904.798849100272,0,33
2019-05-27,11928.4,11930.9,11922.25,11923.0,12:00:00,11907.046577757388,0,34
2019-05-27,11931.9,11932.6,11928.05,11928.8,12:05:00,11909.413570351922,0,35
2019-05-27,11933.55,11937.45,11931.45,11931.6,12:10:00,11911.712277937451,0,36
2019-05-27,11928.8,11933.9,11927.5,11933.7,12:15:00,11913.339680038647,0,37
2019-05-27,11925.3,11929.45,11924.15,11928.45,12:20:00,11914.478758130204,0,38
2019-05-27,11935.4,11936.05,11924.6,11924.95,12:25:00,11916.4712573559,0,39
2019-05-27,11932.1,11935.95,11929.85,11935.45,12:30:00,11917.95970903629,0,40
2019-05-27,11947.2,11947.7,11932.05,11932.05,12:35:00,11920.744498651882,0,41
2019-05-27,11946.15,11947.95,11943.4,11947.7,12:40:00,11923.164070208846,0,42
2019-05-27,11954.45,11957.15,11945.75,11945.75,12:45:00,11926.143682569907,0,43
2019-05-27,11932.45,11954.2,11932.2,11954.2,12:50:00,11926.744284229915,0,44
2019-05-27,11915.25,11938.65,11911.1,11932.15,12:55:00,11925.649590493733,0,45
2019-05-27,11929.7,11933.65,11911.95,11915.15,13:00:00,11926.035343780044,0,46
2019-05-27,11930.3,11937.4,11928.6,11930.0,13:05:00,11926.44150151528,0,47
2019-05-27,11943.5,11949.55,11929.95,11930.1,13:10:00,11928.066120418584,0,48
2019-05-27,11941.4,11943.7,11935.5,11943.7,13:15:00,11929.336013712053,0,49
2019-05-27,11936.45,11942.75,11935.4,11941.45,13:20:00,11930.013536215663,0,50
2019-05-27,11942.5,11945.25,11934.9,11936.2,13:25:00,11931.202723242744,0,51
2019-05-27,11931.55,11943.45,11921.2,11942.15,13:30:00,11931.235797219626,0,52
2019-05-27,11935.6,11940.7,11931.9,11931.9,13:35:00,11931.651435579664,0,53
2019-05-27,11929.15,11939.5,11927.5,11936.0,13:40:00,11931.413203619695,0,54
2019-05-27,11926.3,11932.1,11916.9,11928.95,13:45:00,11930.926231846392,0,55
2019-05-27,11933.35,11937.3,11926.25,11926.4,13:50:00,11931.15706690864,0,56
2019-05-27,11932.95,11942.2,11930.0,11934.45,13:55:00,11931.32782244115,0,57
2019-05-27,11941.15,11943.55,11933.8,11934.25,14:00:00,11932.263267922945,0,58
2019-05-27,11941.3,11947.35,11937.65,11941.5,14:05:00,11933.12390907314,0,59
2019-05-27,11944.25,11945.65,11938.35,11942.8,14:10:00,11934.18353678046,0,60
2019-05-27,11929.25,11944.35,11923.85,11944.35,14:15:00,11933.7136761347,0,61
2019-05-27,11929.55,11934.3,11926.45,11929.65,14:20:00,11933.317135550444,0,62
2019-05-27,11927.3,11931.15,11917.85,11931.15,14:25:00,11932.744075021828,0,63
2019-05-27,11945.9,11952.05,11927.85,11927.85,14:30:00,11933.997020257846,0,64
2019-05-27,11944.25,11947.45,11938.3,11945.75,14:35:00,11934.973494519005,0,65
2019-05-27,11927.85,11946.35,11924.5,11943.75,14:40:00,11934.295066469576,0,66
2019-05-27,11923.75,11932.3,11917.4,11927.95,14:45:00,11933.290774424851,0,67
2019-05-27,11930.25,11933.65,11920.95,11923.7,14:50:00,11933.001176860582,0,68
2019-05-27,11928.3,11932.55,11922.4,11930.55,14:55:00,11932.553445731002,0,69
2019-05-27,11941.0,11942.9,11927.55,11927.75,15:00:00,11933.357879470906,0,70
2019-05-27,11929.05,11942.05,11929.05,11941.85,15:05:00,11932.947605235582,0,71
2019-05-27,11923.6,11930.3,11920.5,11929.65,15:10:00,11932.057357117908,0,72
2019-05-27,11913.65,11925.0,11911.6,11923.2,15:15:00,11930.304275487631,0,73
2019-05-27,11918.6,11920.45,11909.6,11913.05,15:20:00,11929.189582584047,0,74
2019-05-27,11920.5,11922.65,11915.95,11918.8,15:25:00,11928.362003290327,0,75
2019-05-28,11939.15,11956.15,11917.85,11956.15,09:15:00,11929.389431548392,1,1
2019-05-28,11944.6,11945.35,11934.3,11941.9,09:20:00,11930.838057115212,1,2
2019-05-28,11937.8,11951.85,11936.25,11944.35,09:25:00,11931.501099294715,1,3
2019-05-28,11928.6,11940.75,11924.8,11936.8,09:30:00,11931.22480412379,1,4
2019-05-28,11903.8,11930.5,11901.55,11928.75,09:35:00,11928.612918016765,1,5
2019-05-28,11905.45,11912.65,11902.55,11904.5,09:40:00,11926.406925824693,1,6
2019-05-28,11923.95,11924.3,11900.05,11904.7,09:45:00,11926.172932889009,1,7
2019-05-28,11919.5,11932.45,11919.05,11923.35,09:50:00,11925.537415471008,1,8
2019-05-28,11915.8,11921.05,11913.85,11919.15,09:55:00,11924.610042569007,1,9
2019-05-28,11919.6,11921.55,11913.2,11915.5,10:00:00,11924.132895657674,1,10
2019-05-28,11912.85,11920.05,11910.4,11920.05,10:05:00,11923.058334166468,1,11
2019-05-28,11902.1,11912.65,11901.8,11912.65,10:10:00,11921.06230234109,1,12
2019-05-28,11905.05,11907.0,11891.55,11902.3,10:15:00,11919.53732116575,1,13
2019-05-28,11912.6,11915.4,11903.75,11904.3,10:20:00,11918.876623911869,1,14
2019-05-28,11921.5,11924.25,11911.2,11912.4,10:25:00,11919.126469253595,1,15
2019-05-28,11927.55,11929.4,11920.75,11922.25,10:30:00,11919.928710277063,1,16
2019-05-28,11915.6,11931.05,11914.3,11927.9,10:35:00,11919.51645215544,1,17
2019-05-28,11921.55,11923.65,11915.15,11915.15,10:40:00,11919.71012337873,1,18
2019-05-28,11916.1,11921.85,11914.55,11921.1,10:45:00,11919.366302104569,1,19
2019-05-28,11920.75,11923.5,11915.25,11915.45,10:50:00,11919.498082856511,1,20
2019-05-28,11918.0,11923.3,11912.5,11920.2,10:55:00,11919.355408298748,1,21
2019-05-28,11933.6,11936.45,11915.8,11916.95,11:00:00,11920.71203607982,1,22
2019-05-28,11924.45,11935.35,11921.75,11932.75,11:05:00,11921.068032643649,1,23
2019-05-28,11917.7,11926.65,11915.75,11924.75,11:10:00,11920.747267629966,1,24
2019-05-28,11924.0,11924.0,11917.2,11917.55,11:15:00,11921.057051665208,1,25
2019-05-28,11929.65,11933.55,11921.55,11923.85,11:20:00,11921.875427697092,1,26
2019-05-28,11921.7,11929.25,11921.3,11929.25,11:25:00,11921.858720297369,1,27
2019-05-28,11927.6,11928.8,11917.15,11921.45,11:30:00,11922.405508840477,1,28
2019-05-28,11923.55,11930.65,11922.25,11927.75,11:35:00,11922.514507998529,1,29
2019-05-28,11915.55,11923.6,11912.75,11923.25,11:40:00,11921.851221522476,1,30
2019-05-28,11918.65,11920.6,11913.55,11915.45,11:45:00,11921.546343282242,1,31
2019-05-28,11916.45,11918.65,11911.0,11918.45,11:50:00,11921.060977255362,1,32
2019-05-28,11901.6,11917.1,11898.8,11917.1,11:55:00,11919.20755085009,1,33
2019-05-28,11896.5,11904.1,11891.85,11901.45,12:00:00,11917.044926959605,1,34
2019-05-28,11901.75,11908.05,11895.15,11896.4,12:05:00,11915.588267249166,1,35
2019-05-28,11908.9,11913.1,11901.3,11901.9,12:10:00,11914.95128941591,1,36
2019-05-28,11910.65,11911.75,11903.3,11908.65,12:15:00,11914.541642804872,1,37
2019-05-28,11910.1,11911.35,11906.25,11910.95,12:20:00,11914.118629204408,1,38
2019-05-28,11908.4,11910.6,11903.25,11909.6,12:25:00,11913.573997851609,1,39
2019-05-28,11908.45,11917.75,11907.45,11908.5,12:30:00,11913.085998056216,1,40
2019-05-28,11902.05,11910.25,11898.45,11908.95,12:35:00,11912.03495062229,1,41
2019-05-28,11892.65,11902.6,11890.2,11901.7,12:40:00,11910.18876484874,1,42
2019-05-28,11886.45,11892.6,11879.8,11892.6,12:45:00,11907.92793010124,1,43
2019-05-28,11893.15,11896.55,11885.45,11886.9,12:50:00,11906.520508186835,1,44
2019-05-28,11903.1,11903.9,11885.0,11892.95,12:55:00,11906.194745502376,1,45
2019-05-28,11902.85,11906.9,11898.0,11903.15,13:00:00,11905.876198311673,1,46
2019-05-28,11910.2,11914.05,11903.55,11903.55,13:05:00,11906.287988948658,1,47
2019-05-28,11905.9,11920.1,11904.55,11910.4,13:10:00,11906.251037620214,1,48
2019-05-28,11913.7,11914.4,11901.0,11906.55,13:15:00,11906.960462608764,1,49
2019-05-28,11914.2,11920.65,11908.85,11913.6,13:20:00,11907.649942360307,1,50
2019-05-28,11921.95,11922.7,11913.45,11914.9,13:25:00,11909.011852611708,1,51
2019-05-28,11911.35,11921.8,11908.6,11921.05,13:30:00,11909.234533315352,1,52
2019-05-28,11908.15,11911.7,11900.3,11911.7,13:35:00,11909.131244428178,1,53
2019-05-28,11894.95,11910.05,11894.95,11907.8,13:40:00,11907.780649720731,1,54
2019-05-28,11894.85,11898.0,11889.9,11895.4,13:45:00,11906.54915927114,1,55
2019-05-28,11897.15,11900.3,11889.65,11895.0,13:50:00,11905.65400124532,1,56
2019-05-28,11897.55,11905.4,11893.75,11897.5,13:55:00,11904.882191602908,1,57
2019-05-28,11902.45,11903.7,11892.4,11897.35,14:00:00,11904.650554307394,1,58
2019-05-28,11896.3,11905.25,11894.35,11902.85,14:05:00,11903.855263420975,1,59
2019-05-28,11901.45,11903.3,11896.05,11896.05,14:10:00,11903.626190714216,1,60
2019-05-28,11898.6,11909.05,11895.6,11901.4,14:15:00,11903.147505884292,1,61
2019-05-28,11888.95,11901.85,11888.95,11899.3,14:20:00,11901.79536246674,1,62
2019-05-28,11874.85,11889.15,11866.9,11888.4,14:25:00,11899.229137469903,1,63
2019-05-28,11875.75,11880.25,11864.9,11874.1,14:30:00,11896.993029139438,1,64
2019-05-28,11877.15,11886.55,11874.55,11874.55,14:35:00,11895.103216840444,1,65
2019-05-28,11885.55,11890.2,11873.6,11877.45,14:40:00,11894.193386665163,1,66
2019-05-28,11889.55,11906.85,11884.8,11886.9,14:45:00,11893.75115936372,1,67
2019-05-28,11880.55,11897.6,11880.3,11890.15,14:50:00,11892.493906090984,1,68
2019-05-28,11894.45,11894.45,11877.75,11881.55,14:55:00,11892.680200748986,1,69
2019-05-28,11929.9,11930.25,11893.25,11894.95,15:00:00,11896.224943534797,1,70
2019-05-28,11935.55,11950.1,11928.55,11928.55,15:05:00,11899.970187007671,1,71
2019-05-28,11928.95,11937.8,11928.25,11936.4,15:10:00,11902.73016919742,1,72
2019-05-28,11924.4,11929.3,11915.35,11929.25,15:15:00,11904.793962607187,1,73
2019-05-28,11944.3,11945.0,11924.25,11924.6,15:20:00,11908.556442358884,1,74
2019-05-28,11941.2,11946.6,11933.45,11944.0,15:25:00,11911.665352610418,1,75
2019-05-29,11922.75,11922.75,11903.2,11903.2,09:15:00,11912.721033314188,2,1
2019-05-29,11914.1,11927.4,11906.7,11922.55,09:20:00,11912.852363474742,2,2
2019-05-29,11926.25,11928.15,11910.2,11913.55,09:25:00,11914.1283288581,2,3
2019-05-29,11914.4,11926.25,11914.35,11926.0,09:30:00,11914.154202300186,2,4
2019-05-29,11912.8,11920.35,11912.65,11914.1,09:35:00,11914.025230652547,2,5
2019-05-29,11912.25,11912.8,11907.85,11912.5,09:40:00,11913.856161066593,2,6
2019-05-29,11903.15,11917.4,11902.3,11911.65,09:45:00,11912.8365266793,2,7
2019-05-29,11902.95,11907.7,11896.45,11903.55,09:50:00,11911.894952709845,2,8
2019-05-29,11907.65,11910.7,11902.35,11903.95,09:55:00,11911.49067149938,2,9
2019-05-29,11900.55,11911.75,11899.65,11907.45,10:00:00,11910.448702785154,2,10
2019-05-29,11905.55,11907.75,11900.15,11900.8,10:05:00,11909.98215966276,2,11
2019-05-29,11900.8,11906.05,11900.2,11905.75,10:10:00,11909.107668266306,2,12
2019-05-29,11895.1,11900.85,11893.65,11900.4,10:15:00,11907.773604621896,2,13
2019-05-29,11900.65,11902.2,11890.35,11895.15,10:20:00,11907.095166086478,2,14
2019-05-29,11900.25,11904.4,11900.1,11901.0,10:25:00,11906.443245506813,2,15
2019-05-29,11911.3,11911.95,11898.6,11900.4,10:30:00,11906.905793553782,2,16
2019-05-29,11907.55,11912.55,11906.75,11911.45,10:35:00,11906.96714654866,2,17
2019-05-29,11917.1,11918.9,11906.7,11907.35,10:40:00,11907.932180210692,2,18
2019-05-29,11914.1,11917.15,11910.6,11917.15,10:45:00,11908.519591619195,2,19
2019-05-29,11912.8,11917.95,11912.8,11914.8,10:50:00,11908.927249560224,2,20
2019-05-29,11912.9,11914.15,11909.55,11912.9,10:55:00,11909.305606744963,2,21
2019-05-29,11908.2,11912.7,11907.85,11912.7,11:00:00,11909.200310864491,2,22
2019-05-29,11920.15,11925.25,11908.35,11908.35,11:05:00,11910.243138401209,2,23
2019-05-29,11922.35,11925.65,11918.65,11920.45,11:10:00,11911.39617283919,2,24
2019-05-29,11929.2,11931.9,11921.9,11922.55,11:15:00,11913.091775425934,2,25
2019-05-29,11917.8,11930.4,11917.6,11929.1,11:20:00,11913.54017776632,2,26
2019-05-29,11915.35,11919.55,11914.15,11917.2,11:25:00,11913.712541788576,2,27
2019-05-29,11920.65,11920.95,11914.9,11914.9,11:30:00,11914.373252094423,2,28
2019-05-29,11923.4,11927.1,11919.75,11920.7,11:35:00,11915.232942371144,2,29
2019-05-29,11922.5,11923.45,11919.0,11922.75,11:40:00,11915.925043097704,2,30
2019-05-29,11911.4,11922.45,11909.8,11922.4,11:45:00,11915.494086612209,2,31
2019-05-29,11911.9,11911.9,11902.9,11911.05,11:50:00,11915.15179264914,2,32
2019-05-29,11905.65,11912.0,11904.1,11911.45,11:55:00,11914.246860015888,2,33
2019-05-29,11906.75,11908.2,11904.6,11905.7,12:00:00,11913.532873347707,2,34
2019-05-29,11909.75,11910.9,11906.5,11907.1,12:05:00,11913.172599695548,2,35
2019-05-29,11906.25,11913.65,11905.7,11910.2,12:10:00,11912.513304486449,2,36
2019-05-29,11904.6,11908.8,11900.7,11906.05,12:15:00,11911.75965644012,2,37
2019-05-29,11899.55,11905.6,11892.9,11903.9,12:20:00,11910.59683201725,2,38
2019-05-29,11901.45,11902.5,11899.25,11899.8,12:25:00,11909.725705158466,2,39
2019-05-29,11906.1,11906.6,11899.25,11901.4,12:30:00,11909.380399905278,2,40
2019-05-29,11899.55,11905.9,11897.7,11905.9,12:35:00,11908.44417134287,2,41
2019-05-29,11890.65,11902.5,11888.75,11899.25,12:40:00,11906.749488357833,2,42
2019-05-29,11880.75,11891.75,11880.75,11890.8,12:45:00,11904.273346609469,2,43
2019-05-29,11888.45,11891.6,11880.25,11880.6,12:50:00,11902.766361218091,2,44
2019-05-29,11884.1,11888.35,11875.7,11888.35,12:55:00,11900.988612530657,2,45
2019-05-29,11888.75,11895.35,11884.55,11884.55,13:00:00,11899.823030384878,2,46
2019-05-29,11887.45,11892.25,11885.75,11888.85,13:05:00,11898.644646538698,2,47
2019-05-29,11879.0,11890.25,11878.85,11887.55,13:10:00,11896.773727820728,2,48
2019-05-29,11880.5,11885.35,11874.75,11878.85,13:15:00,11895.22384898066,2,49
2019-05-29,11875.45,11884.0,11872.2,11880.55,13:20:00,11893.340625268214,2,50
2019-05-29,11881.4,11885.75,11875.4,11875.9,13:25:00,11892.20342286172,2,51
2019-05-29,11893.55,11893.6,11878.65,11881.65,13:30:00,11892.33166830346,2,52
2019-05-29,11892.55,11896.75,11888.9,11893.75,13:35:00,11892.35246179837,2,53
2019-05-29,11887.0,11895.0,11884.15,11892.2,13:40:00,11891.842703531858,2,54
2019-05-29,11885.65,11890.3,11882.0,11886.85,13:45:00,11891.252922243111,2,55
2019-05-29,11886.3,11887.9,11879.05,11885.25,13:50:00,11890.781215362817,2,56
2019-05-29,11888.6,11888.6,11881.95,11886.35,13:55:00,11890.573480566356,2,57
2019-05-29,11889.15,11890.5,11885.95,11888.8,14:00:00,11890.437910988609,2,58
2019-05-29,11887.9,11889.25,11883.2,11889.25,14:05:00,11890.196205180167,2,59
2019-05-29,11892.3,11893.15,11887.5,11888.0,14:10:00,11890.39656659158,2,60
2019-05-29,11888.3,11895.5,11886.8,11892.45,14:15:00,11890.19689358286,2,61
2019-05-29,11869.45,11888.8,11865.3,11888.35,14:20:00,11888.22099895592,2,62
2019-05-29,11872.55,11877.1,11868.35,11869.25,14:25:00,11886.72852286488,2,63
2019-05-29,11875.95,11879.9,11870.3,11872.2,14:30:00,11885.701996877748,2,64
2019-05-29,11866.8,11879.8,11866.8,11875.7,14:35:00,11883.901806698914,2,65
2019-05-29,11857.85,11868.45,11856.5,11867.25,14:40:00,11881.4206822514,2,66
2019-05-29,11858.05,11865.2,11855.85,11856.35,14:45:00,11879.194902989362,2,67
2019-05-29,11838.8,11857.45,11838.2,11857.35,14:50:00,11875.347769371328,2,68
2019-05-29,11858.0,11858.55,11836.8,11838.35,14:55:00,11873.695600859774,2,69
2019-05-29,11863.0,11870.9,11857.1,11857.1,15:00:00,11872.676972206464,2,70
2019-05-29,11853.75,11862.85,11848.35,11862.05,15:05:00,11870.874403424896,2,71
2019-05-29,11862.1,11864.15,11852.05,11853.15,15:10:00,11870.03874595586,2,72
2019-05-29,11863.45,11865.45,11854.45,11861.55,15:15:00,11869.411246341017,2,73
2019-05-29,11867.55,11868.85,11860.75,11864.05,15:20:00,11869.233984784729,2,74
2019-05-29,11861.95,11867.45,11859.15,11866.75,15:25:00,11868.540271948086,2,75
2019-05-30,11882.9,11889.1,11859.4,11859.4,09:15:00,11869.907865095887,3,1
2019-05-30,11871.85,11885.1,11871.85,11883.05,09:20:00,11870.092830324851,3,2
2019-05-30,11874.45,11876.8,11870.0,11872.75,09:25:00,11870.50779886534,3,3
2019-05-30,11874.6,11883.45,11872.2,11874.0,09:30:00,11870.897532306735,3,4
2019-05-30,11888.6,11888.75,11874.1,11874.75,09:35:00,11872.583481610858,3,5
2019-05-30,11899.75,11902.65,11888.35,11889.15,09:40:00,11875.170769076492,3,6
2019-05-30,11900.15,11907.35,11899.75,11900.1,09:45:00,11877.54974345016,3,7
2019-05-30,11905.35,11906.1,11897.7,11899.8,09:50:00,11880.197386931097,3,8
2019-05-30,11906.45,11911.65,11904.3,11905.2,09:55:00,11882.697635794802,3,9
2019-05-30,11910.6,11914.25,11903.05,11905.5,10:00:00,11885.355003814346,3,10
2019-05-30,11906.6,11913.25,11906.3,11910.5,10:05:00,11887.378336784408,3,11
2019-05-30,11916.95,11919.05,11905.4,11906.2,10:10:00,11890.194685662083,3,12
2019-05-30,11926.55,11926.55,11915.3,11917.5,10:15:00,11893.65709655141,3,13
2019-05-30,11915.4,11928.3,11915.05,11926.6,10:20:00,11895.727849260798,3,14
2019-05-30,11920.0,11921.6,11912.4,11914.7,10:25:00,11898.039482664532,3,15
2019-05-30,11912.5,11921.8,11912.5,11920.4,10:30:00,11899.41667479172,3,16
2019-05-30,11910.7,11914.15,11908.5,11912.25,10:35:00,11900.491277192508,3,17
2019-05-30,11914.4,11917.75,11911.05,11911.55,10:40:00,11901.81591745989,3,18
2019-05-30,11907.75,11916.9,11906.15,11913.65,10:45:00,11902.381068177994,3,19
2019-05-30,11910.15,11914.85,11906.95,11907.6,10:50:00,11903.120966446755,3,20
2019-05-30,11913.75,11914.4,11909.45,11910.35,10:55:00,11904.133255356588,3,21
2019-05-30,11912.05,11915.9,11911.15,11913.3,11:00:00,11904.887231036912,3,22
2019-05-30,11916.75,11917.1,11911.45,11911.8,11:05:00,11906.017018557206,3,23
2019-05-30,11920.4,11922.5,11916.65,11916.95,11:10:00,11907.386826313665,3,24
2019-05-30,11915.3,11923.1,11914.75,11920.2,11:15:00,11908.140461902838,3,25
2019-05-30,11916.25,11917.15,11912.85,11915.65,11:20:00,11908.912798864472,3,26
2019-05-30,11917.55,11918.4,11915.6,11916.5,11:25:00,11909.735389448808,3,27
2019-05-30,11914.2,11917.45,11913.05,11917.05,11:30:00,11910.160590453685,3,28
2019-05-30,11917.25,11918.35,11913.8,11914.4,11:35:00,11910.83577231524,3,29
2019-05-30,11911.4,11917.65,11908.65,11917.05,11:40:00,11910.889508285216,3,30
2019-05-30,11911.1,11911.2,11906.95,11910.9,11:45:00,11910.909555115197,3,31
2019-05-30,11905.85,11911.55,11905.2,11910.1,11:50:00,11910.427692723271,3,32
2019-05-30,11912.2,11912.6,11904.25,11906.45,11:55:00,11910.596483892485,3,33
2019-05-30,11917.75,11918.0,11912.3,11912.3,12:00:00,11911.277771140818,3,34
2019-05-30,11925.2,11926.0,11916.95,11917.6,12:05:00,11912.603697698836,3,35
2019-05-30,11928.7,11928.7,11924.65,11924.85,12:10:00,11914.136678870374,3,36
2019-05-30,11939.15,11940.7,11928.85,11929.0,12:15:00,11916.51889993034,3,37
2019-05-30,11939.7,11939.7,11931.95,11938.75,12:20:00,11918.726623746496,3,38
2019-05-30,11942.25,11944.85,11939.5,11939.5,12:25:00,11920.96694529445,3,39
2019-05-30,11943.2,11944.95,11940.6,11942.7,12:30:00,11923.084379075932,3,40
2019-05-30,11941.9,11945.35,11939.25,11943.65,12:35:00,11924.87634297346,3,41
2019-05-30,11941.6,11942.2,11936.35,11941.5,12:40:00,11926.469072214082,3,42
2019-05-30,11945.2,11947.55,11941.35,11941.35,12:45:00,11928.252970098456,3,43
2019-05-30,11946.7,11946.7,11941.75,11944.95,12:50:00,11930.00983008908,3,44
2019-05-30,11942.95,11946.7,11941.6,11946.4,12:55:00,11931.24222722345,3,45
2019-05-30,11938.0,11946.6,11936.1,11943.45,13:00:00,11931.885824630745,3,46
2019-05-30,11947.5,11947.65,11937.65,11938.1,13:05:00,11933.372888951624,3,47
2019-05-30,11953.15,11955.85,11946.9,11947.4,13:10:00,11935.256423337183,3,48
2019-05-30,11956.55,11957.1,11946.05,11953.55,13:15:00,11937.284383019356,3,49
2019-05-30,11954.15,11957.5,11949.8,11957.45,13:20:00,11938.890632255609,3,50
2019-05-30,11952.55,11955.15,11949.4,11954.1,13:25:00,11940.191524421742,3,51
2019-05-30,11956.65,11959.75,11951.95,11952.8,13:30:00,11941.758998286336,3,52
2019-05-30,11964.5,11964.5,11956.4,11956.75,13:35:00,11943.924807973352,3,53
2019-05-30,11964.55,11967.7,11961.4,11964.55,13:40:00,11945.889111975892,3,54
2019-05-30,11955.95,11968.55,11955.95,11964.5,13:45:00,11946.847291787712,3,55
2019-05-30,11956.4,11958.0,11950.15,11956.0,13:50:00,11947.757073522216,3,56
2019-05-30,11952.15,11960.3,11949.55,11956.35,13:55:00,11948.17544747248,3,57
2019-05-30,11946.25,11956.8,11944.25,11951.5,14:00:00,11947.99207152272,3,58
2019-05-30,11948.95,11949.15,11942.05,11946.95,14:05:00,11948.08330280627,3,59
2019-05-30,11959.55,11960.55,11949.25,11949.25,14:10:00,11949.175369205672,3,60
2019-05-30,11961.1,11966.15,11959.3,11959.65,14:15:00,11950.31104832894,3,61
2019-05-30,11961.3,11964.45,11957.65,11961.95,14:20:00,11951.357615154757,3,62
2019-05-30,11955.0,11963.1,11952.8,11961.5,14:25:00,11951.70450894954,3,63
2019-05-30,11965.4,11966.6,11955.35,11955.35,14:30:00,11953.008841430536,3,64
2019-05-30,11960.1,11967.35,11956.1,11965.6,14:35:00,11953.684189865722,3,65
2019-05-30,11953.7,11960.5,11951.15,11960.2,14:40:00,11953.685695592798,3,66
2019-05-30,11930.5,11954.8,11930.5,11954.3,14:45:00,11951.47753410777,3,67
2019-05-30,11934.95,11937.65,11930.25,11931.55,14:50:00,11949.903483240363,3,68
2019-05-30,11933.75,11934.85,11921.1,11934.5,14:55:00,11948.36505626509,3,69
2019-05-30,11948.4,11949.15,11920.8,11933.3,15:00:00,11948.368384239842,3,70
2019-05-30,11945.9,11955.8,11945.75,11948.3,15:05:00,11948.133300026524,3,71
2019-05-30,11945.3,11955.65,11942.75,11945.65,15:10:00,11947.86346192876,3,72
2019-05-30,11944.15,11946.2,11941.05,11944.65,15:15:00,11947.509798887926,3,73
2019-05-30,11945.65,11947.35,11942.3,11943.15,15:20:00,11947.332675184314,3,74
2019-05-30,11946.75,11949.85,11944.2,11945.7,15:25:00,11947.277182309615,3,75
2019-05-31,12003.05,12011.85,11985.25,11989.15,09:15:00,11952.588879232511,4,1
2019-05-31,12016.9,12022.1,12001.85,12003.55,09:20:00,11958.713747877036,4,2
2019-05-31,12029.35,12030.65,12015.95,12017.05,09:25:00,11965.441009983984,4,3
2019-05-31,12026.75,12033.45,12026.65,12029.75,09:30:00,11971.27996141408,4,4
2019-05-31,12027.35,12027.35,12018.35,12026.55,09:35:00,11976.61996508893,4,5
2019-05-31,12025.0,12028.45,12020.95,12026.7,09:40:00,11981.227587461412,4,6
2019-05-31,12024.7,12030.85,12022.3,12024.8,09:45:00,11985.367817226994,4,7
2019-05-31,12031.95,12034.5,12024.85,12024.85,09:50:00,11989.804215586328,4,8
2019-05-31,12026.55,12032.7,12026.2,12031.85,09:55:00,11993.303814101915,4,9
2019-05-31,12030.35,12030.85,12024.4,12026.95,10:00:00,11996.832022282686,4,10
2019-05-31,12034.5,12039.25,12030.4,12030.7,10:05:00,12000.419448731956,4,11
2019-05-31,12033.4,12034.35,12029.15,12034.2,10:10:00,12003.560453614626,4,12
2019-05-31,12020.45,12035.05,12018.75,12033.6,10:15:00,12005.168981841804,4,13
2019-05-31,12013.85,12021.6,12011.2,12020.55,10:20:00,12005.99574547592,4,14
2019-05-31,12020.1,12021.25,12013.1,12013.55,10:25:00,12007.339007811544,4,15
2019-05-31,12013.25,12019.95,12007.65,12019.95,10:30:00,12007.90195944854,4,16
2019-05-31,12011.5,12017.75,12010.45,12013.7,10:35:00,12008.244629977253,4,17
2019-05-31,12013.05,12014.9,12009.9,12011.45,10:40:00,12008.702284265131,4,18
2019-05-31,12016.45,12016.85,12011.5,12011.6,10:45:00,12009.440161954168,4,19
2019-05-31,12008.3,12016.6,12006.65,12016.3,10:50:00,12009.331575101389,4,20
2019-05-31,12012.9,12013.65,12006.35,12008.6,10:55:00,12009.671425091734,4,21
2019-05-31,12018.85,12019.0,12011.65,12012.7,11:00:00,12010.545575082995,4,22
2019-05-31,12020.65,12025.15,12018.7,12018.75,11:05:00,12011.50790126557,4,23
2019-05-31,12025.6,12026.7,12019.35,12020.4,11:10:00,12012.850005906945,4,24
2019-05-31,12028.5,12029.35,12023.95,12025.65,11:15:00,12014.340481534851,4,25
2019-05-31,12023.9,12030.35,12022.75,12028.8,11:20:00,12015.250911864863,4,26
2019-05-31,12024.9,12026.7,12020.55,12023.75,11:25:00,12016.16987263964,4,27
2019-05-31,12024.95,12027.3,12023.85,12025.25,11:30:00,12017.00607524539,4,28
2019-05-31,12022.5,12029.0,12022.5,12025.05,11:35:00,12017.5293061744,4,29
2019-05-31,12012.25,12024.7,12011.55,12022.85,11:40:00,12017.026515110172,4,30
2019-05-31,12001.35,12013.1,11991.95,12012.7,11:45:00,12015.53351367111,4,31
2019-05-31,11981.4,12002.25,11981.4,12001.3,11:50:00,12012.28270284529,4,32
2019-05-31,11942.5,11982.7,11942.5,11981.1,11:55:00,12005.636731145738,4,33
2019-05-31,11917.6,11941.75,11829.45,11941.75,12:00:00,11997.25228056043,4,34
2019-05-31,11911.2,11945.35,11898.7,11917.35,12:05:00,11989.05682526896,4,35
2019-05-31,11911.65,11929.8,11904.6,11910.7,12:10:00,11981.684746671915,4,36
2019-05-31,11936.45,11936.7,11908.15,11912.35,12:15:00,11977.376675560306,4,37
2019-05-31,11927.2,11944.6,11914.75,11936.3,12:20:00,11972.597944554562,4,38
2019-05-31,11923.9,11930.95,11915.7,11926.8,12:25:00,11967.960045073176,4,39
2019-05-31,11917.7,11935.5,11916.85,11923.5,12:30:00,11963.173374113823,4,40
2019-05-31,11922.5,11926.65,11915.65,11917.6,12:35:00,11959.299719436318,4,41
2019-05-31,11924.0,11930.2,11917.75,11922.45,12:40:00,11955.937841394763,4,42
2019-05-31,11926.65,11933.8,11921.85,11923.65,12:45:00,11953.14852316669,4,43
2019-05-31,11919.0,11956.0,11905.45,11926.8,12:50:00,11949.8962828651,4,44
2019-05-31,11924.15,11933.95,11910.6,11919.3,12:55:00,11947.444255925568,4,45
2019-05-31,11932.85,11940.1,11920.4,11923.8,13:00:00,11946.0543267898,4,46
2019-05-31,11932.75,11945.35,11927.2,11933.3,13:05:00,11944.787248047916,4,47
2019-05-31,11931.05,11939.05,11920.6,11932.2,13:10:00,11943.478938710015,4,48
2019-05-31,11913.9,11936.45,11911.2,11930.8,13:15:00,11940.66189692811,4,49
2019-05-31,11878.65,11913.85,11873.0,11913.8,13:20:00,11934.756001982574,4,50
2019-05-31,11884.65,11885.75,11873.95,11878.35,13:25:00,11929.98400179376,4,51
2019-05-31,11883.4,11890.75,11875.2,11884.9,13:30:00,11925.547430194352,4,52
2019-05-31,11892.7,11896.85,11880.1,11883.05,13:35:00,11922.419103509175,4,53
2019-05-31,11899.85,11902.6,11881.95,11892.35,13:40:00,11920.26966507973,4,54
2019-05-31,11904.85,11911.25,11896.65,11900.3,13:45:00,11918.801125548329,4,55
2019-05-31,11921.25,11922.4,11904.55,11904.55,13:50:00,11919.03435168658,4,56
2019-05-31,11901.75,11922.3,11901.75,11921.35,13:55:00,11917.388222954529,4,57
2019-05-31,11913.7,11915.1,11898.3,11902.3,14:00:00,11917.036963625524,4,58
2019-05-31,11922.45,11923.2,11908.65,11913.55,14:05:00,11917.552490899285,4,59
2019-05-31,11909.3,11922.6,11909.3,11922.6,14:10:00,11916.766539385066,4,60
2019-05-31,11891.9,11909.5,11890.6,11909.5,14:15:00,11914.398297538868,4,61
2019-05-31,11891.05,11901.65,11882.75,11891.75,14:20:00,11912.174650154217,4,62
2019-05-31,11895.4,11899.9,11889.7,11891.7,14:25:00,11910.577064425242,4,63
2019-05-31,11900.95,11902.35,11894.45,11895.45,14:30:00,11909.660201146648,4,64
2019-05-31,11907.35,11913.2,11901.7,11901.7,14:35:00,11909.440181989825,4,65
2019-05-31,11915.8,11925.0,11905.85,11907.1,14:40:00,11910.045878943174,4,66
2019-05-31,11908.85,11922.45,11906.1,11915.45,14:45:00,11909.931985710493,4,67
2019-05-31,11912.65,11912.95,11905.05,11909.05,14:50:00,11910.190844214254,4,68
2019-05-31,11898.5,11913.5,11895.35,11913.4,14:55:00,11909.077430479563,4,69
2019-05-31,11920.65,11921.0,11897.45,11897.45,15:00:00,11910.1795799577,4,70
2019-05-31,11915.5,11921.6,11909.9,11921.1,15:05:00,11910.686286628395,4,71
2019-05-31,11921.35,11922.35,11914.75,11915.45,15:10:00,11911.701878378071,4,72
2019-05-31,11925.95,11933.85,11920.75,11921.6,15:15:00,11913.058842342069,4,73
2019-05-31,11935.7,11937.8,11925.5,11926.6,15:20:00,11915.215143071397,4,74
2019-05-31,11919.35,11936.35,11919.35,11935.3,15:25:00,11915.608938969355,4,75
2019-06-03,11938.5,11954.6,11920.1,11940.1,09:15:00,11917.789040019894,0,1
2019-06-03,11962.5,11964.15,11938.75,11941.35,09:20:00,11922.047226684666,0,2
2019-06-03,11965.15,11973.65,11956.1,11962.8,09:25:00,11926.152252714695,0,3
2019-06-03,11962.9,11971.7,11961.35,11964.9,09:30:00,11929.65203817044,0,4
2019-06-03,11961.85,11972.25,11961.65,11962.7,09:35:00,11932.718510725635,0,5
2019-06-03,11968.5,11971.75,11958.0,11962.4,09:40:00,11936.12627160891,0,6
2019-06-03,11963.3,11970.3,11962.8,11968.75,09:45:00,11938.714245741394,0,7
2019-06-03,11962.5,11969.6,11960.2,11963.8,09:50:00,11940.979555670783,0,8
2019-06-03,11962.95,11964.95,11954.85,11963.05,09:55:00,11943.071978940236,0,9
2019-06-03,11969.7,11972.45,11962.2,11962.2,10:00:00,11945.607980945928,0,10
2019-06-03,11966.95,11969.25,11962.5,11968.7,10:05:00,11947.640554189173,0,11
2019-06-03,11976.2,11977.45,11966.8,11967.0,10:10:00,11950.360501409252,0,12
2019-06-03,11983.9,11984.3,11973.9,11976.65,10:15:00,11953.554739370276,0,13
2019-06-03,11975.9,11986.65,11975.15,11984.1,10:20:00,11955.68285943025,0,14
2019-06-03,11972.35,11976.55,11970.35,11976.0,10:25:00,11957.27020615118,0,15
2019-06-03,11967.1,11972.7,11961.25,11972.7,10:30:00,11958.206376993923,0,16
2019-06-03,11974.65,11974.7,11964.15,11966.95,10:35:00,11959.772436327836,0,17
2019-06-03,11974.55,11975.55,11969.4,11974.5,10:40:00,11961.179823344231,0,18
2019-06-03,11982.95,11983.4,11974.65,11974.9,10:45:00,11963.253173501924,0,19
2019-06-03,11981.85,11984.65,11978.8,11983.05,10:50:00,11965.024299835071,0,20
2019-06-03,11983.25,11988.55,11981.0,11982.0,10:55:00,11966.760080803162,0,21
2019-06-03,11988.05,11988.4,11980.95,11984.05,11:00:00,11968.787692155242,0,22
2019-06-03,11992.35,11993.75,11987.55,11987.85,11:05:00,11971.03172147379,0,23
2019-06-03,11994.8,11996.25,11991.4,11991.95,11:10:00,11973.295367047716,0,24
2019-06-03,11992.65,11995.35,11984.35,11995.05,11:15:00,11975.13866542412,0,25
2019-06-03,12000.75,12006.55,11992.75,11992.8,11:20:00,11977.577840145634,0,26
2019-06-03,12000.45,12002.9,11999.15,12001.0,11:25:00,11979.756141084144,0,27
2019-06-03,12005.8,12010.6,12000.7,12000.7,11:30:00,11982.23650859994,0,28
2019-06-03,12007.2,12012.9,12005.55,12005.6,11:35:00,11984.613983971372,0,29
2019-06-03,12003.45,12008.6,12003.35,12007.7,11:40:00,11986.407890259812,0,30
2019-06-03,11998.3,12004.95,11998.15,12003.8,11:45:00,11987.54047213983,0,31
2019-06-03,12002.05,12002.25,11997.15,11998.6,11:50:00,11988.922331936035,0,32
2019-06-03,12000.25,12005.3,11999.6,12002.2,11:55:00,11990.001157465937,0,33
2019-06-03,12003.5,12005.9,11998.35,12000.0,12:00:00,11991.2867615168,0,34
2019-06-03,12011.35,12011.5,12001.75,12001.8,12:05:00,11993.197546134248,0,35
2019-06-03,12017.9,12018.95,12009.8,12011.65,12:10:00,11995.55016078813,0,36
2019-06-03,12022.0,12022.55,12018.15,12018.45,12:15:00,11998.069193094025,0,37
2019-06-03,12021.2,12025.7,12019.95,12023.0,12:20:00,12000.272127085069,0,38
2019-06-03,12015.3,12020.95,12013.45,12020.9,12:25:00,12001.703353076966,0,39
2019-06-03,12015.15,12018.05,12012.75,12014.9,12:30:00,12002.983986117257,0,40
2019-06-03,12012.7,12018.25,12011.85,12015.1,12:35:00,12003.909320772753,0,41
2019-06-03,12010.3,12014.05,12007.4,12012.5,12:40:00,12004.517956889636,0,42
2019-06-03,12012.4,12012.75,12006.2,12010.15,12:45:00,12005.26862766205,0,43
2019-06-03,12018.05,12019.0,12012.55,12012.8,12:50:00,12006.485901218046,0,44
2019-06-03,12020.8,12021.5,12014.7,12018.2,12:55:00,12007.84914872109,0,45
2019-06-03,12015.2,12020.85,12013.55,12020.85,13:00:00,12008.549229795271,0,46
2019-06-03,12022.85,12023.5,12014.5,12015.35,13:05:00,12009.911207910009,0,47
2019-06-03,12022.4,12025.8,12021.9,12023.7,13:10:00,12011.100616680484,0,48
2019-06-03,12006.15,12023.65,12000.05,12023.05,13:15:00,12010.62912937758,0,49
2019-06-03,12010.0,12014.25,12006.4,12007.35,13:20:00,12010.569212294002,0,50
2019-06-03,12017.1,12021.7,12010.0,12011.2,13:25:00,12011.191192075526,0,51
2019-06-03,12016.8,12021.0,12015.15,12017.7,13:30:00,12011.725364258811,0,52
2019-06-03,12010.1,12017.8,12004.9,12017.8,13:35:00,12011.570567662731,0,53
2019-06-03,12013.4,12013.5,12008.75,12010.95,13:40:00,12011.7447993139,0,54
2019-06-03,12019.85,12019.85,12013.4,12014.5,13:45:00,12012.516723188768,0,55
2019-06-03,12028.7,12033.8,12019.7,12020.1,13:50:00,12014.057987646982,0,56
2019-06-03,12028.1,12030.55,12022.65,12029.7,13:55:00,12015.395322156794,0,57
2019-06-03,12046.5,12050.0,12029.3,12029.7,14:00:00,12018.357672427575,0,58
2019-06-03,12046.3,12047.75,12041.95,12047.75,14:05:00,12021.018846482091,0,59
2019-06-03,12053.9,12054.6,12042.85,12047.05,14:10:00,12024.15038491237,0,60
2019-06-03,12056.95,12069.0,12053.95,12053.95,14:15:00,12027.274157777858,0,61
2019-06-03,12061.4,12061.4,12052.8,12057.75,14:20:00,12030.524237989492,0,62
2019-06-03,12068.55,12069.05,12060.75,12060.75,14:25:00,12034.14573913335,0,63
2019-06-03,12069.7,12077.75,12067.85,12067.85,14:30:00,12037.531859215887,0,64
2019-06-03,12073.25,12073.25,12064.4,12070.15,14:35:00,12040.933586909614,0,65
2019-06-03,12073.65,12081.85,12073.4,12073.85,14:40:00,12044.049435775363,0,66
2019-06-03,12072.25,12078.65,12072.2,12073.6,14:45:00,12046.73520379676,0,67
2019-06-03,12063.75,12072.8,12059.7,12072.8,14:50:00,12048.35566057802,0,68
2019-06-03,12064.15,12073.95,12064.15,12064.25,14:55:00,12049.859883380112,0,69
2019-06-03,12072.05,12074.65,12064.35,12064.35,15:00:00,12051.973227820105,0,70
2019-06-03,12082.6,12083.3,12071.75,12072.45,15:05:00,12054.890063265808,0,71
2019-06-03,12088.85,12092.9,12081.25,12082.5,15:10:00,12058.12434295478,0,72
2019-06-03,12092.4,12098.35,12088.25,12088.4,15:15:00,12061.3886912448,0,73
2019-06-03,12096.85,12103.05,12092.2,12092.25,15:20:00,12064.765958745296,0,74
2019-06-03,12092.8,12097.85,12091.6,12096.45,15:25:00,12067.43586743622,0,75
2019-06-04,12071.8,12072.5,12042.9,12047.8,09:15:00,12067.85149910896,1,1
2019-06-04,12078.8,12092.65,12070.25,12070.25,09:20:00,12068.894213479536,1,2
2019-06-04,12069.65,12080.65,12068.75,12079.3,09:25:00,12068.966193148151,1,3
2019-06-04,12079.75,12081.35,12068.85,12068.85,09:30:00,12069.993222372135,1,4
2019-06-04,12082.6,12095.2,12078.55,12079.5,09:35:00,12071.193867860506,1,5
2019-06-04,12074.25,12082.3,12070.9,12082.3,09:40:00,12071.484928064268,1,6
2019-06-04,12066.6,12076.1,12060.45,12074.75,09:45:00,12071.01969682005,1,7
2019-06-04,12069.55,12069.85,12063.2,12066.85,09:50:00,12070.879725694333,1,8
2019-06-04,12061.8,12069.95,12058.7,12069.4,09:55:00,12070.01498991392,1,9
2019-06-04,12058.7,12065.6,12057.8,12061.6,10:00:00,12068.93737182688,1,10
2019-06-04,12047.0,12059.1,12043.65,12056.8,10:05:00,12066.84809831956,1,11
2019-06-04,12053.3,12057.55,12046.7,12046.7,10:10:00,12065.557803241503,1,12
2019-06-04,12048.6,12052.8,12044.95,12052.8,10:15:00,12063.94277436136,1,13
2019-06-04,12046.4,12052.1,12045.8,12048.35,10:20:00,12062.272033945994,1,14
2019-06-04,12044.35,12050.05,12041.35,12046.25,10:25:00,12060.565173570183,1,15
2019-06-04,12049.15,12049.15,12042.85,12044.4,10:30:00,12059.478014182549,1,16
2019-06-04,12054.0,12056.0,12047.9,12048.6,10:35:00,12058.956298546116,1,17
2019-06-04,12051.15,12053.9,12049.1,12053.9,10:40:00,12058.212841541725,1,18
2019-06-04,12046.1,12050.8,12040.95,12050.8,10:45:00,12057.05923758537,1,19
2019-06-04,12045.8,12048.85,12043.6,12045.95,10:50:00,12055.986929243909,1,20
2019-06-04,12045.7,12047.85,12044.05,12045.6,10:55:00,12055.00722169687,1,21
2019-06-04,12040.7,12046.3,12035.65,12045.55,11:00:00,12053.64462915431,1,22
2019-06-04,12040.85,12044.95,12039.25,12040.35,11:05:00,12052.426093044376,1,23
2019-06-04,12037.5,12041.75,12035.6,12041.1,11:10:00,12051.004560373482,1,24
2019-06-04,12029.0,12039.3,12025.55,12038.3,11:15:00,12048.90888795696,1,25
2019-06-04,12028.7,12031.85,12024.75,12029.25,11:20:00,12046.984231961058,1,26
2019-06-04,12036.45,12039.3,12029.55,12029.55,11:25:00,12045.980971774292,1,27
2019-06-04,12047.5,12052.95,12036.35,12036.35,11:30:00,12046.125641129122,1,28
2019-06-04,12045.85,12049.2,12044.8,12047.6,11:35:00,12046.099389593017,1,29
2019-06-04,12038.2,12046.1,12035.25,12045.55,11:40:00,12045.347066774631,1,30
2019-06-04,12040.15,12040.45,12033.7,12037.95,11:45:00,12044.85210803419,1,31
2019-06-04,12040.1,12044.0,12038.75,12038.95,11:50:00,12044.399526316647,1,32
2019-06-04,12040.75,12042.5,12039.25,12040.25,11:55:00,12044.051952381731,1,33
2019-06-04,12037.7,12041.9,12035.7,12040.95,12:00:00,12043.447004535852,1,34
2019-06-04,12032.7,12037.75,12027.25,12036.9,12:05:00,12042.423480294345,1,35
2019-06-04,12029.75,12036.65,12029.25,12033.0,12:10:00,12041.216482171072,1,36
2019-06-04,12034.45,12034.95,12028.15,12029.5,12:15:00,12040.572055297636,1,37
2019-06-04,12031.9,12037.85,12031.45,12033.5,12:20:00,12039.74614526929,1,38
2019-06-04,12032.45,12035.35,12031.35,12032.15,12:25:00,12039.051274291263,1,39
2019-06-04,12025.2,12032.75,12024.25,12032.25,12:30:00,12037.732105311145,1,40
2019-06-04,12025.75,12027.05,12020.3,12023.9,12:35:00,12036.590952424369,1,41
2019-06-04,12024.4,12026.75,12018.5,12025.9,12:40:00,12035.429909336332,1,42
2019-06-04,12042.3,12042.55,12024.45,12024.45,12:45:00,12036.084203685254,1,43
2019-06-04,12046.5,12052.05,12042.15,12042.15,12:50:00,12037.076184286658,1,44
2019-06-04,12051.95,12053.95,12042.75,12046.7,12:55:00,12038.492738164116,1,45
2019-06-04,12067.4,12068.5,12051.6,12051.6,13:00:00,12041.245810719916,1,46
2019-06-04,12056.8,12070.85,12055.25,12067.8,13:05:00,12042.727162079922,1,47
2019-06-04,12054.95,12060.8,12053.45,12058.5,13:10:00,12043.891241881836,1,48
2019-06-04,12054.15,12059.9,12054.15,12056.85,13:15:00,12044.868266464517,1,49
2019-06-04,12064.35,12065.4,12055.25,12056.05,13:20:00,12046.723669658371,1,50
2019-06-04,12045.1,12067.05,12043.45,12066.05,13:25:00,12046.569034452814,1,51
2019-06-04,12043.05,12047.9,12037.0,12047.9,13:30:00,12046.233888314451,1,52
2019-06-04,12048.6,12053.35,12043.15,12043.2,13:35:00,12046.459232284504,1,53
2019-06-04,12049.5,12052.25,12045.05,12049.05,13:40:00,12046.748829209788,1,54
2019-06-04,12046.75,12050.7,12041.05,12050.6,13:45:00,12046.748940713616,1,55
2019-06-04,12057.4,12059.8,12046.5,12047.45,13:50:00,12047.76332731232,1,56
2019-06-04,12052.5,12058.95,12050.65,12058.6,13:55:00,12048.214438996862,1,57
2019-06-04,12051.8,12061.05,12050.6,12052.4,14:00:00,12048.55592099716,1,58
2019-06-04,12053.05,12057.95,12052.05,12052.05,14:05:00,12048.98392852124,1,59
2019-06-04,12043.55,12057.25,12043.55,12054.2,14:10:00,12048.466411519215,1,60
2019-06-04,12047.6,12048.9,12040.05,12043.05,14:15:00,12048.383896136434,1,61
2019-06-04,12053.25,12055.25,12047.3,12047.75,14:20:00,12048.84733459963,1,62
2019-06-04,12053.8,12054.65,12049.05,12053.8,14:25:00,12049.319017018714,1,63
2019-06-04,12043.9,12056.55,12042.9,12054.05,14:30:00,12048.802920159787,1,64
2019-06-04,12035.7,12043.8,12028.75,12043.8,14:35:00,12047.555023001712,1,65
2019-06-04,12039.7,12042.15,12034.3,12035.9,14:40:00,12046.806925572975,1,66
2019-06-04,12037.6,12047.0,12035.4,12039.8,14:45:00,12045.930075518409,1,67
2019-06-04,12033.1,12037.9,12027.8,12037.05,14:50:00,12044.708163564272,1,68
2019-06-04,12035.05,12039.8,12031.6,12032.95,14:55:00,12043.788338462911,1,69
2019-06-04,12014.15,12035.8,12008.15,12035.6,15:00:00,12040.965639561684,1,70
2019-06-04,12015.2,12020.0,12005.85,12013.75,15:05:00,12038.51176912724,1,71
2019-06-04,12015.45,12016.95,12009.0,12015.45,15:10:00,12036.31541016274,1,72
2019-06-04,12024.25,12025.15,12014.65,12015.05,15:15:00,12035.166323480576,1,73
2019-06-04,12033.05,12033.25,12024.5,12024.5,15:20:00,12034.964768863378,1,74
2019-06-04,12036.2,12039.3,12033.8,12033.8,15:25:00,12035.082409924007,1,75
2019-06-06,11994.95,12033.25,11989.65,12027.7,09:15:00,12031.260275645533,3,1
2019-06-06,12004.85,12005.85,11991.7,11995.4,09:20:00,12028.74501129834,3,2
2019-06-06,11995.75,12004.85,11993.95,12004.75,09:25:00,12025.602629269926,3,3
2019-06-06,11980.45,11997.2,11977.4,11994.5,09:30:00,12021.302378863267,3,4
2019-06-06,11980.2,11987.6,11976.7,11980.85,09:35:00,12017.387866590576,3,5
2019-06-06,11978.2,11980.8,11971.9,11980.55,09:40:00,12013.655688820045,3,6
2019-06-06,11978.4,11980.05,11973.15,11977.8,09:45:00,12010.298004170516,3,7
2019-06-06,11972.35,11979.15,11972.05,11977.6,09:50:00,12006.68390853523,3,8
2019-06-06,11979.95,11980.85,11971.45,11972.4,09:55:00,12004.137822008066,3,9
2019-06-06,11970.8,11979.9,11970.0,11979.9,10:00:00,12000.96279134063,3,10
2019-06-06,11960.85,11971.0,11960.05,11971.0,10:05:00,11997.142525498664,3,11
2019-06-06,11966.45,11967.3,11959.45,11959.65,10:10:00,11994.219427832124,3,12
2019-06-06,11967.9,11970.3,11963.55,11964.5,10:15:00,11991.712815657636,3,13
2019-06-06,11964.5,11969.95,11963.45,11967.1,10:20:00,11989.121118928337,3,14
2019-06-06,11965.65,11966.6,11960.35,11963.95,10:25:00,11986.885774268496,3,15
2019-06-06,11957.6,11966.1,11955.35,11966.05,10:30:00,11984.096652909591,3,16
2019-06-06,11957.95,11960.45,11954.95,11957.2,10:35:00,11981.606495489632,3,17
2019-06-06,11959.7,11961.6,11956.05,11958.2,10:40:00,11979.520162585855,3,18
2019-06-06,11965.4,11967.25,11956.45,11959.35,10:45:00,11978.17538519673,3,19
2019-06-06,11967.15,11973.5,11964.4,11965.55,10:50:00,11977.125348511328,3,20
2019-06-06,11968.35,11969.45,11960.65,11967.8,10:55:00,11976.289601034056,3,21
2019-06-06,11971.6,11972.15,11965.95,11968.45,11:00:00,11975.842972364147,3,22
2019-06-06,11962.7,11973.4,11961.75,11971.5,11:05:00,11974.591260710418,3,23
2019-06-06,11960.8,11964.7,11960.55,11962.0,11:10:00,11973.277807309429,3,24
2019-06-06,11955.65,11963.55,11953.0,11960.4,11:15:00,11971.598968518052,3,25
2019-06-06,11957.4,11958.25,11954.15,11955.5,11:20:00,11970.246685802049,3,26
2019-06-06,11954.2,11957.7,11952.35,11956.75,11:25:00,11968.718430011377,3,27
2019-06-06,11956.2,11956.2,11951.75,11954.3,11:30:00,11967.526198581723,3,28
2019-06-06,11955.95,11961.1,11954.95,11955.65,11:35:00,11966.423703478702,3,29
2019-06-06,11949.35,11959.7,11942.1,11955.7,11:40:00,11964.79763648073,3,30
2019-06-06,11947.4,11961.45,11940.55,11949.3,11:45:00,11963.14071872066,3,31
2019-06-06,11958.95,11961.6,11947.2,11947.2,11:50:00,11962.741602652028,3,32
2019-06-06,11969.25,11975.35,11956.05,11959.05,11:55:00,11963.3614500185,3,33
2019-06-06,11964.3,11974.25,11961.5,11969.15,12:00:00,11963.450835731026,3,34
2019-06-06,11946.6,11964.15,11945.1,11964.0,12:05:00,11961.845994232834,3,35
2019-06-06,11934.45,11947.3,11933.05,11946.25,12:10:00,11959.236851924945,3,36
2019-06-06,11920.1,11936.1,11917.9,11934.1,12:15:00,11955.509532693995,3,37
2019-06-06,11919.05,11923.1,11910.4,11920.5,12:20:00,11952.037196246947,3,38
2019-06-06,11922.15,11928.7,11918.75,11919.3,12:25:00,11949.190796604384,3,39
2019-06-06,11917.45,11929.8,11917.1,11922.05,12:30:00,11946.167863594444,3,40
2019-06-06,11906.55,11920.1,11901.5,11916.8,12:35:00,11942.394733728306,3,41
2019-06-06,11909.15,11912.9,11903.55,11906.4,12:40:00,11939.228568611325,3,42
2019-06-06,11912.15,11913.65,11904.25,11908.85,12:45:00,11936.649657315009,3,43
2019-06-06,11919.0,11921.6,11909.0,11911.65,12:50:00,11934.968737570722,3,44
2019-06-06,11925.65,11929.25,11918.2,11918.85,12:55:00,11934.081238754465,3,45
2019-06-06,11923.15,11928.5,11922.0,11925.3,13:00:00,11933.040168396894,3,46
2019-06-06,11916.35,11923.3,11912.15,11922.7,13:05:00,11931.45062854957,3,47
2019-06-06,11911.25,11916.65,11906.0,11916.55,13:10:00,11929.526759163897,3,48
2019-06-06,11919.65,11923.8,11910.1,11910.6,13:15:00,11928.586115434002,3,49
2019-06-06,11915.4,11919.8,11911.8,11919.1,13:20:00,11927.330294916475,3,50
2019-06-06,11903.15,11916.85,11903.0,11915.65,13:25:00,11925.027409686336,3,51
2019-06-06,11887.45,11902.45,11882.55,11902.4,13:30:00,11921.448608763829,3,52
2019-06-06,11871.5,11892.85,11870.5,11886.55,13:35:00,11916.691598405368,3,53
2019-06-06,11875.5,11878.55,11864.0,11870.8,13:40:00,11912.768589033429,3,54
2019-06-06,11868.0,11877.15,11868.0,11875.8,13:45:00,11908.504913887386,3,55
2019-06-06,11871.85,11872.9,11860.05,11867.4,13:50:00,11905.013969707634,3,56
2019-06-06,11873.1,11881.85,11870.85,11871.35,13:55:00,11901.974544021192,3,57
2019-06-06,11867.25,11876.25,11861.95,11872.55,14:00:00,11898.667444590605,3,58
2019-06-06,11865.95,11874.85,11864.0,11868.85,14:05:00,11895.551497486736,3,59
2019-06-06,11852.45,11870.05,11848.2,11868.45,14:10:00,11891.446592964192,3,60
2019-06-06,11841.95,11855.7,11838.3,11852.7,14:15:00,11886.732631729508,3,61
2019-06-06,11833.95,11847.85,11832.8,11842.45,14:20:00,11881.705714421936,3,62
2019-06-06,11836.7,11842.55,11830.25,11834.8,14:25:00,11877.41945590556,3,63
2019-06-06,11842.85,11849.7,11835.9,11837.7,14:30:00,11874.127126771698,3,64
2019-06-06,11845.6,11850.2,11836.0,11842.8,14:35:00,11871.410257555346,3,65
2019-06-06,11852.25,11857.35,11844.55,11844.55,14:40:00,11869.585471121503,3,66
2019-06-06,11862.8,11866.65,11851.4,11852.55,14:45:00,11868.939235776596,3,67
2019-06-06,11857.5,11867.35,11857.0,11864.75,14:50:00,11867.849784750257,3,68
2019-06-06,11855.9,11859.9,11854.75,11858.15,14:55:00,11866.711710012136,3,69
2019-06-06,11832.8,11856.75,11832.8,11856.6,15:00:00,11863.482023344312,3,70
2019-06-06,11846.45,11850.0,11832.3,11833.05,15:05:00,11861.85992588295,3,71
2019-06-06,11846.05,11847.35,11838.5,11846.55,15:10:00,11860.354218656004,3,72
2019-06-06,11843.95,11850.3,11840.45,11846.15,15:15:00,11858.791912117338,3,73
2019-06-06,11846.05,11848.55,11840.25,11843.9,15:20:00,11857.578396677593,3,74
2019-06-06,11849.7,11850.9,11844.55,11846.1,15:25:00,11856.828073184488,3,75
2019-06-07,11850.8,11865.9,11832.45,11863.75,09:15:00,11856.25397097644,4,1
2019-06-07,11813.8,11850.4,11808.0,11850.4,09:20:00,11852.21073564535,4,2
2019-06-07,11780.2,11814.1,11776.75,11814.1,09:25:00,11845.352570345793,4,3
2019-06-07,11791.8,11793.6,11769.5,11780.3,09:30:00,11840.252325550957,4,4
2019-06-07,11795.0,11798.05,11784.75,11792.3,09:35:00,11835.94258026039,4,5
2019-06-07,11796.35,11811.0,11793.35,11795.3,09:40:00,11832.171858330828,4,6
2019-06-07,11808.5,11808.5,11795.25,11796.2,09:45:00,11829.917395632654,4,7
2019-06-07,11817.95,11820.7,11801.8,11808.55,09:50:00,11828.77764366764,4,8
2019-06-07,11822.25,11825.15,11810.55,11818.0,09:55:00,11828.15596331834,4,9
2019-06-07,11831.95,11839.95,11820.5,11822.0,10:00:00,11828.517300145166,4,10
2019-06-07,11849.95,11850.9,11832.6,11832.6,10:05:00,11830.558509655151,4,11
2019-06-07,11860.7,11862.65,11849.4,11849.9,10:10:00,11833.429127783233,4,12
2019-06-07,11877.9,11887.35,11860.35,11860.35,10:15:00,11837.664448946734,4,13
2019-06-07,11865.5,11879.9,11863.8,11877.6,10:20:00,11840.31545380895,4,14
2019-06-07,11848.65,11865.7,11846.35,11865.6,10:25:00,11841.10922011286,4,15
2019-06-07,11859.6,11868.15,11845.65,11848.55,10:30:00,11842.870246768778,4,16
2019-06-07,11854.1,11862.95,11853.1,11858.6,10:35:00,11843.939747076514,4,17
2019-06-07,11838.3,11854.2,11832.45,11853.95,10:40:00,11843.402628307324,4,18
2019-06-07,11843.45,11847.3,11832.25,11838.4,10:45:00,11843.407139897105,4,19
2019-06-07,11841.85,11853.3,11839.15,11843.9,10:50:00,11843.258840859284,4,20
2019-06-07,11846.4,11848.45,11842.05,11843.3,10:55:00,11843.557998872686,4,21
2019-06-07,11851.9,11858.35,11846.65,11846.65,11:00:00,11844.352475170524,4,22
2019-06-07,11848.05,11854.4,11846.0,11852.15,11:05:00,11844.70462039238,4,23
2019-06-07,11844.35,11849.55,11840.05,11848.6,11:10:00,11844.670847021676,4,24
2019-06-07,11830.85,11844.65,11822.95,11844.4,11:15:00,11843.354575876754,4,25
2019-06-07,11820.0,11831.6,11813.05,11830.8,11:20:00,11841.13033055516,4,26
2019-06-07,11824.4,11830.75,11819.6,11820.05,11:25:00,11839.536965740384,4,27
2019-06-07,11829.75,11831.45,11820.85,11824.6,11:30:00,11838.604873765107,4,28
2019-06-07,11843.2,11843.4,11828.2,11829.9,11:35:00,11839.042504835095,4,29
2019-06-07,11846.95,11847.65,11836.85,11842.75,11:40:00,11839.795599612706,4,30
2019-06-07,11841.85,11850.35,11841.7,11847.05,11:45:00,11839.991256792448,4,31
2019-06-07,11832.95,11842.55,11829.9,11842.4,11:50:00,11839.320660907451,4,32
2019-06-07,11835.8,11838.45,11827.85,11832.85,11:55:00,11838.98535986865,4,33
2019-06-07,11831.75,11836.7,11831.55,11835.9,12:00:00,11838.296277976398,4,34
2019-06-07,11840.0,11842.2,11832.3,11832.3,12:05:00,11838.458537216742,4,35
2019-06-07,11835.15,11841.85,11833.75,11839.85,12:10:00,11838.143438434196,4,36
2019-06-07,11835.2,11836.05,11828.95,11835.6,12:15:00,11837.863110964272,4,37
2019-06-07,11833.7,11836.65,11831.45,11836.25,12:20:00,11837.46662420577,4,38
2019-06-07,11834.25,11838.3,11831.7,11833.6,12:25:00,11837.160279043315,4,39
2019-06-07,11843.45,11844.15,11834.85,11834.9,12:30:00,11837.759300086813,4,40
2019-06-07,11849.05,11856.1,11843.05,11843.4,12:35:00,11838.83460484045,4,41
2019-06-07,11853.4,11853.4,11843.4,11849.15,12:40:00,11840.221785331834,4,42
2019-06-07,11856.05,11864.45,11852.35,11852.9,12:45:00,11841.72923434785,4,43
2019-06-07,11840.55,11856.7,11838.5,11855.85,12:50:00,11841.61692631472,4,44
2019-06-07,11838.2,11842.85,11834.75,11840.85,12:55:00,11841.29150476094,4,45
2019-06-07,11848.0,11851.1,11838.45,11838.8,13:00:00,11841.93040906942,4,46
2019-06-07,11838.25,11849.85,11837.9,11847.9,13:05:00,11841.579893919952,4,47
2019-06-07,11839.7,11842.35,11836.25,11838.45,13:10:00,11841.400856403769,4,48
2019-06-07,11827.2,11842.25,11824.2,11839.55,13:15:00,11840.04839388912,4,49
2019-06-07,11838.7,11839.35,11827.2,11827.75,13:20:00,11839.91997542349,4,50
2019-06-07,11832.35,11846.35,11831.95,11840.6,13:25:00,11839.199025383155,4,51
2019-06-07,11834.75,11837.3,11830.05,11833.2,13:30:00,11838.77530868,4,52
2019-06-07,11843.65,11844.0,11834.0,11835.6,13:35:00,11839.23956499619,4,53
2019-06-07,11815.35,11845.95,11814.8,11845.75,13:40:00,11836.964368329887,4,54
2019-06-07,11813.1,11823.2,11811.05,11816.7,13:45:00,11834.691571346088,4,55
2019-06-07,11814.85,11821.35,11807.1,11813.4,13:50:00,11832.801897884556,4,56
2019-06-07,11827.15,11833.5,11813.6,11816.6,13:55:00,11832.26362189555,4,57
2019-06-07,11823.3,11830.45,11819.85,11830.25,14:00:00,11831.409943619785,4,58
2019-06-07,11818.0,11827.6,11815.95,11825.65,14:05:00,11830.132806132184,4,59
2019-06-07,11826.55,11830.45,11820.15,11821.55,14:10:00,11829.791586500549,4,60
2019-06-07,11856.7,11863.8,11827.45,11828.45,14:15:00,11832.354292548114,4,61
2019-06-07,11865.9,11867.1,11853.9,11858.05,14:20:00,11835.549121829246,4,62
2019-06-07,11874.9,11874.9,11856.55,11865.85,14:25:00,11839.296824512174,4,63
2019-06-07,11884.7,11892.85,11876.05,11876.85,14:30:00,11843.620936463396,4,64
2019-06-07,11880.6,11883.5,11866.8,11882.2,14:35:00,11847.142752038311,4,65
2019-06-07,11878.85,11880.85,11870.6,11880.4,14:40:00,11850.162489939425,4,66
2019-06-07,11871.5,11879.6,11861.85,11878.6,14:45:00,11852.194633754716,4,67
2019-06-07,11872.55,11874.1,11866.85,11871.05,14:50:00,11854.133240063791,4,68
2019-06-07,11874.8,11875.15,11860.4,11872.35,14:55:00,11856.101502914858,4,69
2019-06-07,11894.4,11895.4,11873.55,11874.25,15:00:00,11859.748978827727,4,70
2019-06-07,11880.15,11897.5,11875.2,11894.85,15:05:00,11861.691933225087,4,71
2019-06-07,11863.3,11882.65,11862.85,11880.05,15:10:00,11861.845082441749,4,72
2019-06-07,11858.05,11863.85,11855.1,11863.2,15:15:00,11861.483646018723,4,73
2019-06-07,11859.7,11862.65,11857.4,11857.9,15:20:00,11861.31377496932,4,74
2019-06-07,11864.75,11864.75,11856.1,11859.8,15:25:00,11861.641034496051,4,75
2019-06-10,11963.5,11964.8,11926.85,11927.75,09:15:00,11871.341888353572,0,1
2019-06-10,11951.9,11969.5,11949.5,11962.3,09:20:00,11879.014089462757,0,2
2019-06-10,11959.4,11964.6,11946.05,11951.8,09:25:00,11886.669890466304,0,3
2019-06-10,11969.4,11975.05,11959.3,11959.3,09:30:00,11894.548948517133,0,4
2019-06-10,11951.9,11971.9,11948.9,11969.65,09:35:00,11900.010953420262,0,5
2019-06-10,11939.5,11953.15,11935.7,11952.7,09:40:00,11903.771814999283,0,6
2019-06-10,11944.95,11945.4,11932.55,11938.9,09:45:00,11907.693546904116,0,7
2019-06-10,11948.1,11950.5,11942.85,11945.35,09:50:00,11911.541780532294,0,8
2019-06-10,11958.35,11958.6,11942.15,11948.2,09:55:00,11915.999706195886,0,9
2019-06-10,11956.75,11958.15,11954.0,11958.15,10:00:00,11919.880686558185,0,10
2019-06-10,11957.4,11962.7,11953.2,11956.3,10:05:00,11923.45395450502,0,11
2019-06-10,11947.8,11957.05,11947.3,11957.0,10:10:00,11925.772625504544,0,12
2019-06-10,11942.3,11953.2,11940.6,11948.5,10:15:00,11927.346661170775,0,13
2019-06-10,11937.15,11945.5,11933.8,11941.75,10:20:00,11928.280312487846,0,14
2019-06-10,11944.65,11945.9,11931.55,11936.85,10:25:00,11929.839330346147,0,15
2019-06-10,11941.05,11944.55,11934.35,11944.55,10:30:00,11930.907013170325,0,16
2019-06-10,11941.25,11944.95,11939.35,11941.1,10:35:00,11931.892059535054,0,17
2019-06-10,11942.2,11945.1,11938.5,11941.3,10:40:00,11932.873768150765,0,18
2019-06-10,11948.5,11951.7,11941.15,11942.3,10:45:00,11934.361980707834,0,19
2019-06-10,11944.9,11951.3,11944.5,11948.45,10:50:00,11935.365601592805,0,20
2019-06-10,11944.25,11945.1,11940.55,11945.05,10:55:00,11936.21173477444,0,21
2019-06-10,11946.75,11947.1,11939.1,11944.2,11:00:00,11937.215379081636,0,22
2019-06-10,11925.9,11946.05,11920.1,11946.05,11:05:00,11936.137723931002,0,23
2019-06-10,11919.95,11926.3,11909.6,11926.3,11:10:00,11934.596035937571,0,24
2019-06-10,11918.05,11925.2,11914.75,11919.7,11:15:00,11933.020222991136,0,25
2019-06-10,11926.95,11927.65,11917.8,11917.8,11:20:00,11932.442106515791,0,26
2019-06-10,11924.85,11931.2,11924.85,11926.75,11:25:00,11931.719048752384,0,27
2019-06-10,11900.15,11924.65,11894.15,11924.65,11:30:00,11928.712472680729,0,28
2019-06-10,11906.4,11906.75,11896.9,11899.95,11:35:00,11926.587475282566,0,29
2019-06-10,11899.15,11907.55,11897.65,11906.35,11:40:00,11923.974382398512,0,30
2019-06-10,11898.65,11899.35,11891.8,11899.05,11:45:00,11921.562536455796,0,31
2019-06-10,11894.0,11905.3,11892.55,11898.4,11:50:00,11918.937532983817,0,32
2019-06-10,11893.4,11901.45,11887.3,11894.5,11:55:00,11916.505386985356,0,33
2019-06-10,11903.1,11907.15,11893.1,11893.45,12:00:00,11915.22868346294,0,34
2019-06-10,11893.25,11904.75,11891.6,11903.65,12:05:00,11913.13547551409,0,35
2019-06-10,11889.25,11893.15,11885.7,11893.15,12:10:00,11910.860668322272,0,36
2019-06-10,11897.15,11898.7,11887.35,11889.9,12:15:00,11909.554890386818,0,37
2019-06-10,11885.2,11897.9,11882.65,11897.85,12:20:00,11907.235377016645,0,38
2019-06-10,11900.8,11901.25,11884.55,11885.35,12:25:00,11906.62248396744,0,39
2019-06-10,11890.1,11901.25,11889.8,11901.25,12:30:00,11905.04891406578,0,40
2019-06-10,11873.0,11893.1,11872.35,11889.9,12:35:00,11901.996636535703,0,41
2019-06-10,11886.2,11886.55,11871.75,11873.3,12:40:00,11900.492194960876,0,42
2019-06-10,11894.45,11896.35,11884.6,11885.75,12:45:00,11899.916747821746,0,43
2019-06-10,11888.85,11896.0,11887.15,11894.8,12:50:00,11898.862771838722,0,44
2019-06-10,11891.1,11896.35,11885.45,11889.05,12:55:00,11898.123460235034,0,45
2019-06-10,11898.0,11898.8,11890.05,11891.35,13:00:00,11898.111702117412,0,46
2019-06-10,11893.35,11903.25,11890.45,11898.7,13:05:00,11897.65820667766,0,47
2019-06-10,11891.8,11897.2,11891.6,11894.75,13:10:00,11897.100282232168,0,48
2019-06-10,11893.4,11895.25,11885.95,11892.8,13:15:00,11896.747874400531,0,49
2019-06-10,11916.15,11917.8,11892.6,11894.3,13:20:00,11898.595695886195,0,50
2019-06-10,11907.65,11918.4,11904.8,11915.95,13:25:00,11899.458010563703,0,51
2019-06-10,11902.55,11908.55,11899.1,11908.35,13:30:00,11899.752485748111,0,52
2019-06-10,11911.25,11912.45,11903.3,11903.8,13:35:00,11900.847487105431,0,53
2019-06-10,11913.35,11918.6,11906.75,11912.0,13:40:00,11902.038202619202,0,54
2019-06-10,11905.15,11914.9,11904.3,11914.2,13:45:00,11902.334564274515,0,55
2019-06-10,11913.1,11914.05,11905.05,11906.55,13:50:00,11903.35984386742,0,56
2019-06-10,11899.95,11914.95,11899.95,11913.0,13:55:00,11903.035096832427,0,57
2019-06-10,11880.75,11901.05,11873.5,11898.4,14:00:00,11900.912706657911,0,58
2019-06-10,11880.65,11887.0,11873.5,11880.4,14:05:00,11898.982925071445,0,59
2019-06-10,11877.3,11890.7,11876.55,11881.0,14:10:00,11896.917884588447,0,60
2019-06-10,11884.75,11889.0,11876.25,11877.75,14:15:00,11895.759038437169,0,61
2019-06-10,11899.5,11903.05,11884.25,11885.05,14:20:00,11896.11532049077,0,62
2019-06-10,11900.4,11900.9,11891.65,11899.4,14:25:00,11896.523385205934,0,63
2019-06-10,11903.7,11908.05,11899.65,11899.95,14:30:00,11897.206872329178,0,64
2019-06-10,11903.15,11911.2,11901.6,11903.05,14:35:00,11897.772884488304,0,65
2019-06-10,11896.25,11910.35,11893.85,11903.25,14:40:00,11897.627847870372,0,66
2019-06-10,11903.6,11903.6,11884.95,11895.25,14:45:00,11898.196624263668,0,67
2019-06-10,11907.95,11908.9,11900.7,11903.55,14:50:00,11899.125517190938,0,68
2019-06-10,11913.45,11914.0,11905.6,11908.0,14:55:00,11900.489753648944,0,69
2019-06-10,11918.5,11923.95,11913.45,11913.8,15:00:00,11902.205015206187,0,70
2019-06-10,11915.05,11919.05,11911.35,11918.4,15:05:00,11903.428347091312,0,71
2019-06-10,11922.0,11923.9,11915.1,11915.6,15:10:00,11905.197075939755,0,72
2019-06-10,11923.65,11923.95,11916.8,11922.35,15:15:00,11906.954497278828,0,73
2019-06-10,11933.9,11934.2,11924.1,11924.1,15:20:00,11909.520735633225,0,74
2019-06-10,11927.6,11936.15,11927.15,11934.05,15:25:00,11911.242570334824,0,75
2019-06-11,11935.8,11959.95,11933.0,11959.95,09:15:00,11913.58137316008,1,1
2019-06-11,11942.7,11942.7,11923.2,11933.2,09:20:00,11916.35457571626,1,2
2019-06-11,11930.75,11943.0,11926.05,11942.95,09:25:00,11917.725568505188,1,3
2019-06-11,11917.25,11931.2,11910.95,11931.2,09:30:00,11917.6802762666,1,4
2019-06-11,11911.05,11917.4,11904.35,11917.4,09:35:00,11917.048821384064,1,5
2019-06-11,11921.75,11924.5,11911.0,11911.4,09:40:00,11917.49655268082,1,6
2019-06-11,11934.9,11936.85,11921.35,11921.35,09:45:00,11919.154023854077,1,7
2019-06-11,11937.9,11941.65,11932.8,11933.85,09:50:00,11920.939354915594,1,8
2019-06-11,11945.15,11948.1,11937.35,11937.8,09:55:00,11923.24513063792,1,9
2019-06-11,11953.15,11958.95,11943.75,11945.2,10:00:00,11926.093213434307,1,10
2019-06-11,11947.1,11952.95,11941.0,11952.95,10:05:00,11928.093859773897,1,11
2019-06-11,11945.95,11946.9,11938.4,11946.35,10:10:00,11929.794444557336,1,12
2019-06-11,11943.9,11951.45,11943.75,11946.25,10:15:00,11931.13783078997,1,13
2019-06-11,11943.35,11943.8,11938.75,11943.8,10:20:00,11932.30089452426,1,14
2019-06-11,11946.5,11947.3,11939.65,11943.65,10:25:00,11933.653190283854,1,15
2019-06-11,11941.3,11949.1,11938.85,11946.45,10:30:00,11934.381457875868,1,16
2019-06-11,11940.95,11943.95,11940.05,11941.75,10:35:00,11935.007033316262,1,17
2019-06-11,11937.45,11940.1,11933.55,11940.1,10:40:00,11935.239696809953,1,18
2019-06-11,11926.9,11937.4,11923.6,11937.4,10:45:00,11934.445439970908,1,19
2019-06-11,11931.55,11933.9,11925.95,11926.4,10:50:00,11934.169683783204,1,20
2019-06-11,11936.75,11937.25,11931.3,11931.45,10:55:00,11934.415428184804,1,21
2019-06-11,11945.85,11947.6,11935.45,11936.8,11:00:00,11935.504435024348,1,22
2019-06-11,11945.8,11947.35,11943.0,11946.45,11:05:00,11936.484965022028,1,23
2019-06-11,11941.6,11946.3,11939.75,11946.05,11:10:00,11936.972111210403,1,24
2019-06-11,11942.55,11946.0,11941.5,11941.5,11:15:00,11937.503338714176,1,25
2019-06-11,11945.5,11946.25,11941.0,11942.75,11:20:00,11938.2649255033,1,26
2019-06-11,11944.0,11947.35,11942.45,11946.0,11:25:00,11938.811123074414,1,27
2019-06-11,11946.15,11948.05,11944.1,11944.55,11:30:00,11939.510063733997,1,28
2019-06-11,11953.55,11954.3,11946.05,11946.3,11:35:00,11940.847200521232,1,29
2019-06-11,11958.3,11962.6,11953.35,11954.0,11:40:00,11942.509371900163,1,30
2019-06-11,11955.75,11960.4,11954.35,11959.0,11:45:00,11943.770384100148,1,31
2019-06-11,11955.95,11956.75,11950.6,11956.1,11:50:00,11944.93034751918,1,32
2019-06-11,11961.55,11966.25,11955.5,11956.65,11:55:00,11946.513171564971,1,33
2019-06-11,11954.1,11963.8,11953.45,11961.65,12:00:00,11947.235726654024,1,34
2019-06-11,11953.6,11958.1,11951.6,11954.65,12:05:00,11947.841847925069,1,35
2019-06-11,11958.95,11960.75,11953.65,11953.85,12:10:00,11948.899767170302,1,36
2019-06-11,11952.25,11960.1,11951.55,11959.45,12:15:00,11949.218836963606,1,37
2019-06-11,11951.15,11952.9,11947.2,11952.5,12:20:00,11949.402757252788,1,38
2019-06-11,11955.5,11956.45,11949.7,11951.65,12:25:00,11949.983447038236,1,39
2019-06-11,11957.05,11960.0,11955.05,11955.8,12:30:00,11950.656452082214,1,40
2019-06-11,11960.0,11961.45,11954.7,11957.4,12:35:00,11951.546313788667,1,41
2019-06-11,11959.75,11962.3,11959.05,11960.35,12:40:00,11952.327617237366,1,42
2019-06-11,11960.95,11961.8,11957.15,11960.05,12:45:00,11953.148796548094,1,43
2019-06-11,11961.6,11966.75,11959.25,11961.15,12:50:00,11953.953673067324,1,44
2019-06-11,11966.6,11970.5,11961.0,11961.25,12:55:00,11955.15808515615,1,45
2019-06-11,11955.35,11968.45,11954.7,11967.2,13:00:00,11955.176362760329,1,46
2019-06-11,11963.65,11964.2,11954.3,11954.3,13:05:00,11955.983375830772,1,47
2019-06-11,11966.05,11968.5,11959.8,11963.75,13:10:00,11956.942101942128,1,48
2019-06-11,11969.9,11970.75,11962.85,11966.75,13:15:00,11958.176187471448,1,49
2019-06-11,11966.0,11970.5,11962.35,11970.4,13:20:00,11958.921312474167,1,50
2019-06-11,11962.45,11966.9,11958.55,11965.35,13:25:00,11959.257377952816,1,51
2019-06-11,11959.65,11965.55,11958.75,11962.7,13:30:00,11959.29477052874,1,52
2019-06-11,11963.45,11964.8,11959.0,11960.55,13:35:00,11959.69050666886,1,53
2019-06-11,11968.05,11968.75,11963.35,11964.25,13:40:00,11960.486648890874,1,54
2019-06-11,11979.4,11979.4,11966.95,11968.9,13:45:00,11962.287920425077,1,55
2019-06-11,11981.1,11984.95,11978.75,11980.25,13:50:00,11964.07954705126,1,56
2019-06-11,11976.2,11982.1,11973.95,11982.1,13:55:00,11965.23387590352,1,57
2019-06-11,11983.15,11983.15,11974.25,11976.75,14:00:00,11966.940173436518,1,58
2019-06-11,11992.65,11993.55,11983.15,11984.15,14:05:00,11969.388728347323,1,59
2019-06-11,11990.45,11995.3,11987.1,11994.15,14:10:00,11971.39456374282,1,60
2019-06-11,11992.8,11996.15,11988.4,11991.75,14:15:00,11973.433176719693,1,61
2019-06-11,11986.35,11996.25,11986.35,11992.15,14:20:00,11974.663350365438,1,62
2019-06-11,11995.45,11996.9,11981.4,11986.85,14:25:00,11976.643031283014,1,63
2019-06-11,11993.35,12000.35,11993.0,11996.3,14:30:00,11978.234171160822,1,64
2019-06-11,11987.65,11997.4,11985.75,11994.05,14:35:00,11979.130916764552,1,65
2019-06-11,11978.1,11990.8,11976.55,11988.0,14:40:00,11979.032734215549,1,66
2019-06-11,11974.9,11981.35,11969.1,11978.4,14:45:00,11978.639140480733,1,67
2019-06-11,11980.35,11980.5,11969.8,11974.85,14:50:00,11978.802079482568,1,68
2019-06-11,11973.3,11983.1,11971.45,11980.85,14:55:00,11978.2780719128,1,69
2019-06-11,11960.9,11980.0,11957.45,11974.5,15:00:00,11976.623017444914,1,70
2019-06-11,11964.65,11967.6,11958.7,11961.2,15:05:00,11975.482730069209,1,71
2019-06-11,11963.65,11969.75,11960.7,11964.8,15:10:00,11974.35580339595,1,72
2019-06-11,11965.25,11967.15,11961.15,11964.4,15:15:00,11973.488584024908,1,73
2019-06-11,11965.35,11970.85,11965.35,11965.35,15:20:00,11972.71348078444,1,74
2019-06-11,11962.65,11965.9,11959.5,11965.6,15:25:00,11971.755054043066,1,75
2019-06-12,11926.0,11955.5,11918.75,11955.5,09:15:00,11967.397429848486,2,1
2019-06-12,11923.9,11927.6,11913.6,11924.55,09:20:00,11963.254817481964,2,2
2019-06-12,11924.45,11928.85,11918.1,11922.8,09:25:00,11959.55912057892,2,3
2019-06-12,11919.85,11925.05,11915.95,11924.15,09:30:00,11955.777299571404,2,4
2019-06-12,11919.45,11925.1,11916.9,11919.7,09:35:00,11952.31755675508,2,5
2019-06-12,11922.4,11923.45,11914.9,11919.55,09:40:00,11949.468265635547,2,6
2019-06-12,11925.45,11925.7,11916.8,11922.35,09:45:00,11947.180811765496,2,7
2019-06-12,11925.7,11931.45,11924.4,11925.5,09:50:00,11945.135020168782,2,8
2019-06-12,11921.9,11926.05,11920.2,11926.05,09:55:00,11942.922161105089,2,9
2019-06-12,11913.55,11928.95,11913.55,11922.0,10:00:00,11940.124812428412,2,10
2019-06-12,11905.75,11914.25,11901.8,11913.45,10:05:00,11936.851020768563,2,11
2019-06-12,11910.55,11910.6,11902.05,11905.4,10:10:00,11934.346161647749,2,12
2019-06-12,11901.9,11910.45,11899.45,11910.45,10:15:00,11931.25605101463,2,13
2019-06-12,11897.4,11903.35,11896.1,11900.85,10:20:00,11928.031665203716,2,14
2019-06-12,11901.4,11906.1,11896.85,11897.25,10:25:00,11925.495316136694,2,15
2019-06-12,11895.35,11904.15,11894.75,11902.2,10:30:00,11922.624333647484,2,16
2019-06-12,11889.0,11895.85,11887.0,11895.85,10:35:00,11919.422016157248,2,17
2019-06-12,11890.5,11893.4,11888.05,11889.15,10:40:00,11916.667538427986,2,18
2019-06-12,11892.4,11893.25,11888.2,11890.45,10:45:00,11914.356344291988,2,19
2019-06-12,11896.1,11898.4,11891.95,11892.45,10:50:00,11912.61764483561,2,20
2019-06-12,11899.5,11902.85,11895.1,11895.7,10:55:00,11911.368345327455,2,21
2019-06-12,11888.15,11900.05,11887.55,11900.05,11:00:00,11909.15707434389,2,22
2019-06-12,11878.55,11888.7,11876.85,11888.25,11:05:00,11906.242114882569,2,23
2019-06-12,11880.85,11884.55,11878.4,11879.05,11:10:00,11903.823818227083,2,24
2019-06-12,11886.6,11886.95,11878.75,11881.05,11:15:00,11902.183454586411,2,25
2019-06-12,11889.95,11889.95,11886.0,11886.65,11:20:00,11901.01836367342,2,26
2019-06-12,11883.9,11893.5,11883.5,11889.75,11:25:00,11899.38804332357,2,27
2019-06-12,11886.05,11888.15,11883.3,11884.35,11:30:00,11898.11775348323,2,28
2019-06-12,11879.45,11888.55,11877.75,11886.2,11:35:00,11896.339872199113,2,29
2019-06-12,11881.8,11883.05,11878.75,11879.8,11:40:00,11894.955122465864,2,30
2019-06-12,11886.6,11887.75,11881.3,11882.25,11:45:00,11894.159396516734,2,31
2019-06-12,11882.25,11889.15,11882.15,11887.0,11:50:00,11893.025168277043,2,32
2019-06-12,11883.45,11885.05,11882.1,11882.35,11:55:00,11892.113247488754,2,33
2019-06-12,11889.1,11891.3,11883.1,11883.7,12:00:00,11891.826271537444,2,34
2019-06-12,11888.55,11894.0,11887.65,11889.5,12:05:00,11891.514245676735,2,35
2019-06-12,11886.75,11889.2,11885.1,11888.45,12:10:00,11891.060507993236,2,36
2019-06-12,11885.7,11888.85,11882.0,11886.5,12:15:00,11890.549983422452,2,37
2019-06-12,11883.7,11891.55,11882.7,11886.7,12:20:00,11889.897604048883,2,38
2019-06-12,11882.8,11886.65,11882.6,11883.8,12:25:00,11889.221641758517,2,39
2019-06-12,11886.05,11890.55,11880.0,11882.75,12:30:00,11888.919580638656,2,40
2019-06-12,11890.1,11891.7,11886.2,11886.2,12:35:00,11889.032001530211,2,41
2019-06-12,11891.5,11899.15,11889.3,11889.85,12:40:00,11889.267049003523,2,42
2019-06-12,11896.8,11897.95,11891.7,11891.7,12:45:00,11889.98447290795,2,43
2019-06-12,11891.45,11897.85,11891.45,11897.15,12:50:00,11890.124046916717,2,44
2019-06-12,11893.0,11894.9,11890.25,11892.0,12:55:00,11890.397947210362,2,45
2019-06-12,11898.15,11902.05,11891.75,11892.8,13:00:00,11891.136237952232,2,46
2019-06-12,11901.15,11904.15,11897.55,11897.6,13:05:00,11892.089929575828,2,47
2019-06-12,11895.05,11901.0,11895.05,11901.0,13:10:00,11892.371841044796,2,48
2019-06-12,11882.0,11895.3,11881.75,11895.3,13:15:00,11891.384046659578,2,49
2019-06-12,11868.95,11885.35,11866.35,11881.6,13:20:00,11889.247470787235,2,50
2019-06-12,11874.65,11877.35,11868.05,11869.5,13:25:00,11887.857235474166,2,51
2019-06-12,11879.3,11883.8,11874.15,11874.15,13:30:00,11887.042260667104,2,52
2019-06-12,11890.2,11893.2,11879.8,11879.8,13:35:00,11887.342997746427,2,53
2019-06-12,11885.2,11893.4,11885.2,11890.75,13:40:00,11887.138902722958,2,54
2019-06-12,11885.35,11891.55,11884.5,11886.05,13:45:00,11886.968531035058,2,55
2019-06-12,11892.6,11893.35,11884.65,11886.65,13:50:00,11887.504861412672,2,56
2019-06-12,11890.45,11896.2,11889.85,11894.05,13:55:00,11887.78535080194,2,57
2019-06-12,11891.4,11894.6,11885.95,11888.8,14:00:00,11888.129603106518,2,58
2019-06-12,11897.1,11898.55,11885.7,11892.3,14:05:00,11888.983926620182,2,59
2019-06-12,11903.75,11905.65,11895.1,11897.3,14:10:00,11890.39021932302,2,60
2019-06-12,11908.25,11911.6,11901.1,11904.95,14:15:00,11892.091150816066,2,61
2019-06-12,11898.35,11915.6,11897.5,11909.85,14:20:00,11892.687231690728,2,62
2019-06-12,11899.8,11901.15,11894.5,11898.65,14:25:00,11893.36463819637,2,63
2019-06-12,11895.4,11901.4,11889.05,11901.4,14:30:00,11893.558482177668,2,64
2019-06-12,11888.8,11896.25,11886.4,11896.25,14:35:00,11893.105293398845,2,65
2019-06-12,11888.15,11891.0,11885.1,11890.05,14:40:00,11892.633360694192,2,66
2019-06-12,11886.45,11889.9,11885.0,11888.6,14:45:00,11892.044469199504,2,67
2019-06-12,11879.8,11887.65,11876.65,11886.5,14:50:00,11890.878329275742,2,68
2019-06-12,11889.95,11892.8,11878.55,11880.3,14:55:00,11890.789916963766,2,69
2019-06-12,11901.2,11905.9,11889.5,11890.15,15:00:00,11891.781353443408,2,70
2019-06-12,11898.5,11906.2,11898.0,11901.4,15:05:00,11892.421224544036,2,71
2019-06-12,11903.9,11904.3,11894.45,11899.25,15:10:00,11893.514441254129,2,72
2019-06-12,11909.05,11909.35,11903.15,11903.95,15:15:00,11894.994018277546,2,73
2019-06-12,11915.3,11915.3,11908.3,11909.25,15:20:00,11896.927921298731,2,74
2019-06-12,11917.3,11921.7,11913.6,11915.6,15:25:00,11898.86811927028,2,75
2019-06-13,11879.15,11879.6,11863.3,11871.35,09:15:00,11896.990203149302,3,1
2019-06-13,11892.05,11894.25,11873.95,11879.3,09:20:00,11896.519707611274,3,2
2019-06-13,11884.95,11897.4,11880.3,11891.9,09:25:00,11895.417830695917,3,3
2019-06-13,11869.8,11884.05,11869.6,11884.05,09:30:00,11892.978037296303,3,4
2019-06-13,11864.15,11873.85,11863.2,11869.75,09:35:00,11890.23250993475,3,5
2019-06-13,11870.6,11871.0,11863.5,11864.3,09:40:00,11888.362747083822,3,6
2019-06-13,11866.15,11870.25,11860.75,11870.25,09:45:00,11886.247247361553,3,7
2019-06-13,11859.8,11869.1,11859.8,11865.9,09:50:00,11883.728461898549,3,8
2019-06-13,11854.8,11862.85,11854.35,11860.2,09:55:00,11880.97337028916,3,9
2019-06-13,11843.15,11855.6,11841.95,11854.55,10:00:00,11877.371144547336,3,10
2019-06-13,11837.25,11845.65,11835.2,11843.1,10:05:00,11873.550083161874,3,11
2019-06-13,11851.0,11853.4,11836.95,11837.5,10:10:00,11871.402456194077,3,12
2019-06-13,11851.8,11854.35,11847.0,11851.4,10:15:00,11869.535555604163,3,13
2019-06-13,11852.85,11857.5,11851.45,11851.55,10:20:00,11867.946455070434,3,14
2019-06-13,11852.2,11854.55,11847.4,11852.8,10:25:00,11866.446792682773,3,15
2019-06-13,11859.9,11862.25,11852.15,11852.15,10:30:00,11865.823288617748,3,16
2019-06-13,11852.0,11861.45,11851.35,11859.75,10:35:00,11864.506784939866,3,17
2019-06-13,11852.35,11855.6,11849.5,11852.5,10:40:00,11863.348995897974,3,18
2019-06-13,11850.65,11853.8,11849.35,11853.05,10:45:00,11862.139567717217,3,19
2019-06-13,11851.2,11853.25,11850.15,11850.75,10:50:00,11861.0977041251,3,20
2019-06-13,11844.95,11853.0,11844.25,11851.65,10:55:00,11859.559827541756,3,21
2019-06-13,11843.2,11845.15,11839.55,11844.7,11:00:00,11858.001748728257,3,22
2019-06-13,11832.7,11844.15,11831.3,11843.5,11:05:00,11855.592058373182,3,23
2019-06-13,11835.5,11838.55,11832.15,11832.3,11:10:00,11853.678529004308,3,24
2019-06-13,11842.95,11842.95,11836.0,11836.05,11:15:00,11852.656764337233,3,25
2019-06-13,11841.85,11843.7,11836.7,11842.85,11:20:00,11851.627548686063,3,26
2019-06-13,11835.4,11842.0,11835.1,11841.9,11:25:00,11850.08206785882,3,27
2019-06-13,11833.75,11836.15,11828.95,11835.1,11:30:00,11848.526632824647,3,28
2019-06-13,11834.8,11837.05,11831.6,11833.05,11:35:00,11847.219334460397,3,29
2019-06-13,11840.55,11841.35,11834.15,11835.2,11:40:00,11846.58415974988,3,30
2019-06-13,11833.25,11841.3,11832.65,11840.5,11:45:00,11845.3142397737,3,31
2019-06-13,11828.5,11835.75,11827.0,11833.75,11:50:00,11843.712883604778,3,32
2019-06-13,11820.6,11828.1,11817.05,11828.05,11:55:00,11841.5116565948,3,33
2019-06-13,11827.8,11828.25,11819.15,11820.55,12:00:00,11840.205784538151,3,34
2019-06-13,11834.95,11835.9,11827.85,11827.85,12:05:00,11839.705233629758,3,35
2019-06-13,11829.85,11835.2,11828.6,11835.15,12:10:00,11838.766639950734,3,36
2019-06-13,11825.85,11832.3,11825.45,11829.65,12:15:00,11837.53648376495,3,37
2019-06-13,11829.3,11829.65,11824.05,11825.9,12:20:00,11836.752056739717,3,38
2019-06-13,11834.25,11837.05,11829.5,11829.5,12:25:00,11836.51376562165,3,39
2019-06-13,11838.9,11842.45,11833.95,11834.2,12:30:00,11836.741026038637,3,40
2019-06-13,11832.15,11838.55,11831.8,11838.4,12:35:00,11836.303785463528,3,41
2019-06-13,11840.2,11840.7,11832.05,11832.5,12:40:00,11836.67485351462,3,42
2019-06-13,11842.6,11842.85,11834.35,11840.0,12:45:00,11837.239153179897,3,43
2019-06-13,11838.8,11843.65,11838.6,11842.35,12:50:00,11837.387805258,3,44
2019-06-13,11837.65,11840.2,11835.95,11838.6,12:55:00,11837.412776185807,3,45
2019-06-13,11848.3,11850.7,11837.8,11837.85,13:00:00,11838.449654644302,3,46
2019-06-13,11856.75,11857.85,11845.65,11849.2,13:05:00,11840.19254467818,3,47
2019-06-13,11860.45,11861.5,11854.6,11857.1,13:10:00,11842.121826137402,3,48
2019-06-13,11863.8,11865.15,11855.95,11860.15,13:15:00,11844.186414124317,3,49
2019-06-13,11851.35,11863.25,11846.7,11863.15,13:20:00,11844.868660398191,3,50
2019-06-13,11856.25,11861.1,11849.05,11851.5,13:25:00,11845.952597503125,3,51
2019-06-13,11856.25,11857.4,11849.55,11856.45,13:30:00,11846.933302502826,3,52
2019-06-13,11856.9,11857.5,11853.8,11856.65,13:35:00,11847.882511788272,3,53
2019-06-13,11852.3,11858.2,11851.05,11856.85,13:40:00,11848.303224951293,3,54
2019-06-13,11856.15,11859.65,11852.25,11852.6,13:45:00,11849.050536860694,3,55
2019-06-13,11861.9,11861.9,11849.7,11856.05,13:50:00,11850.274295254914,3,56
2019-06-13,11871.05,11873.1,11862.45,11863.5,13:55:00,11852.252933802063,3,57
2019-06-13,11882.55,11884.55,11870.5,11871.15,14:00:00,11855.138368678055,3,58
2019-06-13,11887.55,11896.45,11883.0,11883.1,14:05:00,11858.225190708716,3,59
2019-06-13,11897.3,11898.7,11885.5,11887.0,14:10:00,11861.946601117412,3,60
2019-06-13,11904.2,11915.4,11897.9,11897.9,14:15:00,11865.970734344326,3,61
2019-06-13,11903.0,11905.1,11891.3,11903.3,14:20:00,11869.49733107344,3,62
2019-06-13,11895.2,11903.4,11893.0,11903.4,14:25:00,11871.94520430454,3,63
2019-06-13,11889.15,11899.2,11881.4,11895.25,14:30:00,11873.583756275537,3,64
2019-06-13,11893.9,11896.85,11888.6,11889.1,14:35:00,11875.518636630246,3,65
2019-06-13,11899.95,11900.2,11892.7,11894.85,14:40:00,11877.845433141652,3,66
2019-06-13,11898.35,11905.95,11896.8,11899.65,14:45:00,11879.798249032923,3,67
2019-06-13,11899.15,11905.35,11897.65,11898.1,14:50:00,11881.64127293455,3,68
2019-06-13,11900.7,11903.55,11895.1,11899.85,14:55:00,11883.456389797926,3,69
2019-06-13,11909.3,11912.0,11900.4,11901.0,15:00:00,11885.917686007648,3,70
2019-06-13,11916.35,11916.75,11908.2,11908.9,15:05:00,11888.816001625966,3,71
2019-06-13,11918.05,11931.35,11915.95,11915.95,15:10:00,11891.600191947302,3,72
2019-06-13,11912.95,11918.6,11910.3,11918.1,15:15:00,11893.63350699994,3,73
2019-06-13,11914.0,11914.0,11908.1,11913.15,15:20:00,11895.573172999946,3,74
2019-06-13,11905.55,11915.2,11902.75,11914.15,15:25:00,11896.523346999951,3,75
2019-06-14,11894.7,11911.85,11892.85,11903.55,09:15:00,11896.349694904718,4,1
2019-06-14,11885.25,11903.9,11880.85,11895.0,09:20:00,11895.292581104268,4,2
2019-06-14,11873.65,11886.7,11872.7,11885.15,09:25:00,11893.23138290386,4,3
2019-06-14,11866.65,11873.8,11858.15,11873.8,09:30:00,11890.699822627304,4,4
2019-06-14,11867.55,11871.75,11861.7,11866.95,09:35:00,11888.495077615178,4,5
2019-06-14,11854.6,11873.15,11854.0,11867.2,09:40:00,11885.26697498516,4,6
2019-06-14,11855.25,11859.8,11849.55,11854.25,09:45:00,11882.408215462763,4,7
2019-06-14,11858.9,11861.4,11852.4,11854.75,09:50:00,11880.169337799643,4,8
2019-06-14,11869.95,11872.6,11858.15,11859.05,09:55:00,11879.196067533012,4,9
2019-06-14,11872.8,11877.6,11869.9,11870.15,10:00:00,11878.586918244157,4,10
2019-06-14,11869.65,11872.9,11866.15,11872.85,10:05:00,11877.735783173284,4,11
2019-06-14,11880.55,11881.2,11869.2,11869.2,10:10:00,11878.003803823449,4,12
2019-06-14,11876.75,11883.45,11876.15,11880.75,10:15:00,11877.8843939355,4,13
2019-06-14,11883.25,11883.9,11874.15,11876.9,10:20:00,11878.395404036884,4,14
2019-06-14,11878.2,11883.55,11877.35,11882.95,10:25:00,11878.376794128608,4,15
2019-06-14,11867.6,11878.25,11862.3,11878.25,10:30:00,11877.350432783029,4,16
2019-06-14,11863.3,11868.75,11861.3,11867.75,10:35:00,11876.0122963275,4,17
2019-06-14,11866.25,11869.4,11862.6,11863.6,10:40:00,11875.08255382012,4,18
2019-06-14,11855.35,11867.1,11851.95,11866.5,10:45:00,11873.20326298011,4,19
2019-06-14,11858.2,11860.2,11854.7,11855.55,10:50:00,11871.774380791529,4,20
2019-06-14,11861.15,11864.25,11856.2,11858.6,10:55:00,11870.76253500186,4,21
2019-06-14,11863.35,11863.7,11858.25,11861.1,11:00:00,11870.056579287397,4,22
2019-06-14,11854.85,11863.55,11854.55,11863.55,11:05:00,11868.608333640976,4,23
2019-06-14,11856.2,11859.45,11853.85,11854.45,11:10:00,11867.426587579932,4,24
2019-06-14,11848.85,11856.45,11845.35,11856.45,11:15:00,11865.657388762796,4,25
2019-06-14,11852.9,11854.25,11848.95,11849.5,11:20:00,11864.442399356816,4,26
2019-06-14,11857.0,11857.3,11851.65,11852.85,11:25:00,11863.733599418072,4,27
2019-06-14,11854.25,11857.35,11853.55,11857.25,11:30:00,11862.830399473494,4,28
2019-06-14,11850.9,11856.25,11850.75,11854.55,11:35:00,11861.694170952209,4,29
2019-06-14,11848.55,11854.0,11848.0,11850.85,11:40:00,11860.442345147236,4,30
2019-06-14,11846.8,11849.95,11839.35,11848.4,11:45:00,11859.143074180833,4,31
2019-06-14,11849.05,11850.35,11844.6,11846.65,11:50:00,11858.181829020754,4,32
2019-06-14,11845.45,11849.65,11843.55,11849.35,11:55:00,11856.96927387592,4,33
2019-06-14,11844.6,11847.4,11843.45,11845.35,12:00:00,11855.791247792498,4,34
2019-06-14,11851.35,11851.6,11840.55,11844.55,12:05:00,11855.368271812262,4,35
2019-06-14,11851.4,11854.15,11850.4,11851.4,12:10:00,11854.990341163477,4,36
2019-06-14,11850.9,11852.2,11845.95,11851.5,12:15:00,11854.600784862192,4,37
2019-06-14,11862.65,11864.8,11851.0,11851.0,12:20:00,11855.367376780076,4,38
2019-06-14,11867.8,11868.3,11860.0,11863.2,12:25:00,11856.551436134356,4,39
2019-06-14,11863.95,11869.55,11863.5,11867.55,12:30:00,11857.256061264416,4,40
2019-06-14,11858.25,11865.5,11857.9,11864.15,12:35:00,11857.350722096378,4,41
2019-06-14,11855.75,11859.45,11855.75,11858.35,12:40:00,11857.198272372914,4,42
2019-06-14,11864.95,11865.2,11854.95,11855.8,12:45:00,11857.936532146923,4,43
2019-06-14,11859.2,11865.7,11858.6,11865.0,12:50:00,11858.056862418644,4,44
2019-06-14,11863.85,11866.4,11858.75,11859.1,12:55:00,11858.608589807343,4,45
2019-06-14,11859.45,11864.25,11857.7,11864.1,13:00:00,11858.688724111407,4,46
2019-06-14,11846.25,11861.15,11843.4,11859.7,13:05:00,11857.504083719845,4,47
2019-06-14,11850.75,11851.7,11846.05,11846.65,13:10:00,11856.860837651288,4,48
2019-06-14,11848.85,11850.35,11842.95,11850.35,13:15:00,11856.097900732118,4,49
2019-06-14,11850.9,11851.8,11846.1,11849.4,13:20:00,11855.602862567155,4,50
2019-06-14,11854.95,11856.6,11850.1,11851.4,13:25:00,11855.540685179809,4,51
2019-06-14,11850.0,11855.0,11850.0,11854.75,13:30:00,11855.013000876968,4,52
2019-06-14,11848.15,11850.45,11843.3,11850.15,13:35:00,11854.359381745826,4,53
2019-06-14,11857.6,11860.9,11847.55,11848.4,13:40:00,11854.668012055748,4,54
2019-06-14,11851.85,11857.55,11851.2,11857.55,13:45:00,11854.3996299552,4,55
2019-06-14,11845.25,11852.0,11842.05,11852.0,13:50:00,11853.528236626133,4,56
2019-06-14,11852.8,11856.1,11842.6,11845.35,13:55:00,11853.458880756978,4,57
2019-06-14,11851.7,11854.15,11849.95,11852.95,14:00:00,11853.291368303931,4,58
2019-06-14,11849.65,11853.35,11847.85,11851.75,14:05:00,11852.944571322603,4,59
2019-06-14,11851.5,11852.6,11847.05,11850.0,14:10:00,11852.806993101403,4,60
2019-06-14,11851.2,11852.6,11848.55,11851.45,14:15:00,11852.653946139366,4,61
2019-06-14,11850.35,11856.95,11847.1,11851.1,14:20:00,11852.434522697522,4,62
2019-06-14,11852.9,11855.2,11849.1,11851.5,14:25:00,11852.478853869186,4,63
2019-06-14,11860.45,11862.9,11855.9,11856.0,14:30:00,11853.238010643548,4,64
2019-06-14,11855.9,11868.3,11855.0,11861.05,14:35:00,11853.4915334394,4,65
2019-06-14,11864.6,11866.1,11853.55,11856.5,14:40:00,11854.54948263565,4,66
2019-06-14,11872.3,11877.75,11864.8,11865.95,14:45:00,11856.24000809892,4,67
2019-06-14,11861.5,11875.05,11861.15,11873.7,14:50:00,11856.740959708546,4,68
2019-06-14,11870.15,11872.75,11861.75,11862.55,14:55:00,11858.018011164875,4,69
2019-06-14,11852.6,11874.0,11849.15,11870.4,15:00:00,11857.502010101554,4,70
2019-06-14,11829.55,11852.75,11826.3,11852.65,15:05:00,11854.839913901407,4,71
2019-06-14,11806.65,11830.5,11804.95,11830.5,15:10:00,11850.250398291748,4,72
2019-06-14,11814.35,11818.25,11797.7,11807.05,15:15:00,11846.831312740152,4,73
2019-06-14,11812.1,11815.9,11805.25,11814.05,15:20:00,11843.523568669663,4,74
2019-06-14,11810.85,11814.15,11807.05,11812.6,15:25:00,11840.411800224934,4,75
2019-06-17,11787.95,11837.55,11784.45,11837.55,09:15:00,11835.415438298747,0,1
2019-06-17,11782.2,11786.05,11770.3,11784.05,09:20:00,11830.347301317915,0,2
2019-06-17,11765.4,11786.35,11765.4,11781.95,09:25:00,11824.161844049542,0,3
2019-06-17,11770.35,11770.35,11757.05,11763.5,09:30:00,11819.036906521014,0,4
2019-06-17,11767.7,11771.45,11762.5,11770.7,09:35:00,11814.147677328538,0,5
2019-06-17,11766.85,11769.55,11759.2,11767.2,09:40:00,11809.64313663058,0,6
2019-06-17,11763.5,11769.25,11761.35,11766.65,09:45:00,11805.248552189574,0,7
2019-06-17,11756.9,11767.1,11752.25,11763.4,09:50:00,11800.64392817152,0,8
2019-06-17,11759.55,11763.3,11754.55,11757.2,09:55:00,11796.730220726617,0,9
2019-06-17,11746.95,11762.35,11742.9,11759.8,10:00:00,11791.98924732408,0,10
2019-06-17,11748.25,11751.15,11745.85,11747.3,10:05:00,11787.823604721789,0,11
2019-06-17,11758.75,11760.25,11747.4,11748.5,10:10:00,11785.054689986378,0,12
2019-06-17,11751.7,11758.35,11750.6,11758.35,10:15:00,11781.87805284482,0,13
2019-06-17,11746.8,11755.7,11746.8,11752.15,10:20:00,11778.537285907218,0,14
2019-06-17,11748.45,11751.7,11746.95,11747.85,10:25:00,11775.67183010653,0,15
2019-06-17,11747.75,11749.0,11742.65,11748.2,10:30:00,11773.012608191624,0,16
2019-06-17,11755.0,11758.45,11749.05,11749.05,10:35:00,11771.297121697184,0,17
2019-06-17,11753.3,11756.1,11750.05,11755.55,10:40:00,11769.583110106976,0,18
2019-06-17,11749.5,11754.05,11749.35,11754.05,10:45:00,11767.670432953932,0,19
2019-06-17,11755.55,11761.55,11748.95,11750.05,10:50:00,11766.516106005936,0,20
2019-06-17,11768.15,11768.95,11754.8,11755.35,10:55:00,11766.67171495775,0,21
2019-06-17,11758.25,11768.45,11758.25,11768.25,11:00:00,11765.869646866537,0,22
2019-06-17,11754.35,11759.9,11753.65,11758.45,11:05:00,11764.772537641153,0,23
2019-06-17,11748.05,11754.6,11748.05,11754.15,11:10:00,11763.179915008664,0,24
2019-06-17,11750.45,11754.0,11745.95,11747.9,11:15:00,11761.967542150694,0,25
2019-06-17,11745.4,11751.7,11745.35,11750.4,11:20:00,11760.389680993483,0,26
2019-06-17,11746.75,11751.3,11744.25,11745.75,11:25:00,11759.090663756013,0,27
2019-06-17,11738.35,11747.1,11737.15,11747.1,11:30:00,11757.115362445917,0,28
2019-06-17,11738.7,11743.15,11736.25,11739.2,11:35:00,11755.361518403448,0,29
2019-06-17,11737.9,11739.6,11733.25,11739.1,11:40:00,11753.698516650738,0,30
2019-06-17,11738.05,11738.5,11736.05,11738.4,11:45:00,11752.20818173162,0,31
2019-06-17,11738.1,11743.85,11737.75,11737.85,11:50:00,11750.864545376227,0,32
2019-06-17,11736.1,11738.45,11734.75,11738.25,11:55:00,11749.45839819754,0,33
2019-06-17,11732.85,11736.25,11730.8,11735.95,12:00:00,11747.87664598825,0,34
2019-06-17,11727.45,11734.3,11727.45,11732.95,12:05:00,11745.931251132226,0,35
2019-06-17,11721.1,11727.1,11719.15,11727.05,12:10:00,11743.566370072014,0,36
2019-06-17,11722.7,11726.9,11721.2,11721.45,12:15:00,11741.579096731824,0,37
2019-06-17,11728.55,11729.95,11722.4,11722.65,12:20:00,11740.33823037641,0,38
2019-06-17,11724.1,11729.05,11723.3,11728.4,12:25:00,11738.791732245323,0,39
2019-06-17,11725.25,11727.75,11721.2,11723.95,12:30:00,11737.502043460056,0,40
2019-06-17,11717.6,11725.4,11716.3,11724.9,12:35:00,11735.606610749575,0,41
2019-06-17,11715.5,11718.25,11712.35,11718.05,12:40:00,11733.691695440091,0,42
2019-06-17,11714.0,11720.25,11711.25,11716.15,12:45:00,11731.816295874369,0,43
2019-06-17,11723.75,11723.85,11713.55,11714.85,12:50:00,11731.048077219666,0,44
2019-06-17,11720.05,11725.95,11719.45,11724.0,12:55:00,11730.000641293984,0,45
2019-06-17,11717.45,11720.75,11713.6,11720.15,13:00:00,11728.805342123129,0,46
2019-06-17,11724.1,11724.6,11713.95,11718.0,13:05:00,11728.35721430188,0,47
2019-06-17,11710.1,11727.9,11709.05,11724.4,13:10:00,11726.618431987414,0,48
2019-06-17,11715.6,11717.5,11708.85,11709.2,13:15:00,11725.56905751242,0,49
2019-06-17,11707.05,11715.05,11705.2,11715.05,13:20:00,11723.805337749334,0,50
2019-06-17,11711.25,11712.55,11706.3,11706.65,13:25:00,11722.609591297018,0,51
2019-06-17,11709.7,11716.05,11704.05,11711.5,13:30:00,11721.380106411589,0,52
2019-06-17,11704.75,11710.3,11703.2,11709.25,13:35:00,11719.796286753342,0,53
2019-06-17,11709.2,11711.75,11702.5,11704.2,13:40:00,11718.787116586356,0,54
2019-06-17,11708.85,11714.35,11707.4,11708.35,13:45:00,11717.840724530512,0,55
2019-06-17,11702.45,11711.55,11701.4,11709.15,13:50:00,11716.374941241893,0,56
2019-06-17,11703.05,11703.2,11697.6,11702.0,13:55:00,11715.105899218855,0,57
2019-06-17,11702.05,11707.75,11700.7,11703.6,14:00:00,11713.86248024563,0,58
2019-06-17,11711.2,11713.6,11702.15,11702.3,14:05:00,11713.608910698427,0,59
2019-06-17,11705.95,11712.05,11704.55,11711.7,14:10:00,11712.87949063191,0,60
2019-06-17,11705.25,11708.35,11701.4,11705.45,14:15:00,11712.15287247649,0,61
2019-06-17,11711.1,11711.65,11703.65,11705.6,14:20:00,11712.0525989073,0,62
2019-06-17,11710.9,11716.05,11706.1,11711.7,14:25:00,11711.942827582796,0,63
2019-06-17,11714.5,11717.6,11711.15,11711.15,14:30:00,11712.186367813005,0,64
2019-06-17,11710.5,11716.9,11708.15,11715.3,14:35:00,11712.025761354624,0,65
2019-06-17,11693.9,11710.45,11693.9,11710.45,14:40:00,11710.29949836847,0,66
2019-06-17,11698.8,11698.8,11691.95,11694.1,14:45:00,11709.20430804766,0,67
2019-06-17,11696.85,11700.5,11694.45,11699.2,14:50:00,11708.02770728122,0,68
2019-06-17,11701.7,11706.15,11697.0,11697.45,14:55:00,11707.425068492532,0,69
2019-06-17,11686.9,11702.4,11683.35,11702.05,15:00:00,11705.470300064671,0,70
2019-06-17,11674.8,11688.05,11672.35,11686.6,15:05:00,11702.54931910613,0,71
2019-06-17,11666.65,11676.5,11663.05,11674.95,15:10:00,11699.130336334118,0,72
2019-06-17,11664.7,11667.5,11657.75,11666.75,15:15:00,11695.851256683249,0,73
2019-06-17,11667.3,11668.75,11658.95,11665.2,15:20:00,11693.132089380082,0,74
2019-06-17,11674.85,11677.75,11667.4,11667.5,15:25:00,11691.39093801055,0,75
2019-06-18,11708.55,11712.4,11673.45,11673.45,09:15:00,11693.025134390498,1,1
2019-06-18,11699.5,11716.55,11699.25,11707.5,09:20:00,11693.64178825807,1,2
2019-06-18,11687.9,11699.6,11685.3,11699.2,09:25:00,11693.094951281111,1,3
2019-06-18,11678.55,11689.5,11663.9,11688.2,09:30:00,11691.709717825768,1,4
2019-06-18,11671.85,11686.95,11671.7,11678.85,09:35:00,11689.818316128076,1,5
2019-06-18,11672.8,11673.8,11662.8,11671.7,09:40:00,11688.19752411588,1,6
2019-06-18,11670.35,11680.1,11666.55,11672.9,09:45:00,11686.497759914368,1,7
2019-06-18,11683.8,11685.65,11669.75,11670.3,09:50:00,11686.240830398714,1,8
2019-06-18,11694.8,11696.25,11682.55,11683.45,09:55:00,11687.05598940836,1,9
2019-06-18,11718.1,11719.6,11694.45,11694.75,10:00:00,11690.01256184566,1,10
2019-06-18,11711.4,11719.7,11705.5,11717.45,10:05:00,11692.0494607175,1,11
2019-06-18,11710.85,11716.4,11709.5,11711.0,10:10:00,11693.839988268212,1,12
2019-06-18,11711.05,11712.45,11706.8,11709.6,10:15:00,11695.479037004574,1,13
2019-06-18,11706.75,11711.15,11701.5,11710.95,10:20:00,11696.552462051755,1,14
2019-06-18,11703.45,11707.7,11699.65,11706.55,10:25:00,11697.20937042778,1,15
2019-06-18,11698.75,11704.4,11695.7,11703.25,10:30:00,11697.356097053706,1,16
2019-06-18,11697.15,11699.5,11690.35,11698.7,10:35:00,11697.336468762876,1,17
2019-06-18,11692.45,11698.15,11690.1,11696.45,10:40:00,11696.871090785458,1,18
2019-06-18,11690.25,11695.85,11689.15,11692.15,10:45:00,11696.240510710652,1,19
2019-06-18,11682.85,11690.6,11682.2,11690.4,10:50:00,11694.965223976304,1,20
2019-06-18,11684.3,11685.2,11678.8,11682.05,10:55:00,11693.949488359514,1,21
2019-06-18,11689.5,11689.85,11679.7,11683.25,11:00:00,11693.52572756337,1,22
2019-06-18,11688.65,11694.65,11686.95,11689.15,11:05:00,11693.061372557337,1,23
2019-06-18,11681.85,11689.2,11680.85,11688.5,11:10:00,11691.99362278997,1,24
2019-06-18,11698.15,11699.75,11681.5,11682.0,11:15:00,11692.57994442902,1,25
2019-06-18,11708.55,11708.55,11696.55,11698.45,11:20:00,11694.100902102447,1,26
2019-06-18,11705.65,11708.4,11697.35,11708.4,11:25:00,11695.200816187928,1,27
2019-06-18,11704.35,11707.3,11702.15,11705.6,11:30:00,11696.072167027174,1,28
2019-06-18,11705.65,11705.7,11699.6,11703.7,11:35:00,11696.984341596011,1,29
2019-06-18,11713.65,11713.65,11704.65,11707.9,11:40:00,11698.5715471583,1,30
2019-06-18,11708.15,11717.95,11706.65,11714.45,11:45:00,11699.483780762272,1,31
2019-06-18,11706.2,11708.65,11701.3,11708.25,11:50:00,11700.123420689675,1,32
2019-06-18,11703.6,11709.7,11702.0,11706.3,11:55:00,11700.454523481134,1,33
2019-06-18,11699.25,11704.0,11695.55,11704.0,12:00:00,11700.339806959122,1,34
2019-06-18,11703.95,11705.8,11696.85,11698.95,12:05:00,11700.683634867775,1,35
2019-06-18,11705.55,11707.25,11699.9,11704.05,12:10:00,11701.147098213703,1,36
2019-06-18,11713.65,11714.3,11705.65,11705.65,12:15:00,11702.33785076478,1,37
2019-06-18,11709.55,11714.15,11707.45,11713.7,12:20:00,11703.024722120514,1,38
2019-06-18,11708.4,11710.55,11706.15,11709.85,12:25:00,11703.536653347132,1,39
2019-06-18,11722.15,11723.5,11708.65,11709.0,12:30:00,11705.309353028357,1,40
2019-06-18,11718.45,11727.2,11716.25,11722.6,12:35:00,11706.560843216132,1,41
2019-06-18,11718.5,11722.6,11717.65,11718.9,12:40:00,11707.697905766976,1,42
2019-06-18,11714.7,11718.65,11711.65,11718.35,12:45:00,11708.364771884408,1,43
2019-06-18,11718.7,11719.55,11712.6,11714.4,12:50:00,11709.349079323987,1,44
2019-06-18,11715.5,11719.55,11714.15,11719.05,12:55:00,11709.934881293131,1,45
2019-06-18,11719.6,11720.1,11714.15,11715.1,13:00:00,11710.855368789023,1,46
2019-06-18,11721.7,11721.95,11717.45,11719.65,13:05:00,11711.888190809115,1,47
2019-06-18,11720.2,11724.6,11719.25,11721.8,13:10:00,11712.67979168444,1,48
2019-06-18,11712.55,11721.7,11712.2,11720.25,13:15:00,11712.667430571635,1,49
2019-06-18,11688.7,11712.7,11684.65,11712.35,13:20:00,11710.384818136245,1,50
2019-06-18,11687.8,11696.85,11684.15,11689.05,13:25:00,11708.233883075647,1,51
2019-06-18,11684.2,11687.35,11671.9,11687.0,13:30:00,11705.944941830348,1,52
2019-06-18,11677.25,11684.75,11674.2,11684.35,13:35:00,11703.212090227458,1,53
2019-06-18,11685.15,11685.55,11677.25,11677.9,13:40:00,11701.491891158175,1,54
2019-06-18,11694.15,11697.25,11684.55,11685.5,13:45:00,11700.792663428829,1,55
2019-06-18,11693.4,11696.5,11688.25,11694.25,13:50:00,11700.088600245128,1,56
2019-06-18,11688.55,11694.2,11686.6,11693.2,13:55:00,11698.989685936069,1,57
2019-06-18,11706.9,11707.2,11686.75,11688.75,14:00:00,11699.743049180252,1,58
2019-06-18,11704.55,11708.65,11700.55,11706.8,14:05:00,11700.200854020228,1,59
2019-06-18,11705.25,11709.35,11702.05,11703.95,14:10:00,11700.68172506592,1,60
2019-06-18,11717.8,11723.55,11705.3,11705.45,14:15:00,11702.312036964404,1,61
2019-06-18,11701.7,11720.35,11698.5,11718.0,14:20:00,11702.2537477297,1,62
2019-06-18,11695.2,11701.9,11683.35,11701.9,14:25:00,11701.581962231634,1,63
2019-06-18,11683.65,11696.2,11683.55,11695.6,14:30:00,11699.874156304812,1,64
2019-06-18,11683.5,11690.9,11683.0,11684.2,14:35:00,11698.314712847212,1,65
2019-06-18,11677.35,11684.7,11674.45,11682.7,14:40:00,11696.31807352843,1,66
2019-06-18,11667.6,11687.25,11667.25,11676.85,14:45:00,11693.583018906676,1,67
2019-06-18,11654.15,11671.6,11648.7,11668.1,14:50:00,11689.827493296514,1,68
2019-06-18,11641.3,11653.05,11641.3,11653.05,14:55:00,11685.205827268272,1,69
2019-06-18,11676.85,11680.7,11641.15,11641.15,15:00:00,11684.410034195103,1,70
2019-06-18,11691.75,11695.15,11675.3,11677.3,15:05:00,11685.109078557476,1,71
2019-06-18,11696.05,11697.1,11689.4,11692.3,15:10:00,11686.151071075812,1,72
2019-06-18,11700.4,11706.2,11696.05,11696.55,15:15:00,11687.508111925734,1,73
2019-06-18,11700.5,11701.15,11697.15,11701.15,15:20:00,11688.745434599474,1,74
2019-06-18,11700.8,11705.45,11697.7,11699.6,15:25:00,11689.893488447144,1,75
2019-06-19,11768.8,11774.7,11740.2,11740.2,09:15:00,11697.40839430932,2,1
2019-06-19,11779.7,11784.6,11769.35,11769.35,09:20:00,11705.245690089385,2,2
2019-06-19,11792.55,11792.55,11775.2,11779.4,09:25:00,11713.560386271349,2,3
2019-06-19,11796.5,11801.5,11791.55,11792.95,09:30:00,11721.45939710265,2,4
2019-06-19,11790.85,11802.5,11789.2,11796.75,09:35:00,11728.068025950017,2,5
2019-06-19,11781.8,11790.0,11778.9,11790.0,09:40:00,11733.18535681192,2,6
2019-06-19,11774.55,11784.95,11772.5,11781.7,09:45:00,11737.124846639355,2,7
2019-06-19,11776.4,11782.5,11773.6,11774.65,09:50:00,11740.865337435607,2,8
2019-06-19,11774.65,11778.65,11770.65,11776.55,09:55:00,11744.0829243465,2,9
2019-06-19,11778.85,11780.95,11772.8,11774.85,10:00:00,11747.39407440874,2,10
2019-06-19,11784.0,11786.75,11778.6,11778.65,10:05:00,11750.880353036478,2,11
2019-06-19,11785.0,11785.75,11780.1,11783.8,10:10:00,11754.12984322348,2,12
2019-06-19,11782.5,11789.6,11781.85,11784.95,10:15:00,11756.83176291648,2,13
2019-06-19,11776.8,11783.75,11775.85,11782.05,10:20:00,11758.733499781578,2,14
2019-06-19,11784.75,11784.9,11775.5,11777.4,10:25:00,11761.211261707142,2,15
2019-06-19,11784.95,11791.65,11781.65,11784.6,10:30:00,11763.47209392551,2,16
2019-06-19,11784.85,11787.4,11781.3,11784.9,10:35:00,11765.508084980223,2,17
2019-06-19,11778.65,11785.6,11777.85,11784.75,10:40:00,11766.759695934488,2,18
2019-06-19,11783.45,11783.45,11777.6,11778.7,10:45:00,11768.349248702632,2,19
2019-06-19,11782.35,11784.85,11779.9,11783.65,10:50:00,11769.682653588095,2,20
2019-06-19,11783.8,11784.75,11780.25,11782.2,10:55:00,11771.027162770182,2,21
2019-06-19,11779.85,11786.7,11779.65,11783.35,11:00:00,11771.867432982546,2,22
2019-06-19,11769.95,11779.75,11766.4,11779.55,11:05:00,11771.684820317543,2,23
2019-06-19,11760.15,11769.55,11758.7,11769.55,11:10:00,11770.586266001586,2,24
2019-06-19,11751.25,11761.6,11750.65,11759.8,11:15:00,11768.744716858577,2,25
2019-06-19,11741.95,11753.1,11741.8,11750.75,11:20:00,11766.192839062522,2,26
2019-06-19,11750.5,11756.8,11741.5,11741.7,11:25:00,11764.69828296133,2,27
2019-06-19,11742.5,11750.05,11741.7,11750.05,11:30:00,11762.584160774535,2,28
2019-06-19,11734.65,11744.25,11732.05,11742.25,11:35:00,11759.923764510297,2,29
2019-06-19,11717.05,11740.05,11717.05,11735.15,11:40:00,11755.840548842649,2,30
2019-06-19,11718.6,11726.55,11710.25,11717.55,11:45:00,11752.293829905257,2,31
2019-06-19,11721.5,11722.55,11712.6,11719.0,11:50:00,11749.361084199993,2,32
2019-06-19,11730.8,11731.15,11711.85,11721.6,11:55:00,11747.593361895231,2,33
2019-06-19,11717.15,11733.2,11716.7,11730.55,12:00:00,11744.693994095684,2,34
2019-06-19,11709.2,11719.65,11709.2,11717.25,12:05:00,11741.31361370562,2,35
2019-06-19,11714.9,11721.3,11706.25,11708.9,12:10:00,11738.79803144794,2,36
2019-06-19,11716.25,11717.9,11710.05,11715.4,12:15:00,11736.650599881472,2,37
2019-06-19,11706.75,11716.55,11702.4,11716.3,12:20:00,11733.802923702284,2,38
2019-06-19,11700.15,11707.7,11692.75,11707.3,12:25:00,11730.597883349685,2,39
2019-06-19,11706.15,11708.2,11695.6,11699.2,12:30:00,11728.269513506855,2,40
2019-06-19,11707.2,11715.9,11706.2,11706.35,12:35:00,11726.26289317287,2,41
2019-06-19,11702.05,11707.2,11701.6,11707.15,12:40:00,11723.956903346883,2,42
2019-06-19,11710.1,11710.85,11701.15,11702.2,12:45:00,11722.637198266228,2,43
2019-06-19,11705.05,11714.2,11704.45,11709.95,12:50:00,11720.962227002778,2,44
2019-06-19,11717.0,11717.5,11704.2,11705.5,12:55:00,11720.584872050133,2,45
2019-06-19,11720.55,11727.3,11717.0,11717.6,13:00:00,11720.5815509025,2,46
2019-06-19,11719.95,11721.8,11712.85,11720.85,13:05:00,11720.5214031975,2,47
2019-06-19,11709.15,11720.7,11708.5,11720.7,13:10:00,11719.438412416786,2,48
2019-06-19,11711.6,11711.85,11706.3,11709.4,13:15:00,11718.69189694852,2,49
2019-06-19,11705.6,11715.4,11703.25,11711.75,13:20:00,11717.445049620092,2,50
2019-06-19,11700.35,11708.75,11699.95,11705.65,13:25:00,11715.816949656271,2,51
2019-06-19,11716.0,11716.2,11695.95,11700.75,13:30:00,11715.834383022342,2,52
2019-06-19,11706.6,11716.45,11706.4,11716.15,13:35:00,11714.954917972596,2,53
2019-06-19,11709.65,11711.1,11703.1,11707.15,13:40:00,11714.449687689492,2,54
2019-06-19,11700.75,11709.85,11695.25,11709.55,13:45:00,11713.144955528587,2,55
2019-06-19,11705.6,11709.45,11700.1,11700.65,13:50:00,11712.426388335389,2,56
2019-06-19,11688.55,11707.4,11688.55,11706.15,13:55:00,11710.15244658916,2,57
2019-06-19,11681.3,11698.55,11681.3,11688.5,14:00:00,11707.404594533047,2,58
2019-06-19,11664.8,11682.35,11662.7,11681.3,14:05:00,11703.34701410133,2,59
2019-06-19,11674.65,11679.75,11664.8,11665.45,14:10:00,11700.6139651393,2,60
2019-06-19,11681.3,11686.5,11673.75,11674.5,14:15:00,11698.774539887936,2,61
2019-06-19,11674.9,11684.4,11672.05,11681.2,14:20:00,11696.500774184324,2,62
2019-06-19,11677.6,11688.35,11675.9,11676.3,14:25:00,11694.700700452484,2,63
2019-06-19,11654.25,11679.45,11649.8,11678.0,14:30:00,11690.848252790342,2,64
2019-06-19,11649.15,11660.65,11645.0,11654.35,14:35:00,11686.876990619832,2,65
2019-06-19,11647.2,11658.4,11643.0,11648.2,14:40:00,11683.09822960842,2,66
2019-06-19,11625.75,11651.25,11625.75,11647.0,14:45:00,11677.636493455238,2,67
2019-06-19,11638.95,11638.95,11625.1,11625.65,14:50:00,11673.95206550712,2,68
2019-06-19,11651.85,11654.7,11634.5,11639.15,14:55:00,11671.847106887397,2,69
2019-06-19,11667.4,11678.25,11652.0,11652.8,15:00:00,11671.42357289812,2,70
2019-06-19,11690.05,11692.1,11664.25,11668.1,15:05:00,11673.197518336396,2,71
2019-06-19,11698.05,11704.8,11683.1,11690.6,15:10:00,11675.564421351975,2,72
2019-06-19,11711.0,11711.8,11688.35,11697.95,15:15:00,11678.939238366076,2,73
2019-06-19,11710.2,11713.2,11700.95,11711.35,15:20:00,11681.916453759784,2,74
2019-06-19,11706.8,11712.0,11704.2,11710.6,15:25:00,11684.28631530647,2,75
2019-06-20,11651.1,11671.6,11644.55,11652.5,09:15:00,11681.12571384871,3,1
2019-06-20,11646.55,11654.7,11635.05,11651.55,09:20:00,11677.83278872026,3,2
2019-06-20,11649.05,11653.8,11639.5,11646.85,09:25:00,11675.091570746905,3,3
2019-06-20,11662.45,11667.3,11648.85,11649.35,09:30:00,11673.887611628152,3,4
2019-06-20,11670.85,11675.75,11657.75,11662.8,09:35:00,11673.598315282614,3,5
2019-06-20,11700.85,11700.85,11671.25,11671.25,09:40:00,11676.193713827128,3,6
2019-06-20,11690.7,11706.9,11686.45,11702.0,09:45:00,11677.575264891211,3,7
2019-06-20,11704.1,11710.7,11690.9,11690.9,09:50:00,11680.101430139666,3,8
2019-06-20,11709.2,11716.8,11703.45,11703.45,09:55:00,11682.872722507316,3,9
2019-06-20,11711.1,11718.25,11709.1,11709.7,10:00:00,11685.561034649478,3,10
2019-06-20,11719.2,11720.85,11708.2,11711.2,10:05:00,11688.764745635242,3,11
2019-06-20,11723.8,11725.1,11715.3,11718.45,10:10:00,11692.101436527124,3,12
2019-06-20,11716.95,11725.45,11713.75,11723.95,10:15:00,11694.467966381684,3,13
2019-06-20,11715.4,11720.0,11711.7,11716.55,10:20:00,11696.461493392952,3,14
2019-06-20,11708.9,11719.0,11708.5,11715.3,10:25:00,11697.646113069814,3,15
2019-06-20,11711.1,11714.45,11707.75,11708.65,10:30:00,11698.927435634594,3,16
2019-06-20,11713.7,11718.75,11707.25,11710.85,10:35:00,11700.33434652654,3,17
2019-06-20,11716.95,11719.35,11711.8,11713.2,10:40:00,11701.916789714487,3,18
2019-06-20,11717.45,11721.75,11711.15,11716.8,10:45:00,11703.396143075011,3,19
2019-06-20,11731.9,11736.15,11716.6,11717.6,10:50:00,11706.110796115488,3,20
2019-06-20,11736.65,11737.6,11727.1,11732.05,10:55:00,11709.019291723536,3,21
2019-06-20,11734.7,11742.65,11732.1,11737.3,11:00:00,11711.465073464153,3,22
2019-06-20,11737.6,11741.4,11730.0,11734.6,11:05:00,11713.954114086617,3,23
2019-06-20,11738.65,11741.0,11735.05,11737.2,11:10:00,11716.306103221224,3,24
2019-06-20,11736.4,11742.45,11734.9,11738.1,11:15:00,11718.219807676343,3,25
2019-06-20,11742.15,11745.95,11735.85,11736.2,11:20:00,11720.49887361193,3,26
2019-06-20,11724.5,11742.35,11721.15,11741.85,11:25:00,11720.879933267935,3,27
2019-06-20,11718.65,11727.2,11716.9,11724.4,11:30:00,11720.66755867099,3,28
2019-06-20,11718.35,11722.8,11710.85,11718.3,11:35:00,11720.44683879756,3,29
2019-06-20,11719.0,11727.9,11717.85,11718.45,11:40:00,11720.309044626363,3,30
2019-06-20,11724.0,11724.55,11719.1,11719.2,11:45:00,11720.66056418576,3,31
2019-06-20,11730.3,11732.75,11724.1,11724.1,11:50:00,11721.57860569188,3,32
2019-06-20,11732.2,11736.35,11729.0,11730.2,11:55:00,11722.590167054555,3,33
2019-06-20,11736.5,11740.8,11731.2,11732.05,12:00:00,11723.91491304936,3,34
2019-06-20,11731.1,11736.25,11723.05,11736.25,12:05:00,11724.59920704466,3,35
2019-06-20,11729.05,11735.4,11727.85,11730.4,12:10:00,11725.023092088024,3,36
2019-06-20,11737.05,11738.6,11728.5,11729.0,12:15:00,11726.168511889166,3,37
2019-06-20,11738.2,11741.1,11732.65,11736.95,12:20:00,11727.31436789972,3,38
2019-06-20,11735.15,11740.0,11733.25,11737.9,12:25:00,11728.060618575935,3,39
2019-06-20,11738.25,11740.05,11735.05,11735.5,12:30:00,11729.03103585442,3,40
2019-06-20,11752.4,11752.4,11737.4,11738.05,12:35:00,11731.25665148733,3,41
2019-06-20,11755.0,11755.0,11748.1,11752.2,12:40:00,11733.517922774252,3,42
2019-06-20,11753.9,11760.7,11753.35,11755.1,12:45:00,11735.459072986228,3,43
2019-06-20,11752.8,11754.4,11749.25,11753.8,12:50:00,11737.11058984468,3,44
2019-06-20,11756.7,11759.65,11750.25,11752.55,12:55:00,11738.97624795471,3,45
2019-06-20,11750.85,11761.15,11750.5,11756.9,13:00:00,11740.107081482833,3,46
2019-06-20,11744.3,11755.8,11744.0,11751.05,13:05:00,11740.506407055896,3,47
2019-06-20,11733.3,11747.6,11733.3,11743.95,13:10:00,11739.820082574382,3,48
2019-06-20,11735.6,11743.85,11730.5,11733.55,13:15:00,11739.41816994825,3,49
2019-06-20,11736.05,11740.95,11735.65,11735.75,13:20:00,11739.097391857942,3,50
2019-06-20,11743.25,11748.65,11733.6,11736.5,13:25:00,11739.49287834766,3,51
2019-06-20,11735.4,11742.4,11734.1,11742.4,13:30:00,11739.103080409788,3,52
2019-06-20,11752.1,11752.1,11735.55,11735.75,13:35:00,11740.340882275525,3,53
2019-06-20,11751.95,11753.85,11746.85,11752.2,13:40:00,11741.446512534998,3,54
2019-06-20,11745.75,11756.25,11745.15,11752.0,13:45:00,11741.856368484046,3,55
2019-06-20,11756.85,11757.45,11745.25,11745.95,13:50:00,11743.28433339033,3,56
2019-06-20,11762.95,11762.95,11750.6,11757.0,13:55:00,11745.15725401982,3,57
2019-06-20,11770.05,11772.15,11761.6,11762.55,14:00:00,11747.52799173222,3,58
2019-06-20,11772.65,11776.1,11766.75,11769.15,14:05:00,11749.9205639482,3,59
2019-06-20,11769.3,11776.4,11763.5,11773.35,14:10:00,11751.766224524565,3,60
2019-06-20,11771.4,11777.9,11765.9,11771.7,14:15:00,11753.636107903176,3,61
2019-06-20,11759.4,11771.7,11756.95,11771.7,14:20:00,11754.185050007636,3,62
2019-06-20,11768.7,11770.7,11756.8,11759.7,14:25:00,11755.567426197384,3,63
2019-06-20,11778.2,11783.35,11768.8,11768.9,14:30:00,11757.722909416683,3,64
2019-06-20,11783.95,11786.65,11777.9,11778.65,14:35:00,11760.220727567475,3,65
2019-06-20,11780.35,11793.9,11780.3,11783.9,14:40:00,11762.137801132478,3,66
2019-06-20,11798.55,11798.55,11777.95,11780.3,14:45:00,11765.605629596052,3,67
2019-06-20,11807.6,11811.0,11798.3,11799.15,14:50:00,11769.605093444046,3,68
2019-06-20,11813.6,11815.3,11808.0,11808.0,14:55:00,11773.795084544614,3,69
2019-06-20,11824.45,11825.9,11813.55,11813.55,15:00:00,11778.619362207031,3,70
2019-06-20,11826.7,11827.6,11814.8,11824.55,15:05:00,11783.198470568266,3,71
2019-06-20,11838.2,11840.5,11827.1,11827.1,15:10:00,11788.436711466527,3,72
2019-06-20,11832.9,11842.15,11832.7,11838.15,15:15:00,11792.671310374477,3,73
2019-06-20,11834.05,11836.6,11831.15,11832.5,15:20:00,11796.61213795786,3,74
2019-06-20,11841.9,11843.5,11832.45,11833.75,15:25:00,11800.92526767616,3,75
2019-06-21,11787.4,11820.75,11776.55,11820.75,09:15:00,11799.637146945097,4,1
2019-06-21,11800.6,11811.7,11789.3,11789.95,09:20:00,11799.72884723604,4,2
2019-06-21,11799.4,11802.5,11794.0,11800.45,09:25:00,11799.697528451656,4,3
2019-06-21,11798.2,11811.05,11797.2,11799.5,09:30:00,11799.554906694357,4,4
2019-06-21,11795.5,11799.0,11789.45,11798.15,09:35:00,11799.168725104417,4,5
2019-06-21,11781.9,11796.1,11781.0,11796.1,09:40:00,11797.524084618282,4,6
2019-06-21,11773.95,11790.15,11773.45,11781.85,09:45:00,11795.278933702257,4,7
2019-06-21,11775.4,11778.15,11768.85,11773.7,09:50:00,11793.38570192109,4,8
2019-06-21,11786.55,11788.75,11774.9,11775.55,09:55:00,11792.73468269051,4,9
2019-06-21,11777.75,11786.7,11774.2,11786.7,10:00:00,11791.30757005332,4,10
2019-06-21,11782.2,11786.05,11774.85,11778.05,10:05:00,11790.440182429194,4,11
2019-06-21,11787.75,11790.35,11781.7,11781.9,10:10:00,11790.183974578797,4,12
2019-06-21,11787.1,11788.6,11783.35,11788.1,10:15:00,11789.890262714149,4,13
2019-06-21,11784.2,11791.3,11784.2,11786.5,10:20:00,11789.348332931848,4,14
2019-06-21,11787.9,11789.05,11784.25,11784.35,10:25:00,11789.210396462147,4,15
2019-06-21,11778.15,11787.65,11775.1,11787.55,10:30:00,11788.157025370514,4,16
2019-06-21,11776.4,11786.95,11775.4,11778.05,10:35:00,11787.03730866856,4,17
2019-06-21,11775.7,11778.55,11772.95,11776.45,10:40:00,11785.957564985842,4,18
2019-06-21,11760.6,11778.1,11758.6,11775.35,10:45:00,11783.542558796717,4,19
2019-06-21,11766.9,11771.0,11757.95,11760.7,10:50:00,11781.957553197028,4,20
2019-06-21,11771.55,11772.2,11765.5,11767.0,10:55:00,11780.966357654454,4,21
2019-06-21,11765.0,11771.65,11759.3,11771.35,11:00:00,11779.445752163554,4,22
2019-06-21,11771.0,11772.95,11763.3,11764.8,11:05:00,11778.641394814644,4,23
2019-06-21,11771.0,11776.9,11770.6,11771.4,11:10:00,11777.913642927537,4,24
2019-06-21,11770.15,11770.95,11765.85,11770.95,11:15:00,11777.174248363008,4,25
2019-06-21,11766.2,11772.2,11764.5,11769.95,11:20:00,11776.129081852248,4,26
2019-06-21,11773.55,11773.95,11765.6,11766.55,11:25:00,11775.883455009174,4,27
2019-06-21,11773.6,11779.55,11773.1,11773.85,11:30:00,11775.665983103538,4,28
2019-06-21,11769.45,11773.25,11766.95,11773.25,11:35:00,11775.073984712724,4,29
2019-06-21,11776.45,11778.2,11767.75,11768.95,11:40:00,11775.205033787704,4,30
2019-06-21,11779.8,11783.35,11773.6,11776.05,11:45:00,11775.642649617446,4,31
2019-06-21,11778.65,11783.1,11777.95,11779.75,11:50:00,11775.929063939591,4,32
2019-06-21,11793.2,11796.15,11778.0,11778.8,11:55:00,11777.573914992963,4,33
2019-06-21,11789.2,11793.95,11785.15,11793.05,12:00:00,11778.681161184111,4,34
2019-06-21,11783.75,11790.3,11782.95,11788.85,12:05:00,11779.163907738006,4,35
2019-06-21,11779.15,11786.0,11778.8,11783.45,12:10:00,11779.16258319153,4,36
2019-06-21,11782.3,11782.45,11771.4,11779.05,12:15:00,11779.461384792336,4,37
2019-06-21,11782.9,11787.75,11781.5,11781.85,12:20:00,11779.788871954972,4,38
2019-06-21,11783.65,11786.0,11781.2,11782.5,12:25:00,11780.156598435453,4,39
2019-06-21,11775.4,11785.35,11772.6,11783.8,12:30:00,11779.703589060648,4,40
2019-06-21,11771.65,11779.3,11768.25,11775.25,12:35:00,11778.936580578682,4,41
2019-06-21,11774.15,11774.85,11765.75,11771.35,12:40:00,11778.480715761663,4,42
2019-06-21,11774.45,11778.2,11771.7,11774.35,12:45:00,11778.096838070078,4,43
2019-06-21,11769.75,11776.15,11769.2,11774.6,12:50:00,11777.301901111025,4,44
2019-06-21,11769.95,11775.5,11767.4,11769.25,12:55:00,11776.601720052831,4,45
2019-06-21,11775.6,11776.1,11769.5,11769.5,13:00:00,11776.506318143038,4,46
2019-06-21,11769.1,11776.45,11768.0,11775.5,13:05:00,11775.800954510369,4,47
2019-06-21,11777.85,11782.75,11769.15,11769.2,13:10:00,11775.996101699857,4,48
2019-06-21,11772.6,11780.1,11772.55,11777.6,13:15:00,11775.672663442729,4,49
2019-06-21,11788.65,11788.95,11772.25,11772.95,13:20:00,11776.908600257708,4,50
2019-06-21,11784.85,11788.9,11781.9,11787.45,13:25:00,11777.664924042689,4,51
2019-06-21,11771.95,11785.2,11769.35,11785.2,13:30:00,11777.120645562432,4,52
2019-06-21,11775.8,11779.55,11772.15,11772.15,13:35:00,11776.994869794582,4,53
2019-06-21,11780.7,11781.75,11774.45,11775.75,13:40:00,11777.347739337956,4,54
2019-06-21,11771.55,11782.95,11771.3,11781.1,13:45:00,11776.795573686722,4,55
2019-06-21,11765.75,11775.0,11764.65,11772.05,13:50:00,11775.743614287989,4,56
2019-06-21,11741.85,11766.5,11734.95,11766.5,13:55:00,11772.515651022464,4,57
2019-06-21,11725.1,11742.15,11721.75,11742.15,14:00:00,11767.999874734607,4,58
2019-06-21,11727.5,11735.8,11716.75,11725.65,14:05:00,11764.142743807502,4,59
2019-06-21,11728.0,11738.1,11727.35,11728.2,14:10:00,11760.7005777306,4,60
2019-06-21,11742.0,11743.35,11721.95,11728.85,14:15:00,11758.919570327684,4,61
2019-06-21,11738.9,11746.6,11736.8,11743.65,14:20:00,11757.01294458219,4,62
2019-06-21,11732.95,11743.5,11732.3,11739.2,14:25:00,11754.72123557436,4,63
2019-06-21,11737.15,11739.9,11731.1,11733.5,14:30:00,11753.04778456728,4,64
2019-06-21,11741.95,11746.9,11732.2,11737.05,14:35:00,11751.990852703728,4,65
2019-06-21,11744.0,11748.95,11735.75,11741.65,14:40:00,11751.229819112898,4,66
2019-06-21,11747.75,11750.35,11738.95,11743.85,14:45:00,11750.898407768813,4,67
2019-06-21,11758.05,11758.35,11746.95,11747.4,14:50:00,11751.579511790833,4,68
2019-06-21,11764.2,11771.9,11753.5,11758.75,14:55:00,11752.781463048846,4,69
2019-06-21,11722.35,11765.35,11717.45,11764.5,15:00:00,11749.883228472763,4,70
2019-06-21,11716.75,11722.75,11705.1,11722.5,15:05:00,11746.727682903933,4,71
2019-06-21,11724.1,11726.0,11716.45,11716.65,15:10:00,11744.57266548451,4,72
2019-06-21,11721.8,11729.05,11720.45,11724.25,15:15:00,11742.40384020027,4,73
2019-06-21,11733.6,11734.35,11721.45,11722.1,15:20:00,11741.565379228816,4,74
2019-06-21,11732.95,11735.0,11716.85,11734.55,15:25:00,11740.744866921308,4,75
2019-06-24,11736.65,11754.0,11724.35,11724.35,09:15:00,11740.354879595468,0,1
2019-06-24,11729.0,11737.75,11721.0,11736.15,09:20:00,11739.273462491135,0,2
2019-06-24,11747.5,11748.2,11728.8,11728.8,09:25:00,11740.056942253888,0,3
2019-06-24,11739.7,11750.7,11736.55,11746.35,09:30:00,11740.022947753518,0,4
2019-06-24,11737.4,11741.05,11732.35,11739.5,09:35:00,11739.773143205564,0,5
2019-06-24,11716.1,11737.9,11715.65,11737.8,09:40:00,11737.518558138368,0,6
2019-06-24,11698.35,11718.6,11693.5,11715.25,09:45:00,11733.788219268046,0,7
2019-06-24,11692.65,11703.5,11687.3,11698.65,09:50:00,11729.870293623471,0,8
2019-06-24,11706.2,11707.7,11690.2,11693.15,09:55:00,11727.615979945043,0,9
2019-06-24,11703.55,11707.2,11697.5,11706.1,10:00:00,11725.32398185504,0,10
2019-06-24,11696.45,11708.2,11696.2,11704.45,10:05:00,11722.574078821228,0,11
2019-06-24,11697.55,11701.05,11693.45,11696.35,10:10:00,11720.190833219203,0,12
2019-06-24,11707.15,11707.15,11697.15,11697.15,10:15:00,11718.948849103092,0,13
2019-06-24,11712.25,11715.15,11706.6,11707.45,10:20:00,11718.310863474226,0,14
2019-06-24,11711.75,11716.15,11707.1,11711.55,10:25:00,11717.686019333823,0,15
2019-06-24,11707.05,11715.6,11706.75,11712.35,10:30:00,11716.673065111556,0,16
2019-06-24,11707.1,11712.85,11703.8,11707.0,10:35:00,11715.76134462474,0,17
2019-06-24,11702.95,11707.65,11701.35,11707.55,10:40:00,11714.54121656524,0,18
2019-06-24,11705.0,11707.85,11700.7,11702.8,10:45:00,11713.632529273316,0,19
2019-06-24,11706.85,11710.45,11703.65,11704.55,10:50:00,11712.986574104429,0,20
2019-06-24,11703.15,11711.85,11702.5,11706.15,10:55:00,11712.049757523053,0,21
2019-06-24,11700.3,11703.25,11695.35,11703.05,11:00:00,11710.930732997049,0,22
2019-06-24,11701.05,11703.6,11697.45,11699.65,11:05:00,11709.989710806853,0,23
2019-06-24,11701.3,11703.4,11697.45,11701.25,11:10:00,11709.162119301438,0,24
2019-06-24,11705.75,11709.65,11700.75,11701.9,11:15:00,11708.837155558444,0,25
2019-06-24,11706.55,11708.95,11702.85,11705.2,11:20:00,11708.619331219545,0,26
2019-06-24,11705.9,11710.0,11703.6,11706.35,11:25:00,11708.360347293874,0,27
2019-06-24,11703.4,11707.3,11701.0,11705.95,11:30:00,11707.887933265887,0,28
2019-06-24,11700.95,11708.35,11700.95,11703.25,11:35:00,11707.227177716755,0,29
2019-06-24,11708.35,11708.35,11701.4,11701.5,11:40:00,11707.334113172305,0,30
2019-06-24,11718.95,11721.3,11708.45,11709.2,11:45:00,11708.440388108274,0,31
2019-06-24,11722.45,11730.0,11718.8,11719.0,11:50:00,11709.774636859867,0,32
2019-06-24,11725.85,11725.85,11717.8,11722.25,11:55:00,11711.305623825594,0,33
2019-06-24,11730.15,11735.2,11724.5,11724.8,12:00:00,11713.100326318394,0,34
2019-06-24,11724.8,11731.5,11723.3,11730.1,12:05:00,11714.214580954736,0,35
2019-06-24,11727.15,11727.5,11721.2,11725.05,12:10:00,11715.446525625714,0,36
2019-06-24,11721.3,11728.95,11721.3,11727.35,12:15:00,11716.003999375647,0,37
2019-06-24,11727.1,11729.25,11720.4,11722.8,12:20:00,11717.060761339872,0,38
2019-06-24,11730.7,11734.65,11727.1,11728.4,12:25:00,11718.35973645036,0,39
2019-06-24,11720.8,11730.65,11719.75,11730.55,12:30:00,11718.592142502706,0,40
2019-06-24,11719.75,11724.45,11714.8,11721.1,12:35:00,11718.702414645306,0,41
2019-06-24,11721.65,11722.25,11717.3,11720.05,12:40:00,11718.98313706004,0,42
2019-06-24,11729.25,11730.0,11718.6,11722.1,12:45:00,11719.96093353051,0,43
2019-06-24,11722.3,11730.95,11720.9,11729.5,12:50:00,11720.1837017657,0,44
2019-06-24,11724.65,11724.8,11717.85,11722.25,12:55:00,11720.6090635023,0,45
2019-06-24,11716.45,11724.8,11714.9,11723.65,13:00:00,11720.212962216368,0,46
2019-06-24,11717.0,11719.6,11707.4,11716.15,13:05:00,11719.906965814807,0,47
2019-06-24,11713.5,11719.45,11710.15,11717.15,13:10:00,11719.296778594353,0,48
2019-06-24,11717.3,11717.3,11708.35,11713.7,13:15:00,11719.106609204411,0,49
2019-06-24,11717.45,11718.05,11713.5,11717.1,13:20:00,11718.948836899232,0,50
2019-06-24,11719.85,11722.25,11713.15,11716.9,13:25:00,11719.034661956446,0,51
2019-06-24,11720.95,11727.5,11720.65,11721.1,13:30:00,11719.21707510345,0,52
2019-06-24,11718.9,11724.45,11717.7,11722.15,13:35:00,11719.18687747455,0,53
2019-06-24,11717.4,11719.6,11709.7,11719.6,13:40:00,11719.016698667452,0,54
2019-06-24,11718.35,11720.35,11714.7,11717.3,13:45:00,11718.953203556266,0,55
2019-06-24,11721.85,11721.85,11716.45,11717.9,13:50:00,11719.22908893186,0,56
2019-06-24,11715.0,11720.9,11710.8,11720.9,13:55:00,11718.826318557398,0,57
2019-06-24,11700.75,11715.05,11696.4,11715.05,14:00:00,11717.104764409074,0,58
2019-06-24,11703.0,11705.95,11699.2,11700.55,14:05:00,11715.761453512972,0,59
2019-06-24,11703.55,11705.2,11701.15,11704.1,14:10:00,11714.598457940308,0,60
2019-06-24,11699.2,11703.75,11694.0,11703.7,14:15:00,11713.13193813647,0,61
2019-06-24,11688.5,11699.95,11688.5,11698.95,14:20:00,11710.786039266331,0,62
2019-06-24,11690.45,11691.5,11679.35,11687.75,14:25:00,11708.84927362192,0,63
2019-06-24,11682.25,11692.25,11680.85,11691.2,14:30:00,11706.316009467451,0,64
2019-06-24,11684.15,11685.55,11672.25,11682.1,14:35:00,11704.20496094674,0,65
2019-06-24,11672.55,11686.2,11670.7,11684.65,14:40:00,11701.190202761336,0,66
2019-06-24,11680.9,11681.65,11670.2,11671.65,14:45:00,11699.257802498352,0,67
2019-06-24,11690.1,11690.1,11680.3,11680.3,14:50:00,11698.385630831845,0,68
2019-06-24,11686.2,11694.7,11682.35,11690.25,14:55:00,11697.225094562144,0,69
2019-06-24,11700.15,11709.15,11687.35,11687.35,15:00:00,11697.503656984796,0,70
2019-06-24,11690.55,11703.65,11690.05,11700.8,15:05:00,11696.841403938624,0,71
2019-06-24,11694.8,11696.45,11688.2,11690.35,15:10:00,11696.646984515895,0,72
2019-06-24,11703.9,11706.1,11692.65,11694.45,15:15:00,11697.337747895335,0,73
2019-06-24,11707.75,11708.55,11703.45,11704.35,15:20:00,11698.329390952922,0,74
2019-06-24,11702.7,11710.25,11702.2,11709.05,15:25:00,11698.745639433597,0,75
2019-06-25,11664.3,11683.3,11651.0,11678.25,09:15:00,11695.46510234468,1,1
2019-06-25,11662.7,11667.65,11652.3,11664.85,09:20:00,11692.344616407092,1,2
2019-06-25,11664.55,11673.5,11663.4,11663.4,09:25:00,11689.697510082606,1,3
2019-06-25,11669.5,11670.0,11659.1,11665.1,09:30:00,11687.773937693786,1,4
2019-06-25,11671.45,11671.6,11667.3,11669.25,09:35:00,11686.219276961045,1,5
2019-06-25,11688.15,11688.8,11670.25,11671.6,09:40:00,11686.403155345706,1,6
2019-06-25,11686.25,11693.8,11684.9,11687.9,09:45:00,11686.388569122306,1,7
2019-06-25,11693.6,11697.1,11682.65,11685.9,09:50:00,11687.075372063038,1,8
2019-06-25,11702.9,11705.95,11693.8,11693.85,09:55:00,11688.582479485603,1,9
2019-06-25,11704.5,11705.1,11697.35,11703.5,10:00:00,11690.09843382031,1,10
2019-06-25,11697.95,11710.75,11695.7,11704.45,10:05:00,11690.8462020279,1,11
2019-06-25,11698.6,11702.1,11694.2,11697.8,10:10:00,11691.584658977625,1,12
2019-06-25,11689.55,11699.05,11689.25,11698.25,10:15:00,11691.390881932137,1,13
2019-06-25,11692.3,11695.85,11686.5,11689.4,10:20:00,11691.477464605265,1,14
2019-06-25,11695.25,11695.9,11690.2,11692.2,10:25:00,11691.83675369048,1,15
2019-06-25,11704.0,11704.1,11694.4,11695.4,10:30:00,11692.995158100908,1,16
2019-06-25,11701.8,11708.75,11701.8,11703.7,10:35:00,11693.833714472252,1,17
2019-06-25,11700.5,11703.7,11696.4,11702.1,10:40:00,11694.46859880823,1,18
2019-06-25,11698.25,11705.0,11698.05,11700.3,10:45:00,11694.828732255064,1,19
2019-06-25,11701.0,11701.05,11694.55,11697.9,10:50:00,11695.416472040297,1,20
2019-06-25,11696.35,11701.15,11694.85,11701.15,10:55:00,11695.50537946503,1,21
2019-06-25,11694.6,11697.25,11689.45,11696.2,11:00:00,11695.419152849312,1,22
2019-06-25,11693.45,11695.7,11689.8,11694.25,11:05:00,11695.231614482713,1,23
2019-06-25,11696.95,11702.65,11693.6,11693.6,11:10:00,11695.395270246265,1,24
2019-06-25,11695.25,11701.5,11695.0,11696.85,11:15:00,11695.381434984714,1,25
2019-06-25,11702.25,11704.65,11695.1,11695.45,11:20:00,11696.035584033789,1,26
2019-06-25,11699.95,11702.85,11697.45,11702.15,11:25:00,11696.40838555438,1,27
2019-06-25,11707.8,11707.8,11699.4,11699.75,11:30:00,11697.493301215867,1,28
2019-06-25,11704.15,11711.3,11703.75,11707.95,11:35:00,11698.127272528642,1,29
2019-06-25,11704.35,11705.0,11699.3,11704.4,11:40:00,11698.7199132402,1,30
2019-06-25,11706.0,11711.5,11704.4,11704.45,11:45:00,11699.413254836372,1,31
2019-06-25,11709.2,11709.5,11701.7,11705.5,11:50:00,11700.345325804336,1,32
2019-06-25,11712.95,11717.15,11709.15,11709.15,11:55:00,11701.545770965828,1,33
2019-06-25,11709.2,11716.35,11708.85,11712.55,12:00:00,11702.27474515956,1,34
2019-06-25,11720.3,11722.0,11707.6,11708.65,12:05:00,11703.991436096743,1,35
2019-06-25,11726.7,11729.2,11716.15,11720.7,12:10:00,11706.154156468485,1,36
2019-06-25,11733.35,11733.35,11724.8,11726.65,12:15:00,11708.74423680482,1,37
2019-06-25,11731.95,11735.35,11728.1,11733.45,12:20:00,11710.954309490076,1,38
2019-06-25,11732.0,11734.95,11727.3,11731.85,12:25:00,11712.958660967211,1,39
2019-06-25,11726.45,11733.9,11725.7,11732.4,12:30:00,11714.243550398907,1,40
2019-06-25,11721.05,11727.4,11717.95,11726.1,12:35:00,11714.89178369425,1,41
2019-06-25,11723.35,11724.0,11719.15,11720.4,12:40:00,11715.69732810432,1,42
2019-06-25,11731.6,11732.6,11723.65,11724.6,12:45:00,11717.21186828486,1,43
2019-06-25,11732.25,11733.65,11729.05,11731.55,12:50:00,11718.64407130535,1,44
2019-06-25,11730.5,11737.25,11730.4,11732.6,12:55:00,11719.773207371509,1,45
2019-06-25,11735.7,11735.75,11728.45,11731.3,13:00:00,11721.290044764695,1,46
2019-06-25,11735.05,11736.5,11730.75,11735.95,13:05:00,11722.60051669187,1,47
2019-06-25,11747.9,11752.15,11732.95,11735.4,13:10:00,11725.009991292643,1,48
2019-06-25,11748.75,11753.2,11745.75,11747.55,13:15:00,11727.270944502869,1,49
2019-06-25,11750.15,11750.8,11744.25,11748.35,13:20:00,11729.44990216926,1,50
2019-06-25,11756.6,11758.25,11749.5,11749.7,13:25:00,11732.035625772189,1,51
2019-06-25,11761.55,11764.2,11757.6,11757.65,13:30:00,11734.846518555789,1,52
2019-06-25,11770.15,11771.5,11760.8,11761.4,13:35:00,11738.208754883808,1,53
2019-06-25,11775.55,11777.05,11766.5,11771.6,13:40:00,11741.765063942494,1,54
2019-06-25,11766.9,11779.3,11763.75,11777.0,13:45:00,11744.158867376542,1,55
2019-06-25,11766.05,11772.85,11764.45,11767.1,13:50:00,11746.243737150206,1,56
2019-06-25,11765.95,11772.15,11764.1,11766.0,13:55:00,11748.12052408828,1,57
2019-06-25,11774.6,11777.45,11764.9,11766.15,14:00:00,11750.642378937016,1,58
2019-06-25,11781.55,11781.9,11771.6,11774.85,14:05:00,11753.585961895396,1,59
2019-06-25,11777.15,11784.65,11776.65,11782.75,14:10:00,11755.830156000597,1,60
2019-06-25,11789.05,11791.65,11778.8,11779.25,14:15:00,11758.993950667204,1,61
2019-06-25,11788.25,11790.95,11781.65,11789.95,14:20:00,11761.780241079854,1,62
2019-06-25,11775.65,11789.45,11773.85,11788.05,14:25:00,11763.10117050082,1,63
2019-06-25,11783.75,11784.35,11775.3,11776.25,14:30:00,11765.06772569122,1,64
2019-06-25,11791.65,11793.8,11783.35,11784.4,14:35:00,11767.599370863483,1,65
2019-06-25,11787.9,11791.65,11784.15,11791.3,14:40:00,11769.53276411458,1,66
2019-06-25,11788.2,11792.0,11781.6,11786.95,14:45:00,11771.310596103667,1,67
2019-06-25,11795.75,11796.35,11784.4,11788.35,14:50:00,11773.638158379508,1,68
2019-06-25,11793.2,11799.6,11790.25,11795.6,14:55:00,11775.501190914792,1,69
2019-06-25,11806.25,11814.4,11794.35,11794.35,15:00:00,11778.429648922907,1,70
2019-06-25,11809.05,11814.15,11806.45,11806.45,15:05:00,11781.34587283501,1,71
2019-06-25,11797.15,11809.1,11796.75,11808.65,15:10:00,11782.851027803104,1,72
2019-06-25,11787.3,11796.9,11783.3,11796.9,15:15:00,11783.274739440903,1,73
2019-06-25,11787.05,11791.6,11784.25,11787.5,15:20:00,11783.63428806558,1,74
2019-06-25,11777.85,11788.45,11774.35,11788.45,15:25:00,11783.083403487906,1,75
2019-06-26,11784.8,11789.1,11757.55,11766.3,09:15:00,11783.246888870011,2,1
2019-06-26,11801.35,11805.9,11783.2,11783.2,09:20:00,11784.970994691914,2,2
2019-06-26,11809.1,11814.8,11802.05,11802.05,09:25:00,11787.268995197444,2,3
2019-06-26,11813.55,11816.1,11803.7,11809.3,09:30:00,11789.771948035785,2,4
2019-06-26,11825.5,11827.15,11812.35,11813.65,09:35:00,11793.174619651423,2,5
2019-06-26,11829.05,11839.1,11824.45,11825.55,09:40:00,11796.591322541764,2,6
2019-06-26,11832.55,11835.7,11829.15,11829.4,09:45:00,11800.015958490168,2,7
2019-06-26,11827.45,11832.25,11821.75,11831.85,09:50:00,11802.628724348246,2,8
2019-06-26,11817.65,11827.6,11817.25,11827.2,09:55:00,11804.059322029363,2,9
2019-06-26,11824.0,11825.9,11816.7,11817.4,10:00:00,11805.958434217046,2,10
2019-06-26,11814.4,11825.5,11812.4,11824.15,10:05:00,11806.76239286304,2,11
2019-06-26,11818.9,11822.05,11813.5,11813.55,10:10:00,11807.918355447511,2,12
2019-06-26,11826.05,11827.25,11818.9,11819.2,10:15:00,11809.645178738225,2,13
2019-06-26,11823.8,11830.05,11822.05,11826.45,10:20:00,11810.993256953632,2,14
2019-06-26,11827.5,11827.65,11822.25,11823.65,10:25:00,11812.565327719953,2,15
2019-06-26,11815.0,11828.3,11814.15,11827.3,10:30:00,11812.797201270434,2,16
2019-06-26,11816.15,11817.2,11811.5,11814.9,10:35:00,11813.116515435157,2,17
2019-06-26,11815.45,11821.8,11814.75,11815.5,10:40:00,11813.338752060376,2,18
2019-06-26,11814.95,11820.25,11814.6,11816.1,10:45:00,11813.492204245103,2,19
2019-06-26,11806.45,11815.55,11796.35,11815.3,10:50:00,11812.821518126522,2,20
2019-06-26,11797.35,11806.85,11790.8,11806.1,10:55:00,11811.348040209712,2,21
2019-06-26,11809.5,11810.7,11797.6,11797.6,11:00:00,11811.172036380216,2,22
2019-06-26,11813.65,11815.95,11807.9,11808.95,11:05:00,11811.408032915431,2,23
2019-06-26,11817.45,11820.95,11812.9,11813.25,11:10:00,11811.98345835206,2,24
2019-06-26,11821.1,11821.5,11815.05,11817.4,11:15:00,11812.851700413768,2,25
2019-06-26,11821.4,11825.05,11820.05,11820.75,11:20:00,11813.665824183889,2,26
2019-06-26,11814.2,11821.35,11813.5,11821.15,11:25:00,11813.716698071135,2,27
2019-06-26,11811.75,11816.15,11811.6,11814.65,11:30:00,11813.52939349293,2,28
2019-06-26,11807.45,11815.7,11806.15,11812.0,11:35:00,11812.95040363646,2,29
2019-06-26,11809.3,11810.25,11804.3,11807.7,11:40:00,11812.602746147271,2,30
2019-06-26,11812.8,11814.1,11809.1,11809.15,11:45:00,11812.621532228484,2,31
2019-06-26,11815.1,11815.1,11810.6,11812.65,11:50:00,11812.857576778151,2,32
2019-06-26,11818.6,11819.3,11812.35,11815.2,11:55:00,11813.404474227851,2,33
2019-06-26,11821.5,11823.9,11817.05,11818.5,12:00:00,11814.175476682343,2,34
2019-06-26,11817.7,11822.6,11815.55,11821.45,12:05:00,11814.51114556974,2,35
2019-06-26,11820.95,11821.35,11817.65,11817.9,12:10:00,11815.124369801191,2,36
2019-06-26,11816.7,11821.65,11816.2,11821.0,12:15:00,11815.274429820129,2,37
2019-06-26,11831.95,11833.8,11816.65,11816.75,12:20:00,11816.862579361068,2,38
2019-06-26,11833.95,11835.2,11831.15,11832.5,12:25:00,11818.489952755252,2,39
2019-06-26,11831.9,11837.05,11831.25,11834.4,12:30:00,11819.767100111894,2,40
2019-06-26,11830.4,11832.25,11825.9,11831.3,12:35:00,11820.779757244096,2,41
2019-06-26,11830.7,11835.1,11830.35,11830.55,12:40:00,11821.724542268468,2,42
2019-06-26,11827.9,11831.3,11823.75,11830.45,12:45:00,11822.312681100044,2,43
2019-06-26,11827.7,11830.2,11825.95,11828.0,12:50:00,11822.825759090516,2,44
2019-06-26,11823.25,11827.6,11822.15,11827.55,12:55:00,11822.866162986656,2,45
2019-06-26,11819.2,11823.4,11812.05,11823.3,13:00:00,11822.517004606974,2,46
2019-06-26,11821.35,11824.15,11818.6,11818.75,13:05:00,11822.405861311072,2,47
2019-06-26,11816.65,11824.0,11816.05,11821.3,13:10:00,11821.85768404335,2,48
2019-06-26,11817.4,11821.5,11812.65,11816.6,13:15:00,11821.43314270589,2,49
2019-06-26,11809.95,11817.95,11805.6,11817.15,13:20:00,11820.339510067231,2,50
2019-06-26,11818.5,11819.4,11809.05,11810.1,13:25:00,11820.164318632258,2,51
2019-06-26,11824.65,11826.2,11818.4,11818.8,13:30:00,11820.591526381566,2,52
2019-06-26,11829.2,11830.45,11820.7,11824.7,13:35:00,11821.411381011894,2,53
2019-06-26,11827.0,11831.4,11826.15,11829.3,13:40:00,11821.943630439331,2,54
2019-06-26,11829.2,11829.75,11824.9,11826.45,13:45:00,11822.634713254634,2,55
2019-06-26,11822.85,11833.75,11822.2,11829.5,13:50:00,11822.655216754194,2,56
2019-06-26,11821.45,11825.25,11819.8,11823.1,13:55:00,11822.540434206176,2,57
2019-06-26,11821.55,11823.0,11810.95,11820.95,14:00:00,11822.44610713892,2,58
2019-06-26,11824.0,11829.1,11820.3,11821.65,14:05:00,11822.594096935216,2,59
2019-06-26,11829.25,11830.95,11823.25,11823.45,14:10:00,11823.227992465196,2,60
2019-06-26,11835.25,11838.0,11828.95,11829.15,14:15:00,11824.372945563748,2,61
2019-06-26,11828.85,11835.85,11828.2,11835.5,14:20:00,11824.799331700537,2,62
2019-06-26,11829.35,11829.75,11821.75,11828.75,14:25:00,11825.232728681436,2,63
2019-06-26,11825.75,11835.6,11821.6,11829.2,14:30:00,11825.281992616538,2,64
2019-06-26,11833.65,11834.4,11825.8,11825.95,14:35:00,11826.078945700676,2,65
2019-06-26,11857.2,11857.9,11831.65,11833.6,14:40:00,11829.042855633945,2,66
2019-06-26,11865.0,11868.35,11851.05,11856.35,14:45:00,11832.467345573568,2,67
2019-06-26,11859.4,11870.4,11855.0,11863.7,14:50:00,11835.032360280848,2,68
2019-06-26,11865.7,11871.85,11859.25,11860.2,14:55:00,11837.95308787315,2,69
2019-06-26,11855.25,11864.5,11853.15,11864.45,15:00:00,11839.600412837612,2,70
2019-06-26,11843.35,11854.75,11841.15,11854.4,15:05:00,11839.957516376886,2,71
2019-06-26,11850.0,11853.3,11843.3,11843.3,15:10:00,11840.913943388612,2,72
2019-06-26,11844.2,11849.8,11840.2,11849.8,15:15:00,11841.226901161124,2,73
2019-06-26,11841.8,11846.3,11841.05,11843.35,15:20:00,11841.281482002922,2,74
2019-06-26,11841.35,11843.5,11839.4,11841.3,15:25:00,11841.288007526451,2,75
2019-06-27,11882.9,11882.9,11859.45,11859.75,09:15:00,11845.251054428696,3,1
2019-06-27,11875.45,11886.75,11875.1,11883.0,09:20:00,11848.127144483104,3,2
2019-06-27,11877.65,11879.0,11865.3,11875.5,09:25:00,11850.938845008524,3,3
2019-06-27,11874.8,11879.35,11871.9,11878.05,09:30:00,11853.211335960092,3,4
2019-06-27,11870.55,11874.9,11868.9,11874.9,09:35:00,11854.862637297229,3,5
2019-06-27,11866.35,11873.85,11866.0,11870.7,09:40:00,11855.956671840348,3,6
2019-06-27,11867.5,11868.8,11862.9,11866.55,09:45:00,11857.056036426982,3,7
2019-06-27,11868.1,11871.25,11865.75,11868.25,09:50:00,11858.107842481557,3,8
2019-06-27,11870.2,11874.05,11866.45,11868.2,09:55:00,11859.259476530931,3,9
2019-06-27,11875.8,11876.05,11869.6,11870.45,10:00:00,11860.834764480363,3,10
2019-06-27,11882.9,11884.5,11874.2,11876.9,10:05:00,11862.936215482236,3,11
2019-06-27,11881.0,11887.6,11880.2,11883.45,10:10:00,11864.6565759125,3,12
2019-06-27,11885.65,11890.0,11879.4,11880.6,10:15:00,11866.655949635118,3,13
2019-06-27,11884.8,11888.05,11881.15,11885.7,10:20:00,11868.383954431774,3,14
2019-06-27,11884.3,11888.05,11882.4,11884.7,10:25:00,11869.899768295416,3,15
2019-06-27,11885.55,11886.9,11883.55,11884.7,10:30:00,11871.390266552997,3,16
2019-06-27,11890.65,11894.8,11884.75,11885.2,10:35:00,11873.224526881284,3,17
2019-06-27,11887.85,11893.2,11885.7,11890.25,10:40:00,11874.617429083066,3,18
2019-06-27,11882.55,11888.3,11879.15,11888.05,10:45:00,11875.372912027537,3,19
2019-06-27,11886.95,11887.25,11882.2,11882.75,10:50:00,11876.475491834435,3,20
2019-06-27,11890.55,11891.65,11886.05,11887.05,10:55:00,11877.815921183535,3,21
2019-06-27,11888.7,11893.85,11887.75,11890.4,11:00:00,11878.85250011844,3,22
2019-06-27,11890.4,11891.25,11887.25,11888.65,11:05:00,11879.95226201192,3,23
2019-06-27,11893.2,11895.8,11888.8,11890.25,11:10:00,11881.213951344118,3,24
2019-06-27,11893.65,11895.2,11890.95,11893.0,11:15:00,11882.398336930391,3,25
2019-06-27,11893.4,11896.45,11892.25,11894.1,11:20:00,11883.446114365595,3,26
2019-06-27,11888.8,11894.15,11887.9,11893.7,11:25:00,11883.956008235538,3,27
2019-06-27,11888.95,11890.55,11885.05,11888.85,11:30:00,11884.43162649882,3,28
2019-06-27,11893.35,11894.0,11888.25,11888.85,11:35:00,11885.280995403697,3,29
2019-06-27,11893.05,11894.7,11890.8,11893.4,11:40:00,11886.020900603342,3,30
2019-06-27,11893.3,11896.2,11892.05,11893.15,11:45:00,11886.714148164929,3,31
2019-06-27,11898.05,11898.2,11893.05,11893.05,11:50:00,11887.7937531016,3,32
2019-06-27,11900.05,11901.6,11895.7,11897.7,11:55:00,11888.961014710972,3,33
2019-06-27,11886.35,11900.6,11883.9,11899.8,12:00:00,11888.71234664326,3,34
2019-06-27,11887.15,11888.9,11882.6,11886.2,12:05:00,11888.563551724856,3,35
2019-06-27,11884.0,11887.5,11877.95,11887.35,12:10:00,11888.12892775106,3,36
2019-06-27,11885.3,11887.9,11883.1,11883.55,12:15:00,11887.85950606048,3,37
2019-06-27,11886.1,11888.3,11883.75,11885.9,12:20:00,11887.69193405472,3,38
2019-06-27,11896.0,11896.9,11886.85,11886.85,12:25:00,11888.483178430462,3,39
2019-06-27,11893.75,11896.75,11893.4,11896.1,12:30:00,11888.984780484703,3,40
2019-06-27,11893.45,11894.85,11888.0,11894.2,12:35:00,11889.410039486162,3,41
2019-06-27,11897.6,11900.05,11893.25,11893.5,12:40:00,11890.190035725574,3,42
2019-06-27,11904.6,11904.6,11896.25,11897.45,12:45:00,11891.56241327552,3,43
2019-06-27,11904.15,11906.65,11902.35,11904.05,12:50:00,11892.761231058805,3,44
2019-06-27,11895.8,11904.7,11895.5,11903.55,12:55:00,11893.050637624632,3,45
2019-06-27,11900.2,11900.2,11894.85,11895.55,13:00:00,11893.73152927943,3,46
2019-06-27,11905.25,11905.35,11899.05,11900.25,13:05:00,11894.828526490914,3,47
2019-06-27,11898.7,11905.3,11897.1,11905.3,13:10:00,11895.197238253684,3,48
2019-06-27,11901.05,11903.8,11897.5,11898.4,13:15:00,11895.754644134286,3,49
2019-06-27,11906.9,11909.4,11899.85,11900.6,13:20:00,11896.816106597687,3,50
2019-06-27,11907.8,11910.7,11905.0,11906.75,13:25:00,11897.86219168362,3,51
2019-06-27,11907.95,11911.15,11906.15,11908.05,13:30:00,11898.8229353328,3,52
2019-06-27,11877.35,11908.75,11870.9,11907.4,13:35:00,11896.777893872531,3,53
2019-06-27,11877.7,11886.05,11864.9,11878.05,13:40:00,11894.960951598958,3,54
2019-06-27,11870.5,11877.05,11862.2,11877.05,13:45:00,11892.63133716096,3,55
2019-06-27,11880.05,11882.6,11869.7,11870.1,13:50:00,11891.433114574202,3,56
2019-06-27,11882.4,11885.8,11875.2,11880.25,13:55:00,11890.572817948088,3,57
2019-06-27,11864.1,11884.05,11861.55,11881.4,14:00:00,11888.051597191126,3,58
2019-06-27,11838.6,11865.15,11835.95,11864.2,14:05:00,11883.341921268162,3,59
2019-06-27,11848.0,11854.8,11829.95,11840.0,14:10:00,11879.976024004529,3,60
2019-06-27,11846.3,11850.1,11837.35,11848.05,14:15:00,11876.768783623143,3,61
2019-06-27,11863.65,11865.45,11845.9,11847.8,14:20:00,11875.519375659034,3,62
2019-06-27,11871.75,11872.7,11863.95,11864.2,14:25:00,11875.160387501031,3,63
2019-06-27,11868.25,11871.8,11862.95,11871.7,14:30:00,11874.502255358077,3,64
2019-06-27,11887.55,11891.1,11868.1,11868.65,14:35:00,11875.744897704924,3,65
2019-06-27,11885.25,11888.8,11878.5,11888.0,14:40:00,11876.65014554255,3,66
2019-06-27,11875.8,11886.8,11873.6,11884.95,14:45:00,11876.569179300404,3,67
2019-06-27,11882.2,11882.25,11874.85,11876.2,14:50:00,11877.10544793846,3,68
2019-06-27,11873.45,11884.2,11872.65,11882.3,14:55:00,11876.75731003956,3,69
2019-06-27,11830.4,11870.65,11821.05,11870.65,15:00:00,11872.342328131032,3,70
2019-06-27,11840.1,11840.1,11825.85,11829.75,15:05:00,11869.27163021379,3,71
2019-06-27,11846.15,11854.2,11839.2,11840.05,15:10:00,11867.069570193433,3,72
2019-06-27,11843.8,11846.75,11839.8,11846.45,15:15:00,11864.8534206512,3,73
2019-06-27,11847.1,11848.45,11842.05,11842.05,15:20:00,11863.16261868442,3,74
2019-06-27,11844.1,11846.95,11840.15,11845.85,15:25:00,11861.347131190663,3,75
2019-06-28,11865.45,11871.7,11853.4,11860.8,09:15:00,11861.737880601077,4,1
2019-06-28,11859.45,11866.15,11854.2,11864.9,09:20:00,11861.5199872105,4,2
2019-06-28,11838.3,11860.2,11838.3,11859.75,09:25:00,11859.308559857118,4,3
2019-06-28,11847.3,11847.35,11832.75,11838.25,09:30:00,11858.164887489773,4,4
2019-06-28,11828.85,11849.9,11828.35,11847.4,09:35:00,11855.372993443129,4,5
2019-06-28,11831.6,11835.95,11827.95,11829.0,09:40:00,11853.108898829498,4,6
2019-06-28,11831.1,11840.1,11828.5,11831.05,09:45:00,11851.01281322669,4,7
2019-06-28,11835.25,11837.0,11825.7,11830.55,09:50:00,11849.511592919383,4,8
2019-06-28,11849.95,11850.4,11834.95,11834.95,09:55:00,11849.55334597468,4,9
2019-06-28,11844.9,11853.2,11844.75,11850.1,10:00:00,11849.110170167569,4,10
2019-06-28,11840.25,11847.15,11838.0,11845.05,10:05:00,11848.266344437325,4,11
2019-06-28,11844.6,11846.35,11838.75,11840.5,10:10:00,11847.917168776628,4,12
2019-06-28,11839.95,11845.4,11837.2,11844.35,10:15:00,11847.158390797902,4,13
2019-06-28,11837.65,11840.2,11835.2,11840.2,10:20:00,11846.25282976953,4,14
2019-06-28,11836.4,11844.2,11835.5,11837.7,10:25:00,11845.314465029574,4,15
2019-06-28,11836.1,11839.9,11835.95,11836.95,10:30:00,11844.43689693152,4,16
2019-06-28,11833.1,11836.0,11829.85,11836.0,10:35:00,11843.357192461852,4,17
2019-06-28,11831.65,11835.5,11830.0,11833.4,10:40:00,11842.2422217512,4,18
2019-06-28,11826.0,11832.6,11825.2,11831.4,10:45:00,11840.69534348918,4,19
2019-06-28,11817.35,11825.75,11814.6,11825.4,10:50:00,11838.471977442592,4,20
2019-06-28,11816.55,11822.4,11814.95,11817.55,10:55:00,11836.384170067107,4,21
2019-06-28,11810.7,11818.2,11809.5,11816.0,11:00:00,11833.938058632146,4,22
2019-06-28,11815.5,11818.05,11810.65,11811.2,11:05:00,11832.182053048133,4,23
2019-06-28,11810.95,11815.25,11803.85,11815.1,11:10:00,11830.159952757833,4,24
2019-06-28,11807.05,11811.55,11804.35,11810.8,11:15:00,11827.959004876137,4,25
2019-06-28,11812.45,11816.4,11806.95,11806.95,11:20:00,11826.481956792692,4,26
2019-06-28,11807.6,11816.35,11806.15,11812.0,11:25:00,11824.68367519339,4,27
2019-06-28,11811.35,11812.5,11805.85,11807.35,11:30:00,11823.413801365448,4,28
2019-06-28,11814.3,11816.85,11810.05,11811.25,11:35:00,11822.545820283023,4,29
2019-06-28,11814.75,11816.55,11809.85,11813.35,11:40:00,11821.803361208453,4,30
2019-06-28,11810.65,11817.0,11809.5,11814.55,11:45:00,11820.741136331457,4,31
2019-06-28,11813.8,11814.8,11809.6,11810.2,11:50:00,11820.08007572846,4,32
2019-06-28,11808.4,11814.75,11806.4,11813.9,11:55:00,11818.967687563849,4,33
2019-06-28,11800.9,11809.75,11798.65,11806.5,12:00:00,11817.246955414908,4,34
2019-06-28,11807.65,11809.2,11798.4,11800.45,12:05:00,11816.332959661107,4,35
2019-06-28,11814.1,11817.0,11807.65,11807.9,12:10:00,11816.12029683624,4,36
2019-06-28,11814.05,11817.5,11811.4,11813.55,12:15:00,11815.923125708978,4,37
2019-06-28,11809.5,11814.45,11805.7,11813.9,12:20:00,11815.31139945098,4,38
2019-06-28,11814.15,11816.0,11808.7,11809.25,12:25:00,11815.20078997946,4,39
2019-06-28,11814.35,11816.05,11812.3,11813.9,12:30:00,11815.119762362368,4,40
2019-06-28,11810.35,11814.6,11807.05,11814.3,12:35:00,11814.665499280236,4,41
2019-06-28,11805.7,11810.5,11799.45,11809.7,12:40:00,11813.811642205928,4,42
2019-06-28,11808.25,11808.65,11804.45,11804.85,12:45:00,11813.28196199584,4,43
2019-06-28,11816.25,11817.3,11808.2,11808.2,12:50:00,11813.564632281952,4,44
2019-06-28,11823.55,11826.85,11815.95,11815.95,12:55:00,11814.51561968367,4,45
2019-06-28,11816.3,11823.9,11815.6,11823.15,13:00:00,11814.68556066618,4,46
2019-06-28,11819.2,11820.6,11814.6,11815.75,13:05:00,11815.1155072694,4,47
2019-06-28,11817.9,11820.0,11812.7,11820.0,13:10:00,11815.380697053266,4,48
2019-06-28,11813.95,11822.35,11813.95,11817.15,13:15:00,11815.24444019105,4,49
2019-06-28,11808.95,11814.9,11807.15,11813.7,13:20:00,11814.644969696665,4,50
2019-06-28,11810.8,11815.5,11807.3,11808.15,13:25:00,11814.278782106509,4,51
2019-06-28,11815.25,11815.3,11805.95,11810.4,13:30:00,11814.371279048744,4,52
2019-06-28,11819.3,11821.95,11814.6,11814.6,13:35:00,11814.8406810441,4,53
2019-06-28,11826.9,11827.4,11815.0,11819.1,13:40:00,11815.989187611329,4,54
2019-06-28,11815.5,11835.9,11815.5,11827.05,13:45:00,11815.942598315012,4,55
2019-06-28,11819.65,11822.95,11815.1,11815.1,13:50:00,11816.295684189772,4,56
2019-06-28,11813.0,11824.5,11813.0,11820.35,13:55:00,11815.98180950503,4,57
2019-06-28,11811.9,11812.95,11805.15,11812.25,14:00:00,11815.593065742649,4,58
2019-06-28,11807.45,11813.85,11807.4,11812.25,14:05:00,11814.817535671918,4,59
2019-06-28,11809.15,11811.8,11804.95,11806.9,14:10:00,11814.27777036983,4,60
2019-06-28,11808.45,11817.1,11807.45,11808.75,14:15:00,11813.722744620323,4,61
2019-06-28,11795.0,11808.85,11793.75,11807.85,14:20:00,11811.939626085055,4,62
2019-06-28,11794.8,11798.35,11787.45,11795.4,14:25:00,11810.307280743622,4,63
2019-06-28,11801.35,11801.35,11789.7,11795.05,14:30:00,11809.454206387089,4,64
2019-06-28,11795.9,11808.95,11795.9,11801.3,14:35:00,11808.163329588317,4,65
2019-06-28,11793.65,11797.2,11791.1,11795.85,14:40:00,11806.781107722763,4,66
2019-06-28,11784.4,11792.8,11775.5,11792.8,14:45:00,11804.64957365393,4,67
2019-06-28,11784.45,11789.45,11782.25,11784.35,14:50:00,11802.725804734508,4,68
2019-06-28,11781.8,11786.05,11777.9,11784.4,14:55:00,11800.732870950267,4,69
2019-06-28,11785.7,11797.95,11782.2,11782.2,15:00:00,11799.301168955006,4,70
2019-06-28,11791.2,11794.0,11785.05,11785.8,15:05:00,11798.52962905453,4,71
2019-06-28,11787.7,11794.35,11784.55,11792.05,15:10:00,11797.49823581124,4,72
2019-06-28,11795.7,11796.45,11784.05,11787.05,15:15:00,11797.326975257787,4,73
2019-06-28,11788.75,11797.9,11784.1,11795.55,15:20:00,11796.510120471334,4,74
2019-06-28,11792.9,11794.65,11788.9,11789.2,15:25:00,11796.166299474064,4,75
2019-07-01,11840.1,11853.25,11836.6,11836.6,09:15:00,11800.350461428914,0,1
2019-07-01,11846.0,11847.45,11830.8,11830.95,09:20:00,11804.69803653092,0,2
2019-07-01,11854.8,11860.85,11845.75,11846.05,09:25:00,11809.469652099404,0,3
2019-07-01,11855.6,11860.35,11853.2,11854.65,09:30:00,11813.863018566128,0,4
2019-07-01,11849.7,11858.35,11848.35,11855.65,09:35:00,11817.276064416972,0,5
2019-07-01,11844.6,11851.25,11841.2,11850.0,09:40:00,11819.878343996308,0,6
2019-07-01,11852.2,11855.6,11843.8,11844.55,09:45:00,11822.95659694904,0,7
2019-07-01,11847.25,11855.5,11847.2,11852.85,09:50:00,11825.270254382463,0,8
2019-07-01,11846.2,11854.3,11844.45,11847.05,09:55:00,11827.263563488896,0,9
2019-07-01,11845.65,11847.7,11839.5,11846.5,10:00:00,11829.01465268043,0,10
2019-07-01,11845.85,11852.4,11842.9,11845.2,10:05:00,11830.618019091817,0,11
2019-07-01,11842.1,11849.85,11840.3,11846.25,10:10:00,11831.711541083074,0,12
2019-07-01,11836.0,11846.35,11833.75,11842.4,10:15:00,11832.11996574183,0,13
2019-07-01,11841.25,11842.55,11835.75,11835.75,10:20:00,11832.989492814037,0,14
2019-07-01,11848.05,11848.8,11840.35,11841.5,10:25:00,11834.423826831748,0,15
2019-07-01,11855.2,11856.65,11844.15,11848.5,10:30:00,11836.402509990628,0,16
2019-07-01,11854.35,11863.7,11853.95,11854.95,10:35:00,11838.111794753426,0,17
2019-07-01,11859.05,11860.3,11853.8,11854.15,10:40:00,11840.105909538814,0,18
2019-07-01,11853.1,11858.9,11852.65,11858.8,10:45:00,11841.343441963689,0,19
2019-07-01,11854.9,11855.55,11848.75,11853.6,10:50:00,11842.63454272905,0,20
2019-07-01,11857.1,11858.55,11853.7,11855.1,10:55:00,11844.012205326284,0,21
2019-07-01,11857.75,11860.35,11854.65,11857.5,11:00:00,11845.320566723782,0,22
2019-07-01,11869.95,11871.7,11857.6,11857.6,11:05:00,11847.666227035805,0,23
2019-07-01,11869.25,11873.65,11868.1,11869.65,11:10:00,11849.721824460965,0,24
2019-07-01,11873.15,11874.25,11869.4,11869.4,11:15:00,11851.953079274206,0,25
2019-07-01,11867.75,11873.1,11867.45,11872.9,11:20:00,11853.457547914755,0,26
2019-07-01,11866.7,11868.15,11865.0,11867.85,11:25:00,11854.718733827636,0,27
2019-07-01,11872.95,11873.4,11866.1,11867.25,11:30:00,11856.45504489167,0,28
2019-07-01,11871.95,11875.1,11871.1,11873.45,11:35:00,11857.930754901989,0,29
2019-07-01,11864.0,11872.6,11863.4,11871.65,11:40:00,11858.508778244654,0,30
2019-07-01,11853.1,11864.85,11851.45,11863.95,11:45:00,11857.993656507067,0,31
2019-07-01,11857.25,11859.45,11853.1,11854.05,11:50:00,11857.922832077822,0,32
2019-07-01,11854.0,11861.0,11846.8,11857.75,11:55:00,11857.549229022792,0,33
2019-07-01,11852.8,11857.0,11852.35,11855.4,12:00:00,11857.096921496812,0,34
2019-07-01,11856.65,11857.1,11850.9,11853.05,12:05:00,11857.054357544735,0,35
2019-07-01,11855.3,11858.55,11855.0,11856.6,12:10:00,11856.887275873809,0,36
2019-07-01,11862.3,11864.95,11854.55,11855.65,12:15:00,11857.402773409634,0,37
2019-07-01,11859.35,11863.15,11858.05,11861.8,12:20:00,11857.5882235611,0,38
2019-07-01,11860.35,11862.3,11859.45,11859.85,12:25:00,11857.851249888612,0,39
2019-07-01,11857.4,11863.4,11857.05,11860.7,12:30:00,11857.808273708744,0,40
2019-07-01,11860.0,11862.5,11856.9,11857.35,12:35:00,11858.017009546007,0,41
2019-07-01,11860.9,11861.9,11857.95,11859.6,12:40:00,11858.291580065435,0,42
2019-07-01,11860.45,11862.35,11858.0,11861.25,12:45:00,11858.497143868728,0,43
2019-07-01,11863.3,11866.9,11860.35,11860.8,12:50:00,11858.954558738373,0,44
2019-07-01,11863.1,11864.6,11861.9,11863.4,12:55:00,11859.34936266805,0,45
2019-07-01,11857.95,11863.5,11855.3,11862.9,13:00:00,11859.216090032998,0,46
2019-07-01,11862.5,11863.3,11858.1,11858.1,13:05:00,11859.528843363189,0,47
2019-07-01,11862.7,11863.65,11858.2,11862.6,13:10:00,11859.83085828098,0,48
2019-07-01,11861.4,11866.3,11859.35,11862.8,13:15:00,11859.980300349458,0,49
2019-07-01,11856.7,11861.35,11855.45,11861.35,13:20:00,11859.667890792369,0,50
2019-07-01,11856.45,11857.9,11851.95,11856.75,13:25:00,11859.361425002618,0,51
2019-07-01,11857.65,11863.55,11856.8,11857.25,13:30:00,11859.198432145226,0,52
2019-07-01,11855.95,11858.3,11854.65,11857.45,13:35:00,11858.889057655204,0,53
2019-07-01,11860.95,11863.0,11852.7,11855.75,13:40:00,11859.085337878518,0,54
2019-07-01,11863.15,11865.6,11859.75,11862.25,13:45:00,11859.472448556751,0,55
2019-07-01,11861.3,11868.45,11861.25,11864.75,13:50:00,11859.646501075158,0,56
2019-07-01,11870.15,11870.2,11861.65,11862.75,13:55:00,11860.646834306095,0,57
2019-07-01,11875.1,11878.35,11870.05,11871.05,14:00:00,11862.023326276943,0,58
2019-07-01,11880.65,11881.7,11875.3,11876.15,14:05:00,11863.797295202949,0,59
2019-07-01,11882.1,11882.85,11875.8,11881.75,14:10:00,11865.540409945525,0,60
2019-07-01,11879.9,11884.65,11877.45,11883.5,14:15:00,11866.907989950712,0,61
2019-07-01,11880.6,11882.2,11878.3,11880.75,14:20:00,11868.211990907788,0,62
2019-07-01,11881.8,11884.2,11878.1,11881.25,14:25:00,11869.506087011809,0,63
2019-07-01,11870.7,11883.75,11870.25,11882.4,14:30:00,11869.619793010685,0,64
2019-07-01,11873.85,11878.15,11870.65,11871.55,14:35:00,11870.022669866808,0,65
2019-07-01,11871.35,11877.7,11871.35,11875.05,14:40:00,11870.149082260446,0,66
2019-07-01,11870.4,11872.55,11861.5,11872.55,14:45:00,11870.172979188024,0,67
2019-07-01,11876.55,11878.4,11871.5,11872.15,14:50:00,11870.780314503449,0,68
2019-07-01,11868.95,11877.85,11868.45,11877.85,14:55:00,11870.605998836454,0,69
2019-07-01,11866.25,11869.55,11862.55,11869.3,15:00:00,11870.191141804413,0,70
2019-07-01,11872.0,11872.0,11864.25,11867.0,15:05:00,11870.363414013516,0,71
2019-07-01,11865.75,11872.65,11862.6,11872.65,15:10:00,11869.924041250324,0,72
2019-07-01,11865.85,11867.55,11861.2,11865.3,15:15:00,11869.536037321725,0,73
2019-07-01,11861.75,11866.3,11860.85,11865.95,15:20:00,11868.794509957748,0,74
2019-07-01,11864.55,11866.55,11861.15,11862.15,15:25:00,11868.390270914151,0,75
2019-07-02,11876.9,11889.1,11858.35,11886.35,09:15:00,11869.20072130328,1,1
2019-07-02,11869.9,11877.5,11869.7,11877.1,09:20:00,11869.2673192744,1,2
2019-07-02,11870.6,11872.2,11861.55,11869.45,09:25:00,11869.394241248265,1,3
2019-07-02,11881.25,11881.25,11868.05,11870.25,09:30:00,11870.523361129382,1,4
2019-07-02,11868.95,11884.05,11868.45,11880.55,09:35:00,11870.373517212298,1,5
2019-07-02,11870.05,11875.3,11863.95,11868.7,09:40:00,11870.342706049223,1,6
2019-07-02,11871.1,11877.05,11869.7,11870.25,09:45:00,11870.41482928263,1,7
2019-07-02,11866.4,11875.6,11866.3,11871.45,09:50:00,11870.032464589049,1,8
2019-07-02,11856.4,11867.05,11856.4,11866.5,09:55:00,11868.734134628185,1,9
2019-07-02,11848.75,11857.2,11848.2,11855.95,10:00:00,11866.830883711216,1,10
2019-07-02,11831.1,11848.65,11830.25,11848.65,10:05:00,11863.427942405386,1,11
2019-07-02,11833.25,11839.55,11829.5,11831.3,10:10:00,11860.553852652492,1,12
2019-07-02,11837.95,11842.6,11833.25,11833.8,10:15:00,11858.401104780824,1,13
2019-07-02,11829.9,11839.95,11829.9,11838.0,10:20:00,11855.686713849318,1,14
2019-07-02,11843.9,11845.9,11829.05,11829.6,10:25:00,11854.564169673193,1,15
2019-07-02,11839.95,11845.05,11838.45,11844.15,10:30:00,11853.172343990032,1,16
2019-07-02,11837.95,11842.35,11836.1,11840.3,10:35:00,11851.722596943362,1,17
2019-07-02,11840.2,11840.85,11836.4,11837.45,10:40:00,11850.62520675828,1,18
2019-07-02,11837.65,11841.9,11837.4,11840.35,10:45:00,11849.3894727813,1,19
2019-07-02,11824.55,11838.25,11822.35,11837.75,10:50:00,11847.02380870689,1,20
2019-07-02,11822.1,11828.1,11822.1,11824.9,10:55:00,11844.650112639569,1,21
2019-07-02,11821.9,11822.35,11814.7,11821.65,11:00:00,11842.483435245322,1,22
2019-07-02,11825.25,11828.4,11819.35,11821.65,11:05:00,11840.842155698148,1,23
2019-07-02,11828.6,11830.45,11825.25,11825.65,11:10:00,11839.676236107847,1,24
2019-07-02,11833.45,11833.65,11825.35,11828.55,11:15:00,11839.083261240436,1,25
2019-07-02,11834.0,11835.75,11832.3,11833.8,11:20:00,11838.5991411223,1,26
2019-07-02,11838.6,11839.05,11833.25,11834.45,11:25:00,11838.599222920177,1,27
2019-07-02,11834.05,11840.35,11833.0,11838.75,11:30:00,11838.165963594443,1,28
2019-07-02,11833.15,11835.9,11832.55,11833.75,11:35:00,11837.688252775926,1,29
2019-07-02,11833.5,11833.85,11828.05,11833.25,11:40:00,11837.28937155917,1,30
2019-07-02,11826.1,11834.3,11824.85,11833.0,11:45:00,11836.223717124964,1,31
2019-07-02,11828.4,11829.15,11824.9,11825.75,11:50:00,11835.4786012083,1,32
2019-07-02,11834.45,11834.5,11828.0,11828.6,11:55:00,11835.380639188465,1,33
2019-07-02,11838.1,11839.9,11833.05,11834.75,12:00:00,11835.639625932416,1,34
2019-07-02,11839.2,11841.6,11837.1,11838.85,12:05:00,11835.978709176949,1,35
2019-07-02,11836.35,11840.55,11833.3,11839.35,12:10:00,11836.014070207715,1,36
2019-07-02,11836.4,11839.7,11833.9,11836.25,12:15:00,11836.050825426028,1,37
2019-07-02,11833.85,11837.25,11832.6,11837.1,12:20:00,11835.8412230045,1,38
2019-07-02,11831.75,11834.25,11826.4,11834.25,12:25:00,11835.45158271836,1,39
2019-07-02,11830.2,11832.4,11829.3,11832.05,12:30:00,11834.951431983278,1,40
2019-07-02,11832.1,11833.9,11830.05,11830.65,12:35:00,11834.67986703249,1,41
2019-07-02,11830.4,11833.8,11830.3,11832.15,12:40:00,11834.272260648444,1,42
2019-07-02,11835.75,11836.15,11829.6,11830.5,12:45:00,11834.412997729543,1,43
2019-07-02,11848.7,11849.05,11837.75,11838.15,12:50:00,11835.773664612449,1,44
2019-07-02,11845.3,11851.45,11845.3,11849.6,12:55:00,11836.680934649356,1,45
2019-07-02,11860.2,11861.6,11845.85,11845.85,13:00:00,11838.920845635132,1,46
2019-07-02,11873.75,11874.4,11858.4,11861.2,13:05:00,11842.237907955596,1,47
2019-07-02,11869.25,11878.4,11866.4,11875.85,13:10:00,11844.8104881503,1,48
2019-07-02,11864.45,11874.95,11864.45,11870.75,13:15:00,11846.680917850274,1,49
2019-07-02,11872.15,11872.55,11857.6,11865.4,13:20:00,11849.106544721675,1,50
2019-07-02,11872.0,11873.65,11866.75,11872.55,13:25:00,11851.286873795802,1,51
2019-07-02,11870.6,11874.55,11867.75,11874.0,13:30:00,11853.126219148582,1,52
2019-07-02,11877.85,11878.9,11868.9,11871.5,13:35:00,11855.480864943956,1,53
2019-07-02,11876.85,11881.75,11874.9,11878.85,13:40:00,11857.51602066358,1,54
2019-07-02,11877.1,11879.3,11872.2,11878.0,13:45:00,11859.38116155276,1,55
2019-07-02,11881.95,11884.65,11876.95,11878.15,13:50:00,11861.530574738214,1,56
2019-07-02,11889.45,11893.1,11882.35,11883.5,13:55:00,11864.18956762029,1,57
2019-07-02,11894.0,11898.1,11889.7,11889.9,14:00:00,11867.028656418355,1,58
2019-07-02,11896.55,11897.2,11885.8,11895.45,14:05:00,11869.840212949945,1,59
2019-07-02,11884.45,11897.45,11879.05,11897.15,14:10:00,11871.231621240424,1,60
2019-07-02,11892.35,11892.95,11879.9,11885.25,14:15:00,11873.242895408002,1,61
2019-07-02,11888.7,11894.45,11887.75,11893.6,14:20:00,11874.71500060724,1,62
2019-07-02,11889.55,11894.6,11887.65,11889.3,14:25:00,11876.127857692269,1,63
2019-07-02,11889.65,11894.25,11889.6,11890.75,14:30:00,11877.415680769194,1,64
2019-07-02,11892.95,11897.2,11890.1,11890.6,14:35:00,11878.895139743556,1,65
2019-07-02,11888.35,11896.5,11888.0,11894.6,14:40:00,11879.795602625123,1,66
2019-07-02,11890.9,11892.95,11879.4,11889.7,14:45:00,11880.853164279872,1,67
2019-07-02,11895.65,11895.8,11890.8,11891.05,14:50:00,11882.26238672941,1,68
2019-07-02,11891.0,11897.0,11889.2,11896.3,14:55:00,11883.094540374228,1,69
2019-07-02,11910.3,11912.05,11893.2,11893.2,15:00:00,11885.685536529065,1,70
2019-07-02,11908.15,11911.8,11904.4,11911.15,15:05:00,11887.825009240583,1,71
2019-07-02,11912.2,11914.4,11906.05,11907.85,15:10:00,11890.146436931956,1,72
2019-07-02,11912.35,11917.45,11909.95,11912.5,15:15:00,11892.261061986055,1,73
2019-07-02,11913.75,11915.05,11910.25,11912.5,15:20:00,11894.307627511193,1,74
2019-07-02,11907.5,11914.9,11907.5,11914.05,15:25:00,11895.564043938695,1,75
2019-07-03,11892.95,11928.75,11891.35,11924.9,09:15:00,11895.315087373108,2,1
2019-07-03,11909.0,11909.05,11887.05,11892.75,09:20:00,11896.618412385193,2,2
2019-07-03,11921.65,11926.25,11909.75,11909.75,09:25:00,11899.002373110412,2,3
2019-07-03,11921.8,11927.95,11920.8,11920.8,09:30:00,11901.173575671324,2,4
2019-07-03,11920.85,11927.65,11920.75,11921.75,09:35:00,11903.047520845485,2,5
2019-07-03,11919.25,11922.3,11915.95,11921.2,09:40:00,11904.590614098295,2,6
2019-07-03,11912.85,11919.5,11911.35,11918.65,09:45:00,11905.37722227941,2,7
2019-07-03,11909.25,11913.05,11903.85,11912.6,09:50:00,11905.7460582528,2,8
2019-07-03,11900.6,11911.65,11899.65,11908.7,09:55:00,11905.25595746682,2,9
2019-07-03,11907.55,11908.5,11895.0,11899.55,10:00:00,11905.474437708071,2,10
2019-07-03,11904.15,11907.6,11902.3,11907.1,10:05:00,11905.348300783497,2,11
2019-07-03,11901.3,11906.4,11900.3,11903.95,10:10:00,11904.962748327924,2,12
2019-07-03,11901.3,11911.25,11900.85,11901.6,10:15:00,11904.613915153835,2,13
2019-07-03,11906.2,11906.45,11899.85,11901.6,10:20:00,11904.764970853472,2,14
2019-07-03,11906.4,11907.15,11902.5,11906.15,10:25:00,11904.920687915044,2,15
2019-07-03,11913.05,11914.15,11906.2,11906.2,10:30:00,11905.694908113612,2,16
2019-07-03,11911.35,11915.0,11910.3,11913.1,10:35:00,11906.233488293266,2,17
2019-07-03,11913.25,11915.95,11911.05,11911.45,10:40:00,11906.901727503431,2,18
2019-07-03,11911.5,11916.0,11910.6,11912.95,10:45:00,11907.33965821739,2,19
2019-07-03,11911.7,11916.25,11911.45,11911.9,10:50:00,11907.754928863356,2,20
2019-07-03,11910.9,11911.95,11907.05,11911.95,10:55:00,11908.054459447798,2,21
2019-07-03,11914.95,11915.6,11909.45,11911.05,11:00:00,11908.711177595627,2,22
2019-07-03,11916.5,11918.9,11912.55,11914.75,11:05:00,11909.452970205568,2,23
2019-07-03,11915.05,11917.65,11913.95,11916.35,11:10:00,11909.98602066218,2,24
2019-07-03,11918.2,11919.75,11912.6,11915.0,11:15:00,11910.768304408635,2,25
2019-07-03,11916.25,11919.8,11915.9,11919.0,11:20:00,11911.290370655432,2,26
2019-07-03,11915.25,11917.55,11913.55,11916.85,11:25:00,11911.66747821206,2,27
2019-07-03,11918.85,11919.85,11915.25,11915.65,11:30:00,11912.351527906148,2,28
2019-07-03,11907.5,11919.65,11907.35,11919.45,11:35:00,11911.889477629373,2,29
2019-07-03,11911.15,11911.45,11905.05,11907.2,11:40:00,11911.81905118848,2,30
2019-07-03,11914.65,11917.1,11910.7,11911.8,11:45:00,11912.088665361003,2,31
2019-07-03,11910.75,11916.0,11910.45,11915.25,11:50:00,11911.961173421862,2,32
2019-07-03,11911.1,11913.25,11909.0,11911.0,11:55:00,11911.879156905494,2,33
2019-07-03,11904.85,11911.95,11904.05,11911.7,12:00:00,11911.209713390685,2,34
2019-07-03,11907.0,11910.7,11904.75,11906.15,12:05:00,11910.808788305858,2,35
2019-07-03,11908.55,11910.65,11905.7,11906.75,12:10:00,11910.593665610062,2,36
2019-07-03,11912.6,11914.15,11908.45,11909.65,12:15:00,11910.78474507577,2,37
2019-07-03,11913.6,11914.5,11911.8,11913.25,12:20:00,11911.052864592364,2,38
2019-07-03,11916.9,11918.4,11913.15,11914.0,12:25:00,11911.609734631187,2,39
2019-07-03,11921.25,11924.45,11917.25,11917.25,12:30:00,11912.527855142504,2,40
2019-07-03,11917.55,11924.1,11916.85,11921.75,12:35:00,11913.00615465274,2,41
2019-07-03,11920.6,11921.9,11914.3,11918.2,12:40:00,11913.729378019148,2,42
2019-07-03,11920.15,11922.3,11918.65,11921.05,12:45:00,11914.340865826847,2,43
2019-07-03,11923.8,11924.4,11918.15,11920.45,12:50:00,11915.2417357481,2,44
2019-07-03,11923.95,11928.0,11922.2,11924.45,12:55:00,11916.071094248282,2,45
2019-07-03,11929.4,11930.0,11923.95,11924.7,13:00:00,11917.340513843685,2,46
2019-07-03,11931.75,11934.3,11929.05,11929.7,13:05:00,11918.71284585857,2,47
2019-07-03,11923.45,11933.4,11922.5,11933.15,13:10:00,11919.16400339585,2,48
2019-07-03,11925.65,11929.25,11923.8,11924.45,13:15:00,11919.78171735815,2,49
2019-07-03,11929.7,11932.75,11923.9,11925.85,13:20:00,11920.726315704993,2,50
2019-07-03,11927.4,11930.5,11926.05,11929.9,13:25:00,11921.36190468547,2,51
2019-07-03,11928.85,11930.1,11926.5,11928.25,13:30:00,11922.075056620188,2,52
2019-07-03,11929.5,11930.75,11925.85,11929.5,13:35:00,11922.782194084932,2,53
2019-07-03,11926.8,11931.5,11926.6,11930.85,13:40:00,11923.16484226732,2,54
2019-07-03,11932.8,11936.05,11925.1,11927.6,13:45:00,11924.082476337098,2,55
2019-07-03,11934.6,11936.8,11930.6,11933.7,13:50:00,11925.084145257377,2,56
2019-07-03,11931.2,11935.35,11929.2,11935.25,13:55:00,11925.666607613815,2,57
2019-07-03,11935.05,11936.65,11930.95,11932.0,14:00:00,11926.560264031548,2,58
2019-07-03,11935.75,11936.85,11933.3,11936.05,14:05:00,11927.435476980923,2,59
2019-07-03,11929.85,11936.95,11924.75,11936.55,14:10:00,11927.66543155417,2,60
2019-07-03,11937.25,11939.25,11930.25,11930.9,14:15:00,11928.57824759663,2,61
2019-07-03,11941.2,11945.2,11936.9,11938.3,14:20:00,11929.780319254094,2,62
2019-07-03,11936.0,11942.65,11933.3,11942.05,14:25:00,11930.372669801323,2,63
2019-07-03,11934.85,11938.3,11934.45,11936.7,14:30:00,11930.799082201196,2,64
2019-07-03,11937.45,11938.4,11933.1,11935.75,14:35:00,11931.43250294394,2,65
2019-07-03,11932.55,11938.65,11932.0,11937.75,14:40:00,11931.53893123499,2,66
2019-07-03,11916.9,11933.6,11912.15,11933.6,14:45:00,11930.144747307848,2,67
2019-07-03,11911.3,11919.95,11902.95,11918.1,14:50:00,11928.350009469004,2,68
2019-07-03,11907.95,11912.5,11903.45,11912.25,14:55:00,11926.40715142434,2,69
2019-07-03,11913.05,11918.0,11907.25,11907.25,15:00:00,11925.13504176488,2,70
2019-07-03,11918.5,11920.6,11913.1,11913.1,15:05:00,11924.503133025368,2,71
2019-07-03,11917.8,11923.65,11915.15,11918.1,15:10:00,11923.864739403904,2,72
2019-07-03,11918.2,11920.45,11912.25,11918.3,15:15:00,11923.325240413054,2,73
2019-07-03,11917.05,11921.2,11915.2,11917.95,15:20:00,11922.727598468957,2,74
2019-07-03,11913.35,11919.8,11913.35,11916.85,15:25:00,11921.834493852864,2,75
2019-07-04,11937.15,11941.7,11923.65,11925.75,09:15:00,11923.293113485925,3,1
2019-07-04,11941.75,11942.6,11930.75,11936.7,09:20:00,11925.05091220155,3,2
2019-07-04,11941.75,11946.05,11939.0,11941.65,09:25:00,11926.641301515689,3,3
2019-07-04,11944.35,11948.5,11940.2,11941.3,09:30:00,11928.32784422848,3,4
2019-07-04,11949.4,11953.15,11943.85,11944.3,09:35:00,11930.334716206718,3,5
2019-07-04,11954.25,11954.95,11948.2,11949.2,09:40:00,11932.612362282269,3,6
2019-07-04,11958.7,11961.3,11952.5,11954.0,09:45:00,11935.096899207769,3,7
2019-07-04,11954.1,11958.9,11950.2,11958.2,09:50:00,11936.906718330836,3,8
2019-07-04,11952.15,11955.5,11948.6,11954.3,09:55:00,11938.358459442185,3,9
2019-07-04,11954.35,11956.4,11951.9,11952.05,10:00:00,11939.881463304831,3,10
2019-07-04,11950.5,11955.0,11950.5,11954.3,10:05:00,11940.892752513895,3,11
2019-07-04,11949.8,11951.35,11947.55,11950.45,10:10:00,11941.741061798286,3,12
2019-07-04,11950.3,11951.55,11945.4,11950.0,10:15:00,11942.556198769878,3,13
2019-07-04,11953.25,11954.0,11950.05,11950.25,10:20:00,11943.57465602989,3,14
2019-07-04,11951.7,11956.6,11951.35,11953.2,10:25:00,11944.348498312758,3,15
2019-07-04,11951.75,11952.0,11950.25,11951.75,10:30:00,11945.053403235352,3,16
2019-07-04,11956.15,11958.1,11950.85,11951.6,10:35:00,11946.110221974845,3,17
2019-07-04,11953.8,11956.55,11953.45,11956.55,10:40:00,11946.842581786765,3,18
2019-07-04,11957.3,11957.3,11951.85,11953.25,10:45:00,11947.838526378498,3,19
2019-07-04,11958.7,11960.05,11956.55,11957.45,10:50:00,11948.872952437689,3,20
2019-07-04,11955.3,11960.15,11953.8,11958.8,10:55:00,11949.485052205528,3,21
2019-07-04,11958.35,11959.1,11955.3,11955.45,11:00:00,11950.329332947858,3,22
2019-07-04,11950.75,11959.4,11946.8,11958.65,11:05:00,11950.369396476632,3,23
2019-07-04,11951.6,11954.1,11949.75,11950.55,11:10:00,11950.486596812192,3,24
2019-07-04,11952.95,11953.85,11950.35,11950.65,11:15:00,11950.721206639602,3,25
2019-07-04,11947.6,11953.65,11946.4,11952.9,11:20:00,11950.423948864402,3,26
2019-07-04,11946.2,11950.45,11945.9,11947.75,11:25:00,11950.021668020174,3,27
2019-07-04,11942.6,11946.2,11936.55,11945.9,11:30:00,11949.314842494445,3,28
2019-07-04,11937.75,11942.6,11935.9,11942.45,11:35:00,11948.213428923544,3,29
2019-07-04,11944.0,11944.5,11934.45,11937.65,11:40:00,11947.812149978445,3,30
2019-07-04,11945.6,11948.6,11943.0,11944.1,11:45:00,11947.601469028115,3,31
2019-07-04,11946.25,11947.55,11944.5,11945.65,11:50:00,11947.472757692103,3,32
2019-07-04,11951.65,11952.05,11945.95,11946.45,11:55:00,11947.870590292858,3,33
2019-07-04,11953.45,11955.0,11950.95,11951.85,12:00:00,11948.401962645918,3,34
2019-07-04,11948.15,11954.55,11947.45,11954.0,12:05:00,11948.377966203449,3,35
2019-07-04,11950.05,11950.85,11947.2,11947.7,12:10:00,11948.537207517404,3,36
2019-07-04,11945.05,11950.7,11944.75,11950.35,12:15:00,11948.205092515747,3,37
2019-07-04,11944.2,11946.1,11942.9,11945.2,12:20:00,11947.823655133294,3,38
2019-07-04,11947.45,11947.75,11942.4,11942.4,12:25:00,11947.788068930124,3,39
2019-07-04,11944.25,11947.95,11943.8,11947.6,12:30:00,11947.451109984397,3,40
2019-07-04,11946.95,11947.7,11943.9,11944.05,12:35:00,11947.403385223975,3,41
2019-07-04,11954.0,11954.3,11945.95,11946.7,12:40:00,11948.031634250265,3,42
2019-07-04,11955.55,11956.95,11952.3,11954.05,12:45:00,11948.747669083574,3,43
2019-07-04,11952.8,11955.75,11948.5,11955.35,12:50:00,11949.133605361329,3,44
2019-07-04,11948.6,11953.95,11947.25,11952.6,12:55:00,11949.082785803108,3,45
2019-07-04,11945.45,11950.2,11943.75,11948.75,13:00:00,11948.73680620281,3,46
2019-07-04,11948.3,11948.5,11942.25,11944.55,13:05:00,11948.695205612066,3,47
2019-07-04,11940.3,11949.25,11939.15,11948.15,13:10:00,11947.89566222044,3,48
2019-07-04,11943.0,11943.2,11938.95,11940.6,13:15:00,11947.429408675636,3,49
2019-07-04,11936.05,11944.2,11935.35,11943.65,13:20:00,11946.345655468433,3,50
2019-07-04,11937.45,11938.8,11932.3,11935.95,13:25:00,11945.498450185723,3,51
2019-07-04,11939.9,11941.1,11937.25,11938.0,13:30:00,11944.965264453753,3,52
2019-07-04,11942.15,11944.6,11938.1,11939.65,13:35:00,11944.697144029584,3,53
2019-07-04,11949.45,11951.0,11943.4,11943.85,13:40:00,11945.149796979147,3,54
2019-07-04,11946.75,11950.7,11945.95,11950.0,13:45:00,11945.302197266848,3,55
2019-07-04,11950.95,11952.6,11946.35,11948.5,13:50:00,11945.840083241434,3,56
2019-07-04,11948.05,11954.7,11948.0,11952.5,13:55:00,11946.050551504151,3,57
2019-07-04,11949.15,11951.45,11945.9,11949.35,14:00:00,11946.345737075186,3,58
2019-07-04,11951.9,11954.15,11950.0,11950.2,14:05:00,11946.874714496596,3,59
2019-07-04,11937.3,11954.65,11936.8,11953.65,14:10:00,11945.962836925492,3,60
2019-07-04,11946.35,11948.35,11934.45,11939.0,14:15:00,11945.999709599257,3,61
2019-07-04,11944.05,11949.45,11941.2,11947.2,14:20:00,11945.814022970751,3,62
2019-07-04,11942.9,11946.95,11936.65,11946.8,14:25:00,11945.536496973538,3,63
2019-07-04,11951.55,11951.8,11939.15,11945.75,14:30:00,11946.109211547488,3,64
2019-07-04,11949.0,11954.5,11948.0,11953.2,14:35:00,11946.38452473344,3,65
2019-07-04,11955.4,11959.55,11949.95,11950.05,14:40:00,11947.243141425495,3,66
2019-07-04,11961.75,11965.55,11958.0,11959.0,14:45:00,11948.62474700402,3,67
2019-07-04,11965.45,11968.55,11962.65,11965.45,14:50:00,11950.227152051257,3,68
2019-07-04,11956.7,11969.25,11954.4,11969.25,14:55:00,11950.84361376066,3,69
2019-07-04,11954.7,11966.9,11954.5,11957.75,15:00:00,11951.210888640597,3,70
2019-07-04,11951.2,11957.3,11950.3,11956.05,15:05:00,11951.209851627207,3,71
2019-07-04,11947.4,11953.55,11940.55,11952.85,15:10:00,11950.847008615092,3,72
2019-07-04,11943.9,11949.25,11937.95,11949.25,15:15:00,11950.185388746988,3,73
2019-07-04,11938.95,11945.0,11937.95,11943.6,15:20:00,11949.115351723463,3,74
2019-07-04,11938.0,11943.3,11937.65,11939.15,15:25:00,11948.056746797422,3,75
2019-07-05,11973.5,11981.75,11959.25,11965.4,09:15:00,11950.479913769095,4,1
2019-07-05,11977.85,11979.05,11971.25,11971.5,09:20:00,11953.086588648232,4,2
2019-07-05,11980.0,11981.5,11975.9,11978.2,09:25:00,11955.649770681734,4,3
2019-07-05,11975.45,11980.05,11974.15,11980.05,09:30:00,11957.535506807282,4,4
2019-07-05,11974.5,11976.2,11970.3,11975.4,09:35:00,11959.151172825636,4,5
2019-07-05,11972.95,11974.9,11967.35,11973.95,09:40:00,11960.465346842242,4,6
2019-07-05,11975.35,11975.6,11970.35,11972.85,09:45:00,11961.882932857266,4,7
2019-07-05,11969.8,11976.0,11968.95,11975.1,09:50:00,11962.636939251814,4,8
2019-07-05,11963.1,11973.45,11962.55,11970.75,09:55:00,11962.68104027545,4,9
2019-07-05,11956.4,11965.1,11956.4,11963.35,10:00:00,11962.082845963503,4,10
2019-07-05,11953.9,11958.25,11949.4,11957.75,10:05:00,11961.303527300312,4,11
2019-07-05,11951.45,11956.75,11951.4,11953.7,10:10:00,11960.365096128857,4,12
2019-07-05,11947.1,11951.55,11945.9,11949.7,10:15:00,11959.101753640392,4,13
2019-07-05,11939.8,11947.6,11926.25,11945.85,10:20:00,11957.263491388929,4,14
2019-07-05,11939.55,11941.3,11934.35,11939.45,10:25:00,11955.57649220903,4,15
2019-07-05,11940.85,11940.95,11934.95,11939.8,10:30:00,11954.173969141502,4,16
2019-07-05,11942.15,11945.55,11940.35,11940.5,10:35:00,11953.028829223264,4,17
2019-07-05,11937.05,11943.85,11931.55,11941.3,10:40:00,11951.507035963908,4,18
2019-07-05,11938.2,11938.25,11933.4,11936.4,10:45:00,11950.23969920544,4,19
2019-07-05,11944.35,11945.25,11937.6,11937.6,10:50:00,11949.678775471588,4,20
2019-07-05,11946.15,11947.2,11941.75,11944.7,10:55:00,11949.342701617152,4,21
2019-07-05,11951.7,11952.6,11943.65,11945.3,11:00:00,11949.56720622504,4,22
2019-07-05,11951.15,11953.65,11948.4,11950.55,11:05:00,11949.717948489324,4,23
2019-07-05,11952.65,11953.45,11945.1,11950.6,11:10:00,11949.997191490342,4,24
2019-07-05,11946.65,11953.45,11946.65,11952.3,11:15:00,11949.678411348405,4,25
2019-07-05,11935.3,11946.25,11932.05,11946.2,11:20:00,11948.309038839034,4,26
2019-07-05,11932.2,11935.2,11924.65,11934.3,11:25:00,11946.774844663889,4,27
2019-07-05,11936.2,11939.8,11929.75,11932.0,11:30:00,11945.76771660066,4,28
2019-07-05,11906.8,11936.55,11906.5,11936.55,11:35:00,11942.056505495835,4,29
2019-07-05,11904.55,11913.95,11900.2,11906.35,11:40:00,11938.484457353374,4,30
2019-07-05,11894.5,11904.0,11880.85,11904.0,11:45:00,11934.295461414957,4,31
2019-07-05,11902.55,11910.6,11891.25,11893.6,11:50:00,11931.27208413734,4,32
2019-07-05,11895.0,11907.1,11892.4,11902.1,11:55:00,11927.817599933784,4,33
2019-07-05,11894.35,11899.5,11890.25,11894.15,12:00:00,11924.6302094639,4,34
2019-07-05,11896.5,11905.2,11893.4,11893.7,12:05:00,11921.95114189591,4,35
2019-07-05,11902.0,11907.6,11897.3,11897.3,12:10:00,11920.051033143918,4,36
2019-07-05,11927.05,11927.05,11902.8,11902.8,12:15:00,11920.717601415923,4,37
2019-07-05,11927.75,11933.35,11917.8,11927.7,12:20:00,11921.387353662029,4,38
2019-07-05,11930.15,11937.0,11924.15,11927.7,12:25:00,11922.221891408502,4,39
2019-07-05,11923.25,11944.05,11921.85,11930.1,12:30:00,11922.319806512454,4,40
2019-07-05,11935.3,11935.3,11912.3,11923.85,12:35:00,11923.55601541603,4,41
2019-07-05,11928.6,11942.0,11924.0,11935.6,12:40:00,11924.036394900217,4,42
2019-07-05,11929.9,11931.95,11922.35,11929.65,12:45:00,11924.594833481147,4,43
2019-07-05,11927.6,11941.75,11927.5,11930.4,12:50:00,11924.881039816277,4,44
2019-07-05,11915.7,11928.45,11915.65,11927.35,12:55:00,11924.006655071871,4,45
2019-07-05,11886.15,11918.0,11884.65,11916.7,13:00:00,11920.40125935074,4,46
2019-07-05,11848.55,11886.65,11846.8,11886.05,13:05:00,11913.558282269716,4,47
2019-07-05,11855.45,11873.6,11836.5,11848.15,13:10:00,11908.02416014879,4,48
2019-07-05,11828.9,11858.5,11825.1,11857.05,13:15:00,11900.488525848905,4,49
2019-07-05,11838.3,11844.35,11830.25,11830.4,13:20:00,11894.56580910139,4,50
2019-07-05,11803.75,11839.0,11798.65,11838.8,13:25:00,11885.916684425069,4,51
2019-07-05,11825.25,11825.25,11804.1,11804.45,13:30:00,11880.138904956011,4,52
2019-07-05,11844.1,11846.65,11821.9,11826.8,13:35:00,11876.706628293536,4,53
2019-07-05,11857.5,11863.3,11839.15,11845.2,13:40:00,11874.877425598912,4,54
2019-07-05,11846.45,11860.4,11842.95,11860.4,13:45:00,11872.17005173235,4,55
2019-07-05,11862.95,11869.25,11846.1,11848.1,13:50:00,11871.291951567364,4,56
2019-07-05,11859.05,11871.75,11856.8,11864.25,13:55:00,11870.12605141809,4,57
2019-07-05,11863.95,11871.9,11856.7,11860.25,14:00:00,11869.53785604494,4,58
2019-07-05,11854.85,11869.3,11853.7,11866.05,14:05:00,11868.139012612088,4,59
2019-07-05,11845.9,11855.7,11834.0,11855.7,14:10:00,11866.021011410936,4,60
2019-07-05,11853.3,11854.45,11836.35,11846.45,14:15:00,11864.809486514656,4,61
2019-07-05,11846.4,11853.55,11840.95,11853.5,14:20:00,11863.056202084688,4,62
2019-07-05,11830.8,11852.7,11828.7,11847.2,14:25:00,11859.984182838529,4,63
2019-07-05,11841.0,11845.8,11830.35,11831.85,14:30:00,11858.176165425337,4,64
2019-07-05,11859.1,11861.05,11841.8,11842.5,14:35:00,11858.26414967054,4,65
2019-07-05,11872.15,11880.9,11858.55,11859.85,14:40:00,11859.58661160668,4,66
2019-07-05,11852.9,11876.3,11845.55,11872.2,14:45:00,11858.949791453662,4,67
2019-07-05,11853.3,11857.6,11847.1,11853.4,14:50:00,11858.411716077124,4,68
2019-07-05,11832.15,11856.35,11831.9,11854.6,14:55:00,11855.910600260257,4,69
2019-07-05,11820.35,11840.3,11810.0,11832.6,15:00:00,11852.523876425945,4,70
2019-07-05,11810.1,11821.25,11808.3,11819.65,15:05:00,11848.48350724252,4,71
2019-07-05,11811.5,11818.5,11807.25,11809.2,15:10:00,11844.96126845752,4,72
2019-07-05,11804.3,11814.05,11804.3,11811.7,15:15:00,11841.08876669966,4,73
2019-07-05,11804.25,11809.25,11797.9,11804.8,15:20:00,11837.580312728263,4,74
2019-07-05,11801.4,11808.5,11800.0,11804.4,15:25:00,11834.134568658908,4,75
2019-07-08,11697.75,11762.7,11697.1,11762.7,09:15:00,11821.145562119964,0,1
2019-07-08,11699.45,11701.2,11682.9,11696.75,09:20:00,11809.55550858473,0,2
2019-07-08,11681.75,11702.75,11681.75,11699.2,09:25:00,11797.383555386185,0,3
2019-07-08,11683.05,11686.2,11673.15,11682.65,09:30:00,11786.494645349405,0,4
2019-07-08,11694.25,11699.0,11681.85,11683.15,09:35:00,11777.709441030414,0,5
2019-07-08,11698.7,11703.5,11693.5,11694.05,09:40:00,11770.18473236085,0,6
2019-07-08,11682.8,11698.55,11681.8,11698.55,09:45:00,11761.862376897912,0,7
2019-07-08,11691.1,11692.05,11681.0,11683.25,09:50:00,11755.123102907632,0,8
2019-07-08,11696.4,11705.15,11690.95,11691.35,09:55:00,11749.53042644024,0,9
2019-07-08,11701.35,11701.75,11694.75,11696.15,10:00:00,11744.941814398311,0,10
2019-07-08,11694.85,11702.85,11691.1,11701.25,10:05:00,11740.171165407995,0,11
2019-07-08,11684.7,11695.35,11681.85,11694.55,10:10:00,11734.888197273904,0,12
2019-07-08,11680.0,11684.85,11675.05,11684.6,10:15:00,11729.660749914485,0,13
2019-07-08,11679.25,11685.55,11677.75,11681.05,10:20:00,11724.859726113107,0,14
2019-07-08,11680.5,11688.35,11678.5,11679.85,10:25:00,11720.63499029281,0,15
2019-07-08,11667.1,11682.5,11665.1,11680.7,10:30:00,11715.536419788734,0,16
2019-07-08,11657.1,11668.7,11656.25,11667.5,10:35:00,11709.971046475524,0,17
2019-07-08,11657.7,11661.8,11653.25,11657.05,10:40:00,11704.992851573092,0,18
2019-07-08,11655.55,11663.6,11654.85,11658.05,10:45:00,11700.28400856613,0,19
2019-07-08,11648.95,11660.25,11648.95,11654.9,10:50:00,11695.395055369356,0,20
2019-07-08,11652.45,11656.1,11647.75,11648.8,10:55:00,11691.305050096084,0,21
2019-07-08,11632.15,11652.1,11629.6,11652.1,11:00:00,11685.67123580122,0,22
2019-07-08,11609.25,11633.05,11606.75,11632.2,11:05:00,11678.39302286777,0,23
2019-07-08,11620.1,11624.55,11605.75,11608.95,11:10:00,11672.84130640417,0,24
2019-07-08,11619.65,11620.0,11607.6,11619.7,11:15:00,11667.775467699012,0,25
2019-07-08,11612.9,11621.6,11612.3,11620.4,11:20:00,11662.549232680058,0,26
2019-07-08,11613.9,11620.9,11608.1,11612.75,11:25:00,11657.915972424817,0,27
2019-07-08,11607.4,11617.45,11601.5,11614.8,11:30:00,11653.104927431976,0,28
2019-07-08,11625.2,11625.7,11607.3,11607.75,11:35:00,11650.447315295596,0,29
2019-07-08,11619.35,11627.75,11617.4,11625.3,11:40:00,11647.485666219824,0,30
2019-07-08,11620.95,11627.45,11617.4,11620.1,11:45:00,11644.958459913176,0,31
2019-07-08,11634.85,11635.8,11618.55,11620.6,11:50:00,11643.995749445256,0,32
2019-07-08,11629.15,11638.65,11628.4,11634.4,11:55:00,11642.581868545709,0,33
2019-07-08,11635.1,11636.1,11625.95,11629.35,12:00:00,11641.869309636591,0,34
2019-07-08,11628.95,11635.2,11624.5,11634.95,12:05:00,11640.638899195012,0,35
2019-07-08,11634.0,11634.55,11626.9,11629.25,12:10:00,11640.006623081204,0,36
2019-07-08,11622.6,11634.75,11622.0,11634.15,12:15:00,11638.348849454422,0,37
2019-07-08,11617.5,11624.35,11615.45,11622.35,12:20:00,11636.363244744476,0,38
2019-07-08,11609.65,11619.6,11604.15,11617.4,12:25:00,11633.819126197384,0,39
2019-07-08,11614.4,11615.05,11609.05,11609.15,12:30:00,11631.969685607157,0,40
2019-07-08,11622.2,11622.9,11615.0,11615.05,12:35:00,11631.039239358855,0,41
2019-07-08,11610.65,11625.05,11609.2,11622.05,12:40:00,11629.097407038964,0,42
2019-07-08,11617.45,11619.0,11609.75,11610.7,12:45:00,11627.98813017811,0,43
2019-07-08,11614.8,11617.75,11612.2,11617.35,12:50:00,11626.732117780191,0,44
2019-07-08,11612.6,11616.65,11611.3,11614.75,12:55:00,11625.386201801128,0,45
2019-07-08,11601.95,11612.05,11600.85,11612.05,13:00:00,11623.154182581971,0,46
2019-07-08,11593.35,11601.8,11587.4,11601.8,13:05:00,11620.31568900274,0,47
2019-07-08,11599.05,11599.05,11590.35,11592.65,13:10:00,11618.290385288192,0,48
2019-07-08,11601.85,11603.75,11594.7,11599.35,13:15:00,11616.724634308364,0,49
2019-07-08,11607.15,11607.15,11600.0,11602.1,13:20:00,11615.812764374234,0,50
2019-07-08,11602.3,11608.85,11599.55,11606.85,13:25:00,11614.52583443383,0,51
2019-07-08,11592.45,11603.4,11580.7,11603.4,13:30:00,11612.42337401156,0,52
2019-07-08,11588.85,11601.4,11587.5,11594.85,13:35:00,11610.178290772366,0,53
2019-07-08,11591.5,11593.2,11586.65,11592.15,13:40:00,11608.399405936903,0,54
2019-07-08,11592.45,11597.65,11591.55,11593.85,13:45:00,11606.880414895291,0,55
2019-07-08,11594.05,11597.85,11588.45,11593.6,13:50:00,11605.65847061955,0,56
2019-07-08,11576.2,11600.2,11576.2,11595.5,13:55:00,11602.852901989118,0,57
2019-07-08,11578.05,11578.2,11566.6,11576.15,14:00:00,11600.490720847296,0,58
2019-07-08,11572.15,11579.35,11568.8,11579.35,14:05:00,11597.791604576125,0,59
2019-07-08,11558.15,11574.6,11554.8,11573.45,14:10:00,11594.016213664112,0,60
2019-07-08,11548.55,11565.15,11542.65,11559.2,14:15:00,11589.686098077054,0,61
2019-07-08,11524.5,11549.55,11523.3,11549.55,14:20:00,11583.477898260193,0,62
2019-07-08,11547.15,11547.15,11524.35,11525.75,14:25:00,11580.01809842589,0,63
2019-07-08,11554.45,11564.55,11547.0,11547.45,14:30:00,11577.583041432948,0,64
2019-07-08,11564.9,11572.05,11552.45,11555.4,14:35:00,11576.375132725048,0,65
2019-07-08,11556.5,11569.2,11554.8,11564.95,14:40:00,11574.482262941709,0,66
2019-07-08,11564.85,11567.9,11556.85,11557.5,14:45:00,11573.564904566309,0,67
2019-07-08,11567.05,11575.15,11563.5,11566.3,14:50:00,11572.944437464754,0,68
2019-07-08,11549.0,11568.1,11547.5,11567.6,14:55:00,11570.664014849062,0,69
2019-07-08,11546.25,11552.75,11535.75,11550.35,15:00:00,11568.338870577723,0,70
2019-07-08,11551.05,11551.5,11544.45,11545.8,15:05:00,11566.692311475084,0,71
2019-07-08,11559.5,11559.95,11550.3,11550.9,15:10:00,11566.007329429838,0,72
2019-07-08,11566.15,11567.95,11557.7,11559.35,15:15:00,11566.020917103186,0,73
2019-07-08,11568.7,11569.95,11560.15,11566.35,15:20:00,11566.276067855262,0,74
2019-07-08,11564.0,11568.9,11561.65,11568.65,15:25:00,11566.059299488095,0,75
2019-07-09,11498.4,11527.75,11479.0,11527.75,09:15:00,11559.615556679706,1,1
2019-07-09,11493.75,11498.55,11477.65,11498.55,09:20:00,11553.342646519734,1,2
2019-07-09,11512.5,11512.55,11493.8,11493.8,09:25:00,11549.45287066071,1,3
2019-07-09,11533.6,11533.6,11510.35,11512.15,09:30:00,11547.943073454928,1,4
2019-07-09,11517.55,11537.55,11514.75,11532.9,09:35:00,11545.048495030647,1,5
2019-07-09,11514.3,11518.5,11508.65,11516.3,09:40:00,11542.120066932492,1,6
2019-07-09,11523.9,11527.45,11506.6,11513.9,09:45:00,11540.38482246273,1,7
2019-07-09,11502.85,11523.2,11502.85,11523.2,09:50:00,11536.81007746628,1,8
2019-07-09,11490.5,11503.45,11486.3,11503.45,09:55:00,11532.399593898064,1,9
2019-07-09,11488.9,11492.9,11481.9,11491.2,10:00:00,11528.25677543158,1,10
2019-07-09,11484.55,11492.05,11481.3,11489.45,10:05:00,11524.094225390478,1,11
2019-07-09,11476.75,11485.3,11471.9,11484.15,10:10:00,11519.585251543764,1,12
2019-07-09,11485.4,11487.95,11476.1,11476.7,10:15:00,11516.329513301502,1,13
2019-07-09,11485.3,11493.15,11484.2,11485.55,10:20:00,11513.374321558502,1,14
2019-07-09,11471.15,11485.35,11469.55,11485.35,10:25:00,11509.35295760055,1,15
2019-07-09,11466.65,11470.95,11461.0,11470.95,10:30:00,11505.28600925764,1,16
2019-07-09,11471.7,11479.05,11465.25,11466.15,10:35:00,11502.087341709292,1,17
2019-07-09,11473.95,11473.95,11467.0,11471.6,10:40:00,11499.407594879836,1,18
2019-07-09,11482.05,11482.85,11474.6,11474.7,10:45:00,11497.754490605566,1,19
2019-07-09,11481.75,11488.95,11479.3,11481.75,10:50:00,11496.230253405036,1,20
2019-07-09,11490.85,11491.35,11480.9,11481.05,10:55:00,11495.717848318842,1,21
2019-07-09,11498.8,11503.25,11490.7,11490.7,11:00:00,11496.01138657419,1,22
2019-07-09,11513.9,11517.2,11496.95,11499.15,11:05:00,11497.715064043314,1,23
2019-07-09,11507.5,11514.9,11505.8,11513.75,11:10:00,11498.646962705856,1,24
2019-07-09,11502.5,11512.9,11499.6,11506.9,11:15:00,11499.013918638631,1,25
2019-07-09,11501.25,11507.1,11496.75,11502.75,11:20:00,11499.226878768286,1,26
2019-07-09,11528.85,11530.1,11499.8,11500.9,11:25:00,11502.048128409402,1,27
2019-07-09,11547.55,11549.45,11529.0,11529.0,11:30:00,11506.38163998946,1,28
2019-07-09,11556.8,11556.8,11535.9,11548.1,11:35:00,11511.18338856189,1,29
2019-07-09,11543.35,11556.9,11542.6,11556.6,11:40:00,11514.24687536552,1,30
2019-07-09,11547.45,11549.3,11543.0,11544.1,11:45:00,11517.409077711662,1,31
2019-07-09,11554.95,11555.2,11539.75,11547.35,11:50:00,11520.984403643884,1,32
2019-07-09,11564.75,11566.65,11554.75,11554.75,11:55:00,11525.1525556778,1,33
2019-07-09,11568.85,11574.7,11565.0,11565.5,12:00:00,11529.314217041818,1,34
2019-07-09,11575.9,11582.55,11566.7,11568.7,12:05:00,11533.75095827593,1,35
2019-07-09,11553.0,11577.4,11553.0,11575.6,12:10:00,11535.584200344889,1,36
2019-07-09,11539.8,11556.4,11539.3,11552.55,12:15:00,11535.985705073948,1,37
2019-07-09,11536.05,11544.75,11533.25,11539.95,12:20:00,11535.991828400236,1,38
2019-07-09,11532.25,11536.6,11526.95,11535.95,12:25:00,11535.635463790692,1,39
2019-07-09,11539.15,11548.2,11532.5,11532.6,12:30:00,11535.970181524912,1,40
2019-07-09,11533.35,11539.45,11529.8,11539.3,12:35:00,11535.7206404273,1,41
2019-07-09,11527.05,11533.5,11520.05,11533.15,12:40:00,11534.894865148508,1,42
2019-07-09,11539.95,11539.95,11523.5,11527.1,12:45:00,11535.376306562935,1,43
2019-07-09,11528.5,11540.05,11528.0,11540.05,12:50:00,11534.721420223608,1,44
2019-07-09,11534.85,11538.35,11524.65,11528.55,12:55:00,11534.7336659166,1,45
2019-07-09,11530.6,11536.3,11530.05,11534.95,13:00:00,11534.339983448352,1,46
2019-07-09,11549.3,11551.35,11530.8,11530.8,13:05:00,11535.76474692946,1,47
2019-07-09,11544.45,11549.8,11539.7,11549.65,13:10:00,11536.59191388856,1,48
2019-07-09,11552.7,11555.9,11543.25,11545.8,13:15:00,11538.126017327744,1,49
2019-07-09,11541.75,11553.4,11538.15,11553.4,13:20:00,11538.471158534629,1,50
2019-07-09,11533.15,11543.6,11533.15,11543.6,13:25:00,11537.964381531328,1,51
2019-07-09,11548.2,11548.95,11532.0,11534.0,13:30:00,11538.93920233787,1,52
2019-07-09,11546.45,11550.1,11540.45,11548.25,13:35:00,11539.65451640093,1,53
2019-07-09,11540.15,11547.95,11533.35,11547.95,13:40:00,11539.701705315128,1,54
2019-07-09,11538.45,11541.2,11534.2,11540.95,13:45:00,11539.582495285116,1,55
2019-07-09,11519.65,11541.45,11511.5,11539.3,13:50:00,11537.68416240082,1,56
2019-07-09,11520.95,11524.15,11512.7,11520.5,13:55:00,11536.09043264836,1,57
2019-07-09,11532.7,11533.55,11518.7,11520.75,14:00:00,11535.7675343009,1,58
2019-07-09,11556.75,11562.85,11530.2,11533.65,14:05:00,11537.76586436748,1,59
2019-07-09,11545.05,11563.55,11544.45,11557.45,14:10:00,11538.459591570578,1,60
2019-07-09,11548.6,11556.9,11544.55,11546.55,14:15:00,11539.425344754332,1,61
2019-07-09,11541.6,11550.0,11538.05,11549.05,14:20:00,11539.63245477773,1,62
2019-07-09,11534.65,11546.85,11529.6,11541.55,14:25:00,11539.157935275089,1,63
2019-07-09,11539.8,11543.4,11533.6,11534.5,14:30:00,11539.219084296508,1,64
2019-07-09,11542.45,11548.3,11536.6,11540.35,14:35:00,11539.526790553984,1,65
2019-07-09,11535.55,11542.7,11530.2,11542.0,14:40:00,11539.148048596462,1,66
2019-07-09,11545.85,11546.2,11534.15,11535.95,14:45:00,11539.786329682514,1,67
2019-07-09,11543.1,11551.25,11539.1,11545.55,14:50:00,11540.1019173318,1,68
2019-07-09,11546.55,11551.2,11542.15,11544.15,14:55:00,11540.716020443057,1,69
2019-07-09,11547.75,11550.3,11532.8,11547.0,15:00:00,11541.385923258003,1,70
2019-07-09,11561.85,11561.85,11546.55,11548.1,15:05:00,11543.334882947718,1,71
2019-07-09,11563.55,11568.7,11557.85,11562.95,15:10:00,11545.260132190791,1,72
2019-07-09,11556.45,11565.1,11553.6,11563.35,15:15:00,11546.325833886907,1,73
2019-07-09,11558.9,11559.5,11554.25,11556.35,15:20:00,11547.523373516726,1,74
2019-07-09,11552.7,11559.65,11549.7,11559.65,15:25:00,11548.016385562752,1,75
2019-07-10,11574.5,11575.9,11516.3,11526.8,09:15:00,11550.538634556777,2,1
2019-07-10,11567.05,11578.25,11561.4,11575.2,09:20:00,11552.11114555137,2,2
2019-07-10,11554.85,11567.45,11543.7,11567.45,09:25:00,11552.371988832192,2,3
2019-07-10,11550.3,11555.1,11542.05,11555.1,09:30:00,11552.17465656246,2,4
2019-07-10,11573.0,11573.0,11550.3,11550.4,09:35:00,11554.15802260413,2,5
2019-07-10,11578.55,11587.05,11570.65,11574.3,09:40:00,11556.481068070403,2,6
2019-07-10,11589.75,11593.1,11574.85,11578.65,09:45:00,11559.649537777985,2,7
2019-07-10,11587.85,11593.7,11584.25,11589.5,09:50:00,11562.335296084842,2,8
2019-07-10,11579.7,11590.1,11576.75,11588.15,09:55:00,11563.989077410097,2,9
2019-07-10,11574.25,11580.65,11571.9,11579.35,10:00:00,11564.966308132944,2,10
2019-07-10,11564.05,11576.6,11563.25,11575.05,10:05:00,11564.879040691712,2,11
2019-07-10,11556.25,11564.1,11555.2,11563.9,10:10:00,11564.057227292502,2,12
2019-07-10,11552.9,11562.95,11552.6,11556.3,10:15:00,11562.994634217026,2,13
2019-07-10,11559.95,11561.95,11550.9,11552.75,10:20:00,11562.7046690535,2,14
2019-07-10,11544.65,11560.7,11543.75,11560.3,10:25:00,11560.985176762691,2,15
2019-07-10,11529.05,11546.3,11521.55,11544.95,10:30:00,11557.94373135672,2,16
2019-07-10,11523.7,11539.25,11522.05,11529.2,10:35:00,11554.682423608465,2,17
2019-07-10,11529.55,11530.45,11517.75,11523.75,10:40:00,11552.288859455277,2,18
2019-07-10,11526.4,11536.15,11526.4,11529.3,10:45:00,11549.823253792869,2,19
2019-07-10,11515.6,11528.85,11513.9,11526.25,10:50:00,11546.563896288786,2,20
2019-07-10,11529.0,11529.0,11513.2,11515.25,10:55:00,11544.891144261284,2,21
2019-07-10,11536.9,11537.9,11527.9,11529.25,11:00:00,11544.130082903066,2,22
2019-07-10,11530.3,11537.15,11526.05,11537.05,11:05:00,11542.812932150391,2,23
2019-07-10,11533.2,11533.2,11524.4,11530.15,11:10:00,11541.897414802736,2,24
2019-07-10,11533.0,11534.05,11527.95,11533.1,11:15:00,11541.05004196438,2,25
2019-07-10,11535.0,11538.9,11530.15,11532.7,11:20:00,11540.473847491585,2,26
2019-07-10,11532.95,11538.8,11532.75,11535.55,11:25:00,11539.757290587622,2,27
2019-07-10,11532.25,11533.7,11528.35,11533.5,11:30:00,11539.04231053166,2,28
2019-07-10,11527.45,11534.95,11524.85,11532.4,11:35:00,11537.938280957216,2,29
2019-07-10,11530.0,11532.05,11526.45,11527.4,11:40:00,11537.182254199386,2,30
2019-07-10,11523.6,11529.5,11518.5,11529.5,11:45:00,11535.888706180398,2,31
2019-07-10,11523.65,11529.95,11523.2,11524.65,11:50:00,11534.7231151156,2,32
2019-07-10,11526.6,11529.45,11523.3,11523.5,11:55:00,11533.94948510459,2,33
2019-07-10,11510.15,11526.5,11508.05,11526.3,12:00:00,11531.682867475582,2,34
2019-07-10,11504.4,11512.5,11502.3,11509.8,12:05:00,11529.084499144574,2,35
2019-07-10,11505.45,11506.35,11499.85,11504.3,12:10:00,11526.83359446414,2,36
2019-07-10,11512.45,11514.85,11503.95,11505.55,12:15:00,11525.463728324696,2,37
2019-07-10,11515.4,11520.0,11511.85,11512.35,12:20:00,11524.50527800806,2,38
2019-07-10,11514.45,11517.9,11511.15,11515.35,12:25:00,11523.547632483482,2,39
2019-07-10,11507.5,11516.35,11505.7,11514.8,12:30:00,11522.019286532675,2,40
2019-07-10,11496.1,11509.15,11495.0,11507.55,12:35:00,11519.550783053372,2,41
2019-07-10,11490.75,11497.4,11485.35,11495.85,12:40:00,11516.807851334004,2,42
2019-07-10,11496.15,11497.25,11490.8,11490.9,12:45:00,11514.840436921242,2,43
2019-07-10,11482.3,11496.2,11478.55,11495.85,12:50:00,11511.741347690648,2,44
2019-07-10,11481.5,11487.25,11477.75,11481.8,12:55:00,11508.861219339158,2,45
2019-07-10,11484.95,11486.25,11480.05,11481.15,13:00:00,11506.583960354475,2,46
2019-07-10,11503.2,11503.5,11483.05,11485.15,13:05:00,11506.261678415956,2,47
2019-07-10,11503.0,11510.3,11500.85,11503.0,13:10:00,11505.95104237634,2,48
2019-07-10,11509.5,11509.5,11499.95,11503.35,13:15:00,11506.289038340496,2,49
2019-07-10,11524.85,11528.45,11508.95,11508.95,13:20:00,11508.056748974735,2,50
2019-07-10,11521.55,11525.35,11515.8,11524.4,13:25:00,11509.341820500951,2,51
2019-07-10,11525.9,11532.45,11520.25,11521.1,13:30:00,11510.918789977051,2,52
2019-07-10,11522.25,11532.6,11520.95,11526.2,13:35:00,11511.99795283638,2,53
2019-07-10,11513.7,11524.35,11511.0,11522.6,13:40:00,11512.160052566249,2,54
2019-07-10,11507.55,11513.25,11500.5,11512.75,13:45:00,11511.720999940891,2,55
2019-07-10,11515.3,11518.15,11506.25,11507.25,13:50:00,11512.061857089378,2,56
2019-07-10,11512.8,11515.95,11507.35,11514.4,13:55:00,11512.1321564142,2,57
2019-07-10,11509.25,11517.15,11506.1,11512.9,14:00:00,11511.857665327134,2,58
2019-07-10,11512.55,11515.35,11508.15,11509.05,14:05:00,11511.923601962644,2,59
2019-07-10,11507.7,11513.55,11506.1,11512.35,14:10:00,11511.52135415668,2,60
2019-07-10,11500.3,11507.35,11495.35,11507.15,14:15:00,11510.452653760804,2,61
2019-07-10,11500.85,11505.2,11497.85,11502.85,14:20:00,11509.538115307394,2,62
2019-07-10,11486.15,11502.65,11486.15,11501.1,14:25:00,11507.310675754308,2,63
2019-07-10,11482.85,11487.1,11475.65,11486.8,14:30:00,11504.981087587232,2,64
2019-07-10,11483.5,11491.85,11481.95,11484.15,14:35:00,11502.93526972178,2,65
2019-07-10,11497.2,11498.95,11481.8,11483.0,14:40:00,11502.3890535578,2,66
2019-07-10,11507.1,11509.95,11497.7,11497.7,14:45:00,11502.837715123724,2,67
2019-07-10,11505.9,11506.95,11500.9,11506.85,14:50:00,11503.129361302415,2,68
2019-07-10,11504.3,11508.05,11500.3,11505.7,14:55:00,11503.240850702185,2,69
2019-07-10,11508.9,11519.85,11504.15,11504.15,15:00:00,11503.779817301976,2,70
2019-07-10,11503.1,11510.5,11500.4,11509.15,15:05:00,11503.715072797026,2,71
2019-07-10,11496.5,11503.55,11489.7,11502.55,15:10:00,11503.027923006832,2,72
2019-07-10,11494.0,11497.5,11485.75,11496.55,15:15:00,11502.168120815704,2,73
2019-07-10,11493.35,11496.2,11488.15,11496.2,15:20:00,11501.328299785637,2,74
2019-07-10,11494.0,11499.45,11491.25,11493.6,15:25:00,11500.630366472718,2,75
2019-07-11,11545.15,11560.5,11534.9,11554.3,09:15:00,11504.870331570552,3,1
2019-07-11,11530.75,11546.3,11528.9,11546.3,09:20:00,11507.335061897167,3,2
2019-07-11,11523.7,11535.35,11519.5,11530.65,09:25:00,11508.89362743077,3,3
2019-07-11,11535.35,11537.2,11522.9,11523.9,09:30:00,11511.413281961171,3,4
2019-07-11,11533.75,11538.8,11532.0,11535.5,09:35:00,11513.540588441065,3,5
2019-07-11,11525.95,11536.9,11525.5,11533.9,09:40:00,11514.722437160965,3,6
2019-07-11,11538.7,11538.95,11525.15,11525.4,09:45:00,11517.006014574205,3,7
2019-07-11,11541.7,11545.3,11537.9,11538.8,09:50:00,11519.357822709995,3,8
2019-07-11,11551.3,11552.25,11541.45,11541.45,09:55:00,11522.399934832853,3,9
2019-07-11,11550.0,11557.75,11547.6,11551.55,10:00:00,11525.02851246782,3,10
2019-07-11,11547.0,11550.15,11543.8,11550.15,10:05:00,11527.121035089933,3,11
2019-07-11,11550.3,11552.55,11543.85,11547.25,10:10:00,11529.32855555756,3,12
2019-07-11,11548.6,11554.8,11548.6,11550.1,10:15:00,11531.163931218744,3,13
2019-07-11,11547.9,11548.7,11545.4,11548.35,10:20:00,11532.757842531244,3,14
2019-07-11,11546.25,11548.55,11542.9,11547.95,10:25:00,11534.04280990922,3,15
2019-07-11,11553.25,11553.25,11546.25,11546.55,10:30:00,11535.872066108344,3,16
2019-07-11,11551.7,11556.35,11551.0,11552.95,10:35:00,11537.379488383738,3,17
2019-07-11,11547.9,11554.1,11546.4,11551.35,10:40:00,11538.381441871,3,18
2019-07-11,11542.5,11547.95,11541.85,11547.6,10:45:00,11538.773685502334,3,19
2019-07-11,11539.85,11546.25,11539.45,11542.9,10:50:00,11538.87619164497,3,20
2019-07-11,11535.9,11541.15,11535.85,11539.65,10:55:00,11538.59274482164,3,21
2019-07-11,11545.35,11548.4,11534.75,11535.55,11:00:00,11539.236292933863,3,22
2019-07-11,11550.25,11552.25,11544.75,11545.15,11:05:00,11540.285217416353,3,23
2019-07-11,11546.6,11551.9,11545.95,11550.1,11:10:00,11540.88662528146,3,24
2019-07-11,11541.85,11548.1,11541.85,11546.8,11:15:00,11540.978375254655,3,25
2019-07-11,11548.45,11550.75,11540.7,11542.55,11:20:00,11541.689958563737,3,26
2019-07-11,11554.7,11554.95,11547.8,11548.35,11:25:00,11542.929010129095,3,27
2019-07-11,11554.45,11556.65,11552.7,11554.85,11:30:00,11544.026247259657,3,28
2019-07-11,11551.25,11556.0,11549.0,11554.0,11:35:00,11544.714223711118,3,29
2019-07-11,11552.65,11552.75,11549.2,11550.85,11:40:00,11545.470011929106,3,30
2019-07-11,11548.0,11553.4,11547.75,11552.3,11:45:00,11545.710963173957,3,31
2019-07-11,11550.4,11551.95,11547.35,11547.95,11:50:00,11546.157538109768,3,32
2019-07-11,11553.7,11555.9,11550.65,11550.7,11:55:00,11546.8758678136,3,33
2019-07-11,11558.3,11559.05,11552.95,11553.95,12:00:00,11547.96388040278,3,34
2019-07-11,11562.75,11567.75,11558.25,11558.55,12:05:00,11549.372082269185,3,35
2019-07-11,11559.25,11562.15,11557.65,11562.15,12:10:00,11550.312836338784,3,36
2019-07-11,11567.4,11568.0,11558.4,11559.4,12:15:00,11551.9401852589,3,37
2019-07-11,11572.85,11576.0,11566.65,11567.25,12:20:00,11553.931596186623,3,38
2019-07-11,11570.6,11573.6,11568.55,11572.55,12:25:00,11555.519063216469,3,39
2019-07-11,11570.8,11576.25,11569.85,11570.7,12:30:00,11556.974390529189,3,40
2019-07-11,11568.7,11572.4,11567.8,11570.75,12:35:00,11558.091115240692,3,41
2019-07-11,11563.6,11568.2,11561.85,11568.2,12:40:00,11558.615770932056,3,42
2019-07-11,11566.65,11568.25,11564.0,11564.1,12:45:00,11559.380935605192,3,43
2019-07-11,11562.05,11567.0,11560.3,11566.8,12:50:00,11559.635132214222,3,44
2019-07-11,11572.85,11572.85,11562.0,11562.2,12:55:00,11560.893691050962,3,45
2019-07-11,11570.85,11575.05,11570.35,11573.0,13:00:00,11561.84191095087,3,46
2019-07-11,11567.8,11575.1,11567.05,11570.65,13:05:00,11562.40934800317,3,47
2019-07-11,11571.6,11575.95,11567.75,11567.75,13:10:00,11563.284648193345,3,48
2019-07-11,11574.55,11575.1,11568.15,11571.95,13:15:00,11564.357538841596,3,49
2019-07-11,11579.35,11582.55,11571.85,11574.05,13:20:00,11565.785392285254,3,50
2019-07-11,11575.15,11579.75,11574.4,11579.25,13:25:00,11566.677259686658,3,51
2019-07-11,11577.6,11579.65,11574.25,11575.6,13:30:00,11567.71752066888,3,52
2019-07-11,11581.15,11583.35,11572.75,11577.05,13:35:00,11568.996804414704,3,53
2019-07-11,11589.25,11589.25,11580.25,11580.35,13:40:00,11570.925680184731,3,54
2019-07-11,11579.35,11590.6,11576.1,11588.5,13:45:00,11571.727996357611,3,55
2019-07-11,11578.05,11580.85,11573.2,11578.45,13:50:00,11572.330091942602,3,56
2019-07-11,11577.25,11580.45,11573.05,11578.15,13:55:00,11572.798654614737,3,57
2019-07-11,11564.8,11580.0,11563.05,11576.9,14:00:00,11572.03687798476,3,58
2019-07-11,11576.45,11577.55,11563.9,11564.85,14:05:00,11572.457175319543,3,59
2019-07-11,11581.5,11581.5,11574.3,11576.4,14:10:00,11573.318396717685,3,60
2019-07-11,11585.35,11586.05,11578.85,11581.15,14:15:00,11574.464263696951,3,61
2019-07-11,11595.95,11599.0,11585.65,11585.65,14:20:00,11576.510524297242,3,62
2019-07-11,11588.0,11596.7,11586.3,11596.5,14:25:00,11577.604760078457,3,63
2019-07-11,11588.6,11592.4,11584.05,11588.2,14:30:00,11578.65192578527,3,64
2019-07-11,11585.7,11588.9,11581.3,11588.4,14:35:00,11579.323170948575,3,65
2019-07-11,11589.25,11590.5,11583.0,11585.55,14:40:00,11580.268583239187,3,66
2019-07-11,11595.1,11595.5,11588.35,11589.7,14:45:00,11581.68109912117,3,67
2019-07-11,11597.7,11598.35,11591.15,11595.2,14:50:00,11583.206708728676,3,68
2019-07-11,11573.75,11598.2,11573.75,11597.8,14:55:00,11582.306069802136,3,69
2019-07-11,11582.35,11582.55,11575.1,11577.1,15:00:00,11582.310253630503,3,70
2019-07-11,11586.7,11588.25,11579.7,11582.2,15:05:00,11582.728324713313,3,71
2019-07-11,11585.85,11589.1,11582.7,11587.25,15:10:00,11583.025627121568,3,72
2019-07-11,11583.5,11588.15,11582.4,11586.2,15:15:00,11583.07080549094,3,73
2019-07-11,11575.5,11583.35,11574.15,11583.35,15:20:00,11582.349776396564,3,74
2019-07-11,11575.6,11579.7,11572.9,11575.6,15:25:00,11581.706940549271,3,75
2019-07-12,11583.3,11608.9,11578.6,11597.3,09:15:00,11581.85866049696,4,1
2019-07-12,11593.6,11595.15,11581.95,11582.9,09:20:00,11582.976883306774,4,2
2019-07-12,11590.0,11596.85,11585.05,11593.15,09:25:00,11583.645751563272,4,3
2019-07-12,11581.35,11590.35,11576.15,11589.75,09:30:00,11583.427108557244,4,4
2019-07-12,11568.3,11584.3,11565.95,11581.4,09:35:00,11581.986431551792,4,5
2019-07-12,11576.95,11577.35,11566.45,11568.85,09:40:00,11581.506771404003,4,6
2019-07-12,11570.6,11579.85,11566.8,11575.95,09:45:00,11580.468031270291,4,7
2019-07-12,11560.7,11573.35,11559.5,11570.2,09:50:00,11578.5853616255,4,8
2019-07-12,11560.25,11567.7,11557.1,11560.95,09:55:00,11576.839136708786,4,9
2019-07-12,11560.9,11564.15,11558.9,11560.15,10:00:00,11575.321123688902,4,10
2019-07-12,11557.55,11560.65,11554.75,11560.65,10:05:00,11573.62863571853,4,11
2019-07-12,11565.55,11567.1,11553.3,11557.0,10:10:00,11572.859241840575,4,12
2019-07-12,11570.5,11573.5,11564.55,11565.4,10:15:00,11572.634552141471,4,13
2019-07-12,11579.7,11579.7,11570.15,11570.2,10:20:00,11573.307451937524,4,14
2019-07-12,11578.15,11581.35,11574.0,11580.2,10:25:00,11573.768646991091,4,15
2019-07-12,11573.6,11583.1,11573.2,11578.1,10:30:00,11573.752585372897,4,16
2019-07-12,11571.9,11579.15,11570.4,11573.4,10:35:00,11573.576148670714,4,17
2019-07-12,11582.65,11582.8,11571.7,11571.85,10:40:00,11574.440324987789,4,18
2019-07-12,11583.35,11588.55,11579.2,11583.05,10:45:00,11575.28886546514,4,19
2019-07-12,11578.3,11586.9,11578.2,11583.7,10:50:00,11575.575640182746,4,20
2019-07-12,11575.75,11581.45,11575.75,11578.2,10:55:00,11575.592245879629,4,21
2019-07-12,11573.0,11576.05,11571.9,11575.8,11:00:00,11575.345365319665,4,22
2019-07-12,11575.75,11576.85,11569.4,11572.65,11:05:00,11575.383901955884,4,23
2019-07-12,11576.6,11579.8,11574.9,11576.0,11:10:00,11575.49972081723,4,24
2019-07-12,11583.3,11583.45,11574.6,11576.35,11:15:00,11576.24260454892,4,25
2019-07-12,11585.65,11587.35,11582.5,11583.15,11:20:00,11577.138546972834,4,26
2019-07-12,11589.8,11589.85,11583.55,11585.3,11:25:00,11578.344399642088,4,27
2019-07-12,11590.85,11593.9,11588.35,11590.1,11:30:00,11579.535409199983,4,28
2019-07-12,11597.25,11599.0,11590.4,11590.5,11:35:00,11581.2225130857,4,29
2019-07-12,11592.6,11598.0,11592.5,11597.15,11:40:00,11582.306083268011,4,30
2019-07-12,11592.05,11594.9,11589.7,11592.8,11:45:00,11583.234075337728,4,31
2019-07-12,11589.65,11593.95,11588.2,11592.85,11:50:00,11583.845115781753,4,32
2019-07-12,11585.2,11589.5,11584.95,11589.4,11:55:00,11583.974152373969,4,33
2019-07-12,11586.8,11587.8,11582.4,11585.1,12:00:00,11584.243280719304,4,34
2019-07-12,11583.8,11589.35,11582.7,11586.85,12:05:00,11584.201063507942,4,35
2019-07-12,11577.7,11584.0,11577.4,11583.55,12:10:00,11583.581914602424,4,36
2019-07-12,11582.1,11582.1,11576.55,11577.6,12:15:00,11583.440779878383,4,37
2019-07-12,11584.8,11584.9,11581.85,11582.3,12:20:00,11583.570229413774,4,38
2019-07-12,11587.7,11588.8,11583.6,11584.65,12:25:00,11583.963540898178,4,39
2019-07-12,11584.05,11588.45,11583.3,11587.8,12:30:00,11583.971775098353,4,40
2019-07-12,11589.65,11590.25,11580.6,11584.35,12:35:00,11584.512558422315,4,41
2019-07-12,11591.9,11595.65,11589.05,11590.15,12:40:00,11585.21612428686,4,42
2019-07-12,11588.6,11592.8,11586.0,11592.8,12:45:00,11585.5383981643,4,43
2019-07-12,11592.75,11593.15,11586.05,11589.1,12:50:00,11586.22521738675,4,44
2019-07-12,11592.4,11596.05,11591.55,11593.65,12:55:00,11586.813291921344,4,45
2019-07-12,11604.7,11605.2,11592.3,11593.55,13:00:00,11588.516787928836,4,46
2019-07-12,11617.1,11617.1,11604.15,11604.85,13:05:00,11591.23899860228,4,47
2019-07-12,11616.0,11620.25,11611.7,11617.5,13:10:00,11593.597189211589,4,48
2019-07-12,11619.55,11627.25,11615.1,11616.8,13:15:00,11596.06888547715,4,49
2019-07-12,11619.0,11621.05,11616.7,11620.35,13:20:00,11598.252801145994,4,50
2019-07-12,11622.95,11623.55,11618.2,11619.6,13:25:00,11600.604915322569,4,51
2019-07-12,11627.9,11631.2,11623.7,11624.2,13:30:00,11603.204447196607,4,52
2019-07-12,11631.55,11632.65,11626.9,11628.1,13:35:00,11605.904023654071,4,53
2019-07-12,11631.75,11639.55,11630.75,11631.85,13:40:00,11608.365545210829,4,54
2019-07-12,11631.55,11634.45,11628.3,11633.05,13:45:00,11610.57358852408,4,55
2019-07-12,11627.75,11634.85,11627.75,11632.3,13:50:00,11612.209437236072,4,56
2019-07-12,11623.8,11632.85,11623.8,11628.45,13:55:00,11613.313300356447,4,57
2019-07-12,11617.55,11629.65,11616.85,11624.65,14:00:00,11613.716795560596,4,58
2019-07-12,11612.25,11620.05,11609.85,11618.6,14:05:00,11613.5771007453,4,59
2019-07-12,11616.65,11622.1,11609.6,11613.3,14:10:00,11613.869757817176,4,60
2019-07-12,11617.1,11618.8,11612.5,11617.25,14:15:00,11614.177399929826,4,61
2019-07-12,11624.0,11624.6,11616.35,11617.9,14:20:00,11615.112885650797,4,62
2019-07-12,11621.75,11628.8,11621.45,11624.15,14:25:00,11615.744991779293,4,63
2019-07-12,11617.05,11622.6,11612.3,11622.6,14:30:00,11615.8692782765,4,64
2019-07-12,11593.3,11618.05,11592.7,11617.8,14:35:00,11613.71982320255,4,65
2019-07-12,11580.1,11594.8,11573.45,11594.8,14:40:00,11610.517935278498,4,66
2019-07-12,11562.9,11584.25,11557.55,11579.75,14:45:00,11605.982893823404,4,67
2019-07-12,11565.5,11569.95,11547.5,11562.25,14:50:00,11602.127380125938,4,68
2019-07-12,11566.85,11570.5,11561.05,11564.75,14:55:00,11598.767629637754,4,69
2019-07-12,11551.0,11565.95,11550.55,11565.95,15:00:00,11594.218331577016,4,70
2019-07-12,11549.35,11551.75,11545.55,11550.9,15:05:00,11589.945157141108,4,71
2019-07-12,11547.8,11551.45,11538.6,11549.9,15:10:00,11585.931332651478,4,72
2019-07-12,11550.85,11551.3,11542.75,11547.85,15:15:00,11582.590253351338,4,73
2019-07-12,11555.9,11560.15,11549.8,11550.95,15:20:00,11580.048324460737,4,74
2019-07-12,11547.65,11556.45,11543.75,11556.05,15:25:00,11576.96276975019,4,75
2019-07-15,11594.4,11610.2,11572.2,11610.2,09:15:00,11578.62345834541,0,1
2019-07-15,11599.8,11606.75,11592.65,11592.95,09:20:00,11580.640271836322,0,2
2019-07-15,11594.6,11602.25,11590.65,11599.35,09:25:00,11581.969769756672,0,3
2019-07-15,11581.65,11598.8,11579.9,11594.65,09:30:00,11581.939315494134,0,4
2019-07-15,11568.0,11580.3,11567.6,11580.3,09:35:00,11580.61176163755,0,5
2019-07-15,11576.95,11578.0,11567.55,11567.55,09:40:00,11580.263022433974,0,6
2019-07-15,11581.05,11586.15,11576.95,11577.5,09:45:00,11580.33797267836,0,7
2019-07-15,11571.9,11581.7,11566.85,11580.75,09:50:00,11579.534356232802,0,8
2019-07-15,11579.2,11583.15,11569.75,11571.6,09:55:00,11579.50251278206,0,9
2019-07-15,11564.85,11579.15,11564.25,11579.15,10:00:00,11578.107035374243,0,10
2019-07-15,11562.8,11572.95,11558.7,11565.55,10:05:00,11576.64922248146,0,11
2019-07-15,11567.35,11572.35,11562.85,11563.05,10:10:00,11575.76358224513,0,12
2019-07-15,11575.65,11579.3,11567.25,11567.25,10:15:00,11575.75276488845,0,13
2019-07-15,11574.45,11582.15,11571.8,11575.2,10:20:00,11575.628692041932,0,14
2019-07-15,11578.05,11578.85,11573.75,11574.55,10:25:00,11575.859292799842,0,15
2019-07-15,11573.6,11579.4,11570.65,11578.3,10:30:00,11575.644122057,0,16
2019-07-15,11560.6,11575.2,11559.7,11573.8,10:35:00,11574.211348527762,0,17
2019-07-15,11557.6,11564.2,11555.35,11560.7,10:40:00,11572.629315334643,0,18
2019-07-15,11538.6,11559.0,11538.6,11557.85,10:45:00,11569.388428159917,0,19
2019-07-15,11542.75,11546.55,11532.8,11539.1,10:50:00,11566.851435001829,0,20
2019-07-15,11544.9,11553.1,11542.9,11543.0,10:55:00,11564.76082214451,0,21
2019-07-15,11540.55,11547.5,11539.85,11544.8,11:00:00,11562.455029559318,0,22
2019-07-15,11540.75,11543.85,11535.45,11539.75,11:05:00,11560.387883887002,0,23
2019-07-15,11549.1,11550.25,11539.8,11540.95,11:10:00,11559.312847326337,0,24
2019-07-15,11555.55,11557.0,11548.65,11549.25,11:15:00,11558.954480914304,0,25
2019-07-15,11557.65,11560.0,11553.15,11555.75,11:20:00,11558.83024463675,0,26
2019-07-15,11555.95,11557.95,11555.1,11557.85,11:25:00,11558.555935623728,0,27
2019-07-15,11550.05,11555.95,11547.6,11555.6,11:30:00,11557.745846516706,0,28
2019-07-15,11555.85,11556.65,11548.4,11549.6,11:35:00,11557.565289705592,0,29
2019-07-15,11547.0,11555.85,11544.85,11555.8,11:40:00,11556.559071638392,0,30
2019-07-15,11547.35,11547.7,11541.75,11546.4,11:45:00,11555.68201719664,0,31
2019-07-15,11551.4,11551.55,11545.65,11547.25,11:50:00,11555.274206035056,0,32
2019-07-15,11554.0,11556.1,11550.5,11551.65,11:55:00,11555.152853079337,0,33
2019-07-15,11552.8,11556.8,11551.6,11553.9,12:00:00,11554.928771833684,0,34
2019-07-15,11546.7,11552.5,11544.5,11552.3,12:05:00,11554.145079278096,0,35
2019-07-15,11544.5,11547.4,11542.8,11546.9,12:10:00,11553.22650029923,0,36
2019-07-15,11537.35,11545.55,11536.35,11544.1,12:15:00,11551.714452651684,0,37
2019-07-15,11537.7,11539.3,11532.3,11537.2,12:20:00,11550.379742875331,0,38
2019-07-15,11543.3,11548.2,11536.55,11537.35,12:25:00,11549.70548164911,0,39
2019-07-15,11560.35,11564.1,11541.0,11543.2,12:30:00,11550.719245301576,0,40
2019-07-15,11559.3,11567.5,11559.2,11560.6,12:35:00,11551.536460034758,0,41
2019-07-15,11558.75,11561.6,11554.85,11559.4,12:40:00,11552.223463840972,0,42
2019-07-15,11547.6,11560.55,11545.75,11558.5,12:45:00,11551.783133951356,0,43
2019-07-15,11550.15,11555.05,11548.35,11548.35,12:50:00,11551.62759738456,0,44
2019-07-15,11556.1,11560.75,11548.9,11550.3,12:55:00,11552.053540490791,0,45
2019-07-15,11565.85,11566.55,11556.55,11556.55,13:00:00,11553.36748901548,0,46
2019-07-15,11570.55,11575.8,11562.1,11565.25,13:05:00,11555.003918633054,0,47
2019-07-15,11569.7,11576.25,11566.5,11570.6,13:10:00,11556.403545429906,0,48
2019-07-15,11569.05,11571.95,11565.1,11569.45,13:15:00,11557.607969674678,0,49
2019-07-15,11570.1,11570.1,11559.35,11568.75,13:20:00,11558.797686848518,0,50
2019-07-15,11570.95,11573.2,11569.25,11571.95,13:25:00,11559.955050005805,0,51
2019-07-15,11576.35,11580.25,11571.05,11571.05,13:30:00,11561.516473814774,0,52
2019-07-15,11563.15,11576.8,11562.8,11576.55,13:35:00,11561.672047737176,0,53
2019-07-15,11569.5,11570.75,11557.4,11563.2,13:40:00,11562.417567000302,0,54
2019-07-15,11571.75,11577.45,11569.9,11569.9,13:45:00,11563.306370143133,0,55
2019-07-15,11565.7,11574.7,11561.8,11572.2,13:50:00,11563.534334891405,0,56
2019-07-15,11566.95,11571.85,11563.3,11565.75,13:55:00,11563.85963633032,0,57
2019-07-15,11567.2,11570.5,11566.7,11568.8,14:00:00,11564.177766203622,0,58
2019-07-15,11563.1,11568.3,11553.05,11567.3,14:05:00,11564.075121803276,0,59
2019-07-15,11561.35,11564.7,11559.95,11563.05,14:10:00,11563.81558639344,0,60
2019-07-15,11583.6,11583.75,11560.5,11561.15,14:15:00,11565.699816260732,0,61
2019-07-15,11584.35,11591.95,11580.45,11583.55,14:20:00,11567.4760242359,0,62
2019-07-15,11583.2,11589.65,11580.35,11584.8,14:25:00,11568.973545737244,0,63
2019-07-15,11579.15,11587.65,11574.9,11583.1,14:30:00,11569.942731857504,0,64
2019-07-15,11580.65,11581.25,11572.75,11579.2,14:35:00,11570.9624716806,0,65
2019-07-15,11588.5,11589.55,11578.0,11580.75,14:40:00,11572.632712472923,0,66
2019-07-15,11594.3,11594.45,11585.15,11588.15,14:45:00,11574.69626366598,0,67
2019-07-15,11587.3,11594.55,11582.55,11593.75,14:50:00,11575.896619507314,0,68
2019-07-15,11585.65,11586.7,11575.7,11586.7,14:55:00,11576.82551288757,0,69
2019-07-15,11583.4,11591.4,11580.65,11585.85,15:00:00,11577.451654517325,0,70
2019-07-15,11588.55,11588.7,11579.6,11583.55,15:05:00,11578.508639801388,0,71
2019-07-15,11589.0,11592.9,11586.2,11588.9,15:10:00,11579.507816963162,0,72
2019-07-15,11589.6,11593.2,11587.3,11589.5,15:15:00,11580.468977252383,0,73
2019-07-15,11591.35,11593.85,11587.55,11590.2,15:20:00,11581.50526513311,0,74
2019-07-15,11587.65,11592.25,11587.0,11591.05,15:25:00,11582.090477977576,0,75
2019-07-16,11584.4,11599.0,11573.95,11591.05,09:15:00,11582.3104324559,1,1
2019-07-16,11594.75,11597.1,11583.9,11584.6,09:20:00,11583.495153174386,1,2
2019-07-16,11584.65,11596.7,11583.65,11595.15,09:25:00,11583.605138586348,1,3
2019-07-16,11604.3,11604.3,11582.35,11584.7,09:30:00,11585.5760777686,1,4
2019-07-16,11611.8,11619.65,11603.1,11603.65,09:35:00,11588.073594171592,1,5
2019-07-16,11617.8,11620.0,11610.35,11612.05,09:40:00,11590.904680440965,1,6
2019-07-16,11621.65,11623.1,11613.4,11617.35,09:45:00,11593.832806113252,1,7
2019-07-16,11624.4,11626.9,11621.75,11622.3,09:50:00,11596.7439674358,1,8
2019-07-16,11630.4,11634.6,11621.95,11624.0,09:55:00,11599.949303870486,1,9
2019-07-16,11627.8,11637.2,11627.8,11629.8,10:00:00,11602.601751120916,1,10
2019-07-16,11626.8,11629.95,11624.5,11628.2,10:05:00,11604.906346252255,1,11
2019-07-16,11622.7,11626.85,11621.5,11626.75,10:10:00,11606.600979942516,1,12
2019-07-16,11615.65,11625.8,11615.65,11622.35,10:15:00,11607.462791376563,1,13
2019-07-16,11616.3,11619.5,11613.9,11615.7,10:20:00,11608.304430293085,1,14
2019-07-16,11612.15,11617.15,11611.65,11616.8,10:25:00,11608.670675027077,1,15
2019-07-16,11620.35,11621.5,11611.85,11612.35,10:30:00,11609.782991691163,1,16
2019-07-16,11615.9,11620.65,11613.35,11620.1,10:35:00,11610.365563911051,1,17
2019-07-16,11623.25,11623.6,11615.2,11616.0,10:40:00,11611.592653062382,1,18
2019-07-16,11620.15,11623.9,11615.9,11623.35,10:45:00,11612.407638485012,1,19
2019-07-16,11616.65,11620.2,11613.8,11619.95,10:50:00,11612.811672915012,1,20
2019-07-16,11620.05,11621.9,11615.1,11616.75,10:55:00,11613.501037399295,1,21
2019-07-16,11620.85,11621.1,11617.25,11620.15,11:00:00,11614.200938599362,1,22
2019-07-16,11622.05,11625.3,11620.9,11620.9,11:05:00,11614.948468256567,1,23
2019-07-16,11626.1,11629.65,11621.45,11622.0,11:10:00,11616.010518898798,1,24
2019-07-16,11623.35,11626.65,11623.05,11626.15,11:15:00,11616.709517098912,1,25
2019-07-16,11630.8,11630.85,11622.8,11623.25,11:20:00,11618.051467851396,1,26
2019-07-16,11626.75,11631.15,11626.75,11630.7,11:25:00,11618.879899484597,1,27
2019-07-16,11628.3,11628.75,11625.8,11626.6,11:30:00,11619.777051914636,1,28
2019-07-16,11628.15,11628.4,11623.45,11628.15,11:35:00,11620.574475541813,1,29
2019-07-16,11626.8,11631.05,11626.3,11628.6,11:40:00,11621.16738263307,1,30
2019-07-16,11634.9,11635.3,11626.85,11626.85,11:45:00,11622.47525095373,1,31
2019-07-16,11636.75,11639.75,11632.65,11634.7,11:50:00,11623.8347508629,1,32
2019-07-16,11632.0,11637.7,11631.65,11636.8,11:55:00,11624.61239363786,1,33
2019-07-16,11631.15,11633.75,11631.15,11631.9,12:00:00,11625.235022815208,1,34
2019-07-16,11634.8,11635.4,11629.4,11631.0,12:05:00,11626.145973023282,1,35
2019-07-16,11631.55,11635.05,11631.55,11634.7,12:10:00,11626.66064225916,1,36
2019-07-16,11621.85,11632.75,11621.2,11631.6,12:15:00,11626.202485853526,1,37
2019-07-16,11626.1,11626.25,11619.25,11622.1,12:20:00,11626.192725296049,1,38
2019-07-16,11624.55,11627.4,11623.65,11625.85,12:25:00,11626.036275267852,1,39
2019-07-16,11628.35,11628.55,11623.45,11624.3,12:30:00,11626.256630004247,1,40
2019-07-16,11631.95,11632.9,11628.2,11628.55,12:35:00,11626.798855718129,1,41
2019-07-16,11634.3,11637.4,11631.1,11631.8,12:40:00,11627.51325041164,1,42
2019-07-16,11634.05,11635.4,11631.55,11634.35,12:45:00,11628.135797991485,1,43
2019-07-16,11636.8,11640.35,11632.7,11634.0,12:50:00,11628.960960087532,1,44
2019-07-16,11633.7,11637.15,11633.1,11636.65,12:55:00,11629.412297222054,1,45
2019-07-16,11629.1,11634.25,11628.8,11633.8,13:00:00,11629.382554629476,1,46
2019-07-16,11632.8,11633.9,11628.1,11628.75,13:05:00,11629.708025617148,1,47
2019-07-16,11630.1,11634.95,11629.6,11632.4,13:10:00,11629.745356510752,1,48
2019-07-16,11626.25,11631.2,11625.9,11630.15,13:15:00,11629.412465414489,1,49
2019-07-16,11628.1,11628.1,11623.95,11626.2,13:20:00,11629.287468708346,1,50
2019-07-16,11625.4,11628.45,11622.9,11627.65,13:25:00,11628.917233593264,1,51
2019-07-16,11629.15,11629.8,11625.35,11625.65,13:30:00,11628.939401822478,1,52
2019-07-16,11618.05,11629.35,11614.7,11629.1,13:35:00,11627.902315934623,1,53
2019-07-16,11617.95,11621.4,11614.6,11617.8,13:40:00,11626.954476321802,1,54
2019-07-16,11626.2,11627.95,11618.15,11618.15,13:45:00,11626.882621434012,1,55
2019-07-16,11626.1,11629.8,11623.5,11626.35,13:50:00,11626.808086059344,1,56
2019-07-16,11628.15,11629.05,11623.0,11626.4,13:55:00,11626.935887387026,1,57
2019-07-16,11638.9,11638.9,11625.95,11627.85,14:00:00,11628.0753266835,1,58
2019-07-16,11656.45,11659.7,11638.1,11639.1,14:05:00,11630.777676523168,1,59
2019-07-16,11659.5,11659.95,11651.7,11656.0,14:10:00,11633.513135901912,1,60
2019-07-16,11653.0,11662.0,11653.0,11659.4,14:15:00,11635.36902772078,1,61
2019-07-16,11659.1,11659.2,11644.75,11652.85,14:20:00,11637.6291203188,1,62
2019-07-16,11656.3,11659.2,11651.5,11658.55,14:25:00,11639.407299336057,1,63
2019-07-16,11663.6,11667.55,11654.05,11656.2,14:30:00,11641.711366065956,1,64
2019-07-16,11665.45,11666.35,11658.0,11664.35,14:35:00,11643.97218834539,1,65
2019-07-16,11665.4,11666.35,11659.85,11665.6,14:40:00,11646.012932312497,1,66
2019-07-16,11664.35,11670.05,11661.25,11665.3,14:45:00,11647.759319711304,1,67
2019-07-16,11653.6,11665.5,11652.85,11664.5,14:50:00,11648.315574976894,1,68
2019-07-16,11657.3,11658.95,11653.65,11653.75,14:55:00,11649.171234502905,1,69
2019-07-16,11654.45,11665.1,11651.45,11656.9,15:00:00,11649.673974074058,1,70
2019-07-16,11667.2,11667.6,11653.95,11653.95,15:05:00,11651.343119400335,1,71
2019-07-16,11666.55,11667.85,11661.8,11667.1,15:10:00,11652.791393743162,1,72
2019-07-16,11665.45,11668.0,11662.1,11666.9,15:15:00,11653.996975291431,1,73
2019-07-16,11662.7,11666.45,11662.05,11666.0,15:20:00,11654.825834787487,1,74
2019-07-16,11661.05,11665.95,11656.75,11662.15,15:25:00,11655.418612426773,1,75
2019-07-17,11675.0,11679.7,11651.15,11668.55,09:15:00,11657.283506481366,2,1
2019-07-17,11678.6,11685.6,11674.2,11674.2,09:20:00,11659.313648721236,2,2
2019-07-17,11664.2,11678.25,11661.25,11678.1,09:25:00,11659.77901550969,2,3
2019-07-17,11670.8,11674.35,11663.25,11663.65,09:30:00,11660.828633080197,2,4
2019-07-17,11667.8,11672.65,11663.25,11671.2,09:35:00,11661.492572786845,2,5
2019-07-17,11674.1,11675.15,11666.55,11667.2,09:40:00,11662.69328014048,2,6
2019-07-17,11679.25,11682.2,11672.3,11674.0,09:45:00,11664.270110603293,2,7
2019-07-17,11676.4,11682.65,11675.5,11678.8,09:50:00,11665.42533816488,2,8
2019-07-17,11679.0,11679.5,11675.5,11676.25,09:55:00,11666.71816310156,2,9
2019-07-17,11688.2,11689.1,11678.45,11678.45,10:00:00,11668.76405232998,2,10
2019-07-17,11691.05,11691.7,11686.3,11687.35,10:05:00,11670.886523536648,2,11
2019-07-17,11688.1,11693.25,11686.55,11690.9,10:10:00,11672.525902247444,2,12
2019-07-17,11688.9,11689.2,11682.65,11687.55,10:15:00,11674.08534012864,2,13
2019-07-17,11692.7,11692.8,11684.85,11688.6,10:20:00,11675.858164878297,2,14
2019-07-17,11695.25,11696.95,11691.8,11692.5,10:25:00,11677.705006318458,2,15
2019-07-17,11699.45,11703.8,11694.45,11695.2,10:30:00,11679.775958097653,2,16
2019-07-17,11694.2,11700.35,11694.15,11699.15,10:35:00,11681.149676374069,2,17
2019-07-17,11692.2,11695.65,11691.1,11694.15,10:40:00,11682.202088147966,2,18
2019-07-17,11689.55,11694.4,11687.4,11691.75,10:45:00,11682.90188927673,2,19
2019-07-17,11697.3,11698.95,11688.45,11689.05,10:50:00,11684.273137917042,2,20
2019-07-17,11696.75,11699.65,11695.45,11697.75,10:55:00,11685.461410496371,2,21
2019-07-17,11695.65,11698.75,11692.95,11696.3,11:00:00,11686.43175235386,2,22
2019-07-17,11699.1,11699.95,11694.0,11695.3,11:05:00,11687.638252129684,2,23
2019-07-17,11699.35,11699.5,11694.55,11698.85,11:10:00,11688.75365668876,2,24
2019-07-17,11695.8,11698.95,11695.05,11698.95,11:15:00,11689.424737004118,2,25
2019-07-17,11691.55,11698.25,11690.65,11695.6,11:20:00,11689.627143003723,2,26
2019-07-17,11698.5,11699.4,11691.45,11691.45,11:25:00,11690.47217700337,2,27
2019-07-17,11705.15,11706.1,11698.55,11699.0,11:30:00,11691.870064907813,2,28
2019-07-17,11700.15,11706.65,11699.95,11704.9,11:35:00,11692.658630154683,2,29
2019-07-17,11698.5,11701.75,11697.6,11699.5,11:40:00,11693.214951092334,2,30
2019-07-17,11694.8,11699.55,11693.2,11698.4,11:45:00,11693.365908131158,2,31
2019-07-17,11696.7,11697.1,11693.5,11694.75,11:50:00,11693.683440690096,2,32
2019-07-17,11691.0,11697.35,11687.35,11696.35,11:55:00,11693.427874910089,2,33
2019-07-17,11697.55,11698.1,11690.6,11691.1,12:00:00,11693.820458251985,2,34
2019-07-17,11695.2,11697.95,11693.8,11697.95,12:05:00,11693.951843180366,2,35
2019-07-17,11696.7,11698.95,11694.8,11695.25,12:10:00,11694.213572401284,2,36
2019-07-17,11697.1,11698.75,11695.4,11696.5,12:15:00,11694.488470267828,2,37
2019-07-17,11690.55,11697.65,11689.95,11696.45,12:20:00,11694.113377861368,2,38
2019-07-17,11692.45,11694.55,11690.45,11690.8,12:25:00,11693.95496092219,2,39
2019-07-17,11694.15,11694.8,11690.85,11692.7,12:30:00,11693.97353607246,2,40
2019-07-17,11693.8,11695.8,11692.25,11694.45,12:35:00,11693.957008827463,2,41
2019-07-17,11692.4,11697.0,11691.85,11694.05,12:40:00,11693.808722272468,2,42
2019-07-17,11692.4,11693.4,11688.75,11692.45,12:45:00,11693.67455824652,2,43
2019-07-17,11692.75,11695.5,11691.75,11692.6,12:50:00,11693.586505080184,2,44
2019-07-17,11689.35,11693.2,11688.8,11692.65,12:55:00,11693.18302840588,2,45
2019-07-17,11690.35,11692.05,11687.95,11689.25,13:00:00,11692.913216176748,2,46
2019-07-17,11685.75,11693.25,11685.35,11690.25,13:05:00,11692.231005112297,2,47
2019-07-17,11674.65,11686.9,11672.2,11686.1,13:10:00,11690.556623673028,2,48
2019-07-17,11675.35,11679.75,11673.35,11674.7,13:15:00,11689.108373799403,2,49
2019-07-17,11670.05,11675.6,11664.1,11675.6,13:20:00,11687.293290580414,2,50
2019-07-17,11674.6,11678.3,11664.5,11670.1,13:25:00,11686.084405763231,2,51
2019-07-17,11679.85,11680.3,11672.4,11674.55,13:30:00,11685.4906528334,2,52
2019-07-17,11677.8,11682.65,11676.95,11680.6,13:35:00,11684.758209706408,2,53
2019-07-17,11673.65,11678.95,11673.55,11677.6,13:40:00,11683.700284972463,2,54
2019-07-17,11671.25,11675.1,11669.0,11673.95,13:45:00,11682.514543546513,2,55
2019-07-17,11680.65,11680.75,11670.7,11671.05,13:50:00,11682.336967970656,2,56
2019-07-17,11684.35,11687.85,11680.2,11680.95,13:55:00,11682.528685306785,2,57
2019-07-17,11679.8,11686.8,11678.55,11684.1,14:00:00,11682.26881051566,2,58
2019-07-17,11678.3,11685.0,11678.15,11679.35,14:05:00,11681.890828561787,2,59
2019-07-17,11677.3,11678.7,11672.9,11677.7,14:10:00,11681.453606794,2,60
2019-07-17,11674.95,11682.2,11673.9,11676.95,14:15:00,11680.83421567076,2,61
2019-07-17,11680.9,11681.65,11673.25,11675.2,14:20:00,11680.840480844974,2,62
2019-07-17,11680.4,11684.7,11680.15,11681.05,14:25:00,11680.79853028831,2,63
2019-07-17,11680.75,11685.05,11678.6,11680.0,14:30:00,11680.79390835609,2,64
2019-07-17,11689.2,11689.7,11680.15,11681.0,14:35:00,11681.594488512654,2,65
2019-07-17,11692.15,11694.05,11688.6,11688.9,14:40:00,11682.599775320972,2,66
2019-07-17,11690.15,11692.7,11688.85,11692.4,14:45:00,11683.318844338022,2,67
2019-07-17,11691.75,11695.25,11688.1,11690.05,14:50:00,11684.121811543924,2,68
2019-07-17,11691.2,11694.95,11689.6,11691.85,14:55:00,11684.79592473022,2,69
2019-07-17,11684.15,11692.9,11680.0,11691.35,15:00:00,11684.734408089244,2,70
2019-07-17,11690.2,11691.9,11684.0,11684.85,15:05:00,11685.254940652174,2,71
2019-07-17,11689.9,11693.65,11685.25,11690.9,15:10:00,11685.69732725673,2,72
2019-07-17,11682.9,11690.65,11682.85,11690.65,15:15:00,11685.430915137042,2,73
2019-07-17,11687.4,11689.6,11683.0,11683.75,15:20:00,11685.618447028754,2,74
2019-07-17,11686.25,11691.1,11684.8,11688.15,15:25:00,11685.678594930778,2,75
2019-07-18,11670.35,11674.7,11657.75,11669.6,09:15:00,11684.218728746897,3,1
2019-07-18,11662.9,11671.8,11659.25,11670.6,09:20:00,11682.188373628143,3,2
2019-07-18,11661.9,11664.2,11653.8,11663.05,09:25:00,11680.25614756832,3,3
2019-07-18,11651.7,11662.15,11648.35,11662.15,09:30:00,11677.536514466574,3,4
2019-07-18,11648.0,11658.55,11647.75,11651.6,09:35:00,11674.723513088806,3,5
2019-07-18,11652.55,11652.55,11644.85,11647.5,09:40:00,11672.61174993749,3,6
2019-07-18,11658.55,11660.45,11652.75,11652.95,09:45:00,11671.27253565773,3,7
2019-07-18,11664.2,11668.3,11658.65,11658.65,09:50:00,11670.598960833184,3,8
2019-07-18,11665.1,11668.85,11663.05,11664.65,09:55:00,11670.075250277643,3,9
2019-07-18,11668.1,11669.85,11663.8,11664.9,10:00:00,11669.887131203584,3,10
2019-07-18,11667.85,11669.2,11663.55,11668.45,10:05:00,11669.693118708004,3,11
2019-07-18,11667.75,11668.25,11665.5,11667.05,10:10:00,11669.508059783431,3,12
2019-07-18,11673.6,11677.15,11667.45,11667.45,10:15:00,11669.897768375487,3,13
2019-07-18,11671.3,11676.35,11671.1,11673.2,10:20:00,11670.031314244488,3,14
2019-07-18,11672.65,11674.6,11669.5,11671.35,10:25:00,11670.28071288787,3,15
2019-07-18,11669.35,11674.15,11667.5,11672.4,10:30:00,11670.192073565217,3,16
2019-07-18,11664.45,11670.7,11664.0,11670.05,10:35:00,11669.645209416149,3,17
2019-07-18,11666.75,11668.25,11664.05,11664.4,10:40:00,11669.36947518604,3,18
2019-07-18,11667.75,11668.55,11664.85,11666.45,10:45:00,11669.215239454035,3,19
2019-07-18,11668.7,11673.8,11665.15,11667.7,10:50:00,11669.166169029842,3,20
2019-07-18,11667.75,11669.3,11666.1,11668.45,10:55:00,11669.031295788904,3,21
2019-07-18,11671.9,11673.15,11667.45,11667.7,11:00:00,11669.304505713772,3,22
2019-07-18,11663.6,11673.15,11663.45,11672.1,11:05:00,11668.761219455318,3,23
2019-07-18,11658.8,11663.95,11655.5,11663.85,11:10:00,11667.812531888145,3,24
2019-07-18,11656.3,11659.15,11654.8,11658.25,11:15:00,11666.71610027975,3,25
2019-07-18,11654.2,11656.9,11649.9,11656.55,11:20:00,11665.524090729295,3,26
2019-07-18,11658.2,11660.8,11653.0,11654.35,11:25:00,11664.826558278888,3,27
2019-07-18,11653.45,11660.0,11653.35,11658.8,11:30:00,11663.74307653804,3,28
2019-07-18,11652.55,11654.45,11650.2,11653.65,11:35:00,11662.677069248704,3,29
2019-07-18,11654.7,11655.75,11652.15,11652.65,11:40:00,11661.917348367875,3,30
2019-07-18,11660.55,11662.3,11654.15,11654.6,11:45:00,11661.787124713792,3,31
2019-07-18,11657.95,11661.0,11657.0,11660.6,11:50:00,11661.421684264858,3,32
2019-07-18,11656.15,11660.3,11655.8,11657.75,11:55:00,11660.919619096778,3,33
2019-07-18,11652.65,11656.2,11652.1,11655.95,12:00:00,11660.132036325656,3,34
2019-07-18,11654.1,11656.75,11650.3,11652.75,12:05:00,11659.557556675594,3,35
2019-07-18,11657.75,11658.65,11653.5,11654.0,12:10:00,11659.385408420776,3,36
2019-07-18,11654.6,11659.05,11654.6,11657.9,12:15:00,11658.929655237846,3,37
2019-07-18,11652.1,11656.85,11651.15,11654.9,12:20:00,11658.279211881862,3,38
2019-07-18,11648.3,11653.5,11647.65,11652.15,12:25:00,11657.328810750256,3,39
2019-07-18,11642.8,11648.5,11636.95,11648.2,12:30:00,11655.945114488328,3,40
2019-07-18,11646.4,11647.5,11641.65,11643.2,12:35:00,11655.03605596563,3,41
2019-07-18,11643.4,11646.45,11642.75,11646.15,12:40:00,11653.927860159378,3,42
2019-07-18,11642.95,11643.65,11641.05,11643.65,12:45:00,11652.882349668009,3,43
2019-07-18,11642.6,11648.25,11642.4,11643.15,12:50:00,11651.903078271054,3,44
2019-07-18,11642.4,11645.2,11640.0,11642.25,12:55:00,11650.99802319762,3,45
2019-07-18,11645.3,11646.05,11639.55,11642.65,13:00:00,11650.455354321655,3,46
2019-07-18,11652.15,11656.45,11645.35,11646.15,13:05:00,11650.616749148166,3,47
2019-07-18,11645.5,11653.75,11644.85,11652.55,13:10:00,11650.129439705484,3,48
2019-07-18,11645.4,11647.4,11642.85,11645.4,13:15:00,11649.679016876393,3,49
2019-07-18,11644.7,11647.65,11644.25,11646.2,13:20:00,11649.204824792923,3,50
2019-07-18,11648.7,11649.6,11642.7,11644.9,13:25:00,11649.15674624122,3,51
2019-07-18,11659.85,11660.1,11648.25,11648.45,13:30:00,11650.175151361103,3,52
2019-07-18,11652.6,11660.9,11652.6,11660.0,13:35:00,11650.406089326712,3,53
2019-07-18,11646.1,11653.15,11645.3,11652.8,13:40:00,11649.99598558131,3,54
2019-07-18,11634.2,11646.25,11634.2,11646.25,13:45:00,11648.491606002137,3,55
2019-07-18,11631.65,11635.0,11628.35,11634.2,13:50:00,11646.887643525744,3,56
2019-07-18,11628.4,11636.1,11625.1,11631.95,13:55:00,11645.12691557091,3,57
2019-07-18,11634.3,11635.0,11628.0,11628.45,14:00:00,11644.095780754633,3,58
2019-07-18,11634.9,11643.0,11633.25,11635.5,14:05:00,11643.219992111335,3,59
2019-07-18,11631.75,11635.35,11631.15,11634.95,14:10:00,11642.127611910257,3,60
2019-07-18,11631.45,11638.2,11630.75,11632.15,14:15:00,11641.11069649023,3,61
2019-07-18,11634.1,11636.8,11630.45,11632.1,14:20:00,11640.443011110208,3,62
2019-07-18,11637.75,11638.8,11632.3,11634.25,14:25:00,11640.186533861615,3,63
2019-07-18,11647.85,11650.55,11635.55,11638.5,14:30:00,11640.916387779558,3,64
2019-07-18,11647.45,11649.9,11643.25,11647.05,14:35:00,11641.538636562456,3,65
2019-07-18,11642.8,11647.15,11640.95,11646.95,14:40:00,11641.658766413651,3,66
2019-07-18,11637.5,11643.05,11633.7,11643.05,14:45:00,11641.262693421875,3,67
2019-07-18,11633.5,11637.9,11630.6,11637.9,14:50:00,11640.52338928646,3,68
2019-07-18,11624.7,11633.8,11624.7,11633.65,14:55:00,11639.016399830609,3,69
2019-07-18,11605.55,11629.5,11605.55,11625.1,15:00:00,11635.829123656264,3,70
2019-07-18,11603.45,11608.65,11601.4,11606.0,15:05:00,11632.745397593762,3,71
2019-07-18,11593.75,11603.25,11589.1,11602.8,15:10:00,11629.03155020388,3,72
2019-07-18,11583.8,11595.4,11582.4,11594.05,15:15:00,11624.723783517797,3,73
2019-07-18,11599.85,11600.1,11583.85,11584.05,15:20:00,11622.354851754197,3,74
2019-07-18,11601.45,11603.15,11596.7,11599.5,15:25:00,11620.363913491892,3,75
2019-07-19,11633.6,11640.35,11623.7,11623.7,09:15:00,11621.624493159332,4,1
2019-07-19,11623.4,11636.75,11622.5,11633.1,09:20:00,11621.79358904892,4,2
2019-07-19,11616.55,11625.55,11613.5,11623.15,09:25:00,11621.29419961569,4,3
2019-07-19,11604.15,11619.0,11601.7,11616.5,09:30:00,11619.661418699909,4,4
2019-07-19,11578.05,11604.85,11577.6,11604.4,09:35:00,11615.698426442774,4,5
2019-07-19,11570.95,11578.6,11557.75,11576.25,09:40:00,11611.436671543464,4,6
2019-07-19,11554.85,11570.7,11551.2,11570.6,09:45:00,11606.0474647298,4,7
2019-07-19,11538.95,11555.5,11526.6,11555.5,09:50:00,11599.657229993629,4,8
2019-07-19,11544.25,11547.05,11537.2,11538.6,09:55:00,11594.380350946618,4,9
2019-07-19,11533.85,11544.2,11530.45,11544.05,10:00:00,11588.61555561837,4,10
2019-07-19,11530.2,11537.5,11525.9,11533.25,10:05:00,11583.052169369,4,11
2019-07-19,11512.15,11531.15,11512.15,11530.8,10:10:00,11576.299581810048,4,12
2019-07-19,11520.75,11520.75,11503.2,11512.45,10:15:00,11571.009145447188,4,13
2019-07-19,11512.55,11527.65,11510.45,11520.05,10:20:00,11565.44160778555,4,14
2019-07-19,11515.1,11522.45,11509.15,11512.6,10:25:00,11560.64716894883,4,15
2019-07-19,11516.6,11520.05,11510.75,11514.5,10:30:00,11556.452200477514,4,16
2019-07-19,11529.75,11530.55,11515.25,11516.35,10:35:00,11553.90913376537,4,17
2019-07-19,11530.05,11532.05,11520.4,11529.55,10:40:00,11551.636835311523,4,18
2019-07-19,11527.8,11534.95,11525.3,11530.1,10:45:00,11549.36666051995,4,19
2019-07-19,11522.4,11529.15,11518.35,11527.4,10:50:00,11546.798407137096,4,20
2019-07-19,11514.7,11523.3,11513.45,11522.3,10:55:00,11543.741415981183,4,21
2019-07-19,11511.85,11519.95,11509.55,11514.95,11:00:00,11540.70413826869,4,22
2019-07-19,11490.4,11514.85,11489.15,11511.7,11:05:00,11535.913267957383,4,23
2019-07-19,11487.0,11500.8,11483.55,11490.15,11:10:00,11531.254861485251,4,24
2019-07-19,11488.65,11494.85,11482.45,11486.75,11:15:00,11527.197255629517,4,25
2019-07-19,11479.1,11489.5,11475.6,11488.25,11:20:00,11522.61656461718,4,26
2019-07-19,11475.0,11483.5,11472.6,11478.75,11:25:00,11518.08165370126,4,27
2019-07-19,11487.0,11487.6,11472.2,11474.9,11:30:00,11515.121496205902,4,28
2019-07-19,11492.35,11492.35,11484.0,11485.6,11:35:00,11512.95278228153,4,29
2019-07-19,11487.8,11495.8,11487.35,11492.1,11:40:00,11510.5572792071,4,30
2019-07-19,11486.8,11490.4,11484.2,11487.1,11:45:00,11508.294681187375,4,31
2019-07-19,11493.15,11496.3,11486.1,11486.7,11:50:00,11506.852330598103,4,32
2019-07-19,11493.75,11495.1,11487.6,11493.0,11:55:00,11505.60448958876,4,33
2019-07-19,11488.9,11492.7,11485.25,11492.7,12:00:00,11504.013585818402,4,34
2019-07-19,11479.45,11489.05,11478.9,11488.55,12:05:00,11501.67419669284,4,35
2019-07-19,11478.8,11478.85,11466.45,11478.7,12:10:00,11499.495701769712,4,36
2019-07-19,11476.45,11478.8,11467.35,11478.7,12:15:00,11497.30087302974,4,37
2019-07-19,11469.7,11478.65,11462.95,11476.05,12:20:00,11494.67221845548,4,38
2019-07-19,11469.85,11470.6,11466.95,11469.25,12:25:00,11492.308197650196,4,39
2019-07-19,11472.2,11473.05,11463.65,11469.0,12:30:00,11490.393131207322,4,40
2019-07-19,11472.65,11476.45,11472.05,11472.3,12:35:00,11488.703309187576,4,41
2019-07-19,11477.6,11481.85,11471.45,11472.55,12:40:00,11487.645851169713,4,42
2019-07-19,11479.45,11480.4,11475.25,11477.05,12:45:00,11486.865293915454,4,43
2019-07-19,11473.2,11480.5,11472.55,11479.1,12:50:00,11485.563837352078,4,44
2019-07-19,11468.65,11475.3,11468.65,11472.95,12:55:00,11483.9529956995,4,45
2019-07-19,11468.9,11471.55,11464.5,11467.75,13:00:00,11482.519377061451,4,46
2019-07-19,11456.45,11469.1,11455.5,11468.2,13:05:00,11480.036579246076,4,47
2019-07-19,11447.7,11456.75,11443.15,11456.0,13:10:00,11476.956905032164,4,48
2019-07-19,11446.75,11447.6,11434.9,11447.2,13:15:00,11474.080056933864,4,49
2019-07-19,11441.15,11450.6,11437.0,11446.55,13:20:00,11470.9438610354,4,50
2019-07-19,11440.15,11444.45,11437.35,11441.4,13:25:00,11468.01111236536,4,51
2019-07-19,11433.15,11440.6,11424.05,11440.4,13:30:00,11464.691006425805,4,52
2019-07-19,11437.75,11437.95,11431.45,11432.7,13:35:00,11462.125196290011,4,53
2019-07-19,11438.85,11443.35,11436.0,11437.85,13:40:00,11459.90851092906,4,54
2019-07-19,11432.65,11439.2,11424.85,11438.75,13:45:00,11457.31246226915,4,55
2019-07-19,11438.65,11441.55,11432.0,11432.35,13:50:00,11455.535084910183,4,56
2019-07-19,11446.9,11448.75,11438.65,11438.75,13:55:00,11454.712695871118,4,57
2019-07-19,11441.35,11448.45,11438.6,11447.15,14:00:00,11453.440058169106,4,58
2019-07-19,11435.15,11442.2,11433.4,11441.55,14:05:00,11451.698147867286,4,59
2019-07-19,11425.25,11441.5,11425.1,11434.85,14:10:00,11449.179276641831,4,60
2019-07-19,11427.65,11427.65,11420.2,11424.8,14:15:00,11447.12886934261,4,61
2019-07-19,11432.9,11437.25,11427.2,11427.4,14:20:00,11445.773738929029,4,62
2019-07-19,11432.3,11436.7,11431.15,11432.65,14:25:00,11444.490525697693,4,63
2019-07-19,11435.1,11436.2,11418.7,11432.1,14:30:00,11443.59618991696,4,64
2019-07-19,11442.4,11446.4,11433.2,11434.6,14:35:00,11443.482267067726,4,65
2019-07-19,11436.25,11442.7,11431.4,11442.5,14:40:00,11442.79347972794,4,66
2019-07-19,11431.75,11438.85,11428.65,11435.95,14:45:00,11441.741719753853,4,67
2019-07-19,11441.5,11442.85,11429.7,11431.4,14:50:00,11441.718698824914,4,68
2019-07-19,11440.65,11441.55,11435.95,11441.2,14:55:00,11441.616917984447,4,69
2019-07-19,11411.35,11441.5,11410.25,11441.5,15:00:00,11438.73435436688,4,70
2019-07-19,11411.35,11411.45,11399.3,11409.9,15:05:00,11436.126320617654,4,71
2019-07-19,11417.25,11418.25,11402.35,11410.95,15:10:00,11434.328575796924,4,72
2019-07-19,11425.15,11425.15,11415.55,11417.1,15:15:00,11433.454425721027,4,73
2019-07-19,11423.15,11429.65,11418.5,11425.0,15:20:00,11432.473051842831,4,74
2019-07-19,11437.15,11438.15,11422.65,11423.25,15:25:00,11432.918475476848,4,75
2019-07-22,11354.2,11392.35,11352.9,11385.35,09:15:00,11425.421477812388,0,1
2019-07-22,11340.45,11355.3,11329.6,11355.3,09:20:00,11417.328956115967,0,2
2019-07-22,11324.2,11341.75,11323.6,11340.65,09:25:00,11408.459531723973,0,3
2019-07-22,11312.75,11328.05,11301.25,11324.5,09:30:00,11399.34433822645,0,4
2019-07-22,11313.7,11321.0,11303.65,11311.15,09:35:00,11391.187734585836,0,5
2019-07-22,11318.15,11334.75,11314.1,11314.1,09:40:00,11384.231759863374,0,6
2019-07-22,11327.15,11327.65,11315.8,11317.85,09:45:00,11378.795401781148,0,7
2019-07-22,11344.45,11345.05,11326.65,11327.3,09:50:00,11375.524411135324,0,8
2019-07-22,11351.8,11351.8,11338.95,11345.6,09:55:00,11373.26494340815,0,9
2019-07-22,11341.1,11353.3,11330.75,11351.2,10:00:00,11370.201615464515,0,10
2019-07-22,11347.55,11355.2,11341.15,11341.8,10:05:00,11368.044318753611,0,11
2019-07-22,11346.65,11353.55,11341.2,11347.85,10:10:00,11366.0067645866,0,12
2019-07-22,11366.35,11370.4,11346.45,11347.1,10:15:00,11366.039453673591,0,13
2019-07-22,11376.7,11376.7,11364.65,11365.75,10:20:00,11367.054743799916,0,14
2019-07-22,11355.3,11379.95,11355.3,11376.6,10:25:00,11365.9352443904,0,15
2019-07-22,11348.75,11364.35,11348.1,11355.75,10:30:00,11364.298554448458,0,16
2019-07-22,11356.65,11357.15,11346.55,11347.85,10:35:00,11363.570120691464,0,17
2019-07-22,11342.85,11356.7,11341.65,11356.7,10:40:00,11361.596775863703,0,18
2019-07-22,11348.25,11349.15,11341.25,11342.65,10:45:00,11360.325654352877,0,19
2019-07-22,11355.75,11355.75,11344.2,11348.3,10:50:00,11359.88987774784,0,20
2019-07-22,11349.7,11358.55,11348.65,11355.4,10:55:00,11358.919413200423,0,21
2019-07-22,11362.4,11364.05,11348.85,11349.75,11:00:00,11359.250897657528,0,22
2019-07-22,11360.6,11365.65,11359.4,11361.95,11:05:00,11359.379383594907,0,23
2019-07-22,11348.9,11360.35,11347.3,11359.55,11:10:00,11358.38134706206,0,24
2019-07-22,11337.45,11349.6,11336.95,11349.15,11:15:00,11356.3878854371,0,25
2019-07-22,11345.25,11346.6,11334.6,11337.5,11:20:00,11355.327134443092,0,26
2019-07-22,11345.45,11346.25,11341.45,11345.45,11:25:00,11354.386454972322,0,27
2019-07-22,11337.65,11346.4,11334.95,11345.7,11:30:00,11352.79250687972,0,28
2019-07-22,11337.95,11344.25,11335.6,11337.35,11:35:00,11351.378934795935,0,29
2019-07-22,11346.25,11347.9,11336.5,11338.3,11:40:00,11350.890464815371,0,30
2019-07-22,11337.9,11346.05,11336.7,11346.05,11:45:00,11349.653277690097,0,31
2019-07-22,11337.85,11340.9,11335.5,11337.75,11:50:00,11348.529156005325,0,32
2019-07-22,11323.65,11339.05,11323.1,11337.8,11:55:00,11346.159712576246,0,33
2019-07-22,11324.7,11326.1,11317.6,11323.6,12:00:00,11344.115930426124,0,34
2019-07-22,11324.6,11330.4,11319.4,11325.1,12:05:00,11342.257270385542,0,35
2019-07-22,11331.1,11331.8,11320.45,11324.7,12:10:00,11341.194673205966,0,36
2019-07-22,11328.0,11331.6,11324.1,11331.3,12:15:00,11339.93803766254,0,37
2019-07-22,11337.7,11340.6,11327.2,11327.7,12:20:00,11339.72489121849,0,38
2019-07-22,11334.7,11338.0,11329.6,11337.85,12:25:00,11339.246330150065,0,39
2019-07-22,11321.65,11334.95,11319.6,11334.95,12:30:00,11337.57048918339,0,40
2019-07-22,11318.6,11322.95,11312.0,11320.85,12:35:00,11335.76377592783,0,41
2019-07-22,11320.5,11321.5,11315.55,11318.2,12:40:00,11334.310082982322,0,42
2019-07-22,11325.0,11325.3,11316.65,11320.9,12:45:00,11333.423408412578,0,43
2019-07-22,11327.2,11332.85,11325.15,11325.65,12:50:00,11332.830702849476,0,44
2019-07-22,11322.4,11328.8,11321.6,11327.15,12:55:00,11331.837302578097,0,45
2019-07-22,11315.95,11323.5,11314.35,11322.25,13:00:00,11330.324226142087,0,46
2019-07-22,11318.2,11320.7,11307.0,11315.7,13:05:00,11329.169537938078,0,47
2019-07-22,11314.9,11323.05,11313.95,11318.25,13:10:00,11327.810534324928,0,48
2019-07-22,11305.25,11320.65,11305.25,11315.0,13:15:00,11325.661912008269,0,49
2019-07-22,11313.0,11314.4,11302.75,11304.8,13:20:00,11324.456015626529,0,50
2019-07-22,11314.05,11320.2,11310.35,11312.65,13:25:00,11323.46496651924,0,51
2019-07-22,11323.6,11324.1,11313.65,11313.65,13:30:00,11323.47782685074,0,52
2019-07-22,11320.25,11330.3,11320.25,11323.65,13:35:00,11323.170414769716,0,53
2019-07-22,11320.7,11323.3,11314.2,11320.0,13:40:00,11322.9351371726,0,54
2019-07-22,11337.95,11338.3,11319.5,11320.5,13:45:00,11324.365124108544,0,55
2019-07-22,11347.5,11347.5,11328.0,11337.75,13:50:00,11326.568445622015,0,56
2019-07-22,11344.05,11349.65,11342.85,11346.2,13:55:00,11328.233355562776,0,57
2019-07-22,11339.25,11345.85,11335.4,11343.85,14:00:00,11329.282559794892,0,58
2019-07-22,11338.55,11344.5,11338.4,11338.85,14:05:00,11330.16517314776,0,59
2019-07-22,11353.95,11359.05,11338.4,11338.4,14:10:00,11332.430394752737,0,60
2019-07-22,11346.85,11356.4,11340.45,11353.45,14:15:00,11333.80369049057,0,61
2019-07-22,11342.05,11348.15,11337.85,11346.95,14:20:00,11334.589053300992,0,62
2019-07-22,11344.0,11345.6,11337.05,11342.1,14:25:00,11335.485333938992,0,63
2019-07-22,11323.9,11343.65,11323.9,11343.65,14:30:00,11334.381968801945,0,64
2019-07-22,11318.5,11324.5,11311.65,11323.75,14:35:00,11332.869400344618,0,65
2019-07-22,11339.05,11341.25,11313.9,11318.4,14:40:00,11333.458028883226,0,66
2019-07-22,11332.35,11341.25,11332.2,11339.5,14:45:00,11333.352502322918,0,67
2019-07-22,11337.55,11340.95,11331.4,11333.0,14:50:00,11333.752264006447,0,68
2019-07-22,11337.25,11342.1,11329.75,11336.95,14:55:00,11334.08538172012,0,69
2019-07-22,11338.1,11340.65,11329.45,11337.4,15:00:00,11334.467726318206,0,70
2019-07-22,11356.55,11356.55,11338.05,11338.05,15:05:00,11336.570800002188,0,71
2019-07-22,11358.0,11363.35,11355.95,11357.6,15:10:00,11338.611676192457,0,72
2019-07-22,11347.25,11358.55,11344.15,11356.6,15:15:00,11339.434373697935,0,73
2019-07-22,11341.5,11349.1,11340.55,11346.5,15:20:00,11339.631100012415,0,74
2019-07-22,11337.15,11342.1,11335.65,11340.75,15:25:00,11339.39480477314,0,75
2019-07-23,11342.1,11372.75,11340.95,11372.75,09:15:00,11339.652442413792,1,1
2019-07-23,11331.2,11346.15,11328.75,11342.4,09:20:00,11338.847447898192,1,2
2019-07-23,11328.2,11337.8,11321.95,11331.5,09:25:00,11337.833405241225,1,3
2019-07-23,11322.0,11329.85,11315.95,11328.6,09:30:00,11336.325461884917,1,4
2019-07-23,11324.15,11330.75,11316.95,11322.05,09:35:00,11335.165894086353,1,5
2019-07-23,11332.8,11339.6,11321.35,11324.5,09:40:00,11334.940570840034,1,6
2019-07-23,11348.45,11349.35,11331.8,11333.35,09:45:00,11336.227183140982,1,7
2019-07-23,11352.35,11361.7,11346.55,11348.5,09:50:00,11337.762689508509,1,8
2019-07-23,11359.9,11365.65,11351.1,11351.8,09:55:00,11339.871004793413,1,9
2019-07-23,11351.9,11365.3,11348.5,11360.0,10:00:00,11341.016623384514,1,10
2019-07-23,11346.8,11350.95,11339.4,11350.95,10:05:00,11341.567421157417,1,11
2019-07-23,11364.35,11364.35,11346.15,11347.25,10:10:00,11343.737190570995,1,12
2019-07-23,11366.15,11369.1,11360.85,11363.75,10:15:00,11345.871743849948,1,13
2019-07-23,11359.8,11366.45,11352.8,11366.05,10:20:00,11347.198244435667,1,14
2019-07-23,11350.95,11360.7,11348.55,11359.2,10:25:00,11347.555554489412,1,15
2019-07-23,11352.05,11352.75,11344.3,11351.25,10:30:00,11347.983596918992,1,16
2019-07-23,11347.4,11356.15,11346.75,11351.55,10:35:00,11347.92801626004,1,17
2019-07-23,11359.2,11359.5,11345.55,11347.85,10:40:00,11349.00153852099,1,18
2019-07-23,11360.45,11364.6,11357.8,11358.7,10:45:00,11350.091868185658,1,19
2019-07-23,11358.5,11361.05,11355.65,11360.4,10:50:00,11350.892642644169,1,20
2019-07-23,11355.6,11358.5,11353.65,11357.95,10:55:00,11351.340962392342,1,21
2019-07-23,11349.25,11357.55,11347.35,11355.9,11:00:00,11351.14182311688,1,22
2019-07-23,11341.9,11349.3,11340.1,11349.05,11:05:00,11350.261649486702,1,23
2019-07-23,11351.95,11355.25,11341.75,11341.75,11:10:00,11350.42244477368,1,24
2019-07-23,11351.9,11353.7,11346.1,11351.75,11:15:00,11350.563164319045,1,25
2019-07-23,11352.25,11352.7,11349.35,11351.6,11:20:00,11350.723815336278,1,26
2019-07-23,11348.25,11355.45,11347.85,11352.05,11:25:00,11350.48821387568,1,27
2019-07-23,11347.35,11348.8,11342.65,11348.1,11:30:00,11350.189336363712,1,28
2019-07-23,11350.55,11353.3,11347.1,11347.3,11:35:00,11350.223685281451,1,29
2019-07-23,11350.6,11354.2,11348.7,11350.7,11:40:00,11350.259524778456,1,30
2019-07-23,11352.85,11356.6,11350.6,11351.45,11:45:00,11350.50623670432,1,31
2019-07-23,11352.0,11353.2,11347.2,11352.7,11:50:00,11350.648499875337,1,32
2019-07-23,11358.7,11359.7,11351.4,11352.25,11:55:00,11351.41530941102,1,33
2019-07-23,11355.15,11359.1,11353.5,11359.1,12:00:00,11351.770994229017,1,34
2019-07-23,11355.55,11357.25,11353.35,11355.05,12:05:00,11352.13089954054,1,35
2019-07-23,11351.7,11358.2,11351.7,11356.3,12:10:00,11352.08986148906,1,36
2019-07-23,11353.85,11353.85,11347.85,11351.05,12:15:00,11352.257493728195,1,37
2019-07-23,11354.7,11356.75,11353.35,11353.8,12:20:00,11352.490113373133,1,38
2019-07-23,11346.45,11355.95,11346.1,11354.8,12:25:00,11351.914864480452,1,39
2019-07-23,11349.7,11351.4,11342.4,11346.55,12:30:00,11351.703925006124,1,40
2019-07-23,11367.5,11367.5,11346.45,11349.75,12:35:00,11353.208313100778,1,41
2019-07-23,11362.0,11368.25,11362.0,11367.45,12:40:00,11354.04561661499,1,42
2019-07-23,11361.4,11366.6,11359.15,11361.85,12:45:00,11354.74603408023,1,43
2019-07-23,11366.65,11367.55,11358.55,11361.25,12:50:00,11355.879745120208,1,44
2019-07-23,11361.25,11367.15,11358.05,11366.25,12:55:00,11356.391197965902,1,45
2019-07-23,11353.5,11361.7,11351.1,11361.45,13:00:00,11356.115845778671,1,46
2019-07-23,11356.65,11357.6,11352.9,11353.55,13:05:00,11356.166717609276,1,47
2019-07-23,11357.1,11361.2,11356.0,11356.75,13:10:00,11356.255601646488,1,48
2019-07-23,11361.9,11363.25,11353.85,11357.3,13:15:00,11356.793163394444,1,49
2019-07-23,11376.2,11376.2,11361.8,11362.55,13:20:00,11358.641433547356,1,50
2019-07-23,11373.8,11377.45,11367.95,11377.05,13:25:00,11360.085106542843,1,51
2019-07-23,11369.2,11376.25,11366.9,11373.6,13:30:00,11360.953191634002,1,52
2019-07-23,11368.15,11374.35,11367.5,11369.3,13:35:00,11361.638601954572,1,53
2019-07-23,11385.15,11385.15,11368.05,11368.05,13:40:00,11363.8777827208,1,54
2019-07-23,11378.05,11387.2,11378.05,11385.35,13:45:00,11365.227517699774,1,55
2019-07-23,11373.85,11383.15,11373.7,11378.6,13:50:00,11366.048706490272,1,56
2019-07-23,11382.35,11383.35,11372.85,11373.65,13:55:00,11367.601210634057,1,57
2019-07-23,11378.35,11382.7,11377.65,11382.2,14:00:00,11368.624904859384,1,58
2019-07-23,11389.25,11391.85,11377.75,11378.55,14:05:00,11370.58919963468,1,59
2019-07-23,11389.35,11397.1,11389.05,11389.75,14:10:00,11372.375942526616,1,60
2019-07-23,11394.85,11398.15,11387.95,11390.25,14:15:00,11374.516328952654,1,61
2019-07-23,11381.95,11396.15,11381.75,11396.15,14:20:00,11375.22429762383,1,62
2019-07-23,11367.0,11382.5,11364.2,11382.5,14:25:00,11374.441031183464,1,63
2019-07-23,11337.2,11367.2,11333.8,11367.15,14:30:00,11370.89426630885,1,64
2019-07-23,11327.4,11342.75,11320.4,11336.95,14:35:00,11366.751955231815,1,65
2019-07-23,11316.25,11326.85,11314.05,11326.85,14:40:00,11361.94224520974,1,66
2019-07-23,11323.1,11323.1,11302.8,11315.8,14:45:00,11358.242983761193,1,67
2019-07-23,11315.55,11322.65,11308.35,11322.15,14:50:00,11354.176985307746,1,68
2019-07-23,11328.05,11330.35,11311.35,11315.65,14:55:00,11351.688700992723,1,69
2019-07-23,11327.45,11335.3,11322.3,11325.55,15:00:00,11349.38025327913,1,70
2019-07-23,11340.5,11340.7,11327.2,11327.2,15:05:00,11348.534514871591,1,71
2019-07-23,11326.3,11341.05,11325.55,11340.55,15:10:00,11346.41694202668,1,72
2019-07-23,11327.15,11332.2,11324.05,11327.25,15:15:00,11344.581995166996,1,73
2019-07-23,11331.7,11332.45,11326.35,11326.65,15:20:00,11343.355138484429,1,74
2019-07-23,11328.45,11337.6,11326.6,11331.65,15:25:00,11341.93560148591,1,75
2019-07-24,11350.3,11359.05,11317.4,11319.8,09:15:00,11342.732210868204,2,1
2019-07-24,11350.15,11359.75,11344.05,11349.65,09:20:00,11343.438666975995,2,2
2019-07-24,11329.8,11351.0,11328.35,11350.25,09:25:00,11342.139746311614,2,3
2019-07-24,11288.65,11329.7,11288.45,11329.7,09:30:00,11337.045484758128,2,4
2019-07-24,11295.25,11296.5,11278.35,11286.75,09:35:00,11333.06496240021,2,5
2019-07-24,11290.85,11294.85,11283.6,11294.85,09:40:00,11329.044489790667,2,6
2019-07-24,11293.35,11300.4,11286.55,11290.55,09:45:00,11325.64501457251,2,7
2019-07-24,11280.0,11293.95,11279.85,11292.45,09:50:00,11321.29787032751,2,8
2019-07-24,11261.4,11279.85,11252.35,11279.85,09:55:00,11315.593311248698,2,9
2019-07-24,11260.8,11262.1,11251.9,11261.5,10:00:00,11310.374900653584,2,10
2019-07-24,11257.55,11272.65,11257.55,11260.95,10:05:00,11305.343957734196,2,11
2019-07-24,11256.7,11263.1,11255.65,11257.7,10:10:00,11300.711199854748,2,12
2019-07-24,11264.45,11264.45,11249.95,11257.2,10:15:00,11297.257752249534,2,13
2019-07-24,11265.4,11269.35,11260.85,11264.1,10:20:00,11294.22368060672,2,14
2019-07-24,11263.55,11268.3,11257.9,11264.9,10:25:00,11291.302377691796,2,15
2019-07-24,11254.5,11266.95,11252.9,11263.5,10:30:00,11287.797389340198,2,16
2019-07-24,11233.35,11255.2,11232.2,11254.95,10:35:00,11282.611923688752,2,17
2019-07-24,11237.45,11241.75,11229.8,11233.1,10:40:00,11278.310788099348,2,18
2019-07-24,11246.45,11250.6,11236.6,11236.8,10:45:00,11275.27642732798,2,19
2019-07-24,11247.45,11251.65,11243.1,11246.2,10:50:00,11272.626291391982,2,20
2019-07-24,11243.4,11247.9,11237.65,11247.35,10:55:00,11269.842835068936,2,21
2019-07-24,11240.55,11244.95,11236.85,11242.4,11:00:00,11267.053041252846,2,22
2019-07-24,11236.85,11242.6,11235.25,11240.7,11:05:00,11264.176561133529,2,23
2019-07-24,11235.7,11241.0,11230.65,11236.45,11:10:00,11261.46450769224,2,24
2019-07-24,11236.55,11240.15,11230.75,11235.35,11:15:00,11259.091697435835,2,25
2019-07-24,11237.5,11237.55,11232.2,11235.85,11:20:00,11257.03534529909,2,26
2019-07-24,11242.7,11243.55,11234.75,11237.25,11:25:00,11255.670074318225,2,27
2019-07-24,11236.95,11242.55,11235.8,11242.5,11:30:00,11253.88721009744,2,28
2019-07-24,11235.6,11238.65,11234.05,11236.8,11:35:00,11252.145571040544,2,29
2019-07-24,11236.5,11237.65,11233.5,11235.45,11:40:00,11250.655516655728,2,30
2019-07-24,11247.65,11247.9,11236.3,11236.9,11:45:00,11250.36927697423,2,31
2019-07-24,11246.4,11250.55,11243.8,11247.25,11:50:00,11249.991250595733,2,32
2019-07-24,11250.05,11252.75,11245.75,11246.5,11:55:00,11249.99684577709,2,33
2019-07-24,11255.6,11258.65,11250.1,11250.35,12:00:00,11250.530479512609,2,34
2019-07-24,11244.55,11256.0,11244.25,11255.45,12:05:00,11249.960910035215,2,35
2019-07-24,11246.2,11249.2,11244.4,11245.0,12:10:00,11249.602728127098,2,36
2019-07-24,11250.55,11253.3,11243.55,11245.9,12:15:00,11249.692944495946,2,37
2019-07-24,11252.85,11254.7,11249.45,11250.5,12:20:00,11249.993616448714,2,38
2019-07-24,11247.25,11254.95,11246.35,11252.6,12:25:00,11249.732319644074,2,39
2019-07-24,11237.1,11247.45,11237.1,11247.45,12:30:00,11248.529241582732,2,40
2019-07-24,11235.0,11240.3,11233.35,11236.45,12:35:00,11247.240742384378,2,41
2019-07-24,11243.65,11245.75,11234.55,11235.1,12:40:00,11246.8987669192,2,42
2019-07-24,11243.8,11249.1,11243.8,11244.2,12:45:00,11246.603646260228,2,43
2019-07-24,11256.15,11257.2,11243.3,11244.05,12:50:00,11247.512822806872,2,44
2019-07-24,11259.25,11263.65,11254.0,11256.2,12:55:00,11248.630649206218,2,45
2019-07-24,11255.4,11259.8,11246.4,11259.8,13:00:00,11249.275349281816,2,46
2019-07-24,11260.1,11265.2,11252.7,11255.3,13:05:00,11250.306268397831,2,47
2019-07-24,11263.1,11269.5,11259.75,11260.55,13:10:00,11251.524719026613,2,48
2019-07-24,11274.4,11278.85,11262.95,11263.3,13:15:00,11253.703317214551,2,49
2019-07-24,11271.05,11277.2,11266.6,11275.1,13:20:00,11255.355382241738,2,50
2019-07-24,11282.9,11283.05,11270.9,11271.45,13:25:00,11257.978679171098,2,51
2019-07-24,11292.6,11297.3,11283.3,11283.3,13:30:00,11261.27594782147,2,52
2019-07-24,11290.7,11293.5,11285.95,11292.25,13:35:00,11264.07823850514,2,53
2019-07-24,11279.4,11290.9,11273.1,11290.5,13:40:00,11265.537453885603,2,54
2019-07-24,11275.3,11279.45,11266.55,11279.45,13:45:00,11266.467220182212,2,55
2019-07-24,11277.55,11278.65,11270.45,11275.95,13:50:00,11267.522723022,2,56
2019-07-24,11286.4,11288.05,11277.25,11277.65,13:55:00,11269.320558924666,2,57
2019-07-24,11280.0,11293.25,11280.0,11286.3,14:00:00,11270.337648550889,2,58
2019-07-24,11282.05,11285.05,11267.95,11280.05,14:05:00,11271.453110593662,2,59
2019-07-24,11294.5,11298.45,11279.6,11281.7,14:10:00,11273.648052441884,2,60
2019-07-24,11283.9,11294.7,11278.0,11294.7,14:15:00,11274.624428399798,2,61
2019-07-24,11270.6,11288.05,11270.6,11285.75,14:20:00,11274.24114950458,2,62
2019-07-24,11267.95,11272.65,11262.35,11270.45,14:25:00,11273.641992408906,2,63
2019-07-24,11273.05,11277.15,11263.75,11267.35,14:30:00,11273.585612179486,2,64
2019-07-24,11266.2,11277.85,11265.25,11272.6,14:35:00,11272.882220543344,2,65
2019-07-24,11262.75,11269.35,11262.75,11266.6,14:40:00,11271.917247158264,2,66
2019-07-24,11253.65,11262.85,11240.65,11262.85,14:45:00,11270.177509333667,2,67
2019-07-24,11262.85,11270.05,11249.9,11253.85,14:50:00,11269.47965130189,2,68
2019-07-24,11264.05,11266.35,11257.45,11262.65,14:55:00,11268.962541654091,2,69
2019-07-24,11274.8,11275.15,11264.6,11264.6,15:00:00,11269.518490067989,2,70
2019-07-24,11268.85,11277.6,11268.65,11274.75,15:05:00,11269.454824347227,2,71
2019-07-24,11266.6,11270.3,11263.9,11269.4,15:10:00,11269.18293631416,2,72
2019-07-24,11268.75,11271.85,11265.0,11267.15,15:15:00,11269.14170428424,2,73
2019-07-24,11275.65,11276.65,11268.45,11268.5,15:20:00,11269.761541971457,2,74
2019-07-24,11268.3,11277.45,11267.0,11276.3,15:25:00,11269.622347497982,2,75
2019-07-25,11304.4,11306.6,11274.9,11278.8,09:15:00,11272.934504879126,3,1
2019-07-25,11311.3,11324.15,11303.8,11304.25,09:20:00,11276.588361557304,3,2
2019-07-25,11331.05,11332.3,11312.05,11312.05,09:25:00,11281.775184266133,3,3
2019-07-25,11331.95,11335.85,11323.75,11331.5,09:30:00,11286.553738145549,3,4
2019-07-25,11345.25,11347.95,11330.7,11332.65,09:35:00,11292.143858322162,3,5
2019-07-25,11360.6,11361.4,11344.3,11345.15,09:40:00,11298.66349086291,3,6
2019-07-25,11350.9,11361.05,11347.65,11361.05,09:45:00,11303.638396495013,3,7
2019-07-25,11355.05,11356.0,11347.1,11350.55,09:50:00,11308.534739685963,3,8
2019-07-25,11355.1,11359.75,11353.1,11355.0,09:55:00,11312.969526382538,3,9
2019-07-25,11350.4,11356.9,11350.15,11355.25,10:00:00,11316.534333393724,3,10
2019-07-25,11342.55,11351.0,11337.8,11350.5,10:05:00,11319.012015927656,3,11
2019-07-25,11334.95,11345.05,11330.5,11342.75,10:10:00,11320.52991917264,3,12
2019-07-25,11339.85,11341.15,11332.35,11334.8,10:15:00,11322.369926870484,3,13
2019-07-25,11323.9,11339.35,11323.15,11339.2,10:20:00,11322.515648120914,3,14
2019-07-25,11321.4,11325.9,11317.7,11324.5,10:25:00,11322.409395918923,3,15
2019-07-25,11302.25,11322.5,11302.1,11321.45,10:30:00,11320.489453450456,3,16
2019-07-25,11303.6,11307.35,11296.6,11301.8,10:35:00,11318.88093407422,3,17
2019-07-25,11304.9,11311.15,11300.5,11303.05,10:40:00,11317.549416543345,3,18
2019-07-25,11321.7,11322.55,11306.45,11306.45,10:45:00,11317.944710205882,3,19
2019-07-25,11318.1,11326.6,11316.85,11321.1,10:50:00,11317.959499710085,3,20
2019-07-25,11320.35,11321.75,11315.45,11318.25,10:55:00,11318.18716640436,3,21
2019-07-25,11315.35,11322.15,11314.9,11320.8,11:00:00,11317.916960080136,3,22
2019-07-25,11313.9,11316.25,11308.6,11315.45,11:05:00,11317.534392453455,3,23
2019-07-25,11315.65,11318.45,11310.8,11313.85,11:10:00,11317.354926505506,3,24
2019-07-25,11306.85,11315.75,11301.65,11315.75,11:15:00,11316.354457314506,3,25
2019-07-25,11308.85,11311.8,11304.25,11306.8,11:20:00,11315.639747094076,3,26
2019-07-25,11314.35,11315.0,11308.3,11309.35,11:25:00,11315.5169140375,3,27
2019-07-25,11311.7,11316.75,11311.3,11314.25,11:30:00,11315.15339841488,3,28
2019-07-25,11310.9,11316.4,11310.0,11311.85,11:35:00,11314.74831285156,3,29
2019-07-25,11310.9,11311.35,11305.8,11310.4,11:40:00,11314.381806865696,3,30
2019-07-25,11312.05,11314.1,11309.7,11311.2,11:45:00,11314.159730021343,3,31
2019-07-25,11302.65,11312.85,11301.55,11311.5,11:50:00,11313.06356525741,3,32
2019-07-25,11277.7,11302.3,11267.75,11301.95,11:55:00,11309.695606661466,3,33
2019-07-25,11283.9,11287.1,11276.05,11278.35,12:00:00,11307.238882217516,3,34
2019-07-25,11276.55,11288.45,11273.55,11284.4,12:05:00,11304.316131530137,3,35
2019-07-25,11264.55,11276.75,11262.3,11276.75,12:10:00,11300.528880908216,3,36
2019-07-25,11273.8,11274.25,11256.8,11263.75,12:15:00,11297.98327320267,3,37
2019-07-25,11262.15,11274.9,11258.5,11273.95,12:20:00,11294.570580516702,3,38
2019-07-25,11269.0,11271.35,11261.3,11262.6,12:25:00,11292.13528713416,3,39
2019-07-25,11273.65,11280.45,11265.5,11268.95,12:30:00,11290.374783597572,3,40
2019-07-25,11272.9,11279.3,11269.6,11273.9,12:35:00,11288.710518493042,3,41
2019-07-25,11274.0,11276.0,11265.25,11273.05,12:40:00,11287.3095167318,3,42
2019-07-25,11275.05,11277.95,11270.45,11275.15,12:45:00,11286.141943709725,3,43
2019-07-25,11274.95,11278.85,11271.75,11275.25,12:50:00,11285.0760443088,3,44
2019-07-25,11258.25,11276.7,11258.25,11275.3,12:55:00,11282.52118294606,3,45
2019-07-25,11255.35,11262.1,11252.3,11257.95,13:00:00,11279.93345123691,3,46
2019-07-25,11253.8,11258.6,11251.2,11255.3,13:05:00,11277.444551119108,3,47
2019-07-25,11262.05,11266.6,11253.45,11254.0,13:10:00,11275.978403393476,3,48
2019-07-25,11264.85,11265.35,11257.35,11262.45,13:15:00,11274.918555451242,3,49
2019-07-25,11262.2,11269.95,11261.1,11265.05,13:20:00,11273.707264455888,3,50
2019-07-25,11248.15,11264.2,11247.7,11260.85,13:25:00,11271.273239269613,3,51
2019-07-25,11259.9,11260.6,11247.1,11247.25,13:30:00,11270.190073624888,3,52
2019-07-25,11267.2,11268.4,11257.0,11259.1,13:35:00,11269.90530470823,3,53
2019-07-25,11283.5,11286.35,11263.65,11267.25,13:40:00,11271.200037593162,3,54
2019-07-25,11284.95,11288.95,11278.6,11283.85,13:45:00,11272.509557822385,3,55
2019-07-25,11272.45,11288.4,11270.9,11285.3,13:50:00,11272.503885648825,3,56
2019-07-25,11283.0,11287.2,11270.2,11272.35,13:55:00,11273.503515587032,3,57
2019-07-25,11279.15,11289.55,11276.7,11283.8,14:00:00,11274.041276007316,3,58
2019-07-25,11280.7,11281.85,11271.4,11279.2,14:05:00,11274.675440197096,3,59
2019-07-25,11277.5,11286.8,11274.0,11282.6,14:10:00,11274.94444589261,3,60
2019-07-25,11280.95,11284.55,11274.0,11277.85,14:15:00,11275.516403426647,3,61
2019-07-25,11291.0,11291.95,11278.3,11281.05,14:20:00,11276.991031671729,3,62
2019-07-25,11291.8,11292.8,11284.1,11290.6,14:25:00,11278.401409607754,3,63
2019-07-25,11300.05,11305.8,11291.0,11292.1,14:30:00,11280.4631801213,3,64
2019-07-25,11295.4,11300.45,11286.5,11300.45,14:35:00,11281.885734395462,3,65
2019-07-25,11303.6,11310.0,11294.2,11295.25,14:40:00,11283.953759691132,3,66
2019-07-25,11289.7,11305.85,11288.7,11303.75,14:45:00,11284.50102067293,3,67
2019-07-25,11278.9,11289.55,11276.55,11289.4,14:50:00,11283.96759013265,3,68
2019-07-25,11283.35,11284.45,11273.5,11278.65,14:55:00,11283.90877202478,3,69
2019-07-25,11244.6,11288.05,11241.1,11283.75,15:00:00,11280.16507945099,3,70
2019-07-25,11242.4,11247.2,11239.35,11244.9,15:05:00,11276.568405217562,3,71
2019-07-25,11254.15,11254.15,11241.35,11241.75,15:10:00,11274.433319006366,3,72
2019-07-25,11254.9,11257.4,11250.5,11254.35,15:15:00,11272.573002910522,3,73
2019-07-25,11260.3,11260.9,11253.85,11254.75,15:20:00,11271.404145490473,3,74
2019-07-25,11261.75,11263.8,11257.45,11259.95,15:25:00,11270.484703062806,3,75
2019-07-26,11219.35,11252.55,11219.35,11246.0,09:15:00,11265.61473134254,4,1
2019-07-26,11245.45,11251.95,11210.05,11219.55,09:20:00,11263.694280738488,4,2
2019-07-26,11245.95,11267.75,11242.25,11245.7,09:25:00,11262.004349239583,4,3
2019-07-26,11235.95,11246.0,11228.95,11246.0,09:30:00,11259.522982645338,4,4
2019-07-26,11253.55,11253.55,11234.75,11235.7,09:35:00,11258.954127155306,4,5
2019-07-26,11251.75,11260.45,11246.05,11253.3,09:40:00,11258.268019807185,4,6
2019-07-26,11249.2,11253.45,11243.4,11252.0,09:45:00,11257.404398873166,4,7
2019-07-26,11240.3,11253.0,11239.45,11250.15,09:50:00,11255.775408504294,4,8
2019-07-26,11224.4,11243.9,11222.75,11240.65,09:55:00,11252.787274361028,4,9
2019-07-26,11221.9,11225.2,11214.6,11224.3,10:00:00,11249.845629183788,4,10
2019-07-26,11233.2,11235.2,11217.55,11222.0,10:05:00,11248.260331166284,4,11
2019-07-26,11229.7,11236.0,11226.6,11232.8,10:10:00,11246.49268057902,4,12
2019-07-26,11232.95,11235.35,11228.15,11229.6,10:15:00,11245.202901476256,4,13
2019-07-26,11228.15,11235.0,11223.8,11232.75,10:20:00,11243.578815621377,4,14
2019-07-26,11226.95,11228.95,11222.05,11228.45,10:25:00,11241.99511889553,4,15
2019-07-26,11226.05,11227.8,11221.1,11226.3,10:30:00,11240.476536143571,4,16
2019-07-26,11237.65,11242.3,11224.7,11226.3,10:35:00,11240.207342225138,4,17
2019-07-26,11243.1,11246.0,11237.65,11238.05,10:40:00,11240.48283344179,4,18
2019-07-26,11249.95,11255.75,11243.05,11243.05,10:45:00,11241.384468352097,4,19
2019-07-26,11263.1,11264.9,11249.9,11250.1,10:50:00,11243.452614223324,4,20
2019-07-26,11255.05,11265.75,11254.45,11263.5,10:55:00,11244.557127154436,4,21
2019-07-26,11260.5,11264.35,11255.15,11255.7,11:00:00,11246.075495996867,4,22
2019-07-26,11271.7,11271.85,11260.15,11260.3,11:05:00,11248.515924949548,4,23
2019-07-26,11269.5,11280.75,11267.2,11271.9,11:10:00,11250.514408287689,4,24
2019-07-26,11279.1,11279.1,11266.0,11269.1,11:15:00,11253.236845593625,4,25
2019-07-26,11279.45,11282.8,11275.8,11279.5,11:20:00,11255.73333648947,4,26
2019-07-26,11278.55,11283.6,11276.7,11279.25,11:25:00,11257.9063520619,4,27
2019-07-26,11289.15,11292.0,11277.85,11278.8,11:30:00,11260.881937579814,4,28
2019-07-26,11294.85,11295.5,11283.1,11289.2,11:35:00,11264.116991143645,4,29
2019-07-26,11285.95,11294.55,11285.4,11294.55,11:40:00,11266.19632532044,4,30
2019-07-26,11288.05,11293.1,11284.35,11285.5,11:45:00,11268.277627670874,4,31
2019-07-26,11293.3,11295.55,11288.05,11288.2,11:50:00,11270.660710749837,4,32
2019-07-26,11303.4,11304.75,11293.25,11293.25,11:55:00,11273.778738297471,4,33
2019-07-26,11290.3,11307.6,11289.9,11304.1,12:00:00,11275.35219179295,4,34
2019-07-26,11295.7,11297.5,11284.75,11289.8,12:05:00,11277.29007828886,4,35
2019-07-26,11292.85,11297.05,11287.4,11295.9,12:10:00,11278.771975594682,4,36
2019-07-26,11290.75,11296.2,11289.85,11292.9,12:15:00,11279.912739823762,4,37
2019-07-26,11287.15,11294.35,11286.65,11290.85,12:20:00,11280.60200269769,4,38
2019-07-26,11278.4,11287.95,11274.6,11287.1,12:25:00,11280.392288155052,4,39
2019-07-26,11271.15,11281.5,11270.75,11278.45,12:30:00,11279.512070235523,4,40
2019-07-26,11281.5,11281.6,11267.0,11271.25,12:35:00,11279.701396879758,4,41
2019-07-26,11286.95,11290.3,11281.1,11281.55,12:40:00,11280.391740034069,4,42
2019-07-26,11285.5,11289.75,11284.8,11286.7,12:45:00,11280.878240983202,4,43
2019-07-26,11276.1,11285.6,11276.05,11285.3,12:50:00,11280.423170413373,4,44
2019-07-26,11277.75,11278.75,11274.45,11275.95,12:55:00,11280.168582754955,4,45
2019-07-26,11281.8,11284.55,11277.7,11277.7,13:00:00,11280.323955825912,4,46
2019-07-26,11287.7,11290.15,11280.55,11282.0,13:05:00,11281.026436223445,4,47
2019-07-26,11290.2,11292.5,11287.75,11288.0,13:10:00,11281.90010896407,4,48
2019-07-26,11294.7,11296.45,11289.2,11289.85,13:15:00,11283.119146205589,4,49
2019-07-26,11295.25,11298.4,11287.85,11294.55,13:20:00,11284.27446561458,4,50
2019-07-26,11287.1,11296.8,11286.25,11294.95,13:25:00,11284.543564127476,4,51
2019-07-26,11259.9,11287.3,11258.8,11286.9,13:30:00,11282.196558020098,4,52
2019-07-26,11272.25,11278.75,11257.2,11258.9,13:35:00,11281.249266780089,4,53
2019-07-26,11275.15,11277.2,11267.65,11272.0,13:40:00,11280.668384229604,4,54
2019-07-26,11283.5,11287.75,11270.6,11273.9,13:45:00,11280.938061922025,4,55
2019-07-26,11277.55,11285.6,11272.4,11283.6,13:50:00,11280.61538935802,4,56
2019-07-26,11269.15,11278.05,11266.5,11277.8,13:55:00,11279.5234475144,4,57
2019-07-26,11273.85,11277.05,11268.6,11268.65,14:00:00,11278.983119179697,4,58
2019-07-26,11278.4,11283.35,11271.6,11273.3,14:05:00,11278.927584019724,4,59
2019-07-26,11285.95,11288.8,11278.2,11278.5,14:10:00,11279.596385541656,4,60
2019-07-26,11289.4,11292.15,11280.4,11285.65,14:15:00,11280.530063109116,4,61
2019-07-26,11291.2,11296.85,11289.2,11289.45,14:20:00,11281.546247574915,4,62
2019-07-26,11291.4,11293.15,11282.05,11291.85,14:25:00,11282.48470018683,4,63
2019-07-26,11274.95,11298.55,11273.65,11292.05,14:30:00,11281.767109692846,4,64
2019-07-26,11287.55,11289.45,11275.2,11275.45,14:35:00,11282.31786115067,4,65
2019-07-26,11283.65,11288.1,11278.4,11287.2,14:40:00,11282.444731517273,4,66
2019-07-26,11280.4,11286.85,11279.05,11283.3,14:45:00,11282.249995182294,4,67
2019-07-26,11275.9,11287.7,11275.4,11279.95,14:50:00,11281.64523373636,4,68
2019-07-26,11275.85,11278.1,11273.25,11275.5,14:55:00,11281.09330671385,4,69
2019-07-26,11276.9,11287.3,11272.75,11276.25,15:00:00,11280.693944169674,4,70
2019-07-26,11277.5,11278.55,11273.7,11277.05,15:05:00,11280.389759010655,4,71
2019-07-26,11284.2,11287.05,11276.35,11277.75,15:10:00,11280.75263910488,4,72
2019-07-26,11294.05,11295.25,11281.65,11284.95,15:15:00,11282.019054428229,4,73
2019-07-26,11288.85,11295.25,11286.15,11294.45,15:20:00,11282.669620673158,4,74
2019-07-26,11297.7,11298.35,11285.65,11289.25,15:25:00,11284.101085370952,4,75
2019-07-29,11271.75,11303.05,11271.75,11299.75,09:15:00,11282.9247915261,0,1
2019-07-29,11282.55,11293.45,11268.35,11273.6,09:20:00,11282.889097095043,0,2
2019-07-29,11261.5,11289.35,11261.5,11282.4,09:25:00,11280.852040228849,0,3
2019-07-29,11252.5,11261.8,11242.8,11261.8,09:30:00,11278.151845921338,0,4
2019-07-29,11239.75,11253.1,11239.0,11253.1,09:35:00,11274.494527262164,0,5
2019-07-29,11255.4,11255.4,11229.7,11240.05,09:40:00,11272.676000856243,0,6
2019-07-29,11256.9,11261.55,11251.95,11255.9,09:45:00,11271.173524584225,0,7
2019-07-29,11246.0,11257.05,11242.8,11256.25,09:50:00,11268.776046052391,0,8
2019-07-29,11242.1,11249.55,11240.75,11245.85,09:55:00,11266.235470237878,0,9
2019-07-29,11239.9,11245.45,11232.85,11241.85,10:00:00,11263.727330215224,0,10
2019-07-29,11232.1,11247.0,11232.1,11240.0,10:05:00,11260.71520352806,0,11
2019-07-29,11239.9,11243.5,11231.55,11231.85,10:10:00,11258.732803192055,0,12
2019-07-29,11231.85,11241.95,11224.9,11240.2,10:15:00,11256.172536221386,0,13
2019-07-29,11227.45,11235.05,11227.0,11231.6,10:20:00,11253.437056581251,0,14
2019-07-29,11238.9,11238.9,11227.2,11227.4,10:25:00,11252.052575002086,0,15
2019-07-29,11246.3,11246.9,11236.25,11239.5,10:30:00,11251.504710716174,0,16
2019-07-29,11235.95,11245.7,11234.4,11245.15,10:35:00,11250.023309695584,0,17
2019-07-29,11238.15,11239.35,11232.75,11235.7,10:40:00,11248.892518296005,0,18
2019-07-29,11235.05,11239.0,11233.6,11238.05,10:45:00,11247.574183220197,0,19
2019-07-29,11230.6,11238.35,11229.5,11235.2,10:50:00,11245.957594342082,0,20
2019-07-29,11234.7,11234.7,11227.25,11230.4,10:55:00,11244.88544249998,0,21
2019-07-29,11238.85,11242.75,11233.65,11234.95,11:00:00,11244.310638452362,0,22
2019-07-29,11233.1,11239.45,11232.4,11239.25,11:05:00,11243.242958599756,0,23
2019-07-29,11238.4,11239.95,11232.0,11232.9,11:10:00,11242.7817244474,0,24
2019-07-29,11235.9,11238.25,11234.65,11238.25,11:15:00,11242.126322119077,0,25
2019-07-29,11233.45,11236.45,11231.15,11235.55,11:20:00,11241.300005726784,0,26
2019-07-29,11217.5,11237.25,11214.05,11233.05,11:25:00,11239.03333851471,0,27
2019-07-29,11202.45,11217.7,11200.95,11217.7,11:30:00,11235.549211037118,0,28
2019-07-29,11209.45,11214.05,11202.4,11202.5,11:35:00,11233.063571890723,0,29
2019-07-29,11192.05,11212.85,11192.05,11209.55,11:40:00,11229.15751742494,0,30
2019-07-29,11173.85,11192.95,11172.85,11192.95,11:45:00,11223.890134813042,0,31
2019-07-29,11165.2,11173.8,11160.65,11173.8,11:50:00,11218.300598164182,0,32
2019-07-29,11156.9,11172.85,11155.75,11165.85,11:55:00,11212.452922148546,0,33
2019-07-29,11162.7,11170.1,11157.3,11157.55,12:00:00,11207.71454861059,0,34
2019-07-29,11156.3,11164.15,11152.4,11162.65,12:05:00,11202.81792493339,0,35
2019-07-29,11170.45,11171.1,11155.8,11156.65,12:10:00,11199.735265415924,0,36
2019-07-29,11173.0,11177.95,11167.45,11170.3,12:15:00,11197.189049662027,0,37
2019-07-29,11159.45,11173.25,11158.95,11172.95,12:20:00,11193.594854456122,0,38
2019-07-29,11158.5,11161.25,11155.2,11159.3,12:25:00,11190.252487365064,0,39
2019-07-29,11160.5,11162.9,11156.8,11159.1,12:30:00,11187.41891713982,0,40
2019-07-29,11167.7,11170.7,11158.65,11160.05,12:35:00,11185.540925031266,0,41
2019-07-29,11175.55,11176.55,11167.45,11167.65,12:40:00,11184.589408361622,0,42
2019-07-29,11182.25,11183.05,11169.4,11175.65,12:45:00,11184.366607565278,0,43
2019-07-29,11182.05,11183.3,11176.9,11182.6,12:50:00,11184.145978273347,0,44
2019-07-29,11173.65,11182.5,11173.65,11181.6,12:55:00,11183.146361294934,0,45
2019-07-29,11187.95,11188.85,11172.8,11173.75,13:00:00,11183.603850695416,0,46
2019-07-29,11182.3,11189.3,11178.45,11188.2,13:05:00,11183.47967443871,0,47
2019-07-29,11185.4,11189.3,11181.35,11182.1,13:10:00,11183.662562587404,0,48
2019-07-29,11203.5,11204.2,11185.5,11185.6,13:15:00,11185.551842340985,0,49
2019-07-29,11198.55,11209.35,11197.05,11203.8,13:20:00,11186.789762118033,0,50
2019-07-29,11191.8,11198.4,11191.8,11198.4,13:25:00,11187.2669276306,0,51
2019-07-29,11186.45,11191.35,11185.25,11191.35,13:30:00,11187.189124999117,0,52
2019-07-29,11185.9,11190.95,11183.85,11186.35,13:35:00,11187.066351189676,0,53
2019-07-29,11193.8,11196.9,11185.05,11186.0,13:40:00,11187.707651076373,0,54
2019-07-29,11215.05,11218.65,11193.6,11194.1,13:45:00,11190.311684307197,0,55
2019-07-29,11212.3,11222.05,11208.4,11214.8,13:50:00,11192.405809611271,0,56
2019-07-29,11203.1,11213.1,11201.75,11212.65,13:55:00,11193.424303934007,0,57
2019-07-29,11189.55,11204.3,11189.2,11204.1,14:00:00,11193.05532260696,0,58
2019-07-29,11203.25,11204.95,11189.1,11190.35,14:05:00,11194.02624426344,0,59
2019-07-29,11201.25,11213.45,11201.0,11203.1,14:10:00,11194.714221000257,0,60
2019-07-29,11199.75,11206.8,11193.5,11201.8,14:15:00,11195.193819000233,0,61
2019-07-29,11196.35,11204.75,11191.8,11199.45,14:20:00,11195.3039314764,0,62
2019-07-29,11183.45,11197.45,11180.6,11196.2,14:25:00,11194.174985621505,0,63
2019-07-29,11173.2,11184.2,11167.65,11183.4,14:30:00,11192.177367943266,0,64
2019-07-29,11181.5,11182.8,11172.55,11173.1,14:35:00,11191.160475758194,0,65
2019-07-29,11187.15,11191.45,11182.0,11182.0,14:40:00,11190.778525685986,0,66
2019-07-29,11178.25,11187.4,11177.95,11187.35,14:45:00,11189.585332763512,0,67
2019-07-29,11180.85,11182.45,11173.9,11178.45,14:50:00,11188.753396309845,0,68
2019-07-29,11182.85,11182.85,11176.5,11181.0,14:55:00,11188.19116808986,0,69
2019-07-29,11186.3,11197.2,11182.7,11182.7,15:00:00,11188.011056843206,0,70
2019-07-29,11191.2,11191.4,11186.35,11186.45,15:05:00,11188.314765715282,0,71
2019-07-29,11188.4,11195.0,11184.8,11190.95,15:10:00,11188.322883266206,0,72
2019-07-29,11185.7,11192.0,11182.85,11188.75,15:15:00,11188.0730848599,0,73
2019-07-29,11190.8,11193.7,11184.75,11185.3,15:20:00,11188.33279106372,0,74
2019-07-29,11192.15,11196.15,11188.9,11190.7,15:25:00,11188.696334771936,0,75
2019-07-30,11232.95,11234.65,11190.7,11211.05,09:15:00,11192.91096955556,1,1
2019-07-30,11231.35,11237.55,11221.95,11233.15,09:20:00,11196.571829597888,1,2
2019-07-30,11244.2,11247.35,11231.5,11231.75,09:25:00,11201.10784582666,1,3
2019-07-30,11256.55,11256.55,11243.15,11244.25,09:30:00,11206.388050986025,1,4
2019-07-30,11259.2,11262.35,11253.4,11256.15,09:35:00,11211.417760415929,1,5
2019-07-30,11257.9,11259.9,11253.1,11259.1,09:40:00,11215.844640376314,1,6
2019-07-30,11260.7,11267.45,11258.2,11258.2,09:45:00,11220.116579388094,1,7
2019-07-30,11253.3,11262.2,11250.85,11260.4,09:50:00,11223.276905160656,1,8
2019-07-30,11246.8,11255.0,11245.15,11253.1,09:55:00,11225.51719990726,1,9
2019-07-30,11241.0,11254.5,11241.0,11247.25,10:00:00,11226.991752297045,1,10
2019-07-30,11234.3,11241.15,11232.2,11240.85,10:05:00,11227.6877758878,1,11
2019-07-30,11236.8,11240.45,11232.65,11234.35,10:10:00,11228.555606755628,1,12
2019-07-30,11220.7,11237.4,11211.85,11236.85,10:15:00,11227.807453731282,1,13
2019-07-30,11223.6,11226.85,11217.9,11220.6,10:20:00,11227.406743852112,1,14
2019-07-30,11228.35,11234.45,11223.35,11223.65,10:25:00,11227.49657777096,1,15
2019-07-30,11223.0,11228.75,11220.9,11228.1,10:30:00,11227.068332268962,1,16
2019-07-30,11214.0,11224.1,11213.9,11223.2,10:35:00,11225.823729195728,1,17
2019-07-30,11215.8,11219.3,11211.75,11213.25,10:40:00,11224.869088319943,1,18
2019-07-30,11221.6,11222.4,11210.75,11215.6,10:45:00,11224.557746575189,1,19
2019-07-30,11214.1,11222.55,11213.9,11221.25,10:50:00,11223.561770710883,1,20
2019-07-30,11217.0,11219.25,11208.15,11214.35,10:55:00,11222.936840166987,1,21
2019-07-30,11217.9,11222.55,11213.8,11217.65,11:00:00,11222.457141103469,1,22
2019-07-30,11220.35,11224.95,11217.3,11217.4,11:05:00,11222.256460998376,1,23
2019-07-30,11207.55,11221.25,11205.4,11220.5,11:10:00,11220.855845665195,1,24
2019-07-30,11199.1,11207.65,11196.4,11207.65,11:15:00,11218.783860363748,1,25
2019-07-30,11191.7,11205.35,11190.4,11199.5,11:20:00,11216.20444509101,1,26
2019-07-30,11179.25,11191.65,11175.35,11191.55,11:25:00,11212.684974129965,1,27
2019-07-30,11176.0,11187.0,11175.0,11179.75,11:30:00,11209.191167069966,1,28
2019-07-30,11176.05,11180.85,11168.45,11176.6,11:35:00,11206.034865444257,1,29
2019-07-30,11170.65,11178.3,11167.5,11176.15,11:40:00,11202.664878259087,1,30
2019-07-30,11176.9,11176.9,11161.55,11170.3,11:45:00,11200.211080329653,1,31
2019-07-30,11187.65,11193.2,11176.5,11176.5,11:50:00,11199.014786964924,1,32
2019-07-30,11195.4,11202.5,11185.6,11187.5,11:55:00,11198.670521539692,1,33
2019-07-30,11206.7,11208.1,11190.45,11195.35,12:00:00,11199.43523377401,1,34
2019-07-30,11201.35,11208.5,11200.6,11206.8,12:05:00,11199.617592462198,1,35
2019-07-30,11210.85,11210.85,11196.2,11201.1,12:10:00,11200.687345561037,1,36
2019-07-30,11217.45,11220.7,11209.8,11210.3,12:15:00,11202.28378884094,1,37
2019-07-30,11210.3,11217.3,11207.35,11216.8,12:20:00,11203.047237522756,1,38
2019-07-30,11211.0,11214.5,11205.0,11210.6,12:25:00,11203.80464347297,1,39
2019-07-30,11203.95,11215.0,11203.95,11211.15,12:30:00,11203.818486951734,1,40
2019-07-30,11198.95,11205.7,11196.35,11203.9,12:35:00,11203.35482152776,1,41
2019-07-30,11196.4,11202.3,11193.8,11199.1,12:40:00,11202.692457572735,1,42
2019-07-30,11203.6,11204.3,11191.25,11196.5,12:45:00,11202.778890184856,1,43
2019-07-30,11191.45,11203.85,11189.35,11203.85,12:50:00,11201.699948262489,1,44
2019-07-30,11195.05,11197.55,11184.25,11192.3,12:55:00,11201.066619856538,1,45
2019-07-30,11205.05,11208.2,11193.05,11195.55,13:00:00,11201.44598939401,1,46
2019-07-30,11200.4,11207.85,11198.85,11204.9,13:05:00,11201.346371356483,1,47
2019-07-30,11193.75,11200.4,11190.3,11200.15,13:10:00,11200.622907417772,1,48
2019-07-30,11187.45,11193.8,11184.15,11193.25,13:15:00,11199.368344806557,1,49
2019-07-30,11183.05,11187.55,11177.3,11187.2,13:20:00,11197.81421672974,1,50
2019-07-30,11201.45,11202.7,11182.6,11183.35,13:25:00,11198.1604818031,1,51
2019-07-30,11194.25,11202.25,11191.6,11202.25,13:30:00,11197.78805496471,1,52
2019-07-30,11198.55,11199.3,11192.0,11195.0,13:35:00,11197.860621158548,1,53
2019-07-30,11205.1,11205.85,11198.3,11198.8,13:40:00,11198.550085810111,1,54
2019-07-30,11199.35,11207.85,11197.6,11205.65,13:45:00,11198.626268113912,1,55
2019-07-30,11201.5,11205.7,11198.4,11199.65,13:50:00,11198.899956864969,1,56
2019-07-30,11196.4,11201.75,11191.5,11201.25,13:55:00,11198.661865734972,1,57
2019-07-30,11196.55,11198.8,11194.0,11197.85,14:00:00,11198.460735664976,1,58
2019-07-30,11195.25,11203.15,11194.95,11196.95,14:05:00,11198.154951315932,1,59
2019-07-30,11176.65,11195.9,11175.05,11195.6,14:10:00,11196.106860714415,1,60
2019-07-30,11171.95,11177.2,11154.8,11177.2,14:15:00,11193.806207313042,1,61
2019-07-30,11135.1,11173.45,11134.9,11172.7,14:20:00,11188.215139949896,1,62
2019-07-30,11143.5,11148.4,11129.9,11134.7,14:25:00,11183.956555192764,1,63
2019-07-30,11141.25,11148.9,11136.85,11144.55,14:30:00,11179.889264222023,1,64
2019-07-30,11110.1,11145.85,11108.2,11143.1,14:35:00,11173.24266762945,1,65
2019-07-30,11111.35,11115.6,11096.45,11109.7,14:40:00,11167.348127855215,1,66
2019-07-30,11103.0,11119.3,11102.75,11112.2,14:45:00,11161.219734726148,1,67
2019-07-30,11087.6,11108.15,11083.8,11102.35,14:50:00,11154.208331418897,1,68
2019-07-30,11087.8,11089.4,11078.7,11087.15,14:55:00,11147.88372842662,1,69
2019-07-30,11091.95,11098.75,11081.85,11088.0,15:00:00,11142.556706671705,1,70
2019-07-30,11073.9,11095.35,11072.8,11091.55,15:05:00,11136.01797270297,1,71
2019-07-30,11086.35,11086.35,11072.65,11073.0,15:10:00,11131.287689588402,1,72
2019-07-30,11075.8,11086.95,11073.45,11086.5,15:15:00,11126.00314772284,1,73
2019-07-30,11087.6,11090.05,11074.2,11074.95,15:20:00,11122.345705082573,1,74
2019-07-30,11080.6,11090.8,11076.35,11088.85,15:25:00,11118.369923646134,1,75
2019-07-31,11043.05,11047.55,11014.8,11020.95,09:15:00,11111.196597584598,2,1
2019-07-31,11028.6,11044.0,11024.2,11041.45,09:20:00,11103.330254957496,2,2
2019-07-31,11020.4,11033.7,11016.6,11028.65,09:25:00,11095.432135437732,2,3
2019-07-31,11037.4,11038.3,11010.3,11020.2,09:30:00,11089.905265396044,2,4
2019-07-31,11043.75,11055.35,11034.7,11037.65,09:35:00,11085.509525834514,2,5
2019-07-31,11059.7,11061.1,11039.75,11043.65,09:40:00,11083.051475755035,2,6
2019-07-31,11064.25,11070.85,11056.35,11060.8,09:45:00,11081.260859016462,2,7
2019-07-31,11062.6,11072.95,11055.35,11064.4,09:50:00,11079.483634348227,2,8
2019-07-31,11059.05,11064.35,11045.35,11062.4,09:55:00,11077.53757393411,2,9
2019-07-31,11039.55,11059.5,11032.55,11058.5,10:00:00,11073.919709749907,2,10
2019-07-31,11044.55,11044.9,11032.25,11039.85,10:05:00,11071.122594535633,2,11
2019-07-31,11037.15,11049.25,11035.5,11044.6,10:10:00,11067.887109341762,2,12
2019-07-31,11043.65,11048.2,11035.15,11037.4,10:15:00,11065.578813213977,2,13
2019-07-31,11042.8,11052.55,11040.4,11043.7,10:20:00,11063.409402431693,2,14
2019-07-31,11037.7,11043.65,11034.5,11043.25,10:25:00,11060.960887914389,2,15
2019-07-31,11021.8,11038.3,11019.25,11037.65,10:30:00,11057.23127954159,2,16
2019-07-31,11022.45,11026.8,11013.9,11023.05,10:35:00,11053.918776728104,2,17
2019-07-31,11017.8,11024.2,11015.15,11021.95,10:40:00,11050.478893230187,2,18
2019-07-31,11008.9,11021.35,11008.4,11017.65,10:45:00,11046.51899863684,2,19
2019-07-31,11008.2,11012.45,10999.4,11008.95,10:50:00,11042.869570195237,2,20
2019-07-31,11017.2,11020.95,11008.05,11008.05,10:55:00,11040.42484922426,2,21
2019-07-31,11028.3,11034.65,11014.95,11017.1,11:00:00,11039.270101679092,2,22
2019-07-31,11031.4,11033.05,11025.85,11028.4,11:05:00,11038.520568185846,2,23
2019-07-31,11033.75,11038.1,11028.7,11031.3,11:10:00,11038.066228358624,2,24
2019-07-31,11040.85,11041.1,11030.25,11034.35,11:15:00,11038.331349467326,2,25
2019-07-31,11041.05,11044.15,11036.3,11040.8,11:20:00,11038.590268565677,2,26
2019-07-31,11050.6,11050.6,11040.1,11040.8,11:25:00,11039.734052511802,2,27
2019-07-31,11060.5,11062.2,11050.8,11050.8,11:30:00,11041.711761796392,2,28
2019-07-31,11070.8,11071.4,11058.0,11060.75,11:35:00,11044.482070196736,2,29
2019-07-31,11068.7,11075.3,11064.0,11070.85,11:40:00,11046.788539701807,2,30
2019-07-31,11084.5,11084.5,11063.5,11067.95,11:45:00,11050.380107349256,2,31
2019-07-31,11083.7,11086.9,11072.9,11084.85,11:50:00,11053.553430458853,2,32
2019-07-31,11079.85,11096.15,11079.2,11084.25,11:55:00,11056.057865653249,2,33
2019-07-31,11064.55,11084.25,11064.4,11080.1,12:00:00,11056.866640352937,2,34
2019-07-31,11062.4,11065.9,11054.4,11064.7,12:05:00,11057.393626985991,2,35
2019-07-31,11069.3,11073.1,11061.3,11062.5,12:10:00,11058.52756727304,2,36
2019-07-31,11063.5,11070.05,11059.9,11070.05,12:15:00,11059.001132294656,2,37
2019-07-31,11070.05,11071.1,11062.25,11063.85,12:20:00,11060.05340540945,2,38
2019-07-31,11083.75,11087.65,11070.0,11070.0,12:25:00,11062.310223941884,2,39
2019-07-31,11082.8,11086.9,11076.2,11083.8,12:30:00,11064.261631185514,2,40
2019-07-31,11078.8,11082.85,11071.5,11082.5,12:35:00,11065.646237739276,2,41
2019-07-31,11080.25,11083.85,11077.75,11078.65,12:40:00,11067.037072240297,2,42
2019-07-31,11070.85,11086.1,11070.25,11080.0,12:45:00,11067.400208217412,2,43
2019-07-31,11060.1,11074.8,11055.25,11071.05,12:50:00,11066.704950291944,2,44
2019-07-31,11075.55,11077.45,11059.5,11062.1,12:55:00,11067.547335978426,2,45
2019-07-31,11083.05,11085.85,11072.25,11075.95,13:00:00,11069.023780170955,2,46
2019-07-31,11086.5,11086.9,11079.0,11084.35,13:05:00,11070.688182059435,2,47
2019-07-31,11097.15,11097.15,11081.9,11087.45,13:10:00,11073.208355196632,2,48
2019-07-31,11085.05,11102.2,11083.05,11097.35,13:15:00,11074.336130892192,2,49
2019-07-31,11088.3,11091.4,11083.5,11086.0,13:20:00,11075.666023188174,2,50
2019-07-31,11099.3,11104.05,11086.1,11088.8,13:25:00,11077.916878122633,2,51
2019-07-31,11101.45,11108.15,11098.0,11099.9,13:30:00,11080.158127825238,2,52
2019-07-31,11093.65,11102.35,11090.2,11102.35,13:35:00,11081.443068032358,2,53
2019-07-31,11072.85,11094.6,11070.6,11094.15,13:40:00,11080.624680600704,2,54
2019-07-31,11072.35,11079.75,11062.05,11074.15,13:45:00,11079.836615781587,2,55
2019-07-31,11086.0,11086.0,11072.4,11073.1,13:50:00,11080.423604754773,2,56
2019-07-31,11094.6,11094.6,11084.25,11086.5,13:55:00,11081.773737635269,2,57
2019-07-31,11091.95,11096.85,11089.35,11095.2,14:00:00,11082.742905479528,2,58
2019-07-31,11095.85,11097.15,11088.45,11092.5,14:05:00,11083.991200195764,2,59
2019-07-31,11086.65,11098.2,11078.35,11097.15,14:10:00,11084.24441922474,2,60
2019-07-31,11098.0,11098.35,11086.7,11087.5,14:15:00,11085.55447453667,2,61
2019-07-31,11119.0,11126.3,11097.9,11098.6,14:20:00,11088.739762676036,2,62
2019-07-31,11134.8,11135.85,11119.2,11119.2,14:25:00,11093.126451944983,2,63
2019-07-31,11136.45,11139.95,11127.5,11135.65,14:30:00,11097.2525041407,2,64
2019-07-31,11136.55,11145.3,11133.35,11137.3,14:35:00,11100.995122793967,2,65
2019-07-31,11121.55,11138.25,11118.7,11138.25,14:40:00,11102.952730146924,2,66
2019-07-31,11113.35,11122.25,11107.5,11121.3,14:45:00,11103.942946323406,2,67
2019-07-31,11099.05,11113.45,11093.5,11113.05,14:50:00,11103.476951435465,2,68
2019-07-31,11115.95,11120.6,11099.55,11099.55,14:55:00,11104.66486082256,2,69
2019-07-31,11111.85,11121.55,11109.1,11116.45,15:00:00,11105.34915979184,2,70
2019-07-31,11109.3,11114.5,11108.35,11111.9,15:05:00,11105.725430287855,2,71
2019-07-31,11129.2,11130.4,11107.55,11109.7,15:10:00,11107.961103593774,2,72
2019-07-31,11121.45,11130.05,11118.3,11128.75,15:15:00,11109.245760394366,2,73
2019-07-31,11114.2,11122.55,11113.8,11122.5,15:20:00,11109.71759273776,2,74
2019-07-31,11113.8,11115.0,11108.85,11114.95,15:25:00,11110.106393429402,2,75
2019-08-01,11064.05,11065.1,11040.65,11058.0,09:15:00,11105.72007024565,3,1
2019-08-01,11062.15,11069.6,11053.3,11063.35,09:20:00,11101.570539746064,3,2
2019-08-01,11074.7,11074.7,11058.4,11061.5,09:25:00,11099.01144072263,3,3
2019-08-01,11074.75,11076.75,11065.65,11074.75,09:30:00,11096.700827320476,3,4
2019-08-01,11057.05,11076.6,11057.05,11074.65,09:35:00,11092.924558051858,3,5
2019-08-01,11051.0,11059.05,11048.55,11057.4,09:40:00,11088.9317429993,3,6
2019-08-01,11048.75,11053.8,11043.3,11050.8,09:45:00,11085.1049103327,3,7
2019-08-01,11042.5,11055.0,11038.75,11048.25,09:50:00,11081.047299824824,3,8
2019-08-01,11056.3,11057.45,11041.45,11042.05,09:55:00,11078.690414127224,3,9
2019-08-01,11051.2,11056.8,11048.4,11056.8,10:00:00,11076.07227944844,3,10
2019-08-01,11044.0,11052.5,11039.35,11051.1,10:05:00,11073.017776643825,3,11
2019-08-01,11042.9,11048.7,11036.95,11043.25,10:10:00,11070.14941696346,3,12
2019-08-01,11036.25,11044.3,11031.95,11042.6,10:15:00,11066.920901062178,3,13
2019-08-01,11030.6,11039.65,11028.3,11036.15,10:20:00,11063.461767627685,3,14
2019-08-01,11029.25,11031.75,11025.45,11030.5,10:25:00,11060.203504044095,3,15
2019-08-01,11034.75,11040.7,11026.4,11029.0,10:30:00,11057.7793608018,3,16
2019-08-01,11020.7,11038.45,11018.65,11035.05,10:35:00,11054.247993106392,3,17
2019-08-01,11021.5,11021.85,11013.7,11019.9,10:40:00,11051.129136620068,3,18
2019-08-01,11015.9,11021.65,11015.4,11021.65,10:45:00,11047.77398075149,3,19
2019-08-01,11008.15,11019.0,11005.1,11015.85,10:50:00,11044.000268298969,3,20
2019-08-01,10998.9,11010.7,10995.0,11008.1,10:55:00,11039.705004651449,3,21
2019-08-01,10991.8,10999.65,10983.8,10999.2,11:00:00,11035.142623256072,3,22
2019-08-01,10992.7,10997.2,10989.5,10991.85,11:05:00,11031.100468660256,3,23
2019-08-01,10988.65,10996.3,10985.8,10993.0,11:10:00,11027.057566883088,3,24
2019-08-01,10999.9,11000.55,10987.25,10987.95,11:15:00,11024.471131941842,3,25
2019-08-01,10993.9,11006.25,10992.8,10999.85,11:20:00,11021.559595566428,3,26
2019-08-01,10989.9,10995.25,10987.65,10994.4,11:25:00,11018.544395988672,3,27
2019-08-01,10985.45,10992.0,10979.55,10989.75,11:30:00,11015.392548751655,3,28
2019-08-01,10985.2,10990.95,10983.25,10984.95,11:35:00,11012.517067918168,3,29
2019-08-01,10993.8,10995.0,10984.25,10984.85,11:40:00,11010.734490021196,3,30
2019-08-01,10992.55,11001.75,10992.1,10993.5,11:45:00,11009.002633828704,3,31
2019-08-01,10979.55,10992.35,10978.3,10992.05,11:50:00,11006.19762108311,3,32
2019-08-01,10977.15,10984.45,10973.15,10979.4,11:55:00,11003.431180979958,3,33
2019-08-01,10981.25,10982.2,10969.55,10977.25,12:00:00,11001.318687553296,3,34
2019-08-01,10972.3,10982.85,10968.05,10980.3,12:05:00,10998.55500302441,3,35
2019-08-01,10973.0,10974.05,10966.75,10972.1,12:10:00,10996.12119321256,3,36
2019-08-01,10973.3,10978.3,10972.4,10973.65,12:15:00,10993.947746239935,3,37
2019-08-01,10989.5,10989.85,10973.35,10973.4,12:20:00,10993.524151359945,3,38
2019-08-01,10983.5,10989.6,10982.15,10989.25,12:25:00,10992.569470278044,3,39
2019-08-01,10990.0,10992.75,10983.1,10983.25,12:30:00,10992.324758822991,3,40
2019-08-01,10986.6,10994.05,10986.6,10992.35,12:35:00,10991.779543696994,3,41
2019-08-01,10987.65,10988.4,10981.3,10986.9,12:40:00,10991.386253821089,3,42
2019-08-01,10991.5,10997.55,10987.3,10987.3,12:45:00,10991.397086790508,3,43
2019-08-01,10985.85,10992.35,10981.7,10992.0,12:50:00,10990.86879281046,3,44
2019-08-01,10979.15,10988.55,10978.8,10986.05,12:55:00,10989.752717304702,3,45
2019-08-01,10972.8,10982.85,10970.5,10979.25,13:00:00,10988.138172799492,3,46
2019-08-01,10971.1,10975.95,10969.0,10972.95,13:05:00,10986.51548967573,3,47
2019-08-01,10964.6,10978.3,10962.2,10971.85,13:10:00,10984.428300182804,3,48
2019-08-01,10978.35,10979.1,10963.9,10964.85,13:15:00,10983.84941445111,3,49
2019-08-01,10981.45,10988.15,10976.55,10978.5,13:20:00,10983.6208987891,3,50
2019-08-01,10978.6,10984.8,10977.15,10981.15,13:25:00,10983.142717952043,3,51
2019-08-01,10978.85,10985.35,10976.55,10979.25,13:30:00,10982.733887670896,3,52
2019-08-01,10972.75,10982.4,10972.55,10979.8,13:35:00,10981.783041226048,3,53
2019-08-01,10963.75,10974.8,10963.75,10973.65,13:40:00,10980.06560872833,3,54
2019-08-01,10948.9,10964.0,10948.9,10964.0,13:45:00,10977.097455516108,3,55
2019-08-01,10955.0,10955.7,10944.15,10947.75,13:50:00,10974.992935943146,3,56
2019-08-01,10949.15,10958.15,10947.15,10955.6,13:55:00,10972.53170394856,3,57
2019-08-01,10943.85,10949.9,10936.5,10949.9,14:00:00,10969.800113096317,3,58
2019-08-01,10961.45,10961.8,10943.75,10944.4,14:05:00,10969.00486423,3,59
2019-08-01,10960.15,10963.25,10955.7,10962.25,14:10:00,10968.161543827144,3,60
2019-08-01,10954.05,10960.25,10949.4,10960.25,14:15:00,10966.81758727218,3,61
2019-08-01,10944.8,10954.3,10944.15,10953.85,14:20:00,10964.720674198636,3,62
2019-08-01,10925.8,10947.5,10925.8,10945.15,14:25:00,10961.013943322576,3,63
2019-08-01,10937.2,10939.15,10925.45,10925.75,14:30:00,10958.745948720423,3,64
2019-08-01,10931.1,10941.95,10929.7,10938.65,14:35:00,10956.113001223242,3,65
2019-08-01,10915.2,10932.75,10915.2,10932.7,14:40:00,10952.216524916266,3,66
2019-08-01,10896.5,10916.25,10881.0,10916.25,14:45:00,10946.910189209955,3,67
2019-08-01,10921.9,10921.9,10895.4,10898.0,14:50:00,10944.528266428057,3,68
2019-08-01,10931.45,10932.6,10909.55,10922.5,14:55:00,10943.28271724443,3,69
2019-08-01,10953.65,10956.75,10924.15,10931.8,15:00:00,10944.270077506866,3,70
2019-08-01,10972.9,10978.2,10953.95,10954.1,15:05:00,10946.996736791923,3,71
2019-08-01,11004.65,11004.65,10972.2,10972.85,15:10:00,10952.487523764124,3,72
2019-08-01,10987.45,11006.15,10986.5,11004.6,15:15:00,10955.817283405637,3,73
2019-08-01,10993.1,10993.8,10985.1,10987.95,15:20:00,10959.368018319385,3,74
2019-08-01,10991.3,10994.95,10989.35,10992.7,15:25:00,10962.409159431823,3,75
2019-08-02,10906.65,10928.1,10899.4,10928.1,09:15:00,10957.09876329546,4,1
2019-08-02,10883.55,10910.45,10878.85,10906.95,09:20:00,10950.094119172085,4,2
2019-08-02,10885.25,10900.05,10880.2,10884.25,09:25:00,10943.918488774743,4,3
2019-08-02,10858.1,10885.05,10856.9,10885.05,09:30:00,10935.745299367623,4,4
2019-08-02,10885.45,10900.4,10857.3,10858.2,09:35:00,10930.955270856424,4,5
2019-08-02,10875.85,10891.75,10871.65,10886.05,09:40:00,10925.707149822478,4,6
2019-08-02,10890.55,10890.55,10872.7,10875.95,09:45:00,10922.358849839384,4,7
2019-08-02,10884.8,10891.75,10876.0,10890.4,09:50:00,10918.781816521348,4,8
2019-08-02,10873.25,10889.55,10872.85,10883.65,09:55:00,10914.445453043125,4,9
2019-08-02,10866.6,10873.85,10863.5,10872.8,10:00:00,10909.888743229492,4,10
2019-08-02,10863.15,10876.1,10860.0,10866.3,10:05:00,10905.437434350491,4,11
2019-08-02,10867.2,10870.2,10862.55,10862.9,10:10:00,10901.79577393616,4,12
2019-08-02,10853.75,10875.8,10848.95,10867.75,10:15:00,10897.21998594224,4,13
2019-08-02,10860.45,10863.2,10851.85,10853.95,10:20:00,10893.71808251917,4,14
2019-08-02,10873.1,10873.1,10860.55,10861.0,10:25:00,10891.75445561258,4,15
2019-08-02,10869.4,10874.45,10866.9,10873.15,10:30:00,10889.625459839954,4,16
2019-08-02,10868.55,10871.35,10860.6,10869.25,10:35:00,10887.61827318853,4,17
2019-08-02,10882.9,10883.8,10863.95,10868.8,10:40:00,10887.168913837242,4,18
2019-08-02,10892.55,10896.3,10878.05,10883.55,10:45:00,10887.681398233695,4,19
2019-08-02,10885.05,10893.85,10881.8,10892.6,10:50:00,10887.430788878104,4,20
2019-08-02,10875.5,10885.05,10869.45,10884.8,10:55:00,10886.294523270666,4,21
2019-08-02,10880.2,10886.3,10875.95,10875.95,11:00:00,10885.714092482984,4,22
2019-08-02,10880.35,10885.95,10871.5,10879.85,11:05:00,10885.203226532223,4,23
2019-08-02,10886.55,10887.95,10875.7,10880.55,11:10:00,10885.331490672012,4,24
2019-08-02,10896.55,10899.55,10884.65,10885.75,11:15:00,10886.39992013182,4,25
2019-08-02,10907.2,10916.6,10896.7,10896.7,11:20:00,10888.380880119266,4,26
2019-08-02,10915.85,10916.15,10906.0,10907.35,11:25:00,10890.996986774577,4,27
2019-08-02,10918.2,10927.55,10915.65,10916.3,11:30:00,10893.587749938904,4,28
2019-08-02,10916.7,10927.7,10914.9,10917.85,11:35:00,10895.78891661139,4,29
2019-08-02,10925.15,10932.35,10916.25,10916.45,11:40:00,10898.585210267447,4,30
2019-08-02,10911.2,10926.4,10903.95,10925.3,11:45:00,10899.786618813405,4,31
2019-08-02,10923.35,10927.3,10910.5,10911.45,11:50:00,10902.030750354985,4,32
2019-08-02,10949.0,10952.05,10923.25,10923.25,11:55:00,10906.504012225938,4,33
2019-08-02,10952.65,10957.05,10940.0,10949.05,12:00:00,10910.89886820442,4,34
2019-08-02,10957.6,10961.25,10945.25,10952.85,12:05:00,10915.346595042096,4,35
2019-08-02,10944.0,10961.5,10936.2,10957.65,12:10:00,10918.075490752371,4,36
2019-08-02,10943.1,10945.0,10932.3,10943.55,12:15:00,10920.458777347383,4,37
2019-08-02,10958.05,10958.4,10937.25,10943.0,12:20:00,10924.038893790492,4,38
2019-08-02,10954.55,10958.65,10948.5,10958.2,12:25:00,10926.944713429491,4,39
2019-08-02,10946.85,10954.5,10946.4,10954.5,12:30:00,10928.840455007634,4,40
2019-08-02,10929.25,10945.4,10928.9,10945.4,12:35:00,10928.87945929262,4,41
2019-08-02,10930.5,10943.35,10926.9,10929.45,12:40:00,10929.033796502848,4,42
2019-08-02,10936.25,10936.25,10924.9,10930.05,12:45:00,10929.721053978765,4,43
2019-08-02,10926.15,10942.5,10926.15,10937.05,12:50:00,10929.380953599835,4,44
2019-08-02,10930.25,10931.1,10914.9,10925.5,12:55:00,10929.46371992366,4,45
2019-08-02,10916.45,10929.35,10915.8,10929.35,13:00:00,10928.224318026168,4,46
2019-08-02,10917.85,10917.85,10905.55,10916.4,13:05:00,10927.236287737962,4,47
2019-08-02,10922.75,10927.95,10907.9,10917.75,13:10:00,10926.809022239107,4,48
2019-08-02,10919.2,10929.8,10919.1,10922.7,13:15:00,10926.08435345443,4,49
2019-08-02,10919.05,10920.35,10902.75,10919.1,13:20:00,10925.414415030198,4,50
2019-08-02,10998.9,11013.85,10919.95,10920.75,13:25:00,10932.41304217018,4,51
2019-08-02,10988.85,11005.55,10973.85,11000.05,13:30:00,10937.787990534924,4,52
2019-08-02,10975.55,11000.15,10975.55,10989.65,13:35:00,10941.384372388742,4,53
2019-08-02,11004.7,11010.6,10976.15,10976.45,13:40:00,10947.414432161244,4,54
2019-08-02,11006.1,11008.75,10993.0,11005.45,13:45:00,10953.003533860174,4,55
2019-08-02,11018.35,11021.75,10992.6,11005.65,13:50:00,10959.227006825871,4,56
2019-08-02,11023.95,11040.75,11018.55,11018.85,13:55:00,10965.391101413885,4,57
2019-08-02,11026.25,11031.65,11016.35,11024.8,14:00:00,10971.187186993511,4,58
2019-08-02,11031.75,11032.05,11020.8,11027.4,14:05:00,10976.955073946512,4,59
2019-08-02,11050.7,11051.9,11024.55,11032.15,14:10:00,10983.978400237322,4,60
2019-08-02,11066.0,11075.05,11048.5,11050.65,14:15:00,10991.7899811671,4,61
2019-08-02,11039.45,11080.15,11021.15,11066.15,14:20:00,10996.329030579756,4,62
2019-08-02,11047.65,11059.1,11027.75,11040.5,14:25:00,11001.216741953112,4,63
2019-08-02,11025.35,11049.4,11012.45,11047.7,14:30:00,11003.515147481388,4,64
2019-08-02,11016.55,11031.9,11005.15,11026.9,14:35:00,11004.756562006967,4,65
2019-08-02,11015.45,11032.75,11009.35,11016.35,14:40:00,11005.774984672971,4,66
2019-08-02,10986.95,11019.6,10986.95,11014.85,14:45:00,11003.982128989834,4,67
2019-08-02,10974.5,11004.2,10974.5,10988.2,14:50:00,11001.174307181278,4,68
2019-08-02,10985.7,10994.35,10968.4,10974.1,14:55:00,10999.700563640205,4,69
2019-08-02,10985.2,10992.95,10976.05,10985.0,15:00:00,10998.319557579234,4,70
2019-08-02,11005.8,11009.35,10976.05,10985.65,15:05:00,10999.031980666923,4,71
2019-08-02,11009.6,11015.8,10999.95,11004.75,15:10:00,11000.038458698646,4,72
2019-08-02,11002.95,11012.7,11000.2,11010.4,15:15:00,11000.315748346393,4,73
2019-08-02,10995.55,11002.9,10992.9,11002.9,15:20:00,10999.8618675515,4,74
2019-08-02,11000.35,11002.05,10990.45,10995.45,15:25:00,10999.908356356118,4,75
2019-08-05,10868.45,10886.15,10838.65,10886.15,09:15:00,10987.38851289363,0,1
2019-08-05,10855.2,10868.2,10847.55,10867.55,09:20:00,10974.799130713283,0,2
2019-08-05,10851.55,10862.95,10850.85,10855.6,09:25:00,10963.0611182644,0,3
2019-08-05,10829.6,10851.5,10829.0,10851.5,09:30:00,10950.350535572552,0,4
2019-08-05,10816.5,10834.15,10813.85,10828.7,09:35:00,10937.602865518023,0,5
2019-08-05,10810.7,10827.65,10809.45,10816.25,09:40:00,10925.51687832583,0,6
2019-08-05,10797.7,10810.25,10788.6,10809.35,09:45:00,10913.3438422948,0,7
2019-08-05,10817.4,10822.75,10789.6,10796.55,09:50:00,10904.20633350482,0,8
2019-08-05,10824.55,10828.75,10815.4,10817.95,09:55:00,10896.62001602817,0,9
2019-08-05,10805.9,10825.0,10803.9,10824.7,10:00:00,10887.980014501678,0,10
2019-08-05,10825.35,10828.6,10800.1,10805.8,10:05:00,10882.015251215804,0,11
2019-08-05,10824.6,10828.85,10819.45,10826.5,10:10:00,10876.547132052394,0,12
2019-08-05,10822.95,10826.25,10813.5,10824.65,10:15:00,10871.4426432855,0,13
2019-08-05,10807.4,10830.55,10807.4,10823.75,10:20:00,10865.343343924977,0,14
2019-08-05,10811.2,10817.05,10802.65,10807.7,10:25:00,10860.18683497974,0,15
2019-08-05,10812.3,10821.25,10811.0,10811.0,10:30:00,10855.62618402929,0,16
2019-08-05,10812.55,10819.05,10807.0,10811.5,10:35:00,10851.523690312217,0,17
2019-08-05,10812.8,10814.3,10803.35,10812.75,10:40:00,10847.83571980629,0,18
2019-08-05,10802.45,10816.4,10800.6,10812.7,10:45:00,10843.51327030093,0,19
2019-08-05,10804.45,10809.4,10800.95,10802.55,10:50:00,10839.792958843698,0,20
2019-08-05,10799.7,10808.15,10789.25,10804.85,10:55:00,10835.974581810964,0,21
2019-08-05,10820.4,10822.5,10797.25,10799.55,11:00:00,10834.491288305158,0,22
2019-08-05,10821.65,10839.3,10816.25,10820.55,11:05:00,10833.268308466571,0,23
2019-08-05,10811.05,10827.55,10810.5,10821.7,11:10:00,10831.152279088805,0,24
2019-08-05,10804.3,10817.6,10782.6,10811.5,11:15:00,10828.594919175584,0,25
2019-08-05,10820.9,10820.9,10791.0,10804.55,11:20:00,10827.86206973029,0,26
2019-08-05,10827.55,10832.15,10815.75,10822.2,11:25:00,10827.832348803597,0,27
2019-08-05,10823.25,10832.45,10812.65,10829.4,11:30:00,10827.395934631824,0,28
2019-08-05,10849.7,10850.25,10822.45,10823.15,11:35:00,10829.520131333556,0,29
2019-08-05,10846.5,10853.65,10839.95,10850.0,11:40:00,10831.13726168274,0,30
2019-08-05,10831.45,10849.75,10824.25,10846.65,11:45:00,10831.167046284383,0,31
2019-08-05,10843.5,10844.85,10825.25,10831.65,11:50:00,10832.34161330492,0,32
2019-08-05,10852.55,10856.15,10840.7,10843.1,11:55:00,10834.266221561593,0,33
2019-08-05,10857.9,10865.2,10842.55,10853.1,12:00:00,10836.517057603349,0,34
2019-08-05,10854.9,10859.0,10848.0,10857.95,12:05:00,10838.267814022076,0,35
2019-08-05,10857.85,10861.85,10851.2,10854.95,12:10:00,10840.132784115212,0,36
2019-08-05,10856.75,10862.05,10853.35,10857.9,12:15:00,10841.71537610424,0,37
2019-08-05,10839.3,10858.2,10834.45,10856.8,12:20:00,10841.485340284791,0,38
2019-08-05,10842.3,10845.95,10837.15,10839.4,12:25:00,10841.562926924336,0,39
2019-08-05,10850.5,10855.5,10839.15,10842.2,12:30:00,10842.414076741064,0,40
2019-08-05,10874.8,10874.8,10850.25,10850.25,12:35:00,10845.498450384774,0,41
2019-08-05,10881.6,10884.35,10871.75,10874.75,12:40:00,10848.936693205273,0,42
2019-08-05,10888.95,10893.4,10881.6,10881.7,12:45:00,10852.74748432858,0,43
2019-08-05,10878.45,10892.2,10874.75,10888.85,12:50:00,10855.195342963952,0,44
2019-08-05,10865.95,10878.9,10862.1,10878.35,12:55:00,10856.219596015006,0,45
2019-08-05,10857.9,10876.25,10856.35,10866.4,13:00:00,10856.379634489767,0,46
2019-08-05,10856.85,10860.15,10847.7,10858.15,13:05:00,10856.424431205029,0,47
2019-08-05,10860.2,10864.05,10852.3,10857.65,13:10:00,10856.784009185503,0,48
2019-08-05,10869.6,10873.8,10860.2,10860.6,13:15:00,10858.004579739263,0,49
2019-08-05,10867.35,10879.6,10860.9,10870.4,13:20:00,10858.894619764098,0,50
2019-08-05,10877.0,10878.65,10865.65,10868.15,13:25:00,10860.618941691326,0,51
2019-08-05,10864.1,10878.0,10862.55,10877.15,13:30:00,10860.950471054057,0,52
2019-08-05,10843.9,10865.45,10839.8,10864.6,13:35:00,10859.326616667957,0,53
2019-08-05,10844.55,10855.75,10844.1,10845.25,13:40:00,10857.919319842436,0,54
2019-08-05,10833.15,10844.85,10832.1,10844.6,13:45:00,10855.5603370003,0,55
2019-08-05,10833.9,10839.4,10825.5,10833.6,13:50:00,10853.497447762174,0,56
2019-08-05,10846.45,10848.1,10826.7,10834.3,13:55:00,10852.826262261016,0,57
2019-08-05,10857.5,10862.55,10831.75,10846.25,14:00:00,10853.271380140915,0,58
2019-08-05,10869.25,10869.75,10850.45,10857.95,14:05:00,10854.793153460829,0,59
2019-08-05,10857.75,10869.4,10852.5,10869.4,14:10:00,10855.07475789313,0,60
2019-08-05,10863.75,10865.9,10857.9,10858.0,14:15:00,10855.900971427118,0,61
2019-08-05,10866.05,10869.45,10859.0,10864.15,14:20:00,10856.867545576915,0,62
2019-08-05,10858.45,10866.45,10849.1,10866.0,14:25:00,10857.018255521973,0,63
2019-08-05,10845.15,10858.95,10840.55,10858.8,14:30:00,10855.88794547226,0,64
2019-08-05,10866.7,10867.4,10843.15,10845.6,14:35:00,10856.917664951092,0,65
2019-08-05,10867.6,10869.1,10862.85,10867.3,14:40:00,10857.935030193845,0,66
2019-08-05,10857.0,10867.9,10852.2,10867.65,14:45:00,10857.845979699194,0,67
2019-08-05,10860.7,10868.6,10852.35,10857.35,14:50:00,10858.117791156414,0,68
2019-08-05,10855.2,10862.45,10845.9,10861.1,14:55:00,10857.839906284376,0,69
2019-08-05,10849.4,10861.9,10848.95,10854.25,15:00:00,10857.036105685862,0,70
2019-08-05,10855.65,10858.1,10848.35,10849.5,15:05:00,10856.904095620544,0,71
2019-08-05,10859.25,10862.85,10850.2,10855.95,15:10:00,10857.127515085254,0,72
2019-08-05,10874.0,10875.1,10856.65,10858.4,15:15:00,10858.734418410468,0,73
2019-08-05,10866.65,10874.4,10866.1,10874.35,15:20:00,10859.488283323755,0,74
2019-08-05,10858.65,10868.4,10857.05,10867.2,15:25:00,10859.408446816731,0,75
2019-08-06,10885.95,10892.05,10813.8,10813.8,09:15:00,10861.936213786566,1,1
2019-08-06,10912.5,10916.05,10884.5,10885.9,09:20:00,10866.75181247356,1,2
2019-08-06,10914.85,10923.25,10900.65,10912.35,09:25:00,10871.332592237984,1,3
2019-08-06,10933.5,10935.65,10916.55,10918.5,09:30:00,10877.253297739127,1,4
2019-08-06,10922.9,10938.65,10920.1,10933.05,09:35:00,10881.600602716351,1,5
2019-08-06,10903.8,10925.05,10902.55,10922.55,09:40:00,10883.71483102908,1,6
2019-08-06,10915.15,10921.55,10901.75,10904.05,09:45:00,10886.708656645358,1,7
2019-08-06,10924.45,10930.7,10914.95,10915.95,09:50:00,10890.30307029818,1,8
2019-08-06,10917.4,10926.6,10915.15,10924.9,09:55:00,10892.883730269785,1,9
2019-08-06,10907.25,10918.95,10902.15,10918.4,10:00:00,10894.251946434566,1,10
2019-08-06,10913.5,10915.0,10904.4,10908.3,10:05:00,10896.085094393178,1,11
2019-08-06,10912.55,10925.8,10912.15,10914.6,10:10:00,10897.653180641446,1,12
2019-08-06,10894.0,10913.45,10888.95,10911.85,10:15:00,10897.305258675591,1,13
2019-08-06,10893.15,10897.6,10883.75,10894.5,10:20:00,10896.909519754106,1,14
2019-08-06,10903.1,10903.1,10887.6,10893.25,10:25:00,10897.499089301336,1,15
2019-08-06,10908.35,10912.05,10901.35,10903.65,10:30:00,10898.532509367877,1,16
2019-08-06,10908.7,10914.35,10902.6,10909.25,10:35:00,10899.50084180903,1,17
2019-08-06,10908.4,10914.85,10906.75,10908.9,10:40:00,10900.34838068436,1,18
2019-08-06,10904.5,10909.0,10900.25,10908.95,10:45:00,10900.743773000137,1,19
2019-08-06,10914.35,10915.7,10904.65,10905.4,10:50:00,10902.03960414298,1,20
2019-08-06,10909.25,10914.5,10904.1,10914.25,10:55:00,10902.726308510317,1,21
2019-08-06,10901.25,10909.8,10897.1,10909.15,11:00:00,10902.585707699807,1,22
2019-08-06,10887.45,10901.35,10887.1,10901.35,11:05:00,10901.1442117284,1,23
2019-08-06,10887.1,10893.4,10883.4,10887.0,11:10:00,10899.806667754268,1,24
2019-08-06,10897.05,10897.1,10886.7,10886.7,11:15:00,10899.544127968147,1,25
2019-08-06,10900.5,10906.65,10897.5,10897.5,11:20:00,10899.635163399753,1,26
2019-08-06,10903.6,10905.95,10900.2,10900.8,11:25:00,10900.012766885491,1,27
2019-08-06,10904.0,10905.5,10895.3,10904.05,11:30:00,10900.392503372588,1,28
2019-08-06,10904.5,10911.6,10902.6,10904.1,11:35:00,10900.78369352758,1,29
2019-08-06,10912.25,10914.2,10904.4,10905.05,11:40:00,10901.87572271543,1,30
2019-08-06,10908.55,10913.35,10904.5,10912.55,11:45:00,10902.511368171105,1,31
2019-08-06,10916.0,10916.05,10907.2,10909.1,11:50:00,10903.795999773854,1,32
2019-08-06,10905.7,10917.25,10905.2,10916.4,11:55:00,10903.977333128723,1,33
2019-08-06,10914.35,10916.55,10905.3,10906.6,12:00:00,10904.965206164085,1,34
2019-08-06,10914.85,10920.8,10914.05,10915.15,12:05:00,10905.90661510084,1,35
2019-08-06,10918.8,10922.9,10913.55,10915.55,12:10:00,10907.134556519806,1,36
2019-08-06,10920.85,10923.55,10915.6,10919.2,12:15:00,10908.440789232209,1,37
2019-08-06,10933.85,10935.9,10920.45,10921.5,12:20:00,10910.860714067236,1,38
2019-08-06,10926.95,10934.95,10925.75,10933.9,12:25:00,10912.393027013211,1,39
2019-08-06,10926.55,10927.8,10918.4,10927.75,12:30:00,10913.741310154812,1,40
2019-08-06,10934.3,10935.45,10926.0,10927.3,12:35:00,10915.699280616258,1,41
2019-08-06,10941.75,10942.35,10929.5,10934.65,12:40:00,10918.180301509949,1,42
2019-08-06,10954.55,10955.0,10941.1,10941.7,12:45:00,10921.644082318522,1,43
2019-08-06,10957.65,10958.9,10950.95,10955.4,12:50:00,10925.073217335806,1,44
2019-08-06,10955.0,10964.15,10952.95,10958.15,12:55:00,10927.92338711335,1,45
2019-08-06,10951.55,10956.55,10951.5,10955.35,13:00:00,10930.173540721602,1,46
2019-08-06,10955.65,10957.1,10945.9,10952.55,13:05:00,10932.599870176688,1,47
2019-08-06,10952.45,10962.6,10950.6,10956.5,13:10:00,10934.49035873129,1,48
2019-08-06,10941.3,10952.6,10930.35,10952.6,13:15:00,10935.138895994976,1,49
2019-08-06,10941.0,10944.15,10933.25,10941.4,13:20:00,10935.697096376409,1,50
2019-08-06,10945.6,10947.8,10941.1,10941.2,13:25:00,10936.640230054843,1,51
2019-08-06,10935.55,10948.8,10933.85,10945.95,13:30:00,10936.536398621049,1,52
2019-08-06,10944.95,10946.8,10935.55,10936.5,13:35:00,10937.337693990472,1,53
2019-08-06,10948.35,10948.35,10940.35,10945.25,13:40:00,10938.386485039,1,54
2019-08-06,10950.65,10955.55,10940.45,10947.95,13:45:00,10939.554438844809,1,55
2019-08-06,10956.4,10957.05,10946.0,10951.05,13:50:00,10941.158778002447,1,56
2019-08-06,10965.45,10966.4,10950.05,10957.05,13:55:00,10943.4722277165,1,57
2019-08-06,10971.15,10977.55,10965.85,10966.2,14:00:00,10946.108206029214,1,58
2019-08-06,10986.9,10988.7,10971.2,10971.9,14:05:00,10949.993138788335,1,59
2019-08-06,10993.95,10995.1,10979.45,10987.3,14:10:00,10954.17950652278,1,60
2019-08-06,10994.75,10998.0,10991.4,10994.3,14:15:00,10958.04336304442,1,61
2019-08-06,11004.1,11008.55,10993.5,10995.4,14:20:00,10962.429709421142,1,62
2019-08-06,11012.1,11015.4,11002.85,11003.45,14:25:00,10967.160213285795,1,63
2019-08-06,11000.45,11018.55,10993.3,11012.85,14:30:00,10970.33066916334,1,64
2019-08-06,10993.65,11004.25,10992.35,10999.95,14:35:00,10972.55155781445,1,65
2019-08-06,10987.25,11002.55,10985.5,10994.4,14:40:00,10973.951409451169,1,66
2019-08-06,10995.45,10999.2,10986.1,10988.2,14:45:00,10975.998894265344,1,67
2019-08-06,10996.95,11000.65,10991.2,10996.8,14:50:00,10977.994237668643,1,68
2019-08-06,10989.05,11000.2,10984.2,10998.25,14:55:00,10979.047167414486,1,69
2019-08-06,10962.9,10989.7,10954.7,10989.7,15:00:00,10977.50934194644,1,70
2019-08-06,10951.85,10964.1,10940.3,10963.45,15:05:00,10975.065595094398,1,71
2019-08-06,10953.2,10962.75,10946.95,10950.55,15:10:00,10972.98315746636,1,72
2019-08-06,10936.25,10954.25,10932.4,10952.7,15:15:00,10969.484761517182,1,73
2019-08-06,10935.3,10945.35,10934.05,10936.3,15:20:00,10966.229069944118,1,74
2019-08-06,10931.4,10936.9,10927.7,10935.55,15:25:00,10962.912015663727,1,75
2019-08-07,10951.8,10957.4,10926.0,10945.65,09:15:00,10961.853728457658,2,1
2019-08-07,10923.95,10955.0,10913.4,10951.0,09:20:00,10958.243849556928,2,2
2019-08-07,10929.35,10936.3,10919.55,10924.85,09:25:00,10955.49205436103,2,3
2019-08-07,10937.45,10938.6,10917.85,10928.45,09:30:00,10953.773763469502,2,4
2019-08-07,10941.15,10947.8,10934.7,10937.4,09:35:00,10952.57150028193,2,5
2019-08-07,10950.35,10955.65,10939.7,10942.45,09:40:00,10952.359928826509,2,6
2019-08-07,10966.85,10968.4,10945.55,10949.95,09:45:00,10953.739935604935,2,7
2019-08-07,10952.55,10970.2,10951.7,10966.7,09:50:00,10953.626608404467,2,8
2019-08-07,10955.1,10959.85,10952.65,10953.2,09:55:00,10953.766931413566,2,9
2019-08-07,10947.05,10955.0,10942.5,10955.0,10:00:00,10953.127223659892,2,10
2019-08-07,10953.05,10956.05,10943.3,10947.8,10:05:00,10953.119869025615,2,11
2019-08-07,10949.95,10954.85,10946.2,10952.4,10:10:00,10952.817976737464,2,12
2019-08-07,10939.7,10951.3,10932.1,10950.2,10:15:00,10951.56864561961,2,13
2019-08-07,10938.65,10939.85,10930.75,10939.6,10:20:00,10950.338298417742,2,14
2019-08-07,10945.45,10945.55,10937.85,10939.15,10:25:00,10949.87274618748,2,15
2019-08-07,10949.1,10950.95,10945.4,10945.4,10:30:00,10949.799151312482,2,16
2019-08-07,10936.6,10951.5,10934.05,10948.9,10:35:00,10948.542089282722,2,17
2019-08-07,10936.95,10939.05,10934.15,10936.1,10:40:00,10947.438080779606,2,18
2019-08-07,10936.6,10937.75,10926.8,10936.65,10:45:00,10946.40588261012,2,19
2019-08-07,10939.15,10942.15,10932.95,10936.25,10:50:00,10945.71484617106,2,20
2019-08-07,10937.15,10940.7,10933.05,10939.4,10:55:00,10944.89914653572,2,21
2019-08-07,10953.65,10953.65,10937.05,10937.65,11:00:00,10945.732561151368,2,22
2019-08-07,10949.9,10956.75,10949.9,10953.8,11:05:00,10946.129460089332,2,23
2019-08-07,10958.45,10961.4,10949.1,10949.6,11:10:00,10947.302844842729,2,24
2019-08-07,10949.65,10958.3,10948.8,10957.9,11:15:00,10947.526383429136,2,25
2019-08-07,10951.3,10956.25,10949.5,10951.45,11:20:00,10947.885775483504,2,26
2019-08-07,10948.2,10952.8,10943.25,10952.3,11:25:00,10947.915701627931,2,27
2019-08-07,10956.1,10958.35,10947.7,10947.95,11:30:00,10948.695158615748,2,28
2019-08-07,10953.25,10956.85,10951.2,10956.35,11:35:00,10949.128953033296,2,29
2019-08-07,10948.7,10955.4,10943.05,10953.45,11:40:00,10949.08810036346,2,30
2019-08-07,10974.5,10975.65,10913.35,10948.5,11:45:00,10951.508281281223,2,31
2019-08-07,10963.55,10974.5,10953.55,10974.05,11:50:00,10952.655111635397,2,32
2019-08-07,10935.65,10963.65,10924.55,10963.65,11:55:00,10951.035577193928,2,33
2019-08-07,10920.1,10935.55,10891.55,10935.05,12:00:00,10948.089331746887,2,34
2019-08-07,10929.7,10933.7,10917.25,10920.8,12:05:00,10946.337966818612,2,35
2019-08-07,10949.25,10953.15,10927.6,10929.65,12:10:00,10946.615303312075,2,36
2019-08-07,10951.75,10952.45,10938.2,10949.6,12:15:00,10947.10432204426,2,37
2019-08-07,10955.1,10957.45,10946.95,10952.15,12:20:00,10947.865815182902,2,38
2019-08-07,10957.1,10962.9,10952.5,10955.25,12:25:00,10948.745261355958,2,39
2019-08-07,10940.8,10957.3,10928.1,10957.2,12:30:00,10947.988569798248,2,40
2019-08-07,10948.25,10954.05,10937.95,10941.95,12:35:00,10948.0134679127,2,41
2019-08-07,10946.95,10955.95,10946.5,10948.3,12:40:00,10947.912185254349,2,42
2019-08-07,10937.25,10950.2,10932.05,10947.35,12:45:00,10946.896739039646,2,43
2019-08-07,10933.2,10942.55,10927.0,10937.2,12:50:00,10945.592287702537,2,44
2019-08-07,10947.2,10947.75,10933.65,10934.05,12:55:00,10945.74540315944,2,45
2019-08-07,10950.0,10952.9,10945.0,10947.35,13:00:00,10946.15060285854,2,46
2019-08-07,10950.95,10959.85,10949.75,10950.05,13:05:00,10946.607688300586,2,47
2019-08-07,10957.65,10957.95,10950.5,10951.15,13:10:00,10947.659337033863,2,48
2019-08-07,10945.2,10957.75,10941.35,10957.75,13:15:00,10947.42511445921,2,49
2019-08-07,10941.9,10949.45,10937.3,10945.6,13:20:00,10946.898913082145,2,50
2019-08-07,10944.95,10947.0,10931.9,10941.85,13:25:00,10946.713302312415,2,51
2019-08-07,10945.15,10947.55,10937.0,10945.3,13:30:00,10946.564416377902,2,52
2019-08-07,10923.85,10944.9,10920.75,10944.9,13:35:00,10944.401138627623,2,53
2019-08-07,10890.3,10924.35,10884.55,10924.35,13:40:00,10939.248649234518,2,54
2019-08-07,10907.1,10908.9,10886.1,10889.6,13:45:00,10936.186873116943,2,55
2019-08-07,10893.75,10913.7,10891.6,10907.7,13:50:00,10932.145266153426,2,56
2019-08-07,10895.1,10897.8,10880.75,10893.5,13:55:00,10928.617145567385,2,57
2019-08-07,10911.9,10914.7,10894.5,10894.5,14:00:00,10927.02503646573,2,58
2019-08-07,10896.8,10913.1,10895.35,10911.3,14:05:00,10924.14646156423,2,59
2019-08-07,10921.5,10932.25,10896.05,10897.15,14:10:00,10923.894417605732,2,60
2019-08-07,10916.0,10931.65,10909.9,10921.05,14:15:00,10923.142568309948,2,61
2019-08-07,10907.25,10915.75,10902.25,10915.2,14:20:00,10921.628990375666,2,62
2019-08-07,10908.45,10914.55,10906.35,10907.55,14:25:00,10920.373848435129,2,63
2019-08-07,10898.5,10911.75,10892.4,10908.3,14:30:00,10918.29062477464,2,64
2019-08-07,10889.2,10905.9,10889.2,10898.75,14:35:00,10915.520089081816,2,65
2019-08-07,10910.7,10911.25,10889.05,10889.8,14:40:00,10915.061032978789,2,66
2019-08-07,10899.25,10910.7,10895.4,10910.65,14:45:00,10913.55522031414,2,67
2019-08-07,10901.8,10903.8,10896.25,10899.4,14:50:00,10912.435675522316,2,68
2019-08-07,10893.8,10902.05,10884.75,10901.75,14:55:00,10910.660849282096,2,69
2019-08-07,10863.45,10896.1,10861.35,10895.0,15:00:00,10906.164577921896,2,70
2019-08-07,10859.15,10870.15,10856.5,10860.95,15:05:00,10901.686999072192,2,71
2019-08-07,10857.7,10860.9,10847.35,10859.6,15:10:00,10897.497761065317,2,72
2019-08-07,10853.8,10859.15,10845.95,10858.05,15:15:00,10893.336069535286,2,73
2019-08-07,10847.3,10854.1,10842.55,10853.75,15:20:00,10888.951681960498,2,74
2019-08-07,10838.75,10848.9,10835.9,10847.6,15:25:00,10884.17056939283,2,75
2019-08-08,10892.3,10915.7,10890.6,10891.15,09:15:00,10884.944800879228,3,1
2019-08-08,10883.2,10895.45,10877.55,10892.9,09:20:00,10884.77862936692,3,2
2019-08-08,10880.65,10894.25,10878.45,10882.8,09:25:00,10884.385426570072,3,3
2019-08-08,10869.15,10880.15,10860.45,10880.15,09:30:00,10882.934433563398,3,4
2019-08-08,10852.6,10874.0,10848.55,10869.55,09:35:00,10880.045439890691,3,5
2019-08-08,10849.05,10858.25,10842.95,10852.7,09:40:00,10877.093493234435,3,6
2019-08-08,10860.05,10864.55,10845.25,10851.2,09:45:00,10875.470303402586,3,7
2019-08-08,10861.1,10868.0,10857.2,10859.9,09:50:00,10874.10170307853,3,8
2019-08-08,10863.7,10864.3,10856.95,10860.3,09:55:00,10873.111064690098,3,9
2019-08-08,10872.65,10874.55,10864.0,10864.2,10:00:00,10873.067153767232,3,10
2019-08-08,10880.25,10880.25,10870.65,10872.45,10:05:00,10873.751234360829,3,11
2019-08-08,10874.8,10888.15,10873.9,10880.2,10:10:00,10873.851116802656,3,12
2019-08-08,10895.6,10897.8,10874.4,10874.95,10:15:00,10875.922439011929,3,13
2019-08-08,10904.25,10905.5,10889.5,10895.1,10:20:00,10878.620301963172,3,14
2019-08-08,10900.8,10906.4,10898.8,10904.2,10:25:00,10880.732654157157,3,15
2019-08-08,10894.9,10901.55,10894.1,10900.75,10:30:00,10882.081925189806,3,16
2019-08-08,10894.75,10897.6,10887.5,10894.95,10:35:00,10883.288408505065,3,17
2019-08-08,10894.9,10902.0,10894.9,10895.8,10:40:00,10884.394274361724,3,18
2019-08-08,10892.65,10894.85,10887.55,10894.15,10:45:00,10885.180533946324,3,19
2019-08-08,10887.35,10893.65,10885.4,10892.9,10:50:00,10885.387149760958,3,20
2019-08-08,10877.7,10890.2,10877.7,10887.9,10:55:00,10884.655040259917,3,21
2019-08-08,10880.3,10882.75,10872.25,10877.55,11:00:00,10884.240274520876,3,22
2019-08-08,10874.75,10880.25,10873.4,10880.1,11:05:00,10883.33643885222,3,23
2019-08-08,10875.5,10877.45,10870.65,10874.7,11:10:00,10882.590111342484,3,24
2019-08-08,10871.6,10879.45,10871.25,10875.75,11:15:00,10881.543434071771,3,25
2019-08-08,10862.85,10871.9,10862.85,10871.9,11:20:00,10879.763107017316,3,26
2019-08-08,10861.3,10863.8,10856.4,10863.7,11:25:00,10878.004715872808,3,27
2019-08-08,10870.15,10870.15,10858.75,10861.2,11:30:00,10877.256647694448,3,28
2019-08-08,10876.45,10877.55,10869.7,10870.4,11:35:00,10877.1798241045,3,29
2019-08-08,10881.75,10885.15,10876.35,10876.35,11:40:00,10877.61507895169,3,30
2019-08-08,10882.25,10886.0,10878.0,10881.35,11:45:00,10878.05650000391,3,31
2019-08-08,10882.9,10889.0,10881.4,10881.8,11:50:00,10878.517785717824,3,32
2019-08-08,10873.05,10883.3,10871.2,10883.15,11:55:00,10877.997044220889,3,33
2019-08-08,10884.5,10885.65,10872.6,10872.95,12:00:00,10878.61637334271,3,34
2019-08-08,10888.0,10889.8,10882.3,10884.55,12:05:00,10879.510052071975,3,35
2019-08-08,10882.2,10892.0,10878.95,10887.8,12:10:00,10879.76623758893,3,36
2019-08-08,10892.75,10893.05,10881.6,10881.8,12:15:00,10881.002786389983,3,37
2019-08-08,10888.1,10892.25,10886.6,10892.15,12:20:00,10881.6787114957,3,38
2019-08-08,10889.45,10897.45,10887.5,10887.55,12:25:00,10882.418834210395,3,39
2019-08-08,10888.55,10896.45,10886.65,10889.05,12:30:00,10883.002754761788,3,40
2019-08-08,10885.25,10890.15,10883.35,10888.95,12:35:00,10883.216778117809,3,41
2019-08-08,10886.7,10890.65,10885.5,10885.6,12:40:00,10883.54851353516,3,42
2019-08-08,10885.2,10891.8,10884.75,10887.0,12:45:00,10883.70579796038,3,43
2019-08-08,10874.95,10885.5,10874.95,10885.25,12:50:00,10882.871912440343,3,44
2019-08-08,10878.85,10879.55,10869.8,10875.2,12:55:00,10882.488873160311,3,45
2019-08-08,10869.9,10878.25,10862.9,10878.25,13:00:00,10881.289932859332,3,46
2019-08-08,10868.85,10876.5,10867.5,10870.3,13:05:00,10880.10517734892,3,47
2019-08-08,10872.75,10877.95,10869.8,10870.35,13:10:00,10879.404684268073,3,48
2019-08-08,10878.65,10880.35,10868.1,10872.8,13:15:00,10879.332809575872,3,49
2019-08-08,10886.7,10890.25,10878.7,10878.7,13:20:00,10880.034446759124,3,50
2019-08-08,10892.5,10892.7,10886.25,10886.25,13:25:00,10881.221642305874,3,51
2019-08-08,10908.55,10909.85,10887.25,10892.55,13:30:00,10883.824343038648,3,52
2019-08-08,10909.4,10913.2,10903.65,10908.6,13:35:00,10886.260119892111,3,53
2019-08-08,10899.4,10918.55,10895.9,10909.55,13:40:00,10887.511537045242,3,54
2019-08-08,10903.6,10908.8,10898.15,10900.65,13:45:00,10889.043771612363,3,55
2019-08-08,10908.5,10913.85,10900.45,10904.4,13:50:00,10890.89674574452,3,56
2019-08-08,10912.5,10913.55,10901.75,10909.35,13:55:00,10892.954198530755,3,57
2019-08-08,10913.95,10916.4,10908.9,10912.35,14:00:00,10894.953798670682,3,58
2019-08-08,10912.7,10923.2,10912.55,10914.0,14:05:00,10896.643913082997,3,59
2019-08-08,10900.4,10913.25,10895.55,10912.4,14:10:00,10897.00163564652,3,60
2019-08-08,10888.85,10900.3,10886.2,10900.3,14:15:00,10896.22528939447,3,61
2019-08-08,10900.55,10900.65,10885.9,10888.95,14:20:00,10896.637166594996,3,62
2019-08-08,10955.35,10956.75,10901.4,10902.3,14:25:00,10902.22886501452,3,63
2019-08-08,10977.75,10980.3,10953.4,10957.6,14:30:00,10909.421354060756,3,64
2019-08-08,10989.25,10996.05,10975.7,10977.05,14:35:00,10917.024082245449,3,65
2019-08-08,10986.2,11009.7,10981.0,10989.0,14:40:00,10923.61226488874,3,66
2019-08-08,10986.6,10995.95,10983.75,10988.2,14:45:00,10929.611096804098,3,67
2019-08-08,10989.35,10991.7,10973.55,10986.3,14:50:00,10935.300516156089,3,68
2019-08-08,11000.95,11001.7,10984.4,10990.15,14:55:00,10941.552847950748,3,69
2019-08-08,11017.95,11023.25,11001.3,11001.3,15:00:00,10948.828767193536,3,70
2019-08-08,11025.65,11029.3,11016.7,11018.05,15:05:00,10956.145075079863,3,71
2019-08-08,11020.0,11026.6,11016.85,11025.15,15:10:00,10962.22649650083,3,72
2019-08-08,11041.65,11044.0,11020.4,11020.55,15:15:00,10969.790639691228,3,73
2019-08-08,11049.3,11058.05,11039.5,11041.55,15:20:00,10977.362959720636,3,74
2019-08-08,11048.2,11052.4,11042.55,11048.9,15:25:00,10984.109344509146,3,75
2019-08-09,11100.75,11106.95,11062.8,11080.45,09:15:00,10995.21797836542,4,1
2019-08-09,11109.15,11111.5,11097.75,11102.95,09:20:00,11006.06864709252,4,2
2019-08-09,11117.0,11120.3,11105.45,11108.4,09:25:00,11016.633537845615,4,3
2019-08-09,11100.85,11121.85,11094.7,11117.25,09:30:00,11024.65415328889,4,4
2019-08-09,11087.05,11101.25,11082.85,11100.75,09:35:00,11030.596614880424,4,5
2019-08-09,11108.9,11111.3,11086.5,11087.1,09:40:00,11038.054080129908,4,6
2019-08-09,11106.5,11113.65,11103.1,11109.8,09:45:00,11044.572739165154,4,7
2019-08-09,11108.6,11115.2,11105.9,11106.1,09:50:00,11050.67057353038,4,8
2019-08-09,11102.95,11109.1,11096.6,11108.4,09:55:00,11055.649566527483,4,9
2019-08-09,11101.4,11105.0,11091.65,11102.2,10:00:00,11060.006750667724,4,10
2019-08-09,11111.1,11111.2,11097.7,11101.1,10:05:00,11064.872774413656,4,11
2019-08-09,11110.65,11116.25,11107.9,11111.5,10:10:00,11069.232510183783,4,12
2019-08-09,11112.1,11113.25,11107.05,11110.7,10:15:00,11073.315128261518,4,13
2019-08-09,11122.75,11122.85,11111.05,11111.65,10:20:00,11078.023211284231,4,14
2019-08-09,11120.35,11122.3,11116.55,11122.3,10:25:00,11082.054334019069,4,15
2019-08-09,11135.55,11138.15,11121.6,11121.6,10:30:00,11087.149159350583,4,16
2019-08-09,11132.05,11143.15,11129.55,11136.15,10:35:00,11091.425429888624,4,17
2019-08-09,11134.2,11141.5,11131.8,11132.65,10:40:00,11095.499198470658,4,18
2019-08-09,11134.6,11136.2,11127.75,11134.3,10:45:00,11099.223084330595,4,19
2019-08-09,11132.25,11136.5,11128.55,11134.55,10:50:00,11102.36850487054,4,20
2019-08-09,11136.1,11138.05,11129.7,11132.05,10:55:00,11105.581028216204,4,21
2019-08-09,11141.75,11145.05,11136.15,11136.15,11:00:00,11109.025692195612,4,22
2019-08-09,11146.05,11147.8,11141.35,11141.95,11:05:00,11112.551816748412,4,23
2019-08-09,11143.25,11148.6,11141.85,11146.55,11:10:00,11115.475453248562,4,24
2019-08-09,11148.65,11148.65,11141.8,11143.35,11:15:00,11118.634933891555,4,25
2019-08-09,11140.0,11149.2,11138.3,11148.8,11:20:00,11120.66970209236,4,26
2019-08-09,11139.3,11141.55,11136.8,11139.7,11:25:00,11122.444016178802,4,27
2019-08-09,11130.55,11139.6,11129.4,11139.0,11:30:00,11123.216014637965,4,28
2019-08-09,11141.35,11142.35,11129.8,11130.25,11:35:00,11124.94306086292,4,29
2019-08-09,11139.9,11144.2,11139.15,11140.65,11:40:00,11126.367531256928,4,30
2019-08-09,11144.55,11144.55,11138.8,11140.05,11:45:00,11128.099194946744,4,31
2019-08-09,11150.15,11150.15,11142.7,11144.75,11:50:00,11130.199271618483,4,32
2019-08-09,11158.55,11161.8,11149.7,11150.2,11:55:00,11132.899340988151,4,33
2019-08-09,11161.15,11163.1,11157.1,11158.15,12:00:00,11135.58987994166,4,34
2019-08-09,11166.5,11168.75,11160.5,11161.25,12:05:00,11138.533700899598,4,35
2019-08-09,11168.35,11168.6,11159.95,11166.2,12:10:00,11141.37334843297,4,36
2019-08-09,11160.85,11170.1,11160.35,11168.3,12:15:00,11143.228267629833,4,37
2019-08-09,11157.45,11160.95,11152.4,11160.55,12:20:00,11144.582718331752,4,38
2019-08-09,11158.95,11159.8,11155.9,11157.35,12:25:00,11145.951030871583,4,39
2019-08-09,11161.0,11162.8,11156.85,11158.55,12:30:00,11147.384266026673,4,40
2019-08-09,11166.5,11166.95,11155.4,11160.9,12:35:00,11149.204812119371,4,41
2019-08-09,11175.7,11178.55,11167.0,11167.15,12:40:00,11151.7281633461,4,42
2019-08-09,11174.5,11175.9,11170.6,11175.6,12:45:00,11153.89690969409,4,43
2019-08-09,11168.05,11174.85,11163.2,11174.85,12:50:00,11155.244823056555,4,44
2019-08-09,11159.65,11169.3,11153.5,11167.65,12:55:00,11155.66436371784,4,45
2019-08-09,11170.85,11171.15,11158.35,11160.15,13:00:00,11157.11061479233,4,46
2019-08-09,11174.45,11177.9,11167.15,11171.15,13:05:00,11158.761984812108,4,47
2019-08-09,11176.25,11181.45,11173.8,11174.4,13:10:00,11160.427510068095,4,48
2019-08-09,11173.4,11176.25,11170.1,11176.15,13:15:00,11161.662985299708,4,49
2019-08-09,11176.75,11179.25,11172.6,11173.5,13:20:00,11163.099843842592,4,50
2019-08-09,11169.55,11177.2,11167.3,11177.0,13:25:00,11163.714144429012,4,51
2019-08-09,11164.45,11171.8,11160.8,11169.85,13:30:00,11163.784225911962,4,52
2019-08-09,11160.35,11168.45,11159.0,11164.5,13:35:00,11163.45715677749,4,53
2019-08-09,11145.15,11160.85,11140.7,11160.85,13:40:00,11161.713618036774,4,54
2019-08-09,11144.65,11152.65,11137.45,11145.3,13:45:00,11160.088511557082,4,55
2019-08-09,11142.4,11145.0,11136.15,11144.2,13:50:00,11158.403891408789,4,56
2019-08-09,11150.55,11152.8,11133.3,11142.0,13:55:00,11157.655901750808,4,57
2019-08-09,11141.55,11160.3,11140.4,11150.35,14:00:00,11156.12200634597,4,58
2019-08-09,11127.15,11145.75,11124.65,11142.65,14:05:00,11153.362767646351,4,59
2019-08-09,11132.5,11140.35,11121.15,11126.55,14:10:00,11151.37583739432,4,60
2019-08-09,11109.7,11133.3,11108.9,11132.8,14:15:00,11147.406710023432,4,61
2019-08-09,11120.15,11122.2,11103.9,11109.6,14:20:00,11144.810832878342,4,62
2019-08-09,11121.2,11129.55,11118.6,11119.8,14:25:00,11142.562182128024,4,63
2019-08-09,11111.8,11122.4,11108.6,11121.05,14:30:00,11139.632450496783,4,64
2019-08-09,11113.05,11121.85,11111.85,11111.9,14:35:00,11137.100788544709,4,65
2019-08-09,11131.95,11131.95,11105.35,11111.75,14:40:00,11136.610237254736,4,66
2019-08-09,11142.2,11156.05,11132.4,11132.4,14:45:00,11137.142595611427,4,67
2019-08-09,11135.25,11151.85,11131.85,11141.85,14:50:00,11136.96234841034,4,68
2019-08-09,11131.25,11136.5,11120.85,11135.5,14:55:00,11136.418315228402,4,69
2019-08-09,11107.45,11130.4,11106.7,11130.4,15:00:00,11133.659428063793,4,70
2019-08-09,11103.1,11111.6,11095.75,11106.9,15:05:00,11130.74900634343,4,71
2019-08-09,11110.45,11113.75,11098.75,11104.35,15:10:00,11128.815767644057,4,72
2019-08-09,11113.35,11113.55,11103.55,11110.85,15:15:00,11127.342837392242,4,73
2019-08-09,11107.5,11114.35,11107.0,11112.5,15:20:00,11125.453043354886,4,74
2019-08-09,11111.05,11111.95,11104.8,11109.05,15:25:00,11124.081324940136,4,75
2019-08-13,11080.35,11145.9,11062.85,11131.25,09:15:00,11119.9164368506,1,1
2019-08-13,11086.1,11098.2,11080.75,11080.75,09:20:00,11116.695823817208,1,2
2019-08-13,11073.05,11088.7,11066.45,11086.3,09:25:00,11112.53907869176,1,3
2019-08-13,11044.45,11073.6,11041.4,11073.3,09:30:00,11106.05440453064,1,4
2019-08-13,11060.1,11064.4,11041.9,11043.4,09:35:00,11101.677794575342,1,5
2019-08-13,11068.25,11071.25,11058.85,11060.2,09:40:00,11098.494195091977,1,6
2019-08-13,11053.9,11067.45,11052.25,11067.45,09:45:00,11094.24712889274,1,7
2019-08-13,11054.2,11058.6,11047.7,11054.05,09:50:00,11090.43311661724,1,8
2019-08-13,11068.45,11069.4,11054.4,11054.5,09:55:00,11088.33948646322,1,9
2019-08-13,11072.55,11073.95,11064.85,11068.75,10:00:00,11086.835725847674,1,10
2019-08-13,11063.35,11072.85,11059.55,11072.6,10:05:00,11084.598990052657,1,11
2019-08-13,11060.8,11073.45,11059.3,11063.65,10:10:00,11082.33241957145,1,12
2019-08-13,11074.55,11079.5,11061.0,11061.0,10:15:00,11081.591236755125,1,13
2019-08-13,11071.35,11081.9,11071.35,11074.85,10:20:00,11080.615880873682,1,14
2019-08-13,11091.9,11095.6,11070.45,11072.3,10:25:00,11081.690558885712,1,15
2019-08-13,11096.55,11100.1,11086.65,11091.7,10:30:00,11083.105743753738,1,16
2019-08-13,11096.05,11100.05,11091.45,11096.9,10:35:00,11084.338530062903,1,17
2019-08-13,11114.3,11115.95,11095.15,11095.65,10:40:00,11087.192003390248,1,18
2019-08-13,11106.6,11121.15,11105.2,11114.9,10:45:00,11089.040384019749,1,19
2019-08-13,11098.05,11106.7,11092.8,11106.7,10:50:00,11089.898442684536,1,20
2019-08-13,11101.4,11104.15,11093.5,11097.65,10:55:00,11090.99382909553,1,21
2019-08-13,11091.9,11102.0,11091.55,11101.45,11:00:00,11091.080131086432,1,22
2019-08-13,11092.75,11093.95,11087.9,11091.6,11:05:00,11091.239166221058,1,23
2019-08-13,11088.15,11094.2,11088.15,11092.8,11:10:00,11090.94495991429,1,24
2019-08-13,11069.1,11088.35,11066.8,11088.35,11:15:00,11088.8644875415,1,25
2019-08-13,11069.15,11075.15,11067.0,11068.95,11:20:00,11086.986917299457,1,26
2019-08-13,11068.75,11073.2,11066.75,11068.95,11:25:00,11085.25006803284,1,27
2019-08-13,11072.25,11076.25,11068.55,11068.55,11:30:00,11084.011966315426,1,28
2019-08-13,11059.75,11072.85,11059.7,11072.7,11:35:00,11081.701302856814,1,29
2019-08-13,11073.4,11074.1,11060.25,11060.35,11:40:00,11080.910702584735,1,30
2019-08-13,11067.7,11076.5,11067.0,11073.3,11:45:00,11079.65254043381,1,31
2019-08-13,11061.55,11069.35,11057.1,11067.35,11:50:00,11077.928488963924,1,32
2019-08-13,11065.55,11067.05,11056.4,11061.65,11:55:00,11076.749585253074,1,33
2019-08-13,11070.7,11072.4,11064.3,11065.15,12:00:00,11076.17343427659,1,34
2019-08-13,11065.1,11071.85,11064.8,11070.75,12:05:00,11075.118821488344,1,35
2019-08-13,11073.45,11076.55,11064.1,11065.25,12:10:00,11074.9598861085,1,36
2019-08-13,11071.6,11074.95,11071.1,11073.85,12:15:00,11074.639896955312,1,37
2019-08-13,11078.85,11079.05,11070.9,11071.9,12:20:00,11075.040859150044,1,38
2019-08-13,11064.9,11080.9,11064.45,11079.1,12:25:00,11074.075063040516,1,39
2019-08-13,11064.45,11068.3,11061.9,11065.2,12:30:00,11073.15839036999,1,40
2019-08-13,11062.7,11066.4,11060.85,11065.05,12:35:00,11072.162353191896,1,41
2019-08-13,11058.1,11063.15,11052.15,11062.95,12:40:00,11070.823081459332,1,42
2019-08-13,11057.45,11062.0,11049.05,11059.15,12:45:00,11069.549454653685,1,43
2019-08-13,11061.9,11062.8,11054.35,11058.3,12:50:00,11068.820935162856,1,44
2019-08-13,11060.25,11065.5,11059.5,11062.75,12:55:00,11068.004655623536,1,45
2019-08-13,11069.5,11071.65,11054.55,11060.05,13:00:00,11068.147069373676,1,46
2019-08-13,11067.45,11071.35,11063.7,11069.85,13:05:00,11068.080681814276,1,47
2019-08-13,11052.15,11068.5,11052.15,11067.7,13:10:00,11066.56347402244,1,48
2019-08-13,11034.4,11051.45,11023.0,11051.05,13:15:00,11063.500286020304,1,49
2019-08-13,11025.3,11037.9,11019.15,11034.3,13:20:00,11059.86216354218,1,50
2019-08-13,11033.15,11034.55,11017.7,11025.6,13:25:00,11057.318147966733,1,51
2019-08-13,11032.6,11045.25,11032.6,11032.95,13:30:00,11054.964038636568,1,52
2019-08-13,11028.15,11034.05,11022.45,11034.05,13:35:00,11052.41032067118,1,53
2019-08-13,11033.15,11037.85,11021.45,11027.75,13:40:00,11050.576004416782,1,54
2019-08-13,11045.75,11045.85,11028.3,11032.95,13:45:00,11050.116384948516,1,55
2019-08-13,11031.45,11046.3,11025.75,11045.05,13:50:00,11048.338634001038,1,56
2019-08-13,11020.0,11032.2,11019.9,11031.5,13:55:00,11045.63971647713,1,57
2019-08-13,11020.1,11021.5,11009.55,11020.1,14:00:00,11043.207362526926,1,58
2019-08-13,11032.1,11032.75,11017.15,11020.7,14:05:00,11042.14951847674,1,59
2019-08-13,11025.75,11031.75,11021.2,11031.6,14:10:00,11040.587659574194,1,60
2019-08-13,11018.05,11026.35,11011.6,11026.0,14:15:00,11038.441215805224,1,61
2019-08-13,11014.95,11019.7,11005.15,11018.55,14:20:00,11036.203957157106,1,62
2019-08-13,10998.9,11017.15,10998.65,11015.75,14:25:00,11032.65119933262,1,63
2019-08-13,10990.45,10998.8,10977.75,10998.8,14:30:00,11028.63203749142,1,64
2019-08-13,10979.2,10992.15,10976.8,10991.1,14:35:00,11023.924224396998,1,65
2019-08-13,10964.2,10989.55,10963.45,10979.5,14:40:00,11018.236203025856,1,66
2019-08-13,10943.45,10962.8,10939.85,10962.8,14:45:00,11011.113707499584,1,67
2019-08-13,10942.45,10947.45,10931.75,10943.0,14:50:00,11004.574306785338,1,68
2019-08-13,10951.25,10954.5,10941.85,10942.7,14:55:00,10999.495801377212,1,69
2019-08-13,10927.7,10950.65,10925.6,10950.65,15:00:00,10992.658106007952,1,70
2019-08-13,10931.85,10934.5,10917.65,10927.55,15:05:00,10986.86685781672,1,71
2019-08-13,10936.2,10939.3,10929.25,10931.95,15:10:00,10982.041442786556,1,72
2019-08-13,10914.65,10936.15,10913.6,10935.6,15:15:00,10975.623210140218,1,73
2019-08-13,10910.6,10918.35,10901.6,10914.8,15:20:00,10969.430523460198,1,74
2019-08-13,10922.35,10926.0,10909.75,10913.5,15:25:00,10964.946664083036,1,75
2019-08-14,10959.9,10996.4,10947.8,10996.4,09:15:00,10964.46602940846,2,1
2019-08-14,10987.15,10989.05,10951.45,10954.8,09:20:00,10966.626407560036,2,2
2019-08-14,10961.4,10993.95,10961.1,10988.55,09:25:00,10966.12865445908,2,3
2019-08-14,10961.7,10968.0,10935.6,10960.6,09:30:00,10965.70687784393,2,4
2019-08-14,10957.7,10970.25,10955.25,10961.4,09:35:00,10964.94431804927,2,5
2019-08-14,10957.4,10963.05,10948.7,10957.1,09:40:00,10964.225811568387,2,6
2019-08-14,10959.0,10973.3,10955.2,10956.85,09:45:00,10963.72811522854,2,7
2019-08-14,10965.65,10970.25,10955.1,10958.8,09:50:00,10963.911151873444,2,8
2019-08-14,10956.75,10968.75,10950.45,10964.55,09:55:00,10963.229137409306,2,9
2019-08-14,10949.65,10957.75,10944.9,10956.9,10:00:00,10961.935886227468,2,10
2019-08-14,10960.0,10968.9,10946.45,10949.3,10:05:00,10961.751516110566,2,11
2019-08-14,10966.85,10971.3,10960.35,10960.35,10:10:00,10962.237086004798,2,12
2019-08-14,10990.1,10990.25,10965.9,10966.65,10:15:00,10964.890696861485,2,13
2019-08-14,11023.3,11024.85,10987.55,10990.15,10:20:00,10970.45348763658,2,14
2019-08-14,11019.65,11029.85,11012.85,11024.1,10:25:00,10975.13886976643,2,15
2019-08-14,11044.75,11046.6,11019.35,11019.35,10:30:00,10981.768501217246,2,16
2019-08-14,11045.25,11050.2,11038.45,11045.25,10:35:00,10987.814358244172,2,17
2019-08-14,11036.5,11047.5,11032.4,11044.9,10:40:00,10992.451086030444,2,18
2019-08-14,11043.65,11047.65,11036.6,11036.6,10:45:00,10997.327173075162,2,19
2019-08-14,11025.55,11044.05,11025.55,11044.05,10:50:00,11000.015061353715,2,20
2019-08-14,11027.9,11038.5,11025.9,11026.0,10:55:00,11002.67076979622,2,21
2019-08-14,11026.95,11033.55,11018.3,11028.35,11:00:00,11004.983077434674,2,22
2019-08-14,11036.4,11037.05,11027.0,11027.35,11:05:00,11007.97516529804,2,23
2019-08-14,11031.75,11039.95,11028.7,11037.15,11:10:00,11010.239435269654,2,24
2019-08-14,11045.3,11046.15,11029.3,11032.0,11:15:00,11013.578536672543,2,25
2019-08-14,11052.55,11059.05,11045.1,11045.1,11:20:00,11017.290104608492,2,26
2019-08-14,11048.25,11054.2,11046.2,11053.1,11:25:00,11020.23866607435,2,27
2019-08-14,11043.8,11057.65,11040.3,11048.15,11:30:00,11022.482602638698,2,28
2019-08-14,11038.6,11044.4,11032.45,11043.9,11:35:00,11024.017592863584,2,29
2019-08-14,11024.05,11039.3,11023.55,11038.55,11:40:00,11024.020679257528,2,30
2019-08-14,11031.4,11032.35,11024.25,11024.25,11:45:00,11024.723471709192,2,31
2019-08-14,11031.35,11036.6,11029.5,11031.25,11:50:00,11025.354569641651,2,32
2019-08-14,11026.55,11032.25,11021.65,11032.25,11:55:00,11025.46842015197,2,33
2019-08-14,11011.55,11027.4,11005.85,11026.85,12:00:00,11024.142856327971,2,34
2019-08-14,11010.95,11022.15,11010.5,11012.1,12:05:00,11022.886393820549,2,35
2019-08-14,11008.8,11016.3,11000.4,11011.15,12:10:00,11021.544832504303,2,36
2019-08-14,11026.55,11026.55,11007.4,11009.1,12:15:00,11022.021515122942,2,37
2019-08-14,11043.1,11046.9,11025.55,11026.85,12:20:00,11024.02898987314,2,38
2019-08-14,11035.0,11044.55,11033.35,11043.3,12:25:00,11025.07384798046,2,39
2019-08-14,11022.4,11034.55,11022.4,11034.55,12:30:00,11024.819195791844,2,40
2019-08-14,11026.0,11030.7,11018.55,11022.1,12:35:00,11024.93165333548,2,41
2019-08-14,11019.25,11029.9,11017.15,11025.85,12:40:00,11024.390543494006,2,42
2019-08-14,11026.0,11031.05,11018.55,11019.15,12:45:00,11024.543825066006,2,43
2019-08-14,11032.95,11033.95,11025.8,11025.8,12:50:00,11025.34441315496,2,44
2019-08-14,11030.55,11032.75,11023.15,11032.65,12:55:00,11025.840183330676,2,45
2019-08-14,11038.1,11042.85,11029.6,11030.45,13:00:00,11027.00778491823,2,46
2019-08-14,11042.0,11051.3,11038.0,11038.3,13:05:00,11028.435614926018,2,47
2019-08-14,11048.4,11050.3,11042.45,11042.45,13:10:00,11030.336984933065,2,48
2019-08-14,11042.65,11053.95,11040.5,11048.3,13:15:00,11031.509653034676,2,49
2019-08-14,11035.15,11043.25,11028.4,11042.7,13:20:00,11031.85635274566,2,50
2019-08-14,11045.45,11046.9,11034.55,11035.05,13:25:00,11033.150985817503,2,51
2019-08-14,11053.35,11053.95,11040.65,11045.2,13:30:00,11035.074701453932,2,52
2019-08-14,11067.25,11068.75,11046.75,11053.2,13:35:00,11038.139015601177,2,53
2019-08-14,11062.6,11068.0,11056.1,11068.0,13:40:00,11040.468633162973,2,54
2019-08-14,11052.6,11063.9,11052.5,11063.75,13:45:00,11041.624001433163,2,55
2019-08-14,11058.85,11059.95,11043.55,11052.9,13:50:00,11043.264572725244,2,56
2019-08-14,11057.5,11059.75,11053.25,11059.3,13:55:00,11044.620327703791,2,57
2019-08-14,11057.15,11061.35,11052.65,11058.55,14:00:00,11045.81362982724,2,58
2019-08-14,11075.3,11078.15,11050.65,11057.85,14:05:00,11048.621855557978,2,59
2019-08-14,11070.4,11075.4,11064.55,11075.25,14:10:00,11050.695964552457,2,60
2019-08-14,11066.5,11069.4,11054.85,11069.4,14:15:00,11052.201110785556,2,61
2019-08-14,11063.95,11070.95,11060.65,11066.2,14:20:00,11053.320052615503,2,62
2019-08-14,11059.65,11064.5,11057.75,11064.5,14:25:00,11053.92290474736,2,63
2019-08-14,11024.85,11061.1,11024.85,11059.0,14:30:00,11051.154056676183,2,64
2019-08-14,11042.65,11045.7,11024.35,11024.35,14:35:00,11050.344146516543,2,65
2019-08-14,11037.8,11046.35,11034.8,11043.25,14:40:00,11049.149465895922,2,66
2019-08-14,11037.55,11048.95,11033.35,11037.75,14:45:00,11048.044754858216,2,67
2019-08-14,11047.05,11047.35,11029.95,11037.8,14:50:00,11047.95001630029,2,68
2019-08-14,11041.1,11051.9,11033.0,11047.2,14:55:00,11047.2976337955,2,69
2019-08-14,11031.8,11044.8,11029.95,11038.5,15:00:00,11045.82166867212,2,70
2019-08-14,11023.6,11039.2,11023.4,11032.6,15:05:00,11043.705319274775,2,71
2019-08-14,11037.15,11037.35,11019.05,11022.95,15:10:00,11043.081003153367,2,72
2019-08-14,11026.55,11038.7,11026.55,11038.7,15:15:00,11041.506621900666,2,73
2019-08-14,11016.8,11027.9,11016.55,11027.15,15:20:00,11039.15361029108,2,74
2019-08-14,11013.9,11017.25,11009.2,11017.25,15:25:00,11036.748504549072,2,75
2019-08-16,10958.45,11028.75,10940.4,11023.55,09:15:00,11029.291504115829,4,1
2019-08-16,10959.95,10959.95,10940.1,10959.9,09:20:00,11022.68755134289,4,2
2019-08-16,10943.4,10963.2,10942.8,10960.15,09:25:00,11015.1363559769,4,3
2019-08-16,10929.1,10948.5,10929.1,10943.35,09:30:00,11006.942417312432,4,4
2019-08-16,10944.5,10948.5,10924.3,10929.2,09:35:00,11000.995520425537,4,5
2019-08-16,10968.55,10968.55,10944.25,10944.8,09:40:00,10997.9054708612,4,6
2019-08-16,10976.7,10977.15,10967.65,10969.9,09:45:00,10995.885902207752,4,7
2019-08-16,10976.05,10978.35,10965.4,10976.8,09:50:00,10993.996768664158,4,8
2019-08-16,10984.55,10987.2,10975.75,10976.25,09:55:00,10993.097076410428,4,9
2019-08-16,10972.55,10989.0,10972.55,10984.65,10:00:00,10991.140211990389,4,10
2019-08-16,10972.4,10975.7,10968.25,10972.15,10:05:00,10989.355429896064,4,11
2019-08-16,10957.25,10981.7,10956.45,10973.4,10:10:00,10986.297769905965,4,12
2019-08-16,10969.35,10970.15,10957.9,10958.25,10:15:00,10984.683696581586,4,13
2019-08-16,10969.1,10975.3,10966.2,10969.8,10:20:00,10983.199535002386,4,14
2019-08-16,10968.25,10974.95,10964.45,10969.75,10:25:00,10981.775769764065,4,15
2019-08-16,10970.7,10973.7,10968.0,10968.35,10:30:00,10980.72093454844,4,16
2019-08-16,10975.75,10982.8,10970.35,10970.8,10:35:00,10980.247512210495,4,17
2019-08-16,10984.4,10988.75,10975.75,10975.95,10:40:00,10980.642987238069,4,18
2019-08-16,10999.95,11000.55,10983.95,10983.95,10:45:00,10982.48175035825,4,19
2019-08-16,10999.05,11011.65,10998.4,11001.1,10:50:00,10984.05967889556,4,20
2019-08-16,10998.45,11006.7,10998.2,10999.15,10:55:00,10985.430185667412,4,21
2019-08-16,11001.0,11003.3,10991.0,10998.2,11:00:00,10986.913025127658,4,22
2019-08-16,11003.6,11003.7,10999.45,11000.95,11:05:00,10988.502260829786,4,23
2019-08-16,11016.9,11019.95,11003.05,11003.85,11:10:00,10991.206807417426,4,24
2019-08-16,11016.05,11026.7,11015.1,11016.95,11:15:00,10993.572825758623,4,25
2019-08-16,11018.45,11020.05,11005.9,11016.7,11:20:00,10995.942080448278,4,26
2019-08-16,11027.8,11030.15,11012.5,11019.0,11:25:00,10998.976168024632,4,27
2019-08-16,11024.65,11032.3,11020.4,11028.35,11:30:00,11001.42129487943,4,28
2019-08-16,11021.7,11026.25,11015.6,11024.95,11:35:00,11003.352600129008,4,29
2019-08-16,11012.95,11021.9,11010.05,11021.45,11:40:00,11004.26663821196,4,30
2019-08-16,11014.2,11019.25,11014.15,11014.35,11:45:00,11005.212672667963,4,31
2019-08-16,11023.65,11024.15,11010.7,11014.55,11:50:00,11006.96860860435,4,32
2019-08-16,11020.85,11026.2,11017.45,11023.55,11:55:00,11008.290645880126,4,33
2019-08-16,11028.8,11028.8,11015.9,11020.95,12:00:00,11010.243917701067,4,34
2019-08-16,11041.0,11045.05,11025.8,11028.7,12:05:00,11013.173068396203,4,35
2019-08-16,11032.3,11040.25,11031.7,11040.25,12:10:00,11014.9946809299,4,36
2019-08-16,11047.85,11050.3,11033.2,11033.2,12:15:00,11018.123758936576,4,37
2019-08-16,11038.3,11049.95,11036.7,11048.85,12:20:00,11020.04530570452,4,38
2019-08-16,11017.8,11041.15,11017.7,11038.65,12:25:00,11019.831467065991,4,39
2019-08-16,11019.0,11023.05,11012.7,11017.2,12:30:00,11019.752279726374,4,40
2019-08-16,11018.35,11026.3,11017.25,11019.25,12:35:00,11019.618729276242,4,41
2019-08-16,11023.5,11026.3,11010.7,11018.75,12:40:00,11019.988374107075,4,42
2019-08-16,11036.35,11038.15,11023.55,11023.7,12:45:00,11021.54662419212,4,43
2019-08-16,11033.7,11036.45,11026.8,11036.45,12:50:00,11022.704088554774,4,44
2019-08-16,11045.2,11045.5,11033.55,11034.3,12:55:00,11024.846556311462,4,45
2019-08-16,11039.45,11045.65,11038.05,11045.5,13:00:00,11026.237360472276,4,46
2019-08-16,11046.3,11049.25,11039.75,11039.75,13:05:00,11028.148088046344,4,47
2019-08-16,11054.8,11061.2,11042.35,11046.55,13:10:00,11030.686365375264,4,48
2019-08-16,11055.15,11065.45,11053.1,11055.1,13:15:00,11033.016235339524,4,49
2019-08-16,11051.45,11055.65,11050.75,11055.4,13:20:00,11034.771831973856,4,50
2019-08-16,11042.95,11058.2,11035.3,11051.8,13:25:00,11035.550705119203,4,51
2019-08-16,11047.9,11048.0,11038.6,11043.0,13:30:00,11036.726828441184,4,52
2019-08-16,11043.6,11048.65,11041.3,11047.95,13:35:00,11037.38141620869,4,53
2019-08-16,11040.2,11047.75,11036.85,11043.55,13:40:00,11037.649852760243,4,54
2019-08-16,11027.0,11045.4,11023.3,11040.15,13:45:00,11036.635581068793,4,55
2019-08-16,11032.7,11036.2,11023.35,11027.55,13:50:00,11036.260763824146,4,56
2019-08-16,11044.5,11044.5,11032.3,11032.5,13:55:00,11037.045452983752,4,57
2019-08-16,11053.25,11055.05,11044.25,11044.25,14:00:00,11038.588743175776,4,58
2019-08-16,11067.9,11068.35,11053.2,11053.4,14:05:00,11041.380291444751,4,59
2019-08-16,11048.3,11068.65,11046.2,11067.95,14:10:00,11042.039311307157,4,60
2019-08-16,11039.7,11050.45,11039.7,11048.4,14:15:00,11041.816519754097,4,61
2019-08-16,11042.4,11042.4,11030.25,11039.75,14:20:00,11041.872089301323,4,62
2019-08-16,11046.65,11050.85,11042.4,11042.8,14:25:00,11042.327128415483,4,63
2019-08-16,11053.5,11055.25,11047.4,11048.35,14:30:00,11043.391211423534,4,64
2019-08-16,11050.9,11059.45,11048.1,11054.6,14:35:00,11044.106334145104,4,65
2019-08-16,11052.95,11055.25,11048.65,11051.3,14:40:00,11044.948588036044,4,66
2019-08-16,11045.6,11053.5,11043.9,11053.35,14:45:00,11045.010627270707,4,67
2019-08-16,11054.2,11058.05,11038.9,11045.7,14:50:00,11045.885805625878,4,68
2019-08-16,11044.8,11053.75,11043.8,11052.55,14:55:00,11045.78239556627,4,69
2019-08-16,11039.85,11059.7,11039.85,11044.05,15:00:00,11045.21740551234,4,70
2019-08-16,11041.7,11046.8,11036.85,11038.9,15:05:00,11044.882414511165,4,71
2019-08-16,11049.65,11056.3,11041.9,11041.9,15:10:00,11045.336470272006,4,72
2019-08-16,11043.0,11054.2,11043.0,11049.55,15:15:00,11045.11394929372,4,73
2019-08-16,11043.25,11047.3,11040.45,11043.3,15:20:00,11044.936430313366,4,74
2019-08-16,11042.5,11050.35,11040.5,11043.1,15:25:00,11044.70438933114,4,75
2019-08-19,11107.95,11118.0,11087.85,11089.1,09:15:00,11050.727780823412,0,1
2019-08-19,11114.2,11122.65,11107.5,11107.5,09:20:00,11056.772754078323,0,2
2019-08-19,11096.2,11114.9,11090.05,11114.85,09:25:00,11060.527729880389,0,3
2019-08-19,11092.3,11101.65,11068.65,11096.75,09:30:00,11063.55366036797,0,4
2019-08-19,11088.85,11094.4,11084.1,11091.1,09:35:00,11065.96283557102,0,5
2019-08-19,11079.5,11088.4,11078.65,11088.4,09:40:00,11067.25208932616,0,6
2019-08-19,11100.4,11101.05,11074.15,11078.05,09:45:00,11070.40903319986,0,7
2019-08-19,11110.95,11112.75,11093.95,11099.55,09:50:00,11074.270077657016,0,8
2019-08-19,11108.7,11111.4,11103.35,11111.4,09:55:00,11077.54911788016,0,9
2019-08-19,11114.95,11116.8,11108.6,11108.6,10:00:00,11081.111106653476,0,10
2019-08-19,11119.25,11119.4,11110.9,11115.2,10:05:00,11084.743382210288,0,11
2019-08-19,11112.85,11119.35,11109.85,11119.35,10:10:00,11087.420202952166,0,12
2019-08-19,11123.1,11125.75,11112.6,11113.05,10:15:00,11090.818278861483,0,13
2019-08-19,11134.15,11135.45,11119.0,11123.15,10:20:00,11094.945109446104,0,14
2019-08-19,11127.0,11134.7,11123.3,11133.9,10:25:00,11097.997956165524,0,15
2019-08-19,11133.4,11133.7,11126.7,11126.85,10:30:00,11101.369579387854,0,16
2019-08-19,11136.2,11137.95,11131.65,11133.45,10:35:00,11104.686762303298,0,17
2019-08-19,11135.2,11139.55,11131.95,11136.75,10:40:00,11107.592784941078,0,18
2019-08-19,11127.3,11135.45,11127.1,11135.35,10:45:00,11109.469662565738,0,19
2019-08-19,11125.25,11131.55,11125.25,11127.7,10:50:00,11110.97255184519,0,20
2019-08-19,11124.5,11128.05,11118.55,11124.9,10:55:00,11112.260880240889,0,21
2019-08-19,11119.4,11128.85,11116.85,11124.7,11:00:00,11112.940796408422,0,22
2019-08-19,11120.35,11123.1,11116.7,11119.75,11:05:00,11113.646434845716,0,23
2019-08-19,11114.55,11121.2,11113.95,11120.1,11:10:00,11113.732488669932,0,24
2019-08-19,11124.15,11124.55,11113.55,11114.6,11:15:00,11114.724632606129,0,25
2019-08-19,11128.8,11130.55,11122.65,11123.95,11:20:00,11116.065143786498,0,26
2019-08-19,11130.25,11133.0,11127.3,11128.65,11:25:00,11117.416082473495,0,27
2019-08-19,11130.5,11135.35,11127.85,11130.3,11:30:00,11118.662169856972,0,28
2019-08-19,11132.7,11134.85,11128.55,11130.1,11:35:00,11119.99910606107,0,29
2019-08-19,11123.65,11134.0,11122.75,11132.5,11:40:00,11120.34681024573,0,30
2019-08-19,11124.55,11126.2,11122.25,11123.5,11:45:00,11120.747114031852,0,31
2019-08-19,11121.45,11124.95,11114.75,11124.95,11:50:00,11120.81405555263,0,32
2019-08-19,11122.0,11124.7,11119.55,11121.0,11:55:00,11120.927002642857,0,33
2019-08-19,11129.4,11129.6,11121.55,11121.95,12:00:00,11121.733954772106,0,34
2019-08-19,11129.45,11133.45,11128.6,11129.35,12:05:00,11122.468816222385,0,35
2019-08-19,11133.15,11136.35,11128.6,11129.55,12:10:00,11123.48607182025,0,36
2019-08-19,11134.5,11138.0,11132.45,11133.25,12:15:00,11124.53501736118,0,37
2019-08-19,11130.2,11135.6,11129.4,11134.0,12:20:00,11125.074539517256,0,38
2019-08-19,11132.9,11134.0,11125.9,11129.9,12:25:00,11125.819821467994,0,39
2019-08-19,11135.0,11138.4,11131.1,11132.75,12:30:00,11126.69412418533,0,40
2019-08-19,11135.3,11138.6,11134.05,11134.75,12:35:00,11127.513731405774,0,41
2019-08-19,11139.5,11144.7,11134.5,11135.2,12:40:00,11128.6552807957,0,42
2019-08-19,11145.3,11146.35,11138.85,11140.0,12:45:00,11130.24049214849,0,43
2019-08-19,11136.35,11146.9,11134.15,11145.1,12:50:00,11130.82235003911,0,44
2019-08-19,11140.6,11142.4,11134.95,11136.7,12:55:00,11131.753554797291,0,45
2019-08-19,11135.6,11141.65,11135.5,11141.65,13:00:00,11132.119882911837,0,46
2019-08-19,11138.15,11141.45,11134.25,11135.65,13:05:00,11132.694179777374,0,47
2019-08-19,11135.95,11139.0,11131.05,11138.05,13:10:00,11133.004257893816,0,48
2019-08-19,11138.75,11140.4,11131.85,11136.0,13:15:00,11133.551471427738,0,49
2019-08-19,11133.5,11138.45,11131.4,11138.45,13:20:00,11133.546569387,0,50
2019-08-19,11130.2,11133.45,11129.65,11133.45,13:25:00,11133.227848493,0,51
2019-08-19,11113.4,11130.25,11113.4,11130.25,13:30:00,11131.339481969855,0,52
2019-08-19,11109.85,11113.95,11091.0,11113.95,13:35:00,11129.292864639396,0,53
2019-08-19,11112.3,11116.7,11104.15,11109.55,13:40:00,11127.6744965785,0,54
2019-08-19,11100.95,11113.55,11099.35,11112.95,13:45:00,11125.129306428167,0,55
2019-08-19,11102.45,11108.25,11100.95,11101.15,13:50:00,11122.969372482628,0,56
2019-08-19,11097.95,11104.5,11095.05,11101.8,13:55:00,11120.58657510333,0,57
2019-08-19,11107.5,11108.15,11097.9,11097.9,14:00:00,11119.3402346173,0,58
2019-08-19,11111.5,11114.1,11105.6,11107.3,14:05:00,11118.593545606129,0,59
2019-08-19,11105.65,11112.4,11105.65,11111.45,14:10:00,11117.360826976972,0,60
2019-08-19,11102.75,11109.3,11099.35,11105.7,14:15:00,11115.969319645832,0,61
2019-08-19,11088.25,11105.1,11084.7,11103.1,14:20:00,11113.329384441467,0,62
2019-08-19,11056.95,11088.8,11056.95,11088.55,14:25:00,11107.959919256566,0,63
2019-08-19,11067.7,11072.0,11050.45,11053.7,14:30:00,11104.12564123213,0,64
2019-08-19,11060.05,11072.4,11054.25,11067.25,14:35:00,11099.927961114783,0,65
2019-08-19,11055.85,11060.65,11037.85,11059.6,14:40:00,11095.730060056234,0,66
2019-08-19,11060.05,11066.2,11055.5,11055.5,14:45:00,11092.331959098496,0,67
2019-08-19,11056.95,11059.85,11042.35,11059.3,14:50:00,11088.962248708163,0,68
2019-08-19,11058.85,11063.9,11050.15,11056.75,14:55:00,11086.094415497862,0,69
2019-08-19,11054.35,11057.95,11043.0,11057.75,15:00:00,11083.0711378314,0,70
2019-08-19,11059.3,11064.25,11053.5,11054.4,15:05:00,11080.807219942692,0,71
2019-08-19,11055.3,11060.85,11047.8,11059.35,15:10:00,11078.377960900532,0,72
2019-08-19,11051.85,11057.1,11045.45,11055.35,15:15:00,11075.851488433816,0,73
2019-08-19,11058.4,11058.95,11049.3,11052.1,15:20:00,11074.189441916307,0,74
2019-08-19,11055.1,11059.0,11052.2,11058.3,15:25:00,11072.37139982904,0,75
2019-08-20,11072.25,11074.25,11035.9,11061.8,09:15:00,11072.35983794056,1,1
2019-08-20,11057.15,11073.15,11052.45,11071.8,09:20:00,11070.91128194622,1,2
2019-08-20,11073.9,11075.6,11050.75,11056.8,09:25:00,11071.195921760866,1,3
2019-08-20,11070.15,11076.3,11065.85,11073.55,09:30:00,11071.096310164592,1,4
2019-08-20,11067.55,11074.25,11066.6,11070.45,09:35:00,11070.758566339391,1,5
2019-08-20,11056.45,11068.65,11053.5,11068.65,09:40:00,11069.395845735642,1,6
2019-08-20,11042.5,11056.25,11040.85,11056.25,09:45:00,11066.834336617962,1,7
2019-08-20,11030.45,11045.0,11026.35,11041.9,09:50:00,11063.369161701963,1,8
2019-08-20,11021.4,11030.25,11013.3,11030.15,09:55:00,11059.37209868273,1,9
2019-08-20,11025.65,11028.4,11016.95,11021.3,10:00:00,11056.160470236757,1,10
2019-08-20,11003.25,11027.9,11001.55,11026.15,10:05:00,11051.121377833251,1,11
2019-08-20,11002.9,11003.35,10994.4,11003.3,10:10:00,11046.528865658658,1,12
2019-08-20,11015.9,11018.95,10999.3,11003.25,10:15:00,11043.611830834025,1,13
2019-08-20,11009.75,11016.6,11006.05,11015.95,10:20:00,11040.386894564115,1,14
2019-08-20,11020.15,11023.55,11009.15,11010.15,10:25:00,11038.459571272297,1,15
2019-08-20,11021.85,11023.35,11017.65,11020.65,10:30:00,11036.877707341602,1,16
2019-08-20,11012.05,11021.85,11009.5,11021.2,10:35:00,11034.51316378526,1,17
2019-08-20,11019.3,11024.2,11011.95,11013.15,10:40:00,11033.064291043807,1,18
2019-08-20,11009.0,11019.3,11008.45,11019.2,10:45:00,11030.77245380154,1,19
2019-08-20,11014.0,11015.7,11008.2,11009.5,10:50:00,11029.175077249014,1,20
2019-08-20,11016.5,11019.85,11013.45,11013.8,10:55:00,11027.96792703482,1,21
2019-08-20,11029.35,11029.95,11014.3,11016.55,11:00:00,11028.099553031503,1,22
2019-08-20,11018.15,11029.4,11017.95,11029.4,11:05:00,11027.151976552312,1,23
2019-08-20,11017.05,11022.0,11016.3,11017.85,11:10:00,11026.189883547331,1,24
2019-08-20,11006.9,11016.65,11006.9,11016.65,11:15:00,11024.352751780918,1,25
2019-08-20,11002.45,11011.0,11002.45,11007.55,11:20:00,11022.26677542083,1,26
2019-08-20,11003.8,11006.95,11002.2,11002.25,11:25:00,11020.508034904562,1,27
2019-08-20,11010.9,11012.55,11001.35,11004.15,11:30:00,11019.59298396127,1,28
2019-08-20,11010.05,11013.3,11009.75,11011.35,11:35:00,11018.68412834591,1,29
2019-08-20,11013.6,11016.85,11009.9,11009.9,11:40:00,11018.1999256463,1,30
2019-08-20,11017.9,11018.5,11012.2,11013.55,11:45:00,11018.171361299035,1,31
2019-08-20,11010.65,11018.55,11010.65,11017.7,11:50:00,11017.455041175315,1,32
2019-08-20,11007.35,11012.15,11006.45,11010.5,11:55:00,11016.492656301478,1,33
2019-08-20,11010.5,11014.6,11006.55,11007.25,12:00:00,11015.921927129908,1,34
2019-08-20,10997.05,11010.3,10995.65,11010.3,12:05:00,11014.124600736584,1,35
2019-08-20,11006.8,11007.15,10996.7,10996.95,12:10:00,11013.427019714052,1,36
2019-08-20,10992.45,11007.55,10992.45,11006.5,12:15:00,11011.429208312711,1,37
2019-08-20,10994.95,10995.65,10985.3,10990.3,12:20:00,11009.859759901978,1,38
2019-08-20,11008.75,11009.45,10994.5,10994.8,12:25:00,11009.754068482742,1,39
2019-08-20,11005.1,11008.65,11001.65,11008.6,12:30:00,11009.31082386534,1,40
2019-08-20,11002.85,11005.6,11001.15,11005.0,12:35:00,11008.695507306737,1,41
2019-08-20,10990.95,11005.8,10989.7,11002.6,12:40:00,11007.005458991807,1,42
2019-08-20,10993.6,10997.05,10986.75,10990.0,12:45:00,11005.728748611637,1,43
2019-08-20,10997.5,11000.35,10990.1,10993.65,12:50:00,11004.945058267667,1,44
2019-08-20,10999.1,11003.95,10997.05,10997.35,12:55:00,11004.3883860517,1,45
2019-08-20,10990.05,10999.2,10988.8,10999.2,13:00:00,11003.022825475347,1,46
2019-08-20,10992.05,10996.7,10987.05,10990.0,13:05:00,11001.977794477696,1,47
2019-08-20,10998.25,10998.4,10988.55,10992.0,13:10:00,11001.6227664322,1,48
2019-08-20,11034.95,11038.15,10995.55,10997.65,13:15:00,11004.796788676756,1,49
2019-08-20,11028.25,11036.9,11026.5,11034.5,13:20:00,11007.030427850395,1,50
2019-08-20,11031.75,11032.15,11022.05,11029.05,13:25:00,11009.384672817028,1,51
2019-08-20,11036.35,11046.9,11032.9,11032.95,13:30:00,11011.952799215404,1,52
2019-08-20,11042.55,11045.4,11036.85,11038.3,13:35:00,11014.866818337749,1,53
2019-08-20,11036.85,11043.05,11025.7,11043.05,13:40:00,11016.960454686532,1,54
2019-08-20,11029.55,11038.75,11026.6,11037.65,13:45:00,11018.1594590021,1,55
2019-08-20,11031.1,11032.45,11022.85,11031.0,13:50:00,11019.391891478092,1,56
2019-08-20,11036.3,11037.9,11030.5,11030.5,13:55:00,11021.002187527796,1,57
2019-08-20,11046.5,11058.75,11036.85,11037.5,14:00:00,11023.430550620387,1,58
2019-08-20,11051.6,11053.75,11046.25,11046.65,14:05:00,11026.113355323208,1,59
2019-08-20,11046.2,11052.95,11041.35,11051.8,14:10:00,11028.026369101948,1,60
2019-08-20,11037.1,11046.4,11031.2,11045.75,14:15:00,11028.890524425571,1,61
2019-08-20,11037.5,11043.5,11034.25,11036.8,14:20:00,11029.710474480278,1,62
2019-08-20,11042.7,11049.85,11035.25,11037.55,14:25:00,11030.947572148823,1,63
2019-08-20,11038.45,11044.9,11035.2,11042.85,14:30:00,11031.66208908703,1,64
2019-08-20,11030.45,11038.55,11026.85,11038.3,14:35:00,11031.546652031124,1,65
2019-08-20,11007.85,11034.5,10999.8,11030.2,14:40:00,11029.28982802816,1,66
2019-08-20,11000.65,11006.7,10986.7,11006.35,14:45:00,11026.562225358812,1,67
2019-08-20,11007.55,11010.7,10997.7,10999.2,14:50:00,11024.751537229402,1,68
2019-08-20,11006.4,11015.15,11006.0,11007.45,14:55:00,11023.003771778984,1,69
2019-08-20,11010.25,11015.0,11000.7,11006.55,15:00:00,11021.789126847652,1,70
2019-08-20,11017.1,11018.65,11010.25,11011.2,15:05:00,11021.342543338353,1,71
2019-08-20,11015.9,11022.45,11013.15,11018.55,15:10:00,11020.824205877558,1,72
2019-08-20,11018.85,11019.35,11011.65,11017.05,15:15:00,11020.63618627017,1,73
2019-08-20,11025.95,11025.95,11016.2,11019.15,15:20:00,11021.14226376825,1,74
2019-08-20,11023.55,11030.0,11022.25,11026.65,15:25:00,11021.371571980795,1,75
2019-08-21,10998.65,11016.6,10995.65,11012.45,09:15:00,11019.20761274453,2,1
2019-08-21,11003.7,11004.75,10989.85,10996.45,09:20:00,11017.730697245051,2,2
2019-08-21,11001.5,11004.45,10991.9,11003.2,09:25:00,11016.184916555048,2,3
2019-08-21,10983.25,11000.95,10983.25,11000.9,09:30:00,11013.04825783552,2,4
2019-08-21,10983.25,10991.9,10982.2,10983.1,09:35:00,11010.21032851785,2,5
2019-08-21,10997.15,11004.2,10982.45,10983.85,09:40:00,11008.966487706626,2,6
2019-08-21,11013.05,11017.85,10995.1,10997.3,09:45:00,11009.35539363933,2,7
2019-08-21,11008.6,11014.85,11001.7,11013.3,09:50:00,11009.283451387964,2,8
2019-08-21,11019.75,11022.65,11008.2,11008.4,09:55:00,11010.28026554149,2,9
2019-08-21,11029.7,11034.2,11019.5,11019.5,10:00:00,11012.12976406135,2,10
2019-08-21,11027.2,11032.0,11021.75,11030.0,10:05:00,11013.565024626936,2,11
2019-08-21,11017.0,11032.7,11014.0,11026.95,10:10:00,11013.892165138655,2,12
2019-08-21,11011.25,11019.05,11010.85,11016.25,10:15:00,11013.640530363547,2,13
2019-08-21,11007.1,11010.7,11003.25,11010.7,10:20:00,11013.017622709876,2,14
2019-08-21,11015.6,11018.2,11004.95,11006.85,10:25:00,11013.263563404174,2,15
2019-08-21,11012.95,11016.95,11011.05,11015.8,10:30:00,11013.233700222823,2,16
2019-08-21,11008.7,11016.55,11008.2,11012.7,10:35:00,11012.801919249225,2,17
2019-08-21,11013.9,11016.2,11008.45,11008.45,10:40:00,11012.906498368346,2,18
2019-08-21,11016.7,11022.15,11013.05,11013.2,10:45:00,11013.267784238027,2,19
2019-08-21,11014.55,11022.35,11013.5,11016.25,10:50:00,11013.389900024882,2,20
2019-08-21,11011.05,11015.9,11007.5,11014.2,10:55:00,11013.167052403463,2,21
2019-08-21,11007.55,11012.95,11007.45,11010.95,11:00:00,11012.632095031706,2,22
2019-08-21,10995.8,11007.6,10994.7,11007.6,11:05:00,11011.02903836202,2,23
2019-08-21,10992.8,11001.1,10991.35,10995.55,11:10:00,11009.292939470395,2,24
2019-08-21,10996.9,10997.1,10988.1,10992.85,11:15:00,11008.112659520835,2,25
2019-08-21,10997.8,11000.3,10994.3,10996.75,11:20:00,11007.130501471232,2,26
2019-08-21,11001.85,11004.3,10997.85,10997.95,11:25:00,11006.62759656921,2,27
2019-08-21,11000.95,11002.1,10998.2,11001.65,11:30:00,11006.086873086428,2,28
2019-08-21,10995.85,11005.1,10995.55,11000.8,11:35:00,11005.111932792484,2,29
2019-08-21,10991.3,11000.35,10991.2,10995.75,11:40:00,11003.796510621769,2,30
2019-08-21,10987.8,10994.05,10987.7,10991.4,11:45:00,11002.273033419697,2,31
2019-08-21,10971.2,10987.95,10968.95,10987.85,11:50:00,10999.313696903537,2,32
2019-08-21,10975.9,10978.6,10969.55,10971.45,11:55:00,10997.08382100796,2,33
2019-08-21,10958.6,10976.2,10955.75,10976.2,12:00:00,10993.418695197675,2,34
2019-08-21,10950.25,10964.15,10947.15,10958.85,12:05:00,10989.307390893136,2,35
2019-08-21,10964.25,10966.05,10949.2,10949.2,12:10:00,10986.920972712838,2,36
2019-08-21,10959.9,10965.2,10953.9,10965.2,12:15:00,10984.347546740186,2,37
2019-08-21,10963.95,10965.75,10959.4,10959.4,12:20:00,10982.40492324112,2,38
2019-08-21,10974.8,10975.25,10963.9,10963.9,12:25:00,10981.680644837204,2,39
2019-08-21,10976.7,10983.9,10974.55,10974.95,12:30:00,10981.206297709852,2,40
2019-08-21,10978.3,10980.3,10975.4,10976.45,12:35:00,10980.92950745177,2,41
2019-08-21,10972.2,10978.15,10970.0,10977.9,12:40:00,10980.098125789698,2,42
2019-08-21,10971.05,10976.3,10970.0,10972.5,12:45:00,10979.236399524014,2,43
2019-08-21,10972.6,10974.6,10967.0,10970.95,12:50:00,10978.604361474108,2,44
2019-08-21,10978.75,10978.75,10968.7,10972.95,12:55:00,10978.618231809907,2,45
2019-08-21,10974.05,10979.35,10972.85,10979.35,13:00:00,10978.183162113726,2,46
2019-08-21,10965.5,10973.95,10964.25,10973.95,13:05:00,10976.97524191242,2,47
2019-08-21,10969.75,10973.0,10964.95,10965.0,13:10:00,10976.287123635047,2,48
2019-08-21,10972.65,10978.75,10969.9,10969.9,13:15:00,10975.9407309079,2,49
2019-08-21,10952.15,10974.6,10952.15,10972.55,13:20:00,10973.67494701191,2,50
2019-08-21,10952.75,10953.65,10943.95,10952.3,13:25:00,10971.682094915535,2,51
2019-08-21,10954.1,10954.15,10943.65,10952.15,13:30:00,10970.007609685486,2,52
2019-08-21,10953.7,10956.85,10948.8,10953.65,13:35:00,10968.454504001154,2,53
2019-08-21,10942.15,10954.75,10941.45,10954.75,13:40:00,10965.9493131439,2,54
2019-08-21,10945.7,10945.75,10936.45,10942.45,13:45:00,10964.020807130197,2,55
2019-08-21,10944.3,10951.5,10942.2,10945.75,13:50:00,10962.14263502256,2,56
2019-08-21,10936.5,10944.55,10930.8,10944.45,13:55:00,10959.700479306124,2,57
2019-08-21,10940.7,10942.6,10932.85,10936.35,14:00:00,10957.890909848398,2,58
2019-08-21,10935.55,10940.9,10932.75,10940.45,14:05:00,10955.76320414855,2,59
2019-08-21,10929.3,10937.75,10927.6,10935.4,14:10:00,10953.242898991546,2,60
2019-08-21,10934.2,10935.1,10926.05,10929.25,14:15:00,10951.42928956378,2,61
2019-08-21,10938.2,10945.8,10934.1,10934.1,14:20:00,10950.169357224371,2,62
2019-08-21,10936.35,10945.7,10936.35,10938.1,14:25:00,10948.853227964908,2,63
2019-08-21,10917.9,10935.75,10910.75,10935.75,14:30:00,10945.90530149206,2,64
2019-08-21,10912.25,10920.8,10906.65,10918.0,14:35:00,10942.700034683292,2,65
2019-08-21,10916.05,10920.35,10910.4,10912.5,14:40:00,10940.161936142023,2,66
2019-08-21,10915.75,10921.2,10912.75,10916.4,14:45:00,10937.836989842785,2,67
2019-08-21,10914.75,10924.75,10911.95,10915.7,14:50:00,10935.638228905376,2,68
2019-08-21,10909.1,10920.6,10909.05,10914.9,14:55:00,10933.110778533435,2,69
2019-08-21,10918.2,10932.55,10909.4,10909.45,15:00:00,10931.690704387396,2,70
2019-08-21,10916.55,10926.7,10915.6,10918.45,15:05:00,10930.248732540977,2,71
2019-08-21,10917.75,10920.8,10911.05,10916.65,15:10:00,10929.058377060885,2,72
2019-08-21,10918.35,10920.9,10913.3,10917.65,15:15:00,10928.038531626513,2,73
2019-08-21,10914.95,10918.6,10911.5,10918.6,15:20:00,10926.79200480494,2,74
2019-08-21,10919.45,10922.6,10915.35,10915.45,15:25:00,10926.09276625209,2,75
2019-08-22,10878.2,10906.65,10874.2,10904.15,09:15:00,10921.531550418556,3,1
2019-08-22,10878.75,10883.05,10863.15,10877.7,09:20:00,10917.45711704536,3,2
2019-08-22,10887.45,10890.75,10878.95,10879.7,09:25:00,10914.599296374374,3,3
2019-08-22,10879.75,10887.95,10869.55,10887.3,09:30:00,10911.28031576729,3,4
2019-08-22,10878.25,10884.4,10877.1,10879.9,09:35:00,10908.1345714085,3,5
2019-08-22,10880.35,10882.3,10872.45,10878.2,09:40:00,10905.488421750548,3,6
2019-08-22,10874.65,10881.55,10871.3,10880.3,09:45:00,10902.551429202877,3,7
2019-08-22,10865.35,10875.3,10864.6,10875.3,09:50:00,10899.00843594546,3,8
2019-08-22,10863.15,10868.2,10860.3,10865.3,09:55:00,10895.593346807796,3,9
2019-08-22,10863.15,10866.35,10856.2,10862.55,10:00:00,10892.503504254671,3,10
2019-08-22,10870.95,10874.0,10860.95,10863.45,10:05:00,10890.450789563753,3,11
2019-08-22,10864.7,10874.7,10864.0,10871.5,10:10:00,10887.998333414824,3,12
2019-08-22,10863.3,10870.55,10860.15,10864.9,10:15:00,10885.64611118484,3,13
2019-08-22,10858.15,10867.65,10856.9,10863.7,10:20:00,10883.02743392914,3,14
2019-08-22,10855.15,10865.7,10854.5,10859.3,10:25:00,10880.372440221605,3,15
2019-08-22,10840.8,10858.45,10840.8,10855.3,10:30:00,10876.603636390975,3,16
2019-08-22,10832.85,10846.5,10830.05,10840.7,10:35:00,10872.43662340136,3,17
2019-08-22,10837.15,10837.8,10828.4,10833.05,10:40:00,10869.07599260123,3,18
2019-08-22,10847.9,10847.9,10834.05,10837.05,10:45:00,10867.059231401114,3,19
2019-08-22,10851.0,10851.95,10844.5,10848.25,10:50:00,10865.529780791485,3,20
2019-08-22,10842.55,10851.45,10842.0,10851.35,10:55:00,10863.341230239914,3,21
2019-08-22,10837.4,10842.7,10834.65,10842.35,11:00:00,10860.870636883732,3,22
2019-08-22,10830.4,10838.2,10830.4,10837.3,11:05:00,10857.968671466237,3,23
2019-08-22,10832.65,10832.65,10823.6,10830.8,11:10:00,10855.557369421833,3,24
2019-08-22,10818.6,10837.2,10818.6,10832.5,11:15:00,10852.037619953086,3,25
2019-08-22,10820.4,10821.8,10813.1,10819.1,11:20:00,10849.024513290888,3,26
2019-08-22,10823.2,10825.8,10819.45,10820.3,11:25:00,10846.565035834612,3,27
2019-08-22,10829.0,10829.55,10816.5,10823.65,11:30:00,10844.892175278936,3,28
2019-08-22,10834.85,10836.9,10828.8,10829.6,11:35:00,10843.935777633322,3,29
2019-08-22,10842.6,10848.15,10834.75,10834.75,11:40:00,10843.808560715865,3,30
2019-08-22,10841.6,10852.85,10840.9,10843.15,11:45:00,10843.598221600068,3,31
2019-08-22,10843.6,10845.95,10837.6,10841.75,11:50:00,10843.598390971489,3,32
2019-08-22,10832.25,10844.2,10831.25,10843.4,11:55:00,10842.517591831349,3,33
2019-08-22,10833.45,10836.1,10828.65,10832.45,12:00:00,10841.654011656932,3,34
2019-08-22,10842.3,10844.05,10834.7,10834.7,12:05:00,10841.715534356272,3,35
2019-08-22,10847.3,10850.5,10838.4,10842.65,12:10:00,10842.247388227104,3,36
2019-08-22,10845.15,10850.35,10841.55,10846.8,12:15:00,10842.52382744357,3,37
2019-08-22,10841.8,10845.85,10839.95,10845.05,12:20:00,10842.454891496564,3,38
2019-08-22,10844.9,10849.3,10841.5,10841.5,12:25:00,10842.68775897308,3,39
2019-08-22,10830.35,10848.85,10830.35,10845.25,12:30:00,10841.51273430898,3,40
2019-08-22,10827.1,10834.1,10826.9,10830.2,12:35:00,10840.140092946218,3,41
2019-08-22,10827.7,10836.9,10826.85,10827.15,12:40:00,10838.955322189437,3,42
2019-08-22,10845.3,10845.45,10827.8,10827.8,12:45:00,10839.559577219014,3,43
2019-08-22,10856.85,10864.15,10845.25,10845.25,12:50:00,10841.206284150536,3,44
2019-08-22,10865.45,10870.35,10856.15,10856.6,12:55:00,10843.515209469531,3,45
2019-08-22,10869.9,10873.25,10863.5,10866.0,13:00:00,10846.028046662912,3,46
2019-08-22,10866.85,10869.9,10859.5,10869.5,13:05:00,10848.011089837872,3,47
2019-08-22,10850.4,10866.55,10846.05,10866.55,13:10:00,10848.23860509141,3,48
2019-08-22,10854.05,10855.2,10847.9,10850.35,13:15:00,10848.79207127318,3,49
2019-08-22,10853.9,10857.5,10851.2,10854.15,13:20:00,10849.278540675736,3,50
2019-08-22,10863.35,10865.0,10853.95,10853.95,13:25:00,10850.618679659,3,51
2019-08-22,10857.0,10864.0,10854.25,10863.5,13:30:00,10851.22642445338,3,52
2019-08-22,10832.1,10857.8,10830.55,10856.6,13:35:00,10849.404860219724,3,53
2019-08-22,10834.85,10838.85,10828.7,10832.3,13:40:00,10848.01868305594,3,54
2019-08-22,10828.55,10836.95,10814.9,10835.0,13:45:00,10846.1645227649,3,55
2019-08-22,10832.1,10832.5,10822.95,10828.4,13:50:00,10844.825044406338,3,56
2019-08-22,10815.15,10832.2,10812.5,10832.0,13:55:00,10841.998849700973,3,57
2019-08-22,10793.3,10823.05,10783.45,10815.4,14:00:00,10837.360864015163,3,58
2019-08-22,10787.3,10794.1,10774.05,10792.6,14:05:00,10832.593162680389,3,59
2019-08-22,10796.45,10798.5,10784.7,10786.8,14:10:00,10829.150956710828,3,60
2019-08-22,10814.65,10816.25,10793.05,10796.2,14:15:00,10827.76991321456,3,61
2019-08-22,10804.0,10815.45,10797.1,10814.9,14:20:00,10825.50611195603,3,62
2019-08-22,10792.9,10810.85,10791.35,10803.55,14:25:00,10822.400767960218,3,63
2019-08-22,10781.05,10796.55,10781.05,10793.35,14:30:00,10818.462599583054,3,64
2019-08-22,10789.35,10794.7,10779.8,10780.85,14:35:00,10815.689971051335,3,65
2019-08-22,10783.5,10788.6,10776.65,10788.6,14:40:00,10812.624259522638,3,66
2019-08-22,10780.3,10790.4,10777.05,10783.55,14:45:00,10809.54575861572,3,67
2019-08-22,10784.15,10790.45,10776.3,10780.95,14:50:00,10807.127114938034,3,68
2019-08-22,10766.4,10785.6,10766.05,10784.4,14:55:00,10803.248342086792,3,69
2019-08-22,10754.35,10766.3,10734.85,10766.3,15:00:00,10798.591357126146,3,70
2019-08-22,10743.95,10757.55,10743.05,10753.75,15:05:00,10793.387418352228,3,71
2019-08-22,10749.55,10753.15,10740.9,10745.15,15:10:00,10789.212426128206,3,72
2019-08-22,10730.45,10752.35,10730.45,10749.7,15:15:00,10783.616004592188,3,73
2019-08-22,10726.4,10731.75,10718.3,10730.9,15:20:00,10778.166861297694,3,74
2019-08-22,10736.15,10739.25,10725.8,10726.75,15:25:00,10774.16525545982,3,75
2019-08-23,10671.0,10697.5,10660.95,10690.85,09:15:00,10764.339993035072,4,1
2019-08-23,10685.7,10689.75,10659.75,10671.1,09:20:00,10756.850469888876,4,2
2019-08-23,10666.5,10686.8,10665.6,10685.95,09:25:00,10748.245663232792,4,3
2019-08-23,10653.75,10666.4,10652.05,10666.4,09:30:00,10739.24607625824,4,4
2019-08-23,10640.4,10662.7,10639.05,10654.7,09:35:00,10729.832164233643,4,5
2019-08-23,10648.35,10654.55,10637.15,10640.75,09:40:00,10722.071958116156,4,6
2019-08-23,10665.4,10665.4,10645.45,10647.6,09:45:00,10716.67462877176,4,7
2019-08-23,10698.6,10708.2,10665.25,10665.85,09:50:00,10714.953235555402,4,8
2019-08-23,10696.05,10707.45,10683.45,10698.4,09:55:00,10713.152927407267,4,9
2019-08-23,10708.3,10724.05,10696.55,10696.55,10:00:00,10712.69074384467,4,10
2019-08-23,10729.35,10729.35,10702.95,10707.85,10:05:00,10714.277339668988,4,11
2019-08-23,10725.05,10739.6,10720.9,10728.65,10:10:00,10715.30330731956,4,12
2019-08-23,10716.5,10733.75,10715.85,10724.5,10:15:00,10715.41727805103,4,13
2019-08-23,10722.85,10724.55,10713.55,10715.9,10:20:00,10716.125156331886,4,14
2019-08-23,10750.55,10758.8,10722.75,10722.75,10:25:00,10719.403712871706,4,15
2019-08-23,10764.7,10774.75,10748.65,10750.9,10:30:00,10723.717644979164,4,16
2019-08-23,10787.55,10789.9,10750.15,10763.8,10:35:00,10729.79691688591,4,17
2019-08-23,10781.55,10795.4,10770.75,10787.5,10:40:00,10734.725781944397,4,18
2019-08-23,10768.95,10786.65,10765.75,10783.8,10:45:00,10737.985231283024,4,19
2019-08-23,10770.4,10781.25,10767.15,10768.65,10:50:00,10741.072352113211,4,20
2019-08-23,10766.05,10773.8,10760.75,10769.7,10:55:00,10743.45117572148,4,21
2019-08-23,10755.75,10774.05,10752.7,10766.85,11:00:00,10744.622492319431,4,22
2019-08-23,10740.1,10761.3,10739.45,10755.0,11:05:00,10744.191778765202,4,23
2019-08-23,10736.05,10742.6,10728.5,10740.5,11:10:00,10743.416371263756,4,24
2019-08-23,10728.75,10749.35,10728.75,10736.2,11:15:00,10742.01957400054,4,25
2019-08-23,10740.95,10742.25,10728.3,10728.85,11:20:00,10741.917709810014,4,26
2019-08-23,10750.5,10753.25,10741.8,10741.8,11:25:00,10742.735070780487,4,27
2019-08-23,10761.0,10765.0,10752.8,10752.8,11:30:00,10744.474587849014,4,28
2019-08-23,10747.9,10762.9,10747.5,10761.4,11:35:00,10744.80081757768,4,29
2019-08-23,10749.45,10754.0,10743.2,10748.7,11:40:00,10745.243596855997,4,30
2019-08-23,10747.85,10756.6,10747.7,10749.75,11:45:00,10745.491825726853,4,31
2019-08-23,10755.25,10760.6,10746.7,10747.95,11:50:00,10746.42117565763,4,32
2019-08-23,10746.2,10755.55,10744.1,10755.55,11:55:00,10746.400111309284,4,33
2019-08-23,10732.15,10746.6,10729.15,10746.6,12:00:00,10745.04295785126,4,34
2019-08-23,10745.5,10745.9,10730.15,10731.85,12:05:00,10745.086485674949,4,35
2019-08-23,10748.1,10748.85,10739.95,10745.15,12:10:00,10745.37348703924,4,36
2019-08-23,10759.3,10765.0,10747.4,10747.7,12:15:00,10746.69982160693,4,37
2019-08-23,10758.95,10765.95,10757.85,10760.05,12:20:00,10747.866505263411,4,38
2019-08-23,10760.4,10760.7,10753.9,10759.05,12:25:00,10749.0601714288,4,39
2019-08-23,10758.4,10768.15,10752.85,10759.85,12:30:00,10749.949678911771,4,40
2019-08-23,10769.85,10771.4,10756.05,10759.35,12:35:00,10751.844947586844,4,41
2019-08-23,10758.85,10773.95,10753.5,10770.2,12:40:00,10752.512095435715,4,42
2019-08-23,10774.95,10774.95,10759.0,10759.6,12:45:00,10754.649038727552,4,43
2019-08-23,10778.25,10780.9,10771.15,10774.85,12:50:00,10756.896749324927,4,44
2019-08-23,10771.45,10780.0,10771.0,10778.5,12:55:00,10758.282773198744,4,45
2019-08-23,10767.25,10773.9,10762.4,10773.3,13:00:00,10759.136794798864,4,46
2019-08-23,10783.9,10788.3,10766.85,10766.85,13:05:00,10761.49519529421,4,47
2019-08-23,10792.7,10800.0,10776.4,10783.7,13:10:00,10764.467081456669,4,48
2019-08-23,10796.2,10803.05,10792.25,10792.55,13:15:00,10767.48926417508,4,49
2019-08-23,10816.0,10816.6,10794.65,10796.25,13:20:00,10772.109334253646,4,50
2019-08-23,10809.6,10818.2,10801.5,10816.25,13:25:00,10775.679873848538,4,51
2019-08-23,10803.2,10819.05,10798.7,10809.8,13:30:00,10778.300838243917,4,52
2019-08-23,10828.8,10829.6,10798.75,10802.95,13:35:00,10783.110282220685,4,53
2019-08-23,10841.55,10845.95,10825.5,10828.75,13:40:00,10788.67596962824,4,54
2019-08-23,10860.5,10861.5,10842.2,10842.2,13:45:00,10795.51635347317,4,55
2019-08-23,10845.25,10862.55,10844.65,10861.0,13:50:00,10800.25289123763,4,56
2019-08-23,10837.1,10845.45,10822.65,10845.45,13:55:00,10803.762139691187,4,57
2019-08-23,10848.25,10850.65,10839.0,10839.0,14:00:00,10807.999078768218,4,58
2019-08-23,10849.55,10855.3,10846.1,10848.95,14:05:00,10811.95630936172,4,59
2019-08-23,10840.5,10850.55,10835.9,10849.8,14:10:00,10814.674756089174,4,60
2019-08-23,10825.65,10849.0,10825.05,10840.05,14:15:00,10815.720017414014,4,61
2019-08-23,10824.15,10836.6,10820.55,10825.7,14:20:00,10816.522872898397,4,62
2019-08-23,10838.8,10846.65,10824.65,10824.65,14:25:00,10818.644504050928,4,63
2019-08-23,10845.1,10852.55,10835.3,10837.9,14:30:00,10821.164075093697,4,64
2019-08-23,10841.05,10848.15,10834.15,10846.05,14:35:00,10823.057972703822,4,65
2019-08-23,10836.25,10843.3,10833.15,10840.85,14:40:00,10824.314356255838,4,66
2019-08-23,10838.7,10844.65,10833.15,10837.1,14:45:00,10825.684417564806,4,67
2019-08-23,10803.75,10839.2,10799.7,10839.2,14:50:00,10823.595425415777,4,68
2019-08-23,10809.2,10814.4,10800.8,10803.0,14:55:00,10822.224432519037,4,69
2019-08-23,10817.6,10827.8,10809.1,10809.1,15:00:00,10821.784010374366,4,70
2019-08-23,10829.45,10830.05,10817.95,10818.15,15:05:00,10822.514104624426,4,71
2019-08-23,10828.45,10834.5,10825.8,10829.65,15:10:00,10823.079427993527,4,72
2019-08-23,10826.4,10831.05,10821.4,10828.3,15:15:00,10823.395672946526,4,73
2019-08-23,10835.4,10838.7,10824.65,10826.3,15:20:00,10824.538942189713,4,74
2019-08-23,10841.75,10842.6,10835.2,10835.2,15:25:00,10826.178090552596,4,75
2019-08-26,10911.5,10994.3,10902.4,10979.75,09:15:00,10834.303986690444,0,1
2019-08-26,10912.45,10920.4,10893.9,10911.05,09:20:00,10841.746464148497,0,2
2019-08-26,10879.4,10911.75,10877.05,10911.75,09:25:00,10845.332515181974,0,3
2019-08-26,10861.1,10883.05,10853.55,10878.8,09:30:00,10846.83418040274,0,4
2019-08-26,10879.15,10886.6,10852.25,10861.0,09:35:00,10849.91187750724,0,5
2019-08-26,10862.65,10875.75,10859.1,10875.75,09:40:00,10851.12503203036,0,6
2019-08-26,10819.9,10862.5,10793.8,10862.5,09:45:00,10848.15121945604,0,7
2019-08-26,10818.85,10845.3,10809.6,10819.95,09:50:00,10845.360627126893,0,8
2019-08-26,10815.2,10835.15,10813.75,10818.95,09:55:00,10842.48818644814,0,9
2019-08-26,10777.45,10815.55,10770.15,10815.25,10:00:00,10836.29407345308,0,10
2019-08-26,10769.05,10782.0,10756.55,10776.55,10:05:00,10829.889875981358,0,11
2019-08-26,10788.8,10800.75,10758.9,10768.5,10:10:00,10825.976554459325,0,12
2019-08-26,10820.45,10832.7,10785.6,10788.2,10:15:00,10825.450215939389,0,13
2019-08-26,10817.0,10838.9,10814.65,10820.25,10:20:00,10824.64543346897,0,14
2019-08-26,10847.05,10850.95,10815.5,10815.8,10:25:00,10826.77920171002,0,15
2019-08-26,10820.8,10848.6,10814.9,10845.55,10:30:00,10826.209753928111,0,16
2019-08-26,10817.9,10833.1,10812.95,10819.4,10:35:00,10825.418348792102,0,17
2019-08-26,10827.95,10829.85,10817.75,10817.75,10:40:00,10825.65945843095,0,18
2019-08-26,10835.0,10843.25,10828.15,10828.85,10:45:00,10826.549033818475,0,19
2019-08-26,10842.55,10854.55,10834.6,10834.6,10:50:00,10828.072935359574,0,20
2019-08-26,10850.4,10854.55,10839.65,10842.9,10:55:00,10830.199322468186,0,21
2019-08-26,10864.1,10866.3,10849.9,10849.9,11:00:00,10833.427958423596,0,22
2019-08-26,10850.7,10867.15,10850.15,10864.05,11:05:00,10835.072914764209,0,23
2019-08-26,10851.6,10856.05,10841.1,10850.45,11:10:00,10836.646922881902,0,24
2019-08-26,10859.5,10865.7,10852.0,10852.35,11:15:00,10838.82340641696,0,25
2019-08-26,10852.9,10866.25,10852.5,10859.25,11:20:00,10840.164034377249,0,26
2019-08-26,10855.7,10862.1,10847.7,10853.0,11:25:00,10841.643650150843,0,27
2019-08-26,10873.35,10875.3,10854.3,10855.25,11:30:00,10844.66330251743,0,28
2019-08-26,10886.05,10886.55,10865.6,10873.15,11:35:00,10848.604892753863,0,29
2019-08-26,10898.7,10899.35,10881.7,10886.35,11:40:00,10853.375855348737,0,30
2019-08-26,10896.5,10906.95,10893.6,10898.15,11:45:00,10857.482916744091,0,31
2019-08-26,10902.85,10907.65,10896.5,10896.85,11:50:00,10861.803591339894,0,32
2019-08-26,10912.2,10913.65,10890.4,10903.25,11:55:00,10866.603249307524,0,33
2019-08-26,10913.55,10922.1,10909.45,10912.25,12:00:00,10871.074368421092,0,34
2019-08-26,10918.25,10918.85,10909.65,10913.25,12:05:00,10875.567285714322,0,35
2019-08-26,10926.6,10936.15,10916.5,10918.05,12:10:00,10880.42754421772,0,36
2019-08-26,10940.35,10944.65,10925.85,10926.5,12:15:00,10886.134444768411,0,37
2019-08-26,10938.75,10942.85,10933.2,10940.3,12:20:00,10891.145450028564,0,38
2019-08-26,10966.25,10967.35,10938.7,10938.7,12:25:00,10898.298264311556,0,39
2019-08-26,10968.6,10985.75,10967.95,10967.95,12:30:00,10904.993667710456,0,40
2019-08-26,10967.6,10974.85,10953.65,10970.2,12:35:00,10910.956175547555,0,41
2019-08-26,10973.45,10974.25,10962.45,10967.45,12:40:00,10916.90796835255,0,42
2019-08-26,10984.35,10990.6,10973.0,10973.0,12:45:00,10923.33101898564,0,43
2019-08-26,10975.15,10993.35,10968.35,10984.55,12:50:00,10928.266160034627,0,44
2019-08-26,10977.8,10983.6,10970.2,10974.6,12:55:00,10932.983668602756,0,45
2019-08-26,10972.15,10982.85,10970.9,10976.65,13:00:00,10936.713795402497,0,46
2019-08-26,10979.35,10985.2,10971.95,10972.4,13:05:00,10940.774386316543,0,47
2019-08-26,10983.55,10984.45,10975.4,10979.6,13:10:00,10944.848254286397,0,48
2019-08-26,10978.3,10983.7,10976.0,10983.7,13:15:00,10948.034134830546,0,49
2019-08-26,10991.9,10992.15,10970.0,10978.15,13:20:00,10952.211836275255,0,50
2019-08-26,11008.05,11011.85,10991.65,10992.15,13:25:00,10957.529756629994,0,51
2019-08-26,11002.1,11010.4,11001.95,11007.55,13:30:00,10961.774541712854,0,52
2019-08-26,10997.45,11007.7,10996.4,11002.5,13:35:00,10965.172204406868,0,53
2019-08-26,11007.9,11008.5,10997.55,10997.55,13:40:00,10969.241518272882,0,54
2019-08-26,11026.0,11028.55,11005.8,11006.9,13:45:00,10974.64708796118,0,55
2019-08-26,11026.6,11030.9,11022.95,11026.1,13:50:00,10979.594984345827,0,56
2019-08-26,11030.55,11030.55,11021.8,11025.7,13:55:00,10984.447842979558,0,57
2019-08-26,11039.25,11041.55,11032.95,11033.15,14:00:00,10989.667096029125,0,58
2019-08-26,11039.5,11040.75,11030.85,11039.0,14:05:00,10994.413086883496,0,59
2019-08-26,11040.15,11041.05,11033.65,11038.7,14:10:00,10998.76898337078,0,60
2019-08-26,11044.8,11052.0,11039.75,11039.75,14:15:00,11003.15288971642,0,61
2019-08-26,11055.75,11055.75,11043.7,11044.45,14:20:00,11008.162138314856,0,62
2019-08-26,11046.35,11070.3,11044.95,11054.95,14:25:00,11011.799077522965,0,63
2019-08-26,11045.05,11056.0,11042.75,11046.55,14:30:00,11014.965832044589,0,64
2019-08-26,11037.8,11049.6,11030.95,11044.25,14:35:00,11017.140514707007,0,65
2019-08-26,11028.05,11042.45,11022.15,11039.35,14:40:00,11018.17951330634,0,66
2019-08-26,11022.75,11031.0,11015.95,11030.1,14:45:00,11018.614797753353,0,67
2019-08-26,11034.55,11037.1,11020.7,11023.05,14:50:00,11020.132436062557,0,68
2019-08-26,11032.75,11036.95,11025.6,11035.0,14:55:00,11021.334108818504,0,69
2019-08-26,11056.5,11056.65,11033.85,11033.85,15:00:00,11024.68324131198,0,70
2019-08-26,11056.3,11067.95,11053.4,11057.35,15:05:00,11027.69436118703,0,71
2019-08-26,11056.3,11064.3,11055.3,11056.9,15:10:00,11030.418707740646,0,72
2019-08-26,11064.1,11065.35,11055.5,11057.0,15:15:00,11033.626449860583,0,73
2019-08-26,11059.4,11068.9,11059.4,11064.85,15:20:00,11036.081073683386,0,74
2019-08-26,11057.85,11059.9,11049.65,11059.75,15:25:00,11038.15430476116,0,75
2019-08-27,11110.85,11117.9,11089.2,11094.1,09:15:00,11045.077704307714,1,1
2019-08-27,11118.9,11120.0,11108.05,11110.5,09:20:00,11052.108399135552,1,2
2019-08-27,11100.85,11122.3,11099.85,11117.5,09:25:00,11056.750456360738,1,3
2019-08-27,11101.5,11111.9,11100.15,11100.7,09:30:00,11061.012317659715,1,4
2019-08-27,11066.1,11100.4,11049.8,11100.4,09:35:00,11061.49685883498,1,5
2019-08-27,11059.3,11072.4,11049.5,11063.95,09:40:00,11061.28763418403,1,6
2019-08-27,11089.9,11092.65,11055.3,11059.8,09:45:00,11064.012621404598,1,7
2019-08-27,11103.0,11106.9,11088.45,11089.95,09:50:00,11067.72570508035,1,8
2019-08-27,11083.8,11103.65,11081.8,11102.7,09:55:00,11069.256590310792,1,9
2019-08-27,11091.15,11100.2,11084.2,11084.2,10:00:00,11071.34167694786,1,10
2019-08-27,11103.65,11106.95,11090.3,11090.95,10:05:00,11074.418660095684,1,11
2019-08-27,11117.3,11119.4,11103.45,11103.55,10:10:00,11078.502597229428,1,12
2019-08-27,11114.8,11124.3,11113.3,11116.7,10:15:00,11081.959492731386,1,13
2019-08-27,11116.25,11117.65,11110.95,11114.85,10:20:00,11085.225255328398,1,14
2019-08-27,11120.4,11129.9,11115.4,11115.9,10:25:00,11088.575231011408,1,15
2019-08-27,11128.6,11138.1,11120.05,11120.85,10:30:00,11092.387113772224,1,16
2019-08-27,11123.75,11134.7,11119.4,11128.55,10:35:00,11095.374055317729,1,17
2019-08-27,11125.65,11130.3,11122.95,11123.8,10:40:00,11098.2574786208,1,18
2019-08-27,11113.0,11125.75,11098.95,11125.7,10:45:00,11099.661528275965,1,19
2019-08-27,11121.8,11122.15,11107.6,11113.35,10:50:00,11101.769954154444,1,20
2019-08-27,11118.8,11123.65,11115.95,11121.65,10:55:00,11103.39186328259,1,21
2019-08-27,11120.45,11122.6,11117.75,11118.9,11:00:00,11105.016447731869,1,22
2019-08-27,11114.15,11120.0,11110.0,11120.0,11:05:00,11105.886309852642,1,23
2019-08-27,11115.4,11118.85,11111.9,11115.05,11:10:00,11106.792375580962,1,24
2019-08-27,11124.65,11124.75,11115.35,11115.55,11:15:00,11108.493101716109,1,25
2019-08-27,11129.35,11129.5,11122.8,11125.2,11:20:00,11110.479472981242,1,26
2019-08-27,11127.5,11133.15,11127.15,11129.3,11:25:00,11112.100475554456,1,27
2019-08-27,11114.2,11127.7,11112.3,11127.7,11:30:00,11112.300430263556,1,28
2019-08-27,11114.05,11121.8,11114.05,11114.75,11:35:00,11112.467055952742,1,29
2019-08-27,11116.1,11117.3,11100.0,11113.1,11:40:00,11112.813050623909,1,30
2019-08-27,11115.75,11120.05,11114.2,11116.2,11:45:00,11113.0927600883,1,31
2019-08-27,11116.55,11120.1,11115.75,11115.85,11:50:00,11113.422021032273,1,32
2019-08-27,11112.55,11117.3,11105.9,11116.75,11:55:00,11113.33897141015,1,33
2019-08-27,11116.0,11116.95,11108.15,11112.3,12:00:00,11113.592402704422,1,34
2019-08-27,11123.15,11124.3,11113.8,11116.05,12:05:00,11114.502650065906,1,35
2019-08-27,11123.6,11128.3,11120.2,11123.1,12:10:00,11115.369064345345,1,36
2019-08-27,11129.55,11131.35,11123.05,11123.65,12:15:00,11116.719629645788,1,37
2019-08-27,11133.45,11136.6,11129.85,11129.85,12:20:00,11118.31299825095,1,38
2019-08-27,11138.6,11141.75,11127.7,11133.4,12:25:00,11120.245093655623,1,39
2019-08-27,11125.2,11139.45,11118.25,11138.8,12:30:00,11120.716989497943,1,40
2019-08-27,11124.5,11127.85,11121.5,11124.6,12:35:00,11121.077276212429,1,41
2019-08-27,11119.2,11127.15,11111.85,11124.35,12:40:00,11120.89848800172,1,42
2019-08-27,11113.2,11127.8,11112.55,11119.55,12:45:00,11120.165298668222,1,43
2019-08-27,11106.3,11114.25,11102.65,11113.75,12:50:00,11118.844794033152,1,44
2019-08-27,11113.85,11118.5,11105.9,11106.5,12:55:00,11118.36909936333,1,45
2019-08-27,11108.95,11113.9,11102.7,11113.7,13:00:00,11117.472042281108,1,46
2019-08-27,11107.0,11118.6,11106.3,11108.75,13:05:00,11116.474704921002,1,47
2019-08-27,11111.05,11113.2,11102.9,11107.95,13:10:00,11115.958066357096,1,48
2019-08-27,11113.25,11119.65,11106.05,11110.95,13:15:00,11115.700155275468,1,49
2019-08-27,11117.05,11117.9,11108.55,11113.55,13:20:00,11115.8287119159,1,50
2019-08-27,11122.45,11124.45,11114.4,11116.35,13:25:00,11116.459310781052,1,51
2019-08-27,11084.85,11121.65,11077.05,11121.65,13:30:00,11113.448900230476,1,52
2019-08-27,11093.9,11098.25,11078.75,11084.7,13:35:00,11111.587100208526,1,53
2019-08-27,11091.5,11093.1,11083.35,11093.1,13:40:00,11109.67404304581,1,54
2019-08-27,11103.3,11105.75,11090.5,11091.7,13:45:00,11109.066991327163,1,55
2019-08-27,11107.05,11110.45,11102.9,11103.45,13:50:00,11108.874896915053,1,56
2019-08-27,11102.95,11113.5,11101.8,11107.3,13:55:00,11108.31062101838,1,57
2019-08-27,11094.65,11101.7,11089.05,11101.7,14:00:00,11107.00960949282,1,58
2019-08-27,11092.55,11102.8,11092.0,11094.45,14:05:00,11105.632503826835,1,59
2019-08-27,11094.65,11097.35,11091.6,11092.65,14:10:00,11104.586551081422,1,60
2019-08-27,11097.0,11098.95,11093.2,11095.0,14:15:00,11103.864022407,1,61
2019-08-27,11087.2,11096.85,11084.4,11096.85,14:20:00,11102.276972653952,1,62
2019-08-27,11097.45,11098.25,11083.45,11087.15,14:25:00,11101.817260972624,1,63
2019-08-27,11130.0,11135.1,11097.3,11097.3,14:30:00,11104.501331356185,1,64
2019-08-27,11123.55,11134.0,11116.7,11129.65,14:35:00,11106.31549027464,1,65
2019-08-27,11117.75,11125.0,11115.95,11123.95,14:40:00,11107.404491200869,1,66
2019-08-27,11116.9,11123.3,11113.95,11117.45,14:45:00,11108.308825372213,1,67
2019-08-27,11118.6,11121.2,11115.6,11117.45,14:50:00,11109.288937241525,1,68
2019-08-27,11128.0,11128.35,11117.45,11118.55,14:55:00,11111.07094321852,1,69
2019-08-27,11094.2,11128.15,11085.95,11128.15,15:00:00,11109.46418672152,1,70
2019-08-27,11097.4,11098.2,11089.85,11094.6,15:05:00,11108.315216557565,1,71
2019-08-27,11104.9,11106.95,11096.55,11097.2,15:10:00,11107.989957837795,1,72
2019-08-27,11108.7,11110.45,11104.55,11104.75,15:15:00,11108.057580900864,1,73
2019-08-27,11120.8,11122.4,11108.4,11109.9,15:20:00,11109.271144624592,1,74
2019-08-27,11115.55,11121.4,11106.55,11121.2,15:25:00,11109.869130850822,1,75
2019-08-28,11114.4,11115.45,11077.8,11097.6,09:15:00,11110.300642198365,2,1
2019-08-28,11127.3,11128.65,11108.2,11114.8,09:20:00,11111.919628655662,2,2
2019-08-28,11114.35,11129.65,11106.05,11127.7,09:25:00,11112.151092593218,2,3
2019-08-28,11111.3,11123.35,11108.1,11113.55,09:30:00,11112.070036155768,2,4
2019-08-28,11099.2,11115.3,11096.9,11113.05,09:35:00,11110.844318426649,2,5
2019-08-28,11095.8,11099.6,11088.65,11099.45,09:40:00,11109.411526195538,2,6
2019-08-28,11086.6,11107.85,11084.85,11095.4,09:45:00,11107.2389998912,2,7
2019-08-28,11092.15,11095.0,11084.65,11086.25,09:50:00,11105.801952282514,2,8
2019-08-28,11072.55,11093.2,11065.9,11091.65,09:55:00,11102.63509968418,2,9
2019-08-28,11063.45,11078.75,11060.8,11072.95,10:00:00,11098.903185428542,2,10
2019-08-28,11058.05,11071.45,11052.6,11063.05,10:05:00,11095.01240586392,2,11
2019-08-28,11070.95,11074.1,11056.55,11058.25,10:10:00,11092.720748162594,2,12
2019-08-28,11065.1,11082.7,11065.1,11070.7,10:15:00,11090.090200718536,2,13
2019-08-28,11070.65,11071.65,11063.75,11065.2,10:20:00,11088.238753031055,2,14
2019-08-28,11072.3,11079.3,11070.5,11070.75,10:25:00,11086.720776551909,2,15
2019-08-28,11073.5,11074.65,11065.95,11072.4,10:30:00,11085.461654975536,2,16
2019-08-28,11066.3,11075.4,11065.4,11074.2,10:35:00,11083.636735454056,2,17
2019-08-28,11062.6,11066.1,11054.05,11066.1,10:40:00,11081.633236839383,2,18
2019-08-28,11067.0,11067.7,11060.7,11061.9,10:45:00,11080.239595235636,2,19
2019-08-28,11068.25,11071.65,11061.45,11066.85,10:50:00,11079.097729022717,2,20
2019-08-28,11069.15,11073.8,11067.95,11068.3,10:55:00,11078.150326258648,2,21
2019-08-28,11078.25,11083.6,11068.05,11069.1,11:00:00,11078.15981899592,2,22
2019-08-28,11078.75,11082.6,11076.05,11077.8,11:05:00,11078.216026710594,2,23
2019-08-28,11089.05,11089.05,11078.4,11078.4,11:10:00,11079.247833690535,2,24
2019-08-28,11082.35,11092.05,11079.8,11089.3,11:15:00,11079.543278100962,2,25
2019-08-28,11076.35,11083.3,11076.35,11081.85,11:20:00,11079.239156377062,2,26
2019-08-28,11075.95,11079.4,11072.35,11076.7,11:25:00,11078.92590338877,2,27
2019-08-28,11059.45,11076.5,11059.45,11076.5,11:30:00,11077.071055446982,2,28
2019-08-28,11060.1,11067.75,11059.05,11060.25,11:35:00,11075.454764452032,2,29
2019-08-28,11062.0,11064.9,11059.7,11059.7,11:40:00,11074.173358313745,2,30
2019-08-28,11064.25,11064.85,11053.65,11062.15,11:45:00,11073.228276569576,2,31
2019-08-28,11057.55,11065.3,11056.05,11064.1,11:50:00,11071.735107372477,2,32
2019-08-28,11053.95,11062.0,11052.65,11057.45,11:55:00,11070.041287622716,2,33
2019-08-28,11055.05,11055.5,11043.15,11054.35,12:00:00,11068.61354594436,2,34
2019-08-28,11062.4,11063.2,11055.45,11055.6,12:05:00,11068.021779663944,2,35
2019-08-28,11056.4,11064.5,11055.8,11062.55,12:10:00,11066.914943505471,2,36
2019-08-28,11058.2,11058.85,11053.55,11056.65,12:15:00,11066.084948885904,2,37
2019-08-28,11064.6,11067.05,11058.2,11058.5,12:20:00,11065.943525182483,2,38
2019-08-28,11057.55,11066.9,11056.5,11065.1,12:25:00,11065.144141831772,2,39
2019-08-28,11050.35,11057.6,11046.05,11057.25,12:30:00,11063.735175943031,2,40
2019-08-28,11036.2,11053.4,11035.35,11050.1,12:35:00,11061.112778234172,2,41
2019-08-28,11045.25,11045.7,11032.4,11035.4,12:40:00,11059.602037449964,2,42
2019-08-28,11041.3,11045.55,11037.65,11045.4,12:45:00,11057.858986264251,2,43
2019-08-28,11045.15,11046.4,11036.5,11041.75,12:50:00,11056.648606620038,2,44
2019-08-28,11041.15,11045.9,11037.05,11045.85,12:55:00,11055.1725488467,2,45
2019-08-28,11039.2,11044.6,11035.5,11041.1,13:00:00,11053.651353718444,2,46
2019-08-28,11042.6,11042.6,11033.4,11039.35,13:05:00,11052.598843840497,2,47
2019-08-28,11035.35,11043.05,11035.35,11042.65,13:10:00,11050.956096808068,2,48
2019-08-28,11020.15,11036.25,11017.15,11035.55,13:15:00,11048.022182826346,2,49
2019-08-28,11014.1,11027.0,11011.5,11020.55,13:20:00,11044.791498747649,2,50
2019-08-28,11020.9,11021.85,11006.2,11014.7,13:25:00,11042.516117914538,2,51
2019-08-28,11019.25,11021.4,11014.0,11021.4,13:30:00,11040.300297160771,2,52
2019-08-28,11032.8,11038.45,11017.65,11019.35,13:35:00,11039.585983145462,2,53
2019-08-28,11039.45,11042.2,11032.35,11033.0,13:40:00,11039.573032369704,2,54
2019-08-28,11023.15,11040.65,11022.4,11039.55,13:45:00,11038.00893404878,2,55
2019-08-28,11024.8,11029.45,11019.85,11023.6,13:50:00,11036.750940329848,2,56
2019-08-28,11027.55,11029.85,11022.95,11025.35,13:55:00,11035.874660298434,2,57
2019-08-28,11016.45,11027.8,11011.6,11027.35,14:00:00,11034.024692650964,2,58
2019-08-28,11008.95,11022.5,11008.45,11016.4,14:05:00,11031.636626684209,2,59
2019-08-28,10992.9,11015.35,10992.0,11010.0,14:10:00,11027.947424142854,2,60
2019-08-28,11005.6,11005.7,10987.65,10993.0,14:15:00,11025.819098034011,2,61
2019-08-28,11012.05,11016.25,11005.75,11005.75,14:20:00,11024.507755364106,2,62
2019-08-28,11001.8,11014.85,10998.2,11012.35,14:25:00,11022.345111996096,2,63
2019-08-28,10998.5,11007.45,10995.05,11001.45,14:30:00,11020.074148948848,2,64
2019-08-28,11003.85,11007.95,10998.2,10998.4,14:35:00,11018.528991906102,2,65
2019-08-28,10996.45,11009.65,10996.25,11004.2,14:40:00,11016.426230772187,2,66
2019-08-28,11005.15,11005.9,10993.05,10994.65,14:45:00,11015.35230403198,2,67
2019-08-28,11004.55,11007.35,11000.7,11005.2,14:50:00,11014.32351317179,2,68
2019-08-28,11023.6,11029.4,11001.4,11004.9,14:55:00,11015.20698810781,2,69
2019-08-28,11055.45,11056.85,11023.8,11023.8,15:00:00,11019.039655907063,2,70
2019-08-28,11047.9,11065.05,11042.65,11055.65,15:05:00,11021.788260106392,2,71
2019-08-28,11042.6,11048.8,11036.0,11048.0,15:10:00,11023.77033057245,2,72
2019-08-28,11047.4,11049.55,11035.55,11042.15,15:15:00,11026.020775279836,2,73
2019-08-28,11044.55,11048.55,11042.7,11048.15,15:20:00,11027.785463348424,2,74
2019-08-28,11044.85,11052.15,11043.15,11044.25,15:25:00,11029.41065731524,2,75
2019-08-29,10995.25,11007.2,10982.9,10993.5,09:15:00,11026.157261380456,3,1
2019-08-29,10976.9,11007.9,10976.9,10994.75,09:20:00,11021.466093629935,3,2
2019-08-29,10979.15,10981.95,10965.5,10976.25,09:25:00,11017.435989474703,3,3
2019-08-29,10990.25,10992.2,10977.3,10979.45,09:30:00,11014.84684761997,3,4
2019-08-29,10989.4,10995.35,10985.75,10990.7,09:35:00,11012.423338322831,3,5
2019-08-29,10991.05,10994.15,10979.3,10989.35,09:40:00,11010.387782292086,3,6
2019-08-29,11002.6,11007.65,10990.7,10991.7,09:45:00,11009.64608874046,3,7
2019-08-29,11009.4,11010.25,10998.2,11002.85,09:50:00,11009.622651717558,3,8
2019-08-29,11006.4,11020.15,11005.1,11009.1,09:55:00,11009.315732506362,3,9
2019-08-29,11003.65,11009.85,10998.35,11005.8,10:00:00,11008.776138934329,3,10
2019-08-29,10988.75,11002.35,10982.9,11002.35,10:05:00,11006.868887607248,3,11
2019-08-29,10993.1,10993.7,10985.6,10988.9,10:10:00,11005.557564977988,3,12
2019-08-29,10975.85,10993.9,10975.75,10992.85,10:15:00,11002.72827307532,3,13
2019-08-29,10981.25,10981.95,10974.6,10975.65,10:20:00,11000.682723258626,3,14
2019-08-29,10986.85,10991.45,10979.35,10980.9,10:25:00,10999.36532104352,3,15
2019-08-29,10976.05,10991.85,10973.8,10986.7,10:30:00,10997.14481427747,3,16
2019-08-29,10959.0,10979.45,10956.1,10976.55,10:35:00,10993.511974822472,3,17
2019-08-29,10969.0,10969.0,10952.65,10958.65,10:40:00,10991.177501029855,3,18
2019-08-29,10970.75,10976.2,10965.45,10969.3,10:45:00,10989.2320247413,3,19
2019-08-29,10973.3,10975.75,10967.55,10970.35,10:50:00,10987.714689051652,3,20
2019-08-29,10966.4,10974.9,10965.6,10973.55,10:55:00,10985.68471866578,3,21
2019-08-29,10964.45,10970.95,10961.05,10966.7,11:00:00,10983.662364507134,3,22
2019-08-29,10964.05,10968.55,10960.75,10966.0,11:05:00,10981.79452026836,3,23
2019-08-29,10970.3,10971.2,10963.65,10964.1,11:10:00,10980.699804052325,3,24
2019-08-29,10975.2,10976.0,10969.05,10970.35,11:15:00,10980.176013190196,3,25
2019-08-29,10970.4,10975.85,10966.6,10975.5,11:20:00,10979.24496431494,3,26
2019-08-29,10965.2,10971.85,10964.95,10970.1,11:25:00,10977.907348665896,3,27
2019-08-29,10967.85,10968.75,10961.55,10965.55,11:30:00,10976.949505935812,3,28
2019-08-29,10965.65,10968.7,10957.75,10968.4,11:35:00,10975.873362513354,3,29
2019-08-29,10966.15,10969.8,10965.05,10965.9,11:40:00,10974.947327988271,3,30
2019-08-29,10959.65,10966.75,10958.5,10966.4,11:45:00,10973.490439608437,3,31
2019-08-29,10963.15,10964.0,10955.8,10959.4,11:50:00,10972.505635836204,3,32
2019-08-29,10951.8,10963.1,10943.4,10963.1,11:55:00,10970.533670518467,3,33
2019-08-29,10946.4,10956.65,10945.85,10952.1,12:00:00,10968.235225707189,3,34
2019-08-29,10944.65,10950.35,10942.7,10946.25,12:05:00,10965.989013735074,3,35
2019-08-29,10943.6,10947.65,10939.4,10944.55,12:10:00,10963.856726712684,3,36
2019-08-29,10933.9,10944.15,10931.85,10944.15,12:15:00,10961.003705121002,3,37
2019-08-29,10942.25,10942.25,10928.65,10933.25,12:20:00,10959.217637966622,3,38
2019-08-29,10933.65,10945.75,10932.35,10942.85,12:25:00,10956.782624826945,3,39
2019-08-29,10924.85,10938.75,10922.4,10933.4,12:30:00,10953.741422462474,3,40
2019-08-29,10941.55,10945.65,10925.05,10925.05,12:35:00,10952.580334608903,3,41
2019-08-29,10961.35,10963.15,10940.5,10940.8,12:40:00,10953.415540836628,3,42
2019-08-29,10957.55,10968.7,10955.3,10961.75,12:45:00,10953.809298852186,3,43
2019-08-29,10961.45,10961.45,10947.4,10957.45,12:50:00,10954.536984675788,3,44
2019-08-29,10958.05,10962.75,10956.55,10961.6,12:55:00,10954.871557563809,3,45
2019-08-29,10975.35,10979.9,10955.45,10957.7,13:00:00,10956.821885414873,3,46
2019-08-29,10972.45,10977.95,10965.15,10975.1,13:05:00,10958.310277280125,3,47
2019-08-29,10974.7,10986.45,10972.85,10973.1,13:10:00,10959.871203253446,3,48
2019-08-29,10980.95,10982.0,10971.1,10975.2,13:15:00,10961.8787077055,3,49
2019-08-29,10975.4,10981.45,10969.25,10981.1,13:20:00,10963.166449828785,3,50
2019-08-29,10969.8,10980.4,10968.75,10975.95,13:25:00,10963.798216511756,3,51
2019-08-29,10957.05,10971.9,10954.55,10969.55,13:30:00,10963.155529224923,3,52
2019-08-29,10951.75,10964.75,10951.25,10957.45,13:35:00,10962.069288346358,3,53
2019-08-29,10961.4,10965.0,10949.95,10952.3,13:40:00,10962.005546599084,3,54
2019-08-29,10975.25,10978.1,10959.1,10961.45,13:45:00,10963.266923113457,3,55
2019-08-29,10976.55,10979.6,10968.65,10974.9,13:50:00,10964.531978055033,3,56
2019-08-29,11005.1,11005.1,10976.7,10976.7,13:55:00,10968.395599192649,3,57
2019-08-29,11000.05,11010.85,10990.85,11005.35,14:00:00,10971.410304031444,3,58
2019-08-29,11019.3,11020.85,10997.85,11000.1,14:05:00,10975.97122745702,3,59
2019-08-29,11011.55,11021.1,11011.05,11019.25,14:10:00,10979.359681984924,3,60
2019-08-29,11001.5,11015.05,11000.1,11011.45,14:15:00,10981.468283700646,3,61
2019-08-29,11009.8,11010.95,10999.6,11001.35,14:20:00,10984.166542395822,3,62
2019-08-29,10975.8,11010.25,10975.8,11009.65,14:25:00,10983.369728834314,3,63
2019-08-29,10995.45,10995.45,10965.8,10975.65,14:30:00,10984.520230850092,3,64
2019-08-29,11000.45,11000.45,10987.05,10995.05,14:35:00,10986.037351721512,3,65
2019-08-29,10983.4,11003.4,10983.4,11000.75,14:40:00,10985.786175367082,3,66
2019-08-29,10981.25,10993.25,10980.7,10985.05,14:45:00,10985.354158665456,3,67
2019-08-29,10988.5,10991.0,10980.6,10981.4,14:50:00,10985.653762602078,3,68
2019-08-29,10995.1,10995.5,10982.5,10988.65,14:55:00,10986.553404259022,3,69
2019-08-29,10948.85,10995.35,10942.6,10995.35,15:00:00,10982.9626038534,3,70
2019-08-29,10939.75,10948.95,10937.25,10948.95,15:05:00,10978.847117772124,3,71
2019-08-29,10936.9,10939.5,10927.9,10939.25,15:10:00,10974.85215417478,3,72
2019-08-29,10959.1,10959.55,10936.2,10937.25,15:15:00,10973.351949015278,3,73
2019-08-29,10956.35,10966.1,10955.75,10959.45,15:20:00,10971.732715775728,3,74
2019-08-29,10961.5,10962.4,10949.7,10956.65,15:25:00,10970.758171416135,3,75
2019-08-30,10962.35,11000.5,10960.75,10989.25,09:15:00,10969.957393186029,4,1
2019-08-30,10988.3,10993.05,10952.65,10962.2,09:20:00,10971.70430812069,4,2
2019-08-30,10994.65,11001.6,10989.6,10989.6,09:25:00,10973.889612109197,4,3
2019-08-30,10994.2,11001.15,10992.85,10994.7,09:30:00,10975.823934765463,4,4
2019-08-30,11011.95,11013.15,10994.3,10994.65,09:35:00,10979.264512406848,4,5
2019-08-30,11019.0,11019.5,11009.95,11012.5,09:40:00,10983.048844558576,4,6
2019-08-30,11014.95,11024.85,11011.35,11018.6,09:45:00,10986.08704983871,4,7
2019-08-30,11008.4,11019.2,11005.95,11015.15,09:50:00,10988.212092711214,4,8
2019-08-30,11006.3,11009.95,11000.9,11008.8,09:55:00,10989.934750548242,4,9
2019-08-30,11003.45,11008.35,11002.4,11006.35,10:00:00,10991.221917162697,4,10
2019-08-30,10988.0,11005.25,10983.3,11004.15,10:05:00,10990.915067909107,4,11
2019-08-30,10973.05,10987.5,10965.5,10987.5,10:10:00,10989.213632870144,4,12
2019-08-30,10950.1,10974.55,10949.15,10972.55,10:15:00,10985.488524977747,4,13
2019-08-30,10957.95,10964.7,10936.75,10950.05,10:20:00,10982.8658083132,4,14
2019-08-30,10955.95,10967.4,10953.85,10957.4,10:25:00,10980.302397997655,4,15
2019-08-30,10939.1,10955.7,10931.35,10955.7,10:30:00,10976.378360093116,4,16
2019-08-30,10945.15,10953.05,10935.6,10938.6,10:35:00,10973.404230560438,4,17
2019-08-30,10942.15,10945.0,10932.7,10944.75,10:40:00,10970.42763717373,4,18
2019-08-30,10953.05,10953.95,10937.4,10941.6,10:45:00,10968.772624109566,4,19
2019-08-30,10947.15,10953.4,10946.15,10953.4,10:50:00,10966.713326575322,4,20
2019-08-30,10938.35,10949.3,10933.95,10947.25,10:55:00,10964.012057377671,4,21
2019-08-30,10927.15,10938.4,10919.85,10938.4,11:00:00,10960.501385246464,4,22
2019-08-30,10918.6,10931.05,10918.05,10926.55,11:05:00,10956.510777127754,4,23
2019-08-30,10916.2,10918.55,10904.4,10918.3,11:10:00,10952.67165549654,4,24
2019-08-30,10895.8,10922.05,10894.35,10915.45,11:15:00,10947.255307354011,4,25
2019-08-30,10891.95,10905.6,10887.7,10896.1,11:20:00,10941.988135225058,4,26
2019-08-30,10904.9,10905.6,10890.15,10891.65,11:25:00,10938.455931870289,4,27
2019-08-30,10881.9,10905.2,10878.6,10905.2,11:30:00,10933.069652644546,4,28
2019-08-30,10889.7,10895.55,10879.25,10881.3,11:35:00,10928.939209535542,4,29
2019-08-30,10894.65,10897.1,10885.25,10890.0,11:40:00,10925.673570532155,4,30
2019-08-30,10877.75,10895.3,10875.2,10894.95,11:45:00,10921.109420957666,4,31
2019-08-30,10879.55,10886.1,10876.55,10878.05,11:50:00,10917.15138086646,4,32
2019-08-30,10882.25,10888.4,10874.8,10879.6,11:55:00,10913.827439831555,4,33
2019-08-30,10895.35,10896.15,10876.7,10882.4,12:00:00,10912.067683657122,4,34
2019-08-30,10897.7,10899.95,10889.35,10895.1,12:05:00,10910.699332832632,4,35
2019-08-30,10901.45,10911.45,10897.3,10897.65,12:10:00,10909.818443991431,4,36
2019-08-30,10902.15,10903.2,10894.0,10901.5,12:15:00,10909.088115992246,4,37
2019-08-30,10913.35,10914.2,10895.25,10902.25,12:20:00,10909.49400970727,4,38
2019-08-30,10915.65,10920.35,10908.5,10913.85,12:25:00,10910.080294497056,4,39
2019-08-30,10906.25,10924.5,10903.4,10916.75,12:30:00,10909.715504544954,4,40
2019-08-30,10917.9,10919.8,10904.4,10908.85,12:35:00,10910.494980302576,4,41
2019-08-30,10918.9,10928.25,10918.05,10918.05,12:40:00,10911.295458369,4,42
2019-08-30,10917.25,10919.2,10908.1,10919.2,12:45:00,10911.862557571952,4,43
2019-08-30,10911.65,10917.75,10909.8,10916.85,12:50:00,10911.842313993671,4,44
2019-08-30,10928.75,10929.25,10909.35,10911.75,12:55:00,10913.452569803798,4,45
2019-08-30,10922.45,10929.65,10920.4,10928.85,13:00:00,10914.309467917725,4,46
2019-08-30,10931.75,10933.55,10919.6,10922.55,13:05:00,10915.970470973178,4,47
2019-08-30,10931.85,10940.2,10925.7,10931.95,13:10:00,10917.48280707097,4,48
2019-08-30,10923.4,10936.95,10922.65,10932.0,13:15:00,10918.046349254688,4,49
2019-08-30,10912.15,10926.75,10905.9,10923.0,13:20:00,10917.484792182811,4,50
2019-08-30,10914.9,10918.2,10901.95,10912.2,13:25:00,10917.238621498736,4,51
2019-08-30,10914.0,10918.25,10909.5,10914.25,13:30:00,10916.930181356,4,52
2019-08-30,10932.0,10933.45,10913.3,10913.45,13:35:00,10918.365402179235,4,53
2019-08-30,10944.6,10945.1,10931.6,10931.6,13:40:00,10920.863935305024,4,54
2019-08-30,10962.9,10962.9,10943.4,10944.2,13:45:00,10924.86737003788,4,55
2019-08-30,10974.35,10980.05,10961.55,10963.7,13:50:00,10929.580001462842,4,56
2019-08-30,10956.2,10974.65,10956.2,10974.1,13:55:00,10932.115239418765,4,57
2019-08-30,10980.35,10980.9,10955.35,10956.55,14:00:00,10936.709026140785,4,58
2019-08-30,10977.7,10985.6,10973.2,10982.85,14:05:00,10940.612928413091,4,59
2019-08-30,10977.8,10983.9,10975.65,10978.05,14:10:00,10944.154554278512,4,60
2019-08-30,10978.0,10979.05,10961.75,10977.7,14:15:00,10947.37793006151,4,61
2019-08-30,10972.25,10978.55,10966.65,10978.2,14:20:00,10949.74669862708,4,62
2019-08-30,10989.95,10993.1,10971.3,10972.35,14:25:00,10953.57558447212,4,63
2019-08-30,10970.75,10991.4,10966.65,10990.15,14:30:00,10955.211243093823,4,64
2019-08-30,10949.55,10971.25,10944.85,10971.0,14:35:00,10954.672077084888,4,65
2019-08-30,10957.75,10968.1,10950.5,10950.5,14:40:00,10954.965212600611,4,66
2019-08-30,10970.95,10973.65,10957.85,10958.15,14:45:00,10956.487573305318,4,67
2019-08-30,10975.6,10979.4,10971.0,10971.0,14:50:00,10958.307804419095,4,68
2019-08-30,10981.8,10984.05,10975.7,10976.35,14:55:00,10960.545156379185,4,69
2019-08-30,11013.2,11013.55,10982.15,10983.1,15:00:00,10965.55990339069,4,70
2019-08-30,11019.35,11019.7,11009.35,11014.5,15:05:00,10970.682769734434,4,71
2019-08-30,11021.35,11023.75,11018.2,11020.25,15:10:00,10975.508220235915,4,72
2019-08-30,11037.25,11037.25,11019.6,11020.95,15:15:00,10981.388389737258,4,73
2019-08-30,11038.9,11040.5,11034.65,11037.5,15:20:00,10986.865685952758,4,74
2019-08-30,11033.85,11042.6,11030.3,11040.55,15:25:00,10991.340382528686,4,75
2019-09-03,10926.25,10955.85,10915.6,10955.85,09:15:00,10985.141298478336,1,1
2019-09-03,10920.55,10924.05,10906.45,10924.0,09:20:00,10978.9897462423,1,2
2019-09-03,10918.35,10927.3,10916.45,10920.2,09:25:00,10973.214532314463,1,3
2019-09-03,10891.2,10922.45,10885.9,10917.7,09:30:00,10965.403624474991,1,4
2019-09-03,10899.7,10909.7,10888.15,10890.9,09:35:00,10959.146136429754,1,5
2019-09-03,10897.95,10904.0,10893.05,10899.45,09:40:00,10953.317932960254,1,6
2019-09-03,10906.15,10911.35,10885.85,10897.35,09:45:00,10948.8257488688,1,7
2019-09-03,10909.9,10917.05,10905.55,10905.55,09:50:00,10945.11853469082,1,8
2019-09-03,10914.8,10918.95,10908.4,10909.35,09:55:00,10942.231055196457,1,9
2019-09-03,10933.15,10936.6,10914.15,10914.4,10:00:00,10941.366192796791,1,10
2019-09-03,10922.35,10933.9,10920.05,10932.85,10:05:00,10939.555126816147,1,11
2019-09-03,10910.05,10922.25,10908.55,10922.25,10:10:00,10936.745114738418,1,12
2019-09-03,10898.1,10909.65,10894.65,10909.65,10:15:00,10933.064627620472,1,13
2019-09-03,10895.25,10902.1,10892.15,10898.45,10:20:00,10929.463234513762,1,14
2019-09-03,10894.45,10903.35,10890.35,10895.05,10:25:00,10926.128640750549,1,15
2019-09-03,10886.8,10895.6,10883.6,10894.2,10:30:00,10922.383055917162,1,16
2019-09-03,10880.15,10887.1,10878.4,10887.1,10:35:00,10918.360860115528,1,17
2019-09-03,10896.1,10897.1,10879.2,10880.7,10:40:00,10916.240778199764,1,18
2019-09-03,10895.7,10902.75,10893.7,10895.75,10:45:00,10914.28451360931,1,19
2019-09-03,10897.85,10901.8,10895.6,10895.9,10:50:00,10912.719321836994,1,20
2019-09-03,10898.65,10906.0,10896.95,10898.35,10:55:00,10911.379386423949,1,21
2019-09-03,10905.4,10907.55,10896.9,10898.15,11:00:00,10910.80992105024,1,22
2019-09-03,10905.65,10911.6,10902.75,10905.25,11:05:00,10910.318499997837,1,23
2019-09-03,10900.2,10909.5,10899.6,10905.35,11:10:00,10909.354833331374,1,24
2019-09-03,10898.1,10900.85,10895.15,10900.35,11:15:00,10908.282944442672,1,25
2019-09-03,10897.35,10902.55,10895.75,10897.95,11:20:00,10907.241711638608,1,26
2019-09-03,10906.75,10909.25,10895.35,10897.6,11:25:00,10907.19488195874,1,27
2019-09-03,10900.65,10907.65,10900.0,10906.6,11:30:00,10906.571559867432,1,28
2019-09-03,10907.95,10910.25,10901.35,10901.35,11:35:00,10906.702839880058,1,29
2019-09-03,10903.95,10910.05,10903.65,10907.75,11:40:00,10906.440664653386,1,30
2019-09-03,10896.35,10903.5,10895.15,10903.5,11:45:00,10905.479648972112,1,31
2019-09-03,10893.9,10899.8,10893.55,10896.05,11:50:00,10904.376825260482,1,32
2019-09-03,10897.3,10899.4,10892.6,10893.5,11:55:00,10903.70284190234,1,33
2019-09-03,10895.45,10897.05,10890.9,10896.85,12:00:00,10902.91685695926,1,34
2019-09-03,10890.55,10896.15,10888.4,10895.0,12:05:00,10901.73906105838,1,35
2019-09-03,10889.8,10891.2,10885.9,10890.05,12:10:00,10900.602007624248,1,36
2019-09-03,10885.3,10895.3,10881.4,10889.4,12:15:00,10899.144673564797,1,37
2019-09-03,10881.85,10889.75,10879.3,10885.1,12:20:00,10897.49756179672,1,38
2019-09-03,10883.45,10884.5,10879.15,10881.75,12:25:00,10896.15969876846,1,39
2019-09-03,10876.65,10883.4,10871.9,10883.25,12:30:00,10894.301632219083,1,40
2019-09-03,10873.85,10880.35,10870.9,10876.15,12:35:00,10892.353857722028,1,41
2019-09-03,10882.15,10883.95,10870.1,10873.3,12:40:00,10891.382061748502,1,42
2019-09-03,10878.15,10882.05,10877.8,10881.75,12:45:00,10890.121865391502,1,43
2019-09-03,10882.95,10883.95,10871.55,10877.75,12:50:00,10889.438830592311,1,44
2019-09-03,10883.35,10894.75,10882.8,10883.85,12:55:00,10888.858941964472,1,45
2019-09-03,10882.05,10883.95,10877.7,10882.95,13:00:00,10888.210471301189,1,46
2019-09-03,10879.3,10885.35,10878.4,10881.5,13:05:00,10887.36185498679,1,47
2019-09-03,10886.3,10889.85,10878.25,10878.7,13:10:00,10887.260725940429,1,48
2019-09-03,10888.55,10894.05,10884.0,10885.15,13:15:00,10887.383513946104,1,49
2019-09-03,10879.9,10892.3,10878.05,10888.3,13:20:00,10886.670798332188,1,50
2019-09-03,10873.65,10879.9,10870.5,10879.35,13:25:00,10885.43072230055,1,51
2019-09-03,10867.55,10879.1,10867.55,10873.25,13:30:00,10883.727796367166,1,52
2019-09-03,10851.0,10868.4,10851.0,10866.3,13:35:00,10880.610863379816,1,53
2019-09-03,10859.6,10861.05,10848.05,10851.75,13:40:00,10878.609828772214,1,54
2019-09-03,10857.4,10862.6,10853.5,10858.35,13:45:00,10876.58984507962,1,55
2019-09-03,10864.2,10866.8,10856.65,10857.15,13:50:00,10875.409859833944,1,56
2019-09-03,10857.4,10864.45,10856.8,10863.65,13:55:00,10873.694635087852,1,57
2019-09-03,10851.2,10857.6,10846.55,10856.95,14:00:00,10871.552288889012,1,58
2019-09-03,10840.6,10851.45,10839.7,10851.3,14:05:00,10868.604451851965,1,59
2019-09-03,10853.4,10857.3,10839.5,10840.8,14:10:00,10867.156408818442,1,60
2019-09-03,10853.6,10853.75,10848.3,10852.9,14:15:00,10865.865322264304,1,61
2019-09-03,10868.35,10868.6,10853.15,10853.75,14:20:00,10866.101958239133,1,62
2019-09-03,10871.8,10874.0,10858.5,10868.6,14:25:00,10866.644628883025,1,63
2019-09-03,10879.85,10881.35,10868.1,10871.1,14:30:00,10867.902283275116,1,64
2019-09-03,10870.5,10881.05,10867.8,10879.75,14:35:00,10868.149684867962,1,65
2019-09-03,10851.7,10873.25,10851.65,10870.9,14:40:00,10866.58304821387,1,66
2019-09-03,10842.8,10854.1,10832.2,10851.75,14:45:00,10864.317996003025,1,67
2019-09-03,10839.1,10847.95,10836.45,10842.45,14:50:00,10861.916282097976,1,68
2019-09-03,10835.65,10845.95,10831.75,10838.8,14:55:00,10859.414731421975,1,69
2019-09-03,10819.2,10834.4,10813.4,10834.4,15:00:00,10855.584757000835,1,70
2019-09-03,10818.95,10820.2,10809.4,10818.7,15:05:00,10852.095732524564,1,71
2019-09-03,10808.05,10817.9,10802.85,10817.9,15:10:00,10847.90090085556,1,72
2019-09-03,10783.8,10808.55,10782.65,10807.7,15:15:00,10841.79605315503,1,73
2019-09-03,10774.85,10786.4,10773.15,10784.1,15:20:00,10835.420238568837,1,74
2019-09-03,10775.85,10781.9,10772.7,10773.5,15:25:00,10829.746882514664,1,75
2019-09-04,10799.9,10823.55,10782.2,10789.0,09:15:00,10826.904322275172,2,1
2019-09-04,10782.9,10798.85,10775.7,10798.85,09:20:00,10822.71343443944,2,2
2019-09-04,10765.45,10782.8,10760.95,10782.55,09:25:00,10817.259774016637,2,3
2019-09-04,10799.85,10799.85,10757.3,10764.55,09:30:00,10815.601700300766,2,4
2019-09-04,10787.0,10812.65,10785.85,10799.8,09:35:00,10812.87772884355,2,5
2019-09-04,10784.05,10799.05,10778.4,10788.2,09:40:00,10810.13223085845,2,6
2019-09-04,10780.55,10788.45,10770.6,10784.0,09:45:00,10807.314875538596,2,7
2019-09-04,10802.55,10804.8,10779.95,10780.75,09:50:00,10806.861077868256,2,8
2019-09-04,10803.7,10806.3,10790.45,10802.7,09:55:00,10806.560022833184,2,9
2019-09-04,10800.45,10816.3,10798.35,10803.0,10:00:00,10805.97811589669,2,10
2019-09-04,10813.85,10814.45,10800.3,10801.0,10:05:00,10806.727819144624,2,11
2019-09-04,10801.15,10818.05,10798.35,10813.7,10:10:00,10806.196598273707,2,12
2019-09-04,10798.85,10806.75,10791.25,10801.35,10:15:00,10805.49692224764,2,13
2019-09-04,10789.85,10798.85,10784.75,10798.35,10:20:00,10804.006739176437,2,14
2019-09-04,10794.95,10795.05,10783.45,10790.15,10:25:00,10803.144192588205,2,15
2019-09-04,10787.4,10801.9,10786.6,10795.0,10:30:00,10801.644745675045,2,16
2019-09-04,10777.9,10788.4,10777.15,10787.45,10:35:00,10799.38334132504,2,17
2019-09-04,10768.25,10783.8,10766.5,10777.55,10:40:00,10796.418261198844,2,18
2019-09-04,10753.95,10768.1,10752.8,10768.05,10:45:00,10792.373664894192,2,19
2019-09-04,10761.1,10761.6,10746.35,10754.35,10:50:00,10789.395220618557,2,20
2019-09-04,10765.55,10766.1,10755.25,10761.35,10:55:00,10787.124247226311,2,21
2019-09-04,10767.6,10777.45,10764.6,10765.2,11:00:00,10785.26479510952,2,22
2019-09-04,10755.35,10769.2,10753.6,10767.45,11:05:00,10782.415767003851,2,23
2019-09-04,10758.3,10762.65,10754.8,10756.15,11:10:00,10780.1190272892,2,24
2019-09-04,10755.5,10768.8,10755.5,10757.75,11:15:00,10777.774358023562,2,25
2019-09-04,10761.6,10762.65,10752.65,10755.4,11:20:00,10776.2339429737,2,26
2019-09-04,10768.75,10771.9,10759.4,10761.8,11:25:00,10775.521186500013,2,27
2019-09-04,10797.4,10801.35,10768.9,10769.0,11:30:00,10777.60488302382,2,28
2019-09-04,10795.5,10800.0,10783.3,10798.55,11:35:00,10779.309179878695,2,29
2019-09-04,10807.35,10809.4,10796.1,10796.55,11:40:00,10781.979734175962,2,30
2019-09-04,10816.35,10822.9,10807.15,10808.3,11:45:00,10785.253092825871,2,31
2019-09-04,10814.25,10820.55,10812.0,10816.1,11:50:00,10788.01470303293,2,32
2019-09-04,10805.05,10815.55,10802.9,10815.05,11:55:00,10789.637112267888,2,33
2019-09-04,10795.3,10809.65,10792.4,10805.15,12:00:00,10790.176434909044,2,34
2019-09-04,10805.9,10806.1,10795.15,10795.55,12:05:00,10791.673917298658,2,35
2019-09-04,10798.45,10807.75,10795.85,10806.4,12:10:00,10792.319258508309,2,36
2019-09-04,10796.65,10798.7,10786.85,10798.4,12:15:00,10792.731710078946,2,37
2019-09-04,10793.55,10805.15,10791.5,10796.75,12:20:00,10792.80964245238,2,38
2019-09-04,10802.9,10802.95,10792.3,10793.05,12:25:00,10793.770628885488,2,39
2019-09-04,10788.0,10808.95,10787.7,10802.85,12:30:00,10793.221045182108,2,40
2019-09-04,10785.2,10794.2,10784.65,10787.9,12:35:00,10792.457136117144,2,41
2019-09-04,10798.25,10803.85,10784.45,10785.15,12:40:00,10793.00883743932,2,42
2019-09-04,10795.9,10804.55,10795.45,10797.8,12:45:00,10793.284186254625,2,43
2019-09-04,10804.35,10805.05,10795.35,10796.1,12:50:00,10794.338073277991,2,44
2019-09-04,10806.25,10807.15,10798.95,10804.3,12:55:00,10795.472542489611,2,45
2019-09-04,10820.55,10823.3,10802.75,10806.0,13:00:00,10797.860871776316,2,46
2019-09-04,10819.75,10826.4,10814.15,10820.75,13:05:00,10799.945550654764,2,47
2019-09-04,10828.55,10832.2,10814.5,10819.95,13:10:00,10802.669783925738,2,48
2019-09-04,10834.2,10838.2,10828.9,10828.9,13:15:00,10805.672661647097,2,49
2019-09-04,10831.55,10836.25,10824.7,10833.85,13:20:00,10808.137170061658,2,50
2019-09-04,10831.2,10833.75,10824.4,10830.95,13:25:00,10810.333630055786,2,51
2019-09-04,10843.55,10847.9,10831.2,10831.4,13:30:00,10813.497093859996,2,52
2019-09-04,10839.05,10845.25,10833.5,10842.95,13:35:00,10815.930703968568,2,53
2019-09-04,10842.7,10848.6,10839.15,10839.35,13:40:00,10818.480160733468,2,54
2019-09-04,10826.95,10843.55,10826.65,10843.2,13:45:00,10819.286812092185,2,55
2019-09-04,10828.0,10836.45,10825.15,10826.75,13:50:00,10820.116639511976,2,56
2019-09-04,10828.35,10835.1,10821.5,10827.3,13:55:00,10820.900769082264,2,57
2019-09-04,10835.7,10835.7,10828.05,10828.2,14:00:00,10822.31021964586,2,58
2019-09-04,10840.5,10841.05,10834.75,10834.75,14:05:00,10824.042579679586,2,59
2019-09-04,10832.2,10843.75,10832.2,10840.6,14:10:00,10824.81947685296,2,60
2019-09-04,10809.55,10835.55,10798.85,10832.0,14:15:00,10823.3652409622,2,61
2019-09-04,10808.5,10816.85,10802.8,10810.35,14:20:00,10821.949503727705,2,62
2019-09-04,10803.25,10815.35,10793.5,10808.4,14:25:00,10820.16859861078,2,63
2019-09-04,10813.8,10818.0,10802.9,10802.9,14:30:00,10819.562065409753,2,64
2019-09-04,10825.0,10825.95,10813.95,10814.0,14:35:00,10820.079963942158,2,65
2019-09-04,10831.1,10831.35,10819.55,10824.7,14:40:00,10821.129491185762,2,66
2019-09-04,10818.2,10835.55,10815.8,10830.85,14:45:00,10820.850492025213,2,67
2019-09-04,10821.45,10826.35,10818.05,10818.1,14:50:00,10820.907588022812,2,68
2019-09-04,10824.45,10832.35,10821.1,10821.8,14:55:00,10821.244960592068,2,69
2019-09-04,10856.65,10858.75,10824.9,10825.8,15:00:00,10824.61686910711,2,70
2019-09-04,10850.75,10858.45,10848.15,10856.45,15:05:00,10827.105738715956,2,71
2019-09-04,10854.6,10854.6,10843.9,10851.7,15:10:00,10829.724239790628,2,72
2019-09-04,10843.25,10854.4,10840.4,10854.4,15:15:00,10831.012407429616,2,73
2019-09-04,10833.35,10843.8,10832.15,10843.8,15:20:00,10831.23503529346,2,74
2019-09-04,10836.85,10837.85,10833.15,10833.8,15:25:00,10831.769793836942,2,75
2019-09-05,10900.7,10902.85,10858.8,10858.8,09:15:00,10838.33457537628,3,1
2019-09-05,10903.95,10908.8,10897.3,10899.5,09:20:00,10844.583663435684,3,2
2019-09-05,10893.25,10905.5,10889.75,10904.85,09:25:00,10849.218552632286,3,3
2019-09-05,10881.6,10894.1,10879.55,10894.0,09:30:00,10852.30250000064,3,4
2019-09-05,10880.55,10893.6,10879.25,10880.9,09:35:00,10854.992738095818,3,5
2019-09-05,10875.85,10882.0,10872.15,10880.15,09:40:00,10856.979143991452,3,6
2019-09-05,10875.45,10885.15,10871.4,10875.2,09:45:00,10858.738273135124,3,7
2019-09-05,10896.4,10896.4,10875.8,10875.8,09:50:00,10862.325104265112,3,8
2019-09-05,10892.55,10900.55,10889.0,10897.0,09:55:00,10865.203665763673,3,9
2019-09-05,10901.4,10908.5,10892.95,10893.55,10:00:00,10868.650935690945,3,10
2019-09-05,10899.85,10904.95,10896.85,10901.95,10:05:00,10871.62227514895,3,11
2019-09-05,10906.65,10910.05,10899.65,10900.5,10:10:00,10874.958248944287,3,12
2019-09-05,10896.4,10906.85,10895.0,10906.85,10:15:00,10877.000320473402,3,13
2019-09-05,10903.4,10903.85,10894.4,10896.75,10:20:00,10879.514575666411,3,14
2019-09-05,10917.4,10918.7,10903.4,10903.6,10:25:00,10883.12271131723,3,15
2019-09-05,10913.6,10920.1,10909.0,10918.35,10:30:00,10886.025310239398,3,16
2019-09-05,10912.4,10913.5,10907.8,10912.75,10:35:00,10888.537185454694,3,17
2019-09-05,10911.5,10915.5,10908.25,10912.65,10:40:00,10890.724120173294,3,18
2019-09-05,10900.35,10914.4,10900.0,10911.15,10:45:00,10891.64087063298,3,19
2019-09-05,10899.65,10901.05,10894.85,10900.55,10:50:00,10892.403644858412,3,20
2019-09-05,10900.75,10904.15,10897.1,10899.35,10:55:00,10893.198535824276,3,21
2019-09-05,10899.4,10907.15,10895.65,10900.4,11:00:00,10893.78915146006,3,22
2019-09-05,10897.55,10901.5,10892.75,10899.75,11:05:00,10894.147327511482,3,23
2019-09-05,10889.35,10900.05,10885.0,10898.15,11:10:00,10893.690439177057,3,24
2019-09-05,10885.4,10890.6,10880.75,10889.4,11:15:00,10892.900873541148,3,25
2019-09-05,10890.4,10894.85,10885.2,10886.05,11:20:00,10892.662695108656,3,26
2019-09-05,10887.75,10895.1,10886.3,10890.55,11:25:00,10892.194819384022,3,27
2019-09-05,10883.15,10888.35,10881.7,10888.3,11:30:00,10891.333408014116,3,28
2019-09-05,10863.45,10885.75,10863.45,10883.1,11:35:00,10888.677845346105,3,29
2019-09-05,10850.15,10870.0,10844.95,10863.75,11:40:00,10885.008526741714,3,30
2019-09-05,10852.7,10860.4,10838.1,10848.95,11:45:00,10881.931524194884,3,31
2019-09-05,10838.35,10853.25,10832.5,10852.1,11:50:00,10877.780902842993,3,32
2019-09-05,10841.55,10841.7,10827.9,10838.4,11:55:00,10874.330340667468,3,33
2019-09-05,10843.6,10848.45,10840.2,10842.05,12:00:00,10871.40364155628,3,34
2019-09-05,10830.25,10844.55,10828.65,10844.0,12:05:00,10867.48424712235,3,35
2019-09-05,10832.85,10834.65,10823.65,10830.45,12:10:00,10864.185747396412,3,36
2019-09-05,10826.3,10836.4,10818.2,10832.65,12:15:00,10860.577580977704,3,37
2019-09-05,10833.9,10834.65,10819.7,10825.95,12:20:00,10858.036858979827,3,38
2019-09-05,10826.6,10841.35,10826.25,10834.5,12:25:00,10855.04287241032,3,39
2019-09-05,10831.7,10835.5,10824.85,10826.35,12:30:00,10852.819741704576,3,40
2019-09-05,10831.3,10838.05,10829.55,10832.45,12:35:00,10850.770242494616,3,41
2019-09-05,10841.85,10843.3,10831.65,10831.65,12:40:00,10849.920695590365,3,42
2019-09-05,10834.15,10842.8,10833.2,10841.9,12:45:00,10848.41872458176,3,43
2019-09-05,10839.4,10845.15,10833.7,10834.2,12:50:00,10847.559798431115,3,44
2019-09-05,10833.75,10842.9,10833.6,10839.55,12:55:00,10846.244579532917,3,45
2019-09-05,10828.65,10834.5,10822.85,10834.0,13:00:00,10844.568905291684,3,46
2019-09-05,10820.8,10828.05,10816.0,10828.0,13:05:00,10842.305200025809,3,47
2019-09-05,10854.15,10854.65,10819.5,10821.5,13:10:00,10843.433276213827,3,48
2019-09-05,10843.8,10859.9,10841.65,10854.6,13:15:00,10843.4682022887,3,49
2019-09-05,10835.2,10845.45,10829.95,10844.55,13:20:00,10842.68075445168,3,50
2019-09-05,10837.2,10841.4,10833.65,10834.95,13:25:00,10842.158777837236,3,51
2019-09-05,10834.05,10837.9,10824.25,10837.9,13:30:00,10841.386513281308,3,52
2019-09-05,10837.05,10841.9,10833.4,10833.95,13:35:00,10840.973512016422,3,53
2019-09-05,10844.55,10848.25,10833.45,10837.0,13:40:00,10841.31412991962,3,54
2019-09-05,10834.6,10852.4,10832.6,10844.45,13:45:00,10840.674688974896,3,55
2019-09-05,10840.45,10844.5,10834.45,10834.5,13:50:00,10840.653290024906,3,56
2019-09-05,10841.25,10848.5,10838.7,10840.3,13:55:00,10840.710119546344,3,57
2019-09-05,10830.9,10843.4,10828.2,10841.45,14:00:00,10839.775822446692,3,58
2019-09-05,10839.65,10845.6,10824.6,10831.25,14:05:00,10839.763839356532,3,59
2019-09-05,10829.15,10840.7,10829.0,10840.15,14:10:00,10838.752997513053,3,60
2019-09-05,10836.4,10842.2,10826.35,10829.7,14:15:00,10838.528902511807,3,61
2019-09-05,10835.55,10838.7,10830.1,10837.2,14:20:00,10838.245197510683,3,62
2019-09-05,10850.3,10858.7,10835.55,10835.75,14:25:00,10839.39327393824,3,63
2019-09-05,10839.6,10852.2,10839.1,10850.15,14:30:00,10839.412962134598,3,64
2019-09-05,10842.0,10844.7,10834.15,10839.5,14:35:00,10839.659346693206,3,65
2019-09-05,10841.75,10848.9,10835.95,10842.05,14:40:00,10839.858456531949,3,66
2019-09-05,10835.3,10847.35,10830.5,10841.95,14:45:00,10839.42431781462,3,67
2019-09-05,10840.55,10842.75,10828.5,10834.35,14:50:00,10839.531525641798,3,68
2019-09-05,10837.25,10843.3,10837.25,10840.9,14:55:00,10839.314237485436,3,69
2019-09-05,10850.75,10852.0,10825.05,10837.4,15:00:00,10840.403357724916,3,70
2019-09-05,10848.9,10857.75,10848.65,10850.5,15:05:00,10841.212561751116,3,71
2019-09-05,10852.5,10852.5,10839.8,10848.25,15:10:00,10842.287555870058,3,72
2019-09-05,10854.2,10855.05,10845.95,10852.1,15:15:00,10843.422074358625,3,73
2019-09-05,10847.7,10854.6,10846.95,10854.0,15:20:00,10843.82949584828,3,74
2019-09-05,10840.7,10848.9,10839.55,10847.45,15:25:00,10843.531448624635,3,75
2019-09-06,10898.1,10898.1,10877.7,10877.7,09:15:00,10848.728453517526,4,1
2019-09-06,10892.85,10905.2,10888.65,10898.9,09:20:00,10852.930505563476,4,2
2019-09-06,10885.95,10898.4,10881.35,10894.75,09:25:00,10856.075219319337,4,3
2019-09-06,10895.9,10897.55,10877.35,10885.55,09:30:00,10859.868055574638,4,4
2019-09-06,10898.8,10906.8,10894.75,10895.75,09:35:00,10863.575859805624,4,5
2019-09-06,10894.85,10903.85,10893.1,10899.2,09:40:00,10866.554349347947,4,6
2019-09-06,10890.0,10897.15,10887.85,10894.75,09:45:00,10868.787268457669,4,7
2019-09-06,10896.5,10896.7,10882.8,10889.45,09:50:00,10871.426576223605,4,8
2019-09-06,10898.65,10901.95,10893.35,10896.1,09:55:00,10874.019283249929,4,9
2019-09-06,10886.15,10901.5,10885.8,10898.85,10:00:00,10875.174589607075,4,10
2019-09-06,10878.4,10887.45,10873.8,10886.4,10:05:00,10875.48177154926,4,11
2019-09-06,10884.95,10885.95,10876.95,10878.2,10:10:00,10876.383507592189,4,12
2019-09-06,10876.3,10885.25,10873.75,10885.25,10:15:00,10876.37555448817,4,13
2019-09-06,10871.5,10877.4,10867.45,10876.05,10:20:00,10875.911215965489,4,14
2019-09-06,10876.5,10880.55,10870.15,10871.65,10:25:00,10875.96729063544,4,15
2019-09-06,10882.0,10884.8,10876.4,10876.4,10:30:00,10876.541834384449,4,16
2019-09-06,10876.4,10881.75,10875.4,10881.6,10:35:00,10876.528326347834,4,17
2019-09-06,10879.1,10880.45,10874.75,10876.15,10:40:00,10876.77324764804,4,18
2019-09-06,10890.85,10891.3,10879.1,10879.2,10:45:00,10878.11389072918,4,19
2019-09-06,10893.5,10897.7,10889.3,10890.5,10:50:00,10879.57923446926,4,20
2019-09-06,10902.55,10904.35,10890.5,10893.75,10:55:00,10881.766926424569,4,21
2019-09-06,10897.45,10905.05,10894.2,10902.4,11:00:00,10883.260552479373,4,22
2019-09-06,10899.25,10899.95,10895.4,10897.35,11:05:00,10884.783357005146,4,23
2019-09-06,10898.6,10902.6,10897.35,10899.5,11:10:00,10886.09922776656,4,24
2019-09-06,10901.3,10904.7,10898.8,10898.8,11:15:00,10887.546920360222,4,25
2019-09-06,10896.45,10901.6,10895.05,10901.2,11:20:00,10888.394832706868,4,26
2019-09-06,10898.1,10900.85,10893.0,10896.65,11:25:00,10889.319134353833,4,27
2019-09-06,10898.95,10900.3,10896.5,10898.15,11:30:00,10890.236359653469,4,28
2019-09-06,10894.6,10898.6,10890.1,10898.6,11:35:00,10890.651944448377,4,29
2019-09-06,10912.0,10914.2,10894.1,10894.8,11:40:00,10892.68509259615,4,30
2019-09-06,10912.45,10912.8,10907.25,10911.55,11:45:00,10894.56746472985,4,31
2019-09-06,10906.45,10913.25,10903.05,10912.35,11:50:00,10895.699134755578,4,32
2019-09-06,10912.8,10912.8,10905.0,10906.7,11:55:00,10897.32778858838,4,33
2019-09-06,10903.85,10912.55,10903.45,10912.55,12:00:00,10897.948951579963,4,34
2019-09-06,10908.0,10908.9,10902.4,10903.5,12:05:00,10898.906194286634,4,35
2019-09-06,10917.4,10917.9,10905.6,10907.75,12:10:00,10900.667509116478,4,36
2019-09-06,10910.5,10918.15,10909.85,10917.2,12:15:00,10901.60393681967,4,37
2019-09-06,10905.7,10911.4,10903.85,10910.45,12:20:00,10901.99403807494,4,38
2019-09-06,10909.85,10910.6,10900.25,10905.4,12:25:00,10902.742224924945,4,39
2019-09-06,10905.4,10911.65,10905.25,10910.1,12:30:00,10902.995346360663,4,40
2019-09-06,10913.95,10914.4,10904.5,10905.25,12:35:00,10904.038646707268,4,41
2019-09-06,10923.85,10930.05,10913.8,10914.3,12:40:00,10905.925442258957,4,42
2019-09-06,10920.8,10926.55,10919.05,10923.95,12:45:00,10907.342066805722,4,43
2019-09-06,10921.2,10921.45,10914.95,10921.0,12:50:00,10908.661869967082,4,44
2019-09-06,10922.75,10926.55,10921.3,10921.95,12:55:00,10910.003596636883,4,45
2019-09-06,10928.05,10930.35,10921.95,10922.25,13:00:00,10911.722301719084,4,46
2019-09-06,10933.2,10933.4,10926.75,10928.1,13:05:00,10913.767796793458,4,47
2019-09-06,10937.25,10941.15,10932.9,10933.6,13:10:00,10916.004197098842,4,48
2019-09-06,10934.15,10942.9,10933.75,10937.5,13:15:00,10917.732368803714,4,49
2019-09-06,10933.9,10935.85,10928.5,10933.55,13:20:00,10919.27214320336,4,50
2019-09-06,10941.4,10942.2,10930.95,10933.5,13:25:00,10921.379558136374,4,51
2019-09-06,10934.2,10942.05,10930.7,10941.3,13:30:00,10922.600552599575,4,52
2019-09-06,10942.4,10943.35,10933.7,10934.0,13:35:00,10924.48621425676,4,53
2019-09-06,10939.65,10942.4,10935.5,10941.95,13:40:00,10925.930384327545,4,54
2019-09-06,10944.55,10946.7,10939.1,10939.9,13:45:00,10927.703681058256,4,55
2019-09-06,10941.9,10945.35,10936.45,10944.7,13:50:00,10929.05571143366,4,56
2019-09-06,10933.1,10944.8,10931.45,10942.2,13:55:00,10929.440881773313,4,57
2019-09-06,10923.7,10933.15,10923.35,10932.5,14:00:00,10928.894131128236,4,58
2019-09-06,10924.85,10932.4,10923.1,10923.95,14:05:00,10928.50897578269,4,59
2019-09-06,10925.0,10925.4,10919.8,10924.55,14:10:00,10928.17478761291,4,60
2019-09-06,10923.2,10926.45,10919.8,10925.05,14:15:00,10927.700998316444,4,61
2019-09-06,10919.55,10923.35,10913.6,10923.25,14:20:00,10926.924712762497,4,62
2019-09-06,10929.1,10929.1,10918.85,10919.2,14:25:00,10927.131882975593,4,63
2019-09-06,10930.0,10933.4,10925.85,10928.55,14:30:00,10927.405036977918,4,64
2019-09-06,10922.8,10931.15,10922.4,10929.65,14:35:00,10926.96646202764,4,65
2019-09-06,10931.75,10932.6,10923.1,10923.4,14:40:00,10927.422037072629,4,66
2019-09-06,10934.1,10938.2,10931.45,10931.85,14:45:00,10928.058033541902,4,67
2019-09-06,10929.25,10935.7,10917.75,10933.85,14:50:00,10928.17155415696,4,68
2019-09-06,10923.15,10929.1,10922.5,10929.1,14:55:00,10927.693310903916,4,69
2019-09-06,10940.25,10941.75,10922.6,10923.0,15:00:00,10928.889186055922,4,70
2019-09-06,10951.15,10951.15,10939.3,10939.7,15:05:00,10931.009263574406,4,71
2019-09-06,10948.7,10957.05,10946.65,10950.3,15:10:00,10932.69409561494,4,72
2019-09-06,10947.25,10951.75,10945.75,10948.65,15:15:00,10934.08037222304,4,73
2019-09-06,10945.2,10948.65,10944.05,10947.05,15:20:00,10935.139384392274,4,74
2019-09-06,10941.0,10945.55,10937.45,10944.8,15:25:00,10935.697538259676,4,75
2019-09-09,10898.9,10927.3,10890.85,10927.3,09:15:00,10932.193010806375,0,1
2019-09-09,10903.85,10908.05,10889.8,10897.95,09:20:00,10929.493676443864,0,2
2019-09-09,10908.15,10909.1,10896.7,10905.25,09:25:00,10927.460945353972,0,3
2019-09-09,10912.45,10916.25,10903.75,10906.7,09:30:00,10926.031331510736,0,4
2019-09-09,10921.2,10922.05,10911.45,10911.45,09:35:00,10925.57120470019,0,5
2019-09-09,10916.45,10923.55,10911.55,10921.5,09:40:00,10924.702518538268,0,6
2019-09-09,10920.35,10920.35,10906.95,10915.55,09:45:00,10924.287992963194,0,7
2019-09-09,10934.75,10935.8,10920.3,10920.6,09:50:00,10925.284374585746,0,8
2019-09-09,10929.35,10934.65,10929.3,10934.45,09:55:00,10925.671577006153,0,9
2019-09-09,10946.8,10947.55,10925.45,10928.95,10:00:00,10927.68380776747,0,10
2019-09-09,10986.0,10986.4,10945.8,10947.15,10:05:00,10933.237730837234,0,11
2019-09-09,10986.65,10994.75,10977.95,10986.7,10:10:00,10938.32461361464,0,12
2019-09-09,10992.05,10998.1,10983.2,10986.8,10:15:00,10943.441317079913,0,13
2019-09-09,10990.1,10993.5,10985.25,10992.15,10:20:00,10947.88500116754,0,14
2019-09-09,10988.5,10992.05,10985.2,10990.0,10:25:00,10951.75309629444,0,15
2019-09-09,11004.75,11005.75,10988.15,10988.35,10:30:00,10956.800420456875,0,16
2019-09-09,11005.2,11006.8,11000.45,11004.6,10:35:00,10961.409904222888,0,17
2019-09-09,10992.9,11011.55,10992.9,11005.5,10:40:00,10964.408960963568,0,18
2019-09-09,10992.05,10995.1,10987.5,10993.65,10:45:00,10967.0414408718,0,19
2019-09-09,11001.65,11003.0,10991.0,10991.3,10:50:00,10970.337494122105,0,20
2019-09-09,11006.9,11009.7,11000.55,11001.7,10:55:00,10973.819637539043,0,21
2019-09-09,11010.0,11012.15,11007.0,11007.2,11:00:00,10977.26538634485,0,22
2019-09-09,11011.25,11011.25,11005.25,11009.4,11:05:00,10980.502016216771,0,23
2019-09-09,11003.1,11011.8,11001.35,11011.4,11:10:00,10982.654205148508,0,24
2019-09-09,10996.1,11004.5,10994.5,11003.05,11:15:00,10983.934757039126,0,25
2019-09-09,11001.6,11002.9,10994.5,10996.5,11:20:00,10985.617161130636,0,26
2019-09-09,11002.35,11004.15,10998.95,11001.35,11:25:00,10987.210764832482,0,27
2019-09-09,10998.2,11005.45,10997.95,11002.5,11:30:00,10988.25735865796,0,28
2019-09-09,10998.8,10999.1,10992.5,10998.45,11:35:00,10989.261419738154,0,29
2019-09-09,11013.1,11013.15,10998.6,10998.7,11:40:00,10991.531760715472,0,30
2019-09-09,11012.1,11014.45,11008.75,11013.65,11:45:00,10993.490640647333,0,31
2019-09-09,11013.4,11014.55,11005.8,11012.4,11:50:00,10995.38677010949,0,32
2019-09-09,11007.7,11014.9,11007.55,11013.6,11:55:00,10996.55945867049,0,33
2019-09-09,11012.85,11014.0,11008.05,11008.2,12:00:00,10998.11093879711,0,34
2019-09-09,11015.4,11016.7,11009.7,11012.75,12:05:00,10999.75751605453,0,35
2019-09-09,11010.25,11015.9,11008.45,11015.35,12:10:00,11000.756800239811,0,36
2019-09-09,11011.3,11015.3,11010.25,11010.45,12:15:00,11001.760914502687,0,37
2019-09-09,11001.45,11013.8,11001.15,11011.2,12:20:00,11001.73130359767,0,38
2019-09-09,11009.8,11010.85,11000.4,11001.75,12:25:00,11002.499750874082,0,39
2019-09-09,11013.8,11016.5,11010.1,11010.1,12:30:00,11003.575965076549,0,40
2019-09-09,11014.6,11018.8,11013.75,11013.9,12:35:00,11004.625873164496,0,41
2019-09-09,11019.55,11024.25,11014.55,11014.75,12:40:00,11006.047218577402,0,42
2019-09-09,11017.1,11021.4,11017.1,11019.5,12:45:00,11007.099864427171,0,43
2019-09-09,11024.0,11024.7,11017.4,11017.95,12:50:00,11008.709401148397,0,44
2019-09-09,11014.15,11023.85,11014.15,11023.85,12:55:00,11009.227553419976,0,45
2019-09-09,11011.5,11018.1,11011.3,11014.25,13:00:00,11009.443976903787,0,46
2019-09-09,11019.8,11020.7,11011.6,11011.75,13:05:00,11010.430264817714,0,47
2019-09-09,11020.9,11022.0,11016.5,11020.0,13:10:00,11011.427382454123,0,48
2019-09-09,11018.65,11022.2,11016.7,11021.1,13:15:00,11012.115250791823,0,49
2019-09-09,11028.55,11028.55,11017.9,11018.75,13:20:00,11013.680465002128,0,50
2019-09-09,11018.6,11028.85,11018.6,11028.4,13:25:00,11014.148992144785,0,51
2019-09-09,11007.55,11018.85,11003.35,11018.7,13:30:00,11013.520516702423,0,52
2019-09-09,10992.9,11008.95,10990.3,11007.3,13:35:00,11011.55665796886,0,53
2019-09-09,10994.45,11000.2,10991.55,10992.65,13:40:00,11009.927452448015,0,54
2019-09-09,10973.4,10993.85,10965.75,10993.85,13:45:00,11006.448647452968,0,55
2019-09-09,10991.8,10991.8,10970.55,10973.55,13:50:00,11005.053538171733,0,56
2019-09-09,10988.05,10997.05,10986.1,10991.25,13:55:00,11003.434153583949,0,57
2019-09-09,10985.35,10993.25,10985.3,10988.15,14:00:00,11001.71185324262,0,58
2019-09-09,10991.7,10996.05,10982.25,10984.8,14:05:00,11000.75834340999,0,59
2019-09-09,10994.0,10995.15,10988.7,10991.1,14:10:00,11000.114691656658,0,60
2019-09-09,11001.65,11007.15,10994.75,10994.75,14:15:00,11000.26091149888,0,61
2019-09-09,11000.7,11008.8,11000.35,11001.3,14:20:00,11000.302729451369,0,62
2019-09-09,10992.05,11000.15,10989.65,11000.1,14:25:00,10999.516755217905,0,63
2019-09-09,10992.0,10994.65,10988.65,10991.9,14:30:00,10998.80087376858,0,64
2019-09-09,10995.6,10998.75,10980.9,10991.95,14:35:00,10998.496028647764,0,65
2019-09-09,10989.9,10999.05,10989.05,10995.2,14:40:00,10997.67735925274,0,66
2019-09-09,10983.3,10992.0,10982.7,10989.7,14:45:00,10996.308086942954,0,67
2019-09-09,10984.75,10989.1,10981.95,10983.05,14:50:00,10995.207316757913,0,68
2019-09-09,10993.8,10994.7,10983.5,10984.6,14:55:00,10995.07328659049,0,69
2019-09-09,10997.35,11002.6,10995.15,10995.15,15:00:00,10995.290116439017,0,70
2019-09-09,11004.85,11006.25,10997.4,10997.8,15:05:00,10996.200581540064,0,71
2019-09-09,11002.45,11005.8,10998.75,11004.8,15:10:00,10996.795764250532,0,72
2019-09-09,11002.6,11004.85,11000.35,11002.25,15:15:00,10997.348548607626,0,73
2019-09-09,11005.1,11006.5,11001.95,11002.2,15:20:00,10998.086782073568,0,74
2019-09-09,11004.3,11007.15,11001.6,11005.05,15:25:00,10998.67851711418,0,75
2019-09-11,11021.2,11034.8,11011.65,11019.55,09:15:00,11000.823420246164,2,1
2019-09-11,11029.7,11029.7,11016.5,11020.9,09:20:00,11003.57357069891,2,2
2019-09-11,11039.0,11043.2,11027.5,11029.45,09:25:00,11006.947516346634,2,3
2019-09-11,11036.1,11044.4,11035.25,11040.05,09:30:00,11009.72394336124,2,4
2019-09-11,11039.0,11044.45,11035.95,11035.95,09:35:00,11012.5121392316,2,5
2019-09-11,11040.25,11041.6,11031.0,11038.3,09:40:00,11015.153840257162,2,6
2019-09-11,11033.25,11040.9,11029.55,11040.0,09:45:00,11016.877284042192,2,7
2019-09-11,11030.1,11032.75,11023.6,11032.65,09:50:00,11018.13659032389,2,8
2019-09-11,11023.2,11032.4,11023.0,11029.6,09:55:00,11018.618819816851,2,9
2019-09-11,11022.55,11029.0,11018.25,11022.4,10:00:00,11018.993217929534,2,10
2019-09-11,11035.6,11036.75,11022.65,11022.65,10:05:00,11020.57481622196,2,11
2019-09-11,11031.45,11037.05,11031.1,11035.65,10:10:00,11021.610548010343,2,12
2019-09-11,11035.7,11039.45,11030.6,11031.3,10:15:00,11022.952400580789,2,13
2019-09-11,11038.45,11039.55,11034.95,11035.85,10:20:00,11024.428362430235,2,14
2019-09-11,11035.8,11039.4,11032.25,11038.3,10:25:00,11025.511375532118,2,15
2019-09-11,11034.3,11038.3,11032.95,11035.9,10:30:00,11026.348387386202,2,16
2019-09-11,11041.9,11042.35,11033.4,11033.95,10:35:00,11027.829493349422,2,17
2019-09-11,11038.3,11042.45,11035.8,11042.05,10:40:00,11028.826684459,2,18
2019-09-11,11040.0,11041.15,11038.15,11038.35,10:45:00,11029.890809748618,2,19
2019-09-11,11041.4,11041.75,11034.6,11039.85,10:50:00,11030.986923105893,2,20
2019-09-11,11040.8,11048.2,11040.65,11041.5,10:55:00,11031.92150185771,2,21
2019-09-11,11036.35,11041.9,11035.85,11040.7,11:00:00,11032.343263585548,2,22
2019-09-11,11041.4,11041.65,11034.35,11036.3,11:05:00,11033.205809910734,2,23
2019-09-11,11037.35,11042.0,11037.35,11041.15,11:10:00,11033.60049468114,2,24
2019-09-11,11036.7,11039.55,11031.9,11037.15,11:15:00,11033.895685663889,2,25
2019-09-11,11042.8,11042.8,11036.55,11036.55,11:20:00,11034.74371560066,2,26
2019-09-11,11048.6,11050.25,11042.75,11042.9,11:25:00,11036.06336173393,2,27
2019-09-11,11046.65,11049.7,11045.25,11048.05,11:30:00,11037.071612997366,2,28
2019-09-11,11053.65,11053.65,11045.35,11046.4,11:35:00,11038.650506997616,2,29
2019-09-11,11052.2,11054.8,11050.9,11054.1,11:40:00,11039.940934902606,2,30
2019-09-11,11048.3,11053.3,11046.95,11051.9,11:45:00,11040.737036340452,2,31
2019-09-11,11049.95,11050.0,11045.2,11048.05,11:50:00,11041.614461450888,2,32
2019-09-11,11047.55,11051.75,11047.5,11050.25,11:55:00,11042.179750836516,2,33
2019-09-11,11048.7,11050.95,11047.35,11047.45,12:00:00,11042.800726947324,2,34
2019-09-11,11038.25,11048.6,11033.9,11048.5,12:05:00,11042.367324380912,2,35
2019-09-11,11031.4,11038.1,11030.7,11037.7,12:10:00,11041.322817297016,2,36
2019-09-11,11031.6,11032.85,11028.0,11030.9,12:15:00,11040.3968346973,2,37
2019-09-11,11031.2,11034.6,11029.6,11030.9,12:20:00,11039.52094567851,2,38
2019-09-11,11026.85,11032.15,11025.9,11030.4,12:25:00,11038.314188947224,2,39
2019-09-11,11031.1,11036.35,11026.6,11026.9,12:30:00,11037.627123333205,2,40
2019-09-11,11022.0,11030.55,11020.75,11030.45,12:35:00,11036.138825872898,2,41
2019-09-11,11029.5,11029.55,11020.95,11022.15,12:40:00,11035.506556742146,2,42
2019-09-11,11033.25,11034.15,11029.55,11029.6,12:45:00,11035.291646576226,2,43
2019-09-11,11033.0,11034.75,11032.85,11033.05,12:50:00,11035.073394521349,2,44
2019-09-11,11031.95,11033.7,11031.05,11033.4,12:55:00,11034.775928376455,2,45
2019-09-11,11039.3,11040.65,11031.85,11031.9,13:00:00,11035.206792340605,2,46
2019-09-11,11040.95,11041.9,11038.35,11038.85,13:05:00,11035.753764498642,2,47
2019-09-11,11039.2,11041.5,11037.65,11041.3,13:10:00,11036.081977403534,2,48
2019-09-11,11030.75,11040.15,11029.35,11038.9,13:15:00,11035.574170031769,2,49
2019-09-11,11032.0,11034.15,11029.95,11030.55,13:20:00,11035.233772885886,2,50
2019-09-11,11034.95,11036.35,11031.75,11031.85,13:25:00,11035.206746896754,2,51
2019-09-11,11027.1,11036.5,11026.8,11035.2,13:30:00,11034.43467576373,2,52
2019-09-11,11030.1,11030.95,11024.85,11027.65,13:35:00,11034.021849500516,2,53
2019-09-11,11029.5,11033.7,11029.2,11030.3,13:40:00,11033.591197167134,2,54
2019-09-11,11025.1,11030.05,11021.6,11029.45,13:45:00,11032.782511722646,2,55
2019-09-11,11041.2,11042.85,11024.95,11025.2,13:50:00,11033.584177272867,2,56
2019-09-11,11039.05,11042.1,11037.7,11041.15,13:55:00,11034.10473181831,2,57
2019-09-11,11037.65,11042.4,11035.7,11039.35,14:00:00,11034.442376407043,2,58
2019-09-11,11046.5,11047.2,11037.6,11037.8,14:05:00,11035.590721511137,2,59
2019-09-11,11045.9,11052.05,11043.55,11046.7,14:10:00,11036.572557557694,2,60
2019-09-11,11043.55,11046.7,11039.75,11045.75,14:15:00,11037.237075885532,2,61
2019-09-11,11045.5,11045.65,11040.65,11043.25,14:20:00,11038.024021039291,2,62
2019-09-11,11042.5,11045.55,11037.6,11045.4,14:25:00,11038.450304749837,2,63
2019-09-11,11041.7,11043.85,11038.65,11042.0,14:30:00,11038.759799535565,2,64
2019-09-11,11045.25,11046.4,11039.25,11041.45,14:35:00,11039.37791386551,2,65
2019-09-11,11046.35,11050.25,11044.65,11044.65,14:40:00,11040.041922068796,2,66
2019-09-11,11040.45,11046.1,11032.0,11046.1,14:45:00,11040.08078663367,2,67
2019-09-11,11037.75,11041.0,11037.05,11040.35,14:50:00,11039.858806954277,2,68
2019-09-11,11031.3,11037.75,11028.1,11037.05,14:55:00,11039.04368248244,2,69
2019-09-11,11047.05,11051.0,11031.7,11031.7,15:00:00,11039.806188912684,2,70
2019-09-11,11045.55,11047.4,11044.0,11046.85,15:05:00,11040.353218540047,2,71
2019-09-11,11040.3,11044.8,11038.25,11044.75,15:10:00,11040.348150107662,2,72
2019-09-11,11033.9,11040.2,11032.45,11040.2,15:15:00,11039.7340405736,2,73
2019-09-11,11024.35,11034.05,11024.35,11033.65,15:20:00,11038.268893852306,2,74
2019-09-11,11018.95,11028.75,11017.65,11024.4,15:25:00,11036.428999199705,2,75
2019-09-12,11072.1,11077.0,11052.25,11053.45,09:15:00,11039.826237371162,3,1
2019-09-12,11073.8,11080.35,11066.8,11072.15,09:20:00,11043.061833812004,3,2
2019-09-12,11064.0,11075.85,11062.2,11074.4,09:25:00,11045.055944877528,3,3
2019-09-12,11070.6,11072.75,11062.1,11064.1,09:30:00,11047.488712032047,3,4
2019-09-12,11069.65,11075.4,11069.3,11071.1,09:35:00,11049.59931088614,3,5
2019-09-12,11075.35,11078.0,11069.5,11070.35,09:40:00,11052.051757468413,3,6
2019-09-12,11078.9,11079.3,11073.55,11074.85,09:45:00,11054.608732947612,3,7
2019-09-12,11076.25,11078.8,11070.75,11078.75,09:50:00,11056.66980600022,3,8
2019-09-12,11078.5,11081.75,11074.25,11076.65,09:55:00,11058.748872095435,3,9
2019-09-12,11071.1,11079.75,11069.9,11078.05,10:00:00,11059.92516999111,3,10
2019-09-12,11070.6,11072.3,11069.05,11071.25,10:05:00,11060.941820468148,3,11
2019-09-12,11064.8,11071.35,11059.85,11071.35,10:10:00,11061.309266137849,3,12
2019-09-12,11059.1,11067.55,11056.55,11064.3,10:15:00,11061.098859839003,3,13
2019-09-12,11051.6,11059.15,11047.85,11059.05,10:20:00,11060.194206521004,3,14
2019-09-12,11056.0,11056.5,11051.65,11051.85,10:25:00,11059.79475828091,3,15
2019-09-12,11060.25,11061.25,11055.3,11055.85,10:30:00,11059.83811463511,3,16
2019-09-12,11063.2,11068.3,11059.95,11059.95,10:35:00,11060.15829419367,3,17
2019-09-12,11065.0,11066.2,11062.15,11063.3,10:40:00,11060.61940903237,3,18
2019-09-12,11060.1,11065.65,11057.45,11065.2,10:45:00,11060.56994150548,3,19
2019-09-12,11059.55,11060.05,11054.0,11059.9,10:50:00,11060.472804219242,3,20
2019-09-12,11061.05,11061.45,11055.4,11059.2,10:55:00,11060.52777524598,3,21
2019-09-12,11047.95,11062.1,11046.7,11060.9,11:00:00,11059.32989188922,3,22
2019-09-12,11043.9,11049.35,11043.3,11047.8,11:05:00,11057.86037837596,3,23
2019-09-12,11033.5,11044.65,11031.95,11043.7,11:10:00,11055.540342340157,3,24
2019-09-12,11040.9,11040.95,11025.95,11032.85,11:15:00,11054.146024022044,3,25
2019-09-12,11037.6,11042.75,11037.55,11040.85,11:20:00,11052.57021221042,3,26
2019-09-12,11031.85,11037.1,11028.9,11037.0,11:25:00,11050.596858666571,3,27
2019-09-12,11026.15,11032.05,11015.8,11031.55,11:30:00,11048.268586412612,3,28
2019-09-12,11022.1,11030.35,11022.1,11025.65,11:35:00,11045.776340087605,3,29
2019-09-12,11034.35,11036.7,11020.35,11021.7,11:40:00,11044.688117222116,3,30
2019-09-12,11025.2,11034.5,11023.25,11033.9,11:45:00,11042.832106058106,3,31
2019-09-12,11034.1,11035.45,11023.5,11024.85,11:50:00,11042.000476909714,3,32
2019-09-12,11043.65,11044.55,11031.35,11034.0,11:55:00,11042.157574346884,3,33
2019-09-12,11040.45,11044.15,11035.3,11043.1,12:00:00,11041.99494821861,3,34
2019-09-12,11042.1,11046.0,11040.05,11040.2,12:05:00,11042.00495315017,3,35
2019-09-12,11048.2,11049.3,11041.55,11041.6,12:10:00,11042.594957612058,3,36
2019-09-12,11045.9,11048.6,11042.3,11047.85,12:15:00,11042.909723553768,3,37
2019-09-12,11035.5,11046.05,11035.5,11046.05,12:20:00,11042.204035596264,3,38
2019-09-12,11046.7,11048.1,11034.45,11034.7,12:25:00,11042.632222682336,3,39
2019-09-12,11051.4,11056.3,11046.9,11046.9,12:30:00,11043.467249093545,3,40
2019-09-12,11049.25,11054.25,11048.7,11051.0,12:35:00,11044.01798727511,3,41
2019-09-12,11050.55,11051.7,11044.8,11048.7,12:40:00,11044.6400837251,3,42
2019-09-12,11052.45,11052.5,11041.75,11050.2,12:45:00,11045.383885275089,3,43
2019-09-12,11052.5,11055.55,11050.05,11052.25,12:50:00,11046.061610486986,3,44
2019-09-12,11053.75,11057.25,11052.0,11052.55,12:55:00,11046.793838059652,3,45
2019-09-12,11049.2,11057.05,11048.55,11053.95,13:00:00,11047.022996339683,3,46
2019-09-12,11045.8,11048.25,11037.7,11048.25,13:05:00,11046.90652049781,3,47
2019-09-12,11041.15,11049.7,11041.15,11045.55,13:10:00,11046.3582804504,3,48
2019-09-12,11048.5,11049.15,11040.35,11041.0,13:15:00,11046.562253740838,3,49
2019-09-12,11040.25,11049.35,11038.8,11048.65,13:20:00,11045.961086717902,3,50
2019-09-12,11044.35,11045.6,11033.5,11040.3,13:25:00,11045.807649887623,3,51
2019-09-12,11035.75,11043.9,11034.55,11043.65,13:30:00,11044.849778469756,3,52
2019-09-12,11037.55,11037.85,11032.25,11035.55,13:35:00,11044.154561472636,3,53
2019-09-12,11031.95,11042.15,11026.75,11037.6,13:40:00,11042.992222284764,3,54
2019-09-12,11025.65,11031.85,11019.95,11031.65,13:45:00,11041.340582067169,3,55
2019-09-12,11005.65,11032.2,11005.65,11025.5,13:50:00,11037.941479013152,3,56
2019-09-12,11018.7,11022.6,11003.7,11005.55,13:55:00,11036.108957202376,3,57
2019-09-12,11019.0,11021.15,11011.1,11018.35,14:00:00,11034.479532706911,3,58
2019-09-12,11024.35,11026.45,11012.05,11018.8,14:05:00,11033.514815306256,3,59
2019-09-12,11022.7,11025.3,11021.2,11022.75,14:10:00,11032.484832896134,3,60
2019-09-12,11015.4,11022.95,11011.35,11022.45,14:15:00,11030.857705953646,3,61
2019-09-12,11012.8,11023.2,11009.4,11015.1,14:20:00,11029.137924434252,3,62
2019-09-12,10995.05,11012.65,10986.15,11012.55,14:25:00,11025.891455440513,3,63
2019-09-12,11003.9,11003.9,10990.75,10995.65,14:30:00,11023.797031112845,3,64
2019-09-12,11013.25,11015.25,11004.25,11004.25,14:35:00,11022.79255195924,3,65
2019-09-12,11007.05,11017.3,11006.15,11013.35,14:40:00,11021.293261296456,3,66
2019-09-12,11004.85,11011.6,11000.95,11006.75,14:45:00,11019.72723641108,3,67
2019-09-12,11009.85,11010.7,11004.9,11005.05,14:50:00,11018.786547229072,3,68
2019-09-12,11002.0,11009.95,10996.9,11009.95,14:55:00,11017.187828445352,3,69
2019-09-12,10992.45,11011.4,10991.35,11001.55,15:00:00,11014.83184478389,3,70
2019-09-12,10985.5,10994.45,10984.95,10992.05,15:05:00,11012.038335756852,3,71
2019-09-12,10976.05,10986.6,10964.95,10985.95,15:10:00,11008.610875208582,3,72
2019-09-12,10979.65,10980.0,10972.15,10975.8,15:15:00,11005.852696617289,3,73
2019-09-12,10981.45,10984.65,10977.9,10979.75,15:20:00,11003.528630272784,3,74
2019-09-12,10981.05,10985.7,10978.0,10981.6,15:25:00,11001.387808342042,3,75
2019-09-13,11000.45,11001.35,10961.95,10984.1,09:15:00,11001.298493261847,4,1
2019-09-13,11019.4,11023.85,10995.45,11001.0,09:20:00,11003.022446284527,4,2
2019-09-13,11013.55,11018.95,11005.6,11018.9,09:25:00,11004.025070447908,4,3
2019-09-13,10998.65,11015.0,10996.7,11013.8,09:30:00,11003.51315897668,4,4
2019-09-13,10995.7,11011.7,10995.7,10998.6,09:35:00,11002.769048597947,4,5
2019-09-13,10986.1,10996.05,10973.4,10996.05,09:40:00,11001.181520160048,4,6
2019-09-13,10973.9,10985.95,10968.3,10985.55,09:45:00,10998.583280144803,4,7
2019-09-13,10976.3,10984.0,10973.7,10974.15,09:50:00,10996.461062988155,4,8
2019-09-13,10979.5,10988.2,10973.45,10976.6,09:55:00,10994.845723655952,4,9
2019-09-13,10957.3,10980.75,10953.1,10979.55,10:00:00,10991.269940450622,4,10
2019-09-13,10948.05,10959.05,10945.75,10955.8,10:05:00,10987.1537556458,4,11
2019-09-13,10956.55,10959.9,10948.85,10948.85,10:10:00,10984.239112250963,4,12
2019-09-13,10968.8,10969.1,10956.5,10957.15,10:15:00,10982.768720608014,4,13
2019-09-13,10969.3,10974.7,10964.8,10968.2,10:20:00,10981.48598531201,4,14
2019-09-13,10960.95,10970.25,10959.85,10969.7,10:25:00,10979.530177187056,4,15
2019-09-13,10954.75,10961.75,10949.15,10961.3,10:30:00,10977.1701603121,4,16
2019-09-13,10966.7,10970.8,10953.6,10954.1,10:35:00,10976.17300218714,4,17
2019-09-13,10972.85,10980.45,10967.15,10967.15,10:40:00,10975.856525788364,4,18
2019-09-13,10989.35,10990.25,10972.75,10972.95,10:45:00,10977.141618570426,4,19
2019-09-13,10979.7,10989.65,10977.7,10989.5,10:50:00,10977.38527394467,4,20
2019-09-13,10981.6,10984.3,10975.55,10980.05,10:55:00,10977.78667642613,4,21
2019-09-13,10972.45,10981.3,10970.65,10980.8,11:00:00,10977.278421528405,4,22
2019-09-13,10974.6,10977.2,10971.05,10972.5,11:05:00,10977.023333763796,4,23
2019-09-13,10968.6,10974.7,10960.75,10974.55,11:10:00,10976.221111500576,4,24
2019-09-13,10972.8,10974.65,10963.15,10968.3,11:15:00,10975.895291357663,4,25
2019-09-13,10968.95,10975.55,10968.9,10973.0,11:20:00,10975.233835037883,4,26
2019-09-13,10972.9,10973.25,10965.1,10969.1,11:25:00,10975.011565034276,4,27
2019-09-13,10967.85,10973.05,10964.45,10972.85,11:30:00,10974.329511221487,4,28
2019-09-13,10971.35,10973.0,10964.4,10968.0,11:35:00,10974.045748248012,4,29
2019-09-13,10967.05,10971.45,10964.9,10970.8,11:40:00,10973.379486510106,4,30
2019-09-13,10981.8,10983.5,10966.85,10967.35,11:45:00,10974.181440175813,4,31
2019-09-13,10981.4,10983.55,10977.7,10982.25,11:50:00,10974.86892206383,4,32
2019-09-13,10987.25,10992.1,10976.0,10981.05,11:55:00,10976.048072343465,4,33
2019-09-13,10990.15,10995.5,10987.25,10987.5,12:00:00,10977.391113072656,4,34
2019-09-13,10985.0,10990.7,10980.2,10990.5,12:05:00,10978.1157689705,4,35
2019-09-13,10980.6,10986.5,10980.05,10984.95,12:10:00,10978.35236240188,4,36
2019-09-13,10978.1,10981.85,10970.85,10981.85,12:15:00,10978.328327887417,4,37
2019-09-13,10980.35,10982.0,10976.8,10978.05,12:20:00,10978.520868088612,4,38
2019-09-13,10975.9,10980.85,10970.65,10980.3,12:25:00,10978.271261603984,4,39
2019-09-13,10979.05,10981.3,10975.4,10975.4,12:30:00,10978.345427165508,4,40
2019-09-13,10975.35,10979.05,10970.75,10978.3,12:35:00,10978.06014838784,4,41
2019-09-13,10963.05,10976.8,10958.75,10975.2,12:40:00,10976.630610446142,4,42
2019-09-13,10973.6,10975.3,10962.3,10963.85,12:45:00,10976.341980879844,4,43
2019-09-13,10973.2,10975.95,10970.0,10973.45,12:50:00,10976.042744605573,4,44
2019-09-13,10976.25,10978.05,10970.8,10973.5,12:55:00,10976.062483214566,4,45
2019-09-13,10985.95,10986.0,10971.0,10976.15,13:00:00,10977.004151479843,4,46
2019-09-13,10975.5,10986.15,10975.2,10986.0,13:05:00,10976.860898957955,4,47
2019-09-13,10977.75,10980.4,10975.7,10975.7,13:10:00,10976.945575247672,4,48
2019-09-13,10975.2,10984.1,10975.1,10977.65,13:15:00,10976.77932998599,4,49
2019-09-13,10975.2,10979.55,10974.35,10975.25,13:20:00,10976.628917606373,4,50
2019-09-13,10976.9,10979.6,10972.55,10975.6,13:25:00,10976.654734977192,4,51
2019-09-13,10992.9,10993.2,10973.85,10977.0,13:30:00,10978.2019030746,4,52
2019-09-13,10993.8,10995.25,10987.75,10993.65,13:35:00,10979.687436115117,4,53
2019-09-13,11008.4,11014.0,10992.95,10993.1,13:40:00,10982.421966008911,4,54
2019-09-13,11010.05,11014.6,11004.05,11008.6,13:45:00,10985.053207341396,4,55
2019-09-13,11006.85,11010.6,11003.2,11009.55,13:50:00,10987.1290923565,4,56
2019-09-13,11008.45,11009.45,10998.9,11006.9,13:55:00,10989.159654989217,4,57
2019-09-13,11005.2,11009.85,11000.6,11008.55,14:00:00,10990.687306895004,4,58
2019-09-13,11025.55,11028.45,11004.6,11004.85,14:05:00,10994.007563381194,4,59
2019-09-13,11023.25,11027.25,11020.6,11025.5,14:10:00,10996.79255734489,4,60
2019-09-13,11035.0,11037.05,11021.95,11023.5,14:15:00,11000.431361407282,4,61
2019-09-13,11035.9,11042.05,11032.6,11034.65,14:20:00,11003.80932698754,4,62
2019-09-13,11034.05,11036.05,11025.3,11036.05,14:25:00,11006.689391083966,4,63
2019-09-13,11023.3,11033.7,11022.25,11033.65,14:30:00,11008.271353837876,4,64
2019-09-13,11034.7,11034.7,11023.55,11024.05,14:35:00,11010.788367758078,4,65
2019-09-13,11036.75,11037.75,11032.6,11034.45,14:40:00,11013.26090416207,4,66
2019-09-13,11040.9,11045.15,11037.5,11037.5,14:45:00,11015.893199003778,4,67
2019-09-13,11039.25,11043.9,11035.7,11041.1,14:50:00,11018.117656241511,4,68
2019-09-13,11049.55,11051.4,11035.5,11039.75,14:55:00,11021.11121278994,4,69
2019-09-13,11069.85,11070.7,11051.55,11051.55,15:00:00,11025.753002048044,4,70
2019-09-13,11080.25,11082.6,11071.0,11071.8,15:05:00,11030.94319232918,4,71
2019-09-13,11078.0,11083.35,11073.4,11080.95,15:10:00,11035.424793059736,4,72
2019-09-13,11080.15,11083.55,11076.1,11078.6,15:15:00,11039.684336577857,4,73
2019-09-13,11081.9,11083.85,11075.85,11080.5,15:20:00,11043.704875951396,4,74
2019-09-13,11080.75,11084.45,11078.45,11082.5,15:25:00,11047.232983003643,4,75
2019-09-16,11009.7,11026.0,10988.85,10988.85,09:15:00,11043.658413193773,0,1
2019-09-16,11010.05,11016.4,10993.15,11009.95,09:20:00,11040.45761193722,0,2
2019-09-16,11011.85,11020.75,11008.2,11010.5,09:25:00,11037.73307746701,0,3
2019-09-16,10997.35,11018.55,10997.35,11012.1,09:30:00,11033.8870700892,0,4
2019-09-16,10992.8,11002.5,10988.8,10996.1,09:35:00,11029.97401579499,0,5
2019-09-16,11006.05,11006.1,10991.85,10992.6,09:40:00,11027.69553810023,0,6
2019-09-16,11012.85,11016.05,11000.1,11005.7,09:45:00,11026.28167732878,0,7
2019-09-16,11013.45,11019.9,11010.75,11011.8,09:50:00,11025.059612821276,0,8
2019-09-16,11015.75,11022.15,11010.3,11013.75,09:55:00,11024.172983028777,0,9
2019-09-16,11009.95,11015.55,11005.7,11015.55,10:00:00,11022.818413216512,0,10
2019-09-16,11019.05,11021.05,11009.75,11010.15,10:05:00,11022.4595167197,0,11
2019-09-16,11030.3,11031.3,11014.95,11018.85,10:10:00,11023.206229413065,0,12
2019-09-16,11033.3,11034.25,11022.85,11031.0,10:15:00,11024.167540897532,0,13
2019-09-16,11029.9,11033.35,11024.15,11033.35,10:20:00,11024.713489383485,0,14
2019-09-16,11024.65,11029.75,11019.45,11029.7,10:25:00,11024.707442775532,0,15
2019-09-16,11013.3,11025.6,11010.9,11024.7,10:30:00,11023.621019654052,0,16
2019-09-16,11008.7,11016.15,11004.45,11012.9,10:35:00,11022.19997016319,0,17
2019-09-16,11013.1,11015.8,11007.6,11008.75,10:40:00,11021.333306338123,0,18
2019-09-16,11021.4,11022.35,11010.9,11012.85,10:45:00,11021.339658115448,0,19
2019-09-16,11022.1,11023.7,11017.2,11021.1,10:50:00,11021.41207162826,0,20
2019-09-16,11030.6,11033.65,11019.1,11022.2,10:55:00,11022.287112425567,0,21
2019-09-16,11050.45,11050.45,11031.0,11031.0,11:00:00,11024.969292194564,0,22
2019-09-16,11047.75,11052.7,11043.3,11050.8,11:05:00,11027.138883414127,0,23
2019-09-16,11041.85,11048.35,11041.0,11047.65,11:10:00,11028.539942136593,0,24
2019-09-16,11046.45,11047.75,11035.95,11042.05,11:15:00,11030.245661933106,0,25
2019-09-16,11042.4,11046.45,11038.05,11046.3,11:20:00,11031.403217939476,0,26
2019-09-16,11034.45,11042.95,11032.75,11042.9,11:25:00,11031.693387659529,0,27
2019-09-16,11038.45,11040.15,11032.85,11034.35,11:30:00,11032.336874549095,0,28
2019-09-16,11041.25,11044.45,11035.15,11038.2,11:35:00,11033.185743639657,0,29
2019-09-16,11036.25,11048.2,11035.95,11041.1,11:40:00,11033.477577578738,0,30
2019-09-16,11030.25,11036.35,11026.7,11035.85,11:45:00,11033.170189237906,0,31
2019-09-16,11027.4,11030.95,11024.9,11030.45,11:50:00,11032.620647405724,0,32
2019-09-16,11022.55,11034.15,11019.35,11027.55,11:55:00,11031.66153812899,0,33
2019-09-16,11021.85,11029.5,11021.85,11022.45,12:00:00,11030.72710592623,0,34
2019-09-16,11023.7,11028.25,11022.0,11022.1,12:05:00,11030.05785774278,0,35
2019-09-16,11024.35,11028.85,11022.9,11023.85,12:10:00,11029.514252243463,0,36
2019-09-16,11021.1,11027.65,11020.5,11024.25,12:15:00,11028.712894886943,0,37
2019-09-16,11006.55,11022.4,11004.8,11021.2,12:20:00,11026.60214299295,0,38
2019-09-16,11002.5,11010.2,10999.3,11006.1,12:25:00,11024.306700803145,0,39
2019-09-16,11000.8,11001.45,10991.35,11001.45,12:30:00,11022.067967393325,0,40
2019-09-16,11005.5,11010.05,11000.3,11000.5,12:35:00,11020.490065736816,0,41
2019-09-16,11012.15,11016.25,11004.55,11004.65,12:40:00,11019.69577376188,0,42
2019-09-16,11004.65,11012.75,11004.65,11012.2,12:45:00,11018.262842927415,0,43
2019-09-16,10996.45,11005.65,10995.95,11004.35,12:50:00,11016.18542931528,0,44
2019-09-16,10981.85,10997.3,10972.7,10996.6,12:55:00,11012.915388428111,0,45
2019-09-16,10987.6,10988.45,10976.15,10981.75,13:00:00,11010.504399054009,0,46
2019-09-16,10982.3,10990.4,10981.85,10987.5,13:05:00,11007.818265810767,0,47
2019-09-16,10982.55,10987.0,10979.7,10982.1,13:10:00,11005.41176430498,0,48
2019-09-16,10972.05,10982.5,10968.2,10982.5,13:15:00,11002.234453418794,0,49
2019-09-16,10970.45,10981.0,10970.45,10971.8,13:20:00,10999.207362617006,0,50
2019-09-16,10979.05,10981.5,10970.2,10970.75,13:25:00,10997.28761379634,0,51
2019-09-16,10994.9,10997.35,10979.3,10979.3,13:30:00,10997.060222006212,0,52
2019-09-16,10996.0,11000.95,10993.95,10995.2,13:35:00,10996.959248481811,0,53
2019-09-16,10998.25,11003.8,10995.0,10996.3,13:40:00,10997.08217719783,0,54
2019-09-16,10989.55,10999.45,10988.65,10998.85,13:45:00,10996.364826988513,0,55
2019-09-16,10999.15,11000.55,10987.7,10990.15,13:50:00,10996.630081561034,0,56
2019-09-16,11008.65,11009.7,10997.55,10999.9,13:55:00,10997.774835698076,0,57
2019-09-16,11005.55,11009.1,11003.1,11009.1,14:00:00,10998.515327536355,0,58
2019-09-16,10999.55,11008.65,10998.6,11006.6,14:05:00,10998.61386777099,0,59
2019-09-16,10989.35,10999.85,10984.25,10999.4,14:10:00,10997.731594649944,0,60
2019-09-16,10993.65,10998.9,10987.8,10989.0,14:15:00,10997.342871349949,0,61
2019-09-16,10991.75,10996.05,10990.0,10994.25,14:20:00,10996.810216935668,0,62
2019-09-16,11006.05,11006.55,10988.9,10992.0,14:25:00,10997.690196275127,0,63
2019-09-16,11003.9,11016.15,11003.85,11005.8,14:30:00,10998.281606153689,0,64
2019-09-16,10996.65,11004.8,10992.35,11003.3,14:35:00,10998.126215091432,0,65
2019-09-16,10995.0,10998.9,10991.6,10996.55,14:40:00,10997.82848032082,0,66
2019-09-16,10983.05,10997.65,10977.7,10994.95,14:45:00,10996.42100600455,0,67
2019-09-16,10979.85,10987.25,10979.45,10982.65,14:50:00,10994.8428149565,0,68
2019-09-16,10991.25,10995.65,10979.55,10980.05,14:55:00,10994.500642103498,0,69
2019-09-16,11006.35,11012.0,10992.0,10992.0,15:00:00,10995.629152379355,0,70
2019-09-16,11007.65,11009.2,11002.3,11006.75,15:05:00,10996.773995009891,0,71
2019-09-16,11005.5,11008.2,11001.45,11007.9,15:10:00,10997.60504310419,0,72
2019-09-16,11000.1,11006.6,10997.15,11004.6,15:15:00,10997.842658046648,0,73
2019-09-16,11004.5,11005.45,10998.8,10999.9,15:20:00,10998.476690613634,0,74
2019-09-16,10993.25,11004.9,10993.1,11004.4,15:25:00,10997.978910555194,0,75
2019-09-17,10977.45,10991.55,10965.25,10991.55,09:15:00,10996.023776216603,1,1
2019-09-17,10972.15,10979.35,10966.95,10977.1,09:20:00,10993.750083243594,1,2
2019-09-17,10982.5,10985.0,10969.4,10972.7,09:25:00,10992.678646744203,1,3
2019-09-17,10984.9,10994.3,10981.1,10982.65,09:30:00,10991.937823244756,1,4
2019-09-17,10978.45,10987.95,10977.25,10984.95,09:35:00,10990.653268650018,1,5
2019-09-17,10969.5,10982.1,10968.45,10978.6,09:40:00,10988.63867163573,1,6
2019-09-17,10964.45,10969.35,10957.45,10969.35,09:45:00,10986.334988622804,1,7
2019-09-17,10957.2,10968.7,10957.2,10964.6,09:50:00,10983.560227801583,1,8
2019-09-17,10951.35,10959.85,10950.4,10957.6,09:55:00,10980.492587058578,1,9
2019-09-17,10959.6,10959.75,10946.7,10950.95,10:00:00,10978.502816862523,1,10
2019-09-17,10960.2,10963.6,10957.6,10959.95,10:05:00,10976.759691447043,1,11
2019-09-17,10941.0,10959.9,10938.15,10959.9,10:10:00,10973.354006547326,1,12
2019-09-17,10939.5,10941.25,10931.85,10941.25,10:15:00,10970.12981544758,1,13
2019-09-17,10944.45,10947.3,10936.65,10939.9,10:20:00,10967.684118738289,1,14
2019-09-17,10946.65,10950.8,10942.95,10944.25,10:25:00,10965.68086933464,1,15
2019-09-17,10940.0,10946.55,10939.05,10946.55,10:30:00,10963.235072255153,1,16
2019-09-17,10931.2,10940.7,10931.2,10940.5,10:35:00,10960.184112992756,1,17
2019-09-17,10925.15,10932.75,10922.75,10931.75,10:40:00,10956.84753080297,1,18
2019-09-17,10922.7,10925.1,10915.15,10925.1,10:45:00,10953.595385012211,1,19
2019-09-17,10919.95,10927.85,10919.45,10922.55,10:50:00,10950.391062630097,1,20
2019-09-17,10922.15,10923.15,10917.45,10920.15,10:55:00,10947.701437617709,1,21
2019-09-17,10933.7,10933.95,10918.85,10921.8,11:00:00,10946.367967368402,1,22
2019-09-17,10930.9,10936.3,10930.4,10933.4,11:05:00,10944.89482761903,1,23
2019-09-17,10932.9,10936.35,10929.55,10930.7,11:10:00,10943.752463083883,1,24
2019-09-17,10924.4,10933.85,10920.75,10932.95,11:15:00,10941.909371361608,1,25
2019-09-17,10924.0,10926.4,10923.45,10924.65,11:20:00,10940.203716946216,1,26
2019-09-17,10931.85,10931.85,10921.45,10924.3,11:25:00,10939.4081248561,1,27
2019-09-17,10933.35,10933.85,10930.1,10931.6,11:30:00,10938.831160584092,1,28
2019-09-17,10927.8,10934.4,10926.8,10933.55,11:35:00,10937.780573861795,1,29
2019-09-17,10928.1,10931.0,10927.35,10927.85,11:40:00,10936.858614446388,1,30
2019-09-17,10926.0,10931.65,10926.0,10928.4,11:45:00,10935.82446068959,1,31
2019-09-17,10915.0,10926.25,10914.55,10926.25,11:50:00,10933.841178719153,1,32
2019-09-17,10915.2,10916.6,10911.2,10914.95,11:55:00,10932.065828364946,1,33
2019-09-17,10916.4,10920.7,10913.9,10915.55,12:00:00,10930.573844711142,1,34
2019-09-17,10912.35,10918.4,10911.05,10917.0,12:05:00,10928.838240452937,1,35
2019-09-17,10909.05,10912.3,10906.75,10911.9,12:10:00,10926.953646124086,1,36
2019-09-17,10909.55,10910.35,10900.75,10908.7,12:15:00,10925.29615601703,1,37
2019-09-17,10911.65,10914.2,10909.15,10909.35,12:20:00,10923.996522110649,1,38
2019-09-17,10917.4,10920.2,10911.15,10911.6,12:25:00,10923.368281909632,1,39
2019-09-17,10910.05,10918.0,10909.75,10917.6,12:30:00,10922.099874108711,1,40
2019-09-17,10915.85,10917.95,10909.35,10909.8,12:35:00,10921.50464800312,1,41
2019-09-17,10911.2,10921.05,10911.1,10915.65,12:40:00,10920.523252955203,1,42
2019-09-17,10912.35,10912.9,10905.95,10910.95,12:45:00,10919.744847911852,1,43
2019-09-17,10916.95,10920.6,10912.1,10912.2,12:50:00,10919.478671920248,1,44
2019-09-17,10912.9,10917.25,10910.8,10917.1,12:55:00,10918.852131737369,1,45
2019-09-17,10904.15,10912.85,10903.1,10912.85,13:00:00,10917.45192871476,1,46
2019-09-17,10896.25,10906.3,10893.15,10904.05,13:05:00,10915.432697408594,1,47
2019-09-17,10886.65,10896.45,10886.15,10896.2,13:10:00,10912.691488131586,1,48
2019-09-17,10888.1,10890.75,10881.9,10887.0,13:15:00,10910.349441642864,1,49
2019-09-17,10871.9,10890.3,10870.55,10887.9,13:20:00,10906.687590057829,1,50
2019-09-17,10859.85,10872.25,10850.45,10872.1,13:25:00,10902.22686719518,1,51
2019-09-17,10865.4,10872.05,10858.1,10860.25,13:30:00,10898.719546509925,1,52
2019-09-17,10860.65,10868.35,10859.5,10865.45,13:35:00,10895.09387541374,1,53
2019-09-17,10870.35,10876.4,10860.1,10860.35,13:40:00,10892.737315850529,1,54
2019-09-17,10861.3,10871.75,10860.7,10870.45,13:45:00,10889.743285769524,1,55
2019-09-17,10850.5,10864.6,10844.25,10861.25,13:50:00,10886.00582998195,1,56
2019-09-17,10849.15,10850.3,10840.15,10850.25,13:55:00,10882.49575093605,1,57
2019-09-17,10857.6,10859.75,10845.45,10848.9,14:00:00,10880.12472703738,1,58
2019-09-17,10830.15,10858.1,10829.15,10858.1,14:05:00,10875.365229224297,1,59
2019-09-17,10814.55,10836.6,10812.7,10830.25,14:10:00,10869.573302631508,1,60
2019-09-17,10811.35,10819.45,10804.1,10815.0,14:15:00,10864.02822619041,1,61
2019-09-17,10824.6,10828.2,10811.85,10812.0,14:20:00,10860.273157029418,1,62
2019-09-17,10822.0,10832.05,10820.5,10824.75,14:25:00,10856.628094455187,1,63
2019-09-17,10838.9,10839.55,10821.3,10821.6,14:30:00,10854.939704507076,1,64
2019-09-17,10835.6,10841.8,10834.1,10839.4,14:35:00,10853.097827887354,1,65
2019-09-17,10822.4,10836.35,10819.65,10835.85,14:40:00,10850.174225231416,1,66
2019-09-17,10824.0,10826.45,10815.75,10822.5,14:45:00,10847.681441876044,1,67
2019-09-17,10830.45,10838.5,10823.85,10823.85,14:50:00,10846.040352173564,1,68
2019-09-17,10831.2,10834.1,10825.5,10830.3,14:55:00,10844.62698529989,1,69
2019-09-17,10831.55,10835.4,10826.55,10831.45,15:00:00,10843.381558128473,1,70
2019-09-17,10815.65,10832.0,10814.5,10831.35,15:05:00,10840.740457354332,1,71
2019-09-17,10806.2,10815.75,10796.5,10815.15,15:10:00,10837.450889987253,1,72
2019-09-17,10815.15,10818.85,10804.45,10806.4,15:15:00,10835.326995702751,1,73
2019-09-17,10820.95,10822.85,10812.3,10815.05,15:20:00,10833.957758016775,1,74
2019-09-17,10827.6,10828.6,10821.0,10821.65,15:25:00,10833.352257253271,1,75
2019-09-18,10869.9,10884.7,10865.0,10869.5,09:15:00,10836.832994657723,2,1
2019-09-18,10876.8,10885.15,10869.5,10869.5,09:20:00,10840.639376118892,2,2
2019-09-18,10862.3,10876.2,10857.3,10876.2,09:25:00,10842.702292678998,2,3
2019-09-18,10859.4,10861.85,10850.15,10861.85,09:30:00,10844.292550519094,2,4
2019-09-18,10860.8,10873.1,10854.25,10858.25,09:35:00,10845.864688564896,2,5
2019-09-18,10840.85,10858.85,10839.5,10858.5,09:40:00,10845.387099177764,2,6
2019-09-18,10833.1,10841.2,10828.55,10841.2,09:45:00,10844.216899256073,2,7
2019-09-18,10841.55,10851.9,10833.05,10833.25,09:50:00,10843.962908850732,2,8
2019-09-18,10828.55,10844.95,10826.8,10841.4,09:55:00,10842.495012769708,2,9
2019-09-18,10826.3,10831.35,10816.9,10828.05,10:00:00,10840.952630601165,2,10
2019-09-18,10810.05,10827.8,10810.05,10825.95,10:05:00,10838.009522924864,2,11
2019-09-18,10817.6,10823.0,10804.85,10810.4,10:10:00,10836.06575883678,2,12
2019-09-18,10824.65,10824.85,10815.25,10816.65,10:15:00,10834.978543709469,2,13
2019-09-18,10843.45,10844.4,10819.45,10824.4,10:20:00,10835.785349070473,2,14
2019-09-18,10838.15,10848.65,10833.25,10842.9,10:25:00,10836.010553920903,2,15
2019-09-18,10828.25,10840.25,10826.65,10837.6,10:30:00,10835.271453547486,2,16
2019-09-18,10837.5,10840.3,10825.55,10828.5,10:35:00,10835.483696066773,2,17
2019-09-18,10832.4,10839.9,10830.5,10836.65,10:40:00,10835.19001072708,2,18
2019-09-18,10836.7,10839.65,10831.55,10831.55,10:45:00,10835.33381922926,2,19
2019-09-18,10829.8,10840.95,10828.3,10836.55,10:50:00,10834.806788826474,2,20
2019-09-18,10822.4,10829.4,10818.05,10829.4,10:55:00,10833.62518989062,2,21
2019-09-18,10813.85,10826.15,10810.75,10821.85,11:00:00,10831.741838472464,2,22
2019-09-18,10819.8,10826.7,10812.95,10813.5,11:05:00,10830.604520522706,2,23
2019-09-18,10822.95,10825.45,10819.65,10819.65,11:10:00,10829.875518568162,2,24
2019-09-18,10828.6,10829.6,10819.4,10822.85,11:15:00,10829.754040609288,2,25
2019-09-18,10838.4,10838.95,10828.15,10828.15,11:20:00,10830.577465313168,2,26
2019-09-18,10835.9,10841.0,10831.1,10838.15,11:25:00,10831.08437337858,2,27
2019-09-18,10833.1,10838.45,10831.6,10835.7,11:30:00,10831.276337818714,2,28
2019-09-18,10841.9,10843.95,10833.7,10833.7,11:35:00,10832.288115169313,2,29
2019-09-18,10839.75,10845.1,10836.0,10841.25,11:40:00,10832.998770867473,2,30
2019-09-18,10831.4,10842.3,10828.75,10839.2,11:45:00,10832.846506975333,2,31
2019-09-18,10823.8,10831.8,10822.85,10831.25,11:50:00,10831.984934882445,2,32
2019-09-18,10836.65,10838.1,10823.45,10823.45,11:55:00,10832.429226798402,2,33
2019-09-18,10831.7,10836.7,10831.4,10836.1,12:00:00,10832.359776627129,2,34
2019-09-18,10829.3,10831.25,10824.25,10831.25,12:05:00,10832.068369329303,2,35
2019-09-18,10824.9,10832.0,10824.6,10829.7,12:10:00,10831.38566748842,2,36
2019-09-18,10853.55,10859.15,10820.85,10825.15,12:15:00,10833.496556299046,2,37
2019-09-18,10857.2,10863.6,10851.8,10854.35,12:20:00,10835.754027127708,2,38
2019-09-18,10858.35,10858.85,10850.9,10856.85,12:25:00,10837.906024544118,2,39
2019-09-18,10860.9,10862.35,10854.7,10858.45,12:30:00,10840.095926968488,2,40
2019-09-18,10849.95,10861.25,10845.5,10860.45,12:35:00,10841.034410114347,2,41
2019-09-18,10849.95,10853.35,10848.15,10849.8,12:40:00,10841.883513912982,2,42
2019-09-18,10857.45,10859.15,10849.15,10849.5,12:45:00,10843.36603639746,2,43
2019-09-18,10856.3,10859.9,10855.05,10856.65,12:50:00,10844.597842454845,2,44
2019-09-18,10860.35,10862.5,10853.65,10856.05,12:55:00,10846.098047935337,2,45
2019-09-18,10853.7,10863.95,10852.75,10860.5,13:00:00,10846.822043370066,2,46
2019-09-18,10860.75,10863.2,10853.15,10853.55,13:05:00,10848.14851543006,2,47
2019-09-18,10866.75,10867.8,10856.85,10860.65,13:10:00,10849.920085389102,2,48
2019-09-18,10874.0,10875.1,10867.95,10867.95,13:15:00,10852.21341059014,2,49
2019-09-18,10864.8,10874.15,10863.05,10873.6,13:20:00,10853.41213339108,2,50
2019-09-18,10851.6,10869.25,10849.0,10864.9,13:25:00,10853.239549258597,2,51
2019-09-18,10854.0,10859.25,10851.5,10851.5,13:30:00,10853.311973138729,2,52
2019-09-18,10834.4,10855.5,10825.2,10854.25,13:35:00,10851.510832839802,2,53
2019-09-18,10840.85,10842.0,10833.4,10834.25,13:40:00,10850.495515426488,2,54
2019-09-18,10832.3,10841.4,10830.5,10840.25,13:45:00,10848.762609195392,2,55
2019-09-18,10848.9,10854.55,10832.9,10832.9,13:50:00,10848.775694033928,2,56
2019-09-18,10842.45,10849.45,10840.85,10849.45,13:55:00,10848.17324698308,2,57
2019-09-18,10843.1,10849.8,10840.5,10842.55,14:00:00,10847.690080603736,2,58
2019-09-18,10838.55,10842.9,10837.0,10842.85,14:05:00,10846.819596736716,2,59
2019-09-18,10852.8,10853.5,10838.15,10838.15,14:10:00,10847.389158952266,2,60
2019-09-18,10862.35,10862.75,10851.4,10852.9,14:15:00,10848.814000956812,2,61
2019-09-18,10857.95,10862.8,10851.8,10862.45,14:20:00,10849.684096103783,2,62
2019-09-18,10859.85,10860.9,10849.55,10859.65,14:25:00,10850.652277427233,2,63
2019-09-18,10859.35,10865.95,10857.4,10860.0,14:30:00,10851.480631957971,2,64
2019-09-18,10860.45,10864.4,10853.95,10859.45,14:35:00,10852.334857485786,2,65
2019-09-18,10858.85,10870.8,10858.5,10860.8,14:40:00,10852.955347249044,2,66
2019-09-18,10849.9,10860.4,10849.15,10859.2,14:45:00,10852.664361796751,2,67
2019-09-18,10858.45,10858.7,10848.95,10849.75,14:50:00,10853.215374958969,2,68
2019-09-18,10851.85,10859.7,10850.35,10858.7,14:55:00,10853.08533924859,2,69
2019-09-18,10858.9,10866.35,10853.0,10853.0,15:00:00,10853.63911646301,2,70
2019-09-18,10838.75,10858.7,10833.35,10858.7,15:05:00,10852.221105371294,2,71
2019-09-18,10836.2,10840.65,10823.85,10838.65,15:10:00,10850.695285812124,2,72
2019-09-18,10836.15,10836.75,10824.8,10836.3,15:15:00,10849.310020496683,2,73
2019-09-18,10840.7,10841.6,10831.5,10835.7,15:20:00,10848.49001854462,2,74
2019-09-18,10848.65,10849.8,10840.65,10840.65,15:25:00,10848.505254873704,2,75
2019-09-19,10804.35,10834.65,10799.45,10832.3,09:15:00,10844.29999250478,3,1
2019-09-19,10781.15,10802.45,10778.45,10802.45,09:20:00,10838.285707504325,3,2
2019-09-19,10778.5,10791.7,10777.9,10780.7,09:25:00,10832.59183059915,3,3
2019-09-19,10773.1,10784.8,10770.9,10778.6,09:30:00,10826.92594197066,3,4
2019-09-19,10782.05,10788.95,10766.05,10773.25,09:35:00,10822.65204273536,3,5
2019-09-19,10787.25,10790.75,10778.4,10782.2,09:40:00,10819.280419617706,3,6
2019-09-19,10780.5,10790.1,10780.45,10788.3,09:45:00,10815.58704632078,3,7
2019-09-19,10767.75,10783.65,10767.65,10780.0,09:50:00,10811.031137147373,3,8
2019-09-19,10767.4,10769.8,10761.3,10767.55,09:55:00,10806.875790752383,3,9
2019-09-19,10775.9,10775.9,10767.1,10767.5,10:00:00,10803.925715442634,3,10
2019-09-19,10757.75,10777.9,10757.3,10775.75,10:05:00,10799.52802825762,3,11
2019-09-19,10761.6,10762.1,10754.75,10758.05,10:10:00,10795.915835090227,3,12
2019-09-19,10754.7,10765.75,10752.35,10762.3,10:15:00,10791.990517462586,3,13
2019-09-19,10753.4,10757.9,10751.0,10754.55,10:20:00,10788.315230085196,3,14
2019-09-19,10759.05,10759.05,10752.1,10753.8,10:25:00,10785.528065315177,3,15
2019-09-19,10758.0,10760.85,10755.75,10758.75,10:30:00,10782.90634480897,3,16
2019-09-19,10740.25,10757.45,10739.6,10757.45,10:35:00,10778.843835779544,3,17
2019-09-19,10734.35,10746.05,10734.35,10739.6,10:40:00,10774.606327610065,3,18
2019-09-19,10747.35,10748.6,10732.7,10734.25,10:45:00,10772.010486885296,3,19
2019-09-19,10743.85,10751.85,10743.05,10746.3,10:50:00,10769.328535753364,3,20
2019-09-19,10744.65,10748.65,10738.95,10744.1,10:55:00,10766.978199014948,3,21
2019-09-19,10740.2,10746.85,10740.0,10744.4,11:00:00,10764.427894346858,3,22
2019-09-19,10738.9,10746.65,10738.1,10740.0,11:05:00,10761.996666313824,3,23
2019-09-19,10747.4,10748.3,10736.25,10738.3,11:10:00,10760.606507617267,3,24
2019-09-19,10753.55,10755.3,10747.7,10747.7,11:15:00,10759.934459272768,3,25
2019-09-19,10757.0,10759.3,10752.95,10753.6,11:20:00,10759.654986961075,3,26
2019-09-19,10752.8,10757.15,10747.7,10756.7,11:25:00,10759.00213106002,3,27
2019-09-19,10755.65,10756.45,10748.95,10752.45,11:30:00,10758.682880482876,3,28
2019-09-19,10762.55,10763.9,10752.8,10755.7,11:35:00,10759.051177579746,3,29
2019-09-19,10757.1,10763.3,10756.85,10762.1,11:40:00,10758.86535114358,3,30
2019-09-19,10751.55,10757.35,10751.05,10756.9,11:45:00,10758.168651034668,3,31
2019-09-19,10753.3,10754.25,10747.05,10751.25,11:50:00,10757.704969983748,3,32
2019-09-19,10756.85,10759.7,10751.85,10752.95,11:55:00,10757.623544271011,3,33
2019-09-19,10752.6,10763.35,10752.6,10757.4,12:00:00,10757.145111483296,3,34
2019-09-19,10741.95,10755.45,10741.5,10752.7,12:05:00,10755.697958008695,3,35
2019-09-19,10734.05,10745.55,10732.9,10741.65,12:10:00,10753.636247722152,3,36
2019-09-19,10740.85,10742.9,10733.65,10735.15,12:15:00,10752.41850984385,3,37
2019-09-19,10741.25,10747.1,10738.9,10740.7,12:20:00,10751.354842239674,3,38
2019-09-19,10738.5,10744.85,10738.5,10741.1,12:25:00,10750.130571550182,3,39
2019-09-19,10722.75,10738.6,10717.4,10738.6,12:30:00,10747.522898069214,3,40
2019-09-19,10716.1,10723.25,10713.25,10722.2,12:35:00,10744.530241110242,3,41
2019-09-19,10715.45,10716.9,10710.85,10716.5,12:40:00,10741.760694337838,3,42
2019-09-19,10718.05,10721.15,10714.0,10715.35,12:45:00,10739.502532972328,3,43
2019-09-19,10723.7,10727.3,10716.2,10717.05,12:50:00,10737.997529832106,3,44
2019-09-19,10724.25,10726.8,10720.0,10723.3,12:55:00,10736.688241276668,3,45
2019-09-19,10720.05,10728.55,10719.65,10724.95,13:00:00,10735.103646869367,3,46
2019-09-19,10709.1,10719.9,10705.45,10719.9,13:05:00,10732.627109072284,3,47
2019-09-19,10703.15,10713.9,10703.15,10709.2,13:10:00,10729.819765351114,3,48
2019-09-19,10711.6,10711.75,10701.95,10703.05,13:15:00,10728.084549603387,3,49
2019-09-19,10714.0,10721.05,10711.3,10711.55,13:20:00,10726.743163926876,3,50
2019-09-19,10722.45,10726.95,10712.95,10714.1,13:25:00,10726.334291171936,3,51
2019-09-19,10718.4,10723.05,10713.15,10722.3,13:30:00,10725.578644393658,3,52
2019-09-19,10708.95,10719.2,10708.75,10717.15,13:35:00,10723.994963975214,3,53
2019-09-19,10709.75,10716.4,10707.15,10709.0,13:40:00,10722.63830073948,3,54
2019-09-19,10711.4,10714.0,10703.05,10710.45,13:45:00,10721.56798638334,3,55
2019-09-19,10709.2,10717.4,10707.35,10711.5,13:50:00,10720.390082918258,3,56
2019-09-19,10689.75,10713.2,10688.45,10708.85,13:55:00,10717.471979783188,3,57
2019-09-19,10698.05,10698.5,10688.35,10689.55,14:00:00,10715.622267422885,3,58
2019-09-19,10708.6,10709.05,10697.6,10698.1,14:05:00,10714.953480049277,3,59
2019-09-19,10706.9,10710.75,10699.05,10708.25,14:10:00,10714.186481949346,3,60
2019-09-19,10711.25,10716.4,10706.25,10706.25,14:15:00,10713.906817001787,3,61
2019-09-19,10704.5,10714.3,10701.3,10711.65,14:20:00,10713.010929668286,3,62
2019-09-19,10709.5,10712.75,10704.2,10705.05,14:25:00,10712.676555414164,3,63
2019-09-19,10696.85,10712.4,10692.45,10709.75,14:30:00,10711.16926442234,3,64
2019-09-19,10697.6,10701.95,10695.7,10696.6,14:35:00,10709.876953524974,3,65
2019-09-19,10686.9,10699.5,10681.05,10697.45,14:40:00,10707.68867223688,3,66
2019-09-19,10680.2,10686.4,10670.25,10686.4,14:45:00,10705.070703452417,3,67
2019-09-19,10681.5,10683.6,10677.2,10680.3,14:50:00,10702.825874552183,3,68
2019-09-19,10690.4,10698.6,10681.55,10681.55,14:55:00,10701.642457928168,3,69
2019-09-19,10701.45,10704.3,10690.3,10690.45,15:00:00,10701.624128601678,3,70
2019-09-19,10704.15,10707.9,10700.35,10702.25,15:05:00,10701.864687782469,3,71
2019-09-19,10708.2,10709.15,10700.05,10704.1,15:10:00,10702.468050850806,3,72
2019-09-19,10709.45,10711.75,10704.2,10708.55,15:15:00,10703.132998388826,3,73
2019-09-19,10701.8,10713.3,10701.45,10710.05,15:20:00,10703.00604616132,3,74
2019-09-19,10696.75,10703.65,10694.3,10702.05,15:25:00,10702.410232241196,3,75
2019-09-20,10708.75,10741.05,10698.9,10736.0,09:15:00,10703.014019646796,4,1
2019-09-20,10712.85,10716.4,10691.0,10708.8,09:20:00,10703.950779680434,4,2
2019-09-20,10731.45,10733.5,10711.6,10711.75,09:25:00,10706.5697530442,4,3
2019-09-20,10723.4,10740.8,10720.65,10732.3,09:30:00,10708.172633706658,4,4
2019-09-20,10718.05,10729.55,10715.95,10723.55,09:35:00,10709.113335258404,4,5
2019-09-20,10717.05,10729.95,10714.15,10718.0,09:40:00,10709.869208090937,4,6
2019-09-20,10711.0,10718.4,10703.05,10718.1,09:45:00,10709.976902558466,4,7
2019-09-20,10716.2,10719.15,10710.1,10711.65,09:50:00,10710.56957850528,4,8
2019-09-20,10709.2,10718.1,10704.2,10716.0,09:55:00,10710.439142457157,4,9
2019-09-20,10702.35,10712.35,10694.15,10708.95,10:00:00,10709.668747937429,4,10
2019-09-20,10705.9,10706.25,10692.1,10702.3,10:05:00,10709.309819562432,4,11
2019-09-20,10711.8,10716.45,10699.1,10705.8,10:10:00,10709.546979604103,4,12
2019-09-20,10720.65,10727.5,10711.15,10711.7,10:15:00,10710.604410118,4,13
2019-09-20,10718.35,10727.0,10712.3,10720.05,10:20:00,10711.342085344855,4,14
2019-09-20,10715.95,10724.75,10708.75,10718.45,10:25:00,10711.780934359633,4,15
2019-09-20,10713.8,10717.5,10711.1,10715.7,10:30:00,10711.973226325385,4,16
2019-09-20,10726.05,10727.75,10714.05,10714.05,10:35:00,10713.31387143725,4,17
2019-09-20,10740.0,10741.55,10724.75,10725.8,10:40:00,10715.855407490846,4,18
2019-09-20,10870.5,10883.3,10739.75,10739.75,10:45:00,10730.58346392029,4,19
2019-09-20,10928.1,10932.5,10863.5,10875.3,10:50:00,10749.394562594547,4,20
2019-09-20,10902.9,10970.75,10902.9,10929.4,10:55:00,10764.014128061734,4,21
2019-09-20,10932.15,10952.15,10903.45,10903.45,11:00:00,10780.02706824633,4,22
2019-09-20,10986.25,10986.65,10933.9,10934.1,11:05:00,10799.667347460969,4,23
2019-09-20,11054.1,11075.35,10987.35,10987.35,11:10:00,10823.89902865516,4,24
2019-09-20,11059.7,11086.75,11041.3,11058.05,11:15:00,10846.356264021337,4,25
2019-09-20,11074.15,11075.8,11049.75,11060.4,11:20:00,10868.050905543112,4,26
2019-09-20,11164.25,11164.25,11071.55,11073.1,11:25:00,10896.260343110434,4,27
2019-09-20,11154.3,11188.1,11134.35,11165.7,11:30:00,10920.835548528488,4,28
2019-09-20,11127.6,11158.85,11107.15,11153.9,11:35:00,10940.527401049583,4,29
2019-09-20,11151.8,11153.7,11124.75,11128.4,11:40:00,10960.648600949626,4,30
2019-09-20,11198.4,11201.75,11152.5,11152.65,11:45:00,10983.291591335375,4,31
2019-09-20,11238.25,11256.15,11193.2,11197.55,11:50:00,11007.573344541532,4,32
2019-09-20,11222.9,11238.6,11210.4,11238.2,11:55:00,11028.080645061384,4,33
2019-09-20,11229.2,11240.1,11216.0,11224.25,12:00:00,11047.234869341257,4,34
2019-09-20,11250.6,11256.55,11228.15,11229.05,12:05:00,11066.60297702304,4,35
2019-09-20,11263.0,11270.2,11241.0,11250.0,12:10:00,11085.307455401797,4,36
2019-09-20,11265.6,11272.8,11255.75,11263.4,12:15:00,11102.478173934958,4,37
2019-09-20,11242.25,11267.8,11238.7,11266.35,12:20:00,11115.789776417343,4,38
2019-09-20,11229.45,11245.35,11189.85,11242.85,12:25:00,11126.614559615691,4,39
2019-09-20,11207.2,11228.65,11203.6,11228.35,12:30:00,11134.289363461816,4,40
2019-09-20,11218.9,11222.3,11200.15,11205.9,12:35:00,11142.347519322597,4,41
2019-09-20,11234.75,11239.9,11217.8,11219.75,12:40:00,11151.147755577584,4,42
2019-09-20,11217.75,11235.8,11215.6,11234.3,12:45:00,11157.49082647496,4,43
2019-09-20,11234.65,11238.4,11209.05,11217.55,12:50:00,11164.839319191631,4,44
2019-09-20,11237.75,11243.85,11231.35,11232.95,12:55:00,11171.783193554333,4,45
2019-09-20,11245.9,11247.6,11227.25,11238.25,13:00:00,11178.841937025349,4,46
2019-09-20,11256.55,11256.55,11239.05,11247.4,13:05:00,11186.242704927696,4,47
2019-09-20,11245.05,11257.45,11242.95,11256.95,13:10:00,11191.843399696489,4,48
2019-09-20,11266.9,11266.9,11245.05,11245.25,13:15:00,11198.99164734444,4,49
2019-09-20,11245.7,11273.75,11239.6,11267.25,13:20:00,11203.440061883064,4,50
2019-09-20,11263.6,11263.9,11242.4,11245.25,13:25:00,11209.169579798963,4,51
2019-09-20,11280.65,11286.35,11263.25,11263.25,13:30:00,11215.97723886573,4,52
2019-09-20,11279.85,11282.0,11273.05,11280.55,13:35:00,11222.060358973757,4,53
2019-09-20,11298.2,11301.1,11274.15,11278.8,13:40:00,11229.311753357206,4,54
2019-09-20,11301.9,11304.4,11290.95,11297.6,13:45:00,11236.224919704138,4,55
2019-09-20,11293.95,11316.7,11293.95,11302.5,13:50:00,11241.722546398982,4,56
2019-09-20,11305.95,11315.0,11292.65,11292.8,13:55:00,11247.839446741937,4,57
2019-09-20,11323.05,11328.75,11305.05,11305.7,14:00:00,11255.002356576038,4,58
2019-09-20,11328.65,11342.65,11322.5,11324.3,14:05:00,11262.016417854513,4,59
2019-09-20,11348.0,11350.5,11326.35,11328.7,14:10:00,11270.205330439796,4,60
2019-09-20,11360.1,11362.55,11342.95,11347.5,14:15:00,11278.766727540768,4,61
2019-09-20,11368.85,11381.9,11357.4,11359.7,14:20:00,11287.3460868226,4,62
2019-09-20,11312.3,11369.5,11299.65,11369.5,14:25:00,11289.722649982352,4,63
2019-09-20,11307.5,11326.25,11292.8,11313.15,14:30:00,11291.415730936413,4,64
2019-09-20,11296.85,11317.1,11296.85,11307.85,14:35:00,11291.93328037104,4,65
2019-09-20,11295.9,11317.8,11272.15,11297.1,14:40:00,11292.311063192845,4,66
2019-09-20,11253.05,11296.15,11248.65,11296.15,14:45:00,11288.571914317336,4,67
2019-09-20,11266.7,11272.4,11238.25,11252.2,14:50:00,11286.488874858542,4,68
2019-09-20,11275.2,11295.6,11268.2,11268.2,14:55:00,11285.413743919633,4,69
2019-09-20,11282.25,11287.9,11266.25,11275.0,15:00:00,11285.112434974906,4,70
2019-09-20,11278.75,11285.25,11272.7,11279.6,15:05:00,11284.50648878682,4,71
2019-09-20,11280.1,11291.35,11275.55,11278.65,15:10:00,11284.086823188074,4,72
2019-09-20,11261.75,11282.7,11261.75,11279.7,15:15:00,11281.959506693973,4,73
2019-09-20,11268.85,11271.4,11260.7,11261.8,15:20:00,11280.710982246928,4,74
2019-09-20,11275.45,11279.2,11259.75,11268.6,15:25:00,11280.209936318648,4,75
2019-09-23,11584.6,11666.35,11536.2,11536.2,09:15:00,11309.199466193062,0,1
2019-09-23,11555.85,11589.9,11529.45,11582.8,09:20:00,11332.689993222297,0,2
2019-09-23,11557.85,11569.75,11542.65,11553.75,09:25:00,11354.1338033916,0,3
2019-09-23,11489.6,11559.2,11471.35,11558.25,09:30:00,11367.035345925731,0,4
2019-09-23,11509.5,11531.5,11486.7,11490.9,09:35:00,11380.60340821852,0,5
2019-09-23,11537.8,11538.05,11505.6,11506.3,09:40:00,11395.574512197709,0,6
2019-09-23,11514.55,11547.5,11514.55,11538.45,09:45:00,11406.905511036022,0,7
2019-09-23,11485.95,11517.25,11479.95,11515.25,09:50:00,11414.43355760402,0,8
2019-09-23,11504.95,11504.95,11480.95,11486.7,09:55:00,11423.054171165542,0,9
2019-09-23,11509.1,11522.0,11492.3,11504.0,10:00:00,11431.24901200692,0,10
2019-09-23,11511.25,11519.2,11506.4,11510.2,10:05:00,11438.868153720545,0,11
2019-09-23,11512.25,11521.1,11502.2,11511.4,10:10:00,11445.856900985254,0,12
2019-09-23,11505.35,11524.0,11500.6,11513.3,10:15:00,11451.52291041523,0,13
2019-09-23,11500.2,11508.15,11491.25,11507.3,10:20:00,11456.158823709016,0,14
2019-09-23,11502.9,11506.5,11495.0,11500.25,10:25:00,11460.610364308155,0,15
2019-09-23,11513.0,11513.35,11494.15,11503.15,10:30:00,11465.599853421669,0,16
2019-09-23,11510.7,11512.75,11503.45,11512.75,10:35:00,11469.895105476746,0,17
2019-09-23,11533.0,11534.35,11508.15,11511.1,10:40:00,11475.90509543134,0,18
2019-09-23,11558.75,11562.35,11530.2,11533.8,10:45:00,11483.795086342643,0,19
2019-09-23,11578.75,11585.3,11558.05,11560.6,10:50:00,11492.838411452867,0,20
2019-09-23,11584.0,11586.15,11557.7,11578.5,10:55:00,11501.520467504975,0,21
2019-09-23,11580.95,11589.6,11577.1,11585.4,11:00:00,11509.085184885456,0,22
2019-09-23,11579.9,11589.25,11562.25,11581.45,11:05:00,11515.829452991602,0,23
2019-09-23,11600.45,11600.45,11578.9,11579.65,11:10:00,11523.888552706689,0,24
2019-09-23,11613.6,11614.25,11591.7,11601.4,11:15:00,11532.432500067956,0,25
2019-09-23,11621.7,11623.1,11607.0,11612.3,11:20:00,11540.934166728151,0,26
2019-09-23,11633.85,11645.55,11622.1,11623.6,11:25:00,11549.783293706423,0,27
2019-09-23,11633.65,11649.7,11626.95,11634.75,11:30:00,11557.770599067717,0,28
2019-09-23,11634.55,11641.8,11630.6,11633.85,11:35:00,11565.082922966028,0,29
2019-09-23,11633.55,11638.45,11626.25,11635.7,11:40:00,11571.603596969264,0,30
2019-09-23,11617.85,11634.45,11602.25,11634.45,11:45:00,11576.008016305525,0,31
2019-09-23,11644.5,11645.45,11620.9,11620.9,11:50:00,11582.531062371663,0,32
2019-09-23,11645.0,11648.0,11637.35,11645.5,11:55:00,11588.480485002934,0,33
2019-09-23,11654.4,11660.45,11645.2,11645.2,12:00:00,11594.758534050274,0,34
2019-09-23,11658.25,11661.0,11648.0,11654.6,12:05:00,11600.8053403312,0,35
2019-09-23,11636.55,11664.5,11632.3,11657.7,12:10:00,11604.209593632992,0,36
2019-09-23,11652.9,11655.85,11635.35,11635.75,12:15:00,11608.846775191754,0,37
2019-09-23,11658.2,11660.5,11641.85,11653.3,12:20:00,11613.547082316349,0,38
2019-09-23,11654.45,11659.2,11648.7,11658.35,12:25:00,11617.44259828622,0,39
2019-09-23,11652.85,11655.65,11647.15,11654.3,12:30:00,11620.814731782772,0,40
2019-09-23,11667.1,11667.1,11645.85,11653.05,12:35:00,11625.222852565365,0,41
2019-09-23,11685.6,11694.85,11662.7,11667.65,12:40:00,11630.973057082949,0,42
2019-09-23,11682.15,11690.7,11678.95,11685.45,12:45:00,11635.84705164648,0,43
2019-09-23,11667.55,11688.0,11666.8,11681.95,12:50:00,11638.8663800611,0,44
2019-09-23,11644.65,11671.2,11634.7,11670.5,12:55:00,11639.417201007662,0,45
2019-09-23,11656.8,11658.8,11635.55,11644.6,13:00:00,11641.072705673598,0,46
2019-09-23,11662.8,11670.55,11655.7,11657.8,13:05:00,11643.141971799922,0,47
2019-09-23,11641.75,11662.95,11641.55,11662.6,13:10:00,11643.009403057073,0,48
2019-09-23,11639.0,11645.05,11624.4,11642.3,13:15:00,11642.627555146875,0,49
2019-09-23,11610.7,11641.45,11610.4,11639.75,13:20:00,11639.586835609078,0,50
2019-09-23,11598.55,11615.5,11590.05,11610.6,13:25:00,11635.67856555107,0,51
2019-09-23,11599.15,11619.3,11593.1,11599.95,13:30:00,11632.199654546206,0,52
2019-09-23,11605.4,11610.35,11590.85,11601.0,13:35:00,11629.647306494186,0,53
2019-09-23,11624.35,11637.5,11599.0,11605.05,13:40:00,11629.142801113789,0,54
2019-09-23,11620.8,11625.9,11604.7,11625.4,13:45:00,11628.34824862676,0,55
2019-09-23,11608.65,11623.15,11605.7,11620.4,13:50:00,11626.472224948022,0,56
2019-09-23,11619.6,11626.1,11607.6,11609.1,13:55:00,11625.817727333924,0,57
2019-09-23,11615.55,11625.75,11611.15,11620.2,14:00:00,11624.839848540218,0,58
2019-09-23,11614.65,11620.45,11605.2,11617.05,14:05:00,11623.869386774482,0,59
2019-09-23,11595.8,11618.4,11591.65,11614.8,14:10:00,11621.19611184358,0,60
2019-09-23,11608.9,11609.65,11586.85,11595.6,14:15:00,11620.025053572765,0,61
2019-09-23,11618.15,11630.55,11609.35,11609.4,14:20:00,11619.846477042023,0,62
2019-09-23,11607.8,11620.2,11607.8,11618.4,14:25:00,11618.699193514212,0,63
2019-09-23,11595.95,11617.6,11573.4,11608.1,14:30:00,11616.532603655716,0,64
2019-09-23,11592.0,11603.45,11587.2,11596.4,14:35:00,11614.196165212315,0,65
2019-09-23,11595.0,11598.95,11581.6,11592.75,14:40:00,11612.367959001618,0,66
2019-09-23,11615.5,11625.0,11596.85,11598.55,14:45:00,11612.666248620511,0,67
2019-09-23,11610.05,11617.15,11599.25,11615.0,14:50:00,11612.417082085223,0,68
2019-09-23,11611.75,11625.5,11609.9,11610.6,14:55:00,11612.35355045806,0,69
2019-09-23,11612.85,11627.05,11606.2,11612.15,15:00:00,11612.400831366818,0,70
2019-09-23,11598.7,11613.55,11594.1,11612.4,15:05:00,11611.095990284264,0,71
2019-09-23,11606.8,11613.45,11597.65,11598.55,15:10:00,11610.686848352429,0,72
2019-09-23,11602.05,11608.35,11595.35,11606.85,15:15:00,11609.864291366484,0,73
2019-09-23,11599.65,11610.65,11588.95,11604.9,15:20:00,11608.891501712536,0,74
2019-09-23,11603.4,11609.5,11570.55,11596.65,15:25:00,11608.368501549436,0,75
2019-09-24,11609.85,11621.95,11581.75,11586.0,09:15:00,11608.509596639968,1,1
2019-09-24,11639.45,11655.05,11607.95,11607.95,09:20:00,11611.456301721875,1,2
2019-09-24,11639.1,11644.25,11626.4,11637.4,09:25:00,11614.08903489122,1,3
2019-09-24,11613.55,11641.1,11610.65,11638.8,09:30:00,11614.037698234912,1,4
2019-09-24,11626.05,11638.25,11614.8,11614.8,09:35:00,11615.181726974444,1,5
2019-09-24,11605.45,11626.85,11595.5,11625.6,09:40:00,11614.25489583402,1,6
2019-09-24,11585.4,11605.5,11584.75,11605.3,09:45:00,11611.506810516496,1,7
2019-09-24,11597.0,11614.35,11561.55,11585.5,09:50:00,11610.125209514925,1,8
2019-09-24,11601.0,11608.95,11583.35,11595.0,09:55:00,11609.256141942074,1,9
2019-09-24,11602.0,11602.2,11583.3,11601.45,10:00:00,11608.565080804734,1,10
2019-09-24,11621.3,11621.3,11590.8,11602.65,10:05:00,11609.7779302519,1,11
2019-09-24,11620.2,11636.05,11619.3,11620.85,10:10:00,11610.770508323149,1,12
2019-09-24,11627.65,11632.75,11615.8,11620.0,10:15:00,11612.378078959038,1,13
2019-09-24,11620.75,11630.35,11613.85,11626.75,10:20:00,11613.175404772464,1,14
2019-09-24,11601.15,11621.8,11599.55,11621.35,10:25:00,11612.030128127466,1,15
2019-09-24,11590.05,11606.55,11588.85,11601.05,10:30:00,11609.936782591518,1,16
2019-09-24,11579.05,11594.6,11578.5,11590.1,10:35:00,11606.995184249468,1,17
2019-09-24,11575.3,11587.8,11571.8,11578.7,10:40:00,11603.976595273329,1,18
2019-09-24,11578.9,11583.05,11559.35,11575.35,10:45:00,11601.58834810444,1,19
2019-09-24,11581.9,11591.85,11569.6,11579.0,10:50:00,11599.713267332589,1,20
2019-09-24,11579.35,11588.3,11577.6,11581.8,10:55:00,11597.773908539008,1,21
2019-09-24,11587.3,11590.05,11573.45,11579.8,11:00:00,11596.776393440054,1,22
2019-09-24,11577.9,11587.25,11576.4,11587.25,11:05:00,11594.978641683858,1,23
2019-09-24,11563.7,11579.85,11563.7,11578.25,11:10:00,11591.999723428253,1,24
2019-09-24,11566.95,11569.95,11556.2,11563.55,11:15:00,11589.614035482706,1,25
2019-09-24,11576.45,11584.0,11564.85,11565.9,11:20:00,11588.360317817684,1,26
2019-09-24,11577.65,11582.05,11570.65,11576.5,11:25:00,11587.340287549334,1,27
2019-09-24,11564.15,11578.4,11558.5,11577.55,11:30:00,11585.131688735111,1,28
2019-09-24,11565.5,11572.05,11559.0,11564.2,11:35:00,11583.262004093673,1,29
2019-09-24,11553.65,11565.85,11546.55,11565.85,11:40:00,11580.44181322761,1,30
2019-09-24,11541.8,11558.8,11540.95,11552.8,11:45:00,11576.761640539264,1,31
2019-09-24,11540.4,11551.45,11540.4,11542.0,11:50:00,11573.298627154574,1,32
2019-09-24,11567.25,11568.9,11539.2,11539.7,11:55:00,11572.722567425568,1,33
2019-09-24,11571.35,11583.05,11564.3,11568.05,12:00:00,11572.591846718373,1,34
2019-09-24,11565.55,11578.0,11564.9,11571.15,12:05:00,11571.921194649954,1,35
2019-09-24,11569.25,11570.7,11561.25,11566.5,12:10:00,11571.666795159485,1,36
2019-09-24,11585.85,11588.9,11564.7,11570.3,12:15:00,11573.017576572864,1,37
2019-09-24,11589.65,11604.45,11587.35,11587.7,12:20:00,11574.60161689926,1,38
2019-09-24,11577.75,11589.7,11572.05,11589.2,12:25:00,11574.901462908854,1,39
2019-09-24,11575.8,11578.2,11570.6,11578.2,12:30:00,11574.987037869916,1,40
2019-09-24,11569.1,11584.6,11568.65,11576.2,12:35:00,11574.426367596592,1,41
2019-09-24,11564.35,11570.05,11558.2,11569.4,12:40:00,11573.466713539774,1,42
2019-09-24,11569.85,11576.05,11563.75,11564.25,12:45:00,11573.122264631224,1,43
2019-09-24,11571.1,11575.7,11567.1,11569.9,12:50:00,11572.92966799968,1,44
2019-09-24,11564.25,11571.7,11563.2,11571.2,12:55:00,11572.10303295209,1,45
2019-09-24,11568.2,11570.0,11559.8,11564.55,13:00:00,11571.731315528084,1,46
2019-09-24,11589.15,11597.55,11568.3,11568.3,13:05:00,11573.390237858745,1,47
2019-09-24,11574.75,11589.6,11571.05,11589.6,13:10:00,11573.519739015052,1,48
2019-09-24,11562.3,11575.45,11560.35,11574.5,13:15:00,11572.451192442191,1,49
2019-09-24,11546.9,11565.9,11540.2,11562.45,13:20:00,11570.017745542937,1,50
2019-09-24,11562.35,11567.15,11547.55,11547.9,13:25:00,11569.287484062655,1,51
2019-09-24,11561.75,11566.15,11557.4,11562.75,13:30:00,11568.56962843764,1,52
2019-09-24,11556.3,11563.75,11554.35,11562.55,13:35:00,11567.40109239596,1,53
2019-09-24,11572.95,11581.45,11556.7,11556.7,13:40:00,11567.929559786822,1,54
2019-09-24,11569.55,11576.5,11564.55,11572.65,13:45:00,11568.083887426174,1,55
2019-09-24,11572.45,11580.45,11566.7,11569.25,13:50:00,11568.4997076713,1,56
2019-09-24,11564.5,11572.75,11563.85,11571.65,13:55:00,11568.118783131174,1,57
2019-09-24,11575.2,11581.05,11564.6,11564.6,14:00:00,11568.79318473773,1,58
2019-09-24,11579.9,11580.05,11570.95,11575.55,14:05:00,11569.85097666747,1,59
2019-09-24,11566.2,11581.4,11560.95,11579.75,14:10:00,11569.503264603902,1,60
2019-09-24,11562.05,11570.25,11553.45,11566.05,14:15:00,11568.79342987972,1,61
2019-09-24,11579.15,11583.65,11561.4,11562.1,14:20:00,11569.779769891176,1,62
2019-09-24,11607.95,11612.45,11579.4,11579.4,14:25:00,11573.41502990154,1,63
2019-09-24,11616.35,11624.85,11608.7,11608.7,14:30:00,11577.504074672825,1,64
2019-09-24,11619.95,11635.75,11616.4,11616.4,14:35:00,11581.5465437516,1,65
2019-09-24,11619.9,11628.15,11614.3,11620.55,14:40:00,11585.199253870496,1,66
2019-09-24,11588.35,11619.65,11582.3,11619.2,14:45:00,11585.499324930448,1,67
2019-09-24,11601.65,11606.05,11585.95,11588.2,14:50:00,11587.03748446088,1,68
2019-09-24,11596.15,11602.85,11590.55,11602.35,14:55:00,11587.905343083654,1,69
2019-09-24,11599.75,11613.25,11596.5,11596.5,15:00:00,11589.033405647117,1,70
2019-09-24,11591.7,11604.0,11590.85,11599.95,15:05:00,11589.287367014058,1,71
2019-09-24,11582.95,11591.05,11574.7,11591.05,15:10:00,11588.683808250817,1,72
2019-09-24,11584.15,11584.55,11572.5,11582.6,15:15:00,11588.252016988832,1,73
2019-09-24,11587.85,11590.25,11582.3,11582.3,15:20:00,11588.213729656563,1,74
2019-09-24,11588.3,11594.3,11586.85,11587.05,15:25:00,11588.221945879748,1,75
2019-09-25,11524.65,11557.8,11516.7,11557.8,09:15:00,11582.167474843582,2,1
2019-09-25,11500.6,11524.1,11500.3,11522.6,09:20:00,11574.399143906096,2,2
2019-09-25,11512.45,11516.75,11498.5,11499.7,09:25:00,11568.499225438847,2,3
2019-09-25,11506.5,11512.85,11496.65,11512.85,09:30:00,11562.594537301817,2,4
2019-09-25,11492.4,11515.5,11491.35,11507.0,09:35:00,11555.909343273071,2,5
2019-09-25,11496.1,11498.45,11490.4,11493.45,09:40:00,11550.213215342304,2,6
2019-09-25,11501.95,11505.4,11494.85,11495.95,09:45:00,11545.616718643036,2,7
2019-09-25,11515.65,11519.0,11502.15,11502.15,09:50:00,11542.762745438937,2,8
2019-09-25,11519.25,11519.55,11511.2,11514.3,09:55:00,11540.523436349516,2,9
2019-09-25,11500.1,11519.2,11497.25,11519.2,10:00:00,11536.673585268609,2,10
2019-09-25,11491.6,11502.55,11489.95,11500.4,10:05:00,11532.380862862075,2,11
2019-09-25,11506.2,11508.0,11492.45,11492.7,10:10:00,11529.887447351402,2,12
2019-09-25,11489.2,11506.7,11488.8,11506.25,10:15:00,11526.012452365556,2,13
2019-09-25,11480.15,11496.85,11479.0,11489.1,10:20:00,11521.644599759313,2,14
2019-09-25,11476.8,11482.75,11473.45,11478.95,10:25:00,11517.37368549652,2,15
2019-09-25,11467.05,11482.4,11465.65,11477.15,10:30:00,11512.580953544471,2,16
2019-09-25,11473.15,11476.7,11463.05,11466.65,10:35:00,11508.825624635474,2,17
2019-09-25,11476.55,11481.4,11471.55,11472.95,10:40:00,11505.751755622572,2,18
2019-09-25,11489.85,11492.3,11473.7,11476.25,10:45:00,11504.237302706137,2,19
2019-09-25,11489.35,11490.5,11482.9,11489.65,10:50:00,11502.819464353171,2,20
2019-09-25,11487.1,11496.45,11485.75,11488.6,10:55:00,11501.322372510012,2,21
2019-09-25,11482.3,11490.7,11480.2,11486.5,11:00:00,11499.51071798525,2,22
2019-09-25,11479.35,11483.6,11474.0,11481.9,11:05:00,11497.5906496057,2,23
2019-09-25,11479.1,11483.15,11475.85,11479.2,11:10:00,11495.82963535754,2,24
2019-09-25,11477.6,11481.15,11475.55,11478.75,11:15:00,11494.093479609202,2,25
2019-09-25,11468.3,11477.3,11467.55,11477.1,11:20:00,11491.63695774166,2,26
2019-09-25,11473.55,11475.3,11466.9,11468.5,11:25:00,11489.914390337692,2,27
2019-09-25,11471.7,11474.45,11469.5,11473.5,11:30:00,11488.179686496009,2,28
2019-09-25,11478.35,11481.3,11467.35,11471.55,11:35:00,11487.243525877338,2,29
2019-09-25,11469.4,11479.8,11464.95,11477.9,11:40:00,11485.54414246045,2,30
2019-09-25,11469.9,11475.15,11467.6,11469.0,11:45:00,11484.054224130885,2,31
2019-09-25,11480.3,11480.7,11463.95,11469.7,11:50:00,11483.69667897556,2,32
2019-09-25,11486.35,11486.8,11478.45,11480.5,11:55:00,11483.949376215984,2,33
2019-09-25,11480.95,11490.95,11478.5,11486.45,12:00:00,11483.663721338273,2,34
2019-09-25,11473.65,11481.9,11472.9,11481.45,12:05:00,11482.71003359177,2,35
2019-09-25,11475.3,11476.5,11469.75,11473.0,12:10:00,11482.00431610684,2,36
2019-09-25,11496.2,11500.15,11474.55,11475.35,12:15:00,11483.356286001426,2,37
2019-09-25,11486.8,11496.6,11481.0,11496.25,12:20:00,11483.684258763196,2,38
2019-09-25,11489.55,11490.85,11481.2,11487.85,12:25:00,11484.24290078575,2,39
2019-09-25,11497.25,11501.55,11486.85,11489.85,12:30:00,11485.48167213949,2,40
2019-09-25,11507.35,11512.55,11494.6,11497.7,12:35:00,11487.564370030968,2,41
2019-09-25,11497.85,11507.95,11496.65,11507.45,12:40:00,11488.54395383754,2,42
2019-09-25,11491.6,11504.3,11491.2,11498.55,12:45:00,11488.835005853012,2,43
2019-09-25,11489.8,11492.35,11485.6,11490.4,12:50:00,11488.926910057487,2,44
2019-09-25,11494.5,11497.45,11484.2,11490.3,12:55:00,11489.457680528203,2,45
2019-09-25,11491.2,11497.25,11487.9,11493.75,13:00:00,11489.623615715993,2,46
2019-09-25,11488.15,11492.25,11481.05,11491.4,13:05:00,11489.483271362087,2,47
2019-09-25,11486.7,11489.45,11482.75,11488.0,13:10:00,11489.218197899034,2,48
2019-09-25,11473.55,11491.1,11470.85,11486.8,13:15:00,11487.725988575316,2,49
2019-09-25,11465.8,11473.35,11460.75,11472.65,13:20:00,11485.637799187192,2,50
2019-09-25,11443.7,11467.3,11443.7,11465.7,13:25:00,11481.643723074129,2,51
2019-09-25,11454.65,11455.35,11438.2,11443.5,13:30:00,11479.07289230516,2,52
2019-09-25,11450.05,11458.85,11450.05,11455.35,13:35:00,11476.308807323718,2,53
2019-09-25,11447.9,11450.55,11435.25,11449.7,13:40:00,11473.60320662622,2,54
2019-09-25,11452.1,11455.1,11442.6,11447.4,13:45:00,11471.555282185627,2,55
2019-09-25,11434.0,11452.25,11431.2,11451.65,13:50:00,11467.97858864414,2,56
2019-09-25,11440.8,11444.4,11429.9,11433.9,13:55:00,11465.390151630414,2,57
2019-09-25,11452.15,11455.75,11439.65,11440.1,14:00:00,11464.12918480847,2,58
2019-09-25,11444.9,11455.4,11444.15,11451.35,14:05:00,11462.297833874329,2,59
2019-09-25,11442.45,11445.8,11440.1,11444.35,14:10:00,11460.407563981536,2,60
2019-09-25,11443.3,11453.9,11441.9,11442.15,14:15:00,11458.77827217377,2,61
2019-09-25,11435.4,11446.5,11429.35,11443.2,14:20:00,11456.551770061982,2,62
2019-09-25,11432.8,11442.8,11430.6,11435.5,14:25:00,11454.289696722746,2,63
2019-09-25,11424.3,11440.2,11423.9,11431.95,14:30:00,11451.433535130103,2,64
2019-09-25,11425.75,11432.1,11421.8,11424.35,14:35:00,11448.98748416533,2,65
2019-09-25,11433.85,11439.35,11422.35,11425.6,14:40:00,11447.54581900673,2,66
2019-09-25,11428.8,11440.0,11426.8,11433.45,14:45:00,11445.76050291085,2,67
2019-09-25,11425.9,11431.35,11421.75,11427.75,14:50:00,11443.86902644315,2,68
2019-09-25,11426.45,11428.95,11416.1,11424.85,14:55:00,11442.210071543805,2,69
2019-09-25,11456.7,11460.95,11426.65,11426.65,15:00:00,11443.590064730108,2,70
2019-09-25,11451.55,11461.3,11447.55,11456.95,15:05:00,11444.34815380343,2,71
2019-09-25,11458.75,11459.05,11447.45,11451.15,15:10:00,11445.719758203104,2,72
2019-09-25,11446.35,11459.85,11442.55,11458.2,15:15:00,11445.77978123138,2,73
2019-09-25,11441.45,11447.5,11438.05,11446.25,15:20:00,11445.367421114106,2,74
2019-09-25,11431.2,11442.6,11431.2,11440.35,15:25:00,11444.018142912762,2,75
2019-09-26,11494.35,11499.25,11466.35,11466.35,09:15:00,11448.811653111548,3,1
2019-09-26,11511.85,11519.2,11490.2,11494.95,09:20:00,11454.815305196164,3,2
2019-09-26,11516.95,11523.55,11511.35,11511.9,09:25:00,11460.732895177482,3,3
2019-09-26,11537.95,11544.7,11511.2,11517.1,09:30:00,11468.08690516058,3,4
2019-09-26,11551.85,11556.25,11537.7,11537.7,09:35:00,11476.064342764332,3,5
2019-09-26,11557.15,11558.15,11540.25,11552.5,09:40:00,11483.786786310586,3,6
2019-09-26,11554.7,11570.95,11554.7,11558.75,09:45:00,11490.540425709578,3,7
2019-09-26,11553.3,11561.85,11551.15,11553.8,09:50:00,11496.517528022952,3,8
2019-09-26,11549.85,11553.7,11545.55,11553.1,09:55:00,11501.596811068386,3,9
2019-09-26,11559.6,11559.75,11549.35,11550.85,10:00:00,11507.120924299968,3,10
2019-09-26,11549.7,11560.25,11544.9,11559.0,10:05:00,11511.176074366638,3,11
2019-09-26,11553.35,11556.2,11545.65,11550.25,10:10:00,11515.192638712671,3,12
2019-09-26,11568.7,11573.25,11553.05,11553.25,10:15:00,11520.288577882897,3,13
2019-09-26,11583.15,11610.85,11567.35,11568.55,10:20:00,11526.275379989283,3,14
2019-09-26,11575.1,11600.95,11569.4,11583.25,10:25:00,11530.925343799829,3,15
2019-09-26,11584.0,11588.55,11569.3,11573.85,10:30:00,11535.98007296175,3,16
2019-09-26,11576.35,11586.35,11569.55,11583.7,10:35:00,11539.824827917771,3,17
2019-09-26,11577.95,11584.25,11573.15,11577.4,10:40:00,11543.455796687507,3,18
2019-09-26,11570.5,11583.8,11565.55,11577.9,10:45:00,11546.031435098224,3,19
2019-09-26,11567.15,11570.85,11551.45,11570.7,10:50:00,11548.04272699363,3,20
2019-09-26,11566.9,11575.35,11557.35,11566.5,10:55:00,11549.83865775614,3,21
2019-09-26,11571.85,11575.2,11564.45,11567.7,11:00:00,11551.93497606508,3,22
2019-09-26,11561.65,11573.65,11561.3,11572.75,11:05:00,11552.860216439834,3,23
2019-09-26,11562.05,11570.15,11557.5,11561.3,11:10:00,11553.735433921756,3,24
2019-09-26,11575.8,11576.55,11561.25,11561.3,11:15:00,11555.836821167302,3,25
2019-09-26,11572.0,11576.4,11567.85,11575.35,11:20:00,11557.376171532322,3,26
2019-09-26,11579.0,11580.55,11571.15,11572.3,11:25:00,11559.43558376734,3,27
2019-09-26,11580.7,11582.75,11573.8,11578.65,11:30:00,11561.460766265687,3,28
2019-09-26,11580.15,11580.55,11573.5,11580.55,11:35:00,11563.240693288002,3,29
2019-09-26,11584.9,11588.8,11574.9,11580.45,11:40:00,11565.30348440343,3,30
2019-09-26,11572.75,11586.8,11572.0,11584.15,11:45:00,11566.012676365008,3,31
2019-09-26,11562.35,11572.85,11561.55,11572.45,11:50:00,11565.66385004453,3,32
2019-09-26,11564.55,11567.2,11560.65,11562.7,11:55:00,11565.557769087907,3,33
2019-09-26,11554.25,11565.8,11548.7,11565.2,12:00:00,11564.480838698582,3,34
2019-09-26,11514.9,11554.4,11506.75,11554.2,12:05:00,11559.75885406062,3,35
2019-09-26,11508.65,11525.9,11508.65,11514.55,12:10:00,11554.891344150084,3,36
2019-09-26,11502.2,11512.8,11491.1,11508.7,12:15:00,11549.873120897695,3,37
2019-09-26,11517.9,11524.55,11498.35,11502.3,12:20:00,11546.828061764583,3,38
2019-09-26,11510.95,11520.85,11509.25,11518.15,12:25:00,11543.411103501288,3,39
2019-09-26,11532.0,11538.55,11509.55,11510.8,12:30:00,11542.32433173926,3,40
2019-09-26,11538.75,11539.5,11520.95,11532.15,12:35:00,11541.983919192664,3,41
2019-09-26,11549.9,11551.1,11532.95,11539.65,12:40:00,11542.737831650506,3,42
2019-09-26,11541.4,11555.75,11540.65,11550.55,12:45:00,11542.61041911236,3,43
2019-09-26,11532.9,11542.1,11526.75,11541.75,12:50:00,11541.685617292136,3,44
2019-09-26,11535.3,11536.8,11531.0,11532.85,12:55:00,11541.077463264312,3,45
2019-09-26,11537.45,11543.9,11534.9,11535.1,13:00:00,11540.731990572473,3,46
2019-09-26,11534.6,11543.35,11531.7,11537.35,13:05:00,11540.147991470332,3,47
2019-09-26,11537.65,11539.75,11530.5,11535.6,13:10:00,11539.910087520777,3,48
2019-09-26,11516.3,11539.05,11514.7,11538.0,13:15:00,11537.661507756891,3,49
2019-09-26,11525.05,11532.05,11516.0,11516.0,13:20:00,11536.460411780046,3,50
2019-09-26,11534.2,11538.4,11520.7,11524.95,13:25:00,11536.24513446766,3,51
2019-09-26,11532.9,11538.55,11526.35,11534.05,13:30:00,11535.926550232643,3,52
2019-09-26,11543.05,11545.2,11532.6,11532.7,13:35:00,11536.604974020012,3,53
2019-09-26,11545.2,11555.2,11542.3,11542.9,13:40:00,11537.423547922868,3,54
2019-09-26,11552.8,11554.2,11539.95,11545.45,13:45:00,11538.887971930211,3,55
2019-09-26,11550.35,11553.1,11543.1,11552.85,13:50:00,11539.979593651144,3,56
2019-09-26,11557.25,11557.75,11547.0,11550.4,13:55:00,11541.6243942558,3,57
2019-09-26,11544.3,11558.95,11544.3,11557.0,14:00:00,11541.879213850483,3,58
2019-09-26,11541.8,11549.45,11533.5,11544.4,14:05:00,11541.871669674249,3,59
2019-09-26,11546.55,11547.25,11536.7,11541.7,14:10:00,11542.317224943366,3,60
2019-09-26,11560.9,11566.2,11546.4,11546.4,14:15:00,11544.087013043998,3,61
2019-09-26,11567.1,11573.15,11556.85,11561.05,14:20:00,11546.278726087428,3,62
2019-09-26,11569.7,11569.85,11554.2,11565.2,14:25:00,11548.50932360291,3,63
2019-09-26,11574.45,11588.8,11569.5,11569.5,14:30:00,11550.979864212157,3,64
2019-09-26,11579.9,11580.0,11571.45,11574.95,14:35:00,11553.734162858618,3,65
2019-09-26,11584.45,11585.6,11576.15,11581.05,14:40:00,11556.659480681608,3,66
2019-09-26,11578.1,11590.0,11576.9,11584.65,14:45:00,11558.701434902405,3,67
2019-09-26,11559.45,11578.3,11559.1,11577.25,14:50:00,11558.772726816462,3,68
2019-09-26,11558.05,11565.1,11552.6,11559.2,14:55:00,11558.703895691084,3,69
2019-09-26,11564.55,11567.3,11549.8,11555.65,15:00:00,11559.260667530029,3,70
2019-09-26,11573.75,11576.5,11563.4,11563.45,15:05:00,11560.64060395574,3,71
2019-09-26,11570.05,11576.25,11567.55,11572.65,15:10:00,11561.536736912336,3,72
2019-09-26,11571.55,11572.4,11564.8,11568.1,15:15:00,11562.490381015925,3,73
2019-09-26,11577.95,11578.75,11568.65,11570.35,15:20:00,11563.962725681073,3,74
2019-09-26,11582.1,11585.7,11576.75,11577.0,15:25:00,11565.690085140017,3,75
2019-09-27,11536.25,11556.35,11516.8,11555.25,09:15:00,11562.886267507634,4,1
2019-09-27,11539.0,11539.15,11523.95,11536.5,09:20:00,11560.61138488786,4,2
2019-09-27,11574.45,11592.35,11540.05,11540.15,09:25:00,11561.929348231875,4,3
2019-09-27,11588.3,11593.6,11573.3,11574.6,09:30:00,11564.44083887646,4,4
2019-09-27,11580.8,11593.1,11576.0,11588.6,09:35:00,11565.998854221558,4,5
2019-09-27,11557.1,11587.05,11552.3,11581.45,09:40:00,11565.151344295697,4,6
2019-09-27,11563.1,11567.4,11539.15,11560.0,09:45:00,11564.955978172296,4,7
2019-09-27,11558.95,11574.2,11552.55,11563.5,09:50:00,11564.383980251125,4,8
2019-09-27,11557.6,11559.55,11544.25,11559.2,09:55:00,11563.737886893876,4,9
2019-09-27,11539.75,11557.55,11539.75,11557.55,10:00:00,11561.453326237315,4,10
2019-09-27,11537.1,11546.55,11529.65,11539.3,10:05:00,11559.13396183376,4,11
2019-09-27,11537.55,11540.6,11533.1,11537.2,10:10:00,11557.078346421022,4,12
2019-09-27,11534.35,11538.5,11524.85,11537.7,10:15:00,11554.913741999972,4,13
2019-09-27,11524.05,11537.3,11522.05,11534.3,10:20:00,11551.974337999976,4,14
2019-09-27,11534.55,11543.8,11519.25,11524.15,10:25:00,11550.314877238072,4,15
2019-09-27,11540.15,11544.3,11530.35,11534.5,10:30:00,11549.346793691588,4,16
2019-09-27,11532.25,11549.65,11532.25,11540.55,10:35:00,11547.718527625722,4,17
2019-09-27,11536.45,11537.8,11528.9,11531.95,10:40:00,11546.645334518513,4,18
2019-09-27,11538.6,11538.7,11531.55,11536.3,10:45:00,11545.879112183417,4,19
2019-09-27,11531.5,11542.65,11531.2,11538.7,10:50:00,11544.509672927852,4,20
2019-09-27,11524.85,11531.55,11521.4,11531.45,10:55:00,11542.6373231252,4,21
2019-09-27,11528.85,11531.45,11522.25,11524.55,11:00:00,11541.324244732325,4,22
2019-09-27,11522.35,11531.7,11522.35,11528.8,11:05:00,11539.517173805436,4,23
2019-09-27,11513.05,11528.9,11510.6,11523.7,11:10:00,11536.99649058587,4,24
2019-09-27,11517.55,11519.45,11505.8,11513.4,11:15:00,11535.144443863406,4,25
2019-09-27,11529.2,11529.5,11513.85,11517.6,11:20:00,11534.578306352603,4,26
2019-09-27,11518.3,11529.55,11516.8,11528.9,11:25:00,11533.02799146188,4,27
2019-09-27,11527.9,11529.5,11517.95,11518.75,11:30:00,11532.539611322654,4,28
2019-09-27,11531.85,11538.35,11525.4,11527.55,11:35:00,11532.473934053827,4,29
2019-09-27,11522.35,11533.2,11520.6,11532.25,11:40:00,11531.509749858227,4,30
2019-09-27,11524.95,11531.9,11520.45,11522.4,11:45:00,11530.885011776492,4,31
2019-09-27,11534.65,11536.9,11524.2,11524.75,11:50:00,11531.243582083493,4,32
2019-09-27,11542.35,11547.9,11534.25,11535.85,11:55:00,11532.301336170778,4,33
2019-09-27,11534.2,11543.25,11533.75,11542.4,12:00:00,11532.48216129737,4,34
2019-09-27,11530.9,11538.2,11529.0,11533.5,12:05:00,11532.331479269047,4,35
2019-09-27,11532.9,11537.7,11528.95,11532.1,12:10:00,11532.385624100569,4,36
2019-09-27,11532.3,11534.7,11524.7,11532.25,12:15:00,11532.377469424326,4,37
2019-09-27,11537.1,11545.85,11531.4,11532.35,12:20:00,11532.827234241056,4,38
2019-09-27,11532.2,11537.8,11529.2,11537.5,12:25:00,11532.76749764667,4,39
2019-09-27,11528.0,11531.65,11524.0,11531.65,12:30:00,11532.313450251748,4,40
2019-09-27,11531.55,11535.0,11525.65,11528.1,12:35:00,11532.240740703965,4,41
2019-09-27,11530.75,11535.7,11528.6,11531.4,12:40:00,11532.098765398823,4,42
2019-09-27,11533.6,11537.55,11529.25,11530.5,12:45:00,11532.241740122745,4,43
2019-09-27,11544.1,11546.45,11532.9,11533.55,12:50:00,11533.371098206291,4,44
2019-09-27,11541.35,11548.65,11539.45,11543.55,12:55:00,11534.130993615216,4,45
2019-09-27,11541.9,11542.55,11537.35,11541.6,13:00:00,11534.870898985197,4,46
2019-09-27,11551.7,11554.9,11542.0,11542.4,13:05:00,11536.473670510411,4,47
2019-09-27,11542.1,11552.75,11541.25,11551.65,13:10:00,11537.009511414184,4,48
2019-09-27,11546.45,11546.45,11536.8,11542.05,13:15:00,11537.908605565211,4,49
2019-09-27,11544.85,11547.25,11541.95,11546.1,13:20:00,11538.569690749478,4,50
2019-09-27,11551.4,11557.7,11543.9,11544.65,13:25:00,11539.791624963817,4,51
2019-09-27,11553.55,11557.5,11550.2,11550.85,13:30:00,11541.101946395833,4,52
2019-09-27,11566.85,11570.45,11551.7,11553.35,13:35:00,11543.554141977182,4,53
2019-09-27,11567.15,11567.8,11559.3,11566.75,13:40:00,11545.801366550784,4,54
2019-09-27,11566.9,11575.05,11561.0,11566.95,13:45:00,11547.810760212617,4,55
2019-09-27,11562.4,11571.25,11560.3,11567.45,13:50:00,11549.200211620937,4,56
2019-09-27,11569.25,11574.25,11560.9,11563.65,13:55:00,11551.109715276089,4,57
2019-09-27,11546.1,11569.05,11539.95,11568.75,14:00:00,11550.632599535507,4,58
2019-09-27,11545.85,11553.8,11543.4,11546.7,14:05:00,11550.17711386546,4,59
2019-09-27,11548.2,11550.65,11539.75,11545.95,14:10:00,11549.988817306845,4,60
2019-09-27,11539.6,11547.8,11536.85,11547.8,14:15:00,11548.999406134764,4,61
2019-09-27,11538.3,11544.05,11536.7,11539.4,14:20:00,11547.980415074311,4,62
2019-09-27,11527.3,11539.2,11520.6,11537.95,14:25:00,11546.0108517339,4,63
2019-09-27,11535.6,11539.45,11525.1,11527.25,14:30:00,11545.019342044958,4,64
2019-09-27,11529.85,11535.35,11524.6,11535.2,14:35:00,11543.57464280258,4,65
2019-09-27,11505.45,11530.05,11499.75,11529.75,14:40:00,11539.94372444043,4,66
2019-09-27,11509.65,11517.4,11503.25,11505.6,14:45:00,11537.058607827055,4,67
2019-09-27,11510.8,11515.6,11503.0,11509.2,14:50:00,11534.557788034002,4,68
2019-09-27,11516.85,11519.55,11508.4,11510.75,14:55:00,11532.871332030763,4,69
2019-09-27,11518.55,11525.05,11515.05,11516.45,15:00:00,11531.507395646882,4,70
2019-09-27,11517.65,11520.45,11514.95,11518.0,15:05:00,11530.187643680512,4,71
2019-09-27,11510.15,11517.55,11505.85,11517.25,15:10:00,11528.27929666332,4,72
2019-09-27,11510.45,11514.45,11506.2,11509.3,15:15:00,11526.58126840967,4,73
2019-09-27,11515.95,11515.95,11508.85,11510.4,15:20:00,11525.568766656368,4,74
2019-09-27,11512.5,11517.45,11506.75,11515.75,15:25:00,11524.324122212904,4,75
2019-09-30,11487.6,11495.65,11476.1,11488.1,09:15:00,11520.826586764057,0,1
2019-09-30,11479.7,11504.6,11473.8,11488.8,09:20:00,11516.909768977002,0,2
2019-09-30,11462.05,11479.35,11458.85,11479.25,09:25:00,11511.685029074431,0,3
2019-09-30,11468.45,11469.2,11454.1,11462.45,09:30:00,11507.56740725782,0,4
2019-09-30,11430.95,11467.65,11430.5,11467.65,09:35:00,11500.270511328505,0,5
2019-09-30,11423.5,11435.2,11417.2,11431.65,09:40:00,11492.959034059122,0,6
2019-09-30,11434.4,11440.0,11420.9,11423.35,09:45:00,11487.381983196348,0,7
2019-09-30,11438.8,11441.7,11427.1,11434.25,09:50:00,11482.755127653838,0,8
2019-09-30,11438.2,11442.65,11430.7,11440.5,09:55:00,11478.511782162996,0,9
2019-09-30,11430.1,11438.55,11425.8,11438.55,10:00:00,11473.901136242712,0,10
2019-09-30,11431.85,11437.0,11427.9,11429.8,10:05:00,11469.89626612436,0,11
2019-09-30,11422.05,11431.55,11419.15,11431.55,10:10:00,11465.33947887442,0,12
2019-09-30,11424.15,11425.45,11412.9,11422.0,10:15:00,11461.41667136257,0,13
2019-09-30,11427.7,11429.9,11418.95,11424.25,10:20:00,11458.20555980423,0,14
2019-09-30,11421.75,11427.5,11417.75,11427.3,10:25:00,11454.733601727636,0,15
2019-09-30,11411.6,11421.55,11410.25,11421.55,10:30:00,11450.625639658338,0,16
2019-09-30,11419.65,11422.45,11411.1,11411.1,10:35:00,11447.675578738495,0,17
2019-09-30,11432.05,11432.85,11419.15,11420.35,10:40:00,11446.187428382447,0,18
2019-09-30,11428.25,11433.65,11427.15,11431.85,10:45:00,11444.479101869834,0,19
2019-09-30,11420.65,11435.2,11419.85,11427.8,10:50:00,11442.209663596515,0,20
2019-09-30,11419.5,11427.5,11418.4,11421.4,10:55:00,11440.046838492086,0,21
2019-09-30,11422.75,11423.6,11412.35,11418.9,11:00:00,11438.39952054046,0,22
2019-09-30,11424.3,11430.8,11421.8,11422.35,11:05:00,11437.056709060416,0,23
2019-09-30,11426.4,11427.55,11421.15,11423.45,11:10:00,11436.041784387997,0,24
2019-09-30,11423.0,11432.15,11419.2,11426.2,11:15:00,11434.799709684376,0,25
2019-09-30,11417.75,11423.25,11416.9,11423.25,11:20:00,11433.175927809672,0,26
2019-09-30,11423.3,11426.15,11417.55,11417.95,11:25:00,11432.23536325637,0,27
2019-09-30,11422.1,11429.55,11420.5,11423.0,11:30:00,11431.270090565284,0,28
2019-09-30,11422.55,11424.9,11418.3,11421.45,11:35:00,11430.439605749543,0,29
2019-09-30,11442.0,11442.35,11420.65,11422.4,11:40:00,11431.54059567816,0,30
2019-09-30,11436.3,11452.0,11434.9,11441.7,11:45:00,11431.99387228024,0,31
2019-09-30,11436.45,11440.85,11430.75,11436.75,11:50:00,11432.418265396407,0,32
2019-09-30,11430.85,11441.75,11429.4,11436.3,11:55:00,11432.268906787229,0,33
2019-09-30,11426.45,11432.8,11424.75,11431.65,12:00:00,11431.714725188443,0,34
2019-09-30,11425.4,11432.0,11425.3,11426.35,12:05:00,11431.113322789544,0,35
2019-09-30,11428.3,11430.9,11422.85,11424.9,12:10:00,11430.845387285775,0,36
2019-09-30,11404.65,11431.6,11402.75,11428.45,12:15:00,11428.350588496654,0,37
2019-09-30,11401.05,11405.95,11390.8,11405.95,12:20:00,11425.750532449354,0,38
2019-09-30,11402.8,11405.9,11398.05,11400.05,12:25:00,11423.564767454178,0,39
2019-09-30,11411.45,11411.9,11399.65,11402.75,12:30:00,11422.410980077591,0,40
2019-09-30,11404.85,11410.75,11399.3,11410.75,12:35:00,11420.738505784488,0,41
2019-09-30,11402.35,11409.35,11398.1,11404.75,12:40:00,11418.987219519298,0,42
2019-09-30,11411.35,11412.35,11396.6,11402.9,12:45:00,11418.259865279364,0,43
2019-09-30,11411.4,11418.5,11407.4,11411.4,12:50:00,11417.606544776569,0,44
2019-09-30,11414.15,11422.0,11410.15,11410.9,12:55:00,11417.27735003594,0,45
2019-09-30,11430.5,11432.9,11411.6,11414.45,13:00:00,11418.536650032518,0,46
2019-09-30,11428.4,11433.2,11424.0,11430.8,13:05:00,11419.476016696088,0,47
2019-09-30,11429.5,11432.5,11420.25,11428.5,13:10:00,11420.43068177265,0,48
2019-09-30,11434.7,11444.6,11428.2,11429.8,13:15:00,11421.789664460968,0,49
2019-09-30,11429.95,11435.3,11423.6,11434.65,13:20:00,11422.566839274208,0,50
2019-09-30,11420.4,11430.25,11417.6,11430.25,13:25:00,11422.360473629044,0,51
2019-09-30,11423.05,11427.2,11415.2,11420.3,13:30:00,11422.426142807231,0,52
2019-09-30,11426.0,11429.9,11422.05,11423.15,13:35:00,11422.766510158925,0,53
2019-09-30,11425.0,11436.15,11421.9,11427.85,13:40:00,11422.97922347712,0,54
2019-09-30,11422.85,11426.05,11417.75,11424.85,13:45:00,11422.9669164793,0,55
2019-09-30,11423.7,11429.75,11419.25,11422.95,13:50:00,11423.036733957462,0,56
2019-09-30,11430.9,11433.65,11422.95,11423.6,13:55:00,11423.785616437704,0,57
2019-09-30,11429.1,11437.2,11426.8,11430.6,14:00:00,11424.291748205542,0,58
2019-09-30,11427.45,11429.65,11418.4,11428.8,14:05:00,11424.592534090729,0,59
2019-09-30,11433.05,11440.9,11426.6,11427.9,14:10:00,11425.39800703447,0,60
2019-09-30,11466.3,11468.05,11426.05,11432.35,14:15:00,11429.293434935948,0,61
2019-09-30,11498.8,11499.35,11464.95,11467.0,14:20:00,11435.913107799191,0,62
2019-09-30,11501.6,11508.25,11485.7,11498.25,14:25:00,11442.169002294506,0,63
2019-09-30,11486.55,11507.05,11477.45,11501.35,14:30:00,11446.395763980743,0,64
2019-09-30,11474.7,11486.45,11474.7,11485.1,14:35:00,11449.09140550639,0,65
2019-09-30,11464.55,11475.45,11454.1,11475.45,14:40:00,11450.563652601018,0,66
2019-09-30,11469.1,11475.6,11460.9,11464.65,14:45:00,11452.329019019968,0,67
2019-09-30,11465.9,11476.05,11464.45,11469.15,14:50:00,11453.62149339902,0,68
2019-09-30,11458.95,11470.35,11455.9,11466.15,14:55:00,11454.128970218162,0,69
2019-09-30,11472.7,11477.25,11459.15,11459.15,15:00:00,11455.897639721194,0,70
2019-09-30,11466.55,11474.0,11465.6,11473.0,15:05:00,11456.912150223936,0,71
2019-09-30,11469.35,11471.6,11461.05,11466.75,15:10:00,11458.096707345469,0,72
2019-09-30,11482.15,11483.55,11468.5,11469.45,15:15:00,11460.387497122088,0,73
2019-09-30,11483.35,11485.05,11480.75,11481.9,15:20:00,11462.57440215808,0,74
2019-09-30,11478.1,11484.4,11471.75,11482.25,15:25:00,11464.053030523975,0,75
2019-10-01,11537.55,11554.2,11510.1,11510.1,09:15:00,11471.052741902648,1,1
2019-10-01,11526.75,11543.2,11520.75,11538.15,09:20:00,11476.357242673825,1,2
2019-10-01,11528.25,11532.85,11521.2,11527.85,09:25:00,11481.29941003822,1,3
2019-10-01,11539.3,11548.15,11527.9,11528.8,09:30:00,11486.823275748866,1,4
2019-10-01,11529.45,11543.8,11528.5,11538.05,09:35:00,11490.882963772783,1,5
2019-10-01,11498.5,11532.0,11485.3,11530.1,09:40:00,11491.608395794425,1,6
2019-10-01,11488.55,11495.7,11477.65,11495.7,09:45:00,11491.317120004478,1,7
2019-10-01,11479.65,11490.05,11478.35,11489.35,09:50:00,11490.205965718336,1,8
2019-10-01,11470.4,11484.05,11469.35,11479.9,09:55:00,11488.31968326897,1,9
2019-10-01,11444.65,11472.85,11428.7,11469.9,10:00:00,11484.160665814785,1,10
2019-10-01,11419.55,11444.8,11406.5,11444.8,10:05:00,11478.007269070516,1,11
2019-10-01,11444.45,11454.3,11417.45,11418.5,10:10:00,11474.81133868285,1,12
2019-10-01,11457.1,11465.65,11444.5,11444.5,10:15:00,11473.124544522578,1,13
2019-10-01,11458.85,11463.85,11449.65,11456.5,10:20:00,11471.765064091856,1,14
2019-10-01,11447.15,11465.15,11440.5,11458.0,10:25:00,11469.420772273585,1,15
2019-10-01,11449.75,11454.5,11444.5,11447.4,10:30:00,11467.547365390385,1,16
2019-10-01,11468.8,11470.65,11446.45,11449.1,10:35:00,11467.666663924634,1,17
2019-10-01,11486.9,11489.5,11464.9,11468.15,10:40:00,11469.498410217526,1,18
2019-10-01,11516.3,11516.55,11486.7,11486.7,10:45:00,11473.955704482523,1,19
2019-10-01,11516.45,11519.0,11501.7,11516.95,10:50:00,11478.002780246094,1,20
2019-10-01,11512.05,11524.35,11512.05,11516.7,10:55:00,11481.24537260361,1,21
2019-10-01,11525.25,11535.55,11510.05,11513.0,11:00:00,11485.436289498504,1,22
2019-10-01,11521.4,11529.15,11515.65,11524.6,11:05:00,11488.86140478436,1,23
2019-10-01,11511.95,11525.65,11504.75,11521.2,11:10:00,11491.060318614422,1,24
2019-10-01,11514.85,11514.9,11500.35,11512.65,11:15:00,11493.326002555905,1,25
2019-10-01,11500.85,11516.55,11500.65,11514.4,11:20:00,11494.042573741055,1,26
2019-10-01,11510.9,11510.9,11494.6,11501.6,11:25:00,11495.648042908571,1,27
2019-10-01,11499.95,11513.35,11494.5,11511.95,11:30:00,11496.057753107758,1,28
2019-10-01,11505.0,11511.1,11496.3,11499.7,11:35:00,11496.909395668925,1,29
2019-10-01,11522.0,11522.25,11505.75,11506.05,11:40:00,11499.29897703379,1,30
2019-10-01,11509.45,11521.95,11507.75,11521.8,11:45:00,11500.26574112581,1,31
2019-10-01,11509.9,11513.9,11502.8,11509.25,11:50:00,11501.183289590015,1,32
2019-10-01,11500.5,11513.35,11498.5,11509.8,11:55:00,11501.118214390968,1,33
2019-10-01,11489.25,11501.15,11485.4,11500.75,12:00:00,11499.987908258496,1,34
2019-10-01,11491.95,11498.3,11488.75,11489.55,12:05:00,11499.22239318626,1,35
2019-10-01,11479.25,11491.55,11478.6,11491.55,12:10:00,11497.320260501854,1,36
2019-10-01,11478.1,11484.8,11475.8,11479.15,12:15:00,11495.489759501676,1,37
2019-10-01,11466.45,11481.15,11458.25,11477.75,12:20:00,11492.724068120564,1,38
2019-10-01,11473.7,11475.65,11455.65,11466.2,12:25:00,11490.91225210908,1,39
2019-10-01,11464.15,11473.6,11463.2,11473.5,12:30:00,11488.363466193932,1,40
2019-10-01,11458.25,11472.6,11457.4,11464.6,12:35:00,11485.495517032605,1,41
2019-10-01,11468.35,11471.6,11453.85,11458.2,12:40:00,11483.862610648548,1,42
2019-10-01,11486.55,11493.5,11465.6,11467.85,12:45:00,11484.118552491544,1,43
2019-10-01,11475.45,11488.5,11474.35,11486.4,12:50:00,11483.292976063778,1,44
2019-10-01,11471.65,11480.2,11465.35,11476.35,12:55:00,11482.18412120056,1,45
2019-10-01,11480.05,11482.8,11471.45,11471.45,13:00:00,11481.980871562411,1,46
2019-10-01,11470.65,11486.7,11469.9,11479.95,13:05:00,11480.90174093742,1,47
2019-10-01,11469.4,11478.2,11466.45,11470.35,13:10:00,11479.80633703862,1,48
2019-10-01,11454.4,11470.3,11453.45,11469.5,13:15:00,11477.386685892085,1,49
2019-10-01,11433.15,11460.65,11428.2,11453.7,13:20:00,11473.173668188076,1,50
2019-10-01,11433.45,11438.1,11425.4,11433.7,13:25:00,11469.390461693973,1,51
2019-10-01,11416.0,11435.3,11411.65,11433.75,13:30:00,11464.305655818356,1,52
2019-10-01,11390.85,11415.7,11387.5,11415.7,13:35:00,11457.309879073751,1,53
2019-10-01,11394.45,11403.05,11378.6,11389.2,13:40:00,11451.323223923871,1,54
2019-10-01,11351.5,11393.85,11348.95,11393.85,13:45:00,11441.816250216836,1,55
2019-10-01,11342.55,11369.85,11342.55,11352.2,13:50:00,11432.362321624756,1,56
2019-10-01,11338.85,11353.85,11335.15,11342.5,13:55:00,11423.456386231925,1,57
2019-10-01,11293.1,11339.0,11261.25,11338.6,14:00:00,11411.041492305072,1,58
2019-10-01,11299.55,11321.0,11289.8,11294.55,14:05:00,11400.423254942683,1,59
2019-10-01,11264.8,11303.85,11264.8,11300.2,14:10:00,11387.506754471951,1,60
2019-10-01,11280.0,11285.3,11247.9,11263.5,14:15:00,11377.268015950813,1,61
2019-10-01,11302.65,11304.4,11264.4,11279.75,14:20:00,11370.161538241213,1,62
2019-10-01,11317.25,11317.25,11291.35,11304.2,14:25:00,11365.122344123003,1,63
2019-10-01,11320.1,11332.45,11308.8,11318.55,14:30:00,11360.834501825577,1,64
2019-10-01,11291.5,11319.65,11288.7,11319.65,14:35:00,11354.231215937423,1,65
2019-10-01,11294.3,11306.25,11273.6,11291.4,14:40:00,11348.523481086242,1,66
2019-10-01,11305.5,11310.5,11293.1,11294.55,14:45:00,11344.426006697076,1,67
2019-10-01,11350.55,11361.0,11306.2,11306.2,14:50:00,11345.009244154498,1,68
2019-10-01,11367.15,11370.05,11339.3,11350.4,14:55:00,11347.117887568356,1,69
2019-10-01,11369.85,11387.55,11366.2,11367.8,15:00:00,11349.282850657084,1,70
2019-10-01,11345.3,11371.75,11343.55,11370.95,15:05:00,11348.903531546886,1,71
2019-10-01,11343.05,11345.85,11321.65,11344.4,15:10:00,11348.346052351944,1,72
2019-10-01,11370.55,11371.8,11341.95,11341.95,15:15:00,11350.460714032712,1,73
2019-10-01,11370.35,11373.25,11365.35,11371.7,15:20:00,11352.35493174388,1,74
2019-10-01,11366.7,11372.45,11366.45,11369.75,15:25:00,11353.721128720654,1,75
2019-10-03,11266.15,11314.75,11257.35,11310.8,09:15:00,11345.38102122345,3,1
2019-10-03,11288.65,11296.1,11259.45,11264.7,09:20:00,11339.978066821215,3,2
2019-10-03,11301.15,11317.55,11282.3,11290.6,09:25:00,11336.280155695384,3,3
2019-10-03,11306.45,11323.65,11301.8,11301.8,09:30:00,11333.4391884863,3,4
2019-10-03,11307.05,11315.45,11293.8,11304.7,09:35:00,11330.925932439986,3,5
2019-10-03,11314.85,11318.3,11306.35,11307.4,09:40:00,11329.394891255226,3,6
2019-10-03,11333.15,11351.65,11314.3,11315.4,09:45:00,11329.752520659493,3,7
2019-10-03,11328.9,11353.4,11314.6,11333.9,09:50:00,11329.671328215729,3,8
2019-10-03,11330.1,11330.45,11314.2,11328.65,09:55:00,11329.712154099949,3,9
2019-10-03,11307.35,11336.6,11307.35,11329.75,10:00:00,11327.582425138047,3,10
2019-10-03,11303.3,11310.6,11297.5,11307.15,10:05:00,11325.26981322014,3,11
2019-10-03,11311.9,11314.15,11299.95,11303.35,10:10:00,11323.996497675362,3,12
2019-10-03,11298.45,11311.75,11294.5,11311.75,10:15:00,11321.563497896756,3,13
2019-10-03,11290.75,11299.0,11287.7,11298.7,10:20:00,11318.628879049447,3,14
2019-10-03,11308.4,11312.85,11287.75,11291.95,10:25:00,11317.654700092357,3,15
2019-10-03,11303.75,11318.05,11302.85,11308.85,10:30:00,11316.330442940704,3,16
2019-10-03,11303.55,11307.95,11295.05,11303.5,10:35:00,11315.11325789873,3,17
2019-10-03,11308.45,11314.1,11302.6,11303.5,10:40:00,11314.478661908375,3,18
2019-10-03,11306.05,11315.15,11303.25,11308.2,10:45:00,11313.675932202816,3,19
2019-10-03,11304.15,11308.15,11294.7,11305.7,10:50:00,11312.768700564451,3,20
2019-10-03,11311.15,11313.2,11303.3,11304.05,10:55:00,11312.614538605934,3,21
2019-10-03,11301.55,11312.55,11300.4,11311.8,11:00:00,11311.560773024416,3,22
2019-10-03,11301.4,11307.7,11300.65,11301.6,11:05:00,11310.593080355426,3,23
2019-10-03,11333.8,11340.85,11300.55,11301.25,11:10:00,11312.803263178715,3,24
2019-10-03,11327.9,11334.15,11317.1,11333.85,11:15:00,11314.241047637888,3,25
2019-10-03,11335.0,11338.15,11325.9,11327.05,11:20:00,11316.218090719996,3,26
2019-10-03,11334.25,11346.85,11332.6,11334.95,11:25:00,11317.935415413329,3,27
2019-10-03,11328.8,11338.6,11327.95,11334.8,11:30:00,11318.970137754915,3,28
2019-10-03,11315.95,11332.05,11304.65,11328.85,11:35:00,11318.682505587782,3,29
2019-10-03,11327.8,11330.4,11316.45,11316.45,11:40:00,11319.550838388946,3,30
2019-10-03,11326.2,11330.7,11321.35,11327.85,11:45:00,11320.184091875715,3,31
2019-10-03,11330.55,11331.55,11321.85,11325.9,11:50:00,11321.171321220883,3,32
2019-10-03,11338.35,11341.6,11328.4,11330.6,11:55:00,11322.807385866516,3,33
2019-10-03,11342.25,11352.55,11335.25,11338.3,12:00:00,11324.659063403038,3,34
2019-10-03,11338.05,11348.9,11334.55,11342.05,12:05:00,11325.934390697988,3,35
2019-10-03,11347.65,11348.75,11331.9,11337.9,12:10:00,11328.002543964849,3,36
2019-10-03,11344.85,11357.6,11341.0,11347.95,12:15:00,11329.607063587244,3,37
2019-10-03,11356.45,11358.25,11337.05,11344.65,12:20:00,11332.163533721792,3,38
2019-10-03,11360.0,11370.4,11352.35,11356.3,12:25:00,11334.814625748288,3,39
2019-10-03,11346.25,11359.6,11342.75,11359.3,12:30:00,11335.903709010356,3,40
2019-10-03,11337.65,11349.85,11336.4,11345.85,12:35:00,11336.07002243794,3,41
2019-10-03,11337.0,11339.55,11325.25,11337.45,12:40:00,11336.158591729563,3,42
2019-10-03,11334.25,11345.75,11331.35,11336.5,12:45:00,11335.976821088654,3,43
2019-10-03,11324.25,11334.35,11322.1,11333.3,12:50:00,11334.859980984971,3,44
2019-10-03,11321.7,11335.65,11319.05,11324.75,12:55:00,11333.606649462594,3,45
2019-10-03,11320.55,11325.7,11310.0,11322.0,13:00:00,11332.363159037584,3,46
2019-10-03,11331.6,11331.7,11319.4,11320.75,13:05:00,11332.290477224482,3,47
2019-10-03,11312.2,11331.55,11312.05,11331.05,13:10:00,11330.3770984412,3,48
2019-10-03,11315.85,11320.95,11305.1,11312.15,13:15:00,11328.993565256324,3,49
2019-10-03,11293.65,11322.7,11289.7,11315.75,13:20:00,11325.627511422388,3,50
2019-10-03,11295.65,11296.5,11281.4,11294.0,13:25:00,11322.772510334542,3,51
2019-10-03,11283.45,11300.0,11283.4,11295.75,13:30:00,11319.0275093503,3,52
2019-10-03,11281.05,11285.75,11270.55,11282.55,13:35:00,11315.41060369789,3,53
2019-10-03,11305.65,11308.1,11277.8,11280.95,13:40:00,11314.48102239333,3,54
2019-10-03,11312.1,11318.5,11303.0,11304.95,13:45:00,11314.25425835587,3,55
2019-10-03,11313.25,11317.0,11306.25,11312.25,13:50:00,11314.15861470293,3,56
2019-10-03,11323.1,11330.45,11310.15,11312.9,13:55:00,11315.010175207412,3,57
2019-10-03,11313.5,11322.15,11308.05,11322.15,14:00:00,11314.866348997184,3,58
2019-10-03,11303.4,11319.3,11302.7,11313.65,14:05:00,11313.774315759358,3,59
2019-10-03,11315.8,11318.7,11302.55,11304.05,14:10:00,11313.967238067991,3,60
2019-10-03,11309.8,11323.2,11307.2,11316.05,14:15:00,11313.570358251993,3,61
2019-10-03,11304.1,11313.15,11298.4,11308.65,14:20:00,11312.668419370852,3,62
2019-10-03,11302.8,11309.0,11298.05,11304.7,14:25:00,11311.728569906962,3,63
2019-10-03,11312.2,11317.9,11303.6,11303.6,14:30:00,11311.77346801106,3,64
2019-10-03,11302.55,11312.45,11296.0,11312.0,14:35:00,11310.895042486198,3,65
2019-10-03,11291.8,11305.4,11286.2,11302.1,14:40:00,11309.076467011322,3,66
2019-10-03,11296.25,11303.75,11288.7,11292.55,14:45:00,11307.85489872453,3,67
2019-10-03,11305.75,11309.0,11295.9,11296.35,14:50:00,11307.654432179335,3,68
2019-10-03,11294.85,11305.6,11293.25,11305.55,14:55:00,11306.434962447973,3,69
2019-10-03,11316.1,11317.6,11291.8,11295.15,15:00:00,11307.355442214834,3,70
2019-10-03,11312.1,11322.1,11310.85,11317.05,15:05:00,11307.80730486104,3,71
2019-10-03,11310.3,11317.45,11307.65,11312.7,15:10:00,11308.044704398084,3,72
2019-10-03,11321.65,11322.7,11308.9,11310.6,15:15:00,11309.340446836362,3,73
2019-10-03,11315.35,11321.7,11313.5,11321.55,15:20:00,11309.912785232898,3,74
2019-10-03,11313.1,11317.45,11309.55,11315.45,15:25:00,11310.21632949643,3,75
2019-10-04,11378.8,11400.3,11366.0,11380.5,09:15:00,11316.748107639629,4,1
2019-10-04,11379.8,11391.05,11376.15,11380.05,09:20:00,11322.753049769188,4,2
2019-10-04,11363.85,11381.0,11358.6,11380.75,09:25:00,11326.667045029264,4,3
2019-10-04,11360.8,11370.25,11351.55,11362.05,09:30:00,11329.917802645525,4,4
2019-10-04,11351.1,11369.45,11350.15,11361.65,09:35:00,11331.93515477452,4,5
2019-10-04,11360.2,11361.75,11345.75,11349.6,09:40:00,11334.627044795994,4,6
2019-10-04,11360.4,11361.25,11351.15,11359.85,09:45:00,11337.08161195828,4,7
2019-10-04,11365.6,11370.85,11354.8,11360.85,09:50:00,11339.797648914637,4,8
2019-10-04,11361.9,11370.75,11359.8,11365.9,09:55:00,11341.902634732289,4,9
2019-10-04,11368.5,11371.7,11358.35,11362.55,10:00:00,11344.435717138738,4,10
2019-10-04,11365.35,11375.2,11364.05,11368.65,10:05:00,11346.427553601716,4,11
2019-10-04,11359.9,11367.8,11354.7,11365.7,10:10:00,11347.710643734885,4,12
2019-10-04,11351.45,11366.8,11347.65,11360.1,10:15:00,11348.066772902992,4,13
2019-10-04,11353.85,11361.3,11349.55,11351.55,10:20:00,11348.617556436042,4,14
2019-10-04,11352.45,11358.1,11349.1,11353.25,10:25:00,11348.98255106118,4,15
2019-10-04,11355.9,11357.3,11346.2,11350.7,10:30:00,11349.64135572202,4,16
2019-10-04,11364.9,11368.95,11355.4,11355.4,10:35:00,11351.09455993897,4,17
2019-10-04,11371.4,11372.6,11364.6,11364.65,10:40:00,11353.028411373354,4,18
2019-10-04,11366.0,11371.9,11364.8,11371.6,10:45:00,11354.263800766368,4,19
2019-10-04,11362.4,11372.85,11359.0,11365.95,10:50:00,11355.038676883856,4,20
2019-10-04,11364.6,11365.5,11357.9,11362.5,10:55:00,11355.949279085396,4,21
2019-10-04,11364.9,11371.6,11364.25,11364.55,11:00:00,11356.80172869631,4,22
2019-10-04,11362.45,11367.85,11360.85,11364.95,11:05:00,11357.33965929666,4,23
2019-10-04,11368.55,11370.1,11360.5,11362.35,11:10:00,11358.407310792218,4,24
2019-10-04,11365.65,11369.75,11363.45,11368.05,11:15:00,11359.097090716768,4,25
2019-10-04,11366.45,11370.0,11364.6,11365.7,11:20:00,11359.79736779136,4,26
2019-10-04,11359.5,11370.95,11350.35,11366.3,11:25:00,11359.769047049327,4,27
2019-10-04,11343.2,11361.2,11341.85,11359.75,11:30:00,11358.19104256844,4,28
2019-10-04,11356.8,11356.8,11342.25,11342.65,11:35:00,11358.058562323828,4,29
2019-10-04,11345.6,11375.05,11345.6,11356.9,11:40:00,11356.8720325787,4,30
2019-10-04,11328.75,11344.55,11307.45,11333.2,11:45:00,11354.19374376168,4,31
2019-10-04,11331.9,11344.7,11328.2,11329.75,11:50:00,11352.070530070092,4,32
2019-10-04,11309.9,11331.0,11283.45,11331.0,11:55:00,11348.054289111036,4,33
2019-10-04,11282.5,11309.3,11263.5,11306.85,12:00:00,11341.811023481414,4,34
2019-10-04,11288.65,11300.6,11275.5,11282.35,12:05:00,11336.748068864135,4,35
2019-10-04,11273.25,11295.3,11270.95,11290.05,12:10:00,11330.70063373422,4,36
2019-10-04,11296.65,11296.65,11270.6,11272.6,12:15:00,11327.457716235722,4,37
2019-10-04,11327.15,11327.35,11294.6,11295.65,12:20:00,11327.428409927556,4,38
2019-10-04,11323.5,11329.5,11309.95,11327.6,12:25:00,11327.05427564874,4,39
2019-10-04,11306.9,11322.75,11289.9,11322.75,12:30:00,11325.134820825053,4,40
2019-10-04,11306.85,11316.6,11302.7,11306.25,12:35:00,11323.393409317903,4,41
2019-10-04,11302.55,11311.5,11293.35,11306.55,12:40:00,11321.4083227162,4,42
2019-10-04,11289.5,11304.55,11282.85,11303.25,12:45:00,11318.369434838469,4,43
2019-10-04,11277.55,11290.85,11273.9,11288.8,12:50:00,11314.481869615754,4,44
2019-10-04,11241.1,11277.8,11231.8,11277.45,12:55:00,11307.49312012854,4,45
2019-10-04,11246.45,11256.9,11238.2,11240.7,13:00:00,11301.679489640108,4,46
2019-10-04,11248.9,11252.2,11234.15,11245.85,13:05:00,11296.652871579146,4,47
2019-10-04,11258.7,11264.85,11244.2,11248.05,13:10:00,11293.038312381132,4,48
2019-10-04,11258.9,11260.8,11250.2,11259.55,13:15:00,11289.78704453531,4,49
2019-10-04,11266.3,11277.25,11258.75,11259.7,13:20:00,11287.550183150994,4,50
2019-10-04,11255.4,11267.75,11249.7,11266.05,13:25:00,11284.488260946138,4,51
2019-10-04,11226.85,11255.3,11217.65,11255.3,13:30:00,11278.998902760792,4,52
2019-10-04,11222.55,11233.85,11220.7,11226.5,13:35:00,11273.622816783572,4,53
2019-10-04,11209.45,11221.2,11204.7,11221.2,13:40:00,11267.51111994704,4,54
2019-10-04,11202.55,11211.6,11188.25,11209.2,13:45:00,11261.32434661875,4,55
2019-10-04,11210.75,11210.75,11182.75,11202.65,13:50:00,11256.50774217887,4,56
2019-10-04,11214.95,11215.75,11202.65,11211.35,13:55:00,11252.54986197136,4,57
2019-10-04,11221.3,11230.0,11215.4,11215.4,14:00:00,11249.573684640753,4,58
2019-10-04,11222.6,11231.75,11222.6,11222.8,14:05:00,11247.004762294016,4,59
2019-10-04,11222.75,11226.0,11212.25,11222.65,14:10:00,11244.69478493268,4,60
2019-10-04,11232.7,11235.1,11222.15,11222.4,14:15:00,11243.5524244629,4,61
2019-10-04,11216.25,11241.6,11211.55,11233.95,14:20:00,11240.952193561674,4,62
2019-10-04,11208.5,11217.65,11204.1,11215.8,14:25:00,11237.861508460564,4,63
2019-10-04,11200.6,11214.3,11195.35,11210.25,14:30:00,11234.31279336908,4,64
2019-10-04,11200.95,11202.0,11191.85,11200.7,14:35:00,11231.135384476787,4,65
2019-10-04,11202.2,11211.5,11198.1,11200.75,14:40:00,11228.379633574235,4,66
2019-10-04,11211.1,11225.15,11200.6,11200.6,14:45:00,11226.733954186211,4,67
2019-10-04,11207.9,11220.35,11201.45,11211.35,14:50:00,11224.940244263717,4,68
2019-10-04,11203.85,11214.7,11203.65,11207.7,14:55:00,11222.931649571934,4,69
2019-10-04,11188.85,11216.05,11183.75,11203.2,15:00:00,11219.685778184132,4,70
2019-10-04,11174.7,11191.55,11173.5,11187.9,15:05:00,11215.40141835707,4,71
2019-10-04,11171.15,11178.75,11164.35,11174.6,15:10:00,11211.18699756116,4,72
2019-10-04,11169.45,11173.0,11163.65,11171.05,15:15:00,11207.212045412478,4,73
2019-10-04,11169.9,11174.25,11162.45,11169.4,15:20:00,11203.658517277956,4,74
2019-10-04,11163.85,11170.8,11158.35,11169.75,15:25:00,11199.86722991815,4,75
2019-10-07,11147.6,11191.75,11139.8,11190.85,09:15:00,11194.889398497377,0,1
2019-10-07,11124.55,11155.05,11117.85,11146.9,09:20:00,11188.190408164292,0,2
2019-10-07,11145.15,11153.2,11125.65,11125.65,09:25:00,11184.091321672457,0,3
2019-10-07,11153.05,11155.4,11131.9,11144.85,09:30:00,11181.135005322696,0,4
2019-10-07,11173.65,11177.05,11150.9,11152.1,09:35:00,11180.422147672914,0,5
2019-10-07,11195.6,11198.65,11173.3,11173.3,09:40:00,11181.867657418352,0,6
2019-10-07,11207.0,11215.45,11195.25,11195.95,09:45:00,11184.2612138547,0,7
2019-10-07,11209.9,11215.15,11197.4,11207.2,09:50:00,11186.703003011397,0,8
2019-10-07,11188.55,11215.5,11188.55,11209.55,09:55:00,11186.878907486498,0,9
2019-10-07,11205.1,11205.9,11184.35,11186.2,10:00:00,11188.61424963064,0,10
2019-10-07,11220.45,11225.25,11205.25,11205.8,10:05:00,11191.646225856291,0,11
2019-10-07,11225.9,11233.85,11217.6,11219.7,10:10:00,11194.908490060456,0,12
2019-10-07,11221.75,11230.05,11212.0,11226.45,10:15:00,11197.464824340412,0,13
2019-10-07,11222.6,11224.2,11215.3,11223.15,10:20:00,11199.858650593706,0,14
2019-10-07,11216.55,11231.4,11212.05,11223.25,10:25:00,11201.448302918116,0,15
2019-10-07,11205.55,11216.6,11201.8,11216.4,10:30:00,11201.838940735435,0,16
2019-10-07,11207.9,11214.4,11205.05,11205.05,10:35:00,11202.416184474918,0,17
2019-10-07,11204.25,11210.75,11202.2,11207.55,10:40:00,11202.590833572543,0,18
2019-10-07,11187.55,11205.1,11175.75,11204.75,10:45:00,11201.158373232302,0,19
2019-10-07,11190.8,11194.85,11181.7,11187.7,10:50:00,11200.171861495892,0,20
2019-10-07,11167.1,11191.3,11166.4,11190.25,10:55:00,11197.022160401044,0,21
2019-10-07,11185.05,11188.15,11161.45,11166.75,11:00:00,11195.881954648565,0,22
2019-10-07,11177.6,11186.2,11176.0,11184.25,11:05:00,11194.140816110605,0,23
2019-10-07,11196.35,11197.0,11175.45,11178.4,11:10:00,11194.351214576262,0,24
2019-10-07,11187.75,11201.95,11186.9,11197.15,11:15:00,11193.72252747376,0,25
2019-10-07,11194.55,11197.5,11187.05,11187.6,11:20:00,11193.801334381022,0,26
2019-10-07,11189.25,11196.95,11185.15,11194.45,11:25:00,11193.367873963782,0,27
2019-10-07,11191.05,11196.15,11186.25,11189.15,11:30:00,11193.14712406247,0,28
2019-10-07,11192.65,11194.9,11190.25,11190.75,11:35:00,11193.099778913664,0,29
2019-10-07,11190.65,11195.45,11180.85,11193.35,11:40:00,11192.866466636173,0,30
2019-10-07,11187.8,11193.25,11184.8,11191.1,11:45:00,11192.383946004154,0,31
2019-10-07,11186.7,11188.9,11184.75,11187.7,11:50:00,11191.842617813283,0,32
2019-10-07,11208.0,11208.3,11186.1,11186.4,11:55:00,11193.38141611678,0,33
2019-10-07,11207.55,11210.6,11199.65,11207.95,12:00:00,11194.730805058038,0,34
2019-10-07,11211.8,11215.8,11206.95,11207.35,12:05:00,11196.356442671557,0,35
2019-10-07,11217.15,11218.55,11209.7,11211.95,12:10:00,11198.33678146474,0,36
2019-10-07,11200.95,11216.65,11198.65,11216.45,12:15:00,11198.58565942048,0,37
2019-10-07,11209.6,11212.45,11200.7,11201.5,12:20:00,11199.634644237578,0,38
2019-10-07,11209.0,11213.8,11207.05,11209.55,12:25:00,11200.526582881615,0,39
2019-10-07,11213.2,11214.25,11204.0,11208.55,12:30:00,11201.73357498813,0,40
2019-10-07,11208.45,11218.85,11201.2,11213.05,12:35:00,11202.37323451307,0,41
2019-10-07,11215.25,11216.4,11206.4,11208.75,12:40:00,11203.599593130872,0,42
2019-10-07,11215.9,11220.5,11212.25,11215.0,12:45:00,11204.771060451742,0,43
2019-10-07,11222.35,11224.85,11215.7,11215.7,12:50:00,11206.445245170622,0,44
2019-10-07,11207.4,11222.7,11203.35,11222.1,12:55:00,11206.536174201992,0,45
2019-10-07,11210.6,11211.35,11199.3,11207.05,13:00:00,11206.923205230374,0,46
2019-10-07,11203.75,11214.75,11201.8,11211.65,13:05:00,11206.620995208434,0,47
2019-10-07,11207.9,11211.25,11204.1,11205.1,13:10:00,11206.742805188582,0,48
2019-10-07,11210.4,11215.5,11207.1,11207.85,13:15:00,11207.091109456336,0,49
2019-10-07,11202.65,11216.2,11200.85,11210.55,13:20:00,11206.66814665097,0,50
2019-10-07,11197.25,11205.25,11181.55,11203.6,13:25:00,11205.77118030326,0,51
2019-10-07,11193.0,11200.1,11185.3,11199.1,13:30:00,11204.554877417237,0,52
2019-10-07,11198.25,11205.85,11191.5,11193.35,13:35:00,11203.954412901308,0,53
2019-10-07,11205.2,11206.7,11195.65,11198.95,13:40:00,11204.07304024404,0,54
2019-10-07,11189.6,11206.55,11186.4,11205.4,13:45:00,11202.694655458892,0,55
2019-10-07,11188.75,11193.05,11185.0,11190.55,13:50:00,11201.366593034236,0,56
2019-10-07,11191.65,11193.7,11183.1,11189.95,13:55:00,11200.441203221451,0,57
2019-10-07,11179.3,11195.1,11172.35,11193.55,14:00:00,11198.427755295595,0,58
2019-10-07,11182.9,11192.7,11175.7,11179.85,14:05:00,11196.94892145792,0,59
2019-10-07,11179.55,11186.85,11178.05,11182.45,14:10:00,11195.291881319072,0,60
2019-10-07,11187.25,11188.85,11167.6,11179.0,14:15:00,11194.525987860114,0,61
2019-10-07,11185.2,11191.9,11182.95,11186.95,14:20:00,11193.637798540103,0,62
2019-10-07,11175.0,11187.1,11174.75,11185.5,14:25:00,11191.862770107711,0,63
2019-10-07,11195.8,11196.15,11168.8,11175.2,14:30:00,11192.237744383168,0,64
2019-10-07,11196.9,11206.1,11192.35,11195.35,14:35:00,11192.681768727629,0,65
2019-10-07,11186.0,11196.6,11180.55,11194.75,14:40:00,11192.045409801189,0,66
2019-10-07,11173.75,11187.8,11173.1,11187.8,14:45:00,11190.30298982012,0,67
2019-10-07,11166.9,11187.0,11166.85,11174.75,14:50:00,11188.074133646774,0,68
2019-10-07,11153.95,11167.9,11144.85,11167.9,14:55:00,11184.824216156603,0,69
2019-10-07,11125.55,11153.55,11123.9,11153.55,15:00:00,11179.17905271312,0,70
2019-10-07,11133.75,11147.7,11122.25,11125.15,15:05:00,11174.852476264252,0,71
2019-10-07,11117.9,11137.75,11116.2,11133.3,15:10:00,11169.428430905751,0,72
2019-10-07,11122.4,11127.55,11116.15,11117.15,15:15:00,11164.949532724251,0,73
2019-10-07,11117.25,11126.6,11115.5,11121.9,15:20:00,11160.406720083847,0,74
2019-10-07,11119.95,11119.95,11112.65,11116.65,15:25:00,11156.55369912348,0,75
2019-10-09,11119.7,11149.5,11110.45,11149.5,09:15:00,11153.043823016482,2,1
2019-10-09,11137.95,11149.85,11113.4,11119.1,09:20:00,11151.60631606253,2,2
2019-10-09,11144.7,11147.3,11128.3,11137.7,09:25:00,11150.948571675624,2,3
2019-10-09,11127.55,11144.25,11123.5,11143.7,09:30:00,11148.720136277943,2,4
2019-10-09,11137.7,11139.25,11120.6,11128.05,09:35:00,11147.670599489567,2,5
2019-10-09,11136.25,11146.1,11134.5,11137.8,09:40:00,11146.582923347703,2,6
2019-10-09,11128.4,11137.1,11124.3,11135.8,09:45:00,11144.85121636221,2,7
2019-10-09,11132.45,11139.05,11127.55,11129.1,09:50:00,11143.670148137238,2,8
2019-10-09,11119.4,11133.4,11114.7,11133.4,09:55:00,11141.358705457502,2,9
2019-10-09,11114.8,11119.9,11100.4,11119.6,10:00:00,11138.82930493774,2,10
2019-10-09,11110.45,11119.8,11108.0,11113.35,10:05:00,11136.126513991288,2,11
2019-10-09,11107.85,11116.5,11107.0,11110.1,10:10:00,11133.433512658785,2,12
2019-10-09,11096.75,11109.0,11090.15,11108.25,10:15:00,11129.93984478652,2,13
2019-10-09,11108.4,11113.85,11096.65,11096.95,10:20:00,11127.888430997324,2,14
2019-10-09,11104.05,11111.15,11103.55,11108.5,10:25:00,11125.618104235677,2,15
2019-10-09,11127.65,11129.1,11102.75,11103.9,10:30:00,11125.81161811799,2,16
2019-10-09,11137.0,11141.2,11128.2,11128.2,10:35:00,11126.877178297227,2,17
2019-10-09,11140.15,11140.15,11128.35,11136.45,10:40:00,11128.141256554636,2,18
2019-10-09,11131.3,11142.05,11129.65,11139.85,10:45:00,11128.44208926372,2,19
2019-10-09,11130.05,11135.35,11126.3,11131.2,10:50:00,11128.595223619555,2,20
2019-10-09,11127.55,11137.2,11127.55,11130.25,10:55:00,11128.49567851293,2,21
2019-10-09,11135.8,11138.8,11127.75,11128.05,11:00:00,11129.191328178364,2,22
2019-10-09,11127.2,11135.35,11126.3,11135.35,11:05:00,11129.001677875664,2,23
2019-10-09,11126.75,11131.6,11122.3,11127.3,11:10:00,11128.787232363697,2,24
2019-10-09,11134.45,11139.8,11125.7,11126.35,11:15:00,11129.326543567153,2,25
2019-10-09,11137.2,11138.35,11130.3,11134.2,11:20:00,11130.076396560757,2,26
2019-10-09,11140.65,11143.75,11137.45,11137.45,11:25:00,11131.083406412112,2,27
2019-10-09,11166.45,11166.85,11140.55,11140.75,11:30:00,11134.451653420483,2,28
2019-10-09,11157.8,11171.25,11157.35,11166.3,11:35:00,11136.675305475675,2,29
2019-10-09,11161.15,11161.2,11155.1,11158.15,11:40:00,11139.006228763708,2,30
2019-10-09,11172.55,11173.5,11158.4,11161.3,11:45:00,11142.200873643353,2,31
2019-10-09,11184.1,11196.35,11172.2,11172.2,11:50:00,11146.1912666297,2,32
2019-10-09,11194.55,11196.45,11181.5,11184.5,11:55:00,11150.796860284014,2,33
2019-10-09,11210.05,11222.0,11195.05,11195.05,12:00:00,11156.44001644744,2,34
2019-10-09,11209.3,11211.15,11202.0,11210.6,12:05:00,11161.474300595302,2,35
2019-10-09,11202.65,11214.5,11201.75,11208.85,12:10:00,11165.395795776702,2,36
2019-10-09,11212.45,11212.8,11193.75,11202.9,12:15:00,11169.877148559874,2,37
2019-10-09,11213.3,11220.15,11211.15,11212.55,12:20:00,11174.012658220838,2,38
2019-10-09,11205.9,11219.65,11205.8,11213.45,12:25:00,11177.049547914092,2,39
2019-10-09,11199.4,11210.7,11199.25,11204.95,12:30:00,11179.178162398464,2,40
2019-10-09,11211.05,11213.3,11199.2,11199.45,12:35:00,11182.213575503372,2,41
2019-10-09,11208.25,11217.3,11205.85,11211.4,12:40:00,11184.693234979242,2,42
2019-10-09,11212.0,11215.45,11205.55,11208.35,12:45:00,11187.293879266934,2,43
2019-10-09,11231.1,11234.45,11208.55,11212.25,12:50:00,11191.46589076532,2,44
2019-10-09,11234.1,11239.1,11227.1,11232.65,12:55:00,11195.526282121004,2,45
2019-10-09,11227.9,11234.8,11226.6,11233.75,13:00:00,11198.609493347576,2,46
2019-10-09,11224.3,11229.7,11218.95,11227.3,13:05:00,11201.056208266857,2,47
2019-10-09,11233.9,11234.45,11217.8,11224.2,13:10:00,11204.184188431916,2,48
2019-10-09,11235.35,11236.3,11230.1,11234.05,13:15:00,11207.152360962207,2,49
2019-10-09,11238.9,11247.25,11234.75,11234.9,13:20:00,11210.175945632474,2,50
2019-10-09,11238.95,11241.1,11230.85,11238.5,13:25:00,11212.916331762715,2,51
2019-10-09,11247.1,11251.2,11238.8,11238.8,13:30:00,11216.171919213884,2,52
2019-10-09,11235.7,11247.95,11233.05,11246.95,13:35:00,11218.03173643161,2,53
2019-10-09,11237.1,11238.9,11230.55,11235.5,13:40:00,11219.847761533363,2,54
2019-10-09,11235.8,11243.95,11228.6,11237.85,13:45:00,11221.36702233971,2,55
2019-10-09,11240.25,11240.95,11232.8,11235.4,13:50:00,11223.1654011645,2,56
2019-10-09,11251.65,11258.95,11239.75,11239.75,13:55:00,11225.878220101216,2,57
2019-10-09,11242.65,11259.85,11242.65,11251.5,14:00:00,11227.475532472528,2,58
2019-10-09,11246.4,11249.55,11235.4,11243.35,14:05:00,11229.27786271324,2,59
2019-10-09,11248.8,11253.8,11246.9,11247.2,14:10:00,11231.137113883407,2,60
2019-10-09,11254.15,11259.1,11249.1,11249.1,14:15:00,11233.328817323085,2,61
2019-10-09,11248.6,11255.25,11246.35,11254.4,14:20:00,11234.783215673266,2,62
2019-10-09,11258.1,11261.9,11246.45,11248.75,14:25:00,11237.003861799622,2,63
2019-10-09,11267.75,11269.8,11258.05,11258.05,14:30:00,11239.932065437752,2,64
2019-10-09,11273.6,11279.8,11267.25,11267.5,14:35:00,11243.13853539606,2,65
2019-10-09,11284.65,11284.65,11266.75,11274.2,14:40:00,11247.092008215484,2,66
2019-10-09,11300.05,11309.9,11283.5,11283.5,14:45:00,11252.135626480676,2,67
2019-10-09,11304.15,11310.05,11291.95,11299.9,14:50:00,11257.089376339658,2,68
2019-10-09,11310.95,11317.85,11302.0,11305.0,14:55:00,11262.218959545406,2,69
2019-10-09,11310.7,11321.6,11307.75,11310.7,15:00:00,11266.836201493465,2,70
2019-10-09,11308.6,11317.65,11308.45,11310.6,15:05:00,11270.813706113133,2,71
2019-10-09,11310.65,11315.2,11304.4,11309.55,15:10:00,11274.607638864263,2,72
2019-10-09,11312.8,11317.35,11307.65,11311.2,15:15:00,11278.245006591476,2,73
2019-10-09,11316.25,11319.35,11312.6,11312.95,15:20:00,11281.86452977324,2,74
2019-10-09,11319.6,11320.45,11315.65,11315.9,15:25:00,11285.45838408055,2,75
2019-10-10,11277.55,11293.35,11269.0,11269.0,09:15:00,11284.705204644306,3,1
2019-10-10,11281.55,11289.05,11274.75,11276.7,09:20:00,11284.404708963895,3,2
2019-10-10,11271.85,11284.05,11262.1,11281.2,09:25:00,11283.209022395906,3,3
2019-10-10,11262.15,11274.45,11259.65,11272.2,09:30:00,11281.203401215344,3,4
2019-10-10,11262.1,11270.1,11257.4,11261.9,09:35:00,11279.384029671026,3,5
2019-10-10,11268.7,11276.5,11260.0,11261.95,09:40:00,11278.366503035691,3,6
2019-10-10,11260.4,11273.15,11258.85,11268.1,09:45:00,11276.655407508482,3,7
2019-10-10,11262.6,11269.05,11258.9,11259.95,09:50:00,11275.31679726958,3,8
2019-10-10,11263.7,11264.2,11253.4,11261.9,09:55:00,11274.210435624858,3,9
2019-10-10,11270.0,11276.05,11257.1,11263.4,10:00:00,11273.809441755824,3,10
2019-10-10,11286.7,11288.15,11266.15,11268.8,10:05:00,11275.037113969554,3,11
2019-10-10,11284.3,11291.7,11279.4,11287.15,10:10:00,11275.919293591502,3,12
2019-10-10,11268.55,11283.65,11267.55,11283.65,10:15:00,11275.217456106597,3,13
2019-10-10,11267.65,11278.45,11266.6,11268.35,10:20:00,11274.496746001205,3,14
2019-10-10,11270.45,11272.05,11265.65,11266.95,10:25:00,11274.111341620135,3,15
2019-10-10,11267.15,11278.85,11267.0,11271.2,10:30:00,11273.448356703935,3,16
2019-10-10,11273.95,11278.05,11266.3,11266.3,10:35:00,11273.49613225594,3,17
2019-10-10,11279.65,11283.15,11274.25,11274.25,10:40:00,11274.082214898232,3,18
2019-10-10,11285.65,11292.55,11279.45,11279.85,10:45:00,11275.183908717449,3,19
2019-10-10,11276.85,11292.8,11276.65,11285.4,10:50:00,11275.342584077693,3,20
2019-10-10,11277.45,11280.35,11273.1,11277.75,10:55:00,11275.543290356009,3,21
2019-10-10,11281.25,11285.15,11276.15,11277.4,11:00:00,11276.086786512577,3,22
2019-10-10,11268.3,11281.5,11267.55,11281.35,11:05:00,11275.345187797093,3,23
2019-10-10,11260.35,11268.4,11260.25,11268.4,11:10:00,11273.91707467356,3,24
2019-10-10,11232.05,11259.85,11224.35,11259.85,11:15:00,11269.92973422846,3,25
2019-10-10,11236.35,11240.0,11230.95,11231.45,11:20:00,11266.73166430194,3,26
2019-10-10,11242.3,11248.4,11235.5,11236.9,11:25:00,11264.404839130326,3,27
2019-10-10,11228.25,11242.15,11227.05,11241.6,11:30:00,11260.961521117912,3,28
2019-10-10,11234.65,11235.9,11227.3,11228.55,11:35:00,11258.455661963828,3,29
2019-10-10,11243.3,11244.25,11229.95,11234.15,11:40:00,11257.01226558632,3,30
2019-10-10,11241.25,11242.95,11235.9,11242.2,11:45:00,11255.511097435245,3,31
2019-10-10,11235.3,11241.5,11233.6,11240.85,11:50:00,11253.586231012838,3,32
2019-10-10,11242.7,11245.85,11234.7,11235.1,11:55:00,11252.549447106854,3,33
2019-10-10,11235.65,11244.15,11234.0,11242.55,12:00:00,11250.93997595382,3,34
2019-10-10,11228.0,11236.9,11225.4,11235.1,12:05:00,11248.755216339172,3,35
2019-10-10,11235.9,11238.5,11227.35,11227.45,12:10:00,11247.530910021156,3,36
2019-10-10,11238.1,11239.55,11227.7,11235.25,12:15:00,11246.63272811438,3,37
2019-10-10,11252.25,11257.35,11237.45,11238.05,12:20:00,11247.1677063892,3,38
2019-10-10,11254.25,11255.55,11248.85,11252.35,12:25:00,11247.84221054261,3,39
2019-10-10,11254.5,11266.75,11252.5,11253.75,12:30:00,11248.47628572903,3,40
2019-10-10,11243.9,11254.9,11242.1,11254.3,12:35:00,11248.040448992931,3,41
2019-10-10,11247.65,11249.7,11240.65,11243.6,12:40:00,11248.003263374558,3,42
2019-10-10,11240.05,11247.1,11238.0,11247.1,12:45:00,11247.245809719838,3,43
2019-10-10,11251.45,11252.95,11238.25,11239.45,12:50:00,11247.64620879414,3,44
2019-10-10,11240.85,11252.5,11239.7,11251.25,12:55:00,11246.998950813744,3,45
2019-10-10,11218.3,11244.1,11212.25,11240.9,13:00:00,11244.265717402912,3,46
2019-10-10,11208.85,11218.5,11208.55,11218.5,13:05:00,11240.892791935968,3,47
2019-10-10,11225.7,11226.9,11209.35,11209.4,13:10:00,11239.44585937064,3,48
2019-10-10,11230.85,11230.85,11222.0,11225.5,13:15:00,11238.627206097244,3,49
2019-10-10,11232.65,11249.9,11227.9,11231.1,13:20:00,11238.057948373696,3,50
2019-10-10,11229.2,11234.75,11220.9,11232.05,13:25:00,11237.21433424287,3,51
2019-10-10,11228.95,11237.65,11227.25,11229.05,13:30:00,11236.427254791168,3,52
2019-10-10,11222.85,11229.8,11222.85,11229.0,13:35:00,11235.134182906297,3,53
2019-10-10,11223.7,11230.7,11221.0,11221.7,13:40:00,11234.045213105695,3,54
2019-10-10,11217.05,11224.7,11213.2,11223.65,13:45:00,11232.426621381344,3,55
2019-10-10,11230.4,11232.3,11216.05,11216.75,13:50:00,11232.233609821214,3,56
2019-10-10,11240.9,11243.35,11230.25,11230.25,13:55:00,11233.058980314432,3,57
2019-10-10,11234.65,11242.75,11231.35,11240.2,14:00:00,11233.210505998772,3,58
2019-10-10,11233.1,11239.5,11229.7,11234.5,14:05:00,11233.199981617938,3,59
2019-10-10,11235.1,11243.4,11232.95,11232.95,14:10:00,11233.380935749565,3,60
2019-10-10,11235.45,11240.9,11230.0,11234.85,14:15:00,11233.5779894877,3,61
2019-10-10,11245.25,11253.7,11235.15,11235.5,14:20:00,11234.68960953649,3,62
2019-10-10,11231.25,11247.75,11227.25,11244.75,14:25:00,11234.362027675872,3,63
2019-10-10,11213.8,11232.65,11213.8,11231.4,14:30:00,11232.40373932579,3,64
2019-10-10,11223.2,11227.8,11214.1,11214.1,14:35:00,11231.527192723332,3,65
2019-10-10,11218.25,11227.15,11217.45,11222.35,14:40:00,11230.262698178254,3,66
2019-10-10,11217.25,11222.55,11213.65,11218.05,14:45:00,11229.02339358985,3,67
2019-10-10,11229.65,11233.45,11216.2,11217.0,14:50:00,11229.083070390818,3,68
2019-10-10,11217.2,11229.6,11215.05,11229.6,14:55:00,11227.951349401215,3,69
2019-10-10,11225.35,11225.7,11215.5,11216.7,15:00:00,11227.703601839195,3,70
2019-10-10,11231.55,11231.9,11224.45,11224.9,15:05:00,11228.06992547356,3,71
2019-10-10,11233.85,11237.3,11230.7,11230.7,15:10:00,11228.620408761792,3,72
2019-10-10,11238.2,11238.6,11231.05,11234.05,15:15:00,11229.532750784478,3,73
2019-10-10,11245.5,11248.0,11236.65,11238.3,15:20:00,11231.053441185955,3,74
2019-10-10,11239.25,11246.35,11238.3,11245.45,15:25:00,11231.834065834912,3,75
2019-10-11,11296.9,11297.8,11256.7,11256.7,09:15:00,11238.030821469682,4,1
2019-10-11,11311.15,11315.9,11296.0,11297.85,09:20:00,11244.994552758284,4,2
2019-10-11,11320.25,11324.75,11311.15,11311.6,09:25:00,11252.161738209876,4,3
2019-10-11,11336.6,11337.05,11320.25,11320.35,09:30:00,11260.203477427982,4,4
2019-10-11,11352.3,11362.9,11338.5,11338.5,09:35:00,11268.974574815791,4,5
2019-10-11,11340.8,11357.15,11340.3,11352.1,09:40:00,11275.815091500004,4,6
2019-10-11,11345.3,11351.55,11333.8,11342.05,09:45:00,11282.432701833335,4,7
2019-10-11,11358.1,11361.05,11344.75,11344.75,09:50:00,11289.639111182543,4,8
2019-10-11,11339.6,11358.65,11335.7,11358.35,09:55:00,11294.39729106992,4,9
2019-10-11,11331.7,11340.65,11328.9,11340.2,10:00:00,11297.949930015644,4,10
2019-10-11,11347.25,11349.65,11331.3,11332.75,10:05:00,11302.645174776058,4,11
2019-10-11,11346.3,11351.95,11340.35,11346.75,10:10:00,11306.802777178338,4,12
2019-10-11,11340.65,11350.45,11335.3,11345.55,10:15:00,11310.026322208974,4,13
2019-10-11,11340.05,11344.45,11337.2,11340.6,10:20:00,11312.885720093836,4,14
2019-10-11,11323.3,11340.15,11323.3,11340.15,10:25:00,11313.877556275374,4,15
2019-10-11,11305.65,11328.85,11295.45,11322.6,10:30:00,11313.093979487245,4,16
2019-10-11,11293.6,11310.65,11292.95,11304.2,10:35:00,11311.23741001227,4,17
2019-10-11,11259.55,11293.7,11235.75,11293.7,10:40:00,11306.314799534912,4,18
2019-10-11,11191.85,11258.8,11189.4,11258.8,10:45:00,11295.413390055395,4,19
2019-10-11,11242.85,11246.75,11191.8,11193.0,10:50:00,11290.407352907265,4,20
2019-10-11,11238.7,11259.05,11238.7,11244.35,10:55:00,11285.482843106573,4,21
2019-10-11,11255.45,11257.5,11231.3,11239.55,11:00:00,11282.62257233452,4,22
2019-10-11,11243.9,11256.6,11239.1,11255.4,11:05:00,11278.93470830266,4,23
2019-10-11,11243.05,11252.65,11235.45,11244.35,11:10:00,11275.51711703574,4,24
2019-10-11,11243.95,11246.15,11233.9,11243.35,11:15:00,11272.5107249371,4,25
2019-10-11,11272.6,11277.15,11240.85,11243.7,11:20:00,11272.519227324045,4,26
2019-10-11,11275.45,11277.8,11267.95,11272.1,11:25:00,11272.798348531278,4,27
2019-10-11,11258.6,11277.2,11250.95,11276.75,11:30:00,11271.446124861632,4,28
2019-10-11,11254.75,11268.55,11253.05,11258.4,11:35:00,11269.856017731952,4,29
2019-10-11,11240.55,11255.3,11228.1,11254.5,11:40:00,11267.064968424149,4,30
2019-10-11,11244.45,11246.35,11229.15,11241.65,11:45:00,11264.91116190756,4,31
2019-10-11,11236.35,11246.55,11232.05,11244.1,11:50:00,11262.191051249698,4,32
2019-10-11,11241.25,11243.15,11230.25,11236.2,11:55:00,11260.196665416392,4,33
2019-10-11,11252.25,11256.2,11241.1,11241.4,12:00:00,11259.43984013864,4,34
2019-10-11,11249.85,11261.55,11248.1,11252.2,12:05:00,11258.5265220302,4,35
2019-10-11,11245.6,11249.95,11238.1,11249.75,12:10:00,11257.29542469399,4,36
2019-10-11,11249.55,11254.35,11242.3,11245.45,12:15:00,11256.557765199324,4,37
2019-10-11,11250.2,11256.2,11242.6,11249.2,12:20:00,11255.952263751771,4,38
2019-10-11,11251.85,11253.35,11244.0,11251.15,12:25:00,11255.561571965887,4,39
2019-10-11,11250.2,11264.95,11250.0,11252.65,12:30:00,11255.050946064375,4,40
2019-10-11,11254.45,11254.45,11237.65,11250.25,12:35:00,11254.993713105863,4,41
2019-10-11,11257.6,11268.65,11253.05,11254.65,12:40:00,11255.241930905306,4,42
2019-10-11,11245.25,11259.25,11242.65,11257.4,12:45:00,11254.290318438134,4,43
2019-10-11,11249.1,11254.55,11242.8,11245.0,12:50:00,11253.796002396408,4,44
2019-10-11,11265.35,11271.45,11248.3,11249.15,12:55:00,11254.89638312056,4,45
2019-10-11,11270.15,11274.7,11264.45,11264.75,13:00:00,11256.34910853765,4,46
2019-10-11,11273.75,11283.15,11269.2,11269.95,13:05:00,11258.00633629597,4,47
2019-10-11,11273.7,11279.95,11263.8,11276.1,13:10:00,11259.500970934449,4,48
2019-10-11,11259.15,11275.05,11255.55,11273.45,13:15:00,11259.467545131169,4,49
2019-10-11,11267.6,11268.8,11259.1,11259.1,13:20:00,11260.242064642483,4,50
2019-10-11,11269.5,11277.05,11264.85,11267.3,13:25:00,11261.123772771773,4,51
2019-10-11,11253.7,11271.25,11251.15,11269.75,13:30:00,11260.416746793508,4,52
2019-10-11,11254.95,11262.7,11253.5,11254.35,13:35:00,11259.896104241743,4,53
2019-10-11,11265.85,11270.2,11254.85,11254.85,13:40:00,11260.463141933007,4,54
2019-10-11,11272.0,11276.45,11262.6,11266.45,13:45:00,11261.56189032034,4,55
2019-10-11,11279.45,11286.65,11271.15,11271.7,13:50:00,11263.26551981364,4,56
2019-10-11,11292.4,11292.4,11276.5,11278.85,13:55:00,11266.04023221234,4,57
2019-10-11,11331.65,11332.6,11291.7,11292.8,14:00:00,11272.288781525453,4,58
2019-10-11,11309.8,11341.85,11309.8,11331.8,14:05:00,11275.861278523029,4,59
2019-10-11,11310.8,11319.95,11300.25,11309.65,14:10:00,11279.188775806551,4,60
2019-10-11,11306.75,11320.0,11306.75,11311.0,14:15:00,11281.813654301166,4,61
2019-10-11,11314.7,11319.35,11303.45,11306.7,14:20:00,11284.945687224865,4,62
2019-10-11,11313.0,11320.4,11310.4,11314.85,14:25:00,11287.617526536782,4,63
2019-10-11,11289.15,11314.25,11268.95,11313.85,14:30:00,11287.76347639042,4,64
2019-10-11,11296.0,11304.7,11277.8,11289.05,14:35:00,11288.54790721038,4,65
2019-10-11,11289.8,11297.1,11286.65,11294.45,14:40:00,11288.667154142726,4,66
2019-10-11,11286.05,11293.0,11280.2,11289.95,14:45:00,11288.41790136723,4,67
2019-10-11,11273.6,11287.2,11265.45,11286.55,14:50:00,11287.006672665588,4,68
2019-10-11,11282.9,11283.35,11267.65,11272.8,14:55:00,11286.615560983151,4,69
2019-10-11,11299.9,11305.65,11284.65,11284.65,15:00:00,11287.880745651422,4,70
2019-10-11,11307.0,11317.45,11298.15,11299.85,15:05:00,11289.701627017954,4,71
2019-10-11,11309.6,11313.45,11304.3,11306.0,15:10:00,11291.5967101591,4,72
2019-10-11,11304.35,11310.1,11301.0,11309.5,15:15:00,11292.811309191567,4,73
2019-10-11,11299.9,11305.35,11295.95,11305.35,15:20:00,11293.486422601894,4,74
2019-10-11,11301.25,11305.5,11299.0,11300.15,15:25:00,11294.225810925524,4,75
2019-10-14,11346.9,11351.9,11316.65,11317.4,09:15:00,11299.242400361189,0,1
2019-10-14,11322.65,11352.0,11319.6,11347.5,09:20:00,11301.471695564884,0,2
2019-10-14,11305.8,11332.45,11299.85,11322.2,09:25:00,11301.883915034896,0,3
2019-10-14,11313.55,11314.0,11290.05,11305.35,09:30:00,11302.994970745858,0,4
2019-10-14,11333.3,11337.25,11312.95,11312.95,09:35:00,11305.88116400816,0,5
2019-10-14,11334.85,11340.5,11328.4,11334.1,09:40:00,11308.640100769286,0,6
2019-10-14,11342.4,11344.15,11319.7,11335.0,09:45:00,11311.85532926745,0,7
2019-10-14,11350.1,11351.8,11337.15,11342.85,09:50:00,11315.497678861026,0,8
2019-10-14,11340.45,11355.05,11339.05,11349.15,09:55:00,11317.87409039807,0,9
2019-10-14,11333.5,11345.3,11331.05,11339.95,10:00:00,11319.362272264922,0,10
2019-10-14,11331.8,11340.9,11326.0,11333.75,10:05:00,11320.5468177635,0,11
2019-10-14,11335.8,11338.55,11327.1,11330.8,10:10:00,11321.999501786026,0,12
2019-10-14,11343.35,11349.95,11335.55,11335.85,10:15:00,11324.03288256831,0,13
2019-10-14,11342.9,11344.9,11332.3,11342.7,10:20:00,11325.829750895138,0,14
2019-10-14,11359.7,11360.8,11341.05,11342.75,10:25:00,11329.055488905124,0,15
2019-10-14,11369.4,11376.2,11360.3,11360.3,10:30:00,11332.897823295112,0,16
2019-10-14,11372.45,11377.45,11364.25,11369.9,10:35:00,11336.664697267006,0,17
2019-10-14,11373.8,11379.25,11371.4,11372.35,10:40:00,11340.201392765386,0,18
2019-10-14,11361.5,11379.8,11355.85,11374.5,10:45:00,11342.229831549634,0,19
2019-10-14,11361.25,11363.5,11355.8,11361.25,10:50:00,11344.041276163956,0,20
2019-10-14,11365.65,11365.65,11351.6,11360.7,10:55:00,11346.099249862626,0,21
2019-10-14,11377.55,11377.55,11362.5,11365.9,11:00:00,11349.094559399517,0,22
2019-10-14,11376.95,11378.45,11370.4,11377.5,11:05:00,11351.747458504324,0,23
2019-10-14,11371.55,11382.5,11369.85,11377.15,11:10:00,11353.633414837246,0,24
2019-10-14,11370.4,11372.85,11366.15,11371.3,11:15:00,11355.230232471797,0,25
2019-10-14,11363.75,11370.55,11361.6,11370.55,11:20:00,11356.041638903052,0,26
2019-10-14,11360.25,11368.45,11356.7,11363.45,11:25:00,11356.442435198,0,27
2019-10-14,11364.85,11366.0,11359.05,11360.3,11:30:00,11357.243155655333,0,28
2019-10-14,11366.6,11368.45,11363.05,11364.6,11:35:00,11358.134283688158,0,29
2019-10-14,11364.6,11367.6,11363.9,11366.9,11:40:00,11358.750066194048,0,30
2019-10-14,11368.55,11375.6,11364.65,11364.7,11:45:00,11359.683393223188,0,31
2019-10-14,11362.35,11368.45,11356.95,11367.25,11:50:00,11359.93735577336,0,32
2019-10-14,11358.65,11363.0,11354.25,11362.0,11:55:00,11359.814750461612,0,33
2019-10-14,11363.3,11366.8,11358.3,11358.8,12:00:00,11360.146678989078,0,34
2019-10-14,11358.2,11363.85,11357.95,11363.45,12:05:00,11359.96128099012,0,35
2019-10-14,11369.25,11369.25,11357.95,11358.65,12:10:00,11360.84592089582,0,36
2019-10-14,11375.9,11377.6,11368.75,11368.9,12:15:00,11362.279642715266,0,37
2019-10-14,11368.3,11376.4,11365.5,11375.95,12:20:00,11362.853010075716,0,38
2019-10-14,11365.35,11373.5,11361.55,11369.0,12:25:00,11363.090818639934,0,39
2019-10-14,11366.55,11370.5,11365.4,11365.7,12:30:00,11363.42026448375,0,40
2019-10-14,11360.3,11369.0,11357.9,11367.05,12:35:00,11363.123096437675,0,41
2019-10-14,11361.6,11365.4,11359.25,11360.35,12:40:00,11362.97803963409,0,42
2019-10-14,11375.85,11377.0,11357.0,11361.55,12:45:00,11364.20394062132,0,43
2019-10-14,11371.65,11377.35,11368.25,11375.9,12:50:00,11364.913089133574,0,44
2019-10-14,11367.25,11374.05,11367.25,11371.95,12:55:00,11365.135652073232,0,45
2019-10-14,11362.6,11368.05,11359.75,11368.05,13:00:00,11364.894161399592,0,46
2019-10-14,11351.05,11365.1,11346.65,11363.0,13:05:00,11363.575669837726,0,47
2019-10-14,11357.95,11359.95,11347.7,11351.25,13:10:00,11363.039891757944,0,48
2019-10-14,11361.65,11368.4,11355.75,11357.85,13:15:00,11362.907521114332,0,49
2019-10-14,11366.95,11369.9,11361.25,11361.3,13:20:00,11363.292519103445,0,50
2019-10-14,11375.6,11377.15,11360.65,11366.55,13:25:00,11364.464660141211,0,51
2019-10-14,11360.2,11376.2,11359.3,11374.7,13:30:00,11364.058502032523,0,52
2019-10-14,11366.95,11368.45,11358.95,11360.25,13:35:00,11364.333882791332,0,53
2019-10-14,11368.7,11371.55,11366.15,11366.15,13:40:00,11364.749703477872,0,54
2019-10-14,11387.05,11387.15,11368.1,11368.65,13:45:00,11366.873541241885,0,55
2019-10-14,11393.3,11397.95,11385.85,11386.2,13:50:00,11369.390346837896,0,56
2019-10-14,11402.1,11404.85,11391.65,11392.25,13:55:00,11372.505551900951,0,57
2019-10-14,11397.5,11411.4,11394.75,11402.25,14:00:00,11374.885975529434,0,58
2019-10-14,11403.6,11407.8,11393.3,11397.55,14:05:00,11377.620644526633,0,59
2019-10-14,11406.25,11410.5,11402.7,11403.1,14:10:00,11380.347249809807,0,60
2019-10-14,11418.35,11419.05,11405.0,11405.95,14:15:00,11383.966559351731,0,61
2019-10-14,11411.55,11420.45,11409.45,11418.25,14:20:00,11386.593553699186,0,62
2019-10-14,11414.05,11415.6,11408.0,11411.9,14:25:00,11389.208453346882,0,63
2019-10-14,11405.35,11416.4,11403.8,11414.0,14:30:00,11390.745743504323,0,64
2019-10-14,11400.65,11412.0,11400.15,11405.4,14:35:00,11391.68900602772,0,65
2019-10-14,11403.2,11403.2,11391.5,11400.25,14:40:00,11392.785291167937,0,66
2019-10-14,11403.45,11408.8,11402.3,11402.8,14:45:00,11393.800977723373,0,67
2019-10-14,11372.4,11403.15,11369.05,11403.15,14:50:00,11391.762789368764,0,68
2019-10-14,11361.95,11377.2,11345.75,11372.3,14:55:00,11388.92347609555,0,69
2019-10-14,11365.6,11371.4,11358.4,11361.2,15:00:00,11386.702192657878,0,70
2019-10-14,11359.5,11372.15,11358.55,11365.3,15:05:00,11384.111507642843,0,71
2019-10-14,11323.35,11360.55,11323.35,11359.35,15:10:00,11378.324697391145,0,72
2019-10-14,11328.3,11328.5,11312.95,11323.4,15:15:00,11373.560440496747,0,73
2019-10-14,11333.4,11337.3,11328.55,11328.55,15:20:00,11369.735636639916,0,74
2019-10-14,11331.3,11336.25,11329.25,11333.5,15:25:00,11366.075099817066,0,75
2019-10-15,11367.05,11373.7,11342.1,11355.85,09:15:00,11366.167947453538,1,1
2019-10-15,11370.4,11376.3,11363.2,11369.0,09:20:00,11366.57100007701,1,2
2019-10-15,11362.2,11370.75,11350.95,11370.75,09:25:00,11366.15471435539,1,3
2019-10-15,11365.0,11368.85,11358.65,11361.2,09:30:00,11366.04474155964,1,4
2019-10-15,11373.0,11380.3,11364.4,11364.4,09:35:00,11366.707147125388,1,5
2019-10-15,11371.15,11377.0,11367.85,11373.6,09:40:00,11367.130275970589,1,6
2019-10-15,11359.55,11372.65,11359.55,11371.3,09:45:00,11366.40834492577,1,7
2019-10-15,11370.0,11372.2,11356.25,11358.75,09:50:00,11366.750407313792,1,8
2019-10-15,11383.55,11384.4,11369.8,11370.3,09:55:00,11368.350368522004,1,9
2019-10-15,11379.7,11388.1,11379.3,11384.05,10:00:00,11369.431285805622,1,10
2019-10-15,11392.15,11395.95,11379.75,11379.75,10:05:00,11371.594972871751,1,11
2019-10-15,11390.7,11396.85,11388.05,11392.2,10:10:00,11373.41449926492,1,12
2019-10-15,11392.15,11399.85,11385.8,11391.05,10:15:00,11375.198832668262,1,13
2019-10-15,11392.1,11393.7,11386.3,11391.85,10:20:00,11376.808467652238,1,14
2019-10-15,11385.15,11392.45,11376.95,11392.45,10:25:00,11377.602899304406,1,15
2019-10-15,11388.05,11390.75,11381.9,11385.1,10:30:00,11378.597861275415,1,16
2019-10-15,11394.4,11395.2,11385.25,11388.55,10:35:00,11380.102826868231,1,17
2019-10-15,11391.45,11399.2,11388.0,11395.15,10:40:00,11381.183510023637,1,18
2019-10-15,11392.55,11393.55,11387.75,11392.05,10:45:00,11382.266032878528,1,19
2019-10-15,11392.8,11395.6,11388.65,11392.35,10:50:00,11383.269267842476,1,20
2019-10-15,11397.25,11397.9,11390.0,11392.75,10:55:00,11384.600766143194,1,21
2019-10-15,11404.15,11408.35,11397.4,11397.4,11:00:00,11386.46259793908,1,22
2019-10-15,11404.65,11405.7,11397.0,11403.65,11:05:00,11388.194731468691,1,23
2019-10-15,11397.9,11405.7,11396.8,11404.5,11:10:00,11389.119042757387,1,24
2019-10-15,11401.9,11403.15,11393.35,11399.0,11:15:00,11390.336276780494,1,25
2019-10-15,11404.55,11407.1,11400.45,11401.75,11:20:00,11391.68996470616,1,26
2019-10-15,11401.1,11407.4,11401.1,11404.8,11:25:00,11392.586158543669,1,27
2019-10-15,11408.7,11410.05,11400.9,11400.9,11:30:00,11394.12081011094,1,28
2019-10-15,11410.1,11414.45,11405.85,11408.3,11:35:00,11395.64263771942,1,29
2019-10-15,11414.9,11417.25,11409.4,11410.25,11:40:00,11397.476672222332,1,30
2019-10-15,11413.3,11419.35,11411.25,11414.85,11:45:00,11398.983655820206,1,31
2019-10-15,11406.9,11415.05,11402.15,11412.95,11:50:00,11399.737593361138,1,32
2019-10-15,11413.05,11413.6,11405.85,11406.65,11:55:00,11401.00544161246,1,33
2019-10-15,11407.4,11416.1,11406.2,11413.35,12:00:00,11401.614447173177,1,34
2019-10-15,11411.25,11411.9,11406.8,11406.95,12:05:00,11402.53211887097,1,35
2019-10-15,11420.95,11420.95,11409.3,11411.15,12:10:00,11404.28620278802,1,36
2019-10-15,11425.15,11429.2,11420.5,11421.15,12:15:00,11406.273231093925,1,37
2019-10-15,11421.5,11426.85,11418.95,11425.05,12:20:00,11407.723399561168,1,38
2019-10-15,11416.55,11422.85,11415.0,11421.35,12:25:00,11408.564028174387,1,39
2019-10-15,11413.05,11418.0,11411.3,11416.7,12:30:00,11408.991263586351,1,40
2019-10-15,11403.8,11417.55,11402.85,11413.4,12:35:00,11408.49685753051,1,41
2019-10-15,11400.05,11403.9,11387.05,11403.4,12:40:00,11407.692394908558,1,42
2019-10-15,11407.6,11410.55,11398.9,11399.85,12:45:00,11407.683595393455,1,43
2019-10-15,11408.6,11412.35,11407.4,11407.65,12:50:00,11407.770872022653,1,44
2019-10-15,11409.7,11411.4,11404.35,11408.0,12:55:00,11407.954598496684,1,45
2019-10-15,11404.0,11414.45,11403.85,11409.85,13:00:00,11407.577970068429,1,46
2019-10-15,11401.5,11405.65,11396.85,11403.7,13:05:00,11406.999115776198,1,47
2019-10-15,11402.45,11405.5,11400.3,11401.85,13:10:00,11406.565866654655,1,48
2019-10-15,11406.6,11407.15,11393.5,11402.1,13:15:00,11406.569117449451,1,49
2019-10-15,11397.95,11407.5,11397.65,11406.9,13:20:00,11405.748249120932,1,50
2019-10-15,11407.1,11409.35,11397.8,11398.05,13:25:00,11405.876987299893,1,51
2019-10-15,11410.15,11413.8,11403.05,11407.05,13:30:00,11406.283940890376,1,52
2019-10-15,11404.15,11410.5,11403.4,11410.0,13:35:00,11406.080708424626,1,53
2019-10-15,11427.6,11434.35,11404.2,11404.2,13:40:00,11408.130164765138,1,54
2019-10-15,11435.1,11439.65,11427.75,11427.75,13:45:00,11410.69872050179,1,55
2019-10-15,11429.8,11438.0,11425.75,11435.3,13:50:00,11412.51788997781,1,56
2019-10-15,11426.75,11429.55,11421.65,11429.3,13:55:00,11413.87332902754,1,57
2019-10-15,11430.0,11434.05,11425.8,11426.7,14:00:00,11415.409202453491,1,58
2019-10-15,11429.4,11430.75,11422.25,11429.95,14:05:00,11416.741659362682,1,59
2019-10-15,11435.6,11438.45,11426.35,11429.3,14:10:00,11418.537691804331,1,60
2019-10-15,11457.05,11459.55,11435.6,11436.2,14:15:00,11422.205530680108,1,61
2019-10-15,11450.7,11461.3,11445.45,11457.9,14:20:00,11424.919289662956,1,62
2019-10-15,11457.45,11461.95,11447.0,11450.45,14:25:00,11428.017452552198,1,63
2019-10-15,11452.2,11462.35,11450.35,11458.35,14:30:00,11430.320552309133,1,64
2019-10-15,11447.25,11453.35,11439.35,11452.5,14:35:00,11431.932880660645,1,65
2019-10-15,11441.85,11447.25,11431.15,11446.35,14:40:00,11432.877368216772,1,66
2019-10-15,11443.35,11453.25,11441.85,11441.9,14:45:00,11433.874761719935,1,67
2019-10-15,11443.2,11446.6,11439.3,11443.05,14:50:00,11434.762879651373,1,68
2019-10-15,11437.2,11446.9,11428.05,11442.8,14:55:00,11434.99498635124,1,69
2019-10-15,11425.65,11436.9,11422.45,11436.9,15:00:00,11434.104987651122,1,70
2019-10-15,11428.0,11433.45,11425.45,11425.55,15:05:00,11433.523560255777,1,71
2019-10-15,11425.55,11430.0,11421.15,11427.85,15:10:00,11432.76417356475,1,72
2019-10-15,11426.55,11431.6,11423.55,11425.15,15:15:00,11432.172347510965,1,73
2019-10-15,11427.35,11432.45,11424.4,11426.95,15:20:00,11431.713076319444,1,74
2019-10-15,11430.6,11430.6,11426.0,11427.2,15:25:00,11431.607069050926,1,75
2019-10-16,11458.3,11468.55,11454.3,11461.4,09:15:00,11434.149252950838,2,1
2019-10-16,11458.3,11462.3,11453.75,11456.7,09:20:00,11436.449324098376,2,2
2019-10-16,11465.95,11465.95,11446.65,11458.0,09:25:00,11439.258912279483,2,3
2019-10-16,11473.55,11479.65,11465.35,11465.8,09:30:00,11442.52473015763,2,4
2019-10-16,11469.75,11479.1,11469.4,11473.5,09:35:00,11445.11761299976,2,5
2019-10-16,11471.75,11481.05,11470.15,11470.6,09:40:00,11447.654030809306,2,6
2019-10-16,11464.1,11471.9,11456.2,11471.9,09:45:00,11449.220313589372,2,7
2019-10-16,11443.3,11463.45,11440.1,11463.45,09:50:00,11448.656474199908,2,8
2019-10-16,11450.15,11460.65,11439.7,11443.15,09:55:00,11448.798714752298,2,9
2019-10-16,11442.75,11451.1,11434.85,11450.0,10:00:00,11448.22264668065,2,10
2019-10-16,11432.75,11449.65,11432.1,11443.05,10:05:00,11446.749061282491,2,11
2019-10-16,11436.65,11440.6,11423.7,11432.45,10:10:00,11445.787245922256,2,12
2019-10-16,11447.25,11448.3,11437.4,11438.0,10:15:00,11445.926555834423,2,13
2019-10-16,11454.7,11455.05,11444.15,11447.75,10:20:00,11446.76212194543,2,14
2019-10-16,11450.4,11458.4,11449.15,11455.1,10:25:00,11447.108586522056,2,15
2019-10-16,11451.6,11452.7,11444.6,11449.6,10:30:00,11447.536340186622,2,16
2019-10-16,11454.65,11456.4,11450.7,11452.7,10:35:00,11448.21383159742,2,17
2019-10-16,11455.9,11460.2,11452.0,11454.4,10:40:00,11448.94584763576,2,18
2019-10-16,11462.5,11464.55,11454.75,11456.6,10:45:00,11450.236719289496,2,19
2019-10-16,11459.5,11466.15,11458.2,11463.0,10:50:00,11451.11893650002,2,20
2019-10-16,11459.25,11461.5,11454.9,11460.25,10:55:00,11451.89332350002,2,21
2019-10-16,11462.35,11462.5,11454.0,11460.05,11:00:00,11452.889197452398,2,22
2019-10-16,11459.75,11462.75,11458.15,11462.75,11:05:00,11453.542607218837,2,23
2019-10-16,11453.9,11459.7,11451.4,11459.65,11:10:00,11453.576644626566,2,24
2019-10-16,11459.25,11460.3,11449.65,11455.0,11:15:00,11454.11696418594,2,25
2019-10-16,11458.5,11462.8,11458.15,11459.45,11:20:00,11454.534396168232,2,26
2019-10-16,11450.6,11459.05,11450.15,11459.05,11:25:00,11454.159691771258,2,27
2019-10-16,11454.8,11455.8,11444.45,11450.7,11:30:00,11454.220673507329,2,28
2019-10-16,11453.05,11458.0,11452.1,11455.75,11:35:00,11454.109180792344,2,29
2019-10-16,11451.75,11453.7,11446.75,11453.7,11:40:00,11453.884496907358,2,30
2019-10-16,11458.2,11461.7,11451.15,11452.25,11:45:00,11454.295497201896,2,31
2019-10-16,11459.25,11463.3,11455.65,11457.95,11:50:00,11454.76735461124,2,32
2019-10-16,11458.6,11461.2,11456.95,11459.8,11:55:00,11455.132368457787,2,33
2019-10-16,11462.1,11464.0,11458.3,11458.5,12:00:00,11455.795952414188,2,34
2019-10-16,11466.45,11467.2,11459.05,11462.85,12:05:00,11456.810623612835,2,35
2019-10-16,11456.75,11466.9,11455.4,11466.55,12:10:00,11456.804849935424,2,36
2019-10-16,11452.2,11458.0,11448.0,11457.05,12:15:00,11456.366292798715,2,37
2019-10-16,11457.25,11461.15,11450.25,11452.0,12:20:00,11456.450455389317,2,38
2019-10-16,11459.5,11461.9,11457.0,11457.9,12:25:00,11456.74088820938,2,39
2019-10-16,11465.75,11466.7,11458.7,11459.3,12:30:00,11457.598898856106,2,40
2019-10-16,11461.6,11467.2,11460.85,11466.8,12:35:00,11457.979956107903,2,41
2019-10-16,11457.0,11461.3,11455.6,11461.3,12:40:00,11457.88662695477,2,42
2019-10-16,11459.25,11461.2,11453.85,11458.3,12:45:00,11458.016472006697,2,43
2019-10-16,11460.15,11462.95,11458.2,11459.8,12:50:00,11458.219665148918,2,44
2019-10-16,11437.4,11461.45,11429.25,11461.45,12:55:00,11456.23683989664,2,45
2019-10-16,11441.8,11445.15,11435.2,11437.0,13:00:00,11454.861902763629,2,46
2019-10-16,11440.1,11445.95,11439.65,11441.75,13:05:00,11453.456007262328,2,47
2019-10-16,11432.65,11439.55,11425.8,11439.55,13:10:00,11451.474482761154,2,48
2019-10-16,11420.2,11433.25,11411.1,11433.0,13:15:00,11448.495960593424,2,49
2019-10-16,11426.1,11430.3,11416.75,11419.55,13:20:00,11446.36301196548,2,50
2019-10-16,11425.05,11427.9,11420.1,11426.95,13:25:00,11444.333201302104,2,51
2019-10-16,11420.25,11425.5,11411.85,11424.9,13:30:00,11442.039563082855,2,52
2019-10-16,11418.8,11428.75,11417.6,11421.35,13:35:00,11439.826271360678,2,53
2019-10-16,11424.7,11427.15,11411.2,11418.3,13:40:00,11438.385674088231,2,54
2019-10-16,11427.2,11434.6,11424.0,11425.6,13:45:00,11437.320371794114,2,55
2019-10-16,11424.55,11428.45,11421.75,11427.0,13:50:00,11436.10414590896,2,56
2019-10-16,11427.1,11427.8,11419.7,11425.7,13:55:00,11435.246608203344,2,57
2019-10-16,11420.1,11427.2,11417.8,11427.05,14:00:00,11433.80407408874,2,58
2019-10-16,11445.3,11449.5,11420.45,11421.5,14:05:00,11434.898924175528,2,59
2019-10-16,11436.65,11445.75,11436.55,11445.15,14:10:00,11435.065693301667,2,60
2019-10-16,11434.8,11443.95,11434.65,11437.55,14:15:00,11435.0403891777,2,61
2019-10-16,11440.95,11441.25,11430.2,11435.2,14:20:00,11435.603209256014,2,62
2019-10-16,11441.45,11446.2,11437.35,11441.95,14:25:00,11436.160046469728,2,63
2019-10-16,11441.4,11452.4,11440.25,11441.3,14:30:00,11436.659089663086,2,64
2019-10-16,11436.0,11442.35,11431.8,11442.2,14:35:00,11436.596319218985,2,65
2019-10-16,11431.35,11437.6,11430.3,11436.6,14:40:00,11436.096669769557,2,66
2019-10-16,11430.1,11433.05,11426.25,11432.0,14:45:00,11435.525558362931,2,67
2019-10-16,11432.55,11439.3,11426.45,11429.3,14:50:00,11435.242171852176,2,68
2019-10-16,11436.85,11438.85,11427.7,11433.0,14:55:00,11435.395298342446,2,69
2019-10-16,11450.5,11451.4,11436.65,11436.65,15:00:00,11436.833841357451,2,70
2019-10-16,11459.1,11459.55,11449.8,11450.85,15:05:00,11438.954427894838,2,71
2019-10-16,11471.0,11472.65,11458.45,11458.8,15:10:00,11442.006387142948,2,72
2019-10-16,11466.3,11474.7,11462.35,11471.4,15:15:00,11444.320064557904,2,73
2019-10-16,11470.55,11472.0,11466.45,11466.9,15:20:00,11446.818153647628,2,74
2019-10-16,11471.55,11475.75,11469.2,11470.5,15:25:00,11449.173567585947,2,75
2019-10-17,11466.65,11474.7,11439.65,11463.5,09:15:00,11450.83798972062,3,1
2019-10-17,11468.25,11480.9,11463.85,11466.75,09:20:00,11452.496276413896,3,2
2019-10-17,11462.75,11469.8,11457.7,11467.95,09:25:00,11453.472821517336,3,3
2019-10-17,11459.0,11462.95,11450.75,11462.95,09:30:00,11453.999219468064,3,4
2019-10-17,11459.95,11466.35,11459.0,11459.25,09:35:00,11454.565960471104,3,5
2019-10-17,11466.7,11470.3,11458.4,11460.5,09:40:00,11455.721583283384,3,6
2019-10-17,11464.4,11468.35,11458.3,11466.6,09:45:00,11456.548099161157,3,7
2019-10-17,11470.6,11472.6,11461.15,11465.1,09:50:00,11457.886375431524,3,8
2019-10-17,11464.65,11472.6,11463.4,11470.4,09:55:00,11458.530530152331,3,9
2019-10-17,11474.6,11475.05,11461.45,11464.75,10:00:00,11460.06095585211,3,10
2019-10-17,11478.25,11479.0,11470.4,11474.4,10:05:00,11461.793245770956,3,11
2019-10-17,11472.1,11478.75,11469.45,11478.45,10:10:00,11462.774841411818,3,12
2019-10-17,11474.1,11474.75,11467.45,11471.95,10:15:00,11463.853427944025,3,13
2019-10-17,11471.2,11477.5,11469.45,11474.05,10:20:00,11464.553101473166,3,14
2019-10-17,11470.0,11475.0,11468.9,11471.75,10:25:00,11465.071853713816,3,15
2019-10-17,11472.7,11475.7,11468.65,11470.7,10:30:00,11465.79834383631,3,16
2019-10-17,11475.2,11476.65,11470.05,11472.65,10:35:00,11466.693739661425,3,17
2019-10-17,11478.75,11482.6,11471.25,11475.1,10:40:00,11467.841954931764,3,18
2019-10-17,11475.6,11481.3,11475.15,11479.15,10:45:00,11468.580816366832,3,19
2019-10-17,11474.9,11478.7,11472.45,11475.65,10:50:00,11469.182643379516,3,20
2019-10-17,11465.5,11475.1,11463.5,11474.8,10:55:00,11468.83191543861,3,21
2019-10-17,11460.4,11469.8,11459.95,11465.7,11:00:00,11468.02887587303,3,22
2019-10-17,11459.9,11462.3,11457.2,11462.3,11:05:00,11467.254697218455,3,23
2019-10-17,11459.95,11462.85,11456.75,11460.1,11:10:00,11466.55901176908,3,24
2019-10-17,11452.8,11461.45,11450.15,11460.75,11:15:00,11465.248629695834,3,25
2019-10-17,11453.45,11453.95,11446.95,11452.4,11:20:00,11464.124950677182,3,26
2019-10-17,11452.2,11456.15,11449.65,11453.6,11:25:00,11462.98924108888,3,27
2019-10-17,11453.85,11456.9,11452.5,11452.5,11:30:00,11462.118837175653,3,28
2019-10-17,11455.35,11459.1,11450.3,11453.5,11:35:00,11461.474186016068,3,29
2019-10-17,11457.0,11460.2,11454.7,11455.65,11:40:00,11461.048073062157,3,30
2019-10-17,11451.05,11456.95,11449.05,11456.9,11:45:00,11460.095875627663,3,31
2019-10-17,11461.0,11461.25,11450.0,11451.4,11:50:00,11460.181982710745,3,32
2019-10-17,11472.3,11475.9,11458.0,11461.3,11:55:00,11461.336079595434,3,33
2019-10-17,11467.3,11480.6,11466.05,11472.4,12:00:00,11461.904072014917,3,34
2019-10-17,11475.15,11475.65,11466.1,11467.1,12:05:00,11463.165588965878,3,35
2019-10-17,11470.9,11475.45,11467.7,11474.6,12:10:00,11463.902199540556,3,36
2019-10-17,11469.75,11473.7,11465.25,11471.45,12:15:00,11464.459132917647,3,37
2019-10-17,11471.95,11474.25,11465.85,11470.0,12:20:00,11465.17254883025,3,38
2019-10-17,11473.15,11473.15,11468.1,11473.1,12:25:00,11465.932306084513,3,39
2019-10-17,11469.4,11473.5,11465.0,11472.85,12:30:00,11466.262562647891,3,40
2019-10-17,11494.45,11494.45,11467.6,11469.85,12:35:00,11468.94708049095,3,41
2019-10-17,11495.45,11496.8,11485.5,11492.65,12:40:00,11471.471168063244,3,42
2019-10-17,11490.8,11495.75,11487.8,11495.05,12:45:00,11473.312009200075,3,43
2019-10-17,11489.95,11491.25,11486.15,11490.5,12:50:00,11474.89657975245,3,44
2019-10-17,11503.5,11506.4,11490.0,11490.2,12:55:00,11477.620715014124,3,45
2019-10-17,11509.55,11510.2,11502.3,11503.15,13:00:00,11480.661599298492,3,46
2019-10-17,11512.35,11512.35,11504.75,11509.35,13:05:00,11483.679542222444,3,47
2019-10-17,11519.55,11519.55,11509.15,11511.85,13:10:00,11487.095776296495,3,48
2019-10-17,11510.5,11519.95,11508.65,11519.25,13:15:00,11489.324749982545,3,49
2019-10-17,11514.9,11514.9,11506.85,11510.85,13:20:00,11491.760488079444,3,50
2019-10-17,11513.9,11517.7,11512.8,11515.15,13:25:00,11493.869013024258,3,51
2019-10-17,11524.85,11527.15,11514.1,11514.1,13:30:00,11496.819583212424,3,52
2019-10-17,11539.9,11543.25,11524.6,11524.95,13:35:00,11500.922480049336,3,53
2019-10-17,11535.9,11539.6,11530.85,11538.65,13:40:00,11504.25367242559,3,54
2019-10-17,11546.2,11551.95,11535.7,11537.25,13:45:00,11508.24856076601,3,55
2019-10-17,11543.1,11547.5,11540.4,11546.95,13:50:00,11511.56774545496,3,56
2019-10-17,11547.9,11553.75,11539.55,11543.25,13:55:00,11515.027960173536,3,57
2019-10-17,11540.35,11552.95,11540.35,11548.4,14:00:00,11517.439583014151,3,58
2019-10-17,11556.4,11557.85,11540.55,11540.75,14:05:00,11521.150098917566,3,59
2019-10-17,11559.1,11565.3,11555.0,11556.2,14:10:00,11524.76437521113,3,60
2019-10-17,11545.5,11561.1,11545.5,11558.95,14:15:00,11526.739196619594,3,61
2019-10-17,11547.4,11553.55,11544.85,11545.45,14:20:00,11528.706892179633,3,62
2019-10-17,11557.55,11558.7,11546.3,11547.25,14:25:00,11531.453854829191,3,63
2019-10-17,11551.4,11559.05,11550.0,11557.2,14:30:00,11533.3534877026,3,64
2019-10-17,11552.45,11557.3,11551.05,11551.5,14:35:00,11535.172203159496,3,65
2019-10-17,11554.6,11557.45,11552.0,11552.3,14:40:00,11537.022469525258,3,66
2019-10-17,11565.85,11568.5,11552.95,11554.7,14:45:00,11539.767948618091,3,67
2019-10-17,11560.1,11569.25,11557.9,11565.5,14:50:00,11541.704334463988,3,68
2019-10-17,11565.65,11570.5,11559.7,11560.9,14:55:00,11543.984874038846,3,69
2019-10-17,11578.35,11579.6,11564.05,11565.6,15:00:00,11547.257743178005,3,70
2019-10-17,11596.15,11599.1,11578.75,11578.75,15:05:00,11551.914148589623,3,71
2019-10-17,11594.4,11598.7,11588.05,11596.35,15:10:00,11555.960420152516,3,72
2019-10-17,11583.9,11594.0,11583.6,11594.0,15:15:00,11558.621332518944,3,73
2019-10-17,11583.4,11591.55,11581.35,11584.2,15:20:00,11560.981205612376,3,74
2019-10-17,11582.3,11583.9,11578.0,11583.25,15:25:00,11563.011566982626,3,75
2019-10-18,11564.0,11572.8,11553.15,11569.6,09:15:00,11563.105703460473,4,1
2019-10-18,11578.7,11579.35,11557.8,11565.5,09:20:00,11564.590874559475,4,2
2019-10-18,11597.15,11597.15,11577.45,11579.7,09:25:00,11567.69174364905,4,3
2019-10-18,11617.55,11620.65,11596.6,11597.2,09:30:00,11572.440149015803,4,4
2019-10-18,11625.05,11626.35,11614.25,11618.4,09:35:00,11577.4506110143,4,5
2019-10-18,11609.85,11625.35,11605.65,11624.3,09:40:00,11580.536267108177,4,6
2019-10-18,11614.9,11619.8,11607.3,11609.8,09:45:00,11583.809003574064,4,7
2019-10-18,11625.35,11625.35,11611.9,11615.15,09:50:00,11587.76528894796,4,8
2019-10-18,11632.0,11632.75,11619.6,11625.3,09:55:00,11591.978118571966,4,9
2019-10-18,11630.05,11634.9,11626.05,11631.95,10:00:00,11595.604012041302,4,10
2019-10-18,11610.9,11635.45,11609.65,11630.15,10:05:00,11597.060772799272,4,11
2019-10-18,11614.25,11618.65,11605.9,11609.85,10:10:00,11598.697842056485,4,12
2019-10-18,11621.4,11621.4,11609.55,11613.7,10:15:00,11600.85995233682,4,13
2019-10-18,11629.0,11629.25,11620.75,11621.55,10:20:00,11603.53995687617,4,14
2019-10-18,11628.2,11631.65,11625.1,11629.6,10:25:00,11605.888532411773,4,15
2019-10-18,11630.85,11632.85,11623.85,11628.45,10:30:00,11608.265815039224,4,16
2019-10-18,11634.4,11635.4,11623.85,11631.1,10:35:00,11610.754785035488,4,17
2019-10-18,11640.35,11643.8,11633.0,11634.0,10:40:00,11613.57337693687,4,18
2019-10-18,11641.3,11645.9,11636.35,11640.9,10:45:00,11616.214007704788,4,19
2019-10-18,11632.15,11641.8,11631.15,11640.3,10:50:00,11617.731721256714,4,20
2019-10-18,11633.65,11634.95,11627.7,11632.4,10:55:00,11619.247747803694,4,21
2019-10-18,11630.65,11637.65,11627.7,11633.95,11:00:00,11620.333676584294,4,22
2019-10-18,11622.85,11630.75,11622.05,11630.35,11:05:00,11620.573326433409,4,23
2019-10-18,11630.4,11633.6,11622.65,11623.45,11:10:00,11621.509200106417,4,24
2019-10-18,11632.4,11633.9,11623.6,11629.95,11:15:00,11622.5464191439,4,25
2019-10-18,11635.6,11638.25,11631.0,11632.2,11:20:00,11623.789617320672,4,26
2019-10-18,11635.8,11640.95,11630.2,11635.35,11:25:00,11624.933463290132,4,27
2019-10-18,11634.3,11637.05,11630.25,11636.05,11:30:00,11625.825514405356,4,28
2019-10-18,11636.85,11640.9,11629.35,11634.5,11:35:00,11626.87546541437,4,29
2019-10-18,11628.8,11639.45,11628.35,11637.1,11:40:00,11627.058754422524,4,30
2019-10-18,11633.15,11633.25,11625.7,11628.5,11:45:00,11627.63887304895,4,31
2019-10-18,11637.1,11637.2,11632.75,11632.8,11:50:00,11628.539932758576,4,32
2019-10-18,11638.2,11644.55,11636.4,11636.85,11:55:00,11629.45993916252,4,33
2019-10-18,11646.3,11646.3,11637.6,11638.1,12:00:00,11631.063754480374,4,34
2019-10-18,11655.3,11656.6,11645.85,11646.45,12:05:00,11633.371968339388,4,35
2019-10-18,11647.15,11656.1,11646.15,11655.4,12:10:00,11634.684161830874,4,36
2019-10-18,11646.5,11648.05,11642.0,11647.85,12:15:00,11635.809479751744,4,37
2019-10-18,11649.3,11650.2,11645.6,11646.2,12:20:00,11637.09429120396,4,38
2019-10-18,11651.55,11653.9,11649.2,11649.4,12:25:00,11638.47102537501,4,39
2019-10-18,11650.65,11653.0,11647.55,11651.65,12:30:00,11639.630927720247,4,40
2019-10-18,11651.95,11653.35,11648.45,11650.8,12:35:00,11640.804172699274,4,41
2019-10-18,11635.95,11651.9,11635.4,11651.9,12:40:00,11640.34187053744,4,42
2019-10-18,11639.65,11639.7,11629.45,11635.75,12:45:00,11640.2759781053,4,43
2019-10-18,11636.55,11642.55,11636.0,11639.7,12:50:00,11639.921123047654,4,44
2019-10-18,11649.35,11649.95,11634.7,11636.6,12:55:00,11640.81911132883,4,45
2019-10-18,11645.35,11649.3,11639.9,11649.1,13:00:00,11641.250624535607,4,46
2019-10-18,11649.9,11652.6,11643.85,11645.2,13:05:00,11642.074374579835,4,47
2019-10-18,11647.05,11651.3,11642.5,11650.15,13:10:00,11642.548243667472,4,48
2019-10-18,11646.45,11648.8,11644.5,11648.5,13:15:00,11642.919839508664,4,49
2019-10-18,11643.9,11648.05,11637.15,11647.75,13:20:00,11643.013188126886,4,50
2019-10-18,11648.55,11649.2,11642.65,11644.45,13:25:00,11643.540503543372,4,51
2019-10-18,11641.85,11649.25,11639.95,11649.25,13:30:00,11643.379503205908,4,52
2019-10-18,11640.15,11644.3,11636.25,11642.15,13:35:00,11643.071931472012,4,53
2019-10-18,11643.15,11645.8,11638.85,11640.25,13:40:00,11643.079366569917,4,54
2019-10-18,11645.15,11646.05,11639.3,11644.25,13:45:00,11643.276569753732,4,55
2019-10-18,11667.9,11673.4,11643.3,11645.6,13:50:00,11645.621658348617,4,56
2019-10-18,11667.05,11667.6,11661.5,11667.6,13:55:00,11647.662452791605,4,57
2019-10-18,11665.55,11672.1,11662.75,11667.45,14:00:00,11649.366028716213,4,58
2019-10-18,11666.05,11668.7,11663.8,11665.6,14:05:00,11650.954978362288,4,59
2019-10-18,11672.8,11675.25,11666.2,11666.55,14:10:00,11653.0354566135,4,60
2019-10-18,11679.95,11684.7,11670.5,11672.55,14:15:00,11655.598746459831,4,61
2019-10-18,11648.1,11679.05,11644.75,11677.85,14:20:00,11654.884580130323,4,62
2019-10-18,11653.55,11656.4,11637.6,11645.95,14:25:00,11654.757477260771,4,63
2019-10-18,11653.8,11662.45,11650.9,11650.9,14:30:00,11654.666288950222,4,64
2019-10-18,11647.45,11659.2,11646.25,11654.1,14:35:00,11653.979023335914,4,65
2019-10-18,11652.4,11654.6,11646.4,11647.5,14:40:00,11653.828640161066,4,66
2019-10-18,11644.2,11655.6,11644.2,11652.25,14:45:00,11652.911626812393,4,67
2019-10-18,11641.6,11648.6,11638.8,11644.8,14:50:00,11651.834329020736,4,68
2019-10-18,11646.15,11646.7,11640.6,11641.75,14:55:00,11651.292964352097,4,69
2019-10-18,11665.85,11668.0,11646.7,11646.7,15:00:00,11652.679348699514,4,70
2019-10-18,11662.05,11668.7,11660.95,11666.6,15:05:00,11653.571791680512,4,71
2019-10-18,11664.05,11666.65,11655.65,11662.15,15:10:00,11654.569716282367,4,72
2019-10-18,11656.75,11665.9,11655.05,11663.75,15:15:00,11654.777362350713,4,73
2019-10-18,11661.95,11663.75,11655.5,11656.2,15:20:00,11655.460470698265,4,74
2019-10-18,11661.75,11665.65,11659.3,11662.2,15:25:00,11656.059473488904,4,75
2019-10-22,11678.6,11688.35,11639.05,11652.0,09:15:00,11658.206190299485,1,1
2019-10-22,11694.95,11694.95,11672.7,11678.4,09:20:00,11661.705600747156,1,2
2019-10-22,11699.3,11714.35,11692.15,11693.95,09:25:00,11665.286019723617,1,3
2019-10-22,11673.4,11708.95,11673.4,11699.1,09:30:00,11666.05877974994,1,4
2019-10-22,11667.6,11673.35,11646.05,11673.35,09:35:00,11666.205562630896,1,5
2019-10-22,11671.95,11678.85,11663.8,11667.3,09:40:00,11666.752651904146,1,6
2019-10-22,11667.3,11673.9,11662.1,11671.5,09:45:00,11666.804780294227,1,7
2019-10-22,11655.9,11670.25,11655.3,11666.25,09:50:00,11665.766229790015,1,8
2019-10-22,11656.6,11662.45,11654.95,11655.8,09:55:00,11664.8932555243,1,9
2019-10-22,11645.25,11659.65,11642.45,11656.85,10:00:00,11663.02246928389,1,10
2019-10-22,11655.25,11660.4,11645.4,11645.6,10:05:00,11662.282234113994,1,11
2019-10-22,11656.05,11662.5,11653.6,11654.9,10:10:00,11661.6886880079,1,12
2019-10-22,11644.5,11659.1,11641.35,11656.15,10:15:00,11660.051670102386,1,13
2019-10-22,11636.85,11644.2,11631.5,11644.2,10:20:00,11657.841987235492,1,14
2019-10-22,11641.7,11645.95,11636.3,11636.3,10:25:00,11656.304655117829,1,15
2019-10-22,11653.25,11655.1,11641.5,11641.95,10:30:00,11656.013735582796,1,16
2019-10-22,11652.15,11657.55,11650.7,11653.65,10:35:00,11655.645760765388,1,17
2019-10-22,11640.4,11653.15,11637.85,11651.45,10:40:00,11654.193783549636,1,18
2019-10-22,11636.15,11643.15,11634.25,11640.9,10:45:00,11652.47532797348,1,19
2019-10-22,11643.65,11648.6,11634.2,11635.55,10:50:00,11651.634820547437,1,20
2019-10-22,11642.0,11644.3,11637.75,11643.75,10:55:00,11650.717218590537,1,21
2019-10-22,11652.7,11660.25,11641.4,11641.7,11:00:00,11650.906054915247,1,22
2019-10-22,11643.6,11653.15,11640.7,11652.9,11:05:00,11650.210240161414,1,23
2019-10-22,11640.7,11649.1,11640.7,11643.0,11:10:00,11649.304503003184,1,24
2019-10-22,11644.85,11645.0,11636.6,11640.25,11:15:00,11648.880264621928,1,25
2019-10-22,11641.35,11645.15,11638.05,11644.1,11:20:00,11648.163096562696,1,26
2019-10-22,11643.45,11649.95,11640.95,11641.3,11:25:00,11647.714230223391,1,27
2019-10-22,11638.1,11642.75,11636.0,11642.75,11:30:00,11646.798589249736,1,28
2019-10-22,11645.05,11645.9,11637.3,11638.25,11:35:00,11646.632056940238,1,29
2019-10-22,11653.95,11653.95,11642.45,11645.15,11:40:00,11647.32900389831,1,30
2019-10-22,11653.45,11660.85,11649.4,11654.25,11:45:00,11647.911955907995,1,31
2019-10-22,11659.8,11659.85,11652.3,11653.55,11:50:00,11649.044150583426,1,32
2019-10-22,11660.35,11664.7,11655.35,11659.1,11:55:00,11650.12089814691,1,33
2019-10-22,11665.65,11670.0,11656.55,11660.65,12:00:00,11651.599860228156,1,34
2019-10-22,11679.7,11681.95,11664.95,11666.3,12:05:00,11654.27606401595,1,35
2019-10-22,11679.35,11684.0,11674.75,11680.25,12:10:00,11656.664057919192,1,36
2019-10-22,11691.4,11695.25,11679.15,11679.15,12:15:00,11659.972242879268,1,37
2019-10-22,11677.5,11692.05,11677.15,11691.15,12:20:00,11661.641553081245,1,38
2019-10-22,11681.9,11683.55,11673.8,11677.45,12:25:00,11663.570928978268,1,39
2019-10-22,11673.4,11682.2,11671.0,11682.2,12:30:00,11664.507030980338,1,40
2019-10-22,11676.55,11681.15,11672.65,11673.65,12:35:00,11665.653980410782,1,41
2019-10-22,11676.85,11683.6,11675.2,11677.4,12:40:00,11666.720267990708,1,42
2019-10-22,11658.85,11679.3,11652.45,11676.8,12:45:00,11665.97071865826,1,43
2019-10-22,11661.2,11668.35,11656.8,11658.8,12:50:00,11665.51636450033,1,44
2019-10-22,11668.4,11672.9,11660.5,11661.55,12:55:00,11665.79099645268,1,45
2019-10-22,11667.3,11670.45,11661.65,11668.75,13:00:00,11665.934711076232,1,46
2019-10-22,11654.0,11667.4,11652.65,11667.4,13:05:00,11664.798071926114,1,47
2019-10-22,11654.25,11654.5,11643.75,11654.2,13:10:00,11663.793493647436,1,48
2019-10-22,11655.1,11658.7,11650.55,11654.7,13:15:00,11662.96554187149,1,49
2019-10-22,11650.1,11655.5,11643.75,11655.5,13:20:00,11661.740252169444,1,50
2019-10-22,11661.65,11664.4,11649.85,11650.2,13:25:00,11661.731656724734,1,51
2019-10-22,11649.4,11664.0,11649.3,11661.2,13:30:00,11660.55721322714,1,52
2019-10-22,11644.4,11649.8,11632.3,11649.25,13:35:00,11659.018431015033,1,53
2019-10-22,11624.25,11643.95,11621.85,11643.95,13:40:00,11655.707151870743,1,54
2019-10-22,11600.15,11624.3,11596.4,11624.3,13:45:00,11650.41599454972,1,55
2019-10-22,11619.4,11621.25,11592.3,11600.7,13:50:00,11647.462090306892,1,56
2019-10-22,11622.3,11632.45,11615.7,11620.4,13:55:00,11645.065700753854,1,57
2019-10-22,11620.25,11623.25,11607.15,11622.95,14:00:00,11642.70230068206,1,58
2019-10-22,11606.8,11620.7,11602.0,11620.7,14:05:00,11639.283033950434,1,59
2019-10-22,11605.55,11606.4,11598.0,11606.4,14:10:00,11636.070364050393,1,60
2019-10-22,11602.8,11605.3,11589.45,11604.95,14:15:00,11632.901757950354,1,61
2019-10-22,11606.35,11614.8,11603.2,11603.2,14:20:00,11630.37301909794,1,62
2019-10-22,11615.5,11620.05,11604.9,11606.2,14:25:00,11628.956541088612,1,63
2019-10-22,11615.9,11630.45,11615.15,11615.45,14:30:00,11627.713060984936,1,64
2019-10-22,11608.45,11620.35,11606.35,11616.1,14:35:00,11625.878483748274,1,65
2019-10-22,11599.15,11609.7,11596.75,11608.55,14:40:00,11623.332913867484,1,66
2019-10-22,11595.7,11602.95,11593.2,11599.35,14:45:00,11620.701207784869,1,67
2019-10-22,11580.9,11596.9,11576.8,11595.65,14:50:00,11616.910616567264,1,68
2019-10-22,11606.5,11606.6,11573.65,11580.25,14:55:00,11615.919129275144,1,69
2019-10-22,11590.25,11610.85,11587.8,11607.95,15:00:00,11613.47445029656,1,70
2019-10-22,11590.75,11592.8,11586.2,11590.6,15:05:00,11611.310216934982,1,71
2019-10-22,11584.8,11593.0,11578.0,11590.6,15:10:00,11608.785434369747,1,72
2019-10-22,11586.35,11587.25,11577.5,11586.2,15:15:00,11606.648726334532,1,73
2019-10-22,11595.3,11596.55,11585.55,11586.1,15:20:00,11605.567895255055,1,74
2019-10-22,11589.9,11596.65,11586.95,11595.05,15:25:00,11604.075714754574,1,75
2019-10-23,11594.1,11606.85,11570.2,11588.8,09:15:00,11603.12564668271,2,1
2019-10-23,11574.7,11594.4,11560.6,11594.15,09:20:00,11600.418442236738,2,2
2019-10-23,11577.0,11580.8,11568.8,11574.35,09:25:00,11598.188114404667,2,3
2019-10-23,11562.0,11578.7,11560.9,11577.45,09:30:00,11594.741627318508,2,4
2019-10-23,11568.2,11568.35,11554.4,11561.4,09:35:00,11592.213853288176,2,5
2019-10-23,11588.85,11594.2,11564.9,11569.3,09:40:00,11591.893486308349,2,6
2019-10-23,11577.0,11596.25,11574.25,11588.0,09:45:00,11590.475059040888,2,7
2019-10-23,11572.65,11582.15,11569.95,11577.9,09:50:00,11588.777434370326,2,8
2019-10-23,11576.3,11580.5,11565.65,11572.8,09:55:00,11587.589107287438,2,9
2019-10-23,11588.85,11588.85,11575.4,11576.4,10:00:00,11587.709192307682,2,10
2019-10-23,11621.4,11623.65,11587.9,11588.15,10:05:00,11590.917840659333,2,11
2019-10-23,11620.8,11638.8,11615.75,11621.3,10:10:00,11593.763760596536,2,12
2019-10-23,11625.15,11634.9,11620.0,11620.1,10:15:00,11596.75292625401,2,13
2019-10-23,11623.6,11631.25,11621.4,11625.4,10:20:00,11599.309790420297,2,14
2019-10-23,11623.3,11634.0,11620.25,11623.5,10:25:00,11601.594572285028,2,15
2019-10-23,11621.05,11626.55,11617.4,11622.9,10:30:00,11603.447470162644,2,16
2019-10-23,11625.6,11628.45,11620.95,11621.55,10:35:00,11605.55723490906,2,17
2019-10-23,11618.25,11629.7,11616.95,11625.8,10:40:00,11606.766069679628,2,18
2019-10-23,11624.6,11629.3,11618.45,11618.85,10:45:00,11608.464539233948,2,19
2019-10-23,11625.4,11630.65,11624.6,11624.8,10:50:00,11610.077440259283,2,20
2019-10-23,11631.95,11634.6,11622.95,11625.9,10:55:00,11612.160541186971,2,21
2019-10-23,11640.65,11644.4,11627.25,11631.85,11:00:00,11614.873822978689,2,22
2019-10-23,11643.85,11647.35,11639.35,11641.6,11:05:00,11617.63345888548,2,23
2019-10-23,11632.95,11643.8,11629.5,11643.8,11:10:00,11619.092177086864,2,24
2019-10-23,11636.2,11640.85,11632.2,11633.35,11:15:00,11620.721493554782,2,25
2019-10-23,11637.15,11638.0,11632.4,11636.3,11:20:00,11622.28611321623,2,26
2019-10-23,11646.9,11648.9,11636.7,11637.55,11:25:00,11624.630292909924,2,27
2019-10-23,11643.0,11651.6,11643.0,11647.35,11:30:00,11626.379788823264,2,28
2019-10-23,11641.85,11647.5,11640.55,11643.2,11:35:00,11627.853142268668,2,29
2019-10-23,11640.55,11643.25,11637.2,11641.5,11:40:00,11629.062366814507,2,30
2019-10-23,11637.3,11641.4,11635.0,11640.45,11:45:00,11629.846903308364,2,31
2019-10-23,11637.55,11638.4,11631.6,11637.0,11:50:00,11630.58053156471,2,32
2019-10-23,11633.0,11638.1,11630.2,11637.6,11:55:00,11630.810957129976,2,33
2019-10-23,11639.75,11641.75,11632.35,11632.35,12:00:00,11631.662294546168,2,34
2019-10-23,11640.8,11641.8,11635.95,11639.8,12:05:00,11632.532552208437,2,35
2019-10-23,11644.6,11646.4,11640.05,11640.7,12:10:00,11633.68183295049,2,36
2019-10-23,11643.1,11645.65,11641.45,11644.8,12:15:00,11634.57880124092,2,37
2019-10-23,11634.4,11643.75,11634.0,11643.25,12:20:00,11634.561772551308,2,38
2019-10-23,11629.5,11634.5,11626.55,11634.35,12:25:00,11634.079698974994,2,39
2019-10-23,11636.2,11636.45,11626.35,11629.75,12:30:00,11634.281632405948,2,40
2019-10-23,11625.9,11636.85,11622.0,11636.1,12:35:00,11633.48338170062,2,41
2019-10-23,11616.2,11628.9,11615.0,11625.5,12:40:00,11631.83734534818,2,42
2019-10-23,11616.2,11616.95,11610.25,11615.9,12:45:00,11630.34807436264,2,43
2019-10-23,11622.75,11623.45,11615.9,11616.65,12:50:00,11629.624448232862,2,44
2019-10-23,11615.85,11623.55,11614.8,11623.25,12:55:00,11628.312596020209,2,45
2019-10-23,11630.2,11634.4,11615.25,11615.75,13:00:00,11628.492348780188,2,46
2019-10-23,11623.95,11632.85,11621.0,11630.3,13:05:00,11628.059744134454,2,47
2019-10-23,11625.15,11626.9,11619.35,11624.4,13:10:00,11627.78262564546,2,48
2019-10-23,11620.35,11630.3,11618.4,11625.2,13:15:00,11627.074756536367,2,49
2019-10-23,11621.2,11621.6,11612.15,11620.7,13:20:00,11626.515255913857,2,50
2019-10-23,11620.85,11628.0,11618.2,11621.4,13:25:00,11625.975707731584,2,51
2019-10-23,11627.55,11627.7,11616.15,11621.25,13:30:00,11626.125640328575,2,52
2019-10-23,11643.0,11645.2,11627.0,11627.85,13:35:00,11627.732722202049,2,53
2019-10-23,11639.1,11649.0,11636.9,11643.1,13:40:00,11628.815320087566,2,54
2019-10-23,11633.05,11643.1,11632.9,11639.15,13:45:00,11629.218622936369,2,55
2019-10-23,11636.6,11637.25,11628.85,11632.95,13:50:00,11629.921611228145,2,56
2019-10-23,11632.3,11640.9,11631.95,11636.2,13:55:00,11630.148124444511,2,57
2019-10-23,11634.55,11638.35,11631.6,11631.85,14:00:00,11630.56735068789,2,58
2019-10-23,11628.75,11635.45,11626.1,11634.6,14:05:00,11630.394269669996,2,59
2019-10-23,11615.15,11630.65,11609.95,11628.45,14:10:00,11628.94243446333,2,60
2019-10-23,11617.65,11625.1,11613.75,11615.0,14:15:00,11627.86696451444,2,61
2019-10-23,11613.4,11623.7,11613.4,11617.4,14:20:00,11626.489158370206,2,62
2019-10-23,11618.2,11621.4,11611.1,11612.25,14:25:00,11625.699714715902,2,63
2019-10-23,11623.3,11626.0,11617.15,11618.35,14:30:00,11625.471170457246,2,64
2019-10-23,11624.4,11626.35,11617.9,11623.25,14:35:00,11625.369154223225,2,65
2019-10-23,11602.2,11624.05,11595.15,11624.05,14:40:00,11623.162568106723,2,66
2019-10-23,11581.0,11601.95,11577.65,11601.9,14:45:00,11619.147085429897,2,67
2019-10-23,11584.5,11584.8,11563.1,11581.1,14:50:00,11615.847363008,2,68
2019-10-23,11590.45,11595.2,11584.05,11584.45,14:55:00,11613.428566531047,2,69
2019-10-23,11606.55,11606.75,11587.75,11589.5,15:00:00,11612.773464956665,2,70
2019-10-23,11595.4,11608.85,11595.4,11606.9,15:05:00,11611.118849246504,2,71
2019-10-23,11604.55,11606.7,11594.2,11596.75,15:10:00,11610.49324455636,2,72
2019-10-23,11607.75,11611.7,11603.7,11604.6,15:15:00,11610.23198317004,2,73
2019-10-23,11612.65,11613.35,11604.3,11607.6,15:20:00,11610.46227048718,2,74
2019-10-23,11614.5,11614.5,11605.65,11613.35,15:25:00,11610.846816155068,2,75
2019-10-24,11661.3,11679.6,11651.55,11654.0,09:15:00,11615.651881283158,3,1
2019-10-24,11665.5,11667.35,11652.2,11661.55,09:20:00,11620.399321160952,3,2
2019-10-24,11647.75,11668.4,11645.05,11664.95,09:25:00,11623.004147717053,3,3
2019-10-24,11637.85,11653.2,11630.9,11647.65,09:30:00,11624.418038410668,3,4
2019-10-24,11633.9,11645.0,11631.45,11636.8,09:35:00,11625.321082371556,3,5
2019-10-24,11637.75,11640.05,11629.6,11633.15,09:40:00,11626.50478881236,3,6
2019-10-24,11644.8,11648.0,11634.65,11638.65,09:45:00,11628.24718987785,3,7
2019-10-24,11637.9,11644.65,11634.85,11644.6,09:50:00,11629.166505127578,3,8
2019-10-24,11618.45,11641.2,11609.25,11638.25,09:55:00,11628.145885591615,3,9
2019-10-24,11606.75,11618.15,11589.85,11618.05,10:00:00,11626.10818220194,3,10
2019-10-24,11614.3,11627.95,11604.5,11606.85,10:05:00,11624.983593420802,3,11
2019-10-24,11621.75,11622.0,11613.7,11613.7,10:10:00,11624.675632142633,3,12
2019-10-24,11625.0,11627.75,11617.95,11621.9,10:15:00,11624.706524319525,3,13
2019-10-24,11617.0,11627.5,11616.3,11624.9,10:20:00,11623.972569622423,3,14
2019-10-24,11594.6,11616.6,11594.15,11616.6,10:25:00,11621.175182039337,3,15
2019-10-24,11604.7,11604.7,11580.9,11595.0,10:30:00,11619.606117083207,3,16
2019-10-24,11595.6,11605.0,11593.35,11604.5,10:35:00,11617.319820218145,3,17
2019-10-24,11601.2,11602.3,11592.0,11596.55,10:40:00,11615.784599244986,3,18
2019-10-24,11592.2,11601.55,11585.5,11600.65,10:45:00,11613.53844693594,3,19
2019-10-24,11575.45,11592.8,11575.45,11592.4,10:50:00,11609.910975799185,3,20
2019-10-24,11584.15,11586.05,11570.3,11575.5,10:55:00,11607.457549532592,3,21
2019-10-24,11589.7,11591.8,11579.6,11583.4,11:00:00,11605.766354339014,3,22
2019-10-24,11572.9,11590.0,11568.1,11589.8,11:05:00,11602.636225354345,3,23
2019-10-24,11568.7,11576.8,11564.7,11572.85,11:10:00,11599.404203892023,3,24
2019-10-24,11579.95,11580.85,11565.25,11569.1,11:15:00,11597.551422568977,3,25
2019-10-24,11578.8,11584.15,11572.15,11580.1,11:20:00,11595.7655728005,3,26
2019-10-24,11578.25,11579.15,11575.3,11579.15,11:25:00,11594.097423009978,3,27
2019-10-24,11580.6,11585.05,11578.65,11578.65,11:30:00,11592.811954151884,3,28
2019-10-24,11574.0,11581.8,11570.35,11580.5,11:35:00,11591.020339470751,3,29
2019-10-24,11573.95,11576.5,11569.45,11573.95,11:40:00,11589.394592854487,3,30
2019-10-24,11585.2,11586.85,11573.4,11574.0,11:45:00,11588.995107820729,3,31
2019-10-24,11590.05,11595.6,11582.55,11584.65,11:50:00,11589.095573742565,3,32
2019-10-24,11588.2,11590.5,11584.35,11590.15,11:55:00,11589.010281005178,3,33
2019-10-24,11603.75,11604.55,11588.05,11588.35,12:00:00,11590.41406376659,3,34
2019-10-24,11597.85,11604.35,11593.75,11603.4,12:05:00,11591.122248169771,3,35
2019-10-24,11604.95,11606.4,11596.65,11597.75,12:10:00,11592.43917691551,3,36
2019-10-24,11610.75,11614.65,11604.55,11604.55,12:15:00,11594.183064828318,3,37
2019-10-24,11604.65,11614.55,11601.45,11610.6,12:20:00,11595.17991579705,3,38
2019-10-24,11591.75,11604.5,11584.9,11604.5,12:25:00,11594.853257149713,3,39
2019-10-24,11596.5,11598.5,11587.9,11591.55,12:30:00,11595.01008980212,3,40
2019-10-24,11596.55,11605.35,11594.75,11595.4,12:35:00,11595.156747916204,3,41
2019-10-24,11609.35,11609.65,11596.0,11596.9,12:40:00,11596.5084862099,3,42
2019-10-24,11612.7,11621.4,11610.3,11610.3,12:45:00,11598.05053514229,3,43
2019-10-24,11617.2,11617.75,11606.3,11612.85,12:50:00,11599.874293700168,3,44
2019-10-24,11611.5,11618.9,11609.05,11617.5,12:55:00,11600.98150382396,3,45
2019-10-24,11608.35,11615.7,11607.6,11611.65,13:00:00,11601.683265364536,3,46
2019-10-24,11596.55,11608.35,11590.65,11608.15,13:05:00,11601.194382948865,3,47
2019-10-24,11577.2,11598.7,11576.1,11596.35,13:10:00,11598.909203620402,3,48
2019-10-24,11565.65,11578.05,11561.7,11577.0,13:15:00,11595.74166041846,3,49
2019-10-24,11561.2,11571.6,11546.7,11565.7,13:20:00,11592.451978473844,3,50
2019-10-24,11575.4,11583.2,11559.5,11562.75,13:25:00,11590.827980523954,3,51
2019-10-24,11571.5,11576.6,11562.3,11575.7,13:30:00,11588.987220474051,3,52
2019-10-24,11566.9,11575.65,11565.0,11572.05,13:35:00,11586.883675667,3,53
2019-10-24,11551.6,11567.7,11543.6,11567.0,13:40:00,11583.523325603475,3,54
2019-10-24,11551.0,11551.5,11534.65,11550.8,13:45:00,11580.425866022197,3,55
2019-10-24,11554.65,11564.15,11547.6,11551.1,13:50:00,11577.971021639129,3,56
2019-10-24,11561.0,11561.0,11546.4,11554.8,13:55:00,11576.354733863973,3,57
2019-10-24,11553.05,11562.35,11546.25,11561.4,14:00:00,11574.135235400738,3,58
2019-10-24,11568.3,11569.4,11552.25,11552.25,14:05:00,11573.579498695906,3,59
2019-10-24,11556.0,11569.85,11555.75,11568.15,14:10:00,11571.905260724869,3,60
2019-10-24,11545.45,11556.65,11537.45,11555.55,14:15:00,11569.385712084404,3,61
2019-10-24,11555.8,11557.0,11544.4,11545.25,14:20:00,11568.091834743032,3,62
2019-10-24,11558.0,11564.8,11554.1,11555.05,14:25:00,11567.130707624648,3,63
2019-10-24,11564.1,11564.45,11549.85,11557.35,14:30:00,11566.842068803257,3,64
2019-10-24,11573.8,11582.35,11564.4,11564.55,14:35:00,11567.50472891723,3,65
2019-10-24,11602.95,11603.85,11571.7,11574.25,14:40:00,11570.88046902035,3,66
2019-10-24,11592.2,11608.3,11592.2,11603.3,14:45:00,11572.91090054222,3,67
2019-10-24,11580.8,11594.7,11579.85,11592.55,14:50:00,11573.662243347724,3,68
2019-10-24,11588.0,11590.85,11574.55,11581.15,14:55:00,11575.027743981274,3,69
2019-10-24,11596.7,11599.65,11577.7,11589.1,15:00:00,11577.091768364013,3,70
2019-10-24,11582.95,11599.45,11582.4,11597.3,15:05:00,11577.649695186486,3,71
2019-10-24,11580.6,11588.45,11571.7,11582.7,15:10:00,11577.930676597296,3,72
2019-10-24,11580.1,11583.6,11575.0,11580.85,15:15:00,11578.137278826123,3,73
2019-10-24,11579.15,11582.75,11574.7,11580.6,15:20:00,11578.233728461732,3,74
2019-10-24,11585.15,11588.35,11578.8,11579.55,15:25:00,11578.892420989188,3,75
2019-10-25,11583.0,11637.6,11568.2,11637.6,09:15:00,11579.283618990215,4,1
2019-10-25,11585.55,11596.35,11576.5,11583.3,09:20:00,11579.880417181625,4,2
2019-10-25,11591.8,11605.85,11583.7,11584.5,09:25:00,11581.01561554528,4,3
2019-10-25,11608.3,11609.5,11590.7,11592.3,09:30:00,11583.61412835049,4,4
2019-10-25,11605.25,11615.2,11603.65,11608.4,09:35:00,11585.674687555203,4,5
2019-10-25,11609.4,11612.8,11601.3,11605.55,09:40:00,11587.934241121377,4,6
2019-10-25,11604.5,11622.7,11602.0,11609.8,09:45:00,11589.51193244315,4,7
2019-10-25,11609.8,11615.7,11604.4,11604.45,09:50:00,11591.444129353327,4,8
2019-10-25,11592.9,11611.85,11587.1,11609.85,09:55:00,11591.58278370063,4,9
2019-10-25,11587.1,11593.75,11576.85,11593.75,10:00:00,11591.15585191962,4,10
2019-10-25,11580.65,11586.75,11576.8,11586.75,10:05:00,11590.15529459394,4,11
2019-10-25,11588.95,11589.5,11572.45,11580.6,10:10:00,11590.040504632614,4,12
2019-10-25,11577.35,11589.85,11576.4,11589.45,10:15:00,11588.831885143794,4,13
2019-10-25,11568.65,11584.3,11563.05,11578.25,10:20:00,11586.909800844383,4,14
2019-10-25,11563.45,11573.6,11561.3,11568.0,10:25:00,11584.6755340973,4,15
2019-10-25,11571.8,11575.35,11559.15,11562.4,10:30:00,11583.4492927547,4,16
2019-10-25,11575.45,11580.1,11567.75,11571.15,10:35:00,11582.687455349487,4,17
2019-10-25,11572.25,11576.75,11571.55,11575.25,10:40:00,11581.693411982871,4,18
2019-10-25,11571.3,11572.7,11565.3,11572.05,10:45:00,11580.703563222598,4,19
2019-10-25,11580.75,11581.85,11570.8,11571.05,10:50:00,11580.707985772826,4,20
2019-10-25,11587.3,11589.6,11575.15,11580.7,10:55:00,11581.335796651603,4,21
2019-10-25,11591.1,11591.1,11583.5,11587.75,11:00:00,11582.265720780022,4,22
2019-10-25,11577.8,11593.15,11573.9,11591.55,11:05:00,11581.840414039068,4,23
2019-10-25,11581.6,11584.85,11577.6,11578.2,11:10:00,11581.817517463918,4,24
2019-10-25,11575.0,11583.4,11572.5,11581.85,11:15:00,11581.1682300864,4,25
2019-10-25,11577.05,11581.0,11574.5,11575.25,11:20:00,11580.77601769722,4,26
2019-10-25,11579.25,11582.65,11575.65,11577.1,11:25:00,11580.630682678437,4,27
2019-10-25,11572.95,11580.7,11571.8,11579.7,11:30:00,11579.899189090014,4,28
2019-10-25,11578.55,11579.2,11568.55,11573.05,11:35:00,11579.770694890964,4,29
2019-10-25,11585.15,11589.05,11578.35,11578.5,11:40:00,11580.283009663255,4,30
2019-10-25,11576.35,11586.55,11575.6,11585.2,11:45:00,11579.908437314374,4,31
2019-10-25,11575.9,11581.35,11573.95,11576.8,11:50:00,11579.526681379672,4,32
2019-10-25,11571.8,11576.9,11571.65,11576.05,11:55:00,11578.79080696256,4,33
2019-10-25,11572.7,11573.3,11565.65,11571.2,12:00:00,11578.210730108982,4,34
2019-10-25,11574.95,11576.75,11571.9,11572.95,12:05:00,11577.900184384316,4,35
2019-10-25,11570.3,11575.5,11568.3,11575.0,12:10:00,11577.176357300095,4,36
2019-10-25,11567.15,11571.4,11566.3,11570.4,12:15:00,11576.221466128658,4,37
2019-10-25,11562.25,11567.1,11560.45,11567.1,12:20:00,11574.89085030688,4,38
2019-10-25,11571.05,11573.6,11561.75,11562.35,12:25:00,11574.525055039558,4,39
2019-10-25,11569.15,11572.8,11565.95,11571.2,12:30:00,11574.013145035791,4,40
2019-10-25,11561.75,11572.25,11561.75,11569.05,12:35:00,11572.845226460957,4,41
2019-10-25,11525.4,11562.35,11512.05,11561.5,12:40:00,11568.326633464672,4,42
2019-10-25,11515.35,11525.8,11507.35,11525.8,12:45:00,11563.28123980137,4,43
2019-10-25,11525.75,11527.05,11512.65,11515.6,12:50:00,11559.706836010762,4,44
2019-10-25,11513.4,11527.05,11513.3,11526.1,12:55:00,11555.296661152594,4,45
2019-10-25,11517.65,11519.55,11505.3,11513.15,13:00:00,11551.711264852343,4,46
2019-10-25,11521.05,11525.5,11515.7,11518.15,13:05:00,11548.791144390218,4,47
2019-10-25,11501.35,11522.7,11501.35,11522.55,13:10:00,11544.272940162578,4,48
2019-10-25,11501.7,11501.85,11490.75,11501.0,13:15:00,11540.218374432809,4,49
2019-10-25,11504.05,11508.7,11500.15,11501.95,13:20:00,11536.77376734397,4,50
2019-10-25,11513.95,11520.6,11503.45,11503.45,13:25:00,11534.600075215974,4,51
2019-10-25,11522.0,11527.0,11512.75,11514.3,13:30:00,11533.40006805255,4,52
2019-10-25,11526.55,11526.55,11518.8,11521.95,13:35:00,11532.747680618972,4,53
2019-10-25,11519.25,11529.6,11514.35,11528.3,13:40:00,11531.46218722669,4,54
2019-10-25,11523.65,11524.35,11518.35,11519.4,13:45:00,11530.718169395575,4,55
2019-10-25,11531.25,11537.3,11520.55,11523.95,13:50:00,11530.768819929332,4,56
2019-10-25,11534.05,11541.95,11530.3,11530.85,13:55:00,11531.081313269397,4,57
2019-10-25,11523.05,11534.8,11517.85,11534.45,14:00:00,11530.316426291356,4,58
2019-10-25,11526.75,11530.4,11522.4,11523.15,14:05:00,11529.97676664456,4,59
2019-10-25,11551.2,11553.9,11523.1,11526.35,14:10:00,11531.998026964126,4,60
2019-10-25,11540.7,11552.9,11540.45,11549.45,14:15:00,11532.826786300877,4,61
2019-10-25,11557.0,11557.1,11540.5,11540.75,14:20:00,11535.128997129365,4,62
2019-10-25,11573.85,11574.8,11553.0,11557.05,14:25:00,11538.81671168847,4,63
2019-10-25,11602.55,11603.0,11574.3,11574.85,14:30:00,11544.886548670522,4,64
2019-10-25,11613.7,11615.15,11590.0,11603.55,14:35:00,11551.4402107019,4,65
2019-10-25,11605.05,11619.5,11604.95,11615.0,14:40:00,11556.545904920767,4,66
2019-10-25,11593.8,11613.45,11590.5,11605.45,14:45:00,11560.093913975932,4,67
2019-10-25,11602.35,11607.75,11594.55,11594.55,14:50:00,11564.118303121082,4,68
2019-10-25,11604.15,11611.4,11603.15,11603.15,14:55:00,11567.93084568098,4,69
2019-10-25,11591.6,11615.6,11590.85,11610.65,15:00:00,11570.18505085422,4,70
2019-10-25,11586.25,11594.85,11583.2,11591.8,15:05:00,11571.71504601096,4,71
2019-10-25,11584.0,11588.25,11577.4,11587.05,15:10:00,11572.885041628964,4,72
2019-10-25,11582.6,11587.35,11582.15,11584.1,15:15:00,11573.81027575954,4,73
2019-10-25,11580.4,11584.35,11573.75,11584.35,15:20:00,11574.437868544344,4,74
2019-10-25,11574.4,11581.3,11573.15,11580.9,15:25:00,11574.434262016312,4,75
2019-10-27,11662.25,11662.25,11662.25,11662.25,18:05:00,11582.797665633809,6,1
2019-10-27,11637.1,11672.4,11626.1,11662.6,18:15:00,11587.969316525823,6,2
2019-10-27,11639.3,11645.8,11636.8,11637.5,18:20:00,11592.857953047174,6,3
2019-10-27,11636.2,11640.6,11634.55,11639.15,18:25:00,11596.985767042685,6,4
2019-10-27,11643.6,11644.35,11635.1,11636.55,18:30:00,11601.425217800524,6,5
2019-10-27,11633.05,11644.8,11632.2,11644.2,18:35:00,11604.43710181952,6,6
2019-10-27,11639.6,11641.0,11632.3,11633.6,18:40:00,11607.78594926528,6,7
2019-10-27,11640.4,11640.65,11637.45,11639.95,18:45:00,11610.892049335253,6,8
2019-10-27,11639.75,11643.2,11639.1,11640.25,18:50:00,11613.640425589036,6,9
2019-10-27,11632.55,11639.75,11630.2,11639.3,18:55:00,11615.4413374377,6,10
2019-10-27,11621.85,11634.05,11604.6,11632.65,19:00:00,11616.05168625316,6,11
2019-10-27,11627.6,11629.1,11620.1,11621.75,19:05:00,11617.15152565762,6,12
2019-10-27,11628.0,11629.9,11624.6,11627.95,19:10:00,11618.184713690229,6,13
2019-10-27,11627.15,11627.9,11627.15,11627.9,19:15:00,11619.038550481637,6,14
2019-10-29,11633.55,11646.35,11628.2,11640.9,09:15:00,11620.420593292907,1,1
2019-10-29,11645.3,11663.2,11630.75,11632.75,09:20:00,11622.790060598343,1,2
2019-10-29,11632.55,11648.2,11632.25,11644.6,09:25:00,11623.719578636596,1,3
2019-10-29,11648.65,11650.3,11627.35,11633.05,09:30:00,11626.093904480733,1,4
2019-10-29,11643.3,11651.05,11639.85,11648.55,09:35:00,11627.73258024447,1,5
2019-10-29,11651.65,11656.2,11642.6,11642.95,09:40:00,11630.010429744996,1,6
2019-10-29,11663.85,11670.85,11651.7,11651.9,09:45:00,11633.233245959758,1,7
2019-10-29,11667.25,11669.25,11658.1,11663.5,09:50:00,11636.472936820734,1,8
2019-10-29,11676.5,11680.55,11667.7,11667.7,09:55:00,11640.2850380759,1,9
2019-10-29,11677.85,11688.45,11676.65,11677.5,10:00:00,11643.862653497245,1,10
2019-10-29,11698.3,11701.0,11675.5,11677.4,10:05:00,11649.04716268798,1,11
2019-10-29,11690.25,11702.15,11686.05,11698.75,10:10:00,11652.971242431982,1,12
2019-10-29,11705.75,11708.55,11690.3,11690.5,10:15:00,11657.997790771797,1,13
2019-10-29,11710.25,11713.1,11704.35,11705.6,10:20:00,11662.974191650672,1,14
2019-10-29,11697.25,11713.4,11695.1,11710.65,10:25:00,11666.238554350608,1,15
2019-10-29,11711.6,11711.6,11695.95,11697.55,10:30:00,11670.558692031502,1,16
2019-10-29,11703.0,11716.0,11703.0,11712.15,10:35:00,11673.648340409454,1,17
2019-10-29,11711.7,11711.7,11703.05,11703.5,10:40:00,11677.272307989506,1,18
2019-10-29,11714.35,11718.4,11709.6,11711.75,10:45:00,11680.80351675241,1,19
2019-10-29,11715.4,11718.75,11714.25,11714.3,10:50:00,11684.098419918848,1,20
2019-10-29,11735.7,11737.1,11715.7,11716.1,10:55:00,11689.012856117051,1,21
2019-10-29,11739.5,11745.85,11727.6,11735.45,11:00:00,11693.821155534475,1,22
2019-10-29,11739.1,11745.6,11733.05,11740.3,11:05:00,11698.133426435956,1,23
2019-10-29,11740.6,11744.85,11737.6,11738.7,11:10:00,11702.177862013485,1,24
2019-10-29,11756.2,11760.0,11740.3,11740.35,11:15:00,11707.322827536009,1,25
2019-10-29,11754.05,11757.85,11750.5,11756.55,11:20:00,11711.77303443734,1,26
2019-10-29,11760.25,11764.0,11753.7,11753.85,11:25:00,11716.389888300451,1,27
2019-10-29,11760.55,11766.5,11760.05,11760.05,11:30:00,11720.595613224215,1,28
2019-10-29,11755.85,11764.5,11755.3,11759.3,11:35:00,11723.95317386953,1,29
2019-10-29,11753.55,11757.95,11751.55,11754.7,11:40:00,11726.771919215287,1,30
2019-10-29,11748.2,11757.25,11747.4,11754.0,11:45:00,11728.812688813832,1,31
2019-10-29,11751.6,11753.75,11745.15,11747.65,11:50:00,11730.9829089268,1,32
2019-10-29,11750.05,11754.35,11749.95,11751.65,11:55:00,11732.798822362343,1,33
2019-10-29,11751.7,11752.5,11744.5,11749.35,12:00:00,11734.598934518312,1,34
2019-10-29,11754.85,11757.65,11750.0,11751.45,12:05:00,11736.527607421329,1,35
2019-10-29,11756.95,11758.9,11753.85,11754.65,12:10:00,11738.472597190726,1,36
2019-10-29,11767.9,11769.9,11756.6,11756.75,12:15:00,11741.275206982084,1,37
2019-10-29,11764.2,11770.5,11762.8,11768.25,12:20:00,11743.45852060284,1,38
2019-10-29,11760.35,11764.1,11757.3,11763.9,12:25:00,11745.067232926378,1,39
2019-10-29,11757.8,11760.95,11751.0,11760.2,12:30:00,11746.27987740958,1,40
2019-10-29,11758.1,11760.3,11755.15,11758.0,12:35:00,11747.405603370573,1,41
2019-10-29,11766.5,11767.95,11757.6,11757.6,12:40:00,11749.22411733528,1,42
2019-10-29,11768.25,11772.15,11764.3,11765.9,12:45:00,11751.03610616049,1,43
2019-10-29,11767.1,11770.45,11763.45,11767.95,12:50:00,11752.566000811872,1,44
2019-10-29,11777.7,11778.85,11767.0,11767.4,12:55:00,11754.959715020264,1,45
2019-10-29,11775.3,11779.3,11771.75,11778.45,13:00:00,11756.896885018336,1,46
2019-10-29,11777.3,11779.5,11773.75,11775.95,13:05:00,11758.840038826113,1,47
2019-10-29,11780.45,11781.5,11773.3,11777.0,13:10:00,11760.898130366484,1,48
2019-10-29,11789.75,11790.85,11780.85,11781.6,13:15:00,11763.64592747444,1,49
2019-10-29,11798.5,11802.75,11786.35,11789.6,13:20:00,11766.965362953064,1,50
2019-10-29,11801.4,11802.1,11794.6,11799.75,13:25:00,11770.244852195628,1,51
2019-10-29,11793.95,11803.8,11791.65,11801.65,13:30:00,11772.502485319854,1,52
2019-10-29,11791.3,11798.1,11786.85,11793.85,13:35:00,11774.292724813202,1,53
2019-10-29,11793.1,11798.15,11788.85,11791.1,13:40:00,11776.083893878613,1,54
2019-10-29,11795.75,11796.8,11787.45,11792.7,13:45:00,11777.956856366362,1,55
2019-10-29,11794.8,11800.6,11792.65,11794.65,13:50:00,11779.56096528385,1,56
2019-10-29,11800.55,11800.95,11793.25,11794.35,13:55:00,11781.559920971104,1,57
2019-10-29,11803.55,11807.7,11798.95,11800.15,14:00:00,11783.65421421195,1,58
2019-10-29,11807.15,11807.85,11801.2,11803.4,14:05:00,11785.891908096526,1,59
2019-10-29,11801.85,11809.4,11796.65,11806.95,14:10:00,11787.411726373048,1,60
2019-10-29,11801.15,11807.3,11798.75,11802.05,14:15:00,11788.720133385135,1,61
2019-10-29,11799.95,11808.75,11798.45,11800.8,14:20:00,11789.789644491311,1,62
2019-10-29,11804.15,11804.45,11797.75,11800.85,14:25:00,11791.157297396903,1,63
2019-10-29,11798.95,11806.45,11794.05,11804.25,14:30:00,11791.89945954958,1,64
2019-10-29,11800.25,11806.45,11797.5,11799.05,14:35:00,11792.694749116288,1,65
2019-10-29,11799.95,11800.75,11793.4,11800.0,14:40:00,11793.385725390926,1,66
2019-10-29,11803.25,11808.5,11798.3,11799.9,14:45:00,11794.3251801156,1,67
2019-10-29,11788.35,11803.1,11782.9,11803.1,14:50:00,11793.756115342689,1,68
2019-10-29,11790.5,11797.2,11786.15,11788.3,14:55:00,11793.446009119574,1,69
2019-10-29,11783.05,11792.9,11781.45,11790.95,15:00:00,11792.45591301295,1,70
2019-10-29,11783.5,11786.9,11776.8,11783.6,15:05:00,11791.60296891648,1,71
2019-10-29,11787.0,11787.4,11782.2,11785.3,15:10:00,11791.164590924433,1,72
2019-10-29,11786.0,11788.15,11782.0,11787.6,15:15:00,11790.672725122104,1,73
2019-10-29,11791.05,11792.65,11783.2,11786.75,15:20:00,11790.708656062858,1,74
2019-10-29,11790.35,11796.2,11789.6,11790.95,15:25:00,11790.674498342583,1,75
2019-10-30,11835.25,11867.6,11816.9,11867.6,09:15:00,11794.91978421472,2,1
2019-10-30,11825.05,11835.3,11821.4,11835.15,09:20:00,11797.789328575222,2,2
2019-10-30,11826.6,11828.95,11817.95,11824.65,09:25:00,11800.53320204425,2,3
2019-10-30,11800.35,11827.6,11798.95,11827.35,09:30:00,11800.515754230511,2,4
2019-10-30,11790.8,11811.95,11788.8,11800.85,09:35:00,11799.590444303796,2,5
2019-10-30,11808.7,11809.45,11784.45,11790.45,09:40:00,11800.458021036768,2,6
2019-10-30,11826.05,11826.05,11805.35,11809.1,09:45:00,11802.8953523666,2,7
2019-10-30,11833.55,11833.9,11818.15,11825.8,09:50:00,11805.8148426174,2,8
2019-10-30,11828.1,11834.85,11825.1,11833.8,09:55:00,11807.9372385586,2,9
2019-10-30,11825.95,11830.85,11818.7,11828.35,10:00:00,11809.652739648256,2,10
2019-10-30,11820.85,11827.75,11820.5,11825.8,10:05:00,11810.71914539604,2,11
2019-10-30,11829.1,11829.85,11818.5,11820.1,10:10:00,11812.46970297737,2,12
2019-10-30,11839.65,11840.1,11827.55,11829.4,10:15:00,11815.058302693811,2,13
2019-10-30,11840.3,11841.4,11834.9,11839.85,10:20:00,11817.46227386583,2,14
2019-10-30,11842.85,11847.9,11837.2,11840.25,10:25:00,11819.880152545276,2,15
2019-10-30,11837.25,11844.05,11835.55,11843.1,10:30:00,11821.534423731438,2,16
2019-10-30,11850.25,11850.6,11835.25,11837.05,10:35:00,11824.26924051892,2,17
2019-10-30,11846.45,11852.85,11845.35,11849.35,10:40:00,11826.381693802834,2,18
2019-10-30,11842.8,11848.45,11840.7,11846.3,10:45:00,11827.945342012088,2,19
2019-10-30,11842.95,11843.85,11833.45,11843.6,10:50:00,11829.374357058556,2,20
2019-10-30,11836.85,11843.35,11832.85,11843.35,10:55:00,11830.08632305298,2,21
2019-10-30,11836.55,11842.25,11832.4,11836.05,11:00:00,11830.701911333648,2,22
2019-10-30,11835.05,11836.85,11827.3,11836.85,11:05:00,11831.116015016158,2,23
2019-10-30,11825.65,11836.2,11821.85,11834.7,11:10:00,11830.595442157475,2,24
2019-10-30,11839.85,11839.95,11820.1,11825.25,11:15:00,11831.476828618668,2,25
2019-10-30,11841.4,11843.45,11835.65,11840.05,11:20:00,11832.421892559749,2,26
2019-10-30,11843.35,11844.5,11838.35,11840.85,11:25:00,11833.462664696915,2,27
2019-10-30,11843.35,11846.7,11841.25,11843.45,11:30:00,11834.404315678164,2,28
2019-10-30,11843.0,11844.95,11842.15,11843.8,11:35:00,11835.222952280244,2,29
2019-10-30,11844.25,11846.6,11840.3,11843.6,11:40:00,11836.082671110697,2,30
2019-10-30,11846.55,11850.75,11844.4,11844.4,11:45:00,11837.079559576345,2,31
2019-10-30,11848.05,11851.5,11843.15,11846.7,11:50:00,11838.124363426215,2,32
2019-10-30,11847.6,11849.05,11843.25,11848.15,11:55:00,11839.026805004672,2,33
2019-10-30,11856.9,11858.1,11848.4,11848.4,12:00:00,11840.729014051847,2,34
2019-10-30,11853.35,11858.3,11848.8,11856.65,12:05:00,11841.931012713576,2,35
2019-10-30,11855.95,11857.7,11852.2,11853.15,12:10:00,11843.266154359902,2,36
2019-10-30,11858.7,11863.2,11855.0,11856.15,12:15:00,11844.736044420864,2,37
2019-10-30,11857.5,11861.15,11856.2,11858.9,12:20:00,11845.951659237924,2,38
2019-10-30,11856.0,11860.35,11851.7,11857.65,12:25:00,11846.908644072408,2,39
2019-10-30,11849.1,11856.6,11847.6,11855.95,12:30:00,11847.11734463694,2,40
2019-10-30,11843.75,11852.7,11841.65,11849.25,12:35:00,11846.79664514771,2,41
2019-10-30,11848.65,11849.55,11841.7,11843.35,12:40:00,11846.97315513364,2,42
2019-10-30,11842.45,11850.95,11841.0,11848.3,12:45:00,11846.542378454247,2,43
2019-10-30,11854.5,11854.75,11837.35,11842.55,12:50:00,11847.30024717289,2,44
2019-10-30,11856.2,11860.3,11850.45,11854.45,12:55:00,11848.147842680231,2,45
2019-10-30,11859.35,11861.85,11855.5,11855.95,13:00:00,11849.214714805928,2,46
2019-10-30,11849.45,11860.4,11848.65,11859.8,13:05:00,11849.237122919649,2,47
2019-10-30,11857.65,11858.2,11845.25,11849.15,13:10:00,11850.038349308252,2,48
2019-10-30,11863.1,11864.1,11856.25,11857.95,13:15:00,11851.2823160408,2,49
2019-10-30,11858.15,11865.6,11855.1,11863.2,13:20:00,11851.936381179772,2,50
2019-10-30,11857.9,11861.3,11853.3,11857.8,13:25:00,11852.504344876936,2,51
2019-10-30,11857.8,11858.9,11854.85,11858.0,13:30:00,11853.008692983894,2,52
2019-10-30,11859.65,11860.0,11851.95,11857.3,13:35:00,11853.641198414,2,53
2019-10-30,11876.05,11877.15,11859.95,11859.95,13:40:00,11855.775369993618,2,54
2019-10-30,11868.2,11878.75,11865.8,11876.4,13:45:00,11856.958668089464,2,55
2019-10-30,11867.65,11870.8,11861.7,11867.9,13:50:00,11857.976890176182,2,56
2019-10-30,11846.05,11868.15,11845.7,11867.95,13:55:00,11856.840995873688,2,57
2019-10-30,11848.8,11854.1,11844.5,11846.0,14:00:00,11856.07518674286,2,58
2019-10-30,11847.25,11852.75,11846.35,11847.95,14:05:00,11855.23469276735,2,59
2019-10-30,11859.55,11862.35,11847.1,11851.35,14:10:00,11855.645674408555,2,60
2019-10-30,11848.95,11860.75,11847.45,11860.75,14:15:00,11855.00799113155,2,61
2019-10-30,11842.55,11853.8,11842.55,11849.0,14:20:00,11853.821515785688,2,62
2019-10-30,11846.5,11851.15,11841.0,11841.9,14:25:00,11853.124228568004,2,63
2019-10-30,11833.6,11846.85,11830.25,11846.45,14:30:00,11851.264778228193,2,64
2019-10-30,11825.15,11833.6,11822.8,11833.3,14:35:00,11848.777656492177,2,65
2019-10-30,11838.0,11838.7,11818.8,11824.45,14:40:00,11847.751213016729,2,66
2019-10-30,11836.2,11840.35,11831.8,11837.7,14:45:00,11846.651097491324,2,67
2019-10-30,11836.6,11841.1,11831.9,11836.35,14:50:00,11845.693850111198,2,68
2019-10-30,11843.1,11843.1,11834.7,11836.65,14:55:00,11845.446816767277,2,69
2019-10-30,11839.5,11844.05,11835.95,11843.3,15:00:00,11844.880453265629,2,70
2019-10-30,11839.3,11841.2,11835.5,11839.65,15:05:00,11844.348981526044,2,71
2019-10-30,11844.5,11845.6,11834.35,11839.85,15:10:00,11844.363364237848,2,72
2019-10-30,11848.2,11849.55,11838.5,11843.8,15:15:00,11844.728758119958,2,73
2019-10-30,11854.0,11854.7,11847.3,11847.45,15:20:00,11845.611733537104,2,74
2019-10-30,11850.25,11855.05,11846.9,11853.75,15:25:00,11846.053473200238,2,75
2019-10-31,11892.1,11898.4,11883.05,11884.85,09:15:00,11850.438856704975,3,1
2019-10-31,11907.8,11908.0,11884.05,11892.85,09:20:00,11855.901822733074,3,2
2019-10-31,11911.7,11914.9,11905.2,11908.2,09:25:00,11861.215934853735,3,3
2019-10-31,11899.25,11913.45,11898.9,11910.5,09:30:00,11864.838226772426,3,4
2019-10-31,11903.55,11909.4,11898.45,11899.05,09:35:00,11868.525062317907,3,5
2019-10-31,11910.25,11910.25,11900.8,11903.4,09:40:00,11872.49886590668,3,6
2019-10-31,11902.7,11911.25,11901.45,11909.65,09:45:00,11875.37516439176,3,7
2019-10-31,11896.9,11903.95,11895.15,11902.0,09:50:00,11877.4251487354,3,8
2019-10-31,11903.15,11906.3,11896.55,11896.55,09:55:00,11879.875134570124,3,9
2019-10-31,11905.75,11911.2,11901.85,11903.1,10:00:00,11882.339407468207,3,10
2019-10-31,11907.5,11909.3,11899.5,11905.5,10:05:00,11884.735654375996,3,11
2019-10-31,11909.65,11912.1,11902.4,11907.35,10:10:00,11887.10844919733,3,12
2019-10-31,11898.55,11910.4,11896.15,11910.4,10:15:00,11888.198120702344,3,13
2019-10-31,11904.4,11905.3,11895.55,11898.35,10:20:00,11889.741156825932,3,14
2019-10-31,11903.1,11910.4,11902.0,11904.55,10:25:00,11891.013427604415,3,15
2019-10-31,11903.9,11907.75,11903.15,11903.6,10:30:00,11892.24072021352,3,16
2019-10-31,11905.55,11906.05,11899.5,11904.4,10:35:00,11893.508270669376,3,17
2019-10-31,11905.9,11907.2,11900.8,11905.45,10:40:00,11894.68843536753,3,18
2019-10-31,11919.75,11922.05,11905.55,11905.7,10:45:00,11897.075251046814,3,19
2019-10-31,11918.2,11923.95,11918.1,11920.0,10:50:00,11899.087131899498,3,20
2019-10-31,11921.75,11923.1,11916.6,11918.35,10:55:00,11901.24550029002,3,21
2019-10-31,11923.85,11927.85,11921.4,11922.55,11:00:00,11903.39830978621,3,22
2019-10-31,11924.65,11924.85,11919.55,11924.1,11:05:00,11905.42228028276,3,23
2019-10-31,11922.25,11926.3,11919.85,11925.05,11:10:00,11907.024920255832,3,24
2019-10-31,11914.65,11921.8,11913.95,11921.7,11:15:00,11907.751118326703,3,25
2019-10-31,11919.15,11920.05,11913.7,11914.55,11:20:00,11908.836726105112,3,26
2019-10-31,11919.8,11920.2,11917.15,11919.45,11:25:00,11909.880847428436,3,27
2019-10-31,11919.15,11922.8,11918.35,11919.75,11:30:00,11910.763623863822,3,28
2019-10-31,11914.25,11919.5,11913.1,11918.95,11:35:00,11911.095659686314,3,29
2019-10-31,11917.8,11917.95,11909.15,11914.5,11:40:00,11911.734168287618,3,30
2019-10-31,11911.6,11918.35,11910.0,11917.9,11:45:00,11911.721390355462,3,31
2019-10-31,11911.05,11914.1,11906.85,11911.3,11:50:00,11911.657448416849,3,32
2019-10-31,11909.85,11914.15,11907.3,11910.9,11:55:00,11911.485310472384,3,33
2019-10-31,11895.5,11909.95,11890.2,11909.9,12:00:00,11909.962899951204,3,34
2019-10-31,11899.7,11901.9,11893.7,11894.6,12:05:00,11908.985480908232,3,35
2019-10-31,11904.05,11907.65,11897.9,11899.55,12:10:00,11908.515435107449,3,36
2019-10-31,11905.8,11906.05,11897.7,11903.7,12:15:00,11908.256822240071,3,37
2019-10-31,11903.05,11907.35,11900.95,11906.65,12:20:00,11907.760934407685,3,38
2019-10-31,11903.35,11905.0,11898.45,11902.85,12:25:00,11907.340845416476,3,39
2019-10-31,11912.25,11914.05,11903.3,11903.75,12:30:00,11907.80838394824,3,40
2019-10-31,11910.1,11915.3,11908.7,11912.05,12:35:00,11908.026633096026,3,41
2019-10-31,11920.9,11921.9,11909.6,11910.05,12:40:00,11909.252668039262,3,42
2019-10-31,11915.7,11924.3,11914.85,11920.75,12:45:00,11909.86669965457,3,43
2019-10-31,11919.85,11921.45,11914.8,11915.25,12:50:00,11910.81749016366,3,44
2019-10-31,11916.9,11920.7,11913.75,11919.4,12:55:00,11911.396776814738,3,45
2019-10-31,11914.95,11917.8,11911.5,11916.35,13:00:00,11911.73517902286,3,46
2019-10-31,11922.3,11924.4,11913.7,11914.65,13:05:00,11912.741352449251,3,47
2019-10-31,11919.85,11923.85,11915.9,11922.1,13:10:00,11913.418366501706,3,48
2019-10-31,11922.2,11926.45,11917.25,11919.55,13:15:00,11914.254712549164,3,49
2019-10-31,11925.35,11927.4,11920.25,11922.0,13:20:00,11915.3114065921,3,50
2019-10-31,11929.4,11931.25,11921.45,11925.75,13:25:00,11916.653177392853,3,51
2019-10-31,11926.55,11932.3,11924.0,11929.15,13:30:00,11917.595731926867,3,52
2019-10-31,11921.75,11929.35,11920.45,11926.45,13:35:00,11917.99137650526,3,53
2019-10-31,11912.8,11923.05,11901.2,11921.45,13:40:00,11917.496959695236,3,54
2019-10-31,11924.6,11926.55,11910.0,11912.45,13:45:00,11918.17343972426,3,55
2019-10-31,11929.55,11930.65,11919.35,11923.9,13:50:00,11919.256921655282,3,56
2019-10-31,11930.75,11933.4,11926.5,11929.7,13:55:00,11920.351500545255,3,57
2019-10-31,11925.75,11931.8,11920.3,11931.0,14:00:00,11920.86564335047,3,58
2019-10-31,11926.7,11928.5,11922.2,11925.3,14:05:00,11921.42129636471,3,59
2019-10-31,11931.4,11934.5,11924.55,11926.6,14:10:00,11922.37164909188,3,60
2019-10-31,11941.7,11945.0,11930.65,11931.45,14:15:00,11924.212444416466,3,61
2019-10-31,11932.1,11942.9,11931.55,11941.45,14:20:00,11924.963640186326,3,62
2019-10-31,11931.8,11936.9,11930.5,11932.05,14:25:00,11925.614722073344,3,63
2019-10-31,11936.4,11941.45,11931.65,11931.75,14:30:00,11926.641891399691,3,64
2019-10-31,11910.25,11936.85,11904.0,11935.7,14:35:00,11925.080758885437,3,65
2019-10-31,11903.0,11911.1,11900.75,11910.35,14:40:00,11922.977829467776,3,66
2019-10-31,11884.4,11904.15,11884.4,11902.5,14:45:00,11919.303750470846,3,67
2019-10-31,11889.8,11892.7,11881.3,11884.0,14:50:00,11916.493869473625,3,68
2019-10-31,11878.6,11890.2,11876.1,11889.25,14:55:00,11912.884929523754,3,69
2019-10-31,11871.25,11878.9,11855.1,11878.9,15:00:00,11908.91969814054,3,70
2019-10-31,11895.55,11895.85,11871.4,11871.4,15:05:00,11907.646393555726,3,71
2019-10-31,11889.4,11898.3,11888.1,11896.05,15:10:00,11905.908641788516,3,72
2019-10-31,11872.35,11890.1,11872.35,11890.05,15:15:00,11902.7125806658,3,73
2019-10-31,11870.7,11874.05,11866.55,11872.65,15:20:00,11899.663763459534,3,74
2019-10-31,11881.2,11884.45,11870.3,11870.95,15:25:00,11897.90530979672,3,75
2019-11-01,11898.15,11901.2,11868.95,11882.1,09:15:00,11897.928613625603,4,1
2019-11-01,11911.0,11911.0,11892.2,11898.6,09:20:00,11899.173507566022,4,2
2019-11-01,11909.95,11918.3,11906.25,11910.65,09:25:00,11900.19984017878,4,3
2019-11-01,11900.4,11912.3,11899.85,11910.2,09:30:00,11900.218903018897,4,4
2019-11-01,11892.3,11900.35,11886.45,11899.45,09:35:00,11899.464721779004,4,5
2019-11-01,11883.95,11893.3,11882.35,11891.8,09:40:00,11897.987129228624,4,6
2019-11-01,11895.15,11900.0,11884.6,11884.6,09:45:00,11897.716926444944,4,7
2019-11-01,11903.75,11905.55,11894.15,11894.15,09:50:00,11898.291504878758,4,8
2019-11-01,11901.9,11907.75,11900.05,11904.35,09:55:00,11898.63517108078,4,9
2019-11-01,11891.95,11900.95,11884.5,11900.85,10:00:00,11897.998488120706,4,10
2019-11-01,11890.45,11898.05,11887.55,11892.25,10:05:00,11897.27958449016,4,11
2019-11-01,11887.0,11893.9,11883.35,11890.75,10:10:00,11896.30057644348,4,12
2019-11-01,11879.3,11888.55,11876.3,11887.1,10:15:00,11894.681473925051,4,13
2019-11-01,11872.55,11879.65,11867.7,11879.1,10:20:00,11892.57371450362,4,14
2019-11-01,11881.5,11888.6,11868.15,11872.9,10:25:00,11891.519075027085,4,15
2019-11-01,11856.2,11881.4,11856.2,11881.35,10:30:00,11888.155353595934,4,16
2019-11-01,11852.85,11858.9,11847.6,11856.5,10:35:00,11884.79293896775,4,17
2019-11-01,11851.2,11854.15,11843.35,11852.65,10:40:00,11881.593611447011,4,18
2019-11-01,11869.5,11871.95,11851.2,11851.3,10:45:00,11880.44183892825,4,19
2019-11-01,11869.15,11874.85,11867.85,11869.8,10:50:00,11879.366425696988,4,20
2019-11-01,11871.55,11878.25,11867.15,11869.35,10:55:00,11878.622004202036,4,21
2019-11-01,11866.8,11875.55,11866.6,11871.8,11:00:00,11877.496099039936,4,22
2019-11-01,11882.2,11883.65,11866.7,11866.7,11:05:00,11877.94408960756,4,23
2019-11-01,11877.0,11886.2,11876.8,11882.1,11:10:00,11877.854176311605,4,24
2019-11-01,11877.9,11878.3,11871.45,11877.85,11:15:00,11877.858540472404,4,25
2019-11-01,11877.7,11880.75,11875.0,11878.55,11:20:00,11877.843441379797,4,26
2019-11-01,11881.45,11883.5,11876.85,11878.0,11:25:00,11878.18692315315,4,27
2019-11-01,11877.5,11883.0,11876.0,11881.6,11:30:00,11878.121501900469,4,28
2019-11-01,11881.4,11882.7,11875.1,11877.75,11:35:00,11878.433739814707,4,29
2019-11-01,11873.85,11881.5,11873.85,11881.5,11:40:00,11877.997193165687,4,30
2019-11-01,11869.1,11878.0,11866.6,11873.45,11:45:00,11877.14984143562,4,31
2019-11-01,11868.05,11871.7,11867.5,11868.75,11:50:00,11876.283189870324,4,32
2019-11-01,11870.15,11872.1,11868.25,11869.4,11:55:00,11875.69907654934,4,33
2019-11-01,11864.6,11870.45,11861.9,11869.7,12:00:00,11874.642021639878,4,34
2019-11-01,11868.1,11869.5,11864.7,11865.5,12:05:00,11874.01897195989,4,35
2019-11-01,11889.0,11889.7,11867.35,11868.15,12:10:00,11875.445736535135,4,36
2019-11-01,11894.05,11900.55,11887.65,11890.0,12:15:00,11877.21757115084,4,37
2019-11-01,11890.9,11896.0,11890.4,11893.6,12:20:00,11878.520659612665,4,38
2019-11-01,11886.55,11892.25,11885.35,11892.1,12:25:00,11879.285358697172,4,39
2019-11-01,11882.55,11887.8,11877.5,11886.75,12:30:00,11879.596276916487,4,40
2019-11-01,11879.8,11884.2,11877.25,11883.0,12:35:00,11879.61567911492,4,41
2019-11-01,11879.3,11881.75,11874.2,11879.35,12:40:00,11879.585614437308,4,42
2019-11-01,11876.9,11882.1,11872.7,11879.0,12:45:00,11879.329841633757,4,43
2019-11-01,11872.1,11877.25,11867.95,11876.7,12:50:00,11878.641285287682,4,44
2019-11-01,11873.85,11876.0,11867.85,11872.85,12:55:00,11878.184972403142,4,45
2019-11-01,11868.0,11877.2,11867.3,11874.8,13:00:00,11877.214975031413,4,46
2019-11-01,11863.1,11868.55,11857.5,11868.55,13:05:00,11875.870691695089,4,47
2019-11-01,11869.1,11869.9,11860.8,11863.2,13:10:00,11875.225863914602,4,48
2019-11-01,11868.85,11870.15,11860.9,11869.9,13:15:00,11874.61863877988,4,49
2019-11-01,11877.95,11879.65,11868.0,11868.95,13:20:00,11874.935911277034,4,50
2019-11-01,11877.4,11879.9,11873.65,11878.25,13:25:00,11875.170586393506,4,51
2019-11-01,11876.4,11881.55,11875.85,11877.9,13:30:00,11875.287673403647,4,52
2019-11-01,11879.1,11879.95,11874.05,11876.95,13:35:00,11875.650752127112,4,53
2019-11-01,11873.7,11883.8,11871.0,11878.95,13:40:00,11875.464966210246,4,54
2019-11-01,11873.3,11875.55,11867.35,11875.25,13:45:00,11875.258778952126,4,55
2019-11-01,11877.65,11882.25,11871.4,11872.55,13:50:00,11875.48651429002,4,56
2019-11-01,11877.55,11879.9,11872.35,11877.9,13:55:00,11875.683036738588,4,57
2019-11-01,11892.6,11892.8,11874.5,11877.0,14:00:00,11877.29417609682,4,58
2019-11-01,11893.8,11897.5,11890.35,11893.4,14:05:00,11878.866159325691,4,59
2019-11-01,11893.6,11899.1,11887.1,11893.55,14:10:00,11880.269382247056,4,60
2019-11-01,11894.1,11897.75,11890.4,11894.45,14:15:00,11881.586583937811,4,61
2019-11-01,11890.45,11895.0,11889.0,11893.55,14:20:00,11882.430718800875,4,62
2019-11-01,11874.25,11892.8,11872.65,11890.65,14:25:00,11881.651602724603,4,63
2019-11-01,11885.4,11891.05,11869.55,11873.15,14:30:00,11882.008592941307,4,64
2019-11-01,11895.9,11897.25,11885.1,11886.25,14:35:00,11883.331584089756,4,65
2019-11-01,11906.65,11909.55,11893.35,11895.75,14:40:00,11885.55238560502,4,66
2019-11-01,11893.3,11911.7,11887.5,11907.0,14:45:00,11886.290253642635,4,67
2019-11-01,11891.3,11896.65,11889.15,11892.35,14:50:00,11886.767372343338,4,68
2019-11-01,11897.05,11899.1,11890.05,11891.9,14:55:00,11887.7466702154,4,69
2019-11-01,11887.9,11902.95,11885.3,11897.85,15:00:00,11887.761273052029,4,70
2019-11-01,11888.8,11889.3,11882.85,11887.35,15:05:00,11887.860199428023,4,71
2019-11-01,11888.6,11893.8,11883.55,11888.55,15:10:00,11887.930656625354,4,72
2019-11-01,11894.9,11895.9,11885.2,11888.4,15:15:00,11888.594403613415,4,73
2019-11-01,11893.2,11896.6,11889.45,11894.65,15:20:00,11889.03303184071,4,74
2019-11-01,11899.5,11899.6,11891.2,11893.6,15:25:00,11890.02988595112,4,75
2019-11-04,11958.9,11958.9,11927.6,11927.6,09:15:00,11896.588944431966,0,1
2019-11-04,11965.9,11974.8,11955.7,11961.8,09:20:00,11903.189997343206,0,2
2019-11-04,11965.8,11970.1,11956.25,11966.3,09:25:00,11909.152854739092,0,3
2019-11-04,11972.85,11973.05,11964.2,11966.25,09:30:00,11915.219249525844,0,4
2019-11-04,11957.45,11973.25,11957.45,11973.1,09:35:00,11919.241225761478,0,5
2019-11-04,11963.55,11965.6,11950.95,11957.3,09:40:00,11923.46110902229,0,6
2019-11-04,11955.7,11964.65,11954.75,11963.8,09:45:00,11926.531479591597,0,7
2019-11-04,11943.35,11956.45,11941.55,11954.65,09:50:00,11928.133243440016,0,8
2019-11-04,11944.65,11949.8,11941.15,11943.9,09:55:00,11929.7062678743,0,9
2019-11-04,11942.65,11947.1,11940.5,11945.0,10:00:00,11930.939004267224,0,10
2019-11-04,11954.85,11955.4,11942.6,11943.55,10:05:00,11933.21624195606,0,11
2019-11-04,11957.4,11960.4,11952.7,11955.3,10:10:00,11935.519457007862,0,12
2019-11-04,11961.9,11962.45,11955.35,11957.7,10:15:00,11938.03188967378,0,13
2019-11-04,11954.25,11961.85,11954.05,11961.75,10:20:00,11939.576471609613,0,14
2019-11-04,11954.95,11955.6,11951.1,11954.4,10:25:00,11941.040617170602,0,15
2019-11-04,11960.7,11960.85,11952.6,11954.75,10:30:00,11942.912939344831,0,16
2019-11-04,11953.2,11961.75,11952.1,11961.1,10:35:00,11943.892659407227,0,17
2019-11-04,11958.75,11959.0,11952.35,11953.3,10:40:00,11945.307644225586,0,18
2019-11-04,11957.35,11960.6,11951.9,11959.25,10:45:00,11946.45453525172,0,19
2019-11-04,11955.2,11958.5,11951.1,11958.3,10:50:00,11947.28743665632,0,20
2019-11-04,11953.6,11956.15,11952.9,11955.05,10:55:00,11947.888633165245,0,21
2019-11-04,11955.65,11957.65,11951.45,11952.7,11:00:00,11948.62781095903,0,22
2019-11-04,11976.9,11982.0,11953.9,11955.05,11:05:00,11951.320400391502,0,23
2019-11-04,11981.7,11984.95,11970.3,11976.65,11:10:00,11954.21369559231,0,24
2019-11-04,11982.35,11988.05,11979.3,11982.05,11:15:00,11956.893343631138,0,25
2019-11-04,11980.1,11989.15,11979.05,11982.7,11:20:00,11959.103501380554,0,26
2019-11-04,11967.45,11983.7,11966.25,11980.55,11:25:00,11959.898406010978,0,27
2019-11-04,11966.5,11968.75,11961.6,11967.3,11:30:00,11960.527129248028,0,28
2019-11-04,11966.7,11968.8,11960.65,11966.4,11:35:00,11961.115021700596,0,29
2019-11-04,11942.95,11967.1,11940.0,11966.85,11:40:00,11959.385019633872,0,30
2019-11-04,11934.7,11950.0,11932.5,11942.8,11:45:00,11957.034065383026,0,31
2019-11-04,11923.2,11934.85,11916.0,11934.45,11:50:00,11953.811773441785,0,32
2019-11-04,11926.95,11931.25,11915.2,11923.25,11:55:00,11951.253509304472,0,33
2019-11-04,11916.75,11926.3,11912.35,11926.3,12:00:00,11947.967460799284,0,34
2019-11-04,11910.85,11918.35,11907.2,11914.5,12:05:00,11944.432464532683,0,35
2019-11-04,11923.3,11926.1,11906.55,11911.0,12:10:00,11942.419848862904,0,36
2019-11-04,11916.95,11923.25,11916.75,11923.25,12:15:00,11939.9941489712,0,37
2019-11-04,11914.2,11920.25,11910.2,11916.85,12:20:00,11937.537563354894,0,38
2019-11-04,11912.8,11915.95,11907.15,11913.95,12:25:00,11935.18160494014,0,39
2019-11-04,11913.4,11913.65,11905.9,11912.2,12:30:00,11933.107166374411,0,40
2019-11-04,11919.4,11923.7,11914.8,11914.8,12:35:00,11931.8017219578,0,41
2019-11-04,11922.2,11924.9,11916.7,11919.25,12:40:00,11930.887272247535,0,42
2019-11-04,11921.35,11923.95,11916.2,11921.7,12:45:00,11929.978960604913,0,43
2019-11-04,11912.75,11922.2,11909.45,11921.45,12:50:00,11928.338107213967,0,44
2019-11-04,11921.15,11922.45,11911.95,11912.9,12:55:00,11927.653525574542,0,45
2019-11-04,11930.85,11930.95,11919.95,11921.0,13:00:00,11927.9579517103,0,46
2019-11-04,11932.5,11934.35,11928.55,11930.8,13:05:00,11928.390527737887,0,47
2019-11-04,11921.15,11933.5,11918.05,11932.35,13:10:00,11927.700953667614,0,48
2019-11-04,11921.05,11926.9,11919.4,11921.05,13:15:00,11927.067529508797,0,49
2019-11-04,11915.9,11922.85,11914.85,11921.65,13:20:00,11926.003955269862,0,50
2019-11-04,11916.4,11919.5,11905.35,11917.15,13:25:00,11925.089292863207,0,51
2019-11-04,11923.6,11925.2,11914.3,11916.05,13:30:00,11924.947455447664,0,52
2019-11-04,11928.7,11930.1,11922.85,11923.65,13:35:00,11925.304840643124,0,53
2019-11-04,11927.85,11930.25,11924.0,11928.5,13:40:00,11925.547236772349,0,54
2019-11-04,11921.25,11928.4,11917.5,11927.75,13:45:00,11925.137976127364,0,55
2019-11-04,11925.35,11926.5,11920.1,11922.1,13:50:00,11925.158168877138,0,56
2019-11-04,11927.2,11933.45,11917.85,11924.8,13:55:00,11925.352628984076,0,57
2019-11-04,11928.25,11930.25,11925.7,11929.2,14:00:00,11925.62856908083,0,58
2019-11-04,11932.35,11932.55,11926.55,11928.2,14:05:00,11926.268705358849,0,59
2019-11-04,11932.75,11934.15,11926.1,11932.0,14:10:00,11926.885971515148,0,60
2019-11-04,11928.15,11937.6,11923.7,11932.85,14:15:00,11927.006355180372,0,61
2019-11-04,11940.55,11951.8,11927.05,11928.3,14:20:00,11928.296226115574,0,62
2019-11-04,11943.2,11945.1,11934.45,11940.05,14:25:00,11929.715633152186,0,63
2019-11-04,11953.2,11953.8,11939.9,11943.55,14:30:00,11931.952239518643,0,64
2019-11-04,11954.5,11954.5,11944.45,11952.1,14:35:00,11934.099645278771,0,65
2019-11-04,11947.05,11954.2,11939.0,11953.8,14:40:00,11935.33301239508,0,66
2019-11-04,11953.75,11957.35,11942.7,11946.85,14:45:00,11937.087011214597,0,67
2019-11-04,11951.6,11956.1,11948.25,11953.7,14:50:00,11938.46920062273,0,68
2019-11-04,11952.55,11956.65,11947.4,11951.35,14:55:00,11939.810229134851,0,69
2019-11-04,11945.25,11956.1,11943.5,11952.6,15:00:00,11940.32830255058,0,70
2019-11-04,11942.55,11949.65,11942.35,11944.95,15:05:00,11940.539892783858,0,71
2019-11-04,11936.4,11942.85,11933.1,11942.3,15:10:00,11940.145617280632,0,72
2019-11-04,11936.95,11943.9,11933.15,11936.9,15:15:00,11939.841272777716,0,73
2019-11-04,11937.35,11940.05,11933.85,11937.75,15:20:00,11939.604008703647,0,74
2019-11-04,11945.15,11947.45,11936.3,11936.7,15:25:00,11940.13219835092,0,75
2019-11-05,11957.05,11978.95,11939.7,11969.15,09:15:00,11941.743417555594,1,1
2019-11-05,11944.25,11961.8,11938.4,11956.9,09:20:00,11941.982139693157,1,2
2019-11-05,11934.9,11944.9,11923.7,11944.9,09:25:00,11941.307650198569,1,3
2019-11-05,11929.05,11935.0,11917.95,11935.0,09:30:00,11940.140254941563,1,4
2019-11-05,11948.05,11948.2,11927.75,11928.9,09:35:00,11940.893563994749,1,5
2019-11-05,11945.6,11951.9,11942.85,11948.15,09:40:00,11941.341795995246,1,6
2019-11-05,11950.35,11955.15,11946.0,11946.0,09:45:00,11942.199720186174,1,7
2019-11-05,11939.35,11950.4,11939.0,11950.15,09:50:00,11941.928318263685,1,8
2019-11-05,11938.95,11940.95,11934.15,11939.95,09:55:00,11941.644668905235,1,9
2019-11-05,11933.85,11940.9,11931.75,11939.0,10:00:00,11940.902319485687,1,10
2019-11-05,11936.15,11940.3,11930.55,11933.7,10:05:00,11940.449717629908,1,11
2019-11-05,11945.25,11948.15,11933.8,11935.7,10:10:00,11940.90688737944,1,12
2019-11-05,11950.3,11953.15,11943.75,11945.45,10:15:00,11941.80146953378,1,13
2019-11-05,11944.8,11953.5,11944.3,11951.2,10:20:00,11942.087043863896,1,14
2019-11-05,11949.35,11951.65,11944.05,11945.0,10:25:00,11942.778753972096,1,15
2019-11-05,11944.5,11949.25,11944.1,11948.9,10:30:00,11942.94268216523,1,16
2019-11-05,11943.15,11948.95,11942.4,11945.7,10:35:00,11942.962426720922,1,17
2019-11-05,11945.55,11945.85,11938.25,11942.75,10:40:00,11943.208862271307,1,18
2019-11-05,11951.15,11951.45,11942.35,11945.5,10:45:00,11943.965161102611,1,19
2019-11-05,11948.1,11954.25,11947.5,11951.45,10:50:00,11944.358955283316,1,20
2019-11-05,11936.55,11947.8,11933.8,11947.8,10:55:00,11943.615245256333,1,21
2019-11-05,11944.45,11944.8,11932.85,11936.8,11:00:00,11943.694745708111,1,22
2019-11-05,11937.9,11944.75,11937.55,11944.25,11:05:00,11943.142865164482,1,23
2019-11-05,11941.7,11945.2,11935.45,11937.7,11:10:00,11943.005449434531,1,24
2019-11-05,11940.3,11941.55,11938.4,11941.55,11:15:00,11942.747787583625,1,25
2019-11-05,11938.0,11941.6,11935.8,11940.45,11:20:00,11942.295617337564,1,26
2019-11-05,11939.0,11940.75,11936.9,11937.7,11:25:00,11941.9817490197,1,27
2019-11-05,11930.85,11939.7,11929.55,11938.55,11:30:00,11940.921582446395,1,28
2019-11-05,11921.75,11930.7,11919.15,11930.6,11:35:00,11939.0957174515,1,29
2019-11-05,11921.0,11925.15,11917.0,11921.5,11:40:00,11937.372315789453,1,30
2019-11-05,11925.2,11925.3,11919.8,11921.2,11:45:00,11936.213047619029,1,31
2019-11-05,11917.85,11926.65,11916.8,11925.05,11:50:00,11934.464185941026,1,32
2019-11-05,11908.05,11920.2,11906.95,11917.8,11:55:00,11931.948549184735,1,33
2019-11-05,11905.3,11912.4,11903.05,11908.1,12:00:00,11929.410592119524,1,34
2019-11-05,11900.1,11905.7,11896.25,11905.45,12:05:00,11926.61910715576,1,35
2019-11-05,11895.7,11900.25,11887.75,11900.15,12:10:00,11923.674430283783,1,36
2019-11-05,11904.65,11905.1,11894.1,11896.35,12:15:00,11921.862579780563,1,37
2019-11-05,11902.6,11908.15,11902.35,11904.35,12:20:00,11920.028048372891,1,38
2019-11-05,11908.85,11910.05,11899.9,11903.2,12:25:00,11918.963472337378,1,39
2019-11-05,11904.0,11909.05,11902.2,11909.05,12:30:00,11917.53837973382,1,40
2019-11-05,11894.85,11903.9,11894.2,11903.9,12:35:00,11915.377581663934,1,41
2019-11-05,11891.1,11895.05,11891.05,11894.5,12:40:00,11913.065431029274,1,42
2019-11-05,11883.65,11891.55,11882.85,11891.3,12:45:00,11910.263961407438,1,43
2019-11-05,11888.0,11890.6,11878.75,11883.85,12:50:00,11908.14358413054,1,44
2019-11-05,11889.4,11893.1,11887.75,11888.05,12:55:00,11906.358480880011,1,45
2019-11-05,11885.1,11891.3,11882.35,11889.35,13:00:00,11904.333863653344,1,46
2019-11-05,11882.65,11890.95,11881.75,11885.75,13:05:00,11902.268733781597,1,47
2019-11-05,11875.2,11883.5,11871.65,11882.45,13:10:00,11899.690759135729,1,48
2019-11-05,11876.55,11876.95,11861.9,11874.95,13:15:00,11897.486877313278,1,49
2019-11-05,11875.55,11881.05,11875.35,11877.55,13:20:00,11895.39765090249,1,50
2019-11-05,11874.2,11876.75,11871.1,11874.85,13:25:00,11893.378827007014,1,51
2019-11-05,11888.15,11890.75,11874.0,11874.0,13:30:00,11892.880843482537,1,52
2019-11-05,11893.3,11900.55,11888.1,11888.45,13:35:00,11892.920763150863,1,53
2019-11-05,11895.95,11901.1,11888.3,11893.15,13:40:00,11893.209261898402,1,54
2019-11-05,11892.0,11900.3,11890.3,11896.2,13:45:00,11893.094094098553,1,55
2019-11-05,11884.65,11893.1,11882.6,11891.95,13:50:00,11892.289894660596,1,56
2019-11-05,11898.4,11900.7,11884.05,11884.05,13:55:00,11892.871809454824,1,57
2019-11-05,11895.5,11899.8,11893.45,11898.45,14:00:00,11893.122113316267,1,58
2019-11-05,11889.15,11899.2,11888.35,11895.35,14:05:00,11892.743816809956,1,59
2019-11-05,11908.75,11911.55,11888.85,11889.25,14:10:00,11894.268215209007,1,60
2019-11-05,11905.2,11909.75,11904.45,11908.4,14:15:00,11895.309337570056,1,61
2019-11-05,11899.4,11907.65,11898.95,11906.1,14:20:00,11895.698924468144,1,62
2019-11-05,11896.0,11900.85,11894.9,11900.1,14:25:00,11895.727598328322,1,63
2019-11-05,11908.95,11910.5,11895.55,11895.95,14:30:00,11896.986874678005,1,64
2019-11-05,11911.0,11911.25,11903.15,11909.4,14:35:00,11898.321458042004,1,65
2019-11-05,11911.85,11923.95,11911.25,11911.45,14:40:00,11899.609890609434,1,66
2019-11-05,11905.85,11912.8,11903.2,11911.6,14:45:00,11900.204186741868,1,67
2019-11-05,11897.35,11907.45,11896.35,11905.75,14:50:00,11899.93235943312,1,68
2019-11-05,11900.8,11904.95,11897.05,11897.6,14:55:00,11900.01499186806,1,69
2019-11-05,11912.9,11915.0,11901.1,11901.15,15:00:00,11901.242135499671,1,70
2019-11-05,11913.3,11922.3,11912.95,11913.0,15:05:00,11902.390503547324,1,71
2019-11-05,11918.6,11919.8,11909.8,11912.75,15:10:00,11903.934265114243,1,72
2019-11-05,11921.4,11922.55,11912.65,11918.4,15:15:00,11905.597668436698,1,73
2019-11-05,11921.65,11923.0,11915.5,11921.2,15:20:00,11907.126461918917,1,74
2019-11-05,11918.6,11925.9,11917.95,11920.9,15:25:00,11908.219179831402,1,75
2019-11-06,11880.4,11907.2,11878.55,11907.2,09:15:00,11905.569734133174,2,1
2019-11-06,11890.95,11894.2,11881.0,11881.0,09:20:00,11904.177378501445,2,2
2019-11-06,11893.1,11898.05,11884.55,11891.45,09:25:00,11903.122390072736,2,3
2019-11-06,11882.35,11897.3,11882.05,11893.05,09:30:00,11901.144067208665,2,4
2019-11-06,11882.9,11885.1,11875.35,11882.05,09:35:00,11899.406536998316,2,5
2019-11-06,11868.95,11885.55,11868.0,11882.8,09:40:00,11896.505914427047,2,6
2019-11-06,11868.1,11871.7,11865.55,11869.55,09:45:00,11893.80058924352,2,7
2019-11-06,11860.45,11867.85,11857.9,11867.55,09:50:00,11890.624342648898,2,8
2019-11-06,11871.85,11875.0,11859.35,11860.05,09:55:00,11888.83631001567,2,9
2019-11-06,11866.15,11873.0,11864.95,11872.3,10:00:00,11886.675709061796,2,10
2019-11-06,11862.15,11872.95,11862.15,11866.05,10:05:00,11884.339927246388,2,11
2019-11-06,11862.5,11863.05,11854.95,11862.2,10:10:00,11882.259934175305,2,12
2019-11-06,11868.65,11873.05,11862.3,11862.3,10:15:00,11880.963749968132,2,13
2019-11-06,11864.9,11868.45,11862.25,11868.25,10:20:00,11879.433869018789,2,14
2019-11-06,11870.15,11872.5,11864.45,11864.85,10:25:00,11878.549691017,2,15
2019-11-06,11869.25,11874.25,11868.55,11870.05,10:30:00,11877.664006158237,2,16
2019-11-06,11866.15,11872.95,11865.65,11869.0,10:35:00,11876.567434143166,2,17
2019-11-06,11866.7,11867.7,11861.6,11866.75,10:40:00,11875.627678510484,2,18
2019-11-06,11859.75,11867.25,11856.65,11866.4,10:45:00,11874.115518652345,2,19
2019-11-06,11854.5,11860.1,11850.25,11859.55,10:50:00,11872.247374018789,2,20
2019-11-06,11863.75,11864.35,11853.1,11854.2,10:55:00,11871.438100302712,2,21
2019-11-06,11867.35,11872.1,11863.0,11863.45,11:00:00,11871.04875741674,2,22
2019-11-06,11869.5,11872.55,11865.8,11867.45,11:05:00,11870.901256710384,2,23
2019-11-06,11865.65,11870.05,11863.8,11869.4,11:10:00,11870.40113702368,2,24
2019-11-06,11869.55,11874.7,11865.45,11865.85,11:15:00,11870.320076354756,2,25
2019-11-06,11883.4,11884.8,11869.45,11869.8,11:20:00,11871.565783368593,2,26
2019-11-06,11879.9,11887.1,11878.85,11883.75,11:25:00,11872.359518285868,2,27
2019-11-06,11889.05,11889.45,11879.25,11879.8,11:30:00,11873.949087972927,2,28
2019-11-06,11915.95,11915.95,11889.05,11889.35,11:35:00,11877.949174832647,2,29
2019-11-06,11945.1,11950.15,11916.05,11916.05,11:40:00,11884.344491515254,2,30
2019-11-06,11937.55,11945.25,11932.55,11944.65,11:45:00,11889.411682799517,2,31
2019-11-06,11930.65,11941.55,11930.65,11937.5,11:50:00,11893.339141580513,2,32
2019-11-06,11933.55,11935.2,11926.9,11930.9,11:55:00,11897.168747144273,2,33
2019-11-06,11968.85,11970.6,11933.65,11933.65,12:00:00,11903.995533130532,2,34
2019-11-06,11960.9,11974.5,11960.9,11969.85,12:05:00,11909.41500616572,2,35
2019-11-06,11959.9,11963.2,11956.85,11961.15,12:10:00,11914.223100816604,2,36
2019-11-06,11967.15,11967.55,11957.6,11960.05,12:15:00,11919.26375788169,2,37
2019-11-06,11964.3,11972.8,11964.3,11967.65,12:20:00,11923.55292379772,2,38
2019-11-06,11965.6,11965.6,11957.4,11964.7,12:25:00,11927.557407245558,2,39
2019-11-06,11960.75,11969.45,11959.35,11965.7,12:30:00,11930.718606555503,2,40
2019-11-06,11952.2,11961.05,11947.5,11960.6,12:35:00,11932.76445355022,2,41
2019-11-06,11951.35,11953.45,11943.9,11951.15,12:40:00,11934.534505593056,2,42
2019-11-06,11959.0,11962.45,11948.9,11951.65,12:45:00,11936.864552679432,2,43
2019-11-06,11964.5,11965.15,11958.15,11958.65,12:50:00,11939.496500043297,2,44
2019-11-06,11960.1,11966.0,11959.05,11964.4,12:55:00,11941.45873813441,2,45
2019-11-06,11965.2,11966.05,11957.95,11960.35,13:00:00,11943.719810693035,2,46
2019-11-06,11967.5,11967.5,11956.0,11965.05,13:05:00,11945.984590627031,2,47
2019-11-06,11963.9,11969.15,11963.7,11968.0,13:10:00,11947.690820091124,2,48
2019-11-06,11965.95,11967.65,11961.5,11964.0,13:15:00,11949.429789606254,2,49
2019-11-06,11966.2,11969.35,11963.7,11966.0,13:20:00,11951.026952500895,2,50
2019-11-06,11968.65,11968.85,11962.7,11966.0,13:25:00,11952.705337977002,2,51
2019-11-06,11984.55,11986.9,11967.95,11968.25,13:30:00,11955.738162931571,2,52
2019-11-06,11981.45,11989.25,11980.25,11984.65,13:35:00,11958.186909319043,2,53
2019-11-06,11986.55,11989.8,11980.8,11981.5,13:40:00,11960.888156050562,2,54
2019-11-06,11983.0,11989.95,11979.25,11986.3,13:45:00,11962.994045950509,2,55
2019-11-06,11982.0,11983.5,11976.95,11983.1,13:50:00,11964.804136812363,2,56
2019-11-06,11982.65,11984.6,11977.5,11982.1,13:55:00,11966.503742830237,2,57
2019-11-06,11992.95,11996.4,11981.35,11982.55,14:00:00,11969.02243398926,2,58
2019-11-06,11998.55,12000.75,11990.6,11993.55,14:05:00,11971.83458313314,2,59
2019-11-06,11987.8,12002.75,11986.3,11998.7,14:10:00,11973.355099025222,2,60
2019-11-06,11995.25,11995.75,11985.8,11987.65,14:15:00,11975.440327689486,2,61
2019-11-06,11998.85,12001.6,11994.55,11995.1,14:20:00,11977.669820290488,2,62
2019-11-06,11992.0,12002.9,11989.45,11999.4,14:25:00,11979.034599310442,2,63
2019-11-06,11999.45,12000.2,11990.1,11991.75,14:30:00,11980.978923185638,2,64
2019-11-06,11994.15,11999.3,11991.85,11999.3,14:35:00,11982.233311453672,2,65
2019-11-06,11990.4,11995.45,11984.35,11993.6,14:40:00,11983.011091315228,2,66
2019-11-06,11984.15,11991.6,11981.9,11990.2,14:45:00,11983.119558809016,2,67
2019-11-06,11991.0,11995.3,11984.35,11984.35,14:50:00,11983.870077017682,2,68
2019-11-06,11989.8,11992.1,11986.2,11990.9,14:55:00,11984.434831587429,2,69
2019-11-06,11973.1,11989.65,11971.95,11988.45,15:00:00,11983.355323817195,2,70
2019-11-06,11964.95,11973.4,11961.65,11972.9,15:05:00,11981.602435834606,2,71
2019-11-06,11965.3,11970.15,11960.85,11964.8,15:10:00,11980.049822897976,2,72
2019-11-06,11962.55,11969.15,11961.85,11965.5,15:15:00,11978.383173098167,2,73
2019-11-06,11962.5,11962.5,11956.7,11961.4,15:20:00,11976.87048994596,2,74
2019-11-06,11960.25,11962.85,11957.2,11962.05,15:25:00,11975.287586141583,2,75
2019-11-07,12010.2,12014.5,11995.85,12011.15,09:15:00,11978.612577937623,3,1
2019-11-07,12010.9,12019.55,12005.15,12008.6,09:20:00,11981.687570514994,3,2
2019-11-07,12007.15,12010.1,11994.25,12010.1,09:25:00,11984.11256379928,3,3
2019-11-07,12016.3,12019.0,12004.9,12006.9,09:30:00,11987.178033913631,3,4
2019-11-07,12015.3,12020.15,12011.95,12016.45,09:35:00,11989.85631639805,3,5
2019-11-07,12012.55,12017.3,12008.6,12014.75,09:40:00,11992.017619598237,3,6
2019-11-07,11995.0,12013.9,11995.0,12012.65,09:45:00,11992.301655826974,3,7
2019-11-07,11997.05,12002.75,11987.9,11993.3,09:50:00,11992.753879081549,3,8
2019-11-07,11990.35,12001.6,11983.75,11996.75,09:55:00,11992.52493821664,3,9
2019-11-07,11998.0,12001.25,11983.6,11990.45,10:00:00,11993.046372672196,3,10
2019-11-07,11987.1,11999.4,11984.55,11998.25,10:05:00,11992.480051465322,3,11
2019-11-07,11982.45,11992.7,11979.7,11987.15,10:10:00,11991.524808468625,3,12
2019-11-07,11964.35,11982.5,11960.75,11982.35,10:15:00,11988.936731471613,3,13
2019-11-07,11970.4,11976.1,11963.65,11964.45,10:20:00,11987.171328474316,3,14
2019-11-07,11984.0,11986.55,11967.9,11970.1,10:25:00,11986.86929719105,3,15
2019-11-07,11984.05,11989.1,11981.8,11983.2,10:30:00,11986.600792696663,3,16
2019-11-07,11984.6,11987.0,11978.25,11983.35,10:35:00,11986.410241011268,3,17
2019-11-07,11983.0,11987.3,11978.4,11985.35,10:40:00,11986.085456153052,3,18
2019-11-07,11975.45,11983.75,11971.75,11982.45,10:45:00,11985.072555567049,3,19
2019-11-07,11979.7,11982.1,11973.45,11975.7,10:50:00,11984.56088360828,3,20
2019-11-07,11987.3,11987.65,11978.85,11980.1,10:55:00,11984.821751836062,3,21
2019-11-07,11979.95,11989.95,11978.3,11987.15,11:00:00,11984.357775470724,3,22
2019-11-07,11976.1,11983.65,11974.45,11980.45,11:05:00,11983.571320663988,3,23
2019-11-07,11981.35,11984.9,11976.1,11976.15,11:10:00,11983.359766315038,3,24
2019-11-07,11972.95,11982.1,11966.55,11981.55,11:15:00,11982.36835999932,3,25
2019-11-07,11977.45,11980.1,11971.2,11973.05,11:20:00,11981.89994476129,3,26
2019-11-07,11979.6,11980.05,11977.1,11977.65,11:25:00,11981.680902403072,3,27
2019-11-07,11981.0,11985.75,11978.5,11979.5,11:30:00,11981.61605455516,3,28
2019-11-07,11980.65,11982.85,11977.2,11980.85,11:35:00,11981.52404935943,3,29
2019-11-07,11974.05,11980.85,11973.5,11980.55,11:40:00,11980.812235134725,3,30
2019-11-07,11980.55,11982.1,11973.75,11973.75,11:45:00,11980.787260359988,3,31
2019-11-07,11975.15,11982.6,11975.1,11980.5,11:50:00,11980.250378420942,3,32
2019-11-07,11978.2,11978.3,11974.2,11974.75,11:55:00,11980.055104285611,3,33
2019-11-07,11971.5,11978.25,11969.05,11978.15,12:00:00,11979.240332448888,3,34
2019-11-07,11983.65,11986.15,11971.5,11971.65,12:05:00,11979.660300787087,3,35
2019-11-07,11982.75,11985.5,11980.55,11983.95,12:10:00,11979.954557854986,3,36
2019-11-07,11979.1,11982.8,11976.35,11982.7,12:15:00,11979.873171392606,3,37
2019-11-07,11978.0,11979.65,11975.65,11979.3,12:20:00,11979.69477411712,3,38
2019-11-07,11969.7,11978.05,11969.15,11978.05,12:25:00,11978.742890867872,3,39
2019-11-07,11964.95,11970.45,11952.0,11970.2,12:30:00,11977.429282213789,3,40
2019-11-07,11951.1,11965.25,11949.6,11964.55,12:35:00,11974.921731526762,3,41
2019-11-07,11951.2,11957.4,11946.85,11950.95,12:40:00,11972.662519000403,3,42
2019-11-07,11956.9,11956.9,11947.5,11951.5,12:45:00,11971.161326714651,3,43
2019-11-07,11984.15,11984.15,11957.25,11957.25,12:50:00,11972.398343218018,3,44
2019-11-07,12004.8,12007.4,11983.1,11985.15,12:55:00,11975.484215292494,3,45
2019-11-07,11998.85,12007.75,11994.45,12004.6,13:00:00,11977.70952812178,3,46
2019-11-07,11991.9,12005.3,11991.6,11999.4,13:05:00,11979.061001633992,3,47
2019-11-07,11991.75,11998.95,11990.65,11991.8,13:10:00,11980.269477668851,3,48
2019-11-07,11994.15,12002.7,11991.5,11991.65,13:15:00,11981.59143217658,3,49
2019-11-07,11989.75,11997.85,11988.4,11993.45,13:20:00,11982.368438635953,3,50
2019-11-07,11991.6,11994.5,11984.25,11988.85,13:25:00,11983.247634956337,3,51
2019-11-07,11997.85,11999.25,11990.75,11990.95,13:30:00,11984.638336389064,3,52
2019-11-07,11996.5,11998.15,11989.75,11997.0,13:35:00,11985.768018637726,3,53
2019-11-07,11998.95,12004.35,11995.95,11996.7,13:40:00,11987.023445434132,3,54
2019-11-07,11993.55,12001.5,11992.25,11999.05,13:45:00,11987.645022059454,3,55
2019-11-07,11991.85,11994.1,11987.65,11992.6,13:50:00,11988.04549614903,3,56
2019-11-07,11999.3,11999.3,11986.45,11991.3,13:55:00,11989.117353658648,3,57
2019-11-07,12010.45,12014.9,11998.6,11998.6,14:00:00,11991.149034262586,3,58
2019-11-07,12003.3,12011.55,11999.1,12009.8,14:05:00,11992.30626909472,3,59
2019-11-07,12005.7,12010.4,12003.25,12003.25,14:10:00,11993.58186251427,3,60
2019-11-07,12004.95,12009.55,12001.8,12005.1,14:15:00,11994.664542274815,3,61
2019-11-07,12000.25,12007.05,11995.3,12004.4,14:20:00,11995.196490629594,3,62
2019-11-07,12007.85,12010.3,11998.7,11999.75,14:25:00,11996.40158676011,3,63
2019-11-07,12004.95,12012.5,12003.65,12007.4,14:30:00,11997.215721354389,3,64
2019-11-07,11993.7,12004.95,11983.95,12004.5,14:35:00,11996.880890749208,3,65
2019-11-07,11997.2,11998.5,11987.35,11993.4,14:40:00,11996.911282106426,3,66
2019-11-07,11996.05,11999.85,11991.55,11996.2,14:45:00,11996.829255239149,3,67
2019-11-07,11998.45,12002.0,11993.7,11995.35,14:50:00,11996.98361188304,3,68
2019-11-07,12001.05,12005.8,11993.25,11998.25,14:55:00,11997.3708869418,3,69
2019-11-07,12013.05,12014.55,12000.3,12000.75,15:00:00,11998.864135804484,3,70
2019-11-07,12007.8,12016.75,12006.55,12012.55,15:05:00,11999.715170489771,3,71
2019-11-07,12013.0,12016.15,12006.05,12007.5,15:10:00,12000.980392347888,3,72
2019-11-07,12012.9,12014.55,12009.4,12012.4,15:15:00,12002.115593076662,3,73
2019-11-07,12017.8,12018.0,12011.7,12012.75,15:20:00,12003.609346116978,3,74
2019-11-07,12016.1,12019.9,12014.05,12017.35,15:25:00,12004.798932201076,3,75
2019-11-08,11972.4,11983.5,11966.5,11983.5,09:15:00,12001.7133196105,4,1
2019-11-08,11982.65,11984.35,11969.55,11972.5,09:20:00,11999.89776536188,4,2
2019-11-08,11987.25,11991.55,11979.95,11982.7,09:25:00,11998.693216279797,4,3
2019-11-08,11983.55,11992.15,11981.65,11987.5,09:30:00,11997.25100520553,4,4
2019-11-08,11977.0,11985.5,11973.6,11983.5,09:35:00,11995.322338043095,4,5
2019-11-08,11985.05,11987.0,11976.5,11977.15,09:40:00,11994.344020134233,4,6
2019-11-08,11979.4,11986.25,11976.65,11985.0,09:45:00,11992.920780121449,4,7
2019-11-08,11988.7,11990.25,11974.85,11977.75,09:50:00,11992.51880106226,4,8
2019-11-08,11986.0,11988.8,11984.6,11988.6,09:55:00,11991.897962865854,4,9
2019-11-08,11992.25,11994.55,11980.65,11985.95,10:00:00,11991.931490211964,4,10
2019-11-08,11989.6,11996.55,11987.85,11992.5,10:05:00,11991.709443525113,4,11
2019-11-08,11985.6,11991.1,11983.9,11989.15,10:10:00,11991.127591760816,4,12
2019-11-08,11993.6,11996.3,11985.9,11986.05,10:15:00,11991.363059212166,4,13
2019-11-08,11984.15,11994.3,11982.15,11993.5,10:20:00,11990.67610119196,4,14
2019-11-08,11980.3,11985.5,11978.05,11985.5,10:25:00,11989.68790107844,4,15
2019-11-08,11966.65,11981.45,11964.55,11980.0,10:30:00,11987.493815261449,4,16
2019-11-08,11957.15,11966.3,11948.5,11966.3,10:35:00,11984.60392809369,4,17
2019-11-08,11959.95,11961.1,11951.35,11956.55,10:40:00,11982.255934941908,4,18
2019-11-08,11959.85,11961.05,11955.2,11959.85,10:45:00,11980.122036376011,4,19
2019-11-08,11963.3,11965.5,11959.7,11959.95,10:50:00,11978.519937673536,4,20
2019-11-08,11960.3,11962.95,11959.2,11962.9,10:55:00,11976.78470551415,4,21
2019-11-08,11967.4,11968.6,11958.0,11961.15,11:00:00,11975.890924036612,4,22
2019-11-08,11965.45,11967.6,11963.85,11967.3,11:05:00,11974.89655031884,4,23
2019-11-08,11956.95,11965.35,11956.4,11965.35,11:10:00,11973.18735505038,4,24
2019-11-08,11963.45,11965.75,11957.1,11957.1,11:15:00,11972.259987902726,4,25
2019-11-08,11959.9,11965.05,11957.95,11963.0,11:20:00,11971.082846197703,4,26
2019-11-08,11958.45,11963.5,11955.65,11960.15,11:25:00,11969.8797179884,4,27
2019-11-08,11963.15,11964.8,11957.2,11958.55,11:30:00,11969.238792465694,4,28
2019-11-08,11967.95,11969.6,11960.75,11962.85,11:35:00,11969.116050326104,4,29
2019-11-08,11963.1,11967.95,11962.05,11967.45,11:40:00,11968.543093152191,4,30
2019-11-08,11960.3,11964.65,11959.4,11962.85,11:45:00,11967.758036661508,4,31
2019-11-08,11962.5,11963.85,11959.5,11961.25,11:50:00,11967.257271265173,4,32
2019-11-08,11961.1,11963.35,11959.05,11962.4,11:55:00,11966.670864478014,4,33
2019-11-08,11978.95,11980.95,11960.3,11961.15,12:00:00,11967.8403059563,4,34
2019-11-08,11977.4,11981.1,11976.45,11979.3,12:05:00,11968.75075300808,4,35
2019-11-08,11983.65,11994.0,11976.95,11977.8,12:10:00,11970.169728912071,4,36
2019-11-08,11985.55,11988.35,11982.8,11983.2,12:15:00,11971.634516634733,4,37
2019-11-08,11993.4,11998.45,11985.45,11986.3,12:20:00,11973.707419812376,4,38
2019-11-08,11996.0,11996.45,11987.15,11992.9,12:25:00,11975.830522687387,4,39
2019-11-08,11996.65,11998.8,11992.9,11996.45,12:30:00,11977.813330050492,4,40
2019-11-08,11990.95,11997.45,11987.55,11996.35,12:35:00,11979.064441474256,4,41
2019-11-08,12002.5,12005.5,11989.55,11991.05,12:40:00,11981.296399429088,4,42
2019-11-08,12007.45,12009.4,11999.35,12002.65,12:45:00,11983.78721853108,4,43
2019-11-08,12000.4,12012.2,11999.8,12007.75,12:50:00,11985.369388194787,4,44
2019-11-08,12001.2,12002.15,11995.85,12000.1,12:55:00,11986.87706550957,4,45
2019-11-08,12027.25,12030.8,12001.15,12001.35,13:00:00,11990.722106889612,4,46
2019-11-08,12019.8,12032.1,12018.9,12027.55,13:05:00,11993.491430042985,4,47
2019-11-08,12023.8,12027.05,12019.75,12020.4,13:10:00,11996.37796051508,4,48
2019-11-08,12027.3,12029.55,12020.1,12023.4,13:15:00,11999.322916656502,4,49
2019-11-08,12028.6,12034.15,12026.75,12027.55,13:20:00,12002.111210308263,4,50
2019-11-08,12015.0,12030.75,12013.75,12028.55,13:25:00,12003.338714088428,4,51
2019-11-08,11982.55,12015.45,11975.4,12014.65,13:30:00,12001.358836556195,4,52
2019-11-08,11962.5,11985.7,11959.3,11981.95,13:35:00,11997.657994979414,4,53
2019-11-08,11973.4,11978.75,11961.1,11961.9,13:40:00,11995.34770974328,4,54
2019-11-08,11980.95,11983.05,11964.5,11972.15,13:45:00,11993.97649929154,4,55
2019-11-08,11981.85,11984.0,11975.95,11980.65,13:50:00,11992.821594597106,4,56
2019-11-08,11983.05,11988.35,11981.3,11982.15,13:55:00,11991.89096654024,4,57
2019-11-08,11988.4,11989.6,11981.6,11983.8,14:00:00,11991.558493536406,4,58
2019-11-08,11979.4,11988.75,11976.95,11988.75,14:05:00,11990.400541771034,4,59
2019-11-08,11978.45,11986.35,11976.7,11979.5,14:10:00,11989.262394935697,4,60
2019-11-08,11967.3,11980.05,11964.7,11978.3,14:15:00,11987.170738275154,4,61
2019-11-08,11966.7,11970.45,11964.3,11966.6,14:20:00,11985.221144153713,4,62
2019-11-08,11964.6,11970.25,11961.55,11966.6,14:25:00,11983.25722566288,4,63
2019-11-08,11976.65,11986.75,11962.8,11965.15,14:30:00,11982.62796607594,4,64
2019-11-08,11963.45,11978.3,11960.85,11976.7,14:35:00,11980.801493116323,4,65
2019-11-08,11966.6,11972.4,11959.5,11963.55,14:40:00,11979.448969962388,4,66
2019-11-08,11964.2,11969.35,11959.3,11966.55,14:45:00,11977.996687108827,4,67
2019-11-08,11944.35,11966.45,11943.25,11965.0,14:50:00,11974.792240717514,4,68
2019-11-08,11931.95,11944.5,11928.4,11944.5,14:55:00,11970.712027315843,4,69
2019-11-08,11930.1,11939.35,11929.85,11930.6,15:00:00,11966.844215190527,4,70
2019-11-08,11924.05,11931.9,11912.3,11929.7,15:05:00,11962.768575648572,4,71
2019-11-08,11909.4,11925.5,11907.05,11923.85,15:10:00,11957.685854158231,4,72
2019-11-08,11895.25,11910.05,11888.75,11908.5,15:15:00,11951.739582333636,4,73
2019-11-08,11904.25,11904.25,11893.45,11893.45,15:20:00,11947.216764968529,4,74
2019-11-08,11905.7,11909.25,11903.1,11903.85,15:25:00,11943.262787352478,4,75
2019-11-11,11882.3,11888.8,11864.5,11876.1,09:15:00,11937.456807604623,0,1
2019-11-11,11898.2,11901.15,11878.65,11882.0,09:20:00,11933.71806402323,0,2
2019-11-11,11913.85,11920.3,11895.0,11897.2,09:25:00,11931.82586744959,0,3
2019-11-11,11887.7,11915.15,11886.75,11913.65,09:30:00,11927.623403882964,0,4
2019-11-11,11889.5,11894.55,11883.1,11888.05,09:35:00,11923.992603513158,0,5
2019-11-11,11904.7,11904.7,11880.6,11888.45,09:40:00,11922.15521270238,0,6
2019-11-11,11895.6,11905.8,11895.1,11905.8,09:45:00,11919.626144825965,0,7
2019-11-11,11904.8,11912.6,11895.5,11895.5,09:50:00,11918.214131033012,0,8
2019-11-11,11906.45,11907.8,11897.15,11905.25,09:55:00,11917.0937376013,0,9
2019-11-11,11908.85,11911.6,11901.4,11907.0,10:00:00,11916.308619734507,0,10
2019-11-11,11902.75,11908.5,11898.45,11908.5,10:05:00,11915.017322616935,0,11
2019-11-11,11908.05,11908.05,11900.35,11902.95,10:10:00,11914.35376808199,0,12
2019-11-11,11903.05,11909.05,11900.4,11908.2,10:15:00,11913.277218740848,0,13
2019-11-11,11897.65,11903.65,11893.5,11902.9,10:20:00,11911.7889121941,0,14
2019-11-11,11890.3,11899.7,11887.7,11897.5,10:25:00,11909.742349127995,0,15
2019-11-11,11896.1,11896.1,11881.0,11889.55,10:30:00,11908.443077782473,0,16
2019-11-11,11893.5,11897.25,11890.0,11895.0,10:35:00,11907.019927517476,0,17
2019-11-11,11884.35,11893.5,11883.75,11893.25,10:40:00,11904.860886801527,0,18
2019-11-11,11884.25,11889.2,11881.0,11884.05,10:45:00,11902.897945201385,0,19
2019-11-11,11887.5,11887.5,11879.2,11883.9,10:50:00,11901.431474229825,0,20
2019-11-11,11890.0,11895.2,11886.4,11887.4,10:55:00,11900.342762398412,0,21
2019-11-11,11891.7,11891.85,11886.7,11889.8,11:00:00,11899.519642169991,0,22
2019-11-11,11887.2,11893.65,11886.25,11891.45,11:05:00,11898.346342915707,0,23
2019-11-11,11888.45,11891.55,11884.2,11886.95,11:10:00,11897.403834066592,0,24
2019-11-11,11882.15,11888.2,11876.65,11888.0,11:15:00,11895.951087965012,0,25
2019-11-11,11880.45,11881.95,11878.05,11881.4,11:20:00,11894.474793873109,0,26
2019-11-11,11879.0,11880.45,11874.3,11880.25,11:25:00,11893.001003980433,0,27
2019-11-11,11893.95,11900.0,11877.75,11878.6,11:30:00,11893.091384553723,0,28
2019-11-11,11888.3,11893.95,11887.0,11893.75,11:35:00,11892.635062215277,0,29
2019-11-11,11881.3,11887.9,11881.05,11887.85,11:40:00,11891.555532480486,0,30
2019-11-11,11867.8,11880.85,11867.8,11880.0,11:45:00,11889.293100815676,0,31
2019-11-11,11868.55,11871.45,11860.75,11864.95,11:50:00,11887.317567404662,0,32
2019-11-11,11864.8,11868.65,11859.9,11867.9,11:55:00,11885.173037175646,0,33
2019-11-11,11858.35,11863.9,11853.95,11863.65,12:00:00,11882.618462206538,0,34
2019-11-11,11860.3,11862.3,11856.7,11858.45,12:05:00,11880.492894377345,0,35
2019-11-11,11864.6,11864.85,11858.7,11860.15,12:10:00,11878.979285389025,0,36
2019-11-11,11863.45,11872.1,11863.45,11864.8,12:15:00,11877.500305828164,0,37
2019-11-11,11865.05,11866.7,11858.15,11863.75,12:20:00,11876.31456241596,0,38
2019-11-11,11862.45,11867.35,11861.25,11864.75,12:25:00,11874.994127900152,0,39
2019-11-11,11865.35,11867.1,11861.95,11862.4,12:30:00,11874.075639528708,0,40
2019-11-11,11863.3,11869.95,11862.3,11865.1,12:35:00,11873.049388145022,0,41
2019-11-11,11859.85,11864.35,11856.4,11863.6,12:40:00,11871.79230355978,0,42
2019-11-11,11865.85,11867.65,11859.65,11860.05,12:45:00,11871.22636988742,0,43
2019-11-11,11870.6,11871.6,11865.4,11865.8,12:50:00,11871.166715612428,0,44
2019-11-11,11881.1,11886.0,11869.05,11870.25,12:55:00,11872.112742696958,0,45
2019-11-11,11876.25,11881.15,11872.0,11881.05,13:00:00,11872.506767202009,0,46
2019-11-11,11875.05,11879.2,11874.7,11876.5,13:05:00,11872.748979849435,0,47
2019-11-11,11871.25,11878.95,11869.75,11874.85,13:10:00,11872.606219863776,0,48
2019-11-11,11875.75,11877.55,11871.1,11871.2,13:15:00,11872.905627495798,0,49
2019-11-11,11869.5,11878.15,11868.85,11875.7,13:20:00,11872.581282020008,0,50
2019-11-11,11868.95,11869.9,11861.6,11869.15,13:25:00,11872.23544563715,0,51
2019-11-11,11876.9,11881.2,11869.55,11869.7,13:30:00,11872.679688909802,0,52
2019-11-11,11886.85,11890.4,11876.4,11876.85,13:35:00,11874.029242346964,0,53
2019-11-11,11889.85,11890.0,11881.85,11885.85,13:40:00,11875.535981171064,0,54
2019-11-11,11881.95,11897.1,11876.4,11889.15,13:45:00,11876.146840107154,0,55
2019-11-11,11885.3,11890.0,11880.2,11881.65,13:50:00,11877.018569620755,0,56
2019-11-11,11882.25,11888.45,11881.6,11885.25,13:55:00,11877.516801085449,0,57
2019-11-11,11890.9,11895.15,11882.05,11882.3,14:00:00,11878.791391458262,0,58
2019-11-11,11891.3,11894.5,11888.15,11890.65,14:05:00,11879.982687509855,0,59
2019-11-11,11885.75,11896.4,11885.75,11891.25,14:10:00,11880.53195536606,0,60
2019-11-11,11892.4,11897.0,11884.8,11884.85,14:15:00,11881.6622453312,0,61
2019-11-11,11890.2,11895.9,11887.8,11892.45,14:20:00,11882.475364823464,0,62
2019-11-11,11893.1,11894.35,11887.1,11890.15,14:25:00,11883.487234840277,0,63
2019-11-11,11878.7,11894.45,11869.6,11893.45,14:30:00,11883.03130771263,0,64
2019-11-11,11885.35,11889.3,11878.6,11878.6,14:35:00,11883.252135549525,0,65
2019-11-11,11882.9,11888.25,11880.05,11885.3,14:40:00,11883.21859883052,0,66
2019-11-11,11891.25,11894.75,11882.15,11882.15,14:45:00,11883.983494179996,0,67
2019-11-11,11889.65,11894.15,11887.9,11891.4,14:50:00,11884.523161400948,0,68
2019-11-11,11887.5,11893.3,11886.65,11889.9,14:55:00,11884.806669838952,0,69
2019-11-11,11889.3,11890.05,11884.1,11886.7,15:00:00,11885.234606044767,0,70
2019-11-11,11914.75,11917.3,11888.9,11888.95,15:05:00,11888.045595945268,0,71
2019-11-11,11919.05,11919.05,11909.7,11913.8,15:10:00,11890.998396331432,0,72
2019-11-11,11919.55,11932.65,11918.7,11919.75,15:15:00,11893.71759668082,0,73
2019-11-11,11913.2,11919.95,11911.5,11919.4,15:20:00,11895.5730636636,0,74
2019-11-11,11912.95,11915.85,11908.15,11913.55,15:25:00,11897.22800998135,0,75
2019-11-13,11922.65,11927.65,11895.45,11904.85,09:15:00,11899.649151887888,2,1
2019-11-13,11922.2,11925.1,11912.95,11922.05,09:20:00,11901.79685170809,2,2
2019-11-13,11924.1,11932.4,11922.5,11922.85,09:25:00,11903.920961069223,2,3
2019-11-13,11940.0,11940.9,11920.05,11924.9,09:30:00,11907.357060015012,2,4
2019-11-13,11936.85,11946.8,11934.1,11939.8,09:35:00,11910.165911442156,2,5
2019-11-13,11928.2,11938.65,11924.9,11937.05,09:40:00,11911.883443685758,2,6
2019-11-13,11917.2,11930.15,11912.2,11929.05,09:45:00,11912.389782382354,2,7
2019-11-13,11922.8,11925.6,11914.4,11916.95,09:50:00,11913.381231679272,2,8
2019-11-13,11927.55,11928.0,11917.1,11922.65,09:55:00,11914.730638186007,2,9
2019-11-13,11929.8,11933.1,11923.7,11927.7,10:00:00,11916.165815501628,2,10
2019-11-13,11920.2,11931.5,11918.7,11929.95,10:05:00,11916.55002354909,2,11
2019-11-13,11926.25,11928.65,11914.6,11919.95,10:10:00,11917.473830830131,2,12
2019-11-13,11923.0,11930.45,11922.3,11926.5,10:15:00,11918.000132655832,2,13
2019-11-13,11926.1,11929.8,11922.3,11922.6,10:20:00,11918.771548593371,2,14
2019-11-13,11929.8,11934.6,11926.5,11926.5,10:25:00,11919.821877298766,2,15
2019-11-13,11918.4,11929.05,11915.1,11929.05,10:30:00,11919.68646041317,2,16
2019-11-13,11918.7,11922.45,11915.15,11918.9,10:35:00,11919.592511802392,2,17
2019-11-13,11922.05,11926.2,11915.9,11918.45,10:40:00,11919.826558297402,2,18
2019-11-13,11920.15,11923.1,11917.55,11922.25,10:45:00,11919.857362269078,2,19
2019-11-13,11905.95,11921.25,11905.0,11920.05,10:50:00,11918.532851576783,2,20
2019-11-13,11900.65,11905.8,11898.0,11905.8,10:55:00,11916.829722855186,2,21
2019-11-13,11907.5,11909.05,11898.05,11901.1,11:00:00,11915.941177821358,2,22
2019-11-13,11905.85,11907.85,11903.0,11907.15,11:05:00,11914.980113266944,2,23
2019-11-13,11908.15,11913.95,11905.7,11905.7,11:10:00,11914.32962628914,2,24
2019-11-13,11917.65,11921.9,11903.2,11908.05,11:15:00,11914.64585235684,2,25
2019-11-13,11913.25,11922.2,11911.85,11918.0,11:20:00,11914.51291403714,2,26
2019-11-13,11910.35,11913.4,11908.45,11913.4,11:25:00,11914.116446033604,2,27
2019-11-13,11908.15,11913.65,11906.75,11909.6,11:30:00,11913.548213078024,2,28
2019-11-13,11908.05,11915.9,11907.35,11908.5,11:35:00,11913.02457373726,2,29
2019-11-13,11907.55,11909.65,11906.4,11908.1,11:40:00,11912.503185762283,2,30
2019-11-13,11907.1,11909.0,11902.45,11907.7,11:45:00,11911.988596642066,2,31
2019-11-13,11908.35,11911.9,11905.75,11906.95,11:50:00,11911.642063628537,2,32
2019-11-13,11902.05,11908.35,11900.75,11908.05,11:55:00,11910.728533759151,2,33
2019-11-13,11898.75,11903.15,11894.35,11902.35,12:00:00,11909.587721020183,2,34
2019-11-13,11899.4,11903.0,11896.75,11898.3,12:05:00,11908.617461875405,2,35
2019-11-13,11892.95,11899.75,11890.4,11899.0,12:10:00,11907.125322649175,2,36
2019-11-13,11895.15,11900.4,11892.1,11892.8,12:15:00,11905.984815730206,2,37
2019-11-13,11896.3,11899.1,11894.7,11894.95,12:20:00,11905.062452327327,2,38
2019-11-13,11903.15,11906.25,11894.65,11896.35,12:25:00,11904.88031401044,2,39
2019-11-13,11909.55,11915.6,11902.45,11903.55,12:30:00,11905.325046009446,2,40
2019-11-13,11902.45,11910.9,11901.8,11909.2,12:35:00,11905.051232103786,2,41
2019-11-13,11905.0,11909.6,11901.9,11902.05,12:40:00,11905.046352855808,2,42
2019-11-13,11910.0,11910.7,11903.9,11904.75,12:45:00,11905.518128774302,2,43
2019-11-13,11900.4,11910.4,11899.35,11909.75,12:50:00,11905.030687938654,2,44
2019-11-13,11900.2,11903.85,11897.05,11900.15,12:55:00,11904.570622420686,2,45
2019-11-13,11899.1,11902.35,11895.95,11900.4,13:00:00,11904.049610761573,2,46
2019-11-13,11899.6,11901.45,11895.9,11899.25,13:05:00,11903.62583830809,2,47
2019-11-13,11899.9,11906.9,11899.25,11899.95,13:10:00,11903.27099656446,2,48
2019-11-13,11901.25,11902.4,11896.25,11899.85,13:15:00,11903.07852070118,2,49
2019-11-13,11892.45,11901.35,11891.0,11901.35,13:20:00,11902.0662806344,2,50
2019-11-13,11882.25,11892.6,11876.6,11892.6,13:25:00,11900.179015812077,2,51
2019-11-13,11886.25,11888.55,11878.45,11881.65,13:30:00,11898.852442877593,2,52
2019-11-13,11885.0,11888.2,11879.15,11886.4,13:35:00,11897.533162603537,2,53
2019-11-13,11894.15,11895.8,11883.45,11885.35,13:40:00,11897.210956641296,2,54
2019-11-13,11891.2,11895.65,11886.35,11893.55,13:45:00,11896.63848458022,2,55
2019-11-13,11886.5,11893.95,11886.3,11891.15,13:50:00,11895.672914620198,2,56
2019-11-13,11886.95,11887.05,11881.15,11886.9,13:55:00,11894.842160846849,2,57
2019-11-13,11896.05,11898.3,11886.45,11886.6,14:00:00,11894.957193147147,2,58
2019-11-13,11891.85,11899.85,11889.95,11896.45,14:05:00,11894.661269990276,2,59
2019-11-13,11890.1,11895.2,11889.4,11891.6,14:10:00,11894.226863324537,2,60
2019-11-13,11881.2,11889.85,11873.45,11889.85,14:15:00,11892.986209674578,2,61
2019-11-13,11882.1,11891.25,11877.15,11881.5,14:20:00,11891.94942780081,2,62
2019-11-13,11878.6,11883.9,11877.7,11882.45,14:25:00,11890.67805372454,2,63
2019-11-13,11867.95,11880.4,11860.55,11878.85,14:30:00,11888.513477179347,2,64
2019-11-13,11871.4,11875.65,11865.0,11867.75,14:35:00,11886.883622209883,2,65
2019-11-13,11854.9,11871.3,11853.05,11871.2,14:40:00,11883.8375629518,2,66
2019-11-13,11851.1,11856.95,11848.4,11854.0,14:45:00,11880.719699813531,2,67
2019-11-13,11835.15,11851.6,11832.7,11850.8,14:50:00,11876.37972840272,2,68
2019-11-13,11828.35,11834.5,11823.2,11834.5,14:55:00,11871.805468554843,2,69
2019-11-13,11854.1,11855.15,11829.15,11829.15,15:00:00,11870.119233454385,2,70
2019-11-13,11850.5,11855.55,11845.55,11853.85,15:05:00,11868.250735030157,2,71
2019-11-13,11841.8,11851.3,11834.4,11850.35,15:10:00,11865.731617408235,2,72
2019-11-13,11845.15,11846.1,11837.15,11842.1,15:15:00,11863.771463369358,2,73
2019-11-13,11836.65,11846.35,11832.8,11845.6,15:20:00,11861.18846685799,2,74
2019-11-13,11835.55,11840.7,11833.3,11836.5,15:25:00,11858.746708109613,2,75
2019-11-14,11848.9,11857.35,11830.4,11854.35,09:15:00,11857.808926384889,3,1
2019-11-14,11825.3,11849.35,11822.9,11849.35,09:20:00,11854.712838157757,3,2
2019-11-14,11815.2,11826.1,11809.55,11826.0,09:25:00,11850.94971071416,3,3
2019-11-14,11828.25,11831.4,11811.9,11815.0,09:30:00,11848.787833503287,3,4
2019-11-14,11813.45,11829.65,11813.15,11828.55,09:35:00,11845.422325550591,3,5
2019-11-14,11803.85,11815.05,11802.65,11813.0,09:40:00,11841.463056450537,3,6
2019-11-14,11815.9,11818.7,11803.65,11803.75,09:45:00,11839.028479645724,3,7
2019-11-14,11816.85,11817.35,11806.35,11816.2,09:50:00,11836.916243488988,3,8
2019-11-14,11811.4,11825.05,11809.85,11816.75,09:55:00,11834.486125061463,3,9
2019-11-14,11819.45,11820.95,11809.6,11811.25,10:00:00,11833.054113150847,3,10
2019-11-14,11826.0,11828.8,11818.6,11819.4,10:05:00,11832.382292850769,3,11
2019-11-14,11820.2,11832.85,11819.75,11826.35,10:10:00,11831.222074484029,3,12
2019-11-14,11817.7,11821.5,11814.9,11821.05,10:15:00,11829.9342578665,3,13
2019-11-14,11812.05,11818.25,11812.05,11817.45,10:20:00,11828.230995212549,3,14
2019-11-14,11822.75,11824.3,11812.65,11813.2,10:25:00,11827.708995668498,3,15
2019-11-14,11822.9,11827.55,11820.7,11822.8,10:30:00,11827.250996081022,3,16
2019-11-14,11824.5,11826.8,11821.9,11823.2,10:35:00,11826.988996454258,3,17
2019-11-14,11849.75,11856.15,11824.45,11824.8,10:40:00,11829.15671107766,3,18
2019-11-14,11848.95,11853.1,11842.75,11850.5,10:45:00,11831.041786213123,3,19
2019-11-14,11855.2,11855.2,11842.8,11849.7,10:50:00,11833.34256847854,3,20
2019-11-14,11855.7,11861.4,11852.65,11854.95,10:55:00,11835.47184767106,3,21
2019-11-14,11870.05,11871.2,11854.1,11855.85,11:00:00,11838.765005035722,3,22
2019-11-14,11885.0,11895.65,11870.35,11870.35,11:05:00,11843.168337889463,3,23
2019-11-14,11873.95,11887.4,11873.1,11885.3,11:10:00,11846.099924757134,3,24
2019-11-14,11871.95,11879.5,11871.4,11873.15,11:15:00,11848.561836685029,3,25
2019-11-14,11868.9,11871.85,11866.1,11871.55,11:20:00,11850.498804619789,3,26
2019-11-14,11871.35,11872.3,11865.55,11869.55,11:25:00,11852.484632751237,3,27
2019-11-14,11867.9,11875.55,11867.9,11872.45,11:30:00,11853.952762965404,3,28
2019-11-14,11864.45,11868.35,11863.35,11868.05,11:35:00,11854.952499825842,3,29
2019-11-14,11861.4,11867.8,11860.75,11864.55,11:40:00,11855.566547461476,3,30
2019-11-14,11864.0,11866.0,11856.65,11861.55,11:45:00,11856.369733417523,3,31
2019-11-14,11855.0,11864.85,11854.65,11864.35,11:50:00,11856.239282615856,3,32
2019-11-14,11850.7,11858.35,11849.45,11854.7,11:55:00,11855.711731890537,3,33
2019-11-14,11833.65,11850.9,11832.35,11850.5,12:00:00,11853.610614567628,3,34
2019-11-14,11822.2,11833.45,11821.65,11833.45,12:05:00,11850.619127465949,3,35
2019-11-14,11824.75,11831.1,11820.1,11821.85,12:10:00,11848.15540104062,3,36
2019-11-14,11823.0,11825.2,11814.95,11825.05,12:15:00,11845.75964856056,3,37
2019-11-14,11818.8,11823.25,11811.2,11823.05,12:20:00,11843.192062983366,3,38
2019-11-14,11819.75,11820.6,11811.6,11817.85,12:25:00,11840.959485556376,3,39
2019-11-14,11834.45,11837.15,11819.8,11819.8,12:30:00,11840.339534551007,3,40
2019-11-14,11828.2,11836.5,11823.7,11835.0,12:35:00,11839.183388403291,3,41
2019-11-14,11827.7,11835.95,11826.55,11828.75,12:40:00,11838.089732364884,3,42
2019-11-14,11824.05,11832.55,11822.35,11827.3,12:45:00,11836.7526149968,3,43
2019-11-14,11824.35,11825.0,11817.0,11821.85,12:50:00,11835.571413568534,3,44
2019-11-14,11830.35,11831.1,11823.5,11824.15,12:55:00,11835.074136085816,3,45
2019-11-14,11828.85,11833.85,11824.85,11830.3,13:00:00,11834.4813612205,3,46
2019-11-14,11828.9,11831.1,11822.7,11829.4,13:05:00,11833.949803009024,3,47
2019-11-14,11828.9,11830.85,11827.75,11829.0,13:10:00,11833.468869389118,3,48
2019-11-14,11829.1,11830.2,11822.85,11829.3,13:15:00,11833.052786590157,3,49
2019-11-14,11840.25,11845.9,11825.2,11829.0,13:20:00,11833.738235486331,3,50
2019-11-14,11833.75,11843.2,11833.65,11840.75,13:25:00,11833.739355916205,3,51
2019-11-14,11833.95,11836.8,11829.65,11833.1,13:30:00,11833.759417257515,3,52
2019-11-14,11842.25,11847.6,11832.6,11833.55,13:35:00,11834.568044185373,3,53
2019-11-14,11834.35,11842.0,11833.65,11842.0,13:40:00,11834.54727807248,3,54
2019-11-14,11837.3,11841.1,11831.7,11834.15,13:45:00,11834.809442065578,3,55
2019-11-14,11850.0,11851.05,11837.25,11837.5,13:50:00,11836.256161868856,3,56
2019-11-14,11845.2,11851.95,11841.55,11850.25,13:55:00,11837.107955976584,3,57
2019-11-14,11851.0,11858.8,11845.3,11845.3,14:00:00,11838.431007788337,3,58
2019-11-14,11855.05,11859.6,11848.95,11851.6,14:05:00,11840.013768951352,3,59
2019-11-14,11860.75,11865.3,11854.35,11854.95,14:10:00,11841.988648098844,3,60
2019-11-14,11845.45,11862.15,11844.5,11861.3,14:15:00,11842.318300660858,3,61
2019-11-14,11843.7,11850.1,11831.5,11845.55,14:20:00,11842.44989107411,3,62
2019-11-14,11845.25,11850.9,11838.45,11843.9,14:25:00,11842.71656811467,3,63
2019-11-14,11843.55,11849.15,11840.35,11845.15,14:30:00,11842.795942579942,3,64
2019-11-14,11850.3,11855.55,11840.0,11842.35,14:35:00,11843.510614715186,3,65
2019-11-14,11850.5,11853.9,11848.15,11850.2,14:40:00,11844.176270456595,3,66
2019-11-14,11860.15,11860.65,11847.05,11850.55,14:45:00,11845.69757803216,3,67
2019-11-14,11858.65,11860.75,11855.05,11860.1,14:50:00,11846.931142029096,3,68
2019-11-14,11875.35,11878.95,11858.6,11858.6,14:55:00,11849.637699931089,3,69
2019-11-14,11874.5,11883.6,11873.05,11876.15,15:00:00,11852.005538032889,3,70
2019-11-14,11876.6,11877.6,11862.55,11873.5,15:05:00,11854.347867744042,3,71
2019-11-14,11874.4,11879.85,11870.5,11876.35,15:10:00,11856.257594625562,3,72
2019-11-14,11872.2,11878.55,11870.7,11874.95,15:15:00,11857.775918946936,3,73
2019-11-14,11870.6,11873.7,11868.3,11871.35,15:20:00,11858.997259999607,3,74
2019-11-14,11870.45,11872.55,11862.35,11869.8,15:25:00,11860.087997142504,3,75
2019-11-15,11911.2,11918.5,11899.15,11899.15,09:15:00,11864.955806938457,4,1
2019-11-15,11928.55,11929.75,11911.4,11911.4,09:20:00,11871.01239675384,4,2
2019-11-15,11933.75,11937.55,11928.2,11928.2,09:25:00,11876.987406586808,4,3
2019-11-15,11922.6,11943.3,11922.6,11935.05,09:30:00,11881.33146310235,4,4
2019-11-15,11924.8,11926.35,11913.9,11923.2,09:35:00,11885.47132375927,4,5
2019-11-15,11926.8,11928.1,11918.7,11924.6,09:40:00,11889.407388163148,4,6
2019-11-15,11918.8,11929.0,11916.2,11927.0,09:45:00,11892.206684528564,4,7
2019-11-15,11916.55,11919.55,11910.0,11918.0,09:50:00,11894.525095525842,4,8
2019-11-15,11924.65,11924.65,11912.7,11916.95,09:55:00,11897.39413404719,4,9
2019-11-15,11926.05,11932.3,11924.5,11924.5,10:00:00,11900.123264137936,4,10
2019-11-15,11929.05,11930.25,11920.7,11926.6,10:05:00,11902.878191362895,4,11
2019-11-15,11930.95,11935.95,11923.9,11928.8,10:10:00,11905.55169694738,4,12
2019-11-15,11965.25,11966.4,11928.2,11931.15,10:15:00,11911.237249619058,4,13
2019-11-15,11956.35,11973.65,11953.55,11965.9,10:20:00,11915.533702036291,4,14
2019-11-15,11953.3,11963.0,11952.1,11956.2,10:25:00,11919.130492318547,4,15
2019-11-15,11953.25,11955.0,11944.1,11953.25,10:30:00,11922.379969240592,4,16
2019-11-15,11930.75,11958.2,11922.05,11953.5,10:35:00,11923.177115027202,4,17
2019-11-15,11933.15,11938.9,11912.15,11931.05,10:40:00,11924.12691359604,4,18
2019-11-15,11941.5,11946.95,11930.4,11932.75,10:45:00,11925.781493253558,4,19
2019-11-15,11936.05,11944.1,11930.2,11941.55,10:50:00,11926.759446277028,4,20
2019-11-15,11929.8,11937.05,11929.3,11936.4,10:55:00,11927.049022822071,4,21
2019-11-15,11916.1,11929.2,11911.9,11929.0,11:00:00,11926.00625874378,4,22
2019-11-15,11925.95,11926.3,11914.45,11915.8,11:05:00,11926.000900768184,4,23
2019-11-15,11930.1,11930.5,11923.5,11926.1,11:10:00,11926.391291171214,4,24
2019-11-15,11929.15,11937.5,11929.15,11930.0,11:15:00,11926.654025345384,4,25
2019-11-15,11930.6,11932.4,11922.95,11928.35,11:20:00,11927.029832455348,4,26
2019-11-15,11926.85,11932.3,11925.4,11930.55,11:25:00,11927.012705554838,4,27
2019-11-15,11923.55,11927.05,11919.6,11926.9,11:30:00,11926.682924073426,4,28
2019-11-15,11918.55,11923.85,11915.85,11923.6,11:35:00,11925.908359875955,4,29
2019-11-15,11926.25,11927.05,11914.35,11918.35,11:40:00,11925.940897030629,4,30
2019-11-15,11926.85,11927.65,11920.6,11926.1,11:45:00,11926.027478265809,4,31
2019-11-15,11927.25,11931.9,11925.15,11926.55,11:50:00,11926.143908907155,4,32
2019-11-15,11932.95,11934.75,11926.4,11927.75,11:55:00,11926.792108058857,4,33
2019-11-15,11930.5,11934.3,11930.35,11932.65,12:00:00,11927.14524062468,4,34
2019-11-15,11937.3,11938.2,11928.4,11930.8,12:05:00,11928.112360565186,4,35
2019-11-15,11931.65,11936.75,11931.65,11936.7,12:10:00,11928.449278606598,4,36
2019-11-15,11926.45,11932.1,11924.6,11931.85,12:15:00,11928.258871120255,4,37
2019-11-15,11930.9,11933.1,11924.8,11926.05,12:20:00,11928.51040720404,4,38
2019-11-15,11929.9,11932.8,11928.35,11930.65,12:25:00,11928.642749375083,4,39
2019-11-15,11933.7,11934.45,11927.75,11930.0,12:30:00,11929.124392291742,4,40
2019-11-15,11936.05,11939.2,11932.9,11933.25,12:35:00,11929.783973978245,4,41
2019-11-15,11929.85,11937.45,11928.4,11936.1,12:40:00,11929.79026217079,4,42
2019-11-15,11926.65,11931.1,11923.75,11929.7,12:45:00,11929.491189583096,4,43
2019-11-15,11925.45,11927.8,11924.2,11926.6,12:50:00,11929.106314384708,4,44
2019-11-15,11922.7,11926.05,11921.75,11925.55,12:55:00,11928.496189205212,4,45
2019-11-15,11932.4,11932.4,11919.25,11922.85,13:00:00,11928.867980709478,4,46
2019-11-15,11933.1,11937.1,11931.15,11932.25,13:05:00,11929.27103016572,4,47
2019-11-15,11934.7,11935.5,11932.35,11932.9,13:10:00,11929.78807491184,4,48
2019-11-15,11931.3,11935.25,11929.85,11934.9,13:15:00,11929.93206777738,4,49
2019-11-15,11926.85,11932.05,11925.15,11931.45,13:20:00,11929.638537512868,4,50
2019-11-15,11929.95,11931.75,11926.2,11926.45,13:25:00,11929.66820060688,4,51
2019-11-15,11928.85,11930.75,11925.85,11929.55,13:30:00,11929.59027673956,4,52
2019-11-15,11943.3,11944.95,11927.6,11928.8,13:35:00,11930.895964669127,4,53
2019-11-15,11942.5,11945.55,11939.6,11943.55,13:40:00,11932.001110891117,4,54
2019-11-15,11955.85,11956.05,11942.15,11942.7,13:45:00,11934.27243366339,4,55
2019-11-15,11952.45,11964.4,11950.95,11956.15,13:50:00,11936.003630457351,4,56
2019-11-15,11944.8,11954.6,11944.45,11952.95,13:55:00,11936.841379937605,4,57
2019-11-15,11948.3,11948.3,11941.95,11944.45,14:00:00,11937.932677086405,4,58
2019-11-15,11952.4,11952.6,11944.6,11948.35,14:05:00,11939.31051736389,4,59
2019-11-15,11953.25,11957.15,11951.45,11953.6,14:10:00,11940.638087138756,4,60
2019-11-15,11953.9,11960.6,11952.15,11953.85,14:15:00,11941.901126458875,4,61
2019-11-15,11943.95,11954.2,11943.7,11953.55,14:20:00,11942.096257272317,4,62
2019-11-15,11951.65,11957.4,11943.85,11943.85,14:25:00,11943.006137532097,4,63
2019-11-15,11951.45,11957.35,11951.45,11951.75,14:30:00,11943.810314909992,4,64
2019-11-15,11954.05,11955.8,11949.85,11952.0,14:35:00,11944.785523013805,4,65
2019-11-15,11943.7,11955.35,11934.65,11953.95,14:40:00,11944.682139869632,4,66
2019-11-15,11947.2,11949.8,11944.0,11944.4,14:45:00,11944.921936072526,4,67
2019-11-15,11939.85,11948.15,11938.75,11947.6,14:50:00,11944.438894541809,4,68
2019-11-15,11943.3,11945.3,11939.05,11939.75,14:55:00,11944.330428394973,4,69
2019-11-15,11913.3,11944.0,11909.95,11943.6,15:00:00,11941.375149500213,4,70
2019-11-15,11895.45,11921.25,11892.5,11913.2,15:05:00,11937.001325738289,4,71
2019-11-15,11890.3,11903.3,11890.2,11894.6,15:10:00,11932.553580429878,4,72
2019-11-15,11884.7,11892.2,11883.85,11891.2,15:15:00,11927.996096579413,4,73
2019-11-15,11884.25,11888.2,11879.25,11885.2,15:20:00,11923.829801667089,4,74
2019-11-15,11895.3,11895.3,11883.3,11883.95,15:25:00,11921.112677698797,4,75
2019-11-18,11928.7,11936.7,11912.95,11920.65,09:15:00,11921.83527982272,0,1
2019-11-18,11934.25,11946.2,11924.15,11924.65,09:20:00,11923.01763412532,0,2
2019-11-18,11921.15,11939.5,11920.5,11935.35,09:25:00,11922.839764208622,0,3
2019-11-18,11909.55,11923.15,11907.2,11921.05,09:30:00,11921.57407237923,0,4
2019-11-18,11901.6,11908.65,11890.15,11908.45,09:35:00,11919.671779771685,0,5
2019-11-18,11910.85,11911.3,11896.3,11900.8,09:40:00,11918.83161026962,0,6
2019-11-18,11907.95,11914.05,11905.2,11911.05,09:45:00,11917.795266434416,0,7
2019-11-18,11901.8,11908.6,11900.55,11908.1,09:50:00,11916.271907726376,0,8
2019-11-18,11889.5,11902.55,11889.5,11902.0,09:55:00,11913.722202228628,0,9
2019-11-18,11885.1,11895.4,11884.1,11889.5,10:00:00,11910.996278206852,0,10
2019-11-18,11894.4,11900.3,11884.5,11884.75,10:05:00,11909.415680282387,0,11
2019-11-18,11904.0,11905.7,11894.0,11894.15,10:10:00,11908.899901207877,0,12
2019-11-18,11889.8,11908.0,11885.75,11904.35,10:15:00,11907.080862997604,0,13
2019-11-18,11890.95,11893.1,11885.45,11889.6,10:20:00,11905.544590331168,0,14
2019-11-18,11896.95,11896.95,11890.0,11890.55,10:25:00,11904.726057918671,0,15
2019-11-18,11901.85,11902.9,11895.75,11897.15,10:30:00,11904.452147640704,0,16
2019-11-18,11897.65,11905.95,11896.85,11901.7,10:35:00,11903.804324055876,0,17
2019-11-18,11895.9,11899.7,11893.95,11898.45,10:40:00,11903.05153128865,0,18
2019-11-18,11902.1,11902.4,11896.25,11896.25,10:45:00,11902.96090926116,0,19
2019-11-18,11892.8,11902.3,11892.55,11902.25,10:50:00,11901.99320361724,0,20
2019-11-18,11896.4,11896.85,11887.7,11892.4,10:55:00,11901.460517558457,0,21
2019-11-18,11899.55,11902.9,11894.8,11896.55,11:00:00,11901.278563505268,0,22
2019-11-18,11900.75,11905.75,11898.75,11898.85,11:05:00,11901.228224123814,0,23
2019-11-18,11897.75,11901.4,11896.5,11900.6,11:10:00,11900.89696468345,0,24
2019-11-18,11901.5,11901.9,11897.65,11897.85,11:15:00,11900.95439661836,0,25
2019-11-18,11896.3,11902.2,11894.75,11901.25,11:20:00,11900.511120749949,0,26
2019-11-18,11885.65,11896.25,11885.05,11896.0,11:25:00,11899.09577591662,0,27
2019-11-18,11875.0,11886.8,11869.8,11885.95,11:30:00,11896.800940115038,0,28
2019-11-18,11875.85,11877.75,11873.7,11875.45,11:35:00,11894.805612485034,0,29
2019-11-18,11881.8,11884.25,11875.55,11875.6,11:40:00,11893.566982724557,0,30
2019-11-18,11882.85,11889.65,11880.8,11881.7,11:45:00,11892.546317703169,0,31
2019-11-18,11879.55,11885.3,11879.2,11883.05,11:50:00,11891.30857316001,0,32
2019-11-18,11873.4,11879.5,11870.35,11879.45,11:55:00,11889.602994763818,0,33
2019-11-18,11875.5,11877.65,11872.75,11873.65,12:00:00,11888.25985240536,0,34
2019-11-18,11875.1,11875.45,11870.1,11875.45,12:05:00,11887.00653312866,0,35
2019-11-18,11875.55,11880.6,11875.1,11875.2,12:10:00,11885.915434735452,0,36
2019-11-18,11882.15,11884.9,11874.9,11875.4,12:15:00,11885.556821903505,0,37
2019-11-18,11872.2,11882.85,11872.1,11882.25,12:20:00,11884.28474362698,0,38
2019-11-18,11869.9,11874.35,11867.6,11872.95,12:25:00,11882.91476804346,0,39
2019-11-18,11871.2,11876.35,11868.65,11869.6,12:30:00,11881.799075848843,0,40
2019-11-18,11876.55,11878.15,11869.2,11871.6,12:35:00,11881.29916386324,0,41
2019-11-18,11880.75,11881.35,11874.4,11876.2,12:40:00,11881.246862542932,0,42
2019-11-18,11890.75,11892.4,11878.0,11880.7,12:45:00,11882.15192325313,0,43
2019-11-18,11890.2,11903.15,11889.35,11890.8,12:50:00,11882.918406752831,0,44
2019-11-18,11888.65,11895.45,11886.15,11890.45,12:55:00,11883.464272776371,0,45
2019-11-18,11888.2,11893.6,11888.2,11888.3,13:00:00,11883.915294416718,0,46
2019-11-18,11890.85,11891.4,11884.2,11888.5,13:05:00,11884.575742567507,0,47
2019-11-18,11891.3,11894.3,11889.35,11890.75,13:10:00,11885.216148037269,0,48
2019-11-18,11889.75,11893.55,11888.85,11891.25,13:15:00,11885.64794346229,0,49
2019-11-18,11887.65,11891.65,11886.55,11889.55,13:20:00,11885.8386155135,0,50
2019-11-18,11883.75,11890.45,11882.0,11887.2,13:25:00,11885.63969975031,0,51
2019-11-18,11879.05,11883.8,11875.3,11883.5,13:30:00,11885.0121092979,0,52
2019-11-18,11888.1,11889.55,11877.2,11878.95,13:35:00,11885.306194126671,0,53
2019-11-18,11882.1,11888.85,11881.5,11888.55,13:40:00,11885.000842305086,0,54
2019-11-18,11878.25,11882.7,11877.1,11882.15,13:45:00,11884.357904942695,0,55
2019-11-18,11882.25,11884.35,11877.75,11878.65,13:50:00,11884.157152091013,0,56
2019-11-18,11881.8,11885.85,11880.05,11882.3,13:55:00,11883.932661415678,0,57
2019-11-18,11883.95,11888.5,11881.75,11883.45,14:00:00,11883.934312709422,0,58
2019-11-18,11880.95,11885.25,11880.95,11883.6,14:05:00,11883.650092451382,0,59
2019-11-18,11897.1,11898.05,11880.6,11881.2,14:10:00,11884.93103602744,0,60
2019-11-18,11893.4,11900.95,11890.8,11897.0,14:15:00,11885.737604024827,0,61
2019-11-18,11896.45,11897.15,11890.25,11892.3,14:20:00,11886.75783221294,0,62
2019-11-18,11887.4,11897.9,11887.4,11897.0,14:25:00,11886.818991049802,0,63
2019-11-18,11893.3,11894.4,11887.1,11887.75,14:30:00,11887.436229997442,0,64
2019-11-18,11902.95,11903.25,11891.9,11893.45,14:35:00,11888.913731902448,0,65
2019-11-18,11890.2,11903.4,11889.95,11903.4,14:40:00,11889.036233626024,0,66
2019-11-18,11885.4,11890.2,11878.05,11889.25,14:45:00,11888.689925661642,0,67
2019-11-18,11888.95,11890.5,11882.1,11884.95,14:50:00,11888.714694646247,0,68
2019-11-18,11883.15,11888.95,11883.0,11888.8,14:55:00,11888.184723727558,0,69
2019-11-18,11887.4,11894.2,11883.05,11883.3,15:00:00,11888.109988134456,0,70
2019-11-18,11881.45,11887.85,11881.4,11887.1,15:05:00,11887.475703550224,0,71
2019-11-18,11885.3,11886.7,11876.85,11881.65,15:10:00,11887.268493688296,0,72
2019-11-18,11884.3,11885.4,11877.9,11885.25,15:15:00,11886.985780003695,0,73
2019-11-18,11888.2,11888.55,11882.15,11883.85,15:20:00,11887.101420003346,0,74
2019-11-18,11894.25,11896.15,11887.9,11887.9,15:25:00,11887.782237145884,0,75
2019-11-19,11908.8,11925.7,11893.8,11917.15,09:15:00,11889.783928846276,1,1
2019-11-19,11906.6,11913.35,11903.25,11909.75,09:20:00,11891.385459432346,1,2
2019-11-19,11914.2,11915.4,11899.85,11906.95,09:25:00,11893.55827281974,1,3
2019-11-19,11908.3,11914.05,11905.1,11913.95,09:30:00,11894.962246836909,1,4
2019-11-19,11899.3,11910.15,11895.05,11908.1,09:35:00,11895.375366185775,1,5
2019-11-19,11899.1,11899.75,11891.25,11898.5,09:40:00,11895.7300932157,1,6
2019-11-19,11891.5,11899.05,11891.45,11899.05,09:45:00,11895.327227195156,1,7
2019-11-19,11888.95,11892.1,11881.75,11890.65,09:50:00,11894.71987222419,1,8
2019-11-19,11887.4,11892.2,11886.9,11888.85,09:55:00,11894.022741536171,1,9
2019-11-19,11892.7,11899.75,11886.9,11887.3,10:00:00,11893.896766151776,1,10
2019-11-19,11894.2,11898.7,11892.8,11893.0,10:05:00,11893.92564556589,1,11
2019-11-19,11896.05,11897.05,11893.45,11894.3,10:10:00,11894.127965035806,1,12
2019-11-19,11895.6,11896.35,11892.35,11896.1,10:15:00,11894.26815884192,1,13
2019-11-19,11899.7,11899.8,11895.2,11895.7,10:20:00,11894.785477047451,1,14
2019-11-19,11901.85,11904.3,11898.95,11899.3,10:25:00,11895.458288757218,1,15
2019-11-19,11907.4,11909.25,11900.1,11901.6,10:30:00,11896.595594589864,1,16
2019-11-19,11915.6,11916.85,11906.95,11906.95,10:35:00,11898.40553796226,1,17
2019-11-19,11921.95,11928.5,11914.45,11915.7,10:40:00,11900.647867680138,1,18
2019-11-19,11915.95,11922.7,11915.25,11921.85,10:45:00,11902.105213615365,1,19
2019-11-19,11914.35,11918.25,11913.0,11915.6,10:50:00,11903.271383747237,1,20
2019-11-19,11913.6,11915.95,11911.5,11914.3,10:55:00,11904.255061485594,1,21
2019-11-19,11916.8,11917.95,11911.5,11913.4,11:00:00,11905.449817534583,1,22
2019-11-19,11917.8,11919.1,11915.95,11917.0,11:05:00,11906.626025388432,1,23
2019-11-19,11910.9,11917.9,11909.75,11917.9,11:10:00,11907.033070589534,1,24
2019-11-19,11910.85,11911.35,11909.2,11911.0,11:15:00,11907.396587676243,1,25
2019-11-19,11915.4,11915.4,11909.85,11911.0,11:20:00,11908.158817421365,1,26
2019-11-19,11912.7,11919.25,11912.7,11915.5,11:25:00,11908.59131100028,1,27
2019-11-19,11923.85,11929.4,11914.05,11914.45,11:30:00,11910.044519476443,1,28
2019-11-19,11927.0,11934.5,11924.3,11924.3,11:35:00,11911.659327145357,1,29
2019-11-19,11923.0,11928.15,11921.85,11926.35,11:40:00,11912.739391226747,1,30
2019-11-19,11930.05,11930.7,11921.5,11923.25,11:45:00,11914.388020633723,1,31
2019-11-19,11932.25,11935.95,11929.95,11930.2,11:50:00,11916.08916152575,1,32
2019-11-19,11932.15,11932.8,11927.75,11931.85,11:55:00,11917.618765189964,1,33
2019-11-19,11933.75,11945.15,11931.75,11932.25,12:00:00,11919.15507326711,1,34
2019-11-19,11935.4,11936.7,11932.65,11933.55,12:05:00,11920.702209146431,1,35
2019-11-19,11931.05,11935.5,11927.2,11935.45,12:10:00,11921.687713037249,1,36
2019-11-19,11934.9,11937.45,11930.45,11930.9,12:15:00,11922.94602608132,1,37
2019-11-19,11934.8,11935.4,11930.75,11934.85,12:20:00,11924.074975978336,1,38
2019-11-19,11938.85,11940.45,11935.2,11935.45,12:25:00,11925.482121123256,1,39
2019-11-19,11937.2,11939.2,11933.8,11939.05,12:30:00,11926.598109587709,1,40
2019-11-19,11936.75,11937.8,11934.55,11937.1,12:35:00,11927.56495629364,1,41
2019-11-19,11936.85,11943.15,11936.2,11936.9,12:40:00,11928.449246170436,1,42
2019-11-19,11941.95,11943.25,11935.9,11936.2,12:45:00,11929.735032249442,1,43
2019-11-19,11921.1,11942.25,11916.95,11941.45,12:50:00,11928.912648225689,1,44
2019-11-19,11919.45,11924.3,11918.7,11921.35,12:55:00,11928.011443632764,1,45
2019-11-19,11927.0,11929.35,11916.35,11919.1,13:00:00,11927.915115667738,1,46
2019-11-19,11929.95,11932.3,11926.15,11926.9,13:05:00,11928.108914175573,1,47
2019-11-19,11933.1,11934.95,11928.9,11930.65,13:10:00,11928.58425568266,1,48
2019-11-19,11929.15,11934.25,11929.0,11932.8,13:15:00,11928.638136093836,1,49
2019-11-19,11926.25,11930.1,11925.75,11928.9,13:20:00,11928.410694561093,1,50
2019-11-19,11928.05,11930.2,11926.55,11926.6,13:25:00,11928.37634269813,1,51
2019-11-19,11923.4,11928.75,11919.55,11928.2,13:30:00,11927.902405298308,1,52
2019-11-19,11928.5,11931.7,11923.4,11923.7,13:35:00,11927.95931907942,1,53
2019-11-19,11926.45,11930.65,11925.0,11928.65,13:40:00,11927.815574405193,1,54
2019-11-19,11927.55,11931.45,11926.45,11927.35,13:45:00,11927.790281604695,1,55
2019-11-19,11930.2,11936.65,11924.7,11927.6,13:50:00,11928.019778594728,1,56
2019-11-19,11930.55,11932.45,11928.05,11930.6,13:55:00,11928.260752061897,1,57
2019-11-19,11928.25,11933.65,11925.65,11930.45,14:00:00,11928.259728056002,1,58
2019-11-19,11926.0,11929.95,11922.55,11927.8,14:05:00,11928.044515860194,1,59
2019-11-19,11923.05,11927.25,11920.05,11925.8,14:10:00,11927.568847683033,1,60
2019-11-19,11932.0,11933.9,11922.35,11923.25,14:15:00,11927.99086218941,1,61
2019-11-19,11929.05,11935.0,11929.05,11931.95,14:20:00,11928.091732457086,1,62
2019-11-19,11930.75,11934.45,11928.4,11929.45,14:25:00,11928.344900794506,1,63
2019-11-19,11929.4,11930.75,11924.05,11930.45,14:30:00,11928.445386433124,1,64
2019-11-19,11926.65,11931.1,11925.65,11929.15,14:35:00,11928.274397249015,1,65
2019-11-19,11920.25,11926.8,11916.9,11926.55,14:40:00,11927.510168939589,1,66
2019-11-19,11907.7,11921.55,11907.2,11920.15,14:45:00,11925.623486183436,1,67
2019-11-19,11902.35,11907.8,11899.95,11907.3,14:50:00,11923.406963689771,1,68
2019-11-19,11907.85,11912.5,11900.2,11902.9,14:55:00,11921.92534810027,1,69
2019-11-19,11929.65,11929.65,11908.7,11908.7,15:00:00,11922.661029233575,1,70
2019-11-19,11926.4,11932.65,11926.4,11929.75,15:05:00,11923.017121687522,1,71
2019-11-19,11935.3,11935.95,11923.7,11926.65,15:10:00,11924.186919622043,1,72
2019-11-19,11950.6,11951.75,11933.4,11935.6,15:15:00,11926.70245108661,1,73
2019-11-19,11956.1,11957.35,11950.95,11950.95,15:20:00,11929.50221764979,1,74
2019-11-19,11957.15,11958.85,11953.55,11956.15,15:25:00,11932.13533977838,1,75
2019-11-20,11990.95,12000.1,11966.05,12000.1,09:15:00,11937.736735989964,2,1
2019-11-20,11981.4,11995.9,11980.4,11989.15,09:20:00,11941.895142086158,2,2
2019-11-20,11984.6,11989.2,11978.75,11981.85,09:25:00,11945.962271411285,2,3
2019-11-20,11984.85,11989.6,11981.9,11983.25,09:30:00,11949.66586461021,2,4
2019-11-20,11982.05,11990.6,11980.4,11985.8,09:35:00,11952.750067980664,2,5
2019-11-20,11977.95,11986.05,11975.8,11982.45,09:40:00,11955.150061506316,2,6
2019-11-20,11984.55,11985.7,11975.85,11977.25,09:45:00,11957.950055648573,2,7
2019-11-20,11986.5,11988.55,11983.2,11984.4,09:50:00,11960.669097967757,2,8
2019-11-20,11999.15,12000.35,11985.45,11987.2,09:55:00,11964.33394578035,2,9
2019-11-20,12009.1,12016.25,11999.0,11999.0,10:00:00,11968.597379515557,2,10
2019-11-20,12008.85,12010.55,12005.4,12009.45,10:05:00,11972.430962418835,2,11
2019-11-20,12014.7,12015.1,12003.55,12008.35,10:10:00,11976.456585045617,2,12
2019-11-20,12017.35,12017.35,12011.65,12014.8,10:15:00,11980.351195993651,2,13
2019-11-20,12016.6,12021.4,12014.45,12017.7,10:20:00,11983.803463041872,2,14
2019-11-20,12016.25,12023.15,12015.55,12016.9,10:25:00,11986.893609418838,2,15
2019-11-20,12021.35,12022.75,12014.4,12016.4,10:30:00,11990.175170426568,2,16
2019-11-20,12023.9,12024.9,12020.6,12021.15,10:35:00,11993.38705895737,2,17
2019-11-20,12028.0,12031.7,12023.5,12023.5,10:40:00,11996.683529532858,2,18
2019-11-20,12026.7,12029.15,12025.3,12027.65,10:45:00,11999.54224100592,2,19
2019-11-20,12034.35,12035.55,12025.95,12026.85,10:50:00,12002.857265672024,2,20
2019-11-20,12027.15,12038.55,12027.15,12034.65,10:55:00,12005.170859417543,2,21
2019-11-20,12025.0,12031.05,12024.1,12027.65,11:00:00,12007.059348996823,2,22
2019-11-20,12019.1,12025.15,12016.05,12025.15,11:05:00,12008.206077663794,2,23
2019-11-20,12017.8,12020.75,12017.05,12018.85,11:10:00,12009.119784552957,2,24
2019-11-20,12019.35,12021.95,12015.45,12017.45,11:15:00,12010.094090786008,2,25
2019-11-20,12014.3,12020.45,12013.6,12019.6,11:20:00,12010.494653568294,2,26
2019-11-20,12020.0,12020.5,12013.7,12013.85,11:25:00,12011.399924657027,2,27
2019-11-20,12019.55,12020.15,12017.4,12019.7,11:30:00,12012.17612230874,2,28
2019-11-20,12021.05,12021.65,12017.25,12019.45,11:35:00,12013.02125351743,2,29
2019-11-20,12021.3,12022.35,12018.0,12020.3,11:40:00,12013.80970556339,2,30
2019-11-20,12021.5,12025.7,12020.65,12021.2,11:45:00,12014.542114557353,2,31
2019-11-20,12024.9,12025.0,12019.95,12021.6,11:50:00,12015.528579837604,2,32
2019-11-20,12021.2,12025.75,12020.6,12024.85,11:55:00,12016.068715091164,2,33
2019-11-20,12020.7,12022.95,12019.9,12020.7,12:00:00,12016.50978984439,2,34
2019-11-20,12022.55,12027.65,12020.45,12020.45,12:05:00,12017.085047954448,2,35
2019-11-20,12027.7,12027.7,12021.35,12022.2,12:10:00,12018.09599576831,2,36
2019-11-20,12026.45,12031.6,12025.3,12027.9,12:15:00,12018.891615218949,2,37
2019-11-20,12027.2,12028.2,12025.05,12025.9,12:20:00,12019.68288996,2,38
2019-11-20,12026.55,12030.4,12023.25,12027.65,12:25:00,12020.33690044,2,39
2019-11-20,12023.9,12029.4,12023.85,12025.95,12:30:00,12020.67624325524,2,40
2019-11-20,12027.95,12028.5,12023.3,12024.15,12:35:00,12021.368981992837,2,41
2019-11-20,12027.15,12029.5,12025.0,12028.6,12:40:00,12021.919555136374,2,42
2019-11-20,12025.75,12027.95,12023.7,12027.5,12:45:00,12022.2843594091,2,43
2019-11-20,12024.35,12026.6,12023.7,12026.0,12:50:00,12022.481087084425,2,44
2019-11-20,12024.0,12024.7,12021.6,12024.7,12:55:00,12022.625745457335,2,45
2019-11-20,12029.55,12032.7,12022.55,12023.7,13:00:00,12023.285198270922,2,46
2019-11-20,12034.4,12034.4,12029.75,12030.05,13:05:00,12024.343750816548,2,47
2019-11-20,12024.95,12038.6,12017.8,12034.0,13:10:00,12024.40148883402,2,48
2019-11-20,12022.1,12026.55,12021.25,12024.6,13:15:00,12024.182299421258,2,49
2019-11-20,12014.1,12023.95,12011.05,12021.7,13:20:00,12023.222080428755,2,50
2019-11-20,12007.95,12015.25,12003.5,12013.95,13:25:00,12021.7675965784,2,51
2019-11-20,12003.65,12008.75,12000.85,12007.25,13:30:00,12020.04211118998,2,52
2019-11-20,11998.45,12005.25,11988.2,12003.55,13:35:00,12017.98571964808,2,53
2019-11-20,12003.25,12005.15,11993.85,11998.25,13:40:00,12016.582317776832,2,54
2019-11-20,12008.5,12012.45,12002.65,12002.8,13:45:00,12015.812573226658,2,55
2019-11-20,12001.7,12010.6,12001.5,12007.9,13:50:00,12014.468518633645,2,56
2019-11-20,12004.0,12004.9,11994.15,12001.75,13:55:00,12013.47151685901,2,57
2019-11-20,12004.4,12005.15,12001.8,12004.1,14:00:00,12012.607562872436,2,58
2019-11-20,12003.65,12010.1,12000.4,12004.75,14:05:00,12011.754461646491,2,59
2019-11-20,12001.55,12003.65,11999.2,12003.1,14:10:00,12010.782608156347,2,60
2019-11-20,11999.45,12002.45,11988.7,12000.6,14:15:00,12009.703312141455,2,61
2019-11-20,11994.5,12000.75,11992.9,11999.15,14:20:00,12008.255377651794,2,62
2019-11-20,11989.8,11995.35,11988.35,11994.0,14:25:00,12006.497722637338,2,63
2019-11-20,12000.55,12004.1,11989.0,11989.2,14:30:00,12005.931272862352,2,64
2019-11-20,11991.8,12001.0,11989.5,11999.55,14:35:00,12004.585437351652,2,65
2019-11-20,11987.1,11996.95,11987.05,11992.75,14:40:00,12002.920157603876,2,66
2019-11-20,11985.3,11988.2,11979.15,11987.35,14:45:00,12001.242047355889,2,67
2019-11-20,11994.55,11994.75,11987.2,11987.55,14:50:00,12000.60470951247,2,68
2019-11-20,11995.8,11997.85,11989.9,11994.85,14:55:00,12000.147118130331,2,69
2019-11-20,12006.5,12010.9,11995.95,11996.0,15:00:00,12000.752154498872,2,70
2019-11-20,12004.8,12008.5,12003.8,12006.25,15:05:00,12001.137663594218,2,71
2019-11-20,12001.2,12006.5,11995.15,12004.7,15:10:00,12001.14360039477,2,72
2019-11-20,11996.6,12004.35,11994.5,12000.9,15:15:00,12000.710876547648,2,73
2019-11-20,11990.5,11997.0,11987.5,11996.0,15:20:00,11999.73841211454,2,74
2019-11-20,11993.45,11994.8,11987.7,11990.2,15:25:00,11999.139515722678,2,75
2019-11-21,11997.1,12023.2,11992.5,12016.25,09:15:00,11998.945276130044,3,1
2019-11-21,11988.55,11999.1,11982.55,11997.95,09:20:00,11997.955249831944,3,2
2019-11-21,11991.3,11992.45,11980.9,11987.85,09:25:00,11997.321416514616,3,3
2019-11-21,11986.7,11991.1,11980.35,11991.1,09:30:00,11996.309853037035,3,4
2019-11-21,11984.8,11989.3,11978.25,11986.4,09:35:00,11995.213676557318,3,5
2019-11-21,11996.75,11998.9,11983.6,11985.1,09:40:00,11995.359993075668,3,6
2019-11-21,12000.7,12005.85,11996.25,11996.35,09:45:00,11995.8685651637,3,7
2019-11-21,11997.65,12001.85,11994.3,12000.75,09:50:00,11996.0382256243,3,8
2019-11-21,11993.45,11997.95,11987.4,11997.4,09:55:00,11995.791727945794,3,9
2019-11-21,11992.25,11996.25,11989.4,11994.0,10:00:00,11995.454420522385,3,10
2019-11-21,11991.95,11995.85,11991.1,11992.4,10:05:00,11995.12066618692,3,11
2019-11-21,11988.5,11995.8,11987.7,11991.7,10:10:00,11994.49012655007,3,12
2019-11-21,11990.95,11991.65,11985.75,11988.8,10:15:00,11994.15297164054,3,13
2019-11-21,11979.3,11991.55,11975.0,11990.85,10:20:00,11992.73840291287,3,14
2019-11-21,11980.4,11983.45,11977.45,11979.25,10:25:00,11991.563316921169,3,15
2019-11-21,11978.95,11981.6,11976.8,11979.5,10:30:00,11990.362048642965,3,16
2019-11-21,11981.7,11984.35,11977.75,11978.6,10:35:00,11989.537091629349,3,17
2019-11-21,11975.85,11982.45,11975.7,11981.4,10:40:00,11988.23355909322,3,18
2019-11-21,11971.2,11976.9,11968.85,11975.6,10:45:00,11986.611315370055,3,19
2019-11-21,11967.55,11973.65,11965.05,11970.8,10:50:00,11984.79595200148,3,20
2019-11-21,11972.7,11976.05,11967.1,11967.75,10:55:00,11983.643956572769,3,21
2019-11-21,11970.95,11973.1,11968.65,11972.65,11:00:00,11982.435008327742,3,22
2019-11-21,11977.85,11979.1,11970.05,11971.1,11:05:00,11981.998340867958,3,23
2019-11-21,11974.2,11984.6,11972.6,11978.15,11:10:00,11981.255641737676,3,24
2019-11-21,11970.3,11975.65,11969.1,11973.35,11:15:00,11980.212247286468,3,25
2019-11-21,11974.3,11975.3,11969.05,11971.35,11:20:00,11979.649176116329,3,26
2019-11-21,11981.0,11982.4,11973.75,11974.5,11:25:00,11979.777826010011,3,27
2019-11-21,11975.6,11982.05,11973.45,11981.25,11:30:00,11979.37993781858,3,28
2019-11-21,11974.65,11979.0,11973.3,11975.7,11:35:00,11978.929467550144,3,29
2019-11-21,11972.6,11975.2,11971.7,11974.6,11:40:00,11978.326661116796,3,30
2019-11-21,11983.2,11985.95,11972.05,11972.75,11:45:00,11978.790788629483,3,31
2019-11-21,11985.2,11988.2,11982.2,11983.5,11:50:00,11979.401189712393,3,32
2019-11-21,11987.65,11992.45,11984.4,11985.05,11:55:00,11980.186790692163,3,33
2019-11-21,11987.7,11988.55,11984.85,11987.6,12:00:00,11980.902334435768,3,34
2019-11-21,11990.85,11994.7,11987.2,11987.75,12:05:00,11981.84973115617,3,35
2019-11-21,11993.1,11999.25,11990.45,11990.5,12:10:00,11982.921185331774,3,36
2019-11-21,11993.05,11993.15,11988.4,11992.95,12:15:00,11983.885834347797,3,37
2019-11-21,11995.85,11998.85,11992.9,11992.9,12:20:00,11985.025278695624,3,38
2019-11-21,12005.15,12006.65,11994.1,11994.9,12:25:00,11986.941918819852,3,39
2019-11-21,11991.8,12004.6,11990.0,12003.95,12:30:00,11987.404593217962,3,40
2019-11-21,11997.75,11999.0,11987.05,11991.5,12:35:00,11988.389870054349,3,41
2019-11-21,11995.1,11998.6,11994.15,11997.65,12:40:00,11989.028930049171,3,42
2019-11-21,11993.5,11999.25,11993.45,11994.85,12:45:00,11989.454746234966,3,43
2019-11-21,11994.75,11994.9,11990.75,11993.7,12:50:00,11989.95905611735,3,44
2019-11-21,12000.55,12001.05,11994.9,11994.9,12:55:00,11990.967717439507,3,45
2019-11-21,11997.65,12000.85,11993.3,12000.5,13:00:00,11991.604125302412,3,46
2019-11-21,12000.05,12004.05,11997.8,11997.9,13:05:00,11992.408494321233,3,47
2019-11-21,12004.25,12008.05,11997.55,11999.45,13:10:00,11993.536256766827,3,48
2019-11-21,12006.4,12009.5,12002.15,12003.9,13:15:00,11994.761375169986,3,49
2019-11-21,12004.9,12007.2,12003.35,12006.15,13:20:00,11995.726958487132,3,50
2019-11-21,11991.65,12004.75,11987.65,12004.75,13:25:00,11995.338676726453,3,51
2019-11-21,11996.75,11998.1,11987.1,11990.95,13:30:00,11995.47308846679,3,52
2019-11-21,11993.65,11998.1,11993.65,11996.8,13:35:00,11995.29946099376,3,53
2019-11-21,11988.2,11997.55,11985.25,11993.6,13:40:00,11994.6233218515,3,54
2019-11-21,11994.55,11997.1,11988.15,11988.15,13:45:00,11994.616338818025,3,55
2019-11-21,11996.85,11996.85,11987.45,11994.45,13:50:00,11994.8290684544,3,56
2019-11-21,11994.15,11997.05,11991.85,11996.45,13:55:00,11994.764395268268,3,57
2019-11-21,12000.9,12003.95,11993.45,11994.25,14:00:00,11995.348738576047,3,58
2019-11-21,11991.25,12001.85,11990.75,11999.95,14:05:00,11994.958382521188,3,59
2019-11-21,11988.05,11991.65,11980.75,11990.9,14:10:00,11994.300441328693,3,60
2019-11-21,11993.75,11995.65,11986.75,11987.35,14:15:00,11994.248018345008,3,61
2019-11-21,11993.75,11995.5,11990.6,11992.05,14:20:00,11994.200588026437,3,62
2019-11-21,11993.6,11994.1,11988.8,11992.5,14:25:00,11994.143389166777,3,63
2019-11-21,12005.65,12007.05,11992.9,11993.7,14:30:00,11995.239256865178,3,64
2019-11-21,12001.6,12006.35,11997.9,12005.55,14:35:00,11995.845041925637,3,65
2019-11-21,11994.4,12005.7,11994.4,12002.0,14:40:00,11995.7074188851,3,66
2019-11-21,11993.45,11998.45,11992.3,11994.15,14:45:00,11995.49242661033,3,67
2019-11-21,11982.4,11993.65,11980.75,11993.3,14:50:00,11994.245528837915,3,68
2019-11-21,11971.6,11982.75,11969.6,11982.75,14:55:00,11992.088811805734,3,69
2019-11-21,11967.9,11980.7,11967.2,11971.9,15:00:00,11989.785115443285,3,70
2019-11-21,11970.35,11971.35,11956.9,11967.5,15:05:00,11987.934152067732,3,71
2019-11-21,11970.15,11974.85,11965.4,11970.3,15:10:00,11986.240423299376,3,72
2019-11-21,11970.65,11972.3,11968.25,11970.7,15:15:00,11984.755621080389,3,73
2019-11-21,11966.6,11970.55,11962.65,11970.5,15:20:00,11983.026514310826,3,74
2019-11-21,11964.05,11970.7,11962.1,11966.95,15:25:00,11981.219227233603,3,75
2019-11-22,11956.95,11963.65,11943.65,11960.75,09:15:00,11978.907872258977,4,1
2019-11-22,11961.85,11964.95,11950.45,11956.05,09:20:00,11977.283312996216,4,2
2019-11-22,11954.55,11963.6,11951.4,11963.05,09:25:00,11975.118235568005,4,3
2019-11-22,11954.2,11955.55,11939.4,11954.05,09:30:00,11973.126022656768,4,4
2019-11-22,11950.75,11953.75,11942.95,11953.75,09:35:00,11970.994972879933,4,5
2019-11-22,11944.15,11954.5,11944.05,11951.3,09:40:00,11968.438308796129,4,6
2019-11-22,11936.65,11943.85,11931.35,11943.4,09:45:00,11965.410850815544,4,7
2019-11-22,11936.75,11940.8,11936.2,11937.05,09:50:00,11962.68124597597,4,8
2019-11-22,11941.95,11942.35,11934.85,11937.15,09:55:00,11960.706841597306,4,9
2019-11-22,11944.15,11949.3,11937.0,11941.4,10:00:00,11959.12999954042,4,10
2019-11-22,11936.8,11945.15,11936.35,11943.9,10:05:00,11957.003332917522,4,11
2019-11-22,11928.4,11938.6,11925.0,11936.25,10:10:00,11954.279205972996,4,12
2019-11-22,11920.15,11930.95,11916.3,11928.45,10:15:00,11951.02880540414,4,13
2019-11-22,11928.5,11928.65,11919.85,11919.85,10:20:00,11948.883204889458,4,14
2019-11-22,11923.3,11931.5,11920.8,11928.55,10:25:00,11946.4467091857,4,15
2019-11-22,11928.9,11930.0,11921.4,11923.1,10:30:00,11944.77559402516,4,16
2019-11-22,11933.15,11937.8,11927.7,11928.4,10:35:00,11943.668394594191,4,17
2019-11-22,11934.2,11935.15,11928.5,11932.65,10:40:00,11942.766642728078,4,18
2019-11-22,11931.5,11934.1,11928.1,11934.0,10:45:00,11941.693629134928,4,19
2019-11-22,11937.8,11938.2,11931.0,11931.3,10:50:00,11941.322807312554,4,20
2019-11-22,11942.15,11943.5,11937.1,11937.45,10:55:00,11941.401587568502,4,21
2019-11-22,11943.3,11943.4,11939.75,11942.3,11:00:00,11941.582388752457,4,22
2019-11-22,11932.75,11944.5,11931.3,11943.05,11:05:00,11940.74120887127,4,23
2019-11-22,11933.35,11934.25,11929.4,11932.3,11:10:00,11940.037284216864,4,24
2019-11-22,11926.65,11934.6,11925.0,11933.2,11:15:00,11938.76230476764,4,25
2019-11-22,11920.75,11927.65,11917.05,11926.6,11:20:00,11937.04684717072,4,26
2019-11-22,11919.2,11924.45,11918.5,11920.8,11:25:00,11935.347147440176,4,27
2019-11-22,11899.65,11919.9,11890.1,11919.1,11:30:00,11931.94741911254,4,28
2019-11-22,11894.2,11907.25,11892.6,11899.8,11:35:00,11928.352426816107,4,29
2019-11-22,11903.8,11904.6,11884.45,11893.25,11:40:00,11926.014100452669,4,30
2019-11-22,11908.05,11909.95,11902.65,11904.45,11:45:00,11924.303233742889,4,31
2019-11-22,11906.9,11909.7,11903.9,11907.9,11:50:00,11922.645782910233,4,32
2019-11-22,11903.4,11907.6,11903.4,11906.5,11:55:00,11920.812851204497,4,33
2019-11-22,11899.45,11903.2,11897.6,11903.2,12:00:00,11918.778293946923,4,34
2019-11-22,11904.05,11906.2,11898.95,11898.95,12:05:00,11917.375599285311,4,35
2019-11-22,11901.7,11903.4,11900.1,11903.4,12:10:00,11915.882685067663,4,36
2019-11-22,11900.5,11903.5,11899.75,11901.65,12:15:00,11914.417667442172,4,37
2019-11-22,11906.25,11908.9,11900.25,11900.95,12:20:00,11913.63979435244,4,38
2019-11-22,11905.55,11907.0,11900.8,11906.5,12:25:00,11912.869337747446,4,39
2019-11-22,11903.0,11909.0,11901.25,11905.05,12:30:00,11911.92940081912,4,40
2019-11-22,11897.25,11902.8,11893.9,11902.8,12:35:00,11910.53136264587,4,41
2019-11-22,11896.05,11896.95,11892.85,11896.9,12:40:00,11909.152185251029,4,42
2019-11-22,11904.25,11906.2,11895.3,11896.0,12:45:00,11908.685310465216,4,43
2019-11-22,11901.3,11907.25,11899.95,11903.75,12:50:00,11907.981947563769,4,44
2019-11-22,11900.65,11902.2,11897.8,11901.15,12:55:00,11907.283666843408,4,45
2019-11-22,11902.25,11903.65,11899.65,11900.55,13:00:00,11906.80427000118,4,46
2019-11-22,11886.55,11902.2,11884.85,11902.15,13:05:00,11904.875291905828,4,47
2019-11-22,11890.65,11891.15,11883.5,11886.25,13:10:00,11903.52050220051,4,48
2019-11-22,11895.7,11895.7,11889.6,11890.35,13:15:00,11902.775692467128,4,49
2019-11-22,11901.1,11905.35,11894.75,11895.1,13:20:00,11902.616102708354,4,50
2019-11-22,11902.85,11903.85,11899.0,11900.75,13:25:00,11902.638378640891,4,51
2019-11-22,11906.1,11909.0,11902.75,11902.75,13:30:00,11902.96805686557,4,52
2019-11-22,11912.35,11913.6,11902.15,11905.9,13:35:00,11903.861575259323,4,53
2019-11-22,11900.55,11914.95,11900.2,11911.8,13:40:00,11903.546187139387,4,54
2019-11-22,11909.45,11910.9,11900.5,11900.5,13:45:00,11904.108455030875,4,55
2019-11-22,11905.8,11911.1,11904.8,11909.3,13:50:00,11904.269554551744,4,56
2019-11-22,11904.3,11907.3,11901.3,11904.3,13:55:00,11904.272454118243,4,57
2019-11-22,11918.55,11921.45,11903.7,11903.7,14:00:00,11905.6322203927,4,58
2019-11-22,11916.6,11920.9,11915.05,11917.85,14:05:00,11906.67677083149,4,59
2019-11-22,11909.35,11918.9,11909.35,11916.2,14:10:00,11906.931364085634,4,60
2019-11-22,11910.45,11912.25,11901.85,11909.5,14:15:00,11907.266472267956,4,61
2019-11-22,11907.55,11915.45,11907.35,11910.4,14:20:00,11907.293474909104,4,62
2019-11-22,11909.9,11912.7,11906.6,11907.7,14:25:00,11907.54171539395,4,63
2019-11-22,11910.25,11916.15,11905.8,11909.5,14:30:00,11907.799647261192,4,64
2019-11-22,11904.7,11911.4,11903.65,11909.9,14:35:00,11907.504442760126,4,65
2019-11-22,11906.15,11909.9,11903.75,11904.35,14:40:00,11907.375448211542,4,66
2019-11-22,11894.65,11906.0,11891.65,11906.0,14:45:00,11906.163500762825,4,67
2019-11-22,11900.25,11901.7,11893.3,11894.2,14:50:00,11905.600310213984,4,68
2019-11-22,11902.55,11905.1,11899.75,11899.75,14:55:00,11905.30980447932,4,69
2019-11-22,11918.6,11919.85,11899.75,11901.85,15:00:00,11906.57553738605,4,70
2019-11-22,11920.25,11924.4,11917.4,11919.2,15:05:00,11907.877867158808,4,71
2019-11-22,11911.15,11919.85,11906.7,11919.85,15:10:00,11908.18949885797,4,72
2019-11-22,11914.3,11915.15,11908.3,11912.1,15:15:00,11908.771451347686,4,73
2019-11-22,11915.6,11917.65,11911.95,11914.45,15:20:00,11909.421789314572,4,74
2019-11-22,11916.2,11918.05,11913.5,11916.15,15:25:00,11910.067333189376,4,75
2019-11-25,11949.45,11952.05,11919.75,11919.75,09:15:00,11913.818063361816,0,1
2019-11-25,11948.1,11956.85,11944.95,11948.3,09:20:00,11917.083009708307,0,2
2019-11-25,11958.45,11959.45,11939.65,11947.95,09:25:00,11921.022723069422,0,3
2019-11-25,11978.25,11982.1,11958.4,11958.4,09:30:00,11926.472939919951,0,4
2019-11-25,11977.6,11980.15,11968.7,11978.8,09:35:00,11931.3421837371,0,5
2019-11-25,11969.05,11978.65,11968.3,11977.65,09:40:00,11934.933404333568,0,6
2019-11-25,11983.25,11987.25,11970.15,11970.35,09:45:00,11939.534984873228,0,7
2019-11-25,11977.35,11984.15,11975.3,11982.6,09:50:00,11943.136414885304,0,8
2019-11-25,11984.3,11985.5,11976.7,11977.4,09:55:00,11947.0567563248,0,9
2019-11-25,11976.6,11986.75,11975.25,11984.55,10:00:00,11949.87039857958,0,10
2019-11-25,11975.95,11977.45,11975.0,11977.1,10:05:00,11952.35417014343,0,11
2019-11-25,11974.6,11976.4,11971.25,11976.1,10:10:00,11954.47282060596,0,12
2019-11-25,11977.3,11977.8,11967.65,11974.55,10:15:00,11956.646837691109,0,13
2019-11-25,11979.65,11979.95,11976.55,11977.35,10:20:00,11958.83761505386,0,14
2019-11-25,11980.1,11981.9,11976.75,11979.75,10:25:00,11960.86260409635,0,15
2019-11-25,11983.45,11988.9,11979.15,11979.85,10:30:00,11963.013784658602,0,16
2019-11-25,11988.75,11989.3,11983.45,11983.5,10:35:00,11965.464852786354,0,17
2019-11-25,12000.25,12001.7,11988.0,11989.0,10:40:00,11968.77772394956,0,18
2019-11-25,11991.55,12000.4,11988.8,11999.9,10:45:00,11970.94651214484,0,19
2019-11-25,11991.8,11992.85,11990.1,11991.45,10:50:00,11972.932558607234,0,20
2019-11-25,11994.15,11994.6,11988.9,11992.0,10:55:00,11974.953267311306,0,21
2019-11-25,11992.95,11995.0,11991.55,11994.0,11:00:00,11976.667241853089,0,22
2019-11-25,11997.4,11997.6,11991.9,11992.65,11:05:00,11978.641790248032,0,23
2019-11-25,11993.2,11999.1,11990.4,11997.75,11:10:00,11980.028286414888,0,24
2019-11-25,11995.65,12001.95,11990.3,11993.05,11:15:00,11981.516068661089,0,25
2019-11-25,11999.85,12000.95,11995.25,11995.6,11:20:00,11983.262157360032,0,26
2019-11-25,12008.95,12009.9,12000.35,12000.35,11:25:00,11985.708618563838,0,27
2019-11-25,12008.0,12013.55,12006.8,12009.05,11:30:00,11987.831607272044,0,28
2019-11-25,12008.05,12012.0,12007.35,12007.9,11:35:00,11989.757168484231,0,29
2019-11-25,12018.05,12018.7,12006.7,12008.0,11:40:00,11992.451723866683,0,30
2019-11-25,12012.15,12020.05,12011.15,12018.35,11:45:00,11994.327750165095,0,31
2019-11-25,12010.65,12013.35,12009.1,12012.05,11:50:00,11995.882250149372,0,32
2019-11-25,12011.0,12013.85,12008.75,12010.85,11:55:00,11997.32203584943,0,33
2019-11-25,12011.35,12013.15,12007.2,12011.35,12:00:00,11998.6580324352,0,34
2019-11-25,12017.8,12018.45,12011.8,12011.8,12:05:00,12000.48107696518,0,35
2019-11-25,12016.95,12019.65,12015.35,12018.0,12:10:00,12002.04954582564,0,36
2019-11-25,12019.9,12025.8,12017.2,12017.3,12:15:00,12003.74958908034,0,37
2019-11-25,12027.15,12029.15,12019.9,12020.4,12:20:00,12005.978199644116,0,38
2019-11-25,12028.75,12030.65,12024.35,12027.9,12:25:00,12008.146942535152,0,39
2019-11-25,12029.65,12033.25,12027.35,12029.65,12:30:00,12010.1948527699,0,40
2019-11-25,12026.55,12031.65,12025.15,12030.15,12:35:00,12011.752485839434,0,41
2019-11-25,12027.2,12029.75,12024.7,12027.3,12:40:00,12013.22367766425,0,42
2019-11-25,12032.0,12032.7,12026.3,12027.95,12:45:00,12015.011898839082,0,43
2019-11-25,12028.7,12032.6,12025.45,12031.95,12:50:00,12016.315527521076,0,44
2019-11-25,12023.25,12029.35,12022.5,12029.35,12:55:00,12016.97595347145,0,45
2019-11-25,12027.15,12030.35,12023.05,12023.5,13:00:00,12017.944910283692,0,46
2019-11-25,12029.95,12031.9,12026.35,12027.85,13:05:00,12019.088252161437,0,47
2019-11-25,12025.95,12032.1,12023.95,12030.3,13:10:00,12019.741751955586,0,48
2019-11-25,12027.2,12028.55,12024.45,12026.25,13:15:00,12020.45206129315,0,49
2019-11-25,12023.75,12028.8,12022.1,12027.9,13:20:00,12020.766150693802,0,50
2019-11-25,12026.15,12029.95,12023.8,12024.85,13:25:00,12021.278898246774,0,51
2019-11-25,12043.95,12047.6,12025.95,12026.3,13:30:00,12023.4380507947,0,52
2019-11-25,12051.45,12054.5,12044.95,12044.95,13:35:00,12026.10585548092,0,53
2019-11-25,12051.45,12058.05,12049.6,12052.1,13:40:00,12028.519583530357,0,54
2019-11-25,12055.9,12056.3,12048.9,12051.75,13:45:00,12031.12724224175,0,55
2019-11-25,12053.8,12064.25,12053.6,12055.7,13:50:00,12033.28655250444,0,56
2019-11-25,12052.05,12056.9,12049.35,12054.25,13:55:00,12035.073547504016,0,57
2019-11-25,12059.1,12059.25,12051.25,12052.95,14:00:00,12037.361781075062,0,58
2019-11-25,12057.6,12062.0,12056.5,12059.05,14:05:00,12039.289230496484,0,59
2019-11-25,12057.2,12059.45,12056.35,12057.5,14:10:00,12040.995018068246,0,60
2019-11-25,12056.9,12058.85,12055.7,12056.3,14:15:00,12042.509778252224,0,61
2019-11-25,12063.5,12067.05,12056.55,12057.0,14:20:00,12044.508846990106,0,62
2019-11-25,12057.45,12063.95,12057.25,12062.85,14:25:00,12045.741337752954,0,63
2019-11-25,12057.1,12059.8,12053.5,12057.2,14:30:00,12046.823115109815,0,64
2019-11-25,12045.3,12056.75,12041.85,12056.75,14:35:00,12046.678056527928,0,65
2019-11-25,12046.3,12052.65,12043.65,12045.05,14:40:00,12046.642051144316,0,66
2019-11-25,12057.15,12057.15,12045.9,12046.95,14:45:00,12047.64280817819,0,67
2019-11-25,12052.2,12057.1,12051.05,12057.1,14:50:00,12048.076826446935,0,68
2019-11-25,12052.95,12053.5,12048.8,12052.15,14:55:00,12048.540938213891,0,69
2019-11-25,12063.95,12065.6,12053.15,12053.3,15:00:00,12050.008467907808,0,70
2019-11-25,12075.3,12077.5,12062.4,12063.15,15:05:00,12052.417185249922,0,71
2019-11-25,12076.75,12080.85,12073.0,12075.1,15:10:00,12054.7345961785,0,72
2019-11-25,12076.95,12080.95,12072.9,12077.05,15:15:00,12056.850348923406,0,73
2019-11-25,12081.55,12084.5,12076.0,12076.0,15:20:00,12059.202696644988,0,74
2019-11-25,12079.0,12081.05,12074.55,12080.75,15:25:00,12061.088154107369,0,75
2019-11-26,12122.35,12128.1,12099.85,12106.95,09:15:00,12066.922615620952,1,1
2019-11-26,12128.3,12129.2,12119.45,12122.8,09:20:00,12072.76808079991,1,2
2019-11-26,12119.95,12132.45,12119.95,12128.4,09:25:00,12077.261596914204,1,3
2019-11-26,12119.95,12120.35,12105.7,12119.6,09:30:00,12081.32715911285,1,4
2019-11-26,12111.95,12122.4,12110.6,12120.15,09:35:00,12084.243620149722,1,5
2019-11-26,12113.95,12120.2,12110.0,12111.7,09:40:00,12087.072799183084,1,6
2019-11-26,12115.35,12116.0,12112.0,12114.15,09:45:00,12089.765865927551,1,7
2019-11-26,12119.4,12120.15,12113.35,12116.0,09:50:00,12092.58816441064,1,8
2019-11-26,12116.05,12122.2,12114.35,12119.35,09:55:00,12094.82262494296,1,9
2019-11-26,12115.5,12117.75,12112.65,12115.75,10:00:00,12096.791898757918,1,10
2019-11-26,12122.25,12122.45,12115.0,12115.65,10:05:00,12099.216479828592,1,11
2019-11-26,12097.9,12123.65,12086.1,12122.15,10:10:00,12099.091100797295,1,12
2019-11-26,12087.75,12097.75,12081.35,12097.55,10:15:00,12098.01099595946,1,13
2019-11-26,12096.7,12098.35,12086.1,12087.6,10:20:00,12097.886139201417,1,14
2019-11-26,12088.2,12096.8,12087.95,12096.4,10:25:00,12096.96364975366,1,15
2019-11-26,12089.2,12091.65,12086.15,12087.85,10:30:00,12096.224254539027,1,16
2019-11-26,12080.1,12089.25,12071.8,12089.25,10:35:00,12094.688611249596,1,17
2019-11-26,12070.7,12080.35,12063.0,12080.35,10:40:00,12092.403981606778,1,18
2019-11-26,12082.8,12086.3,12069.5,12070.25,10:45:00,12091.489316691846,1,19
2019-11-26,12089.7,12089.85,12081.75,12082.55,10:50:00,12091.318905578337,1,20
2019-11-26,12079.15,12090.15,12078.75,12089.75,10:55:00,12090.159962189924,1,21
2019-11-26,12073.35,12079.5,12068.85,12079.0,11:00:00,12088.559013409931,1,22
2019-11-26,12079.1,12082.1,12071.45,12073.65,11:05:00,12087.658154989938,1,23
2019-11-26,12079.2,12079.65,12076.7,12079.65,11:10:00,12086.852616419468,1,24
2019-11-26,12081.05,12084.75,12077.55,12079.25,11:15:00,12086.29998628428,1,25
2019-11-26,12081.0,12084.35,12079.2,12080.75,11:20:00,12085.79522568578,1,26
2019-11-26,12072.2,12081.05,12068.25,12080.9,11:25:00,12084.500442287132,1,27
2019-11-26,12080.55,12083.9,12071.7,12072.3,11:30:00,12084.124209688358,1,28
2019-11-26,12076.8,12082.65,12076.6,12080.4,11:35:00,12083.426665908511,1,29
2019-11-26,12077.2,12081.45,12075.45,12077.0,11:40:00,12082.833650107705,1,30
2019-11-26,12073.65,12079.4,12070.5,12077.6,11:45:00,12081.959016764113,1,31
2019-11-26,12075.3,12077.95,12072.45,12074.0,11:50:00,12081.32482469134,1,32
2019-11-26,12071.6,12075.35,12071.55,12075.35,11:55:00,12080.398650911213,1,33
2019-11-26,12074.35,12077.15,12070.75,12071.65,12:00:00,12079.822588919666,1,34
2019-11-26,12079.9,12082.05,12073.6,12074.3,12:05:00,12079.829961403508,1,35
2019-11-26,12076.65,12080.3,12075.5,12080.1,12:10:00,12079.527107936508,1,36
2019-11-26,12076.25,12077.45,12073.2,12076.9,12:15:00,12079.215002418743,1,37
2019-11-26,12085.1,12089.95,12076.3,12076.3,12:20:00,12079.775478378866,1,38
2019-11-26,12085.55,12087.0,12082.75,12085.7,12:25:00,12080.325432818974,1,39
2019-11-26,12089.75,12090.4,12084.65,12086.3,12:30:00,12081.223010645735,1,40
2019-11-26,12093.2,12094.3,12089.8,12090.65,12:35:00,12082.363676298524,1,41
2019-11-26,12096.65,12100.95,12092.1,12094.1,12:40:00,12083.724278555808,1,42
2019-11-26,12105.5,12107.0,12096.75,12097.4,12:45:00,12085.798156788587,1,43
2019-11-26,12101.3,12107.05,12099.85,12106.35,12:50:00,12087.274522808722,1,44
2019-11-26,12095.75,12104.85,12093.7,12102.1,12:55:00,12088.081711112654,1,45
2019-11-26,12096.85,12101.35,12094.8,12096.8,13:00:00,12088.916786244785,1,46
2019-11-26,12102.2,12103.1,12096.1,12097.5,13:05:00,12090.181854221471,1,47
2019-11-26,12099.35,12103.0,12097.3,12103.0,13:10:00,12091.055010962284,1,48
2019-11-26,12085.65,12100.0,12083.15,12100.0,13:15:00,12090.540248013496,1,49
2019-11-26,12081.9,12087.65,12081.25,12086.35,13:20:00,12089.717367250303,1,50
2019-11-26,12084.45,12084.9,12078.25,12082.4,13:25:00,12089.215713226466,1,51
2019-11-26,12091.65,12091.65,12084.05,12084.6,13:30:00,12089.44755006204,1,52
2019-11-26,12090.35,12095.9,12090.0,12092.15,13:35:00,12089.53349767518,1,53
2019-11-26,12093.35,12094.9,12084.65,12090.0,13:40:00,12089.896974087069,1,54
2019-11-26,12083.0,12093.3,12078.5,12093.3,13:45:00,12089.240119412108,1,55
2019-11-26,12076.8,12084.6,12066.65,12083.2,13:50:00,12088.055346134764,1,56
2019-11-26,12083.05,12084.95,12076.55,12076.6,13:55:00,12087.57864650288,1,57
2019-11-26,12080.9,12084.5,12078.75,12084.1,14:00:00,12086.942584931176,1,58
2019-11-26,12074.75,12082.3,12073.15,12080.6,14:05:00,12085.781386366303,1,59
2019-11-26,12068.8,12079.6,12068.5,12074.95,14:10:00,12084.164111474274,1,60
2019-11-26,12074.85,12076.8,12062.4,12068.65,14:15:00,12083.27705323863,1,61
2019-11-26,12058.35,12075.0,12057.4,12074.45,14:20:00,12080.903048168284,1,62
2019-11-26,12055.7,12064.4,12050.9,12058.55,14:25:00,12078.50275786654,1,63
2019-11-26,12042.65,12057.1,12041.15,12055.55,14:30:00,12075.0882094983,1,64
2019-11-26,12021.95,12042.6,12016.85,12042.6,14:35:00,12070.027427641318,1,65
2019-11-26,12029.2,12034.55,12006.35,12021.85,14:40:00,12066.139101199287,1,66
2019-11-26,12047.2,12047.2,12023.25,12029.25,14:45:00,12064.335377275544,1,67
2019-11-26,12048.65,12049.05,12036.45,12047.05,14:50:00,12062.841531820732,1,68
2019-11-26,12066.1,12066.15,12045.6,12048.75,14:55:00,12063.15186212352,1,69
2019-11-26,12040.55,12066.1,12040.55,12064.45,15:00:00,12060.999303826042,1,70
2019-11-26,12033.05,12041.3,12029.35,12040.7,15:05:00,12058.33746536642,1,71
2019-11-26,12033.25,12034.65,12025.45,12033.3,15:10:00,12055.94818295057,1,72
2019-11-26,12029.0,12036.3,12026.75,12033.0,15:15:00,12053.38168933623,1,73
2019-11-26,12040.35,12042.35,12028.7,12028.85,15:20:00,12052.140576066113,1,74
2019-11-26,12046.8,12059.8,12032.05,12039.8,15:25:00,12051.631949774102,1,75
2019-11-27,12097.75,12098.05,12065.1,12065.1,09:15:00,12056.02414503371,2,1
2019-11-27,12090.85,12108.0,12090.3,12096.55,09:20:00,12059.340893125738,2,2
2019-11-27,12099.65,12100.35,12091.25,12091.25,09:25:00,12063.179855685192,2,3
2019-11-27,12107.3,12108.5,12098.65,12099.85,09:30:00,12067.381774191364,2,4
2019-11-27,12097.75,12107.25,12092.1,12106.9,09:35:00,12070.273986173135,2,5
2019-11-27,12092.95,12097.55,12082.35,12097.25,09:40:00,12072.4336065376,2,6
2019-11-27,12089.65,12097.55,12087.65,12092.9,09:45:00,12074.07326305783,2,7
2019-11-27,12082.3,12090.3,12080.95,12089.5,09:50:00,12074.856761814226,2,8
2019-11-27,12087.0,12090.75,12082.1,12082.1,09:55:00,12076.013260689062,2,9
2019-11-27,12089.85,12089.85,12077.45,12086.4,10:00:00,12077.33104538534,2,10
2019-11-27,12088.6,12092.35,12086.7,12089.8,10:05:00,12078.404279158163,2,11
2019-11-27,12099.25,12100.75,12087.85,12088.7,10:10:00,12080.389585905006,2,12
2019-11-27,12102.4,12103.7,12095.65,12099.1,10:15:00,12082.485815818816,2,13
2019-11-27,12100.3,12106.25,12098.55,12101.7,10:20:00,12084.182404788451,2,14
2019-11-27,12092.5,12101.7,12091.25,12100.4,10:25:00,12084.97455671336,2,15
2019-11-27,12097.6,12100.3,12091.55,12092.75,10:30:00,12086.176979883518,2,16
2019-11-27,12093.65,12100.45,12093.6,12097.45,10:35:00,12086.888696085089,2,17
2019-11-27,12094.3,12098.2,12088.75,12093.8,10:40:00,12087.594534553176,2,18
2019-11-27,12094.05,12096.3,12092.6,12094.4,10:45:00,12088.209340786205,2,19
2019-11-27,12086.0,12095.1,12083.2,12094.15,10:50:00,12087.998927377994,2,20
2019-11-27,12080.45,12086.9,12078.3,12085.85,10:55:00,12087.279981913423,2,21
2019-11-27,12080.95,12081.0,12075.65,12080.35,11:00:00,12086.677126493098,2,22
2019-11-27,12078.75,12085.25,12078.75,12080.8,11:05:00,12085.922162065184,2,23
2019-11-27,12078.45,12078.7,12073.45,12078.7,11:10:00,12085.210527582787,2,24
2019-11-27,12078.3,12080.3,12075.55,12078.0,11:15:00,12084.552382098713,2,25
2019-11-27,12074.9,12083.5,12074.45,12078.4,11:20:00,12083.63310761312,2,26
2019-11-27,12074.95,12077.0,12071.65,12074.45,11:25:00,12082.8061449833,2,27
2019-11-27,12080.5,12080.7,12075.1,12075.1,11:30:00,12082.586512127746,2,28
2019-11-27,12081.2,12081.8,12077.9,12081.0,11:35:00,12082.454463353675,2,29
2019-11-27,12080.8,12084.65,12080.0,12081.55,11:40:00,12082.29689541523,2,30
2019-11-27,12083.5,12083.9,12078.35,12080.85,11:45:00,12082.411476804256,2,31
2019-11-27,12076.1,12085.25,12075.45,12083.3,11:50:00,12081.81038377528,2,32
2019-11-27,12073.3,12077.6,12070.55,12076.3,11:55:00,12080.99987103478,2,33
2019-11-27,12069.5,12073.1,12069.25,12072.9,12:00:00,12079.904645221945,2,34
2019-11-27,12066.8,12070.0,12060.8,12069.55,12:05:00,12078.656583772234,2,35
2019-11-27,12067.0,12068.9,12062.8,12066.65,12:10:00,12077.546432936782,2,36
2019-11-27,12060.55,12074.0,12060.55,12067.6,12:15:00,12075.927725038042,2,37
2019-11-27,12067.15,12067.15,12058.15,12059.65,12:20:00,12075.091751224894,2,38
2019-11-27,12062.2,12067.4,12060.25,12067.1,12:25:00,12073.863965393952,2,39
2019-11-27,12063.75,12064.5,12060.15,12061.95,12:30:00,12072.900730594529,2,40
2019-11-27,12062.95,12066.45,12062.15,12062.6,12:35:00,12071.953041966475,2,41
2019-11-27,12060.6,12066.05,12060.5,12063.15,12:40:00,12070.871799874432,2,42
2019-11-27,12058.0,12061.45,12055.15,12060.95,12:45:00,12069.645914172106,2,43
2019-11-27,12074.5,12082.1,12059.1,12059.1,12:50:00,12070.108208060476,2,44
2019-11-27,12071.8,12075.5,12071.6,12074.7,12:55:00,12070.269331102336,2,45
2019-11-27,12073.9,12076.7,12071.9,12071.9,13:00:00,12070.615109092589,2,46
2019-11-27,12067.15,12074.8,12065.85,12074.05,13:05:00,12070.285098702818,2,47
2019-11-27,12070.65,12075.05,12067.05,12067.2,13:10:00,12070.319851207312,2,48
2019-11-27,12071.8,12073.0,12067.55,12070.7,13:15:00,12070.460817758998,2,49
2019-11-27,12073.55,12075.55,12068.9,12072.0,13:20:00,12070.755025591474,2,50
2019-11-27,12074.55,12079.65,12073.3,12074.65,13:25:00,12071.11645172562,2,51
2019-11-27,12079.2,12081.4,12074.05,12075.7,13:30:00,12071.886313466037,2,52
2019-11-27,12074.2,12081.4,12072.9,12080.75,13:35:00,12072.10666456451,2,53
2019-11-27,12074.7,12077.7,12073.45,12074.9,13:40:00,12072.3536488917,2,54
2019-11-27,12068.0,12075.1,12067.6,12074.8,13:45:00,12071.93901566392,2,55
2019-11-27,12068.8,12072.45,12067.2,12069.1,13:50:00,12071.640061791166,2,56
2019-11-27,12066.45,12071.85,12064.35,12069.5,13:55:00,12071.145770192008,2,57
2019-11-27,12067.95,12070.6,12065.3,12067.55,14:00:00,12070.841411126105,2,58
2019-11-27,12074.95,12076.2,12067.85,12068.35,14:05:00,12071.23270530457,2,59
2019-11-27,12071.55,12077.4,12071.3,12075.8,14:10:00,12071.26292384699,2,60
2019-11-27,12075.1,12076.25,12069.4,12072.25,14:15:00,12071.628359671087,2,61
2019-11-27,12075.8,12078.7,12074.25,12075.65,14:20:00,12072.02565875003,2,62
2019-11-27,12084.1,12088.85,12075.95,12076.5,14:25:00,12073.175596011932,2,63
2019-11-27,12084.3,12088.8,12083.75,12084.9,14:30:00,12074.235063058415,2,64
2019-11-27,12084.1,12087.4,12078.55,12084.85,14:35:00,12075.174580862376,2,65
2019-11-27,12081.05,12084.95,12079.05,12084.25,14:40:00,12075.73414458977,2,66
2019-11-27,12082.4,12085.75,12079.7,12082.05,14:45:00,12076.368987962172,2,67
2019-11-27,12086.55,12086.55,12078.7,12082.3,14:50:00,12077.338608156251,2,68
2019-11-27,12086.1,12088.35,12083.95,12086.8,14:55:00,12078.173026427085,2,69
2019-11-27,12088.35,12094.3,12086.25,12086.95,15:00:00,12079.142262005456,2,70
2019-11-27,12097.3,12098.05,12088.35,12088.4,15:05:00,12080.871570385889,2,71
2019-11-27,12098.75,12100.25,12092.85,12097.45,15:10:00,12082.574277968186,2,72
2019-11-27,12106.4,12110.2,12098.7,12098.7,15:15:00,12084.843394352169,2,73
2019-11-27,12110.7,12112.05,12105.55,12106.05,15:20:00,12087.30592822339,2,74
2019-11-27,12110.3,12114.9,12108.05,12110.6,15:25:00,12089.495839821162,2,75
2019-11-28,12112.65,12138.3,12110.0,12128.45,09:15:00,12091.700997933433,3,1
2019-11-28,12112.15,12118.4,12111.35,12112.7,09:20:00,12093.648521939773,3,2
2019-11-28,12110.65,12112.75,12099.95,12112.0,09:25:00,12095.26771032646,3,3
2019-11-28,12114.3,12115.2,12108.0,12109.8,09:30:00,12097.080309342988,3,4
2019-11-28,12107.4,12115.2,12106.7,12114.95,09:35:00,12098.063137024608,3,5
2019-11-28,12112.1,12114.1,12105.45,12107.3,09:40:00,12099.399981117502,3,6
2019-11-28,12108.7,12113.1,12107.2,12113.1,09:45:00,12100.28569720155,3,7
2019-11-28,12115.9,12117.05,12106.5,12107.45,09:50:00,12101.772773658546,3,8
2019-11-28,12118.35,12121.45,12114.8,12115.65,09:55:00,12103.351557119637,3,9
2019-11-28,12123.35,12123.45,12115.55,12118.0,10:00:00,12105.25617072729,3,10
2019-11-28,12123.55,12129.2,12121.8,12123.5,10:05:00,12106.998440181836,3,11
2019-11-28,12124.25,12125.7,12119.05,12123.8,10:10:00,12108.641445878802,3,12
2019-11-28,12123.15,12127.15,12121.95,12123.85,10:15:00,12110.023212937964,3,13
2019-11-28,12121.5,12126.6,12119.75,12122.95,10:20:00,12111.116240277204,3,14
2019-11-28,12121.4,12124.4,12118.15,12122.15,10:25:00,12112.09564596509,3,15
2019-11-28,12121.6,12122.35,12118.35,12121.6,10:30:00,12113.00082253984,3,16
2019-11-28,12118.5,12122.35,12115.9,12120.9,10:35:00,12113.524553726524,3,17
2019-11-28,12120.05,12123.0,12118.05,12119.4,10:40:00,12114.146024800188,3,18
2019-11-28,12118.3,12122.3,12115.95,12120.8,10:45:00,12114.541641485885,3,19
2019-11-28,12116.6,12120.6,12116.25,12118.5,10:50:00,12114.737675630087,3,20
2019-11-28,12115.0,12117.35,12113.2,12117.0,10:55:00,12114.762658903412,3,21
2019-11-28,12115.0,12117.25,12112.8,12114.85,11:00:00,12114.785262817371,3,22
2019-11-28,12110.5,12116.65,12109.65,12115.45,11:05:00,12114.37714254905,3,23
2019-11-28,12114.95,12115.15,12108.8,12110.3,11:10:00,12114.43170040152,3,24
2019-11-28,12114.1,12116.45,12113.45,12114.45,11:15:00,12114.40010988709,3,25
2019-11-28,12111.65,12114.55,12110.85,12113.85,11:20:00,12114.138194659748,3,26
2019-11-28,12119.55,12123.15,12110.1,12111.1,11:25:00,12114.653604692154,3,27
2019-11-28,12118.85,12120.3,12114.45,12120.3,11:30:00,12115.05326138814,3,28
2019-11-28,12118.5,12120.8,12117.35,12118.95,11:35:00,12115.381522208316,3,29
2019-11-28,12124.85,12126.6,12118.85,12118.85,11:40:00,12116.283281998,3,30
2019-11-28,12131.0,12135.5,12124.85,12125.4,11:45:00,12117.684874188666,3,31
2019-11-28,12129.1,12131.35,12127.35,12131.2,11:50:00,12118.77202902784,3,32
2019-11-28,12131.8,12133.25,12128.45,12128.85,11:55:00,12120.012788168046,3,33
2019-11-28,12140.45,12141.05,12130.4,12131.75,12:00:00,12121.9591892949,3,34
2019-11-28,12140.05,12144.4,12139.25,12140.5,12:05:00,12123.682123647766,3,35
2019-11-28,12134.4,12141.05,12133.7,12140.25,12:10:00,12124.70287377655,3,36
2019-11-28,12134.85,12136.4,12131.3,12135.15,12:15:00,12125.669266750214,3,37
2019-11-28,12135.45,12136.5,12132.9,12133.8,12:20:00,12126.600765154955,3,38
2019-11-28,12135.2,12137.65,12133.05,12135.9,12:25:00,12127.419739902103,3,39
2019-11-28,12135.95,12140.35,12134.9,12135.85,12:30:00,12128.232145625712,3,40
2019-11-28,12135.05,12137.65,12133.25,12135.65,12:35:00,12128.881465089931,3,41
2019-11-28,12137.4,12139.45,12132.35,12135.25,12:40:00,12129.692754128984,3,42
2019-11-28,12130.6,12138.55,12130.35,12138.0,12:45:00,12129.779158497651,3,43
2019-11-28,12124.9,12131.0,12124.55,12131.0,12:50:00,12129.31447673597,3,44
2019-11-28,12126.55,12129.65,12122.05,12124.85,12:55:00,12129.051193237308,3,45
2019-11-28,12120.5,12126.6,12119.55,12126.6,13:00:00,12128.236793881371,3,46
2019-11-28,12126.1,12127.55,12120.15,12120.35,13:05:00,12128.033289702194,3,47
2019-11-28,12136.0,12136.15,12124.9,12126.95,13:10:00,12128.792024016271,3,48
2019-11-28,12133.7,12136.75,12132.15,12136.15,13:15:00,12129.259450300437,3,49
2019-11-28,12134.95,12139.65,12131.0,12133.35,13:20:00,12129.80140741468,3,50
2019-11-28,12131.35,12134.1,12128.6,12134.1,13:25:00,12129.948892422806,3,51
2019-11-28,12128.95,12132.05,12123.1,12131.9,13:30:00,12129.85375981111,3,52
2019-11-28,12132.9,12133.4,12128.05,12129.6,13:35:00,12130.143877924338,3,53
2019-11-28,12128.0,12133.9,12125.7,12133.0,13:40:00,12129.9396990744,3,54
2019-11-28,12116.3,12130.0,12113.95,12128.3,13:45:00,12128.640680114931,3,55
2019-11-28,12116.6,12122.0,12115.4,12116.5,13:50:00,12127.493948675416,3,56
2019-11-28,12108.55,12116.65,12105.15,12116.45,13:55:00,12125.68976308728,3,57
2019-11-28,12116.3,12116.3,12105.75,12108.3,14:00:00,12124.79549993611,3,58
2019-11-28,12121.45,12123.95,12115.5,12116.25,14:05:00,12124.476880894576,3,59
2019-11-28,12122.25,12124.55,12120.1,12121.95,14:10:00,12124.264796999854,3,60
2019-11-28,12124.35,12125.15,12120.0,12123.05,14:15:00,12124.272911571295,3,61
2019-11-28,12124.1,12127.35,12122.2,12124.5,14:20:00,12124.256443802602,3,62
2019-11-28,12115.9,12127.55,12114.1,12124.9,14:25:00,12123.460592011876,3,63
2019-11-28,12121.9,12123.45,12113.0,12116.75,14:30:00,12123.311964201224,3,64
2019-11-28,12126.0,12127.65,12118.8,12123.0,14:35:00,12123.56796761063,3,65
2019-11-28,12128.1,12130.75,12123.5,12127.35,14:40:00,12123.99958974295,3,66
2019-11-28,12119.7,12128.85,12117.7,12128.0,14:45:00,12123.590105005527,3,67
2019-11-28,12121.0,12123.35,12117.95,12120.4,14:50:00,12123.343428338334,3,68
2019-11-28,12124.4,12125.0,12118.65,12121.05,14:55:00,12123.444054210877,3,69
2019-11-28,12144.15,12146.3,12125.7,12125.7,15:00:00,12125.416049047935,3,70
2019-11-28,12153.3,12157.5,12143.45,12144.05,15:05:00,12128.071663424324,3,71
2019-11-28,12151.35,12155.7,12149.7,12153.6,15:10:00,12130.2886478601,3,72
2019-11-28,12152.25,12153.25,12147.0,12151.5,15:15:00,12132.38020520676,3,73
2019-11-28,12155.7,12158.8,12150.85,12152.75,15:20:00,12134.60113804421,3,74
2019-11-28,12154.3,12157.75,12152.1,12155.65,15:25:00,12136.477220135235,3,75
2019-11-29,12124.35,12146.65,12112.15,12143.75,09:15:00,12135.322246789025,4,1
2019-11-29,12116.65,12123.95,12114.5,12123.7,09:20:00,12133.543937571025,4,2
2019-11-29,12114.7,12117.5,12107.0,12116.85,09:25:00,12131.749276849972,4,3
2019-11-29,12111.95,12114.65,12108.55,12114.65,09:30:00,12129.86363143569,4,4
2019-11-29,12118.1,12121.05,12109.25,12111.7,09:35:00,12128.743285584673,4,5
2019-11-29,12116.4,12120.6,12113.95,12118.35,09:40:00,12127.567734576607,4,6
2019-11-29,12100.95,12116.2,12099.8,12116.15,09:45:00,12125.03271223598,4,7
2019-11-29,12102.35,12106.55,12100.3,12100.5,09:50:00,12122.872453927792,4,8
2019-11-29,12092.3,12102.55,12092.1,12102.2,09:55:00,12119.960791648957,4,9
2019-11-29,12091.8,12094.7,12085.5,12091.45,10:00:00,12117.278811491911,4,10
2019-11-29,12095.0,12097.8,12090.8,12091.6,10:05:00,12115.157019921253,4,11
2019-11-29,12091.45,12095.4,12089.95,12094.65,10:10:00,12112.89920850018,4,12
2019-11-29,12089.8,12093.0,12089.75,12091.95,10:15:00,12110.699283881117,4,13
2019-11-29,12092.55,12096.25,12088.2,12089.9,10:20:00,12108.970780654345,4,14
2019-11-29,12093.3,12094.8,12091.05,12092.45,10:25:00,12107.47832535393,4,15
2019-11-29,12085.4,12093.1,12080.05,12093.1,10:30:00,12105.375627701174,4,16
2019-11-29,12080.95,12086.9,12079.15,12085.65,10:35:00,12103.04937744392,4,17
2019-11-29,12077.7,12080.75,12074.75,12080.0,10:40:00,12100.63515102069,4,18
2019-11-29,12077.3,12080.8,12075.6,12077.55,10:45:00,12098.412755685384,4,19
2019-11-29,12074.1,12077.25,12070.9,12077.25,10:50:00,12096.09725514392,4,20
2019-11-29,12074.15,12077.95,12072.75,12074.05,10:55:00,12094.007040368308,4,21
2019-11-29,12063.3,12074.45,12062.35,12074.25,11:00:00,12091.08256033323,4,22
2019-11-29,12063.95,12067.25,12061.35,12063.1,11:05:00,12088.498506968162,4,23
2019-11-29,12063.85,12064.25,12055.9,12063.25,11:10:00,12086.151030114052,4,24
2019-11-29,12061.6,12063.9,12055.45,12063.8,11:15:00,12083.812836769855,4,25
2019-11-29,12061.5,12064.5,12059.95,12061.95,11:20:00,12081.687804696538,4,26
2019-11-29,12051.2,12061.6,12049.7,12061.6,11:25:00,12078.784204249248,4,27
2019-11-29,12052.1,12055.05,12050.7,12051.35,11:30:00,12076.242851463605,4,28
2019-11-29,12056.0,12059.0,12051.75,12051.75,11:35:00,12074.314960848023,4,29
2019-11-29,12047.35,12056.9,12045.85,12056.5,11:40:00,12071.746869338687,4,30
2019-11-29,12046.7,12049.7,12045.05,12047.15,11:45:00,12069.361453211191,4,31
2019-11-29,12038.4,12047.2,12038.25,12045.95,11:50:00,12066.412743381556,4,32
2019-11-29,12029.2,12040.05,12029.2,12038.0,11:55:00,12062.868672583312,4,33
2019-11-29,12029.5,12030.65,12017.4,12030.2,12:00:00,12059.690703765851,4,34
2019-11-29,12045.4,12045.95,12028.65,12030.05,12:05:00,12058.32968435958,4,35
2019-11-29,12040.4,12045.0,12038.3,12044.85,12:10:00,12056.622095372952,4,36
2019-11-29,12052.25,12053.95,12040.25,12040.9,12:15:00,12056.205705337436,4,37
2019-11-29,12047.3,12053.85,12043.65,12052.5,12:20:00,12055.357542924346,4,38
2019-11-29,12043.55,12047.7,12042.0,12047.7,12:25:00,12054.23301502679,4,39
2019-11-29,12046.55,12047.85,12043.35,12043.75,12:30:00,12053.501299309952,4,40
2019-11-29,12048.15,12048.15,12043.1,12046.6,12:35:00,12052.991651756623,4,41
2019-11-29,12048.85,12050.45,12044.9,12047.9,12:40:00,12052.597208732182,4,42
2019-11-29,12058.2,12058.65,12045.95,12049.1,12:45:00,12053.130807900548,4,43
2019-11-29,12056.0,12067.5,12056.0,12058.7,12:50:00,12053.404064290971,4,44
2019-11-29,12051.0,12058.85,12049.75,12058.0,12:55:00,12053.17510578707,4,45
2019-11-29,12048.5,12053.25,12047.85,12051.3,13:00:00,12052.729857616872,4,46
2019-11-29,12046.05,12052.15,12044.85,12050.3,13:05:00,12052.09368070098,4,47
2019-11-29,12045.05,12050.35,12044.45,12047.05,13:10:00,12051.422853967551,4,48
2019-11-29,12041.9,12046.15,12037.9,12046.15,13:15:00,12050.515915494454,4,49
2019-11-29,12049.05,12050.8,12041.55,12042.8,13:20:00,12050.37630449498,4,50
2019-11-29,12046.35,12050.25,12042.0,12050.25,13:25:00,12049.99284692403,4,51
2019-11-29,12038.85,12047.0,12035.75,12047.0,13:30:00,12048.931623407454,4,52
2019-11-29,12046.0,12055.55,12037.65,12039.4,13:35:00,12048.652421178173,4,53
2019-11-29,12042.5,12046.3,12039.15,12046.3,13:40:00,12048.06647630406,4,54
2019-11-29,12037.0,12044.25,12036.6,12043.2,13:45:00,12047.012526179864,4,55
2019-11-29,12035.45,12039.55,12029.2,12036.55,13:50:00,12045.911333210352,4,56
2019-11-29,12035.05,12040.6,12030.35,12036.05,13:55:00,12044.876920523651,4,57
2019-11-29,12039.7,12041.45,12034.85,12035.6,14:00:00,12044.38388047378,4,58
2019-11-29,12039.7,12046.45,12038.1,12040.25,14:05:00,12043.937796619137,4,59
2019-11-29,12026.95,12042.55,12026.75,12040.45,14:10:00,12042.319911226836,4,60
2019-11-29,12027.0,12028.65,12018.2,12026.75,14:15:00,12040.860872062374,4,61
2019-11-29,12036.1,12037.65,12026.8,12027.1,14:20:00,12040.40745567548,4,62
2019-11-29,12030.45,12038.3,12030.0,12035.95,14:25:00,12039.45912656353,4,63
2019-11-29,12055.4,12055.4,12030.0,12030.9,14:30:00,12040.97730498605,4,64
2019-11-29,12057.1,12061.75,12054.5,12054.75,14:35:00,12042.512799749284,4,65
2019-11-29,12048.25,12057.55,12046.15,12056.85,14:40:00,12043.059199773164,4,66
2019-11-29,12056.45,12057.0,12046.1,12048.7,14:45:00,12044.33451408048,4,67
2019-11-29,12050.45,12056.45,12050.45,12056.35,14:50:00,12044.916941310912,4,68
2019-11-29,12045.85,12052.15,12045.1,12050.85,14:55:00,12045.005804043209,4,69
2019-11-29,12068.85,12069.6,12045.3,12045.5,15:00:00,12047.276679848615,4,70
2019-11-29,12066.1,12076.0,12061.3,12069.1,15:05:00,12049.06937700589,4,71
2019-11-29,12055.1,12066.75,12051.05,12066.65,15:10:00,12049.643722052948,4,72
2019-11-29,12049.05,12059.7,12046.95,12056.25,15:15:00,12049.587177095524,4,73
2019-11-29,12052.85,12053.2,12047.55,12049.6,15:20:00,12049.897922134043,4,74
2019-11-29,12048.0,12057.5,12046.9,12052.9,15:25:00,12049.717167645087,4,75
2019-12-02,12077.55,12122.35,12063.75,12113.3,09:15:00,12052.36791358365,0,1
2019-12-02,12084.6,12087.75,12071.25,12078.95,09:20:00,12055.437636099492,0,2
2019-12-02,12086.1,12092.7,12081.6,12083.9,09:25:00,12058.357861232877,0,3
2019-12-02,12090.55,12092.4,12081.4,12087.15,09:30:00,12061.423779210696,0,4
2019-12-02,12107.05,12107.05,12085.95,12090.25,09:35:00,12065.76913357158,0,5
2019-12-02,12106.7,12114.1,12100.05,12107.65,09:40:00,12069.667311326668,0,6
2019-12-02,12094.2,12109.25,12093.85,12107.35,09:45:00,12072.003757866984,0,7
2019-12-02,12093.85,12096.65,12084.1,12094.1,09:50:00,12074.084352355843,0,8
2019-12-02,12086.8,12099.6,12086.6,12094.15,09:55:00,12075.295366417193,0,9
2019-12-02,12083.95,12090.8,12078.75,12087.0,10:00:00,12076.119617234604,0,10
2019-12-02,12078.65,12086.3,12076.9,12084.3,10:05:00,12076.360606069404,0,11
2019-12-02,12073.9,12078.4,12072.3,12077.55,10:10:00,12076.12626263422,0,12
2019-12-02,12061.25,12074.85,12056.6,12073.7,10:15:00,12074.709475716678,0,13
2019-12-02,12059.85,12060.95,12048.7,12060.7,10:20:00,12073.294287553184,0,14
2019-12-02,12057.8,12070.4,12057.8,12059.65,10:25:00,12071.818641119547,0,15
2019-12-02,12051.45,12061.55,12048.45,12057.95,10:30:00,12069.878770536734,0,16
2019-12-02,12042.5,12051.95,12041.35,12051.3,10:35:00,12067.271268580856,0,17
2019-12-02,12043.6,12048.15,12031.45,12042.35,10:40:00,12065.016862049344,0,18
2019-12-02,12049.7,12054.25,12042.45,12043.85,10:45:00,12063.55811328274,0,19
2019-12-02,12049.35,12050.2,12045.15,12049.8,10:50:00,12062.204959636763,0,20
2019-12-02,12053.55,12057.35,12048.3,12049.5,10:55:00,12061.380677766598,0,21
2019-12-02,12042.0,12054.35,12041.6,12053.35,11:00:00,12059.534898931684,0,22
2019-12-02,12041.45,12043.75,12035.65,12042.25,11:05:00,12057.812527604856,0,23
2019-12-02,12045.45,12046.5,12037.9,12040.7,11:10:00,12056.63514402344,0,24
2019-12-02,12043.65,12046.6,12040.75,12045.6,11:15:00,12055.398463640257,0,25
2019-12-02,12056.2,12058.9,12043.05,12043.85,11:20:00,12055.47480043642,0,26
2019-12-02,12062.8,12064.9,12055.05,12055.6,11:25:00,12056.172438490095,0,27
2019-12-02,12064.1,12066.85,12061.45,12062.85,11:30:00,12056.927444348185,0,28
2019-12-02,12065.05,12076.55,12063.95,12063.95,11:35:00,12057.701021076926,0,29
2019-12-02,12062.5,12065.45,12059.1,12064.85,11:40:00,12058.158066688648,0,30
2019-12-02,12066.8,12068.8,12062.75,12062.75,11:45:00,12058.981107956395,0,31
2019-12-02,12062.85,12067.4,12061.35,12066.45,11:50:00,12059.349573865313,0,32
2019-12-02,12053.05,12063.45,12051.35,12063.0,11:55:00,12058.749614449567,0,33
2019-12-02,12056.7,12057.1,12052.25,12053.25,12:00:00,12058.554413073418,0,34
2019-12-02,12060.65,12062.15,12056.55,12056.85,12:05:00,12058.753992780712,0,35
2019-12-02,12058.75,12061.25,12053.85,12060.9,12:10:00,12058.753612515882,0,36
2019-12-02,12055.95,12060.35,12055.2,12059.0,12:15:00,12058.486601800085,0,37
2019-12-02,12058.6,12062.85,12055.85,12056.0,12:20:00,12058.497401628649,0,38
2019-12-02,12045.6,12059.15,12045.6,12058.7,12:25:00,12057.269077664014,0,39
2019-12-02,12046.0,12047.4,12039.6,12045.8,12:30:00,12056.195832172203,0,40
2019-12-02,12051.7,12059.65,12042.95,12046.4,12:35:00,12055.767657679611,0,41
2019-12-02,12042.85,12051.85,12042.85,12051.85,12:40:00,12054.537404567269,0,42
2019-12-02,12040.9,12044.3,12036.15,12042.7,12:45:00,12053.238604132292,0,43
2019-12-02,12033.2,12041.7,12033.2,12041.05,12:50:00,12051.3301656435,0,44
2019-12-02,12031.85,12033.9,12025.4,12031.65,12:55:00,12049.474911772691,0,45
2019-12-02,12034.8,12039.85,12028.35,12031.25,13:00:00,12048.077301127672,0,46
2019-12-02,12034.75,12037.25,12032.25,12034.85,13:05:00,12046.808034353608,0,47
2019-12-02,12032.6,12035.05,12029.8,12034.85,13:10:00,12045.454888224693,0,48
2019-12-02,12025.25,12036.25,12025.25,12032.35,13:15:00,12043.530613155674,0,49
2019-12-02,12029.7,12031.2,12025.0,12025.55,13:20:00,12042.213411902754,0,50
2019-12-02,12029.75,12035.9,12028.75,12030.55,13:25:00,12041.026420292968,0,51
2019-12-02,12044.8,12047.55,12029.55,12030.35,13:30:00,12041.385808836496,0,52
2019-12-02,12046.3,12049.95,12043.15,12045.05,13:35:00,12041.853827042543,0,53
2019-12-02,12046.35,12050.6,12046.25,12046.75,13:40:00,12042.282033990872,0,54
2019-12-02,12049.85,12050.35,12046.25,12046.85,13:45:00,12043.002792658408,0,55
2019-12-02,12056.95,12057.45,12047.2,12050.65,13:50:00,12044.331098119512,0,56
2019-12-02,12047.4,12058.4,12045.75,12057.9,13:55:00,12044.62337448908,0,57
2019-12-02,12048.35,12051.3,12047.7,12049.55,14:00:00,12044.978291204408,0,58
2019-12-02,12059.6,12061.5,12048.3,12049.25,14:05:00,12046.370834899226,0,59
2019-12-02,12058.75,12062.9,12057.4,12059.8,14:10:00,12047.549803004062,0,60
2019-12-02,12046.95,12060.25,12046.8,12059.3,14:15:00,12047.492678908438,0,61
2019-12-02,12045.65,12047.8,12041.7,12045.1,14:20:00,12047.317185679063,0,62
2019-12-02,12046.15,12052.65,12043.7,12046.15,14:25:00,12047.2060251382,0,63
2019-12-02,12048.55,12052.65,12046.1,12046.35,14:30:00,12047.334022744088,0,64
2019-12-02,12049.5,12051.6,12044.85,12049.05,14:35:00,12047.54030629227,0,65
2019-12-02,12057.3,12058.65,12048.1,12049.4,14:40:00,12048.469800931103,0,66
2019-12-02,12049.45,12058.3,12048.15,12057.2,14:45:00,12048.563153223378,0,67
2019-12-02,12042.75,12052.0,12042.75,12049.15,14:50:00,12048.009519583056,0,68
2019-12-02,12032.75,12043.05,12023.7,12043.0,14:55:00,12046.55623200372,0,69
2019-12-02,12045.55,12050.0,12033.55,12033.55,15:00:00,12046.460400384316,0,70
2019-12-02,12045.7,12047.8,12039.2,12045.4,15:05:00,12046.387981300097,0,71
2019-12-02,12048.45,12048.45,12038.85,12045.8,15:10:00,12046.58436403342,0,72
2019-12-02,12052.4,12052.55,12042.4,12047.7,15:15:00,12047.138234125476,0,73
2019-12-02,12055.5,12056.1,12050.45,12051.2,15:20:00,12047.934592780191,0,74
2019-12-02,12048.25,12058.2,12046.5,12055.35,15:25:00,12047.96463156303,0,75
2019-12-03,12029.1,12063.45,12020.35,12063.45,09:15:00,12046.1679999856,1,1
2019-12-03,12023.6,12030.9,12019.35,12028.95,09:20:00,12044.018666653636,1,2
2019-12-03,12033.75,12034.7,12021.6,12023.8,09:25:00,12043.04069840091,1,3
2019-12-03,12037.2,12040.95,12031.25,12033.6,09:30:00,12042.484441410346,1,4
2019-12-03,12022.95,12037.45,12021.35,12037.45,09:35:00,12040.624018418885,1,5
2019-12-03,12025.2,12029.15,12021.0,12023.1,09:40:00,12039.155064283752,1,6
2019-12-03,12024.85,12030.2,12022.35,12025.05,09:45:00,12037.792677209109,1,7
2019-12-03,12013.9,12025.1,12012.0,12025.0,09:50:00,12035.517184141574,1,8
2019-12-03,12013.95,12016.1,12008.4,12014.35,09:55:00,12033.46316660428,1,9
2019-12-03,12010.35,12013.7,12008.3,12013.5,10:00:00,12031.261912641969,1,10
2019-12-03,12014.1,12015.0,12007.3,12009.95,10:05:00,12029.627444771306,1,11
2019-12-03,12019.0,12021.0,12013.45,12014.3,10:10:00,12028.615307174035,1,12
2019-12-03,12016.45,12019.9,12012.95,12019.25,10:15:00,12027.456706490795,1,13
2019-12-03,12023.35,12027.0,12015.4,12016.25,10:20:00,12027.06559158691,1,14
2019-12-03,12024.45,12026.7,12022.55,12023.75,10:25:00,12026.816487626253,1,15
2019-12-03,12020.45,12025.15,12018.0,12024.3,10:30:00,12026.21015547137,1,16
2019-12-03,12014.35,12021.05,12012.9,12019.65,10:35:00,12025.08061685505,1,17
2019-12-03,12008.65,12014.4,12006.85,12014.2,10:40:00,12023.515796202188,1,18
2019-12-03,12013.9,12014.25,12004.35,12008.7,10:45:00,12022.600006087692,1,19
2019-12-03,12006.75,12014.35,12005.75,12014.2,10:50:00,12021.090481698388,1,20
2019-12-03,12001.1,12007.3,11996.15,12006.8,10:55:00,12019.186626298542,1,21
2019-12-03,12005.5,12006.65,11998.95,12001.2,11:00:00,12017.883138079633,1,22
2019-12-03,12010.95,12011.4,12004.75,12005.45,11:05:00,12017.222839214906,1,23
2019-12-03,12008.8,12013.65,12006.8,12011.45,11:10:00,12016.42066405158,1,24
2019-12-03,12004.55,12009.9,12004.15,12008.5,11:15:00,12015.290124618095,1,25
2019-12-03,11996.85,12005.15,11995.4,12005.15,11:20:00,12013.533922273517,1,26
2019-12-03,11987.45,11997.1,11984.05,11996.45,11:25:00,12011.049739199849,1,27
2019-12-03,11989.15,11990.95,11985.65,11987.1,11:30:00,12008.96404975224,1,28
2019-12-03,11979.4,11989.95,11975.25,11989.1,11:35:00,12006.148425966314,1,29
2019-12-03,11980.95,11984.55,11969.3,11979.65,11:40:00,12003.748575874284,1,30
2019-12-03,11984.85,11986.1,11980.9,11981.25,11:45:00,12001.948711505303,1,31
2019-12-03,11982.85,11986.85,11981.5,11984.9,11:50:00,12000.129786600037,1,32
2019-12-03,11982.6,11988.4,11978.6,11983.1,11:55:00,11998.46028311432,1,33
2019-12-03,11976.55,11983.25,11972.75,11982.45,12:00:00,11996.373589484385,1,34
2019-12-03,11973.7,11976.9,11971.0,11976.9,12:05:00,11994.214200009685,1,35
2019-12-03,11976.75,11977.65,11971.05,11973.3,12:10:00,11992.550942865902,1,36
2019-12-03,11977.45,11981.3,11974.3,11976.35,12:15:00,11991.112757831055,1,37
2019-12-03,11981.65,11983.15,11976.8,11977.7,12:20:00,11990.211542799529,1,38
2019-12-03,11978.65,11982.4,11978.65,11980.55,12:25:00,11989.110443485286,1,39
2019-12-03,11985.8,11987.35,11978.05,11979.05,12:30:00,11988.795163153354,1,40
2019-12-03,11978.1,11985.75,11977.15,11985.75,12:35:00,11987.776576186368,1,41
2019-12-03,11975.8,11978.3,11974.2,11977.2,12:40:00,11986.635949882904,1,42
2019-12-03,11965.95,11976.0,11965.15,11976.0,12:45:00,11984.665859417866,1,43
2019-12-03,11965.8,11969.75,11964.15,11966.1,12:50:00,11982.86911090188,1,44
2019-12-03,11966.7,11971.25,11963.8,11965.4,12:55:00,11981.329195577891,1,45
2019-12-03,11965.55,11966.95,11962.15,11966.45,13:00:00,11979.826415046664,1,46
2019-12-03,11970.1,11970.65,11965.0,11965.8,13:05:00,11978.900089804123,1,47
2019-12-03,11965.6,11970.85,11960.05,11970.85,13:10:00,11977.633414584683,1,48
2019-12-03,11968.1,11969.05,11963.25,11966.15,13:15:00,11976.725470338526,1,49
2019-12-03,11978.75,11980.85,11968.1,11969.2,13:20:00,11976.918282687238,1,50
2019-12-03,11980.2,11981.05,11977.35,11979.5,13:25:00,11977.230827193216,1,51
2019-12-03,11985.05,11988.05,11980.35,11980.95,13:30:00,11977.97551031767,1,52
2019-12-03,11984.65,11987.95,11980.4,11986.35,13:35:00,11978.6111760017,1,53
2019-12-03,11978.7,11990.45,11977.65,11985.2,13:40:00,11978.619635430112,1,54
2019-12-03,11980.1,11981.85,11974.4,11979.35,13:45:00,11978.760622532009,1,55
2019-12-03,11982.55,11984.05,11978.9,11980.65,13:50:00,11979.121515624196,1,56
2019-12-03,11975.3,11984.75,11974.75,11984.1,13:55:00,11978.757561755225,1,57
2019-12-03,11973.95,11976.55,11970.45,11975.7,14:00:00,11978.299698730918,1,58
2019-12-03,11973.5,11977.65,11972.0,11974.3,14:05:00,11977.84258456607,1,59
2019-12-03,11973.25,11976.05,11972.65,11974.55,14:10:00,11977.40519555978,1,60
2019-12-03,11981.1,11981.85,11973.15,11974.05,14:15:00,11977.757081696942,1,61
2019-12-03,11977.35,11982.35,11976.6,11981.7,14:20:00,11977.71831201152,1,62
2019-12-03,11962.3,11978.9,11956.4,11978.5,14:25:00,11976.249901343755,1,63
2019-12-03,11972.9,11973.7,11962.5,11962.55,14:30:00,11975.930863120542,1,64
2019-12-03,11974.7,11979.75,11971.55,11972.0,14:35:00,11975.813638061443,1,65
2019-12-03,11985.8,11985.8,11974.0,11974.45,14:40:00,11976.76472015083,1,66
2019-12-03,11998.15,12004.0,11985.3,11985.95,14:45:00,11978.801413469797,1,67
2019-12-03,11990.7,12003.9,11990.7,11998.1,14:50:00,11979.93461218696,1,68
2019-12-03,11983.65,11991.05,11979.75,11991.05,14:55:00,11980.288458645344,1,69
2019-12-03,11991.75,11996.15,11984.15,11984.3,15:00:00,11981.380034012454,1,70
2019-12-03,11990.75,11994.15,11989.1,11992.4,15:05:00,11982.272411725557,1,71
2019-12-03,11995.05,11995.95,11987.55,11991.0,15:10:00,11983.48932489455,1,72
2019-12-03,11997.6,11997.85,11990.05,11994.5,15:15:00,11984.833198714115,1,73
2019-12-03,11997.8,12001.35,11996.3,11998.4,15:20:00,11986.068132169916,1,74
2019-12-03,12001.05,12003.15,11995.5,11998.0,15:25:00,11987.494976725162,1,75
2019-12-04,11975.85,11975.85,11954.55,11966.45,09:15:00,11986.385931322766,2,1
2019-12-04,11957.6,11977.8,11957.25,11975.85,09:20:00,11983.644414053932,2,2
2019-12-04,11960.05,11961.35,11951.55,11956.95,09:25:00,11981.397327001176,2,3
2019-12-04,11964.7,11965.85,11954.85,11959.95,09:30:00,11979.807105382017,2,4
2019-12-04,11972.85,11975.85,11962.4,11964.85,09:35:00,11979.144523917064,2,5
2019-12-04,11999.7,11999.7,11969.9,11973.3,09:40:00,11981.102188305917,2,6
2019-12-04,12009.95,12014.25,11997.6,11999.75,09:45:00,11983.849598943449,2,7
2019-12-04,12008.75,12010.05,11999.5,12009.85,09:50:00,11986.22106571074,2,8
2019-12-04,12009.35,12009.35,11996.55,12009.0,09:55:00,11988.423821357335,2,9
2019-12-04,12014.55,12023.15,12003.6,12009.9,10:00:00,11990.912028847111,2,10
2019-12-04,12008.3,12021.3,12006.8,12014.85,10:05:00,11992.568026099769,2,11
2019-12-04,12023.55,12025.2,12008.75,12008.75,10:10:00,11995.518690280744,2,12
2019-12-04,12018.25,12026.5,12016.8,12023.1,10:15:00,11997.683576920674,2,13
2019-12-04,12011.95,12021.15,12009.9,12018.0,10:20:00,11999.04228388061,2,14
2019-12-04,12011.45,12018.7,12010.15,12012.3,10:25:00,12000.223971130075,2,15
2019-12-04,12002.5,12011.7,12002.45,12010.9,10:30:00,12000.440735784356,2,16
2019-12-04,12005.65,12007.15,11999.5,12002.05,10:35:00,12000.936856185845,2,17
2019-12-04,12011.35,12015.7,12005.85,12006.2,10:40:00,12001.928584168145,2,18
2019-12-04,12012.35,12014.15,12008.4,12011.75,10:45:00,12002.921099961655,2,19
2019-12-04,12009.85,12013.0,12009.15,12012.0,10:50:00,12003.5809952034,2,20
2019-12-04,12013.3,12014.1,12008.45,12009.95,10:55:00,12004.50661470784,2,21
2019-12-04,12001.9,12013.6,11998.55,12013.6,11:00:00,12004.258365688043,2,22
2019-12-04,11992.95,12003.0,11990.25,12002.0,11:05:00,12003.18137847966,2,23
2019-12-04,12003.45,12003.75,11990.4,11993.0,11:10:00,12003.2069614816,2,24
2019-12-04,11989.1,12003.75,11988.2,12003.4,11:15:00,12001.863441340494,2,25
2019-12-04,11992.3,11993.1,11986.05,11988.75,11:20:00,12000.952637403305,2,26
2019-12-04,11995.9,11996.85,11987.9,11992.35,11:25:00,12000.471433841089,2,27
2019-12-04,11993.25,11996.95,11988.2,11995.95,11:30:00,11999.783678237174,2,28
2019-12-04,11990.1,11992.9,11989.95,11992.75,11:35:00,11998.861423166967,2,29
2019-12-04,11989.45,11993.3,11987.1,11990.15,11:40:00,11997.965097151064,2,30
2019-12-04,11983.55,11989.8,11979.55,11988.8,11:45:00,11996.592230755725,2,31
2019-12-04,11979.7,11984.55,11979.65,11982.8,11:50:00,11994.983446874228,2,32
2019-12-04,11985.15,11988.15,11978.95,11979.65,11:55:00,11994.0469281243,2,33
2019-12-04,11986.35,11991.85,11984.3,11984.95,12:00:00,11993.313887350556,2,34
2019-12-04,11979.15,11986.4,11979.15,11986.05,12:05:00,11991.964945698122,2,35
2019-12-04,11977.75,11979.4,11972.9,11979.2,12:10:00,11990.61114134592,2,36
2019-12-04,11972.0,11978.65,11971.8,11977.9,12:15:00,11988.838651693928,2,37
2019-12-04,11973.0,11975.75,11971.75,11972.15,12:20:00,11987.330208675456,2,38
2019-12-04,11970.6,11973.75,11969.15,11972.95,12:25:00,11985.736855468273,2,39
2019-12-04,11983.7,11984.65,11969.4,11970.15,12:30:00,11985.5428692332,2,40
2019-12-04,11980.5,11983.55,11977.55,11983.15,12:35:00,11985.062595972897,2,41
2019-12-04,11969.05,11980.0,11965.75,11980.0,12:40:00,11983.53758683262,2,42
2019-12-04,11972.5,11976.7,11968.15,11968.15,12:45:00,11982.486388086656,2,43
2019-12-04,11957.7,11975.95,11957.3,11972.45,12:50:00,11980.125779697451,2,44
2019-12-04,11951.7,11960.35,11951.7,11959.0,12:55:00,11977.418562583409,2,45
2019-12-04,11943.0,11952.6,11937.1,11950.9,13:00:00,11974.140604242131,2,46
2019-12-04,11940.7,11945.05,11935.3,11942.7,13:05:00,11970.9557847905,2,47
2019-12-04,11944.05,11948.8,11939.1,11940.6,13:10:00,11968.393329096169,2,48
2019-12-04,11950.7,11950.95,11939.75,11944.4,13:15:00,11966.708250134629,2,49
2019-12-04,11940.6,11950.9,11936.65,11950.6,13:20:00,11964.221750121806,2,50
2019-12-04,11944.2,11947.65,11938.3,11941.5,13:25:00,11962.314916776872,2,51
2019-12-04,11953.95,11958.1,11937.75,11944.85,13:30:00,11961.518258036218,2,52
2019-12-04,11949.7,11962.5,11949.0,11954.7,13:35:00,11960.392709651816,2,53
2019-12-04,11956.3,11957.75,11947.95,11949.45,13:40:00,11960.002927780211,2,54
2019-12-04,11962.95,11964.5,11952.9,11957.1,13:45:00,11960.283601324956,2,55
2019-12-04,11964.55,11972.05,11962.95,11963.5,13:50:00,11960.689925008292,2,56
2019-12-04,11969.9,11974.3,11964.7,11964.9,13:55:00,11961.567075007504,2,57
2019-12-04,11972.6,11976.05,11969.15,11970.35,14:00:00,11962.617829768697,2,58
2019-12-04,11971.15,11974.7,11970.05,11972.7,14:05:00,11963.430417409772,2,59
2019-12-04,11958.8,11976.55,11958.8,11971.25,14:10:00,11962.989425275508,2,60
2019-12-04,11970.0,11970.0,11952.65,11959.15,14:15:00,11963.657099058792,2,61
2019-12-04,11970.05,11972.95,11965.95,11970.5,14:20:00,11964.26594676748,2,62
2019-12-04,11968.15,11972.5,11964.35,11970.55,14:25:00,11964.63585659915,2,63
2019-12-04,11978.55,11982.65,11964.75,11968.4,14:30:00,11965.961013113516,2,64
2019-12-04,11997.8,12001.05,11970.2,11979.55,14:35:00,11968.993297578894,2,65
2019-12-04,12002.85,12011.9,11997.7,11999.4,14:40:00,11972.217745428525,2,66
2019-12-04,12006.85,12014.9,12003.05,12003.05,14:45:00,11975.51605538771,2,67
2019-12-04,12015.0,12016.1,12005.9,12006.55,14:50:00,11979.276431065073,2,68
2019-12-04,12020.3,12023.45,12010.05,12015.25,14:55:00,11983.1834376303,2,69
2019-12-04,12034.8,12042.5,12020.65,12020.95,15:00:00,11988.09930071313,2,70
2019-12-04,12049.65,12050.0,12034.7,12034.7,15:05:00,11993.961272073784,2,71
2019-12-04,12044.15,12054.7,12039.85,12049.45,15:10:00,11998.7411509239,2,72
2019-12-04,12042.3,12048.2,12041.35,12044.45,15:15:00,12002.88961274067,2,73
2019-12-04,12041.35,12045.15,12040.1,12042.4,15:20:00,12006.552506765369,2,74
2019-12-04,12037.3,12041.65,12033.8,12041.3,15:25:00,12009.48083945438,2,75
2019-12-05,12063.1,12076.55,12056.85,12069.5,09:15:00,12014.58742617301,3,1
2019-12-05,12067.0,12068.2,12060.5,12062.65,09:20:00,12019.579099870818,3,2
2019-12-05,12065.6,12074.75,12065.6,12066.85,09:25:00,12023.962042740264,3,3
2019-12-05,12051.45,12067.4,12049.8,12065.8,09:30:00,12026.579943431669,3,4
2019-12-05,12048.15,12055.2,12046.75,12050.65,09:35:00,12028.634234533412,3,5
2019-12-05,12063.1,12067.75,12045.15,12048.1,09:40:00,12031.916688387371,3,6
2019-12-05,12059.7,12068.5,12057.85,12062.8,09:45:00,12034.562718064766,3,7
2019-12-05,12052.4,12062.1,12052.1,12059.35,09:50:00,12036.261506820503,3,8
2019-12-05,12061.5,12062.4,12052.65,12052.65,09:55:00,12038.665172837598,3,9
2019-12-05,12066.7,12068.95,12059.45,12061.4,10:00:00,12041.335156376876,3,10
2019-12-05,12062.9,12068.7,12062.85,12066.8,10:05:00,12043.38895100765,3,11
2019-12-05,12062.5,12067.8,12061.3,12062.85,10:10:00,12045.209050911682,3,12
2019-12-05,12059.65,12064.5,12059.65,12062.75,10:15:00,12046.584379396283,3,13
2019-12-05,12064.3,12066.8,12059.1,12059.7,10:20:00,12048.271581358542,3,14
2019-12-05,12063.6,12066.75,12062.7,12063.3,10:25:00,12049.731430752969,3,15
2019-12-05,12058.45,12064.5,12057.95,12063.85,10:30:00,12050.561770681255,3,16
2019-12-05,12061.75,12062.2,12057.6,12058.1,10:35:00,12051.62731633066,3,17
2019-12-05,12057.8,12065.55,12055.9,12061.5,10:40:00,12052.215190965837,3,18
2019-12-05,12059.35,12065.0,12057.2,12057.75,10:45:00,12052.894696588137,3,19
2019-12-05,12065.7,12067.5,12059.45,12059.45,10:50:00,12054.114249294027,3,20
2019-12-05,12074.55,12081.2,12063.65,12065.9,10:55:00,12056.060511266029,3,21
2019-12-05,12076.7,12078.7,12072.15,12075.45,11:00:00,12058.026176859736,3,22
2019-12-05,12067.2,12077.45,12064.4,12076.55,11:05:00,12058.899874301667,3,23
2019-12-05,12070.95,12072.55,12066.4,12066.75,11:10:00,12060.047505320556,3,24
2019-12-05,12071.1,12073.65,12069.45,12070.9,11:15:00,12061.100123861455,3,25
2019-12-05,12068.0,12072.45,12068.0,12071.6,11:20:00,12061.75725492227,3,26
2019-12-05,12069.95,12070.2,12064.05,12068.4,11:25:00,12062.537516358245,3,27
2019-12-05,12066.5,12070.3,12063.35,12069.7,11:30:00,12062.914895752696,3,28
2019-12-05,12064.4,12068.4,12062.6,12065.8,11:35:00,12063.05633425244,3,29
2019-12-05,12068.9,12075.6,12063.85,12064.45,11:40:00,12063.612873847444,3,30
2019-12-05,12010.5,12070.45,12001.95,12069.3,11:45:00,12058.554504909594,3,31
2019-12-05,12030.5,12031.95,12005.45,12008.25,11:50:00,12055.882647299157,3,32
2019-12-05,12036.6,12044.85,12028.2,12030.6,11:55:00,12054.046204699238,3,33
2019-12-05,12027.0,12040.65,12026.25,12036.85,12:00:00,12051.470375680265,3,34
2019-12-05,12032.85,12036.95,12024.35,12026.45,12:05:00,12049.697006567858,3,35
2019-12-05,12028.15,12035.55,12027.6,12032.95,12:10:00,12047.644910704252,3,36
2019-12-05,12015.4,12027.75,12008.1,12027.75,12:15:00,12044.573966827656,3,37
2019-12-05,12025.55,12027.15,12014.65,12014.65,12:20:00,12042.762160463117,3,38
2019-12-05,12033.25,12039.95,12023.7,12025.3,12:25:00,12041.856240419009,3,39
2019-12-05,12046.2,12052.6,12029.0,12033.95,12:30:00,12042.269931807674,3,40
2019-12-05,12044.0,12055.75,12044.0,12046.6,12:35:00,12042.434700206944,3,41
2019-12-05,12045.45,12046.4,12038.55,12045.1,12:40:00,12042.721871615806,3,42
2019-12-05,12044.15,12051.6,12040.9,12045.9,12:45:00,12042.857883842871,3,43
2019-12-05,12042.85,12048.0,12042.8,12044.8,12:50:00,12042.857133000696,3,44
2019-12-05,12041.4,12044.9,12039.3,12044.0,12:55:00,12042.718358429202,3,45
2019-12-05,12040.4,12043.5,12037.3,12042.05,13:00:00,12042.497562388326,3,46
2019-12-05,12052.4,12053.95,12039.95,12041.25,13:05:00,12043.440651684676,3,47
2019-12-05,12052.55,12057.3,12048.6,12052.95,13:10:00,12044.308208667087,3,48
2019-12-05,12054.6,12058.45,12050.05,12053.5,13:15:00,12045.288379270223,3,49
2019-12-05,12048.2,12055.95,12046.3,12055.2,13:20:00,12045.565676482584,3,50
2019-12-05,12052.8,12055.95,12047.85,12048.65,13:25:00,12046.254659674718,3,51
2019-12-05,12062.15,12064.05,12053.1,12054.05,13:30:00,12047.76850161046,3,52
2019-12-05,12066.4,12068.55,12057.65,12062.4,13:35:00,12049.54293002851,3,53
2019-12-05,12073.9,12075.5,12063.85,12067.25,13:40:00,12051.862650978175,3,54
2019-12-05,12065.8,12074.4,12063.65,12074.4,13:45:00,12053.190017551682,3,55
2019-12-05,12061.55,12066.1,12055.45,12066.1,13:50:00,12053.986206356283,3,56
2019-12-05,12066.25,12068.35,12061.2,12062.2,13:55:00,12055.154186703305,3,57
2019-12-05,12055.65,12065.9,12052.8,12065.55,14:00:00,12055.201407017275,3,58
2019-12-05,12046.3,12057.05,12041.2,12055.0,14:05:00,12054.353653968012,3,59
2019-12-05,12055.65,12056.8,12043.9,12046.0,14:10:00,12054.477115494868,3,60
2019-12-05,12060.0,12060.65,12053.1,12055.35,14:15:00,12055.003104495354,3,61
2019-12-05,12050.75,12060.0,12048.65,12059.35,14:20:00,12054.59804692437,3,62
2019-12-05,12042.35,12055.8,12040.6,12050.65,14:25:00,12053.431566264906,3,63
2019-12-05,12027.9,12042.3,12022.85,12042.3,14:30:00,12050.999988525393,3,64
2019-12-05,12015.75,12030.4,12014.55,12027.75,14:35:00,12047.642846761068,3,65
2019-12-05,12015.85,12017.75,12005.95,12014.9,14:40:00,12044.614956593348,3,66
2019-12-05,12001.85,12015.8,11998.75,12015.8,14:45:00,12040.542103584456,3,67
2019-12-05,12006.55,12010.7,12002.5,12002.85,14:50:00,12037.304760385936,3,68
2019-12-05,12012.8,12020.5,12004.45,12006.45,14:55:00,12034.970973682512,3,69
2019-12-05,12029.9,12038.3,12012.9,12013.1,15:00:00,12034.48802380799,3,70
2019-12-05,12038.35,12040.05,12024.75,12029.6,15:05:00,12034.855831064371,3,71
2019-12-05,12030.75,12041.9,12030.7,12038.6,15:10:00,12034.464799534431,3,72
2019-12-05,12010.2,12035.0,12009.5,12031.1,15:15:00,12032.15386624544,3,73
2019-12-05,12005.35,12014.2,12002.35,12010.4,15:20:00,12029.601117079206,3,74
2019-12-05,12007.9,12010.95,12004.8,12004.85,15:25:00,12027.534344024043,3,75
2019-12-06,12042.8,12053.6,12036.5,12041.5,09:15:00,12028.988216021757,4,1
2019-12-06,12044.3,12048.25,12039.6,12041.7,09:20:00,12030.44648116254,4,2
2019-12-06,12037.0,12047.0,12036.7,12044.1,09:25:00,12031.070625813729,4,3
2019-12-06,12048.6,12048.95,12037.2,12037.2,09:30:00,12032.740090021944,4,4
2019-12-06,12049.85,12057.05,12048.45,12048.9,09:35:00,12034.369605257947,4,5
2019-12-06,12039.1,12050.05,12039.1,12049.9,09:40:00,12034.820119042906,4,6
2019-12-06,12037.65,12038.8,12027.65,12038.8,09:45:00,12035.08963151501,4,7
2019-12-06,12040.2,12042.25,12034.85,12037.9,09:50:00,12035.576333275483,4,8
2019-12-06,12050.25,12050.25,12037.6,12039.95,09:55:00,12036.973825344485,4,9
2019-12-06,12036.2,12049.15,12035.2,12049.15,10:00:00,12036.900127692628,4,10
2019-12-06,12035.05,12039.35,12032.75,12035.8,10:05:00,12036.723925055234,4,11
2019-12-06,12035.05,12037.7,12032.45,12034.8,10:10:00,12036.5645036214,4,12
2019-12-06,12029.75,12035.85,12025.1,12035.2,10:15:00,12035.915503276505,4,13
2019-12-06,12019.75,12029.1,12018.35,12029.1,10:20:00,12034.375931535886,4,14
2019-12-06,12019.55,12020.55,12012.55,12019.25,10:25:00,12032.963938056278,4,15
2019-12-06,12025.1,12031.45,12018.0,12019.15,10:30:00,12032.214991574729,4,16
2019-12-06,12019.85,12030.15,12019.65,12025.25,10:35:00,12031.037373329516,4,17
2019-12-06,12015.2,12019.25,12011.1,12019.2,10:40:00,12029.52905206004,4,18
2019-12-06,12016.7,12017.3,12007.2,12015.1,10:45:00,12028.307237578132,4,19
2019-12-06,12009.6,12021.85,12008.55,12016.9,10:50:00,12026.525595904024,4,20
2019-12-06,12009.4,12013.55,12007.95,12008.7,10:55:00,12024.894586770308,4,21
2019-12-06,12008.9,12010.45,12002.85,12009.95,11:00:00,12023.371292792184,4,22
2019-12-06,12005.8,12013.65,12005.65,12009.8,11:05:00,12021.697836335785,4,23
2019-12-06,12001.3,12007.4,11996.05,12006.55,11:10:00,12019.755185256186,4,24
2019-12-06,11994.05,12001.7,11992.25,12001.7,11:15:00,12017.307072374644,4,25
2019-12-06,11982.95,11999.05,11982.6,11995.5,11:20:00,12014.034970243723,4,26
2019-12-06,11972.3,11983.95,11970.95,11983.1,11:25:00,12010.060211172897,4,27
2019-12-06,11975.2,11977.1,11960.65,11971.45,11:30:00,12006.740191061192,4,28
2019-12-06,11977.35,11978.75,11971.5,11975.65,11:35:00,12003.94112524584,4,29
2019-12-06,11968.5,11978.05,11964.5,11977.7,11:40:00,12000.565779984332,4,30
2019-12-06,11964.75,11968.95,11958.25,11968.95,11:45:00,11997.154753319155,4,31
2019-12-06,11962.8,11969.15,11961.6,11965.35,11:50:00,11993.882872050664,4,32
2019-12-06,11977.25,11977.4,11960.9,11963.4,11:55:00,11992.29878899822,4,33
2019-12-06,11980.75,11987.5,11977.35,11978.3,12:00:00,11991.198904331724,4,34
2019-12-06,11976.15,11982.4,11972.15,11980.45,12:05:00,11989.765675347751,4,35
2019-12-06,11970.1,11977.6,11969.8,11975.6,12:10:00,11987.89275388606,4,36
2019-12-06,11975.45,11975.5,11966.85,11970.05,12:15:00,11986.707729706435,4,37
2019-12-06,11981.9,11984.7,11971.35,11975.3,12:20:00,11986.249850686774,4,38
2019-12-06,11988.75,11991.65,11979.7,11982.0,12:25:00,11986.487960145176,4,39
2019-12-06,11988.35,11989.6,11982.8,11988.2,12:30:00,11986.665297274209,4,40
2019-12-06,11985.1,11990.2,11982.55,11988.4,12:35:00,11986.516221343329,4,41
2019-12-06,11985.45,11987.85,11980.6,11984.75,12:40:00,11986.414676453487,4,42
2019-12-06,11976.7,11985.75,11971.7,11985.75,12:45:00,11985.489469172204,4,43
2019-12-06,11975.4,11977.6,11967.95,11976.65,12:50:00,11984.52856734628,4,44
2019-12-06,11971.55,11977.75,11969.75,11975.1,12:55:00,11983.2925133133,4,45
2019-12-06,11964.6,11971.85,11957.85,11971.85,13:00:00,11981.51227395013,4,46
2019-12-06,11965.25,11970.0,11960.65,11964.3,13:05:00,11979.96348595488,4,47
2019-12-06,11966.0,11970.8,11964.3,11965.75,13:10:00,11978.633630149652,4,48
2019-12-06,11973.05,11974.3,11960.15,11965.75,13:15:00,11978.101855849683,4,49
2019-12-06,11971.2,11979.25,11970.4,11972.8,13:20:00,11977.444536244951,4,50
2019-12-06,11960.8,11971.9,11958.1,11970.85,13:25:00,11975.859342316862,4,51
2019-12-06,11954.75,11962.15,11951.4,11960.75,13:30:00,11973.848928762874,4,52
2019-12-06,11962.6,11964.5,11950.9,11954.9,13:35:00,11972.777602214028,4,53
2019-12-06,11958.45,11963.8,11956.85,11963.15,13:40:00,11971.413068669834,4,54
2019-12-06,11955.4,11958.7,11952.25,11958.6,13:45:00,11969.8880145108,4,55
2019-12-06,11941.35,11963.95,11937.7,11955.5,13:50:00,11967.170108366916,4,56
2019-12-06,11924.55,11939.55,11920.05,11939.55,13:55:00,11963.11105042721,4,57
2019-12-06,11930.7,11934.25,11916.85,11924.95,14:00:00,11960.024283719857,4,58
2019-12-06,11917.45,11931.25,11909.7,11931.1,14:05:00,11955.969590032251,4,59
2019-12-06,11908.6,11921.3,11907.1,11918.3,14:10:00,11951.45820050537,4,60
2019-12-06,11910.85,11919.9,11905.7,11909.45,14:15:00,11947.590752838192,4,61
2019-12-06,11906.85,11916.7,11900.35,11911.15,14:20:00,11943.710681139317,4,62
2019-12-06,11903.15,11912.5,11901.6,11907.4,14:25:00,11939.847759126047,4,63
2019-12-06,11892.9,11904.45,11888.85,11903.65,14:30:00,11935.376543971186,4,64
2019-12-06,11896.65,11900.85,11892.9,11893.05,14:35:00,11931.688301688217,4,65
2019-12-06,11915.0,11919.0,11895.0,11896.75,14:40:00,11930.098939622672,4,66
2019-12-06,11922.1,11928.2,11908.4,11915.55,14:45:00,11929.337135849084,4,67
2019-12-06,11922.15,11929.2,11921.6,11922.55,14:50:00,11928.6526467206,4,68
2019-12-06,11921.75,11924.1,11911.05,11922.7,14:55:00,11927.995251794828,4,69
2019-12-06,11929.4,11938.7,11922.3,11922.3,15:00:00,11928.129037338178,4,70
2019-12-06,11929.55,11932.5,11922.05,11930.3,15:05:00,11928.264367115496,4,71
2019-12-06,11918.7,11931.1,11917.5,11930.05,15:10:00,11927.353475009257,4,72
2019-12-06,11915.35,11923.65,11912.15,11918.95,15:15:00,11926.210286913136,4,73
2019-12-06,11914.15,11918.25,11909.55,11916.25,15:20:00,11925.061688159503,4,74
2019-12-06,11914.15,11920.7,11912.25,11915.1,15:25:00,11924.02247976336,4,75
2019-12-09,11902.95,11941.25,11901.2,11937.25,09:15:00,11922.015576928754,0,1
2019-12-09,11911.3,11913.75,11898.6,11903.0,09:20:00,11920.995045792684,0,2
2019-12-09,11896.75,11913.0,11888.05,11911.6,09:25:00,11918.685993812427,0,3
2019-12-09,11903.0,11911.7,11894.15,11896.95,09:30:00,11917.192089639815,0,4
2019-12-09,11919.9,11923.05,11903.6,11903.65,09:35:00,11917.449985864596,0,5
2019-12-09,11923.4,11930.45,11917.1,11919.55,09:40:00,11918.01665387749,0,6
2019-12-09,11936.2,11939.05,11923.35,11923.35,09:45:00,11919.748401127252,0,7
2019-12-09,11918.75,11935.7,11914.3,11935.7,09:50:00,11919.65331530561,0,8
2019-12-09,11918.2,11924.1,11912.65,11918.5,09:55:00,11919.514904324122,0,9
2019-12-09,11926.65,11930.2,11914.45,11918.65,10:00:00,11920.194437245636,0,10
2019-12-09,11931.05,11933.2,11923.8,11926.85,10:05:00,11921.228300365095,0,11
2019-12-09,11924.6,11936.2,11920.3,11930.5,10:10:00,11921.54941461604,0,12
2019-12-09,11924.25,11926.75,11921.75,11924.85,10:15:00,11921.806613224036,0,13
2019-12-09,11915.4,11925.05,11913.95,11924.55,10:20:00,11921.19645958365,0,14
2019-12-09,11905.4,11915.7,11904.25,11915.45,10:25:00,11919.692034861398,0,15
2019-12-09,11915.15,11921.05,11904.85,11905.0,10:30:00,11919.259460112691,0,16
2019-12-09,11918.9,11920.5,11912.1,11915.25,10:35:00,11919.225225816246,0,17
2019-12-09,11913.3,11920.7,11909.85,11918.6,10:40:00,11918.660918595651,0,18
2019-12-09,11924.6,11925.1,11911.9,11913.15,10:45:00,11919.226545396064,0,19
2019-12-09,11934.7,11934.7,11923.5,11923.9,10:50:00,11920.700207739295,0,20
2019-12-09,11942.95,11942.95,11934.55,11934.6,10:55:00,11922.81923557365,0,21
2019-12-09,11943.75,11950.0,11939.0,11943.5,11:00:00,11924.812641709494,0,22
2019-12-09,11957.55,11961.65,11943.45,11943.45,11:05:00,11927.93048535621,0,23
2019-12-09,11953.0,11961.2,11951.4,11957.1,11:10:00,11930.318058179428,0,24
2019-12-09,11960.5,11967.5,11951.45,11951.45,11:15:00,11933.192528829006,0,25
2019-12-09,11957.75,11966.05,11956.6,11960.3,11:20:00,11935.531335607197,0,26
2019-12-09,11947.55,11961.45,11946.1,11956.8,11:25:00,11936.675970311271,0,27
2019-12-09,11952.35,11955.2,11947.25,11947.45,11:30:00,11938.168735043531,0,28
2019-12-09,11949.75,11955.1,11949.65,11952.15,11:35:00,11939.271712658432,0,29
2019-12-09,11946.95,11952.65,11945.65,11949.5,11:40:00,11940.002978119534,0,30
2019-12-09,11952.15,11952.3,11942.0,11946.7,11:45:00,11941.159837346244,0,31
2019-12-09,11951.65,11955.7,11949.9,11952.5,11:50:00,11942.158900456125,0,32
2019-12-09,11952.2,11953.5,11950.95,11951.55,11:55:00,11943.115195650778,0,33
2019-12-09,11957.1,11958.05,11951.25,11952.0,12:00:00,11944.447081779275,0,34
2019-12-09,11949.5,11957.15,11949.2,11957.05,12:05:00,11944.928312086013,0,35
2019-12-09,11946.45,11950.3,11944.35,11948.85,12:10:00,11945.073234744486,0,36
2019-12-09,11948.95,11949.5,11946.05,11946.05,12:15:00,11945.442450483108,0,37
2019-12-09,11954.4,11955.6,11948.3,11948.85,12:20:00,11946.295550437097,0,38
2019-12-09,11955.75,11957.1,11952.7,11954.1,12:25:00,11947.195974204991,0,39
2019-12-09,11954.25,11955.5,11946.95,11955.1,12:30:00,11947.867786185469,0,40
2019-12-09,11955.55,11957.25,11951.9,11953.75,12:35:00,11948.599425596376,0,41
2019-12-09,11958.65,11961.15,11955.7,11955.7,12:40:00,11949.556623158624,0,42
2019-12-09,11954.85,11958.35,11954.1,11958.35,12:45:00,11950.060754286376,0,43
2019-12-09,11956.8,11958.1,11950.7,11954.55,12:50:00,11950.702587211485,0,44
2019-12-09,11973.7,11975.85,11955.6,11956.35,12:55:00,11952.892817000866,0,45
2019-12-09,11972.45,11981.95,11972.0,11973.65,13:00:00,11954.755405857926,0,46
2019-12-09,11967.05,11974.95,11963.0,11972.4,13:05:00,11955.926319585744,0,47
2019-12-09,11973.0,11977.95,11967.65,11968.95,13:10:00,11957.5523843871,0,48
2019-12-09,11974.8,11977.1,11967.6,11973.8,13:15:00,11959.195014445471,0,49
2019-12-09,11977.15,11979.2,11972.9,11976.05,13:20:00,11960.905013069712,0,50
2019-12-09,11973.95,11979.0,11971.35,11977.25,13:25:00,11962.14739277736,0,51
2019-12-09,11966.95,11978.05,11966.9,11975.5,13:30:00,11962.60478394142,0,52
2019-12-09,11968.55,11969.85,11959.65,11967.35,13:35:00,11963.170994994618,0,53
2019-12-09,11963.9,11973.4,11963.1,11969.2,13:40:00,11963.24042404275,0,54
2019-12-09,11952.7,11965.6,11952.35,11964.05,13:45:00,11962.236574133916,0,55
2019-12-09,11950.9,11954.1,11939.45,11953.4,13:50:00,11961.156900406875,0,56
2019-12-09,11948.2,11954.3,11948.0,11952.0,13:55:00,11959.922909891931,0,57
2019-12-09,11946.55,11950.4,11941.55,11948.55,14:00:00,11958.649299426035,0,58
2019-12-09,11945.9,11956.55,11945.9,11946.85,14:05:00,11957.43508043308,0,59
2019-12-09,11934.35,11946.2,11932.0,11946.2,14:10:00,11955.236501344216,0,60
2019-12-09,11924.0,11934.0,11921.0,11934.0,14:15:00,11952.261596454293,0,61
2019-12-09,11934.35,11941.8,11924.3,11925.25,14:20:00,11950.555730125312,0,62
2019-12-09,11931.6,11934.55,11922.4,11934.55,14:25:00,11948.750422494331,0,63
2019-12-09,11952.7,11956.5,11929.15,11931.3,14:30:00,11949.126572732966,0,64
2019-12-09,11946.2,11953.4,11942.8,11953.25,14:35:00,11948.847851520304,0,65
2019-12-09,11944.6,11948.0,11938.55,11946.05,14:40:00,11948.443294232657,0,66
2019-12-09,11936.5,11945.2,11934.7,11944.15,14:45:00,11947.305837639067,0,67
2019-12-09,11944.6,11945.55,11935.55,11936.55,14:50:00,11947.0481388163,0,68
2019-12-09,11943.15,11949.2,11940.3,11945.5,14:55:00,11946.676887500464,0,69
2019-12-09,11935.2,11945.65,11934.75,11943.4,15:00:00,11945.583850595656,0,70
2019-12-09,11935.6,11939.2,11933.5,11935.1,15:05:00,11944.633007681785,0,71
2019-12-09,11938.3,11940.65,11933.55,11936.3,15:10:00,11944.029864093043,0,72
2019-12-09,11940.75,11941.45,11935.15,11938.6,15:15:00,11943.717496084182,0,73
2019-12-09,11938.8,11943.75,11938.0,11941.4,15:20:00,11943.249163123784,0,74
2019-12-09,11936.95,11939.3,11933.25,11938.45,15:25:00,11942.64924282628,0,75
2019-12-10,11935.35,11950.5,11926.95,11949.0,09:15:00,11941.954076842823,1,1
2019-12-10,11929.15,11934.5,11919.15,11934.25,09:20:00,11940.734640953033,1,2
2019-12-10,11923.1,11931.1,11922.7,11929.55,09:25:00,11939.055151338458,1,3
2019-12-10,11917.0,11927.6,11914.65,11922.8,09:30:00,11936.954660734797,1,4
2019-12-10,11917.7,11931.15,11915.9,11916.55,09:35:00,11935.12088352196,1,5
2019-12-10,11926.25,11926.25,11910.75,11918.3,09:40:00,11934.27603747225,1,6
2019-12-10,11919.55,11927.2,11919.1,11926.1,09:45:00,11932.873557712988,1,7
2019-12-10,11930.95,11934.85,11918.4,11919.45,09:50:00,11932.690361740322,1,8
2019-12-10,11934.05,11939.4,11929.65,11931.4,09:55:00,11932.819851098386,1,9
2019-12-10,11932.75,11940.05,11923.9,11933.95,10:00:00,11932.813198612826,1,10
2019-12-10,11930.85,11939.95,11930.55,11932.85,10:05:00,11932.626227316368,1,11
2019-12-10,11926.55,11931.25,11925.05,11930.4,10:10:00,11932.047539000523,1,12
2019-12-10,11918.0,11929.55,11916.9,11926.05,10:15:00,11930.70967814333,1,13
2019-12-10,11916.7,11920.7,11914.35,11918.15,10:20:00,11929.37542308206,1,14
2019-12-10,11909.4,11917.1,11906.3,11916.8,10:25:00,11927.47300183615,1,15
2019-12-10,11911.85,11916.9,11909.55,11909.7,10:30:00,11925.985096899374,1,16
2019-12-10,11909.85,11912.0,11904.6,11911.65,10:35:00,11924.448421004196,1,17
2019-12-10,11916.35,11916.4,11905.85,11909.05,10:40:00,11923.67714281332,1,18
2019-12-10,11911.85,11921.9,11911.45,11916.3,10:45:00,11922.550748259671,1,19
2019-12-10,11907.75,11911.65,11905.65,11911.65,10:50:00,11921.14115318732,1,20
2019-12-10,11910.05,11913.45,11906.05,11908.1,10:55:00,11920.084852883763,1,21
2019-12-10,11904.7,11909.7,11901.75,11909.65,11:00:00,11918.619628799595,1,22
2019-12-10,11903.05,11909.9,11902.85,11904.65,11:05:00,11917.13680700916,1,23
2019-12-10,11898.35,11903.25,11894.4,11902.95,11:10:00,11915.347587294,1,24
2019-12-10,11903.1,11903.6,11896.95,11899.0,11:15:00,11914.181150408856,1,25
2019-12-10,11899.7,11907.5,11899.35,11902.95,11:20:00,11912.801993227062,1,26
2019-12-10,11891.6,11900.95,11890.75,11900.0,11:25:00,11910.782755776863,1,27
2019-12-10,11898.2,11898.95,11890.9,11891.2,11:30:00,11909.584398083827,1,28
2019-12-10,11896.5,11901.05,11896.15,11897.85,11:35:00,11908.338264932989,1,29
2019-12-10,11905.15,11908.55,11894.2,11896.2,11:40:00,11908.034620653656,1,30
2019-12-10,11907.4,11914.25,11904.8,11904.8,11:45:00,11907.974180591402,1,31
2019-12-10,11904.1,11908.05,11902.6,11907.45,11:50:00,11907.605211011269,1,32
2019-12-10,11899.0,11904.3,11896.75,11903.9,11:55:00,11906.785667105434,1,33
2019-12-10,11895.45,11901.5,11895.45,11899.05,12:00:00,11905.70607976206,1,34
2019-12-10,11890.1,11896.2,11882.95,11895.4,12:05:00,11904.219786451387,1,35
2019-12-10,11891.75,11892.4,11887.15,11889.6,12:10:00,11903.03218774173,1,36
2019-12-10,11891.7,11895.3,11887.8,11891.5,12:15:00,11901.952931766327,1,37
2019-12-10,11886.35,11898.6,11886.05,11891.6,12:20:00,11900.466938264772,1,38
2019-12-10,11886.65,11889.65,11883.3,11886.15,12:25:00,11899.151039382414,1,39
2019-12-10,11884.5,11890.95,11882.7,11886.9,12:30:00,11897.755702298376,1,40
2019-12-10,11881.4,11889.7,11880.9,11885.25,12:35:00,11896.198016365195,1,41
2019-12-10,11886.85,11886.85,11876.1,11880.7,12:40:00,11895.30772909232,1,42
2019-12-10,11891.05,11893.9,11884.95,11886.95,12:45:00,11894.90223108353,1,43
2019-12-10,11888.1,11894.9,11887.85,11890.4,12:50:00,11894.254399551766,1,44
2019-12-10,11886.6,11888.85,11883.2,11888.15,12:55:00,11893.525409118263,1,45
2019-12-10,11906.95,11906.95,11887.0,11888.05,13:00:00,11894.803941583192,1,46
2019-12-10,11899.55,11907.4,11897.35,11907.05,13:05:00,11895.255947146698,1,47
2019-12-10,11896.7,11900.4,11890.3,11899.45,13:10:00,11895.39347598987,1,48
2019-12-10,11893.85,11897.7,11890.55,11897.7,13:15:00,11895.24647827655,1,49
2019-12-10,11889.3,11895.05,11889.3,11894.9,13:20:00,11894.680147012115,1,50
2019-12-10,11899.25,11899.35,11888.95,11890.35,13:25:00,11895.115371106202,1,51
2019-12-10,11891.35,11903.75,11889.95,11900.85,13:30:00,11894.756764334184,1,52
2019-12-10,11881.55,11892.2,11878.3,11892.2,13:35:00,11893.498977254738,1,53
2019-12-10,11878.05,11884.05,11876.4,11882.85,13:40:00,11892.02764608762,1,54
2019-12-10,11889.1,11891.75,11878.95,11879.9,13:45:00,11891.748822650705,1,55
2019-12-10,11889.9,11891.45,11884.7,11889.6,13:50:00,11891.572744303015,1,56
2019-12-10,11881.55,11891.05,11881.5,11891.05,13:55:00,11890.61819722654,1,57
2019-12-10,11871.1,11882.35,11870.2,11882.1,14:00:00,11888.759321300204,1,58
2019-12-10,11870.85,11875.6,11867.5,11872.45,14:05:00,11887.053671652564,1,59
2019-12-10,11867.0,11872.65,11865.65,11871.8,14:10:00,11885.143798161844,1,60
2019-12-10,11864.05,11870.6,11862.5,11867.2,14:15:00,11883.134865003572,1,61
2019-12-10,11862.5,11865.25,11858.5,11865.0,14:20:00,11881.169639765138,1,62
2019-12-10,11862.35,11863.45,11854.8,11863.45,14:25:00,11879.37729312084,1,63
2019-12-10,11850.7,11863.2,11850.0,11861.9,14:30:00,11876.646122347423,1,64
2019-12-10,11858.25,11859.55,11850.35,11850.6,14:35:00,11874.89411069529,1,65
2019-12-10,11864.75,11867.9,11857.85,11858.1,14:40:00,11873.928004914786,1,66
2019-12-10,11857.3,11864.6,11856.45,11864.6,14:45:00,11872.344385399092,1,67
2019-12-10,11847.1,11857.55,11844.7,11857.35,14:50:00,11869.940158218224,1,68
2019-12-10,11852.65,11853.15,11847.0,11847.15,14:55:00,11868.293476483155,1,69
2019-12-10,11860.65,11863.8,11852.95,11854.1,15:00:00,11867.565526341905,1,70
2019-12-10,11853.15,11861.95,11851.2,11861.75,15:05:00,11866.192619071246,1,71
2019-12-10,11853.4,11854.5,11846.9,11853.5,15:10:00,11864.974274397791,1,72
2019-12-10,11857.6,11860.75,11853.45,11854.8,15:15:00,11864.271962550383,1,73
2019-12-10,11857.95,11861.25,11854.05,11858.8,15:20:00,11863.66987087892,1,74
2019-12-10,11861.1,11863.85,11857.4,11858.85,15:25:00,11863.425121271404,1,75
2019-12-11,11875.15,11888.15,11871.8,11875.65,09:15:00,11864.541776388412,2,1
2019-12-11,11880.45,11882.15,11874.1,11875.4,09:20:00,11866.056845303803,2,2
2019-12-11,11875.6,11884.6,11875.6,11880.6,09:25:00,11866.965717179632,2,3
2019-12-11,11877.75,11879.4,11864.65,11875.65,09:30:00,11867.992791733954,2,4
2019-12-11,11885.15,11887.5,11874.45,11877.85,09:35:00,11869.626811568814,2,5
2019-12-11,11896.1,11896.6,11879.5,11884.55,09:40:00,11872.14806760988,2,6
2019-12-11,11902.1,11905.45,11890.95,11895.4,09:45:00,11875.000632599416,2,7
2019-12-11,11896.0,11905.6,11896.0,11902.4,09:50:00,11877.000572351852,2,8
2019-12-11,11892.45,11895.45,11889.1,11895.45,09:55:00,11878.47194641358,2,9
2019-12-11,11900.6,11901.3,11891.05,11892.35,10:00:00,11880.579380088477,2,10
2019-12-11,11901.1,11907.3,11901.0,11901.25,10:05:00,11882.533724841956,2,11
2019-12-11,11904.55,11905.85,11900.6,11901.45,10:10:00,11884.630512952246,2,12
2019-12-11,11899.7,11905.15,11899.2,11904.4,10:15:00,11886.06570219489,2,13
2019-12-11,11902.95,11903.8,11896.55,11899.95,10:20:00,11887.673730557282,2,14
2019-12-11,11900.55,11903.25,11899.9,11903.25,10:25:00,11888.90004193278,2,15
2019-12-11,11896.8,11901.05,11895.2,11901.05,10:30:00,11889.65241889156,2,16
2019-12-11,11894.8,11897.45,11893.35,11896.25,10:35:00,11890.142664711411,2,17
2019-12-11,11894.85,11898.85,11894.25,11894.35,10:40:00,11890.590982357946,2,18
2019-12-11,11887.9,11894.85,11885.65,11894.65,10:45:00,11890.334698323855,2,19
2019-12-11,11883.4,11887.85,11881.95,11887.7,10:50:00,11889.67425086444,2,20
2019-12-11,11880.65,11885.25,11880.65,11882.85,10:55:00,11888.81479840116,2,21
2019-12-11,11884.0,11884.05,11874.8,11880.55,11:00:00,11888.35624617248,2,22
2019-12-11,11882.85,11884.5,11879.95,11883.25,11:05:00,11887.831841775102,2,23
2019-12-11,11885.85,11886.8,11882.3,11882.75,11:10:00,11887.643094939378,2,24
2019-12-11,11877.45,11885.95,11876.35,11885.95,11:15:00,11886.67232399277,2,25
2019-12-11,11882.1,11883.35,11874.5,11876.75,11:20:00,11886.236864564888,2,26
2019-12-11,11875.3,11882.5,11874.35,11882.2,11:25:00,11885.195258415852,2,27
2019-12-11,11875.6,11877.95,11874.0,11875.15,11:30:00,11884.28142428101,2,28
2019-12-11,11868.3,11878.5,11868.2,11875.9,11:35:00,11882.759383873294,2,29
2019-12-11,11863.9,11873.5,11863.9,11868.25,11:40:00,11880.963252075837,2,30
2019-12-11,11867.15,11867.9,11862.75,11863.65,11:45:00,11879.64770425909,2,31
2019-12-11,11858.35,11868.3,11857.65,11866.5,11:50:00,11877.619351472513,2,32
2019-12-11,11860.4,11862.25,11854.1,11858.3,11:55:00,11875.979413237032,2,33
2019-12-11,11866.8,11870.9,11858.0,11859.95,12:00:00,11875.105183404934,2,34
2019-12-11,11863.15,11867.1,11862.15,11866.55,12:05:00,11873.966594509227,2,35
2019-12-11,11862.35,11867.15,11862.05,11862.85,12:10:00,11872.860252175016,2,36
2019-12-11,11864.95,11865.05,11856.85,11862.4,12:15:00,11872.106894825014,2,37
2019-12-11,11860.7,11867.0,11858.6,11865.05,12:20:00,11871.0205238893,2,38
2019-12-11,11865.55,11866.2,11859.5,11862.1,12:25:00,11870.499521614129,2,39
2019-12-11,11865.1,11872.85,11864.95,11866.55,12:30:00,11869.9852814604,2,40
2019-12-11,11860.4,11867.15,11859.3,11866.35,12:35:00,11869.07239751179,2,41
2019-12-11,11862.3,11864.15,11860.1,11861.85,12:40:00,11868.427407272571,2,42
2019-12-11,11859.55,11863.4,11856.8,11863.4,12:45:00,11867.581939913282,2,43
2019-12-11,11855.0,11861.6,11852.25,11860.25,12:50:00,11866.38365992154,2,44
2019-12-11,11854.75,11856.3,11850.1,11856.2,12:55:00,11865.275692309964,2,45
2019-12-11,11854.35,11856.9,11853.7,11856.0,13:00:00,11864.235150185206,2,46
2019-12-11,11862.75,11865.45,11854.6,11856.7,13:05:00,11864.093707310423,2,47
2019-12-11,11860.2,11865.0,11860.2,11863.7,13:10:00,11863.722878042763,2,48
2019-12-11,11861.95,11863.9,11858.3,11861.9,13:15:00,11863.554032514883,2,49
2019-12-11,11869.2,11869.95,11861.2,11863.25,13:20:00,11864.091743703942,2,50
2019-12-11,11873.25,11875.05,11867.75,11870.2,13:25:00,11864.96395858928,2,51
2019-12-11,11881.1,11884.5,11871.75,11873.6,13:30:00,11866.50072443792,2,52
2019-12-11,11875.0,11885.05,11874.4,11882.2,13:35:00,11867.310179253356,2,53
2019-12-11,11872.0,11878.55,11871.05,11876.45,13:40:00,11867.756828848274,2,54
2019-12-11,11875.95,11875.95,11869.35,11873.0,13:45:00,11868.537130862724,2,55
2019-12-11,11878.25,11879.25,11874.5,11877.0,13:50:00,11869.462166018657,2,56
2019-12-11,11879.15,11882.0,11876.25,11878.2,13:55:00,11870.384816874022,2,57
2019-12-11,11865.95,11880.55,11865.35,11879.65,14:00:00,11869.962453362212,2,58
2019-12-11,11870.4,11871.35,11865.15,11865.45,14:05:00,11870.004124470572,2,59
2019-12-11,11868.75,11872.2,11868.45,11870.9,14:10:00,11869.884684044804,2,60
2019-12-11,11849.7,11869.3,11849.6,11869.3,14:15:00,11867.962333183394,2,61
2019-12-11,11838.6,11852.7,11836.15,11850.5,14:20:00,11865.16592049926,2,62
2019-12-11,11840.5,11841.45,11834.35,11839.9,14:25:00,11862.816785213618,2,63
2019-12-11,11839.65,11843.0,11832.3,11840.75,14:30:00,11860.610424717082,2,64
2019-12-11,11846.6,11848.15,11836.35,11840.85,14:35:00,11859.276098553551,2,65
2019-12-11,11848.3,11852.75,11845.1,11845.8,14:40:00,11858.230755834164,2,66
2019-12-11,11857.5,11862.05,11847.85,11847.95,14:45:00,11858.161160040436,2,67
2019-12-11,11855.95,11859.1,11854.4,11858.05,14:50:00,11857.95057336992,2,68
2019-12-11,11864.55,11866.7,11855.65,11856.8,14:55:00,11858.579090191832,2,69
2019-12-11,11887.25,11887.25,11864.3,11864.4,15:00:00,11861.309653030705,2,70
2019-12-11,11914.15,11914.15,11886.6,11887.05,15:05:00,11866.34206702778,2,71
2019-12-11,11913.35,11923.2,11910.8,11914.55,15:10:00,11870.819013025131,2,72
2019-12-11,11918.0,11921.3,11911.75,11913.85,15:15:00,11875.312440356072,2,73
2019-12-11,11919.35,11922.55,11917.35,11918.7,15:20:00,11879.506493655494,2,74
2019-12-11,11910.5,11920.15,11909.95,11919.55,15:25:00,11882.458256164497,2,75
2019-12-12,11942.15,11951.9,11940.75,11942.5,09:15:00,11888.143184148828,3,1
2019-12-12,11947.65,11950.05,11934.0,11940.15,09:20:00,11893.810499944178,3,2
2019-12-12,11947.9,11955.8,11947.05,11947.95,09:25:00,11898.961880901876,3,3
2019-12-12,11956.3,11959.75,11946.25,11948.25,09:30:00,11904.422654149315,3,4
2019-12-12,11955.35,11958.8,11952.2,11956.5,09:35:00,11909.272877563666,3,5
2019-12-12,11968.35,11968.7,11956.15,11956.7,09:40:00,11914.899270176653,3,6
2019-12-12,11965.55,11977.3,11965.55,11969.05,09:45:00,11919.723149207446,3,7
2019-12-12,11960.5,11965.95,11958.05,11965.9,09:50:00,11923.606658806735,3,8
2019-12-12,11963.7,11964.05,11953.45,11960.95,09:55:00,11927.425072253714,3,9
2019-12-12,11956.0,11964.15,11955.4,11963.9,10:00:00,11930.146493943836,3,10
2019-12-12,11957.2,11958.95,11949.75,11956.25,10:05:00,11932.723018330136,3,11
2019-12-12,11954.3,11957.25,11951.45,11956.95,10:10:00,11934.777968965362,3,12
2019-12-12,11945.75,11954.5,11945.0,11953.85,10:15:00,11935.822924301992,3,13
2019-12-12,11951.25,11953.55,11945.25,11945.65,10:20:00,11937.292169606566,3,14
2019-12-12,11949.65,11952.4,11947.35,11950.95,10:25:00,11938.469105834512,3,15
2019-12-12,11953.85,11954.25,11948.6,11949.95,10:30:00,11939.933952897893,3,16
2019-12-12,11950.2,11955.25,11950.2,11953.55,10:35:00,11940.911671669524,3,17
2019-12-12,11955.4,11955.6,11948.35,11949.65,10:40:00,11942.291512462902,3,18
2019-12-12,11956.15,11961.0,11954.8,11955.25,10:45:00,11943.611368418817,3,19
2019-12-12,11954.55,11959.15,11954.25,11955.4,10:50:00,11944.653142855115,3,20
2019-12-12,11957.6,11959.15,11952.7,11954.45,10:55:00,11945.886176868917,3,21
2019-12-12,11954.7,11960.55,11952.2,11957.25,11:00:00,11946.725588595686,3,22
2019-12-12,11948.4,11958.05,11948.0,11954.25,11:05:00,11946.885056348478,3,23
2019-12-12,11944.7,11948.9,11942.8,11948.9,11:10:00,11946.676955743862,3,24
2019-12-12,11943.55,11945.2,11939.2,11944.75,11:15:00,11946.379150434925,3,25
2019-12-12,11944.1,11948.05,11942.4,11943.3,11:20:00,11946.16208848874,3,26
2019-12-12,11946.5,11948.4,11944.0,11944.75,11:25:00,11946.194270537431,3,27
2019-12-12,11947.6,11948.7,11942.8,11946.1,11:30:00,11946.328149533869,3,28
2019-12-12,11946.95,11948.8,11944.7,11947.35,11:35:00,11946.387373387784,3,29
2019-12-12,11949.2,11950.05,11945.25,11946.85,11:40:00,11946.655242588948,3,30
2019-12-12,11956.5,11957.85,11948.75,11948.9,11:45:00,11947.59283853286,3,31
2019-12-12,11956.65,11960.65,11953.65,11956.4,11:50:00,11948.455425339254,3,32
2019-12-12,11956.15,11959.15,11955.25,11956.4,11:55:00,11949.18824197361,3,33
2019-12-12,11957.15,11961.3,11954.75,11956.25,12:00:00,11949.94650464279,3,34
2019-12-12,11953.5,11960.25,11952.05,11957.4,12:05:00,11950.284932772049,3,35
2019-12-12,11950.25,11954.1,11948.75,11953.35,12:10:00,11950.281605841375,3,36
2019-12-12,11952.45,11952.65,11946.15,11950.35,12:15:00,11950.48811957077,3,37
2019-12-12,11948.5,11952.75,11947.9,11952.25,12:20:00,11950.298774849743,3,38
2019-12-12,11948.0,11948.85,11942.7,11948.1,12:25:00,11950.079843911672,3,39
2019-12-12,11949.2,11950.8,11946.3,11947.85,12:30:00,11949.99604925342,3,40
2019-12-12,11950.35,11952.1,11947.0,11948.8,12:35:00,11950.029758848332,3,41
2019-12-12,11945.15,11950.35,11944.25,11950.15,12:40:00,11949.565019910397,3,42
2019-12-12,11946.45,11946.95,11943.95,11945.3,12:45:00,11949.2683513475,3,43
2019-12-12,11953.35,11955.85,11946.0,11946.1,12:50:00,11949.657079790595,3,44
2019-12-12,11951.85,11954.1,11949.85,11953.2,12:55:00,11949.865929334348,3,45
2019-12-12,11953.9,11955.25,11950.0,11951.7,13:00:00,11950.2501265406,3,46
2019-12-12,11957.15,11960.55,11953.1,11953.75,13:05:00,11950.907257346258,3,47
2019-12-12,11963.5,11964.6,11957.3,11957.8,13:10:00,11952.106566170423,3,48
2019-12-12,11961.75,11970.9,11961.0,11964.25,13:15:00,11953.024988439907,3,49
2019-12-12,11957.5,11963.75,11955.9,11962.5,13:20:00,11953.45118001706,3,50
2019-12-12,11959.7,11960.05,11954.6,11958.1,13:25:00,11954.04630572972,3,51
2019-12-12,11964.7,11964.7,11958.85,11960.15,13:30:00,11955.060943279272,3,52
2019-12-12,11963.25,11965.7,11961.45,11964.8,13:35:00,11955.840853443153,3,53
2019-12-12,11957.7,11963.55,11957.7,11963.55,13:40:00,11956.017915019997,3,54
2019-12-12,11962.9,11963.35,11956.1,11959.1,13:45:00,11956.673351684756,3,55
2019-12-12,11961.4,11965.95,11961.1,11963.0,13:50:00,11957.12350866716,3,56
2019-12-12,11963.8,11965.7,11961.1,11962.0,13:55:00,11957.759364984571,3,57
2019-12-12,11972.0,11975.15,11962.3,11964.75,14:00:00,11959.115615938425,3,58
2019-12-12,11977.3,11980.15,11968.8,11973.15,14:05:00,11960.847462039525,3,59
2019-12-12,11973.1,11977.85,11972.35,11977.85,14:10:00,11962.014370416711,3,60
2019-12-12,11976.3,11979.15,11973.0,11973.6,14:15:00,11963.374906567502,3,61
2019-12-12,11973.85,11977.85,11972.45,11976.6,14:20:00,11964.372534513454,3,62
2019-12-12,11975.4,11978.85,11973.85,11974.0,14:25:00,11965.422769321696,3,63
2019-12-12,11988.35,11992.25,11975.05,11975.45,14:30:00,11967.606315100582,3,64
2019-12-12,11984.15,11989.0,11982.0,11989.0,14:35:00,11969.181904138622,3,65
2019-12-12,11984.45,11987.4,11983.3,11984.4,14:40:00,11970.636008506372,3,66
2019-12-12,11999.0,12000.2,11985.4,11985.4,14:45:00,11973.337341029575,3,67
2019-12-12,11995.3,12005.5,11991.95,11999.45,14:50:00,11975.429022836282,3,68
2019-12-12,11999.6,11999.6,11995.3,11995.6,14:55:00,11977.731020661398,3,69
2019-12-12,11987.55,12002.35,11985.9,11999.3,15:00:00,11978.66616155079,3,70
2019-12-12,11983.9,11987.6,11981.4,11987.6,15:05:00,11979.164622355474,3,71
2019-12-12,11972.95,11984.65,11971.65,11984.2,15:10:00,11978.572753559714,3,72
2019-12-12,11978.95,11984.25,11972.05,11974.2,15:15:00,11978.608681792122,3,73
2019-12-12,11965.9,11980.2,11965.3,11978.65,15:20:00,11977.398331145254,3,74
2019-12-12,11968.7,11974.6,11960.1,11966.55,15:25:00,11976.56991865523,3,75
2019-12-13,12034.0,12048.7,12023.6,12023.6,09:15:00,11982.039450211876,4,1
2019-12-13,12033.7,12038.35,12029.75,12033.05,09:20:00,11986.959502572648,4,2
2019-12-13,12033.55,12036.35,12026.1,12034.3,09:25:00,11991.396692803824,4,3
2019-12-13,12043.1,12045.8,12032.85,12033.35,09:30:00,11996.3208172987,4,4
2019-12-13,12042.85,12049.45,12038.7,12042.15,09:35:00,12000.752168032155,4,5
2019-12-13,12038.4,12044.8,12037.2,12043.7,09:40:00,12004.337675838617,4,6
2019-12-13,12038.95,12041.0,12033.3,12038.35,09:45:00,12007.634087663511,4,7
2019-12-13,12029.75,12040.1,12029.75,12038.85,09:50:00,12009.74036502889,4,8
2019-12-13,12037.8,12039.55,12028.6,12030.7,09:55:00,12012.412711216615,4,9
2019-12-13,12040.75,12040.9,12034.9,12037.25,10:00:00,12015.111500624556,4,10
2019-12-13,12045.95,12046.55,12037.65,12040.85,10:05:00,12018.048500565075,4,11
2019-12-13,12056.0,12058.8,12045.85,12046.0,10:10:00,12021.662929082686,4,12
2019-12-13,12064.2,12066.55,12056.75,12056.75,10:15:00,12025.71407869386,4,13
2019-12-13,12063.6,12065.4,12058.4,12063.55,10:20:00,12029.322261675396,4,14
2019-12-13,12052.65,12063.9,12050.75,12063.75,10:25:00,12031.543951039645,4,15
2019-12-13,12058.5,12059.4,12050.7,12052.3,10:30:00,12034.111193797771,4,16
2019-12-13,12063.55,12064.15,12055.4,12058.15,10:35:00,12036.914889626556,4,17
2019-12-13,12058.05,12066.6,12057.7,12063.45,10:40:00,12038.92775728117,4,18
2019-12-13,12054.65,12061.15,12054.35,12058.7,10:45:00,12040.425113730584,4,19
2019-12-13,12057.15,12058.7,12053.1,12053.4,10:50:00,12042.017960041956,4,20
2019-12-13,12060.35,12063.95,12054.2,12057.1,10:55:00,12043.763868609389,4,21
2019-12-13,12056.1,12061.75,12055.45,12060.8,11:00:00,12044.93873826564,4,22
2019-12-13,12060.65,12060.9,12053.6,12055.65,11:05:00,12046.435048907006,4,23
2019-12-13,12054.85,12061.65,12054.15,12060.6,11:10:00,12047.236472820625,4,24
2019-12-13,12047.2,12054.5,12046.05,12054.5,11:15:00,12047.23299921866,4,25
2019-12-13,12044.6,12050.4,12044.6,12046.5,11:20:00,12046.982237388313,4,26
2019-12-13,12040.45,12044.75,12037.45,12044.75,11:25:00,12046.360119541809,4,27
2019-12-13,12043.95,12043.95,12035.7,12040.65,11:30:00,12046.13058434735,4,28
2019-12-13,12047.95,12048.7,12038.75,12044.0,11:35:00,12046.303862028552,4,29
2019-12-13,12047.45,12048.75,12044.0,12048.25,11:40:00,12046.413018025834,4,30
2019-12-13,12051.9,12052.6,12047.6,12047.95,11:45:00,12046.935587737658,4,31
2019-12-13,12046.85,12053.0,12046.4,12051.8,11:50:00,12046.927436524547,4,32
2019-12-13,12050.8,12051.15,12046.75,12047.0,11:55:00,12047.296252093638,4,33
2019-12-13,12052.4,12056.8,12050.9,12051.05,12:00:00,12047.782323322816,4,34
2019-12-13,12053.6,12054.7,12051.6,12052.8,12:05:00,12048.336387768262,4,35
2019-12-13,12060.5,12061.25,12052.85,12054.2,12:10:00,12049.494827028428,4,36
2019-12-13,12061.55,12065.1,12059.95,12060.0,12:15:00,12050.642938740006,4,37
2019-12-13,12062.95,12067.7,12061.45,12062.65,12:20:00,12051.815039812387,4,38
2019-12-13,12055.85,12065.5,12055.65,12063.75,12:25:00,12052.199321735015,4,39
2019-12-13,12056.4,12058.15,12054.95,12055.7,12:30:00,12052.599386331682,4,40
2019-12-13,12061.25,12062.4,12057.0,12057.6,12:35:00,12053.423254300094,4,41
2019-12-13,12054.85,12062.25,12054.65,12061.8,12:40:00,12053.559134842944,4,42
2019-12-13,12061.85,12061.9,12053.35,12055.3,12:45:00,12054.348741048376,4,43
2019-12-13,12064.65,12069.35,12059.3,12061.45,12:50:00,12055.329813329485,4,44
2019-12-13,12065.55,12069.55,12063.85,12065.55,12:55:00,12056.303164440962,4,45
2019-12-13,12075.85,12075.85,12065.0,12065.8,13:00:00,12058.16476782754,4,46
2019-12-13,12070.4,12079.7,12065.3,12076.25,13:05:00,12059.33002803444,4,47
2019-12-13,12069.8,12074.95,12066.95,12070.45,13:10:00,12060.327168221636,4,48
2019-12-13,12075.2,12078.95,12070.05,12070.85,13:15:00,12061.743628391005,4,49
2019-12-13,12076.7,12077.8,12073.4,12075.55,13:20:00,12063.16804473472,4,50
2019-12-13,12078.4,12078.8,12073.45,12077.6,13:25:00,12064.618707140937,4,51
2019-12-13,12069.55,12081.1,12066.0,12080.25,13:30:00,12065.088354079897,4,52
2019-12-13,12073.6,12074.45,12065.0,12069.75,13:35:00,12065.898987024668,4,53
2019-12-13,12080.15,12083.75,12073.9,12074.25,13:40:00,12067.256226355652,4,54
2019-12-13,12077.75,12084.05,12076.95,12080.7,13:45:00,12068.2556333694,4,55
2019-12-13,12079.1,12080.7,12076.4,12077.5,13:50:00,12069.288430191362,4,56
2019-12-13,12075.45,12079.95,12074.35,12079.6,13:55:00,12069.875246363612,4,57
2019-12-13,12081.8,12083.65,12074.75,12076.6,14:00:00,12071.010937186124,4,58
2019-12-13,12081.9,12086.55,12080.75,12082.95,14:05:00,12072.047990787449,4,59
2019-12-13,12074.65,12083.85,12074.5,12082.5,14:10:00,12072.295801188642,4,60
2019-12-13,12079.2,12081.3,12067.6,12074.95,14:15:00,12072.95334393258,4,61
2019-12-13,12080.3,12081.05,12076.6,12079.6,14:20:00,12073.65302546281,4,62
2019-12-13,12080.5,12086.6,12079.1,12080.15,14:25:00,12074.305118275875,4,63
2019-12-13,12078.15,12087.05,12078.0,12080.8,14:30:00,12074.671297487695,4,64
2019-12-13,12079.55,12083.5,12078.0,12078.55,14:35:00,12075.1359358222,4,65
2019-12-13,12080.5,12085.0,12079.65,12080.6,14:40:00,12075.646799077227,4,66
2019-12-13,12074.9,12081.35,12073.05,12081.35,14:45:00,12075.575675355589,4,67
2019-12-13,12084.7,12090.55,12071.45,12074.3,14:50:00,12076.444658655057,4,68
2019-12-13,12089.85,12090.6,12082.95,12084.55,14:55:00,12077.721357830766,4,69
2019-12-13,12092.9,12098.85,12087.8,12087.8,15:00:00,12079.166942799266,4,70
2019-12-13,12093.15,12097.85,12089.55,12093.3,15:05:00,12080.49866253267,4,71
2019-12-13,12096.1,12096.7,12090.75,12093.2,15:10:00,12081.984504196223,4,72
2019-12-13,12080.0,12095.45,12076.95,12094.55,15:15:00,12081.795503796586,4,73
2019-12-13,12082.3,12083.15,12074.65,12080.05,15:20:00,12081.843551054057,4,74
2019-12-13,12090.35,12092.4,12081.3,12082.65,15:25:00,12082.653689048908,4,75
2019-12-16,12110.15,12127.3,12107.0,12127.3,09:15:00,12085.272385329965,0,1
2019-12-16,12111.95,12114.9,12098.3,12110.3,09:20:00,12087.813110536636,0,2
2019-12-16,12104.3,12112.5,12103.7,12111.45,09:25:00,12089.383290485526,0,3
2019-12-16,12088.15,12105.4,12086.6,12104.55,09:30:00,12089.26583424881,0,4
2019-12-16,12094.05,12094.6,12084.95,12088.0,09:35:00,12089.721469082258,0,5
2019-12-16,12077.85,12100.7,12076.2,12094.1,09:40:00,12088.590852979189,0,6
2019-12-16,12082.75,12086.1,12075.95,12077.4,09:45:00,12088.034581266884,0,7
2019-12-16,12088.65,12093.2,12082.0,12082.8,09:50:00,12088.0931925748,0,8
2019-12-16,12092.65,12095.8,12085.1,12089.35,09:55:00,12088.52717423434,0,9
2019-12-16,12097.0,12101.1,12089.5,12092.35,10:00:00,12089.334110021548,0,10
2019-12-16,12092.1,12101.25,12092.05,12096.9,10:05:00,12089.597528114731,0,11
2019-12-16,12093.35,12094.75,12088.1,12092.25,10:10:00,12089.95490638952,0,12
2019-12-16,12086.15,12094.35,12084.25,12093.4,10:15:00,12089.592534352423,0,13
2019-12-16,12080.0,12086.2,12077.9,12086.2,10:20:00,12088.678959652194,0,14
2019-12-16,12081.95,12087.15,12079.35,12080.1,10:25:00,12088.038106351984,0,15
2019-12-16,12081.2,12084.55,12080.25,12081.65,10:30:00,12087.386858127988,0,16
2019-12-16,12079.75,12083.9,12079.3,12081.0,10:35:00,12086.659538306276,0,17
2019-12-16,12088.25,12088.4,12079.1,12079.6,10:40:00,12086.811010848534,0,18
2019-12-16,12084.75,12089.8,12082.9,12087.75,10:45:00,12086.614724101057,0,19
2019-12-16,12074.95,12085.8,12074.6,12085.05,10:50:00,12085.503797996193,0,20
2019-12-16,12074.65,12079.65,12073.6,12075.1,10:55:00,12084.470102948935,0,21
2019-12-16,12078.3,12078.4,12069.6,12074.45,11:00:00,12083.882474096656,0,22
2019-12-16,12079.1,12083.15,12076.65,12078.25,11:05:00,12083.427000373164,0,23
2019-12-16,12084.7,12085.1,12077.7,12079.4,11:10:00,12083.548238432862,0,24
2019-12-16,12086.6,12088.7,12084.1,12084.45,11:15:00,12083.838882391638,0,25
2019-12-16,12084.35,12087.7,12081.2,12086.45,11:20:00,12083.8875602591,0,26
2019-12-16,12082.55,12087.55,12082.3,12084.65,11:25:00,12083.760173567758,0,27
2019-12-16,12080.25,12082.8,12079.05,12082.45,11:30:00,12083.42587132321,0,28
2019-12-16,12075.75,12079.7,12073.95,12079.4,11:35:00,12082.694835959092,0,29
2019-12-16,12075.85,12076.95,12070.95,12075.8,11:40:00,12082.042946820133,0,30
2019-12-16,12080.4,12081.0,12075.65,12076.05,11:45:00,12081.886475694406,0,31
2019-12-16,12080.35,12084.55,12080.3,12080.65,11:50:00,12081.74014467589,0,32
2019-12-16,12082.2,12083.05,12079.5,12080.7,11:55:00,12081.783940421044,0,33
2019-12-16,12083.4,12083.95,12079.9,12082.25,12:00:00,12081.937850857134,0,34
2019-12-16,12081.15,12083.7,12080.55,12083.7,12:05:00,12081.862817442168,0,35
2019-12-16,12072.1,12082.95,12066.25,12081.25,12:10:00,12080.93302530482,0,36
2019-12-16,12068.05,12071.8,12061.85,12071.8,12:15:00,12079.706070513885,0,37
2019-12-16,12068.1,12070.45,12065.3,12067.95,12:20:00,12078.600730464945,0,38
2019-12-16,12069.8,12070.75,12065.85,12068.3,12:25:00,12077.76256565876,0,39
2019-12-16,12068.7,12075.9,12068.45,12070.05,12:30:00,12076.899464167447,0,40
2019-12-16,12073.1,12075.55,12069.35,12069.4,12:35:00,12076.537610437215,0,41
2019-12-16,12077.15,12077.35,12071.85,12072.85,12:40:00,12076.59593325272,0,42
2019-12-16,12074.65,12078.6,12074.3,12076.9,12:45:00,12076.410606276271,0,43
2019-12-16,12076.75,12077.95,12073.95,12074.8,12:50:00,12076.442929488054,0,44
2019-12-16,12079.65,12081.05,12076.9,12076.9,12:55:00,12076.748364774909,0,45
2019-12-16,12080.2,12082.2,12078.85,12079.75,13:00:00,12077.077091939202,0,46
2019-12-16,12075.9,12081.35,12073.3,12080.55,13:05:00,12076.964987944992,0,47
2019-12-16,12078.5,12079.15,12074.85,12076.05,13:10:00,12077.11117956928,0,48
2019-12-16,12087.6,12095.55,12078.3,12078.3,13:15:00,12078.110114848398,0,49
2019-12-16,12086.55,12090.15,12085.3,12087.45,13:20:00,12078.913913434266,0,50
2019-12-16,12082.85,12089.8,12081.6,12086.75,13:25:00,12079.28877882148,0,51
2019-12-16,12091.5,12092.2,12081.9,12082.45,13:30:00,12080.451752267054,0,52
2019-12-16,12092.6,12095.8,12091.25,12092.25,13:35:00,12081.60872824162,0,53
2019-12-16,12099.4,12100.45,12091.75,12092.55,13:40:00,12083.303135075752,0,54
2019-12-16,12097.5,12101.15,12096.4,12099.2,13:45:00,12084.65521744949,0,55
2019-12-16,12094.15,12098.5,12091.55,12097.4,13:50:00,12085.5594824543,0,56
2019-12-16,12095.1,12096.55,12093.1,12094.4,13:55:00,12086.468103172938,0,57
2019-12-16,12098.3,12099.8,12094.5,12095.35,14:00:00,12087.594950489802,0,58
2019-12-16,12089.9,12099.9,12088.3,12098.1,14:05:00,12087.814479014582,0,59
2019-12-16,12093.8,12094.9,12088.5,12089.5,14:10:00,12088.38452863224,0,60
2019-12-16,12094.1,12095.0,12091.75,12094.35,14:15:00,12088.928859238693,0,61
2019-12-16,12094.1,12095.55,12092.15,12094.6,14:20:00,12089.421348835009,0,62
2019-12-16,12080.5,12094.55,12077.65,12094.2,14:25:00,12088.571696565006,0,63
2019-12-16,12084.85,12085.7,12079.7,12080.4,14:30:00,12088.2172492731,0,64
2019-12-16,12084.45,12090.8,12084.2,12084.8,14:35:00,12087.858463628045,0,65
2019-12-16,12076.6,12084.8,12075.55,12084.1,14:40:00,12086.7862289968,0,66
2019-12-16,12076.55,12079.8,12074.6,12075.9,14:45:00,12085.811350044723,0,67
2019-12-16,12078.45,12085.1,12075.05,12076.15,14:50:00,12085.110269088083,0,68
2019-12-16,12078.15,12080.5,12075.85,12077.9,14:55:00,12084.44738631779,0,69
2019-12-16,12057.2,12077.55,12050.55,12077.15,15:00:00,12081.852397144668,0,70
2019-12-16,12055.65,12058.45,12046.5,12057.0,15:05:00,12079.356930749937,0,71
2019-12-16,12053.5,12056.4,12046.3,12055.4,15:10:00,12076.89436591661,0,72
2019-12-16,12051.3,12054.7,12049.2,12053.4,15:15:00,12074.456807257886,0,73
2019-12-16,12055.2,12055.95,12048.2,12050.3,15:20:00,12072.62282561428,0,74
2019-12-16,12060.7,12061.35,12053.9,12054.7,15:25:00,12071.48731841292,0,75
2019-12-17,12076.95,12096.5,12070.35,12082.35,09:15:00,12072.007573802166,1,1
2019-12-17,12095.95,12095.95,12076.45,12076.45,09:20:00,12074.287804868629,1,2
2019-12-17,12100.35,12103.2,12092.95,12094.9,09:25:00,12076.769918690665,1,3
2019-12-17,12107.35,12112.05,12100.85,12101.2,09:30:00,12079.68230738679,1,4
2019-12-17,12111.1,12111.2,12103.35,12107.05,09:35:00,12082.674468588048,1,5
2019-12-17,12109.8,12113.4,12109.05,12110.25,09:40:00,12085.257852532042,1,6
2019-12-17,12117.25,12119.6,12109.35,12110.75,09:45:00,12088.304723719466,1,7
2019-12-17,12124.95,12127.55,12117.1,12117.7,09:50:00,12091.794750031895,1,8
2019-12-17,12122.9,12124.9,12116.7,12124.65,09:55:00,12094.757154790765,1,9
2019-12-17,12123.75,12124.45,12118.8,12123.15,10:00:00,12097.518378144025,1,10
2019-12-17,12123.55,12126.0,12119.05,12123.9,10:05:00,12099.997580225549,1,11
2019-12-17,12128.15,12133.8,12123.45,12123.75,10:10:00,12102.678763061209,1,12
2019-12-17,12130.35,12131.95,12128.2,12128.2,10:15:00,12105.31411896014,1,13
2019-12-17,12134.0,12138.0,12128.25,12129.9,10:20:00,12108.046107630604,1,14
2019-12-17,12138.45,12142.15,12134.0,12134.35,10:25:00,12110.94171642769,1,15
2019-12-17,12136.1,12140.15,12135.6,12138.25,10:30:00,12113.337743434577,1,16
2019-12-17,12126.15,12136.45,12122.25,12135.65,10:35:00,12114.557958345567,1,17
2019-12-17,12134.05,12134.15,12126.25,12126.35,10:40:00,12116.414343265038,1,18
2019-12-17,12136.25,12137.2,12133.85,12134.15,10:45:00,12118.303453430271,1,19
2019-12-17,12138.45,12138.65,12132.3,12135.75,10:50:00,12120.2221721512,1,20
2019-12-17,12137.7,12138.6,12135.0,12137.95,10:55:00,12121.88672718442,1,21
2019-12-17,12134.15,12141.0,12132.8,12137.8,11:00:00,12123.05465792876,1,22
2019-12-17,12138.85,12139.05,12134.05,12134.05,11:05:00,12124.55897622126,1,23
2019-12-17,12139.9,12140.4,12137.35,12139.15,11:10:00,12126.020026104949,1,24
2019-12-17,12140.0,12141.1,12138.8,12139.5,11:15:00,12127.351452190193,1,25
2019-12-17,12142.3,12144.7,12137.85,12140.15,11:20:00,12128.775123410174,1,26
2019-12-17,12140.35,12143.85,12138.65,12142.45,11:25:00,12129.877492609206,1,27
2019-12-17,12139.25,12144.2,12138.8,12140.4,11:30:00,12130.770112360711,1,28
2019-12-17,12126.1,12139.3,12125.15,12139.0,11:35:00,12130.325339754929,1,29
2019-12-17,12131.35,12131.95,12124.8,12125.85,11:40:00,12130.422926444937,1,30
2019-12-17,12130.75,12135.45,12130.45,12131.5,11:45:00,12130.454076307324,1,31
2019-12-17,12134.45,12135.0,12126.8,12130.6,11:50:00,12130.83464046853,1,32
2019-12-17,12138.2,12139.75,12132.9,12134.4,11:55:00,12131.53610328105,1,33
2019-12-17,12136.05,12139.2,12134.0,12138.3,12:00:00,12131.965998206666,1,34
2019-12-17,12137.05,12137.7,12132.25,12135.95,12:05:00,12132.45018885365,1,35
2019-12-17,12143.35,12143.65,12136.0,12136.85,12:10:00,12133.488266105684,1,36
2019-12-17,12143.1,12144.25,12139.95,12143.8,12:15:00,12134.403669333717,1,37
2019-12-17,12143.5,12145.0,12142.25,12143.5,12:20:00,12135.269986540028,1,38
2019-12-17,12146.7,12147.4,12140.75,12143.45,12:25:00,12136.358559250502,1,39
2019-12-17,12151.5,12153.55,12146.1,12146.35,12:30:00,12137.800601226643,1,40
2019-12-17,12148.3,12152.65,12147.55,12151.15,12:35:00,12138.800543966963,1,41
2019-12-17,12149.1,12152.65,12147.65,12148.15,12:40:00,12139.78144454154,1,42
2019-12-17,12148.25,12150.35,12146.5,12149.15,12:45:00,12140.58797363282,1,43
2019-12-17,12150.0,12151.05,12146.25,12148.0,12:50:00,12141.484357096362,1,44
2019-12-17,12154.95,12154.95,12147.7,12149.8,12:55:00,12142.76679927766,1,45
2019-12-17,12151.9,12157.5,12149.9,12154.85,13:00:00,12143.636627917884,1,46
2019-12-17,12147.4,12152.85,12146.35,12151.6,13:05:00,12143.995044306655,1,47
2019-12-17,12143.95,12147.7,12142.1,12147.35,13:10:00,12143.990754372691,1,48
2019-12-17,12147.75,12148.4,12142.7,12143.45,13:15:00,12144.348777765768,1,49
2019-12-17,12152.9,12153.5,12146.0,12147.6,13:20:00,12145.163179883311,1,50
2019-12-17,12153.5,12154.4,12151.15,12152.7,13:25:00,12145.957162751569,1,51
2019-12-17,12147.35,12155.0,12146.65,12153.4,13:30:00,12146.089813918086,1,52
2019-12-17,12143.15,12148.5,12142.25,12146.95,13:35:00,12145.809831640174,1,53
2019-12-17,12148.85,12149.25,12142.9,12143.55,13:40:00,12146.099371483966,1,54
2019-12-17,12144.05,12150.9,12140.5,12149.4,13:45:00,12145.9041932474,1,55
2019-12-17,12146.65,12148.65,12143.8,12145.0,13:50:00,12145.975222461931,1,56
2019-12-17,12144.1,12149.35,12142.95,12147.05,13:55:00,12145.796629846513,1,57
2019-12-17,12138.55,12146.95,12133.55,12144.7,14:00:00,12145.106474623037,1,58
2019-12-17,12141.5,12146.45,12138.05,12139.35,14:05:00,12144.763000849412,1,59
2019-12-17,12141.4,12142.3,12137.65,12142.3,14:10:00,12144.442715054229,1,60
2019-12-17,12138.3,12141.5,12135.7,12141.5,14:15:00,12143.857694572873,1,61
2019-12-17,12142.85,12143.15,12136.65,12138.0,14:20:00,12143.761723661171,1,62
2019-12-17,12146.45,12148.35,12140.8,12142.65,14:25:00,12144.017749979152,1,63
2019-12-17,12143.85,12148.0,12143.25,12145.4,14:30:00,12144.001773790664,1,64
2019-12-17,12139.9,12144.2,12137.1,12143.95,14:35:00,12143.611128667742,1,65
2019-12-17,12141.3,12145.6,12138.8,12139.55,14:40:00,12143.391021175576,1,66
2019-12-17,12142.7,12145.8,12140.1,12141.8,14:45:00,12143.325209635046,1,67
2019-12-17,12141.7,12144.1,12137.05,12143.2,14:50:00,12143.170427765042,1,68
2019-12-17,12149.5,12150.85,12141.6,12141.6,14:55:00,12143.773244168371,1,69
2019-12-17,12158.3,12158.8,12149.6,12149.6,15:00:00,12145.156744723765,1,70
2019-12-17,12158.7,12163.3,12154.95,12158.85,15:05:00,12146.446578559597,1,71
2019-12-17,12166.45,12167.6,12157.4,12159.15,15:10:00,12148.351666315826,1,72
2019-12-17,12168.55,12168.55,12162.2,12166.55,15:15:00,12150.27531714289,1,73
2019-12-17,12174.05,12174.95,12166.7,12167.35,15:20:00,12152.53957265309,1,74
2019-12-17,12174.4,12182.75,12169.85,12173.8,15:25:00,12154.6215181147,1,75
2019-12-18,12180.9,12194.4,12172.25,12194.4,09:15:00,12157.124230675205,2,1
2019-12-18,12186.1,12186.1,12167.95,12179.8,09:20:00,12159.883827753758,2,2
2019-12-18,12185.75,12189.55,12176.5,12184.8,09:25:00,12162.34727272959,2,3
2019-12-18,12176.15,12185.6,12175.6,12185.6,09:30:00,12163.661818183917,2,4
2019-12-18,12187.15,12187.25,12175.1,12175.25,09:35:00,12165.898787880684,2,5
2019-12-18,12195.05,12197.65,12186.9,12186.9,09:40:00,12168.675093796808,2,6
2019-12-18,12191.65,12197.9,12186.7,12194.2,09:45:00,12170.863180101876,2,7
2019-12-18,12188.35,12193.3,12186.8,12191.75,09:50:00,12172.528591520742,2,8
2019-12-18,12187.0,12190.6,12182.75,12188.7,09:55:00,12173.90682089972,2,9
2019-12-18,12180.15,12188.15,12178.55,12188.1,10:00:00,12174.50140938546,2,10
2019-12-18,12171.4,12184.9,12171.4,12180.5,10:05:00,12174.206037063035,2,11
2019-12-18,12182.55,12182.8,12171.0,12171.25,10:10:00,12175.00070019989,2,12
2019-12-18,12182.05,12184.55,12180.25,12182.9,10:15:00,12175.672062085614,2,13
2019-12-18,12172.95,12182.25,12170.25,12182.25,10:20:00,12175.41281807746,2,14
2019-12-18,12172.45,12173.4,12163.45,12173.15,10:25:00,12175.130644927223,2,15
2019-12-18,12175.1,12176.85,12172.25,12172.35,10:30:00,12175.127726362727,2,16
2019-12-18,12178.5,12179.0,12173.0,12174.45,10:35:00,12175.448895280562,2,17
2019-12-18,12177.45,12182.45,12177.0,12178.15,10:40:00,12175.639476682414,2,18
2019-12-18,12183.15,12183.4,12176.85,12177.35,10:45:00,12176.35476461742,2,19
2019-12-18,12184.5,12186.25,12179.75,12182.5,10:50:00,12177.130501320524,2,20
2019-12-18,12180.05,12185.95,12179.85,12184.45,10:55:00,12177.408548813808,2,21
2019-12-18,12184.2,12186.1,12178.4,12178.5,11:00:00,12178.055353688684,2,22
2019-12-18,12179.85,12184.55,12179.25,12184.55,11:05:00,12178.226272385,2,23
2019-12-18,12181.2,12181.75,12176.25,12179.9,11:10:00,12178.50948453881,2,24
2019-12-18,12177.05,12181.7,12174.5,12181.0,11:15:00,12178.370486011305,2,25
2019-12-18,12179.15,12179.3,12173.5,12176.65,11:20:00,12178.4447254388,2,26
2019-12-18,12185.0,12185.2,12178.1,12179.2,11:25:00,12179.069037301771,2,27
2019-12-18,12182.3,12185.2,12181.55,12184.5,11:30:00,12179.376748034936,2,28
2019-12-18,12182.05,12185.65,12181.1,12182.35,11:35:00,12179.63134346018,2,29
2019-12-18,12181.5,12183.8,12180.6,12182.2,11:40:00,12179.809310749686,2,30
2019-12-18,12182.25,12185.55,12177.75,12181.6,11:45:00,12180.041757344954,2,31
2019-12-18,12185.95,12186.0,12179.95,12182.45,11:50:00,12180.604447121626,2,32
2019-12-18,12189.4,12191.3,12184.4,12185.6,11:55:00,12181.442118824329,2,33
2019-12-18,12187.8,12190.1,12186.1,12189.45,12:00:00,12182.04763131725,2,34
2019-12-18,12198.7,12199.95,12187.45,12188.35,12:05:00,12183.633571191796,2,35
2019-12-18,12196.6,12204.3,12194.2,12197.6,12:10:00,12184.86846917353,2,36
2019-12-18,12192.6,12197.55,12191.0,12196.8,12:15:00,12185.60480544272,2,37
2019-12-18,12191.6,12193.45,12187.45,12191.8,12:20:00,12186.175776352937,2,38
2019-12-18,12196.7,12197.65,12189.8,12191.8,12:25:00,12187.178083366944,2,39
2019-12-18,12203.5,12203.85,12196.25,12196.3,12:30:00,12188.732551617712,2,40
2019-12-18,12204.2,12206.45,12201.25,12203.6,12:35:00,12190.205641939836,2,41
2019-12-18,12205.6,12209.2,12202.45,12204.3,12:40:00,12191.6717712789,2,42
2019-12-18,12204.55,12207.4,12200.5,12205.45,12:45:00,12192.89826925234,2,43
2019-12-18,12211.85,12212.85,12204.15,12204.5,12:50:00,12194.70319599021,2,44
2019-12-18,12211.6,12218.55,12210.9,12211.15,12:55:00,12196.312415419714,2,45
2019-12-18,12219.8,12219.8,12210.55,12211.15,13:00:00,12198.549328236884,2,46
2019-12-18,12214.9,12220.9,12211.45,12220.35,13:05:00,12200.106535071469,2,47
2019-12-18,12213.45,12221.1,12211.7,12215.2,13:10:00,12201.377341255138,2,48
2019-12-18,12201.8,12213.7,12199.1,12213.15,13:15:00,12201.417594468934,2,49
2019-12-18,12204.7,12207.75,12201.15,12202.05,13:20:00,12201.730204519512,2,50
2019-12-18,12195.5,12204.9,12194.25,12204.9,13:25:00,12201.13685170813,2,51
2019-12-18,12194.9,12197.9,12190.75,12195.1,13:30:00,12200.542865831165,2,52
2019-12-18,12195.1,12196.05,12189.55,12194.5,13:35:00,12200.024497656766,2,53
2019-12-18,12201.05,12205.2,12194.95,12194.95,13:40:00,12200.122164546598,2,54
2019-12-18,12208.55,12209.2,12201.05,12201.25,13:45:00,12200.92481554216,2,55
2019-12-18,12203.35,12208.4,12201.4,12208.4,13:50:00,12201.155785490528,2,56
2019-12-18,12200.85,12205.9,12199.1,12202.65,13:55:00,12201.126663062858,2,57
2019-12-18,12200.15,12202.4,12197.45,12200.55,14:00:00,12201.03364753306,2,58
2019-12-18,12196.55,12201.25,12196.3,12200.25,14:05:00,12200.606633482294,2,59
2019-12-18,12197.7,12197.75,12191.6,12196.7,14:10:00,12200.329811245883,2,60
2019-12-18,12212.1,12216.3,12196.15,12197.45,14:15:00,12201.45078160342,2,61
2019-12-18,12204.9,12212.95,12204.55,12211.95,14:20:00,12201.77927859357,2,62
2019-12-18,12202.45,12206.9,12202.0,12205.1,14:25:00,12201.843156822755,2,63
2019-12-18,12208.55,12212.9,12202.1,12202.1,14:30:00,12202.481903792015,2,64
2019-12-18,12206.7,12212.25,12206.2,12209.05,14:35:00,12202.883627240397,2,65
2019-12-18,12205.65,12208.8,12200.9,12207.05,14:40:00,12203.147091312738,2,66
2019-12-18,12211.25,12211.25,12200.85,12205.25,14:45:00,12203.918796902,2,67
2019-12-18,12214.0,12218.75,12206.8,12210.7,14:50:00,12204.878911482763,2,68
2019-12-18,12214.8,12215.85,12207.1,12213.8,14:55:00,12205.823777055832,2,69
2019-12-18,12225.5,12226.3,12215.4,12215.4,15:00:00,12207.697703050517,2,70
2019-12-18,12234.85,12237.7,12225.55,12225.8,15:05:00,12210.283636093323,2,71
2019-12-18,12216.1,12235.6,12204.75,12234.9,15:10:00,12210.837575513007,2,72
2019-12-18,12218.85,12220.75,12207.75,12216.65,15:15:00,12211.600663559388,2,73
2019-12-18,12228.7,12230.75,12218.25,12218.95,15:20:00,12213.229171791829,2,74
2019-12-18,12227.45,12235.8,12224.6,12229.8,15:25:00,12214.58353638308,2,75
2019-12-19,12207.1,12222.0,12201.2,12220.8,09:15:00,12213.870818632313,3,1
2019-12-19,12216.05,12216.85,12203.65,12207.25,09:20:00,12214.07835971495,3,2
2019-12-19,12214.15,12219.75,12212.75,12215.65,09:25:00,12214.08518259924,3,3
2019-12-19,12201.85,12214.55,12200.2,12214.25,09:30:00,12212.9199271136,3,4
2019-12-19,12201.9,12204.0,12194.2,12201.45,09:35:00,12211.870410245638,3,5
2019-12-19,12198.65,12201.7,12191.15,12201.7,09:40:00,12210.611323555577,3,6
2019-12-19,12199.3,12202.35,12194.8,12198.95,09:45:00,12209.534054645525,3,7
2019-12-19,12204.35,12208.0,12199.1,12199.1,09:50:00,12209.040335155474,3,8
2019-12-19,12199.8,12205.55,12198.9,12203.75,09:55:00,12208.160303235903,3,9
2019-12-19,12206.45,12206.45,12195.6,12199.95,10:00:00,12207.997417213435,3,10
2019-12-19,12203.05,12209.95,12202.55,12205.85,10:05:00,12207.52623462168,3,11
2019-12-19,12211.0,12211.35,12203.2,12203.2,10:10:00,12207.857069419617,3,12
2019-12-19,12208.95,12210.9,12204.6,12210.45,10:15:00,12207.96115804632,3,13
2019-12-19,12196.1,12209.55,12194.15,12208.6,10:20:00,12206.83152394667,3,14
2019-12-19,12193.95,12199.2,12192.7,12196.25,10:25:00,12205.604712142223,3,15
2019-12-19,12201.55,12202.75,12193.25,12193.65,10:30:00,12205.21854908106,3,16
2019-12-19,12200.65,12207.25,12199.7,12201.45,10:35:00,12204.78344916858,3,17
2019-12-19,12208.25,12209.4,12199.55,12199.65,10:40:00,12205.11359686681,3,18
2019-12-19,12204.2,12208.85,12203.65,12208.0,10:45:00,12205.026587641398,3,19
2019-12-19,12211.1,12212.7,12203.7,12204.1,10:50:00,12205.605007866026,3,20
2019-12-19,12212.8,12214.8,12209.85,12211.15,10:55:00,12206.29024521212,3,21
2019-12-19,12220.6,12223.0,12212.45,12212.65,11:00:00,12207.653079001442,3,22
2019-12-19,12227.9,12228.25,12216.1,12220.4,11:05:00,12209.581357191782,3,23
2019-12-19,12226.2,12229.9,12225.9,12227.8,11:10:00,12211.16408507828,3,24
2019-12-19,12220.8,12227.0,12220.3,12226.45,11:15:00,12212.0817912613,3,25
2019-12-19,12227.2,12227.2,12219.4,12220.7,11:20:00,12213.521620664986,3,26
2019-12-19,12233.65,12235.1,12226.6,12227.3,11:25:00,12215.438609173085,3,27
2019-12-19,12235.8,12238.1,12229.4,12233.5,11:30:00,12217.377789251836,3,28
2019-12-19,12237.05,12239.95,12234.0,12235.3,11:35:00,12219.251333132614,3,29
2019-12-19,12246.55,12248.9,12236.9,12236.9,11:40:00,12221.851206167605,3,30
2019-12-19,12248.3,12249.55,12242.55,12245.9,11:45:00,12224.370138913546,3,31
2019-12-19,12242.8,12248.25,12239.2,12248.15,11:50:00,12226.125363778923,3,32
2019-12-19,12242.3,12243.2,12236.35,12242.6,11:55:00,12227.665805323786,3,33
2019-12-19,12245.9,12246.3,12240.3,12242.25,12:00:00,12229.40239529295,3,34
2019-12-19,12248.4,12252.55,12245.6,12246.2,12:05:00,12231.211690979337,3,35
2019-12-19,12246.6,12250.45,12242.85,12247.55,12:10:00,12232.6772442194,3,36
2019-12-19,12246.5,12248.05,12243.2,12247.1,12:15:00,12233.993697150889,3,37
2019-12-19,12254.3,12257.95,12246.45,12246.45,12:20:00,12235.927630755565,3,38
2019-12-19,12255.25,12255.8,12251.3,12254.35,12:25:00,12237.76785639789,3,39
2019-12-19,12257.45,12259.5,12252.55,12254.8,12:30:00,12239.642346264758,3,40
2019-12-19,12257.75,12261.25,12255.8,12257.9,12:35:00,12241.366884715731,3,41
2019-12-19,12249.8,12257.45,12246.7,12256.5,12:40:00,12242.170038552327,3,42
2019-12-19,12251.0,12254.3,12249.95,12250.3,12:45:00,12243.01098726163,3,43
2019-12-19,12249.5,12252.85,12248.35,12250.65,12:50:00,12243.62898847481,3,44
2019-12-19,12239.05,12252.35,12235.1,12249.6,12:55:00,12243.192894334352,3,45
2019-12-19,12229.65,12238.8,12226.35,12238.8,13:00:00,12241.903094873938,3,46
2019-12-19,12236.8,12237.55,12229.8,12229.8,13:05:00,12241.417085838324,3,47
2019-12-19,12233.45,12239.0,12230.2,12236.45,13:10:00,12240.658315758485,3,48
2019-12-19,12240.75,12242.5,12233.3,12233.3,13:15:00,12240.667047591009,3,49
2019-12-19,12242.65,12245.3,12240.15,12240.6,13:20:00,12240.85590020139,3,50
2019-12-19,12242.35,12243.35,12236.9,12242.7,13:25:00,12240.998195420309,3,51
2019-12-19,12241.85,12244.1,12240.45,12242.4,13:30:00,12241.079319665992,3,52
2019-12-19,12244.9,12249.05,12241.25,12243.5,13:35:00,12241.443193983516,3,53
2019-12-19,12246.7,12247.2,12243.25,12244.55,13:40:00,12241.943842175562,3,54
2019-12-19,12249.3,12252.0,12245.95,12246.6,13:45:00,12242.644428635032,3,55
2019-12-19,12249.55,12251.5,12247.75,12249.5,13:50:00,12243.302102098363,3,56
2019-12-19,12244.75,12249.95,12242.75,12249.4,13:55:00,12243.439997136617,3,57
2019-12-19,12244.15,12245.3,12240.0,12244.6,14:00:00,12243.507616456938,3,58
2019-12-19,12247.1,12247.1,12240.9,12243.8,14:05:00,12243.849748222943,3,59
2019-12-19,12250.4,12251.25,12246.7,12246.7,14:10:00,12244.47358172552,3,60
2019-12-19,12256.25,12257.0,12250.5,12250.8,14:15:00,12245.59514537071,3,61
2019-12-19,12249.65,12256.7,12244.8,12255.7,14:20:00,12245.98132200207,3,62
2019-12-19,12253.9,12256.5,12249.2,12249.5,14:25:00,12246.735481811396,3,63
2019-12-19,12254.8,12258.3,12250.75,12254.0,14:30:00,12247.503531162693,3,64
2019-12-19,12249.35,12255.0,12248.55,12254.4,14:35:00,12247.679385337677,3,65
2019-12-19,12250.65,12253.3,12249.2,12249.2,14:40:00,12247.9623010198,3,66
2019-12-19,12241.0,12252.9,12237.55,12250.75,14:45:00,12247.2992247322,3,67
2019-12-19,12248.65,12253.85,12241.15,12241.15,14:50:00,12247.4278699958,3,68
2019-12-19,12246.2,12249.45,12242.05,12247.95,14:55:00,12247.310929996198,3,69
2019-12-19,12249.1,12258.1,12245.95,12245.95,15:00:00,12247.481317615608,3,70
2019-12-19,12254.8,12255.05,12242.65,12248.7,15:05:00,12248.17833498555,3,71
2019-12-19,12258.45,12260.95,12254.35,12254.35,15:10:00,12249.156588796452,3,72
2019-12-19,12266.2,12268.35,12257.7,12257.7,15:15:00,12250.779770815838,3,73
2019-12-19,12261.55,12266.3,12258.65,12265.05,15:20:00,12251.805506928617,3,74
2019-12-19,12259.8,12263.1,12256.1,12261.45,15:25:00,12252.566887221128,3,75
2019-12-20,12283.15,12283.15,12252.75,12270.85,09:15:00,12255.47956462864,4,1
2019-12-20,12290.2,12293.9,12280.5,12283.9,09:20:00,12258.786272759246,4,2
2019-12-20,12284.0,12292.3,12280.3,12290.25,09:25:00,12261.187580115507,4,3
2019-12-20,12279.8,12285.2,12270.55,12284.3,09:30:00,12262.96019153308,4,4
2019-12-20,12286.85,12289.45,12279.2,12280.05,09:35:00,12265.23541138707,4,5
2019-12-20,12288.8,12293.15,12284.3,12286.65,09:40:00,12267.479657921634,4,6
2019-12-20,12286.6,12289.55,12281.95,12288.0,09:45:00,12269.30064288148,4,7
2019-12-20,12277.5,12287.7,12277.05,12286.7,09:50:00,12270.081534035624,4,8
2019-12-20,12280.8,12281.25,12275.0,12277.4,09:55:00,12271.102340317946,4,9
2019-12-20,12287.0,12288.4,12279.1,12280.2,10:00:00,12272.61640314481,4,10
2019-12-20,12288.2,12289.1,12280.5,12286.8,10:05:00,12274.100555226258,4,11
2019-12-20,12280.5,12289.35,12279.95,12287.85,10:10:00,12274.710026157089,4,12
2019-12-20,12278.15,12282.6,12272.3,12280.35,10:15:00,12275.037642713556,4,13
2019-12-20,12269.35,12282.55,12269.1,12278.4,10:20:00,12274.495962455125,4,14
2019-12-20,12269.3,12269.75,12261.25,12269.75,10:25:00,12274.00110888797,4,15
2019-12-20,12259.45,12269.65,12258.5,12269.35,10:30:00,12272.615288993878,4,16
2019-12-20,12267.25,12268.6,12254.1,12259.25,10:35:00,12272.1043090897,4,17
2019-12-20,12276.45,12276.45,12264.15,12267.1,10:40:00,12272.51818441449,4,18
2019-12-20,12279.2,12279.95,12273.0,12276.65,10:45:00,12273.154547803588,4,19
2019-12-20,12283.65,12285.55,12278.55,12279.5,10:50:00,12274.154114679435,4,20
2019-12-20,12283.1,12288.35,12281.65,12283.3,10:55:00,12275.006103757589,4,21
2019-12-20,12280.6,12286.65,12279.9,12283.4,11:00:00,12275.538855780676,4,22
2019-12-20,12279.85,12281.95,12275.55,12280.75,11:05:00,12275.94944094442,4,23
2019-12-20,12281.1,12283.5,12279.2,12280.35,11:10:00,12276.439970378284,4,24
2019-12-20,12277.7,12282.9,12277.05,12281.3,11:15:00,12276.5599731994,4,25
2019-12-20,12283.65,12286.35,12276.55,12277.25,11:20:00,12277.235213847078,4,26
2019-12-20,12285.15,12288.75,12283.55,12283.95,11:25:00,12277.9890030045,4,27
2019-12-20,12288.65,12291.05,12285.65,12286.15,11:30:00,12279.00433605169,4,28
2019-12-20,12285.4,12289.7,12282.5,12288.45,11:35:00,12279.61344690391,4,29
2019-12-20,12285.95,12287.65,12281.5,12285.55,11:40:00,12280.216928151158,4,30
2019-12-20,12284.9,12286.5,12280.3,12286.0,11:45:00,12280.662934993905,4,31
2019-12-20,12282.0,12286.75,12281.05,12285.35,11:50:00,12280.790274518296,4,32
2019-12-20,12273.95,12282.65,12273.95,12282.65,11:55:00,12280.138819802269,4,33
2019-12-20,12278.0,12279.7,12271.8,12274.1,12:00:00,12279.935122678242,4,34
2019-12-20,12282.15,12286.15,12274.9,12274.9,12:05:00,12280.146063375552,4,35
2019-12-20,12284.75,12285.55,12281.25,12282.35,12:10:00,12280.584533530262,4,36
2019-12-20,12284.95,12285.3,12280.2,12284.8,12:15:00,12281.000292241666,4,37
2019-12-20,12285.8,12289.15,12283.1,12284.35,12:20:00,12281.457407266267,4,38
2019-12-20,12285.55,12288.0,12283.4,12285.95,12:25:00,12281.847178002814,4,39
2019-12-20,12282.1,12286.75,12280.75,12285.8,12:30:00,12281.87125628826,4,40
2019-12-20,12285.4,12285.9,12280.25,12282.55,12:35:00,12282.20732711795,4,41
2019-12-20,12281.05,12285.6,12280.25,12285.6,12:40:00,12282.09710548767,4,42
2019-12-20,12280.15,12281.05,12278.7,12280.85,12:45:00,12281.911666869795,4,43
2019-12-20,12285.25,12285.55,12279.2,12280.1,12:50:00,12282.229603358388,4,44
2019-12-20,12278.75,12287.1,12277.6,12285.1,12:55:00,12281.898212562352,4,45
2019-12-20,12275.5,12280.45,12274.0,12279.3,13:00:00,12281.288858984984,4,46
2019-12-20,12276.4,12279.15,12274.7,12276.4,13:05:00,12280.823253367364,4,47
2019-12-20,12269.9,12278.95,12268.85,12277.45,13:10:00,12279.782943522856,4,48
2019-12-20,12271.2,12277.35,12269.1,12270.3,13:15:00,12278.965520330205,4,49
2019-12-20,12273.65,12274.9,12270.85,12271.75,13:20:00,12278.459280298754,4,50
2019-12-20,12269.5,12275.5,12269.4,12275.05,13:25:00,12277.606015508396,4,51
2019-12-20,12259.45,12270.1,12257.7,12270.1,13:30:00,12275.876871174263,4,52
2019-12-20,12270.2,12272.85,12258.9,12259.75,13:35:00,12275.336216776715,4,53
2019-12-20,12269.0,12270.8,12264.7,12270.5,13:40:00,12274.732767559886,4,54
2019-12-20,12269.05,12271.95,12267.4,12269.3,13:45:00,12274.191551601802,4,55
2019-12-20,12261.4,12269.05,12260.0,12268.7,13:50:00,12272.973308592109,4,56
2019-12-20,12264.3,12266.4,12260.3,12260.3,13:55:00,12272.14727920238,4,57
2019-12-20,12265.15,12267.25,12262.15,12262.15,14:00:00,12271.480871659298,4,58
2019-12-20,12267.25,12267.5,12258.55,12263.85,14:05:00,12271.07793150127,4,59
2019-12-20,12277.0,12279.25,12264.8,12264.8,14:10:00,12271.64193802496,4,60
2019-12-20,12274.0,12279.35,12272.75,12277.75,14:15:00,12271.866515355916,4,61
2019-12-20,12274.35,12277.35,12271.25,12273.8,14:20:00,12272.103037702973,4,62
2019-12-20,12282.4,12284.5,12273.35,12274.2,14:25:00,12273.083700778878,4,63
2019-12-20,12272.1,12282.2,12270.95,12279.25,14:30:00,12272.990014990412,4,64
2019-12-20,12266.45,12271.9,12259.85,12271.2,14:35:00,12272.367156419898,4,65
2019-12-20,12269.8,12271.2,12263.9,12263.9,14:40:00,12272.122665332288,4,66
2019-12-20,12272.45,12274.1,12266.0,12269.7,14:45:00,12272.153840062549,4,67
2019-12-20,12273.95,12277.1,12271.45,12272.7,14:50:00,12272.324902913731,4,68
2019-12-20,12275.1,12281.45,12272.7,12273.9,14:55:00,12272.589197874331,4,69
2019-12-20,12271.05,12286.45,12270.55,12274.4,15:00:00,12272.442607600584,4,70
2019-12-20,12274.8,12277.75,12270.2,12270.45,15:05:00,12272.667121162433,4,71
2019-12-20,12267.15,12274.5,12262.65,12274.2,15:10:00,12272.141681051724,4,72
2019-12-20,12274.5,12274.95,12266.2,12266.45,15:15:00,12272.36628285632,4,73
2019-12-20,12272.45,12276.65,12271.2,12274.7,15:20:00,12272.374255917624,4,74
2019-12-20,12267.45,12273.75,12262.6,12271.2,15:25:00,12271.905279163566,4,75
2019-12-23,12262.45,12268.9,12229.3,12229.3,09:15:00,12271.004776386084,0,1
2019-12-23,12277.1,12284.0,12263.1,12263.2,09:20:00,12271.585273873125,0,2
2019-12-23,12263.0,12278.75,12263.0,12277.05,09:25:00,12270.76762874235,0,3
2019-12-23,12265.85,12270.05,12256.8,12262.9,09:30:00,12270.29928314784,0,4
2019-12-23,12268.9,12269.2,12263.3,12265.55,09:35:00,12270.16601808614,0,5
2019-12-23,12260.85,12268.85,12258.35,12268.85,09:40:00,12269.278778268414,0,6
2019-12-23,12277.1,12278.55,12260.7,12260.75,09:45:00,12270.023656528563,0,7
2019-12-23,12275.8,12278.5,12271.95,12276.95,09:50:00,12270.573784478223,0,8
2019-12-23,12273.15,12278.6,12268.2,12276.1,09:55:00,12270.81913833744,0,9
2019-12-23,12275.8,12280.9,12271.85,12273.05,10:00:00,12271.293506114827,0,10
2019-12-23,12273.9,12277.9,12271.95,12275.7,10:05:00,12271.541743627702,0,11
2019-12-23,12270.95,12275.65,12270.85,12273.95,10:10:00,12271.48538709173,0,12
2019-12-23,12267.8,12272.8,12265.6,12271.9,10:15:00,12271.1343978449,0,13
2019-12-23,12270.4,12270.55,12264.2,12267.85,10:20:00,12271.064455193004,0,14
2019-12-23,12279.15,12279.15,12269.55,12271.25,10:25:00,12271.834507079384,0,15
2019-12-23,12278.75,12287.15,12278.35,12279.35,10:30:00,12272.493125452776,0,16
2019-12-23,12272.6,12281.1,12271.35,12279.0,10:35:00,12272.503303981084,0,17
2019-12-23,12272.65,12274.3,12269.5,12272.45,10:40:00,12272.517275030506,0,18
2019-12-23,12267.65,12272.85,12266.9,12272.35,10:45:00,12272.0537250276,0,19
2019-12-23,12261.9,12268.05,12260.8,12267.2,10:50:00,12271.0867035964,0,20
2019-12-23,12262.7,12265.5,12259.05,12261.75,10:55:00,12270.287969920551,0,21
2019-12-23,12265.9,12266.35,12261.0,12262.05,11:00:00,12269.870068023358,0,22
2019-12-23,12265.35,12267.5,12264.9,12265.4,11:05:00,12269.439585354468,0,23
2019-12-23,12265.5,12265.5,12262.25,12265.15,11:10:00,12269.06438674928,0,24
2019-12-23,12265.8,12269.15,12263.4,12265.6,11:15:00,12268.753492773158,0,25
2019-12-23,12266.15,12267.75,12263.35,12265.35,11:20:00,12268.505541080476,0,26
2019-12-23,12265.95,12267.2,12263.9,12265.9,11:25:00,12268.262156215667,0,27
2019-12-23,12271.2,12271.8,12265.05,12265.8,11:30:00,12268.541950861796,0,28
2019-12-23,12275.1,12277.75,12270.75,12271.0,11:35:00,12269.166526970195,0,29
2019-12-23,12272.7,12276.35,12271.9,12275.35,11:40:00,12269.50304821113,0,30
2019-12-23,12270.6,12272.3,12267.0,12272.3,11:45:00,12269.60751981007,0,31
2019-12-23,12273.7,12273.8,12268.9,12270.35,11:50:00,12269.997279828158,0,32
2019-12-23,12270.0,12274.85,12269.75,12273.3,11:55:00,12269.99753889214,0,33
2019-12-23,12270.4,12270.95,12267.65,12269.55,12:00:00,12270.03586852146,0,34
2019-12-23,12269.25,12271.9,12267.9,12270.35,12:05:00,12269.96102390037,0,35
2019-12-23,12269.15,12270.3,12267.95,12269.1,12:10:00,12269.883783528909,0,36
2019-12-23,12273.4,12274.75,12268.7,12268.7,12:15:00,12270.218661288058,0,37
2019-12-23,12273.05,12274.7,12271.8,12272.9,12:20:00,12270.488312593958,0,38
2019-12-23,12273.45,12275.05,12272.0,12272.7,12:25:00,12270.7703780612,0,39
2019-12-23,12273.15,12273.7,12268.45,12273.3,12:30:00,12270.997008722035,0,40
2019-12-23,12275.85,12276.25,12273.1,12273.1,12:35:00,12271.459198367558,0,41
2019-12-23,12275.2,12277.35,12274.65,12275.6,12:40:00,12271.815465189697,0,42
2019-12-23,12267.05,12275.7,12264.9,12275.0,12:45:00,12271.361611362105,0,43
2019-12-23,12267.7,12267.8,12263.95,12266.7,12:50:00,12271.012886470477,0,44
2019-12-23,12264.5,12267.95,12261.75,12267.85,12:55:00,12270.392611568526,0,45
2019-12-23,12262.7,12265.05,12260.6,12265.05,13:00:00,12269.659981895333,0,46
2019-12-23,12260.6,12262.65,12259.9,12262.55,13:05:00,12268.79712647673,0,47
2019-12-23,12256.65,12261.25,12252.6,12261.25,13:10:00,12267.640257288467,0,48
2019-12-23,12249.1,12256.8,12249.1,12256.8,13:15:00,12265.874518499091,0,49
2019-12-23,12242.65,12249.3,12235.55,12249.3,13:20:00,12263.662659594416,0,50
2019-12-23,12246.8,12249.15,12241.45,12243.1,13:25:00,12262.056692013995,0,51
2019-12-23,12238.0,12246.6,12237.8,12246.4,13:30:00,12259.765578488852,0,52
2019-12-23,12236.75,12240.25,12235.85,12238.15,13:35:00,12257.57361863277,0,53
2019-12-23,12242.85,12245.1,12234.2,12236.65,13:40:00,12256.171369239171,0,54
2019-12-23,12246.45,12246.75,12241.5,12242.8,13:45:00,12255.24552454973,0,55
2019-12-23,12241.9,12249.1,12239.55,12246.05,13:50:00,12253.97452221166,0,56
2019-12-23,12241.75,12243.7,12237.2,12241.7,13:55:00,12252.810282001026,0,57
2019-12-23,12246.25,12249.05,12240.45,12242.2,14:00:00,12252.185493239023,0,58
2019-12-23,12247.9,12250.3,12245.9,12246.45,14:05:00,12251.777351025785,0,59
2019-12-23,12246.6,12249.3,12244.1,12247.95,14:10:00,12251.28426997571,0,60
2019-12-23,12245.6,12252.35,12245.6,12247.35,14:15:00,12250.742910930405,0,61
2019-12-23,12232.3,12246.35,12232.3,12244.55,14:20:00,12248.986443222746,0,62
2019-12-23,12224.85,12232.2,12223.15,12231.95,14:25:00,12246.687734344388,0,63
2019-12-23,12216.15,12225.3,12214.8,12224.5,14:30:00,12243.779378692543,0,64
2019-12-23,12220.8,12224.8,12215.55,12216.35,14:35:00,12241.59086643611,0,65
2019-12-23,12223.95,12224.1,12213.25,12220.6,14:40:00,12239.910783918383,0,66
2019-12-23,12225.7,12228.2,12220.8,12224.1,14:45:00,12238.55737592616,0,67
2019-12-23,12225.75,12228.75,12224.6,12226.25,14:50:00,12237.337625837954,0,68
2019-12-23,12225.3,12227.85,12223.05,12226.0,14:55:00,12236.191185281958,0,69
2019-12-23,12258.6,12259.1,12225.2,12225.2,15:00:00,12238.325358112248,0,70
2019-12-23,12257.15,12264.75,12255.05,12259.1,15:05:00,12240.118181149175,0,71
2019-12-23,12264.15,12270.55,12257.1,12257.1,15:10:00,12242.406925801635,0,72
2019-12-23,12272.15,12272.75,12263.9,12263.9,15:15:00,12245.239599534814,0,73
2019-12-23,12270.2,12273.0,12265.35,12272.25,15:20:00,12247.6167805315,0,74
2019-12-23,12266.15,12271.55,12264.5,12270.25,15:25:00,12249.38184905231,0,75
2019-12-24,12273.45,12277.2,12250.25,12264.55,09:15:00,12251.674053904471,1,1
2019-12-24,12278.1,12280.5,12270.7,12272.9,09:20:00,12254.190810675474,1,2
2019-12-24,12278.25,12280.2,12272.7,12278.5,09:25:00,12256.482162039716,1,3
2019-12-24,12279.85,12283.7,12277.15,12278.55,09:30:00,12258.707670416889,1,4
2019-12-24,12273.35,12280.6,12271.45,12280.6,09:35:00,12260.10217799623,1,5
2019-12-24,12278.1,12279.1,12272.7,12274.15,09:40:00,12261.816256282304,1,6
2019-12-24,12267.65,12278.3,12267.1,12278.3,09:45:00,12262.371850922083,1,7
2019-12-24,12267.0,12268.45,12263.55,12268.0,09:50:00,12262.812627024745,1,8
2019-12-24,12263.1,12268.05,12262.0,12266.55,09:55:00,12262.839995879527,1,9
2019-12-24,12266.75,12268.95,12261.25,12263.15,10:00:00,12263.212377224336,1,10
2019-12-24,12262.8,12268.4,12262.15,12267.2,10:05:00,12263.173103202971,1,11
2019-12-24,12260.25,12264.05,12259.4,12262.9,10:10:00,12262.894712421736,1,12
2019-12-24,12262.7,12262.8,12256.9,12260.0,10:15:00,12262.87616838157,1,13
2019-12-24,12258.25,12264.45,12258.25,12262.8,10:20:00,12262.43558091666,1,14
2019-12-24,12254.3,12259.45,12253.65,12258.6,10:25:00,12261.6607636865,1,15
2019-12-24,12254.1,12256.5,12252.8,12253.9,10:30:00,12260.940690954452,1,16
2019-12-24,12255.6,12256.45,12252.3,12254.05,10:35:00,12260.432053720697,1,17
2019-12-24,12255.85,12259.3,12254.6,12255.75,10:40:00,12259.995667652058,1,18
2019-12-24,12251.25,12257.85,12251.1,12256.15,10:45:00,12259.16274692329,1,19
2019-12-24,12247.45,12252.25,12245.5,12251.35,10:50:00,12258.04724721631,1,20
2019-12-24,12245.65,12248.25,12244.05,12247.35,10:55:00,12256.866557005233,1,21
2019-12-24,12248.65,12251.3,12244.7,12245.45,11:00:00,12256.08402776664,1,22
2019-12-24,12249.4,12250.45,12247.05,12249.0,11:05:00,12255.447453693629,1,23
2019-12-24,12247.3,12250.95,12246.4,12249.55,11:10:00,12254.671505722805,1,24
2019-12-24,12252.55,12252.55,12246.25,12247.05,11:15:00,12254.469457558727,1,25
2019-12-24,12252.55,12254.75,12250.2,12252.25,11:20:00,12254.286652076944,1,26
2019-12-24,12255.3,12256.1,12252.65,12252.75,11:25:00,12254.38316140295,1,27
2019-12-24,12259.35,12260.0,12254.85,12255.4,11:30:00,12254.856193650288,1,28
2019-12-24,12256.75,12259.8,12254.85,12259.3,11:35:00,12255.036556159786,1,29
2019-12-24,12255.35,12257.4,12254.3,12257.0,11:40:00,12255.066407954091,1,30
2019-12-24,12250.7,12255.55,12250.05,12255.4,11:45:00,12254.65055957751,1,31
2019-12-24,12251.1,12253.25,12247.45,12250.55,11:50:00,12254.31241104632,1,32
2019-12-24,12251.1,12252.6,12248.4,12251.35,11:55:00,12254.006467137146,1,33
2019-12-24,12250.55,12253.55,12249.45,12251.3,12:00:00,12253.67727979075,1,34
2019-12-24,12248.55,12251.4,12246.6,12251.05,12:05:00,12253.188967429727,1,35
2019-12-24,12249.5,12251.3,12246.55,12248.35,12:10:00,12252.837637198323,1,36
2019-12-24,12246.45,12250.5,12246.45,12249.65,12:15:00,12252.229290798485,1,37
2019-12-24,12239.4,12247.3,12237.4,12247.2,12:20:00,12251.00745357958,1,38
2019-12-24,12239.3,12243.25,12236.65,12239.15,12:25:00,12249.892458000571,1,39
2019-12-24,12240.3,12240.6,12234.3,12239.0,12:30:00,12248.978890571949,1,40
2019-12-24,12239.8,12240.75,12236.2,12240.05,12:35:00,12248.104710517477,1,41
2019-12-24,12245.5,12246.2,12238.85,12240.0,12:40:00,12247.856642849143,1,42
2019-12-24,12246.8,12247.25,12243.3,12246.4,12:45:00,12247.756010196848,1,43
2019-12-24,12250.35,12251.95,12245.35,12246.75,12:50:00,12248.003056844767,1,44
2019-12-24,12251.3,12251.3,12246.6,12250.0,12:55:00,12248.31705143098,1,45
2019-12-24,12247.95,12251.95,12247.15,12251.05,13:00:00,12248.282094151838,1,46
2019-12-24,12249.15,12251.3,12246.95,12248.2,13:05:00,12248.364751851665,1,47
2019-12-24,12246.65,12250.3,12244.85,12249.3,13:10:00,12248.201442151509,1,48
2019-12-24,12245.15,12247.85,12242.05,12246.5,13:15:00,12247.910828613269,1,49
2019-12-24,12246.85,12247.3,12241.7,12245.05,13:20:00,12247.809797316768,1,50
2019-12-24,12241.45,12246.9,12240.2,12246.3,13:25:00,12247.20410233422,1,51
2019-12-24,12239.85,12242.95,12238.45,12241.75,13:30:00,12246.503711635723,1,52
2019-12-24,12244.05,12245.95,12239.5,12240.4,13:35:00,12246.270024813271,1,53
2019-12-24,12247.15,12247.9,12242.35,12244.15,13:40:00,12246.353831973916,1,54
2019-12-24,12242.05,12248.1,12241.45,12246.7,13:45:00,12245.943943214494,1,55
2019-12-24,12240.0,12243.25,12237.2,12242.15,13:50:00,12245.377853384542,1,56
2019-12-24,12241.9,12242.9,12237.0,12239.85,13:55:00,12245.04662925268,1,57
2019-12-24,12252.2,12257.15,12239.9,12239.9,14:00:00,12245.727902657189,1,58
2019-12-24,12245.7,12253.05,12245.05,12252.5,14:05:00,12245.725245261265,1,59
2019-12-24,12245.35,12247.75,12244.4,12245.6,14:10:00,12245.689507617337,1,60
2019-12-24,12247.75,12253.75,12244.7,12245.9,14:15:00,12245.885744987114,1,61
2019-12-24,12246.35,12248.9,12245.65,12247.9,14:20:00,12245.929959750249,1,62
2019-12-24,12245.55,12248.3,12244.65,12246.3,14:25:00,12245.893773107366,1,63
2019-12-24,12233.6,12246.85,12230.1,12245.65,14:30:00,12244.722937573331,1,64
2019-12-24,12232.9,12236.35,12231.3,12233.85,14:35:00,12243.596943518727,1,65
2019-12-24,12225.65,12233.45,12222.5,12232.8,14:40:00,12241.88771080266,1,66
2019-12-24,12226.7,12227.3,12221.7,12225.6,14:45:00,12240.441262154787,1,67
2019-12-24,12230.65,12233.4,12226.3,12227.0,14:50:00,12239.508760997189,1,68
2019-12-24,12224.7,12231.15,12224.7,12230.35,14:55:00,12238.09840280698,1,69
2019-12-24,12232.7,12238.7,12225.0,12225.35,15:00:00,12237.584269206314,1,70
2019-12-24,12218.2,12233.3,12217.85,12233.3,15:05:00,12235.738148329525,1,71
2019-12-24,12211.25,12218.8,12209.05,12216.15,15:10:00,12233.405943726711,1,72
2019-12-24,12207.6,12213.55,12204.45,12210.9,15:15:00,12230.948234800358,1,73
2019-12-24,12208.7,12209.05,12202.1,12207.15,15:20:00,12228.829355295562,1,74
2019-12-24,12212.0,12212.9,12208.2,12208.2,15:25:00,12227.226559553126,1,75
2019-12-26,12206.9,12221.55,12202.7,12210.7,09:15:00,12225.290696738542,3,1
2019-12-26,12203.95,12211.75,12201.0,12206.65,09:20:00,12223.25824943011,3,2
2019-12-26,12205.1,12205.75,12198.3,12203.6,09:25:00,12221.528892341528,3,3
2019-12-26,12215.0,12216.6,12204.35,12205.4,09:30:00,12220.907093070908,3,4
2019-12-26,12211.9,12216.55,12210.8,12215.2,09:35:00,12220.049274683202,3,5
2019-12-26,12210.05,12212.75,12206.1,12212.5,09:40:00,12219.096962808611,3,6
2019-12-26,12214.55,12217.25,12210.0,12210.4,09:45:00,12218.6639187316,3,7
2019-12-26,12212.75,12215.1,12210.95,12214.35,09:50:00,12218.10068837621,3,8
2019-12-26,12209.8,12213.45,12207.35,12213.15,09:55:00,12217.310146626094,3,9
2019-12-26,12209.25,12210.95,12203.95,12208.85,10:00:00,12216.542513614084,3,10
2019-12-26,12211.15,12213.65,12209.45,12209.45,10:05:00,12216.028940888931,3,11
2019-12-26,12208.55,12212.75,12207.5,12210.85,10:10:00,12215.316660804274,3,12
2019-12-26,12213.55,12213.95,12206.95,12208.6,10:15:00,12215.148407394345,3,13
2019-12-26,12211.85,12216.05,12210.9,12213.75,10:20:00,12214.834273356786,3,14
2019-12-26,12208.2,12212.3,12206.8,12212.3,10:25:00,12214.202437798998,3,15
2019-12-26,12205.0,12209.0,12204.55,12208.15,10:30:00,12213.326015151477,3,16
2019-12-26,12204.9,12205.65,12201.4,12204.55,10:35:00,12212.523537518002,3,17
2019-12-26,12205.2,12205.65,12203.15,12205.2,10:40:00,12211.826057754382,3,18
2019-12-26,12199.6,12207.2,12199.2,12205.7,10:45:00,12210.661671301585,3,19
2019-12-26,12197.8,12199.9,12195.35,12199.65,10:50:00,12209.436750225244,3,20
2019-12-26,12196.05,12199.2,12192.65,12198.1,10:55:00,12208.161821632362,3,21
2019-12-26,12197.55,12198.35,12195.2,12195.6,11:00:00,12207.15117195309,3,22
2019-12-26,12196.95,12198.95,12195.5,12197.6,11:05:00,12206.17963176708,3,23
2019-12-26,12194.3,12198.45,12193.85,12196.7,11:10:00,12205.048238265455,3,24
2019-12-26,12193.05,12195.95,12189.9,12194.75,11:15:00,12203.90554890684,3,25
2019-12-26,12194.05,12195.3,12191.1,12192.95,11:20:00,12202.966925201428,3,26
2019-12-26,12192.55,12194.75,12191.35,12193.8,11:25:00,12201.974837087007,3,27
2019-12-26,12189.3,12192.65,12186.65,12192.65,11:30:00,12200.767709745389,3,28
2019-12-26,12188.95,12192.4,12188.45,12189.45,11:35:00,12199.64221357916,3,29
2019-12-26,12188.7,12190.1,12186.2,12189.25,11:40:00,12198.600098000194,3,30
2019-12-26,12185.65,12189.1,12183.8,12188.85,11:45:00,12197.366755333507,3,31
2019-12-26,12186.1,12187.9,12182.95,12186.3,11:50:00,12196.29373101603,3,32
2019-12-26,12186.6,12188.3,12182.65,12186.15,11:55:00,12195.370518538311,3,33
2019-12-26,12188.1,12192.8,12184.95,12186.0,12:00:00,12194.67808820133,3,34
2019-12-26,12184.7,12189.35,12181.95,12188.5,12:05:00,12193.72779408692,3,35
2019-12-26,12189.15,12190.5,12183.6,12184.9,12:10:00,12193.29181369769,3,36
2019-12-26,12185.35,12190.4,12184.4,12189.35,12:15:00,12192.535450488384,3,37
2019-12-26,12186.5,12189.4,12184.5,12185.1,12:20:00,12191.960645679968,3,38
2019-12-26,12187.3,12188.6,12185.05,12186.1,12:25:00,12191.516774662829,3,39
2019-12-26,12191.7,12193.5,12185.35,12186.75,12:30:00,12191.53422469494,3,40
2019-12-26,12196.35,12196.75,12190.9,12192.05,12:35:00,12191.99286996209,3,41
2019-12-26,12190.25,12196.95,12189.5,12196.95,12:40:00,12191.826882346651,3,42
2019-12-26,12185.0,12190.85,12183.7,12190.0,12:45:00,12191.176703075544,3,43
2019-12-26,12185.45,12189.0,12184.35,12185.1,12:50:00,12190.631302782636,3,44
2019-12-26,12186.95,12188.7,12184.65,12185.55,12:55:00,12190.28070251762,3,45
2019-12-26,12186.1,12187.8,12184.2,12186.8,13:00:00,12189.882540373086,3,46
2019-12-26,12177.05,12186.2,12177.05,12186.15,13:05:00,12188.660393670889,3,47
2019-12-26,12175.6,12177.75,12172.85,12177.75,13:10:00,12187.416546654616,3,48
2019-12-26,12176.6,12178.0,12171.25,12175.75,13:15:00,12186.386399354176,3,49
2019-12-26,12180.45,12181.8,12177.4,12178.05,13:20:00,12185.82102798711,3,50
2019-12-26,12180.25,12181.95,12177.7,12180.2,13:25:00,12185.290453893098,3,51
2019-12-26,12175.65,12181.15,12174.8,12180.55,13:30:00,12184.37231542709,3,52
2019-12-26,12176.85,12179.0,12174.2,12176.15,13:35:00,12183.655904434036,3,53
2019-12-26,12175.1,12179.0,12174.0,12177.3,13:40:00,12182.8410563927,3,54
2019-12-26,12170.8,12175.65,12166.15,12175.0,13:45:00,12181.694289117204,3,55
2019-12-26,12169.85,12173.6,12168.8,12171.55,13:50:00,12180.566261582231,3,56
2019-12-26,12170.0,12173.3,12166.75,12169.8,13:55:00,12179.559950955352,3,57
2019-12-26,12167.6,12172.6,12163.7,12170.25,14:00:00,12178.420908007223,3,58
2019-12-26,12168.5,12170.95,12166.1,12168.05,14:05:00,12177.476059625584,3,59
2019-12-26,12161.4,12169.0,12159.8,12169.0,14:10:00,12175.94500632791,3,60
2019-12-26,12164.4,12164.4,12158.25,12162.45,14:15:00,12174.845481915729,3,61
2019-12-26,12163.4,12170.1,12162.25,12163.25,14:20:00,12173.75543601899,3,62
2019-12-26,12164.1,12166.2,12160.35,12163.8,14:25:00,12172.835870683848,3,63
2019-12-26,12176.1,12179.8,12162.95,12162.95,14:30:00,12173.146740142529,3,64
2019-12-26,12173.15,12180.25,12171.9,12176.35,14:35:00,12173.147050605146,3,65
2019-12-26,12165.4,12174.15,12164.2,12172.3,14:40:00,12172.4092362618,3,66
2019-12-26,12163.2,12167.45,12161.1,12167.05,14:45:00,12171.532166141627,3,67
2019-12-26,12148.15,12162.8,12146.05,12161.75,14:50:00,12169.30529317576,3,68
2019-12-26,12149.15,12154.4,12146.0,12148.0,14:55:00,12167.385741444734,3,69
2019-12-26,12121.8,12150.65,12121.1,12148.7,15:00:00,12163.044242259522,3,70
2019-12-26,12128.95,12130.95,12118.85,12123.05,15:05:00,12159.79717156814,3,71
2019-12-26,12130.9,12131.95,12125.55,12129.9,15:10:00,12157.04505999022,3,72
2019-12-26,12126.15,12133.2,12124.3,12131.1,15:15:00,12154.102673324487,3,73
2019-12-26,12125.7,12129.65,12121.35,12126.5,15:20:00,12151.397656817391,3,74
2019-12-26,12130.9,12131.5,12120.95,12125.6,15:25:00,12149.44549902526,3,75
2019-12-27,12170.8,12176.55,12161.85,12169.6,09:15:00,12151.479261022854,4,1
2019-12-27,12167.55,12174.45,12166.5,12170.55,09:20:00,12153.009807592103,4,2
2019-12-27,12159.25,12171.9,12159.25,12168.1,09:25:00,12153.604111630952,4,3
2019-12-27,12174.7,12174.8,12157.9,12159.1,09:30:00,12155.613243856576,4,4
2019-12-27,12185.95,12186.25,12174.2,12174.2,09:35:00,12158.502458727377,4,5
2019-12-27,12180.2,12188.45,12179.75,12185.45,09:40:00,12160.568891229532,4,6
2019-12-27,12181.85,12183.3,12178.95,12180.6,09:45:00,12162.595663493385,4,7
2019-12-27,12192.05,12192.05,12181.15,12181.75,09:50:00,12165.400838398777,4,8
2020-01-01,12211.3,12216.45,12201.2,12201.55,09:15:00,12169.772187122702,2,1
2020-01-01,12215.15,12218.8,12208.8,12211.85,09:20:00,12174.093883587208,2,2
2020-01-01,12221.65,12222.2,12211.35,12215.35,09:25:00,12178.623037531284,2,3
2020-01-01,12213.55,12221.9,12212.8,12221.35,09:30:00,12181.949414909255,2,4
2020-01-01,12208.2,12213.85,12205.5,12213.45,09:35:00,12184.449470632186,2,5
2020-01-01,12203.15,12208.75,12196.85,12208.0,09:40:00,12186.23047342912,2,6
2020-01-01,12195.35,12204.2,12191.4,12203.0,09:45:00,12187.098999769203,2,7
2020-01-01,12199.55,12205.0,12192.5,12195.2,09:50:00,12188.284809314997,2,8
2020-01-01,12200.5,12203.2,12197.75,12200.05,09:55:00,12189.448160808806,2,9
2020-01-01,12195.4,12201.2,12192.7,12200.65,10:00:00,12190.01500263654,2,10
2020-01-01,12186.7,12195.9,12184.7,12195.3,10:05:00,12189.699288099726,2,11
2020-01-01,12190.85,12194.05,12184.55,12187.0,10:10:00,12189.808879709277,2,12
2020-01-01,12192.75,12193.05,12187.4,12190.65,10:15:00,12190.08898640363,2,13
2020-01-01,12196.2,12200.2,12193.1,12193.1,10:20:00,12190.670987698522,2,14
2020-01-01,12198.2,12200.45,12194.2,12195.8,10:25:00,12191.38803648914,2,15
2020-01-01,12195.45,12198.05,12190.2,12197.8,10:30:00,12191.77489015684,2,16
2020-01-01,12193.3,12197.0,12190.25,12197.0,10:35:00,12191.920138713333,2,17
2020-01-01,12192.25,12197.0,12190.95,12194.05,10:40:00,12191.951554073969,2,18
2020-01-01,12182.65,12193.65,12181.6,12192.15,10:45:00,12191.065691781208,2,19
2020-01-01,12176.35,12182.7,12169.8,12182.7,10:50:00,12189.664197325856,2,20
2020-01-01,12177.35,12177.85,12175.15,12176.85,10:55:00,12188.491416628156,2,21
2020-01-01,12180.5,12184.2,12176.6,12177.6,11:00:00,12187.730329330236,2,22
2020-01-01,12184.9,12187.1,12179.55,12180.7,11:05:00,12187.460774155928,2,23
2020-01-01,12183.4,12185.65,12181.05,12184.45,11:10:00,12187.074033760127,2,24
2020-01-01,12184.05,12187.15,12182.65,12183.15,11:15:00,12186.786030544878,2,25
2020-01-01,12177.5,12185.15,12176.7,12184.35,11:20:00,12185.90164668346,2,26
2020-01-01,12178.65,12179.9,12175.5,12177.4,11:25:00,12185.211013665989,2,27
2020-01-01,12183.45,12184.0,12178.4,12178.8,11:30:00,12185.043298078752,2,28
2020-01-01,12180.8,12183.85,12179.5,12183.15,11:35:00,12184.639174452204,2,29
2020-01-01,12179.35,12180.85,12177.9,12180.65,11:40:00,12184.135443551992,2,30
2020-01-01,12179.6,12180.45,12177.15,12179.25,11:45:00,12183.703496547045,2,31
2020-01-01,12176.3,12180.0,12175.55,12179.75,11:50:00,12182.9984016378,2,32
2020-01-01,12175.95,12176.35,12172.55,12176.15,11:55:00,12182.327125291344,2,33
2020-01-01,12185.9,12187.7,12174.9,12175.4,12:00:00,12182.66739907312,2,34
2020-01-01,12185.6,12189.1,12184.85,12185.85,12:05:00,12182.94669439949,2,35
2020-01-01,12187.35,12187.8,12182.65,12184.5,12:10:00,12183.366056837634,2,36
2020-01-01,12189.5,12193.15,12186.8,12187.2,12:15:00,12183.950241900717,2,37
2020-01-01,12179.9,12189.85,12178.85,12189.85,12:20:00,12183.56450457684,2,38
2020-01-01,12171.75,12179.75,12171.75,12179.75,12:25:00,12182.43931366476,2,39
2020-01-01,12173.9,12174.1,12165.3,12172.1,12:30:00,12181.626045696688,2,40
2020-01-01,12177.55,12178.75,12173.9,12174.65,12:35:00,12181.23785086843,2,41
2020-01-01,12175.8,12178.05,12173.0,12177.35,12:40:00,12180.719960309532,2,42
2020-01-01,12181.25,12182.6,12176.4,12176.75,12:45:00,12180.770440280054,2,43
2020-01-01,12181.4,12182.9,12180.2,12181.65,12:50:00,12180.83039834862,2,44
2020-01-01,12182.85,12183.5,12178.2,12181.05,12:55:00,12181.022741363036,2,45
2020-01-01,12181.95,12183.4,12179.9,12182.4,13:00:00,12181.111051709411,2,46
2020-01-01,12181.5,12182.8,12179.8,12182.5,13:05:00,12181.148094403754,2,47
2020-01-01,12175.35,12181.85,12174.3,12181.65,13:10:00,12180.59589493673,2,48
2020-01-01,12176.9,12177.3,12171.75,12174.55,13:15:00,12180.243904942758,2,49
2020-01-01,12177.6,12182.75,12176.3,12177.15,13:20:00,12179.992104472018,2,50
2020-01-01,12183.45,12183.55,12176.85,12177.95,13:25:00,12180.321427855635,2,51
2020-01-01,12183.45,12186.2,12182.15,12183.3,13:30:00,12180.61938710748,2,52
2020-01-01,12178.9,12183.8,12177.8,12183.8,13:35:00,12180.455635954388,2,53
2020-01-01,12182.35,12182.6,12178.05,12179.1,13:40:00,12180.63605157778,2,54
2020-01-01,12181.05,12182.7,12179.8,12182.55,13:45:00,12180.67547523704,2,55
2020-01-01,12192.3,12192.3,12180.4,12181.55,13:50:00,12181.782572833512,2,56
2020-01-01,12190.55,12197.75,12190.0,12192.75,13:55:00,12182.617565896988,2,57
2020-01-01,12186.5,12191.3,12186.35,12190.0,14:00:00,12182.987321525849,2,58
2020-01-01,12189.55,12191.15,12185.35,12186.35,14:05:00,12183.612338523384,2,59
2020-01-01,12182.05,12190.65,12180.6,12189.6,14:10:00,12183.4635443783,2,60
2020-01-01,12178.8,12182.2,12174.95,12181.55,14:15:00,12183.019397294653,2,61
2020-01-01,12177.4,12180.35,12175.1,12179.05,14:20:00,12182.484216599923,2,62
2020-01-01,12177.9,12179.1,12172.8,12177.5,14:25:00,12182.047624542787,2,63
2020-01-01,12177.15,12184.3,12175.55,12177.8,14:30:00,12181.58118411014,2,64
2020-01-01,12175.6,12178.85,12174.75,12176.9,14:35:00,12181.011547528224,2,65
2020-01-01,12180.75,12181.3,12175.35,12175.85,14:40:00,12180.98663823982,2,66
2020-01-01,12183.35,12183.65,12179.0,12180.25,14:45:00,12181.211720312218,2,67
2020-01-01,12179.65,12183.1,12179.4,12182.85,14:50:00,12181.062985044387,2,68
2020-01-01,12170.3,12180.65,12169.5,12180.05,14:55:00,12180.037938849684,2,69
2020-01-01,12181.4,12182.7,12170.05,12170.35,15:00:00,12180.167658959235,2,70
2020-01-01,12184.5,12188.45,12181.05,12182.25,15:05:00,12180.58026286788,2,71
2020-01-01,12182.3,12187.3,12178.1,12184.3,15:10:00,12180.744047356657,2,72
2020-01-01,12182.15,12186.0,12177.3,12182.45,15:15:00,12180.877947608402,2,73
2020-01-01,12184.8,12186.75,12179.2,12181.55,15:20:00,12181.251476407602,2,74
2020-01-01,12189.7,12191.95,12184.95,12185.3,15:25:00,12182.056097702116,2,75
2020-01-02,12217.2,12217.2,12195.25,12197.3,09:15:00,12185.4031360162,3,1
2020-01-02,12218.2,12220.8,12216.65,12218.15,09:20:00,12188.526646871798,3,2
2020-01-02,12224.25,12227.9,12217.35,12217.9,09:25:00,12191.928870979247,3,3
2020-01-02,12223.5,12230.95,12223.3,12224.55,09:30:00,12194.9356451717,3,4
2020-01-02,12216.95,12224.85,12213.7,12223.1,09:35:00,12197.032250393442,3,5
2020-01-02,12213.7,12220.1,12213.3,12217.3,09:40:00,12198.619655117876,3,6
2020-01-02,12210.05,12214.1,12205.6,12213.65,09:45:00,12199.708259392364,3,7
2020-01-02,12204.7,12212.85,12204.35,12210.1,09:50:00,12200.18366325976,3,8
2020-01-02,12211.8,12212.3,12204.3,12204.95,09:55:00,12201.289981044543,3,9
2020-01-02,12217.6,12217.8,12211.5,12212.1,10:00:00,12202.843316183158,3,10
2020-01-02,12216.65,12219.1,12215.0,12217.75,10:05:00,12204.15823845143,3,11
2020-01-02,12219.6,12220.1,12213.4,12216.2,10:10:00,12205.628882408437,3,12
2020-01-02,12227.25,12228.0,12218.6,12220.0,10:15:00,12207.688036464777,3,13
2020-01-02,12224.0,12228.6,12221.85,12226.8,10:20:00,12209.241556801466,3,14
2020-01-02,12225.25,12226.15,12222.4,12223.8,10:25:00,12210.766170439423,3,15
2020-01-02,12231.15,12232.75,12225.25,12225.55,10:30:00,12212.70748754043,3,16
2020-01-02,12234.7,12235.5,12230.45,12231.1,10:35:00,12214.80201253658,3,17
2020-01-02,12233.4,12235.1,12230.35,12235.05,10:40:00,12216.57324943786,3,18
2020-01-02,12232.75,12234.3,12230.3,12233.65,10:45:00,12218.11389234854,3,19
2020-01-02,12233.8,12236.35,12232.1,12232.2,10:50:00,12219.607807362963,3,20
2020-01-02,12229.6,12234.5,12228.8,12233.7,10:55:00,12220.55944475697,3,21
2020-01-02,12229.3,12231.55,12228.85,12229.25,11:00:00,12221.39187858964,3,22
2020-01-02,12231.95,12232.15,12226.85,12228.65,11:05:00,12222.397413962057,3,23
2020-01-02,12228.45,12232.25,12227.45,12231.75,11:10:00,12222.973850727574,3,24
2020-01-02,12234.75,12235.65,12228.05,12228.1,11:15:00,12224.09538875352,3,25
2020-01-02,12242.3,12242.7,12234.85,12234.85,11:20:00,12225.829161253185,3,26
2020-01-02,12237.7,12241.85,12236.8,12241.85,11:25:00,12226.95971732431,3,27
2020-01-02,12242.65,12242.75,12237.05,12237.35,11:30:00,12228.45402996009,3,28
2020-01-02,12239.15,12245.15,12237.85,12242.25,11:35:00,12229.472693773416,3,29
2020-01-02,12243.95,12244.9,12238.4,12238.95,11:40:00,12230.851484842617,3,30
2020-01-02,12244.25,12247.05,12243.9,12244.15,11:45:00,12232.127533905224,3,31
2020-01-02,12251.15,12251.55,12244.15,12244.65,11:50:00,12233.93919734282,3,32
2020-01-02,12249.0,12251.3,12246.05,12250.8,11:55:00,12235.373559500647,3,33
2020-01-02,12248.25,12250.4,12246.6,12249.15,12:00:00,12236.599887167253,3,34
2020-01-02,12254.05,12254.45,12247.2,12247.95,12:05:00,12238.261802675132,3,35
2020-01-02,12256.05,12257.55,12251.65,12253.55,12:10:00,12239.955916706072,3,36
2020-01-02,12260.6,12262.15,12255.9,12256.55,12:15:00,12241.922019876922,3,37
2020-01-02,12263.7,12264.5,12258.25,12260.8,12:20:00,12243.996113221978,3,38
2020-01-02,12261.95,12265.1,12260.4,12263.6,12:25:00,12245.70600720084,3,39
2020-01-02,12266.3,12267.1,12262.2,12262.2,12:30:00,12247.667339848378,3,40
2020-01-02,12266.5,12270.3,12265.55,12266.35,12:35:00,12249.460926529486,3,41
2020-01-02,12265.95,12268.15,12265.3,12266.1,12:40:00,12251.03131447906,3,42
2020-01-02,12253.5,12266.5,12251.75,12265.9,12:45:00,12251.266427385815,3,43
2020-01-02,12254.75,12255.85,12252.05,12253.35,12:50:00,12251.598196206214,3,44
2020-01-02,12251.45,12255.05,12250.5,12255.0,12:55:00,12251.584082281814,3,45
2020-01-02,12258.4,12258.55,12251.35,12251.5,13:00:00,12252.233217302592,3,46
2020-01-02,12259.4,12260.05,12255.6,12258.5,13:05:00,12252.91576803568,3,47
2020-01-02,12258.45,12260.85,12257.15,12259.25,13:10:00,12253.442837746568,3,48
2020-01-02,12259.85,12260.55,12257.0,12258.75,13:15:00,12254.053043675469,3,49
2020-01-02,12262.6,12263.0,12258.8,12259.8,13:20:00,12254.8670395159,3,50
2020-01-02,12264.9,12267.15,12262.95,12262.95,13:25:00,12255.822559562004,3,51
2020-01-02,12262.75,12265.5,12259.15,12265.45,13:30:00,12256.482315794194,3,52
2020-01-02,12262.45,12264.0,12261.25,12262.55,13:35:00,12257.050666670935,3,53
2020-01-02,12259.55,12263.8,12258.75,12262.2,13:40:00,12257.288698416563,3,54
2020-01-02,12260.55,12261.35,12253.3,12259.5,13:45:00,12257.599298567366,3,55
2020-01-02,12262.75,12263.65,12259.7,12260.4,13:50:00,12258.08984156095,3,56
2020-01-02,12265.65,12266.1,12261.7,12262.6,13:55:00,12258.809856650383,3,57
2020-01-02,12266.75,12267.3,12264.5,12265.9,14:00:00,12259.566060778918,3,58
2020-01-02,12265.05,12268.75,12265.05,12266.35,14:05:00,12260.088340704737,3,59
2020-01-02,12262.7,12266.1,12260.25,12265.5,14:10:00,12260.337070161428,3,60
2020-01-02,12268.2,12270.85,12263.0,12263.05,14:15:00,12261.085920622245,3,61
2020-01-02,12270.5,12273.25,12266.45,12268.45,14:20:00,12261.982499610602,3,62
2020-01-02,12268.1,12272.4,12265.35,12270.65,14:25:00,12262.565118695306,3,63
2020-01-02,12265.95,12268.3,12263.15,12268.2,14:30:00,12262.887488343373,3,64
2020-01-02,12268.4,12271.7,12264.85,12265.6,14:35:00,12263.412489453523,3,65
2020-01-02,12272.4,12274.9,12268.0,12268.9,14:40:00,12264.268442838904,3,66
2020-01-02,12269.55,12273.25,12268.9,12272.55,14:45:00,12264.771448282818,3,67
2020-01-02,12272.75,12273.15,12266.85,12269.3,14:50:00,12265.531310351122,3,68
2020-01-02,12271.75,12275.2,12268.5,12272.8,14:55:00,12266.12356650816,3,69
2020-01-02,12278.2,12279.95,12271.5,12271.95,15:00:00,12267.273703031193,3,70
2020-01-02,12280.4,12281.6,12277.2,12278.7,15:05:00,12268.523826552031,3,71
2020-01-02,12283.55,12285.65,12279.3,12280.6,15:10:00,12269.954890689933,3,72
2020-01-02,12286.8,12289.9,12282.45,12283.0,15:15:00,12271.5591868147,3,73
2020-01-02,12281.0,12287.95,12278.7,12286.7,15:20:00,12272.458311879967,3,74
2020-01-02,12282.95,12284.9,12279.05,12280.6,15:25:00,12273.45752027235,3,75
2020-01-03,12237.85,12263.55,12235.45,12257.0,09:15:00,12270.06632786546,4,1
2020-01-03,12244.4,12248.75,12234.15,12237.6,09:20:00,12267.621915687796,4,2
2020-01-03,12251.25,12251.9,12242.65,12244.1,09:25:00,12266.062685622292,4,3
2020-01-03,12238.0,12251.0,12236.8,12251.0,09:30:00,12263.39004889636,4,4
2020-01-03,12244.2,12246.75,12236.75,12237.7,09:35:00,12261.562425191943,4,5
2020-01-03,12235.7,12245.75,12233.35,12244.1,09:40:00,12259.099337078424,4,6
2020-01-03,12235.2,12236.35,12228.0,12234.7,09:45:00,12256.823209737622,4,7
2020-01-03,12236.4,12244.65,12234.35,12234.35,09:50:00,12254.878142143563,4,8
2020-01-03,12241.3,12241.35,12235.9,12236.3,09:55:00,12253.58498574894,4,9
2020-01-03,12248.35,12252.05,12241.1,12241.1,10:00:00,12253.086415677612,4,10
2020-01-03,12252.55,12255.75,12247.3,12247.7,10:05:00,12253.03532847022,4,11
2020-01-03,12254.55,12255.8,12247.25,12252.15,10:10:00,12253.179582901628,4,12
2020-01-03,12265.05,12265.6,12252.2,12254.7,10:15:00,12254.310098815758,4,13
2020-01-03,12258.9,12265.35,12256.7,12264.95,10:20:00,12254.747232261876,4,14
2020-01-03,12252.45,12260.15,12247.3,12258.95,10:25:00,12254.528448236935,4,15
2020-01-03,12242.6,12255.3,12242.15,12252.3,10:30:00,12253.392405547704,4,16
2020-01-03,12242.2,12246.7,12240.3,12243.05,10:35:00,12252.326462162207,4,17
2020-01-03,12240.6,12242.5,12236.6,12242.0,10:40:00,12251.209656241996,4,18
2020-01-03,12242.9,12245.65,12240.05,12240.65,10:45:00,12250.418260409426,4,19
2020-01-03,12237.4,12246.15,12235.7,12242.95,10:50:00,12249.17842608472,4,20
2020-01-03,12242.25,12245.55,12236.8,12237.65,10:55:00,12248.518575981412,4,21
2020-01-03,12241.6,12243.65,12238.85,12242.45,11:00:00,12247.859663983185,4,22
2020-01-03,12237.5,12242.3,12236.5,12241.55,11:05:00,12246.873029318118,4,23
2020-01-03,12243.45,12244.2,12235.4,12237.35,11:10:00,12246.547026525915,4,24
2020-01-03,12247.75,12249.05,12243.0,12243.85,11:15:00,12246.66159542821,4,25
2020-01-03,12244.35,12248.2,12241.7,12247.65,11:20:00,12246.441443482669,4,26
2020-01-03,12244.05,12244.5,12241.85,12244.5,11:25:00,12246.21368696051,4,27
2020-01-03,12240.2,12245.95,12238.55,12243.7,11:30:00,12245.640954869032,4,28
2020-01-03,12236.8,12242.4,12236.6,12240.7,11:35:00,12244.79895916722,4,29
2020-01-03,12236.25,12240.4,12236.25,12236.7,11:40:00,12243.984772579866,4,30
2020-01-03,12226.7,12236.3,12222.3,12236.2,11:45:00,12242.338603762735,4,31
2020-01-03,12230.95,12232.35,12225.6,12225.95,11:50:00,12241.253974832953,4,32
2020-01-03,12224.8,12231.95,12223.5,12230.75,11:55:00,12239.686929610769,4,33
2020-01-03,12218.3,12226.1,12217.15,12224.7,12:00:00,12237.650079171646,4,34
2020-01-03,12223.45,12224.3,12217.8,12218.5,12:05:00,12236.297690679108,4,35
2020-01-03,12222.9,12225.2,12220.55,12223.75,12:10:00,12235.021720138242,4,36
2020-01-03,12216.2,12222.8,12215.25,12222.55,12:15:00,12233.229175363173,4,37
2020-01-03,12224.85,12226.3,12213.8,12216.05,12:20:00,12232.431158661915,4,38
2020-01-03,12229.95,12230.35,12223.4,12224.75,12:25:00,12232.194857836972,4,39
2020-01-03,12224.95,12230.35,12223.7,12229.85,12:30:00,12231.504871376308,4,40
2020-01-03,12226.05,12227.55,12222.2,12225.0,12:35:00,12230.98535981666,4,41
2020-01-03,12231.25,12231.6,12225.45,12226.2,12:40:00,12231.010563643644,4,42
2020-01-03,12230.2,12233.55,12227.8,12231.5,12:45:00,12230.933367106154,4,43
2020-01-03,12229.1,12231.0,12228.2,12230.0,12:50:00,12230.75876071509,4,44
2020-01-03,12226.5,12229.2,12224.95,12228.95,12:55:00,12230.35316445651,4,45
2020-01-03,12229.45,12229.6,12225.65,12226.45,13:00:00,12230.267148793986,4,46
2020-01-03,12235.05,12240.05,12229.25,12229.4,13:05:00,12230.722658432654,4,47
2020-01-03,12236.6,12238.3,12234.9,12235.55,13:10:00,12231.282405248592,4,48
2020-01-03,12230.6,12237.05,12229.0,12236.55,13:15:00,12231.217414272534,4,49
2020-01-03,12225.85,12232.0,12225.2,12230.45,13:20:00,12230.706231960865,4,50
2020-01-03,12228.4,12230.5,12225.2,12226.65,13:25:00,12230.486590821734,4,51
2020-01-03,12229.55,12230.0,12222.95,12227.95,13:30:00,12230.397391695857,4,52
2020-01-03,12230.15,12231.05,12227.8,12229.8,13:35:00,12230.373830581964,4,53
2020-01-03,12225.05,12231.8,12224.1,12230.1,13:40:00,12229.866799097968,4,54
2020-01-03,12223.05,12226.3,12220.75,12224.9,13:45:00,12229.217580136255,4,55
2020-01-03,12220.7,12225.05,12219.5,12222.95,13:50:00,12228.40638202804,4,56
2020-01-03,12225.75,12227.15,12220.45,12220.85,13:55:00,12228.153393263468,4,57
2020-01-03,12219.55,12226.3,12218.7,12225.5,14:00:00,12227.334022476469,4,58
2020-01-03,12220.85,12222.4,12214.3,12219.65,14:05:00,12226.71649652633,4,59
2020-01-03,12214.55,12220.85,12214.05,12220.7,14:10:00,12225.55778257144,4,60
2020-01-03,12214.7,12216.65,12211.35,12214.85,14:15:00,12224.523708040826,4,61
2020-01-03,12210.15,12219.0,12208.65,12214.95,14:20:00,12223.15478346551,4,62
2020-01-03,12212.6,12213.45,12205.55,12210.4,14:25:00,12222.149565992604,4,63
2020-01-03,12210.3,12212.95,12206.55,12212.95,14:30:00,12221.02103589807,4,64
2020-01-03,12213.95,12222.8,12210.1,12210.8,14:35:00,12220.347603907778,4,65
2020-01-03,12206.25,12214.5,12206.25,12214.2,14:40:00,12219.00497496418,4,66
2020-01-03,12205.0,12207.55,12201.85,12207.1,14:45:00,12217.671167824734,4,67
2020-01-03,12196.55,12204.35,12191.35,12203.9,14:50:00,12215.659628031905,4,68
2020-01-03,12196.9,12198.8,12192.4,12196.4,14:55:00,12213.87299679077,4,69
2020-01-03,12220.1,12222.15,12196.6,12196.6,15:00:00,12214.466044715457,4,70
2020-01-03,12230.65,12234.05,12220.15,12220.35,15:05:00,12216.007373790177,4,71
2020-01-03,12226.6,12231.5,12223.45,12230.35,15:10:00,12217.01619533397,4,72
2020-01-03,12227.7,12232.2,12226.85,12227.25,15:15:00,12218.033700540258,4,73
2020-01-03,12231.6,12232.7,12225.15,12227.8,15:20:00,12219.325729060232,4,74
2020-01-03,12223.8,12232.65,12222.2,12232.0,15:25:00,12219.751850102117,4,75
2020-01-06,12140.5,12179.1,12130.1,12169.5,09:15:00,12212.204054854295,0,1
2020-01-06,12118.1,12140.85,12111.25,12140.85,09:20:00,12203.241763915792,0,2
2020-01-06,12096.9,12124.15,12095.45,12118.0,09:25:00,12193.113976876191,0,3
2020-01-06,12085.5,12096.8,12069.1,12096.8,09:30:00,12182.865026697507,0,4
2020-01-06,12094.1,12099.0,12077.75,12085.25,09:35:00,12174.411214631076,0,5
2020-01-06,12083.0,12093.45,12077.8,12093.45,09:40:00,12165.705384666211,0,6
2020-01-06,12071.75,12083.05,12071.75,12081.85,09:45:00,12156.75725279324,0,7
2020-01-06,12084.3,12085.6,12062.85,12071.8,09:50:00,12149.856562051024,0,8
2020-01-06,12096.25,12096.35,12080.75,12084.0,09:55:00,12144.751175189023,0,9
2020-01-06,12091.45,12096.5,12085.75,12094.8,10:00:00,12139.67487279007,0,10
2020-01-06,12093.95,12096.35,12090.05,12091.25,10:05:00,12135.32012300054,0,11
2020-01-06,12086.8,12094.05,12085.0,12094.05,10:10:00,12130.69915890525,0,12
2020-01-06,12082.55,12088.0,12080.55,12086.95,10:15:00,12126.113524723798,0,13
2020-01-06,12079.45,12083.1,12077.75,12082.15,10:20:00,12121.669379512006,0,14
2020-01-06,12081.5,12082.6,12073.6,12079.8,10:25:00,12117.843724320386,0,15
2020-01-06,12094.85,12098.45,12081.3,12081.75,10:30:00,12115.653845813682,0,16
2020-01-06,12095.55,12096.45,12089.65,12094.15,10:35:00,12113.739193831429,0,17
2020-01-06,12091.05,12096.55,12089.65,12095.9,10:40:00,12111.578318228434,0,18
2020-01-06,12079.25,12091.85,12077.95,12091.7,10:45:00,12108.499430778107,0,19
2020-01-06,12080.45,12085.85,12079.2,12079.55,10:50:00,12105.828056418288,0,20
2020-01-06,12079.05,12083.85,12076.3,12081.15,10:55:00,12103.277765330831,0,21
2020-01-06,12072.8,12079.05,12069.05,12078.7,11:00:00,12100.375121013609,0,22
2020-01-06,12072.1,12076.65,12071.65,12072.45,11:05:00,12097.682252345649,0,23
2020-01-06,12070.7,12073.7,12070.4,12072.8,11:10:00,12095.112514027014,0,24
2020-01-06,12066.25,12071.45,12065.2,12070.85,11:15:00,12092.3637031673,0,25
2020-01-06,12060.95,12067.5,12060.95,12066.45,11:20:00,12089.371921913267,0,26
2020-01-06,12044.05,12059.9,12043.75,12059.9,11:25:00,12085.05554839772,0,27
2020-01-06,12048.35,12050.7,12040.0,12043.85,11:30:00,12081.55978188365,0,28
2020-01-06,12042.0,12048.9,12039.9,12048.2,11:35:00,12077.792183609015,0,29
2020-01-06,12032.65,12043.7,12030.95,12041.9,11:40:00,12073.492928027206,0,30
2020-01-06,12029.6,12034.45,12028.4,12032.95,11:45:00,12069.312649167472,0,31
2020-01-06,12031.25,12035.9,12026.7,12029.75,11:50:00,12065.687634961048,0,32
2020-01-06,12033.8,12034.45,12030.95,12031.0,11:55:00,12062.65071734571,0,33
2020-01-06,12022.9,12035.9,12022.9,12033.65,12:00:00,12058.864934741356,0,34
2020-01-06,12019.55,12025.5,12018.65,12022.8,12:05:00,12055.12065524218,0,35
2020-01-06,12022.1,12023.65,12015.1,12019.8,12:10:00,12051.9758309334,0,36
2020-01-06,12029.85,12030.9,12022.25,12022.7,12:15:00,12049.868608939743,0,37
2020-01-06,12036.1,12037.05,12029.4,12030.8,12:20:00,12048.557312850246,0,38
2020-01-06,12030.95,12037.8,12030.95,12037.05,12:25:00,12046.880425912128,0,39
2020-01-06,12032.65,12034.05,12029.5,12032.2,12:30:00,12045.525147253831,0,40
2020-01-06,12029.8,12036.5,12029.1,12032.75,12:35:00,12044.027514182038,0,41
2020-01-06,12023.15,12030.7,12021.45,12030.1,12:40:00,12042.039179498037,0,42
2020-01-06,12014.7,12024.4,12014.7,12024.25,12:45:00,12039.43544811727,0,43
2020-01-06,12011.95,12016.2,12008.95,12016.2,12:50:00,12036.817786391815,0,44
2020-01-06,12012.4,12015.9,12007.95,12012.4,12:55:00,12034.492282925929,0,45
2020-01-06,12015.8,12023.45,12012.0,12012.2,13:00:00,12032.712065504413,0,46
2020-01-06,12024.1,12028.25,12013.75,12015.7,13:05:00,12031.891868789704,0,47
2020-01-06,12019.05,12025.3,12017.45,12023.8,13:10:00,12030.668833666874,0,48
2020-01-06,12013.1,12022.35,12010.35,12019.35,13:15:00,12028.995611412887,0,49
2020-01-06,12013.5,12015.05,12010.75,12013.85,13:20:00,12027.519838897371,0,50
2020-01-06,12016.1,12018.2,12013.6,12014.05,13:25:00,12026.43223519286,0,51
2020-01-06,12016.4,12018.15,12013.5,12016.6,13:30:00,12025.476784222112,0,52
2020-01-06,12018.95,12019.85,12013.6,12016.6,13:35:00,12024.855185724768,0,53
2020-01-06,12019.1,12025.45,12019.1,12019.5,13:40:00,12024.307072798598,0,54
2020-01-06,12021.2,12023.45,12018.8,12019.8,13:45:00,12024.011161103494,0,55
2020-01-06,12019.3,12020.5,12018.0,12020.3,13:50:00,12023.562479093638,0,56
2020-01-06,12011.1,12020.65,12006.8,12018.65,13:55:00,12022.375576322816,0,57
2020-01-06,11995.1,12011.2,11994.15,12009.95,14:00:00,12019.777902387308,0,58
2020-01-06,12004.65,12008.15,11994.6,11994.6,14:05:00,12018.337149778992,0,59
2020-01-06,11991.4,12005.3,11991.15,12004.05,14:10:00,12015.771706942896,0,60
2020-01-06,11981.6,11996.4,11979.85,11991.45,14:15:00,12012.51725866262,0,61
2020-01-06,11981.4,11987.7,11979.35,11981.35,14:20:00,12009.553710218564,0,62
2020-01-06,11987.75,11989.55,11980.4,11981.25,14:25:00,12007.477166388224,0,63
2020-01-06,11987.65,11991.6,11984.65,11986.45,14:30:00,12005.58886482744,0,64
2020-01-06,11976.6,11987.5,11974.2,11987.5,14:35:00,12002.82802055816,0,65
2020-01-06,11980.2,11984.4,11974.6,11976.65,14:40:00,12000.672970981192,0,66
2020-01-06,11989.25,11991.6,11979.5,11979.55,14:45:00,11999.585068982984,0,67
2020-01-06,12008.1,12013.5,11986.65,11988.95,14:50:00,12000.396014794129,0,68
2020-01-06,11995.8,12009.05,11989.95,12007.65,14:55:00,11999.958299099451,0,69
2020-01-06,11995.95,12002.55,11992.95,11994.95,15:00:00,11999.576556328077,0,70
2020-01-06,11985.55,11996.4,11984.55,11995.4,15:05:00,11998.24069382064,0,71
2020-01-06,11994.5,11997.2,11985.4,11985.95,15:10:00,11997.884437266292,0,72
2020-01-06,11996.2,11996.4,11988.3,11994.25,15:15:00,11997.724014669504,0,73
2020-01-06,11994.95,11999.75,11989.25,11995.9,15:20:00,11997.459822796218,0,74
2020-01-06,11988.1,12000.55,11988.1,11994.8,15:25:00,11996.56841110134,0,75
2020-01-07,12122.05,12129.0,12073.0,12073.0,09:15:00,12008.5190386155,1,1
2020-01-07,12130.3,12139.5,12122.85,12122.85,09:20:00,12020.117225414022,1,2
2020-01-07,12125.05,12134.35,12123.3,12131.25,09:25:00,12030.110822993638,1,3
2020-01-07,12136.9,12144.1,12125.25,12125.25,09:30:00,12040.281220803769,1,4
2020-01-07,12141.45,12142.1,12131.65,12137.25,09:35:00,12049.91634263198,1,5
2020-01-07,12148.75,12149.7,12142.35,12142.35,09:40:00,12059.329071905126,1,6
2020-01-07,12136.25,12152.15,12135.1,12149.1,09:45:00,12066.654874580829,1,7
2020-01-07,12131.9,12136.85,12129.6,12136.35,09:50:00,12072.86869604932,1,8
2020-01-07,12132.4,12139.4,12129.75,12132.2,09:55:00,12078.538344044624,1,9
2020-01-07,12123.3,12132.6,12119.8,12132.6,10:00:00,12082.801358897515,1,10
2020-01-07,12119.05,12123.55,12111.1,12123.45,10:05:00,12086.253610431086,1,11
2020-01-07,12130.8,12131.75,12119.25,12119.25,10:10:00,12090.496123723362,1,12
2020-01-07,12124.7,12131.7,12121.45,12130.7,10:15:00,12093.753635749708,1,13
2020-01-07,12118.65,12126.9,12117.75,12125.0,10:20:00,12096.12471805926,1,14
2020-01-07,12117.8,12118.5,12113.0,12118.35,10:25:00,12098.189030625046,1,15
2020-01-07,12117.4,12118.5,12112.0,12117.9,10:30:00,12100.018646755994,1,16
2020-01-07,12115.9,12118.95,12114.5,12117.95,10:35:00,12101.531156588757,1,17
2020-01-07,12114.3,12122.1,12113.9,12115.95,10:40:00,12102.747236913638,1,18
2020-01-07,12110.15,12119.1,12110.0,12113.85,10:45:00,12103.452261969482,1,19
2020-01-07,12105.9,12113.1,12103.75,12110.1,10:50:00,12103.685379877152,1,20
2020-01-07,12092.8,12106.95,12090.3,12105.8,10:55:00,12102.64867703171,1,21
2020-01-07,12071.2,12092.75,12066.55,12092.75,11:00:00,12099.653564933453,1,22
2020-01-07,12074.6,12080.95,12066.65,12070.4,11:05:00,12097.267511130263,1,23
2020-01-07,12063.1,12074.65,12055.7,12074.65,11:10:00,12094.013462451192,1,24
2020-01-07,12062.9,12067.35,12053.35,12062.3,11:15:00,12091.05027555108,1,25
2020-01-07,12073.75,12075.05,12061.5,12063.45,11:20:00,12089.4026302605,1,26
2020-01-07,12071.55,12075.0,12070.15,12074.35,11:25:00,12087.7023797595,1,27
2020-01-07,12087.55,12089.0,12071.0,12071.9,11:30:00,12087.687867401452,1,28
2020-01-07,12082.9,12095.1,12080.8,12088.1,11:35:00,12087.231880029884,1,29
2020-01-07,12078.35,12083.2,12076.4,12083.1,11:40:00,12086.385986693704,1,30
2020-01-07,12070.5,12078.3,12070.35,12077.95,11:45:00,12084.873035580018,1,31
2020-01-07,12073.5,12076.35,12067.35,12070.3,11:50:00,12083.789889334304,1,32
2020-01-07,12066.95,12074.0,12066.95,12074.0,11:55:00,12082.186090350084,1,33
2020-01-07,12068.75,12073.2,12066.25,12068.25,12:00:00,12080.906462697694,1,34
2020-01-07,12075.15,12077.55,12068.25,12068.6,12:05:00,12080.358228155055,1,35
2020-01-07,12078.6,12083.7,12073.85,12074.9,12:10:00,12080.190777854576,1,36
2020-01-07,12079.35,12080.05,12074.75,12078.7,12:15:00,12080.110703773187,1,37
2020-01-07,12076.75,12079.85,12074.05,12079.65,12:20:00,12079.79063674717,1,38
2020-01-07,12070.95,12079.45,12070.45,12076.7,12:25:00,12078.948671342678,1,39
2020-01-07,12068.3,12072.25,12064.5,12070.3,12:30:00,12077.934512167183,1,40
2020-01-07,12074.8,12075.4,12067.65,12068.6,12:35:00,12077.635987198884,1,41
2020-01-07,12076.75,12077.4,12072.6,12074.9,12:40:00,12077.551607465655,1,42
2020-01-07,12086.15,12087.55,12076.65,12076.85,12:45:00,12078.370501992737,1,43
2020-01-07,12081.6,12087.2,12080.1,12086.35,12:50:00,12078.678073231524,1,44
2020-01-07,12068.5,12081.45,12067.45,12081.45,12:55:00,12077.70873292376,1,45
2020-01-07,12051.25,12068.35,12051.25,12068.35,13:00:00,12075.188853597689,1,46
2020-01-07,12036.1,12052.45,12031.9,12050.5,13:05:00,12071.466105636004,1,47
2020-01-07,12034.0,12042.15,12034.0,12035.65,13:10:00,12067.897905099242,1,48
2020-01-07,12027.0,12033.85,12020.6,12033.85,13:15:00,12064.002866518362,1,49
2020-01-07,12028.75,12029.2,12016.25,12026.6,13:20:00,12060.645450659473,1,50
2020-01-07,12011.0,12034.25,12009.55,12028.45,13:25:00,12055.917312501426,1,51
2020-01-07,12018.75,12018.9,12005.35,12010.6,13:30:00,12052.37756845367,1,52
2020-01-07,12021.95,12028.6,12017.7,12017.8,13:35:00,12049.479704791416,1,53
2020-01-07,12024.7,12028.6,12019.4,12021.05,13:40:00,12047.11973290652,1,54
2020-01-07,12043.15,12045.05,12024.4,12024.5,13:45:00,12046.7416631059,1,55
2020-01-07,12037.9,12052.7,12034.7,12042.95,13:50:00,12045.899599952956,1,56
2020-01-07,12031.7,12043.9,12028.3,12036.5,13:55:00,12044.547257100294,1,57
2020-01-07,12035.85,12041.1,12030.7,12031.05,14:00:00,12043.718946900266,1,58
2020-01-07,12034.35,12035.5,12022.95,12034.6,14:05:00,12042.826666243098,1,59
2020-01-07,12039.9,12042.35,12028.55,12033.05,14:10:00,12042.547936124707,1,60
2020-01-07,12037.75,12045.3,12037.3,12040.3,14:15:00,12042.090989827117,1,61
2020-01-07,12034.35,12041.5,12033.0,12037.15,14:20:00,12041.353752700725,1,62
2020-01-07,12039.4,12041.45,12033.05,12034.0,14:25:00,12041.167681014942,1,63
2020-01-07,12051.5,12058.95,12039.2,12039.35,14:30:00,12042.151711394472,1,64
2020-01-07,12045.9,12051.5,12041.15,12050.6,14:35:00,12042.508691261666,1,65
2020-01-07,12038.5,12045.0,12035.15,12045.0,14:40:00,12042.126911141508,1,66
2020-01-07,12032.0,12038.15,12027.05,12038.1,14:45:00,12041.162443413745,1,67
2020-01-07,12042.15,12049.65,12027.95,12031.75,14:50:00,12041.25649642196,1,68
2020-01-07,12034.3,12043.05,12032.65,12042.6,14:55:00,12040.593972953202,1,69
2020-01-07,12035.15,12044.95,12030.3,12035.95,15:00:00,12040.075499338613,1,70
2020-01-07,12046.9,12047.2,12034.8,12035.2,15:05:00,12040.725451782551,1,71
2020-01-07,12055.15,12055.4,12044.95,12047.45,15:10:00,12042.099218279453,1,72
2020-01-07,12064.3,12064.65,12053.9,12055.25,15:15:00,12044.213578443314,1,73
2020-01-07,12064.4,12064.9,12058.35,12064.5,15:20:00,12046.136094782049,1,74
2020-01-07,12060.3,12065.9,12059.2,12063.7,15:25:00,12047.485038136138,1,75
2020-01-08,11935.35,11955.15,11929.6,11938.5,09:15:00,12036.8055106946,2,1
2020-01-08,11975.15,11979.65,11936.25,11936.25,09:20:00,12030.933557295117,2,2
2020-01-08,11985.65,11991.15,11966.8,11976.35,09:25:00,12026.620837552724,2,3
2020-01-08,11983.15,11993.15,11978.3,11985.5,09:30:00,12022.480757785796,2,4
2020-01-08,11991.35,11991.8,11979.45,11982.9,09:35:00,12019.515923710958,2,5
2020-01-08,12023.5,12026.85,11988.15,11990.95,09:40:00,12019.89535954801,2,6
2020-01-08,12013.95,12044.95,12009.25,12024.15,09:45:00,12019.329134829151,2,7
2020-01-08,11999.9,12014.25,11994.65,12012.0,09:50:00,12017.4787410359,2,8
2020-01-08,11992.75,12009.9,11992.65,11999.7,09:55:00,12015.123622842004,2,9
2020-01-08,11985.0,11995.85,11985.0,11992.35,10:00:00,12012.25470638086,2,10
2020-01-08,11999.95,11999.95,11985.15,11985.15,10:05:00,12011.082829582683,2,11
2020-01-08,11996.05,12006.3,11994.35,12000.1,10:10:00,12009.65113152719,2,12
2020-01-08,12013.65,12021.1,11996.3,11996.3,10:15:00,12010.031976143648,2,13
2020-01-08,12009.2,12016.55,12008.35,12013.25,10:20:00,12009.952740320445,2,14
2020-01-08,12007.05,12012.25,12002.4,12009.9,10:25:00,12009.676288861352,2,15
2020-01-08,12004.25,12008.1,12001.05,12006.4,10:30:00,12009.159499445985,2,16
2020-01-08,11994.15,12004.2,11993.25,12004.2,10:35:00,12007.730023308271,2,17
2020-01-08,11984.1,11995.05,11983.5,11994.05,10:40:00,12005.47954489796,2,18
2020-01-08,11988.05,11994.8,11982.3,11983.85,10:45:00,12003.819588241013,2,19
2020-01-08,11985.75,11990.7,11984.95,11988.25,10:50:00,12002.098675075202,2,20
2020-01-08,11974.25,11986.85,11973.05,11986.05,10:55:00,11999.446420306134,2,21
2020-01-08,11981.5,11982.15,11973.85,11974.0,11:00:00,11997.737237419837,2,22
2020-01-08,11967.85,11983.3,11966.85,11981.85,11:05:00,11994.89083385604,2,23
2020-01-08,11964.55,11968.55,11962.85,11968.2,11:10:00,11992.001230631657,2,24
2020-01-08,11971.55,11972.0,11959.2,11964.3,11:15:00,11990.053494381022,2,25
2020-01-08,11964.0,11972.45,11964.0,11971.95,11:20:00,11987.572209201877,2,26
2020-01-08,11960.65,11965.0,11953.25,11964.5,11:25:00,11985.008189277887,2,27
2020-01-08,11954.35,11962.85,11953.55,11960.45,11:30:00,11982.088361727614,2,28
2020-01-08,11957.9,11959.65,11951.25,11954.25,11:35:00,11979.784708229749,2,29
2020-01-08,11958.6,11962.45,11957.35,11957.35,11:40:00,11977.76711696977,2,30
2020-01-08,11957.45,11961.0,11952.5,11958.65,11:45:00,11975.83215344884,2,31
2020-01-08,11960.75,11968.45,11957.3,11957.6,11:50:00,11974.395757882285,2,32
2020-01-08,11968.2,11968.8,11960.55,11960.55,11:55:00,11973.80568570302,2,33
2020-01-08,11967.1,11970.55,11965.55,11967.95,12:00:00,11973.1670489694,2,34
2020-01-08,11959.95,11967.9,11959.35,11967.0,12:05:00,11971.908282400884,2,35
2020-01-08,11959.55,11962.9,11959.1,11959.7,12:10:00,11970.731303124609,2,36
2020-01-08,11955.8,11960.85,11954.5,11959.45,12:15:00,11969.309274255598,2,37
2020-01-08,11968.4,11973.7,11956.25,11956.3,12:20:00,11969.222676707446,2,38
2020-01-08,11975.05,11978.4,11969.35,11969.55,12:25:00,11969.777659878166,2,39
2020-01-08,11989.1,11990.15,11974.65,11974.65,12:30:00,11971.617882746912,2,40
2020-01-08,12002.2,12004.6,11985.65,11989.0,12:35:00,11974.530465342445,2,41
2020-01-08,11994.8,12003.1,11993.8,12002.9,12:40:00,11976.46089721459,2,42
2020-01-08,12006.95,12007.45,11995.35,11995.45,12:45:00,11979.364621289393,2,43
2020-01-08,11996.9,12007.35,11995.15,12007.0,12:50:00,11981.034657357068,2,44
2020-01-08,11997.8,12001.5,11995.4,11997.1,12:55:00,11982.631356656397,2,45
2020-01-08,12010.0,12010.8,11997.2,11997.55,13:00:00,11985.23789411769,2,46
2020-01-08,11994.95,12011.5,11994.95,12011.0,13:05:00,11986.162856582672,2,47
2020-01-08,11991.1,11995.35,11986.6,11995.05,13:10:00,11986.633060717655,2,48
2020-01-08,11982.75,11992.8,11981.05,11991.2,13:15:00,11986.263245411212,2,49
2020-01-08,11987.8,11992.05,11982.2,11982.45,13:20:00,11986.409602991098,2,50
2020-01-08,11990.95,11991.6,11986.05,11987.05,13:25:00,11986.842021753851,2,51
2020-01-08,12000.6,12005.2,11991.15,11991.15,13:30:00,11988.15230539634,2,52
2020-01-08,11994.55,11999.65,11990.8,11999.65,13:35:00,11988.761609644307,2,53
2020-01-08,11989.95,11996.55,11988.2,11994.5,13:40:00,11988.874789678184,2,54
2020-01-08,11994.5,11994.9,11981.75,11990.45,13:45:00,11989.410523994547,2,55
2020-01-08,11995.1,12000.2,11994.8,11995.45,13:50:00,11989.95237885221,2,56
2020-01-08,11995.65,11998.0,11992.9,11994.9,13:55:00,11990.495009437713,2,57
2020-01-08,12003.6,12006.9,11996.25,11996.25,14:00:00,11991.743103776978,2,58
2020-01-08,12007.4,12008.2,11999.1,12003.05,14:05:00,11993.2342367506,2,59
2020-01-08,12007.55,12029.75,12006.65,12006.65,14:10:00,11994.597642774352,2,60
2020-01-08,11996.7,12009.2,11996.7,12007.35,14:15:00,11994.797867272033,2,61
2020-01-08,11998.7,12001.3,11991.15,11997.0,14:20:00,11995.169498960411,2,62
2020-01-08,11991.1,12000.85,11991.1,11998.75,14:25:00,11994.781927630847,2,63
2020-01-08,11994.2,11997.9,11990.4,11991.5,14:30:00,11994.72650595172,2,64
2020-01-08,12006.1,12010.5,11993.6,11993.6,14:35:00,11995.80969586108,2,65
2020-01-08,12004.5,12006.6,11997.8,12005.15,14:40:00,11996.63734387431,2,66
2020-01-08,12009.4,12014.85,12003.5,12004.05,14:45:00,11997.8528349339,2,67
2020-01-08,12021.25,12024.0,12003.65,12009.25,14:50:00,12000.081136368766,2,68
2020-01-08,12026.75,12036.55,12021.25,12021.45,14:55:00,12002.621028143169,2,69
2020-01-08,12019.35,12033.75,12013.9,12027.1,15:00:00,12004.214263558106,2,70
2020-01-08,12023.85,12025.4,12019.3,12019.75,15:05:00,12006.08433369543,2,71
2020-01-08,12023.5,12024.45,12019.7,12024.0,15:10:00,12007.74296858158,2,72
2020-01-08,12028.75,12030.85,12019.8,12023.75,15:15:00,12009.743638240476,2,73
2020-01-08,12028.6,12031.95,12025.0,12028.55,15:20:00,12011.539482217577,2,74
2020-01-08,12021.6,12028.7,12019.9,12028.25,15:25:00,12012.49762676828,2,75
2020-01-09,12162.4,12177.0,12132.55,12132.55,09:15:00,12026.77404326654,3,1
2020-01-01,12211.3,12216.45,12201.2,12201.55,09:15:00,12211.3,2,1
2020-01-01,12215.15,12218.8,12208.8,12211.85,09:20:00,12211.666666666666,2,2
2020-01-01,12221.65,12222.2,12211.35,12215.35,09:25:00,12212.61746031746,2,3
2020-01-01,12213.55,12221.9,12212.8,12221.35,09:30:00,12212.70627362056,2,4
2020-01-01,12208.2,12213.85,12205.5,12213.45,09:35:00,12212.277104704315,2,5
2020-01-01,12203.15,12208.75,12196.85,12208.0,09:40:00,12211.40785663724,2,6
2020-01-01,12195.35,12204.2,12191.4,12203.0,09:45:00,12209.878536957503,2,7
2020-01-01,12199.55,12205.0,12192.5,12195.2,09:50:00,12208.894866771076,2,8
2020-01-01,12200.5,12203.2,12197.75,12200.05,09:55:00,12208.09535565002,2,9
2020-01-01,12195.4,12201.2,12192.7,12200.65,10:00:00,12206.886274159544,2,10
2020-01-01,12186.7,12195.9,12184.7,12195.3,10:05:00,12204.963771858636,2,11
2020-01-01,12190.85,12194.05,12184.55,12187.0,10:10:00,12203.619603110194,2,12
2020-01-01,12192.75,12193.05,12187.4,12190.65,10:15:00,12202.584402813984,2,13
2020-01-01,12196.2,12200.2,12193.1,12193.1,10:20:00,12201.976364450747,2,14
2020-01-01,12198.2,12200.45,12194.2,12195.8,10:25:00,12201.616710693534,2,15
2020-01-01,12195.45,12198.05,12190.2,12197.8,10:30:00,12201.029404913195,2,16
2020-01-01,12193.3,12197.0,12190.25,12197.0,10:35:00,12200.29327111194,2,17
2020-01-01,12192.25,12197.0,12190.95,12194.05,10:40:00,12199.527245291754,2,18
2020-01-01,12182.65,12193.65,12181.6,12192.15,10:45:00,12197.919888597302,2,19
2020-01-01,12176.35,12182.7,12169.8,12182.7,10:50:00,12195.865613492795,2,20
2020-01-01,12177.35,12177.85,12175.15,12176.85,10:55:00,12194.10222173158,2,21
2020-01-01,12180.5,12184.2,12176.6,12177.6,11:00:00,12192.806772042855,2,22
2020-01-01,12184.9,12187.1,12179.55,12180.7,11:05:00,12192.053746134012,2,23
2020-01-01,12183.4,12185.65,12181.05,12184.45,11:10:00,12191.229579835534,2,24
2020-01-01,12184.05,12187.15,12182.65,12183.15,11:15:00,12190.545810327389,2,25
2020-01-01,12177.5,12185.15,12176.7,12184.35,11:20:00,12189.303352200968,2,26
2020-01-01,12178.65,12179.9,12175.5,12177.4,11:25:00,12188.288747229448,2,27
2020-01-01,12183.45,12184.0,12178.4,12178.8,11:30:00,12187.827914159978,2,28
2020-01-01,12180.8,12183.85,12179.5,12183.15,11:35:00,12187.158589001883,2,29
2020-01-01,12179.35,12180.85,12177.9,12180.65,11:40:00,12186.414913858847,2,30
2020-01-01,12179.6,12180.45,12177.15,12179.25,11:45:00,12185.76587444372,2,31
2020-01-01,12176.3,12180.0,12175.55,12179.75,11:50:00,12184.864362591936,2,32
2020-01-01,12175.95,12176.35,12172.55,12176.15,11:55:00,12184.015375678418,2,33
2020-01-01,12185.9,12187.7,12174.9,12175.4,12:00:00,12184.194863709046,2,34
2020-01-01,12185.6,12189.1,12184.85,12185.85,12:05:00,12184.328686212946,2,35
2020-01-01,12187.35,12187.8,12182.65,12184.5,12:10:00,12184.616430383145,2,36
2020-01-01,12189.5,12193.15,12186.8,12187.2,12:15:00,12185.081532251415,2,37
2020-01-01,12179.9,12189.85,12178.85,12189.85,12:20:00,12184.588052989377,2,38
2020-01-01,12171.75,12179.75,12171.75,12179.75,12:25:00,12183.365381276104,2,39
2020-01-01,12173.9,12174.1,12165.3,12172.1,12:30:00,12182.463916392666,2,40
2020-01-01,12177.55,12178.75,12173.9,12174.65,12:35:00,12181.99592435527,2,41
2020-01-01,12175.8,12178.05,12173.0,12177.35,12:40:00,12181.405836321435,2,42
2020-01-01,12181.25,12182.6,12176.4,12176.75,12:45:00,12181.390994767013,2,43
2020-01-01,12181.4,12182.9,12180.2,12181.65,12:50:00,12181.39185240825,2,44
2020-01-01,12182.85,12183.5,12178.2,12181.05,12:55:00,12181.530723607464,2,45
2020-01-01,12181.95,12183.4,12179.9,12182.4,13:00:00,12181.570654692468,2,46
2020-01-01,12181.5,12182.8,12179.8,12182.5,13:05:00,12181.563925674136,2,47
2020-01-01,12175.35,12181.85,12174.3,12181.65,13:10:00,12180.97212322898,2,48
2020-01-01,12176.9,12177.3,12171.75,12174.55,13:15:00,12180.584301969078,2,49
2020-01-01,12177.6,12182.75,12176.3,12177.15,13:20:00,12180.300082733927,2,50
2020-01-01,12183.45,12183.55,12176.85,12177.95,13:25:00,12180.600074854508,2,51
2020-01-01,12183.45,12186.2,12182.15,12183.3,13:30:00,12180.871496296935,2,52
2020-01-01,12178.9,12183.8,12177.8,12183.8,13:35:00,12180.683734744844,2,53
2020-01-01,12182.35,12182.6,12178.05,12179.1,13:40:00,12180.842426673908,2,54
2020-01-01,12181.05,12182.7,12179.8,12182.55,13:45:00,12180.862195562107,2,55
2020-01-01,12192.3,12192.3,12180.4,12181.55,13:50:00,12181.951510270475,2,56
2020-01-01,12190.55,12197.75,12190.0,12192.75,13:55:00,12182.77041405424,2,57
2020-01-01,12186.5,12191.3,12186.35,12190.0,14:00:00,12183.12561271574,2,58
2020-01-01,12189.55,12191.15,12185.35,12186.35,14:05:00,12183.737459123766,2,59
2020-01-01,12182.05,12190.65,12180.6,12189.6,14:10:00,12183.576748731026,2,60
2020-01-01,12178.8,12182.2,12174.95,12181.55,14:15:00,12183.121820280452,2,61
2020-01-01,12177.4,12180.35,12175.1,12179.05,14:20:00,12182.576885015647,2,62
2020-01-01,12177.9,12179.1,12172.8,12177.5,14:25:00,12182.13146739511,2,63
2020-01-01,12177.15,12184.3,12175.55,12177.8,14:30:00,12181.65704192891,2,64
2020-01-01,12175.6,12178.85,12174.75,12176.9,14:35:00,12181.080180792824,2,65
2020-01-01,12180.75,12181.3,12175.35,12175.85,14:40:00,12181.04873500303,2,66
2020-01-01,12183.35,12183.65,12179.0,12180.25,14:45:00,12181.267903097982,2,67
2020-01-01,12179.65,12183.1,12179.4,12182.85,14:50:00,12181.11381708865,2,68
2020-01-01,12170.3,12180.65,12169.5,12180.05,14:55:00,12180.083929746874,2,69
2020-01-01,12181.4,12182.7,12170.05,12170.35,15:00:00,12180.20926977098,2,70
2020-01-01,12184.5,12188.45,12181.05,12182.25,15:05:00,12180.617910745174,2,71
2020-01-01,12182.3,12187.3,12178.1,12184.3,15:10:00,12180.778109721825,2,72
2020-01-01,12182.15,12186.0,12177.3,12182.45,15:15:00,12180.908765938795,2,73
2020-01-01,12184.8,12186.75,12179.2,12181.55,15:20:00,12181.27935965891,2,74
2020-01-01,12189.7,12191.95,12184.95,12185.3,15:25:00,12182.08132540568,2,75
2020-01-02,12217.2,12217.2,12195.25,12197.3,09:15:00,12185.42596108133,3,1
2020-01-02,12218.2,12220.8,12216.65,12218.15,09:20:00,12188.547298121202,3,2
2020-01-02,12224.25,12227.9,12217.35,12217.9,09:25:00,12191.947555442994,3,3
2020-01-02,12223.5,12230.95,12223.3,12224.55,09:30:00,12194.952550162709,3,4
2020-01-02,12216.95,12224.85,12213.7,12223.1,09:35:00,12197.047545385309,3,5
2020-01-02,12213.7,12220.1,12213.3,12217.3,09:40:00,12198.63349344385,3,6
2020-01-02,12210.05,12214.1,12205.6,12213.65,09:45:00,12199.72077978253,3,7
2020-01-02,12204.7,12212.85,12204.35,12210.1,09:50:00,12200.194991231814,3,8
2020-01-02,12211.8,12212.3,12204.3,12204.95,09:55:00,12201.300230162116,3,9
2020-01-02,12217.6,12217.8,12211.5,12212.1,10:00:00,12202.852589194295,3,10
2020-01-02,12216.65,12219.1,12215.0,12217.75,10:05:00,12204.16662831865,3,11
2020-01-02,12219.6,12220.1,12213.4,12216.2,10:10:00,12205.636473240682,3,12
2020-01-02,12227.25,12228.0,12218.6,12220.0,10:15:00,12207.694904360616,3,13
2020-01-02,12224.0,12228.6,12221.85,12226.8,10:20:00,12209.247770611986,3,14
2020-01-02,12225.25,12226.15,12222.4,12223.8,10:25:00,12210.771792458463,3,15
2020-01-02,12231.15,12232.75,12225.25,12225.55,10:30:00,12212.712574129087,3,16
2020-01-02,12234.7,12235.5,12230.45,12231.1,10:35:00,12214.806614688225,3,17
2020-01-02,12233.4,12235.1,12230.35,12235.05,10:40:00,12216.577413289346,3,18
2020-01-02,12232.75,12234.3,12230.3,12233.65,10:45:00,12218.11765964274,3,19
2020-01-02,12233.8,12236.35,12232.1,12232.2,10:50:00,12219.611215867242,3,20
2020-01-02,12229.6,12234.5,12228.8,12233.7,10:55:00,12220.56252864179,3,21
2020-01-02,12229.3,12231.55,12228.85,12229.25,11:00:00,12221.394668771143,3,22
2020-01-02,12231.95,12232.15,12226.85,12228.65,11:05:00,12222.399938411989,3,23
2020-01-02,12228.45,12232.25,12227.45,12231.75,11:10:00,12222.976134753702,3,24
2020-01-02,12234.75,12235.65,12228.05,12228.1,11:15:00,12224.09745525335,3,25
2020-01-02,12242.3,12242.7,12234.85,12234.85,11:20:00,12225.831030943506,3,26
2020-01-02,12237.7,12241.85,12236.8,12241.85,11:25:00,12226.961408948886,3,27
2020-01-02,12242.65,12242.75,12237.05,12237.35,11:30:00,12228.455560477563,3,28
2020-01-02,12239.15,12245.15,12237.85,12242.25,11:35:00,12229.47407852732,3,29
2020-01-02,12243.95,12244.9,12238.4,12238.95,11:40:00,12230.852737715191,3,30
2020-01-02,12244.25,12247.05,12243.9,12244.15,11:45:00,12232.128667456604,3,31
2020-01-02,12251.15,12251.55,12244.15,12244.65,11:50:00,12233.940222936926,3,32
2020-01-02,12249.0,12251.3,12246.05,12250.8,11:55:00,12235.374487419123,3,33
2020-01-02,12248.25,12250.4,12246.6,12249.15,12:00:00,12236.600726712542,3,34
2020-01-02,12254.05,12254.45,12247.2,12247.95,12:05:00,12238.262562263728,3,35
2020-01-02,12256.05,12257.55,12251.65,12253.55,12:10:00,12239.956603952896,3,36
2020-01-02,12260.6,12262.15,12255.9,12256.55,12:15:00,12241.922641671668,3,37
2020-01-02,12263.7,12264.5,12258.25,12260.8,12:20:00,12243.996675798177,3,38
2020-01-02,12261.95,12265.1,12260.4,12263.6,12:25:00,12245.706516198352,3,39
2020-01-02,12266.3,12267.1,12262.2,12262.2,12:30:00,12247.667800369938,3,40
2020-01-02,12266.5,12270.3,12265.55,12266.35,12:35:00,12249.46134319185,3,41
2020-01-02,12265.95,12268.15,12265.3,12266.1,12:40:00,12251.031691459291,3,42
2020-01-02,12253.5,12266.5,12251.75,12265.9,12:45:00,12251.266768463169,3,43
2020-01-02,12254.75,12255.85,12252.05,12253.35,12:50:00,12251.59850480001,3,44
2020-01-02,12251.45,12255.05,12250.5,12255.0,12:55:00,12251.584361485722,3,45
2020-01-02,12258.4,12258.55,12251.35,12251.5,13:00:00,12252.233469915654,3,46
2020-01-02,12259.4,12260.05,12255.6,12258.5,13:05:00,12252.915996590353,3,47
2020-01-02,12258.45,12260.85,12257.15,12259.25,13:10:00,12253.44304453413,3,48
2020-01-02,12259.85,12260.55,12257.0,12258.75,13:15:00,12254.053230768975,3,49
2020-01-02,12262.6,12263.0,12258.8,12259.8,13:20:00,12254.867208790978,3,50
2020-01-02,12264.9,12267.15,12262.95,12262.95,13:25:00,12255.822712715648,3,51
2020-01-02,12262.75,12265.5,12259.15,12265.45,13:30:00,12256.482454361776,3,52
2020-01-02,12262.45,12264.0,12261.25,12262.55,13:35:00,12257.050792041608,3,53
2020-01-02,12259.55,12263.8,12258.75,12262.2,13:40:00,12257.288811847167,3,54
2020-01-02,12260.55,12261.35,12253.3,12259.5,13:45:00,12257.599401195055,3,55
2020-01-02,12262.75,12263.65,12259.7,12260.4,13:50:00,12258.089934414576,3,56
2020-01-02,12265.65,12266.1,12261.7,12262.6,13:55:00,12258.809940660803,3,57
2020-01-02,12266.75,12267.3,12264.5,12265.9,14:00:00,12259.566136788348,3,58
2020-01-02,12265.05,12268.75,12265.05,12266.35,14:05:00,12260.088409475173,3,59
2020-01-02,12262.7,12266.1,12260.25,12265.5,14:10:00,12260.3371323823,3,60
2020-01-02,12268.2,12270.85,12263.0,12263.05,14:15:00,12261.085976917318,3,61
2020-01-02,12270.5,12273.25,12266.45,12268.45,14:20:00,12261.98255054424,3,62
2020-01-02,12268.1,12272.4,12265.35,12270.65,14:25:00,12262.56516477812,3,63
2020-01-02,12265.95,12268.3,12263.15,12268.2,14:30:00,12262.887530037347,3,64
2020-01-02,12268.4,12271.7,12264.85,12265.6,14:35:00,12263.412527176648,3,65
2020-01-02,12272.4,12274.9,12268.0,12268.9,14:40:00,12264.268476969348,3,66
2020-01-02,12269.55,12273.25,12268.9,12272.55,14:45:00,12264.771479162742,3,67
2020-01-02,12272.75,12273.15,12266.85,12269.3,14:50:00,12265.5313382901,3,68
2020-01-02,12271.75,12275.2,12268.5,12272.8,14:55:00,12266.12359178628,3,69
2020-01-02,12278.2,12279.95,12271.5,12271.95,15:00:00,12267.273725901874,3,70
2020-01-02,12280.4,12281.6,12277.2,12278.7,15:05:00,12268.523847244553,3,71
2020-01-02,12283.55,12285.65,12279.3,12280.6,15:10:00,12269.95490941174,3,72
2020-01-02,12286.8,12289.9,12282.45,12283.0,15:15:00,12271.559203753475,3,73
2020-01-02,12281.0,12287.95,12278.7,12286.7,15:20:00,12272.458327205528,3,74
2020-01-02,12282.95,12284.9,12279.05,12280.6,15:25:00,12273.457534138335,3,75
2020-01-03,12237.85,12263.55,12235.45,12257.0,09:15:00,12270.066340410876,4,1
2020-01-03,12244.4,12248.75,12234.15,12237.6,09:20:00,12267.62192703841,4,2
2020-01-03,12251.25,12251.9,12242.65,12244.1,09:25:00,12266.062695891897,4,3
2020-01-03,12238.0,12251.0,12236.8,12251.0,09:30:00,12263.390058187904,4,4
2020-01-03,12244.2,12246.75,12236.75,12237.7,09:35:00,12261.56243359858,4,5
2020-01-03,12235.7,12245.75,12233.35,12244.1,09:40:00,12259.09934468443,4,6
2020-01-03,12235.2,12236.35,12228.0,12234.7,09:45:00,12256.823216619248,4,7
2020-01-03,12236.4,12244.65,12234.35,12234.35,09:50:00,12254.878148369797,4,8
2020-01-03,12241.3,12241.35,12235.9,12236.3,09:55:00,12253.584991382197,4,9
2020-01-03,12248.35,12252.05,12241.1,12241.1,10:00:00,12253.086420774369,4,10
2020-01-03,12252.55,12255.75,12247.3,12247.7,10:05:00,12253.03533308157,4,11
2020-01-03,12254.55,12255.8,12247.25,12252.15,10:10:00,12253.179587073802,4,12
2020-01-03,12265.05,12265.6,12252.2,12254.7,10:15:00,12254.310102590583,4,13
2020-01-03,12258.9,12265.35,12256.7,12264.95,10:20:00,12254.747235677194,4,14
2020-01-03,12252.45,12260.15,12247.3,12258.95,10:25:00,12254.528451326983,4,15
2020-01-03,12242.6,12255.3,12242.15,12252.3,10:30:00,12253.392408343463,4,16
2020-01-03,12242.2,12246.7,12240.3,12243.05,10:35:00,12252.326464691703,4,17
2020-01-03,12240.6,12242.5,12236.6,12242.0,10:40:00,12251.209658530588,4,18
2020-01-03,12242.9,12245.65,12240.05,12240.65,10:45:00,12250.418262480056,4,19
2020-01-03,12237.4,12246.15,12235.7,12242.95,10:50:00,12249.178427958146,4,20
2020-01-03,12242.25,12245.55,12236.8,12237.65,10:55:00,12248.518577676416,4,21
2020-01-03,12241.6,12243.65,12238.85,12242.45,11:00:00,12247.859665516758,4,22
2020-01-03,12237.5,12242.3,12236.5,12241.55,11:05:00,12246.87303070564,4,23
2020-01-03,12243.45,12244.2,12235.4,12237.35,11:10:00,12246.547027781293,4,24
2020-01-03,12247.75,12249.05,12243.0,12243.85,11:15:00,12246.661596564029,4,25
2020-01-03,12244.35,12248.2,12241.7,12247.65,11:20:00,12246.441444510312,4,26
2020-01-03,12244.05,12244.5,12241.85,12244.5,11:25:00,12246.213687890282,4,27
2020-01-03,12240.2,12245.95,12238.55,12243.7,11:30:00,12245.640955710256,4,28
2020-01-03,12236.8,12242.4,12236.6,12240.7,11:35:00,12244.798959928326,4,29
2020-01-03,12236.25,12240.4,12236.25,12236.7,11:40:00,12243.984773268488,4,30
2020-01-03,12226.7,12236.3,12222.3,12236.2,11:45:00,12242.338604385774,4,31
2020-01-03,12230.95,12232.35,12225.6,12225.95,11:50:00,12241.253975396652,4,32
2020-01-03,12224.8,12231.95,12223.5,12230.75,11:55:00,12239.68693012078,4,33
2020-01-03,12218.3,12226.1,12217.15,12224.7,12:00:00,12237.650079633087,4,34
2020-01-03,12223.45,12224.3,12217.8,12218.5,12:05:00,12236.297691096604,4,35
2020-01-03,12222.9,12225.2,12220.55,12223.75,12:10:00,12235.021720515975,4,36
2020-01-03,12216.2,12222.8,12215.25,12222.55,12:15:00,12233.229175704932,4,37
2020-01-03,12224.85,12226.3,12213.8,12216.05,12:20:00,12232.431158971129,4,38
2020-01-03,12229.95,12230.35,12223.4,12224.75,12:25:00,12232.194858116736,4,39
2020-01-03,12224.95,12230.35,12223.7,12229.85,12:30:00,12231.504871629428,4,40
2020-01-03,12226.05,12227.55,12222.2,12225.0,12:35:00,12230.985360045672,4,41
2020-01-03,12231.25,12231.6,12225.45,12226.2,12:40:00,12231.010563850848,4,42
2020-01-03,12230.2,12233.55,12227.8,12231.5,12:45:00,12230.933367293625,4,43
2020-01-03,12229.1,12231.0,12228.2,12230.0,12:50:00,12230.758760884706,4,44
2020-01-03,12226.5,12229.2,12224.95,12228.95,12:55:00,12230.353164609973,4,45
2020-01-03,12229.45,12229.6,12225.65,12226.45,13:00:00,12230.267148932831,4,46
2020-01-03,12235.05,12240.05,12229.25,12229.4,13:05:00,12230.722658558276,4,47
2020-01-03,12236.6,12238.3,12234.9,12235.55,13:10:00,12231.28240536225,4,48
2020-01-03,12230.6,12237.05,12229.0,12236.55,13:15:00,12231.21741437537,4,49
2020-01-03,12225.85,12232.0,12225.2,12230.45,13:20:00,12230.706232053906,4,50
2020-01-03,12228.4,12230.5,12225.2,12226.65,13:25:00,12230.486590905915,4,51
2020-01-03,12229.55,12230.0,12222.95,12227.95,13:30:00,12230.39739177202,4,52
2020-01-03,12230.15,12231.05,12227.8,12229.8,13:35:00,12230.373830650877,4,53
2020-01-03,12225.05,12231.8,12224.1,12230.1,13:40:00,12229.866799160314,4,54
2020-01-03,12223.05,12226.3,12220.75,12224.9,13:45:00,12229.217580192666,4,55
2020-01-03,12220.7,12225.05,12219.5,12222.95,13:50:00,12228.406382079078,4,56
2020-01-03,12225.75,12227.15,12220.45,12220.85,13:55:00,12228.153393309642,4,57
2020-01-03,12219.55,12226.3,12218.7,12225.5,14:00:00,12227.334022518247,4,58
2020-01-03,12220.85,12222.4,12214.3,12219.65,14:05:00,12226.716496564128,4,59
2020-01-03,12214.55,12220.85,12214.05,12220.7,14:10:00,12225.55778260564,4,60
2020-01-03,12214.7,12216.65,12211.35,12214.85,14:15:00,12224.52370807177,4,61
2020-01-03,12210.15,12219.0,12208.65,12214.95,14:20:00,12223.154783493506,4,62
2020-01-03,12212.6,12213.45,12205.55,12210.4,14:25:00,12222.149566017935,4,63
2020-01-03,12210.3,12212.95,12206.55,12212.95,14:30:00,12221.021035920989,4,64
2020-01-03,12213.95,12222.8,12210.1,12210.8,14:35:00,12220.347603928514,4,65
2020-01-03,12206.25,12214.5,12206.25,12214.2,14:40:00,12219.00497498294,4,66
2020-01-03,12205.0,12207.55,12201.85,12207.1,14:45:00,12217.671167841709,4,67
2020-01-03,12196.55,12204.35,12191.35,12203.9,14:50:00,12215.65962804726,4,68
2020-01-03,12196.9,12198.8,12192.4,12196.4,14:55:00,12213.872996804665,4,69
2020-01-03,12220.1,12222.15,12196.6,12196.6,15:00:00,12214.46604472803,4,70
2020-01-03,12230.65,12234.05,12220.15,12220.35,15:05:00,12216.007373801547,4,71
2020-01-03,12226.6,12231.5,12223.45,12230.35,15:10:00,12217.016195344258,4,72
2020-01-03,12227.7,12232.2,12226.85,12227.25,15:15:00,12218.033700549566,4,73
2020-01-03,12231.6,12232.7,12225.15,12227.8,15:20:00,12219.325729068654,4,74
2020-01-03,12223.8,12232.65,12222.2,12232.0,15:25:00,12219.751850109737,4,75
2020-01-06,12140.5,12179.1,12130.1,12169.5,09:15:00,12212.20405486119,0,1
2020-01-06,12118.1,12140.85,12111.25,12140.85,09:20:00,12203.24176392203,0,2
2020-01-06,12096.9,12124.15,12095.45,12118.0,09:25:00,12193.113976881838,0,3
2020-01-06,12085.5,12096.8,12069.1,12096.8,09:30:00,12182.865026702617,0,4
2020-01-06,12094.1,12099.0,12077.75,12085.25,09:35:00,12174.4112146357,0,5
2020-01-06,12083.0,12093.45,12077.8,12093.45,09:40:00,12165.705384670397,0,6
2020-01-06,12071.75,12083.05,12071.75,12081.85,09:45:00,12156.757252797022,0,7
2020-01-06,12084.3,12085.6,12062.85,12071.8,09:50:00,12149.856562054449,0,8
2020-01-06,12096.25,12096.35,12080.75,12084.0,09:55:00,12144.75117519212,0,9
2020-01-06,12091.45,12096.5,12085.75,12094.8,10:00:00,12139.674872792872,0,10
2020-01-06,12093.95,12096.35,12090.05,12091.25,10:05:00,12135.320123003075,0,11
2020-01-06,12086.8,12094.05,12085.0,12094.05,10:10:00,12130.699158907544,0,12
2020-01-06,12082.55,12088.0,12080.55,12086.95,10:15:00,12126.113524725874,0,13
2020-01-06,12079.45,12083.1,12077.75,12082.15,10:20:00,12121.669379513884,0,14
2020-01-06,12081.5,12082.6,12073.6,12079.8,10:25:00,12117.843724322089,0,15
2020-01-06,12094.85,12098.45,12081.3,12081.75,10:30:00,12115.65384581522,0,16
2020-01-06,12095.55,12096.45,12089.65,12094.15,10:35:00,12113.73919383282,0,17
2020-01-06,12091.05,12096.55,12089.65,12095.9,10:40:00,12111.578318229696,0,18
2020-01-06,12079.25,12091.85,12077.95,12091.7,10:45:00,12108.499430779248,0,19
2020-01-06,12080.45,12085.85,12079.2,12079.55,10:50:00,12105.82805641932,0,20
2020-01-06,12079.05,12083.85,12076.3,12081.15,10:55:00,12103.277765331764,0,21
2020-01-06,12072.8,12079.05,12069.05,12078.7,11:00:00,12100.375121014453,0,22
2020-01-06,12072.1,12076.65,12071.65,12072.45,11:05:00,12097.68225234641,0,23
2020-01-06,12070.7,12073.7,12070.4,12072.8,11:10:00,12095.112514027704,0,24
2020-01-06,12066.25,12071.45,12065.2,12070.85,11:15:00,12092.363703167925,0,25
2020-01-06,12060.95,12067.5,12060.95,12066.45,11:20:00,12089.371921913837,0,26
2020-01-06,12044.05,12059.9,12043.75,12059.9,11:25:00,12085.055548398232,0,27
2020-01-06,12048.35,12050.7,12040.0,12043.85,11:30:00,12081.559781884114,0,28
2020-01-06,12042.0,12048.9,12039.9,12048.2,11:35:00,12077.792183609436,0,29
2020-01-06,12032.65,12043.7,12030.95,12041.9,11:40:00,12073.492928027586,0,30
2020-01-06,12029.6,12034.45,12028.4,12032.95,11:45:00,12069.312649167816,0,31
2020-01-06,12031.25,12035.9,12026.7,12029.75,11:50:00,12065.687634961358,0,32
2020-01-06,12033.8,12034.45,12030.95,12031.0,11:55:00,12062.65071734599,0,33
2020-01-06,12022.9,12035.9,12022.9,12033.65,12:00:00,12058.86493474161,0,34
2020-01-06,12019.55,12025.5,12018.65,12022.8,12:05:00,12055.12065524241,0,35
2020-01-06,12022.1,12023.65,12015.1,12019.8,12:10:00,12051.97583093361,0,36
2020-01-06,12029.85,12030.9,12022.25,12022.7,12:15:00,12049.868608939934,0,37
2020-01-06,12036.1,12037.05,12029.4,12030.8,12:20:00,12048.557312850417,0,38
2020-01-06,12030.95,12037.8,12030.95,12037.05,12:25:00,12046.88042591228,0,39
2020-01-06,12032.65,12034.05,12029.5,12032.2,12:30:00,12045.52514725397,0,40
2020-01-06,12029.8,12036.5,12029.1,12032.75,12:35:00,12044.027514182162,0,41
2020-01-06,12023.15,12030.7,12021.45,12030.1,12:40:00,12042.039179498148,0,42
2020-01-06,12014.7,12024.4,12014.7,12024.25,12:45:00,12039.435448117372,0,43
2020-01-06,12011.95,12016.2,12008.95,12016.2,12:50:00,12036.817786391908,0,44
2020-01-06,12012.4,12015.9,12007.95,12012.4,12:55:00,12034.492282926012,0,45
2020-01-06,12015.8,12023.45,12012.0,12012.2,13:00:00,12032.712065504487,0,46
2020-01-06,12024.1,12028.25,12013.75,12015.7,13:05:00,12031.891868789771,0,47
2020-01-06,12019.05,12025.3,12017.45,12023.8,13:10:00,12030.668833666938,0,48
2020-01-06,12013.1,12022.35,12010.35,12019.35,13:15:00,12028.995611412944,0,49
2020-01-06,12013.5,12015.05,12010.75,12013.85,13:20:00,12027.519838897426,0,50
2020-01-06,12016.1,12018.2,12013.6,12014.05,13:25:00,12026.43223519291,0,51
2020-01-06,12016.4,12018.15,12013.5,12016.6,13:30:00,12025.476784222155,0,52
2020-01-06,12018.95,12019.85,12013.6,12016.6,13:35:00,12024.855185724808,0,53
2020-01-06,12019.1,12025.45,12019.1,12019.5,13:40:00,12024.307072798634,0,54
2020-01-06,12021.2,12023.45,12018.8,12019.8,13:45:00,12024.011161103526,0,55
2020-01-06,12019.3,12020.5,12018.0,12020.3,13:50:00,12023.562479093667,0,56
2020-01-06,12011.1,12020.65,12006.8,12018.65,13:55:00,12022.375576322842,0,57
2020-01-06,11995.1,12011.2,11994.15,12009.95,14:00:00,12019.777902387334,0,58
2020-01-06,12004.65,12008.15,11994.6,11994.6,14:05:00,12018.337149779016,0,59
2020-01-06,11991.4,12005.3,11991.15,12004.05,14:10:00,12015.771706942918,0,60
2020-01-06,11981.6,11996.4,11979.85,11991.45,14:15:00,12012.51725866264,0,61
2020-01-06,11981.4,11987.7,11979.35,11981.35,14:20:00,12009.55371021858,0,62
2020-01-06,11987.75,11989.55,11980.4,11981.25,14:25:00,12007.477166388238,0,63
2020-01-06,11987.65,11991.6,11984.65,11986.45,14:30:00,12005.588864827452,0,64
2020-01-06,11976.6,11987.5,11974.2,11987.5,14:35:00,12002.82802055817,0,65
2020-01-06,11980.2,11984.4,11974.6,11976.65,14:40:00,12000.672970981204,0,66
2020-01-06,11989.25,11991.6,11979.5,11979.55,14:45:00,11999.585068982991,0,67
2020-01-06,12008.1,12013.5,11986.65,11988.95,14:50:00,12000.396014794136,0,68
2020-01-06,11995.8,12009.05,11989.95,12007.65,14:55:00,11999.958299099457,0,69
2020-01-06,11995.95,12002.55,11992.95,11994.95,15:00:00,11999.57655632808,0,70
2020-01-06,11985.55,11996.4,11984.55,11995.4,15:05:00,11998.240693820644,0,71
2020-01-06,11994.5,11997.2,11985.4,11985.95,15:10:00,11997.884437266295,0,72
2020-01-06,11996.2,11996.4,11988.3,11994.25,15:15:00,11997.724014669508,0,73
2020-01-06,11994.95,11999.75,11989.25,11995.9,15:20:00,11997.45982279622,0,74
2020-01-06,11988.1,12000.55,11988.1,11994.8,15:25:00,11996.568411101343,0,75
2020-01-07,12122.05,12129.0,12073.0,12073.0,09:15:00,12008.5190386155,1,1
2020-01-07,12130.3,12139.5,12122.85,12122.85,09:20:00,12020.117225414024,1,2
2020-01-07,12125.05,12134.35,12123.3,12131.25,09:25:00,12030.11082299364,1,3
2020-01-07,12136.9,12144.1,12125.25,12125.25,09:30:00,12040.281220803769,1,4
2020-01-07,12141.45,12142.1,12131.65,12137.25,09:35:00,12049.91634263198,1,5
2020-01-07,12148.75,12149.7,12142.35,12142.35,09:40:00,12059.329071905126,1,6
2020-01-07,12136.25,12152.15,12135.1,12149.1,09:45:00,12066.654874580829,1,7
2020-01-07,12131.9,12136.85,12129.6,12136.35,09:50:00,12072.86869604932,1,8
2020-01-07,12132.4,12139.4,12129.75,12132.2,09:55:00,12078.538344044624,1,9
2020-01-07,12123.3,12132.6,12119.8,12132.6,10:00:00,12082.801358897515,1,10
2020-01-07,12119.05,12123.55,12111.1,12123.45,10:05:00,12086.253610431086,1,11
2020-01-07,12130.8,12131.75,12119.25,12119.25,10:10:00,12090.496123723362,1,12
2020-01-07,12124.7,12131.7,12121.45,12130.7,10:15:00,12093.753635749708,1,13
2020-01-07,12118.65,12126.9,12117.75,12125.0,10:20:00,12096.12471805926,1,14
2020-01-07,12117.8,12118.5,12113.0,12118.35,10:25:00,12098.189030625046,1,15
2020-01-07,12117.4,12118.5,12112.0,12117.9,10:30:00,12100.018646755994,1,16
2020-01-07,12115.9,12118.95,12114.5,12117.95,10:35:00,12101.531156588757,1,17
2020-01-07,12114.3,12122.1,12113.9,12115.95,10:40:00,12102.747236913638,1,18
2020-01-07,12110.15,12119.1,12110.0,12113.85,10:45:00,12103.452261969482,1,19
2020-01-07,12105.9,12113.1,12103.75,12110.1,10:50:00,12103.685379877152,1,20
2020-01-07,12092.8,12106.95,12090.3,12105.8,10:55:00,12102.64867703171,1,21
2020-01-07,12071.2,12092.75,12066.55,12092.75,11:00:00,12099.653564933453,1,22
2020-01-07,12074.6,12080.95,12066.65,12070.4,11:05:00,12097.267511130263,1,23
2020-01-07,12063.1,12074.65,12055.7,12074.65,11:10:00,12094.013462451192,1,24
2020-01-07,12062.9,12067.35,12053.35,12062.3,11:15:00,12091.05027555108,1,25
2020-01-07,12073.75,12075.05,12061.5,12063.45,11:20:00,12089.4026302605,1,26
2020-01-07,12071.55,12075.0,12070.15,12074.35,11:25:00,12087.7023797595,1,27
2020-01-07,12087.55,12089.0,12071.0,12071.9,11:30:00,12087.687867401452,1,28
2020-01-07,12082.9,12095.1,12080.8,12088.1,11:35:00,12087.231880029884,1,29
2020-01-07,12078.35,12083.2,12076.4,12083.1,11:40:00,12086.385986693704,1,30
2020-01-07,12070.5,12078.3,12070.35,12077.95,11:45:00,12084.873035580018,1,31
2020-01-07,12073.5,12076.35,12067.35,12070.3,11:50:00,12083.789889334304,1,32
2020-01-07,12066.95,12074.0,12066.95,12074.0,11:55:00,12082.186090350084,1,33
2020-01-07,12068.75,12073.2,12066.25,12068.25,12:00:00,12080.906462697694,1,34
2020-01-07,12075.15,12077.55,12068.25,12068.6,12:05:00,12080.358228155055,1,35
2020-01-07,12078.6,12083.7,12073.85,12074.9,12:10:00,12080.190777854576,1,36
2020-01-07,12079.35,12080.05,12074.75,12078.7,12:15:00,12080.110703773187,1,37
2020-01-07,12076.75,12079.85,12074.05,12079.65,12:20:00,12079.79063674717,1,38
2020-01-07,12070.95,12079.45,12070.45,12076.7,12:25:00,12078.948671342678,1,39
2020-01-07,12068.3,12072.25,12064.5,12070.3,12:30:00,12077.934512167183,1,40
2020-01-07,12074.8,12075.4,12067.65,12068.6,12:35:00,12077.635987198884,1,41
2020-01-07,12076.75,12077.4,12072.6,12074.9,12:40:00,12077.551607465655,1,42
2020-01-07,12086.15,12087.55,12076.65,12076.85,12:45:00,12078.370501992737,1,43
2020-01-07,12081.6,12087.2,12080.1,12086.35,12:50:00,12078.678073231524,1,44
2020-01-07,12068.5,12081.45,12067.45,12081.45,12:55:00,12077.70873292376,1,45
2020-01-07,12051.25,12068.35,12051.25,12068.35,13:00:00,12075.188853597689,1,46
2020-01-07,12036.1,12052.45,12031.9,12050.5,13:05:00,12071.466105636004,1,47
2020-01-07,12034.0,12042.15,12034.0,12035.65,13:10:00,12067.897905099242,1,48
2020-01-07,12027.0,12033.85,12020.6,12033.85,13:15:00,12064.002866518362,1,49
2020-01-07,12028.75,12029.2,12016.25,12026.6,13:20:00,12060.645450659473,1,50
2020-01-07,12011.0,12034.25,12009.55,12028.45,13:25:00,12055.917312501426,1,51
2020-01-07,12018.75,12018.9,12005.35,12010.6,13:30:00,12052.37756845367,1,52
2020-01-07,12021.95,12028.6,12017.7,12017.8,13:35:00,12049.479704791416,1,53
2020-01-07,12024.7,12028.6,12019.4,12021.05,13:40:00,12047.11973290652,1,54
2020-01-07,12043.15,12045.05,12024.4,12024.5,13:45:00,12046.7416631059,1,55
2020-01-07,12037.9,12052.7,12034.7,12042.95,13:50:00,12045.899599952956,1,56
2020-01-07,12031.7,12043.9,12028.3,12036.5,13:55:00,12044.547257100294,1,57
2020-01-07,12035.85,12041.1,12030.7,12031.05,14:00:00,12043.718946900266,1,58
2020-01-07,12034.35,12035.5,12022.95,12034.6,14:05:00,12042.826666243098,1,59
2020-01-07,12039.9,12042.35,12028.55,12033.05,14:10:00,12042.547936124707,1,60
2020-01-07,12037.75,12045.3,12037.3,12040.3,14:15:00,12042.090989827117,1,61
2020-01-07,12034.35,12041.5,12033.0,12037.15,14:20:00,12041.353752700725,1,62
2020-01-07,12039.4,12041.45,12033.05,12034.0,14:25:00,12041.167681014942,1,63
2020-01-07,12051.5,12058.95,12039.2,12039.35,14:30:00,12042.151711394472,1,64
2020-01-07,12045.9,12051.5,12041.15,12050.6,14:35:00,12042.508691261666,1,65
2020-01-07,12038.5,12045.0,12035.15,12045.0,14:40:00,12042.126911141508,1,66
2020-01-07,12032.0,12038.15,12027.05,12038.1,14:45:00,12041.162443413745,1,67
2020-01-07,12042.15,12049.65,12027.95,12031.75,14:50:00,12041.25649642196,1,68
2020-01-07,12034.3,12043.05,12032.65,12042.6,14:55:00,12040.593972953202,1,69
2020-01-07,12035.15,12044.95,12030.3,12035.95,15:00:00,12040.075499338613,1,70
2020-01-07,12046.9,12047.2,12034.8,12035.2,15:05:00,12040.725451782551,1,71
2020-01-07,12055.15,12055.4,12044.95,12047.45,15:10:00,12042.099218279453,1,72
2020-01-07,12064.3,12064.65,12053.9,12055.25,15:15:00,12044.213578443314,1,73
2020-01-07,12064.4,12064.9,12058.35,12064.5,15:20:00,12046.136094782049,1,74
2020-01-07,12060.3,12065.9,12059.2,12063.7,15:25:00,12047.485038136138,1,75
2020-01-08,11935.35,11955.15,11929.6,11938.5,09:15:00,12036.8055106946,2,1
2020-01-08,11975.15,11979.65,11936.25,11936.25,09:20:00,12030.933557295117,2,2
2020-01-08,11985.65,11991.15,11966.8,11976.35,09:25:00,12026.620837552724,2,3
2020-01-08,11983.15,11993.15,11978.3,11985.5,09:30:00,12022.480757785796,2,4
2020-01-08,11991.35,11991.8,11979.45,11982.9,09:35:00,12019.515923710958,2,5
2020-01-08,12023.5,12026.85,11988.15,11990.95,09:40:00,12019.89535954801,2,6
2020-01-08,12013.95,12044.95,12009.25,12024.15,09:45:00,12019.329134829151,2,7
2020-01-08,11999.9,12014.25,11994.65,12012.0,09:50:00,12017.4787410359,2,8
2020-01-08,11992.75,12009.9,11992.65,11999.7,09:55:00,12015.123622842004,2,9
2020-01-08,11985.0,11995.85,11985.0,11992.35,10:00:00,12012.25470638086,2,10
2020-01-08,11999.95,11999.95,11985.15,11985.15,10:05:00,12011.082829582683,2,11
2020-01-08,11996.05,12006.3,11994.35,12000.1,10:10:00,12009.65113152719,2,12
2020-01-08,12013.65,12021.1,11996.3,11996.3,10:15:00,12010.031976143648,2,13
2020-01-08,12009.2,12016.55,12008.35,12013.25,10:20:00,12009.952740320445,2,14
2020-01-08,12007.05,12012.25,12002.4,12009.9,10:25:00,12009.676288861352,2,15
2020-01-08,12004.25,12008.1,12001.05,12006.4,10:30:00,12009.159499445985,2,16
2020-01-08,11994.15,12004.2,11993.25,12004.2,10:35:00,12007.730023308271,2,17
2020-01-08,11984.1,11995.05,11983.5,11994.05,10:40:00,12005.47954489796,2,18
2020-01-08,11988.05,11994.8,11982.3,11983.85,10:45:00,12003.819588241013,2,19
2020-01-08,11985.75,11990.7,11984.95,11988.25,10:50:00,12002.098675075202,2,20
2020-01-08,11974.25,11986.85,11973.05,11986.05,10:55:00,11999.446420306134,2,21
2020-01-08,11981.5,11982.15,11973.85,11974.0,11:00:00,11997.737237419837,2,22
2020-01-08,11967.85,11983.3,11966.85,11981.85,11:05:00,11994.89083385604,2,23
2020-01-08,11964.55,11968.55,11962.85,11968.2,11:10:00,11992.001230631657,2,24
2020-01-08,11971.55,11972.0,11959.2,11964.3,11:15:00,11990.053494381022,2,25
2020-01-08,11964.0,11972.45,11964.0,11971.95,11:20:00,11987.572209201877,2,26
2020-01-08,11960.65,11965.0,11953.25,11964.5,11:25:00,11985.008189277887,2,27
2020-01-08,11954.35,11962.85,11953.55,11960.45,11:30:00,11982.088361727614,2,28
2020-01-08,11957.9,11959.65,11951.25,11954.25,11:35:00,11979.784708229749,2,29
2020-01-08,11958.6,11962.45,11957.35,11957.35,11:40:00,11977.76711696977,2,30
2020-01-08,11957.45,11961.0,11952.5,11958.65,11:45:00,11975.83215344884,2,31
2020-01-08,11960.75,11968.45,11957.3,11957.6,11:50:00,11974.395757882285,2,32
2020-01-08,11968.2,11968.8,11960.55,11960.55,11:55:00,11973.80568570302,2,33
2020-01-08,11967.1,11970.55,11965.55,11967.95,12:00:00,11973.1670489694,2,34
2020-01-08,11959.95,11967.9,11959.35,11967.0,12:05:00,11971.908282400884,2,35
2020-01-08,11959.55,11962.9,11959.1,11959.7,12:10:00,11970.731303124609,2,36
2020-01-08,11955.8,11960.85,11954.5,11959.45,12:15:00,11969.309274255598,2,37
2020-01-08,11968.4,11973.7,11956.25,11956.3,12:20:00,11969.222676707446,2,38
2020-01-08,11975.05,11978.4,11969.35,11969.55,12:25:00,11969.777659878166,2,39
2020-01-08,11989.1,11990.15,11974.65,11974.65,12:30:00,11971.617882746912,2,40
2020-01-08,12002.2,12004.6,11985.65,11989.0,12:35:00,11974.530465342445,2,41
2020-01-08,11994.8,12003.1,11993.8,12002.9,12:40:00,11976.46089721459,2,42
2020-01-08,12006.95,12007.45,11995.35,11995.45,12:45:00,11979.364621289393,2,43
2020-01-08,11996.9,12007.35,11995.15,12007.0,12:50:00,11981.034657357068,2,44
2020-01-08,11997.8,12001.5,11995.4,11997.1,12:55:00,11982.631356656397,2,45
2020-01-08,12010.0,12010.8,11997.2,11997.55,13:00:00,11985.23789411769,2,46
2020-01-08,11994.95,12011.5,11994.95,12011.0,13:05:00,11986.162856582672,2,47
2020-01-08,11991.1,11995.35,11986.6,11995.05,13:10:00,11986.633060717655,2,48
2020-01-08,11982.75,11992.8,11981.05,11991.2,13:15:00,11986.263245411212,2,49
2020-01-08,11987.8,11992.05,11982.2,11982.45,13:20:00,11986.409602991098,2,50
2020-01-08,11990.95,11991.6,11986.05,11987.05,13:25:00,11986.842021753851,2,51
2020-01-08,12000.6,12005.2,11991.15,11991.15,13:30:00,11988.15230539634,2,52
2020-01-08,11994.55,11999.65,11990.8,11999.65,13:35:00,11988.761609644307,2,53
2020-01-08,11989.95,11996.55,11988.2,11994.5,13:40:00,11988.874789678184,2,54
2020-01-08,11994.5,11994.9,11981.75,11990.45,13:45:00,11989.410523994547,2,55
2020-01-08,11995.1,12000.2,11994.8,11995.45,13:50:00,11989.95237885221,2,56
2020-01-08,11995.65,11998.0,11992.9,11994.9,13:55:00,11990.495009437713,2,57
2020-01-08,12003.6,12006.9,11996.25,11996.25,14:00:00,11991.743103776978,2,58
2020-01-08,12007.4,12008.2,11999.1,12003.05,14:05:00,11993.2342367506,2,59
2020-01-08,12007.55,12029.75,12006.65,12006.65,14:10:00,11994.597642774352,2,60
2020-01-08,11996.7,12009.2,11996.7,12007.35,14:15:00,11994.797867272033,2,61
2020-01-08,11998.7,12001.3,11991.15,11997.0,14:20:00,11995.169498960411,2,62
2020-01-08,11991.1,12000.85,11991.1,11998.75,14:25:00,11994.781927630847,2,63
2020-01-08,11994.2,11997.9,11990.4,11991.5,14:30:00,11994.72650595172,2,64
2020-01-08,12006.1,12010.5,11993.6,11993.6,14:35:00,11995.80969586108,2,65
2020-01-08,12004.5,12006.6,11997.8,12005.15,14:40:00,11996.63734387431,2,66
2020-01-08,12009.4,12014.85,12003.5,12004.05,14:45:00,11997.8528349339,2,67
2020-01-08,12021.25,12024.0,12003.65,12009.25,14:50:00,12000.081136368766,2,68
2020-01-08,12026.75,12036.55,12021.25,12021.45,14:55:00,12002.621028143169,2,69
2020-01-08,12019.35,12033.75,12013.9,12027.1,15:00:00,12004.214263558106,2,70
2020-01-08,12023.85,12025.4,12019.3,12019.75,15:05:00,12006.08433369543,2,71
2020-01-08,12023.5,12024.45,12019.7,12024.0,15:10:00,12007.74296858158,2,72
2020-01-08,12028.75,12030.85,12019.8,12023.75,15:15:00,12009.743638240476,2,73
2020-01-08,12028.6,12031.95,12025.0,12028.55,15:20:00,12011.539482217577,2,74
2020-01-08,12021.6,12028.7,12019.9,12028.25,15:25:00,12012.49762676828,2,75
2020-01-09,12162.4,12177.0,12132.55,12132.55,09:15:00,12026.77404326654,3,1
2020-01-09,12161.7,12169.5,12157.55,12163.05,09:20:00,12039.624134384014,3,2
2020-01-09,12161.2,12163.9,12155.0,12161.85,09:25:00,12051.202788252203,3,3
2020-01-09,12149.9,12161.55,12148.0,12160.75,09:30:00,12060.602522704374,3,4
2020-01-09,12149.0,12150.6,12144.2,12150.6,09:35:00,12069.021330065862,3,5
2020-01-09,12156.45,12156.65,12148.35,12148.35,09:40:00,12077.34787005959,3,6
2020-01-09,12147.1,12160.7,12146.8,12156.25,09:45:00,12083.990930053917,3,7
2020-01-09,12138.5,12148.0,12138.05,12147.55,09:50:00,12089.18227004878,3,8
2020-01-09,12142.9,12143.55,12136.5,12138.4,09:55:00,12094.298244329848,3,9
2020-01-09,12145.8,12146.9,12141.6,12142.95,10:00:00,12099.20317344129,3,10
2020-01-09,12145.3,12147.45,12141.65,12145.5,10:05:00,12103.593347399265,3,11
2020-01-09,12156.35,12157.0,12145.35,12145.35,10:10:00,12108.617790504097,3,12
2020-01-09,12164.05,12166.1,12157.1,12157.2,10:15:00,12113.897048551324,3,13
2020-01-09,12169.35,12170.45,12163.8,12164.75,10:20:00,12119.178282022627,3,14
2020-01-09,12170.75,12172.25,12163.05,12169.25,10:25:00,12124.08987421095,3,15
2020-01-09,12176.15,12178.05,12168.15,12171.55,10:30:00,12129.047981428954,3,16
2020-01-09,12178.05,12181.9,12175.5,12176.5,10:35:00,12133.714840340484,3,17
2020-01-09,12183.2,12186.65,12177.75,12178.0,10:40:00,12138.427712689008,3,18
2020-01-09,12186.25,12186.25,12181.8,12183.35,10:45:00,12142.982216242435,3,19
2020-01-09,12177.15,12187.3,12176.85,12186.45,10:50:00,12146.236290886014,3,20
2020-01-09,12181.6,12184.05,12176.65,12177.05,10:55:00,12149.604263182584,3,21
2020-01-09,12182.6,12185.5,12181.3,12181.65,11:00:00,12152.746714308052,3,22
2020-01-09,12176.25,12182.65,12175.9,12182.65,11:05:00,12154.98512246919,3,23
2020-01-09,12177.8,12179.75,12174.25,12176.6,11:10:00,12157.157967948317,3,24
2020-01-09,12176.3,12181.05,12175.6,12177.4,11:15:00,12158.981018619905,3,25
2020-01-09,12172.9,12177.7,12170.95,12176.2,11:20:00,12160.306635894198,3,26
2020-01-09,12173.3,12174.7,12171.75,12173.85,11:25:00,12161.54409914237,3,27
2020-01-09,12178.9,12179.55,12172.3,12173.25,11:30:00,12163.19704208119,3,28
2020-01-09,12183.0,12187.4,12178.4,12178.7,11:35:00,12165.083038073455,3,29
2020-01-09,12185.9,12188.6,12182.4,12182.4,11:40:00,12167.065605875983,3,30
2020-01-09,12182.05,12188.05,12177.95,12185.85,11:45:00,12168.492691030651,3,31
2020-01-09,12180.6,12184.8,12179.75,12181.95,11:50:00,12169.645768075352,3,32
2020-01-09,12187.0,12187.55,12179.8,12180.8,11:55:00,12171.298552068176,3,33
2020-01-09,12185.4,12190.25,12185.2,12187.2,12:00:00,12172.641547109302,3,34
2020-01-09,12188.8,12189.4,12184.55,12185.95,12:05:00,12174.180447384608,3,35
2020-01-09,12189.9,12192.6,12186.75,12188.6,12:10:00,12175.677547633692,3,36
2020-01-09,12193.5,12195.3,12188.4,12189.95,12:15:00,12177.37492404953,3,37
2020-01-09,12192.45,12194.35,12190.0,12194.05,12:20:00,12178.810645568625,3,38
2020-01-09,12186.9,12193.2,12181.05,12192.6,12:25:00,12179.581060276374,3,39
2020-01-09,12190.5,12190.5,12185.6,12186.85,12:30:00,12180.620959297672,3,40
2020-01-09,12194.05,12195.95,12189.9,12189.9,12:35:00,12181.899915555035,3,41
2020-01-09,12191.7,12194.75,12190.35,12193.15,12:40:00,12182.833256930748,3,42
2020-01-09,12195.35,12196.35,12189.2,12190.75,12:45:00,12184.025327699248,3,43
2020-01-09,12190.7,12195.45,12189.1,12194.95,12:50:00,12184.66101077551,3,44
2020-01-09,12193.8,12194.55,12188.3,12191.1,12:55:00,12185.53139070165,3,45
2020-01-09,12199.25,12200.35,12193.9,12194.05,13:00:00,12186.83792492054,3,46
2020-01-09,12205.65,12208.65,12198.7,12198.75,13:05:00,12188.629551118584,3,47
2020-01-09,12206.55,12208.15,12204.65,12204.65,13:10:00,12190.336260535863,3,48
2020-01-09,12211.9,12213.75,12206.5,12206.85,13:15:00,12192.389950008635,3,49
2020-01-09,12208.35,12214.2,12207.0,12211.85,13:20:00,12193.90995476972,3,50
2020-01-09,12210.5,12217.9,12207.95,12207.95,13:25:00,12195.489959077366,3,51
2020-01-09,12207.15,12213.7,12206.9,12210.25,13:30:00,12196.600439165237,3,52
2020-01-09,12203.45,12208.1,12200.65,12207.55,13:35:00,12197.252778292355,3,53
2020-01-09,12193.75,12204.75,12193.75,12202.45,13:40:00,12196.919180359751,3,54
2020-01-09,12196.8,12198.3,12191.2,12193.85,13:45:00,12196.9078298493,3,55
2020-01-09,12189.8,12197.5,12188.0,12196.2,13:50:00,12196.230893673175,3,56
2020-01-09,12187.75,12192.25,12185.75,12189.85,13:55:00,12195.423189513824,3,57
2020-01-09,12196.05,12199.4,12186.4,12187.95,14:00:00,12195.482885750604,3,58
2020-01-09,12195.45,12197.35,12193.75,12195.9,14:05:00,12195.479753774356,3,59
2020-01-09,12195.05,12198.35,12194.25,12195.05,14:10:00,12195.438824843464,3,60
2020-01-09,12193.85,12196.6,12190.5,12195.1,14:15:00,12195.287508191705,3,61
2020-01-09,12199.2,12200.2,12189.8,12193.5,14:20:00,12195.660126459165,3,62
2020-01-09,12199.1,12205.65,12198.8,12198.8,14:25:00,12195.987733463053,3,63
2020-01-09,12208.25,12209.05,12199.2,12199.4,14:30:00,12197.15556837133,3,64
2020-01-09,12206.9,12209.2,12203.35,12208.85,14:35:00,12198.083609478825,3,65
2020-01-09,12195.2,12210.3,12191.75,12207.25,14:40:00,12197.808980004653,3,66
2020-01-09,12199.55,12202.9,12194.75,12194.8,14:45:00,12197.97479143278,3,67
2020-01-09,12203.25,12205.3,12198.9,12199.7,14:50:00,12198.477192248709,3,68
2020-01-09,12205.75,12207.55,12200.9,12202.75,14:55:00,12199.169840605971,3,69
2020-01-09,12219.2,12221.9,12206.55,12206.55,15:00:00,12201.077474833975,3,70
2020-01-09,12220.25,12224.05,12216.6,12219.0,15:05:00,12202.903429611692,3,71
2020-01-09,12217.8,12221.6,12214.55,12221.1,15:10:00,12204.322150601056,3,72
2020-01-09,12215.4,12218.55,12212.95,12218.55,15:15:00,12205.377183877146,3,73
2020-01-09,12219.25,12220.2,12213.05,12216.0,15:20:00,12206.698404460276,3,74
2020-01-09,12215.4,12218.95,12211.6,12218.85,15:25:00,12207.52712784501,3,75
2020-01-10,12254.65,12269.9,12250.9,12262.45,09:15:00,12212.0150204312,4,1
2020-01-10,12252.4,12256.6,12243.95,12253.65,09:20:00,12215.861208961564,4,2
2020-01-10,12247.95,12253.3,12241.55,12251.85,09:25:00,12218.917284298555,4,3
2020-01-10,12240.15,12247.9,12235.9,12247.9,09:30:00,12220.939447698694,4,4
2020-01-10,12233.8,12243.55,12230.85,12240.35,09:35:00,12222.164262203582,4,5
2020-01-10,12238.25,12238.25,12231.2,12234.35,09:40:00,12223.696237231812,4,6
2020-01-10,12260.8,12260.85,12238.5,12238.6,09:45:00,12227.229928924022,4,7
2020-01-10,12261.65,12266.9,12255.05,12260.75,09:50:00,12230.508030931258,4,8
2020-01-10,12262.2,12265.8,12259.2,12261.35,09:55:00,12233.526313699713,4,9
2020-01-10,12270.15,12270.75,12255.65,12261.6,10:00:00,12237.014283823548,4,10
2020-01-10,12265.6,12270.7,12262.3,12270.4,10:05:00,12239.73673298321,4,11
2020-01-10,12266.65,12269.7,12260.15,12266.0,10:10:00,12242.299901270524,4,12
2020-01-10,12270.85,12274.25,12264.5,12267.15,10:15:00,12245.01895829238,4,13
2020-01-10,12273.5,12277.45,12270.4,12270.4,10:20:00,12247.73143845501,4,14
2020-01-10,12279.0,12281.8,12272.9,12273.55,10:25:00,12250.70939669739,4,15
2020-01-10,12276.05,12282.0,12273.5,12279.2,10:30:00,12253.122787488115,4,16
2020-01-10,12281.25,12282.6,12275.65,12276.1,10:35:00,12255.801569632104,4,17
2020-01-10,12278.8,12285.15,12278.55,12281.4,10:40:00,12257.991896333808,4,18
2020-01-10,12276.85,12282.05,12276.1,12279.3,10:45:00,12259.78790620678,4,19
2020-01-10,12274.65,12277.15,12272.1,12276.5,10:50:00,12261.203343710897,4,20
2020-01-10,12277.7,12278.85,12274.0,12274.4,10:55:00,12262.774453833666,4,21
2020-01-10,12277.1,12281.5,12275.95,12278.1,11:00:00,12264.138791563792,4,22
2020-01-10,12282.55,12282.55,12275.4,12277.05,11:05:00,12265.89223998629,4,23
2020-01-10,12286.15,12289.15,12281.75,12282.45,11:10:00,12267.821550463786,4,24
2020-01-10,12290.55,12293.05,12285.1,12285.1,11:15:00,12269.98616470533,4,25
2020-01-10,12286.85,12291.65,12286.85,12291.0,11:20:00,12271.592244257205,4,26
2020-01-10,12292.6,12294.6,12285.65,12286.5,11:25:00,12273.592982899374,4,27
2020-01-10,12290.4,12296.25,12290.1,12292.5,11:30:00,12275.193651194671,4,28
2020-01-10,12300.3,12301.1,12290.1,12290.35,11:35:00,12277.584732033274,4,29
2020-01-10,12302.9,12303.75,12299.6,12299.6,11:40:00,12279.995709934869,4,30
2020-01-10,12307.6,12308.2,12300.65,12302.05,11:45:00,12282.62468994107,4,31
2020-01-10,12301.2,12311.2,12299.3,12307.45,11:50:00,12284.39376708954,4,32
2020-01-10,12296.15,12302.9,12295.7,12301.4,11:55:00,12285.513408319108,4,33
2020-01-10,12302.3,12302.45,12294.45,12295.85,12:00:00,12287.112131336336,4,34
2020-01-10,12304.25,12306.65,12302.05,12302.15,12:05:00,12288.744309304304,4,35
2020-01-10,12300.1,12304.75,12297.7,12304.0,12:10:00,12289.825803656277,4,36
2020-01-10,12300.2,12304.35,12298.7,12299.85,12:15:00,12290.81382235568,4,37
2020-01-10,12297.7,12300.4,12293.7,12300.25,12:20:00,12291.469648797996,4,38
2020-01-10,12301.5,12302.7,12297.45,12297.5,12:25:00,12292.424920341044,4,39
2020-01-10,12303.8,12305.35,12300.95,12301.85,12:30:00,12293.508261260944,4,40
2020-01-10,12303.5,12304.5,12301.7,12304.1,12:35:00,12294.459855426569,4,41
2020-01-10,12308.85,12309.25,12302.6,12304.05,12:40:00,12295.830345385944,4,42
2020-01-10,12304.3,12309.3,12304.3,12308.65,12:45:00,12296.636979158711,4,43
2020-01-10,12298.3,12305.1,12297.95,12304.25,12:50:00,12296.795362095976,4,44
2020-01-10,12290.65,12301.1,12290.3,12298.85,12:55:00,12296.210089515407,4,45
2020-01-10,12286.65,12291.55,12282.9,12290.05,13:00:00,12295.299604799651,4,46
2020-01-10,12283.65,12287.45,12278.5,12286.5,13:05:00,12294.190118628258,4,47
2020-01-10,12287.7,12288.65,12279.55,12283.3,13:10:00,12293.572012092232,4,48
2020-01-10,12289.8,12290.45,12285.0,12287.4,13:15:00,12293.212772845354,4,49
2020-01-10,12288.7,12292.5,12288.45,12289.95,13:20:00,12292.782984955322,4,50
2020-01-10,12283.45,12288.5,12281.15,12288.15,13:25:00,12291.894129245293,4,51
2020-01-10,12275.2,12283.5,12268.4,12282.85,13:30:00,12290.30421217431,4,52
2020-01-10,12267.3,12274.95,12262.95,12274.65,13:35:00,12288.113334824377,4,53
2020-01-10,12259.5,12267.1,12256.45,12266.85,13:40:00,12285.388255317292,4,54
2020-01-10,12262.85,12269.55,12250.55,12259.25,13:45:00,12283.241754810882,4,55
2020-01-10,12253.5,12262.35,12252.35,12262.35,13:50:00,12280.409206733657,4,56
2020-01-10,12260.15,12263.5,12252.65,12252.65,13:55:00,12278.479758473308,4,57
2020-01-10,12252.55,12261.6,12252.4,12260.0,14:00:00,12276.010257666325,4,58
2020-01-10,12234.15,12252.95,12233.8,12252.75,14:05:00,12272.023566460008,4,59
2020-01-10,12237.65,12245.0,12230.15,12234.0,14:10:00,12268.749893463815,4,60
2020-01-10,12249.4,12251.7,12234.35,12237.55,14:15:00,12266.907046467264,4,61
2020-01-10,12226.75,12249.2,12221.25,12249.05,14:20:00,12263.082565851337,4,62
2020-01-10,12232.2,12232.2,12216.65,12227.85,14:25:00,12260.141369103589,4,63
2020-01-10,12234.3,12241.4,12230.9,12230.9,14:30:00,12257.680286331815,4,64
2020-01-10,12238.95,12242.55,12230.45,12234.25,14:35:00,12255.896449538312,4,65
2020-01-10,12242.7,12243.75,12237.85,12238.75,14:40:00,12254.639644820378,4,66
2020-01-10,12236.05,12243.55,12234.45,12242.4,14:45:00,12252.869202456532,4,67
2020-01-10,12219.2,12236.3,12219.2,12235.75,14:50:00,12249.662611746387,4,68
2020-01-10,12234.6,12234.6,12213.2,12219.05,14:55:00,12248.228077294352,4,69
2020-01-10,12257.2,12260.65,12234.4,12234.4,15:00:00,12249.082546123462,4,70
2020-01-10,12261.3,12262.8,12254.2,12256.85,15:05:00,12250.246113159325,4,71
2020-01-10,12258.85,12264.85,12256.75,12261.8,15:10:00,12251.065530953672,4,72
2020-01-10,12256.15,12259.35,12252.5,12258.9,15:15:00,12251.54976610094,4,73
2020-01-10,12259.0,12259.45,12253.7,12255.9,15:20:00,12252.259312186565,4,74
2020-01-10,12256.5,12259.4,12255.4,12258.9,15:25:00,12252.663187216416,4,75
2020-01-13,12327.3,12328.0,12285.8,12285.8,09:15:00,12259.771455100568,0,1
2020-01-13,12331.65,12337.75,12324.65,12327.35,09:20:00,12266.617030805275,0,2
2020-01-13,12325.0,12333.7,12316.75,12332.85,09:25:00,12272.177313585726,0,3
2020-01-13,12326.6,12330.95,12321.85,12325.65,09:30:00,12277.36042657756,0,4
2020-01-13,12318.85,12327.15,12316.8,12326.5,09:35:00,12281.311814522556,0,5
2020-01-13,12324.3,12326.0,12318.7,12319.5,09:40:00,12285.40592742517,0,6
2020-01-13,12313.5,12328.0,12312.1,12325.0,09:45:00,12288.081553384678,0,7
2020-01-13,12306.6,12316.2,12305.0,12314.05,09:50:00,12289.845214967088,0,8
2020-01-13,12318.15,12318.15,12306.25,12306.7,09:55:00,12292.540908779749,0,9
2020-01-13,12317.2,12319.15,12310.5,12318.25,10:00:00,12294.889393657868,0,10
2020-01-13,12309.15,12317.3,12308.9,12317.05,10:05:00,12296.247546642831,0,11
2020-01-13,12317.9,12317.9,12308.0,12309.2,10:10:00,12298.3096850578,0,12
2020-01-13,12321.45,12326.9,12317.95,12317.95,10:15:00,12300.513524576105,0,13
2020-01-13,12323.7,12325.25,12319.5,12321.65,10:20:00,12302.721760330762,0,14
2020-01-13,12326.85,12327.1,12321.05,12323.85,10:25:00,12305.019687918308,0,15
2020-01-13,12329.1,12334.95,12326.75,12327.1,10:30:00,12307.313050973708,0,16
2020-01-13,12331.4,12331.4,12327.3,12329.15,10:35:00,12309.607046119068,0,17
2020-01-13,12326.2,12331.85,12325.1,12331.85,10:40:00,12311.18732744106,0,18
2020-01-13,12321.4,12326.5,12316.6,12326.5,10:45:00,12312.159962922866,0,19
2020-01-13,12323.75,12324.75,12318.9,12321.7,10:50:00,12313.26377597783,0,20
2020-01-13,12320.7,12325.2,12318.7,12324.05,10:55:00,12313.971987789464,0,21
2020-01-13,12330.7,12331.0,12318.95,12320.6,11:00:00,12315.565131809515,0,22
2020-01-13,12330.3,12332.2,12327.5,12330.9,11:05:00,12316.96845258956,0,23
2020-01-13,12330.65,12332.3,12328.95,12330.4,11:10:00,12318.271457104842,0,24
2020-01-13,12334.3,12334.7,12329.5,12330.4,11:15:00,12319.79798499962,0,25
2020-01-13,12334.35,12335.75,12329.25,12334.55,11:20:00,12321.183891190132,0,26
2020-01-13,12330.0,12335.1,12329.5,12334.05,11:25:00,12322.023520600596,0,27
2020-01-13,12325.6,12329.95,12325.15,12329.95,11:30:00,12322.364137686252,0,28
2020-01-13,12329.75,12329.9,12321.85,12325.4,11:35:00,12323.067553144703,0,29
2020-01-13,12328.1,12330.0,12326.8,12329.95,11:40:00,12323.54683379759,0,30
2020-01-13,12328.4,12329.35,12325.05,12328.2,11:45:00,12324.009040102585,0,31
2020-01-13,12327.6,12329.25,12327.45,12328.7,11:50:00,12324.35103628329,0,32
2020-01-13,12328.8,12332.0,12327.3,12327.5,11:55:00,12324.774747113452,0,33
2020-01-13,12328.2,12329.55,12326.9,12328.75,12:00:00,12325.100961674076,0,34
2020-01-13,12320.2,12328.8,12318.2,12328.3,12:05:00,12324.634203419402,0,35
2020-01-13,12328.0,12328.45,12319.75,12320.15,12:10:00,12324.954755474697,0,36
2020-01-13,12327.8,12331.8,12327.55,12327.7,12:15:00,12325.225731143772,0,37
2020-01-13,12326.8,12330.2,12326.5,12327.5,12:20:00,12325.375661511032,0,38
2020-01-13,12326.5,12330.45,12325.55,12327.0,12:25:00,12325.482741367125,0,39
2020-01-13,12326.45,12327.3,12324.85,12326.45,12:30:00,12325.574861236924,0,40
2020-01-13,12327.1,12327.95,12325.0,12326.55,12:35:00,12325.720112547691,0,41
2020-01-13,12330.85,12331.15,12326.05,12326.85,12:40:00,12326.208673257435,0,42
2020-01-13,12332.85,12334.8,12330.65,12330.65,12:45:00,12326.84118056625,0,43
2020-01-13,12333.45,12334.3,12329.65,12332.65,12:50:00,12327.470591940892,0,44
2020-01-13,12334.2,12334.9,12329.45,12331.75,12:55:00,12328.111487946524,0,45
2020-01-13,12315.65,12335.55,12314.8,12334.3,13:00:00,12326.924679570664,0,46
2020-01-13,12319.55,12319.8,12313.9,12315.4,13:05:00,12326.222329135362,0,47
2020-01-13,12310.5,12322.3,12308.4,12319.8,13:10:00,12324.724964455803,0,48
2020-01-13,12316.05,12316.4,12306.35,12310.1,13:15:00,12323.898777364777,0,49
2020-01-13,12316.6,12319.95,12315.25,12315.95,13:20:00,12323.203655710988,0,50
2020-01-13,12314.05,12321.2,12313.65,12316.95,13:25:00,12322.331878976607,0,51
2020-01-13,12309.0,12313.8,12305.55,12313.8,13:30:00,12321.06217621693,0,52
2020-01-13,12319.35,12321.05,12308.25,12308.5,13:35:00,12320.899111815315,0,53
2020-01-13,12310.95,12320.25,12310.8,12319.25,13:40:00,12319.951577356716,0,54
2020-01-13,12315.5,12317.2,12309.5,12310.9,13:45:00,12319.527617608455,0,55
2020-01-13,12314.25,12315.3,12310.65,12315.3,13:50:00,12319.024987360031,0,56
2020-01-13,12315.25,12317.7,12313.6,12313.85,13:55:00,12318.665464754316,0,57
2020-01-13,12317.0,12318.6,12315.35,12316.5,14:00:00,12318.506849063428,0,58
2020-01-13,12297.8,12316.9,12296.0,12316.75,14:05:00,12316.534768200245,0,59
2020-01-13,12300.9,12304.35,12297.75,12297.75,14:10:00,12315.045742657365,0,60
2020-01-13,12301.0,12301.75,12296.95,12300.75,14:15:00,12313.708052880473,0,61
2020-01-13,12319.5,12320.1,12300.85,12300.85,14:20:00,12314.259666891856,0,62
2020-01-13,12313.15,12319.6,12309.95,12319.15,14:25:00,12314.153984330726,0,63
2020-01-13,12319.9,12321.8,12312.85,12313.05,14:30:00,12314.701223918277,0,64
2020-01-13,12318.9,12320.85,12316.15,12319.8,14:35:00,12315.101107354632,0,65
2020-01-13,12320.35,12325.05,12319.1,12319.1,14:40:00,12315.601001892286,0,66
2020-01-13,12317.5,12321.6,12314.5,12320.5,14:45:00,12315.781858854923,0,67
2020-01-13,12319.45,12321.15,12315.3,12317.85,14:50:00,12316.131205630649,0,68
2020-01-13,12317.7,12322.75,12317.55,12319.5,14:55:00,12316.280614618205,0,69
2020-01-13,12326.75,12330.65,12317.55,12317.55,15:00:00,12317.27769894028,0,70
2020-01-13,12332.3,12336.15,12327.0,12327.0,15:05:00,12318.708394279302,0,71
2020-01-13,12331.0,12333.7,12324.5,12332.55,15:10:00,12319.87902339556,0,72
2020-01-13,12329.65,12332.4,12326.25,12330.4,15:15:00,12320.809592595982,0,73
2020-01-13,12331.1,12332.35,12326.9,12329.85,15:20:00,12321.789631396365,0,74
2020-01-13,12329.6,12336.1,12328.0,12330.9,15:25:00,12322.533476025284,0,75
2020-01-14,12318.7,12335.35,12308.7,12328.3,09:15:00,12322.168383070495,1,1
2020-01-14,12320.25,12321.55,12315.3,12318.05,09:20:00,12321.985679920925,1,2
2020-01-14,12326.35,12330.5,12320.9,12321.1,09:25:00,12322.401329452268,1,3
2020-01-14,12347.65,12349.75,12319.1,12326.1,09:30:00,12324.805964742529,1,4
2020-01-14,12342.5,12348.3,12340.4,12346.7,09:35:00,12326.491110957524,1,5
2020-01-14,12330.6,12344.45,12330.05,12343.1,09:40:00,12326.882433723476,1,6
2020-01-14,12334.15,12337.25,12330.3,12331.0,09:45:00,12327.574582892668,1,7
2020-01-14,12334.65,12335.0,12326.4,12333.8,09:50:00,12328.248432140985,1,8
2020-01-14,12328.3,12335.15,12327.1,12334.9,09:55:00,12328.253343365654,1,9
2020-01-14,12333.65,12333.8,12328.2,12328.45,10:00:00,12328.767310664163,1,10
2020-01-14,12338.65,12339.1,12332.3,12333.7,10:05:00,12329.708519172338,1,11
2020-01-14,12336.75,12338.7,12334.5,12338.7,10:10:00,12330.37913639402,1,12
2020-01-14,12343.5,12346.3,12336.5,12336.6,10:15:00,12331.628742451732,1,13
2020-01-14,12341.25,12343.45,12336.4,12341.85,10:20:00,12332.545052694424,1,14
2020-01-14,12334.6,12343.25,12334.6,12341.45,10:25:00,12332.740761961622,1,15
2020-01-14,12332.45,12334.7,12331.6,12334.7,10:30:00,12332.71307034623,1,16
2020-01-14,12323.15,12333.0,12323.05,12332.95,10:35:00,12331.802301741827,1,17
2020-01-14,12326.75,12327.85,12322.7,12323.2,10:40:00,12331.321130147368,1,18
2020-01-14,12322.8,12327.4,12319.4,12326.65,10:45:00,12330.509593942856,1,19
2020-01-14,12334.0,12334.4,12322.65,12323.15,10:50:00,12330.842013567346,1,20
2020-01-14,12333.7,12336.3,12331.7,12334.15,10:55:00,12331.114202751409,1,21
2020-01-14,12339.45,12339.65,12333.65,12333.65,11:00:00,12331.908088203654,1,22
2020-01-14,12332.95,12339.8,12332.4,12339.5,11:05:00,12332.007317898544,1,23
2020-01-14,12333.85,12335.2,12331.65,12333.25,11:10:00,12332.182811432016,1,24
2020-01-14,12335.4,12335.4,12333.3,12334.25,11:15:00,12332.489210343252,1,25
2020-01-14,12331.95,12336.0,12331.05,12335.55,11:20:00,12332.437856977229,1,26
2020-01-14,12327.7,12332.0,12326.3,12332.0,11:25:00,12331.986632503204,1,27
2020-01-14,12326.3,12328.45,12326.0,12327.75,11:30:00,12331.44504845528,1,28
2020-01-14,12331.15,12331.35,12326.6,12326.6,11:35:00,12331.416948602397,1,29
2020-01-14,12335.7,12335.8,12331.45,12331.45,11:40:00,12331.824858259311,1,30
2020-01-14,12334.05,12336.7,12332.65,12335.85,11:45:00,12332.036776520328,1,31
2020-01-14,12337.4,12338.1,12334.0,12334.5,11:50:00,12332.547559708868,1,32
2020-01-14,12337.9,12340.4,12335.85,12337.45,11:55:00,12333.05731592707,1,33
2020-01-14,12338.7,12339.15,12336.05,12337.75,12:00:00,12333.594714410208,1,34
2020-01-14,12343.95,12346.6,12338.0,12338.35,12:05:00,12334.580932085426,1,35
2020-01-14,12345.7,12346.55,12340.95,12343.9,12:10:00,12335.639890934432,1,36
2020-01-14,12344.5,12348.75,12343.25,12345.6,12:15:00,12336.48371084544,1,37
2020-01-14,12340.2,12346.95,12338.8,12344.2,12:20:00,12336.837643145876,1,38
2020-01-14,12340.35,12342.05,12339.55,12340.4,12:25:00,12337.172153322455,1,39
2020-01-14,12341.8,12341.9,12338.05,12340.2,12:30:00,12337.61290062508,1,40
2020-01-14,12341.85,12346.0,12341.7,12343.25,12:35:00,12338.016433898882,1,41
2020-01-14,12336.95,12341.7,12336.55,12341.5,12:40:00,12337.914868765656,1,42
2020-01-14,12337.7,12339.65,12333.65,12336.9,12:45:00,12337.894405073688,1,43
2020-01-14,12337.6,12339.15,12337.3,12337.45,12:50:00,12337.866366495242,1,44
2020-01-14,12333.1,12340.85,12332.6,12337.55,12:55:00,12337.412426829029,1,45
2020-01-14,12340.2,12340.5,12331.7,12332.65,13:00:00,12337.67790998817,1,46
2020-01-14,12340.7,12342.2,12338.45,12339.75,13:05:00,12337.965728084537,1,47
2020-01-14,12338.2,12342.5,12337.25,12340.8,13:10:00,12337.98803969553,1,48
2020-01-14,12337.35,12337.9,12334.95,12337.75,13:15:00,12337.927274010242,1,49
2020-01-14,12335.85,12339.75,12335.85,12337.25,13:20:00,12337.72943839022,1,50
2020-01-14,12331.7,12339.45,12331.35,12335.4,13:25:00,12337.15520616258,1,51
2020-01-14,12330.05,12332.15,12324.9,12331.35,13:30:00,12336.478519861384,1,52
2020-01-14,12331.2,12331.95,12327.3,12330.1,13:35:00,12335.975803684109,1,53
2020-01-14,12335.55,12336.85,12328.75,12330.5,13:40:00,12335.93525095229,1,54
2020-01-14,12336.65,12337.4,12330.15,12335.35,13:45:00,12336.003322290167,1,55
2020-01-14,12332.45,12338.95,12330.6,12336.5,13:50:00,12335.664910643483,1,56
2020-01-14,12324.45,12334.0,12323.0,12332.95,13:55:00,12334.596823915534,1,57
2020-01-14,12326.8,12331.3,12322.4,12324.05,14:00:00,12333.854269256912,1,58
2020-01-14,12326.3,12330.0,12326.15,12326.95,14:05:00,12333.134815041967,1,59
2020-01-14,12327.85,12329.75,12326.15,12326.6,14:10:00,12332.631499323685,1,60
2020-01-14,12332.35,12334.5,12325.35,12327.95,14:15:00,12332.604689864284,1,61
2020-01-14,12328.35,12334.0,12327.95,12332.5,14:20:00,12332.199481305785,1,62
2020-01-14,12343.45,12343.5,12326.6,12328.5,14:25:00,12333.270959276662,1,63
2020-01-14,12337.4,12345.4,12336.75,12343.65,14:30:00,12333.664201250314,1,64
2020-01-14,12337.9,12340.75,12336.45,12337.55,14:35:00,12334.067610655044,1,65
2020-01-14,12356.65,12358.4,12337.3,12338.0,14:40:00,12336.218314402184,1,66
2020-01-14,12362.55,12363.1,12354.5,12356.7,14:45:00,12338.726093982928,1,67
2020-01-14,12363.5,12366.95,12357.5,12363.25,14:50:00,12341.085513603604,1,68
2020-01-14,12365.9,12367.9,12362.3,12364.0,14:55:00,12343.448798022308,1,69
2020-01-14,12367.05,12374.25,12365.95,12366.5,15:00:00,12345.696531543992,1,70
2020-01-14,12363.75,12368.45,12360.9,12367.75,15:05:00,12347.415909492183,1,71
2020-01-14,12361.55,12365.95,12359.95,12363.65,15:10:00,12348.76201335007,1,72
2020-01-14,12357.3,12364.5,12356.2,12361.6,15:15:00,12349.575154935776,1,73
2020-01-14,12358.55,12361.65,12356.2,12357.4,15:20:00,12350.42990208475,1,74
2020-01-14,12360.05,12363.6,12357.8,12358.1,15:25:00,12351.346101886202,1,75
2020-01-15,12321.2,12347.1,12320.15,12346.2,09:15:00,12345.877421271927,2,1
2020-01-15,12319.2,12325.85,12317.5,12321.65,09:20:00,12343.336714484123,2,2
2020-01-15,12309.15,12318.7,12304.65,12318.7,09:25:00,12340.080836914209,2,3
2020-01-15,12307.2,12308.35,12298.55,12308.35,09:30:00,12336.949328636663,2,4
2020-01-15,12311.9,12315.5,12306.35,12307.15,09:35:00,12334.563678290311,2,5
2020-01-15,12305.3,12312.1,12304.65,12311.5,09:40:00,12331.776661310285,2,6
2020-01-15,12297.2,12305.6,12292.6,12305.5,09:45:00,12328.4836459474,2,7
2020-01-15,12300.35,12305.6,12296.1,12297.15,09:50:00,12325.804251095267,2,8
2020-01-15,12300.9,12303.6,12297.7,12300.05,09:55:00,12323.432417657625,2,9
2020-01-15,12304.25,12305.25,12298.0,12300.95,10:00:00,12321.60552073785,2,10
2020-01-15,12298.35,12310.45,12298.1,12304.5,10:05:00,12319.390709239007,2,11
2020-01-15,12292.65,12298.45,12290.0,12298.45,10:10:00,12316.84397502577,2,12
2020-01-15,12295.95,12298.55,12291.9,12292.8,10:15:00,12314.854072642362,2,13
2020-01-15,12298.2,12298.95,12294.2,12296.3,10:20:00,12313.267970485946,2,14
2020-01-15,12304.65,12304.85,12296.4,12298.5,10:25:00,12312.447211392046,2,15
2020-01-15,12297.3,12307.75,12295.4,12304.85,10:30:00,12311.004619830896,2,16
2020-01-15,12295.4,12299.6,12295.4,12297.1,10:35:00,12309.518465561288,2,17
2020-01-15,12298.0,12299.2,12294.75,12295.45,10:40:00,12308.421468841168,2,18
2020-01-15,12295.55,12301.65,12294.95,12298.1,10:45:00,12307.195614665818,2,19
2020-01-15,12292.15,12296.4,12291.8,12295.95,10:50:00,12305.76269898336,2,20
2020-01-15,12295.55,12297.8,12291.35,12292.65,10:55:00,12304.790060984944,2,21
2020-01-15,12300.3,12300.9,12294.9,12295.6,11:00:00,12304.362436129237,2,22
2020-01-15,12307.1,12307.1,12298.9,12300.9,11:05:00,12304.62315649788,2,23
2020-01-15,12303.9,12307.45,12303.2,12307.45,11:10:00,12304.554284450462,2,24
2020-01-15,12310.15,12310.7,12303.05,12303.65,11:15:00,12305.087209740894,2,25
2020-01-15,12301.4,12311.0,12300.8,12309.95,11:20:00,12304.736046908429,2,26
2020-01-15,12301.35,12302.0,12297.3,12301.45,11:25:00,12304.41356625048,2,27
2020-01-15,12300.9,12302.65,12299.35,12301.4,11:30:00,12304.078940893292,2,28
2020-01-15,12304.25,12304.4,12297.8,12300.45,11:35:00,12304.095232236788,2,29
2020-01-15,12303.8,12305.55,12299.9,12304.15,11:40:00,12304.067114880903,2,30
2020-01-15,12306.45,12308.55,12301.95,12303.7,11:45:00,12304.294056320818,2,31
2020-01-15,12308.65,12311.6,12304.75,12306.25,11:50:00,12304.708908099788,2,32
2020-01-15,12305.35,12309.25,12304.65,12309.25,11:55:00,12304.769964471234,2,33
2020-01-15,12297.85,12306.2,12297.25,12305.4,12:00:00,12304.110920235878,2,34
2020-01-15,12298.15,12298.35,12291.4,12297.75,12:05:00,12303.543213546747,2,35
2020-01-15,12292.3,12298.4,12292.1,12297.9,12:10:00,12302.4724313042,2,36
2020-01-15,12288.65,12292.6,12284.4,12292.1,12:15:00,12301.156009275228,2,37
2020-01-15,12290.9,12293.35,12288.3,12288.55,12:20:00,12300.17924648711,2,38
2020-01-15,12289.15,12290.95,12287.7,12290.2,12:25:00,12299.128842059768,2,39
2020-01-15,12292.5,12292.5,12286.25,12289.0,12:30:00,12298.49752376836,2,40
2020-01-15,12297.2,12297.45,12292.55,12292.55,12:35:00,12298.373950076137,2,41
2020-01-15,12293.1,12297.45,12291.1,12297.1,12:40:00,12297.871669116505,2,42
2020-01-15,12293.2,12295.5,12291.35,12293.15,12:45:00,12297.426748248266,2,43
2020-01-15,12292.7,12296.85,12291.5,12293.15,12:50:00,12296.976581748431,2,44
2020-01-15,12291.25,12293.0,12289.5,12291.9,12:55:00,12296.431193010489,2,45
2020-01-15,12297.85,12299.1,12291.05,12291.05,13:00:00,12296.566317485678,2,46
2020-01-15,12302.05,12302.75,12297.7,12297.7,13:05:00,12297.088572963232,2,47
2020-01-15,12298.95,12303.05,12297.25,12301.85,13:10:00,12297.26585172864,2,48
2020-01-15,12299.0,12302.3,12298.35,12298.4,13:15:00,12297.431008706866,2,49
2020-01-15,12299.25,12300.5,12297.25,12298.9,13:20:00,12297.60424597288,2,50
2020-01-15,12296.0,12300.0,12294.05,12299.45,13:25:00,12297.451460642127,2,51
2020-01-15,12296.3,12298.95,12294.1,12295.55,13:30:00,12297.341797723831,2,52
2020-01-15,12294.65,12297.25,12291.75,12295.7,13:35:00,12297.085436035846,2,53
2020-01-15,12281.45,12294.7,12278.75,12294.15,13:40:00,12295.596346889575,2,54
2020-01-15,12280.75,12284.4,12279.35,12281.65,13:45:00,12294.182409090568,2,55
2020-01-15,12281.85,12284.65,12279.35,12280.15,13:50:00,12293.007893939086,2,56
2020-01-15,12286.05,12286.3,12279.55,12280.5,13:55:00,12292.34523737346,2,57
2020-01-15,12291.95,12291.95,12285.5,12285.5,14:00:00,12292.307595718845,2,58
2020-01-15,12300.25,12306.5,12291.65,12291.65,14:05:00,12293.064015174194,2,59
2020-01-15,12294.6,12301.7,12294.05,12301.05,14:10:00,12293.210299443315,2,60
2020-01-15,12292.75,12294.9,12291.2,12294.55,14:15:00,12293.166461401095,2,61
2020-01-15,12302.5,12307.45,12292.85,12293.0,14:20:00,12294.055369839089,2,62
2020-01-15,12312.95,12313.6,12302.65,12302.65,14:25:00,12295.85485842584,2,63
2020-01-15,12308.3,12318.3,12307.3,12312.65,14:30:00,12297.040110004333,2,64
2020-01-15,12304.55,12309.2,12301.45,12308.2,14:35:00,12297.755337622968,2,65
2020-01-15,12309.0,12310.5,12303.3,12304.0,14:40:00,12298.826257849352,2,66
2020-01-15,12317.6,12320.3,12308.0,12308.4,14:45:00,12300.614233292272,2,67
2020-01-15,12317.45,12317.7,12314.0,12317.7,14:50:00,12302.217639645389,2,68
2020-01-15,12313.85,12318.65,12309.35,12317.25,14:55:00,12303.325483488685,2,69
2020-01-15,12327.55,12327.55,12312.7,12312.7,15:00:00,12305.632580299283,2,70
2020-01-15,12341.6,12342.25,12327.2,12327.4,15:05:00,12309.058048842213,2,71
2020-01-15,12348.65,12349.1,12341.25,12342.2,15:10:00,12312.82871085724,2,72
2020-01-15,12351.9,12355.15,12348.9,12348.9,15:15:00,12316.549786013691,2,73
2020-01-15,12349.0,12352.65,12346.6,12351.95,15:20:00,12319.640282583818,2,74
2020-01-15,12340.35,12350.2,12338.5,12348.95,15:25:00,12321.612636623451,2,75
2020-01-16,12372.95,12372.95,12345.1,12345.75,09:15:00,12326.501909325982,3,1
2020-01-16,12374.65,12377.8,12369.95,12373.55,09:20:00,12331.087441771126,3,2
2020-01-16,12364.45,12374.1,12362.95,12374.05,09:25:00,12334.264828269115,3,3
2020-01-16,12372.2,12373.5,12363.25,12364.9,09:30:00,12337.877701767296,3,4
2020-01-16,12378.4,12378.4,12370.65,12371.85,09:35:00,12341.736968265648,3,5
2020-01-16,12377.85,12383.45,12377.5,12377.85,09:40:00,12345.176304621302,3,6
2020-01-16,12384.7,12389.05,12377.7,12377.7,09:45:00,12348.94046608594,3,7
2020-01-16,12383.25,12384.65,12380.65,12384.1,09:50:00,12352.208040744425,3,8
2020-01-16,12377.9,12383.35,12377.55,12383.05,09:55:00,12354.65489400686,3,9
2020-01-16,12380.7,12381.15,12373.25,12377.85,10:00:00,12357.13538029192,3,10
2020-01-16,12375.6,12381.05,12374.9,12380.75,10:05:00,12358.893915502214,3,11
2020-01-16,12371.3,12376.75,12370.55,12375.55,10:10:00,12360.075447359148,3,12
2020-01-16,12367.85,12373.05,12366.4,12371.15,10:15:00,12360.81588094399,3,13
2020-01-16,12361.5,12369.1,12360.55,12367.7,10:20:00,12360.8810351398,3,14
2020-01-16,12347.95,12363.8,12345.4,12362.95,10:25:00,12359.64950798363,3,15
2020-01-16,12356.85,12357.2,12346.7,12348.35,10:30:00,12359.382888175664,3,16
2020-01-16,12356.9,12358.45,12352.4,12356.7,10:35:00,12359.146422635124,3,17
2020-01-16,12351.65,12358.8,12350.4,12356.85,10:40:00,12358.432477622257,3,18
2020-01-16,12356.15,12356.15,12350.75,12351.8,10:45:00,12358.215098801087,3,19
2020-01-16,12344.4,12356.0,12344.4,12355.9,10:50:00,12356.899375105746,3,20
2020-01-16,12338.2,12344.8,12336.7,12344.3,10:55:00,12355.118482238531,3,21
2020-01-16,12335.25,12339.1,12328.2,12338.65,11:00:00,12353.226245834863,3,22
2020-01-16,12330.75,12335.3,12328.75,12335.15,11:05:00,12351.085650993447,3,23
2020-01-16,12322.1,12334.25,12315.8,12330.4,11:10:00,12348.325112803595,3,24
2020-01-16,12322.15,12325.45,12319.65,12321.15,11:15:00,12345.832244917538,3,25
2020-01-16,12329.3,12333.15,12321.45,12322.45,11:20:00,12344.257745401585,3,26
2020-01-16,12328.5,12332.05,12327.8,12329.6,11:25:00,12342.757007744289,3,27
2020-01-16,12337.3,12339.2,12325.0,12328.05,11:30:00,12342.237292721024,3,28
2020-01-16,12331.75,12337.95,12331.65,12337.55,11:35:00,12341.23850293807,3,29
2020-01-16,12334.8,12334.8,12329.5,12331.5,11:40:00,12340.625312182065,3,30
2020-01-16,12336.0,12338.65,12334.3,12334.75,11:45:00,12340.184806259962,3,31
2020-01-16,12328.85,12335.9,12327.7,12335.8,11:50:00,12339.10530090187,3,32
2020-01-16,12332.6,12334.5,12328.85,12329.05,11:55:00,12338.485748435023,3,33
2020-01-16,12334.4,12334.85,12328.5,12333.1,12:00:00,12338.096629536452,3,34
2020-01-16,12330.85,12334.35,12329.55,12334.3,12:05:00,12337.406474342504,3,35
2020-01-16,12331.3,12331.75,12327.0,12330.45,12:10:00,12336.824905357504,3,36
2020-01-16,12324.05,12331.25,12323.5,12331.25,12:15:00,12335.60824770441,3,37
2020-01-16,12326.45,12327.7,12321.65,12323.85,12:20:00,12334.736033637324,3,38
2020-01-16,12325.7,12327.85,12325.4,12326.2,12:25:00,12333.875459005198,3,39
2020-01-16,12330.25,12333.85,12324.2,12325.55,12:30:00,12333.530177195178,3,40
2020-01-16,12340.7,12343.25,12329.1,12330.0,12:35:00,12334.213017462303,3,41
2020-01-16,12336.05,12341.6,12335.7,12340.4,12:40:00,12334.38796818018,3,42
2020-01-16,12335.25,12341.8,12335.25,12336.1,12:45:00,12334.470066448735,3,43
2020-01-16,12334.5,12336.7,12333.2,12335.1,12:50:00,12334.47291726314,3,44
2020-01-16,12337.05,12337.5,12331.0,12334.55,12:55:00,12334.718353714272,3,45
2020-01-16,12350.55,12352.05,12337.35,12337.35,13:00:00,12336.226129551009,3,46
2020-01-16,12354.9,12356.45,12348.8,12351.1,13:05:00,12338.004593403291,3,47
2020-01-16,12354.55,12355.9,12350.8,12354.95,13:10:00,12339.580346412504,3,48
2020-01-16,12351.75,12357.55,12351.45,12354.35,13:15:00,12340.739361039885,3,49
2020-01-16,12354.9,12355.45,12348.9,12352.55,13:20:00,12342.0879933218,3,50
2020-01-16,12354.95,12356.1,12352.35,12354.7,13:25:00,12343.31294633877,3,51
2020-01-16,12352.45,12356.8,12352.15,12355.05,13:30:00,12344.183141925554,3,52
2020-01-16,12345.75,12354.45,12345.45,12352.1,13:35:00,12344.332366504072,3,53
2020-01-16,12351.8,12353.3,12345.3,12345.3,13:40:00,12345.04356969416,3,54
2020-01-16,12353.55,12354.1,12347.9,12351.95,13:45:00,12345.853705913763,3,55
2020-01-16,12355.65,12356.8,12352.2,12353.45,13:50:00,12346.786686302929,3,56
2020-01-16,12359.95,12361.05,12354.9,12355.55,13:55:00,12348.040335226458,3,57
2020-01-16,12364.8,12365.6,12358.8,12359.8,14:00:00,12349.63649377632,3,58
2020-01-16,12362.65,12366.95,12358.8,12364.45,14:05:00,12350.875875321432,3,59
2020-01-16,12364.2,12368.05,12362.45,12362.45,14:10:00,12352.144839576533,3,60
2020-01-16,12365.9,12367.7,12363.35,12364.4,14:15:00,12353.45485485496,3,61
2020-01-16,12360.05,12366.35,12352.95,12365.75,14:20:00,12354.082963916391,3,62
2020-01-16,12357.05,12361.0,12355.6,12360.0,14:25:00,12354.365538781498,3,63
2020-01-16,12364.85,12365.55,12356.55,12357.15,14:30:00,12355.364058897549,3,64
2020-01-16,12358.3,12365.15,12356.05,12365.15,14:35:00,12355.643672335877,3,65
2020-01-16,12355.15,12362.35,12349.2,12358.5,14:40:00,12355.596655922936,3,66
2020-01-16,12354.5,12357.0,12352.15,12355.35,14:45:00,12355.492212501704,3,67
2020-01-16,12357.55,12361.65,12354.15,12354.7,14:50:00,12355.688192263446,3,68
2020-01-16,12352.3,12361.5,12350.15,12357.8,14:55:00,12355.365507285976,3,69
2020-01-16,12354.05,12357.5,12344.35,12352.65,15:00:00,12355.240220877786,3,70
2020-01-16,12355.7,12358.25,12349.85,12354.3,15:05:00,12355.284009365616,3,71
2020-01-16,12360.25,12360.5,12352.35,12355.5,15:10:00,12355.756960854604,3,72
2020-01-16,12354.25,12361.8,12352.3,12360.85,15:15:00,12355.613440773212,3,73
2020-01-16,12354.05,12355.65,12350.0,12355.45,15:20:00,12355.464541651956,3,74
2020-01-16,12354.05,12357.6,12351.6,12354.4,15:25:00,12355.329823399388,3,75
2020-01-17,12342.1,12349.65,12321.4,12333.15,09:15:00,12354.069840218492,4,1
2020-01-17,12351.6,12357.4,12337.85,12342.15,09:20:00,12353.834617340544,4,2
2020-01-17,12348.8,12353.3,12341.5,12352.35,09:25:00,12353.355129974778,4,3
2020-01-17,12336.7,12348.15,12330.75,12348.15,09:30:00,12351.768927120036,4,4
2020-01-17,12345.2,12346.8,12334.2,12336.95,09:35:00,12351.143315013367,4,5
2020-01-17,12351.1,12353.65,12339.5,12344.8,09:40:00,12351.139189773998,4,6
2020-01-17,12350.1,12357.75,12348.9,12351.25,09:45:00,12351.040219319331,4,7
2020-01-17,12349.05,12357.9,12349.05,12349.95,09:50:00,12350.850674622252,4,8
2020-01-17,12365.3,12366.8,12348.65,12349.6,09:55:00,12352.226800848704,4,9
2020-01-17,12371.6,12372.35,12365.4,12365.4,10:00:00,12354.071867434544,4,10
2020-01-17,12371.7,12382.3,12371.0,12371.4,10:05:00,12355.75073720268,4,11
2020-01-17,12377.65,12379.9,12372.1,12372.1,10:10:00,12357.836381278616,4,12
2020-01-17,12366.35,12378.85,12366.05,12377.85,10:15:00,12358.647202109223,4,13
2020-01-17,12371.1,12372.2,12362.5,12366.1,10:20:00,12359.833182860726,4,14
2020-01-17,12370.25,12374.15,12368.4,12371.2,10:25:00,12360.825260683514,4,15
2020-01-17,12376.5,12380.05,12369.8,12370.6,10:30:00,12362.31809299937,4,16
2020-01-17,12379.4,12380.45,12373.85,12376.9,10:35:00,12363.944941285145,4,17
2020-01-17,12378.05,12385.45,12378.05,12380.35,10:40:00,12365.288280210369,4,18
2020-01-17,12375.85,12382.5,12375.75,12378.2,10:45:00,12366.294158285573,4,19
2020-01-17,12375.65,12376.8,12373.35,12376.5,10:50:00,12367.185190829803,4,20
2020-01-17,12375.5,12377.05,12373.65,12375.75,10:55:00,12367.97707741744,4,21
2020-01-17,12378.7,12380.25,12375.05,12375.55,11:00:00,12368.99830813959,4,22
2020-01-17,12370.75,12378.75,12369.65,12378.65,11:05:00,12369.165135935818,4,23
2020-01-17,12368.35,12371.3,12368.05,12370.8,11:10:00,12369.08750394193,4,24
2020-01-17,12363.1,12369.0,12361.05,12368.6,11:15:00,12368.51726547127,4,25
2020-01-17,12358.4,12365.75,12358.05,12362.85,11:20:00,12367.553716378769,4,26
2020-01-17,12356.15,12363.05,12352.65,12358.7,11:25:00,12366.467648152218,4,27
2020-01-17,12354.25,12357.45,12352.0,12356.1,11:30:00,12365.304062613912,4,28
2020-01-17,12352.15,12354.95,12349.7,12354.5,11:35:00,12364.05129474592,4,29
2020-01-17,12346.8,12352.25,12343.05,12352.2,11:40:00,12362.408314293927,4,30
2020-01-17,12350.7,12352.35,12346.1,12346.7,11:45:00,12361.293236742124,4,31
2020-01-17,12352.6,12353.15,12346.5,12350.45,11:50:00,12360.465309433352,4,32
2020-01-17,12352.05,12355.4,12350.7,12352.2,11:55:00,12359.66385139208,4,33
2020-01-17,12344.5,12352.9,12344.45,12351.9,12:00:00,12358.219675069024,4,34
2020-01-17,12340.05,12345.6,12339.75,12344.3,12:05:00,12356.489229824356,4,35
2020-01-17,12345.95,12345.95,12336.6,12339.55,12:10:00,12355.485493650607,4,36
2020-01-17,12342.05,12346.7,12341.9,12345.65,12:15:00,12354.20592282674,4,37
2020-01-17,12349.3,12351.4,12341.7,12341.95,12:20:00,12353.738692081335,4,38
2020-01-17,12356.35,12359.3,12349.1,12349.1,12:25:00,12353.98738807359,4,39
2020-01-17,12360.15,12360.85,12354.9,12355.7,12:30:00,12354.574303495152,4,40
2020-01-17,12359.1,12362.1,12353.6,12360.45,12:35:00,12355.0053222099,4,41
2020-01-17,12359.15,12360.0,12356.7,12358.7,12:40:00,12355.400053428006,4,42
2020-01-17,12354.05,12358.65,12352.4,12358.65,12:45:00,12355.271476911052,4,43
2020-01-17,12348.55,12356.95,12344.35,12354.2,12:50:00,12354.631336252858,4,44
2020-01-17,12350.5,12352.0,12347.7,12348.35,12:55:00,12354.237875657347,4,45
2020-01-17,12365.65,12367.35,12350.3,12350.65,13:00:00,12355.324744642365,4,46
2020-01-17,12361.6,12366.45,12360.85,12365.7,13:05:00,12355.922388009756,4,47
2020-01-17,12363.95,12365.0,12361.35,12361.65,13:10:00,12356.686922485018,4,48
2020-01-17,12360.7,12365.65,12359.8,12363.7,13:15:00,12357.069120343587,4,49
2020-01-17,12359.05,12362.55,12356.1,12361.0,13:20:00,12357.25777554896,4,50
2020-01-17,12363.15,12363.15,12356.95,12359.15,13:25:00,12357.818939782392,4,51
2020-01-17,12361.05,12363.1,12358.2,12362.75,13:30:00,12358.126659803116,4,52
2020-01-17,12357.4,12363.35,12357.25,12361.3,13:35:00,12358.05745410758,4,53
2020-01-17,12359.15,12360.4,12355.25,12357.2,13:40:00,12358.161506097334,4,54
2020-01-17,12357.65,12363.25,12356.9,12359.2,13:45:00,12358.11279123092,4,55
2020-01-17,12359.25,12362.8,12357.7,12357.7,13:50:00,12358.221096827976,4,56
2020-01-17,12362.25,12363.55,12357.4,12358.85,13:55:00,12358.60480189198,4,57
2020-01-17,12359.6,12365.55,12359.05,12362.0,14:00:00,12358.699582664172,4,58
2020-01-17,12357.8,12360.75,12356.3,12359.45,14:05:00,12358.613908124727,4,59
2020-01-17,12361.9,12363.5,12357.55,12357.55,14:10:00,12358.926869255703,4,60
2020-01-17,12349.15,12364.55,12348.9,12361.0,14:15:00,12357.9957388504,4,61
2020-01-17,12350.0,12356.05,12345.8,12349.9,14:20:00,12357.234239912268,4,62
2020-01-17,12351.6,12354.25,12347.9,12350.05,14:25:00,12356.69764563491,4,63
2020-01-17,12357.6,12360.6,12349.4,12351.35,14:30:00,12356.78358414587,4,64
2020-01-17,12357.4,12357.85,12353.85,12357.3,14:35:00,12356.842290417691,4,65
2020-01-17,12356.7,12357.5,12352.65,12357.2,14:40:00,12356.82873894934,4,66
2020-01-17,12351.05,12358.55,12348.45,12356.9,14:45:00,12356.278382858924,4,67
2020-01-17,12353.5,12355.85,12351.15,12351.25,14:50:00,12356.0137749676,4,68
2020-01-17,12357.65,12360.7,12350.55,12352.95,14:55:00,12356.169605923064,4,69
2020-01-17,12357.4,12370.35,12356.25,12358.3,15:00:00,12356.286786311344,4,70
2020-01-17,12355.0,12361.35,12354.3,12357.65,15:05:00,12356.164235234071,4,71
2020-01-17,12350.7,12355.15,12345.75,12354.85,15:10:00,12355.643831878448,4,72
2020-01-17,12350.4,12353.1,12344.65,12351.65,15:15:00,12355.144419318596,4,73
2020-01-17,12353.0,12353.7,12347.4,12351.9,15:20:00,12354.9401889073,4,74
2020-01-17,12346.1,12355.65,12344.65,12353.05,15:25:00,12354.098266154226,4,75
2020-01-20,12399.4,12418.7,12370.9,12412.1,09:15:00,12364.776358461848,0,1
2020-01-20,12376.8,12400.15,12372.55,12400.15,09:20:00,12365.921467179767,0,2
2020-01-20,12372.35,12383.7,12364.6,12375.8,09:25:00,12366.53370840074,0,3
2020-01-20,12358.65,12376.35,12346.15,12371.9,09:30:00,12365.78287902924,0,4
2020-01-20,12350.45,12359.3,12340.3,12357.65,09:35:00,12364.32260483598,0,5
2020-01-20,12353.85,12358.85,12347.45,12350.5,09:40:00,12363.32521389922,0,6
2020-01-20,12333.15,12353.3,12332.65,12352.65,09:45:00,12360.451384004058,0,7
2020-01-20,12323.65,12336.05,12322.2,12332.5,09:50:00,12356.946490289383,0,8
2020-01-20,12327.3,12329.25,12319.15,12323.05,09:55:00,12354.12301502373,0,9
2020-01-20,12308.05,12327.5,12305.1,12327.5,10:00:00,12349.735108830995,0,10
2020-01-20,12311.95,12323.75,12307.7,12309.75,10:05:00,12346.136527037568,0,11
2020-01-20,12311.05,12314.2,12302.55,12311.65,10:10:00,12342.79495303399,0,12
2020-01-20,12314.4,12320.65,12311.25,12311.3,10:15:00,12340.090671792655,0,13
2020-01-20,12307.55,12316.85,12307.05,12314.55,10:20:00,12336.991560193355,0,14
2020-01-20,12307.35,12314.9,12305.75,12307.1,10:25:00,12334.168554460655,0,15
2020-01-20,12291.8,12308.5,12286.3,12306.35,10:30:00,12330.133454035831,0,16
2020-01-20,12285.3,12293.9,12282.95,12291.6,10:35:00,12325.863601270516,0,17
2020-01-20,12285.15,12286.6,12277.2,12285.85,10:40:00,12321.986115435227,0,18
2020-01-20,12301.0,12301.6,12282.05,12284.15,10:45:00,12319.98743777473,0,19
2020-01-20,12303.6,12309.65,12296.7,12300.15,10:50:00,12318.42672941523,0,20
2020-01-20,12307.75,12310.95,12304.05,12304.05,10:55:00,12317.409898042351,0,21
2020-01-20,12306.25,12311.3,12300.45,12307.7,11:00:00,12316.347050609746,0,22
2020-01-20,12295.9,12306.45,12295.45,12305.95,11:05:00,12314.399712456436,0,23
2020-01-20,12290.05,12297.35,12288.6,12295.25,11:10:00,12312.08069222249,0,24
2020-01-20,12293.4,12298.05,12287.65,12289.5,11:15:00,12310.30157867749,0,25
2020-01-20,12288.6,12296.85,12288.6,12292.85,11:20:00,12308.234761660588,0,26
2020-01-20,12287.35,12290.45,12285.35,12289.0,11:25:00,12306.245736740531,0,27
2020-01-20,12294.25,12295.2,12286.65,12288.0,11:30:00,12305.103285622385,0,28
2020-01-20,12295.1,12297.75,12292.9,12294.45,11:35:00,12304.150591753589,0,29
2020-01-20,12291.8,12296.85,12291.0,12294.95,11:40:00,12302.974344919912,0,30
2020-01-20,12294.5,12298.3,12292.05,12292.05,11:45:00,12302.16726445135,0,31
2020-01-20,12295.3,12296.7,12292.45,12294.65,11:50:00,12301.513239265509,0,32
2020-01-20,12297.3,12299.95,12294.3,12295.55,11:55:00,12301.111978383076,0,33
2020-01-20,12296.1,12301.1,12292.35,12297.7,12:00:00,12300.634647108498,0,34
2020-01-20,12292.9,12298.1,12292.0,12295.7,12:05:00,12299.898014050546,0,35
2020-01-20,12295.6,12299.7,12289.75,12292.85,12:10:00,12299.488679379068,0,36
2020-01-20,12298.5,12298.65,12294.25,12295.5,12:15:00,12299.394519438203,0,37
2020-01-20,12291.2,12299.05,12289.95,12298.7,12:20:00,12298.614089015518,0,38
2020-01-20,12296.1,12296.75,12290.6,12291.55,12:25:00,12298.37465196642,0,39
2020-01-20,12292.25,12297.85,12291.8,12296.45,12:30:00,12297.791351779142,0,40
2020-01-20,12286.15,12294.3,12286.15,12292.35,12:35:00,12296.6826516097,0,41
2020-01-20,12281.4,12287.6,12279.1,12286.2,12:40:00,12295.227160980205,0,42
2020-01-20,12275.4,12281.8,12273.55,12281.45,12:45:00,12293.33885993447,0,43
2020-01-20,12276.75,12278.7,12273.85,12275.35,12:50:00,12291.75896851214,0,44
2020-01-20,12265.35,12277.0,12261.0,12276.8,12:55:00,12289.243828653842,0,45
2020-01-20,12267.65,12268.35,12257.45,12264.75,13:00:00,12287.187273543952,0,46
2020-01-20,12264.45,12269.05,12262.3,12267.7,13:05:00,12285.021818920715,0,47
2020-01-20,12247.85,12266.45,12246.65,12264.0,13:10:00,12281.481645690174,0,48
2020-01-20,12254.9,12258.15,12246.0,12247.8,13:15:00,12278.950060386347,0,49
2020-01-20,12254.25,12255.3,12248.65,12254.75,13:20:00,12276.597673682883,0,50
2020-01-20,12264.5,12267.1,12253.85,12254.65,13:25:00,12275.445514284516,0,51
2020-01-20,12256.65,12266.7,12253.85,12264.6,13:30:00,12273.655465305035,0,52
2020-01-20,12257.95,12259.05,12250.5,12257.7,13:35:00,12272.159706704557,0,53
2020-01-20,12264.1,12265.05,12257.0,12258.1,13:40:00,12271.392115589835,0,54
2020-01-20,12259.35,12264.15,12255.55,12262.75,13:45:00,12270.245247438424,0,55
2020-01-20,12258.45,12265.8,12257.4,12259.9,13:50:00,12269.121890539524,0,56
2020-01-20,12257.15,12261.4,12250.65,12258.05,13:55:00,12267.981710488142,0,57
2020-01-20,12271.0,12273.55,12256.55,12257.3,14:00:00,12268.269166632128,0,58
2020-01-20,12267.6,12280.75,12266.85,12271.5,14:05:00,12268.205436476688,0,59
2020-01-20,12257.85,12271.75,12255.9,12268.1,14:10:00,12267.219204431289,0,60
2020-01-20,12253.55,12257.65,12249.55,12257.3,14:15:00,12265.917375437832,0,61
2020-01-20,12246.2,12254.25,12244.75,12254.05,14:20:00,12264.03953015804,0,62
2020-01-20,12237.9,12246.65,12233.75,12246.05,14:25:00,12261.550051095368,0,63
2020-01-20,12250.25,12250.25,12237.4,12237.95,14:30:00,12260.473855752953,0,64
2020-01-20,12251.25,12252.6,12242.8,12249.7,14:35:00,12259.59539330029,0,65
2020-01-20,12243.85,12251.65,12243.15,12250.75,14:40:00,12258.095832033596,0,66
2020-01-20,12232.7,12243.05,12230.7,12243.05,14:45:00,12255.67718136373,0,67
2020-01-20,12237.3,12239.15,12229.4,12231.7,14:50:00,12253.926973614804,0,68
2020-01-20,12234.0,12242.25,12234.0,12236.8,14:55:00,12252.02916660387,0,69
2020-01-20,12240.1,12246.0,12225.55,12234.5,15:00:00,12250.89305549874,0,70
2020-01-20,12223.95,12240.8,12223.0,12240.8,15:05:00,12248.327050213144,0,71
2020-01-20,12223.65,12226.85,12217.0,12224.7,15:10:00,12245.97685495475,0,72
2020-01-20,12228.6,12228.6,12220.3,12223.25,15:15:00,12244.321916387633,0,73
2020-01-20,12226.15,12230.7,12216.9,12229.2,15:20:00,12242.591257684047,0,74
2020-01-20,12230.75,12233.25,12225.65,12225.65,15:25:00,12241.463518856996,0,75
2020-01-21,12187.0,12187.2,12162.45,12184.35,09:15:00,12236.276517061093,1,1
2020-01-21,12192.35,12202.05,12178.4,12187.05,09:20:00,12232.093039245749,1,2
2020-01-21,12209.65,12209.65,12189.8,12192.4,09:25:00,12229.95560693663,1,3
2020-01-21,12199.5,12218.55,12199.5,12209.1,09:30:00,12227.055072942663,1,4
2020-01-21,12202.5,12207.85,12194.65,12198.85,09:35:00,12224.716494567172,1,5
2020-01-21,12219.7,12222.05,12201.2,12202.1,09:40:00,12224.238733179822,1,6
2020-01-21,12214.1,12223.2,12208.6,12219.2,09:45:00,12223.273139543648,1,7
2020-01-21,12219.2,12221.6,12210.05,12213.1,09:50:00,12222.885221491872,1,8
2020-01-21,12221.65,12230.05,12218.95,12219.15,09:55:00,12222.76758134979,1,9
2020-01-21,12216.6,12221.35,12212.05,12220.65,10:00:00,12222.18019264981,1,10
2020-01-21,12216.3,12222.75,12215.6,12216.55,10:05:00,12221.62017430221,1,11
2020-01-21,12205.6,12216.45,12202.65,12216.45,10:10:00,12220.094443416285,1,12
2020-01-21,12192.75,12205.55,12189.6,12205.1,10:15:00,12217.490210709972,1,13
2020-01-21,12200.75,12204.2,12190.7,12192.7,10:20:00,12215.895904928071,1,14
2020-01-21,12192.8,12203.55,12191.3,12200.95,10:25:00,12213.696294934922,1,15
2020-01-21,12187.6,12194.05,12187.5,12191.75,10:30:00,12211.210933512548,1,16
2020-01-21,12185.1,12189.55,12177.85,12187.1,10:35:00,12208.724177939925,1,17
2020-01-21,12186.15,12189.75,12183.85,12184.85,10:40:00,12206.57425623136,1,18
2020-01-21,12180.75,12190.3,12180.55,12185.75,10:45:00,12204.114803256947,1,19
2020-01-21,12172.75,12181.75,12168.2,12180.45,10:50:00,12201.127679137237,1,20
2020-01-21,12179.2,12179.8,12170.6,12172.9,10:55:00,12199.039328743213,1,21
2020-01-21,12175.75,12180.7,12174.2,12178.35,11:00:00,12196.821297434337,1,22
2020-01-21,12174.95,12177.5,12171.7,12175.4,11:05:00,12194.738316726303,1,23
2020-01-21,12189.1,12189.6,12174.25,12174.7,11:10:00,12194.201334180942,1,24
2020-01-21,12184.85,12190.8,12184.6,12189.25,11:15:00,12193.310730925614,1,25
2020-01-21,12180.1,12185.0,12176.05,12184.6,11:20:00,12192.052566075556,1,26
2020-01-21,12180.8,12181.1,12176.2,12180.4,11:25:00,12190.98089311598,1,27
2020-01-21,12186.3,12186.9,12178.05,12180.45,11:30:00,12190.5350937716,1,28
2020-01-21,12183.25,12189.05,12183.25,12186.65,11:35:00,12189.84127531716,1,29
2020-01-21,12196.45,12198.85,12180.55,12183.05,11:40:00,12190.470677667909,1,30
2020-01-21,12194.9,12196.35,12192.8,12195.45,11:45:00,12190.892517890012,1,31
2020-01-21,12194.4,12200.45,12193.2,12195.05,11:50:00,12191.226563805249,1,32
2020-01-21,12197.55,12198.3,12192.9,12193.4,11:55:00,12191.828795823796,1,33
2020-01-21,12202.5,12204.5,12195.2,12196.95,12:00:00,12192.845100983435,1,34
2020-01-21,12209.05,12210.0,12202.5,12202.6,12:05:00,12194.388424699298,1,35
2020-01-21,12199.5,12209.0,12198.55,12208.65,12:10:00,12194.875241394604,1,36
2020-01-21,12191.6,12199.65,12189.15,12199.05,12:15:00,12194.563313642737,1,37
2020-01-21,12191.4,12197.45,12190.95,12191.55,12:20:00,12194.262045676762,1,38
2020-01-21,12194.8,12195.55,12189.95,12191.25,12:25:00,12194.31327942183,1,39
2020-01-21,12187.05,12195.3,12186.15,12193.95,12:30:00,12193.621538524512,1,40
2020-01-21,12185.15,12188.45,12183.6,12186.25,12:35:00,12192.814725331702,1,41
2020-01-21,12181.95,12185.95,12180.55,12185.55,12:40:00,12191.779989585826,1,42
2020-01-21,12187.1,12189.05,12180.6,12181.45,12:45:00,12191.334276291936,1,43
2020-01-21,12184.3,12188.7,12184.1,12186.6,12:50:00,12190.664345216514,1,44
2020-01-21,12189.3,12189.9,12181.55,12183.95,12:55:00,12190.534407576846,1,45
2020-01-21,12194.95,12197.55,12189.55,12190.3,13:00:00,12190.954940188574,1,46
2020-01-21,12194.25,12199.5,12191.95,12194.55,13:05:00,12191.26875540871,1,47
2020-01-21,12197.75,12201.95,12193.4,12194.15,13:10:00,12191.886016798357,1,48
2020-01-21,12197.3,12199.0,12195.25,12198.9,13:15:00,12192.401634246133,1,49
2020-01-21,12188.25,12197.35,12186.35,12197.05,13:20:00,12192.006240508405,1,50
2020-01-21,12192.95,12194.0,12186.0,12187.7,13:25:00,12192.096122364746,1,51
2020-01-21,12188.8,12194.2,12181.6,12191.85,13:30:00,12191.782205949055,1,52
2020-01-21,12188.05,12191.1,12187.4,12188.7,13:35:00,12191.426757763433,1,53
2020-01-21,12182.2,12186.75,12179.75,12186.75,13:40:00,12190.54801892882,1,54
2020-01-21,12182.15,12184.55,12176.3,12181.35,13:45:00,12189.748207602268,1,55
2020-01-21,12185.15,12187.4,12181.3,12181.9,13:50:00,12189.310283068718,1,56
2020-01-21,12190.55,12193.5,12179.1,12184.8,13:55:00,12189.428351347888,1,57
2020-01-21,12181.55,12191.0,12179.0,12189.65,14:00:00,12188.678032171898,1,58
2020-01-21,12180.8,12182.0,12176.1,12181.45,14:05:00,12187.927743393622,1,59
2020-01-21,12182.05,12186.8,12178.15,12180.55,14:10:00,12187.367958308514,1,60
2020-01-21,12182.85,12188.55,12181.75,12182.0,14:15:00,12186.937676564849,1,61
2020-01-21,12166.25,12183.45,12162.3,12183.2,14:20:00,12184.96742165391,1,62
2020-01-21,12178.1,12178.1,12165.05,12165.75,14:25:00,12184.313381496397,1,63
2020-01-21,12186.2,12188.05,12174.5,12175.9,14:30:00,12184.49305944912,1,64
2020-01-21,12196.65,12200.0,12182.65,12185.1,14:35:00,12185.65086331111,1,65
2020-01-21,12190.65,12200.45,12188.6,12197.25,14:40:00,12186.126971567195,1,66
2020-01-21,12190.65,12194.55,12187.1,12190.5,14:45:00,12186.557736179842,1,67
2020-01-21,12195.8,12197.55,12189.8,12190.2,14:50:00,12187.437951781762,1,68
2020-01-21,12190.45,12200.65,12188.05,12195.45,14:55:00,12187.724813516832,1,69
2020-01-21,12176.15,12190.4,12175.65,12190.4,15:00:00,12186.622450324752,1,70
2020-01-21,12170.95,12179.85,12170.95,12175.9,15:05:00,12185.12983600811,1,71
2020-01-21,12167.7,12172.9,12164.05,12170.6,15:10:00,12183.469851626383,1,72
2020-01-21,12169.05,12169.7,12164.05,12167.75,15:15:00,12182.096532423871,1,73
2020-01-21,12164.6,12173.65,12164.4,12168.55,15:20:00,12180.430196002551,1,74
2020-01-21,12169.65,12170.25,12162.75,12164.25,15:25:00,12179.403510668975,1,75
2020-01-22,12209.85,12225.05,12203.75,12212.05,09:15:00,12182.30317631955,2,1
2020-01-22,12212.1,12220.95,12205.45,12210.0,09:20:00,12185.140969051025,2,2
2020-01-22,12200.85,12213.7,12194.35,12211.8,09:25:00,12186.63706723664,2,3
2020-01-22,12196.8,12206.75,12192.95,12200.5,09:30:00,12187.604965595056,2,4
2020-01-22,12200.25,12206.25,12195.95,12197.15,09:35:00,12188.809254586002,2,5
2020-01-22,12192.05,12201.6,12188.9,12200.7,09:40:00,12189.117897006385,2,6
2020-01-22,12192.45,12197.75,12186.75,12192.2,09:45:00,12189.435240148632,2,7
2020-01-22,12182.65,12193.6,12182.55,12192.65,09:50:00,12188.789026801143,2,8
2020-01-22,12186.9,12187.7,12179.9,12182.4,09:55:00,12188.609119486748,2,9
2020-01-22,12186.5,12187.4,12180.7,12187.25,10:00:00,12188.4082509642,2,10
2020-01-22,12179.85,12188.55,12179.85,12185.55,10:05:00,12187.593179443802,2,11
2020-01-22,12170.75,12182.55,12170.75,12180.2,10:10:00,12185.98906711582,2,12
2020-01-22,12167.35,12175.25,12166.2,12171.6,10:15:00,12184.213917866697,2,13
2020-01-22,12136.3,12166.95,12136.25,12166.7,10:20:00,12179.650687593678,2,14
2020-01-22,12134.7,12138.35,12125.7,12135.8,10:25:00,12175.369669727614,2,15
2020-01-22,12133.7,12134.7,12125.5,12133.25,10:30:00,12171.401129753556,2,16
2020-01-22,12137.15,12145.35,12131.55,12134.0,10:35:00,12168.139117396076,2,17
2020-01-22,12144.8,12147.35,12135.5,12136.5,10:40:00,12165.916344310734,2,18
2020-01-22,12147.05,12150.9,12143.25,12144.85,10:45:00,12164.119549614474,2,19
2020-01-22,12150.5,12152.95,12146.4,12147.35,10:50:00,12162.82244965119,2,20
2020-01-22,12144.7,12154.0,12144.45,12150.35,10:55:00,12161.096502065362,2,21
2020-01-22,12144.65,12148.65,12144.45,12144.55,11:00:00,12159.530168535328,2,22
2020-01-22,12137.05,12146.25,12137.0,12144.9,11:05:00,12157.389200103393,2,23
2020-01-22,12133.55,12139.75,12133.2,12136.7,11:10:00,12155.118800093544,2,24
2020-01-22,12133.4,12134.4,12128.7,12133.05,11:15:00,12153.050342941777,2,25
2020-01-22,12131.2,12135.9,12131.2,12133.45,11:20:00,12150.969357899705,2,26
2020-01-22,12136.6,12137.75,12130.4,12131.8,11:25:00,12149.60084762354,2,27
2020-01-22,12135.55,12141.55,12135.55,12137.1,11:30:00,12148.262671659391,2,28
2020-01-22,12137.3,12138.1,12133.85,12135.65,11:35:00,12147.218607691831,2,29
2020-01-22,12132.1,12137.95,12131.1,12137.4,11:40:00,12145.778740292608,2,30
2020-01-22,12123.95,12135.45,12123.95,12132.95,11:45:00,12143.699812645693,2,31
2020-01-22,12124.45,12128.95,12121.25,12124.1,11:50:00,12141.866497155628,2,32
2020-01-22,12131.75,12132.85,12123.55,12124.8,11:55:00,12140.903021236045,2,33
2020-01-22,12132.25,12134.15,12128.1,12131.55,12:00:00,12140.07892397547,2,34
2020-01-22,12128.1,12134.15,12128.05,12132.5,12:05:00,12138.938074073045,2,35
2020-01-22,12120.25,12129.3,12119.15,12128.4,12:10:00,12137.15825749466,2,36
2020-01-22,12124.75,12127.65,12119.95,12119.95,12:15:00,12135.976518685644,2,37
2020-01-22,12130.1,12132.75,12124.75,12124.9,12:20:00,12135.416850239391,2,38
2020-01-22,12138.2,12139.85,12130.15,12130.75,12:25:00,12135.681912121354,2,39
2020-01-22,12133.1,12138.8,12130.7,12138.8,12:30:00,12135.436015728845,2,40
2020-01-22,12131.95,12135.2,12129.45,12133.6,12:35:00,12135.104014230858,2,41
2020-01-22,12133.8,12137.0,12131.55,12131.75,12:40:00,12134.979822399348,2,42
2020-01-22,12130.95,12134.55,12129.3,12134.55,12:45:00,12134.596029789887,2,43
2020-01-22,12131.95,12134.55,12129.55,12130.85,12:50:00,12134.344026952756,2,44
2020-01-22,12137.45,12141.5,12129.75,12132.5,12:55:00,12134.639833909636,2,45
2020-01-22,12141.45,12143.5,12137.5,12138.3,13:00:00,12135.288421156338,2,46
2020-01-22,12137.4,12141.9,12135.8,12140.85,13:05:00,12135.489523903354,2,47
2020-01-22,12135.2,12138.65,12133.25,12137.65,13:10:00,12135.461950198272,2,48
2020-01-22,12132.6,12141.2,12131.9,12135.9,13:15:00,12135.189383512725,2,49
2020-01-22,12127.6,12135.0,12127.25,12132.8,13:20:00,12134.46658508294,2,50
2020-01-22,12128.8,12134.55,12128.1,12128.1,13:25:00,12133.926910313136,2,51
2020-01-22,12128.75,12130.85,12124.0,12129.65,13:30:00,12133.433871235697,2,52
2020-01-22,12131.8,12138.1,12126.1,12129.35,13:35:00,12133.278264451345,2,53
2020-01-22,12129.1,12134.85,12128.05,12132.1,13:40:00,12132.880334503598,2,54
2020-01-22,12122.6,12133.4,12119.55,12129.75,13:45:00,12131.901255027064,2,55
2020-01-22,12124.75,12129.7,12121.8,12121.85,13:50:00,12131.220183119724,2,56
2020-01-22,12128.0,12130.95,12122.9,12124.5,13:55:00,12130.913499013084,2,57
2020-01-22,12114.85,12129.4,12112.5,12128.7,14:00:00,12129.38364196422,2,58
2020-01-22,12098.2,12117.55,12095.6,12115.15,14:05:00,12126.41377130096,2,59
2020-01-22,12107.75,12109.85,12098.9,12101.0,14:10:00,12124.636269272298,2,60
2020-01-22,12107.0,12108.75,12100.95,12108.75,14:15:00,12122.956624579698,2,61
2020-01-22,12097.4,12107.1,12087.9,12106.55,14:20:00,12120.522660334012,2,62
2020-01-22,12096.15,12102.85,12094.8,12097.3,14:25:00,12118.201454587916,2,63
2020-01-22,12102.9,12106.0,12095.75,12095.9,14:30:00,12116.74417319859,2,64
2020-01-22,12101.25,12109.1,12099.15,12102.65,14:35:00,12115.268537655866,2,65
2020-01-22,12102.35,12103.55,12099.6,12101.75,14:40:00,12114.03820073626,2,66
2020-01-22,12122.8,12123.7,12100.9,12103.1,14:45:00,12114.872657808995,2,67
2020-01-22,12110.05,12123.6,12108.2,12121.7,14:50:00,12114.413357065285,2,68
2020-01-22,12111.95,12113.3,12106.5,12109.75,14:55:00,12114.178751630494,2,69
2020-01-22,12114.55,12116.8,12110.25,12113.35,15:00:00,12114.214108618064,2,70
2020-01-22,12112.1,12120.45,12110.9,12114.65,15:05:00,12114.012764940157,2,71
2020-01-22,12107.2,12112.65,12104.2,12112.65,15:10:00,12113.36393018395,2,72
2020-01-22,12099.0,12108.2,12097.85,12107.35,15:15:00,12111.995936833098,2,73
2020-01-22,12103.0,12104.95,12097.3,12099.75,15:20:00,12111.139180944232,2,74
2020-01-22,12108.15,12113.3,12102.8,12103.3,15:25:00,12110.85449704478,2,75
2020-01-23,12117.2,12131.2,12094.1,12121.6,09:15:00,12111.458830659563,3,1
2020-01-23,12141.6,12144.95,12111.15,12115.2,09:20:00,12114.329418215795,3,2
2020-01-23,12138.55,12144.3,12130.15,12142.05,09:25:00,12116.63614029048,3,3
2020-01-23,12146.55,12147.45,12134.3,12139.1,09:30:00,12119.485079310434,3,4
2020-01-23,12169.75,12176.2,12146.3,12146.45,09:35:00,12124.272214614202,3,5
2020-01-23,12164.15,12179.05,12161.85,12169.6,09:40:00,12128.07009893666,3,6
2020-01-23,12156.2,12172.2,12155.95,12164.5,09:45:00,12130.749137133167,3,7
2020-01-23,12168.1,12168.25,12156.45,12156.45,09:50:00,12134.306362168105,3,8
2020-01-23,12165.85,12169.55,12163.75,12168.15,09:55:00,12137.310518152097,3,9
2020-01-23,12162.4,12167.0,12160.15,12165.9,10:00:00,12139.6999926138,3,10
2020-01-23,12166.15,12166.15,12162.25,12162.9,10:05:00,12142.219040936296,3,11
2020-01-23,12158.5,12166.9,12157.55,12165.75,10:10:00,12143.769608466171,3,12
2020-01-23,12163.3,12164.55,12156.95,12158.85,10:15:00,12145.629645755109,3,13
2020-01-23,12154.5,12163.4,12153.95,12163.4,10:20:00,12146.47444139748,3,14
2020-01-23,12150.65,12156.5,12147.25,12154.65,10:25:00,12146.87211364534,3,15
2020-01-23,12144.15,12153.25,12143.3,12150.35,10:30:00,12146.612864726738,3,16
2020-01-23,12142.5,12149.65,12141.6,12143.55,10:35:00,12146.221163324191,3,17
2020-01-23,12144.15,12145.25,12137.35,12142.6,10:40:00,12146.02390967427,3,18
2020-01-23,12136.4,12144.3,12131.95,12144.25,10:45:00,12145.10734684815,3,19
2020-01-23,12132.9,12140.75,12132.6,12136.8,10:50:00,12143.944742386422,3,20
2020-01-23,12134.95,12135.85,12131.9,12132.4,10:55:00,12143.088100254385,3,21
2020-01-23,12128.1,12135.5,12125.6,12135.05,11:00:00,12141.660662134916,3,22
2020-01-23,12119.8,12128.6,12116.7,12128.2,11:05:00,12139.578694312544,3,23
2020-01-23,12115.8,12120.75,12114.05,12119.55,11:10:00,12137.314056758967,3,24
2020-01-23,12121.85,12122.55,12109.6,12116.55,11:15:00,12135.841289448592,3,25
2020-01-23,12127.85,12128.1,12119.8,12121.55,11:20:00,12135.080214263013,3,26
2020-01-23,12122.7,12128.95,12122.35,12127.8,11:25:00,12133.901146237962,3,27
2020-01-23,12124.0,12128.55,12121.75,12121.75,11:30:00,12132.958179929585,3,28
2020-01-23,12136.6,12137.85,12124.35,12124.35,11:35:00,12133.305019936292,3,29
2020-01-23,12133.7,12140.0,12132.7,12136.7,11:40:00,12133.342637085218,3,30
2020-01-23,12135.75,12136.9,12131.65,12133.75,11:45:00,12133.571909743769,3,31
2020-01-23,12137.5,12137.9,12135.3,12136.0,11:50:00,12133.946013577695,3,32
2020-01-23,12132.35,12139.4,12131.65,12137.75,11:55:00,12133.794012284585,3,33
2020-01-23,12130.1,12134.1,12127.85,12132.45,12:00:00,12133.442201590811,3,34
2020-01-23,12127.8,12132.4,12126.6,12129.75,12:05:00,12132.904849058354,3,35
2020-01-23,12139.15,12139.3,12127.3,12127.9,12:10:00,12133.49962533851,3,36
2020-01-23,12153.35,12155.0,12139.65,12139.65,12:15:00,12135.390137211034,3,37
2020-01-23,12146.45,12154.35,12145.65,12153.7,12:20:00,12136.44345747665,3,38
2020-01-23,12146.5,12148.4,12143.65,12146.3,12:25:00,12137.401223431254,3,39
2020-01-23,12159.2,12160.05,12145.2,12146.15,12:30:00,12139.477297390182,3,40
2020-01-23,12163.55,12169.05,12159.45,12159.65,12:35:00,12141.769935733972,3,41
2020-01-23,12161.15,12167.4,12159.4,12163.15,12:40:00,12143.615656140262,3,42
2020-01-23,12159.15,12166.1,12158.6,12161.85,12:45:00,12145.095117460238,3,43
2020-01-23,12156.4,12159.9,12154.55,12158.55,12:50:00,12146.171772940215,3,44
2020-01-23,12163.9,12165.6,12156.25,12156.8,12:55:00,12147.86017551734,3,45
2020-01-23,12166.4,12169.95,12163.75,12164.95,13:00:00,12149.625873087116,3,46
2020-01-23,12177.5,12179.35,12164.75,12166.95,13:05:00,12152.280551840724,3,47
2020-01-23,12180.05,12181.9,12175.8,12178.4,13:10:00,12154.925261189226,3,48
2020-01-23,12177.5,12187.1,12177.5,12181.05,13:15:00,12157.075236314062,3,49
2020-01-23,12173.4,12179.05,12168.5,12177.35,13:20:00,12158.629975712724,3,50
2020-01-23,12173.65,12177.25,12172.0,12173.65,13:25:00,12160.060454216273,3,51
2020-01-23,12168.25,12174.7,12166.35,12174.7,13:30:00,12160.84041095758,3,52
2020-01-23,12169.35,12174.25,12167.95,12168.4,13:35:00,12161.65084800924,3,53
2020-01-23,12167.55,12172.4,12167.25,12169.65,13:40:00,12162.212672008362,3,54
2020-01-23,12168.05,12169.4,12164.05,12169.0,13:45:00,12162.768608007564,3,55
2020-01-23,12169.6,12171.35,12166.85,12167.9,13:50:00,12163.419216768749,3,56
2020-01-23,12162.85,12171.5,12161.8,12170.05,13:55:00,12163.365005647916,3,57
2020-01-23,12166.1,12166.5,12162.5,12163.75,14:00:00,12163.625481300494,3,58
2020-01-23,12168.5,12173.0,12165.95,12165.95,14:05:00,12164.089721176637,3,59
2020-01-23,12165.75,12169.15,12163.05,12168.75,14:10:00,12164.247842969338,3,60
2020-01-23,12170.85,12171.2,12164.0,12166.0,14:15:00,12164.876619829402,3,61
2020-01-23,12169.95,12176.25,12169.45,12170.75,14:20:00,12165.359798893269,3,62
2020-01-23,12170.8,12172.3,12167.4,12170.4,14:25:00,12165.877913284385,3,63
2020-01-23,12167.55,12170.85,12162.55,12170.65,14:30:00,12166.037159638254,3,64
2020-01-23,12171.95,12172.7,12165.4,12167.85,14:35:00,12166.600287291754,3,65
2020-01-23,12164.9,12172.8,12164.1,12171.8,14:40:00,12166.438355168732,3,66
2020-01-23,12166.45,12167.5,12160.55,12165.25,14:45:00,12166.43946420028,3,67
2020-01-23,12165.0,12169.95,12163.45,12166.2,14:50:00,12166.302372371683,3,68
2020-01-23,12167.0,12169.0,12160.8,12165.35,14:55:00,12166.36881309819,3,69
2020-01-23,12182.4,12182.65,12167.6,12167.6,15:00:00,12167.895592803125,3,70
2020-01-23,12186.0,12188.6,12182.35,12182.7,15:05:00,12169.619822059967,3,71
2020-01-23,12180.75,12189.0,12180.75,12186.3,15:10:00,12170.67983900664,3,72
2020-01-23,12176.9,12183.1,12175.75,12181.45,15:15:00,12171.272235291724,3,73
2020-01-23,12177.25,12179.6,12172.5,12177.2,15:20:00,12171.84154621632,3,74
2020-01-23,12179.9,12180.5,12175.5,12177.55,15:25:00,12172.609018005243,3,75
2020-01-24,12162.2,12194.95,12161.1,12182.95,09:15:00,12171.617682957129,4,1
2020-01-24,12158.95,12164.85,12149.65,12162.75,09:20:00,12170.41123696121,4,2
2020-01-24,12178.65,12179.0,12154.8,12158.55,09:25:00,12171.195881060145,4,3
2020-01-24,12191.4,12197.1,12178.65,12178.95,09:30:00,12173.12008286394,4,4
2020-01-24,12201.4,12205.25,12191.9,12192.3,09:35:00,12175.813408305468,4,5
2020-01-24,12217.3,12220.85,12200.8,12200.9,09:40:00,12179.764512276375,4,6
2020-01-24,12211.55,12219.95,12208.9,12217.7,09:45:00,12182.791701583386,4,7
2020-01-24,12205.7,12212.2,12200.9,12211.7,09:50:00,12184.973444289732,4,8
2020-01-24,12215.9,12217.3,12205.5,12205.85,09:55:00,12187.918830547853,4,9
2020-01-24,12212.25,12215.9,12210.8,12215.7,10:00:00,12190.23608478139,4,10
2020-01-24,12224.55,12224.55,12209.05,12211.95,10:05:00,12193.504076706971,4,11
2020-01-24,12229.6,12234.55,12223.75,12223.75,10:10:00,12196.941783687262,4,12
2020-01-24,12238.95,12243.4,12229.85,12230.1,10:15:00,12200.942566193236,4,13
2020-01-24,12235.2,12246.35,12232.15,12238.1,10:20:00,12204.205178936738,4,14
2020-01-24,12233.9,12236.0,12230.9,12235.85,10:25:00,12207.033257133238,4,15
2020-01-24,12241.15,12243.9,12234.1,12234.1,10:30:00,12210.282470739596,4,16
2020-01-24,12237.75,12241.2,12231.85,12241.1,10:35:00,12212.898425907251,4,17
2020-01-24,12238.9,12240.8,12236.05,12237.6,10:40:00,12215.374766297038,4,18
2020-01-24,12232.5,12239.25,12231.35,12238.95,10:45:00,12217.005740935416,4,19
2020-01-24,12228.75,12234.25,12227.45,12233.05,10:50:00,12218.124241798709,4,20
2020-01-24,12227.6,12230.05,12225.2,12229.15,10:55:00,12219.026694960736,4,21
2020-01-24,12232.95,12238.5,12227.05,12227.3,11:00:00,12220.352724012091,4,22
2020-01-24,12230.85,12235.3,12229.0,12232.65,11:05:00,12221.35246458237,4,23
2020-01-24,12229.35,12231.15,12227.75,12231.15,11:10:00,12222.114134622148,4,24
2020-01-24,12229.35,12232.25,12226.75,12229.3,11:15:00,12222.803264658134,4,25
2020-01-24,12222.6,12229.65,12220.95,12229.4,11:20:00,12222.783906119264,4,26
2020-01-24,12225.3,12229.0,12221.9,12222.5,11:25:00,12223.023534107906,4,27
2020-01-24,12222.55,12225.4,12216.1,12225.1,11:30:00,12222.97843562144,4,28
2020-01-24,12221.95,12225.8,12221.3,12222.5,11:35:00,12222.88048937178,4,29
2020-01-24,12229.75,12230.05,12221.8,12222.7,11:40:00,12223.534728479228,4,30
2020-01-24,12231.6,12234.2,12228.95,12229.45,11:45:00,12224.302849576445,4,31
2020-01-24,12226.65,12231.45,12226.6,12231.35,11:50:00,12224.52638771202,4,32
2020-01-24,12222.1,12231.1,12222.1,12226.5,11:55:00,12224.295303168015,4,33
2020-01-24,12223.75,12225.2,12220.05,12222.2,12:00:00,12224.243369532967,4,34
2020-01-24,12225.35,12227.4,12223.4,12223.6,12:05:00,12224.34876291078,4,35
2020-01-24,12224.75,12228.55,12223.6,12225.55,12:10:00,12224.386975966896,4,36
2020-01-24,12220.95,12225.05,12220.6,12224.4,12:15:00,12224.059644922429,4,37
2020-01-24,12225.25,12226.15,12216.8,12221.1,12:20:00,12224.173012072675,4,38
2020-01-24,12231.0,12231.55,12225.4,12225.5,12:25:00,12224.823201399087,4,39
2020-01-24,12233.05,12235.5,12231.1,12231.65,12:30:00,12225.606706027746,4,40
2020-01-24,12230.7,12233.6,12229.9,12232.7,12:35:00,12226.09178164415,4,41
2020-01-24,12230.8,12234.3,12229.8,12230.75,12:40:00,12226.540183392328,4,42
2020-01-24,12227.7,12232.45,12226.2,12231.3,12:45:00,12226.650642116869,4,43
2020-01-24,12225.7,12229.7,12224.85,12227.75,12:50:00,12226.560104772405,4,44
2020-01-24,12229.15,12232.0,12225.7,12225.8,12:55:00,12226.806761460744,4,45
2020-01-24,12231.55,12232.35,12227.5,12229.8,13:00:00,12227.258498464482,4,46
2020-01-24,12238.55,12243.15,12230.85,12231.2,13:05:00,12228.333879563104,4,47
2020-01-24,12242.2,12243.95,12238.3,12238.3,13:10:00,12229.654462461856,4,48
2020-01-24,12242.5,12244.8,12240.4,12243.05,13:15:00,12230.8778469893,4,49
2020-01-24,12239.95,12242.95,12238.45,12241.95,13:20:00,12231.741861561746,4,50
2020-01-24,12240.1,12243.7,12238.6,12239.6,13:25:00,12232.537874746342,4,51
2020-01-24,12247.5,12248.8,12240.35,12241.0,13:30:00,12233.962839056214,4,52
2020-01-24,12253.15,12255.8,12246.0,12247.65,13:35:00,12235.790187717528,4,53
2020-01-24,12249.0,12254.05,12248.25,12253.4,13:40:00,12237.048265077765,4,54
2020-01-24,12248.1,12252.9,12247.3,12250.1,13:45:00,12238.100811260834,4,55
2020-01-24,12251.05,12252.9,12246.35,12248.3,13:50:00,12239.33406733123,4,56
2020-01-24,12254.6,12256.35,12251.35,12251.35,13:55:00,12240.787965680638,4,57
2020-01-24,12258.55,12264.75,12255.35,12255.35,14:00:00,12242.479587996768,4,58
2020-01-24,12258.75,12262.55,12256.7,12259.9,14:05:00,12244.029151044697,4,59
2020-01-24,12262.0,12263.55,12258.5,12258.8,14:10:00,12245.740660469011,4,60
2020-01-24,12263.4,12266.4,12259.45,12262.9,14:15:00,12247.422502329104,4,61
2020-01-24,12263.05,12265.6,12261.0,12263.95,14:20:00,12248.910835440618,4,62
2020-01-24,12261.15,12272.15,12260.35,12263.75,14:25:00,12250.07647016056,4,63
2020-01-24,12253.0,12262.0,12252.3,12261.0,14:30:00,12250.35490157384,4,64
2020-01-24,12263.25,12264.3,12250.3,12253.3,14:35:00,12251.583006185856,4,65
2020-01-24,12261.9,12265.7,12258.75,12263.15,14:40:00,12252.565577025298,4,66
2020-01-24,12267.25,12268.2,12257.3,12262.7,14:45:00,12253.964093499078,4,67
2020-01-24,12262.45,12268.4,12260.5,12267.45,14:50:00,12254.772275070594,4,68
2020-01-24,12259.65,12264.9,12259.65,12262.65,14:55:00,12255.236820301969,4,69
2020-01-24,12249.8,12261.25,12247.4,12260.8,15:00:00,12254.719027892255,4,70
2020-01-24,12244.9,12253.1,12244.85,12249.6,15:05:00,12253.783882378706,4,71
2020-01-24,12247.6,12251.55,12243.4,12245.5,15:10:00,12253.19494119978,4,72
2020-01-24,12247.9,12253.6,12245.55,12247.2,15:15:00,12252.690661085517,4,73
2020-01-24,12247.05,12254.25,12247.05,12247.45,15:20:00,12252.153455267848,4,74
2020-01-24,12253.45,12255.3,12244.45,12247.2,15:25:00,12252.27693571853,4,75
2020-01-27,12179.85,12199.85,12170.45,12190.3,09:15:00,12245.379132316766,0,1
2020-01-27,12159.95,12179.75,12154.6,12179.6,09:20:00,12237.243024477077,0,2
2020-01-27,12178.15,12180.0,12156.55,12158.95,09:25:00,12231.61511738402,0,3
2020-01-27,12173.5,12177.75,12167.0,12177.75,09:30:00,12226.080344299826,0,4
2020-01-27,12187.3,12200.2,12172.0,12172.7,09:35:00,12222.386978176031,0,5
2020-01-27,12196.8,12202.6,12185.9,12187.0,09:40:00,12219.95012311165,0,6
2020-01-27,12188.85,12202.25,12184.5,12197.65,09:45:00,12216.988206624826,0,7
2020-01-27,12180.95,12194.55,12180.4,12189.5,09:50:00,12213.555996470082,0,8
2020-01-27,12188.0,12189.7,12177.35,12181.3,09:55:00,12211.12209204436,0,9
2020-01-27,12201.25,12202.2,12184.05,12187.9,10:00:00,12210.181892802038,0,10
2020-01-27,12212.55,12212.55,12197.55,12200.9,10:05:00,12210.407426820891,0,11
2020-01-27,12202.45,12213.4,12201.15,12211.85,10:10:00,12209.649576647473,0,12
2020-01-27,12205.75,12211.8,12201.35,12202.35,10:15:00,12209.278188395334,0,13
2020-01-27,12216.2,12216.6,12205.5,12206.6,10:20:00,12209.93740854816,0,14
2020-01-27,12213.0,12216.05,12207.95,12215.8,10:25:00,12210.229083924523,0,15
2020-01-27,12209.9,12215.45,12206.45,12212.3,10:30:00,12210.19774259838,0,16
2020-01-27,12202.9,12210.55,12197.95,12208.95,10:35:00,12209.502719493772,0,17
2020-01-27,12199.05,12203.25,12197.1,12201.8,10:40:00,12208.507222399126,0,18
2020-01-27,12195.35,12198.25,12188.5,12198.25,10:45:00,12207.25415359921,0,19
2020-01-27,12198.85,12202.35,12194.7,12194.85,10:50:00,12206.453758018331,0,20
2020-01-27,12197.15,12200.85,12196.25,12198.9,10:55:00,12205.567685826109,0,21
2020-01-27,12197.7,12204.15,12196.4,12197.1,11:00:00,12204.818382414098,0,22
2020-01-27,12190.6,12197.75,12190.3,12196.8,11:05:00,12203.464250755613,0,23
2020-01-27,12191.15,12192.7,12188.45,12190.25,11:10:00,12202.291464969365,0,24
2020-01-27,12194.65,12196.15,12189.85,12189.85,11:15:00,12201.563706400852,0,25
2020-01-27,12188.9,12195.5,12188.0,12194.15,11:20:00,12200.35763912458,0,26
2020-01-27,12189.4,12190.55,12184.05,12188.0,11:25:00,12199.31405444605,0,27
2020-01-27,12185.5,12190.2,12185.5,12189.0,11:30:00,12197.998430213092,0,28
2020-01-27,12188.35,12190.2,12184.3,12185.3,11:35:00,12197.07953209756,0,29
2020-01-27,12188.2,12191.25,12187.3,12188.15,11:40:00,12196.233862373982,0,30
2020-01-27,12191.6,12196.25,12187.85,12188.35,11:45:00,12195.792542147889,0,31
2020-01-27,12193.95,12196.25,12190.35,12191.45,11:50:00,12195.617061943329,0,32
2020-01-27,12196.9,12202.05,12194.0,12194.25,11:55:00,12195.739246520156,0,33
2020-01-27,12195.8,12199.75,12195.0,12196.5,12:00:00,12195.745032565856,0,34
2020-01-27,12194.6,12197.2,12191.65,12195.2,12:05:00,12195.635981845298,0,35
2020-01-27,12197.65,12199.55,12192.55,12194.2,12:10:00,12195.827793098126,0,36
2020-01-27,12200.85,12201.2,12195.5,12198.45,12:15:00,12196.306098517352,0,37
2020-01-27,12200.4,12203.3,12198.85,12199.9,12:20:00,12196.695993896654,0,38
2020-01-27,12200.6,12201.95,12194.85,12199.9,12:25:00,12197.067804001736,0,39
2020-01-27,12203.05,12204.85,12200.9,12201.45,12:30:00,12197.637536953953,0,40
2020-01-27,12206.85,12207.25,12201.8,12202.75,12:35:00,12198.51491438691,0,41
2020-01-27,12200.5,12207.45,12199.05,12207.15,12:40:00,12198.703970159586,0,42
2020-01-27,12198.8,12201.9,12197.3,12200.65,12:45:00,12198.713115858673,0,43
2020-01-27,12190.7,12198.2,12189.3,12198.15,12:50:00,12197.94996196737,0,44
2020-01-27,12191.25,12196.5,12189.9,12189.9,12:55:00,12197.31187035143,0,45
2020-01-27,12186.5,12192.9,12180.75,12192.9,13:00:00,12196.2821684132,0,46
2020-01-27,12185.15,12189.55,12183.35,12185.2,13:05:00,12195.221961897658,0,47
2020-01-27,12177.55,12186.0,12176.95,12184.2,13:10:00,12193.538917907405,0,48
2020-01-27,12173.35,12180.4,12171.95,12178.0,13:15:00,12191.616163820983,0,49
2020-01-27,12182.6,12186.25,12171.45,12172.2,13:20:00,12190.75748155232,0,50
2020-01-27,12177.9,12182.35,12175.35,12181.75,13:25:00,12189.532959499718,0,51
2020-01-27,12183.4,12184.35,12176.5,12178.55,13:30:00,12188.948868118794,0,52
2020-01-27,12173.6,12186.75,12171.45,12183.15,13:35:00,12187.4870711551,0,53
2020-01-27,12167.1,12173.4,12162.85,12173.4,13:40:00,12185.545445330805,0,54
2020-01-27,12170.65,12170.75,12162.2,12167.85,13:45:00,12184.126831489775,0,55
2020-01-27,12172.25,12173.8,12167.3,12169.35,13:50:00,12182.995704681223,0,56
2020-01-27,12176.75,12180.5,12170.35,12171.9,13:55:00,12182.400875663969,0,57
2020-01-27,12175.1,12178.0,12171.15,12177.15,14:00:00,12181.70555417216,0,58
2020-01-27,12173.7,12176.25,12171.35,12174.95,14:05:00,12180.943120441478,0,59
2020-01-27,12169.75,12174.55,12169.35,12173.85,14:10:00,12179.87710897086,0,60
2020-01-27,12170.8,12172.7,12164.15,12170.1,14:15:00,12179.012622402208,0,61
2020-01-27,12170.45,12173.5,12166.2,12170.9,14:20:00,12178.19713455438,0,62
2020-01-27,12161.7,12171.4,12161.05,12170.6,14:25:00,12176.625978882534,0,63
2020-01-27,12147.65,12164.8,12147.65,12161.3,14:30:00,12173.8663618461,0,64
2020-01-27,12141.7,12150.45,12140.6,12147.85,14:35:00,12170.80289881314,0,65
2020-01-27,12142.05,12145.3,12134.65,12142.2,14:40:00,12168.0645274976,0,66
2020-01-27,12128.95,12142.1,12126.0,12141.4,14:45:00,12164.339334402592,0,67
2020-01-27,12138.7,12139.5,12127.5,12127.9,14:50:00,12161.897493030916,0,68
2020-01-27,12134.6,12141.4,12131.25,12139.5,14:55:00,12159.297731789877,0,69
2020-01-27,12134.5,12137.35,12124.65,12132.9,15:00:00,12156.93604304798,0,70
2020-01-27,12129.45,12135.55,12126.1,12134.35,15:05:00,12154.318324662458,0,71
2020-01-27,12122.9,12129.8,12120.55,12129.7,15:10:00,12151.326103266034,0,72
2020-01-27,12114.55,12123.8,12113.15,12122.7,15:15:00,12147.823617240698,0,73
2020-01-27,12112.8,12116.35,12107.15,12113.1,15:20:00,12144.488034646349,0,74
2020-01-27,12111.8,12114.2,12107.0,12112.4,15:25:00,12141.374888489552,0,75
2020-01-28,12107.05,12145.0,12107.05,12145.0,09:15:00,12138.105851490547,1,1
2020-01-28,12119.75,12120.45,12095.35,12106.0,09:20:00,12136.357675158111,1,2
2020-01-28,12133.9,12142.25,12120.65,12120.65,09:25:00,12136.12361085734,1,3
2020-01-28,12154.65,12159.3,12134.75,12134.75,09:30:00,12137.888028870928,1,4
2020-01-28,12147.45,12156.75,12141.4,12154.2,09:35:00,12138.798692787985,1,5
2020-01-28,12150.8,12153.7,12144.25,12147.75,09:40:00,12139.941674427224,1,6
2020-01-28,12162.25,12162.5,12145.15,12151.0,09:45:00,12142.066276862726,1,7
2020-01-28,12150.15,12163.55,12149.3,12161.9,09:50:00,12142.836155256751,1,8
2020-01-28,12140.3,12150.45,12138.3,12149.65,09:55:00,12142.59461666087,1,9
2020-01-28,12128.1,12141.75,12127.75,12140.75,10:00:00,12141.214176978883,1,10
2020-01-28,12131.65,12135.95,12126.95,12127.95,10:05:00,12140.303302980894,1,11
2020-01-28,12121.3,12131.55,12110.4,12131.2,10:10:00,12138.49346460176,1,12
2020-01-28,12112.35,12127.4,12111.75,12121.55,10:15:00,12136.003610830165,1,13
2020-01-28,12113.05,12117.9,12108.1,12111.6,10:20:00,12133.817552655864,1,14
2020-01-28,12105.35,12112.85,12103.75,12112.85,10:25:00,12131.106357164828,1,15
2020-01-28,12102.95,12104.6,12098.35,12104.6,10:30:00,12128.424799339606,1,16
2020-01-28,12118.35,12120.35,12102.9,12103.55,10:35:00,12127.465294640597,1,17
2020-01-28,12114.3,12119.8,12109.9,12118.4,10:40:00,12126.211457055775,1,18
2020-01-28,12119.2,12121.85,12114.05,12114.15,10:45:00,12125.54369924094,1,19
2020-01-28,12122.0,12125.3,12114.7,12119.4,10:50:00,12125.206204075135,1,20
2020-01-28,12126.1,12128.75,12120.35,12122.5,10:55:00,12125.291327496552,1,21
2020-01-28,12113.25,12129.1,12112.9,12125.95,11:00:00,12124.144534401645,1,22
2020-01-28,12116.0,12116.45,12109.65,12113.4,11:05:00,12123.36886445863,1,23
2020-01-28,12108.75,12116.05,12107.3,12115.85,11:10:00,12121.976591653049,1,24
2020-01-28,12115.6,12117.05,12108.8,12108.8,11:15:00,12121.3692972099,1,25
2020-01-28,12122.0,12123.45,12115.2,12115.65,11:20:00,12121.42936414229,1,26
2020-01-28,12121.05,12122.45,12115.15,12122.2,11:25:00,12121.393234223977,1,27
2020-01-28,12120.3,12123.0,12118.2,12120.95,11:30:00,12121.289116678836,1,28
2020-01-28,12125.3,12128.25,12120.35,12120.35,11:35:00,12121.671105566566,1,29
2020-01-28,12122.9,12128.2,12122.0,12125.0,11:40:00,12121.788143131656,1,30
2020-01-28,12113.7,12123.05,12112.95,12122.7,11:45:00,12121.017843785785,1,31
2020-01-28,12122.4,12124.9,12113.7,12113.75,11:50:00,12121.149477710946,1,32
2020-01-28,12117.05,12122.9,12116.7,12122.65,11:55:00,12120.759051262285,1,33
2020-01-28,12120.95,12122.8,12115.55,12116.6,12:00:00,12120.777236856353,1,34
2020-01-28,12131.9,12132.5,12120.2,12121.25,12:05:00,12121.836547631938,1,35
2020-01-28,12136.15,12138.0,12130.45,12132.15,12:10:00,12123.199733571751,1,36
2020-01-28,12132.35,12136.45,12131.45,12135.85,12:15:00,12124.071187517302,1,37
2020-01-28,12135.15,12137.1,12131.8,12133.1,12:20:00,12125.126312515657,1,38
2020-01-28,12136.5,12136.5,12131.25,12134.8,12:25:00,12126.209520847497,1,39
2020-01-28,12130.2,12138.15,12127.9,12136.95,12:30:00,12126.589566481069,1,40
2020-01-28,12113.2,12130.95,12112.8,12130.95,12:35:00,12125.314369673348,1,41
2020-01-28,12115.2,12121.6,12112.9,12113.65,12:40:00,12124.351096371123,1,42
2020-01-28,12116.35,12117.95,12111.0,12115.5,12:45:00,12123.589087192922,1,43
2020-01-28,12120.7,12124.55,12115.95,12116.6,12:50:00,12123.313936031693,1,44
2020-01-28,12123.85,12125.3,12118.75,12120.75,12:55:00,12123.36498974296,1,45
2020-01-28,12126.65,12131.35,12123.8,12124.1,13:00:00,12123.677847862678,1,46
2020-01-28,12132.85,12134.95,12125.7,12126.95,13:05:00,12124.55138616147,1,47
2020-01-28,12137.0,12142.5,12131.85,12132.65,13:10:00,12125.736968431807,1,48
2020-01-28,12131.55,12139.85,12130.0,12136.75,13:15:00,12126.290590485922,1,49
2020-01-28,12129.5,12131.9,12125.75,12131.9,13:20:00,12126.596248534885,1,50
2020-01-28,12127.65,12135.85,12126.85,12129.7,13:25:00,12126.696605817277,1,51
2020-01-28,12116.95,12126.85,12116.25,12126.75,13:30:00,12125.7683576442,1,52
2020-01-28,12119.65,12120.75,12113.85,12117.35,13:35:00,12125.185656916185,1,53
2020-01-28,12114.2,12119.35,12109.05,12119.3,13:40:00,12124.139403876548,1,54
2020-01-28,12116.3,12117.1,12109.15,12114.4,13:45:00,12123.39279398354,1,55
2020-01-28,12109.3,12116.65,12105.55,12116.5,13:50:00,12122.050623127963,1,56
2020-01-28,12100.3,12110.5,12094.95,12109.4,13:55:00,12119.979135211015,1,57
2020-01-28,12072.85,12100.15,12072.6,12100.15,14:00:00,12115.490646143298,1,58
2020-01-28,12082.65,12088.55,12073.8,12073.95,14:05:00,12112.362965558224,1,59
2020-01-28,12075.9,12084.7,12072.3,12082.3,14:10:00,12108.890302171723,1,60
2020-01-28,12061.7,12078.95,12060.9,12075.8,14:15:00,12104.39598767918,1,61
2020-01-28,12063.2,12069.05,12055.5,12061.6,14:20:00,12100.472560281163,1,62
2020-01-28,12064.6,12071.0,12063.0,12063.8,14:25:00,12097.056125968673,1,63
2020-01-28,12059.95,12064.0,12052.85,12063.55,14:30:00,12093.52220920975,1,64
2020-01-28,12054.55,12063.75,12049.55,12060.15,14:35:00,12089.810570237392,1,65
2020-01-28,12049.4,12057.55,12042.6,12054.4,14:40:00,12085.961944500496,1,66
2020-01-28,12037.65,12052.55,12034.9,12049.35,14:45:00,12081.36080692902,1,67
2020-01-28,12036.15,12038.45,12024.5,12038.3,14:50:00,12077.055015792925,1,68
2020-01-28,12039.7,12040.3,12026.75,12035.45,14:55:00,12073.497395241217,1,69
2020-01-28,12048.6,12049.0,12031.35,12040.6,15:00:00,12071.126214742051,1,70
2020-01-28,12044.4,12049.15,12040.95,12048.9,15:05:00,12068.580860957096,1,71
2020-01-28,12067.35,12067.35,12042.5,12044.65,15:10:00,12068.46363610404,1,72
2020-01-28,12065.6,12069.6,12062.3,12066.8,15:15:00,12068.190908856035,1,73
2020-01-28,12060.3,12065.0,12057.35,12064.8,15:20:00,12067.439393726889,1,74
2020-01-28,12060.25,12063.35,12057.65,12060.55,15:25:00,12066.754689562424,1,75
2020-01-29,12119.6,12128.15,12110.1,12120.85,09:15:00,12076.341140435454,2,1
2020-01-29,12126.7,12129.25,12111.2,12119.1,09:20:00,12081.137222298745,2,2
2020-01-29,12137.25,12142.15,12127.2,12127.35,09:25:00,12086.48129636553,2,3
2020-01-29,12125.4,12139.1,12125.2,12137.7,09:30:00,12090.18783956881,2,4
2020-01-29,12141.05,12143.7,12124.95,12125.8,09:35:00,12095.031854847972,2,5
2020-01-29,12143.95,12146.5,12135.55,12141.2,09:40:00,12099.690725814831,2,6
2020-01-29,12151.6,12155.7,12142.85,12144.15,09:45:00,12104.634466213418,2,7
2020-01-29,12145.3,12152.15,12142.25,12152.15,09:50:00,12108.507374193094,2,8
2020-01-29,12146.6,12151.1,12141.05,12146.05,09:55:00,12112.13524331756,2,9
2020-01-29,12136.45,12147.05,12133.95,12147.05,10:00:00,12114.450934430171,2,10
2020-01-29,12147.35,12148.5,12135.45,12137.15,10:05:00,12117.584178770156,2,11
2020-01-29,12137.65,12148.35,12136.85,12148.35,10:10:00,12119.495209363477,2,12
2020-01-29,12133.25,12138.2,12127.05,12137.5,10:15:00,12120.805189424098,2,13
2020-01-29,12126.0,12134.35,12119.55,12134.35,10:20:00,12121.29993328847,2,14
2020-01-29,12136.35,12137.4,12122.85,12125.25,10:25:00,12122.733272975283,2,15
2020-01-29,12155.3,12155.3,12135.85,12136.5,10:30:00,12125.834866025256,2,16
2020-01-29,12158.1,12159.85,12151.9,12155.75,10:35:00,12128.907735927613,2,17
2020-01-29,12151.8,12161.25,12151.65,12158.05,10:40:00,12131.087951553553,2,18
2020-01-29,12153.25,12153.7,12149.3,12152.0,10:45:00,12133.198622834168,2,19
2020-01-29,12150.05,12153.45,12146.5,12153.15,10:50:00,12134.80351589758,2,20
2020-01-29,12156.3,12156.65,12148.9,12150.35,10:55:00,12136.85080009781,2,21
2020-01-29,12155.95,12159.05,12155.0,12156.35,11:00:00,12138.669771517069,2,22
2020-01-29,12159.3,12160.8,12155.05,12155.9,11:05:00,12140.634555182109,2,23
2020-01-29,12151.3,12159.0,12149.65,12158.8,11:10:00,12141.650311831432,2,24
2020-01-29,12146.5,12151.6,12144.65,12151.15,11:15:00,12142.112186895103,2,25
2020-01-29,12148.5,12150.25,12142.55,12146.6,11:20:00,12142.720550047952,2,26
2020-01-29,12140.15,12149.35,12139.7,12148.8,11:25:00,12142.475735757673,2,27
2020-01-29,12151.8,12151.95,12138.9,12139.65,11:30:00,12143.363760923608,2,28
2020-01-29,12152.3,12154.2,12147.95,12151.95,11:35:00,12144.214831311834,2,29
2020-01-29,12157.65,12158.1,12151.1,12151.9,11:40:00,12145.494371186898,2,30
2020-01-29,12158.55,12160.0,12156.35,12157.35,11:45:00,12146.737764407197,2,31
2020-01-29,12154.05,12161.65,12152.85,12158.45,11:50:00,12147.434167796986,2,32
2020-01-29,12155.1,12156.45,12152.3,12153.95,11:55:00,12148.164247054416,2,33
2020-01-29,12153.95,12157.85,12153.6,12155.25,12:00:00,12148.71527114447,2,34
2020-01-29,12152.9,12156.65,12151.85,12154.05,12:05:00,12149.11381674976,2,35
2020-01-29,12153.35,12154.6,12150.5,12152.8,12:10:00,12149.517262773592,2,36
2020-01-29,12156.95,12158.2,12152.3,12153.4,12:15:00,12150.22514250944,2,37
2020-01-29,12153.8,12157.45,12151.0,12157.0,12:20:00,12150.56560512759,2,38
2020-01-29,12144.45,12153.6,12143.3,12153.6,12:25:00,12149.983166544009,2,39
2020-01-29,12140.6,12145.0,12133.35,12145.0,12:30:00,12149.089531635056,2,40
2020-01-29,12141.05,12144.45,12139.7,12140.85,12:35:00,12148.323861955529,2,41
2020-01-29,12150.5,12150.7,12140.0,12141.6,12:40:00,12148.531113197856,2,42
2020-01-29,12150.6,12154.35,12150.05,12150.85,12:45:00,12148.728150036157,2,43
2020-01-29,12144.3,12151.7,12143.15,12151.2,12:50:00,12148.306421461286,2,44
2020-01-29,12144.85,12149.15,12144.5,12145.15,12:55:00,12147.977238464971,2,45
2020-01-29,12146.65,12148.6,12144.7,12145.55,13:00:00,12147.850834801644,2,46
2020-01-29,12143.45,12148.1,12143.15,12147.05,13:05:00,12147.431707677675,2,47
2020-01-29,12148.5,12152.4,12143.1,12143.55,13:10:00,12147.533449803612,2,48
2020-01-29,12148.65,12149.85,12145.9,12149.0,13:15:00,12147.639787917553,2,49
2020-01-29,12138.8,12149.45,12137.35,12149.45,13:20:00,12146.797903353978,2,50
2020-01-29,12142.65,12142.95,12138.2,12139.25,13:25:00,12146.402864939317,2,51
2020-01-29,12133.7,12143.05,12125.7,12143.05,13:30:00,12145.193068278428,2,52
2020-01-29,12108.25,12133.05,12103.8,12133.05,13:35:00,12141.674680823338,2,53
2020-01-29,12120.6,12121.35,12104.3,12108.3,13:40:00,12139.667568363971,2,54
2020-01-29,12134.55,12136.5,12120.15,12121.0,13:45:00,12139.180180900736,2,55
2020-01-29,12165.95,12168.0,12135.15,12135.3,13:50:00,12141.729687481618,2,56
2020-01-29,12153.45,12169.6,12152.85,12167.75,13:55:00,12142.845907721465,2,57
2020-01-29,12157.6,12161.65,12152.4,12153.3,14:00:00,12144.25105936704,2,58
2020-01-29,12153.75,12158.55,12151.85,12157.7,14:05:00,12145.155720379702,2,59
2020-01-29,12151.65,12156.05,12150.6,12153.9,14:10:00,12145.774223200682,2,60
2020-01-29,12161.75,12162.6,12150.45,12151.9,14:15:00,12147.295725752998,2,61
2020-01-29,12161.3,12165.25,12160.75,12162.5,14:20:00,12148.629466157476,2,62
2020-01-29,12158.8,12161.4,12151.6,12160.65,14:25:00,12149.598088428193,2,63
2020-01-29,12160.65,12163.25,12155.1,12159.35,14:30:00,12150.650651435031,2,64
2020-01-29,12134.45,12162.45,12134.45,12160.9,14:35:00,12149.107732250744,2,65
2020-01-29,12124.15,12134.4,12118.3,12134.4,14:40:00,12146.730805369718,2,66
2020-01-29,12129.4,12141.1,12117.85,12123.75,14:45:00,12145.080252477364,2,67
2020-01-29,12126.15,12132.0,12124.3,12129.45,14:50:00,12143.277371289045,2,68
2020-01-29,12127.95,12135.25,12123.0,12126.4,14:55:00,12141.817621642467,2,69
2020-01-29,12122.35,12127.25,12111.75,12127.25,15:00:00,12139.963562438425,2,70
2020-01-29,12130.95,12132.75,12122.35,12122.9,15:05:00,12139.105127920478,2,71
2020-01-29,12133.95,12135.45,12128.95,12131.8,15:10:00,12138.614163356624,2,72
2020-01-29,12133.6,12138.55,12130.1,12133.85,15:15:00,12138.136623989329,2,73
2020-01-29,12131.3,12134.7,12127.9,12133.35,15:20:00,12137.485516942725,2,74
2020-01-29,12132.85,12133.85,12128.0,12131.7,15:25:00,12137.044039138656,2,75
2020-01-30,12095.05,12143.75,12083.05,12143.75,09:15:00,12133.044606839736,3,1
2020-01-30,12081.45,12096.4,12078.55,12096.25,09:20:00,12128.13083475976,3,2
2020-01-30,12084.6,12089.1,12079.25,12080.9,09:25:00,12123.985040973115,3,3
2020-01-30,12077.15,12085.7,12072.65,12084.75,09:30:00,12119.52456088044,3,4
2020-01-30,12078.6,12082.9,12074.5,12076.7,09:35:00,12115.626983653732,3,5
2020-01-30,12072.55,12079.05,12067.05,12078.25,09:40:00,12111.524413781948,3,6
2020-01-30,12082.0,12083.95,12072.4,12072.4,09:45:00,12108.712564850332,3,7
2020-01-30,12084.75,12086.6,12078.5,12081.65,09:50:00,12106.430415816969,3,8
2020-01-30,12078.8,12086.8,12077.65,12084.35,09:55:00,12103.798947643923,3,9
2020-01-30,12074.15,12079.7,12068.95,12078.45,10:00:00,12100.9752383445,3,10
2020-01-30,12059.95,12076.2,12059.1,12073.8,10:05:00,12097.068072787884,3,11
2020-01-30,12065.6,12068.9,12056.9,12059.75,10:10:00,12094.07111347475,3,12
2020-01-30,12065.85,12071.9,12063.1,12065.55,10:15:00,12091.383388381915,3,13
2020-01-30,12066.45,12070.5,12064.85,12065.75,10:20:00,12089.008779964592,3,14
2020-01-30,12060.9,12066.6,12058.0,12066.6,10:25:00,12086.331753301296,3,15
2020-01-30,12053.75,12061.2,12050.2,12061.2,10:30:00,12083.228729177365,3,16
2020-01-30,12057.6,12060.15,12053.5,12054.1,10:35:00,12080.787897827138,3,17
2020-01-30,12057.7,12058.95,12050.7,12057.65,10:40:00,12078.58905041503,3,18
2020-01-30,12062.8,12068.0,12057.6,12057.95,10:45:00,12077.085331327886,3,19
2020-01-30,12062.1,12065.05,12060.6,12062.9,10:50:00,12075.658156915706,3,20
2020-01-30,12058.75,12064.85,12056.35,12062.25,10:55:00,12074.047856257068,3,21
2020-01-30,12051.55,12059.5,12051.05,12058.85,11:00:00,12071.905203280205,3,22
2020-01-30,12043.65,12051.95,12039.0,12051.95,11:05:00,12069.214231539232,3,23
2020-01-30,12054.05,12054.9,12042.3,12043.9,11:10:00,12067.770019011688,3,24
2020-01-30,12054.55,12055.55,12050.5,12054.3,11:15:00,12066.510969582,3,25
2020-01-30,12057.35,12059.1,12053.3,12055.0,11:20:00,12065.638496288477,3,26
2020-01-30,12055.2,12058.0,12053.9,12057.9,11:25:00,12064.644353784812,3,27
2020-01-30,12053.75,12060.7,12052.1,12055.0,11:30:00,12063.606796281496,3,28
2020-01-30,12054.45,12058.1,12049.6,12054.35,11:35:00,12062.734720445162,3,29
2020-01-30,12057.25,12059.4,12050.9,12054.2,11:40:00,12062.212366117052,3,30
2020-01-30,12067.4,12067.8,12056.65,12057.3,11:45:00,12062.706426486857,3,31
2020-01-30,12063.0,12068.8,12060.3,12066.15,11:50:00,12062.734385869062,3,32
2020-01-30,12057.1,12063.8,12057.0,12063.25,11:55:00,12062.197777691055,3,33
2020-01-30,12052.5,12058.9,12052.5,12056.95,12:00:00,12061.274179815717,3,34
2020-01-30,12049.8,12052.9,12045.35,12052.55,12:05:00,12060.181400785648,3,35
2020-01-30,12051.25,12053.35,12049.0,12049.45,12:10:00,12059.330791187016,3,36
2020-01-30,12044.95,12051.95,12041.7,12051.35,12:15:00,12057.961192026349,3,37
2020-01-30,12048.15,12049.25,12043.15,12044.5,12:20:00,12057.026792785742,3,38
2020-01-30,12055.25,12056.6,12048.0,12048.25,12:25:00,12056.857574425196,3,39
2020-01-30,12049.05,12055.2,12047.5,12055.2,12:30:00,12056.11399590851,3,40
2020-01-30,12044.0,12050.9,12039.5,12050.1,12:35:00,12054.960282012462,3,41
2020-01-30,12046.05,12047.4,12043.55,12043.75,12:40:00,12054.11168372556,3,42
2020-01-30,12037.35,12049.95,12033.75,12045.9,12:45:00,12052.515332894554,3,43
2020-01-30,12036.05,12040.25,12035.3,12037.45,12:50:00,12050.947205952216,3,44
2020-01-30,12035.95,12037.65,12032.55,12035.7,12:55:00,12049.518900623432,3,45
2020-01-30,12026.95,12039.85,12025.8,12036.1,13:00:00,12047.369481516438,3,46
2020-01-30,12028.55,12032.2,12025.15,12027.0,13:05:00,12045.577149943443,3,47
2020-01-30,12031.7,12032.75,12019.85,12028.7,13:10:00,12044.255516615498,3,48
2020-01-30,12036.3,12039.75,12030.45,12031.6,13:15:00,12043.497848366402,3,49
2020-01-30,12037.1,12038.35,12031.8,12036.5,13:20:00,12042.888529474363,3,50
2020-01-30,12034.3,12038.8,12033.25,12037.0,13:25:00,12042.070574286328,3,51
2020-01-30,12030.2,12034.65,12027.0,12034.35,13:30:00,12040.940043401915,3,52
2020-01-30,12042.3,12046.45,12030.25,12030.25,13:35:00,12041.069563077925,3,53
2020-01-30,12037.35,12046.8,12033.25,12043.45,13:40:00,12040.715318975264,3,54
2020-01-30,12033.05,12038.35,12032.4,12037.6,13:45:00,12039.985288596668,3,55
2020-01-30,12026.15,12034.15,12024.5,12033.0,13:50:00,12038.667642063652,3,56
2020-01-30,12027.55,12028.55,12019.4,12026.6,13:55:00,12037.60881900997,3,57
2020-01-30,12015.95,12028.15,12011.7,12026.65,14:00:00,12035.546074342355,3,58
2020-01-30,12014.8,12023.05,12010.6,12016.4,14:05:00,12033.570257738322,3,59
2020-01-30,12012.7,12018.2,12011.1,12015.95,14:10:00,12031.582614144198,3,60
2020-01-30,12020.85,12022.25,12012.6,12012.6,14:15:00,12030.56046041618,3,61
2020-01-30,12014.1,12020.55,12013.45,12020.55,14:20:00,12028.992797519402,3,62
2020-01-30,12021.15,12021.6,12013.8,12014.9,14:25:00,12028.245864422315,3,63
2020-01-30,12018.05,12027.75,12017.0,12021.5,14:30:00,12027.274829715428,3,64
2020-01-30,12028.95,12032.85,12015.95,12018.1,14:35:00,12027.43436974253,3,65
2020-01-30,12033.45,12033.65,12026.2,12029.75,14:40:00,12028.007286909908,3,66
2020-01-30,12037.15,12039.8,12034.15,12034.15,14:45:00,12028.878021489916,3,67
2020-01-30,12035.9,12043.9,12032.35,12036.85,14:50:00,12029.54678134802,3,68
2020-01-30,12029.45,12036.9,12027.05,12036.45,14:55:00,12029.537564076778,3,69
2020-01-30,12054.8,12058.0,12029.4,12029.4,15:00:00,12031.94351035518,3,70
2020-01-30,12049.3,12062.8,12047.85,12054.65,15:05:00,12033.596509368972,3,71
2020-01-30,12035.65,12049.85,12033.95,12049.85,15:10:00,12033.79207990526,3,72
2020-01-30,12029.45,12036.95,12025.8,12035.35,15:15:00,12033.378548485713,3,73
2020-01-30,12019.85,12031.9,12017.95,12029.1,15:20:00,12032.090115296598,3,74
2020-01-30,12025.45,12027.95,12017.15,12019.65,15:25:00,12031.457723363588,3,75
2020-01-31,12055.2,12099.95,12055.2,12089.95,09:15:00,12033.718892567056,4,1
2020-01-31,12078.25,12079.45,12053.55,12056.5,09:20:00,12037.959950417811,4,2
2020-01-31,12082.0,12092.15,12074.4,12078.0,09:25:00,12042.15424085421,4,3
2020-01-31,12072.75,12087.15,12070.05,12081.7,09:30:00,12045.068122677618,4,4
2020-01-31,12063.95,12076.65,12060.75,12072.5,09:35:00,12046.86639670832,4,5
2020-01-31,12050.7,12063.75,12038.85,12063.75,09:40:00,12047.23150178372,4,6
2020-01-31,12037.0,12054.4,12035.15,12051.1,09:45:00,12046.257073042414,4,7
2020-01-31,12040.95,12044.65,12027.75,12036.8,09:50:00,12045.751637514564,4,8
2020-01-31,12043.2,12043.2,12028.85,12040.2,09:55:00,12045.50862441794,4,9
2020-01-31,12046.5,12049.0,12041.8,12043.25,10:00:00,12045.60304114004,4,10
2020-01-31,12044.55,12056.95,12043.9,12046.6,10:05:00,12045.502751507656,4,11
2020-01-31,12042.75,12049.8,12042.0,12044.35,10:10:00,12045.240584697403,4,12
2020-01-31,12037.55,12048.5,12037.5,12042.85,10:15:00,12044.508148059556,4,13
2020-01-31,12030.65,12040.6,12029.25,12037.3,10:20:00,12043.188324434836,4,14
2020-01-31,12020.2,12034.7,12016.65,12030.3,10:25:00,12040.998960202944,4,15
2020-01-31,12032.0,12033.95,12019.05,12020.3,10:30:00,12040.141916374094,4,16
2020-01-31,12036.4,12042.15,12027.35,12032.3,10:35:00,12039.785543386086,4,17
2020-01-31,12031.35,12038.95,12030.75,12036.05,10:40:00,12038.982158301696,4,18
2020-01-31,12022.75,12031.55,12022.5,12031.1,10:45:00,12037.43623846344,4,19
2020-01-31,12019.1,12023.55,12014.15,12023.3,10:50:00,12035.689930038348,4,20
2020-01-31,12023.4,12024.1,12018.75,12019.9,10:55:00,12034.519460510888,4,21
2020-01-31,12020.65,12025.3,12018.9,12023.55,11:00:00,12033.198559509852,4,22
2020-01-31,12003.25,12021.2,11996.25,12020.6,11:05:00,12030.346315747009,4,23
2020-01-31,11996.4,12002.9,11986.6,12002.9,11:10:00,12027.113333294912,4,24
2020-01-31,11998.75,12000.05,11989.75,11996.6,11:15:00,12024.4120634573,4,25
2020-01-31,11984.7,11999.25,11984.7,11998.55,11:20:00,12020.629962175652,4,26
2020-01-31,11982.45,11994.15,11981.3,11985.45,11:25:00,12016.99377530178,4,27
2020-01-31,11975.2,11982.65,11971.65,11982.65,11:30:00,12013.01341574923,4,28
2020-01-31,11969.75,11982.95,11966.2,11974.95,11:35:00,12008.89309043978,4,29
2020-01-31,11971.35,11974.85,11963.25,11969.55,11:40:00,12005.317558016945,4,30
2020-01-31,11977.15,11981.9,11969.1,11970.6,11:45:00,12002.634933443902,4,31
2020-01-31,11965.45,11977.45,11961.75,11977.45,11:50:00,11999.093511211153,4,32
2020-01-31,11974.9,11974.9,11965.45,11965.75,11:55:00,11996.78936728628,4,33
2020-01-31,11973.1,11978.8,11970.45,11974.6,12:00:00,11994.533237068536,4,34
2020-01-31,11972.25,11982.35,11971.4,11972.85,12:05:00,11992.411024014393,4,35
2020-01-31,11969.6,11975.4,11967.8,11972.0,12:10:00,11990.238545536831,4,36
2020-01-31,11973.25,11976.5,11968.45,11969.45,12:15:00,11988.620588819038,4,37
2020-01-31,11971.65,11974.3,11971.3,11973.65,12:20:00,11987.004342264843,4,38
2020-01-31,11967.55,11975.95,11967.55,11971.5,12:25:00,11985.15154776343,4,39
2020-01-31,11968.45,11968.55,11961.55,11966.95,12:30:00,11983.560924166914,4,40
2020-01-31,11989.0,11991.5,11968.25,11968.3,12:35:00,11984.078931389113,4,41
2020-01-31,12000.1,12005.85,11988.5,11989.1,12:40:00,11985.60474744729,4,42
2020-01-31,12007.75,12009.7,11995.95,12000.05,12:45:00,11987.713819118975,4,43
2020-01-31,12000.4,12013.8,11999.75,12008.65,12:50:00,11988.92202682193,4,44
2020-01-31,11994.6,12000.95,11990.25,12000.65,12:55:00,11989.462786172224,4,45
2020-01-31,12005.85,12007.4,11989.6,11995.5,13:00:00,11991.02347320344,4,46
2020-01-31,12000.65,12008.5,12000.4,12004.95,13:05:00,11991.940285279305,4,47
2020-01-31,11993.9,12001.55,11989.95,12001.4,13:10:00,11992.126924776512,4,48
2020-01-31,12000.15,12000.95,11993.95,11994.05,13:15:00,11992.89102717875,4,49
2020-01-31,12002.25,12006.95,11999.5,11999.5,13:20:00,11993.782357923632,4,50
2020-01-31,12008.95,12012.1,11999.4,12003.05,13:25:00,11995.22689526424,4,51
2020-01-31,12011.8,12016.05,12008.25,12008.75,13:30:00,11996.805286191457,4,52
2020-01-31,12008.85,12016.5,12005.7,12012.7,13:35:00,11997.952401792269,4,53
2020-01-31,12019.45,12022.0,12009.5,12009.5,13:40:00,11999.999792097768,4,54
2020-01-31,12023.85,12025.3,12015.8,12018.45,13:45:00,12002.271240469408,4,55
2020-01-31,12019.5,12031.6,12016.65,12023.35,13:50:00,12003.912074710415,4,56
2020-01-31,12016.05,12020.75,12012.85,12019.35,13:55:00,12005.06806759514,4,57
2020-01-31,12012.8,12017.05,11998.9,12016.25,14:00:00,12005.804442109886,4,58
2020-01-31,12021.25,12028.9,12011.85,12012.65,14:05:00,12007.27544762323,4,59
2020-01-31,12040.2,12040.2,12019.35,12022.2,14:10:00,12010.41111927816,4,60
2020-01-31,12039.25,12052.45,12037.7,12041.3,14:15:00,12013.157679346908,4,61
2020-01-31,12039.6,12047.35,12037.7,12040.35,14:20:00,12015.675995599582,4,62
2020-01-31,12031.4,12040.85,12030.75,12039.0,14:25:00,12017.173519828191,4,63
2020-01-31,12037.8,12039.6,12024.15,12031.45,14:30:00,12019.137946511222,4,64
2020-01-31,12032.35,12041.35,12023.6,12037.45,14:35:00,12020.396237319675,4,65
2020-01-31,12022.8,12034.25,12022.3,12032.6,14:40:00,12020.625167098757,4,66
2020-01-31,12008.0,12023.35,12008.0,12022.45,14:45:00,12019.422770232208,4,67
2020-01-31,12011.4,12015.0,12004.45,12007.75,14:50:00,12018.65869687676,4,68
2020-01-31,12017.4,12020.0,12008.55,12011.65,14:55:00,12018.538820983737,4,69
2020-01-31,11972.0,12017.4,11958.4,12017.25,15:00:00,12014.10655231862,4,70
2020-01-31,11959.45,11973.25,11953.9,11973.0,15:05:00,12008.901166383512,4,71
2020-01-31,11958.4,11962.75,11945.85,11959.65,15:10:00,12004.091531489845,4,72
2020-01-31,11957.35,11963.9,11951.25,11958.55,15:15:00,11999.639957062238,4,73
2020-01-31,11956.5,11958.65,11949.05,11956.25,15:20:00,11995.531389722975,4,74
2020-01-31,11967.25,11969.4,11955.75,11955.9,15:25:00,11992.837924035077,4,75
2020-02-03,11686.0,11687.0,11621.55,11626.5,09:15:00,11963.615264603164,0,1
2020-02-03,11692.05,11713.85,11675.6,11684.55,09:20:00,11937.751906069529,0,2
2020-02-03,11682.65,11696.3,11678.35,11693.35,09:25:00,11913.45648644386,0,3
2020-02-03,11625.5,11681.75,11614.75,11681.75,09:30:00,11886.032059163492,0,4
2020-02-03,11637.35,11642.7,11614.5,11626.6,09:35:00,11862.348053528873,0,5
2020-02-03,11652.75,11656.75,11632.35,11637.5,09:40:00,11842.38633414517,0,6
2020-02-03,11692.8,11692.8,11652.55,11652.55,09:45:00,11828.140016607536,0,7
2020-02-03,11657.95,11694.45,11657.95,11693.05,09:50:00,11811.931443597294,0,8
2020-02-03,11678.35,11678.75,11645.25,11657.05,09:55:00,11799.209401349934,0,9
2020-02-03,11687.55,11703.9,11679.05,11679.5,10:00:00,11788.57517264994,0,10
2020-02-03,11699.3,11707.35,11687.65,11687.65,10:05:00,11780.072775254708,0,11
2020-02-03,11709.5,11721.2,11691.1,11699.4,10:10:00,11773.351558563783,0,12
2020-02-03,11711.85,11727.05,11708.0,11708.0,10:15:00,11767.494267271994,0,13
2020-02-03,11717.85,11724.85,11707.2,11710.9,10:20:00,11762.76624181752,0,14
2020-02-03,11734.1,11739.75,11717.65,11717.65,10:25:00,11760.036123549184,0,15
2020-02-03,11734.95,11747.0,11728.9,11734.15,10:30:00,11757.646968925452,0,16
2020-02-03,11729.65,11738.55,11722.3,11735.15,10:35:00,11754.980590932551,0,17
2020-02-03,11723.05,11734.05,11714.25,11728.95,10:40:00,11751.939582272307,0,18
2020-02-03,11732.7,11740.3,11720.1,11722.55,10:45:00,11750.107241103517,0,19
2020-02-03,11745.2,11749.5,11733.2,11733.2,10:50:00,11749.639884807944,0,20
2020-02-03,11742.4,11749.85,11738.35,11744.65,10:55:00,11748.950371969093,0,21
2020-02-03,11727.25,11744.9,11726.35,11742.15,11:00:00,11746.883669876795,0,22
2020-02-03,11737.8,11737.9,11725.85,11726.1,11:05:00,11746.01855845996,0,23
2020-02-03,11730.45,11745.3,11728.35,11737.65,11:10:00,11744.53583860663,0,24
2020-02-03,11693.95,11730.25,11686.7,11729.65,11:15:00,11739.718139691711,0,25
2020-02-03,11687.15,11695.6,11681.0,11693.9,11:20:00,11734.711650197263,0,26
2020-02-03,11681.6,11693.2,11677.6,11687.05,11:25:00,11729.653397797523,0,27
2020-02-03,11683.15,11683.6,11663.7,11681.8,11:30:00,11725.224502769186,0,28
2020-02-03,11701.9,11707.05,11677.5,11682.25,11:35:00,11723.003121553074,0,29
2020-02-03,11685.9,11701.0,11683.6,11701.0,11:40:00,11719.469490928972,0,30
2020-02-03,11667.15,11691.95,11666.65,11685.1,11:45:00,11714.48668226907,0,31
2020-02-03,11670.45,11671.75,11649.7,11666.85,11:50:00,11710.29271252916,0,32
2020-02-03,11679.55,11688.45,11668.1,11671.0,11:55:00,11707.36483514543,0,33
2020-02-03,11686.25,11692.5,11671.1,11678.3,12:00:00,11705.353898464911,0,34
2020-02-03,11689.25,11695.15,11683.7,11685.75,12:05:00,11703.820193849207,0,35
2020-02-03,11682.05,11690.2,11677.75,11688.4,12:10:00,11701.746842054046,0,36
2020-02-03,11669.5,11681.55,11667.0,11681.55,12:15:00,11698.675714239374,0,37
2020-02-03,11685.8,11685.8,11668.8,11669.7,12:20:00,11697.449455740383,0,38
2020-02-03,11681.3,11688.4,11676.65,11684.85,12:25:00,11695.911412336538,0,39
2020-02-03,11687.15,11693.75,11674.05,11680.5,12:30:00,11695.076992114007,0,40
2020-02-03,11685.15,11687.95,11679.9,11686.35,12:35:00,11694.131564293628,0,41
2020-02-03,11696.45,11700.75,11682.65,11684.65,12:40:00,11694.352367694237,0,42
2020-02-03,11715.8,11717.15,11696.05,11696.05,12:45:00,11696.394999342405,0,43
2020-02-03,11710.1,11716.8,11708.25,11715.65,12:50:00,11697.70023750027,0,44
2020-02-03,11712.75,11714.5,11705.6,11709.65,12:55:00,11699.13354821453,0,45
2020-02-03,11714.9,11728.15,11707.35,11712.9,13:00:00,11700.635115051242,0,46
2020-02-03,11708.1,11719.9,11706.4,11714.2,13:05:00,11701.346056474931,0,47
2020-02-03,11700.75,11707.4,11700.7,11707.35,13:10:00,11701.289289191607,0,48
2020-02-03,11710.8,11711.75,11700.4,11700.5,13:15:00,11702.19507117336,0,49
2020-02-03,11692.2,11712.35,11688.25,11710.1,13:20:00,11701.24315963304,0,50
2020-02-03,11686.5,11691.9,11673.75,11691.5,13:25:00,11699.839049191798,0,51
2020-02-03,11701.35,11703.0,11685.9,11686.4,13:30:00,11699.98294926877,0,52
2020-02-03,11697.4,11701.9,11694.85,11701.3,13:35:00,11699.736954100315,0,53
2020-02-03,11684.0,11697.45,11679.85,11697.45,13:40:00,11698.238196566952,0,54
2020-02-03,11680.35,11687.2,11671.55,11683.9,13:45:00,11696.53455879867,0,55
2020-02-03,11671.25,11681.7,11664.85,11680.25,13:50:00,11694.126505579748,0,56
2020-02-03,11682.55,11691.25,11666.2,11671.65,13:55:00,11693.02398123882,0,57
2020-02-03,11674.5,11683.3,11670.25,11682.25,14:00:00,11691.25979254941,0,58
2020-02-03,11689.75,11690.3,11673.7,11674.35,14:05:00,11691.1160027828,0,59
2020-02-03,11682.85,11690.9,11682.65,11689.7,14:10:00,11690.328764422537,0,60
2020-02-03,11682.7,11684.45,11670.75,11682.7,14:15:00,11689.602215429912,0,61
2020-02-03,11701.05,11708.25,11680.5,11682.75,14:20:00,11690.692480627064,0,62
2020-02-03,11709.3,11712.0,11695.0,11700.6,14:25:00,11692.464625329249,0,63
2020-02-03,11705.1,11711.25,11696.9,11709.45,14:30:00,11693.66799434551,0,64
2020-02-03,11691.85,11705.6,11688.05,11705.6,14:35:00,11693.49485202689,0,65
2020-02-03,11723.3,11724.8,11690.3,11692.4,14:40:00,11696.33343754814,0,66
2020-02-03,11713.5,11725.15,11710.5,11723.5,14:45:00,11697.96834825784,0,67
2020-02-03,11732.2,11732.2,11709.3,11713.4,14:50:00,11701.228505566618,0,68
2020-02-03,11743.1,11743.1,11724.1,11732.4,14:55:00,11705.216266941226,0,69
2020-02-03,11705.9,11744.65,11704.65,11742.95,15:00:00,11705.281384375396,0,70
2020-02-03,11690.8,11710.65,11688.3,11705.65,15:05:00,11703.902204911072,0,71
2020-02-03,11695.95,11701.35,11691.15,11691.15,15:10:00,11703.144852062398,0,72
2020-02-03,11702.85,11706.6,11693.65,11695.9,15:15:00,11703.1167709136,0,73
2020-02-03,11719.4,11723.5,11702.55,11703.0,15:20:00,11704.667554636111,0,74
2020-02-03,11724.05,11724.95,11714.1,11721.0,15:25:00,11706.513501813624,0,75
2020-02-04,11797.2,11825.9,11783.4,11783.4,09:15:00,11715.150311164707,1,1
2020-02-04,11828.15,11829.3,11796.75,11797.8,09:20:00,11725.912186291878,1,2
2020-02-04,11835.1,11840.0,11824.25,11828.7,09:25:00,11736.311025692652,1,3
2020-02-04,11833.5,11840.35,11831.1,11834.9,09:30:00,11745.567118483828,1,4
2020-02-04,11835.5,11837.15,11827.4,11833.45,09:35:00,11754.1321548187,1,5
2020-02-04,11829.0,11838.65,11820.05,11835.75,09:40:00,11761.262425788347,1,6
2020-02-04,11837.3,11837.7,11821.95,11827.75,09:45:00,11768.50409952279,1,7
2020-02-04,11837.6,11844.65,11832.7,11836.45,09:50:00,11775.084661473,1,8
2020-02-04,11845.8,11849.15,11833.8,11836.25,09:55:00,11781.819455618428,1,9
2020-02-04,11848.75,11855.95,11841.05,11845.55,10:00:00,11788.193793178578,1,10
2020-02-04,11849.1,11854.8,11846.95,11849.0,10:05:00,11793.994384304428,1,11
2020-02-04,11853.35,11857.1,11846.95,11849.45,10:10:00,11799.647300084958,1,12
2020-02-04,11863.35,11872.05,11853.8,11853.8,10:15:00,11805.71422388639,1,13
2020-02-04,11866.5,11871.5,11862.4,11863.8,10:20:00,11811.50334542102,1,14
2020-02-04,11875.1,11876.3,11862.3,11866.3,10:25:00,11817.560169666638,1,15
2020-02-04,11891.45,11893.8,11872.35,11875.2,10:30:00,11824.597296365053,1,16
2020-02-04,11895.7,11895.7,11885.85,11892.15,10:35:00,11831.368982425523,1,17
2020-02-04,11894.15,11895.45,11888.45,11894.2,10:40:00,11837.348126956424,1,18
2020-02-04,11885.1,11894.55,11882.55,11894.5,10:45:00,11841.895924389146,1,19
2020-02-04,11897.75,11898.2,11885.15,11885.15,10:50:00,11847.215360161608,1,20
2020-02-04,11914.65,11926.35,11897.95,11898.45,10:55:00,11853.637706812884,1,21
2020-02-04,11913.3,11920.85,11907.5,11914.5,11:00:00,11859.31982997356,1,22
2020-02-04,11909.3,11917.6,11908.7,11913.95,11:05:00,11864.079846166556,1,23
2020-02-04,11909.7,11917.15,11907.15,11910.0,11:10:00,11868.424622722125,1,24
2020-02-04,11924.2,11931.3,11909.4,11910.25,11:15:00,11873.736563415254,1,25
2020-02-04,11923.85,11928.45,11921.95,11924.5,11:20:00,11878.50927166142,1,26
2020-02-04,11919.35,11927.5,11919.25,11924.25,11:25:00,11882.398864836525,1,27
2020-02-04,11937.7,11937.7,11919.0,11919.3,11:30:00,11887.665639613995,1,28
2020-02-04,11940.5,11947.45,11937.7,11937.7,11:35:00,11892.697483460284,1,29
2020-02-04,11946.65,11947.6,11941.7,11941.7,11:40:00,11897.835818368829,1,30
2020-02-04,11943.0,11953.0,11942.1,11946.3,11:45:00,11902.137169000369,1,31
2020-02-04,11944.65,11946.85,11938.65,11941.75,11:50:00,11906.186010047952,1,32
2020-02-04,11930.65,11946.0,11930.65,11944.55,11:55:00,11908.51591385291,1,33
2020-02-04,11936.1,11938.05,11928.4,11931.55,12:00:00,11911.142969676444,1,34
2020-02-04,11940.45,11941.0,11935.95,11936.05,12:05:00,11913.934115421544,1,35
2020-02-04,11945.2,11947.3,11938.25,11940.7,12:10:00,11916.91181871473,1,36
2020-02-04,11943.8,11948.05,11942.85,11945.1,12:15:00,11919.472597884756,1,37
2020-02-04,11950.35,11954.05,11943.45,11943.45,12:20:00,11922.413302848114,1,38
2020-02-04,11935.7,11952.65,11933.6,11949.9,12:25:00,11923.678702576864,1,39
2020-02-04,11932.3,11937.0,11930.0,11936.8,12:30:00,11924.499778521924,1,40
2020-02-04,11930.9,11938.55,11929.15,11932.35,12:35:00,11925.109323424598,1,41
2020-02-04,11933.9,11937.8,11930.15,11931.45,12:40:00,11925.946530717494,1,42
2020-02-04,11919.1,11939.85,11917.6,11935.2,12:45:00,11925.29448017297,1,43
2020-02-04,11922.4,11925.3,11918.35,11919.0,12:50:00,11925.018815394593,1,44
2020-02-04,11931.95,11935.6,11921.9,11922.7,12:55:00,11925.678928214156,1,45
2020-02-04,11933.55,11938.1,11930.15,11932.35,13:00:00,11926.428554098522,1,46
2020-02-04,11939.4,11942.75,11932.8,11934.4,13:05:00,11927.663929898665,1,47
2020-02-04,11943.4,11945.15,11934.75,11939.25,13:10:00,11929.162603241648,1,48
2020-02-04,11953.65,11954.9,11941.1,11943.5,13:15:00,11931.494736266251,1,49
2020-02-04,11950.2,11956.45,11947.4,11953.45,13:20:00,11933.276189955182,1,50
2020-02-04,11955.45,11955.55,11948.5,11949.3,13:25:00,11935.387981388025,1,51
2020-02-04,11960.1,11965.9,11955.9,11955.9,13:30:00,11937.741506970116,1,52
2020-02-04,11963.4,11967.75,11956.5,11959.1,13:35:00,11940.185172972962,1,53
2020-02-04,11962.2,11964.65,11957.7,11962.8,13:40:00,11942.281823166011,1,54
2020-02-04,11966.95,11971.05,11959.2,11961.85,13:45:00,11944.631173340678,1,55
2020-02-04,11975.85,11976.85,11966.2,11966.9,13:50:00,11947.60439492728,1,56
2020-02-04,11969.55,11976.1,11968.3,11975.0,13:55:00,11949.694452553253,1,57
2020-02-04,11963.55,11971.25,11960.65,11969.1,14:00:00,11951.014028500562,1,58
2020-02-04,11958.6,11967.35,11956.3,11964.0,14:05:00,11951.736501976698,1,59
2020-02-04,11954.85,11958.85,11949.55,11957.9,14:10:00,11952.033025597964,1,60
2020-02-04,11966.25,11968.65,11954.0,11954.6,14:15:00,11953.387023160063,1,61
2020-02-04,11965.2,11970.15,11964.45,11967.1,14:20:00,11954.51206857339,1,62
2020-02-04,11962.2,11967.85,11961.2,11964.85,14:25:00,11955.24425251878,1,63
2020-02-04,11963.8,11970.25,11960.45,11962.25,14:30:00,11956.059085612227,1,64
2020-02-04,11958.5,11965.65,11956.1,11963.55,14:35:00,11956.29155364916,1,65
2020-02-04,11964.05,11966.9,11957.95,11958.35,14:40:00,11957.03045330162,1,66
2020-02-04,11956.05,11965.1,11954.65,11964.6,14:45:00,11956.937076796705,1,67
2020-02-04,11969.85,11971.9,11951.25,11955.0,14:50:00,11958.16687900654,1,68
2020-02-04,11979.1,11986.0,11968.75,11970.1,14:55:00,11960.160509577348,1,69
2020-02-04,11976.45,11986.15,11973.75,11980.25,15:00:00,11961.7118896176,1,70
2020-02-04,11982.55,11985.6,11976.3,11976.85,15:05:00,11963.696471558782,1,71
2020-02-04,11976.1,11984.1,11975.9,11982.2,15:10:00,11964.877759981757,1,72
2020-02-04,11975.8,11980.8,11974.05,11976.6,15:15:00,11965.917973316826,1,73
2020-02-04,11978.55,11982.85,11975.25,11976.6,15:20:00,11967.121023477128,1,74
2020-02-04,11982.45,11982.45,11974.3,11978.4,15:25:00,11968.580926003116,1,75
2020-02-05,11986.25,12009.65,11953.35,12000.0,09:15:00,11970.2636949552,2,1
2020-02-05,11999.7,12010.05,11985.05,11985.85,09:20:00,11973.067152578516,2,2
2020-02-05,12006.55,12007.1,11997.9,11999.0,09:25:00,11976.255995190086,2,3
2020-02-05,12026.65,12028.2,12004.4,12006.3,09:30:00,11981.0554242196,2,4
2020-02-05,12033.3,12037.25,12026.55,12026.75,09:35:00,11986.031098103447,2,5
2020-02-05,12025.85,12035.15,12022.25,12031.85,09:40:00,11989.823374474548,2,6
2020-02-05,12015.15,12029.2,12009.65,12025.0,09:45:00,11992.2354340484,2,7
2020-02-05,12010.05,12015.0,11996.45,12015.0,09:50:00,11993.932059377124,2,8
2020-02-05,12022.1,12027.15,12010.6,12010.6,09:55:00,11996.614720388829,2,9
2020-02-05,12026.7,12029.1,12019.6,12021.9,10:00:00,11999.4799851137,2,10
2020-02-05,12032.75,12034.85,12027.25,12027.85,10:05:00,12002.648557960014,2,11
2020-02-05,12037.9,12038.95,12030.5,12032.6,10:10:00,12006.0058381543,2,12
2020-02-05,12024.7,12039.15,12023.95,12038.2,10:15:00,12007.786234520556,2,13
2020-02-05,12042.8,12044.75,12023.7,12024.4,10:20:00,12011.12087885193,2,14
2020-02-05,12040.35,12042.9,12035.15,12042.9,10:25:00,12013.904604675556,2,15
2020-02-05,12044.4,12047.6,12033.0,12039.95,10:30:00,12016.80892803979,2,16
2020-02-05,12044.45,12047.4,12039.95,12044.2,10:35:00,12019.44141108362,2,17
2020-02-05,12045.65,12049.6,12039.05,12044.55,10:40:00,12021.937467170896,2,18
2020-02-05,12046.6,12048.75,12038.25,12044.9,10:45:00,12024.286279821286,2,19
2020-02-05,12043.2,12048.3,12035.0,12046.1,10:50:00,12026.087586504977,2,20
2020-02-05,12036.4,12042.05,12034.95,12042.05,10:55:00,12027.06972112355,2,21
2020-02-05,12031.15,12037.5,12026.05,12036.6,11:00:00,12027.458319111782,2,22
2020-02-05,12028.4,12035.35,12027.85,12030.95,11:05:00,12027.548003005895,2,23
2020-02-05,12032.7,12036.7,12027.2,12028.1,11:10:00,12028.038669386287,2,24
2020-02-05,12026.65,12037.35,12025.6,12033.2,11:15:00,12027.90641515902,2,25
2020-02-05,12034.05,12038.05,12026.45,12026.7,11:20:00,12028.49151847721,2,26
2020-02-05,12021.5,12039.2,12020.6,12034.15,11:25:00,12027.82565957462,2,27
2020-02-05,12027.3,12027.3,12016.45,12022.3,11:30:00,12027.775596757989,2,28
2020-02-05,12019.75,12027.45,12016.25,12027.25,11:35:00,12027.011254209609,2,29
2020-02-05,12016.15,12018.7,12010.0,12018.7,11:40:00,12025.976849046789,2,30
2020-02-05,12026.1,12026.2,12012.15,12016.6,11:45:00,12025.988577709,2,31
2020-02-05,12019.6,12027.85,12019.05,12026.8,11:50:00,12025.380141736716,2,32
2020-02-05,11997.1,12019.15,11994.95,12019.15,11:55:00,12022.686794904648,2,33
2020-02-05,11995.05,11996.25,11984.05,11996.25,12:00:00,12020.054719199445,2,34
2020-02-05,11983.5,11996.15,11979.9,11995.95,12:05:00,12016.573317370923,2,35
2020-02-05,11993.0,11997.45,11980.05,11983.85,12:10:00,12014.328239526072,2,36
2020-02-05,12012.45,12013.2,11989.25,11992.7,12:15:00,12014.149359571207,2,37
2020-02-05,12008.9,12012.7,12004.95,12012.4,12:20:00,12013.649420564429,2,38
2020-02-05,12004.2,12010.85,12001.75,12009.3,12:25:00,12012.749475748768,2,39
2020-02-05,12020.8,12023.05,12002.0,12004.05,12:30:00,12013.516192344125,2,40
2020-02-05,12019.25,12027.35,12018.25,12021.05,12:35:00,12014.06226926373,2,41
2020-02-05,12022.2,12023.35,12015.7,12019.8,12:40:00,12014.837291238611,2,42
2020-02-05,12020.2,12024.25,12018.35,12022.45,12:45:00,12015.348025406363,2,43
2020-02-05,12008.15,12023.65,12003.3,12020.7,12:50:00,12014.662499177186,2,44
2020-02-05,12009.8,12013.7,12006.25,12008.25,12:55:00,12014.199404017454,2,45
2020-02-05,12008.95,12010.15,12004.05,12009.9,13:00:00,12013.699460777698,2,46
2020-02-05,12015.25,12019.95,12009.05,12009.2,13:05:00,12013.84713117982,2,47
2020-02-05,12014.65,12015.4,12011.55,12015.2,13:10:00,12013.92359487698,2,48
2020-02-05,12020.6,12023.65,12014.5,12014.5,13:15:00,12014.559442983931,2,49
2020-02-05,12021.55,12022.25,12017.45,12021.1,13:20:00,12015.225210318797,2,50
2020-02-05,12012.85,12022.7,12009.6,12022.05,13:25:00,12014.998999812246,2,51
2020-02-05,12011.8,12015.15,12010.8,12012.95,13:30:00,12014.69433316346,2,52
2020-02-05,12027.75,12032.1,12011.65,12012.35,13:35:00,12015.937730005036,2,53
2020-02-05,12021.55,12027.5,12017.0,12027.45,13:40:00,12016.472231909318,2,54
2020-02-05,12016.8,12025.85,12016.35,12021.15,13:45:00,12016.503447917956,2,55
2020-02-05,12024.7,12025.0,12015.0,12016.9,13:50:00,12017.284071925773,2,56
2020-02-05,12042.25,12044.05,12024.25,12024.9,13:55:00,12019.661779361411,2,57
2020-02-05,12045.9,12046.45,12036.55,12043.75,14:00:00,12022.160657517468,2,58
2020-02-05,12060.65,12067.3,12046.1,12046.1,14:05:00,12025.826309182472,2,59
2020-02-05,12058.35,12063.8,12055.3,12060.95,14:10:00,12028.923803546046,2,60
2020-02-05,12070.35,12078.55,12058.85,12058.85,14:15:00,12032.86915558928,2,61
2020-02-05,12067.9,12070.75,12064.45,12070.4,14:20:00,12036.20542648554,2,62
2020-02-05,12085.0,12087.8,12067.5,12068.15,14:25:00,12040.852528725012,2,63
2020-02-05,12084.4,12091.65,12079.9,12084.7,14:30:00,12044.999906941675,2,64
2020-02-05,12083.55,12085.0,12076.15,12085.0,14:35:00,12048.671344375802,2,65
2020-02-05,12071.3,12084.6,12071.3,12084.55,14:40:00,12050.82645443525,2,66
2020-02-05,12077.0,12081.5,12070.75,12072.1,14:45:00,12053.319173060465,2,67
2020-02-05,12080.15,12084.9,12072.4,12077.15,14:50:00,12055.874489911848,2,68
2020-02-05,12086.1,12092.15,12078.65,12080.1,14:55:00,12058.753109920242,2,69
2020-02-05,12091.5,12098.15,12086.35,12087.1,15:00:00,12061.871861356409,2,70
2020-02-05,12084.7,12092.65,12083.9,12092.0,15:05:00,12064.045969798655,2,71
2020-02-05,12087.4,12089.8,12082.2,12085.35,15:10:00,12066.270163151165,2,72
2020-02-05,12086.65,12088.95,12082.65,12087.15,15:15:00,12068.211099993909,2,73
2020-02-05,12092.3,12092.7,12084.0,12086.9,15:20:00,12070.505280946869,2,74
2020-02-05,12092.8,12097.55,12091.65,12092.95,15:25:00,12072.62858752336,2,75
2020-02-06,12127.95,12144.75,12114.3,12114.3,09:15:00,12077.897293473514,3,1
2020-02-06,12138.35,12142.65,12123.5,12127.4,09:20:00,12083.654694095085,3,2
2020-02-06,12127.75,12139.05,12126.7,12136.6,09:25:00,12087.854247038407,3,3
2020-02-06,12126.6,12127.95,12111.55,12127.55,09:30:00,12091.544318749036,3,4
2020-02-06,12136.05,12140.1,12120.45,12126.25,09:35:00,12095.78295505865,3,5
2020-02-06,12150.15,12151.2,12133.65,12136.2,09:40:00,12100.960768862587,3,6
2020-02-06,12135.15,12151.25,12134.7,12149.6,09:45:00,12104.21688611377,3,7
2020-02-06,12130.3,12141.1,12129.55,12134.6,09:50:00,12106.700992198172,3,8
2020-02-06,12134.2,12135.15,12126.6,12129.8,09:55:00,12109.319945322157,3,9
2020-02-06,12117.1,12134.5,12117.0,12134.5,10:00:00,12110.060902910524,3,10
2020-02-06,12119.8,12125.55,12116.65,12116.65,10:05:00,12110.988435966665,3,11
2020-02-06,12113.15,12123.95,12110.95,12119.55,10:10:00,12111.194299207937,3,12
2020-02-06,12118.4,12121.95,12113.55,12113.55,10:15:00,12111.880556426227,3,13
2020-02-06,12113.85,12122.8,12110.25,12117.9,10:20:00,12112.068122480874,3,14
2020-02-06,12110.85,12118.15,12109.0,12113.9,10:25:00,12111.952110816028,3,15
2020-02-06,12117.4,12117.6,12110.3,12111.05,10:30:00,12112.470957404978,3,16
2020-02-06,12115.7,12117.65,12110.85,12117.25,10:35:00,12112.77848527117,3,17
2020-02-06,12110.6,12117.6,12108.95,12115.8,10:40:00,12112.57101048344,3,18
2020-02-06,12108.85,12111.9,12101.65,12111.0,10:45:00,12112.216628532637,3,19
2020-02-06,12104.45,12109.2,12104.05,12109.2,10:50:00,12111.476949624768,3,20
2020-02-06,12097.15,12104.35,12096.1,12104.15,10:55:00,12110.112478231931,3,21
2020-02-06,12107.3,12108.45,12094.5,12096.8,11:00:00,12109.844623162226,3,22
2020-02-06,12098.15,12111.0,12094.25,12107.5,11:05:00,12108.730849527728,3,23
2020-02-06,12085.1,12099.45,12084.8,12098.5,11:10:00,12106.480292429853,3,24
2020-02-06,12088.05,12097.05,12084.65,12085.35,11:15:00,12104.725026484151,3,25
2020-02-06,12087.5,12094.35,12086.5,12088.1,11:20:00,12103.084547771374,3,26
2020-02-06,12102.9,12103.35,12086.15,12087.05,11:25:00,12103.066971793149,3,27
2020-02-06,12101.3,12108.1,12095.65,12102.3,11:30:00,12102.898688765228,3,28
2020-02-06,12099.0,12104.75,12097.6,12099.95,11:35:00,12102.5273850733,3,29
2020-02-06,12097.2,12100.8,12091.2,12098.65,11:40:00,12102.02001506632,3,30
2020-02-06,12124.9,12135.0,12094.2,12096.15,11:45:00,12104.19906125048,3,31
2020-02-06,12146.25,12149.05,12122.95,12123.9,11:50:00,12108.203912559957,3,32
2020-02-06,12150.05,12156.0,12142.3,12144.95,11:55:00,12112.189254220912,3,33
2020-02-06,12143.5,12152.65,12140.6,12148.9,12:00:00,12115.171230009397,3,34
2020-02-06,12141.9,12143.75,12126.35,12141.45,12:05:00,12117.716827151358,3,35
2020-02-06,12131.0,12143.05,12130.1,12140.4,12:10:00,12118.981891232184,3,36
2020-02-06,12137.2,12137.2,12129.75,12131.2,12:15:00,12120.71694921007,3,37
2020-02-06,12134.35,12141.2,12132.8,12136.7,12:20:00,12122.015334999584,3,38
2020-02-06,12142.25,12142.25,12131.4,12134.1,12:25:00,12123.942445952003,3,39
2020-02-06,12145.3,12145.75,12139.05,12142.6,12:30:00,12125.97649871848,3,40
2020-02-06,12147.65,12149.4,12139.25,12145.15,12:35:00,12128.040641697671,3,41
2020-02-06,12152.25,12155.15,12146.6,12147.25,12:40:00,12130.34629486932,3,42
2020-02-06,12148.25,12154.4,12144.6,12152.95,12:45:00,12132.051409643673,3,43
2020-02-06,12155.5,12156.9,12146.05,12148.45,12:50:00,12134.284608725227,3,44
2020-02-06,12157.7,12159.0,12151.75,12155.45,12:55:00,12136.514645989491,3,45
2020-02-06,12148.1,12157.25,12146.7,12157.2,13:00:00,12137.618013038113,3,46
2020-02-06,12144.55,12150.95,12143.55,12148.25,13:05:00,12138.27820227258,3,47
2020-02-06,12141.0,12145.65,12136.1,12144.4,13:10:00,12138.537421103762,3,48
2020-02-06,12150.85,12152.05,12139.2,12140.55,13:15:00,12139.710047665309,3,49
2020-02-06,12155.2,12155.2,12146.4,12151.05,13:20:00,12141.185281220993,3,50
2020-02-06,12150.4,12156.0,12148.75,12154.7,13:25:00,12142.06287348566,3,51
2020-02-06,12150.65,12152.65,12146.05,12149.9,13:30:00,12142.880695058457,3,52
2020-02-06,12156.15,12160.45,12149.85,12149.95,13:35:00,12144.144438386222,3,53
2020-02-06,12159.0,12160.6,12155.4,12156.05,13:40:00,12145.55925377801,3,54
2020-02-06,12156.0,12159.65,12154.1,12159.35,13:45:00,12146.553610561055,3,55
2020-02-06,12125.1,12155.75,12123.25,12155.75,13:50:00,12144.51040955524,3,56
2020-02-06,12115.85,12125.75,12111.0,12125.75,13:55:00,12141.780846740456,3,57
2020-02-06,12118.2,12127.3,12113.0,12115.75,14:00:00,12139.535051812794,3,58
2020-02-06,12112.05,12124.65,12110.4,12118.3,14:05:00,12136.917427830624,3,59
2020-02-06,12126.5,12130.25,12102.65,12111.8,14:10:00,12135.925291846754,3,60
2020-02-06,12129.2,12129.4,12118.85,12126.2,14:15:00,12135.284787861348,3,61
2020-02-06,12140.35,12140.35,12129.4,12129.4,14:20:00,12135.767189017412,3,62
2020-02-06,12139.85,12141.45,12131.25,12140.7,14:25:00,12136.15602815861,3,63
2020-02-06,12134.35,12141.75,12131.15,12136.6,14:30:00,12135.984025476837,3,64
2020-02-06,12128.9,12135.7,12121.55,12133.45,14:35:00,12135.309356383805,3,65
2020-02-06,12135.55,12137.0,12124.7,12127.9,14:40:00,12135.332274823442,3,66
2020-02-06,12133.9,12136.0,12128.9,12135.35,14:45:00,12135.1958676974,3,67
2020-02-06,12128.3,12135.3,12127.7,12133.85,14:50:00,12134.539118392888,3,68
2020-02-06,12127.8,12131.6,12118.75,12127.2,14:55:00,12133.897297593565,3,69
2020-02-06,12144.9,12146.1,12127.85,12127.85,15:00:00,12134.945174013224,3,70
2020-02-06,12139.75,12147.95,12138.7,12145.0,15:05:00,12135.402776488156,3,71
2020-02-06,12136.55,12141.3,12131.4,12139.4,15:10:00,12135.512035870235,3,72
2020-02-06,12139.5,12140.35,12133.15,12137.0,15:15:00,12135.891841977833,3,73
2020-02-06,12134.05,12139.75,12132.4,12139.15,15:20:00,12135.716428456137,3,74
2020-02-06,12133.25,12134.65,12128.5,12133.85,15:25:00,12135.481530507932,3,75
2020-02-07,12127.1,12150.65,12115.15,12143.4,09:15:00,12134.683289507177,4,1
2020-02-07,12124.15,12127.75,12114.85,12126.25,09:20:00,12133.68011907792,4,2
2020-02-07,12117.6,12125.3,12112.3,12124.25,09:25:00,12132.148679165735,4,3
2020-02-07,12106.75,12117.2,12102.7,12117.2,09:30:00,12129.729757340428,4,4
2020-02-07,12119.0,12122.5,12103.1,12106.85,09:35:00,12128.70787568896,4,5
2020-02-07,12121.85,12131.05,12115.6,12119.25,09:40:00,12128.054744670964,4,6
2020-02-07,12129.3,12129.95,12118.0,12121.2,09:45:00,12128.173340416586,4,7
2020-02-07,12133.75,12137.6,12128.9,12129.15,09:50:00,12128.704450853102,4,8
2020-02-07,12125.1,12134.8,12121.25,12134.25,09:55:00,12128.361169819473,4,9
2020-02-07,12121.7,12126.85,12111.9,12125.15,10:00:00,12127.72677269381,4,10
2020-02-07,12120.3,12121.95,12115.15,12121.6,10:05:00,12127.019461008684,4,11
2020-02-07,12116.6,12129.1,12116.2,12120.75,10:10:00,12126.02713138881,4,12
2020-02-07,12116.1,12118.4,12109.3,12116.85,10:15:00,12125.08169030416,4,13
2020-02-07,12106.0,12115.8,12105.9,12115.8,10:20:00,12123.264386465671,4,14
2020-02-07,12106.95,12110.05,12101.65,12105.95,10:25:00,12121.710635373702,4,15
2020-02-07,12100.05,12106.8,12095.95,12106.8,10:30:00,12119.647717719065,4,16
2020-02-07,12110.05,12116.85,12098.3,12099.0,10:35:00,12118.733649364867,4,17
2020-02-07,12102.55,12110.0,12101.0,12109.7,10:40:00,12117.192349425355,4,18
2020-02-07,12103.95,12109.9,12102.0,12103.55,10:45:00,12115.93117328961,4,19
2020-02-07,12109.95,12111.85,12103.45,12103.6,10:50:00,12115.36153773822,4,20
2020-02-07,12112.15,12113.25,12108.6,12110.25,10:55:00,12115.055677001246,4,21
2020-02-07,12101.0,12112.2,12098.9,12112.0,11:00:00,12113.717041096366,4,22
2020-02-07,12102.65,12107.05,12097.3,12101.05,11:05:00,12112.663037182429,4,23
2020-02-07,12103.6,12104.95,12101.55,12102.6,11:10:00,12111.7998907841,4,24
2020-02-07,12105.8,12105.95,12098.65,12103.65,11:15:00,12111.228472614186,4,25
2020-02-07,12101.3,12107.0,12099.75,12106.3,11:20:00,12110.282903793788,4,26
2020-02-07,12089.15,12101.5,12087.95,12101.45,11:25:00,12108.270246289618,4,27
2020-02-07,12092.5,12092.5,12083.25,12089.05,11:30:00,12106.768318071558,4,28
2020-02-07,12091.95,12094.85,12088.95,12092.3,11:35:00,12105.357049683793,4,29
2020-02-07,12089.55,12095.1,12089.55,12091.9,11:40:00,12103.851616380573,4,30
2020-02-07,12095.35,12097.15,12087.8,12089.4,11:45:00,12103.041938630042,4,31
2020-02-07,12095.05,12097.25,12090.6,12095.2,11:50:00,12102.280801617657,4,32
2020-02-07,12093.0,12097.45,12090.95,12094.9,11:55:00,12101.396915749308,4,33
2020-02-07,12094.05,12096.75,12091.7,12093.25,12:00:00,12100.697209487467,4,34
2020-02-07,12087.05,12094.1,12085.75,12093.65,12:05:00,12099.397475250567,4,35
2020-02-07,12082.9,12089.5,12082.2,12086.75,12:10:00,12097.826287131466,4,36
2020-02-07,12080.7,12083.75,12080.05,12083.65,12:15:00,12096.195212166564,4,37
2020-02-07,12081.75,12084.25,12074.55,12080.55,12:20:00,12094.81947767451,4,38
2020-02-07,12091.2,12093.9,12081.9,12082.05,12:25:00,12094.474765515031,4,39
2020-02-07,12102.25,12112.25,12090.8,12091.9,12:30:00,12095.21526403741,4,40
2020-02-07,12101.25,12107.8,12098.45,12102.9,12:35:00,12095.790000795752,4,41
2020-02-07,12103.35,12104.0,12097.8,12100.9,12:40:00,12096.510000719967,4,42
2020-02-07,12113.7,12116.7,12103.3,12103.3,12:45:00,12098.14714350854,4,43
2020-02-07,12109.5,12117.8,12105.1,12113.9,12:50:00,12099.228367936295,4,44
2020-02-07,12097.95,12109.35,12096.15,12109.35,12:55:00,12099.106618609032,4,45
2020-02-07,12104.05,12104.25,12092.85,12098.05,13:00:00,12099.577416836742,4,46
2020-02-07,12101.95,12109.7,12099.5,12104.15,13:05:00,12099.803377138009,4,47
2020-02-07,12100.5,12102.2,12096.0,12102.05,13:10:00,12099.86972217248,4,48
2020-02-07,12093.05,12104.3,12092.75,12100.6,13:15:00,12099.220224822722,4,49
2020-02-07,12089.45,12095.85,12085.95,12092.8,13:20:00,12098.28972722056,4,50
2020-02-07,12092.45,12093.15,12087.1,12089.4,13:25:00,12097.733562723362,4,51
2020-02-07,12088.25,12093.65,12084.2,12093.65,13:30:00,12096.830366273518,4,52
2020-02-07,12085.45,12088.9,12080.9,12088.0,13:35:00,12095.746521866517,4,53
2020-02-07,12086.6,12093.3,12084.9,12085.2,13:40:00,12094.875424545897,4,54
2020-02-07,12089.55,12095.5,12086.0,12086.9,13:45:00,12094.368241255812,4,55
2020-02-07,12083.75,12089.35,12083.15,12089.35,13:50:00,12093.356980183831,4,56
2020-02-07,12075.7,12087.1,12075.7,12083.95,13:55:00,12091.675363023469,4,57
2020-02-07,12086.25,12086.7,12073.95,12076.0,14:00:00,12091.158661783138,4,58
2020-02-07,12090.15,12091.9,12084.65,12086.55,14:05:00,12091.062598756173,4,59
2020-02-07,12090.9,12094.1,12088.9,12090.55,14:10:00,12091.047113160346,4,60
2020-02-07,12087.65,12091.5,12083.65,12091.5,14:15:00,12090.723578573648,4,61
2020-02-07,12081.9,12089.0,12077.45,12087.75,14:20:00,12089.883237757109,4,62
2020-02-07,12088.65,12092.9,12082.6,12082.6,14:25:00,12089.765786542146,4,63
2020-02-07,12104.35,12108.05,12088.85,12089.25,14:30:00,12091.154759252417,4,64
2020-02-07,12100.6,12104.85,12098.3,12104.05,14:35:00,12092.05430599028,4,65
2020-02-07,12104.45,12106.85,12095.2,12100.8,14:40:00,12093.234848276925,4,66
2020-02-07,12103.95,12111.9,12102.7,12104.15,14:45:00,12094.255338917215,4,67
2020-02-07,12104.65,12106.55,12100.05,12104.2,14:50:00,12095.245306639386,4,68
2020-02-07,12100.5,12108.35,12098.85,12105.15,14:55:00,12095.74575362611,4,69
2020-02-07,12105.9,12109.8,12098.0,12099.3,15:00:00,12096.71282470934,4,70
2020-02-07,12109.3,12113.25,12104.2,12106.2,15:05:00,12097.911603308448,4,71
2020-02-07,12100.9,12109.65,12099.1,12109.4,15:10:00,12098.196212517169,4,72
2020-02-07,12094.6,12101.4,12091.65,12099.95,15:15:00,12097.853716086962,4,73
2020-02-07,12093.0,12097.5,12090.5,12094.65,15:20:00,12097.391457412014,4,74
2020-02-07,12086.4,12093.95,12084.9,12093.55,15:25:00,12096.344651944204,4,75
2020-02-10,12065.9,12099.75,12061.85,12099.75,09:15:00,12093.44516128285,0,1
2020-02-10,12051.75,12066.9,12044.65,12066.6,09:20:00,12089.474193541626,0,2
2020-02-10,12049.65,12056.3,12048.5,12051.55,09:25:00,12085.68141320433,0,3
2020-02-10,12044.7,12051.9,12035.55,12048.85,09:30:00,12081.778421470584,0,4
2020-02-10,12051.0,12057.6,12042.95,12044.05,09:35:00,12078.84714323529,0,5
2020-02-10,12046.95,12053.0,12043.8,12050.15,09:40:00,12075.809320070026,0,6
2020-02-10,12035.65,12049.95,12029.7,12046.65,09:45:00,12071.9846229205,0,7
2020-02-10,12029.55,12040.85,12025.05,12036.15,09:50:00,12067.943230261404,0,8
2020-02-10,12029.7,12031.95,12023.4,12029.25,09:55:00,12064.301017855556,0,9
2020-02-10,12023.8,12029.05,12016.2,12029.05,10:00:00,12060.44377805979,0,10
2020-02-10,12025.8,12030.1,12021.95,12024.3,10:05:00,12057.144370625523,0,11
2020-02-10,12023.8,12025.85,12017.1,12025.7,10:10:00,12053.968716280237,0,12
2020-02-10,12012.75,12024.1,12011.05,12023.65,10:15:00,12050.043124253543,0,13
2020-02-10,12007.5,12012.8,12006.15,12012.8,10:20:00,12045.99139813416,0,14
2020-02-10,12010.4,12010.5,12002.15,12006.1,10:25:00,12042.601741169005,0,15
2020-02-10,11996.25,12009.9,11993.4,12009.9,10:30:00,12038.187289629095,0,16
2020-02-10,11995.05,12000.95,11994.05,11996.4,10:35:00,12034.078976331088,0,17
2020-02-10,12000.4,12001.05,11990.75,11994.95,10:40:00,12030.871454775746,0,18
2020-02-10,12001.9,12003.55,11996.0,12000.2,10:45:00,12028.112268606626,0,19
2020-02-10,12009.45,12009.9,11998.35,12001.65,10:50:00,12026.33490969171,0,20
2020-02-10,12005.25,12010.0,12004.1,12009.05,10:55:00,12024.326823054404,0,21
2020-02-10,12008.9,12009.45,11999.15,12005.55,11:00:00,12022.857601811127,0,22
2020-02-10,12015.0,12017.75,12007.2,12009.0,11:05:00,12022.109258781496,0,23
2020-02-10,12014.45,12018.4,12013.75,12015.7,11:10:00,12021.379805564213,0,24
2020-02-10,12012.25,12015.15,12007.75,12014.25,11:15:00,12020.51030027238,0,25
2020-02-10,12009.15,12013.4,12006.85,12012.3,11:20:00,12019.428366913107,0,26
2020-02-10,12011.95,12012.9,12008.45,12009.3,11:25:00,12018.716141492812,0,27
2020-02-10,12002.65,12011.9,12002.35,12011.9,11:30:00,12017.186032779213,0,28
2020-02-10,12000.15,12006.55,12000.1,12002.35,11:35:00,12015.563553466904,0,29
2020-02-10,12007.4,12009.55,12000.9,12001.05,11:40:00,12014.786072184344,0,30
2020-02-10,12021.6,12023.45,12007.25,12007.25,11:45:00,12015.435017690595,0,31
2020-02-10,12025.1,12028.1,12020.85,12022.6,11:50:00,12016.355492196251,0,32
2020-02-10,12026.45,12028.45,12022.4,12026.0,11:55:00,12017.316873891848,0,33
2020-02-10,12026.95,12028.7,12022.85,12026.65,12:00:00,12018.234314473577,0,34
2020-02-10,12035.55,12036.75,12026.35,12026.35,12:05:00,12019.883427380855,0,35
2020-02-10,12033.45,12036.6,12029.8,12036.15,12:10:00,12021.17548191601,0,36
2020-02-10,12034.2,12036.25,12031.85,12033.6,12:15:00,12022.415912209724,0,37
2020-02-10,12036.9,12041.05,12034.05,12034.45,12:20:00,12023.795349142132,0,38
2020-02-10,12027.9,12037.5,12027.35,12037.4,12:25:00,12024.186268271453,0,39
2020-02-10,12017.5,12029.2,12015.8,12028.05,12:30:00,12023.549480817028,0,40
2020-02-10,12018.25,12020.3,12015.0,12017.4,12:35:00,12023.044768358264,0,41
2020-02-10,12016.2,12023.5,12013.85,12018.7,12:40:00,12022.392885657477,0,42
2020-02-10,12020.9,12021.65,12015.85,12016.05,12:45:00,12022.25070607105,0,43
2020-02-10,12027.55,12030.05,12020.85,12020.85,12:50:00,12022.75540073095,0,44
2020-02-10,12025.0,12028.35,12021.95,12027.4,12:55:00,12022.969172089908,0,45
2020-02-10,12023.15,12027.15,12018.8,12024.55,13:00:00,12022.986393795632,0,46
2020-02-10,12023.7,12023.7,12015.95,12022.8,13:05:00,12023.054356291286,0,47
2020-02-10,12012.25,12024.35,12011.75,12023.8,13:10:00,12022.02536997783,0,48
2020-02-10,12018.7,12020.35,12010.8,12012.3,13:15:00,12021.708668075178,0,49
2020-02-10,12019.4,12023.2,12016.65,12018.9,13:20:00,12021.488794925162,0,50
2020-02-10,12013.5,12020.6,12011.8,12019.95,13:25:00,12020.727957313242,0,51
2020-02-10,12015.15,12015.9,12011.75,12013.45,13:30:00,12020.196723283409,0,52
2020-02-10,12017.0,12018.8,12013.05,12014.6,13:35:00,12019.892273446894,0,53
2020-02-10,12015.7,12017.85,12013.35,12017.05,13:40:00,12019.493009309095,0,54
2020-02-10,12007.6,12017.15,12006.35,12015.55,13:45:00,12018.360341755848,0,55
2020-02-10,12000.8,12010.95,12000.55,12007.05,13:50:00,12016.68792825529,0,56
2020-02-10,12010.0,12011.45,12000.45,12000.6,13:55:00,12016.05098270717,0,57
2020-02-10,12021.0,12026.05,12009.4,12011.0,14:00:00,12016.52231768744,0,58
2020-02-10,12017.5,12024.5,12014.35,12021.2,14:05:00,12016.615430288635,0,59
2020-02-10,12010.6,12018.8,12009.25,12017.6,14:10:00,12016.042532165908,0,60
2020-02-10,12007.7,12010.85,12001.25,12010.25,14:15:00,12015.248005292964,0,61
2020-02-10,12009.35,12016.9,12006.7,12008.2,14:20:00,12014.686290503158,0,62
2020-02-10,12003.55,12009.95,12000.75,12009.85,14:25:00,12013.625691407618,0,63
2020-02-10,12008.7,12009.1,12001.95,12003.25,14:30:00,12013.156577940226,0,64
2020-02-10,12011.75,12014.75,12006.85,12008.6,14:35:00,12013.022618136396,0,65
2020-02-10,12009.2,12017.65,12009.1,12012.6,14:40:00,12012.658559266263,0,66
2020-02-10,12005.4,12009.4,12004.1,12009.0,14:45:00,12011.967267907572,0,67
2020-02-10,12004.5,12008.6,12003.4,12005.25,14:50:00,12011.256099535422,0,68
2020-02-10,12008.8,12010.5,12003.85,12005.2,14:55:00,12011.022185293954,0,69
2020-02-10,12020.5,12020.5,12006.4,12008.45,15:00:00,12011.924834313577,0,70
2020-02-10,12032.95,12034.2,12020.65,12020.65,15:05:00,12013.927231045618,0,71
2020-02-10,12038.75,12039.4,12031.3,12032.8,15:10:00,12016.291304279368,0,72
2020-02-10,12038.05,12041.6,12032.3,12039.05,15:15:00,12018.363561014668,0,73
2020-02-10,12040.5,12041.1,12034.6,12036.65,15:20:00,12020.471793298984,0,74
2020-02-10,12036.8,12043.2,12035.2,12039.85,15:25:00,12022.026860603844,0,75
2020-02-11,12130.65,12133.8,12103.1,12104.8,09:15:00,12032.371921498714,1,1
2020-02-11,12138.25,12146.2,12132.45,12132.45,09:20:00,12042.455548022646,1,2
2020-02-11,12141.1,12141.1,12130.8,12137.65,09:25:00,12051.850257734775,1,3
2020-02-11,12157.65,12162.05,12145.25,12145.25,09:30:00,12061.926423664798,1,4
2020-02-11,12153.3,12158.75,12150.75,12157.3,09:35:00,12070.628669030057,1,5
2020-02-11,12145.05,12154.35,12143.15,12153.1,09:40:00,12077.716414836716,1,6
2020-02-11,12159.25,12159.5,12144.65,12144.65,09:45:00,12085.4815181856,1,7
2020-02-11,12155.95,12161.7,12155.95,12159.05,09:50:00,12092.192802167923,1,8
2020-02-11,12163.85,12167.15,12156.05,12156.05,09:55:00,12099.017297199553,1,9
2020-02-11,12163.35,12172.3,12163.1,12163.5,10:00:00,12105.144221275785,1,10
2020-02-11,12157.5,12163.3,12156.85,12162.65,10:05:00,12110.130485916186,1,11
2020-02-11,12157.7,12157.95,12154.45,12157.05,10:10:00,12114.66091582893,1,12
2020-02-11,12150.9,12158.25,12146.45,12157.3,10:15:00,12118.112257178556,1,13
2020-02-11,12156.75,12158.7,12148.95,12150.55,10:20:00,12121.79204220917,1,14
2020-02-11,12150.5,12157.3,12150.25,12156.3,10:25:00,12124.526133427344,1,15
2020-02-11,12147.75,12151.3,12145.35,12150.45,10:30:00,12126.737930243788,1,16
2020-02-11,12146.8,12150.4,12145.7,12147.25,10:35:00,12128.648603553904,1,17
2020-02-11,12144.8,12145.75,12141.7,12145.55,10:40:00,12130.186831786865,1,18
2020-02-11,12152.5,12153.7,12143.75,12143.95,10:45:00,12132.311895426212,1,19
2020-02-11,12145.75,12155.15,12145.75,12152.45,10:50:00,12133.59171490943,1,20
2020-02-11,12145.4,12146.55,12141.8,12145.8,10:55:00,12134.716313489484,1,21
2020-02-11,12148.9,12148.9,12142.8,12145.1,11:00:00,12136.067140776198,1,22
2020-02-11,12143.65,12150.1,12142.4,12148.35,11:05:00,12136.789317845132,1,23
2020-02-11,12139.3,12143.95,12138.55,12143.05,11:10:00,12137.02843043131,1,24
2020-02-11,12143.65,12144.45,12136.65,12138.9,11:15:00,12137.659056104518,1,25
2020-02-11,12139.0,12146.25,12137.95,12143.5,11:20:00,12137.786765046943,1,26
2020-02-11,12136.85,12139.0,12133.25,12138.35,11:25:00,12137.697549328188,1,27
2020-02-11,12141.45,12142.5,12136.65,12137.3,11:30:00,12138.054925582646,1,28
2020-02-11,12140.05,12142.65,12138.5,12140.75,11:35:00,12138.244932670012,1,29
2020-02-11,12136.85,12140.85,12136.0,12139.85,11:40:00,12138.112081939536,1,30
2020-02-11,12139.5,12141.35,12135.7,12136.55,11:45:00,12138.24426461196,1,31
2020-02-11,12137.65,12141.25,12136.35,12139.3,11:50:00,12138.18766798225,1,32
2020-02-11,12131.55,12137.5,12130.55,12136.8,11:55:00,12137.555509126798,1,33
2020-02-11,12128.35,12133.85,12125.75,12131.0,12:00:00,12136.678793971863,1,34
2020-02-11,12124.05,12130.0,12123.1,12128.0,12:05:00,12135.47605168883,1,35
2020-02-11,12124.45,12126.2,12122.85,12123.55,12:10:00,12134.425951527988,1,36
2020-02-11,12122.05,12123.85,12114.95,12123.75,12:15:00,12133.247289477704,1,37
2020-02-11,12129.5,12129.95,12123.3,12123.4,12:20:00,12132.89040476554,1,38
2020-02-11,12126.25,12129.8,12125.0,12129.0,12:25:00,12132.25798526406,1,39
2020-02-11,12129.7,12130.05,12125.3,12125.95,12:30:00,12132.014367619866,1,40
2020-02-11,12134.75,12137.15,12129.8,12129.8,12:35:00,12132.274904037022,1,41
2020-02-11,12137.7,12138.6,12133.5,12133.85,12:40:00,12132.79157984302,1,42
2020-02-11,12133.15,12137.25,12130.85,12137.2,12:45:00,12132.825715096064,1,43
2020-02-11,12130.85,12133.7,12128.7,12132.85,12:50:00,12132.637551753582,1,44
2020-02-11,12136.8,12138.85,12128.45,12130.65,12:55:00,12133.033975396098,1,45
2020-02-11,12135.65,12138.3,12135.0,12136.55,13:00:00,12133.283120596469,1,46
2020-02-11,12136.8,12137.75,12134.65,12135.35,13:05:00,12133.618061492043,1,47
2020-02-11,12139.75,12142.4,12134.3,12135.9,13:10:00,12134.202055635658,1,48
2020-02-11,12136.55,12140.1,12135.8,12139.45,13:15:00,12134.425669384644,1,49
2020-02-11,12138.55,12139.8,12136.0,12136.25,13:20:00,12134.818462776582,1,50
2020-02-11,12134.65,12139.6,12133.7,12138.05,13:25:00,12134.802418702622,1,51
2020-02-11,12139.7,12139.9,12130.75,12134.0,13:30:00,12135.26885501666,1,52
2020-02-11,12146.3,12147.85,12136.35,12139.1,13:35:00,12136.319440253166,1,53
2020-02-11,12144.5,12148.4,12142.2,12145.4,13:40:00,12137.098541181436,1,54
2020-02-11,12146.95,12148.95,12143.45,12143.65,13:45:00,12138.036775354632,1,55
2020-02-11,12146.75,12150.9,12142.8,12146.7,13:50:00,12138.86660627324,1,56
2020-02-11,12147.35,12148.95,12145.5,12146.0,13:55:00,12139.67454853293,1,57
2020-02-11,12145.2,12148.0,12141.45,12147.25,14:00:00,12140.200782005984,1,58
2020-02-11,12145.45,12146.15,12143.0,12144.65,14:05:00,12140.700707529224,1,59
2020-02-11,12131.95,12146.55,12131.65,12145.1,14:10:00,12139.867306812155,1,60
2020-02-11,12127.65,12137.7,12121.25,12132.55,14:15:00,12138.703753782424,1,61
2020-02-11,12132.6,12134.8,12127.15,12127.35,14:20:00,12138.122443898385,1,62
2020-02-11,12138.15,12138.15,12129.85,12132.2,14:25:00,12138.125068289017,1,63
2020-02-11,12131.85,12139.0,12131.85,12137.5,14:30:00,12137.52744273768,1,64
2020-02-11,12128.1,12130.95,12124.55,12130.95,14:35:00,12136.629591048377,1,65
2020-02-11,12117.2,12128.1,12111.05,12127.55,14:40:00,12134.779153805672,1,66
2020-02-11,12119.9,12120.7,12111.7,12115.95,14:45:00,12133.362091538464,1,67
2020-02-11,12121.05,12122.65,12117.1,12119.3,14:50:00,12132.189511391944,1,68
2020-02-11,12109.45,12120.8,12109.45,12120.05,14:55:00,12130.02384364033,1,69
2020-02-11,12110.95,12115.7,12105.25,12109.55,15:00:00,12128.207287103156,1,70
2020-02-11,12107.25,12111.3,12104.7,12110.35,15:05:00,12126.211354998091,1,71
2020-02-11,12114.35,12114.7,12099.0,12106.8,15:10:00,12125.081702141131,1,72
2020-02-11,12105.85,12115.85,12102.45,12113.95,15:15:00,12123.250111461024,1,73
2020-02-11,12105.9,12107.1,12100.75,12105.6,15:20:00,12121.597719893309,1,74
2020-02-11,12110.65,12114.25,12105.65,12105.95,15:25:00,12120.555079903468,1,75
2020-02-12,12180.35,12186.2,12144.3,12148.3,09:15:00,12131.402230941389,2,1
2020-02-12,12199.55,12200.65,12183.35,12183.35,09:20:00,12137.892494661255,2,2
2020-02-12,12206.3,12209.8,12194.85,12199.15,09:25:00,12144.407495169708,2,3
2020-02-12,12207.45,12211.8,12202.7,12206.4,09:30:00,12150.411543248783,2,4
2020-02-12,12200.95,12209.85,12200.1,12207.35,09:35:00,12155.22472960604,2,5
2020-02-12,12206.8,12207.55,12200.1,12201.05,09:40:00,12160.136660119751,2,6
2020-02-12,12208.1,12210.6,12205.35,12206.5,09:45:00,12164.704597251202,2,7
2020-02-12,12205.35,12208.9,12197.8,12208.2,09:50:00,12168.575587989182,2,8
2020-02-12,12205.95,12208.4,12204.25,12205.3,09:55:00,12172.135055799738,2,9
2020-02-12,12214.5,12218.05,12206.45,12206.45,10:00:00,12176.16981239024,2,10
2020-02-12,12214.05,12216.4,12209.65,12214.1,10:05:00,12179.777449305457,2,11
2020-02-12,12222.4,12222.4,12214.3,12214.3,10:10:00,12183.836739847791,2,12
2020-02-12,12223.6,12227.05,12220.15,12222.0,10:15:00,12187.623717005144,2,13
2020-02-12,12219.95,12223.15,12218.5,12223.15,10:20:00,12190.702410623704,2,14
2020-02-12,12222.3,12223.85,12218.35,12219.7,10:25:00,12193.711704850017,2,15
2020-02-12,12231.3,12231.75,12221.15,12222.45,10:30:00,12197.291542483348,2,16
2020-02-12,12223.2,12231.25,12223.2,12230.7,10:35:00,12199.75901462779,2,17
2020-02-12,12216.65,12223.8,12216.0,12223.15,10:40:00,12201.367679901336,2,18
2020-02-12,12212.65,12217.35,12209.85,12216.7,10:45:00,12202.442186577398,2,19
2020-02-12,12207.3,12213.3,12203.4,12212.7,10:50:00,12202.90483547479,2,20
2020-02-12,12201.25,12211.3,12201.05,12207.1,10:55:00,12202.74723209624,2,21
2020-02-12,12205.45,12205.9,12199.35,12200.8,11:00:00,12203.004638563263,2,22
2020-02-12,12208.1,12210.7,12205.25,12205.65,11:05:00,12203.489911081047,2,23
2020-02-12,12209.1,12210.45,12207.35,12208.05,11:10:00,12204.024205263804,2,24
2020-02-12,12202.7,12209.95,12201.8,12209.2,11:15:00,12203.898090476774,2,25
2020-02-12,12204.9,12206.2,12202.0,12202.85,11:20:00,12203.993510431366,2,26
2020-02-12,12207.35,12207.6,12202.3,12203.8,11:25:00,12204.31317610457,2,27
2020-02-12,12212.3,12212.65,12206.75,12207.55,11:30:00,12205.073825999374,2,28
2020-02-12,12211.25,12212.0,12207.5,12211.9,11:35:00,12205.662033047052,2,29
2020-02-12,12214.7,12215.5,12209.9,12212.0,11:40:00,12206.522791804477,2,30
2020-02-12,12216.2,12217.55,12213.85,12214.65,11:45:00,12207.444430680242,2,31
2020-02-12,12206.0,12217.55,12205.85,12216.45,11:50:00,12207.306865853552,2,32
2020-02-12,12195.8,12206.55,12189.1,12206.55,11:55:00,12206.2109738675,2,33
2020-02-12,12187.45,12199.0,12186.85,12196.05,12:00:00,12204.424214451548,2,34
2020-02-12,12196.0,12196.95,12187.05,12187.4,12:05:00,12203.621908313304,2,35
2020-02-12,12198.0,12200.85,12195.3,12196.5,12:10:00,12203.086488473942,2,36
2020-02-12,12193.65,12199.25,12191.25,12198.75,12:15:00,12202.187775285947,2,37
2020-02-12,12193.25,12195.4,12191.2,12194.05,12:20:00,12201.336558592047,2,38
2020-02-12,12195.35,12196.45,12188.45,12193.4,12:25:00,12200.76641015471,2,39
2020-02-12,12195.6,12198.35,12194.7,12195.5,12:30:00,12200.274371092357,2,40
2020-02-12,12198.6,12200.05,12192.15,12195.8,12:35:00,12200.1149071788,2,41
2020-02-12,12198.75,12200.4,12196.7,12198.65,12:40:00,12199.984916018911,2,42
2020-02-12,12204.85,12205.1,12199.35,12199.35,12:45:00,12200.448257350445,2,43
2020-02-12,12204.6,12206.7,12202.6,12205.3,12:50:00,12200.843661412307,2,44
2020-02-12,12200.25,12205.0,12199.8,12205.0,12:55:00,12200.787122230182,2,45
2020-02-12,12198.05,12200.85,12197.5,12200.5,13:00:00,12200.526443922548,2,46
2020-02-12,12200.95,12201.4,12195.2,12197.9,13:05:00,12200.56678259659,2,47
2020-02-12,12198.25,12203.2,12198.05,12200.65,13:10:00,12200.346136635011,2,48
2020-02-12,12196.0,12198.6,12194.7,12198.3,13:15:00,12199.932218860247,2,49
2020-02-12,12200.6,12201.05,12195.4,12195.95,13:20:00,12199.995817064037,2,50
2020-02-12,12200.15,12201.65,12197.4,12200.5,13:25:00,12200.010501153174,2,51
2020-02-12,12201.35,12202.9,12199.1,12200.65,13:30:00,12200.138072471918,2,52
2020-02-12,12192.6,12203.5,12191.95,12201.6,13:35:00,12199.420160807927,2,53
2020-02-12,12191.3,12195.5,12187.15,12192.1,13:40:00,12198.646812159554,2,54
2020-02-12,12192.45,12194.75,12190.15,12191.4,13:45:00,12198.05663957293,2,55
2020-02-12,12191.0,12195.95,12190.8,12192.5,13:50:00,12197.384578661222,2,56
2020-02-12,12200.65,12202.65,12190.9,12191.5,13:55:00,12197.695571169676,2,57
2020-02-12,12216.25,12219.55,12200.2,12200.5,14:00:00,12199.46265962971,2,58
2020-02-12,12216.1,12216.8,12210.7,12216.55,14:05:00,12201.047168236404,2,59
2020-02-12,12208.75,12217.6,12208.4,12215.9,14:10:00,12201.780771261509,2,60
2020-02-12,12209.15,12212.8,12207.75,12208.5,14:15:00,12202.482602569937,2,61
2020-02-12,12213.45,12215.0,12208.45,12209.8,14:20:00,12203.527116610894,2,62
2020-02-12,12210.1,12214.25,12208.9,12213.0,14:25:00,12204.153105505096,2,63
2020-02-12,12203.35,12211.15,12202.8,12209.85,14:30:00,12204.076619266514,2,64
2020-02-12,12208.2,12211.3,12203.65,12203.8,14:35:00,12204.469322193512,2,65
2020-02-12,12208.55,12210.35,12206.5,12208.15,14:40:00,12204.857958175084,2,66
2020-02-12,12207.0,12210.1,12206.7,12208.05,14:45:00,12205.061962158408,2,67
2020-02-12,12204.25,12207.4,12201.9,12207.15,14:50:00,12204.984632429036,2,68
2020-02-12,12206.7,12207.9,12204.2,12204.7,14:55:00,12205.148000769128,2,69
2020-02-12,12204.85,12219.0,12204.85,12208.0,15:00:00,12205.119619743497,2,70
2020-02-12,12202.95,12204.8,12199.85,12204.8,15:05:00,12204.912989291734,2,71
2020-02-12,12194.45,12203.1,12194.25,12202.65,15:10:00,12203.916514121092,2,72
2020-02-12,12199.2,12201.35,12194.2,12194.2,15:15:00,12203.467322300035,2,73
2020-02-12,12198.65,12202.45,12198.25,12199.0,15:20:00,12203.008529700031,2,74
2020-02-12,12203.55,12204.1,12198.35,12198.55,15:25:00,12203.06009830003,2,75
2020-02-13,12183.3,12216.1,12180.7,12216.1,09:15:00,12201.178184176217,3,1
2020-02-13,12183.15,12187.3,12177.35,12182.7,09:20:00,12199.461214254672,3,2
2020-02-13,12186.45,12188.1,12178.25,12182.8,09:25:00,12198.222050992325,3,3
2020-02-13,12184.4,12190.8,12181.2,12186.5,09:30:00,12196.905665183527,3,4
2020-02-13,12174.15,12186.05,12171.6,12184.6,09:35:00,12194.738458975577,3,5
2020-02-13,12177.05,12177.95,12172.0,12173.95,09:40:00,12193.053843835043,3,6
2020-02-13,12174.25,12177.8,12170.55,12177.25,09:45:00,12191.26300156504,3,7
2020-02-13,12170.2,12175.65,12169.1,12174.3,09:50:00,12189.25700141599,3,8
2020-02-13,12160.0,12170.55,12158.05,12170.05,09:55:00,12186.470620328751,3,9
2020-02-13,12165.65,12167.35,12156.15,12159.8,10:00:00,12184.487704106969,3,10
2020-02-13,12163.5,12167.15,12161.2,12165.85,10:05:00,12182.488875144398,3,11
2020-02-13,12167.8,12169.25,12163.25,12163.65,10:10:00,12181.089934654456,3,12
2020-02-13,12163.85,12169.0,12162.35,12167.7,10:15:00,12179.448036115937,3,13
2020-02-13,12158.4,12164.25,12156.4,12163.9,10:20:00,12177.443461247753,3,14
2020-02-13,12153.25,12162.95,12151.95,12157.85,10:25:00,12175.1393220813,3,15
2020-02-13,12154.1,12156.45,12152.0,12152.95,10:30:00,12173.135577121177,3,16
2020-02-13,12156.7,12159.2,12154.2,12154.35,10:35:00,12171.570284062016,3,17
2020-02-13,12156.3,12157.45,12154.3,12156.8,10:40:00,12170.115971294204,3,18
2020-02-13,12162.7,12164.7,12156.35,12156.8,10:45:00,12169.409688313805,3,19
2020-02-13,12159.8,12162.95,12159.05,12162.45,10:50:00,12168.494479902964,3,20
2020-02-13,12158.35,12161.0,12158.05,12160.3,10:55:00,12167.528338959826,3,21
2020-02-13,12159.35,12160.2,12156.85,12158.45,11:00:00,12166.74944953508,3,22
2020-02-13,12168.6,12170.4,12159.25,12159.7,11:05:00,12166.9256924365,3,23
2020-02-13,12162.75,12169.2,12161.9,12168.4,11:10:00,12166.528007442548,3,24
2020-02-13,12159.35,12165.0,12158.75,12163.25,11:15:00,12165.844387686117,3,25
2020-02-13,12162.45,12163.2,12157.35,12159.65,11:20:00,12165.52111266839,3,26
2020-02-13,12159.45,12163.95,12159.35,12163.45,11:25:00,12164.942911461876,3,27
2020-02-13,12158.5,12161.15,12157.95,12159.9,11:30:00,12164.32930084646,3,28
2020-02-13,12153.25,12159.05,12153.1,12158.95,11:35:00,12163.274129337276,3,29
2020-02-13,12154.2,12154.95,12152.2,12153.45,11:40:00,12162.409926543249,3,30
2020-02-13,12146.3,12154.25,12145.75,12154.05,11:45:00,12160.875647824843,3,31
2020-02-13,12147.3,12149.75,12145.3,12146.65,11:50:00,12159.582728984382,3,32
2020-02-13,12146.5,12148.5,12144.4,12147.05,11:55:00,12158.336754795391,3,33
2020-02-13,12146.65,12147.2,12143.5,12145.4,12:00:00,12157.223730529164,3,34
2020-02-13,12148.9,12150.5,12145.4,12146.3,12:05:00,12156.43099428829,3,35
2020-02-13,12147.25,12150.05,12145.35,12148.6,12:10:00,12155.556613879882,3,36
2020-02-13,12145.4,12147.65,12143.3,12147.65,12:15:00,12154.589317319897,3,37
2020-02-13,12141.85,12145.35,12139.8,12145.35,12:20:00,12153.376049003717,3,38
2020-02-13,12144.4,12145.25,12141.45,12141.5,12:25:00,12152.521187193835,3,39
2020-02-13,12142.8,12148.4,12142.45,12144.5,12:30:00,12151.595359842044,3,40
2020-02-13,12145.3,12145.45,12141.55,12142.9,12:35:00,12150.995801761848,3,41
2020-02-13,12143.5,12145.15,12141.4,12144.8,12:40:00,12150.281915879768,3,42
2020-02-13,12153.35,12153.35,12142.0,12143.2,12:45:00,12150.574114367408,3,43
2020-02-13,12155.95,12156.4,12151.45,12153.15,12:50:00,12151.086103475274,3,44
2020-02-13,12152.45,12158.15,12150.45,12156.6,12:55:00,12151.215998382391,3,45
2020-02-13,12158.25,12158.75,12151.75,12152.6,13:00:00,12151.885903298353,3,46
2020-02-13,12159.6,12161.15,12157.45,12158.4,13:05:00,12152.620579174702,3,47
2020-02-13,12157.3,12161.5,12156.0,12159.2,13:10:00,12153.06623830092,3,48
2020-02-13,12149.9,12157.4,12149.45,12157.2,13:15:00,12152.76469179607,3,49
2020-02-13,12145.75,12152.25,12143.7,12150.1,13:20:00,12152.09662591073,3,50
2020-02-13,12144.0,12147.05,12140.3,12146.05,13:25:00,12151.325518681137,3,51
2020-02-13,12147.35,12148.85,12140.4,12144.3,13:30:00,12150.94689785436,3,52
2020-02-13,12148.35,12152.0,12146.1,12147.2,13:35:00,12150.699574249184,3,53
2020-02-13,12144.8,12150.1,12144.2,12148.4,13:40:00,12150.137710034976,3,54
2020-02-13,12142.0,12145.55,12141.1,12144.85,13:45:00,12149.362690031645,3,55
2020-02-13,12148.7,12152.35,12141.55,12142.05,13:50:00,12149.299576695295,3,56
2020-02-13,12146.2,12150.0,12146.05,12148.65,13:55:00,12149.004378914791,3,57
2020-02-13,12150.4,12151.35,12145.7,12146.55,14:00:00,12149.13729520862,3,58
2020-02-13,12145.8,12152.05,12145.7,12150.35,14:05:00,12148.819457569703,3,59
2020-02-13,12148.55,12148.55,12145.6,12146.55,14:10:00,12148.793794944017,3,60
2020-02-13,12158.5,12159.35,12147.2,12148.35,14:15:00,12149.71819542554,3,61
2020-02-13,12158.5,12159.65,12155.3,12157.85,14:20:00,12150.554557765963,3,62
2020-02-13,12156.55,12159.55,12152.55,12158.55,14:25:00,12151.125552264444,3,63
2020-02-13,12155.15,12160.7,12154.85,12156.4,14:30:00,12151.508833001164,3,64
2020-02-13,12161.55,12165.7,12154.6,12156.35,14:35:00,12152.4651346201,3,65
2020-02-13,12162.15,12165.45,12159.05,12162.7,14:40:00,12153.38750275152,3,66
2020-02-13,12166.05,12167.9,12160.35,12161.85,14:45:00,12154.59345487042,3,67
2020-02-13,12159.2,12167.9,12159.2,12166.15,14:50:00,12155.03217345419,3,68
2020-02-13,12153.45,12159.85,12149.7,12159.8,14:55:00,12154.881490268075,3,69
2020-02-13,12172.6,12174.15,12153.9,12154.15,15:00:00,12156.568967385405,3,70
2020-02-13,12172.7,12176.25,12169.65,12172.1,15:05:00,12158.10525620584,3,71
2020-02-13,12174.5,12176.3,12170.1,12173.45,15:10:00,12159.666660376712,3,72
2020-02-13,12180.0,12180.9,12172.9,12175.15,15:15:00,12161.603168912265,3,73
2020-02-13,12177.25,12180.55,12176.65,12180.4,15:20:00,12163.09334330157,3,74
2020-02-13,12166.9,12179.5,12166.9,12177.95,15:25:00,12163.455882034754,3,75
2020-02-14,12231.3,12232.05,12194.6,12197.75,09:15:00,12169.917226602873,4,1
2020-02-14,12232.15,12239.85,12230.9,12231.55,09:20:00,12175.8441574026,4,2
2020-02-14,12238.15,12240.65,12231.4,12232.25,09:25:00,12181.77804717378,4,3
2020-02-14,12233.65,12246.7,12231.75,12238.5,09:30:00,12186.718233157231,4,4
2020-02-14,12229.2,12239.2,12228.9,12233.4,09:35:00,12190.764115713686,4,5
2020-02-14,12226.6,12230.2,12221.4,12229.25,09:40:00,12194.177057074288,4,6
2020-02-14,12215.75,12229.7,12213.0,12227.6,09:45:00,12196.231623067211,4,7
2020-02-14,12215.9,12223.05,12214.15,12215.55,09:50:00,12198.104801822716,4,8
2020-02-14,12211.25,12218.9,12207.5,12215.7,09:55:00,12199.356725458649,4,9
2020-02-14,12195.7,12210.8,12195.7,12210.8,10:00:00,12199.008465891158,4,10
2020-02-14,12201.2,12206.4,12194.4,12195.45,10:05:00,12199.217183425331,4,11
2020-02-14,12199.3,12201.7,12194.25,12201.15,10:10:00,12199.22507071816,4,12
2020-02-14,12200.4,12208.55,12198.95,12199.6,10:15:00,12199.336968745,4,13
2020-02-14,12208.05,12208.95,12199.95,12200.15,10:20:00,12200.166781245474,4,14
2020-02-14,12203.8,12209.85,12203.7,12207.8,10:25:00,12200.512802079238,4,15
2020-02-14,12208.05,12211.55,12203.65,12204.0,10:30:00,12201.230630452645,4,16
2020-02-14,12207.8,12208.7,12205.65,12208.4,10:35:00,12201.856284695248,4,17
2020-02-14,12192.6,12208.4,12192.1,12208.35,10:40:00,12200.974733771893,4,18
2020-02-14,12176.85,12194.2,12175.1,12192.3,10:45:00,12198.677140079331,4,19
2020-02-14,12147.75,12176.2,12126.45,12176.2,10:50:00,12193.826936262252,4,20
2020-02-14,12126.8,12146.55,12097.9,12146.55,10:55:00,12187.44341852299,4,21
2020-02-14,12123.3,12134.7,12118.15,12125.6,11:00:00,12181.3345215208,4,22
2020-02-14,12103.75,12126.2,12103.5,12122.7,11:05:00,12173.9455194712,4,23
2020-02-14,12122.15,12127.25,12101.9,12103.2,11:10:00,12169.012612854896,4,24
2020-02-14,12130.2,12131.3,12117.4,12122.5,11:15:00,12165.316173535382,4,25
2020-02-14,12125.0,12131.5,12122.45,12130.4,11:20:00,12161.476537960583,4,26
2020-02-14,12143.7,12145.35,12121.35,12124.15,11:25:00,12159.78353434529,4,27
2020-02-14,12153.15,12172.45,12143.05,12143.8,11:30:00,12159.151769169548,4,28
2020-02-14,12162.9,12165.95,12151.6,12153.65,11:35:00,12159.508743534354,4,29
2020-02-14,12162.95,12183.35,12161.2,12163.35,11:40:00,12159.836482245368,4,30
2020-02-14,12156.9,12163.25,12149.5,12163.25,11:45:00,12159.556817269618,4,31
2020-02-14,12155.45,12164.55,12151.3,12156.7,11:50:00,12159.16569181537,4,32
2020-02-14,12149.35,12160.05,12147.8,12155.65,11:55:00,12158.23086402343,4,33
2020-02-14,12162.35,12166.5,12147.7,12149.65,12:00:00,12158.623162687863,4,34
2020-02-14,12164.95,12172.35,12160.25,12161.9,12:05:00,12159.225718622354,4,35
2020-02-14,12160.25,12168.65,12155.35,12166.0,12:10:00,12159.32326922975,4,36
2020-02-14,12163.55,12165.5,12159.65,12160.0,12:15:00,12159.725815017391,4,37
2020-02-14,12160.05,12163.75,12157.35,12163.35,12:20:00,12159.75668977764,4,38
2020-02-14,12160.5,12165.0,12158.95,12160.15,12:25:00,12159.827481227388,4,39
2020-02-14,12152.5,12160.6,12151.75,12160.4,12:30:00,12159.1296258724,4,40
2020-02-14,12147.95,12158.5,12146.8,12152.15,12:35:00,12158.06489959884,4,41
2020-02-14,12152.05,12155.9,12144.4,12147.85,12:40:00,12157.492052018,4,42
2020-02-14,12157.55,12160.0,12150.9,12151.5,12:45:00,12157.497570873427,4,43
2020-02-14,12154.7,12158.2,12153.65,12157.7,12:50:00,12157.231135552149,4,44
2020-02-14,12149.05,12159.45,12148.4,12155.65,12:55:00,12156.451979785275,4,45
2020-02-14,12153.9,12158.3,12148.35,12149.4,13:00:00,12156.20893409144,4,46
2020-02-14,12154.6,12157.85,12152.1,12154.3,13:05:00,12156.055702273208,4,47
2020-02-14,12152.3,12158.35,12150.85,12155.65,13:10:00,12155.698016342429,4,48
2020-02-14,12147.35,12153.2,12143.65,12152.75,13:15:00,12154.902967166958,4,49
2020-02-14,12134.05,12150.9,12134.05,12147.15,13:20:00,12152.916970293914,4,50
2020-02-14,12132.25,12140.05,12130.2,12133.8,13:25:00,12150.94868740878,4,51
2020-02-14,12129.85,12139.0,12127.7,12132.4,13:30:00,12148.939288607944,4,52
2020-02-14,12125.05,12130.95,12123.3,12130.3,13:35:00,12146.66411826433,4,53
2020-02-14,12130.6,12132.6,12124.5,12125.65,13:40:00,12145.134202239156,4,54
2020-02-14,12134.9,12138.4,12128.1,12130.7,13:45:00,12144.159516311618,4,55
2020-02-14,12130.95,12137.0,12128.15,12135.15,13:50:00,12142.901467139083,4,56
2020-02-14,12141.45,12142.4,12130.5,12131.65,13:55:00,12142.763232173456,4,57
2020-02-14,12148.3,12152.15,12141.35,12141.6,14:00:00,12143.290543395033,4,58
2020-02-14,12149.5,12151.8,12147.4,12149.45,14:05:00,12143.881920214551,4,59
2020-02-14,12145.2,12149.25,12140.05,12149.15,14:10:00,12144.007451622692,4,60
2020-02-14,12142.9,12145.6,12138.15,12145.0,14:15:00,12143.90198003958,4,61
2020-02-14,12133.65,12145.35,12133.65,12142.75,14:20:00,12142.925600988192,4,62
2020-02-14,12127.55,12136.15,12127.55,12133.4,14:25:00,12141.461258036936,4,63
2020-02-14,12128.15,12130.15,12120.95,12127.4,14:30:00,12140.193519176277,4,64
2020-02-14,12110.05,12128.25,12109.6,12128.25,14:35:00,12137.322707826152,4,65
2020-02-14,12096.6,12111.05,12095.2,12110.25,14:40:00,12133.444354699852,4,66
2020-02-14,12100.35,12100.55,12091.2,12096.5,14:45:00,12130.292511395104,4,67
2020-02-14,12106.0,12108.05,12098.15,12100.7,14:50:00,12127.978938881286,4,68
2020-02-14,12117.15,12118.2,12102.7,12106.75,14:55:00,12126.947611368783,4,69
2020-02-14,12118.55,12125.5,12113.55,12117.75,15:00:00,12126.14783885747,4,70
2020-02-14,12118.2,12120.2,12113.05,12118.35,15:05:00,12125.390901823426,4,71
2020-02-14,12114.8,12118.9,12110.7,12118.1,15:10:00,12124.382244506907,4,72
2020-02-14,12106.8,12118.5,12105.7,12114.75,15:15:00,12122.70774503006,4,73
2020-02-14,12112.85,12113.6,12104.65,12106.95,15:20:00,12121.768912170057,4,74
2020-02-14,12112.6,12113.4,12107.35,12112.7,15:25:00,12120.895682439574,4,75
2020-02-17,12153.35,12159.6,12116.2,12127.5,09:15:00,12123.986569826282,0,1
2020-02-17,12093.45,12154.15,12085.35,12152.45,09:20:00,12121.078325080922,0,2
2020-02-17,12089.35,12097.7,12081.15,12091.45,09:25:00,12118.05657983512,0,3
2020-02-17,12089.5,12096.85,12073.65,12088.8,09:30:00,12115.33690556511,0,4
2020-02-17,12125.55,12135.3,12087.55,12089.55,09:35:00,12116.309581225574,0,5
2020-02-17,12119.95,12126.2,12104.7,12125.85,09:40:00,12116.65628777552,0,6
2020-02-17,12111.35,12124.7,12109.25,12120.2,09:45:00,12116.150927034994,0,7
2020-02-17,12103.05,12112.75,12096.35,12111.55,09:50:00,12114.903219698328,0,8
2020-02-17,12115.55,12115.75,12097.85,12103.1,09:55:00,12114.964817822298,0,9
2020-02-17,12105.4,12123.15,12104.75,12115.25,10:00:00,12114.053882791604,0,10
2020-02-17,12106.75,12116.7,12105.35,12105.45,10:05:00,12113.358274906688,0,11
2020-02-17,12104.45,12107.1,12096.0,12107.05,10:10:00,12112.509867772718,0,12
2020-02-17,12098.45,12105.5,12086.25,12104.25,10:15:00,12111.170832746746,0,13
2020-02-17,12088.55,12098.2,12087.65,12098.2,10:20:00,12109.016467723246,0,14
2020-02-17,12093.85,12098.3,12088.6,12088.95,10:25:00,12107.572042225793,0,15
2020-02-17,12105.85,12106.7,12089.55,12093.75,10:30:00,12107.408038204288,0,16
2020-02-17,12094.6,12106.5,12093.4,12105.6,10:35:00,12106.188225041977,0,17
2020-02-17,12098.5,12100.5,12091.75,12095.15,10:40:00,12105.456013133216,0,18
2020-02-17,12112.15,12113.1,12098.15,12098.9,10:45:00,12106.093535691958,0,19
2020-02-17,12104.5,12112.95,12102.2,12112.25,10:50:00,12105.941770387964,0,20
2020-02-17,12102.25,12105.0,12098.75,12104.8,10:55:00,12105.590173208157,0,21
2020-02-17,12093.0,12102.8,12093.0,12102.05,11:00:00,12104.391109093094,0,22
2020-02-17,12100.1,12102.85,12091.3,12093.45,11:05:00,12103.98243203661,0,23
2020-02-17,12096.2,12099.7,12093.8,12099.65,11:10:00,12103.241248033122,0,24
2020-02-17,12098.8,12103.95,12095.75,12095.85,11:15:00,12102.818272029968,0,25
2020-02-17,12099.25,12102.45,12096.95,12098.65,11:20:00,12102.478436598543,0,26
2020-02-17,12105.3,12111.0,12098.85,12099.2,11:25:00,12102.74715692249,0,27
2020-02-17,12100.0,12106.45,12097.95,12105.35,11:30:00,12102.485522929872,0,28
2020-02-17,12100.5,12104.1,12097.95,12100.3,11:35:00,12102.29642550798,0,29
2020-02-17,12097.1,12101.75,12094.05,12100.15,11:40:00,12101.801527840553,0,30
2020-02-17,12100.25,12100.25,12092.3,12097.2,11:45:00,12101.65376328431,0,31
2020-02-17,12101.75,12105.3,12099.25,12100.7,11:50:00,12101.662928685804,0,32
2020-02-17,12099.25,12102.7,12095.95,12101.85,11:55:00,12101.433125953825,0,33
2020-02-17,12092.95,12099.6,12092.25,12098.95,12:00:00,12100.625209196316,0,34
2020-02-17,12093.6,12095.8,12089.75,12092.7,12:05:00,12099.956141653807,0,35
2020-02-17,12093.25,12094.0,12089.55,12093.5,12:10:00,12099.317461496305,0,36
2020-02-17,12083.75,12095.5,12081.4,12093.2,12:15:00,12097.834846115706,0,37
2020-02-17,12066.5,12084.1,12066.5,12083.9,12:20:00,12094.850575057066,0,38
2020-02-17,12069.4,12073.1,12061.7,12067.1,12:25:00,12092.426710765918,0,39
2020-02-17,12073.4,12073.4,12063.4,12069.55,12:30:00,12090.614643073926,0,40
2020-02-17,12076.4,12081.15,12071.9,12072.85,12:35:00,12089.260867543077,0,41
2020-02-17,12070.35,12077.15,12070.35,12075.85,12:40:00,12087.459832538974,0,42
2020-02-17,12071.5,12072.55,12068.9,12069.95,12:45:00,12085.939848487644,0,43
2020-02-17,12063.5,12071.6,12060.95,12071.35,12:50:00,12083.802720060248,0,44
2020-02-17,12065.0,12066.8,12062.9,12063.4,12:55:00,12082.011984816414,0,45
2020-02-17,12057.8,12065.05,12054.5,12064.8,13:00:00,12079.706081500566,0,46
2020-02-17,12062.45,12064.85,12051.35,12057.05,13:05:00,12078.062645167178,0,47
2020-02-17,12059.25,12062.35,12055.45,12062.0,13:10:00,12076.270964675066,0,48
2020-02-17,12053.0,12067.25,12052.9,12059.6,13:15:00,12074.05468232506,0,49
2020-02-17,12052.4,12055.2,12050.4,12052.1,13:20:00,12071.992331627434,0,50
2020-02-17,12055.05,12058.65,12051.55,12051.9,13:25:00,12070.378776234344,0,51
2020-02-17,12054.6,12058.4,12052.35,12054.75,13:30:00,12068.876035640598,0,52
2020-02-17,12051.95,12061.9,12051.85,12054.35,13:35:00,12067.264032246258,0,53
2020-02-17,12051.85,12055.2,12043.3,12051.8,13:40:00,12065.796029175184,0,54
2020-02-17,12069.0,12070.8,12051.65,12052.05,13:45:00,12066.101169253738,0,55
2020-02-17,12066.15,12073.2,12063.05,12069.5,13:50:00,12066.105819801,0,56
2020-02-17,12062.5,12068.3,12059.55,12067.2,13:55:00,12065.76240839138,0,57
2020-02-17,12058.65,12067.9,12057.95,12062.4,14:00:00,12065.08503616363,0,58
2020-02-17,12056.6,12062.65,12056.15,12058.85,14:05:00,12064.27693748138,0,59
2020-02-17,12048.95,12058.2,12047.1,12056.45,14:10:00,12062.81722914982,0,60
2020-02-17,12050.1,12051.65,12041.9,12048.25,14:15:00,12061.606064468884,0,61
2020-02-17,12054.25,12059.2,12050.65,12050.8,14:20:00,12060.90548690042,0,62
2020-02-17,12054.05,12055.15,12051.15,12053.75,14:25:00,12060.252583386096,0,63
2020-02-17,12042.95,12054.4,12042.95,12054.2,14:30:00,12058.604718301704,0,64
2020-02-17,12043.95,12049.3,12037.45,12043.9,14:35:00,12057.2090308444,0,65
2020-02-17,12045.7,12050.4,12042.4,12043.85,14:40:00,12056.112932668744,0,66
2020-02-17,12056.4,12057.4,12045.05,12045.3,14:45:00,12056.14027241458,0,67
2020-02-17,12052.55,12056.75,12050.45,12056.3,14:50:00,12055.798341708429,0,68
2020-02-17,12064.75,12067.35,12052.25,12052.25,14:55:00,12056.65088059334,0,69
2020-02-17,12044.35,12068.8,12043.85,12065.1,15:00:00,12055.47936815588,0,70
2020-02-17,12041.55,12047.15,12040.25,12044.3,15:05:00,12054.152761664844,0,71
2020-02-17,12042.7,12044.6,12037.0,12041.45,15:10:00,12053.06202245867,0,72
2020-02-17,12048.1,12049.55,12038.55,12041.9,15:15:00,12052.589448891176,0,73
2020-02-17,12045.9,12048.6,12042.2,12047.5,15:20:00,12051.952358520588,0,74
2020-02-17,12050.05,12051.85,12044.75,12044.75,15:25:00,12051.771181518629,0,75
2020-02-18,11998.9,12030.75,11987.4,12022.7,09:15:00,12046.735830897804,1,1
2020-02-18,11972.0,11996.75,11969.6,11996.75,09:20:00,12039.618132717063,1,2
2020-02-18,11976.55,11981.55,11965.8,11971.9,09:25:00,12033.611643886868,1,3
2020-02-18,11964.85,11976.45,11961.5,11976.45,09:30:00,12027.06291589764,1,4
2020-02-18,11961.85,11972.2,11960.35,11964.65,09:35:00,12020.852162002628,1,5
2020-02-18,11962.1,11965.05,11958.95,11962.5,09:40:00,12015.256718002378,1,6
2020-02-18,11964.8,11967.4,11954.35,11962.5,09:45:00,12010.451316287868,1,7
2020-02-18,11972.95,11974.75,11964.2,11964.2,09:50:00,12006.87976235569,1,8
2020-02-18,11966.2,11976.6,11963.95,11973.05,09:55:00,12003.005499274195,1,9
2020-02-18,11965.5,11968.7,11962.7,11966.0,10:00:00,11999.433546962366,1,10
2020-02-18,11964.05,11971.65,11963.3,11965.7,10:05:00,11996.063685346902,1,11
2020-02-18,11971.4,11971.95,11963.65,11963.9,10:10:00,11993.714762932912,1,12
2020-02-18,11961.7,11971.65,11961.7,11971.0,10:15:00,11990.665737891684,1,13
2020-02-18,11952.4,11961.8,11951.45,11961.8,10:20:00,11987.021381902,1,14
2020-02-18,11956.85,11959.65,11951.25,11952.3,10:25:00,11984.147916958951,1,15
2020-02-18,11958.65,11960.2,11952.45,11956.8,10:30:00,11981.71954391524,1,16
2020-02-18,11950.7,11959.95,11949.75,11958.9,10:35:00,11978.765301637595,1,17
2020-02-18,11941.8,11950.9,11936.9,11950.9,10:40:00,11975.24479671973,1,18
2020-02-18,11943.3,11947.2,11938.25,11942.1,10:45:00,11972.202435127376,1,19
2020-02-18,11941.3,11944.8,11938.85,11943.75,10:50:00,11969.259346067623,1,20
2020-02-18,11947.95,11950.85,11940.95,11941.95,10:55:00,11967.229884537375,1,21
2020-02-18,11945.1,11948.85,11944.55,11948.15,11:00:00,11965.122276486196,1,22
2020-02-18,11940.1,11946.1,11938.0,11945.05,11:05:00,11962.73920253513,1,23
2020-02-18,11934.95,11941.05,11933.45,11940.65,11:10:00,11960.092611817498,1,24
2020-02-18,11931.0,11935.85,11929.25,11935.6,11:15:00,11957.321886882495,1,25
2020-02-18,11925.3,11932.35,11924.55,11932.35,11:20:00,11954.272183369878,1,26
2020-02-18,11927.35,11928.7,11923.35,11925.75,11:25:00,11951.70816590608,1,27
2020-02-18,11934.05,11934.45,11926.9,11927.55,11:30:00,11950.026435819786,1,28
2020-02-18,11939.0,11940.5,11932.75,11933.6,11:35:00,11948.976299075044,1,29
2020-02-18,11936.55,11940.85,11935.75,11939.5,11:40:00,11947.792842020275,1,30
2020-02-18,11932.2,11938.85,11931.45,11937.95,11:45:00,11946.307809446917,1,31
2020-02-18,11934.3,11934.55,11928.45,11932.5,11:50:00,11945.16420854721,1,32
2020-02-18,11930.75,11934.8,11927.35,11934.6,11:55:00,11943.79142678081,1,33
2020-02-18,11929.45,11930.7,11927.5,11930.2,12:00:00,11942.42557661121,1,34
2020-02-18,11924.75,11930.15,11920.3,11930.15,12:05:00,11940.74218836252,1,35
2020-02-18,11924.95,11925.35,11920.45,11925.35,12:10:00,11939.238170423234,1,36
2020-02-18,11916.9,11924.9,11916.0,11924.8,12:15:00,11937.11072562102,1,37
2020-02-18,11912.05,11918.3,11909.2,11917.45,12:20:00,11934.72398984759,1,38
2020-02-18,11918.8,11919.35,11910.2,11911.65,12:25:00,11933.207419385912,1,39
2020-02-18,11915.85,11919.55,11914.55,11918.95,12:30:00,11931.554331825351,1,40
2020-02-18,11917.1,11917.7,11912.65,11915.95,12:35:00,11930.177728794366,1,41
2020-02-18,11919.8,11922.75,11916.8,11917.45,12:40:00,11929.189373671094,1,42
2020-02-18,11929.3,11930.15,11919.3,11920.5,12:45:00,11929.199909511944,1,43
2020-02-18,11933.75,11934.25,11928.45,11929.9,12:50:00,11929.633251463183,1,44
2020-02-18,11939.7,11941.8,11932.35,11933.6,12:55:00,11930.591989419072,1,45
2020-02-18,11934.1,11940.8,11933.2,11939.55,13:00:00,11930.926085664876,1,46
2020-02-18,11927.55,11934.4,11924.45,11934.4,13:05:00,11930.604553696794,1,47
2020-02-18,11929.65,11930.0,11923.9,11928.1,13:10:00,11930.513643820908,1,48
2020-02-18,11919.75,11930.05,11919.75,11930.05,13:15:00,11929.488534885584,1,49
2020-02-18,11916.3,11920.5,11911.6,11920.5,13:20:00,11928.2324839441,1,50
2020-02-18,11914.9,11917.75,11913.2,11916.75,13:25:00,11926.962723568471,1,51
2020-02-18,11908.5,11916.1,11908.05,11915.0,13:30:00,11925.204368942905,1,52
2020-02-18,11913.8,11919.45,11908.5,11908.65,13:35:00,11924.11823856739,1,53
2020-02-18,11913.5,11919.25,11912.6,11914.15,13:40:00,11923.106977751448,1,54
2020-02-18,11917.5,11920.35,11913.5,11913.7,13:45:00,11922.572979870358,1,55
2020-02-18,11923.85,11924.9,11916.9,11918.45,13:50:00,11922.694600835086,1,56
2020-02-18,11926.3,11928.1,11923.4,11924.45,13:55:00,11923.037972184124,1,57
2020-02-18,11928.25,11932.85,11926.1,11926.6,14:00:00,11923.534355785638,1,58
2020-02-18,11932.8,11935.25,11928.4,11928.9,14:05:00,11924.416798091768,1,59
2020-02-18,11932.4,11940.1,11930.8,11933.2,14:10:00,11925.177103035408,1,60
2020-02-18,11934.5,11939.75,11931.85,11932.85,14:15:00,11926.064997984417,1,61
2020-02-18,11948.85,11952.3,11934.35,11935.3,14:20:00,11928.234998176376,1,62
2020-02-18,11954.55,11955.15,11948.25,11949.25,14:25:00,11930.741188826243,1,63
2020-02-18,11942.4,11959.05,11940.95,11955.45,14:30:00,11931.851551795176,1,64
2020-02-18,11949.2,11949.7,11942.2,11942.75,14:35:00,11933.503784957538,1,65
2020-02-18,11944.35,11949.35,11943.4,11948.35,14:40:00,11934.536757818723,1,66
2020-02-18,11941.7,11945.65,11939.0,11944.4,14:45:00,11935.218971359798,1,67
2020-02-18,11941.85,11946.0,11940.65,11941.65,14:50:00,11935.85049789696,1,68
2020-02-18,11960.5,11962.3,11941.9,11942.3,14:55:00,11938.198069525824,1,69
2020-02-18,11966.6,11969.35,11959.85,11960.2,15:00:00,11940.903015285268,1,70
2020-02-18,11978.2,11978.4,11966.65,11966.7,15:05:00,11944.45510906762,1,71
2020-02-18,12000.75,12000.9,11977.85,11977.85,15:10:00,11949.816527251656,1,72
2020-02-18,12001.1,12003.7,11994.4,12000.6,15:15:00,11954.700667513403,1,73
2020-02-18,12010.45,12012.95,11999.0,12000.7,15:20:00,11960.010127750222,1,74
2020-02-18,12007.7,12012.4,12005.45,12010.95,15:25:00,11964.55202034544,1,75
2020-02-19,12086.9,12107.15,12082.2,12082.6,09:15:00,11976.20420888397,2,1
2020-02-19,12096.85,12103.25,12085.15,12086.95,09:20:00,11987.694284228355,2,2
2020-02-19,12108.8,12112.7,12095.85,12096.0,09:25:00,11999.228161920892,2,3
2020-02-19,12072.4,12118.9,12069.2,12109.35,09:30:00,12006.196908404618,2,4
2020-02-19,12078.4,12086.3,12061.85,12071.7,09:35:00,12013.073393318464,2,5
2020-02-19,12085.6,12089.25,12075.85,12078.15,09:40:00,12019.980689192897,2,6
2020-02-19,12075.15,12088.7,12074.2,12085.9,09:45:00,12025.234909269764,2,7
2020-02-19,12062.7,12077.55,12061.4,12075.35,09:50:00,12028.803013148836,2,8
2020-02-19,12074.55,12078.65,12058.65,12062.6,09:55:00,12033.159869039424,2,9
2020-02-19,12072.4,12075.55,12065.5,12074.5,10:00:00,12036.897024369002,2,10
2020-02-19,12065.5,12072.5,12062.65,12072.5,10:05:00,12039.62111728624,2,11
2020-02-19,12070.7,12073.8,12061.0,12065.45,10:10:00,12042.581010878028,2,12
2020-02-19,12065.95,12071.6,12061.7,12070.75,10:15:00,12044.806628889644,2,13
2020-02-19,12051.15,12066.9,12051.15,12065.75,10:20:00,12045.410759471584,2,14
2020-02-19,12051.5,12051.85,12042.1,12051.0,10:25:00,12045.990687140957,2,15
2020-02-19,12060.4,12060.4,12047.95,12051.2,10:30:00,12047.363002651342,2,16
2020-02-19,12058.1,12063.15,12055.55,12060.3,10:35:00,12048.385573827403,2,17
2020-02-19,12054.95,12058.2,12048.9,12058.15,10:40:00,12049.010757272416,2,18
2020-02-19,12062.9,12068.45,12054.4,12055.05,10:45:00,12050.33354229409,2,19
2020-02-19,12067.6,12067.85,12062.45,12063.2,10:50:00,12051.97796683751,2,20
2020-02-19,12072.85,12075.8,12067.45,12067.65,10:55:00,12053.96577951965,2,21
2020-02-19,12077.7,12082.8,12071.85,12072.4,11:00:00,12056.22618147016,2,22
2020-02-19,12072.45,12078.15,12068.85,12077.6,11:05:00,12057.77130704443,2,23
2020-02-19,12068.15,12072.9,12066.75,12072.35,11:10:00,12058.75975399258,2,24
2020-02-19,12072.5,12076.2,12068.3,12068.3,11:15:00,12060.06834885043,2,25
2020-02-19,12075.65,12077.4,12070.95,12072.6,11:20:00,12061.552315626575,2,26
2020-02-19,12070.8,12076.0,12068.65,12075.8,11:25:00,12062.433047471666,2,27
2020-02-19,12069.95,12072.55,12069.8,12071.05,11:30:00,12063.14894771246,2,28
2020-02-19,12074.8,12075.8,12068.85,12070.1,11:35:00,12064.258571739843,2,29
2020-02-19,12077.5,12079.25,12073.65,12074.55,11:40:00,12065.519660145574,2,30
2020-02-19,12084.55,12087.9,12076.8,12077.55,11:45:00,12067.332073465042,2,31
2020-02-19,12076.6,12085.95,12075.4,12084.8,11:50:00,12068.21473313504,2,32
2020-02-19,12079.7,12083.8,12074.6,12076.85,11:55:00,12069.30856807456,2,33
2020-02-19,12078.3,12081.6,12075.7,12079.8,12:00:00,12070.1648949246,2,34
2020-02-19,12081.1,12081.65,12076.1,12078.35,12:05:00,12071.20633350321,2,35
2020-02-19,12092.6,12093.55,12079.35,12080.75,12:10:00,12073.243825550524,2,36
2020-02-19,12092.25,12093.95,12089.55,12092.4,12:15:00,12075.053937402854,2,37
2020-02-19,12091.45,12094.9,12090.85,12091.9,12:20:00,12076.615467174011,2,38
2020-02-19,12101.65,12106.15,12090.9,12091.2,12:25:00,12078.999708395531,2,39
2020-02-19,12095.9,12102.2,12095.65,12101.6,12:30:00,12080.60925997691,2,40
2020-02-19,12105.65,12106.2,12094.95,12095.85,12:35:00,12082.994092360062,2,41
2020-02-19,12107.6,12111.9,12104.35,12105.7,12:40:00,12085.337512135296,2,42
2020-02-19,12112.45,12113.95,12107.25,12107.45,12:45:00,12087.919653836696,2,43
2020-02-19,12115.25,12117.95,12110.95,12112.35,12:50:00,12090.522543947489,2,44
2020-02-19,12120.35,12126.0,12115.25,12115.3,12:55:00,12093.363254047728,2,45
2020-02-19,12120.7,12123.3,12116.25,12120.1,13:00:00,12095.96675366223,2,46
2020-02-19,12118.45,12120.55,12110.6,12120.55,13:05:00,12098.108015218208,2,47
2020-02-19,12116.4,12119.7,12115.5,12118.35,13:10:00,12099.850109006951,2,48
2020-02-19,12112.15,12118.95,12110.4,12116.1,13:15:00,12101.021527196765,2,49
2020-02-19,12105.9,12114.7,12105.9,12112.2,13:20:00,12101.486143654216,2,50
2020-02-19,12104.55,12108.6,12102.45,12106.2,13:25:00,12101.777939496673,2,51
2020-02-19,12103.75,12107.7,12099.65,12104.4,13:30:00,12101.965754782705,2,52
2020-02-19,12096.85,12104.0,12090.75,12103.95,13:35:00,12101.478540041491,2,53
2020-02-19,12096.1,12100.85,12093.8,12097.0,13:40:00,12100.96629813278,2,54
2020-02-19,12088.7,12096.15,12086.3,12095.9,13:45:00,12099.798079262991,2,55
2020-02-19,12094.35,12098.0,12088.35,12089.0,13:50:00,12099.27921457128,2,56
2020-02-19,12094.85,12105.75,12092.6,12094.4,13:55:00,12098.85738461211,2,57
2020-02-19,12102.85,12103.85,12093.6,12094.05,14:00:00,12099.237633696672,2,58
2020-02-19,12102.5,12105.1,12100.8,12102.65,14:05:00,12099.54833524937,2,59
2020-02-19,12099.65,12111.2,12099.05,12102.4,14:10:00,12099.558017606574,2,60
2020-02-19,12098.5,12101.45,12097.0,12099.75,14:15:00,12099.457254024996,2,61
2020-02-19,12099.7,12101.95,12089.4,12098.6,14:20:00,12099.480372689282,2,62
2020-02-19,12098.4,12101.75,12097.5,12099.6,14:25:00,12099.377480052208,2,63
2020-02-19,12101.6,12104.75,12097.75,12097.8,14:30:00,12099.589148618665,2,64
2020-02-19,12101.3,12110.6,12100.15,12101.65,14:35:00,12099.75208684546,2,65
2020-02-19,12104.6,12107.8,12095.35,12101.6,14:40:00,12100.213792860177,2,66
2020-02-19,12111.85,12112.55,12103.4,12104.45,14:45:00,12101.32200306397,2,67
2020-02-19,12122.1,12128.65,12111.4,12111.4,14:50:00,12103.30085991502,2,68
2020-02-19,12117.05,12123.3,12114.95,12121.5,14:55:00,12104.610301827875,2,69
2020-02-19,12122.15,12122.65,12114.4,12117.25,15:00:00,12106.28074927284,2,70
2020-02-19,12120.65,12123.0,12116.8,12121.6,15:05:00,12107.649249342094,2,71
2020-02-19,12123.5,12124.45,12117.9,12120.15,15:10:00,12109.158844642849,2,72
2020-02-19,12126.35,12129.2,12123.0,12123.15,15:15:00,12110.796097534005,2,73
2020-02-19,12129.8,12134.7,12124.9,12126.2,15:20:00,12112.605993006957,2,74
2020-02-19,12130.3,12133.15,12125.85,12129.5,15:25:00,12114.291136530104,2,75
2020-02-20,12113.05,12115.9,12092.8,12109.05,09:15:00,12114.172933051046,3,1
2020-02-20,12117.65,12125.95,12102.6,12111.85,09:20:00,12114.504082284278,3,2
2020-02-20,12130.15,12131.95,12116.7,12116.7,09:25:00,12115.994169685777,3,3
2020-02-20,12125.2,12131.05,12115.65,12130.45,09:30:00,12116.870915429989,3,4
2020-02-20,12127.95,12128.1,12118.5,12125.25,09:35:00,12117.926066341415,3,5
2020-02-20,12119.35,12128.05,12119.35,12127.5,09:40:00,12118.061679070805,3,6
2020-02-20,12116.5,12124.0,12116.0,12119.5,09:45:00,12117.912947730729,3,7
2020-02-20,12112.0,12117.3,12107.1,12116.25,09:50:00,12117.349809851612,3,8
2020-02-20,12115.7,12118.7,12108.8,12111.9,09:55:00,12117.19268510384,3,9
2020-02-20,12109.55,12116.2,12102.0,12115.6,10:00:00,12116.464810332043,3,10
2020-02-20,12107.0,12111.05,12104.0,12110.05,10:05:00,12115.563399824228,3,11
2020-02-20,12113.3,12117.7,12106.25,12107.2,10:10:00,12115.347837936206,3,12
2020-02-20,12125.1,12125.55,12113.85,12113.85,10:15:00,12116.276615275614,3,13
2020-02-20,12127.1,12135.0,12122.9,12124.8,10:20:00,12117.307413820794,3,14
2020-02-20,12130.75,12133.8,12125.5,12127.5,10:25:00,12118.587660123576,3,15
2020-02-20,12125.85,12133.2,12124.45,12130.15,10:30:00,12119.279311540378,3,16
2020-02-20,12123.65,12127.0,12121.2,12125.55,10:35:00,12119.695567584153,3,17
2020-02-20,12119.25,12123.8,12115.95,12122.55,10:40:00,12119.653132576135,3,18
2020-02-20,12124.95,12127.5,12117.5,12118.5,10:45:00,12120.157596140314,3,19
2020-02-20,12129.8,12131.75,12123.0,12125.0,10:50:00,12121.075920317428,3,20
2020-02-20,12129.2,12134.7,12127.3,12129.6,10:55:00,12121.849642191955,3,21
2020-02-20,12125.45,12129.1,12124.15,12129.1,11:00:00,12122.19253341177,3,22
2020-02-20,12122.15,12127.5,12121.1,12125.9,11:05:00,12122.188482610649,3,23
2020-02-20,12128.35,12130.1,12121.8,12121.8,11:10:00,12122.775293790588,3,24
2020-02-20,12134.75,12136.15,12128.0,12128.0,11:15:00,12123.915742001009,3,25
2020-02-20,12127.7,12135.25,12127.2,12135.25,11:20:00,12124.276147524724,3,26
2020-02-20,12132.6,12132.95,12126.05,12127.0,11:25:00,12125.06889537951,3,27
2020-02-20,12130.15,12135.15,12130.0,12132.25,11:30:00,12125.552810105271,3,28
2020-02-20,12129.9,12132.0,12128.1,12130.1,11:35:00,12125.966828190483,3,29
2020-02-20,12134.3,12138.4,12130.0,12130.0,11:40:00,12126.760463600913,3,30
2020-02-20,12150.5,12152.0,12132.7,12133.9,11:45:00,12129.021371829396,3,31
2020-02-20,12144.65,12150.65,12140.95,12149.45,11:50:00,12130.509812607548,3,32
2020-02-20,12149.75,12150.1,12143.6,12144.35,11:55:00,12132.342211406827,3,33
2020-02-20,12143.45,12150.7,12143.05,12149.55,12:00:00,12133.40009603475,3,34
2020-02-20,12141.9,12145.55,12141.0,12143.35,12:05:00,12134.209610698106,3,35
2020-02-20,12139.85,12142.5,12134.55,12141.55,12:10:00,12134.74679063162,3,36
2020-02-20,12145.05,12145.1,12139.9,12139.9,12:15:00,12135.728048666702,3,37
2020-02-20,12146.85,12148.3,12143.9,12144.35,12:20:00,12136.787282127018,3,38
2020-02-20,12146.1,12148.15,12144.1,12147.0,12:25:00,12137.674207638727,3,39
2020-02-20,12147.95,12148.75,12143.75,12146.2,12:30:00,12138.65285453028,3,40
2020-02-20,12146.9,12148.25,12145.4,12147.7,12:35:00,12139.438296955968,3,41
2020-02-20,12141.0,12146.5,12140.8,12146.5,12:40:00,12139.587030579209,3,42
2020-02-20,12138.25,12140.65,12132.15,12140.65,12:45:00,12139.459694333567,3,43
2020-02-20,12136.65,12141.6,12135.8,12138.2,12:50:00,12139.192104397038,3,44
2020-02-20,12138.85,12139.35,12135.95,12136.9,12:55:00,12139.159523025892,3,45
2020-02-20,12137.3,12139.6,12133.45,12138.65,13:00:00,12138.982425594852,3,46
2020-02-20,12140.4,12140.65,12135.45,12137.1,13:05:00,12139.117432681058,3,47
2020-02-20,12137.7,12140.75,12136.2,12139.95,13:10:00,12138.982439092386,3,48
2020-02-20,12119.75,12138.45,12116.6,12137.45,13:15:00,12137.150778226443,3,49
2020-02-20,12132.9,12135.75,12119.35,12119.55,13:20:00,12136.745942204878,3,50
2020-02-20,12124.55,12132.85,12122.25,12132.85,13:25:00,12135.584423899652,3,51
2020-02-20,12127.3,12131.5,12121.3,12124.6,13:30:00,12134.795431147304,3,52
2020-02-20,12130.4,12134.0,12123.9,12127.5,13:35:00,12134.376818657083,3,53
2020-02-20,12131.3,12132.3,12128.85,12130.85,13:40:00,12134.083788308792,3,54
2020-02-20,12122.85,12134.55,12120.9,12131.4,13:45:00,12133.013903707952,3,55
2020-02-20,12120.2,12125.2,12115.95,12122.8,13:50:00,12131.793531926243,3,56
2020-02-20,12123.0,12123.0,12110.6,12120.35,13:55:00,12130.956052695172,3,57
2020-02-20,12120.0,12124.3,12118.5,12122.85,14:00:00,12129.912619105156,3,58
2020-02-20,12115.5,12120.35,12113.1,12119.9,14:05:00,12128.539988714188,3,59
2020-02-20,12117.55,12121.55,12114.75,12115.65,14:10:00,12127.49332312236,3,60
2020-02-20,12126.75,12127.7,12116.0,12118.15,14:15:00,12127.42253044404,3,61
2020-02-20,12122.1,12126.65,12119.65,12126.55,14:20:00,12126.915622782702,3,62
2020-02-20,12123.45,12126.75,12121.15,12122.55,14:25:00,12126.585563470064,3,63
2020-02-20,12118.8,12125.8,12116.5,12124.05,14:30:00,12125.84408123482,3,64
2020-02-20,12114.75,12119.2,12111.1,12118.9,14:35:00,12124.7875020696,3,65
2020-02-20,12105.3,12117.0,12104.05,12115.1,14:40:00,12122.931549491545,3,66
2020-02-20,12109.65,12114.55,12102.35,12105.7,14:45:00,12121.666640016158,3,67
2020-02-20,12096.7,12111.85,12094.8,12110.05,14:50:00,12119.288864776525,3,68
2020-02-20,12086.6,12098.5,12086.6,12097.25,14:55:00,12116.175639559711,3,69
2020-02-20,12076.1,12085.85,12071.55,12085.85,15:00:00,12112.358911982596,3,70
2020-02-20,12080.25,12084.15,12071.45,12076.5,15:05:00,12109.300920365207,3,71
2020-02-20,12084.35,12084.85,12075.9,12081.05,15:10:00,12106.924642235188,3,72
2020-02-20,12087.8,12091.35,12084.15,12084.75,15:15:00,12105.1032477366,3,73
2020-02-20,12080.4,12087.75,12078.9,12087.75,15:20:00,12102.75055747597,3,74
2020-02-20,12083.7,12083.7,12074.1,12080.75,15:25:00,12100.936218668736,3,75
2020-02-24,11939.95,11997.55,11923.85,11997.55,09:15:00,12085.604197843142,0,1
2020-02-24,11939.9,11953.65,11935.9,11940.9,09:20:00,12071.727607572368,0,2
2020-02-24,11941.45,11943.5,11924.5,11939.85,09:25:00,12059.320216375,0,3
2020-02-24,11951.25,11953.35,11937.5,11941.5,09:30:00,12049.027814815476,0,4
2020-02-24,11959.25,11959.25,11943.05,11951.1,09:35:00,12040.477546737811,0,5
2020-02-24,11955.55,11961.65,11952.95,11958.65,09:40:00,12032.389208953258,0,6
2020-02-24,11948.85,11961.9,11944.4,11956.35,09:45:00,12024.433093814852,0,7
2020-02-24,11945.55,11949.95,11942.65,11948.1,09:50:00,12016.920418213438,0,8
2020-02-24,11955.05,11955.3,11945.3,11945.3,09:55:00,12011.027997431209,0,9
2020-02-24,11957.4,11960.35,11949.7,11954.95,10:00:00,12005.920569104424,0,10
2020-02-24,11953.15,11962.75,11952.55,11957.3,10:05:00,12000.894800618287,0,11
2020-02-24,11956.1,11958.85,11952.7,11953.0,10:10:00,11996.628629130832,0,12
2020-02-24,11952.55,11957.4,11947.75,11956.4,10:15:00,11992.430664451706,0,13
2020-02-24,11950.8,11952.5,11945.0,11952.05,10:20:00,11988.465839265828,0,14
2020-02-24,11948.45,11952.05,11945.9,11950.55,10:25:00,11984.654806954795,0,15
2020-02-24,11943.25,11948.6,11940.75,11947.6,10:30:00,11980.711492006722,0,16
2020-02-24,11947.25,11951.85,11941.2,11942.85,10:35:00,11977.524683244175,0,17
2020-02-24,11941.45,11948.5,11938.4,11947.15,10:40:00,11974.088999125684,0,18
2020-02-24,11953.65,11953.65,11940.2,11941.4,10:45:00,11972.142427780382,0,19
2020-02-24,11955.3,11958.3,11951.8,11953.95,10:50:00,11970.538387039393,0,20
2020-02-24,11956.0,11957.85,11952.65,11955.0,10:55:00,11969.153778749926,0,21
2020-02-24,11955.05,11956.75,11951.85,11956.1,11:00:00,11967.810561726124,0,22
2020-02-24,11961.15,11963.8,11954.2,11955.1,11:05:00,11967.176222514112,0,23
2020-02-24,11953.15,11961.65,11951.85,11961.65,11:10:00,11965.840391798482,0,24
2020-02-24,11952.35,11954.2,11950.25,11952.6,11:15:00,11964.555592579578,0,25
2020-02-24,11950.6,11952.25,11949.3,11951.8,11:20:00,11963.22648852438,0,26
2020-02-24,11949.75,11953.3,11947.35,11950.1,11:25:00,11961.94301342682,0,27
2020-02-24,11958.1,11959.6,11948.15,11949.1,11:30:00,11961.577012148076,0,28
2020-02-24,11960.45,11962.65,11957.75,11958.6,11:35:00,11961.469677657782,0,29
2020-02-24,11963.9,11964.65,11957.4,11960.6,11:40:00,11961.701136928468,0,30
2020-02-24,11960.2,11964.25,11959.05,11964.25,11:45:00,11961.55817150671,0,31
2020-02-24,11975.35,11980.7,11959.1,11959.95,11:50:00,11962.87167898226,0,32
2020-02-24,11969.6,11978.35,11968.2,11975.1,11:55:00,11963.512471460142,0,33
2020-02-24,11967.55,11970.05,11963.25,11969.15,12:00:00,11963.896997987747,0,34
2020-02-24,11968.3,11971.7,11966.9,11967.5,12:05:00,11964.316331512724,0,35
2020-02-24,11964.25,11969.8,11964.2,11968.0,12:10:00,11964.3100142258,0,36
2020-02-24,11965.65,11965.65,11961.25,11964.45,12:15:00,11964.43763191858,0,37
2020-02-24,11974.1,11976.85,11965.45,11965.8,12:20:00,11965.357857450144,0,38
2020-02-24,11972.75,11974.75,11969.25,11974.05,12:25:00,11966.06187102632,0,39
2020-02-24,11969.05,11972.15,11966.0,11972.1,12:30:00,11966.3464547381,0,40
2020-02-24,11959.45,11971.35,11957.3,11968.95,12:35:00,11965.689649524948,0,41
2020-02-24,11958.95,11964.95,11958.3,11961.45,12:40:00,11965.04777814162,0,42
2020-02-24,11958.95,11959.45,11951.8,11958.5,12:45:00,11964.467037366228,0,43
2020-02-24,11960.7,11961.55,11958.45,11959.7,12:50:00,11964.108271902778,0,44
2020-02-24,11952.8,11961.7,11952.75,11960.85,12:55:00,11963.031293626324,0,45
2020-02-24,11954.15,11957.35,11952.5,11953.9,13:00:00,11962.185456138102,0,46
2020-02-24,11956.3,11959.15,11949.2,11955.15,13:05:00,11961.6249365059,0,47
2020-02-24,11953.65,11960.05,11953.4,11955.7,13:10:00,11960.865418743431,0,48
2020-02-24,11954.7,11957.5,11950.6,11954.85,13:15:00,11960.278236005965,0,49
2020-02-24,11950.7,11955.55,11948.75,11955.05,13:20:00,11959.366023053011,0,50
2020-02-24,11944.35,11951.1,11942.0,11950.45,13:25:00,11957.935925619391,0,51
2020-02-24,11942.15,11949.45,11938.65,11944.25,13:30:00,11956.432504131832,0,52
2020-02-24,11932.25,11942.45,11931.0,11942.45,13:35:00,11954.129408500228,0,53
2020-02-24,11927.45,11935.15,11921.9,11932.65,13:40:00,11951.588512452588,0,54
2020-02-24,11926.15,11934.25,11925.15,11928.05,13:45:00,11949.165796980911,0,55
2020-02-24,11916.95,11927.95,11911.6,11927.0,13:50:00,11946.097625839877,0,56
2020-02-24,11918.35,11921.95,11913.55,11918.0,13:55:00,11943.454994807507,0,57
2020-02-24,11918.8,11923.65,11916.1,11920.05,14:00:00,11941.106900063936,0,58
2020-02-24,11923.85,11928.9,11916.55,11919.35,14:05:00,11939.463385772133,0,59
2020-02-24,11917.2,11925.15,11913.6,11924.35,14:10:00,11937.343063317643,0,60
2020-02-24,11910.4,11917.95,11909.1,11917.35,14:15:00,11934.777057287392,0,61
2020-02-24,11912.25,11920.75,11907.7,11910.75,14:20:00,11932.631623260022,0,62
2020-02-24,11895.25,11913.6,11893.5,11913.6,14:25:00,11929.07146866383,0,63
2020-02-24,11877.15,11903.0,11877.15,11895.85,14:30:00,11924.126566886322,0,64
2020-02-24,11867.95,11876.75,11861.9,11876.75,14:35:00,11918.776417659052,0,65
2020-02-24,11869.95,11877.15,11862.45,11868.9,14:40:00,11914.126282643903,0,66
2020-02-24,11860.8,11872.9,11860.25,11870.8,14:45:00,11909.047589058771,0,67
2020-02-24,11867.7,11869.2,11856.1,11860.75,14:50:00,11905.109723434129,0,68
2020-02-24,11868.3,11873.7,11860.2,11867.85,14:55:00,11901.60403548802,0,69
2020-02-24,11840.7,11868.15,11835.6,11868.15,15:00:00,11895.803651155828,0,70
2020-02-24,11829.65,11841.55,11827.45,11839.25,15:05:00,11889.503303426702,0,71
2020-02-24,11831.45,11831.45,11817.4,11831.3,15:10:00,11883.974417386064,0,72
2020-02-24,11822.1,11833.4,11817.2,11831.3,15:15:00,11878.081615730249,0,73
2020-02-24,11822.15,11822.9,11813.4,11822.75,15:20:00,11872.754795184508,0,74
2020-02-24,11838.6,11838.6,11821.55,11822.05,15:25:00,11869.50195754789,0,75
2020-02-25,11840.7,11869.8,11828.8,11869.8,09:15:00,11866.758913971898,1,1
2020-02-25,11857.1,11872.6,11840.75,11841.75,09:20:00,11865.839017403146,1,2
2020-02-25,11870.6,11883.05,11856.5,11857.3,09:25:00,11866.292444317132,1,3
2020-02-25,11842.5,11869.5,11833.0,11869.5,09:30:00,11864.02649723931,1,4
2020-02-25,11834.15,11846.65,11832.5,11843.1,09:35:00,11861.181116549851,1,5
2020-02-25,11839.7,11843.75,11823.35,11831.75,09:40:00,11859.135295926057,1,6
2020-02-25,11823.35,11840.05,11819.3,11840.05,09:45:00,11855.727172504528,1,7
2020-02-25,11811.6,11824.7,11810.15,11823.45,09:50:00,11851.524584646952,1,8
2020-02-25,11837.8,11840.8,11810.7,11811.9,09:55:00,11850.21748134724,1,9
2020-02-25,11855.8,11859.45,11832.45,11837.3,10:00:00,11850.74914979036,1,10
2020-02-25,11855.7,11867.85,11849.85,11855.9,10:05:00,11851.220659334136,1,11
2020-02-25,11847.15,11855.6,11845.85,11854.6,10:10:00,11850.83297749279,1,12
2020-02-25,11856.2,11862.95,11846.3,11846.9,10:15:00,11851.344122493476,1,13
2020-02-25,11843.75,11856.8,11843.2,11856.25,10:20:00,11850.620872732194,1,14
2020-02-25,11839.2,11843.55,11833.95,11843.5,10:25:00,11849.533170567222,1,15
2020-02-25,11835.35,11849.6,11832.8,11839.3,10:30:00,11848.182392417964,1,16
2020-02-25,11829.65,11839.6,11828.5,11835.75,10:35:00,11846.41740266387,1,17
2020-02-25,11831.8,11835.85,11822.7,11829.6,10:40:00,11845.025269076836,1,18
2020-02-25,11835.85,11835.85,11825.4,11831.05,10:45:00,11844.15143392666,1,19
2020-02-25,11834.75,11843.65,11834.15,11836.75,10:50:00,11843.25605926698,1,20
2020-02-25,11836.3,11840.1,11833.8,11834.4,10:55:00,11842.59357743203,1,21
2020-02-25,11835.1,11837.4,11829.1,11836.4,11:00:00,11841.879903390884,1,22
2020-02-25,11835.75,11841.2,11827.2,11835.3,11:05:00,11841.296103067943,1,23
2020-02-25,11841.7,11843.4,11831.0,11836.05,11:10:00,11841.334569442424,1,24
2020-02-25,11835.4,11850.0,11834.85,11841.6,11:15:00,11840.769372352668,1,25
2020-02-25,11833.1,11837.6,11831.75,11835.35,11:20:00,11840.03895593813,1,26
2020-02-25,11831.45,11834.6,11828.95,11833.05,11:25:00,11839.220960134498,1,27
2020-02-25,11839.75,11842.1,11829.25,11831.85,11:30:00,11839.271344883597,1,28
2020-02-25,11838.3,11845.75,11837.25,11839.85,11:35:00,11839.178835847062,1,29
2020-02-25,11839.35,11843.75,11833.1,11838.2,11:40:00,11839.195137194962,1,30
2020-02-25,11844.4,11846.7,11838.25,11839.8,11:45:00,11839.690838414488,1,31
2020-02-25,11852.2,11857.5,11836.55,11844.95,11:50:00,11840.882187136918,1,32
2020-02-25,11842.8,11851.95,11836.75,11850.9,11:55:00,11841.064835981022,1,33
2020-02-25,11848.45,11851.9,11838.2,11841.65,12:00:00,11841.76818493521,1,34
2020-02-25,11857.6,11858.4,11848.2,11848.65,12:05:00,11843.275976846142,1,35
2020-02-25,11856.4,11864.25,11854.8,11857.45,12:10:00,11844.525883813176,1,36
2020-02-25,11862.45,11863.95,11856.1,11856.55,12:15:00,11846.232942497636,1,37
2020-02-25,11861.5,11863.15,11855.15,11862.75,12:20:00,11847.68694797405,1,38
2020-02-25,11867.8,11872.2,11860.45,11861.8,12:25:00,11849.602476738426,1,39
2020-02-25,11860.25,11868.75,11859.7,11868.25,12:30:00,11850.61652657286,1,40
2020-02-25,11846.05,11860.55,11842.2,11860.55,12:35:00,11850.181619280209,1,41
2020-02-25,11842.55,11849.25,11840.85,11846.35,12:40:00,11849.454798396378,1,42
2020-02-25,11841.7,11845.4,11834.3,11842.7,12:45:00,11848.716246168153,1,43
2020-02-25,11841.1,11843.25,11835.25,11841.8,12:50:00,11847.990889390232,1,44
2020-02-25,11835.65,11841.45,11827.95,11841.45,12:55:00,11846.815566591164,1,45
2020-02-25,11830.7,11842.15,11829.45,11836.15,13:00:00,11845.280750725338,1,46
2020-02-25,11820.2,11830.9,11816.55,11830.4,13:05:00,11842.892107799116,1,47
2020-02-25,11818.95,11826.8,11817.1,11820.35,13:10:00,11840.611907056344,1,48
2020-02-25,11827.55,11834.35,11817.05,11819.3,13:15:00,11839.36791590812,1,49
2020-02-25,11838.65,11838.9,11825.25,11828.15,13:20:00,11839.29954296449,1,50
2020-02-25,11835.3,11838.35,11829.9,11838.05,13:25:00,11838.918634110729,1,51
2020-02-25,11835.3,11844.6,11827.75,11835.25,13:30:00,11838.57400229066,1,52
2020-02-25,11822.1,11837.7,11820.6,11834.45,13:35:00,11837.005049691548,1,53
2020-02-25,11826.45,11831.8,11821.7,11821.8,13:40:00,11835.999806863783,1,54
2020-02-25,11826.6,11832.35,11821.25,11826.75,13:45:00,11835.104587162472,1,55
2020-02-25,11827.7,11831.65,11821.4,11827.15,13:50:00,11834.399388385094,1,56
2020-02-25,11817.35,11828.3,11817.3,11827.6,13:55:00,11832.775637110324,1,57
2020-02-25,11810.8,11817.65,11802.75,11817.65,14:00:00,11830.682719290297,1,58
2020-02-25,11795.1,11815.35,11793.65,11810.55,14:05:00,11827.293888881695,1,59
2020-02-25,11793.1,11797.85,11785.15,11795.0,14:10:00,11824.03732803582,1,60
2020-02-25,11783.3,11798.85,11782.35,11792.7,14:15:00,11820.1575825086,1,61
2020-02-25,11801.35,11806.9,11783.45,11784.5,14:20:00,11818.36638417445,1,62
2020-02-25,11801.75,11809.55,11800.75,11801.25,14:25:00,11816.78387139593,1,63
2020-02-25,11822.6,11835.15,11801.35,11801.95,14:30:00,11817.337788405845,1,64
2020-02-25,11815.1,11823.4,11811.35,11823.4,14:35:00,11817.124665700523,1,65
2020-02-25,11809.6,11815.45,11806.4,11815.45,14:40:00,11816.408030871904,1,66
2020-02-25,11809.1,11819.65,11807.45,11809.45,14:45:00,11815.712027931722,1,67
2020-02-25,11810.9,11813.6,11805.55,11808.9,14:50:00,11815.253739557273,1,68
2020-02-25,11810.75,11818.35,11808.25,11811.0,14:55:00,11814.82481198039,1,69
2020-02-25,11788.5,11811.4,11786.0,11811.4,15:00:00,11812.317687029878,1,70
2020-02-25,11785.55,11790.5,11780.8,11788.75,15:05:00,11809.768383503222,1,71
2020-02-25,11801.45,11801.45,11779.9,11785.9,15:10:00,11808.976156502917,1,72
2020-02-25,11797.7,11806.95,11795.8,11803.05,15:15:00,11807.902236835973,1,73
2020-02-25,11810.9,11812.85,11797.55,11799.0,15:20:00,11808.18773808969,1,74
2020-02-25,11813.2,11816.1,11807.75,11812.55,15:25:00,11808.665096366862,1,75
2020-02-26,11728.85,11741.35,11679.55,11741.35,09:15:00,11794.18616732072,2,1
2020-02-26,11730.9,11743.45,11723.25,11729.3,09:20:00,11788.158913290174,2,2
2020-02-26,11734.8,11742.45,11731.2,11731.2,09:25:00,11783.077112024444,2,3
2020-02-26,11718.85,11736.6,11718.1,11734.55,09:30:00,11776.960244212592,2,4
2020-02-26,11710.95,11724.8,11710.8,11718.7,09:35:00,11770.673554287583,2,5
2020-02-26,11712.5,11715.55,11709.15,11710.55,09:40:00,11765.133215784006,2,6
2020-02-26,11711.35,11716.65,11707.9,11712.8,09:45:00,11760.011004756958,2,7
2020-02-26,11719.2,11720.45,11710.95,11710.95,09:50:00,11756.124242399152,2,8
2020-02-26,11712.0,11719.5,11711.9,11718.9,09:55:00,11751.921933599231,2,9
2020-02-26,11703.95,11713.1,11698.35,11711.8,10:00:00,11747.353178018351,2,10
2020-02-26,11713.45,11714.95,11703.1,11703.9,10:05:00,11744.124303921366,2,11
2020-02-26,11713.75,11720.0,11712.8,11714.4,10:10:00,11741.231513071712,2,12
2020-02-26,11725.85,11726.3,11713.3,11714.2,10:15:00,11739.766607064885,2,13
2020-02-26,11716.35,11726.4,11715.7,11725.35,10:20:00,11737.536454011086,2,14
2020-02-26,11712.7,11717.15,11709.15,11716.6,10:25:00,11735.1710774386,2,15
2020-02-26,11704.1,11713.8,11704.1,11712.35,10:30:00,11732.211927206352,2,16
2020-02-26,11708.05,11709.7,11701.85,11703.9,10:35:00,11729.910791281936,2,17
2020-02-26,11711.65,11716.9,11707.55,11708.35,10:40:00,11728.171668302704,2,18
2020-02-26,11703.85,11712.1,11700.85,11711.7,10:45:00,11725.85531894054,2,19
2020-02-26,11694.75,11706.15,11693.6,11704.4,10:50:00,11722.89290761287,2,20
2020-02-26,11698.9,11702.3,11692.8,11694.85,10:55:00,11720.607868792596,2,21
2020-02-26,11696.3,11699.15,11692.6,11699.15,11:00:00,11718.292833669491,2,22
2020-02-26,11692.65,11697.1,11686.95,11696.9,11:05:00,11715.850659034302,2,23
2020-02-26,11696.9,11697.9,11690.95,11692.8,11:10:00,11714.04583436437,2,24
2020-02-26,11698.4,11700.85,11696.8,11697.4,11:15:00,11712.555754901095,2,25
2020-02-26,11707.1,11707.2,11696.2,11698.8,11:20:00,11712.03615919623,2,26
2020-02-26,11707.8,11713.05,11706.5,11707.25,11:25:00,11711.632715463256,2,27
2020-02-26,11711.75,11712.25,11706.2,11708.55,11:30:00,11711.643885419136,2,28
2020-02-26,11712.9,11718.9,11710.15,11712.15,11:35:00,11711.763515379218,2,29
2020-02-26,11711.75,11717.35,11711.4,11714.25,11:40:00,11711.762228200245,2,30
2020-02-26,11711.15,11714.8,11708.4,11713.05,11:45:00,11711.703920752603,2,31
2020-02-26,11706.95,11712.35,11705.0,11712.35,11:50:00,11711.251166395214,2,32
2020-02-26,11708.25,11713.2,11706.7,11707.3,11:55:00,11710.965341024244,2,33
2020-02-26,11715.15,11715.4,11709.0,11709.6,12:00:00,11711.363879974317,2,34
2020-02-26,11718.2,11721.05,11715.4,11715.4,12:05:00,11712.01493902438,2,35
2020-02-26,11715.05,11719.85,11713.2,11718.25,12:10:00,11712.30399245063,2,36
2020-02-26,11724.35,11728.6,11716.45,11716.45,12:15:00,11713.451231264857,2,37
2020-02-26,11727.0,11727.65,11722.2,11725.85,12:20:00,11714.741590192014,2,38
2020-02-26,11725.9,11731.1,11720.2,11728.0,12:25:00,11715.804295888012,2,39
2020-02-26,11720.2,11728.7,11718.9,11727.55,12:30:00,11716.22293437487,2,40
2020-02-26,11721.8,11724.95,11719.5,11720.5,12:35:00,11716.754083482025,2,41
2020-02-26,11722.05,11725.8,11721.65,11724.65,12:40:00,11717.258456483736,2,42
2020-02-26,11734.75,11736.35,11718.7,11722.85,12:45:00,11718.924317771,2,43
2020-02-26,11732.1,11740.5,11731.0,11735.65,12:50:00,11720.179144649952,2,44
2020-02-26,11733.95,11737.55,11733.3,11734.3,12:55:00,11721.49065468329,2,45
2020-02-26,11727.5,11736.75,11725.5,11736.0,13:00:00,11722.06297328488,2,46
2020-02-26,11730.55,11731.0,11727.25,11729.25,13:05:00,11722.871261543463,2,47
2020-02-26,11733.6,11734.5,11728.1,11731.35,13:10:00,11723.893046158371,2,48
2020-02-26,11751.75,11753.0,11734.55,11735.7,13:15:00,11726.546089381383,2,49
2020-02-26,11755.3,11759.6,11751.25,11756.05,13:20:00,11729.284557059344,2,50
2020-02-26,11762.5,11765.8,11753.6,11757.05,13:25:00,11732.447932577505,2,51
2020-02-26,11757.45,11765.2,11754.25,11764.05,13:30:00,11734.829081855836,2,52
2020-02-26,11766.05,11769.8,11757.55,11757.55,13:35:00,11737.802502631472,2,53
2020-02-26,11771.45,11772.8,11766.45,11767.85,13:40:00,11741.00702619038,2,54
2020-02-26,11755.15,11783.25,11754.8,11772.0,13:45:00,11742.35397607701,2,55
2020-02-26,11760.6,11761.55,11751.35,11758.45,13:50:00,11744.091692641105,2,56
2020-02-26,11753.8,11763.25,11749.2,11762.5,13:55:00,11745.01629334195,2,57
2020-02-26,11747.65,11759.65,11745.75,11754.4,14:00:00,11745.26712254748,2,58
2020-02-26,11747.35,11752.0,11742.55,11747.3,14:05:00,11745.465491828672,2,59
2020-02-26,11721.5,11751.45,11721.5,11749.25,14:10:00,11743.183064035466,2,60
2020-02-26,11712.3,11731.8,11707.6,11723.15,14:15:00,11740.241819841613,2,61
2020-02-26,11703.45,11717.9,11697.65,11713.95,14:20:00,11736.737836999557,2,62
2020-02-26,11692.05,11706.2,11690.85,11705.1,14:25:00,11732.481852523406,2,63
2020-02-26,11677.15,11695.0,11673.25,11694.35,14:30:00,11727.212152283082,2,64
2020-02-26,11650.3,11679.65,11645.55,11678.95,14:35:00,11719.88718539898,2,65
2020-02-26,11666.25,11666.6,11639.6,11652.0,14:40:00,11714.778882027647,2,66
2020-02-26,11681.45,11688.9,11667.35,11667.55,14:45:00,11711.60470278692,2,67
2020-02-26,11680.85,11684.3,11668.75,11684.05,14:50:00,11708.67568347388,2,68
2020-02-26,11689.05,11689.05,11679.8,11682.35,14:55:00,11706.80657076208,2,69
2020-02-26,11659.75,11693.4,11655.45,11689.75,15:00:00,11702.324992594264,2,70
2020-02-26,11673.75,11676.8,11656.8,11660.6,15:05:00,11699.603564728142,2,71
2020-02-26,11689.0,11697.35,11675.7,11675.7,15:10:00,11698.5937014207,2,72
2020-02-26,11684.25,11693.3,11682.5,11691.8,15:15:00,11697.22763461873,2,73
2020-02-26,11683.55,11686.7,11675.95,11683.8,15:20:00,11695.92500275028,2,74
2020-02-26,11675.45,11684.85,11672.7,11683.75,15:25:00,11693.97500248835,2,75
2020-02-27,11633.65,11658.45,11623.35,11658.45,09:15:00,11688.229764156127,3,1
2020-02-27,11620.95,11634.4,11617.15,11634.05,09:20:00,11681.82216756983,3,2
2020-02-27,11623.95,11623.95,11612.25,11620.75,09:25:00,11676.31053256318,3,3
2020-02-27,11609.3,11625.95,11604.95,11622.95,09:30:00,11669.928577080973,3,4
2020-02-27,11592.95,11613.85,11592.95,11609.1,09:35:00,11662.597284025642,3,5
2020-02-27,11593.9,11601.75,11589.15,11593.8,09:40:00,11656.05468554701,3,6
2020-02-27,11591.75,11600.95,11588.95,11593.4,09:45:00,11649.930429780628,3,7
2020-02-27,11589.45,11595.95,11586.95,11591.25,09:50:00,11644.17038884914,3,8
2020-02-27,11584.4,11592.5,11581.05,11589.85,09:55:00,11638.477970863509,3,9
2020-02-27,11573.2,11583.6,11570.45,11583.6,10:00:00,11632.26102125746,3,10
2020-02-27,11555.4,11576.15,11555.4,11573.6,10:05:00,11624.940923994844,3,11
2020-02-27,11558.45,11563.9,11549.65,11556.4,10:10:00,11618.608455042957,3,12
2020-02-27,11565.7,11571.6,11556.65,11558.9,10:15:00,11613.569554562671,3,13
2020-02-27,11557.75,11566.25,11556.5,11565.75,10:20:00,11608.253406509086,3,14
2020-02-27,11546.0,11558.75,11536.7,11557.35,10:25:00,11602.32451065108,3,15
2020-02-27,11545.15,11547.35,11537.85,11546.15,10:30:00,11596.8793191605,3,16
2020-02-27,11551.65,11555.55,11544.95,11544.95,10:35:00,11592.571764954737,3,17
2020-02-27,11547.95,11556.7,11547.95,11552.25,10:40:00,11588.322073054283,3,18
2020-02-27,11545.6,11555.45,11544.4,11547.65,10:45:00,11584.253304191972,3,19
2020-02-27,11557.2,11558.4,11541.7,11545.35,10:50:00,11581.676799030833,3,20
2020-02-27,11566.3,11567.7,11557.7,11558.1,10:55:00,11580.212341980276,3,21
2020-02-27,11563.6,11568.6,11562.5,11566.55,11:00:00,11578.63021417263,3,22
2020-02-27,11561.9,11570.6,11561.35,11563.5,11:05:00,11577.036860441904,3,23
2020-02-27,11563.6,11564.5,11556.3,11561.7,11:10:00,11575.757159447436,3,24
2020-02-27,11568.55,11568.9,11561.65,11563.95,11:15:00,11575.070763309584,3,25
2020-02-27,11575.65,11579.05,11567.95,11568.85,11:20:00,11575.125928708672,3,26
2020-02-27,11577.35,11582.85,11574.75,11576.65,11:25:00,11575.337745022132,3,27
2020-02-27,11571.9,11578.95,11569.1,11577.95,11:30:00,11575.01034073431,3,28
2020-02-27,11572.8,11576.3,11572.05,11572.6,11:35:00,11574.799832092947,3,29
2020-02-27,11568.3,11575.2,11566.35,11573.25,11:40:00,11574.180800465048,3,30
2020-02-27,11565.7,11570.4,11562.25,11569.25,11:45:00,11573.373105182663,3,31
2020-02-27,11554.85,11568.95,11552.6,11566.6,11:50:00,11571.608999927172,3,32
2020-02-27,11560.25,11562.25,11554.6,11555.45,11:55:00,11570.5271904103,3,33
2020-02-27,11562.25,11565.5,11557.95,11560.95,12:00:00,11569.7388865617,3,34
2020-02-27,11561.4,11564.05,11553.3,11563.1,12:05:00,11568.944706889157,3,35
2020-02-27,11563.8,11565.95,11556.65,11561.5,12:10:00,11568.454734804476,3,36
2020-02-27,11565.2,11570.05,11562.75,11564.5,12:15:00,11568.144760061194,3,37
2020-02-27,11571.05,11571.6,11559.0,11565.4,12:20:00,11568.421449579177,3,38
2020-02-27,11583.05,11583.2,11571.05,11571.65,12:25:00,11569.814644857348,3,39
2020-02-27,11576.9,11585.65,11570.95,11584.35,12:30:00,11570.48944058522,3,40
2020-02-27,11575.55,11578.85,11569.8,11577.8,12:35:00,11570.971398624722,3,41
2020-02-27,11582.55,11586.25,11576.15,11576.2,12:40:00,11572.074122565224,3,42
2020-02-27,11583.9,11588.05,11575.25,11582.8,12:45:00,11573.200396606631,3,43
2020-02-27,11595.0,11595.0,11579.45,11584.55,12:50:00,11575.276549310764,3,44
2020-02-27,11590.4,11601.95,11588.4,11595.75,12:55:00,11576.716877947834,3,45
2020-02-27,11608.25,11609.45,11590.05,11591.1,13:00:00,11579.720032428992,3,46
2020-02-27,11609.3,11615.5,11605.1,11607.55,13:05:00,11582.53717219766,3,47
2020-02-27,11604.7,11613.3,11596.1,11611.05,13:10:00,11584.647917702643,3,48
2020-02-27,11625.65,11626.35,11606.1,11606.1,13:15:00,11588.552877921442,3,49
2020-02-27,11615.1,11626.65,11612.6,11625.85,13:20:00,11591.081175262258,3,50
2020-02-27,11596.85,11615.85,11596.5,11614.85,13:25:00,11591.630587142045,3,51
2020-02-27,11608.45,11610.5,11595.8,11595.8,13:30:00,11593.232435985658,3,52
2020-02-27,11582.75,11609.65,11581.8,11609.45,13:35:00,11592.234108748928,3,53
2020-02-27,11587.9,11592.4,11574.7,11583.1,13:40:00,11591.821336487124,3,54
2020-02-27,11600.35,11604.05,11588.2,11588.35,13:45:00,11592.633590155016,3,55
2020-02-27,11597.75,11608.65,11594.0,11601.05,13:50:00,11593.12086728311,3,56
2020-02-27,11595.0,11600.15,11592.2,11598.15,13:55:00,11593.299832303766,3,57
2020-02-27,11585.45,11601.3,11579.3,11596.3,14:00:00,11592.552229227218,3,58
2020-02-27,11582.0,11587.55,11570.15,11586.2,14:05:00,11591.5472550151,3,59
2020-02-27,11586.45,11594.0,11581.3,11582.65,14:10:00,11591.06180215652,3,60
2020-02-27,11578.3,11587.65,11578.2,11586.25,14:15:00,11589.846392427327,3,61
2020-02-27,11581.9,11582.75,11574.0,11580.15,14:20:00,11589.089593148534,3,62
2020-02-27,11592.7,11593.35,11582.8,11582.9,14:25:00,11589.4334414201,3,63
2020-02-27,11605.55,11608.25,11588.85,11593.2,14:30:00,11590.968351761045,3,64
2020-02-27,11609.15,11615.9,11603.65,11605.95,14:35:00,11592.69993730761,3,65
2020-02-27,11615.65,11619.5,11605.3,11609.45,14:40:00,11594.88565756403,3,66
2020-02-27,11623.5,11624.35,11612.55,11616.1,14:45:00,11597.61083303412,3,67
2020-02-27,11633.0,11633.3,11616.0,11623.75,14:50:00,11600.981229888012,3,68
2020-02-27,11635.75,11636.6,11622.3,11633.9,14:55:00,11604.29254132725,3,69
2020-02-27,11633.85,11642.55,11614.3,11635.45,15:00:00,11607.10753739132,3,70
2020-02-27,11631.4,11635.9,11625.1,11634.3,15:05:00,11609.421105258814,3,71
2020-02-27,11640.05,11641.95,11629.1,11631.55,15:10:00,11612.338142853212,3,72
2020-02-27,11634.55,11641.15,11629.7,11639.65,15:15:00,11614.453557819572,3,73
2020-02-27,11633.3,11635.45,11626.5,11634.75,15:20:00,11616.24845707485,3,74
2020-02-27,11618.45,11637.6,11613.75,11634.3,15:25:00,11616.458127829625,3,75
2020-02-28,11351.1,11374.05,11311.9,11374.05,09:15:00,11591.185925179185,4,1
2020-02-28,11337.5,11357.85,11330.15,11349.9,09:20:00,11567.025360876403,4,2
2020-02-28,11339.9,11344.05,11319.05,11337.25,09:25:00,11545.39437412627,4,3
2020-02-28,11319.6,11348.1,11319.25,11338.65,09:30:00,11523.890148019009,4,4
2020-02-28,11295.85,11321.05,11292.55,11319.55,09:35:00,11502.172038683862,4,5
2020-02-28,11300.1,11316.8,11286.5,11296.05,09:40:00,11482.927082618731,4,6
2020-02-28,11287.45,11303.25,11283.75,11302.35,09:45:00,11464.310217607424,4,7
2020-02-28,11289.5,11292.85,11276.35,11287.4,09:50:00,11447.661625454337,4,8
2020-02-28,11288.0,11290.1,11269.8,11290.0,09:55:00,11432.455756363446,4,9
2020-02-28,11310.8,11311.05,11276.1,11287.8,10:00:00,11420.869493852642,4,10
2020-02-28,11307.45,11322.4,11305.6,11311.1,10:05:00,11410.067637295248,4,11
2020-02-28,11290.85,11305.0,11285.75,11305.0,10:10:00,11398.71357660046,4,12
2020-02-28,11301.95,11305.15,11283.4,11291.1,10:15:00,11389.497997876608,4,13
2020-02-28,11301.25,11309.85,11290.85,11302.35,10:20:00,11381.093426650265,4,14
2020-02-28,11294.4,11302.15,11286.5,11302.15,10:25:00,11372.836909826428,4,15
2020-02-28,11301.55,11312.35,11289.1,11294.25,10:30:00,11366.04768031915,4,16
2020-02-28,11297.4,11315.05,11294.1,11302.25,10:35:00,11359.50980600304,4,17
2020-02-28,11306.6,11313.55,11295.8,11298.15,10:40:00,11354.470776859893,4,18
2020-02-28,11295.15,11307.1,11295.15,11307.1,10:45:00,11348.821179063712,4,19
2020-02-28,11292.2,11300.35,11283.95,11295.45,10:50:00,11343.42868581955,4,20
2020-02-28,11293.3,11297.7,11288.75,11293.05,10:55:00,11338.654525265309,4,21
2020-02-28,11287.95,11301.75,11287.95,11293.25,11:00:00,11333.825522859086,4,22
2020-02-28,11289.5,11296.5,11286.4,11287.9,11:05:00,11329.604044491552,4,23
2020-02-28,11283.95,11291.1,11280.5,11289.4,11:10:00,11325.256040254262,4,24
2020-02-28,11289.1,11296.35,11282.1,11284.0,11:15:00,11321.812607849091,4,25
2020-02-28,11283.2,11295.5,11281.45,11289.55,11:20:00,11318.135216625373,4,26
2020-02-28,11296.75,11297.35,11282.25,11284.65,11:25:00,11316.098529327715,4,27
2020-02-28,11304.45,11311.05,11298.35,11298.35,11:30:00,11314.98914558222,4,28
2020-02-28,11301.5,11305.95,11295.95,11303.5,11:35:00,11313.70446505058,4,29
2020-02-28,11296.8,11301.25,11291.9,11301.25,11:40:00,11312.094515998146,4,30
2020-02-28,11300.05,11307.85,11296.35,11296.35,11:45:00,11310.947419236418,4,31
2020-02-28,11296.3,11300.85,11295.3,11300.1,11:50:00,11309.552426928189,4,32
2020-02-28,11279.95,11296.8,11268.85,11296.8,11:55:00,11306.733148173123,4,33
2020-02-28,11267.75,11280.25,11265.35,11279.85,12:00:00,11303.02046739473,4,34
2020-02-28,11252.45,11271.3,11248.05,11267.1,12:05:00,11298.204232404756,4,35
2020-02-28,11256.3,11262.35,11251.4,11253.0,12:10:00,11294.213353128112,4,36
2020-02-28,11249.95,11257.5,11233.95,11256.85,12:15:00,11289.99779568734,4,37
2020-02-28,11257.0,11258.75,11239.45,11250.05,12:20:00,11286.855148479022,4,38
2020-02-28,11260.15,11263.05,11251.6,11256.4,12:25:00,11284.31180100483,4,39
2020-02-28,11277.85,11278.35,11260.0,11260.0,12:30:00,11283.696391385323,4,40
2020-02-28,11280.35,11282.1,11272.85,11277.45,12:35:00,11283.377687443864,4,41
2020-02-28,11266.15,11282.4,11266.1,11280.2,12:40:00,11281.736955306353,4,42
2020-02-28,11293.55,11294.45,11265.35,11266.75,12:45:00,11282.86200718194,4,43
2020-02-28,11302.8,11305.65,11290.15,11293.8,12:50:00,11284.760863640802,4,44
2020-02-28,11304.75,11308.25,11292.8,11303.4,12:55:00,11286.664590913106,4,45
2020-02-28,11309.75,11317.95,11304.8,11304.8,13:00:00,11288.863201302334,4,46
2020-02-28,11293.95,11309.4,11292.05,11309.4,13:05:00,11289.34765832116,4,47
2020-02-28,11289.05,11294.75,11278.8,11293.9,13:10:00,11289.31930990962,4,48
2020-02-28,11303.25,11304.7,11287.4,11289.45,13:15:00,11290.64604229918,4,49
2020-02-28,11281.1,11304.4,11280.85,11303.0,13:20:00,11289.736895413544,4,50
2020-02-28,11294.0,11294.0,11280.05,11280.95,13:25:00,11290.14290537416,4,51
2020-02-28,11296.2,11303.8,11278.75,11294.45,13:30:00,11290.719771529002,4,52
2020-02-28,11297.25,11304.05,11282.8,11295.95,13:35:00,11291.34169805005,4,53
2020-02-28,11297.85,11302.7,11291.5,11298.05,13:40:00,11291.961536330997,4,54
2020-02-28,11304.0,11306.0,11292.1,11298.55,13:45:00,11293.108056680428,4,55
2020-02-28,11309.9,11311.4,11298.95,11304.15,13:50:00,11294.70728937753,4,56
2020-02-28,11300.45,11310.6,11296.75,11310.4,13:55:00,11295.254214198718,4,57
2020-02-28,11280.75,11301.65,11270.95,11301.15,14:00:00,11293.872860465506,4,58
2020-02-28,11270.4,11282.7,11269.35,11280.2,14:05:00,11291.637349944982,4,59
2020-02-28,11271.3,11275.0,11262.55,11270.2,14:10:00,11289.700459474032,4,60
2020-02-28,11259.25,11272.2,11249.5,11270.85,14:15:00,11286.8004157146,4,61
2020-02-28,11255.5,11266.6,11245.1,11259.65,14:20:00,11283.81942374178,4,62
2020-02-28,11262.15,11265.7,11250.55,11254.55,14:25:00,11281.755669099708,4,63
2020-02-28,11274.15,11281.8,11255.55,11262.7,14:30:00,11281.03131966164,4,64
2020-02-28,11249.65,11280.2,11249.65,11274.3,14:35:00,11278.042622551007,4,65
2020-02-28,11258.4,11263.6,11249.7,11250.7,14:40:00,11276.171896593769,4,66
2020-02-28,11253.5,11265.55,11248.6,11258.65,14:45:00,11274.012668346742,4,67
2020-02-28,11223.0,11254.35,11223.0,11254.35,14:50:00,11269.154318980389,4,68
2020-02-28,11202.65,11222.3,11201.45,11222.3,14:55:00,11262.820574315589,4,69
2020-02-28,11201.65,11204.15,11180.25,11200.05,15:00:00,11256.99480533315,4,70
2020-02-28,11181.6,11201.5,11175.05,11201.5,15:05:00,11249.814347682372,4,71
2020-02-28,11197.3,11199.75,11175.85,11181.1,15:10:00,11244.812981236431,4,72
2020-02-28,11221.45,11225.7,11197.3,11197.7,15:15:00,11242.587935404392,4,73
2020-02-28,11208.35,11223.7,11201.3,11221.65,15:20:00,11239.327179651593,4,74
2020-02-28,11219.2,11226.05,11206.65,11209.0,15:25:00,11237.41030539906,4,75
2020-03-02,11356.35,11433.0,11356.35,11380.2,09:15:00,11248.737895361051,0,1
2020-03-02,11358.75,11382.1,11327.15,11355.3,09:20:00,11259.21523866,0,2
2020-03-02,11331.2,11366.5,11308.3,11359.55,09:25:00,11266.07093021619,0,3
2020-03-02,11338.35,11342.25,11320.5,11330.25,09:30:00,11272.954651147982,0,4
2020-03-02,11345.15,11347.9,11329.35,11337.95,09:35:00,11279.830398657698,0,5
2020-03-02,11364.9,11365.5,11343.7,11344.85,09:40:00,11287.932265452202,0,6
2020-03-02,11371.15,11382.95,11363.7,11364.25,09:45:00,11295.857763980564,0,7
2020-03-02,11388.65,11393.3,11371.1,11371.1,09:50:00,11304.69511979194,0,8
2020-03-02,11366.85,11389.85,11365.0,11388.8,09:55:00,11310.614632192708,0,9
2020-03-02,11359.4,11375.2,11352.3,11367.25,10:00:00,11315.260857698166,0,10
2020-03-02,11344.05,11361.3,11340.95,11360.2,10:05:00,11318.00268077453,0,11
2020-03-02,11330.0,11347.35,11325.9,11344.5,10:10:00,11319.145282605528,0,12
2020-03-02,11339.3,11342.3,11325.4,11329.6,10:15:00,11321.064779500237,0,13
2020-03-02,11352.1,11357.2,11338.05,11339.6,10:20:00,11324.020514785929,0,14
2020-03-02,11352.9,11360.2,11351.5,11352.25,10:25:00,11326.770941949177,0,15
2020-03-02,11342.15,11353.25,11333.9,11352.4,10:30:00,11328.235614144493,0,16
2020-03-02,11351.45,11358.6,11341.45,11341.55,10:35:00,11330.446508035491,0,17
2020-03-02,11353.7,11359.5,11350.9,11352.15,10:40:00,11332.661126317827,0,18
2020-03-02,11342.4,11354.15,11339.35,11353.75,10:45:00,11333.588638097082,0,19
2020-03-02,11357.4,11358.15,11341.8,11341.8,10:50:00,11335.85638684974,0,20
2020-03-02,11365.85,11366.5,11355.45,11357.7,10:55:00,11338.71292143548,0,21
2020-03-02,11369.9,11374.2,11365.25,11366.4,11:00:00,11341.683119394009,0,22
2020-03-02,11366.35,11376.2,11361.0,11370.7,11:05:00,11344.032346118389,0,23
2020-03-02,11357.15,11366.4,11356.5,11366.4,11:10:00,11345.281646488063,0,24
2020-03-02,11357.65,11360.25,11352.0,11357.25,11:15:00,11346.459584917771,0,25
2020-03-02,11364.7,11367.85,11353.2,11357.5,11:20:00,11348.196767306556,0,26
2020-03-02,11365.75,11370.65,11362.35,11364.55,11:25:00,11349.868503753552,0,27
2020-03-02,11360.55,11370.8,11358.65,11366.4,11:30:00,11350.885789110358,0,28
2020-03-02,11363.5,11366.25,11358.2,11360.35,11:35:00,11352.08714252842,0,29
2020-03-02,11366.6,11369.75,11361.85,11363.7,11:40:00,11353.469319430473,0,30
2020-03-02,11379.9,11381.15,11362.75,11366.15,11:45:00,11355.98652710376,0,31
2020-03-02,11384.1,11386.25,11376.0,11379.1,11:50:00,11358.664000712926,0,32
2020-03-02,11392.85,11394.3,11381.8,11384.5,11:55:00,11361.919810168838,0,33
2020-03-02,11395.8,11398.8,11389.65,11392.25,12:00:00,11365.146494914665,0,34
2020-03-02,11402.8,11405.3,11388.8,11395.85,12:05:00,11368.73254301803,0,35
2020-03-02,11383.65,11407.8,11383.45,11402.0,12:10:00,11370.153253206789,0,36
2020-03-02,11386.8,11391.55,11382.7,11383.0,12:15:00,11371.738657663283,0,37
2020-03-02,11378.45,11392.4,11377.35,11386.35,12:20:00,11372.377833123925,0,38
2020-03-02,11374.3,11380.75,11366.9,11378.8,12:25:00,11372.560896635932,0,39
2020-03-02,11379.4,11380.35,11369.6,11374.7,12:30:00,11373.212239813463,0,40
2020-03-02,11381.85,11386.1,11378.2,11379.35,12:35:00,11374.034883640752,0,41
2020-03-02,11380.9,11385.35,11378.85,11383.95,12:40:00,11374.688704246397,0,42
2020-03-02,11365.05,11381.7,11363.25,11380.85,12:45:00,11373.770732413404,0,43
2020-03-02,11363.7,11372.2,11363.0,11364.8,12:50:00,11372.8116150407,0,44
2020-03-02,11371.9,11372.75,11353.95,11364.0,12:55:00,11372.724794560632,0,45
2020-03-02,11365.6,11376.65,11362.65,11371.8,13:00:00,11372.046242697714,0,46
2020-03-02,11367.6,11370.9,11361.15,11365.8,13:05:00,11371.622791012218,0,47
2020-03-02,11369.1,11369.4,11362.25,11367.4,13:10:00,11371.38252520153,0,48
2020-03-02,11383.8,11391.5,11368.9,11369.45,13:15:00,11372.565141849003,0,49
2020-03-02,11393.85,11400.55,11383.95,11384.55,13:20:00,11374.592271196718,0,50
2020-03-02,11401.35,11415.0,11393.5,11393.95,13:25:00,11377.14062632084,0,51
2020-03-02,11396.25,11401.15,11386.7,11401.15,13:30:00,11378.960566671238,0,52
2020-03-02,11398.05,11402.3,11390.1,11396.0,13:35:00,11380.778607940643,0,53
2020-03-02,11401.6,11409.6,11396.25,11399.0,13:40:00,11382.761597660585,0,54
2020-03-02,11395.4,11402.45,11386.65,11401.45,13:45:00,11383.965255026242,0,55
2020-03-02,11384.4,11400.4,11382.8,11395.3,13:50:00,11384.006659309458,0,56
2020-03-02,11392.9,11395.5,11384.95,11386.25,13:55:00,11384.853644137129,0,57
2020-03-02,11418.7,11419.0,11393.8,11394.2,14:00:00,11388.07710660026,0,58
2020-03-02,11414.05,11419.1,11404.05,11419.1,14:05:00,11390.550715495472,0,59
2020-03-02,11395.55,11415.2,11395.15,11415.2,14:10:00,11391.026837829237,0,60
2020-03-02,11382.3,11398.5,11380.85,11396.5,14:15:00,11390.195710416929,0,61
2020-03-02,11359.25,11386.8,11359.1,11381.5,14:20:00,11387.248499901032,0,62
2020-03-02,11352.6,11376.05,11351.95,11361.25,14:25:00,11383.948642767602,0,63
2020-03-02,11355.85,11368.45,11336.6,11355.05,14:30:00,11381.27258155164,0,64
2020-03-02,11335.05,11363.45,11332.7,11356.3,14:35:00,11376.870430927676,0,65
2020-03-02,11299.1,11344.4,11299.1,11336.25,14:40:00,11369.463723220277,0,66
2020-03-02,11303.85,11303.85,11272.35,11298.5,14:45:00,11363.2147971993,0,67
2020-03-02,11296.05,11315.35,11292.95,11305.75,14:50:00,11356.818149846986,0,68
2020-03-02,11272.45,11296.4,11260.25,11296.4,14:55:00,11348.783087956795,0,69
2020-03-02,11159.75,11269.75,11159.75,11269.75,15:00:00,11330.779936722816,0,70
2020-03-02,11116.75,11176.45,11116.75,11159.45,15:05:00,11310.396133225406,0,71
2020-03-02,11050.35,11123.2,11039.55,11117.45,15:10:00,11285.629834822985,0,72
2020-03-02,11139.95,11139.95,11036.25,11051.2,15:15:00,11271.755564839845,0,73
2020-03-02,11134.85,11163.2,11133.9,11143.75,15:20:00,11258.716939617005,0,74
2020-03-02,11149.25,11153.95,11128.6,11135.5,15:25:00,11248.291516796337,0,75
2020-03-03,11293.05,11300.25,11215.95,11215.95,09:15:00,11252.5542294824,1,1
2020-03-03,11293.95,11312.65,11288.65,11288.65,09:20:00,11256.49668381741,1,2
2020-03-03,11288.4,11302.65,11273.9,11292.8,09:25:00,11259.535094882418,1,3
2020-03-03,11260.35,11299.65,11260.35,11288.2,09:30:00,11259.612704893616,1,4
2020-03-03,11267.4,11281.85,11251.55,11258.4,09:35:00,11260.354352046606,1,5
2020-03-03,11302.4,11307.65,11267.3,11267.3,09:40:00,11264.358699470738,1,6
2020-03-03,11311.0,11317.1,11301.5,11302.1,09:45:00,11268.800728092574,1,7
2020-03-03,11286.0,11311.4,11281.55,11310.8,09:50:00,11270.43875398852,1,8
2020-03-03,11274.6,11295.85,11273.45,11286.05,09:55:00,11270.83506313247,1,9
2020-03-03,11278.0,11289.1,11269.5,11274.0,10:00:00,11271.517438072236,1,10
2020-03-03,11282.6,11286.45,11276.3,11277.5,10:05:00,11272.572920160594,1,11
2020-03-03,11274.1,11296.5,11273.15,11282.4,10:10:00,11272.718356335776,1,12
2020-03-03,11254.1,11280.55,11233.0,11273.5,10:15:00,11270.945179541894,1,13
2020-03-03,11232.05,11253.8,11218.6,11253.45,10:20:00,11267.24087672838,1,14
2020-03-03,11240.8,11251.55,11231.05,11231.5,10:25:00,11264.722697992343,1,15
2020-03-03,11223.75,11250.15,11222.35,11239.35,10:30:00,11260.820536278788,1,16
2020-03-03,11193.9,11223.85,11180.9,11223.1,10:35:00,11254.447151871283,1,17
2020-03-03,11203.7,11216.25,11191.0,11196.55,10:40:00,11249.614089788303,1,18
2020-03-03,11176.85,11202.9,11174.25,11202.9,10:45:00,11242.684176475132,1,19
2020-03-03,11184.95,11192.05,11163.4,11177.65,10:50:00,11237.1856834775,1,20
2020-03-03,11220.45,11220.7,11180.45,11183.45,10:55:00,11235.591808860596,1,21
2020-03-03,11229.5,11244.35,11212.7,11220.9,11:00:00,11235.01163658816,1,22
2020-03-03,11204.85,11233.8,11201.85,11228.6,11:05:00,11232.139099770238,1,23
2020-03-03,11197.5,11208.15,11189.55,11205.1,11:10:00,11228.84013788736,1,24
2020-03-03,11210.9,11218.75,11194.5,11196.55,11:15:00,11227.13155332666,1,25
2020-03-03,11203.7,11212.95,11198.45,11210.35,11:20:00,11224.899976819355,1,26
2020-03-03,11188.8,11208.1,11180.5,11203.15,11:25:00,11221.461883788945,1,27
2020-03-03,11193.4,11198.2,11181.5,11187.0,11:30:00,11218.789323428093,1,28
2020-03-03,11158.7,11193.95,11157.15,11193.2,11:35:00,11213.066530720656,1,29
2020-03-03,11174.45,11178.95,11158.6,11160.25,11:40:00,11209.388765890117,1,30
2020-03-03,11182.2,11183.15,11167.75,11172.3,11:45:00,11206.799359614868,1,31
2020-03-03,11171.45,11191.35,11171.45,11180.7,11:50:00,11203.432753937264,1,32
2020-03-03,11177.7,11178.25,11152.55,11171.6,11:55:00,11200.982015467049,1,33
2020-03-03,11184.2,11197.35,11177.1,11178.1,12:00:00,11199.383728279709,1,34
2020-03-03,11185.5,11191.95,11179.4,11185.55,12:05:00,11198.061468443546,1,35
2020-03-03,11190.1,11198.65,11186.1,11186.45,12:10:00,11197.303233353685,1,36
2020-03-03,11207.6,11209.0,11190.05,11190.05,12:15:00,11198.283877796192,1,37
2020-03-03,11205.7,11218.6,11205.7,11208.4,12:20:00,11198.990175148936,1,38
2020-03-03,11228.6,11236.6,11206.45,11206.45,12:25:00,11201.810158468084,1,39
2020-03-03,11230.65,11238.45,11221.55,11229.0,12:30:00,11204.556810042552,1,40
2020-03-03,11221.95,11235.9,11201.8,11231.2,12:35:00,11206.213304324216,1,41
2020-03-03,11247.55,11254.0,11216.0,11221.65,12:40:00,11210.150132483814,1,42
2020-03-03,11249.15,11256.55,11242.6,11248.7,12:45:00,11213.864405580594,1,43
2020-03-03,11247.8,11256.7,11236.75,11250.2,12:50:00,11217.096366953872,1,44
2020-03-03,11251.0,11259.0,11244.2,11250.2,12:55:00,11220.325284386836,1,45
2020-03-03,11210.45,11253.4,11210.45,11251.95,13:00:00,11219.3847811119,1,46
2020-03-03,11186.5,11216.55,11179.35,11210.8,13:05:00,11216.25289719648,1,47
2020-03-03,11198.9,11212.6,11187.35,11188.3,13:10:00,11214.600240320626,1,48
2020-03-03,11186.55,11200.85,11186.15,11199.5,13:15:00,11211.928788861518,1,49
2020-03-03,11214.0,11218.95,11183.45,11187.05,13:20:00,11212.126047065183,1,50
2020-03-03,11224.0,11229.4,11215.2,11215.4,13:25:00,11213.256899725642,1,51
2020-03-03,11219.55,11228.4,11212.55,11224.45,13:30:00,11213.856242608914,1,52
2020-03-03,11216.75,11221.25,11207.1,11220.6,13:35:00,11214.131838550922,1,53
2020-03-03,11253.85,11253.85,11216.7,11217.75,13:40:00,11217.914520593691,1,54
2020-03-03,11278.55,11282.65,11249.1,11254.2,13:45:00,11223.689328156195,1,55
2020-03-03,11270.95,11287.05,11270.95,11279.8,13:50:00,11228.190344522272,1,56
2020-03-03,11264.35,11277.75,11255.1,11272.1,13:55:00,11231.634121234436,1,57
2020-03-03,11281.65,11281.8,11260.1,11265.1,14:00:00,11236.397538259727,1,58
2020-03-03,11292.7,11298.0,11272.55,11281.75,14:05:00,11241.759677473086,1,59
2020-03-03,11276.4,11297.25,11271.05,11294.1,14:10:00,11245.058755808985,1,60
2020-03-03,11274.7,11277.15,11242.7,11276.65,14:15:00,11247.881731446225,1,61
2020-03-03,11264.65,11274.5,11255.9,11274.5,14:20:00,11249.478709403724,1,62
2020-03-03,11288.4,11292.25,11264.55,11264.55,14:25:00,11253.18549898432,1,63
2020-03-03,11284.85,11304.1,11279.5,11289.15,14:30:00,11256.20116574772,1,64
2020-03-03,11313.75,11313.75,11281.6,11284.4,14:35:00,11261.68200710508,1,65
2020-03-03,11328.0,11342.25,11312.1,11313.8,14:40:00,11267.998006428406,1,66
2020-03-03,11313.3,11337.3,11312.7,11327.7,14:45:00,11272.312482006651,1,67
2020-03-03,11312.25,11322.95,11301.45,11313.2,14:50:00,11276.116055148876,1,68
2020-03-03,11326.1,11327.65,11313.5,11313.5,14:55:00,11280.876430848984,1,69
2020-03-03,11288.35,11325.6,11281.7,11325.6,15:00:00,11281.588199339558,1,70
2020-03-03,11276.35,11289.15,11271.2,11288.3,15:05:00,11281.089323211982,1,71
2020-03-03,11298.25,11298.35,11272.55,11276.75,15:10:00,11282.723673382268,1,72
2020-03-03,11326.0,11326.05,11294.8,11298.0,15:15:00,11286.845228298242,1,73
2020-03-03,11322.1,11329.85,11316.15,11325.8,15:20:00,11290.20282560317,1,74
2020-03-03,11330.45,11330.45,11307.35,11322.25,15:25:00,11294.03588983144,1,75
2020-03-04,11295.5,11353.2,11295.5,11350.45,09:15:00,11294.175328895111,2,1
2020-03-04,11272.55,11294.55,11267.65,11293.9,09:20:00,11292.115773762243,2,2
2020-03-04,11301.7,11302.1,11271.4,11271.95,09:25:00,11293.02855721346,2,3
2020-03-04,11269.45,11304.8,11264.25,11301.3,09:30:00,11290.782980335987,2,4
2020-03-04,11282.4,11290.8,11263.5,11269.8,09:35:00,11289.984601256368,2,5
2020-03-04,11303.15,11304.05,11278.5,11281.55,09:40:00,11291.238448755765,2,6
2020-03-04,11305.25,11309.5,11291.45,11303.2,09:45:00,11292.572882207594,2,7
2020-03-04,11310.05,11315.15,11294.8,11305.5,09:50:00,11294.237369616394,2,8
2020-03-04,11313.95,11320.3,11303.65,11311.05,09:55:00,11296.11476298626,2,9
2020-03-04,11325.15,11328.95,11306.65,11314.05,10:00:00,11298.880023654236,2,10
2020-03-04,11315.05,11325.35,11309.45,11325.35,10:05:00,11300.420021401453,2,11
2020-03-04,11302.0,11315.0,11301.0,11315.0,10:10:00,11300.570495553697,2,12
2020-03-04,11288.05,11303.15,11285.9,11303.1,10:15:00,11299.378067405723,2,13
2020-03-04,11280.85,11289.9,11275.65,11288.65,10:20:00,11297.61348955756,2,14
2020-03-04,11287.2,11287.6,11274.05,11280.75,10:25:00,11296.621728647317,2,15
2020-03-04,11293.9,11296.9,11287.1,11287.65,10:30:00,11296.362516395193,2,16
2020-03-04,11285.35,11301.0,11284.9,11293.75,10:35:00,11295.313705309934,2,17
2020-03-04,11276.55,11290.4,11276.35,11285.25,10:40:00,11293.526685756608,2,18
2020-03-04,11263.2,11280.05,11259.95,11276.05,10:45:00,11290.638429970266,2,19
2020-03-04,11256.85,11265.25,11249.8,11262.85,10:50:00,11287.420484258811,2,20
2020-03-04,11233.85,11259.5,11232.95,11255.75,10:55:00,11282.318533377022,2,21
2020-03-04,11233.25,11245.95,11230.4,11233.2,11:00:00,11277.645339722068,2,22
2020-03-04,11236.1,11240.45,11229.0,11233.15,11:05:00,11273.68864070092,2,23
2020-03-04,11242.3,11251.3,11234.0,11235.1,11:10:00,11270.69924634845,2,24
2020-03-04,11265.35,11266.35,11241.15,11241.7,11:15:00,11270.189794315263,2,25
2020-03-04,11253.4,11266.8,11253.4,11265.3,11:20:00,11268.59076628524,2,26
2020-03-04,11256.15,11260.15,11248.05,11252.9,11:25:00,11267.40593140093,2,27
2020-03-04,11252.1,11267.55,11251.75,11255.8,11:30:00,11265.94822364846,2,28
2020-03-04,11255.6,11261.6,11250.65,11251.0,11:35:00,11264.962678539085,2,29
2020-03-04,11252.8,11261.05,11251.4,11255.25,11:40:00,11263.804328202026,2,30
2020-03-04,11259.8,11265.4,11252.0,11252.6,11:45:00,11263.422963611358,2,31
2020-03-04,11250.3,11259.4,11242.4,11258.9,11:50:00,11262.173157553134,2,32
2020-03-04,11242.35,11253.75,11241.2,11250.25,11:55:00,11260.28523778617,2,33
2020-03-04,11250.5,11253.85,11241.0,11242.8,12:00:00,11259.353310377965,2,34
2020-03-04,11247.7,11253.9,11244.15,11250.05,12:05:00,11258.243471294349,2,35
2020-03-04,11259.1,11261.3,11246.8,11247.15,12:10:00,11258.325045456791,2,36
2020-03-04,11254.9,11265.55,11253.4,11258.5,12:15:00,11257.998850651382,2,37
2020-03-04,11273.7,11276.75,11254.8,11254.8,12:20:00,11259.494198208396,2,38
2020-03-04,11261.8,11273.6,11261.65,11273.25,12:25:00,11259.713798379024,2,39
2020-03-04,11263.85,11267.4,11257.5,11261.9,12:30:00,11260.107722342926,2,40
2020-03-04,11266.35,11269.0,11255.7,11263.8,12:35:00,11260.702224976932,2,41
2020-03-04,11267.95,11269.45,11259.45,11266.85,12:40:00,11261.392489264845,2,42
2020-03-04,11266.15,11274.0,11265.0,11268.0,12:45:00,11261.845585525334,2,43
2020-03-04,11226.55,11266.7,11224.45,11266.05,12:50:00,11258.484101189588,2,44
2020-03-04,11212.85,11228.6,11188.6,11227.2,12:55:00,11254.137996314388,2,45
2020-03-04,11217.9,11220.7,11201.95,11213.05,13:00:00,11250.68675857016,2,46
2020-03-04,11183.5,11218.85,11173.1,11218.05,13:05:00,11244.288019658718,2,47
2020-03-04,11171.55,11183.05,11165.7,11183.05,13:10:00,11237.360589215032,2,48
2020-03-04,11164.6,11173.6,11159.95,11171.45,13:15:00,11230.43100928979,2,49
2020-03-04,11182.95,11186.2,11163.25,11166.9,13:20:00,11225.909008405048,2,50
2020-03-04,11148.7,11194.05,11148.5,11182.7,13:25:00,11218.555769509328,2,51
2020-03-04,11130.55,11148.1,11128.5,11148.1,13:30:00,11210.174267651297,2,52
2020-03-04,11121.8,11140.0,11120.1,11130.1,13:35:00,11201.757670732126,2,53
2020-03-04,11096.65,11124.4,11082.15,11123.5,13:40:00,11191.747416376686,2,54
2020-03-04,11128.55,11140.2,11084.8,11097.05,13:45:00,11185.728614817002,2,55
2020-03-04,11126.45,11134.45,11121.5,11131.35,13:50:00,11180.083032453478,2,56
2020-03-04,11129.05,11133.8,11121.2,11125.6,13:55:00,11175.222743648384,2,57
2020-03-04,11131.65,11144.6,11129.8,11129.8,14:00:00,11171.072958539016,2,58
2020-03-04,11108.25,11136.2,11100.65,11136.0,14:05:00,11165.089819630535,2,59
2020-03-04,11124.35,11126.2,11105.8,11111.45,14:10:00,11161.209836808584,2,60
2020-03-04,11145.7,11147.3,11119.0,11127.5,14:15:00,11159.73270949348,2,61
2020-03-04,11154.1,11168.7,11145.85,11147.5,14:20:00,11159.19626097029,2,62
2020-03-04,11154.9,11164.45,11148.3,11154.45,14:25:00,11158.787093258834,2,63
2020-03-04,11149.65,11161.6,11139.85,11156.1,14:30:00,11157.91689390085,2,64
2020-03-04,11131.25,11156.15,11129.5,11151.05,14:35:00,11155.377189719817,2,65
2020-03-04,11177.05,11181.05,11129.3,11132.45,14:40:00,11157.441266889358,2,66
2020-03-04,11158.25,11178.65,11152.65,11178.65,14:45:00,11157.51828909037,2,67
2020-03-04,11167.05,11172.8,11159.3,11160.4,14:50:00,11158.426071081763,2,68
2020-03-04,11202.7,11204.3,11168.65,11168.85,14:55:00,11162.642635740642,2,69
2020-03-04,11219.65,11246.8,11203.6,11204.15,15:00:00,11168.071908527249,2,70
2020-03-04,11246.15,11246.55,11220.55,11220.8,15:05:00,11175.507917238938,2,71
2020-03-04,11258.8,11278.5,11246.85,11247.4,15:10:00,11183.440496549514,2,72
2020-03-04,11253.7,11274.5,11253.7,11258.9,15:15:00,11190.131877830512,2,73
2020-03-04,11251.3,11258.1,11248.0,11255.9,15:20:00,11195.957413275224,2,74
2020-03-04,11254.2,11257.85,11248.9,11251.55,15:25:00,11201.504326296632,2,75
2020-03-05,11311.9,11339.95,11300.25,11300.25,09:15:00,11212.018199982667,3,1
2020-03-05,11286.8,11320.6,11286.8,11311.45,09:20:00,11219.140276174794,3,2
2020-03-05,11283.55,11291.9,11272.95,11287.95,09:25:00,11225.27453558672,3,3
2020-03-05,11306.15,11307.05,11267.55,11283.25,09:30:00,11232.976960768936,3,4
2020-03-05,11299.25,11312.15,11294.9,11305.2,09:35:00,11239.288678790945,3,5
2020-03-05,11284.15,11298.55,11282.05,11298.05,09:40:00,11243.561185572757,3,6
2020-03-05,11287.65,11294.8,11281.1,11284.1,09:45:00,11247.760120280112,3,7
2020-03-05,11264.25,11289.25,11255.35,11287.2,09:50:00,11249.33058501534,3,8
2020-03-05,11268.1,11270.8,11249.45,11262.6,09:55:00,11251.118148347212,3,9
2020-03-05,11263.65,11270.4,11254.8,11268.15,10:00:00,11252.31165802843,3,10
2020-03-05,11273.25,11278.85,11257.6,11263.5,10:05:00,11254.305785835246,3,11
2020-03-05,11270.1,11278.25,11266.5,11272.1,10:10:00,11255.80999670808,3,12
2020-03-05,11269.7,11272.55,11258.3,11271.2,10:15:00,11257.132854164454,3,13
2020-03-05,11279.3,11279.45,11268.25,11268.25,10:20:00,11259.244010910696,3,14
2020-03-05,11294.05,11297.05,11278.45,11278.75,10:25:00,11262.55886701444,3,15
2020-03-05,11287.15,11294.35,11278.75,11292.95,10:30:00,11264.900879679732,3,16
2020-03-05,11292.25,11294.25,11285.25,11287.0,10:35:00,11267.505557805474,3,17
2020-03-05,11314.75,11316.7,11285.4,11291.3,10:40:00,11272.005028490668,3,18
2020-03-05,11351.4,11351.4,11311.9,11314.7,10:45:00,11279.5664543487,3,19
2020-03-05,11340.8,11359.5,11339.55,11352.0,10:50:00,11285.398220601204,3,20
2020-03-05,11341.9,11344.3,11330.6,11341.15,10:55:00,11290.779342448708,3,21
2020-03-05,11359.15,11367.25,11343.2,11343.2,11:00:00,11297.29083364407,3,22
2020-03-05,11352.3,11367.55,11347.4,11358.0,11:05:00,11302.529801868444,3,23
2020-03-05,11347.05,11354.7,11334.55,11354.7,11:10:00,11306.769820738116,3,24
2020-03-05,11336.25,11347.45,11334.85,11346.3,11:15:00,11309.577456858297,3,25
2020-03-05,11355.5,11356.0,11335.35,11336.35,11:20:00,11313.9510323956,3,26
2020-03-05,11365.7,11365.7,11353.75,11355.3,11:25:00,11318.87950550078,3,27
2020-03-05,11368.85,11380.75,11365.25,11365.25,11:30:00,11323.638600214992,3,28
2020-03-05,11373.5,11375.1,11362.0,11368.65,11:35:00,11328.38730495642,3,29
2020-03-05,11379.9,11381.8,11373.05,11373.55,11:40:00,11333.29327591295,3,30
2020-03-05,11371.0,11382.25,11368.35,11379.95,11:45:00,11336.884392492671,3,31
2020-03-05,11360.65,11372.2,11357.0,11370.85,11:50:00,11339.147783683846,3,32
2020-03-05,11360.7,11365.3,11353.75,11358.4,11:55:00,11341.200375713956,3,33
2020-03-05,11373.45,11373.85,11353.05,11360.75,12:00:00,11344.271768503102,3,34
2020-03-05,11371.7,11375.1,11370.2,11374.0,12:05:00,11346.883981026616,3,35
2020-03-05,11368.8,11373.95,11363.85,11370.25,12:10:00,11348.971220928845,3,36
2020-03-05,11387.05,11388.45,11369.5,11369.5,12:15:00,11352.597771316572,3,37
2020-03-05,11376.6,11389.5,11375.3,11386.8,12:20:00,11354.883697857853,3,38
2020-03-05,11372.4,11381.2,11369.8,11376.85,12:25:00,11356.551917109486,3,39
2020-03-05,11378.5,11378.6,11368.75,11372.05,12:30:00,11358.642210718106,3,40
2020-03-05,11357.3,11378.4,11352.6,11378.4,12:35:00,11358.514381125906,3,41
2020-03-05,11354.7,11358.7,11337.6,11357.75,12:40:00,11358.151106732965,3,42
2020-03-05,11362.7,11362.7,11349.2,11354.95,12:45:00,11358.584334663155,3,43
2020-03-05,11365.1,11368.7,11360.2,11362.95,12:50:00,11359.204874219047,3,44
2020-03-05,11356.1,11365.3,11352.8,11362.3,12:55:00,11358.909171912472,3,45
2020-03-05,11364.95,11364.95,11346.55,11355.7,13:00:00,11359.48448887319,3,46
2020-03-05,11368.45,11380.1,11364.85,11365.4,13:05:00,11360.338347075744,3,47
2020-03-05,11364.25,11370.45,11360.35,11369.2,13:10:00,11360.710885449484,3,48
2020-03-05,11359.75,11369.75,11355.85,11364.55,13:15:00,11360.619372549532,3,49
2020-03-05,11359.8,11363.4,11354.4,11359.95,13:20:00,11360.541337068624,3,50
2020-03-05,11358.1,11366.75,11355.25,11360.4,13:25:00,11360.308828776377,3,51
2020-03-05,11345.1,11365.7,11343.3,11358.55,13:30:00,11358.86036889291,3,52
2020-03-05,11355.0,11355.0,11335.75,11344.9,13:35:00,11358.492714712633,3,53
2020-03-05,11318.5,11354.75,11318.5,11353.85,13:40:00,11354.68388474,3,54
2020-03-05,11302.8,11326.0,11297.1,11318.35,13:45:00,11349.742562383812,3,55
2020-03-05,11321.65,11322.05,11290.15,11303.45,13:50:00,11347.06708025202,3,56
2020-03-05,11313.8,11331.55,11305.75,11321.1,13:55:00,11343.898786894684,3,57
2020-03-05,11304.65,11316.9,11300.05,11314.65,14:00:00,11340.160807190428,3,58
2020-03-05,11300.8,11315.3,11298.75,11304.95,14:05:00,11336.412158886578,3,59
2020-03-05,11307.5,11314.3,11291.65,11301.8,14:10:00,11333.658619945,3,60
2020-03-05,11317.6,11327.75,11304.75,11308.2,14:15:00,11332.129227569283,3,61
2020-03-05,11325.8,11327.55,11311.85,11315.9,14:20:00,11331.526443991255,3,62
2020-03-05,11298.4,11326.2,11295.45,11326.2,14:25:00,11328.371544563515,3,63
2020-03-05,11294.35,11298.5,11276.65,11298.5,14:30:00,11325.13139746223,3,64
2020-03-05,11270.65,11294.9,11267.55,11294.9,14:35:00,11319.942692942015,3,65
2020-03-05,11299.15,11300.45,11265.2,11270.45,14:40:00,11317.962436471347,3,66
2020-03-05,11313.4,11318.95,11289.7,11298.6,14:45:00,11317.527918712174,3,67
2020-03-05,11297.0,11314.9,11296.1,11313.75,14:50:00,11315.572878834824,3,68
2020-03-05,11302.85,11302.85,11280.45,11297.3,14:55:00,11314.36117608865,3,69
2020-03-05,11287.65,11306.75,11281.45,11303.45,15:00:00,11311.817254556398,3,70
2020-03-05,11280.15,11288.4,11278.0,11287.8,15:05:00,11308.801325551023,3,71
2020-03-05,11261.95,11281.45,11260.0,11281.45,15:10:00,11304.339294546164,3,72
2020-03-05,11264.0,11267.1,11261.4,11262.75,15:15:00,11300.49745697034,3,73
2020-03-05,11258.15,11265.5,11256.9,11264.75,15:20:00,11296.464365830308,3,74
2020-03-05,11258.95,11260.05,11244.6,11259.75,15:25:00,11292.891569084562,3,75
2020-03-06,10895.75,10918.6,10827.4,10905.5,09:15:00,11255.06856250508,4,1
2020-03-06,10914.85,10930.65,10877.4,10896.1,09:20:00,11222.666794647452,4,2
2020-03-06,10964.55,10981.9,10913.25,10915.0,09:25:00,11198.084242776264,4,3
2020-03-06,10933.7,10962.8,10925.75,10962.8,09:30:00,11172.904791083289,4,4
2020-03-06,10956.85,10958.1,10926.25,10932.3,09:35:00,11152.328144313453,4,5
2020-03-06,10960.25,10960.75,10938.3,10955.05,09:40:00,11134.03498771217,4,6
2020-03-06,10943.95,10960.15,10934.45,10959.9,09:45:00,11115.931655549106,4,7
2020-03-06,10945.85,10960.1,10942.05,10944.55,09:50:00,11099.733402639667,4,8
2020-03-06,10942.2,10951.15,10934.2,10945.5,09:55:00,11084.73022143589,4,9
2020-03-06,10961.55,10978.0,10937.85,10941.4,10:00:00,11072.99877177533,4,10
2020-03-06,10961.6,10980.6,10959.3,10961.7,10:05:00,11062.389364939583,4,11
2020-03-06,10935.5,10961.75,10934.8,10961.75,10:10:00,11050.304663516768,4,12
2020-03-06,10937.7,10941.8,10917.15,10934.4,10:15:00,11039.580409848506,4,13
2020-03-06,10915.6,10939.9,10913.15,10936.5,10:20:00,11027.772751767696,4,14
2020-03-06,10912.65,10925.35,10905.95,10914.7,10:25:00,11016.808680170772,4,15
2020-03-06,10924.2,10924.85,10909.35,10912.15,10:30:00,11007.988805868794,4,16
2020-03-06,10894.7,10927.3,10894.7,10924.0,10:35:00,10997.199395786052,4,17
2020-03-06,10902.05,10903.25,10890.2,10895.1,10:40:00,10988.137548568331,4,18
2020-03-06,10900.45,10905.95,10895.3,10901.4,10:45:00,10979.786353466588,4,19
2020-03-06,10900.35,10910.85,10893.7,10900.9,10:50:00,10972.220986469769,4,20
2020-03-06,10899.0,10906.55,10893.65,10899.3,10:55:00,10965.247559186932,4,21
2020-03-06,10904.75,10905.0,10896.55,10898.35,11:00:00,10959.485886883414,4,22
2020-03-06,10895.45,10906.3,10886.15,10904.4,11:05:00,10953.387230989756,4,23
2020-03-06,10896.25,10901.3,10892.15,10894.8,11:10:00,10947.945589943112,4,24
2020-03-06,10889.85,10896.3,10879.45,10896.3,11:15:00,10942.412676615197,4,25
2020-03-06,10894.9,10896.65,10881.15,10889.7,11:20:00,10937.887659794702,4,26
2020-03-06,10916.25,10920.05,10894.0,10894.6,11:25:00,10935.826930290445,4,27
2020-03-06,10900.55,10920.2,10896.05,10916.6,11:30:00,10932.467222643736,4,28
2020-03-06,10901.6,10903.55,10889.65,10899.45,11:35:00,10929.527487153857,4,29
2020-03-06,10907.45,10910.65,10900.4,10900.4,11:40:00,10927.42486932968,4,30
2020-03-06,10906.85,10910.55,10897.75,10908.5,11:45:00,10925.465357964948,4,31
2020-03-06,10903.75,10908.05,10898.15,10905.95,11:50:00,10923.397228634953,4,32
2020-03-06,10918.2,10926.5,10902.05,10903.6,11:55:00,10922.902254479244,4,33
2020-03-06,10917.15,10920.1,10911.6,10917.65,12:00:00,10922.354420719315,4,34
2020-03-06,10916.4,10918.35,10908.9,10916.75,12:05:00,10921.787333031763,4,35
2020-03-06,10915.3,10926.15,10911.2,10916.15,12:10:00,10921.169491790642,4,36
2020-03-06,10905.7,10915.8,10898.65,10915.8,12:15:00,10919.6962068582,4,37
2020-03-06,10910.7,10916.5,10902.95,10905.85,12:20:00,10918.839425252658,4,38
2020-03-06,10916.65,10916.9,10907.0,10911.0,12:25:00,10918.630908561929,4,39
2020-03-06,10947.55,10955.7,10916.95,10916.95,12:30:00,10921.385107746506,4,40
2020-03-06,10953.95,10955.5,10941.3,10947.75,12:35:00,10924.486526056364,4,41
2020-03-06,10950.0,10958.35,10946.65,10954.5,12:40:00,10926.916380717665,4,42
2020-03-06,10943.1,10951.8,10941.2,10949.8,12:45:00,10928.457677792172,4,43
2020-03-06,10938.15,10944.55,10932.1,10943.5,12:50:00,10929.38075609768,4,44
2020-03-06,10948.35,10956.0,10938.55,10938.55,12:55:00,10931.187350755044,4,45
2020-03-06,10949.9,10952.45,10942.85,10948.15,13:00:00,10932.969507825994,4,46
2020-03-06,10964.5,10965.2,10949.0,10950.0,13:05:00,10935.972411842566,4,47
2020-03-06,10980.6,10991.9,10962.95,10964.95,13:10:00,10940.222658333749,4,48
2020-03-06,10986.45,11001.95,10981.55,10981.55,13:15:00,10944.625262301965,4,49
2020-03-06,10980.75,10994.6,10978.4,10986.4,13:20:00,10948.065713511302,4,50
2020-03-06,10972.95,10987.15,10972.5,10981.4,13:25:00,10950.435645557844,4,51
2020-03-06,10977.0,10982.05,10958.15,10973.15,13:30:00,10952.965584076144,4,52
2020-03-06,10983.25,10985.75,10971.6,10977.7,13:35:00,10955.84981416413,4,53
2020-03-06,10978.0,10985.55,10967.95,10984.35,13:40:00,10957.959355672308,4,54
2020-03-06,10987.7,10993.7,10972.4,10978.1,13:45:00,10960.791797989232,4,55
2020-03-06,10984.5,10994.5,10983.35,10987.75,13:50:00,10963.049721990255,4,56
2020-03-06,11025.1,11035.1,10982.6,10984.2,13:55:00,10968.9592722769,4,57
2020-03-06,10990.4,11029.55,10985.85,11024.9,14:00:00,10971.001246345766,4,58
2020-03-06,10973.4,10992.95,10968.9,10990.65,14:05:00,10971.229699074742,4,59
2020-03-06,10974.3,10983.9,10973.05,10973.95,14:10:00,10971.522108686671,4,60
2020-03-06,10966.75,10982.1,10958.7,10973.05,14:15:00,10971.067622145085,4,61
2020-03-06,10974.85,10978.15,10958.8,10966.7,14:20:00,10971.427848607458,4,62
2020-03-06,10980.3,11001.55,10975.5,10975.6,14:25:00,10972.272815406748,4,63
2020-03-06,10996.4,11001.15,10980.0,10981.65,14:30:00,10974.570642510867,4,64
2020-03-06,10993.9,11016.9,10987.65,10996.75,14:35:00,10976.411533700308,4,65
2020-03-06,10995.75,10997.15,10985.5,10995.15,14:40:00,10978.253292395517,4,66
2020-03-06,11000.7,11000.7,10978.35,10995.35,14:45:00,10980.391074072131,4,67
2020-03-06,11009.1,11015.5,11000.5,11000.5,14:50:00,10983.125257493835,4,68
2020-03-06,11027.75,11030.5,11004.3,11009.3,14:55:00,10987.375232970611,4,69
2020-03-06,10994.35,11026.0,10992.95,11025.55,15:00:00,10988.039496497222,4,70
2020-03-06,10981.5,10993.95,10974.25,10993.95,15:05:00,10987.41668730701,4,71
2020-03-06,10995.3,10997.65,10980.65,10981.95,15:10:00,10988.167478992056,4,72
2020-03-06,10989.45,10998.65,10988.7,10995.15,15:15:00,10988.289623849956,4,73
2020-03-06,10983.75,10993.85,10983.4,10989.1,15:20:00,10987.857278721389,4,74
2020-03-06,10979.55,10983.4,10970.05,10983.15,15:25:00,10987.066109319352,4,75
2020-03-09,10670.65,10736.9,10655.1,10736.9,09:15:00,10956.931241765127,0,1
2020-03-09,10667.35,10676.4,10662.0,10669.45,09:20:00,10929.352075882736,0,2
2020-03-09,10661.4,10681.55,10656.3,10665.95,09:25:00,10903.832830560572,0,3
2020-03-09,10644.05,10660.6,10636.4,10658.45,09:30:00,10879.091608602424,0,4
2020-03-09,10605.6,10644.1,10601.7,10644.1,09:35:00,10853.044788735524,0,5
2020-03-09,10608.45,10615.2,10603.45,10606.6,09:40:00,10829.750046951189,0,6
2020-03-09,10564.75,10608.65,10561.25,10608.65,09:45:00,10804.511947241552,0,7
2020-03-09,10584.25,10591.25,10562.25,10563.6,09:50:00,10783.534618932832,0,8
2020-03-09,10575.15,10585.25,10567.65,10583.85,09:55:00,10763.688464748751,0,9
2020-03-09,10562.8,10577.25,10554.65,10574.7,10:00:00,10744.556230010778,0,10
2020-03-09,10570.55,10575.7,10558.5,10563.25,10:05:00,10727.98420810499,0,11
2020-03-09,10578.55,10588.4,10568.7,10570.8,10:10:00,10713.752378761656,0,12
2020-03-09,10592.35,10594.3,10574.8,10578.1,10:15:00,10702.190247451024,0,13
2020-03-09,10578.45,10594.4,10575.15,10592.75,10:20:00,10690.405461979495,0,14
2020-03-09,10574.55,10581.7,10568.6,10578.2,10:25:00,10679.37160845764,0,15
2020-03-09,10571.5,10583.3,10568.05,10573.65,10:30:00,10669.098121937865,0,16
2020-03-09,10563.95,10574.95,10558.3,10571.0,10:35:00,10659.08401508664,0,17
2020-03-09,10538.3,10564.65,10537.95,10564.65,10:40:00,10647.58077555458,0,18
2020-03-09,10535.85,10545.2,10533.15,10536.85,10:45:00,10636.939749311285,0,19
2020-03-09,10538.0,10538.5,10511.05,10534.8,10:50:00,10627.516916043543,0,20
2020-03-09,10533.55,10542.3,10528.9,10538.65,10:55:00,10618.56768594416,0,21
2020-03-09,10534.8,10535.6,10524.1,10533.1,11:00:00,10610.589811092334,0,22
2020-03-09,10537.3,10541.25,10529.4,10533.75,11:05:00,10603.60982908354,0,23
2020-03-09,10544.8,10545.1,10527.45,10537.5,11:10:00,10598.008892980346,0,24
2020-03-09,10554.5,10557.05,10544.9,10546.0,11:15:00,10593.86518888698,0,25
2020-03-09,10540.65,10554.75,10540.15,10554.75,11:20:00,10588.797075659648,0,26
2020-03-09,10542.5,10542.95,10530.3,10540.2,11:25:00,10584.387830358728,0,27
2020-03-09,10530.35,10544.75,10527.9,10542.05,11:30:00,10579.241370324564,0,28
2020-03-09,10527.2,10532.85,10525.55,10530.55,11:35:00,10574.285049341272,0,29
2020-03-09,10531.2,10542.85,10526.3,10527.75,11:40:00,10570.18171130877,0,30
2020-03-09,10533.95,10536.85,10525.7,10530.85,11:45:00,10566.731072136508,0,31
2020-03-09,10548.4,10549.4,10534.2,10535.0,11:50:00,10564.985255742557,0,32
2020-03-09,10549.85,10550.8,10541.25,10548.05,11:55:00,10563.543802814693,0,33
2020-03-09,10555.9,10558.25,10549.5,10550.25,12:00:00,10562.815821594246,0,34
2020-03-09,10546.95,10557.5,10545.3,10556.1,12:05:00,10561.304790966224,0,35
2020-03-09,10554.5,10554.6,10544.85,10546.85,12:10:00,10560.656715636109,0,36
2020-03-09,10551.3,10566.5,10550.35,10554.7,12:15:00,10559.76559986124,0,37
2020-03-09,10553.85,10556.55,10547.05,10551.6,12:20:00,10559.202209398263,0,38
2020-03-09,10549.45,10554.25,10546.15,10553.8,12:25:00,10558.273427550812,0,39
2020-03-09,10547.7,10550.4,10542.15,10550.0,12:30:00,10557.266434450734,0,40
2020-03-09,10521.85,10554.2,10520.95,10547.35,12:35:00,10553.893440693522,0,41
2020-03-09,10519.6,10527.2,10514.6,10521.8,12:40:00,10550.62739872271,0,42
2020-03-09,10473.1,10519.7,10473.1,10519.7,12:45:00,10543.243836939597,0,43
2020-03-09,10457.85,10488.9,10454.2,10471.05,12:50:00,10535.111090564398,0,44
2020-03-09,10442.9,10458.1,10363.6,10457.7,12:55:00,10526.329081939217,0,45
2020-03-09,10421.3,10462.15,10418.6,10442.8,13:00:00,10516.32631223072,0,46
2020-03-09,10364.4,10427.1,10345.6,10421.1,13:05:00,10501.85713963732,0,47
2020-03-09,10350.95,10376.7,10327.05,10363.35,13:10:00,10487.48503110043,0,48
2020-03-09,10341.85,10373.7,10337.65,10351.75,13:15:00,10473.615028138483,0,49
2020-03-09,10362.35,10369.65,10338.7,10340.95,13:20:00,10463.018358791962,0,50
2020-03-09,10308.35,10375.35,10294.45,10362.55,13:25:00,10448.288038907012,0,51
2020-03-09,10332.65,10335.3,10298.0,10308.6,13:30:00,10437.27489234444,0,52
2020-03-09,10344.7,10350.15,10318.4,10333.35,13:35:00,10428.458235930684,0,53
2020-03-09,10340.05,10348.8,10329.85,10342.6,13:40:00,10420.038403937286,0,54
2020-03-09,10368.75,10369.4,10333.25,10341.75,13:45:00,10415.153794038495,0,55
2020-03-09,10381.05,10402.5,10367.65,10369.75,13:50:00,10411.905813653875,0,56
2020-03-09,10382.6,10401.6,10381.6,10381.8,13:55:00,10409.11478378208,0,57
2020-03-09,10400.15,10400.15,10362.65,10383.3,14:00:00,10408.260994850454,0,58
2020-03-09,10395.3,10420.2,10384.8,10401.25,14:05:00,10407.026614388506,0,59
2020-03-09,10418.0,10418.15,10392.75,10395.45,14:10:00,10408.071698732456,0,60
2020-03-09,10430.7,10441.85,10409.7,10419.3,14:15:00,10410.22677504365,0,61
2020-03-09,10409.5,10440.45,10400.35,10431.95,14:20:00,10410.157558372826,0,62
2020-03-09,10430.1,10458.3,10410.3,10410.6,14:25:00,10412.056838527797,0,63
2020-03-09,10445.75,10447.05,10426.25,10428.8,14:30:00,10415.26571104896,0,64
2020-03-09,10439.8,10459.6,10434.7,10446.35,14:35:00,10417.60230999668,0,65
2020-03-09,10461.35,10461.95,10441.85,10442.1,14:40:00,10421.768756663663,0,66
2020-03-09,10465.35,10476.4,10455.1,10462.1,14:45:00,10425.919351267125,0,67
2020-03-09,10490.25,10493.3,10465.75,10465.75,14:50:00,10432.046079717877,0,68
2020-03-09,10487.2,10497.35,10470.25,10491.0,14:55:00,10437.298834030458,0,69
2020-03-09,10487.45,10513.5,10480.65,10487.85,15:00:00,10442.075135551366,0,70
2020-03-09,10441.9,10488.6,10431.85,10488.6,15:05:00,10442.058455975046,0,71
2020-03-09,10466.6,10475.35,10435.6,10443.75,15:10:00,10444.395745882186,0,72
2020-03-09,10432.25,10468.6,10431.9,10467.7,15:15:00,10443.23900817912,0,73
2020-03-09,10425.8,10435.8,10408.85,10433.75,15:20:00,10441.5781502573,0,74
2020-03-09,10451.45,10461.95,10424.5,10427.7,15:25:00,10442.518326423273,0,75
2020-03-11,10460.5,10460.5,10334.0,10334.0,09:15:00,10445.780308024492,2,1
2020-03-11,10499.95,10504.1,10452.35,10461.45,09:20:00,10450.939326307876,2,2
2020-03-11,10522.75,10529.55,10478.0,10502.95,09:25:00,10457.778438088077,2,3
2020-03-11,10482.6,10525.15,10478.95,10522.7,09:30:00,10460.142396365403,2,4
2020-03-11,10486.5,10508.95,10482.75,10482.75,09:35:00,10462.652644330605,2,5
2020-03-11,10458.65,10488.1,10457.1,10487.35,09:40:00,10462.27144010864,2,6
2020-03-11,10460.65,10477.2,10429.5,10458.8,09:45:00,10462.11701724115,2,7
2020-03-11,10457.15,10461.45,10439.1,10461.45,09:50:00,10461.643967980088,2,8
2020-03-11,10433.3,10458.3,10431.25,10458.0,09:55:00,10458.944542458174,2,9
2020-03-11,10445.95,10451.9,10423.55,10433.35,10:00:00,10457.706966985968,2,10
2020-03-11,10418.1,10463.65,10418.1,10444.8,10:05:00,10453.934874892066,2,11
2020-03-11,10421.15,10429.4,10403.3,10419.3,10:10:00,10450.812505854728,2,12
2020-03-11,10398.85,10428.0,10395.5,10420.0,10:15:00,10445.863695773323,2,13
2020-03-11,10400.35,10411.3,10383.35,10398.15,10:20:00,10441.529058080629,2,14
2020-03-11,10416.65,10426.9,10395.75,10400.4,10:25:00,10439.15962397771,2,15
2020-03-11,10404.85,10416.4,10390.4,10416.4,10:30:00,10435.89204074174,2,16
2020-03-11,10381.0,10405.05,10377.9,10405.05,10:35:00,10430.664227337764,2,17
2020-03-11,10378.75,10388.7,10372.5,10380.3,10:40:00,10425.720015210358,2,18
2020-03-11,10401.55,10401.9,10369.15,10379.05,10:45:00,10423.418108999847,2,19
2020-03-11,10404.2,10410.3,10394.9,10401.8,10:50:00,10421.587812904623,2,20
2020-03-11,10423.7,10430.75,10403.65,10403.65,10:55:00,10421.788973580373,2,21
2020-03-11,10434.55,10438.4,10413.7,10423.5,11:00:00,10423.004309429862,2,22
2020-03-11,10432.2,10440.75,10421.95,10433.0,11:05:00,10423.88008948416,2,23
2020-03-11,10409.15,10439.15,10404.9,10437.0,11:10:00,10422.477223819003,2,24
2020-03-11,10411.6,10416.3,10398.75,10408.7,11:15:00,10421.441297741005,2,25
2020-03-11,10409.15,10412.75,10404.9,10411.8,11:20:00,10420.270697956148,2,26
2020-03-11,10400.2,10415.9,10399.4,10409.4,11:25:00,10418.359202912705,2,27
2020-03-11,10420.6,10436.05,10402.15,10402.15,11:30:00,10418.572612159114,2,28
2020-03-11,10424.9,10433.95,10418.15,10421.2,11:35:00,10419.175220524914,2,29
2020-03-11,10437.65,10446.9,10426.1,10426.1,11:40:00,10420.934723332064,2,30
2020-03-11,10464.6,10472.25,10436.5,10437.5,11:45:00,10425.093321109964,2,31
2020-03-11,10474.0,10478.8,10464.5,10464.85,11:50:00,10429.751100051872,2,32
2020-03-11,10491.2,10492.8,10474.55,10474.7,11:55:00,10435.603376237406,2,33
2020-03-11,10470.8,10496.1,10464.95,10492.85,12:00:00,10438.955435643367,2,34
2020-03-11,10486.15,10488.75,10467.4,10470.75,12:05:00,10443.450156058285,2,35
2020-03-11,10462.85,10487.6,10456.4,10485.65,12:10:00,10445.297760243213,2,36
2020-03-11,10466.35,10475.0,10456.7,10462.6,12:15:00,10447.302735458145,2,37
2020-03-11,10464.9,10481.8,10460.75,10466.5,12:20:00,10448.97866541451,2,38
2020-03-11,10469.6,10470.55,10462.55,10465.4,12:25:00,10450.9426020417,2,39
2020-03-11,10484.6,10507.1,10469.75,10469.9,12:30:00,10454.148068513918,2,40
2020-03-11,10505.75,10507.6,10483.45,10484.2,12:35:00,10459.062538179258,2,41
2020-03-11,10491.4,10507.55,10486.9,10506.3,12:40:00,10462.1422964479,2,42
2020-03-11,10511.6,10513.75,10491.0,10492.1,12:45:00,10466.852553929051,2,43
2020-03-11,10503.2,10515.3,10501.1,10511.45,12:50:00,10470.314215459615,2,44
2020-03-11,10479.7,10509.5,10479.4,10504.95,12:55:00,10471.20809970156,2,45
2020-03-11,10529.7,10529.7,10479.95,10480.85,13:00:00,10476.77875687284,2,46
2020-03-11,10521.75,10545.1,10521.75,10529.85,13:05:00,10481.061732408762,2,47
2020-03-11,10512.65,10530.2,10512.5,10521.8,13:10:00,10484.070138846024,2,48
2020-03-11,10512.45,10526.2,10508.7,10513.25,13:15:00,10486.772982765451,2,49
2020-03-11,10506.7,10514.35,10493.4,10513.7,13:20:00,10488.670793930649,2,50
2020-03-11,10526.15,10526.15,10506.5,10507.55,13:25:00,10492.24024212773,2,51
2020-03-11,10519.4,10535.05,10518.95,10526.05,13:30:00,10494.826885734612,2,52
2020-03-11,10534.75,10543.8,10519.75,10519.75,13:35:00,10498.62908709322,2,53
2020-03-11,10526.6,10544.75,10524.05,10535.45,13:40:00,10501.292983560532,2,54
2020-03-11,10505.05,10530.25,10502.15,10526.85,13:45:00,10501.650794650006,2,55
2020-03-11,10481.2,10514.2,10473.75,10505.0,13:50:00,10499.703099921437,2,56
2020-03-11,10472.35,10479.95,10457.7,10479.95,13:55:00,10497.09804278606,2,57
2020-03-11,10480.35,10485.4,10451.95,10472.45,14:00:00,10495.50299109215,2,58
2020-03-11,10458.85,10480.55,10452.3,10479.7,14:05:00,10492.012230035754,2,59
2020-03-11,10484.7,10486.8,10443.8,10460.3,14:10:00,10491.315827175204,2,60
2020-03-11,10505.65,10507.2,10485.4,10485.4,14:15:00,10492.680986491852,2,61
2020-03-11,10513.75,10522.8,10495.2,10505.9,14:20:00,10494.687559206914,2,62
2020-03-11,10526.35,10533.9,10505.25,10511.55,14:25:00,10497.703029758635,2,63
2020-03-11,10515.5,10530.6,10509.55,10526.1,14:30:00,10499.397979305431,2,64
2020-03-11,10510.0,10519.0,10495.7,10515.85,14:35:00,10500.40769556206,2,65
2020-03-11,10517.45,10523.2,10504.45,10510.2,14:40:00,10502.030772175196,2,66
2020-03-11,10506.75,10518.3,10503.0,10518.3,14:45:00,10502.480222444225,2,67
2020-03-11,10502.8,10518.35,10501.85,10506.05,14:50:00,10502.510677449536,2,68
2020-03-11,10511.5,10515.35,10486.3,10503.0,14:55:00,10503.366803406723,2,69
2020-03-11,10477.55,10511.55,10471.7,10511.35,15:00:00,10500.90806022513,2,70
2020-03-11,10462.25,10478.0,10447.45,10478.0,15:05:00,10497.22634020369,2,71
2020-03-11,10454.2,10466.15,10447.15,10462.1,15:10:00,10493.128593517624,2,72
2020-03-11,10448.65,10465.7,10445.15,10455.4,15:15:00,10488.892536992136,2,73
2020-03-11,10445.85,10453.45,10442.45,10448.75,15:20:00,10484.793247754793,2,74
2020-03-11,10448.9,10457.95,10442.75,10447.15,15:25:00,10481.374843206717,2,75
2020-03-12,9994.25,10009.55,9916.55,10009.55,09:15:00,10434.982000996552,3,1
2020-03-12,9935.9,9994.4,9930.8,9994.35,09:20:00,10387.450381854023,3,2
2020-03-12,9938.75,9967.75,9927.35,9936.35,09:25:00,10344.71701215364,3,3
2020-03-12,9965.05,9970.4,9937.3,9938.4,09:30:00,10308.558249091388,3,4
2020-03-12,9958.15,9976.3,9953.0,9966.3,09:35:00,10275.186034892207,3,5
2020-03-12,9965.75,9969.1,9956.35,9958.1,09:40:00,10245.715936331046,3,6
2020-03-12,9941.1,9964.7,9934.1,9964.7,09:45:00,10216.704894775708,3,7
2020-03-12,9944.75,9958.35,9936.7,9939.75,09:50:00,10190.804428606594,3,8
2020-03-12,9918.55,9947.75,9916.05,9945.9,09:55:00,10164.875435405966,3,9
2020-03-12,9888.55,9919.95,9884.85,9919.95,10:00:00,10138.558727272064,3,10
2020-03-12,9915.35,9923.75,9875.05,9888.65,10:05:00,10117.300753246154,3,11
2020-03-12,9909.7,9922.25,9909.3,9915.15,10:10:00,10097.529252936996,3,12
2020-03-12,9889.7,9909.6,9887.25,9909.6,10:15:00,10077.73599075252,3,13
2020-03-12,9898.9,9901.35,9883.1,9889.85,10:20:00,10060.703991633232,3,14
2020-03-12,9896.15,9912.05,9893.6,9898.7,10:25:00,10045.032182906258,3,15
2020-03-12,9893.65,9906.95,9890.35,9896.0,10:30:00,10030.61483215328,3,16
2020-03-12,9879.0,9902.75,9871.8,9894.3,10:35:00,10016.17532432916,3,17
2020-03-12,9863.15,9880.2,9855.85,9878.65,10:40:00,10001.601483916858,3,18
2020-03-12,9838.7,9865.4,9822.6,9861.65,10:45:00,9986.087056877155,3,19
2020-03-12,9788.45,9838.55,9781.1,9838.55,10:50:00,9967.264480031714,3,20
2020-03-12,9744.35,9792.9,9723.65,9786.6,10:55:00,9946.034529552502,3,21
2020-03-12,9672.9,9746.2,9672.9,9744.75,11:00:00,9920.02171721417,3,22
2020-03-12,9697.3,9699.25,9648.65,9671.75,11:05:00,9898.810125098533,3,23
2020-03-12,9733.15,9738.85,9689.65,9697.2,11:10:00,9883.032970327244,3,24
2020-03-12,9731.1,9753.55,9712.9,9731.75,11:15:00,9868.563163629413,3,25
2020-03-12,9734.7,9739.75,9703.65,9730.65,11:20:00,9855.8142909028,3,26
2020-03-12,9740.15,9741.95,9716.85,9733.9,11:25:00,9844.798644150153,3,27
2020-03-12,9750.8,9783.2,9740.45,9740.8,11:30:00,9835.846392326328,3,28
2020-03-12,9699.3,9750.7,9695.0,9748.95,11:35:00,9822.841974009534,3,29
2020-03-12,9692.5,9724.8,9692.2,9699.1,11:40:00,9810.428452675293,3,30
2020-03-12,9711.75,9718.25,9692.15,9693.2,11:45:00,9801.030504801454,3,31
2020-03-12,9697.25,9725.0,9690.9,9710.5,11:50:00,9791.146647201314,3,32
2020-03-12,9702.6,9709.85,9693.35,9696.75,11:55:00,9782.71363318214,3,33
2020-03-12,9724.7,9738.85,9700.3,9704.5,12:00:00,9777.188525260031,3,34
2020-03-12,9711.3,9728.1,9702.6,9724.55,12:05:00,9770.91342761622,3,35
2020-03-12,9717.75,9719.45,9704.3,9710.9,12:10:00,9765.850244033722,3,36
2020-03-12,9782.05,9783.95,9717.85,9717.85,12:15:00,9767.393077935272,3,37
2020-03-12,9791.1,9838.5,9773.4,9781.55,12:20:00,9769.650880036676,3,38
2020-03-12,9811.65,9813.7,9783.8,9788.95,12:25:00,9773.650796223656,3,39
2020-03-12,9789.95,9819.0,9776.6,9812.3,12:30:00,9775.203101345214,3,40
2020-03-12,9768.45,9791.55,9754.45,9788.7,12:35:00,9774.559948836148,3,41
2020-03-12,9790.4,9794.75,9754.6,9767.5,12:40:00,9776.068525137469,3,42
2020-03-12,9799.65,9807.7,9776.25,9790.2,12:45:00,9778.314379886278,3,43
2020-03-12,9794.0,9813.05,9786.3,9799.6,12:50:00,9779.808248468538,3,44
2020-03-12,9768.5,9796.2,9766.7,9794.55,12:55:00,9778.731272423916,3,45
2020-03-12,9763.85,9790.0,9761.85,9769.5,13:00:00,9777.314008383542,3,46
2020-03-12,9764.85,9784.9,9752.6,9758.75,13:05:00,9776.126959966065,3,47
2020-03-12,9772.25,9776.05,9759.15,9764.55,13:10:00,9775.75772568358,3,48
2020-03-12,9763.55,9783.0,9762.5,9772.5,13:15:00,9774.595085142286,3,49
2020-03-12,9756.65,9773.6,9743.3,9763.6,13:20:00,9772.88602941445,3,50
2020-03-12,9775.2,9778.15,9748.7,9756.35,13:25:00,9773.106407565456,3,51
2020-03-12,9767.45,9775.6,9762.8,9774.9,13:30:00,9772.567702083032,3,52
2020-03-12,9794.0,9804.85,9761.45,9767.9,13:35:00,9774.608873313218,3,53
2020-03-12,9813.65,9817.15,9786.8,9793.9,13:40:00,9778.327075854815,3,54
2020-03-12,9813.35,9828.2,9802.3,9813.8,13:45:00,9781.662592440072,3,55
2020-03-12,9802.75,9815.9,9791.1,9815.9,13:50:00,9783.67091696959,3,56
2020-03-12,9764.05,9803.65,9761.9,9803.65,13:55:00,9781.80225821058,3,57
2020-03-12,9761.2,9780.8,9757.05,9765.25,14:00:00,9779.840138381,3,58
2020-03-12,9725.2,9761.85,9711.6,9761.85,14:05:00,9774.63631567805,3,59
2020-03-12,9710.5,9746.45,9710.5,9725.35,14:10:00,9768.528095137282,3,60
2020-03-12,9724.7,9728.8,9708.55,9710.3,14:15:00,9764.353990838494,3,61
2020-03-12,9672.45,9723.85,9663.65,9723.3,14:20:00,9755.601229806256,3,62
2020-03-12,9682.5,9691.55,9662.45,9674.65,14:25:00,9748.639207919943,3,63
2020-03-12,9594.65,9687.1,9570.65,9684.5,14:30:00,9733.973569070426,3,64
2020-03-12,9528.85,9623.35,9525.45,9596.6,14:35:00,9714.437991063718,3,65
2020-03-12,9572.05,9575.7,9508.0,9528.65,14:40:00,9700.87723001003,3,66
2020-03-12,9568.9,9584.75,9541.75,9572.8,14:45:00,9688.307970009077,3,67
2020-03-12,9585.0,9589.2,9561.2,9568.4,14:50:00,9678.469115722495,3,68
2020-03-12,9538.4,9586.4,9536.95,9584.65,14:55:00,9665.129199939402,3,69
2020-03-12,9560.45,9565.75,9524.35,9541.5,15:00:00,9655.159752326124,3,70
2020-03-12,9596.9,9598.25,9555.25,9559.85,15:05:00,9649.611204485542,3,71
2020-03-12,9567.3,9600.9,9560.3,9597.55,15:10:00,9641.772042153583,3,72
2020-03-12,9590.9,9594.6,9562.3,9566.9,15:15:00,9636.927085758003,3,73
2020-03-12,9635.55,9635.55,9588.5,9589.95,15:20:00,9636.795934733433,3,74
2020-03-12,9633.1,9651.5,9622.75,9637.85,15:25:00,9636.443940949295,3,75
2020-03-16,9507.1,9570.2,9468.85,9570.2,09:15:00,9887.838237705511,0,1
2020-03-16,9442.6,9505.35,9416.9,9505.35,09:20:00,9845.434596019271,0,2
2020-03-16,9424.25,9479.7,9417.9,9443.25,09:25:00,9805.32177735077,0,3
2020-03-16,9339.25,9432.65,9339.25,9426.95,09:30:00,9760.93398903165,0,4
2020-03-16,9398.2,9409.6,9340.35,9340.35,09:35:00,9726.38789483816,0,5
2020-03-16,9438.15,9442.1,9355.25,9393.45,09:40:00,9698.936666758336,0,6
2020-03-16,9456.15,9478.45,9411.7,9437.15,09:45:00,9675.814127067068,0,7
2020-03-16,9459.65,9502.85,9447.3,9454.4,09:50:00,9655.227067346394,0,8
2020-03-16,9523.6,9545.95,9458.25,9459.55,09:55:00,9642.691156170547,0,9
2020-03-16,9471.95,9532.9,9451.1,9529.0,10:00:00,9626.430093678116,0,10
2020-03-16,9521.55,9521.6,9465.75,9469.7,10:05:00,9616.441513327818,0,11
2020-03-16,9513.3,9537.45,9492.0,9521.75,10:10:00,9606.6185120585,0,12
2020-03-16,9503.5,9523.3,9496.3,9513.1,10:15:00,9596.797701386264,0,13
2020-03-16,9528.75,9537.15,9491.3,9503.25,10:20:00,9590.316967920906,0,14
2020-03-16,9498.65,9546.9,9497.65,9528.95,10:25:00,9581.586780499869,0,15
2020-03-16,9518.6,9524.35,9496.3,9498.4,10:30:00,9575.58803949988,0,16
2020-03-16,9483.3,9520.35,9474.15,9518.85,10:35:00,9566.79870240465,0,17
2020-03-16,9499.4,9512.3,9478.0,9484.45,10:40:00,9560.379778366114,0,18
2020-03-16,9534.8,9534.8,9499.1,9499.8,10:45:00,9557.943608997914,0,19
2020-03-16,9581.5,9586.9,9528.15,9534.0,10:50:00,9560.187074807636,0,20
2020-03-16,9568.95,9602.2,9545.3,9582.1,10:55:00,9561.021639111672,0,21
2020-03-16,9539.25,9571.45,9538.4,9571.0,11:00:00,9558.948149672466,0,22
2020-03-16,9541.35,9564.95,9537.1,9539.9,11:05:00,9557.272135417948,0,23
2020-03-16,9530.55,9538.1,9501.85,9537.3,11:10:00,9554.727170140046,0,24
2020-03-16,9517.85,9567.05,9509.5,9534.7,11:15:00,9551.215058698135,0,25
2020-03-16,9509.35,9528.55,9503.7,9518.35,11:20:00,9547.227910250696,0,26
2020-03-16,9499.45,9508.6,9474.8,9508.6,11:25:00,9542.677633083962,0,27
2020-03-16,9482.3,9509.95,9467.15,9501.1,11:30:00,9536.92738231406,0,28
2020-03-16,9462.7,9491.15,9458.3,9482.0,11:35:00,9529.85810780796,0,29
2020-03-16,9464.95,9473.25,9454.75,9463.45,11:40:00,9523.67638325482,0,30
2020-03-16,9446.4,9464.4,9435.1,9464.4,11:45:00,9516.316727706742,0,31
2020-03-16,9464.9,9488.7,9446.05,9446.65,11:50:00,9511.419896496576,0,32
2020-03-16,9455.4,9481.65,9453.35,9464.5,11:55:00,9506.084668258807,0,33
2020-03-16,9440.85,9467.55,9417.75,9456.15,12:00:00,9499.871842710349,0,34
2020-03-16,9441.85,9450.15,9427.5,9440.75,12:05:00,9494.345952928412,0,35
2020-03-16,9436.75,9455.7,9431.25,9440.5,12:10:00,9488.860624078086,0,36
2020-03-16,9450.75,9453.75,9428.8,9436.15,12:15:00,9485.231040832556,0,37
2020-03-16,9409.3,9454.5,9406.65,9450.45,12:20:00,9477.999513134217,0,38
2020-03-16,9403.65,9422.35,9394.8,9410.75,12:25:00,9470.918607121435,0,39
2020-03-16,9376.5,9414.75,9376.35,9404.55,12:30:00,9461.926358824156,0,40
2020-03-16,9467.9,9479.7,9374.4,9376.35,12:35:00,9462.49527703138,0,41
2020-03-16,9450.7,9474.9,9435.55,9469.05,12:40:00,9461.371917314103,0,42
2020-03-16,9461.0,9476.35,9431.9,9451.3,12:45:00,9461.336496617523,0,43
2020-03-16,9429.5,9471.8,9416.55,9461.75,12:50:00,9458.304449320616,0,44
2020-03-16,9442.2,9451.0,9412.85,9428.7,12:55:00,9456.770692242462,0,45
2020-03-16,9451.6,9451.6,9427.25,9442.35,13:00:00,9456.278245362228,0,46
2020-03-16,9419.95,9452.2,9419.95,9451.8,13:05:00,9452.818412470588,0,47
2020-03-16,9435.1,9452.1,9416.15,9419.3,13:10:00,9451.130944616249,0,48
2020-03-16,9453.1,9453.1,9411.8,9435.95,13:15:00,9451.318473700414,0,49
2020-03-16,9440.0,9452.9,9430.65,9452.9,13:20:00,9450.240523824184,0,50
2020-03-16,9461.15,9468.3,9438.6,9441.65,13:25:00,9451.279521555212,0,51
2020-03-16,9449.95,9472.95,9448.4,9462.1,13:30:00,9451.152900454716,0,52
2020-03-16,9427.8,9460.6,9423.1,9450.0,13:35:00,9448.928814697125,0,53
2020-03-16,9415.05,9435.15,9408.9,9428.1,13:40:00,9445.702260916443,0,54
2020-03-16,9383.65,9420.0,9380.3,9414.95,13:45:00,9439.792521781545,0,55
2020-03-16,9399.3,9406.25,9382.5,9384.15,13:50:00,9435.936091135682,0,56
2020-03-16,9360.95,9421.75,9359.4,9399.75,13:55:00,9428.794558646568,0,57
2020-03-16,9358.0,9378.45,9348.35,9365.35,14:00:00,9422.052219727848,0,58
2020-03-16,9322.95,9358.4,9311.35,9358.4,14:05:00,9412.6139130871,0,59
2020-03-16,9261.25,9329.25,9259.45,9318.75,14:10:00,9398.1983023169,0,60
2020-03-16,9259.65,9289.05,9248.45,9261.95,14:15:00,9385.003225905766,0,61
2020-03-16,9220.95,9267.1,9206.8,9260.8,14:20:00,9369.379109152836,0,62
2020-03-16,9310.45,9316.55,9216.15,9216.2,14:25:00,9363.766813043045,0,63
2020-03-16,9253.7,9312.15,9246.1,9310.9,14:30:00,9353.284259419896,0,64
2020-03-16,9277.95,9314.4,9255.55,9255.75,14:35:00,9346.109568046571,0,65
2020-03-16,9283.55,9295.05,9265.25,9277.55,14:40:00,9340.1515139469,0,66
2020-03-16,9307.9,9313.1,9258.8,9286.45,14:45:00,9337.079941190052,0,67
2020-03-16,9302.55,9309.3,9282.25,9306.65,14:50:00,9333.791375362429,0,68
2020-03-16,9194.1,9300.35,9194.1,9300.35,14:55:00,9320.48743485172,0,69
2020-03-16,9223.95,9233.35,9169.0,9192.75,15:00:00,9311.293393437272,0,70
2020-03-16,9222.35,9229.55,9202.6,9223.2,15:05:00,9302.822594062294,0,71
2020-03-16,9175.1,9224.75,9171.05,9221.8,15:10:00,9290.658537484936,0,72
2020-03-16,9192.6,9193.35,9165.1,9174.65,15:15:00,9281.319629153037,0,73
2020-03-16,9206.7,9209.25,9182.5,9192.75,15:20:00,9274.212997805129,0,74
2020-03-16,9199.1,9210.15,9192.7,9207.75,15:25:00,9267.059378966544,0,75
2020-03-17,9100.7,9314.6,9089.9,9308.4,09:15:00,9251.21562858878,1,1
2020-03-17,9056.85,9145.85,9016.85,9100.35,09:20:00,9232.70461634223,1,2
2020-03-17,9100.25,9106.9,9022.65,9055.4,09:25:00,9220.089890976302,1,3
2020-03-17,9185.1,9256.1,9097.75,9098.6,09:30:00,9216.75752040713,1,4
2020-03-17,9267.5,9271.7,9180.4,9182.7,09:35:00,9221.590137511212,1,5
2020-03-17,9268.4,9304.45,9224.5,9267.65,09:40:00,9226.048219653005,1,6
2020-03-17,9261.2,9295.35,9245.1,9268.3,09:45:00,9229.39600825748,1,7
2020-03-17,9355.65,9355.65,9260.55,9262.15,09:50:00,9241.420197947244,1,8
2020-03-17,9341.65,9363.95,9308.1,9355.95,09:55:00,9250.96589338084,1,9
2020-03-17,9305.55,9373.15,9291.5,9344.45,10:00:00,9256.16437972552,1,10
2020-03-17,9316.55,9329.4,9278.25,9306.1,10:05:00,9261.915391180231,1,11
2020-03-17,9335.75,9356.2,9316.25,9317.0,10:10:00,9268.947258686876,1,12
2020-03-17,9331.0,9347.75,9315.15,9335.05,10:15:00,9274.85704357384,1,13
2020-03-17,9344.45,9347.05,9311.4,9334.9,10:20:00,9281.484944185857,1,14
2020-03-17,9391.25,9393.35,9342.65,9343.7,10:25:00,9291.9387590253,1,15
2020-03-17,9366.1,9403.8,9355.15,9390.5,10:30:00,9299.001734356223,1,16
2020-03-17,9374.65,9378.8,9344.85,9366.8,10:35:00,9306.206331084202,1,17
2020-03-17,9364.05,9387.3,9352.95,9374.75,10:40:00,9311.715251933325,1,18
2020-03-17,9378.45,9382.85,9336.7,9363.65,10:45:00,9318.07094222539,1,19
2020-03-17,9379.45,9379.9,9358.9,9375.95,10:50:00,9323.916566775351,1,20
2020-03-17,9333.05,9390.5,9332.8,9378.2,10:55:00,9324.786417558653,1,21
2020-03-17,9298.8,9334.6,9285.8,9333.45,11:00:00,9322.311520648303,1,22
2020-03-17,9271.4,9318.5,9258.2,9299.15,11:05:00,9317.462804396084,1,23
2020-03-17,9272.4,9294.5,9250.45,9270.45,11:10:00,9313.171108739314,1,24
2020-03-17,9245.65,9293.55,9242.4,9272.75,11:15:00,9306.740526954618,1,25
2020-03-17,9259.55,9268.35,9245.05,9245.9,11:20:00,9302.24619105418,1,26
2020-03-17,9236.15,9259.5,9231.75,9259.5,11:25:00,9295.951315715683,1,27
2020-03-17,9237.0,9242.9,9185.5,9234.05,11:30:00,9290.336904695145,1,28
2020-03-17,9226.95,9237.95,9203.25,9236.85,11:35:00,9284.30005662894,1,29
2020-03-17,9247.3,9256.6,9220.75,9226.0,11:40:00,9280.776241711896,1,30
2020-03-17,9293.5,9296.15,9247.1,9247.15,11:45:00,9281.988028215526,1,31
2020-03-17,9274.75,9294.0,9269.4,9292.6,11:50:00,9281.298692195,1,32
2020-03-17,9299.15,9299.15,9260.75,9274.9,11:55:00,9282.998816747857,1,33
2020-03-17,9280.4,9310.85,9279.05,9300.5,12:00:00,9282.75131039092,1,34
2020-03-17,9284.7,9300.5,9281.95,9282.1,12:05:00,9282.936899877495,1,35
2020-03-17,9275.75,9288.6,9271.15,9285.1,12:10:00,9282.252433222497,1,36
2020-03-17,9293.55,9296.75,9274.95,9275.8,12:15:00,9283.328391963212,1,37
2020-03-17,9275.65,9301.95,9274.45,9294.55,12:20:00,9282.597116538143,1,38
2020-03-17,9286.65,9293.75,9275.9,9275.9,12:25:00,9282.983105439274,1,39
2020-03-17,9310.35,9315.15,9286.7,9286.7,12:30:00,9285.58947634982,1,40
2020-03-17,9300.35,9314.1,9297.15,9310.55,12:35:00,9286.99524050698,1,41
2020-03-17,9273.55,9299.65,9266.6,9298.95,12:40:00,9285.714741411077,1,42
2020-03-17,9276.3,9285.45,9267.4,9273.9,12:45:00,9284.818099371929,1,43
2020-03-17,9258.85,9277.35,9253.6,9274.05,12:50:00,9282.344947050791,1,44
2020-03-17,9270.85,9288.15,9255.5,9257.35,12:55:00,9281.25019018881,1,45
2020-03-17,9296.3,9296.3,9262.35,9270.5,13:00:00,9282.683505408924,1,46
2020-03-17,9326.85,9340.3,9294.4,9296.05,13:05:00,9286.889838227122,1,47
2020-03-17,9311.05,9346.1,9309.15,9325.8,13:10:00,9289.190806015014,1,48
2020-03-17,9313.65,9317.65,9300.1,9310.8,13:15:00,9291.520253061204,1,49
2020-03-17,9329.8,9332.3,9313.0,9313.0,13:20:00,9295.165943245853,1,50
2020-03-17,9327.05,9341.85,9324.0,9329.45,13:25:00,9298.20252007958,1,51
2020-03-17,9296.75,9325.7,9269.2,9324.15,13:30:00,9298.064184833906,1,52
2020-03-17,9269.8,9299.9,9268.9,9296.4,13:35:00,9295.372357706869,1,53
2020-03-17,9279.8,9284.5,9267.45,9269.85,13:40:00,9293.889276020498,1,54
2020-03-17,9239.6,9286.0,9232.3,9280.25,13:45:00,9288.718868780452,1,55
2020-03-17,9241.3,9260.35,9224.65,9240.15,13:50:00,9284.202786039456,1,56
2020-03-17,9247.65,9252.95,9229.35,9240.55,13:55:00,9280.721568321414,1,57
2020-03-17,9235.25,9252.15,9230.85,9246.95,14:00:00,9276.390942766991,1,58
2020-03-17,9202.35,9237.05,9199.15,9236.45,14:05:00,9269.339424408232,1,59
2020-03-17,9223.55,9233.35,9178.65,9201.6,14:10:00,9264.978526845542,1,60
2020-03-17,9207.15,9232.6,9200.3,9223.7,14:15:00,9259.471048098349,1,61
2020-03-17,9165.9,9206.7,9161.65,9206.3,14:20:00,9250.55951970803,1,62
2020-03-17,9186.8,9194.6,9144.6,9166.1,14:25:00,9244.48718449774,1,63
2020-03-17,9226.4,9232.2,9152.9,9188.25,14:30:00,9242.764595497956,1,64
2020-03-17,9181.05,9241.4,9179.0,9227.25,14:35:00,9236.887014974342,1,65
2020-03-17,9179.55,9201.05,9174.2,9181.55,14:40:00,9231.426346881548,1,66
2020-03-17,9170.1,9185.35,9156.5,9179.35,14:45:00,9225.58574241664,1,67
2020-03-17,9144.1,9173.3,9138.05,9170.5,14:50:00,9217.825195519816,1,68
2020-03-17,9077.1,9143.55,9077.1,9143.45,14:55:00,9204.4227959465,1,69
2020-03-17,9054.35,9079.15,8994.5,9079.1,15:00:00,9190.1301487135,1,70
2020-03-17,8951.4,9050.35,8945.6,9050.35,15:05:00,9167.39394407412,1,71
2020-03-17,8929.4,8962.1,8915.6,8951.1,15:10:00,9144.727854162298,1,72
2020-03-17,8962.65,8964.85,8919.3,8929.65,15:15:00,9127.387106146842,1,73
2020-03-17,8939.25,8968.35,8936.55,8962.75,15:20:00,9109.46928651381,1,74
2020-03-17,8966.7,8974.1,8938.4,8941.9,15:25:00,9095.872211607732,1,75
2020-03-18,9040.4,9127.55,9031.95,9088.25,09:15:00,9090.589143835568,2,1
2020-03-18,8996.35,9043.5,8981.75,9037.2,09:20:00,9081.6139872798,2,2
2020-03-18,8984.65,9043.35,8984.65,8992.7,09:25:00,9072.37932182458,2,3
2020-03-18,8952.1,8995.85,8941.9,8983.25,09:30:00,9060.924148317476,2,4
2020-03-18,8948.15,8989.4,8937.45,8953.25,09:35:00,9050.183753239624,2,5
2020-03-18,8952.75,8988.65,8942.15,8948.05,09:40:00,9040.904348169184,2,6
2020-03-18,8915.6,8952.8,8910.75,8952.8,09:45:00,9028.9706007245,2,7
2020-03-18,8909.15,8932.1,8889.1,8916.1,09:50:00,9017.559114941214,2,8
2020-03-18,8839.15,8915.75,8839.15,8908.8,09:55:00,9000.567770661099,2,9
2020-03-18,8864.35,8876.7,8824.85,8838.95,10:00:00,8987.594649645756,2,10
2020-03-18,8839.2,8890.7,8837.5,8865.85,10:05:00,8973.46182586997,2,11
2020-03-18,8831.35,8859.9,8829.4,8838.6,10:10:00,8959.927366263306,2,12
2020-03-18,8839.4,8845.1,8806.75,8828.55,10:15:00,8948.448569476324,2,13
2020-03-18,8915.8,8920.8,8840.55,8840.55,10:20:00,8945.33918190715,2,14
2020-03-18,8909.3,8941.2,8897.25,8917.3,10:25:00,8941.906878868373,2,15
2020-03-18,8880.0,8912.5,8874.7,8907.95,10:30:00,8936.010985642813,2,16
2020-03-18,8921.8,8924.6,8878.8,8880.15,10:35:00,8934.657558438736,2,17
2020-03-18,8879.15,8942.2,8876.15,8922.3,10:40:00,8929.371124301713,2,18
2020-03-18,8866.0,8885.2,8839.2,8879.0,10:45:00,8923.33577913012,2,19
2020-03-18,8844.6,8870.8,8843.1,8864.5,10:50:00,8915.83713349868,2,20
2020-03-18,8840.75,8852.2,8811.45,8844.55,10:55:00,8908.685977927378,2,21
2020-03-18,8814.85,8840.5,8808.65,8840.45,11:00:00,8899.74921812477,2,22
2020-03-18,8793.25,8825.95,8793.25,8814.8,11:05:00,8889.606435446221,2,23
2020-03-18,8794.55,8807.5,8781.8,8795.65,11:10:00,8880.5534415942,2,24
2020-03-18,8826.35,8832.7,8795.0,8798.4,11:15:00,8875.39120906142,2,25
2020-03-18,8806.8,8848.65,8803.35,8826.3,11:20:00,8868.858712960331,2,26
2020-03-18,8816.55,8826.0,8807.9,8807.9,11:25:00,8863.876930773633,2,27
2020-03-18,8785.2,8825.6,8778.2,8816.5,11:30:00,8856.383889747573,2,28
2020-03-18,8763.0,8786.15,8749.7,8786.15,11:35:00,8847.49018596209,2,29
2020-03-18,8729.25,8765.55,8728.2,8764.3,11:40:00,8836.229215870462,2,30
2020-03-18,8726.7,8745.85,8716.25,8729.1,11:45:00,8825.797861978037,2,31
2020-03-18,8722.85,8754.05,8714.3,8726.3,11:50:00,8815.993303694415,2,32
2020-03-18,8729.25,8733.9,8698.4,8722.7,11:55:00,8807.7320366759,2,33
2020-03-18,8716.8,8748.8,8712.4,8729.8,12:00:00,8799.071842706766,2,34
2020-03-18,8685.45,8723.4,8682.7,8717.2,12:05:00,8788.25071482993,2,35
2020-03-18,8649.2,8684.85,8633.35,8684.85,12:10:00,8775.007789608031,2,36
2020-03-18,8715.8,8726.25,8647.4,8649.0,12:15:00,8769.368952502504,2,37
2020-03-18,8666.0,8719.7,8660.15,8712.4,12:20:00,8759.524290359408,2,38
2020-03-18,8674.3,8699.0,8664.7,8664.7,12:25:00,8751.40769127756,2,39
2020-03-18,8628.2,8678.05,8626.05,8675.0,12:30:00,8739.673625441601,2,40
2020-03-18,8623.1,8641.85,8604.65,8628.85,12:35:00,8728.571375399544,2,41
2020-03-18,8638.15,8653.9,8620.6,8623.7,12:40:00,8719.959815837683,2,42
2020-03-18,8641.6,8660.15,8628.85,8638.75,12:45:00,8712.496976234095,2,43
2020-03-18,8610.6,8642.2,8597.05,8642.2,12:50:00,8702.792502307038,2,44
2020-03-18,8574.9,8611.8,8570.9,8611.6,12:55:00,8690.612263992083,2,45
2020-03-18,8561.3,8578.95,8545.6,8578.85,13:00:00,8678.29681027855,2,46
2020-03-18,8637.65,8643.95,8559.4,8559.95,13:05:00,8674.425685490118,2,47
2020-03-18,8612.5,8638.75,8605.0,8635.5,13:10:00,8668.528001157725,2,48
2020-03-18,8579.75,8638.1,8577.65,8613.05,13:15:00,8660.072953428418,2,49
2020-03-18,8575.2,8610.9,8572.25,8579.95,13:20:00,8651.989815006664,2,50
2020-03-18,8615.75,8618.6,8574.25,8575.05,13:25:00,8648.538404053648,2,51
2020-03-18,8623.55,8626.55,8583.1,8618.05,13:30:00,8646.158556048538,2,52
2020-03-18,8622.3,8626.25,8603.3,8623.25,13:35:00,8643.886312615345,2,53
2020-03-18,8645.5,8675.0,8622.5,8622.5,13:40:00,8644.03999712817,2,54
2020-03-18,8619.25,8647.95,8604.35,8645.55,13:45:00,8641.679045020725,2,55
2020-03-18,8633.1,8644.8,8616.45,8620.3,13:50:00,8640.86199311399,2,56
2020-03-18,8572.15,8637.4,8571.15,8634.3,13:55:00,8634.3179937698,2,57
2020-03-18,8573.65,8596.2,8549.6,8572.7,14:00:00,8628.540089601249,2,58
2020-03-18,8578.9,8591.4,8559.85,8574.2,14:05:00,8623.812462020178,2,59
2020-03-18,8536.95,8579.1,8525.5,8579.1,14:10:00,8615.539846589685,2,60
2020-03-18,8582.45,8587.8,8535.6,8537.1,14:15:00,8612.388432628763,2,61
2020-03-18,8619.1,8631.7,8568.55,8582.7,14:20:00,8613.02762952126,2,62
2020-03-18,8582.75,8629.85,8581.1,8620.1,14:25:00,8610.144045757332,2,63
2020-03-18,8579.45,8604.8,8575.15,8582.2,14:30:00,8607.220803304253,2,64
2020-03-18,8578.35,8596.0,8564.1,8580.7,14:35:00,8604.471202989562,2,65
2020-03-18,8598.15,8598.15,8562.65,8578.8,14:40:00,8603.869183657222,2,66
2020-03-18,8593.95,8608.45,8581.75,8599.9,14:45:00,8602.924499499391,2,67
2020-03-18,8542.25,8594.7,8541.25,8594.1,14:50:00,8597.145975737545,2,68
2020-03-18,8517.75,8555.7,8517.75,8543.3,14:55:00,8589.584454238731,2,69
2020-03-18,8443.3,8514.6,8424.75,8513.6,15:00:00,8575.65260145409,2,70
2020-03-18,8417.5,8460.55,8407.05,8443.75,15:05:00,8560.590448934654,2,71
2020-03-18,8450.2,8461.05,8409.05,8416.6,15:10:00,8550.07707284564,2,72
2020-03-18,8468.95,8474.55,8427.3,8448.8,15:15:00,8542.350684955578,2,73
2020-03-18,8534.95,8534.95,8467.8,8470.45,15:20:00,8541.645857816951,2,74
2020-03-18,8541.5,8549.3,8520.55,8535.7,15:25:00,8541.63196659629,2,75
2020-03-19,7963.75,8072.35,7937.05,8060.3,09:15:00,8486.595588825214,3,1
2020-03-19,7866.35,7957.55,7854.95,7957.55,09:20:00,8427.524580365669,3,2
2020-03-19,7946.15,7954.45,7832.55,7866.7,09:25:00,8381.679382235605,3,3
2020-03-19,7942.3,7954.15,7911.9,7946.95,09:30:00,8339.833726784595,3,4
2020-03-19,7965.25,7967.35,7902.25,7942.6,09:35:00,8304.159086138443,3,5
2020-03-19,7967.6,7968.85,7935.7,7961.3,09:40:00,8272.105839839543,3,6
2020-03-19,7948.65,7998.2,7937.75,7968.05,09:45:00,8241.300521759587,3,7
2020-03-19,7930.85,7951.85,7913.4,7948.45,09:50:00,8211.733805401533,3,8
2020-03-19,7940.0,7968.5,7930.0,7930.0,09:55:00,8185.854395363292,3,9
2020-03-19,7954.85,7959.1,7938.0,7938.0,10:00:00,8163.853976757264,3,10
2020-03-19,7982.45,7995.0,7944.25,7954.45,10:05:00,8146.577407542287,3,11
2020-03-19,8017.55,8074.05,7981.95,7981.95,10:10:00,8134.28908301445,3,12
2020-03-19,7978.65,8044.6,7976.85,8016.85,10:15:00,8119.46631320355,3,13
2020-03-19,7969.95,7997.8,7964.45,7976.35,10:20:00,8105.226664327022,3,14
2020-03-19,7963.8,7981.9,7956.15,7968.75,10:25:00,8091.757458200639,3,15
2020-03-19,7990.3,8014.05,7954.8,7963.9,10:30:00,8082.094843133912,3,16
2020-03-19,7992.2,7994.2,7970.45,7994.2,10:35:00,8073.533429502111,3,17
2020-03-19,7971.8,7995.4,7970.45,7992.0,10:40:00,8063.844531454291,3,18
2020-03-19,7998.1,8013.5,7972.45,7973.1,10:45:00,8057.583147506264,3,19
2020-03-19,8004.45,8009.1,7980.6,7998.4,10:50:00,8052.522847743762,3,20
2020-03-19,8040.6,8044.15,8000.5,8004.9,10:55:00,8051.387338434833,3,21
2020-03-19,8108.95,8110.5,8041.1,8041.1,11:00:00,8056.869496679134,3,22
2020-03-19,8141.75,8235.4,8109.6,8109.6,11:05:00,8064.953354138263,3,23
2020-03-19,8363.65,8363.65,8142.9,8143.25,11:10:00,8093.400653744144,3,24
2020-03-19,8230.15,8390.55,8207.7,8367.05,11:15:00,8106.424401006606,3,25
2020-03-19,8227.2,8247.8,8169.55,8230.35,11:20:00,8117.926839005977,3,26
2020-03-19,8215.4,8236.0,8196.0,8225.85,11:25:00,8127.209997195884,3,27
2020-03-19,8305.2,8305.2,8189.05,8215.2,11:30:00,8144.161426034372,3,28
2020-03-19,8302.85,8339.75,8288.95,8309.3,11:35:00,8159.274623554908,3,29
2020-03-19,8270.1,8306.9,8256.05,8302.55,11:40:00,8169.829421311584,3,30
2020-03-19,8229.4,8295.8,8224.45,8268.95,11:45:00,8175.5028097581,3,31
2020-03-19,8255.8,8281.95,8230.2,8230.2,11:50:00,8183.150161209709,3,32
2020-03-19,8196.05,8254.7,8163.95,8254.7,11:55:00,8184.378717284974,3,33
2020-03-19,8128.05,8197.5,8119.9,8195.85,12:00:00,8179.014077543548,3,34
2020-03-19,8161.45,8178.05,8117.85,8127.5,12:05:00,8177.341308253686,3,35
2020-03-19,8157.35,8189.2,8147.45,8160.0,12:10:00,8175.437374134287,3,36
2020-03-19,8171.9,8206.05,8161.4,8163.4,12:15:00,8175.100481359593,3,37
2020-03-19,8226.85,8240.9,8175.9,8181.55,12:20:00,8180.029006944394,3,38
2020-03-19,8246.05,8267.0,8223.55,8228.95,12:25:00,8186.316720568737,3,39
2020-03-19,8222.45,8253.1,8212.5,8244.05,12:30:00,8189.757985276476,3,40
2020-03-19,8193.95,8232.55,8166.2,8223.2,12:35:00,8190.157224773954,3,41
2020-03-19,8197.75,8226.7,8188.9,8195.1,12:40:00,8190.880346224054,3,42
2020-03-19,8205.05,8237.35,8196.7,8197.7,12:45:00,8192.229837059858,3,43
2020-03-19,8271.5,8271.5,8205.6,8205.9,12:50:00,8199.77937638749,3,44
2020-03-19,8271.55,8289.0,8249.15,8273.25,12:55:00,8206.614673874397,3,45
2020-03-19,8305.8,8324.65,8271.4,8271.85,13:00:00,8216.06089541017,3,46
2020-03-19,8384.85,8392.35,8300.8,8306.55,13:05:00,8232.136048228249,3,47
2020-03-19,8303.35,8384.7,8303.35,8384.7,13:10:00,8238.918329349368,3,48
2020-03-19,8236.55,8303.0,8227.2,8302.15,13:15:00,8238.692774173238,3,49
2020-03-19,8265.85,8301.65,8236.25,8236.25,13:20:00,8241.27917663293,3,50
2020-03-19,8280.6,8288.6,8250.35,8265.35,13:25:00,8245.024016953605,3,51
2020-03-19,8305.7,8329.1,8259.65,8281.65,13:30:00,8250.802682005642,3,52
2020-03-19,8278.7,8305.4,8250.05,8305.4,13:35:00,8253.459569433677,3,53
2020-03-19,8256.85,8300.85,8252.4,8283.2,13:40:00,8253.78246758285,3,54
2020-03-19,8310.1,8314.2,8257.0,8257.15,13:45:00,8259.14604209877,3,55
2020-03-19,8400.85,8410.35,8313.65,8316.25,13:50:00,8272.641657136983,3,56
2020-03-19,8478.2,8504.35,8400.6,8400.6,13:55:00,8292.218642171556,3,57
2020-03-19,8507.45,8510.6,8442.45,8476.15,14:00:00,8312.716866726645,3,58
2020-03-19,8472.2,8543.2,8471.4,8508.6,14:05:00,8327.905736562203,3,59
2020-03-19,8551.55,8575.45,8473.8,8473.8,14:10:00,8349.205190222945,3,60
2020-03-19,8511.6,8555.35,8481.5,8553.35,14:15:00,8364.671362582663,3,61
2020-03-19,8500.35,8536.7,8496.05,8510.35,14:20:00,8377.59313757479,3,62
2020-03-19,8436.1,8508.35,8414.0,8499.35,14:25:00,8383.165219710525,3,63
2020-03-19,8350.25,8437.05,8338.25,8436.3,14:30:00,8380.030436880952,3,64
2020-03-19,8367.65,8384.3,8336.15,8349.75,14:35:00,8378.851347654194,3,65
2020-03-19,8367.55,8371.3,8320.8,8366.35,14:40:00,8377.775028829985,3,66
2020-03-19,8376.95,8429.4,8351.0,8366.6,14:45:00,8377.696454655701,3,67
2020-03-19,8376.15,8419.9,8370.5,8376.45,14:50:00,8377.54917325992,3,68
2020-03-19,8311.1,8396.35,8311.1,8374.9,14:55:00,8371.2206805685,3,69
2020-03-19,8332.9,8340.55,8275.55,8310.55,15:00:00,8367.571091942928,3,70
2020-03-19,8304.1,8328.5,8272.95,8328.5,15:05:00,8361.526226043601,3,71
2020-03-19,8258.45,8307.3,8254.5,8303.25,15:10:00,8351.709442610878,3,72
2020-03-19,8218.1,8259.05,8211.1,8258.25,15:15:00,8338.984733790794,3,73
2020-03-19,8259.8,8260.3,8214.45,8217.35,15:20:00,8331.443330572623,3,74
2020-03-19,8269.7,8274.1,8235.8,8263.6,15:25:00,8325.563013375231,3,75
2020-03-20,8349.8,8375.5,8210.0,8263.4,09:15:00,8327.871297815685,4,1
2020-03-20,8421.65,8441.25,8355.75,8355.75,09:20:00,8336.80260278562,4,2
2020-03-20,8283.75,8419.45,8283.75,8419.45,09:25:00,8331.749973948894,4,3
2020-03-20,8203.85,8308.2,8200.9,8282.5,09:30:00,8319.569024049,4,4
2020-03-20,8253.0,8256.65,8178.2,8200.05,09:35:00,8313.229116996714,4,5
2020-03-20,8242.4,8293.65,8220.45,8251.9,09:40:00,8306.48348680655,4,6
2020-03-20,8246.75,8280.7,8207.2,8241.7,09:45:00,8300.794583301164,4,7
2020-03-20,8254.4,8271.4,8231.6,8242.15,09:50:00,8296.376051558196,4,8
2020-03-20,8332.35,8334.9,8258.35,8258.35,09:55:00,8299.802141885986,4,9
2020-03-20,8344.75,8347.5,8282.65,8328.7,10:00:00,8304.082890277798,4,10
2020-03-20,8362.75,8398.3,8343.65,8343.65,10:05:00,8309.670234060864,4,11
2020-03-20,8357.35,8384.4,8330.35,8356.85,10:10:00,8314.211164150307,4,12
2020-03-20,8341.95,8365.9,8326.5,8355.85,10:15:00,8316.852958040754,4,13
2020-03-20,8315.4,8364.35,8311.75,8341.45,10:20:00,8316.714581084492,4,14
2020-03-20,8352.6,8363.55,8315.35,8315.35,10:25:00,8320.132240028826,4,15
2020-03-20,8380.7,8401.4,8352.5,8352.95,10:30:00,8325.90059812132,4,16
2020-03-20,8351.25,8383.25,8320.35,8380.9,10:35:00,8328.31482687167,4,17
2020-03-20,8307.1,8349.35,8307.1,8348.75,10:40:00,8326.294367169607,4,18
2020-03-20,8325.75,8330.95,8298.95,8306.05,10:45:00,8326.242522677263,4,19
2020-03-20,8337.0,8348.85,8312.1,8326.15,10:50:00,8327.267044327047,4,20
2020-03-20,8340.85,8361.4,8334.1,8338.25,10:55:00,8328.560659153043,4,21
2020-03-20,8342.2,8352.5,8335.0,8341.05,11:00:00,8329.85964399561,4,22
2020-03-20,8368.8,8377.1,8332.25,8342.5,11:05:00,8333.568249329363,4,23
2020-03-20,8341.9,8368.0,8338.15,8368.0,11:10:00,8334.361749393232,4,24
2020-03-20,8368.6,8393.1,8342.7,8343.1,11:15:00,8337.622535165307,4,25
2020-03-20,8369.9,8392.65,8356.9,8369.05,11:20:00,8340.696579435276,4,26
2020-03-20,8422.4,8422.4,8365.75,8371.25,11:25:00,8348.477857584297,4,27
2020-03-20,8434.9,8439.45,8394.3,8424.05,11:30:00,8356.708537814364,4,28
2020-03-20,8445.95,8470.65,8432.45,8434.45,11:35:00,8365.207724689186,4,29
2020-03-20,8481.85,8487.45,8431.9,8444.95,11:40:00,8376.316512814024,4,30
2020-03-20,8475.3,8501.8,8470.15,8481.2,11:45:00,8385.74351159364,4,31
2020-03-20,8449.95,8479.95,8439.4,8475.4,11:50:00,8391.858415251389,4,32
2020-03-20,8485.6,8490.45,8450.25,8450.9,11:55:00,8400.786185227447,4,33
2020-03-20,8523.1,8540.2,8486.3,8486.3,12:00:00,8412.435119967691,4,34
2020-03-20,8555.4,8559.85,8514.0,8523.15,12:05:00,8426.05082282791,4,35
2020-03-20,8596.8,8600.3,8552.05,8556.05,12:10:00,8442.312649225252,4,36
2020-03-20,8661.15,8671.4,8597.7,8598.05,12:15:00,8463.15430167999,4,37
2020-03-20,8660.8,8664.1,8622.1,8657.1,12:20:00,8481.97770151999,4,38
2020-03-20,8696.8,8696.8,8622.35,8659.4,12:25:00,8502.436968041897,4,39
2020-03-20,8644.75,8708.8,8635.75,8693.9,12:30:00,8515.990590133144,4,40
2020-03-20,8610.65,8650.0,8592.5,8644.55,12:35:00,8525.005772025224,4,41
2020-03-20,8643.35,8648.85,8609.0,8614.15,12:40:00,8536.276650879965,4,42
2020-03-20,8672.05,8685.15,8644.2,8644.6,12:45:00,8549.207446034254,4,43
2020-03-20,8708.2,8711.15,8651.75,8671.4,12:50:00,8564.349594030991,4,44
2020-03-20,8723.35,8740.25,8694.55,8708.5,12:55:00,8579.492489837563,4,45
2020-03-20,8698.3,8728.75,8686.4,8723.3,13:00:00,8590.807490805415,4,46
2020-03-20,8696.95,8724.9,8672.95,8698.4,13:05:00,8600.9163012049,4,47
2020-03-20,8713.75,8715.2,8692.3,8695.0,13:10:00,8611.662367756813,4,48
2020-03-20,8703.55,8737.55,8696.85,8712.9,13:15:00,8620.413570827594,4,49
2020-03-20,8729.3,8732.6,8696.8,8704.4,13:20:00,8630.783706939252,4,50
2020-03-20,8810.05,8812.25,8724.7,8729.0,13:25:00,8647.856687230751,4,51
2020-03-20,8779.55,8816.6,8779.55,8809.25,13:30:00,8660.39890749449,4,52
2020-03-20,8826.4,8846.1,8777.2,8779.5,13:35:00,8676.208535352156,4,53
2020-03-20,8873.3,8873.3,8827.25,8827.25,13:40:00,8694.979151032903,4,54
2020-03-20,8831.4,8883.0,8804.5,8873.8,13:45:00,8707.971612839294,4,55
2020-03-20,8697.2,8830.4,8678.8,8830.4,13:50:00,8706.945744949837,4,56
2020-03-20,8657.45,8735.05,8634.9,8696.55,13:55:00,8702.231864478425,4,57
2020-03-20,8611.3,8657.1,8607.15,8657.1,14:00:00,8693.57168690905,4,58
2020-03-20,8525.25,8630.95,8525.25,8611.8,14:05:00,8677.541050060569,4,59
2020-03-20,8561.6,8604.2,8519.0,8525.55,14:10:00,8666.499045292896,4,60
2020-03-20,8503.15,8580.7,8502.9,8560.75,14:15:00,8650.94199336024,4,61
2020-03-20,8574.4,8596.25,8502.25,8505.0,14:20:00,8643.652279706885,4,62
2020-03-20,8675.75,8675.75,8571.8,8574.8,14:25:00,8646.709205449086,4,63
2020-03-20,8624.15,8684.85,8594.6,8676.25,14:30:00,8644.56070969203,4,64
2020-03-20,8611.1,8651.15,8611.1,8622.45,14:35:00,8641.373975435647,4,65
2020-03-20,8650.65,8653.05,8579.45,8610.4,14:40:00,8642.257406346536,4,66
2020-03-20,8741.35,8748.9,8650.5,8651.3,14:45:00,8651.694796218295,4,67
2020-03-20,8689.65,8767.6,8689.65,8742.85,14:50:00,8655.309577530837,4,68
2020-03-20,8696.8,8715.35,8675.75,8689.6,14:55:00,8659.261046337424,4,69
2020-03-20,8751.75,8752.3,8697.2,8697.2,15:00:00,8668.069518114811,4,70
2020-03-20,8727.3,8750.95,8711.15,8750.95,15:05:00,8673.71051638959,4,71
2020-03-20,8740.95,8744.5,8711.3,8727.2,15:10:00,8680.114276733439,4,72
2020-03-20,8793.6,8793.6,8735.2,8741.05,15:15:00,8690.922440854063,4,73
2020-03-20,8746.6,8792.95,8746.45,8792.95,15:20:00,8696.225065534629,4,74
2020-03-20,8749.7,8762.1,8722.45,8749.6,15:25:00,8701.317916436092,4,75
2020-03-24,7986.5,8036.95,7847.9,7847.9,09:15:00,7709.522276401805,1,1
2020-03-24,7871.1,7995.65,7862.95,7987.5,09:20:00,7724.910631030205,1,2
2020-03-24,7810.0,7941.6,7804.4,7869.8,09:25:00,7733.0143804559,1,3
2020-03-24,7691.3,7814.15,7691.3,7811.1,09:30:00,7729.041582317243,1,4
2020-03-24,7715.95,7743.65,7649.15,7690.5,09:35:00,7727.794764953696,1,5
2020-03-24,7670.65,7761.9,7668.75,7717.3,09:40:00,7722.352406386677,1,6
2020-03-24,7667.8,7701.6,7665.05,7669.95,09:45:00,7717.1569391117555,1,7
2020-03-24,7638.8,7667.95,7586.5,7667.4,09:50:00,7709.694373482064,1,8
2020-03-24,7671.65,7702.75,7632.1,7639.2,09:55:00,7706.071099817105,1,9
2020-03-24,7593.4,7674.9,7588.9,7672.5,10:00:00,7695.340518882143,1,10
2020-03-24,7622.15,7627.25,7567.3,7592.5,10:05:00,7688.36999327432,1,11
2020-03-24,7607.05,7624.5,7586.7,7622.2,10:10:00,7680.625232010099,1,12
2020-03-24,7552.8,7606.3,7552.8,7605.5,10:15:00,7668.4514003900895,1,13
2020-03-24,7542.75,7565.0,7523.6,7551.8,10:20:00,7656.479838448176,1,14
2020-03-24,7574.25,7574.25,7511.1,7542.55,10:25:00,7648.648425262636,1,15
2020-03-24,7616.75,7616.75,7539.45,7570.8,10:30:00,7645.610479999527,1,16
2020-03-24,7684.3,7688.6,7585.75,7618.6,10:35:00,7649.295196190048,1,17
2020-03-24,7639.5,7692.1,7619.65,7682.7,10:40:00,7648.362320362425,1,18
2020-03-24,7694.2,7702.6,7636.3,7640.1,10:45:00,7652.727813661241,1,19
2020-03-24,7746.65,7749.8,7690.25,7694.5,10:50:00,7661.672783788742,1,20
2020-03-24,7684.15,7749.1,7659.75,7747.55,10:55:00,7663.813471046957,1,21
2020-03-24,7680.45,7717.2,7659.85,7684.65,11:00:00,7665.397902375818,1,22
2020-03-24,7677.85,7703.3,7667.95,7682.0,11:05:00,7666.583816435264,1,23
2020-03-24,7706.45,7725.8,7679.3,7680.9,11:10:00,7670.380595822382,1,24
2020-03-24,7759.4,7776.35,7707.1,7708.05,11:15:00,7678.858634315488,1,25
2020-03-24,7772.0,7780.85,7735.6,7760.7,11:20:00,7687.729240571156,1,26
2020-03-24,7751.5,7776.7,7738.05,7772.55,11:25:00,7693.802646231046,1,27
2020-03-24,7765.65,7775.4,7742.95,7752.15,11:30:00,7700.645251351899,1,28
2020-03-24,7807.65,7807.65,7761.95,7766.35,11:35:00,7710.8361797945745,1,29
2020-03-24,7801.2,7820.0,7781.45,7807.55,11:40:00,7719.442257909377,1,30
2020-03-24,7824.35,7837.65,7797.65,7799.1,11:45:00,7729.433471441817,1,31
2020-03-24,7783.15,7832.6,7783.15,7824.65,11:50:00,7734.549331304502,1,32
2020-03-24,7752.85,7791.35,7739.4,7784.15,11:55:00,7736.292252132644,1,33
2020-03-24,7741.35,7763.4,7717.6,7752.0,12:00:00,7736.773942405725,1,34
2020-03-24,7796.15,7799.5,7744.3,7746.1,12:05:00,7742.428805033752,1,35
2020-03-24,7776.1,7798.0,7753.1,7796.7,12:10:00,7745.635585506728,1,36
2020-03-24,7757.15,7807.15,7754.8,7776.6,12:15:00,7746.732196410849,1,37
2020-03-24,7805.05,7805.05,7741.5,7755.95,12:20:00,7752.286272943148,1,38
2020-03-24,7817.3,7818.2,7785.85,7806.8,12:25:00,7758.478056472372,1,39
2020-03-24,7794.15,7829.7,7789.4,7815.8,12:30:00,7761.875384427385,1,40
2020-03-24,7854.3,7855.15,7795.3,7795.45,12:35:00,7770.677728767634,1,41
2020-03-24,7877.55,7888.35,7851.2,7855.15,12:40:00,7780.856040313573,1,42
2020-03-24,7850.8,7880.55,7839.9,7877.7,12:45:00,7787.517369807519,1,43
2020-03-24,7860.95,7884.85,7850.7,7850.7,12:50:00,7794.510953635374,1,44
2020-03-24,7868.6,7880.4,7855.3,7860.25,12:55:00,7801.567053289147,1,45
2020-03-24,7859.8,7881.65,7855.0,7868.1,13:00:00,7807.113048213991,1,46
2020-03-24,7874.6,7899.9,7856.25,7856.25,13:05:00,7813.540376955515,1,47
2020-03-24,7880.2,7885.55,7859.2,7874.35,13:10:00,7819.888912483561,1,48
2020-03-24,7895.0,7909.2,7877.1,7879.95,13:15:00,7827.042349389889,1,49
2020-03-24,7903.45,7919.15,7880.55,7895.05,13:20:00,7834.319268495614,1,50
2020-03-24,7936.35,7938.3,7902.05,7903.55,13:25:00,7844.036481019841,1,51
2020-03-24,7952.6,7964.3,7928.5,7937.25,13:30:00,7854.375863779855,1,52
2020-03-24,7930.25,7953.1,7904.3,7951.1,13:35:00,7861.601971991297,1,53
2020-03-24,7963.35,7965.3,7914.1,7929.9,13:40:00,7871.292260373079,1,54
2020-03-24,7912.45,7976.55,7906.85,7965.25,13:45:00,7875.212045099453,1,55
2020-03-24,7871.45,7912.3,7839.95,7912.3,13:50:00,7874.85375508998,1,56
2020-03-24,7908.0,7920.7,7859.15,7873.75,13:55:00,7878.010540319506,1,57
2020-03-24,7902.65,7936.35,7897.7,7907.9,14:00:00,7880.357155527172,1,58
2020-03-24,7898.2,7934.9,7888.7,7902.3,14:05:00,7882.056474048393,1,59
2020-03-24,7893.55,7917.65,7871.75,7898.7,14:10:00,7883.151095567594,1,60
2020-03-24,7876.45,7902.5,7874.95,7894.05,14:15:00,7882.512895989727,1,61
2020-03-24,7930.3,7931.75,7874.25,7875.85,14:20:00,7887.064048752611,1,62
2020-03-24,7968.35,7970.05,7931.55,7935.35,14:25:00,7894.805567919028,1,63
2020-03-24,7930.35,7994.75,7923.4,7962.75,14:30:00,7898.19075192674,1,64
2020-03-24,7933.85,7941.55,7883.85,7926.1,14:35:00,7901.58687079086,1,65
2020-03-24,7948.95,7954.05,7910.85,7940.25,14:40:00,7906.097645001255,1,66
2020-03-24,7946.8,7963.65,7908.85,7949.75,14:45:00,7909.97405976304,1,67
2020-03-24,7923.85,7960.2,7921.55,7948.2,14:50:00,7911.295577880845,1,68
2020-03-24,7835.5,7928.15,7798.75,7923.7,14:55:00,7904.076951416003,1,69
2020-03-24,7754.2,7833.1,7745.8,7831.95,15:00:00,7889.80295604305,1,70
2020-03-24,7784.05,7804.1,7740.7,7753.3,15:05:00,7879.731245943712,1,71
2020-03-24,7830.75,7834.05,7782.5,7784.95,15:10:00,7875.066365377645,1,72
2020-03-24,7815.7,7830.55,7800.4,7829.3,15:15:00,7869.412425817869,1,73
2020-03-24,7819.3,7833.05,7814.4,7817.5,15:20:00,7864.639813835215,1,74
2020-03-24,7856.8,7856.8,7806.95,7819.35,15:25:00,7863.893164898528,1,75
2020-03-25,7931.25,7952.8,7732.1,7732.1,09:15:00,7876.112091901064,2,1
2020-03-25,7920.45,7980.35,7889.45,7932.6,09:20:00,7880.334749815248,2,2
2020-03-25,7882.8,7941.5,7846.4,7919.5,09:25:00,7880.569535547129,2,3
2020-03-25,7858.55,7881.25,7815.95,7881.25,09:30:00,7878.472436923593,2,4
2020-03-25,7812.85,7859.25,7786.35,7859.25,09:35:00,7872.222681026107,2,5
2020-03-25,7767.5,7845.8,7767.5,7814.5,09:40:00,7862.249092356954,2,6
2020-03-25,7743.25,7784.85,7728.8,7767.3,09:45:00,7850.915845465815,2,7
2020-03-25,7740.9,7763.05,7714.75,7750.4,09:50:00,7840.438145897643,2,8
2020-03-25,7752.15,7771.0,7729.35,7738.2,09:55:00,7832.029751050249,2,9
2020-03-25,7765.3,7810.3,7749.7,7750.9,10:00:00,7825.674536664511,2,10
2020-03-25,7799.95,7801.4,7753.7,7765.1,10:05:00,7823.224580791701,2,11
2020-03-25,7791.15,7825.15,7787.7,7799.85,10:10:00,7820.169858811539,2,12
2020-03-25,7783.15,7792.65,7760.0,7790.9,10:15:00,7816.644157972344,2,13
2020-03-25,7790.05,7807.85,7768.7,7783.35,10:20:00,7814.111381022598,2,14
2020-03-25,7837.8,7840.6,7779.55,7790.65,10:25:00,7816.367439972826,2,15
2020-03-25,7845.45,7853.6,7814.9,7837.9,10:30:00,7819.137207594462,2,16
2020-03-25,7844.1,7865.6,7836.35,7843.65,10:35:00,7821.514616394989,2,17
2020-03-25,7809.25,7855.1,7805.7,7842.9,10:40:00,7820.346557690705,2,18
2020-03-25,7777.55,7822.7,7767.55,7808.6,10:45:00,7816.270695053494,2,19
2020-03-25,7804.45,7814.85,7776.05,7778.65,10:50:00,7815.144914572208,2,20
2020-03-25,7815.3,7818.75,7783.1,7805.1,10:55:00,7815.1596846129505,2,21
2020-03-25,7805.55,7822.3,7793.3,7815.65,11:00:00,7814.244476554574,2,22
2020-03-25,7825.75,7827.7,7801.0,7805.75,11:05:00,7815.340240692234,2,23
2020-03-25,7834.35,7839.2,7816.2,7827.0,11:10:00,7817.15069395964,2,24
2020-03-25,7831.25,7836.2,7824.85,7834.05,11:15:00,7818.493485011103,2,25
2020-03-25,7819.95,7839.95,7813.1,7831.65,11:20:00,7818.632200724332,2,26
2020-03-25,7869.55,7873.5,7800.6,7819.65,11:25:00,7823.481514941062,2,27
2020-03-25,7897.8,7904.15,7870.1,7870.2,11:30:00,7830.559465899057,2,28
2020-03-25,7887.75,7908.25,7879.1,7897.85,11:35:00,7836.00618343248,2,29
2020-03-25,7903.6,7904.95,7888.25,7888.25,11:40:00,7842.443689772244,2,30
2020-03-25,7892.2,7914.15,7873.6,7903.75,11:45:00,7847.182385984412,2,31
2020-03-25,7912.65,7918.95,7891.75,7892.5,11:50:00,7853.417396843039,2,32
2020-03-25,7927.75,7929.6,7906.5,7913.45,11:55:00,7860.496692381796,2,33
2020-03-25,7897.35,7928.25,7897.35,7927.15,12:00:00,7864.006531202578,2,34
2020-03-25,7924.0,7925.05,7896.2,7897.5,12:05:00,7869.720194897571,2,35
2020-03-25,7937.3,7950.9,7921.1,7924.05,12:10:00,7876.156366812088,2,36
2020-03-25,7943.7,7956.3,7937.45,7937.45,12:15:00,7882.589093782366,2,37
2020-03-25,7932.9,7945.85,7912.15,7944.3,12:20:00,7887.380608660235,2,38
2020-03-25,7937.15,7937.15,7917.5,7932.25,12:25:00,7892.120550692594,2,39
2020-03-25,7967.4,7967.4,7937.45,7937.45,12:30:00,7899.290022055205,2,40
2020-03-25,8026.4,8026.4,7968.9,7968.9,12:35:00,7911.395734240424,2,41
2020-03-25,8064.7,8068.85,8020.7,8027.15,12:40:00,7925.996140503241,2,42
2020-03-25,8082.8,8093.8,8057.55,8064.5,12:45:00,7940.929841407695,2,43
2020-03-25,8127.7,8132.6,8083.45,8083.5,12:50:00,7958.717475559343,2,44
2020-03-25,8107.2,8145.45,8107.2,8128.8,12:55:00,7972.858668363216,2,45
2020-03-25,8160.8,8160.8,8107.35,8107.35,13:00:00,7990.757842804815,2,46
2020-03-25,8155.6,8170.35,8141.65,8160.15,13:05:00,8006.457095871023,2,47
2020-03-25,8174.35,8182.4,8155.8,8155.8,13:10:00,8022.446896264259,2,48
2020-03-25,8240.25,8240.25,8174.7,8174.85,13:15:00,8043.190049000996,2,49
2020-03-25,8241.85,8260.7,8225.4,8240.25,13:20:00,8062.110044334234,2,50
2020-03-25,8253.0,8262.9,8233.0,8240.65,13:25:00,8080.290040111926,2,51
2020-03-25,8189.3,8253.9,8187.15,8253.15,13:30:00,8090.671941053647,2,52
2020-03-25,8195.9,8238.75,8185.45,8190.15,13:35:00,8100.6936609532995,2,53
2020-03-25,8267.15,8281.25,8173.95,8196.4,13:40:00,8116.546645624414,2,54
2020-03-25,8247.85,8274.75,8229.15,8267.1,13:45:00,8129.051726993517,2,55
2020-03-25,8263.5,8267.85,8226.85,8252.95,13:50:00,8141.856324422706,2,56
2020-03-25,8296.25,8296.25,8254.8,8263.2,13:55:00,8156.560484001496,2,57
2020-03-25,8275.6,8317.25,8261.5,8295.6,14:00:00,8167.897580763258,2,58
2020-03-25,8269.6,8297.4,8251.5,8275.75,14:05:00,8177.583525452471,2,59
2020-03-25,8310.25,8320.85,8268.95,8268.95,14:10:00,8190.218427790331,2,60
2020-03-25,8319.45,8332.5,8277.7,8309.75,14:15:00,8202.526196572204,2,61
2020-03-25,8331.55,8332.0,8311.85,8320.4,14:20:00,8214.814177851042,2,62
2020-03-25,8372.1,8373.95,8333.2,8333.2,14:25:00,8229.793779960466,2,63
2020-03-25,8281.75,8376.75,8281.25,8371.5,14:30:00,8234.741991392802,2,64
2020-03-25,8319.2,8319.2,8280.85,8280.85,14:35:00,8242.785611260155,2,65
2020-03-25,8313.0,8332.95,8304.3,8320.75,14:40:00,8249.472695902045,2,66
2020-03-25,8322.9,8330.1,8312.55,8313.7,14:45:00,8256.465772482803,2,67
2020-03-25,8344.7,8356.35,8323.85,8324.15,14:50:00,8264.869032246346,2,68
2020-03-25,8351.35,8359.1,8343.8,8343.8,14:55:00,8273.105314889552,2,69
2020-03-25,8339.75,8351.9,8325.4,8351.6,15:00:00,8279.452427757215,2,70
2020-03-25,8340.7,8357.0,8299.7,8340.3,15:05:00,8285.285529875575,2,71
2020-03-25,8300.85,8340.55,8296.45,8340.55,15:10:00,8286.767860363616,2,72
2020-03-25,8294.5,8308.4,8292.2,8301.45,15:15:00,8287.5042546147,2,73
2020-03-25,8300.2,8309.55,8285.5,8295.1,15:20:00,8288.713373222825,2,74
2020-03-25,8297.8,8303.4,8279.5,8301.9,15:25:00,8289.578766249222,2,75
2020-03-26,8336.3,8460.65,8336.3,8443.65,09:15:00,8294.028407558819,3,1
2020-03-26,8396.85,8411.8,8304.9,8328.1,09:20:00,8303.820940172265,3,2
2020-03-26,8478.15,8478.15,8372.1,8396.95,09:25:00,8320.423707774906,3,3
2020-03-26,8490.1,8519.15,8460.0,8476.5,09:30:00,8336.583354653487,3,4
2020-03-26,8487.4,8515.0,8482.35,8494.45,09:35:00,8350.946844686488,3,5
2020-03-26,8513.65,8513.8,8462.45,8483.05,09:40:00,8366.442383287776,3,6
2020-03-26,8483.7,8535.75,8476.0,8513.7,09:45:00,8377.609775355608,3,7
2020-03-26,8544.6,8547.3,8484.65,8486.0,09:50:00,8393.513606274122,3,8
2020-03-26,8606.15,8607.25,8544.35,8545.2,09:55:00,8413.764691390872,3,9
2020-03-26,8627.4,8655.6,8582.8,8604.45,10:00:00,8434.110911258407,3,10
2020-03-26,8630.05,8645.35,8603.15,8627.35,10:05:00,8452.771776852846,3,11
2020-03-26,8676.65,8679.0,8627.45,8629.9,10:10:00,8474.09351239067,3,12
2020-03-26,8712.55,8723.15,8675.15,8676.6,10:15:00,8496.80365406775,3,13
2020-03-26,8709.85,8749.05,8708.35,8712.8,10:20:00,8517.093782251774,3,14
2020-03-26,8654.0,8715.25,8654.0,8710.25,10:25:00,8530.132469656366,3,15
2020-03-26,8686.15,8687.4,8585.45,8653.0,10:30:00,8544.991282070045,3,16
2020-03-26,8684.55,8694.75,8649.2,8689.35,10:35:00,8558.282588539565,3,17
2020-03-26,8698.45,8717.5,8681.55,8684.95,10:40:00,8571.631865821511,3,18
2020-03-26,8635.9,8699.45,8628.45,8699.45,10:45:00,8577.752640505178,3,19
2020-03-26,8628.3,8645.1,8602.65,8637.7,10:50:00,8582.566674742779,3,20
2020-03-26,8625.8,8630.7,8592.6,8627.45,10:55:00,8586.684134291085,3,21
2020-03-26,8607.05,8642.65,8602.8,8625.55,11:00:00,8588.623740549077,3,22
2020-03-26,8562.85,8607.4,8557.25,8607.3,11:05:00,8586.169098592023,3,23
2020-03-26,8600.25,8611.5,8533.55,8563.75,11:10:00,8587.510136821355,3,24
2020-03-26,8606.6,8630.15,8596.05,8599.65,11:15:00,8589.328219028845,3,25
2020-03-26,8571.75,8618.1,8570.5,8611.05,11:20:00,8587.65410293086,3,26
2020-03-26,8572.3,8587.65,8554.2,8571.2,11:25:00,8586.191807413634,3,27
2020-03-26,8510.1,8581.75,8509.05,8574.4,11:30:00,8578.944968612335,3,28
2020-03-26,8553.05,8553.05,8510.0,8510.4,11:35:00,8576.478781125446,3,29
2020-03-26,8622.0,8647.5,8554.05,8555.8,11:40:00,8580.814135303975,3,30
2020-03-26,8631.9,8649.05,8611.8,8622.1,11:45:00,8585.679455751217,3,31
2020-03-26,8627.8,8646.9,8608.75,8632.15,11:50:00,8589.690936155863,3,32
2020-03-26,8657.95,8658.95,8615.7,8627.3,11:55:00,8596.191799379114,3,33
2020-03-26,8673.4,8706.1,8657.8,8659.8,12:00:00,8603.544961343008,3,34
2020-03-26,8706.0,8721.3,8671.5,8673.1,12:05:00,8613.302584072246,3,35
2020-03-26,8724.6,8729.25,8698.9,8705.9,12:10:00,8623.902337970127,3,36
2020-03-26,8688.85,8724.25,8661.65,8724.15,12:15:00,8630.08782959202,3,37
2020-03-26,8694.3,8700.2,8684.15,8685.15,12:20:00,8636.20327439278,3,38
2020-03-26,8680.7,8694.5,8663.65,8694.0,12:25:00,8640.441057783943,3,39
2020-03-26,8693.45,8706.6,8677.55,8680.0,12:30:00,8645.489528471186,3,40
2020-03-26,8697.85,8715.9,8690.7,8692.15,12:35:00,8650.476240045358,3,41
2020-03-26,8726.0,8726.0,8684.55,8695.3,12:40:00,8657.668979088658,3,42
2020-03-26,8704.8,8735.2,8700.2,8724.8,12:45:00,8662.15764774688,3,43
2020-03-26,8718.95,8725.15,8690.5,8706.1,12:50:00,8667.566443199557,3,44
2020-03-26,8714.6,8731.55,8706.1,8718.9,12:55:00,8672.045829561504,3,45
2020-03-26,8694.0,8714.75,8664.3,8714.75,13:00:00,8674.1367029366,3,46
2020-03-26,8697.8,8714.2,8675.3,8693.25,13:05:00,8676.390350275971,3,47
2020-03-26,8706.7,8712.15,8697.1,8697.9,13:10:00,8679.276983583022,3,48
2020-03-26,8707.2,8727.1,8704.0,8706.95,13:15:00,8681.936318479879,3,49
2020-03-26,8641.4,8709.45,8641.4,8709.1,13:20:00,8678.07571671989,3,50
2020-03-26,8572.25,8639.75,8546.05,8639.75,13:25:00,8667.997077032282,3,51
2020-03-26,8551.15,8607.9,8548.85,8572.55,13:30:00,8656.868783981588,3,52
2020-03-26,8541.35,8573.75,8510.05,8553.7,13:35:00,8645.866995030961,3,53
2020-03-26,8574.15,8606.1,8541.1,8541.25,13:40:00,8639.036805028012,3,54
2020-03-26,8545.45,8599.85,8536.95,8573.9,13:45:00,8630.123775977725,3,55
2020-03-26,8520.65,8554.85,8509.45,8542.6,13:50:00,8619.697702075084,3,56
2020-03-26,8537.15,8544.0,8519.2,8520.8,13:55:00,8611.83601616317,3,57
2020-03-26,8482.55,8538.45,8454.1,8536.35,14:00:00,8599.523062242868,3,58
2020-03-26,8490.9,8507.25,8479.0,8484.4,14:05:00,8589.178008695928,3,59
2020-03-26,8542.15,8580.45,8485.75,8491.6,14:10:00,8584.699150724888,3,60
2020-03-26,8552.4,8562.05,8519.15,8540.85,14:15:00,8581.623041132041,3,61
2020-03-26,8520.3,8563.1,8519.3,8553.2,14:20:00,8575.78275150042,3,62
2020-03-26,8560.5,8560.5,8519.65,8519.65,14:25:00,8574.327251357523,3,63
2020-03-26,8597.75,8626.3,8561.0,8561.0,14:30:00,8576.557989323474,3,64
2020-03-26,8593.5,8626.8,8593.5,8598.0,14:35:00,8578.17151414981,3,65
2020-03-26,8610.8,8613.2,8574.35,8592.75,14:40:00,8581.278988992686,3,66
2020-03-26,8655.35,8658.3,8609.1,8611.15,14:45:00,8588.333370993383,3,67
2020-03-26,8722.05,8725.15,8653.4,8654.95,14:50:00,8601.068288041632,3,68
2020-03-26,8728.7,8731.85,8685.6,8722.9,14:55:00,8613.223689180524,3,69
2020-03-26,8645.35,8729.5,8628.05,8729.5,15:00:00,8616.283337829998,3,70
2020-03-26,8644.5,8665.25,8621.0,8645.45,15:05:00,8618.970638989045,3,71
2020-03-26,8622.2,8644.55,8618.25,8644.55,15:10:00,8619.278197180565,3,72
2020-03-26,8613.0,8634.5,8610.45,8623.2,15:15:00,8618.680273639558,3,73
2020-03-26,8642.7,8649.95,8607.35,8615.6,15:20:00,8620.967866626266,3,74
2020-03-26,8653.55,8671.1,8643.05,8643.55,15:25:00,8624.070926947574,3,75
2020-03-27,8971.75,9026.85,8918.8,8918.8,09:15:00,8657.183219619234,4,1
2020-03-27,8952.7,8977.5,8909.55,8972.4,09:20:00,8685.327674893593,4,2
2020-03-27,8982.85,8987.5,8949.1,8953.25,09:25:00,8713.663134427537,4,3
2020-03-27,9022.0,9038.9,8982.8,8982.8,09:30:00,8743.028550196343,4,4
2020-03-27,9025.6,9027.95,8994.65,9023.6,09:35:00,8769.940116844311,4,5
2020-03-27,8962.25,9030.8,8959.85,9025.3,09:40:00,8788.25534381152,4,6
2020-03-27,8985.55,8997.55,8959.55,8959.55,09:45:00,8807.045311067564,4,7
2020-03-27,8975.85,8996.65,8966.35,8986.65,09:50:00,8823.121948108748,4,8
2020-03-27,8947.55,8990.3,8939.45,8975.35,09:55:00,8834.972238765058,4,9
2020-03-27,8928.05,8966.05,8914.5,8946.6,10:00:00,8843.8367874541,4,10
2020-03-27,8983.45,9024.2,8866.15,8923.55,10:05:00,8857.133283887044,4,11
2020-03-27,8821.4,8996.8,8806.0,8983.8,10:10:00,8853.730113993039,4,12
2020-03-27,8847.25,8870.95,8770.8,8817.05,10:15:00,8853.112960279415,4,13
2020-03-27,8892.75,8919.6,8812.15,8849.65,10:20:00,8856.88791644328,4,14
2020-03-27,8840.2,8913.8,8839.85,8882.7,10:25:00,8855.298591067729,4,15
2020-03-27,8788.85,8858.15,8782.75,8838.8,10:30:00,8848.970153823184,4,16
2020-03-27,8828.3,8843.75,8790.45,8791.3,10:35:00,8847.001567744785,4,17
2020-03-27,8771.85,8844.9,8753.25,8831.9,10:40:00,8839.844275578615,4,18
2020-03-27,8763.7,8798.4,8728.95,8772.4,10:45:00,8832.592439809223,4,19
2020-03-27,8715.65,8776.8,8715.65,8766.3,10:50:00,8821.455064589296,4,20
2020-03-27,8625.15,8736.65,8625.15,8717.4,10:55:00,8802.75934415222,4,21
2020-03-27,8712.6,8731.8,8626.5,8627.65,11:00:00,8794.172739947247,4,22
2020-03-27,8638.75,8718.55,8638.75,8712.25,11:05:00,8779.370574237986,4,23
2020-03-27,8569.35,8646.0,8567.45,8638.85,11:10:00,8759.368614786748,4,24
2020-03-27,8556.25,8601.4,8537.9,8569.2,11:15:00,8740.023984807058,4,25
2020-03-27,8579.7,8614.95,8551.8,8554.7,11:20:00,8724.755033873053,4,26
2020-03-27,8621.65,8691.65,8566.85,8582.55,11:25:00,8714.935506837524,4,27
2020-03-27,8663.45,8674.65,8618.2,8619.25,11:30:00,8710.03212523395,4,28
2020-03-27,8643.5,8667.1,8621.15,8662.75,11:35:00,8703.695732354527,4,29
2020-03-27,8650.95,8663.05,8635.8,8646.05,11:40:00,8698.672329273144,4,30
2020-03-27,8605.75,8662.95,8598.2,8651.0,11:45:00,8689.822583628084,4,31
2020-03-27,8654.0,8659.0,8606.45,8606.8,11:50:00,8686.410908996837,4,32
2020-03-27,8714.25,8720.1,8640.7,8654.55,11:55:00,8689.062250997138,4,33
2020-03-27,8714.9,8751.85,8696.1,8715.75,12:00:00,8691.52298899741,4,34
2020-03-27,8693.15,8717.35,8669.6,8714.05,12:05:00,8691.67794242623,4,35
2020-03-27,8687.95,8725.1,8687.95,8694.5,12:10:00,8691.322900290397,4,36
2020-03-27,8683.35,8684.55,8655.35,8683.65,12:15:00,8690.563576453216,4,37
2020-03-27,8676.15,8711.8,8673.05,8684.65,12:20:00,8689.190854886243,4,38
2020-03-27,8685.25,8708.2,8676.9,8676.9,12:25:00,8688.815535373267,4,39
2020-03-27,8657.1,8701.05,8649.85,8686.0,12:30:00,8685.79500819486,4,40
2020-03-27,8653.6,8678.3,8644.3,8657.75,12:35:00,8682.728816938206,4,41
2020-03-27,8635.4,8677.95,8634.4,8654.25,12:40:00,8678.221310563138,4,42
2020-03-27,8621.85,8656.4,8620.85,8635.05,12:45:00,8672.852614319028,4,43
2020-03-27,8620.1,8652.2,8613.85,8622.95,12:50:00,8667.828555812453,4,44
2020-03-27,8624.45,8640.9,8613.3,8620.0,12:55:00,8663.697264782695,4,45
2020-03-27,8608.65,8633.65,8599.55,8625.1,13:00:00,8658.454668136725,4,46
2020-03-27,8575.1,8620.4,8568.45,8618.55,13:05:00,8650.516128314179,4,47
2020-03-27,8593.65,8618.7,8568.4,8573.25,13:10:00,8645.100306569972,4,48
2020-03-27,8579.15,8606.9,8574.0,8591.8,13:15:00,8638.819324991879,4,49
2020-03-27,8541.65,8583.55,8541.65,8581.85,13:20:00,8629.56510356408,4,50
2020-03-27,8563.55,8589.65,8522.9,8542.95,13:25:00,8623.277950843692,4,51
2020-03-27,8583.6,8585.05,8545.4,8567.0,13:30:00,8619.499098382388,4,52
2020-03-27,8627.5,8652.8,8581.7,8583.9,13:35:00,8620.261089012636,4,53
2020-03-27,8671.45,8692.05,8625.8,8628.4,13:40:00,8625.136223392385,4,54
2020-03-27,8700.65,8705.2,8641.85,8672.5,13:45:00,8632.32801164073,4,55
2020-03-27,8703.8,8715.65,8675.15,8694.55,13:50:00,8639.134867674946,4,56
2020-03-27,8708.75,8714.15,8664.65,8703.5,13:55:00,8645.764880277333,4,57
2020-03-27,8727.6,8727.6,8688.55,8709.4,14:00:00,8653.558701203301,4,58
2020-03-27,8734.9,8734.9,8700.3,8728.55,14:05:00,8661.305491564892,4,59
2020-03-27,8757.85,8759.4,8724.45,8735.75,14:10:00,8670.50020665395,4,60
2020-03-27,8791.35,8805.85,8759.55,8759.55,14:15:00,8682.009710782144,4,61
2020-03-27,8774.1,8809.9,8751.1,8793.65,14:20:00,8690.780214517177,4,62
2020-03-27,8837.95,8837.95,8772.55,8775.0,14:25:00,8704.79638456316,4,63
2020-03-27,8713.75,8840.0,8704.35,8838.6,14:30:00,8705.64910984286,4,64
2020-03-27,8697.6,8723.95,8674.2,8714.15,14:35:00,8704.882527953063,4,65
2020-03-27,8669.45,8725.9,8668.0,8696.2,14:40:00,8701.508001481343,4,66
2020-03-27,8652.65,8688.25,8647.2,8668.3,14:45:00,8696.854858483119,4,67
2020-03-27,8644.55,8674.1,8644.25,8652.5,14:50:00,8691.873443389488,4,68
2020-03-27,8667.65,8704.45,8642.95,8644.3,14:55:00,8689.566448780964,4,69
2020-03-27,8621.8,8667.6,8611.85,8667.6,15:00:00,8683.112501278016,4,70
2020-03-27,8651.6,8653.45,8617.1,8622.7,15:05:00,8680.11131068011,4,71
2020-03-27,8663.45,8671.75,8638.0,8652.95,15:10:00,8678.524519186765,4,72
2020-03-27,8691.35,8694.15,8665.2,8665.2,15:15:00,8679.745993549932,4,73
2020-03-27,8684.85,8696.65,8665.15,8692.05,15:20:00,8680.23208940232,4,74
2020-03-27,8674.4,8688.15,8668.7,8688.15,15:25:00,8679.676652316384,4,75
2020-03-30,8433.3,8433.3,8333.6,8383.45,09:15:00,8656.212209238633,0,1
2020-03-30,8425.25,8466.95,8402.9,8449.5,09:20:00,8634.215808358764,0,2
2020-03-30,8399.15,8438.55,8379.3,8426.95,09:25:00,8611.828588515073,0,3
2020-03-30,8480.3,8482.85,8378.95,8401.4,09:30:00,8599.302056275543,0,4
2020-03-30,8499.75,8509.1,8440.25,8476.8,09:35:00,8589.820908058824,0,5
2020-03-30,8500.1,8534.45,8492.15,8500.4,09:40:00,8581.27605967227,0,6
2020-03-30,8501.35,8531.65,8483.55,8500.85,09:45:00,8573.664053989196,0,7
2020-03-30,8515.2,8518.85,8478.15,8501.7,09:50:00,8568.096048847368,0,8
2020-03-30,8521.45,8544.05,8498.95,8518.65,09:55:00,8563.653568004762,0,9
2020-03-30,8532.0,8548.75,8511.65,8520.75,10:00:00,8560.638942480498,0,10
2020-03-30,8487.45,8533.6,8481.15,8531.85,10:05:00,8553.668567006165,0,11
2020-03-30,8479.35,8507.3,8463.65,8487.0,10:10:00,8546.590608243672,0,12
2020-03-30,8474.9,8480.25,8448.75,8479.05,10:15:00,8539.762931268084,0,13
2020-03-30,8510.45,8514.45,8474.2,8474.2,10:20:00,8536.971223528266,0,14
2020-03-30,8517.7,8530.65,8499.3,8509.8,10:25:00,8535.135868906527,0,15
2020-03-30,8526.4,8552.4,8517.6,8517.6,10:30:00,8534.30388139162,0,16
2020-03-30,8562.5,8562.5,8510.4,8526.0,10:35:00,8536.989226020989,0,17
2020-03-30,8554.05,8568.35,8539.5,8565.05,10:40:00,8538.614061638038,0,18
2020-03-30,8550.2,8576.0,8546.0,8553.5,10:45:00,8539.717484339177,0,19
2020-03-30,8553.75,8570.55,8527.7,8550.35,10:50:00,8541.053914402113,0,20
2020-03-30,8555.2,8558.2,8534.05,8553.55,10:55:00,8542.401160649531,0,21
2020-03-30,8540.8,8560.3,8534.9,8554.3,11:00:00,8542.2486691591,0,22
2020-03-30,8504.0,8545.95,8501.45,8540.45,11:05:00,8538.605938762996,0,23
2020-03-30,8516.05,8520.05,8502.3,8504.15,11:10:00,8536.457754118901,0,24
2020-03-30,8519.6,8532.45,8513.35,8516.2,11:15:00,8534.852253726625,0,25
2020-03-30,8497.4,8519.6,8485.85,8519.5,11:20:00,8531.285372419328,0,26
2020-03-30,8485.65,8500.8,8476.6,8495.75,11:25:00,8526.93914647463,0,27
2020-03-30,8474.6,8486.85,8469.15,8484.75,11:30:00,8521.954465857998,0,28
2020-03-30,8458.95,8475.55,8457.0,8475.1,11:35:00,8515.954040538189,0,29
2020-03-30,8477.8,8496.7,8458.85,8458.85,11:40:00,8512.320322391695,0,30
2020-03-30,8503.65,8508.8,8479.35,8479.65,11:45:00,8511.494577402009,0,31
2020-03-30,8487.65,8505.8,8487.65,8502.95,11:50:00,8509.223665268484,0,32
2020-03-30,8462.3,8484.7,8448.15,8484.4,11:55:00,8504.754744766724,0,33
2020-03-30,8427.9,8465.35,8427.9,8461.85,12:00:00,8497.435245265131,0,34
2020-03-30,8425.55,8435.8,8421.65,8427.95,12:05:00,8490.589031430356,0,35
2020-03-30,8435.35,8440.05,8417.7,8423.9,12:10:00,8485.328171294132,0,36
2020-03-30,8451.65,8456.95,8426.65,8434.65,12:15:00,8482.120726408975,0,37
2020-03-30,8448.7,8467.45,8440.7,8451.45,12:20:00,8478.937800084312,0,38
2020-03-30,8443.25,8452.75,8434.1,8450.45,12:25:00,8475.538961981043,0,39
2020-03-30,8434.3,8446.4,8425.65,8443.6,12:30:00,8471.611441792373,0,40
2020-03-30,8426.9,8433.95,8420.35,8433.95,12:35:00,8467.353209240719,0,41
2020-03-30,8420.65,8439.6,8409.65,8427.6,12:40:00,8462.905284551127,0,42
2020-03-30,8399.8,8420.75,8399.8,8419.9,12:45:00,8456.895257451019,0,43
2020-03-30,8424.2,8431.25,8398.85,8399.45,12:50:00,8453.781423408063,0,44
2020-03-30,8424.9,8428.55,8407.2,8423.3,12:55:00,8451.030811654915,0,45
2020-03-30,8391.85,8425.15,8389.4,8423.75,13:00:00,8445.394543878256,0,46
2020-03-30,8378.35,8398.65,8369.4,8393.45,13:05:00,8439.009349223183,0,47
2020-03-30,8391.8,8392.2,8373.8,8381.15,13:10:00,8434.513220725737,0,48
2020-03-30,8398.3,8408.45,8389.7,8391.1,13:15:00,8431.064342561382,0,49
2020-03-30,8393.1,8402.25,8381.5,8397.9,13:20:00,8427.448690888868,0,50
2020-03-30,8381.4,8394.6,8371.15,8393.4,13:25:00,8423.063101280404,0,51
2020-03-30,8408.2,8408.9,8380.6,8382.5,13:30:00,8421.647567825128,0,52
2020-03-30,8414.75,8424.75,8398.4,8407.95,13:35:00,8420.990656603688,0,53
2020-03-30,8412.6,8424.9,8407.95,8414.6,13:40:00,8420.191546450957,0,54
2020-03-30,8400.1,8413.4,8393.85,8413.4,13:45:00,8418.278065836581,0,55
2020-03-30,8360.65,8400.45,8356.15,8399.85,13:50:00,8412.789678614048,0,56
2020-03-30,8364.45,8374.65,8357.95,8361.75,13:55:00,8408.185899698425,0,57
2020-03-30,8386.6,8389.75,8351.0,8363.6,14:00:00,8406.130099727146,0,58
2020-03-30,8374.4,8406.4,8363.35,8387.4,14:05:00,8403.108185467418,0,59
2020-03-30,8398.85,8402.5,8373.25,8373.25,14:10:00,8402.702643994331,0,60
2020-03-30,8390.65,8401.55,8380.05,8399.4,14:15:00,8401.554773137728,0,61
2020-03-30,8377.05,8391.7,8365.9,8390.95,14:20:00,8399.220985219848,0,62
2020-03-30,8375.05,8383.45,8368.1,8376.45,14:25:00,8396.918986627481,0,63
2020-03-30,8355.1,8395.7,8352.75,8375.4,14:30:00,8392.936225996293,0,64
2020-03-30,8360.85,8366.95,8340.75,8353.8,14:35:00,8389.880394949027,0,65
2020-03-30,8319.5,8359.35,8317.75,8359.35,14:40:00,8383.177500191976,0,66
2020-03-30,8252.1,8321.8,8252.1,8321.45,14:45:00,8370.69392874512,0,67
2020-03-30,8274.55,8284.05,8249.3,8251.0,14:50:00,8361.537364102727,0,68
2020-03-30,8280.95,8284.7,8254.95,8274.3,14:55:00,8353.862377045325,0,69
2020-03-30,8263.05,8279.65,8244.0,8279.45,15:00:00,8345.213579231484,0,70
2020-03-30,8297.05,8308.3,8251.65,8263.4,15:05:00,8340.626571685629,0,71
2020-03-30,8305.6,8305.6,8280.15,8298.3,15:10:00,8337.290707715569,0,72
2020-03-30,8272.45,8308.2,8268.05,8308.2,15:15:00,8331.115402218848,0,73
2020-03-30,8282.95,8287.35,8259.75,8276.85,15:20:00,8326.528221055147,0,74
2020-03-30,8289.35,8294.2,8280.5,8285.2,15:25:00,8322.987438097514,0,75
2020-03-31,8447.65,8511.2,8417.9,8511.2,09:15:00,8334.860063040609,1,1
2020-03-31,8440.25,8455.45,8418.65,8446.7,09:20:00,8344.897199893885,1,2
2020-03-31,8385.55,8440.0,8368.95,8440.0,09:25:00,8348.768895142086,1,3
2020-03-31,8363.4,8394.85,8358.0,8384.25,09:30:00,8350.162333699984,1,4
2020-03-31,8388.55,8396.1,8362.65,8362.65,09:35:00,8353.818301919033,1,5
2020-03-31,8437.0,8439.6,8387.65,8387.9,09:40:00,8361.740368402934,1,6
2020-03-31,8438.05,8460.4,8436.85,8437.35,09:45:00,8369.007952364558,1,7
2020-03-31,8464.55,8464.55,8418.2,8438.6,09:50:00,8378.107194996504,1,8
2020-03-31,8445.0,8476.8,8432.3,8465.25,09:55:00,8384.47793833017,1,9
2020-03-31,8429.95,8446.35,8405.55,8446.05,10:00:00,8388.808610870154,1,10
2020-03-31,8422.75,8437.5,8419.55,8431.1,10:05:00,8392.041124120615,1,11
2020-03-31,8426.9,8434.55,8410.5,8422.2,10:10:00,8395.361017061508,1,12
2020-03-31,8464.75,8466.1,8427.95,8429.05,10:15:00,8401.969491627078,1,13
2020-03-31,8478.55,8489.15,8443.6,8463.75,10:20:00,8409.26287337688,1,14
2020-03-31,8473.0,8489.1,8468.05,8479.3,10:25:00,8415.333075912415,1,15
2020-03-31,8499.85,8508.25,8473.1,8473.4,10:30:00,8423.3823067779,1,16
2020-03-31,8506.2,8510.95,8492.45,8500.45,10:35:00,8431.269706132385,1,17
2020-03-31,8486.25,8512.75,8477.95,8505.3,10:40:00,8436.505924595967,1,18
2020-03-31,8467.15,8491.4,8455.5,8487.65,10:45:00,8439.424407967781,1,19
2020-03-31,8469.85,8483.85,8467.25,8468.4,10:50:00,8442.322083399422,1,20
2020-03-31,8481.95,8486.9,8462.05,8468.6,10:55:00,8446.096170694715,1,21
2020-03-31,8469.6,8483.95,8457.85,8482.8,11:00:00,8448.334630628551,1,22
2020-03-31,8442.45,8473.15,8439.35,8469.5,11:05:00,8447.774189616308,1,23
2020-03-31,8454.5,8459.35,8432.45,8441.25,11:10:00,8448.414742986184,1,24
2020-03-31,8469.2,8483.75,8453.2,8453.2,11:15:00,8450.394291273215,1,25
2020-03-31,8478.85,8493.3,8469.3,8470.4,11:20:00,8453.104358771005,1,26
2020-03-31,8502.65,8505.5,8479.6,8479.8,11:25:00,8457.822991269004,1,27
2020-03-31,8490.8,8506.2,8489.6,8502.55,11:30:00,8460.963658767194,1,28
2020-03-31,8500.05,8501.1,8488.6,8491.1,11:35:00,8464.686167456033,1,29
2020-03-31,8528.0,8537.45,8498.45,8499.15,11:40:00,8470.716056269745,1,30
2020-03-31,8539.65,8548.4,8519.95,8528.85,11:45:00,8477.281193767863,1,31
2020-03-31,8539.35,8544.95,8523.2,8540.0,11:50:00,8483.192508647115,1,32
2020-03-31,8547.8,8550.95,8532.3,8538.05,11:55:00,8489.345603061676,1,33
2020-03-31,8546.65,8566.7,8543.9,8547.5,12:00:00,8494.80316467485,1,34
2020-03-31,8555.6,8558.85,8537.05,8546.9,12:05:00,8500.593339467721,1,35
2020-03-31,8568.15,8574.85,8554.25,8556.45,12:10:00,8507.027307137463,1,36
2020-03-31,8582.7,8596.6,8561.55,8567.85,12:15:00,8514.23423026723,1,37
2020-03-31,8557.8,8591.7,8557.8,8582.75,12:20:00,8518.38335119416,1,38
2020-03-31,8556.7,8573.15,8551.65,8557.2,12:25:00,8522.032555842334,1,39
2020-03-31,8562.5,8573.9,8556.65,8556.65,12:30:00,8525.886598143064,1,40
2020-03-31,8577.8,8590.95,8564.3,8564.3,12:35:00,8530.830731653248,1,41
2020-03-31,8577.35,8596.65,8573.75,8579.25,12:40:00,8535.261138162463,1,42
2020-03-31,8595.1,8604.05,8577.6,8577.6,12:45:00,8540.960077385085,1,43
2020-03-31,8579.3,8599.5,8572.85,8595.05,12:50:00,8544.611498586506,1,44
2020-03-31,8582.4,8592.55,8572.55,8578.95,12:55:00,8548.210403483028,1,45
2020-03-31,8570.55,8586.7,8570.55,8582.1,13:00:00,8550.337984103691,1,46
2020-03-31,8548.4,8574.35,8544.55,8569.75,13:05:00,8550.153414189055,1,47
2020-03-31,8549.1,8558.9,8537.9,8548.75,13:10:00,8550.053089028193,1,48
2020-03-31,8566.05,8568.35,8543.5,8549.45,13:15:00,8551.576604358841,1,49
2020-03-31,8562.75,8575.55,8556.9,8566.3,13:20:00,8552.640737277046,1,50
2020-03-31,8570.45,8571.3,8554.95,8562.3,13:25:00,8554.336857536375,1,51
2020-03-31,8556.05,8577.1,8555.25,8569.8,13:30:00,8554.500013961482,1,52
2020-03-31,8573.8,8575.1,8543.55,8556.2,13:35:00,8556.338107869913,1,53
2020-03-31,8561.5,8573.65,8554.1,8573.65,13:40:00,8556.829716644206,1,54
2020-03-31,8570.85,8576.25,8556.4,8560.9,13:45:00,8558.164981725711,1,55
2020-03-31,8596.25,8622.5,8570.35,8570.5,13:50:00,8561.792126323264,1,56
2020-03-31,8610.2,8615.05,8586.7,8596.7,13:55:00,8566.402400006762,1,57
2020-03-31,8621.85,8634.5,8610.9,8610.9,14:00:00,8571.683123815641,1,58
2020-03-31,8615.1,8639.55,8610.25,8622.95,14:05:00,8575.818064404628,1,59
2020-03-31,8606.0,8629.3,8602.95,8616.65,14:10:00,8578.69253446133,1,60
2020-03-31,8598.2,8617.9,8588.05,8606.8,14:15:00,8580.550388322155,1,61
2020-03-31,8613.3,8613.7,8591.0,8597.95,14:20:00,8583.66939895814,1,62
2020-03-31,8636.2,8639.6,8607.65,8613.25,14:25:00,8588.672313343079,1,63
2020-03-31,8660.85,8660.85,8634.45,8634.45,14:30:00,8595.546378738976,1,64
2020-03-31,8642.25,8678.3,8642.0,8661.4,14:35:00,8599.994342668599,1,65
2020-03-31,8652.2,8665.7,8637.9,8641.6,14:40:00,8604.966310033495,1,66
2020-03-31,8649.75,8665.7,8645.6,8653.15,14:45:00,8609.231423363639,1,67
2020-03-31,8663.3,8667.05,8638.1,8649.7,14:50:00,8614.380811614721,1,68
2020-03-31,8635.65,8664.65,8634.15,8663.9,14:55:00,8616.406448603795,1,69
2020-03-31,8622.9,8646.4,8618.15,8635.5,15:00:00,8617.0248820701,1,70
2020-03-31,8598.25,8622.75,8597.0,8622.75,15:05:00,8615.236798063423,1,71
2020-03-31,8602.25,8614.8,8589.95,8598.15,15:10:00,8613.999960152621,1,72
2020-03-31,8585.1,8602.0,8571.9,8602.0,15:15:00,8611.24758299523,1,73
2020-03-31,8577.95,8587.25,8568.0,8585.4,15:20:00,8608.076384614731,1,74
2020-03-31,8557.0,8577.85,8551.75,8577.7,15:25:00,8603.211967032375,1,75
2020-04-01,8508.15,8578.1,8485.2,8574.1,09:15:00,8594.158446362626,2,1
2020-04-01,8490.3,8509.35,8476.85,8509.35,09:20:00,8584.26716575666,2,2
2020-04-01,8473.05,8492.9,8459.95,8492.05,09:25:00,8573.675054732217,2,3
2020-04-01,8442.4,8473.25,8436.05,8472.95,09:30:00,8561.172668567244,2,4
2020-04-01,8445.45,8455.85,8422.45,8440.6,09:35:00,8550.15146203703,2,5
2020-04-01,8414.0,8447.7,8413.15,8445.65,09:40:00,8537.184656128742,2,6
2020-04-01,8389.6,8417.75,8383.9,8412.25,09:45:00,8523.128974592672,2,7
2020-04-01,8362.9,8401.15,8357.6,8389.1,09:50:00,8507.869072250513,2,8
2020-04-01,8401.95,8408.3,8361.15,8363.5,09:55:00,8497.781541559987,2,9
2020-04-01,8399.35,8403.05,8380.65,8402.05,10:00:00,8488.407109030464,2,10
2020-04-01,8380.65,8420.7,8380.65,8399.5,10:05:00,8478.144527218039,2,11
2020-04-01,8383.05,8391.75,8367.05,8380.05,10:10:00,8469.087905578224,2,12
2020-04-01,8395.4,8397.65,8373.85,8383.2,10:15:00,8462.07000980887,2,13
2020-04-01,8384.1,8400.9,8380.95,8395.55,10:20:00,8454.644294588976,2,14
2020-04-01,8377.95,8395.0,8372.65,8383.8,10:25:00,8447.340076056693,2,15
2020-04-01,8383.0,8388.35,8373.35,8378.3,10:30:00,8441.212449765579,2,16
2020-04-01,8349.1,8389.1,8349.1,8382.95,10:35:00,8432.43983550219,2,17
2020-04-01,8343.65,8359.7,8330.15,8345.2,10:40:00,8423.983660692458,2,18
2020-04-01,8340.6,8343.55,8326.6,8343.25,10:45:00,8416.04235967413,2,19
2020-04-01,8314.0,8343.15,8308.85,8340.4,10:50:00,8406.324039705165,2,20
2020-04-01,8297.1,8322.7,8295.8,8314.65,10:55:00,8395.921750209436,2,21
2020-04-01,8294.05,8305.35,8276.25,8296.35,11:00:00,8386.21967876092,2,22
2020-04-01,8288.2,8312.55,8287.65,8293.55,11:05:00,8376.884471259878,2,23
2020-04-01,8274.2,8297.0,8269.15,8287.2,11:10:00,8367.104997806557,2,24
2020-04-01,8282.95,8297.7,8272.1,8274.35,11:15:00,8359.090236110695,2,25
2020-04-01,8301.5,8306.05,8282.7,8282.9,11:20:00,8353.605451719199,2,26
2020-04-01,8309.75,8317.95,8299.4,8300.8,11:25:00,8349.428742031656,2,27
2020-04-01,8293.75,8309.55,8293.55,8309.5,11:30:00,8344.126004695307,2,28
2020-04-01,8293.7,8295.3,8287.65,8293.8,11:35:00,8339.32352805766,2,29
2020-04-01,8302.85,8310.4,8291.7,8293.65,11:40:00,8335.849858718833,2,30
2020-04-01,8293.45,8309.1,8291.55,8303.5,11:45:00,8331.811776936087,2,31
2020-04-01,8289.55,8301.3,8282.15,8293.7,11:50:00,8327.786845799317,2,32
2020-04-01,8295.7,8296.35,8276.35,8289.85,11:55:00,8324.730955723193,2,33
2020-04-01,8284.1,8297.0,8280.55,8295.3,12:00:00,8320.861340892412,2,34
2020-04-01,8291.25,8301.95,8283.0,8284.25,12:05:00,8318.041213188373,2,35
2020-04-01,8302.35,8302.8,8281.2,8290.2,12:10:00,8316.546811932338,2,36
2020-04-01,8322.9,8329.3,8293.75,8302.0,12:15:00,8317.151877462591,2,37
2020-04-01,8304.95,8329.8,8304.95,8324.2,12:20:00,8315.989793894725,2,38
2020-04-01,8312.7,8316.45,8303.35,8303.95,12:25:00,8315.676480190465,2,39
2020-04-01,8304.45,8314.3,8294.7,8313.7,12:30:00,8314.607291600896,2,40
2020-04-01,8309.95,8312.75,8300.7,8303.55,12:35:00,8314.163740019858,2,41
2020-04-01,8323.0,8328.0,8311.35,8311.6,12:40:00,8315.005288589395,2,42
2020-04-01,8315.3,8327.5,8312.2,8322.5,12:45:00,8315.033356342785,2,43
2020-04-01,8289.55,8321.2,8284.45,8316.75,12:50:00,8312.606370024425,2,44
2020-04-01,8279.7,8290.6,8273.1,8290.2,12:55:00,8309.472430022099,2,45
2020-04-01,8261.85,8278.7,8261.35,8278.7,13:00:00,8304.936960496185,2,46
2020-04-01,8270.75,8275.65,8250.65,8261.05,13:05:00,8301.681059496548,2,47
2020-04-01,8265.4,8276.7,8260.75,8270.2,13:10:00,8298.225720496877,2,48
2020-04-01,8247.9,8272.6,8245.7,8266.5,13:15:00,8293.43279473527,2,49
2020-04-01,8257.95,8262.6,8247.65,8247.75,13:20:00,8290.053480950959,2,50
2020-04-01,8260.75,8265.9,8246.4,8258.05,13:25:00,8287.262673241343,2,51
2020-04-01,8245.6,8263.25,8245.6,8260.6,13:30:00,8283.29479959931,2,52
2020-04-01,8239.9,8245.85,8230.3,8245.55,13:35:00,8279.161961542233,2,53
2020-04-01,8253.0,8259.75,8236.0,8239.75,13:40:00,8276.670346157258,2,54
2020-04-01,8247.4,8253.15,8239.75,8253.15,13:45:00,8273.882694142281,2,55
2020-04-01,8242.15,8246.95,8228.3,8246.95,13:50:00,8270.860532795397,2,56
2020-04-01,8219.7,8243.1,8216.8,8242.65,13:55:00,8265.988101100598,2,57
2020-04-01,8216.85,8222.25,8203.7,8219.6,14:00:00,8261.30828194816,2,58
2020-04-01,8201.5,8218.05,8198.35,8215.4,14:05:00,8255.612255095955,2,59
2020-04-01,8222.6,8224.15,8200.95,8200.95,14:10:00,8252.468230801102,2,60
2020-04-01,8236.8,8240.4,8219.85,8219.85,14:15:00,8250.976018343854,2,61
2020-04-01,8234.5,8252.5,8231.1,8235.55,14:20:00,8249.406873739677,2,62
2020-04-01,8230.05,8241.45,8219.2,8233.7,14:25:00,8247.563361954946,2,63
2020-04-01,8216.9,8239.0,8213.15,8229.8,14:30:00,8244.64304176876,2,64
2020-04-01,8228.3,8234.2,8213.2,8216.95,14:35:00,8243.086561600307,2,65
2020-04-01,8234.05,8245.1,8227.8,8228.0,14:40:00,8242.22593668599,2,66
2020-04-01,8222.5,8233.9,8215.3,8233.65,14:45:00,8240.34727604923,2,67
2020-04-01,8223.75,8227.25,8211.8,8220.8,14:50:00,8238.76658309216,2,68
2020-04-01,8252.1,8257.25,8217.0,8223.9,14:55:00,8240.036432321478,2,69
2020-04-01,8252.55,8275.9,8239.25,8253.2,15:00:00,8241.228200671814,2,70
2020-04-01,8250.65,8256.35,8241.4,8252.8,15:05:00,8242.125514893547,2,71
2020-04-01,8252.05,8257.85,8243.95,8250.7,15:10:00,8243.070703951304,2,72
2020-04-01,8254.1,8262.15,8251.35,8252.4,15:15:00,8244.121113098798,2,73
2020-04-01,8254.65,8258.45,8250.65,8254.3,15:20:00,8245.123864232246,2,74
2020-04-01,8263.6,8263.6,8252.55,8254.85,15:25:00,8246.883496210128,2,75
2020-04-03,8164.35,8341.1,8147.95,8341.1,09:15:00,8239.023163237734,4,1
2020-04-03,8147.7,8175.35,8125.5,8165.15,09:20:00,8230.325719119855,4,2
2020-04-03,8161.95,8190.05,8143.65,8146.0,09:25:00,8223.813745870346,4,3
2020-04-03,8143.6,8165.45,8140.15,8162.95,09:30:00,8216.17434150174,4,4
2020-04-03,8126.85,8149.45,8118.4,8143.4,09:35:00,8207.667261358718,4,5
2020-04-03,8151.75,8158.4,8127.0,8127.3,09:40:00,8202.341807895982,4,6
2020-04-03,8198.15,8200.25,8150.05,8152.4,09:45:00,8201.942588096364,4,7
2020-04-03,8186.6,8227.4,8174.3,8200.6,09:50:00,8200.481389230044,4,8
2020-04-03,8159.75,8189.2,8147.25,8186.35,09:55:00,8196.602209303373,4,9
2020-04-03,8139.3,8158.95,8130.1,8156.95,10:00:00,8191.144856036386,4,10
2020-04-03,8146.0,8154.85,8133.2,8139.95,10:05:00,8186.845345937682,4,11
2020-04-03,8176.6,8180.3,8145.55,8146.05,10:10:00,8185.869598705523,4,12
2020-04-03,8166.95,8193.35,8164.85,8176.55,10:15:00,8184.06773216214,4,13
2020-04-03,8149.1,8166.8,8148.15,8166.2,10:20:00,8180.737471956222,4,14
2020-04-03,8161.0,8168.25,8145.3,8149.5,10:25:00,8178.857712722296,4,15
2020-04-03,8149.2,8162.9,8147.15,8160.55,10:30:00,8176.033168653506,4,16
2020-04-03,8126.2,8150.45,8122.15,8149.5,10:35:00,8171.287152591268,4,17
2020-04-03,8125.35,8147.5,8124.65,8126.1,10:40:00,8166.912185677815,4,18
2020-04-03,8115.8,8126.25,8110.05,8125.95,10:45:00,8162.0443584704035,4,19
2020-04-03,8114.0,8122.45,8107.5,8115.25,10:50:00,8157.468705282746,4,20
2020-04-03,8096.95,8114.45,8096.95,8113.95,10:55:00,8151.705019065341,4,21
2020-04-03,8119.6,8119.8,8096.9,8099.0,11:00:00,8148.647398201975,4,22
2020-04-03,8115.3,8130.35,8112.75,8119.45,11:05:00,8145.471455516073,4,23
2020-04-03,8127.5,8141.45,8107.0,8115.85,11:10:00,8143.759888324066,4,24
2020-04-03,8156.6,8163.0,8126.45,8127.35,11:15:00,8144.982756102727,4,25
2020-04-03,8141.7,8160.15,8137.3,8156.25,11:20:00,8144.670112664372,4,26
2020-04-03,8143.05,8149.8,8133.9,8142.1,11:25:00,8144.515816220146,4,27
2020-04-03,8136.3,8144.7,8125.85,8143.65,11:30:00,8143.733357532513,4,28
2020-04-03,8127.6,8142.6,8120.25,8136.5,11:35:00,8142.196847291321,4,29
2020-04-03,8131.8,8146.55,8123.95,8127.3,11:40:00,8141.206671358815,4,30
2020-04-03,8120.5,8141.5,8115.75,8132.35,11:45:00,8139.234607419879,4,31
2020-04-03,8115.5,8125.45,8113.65,8122.05,11:50:00,8136.974168617986,4,32
2020-04-03,8124.2,8131.1,8116.2,8116.75,11:55:00,8135.757581130559,4,33
2020-04-03,8137.65,8139.15,8123.15,8123.9,12:00:00,8135.937811499077,4,34
2020-04-03,8137.25,8152.7,8134.2,8137.85,12:05:00,8136.062781832498,4,35
2020-04-03,8132.5,8142.45,8129.25,8137.4,12:10:00,8135.723469277022,4,36
2020-04-03,8145.75,8155.0,8131.7,8132.65,12:15:00,8136.678376964925,4,37
2020-04-03,8144.65,8161.8,8144.65,8145.7,12:20:00,8137.437579158742,4,38
2020-04-03,8129.2,8151.85,8127.6,8145.1,12:25:00,8136.6530478102895,4,39
2020-04-03,8122.1,8130.15,8111.4,8129.7,12:30:00,8135.267043256928,4,40
2020-04-03,8125.15,8132.6,8116.2,8122.15,12:35:00,8134.303515327697,4,41
2020-04-03,8130.9,8138.45,8118.45,8124.65,12:40:00,8133.979371010773,4,42
2020-04-03,8116.9,8130.75,8112.95,8130.75,12:45:00,8132.352764247842,4,43
2020-04-03,8116.1,8126.65,8102.45,8117.35,12:50:00,8130.804881938523,4,44
2020-04-03,8124.15,8128.85,8114.9,8116.0,12:55:00,8130.171083658664,4,45
2020-04-03,8142.25,8143.85,8121.8,8124.0,13:00:00,8131.321456643554,4,46
2020-04-03,8141.5,8151.55,8135.35,8141.8,13:05:00,8132.29084172512,4,47
2020-04-03,8147.75,8159.65,8141.1,8141.1,13:10:00,8133.763142513204,4,48
2020-04-03,8141.65,8149.7,8136.95,8148.5,13:15:00,8134.5142717976605,4,49
2020-04-03,8141.2,8151.75,8139.7,8141.4,13:20:00,8135.151007816931,4,50
2020-04-03,8144.65,8149.3,8129.55,8140.7,13:25:00,8136.055673739128,4,51
2020-04-03,8149.7,8154.45,8141.4,8145.25,13:30:00,8137.35513338302,4,52
2020-04-03,8205.85,8217.1,8150.95,8151.1,13:35:00,8143.878454013208,4,53
2020-04-03,8196.9,8221.9,8193.55,8205.25,13:40:00,8148.928125059569,4,54
2020-04-03,8184.65,8203.9,8181.3,8197.25,13:45:00,8152.330208387229,4,55
2020-04-03,8155.0,8193.6,8154.95,8184.85,13:50:00,8152.584474255112,4,56
2020-04-03,8142.55,8156.45,8134.9,8156.45,13:55:00,8151.62881004034,4,57
2020-04-03,8126.65,8148.45,8118.5,8141.7,14:00:00,8149.249875750784,4,58
2020-04-03,8107.3,8136.25,8107.1,8125.95,14:05:00,8145.254649488805,4,59
2020-04-03,8090.15,8113.6,8067.4,8107.4,14:10:00,8140.006587632728,4,60
2020-04-03,8082.7,8090.8,8065.6,8089.85,14:15:00,8134.548817381991,4,61
2020-04-03,8080.35,8089.9,8074.15,8083.2,14:20:00,8129.387025250373,4,62
2020-04-03,8087.25,8097.25,8078.15,8082.2,14:25:00,8125.373975226527,4,63
2020-04-03,8086.25,8098.65,8070.25,8087.95,14:30:00,8121.647882347811,4,64
2020-04-03,8065.25,8087.9,8062.2,8086.65,14:35:00,8116.276655457544,4,65
2020-04-03,8081.95,8083.15,8055.8,8064.9,14:40:00,8113.007450175873,4,66
2020-04-03,8095.95,8102.1,8077.95,8080.85,14:45:00,8111.382931111504,4,67
2020-04-03,8085.3,8110.45,8085.3,8094.75,14:50:00,8108.898842434218,4,68
2020-04-03,8102.45,8104.15,8082.55,8085.1,14:55:00,8108.284666964293,4,69
2020-04-03,8063.0,8104.4,8061.2,8104.4,15:00:00,8103.971841539122,4,70
2020-04-03,8080.8,8080.8,8061.2,8062.6,15:05:00,8101.7649994877775,4,71
2020-04-03,8075.65,8091.55,8074.4,8082.65,15:10:00,8099.277856679418,4,72
2020-04-03,8089.6,8092.4,8074.5,8076.05,15:15:00,8098.356156043283,4,73
2020-04-03,8092.45,8101.15,8088.75,8089.75,15:20:00,8097.793664991541,4,74
2020-04-03,8106.6,8107.05,8090.95,8092.65,15:25:00,8098.632363563775,4,75
2020-04-07,8416.95,8468.25,8400.45,8425.1,09:15:00,8128.948328938654,1,1
2020-04-07,8403.5,8448.45,8385.05,8419.25,09:20:00,8155.096107134973,1,2
2020-04-07,8370.65,8417.9,8360.95,8403.85,09:25:00,8175.625049312594,1,3
2020-04-07,8408.15,8408.2,8365.9,8371.1,09:30:00,8197.770282711395,1,4
2020-04-07,8459.25,8460.3,8405.7,8410.1,09:35:00,8222.673112929358,1,5
2020-04-07,8445.6,8460.4,8437.45,8459.35,09:40:00,8243.904245031325,1,6
2020-04-07,8447.05,8452.7,8431.45,8445.3,09:45:00,8263.251459790246,1,7
2020-04-07,8451.3,8456.3,8436.55,8445.85,09:50:00,8281.160844572129,1,8
2020-04-07,8446.0,8457.6,8436.35,8452.0,09:55:00,8296.859811755734,1,9
2020-04-07,8452.3,8456.0,8430.95,8444.7,10:00:00,8311.663639207569,1,10
2020-04-07,8429.5,8459.55,8419.0,8452.1,10:05:00,8322.886149759228,1,11
2020-04-07,8411.3,8437.8,8408.15,8428.35,10:10:00,8331.306516448825,1,12
2020-04-07,8395.3,8426.6,8393.6,8410.7,10:15:00,8337.401133929889,1,13
2020-04-07,8402.55,8407.8,8380.0,8394.0,10:20:00,8343.605787841327,1,14
2020-04-07,8425.3,8430.6,8398.25,8402.05,10:25:00,8351.386188999295,1,15
2020-04-07,8399.95,8426.3,8398.05,8425.05,10:30:00,8356.011313856505,1,16
2020-04-07,8416.0,8419.1,8392.5,8399.3,10:35:00,8361.724522060647,1,17
2020-04-07,8427.15,8434.95,8413.5,8417.0,10:40:00,8367.955519959634,1,18
2020-04-07,8442.25,8445.55,8413.3,8427.75,10:45:00,8375.031184725383,1,19
2020-04-07,8442.05,8450.55,8434.2,8442.05,10:50:00,8381.413929037251,1,20
2020-04-07,8433.7,8444.35,8433.25,8441.4,10:55:00,8386.393554843227,1,21
2020-04-07,8469.05,8476.75,8430.55,8433.0,11:00:00,8394.265597239111,1,22
2020-04-07,8488.45,8488.45,8467.1,8469.2,11:05:00,8403.235540359196,1,23
2020-04-07,8487.05,8499.75,8479.85,8486.7,11:10:00,8411.217869848795,1,24
2020-04-07,8509.0,8514.65,8486.65,8486.7,11:15:00,8420.53045367272,1,25
2020-04-07,8512.95,8522.0,8502.75,8508.95,11:20:00,8429.332315227699,1,26
2020-04-07,8532.1,8532.9,8511.4,8512.7,11:25:00,8439.119713777442,1,27
2020-04-07,8514.7,8539.95,8512.95,8531.9,11:30:00,8446.317836274828,1,28
2020-04-07,8526.3,8526.3,8500.85,8513.6,11:35:00,8453.935185201035,1,29
2020-04-07,8523.25,8530.75,8522.15,8526.7,11:40:00,8460.536596134269,1,30
2020-04-07,8540.2,8544.75,8523.7,8523.7,11:45:00,8468.123586978623,1,31
2020-04-07,8527.9,8545.1,8527.25,8539.3,11:50:00,8473.816578694945,1,32
2020-04-07,8521.0,8527.9,8510.5,8527.4,11:55:00,8478.310237866855,1,33
2020-04-07,8524.45,8528.4,8518.45,8521.4,12:00:00,8482.704500927155,1,34
2020-04-07,8530.25,8534.15,8524.9,8524.9,12:05:00,8487.232643695997,1,35
2020-04-07,8530.75,8540.9,8527.55,8531.2,12:10:00,8491.377153820189,1,36
2020-04-07,8550.75,8550.75,8530.15,8530.45,12:15:00,8497.031710599218,1,37
2020-04-07,8557.55,8559.85,8547.0,8550.9,12:20:00,8502.795357208815,1,38
2020-04-07,8566.85,8569.4,8552.1,8557.65,12:25:00,8508.895799379405,1,39
2020-04-07,8586.35,8590.95,8566.5,8567.2,12:30:00,8516.272389914699,1,40
2020-04-07,8577.4,8587.75,8565.25,8585.9,12:35:00,8522.09406706568,1,41
2020-04-07,8596.95,8599.25,8574.45,8576.5,12:40:00,8529.223203535616,1,42
2020-04-07,8608.55,8616.2,8596.5,8596.5,12:45:00,8536.778136532223,1,43
2020-04-07,8597.6,8607.25,8592.4,8606.35,12:50:00,8542.570694957725,1,44
2020-04-07,8590.25,8597.75,8585.25,8597.05,12:55:00,8547.111581152227,1,45
2020-04-07,8590.0,8592.65,8572.85,8590.7,13:00:00,8551.196192471063,1,46
2020-04-07,8617.8,8626.5,8589.65,8589.65,13:05:00,8557.539412235723,1,47
2020-04-07,8622.45,8633.75,8609.75,8618.45,13:10:00,8563.721372975178,1,48
2020-04-07,8629.2,8634.5,8620.3,8623.65,13:15:00,8569.957432691828,1,49
2020-04-07,8627.35,8643.2,8622.25,8629.65,13:20:00,8575.423391483082,1,50
2020-04-07,8616.3,8633.95,8613.3,8627.55,13:25:00,8579.316401818027,1,51
2020-04-07,8624.65,8625.5,8602.05,8616.25,13:30:00,8583.633887359167,1,52
2020-04-07,8648.55,8650.65,8618.05,8624.45,13:35:00,8589.816374277341,1,53
2020-04-07,8661.95,8670.4,8646.5,8651.35,13:40:00,8596.686243393786,1,54
2020-04-07,8668.2,8672.3,8650.95,8663.15,13:45:00,8603.497077356282,1,55
2020-04-07,8671.85,8676.85,8657.7,8668.95,13:50:00,8610.006879512826,1,56
2020-04-07,8700.95,8706.75,8665.0,8671.4,13:55:00,8618.668129083033,1,57
2020-04-07,8701.05,8706.95,8686.8,8703.4,14:00:00,8626.514021551315,1,58
2020-04-07,8674.75,8702.65,8668.0,8701.65,14:05:00,8631.107924260714,1,59
2020-04-07,8687.05,8695.2,8662.0,8673.3,14:10:00,8636.43574099779,1,60
2020-04-07,8715.6,8719.65,8678.5,8686.35,14:15:00,8643.975194236094,1,61
2020-04-07,8715.15,8716.1,8699.45,8715.1,14:20:00,8650.75374716599,1,62
2020-04-07,8712.9,8715.75,8701.2,8714.7,14:25:00,8656.672437912086,1,63
2020-04-07,8719.1,8732.5,8710.45,8713.0,14:30:00,8662.617920015697,1,64
2020-04-07,8717.85,8725.3,8713.65,8719.45,14:35:00,8667.87811810944,1,65
2020-04-07,8746.35,8750.15,8717.85,8718.55,14:40:00,8675.351630670446,1,66
2020-04-07,8763.0,8769.6,8735.15,8746.0,14:45:00,8683.699094416119,1,67
2020-04-07,8768.35,8780.0,8754.65,8762.7,14:50:00,8691.761085424108,1,68
2020-04-07,8767.7,8767.7,8758.65,8767.7,14:55:00,8698.993363002764,1,69
2020-04-07,8797.1,8800.4,8763.0,8766.7,15:00:00,8708.336852240596,1,70
2020-04-07,8795.45,8802.15,8790.35,8797.65,15:05:00,8716.633342503397,1,71
2020-04-07,8810.5,8819.4,8792.05,8795.65,15:10:00,8725.57302416974,1,72
2020-04-07,8786.25,8811.4,8784.85,8810.05,15:15:00,8731.351783772621,1,73
2020-04-07,8775.75,8790.6,8769.9,8785.6,15:20:00,8735.580185318086,1,74
2020-04-07,8785.9,8789.65,8767.25,8774.1,15:25:00,8740.372548621126,1,75
2020-04-08,8718.2,8747.95,8653.9,8671.05,09:15:00,8736.350317578745,2,1
2020-04-08,8701.05,8729.1,8695.15,8716.8,09:20:00,8732.988382571244,2,2
2020-04-08,8795.85,8795.85,8699.45,8701.85,09:25:00,8738.975203278746,2,3
2020-04-08,8790.05,8854.65,8785.8,8796.45,09:30:00,8743.83946963315,2,4
2020-04-08,8825.75,8825.75,8774.7,8789.35,09:35:00,8751.64047252523,2,5
2020-04-08,8895.15,8899.25,8811.15,8826.85,09:40:00,8765.308046570446,2,6
2020-04-08,8951.15,8954.65,8890.05,8895.3,09:45:00,8783.007280230404,2,7
2020-04-08,8972.25,8978.7,8933.7,8952.3,09:50:00,8801.030396398937,2,8
2020-04-08,8935.1,8980.55,8930.9,8973.5,09:55:00,8813.798930075229,2,9
2020-04-08,8951.65,8951.65,8900.5,8937.75,10:00:00,8826.927603401398,2,10
2020-04-08,8942.45,8964.3,8929.95,8951.15,10:05:00,8837.92973641079,2,11
2020-04-08,8980.95,8980.95,8944.85,8944.85,10:10:00,8851.550713895476,2,12
2020-04-08,9026.35,9028.65,8977.25,8981.55,10:15:00,8868.198264953051,2,13
2020-04-08,9105.0,9114.6,9018.75,9027.6,10:20:00,8890.750811147998,2,14
2020-04-08,9075.0,9131.7,9064.3,9109.75,10:25:00,8908.298352943428,2,15
2020-04-08,9071.45,9107.75,9065.85,9079.0,10:30:00,8923.836605044055,2,16
2020-04-08,9034.8,9081.9,9016.3,9071.15,10:35:00,8934.40454742081,2,17
2020-04-08,9043.25,9066.35,9025.55,9033.75,10:40:00,8944.770780999781,2,18
2020-04-08,8992.3,9054.35,8987.5,9043.45,10:45:00,8949.297373285515,2,19
2020-04-08,8989.65,9032.8,8970.3,8995.3,10:50:00,8953.140480591657,2,20
2020-04-08,9018.0,9018.0,8958.2,8988.35,10:55:00,8959.317577678166,2,21
2020-04-08,8991.0,9016.7,8979.85,9016.7,11:00:00,8962.334951232626,2,22
2020-04-08,8974.95,8991.05,8960.85,8990.0,11:05:00,8963.536384448567,2,23
2020-04-08,8987.6,8998.8,8954.95,8970.8,11:10:00,8965.828157358228,2,24
2020-04-08,9001.4,9001.4,8970.15,8988.95,11:15:00,8969.21595189554,2,25
2020-04-08,9033.05,9039.95,8999.3,8999.3,11:20:00,8975.295385048345,2,26
2020-04-08,9034.3,9037.7,9010.75,9032.45,11:25:00,8980.914872186597,2,27
2020-04-08,8995.25,9037.1,8983.65,9033.7,11:30:00,8982.28012245454,2,28
2020-04-08,8929.8,8996.8,8911.6,8996.6,11:35:00,8977.282015554109,2,29
2020-04-08,8887.45,8942.1,8882.4,8928.2,11:40:00,8968.726585501336,2,30
2020-04-08,8812.3,8884.8,8805.55,8883.15,11:45:00,8953.82881545359,2,31
2020-04-08,8859.95,8889.7,8787.9,8810.5,11:50:00,8944.88797588658,2,32
2020-04-08,8861.65,8875.35,8832.55,8860.9,11:55:00,8936.960549611667,2,33
2020-04-08,8906.3,8925.55,8846.0,8862.65,12:00:00,8934.040497267699,2,34
2020-04-08,8860.65,8909.9,8856.55,8905.5,12:05:00,8927.050926099346,2,35
2020-04-08,8887.5,8893.85,8856.4,8858.1,12:10:00,8923.28417123274,2,36
2020-04-08,8889.3,8904.75,8882.9,8885.5,12:15:00,8920.047583496289,2,37
2020-04-08,8866.25,8888.25,8855.7,8888.25,12:20:00,8914.92400411569,2,38
2020-04-08,8876.3,8876.3,8852.45,8865.95,12:25:00,8911.245527533243,2,39
2020-04-08,8877.1,8893.95,8858.35,8876.9,12:30:00,8907.993572530078,2,40
2020-04-08,8864.95,8878.35,8864.25,8875.7,12:35:00,8903.89418467007,2,41
2020-04-08,8823.4,8865.85,8813.3,8863.45,12:40:00,8896.22807184435,2,42
2020-04-08,8781.8,8842.8,8775.5,8820.8,12:45:00,8885.330160240126,2,43
2020-04-08,8813.65,8821.25,8759.5,8777.65,12:50:00,8878.503478312496,2,44
2020-04-08,8805.55,8815.4,8784.9,8812.6,12:55:00,8871.55552799702,2,45
2020-04-08,8798.35,8806.65,8774.1,8804.65,13:00:00,8864.583572949683,2,46
2020-04-08,8852.25,8853.45,8796.9,8797.35,13:05:00,8863.408946954476,2,47
2020-04-08,8843.7,8860.7,8829.6,8849.8,13:10:00,8861.531904387384,2,48
2020-04-08,8805.35,8851.5,8799.95,8841.3,13:15:00,8856.181246826682,2,49
2020-04-08,8827.3,8840.5,8805.0,8805.0,13:20:00,8853.430651890807,2,50
2020-04-08,8820.55,8846.45,8811.35,8827.75,13:25:00,8850.29916123454,2,51
2020-04-08,8803.45,8820.75,8790.9,8820.7,13:30:00,8845.83733635506,2,52
2020-04-08,8807.45,8812.7,8790.4,8804.15,13:35:00,8842.18139955934,2,53
2020-04-08,8789.65,8825.85,8781.0,8807.65,13:40:00,8837.178409125117,2,54
2020-04-08,8756.25,8788.05,8752.55,8787.7,13:45:00,8829.470941589392,2,55
2020-04-08,8770.5,8771.8,8724.85,8756.9,13:50:00,8823.854661438021,2,56
2020-04-08,8740.2,8769.85,8737.95,8769.4,13:55:00,8815.887550824877,2,57
2020-04-08,8709.35,8744.7,8705.35,8738.3,14:00:00,8805.741117412983,2,58
2020-04-08,8716.05,8728.1,8700.3,8709.0,14:05:00,8797.199106230793,2,59
2020-04-08,8721.85,8743.35,8712.25,8717.9,14:10:00,8790.02300087548,2,60
2020-04-08,8765.2,8781.65,8720.85,8722.65,14:15:00,8787.658905554006,2,61
2020-04-08,8755.45,8765.65,8734.15,8762.8,14:20:00,8784.591390739339,2,62
2020-04-08,8742.85,8756.45,8721.95,8756.15,14:25:00,8780.616020192736,2,63
2020-04-08,8734.05,8744.25,8719.9,8742.75,14:30:00,8776.18116112676,2,64
2020-04-08,8750.3,8753.8,8722.15,8733.55,14:35:00,8773.716288638498,2,65
2020-04-08,8773.45,8788.4,8742.75,8750.65,14:40:00,8773.690927815784,2,66
2020-04-08,8776.8,8810.2,8764.65,8774.3,14:45:00,8773.987029928565,2,67
2020-04-08,8760.9,8777.7,8753.85,8777.7,14:50:00,8772.740646125843,2,68
2020-04-08,8777.1,8784.3,8758.15,8760.95,14:55:00,8773.155822685287,2,69
2020-04-08,8740.25,8791.95,8740.25,8777.35,15:00:00,8770.021934810498,2,70
2020-04-08,8748.55,8753.0,8731.4,8741.05,15:05:00,8767.97698863807,2,71
2020-04-08,8734.75,8753.15,8731.7,8749.45,15:10:00,8764.812513529683,2,72
2020-04-08,8755.45,8755.85,8732.95,8734.55,15:15:00,8763.920845574476,2,73
2020-04-08,8749.9,8755.15,8743.4,8755.15,15:20:00,8762.585526948335,2,74
2020-04-08,8752.4,8755.5,8741.2,8750.15,15:25:00,8761.615476762778,2,75
2020-04-09,8969.8,8994.75,8917.45,8941.05,09:15:00,8781.442574213943,3,1
2020-04-09,8954.35,9000.4,8937.3,8968.75,09:20:00,8797.90994809833,3,2
2020-04-09,8973.2,8978.25,8931.7,8953.55,09:25:00,8814.604238755632,3,3
2020-04-09,9006.75,9017.45,8974.55,8974.55,09:30:00,8832.903835064619,3,4
2020-04-09,9013.2,9032.55,8996.5,9008.75,09:35:00,8850.074898391798,3,5
2020-04-09,9006.1,9015.35,8985.8,9012.5,09:40:00,8864.934431878293,3,6
2020-04-09,8990.7,9028.4,8984.7,9006.6,09:45:00,8876.912105032741,3,7
2020-04-09,8953.05,8999.55,8945.3,8990.1,09:50:00,8884.163333124861,3,8
2020-04-09,8970.95,8981.6,8951.8,8951.8,09:55:00,8892.428729970114,3,9
2020-04-09,9008.45,9013.1,8971.65,8972.85,10:00:00,8903.478374734865,3,10
2020-04-09,8980.2,9013.85,8980.2,9008.0,10:05:00,8910.785196188688,3,11
2020-04-09,8996.45,9000.35,8976.7,8980.05,10:10:00,8918.943748932623,3,12
2020-04-09,8999.2,9021.8,8989.1,8998.3,10:15:00,8926.58720141523,3,13
2020-04-09,8995.4,9001.1,8983.15,9001.1,10:20:00,8933.140801280446,3,14
2020-04-09,9023.05,9023.3,8997.1,8997.1,10:25:00,8941.70358211088,3,15
2020-04-09,9009.25,9024.6,9003.95,9024.6,10:30:00,8948.136574290796,3,16
2020-04-09,8989.15,9009.8,8987.35,9008.4,10:35:00,8952.04261483453,3,17
2020-04-09,8996.25,9010.3,8989.65,8990.15,10:40:00,8956.252841993146,3,18
2020-04-09,8944.25,8996.45,8943.55,8996.45,10:45:00,8955.109714184275,3,19
2020-04-09,8913.0,8959.65,8913.0,8943.8,10:50:00,8951.099265214343,3,20
2020-04-09,8935.05,8938.55,8909.3,8910.05,10:55:00,8949.570763765358,3,21
2020-04-09,8934.15,8943.35,8904.55,8933.75,11:00:00,8948.102119597228,3,22
2020-04-09,8950.3,8959.6,8929.55,8933.1,11:05:00,8948.311441540349,3,23
2020-04-09,8948.2,8961.3,8936.15,8949.95,11:10:00,8948.300828060315,3,24
2020-04-09,8942.95,8950.5,8932.1,8948.55,11:15:00,8947.791225387904,3,25
2020-04-09,8924.25,8945.3,8924.0,8945.3,11:20:00,8945.549203922388,3,26
2020-04-09,8959.1,8964.55,8925.2,8925.2,11:25:00,8946.839755929781,3,27
2020-04-09,8995.75,8999.9,8959.45,8959.45,11:30:00,8951.497874412658,3,28
2020-04-09,9032.5,9044.4,8995.7,8995.8,11:35:00,8959.212362563834,3,29
2020-04-09,9010.35,9039.35,9008.75,9034.4,11:40:00,8964.08261374823,3,30
2020-04-09,9033.7,9035.7,9009.65,9009.65,11:45:00,8970.712841010303,3,31
2020-04-09,9041.6,9058.25,9033.65,9033.65,11:50:00,8977.463999009322,3,32
2020-04-09,9046.8,9052.1,9025.8,9041.1,11:55:00,8984.067427675101,3,33
2020-04-09,9016.85,9050.95,9012.7,9046.75,12:00:00,8987.18957742033,3,34
2020-04-09,9011.7,9026.05,8999.7,9016.7,12:05:00,8989.523903380299,3,35
2020-04-09,9041.5,9044.2,9011.0,9011.35,12:10:00,8994.47400782027,3,36
2020-04-09,9050.4,9063.9,9041.05,9042.1,12:15:00,8999.800292789769,3,37
2020-04-09,9029.95,9050.1,9029.2,9049.65,12:20:00,9002.671693476457,3,38
2020-04-09,9046.9,9046.9,9024.15,9030.3,12:25:00,9006.883913145366,3,39
2020-04-09,9058.95,9071.05,9047.15,9047.15,12:30:00,9011.842588083902,3,40
2020-04-09,9060.7,9061.0,9047.85,9058.8,12:35:00,9016.495674933054,3,41
2020-04-09,9047.25,9065.7,9045.1,9061.8,12:40:00,9019.424658272765,3,42
2020-04-09,9064.55,9072.95,9046.05,9047.8,12:45:00,9023.722309865832,3,43
2020-04-09,9073.9,9085.75,9064.4,9064.4,12:50:00,9028.501137497658,3,44
2020-04-09,9062.9,9074.65,9059.15,9073.85,12:55:00,9031.77721964074,3,45
2020-04-09,9090.8,9090.8,9062.65,9063.55,13:00:00,9037.398436817812,3,46
2020-04-09,9109.25,9109.25,9089.35,9090.35,13:05:00,9044.241442835162,3,47
2020-04-09,9081.0,9109.95,9074.65,9109.8,13:10:00,9047.742257803242,3,48
2020-04-09,9086.9,9097.9,9081.1,9081.1,13:15:00,9051.471566583885,3,49
2020-04-09,9101.3,9111.75,9087.8,9087.8,13:20:00,9056.217131671134,3,50
2020-04-09,9097.85,9101.55,9087.25,9101.2,13:25:00,9060.182166750074,3,51
2020-04-09,9074.3,9098.65,9066.85,9098.3,13:30:00,9061.526722297684,3,52
2020-04-09,9073.45,9085.05,9062.7,9074.35,13:35:00,9062.662272555048,3,53
2020-04-09,9040.65,9077.3,9040.35,9073.35,13:40:00,9060.565865645043,3,54
2020-04-09,9052.95,9054.2,9031.2,9039.7,13:45:00,9059.84054510742,3,55
2020-04-09,9041.7,9056.0,9040.7,9051.75,13:50:00,9058.11287414481,3,56
2020-04-09,9027.3,9040.65,9021.6,9040.65,13:55:00,9055.178314702447,3,57
2020-04-09,9050.0,9057.1,9012.2,9025.9,14:00:00,9054.685141873642,3,58
2020-04-09,9035.0,9060.0,9031.6,9050.3,14:05:00,9052.810366457106,3,59
2020-04-09,9045.95,9051.0,9031.5,9035.8,14:10:00,9052.156998223096,3,60
2020-04-09,9043.2,9050.4,9040.05,9046.3,14:15:00,9051.303950773276,3,61
2020-04-09,9021.7,9046.05,9017.65,9043.5,14:20:00,9048.484526890108,3,62
2020-04-09,9015.0,9021.9,9000.2,9021.05,14:25:00,9045.295524329144,3,63
2020-04-09,9037.05,9045.75,9008.05,9015.2,14:30:00,9044.510236297798,3,64
2020-04-09,9041.45,9049.15,9025.95,9037.95,14:35:00,9044.218785221818,3,65
2020-04-09,9042.25,9043.15,9030.5,9040.4,14:40:00,9044.03128186736,3,66
2020-04-09,9051.2,9068.75,9041.9,9043.15,14:45:00,9044.714016927612,3,67
2020-04-09,9057.8,9065.4,9050.4,9051.7,14:50:00,9045.960301029743,3,68
2020-04-09,9087.35,9089.95,9060.05,9060.35,14:55:00,9049.902177122149,3,69
2020-04-09,9102.85,9109.95,9086.35,9088.3,15:00:00,9054.94482692004,3,70
2020-04-09,9123.25,9128.35,9103.15,9103.35,15:05:00,9061.450081499084,3,71
2020-04-09,9115.55,9127.85,9114.9,9122.3,15:10:00,9066.602454689648,3,72
2020-04-09,9109.15,9117.8,9106.95,9115.15,15:15:00,9070.65460186206,3,73
2020-04-09,9103.5,9116.8,9100.2,9107.5,15:20:00,9073.782735018056,3,74
2020-04-09,9098.95,9104.65,9094.45,9103.25,15:25:00,9076.179617397289,3,75
2020-04-13,9098.4,9112.05,9043.6,9090.5,09:15:00,9078.295844311831,0,1
2020-04-13,9025.7,9096.0,9025.7,9096.0,09:20:00,9073.286716282137,0,2
2020-04-13,8993.1,9045.55,8989.35,9027.6,09:25:00,9065.649886160028,0,3
2020-04-13,8948.5,8993.35,8946.55,8993.35,09:30:00,9054.492754144789,0,4
2020-04-13,8940.7,8970.95,8932.9,8946.9,09:35:00,9043.65534898814,0,5
2020-04-13,8932.5,8971.0,8930.85,8941.15,09:40:00,9033.069125274984,0,6
2020-04-13,8950.25,8958.7,8919.9,8932.6,09:45:00,9025.18158953451,0,7
2020-04-13,8915.45,8958.8,8915.45,8949.7,09:50:00,9014.730961959796,0,8
2020-04-13,8936.55,8937.25,8912.4,8915.15,09:55:00,9007.285156058862,0,9
2020-04-13,8939.55,8942.6,8922.25,8938.85,10:00:00,9000.83418881516,0,10
2020-04-13,8960.2,8976.05,8939.5,8940.25,10:05:00,8996.96426607086,0,11
2020-04-13,8948.7,8974.5,8942.25,8959.4,10:10:00,8992.367669302206,0,12
2020-04-13,8942.8,8961.55,8942.8,8949.4,10:15:00,8987.646938892472,0,13
2020-04-13,8937.3,8952.4,8929.85,8944.7,10:20:00,8982.851992331285,0,14
2020-04-13,8951.55,8964.45,8937.95,8938.15,10:25:00,8979.870850204496,0,15
2020-04-13,8959.1,8963.4,8939.05,8950.85,10:30:00,8977.892673994544,0,16
2020-04-13,8983.3,8983.3,8958.65,8959.05,10:35:00,8978.407657423635,0,17
2020-04-13,9006.1,9027.0,8982.95,8982.95,10:40:00,8981.045023383289,0,18
2020-04-13,8998.9,9022.2,8985.95,9006.85,10:45:00,8982.745497346785,0,19
2020-04-13,9005.45,9012.8,8991.8,8999.2,10:50:00,8984.907830932805,0,20
2020-04-13,8978.05,9006.75,8977.3,9005.75,10:55:00,8984.2547041773,0,21
2020-04-13,8979.9,8985.0,8962.65,8977.55,11:00:00,8983.839970446128,0,22
2020-04-13,8990.1,8995.45,8977.55,8978.2,11:05:00,8984.436163736973,0,23
2020-04-13,9006.6,9009.35,8987.05,8989.35,11:10:00,8986.547005285833,0,24
2020-04-13,9019.95,9038.25,9006.45,9006.45,11:15:00,8989.728242877658,0,25
2020-04-13,9027.55,9033.0,9013.25,9019.35,11:20:00,8993.330314984549,0,26
2020-04-13,9006.05,9025.75,8994.25,9025.75,11:25:00,8994.541713557448,0,27
2020-04-13,9012.6,9019.95,8991.55,9007.85,11:30:00,8996.2615503615,0,28
2020-04-13,9062.45,9064.55,9013.45,9015.7,11:35:00,9002.565212231833,0,29
2020-04-13,9060.65,9082.35,9054.4,9062.7,11:40:00,9008.097096781185,0,30
2020-04-13,9074.35,9100.95,9058.35,9060.3,11:45:00,9014.406897087736,0,31
2020-04-13,9060.15,9089.0,9053.65,9072.65,11:50:00,9018.76338307938,0,32
2020-04-13,9045.45,9078.4,9040.45,9061.05,11:55:00,9021.304965643249,0,33
2020-04-13,9032.65,9056.35,9032.6,9046.35,12:00:00,9022.385445105796,0,34
2020-04-13,9053.8,9054.75,9030.3,9032.05,12:05:00,9025.377307476672,0,35
2020-04-13,9055.75,9068.2,9052.15,9056.7,12:10:00,9028.269944859849,0,36
2020-04-13,9047.75,9063.1,9041.95,9056.15,12:15:00,9030.125188206528,0,37
2020-04-13,9046.35,9059.8,9045.35,9047.7,12:20:00,9031.670408377337,0,38
2020-04-13,9016.0,9047.75,9016.0,9046.05,12:25:00,9030.177988531874,0,39
2020-04-13,9030.2,9030.55,9014.15,9015.95,12:30:00,9030.180084862171,0,40
2020-04-13,9035.6,9041.25,9028.55,9030.55,12:35:00,9030.696267256251,0,41
2020-04-13,9039.0,9053.05,9035.4,9035.4,12:40:00,9031.487098946132,0,42
2020-04-13,9041.8,9049.95,9018.75,9037.95,12:45:00,9032.46927999888,0,43
2020-04-13,9040.25,9053.35,9037.25,9041.0,12:50:00,9033.210300951368,0,44
2020-04-13,9032.0,9041.85,9026.2,9040.15,12:55:00,9033.095034194095,0,45
2020-04-13,9035.0,9038.95,9023.45,9030.25,13:00:00,9033.276459508945,0,46
2020-04-13,9030.35,9047.6,9030.1,9033.5,13:05:00,9032.99774907952,0,47
2020-04-13,8991.45,9030.15,8991.45,9030.15,13:10:00,9029.040820595756,0,48
2020-04-13,8982.9,9000.7,8976.7,8986.4,13:15:00,9024.646456729492,0,49
2020-04-13,8974.8,8992.2,8974.1,8983.6,13:20:00,9019.899175136208,0,50
2020-04-13,8982.8,8984.7,8961.15,8973.7,13:25:00,9016.365920361332,0,51
2020-04-13,8966.45,8991.8,8958.8,8982.25,13:30:00,9011.61202318406,0,52
2020-04-13,8958.55,8966.6,8952.05,8966.05,13:35:00,9006.558497166532,0,53
2020-04-13,8983.6,8985.1,8956.8,8957.95,13:40:00,9004.371973626863,0,54
2020-04-13,8984.3,9002.9,8975.05,8984.1,13:45:00,9002.460357090971,0,55
2020-04-13,8980.05,8984.8,8965.15,8984.35,13:50:00,9000.32603736802,0,56
2020-04-13,8980.95,8987.35,8972.3,8980.7,13:55:00,8998.480700475828,0,57
2020-04-13,8972.85,8996.55,8972.0,8981.2,14:00:00,8996.039681382892,0,58
2020-04-13,8964.95,8985.3,8964.3,8972.45,14:05:00,8993.078759346427,0,59
2020-04-13,8950.3,8965.65,8943.8,8965.65,14:10:00,8989.004591789624,0,60
2020-04-13,8967.9,8971.0,8940.7,8949.45,14:15:00,8986.994630666803,0,61
2020-04-13,8963.75,8968.35,8951.1,8965.8,14:20:00,8984.780856317582,0,62
2020-04-13,8970.15,8976.2,8957.5,8964.35,14:25:00,8983.387441430194,0,63
2020-04-13,8997.0,9007.3,8969.7,8969.7,14:30:00,8984.683875579698,0,64
2020-04-13,8992.15,9000.85,8977.85,8998.35,14:35:00,8985.394935048298,0,65
2020-04-13,9015.2,9015.6,8986.8,8991.3,14:40:00,8988.233512662746,0,66
2020-04-13,9011.15,9031.4,9000.85,9015.7,14:45:00,8990.416035266295,0,67
2020-04-13,8992.65,9011.65,8990.4,9011.0,14:50:00,8990.628793812362,0,68
2020-04-13,9007.35,9009.4,8985.85,8992.75,14:55:00,8992.221289639756,0,69
2020-04-13,8988.35,9004.0,8986.15,9004.0,15:00:00,8991.85259538835,0,70
2020-04-13,8989.45,8996.9,8984.95,8988.45,15:05:00,8991.623776779938,0,71
2020-04-13,8988.8,8996.2,8987.15,8988.75,15:10:00,8991.35484565804,0,72
2020-04-13,8992.85,8993.85,8986.65,8989.45,15:15:00,8991.497241309655,0,73
2020-04-13,8993.85,8996.25,8987.15,8993.45,15:20:00,8991.721313565879,0,74
2020-04-13,9006.9,9006.9,8993.75,8994.45,15:25:00,8993.166902750081,0,75
2020-04-15,9157.15,9199.5,9133.1,9180.5,09:15:00,9008.784340583406,2,1
2020-04-15,9147.5,9176.95,9141.3,9154.9,09:20:00,9021.99535576594,2,2
2020-04-15,9126.35,9170.7,9122.45,9149.6,09:25:00,9031.93389331204,2,3
2020-04-15,9137.9,9149.55,9114.35,9126.15,09:30:00,9042.0259034728,2,4
2020-04-15,9164.65,9165.05,9130.8,9137.35,09:35:00,9053.704388856342,2,5
2020-04-15,9149.8,9166.15,9144.1,9165.85,09:40:00,9062.856351822404,2,6
2020-04-15,9189.2,9195.05,9150.7,9151.85,09:45:00,9074.889080220271,2,7
2020-04-15,9205.85,9212.25,9177.0,9188.8,09:50:00,9087.36154877072,2,8
2020-04-15,9218.0,9218.75,9190.95,9205.45,09:55:00,9099.803306030652,2,9
2020-04-15,9226.95,9234.65,9212.05,9217.65,10:00:00,9111.912514980111,2,10
2020-04-15,9228.8,9229.9,9207.35,9228.4,10:05:00,9123.044656410577,2,11
2020-04-15,9233.1,9235.8,9212.9,9229.3,10:10:00,9133.526117704809,2,12
2020-04-15,9229.25,9246.1,9225.2,9232.7,10:15:00,9142.6426779234,2,13
2020-04-15,9231.65,9234.5,9214.8,9229.45,10:20:00,9151.11956574022,2,14
2020-04-15,9249.4,9249.4,9223.15,9230.9,10:25:00,9160.479607098292,2,15
2020-04-15,9237.55,9251.8,9233.0,9250.3,10:30:00,9167.819644517502,2,16
2020-04-15,9238.05,9242.4,9228.35,9237.5,10:35:00,9174.508249801547,2,17
2020-04-15,9247.6,9248.65,9230.45,9237.75,10:40:00,9181.469368868067,2,18
2020-04-15,9253.85,9261.2,9243.95,9248.2,10:45:00,9188.362762309209,2,19
2020-04-15,9235.95,9256.05,9234.85,9254.1,10:50:00,9192.894880184522,2,20
2020-04-15,9227.7,9240.05,9225.0,9234.75,10:55:00,9196.209653500282,2,21
2020-04-15,9229.8,9233.4,9205.75,9228.2,11:00:00,9199.408734119304,2,22
2020-04-15,9229.85,9233.65,9222.75,9229.55,11:05:00,9202.307902298417,2,23
2020-04-15,9232.5,9239.35,9225.35,9230.35,11:10:00,9205.183340174755,2,24
2020-04-15,9240.05,9246.8,9227.35,9232.4,11:15:00,9208.503974443827,2,25
2020-04-15,9231.9,9240.85,9225.35,9240.45,11:20:00,9210.73216735394,2,26
2020-04-15,9224.05,9234.5,9215.25,9233.2,11:25:00,9212.00053236785,2,27
2020-04-15,9227.45,9228.55,9213.4,9224.7,11:30:00,9213.471910237578,2,28
2020-04-15,9234.4,9239.6,9227.65,9227.8,11:35:00,9215.465061643525,2,29
2020-04-15,9212.7,9239.05,9211.5,9235.05,11:40:00,9215.201722439378,2,30
2020-04-15,9192.2,9214.7,9192.2,9214.0,11:45:00,9213.011082207058,2,31
2020-04-15,9199.4,9203.25,9187.85,9191.3,11:50:00,9211.714788663528,2,32
2020-04-15,9205.3,9207.55,9185.95,9199.25,11:55:00,9211.10385640986,2,33
2020-04-15,9193.25,9210.05,9192.6,9204.85,12:00:00,9209.40348913273,2,34
2020-04-15,9204.1,9207.0,9192.45,9193.7,12:05:00,9208.898394929614,2,35
2020-04-15,9226.5,9228.45,9204.0,9204.4,12:10:00,9210.574738269652,2,36
2020-04-15,9227.3,9235.75,9225.0,9227.3,12:15:00,9212.167620339207,2,37
2020-04-15,9229.5,9234.75,9223.1,9227.8,12:20:00,9213.818323164049,2,38
2020-04-15,9218.8,9231.6,9217.6,9230.8,12:25:00,9214.292768576996,2,39
2020-04-15,9215.7,9219.65,9205.7,9218.7,12:30:00,9214.426790617284,2,40
2020-04-15,9213.75,9228.4,9212.55,9217.05,12:35:00,9214.362334368016,2,41
2020-04-15,9221.5,9225.25,9211.4,9214.15,12:40:00,9215.042112047257,2,42
2020-04-15,9190.75,9221.4,9189.0,9221.4,12:45:00,9212.728577566562,2,43
2020-04-15,9160.5,9195.25,9158.7,9190.8,12:50:00,9207.754427322128,2,44
2020-04-15,9175.85,9178.45,9158.3,9160.6,12:55:00,9204.715910434305,2,45
2020-04-15,9165.35,9178.75,9164.25,9176.85,13:00:00,9200.966776107229,2,46
2020-04-15,9170.75,9174.05,9151.1,9166.3,13:05:00,9198.088987906538,2,47
2020-04-15,9162.85,9176.1,9155.3,9170.85,13:10:00,9194.7328938202,2,48
2020-04-15,9137.65,9162.2,9128.4,9162.2,13:15:00,9189.296427742089,2,49
2020-04-15,9115.85,9154.6,9114.45,9138.15,13:20:00,9182.301529861888,2,50
2020-04-15,9123.1,9135.65,9107.95,9112.95,13:25:00,9176.66328892266,2,51
2020-04-15,9143.7,9143.7,9115.45,9122.6,13:30:00,9173.523928072884,2,52
2020-04-15,9135.3,9153.65,9126.55,9144.3,13:35:00,9169.883553970703,2,53
2020-04-15,9108.35,9139.65,9108.35,9135.4,13:40:00,9164.023215497304,2,54
2020-04-15,9067.0,9101.65,9053.35,9101.65,13:45:00,9154.782909259466,2,55
2020-04-15,9076.2,9085.35,9067.2,9067.2,13:50:00,9147.298822663326,2,56
2020-04-15,9050.4,9094.15,9048.75,9076.5,13:55:00,9138.070363362058,2,57
2020-04-15,9038.85,9054.5,9030.15,9049.65,14:00:00,9128.620804946624,2,58
2020-04-15,8982.45,9039.25,8982.45,9039.1,14:05:00,9114.69977590409,2,59
2020-04-15,8948.7,8986.5,8944.6,8982.2,14:10:00,9098.890273437031,2,60
2020-04-15,8910.4,8948.95,8888.45,8948.6,14:15:00,9080.938818823985,2,61
2020-04-15,8888.5,8911.6,8874.1,8909.3,14:20:00,9062.611312269317,2,62
2020-04-15,8956.85,8956.85,8890.85,8890.85,14:25:00,9052.538806338904,2,63
2020-04-15,8949.25,8955.15,8919.7,8954.8,14:30:00,9042.701777163771,2,64
2020-04-15,8960.5,8965.5,8928.9,8949.2,14:35:00,9034.873036481507,2,65
2020-04-15,8955.85,8964.45,8938.0,8961.3,14:40:00,9027.347033007078,2,66
2020-04-15,8955.55,8964.3,8945.5,8954.7,14:45:00,9020.509220339736,2,67
2020-04-15,8928.45,8952.2,8917.25,8952.2,14:50:00,9011.741675545476,2,68
2020-04-15,8942.75,8949.1,8919.3,8929.05,14:55:00,9005.171039779241,2,69
2020-04-15,8933.7,8943.1,8925.5,8942.05,15:00:00,8998.36427408598,2,70
2020-04-15,8917.1,8940.7,8911.15,8933.55,15:05:00,8990.624819411125,2,71
2020-04-15,8925.35,8926.85,8908.5,8916.4,15:10:00,8984.4081699434,2,72
2020-04-15,8932.95,8937.45,8922.35,8926.4,15:15:00,8979.507391853553,2,73
2020-04-15,8925.2,8940.2,8921.7,8933.6,15:20:00,8974.335259296071,2,74
2020-04-15,8940.6,8944.3,8921.55,8925.35,15:25:00,8971.12237745835,2,75
2020-04-16,8830.6,8890.85,8824.15,8836.8,09:15:00,8957.739293890889,3,1
2020-04-16,8838.15,8852.45,8821.9,8829.55,09:20:00,8946.349837329852,3,2
2020-04-16,8847.6,8867.75,8837.3,8839.3,09:25:00,8936.945090917485,3,3
2020-04-16,8871.05,8881.35,8831.95,8846.65,09:30:00,8930.669367972961,3,4
2020-04-16,8921.9,8924.2,8868.4,8870.3,09:35:00,8929.834190070775,3,5
2020-04-16,8917.4,8963.7,8912.7,8921.8,09:40:00,8928.649981492606,3,6
2020-04-16,8902.25,8954.55,8900.25,8917.05,09:45:00,8926.135697540929,3,7
2020-04-16,8885.75,8913.0,8881.7,8901.65,09:50:00,8922.28944063227,3,8
2020-04-16,8889.85,8913.1,8881.05,8884.6,09:55:00,8919.199970095864,3,9
2020-04-16,8871.85,8892.45,8862.5,8890.05,10:00:00,8914.690449134352,3,10
2020-04-16,8903.75,8910.95,8868.7,8873.15,10:05:00,8913.648501597747,3,11
2020-04-16,8900.5,8909.7,8889.9,8903.15,10:10:00,8912.396263350342,3,12
2020-04-16,8913.4,8924.3,8899.75,8899.75,10:15:00,8912.491857316976,3,13
2020-04-16,8939.6,8941.25,8913.3,8913.85,10:20:00,8915.07358519155,3,14
2020-04-16,8932.15,8939.9,8920.25,8939.05,10:25:00,8916.699910411402,3,15
2020-04-16,8921.2,8956.55,8921.2,8932.65,10:30:00,8917.12849037222,3,16
2020-04-16,8908.35,8921.05,8897.9,8919.6,10:35:00,8916.292443670105,3,17
2020-04-16,8903.05,8921.85,8899.7,8908.5,10:40:00,8915.031258558667,3,18
2020-04-16,8899.35,8911.0,8895.15,8902.65,10:45:00,8913.537805362603,3,19
2020-04-16,8909.85,8915.3,8887.6,8898.65,10:50:00,8913.18658580426,3,20
2020-04-16,8931.85,8934.15,8906.35,8910.4,10:55:00,8914.964053822901,3,21
2020-04-16,8922.7,8937.9,8913.75,8931.55,11:00:00,8915.700810601673,3,22
2020-04-16,8921.8,8928.2,8912.5,8921.7,11:05:00,8916.281685782466,3,23
2020-04-16,8945.75,8955.4,8913.75,8922.1,11:10:00,8919.088191898421,3,24
2020-04-16,8949.0,8972.35,8946.2,8946.2,11:15:00,8921.936935527143,3,25
2020-04-16,8976.55,8981.75,8947.8,8948.95,11:20:00,8927.138179762653,3,26
2020-04-16,8999.35,9004.6,8964.85,8977.75,11:25:00,8934.015495975733,3,27
2020-04-16,8973.6,9008.3,8971.6,8998.8,11:30:00,8937.785448739949,3,28
2020-04-16,8970.35,8982.55,8952.0,8974.0,11:35:00,8940.88683457424,3,29
2020-04-16,8976.05,8983.75,8964.15,8970.55,11:40:00,8944.235707471931,3,30
2020-04-16,8966.05,8976.95,8960.45,8976.1,11:45:00,8946.31325914127,3,31
2020-04-16,8952.35,8970.35,8946.4,8966.0,11:50:00,8946.888186842101,3,32
2020-04-16,8974.4,8977.95,8949.45,8953.1,11:55:00,8949.508359523807,3,33
2020-04-16,8987.35,8993.75,8962.05,8974.15,12:00:00,8953.112325283444,3,34
2020-04-16,8988.6,8989.45,8974.3,8986.8,12:05:00,8956.492103827877,3,35
2020-04-16,9011.5,9014.25,8988.8,8989.1,12:10:00,8961.730951082365,3,36
2020-04-16,9018.3,9025.95,9006.6,9012.35,12:15:00,8967.11847955071,3,37
2020-04-16,9025.25,9026.4,8999.4,9017.7,12:20:00,8972.654814831596,3,38
2020-04-16,9012.95,9025.65,9003.0,9025.1,12:25:00,8976.492451514301,3,39
2020-04-16,9005.25,9027.6,9004.05,9013.55,12:30:00,8979.231265655797,3,40
2020-04-16,8991.35,9011.95,8988.4,9005.75,12:35:00,8980.385430831435,3,41
2020-04-16,8989.25,9007.8,8986.55,8990.65,12:40:00,8981.229675514154,3,42
2020-04-16,8972.05,8989.85,8959.5,8988.4,12:45:00,8980.355420703283,3,43
2020-04-16,9001.1,9002.9,8970.15,8972.15,12:50:00,8982.331094922018,3,44
2020-04-16,9009.85,9013.35,8989.4,9002.15,12:55:00,8984.951943024684,3,45
2020-04-16,9025.45,9041.1,9008.35,9010.35,13:00:00,8988.808900831857,3,46
2020-04-16,9026.25,9037.9,9012.65,9024.55,13:05:00,8992.374719800251,3,47
2020-04-16,9019.1,9029.6,9005.65,9026.3,13:10:00,8994.91998458118,3,48
2020-04-16,9006.65,9026.6,8999.4,9018.75,13:15:00,8996.037128906783,3,49
2020-04-16,9017.5,9025.0,9006.75,9006.75,13:20:00,8998.08121186804,3,50
2020-04-16,9022.75,9028.5,9017.05,9017.25,13:25:00,9000.43062026156,3,51
2020-04-16,9017.35,9024.3,9010.5,9022.95,13:30:00,9002.041989760459,3,52
2020-04-16,9037.4,9043.2,9015.6,9016.85,13:35:00,9005.409419307081,3,53
2020-04-16,9023.1,9039.0,9020.2,9038.05,13:40:00,9007.094236515932,3,54
2020-04-16,9012.75,9027.75,9011.85,9023.4,13:45:00,9007.632880657273,3,55
2020-04-16,9018.0,9024.8,9003.0,9013.35,13:50:00,9008.62022535658,3,56
2020-04-16,9010.3,9022.45,9007.05,9017.4,13:55:00,9008.780203894046,3,57
2020-04-16,9014.25,9016.3,8994.4,9010.0,14:00:00,9009.301136856518,3,58
2020-04-16,9002.65,9017.45,9001.05,9014.1,14:05:00,9008.667695251135,3,59
2020-04-16,9010.8,9012.95,8998.65,9002.8,14:10:00,9008.870771893884,3,60
2020-04-16,9027.15,9035.9,9010.7,9011.45,14:15:00,9010.611650761131,3,61
2020-04-16,9020.7,9030.55,9016.15,9029.9,14:20:00,9011.57244592674,3,62
2020-04-16,9041.65,9053.75,9019.1,9020.45,14:25:00,9014.436974886095,3,63
2020-04-16,9018.9,9041.5,9016.2,9041.5,14:30:00,9014.862024896946,3,64
2020-04-16,9021.9,9027.05,9009.55,9018.6,14:35:00,9015.532308240094,3,65
2020-04-16,9016.7,9022.1,9011.8,9021.55,14:40:00,9015.643516979131,3,66
2020-04-16,9026.35,9028.9,9014.9,9017.35,14:45:00,9016.66318202874,3,67
2020-04-16,9020.65,9034.45,9017.5,9027.0,14:50:00,9017.042878978384,3,68
2020-04-16,9001.1,9022.05,8996.6,9020.95,14:55:00,9015.524509551871,3,69
2020-04-16,8978.55,9002.65,8962.3,9001.3,15:00:00,9012.003127689788,3,70
2020-04-16,8979.55,8984.2,8961.8,8978.8,15:05:00,9008.912353624097,3,71
2020-04-16,8994.95,9011.35,8976.25,8978.8,15:10:00,9007.582605659896,3,72
2020-04-16,9000.4,9002.9,8992.65,8995.4,15:15:00,9006.898547978,3,73
2020-04-16,9002.55,9018.8,8997.15,9000.15,15:20:00,9006.484400551524,3,74
2020-04-16,9017.1,9017.1,8994.7,9003.05,15:25:00,9007.495410022808,3,75
2020-04-17,9270.5,9309.5,9267.65,9298.0,09:15:00,9032.543466211113,4,1
2020-04-17,9281.85,9290.75,9250.35,9268.7,09:20:00,9056.286945619577,4,2
2020-04-17,9289.0,9289.0,9265.95,9280.95,09:25:00,9078.450093655809,4,3
2020-04-17,9281.95,9300.65,9271.85,9293.6,09:30:00,9097.83103711716,4,4
2020-04-17,9279.9,9284.05,9271.3,9282.05,09:35:00,9115.170938344096,4,5
2020-04-17,9275.8,9288.25,9257.85,9279.8,09:40:00,9130.468944216089,4,6
2020-04-17,9295.0,9301.3,9270.4,9274.45,09:45:00,9146.13856857646,4,7
2020-04-17,9273.9,9294.95,9272.7,9294.95,09:50:00,9158.306323950132,4,8
2020-04-17,9259.3,9274.25,9237.05,9273.95,09:55:00,9167.924769288216,4,9
2020-04-17,9266.05,9279.2,9256.15,9258.5,10:00:00,9177.270029356005,4,10
2020-04-17,9257.2,9274.9,9255.0,9265.75,10:05:00,9184.882407512576,4,11
2020-04-17,9229.35,9260.65,9204.5,9256.5,10:10:00,9189.117416320902,4,12
2020-04-17,9245.95,9256.3,9217.25,9229.8,10:15:00,9194.53004333796,4,13
2020-04-17,9235.6,9255.6,9228.5,9246.4,10:20:00,9198.441467781964,4,14
2020-04-17,9200.0,9239.15,9200.0,9238.25,10:25:00,9198.58989942178,4,15
2020-04-17,9167.15,9213.6,9159.1,9199.75,10:30:00,9195.59562328637,4,16
2020-04-17,9171.75,9183.95,9148.4,9166.9,10:35:00,9193.324611544813,4,17
2020-04-17,9182.65,9224.35,9163.3,9170.6,10:40:00,9192.307981873875,4,18
2020-04-17,9142.4,9183.25,9137.0,9183.25,10:45:00,9187.554840743032,4,19
2020-04-17,9154.1,9158.3,9128.8,9141.9,10:50:00,9184.368665434173,4,20
2020-04-17,9173.9,9177.1,9153.9,9155.15,10:55:00,9183.371649678538,4,21
2020-04-17,9166.25,9188.4,9163.95,9174.25,11:00:00,9181.74101637582,4,22
2020-04-17,9173.55,9184.8,9158.15,9165.45,11:05:00,9180.960919578123,4,23
2020-04-17,9186.2,9204.65,9173.25,9173.5,11:10:00,9181.459879618302,4,24
2020-04-17,9216.1,9216.1,9184.85,9186.6,11:15:00,9184.758938702273,4,25
2020-04-17,9192.0,9215.7,9191.3,9215.3,11:20:00,9185.44856358777,4,26
2020-04-17,9176.5,9191.9,9168.2,9191.2,11:25:00,9184.596319436554,4,27
2020-04-17,9168.35,9192.55,9158.45,9176.75,11:30:00,9183.049050918786,4,28
2020-04-17,9154.55,9176.45,9151.15,9168.5,11:35:00,9180.334855593188,4,29
2020-04-17,9154.25,9169.25,9150.95,9156.25,11:40:00,9177.850583631933,4,30
2020-04-17,9136.4,9153.5,9135.9,9153.5,11:45:00,9173.90290900032,4,31
2020-04-17,9141.3,9145.8,9125.25,9135.7,11:50:00,9170.797870047909,4,32
2020-04-17,9105.45,9152.8,9105.45,9142.8,11:55:00,9164.57426337668,4,33
2020-04-17,9108.3,9120.3,9091.35,9106.1,12:00:00,9159.214809721758,4,34
2020-04-17,9107.15,9116.35,9099.1,9109.4,12:05:00,9154.256256414925,4,35
2020-04-17,9129.2,9129.4,9105.2,9106.65,12:10:00,9151.86994628017,4,36
2020-04-17,9140.9,9141.4,9117.8,9129.3,12:15:00,9150.825189491585,4,37
2020-04-17,9128.35,9152.35,9128.35,9143.1,12:20:00,9148.68469525429,4,38
2020-04-17,9135.85,9142.55,9124.0,9129.65,12:25:00,9147.46234332531,4,39
2020-04-17,9118.7,9137.45,9111.7,9137.45,12:30:00,9144.723072532424,4,40
2020-04-17,9129.45,9136.55,9114.65,9119.7,12:35:00,9143.268494196,4,41
2020-04-17,9140.75,9142.9,9122.95,9128.5,12:40:00,9143.028637605905,4,42
2020-04-17,9155.3,9160.7,9141.8,9142.2,12:45:00,9144.197338786294,4,43
2020-04-17,9166.65,9168.65,9142.95,9156.25,12:50:00,9146.335687473314,4,44
2020-04-17,9165.8,9177.55,9161.6,9166.1,12:55:00,9148.189431523477,4,45
2020-04-17,9154.1,9166.5,9145.85,9166.1,13:00:00,9148.752342806954,4,46
2020-04-17,9151.95,9157.45,9140.4,9153.85,13:05:00,9149.056881587245,4,47
2020-04-17,9131.35,9153.7,9125.4,9152.25,13:10:00,9147.37051191227,4,48
2020-04-17,9115.8,9130.75,9108.75,9130.75,13:15:00,9144.363796492053,4,49
2020-04-17,9118.55,9123.6,9111.4,9116.35,13:20:00,9141.905339683284,4,50
2020-04-17,9121.55,9134.7,9117.0,9118.6,13:25:00,9139.966735903923,4,51
2020-04-17,9135.1,9140.55,9121.4,9121.85,13:30:00,9139.503237246408,4,52
2020-04-17,9135.0,9135.7,9120.2,9135.0,13:35:00,9139.074357508654,4,53
2020-04-17,9128.35,9146.25,9123.6,9135.2,13:40:00,9138.052990126878,4,54
2020-04-17,9138.2,9146.45,9120.6,9128.45,13:45:00,9138.066991067177,4,55
2020-04-17,9146.2,9153.15,9137.95,9137.95,13:50:00,9138.841563346492,4,56
2020-04-17,9153.05,9153.4,9135.5,9146.95,13:55:00,9140.194747789685,4,57
2020-04-17,9154.45,9155.75,9134.7,9152.8,14:00:00,9141.552390857332,4,58
2020-04-17,9165.9,9175.65,9145.4,9153.75,14:05:00,9143.87121077568,4,59
2020-04-17,9164.8,9175.45,9156.8,9165.3,14:10:00,9145.864428797044,4,60
2020-04-17,9164.7,9169.5,9148.6,9165.05,14:15:00,9147.658292721137,4,61
2020-04-17,9188.4,9192.5,9164.75,9164.75,14:20:00,9151.538455319123,4,62
2020-04-17,9177.5,9202.05,9174.15,9188.6,14:25:00,9154.010983383969,4,63
2020-04-17,9184.65,9191.25,9171.35,9177.65,14:30:00,9156.92898496645,4,64
2020-04-17,9175.45,9197.4,9175.05,9184.55,14:35:00,9158.69289116012,4,65
2020-04-17,9195.3,9206.5,9176.7,9176.7,14:40:00,9162.179282478204,4,66
2020-04-17,9211.75,9219.65,9197.55,9197.55,14:45:00,9166.900303194563,4,67
2020-04-17,9212.3,9224.15,9201.4,9211.65,14:50:00,9171.224083842702,4,68
2020-04-17,9236.45,9237.05,9208.45,9212.85,14:55:00,9177.436075857682,4,69
2020-04-17,9229.65,9244.35,9223.55,9235.55,15:00:00,9182.408830537905,4,70
2020-04-17,9248.2,9251.9,9226.45,9230.1,15:05:00,9188.67465620096,4,71
2020-04-17,9273.35,9275.0,9240.7,9249.0,15:10:00,9196.73897465801,4,72
2020-04-17,9284.3,9285.5,9270.1,9274.2,15:15:00,9205.078119928676,4,73
2020-04-17,9288.5,9295.65,9280.45,9285.25,15:20:00,9213.02306088785,4,74
2020-04-17,9291.0,9293.5,9279.55,9289.2,15:25:00,9220.449436041388,4,75
2020-04-20,9293.9,9380.6,9269.55,9380.6,09:15:00,9227.44472784697,0,1
2020-04-20,9319.45,9322.3,9265.85,9294.35,09:20:00,9236.207134718688,0,2
2020-04-20,9330.05,9352.9,9313.55,9318.0,09:25:00,9245.144550459769,0,3
2020-04-20,9296.0,9339.95,9289.45,9329.4,09:30:00,9249.987926606456,0,4
2020-04-20,9246.3,9295.7,9244.0,9295.3,09:35:00,9249.63669550108,0,5
2020-04-20,9254.9,9283.35,9242.75,9245.8,09:40:00,9250.137962596214,0,6
2020-04-20,9279.4,9280.0,9250.5,9255.6,09:45:00,9252.924823301337,0,7
2020-04-20,9278.45,9302.5,9274.5,9281.15,09:50:00,9255.355792510732,0,8
2020-04-20,9264.55,9277.55,9256.95,9277.0,09:55:00,9256.231431319236,0,9
2020-04-20,9291.7,9295.55,9261.7,9263.5,10:00:00,9259.609390241212,0,10
2020-04-20,9298.9,9300.45,9276.15,9292.95,10:05:00,9263.351353075384,0,11
2020-04-20,9287.15,9299.65,9271.85,9299.65,10:10:00,9265.617890877727,0,12
2020-04-20,9279.2,9292.5,9270.85,9286.6,10:15:00,9266.911425079848,0,13
2020-04-20,9291.1,9293.85,9278.3,9278.85,10:20:00,9269.215098881768,0,14
2020-04-20,9316.25,9316.35,9290.85,9291.55,10:25:00,9273.69461327398,0,15
2020-04-20,9317.7,9328.25,9305.45,9318.35,10:30:00,9277.885602485983,0,16
2020-04-20,9303.25,9319.3,9302.3,9317.45,10:35:00,9280.30125939208,0,17
2020-04-20,9309.8,9323.25,9298.7,9299.6,10:40:00,9283.1106632595,0,18
2020-04-20,9315.2,9315.9,9299.85,9310.15,10:45:00,9286.16679056812,0,19
2020-04-20,9315.45,9318.5,9310.6,9315.65,10:50:00,9288.955667656868,0,20
2020-04-20,9322.1,9329.65,9315.3,9316.25,10:55:00,9292.112270737169,0,21
2020-04-20,9333.1,9336.45,9322.55,9322.55,11:00:00,9296.015864000294,0,22
2020-04-20,9310.75,9336.4,9310.75,9332.6,11:05:00,9297.419115047884,0,23
2020-04-20,9309.7,9325.7,9306.65,9310.35,11:10:00,9298.588723138562,0,24
2020-04-20,9287.5,9309.85,9276.35,9309.65,11:15:00,9297.532654268223,0,25
2020-04-20,9269.85,9303.55,9269.5,9287.15,11:20:00,9294.896211004583,0,26
2020-04-20,9278.95,9289.55,9266.55,9270.6,11:25:00,9293.377524242243,0,27
2020-04-20,9247.45,9279.25,9245.6,9279.15,11:30:00,9289.003474314412,0,28
2020-04-20,9251.55,9252.7,9230.8,9246.8,11:35:00,9285.436476760658,0,29
2020-04-20,9247.35,9265.55,9244.95,9252.25,11:40:00,9281.809193259644,0,30
2020-04-20,9260.55,9264.95,9240.8,9246.95,11:45:00,9279.784508187297,0,31
2020-04-20,9277.1,9277.1,9255.25,9259.95,11:50:00,9279.528840740886,0,32
2020-04-20,9266.05,9276.6,9259.1,9276.6,11:55:00,9278.245141622709,0,33
2020-04-20,9256.4,9270.75,9251.7,9266.45,12:00:00,9276.164651944351,0,34
2020-04-20,9273.6,9284.55,9255.1,9256.3,12:05:00,9275.920399378225,0,35
2020-04-20,9272.7,9277.25,9268.25,9273.8,12:10:00,9275.613694675538,0,36
2020-04-20,9264.75,9272.85,9257.05,9272.3,12:15:00,9274.579057087392,0,37
2020-04-20,9275.0,9276.9,9260.35,9264.8,12:20:00,9274.619146888594,0,38
2020-04-20,9279.4,9280.3,9269.45,9274.8,12:25:00,9275.074466232538,0,39
2020-04-20,9263.9,9292.3,9263.9,9279.45,12:30:00,9274.010231353248,0,40
2020-04-20,9257.3,9264.6,9248.7,9264.0,12:35:00,9272.418780748176,0,41
2020-04-20,9254.75,9265.7,9248.0,9257.2,12:40:00,9270.73603972454,0,42
2020-04-20,9247.85,9254.35,9237.2,9253.9,12:45:00,9268.55641689363,0,43
2020-04-20,9256.9,9258.95,9239.7,9247.6,12:50:00,9267.44628195138,0,44
2020-04-20,9249.55,9264.05,9249.55,9257.3,12:55:00,9265.741874146488,0,45
2020-04-20,9261.7,9272.95,9248.5,9249.6,13:00:00,9265.356933751586,0,46
2020-04-20,9258.65,9265.05,9255.4,9261.85,13:05:00,9264.718178156196,0,47
2020-04-20,9273.0,9279.35,9258.9,9258.9,13:10:00,9265.5069230937,0,48
2020-04-20,9269.55,9282.95,9264.5,9272.5,13:15:00,9265.891978037156,0,49
2020-04-20,9293.65,9297.7,9267.25,9270.0,13:20:00,9268.535599176475,0,50
2020-04-20,9291.95,9292.75,9282.75,9292.55,13:25:00,9270.76554211205,0,51
2020-04-20,9285.15,9291.85,9277.9,9291.6,13:30:00,9272.135490482333,0,52
2020-04-20,9275.75,9284.4,9268.85,9283.95,13:35:00,9272.479729484014,0,53
2020-04-20,9281.7,9281.7,9268.2,9275.3,13:40:00,9273.357850485536,0,54
2020-04-20,9293.75,9297.15,9281.6,9281.85,13:45:00,9275.299959963104,0,55
2020-04-20,9278.1,9301.45,9277.5,9293.2,13:50:00,9275.566630442809,0,56
2020-04-20,9269.65,9278.5,9260.35,9278.5,13:55:00,9275.00314182921,0,57
2020-04-20,9278.45,9278.45,9266.7,9269.3,14:00:00,9275.33141403595,0,58
2020-04-20,9285.7,9289.3,9274.3,9280.3,14:05:00,9276.31889841348,0,59
2020-04-20,9287.0,9297.05,9282.9,9285.3,14:10:00,9277.336146183625,0,60
2020-04-20,9299.25,9313.2,9286.85,9286.85,14:15:00,9279.423179880425,0,61
2020-04-20,9300.8,9320.15,9297.95,9299.4,14:20:00,9281.45906751086,0,62
2020-04-20,9330.2,9331.1,9301.1,9301.5,14:25:00,9286.101061081254,0,63
2020-04-20,9324.05,9342.45,9315.9,9330.7,14:30:00,9289.715245740184,0,64
2020-04-20,9328.25,9333.95,9311.3,9324.2,14:35:00,9293.385222336356,0,65
2020-04-20,9317.35,9330.65,9305.8,9328.55,14:40:00,9295.667582113843,0,66
2020-04-20,9275.85,9316.85,9275.85,9316.85,14:45:00,9293.780193341096,0,67
2020-04-20,9252.65,9281.7,9252.2,9274.4,14:50:00,9289.863032070518,0,68
2020-04-20,9263.65,9282.2,9243.0,9253.35,14:55:00,9287.366552825706,0,69
2020-04-20,9264.8,9273.65,9258.0,9264.35,15:00:00,9285.217357318495,0,70
2020-04-20,9242.65,9265.15,9242.4,9265.15,15:05:00,9281.163323288163,0,71
2020-04-20,9262.7,9264.3,9241.75,9243.5,15:10:00,9279.404911546431,0,72
2020-04-20,9268.9,9274.4,9262.15,9263.25,15:15:00,9278.404443780106,0,73
2020-04-20,9266.9,9272.9,9259.95,9268.25,15:20:00,9277.308782467711,0,74
2020-04-20,9263.5,9271.5,9261.85,9266.65,15:25:00,9275.993660327931,0,75
2020-04-21,9033.45,9044.4,8992.1,9011.9,09:15:00,9252.894264106224,1,1
2020-04-21,8993.1,9032.1,8984.95,9032.1,09:20:00,9228.151953238965,1,2
2020-04-21,8987.9,9003.3,8969.7,8991.15,09:25:00,9205.270814835254,1,3
2020-04-21,9004.95,9008.1,8973.6,8985.8,09:30:00,9186.1926419938,1,4
2020-04-21,9018.75,9026.55,9000.95,9002.1,09:35:00,9170.245723708676,1,5
2020-04-21,9029.3,9037.45,9009.3,9019.5,09:40:00,9156.822321450709,1,6
2020-04-21,9022.7,9030.4,9005.35,9029.15,09:45:00,9144.04876702683,1,7
2020-04-21,9023.25,9034.45,9021.5,9022.55,09:50:00,9132.544122548084,1,8
2020-04-21,9026.45,9031.75,9012.25,9022.55,09:55:00,9122.439920400648,1,9
2020-04-21,9017.95,9032.45,9012.6,9026.35,10:00:00,9112.48849941011,1,10
2020-04-21,9006.7,9020.2,9000.45,9017.4,10:05:00,9102.413404228197,1,11
2020-04-21,9009.95,9019.8,9004.15,9006.05,10:10:00,9093.607365730271,1,12
2020-04-21,9015.65,9016.35,9002.5,9010.65,10:15:00,9086.18285470834,1,13
2020-04-21,9018.3,9027.05,9011.15,9016.8,10:20:00,9079.717820926591,1,14
2020-04-21,9018.75,9023.4,9009.05,9018.1,10:25:00,9073.911361790726,1,15
2020-04-21,9022.9,9023.6,9010.65,9018.8,10:30:00,9069.053136858276,1,16
2020-04-21,9018.25,9022.9,9012.05,9021.95,10:35:00,9064.214742871774,1,17
2020-04-21,9019.75,9019.75,9003.05,9018.6,10:40:00,9059.980005455414,1,18
2020-04-21,9031.25,9033.3,9015.05,9020.05,10:45:00,9057.24381445966,1,19
2020-04-21,9036.4,9044.0,9029.3,9031.75,10:50:00,9055.258689273023,1,20
2020-04-21,9027.8,9036.75,9025.55,9036.65,10:55:00,9052.643576008926,1,21
2020-04-21,9034.5,9034.5,9022.75,9027.25,11:00:00,9050.915616389027,1,22
2020-04-21,9029.6,9034.7,9023.85,9034.7,11:05:00,9048.885557685311,1,23
2020-04-21,9017.0,9030.35,9016.5,9029.1,11:10:00,9045.848837905758,1,24
2020-04-21,9008.85,9017.1,9002.45,9017.1,11:15:00,9042.32513905759,1,25
2020-04-21,9018.75,9022.3,9006.95,9008.95,11:20:00,9040.079887718772,1,26
2020-04-21,9000.65,9018.9,9000.65,9018.9,11:25:00,9036.324660316985,1,27
2020-04-21,9000.3,9008.05,8995.25,9000.9,11:30:00,9032.893740286796,1,28
2020-04-21,8988.35,9004.6,8982.95,9000.6,11:35:00,9028.651479307102,1,29
2020-04-21,8998.9,9004.05,8985.95,8989.25,11:40:00,9025.818005087378,1,30
2020-04-21,9014.7,9016.35,8993.55,8998.55,11:45:00,9024.759147460009,1,31
2020-04-21,9013.4,9019.1,9006.85,9015.25,11:50:00,9023.677323892389,1,32
2020-04-21,9012.0,9024.4,9009.8,9013.5,11:55:00,9022.5651978074,1,33
2020-04-21,9017.2,9021.55,9008.95,9012.5,12:00:00,9022.054226587648,1,34
2020-04-21,9007.4,9018.4,9007.35,9017.9,12:05:00,9020.658585960253,1,35
2020-04-21,9001.55,9008.8,8997.4,9007.5,12:10:00,9018.838720630703,1,36
2020-04-21,8993.1,9005.45,8987.05,9000.35,12:15:00,9016.38741390397,1,37
2020-04-21,8984.35,8995.3,8984.1,8992.35,12:20:00,9013.336231627402,1,38
2020-04-21,8966.25,8985.0,8953.85,8984.75,12:25:00,9008.851828615268,1,39
2020-04-21,8949.45,8965.85,8932.55,8965.85,12:30:00,9003.194511604292,1,40
2020-04-21,8951.2,8967.05,8947.0,8948.15,12:35:00,8998.242653356265,1,41
2020-04-21,8948.8,8956.5,8945.25,8951.35,12:40:00,8993.533829227097,1,42
2020-04-21,8931.95,8960.0,8928.9,8948.95,12:45:00,8987.66870263404,1,43
2020-04-21,8930.85,8944.65,8927.35,8932.1,12:50:00,8982.257397621275,1,44
2020-04-21,8921.0,8936.5,8916.5,8930.95,12:55:00,8976.423359752582,1,45
2020-04-21,8923.35,8936.2,8914.6,8920.85,13:00:00,8971.36875406186,1,46
2020-04-21,8927.8,8928.6,8913.9,8924.35,13:05:00,8967.219348913111,1,47
2020-04-21,8945.5,8945.75,8924.45,8927.85,13:10:00,8965.150839492815,1,48
2020-04-21,8928.85,8945.85,8927.05,8945.85,13:15:00,8961.693616683975,1,49
2020-04-21,8919.8,8928.55,8916.15,8928.55,13:20:00,8957.703748428357,1,50
2020-04-21,8915.25,8921.2,8909.4,8921.2,13:25:00,8953.660534292323,1,51
2020-04-21,8933.15,8937.8,8913.55,8915.0,13:30:00,8951.707150074008,1,52
2020-04-21,8942.35,8948.0,8933.55,8933.55,13:35:00,8950.815992924103,1,53
2020-04-21,8941.6,8957.55,8940.9,8942.2,13:40:00,8949.938279312284,1,54
2020-04-21,8947.35,8947.6,8928.3,8941.85,13:45:00,8949.691776520638,1,55
2020-04-21,8943.6,8956.9,8937.2,8947.7,13:50:00,8949.111607328197,1,56
2020-04-21,8951.55,8956.0,8939.9,8943.7,13:55:00,8949.343835201702,1,57
2020-04-21,8934.0,8952.45,8932.85,8951.45,14:00:00,8947.882517563445,1,58
2020-04-21,8948.0,8948.8,8933.9,8933.9,14:05:00,8947.893706366925,1,59
2020-04-21,8942.55,8948.95,8940.8,8948.1,14:10:00,8947.384781951028,1,60
2020-04-21,8974.35,8979.3,8939.0,8942.2,14:15:00,8949.952897955693,1,61
2020-04-21,8978.4,8980.55,8959.1,8973.8,14:20:00,8952.662145769436,1,62
2020-04-21,8978.8,8986.85,8974.45,8979.15,14:25:00,8955.151465219966,1,63
2020-04-21,8995.7,9008.3,8979.1,8979.1,14:30:00,8959.01323043711,1,64
2020-04-21,8976.95,8999.1,8966.75,8996.15,14:35:00,8960.721494205005,1,65
2020-04-21,8952.85,8976.9,8949.35,8976.75,14:40:00,8959.971828090243,1,66
2020-04-21,8958.35,8959.7,8939.95,8952.75,14:45:00,8959.817368272124,1,67
2020-04-21,8957.65,8966.45,8954.05,8959.15,14:50:00,8959.610952246208,1,68
2020-04-21,8969.15,8969.15,8947.05,8957.45,14:55:00,8960.519432984665,1,69
2020-04-21,8973.05,8985.35,8966.1,8969.65,15:00:00,8961.712820319459,1,70
2020-04-21,8988.95,8993.15,8972.55,8973.0,15:05:00,8964.306837431892,1,71
2020-04-21,8986.1,8996.85,8982.9,8989.3,15:10:00,8966.382376724094,1,72
2020-04-21,8992.0,8993.55,8984.35,8986.25,15:15:00,8968.822150369419,1,73
2020-04-21,8978.7,8993.0,8977.75,8992.15,15:20:00,8969.762897953284,1,74
2020-04-21,8981.6,8982.85,8971.45,8979.0,15:25:00,8970.890241005352,1,75
2020-04-22,9028.95,9030.75,8959.7,9009.55,09:15:00,8981.422623589417,2,1
2020-04-22,9006.0,9030.8,8987.8,9028.9,09:20:00,8983.76332610471,2,2
2020-04-22,8979.15,9018.75,8979.15,9005.45,09:25:00,8983.323961713786,2,3
2020-04-22,8996.85,8999.85,8967.35,8979.85,09:30:00,8984.612155836283,2,4
2020-04-22,8971.1,9002.3,8964.0,8997.25,09:35:00,8983.325283851875,2,5
2020-04-22,8954.6,8978.25,8952.15,8972.25,09:40:00,8980.589542532649,2,6
2020-04-22,8960.55,8971.5,8946.25,8953.8,09:45:00,8978.681014672396,2,7
2020-04-22,8972.9,8980.05,8954.65,8959.8,09:50:00,8978.130441846453,2,8
2020-04-22,8977.95,8989.65,8972.35,8972.35,09:55:00,8978.113256908695,2,9
2020-04-22,8984.45,8985.55,8961.95,8976.65,10:00:00,8978.716756250724,2,10
2020-04-22,8976.8,8984.1,8968.95,8981.75,10:05:00,8978.534208036368,2,11
2020-04-22,8986.65,8990.95,8969.9,8977.9,10:10:00,8979.307140604333,2,12
2020-04-22,8993.05,9001.75,8978.4,8987.15,10:15:00,8980.6159843563,2,13
2020-04-22,8998.2,9002.9,8982.0,8993.45,10:20:00,8982.290652512844,2,14
2020-04-22,9000.25,9009.1,8990.85,8998.9,10:25:00,8984.00106655924,2,15
2020-04-22,9019.6,9022.2,9000.6,9000.6,10:30:00,8987.391441172646,2,16
2020-04-22,9036.1,9066.8,9020.35,9021.45,10:35:00,8992.030351537156,2,17
2020-04-22,9074.9,9087.15,9038.35,9039.35,10:40:00,8999.922699009809,2,18
2020-04-22,9080.35,9085.75,9058.6,9077.7,10:45:00,9007.582441961256,2,19
2020-04-22,9061.35,9085.95,9061.35,9081.05,10:50:00,9012.703161774469,2,20
2020-04-22,9079.1,9080.05,9057.35,9061.5,10:55:00,9019.0266701769,2,21
2020-04-22,9089.85,9093.75,9076.0,9079.7,11:00:00,9025.771749207672,2,22
2020-04-22,9096.75,9102.15,9085.3,9089.6,11:05:00,9032.531582616464,2,23
2020-04-22,9110.0,9111.55,9087.5,9098.15,11:10:00,9039.90952712918,2,24
2020-04-22,9110.2,9127.15,9109.6,9109.6,11:15:00,9046.603857878785,2,25
2020-04-22,9090.25,9120.55,9088.55,9111.1,11:20:00,9050.760633318898,2,26
2020-04-22,9094.25,9094.55,9075.2,9089.75,11:25:00,9054.902477764716,2,27
2020-04-22,9068.65,9094.3,9067.65,9093.6,11:30:00,9056.211765596649,2,28
2020-04-22,9086.3,9086.3,9056.65,9069.0,11:35:00,9059.077311730302,2,29
2020-04-22,9092.9,9099.85,9082.35,9087.1,11:40:00,9062.29852013694,2,30
2020-04-22,9108.8,9111.1,9092.85,9092.85,11:45:00,9066.72723250485,2,31
2020-04-22,9099.7,9108.65,9087.75,9108.65,11:50:00,9069.867496075818,2,32
2020-04-22,9093.95,9101.45,9088.05,9099.05,11:55:00,9072.161067878122,2,33
2020-04-22,9103.25,9105.6,9085.2,9093.55,12:00:00,9075.121918556397,2,34
2020-04-22,9114.05,9120.85,9104.6,9104.6,12:05:00,9078.82935488436,2,35
2020-04-22,9098.45,9113.6,9098.15,9113.15,12:10:00,9080.697987752515,2,36
2020-04-22,9115.4,9115.4,9091.85,9098.25,12:15:00,9084.002941299896,2,37
2020-04-22,9105.45,9118.9,9100.6,9116.7,12:20:00,9086.045518318952,2,38
2020-04-22,9103.9,9111.15,9102.8,9104.8,12:25:00,9087.745945145718,2,39
2020-04-22,9131.2,9134.85,9103.8,9104.05,12:30:00,9091.884426560411,2,40
2020-04-22,9129.05,9139.15,9123.7,9129.5,12:35:00,9095.424004983228,2,41
2020-04-22,9126.65,9137.35,9126.5,9128.55,12:40:00,9098.39790927054,2,42
2020-04-22,9123.55,9129.4,9119.65,9127.05,12:45:00,9100.79334648287,2,43
2020-04-22,9127.95,9130.05,9118.7,9125.45,12:50:00,9103.379694436882,2,44
2020-04-22,9136.55,9142.85,9124.65,9127.4,12:55:00,9106.538771157178,2,45
2020-04-22,9156.15,9166.3,9136.65,9137.1,13:00:00,9111.26365009459,2,46
2020-04-22,9148.35,9163.65,9137.75,9157.25,13:05:00,9114.795683418915,2,47
2020-04-22,9144.4,9154.8,9142.7,9148.5,13:10:00,9117.615142140923,2,48
2020-04-22,9137.55,9148.5,9125.85,9143.75,13:15:00,9119.513700032265,2,49
2020-04-22,9157.1,9162.65,9135.35,9138.95,13:20:00,9123.09334764824,2,50
2020-04-22,9125.7,9159.4,9124.7,9157.2,13:25:00,9123.34160025317,2,51
2020-04-22,9118.0,9126.35,9109.6,9125.8,13:30:00,9122.832876419536,2,52
2020-04-22,9107.75,9130.55,9099.5,9118.7,13:35:00,9121.396411998629,2,53
2020-04-22,9108.95,9117.0,9089.55,9107.6,13:40:00,9120.21103942733,2,54
2020-04-22,9114.9,9116.85,9098.55,9109.05,13:45:00,9119.705226148537,2,55
2020-04-22,9115.5,9125.7,9109.8,9115.65,13:50:00,9119.304728420104,2,56
2020-04-22,9117.7,9134.15,9114.95,9114.95,13:55:00,9119.151897142,2,57
2020-04-22,9124.7,9135.7,9118.25,9118.25,14:00:00,9119.68028789038,2,58
2020-04-22,9140.35,9144.05,9117.65,9124.6,14:05:00,9121.64883190082,2,59
2020-04-22,9143.5,9152.35,9135.45,9141.1,14:10:00,9123.729895529314,2,60
2020-04-22,9161.2,9172.5,9143.45,9143.45,14:15:00,9127.298476907474,2,61
2020-04-22,9161.9,9166.75,9150.2,9161.6,14:20:00,9130.593860059142,2,62
2020-04-22,9157.35,9164.65,9146.55,9161.35,14:25:00,9133.142063863032,2,63
2020-04-22,9177.8,9181.95,9157.25,9157.4,14:30:00,9137.395200637984,2,64
2020-04-22,9180.1,9190.55,9176.8,9178.0,14:35:00,9141.462324386746,2,65
2020-04-22,9192.9,9196.1,9167.85,9179.25,14:40:00,9146.361150635628,2,66
2020-04-22,9207.55,9209.75,9192.3,9194.0,14:45:00,9152.188660098902,2,67
2020-04-22,9192.55,9207.6,9190.7,9206.85,14:50:00,9156.03259723234,2,68
2020-04-22,9197.9,9203.4,9190.75,9192.0,14:55:00,9160.019968924498,2,69
2020-04-22,9178.65,9198.9,9167.9,9198.75,15:00:00,9161.794257598354,2,70
2020-04-22,9174.95,9181.6,9169.65,9178.1,15:05:00,9163.04718544613,2,71
2020-04-22,9188.0,9197.2,9173.95,9175.05,15:10:00,9165.42364397507,2,72
2020-04-22,9184.8,9188.9,9180.9,9187.0,15:15:00,9167.26901121554,2,73
2020-04-22,9194.95,9197.35,9181.05,9184.85,15:20:00,9169.90529586168,2,74
2020-04-22,9195.5,9197.15,9189.5,9195.05,15:25:00,9172.342886731996,2,75
2020-04-23,9219.05,9223.05,9170.15,9221.05,09:15:00,9176.79118323371,3,1
2020-04-23,9220.85,9221.6,9198.9,9219.15,09:20:00,9180.987261020977,3,2
2020-04-23,9225.9,9237.0,9218.8,9220.95,09:25:00,9185.264664733262,3,3
2020-04-23,9236.15,9243.7,9212.4,9225.5,09:30:00,9190.110887139615,3,4
2020-04-23,9237.8,9251.55,9236.3,9237.85,09:35:00,9194.652707412037,3,5
2020-04-23,9236.55,9239.65,9222.65,9236.6,09:40:00,9198.642925753746,3,6
2020-04-23,9249.0,9254.0,9236.2,9236.4,09:45:00,9203.438837586722,3,7
2020-04-23,9256.85,9263.75,9246.15,9248.55,09:50:00,9208.525614959415,3,8
2020-04-23,9272.2,9277.6,9253.35,9256.95,09:55:00,9214.58984210614,3,9
2020-04-23,9271.8,9277.75,9265.35,9273.3,10:00:00,9220.03842857222,3,10
2020-04-23,9264.6,9271.6,9253.75,9271.6,10:05:00,9224.28238775582,3,11
2020-04-23,9262.4,9268.2,9256.55,9264.15,10:10:00,9227.91263654098,3,12
2020-04-23,9278.95,9281.85,9261.2,9262.0,10:15:00,9232.773337822791,3,13
2020-04-23,9282.6,9283.9,9271.35,9278.85,10:20:00,9237.51873422062,3,14
2020-04-23,9270.5,9288.8,9268.45,9283.0,10:25:00,9240.65980715199,3,15
2020-04-23,9282.0,9282.4,9267.55,9271.05,10:30:00,9244.59696837561,3,16
2020-04-23,9279.45,9291.8,9278.35,9281.1,10:35:00,9247.91630472079,3,17
2020-04-23,9284.65,9288.45,9274.5,9278.7,10:40:00,9251.414751890235,3,18
2020-04-23,9282.75,9297.85,9282.75,9284.95,10:45:00,9254.399061234026,3,19
2020-04-23,9281.4,9284.75,9272.8,9283.45,10:50:00,9256.970579211738,3,20
2020-04-23,9271.65,9283.6,9269.0,9280.95,10:55:00,9258.36861928681,3,21
2020-04-23,9281.4,9283.15,9270.7,9272.0,11:00:00,9260.562084116638,3,22
2020-04-23,9257.7,9282.2,9254.5,9282.2,11:05:00,9260.28950467696,3,23
2020-04-23,9261.25,9261.8,9253.3,9257.85,11:10:00,9260.38098042201,3,24
2020-04-23,9271.4,9271.4,9249.0,9261.85,11:15:00,9261.43041085801,3,25
2020-04-23,9282.5,9286.35,9271.15,9271.85,11:20:00,9263.437038395345,3,26
2020-04-23,9283.3,9293.05,9281.6,9282.45,11:25:00,9265.328749024358,3,27
2020-04-23,9298.2,9302.2,9279.85,9284.5,11:30:00,9268.459344355371,3,28
2020-04-23,9289.85,9300.1,9286.85,9296.65,11:35:00,9270.49654965486,3,29
2020-04-23,9300.75,9304.65,9290.5,9290.5,11:40:00,9273.377830640113,3,30
2020-04-23,9301.85,9305.25,9292.0,9300.35,11:45:00,9276.089465817244,3,31
2020-04-23,9310.8,9314.05,9301.05,9302.45,11:50:00,9279.395230977509,3,32
2020-04-23,9315.0,9316.5,9303.85,9310.45,11:55:00,9282.786161360602,3,33
2020-04-23,9317.85,9323.55,9314.05,9316.05,12:00:00,9286.125574564354,3,34
2020-04-23,9310.05,9318.55,9300.15,9317.65,12:05:00,9288.40409127251,3,35
2020-04-23,9311.0,9312.6,9305.2,9309.45,12:10:00,9290.556082579891,3,36
2020-04-23,9323.3,9326.2,9309.0,9310.65,12:15:00,9293.674550905616,3,37
2020-04-23,9308.8,9325.55,9308.8,9325.55,12:20:00,9295.115069866984,3,38
2020-04-23,9308.65,9309.55,9293.2,9308.25,12:25:00,9296.404110832033,3,39
2020-04-23,9297.15,9308.6,9295.75,9308.5,12:30:00,9296.47514789565,3,40
2020-04-23,9314.3,9315.15,9293.45,9297.45,12:35:00,9298.172752857969,3,41
2020-04-23,9320.65,9322.85,9314.25,9314.65,12:40:00,9300.31344306197,3,42
2020-04-23,9310.35,9320.25,9310.05,9320.25,12:45:00,9301.269305627498,3,43
2020-04-23,9303.4,9317.9,9300.95,9310.3,12:50:00,9301.47222890107,3,44
2020-04-23,9319.2,9319.85,9296.35,9303.25,12:55:00,9303.160588053348,3,45
2020-04-23,9302.25,9322.15,9299.4,9319.85,13:00:00,9303.0738653816,3,46
2020-04-23,9290.45,9301.4,9276.55,9301.4,13:05:00,9301.871592488114,3,47
2020-04-23,9289.6,9290.6,9272.05,9290.6,13:10:00,9300.702869394008,3,48
2020-04-23,9272.5,9290.8,9265.95,9290.5,13:15:00,9298.016881832677,3,49
2020-04-23,9264.85,9274.05,9250.8,9272.9,13:20:00,9294.858131181943,3,50
2020-04-23,9272.9,9283.7,9257.5,9264.65,13:25:00,9292.766880593186,3,51
2020-04-23,9257.5,9277.5,9256.8,9272.1,13:30:00,9289.4081300605,3,52
2020-04-23,9249.85,9258.3,9237.3,9256.9,13:35:00,9285.640689102358,3,53
2020-04-23,9266.45,9267.5,9245.4,9249.2,13:40:00,9283.813004425943,3,54
2020-04-23,9276.0,9282.25,9263.95,9266.5,13:45:00,9283.068908766329,3,55
2020-04-23,9298.0,9300.6,9277.15,9277.15,13:50:00,9284.490917455249,3,56
2020-04-23,9305.6,9305.6,9284.15,9297.1,13:55:00,9286.501306269034,3,57
2020-04-23,9305.7,9309.4,9298.4,9304.9,14:00:00,9288.329753291033,3,58
2020-04-23,9311.05,9319.45,9306.95,9306.95,14:05:00,9290.493586310931,3,59
2020-04-23,9312.8,9313.85,9295.15,9311.0,14:10:00,9292.618006662273,3,60
2020-04-23,9308.0,9325.4,9307.35,9311.95,14:15:00,9294.082958408724,3,61
2020-04-23,9316.45,9325.05,9306.6,9307.7,14:20:00,9296.213152845989,3,62
2020-04-23,9302.9,9322.7,9293.45,9317.4,14:25:00,9296.849995432083,3,63
2020-04-23,9318.65,9319.9,9288.3,9303.5,14:30:00,9298.926186343317,3,64
2020-04-23,9312.0,9318.9,9304.9,9318.9,14:35:00,9300.171311453476,3,65
2020-04-23,9338.5,9338.5,9311.45,9312.8,14:40:00,9303.82166274362,3,66
2020-04-23,9319.45,9343.6,9316.1,9339.1,14:45:00,9305.310075815658,3,67
2020-04-23,9324.5,9331.0,9319.4,9319.4,14:50:00,9307.137687642737,3,68
2020-04-23,9340.4,9340.4,9325.0,9325.45,14:55:00,9310.305526914855,3,69
2020-04-23,9325.9,9343.15,9324.9,9340.45,15:00:00,9311.790714827726,3,70
2020-04-23,9311.4,9326.8,9309.25,9326.8,15:05:00,9311.753503891752,3,71
2020-04-23,9315.55,9317.2,9304.95,9311.3,15:10:00,9312.11507494968,3,72
2020-04-23,9309.7,9316.0,9307.35,9315.5,15:15:00,9311.885067811616,3,73
2020-04-23,9305.85,9323.75,9296.15,9309.9,15:20:00,9311.310299448603,3,74
2020-04-23,9300.15,9307.95,9299.9,9306.05,15:25:00,9310.247413786834,3,75
2020-04-24,9197.05,9202.7,9145.0,9154.65,09:15:00,9299.466707711896,4,1
2020-04-24,9193.2,9207.55,9180.25,9198.0,09:20:00,9289.346068882192,4,2
2020-04-24,9167.65,9191.65,9158.6,9186.75,09:25:00,9277.75596708389,4,3
2020-04-24,9178.35,9180.7,9154.0,9167.55,09:30:00,9268.28873212352,4,4
2020-04-24,9204.65,9204.95,9178.15,9178.85,09:35:00,9262.227900492708,4,5
2020-04-24,9195.95,9207.2,9176.4,9204.9,09:40:00,9255.9157194934,4,6
2020-04-24,9213.15,9219.25,9185.7,9196.45,09:45:00,9251.842793827363,4,7
2020-04-24,9205.6,9218.35,9196.45,9213.8,09:50:00,9247.438718224756,4,8
2020-04-24,9213.45,9213.5,9199.0,9204.25,09:55:00,9244.201697441447,4,9
2020-04-24,9208.35,9227.75,9204.2,9213.55,10:00:00,9240.787250066072,4,10
2020-04-24,9186.6,9208.35,9182.85,9207.1,10:05:00,9235.626559583588,4,11
2020-04-24,9183.25,9198.75,9181.7,9186.65,10:10:00,9230.638315813723,4,12
2020-04-24,9193.35,9195.9,9177.2,9183.1,10:15:00,9227.087047640987,4,13
2020-04-24,9190.85,9207.7,9190.3,9192.55,10:20:00,9223.635900246609,4,14
2020-04-24,9187.9,9195.9,9185.5,9190.55,10:25:00,9220.232481175502,4,15
2020-04-24,9177.9,9188.15,9170.4,9188.15,10:30:00,9216.200816301643,4,16
2020-04-24,9176.35,9187.85,9174.15,9177.2,10:35:00,9212.405500463392,4,17
2020-04-24,9166.95,9176.85,9163.85,9176.25,10:40:00,9208.076405181164,4,18
2020-04-24,9180.25,9184.3,9164.95,9167.5,10:45:00,9205.426271354385,4,19
2020-04-24,9173.75,9188.15,9172.75,9180.4,10:50:00,9202.409483606349,4,20
2020-04-24,9178.35,9179.1,9164.7,9173.65,10:55:00,9200.118104215268,4,21
2020-04-24,9167.05,9179.85,9164.45,9178.6,11:00:00,9196.96876095667,4,22
2020-04-24,9178.8,9185.2,9163.95,9167.35,11:05:00,9195.23840277032,4,23
2020-04-24,9188.25,9193.2,9178.65,9179.05,11:10:00,9194.57284060172,4,24
2020-04-24,9191.75,9194.95,9183.05,9188.05,11:15:00,9194.30399863965,4,25
2020-04-24,9200.2,9203.25,9187.4,9191.55,11:20:00,9194.865522578732,4,26
2020-04-24,9198.55,9205.25,9187.55,9200.3,11:25:00,9195.21642519028,4,27
2020-04-24,9193.85,9206.65,9192.2,9199.4,11:30:00,9195.086289457871,4,28
2020-04-24,9181.7,9193.8,9171.95,9193.8,11:35:00,9193.8114047476,4,29
2020-04-24,9184.6,9187.2,9177.85,9181.35,11:40:00,9192.934128104973,4,30
2020-04-24,9196.9,9198.4,9180.8,9184.2,11:45:00,9193.311830190214,4,31
2020-04-24,9202.85,9206.95,9194.3,9197.4,11:50:00,9194.220227314956,4,32
2020-04-24,9202.8,9210.1,9193.85,9203.95,11:55:00,9195.037348523056,4,33
2020-04-24,9202.75,9208.55,9198.65,9203.1,12:00:00,9195.771886758956,4,34
2020-04-24,9216.05,9223.35,9202.5,9202.5,12:05:00,9197.703135639056,4,35
2020-04-24,9219.9,9222.15,9206.15,9215.45,12:10:00,9199.817122721051,4,36
2020-04-24,9223.95,9226.65,9211.85,9219.15,12:15:00,9202.115491985714,4,37
2020-04-24,9242.85,9249.7,9216.6,9223.7,12:20:00,9205.994968939456,4,38
2020-04-24,9262.35,9268.1,9240.65,9242.5,12:25:00,9211.362114754746,4,39
2020-04-24,9254.55,9264.7,9247.55,9263.65,12:30:00,9215.475246682863,4,40
2020-04-24,9274.15,9279.35,9254.4,9255.0,12:35:00,9221.063318427354,4,41
2020-04-24,9276.7,9283.45,9266.15,9274.0,12:40:00,9226.3620500057,4,42
2020-04-24,9294.7,9296.9,9259.4,9276.3,12:45:00,9232.870426195634,4,43
2020-04-24,9274.25,9294.05,9263.35,9294.05,12:50:00,9236.811337986526,4,44
2020-04-24,9256.85,9274.45,9249.9,9274.45,12:55:00,9238.71978198781,4,45
2020-04-24,9243.5,9258.4,9237.05,9258.4,13:00:00,9239.175040846114,4,46
2020-04-24,9271.35,9280.15,9235.3,9243.35,13:05:00,9242.239322670292,4,47
2020-04-24,9268.45,9281.2,9264.7,9271.1,13:10:00,9244.735577654075,4,48
2020-04-24,9259.75,9278.6,9257.65,9267.6,13:15:00,9246.1655226394,4,49
2020-04-24,9262.2,9270.75,9251.4,9260.25,13:20:00,9247.692615721364,4,50
2020-04-24,9263.5,9272.9,9262.1,9262.1,13:25:00,9249.198080890756,4,51
2020-04-24,9256.0,9263.55,9254.8,9263.0,13:30:00,9249.845882710684,4,52
2020-04-24,9268.0,9268.65,9242.7,9249.75,13:35:00,9251.574846262049,4,53
2020-04-24,9251.85,9269.15,9250.6,9268.5,13:40:00,9251.601051379948,4,54
2020-04-24,9254.9,9259.75,9247.45,9252.1,13:45:00,9251.915236962808,4,55
2020-04-24,9214.55,9255.25,9214.15,9253.95,13:50:00,9248.356642966352,4,56
2020-04-24,9221.35,9229.55,9207.4,9214.45,13:55:00,9245.78458173146,4,57
2020-04-24,9195.55,9230.1,9194.35,9220.75,14:00:00,9241.000335852274,4,58
2020-04-24,9180.4,9196.45,9168.15,9195.1,14:05:00,9235.228875294915,4,59
2020-04-24,9185.15,9190.85,9171.9,9180.15,14:10:00,9230.45945860016,4,60
2020-04-24,9180.15,9198.85,9169.6,9185.55,14:15:00,9225.66808159062,4,61
2020-04-24,9169.55,9180.2,9156.15,9180.2,14:20:00,9220.323502391511,4,62
2020-04-24,9181.0,9181.0,9156.9,9167.6,14:25:00,9216.578406925655,4,63
2020-04-24,9176.85,9198.8,9174.45,9182.65,14:30:00,9212.794749123212,4,64
2020-04-24,9185.25,9185.3,9162.75,9176.9,14:35:00,9210.171439682905,4,65
2020-04-24,9192.65,9200.3,9181.4,9185.75,14:40:00,9208.502731141676,4,66
2020-04-24,9197.0,9209.8,9191.8,9191.8,14:45:00,9207.407232937709,4,67
2020-04-24,9181.4,9197.6,9176.75,9196.8,14:50:00,9204.930353610303,4,68
2020-04-24,9179.55,9181.2,9169.3,9180.9,14:55:00,9202.51317707599,4,69
2020-04-24,9150.55,9179.85,9145.95,9179.7,15:00:00,9197.564303068752,4,70
2020-04-24,9153.7,9163.0,9147.85,9150.0,15:05:00,9193.38675039554,4,71
2020-04-24,9145.0,9156.15,9141.9,9154.4,15:10:00,9188.778488453108,4,72
2020-04-24,9152.95,9152.95,9141.3,9145.55,15:15:00,9185.366251457574,4,73
2020-04-24,9164.85,9174.7,9151.85,9151.95,15:20:00,9183.412322747328,4,74
2020-04-24,9174.8,9174.95,9164.05,9164.9,15:25:00,9182.592101533295,4,75
2020-04-27,9310.9,9314.6,9250.35,9250.35,09:15:00,9194.81190138727,0,1
2020-04-27,9309.65,9331.95,9306.2,9313.0,09:20:00,9205.74886315991,0,2
2020-04-27,9323.3,9325.3,9294.7,9308.25,09:25:00,9216.944209525633,0,3
2020-04-27,9334.6,9345.65,9322.8,9322.8,09:30:00,9228.149522904145,0,4
2020-04-27,9321.1,9337.05,9314.95,9335.3,09:35:00,9237.001949294225,0,5
2020-04-27,9332.95,9340.35,9316.7,9319.45,09:40:00,9246.139858885252,0,6
2020-04-27,9316.35,9334.5,9310.2,9333.5,09:45:00,9252.826538991418,0,7
2020-04-27,9314.6,9320.85,9300.95,9315.85,09:50:00,9258.70972575414,0,8
2020-04-27,9321.05,9322.25,9304.8,9313.8,09:55:00,9264.646894729938,0,9
2020-04-27,9349.7,9349.7,9311.75,9320.9,10:00:00,9272.747190469943,0,10
2020-04-27,9339.55,9353.45,9333.9,9350.3,10:05:00,9279.10936280614,0,11
2020-04-27,9339.6,9353.65,9333.9,9340.0,10:10:00,9284.870375872222,0,12
2020-04-27,9359.1,9361.15,9339.3,9339.8,10:15:00,9291.939863884392,0,13
2020-04-27,9366.95,9373.65,9357.9,9358.3,10:20:00,9299.083686371594,0,14
2020-04-27,9365.55,9372.85,9355.85,9367.6,10:25:00,9305.413811479062,0,15
2020-04-27,9356.7,9375.6,9354.05,9365.85,10:30:00,9310.298210385818,0,16
2020-04-27,9365.75,9369.05,9344.4,9356.2,10:35:00,9315.579333206217,0,17
2020-04-27,9374.1,9377.1,9365.75,9366.35,10:40:00,9321.15273004372,0,18
2020-04-27,9360.1,9374.2,9355.4,9373.15,10:45:00,9324.86199384908,0,19
2020-04-27,9347.4,9360.0,9342.0,9360.0,10:50:00,9327.00847062536,0,20
2020-04-27,9348.6,9359.9,9339.35,9347.2,10:55:00,9329.064806756278,0,21
2020-04-27,9343.0,9349.1,9333.55,9348.3,11:00:00,9330.391968017584,0,22
2020-04-27,9350.45,9358.15,9339.15,9342.85,11:05:00,9332.302256777812,0,23
2020-04-27,9352.15,9352.15,9342.25,9351.25,11:10:00,9334.192518037067,0,24
2020-04-27,9352.45,9359.7,9351.2,9351.7,11:15:00,9335.931325843065,0,25
2020-04-27,9341.6,9353.55,9337.6,9352.15,11:20:00,9336.471199572294,0,26
2020-04-27,9338.8,9346.65,9334.85,9341.75,11:25:00,9336.692990089216,0,27
2020-04-27,9340.4,9345.2,9335.65,9338.6,11:30:00,9337.046038652148,0,28
2020-04-27,9348.4,9357.45,9339.05,9340.1,11:35:00,9338.127368304326,0,29
2020-04-27,9354.2,9358.35,9342.6,9347.55,11:40:00,9339.658095132483,0,30
2020-04-27,9352.95,9354.15,9347.9,9354.15,11:45:00,9340.923990834151,0,31
2020-04-27,9355.8,9357.45,9347.5,9352.65,11:50:00,9342.340753611852,0,32
2020-04-27,9330.2,9355.55,9326.2,9355.55,11:55:00,9341.184491363105,0,33
2020-04-27,9333.25,9341.35,9328.55,9331.45,12:00:00,9340.428825519,0,34
2020-04-27,9343.3,9344.0,9325.55,9333.0,12:05:00,9340.702270707669,0,35
2020-04-27,9341.0,9351.1,9340.55,9342.65,12:10:00,9340.730625878366,0,36
2020-04-27,9351.5,9352.95,9340.85,9341.5,12:15:00,9341.756280556618,0,37
2020-04-27,9350.95,9355.35,9348.15,9351.05,12:20:00,9342.63187288456,0,38
2020-04-27,9361.65,9368.4,9351.05,9351.05,12:25:00,9344.443123086032,0,39
2020-04-27,9354.9,9362.6,9351.45,9362.6,12:30:00,9345.439016125456,0,40
2020-04-27,9351.2,9357.4,9347.6,9354.35,12:35:00,9345.987681256363,0,41
2020-04-27,9358.45,9359.2,9347.85,9350.9,12:40:00,9347.17456875576,0,42
2020-04-27,9354.3,9361.4,9353.2,9359.1,12:45:00,9347.85318125521,0,43
2020-04-27,9349.5,9359.95,9348.15,9354.2,12:50:00,9348.010021135666,0,44
2020-04-27,9347.35,9357.3,9346.35,9349.4,12:55:00,9347.947161979888,0,45
2020-04-27,9367.85,9368.2,9343.8,9347.3,13:00:00,9349.842670362756,0,46
2020-04-27,9365.8,9367.6,9359.5,9366.85,13:05:00,9351.362416042492,0,47
2020-04-27,9356.05,9365.55,9353.1,9364.8,13:10:00,9351.808852609876,0,48
2020-04-27,9355.4,9363.1,9349.85,9356.85,13:15:00,9352.150866647027,0,49
2020-04-27,9350.85,9356.65,9350.15,9355.75,13:20:00,9352.026974585406,0,50
2020-04-27,9347.75,9351.85,9345.25,9350.3,13:25:00,9351.61964367251,0,51
2020-04-27,9336.75,9347.85,9328.65,9347.45,13:30:00,9350.20348713227,0,52
2020-04-27,9336.85,9346.95,9333.5,9335.8,13:35:00,9348.931726453007,0,53
2020-04-27,9330.3,9339.55,9327.4,9337.2,13:40:00,9347.157276314629,0,54
2020-04-27,9311.8,9333.2,9302.0,9330.35,13:45:00,9343.789916665615,0,55
2020-04-27,9328.05,9331.55,9310.95,9311.35,13:50:00,9342.290876983176,0,56
2020-04-27,9319.25,9329.85,9317.3,9328.75,13:55:00,9340.096507746684,0,57
2020-04-27,9325.7,9329.3,9310.45,9319.4,14:00:00,9338.725411770807,0,58
2020-04-27,9328.55,9339.2,9326.55,9326.55,14:05:00,9337.756324935492,0,59
2020-04-27,9320.8,9330.8,9320.8,9329.15,14:10:00,9336.141436846396,0,60
2020-04-27,9314.35,9321.8,9305.65,9320.35,14:15:00,9334.066061908645,0,61
2020-04-27,9294.85,9314.2,9287.05,9314.2,14:20:00,9330.331198869726,0,62
2020-04-27,9300.5,9305.25,9293.7,9293.7,14:25:00,9327.490132310704,0,63
2020-04-27,9321.8,9324.7,9297.9,9299.7,14:30:00,9326.94821494778,0,64
2020-04-27,9297.05,9321.55,9297.05,9321.45,14:35:00,9324.100765905132,0,65
2020-04-27,9287.9,9305.4,9287.9,9297.2,14:40:00,9320.653073914164,0,66
2020-04-27,9304.45,9304.45,9285.05,9287.55,14:45:00,9319.109924017575,0,67
2020-04-27,9302.8,9306.2,9293.3,9304.15,14:50:00,9317.556597920666,0,68
2020-04-27,9303.55,9305.0,9295.35,9302.55,14:55:00,9316.222636213935,0,69
2020-04-27,9297.6,9303.85,9282.6,9303.85,15:00:00,9314.449051812608,0,70
2020-04-27,9284.0,9302.9,9284.0,9299.5,15:05:00,9311.549142116168,0,71
2020-04-27,9284.75,9287.85,9271.4,9284.9,15:10:00,9308.996842867007,0,72
2020-04-27,9278.35,9284.95,9271.2,9284.95,15:15:00,9306.078095927294,0,73
2020-04-27,9275.3,9278.6,9269.65,9278.6,15:20:00,9303.146848696124,0,74
2020-04-27,9289.2,9289.7,9271.55,9275.35,15:25:00,9301.818577391732,0,75
2020-04-28,9383.55,9390.6,9360.7,9386.0,09:15:00,9309.602522402043,1,1
2020-04-28,9357.35,9383.8,9340.8,9383.8,09:20:00,9314.149901220895,1,2
2020-04-28,9340.05,9357.25,9334.85,9356.6,09:25:00,9316.616577295095,1,3
2020-04-28,9329.45,9344.05,9327.4,9341.2,09:30:00,9317.838808028897,1,4
2020-04-28,9310.15,9338.8,9309.4,9328.75,09:35:00,9317.106540597571,1,5
2020-04-28,9309.55,9311.2,9272.55,9310.85,09:40:00,9316.386870064469,1,6
2020-04-28,9287.15,9322.4,9279.15,9309.85,09:45:00,9313.602406248803,1,7
2020-04-28,9278.55,9297.25,9273.7,9285.5,09:50:00,9310.264081844156,1,8
2020-04-28,9284.45,9297.85,9271.1,9277.3,09:55:00,9307.805597858998,1,9
2020-04-28,9276.5,9298.45,9275.75,9282.7,10:00:00,9304.82411234862,1,10
2020-04-28,9268.05,9279.0,9260.0,9276.3,10:05:00,9301.321815934463,1,11
2020-04-28,9284.05,9291.15,9267.15,9267.95,10:10:00,9299.676881083564,1,12
2020-04-28,9296.3,9308.35,9283.05,9283.8,10:15:00,9299.35527336132,1,13
2020-04-28,9275.3,9299.7,9271.95,9297.3,10:20:00,9297.064294945956,1,14
2020-04-28,9292.8,9292.8,9269.85,9274.6,10:25:00,9296.65817161777,1,15
2020-04-28,9295.65,9297.9,9280.2,9292.45,10:30:00,9296.56215527322,1,16
2020-04-28,9294.05,9304.05,9286.15,9297.25,10:35:00,9296.322902390057,1,17
2020-04-28,9295.8,9306.85,9292.75,9294.1,10:40:00,9296.27310216243,1,18
2020-04-28,9295.7,9302.1,9292.3,9295.4,10:45:00,9296.218521004104,1,19
2020-04-28,9311.85,9312.85,9295.6,9295.6,10:50:00,9297.707233289426,1,20
2020-04-28,9314.55,9316.2,9301.3,9312.6,10:55:00,9299.31130630948,1,21
2020-04-28,9309.05,9319.65,9307.85,9314.75,11:00:00,9300.238800946674,1,22
2020-04-28,9314.85,9319.4,9308.15,9308.15,11:05:00,9301.630343713658,1,23
2020-04-28,9300.35,9315.75,9297.7,9314.7,11:10:00,9301.50840621712,1,24
2020-04-28,9301.55,9307.05,9294.5,9300.7,11:15:00,9301.512367529776,1,25
2020-04-28,9310.35,9317.5,9299.15,9301.05,11:20:00,9302.354046812654,1,26
2020-04-28,9313.7,9318.0,9310.0,9310.05,11:25:00,9303.434613782878,1,27
2020-04-28,9300.6,9317.15,9300.5,9315.2,11:30:00,9303.16465056546,1,28
2020-04-28,9310.4,9316.95,9300.55,9300.95,11:35:00,9303.853731463989,1,29
2020-04-28,9312.45,9314.8,9305.8,9310.2,11:40:00,9304.672423705511,1,30
2020-04-28,9323.6,9326.45,9311.85,9311.85,11:45:00,9306.475050019277,1,31
2020-04-28,9324.9,9326.75,9318.05,9323.3,11:50:00,9308.229807160296,1,32
2020-04-28,9326.15,9329.3,9319.65,9325.5,11:55:00,9309.93649219265,1,33
2020-04-28,9311.0,9326.65,9310.75,9326.05,12:00:00,9310.037778650492,1,34
2020-04-28,9304.4,9314.15,9304.4,9310.45,12:05:00,9309.500847350446,1,35
2020-04-28,9292.0,9305.75,9289.75,9304.65,12:10:00,9307.834099983738,1,36
2020-04-28,9293.85,9300.05,9287.3,9291.6,12:15:00,9306.502280937668,1,37
2020-04-28,9281.45,9294.8,9276.45,9294.05,12:20:00,9304.116349419795,1,38
2020-04-28,9294.05,9296.35,9281.3,9281.65,12:25:00,9303.157649475052,1,39
2020-04-28,9292.75,9294.9,9286.65,9293.35,12:30:00,9302.166444763145,1,40
2020-04-28,9299.95,9300.85,9285.35,9292.7,12:35:00,9301.9553547857,1,41
2020-04-28,9314.7,9315.95,9299.95,9300.2,12:40:00,9303.169130520397,1,42
2020-04-28,9328.85,9329.45,9313.55,9314.75,12:45:00,9305.614927613691,1,43
2020-04-28,9323.95,9329.45,9312.85,9329.45,12:50:00,9307.361124983818,1,44
2020-04-28,9329.05,9336.65,9323.25,9323.65,12:55:00,9309.426732128217,1,45
2020-04-28,9317.3,9336.25,9316.4,9330.35,13:00:00,9310.176567163626,1,46
2020-04-28,9333.85,9333.85,9315.65,9316.6,13:05:00,9312.43117981471,1,47
2020-04-28,9340.8,9346.85,9333.3,9334.0,13:10:00,9315.132972213309,1,48
2020-04-28,9344.65,9354.0,9332.9,9341.2,13:15:00,9317.944117716805,1,49
2020-04-28,9359.5,9361.25,9345.0,9345.0,13:20:00,9321.901820791392,1,50
2020-04-28,9354.5,9365.95,9351.75,9359.55,13:25:00,9325.006409287447,1,51
2020-04-28,9353.8,9354.45,9343.2,9352.8,13:30:00,9327.74865602198,1,52
2020-04-28,9332.6,9354.85,9331.55,9354.4,13:35:00,9328.210688781792,1,53
2020-04-28,9337.75,9345.45,9326.9,9331.95,13:40:00,9329.119194612096,1,54
2020-04-28,9338.05,9344.65,9333.65,9337.95,13:45:00,9329.969747506182,1,55
2020-04-28,9352.0,9357.65,9337.35,9337.6,13:50:00,9332.067866791307,1,56
2020-04-28,9344.3,9355.3,9339.3,9352.35,13:55:00,9333.2328318588,1,57
2020-04-28,9345.0,9356.0,9343.4,9344.55,14:00:00,9334.353514538914,1,58
2020-04-28,9355.5,9359.8,9344.65,9345.25,14:05:00,9336.367465535208,1,59
2020-04-28,9365.45,9370.2,9349.15,9354.95,14:10:00,9339.137230722332,1,60
2020-04-28,9362.75,9371.95,9355.7,9365.55,14:15:00,9341.386065891636,1,61
2020-04-28,9358.2,9363.55,9352.1,9363.2,14:20:00,9342.987392949572,1,62
2020-04-28,9361.1,9361.75,9351.9,9358.65,14:25:00,9344.712403144851,1,63
2020-04-28,9360.15,9370.35,9359.75,9361.15,14:30:00,9346.18265046439,1,64
2020-04-28,9348.8,9360.55,9343.45,9359.45,14:35:00,9346.431921848734,1,65
2020-04-28,9347.8,9357.0,9346.4,9348.75,14:40:00,9346.562215005995,1,66
2020-04-28,9371.15,9374.65,9345.8,9347.55,14:45:00,9348.90390881495,1,67
2020-04-28,9369.45,9374.7,9362.6,9371.6,14:50:00,9350.860679404002,1,68
2020-04-28,9377.6,9381.5,9368.0,9369.4,14:55:00,9353.407281365526,1,69
2020-04-28,9364.1,9386.0,9363.15,9377.85,15:00:00,9354.425635521193,1,70
2020-04-28,9372.55,9372.95,9364.4,9364.4,15:05:00,9356.151765471554,1,71
2020-04-28,9384.35,9388.85,9369.65,9372.9,15:10:00,9358.83731161712,1,72
2020-04-28,9381.05,9385.1,9376.15,9384.8,15:15:00,9360.952805748822,1,73
2020-04-28,9388.15,9403.15,9376.9,9381.3,15:20:00,9363.543014725125,1,74
2020-04-28,9401.6,9404.4,9387.8,9387.9,15:25:00,9367.167489513207,1,75
2020-04-29,9417.65,9444.3,9392.35,9399.4,09:15:00,9371.975347654809,2,1
2020-04-29,9450.6,9459.05,9416.8,9416.8,09:20:00,9379.46340978292,2,2
2020-04-29,9453.8,9463.5,9441.7,9453.3,09:25:00,9386.54308504169,2,3
2020-04-29,9455.0,9469.95,9452.35,9454.2,09:30:00,9393.062791228196,2,4
2020-04-29,9456.4,9462.95,9449.0,9455.95,09:35:00,9399.09490634932,2,5
2020-04-29,9457.25,9466.6,9451.6,9456.05,09:40:00,9404.633486697005,2,6
2020-04-29,9461.1,9463.6,9443.75,9457.65,09:45:00,9410.011249868716,2,7
2020-04-29,9466.3,9470.3,9461.15,9461.15,09:50:00,9415.372083214552,2,8
2020-04-29,9455.25,9471.45,9455.25,9465.85,09:55:00,9419.169980051262,2,9
2020-04-29,9458.0,9462.3,9452.2,9454.65,10:00:00,9422.868077189236,2,10
2020-04-29,9457.8,9462.05,9446.55,9457.8,10:05:00,9426.194926980736,2,11
2020-04-29,9463.0,9466.65,9456.45,9457.6,10:10:00,9429.70017203019,2,12
2020-04-29,9474.9,9476.75,9461.05,9462.7,10:15:00,9434.004917551125,2,13
2020-04-29,9466.85,9480.65,9466.4,9475.05,10:20:00,9437.133020641497,2,14
2020-04-29,9475.45,9477.4,9461.15,9467.15,10:25:00,9440.782256770875,2,15
2020-04-29,9462.5,9477.55,9460.0,9475.6,10:30:00,9442.850613268887,2,16
2020-04-29,9469.45,9470.0,9455.95,9462.4,10:35:00,9445.383888195662,2,17
2020-04-29,9466.4,9471.25,9464.55,9469.35,10:40:00,9447.385422653217,2,18
2020-04-29,9473.25,9474.95,9466.55,9466.75,10:45:00,9449.848715733864,2,19
2020-04-29,9476.0,9477.6,9469.55,9473.95,10:50:00,9452.339314235402,2,20
2020-04-29,9472.35,9481.3,9469.2,9476.15,10:55:00,9454.24509383203,2,21
2020-04-29,9469.0,9478.25,9466.55,9472.5,11:00:00,9455.650322990885,2,22
2020-04-29,9475.2,9475.55,9462.05,9468.65,11:05:00,9457.512196991753,2,23
2020-04-29,9481.9,9484.05,9473.95,9475.95,11:10:00,9459.8348448973,2,24
2020-04-29,9486.7,9488.5,9481.05,9481.45,11:15:00,9462.393431097556,2,25
2020-04-29,9481.5,9488.3,9473.7,9486.15,11:20:00,9464.21310432636,2,26
2020-04-29,9488.85,9488.85,9481.75,9482.4,11:25:00,9466.559475342898,2,27
2020-04-29,9478.3,9490.05,9477.75,9488.9,11:30:00,9467.677620548337,2,28
2020-04-29,9482.6,9489.95,9477.4,9477.7,11:35:00,9469.098799543734,2,29
2020-04-29,9476.9,9488.55,9476.15,9482.55,11:40:00,9469.841771015756,2,30
2020-04-29,9482.45,9484.95,9471.2,9474.1,11:45:00,9471.042554728543,2,31
2020-04-29,9482.9,9490.45,9480.8,9481.4,11:50:00,9472.171835230589,2,32
2020-04-29,9480.5,9483.35,9475.8,9482.5,11:55:00,9472.964993780057,2,33
2020-04-29,9483.95,9487.6,9480.5,9480.85,12:00:00,9474.01118484862,2,34
2020-04-29,9481.1,9484.1,9475.45,9482.8,12:05:00,9474.686310101137,2,35
2020-04-29,9483.8,9487.85,9481.0,9481.25,12:10:00,9475.554280567694,2,36
2020-04-29,9486.55,9491.1,9482.6,9483.35,12:15:00,9476.6014919422,2,37
2020-04-29,9490.25,9494.95,9485.8,9486.25,12:20:00,9477.901349852467,2,38
2020-04-29,9488.25,9491.15,9483.3,9490.15,12:25:00,9478.886935580804,2,39
2020-04-29,9490.25,9493.75,9477.35,9487.65,12:30:00,9479.969132192156,2,40
2020-04-29,9498.05,9500.8,9488.05,9490.3,12:35:00,9481.691119602428,2,41
2020-04-29,9505.6,9511.9,9497.65,9498.15,12:40:00,9483.968155830768,2,42
2020-04-29,9508.05,9511.2,9498.65,9505.4,12:45:00,9486.261664799264,2,43
2020-04-29,9502.75,9508.35,9500.85,9508.35,12:50:00,9487.83198243743,2,44
2020-04-29,9507.3,9508.45,9495.45,9502.2,12:55:00,9489.686079348152,2,45
2020-04-29,9507.6,9511.3,9502.55,9506.9,13:00:00,9491.39216702928,2,46
2020-04-29,9511.9,9512.95,9500.65,9508.25,13:05:00,9493.345293978871,2,47
2020-04-29,9504.4,9512.1,9501.85,9510.95,13:10:00,9494.39812312374,2,48
2020-04-29,9496.0,9505.7,9490.7,9504.65,13:15:00,9494.550682826242,2,49
2020-04-29,9493.75,9497.9,9486.75,9495.8,13:20:00,9494.47442731898,2,50
2020-04-29,9503.7,9504.35,9492.25,9493.2,13:25:00,9495.353053288602,2,51
2020-04-29,9514.25,9519.55,9502.15,9503.3,13:30:00,9497.15276249921,2,52
2020-04-29,9497.5,9514.65,9496.35,9514.65,13:35:00,9497.18583273738,2,53
2020-04-29,9499.15,9506.45,9495.65,9496.7,13:40:00,9497.3728962862,2,54
2020-04-29,9495.5,9504.05,9492.05,9498.45,13:45:00,9497.194525211326,2,55
2020-04-29,9502.55,9502.7,9491.1,9496.0,13:50:00,9497.704570429294,2,56
2020-04-29,9500.4,9507.55,9493.45,9502.2,13:55:00,9497.961278007457,2,57
2020-04-29,9508.85,9508.95,9495.3,9500.25,14:00:00,9498.998299149604,2,58
2020-04-29,9524.35,9525.7,9507.25,9508.5,14:05:00,9501.412746849644,2,59
2020-04-29,9527.35,9533.25,9524.1,9524.9,14:10:00,9503.88296143539,2,60
2020-04-29,9533.55,9534.3,9521.1,9527.4,14:15:00,9506.70839367964,2,61
2020-04-29,9531.35,9541.4,9529.6,9536.05,14:20:00,9509.0552133292,2,62
2020-04-29,9539.2,9544.5,9530.35,9531.05,14:25:00,9511.926145393085,2,63
2020-04-29,9560.15,9561.0,9538.45,9539.3,14:30:00,9516.518893450886,2,64
2020-04-29,9568.75,9575.25,9559.25,9559.3,14:35:00,9521.4932845508,2,65
2020-04-29,9575.4,9578.2,9554.9,9569.4,14:40:00,9526.627257450724,2,66
2020-04-29,9597.55,9599.85,9574.3,9575.7,14:45:00,9533.38180436018,2,67
2020-04-29,9595.4,9598.8,9585.45,9597.35,14:50:00,9539.28829918302,2,68
2020-04-29,9585.35,9595.7,9574.9,9595.5,14:55:00,9543.675127832255,2,69
2020-04-29,9572.65,9589.35,9567.95,9587.75,15:00:00,9546.434639467278,2,70
2020-04-29,9566.2,9574.1,9554.8,9574.1,15:05:00,9548.31705475611,2,71
2020-04-29,9552.2,9565.7,9551.35,9564.0,15:10:00,9548.686859065052,2,72
2020-04-29,9545.4,9558.65,9544.4,9552.1,15:15:00,9548.37382486838,2,73
2020-04-29,9525.75,9548.45,9525.1,9545.75,15:20:00,9546.219174880916,2,74
2020-04-29,9536.15,9538.95,9524.65,9525.9,15:25:00,9545.26020584464,2,75
2020-04-30,9750.15,9757.8,9731.5,9740.75,09:15:00,9564.773519573722,3,1
2020-04-30,9772.0,9772.0,9743.8,9749.4,09:20:00,9584.509374852414,3,2
2020-04-30,9780.55,9786.2,9767.25,9773.2,09:25:00,9603.179910580757,3,3
2020-04-30,9806.5,9811.35,9773.6,9780.75,09:30:00,9622.543728620683,3,4
2020-04-30,9802.5,9815.65,9800.25,9805.65,09:35:00,9639.682421133002,3,5
2020-04-30,9811.4,9811.6,9789.05,9802.85,09:40:00,9656.036476263193,3,6
2020-04-30,9799.85,9812.7,9793.4,9811.55,09:45:00,9669.733002333363,3,7
2020-04-30,9795.35,9802.85,9790.8,9800.25,09:50:00,9681.696525920664,3,8
2020-04-30,9812.35,9813.65,9794.1,9795.0,09:55:00,9694.13971392822,3,9
2020-04-30,9827.9,9831.8,9811.5,9812.9,10:00:00,9706.8787887922,3,10
2020-04-30,9833.5,9840.85,9825.9,9828.55,10:05:00,9718.93795176437,3,11
2020-04-30,9837.35,9842.35,9829.35,9833.75,10:10:00,9730.215289691572,3,12
2020-04-30,9838.9,9841.15,9824.6,9838.05,10:15:00,9740.566214482851,3,13
2020-04-30,9849.55,9860.4,9835.65,9838.65,10:20:00,9750.94562262734,3,14
2020-04-30,9837.15,9849.15,9830.85,9848.9,10:25:00,9759.1555633295,3,15
2020-04-30,9836.55,9846.6,9834.1,9836.15,10:30:00,9766.526462060025,3,16
2020-04-30,9834.1,9839.6,9828.1,9836.75,10:35:00,9772.962037101926,3,17
2020-04-30,9835.85,9836.4,9826.2,9833.75,10:40:00,9778.951366901743,3,18
2020-04-30,9830.85,9840.85,9826.25,9835.8,10:45:00,9783.894093863482,3,19
2020-04-30,9837.4,9840.75,9829.3,9830.1,10:50:00,9788.989894447912,3,20
2020-04-30,9827.7,9837.95,9821.2,9837.95,10:55:00,9792.67657116716,3,21
2020-04-30,9833.85,9836.5,9825.75,9828.25,11:00:00,9796.59785010362,3,22
2020-04-30,9846.4,9850.5,9832.6,9833.75,11:05:00,9801.340911998514,3,23
2020-04-30,9841.85,9853.65,9840.9,9847.3,11:10:00,9805.19892037961,3,24
2020-04-30,9839.0,9843.9,9835.1,9842.25,11:15:00,9808.418070819644,3,25
2020-04-30,9838.95,9844.5,9838.05,9839.2,11:20:00,9811.325873598726,3,26
2020-04-30,9837.2,9840.5,9832.2,9840.5,11:25:00,9813.790076113131,3,27
2020-04-30,9833.2,9839.35,9827.7,9836.7,11:30:00,9815.638640292836,3,28
2020-04-30,9836.55,9838.65,9828.3,9832.55,11:35:00,9817.630198360182,3,29
2020-04-30,9835.65,9844.55,9834.05,9837.05,11:40:00,9819.346369944928,3,30
2020-04-30,9838.2,9839.8,9830.7,9835.1,11:45:00,9821.141953759698,3,31
2020-04-30,9848.85,9848.85,9833.25,9837.25,11:50:00,9823.780815306392,3,32
2020-04-30,9852.35,9855.75,9843.65,9848.35,11:55:00,9826.501690039118,3,33
2020-04-30,9851.55,9860.9,9849.4,9852.55,12:00:00,9828.887243368728,3,34
2020-04-30,9861.5,9864.6,9853.45,9853.45,12:05:00,9831.993220190754,3,35
2020-04-30,9864.3,9865.1,9855.25,9861.4,12:10:00,9835.070056363063,3,36
2020-04-30,9873.35,9874.05,9860.9,9865.4,12:15:00,9838.715765280867,3,37
2020-04-30,9881.0,9889.05,9869.05,9872.55,12:20:00,9842.742835254116,3,38
2020-04-30,9877.15,9883.35,9874.75,9881.6,12:25:00,9846.019708087058,3,39
2020-04-30,9845.6,9877.5,9841.75,9877.05,12:30:00,9845.97973588829,3,40
2020-04-30,9850.25,9862.55,9844.8,9844.8,12:35:00,9846.386427708452,3,41
2020-04-30,9848.5,9850.45,9836.15,9850.3,12:40:00,9846.587720307649,3,42
2020-04-30,9835.55,9849.75,9825.3,9849.45,12:45:00,9845.536508849778,3,43
2020-04-30,9818.9,9836.5,9803.5,9836.3,12:50:00,9842.999698483132,3,44
2020-04-30,9812.45,9833.35,9812.45,9820.05,12:55:00,9840.0902033895,3,45
2020-04-30,9800.4,9821.35,9798.35,9812.2,13:00:00,9836.310184019072,3,46
2020-04-30,9789.15,9800.8,9777.0,9799.65,13:05:00,9831.818737922016,3,47
2020-04-30,9813.15,9825.8,9788.25,9789.1,13:10:00,9830.040762881825,3,48
2020-04-30,9807.8,9820.55,9805.35,9813.3,13:15:00,9827.922594988318,3,49
2020-04-30,9812.15,9815.9,9800.85,9808.95,13:20:00,9826.42044308467,3,50
2020-04-30,9815.35,9819.45,9803.0,9812.6,13:25:00,9825.366115171842,3,51
2020-04-30,9807.8,9823.1,9805.95,9813.35,13:30:00,9823.693151822145,3,52
2020-04-30,9801.5,9807.65,9789.9,9807.65,13:35:00,9821.579518315271,3,53
2020-04-30,9789.7,9804.25,9785.05,9802.35,13:40:00,9818.54337371382,3,54
2020-04-30,9804.85,9805.8,9779.35,9789.6,13:45:00,9817.23924288393,3,55
2020-04-30,9800.2,9811.2,9794.55,9804.15,13:50:00,9815.616457847364,3,56
2020-04-30,9800.45,9808.4,9794.6,9799.6,13:55:00,9814.172033290472,3,57
2020-04-30,9822.8,9825.35,9798.45,9800.8,14:00:00,9814.993744405669,3,58
2020-04-30,9815.35,9835.95,9812.6,9823.3,14:05:00,9815.027673509889,3,59
2020-04-30,9811.05,9823.3,9807.6,9816.1,14:10:00,9814.648847461329,3,60
2020-04-30,9803.8,9815.3,9796.0,9810.6,14:15:00,9813.61562389358,3,61
2020-04-30,9812.55,9815.1,9801.45,9802.05,14:20:00,9813.514135903715,3,62
2020-04-30,9793.4,9819.0,9793.25,9811.7,14:25:00,9811.598503912886,3,63
2020-04-30,9802.55,9802.55,9784.5,9792.95,14:30:00,9810.73674163547,3,64
2020-04-30,9811.6,9813.35,9798.9,9803.1,14:35:00,9810.818956717803,3,65
2020-04-30,9811.7,9817.25,9807.35,9811.35,14:40:00,9810.902865601824,3,66
2020-04-30,9805.4,9812.45,9796.3,9812.25,14:45:00,9810.378783163556,3,67
2020-04-30,9798.3,9808.35,9794.25,9806.05,14:50:00,9809.228422862265,3,68
2020-04-30,9771.0,9799.6,9766.8,9798.1,14:55:00,9805.587620684908,3,69
2020-04-30,9847.0,9847.0,9772.15,9772.15,15:00:00,9809.531656810152,3,70
2020-04-30,9856.75,9867.8,9846.7,9846.7,15:05:00,9814.028641875851,3,71
2020-04-30,9871.5,9873.15,9855.4,9855.6,15:10:00,9819.502104554344,3,72
2020-04-30,9881.75,9882.4,9871.7,9871.75,15:15:00,9825.430475549168,3,73
2020-04-30,9866.0,9884.5,9862.8,9880.95,15:20:00,9829.29423978258,3,74
2020-04-30,9852.0,9866.2,9848.1,9865.75,15:25:00,9831.45669313662,3,75
2020-05-04,9435.75,9513.0,9435.75,9513.0,09:15:00,9793.770341409325,0,1
2020-05-04,9442.15,9454.15,9425.6,9439.6,09:20:00,9760.28268984653,0,2
2020-05-04,9453.8,9466.15,9434.9,9443.8,09:25:00,9731.093862242098,0,3
2020-05-04,9434.15,9456.3,9428.05,9452.85,09:30:00,9702.813494409518,0,4
2020-05-04,9428.15,9438.45,9412.5,9433.5,09:35:00,9676.655066370517,0,5
2020-05-04,9415.95,9427.4,9410.85,9427.4,09:40:00,9651.826012430469,0,6
2020-05-04,9421.25,9422.5,9400.95,9414.85,09:45:00,9629.866392198994,0,7
2020-05-04,9398.1,9425.55,9396.75,9420.45,09:50:00,9607.793402465755,0,8
2020-05-04,9380.65,9406.75,9380.65,9397.7,09:55:00,9586.160697469017,0,9
2020-05-04,9361.9,9379.35,9355.05,9379.35,10:00:00,9564.802535805302,0,10
2020-05-04,9358.25,9370.35,9353.4,9362.65,10:05:00,9545.130865728606,0,11
2020-05-04,9377.2,9380.5,9357.2,9357.95,10:10:00,9529.13744994493,0,12
2020-05-04,9381.1,9386.0,9366.25,9377.3,10:15:00,9515.03864518827,0,13
2020-05-04,9368.7,9385.6,9366.85,9380.8,10:20:00,9501.101631360816,0,14
2020-05-04,9390.85,9396.0,9366.85,9367.8,10:25:00,9490.60147599312,0,15
2020-05-04,9392.6,9403.95,9385.35,9391.2,10:30:00,9481.268002089011,0,16
2020-05-04,9388.65,9393.95,9383.3,9393.35,10:35:00,9472.447239985297,0,17
2020-05-04,9394.85,9396.65,9379.6,9390.05,10:40:00,9465.057026653363,0,18
2020-05-04,9394.25,9407.3,9390.35,9394.45,10:45:00,9458.313500305425,0,19
2020-05-04,9398.65,9408.05,9394.15,9394.15,10:50:00,9452.631262181098,0,20
2020-05-04,9377.9,9398.9,9377.9,9398.85,10:55:00,9445.51399911623,0,21
2020-05-04,9376.4,9386.6,9373.0,9377.95,11:00:00,9438.931713486114,0,22
2020-05-04,9393.55,9394.25,9375.55,9376.2,11:05:00,9434.609645535056,0,23
2020-05-04,9384.75,9392.65,9380.5,9392.6,11:10:00,9429.86110786505,0,24
2020-05-04,9378.2,9384.8,9374.25,9384.8,11:15:00,9424.941002354091,0,25
2020-05-04,9351.3,9379.6,9348.45,9377.3,11:20:00,9417.927573558463,0,26
2020-05-04,9359.9,9364.65,9345.15,9351.05,11:25:00,9412.401137981467,0,27
2020-05-04,9350.4,9360.2,9348.4,9360.05,11:30:00,9406.496267697516,0,28
2020-05-04,9367.75,9369.7,9350.15,9350.75,11:35:00,9402.80614696442,0,29
2020-05-04,9364.75,9376.55,9357.45,9367.55,11:40:00,9399.181752015427,0,30
2020-05-04,9361.85,9365.8,9351.9,9364.8,11:45:00,9395.626347061578,0,31
2020-05-04,9368.25,9372.15,9361.5,9363.15,11:50:00,9393.019075912856,0,32
2020-05-04,9370.15,9373.35,9361.35,9368.3,11:55:00,9390.84106868306,0,33
2020-05-04,9378.05,9381.55,9369.75,9369.75,12:00:00,9389.622871665626,0,34
2020-05-04,9386.45,9387.95,9377.8,9377.8,12:05:00,9389.320693411755,0,35
2020-05-04,9376.8,9390.35,9371.75,9387.1,12:10:00,9388.12824642016,0,36
2020-05-04,9386.55,9389.3,9375.6,9376.75,12:15:00,9387.977937237289,0,37
2020-05-04,9376.85,9390.85,9375.9,9386.15,12:20:00,9386.91813369088,0,38
2020-05-04,9377.9,9380.25,9367.9,9377.3,12:25:00,9386.059263815558,0,39
2020-05-04,9378.55,9381.7,9368.5,9378.2,12:30:00,9385.344095833125,0,40
2020-05-04,9383.8,9383.95,9375.6,9379.1,12:35:00,9385.19703908711,0,41
2020-05-04,9378.15,9384.3,9374.55,9383.95,12:40:00,9384.525892507383,0,42
2020-05-04,9364.55,9378.65,9360.7,9378.65,12:45:00,9382.6234265543,0,43
2020-05-04,9356.85,9367.9,9353.65,9364.25,12:50:00,9380.16881450151,0,44
2020-05-04,9353.85,9361.8,9342.5,9355.75,12:55:00,9377.662260739462,0,45
2020-05-04,9351.7,9360.85,9348.3,9353.75,13:00:00,9375.18966447856,0,46
2020-05-04,9355.45,9363.75,9351.35,9351.35,13:05:00,9373.309696432983,0,47
2020-05-04,9357.05,9363.75,9352.9,9355.25,13:10:00,9371.761153915557,0,48
2020-05-04,9359.1,9364.6,9351.25,9356.85,13:15:00,9370.555329733124,0,49
2020-05-04,9370.6,9370.6,9358.1,9359.85,13:20:00,9370.559584044257,0,50
2020-05-04,9360.1,9372.15,9360.1,9370.55,13:25:00,9369.5634331829,0,51
2020-05-04,9360.1,9361.6,9349.6,9359.95,13:30:00,9368.662153832143,0,52
2020-05-04,9366.2,9380.85,9359.7,9360.05,13:35:00,9368.42766299099,0,53
2020-05-04,9355.25,9367.6,9353.25,9366.6,13:40:00,9367.172647468038,0,54
2020-05-04,9343.5,9356.1,9331.35,9354.8,13:45:00,9364.91810961394,0,55
2020-05-04,9331.95,9347.55,9330.85,9342.75,13:50:00,9361.778289650709,0,56
2020-05-04,9343.8,9343.8,9326.0,9330.8,13:55:00,9360.066071588735,0,57
2020-05-04,9321.35,9345.4,9313.3,9345.05,14:00:00,9356.378826675522,0,58
2020-05-04,9319.55,9324.3,9313.05,9321.05,14:05:00,9352.871319373093,0,59
2020-05-04,9319.75,9326.15,9313.85,9319.3,14:10:00,9349.716908004228,0,60
2020-05-04,9310.0,9324.25,9303.1,9319.65,14:15:00,9345.934345337158,0,61
2020-05-04,9320.45,9323.65,9305.0,9309.65,14:20:00,9343.507264828855,0,62
2020-05-04,9305.7,9322.55,9302.6,9320.9,14:25:00,9339.906572940394,0,63
2020-05-04,9295.7,9308.0,9294.6,9304.45,14:30:00,9335.696423136544,0,64
2020-05-04,9292.4,9297.05,9283.55,9295.25,14:35:00,9331.5729542664,0,65
2020-05-04,9284.05,9295.3,9282.75,9292.15,14:40:00,9327.04695862198,0,66
2020-05-04,9274.6,9287.85,9266.95,9283.5,14:45:00,9322.052010181793,0,67
2020-05-04,9294.55,9294.7,9270.4,9274.65,14:50:00,9319.43277111686,0,68
2020-05-04,9304.4,9310.95,9294.85,9294.85,14:55:00,9318.00107862954,0,69
2020-05-04,9289.45,9304.95,9287.7,9304.0,15:00:00,9315.28192828387,0,70
2020-05-04,9291.65,9293.65,9286.2,9289.15,15:05:00,9313.03126844731,0,71
2020-05-04,9278.35,9296.3,9276.2,9292.25,15:10:00,9309.728290499948,0,72
2020-05-04,9285.8,9290.8,9279.2,9279.2,15:15:00,9307.449405690428,0,73
2020-05-04,9308.7,9308.75,9284.65,9286.6,15:20:00,9307.568509910388,0,74
2020-05-04,9305.1,9314.7,9300.0,9309.3,15:25:00,9307.333413728446,0,75
2020-05-05,9441.55,9450.9,9414.3,9417.3,09:15:00,9320.115945754307,1,1
2020-05-05,9416.75,9448.7,9416.4,9441.35,09:20:00,9329.319189015803,1,2
2020-05-05,9391.6,9416.7,9387.0,9414.7,09:25:00,9335.250694823822,1,3
2020-05-05,9399.75,9411.8,9379.65,9390.0,09:30:00,9341.393485792983,1,4
2020-05-05,9416.8,9422.05,9397.15,9399.95,09:35:00,9348.575058574605,1,5
2020-05-05,9431.7,9431.7,9408.75,9416.6,09:40:00,9356.491719662738,1,6
2020-05-05,9423.45,9432.05,9418.2,9431.8,09:45:00,9362.868698742475,1,7
2020-05-05,9383.1,9423.15,9377.15,9422.75,09:50:00,9364.795489338432,1,8
2020-05-05,9381.7,9391.05,9366.45,9383.3,09:55:00,9366.405442734773,1,9
2020-05-05,9355.95,9381.45,9355.3,9381.45,10:00:00,9365.40968628384,1,10
2020-05-05,9347.8,9364.35,9340.55,9354.85,10:05:00,9363.732573304427,1,11
2020-05-05,9369.3,9369.45,9334.0,9346.95,10:10:00,9364.262804418291,1,12
2020-05-05,9392.45,9394.25,9367.3,9369.4,10:15:00,9366.947299235597,1,13
2020-05-05,9382.6,9409.0,9377.75,9394.4,10:20:00,9368.43803264173,1,14
2020-05-05,9383.1,9394.0,9372.2,9383.45,10:25:00,9369.834410485377,1,15
2020-05-05,9388.95,9391.0,9379.85,9382.7,10:30:00,9371.6549428201,1,16
2020-05-05,9377.65,9388.7,9371.3,9388.05,10:35:00,9372.225900646758,1,17
2020-05-05,9380.65,9388.8,9376.95,9376.95,10:40:00,9373.028195823255,1,18
2020-05-05,9374.3,9381.25,9370.7,9379.4,10:45:00,9373.149320030563,1,19
2020-05-05,9384.85,9386.0,9369.8,9374.2,10:50:00,9374.263670503844,1,20
2020-05-05,9386.65,9390.95,9383.6,9384.8,10:55:00,9375.44332093205,1,21
2020-05-05,9396.55,9406.75,9386.35,9386.75,11:00:00,9377.453480843284,1,22
2020-05-05,9393.75,9400.55,9393.15,9395.9,11:05:00,9379.00553028678,1,23
2020-05-05,9378.0,9393.1,9373.85,9393.1,11:10:00,9378.909765497565,1,24
2020-05-05,9371.25,9377.8,9367.95,9376.95,11:15:00,9378.180264021605,1,25
2020-05-05,9357.45,9370.45,9354.2,9370.45,11:20:00,9376.205953162404,1,26
2020-05-05,9357.2,9369.45,9357.1,9357.9,11:25:00,9374.395862385032,1,27
2020-05-05,9364.1,9366.2,9352.2,9358.15,11:30:00,9373.41530406265,1,28
2020-05-05,9372.1,9374.2,9356.7,9364.6,11:35:00,9373.290037009065,1,29
2020-05-05,9368.95,9372.0,9364.25,9371.15,11:40:00,9372.87670015106,1,30
2020-05-05,9355.2,9370.5,9354.65,9368.8,11:45:00,9371.193204898578,1,31
2020-05-05,9352.7,9355.3,9346.4,9354.1,11:50:00,9369.43194728919,1,32
2020-05-05,9338.35,9353.0,9330.5,9352.55,11:55:00,9366.471761833076,1,33
2020-05-05,9317.75,9338.05,9312.9,9337.8,12:00:00,9361.83159403945,1,34
2020-05-05,9334.05,9336.9,9317.6,9317.6,12:05:00,9359.185727940456,1,35
2020-05-05,9342.3,9348.65,9333.55,9334.15,12:10:00,9357.577563374698,1,36
2020-05-05,9321.75,9342.65,9321.3,9342.65,12:15:00,9354.16541448187,1,37
2020-05-05,9313.35,9321.5,9306.55,9320.85,12:20:00,9350.278232150264,1,38
2020-05-05,9336.25,9336.25,9302.9,9313.0,12:25:00,9348.942210040714,1,39
2020-05-05,9328.4,9338.8,9320.0,9335.9,12:30:00,9346.985809084455,1,40
2020-05-05,9321.05,9328.7,9313.7,9328.7,12:35:00,9344.515732028794,1,41
2020-05-05,9322.85,9326.45,9312.85,9319.2,12:40:00,9342.452328978434,1,42
2020-05-05,9335.45,9349.8,9320.95,9323.05,12:45:00,9341.785440504298,1,43
2020-05-05,9347.75,9350.8,9332.95,9335.75,12:50:00,9342.353493789604,1,44
2020-05-05,9342.45,9358.65,9341.35,9347.9,12:55:00,9342.36268485726,1,45
2020-05-05,9370.35,9379.55,9345.3,9345.3,13:00:00,9345.028143442283,1,46
2020-05-05,9373.2,9384.2,9364.5,9371.05,13:05:00,9347.71117740016,1,47
2020-05-05,9371.05,9374.8,9360.05,9373.5,13:10:00,9349.93392240967,1,48
2020-05-05,9357.35,9376.25,9351.55,9371.15,13:15:00,9350.64021551351,1,49
2020-05-05,9364.75,9367.2,9354.9,9357.3,13:20:00,9351.984004512222,1,50
2020-05-05,9364.05,9372.8,9361.05,9364.2,13:25:00,9353.133146939628,1,51
2020-05-05,9372.75,9372.75,9353.6,9364.3,13:30:00,9355.001418659664,1,52
2020-05-05,9369.35,9380.5,9366.7,9374.0,13:35:00,9356.367950215888,1,53
2020-05-05,9384.25,9391.8,9368.55,9369.6,13:40:00,9359.02338352866,1,54
2020-05-05,9360.05,9386.2,9358.6,9384.2,13:45:00,9359.12115652593,1,55
2020-05-05,9362.45,9369.95,9347.8,9360.1,13:50:00,9359.438189237744,1,56
2020-05-05,9359.3,9375.75,9357.45,9361.9,13:55:00,9359.42502835796,1,57
2020-05-05,9338.8,9359.35,9330.75,9359.35,14:00:00,9357.460739942915,1,58
2020-05-05,9334.2,9352.9,9329.15,9338.4,14:05:00,9355.245431376925,1,59
2020-05-05,9333.85,9337.5,9318.65,9332.7,14:10:00,9353.207771245789,1,60
2020-05-05,9311.95,9334.25,9307.15,9332.75,14:15:00,9349.27845969857,1,61
2020-05-05,9302.05,9324.0,9301.1,9312.6,14:20:00,9344.780511155848,1,62
2020-05-05,9278.55,9316.4,9278.55,9301.45,14:25:00,9338.47284342672,1,63
2020-05-05,9273.2,9279.95,9258.25,9279.2,14:30:00,9332.256382147983,1,64
2020-05-05,9264.95,9273.35,9244.6,9273.3,14:35:00,9325.846250514842,1,65
2020-05-05,9259.9,9283.8,9257.15,9265.6,14:40:00,9319.565655227714,1,66
2020-05-05,9259.35,9279.65,9256.6,9260.3,14:45:00,9313.830830920311,1,67
2020-05-05,9232.3,9261.85,9229.55,9259.0,14:50:00,9306.065989880282,1,68
2020-05-05,9232.8,9247.15,9213.15,9231.05,14:55:00,9299.08827655835,1,69
2020-05-05,9205.3,9231.55,9201.95,9231.55,15:00:00,9290.156059743267,1,70
2020-05-05,9209.55,9217.3,9193.4,9204.9,15:05:00,9282.479292148671,1,71
2020-05-05,9199.05,9209.8,9190.75,9209.4,15:10:00,9274.533645277372,1,72
2020-05-05,9207.2,9211.2,9198.6,9199.8,15:15:00,9268.120917155717,1,73
2020-05-05,9212.75,9222.0,9201.5,9207.45,15:20:00,9262.84749647422,1,74
2020-05-05,9222.45,9222.9,9210.1,9214.05,15:25:00,9259.000115857629,1,75
2020-05-06,9167.1,9223.9,9148.55,9221.95,09:15:00,9242.328893026312,2,1
2020-05-06,9155.55,9174.3,9134.4,9163.7,09:20:00,9234.064236547616,2,2
2020-05-06,9142.1,9173.5,9139.8,9155.0,09:25:00,9225.305737828794,2,3
2020-05-06,9140.7,9142.0,9116.5,9141.9,09:30:00,9217.248048511765,2,4
2020-05-06,9139.15,9144.8,9122.6,9139.8,09:35:00,9209.810139129691,2,5
2020-05-06,9145.3,9156.2,9128.1,9138.65,09:40:00,9203.666316355437,2,6
2020-05-06,9153.75,9154.4,9125.75,9146.2,09:45:00,9198.91238146444,2,7
2020-05-06,9173.55,9178.0,9154.6,9155.1,09:50:00,9196.496916563065,2,8
2020-05-06,9230.05,9250.8,9176.15,9177.75,09:55:00,9199.692448318963,2,9
2020-05-06,9241.1,9242.35,9207.05,9228.65,10:00:00,9203.63602466954,2,10
2020-05-06,9254.75,9267.65,9240.0,9242.0,10:05:00,9208.504022320058,2,11
2020-05-06,9279.95,9285.9,9248.55,9256.25,10:10:00,9215.308401146718,2,12
2020-05-06,9269.3,9283.05,9255.85,9279.35,10:15:00,9220.450458180365,2,13
2020-05-06,9294.4,9300.15,9267.95,9269.1,10:20:00,9227.493271686995,2,14
2020-05-06,9321.15,9322.6,9289.15,9293.3,10:25:00,9236.412960097758,2,15
2020-05-06,9302.5,9331.95,9291.5,9322.0,10:30:00,9242.706963897972,2,16
2020-05-06,9305.85,9306.2,9277.45,9301.25,10:35:00,9248.72058638388,2,17
2020-05-06,9280.1,9307.4,9279.7,9305.9,10:40:00,9251.709101966368,2,18
2020-05-06,9301.6,9308.4,9275.3,9279.95,10:45:00,9256.460616064807,2,19
2020-05-06,9309.3,9313.65,9298.7,9300.15,10:50:00,9261.492938344352,2,20
2020-05-06,9330.0,9333.95,9308.85,9309.2,10:55:00,9268.017420406795,2,21
2020-05-06,9323.2,9346.9,9319.4,9329.05,11:00:00,9273.272904177576,2,22
2020-05-06,9316.95,9324.2,9312.3,9323.85,11:05:00,9277.432627589236,2,23
2020-05-06,9313.9,9325.95,9312.15,9317.4,11:10:00,9280.905710675976,2,24
2020-05-06,9325.55,9333.25,9307.3,9313.85,11:15:00,9285.157547754454,2,25
2020-05-06,9316.1,9326.8,9315.7,9325.4,11:20:00,9288.104447968317,2,26
2020-05-06,9306.7,9318.9,9292.0,9315.95,11:25:00,9289.875452923714,2,27
2020-05-06,9303.55,9320.1,9302.1,9307.55,11:30:00,9291.177790740505,2,28
2020-05-06,9291.1,9314.2,9286.35,9303.65,11:35:00,9291.170382098551,2,29
2020-05-06,9280.85,9292.1,9276.0,9291.75,11:40:00,9290.187488565356,2,30
2020-05-06,9306.7,9307.75,9269.05,9280.65,11:45:00,9291.760108701988,2,31
2020-05-06,9298.95,9316.1,9293.95,9307.25,11:50:00,9292.44486025418,2,32
2020-05-06,9307.1,9318.4,9299.3,9299.3,11:55:00,9293.84058784902,2,33
2020-05-06,9326.0,9326.3,9307.75,9307.75,12:00:00,9296.903389006256,2,34
2020-05-06,9329.85,9334.8,9317.35,9327.0,12:05:00,9300.04116148185,2,35
2020-05-06,9327.05,9332.9,9318.95,9330.1,12:10:00,9302.613431816912,2,36
2020-05-06,9315.95,9343.3,9314.6,9327.25,12:15:00,9303.883581167682,2,37
2020-05-06,9304.9,9321.2,9304.6,9315.7,12:20:00,9303.980382961236,2,38
2020-05-06,9306.95,9314.1,9299.5,9305.25,12:25:00,9304.263203631594,2,39
2020-05-06,9304.35,9309.05,9295.4,9306.55,12:30:00,9304.271469952397,2,40
2020-05-06,9312.55,9315.2,9286.65,9304.0,12:35:00,9305.0599013855,2,41
2020-05-06,9301.9,9320.65,9301.9,9312.45,12:40:00,9304.758958396404,2,42
2020-05-06,9307.3,9314.25,9298.2,9301.95,12:45:00,9305.00096235865,2,43
2020-05-06,9309.65,9314.05,9304.85,9308.25,12:50:00,9305.443727848302,2,44
2020-05-06,9300.9,9310.95,9287.35,9310.3,12:55:00,9305.01099186275,2,45
2020-05-06,9291.05,9303.0,9287.85,9301.05,13:00:00,9303.681373590109,2,46
2020-05-06,9284.65,9291.15,9270.85,9291.15,13:05:00,9301.86886181962,2,47
2020-05-06,9267.05,9290.3,9266.8,9283.7,13:10:00,9298.552779741563,2,48
2020-05-06,9272.55,9275.6,9258.65,9264.45,13:15:00,9296.07632452808,2,49
2020-05-06,9293.75,9299.25,9272.8,9272.8,13:20:00,9295.854769811122,2,50
2020-05-06,9281.3,9298.6,9281.3,9293.15,13:25:00,9294.46860125768,2,51
2020-05-06,9289.65,9295.25,9276.2,9280.8,13:30:00,9294.009686852189,2,52
2020-05-06,9317.95,9323.4,9284.5,9289.7,13:35:00,9296.289716675788,2,53
2020-05-06,9313.7,9331.5,9310.9,9317.2,13:40:00,9297.94783889714,2,54
2020-05-06,9316.35,9328.6,9313.85,9314.3,13:45:00,9299.70042566884,2,55
2020-05-06,9292.35,9318.3,9287.1,9316.45,13:50:00,9299.000385128951,2,56
2020-05-06,9289.85,9301.45,9284.95,9291.5,13:55:00,9298.128919878576,2,57
2020-05-06,9299.75,9300.8,9278.9,9289.35,14:00:00,9298.28330846157,2,58
2020-05-06,9298.8,9308.15,9292.3,9300.0,14:05:00,9298.332517179517,2,59
2020-05-06,9282.55,9303.1,9278.9,9299.15,14:10:00,9296.829420305276,2,60
2020-05-06,9259.75,9283.25,9259.3,9282.3,14:15:00,9293.298046942868,2,61
2020-05-06,9233.85,9258.75,9219.15,9258.15,14:20:00,9287.636328186403,2,62
2020-05-06,9231.2,9257.35,9223.2,9233.15,14:25:00,9282.261439787697,2,63
2020-05-06,9203.45,9244.5,9197.4,9230.25,14:30:00,9274.755588379345,2,64
2020-05-06,9211.0,9222.55,9188.55,9202.65,14:35:00,9268.683627581311,2,65
2020-05-06,9239.35,9246.85,9204.1,9210.15,14:40:00,9265.889948764045,2,66
2020-05-06,9227.85,9241.7,9213.15,9238.75,14:45:00,9262.267096500804,2,67
2020-05-06,9224.7,9236.1,9221.15,9227.2,14:50:00,9258.68927778644,2,68
2020-05-06,9264.6,9264.6,9220.7,9224.55,14:55:00,9259.252203711543,2,69
2020-05-06,9262.75,9286.2,9252.45,9264.1,15:00:00,9259.585327167586,2,70
2020-05-06,9261.3,9273.3,9252.75,9262.55,15:05:00,9259.7486293421,2,71
2020-05-06,9270.45,9273.8,9253.9,9263.55,15:10:00,9260.767807499997,2,72
2020-05-06,9272.7,9278.7,9265.7,9270.65,15:15:00,9261.90420678571,2,73
2020-05-06,9272.65,9288.4,9267.5,9273.15,15:20:00,9262.927615663262,2,74
2020-05-06,9287.65,9289.5,9272.25,9273.15,15:25:00,9265.282128457236,2,75
2020-05-07,9211.0,9222.9,9175.9,9222.9,09:15:00,9260.1124019375,3,1
2020-05-07,9246.9,9259.1,9198.25,9207.9,09:20:00,9258.854077943452,3,2
2020-05-07,9218.4,9248.15,9209.45,9246.25,09:25:00,9255.001308615503,3,3
2020-05-07,9234.55,9235.15,9201.25,9217.9,09:30:00,9253.053564937838,3,4
2020-05-07,9221.0,9240.9,9220.2,9234.5,09:35:00,9250.00084446757,3,5
2020-05-07,9235.15,9239.5,9219.65,9220.25,09:40:00,9248.5864783278,3,6
2020-05-07,9240.35,9247.0,9227.2,9236.3,09:45:00,9247.80205182039,3,7
2020-05-07,9245.4,9266.35,9240.15,9240.6,09:50:00,9247.573284980352,3,8
2020-05-07,9263.2,9268.0,9245.75,9246.1,09:55:00,9249.061543553657,3,9
2020-05-07,9247.15,9277.85,9244.8,9262.85,10:00:00,9248.87949178664,3,10
2020-05-07,9237.8,9251.6,9232.6,9246.15,10:05:00,9247.824302092671,3,11
2020-05-07,9240.7,9248.35,9229.25,9237.0,10:10:00,9247.145797131468,3,12
2020-05-07,9241.2,9251.65,9237.7,9238.8,10:15:00,9246.579530737994,3,13
2020-05-07,9230.5,9243.4,9228.85,9240.9,10:20:00,9245.048146858186,3,14
2020-05-07,9229.35,9232.1,9218.8,9229.45,10:25:00,9243.553085252644,3,15
2020-05-07,9226.3,9229.15,9211.5,9229.15,10:30:00,9241.909934276202,3,16
2020-05-07,9211.75,9230.25,9207.7,9226.05,10:35:00,9239.03755958323,3,17
2020-05-07,9196.65,9213.5,9189.4,9211.15,10:40:00,9235.000649146732,3,18
2020-05-07,9208.2,9210.4,9196.7,9197.3,10:45:00,9232.448206370853,3,19
2020-05-07,9212.1,9224.0,9207.55,9207.8,10:50:00,9230.51028195458,3,20
2020-05-07,9212.35,9213.05,9203.05,9212.75,10:55:00,9228.78073129224,3,21
2020-05-07,9209.55,9228.25,9209.1,9212.3,11:00:00,9226.949233073932,3,22
2020-05-07,9203.6,9210.45,9197.0,9209.45,11:05:00,9224.7254965907,3,23
2020-05-07,9214.8,9218.45,9203.6,9203.9,11:10:00,9223.78021120111,3,24
2020-05-07,9223.25,9227.5,9214.75,9214.75,11:15:00,9223.729714896244,3,25
2020-05-07,9218.25,9227.1,9215.85,9223.4,11:20:00,9223.207837287076,3,26
2020-05-07,9217.75,9228.6,9209.5,9218.45,11:25:00,9222.688043259735,3,27
2020-05-07,9235.45,9238.15,9216.8,9217.3,11:30:00,9223.90346771119,3,28
2020-05-07,9237.8,9240.25,9227.3,9235.05,11:35:00,9225.22694697679,3,29
2020-05-07,9232.85,9238.25,9227.35,9238.2,11:40:00,9225.95295202662,3,30
2020-05-07,9221.75,9238.35,9220.95,9233.0,11:45:00,9225.552670881229,3,31
2020-05-07,9214.0,9222.5,9207.8,9221.9,11:50:00,9224.452416511587,3,32
2020-05-07,9221.15,9224.35,9213.4,9213.9,11:55:00,9224.13790065334,3,33
2020-05-07,9209.45,9224.4,9208.85,9221.7,12:00:00,9222.73905297207,3,34
2020-05-07,9202.15,9209.4,9200.45,9209.4,12:05:00,9220.778190784256,3,35
2020-05-07,9208.45,9210.7,9202.25,9202.65,12:10:00,9219.60407737623,3,36
2020-05-07,9207.85,9208.6,9192.95,9208.5,12:15:00,9218.484641435636,3,37
2020-05-07,9203.3,9215.05,9196.1,9208.0,12:20:00,9217.038485108433,3,38
2020-05-07,9193.7,9205.25,9186.75,9203.45,12:25:00,9214.815772240963,3,39
2020-05-07,9201.75,9205.3,9193.95,9193.95,12:30:00,9213.57141297992,3,40
2020-05-07,9212.75,9227.95,9201.8,9201.8,12:35:00,9213.493183172308,3,41
2020-05-07,9221.25,9226.6,9211.25,9211.25,12:40:00,9214.231927632089,3,42
2020-05-07,9224.75,9230.35,9218.4,9220.75,12:45:00,9215.233648809985,3,43
2020-05-07,9218.35,9225.15,9211.3,9224.65,12:50:00,9215.530444161412,3,44
2020-05-07,9209.85,9221.9,9206.8,9217.7,12:55:00,9214.989449479372,3,45
2020-05-07,9215.95,9216.6,9201.9,9210.25,13:00:00,9215.08093048134,3,46
2020-05-07,9237.7,9240.4,9211.75,9214.6,13:05:00,9217.235127578357,3,47
2020-05-07,9230.85,9237.95,9223.4,9237.3,13:10:00,9218.531782094702,3,48
2020-05-07,9242.95,9252.3,9229.9,9229.9,13:15:00,9220.857326657111,3,49
2020-05-07,9228.55,9244.55,9225.3,9242.4,13:20:00,9221.589962213577,3,50
2020-05-07,9224.8,9228.75,9218.25,9228.35,13:25:00,9221.895680097998,3,51
2020-05-07,9216.35,9225.4,9211.45,9224.0,13:30:00,9221.367520088665,3,52
2020-05-07,9205.6,9221.2,9201.5,9216.4,13:35:00,9219.865851508792,3,53
2020-05-07,9193.65,9205.8,9182.15,9204.55,13:40:00,9217.36910374605,3,54
2020-05-07,9198.1,9209.35,9178.95,9193.8,13:45:00,9215.53395100833,3,55
2020-05-07,9194.6,9199.35,9188.75,9197.6,13:50:00,9213.54024138849,3,56
2020-05-07,9206.55,9206.55,9189.35,9194.45,13:55:00,9212.874504113395,3,57
2020-05-07,9199.5,9216.15,9199.05,9206.25,14:00:00,9211.60074181688,3,58
2020-05-07,9203.8,9208.3,9193.9,9199.4,14:05:00,9210.857814024796,3,59
2020-05-07,9194.65,9210.7,9194.65,9204.7,14:10:00,9209.314212689102,3,60
2020-05-07,9200.05,9203.85,9186.6,9194.55,14:15:00,9208.43190671871,3,61
2020-05-07,9199.5,9208.9,9197.0,9200.5,14:20:00,9207.581248935976,3,62
2020-05-07,9204.0,9207.5,9198.6,9200.2,14:25:00,9207.24017760874,3,63
2020-05-07,9204.3,9222.8,9203.35,9204.45,14:30:00,9206.960160693625,3,64
2020-05-07,9205.55,9217.25,9202.15,9204.9,14:35:00,9206.825859675184,3,65
2020-05-07,9199.85,9217.35,9199.85,9205.7,14:40:00,9206.16149208707,3,66
2020-05-07,9192.15,9199.6,9185.65,9199.3,14:45:00,9204.827064269257,3,67
2020-05-07,9203.25,9203.85,9185.8,9191.85,14:50:00,9204.676867672184,3,68
2020-05-07,9218.7,9219.65,9197.95,9202.95,14:55:00,9206.012404084357,3,69
2020-05-07,9192.35,9219.1,9190.25,9219.05,15:00:00,9204.71122274299,3,70
2020-05-07,9193.6,9194.1,9184.65,9192.65,15:05:00,9203.653011053182,3,71
2020-05-07,9202.65,9206.0,9193.7,9193.7,15:10:00,9203.557486190974,3,72
2020-05-07,9195.2,9203.4,9194.65,9203.35,15:15:00,9202.761535125166,3,73
2020-05-07,9206.2,9208.3,9187.8,9195.5,15:20:00,9203.089007970388,3,74
2020-05-07,9215.3,9216.45,9204.45,9205.6,15:25:00,9204.251959592257,3,75
2020-05-08,9340.9,9382.65,9336.5,9366.25,09:15:00,9217.266058678708,4,1
2020-05-08,9345.7,9350.95,9329.0,9344.7,09:20:00,9229.49786261407,4,2
2020-05-08,9326.9,9356.1,9326.9,9348.2,09:25:00,9238.774256650824,4,3
2020-05-08,9329.6,9339.45,9322.6,9326.75,09:30:00,9247.424327445984,4,4
2020-05-08,9351.4,9352.15,9329.75,9329.75,09:35:00,9257.326772451128,4,5
2020-05-08,9331.0,9351.9,9331.0,9351.9,09:40:00,9264.343270312926,4,6
2020-05-08,9326.0,9342.35,9324.9,9331.85,09:45:00,9270.215339806931,4,7
2020-05-08,9314.65,9325.35,9307.15,9325.35,09:50:00,9274.44721220627,4,8
2020-05-08,9306.2,9323.45,9303.4,9314.45,09:55:00,9277.471287234244,4,9
2020-05-08,9319.15,9328.5,9298.05,9306.05,10:00:00,9281.44068845003,4,10
2020-05-08,9319.6,9331.55,9319.45,9319.75,10:05:00,9285.074908597646,4,11
2020-05-08,9309.55,9320.6,9308.65,9319.85,10:10:00,9287.405869683584,4,12
2020-05-08,9327.9,9331.0,9309.25,9309.35,10:15:00,9291.262453523244,4,13
2020-05-08,9317.6,9334.55,9316.65,9327.7,10:20:00,9293.770791282934,4,14
2020-05-08,9324.65,9326.9,9316.15,9318.35,10:25:00,9296.711668303606,4,15
2020-05-08,9333.8,9340.2,9324.7,9324.7,10:30:00,9300.243890369928,4,16
2020-05-08,9344.3,9348.25,9334.0,9334.0,10:35:00,9304.439710334696,4,17
2020-05-08,9341.0,9347.55,9337.1,9343.75,10:40:00,9307.921642683774,4,18
2020-05-08,9328.5,9341.35,9321.85,9341.35,10:45:00,9309.8814862377,4,19
2020-05-08,9334.2,9339.75,9326.35,9328.65,10:50:00,9312.197535167445,4,20
2020-05-08,9333.75,9343.75,9333.4,9333.5,10:55:00,9314.25015086578,4,21
2020-05-08,9329.8,9338.8,9324.85,9334.3,11:00:00,9315.731088878563,4,22
2020-05-08,9327.5,9337.5,9326.65,9330.0,11:05:00,9316.851937556796,4,23
2020-05-08,9341.15,9345.3,9325.7,9327.4,11:10:00,9319.166038741863,4,24
2020-05-08,9339.8,9341.5,9332.15,9341.35,11:15:00,9321.131177909305,4,25
2020-05-08,9341.25,9343.65,9335.75,9340.0,11:20:00,9323.047256203656,4,26
2020-05-08,9336.85,9341.45,9331.5,9341.15,11:25:00,9324.36180323188,4,27
2020-05-08,9342.6,9345.15,9336.3,9336.3,11:30:00,9326.098774352651,4,28
2020-05-08,9334.05,9345.75,9332.75,9342.0,11:35:00,9326.856033938117,4,29
2020-05-08,9341.9,9345.45,9333.7,9334.5,11:40:00,9328.288792610676,4,30
2020-05-08,9341.8,9343.4,9333.25,9342.2,11:45:00,9329.5755742668,4,31
2020-05-08,9341.8,9342.4,9336.15,9341.75,11:50:00,9330.73980528901,4,32
2020-05-08,9340.35,9345.55,9340.0,9341.6,11:55:00,9331.65506192815,4,33
2020-05-08,9321.0,9342.3,9315.45,9339.95,12:00:00,9330.64029412547,4,34
2020-05-08,9326.8,9331.55,9320.7,9321.55,12:05:00,9330.274551827806,4,35
2020-05-08,9331.85,9333.65,9324.2,9326.55,12:10:00,9330.424594510872,4,36
2020-05-08,9319.5,9332.1,9319.5,9331.95,12:15:00,9329.38415693841,4,37
2020-05-08,9311.6,9319.7,9306.35,9319.3,12:20:00,9327.69042770618,4,38
2020-05-08,9313.3,9316.8,9299.9,9311.3,12:25:00,9326.319910781782,4,39
2020-05-08,9317.55,9317.55,9305.0,9313.45,12:30:00,9325.484681183516,4,40
2020-05-08,9317.7,9324.55,9315.9,9317.5,12:35:00,9324.743282975562,4,41
2020-05-08,9321.9,9324.5,9311.95,9317.4,12:40:00,9324.472494120746,4,42
2020-05-08,9316.4,9323.1,9316.0,9321.75,12:45:00,9323.703685156865,4,43
2020-05-08,9315.9,9316.2,9310.65,9315.45,12:50:00,9322.960477046689,4,44
2020-05-08,9328.8,9331.05,9315.3,9316.15,12:55:00,9323.51662208986,4,45
2020-05-08,9320.05,9328.45,9317.8,9328.45,13:00:00,9323.186467605112,4,46
2020-05-08,9338.6,9339.6,9317.85,9320.25,13:05:00,9324.654423071292,4,47
2020-05-08,9340.35,9342.6,9331.55,9337.35,13:10:00,9326.149239921644,4,48
2020-05-08,9335.15,9341.65,9331.05,9340.0,13:15:00,9327.0064551672,4,49
2020-05-08,9321.8,9335.2,9319.2,9335.05,13:20:00,9326.510602294133,4,50
2020-05-08,9320.3,9324.55,9315.5,9321.25,13:25:00,9325.919116361358,4,51
2020-05-08,9327.7,9328.6,9315.15,9320.2,13:30:00,9326.088724326944,4,52
2020-05-08,9324.2,9333.35,9322.95,9327.95,13:35:00,9325.908845819617,4,53
2020-05-08,9324.55,9328.75,9316.65,9324.6,13:40:00,9325.779431932033,4,54
2020-05-08,9329.0,9332.55,9323.7,9324.7,13:45:00,9326.086152700407,4,55
2020-05-08,9303.9,9328.85,9290.55,9328.85,13:50:00,9323.973185776562,4,56
2020-05-08,9297.65,9302.7,9286.85,9302.25,13:55:00,9321.466215702603,4,57
2020-05-08,9303.85,9305.15,9280.15,9297.75,14:00:00,9319.788480873784,4,58
2020-05-08,9299.8,9309.6,9299.8,9303.9,14:05:00,9317.884816028662,4,59
2020-05-08,9295.4,9303.15,9292.5,9299.75,14:10:00,9315.743404978311,4,60
2020-05-08,9277.95,9295.0,9270.85,9294.95,14:15:00,9312.144033075618,4,61
2020-05-08,9289.55,9294.85,9277.3,9277.3,14:20:00,9309.99222040175,4,62
2020-05-08,9287.35,9296.5,9285.3,9289.3,14:25:00,9307.835818458723,4,63
2020-05-08,9296.95,9298.45,9287.05,9287.1,14:30:00,9306.799073843607,4,64
2020-05-08,9267.6,9297.95,9265.7,9296.8,14:35:00,9303.065828715646,4,65
2020-05-08,9274.35,9275.6,9253.6,9268.3,14:40:00,9300.330987885583,4,66
2020-05-08,9268.45,9274.9,9262.5,9274.9,14:45:00,9297.294703325051,4,67
2020-05-08,9250.05,9267.6,9243.85,9267.6,14:50:00,9292.795207770288,4,68
2020-05-08,9262.35,9265.45,9250.35,9250.35,14:55:00,9289.895664173117,4,69
2020-05-08,9258.25,9277.2,9254.45,9263.1,15:00:00,9286.881791394724,4,70
2020-05-08,9251.35,9259.0,9249.5,9258.1,15:05:00,9283.497811261894,4,71
2020-05-08,9245.95,9251.3,9238.2,9251.3,15:10:00,9279.921829236951,4,72
2020-05-08,9259.7,9260.15,9245.15,9248.15,15:15:00,9277.995940738196,4,73
2020-05-08,9257.1,9271.6,9251.95,9259.95,15:20:00,9276.005851144082,4,74
2020-05-08,9250.6,9256.9,9249.5,9256.65,15:25:00,9273.586246273217,4,75
2020-05-11,9378.05,9383.25,9341.55,9346.55,09:15:00,9283.535175199577,0,1
2020-05-11,9384.35,9389.4,9370.5,9381.3,09:20:00,9293.136587085331,0,2
2020-05-11,9376.1,9398.1,9375.35,9383.75,09:25:00,9301.037864505775,0,3
2020-05-11,9409.8,9417.1,9375.3,9375.3,09:30:00,9311.396163124276,0,4
2020-05-11,9424.5,9434.55,9409.5,9409.6,09:35:00,9322.16795711244,0,5
2020-05-11,9422.55,9439.9,9420.45,9426.05,09:40:00,9331.72815167316,0,6
2020-05-11,9416.3,9426.2,9411.0,9422.3,09:45:00,9339.782613418573,0,7
2020-05-11,9411.4,9416.25,9401.65,9415.1,09:50:00,9346.60331690252,0,8
2020-05-11,9409.4,9421.45,9404.4,9409.85,09:55:00,9352.583953387992,0,9
2020-05-11,9397.25,9409.55,9395.35,9409.55,10:00:00,9356.837862589138,0,10
2020-05-11,9391.3,9405.8,9388.1,9396.65,10:05:00,9360.119970913982,0,11
2020-05-11,9384.15,9398.3,9380.2,9392.05,10:10:00,9362.40854511265,0,12
2020-05-11,9371.0,9386.15,9363.95,9383.95,10:15:00,9363.226778911448,0,13
2020-05-11,9365.45,9379.4,9362.55,9370.85,10:20:00,9363.438514253214,0,14
2020-05-11,9384.55,9388.05,9365.35,9366.35,10:25:00,9365.449131943384,0,15
2020-05-11,9377.1,9385.9,9369.15,9384.3,10:30:00,9366.558738424965,0,16
2020-05-11,9373.4,9380.5,9364.7,9376.4,10:35:00,9367.210287146398,0,17
2020-05-11,9363.05,9374.0,9360.6,9374.0,10:40:00,9366.814069322932,0,18
2020-05-11,9349.3,9363.35,9344.45,9363.35,10:45:00,9365.146062720749,0,19
2020-05-11,9346.25,9361.6,9346.25,9348.55,10:50:00,9363.346437699724,0,20
2020-05-11,9358.1,9363.45,9343.35,9346.6,10:55:00,9362.846776966418,0,21
2020-05-11,9361.15,9371.15,9356.25,9358.2,11:00:00,9362.685179160091,0,22
2020-05-11,9361.05,9372.2,9358.3,9361.65,11:05:00,9362.529447811512,0,23
2020-05-11,9354.95,9363.5,9344.7,9361.3,11:10:00,9361.807595638988,0,24
2020-05-11,9352.25,9362.15,9351.75,9355.1,11:15:00,9360.897348435275,0,25
2020-05-11,9356.35,9364.7,9347.8,9352.15,11:20:00,9360.464267631916,0,26
2020-05-11,9331.6,9355.9,9331.6,9355.9,11:25:00,9357.71528976221,0,27
2020-05-11,9328.2,9331.5,9315.3,9331.4,11:30:00,9354.904309784855,0,28
2020-05-11,9315.15,9327.8,9308.25,9327.8,11:35:00,9351.118185043442,0,29
2020-05-11,9318.75,9319.2,9303.7,9315.6,11:40:00,9348.03550075359,0,30
2020-05-11,9317.1,9326.55,9314.05,9319.5,11:45:00,9345.089262586584,0,31
2020-05-11,9318.3,9320.25,9307.75,9317.35,11:50:00,9342.537904245004,0,32
2020-05-11,9319.75,9328.8,9314.2,9319.1,11:55:00,9340.367627650245,0,33
2020-05-11,9315.95,9326.8,9315.35,9319.1,12:00:00,9338.0421393026,0,34
2020-05-11,9327.5,9329.05,9315.7,9315.85,12:05:00,9337.038126035688,0,35
2020-05-11,9337.1,9340.55,9322.45,9327.35,12:10:00,9337.044018794197,0,36
2020-05-11,9333.75,9345.6,9329.85,9335.85,12:15:00,9336.730302718555,0,37
2020-05-11,9338.1,9340.6,9327.35,9333.65,12:20:00,9336.860750078697,0,38
2020-05-11,9339.1,9340.75,9333.65,9338.6,12:25:00,9337.07401197596,0,39
2020-05-11,9321.85,9344.1,9318.55,9340.2,12:30:00,9335.624106073488,0,40
2020-05-11,9316.15,9322.45,9312.1,9321.8,12:35:00,9333.769429304584,0,41
2020-05-11,9327.65,9332.75,9312.4,9315.6,12:40:00,9333.186626513672,0,42
2020-05-11,9337.05,9338.3,9321.35,9327.95,12:45:00,9333.554566845703,0,43
2020-05-11,9344.15,9351.1,9333.3,9335.75,12:50:00,9334.56365571754,0,44
2020-05-11,9348.05,9351.3,9342.2,9344.4,12:55:00,9335.848069458729,0,45
2020-05-11,9339.55,9347.65,9337.25,9347.65,13:00:00,9336.200634272182,0,46
2020-05-11,9339.9,9342.8,9329.6,9339.2,13:05:00,9336.552954817687,0,47
2020-05-11,9346.7,9355.05,9337.5,9339.8,13:10:00,9337.519340073146,0,48
2020-05-11,9336.4,9351.65,9334.7,9346.3,13:15:00,9337.412736256656,0,49
2020-05-11,9346.2,9348.8,9333.4,9336.0,13:20:00,9338.249618517928,0,50
2020-05-11,9344.7,9349.35,9342.15,9346.5,13:25:00,9338.86394056384,0,51
2020-05-11,9340.6,9345.45,9334.3,9344.6,13:30:00,9339.02927955776,0,52
2020-05-11,9343.35,9346.35,9335.3,9340.8,13:35:00,9339.440776742736,0,53
2020-05-11,9338.7,9351.65,9337.3,9342.65,13:40:00,9339.37022657676,0,54
2020-05-11,9327.45,9338.9,9321.8,9338.9,13:45:00,9338.234966902784,0,55
2020-05-11,9322.05,9330.0,9319.15,9327.3,13:50:00,9336.693541483472,0,56
2020-05-11,9324.9,9326.5,9315.65,9322.2,13:55:00,9335.570347056477,0,57
2020-05-11,9321.9,9338.55,9321.65,9325.6,14:00:00,9334.268409241571,0,58
2020-05-11,9312.6,9326.2,9312.15,9321.7,14:05:00,9332.204751218564,0,59
2020-05-11,9292.8,9315.85,9291.9,9313.65,14:10:00,9328.451917769176,0,60
2020-05-11,9295.4,9300.5,9283.1,9290.85,14:15:00,9325.304116076872,0,61
2020-05-11,9301.5,9302.95,9291.95,9295.15,14:20:00,9323.037057402886,0,62
2020-05-11,9299.05,9311.95,9298.95,9299.4,14:25:00,9320.752575745468,0,63
2020-05-11,9285.5,9297.55,9280.9,9297.5,14:30:00,9317.395187579234,0,64
2020-05-11,9275.7,9294.05,9275.7,9284.15,14:35:00,9313.424217333592,0,65
2020-05-11,9267.95,9280.75,9267.8,9275.45,14:40:00,9309.093339492296,0,66
2020-05-11,9258.9,9277.85,9257.5,9268.15,14:45:00,9304.31302144541,0,67
2020-05-11,9268.45,9269.2,9245.5,9257.0,14:50:00,9300.897495593466,0,68
2020-05-11,9246.45,9268.05,9244.1,9268.05,14:55:00,9295.71201982266,0,69
2020-05-11,9232.35,9249.65,9230.0,9247.25,15:00:00,9289.677541744311,0,70
2020-05-11,9240.15,9241.3,9219.95,9232.25,15:05:00,9284.960633006758,0,71
2020-05-11,9241.1,9241.4,9231.05,9239.3,15:10:00,9280.783429863255,0,72
2020-05-11,9246.7,9248.4,9234.85,9241.85,15:15:00,9277.5373889239,0,73
2020-05-11,9240.6,9258.15,9235.05,9246.8,15:20:00,9274.019542359718,0,74
2020-05-11,9247.3,9247.35,9240.4,9240.65,15:25:00,9271.474824039746,0,75
2020-05-12,9131.5,9155.85,9128.05,9155.85,09:15:00,9258.143888416913,1,1
2020-05-12,9133.3,9136.25,9116.95,9131.15,09:20:00,9246.25399428197,1,2
2020-05-12,9142.75,9149.1,9130.95,9133.55,09:25:00,9236.39647101702,1,3
2020-05-12,9131.2,9145.15,9122.3,9143.6,09:30:00,9226.37775949159,1,4
2020-05-12,9118.3,9136.5,9115.75,9131.35,09:35:00,9216.08463954001,1,5
2020-05-12,9124.8,9128.9,9115.35,9118.7,09:40:00,9207.390864345722,1,6
2020-05-12,9087.3,9125.35,9084.05,9125.35,09:45:00,9195.953639169938,1,7
2020-05-12,9065.5,9088.5,9059.75,9085.55,09:50:00,9183.529483058515,1,8
2020-05-12,9076.6,9087.0,9064.75,9065.25,09:55:00,9173.34572276723,1,9
2020-05-12,9056.9,9076.15,9053.65,9076.15,10:00:00,9162.255653932254,1,10
2020-05-12,9070.05,9074.35,9043.95,9057.2,10:05:00,9153.474163081562,1,11
2020-05-12,9095.2,9096.3,9070.3,9071.75,10:10:00,9147.924242788082,1,12
2020-05-12,9100.1,9104.2,9078.85,9096.2,10:15:00,9143.36955299874,1,13
2020-05-12,9098.35,9106.75,9089.45,9099.65,10:20:00,9139.08197652267,1,14
2020-05-12,9106.75,9114.3,9097.75,9098.25,10:25:00,9136.002740663367,1,15
2020-05-12,9097.2,9116.5,9094.7,9107.05,10:30:00,9132.30724155257,1,16
2020-05-12,9097.25,9109.25,9094.95,9096.95,10:35:00,9128.9684566428,1,17
2020-05-12,9093.8,9097.1,9090.35,9096.7,10:40:00,9125.619079819677,1,18
2020-05-12,9106.6,9108.8,9084.85,9094.25,10:45:00,9123.807738884469,1,19
2020-05-12,9105.1,9107.1,9096.85,9106.45,10:50:00,9122.0260494669,1,20
2020-05-12,9104.35,9116.25,9103.15,9105.65,10:55:00,9120.342616184338,1,21
2020-05-12,9108.1,9109.05,9095.9,9104.55,11:00:00,9119.17665273821,1,22
2020-05-12,9094.55,9108.8,9094.15,9108.6,11:05:00,9116.831257239332,1,23
2020-05-12,9102.25,9104.2,9091.85,9094.95,11:10:00,9115.442566073682,1,24
2020-05-12,9096.25,9104.75,9095.9,9102.45,11:15:00,9113.614702638091,1,25
2020-05-12,9086.7,9097.65,9082.6,9096.4,11:20:00,9111.05139762494,1,26
2020-05-12,9083.0,9093.1,9082.35,9087.0,11:25:00,9108.379835946374,1,27
2020-05-12,9060.75,9082.2,9060.2,9082.15,11:30:00,9103.843661094335,1,28
2020-05-12,9061.85,9069.95,9055.65,9060.9,11:35:00,9099.844264799638,1,29
2020-05-12,9059.8,9068.55,9058.35,9062.3,11:40:00,9096.030525294913,1,30
2020-05-12,9055.05,9068.45,9054.35,9059.6,11:45:00,9092.127618123966,1,31
2020-05-12,9055.9,9061.3,9049.4,9055.15,11:50:00,9088.677368778828,1,32
2020-05-12,9056.3,9057.2,9044.1,9056.55,11:55:00,9085.59380984751,1,33
2020-05-12,9054.35,9067.9,9054.3,9057.0,12:00:00,9082.618208909653,1,34
2020-05-12,9068.95,9075.45,9053.9,9054.0,12:05:00,9081.316474727782,1,35
2020-05-12,9082.55,9083.1,9066.8,9069.15,12:10:00,9081.433953325137,1,36
2020-05-12,9065.0,9083.1,9061.0,9082.25,12:15:00,9079.86881491322,1,37
2020-05-12,9072.35,9076.75,9065.3,9065.7,12:20:00,9079.152737302436,1,38
2020-05-12,9079.3,9080.85,9072.1,9072.5,12:25:00,9079.166762321252,1,39
2020-05-12,9091.65,9092.9,9077.55,9079.15,12:30:00,9080.35564210018,1,40
2020-05-12,9085.05,9096.55,9083.0,9091.2,12:35:00,9080.802723804924,1,41
2020-05-12,9076.6,9087.0,9075.45,9085.15,12:40:00,9080.402464394934,1,42
2020-05-12,9079.95,9082.9,9068.0,9076.05,12:45:00,9080.359372547797,1,43
2020-05-12,9085.9,9096.65,9080.85,9080.85,12:50:00,9080.887051352767,1,44
2020-05-12,9101.1,9101.55,9084.6,9085.15,12:55:00,9082.812094081077,1,45
2020-05-12,9116.1,9121.1,9101.3,9101.5,13:00:00,9085.98237083526,1,46
2020-05-12,9113.75,9131.05,9107.05,9116.25,13:05:00,9088.626906946189,1,47
2020-05-12,9100.8,9119.85,9095.5,9113.7,13:10:00,9089.786249141787,1,48
2020-05-12,9111.7,9115.15,9100.65,9100.65,13:15:00,9091.873273033048,1,49
2020-05-12,9113.8,9118.55,9105.45,9111.25,13:20:00,9093.961532744186,1,50
2020-05-12,9103.8,9114.95,9096.05,9114.25,13:25:00,9094.898529625692,1,51
2020-05-12,9078.0,9103.9,9075.1,9103.9,13:30:00,9093.289145851815,1,52
2020-05-12,9075.0,9087.15,9074.15,9078.3,13:35:00,9091.547322437358,1,53
2020-05-12,9091.75,9095.85,9073.4,9075.2,13:40:00,9091.56662506237,1,54
2020-05-12,9103.7,9115.25,9092.1,9092.35,13:45:00,9092.72218458024,1,55
2020-05-12,9102.15,9106.45,9095.95,9103.95,13:50:00,9093.620071763076,1,56
2020-05-12,9099.9,9107.95,9097.8,9105.1,13:55:00,9094.21816016659,1,57
2020-05-12,9117.8,9117.8,9100.0,9100.4,14:00:00,9096.464049674534,1,58
2020-05-12,9110.45,9128.45,9107.5,9117.9,14:05:00,9097.796044943623,1,59
2020-05-12,9118.95,9125.7,9105.7,9108.65,14:10:00,9099.810707329949,1,60
2020-05-12,9158.5,9165.7,9119.5,9119.5,14:15:00,9105.400163774715,1,61
2020-05-12,9174.95,9196.6,9158.1,9158.1,14:20:00,9112.023957700932,1,62
2020-05-12,9176.05,9188.05,9162.2,9174.4,14:25:00,9118.12167601513,1,63
2020-05-12,9206.65,9224.7,9174.85,9175.3,14:30:00,9126.55294496607,1,64
2020-05-12,9201.5,9228.95,9185.85,9207.25,14:35:00,9133.690759731207,1,65
2020-05-12,9209.65,9214.6,9184.45,9202.65,14:40:00,9140.92497309014,1,66
2020-05-12,9191.95,9209.4,9187.1,9209.05,14:45:00,9145.784499462508,1,67
2020-05-12,9224.1,9224.1,9191.9,9192.55,14:50:00,9153.243118561317,1,68
2020-05-12,9236.8,9240.85,9213.6,9223.8,14:55:00,9161.200916793572,1,69
2020-05-12,9218.25,9237.9,9211.05,9237.9,15:00:00,9166.63416281323,1,70
2020-05-12,9179.85,9218.05,9177.6,9218.05,15:05:00,9167.892813973876,1,71
2020-05-12,9168.95,9187.95,9167.95,9179.0,15:10:00,9167.993498357317,1,72
2020-05-12,9197.2,9197.8,9168.65,9169.7,15:15:00,9170.775069942332,1,73
2020-05-12,9198.55,9217.95,9194.75,9197.05,15:20:00,9173.420301376394,1,74
2020-05-12,9209.8,9210.6,9197.55,9198.7,15:25:00,9176.885034578643,1,75
2020-05-13,9445.25,9552.55,9436.45,9552.55,09:15:00,9202.44360271401,2,1
2020-05-13,9426.5,9476.1,9424.95,9446.1,09:20:00,9223.782307217436,2,2
2020-05-13,9416.45,9437.3,9404.4,9427.8,09:25:00,9242.131611291965,2,3
2020-05-13,9423.5,9457.45,9413.9,9419.3,09:30:00,9259.40479116892,2,4
2020-05-13,9406.2,9431.25,9406.2,9422.75,09:35:00,9273.385287248071,2,5
2020-05-13,9376.95,9408.05,9365.0,9403.85,09:40:00,9283.248593224447,2,6
2020-05-13,9360.65,9374.45,9351.1,9374.1,09:45:00,9290.6201557745,2,7
2020-05-13,9378.9,9387.0,9360.3,9360.3,09:50:00,9299.027759986451,2,8
2020-05-13,9373.4,9388.55,9365.35,9377.5,09:55:00,9306.110830463937,2,9
2020-05-13,9401.25,9405.15,9373.5,9373.5,10:00:00,9315.171703753083,2,10
2020-05-13,9392.55,9400.6,9381.05,9400.0,10:05:00,9322.54106530041,2,11
2020-05-13,9392.45,9402.9,9385.25,9393.25,10:10:00,9329.199059081322,2,12
2020-05-13,9375.1,9392.6,9371.65,9392.6,10:15:00,9333.570577264054,2,13
2020-05-13,9389.35,9396.45,9372.1,9375.25,10:20:00,9338.882903238906,2,14
2020-05-13,9396.8,9403.75,9389.75,9389.85,10:25:00,9344.398817216152,2,15
2020-05-13,9400.5,9407.15,9395.25,9397.55,10:30:00,9349.741787005089,2,16
2020-05-13,9427.55,9427.55,9400.5,9400.85,10:35:00,9357.152093004604,2,17
2020-05-13,9419.05,9428.1,9412.35,9427.05,10:40:00,9363.04713176607,2,18
2020-05-13,9400.45,9420.65,9395.35,9419.95,10:45:00,9366.60930969311,2,19
2020-05-13,9406.7,9407.9,9399.3,9400.85,10:50:00,9370.42747067472,2,20
2020-05-13,9402.4,9413.3,9401.9,9406.95,10:55:00,9373.472473467604,2,21
2020-05-13,9411.4,9414.95,9402.1,9402.15,11:00:00,9377.084618851644,2,22
2020-05-13,9427.55,9429.75,9403.85,9411.55,11:05:00,9381.890845627677,2,23
2020-05-13,9424.45,9430.3,9420.95,9427.3,11:10:00,9385.94409842504,2,24
2020-05-13,9421.35,9430.0,9420.65,9424.25,11:15:00,9389.316089051228,2,25
2020-05-13,9420.25,9428.75,9417.35,9421.45,11:20:00,9392.262175808251,2,26
2020-05-13,9414.8,9421.6,9408.15,9420.6,11:25:00,9394.408635255086,2,27
2020-05-13,9412.35,9413.2,9395.85,9412.85,11:30:00,9396.117336659365,2,28
2020-05-13,9412.95,9418.35,9409.65,9412.1,11:35:00,9397.72044745371,2,29
2020-05-13,9421.2,9427.55,9412.25,9412.9,11:40:00,9399.95659531526,2,30
2020-05-13,9418.8,9428.0,9418.65,9420.9,11:45:00,9401.751205285236,2,31
2020-05-13,9422.8,9428.45,9416.7,9419.5,11:50:00,9403.755852400927,2,32
2020-05-13,9417.35,9426.3,9414.0,9422.5,11:55:00,9405.050533124648,2,33
2020-05-13,9409.15,9430.6,9406.6,9416.75,12:00:00,9405.440958541349,2,34
2020-05-13,9399.9,9410.0,9398.95,9410.0,12:05:00,9404.91324820408,2,35
2020-05-13,9415.75,9416.25,9396.8,9399.8,12:10:00,9405.94531980369,2,36
2020-05-13,9394.55,9417.4,9393.95,9415.7,12:15:00,9404.860051250958,2,37
2020-05-13,9399.95,9403.25,9390.8,9394.35,12:20:00,9404.392427322296,2,38
2020-05-13,9403.95,9410.55,9399.45,9399.7,12:25:00,9404.35029138684,2,39
2020-05-13,9404.9,9409.3,9397.15,9403.8,12:30:00,9404.402644588094,2,40
2020-05-13,9397.85,9408.75,9395.15,9406.3,12:35:00,9403.778583198751,2,41
2020-05-13,9379.05,9402.05,9378.95,9398.1,12:40:00,9401.423480036963,2,42
2020-05-13,9371.75,9382.25,9367.75,9378.15,12:45:00,9398.597434319156,2,43
2020-05-13,9383.35,9394.45,9364.55,9371.35,12:50:00,9397.145297717332,2,44
2020-05-13,9385.9,9394.15,9378.55,9382.95,12:55:00,9396.074316982347,2,45
2020-05-13,9367.2,9386.35,9366.5,9386.35,13:00:00,9393.324382031647,2,46
2020-05-13,9370.9,9381.2,9364.0,9366.6,13:05:00,9391.188726600063,2,47
2020-05-13,9368.25,9371.35,9354.45,9371.35,13:10:00,9389.004085971486,2,48
2020-05-13,9377.25,9378.35,9353.3,9367.9,13:15:00,9387.884649212298,2,49
2020-05-13,9393.0,9400.95,9375.5,9377.85,13:20:00,9388.371825477794,2,50
2020-05-13,9400.25,9410.85,9388.5,9392.95,13:25:00,9389.503080194194,2,51
2020-05-13,9397.65,9400.35,9383.3,9399.5,13:30:00,9390.278977318556,2,52
2020-05-13,9391.9,9405.0,9387.0,9398.45,13:35:00,9390.433360431074,2,53
2020-05-13,9403.75,9403.75,9391.5,9391.75,13:40:00,9391.701611818591,2,54
2020-05-13,9408.6,9416.6,9403.65,9403.65,13:45:00,9393.310982121582,2,55
2020-05-13,9411.65,9422.3,9401.8,9409.25,13:50:00,9395.05755525286,2,56
2020-05-13,9410.45,9413.7,9405.35,9411.3,13:55:00,9396.523502371636,2,57
2020-05-13,9420.75,9423.35,9408.7,9411.2,14:00:00,9398.830787860052,2,58
2020-05-13,9386.6,9423.15,9381.25,9420.85,14:05:00,9397.665950921,2,59
2020-05-13,9387.0,9390.85,9374.3,9386.0,14:10:00,9396.65014607138,2,60
2020-05-13,9387.8,9396.95,9382.55,9387.1,14:15:00,9395.807275016963,2,61
2020-05-13,9381.65,9390.8,9378.35,9387.0,14:20:00,9394.458963110588,2,62
2020-05-13,9402.55,9406.55,9381.25,9381.45,14:25:00,9395.229538052436,2,63
2020-05-13,9392.75,9403.35,9389.1,9402.9,14:30:00,9394.993391571252,2,64
2020-05-13,9394.6,9401.7,9392.25,9392.7,14:35:00,9394.955925707323,2,65
2020-05-13,9383.7,9396.1,9376.95,9394.45,14:40:00,9393.883932782815,2,66
2020-05-13,9393.95,9394.35,9381.25,9383.65,14:45:00,9393.89022489874,2,67
2020-05-13,9384.5,9394.6,9380.5,9393.1,14:50:00,9392.995917765526,2,68
2020-05-13,9359.4,9387.5,9356.9,9384.7,14:55:00,9389.79630654976,2,69
2020-05-13,9389.2,9389.2,9351.45,9360.1,15:00:00,9389.739515449784,2,70
2020-05-13,9393.65,9394.3,9377.7,9389.3,15:05:00,9390.111942549804,2,71
2020-05-13,9387.8,9398.5,9379.0,9392.55,15:10:00,9389.891757545063,2,72
2020-05-13,9392.8,9394.05,9382.95,9388.9,15:15:00,9390.16873301696,2,73
2020-05-13,9388.7,9395.95,9372.2,9392.0,15:20:00,9390.028853682012,2,74
2020-05-13,9383.4,9388.9,9380.85,9388.35,15:25:00,9389.397534283724,2,75
2020-05-14,9237.85,9242.9,9197.0,9206.15,09:15:00,9374.964435780512,3,1
2020-05-14,9253.55,9258.85,9225.25,9236.45,09:20:00,9363.401156182368,3,2
2020-05-14,9256.5,9262.65,9245.35,9254.2,09:25:00,9353.22009368881,3,3
2020-05-14,9268.0,9279.1,9254.5,9256.65,09:30:00,9345.103894289874,3,4
2020-05-14,9273.6,9277.25,9260.3,9268.05,09:35:00,9338.2939995956,3,5
2020-05-14,9279.1,9281.1,9267.25,9274.25,09:40:00,9332.656475824591,3,6
2020-05-14,9261.6,9278.35,9255.65,9278.25,09:45:00,9325.889192412726,3,7
2020-05-14,9259.85,9271.8,9256.4,9261.2,09:50:00,9319.599745516276,3,8
2020-05-14,9247.85,9260.0,9243.65,9260.0,09:55:00,9312.766436419488,3,9
2020-05-14,9238.2,9249.55,9236.65,9246.95,10:00:00,9305.664871046203,3,10
2020-05-14,9252.95,9253.65,9236.6,9238.1,10:05:00,9300.644407137042,3,11
2020-05-14,9239.6,9253.95,9238.6,9251.5,10:10:00,9294.830654076372,3,12
2020-05-14,9238.25,9239.65,9229.0,9239.65,10:15:00,9289.442020354812,3,13
2020-05-14,9220.3,9242.0,9219.0,9237.9,10:20:00,9282.857066035309,3,14
2020-05-14,9211.25,9221.15,9201.7,9220.05,10:25:00,9276.037345460516,3,15
2020-05-14,9213.1,9219.05,9205.2,9211.85,10:30:00,9270.043312559515,3,16
2020-05-14,9217.5,9218.65,9210.55,9213.0,10:35:00,9265.039187553848,3,17
2020-05-14,9229.1,9229.75,9213.15,9217.25,10:40:00,9261.616407786816,3,18
2020-05-14,9212.9,9229.45,9210.45,9229.35,10:45:00,9256.976749902356,3,19
2020-05-14,9218.2,9222.0,9210.55,9212.95,10:50:00,9253.283726102132,3,20
2020-05-14,9224.1,9224.25,9212.0,9217.75,10:55:00,9250.504323616216,3,21
2020-05-14,9213.9,9226.35,9213.65,9223.65,11:00:00,9247.018197557529,3,22
2020-05-14,9209.9,9219.15,9209.3,9213.65,11:05:00,9243.483131123478,3,23
2020-05-14,9214.5,9216.35,9203.6,9210.55,11:10:00,9240.722832921245,3,24
2020-05-14,9214.8,9220.65,9211.05,9213.75,11:15:00,9238.253991690648,3,25
2020-05-14,9221.35,9224.95,9214.0,9215.15,11:20:00,9236.644087720111,3,26
2020-05-14,9212.55,9222.2,9212.3,9220.85,11:25:00,9234.349412699148,3,27
2020-05-14,9198.45,9213.2,9197.95,9212.15,11:30:00,9230.930421013514,3,28
2020-05-14,9195.7,9199.65,9188.25,9197.65,11:35:00,9227.57514282175,3,29
2020-05-14,9203.3,9207.5,9194.45,9194.85,11:40:00,9225.263224457774,3,30
2020-05-14,9203.25,9207.1,9198.55,9202.95,11:45:00,9223.166726890367,3,31
2020-05-14,9210.65,9212.5,9199.8,9202.9,11:50:00,9221.974657662717,3,32
2020-05-14,9207.5,9210.45,9202.45,9210.1,11:55:00,9220.596118837691,3,33
2020-05-14,9213.2,9221.25,9206.85,9207.0,12:00:00,9219.891726567435,3,34
2020-05-14,9208.15,9213.05,9205.55,9212.95,12:05:00,9218.773466894349,3,35
2020-05-14,9208.7,9214.8,9205.35,9208.2,12:10:00,9217.814089094887,3,36
2020-05-14,9202.5,9208.8,9196.4,9208.8,12:15:00,9216.355604419185,3,37
2020-05-14,9209.5,9211.3,9200.95,9202.0,12:20:00,9215.702689712594,3,38
2020-05-14,9215.65,9217.05,9210.05,9210.2,12:25:00,9215.697671644728,3,39
2020-05-14,9212.2,9221.3,9211.4,9215.35,12:30:00,9215.364560059515,3,40
2020-05-14,9204.55,9214.65,9204.25,9212.25,12:35:00,9214.33460195861,3,41
2020-05-14,9215.85,9215.85,9202.85,9204.6,12:40:00,9214.4789255816,3,42
2020-05-14,9215.3,9226.1,9215.0,9215.35,12:45:00,9214.557123145256,3,43
2020-05-14,9219.35,9224.6,9215.15,9215.15,12:50:00,9215.013587607613,3,44
2020-05-14,9212.25,9219.25,9209.8,9218.5,12:55:00,9214.75038878784,3,45
2020-05-14,9224.65,9226.75,9212.05,9212.15,13:00:00,9215.693208903283,3,46
2020-05-14,9233.85,9233.85,9220.3,9225.05,13:05:00,9217.42242710297,3,47
2020-05-14,9222.05,9235.1,9222.05,9233.5,13:10:00,9217.863148331258,3,48
2020-05-14,9211.85,9222.95,9210.95,9222.4,13:15:00,9217.290467537809,3,49
2020-05-14,9201.65,9211.85,9200.6,9211.7,13:20:00,9215.800899200873,3,50
2020-05-14,9194.9,9206.15,9186.3,9202.3,13:25:00,9213.81033737222,3,51
2020-05-14,9196.8,9201.2,9190.95,9194.15,13:30:00,9212.190305241533,3,52
2020-05-14,9194.45,9200.7,9187.3,9196.55,13:35:00,9210.500752361384,3,53
2020-05-14,9193.3,9196.6,9188.35,9193.65,13:40:00,9208.862585469822,3,54
2020-05-14,9181.9,9196.5,9178.8,9192.9,13:45:00,9206.294720186985,3,55
2020-05-14,9193.5,9197.15,9177.55,9182.3,13:50:00,9205.076175407272,3,56
2020-05-14,9188.6,9198.8,9186.35,9193.4,13:55:00,9203.507015844674,3,57
2020-05-14,9167.7,9188.95,9165.8,9187.95,14:00:00,9200.096823859469,3,58
2020-05-14,9156.45,9168.75,9150.3,9168.2,14:05:00,9195.9399834919,3,59
2020-05-14,9144.95,9157.0,9135.0,9155.0,14:10:00,9191.083794587908,3,60
2020-05-14,9147.6,9159.15,9134.3,9144.2,14:15:00,9186.942480817632,3,61
2020-05-14,9144.65,9153.9,9139.8,9148.5,14:20:00,9182.914625501666,3,62
2020-05-14,9127.45,9149.4,9127.45,9143.9,14:25:00,9177.632280215792,3,63
2020-05-14,9139.05,9139.05,9119.75,9126.55,14:30:00,9173.957777338095,3,64
2020-05-14,9151.4,9159.0,9137.2,9138.65,14:35:00,9171.80941759161,3,65
2020-05-14,9162.25,9170.4,9150.85,9151.55,14:40:00,9170.8989968686,3,66
2020-05-14,9163.15,9174.35,9153.7,9163.4,14:45:00,9170.160997166828,3,67
2020-05-14,9155.8,9162.7,9148.85,9162.45,14:50:00,9168.79328315094,3,68
2020-05-14,9157.1,9161.85,9147.05,9155.3,14:55:00,9167.679637136564,3,69
2020-05-14,9152.25,9162.15,9147.5,9156.6,15:00:00,9166.210147885462,3,70
2020-05-14,9149.05,9152.5,9146.5,9151.6,15:05:00,9164.575848086848,3,71
2020-05-14,9136.8,9152.75,9134.2,9149.0,15:10:00,9161.930529221434,3,72
2020-05-14,9139.4,9140.45,9132.0,9137.5,15:15:00,9159.784764533675,3,73
2020-05-14,9145.65,9151.35,9130.25,9139.2,15:20:00,9158.43859648285,3,74
2020-05-14,9150.1,9151.4,9142.95,9145.4,15:25:00,9157.644444436864,3,75
2020-05-15,9095.8,9174.85,9088.65,9174.85,09:15:00,9151.75449734764,4,1
2020-05-15,9102.3,9104.45,9082.85,9093.95,09:20:00,9147.044545219293,4,2
2020-05-15,9129.6,9134.95,9102.65,9102.65,09:25:00,9145.383159960313,4,3
2020-05-15,9140.9,9147.8,9128.9,9129.85,09:30:00,9144.956192345044,4,4
2020-05-15,9114.85,9144.1,9106.6,9141.9,09:35:00,9142.088935931231,4,5
2020-05-15,9114.7,9123.45,9098.75,9114.65,09:40:00,9139.480465842544,4,6
2020-05-15,9116.8,9124.2,9112.6,9114.85,09:45:00,9137.320421476586,4,7
2020-05-15,9088.75,9115.65,9088.75,9115.65,09:50:00,9132.694667050246,4,8
2020-05-15,9078.6,9096.25,9073.6,9088.45,09:55:00,9127.542793997842,4,9
2020-05-15,9077.85,9078.2,9063.5,9078.2,10:00:00,9122.810146950427,4,10
2020-05-15,9082.15,9087.75,9077.6,9078.35,10:05:00,9118.937752002768,4,11
2020-05-15,9084.05,9090.1,9074.1,9082.4,10:10:00,9115.615108954886,4,12
2020-05-15,9092.65,9093.2,9072.0,9084.7,10:15:00,9113.427955721088,4,13
2020-05-15,9090.45,9095.0,9085.2,9092.85,10:20:00,9111.239578985747,4,14
2020-05-15,9075.4,9090.0,9073.3,9089.75,10:25:00,9107.82628574901,4,15
2020-05-15,9079.35,9080.1,9068.1,9075.45,10:30:00,9105.11425853482,4,16
2020-05-15,9059.95,9085.8,9053.85,9078.95,10:35:00,9100.812900579122,4,17
2020-05-15,9068.7,9070.7,9058.05,9059.35,10:40:00,9097.754529095397,4,18
2020-05-15,9070.15,9075.6,9066.0,9068.85,10:45:00,9095.125526324407,4,19
2020-05-15,9069.75,9081.8,9068.55,9070.25,10:50:00,9092.708809531608,4,20
2020-05-15,9058.25,9072.1,9054.75,9069.1,10:55:00,9089.427018147646,4,21
2020-05-15,9073.45,9074.15,9058.1,9058.3,11:00:00,9087.90539737168,4,22
2020-05-15,9062.45,9074.2,9062.45,9073.5,11:05:00,9085.481073812472,4,23
2020-05-15,9064.1,9070.25,9057.9,9062.2,11:10:00,9083.444781068429,4,24
2020-05-15,9066.2,9066.8,9055.85,9064.0,11:15:00,9081.802420966673,4,25
2020-05-15,9065.5,9067.3,9056.05,9065.8,11:20:00,9080.249809446035,4,26
2020-05-15,9055.35,9065.2,9052.35,9065.15,11:25:00,9077.878399022604,4,27
2020-05-15,9068.95,9073.3,9050.0,9055.6,11:30:00,9077.028075306163,4,28
2020-05-15,9068.75,9078.25,9061.4,9069.0,11:35:00,9076.23968718177,4,29
2020-05-15,9072.6,9073.4,9064.55,9068.8,11:40:00,9075.893050307312,4,30
2020-05-15,9080.4,9082.0,9071.2,9072.15,11:45:00,9076.322283611378,4,31
2020-05-15,9071.3,9081.7,9068.7,9080.15,11:50:00,9075.843970886484,4,32
2020-05-15,9074.7,9080.55,9071.05,9071.85,11:55:00,9075.735021278248,4,33
2020-05-15,9069.5,9074.6,9064.1,9074.6,12:00:00,9075.14120972794,4,34
2020-05-15,9067.2,9071.8,9065.3,9069.95,12:05:00,9074.384904039563,4,35
2020-05-15,9066.15,9067.95,9063.05,9067.05,12:10:00,9073.600627464366,4,36
2020-05-15,9077.25,9080.25,9066.7,9066.7,12:15:00,9073.948186753474,4,37
2020-05-15,9078.8,9079.85,9072.65,9076.85,12:20:00,9074.410264205524,4,38
2020-05-15,9083.0,9096.35,9077.95,9078.55,12:25:00,9075.228334281188,4,39
2020-05-15,9106.7,9108.1,9083.6,9084.05,12:30:00,9078.225635778215,4,40
2020-05-15,9097.45,9108.15,9091.85,9106.3,12:35:00,9080.056527608862,4,41
2020-05-15,9092.25,9101.35,9092.25,9098.8,12:40:00,9081.217810693732,4,42
2020-05-15,9101.45,9103.4,9092.3,9092.5,12:45:00,9083.144685865756,4,43
2020-05-15,9114.25,9116.2,9098.4,9102.0,12:50:00,9086.107096735685,4,44
2020-05-15,9099.15,9114.35,9097.85,9114.0,12:55:00,9087.349277998954,4,45
2020-05-15,9081.05,9099.35,9080.05,9098.8,13:00:00,9086.749346760958,4,46
2020-05-15,9089.9,9091.85,9079.9,9080.55,13:05:00,9087.0494089742,4,47
2020-05-15,9086.1,9094.35,9085.15,9089.65,13:10:00,9086.958989071896,4,48
2020-05-15,9080.5,9088.05,9074.5,9086.0,13:15:00,9086.343847255524,4,49
2020-05-15,9089.25,9089.55,9074.7,9080.2,13:20:00,9086.620623707378,4,50
2020-05-15,9095.25,9102.6,9088.75,9089.05,13:25:00,9087.44246906858,4,51
2020-05-15,9104.3,9105.45,9087.15,9095.65,13:30:00,9089.047948204909,4,52
2020-05-15,9105.55,9113.3,9104.05,9104.1,13:35:00,9090.619572185393,4,53
2020-05-15,9100.75,9108.55,9096.05,9105.45,13:40:00,9091.5843748344,4,54
2020-05-15,9118.05,9118.05,9095.5,9100.4,13:45:00,9094.104910564458,4,55
2020-05-15,9105.35,9125.3,9103.65,9117.8,13:50:00,9095.17587146308,4,56
2020-05-15,9109.4,9119.35,9104.9,9105.2,13:55:00,9096.530550371355,4,57
2020-05-15,9106.65,9114.8,9103.5,9108.65,14:00:00,9097.494307478846,4,58
2020-05-15,9107.6,9113.7,9105.55,9106.3,14:05:00,9098.456754385625,4,59
2020-05-15,9143.2,9147.2,9106.75,9107.35,14:10:00,9102.718015872706,4,60
2020-05-15,9150.9,9155.1,9126.7,9143.15,14:15:00,9107.30677626578,4,61
2020-05-15,9149.85,9150.65,9133.35,9150.65,14:20:00,9111.358511859517,4,62
2020-05-15,9153.85,9165.55,9144.85,9149.75,14:25:00,9115.405320253847,4,63
2020-05-15,9126.05,9153.25,9117.8,9152.9,14:30:00,9116.41909927729,4,64
2020-05-15,9139.1,9141.55,9123.05,9125.95,14:35:00,9118.579185060404,4,65
2020-05-15,9138.45,9147.3,9132.65,9139.5,14:40:00,9120.47164362608,4,66
2020-05-15,9142.55,9143.35,9130.35,9137.3,14:45:00,9122.57434423312,4,67
2020-05-15,9128.95,9146.65,9128.55,9142.25,14:50:00,9123.181549544252,4,68
2020-05-15,9135.4,9136.2,9120.7,9127.95,14:55:00,9124.345211492418,4,69
2020-05-15,9154.85,9155.3,9134.8,9134.9,15:00:00,9127.25042944552,4,70
2020-05-15,9135.65,9154.55,9128.4,9154.3,15:05:00,9128.050388545947,4,71
2020-05-15,9134.75,9136.5,9125.7,9134.65,15:10:00,9128.688446779668,4,72
2020-05-15,9134.0,9135.4,9128.7,9133.75,15:15:00,9129.194308991127,4,73
2020-05-15,9135.8,9147.75,9131.7,9133.55,15:20:00,9129.823422420544,4,74
2020-05-15,9129.4,9135.9,9125.4,9135.35,15:25:00,9129.78309647573,4,75
2020-05-18,9111.6,9137.5,9079.0,9137.5,09:15:00,9128.051373001852,0,1
2020-05-18,9076.6,9112.35,9068.9,9112.35,09:20:00,9123.151242239772,0,2
2020-05-18,9076.85,9085.95,9062.55,9076.3,09:25:00,9118.7416001217,0,3
2020-05-18,9035.7,9076.75,9029.65,9076.75,09:30:00,9110.832876300585,0,4
2020-05-18,9002.7,9035.15,8984.65,9035.15,09:35:00,9100.5345071291,0,5
2020-05-18,8936.45,9004.85,8936.45,8998.9,09:40:00,9084.907411212043,0,6
2020-05-18,8943.75,8948.95,8894.7,8933.25,09:45:00,9071.463848239468,0,7
2020-05-18,8919.55,8955.2,8908.1,8943.45,09:50:00,9056.995862692853,0,8
2020-05-18,8927.0,8942.5,8910.5,8918.45,09:55:00,9044.615304341154,0,9
2020-05-18,8937.2,8945.95,8917.0,8926.9,10:00:00,9034.385275356282,0,10
2020-05-18,8944.9,8949.8,8922.0,8938.25,10:05:00,9025.862868179494,0,11
2020-05-18,8938.1,8956.55,8935.1,8943.0,10:10:00,9017.504499781448,0,12
2020-05-18,8935.75,8946.1,8923.8,8938.55,10:15:00,9009.71835694512,0,13
2020-05-18,8939.9,8941.95,8933.2,8934.95,10:20:00,9003.068989617012,0,14
2020-05-18,8931.0,8947.6,8929.1,8939.65,10:25:00,8996.205276320154,0,15
2020-05-18,8919.3,8930.35,8917.75,8930.35,10:30:00,8988.880964289663,0,16
2020-05-18,8916.05,8925.15,8903.95,8919.45,10:35:00,8981.944681976362,0,17
2020-05-18,8914.6,8921.3,8912.35,8916.15,10:40:00,8975.530902740518,0,18
2020-05-18,8872.15,8913.75,8869.15,8913.75,10:45:00,8965.685102479516,0,19
2020-05-18,8875.6,8887.8,8871.75,8872.55,10:50:00,8957.105568910038,0,20
2020-05-18,8864.55,8877.95,8848.95,8876.3,10:55:00,8948.290752823366,0,21
2020-05-18,8864.95,8866.7,8848.35,8864.5,11:00:00,8940.35353826876,0,22
2020-05-18,8847.3,8871.2,8847.3,8864.85,11:05:00,8931.491296528879,0,23
2020-05-18,8857.55,8858.05,8836.85,8847.15,11:10:00,8924.449268288034,0,24
2020-05-18,8855.65,8860.3,8846.1,8856.85,11:15:00,8917.896957022507,0,25
2020-05-18,8832.25,8856.15,8826.95,8856.15,11:20:00,8909.740103972745,0,26
2020-05-18,8842.0,8843.55,8825.05,8832.65,11:25:00,8903.28866549915,0,27
2020-05-18,8857.8,8861.55,8841.2,8842.3,11:30:00,8898.956411642088,0,28
2020-05-18,8862.85,8869.75,8857.15,8858.05,11:35:00,8895.517705771414,0,29
2020-05-18,8863.9,8870.9,8851.35,8862.65,11:40:00,8892.506495697946,0,30
2020-05-18,8874.45,8877.5,8861.2,8863.95,11:45:00,8890.786829441,0,31
2020-05-18,8883.8,8885.7,8865.95,8874.65,11:50:00,8890.121417113285,0,32
2020-05-18,8873.8,8883.35,8869.25,8882.85,11:55:00,8888.56699643583,0,33
2020-05-18,8878.35,8885.3,8873.35,8873.35,12:00:00,8887.593949156226,0,34
2020-05-18,8875.6,8887.2,8874.6,8878.4,12:05:00,8886.451668284204,0,35
2020-05-18,8868.35,8883.3,8864.25,8875.7,12:10:00,8884.727699876184,0,36
2020-05-18,8875.05,8878.2,8863.35,8868.1,12:15:00,8883.80601417369,0,37
2020-05-18,8869.8,8875.75,8866.55,8875.2,12:20:00,8882.47210806191,0,38
2020-05-18,8879.3,8880.75,8867.0,8869.5,12:25:00,8882.170002532204,0,39
2020-05-18,8897.4,8899.9,8876.65,8877.75,12:30:00,8883.620478481518,0,40
2020-05-18,8893.1,8897.3,8882.7,8896.95,12:35:00,8884.523290054707,0,41
2020-05-18,8897.9,8898.05,8886.05,8893.55,12:40:00,8885.79726243045,0,42
2020-05-18,8897.65,8911.8,8895.0,8897.85,12:45:00,8886.92609457993,0,43
2020-05-18,8897.05,8901.2,8889.25,8897.5,12:50:00,8887.890276048509,0,44
2020-05-18,8892.8,8900.65,8887.1,8897.15,12:55:00,8888.357868805793,0,45
2020-05-18,8896.2,8896.85,8888.5,8893.0,13:00:00,8889.104738443337,0,46
2020-05-18,8880.15,8898.75,8878.15,8896.5,13:05:00,8888.251906210638,0,47
2020-05-18,8889.45,8889.45,8879.05,8880.0,13:10:00,8888.366010381054,0,48
2020-05-18,8880.9,8890.75,8876.75,8889.6,13:15:00,8887.654961773334,0,49
2020-05-18,8874.4,8884.6,8871.5,8881.0,13:20:00,8886.392584461588,0,50
2020-05-18,8861.55,8877.35,8858.2,8874.25,13:25:00,8884.026624036675,0,51
2020-05-18,8861.2,8862.45,8840.35,8861.45,13:30:00,8881.852659842705,0,52
2020-05-18,8871.1,8879.8,8861.1,8861.75,13:35:00,8880.828597000542,0,53
2020-05-18,8862.75,8877.45,8860.9,8871.8,13:40:00,8879.106825857634,0,54
2020-05-18,8900.25,8906.65,8863.1,8863.3,13:45:00,8881.12046149024,0,55
2020-05-18,8904.65,8909.4,8892.35,8900.45,13:50:00,8883.361369919741,0,56
2020-05-18,8909.9,8922.45,8904.7,8905.15,13:55:00,8885.888858498813,0,57
2020-05-18,8894.35,8913.05,8887.4,8910.25,14:00:00,8886.694681498926,0,58
2020-05-18,8902.75,8906.6,8891.25,8895.45,14:05:00,8888.223759451408,0,59
2020-05-18,8904.05,8918.7,8901.25,8902.4,14:10:00,8889.731020456036,0,60
2020-05-18,8880.2,8908.8,8874.3,8904.45,14:15:00,8888.823304222127,0,61
2020-05-18,8895.4,8899.45,8881.85,8881.85,14:20:00,8889.449656200972,0,62
2020-05-18,8902.7,8907.45,8893.6,8895.55,14:25:00,8890.71159370564,0,63
2020-05-18,8886.6,8902.25,8886.6,8902.15,14:30:00,8890.320013352723,0,64
2020-05-18,8882.05,8886.2,8875.45,8886.0,14:35:00,8889.532393033416,0,65
2020-05-18,8877.1,8892.25,8876.15,8882.25,14:40:00,8888.348355601662,0,66
2020-05-18,8872.55,8877.2,8857.2,8877.2,14:45:00,8886.843750306265,0,67
2020-05-18,8879.1,8885.25,8862.15,8872.3,14:50:00,8886.106250277098,0,68
2020-05-18,8865.7,8880.4,8865.7,8878.3,14:55:00,8884.162797869756,0,69
2020-05-18,8831.3,8865.5,8829.0,8865.25,15:00:00,8879.128245691685,0,70
2020-05-18,8831.6,8837.15,8819.55,8830.35,15:05:00,8874.601746102,0,71
2020-05-18,8823.05,8832.15,8810.85,8832.15,15:10:00,8869.692055997048,0,72
2020-05-18,8815.5,8825.15,8806.75,8823.8,15:15:00,8864.530907806853,0,73
2020-05-18,8822.45,8827.15,8808.3,8815.75,15:20:00,8860.523202301438,0,74
2020-05-18,8833.1,8833.9,8819.85,8822.3,15:25:00,8857.91146874892,0,75
2020-05-19,8946.7,8968.4,8900.9,8952.25,09:15:00,8866.367519344261,1,1
2020-05-19,8921.75,8965.45,8920.75,8949.15,09:20:00,8871.642041311476,1,2
2020-05-19,8903.65,8924.2,8898.3,8921.5,09:25:00,8874.69041832943,1,3
2020-05-19,8893.4,8902.05,8866.8,8902.05,09:30:00,8876.472283250436,1,4
2020-05-19,8921.2,8921.55,8893.6,8894.05,09:35:00,8880.732065798014,1,5
2020-05-19,8936.1,8951.85,8921.55,8921.55,09:40:00,8886.00520238868,1,6
2020-05-19,8964.75,8964.75,8937.65,8937.95,09:45:00,8893.504706923091,1,7
2020-05-19,8976.65,8979.4,8955.1,8963.9,09:50:00,8901.423306263749,1,8
2020-05-19,8955.55,8978.3,8955.45,8976.5,09:55:00,8906.578229476725,1,9
2020-05-19,8982.95,8988.65,8950.1,8955.05,10:00:00,8913.851731431323,1,10
2020-05-19,8982.85,8990.25,8976.55,8983.05,10:05:00,8920.42299510453,1,11
2020-05-19,8970.85,8983.8,8968.8,8983.45,10:10:00,8925.225566999337,1,12
2020-05-19,8999.8,9001.7,8969.8,8970.55,10:15:00,8932.32789395178,1,13
2020-05-19,8990.6,9002.65,8984.5,8999.95,10:20:00,8937.877618337327,1,14
2020-05-19,9014.55,9020.75,8990.7,8990.7,10:25:00,8945.179749924248,1,15
2020-05-19,9012.3,9019.65,9006.0,9013.6,10:30:00,8951.572154693366,1,16
2020-05-19,9007.15,9025.15,9005.85,9011.7,10:35:00,8956.865282817807,1,17
2020-05-19,9021.15,9022.75,9003.0,9006.15,10:40:00,8962.98763683516,1,18
2020-05-19,9019.8,9025.25,9002.45,9020.65,10:45:00,8968.398338088955,1,19
2020-05-19,9020.3,9029.0,9019.05,9020.45,10:50:00,8973.341353509055,1,20
2020-05-19,9027.55,9029.95,9010.2,9019.3,10:55:00,8978.504081746289,1,21
2020-05-19,8999.3,9030.35,8997.9,9027.45,11:00:00,8980.484645389499,1,22
2020-05-19,8979.45,8999.35,8972.25,8999.35,11:05:00,8980.386107733357,1,23
2020-05-19,8970.95,8987.6,8963.4,8978.95,11:10:00,8979.48743080637,1,24
2020-05-19,8957.8,8985.05,8949.35,8971.35,11:15:00,8977.421961205762,1,25
2020-05-19,8969.0,8969.7,8950.55,8956.35,11:20:00,8976.619869662356,1,26
2020-05-19,8968.15,8982.75,8964.95,8969.15,11:25:00,8975.813215408798,1,27
2020-05-19,8972.75,8977.3,8959.4,8967.6,11:30:00,8975.52148060796,1,28
2020-05-19,8981.3,8982.35,8965.9,8972.05,11:35:00,8976.071815788155,1,29
2020-05-19,8984.05,8990.65,8980.65,8981.05,11:40:00,8976.831642855948,1,30
2020-05-19,8989.65,8994.25,8976.55,8984.1,11:45:00,8978.05243877443,1,31
2020-05-19,8987.0,8990.4,8983.8,8989.0,11:50:00,8978.904587462579,1,32
2020-05-19,8999.3,9004.25,8987.05,8987.3,11:55:00,8980.847007704238,1,33
2020-05-19,8998.95,9004.9,8992.5,9001.5,12:00:00,8982.571102208596,1,34
2020-05-19,8986.45,8999.85,8984.2,8998.65,12:05:00,8982.940521045872,1,35
2020-05-19,8987.85,8988.05,8978.45,8986.2,12:10:00,8983.408090470075,1,36
2020-05-19,8991.4,8991.4,8979.1,8987.4,12:15:00,8984.16922471102,1,37
2020-05-19,8996.0,9002.6,8990.55,8990.55,12:20:00,8985.295965214733,1,38
2020-05-19,8997.0,9001.7,8989.6,8996.3,12:25:00,8986.410635194283,1,39
2020-05-19,8983.3,8996.4,8982.8,8995.95,12:30:00,8986.114384223398,1,40
2020-05-19,8977.85,8985.45,8976.7,8983.2,12:35:00,8985.327300011646,1,41
2020-05-19,8974.0,8981.35,8970.35,8977.45,12:40:00,8984.248509534345,1,42
2020-05-19,8984.15,8990.2,8972.5,8974.05,12:45:00,8984.239127673933,1,43
2020-05-19,8971.95,8989.95,8971.05,8984.2,12:50:00,8983.06873456213,1,44
2020-05-19,8959.8,8971.0,8957.2,8971.0,12:55:00,8980.852664603832,1,45
2020-05-19,8955.85,8962.85,8947.6,8960.1,13:00:00,8978.471458451086,1,46
2020-05-19,8938.6,8954.95,8926.65,8954.95,13:05:00,8974.67417669384,1,47
2020-05-19,8945.35,8947.0,8921.6,8938.5,13:10:00,8971.881397961093,1,48
2020-05-19,8954.6,8955.9,8940.35,8944.95,13:15:00,8970.235550536228,1,49
2020-05-19,8939.7,8959.25,8937.85,8954.75,13:20:00,8967.32740286611,1,50
2020-05-19,8941.75,8948.85,8935.55,8940.4,13:25:00,8964.891459736005,1,51
2020-05-19,8923.15,8946.65,8923.15,8942.45,13:30:00,8960.91608261829,1,52
2020-05-19,8911.35,8928.15,8902.25,8924.1,13:35:00,8956.19550332131,1,53
2020-05-19,8907.25,8911.45,8885.65,8911.45,13:40:00,8951.53402681452,1,54
2020-05-19,8907.5,8907.6,8888.1,8906.2,13:45:00,8947.340309975041,1,55
2020-05-19,8880.25,8917.8,8876.2,8906.8,13:50:00,8940.950756644084,1,56
2020-05-19,8891.1,8895.6,8871.55,8881.05,13:55:00,8936.203065535125,1,57
2020-05-19,8900.45,8905.65,8888.5,8891.85,14:00:00,8932.798011674637,1,58
2020-05-19,8878.9,8901.4,8877.2,8900.1,14:05:00,8927.664867705624,1,59
2020-05-19,8875.3,8883.0,8860.7,8878.65,14:10:00,8922.677737447946,1,60
2020-05-19,8903.8,8910.15,8872.0,8875.7,14:15:00,8920.879857691,1,61
2020-05-19,8910.6,8922.25,8895.35,8904.9,14:20:00,8919.90082362519,1,62
2020-05-19,8914.3,8917.6,8900.5,8911.25,14:25:00,8919.367411851363,1,63
2020-05-19,8888.5,8913.55,8888.5,8912.35,14:30:00,8916.427658341709,1,64
2020-05-19,8892.35,8904.4,8888.55,8889.1,14:35:00,8914.13454802345,1,65
2020-05-19,8890.9,8894.7,8879.95,8893.35,14:40:00,8911.921733925978,1,66
2020-05-19,8896.9,8899.95,8880.6,8890.8,14:45:00,8910.491092599694,1,67
2020-05-19,8884.4,8897.15,8880.95,8896.5,14:50:00,8908.006226637819,1,68
2020-05-19,8871.5,8884.1,8863.6,8884.1,14:55:00,8904.529443148504,1,69
2020-05-19,8875.25,8875.55,8855.3,8871.6,15:00:00,8901.740924753409,1,70
2020-05-19,8872.0,8875.75,8863.25,8875.75,15:05:00,8898.908455729275,1,71
2020-05-19,8882.2,8884.65,8866.0,8871.85,15:10:00,8897.31717423125,1,72
2020-05-19,8889.2,8890.85,8880.7,8882.6,15:15:00,8896.544110018749,1,73
2020-05-19,8888.0,8901.6,8882.7,8890.05,15:20:00,8895.73038525506,1,74
2020-05-19,8889.5,8891.15,8884.25,8888.65,15:25:00,8895.137015230768,1,75
2020-05-20,8939.75,8946.35,8875.35,8883.45,09:15:00,8903.230073692306,2,1
2020-05-20,8950.15,8975.5,8939.1,8939.1,09:20:00,8907.698638102564,2,2
2020-05-20,8938.0,8953.95,8934.7,8947.5,09:25:00,8910.584482092796,2,3
2020-05-20,8952.6,8956.7,8929.9,8937.85,09:30:00,8914.585959988719,2,4
2020-05-20,8955.95,8963.95,8943.3,8953.15,09:35:00,8918.525392370746,2,5
2020-05-20,8959.95,8961.0,8944.1,8956.25,09:40:00,8922.470593097341,2,6
2020-05-20,8970.5,8970.5,8945.8,8959.85,09:45:00,8927.044822326166,2,7
2020-05-20,8975.55,8982.35,8963.65,8971.15,09:50:00,8931.664363057007,2,8
2020-05-20,8984.55,8990.35,8970.35,8977.6,09:55:00,8936.701090384911,2,9
2020-05-20,8980.8,9000.05,8980.05,8985.8,10:00:00,8940.900986538729,2,10
2020-05-20,8973.65,8981.55,8964.25,8980.6,10:05:00,8944.019940201706,2,11
2020-05-20,8967.35,8972.9,8956.4,8972.9,10:10:00,8946.241850658687,2,12
2020-05-20,8940.5,8967.8,8940.1,8967.3,10:15:00,8945.695007738812,2,13
2020-05-20,8943.05,8950.15,8926.55,8940.2,10:20:00,8945.443102239877,2,14
2020-05-20,8935.65,8943.6,8930.15,8943.6,10:25:00,8944.510425836079,2,15
2020-05-20,8943.95,8947.85,8923.0,8935.0,10:30:00,8944.457051946929,2,16
2020-05-20,8948.0,8959.9,8944.15,8944.6,10:35:00,8944.79447557103,2,17
2020-05-20,8943.7,8952.0,8941.35,8948.3,10:40:00,8944.690239802361,2,18
2020-05-20,8951.6,8956.1,8940.15,8943.35,10:45:00,8945.348312202137,2,19
2020-05-20,8948.75,8953.25,8945.55,8951.7,10:50:00,8945.6722824686,2,20
2020-05-20,8939.2,8953.05,8934.9,8948.7,10:55:00,8945.055874614447,2,21
2020-05-20,8940.4,8946.1,8930.05,8939.15,11:00:00,8944.6124579845,2,22
2020-05-20,8941.7,8948.05,8934.6,8940.3,11:05:00,8944.335081033596,2,23
2020-05-20,8932.6,8941.5,8929.75,8941.25,11:10:00,8943.217454268492,2,24
2020-05-20,8949.3,8956.25,8931.4,8931.65,11:15:00,8943.796744338159,2,25
2020-05-20,8955.15,8960.9,8949.35,8949.4,11:20:00,8944.878006782143,2,26
2020-05-20,8964.95,8965.95,8951.9,8955.55,11:25:00,8946.789625183843,2,27
2020-05-20,8962.85,8974.15,8960.3,8964.4,11:30:00,8948.319184690143,2,28
2020-05-20,8956.65,8963.3,8954.3,8963.3,11:35:00,8949.112595672033,2,29
2020-05-20,8953.65,8961.85,8950.85,8955.4,11:40:00,8949.544729417554,2,30
2020-05-20,8954.0,8955.65,8947.55,8953.3,11:45:00,8949.969040901597,2,31
2020-05-20,8944.35,8958.4,8944.35,8953.4,11:50:00,8949.433894149064,2,32
2020-05-20,8937.85,8945.0,8932.65,8944.8,11:55:00,8948.330666134867,2,33
2020-05-20,8947.25,8948.75,8937.7,8938.0,12:00:00,8948.227745550594,2,34
2020-05-20,8941.65,8950.65,8940.95,8947.15,12:05:00,8947.601293593394,2,35
2020-05-20,8950.4,8950.4,8941.1,8941.85,12:10:00,8947.86783706069,2,36
2020-05-20,8946.9,8953.4,8946.45,8950.7,12:15:00,8947.77566210253,2,37
2020-05-20,8942.85,8950.4,8942.8,8947.0,12:20:00,8947.306551426098,2,38
2020-05-20,8941.55,8946.75,8940.3,8942.9,12:25:00,8946.758308433136,2,39
2020-05-20,8963.7,8965.25,8941.55,8941.95,12:30:00,8948.371802868076,2,40
2020-05-20,8965.55,8971.45,8959.2,8964.1,12:35:00,8950.007821642545,2,41
2020-05-20,8962.9,8972.7,8960.95,8965.85,12:40:00,8951.235648152779,2,42
2020-05-20,8966.0,8968.15,8960.15,8963.1,12:45:00,8952.641776900133,2,43
2020-05-20,8954.2,8966.15,8951.75,8965.8,12:50:00,8952.79017910012,2,44
2020-05-20,8967.45,8972.75,8954.5,8954.5,12:55:00,8954.186352519157,2,45
2020-05-20,8965.0,8970.2,8961.95,8967.8,13:00:00,8955.216223707808,2,46
2020-05-20,8959.2,8967.05,8952.05,8964.95,13:05:00,8955.595630973732,2,47
2020-05-20,8961.7,8964.75,8957.55,8959.15,13:10:00,8956.176999452426,2,48
2020-05-20,8947.7,8961.95,8945.05,8961.95,13:15:00,8955.369666171242,2,49
2020-05-20,8945.95,8951.7,8940.25,8947.2,13:20:00,8954.472555107313,2,50
2020-05-20,8932.65,8945.85,8927.8,8945.55,13:25:00,8952.394216525665,2,51
2020-05-20,8938.2,8949.05,8933.15,8933.4,13:30:00,8951.042386380364,2,52
2020-05-20,8946.95,8952.4,8936.45,8938.6,13:35:00,8950.652635296521,2,53
2020-05-20,8955.75,8957.45,8943.55,8947.1,13:40:00,8951.138098601614,2,54
2020-05-20,8961.35,8966.8,8954.05,8954.05,13:45:00,8952.110660639555,2,55
2020-05-20,8960.55,8968.95,8955.85,8961.7,13:50:00,8952.914407245313,2,56
2020-05-20,8958.15,8968.9,8954.6,8959.9,13:55:00,8953.413035126712,2,57
2020-05-20,8969.0,8975.5,8957.85,8958.3,14:00:00,8954.897507971787,2,58
2020-05-20,9005.9,9016.5,8967.9,8967.9,14:05:00,8959.75488816495,2,59
2020-05-20,9001.1,9018.3,8994.35,9006.25,14:10:00,8963.692517863528,2,60
2020-05-20,9001.75,9011.15,8998.95,9001.2,14:15:00,8967.317039971764,2,61
2020-05-20,9048.6,9048.6,9001.55,9001.95,14:20:00,8975.058274260167,2,62
2020-05-20,9042.4,9055.4,9031.05,9047.55,14:25:00,8981.471771949675,2,63
2020-05-20,9072.45,9084.3,9040.2,9042.1,14:30:00,8990.136365097325,2,64
2020-05-20,9056.25,9071.35,9052.35,9070.95,14:35:00,8996.432901754724,2,65
2020-05-20,9061.65,9065.8,9048.75,9056.1,14:40:00,9002.644053968561,2,66
2020-05-20,9045.0,9073.55,9034.9,9062.1,14:45:00,9006.677953590603,2,67
2020-05-20,9046.15,9049.15,9029.5,9044.65,14:50:00,9010.437196105784,2,68
2020-05-20,9053.2,9054.15,9033.3,9045.55,14:55:00,9014.50984409571,2,69
2020-05-20,9044.85,9058.0,9032.75,9052.45,15:00:00,9017.39938275326,2,70
2020-05-20,9049.85,9053.95,9043.7,9045.1,15:05:00,9020.48991772914,2,71
2020-05-20,9062.3,9063.7,9048.05,9049.15,15:10:00,9024.471830326363,2,72
2020-05-20,9076.45,9089.1,9061.9,9062.75,15:15:00,9029.422132200045,2,73
2020-05-20,9077.25,9093.8,9071.4,9076.6,15:20:00,9033.977167228612,2,74
2020-05-20,9086.65,9087.3,9074.4,9076.7,15:25:00,9038.993627492551,2,75
2020-05-21,9100.8,9120.05,9056.1,9074.9,09:15:00,9044.879948683738,3,1
2020-05-21,9100.25,9108.05,9087.05,9101.3,09:20:00,9050.153286904331,3,2
2020-05-21,9109.1,9115.15,9093.15,9100.35,09:25:00,9055.76725958011,3,3
2020-05-21,9108.1,9116.85,9101.4,9109.65,09:30:00,9060.75133009629,3,4
2020-05-21,9120.6,9125.5,9108.0,9108.0,09:35:00,9066.451203420453,3,5
2020-05-21,9118.95,9130.0,9117.5,9120.8,09:40:00,9071.45108880898,3,6
2020-05-21,9112.7,9128.55,9110.9,9118.1,09:45:00,9075.379556541458,3,7
2020-05-21,9112.25,9114.7,9100.3,9112.75,09:50:00,9078.891027347034,3,8
2020-05-21,9104.95,9112.75,9093.3,9112.75,09:55:00,9081.372834266363,3,9
2020-05-21,9117.25,9118.05,9103.5,9104.7,10:00:00,9084.789707193377,3,10
2020-05-21,9113.95,9121.85,9112.0,9117.3,10:05:00,9087.566877936864,3,11
2020-05-21,9109.75,9115.4,9106.55,9113.1,10:10:00,9089.67955622859,3,12
2020-05-21,9114.9,9120.5,9110.25,9110.9,10:15:00,9092.08150325444,3,13
2020-05-21,9115.95,9118.15,9109.15,9115.35,10:20:00,9094.354693420682,3,14
2020-05-21,9134.7,9135.4,9115.5,9116.25,10:25:00,9098.197103571094,3,15
2020-05-21,9137.0,9143.65,9132.85,9134.65,10:30:00,9101.892617516703,3,16
2020-05-21,9145.15,9145.7,9132.2,9137.05,10:35:00,9106.0123682294,3,17
2020-05-21,9145.15,9146.1,9137.6,9144.55,10:40:00,9109.739761731362,3,18
2020-05-21,9139.85,9149.75,9139.4,9145.05,10:45:00,9112.607403471233,3,19
2020-05-21,9135.05,9141.2,9132.2,9140.85,10:50:00,9114.74479361683,3,20
2020-05-21,9132.95,9142.15,9128.55,9134.15,10:55:00,9116.47862279618,3,21
2020-05-21,9132.95,9134.6,9126.7,9132.7,11:00:00,9118.04732538702,3,22
2020-05-21,9133.35,9134.3,9126.3,9132.4,11:05:00,9119.504722969208,3,23
2020-05-21,9129.6,9133.6,9125.55,9132.9,11:10:00,9120.466177924522,3,24
2020-05-21,9135.45,9140.6,9129.65,9129.65,11:15:00,9121.893208598376,3,25
2020-05-21,9131.4,9136.7,9128.25,9135.55,11:20:00,9122.798617303291,3,26
2020-05-21,9140.4,9142.0,9130.7,9131.25,11:25:00,9124.474939464882,3,27
2020-05-21,9143.7,9149.4,9138.6,9140.95,11:30:00,9126.305897611084,3,28
2020-05-21,9140.0,9151.6,9139.95,9144.0,11:35:00,9127.6100978386,3,29
2020-05-21,9144.4,9146.75,9139.25,9139.9,11:40:00,9129.209136139683,3,30
2020-05-21,9130.35,9143.5,9129.85,9143.2,11:45:00,9129.317789840668,3,31
2020-05-21,9120.8,9133.75,9120.8,9129.7,11:50:00,9128.506571760605,3,32
2020-05-21,9123.75,9128.5,9118.9,9121.1,11:55:00,9128.053564926258,3,33
2020-05-21,9131.15,9133.35,9117.85,9123.7,12:00:00,9128.34846350471,3,34
2020-05-21,9130.85,9135.95,9129.8,9130.5,12:05:00,9128.58670507569,3,35
2020-05-21,9134.25,9134.7,9127.6,9131.0,12:10:00,9129.126066497052,3,36
2020-05-21,9132.9,9137.55,9131.35,9134.2,12:15:00,9129.485488735429,3,37
2020-05-21,9135.95,9139.2,9128.9,9132.85,12:20:00,9130.10115647491,3,38
2020-05-21,9135.0,9143.75,9134.1,9136.25,12:25:00,9130.567713001108,3,39
2020-05-21,9130.25,9135.25,9122.75,9134.8,12:30:00,9130.53745462005,3,40
2020-05-21,9119.35,9131.25,9112.75,9130.4,12:35:00,9129.471982751473,3,41
2020-05-21,9122.5,9128.05,9118.35,9119.6,12:40:00,9128.807984394189,3,42
2020-05-21,9131.0,9133.25,9120.85,9121.5,12:45:00,9129.01674778522,3,43
2020-05-21,9129.0,9138.8,9125.0,9131.6,12:50:00,9129.015152758057,3,44
2020-05-21,9137.2,9138.65,9127.45,9128.75,12:55:00,9129.794662019192,3,45
2020-05-21,9151.0,9151.7,9136.25,9138.2,13:00:00,9131.814218017364,3,46
2020-05-21,9162.7,9173.85,9151.1,9151.25,13:05:00,9134.75572106333,3,47
2020-05-21,9164.95,9164.95,9153.15,9163.2,13:10:00,9137.631366676344,3,48
2020-05-21,9168.9,9169.0,9157.65,9165.55,13:15:00,9140.60933175479,3,49
2020-05-21,9169.85,9172.25,9163.75,9169.15,13:20:00,9143.394157301953,3,50
2020-05-21,9158.8,9171.85,9158.8,9169.5,13:25:00,9144.861380416052,3,51
2020-05-21,9170.45,9171.5,9158.35,9158.95,13:30:00,9147.298391805,3,52
2020-05-21,9149.25,9178.55,9149.25,9170.5,13:35:00,9147.484259252144,3,53
2020-05-21,9156.4,9156.95,9145.2,9149.7,13:40:00,9148.333377418605,3,54
2020-05-21,9155.55,9160.2,9149.6,9156.0,13:45:00,9149.02067480731,3,55
2020-05-21,9160.6,9167.1,9154.1,9155.75,13:50:00,9150.123467682806,3,56
2020-05-21,9156.6,9165.1,9146.9,9160.95,13:55:00,9150.740280284444,3,57
2020-05-21,9138.3,9160.4,9135.95,9155.95,14:00:00,9149.555491685924,3,58
2020-05-21,9128.35,9142.1,9126.35,9139.25,14:05:00,9147.53592104917,3,59
2020-05-21,9143.4,9147.05,9126.75,9128.6,14:10:00,9147.142023806393,3,60
2020-05-21,9104.25,9144.0,9103.4,9143.35,14:15:00,9143.057069158163,3,61
2020-05-21,9093.8,9120.5,9093.8,9103.45,14:20:00,9138.36591971453,3,62
2020-05-21,9106.05,9108.85,9090.05,9094.55,14:25:00,9135.288213075051,3,63
2020-05-21,9117.8,9122.65,9105.8,9106.35,14:30:00,9133.622668972666,3,64
2020-05-21,9099.25,9125.6,9093.3,9118.3,14:35:00,9130.34908145146,3,65
2020-05-21,9092.1,9102.35,9078.6,9102.1,14:40:00,9126.706311789416,3,66
2020-05-21,9089.75,9101.0,9079.7,9091.7,14:45:00,9123.186663047569,3,67
2020-05-21,9093.75,9096.2,9089.4,9089.7,14:50:00,9120.383171328753,3,68
2020-05-21,9094.6,9108.85,9093.1,9094.25,14:55:00,9117.927631202205,3,69
2020-05-21,9106.45,9110.15,9094.55,9095.0,15:00:00,9116.83452346866,3,70
2020-05-21,9104.05,9116.15,9099.6,9106.3,15:05:00,9115.61694980498,3,71
2020-05-21,9111.9,9113.4,9103.4,9103.4,15:10:00,9115.262954585456,3,72
2020-05-21,9108.8,9112.2,9102.8,9112.1,15:15:00,9114.647435101127,3,73
2020-05-21,9101.45,9114.15,9095.4,9109.6,15:20:00,9113.390536520066,3,74
2020-05-21,9100.7,9102.25,9096.85,9101.4,15:25:00,9112.181913994344,3,75
2020-05-22,9072.9,9084.7,9018.65,9060.85,09:15:00,9108.440779328215,4,1
2020-05-22,9075.45,9083.5,9055.05,9074.25,09:20:00,9105.29880034458,4,2
2020-05-22,9106.75,9106.75,9066.4,9074.95,09:25:00,9105.43700983557,4,3
2020-05-22,9103.9,9110.1,9088.35,9107.0,09:30:00,9105.290627946468,4,4
2020-05-22,9103.3,9121.4,9097.35,9104.6,09:35:00,9105.10104433252,4,5
2020-05-22,9102.1,9115.9,9100.3,9104.0,09:40:00,9104.815230586566,4,6
2020-05-22,9112.4,9117.1,9091.55,9100.95,09:45:00,9105.537589578322,4,7
2020-05-22,9111.95,9113.85,9101.5,9112.75,09:50:00,9106.148295332769,4,8
2020-05-22,9106.25,9111.15,9102.4,9111.15,09:55:00,9106.157981491551,4,9
2020-05-22,9139.65,9142.8,9098.6,9106.9,10:00:00,9109.347697539975,4,10
2020-05-22,9077.75,9149.6,9063.9,9139.8,10:05:00,9106.338393012358,4,11
2020-05-22,9068.0,9078.35,9060.65,9077.85,10:10:00,9102.687117487372,4,12
2020-05-22,9075.75,9086.0,9048.65,9067.45,10:15:00,9100.12167772667,4,13
2020-05-22,9071.45,9087.4,9064.35,9076.05,10:20:00,9097.391041752702,4,14
2020-05-22,9045.25,9082.55,9043.95,9070.55,10:25:00,9092.425228252445,4,15
2020-05-22,9025.35,9043.65,9003.7,9043.65,10:30:00,9086.03711127602,4,16
2020-05-22,8987.9,9023.4,8984.3,9023.4,10:35:00,9076.690719725924,4,17
2020-05-22,8999.7,9002.6,8968.55,8990.25,10:40:00,9069.358270228218,4,18
2020-05-22,8993.9,9013.25,8993.9,9000.6,10:45:00,9062.17176830172,4,19
2020-05-22,8990.2,8995.2,8979.05,8993.4,10:50:00,9055.317314177748,4,20
2020-05-22,8981.9,8990.4,8973.85,8990.4,10:55:00,9048.325189017962,4,21
2020-05-22,8980.75,8987.25,8972.5,8982.7,11:00:00,9041.889456730536,4,22
2020-05-22,8999.4,9004.7,8979.5,8980.7,11:05:00,9037.842841803818,4,23
2020-05-22,9009.25,9013.3,8993.3,8999.85,11:10:00,9035.11971401298,4,24
2020-05-22,9019.95,9026.4,9008.8,9009.85,11:15:00,9033.674979345076,4,25
2020-05-22,9008.6,9033.0,9008.1,9020.0,11:20:00,9031.286886074116,4,26
2020-05-22,9012.9,9016.85,9002.25,9008.2,11:25:00,9029.535754067056,4,27
2020-05-22,9025.1,9028.75,9012.35,9013.4,11:30:00,9029.113301298768,4,28
2020-05-22,9034.5,9045.95,9024.7,9025.45,11:35:00,9029.626320222693,4,29
2020-05-22,9041.05,9041.4,9025.4,9034.35,11:40:00,9030.714289725292,4,30
2020-05-22,9020.85,9044.1,9019.65,9042.0,11:45:00,9029.77483356098,4,31
2020-05-22,9018.75,9024.0,9013.85,9020.2,11:50:00,9028.724849412314,4,32
2020-05-22,9012.65,9021.25,9012.65,9019.25,11:55:00,9027.193911373046,4,33
2020-05-22,9002.85,9011.15,9000.5,9011.1,12:00:00,9024.875443623232,4,34
2020-05-22,9010.65,9011.65,8993.5,9003.3,12:05:00,9023.52063946864,4,35
2020-05-22,9007.9,9011.0,8998.95,9010.85,12:10:00,9022.032959519243,4,36
2020-05-22,9016.05,9019.6,9003.1,9007.55,12:15:00,9021.463153850746,4,37
2020-05-22,9008.4,9020.3,9007.95,9016.25,12:20:00,9020.219043960198,4,38
2020-05-22,9020.7,9025.95,9009.2,9009.35,12:25:00,9020.264849297322,4,39
2020-05-22,9010.9,9021.65,9007.15,9021.15,12:30:00,9019.372958888052,4,40
2020-05-22,9012.5,9014.8,9007.9,9010.05,12:35:00,9018.718391374903,4,41
2020-05-22,9004.6,9013.95,9002.05,9012.85,12:40:00,9017.373782672534,4,42
2020-05-22,8996.25,9003.2,8984.05,9001.9,12:45:00,9015.361993846578,4,43
2020-05-22,8995.15,8999.1,8984.65,8995.3,12:50:00,9013.437042051666,4,44
2020-05-22,9000.55,9007.95,8988.15,8994.9,12:55:00,9012.209704713412,4,45
2020-05-22,8999.65,9012.9,8999.45,9001.2,13:00:00,9011.013542359751,4,46
2020-05-22,8995.4,9007.45,8992.15,9000.55,13:05:00,9009.526538325492,4,47
2020-05-22,8996.65,9001.85,8989.9,8996.05,13:10:00,9008.300201342112,4,48
2020-05-22,8992.15,9010.25,8987.4,8997.1,13:15:00,9006.762086928578,4,49
2020-05-22,8989.3,8999.85,8986.45,8992.35,13:20:00,9005.099031030619,4,50
2020-05-22,8989.1,8990.9,8979.75,8989.9,13:25:00,9003.575313789608,4,51
2020-05-22,9002.1,9002.35,8988.95,8989.15,13:30:00,9003.434807714408,4,52
2020-05-22,9002.25,9007.1,8996.65,9002.4,13:35:00,9003.321968884464,4,53
2020-05-22,9010.9,9011.85,9001.15,9001.95,13:40:00,9004.043686133562,4,54
2020-05-22,9019.4,9032.9,9012.4,9012.4,13:45:00,9005.50619221608,4,55
2020-05-22,9007.7,9029.7,9007.55,9018.45,13:50:00,9005.71512629074,4,56
2020-05-22,9010.05,9012.25,9002.15,9009.0,13:55:00,9006.127971405907,4,57
2020-05-22,9028.4,9031.45,9009.65,9010.0,14:00:00,9008.249116986295,4,58
2020-05-22,9022.8,9029.9,9021.35,9028.85,14:05:00,9009.634915368551,4,59
2020-05-22,9043.9,9050.0,9012.55,9022.95,14:10:00,9012.898256762024,4,60
2020-05-22,9039.35,9055.25,9038.3,9043.7,14:15:00,9015.417470403736,4,61
2020-05-22,9039.55,9051.05,9034.65,9039.25,14:20:00,9017.71580655576,4,62
2020-05-22,9031.4,9048.75,9023.7,9039.7,14:25:00,9019.01906307426,4,63
2020-05-22,9012.1,9030.8,9008.25,9030.8,14:30:00,9018.360104686237,4,64
2020-05-22,9018.95,9024.9,9009.4,9012.9,14:35:00,9018.416285192308,4,65
2020-05-22,9026.1,9038.15,9018.2,9018.7,14:40:00,9019.148067554946,4,66
2020-05-22,9033.35,9045.2,9023.5,9025.5,14:45:00,9020.500632549714,4,67
2020-05-22,9030.85,9040.2,9028.0,9033.65,14:50:00,9021.4862865926,4,68
2020-05-22,9036.8,9037.7,9030.3,9030.3,14:55:00,9022.94473548854,4,69
2020-05-22,9027.3,9044.45,9018.9,9037.65,15:00:00,9023.359522584871,4,70
2020-05-22,9025.65,9029.05,9018.95,9027.65,15:05:00,9023.577663291077,4,71
2020-05-22,9031.5,9034.6,9024.6,9026.8,15:10:00,9024.332171549067,4,72
2020-05-22,9059.75,9060.4,9031.7,9032.45,15:15:00,9027.705298068204,4,73
2020-05-22,9046.45,9068.3,9046.15,9060.6,15:20:00,9029.490507775994,4,74
2020-05-22,9050.1,9051.55,9045.4,9046.95,15:25:00,9031.453316559231,4,75
2020-05-26,9143.25,9161.65,9089.45,9089.45,09:15:00,9042.100619744067,1,1
2020-05-26,9131.0,9144.85,9116.7,9142.95,09:20:00,9050.56722738749,1,2
2020-05-26,9119.05,9132.05,9109.7,9129.85,09:25:00,9057.089396207728,1,3
2020-05-26,9124.95,9129.15,9117.9,9117.9,09:30:00,9063.552310854611,1,4
2020-05-26,9135.8,9142.45,9123.6,9124.15,09:35:00,9070.433043154171,1,5
2020-05-26,9142.15,9149.0,9133.75,9135.4,09:40:00,9077.263229520442,1,6
2020-05-26,9137.4,9156.0,9137.4,9142.5,09:45:00,9082.990540994686,1,7
2020-05-26,9142.7,9143.5,9128.85,9136.8,09:50:00,9088.67715613805,1,8
2020-05-26,9140.8,9147.9,9140.55,9142.4,09:55:00,9093.641236505857,1,9
2020-05-26,9125.65,9145.8,9125.5,9140.6,10:00:00,9096.689690171965,1,10
2020-05-26,9131.9,9136.95,9125.6,9126.05,10:05:00,9100.04305301273,1,11
2020-05-26,9127.55,9136.0,9124.95,9131.75,10:10:00,9102.662762249613,1,12
2020-05-26,9123.05,9132.75,9120.85,9127.5,10:15:00,9104.604403940126,1,13
2020-05-26,9136.1,9139.0,9122.1,9122.75,10:20:00,9107.603984517256,1,14
2020-05-26,9126.7,9138.15,9126.0,9136.8,10:25:00,9109.42265265847,1,15
2020-05-26,9126.25,9131.0,9124.2,9127.0,10:30:00,9111.025257167186,1,16
2020-05-26,9117.95,9128.7,9112.7,9126.8,10:35:00,9111.684756484598,1,17
2020-05-26,9111.6,9119.0,9105.75,9118.0,10:40:00,9111.676684438446,1,18
2020-05-26,9108.25,9114.3,9099.1,9111.25,10:45:00,9111.350333539547,1,19
2020-05-26,9103.95,9109.7,9101.0,9108.65,10:50:00,9110.645539869114,1,20
2020-05-26,9112.0,9113.9,9103.85,9103.85,10:55:00,9110.774536072056,1,21
2020-05-26,9109.7,9112.1,9105.55,9111.45,11:00:00,9110.672199303288,1,22
2020-05-26,9108.95,9118.4,9107.45,9110.05,11:05:00,9110.508180322022,1,23
2020-05-26,9104.55,9111.7,9103.3,9109.0,11:10:00,9109.940734577069,1,24
2020-05-26,9093.8,9104.8,9092.25,9104.5,11:15:00,9108.403521760203,1,25
2020-05-26,9084.1,9096.45,9084.1,9093.7,11:20:00,9106.088900640185,1,26
2020-05-26,9090.0,9095.45,9084.05,9084.05,11:25:00,9104.55662438874,1,27
2020-05-26,9079.3,9090.3,9070.85,9090.3,11:30:00,9102.15123158981,1,28
2020-05-26,9075.85,9082.8,9074.4,9079.35,11:35:00,9099.64635239078,1,29
2020-05-26,9088.7,9090.95,9070.15,9075.55,11:40:00,9098.60384263928,1,30
2020-05-26,9094.35,9101.0,9087.95,9088.55,11:45:00,9098.19871476887,1,31
2020-05-26,9091.85,9096.0,9089.5,9094.95,11:50:00,9097.594075267074,1,32
2020-05-26,9085.45,9095.45,9084.75,9092.3,11:55:00,9096.437496670207,1,33
2020-05-26,9089.3,9089.65,9083.2,9085.35,12:00:00,9095.75773508257,1,34
2020-05-26,9087.05,9089.95,9081.8,9089.9,12:05:00,9094.928426979468,1,35
2020-05-26,9095.05,9099.3,9085.75,9087.45,12:10:00,9094.940005362376,1,36
2020-05-26,9093.7,9101.75,9091.45,9096.0,12:15:00,9094.82190961358,1,37
2020-05-26,9091.8,9098.6,9091.75,9094.4,12:20:00,9094.534108698,1,38
2020-05-26,9089.75,9092.6,9085.9,9091.9,12:25:00,9094.07847929819,1,39
2020-05-26,9090.8,9093.8,9085.3,9090.1,12:30:00,9093.766243174552,1,40
2020-05-26,9089.2,9092.7,9089.2,9091.1,12:35:00,9093.331362872214,1,41
2020-05-26,9097.75,9099.5,9088.4,9088.75,12:40:00,9093.752185455813,1,42
2020-05-26,9096.5,9102.95,9093.8,9098.1,12:45:00,9094.013882079067,1,43
2020-05-26,9104.65,9112.95,9095.85,9096.55,12:50:00,9095.026845690589,1,44
2020-05-26,9103.25,9107.55,9099.7,9104.6,12:55:00,9095.810003243863,1,45
2020-05-26,9087.2,9103.45,9086.6,9103.45,13:00:00,9094.990002934926,1,46
2020-05-26,9081.95,9086.5,9078.35,9086.3,13:05:00,9093.748097893504,1,47
2020-05-26,9066.9,9083.3,9066.9,9081.9,13:10:00,9091.191136189362,1,48
2020-05-26,9053.9,9066.55,9039.95,9066.35,13:15:00,9087.639599409422,1,49
2020-05-26,9055.3,9059.4,9047.35,9054.45,13:20:00,9084.559637560906,1,50
2020-05-26,9053.6,9059.5,9046.95,9054.5,13:25:00,9081.611100650343,1,51
2020-05-26,9039.5,9053.35,9031.0,9053.35,13:30:00,9077.600519636024,1,52
2020-05-26,9048.9,9055.55,9033.85,9039.3,13:35:00,9074.867136813546,1,53
2020-05-26,9047.75,9053.1,9044.95,9049.05,13:40:00,9072.284552355111,1,54
2020-05-26,9053.05,9061.35,9045.1,9047.55,13:45:00,9070.452690226051,1,55
2020-05-26,9041.25,9061.8,9038.9,9052.95,13:50:00,9067.671481633097,1,56
2020-05-26,9048.85,9048.85,9036.85,9041.05,13:55:00,9065.8789595728,1,57
2020-05-26,9046.3,9051.35,9042.25,9048.4,14:00:00,9064.014296756342,1,58
2020-05-26,9016.15,9046.95,9009.25,9046.25,14:05:00,9059.455792303355,1,59
2020-05-26,9010.4,9021.4,9004.55,9016.2,14:10:00,9054.78381208399,1,60
2020-05-26,9007.55,9011.25,8996.65,9009.7,14:15:00,9050.285353790276,1,61
2020-05-26,9029.4,9029.75,9004.0,9007.75,14:20:00,9048.296272476917,1,62
2020-05-26,9033.3,9033.55,9019.7,9029.0,14:25:00,9046.868056050544,1,63
2020-05-26,9018.55,9037.95,9016.9,9033.8,14:30:00,9044.171098331444,1,64
2020-05-26,9031.85,9034.5,9018.8,9018.8,14:35:00,9042.997660395116,1,65
2020-05-26,9028.3,9036.3,9023.25,9031.95,14:40:00,9041.597883214628,1,66
2020-05-26,9043.45,9054.8,9028.25,9029.0,14:45:00,9041.774275289426,1,67
2020-05-26,9048.0,9049.0,9037.35,9042.7,14:50:00,9042.367201452338,1,68
2020-05-26,9040.3,9048.5,9035.65,9047.9,14:55:00,9042.170325123545,1,69
2020-05-26,9027.5,9041.55,9021.35,9040.85,15:00:00,9040.773151302254,1,70
2020-05-26,9028.2,9032.65,9026.3,9028.1,15:05:00,9039.575708321086,1,71
2020-05-26,9019.65,9029.7,9015.95,9027.9,15:10:00,9037.678021814316,1,72
2020-05-26,9031.6,9032.65,9017.9,9019.7,15:15:00,9037.099162593904,1,73
2020-05-26,9034.55,9043.55,9026.1,9033.4,15:20:00,9036.856385204008,1,74
2020-05-26,9046.1,9048.25,9034.35,9034.65,15:25:00,9037.736729470293,1,75
2020-05-27,9047.65,9082.2,9043.85,9078.5,09:15:00,9038.680850473122,2,1
2020-05-27,9044.55,9055.95,9038.1,9047.2,09:20:00,9039.239817094727,2,2
2020-05-27,9049.05,9052.95,9035.9,9045.4,09:25:00,9040.174120228565,2,3
2020-05-27,9034.4,9049.9,9017.65,9049.9,09:30:00,9039.62420401632,2,4
2020-05-27,9014.4,9034.35,9011.75,9034.25,09:35:00,9037.221898871909,2,5
2020-05-27,9005.1,9017.9,9005.1,9014.3,09:40:00,9034.162670407915,2,6
2020-05-27,9023.5,9029.3,9004.25,9004.25,09:45:00,9033.147177988116,2,7
2020-05-27,9027.7,9037.05,9021.45,9023.15,09:50:00,9032.628399132103,2,8
2020-05-27,9028.35,9028.35,9017.55,9027.5,09:55:00,9032.220932548094,2,9
2020-05-27,9040.85,9048.75,9028.55,9029.3,10:00:00,9033.042748495896,2,10
2020-05-27,9029.6,9042.25,9029.3,9040.9,10:05:00,9032.714867686762,2,11
2020-05-27,9031.5,9039.2,9024.35,9029.15,10:10:00,9032.599166002308,2,12
2020-05-27,9046.3,9048.35,9031.5,9031.75,10:15:00,9033.90400733542,2,13
2020-05-27,9040.0,9055.5,9039.5,9045.45,10:20:00,9034.48457806538,2,14
2020-05-27,9059.15,9060.0,9036.05,9039.65,10:25:00,9036.83366586868,2,15
2020-05-27,9064.7,9068.7,9057.75,9059.85,10:30:00,9039.487602452611,2,16
2020-05-27,9063.05,9070.6,9059.4,9064.9,10:35:00,9041.731640314269,2,17
2020-05-27,9101.35,9104.45,9061.75,9062.65,10:40:00,9047.409579331958,2,18
2020-05-27,9099.9,9116.5,9097.2,9101.6,10:45:00,9052.408667014628,2,19
2020-05-27,9104.65,9113.15,9100.35,9100.8,10:50:00,9057.384032060854,2,20
2020-05-27,9109.9,9114.25,9098.3,9105.05,10:55:00,9062.385552816964,2,21
2020-05-27,9097.4,9115.1,9096.0,9109.45,11:00:00,9065.720262072491,2,22
2020-05-27,9097.7,9098.1,9090.5,9097.3,11:05:00,9068.765951398922,2,23
2020-05-27,9103.05,9108.05,9097.75,9097.9,11:10:00,9072.03109888474,2,24
2020-05-27,9089.1,9105.65,9089.05,9103.25,11:15:00,9073.656708514764,2,25
2020-05-27,9092.6,9093.05,9085.8,9088.9,11:20:00,9075.460831513356,2,26
2020-05-27,9094.3,9096.85,9090.25,9092.55,11:25:00,9077.255038035895,2,27
2020-05-27,9092.0,9094.75,9084.65,9094.15,11:30:00,9078.659320127714,2,28
2020-05-27,9093.3,9097.35,9086.95,9092.25,11:35:00,9080.05367059174,2,29
2020-05-27,9097.4,9101.85,9092.95,9092.95,11:40:00,9081.705701963954,2,30
2020-05-27,9105.3,9109.95,9097.6,9097.6,11:45:00,9083.952777967386,2,31
2020-05-27,9103.65,9108.25,9103.35,9105.55,11:50:00,9085.828703875251,2,32
2020-05-27,9101.6,9103.85,9097.55,9103.55,11:55:00,9087.330732077611,2,33
2020-05-27,9100.05,9105.65,9097.55,9101.7,12:00:00,9088.542090927362,2,34
2020-05-27,9102.35,9102.35,9094.35,9100.0,12:05:00,9089.85712988666,2,35
2020-05-27,9107.0,9108.6,9101.1,9102.15,12:10:00,9091.48978418317,2,36
2020-05-27,9121.35,9124.3,9106.55,9107.1,12:15:00,9094.333614260964,2,37
2020-05-27,9124.3,9133.6,9115.95,9121.75,12:20:00,9097.18755575992,2,38
2020-05-27,9124.9,9129.3,9123.35,9124.35,12:25:00,9099.826836163737,2,39
2020-05-27,9142.0,9142.25,9124.25,9125.05,12:30:00,9103.843327957666,2,40
2020-05-27,9145.85,9147.05,9138.2,9142.5,12:35:00,9107.843963390267,2,41
2020-05-27,9143.65,9149.9,9137.0,9146.5,12:40:00,9111.254062115006,2,42
2020-05-27,9137.7,9148.9,9134.9,9144.65,12:45:00,9113.772722865957,2,43
2020-05-27,9144.35,9148.3,9134.55,9137.45,12:50:00,9116.68484449777,2,44
2020-05-27,9156.55,9158.6,9142.45,9145.1,12:55:00,9120.481525974172,2,45
2020-05-27,9161.55,9161.55,9151.45,9157.5,13:00:00,9124.392809214727,2,46
2020-05-27,9167.75,9171.4,9159.65,9161.9,13:05:00,9128.52206547999,2,47
2020-05-27,9182.35,9184.05,9167.45,9167.45,13:10:00,9133.648535434277,2,48
2020-05-27,9181.3,9186.7,9178.15,9182.9,13:15:00,9138.186770154822,2,49
2020-05-27,9185.05,9189.9,9180.05,9183.0,13:20:00,9142.64993490198,2,50
2020-05-27,9179.7,9187.95,9172.4,9185.15,13:25:00,9146.178512530363,2,51
2020-05-27,9203.25,9207.95,9179.4,9179.4,13:30:00,9151.61389228938,2,52
2020-05-27,9211.25,9221.85,9203.55,9203.55,13:35:00,9157.293521595151,2,53
2020-05-27,9219.0,9220.55,9211.1,9211.75,13:40:00,9163.17032906228,2,54
2020-05-27,9247.9,9251.95,9213.2,9219.3,13:45:00,9171.23982153254,2,55
2020-05-27,9256.5,9266.05,9248.15,9248.2,13:50:00,9179.35983852944,2,56
2020-05-27,9258.65,9260.7,9244.25,9256.75,13:55:00,9186.911282479015,2,57
2020-05-27,9280.95,9281.65,9259.15,9259.25,14:00:00,9195.86735081435,2,58
2020-05-27,9306.5,9328.7,9280.15,9280.15,14:05:00,9206.403793593936,2,59
2020-05-27,9268.5,9304.75,9255.3,9303.95,14:10:00,9212.31771801356,2,60
2020-05-27,9272.45,9278.6,9249.4,9268.7,14:15:00,9218.044602012267,2,61
2020-05-27,9281.1,9282.3,9260.25,9271.55,14:20:00,9224.0498780111,2,62
2020-05-27,9286.3,9293.05,9271.9,9280.5,14:25:00,9229.97846105766,2,63
2020-05-27,9255.5,9288.45,9255.5,9286.75,14:30:00,9232.409083814076,2,64
2020-05-27,9262.0,9267.6,9244.55,9252.2,14:35:00,9235.227266307971,2,65
2020-05-27,9264.4,9270.3,9251.15,9261.45,14:40:00,9238.005621897692,2,66
2020-05-27,9279.3,9288.35,9258.0,9262.4,14:45:00,9241.938419812195,2,67
2020-05-27,9274.3,9286.85,9269.1,9278.45,14:50:00,9245.02047506818,2,68
2020-05-27,9283.05,9285.2,9271.05,9274.25,14:55:00,9248.642334585496,2,69
2020-05-27,9289.85,9298.7,9282.4,9283.65,15:00:00,9252.56687414878,2,70
2020-05-27,9315.75,9315.9,9289.65,9290.25,15:05:00,9258.58431470604,2,71
2020-05-27,9321.25,9331.15,9310.9,9316.2,15:10:00,9264.552475210226,2,72
2020-05-27,9322.3,9329.55,9319.85,9320.85,15:15:00,9270.05223947592,2,73
2020-05-27,9314.95,9334.0,9312.3,9322.15,15:20:00,9274.32821666869,2,74
2020-05-27,9316.0,9319.7,9310.3,9316.05,15:25:00,9278.29695793834,2,75
2020-05-28,9386.15,9388.9,9336.5,9348.1,09:15:00,9288.568676229925,3,1
2020-05-28,9381.6,9391.9,9373.0,9387.55,09:20:00,9297.428802303266,3,2
2020-05-28,9382.95,9389.85,9370.9,9381.0,09:25:00,9305.573678274384,3,3
2020-05-28,9392.55,9404.1,9384.25,9384.25,09:30:00,9313.857137486348,3,4
2020-05-28,9402.45,9402.9,9387.7,9394.6,09:35:00,9322.294552963838,3,5
2020-05-28,9410.5,9421.2,9399.55,9400.6,09:40:00,9330.695071729187,3,6
2020-05-28,9410.65,9426.7,9407.7,9410.65,09:45:00,9338.3098268026,3,7
2020-05-28,9408.65,9412.85,9393.15,9409.95,09:50:00,9345.008890916635,3,8
2020-05-28,9402.05,9417.3,9396.25,9409.1,09:55:00,9350.441377496005,3,9
2020-05-28,9406.05,9411.35,9402.5,9402.5,10:00:00,9355.7374367821,3,10
2020-05-28,9420.55,9421.05,9401.9,9406.2,10:05:00,9361.91006185047,3,11
2020-05-28,9432.8,9432.8,9415.35,9418.6,10:10:00,9368.661484531378,3,12
2020-05-28,9430.6,9437.4,9422.4,9432.5,10:15:00,9374.560390766484,3,13
2020-05-28,9424.9,9437.1,9424.9,9431.8,10:20:00,9379.354639264917,3,14
2020-05-28,9424.65,9427.7,9416.55,9424.45,10:25:00,9383.668483144447,3,15
2020-05-28,9421.25,9423.8,9412.1,9423.8,10:30:00,9387.247675225928,3,16
2020-05-28,9428.05,9432.0,9420.8,9420.95,10:35:00,9391.133610918696,3,17
2020-05-28,9431.0,9434.9,9424.05,9428.65,10:40:00,9394.93040987882,3,18
2020-05-28,9425.8,9432.75,9425.7,9431.35,10:45:00,9397.870370842742,3,19
2020-05-28,9434.15,9434.7,9422.0,9425.5,10:50:00,9401.325573619624,3,20
2020-05-28,9438.95,9439.55,9430.9,9434.6,10:55:00,9404.908852322518,3,21
2020-05-28,9447.75,9455.0,9439.05,9439.05,11:00:00,9408.988961625137,3,22
2020-05-28,9465.0,9466.8,9447.8,9447.8,11:05:00,9414.323346232264,3,23
2020-05-28,9471.55,9481.65,9464.3,9465.3,11:10:00,9419.773503733952,3,24
2020-05-28,9462.5,9472.85,9457.05,9471.3,11:15:00,9423.84269385453,3,25
2020-05-28,9467.55,9467.6,9453.15,9462.0,11:20:00,9428.005294439812,3,26
2020-05-28,9467.3,9474.65,9466.4,9466.95,11:25:00,9431.747647350308,3,27
2020-05-28,9476.8,9479.05,9463.8,9467.9,11:30:00,9436.038347602658,3,28
2020-05-28,9478.05,9482.75,9468.25,9476.9,11:35:00,9440.039457354786,3,29
2020-05-28,9477.6,9479.45,9472.95,9478.1,11:40:00,9443.616651892426,3,30
2020-05-28,9471.1,9485.55,9469.95,9477.65,11:45:00,9446.234113616956,3,31
2020-05-28,9466.0,9471.55,9459.2,9471.5,11:50:00,9448.11657898677,3,32
2020-05-28,9444.15,9466.2,9443.5,9465.65,11:55:00,9447.738809559458,3,33
2020-05-28,9451.75,9456.0,9435.4,9444.05,12:00:00,9448.120827696652,3,34
2020-05-28,9465.85,9473.25,9451.3,9452.7,12:05:00,9449.80932029697,3,35
2020-05-28,9468.3,9470.8,9463.0,9466.6,12:10:00,9451.570337411546,3,36
2020-05-28,9472.6,9476.95,9467.6,9467.9,12:15:00,9453.573162419969,3,37
2020-05-28,9470.85,9476.9,9460.25,9473.15,12:20:00,9455.21857552283,3,38
2020-05-28,9471.15,9474.4,9468.35,9470.25,12:25:00,9456.735854044464,3,39
2020-05-28,9470.55,9475.75,9461.8,9471.35,12:30:00,9458.05148699261,3,40
2020-05-28,9463.9,9471.55,9461.8,9469.85,12:35:00,9458.60848823141,3,41
2020-05-28,9450.25,9464.7,9448.15,9464.0,12:40:00,9457.81244173318,3,42
2020-05-28,9443.95,9450.3,9432.55,9450.3,12:45:00,9456.492209187163,3,43
2020-05-28,9446.45,9451.35,9442.9,9445.2,12:50:00,9455.535808312196,3,44
2020-05-28,9449.6,9454.25,9445.25,9445.95,12:55:00,9454.970493234843,3,45
2020-05-28,9455.45,9462.6,9449.55,9449.85,13:00:00,9455.016160545812,3,46
2020-05-28,9455.25,9459.75,9452.5,9455.7,13:05:00,9455.03843097002,3,47
2020-05-28,9441.75,9458.15,9434.15,9456.05,13:10:00,9453.772866115733,3,48
2020-05-28,9451.05,9453.1,9441.55,9442.1,13:15:00,9453.513545533282,3,49
2020-05-28,9457.55,9464.7,9452.35,9452.35,13:20:00,9453.897969768208,3,50
2020-05-28,9474.45,9479.75,9456.85,9457.25,13:25:00,9455.85530598076,3,51
2020-05-28,9484.15,9490.55,9474.25,9474.6,13:30:00,9458.550038744495,3,52
2020-05-28,9468.5,9485.5,9465.7,9484.35,13:35:00,9459.497654102164,3,53
2020-05-28,9479.0,9481.2,9466.9,9467.85,13:40:00,9461.355020378149,3,54
2020-05-28,9471.85,9479.6,9463.25,9478.45,13:45:00,9462.354542246898,3,55
2020-05-28,9474.2,9476.8,9462.3,9472.0,13:50:00,9463.482681080526,3,56
2020-05-28,9461.75,9473.3,9460.15,9473.3,13:55:00,9463.31766383476,3,57
2020-05-28,9463.95,9467.45,9456.5,9461.6,14:00:00,9463.377886326689,3,58
2020-05-28,9458.2,9467.5,9450.55,9463.65,14:05:00,9462.884754295575,3,59
2020-05-28,9445.4,9458.6,9437.6,9458.1,14:10:00,9461.219539600756,3,60
2020-05-28,9455.3,9458.05,9446.15,9446.15,14:15:00,9460.655773924494,3,61
2020-05-28,9455.3,9471.65,9450.7,9454.2,14:20:00,9460.1457002174,3,62
2020-05-28,9454.85,9462.1,9450.7,9454.2,14:25:00,9459.641347815745,3,63
2020-05-28,9456.3,9458.8,9449.8,9454.9,14:30:00,9459.323124214245,3,64
2020-05-28,9464.1,9468.9,9454.65,9456.45,14:35:00,9459.778064765267,3,65
2020-05-28,9462.0,9466.05,9457.05,9462.9,14:40:00,9459.989677644768,3,66
2020-05-28,9453.95,9465.1,9451.4,9462.05,14:45:00,9459.414470250029,3,67
2020-05-28,9467.25,9470.15,9449.55,9453.7,14:50:00,9460.160711178596,3,68
2020-05-28,9470.05,9470.9,9462.15,9467.15,14:55:00,9461.102548209206,3,69
2020-05-28,9482.0,9484.45,9468.35,9470.15,15:00:00,9463.09278171309,3,70
2020-05-28,9488.35,9489.6,9476.6,9481.85,15:05:00,9465.498231073749,3,71
2020-05-28,9486.55,9490.65,9480.5,9488.1,15:10:00,9467.503161447676,3,72
2020-05-28,9499.15,9499.5,9482.3,9484.9,15:15:00,9470.517146071708,3,73
2020-05-28,9492.1,9511.25,9487.55,9498.85,15:20:00,9472.57265596964,3,74
2020-05-28,9485.95,9491.55,9484.4,9491.3,15:25:00,9473.846688734437,3,75
2020-05-29,9443.85,9445.25,9376.9,9415.15,09:15:00,9470.989861235916,4,1
2020-05-29,9436.3,9464.15,9432.75,9443.45,09:20:00,9467.686064927731,4,2
2020-05-29,9426.0,9434.85,9419.05,9434.85,09:25:00,9463.715963506043,4,3
2020-05-29,9420.0,9426.2,9411.8,9426.2,09:30:00,9459.552538410231,4,4
2020-05-29,9416.85,9421.25,9403.7,9421.25,09:35:00,9455.48562999021,4,5
2020-05-29,9436.85,9439.2,9416.4,9417.0,09:40:00,9453.71080808638,4,6
2020-05-29,9423.6,9445.15,9418.35,9437.75,09:45:00,9450.843112078152,4,7
2020-05-29,9436.6,9443.0,9420.15,9423.15,09:50:00,9449.486625213567,4,8
2020-05-29,9439.0,9443.75,9433.45,9436.8,09:55:00,9448.487899002752,4,9
2020-05-29,9450.9,9450.9,9433.85,9439.25,10:00:00,9448.717622907252,4,10
2020-05-29,9462.55,9473.85,9451.3,9451.7,10:05:00,9450.034992154182,4,11
2020-05-29,9462.5,9474.95,9457.85,9464.6,10:10:00,9451.222135758544,4,12
2020-05-29,9470.35,9471.8,9453.4,9463.0,10:15:00,9453.043837114874,4,13
2020-05-29,9470.0,9472.15,9462.5,9470.45,10:20:00,9454.6587097706,4,14
2020-05-29,9482.3,9487.45,9469.85,9469.85,10:25:00,9457.291213601971,4,15
2020-05-29,9474.95,9483.0,9469.1,9482.55,10:30:00,9458.973002782735,4,16
2020-05-29,9501.15,9502.75,9474.65,9474.65,10:35:00,9462.98985966057,4,17
2020-05-29,9503.05,9520.45,9496.9,9501.35,10:40:00,9466.805111121468,4,18
2020-05-29,9484.85,9507.4,9484.4,9502.4,10:45:00,9468.523671967045,4,19
2020-05-29,9495.3,9496.4,9475.35,9485.2,10:50:00,9471.073798446372,4,20
2020-05-29,9477.65,9496.7,9474.75,9495.35,10:55:00,9471.70010335624,4,21
2020-05-29,9490.35,9494.9,9476.75,9479.5,11:00:00,9473.47628398898,4,22
2020-05-29,9502.0,9508.15,9488.15,9489.95,11:05:00,9476.192828370984,4,23
2020-05-29,9500.55,9502.75,9488.55,9501.8,11:10:00,9478.512559002318,4,24
2020-05-29,9505.0,9506.05,9495.45,9501.45,11:15:00,9481.03517243067,4,25
2020-05-29,9502.15,9505.7,9498.75,9505.65,11:20:00,9483.046108389652,4,26
2020-05-29,9502.6,9509.95,9500.7,9502.9,11:25:00,9484.908383781116,4,27
2020-05-29,9515.1,9519.6,9500.95,9502.75,11:30:00,9487.783775801963,4,28
2020-05-29,9502.55,9523.25,9500.3,9515.35,11:35:00,9489.190082868445,4,29
2020-05-29,9494.6,9506.5,9484.3,9503.0,11:40:00,9489.705313071448,4,30
2020-05-29,9476.45,9495.2,9470.35,9494.7,11:45:00,9488.44290230274,4,31
2020-05-29,9481.8,9489.0,9475.25,9476.15,11:50:00,9487.810244940572,4,32
2020-05-29,9477.45,9487.5,9476.3,9480.9,11:55:00,9486.823554946232,4,33
2020-05-29,9460.9,9476.65,9459.3,9476.55,12:00:00,9484.354644951352,4,34
2020-05-29,9469.6,9471.3,9452.65,9461.15,12:05:00,9482.94944067027,4,35
2020-05-29,9473.1,9477.1,9463.55,9468.7,12:10:00,9482.011398701674,4,36
2020-05-29,9482.4,9488.0,9469.15,9473.15,12:15:00,9482.048408349134,4,37
2020-05-29,9477.75,9483.1,9471.55,9482.65,12:20:00,9481.639036125409,4,38
2020-05-29,9470.6,9479.0,9464.85,9477.8,12:25:00,9480.58769935156,4,39
2020-05-29,9469.45,9476.3,9462.85,9470.05,12:30:00,9479.526966079982,4,40
2020-05-29,9465.75,9475.65,9465.6,9469.8,12:35:00,9478.214874072364,4,41
2020-05-29,9466.9,9469.4,9462.7,9466.15,12:40:00,9477.137267017852,4,42
2020-05-29,9481.0,9481.55,9461.15,9467.3,12:45:00,9477.505146349487,4,43
2020-05-29,9485.4,9487.6,9475.65,9480.95,12:50:00,9478.257037173344,4,44
2020-05-29,9486.8,9487.35,9476.05,9485.85,12:55:00,9479.070652680646,4,45
2020-05-29,9493.55,9493.55,9481.5,9486.85,13:00:00,9480.449638139631,4,46
2020-05-29,9487.9,9496.6,9484.65,9493.35,13:05:00,9481.159196412047,4,47
2020-05-29,9473.95,9488.05,9469.0,9487.65,13:10:00,9480.472606277566,4,48
2020-05-29,9475.65,9481.4,9468.55,9473.7,13:15:00,9480.013310441607,4,49
2020-05-29,9481.85,9482.95,9473.6,9475.1,13:20:00,9480.188233256691,4,50
2020-05-29,9480.6,9488.75,9479.75,9481.7,13:25:00,9480.227449137008,4,51
2020-05-29,9491.7,9498.0,9478.8,9479.7,13:30:00,9481.320073028724,4,52
2020-05-29,9502.0,9502.0,9490.3,9492.6,13:35:00,9483.28958988313,4,53
2020-05-29,9505.2,9505.85,9495.2,9502.05,13:40:00,9485.376295608548,4,54
2020-05-29,9508.45,9512.9,9500.05,9505.7,13:45:00,9487.573791264876,4,55
2020-05-29,9500.1,9516.9,9498.9,9508.55,13:50:00,9488.766763525364,4,56
2020-05-29,9504.3,9508.6,9496.95,9500.7,13:55:00,9490.24611938009,4,57
2020-05-29,9526.35,9526.35,9503.75,9505.0,14:00:00,9493.684584201032,4,58
2020-05-29,9542.3,9549.55,9525.3,9525.3,14:05:00,9498.314623800934,4,59
2020-05-29,9540.75,9542.25,9530.5,9541.85,14:10:00,9502.356088200844,4,60
2020-05-29,9542.45,9549.0,9533.15,9540.55,14:15:00,9506.17455599124,4,61
2020-05-29,9540.2,9547.1,9535.65,9542.65,14:20:00,9509.415074468265,4,62
2020-05-29,9518.55,9540.25,9507.05,9540.25,14:25:00,9510.28506737605,4,63
2020-05-29,9524.7,9536.3,9518.35,9519.55,14:30:00,9511.65791810214,4,64
2020-05-29,9534.65,9536.3,9520.1,9524.2,14:35:00,9513.84764018765,4,65
2020-05-29,9537.9,9544.9,9532.6,9534.85,14:40:00,9516.13834112216,4,66
2020-05-29,9553.55,9558.15,9537.45,9538.45,14:45:00,9519.701356253385,4,67
2020-05-29,9547.1,9554.7,9543.9,9553.45,14:50:00,9522.310750895918,4,68
2020-05-29,9546.75,9550.65,9540.4,9547.35,14:55:00,9524.638298429642,4,69
2020-05-29,9579.85,9580.55,9546.9,9547.0,15:00:00,9529.896555722056,4,70
2020-05-29,9587.05,9592.95,9580.2,9580.8,15:05:00,9535.339740891384,4,71
2020-05-29,9590.3,9598.85,9585.95,9587.85,15:10:00,9540.57405128268,4,72
2020-05-29,9579.7,9591.45,9576.95,9590.85,15:15:00,9544.300332112904,4,73
2020-05-29,9571.15,9585.75,9569.55,9579.6,15:20:00,9546.857443340246,4,74
2020-05-29,9568.95,9575.15,9553.85,9571.0,15:25:00,9548.96149635546,4,75
2020-06-01,9806.7,9807.8,9706.95,9706.95,09:15:00,9573.508020512085,0,1
2020-06-01,9797.85,9818.9,9794.45,9808.55,09:20:00,9594.873923320458,0,2
2020-06-01,9797.2,9805.55,9789.3,9796.9,09:25:00,9614.143073480414,0,3
2020-06-01,9839.7,9845.9,9798.35,9798.35,09:30:00,9635.6246855299,0,4
2020-06-01,9825.7,9842.2,9821.15,9840.65,09:35:00,9653.727096431814,0,5
2020-06-01,9817.8,9837.4,9815.9,9828.35,09:40:00,9669.353087247831,0,6
2020-06-01,9820.65,9824.35,9812.75,9817.7,09:45:00,9683.762317033752,0,7
2020-06-01,9834.4,9837.6,9820.7,9820.7,09:50:00,9698.108763030536,0,8
2020-06-01,9840.6,9844.65,9834.75,9835.75,09:55:00,9711.67935702763,0,9
2020-06-01,9839.85,9852.9,9834.55,9840.95,10:00:00,9723.88608492976,0,10
2020-06-01,9831.2,9840.35,9824.4,9838.8,10:05:00,9734.106457793592,0,11
2020-06-01,9835.15,9838.45,9826.1,9830.9,10:10:00,9743.72965228944,0,12
2020-06-01,9821.55,9836.05,9816.85,9834.75,10:15:00,9751.14111397616,0,13
2020-06-01,9823.05,9827.35,9815.85,9821.2,10:20:00,9757.989579311765,0,14
2020-06-01,9841.35,9842.1,9818.9,9822.75,10:25:00,9765.928666996357,0,15
2020-06-01,9838.1,9843.7,9834.1,9841.25,10:30:00,9772.80212728242,0,16
2020-06-01,9839.7,9839.7,9825.45,9838.4,10:35:00,9779.173353255524,0,17
2020-06-01,9844.6,9845.55,9833.85,9839.95,10:40:00,9785.404462469283,0,18
2020-06-01,9846.75,9849.05,9843.2,9844.95,10:45:00,9791.246894615066,0,19
2020-06-01,9863.05,9864.05,9845.9,9846.65,10:50:00,9798.085285604107,0,20
2020-06-01,9861.15,9865.9,9849.6,9863.4,10:55:00,9804.091448879906,0,21
2020-06-01,9856.25,9861.2,9851.65,9861.2,11:00:00,9809.05892993896,0,22
2020-06-01,9864.5,9864.7,9853.45,9856.2,11:05:00,9814.339031849537,0,23
2020-06-01,9849.35,9863.95,9847.95,9863.9,11:10:00,9817.673409768628,0,24
2020-06-01,9854.9,9857.7,9847.85,9848.5,11:15:00,9821.218799314473,0,25
2020-06-01,9861.75,9861.95,9854.8,9855.25,11:20:00,9825.078913665477,0,26
2020-06-01,9861.85,9869.55,9857.0,9861.55,11:25:00,9828.580921887811,0,27
2020-06-01,9852.4,9863.7,9852.4,9861.55,11:30:00,9830.849405517543,0,28
2020-06-01,9862.75,9875.85,9852.05,9852.6,11:35:00,9833.887557373017,0,29
2020-06-01,9870.9,9871.15,9859.65,9862.85,11:40:00,9837.41255190892,0,30
2020-06-01,9862.15,9877.5,9862.15,9870.4,11:45:00,9839.768499346166,0,31
2020-06-01,9871.8,9872.6,9859.85,9862.8,11:50:00,9842.819118456056,0,32
2020-06-01,9875.9,9882.55,9870.2,9872.4,11:55:00,9845.969678603096,0,33
2020-06-01,9882.6,9886.5,9875.8,9876.35,12:00:00,9849.458280640898,0,34
2020-06-01,9900.4,9902.75,9878.1,9882.75,12:05:00,9854.309872960812,0,35
2020-06-01,9903.05,9903.05,9891.35,9899.95,12:10:00,9858.951789821687,0,36
2020-06-01,9913.35,9931.6,9903.45,9903.45,12:15:00,9864.132571743432,0,37
2020-06-01,9915.6,9917.65,9900.25,9912.35,12:20:00,9869.03423157739,0,38
2020-06-01,9893.55,9916.25,9892.9,9915.8,12:25:00,9871.369066665258,0,39
2020-06-01,9901.55,9906.55,9892.0,9894.25,12:30:00,9874.243441268569,0,40
2020-06-01,9900.95,9902.05,9891.7,9901.2,12:35:00,9876.786923052514,0,41
2020-06-01,9886.85,9900.6,9879.3,9900.15,12:40:00,9877.745311333229,0,42
2020-06-01,9886.65,9890.9,9881.7,9887.5,12:45:00,9878.59337692054,0,43
2020-06-01,9905.2,9908.6,9882.0,9886.2,12:50:00,9881.127341023344,0,44
2020-06-01,9913.3,9917.55,9902.2,9904.9,12:55:00,9884.191403783028,0,45
2020-06-01,9912.85,9918.2,9903.5,9913.7,13:00:00,9886.92079389893,0,46
2020-06-01,9913.7,9914.0,9905.45,9914.0,13:05:00,9889.471194479984,0,47
2020-06-01,9915.25,9921.2,9912.15,9913.65,13:10:00,9891.926318815222,0,48
2020-06-01,9912.35,9915.9,9907.3,9915.5,13:15:00,9893.87143130901,0,49
2020-06-01,9899.35,9913.7,9893.85,9913.7,13:20:00,9894.39319975577,0,50
2020-06-01,9906.1,9911.2,9891.8,9899.5,13:25:00,9895.508133112362,0,51
2020-06-01,9905.75,9910.95,9902.45,9906.75,13:30:00,9896.483549006422,0,52
2020-06-01,9856.8,9906.7,9856.3,9906.7,13:35:00,9892.704163386765,0,53
2020-06-01,9851.0,9861.5,9843.6,9856.4,13:40:00,9888.73233830231,0,54
2020-06-01,9836.2,9851.3,9816.4,9850.95,13:45:00,9883.729258463994,0,55
2020-06-01,9819.35,9836.4,9812.4,9836.4,13:50:00,9877.597900515042,0,56
2020-06-01,9837.4,9837.4,9807.8,9819.25,13:55:00,9873.76952903742,0,57
2020-06-01,9832.4,9853.25,9830.1,9838.2,14:00:00,9869.829573890998,0,58
2020-06-01,9823.65,9836.0,9815.05,9832.65,14:05:00,9865.431519234711,0,59
2020-06-01,9834.6,9836.3,9821.3,9824.5,14:10:00,9862.495184069505,0,60
2020-06-01,9827.5,9835.4,9821.5,9835.3,14:15:00,9859.162309396215,0,61
2020-06-01,9851.45,9857.5,9825.95,9828.25,14:20:00,9858.427803739434,0,62
2020-06-01,9862.65,9872.05,9851.2,9851.35,14:25:00,9858.82991766901,0,63
2020-06-01,9874.3,9878.8,9856.0,9863.15,14:30:00,9860.30325884339,0,64
2020-06-01,9868.35,9876.9,9858.75,9873.75,14:35:00,9861.06961514402,0,65
2020-06-01,9847.2,9869.5,9841.15,9868.65,14:40:00,9859.74869941602,0,66
2020-06-01,9862.2,9864.05,9846.45,9847.4,14:45:00,9859.982156614493,0,67
2020-06-01,9847.1,9867.35,9846.95,9862.45,14:50:00,9858.755284555971,0,68
2020-06-01,9838.15,9854.3,9838.15,9845.9,14:55:00,9856.792876503025,0,69
2020-06-01,9841.8,9845.2,9829.0,9838.05,15:00:00,9855.364983502734,0,70
2020-06-01,9840.65,9843.1,9831.55,9841.55,15:05:00,9853.963556502476,0,71
2020-06-01,9830.95,9841.05,9825.85,9839.95,15:10:00,9851.771789216524,0,72
2020-06-01,9818.6,9830.75,9817.3,9830.75,15:15:00,9848.612571195905,0,73
2020-06-01,9817.15,9826.8,9802.15,9818.55,15:20:00,9845.616135843911,0,74
2020-06-01,9811.25,9818.25,9809.95,9817.35,15:25:00,9842.343170525444,0,75
2020-06-02,9838.2,9869.85,9824.05,9864.25,09:15:00,9841.948582856356,1,1
2020-06-02,9885.5,9888.9,9828.15,9838.75,09:20:00,9846.096336870036,1,2
2020-06-02,9910.05,9915.1,9886.3,9886.3,09:25:00,9852.187161930033,1,3
2020-06-02,9915.35,9917.65,9892.95,9910.2,09:30:00,9858.202670317649,1,4
2020-06-02,9915.2,9930.95,9909.5,9916.15,09:35:00,9863.630987430251,1,5
2020-06-02,9928.65,9935.55,9908.65,9915.75,09:40:00,9869.823274341656,1,6
2020-06-02,9918.2,9930.05,9913.3,9928.6,09:45:00,9874.430581547214,1,7
2020-06-02,9921.2,9921.2,9910.3,9918.85,09:50:00,9878.88481187605,1,8
2020-06-02,9919.5,9925.75,9914.2,9921.75,09:55:00,9882.752925030713,1,9
2020-06-02,9900.9,9922.25,9900.8,9919.8,10:00:00,9884.481217884932,1,10
2020-06-02,9887.05,9900.1,9885.8,9899.85,10:05:00,9884.725863800651,1,11
2020-06-02,9870.6,9887.1,9870.6,9886.85,10:10:00,9883.380543438683,1,12
2020-06-02,9867.35,9874.65,9857.8,9869.85,10:15:00,9881.853825015953,1,13
2020-06-02,9848.4,9867.3,9843.8,9867.3,10:20:00,9878.667746443003,1,14
2020-06-02,9861.15,9865.35,9846.15,9847.65,10:25:00,9876.999389638908,1,15
2020-06-02,9863.35,9873.2,9859.9,9861.55,10:30:00,9875.699447768537,1,16
2020-06-02,9872.85,9878.95,9863.45,9863.8,10:35:00,9875.42807179058,1,17
2020-06-02,9878.3,9884.15,9872.3,9872.3,10:40:00,9875.701588762906,1,18
2020-06-02,9899.45,9900.55,9878.7,9878.7,10:45:00,9877.963342214058,1,19
2020-06-02,9892.05,9899.65,9882.95,9899.25,10:50:00,9879.304928669862,1,20
2020-06-02,9884.2,9893.15,9881.55,9891.9,10:55:00,9879.7711259394,1,21
2020-06-02,9893.15,9894.4,9874.75,9884.15,11:00:00,9881.045304421365,1,22
2020-06-02,9901.7,9908.2,9893.65,9893.85,11:05:00,9883.012418285994,1,23
2020-06-02,9893.7,9901.85,9891.15,9901.85,11:10:00,9884.030283211136,1,24
2020-06-02,9891.8,9902.6,9891.8,9894.05,11:15:00,9884.77025623865,1,25
2020-06-02,9881.85,9893.5,9880.4,9891.65,11:20:00,9884.492136596871,1,26
2020-06-02,9900.1,9900.1,9879.4,9881.25,11:25:00,9885.978599778124,1,27
2020-06-02,9898.65,9906.65,9890.15,9900.5,11:30:00,9887.185399799257,1,28
2020-06-02,9890.5,9899.65,9889.9,9898.7,11:35:00,9887.50107600885,1,29
2020-06-02,9896.95,9899.5,9890.35,9890.7,11:40:00,9888.400973531818,1,30
2020-06-02,9892.7,9897.05,9889.45,9896.65,11:45:00,9888.810404624026,1,31
2020-06-02,9889.2,9892.5,9885.05,9892.3,11:50:00,9888.847508945548,1,32
2020-06-02,9904.05,9904.45,9888.4,9889.1,11:55:00,9890.295365236449,1,33
2020-06-02,9913.55,9915.95,9898.15,9904.2,12:00:00,9892.510092356786,1,34
2020-06-02,9920.6,9927.55,9914.3,9914.4,12:05:00,9895.18532165614,1,35
2020-06-02,9920.8,9920.95,9911.3,9920.35,12:10:00,9897.624814831748,1,36
2020-06-02,9920.5,9930.65,9917.55,9920.05,12:15:00,9899.80340389539,1,37
2020-06-02,9918.0,9921.65,9915.4,9919.95,12:20:00,9901.53641304821,1,38
2020-06-02,9911.55,9918.6,9902.5,9917.85,12:25:00,9902.490087996,1,39
2020-06-02,9921.7,9922.75,9911.55,9911.8,12:30:00,9904.319603424952,1,40
2020-06-02,9925.35,9927.3,9917.3,9921.55,12:35:00,9906.322498336862,1,41
2020-06-02,9946.25,9947.7,9924.6,9925.0,12:40:00,9910.125117542875,1,42
2020-06-02,9958.15,9958.15,9936.5,9945.65,12:45:00,9914.698915872124,1,43
2020-06-02,9958.45,9964.25,9953.3,9959.15,12:50:00,9918.865685789064,1,44
2020-06-02,9960.55,9966.5,9949.05,9958.6,12:55:00,9922.83562047582,1,45
2020-06-02,9962.5,9978.6,9961.2,9961.2,13:00:00,9926.613180430502,1,46
2020-06-02,9959.35,9966.3,9956.95,9963.85,13:05:00,9929.730972770454,1,47
2020-06-02,9956.05,9962.2,9940.1,9958.65,13:10:00,9932.237546792316,1,48
2020-06-02,9947.45,9955.95,9938.8,9955.9,13:15:00,9933.686351859717,1,49
2020-06-02,9938.3,9949.2,9933.1,9947.75,13:20:00,9934.125746920694,1,50
2020-06-02,9955.85,9956.35,9930.2,9937.5,13:25:00,9936.194723404436,1,51
2020-06-02,9959.4,9961.3,9951.0,9955.65,13:30:00,9938.404749746873,1,52
2020-06-02,9958.65,9967.05,9958.45,9959.45,13:35:00,9940.332868818596,1,53
2020-06-02,9947.25,9961.1,9944.1,9958.8,13:40:00,9940.991643216828,1,54
2020-06-02,9957.45,9962.75,9947.3,9947.65,13:45:00,9942.559105767608,1,55
2020-06-02,9968.05,9968.7,9956.65,9958.4,13:50:00,9944.986809980215,1,56
2020-06-02,9972.2,9978.9,9958.55,9967.95,13:55:00,9947.578542363051,1,57
2020-06-02,9971.2,9983.85,9971.15,9971.65,14:00:00,9949.82820499514,1,58
2020-06-02,9973.05,9977.1,9964.35,9971.7,14:05:00,9952.039804519412,1,59
2020-06-02,9964.3,9985.05,9964.1,9973.35,14:10:00,9953.20744218423,1,60
2020-06-02,9961.35,9968.45,9953.95,9964.55,14:15:00,9953.98292388097,1,61
2020-06-02,9967.75,9970.65,9958.5,9961.25,14:20:00,9955.294073987545,1,62
2020-06-02,9959.6,9972.4,9958.9,9967.55,14:25:00,9955.704162179209,1,63
2020-06-02,9972.65,9974.4,9952.6,9960.05,14:30:00,9957.318051495473,1,64
2020-06-02,9970.1,9978.7,9969.65,9973.25,14:35:00,9958.535379924477,1,65
2020-06-02,9964.05,9969.7,9956.3,9969.7,14:40:00,9959.060581836433,1,66
2020-06-02,9969.55,9973.15,9963.05,9963.6,14:45:00,9960.059574042483,1,67
2020-06-02,9966.05,9969.65,9959.15,9969.25,14:50:00,9960.630090800343,1,68
2020-06-02,9975.1,9975.55,9961.85,9965.4,14:55:00,9962.008177390786,1,69
2020-06-02,9967.05,9983.55,9966.8,9974.5,15:00:00,9962.488350972617,1,70
2020-06-02,9975.75,9978.6,9964.0,9966.7,15:05:00,9963.751365165705,1,71
2020-06-02,9977.3,9987.15,9974.8,9975.25,15:10:00,9965.041711340398,1,72
2020-06-02,9977.55,9980.15,9973.85,9977.4,15:15:00,9966.232976927027,1,73
2020-06-02,9980.6,9994.05,9972.2,9977.25,15:20:00,9967.60126483874,1,74
2020-06-02,9995.1,9995.6,9980.2,9980.5,15:25:00,9970.220191996954,1,75
2020-06-03,10152.7,10152.7,10093.85,10094.05,09:15:00,10003.323105013378,2,1
2020-06-03,10139.6,10159.35,10132.25,10148.65,09:20:00,10016.301856916863,2,2
2020-06-03,10140.85,10146.75,10129.1,10138.65,09:25:00,10028.163584829545,2,3
2020-06-03,10134.3,10152.2,10132.7,10140.7,09:30:00,10038.271814845775,2,4
2020-06-03,10115.95,10137.2,10112.3,10133.75,09:35:00,10045.669737241416,2,5
2020-06-03,10115.25,10127.8,10110.2,10115.25,09:40:00,10052.29642893271,2,6
2020-06-03,10077.9,10119.25,10077.9,10115.45,09:45:00,10054.734864272452,2,7
2020-06-03,10083.2,10091.2,10075.15,10078.95,09:50:00,10057.445829579836,2,8
2020-06-03,10094.55,10098.85,10067.45,10083.9,09:55:00,10060.979560096042,2,9
2020-06-03,10085.25,10095.8,10073.25,10095.2,10:00:00,10063.291030563088,2,10
2020-06-03,10087.45,10098.75,10084.65,10085.35,10:05:00,10065.591884795174,2,11
2020-06-03,10090.3,10094.5,10080.6,10087.3,10:10:00,10067.945038624206,2,12
2020-06-03,10101.5,10103.3,10088.3,10089.8,10:15:00,10071.140749231425,2,13
2020-06-03,10098.0,10104.1,10091.55,10103.3,10:20:00,10073.698773114147,2,14
2020-06-03,10093.8,10100.45,10087.75,10097.75,10:25:00,10075.613175674704,2,15
2020-06-03,10105.75,10106.05,10094.35,10094.35,10:30:00,10078.48334941997,2,16
2020-06-03,10117.55,10119.75,10104.45,10105.05,10:35:00,10082.203982808544,2,17
2020-06-03,10109.9,10121.2,10109.9,10117.9,10:40:00,10084.84169873154,2,18
2020-06-03,10105.4,10117.45,10102.75,10110.25,10:45:00,10086.79963218568,2,19
2020-06-03,10104.6,10109.55,10098.9,10105.6,10:50:00,10088.494905310852,2,20
2020-06-03,10101.85,10105.85,10098.0,10105.15,10:55:00,10089.766819090772,2,21
2020-06-03,10092.6,10102.25,10086.35,10102.25,11:00:00,10090.036645844031,2,22
2020-06-03,10093.35,10099.2,10088.95,10092.15,11:05:00,10090.352203382696,2,23
2020-06-03,10089.1,10096.0,10087.7,10093.6,11:10:00,10090.232945917678,2,24
2020-06-03,10099.55,10103.35,10089.45,10089.45,11:15:00,10091.12028440171,2,25
2020-06-03,10099.25,10101.7,10094.0,10100.2,11:20:00,10091.89454303012,2,26
2020-06-03,10105.55,10110.0,10097.9,10099.6,11:25:00,10093.195062741535,2,27
2020-06-03,10107.4,10115.05,10103.45,10105.45,11:30:00,10094.54791390901,2,28
2020-06-03,10108.35,10109.25,10102.15,10107.25,11:35:00,10095.862398298628,2,29
2020-06-03,10104.7,10109.6,10103.3,10108.05,11:40:00,10096.70407465114,2,30
2020-06-03,10110.1,10110.55,10101.15,10104.35,11:45:00,10097.979877065318,2,31
2020-06-03,10127.1,10128.7,10110.25,10110.25,11:50:00,10100.753222106716,2,32
2020-06-03,10136.8,10140.8,10126.5,10126.5,11:55:00,10104.186248572743,2,33
2020-06-03,10135.95,10137.25,10131.2,10136.75,12:00:00,10107.211367756292,2,34
2020-06-03,10131.25,10144.6,10130.55,10136.45,12:05:00,10109.500761303312,2,35
2020-06-03,10128.15,10136.15,10123.85,10131.2,12:10:00,10111.276879274426,2,36
2020-06-03,10121.95,10129.9,10121.95,10128.0,12:15:00,10112.293366962576,2,37
2020-06-03,10108.05,10122.7,10108.05,10122.7,12:20:00,10111.889236775663,2,38
2020-06-03,10114.05,10116.1,10107.3,10108.2,12:25:00,10112.09502374941,2,39
2020-06-03,10122.3,10123.8,10113.15,10114.15,12:30:00,10113.066926249468,2,40
2020-06-03,10117.05,10123.75,10113.65,10122.8,12:35:00,10113.44626660666,2,41
2020-06-03,10119.35,10119.35,10108.55,10116.75,12:40:00,10114.008526929834,2,42
2020-06-03,10121.05,10126.9,10118.95,10119.45,12:45:00,10114.679143412706,2,43
2020-06-03,10114.65,10124.1,10111.8,10122.1,12:50:00,10114.67636784959,2,44
2020-06-03,10113.75,10122.45,10113.55,10115.35,12:55:00,10114.588142340106,2,45
2020-06-03,10106.95,10114.25,10101.3,10114.2,13:00:00,10113.860700212475,2,46
2020-06-03,10111.0,10111.9,10098.5,10107.55,13:05:00,10113.588252573194,2,47
2020-06-03,10109.85,10122.25,10108.5,10111.65,13:10:00,10113.232228518606,2,48
2020-06-03,10112.05,10116.3,10105.8,10110.4,13:15:00,10113.119635326357,2,49
2020-06-03,10111.8,10120.2,10111.4,10112.1,13:20:00,10112.993955771466,2,50
2020-06-03,10129.65,10130.35,10107.4,10111.75,13:25:00,10114.580245697993,2,51
2020-06-03,10124.6,10138.3,10124.6,10128.1,13:30:00,10115.53450801247,2,52
2020-06-03,10122.2,10130.05,10119.85,10125.85,13:35:00,10116.169316773186,2,53
2020-06-03,10120.85,10132.3,10119.4,10122.5,13:40:00,10116.61509612812,2,54
2020-06-03,10130.3,10130.45,10117.45,10121.35,13:45:00,10117.918420306394,2,55
2020-06-03,10131.9,10137.5,10122.95,10131.65,13:50:00,10119.249999324831,2,56
2020-06-03,10132.75,10143.6,10130.6,10131.85,13:55:00,10120.535713674846,2,57
2020-06-03,10129.5,10134.85,10123.25,10133.15,14:00:00,10121.389455229624,2,58
2020-06-03,10132.25,10134.95,10123.35,10129.6,14:05:00,10122.423792826805,2,59
2020-06-03,10149.45,10151.5,10132.2,10132.3,14:10:00,10124.99771731949,2,60
2020-06-03,10153.8,10157.2,10144.45,10149.1,14:15:00,10127.74079186049,2,61
2020-06-03,10140.8,10153.8,10140.3,10153.5,14:20:00,10128.984525969014,2,62
2020-06-03,10156.65,10157.75,10140.45,10140.7,14:25:00,10131.619333019584,2,63
2020-06-03,10165.75,10173.65,10154.6,10157.55,14:30:00,10134.869872732004,2,64
2020-06-03,10167.75,10176.2,10162.7,10166.75,14:35:00,10138.001313424194,2,65
2020-06-03,10130.2,10168.95,10125.35,10168.0,14:40:00,10137.258331193318,2,66
2020-06-03,10125.05,10136.3,10117.35,10131.6,14:45:00,10136.09563298443,2,67
2020-06-03,10123.95,10127.8,10116.45,10126.35,14:50:00,10134.93890603353,2,68
2020-06-03,10082.1,10127.6,10082.1,10123.8,14:55:00,10129.906629268433,2,69
2020-06-03,10074.8,10082.15,10063.6,10082.15,15:00:00,10124.658378861915,2,70
2020-06-03,10074.5,10083.25,10074.3,10075.05,15:05:00,10119.881390398876,2,71
2020-06-03,10050.6,10082.2,10047.85,10074.35,15:10:00,10113.28316274184,2,72
2020-06-03,10038.2,10051.3,10035.55,10050.9,15:15:00,10106.132385337854,2,73
2020-06-03,10064.25,10065.2,10039.1,10039.2,15:20:00,10102.14358673425,2,74
2020-06-03,10069.1,10069.5,10062.3,10064.65,15:25:00,10098.996578473843,2,75
2020-06-04,10108.95,10109.4,10045.6,10052.65,09:15:00,10099.944523381098,3,1
2020-06-04,10108.15,10123.85,10101.9,10109.65,09:20:00,10100.725997344802,3,2
2020-06-04,10090.55,10110.4,10089.9,10108.3,09:25:00,10099.756854740535,3,3
2020-06-04,10037.3,10094.85,10037.3,10090.45,09:30:00,10093.808582860484,3,4
2020-06-04,10023.25,10061.2,10022.4,10038.9,09:35:00,10087.088717826153,3,5
2020-06-04,10048.6,10049.45,10024.0,10024.0,09:40:00,10083.423125652233,3,6
2020-06-04,10030.65,10049.1,10026.55,10048.55,09:45:00,10078.397113685352,3,7
2020-06-04,10042.0,10050.75,10033.15,10033.15,09:50:00,10074.930721905796,3,8
2020-06-04,10062.0,10062.75,10042.05,10042.95,09:55:00,10073.699224581434,3,9
2020-06-04,10055.55,10076.8,10054.3,10062.8,10:00:00,10071.97072700225,3,10
2020-06-04,10066.35,10068.6,10050.0,10055.1,10:05:00,10071.435419668704,3,11
2020-06-04,10060.1,10075.45,10052.65,10067.8,10:10:00,10070.355855890732,3,12
2020-06-04,10074.15,10074.15,10057.55,10060.0,10:15:00,10070.717202948756,3,13
2020-06-04,10078.55,10082.45,10067.4,10074.5,10:20:00,10071.463183620304,3,14
2020-06-04,10084.0,10087.8,10075.35,10077.95,10:25:00,10072.657166132654,3,15
2020-06-04,10076.1,10083.85,10068.1,10083.8,10:30:00,10072.985055072402,3,16
2020-06-04,10083.5,10089.05,10072.35,10076.5,10:35:00,10073.98647839884,3,17
2020-06-04,10074.95,10086.2,10071.25,10083.25,10:40:00,10074.078242360856,3,18
2020-06-04,10066.55,10079.55,10066.1,10076.9,10:45:00,10073.36126689792,3,19
2020-06-04,10067.25,10067.75,10055.8,10067.15,10:50:00,10072.77924147907,3,20
2020-06-04,10068.7,10073.95,10064.3,10067.1,10:55:00,10072.390742290583,3,21
2020-06-04,10049.35,10068.5,10046.85,10068.5,11:00:00,10070.196385881958,3,22
2020-06-04,10047.8,10056.4,10044.7,10049.8,11:05:00,10068.063396750342,3,23
2020-06-04,10051.65,10051.65,10042.25,10048.05,11:10:00,10066.500216107452,3,24
2020-06-04,10048.15,10058.55,10043.05,10051.9,11:15:00,10064.752576478171,3,25
2020-06-04,10028.25,10047.85,10021.1,10047.65,11:20:00,10061.276140623107,3,26
2020-06-04,10026.75,10036.75,10018.2,10028.1,11:25:00,10057.98793675424,3,27
2020-06-04,10030.85,10036.55,10010.6,10025.15,11:30:00,10055.403371349075,3,28
2020-06-04,10010.7,10031.55,10004.7,10030.05,11:35:00,10051.145907411068,3,29
2020-06-04,10021.4,10028.85,10009.95,10011.0,11:40:00,10048.312963848108,3,30
2020-06-04,9990.85,10021.55,9988.95,10021.2,11:45:00,10042.84030062448,3,31
2020-06-04,9990.55,10004.85,9983.95,9990.0,11:50:00,10037.860271993575,3,32
2020-06-04,10007.1,10011.7,9987.4,9990.2,11:55:00,10034.930722279902,3,33
2020-06-04,9998.4,10015.7,9997.15,10009.2,12:00:00,10031.451605872291,3,34
2020-06-04,9995.4,10010.75,9995.4,9998.7,12:05:00,10028.018119598742,3,35
2020-06-04,9984.4,9996.55,9979.5,9995.35,12:10:00,10023.86401297029,3,36
2020-06-04,9967.65,9987.45,9963.4,9985.35,12:15:00,10018.51029744931,3,37
2020-06-04,9954.55,9978.7,9950.35,9967.4,12:20:00,10012.418840549375,3,38
2020-06-04,9958.5,9959.15,9944.25,9953.7,12:25:00,10007.283712878005,3,39
2020-06-04,9969.2,9974.15,9959.15,9959.15,12:30:00,10003.65669260391,3,40
2020-06-04,9969.35,9986.0,9969.35,9970.05,12:35:00,10000.389388546397,3,41
2020-06-04,9976.75,9976.75,9956.85,9969.2,12:40:00,9998.138018208643,3,42
2020-06-04,9976.55,9982.4,9971.4,9978.7,12:45:00,9996.082016474487,3,43
2020-06-04,9961.95,9979.1,9957.6,9976.65,12:50:00,9992.831348238822,3,44
2020-06-04,9968.8,9977.3,9961.5,9962.05,12:55:00,9990.542648406554,3,45
2020-06-04,9975.35,9975.35,9963.8,9967.8,13:00:00,9989.095729510693,3,46
2020-06-04,9969.4,9976.5,9962.35,9974.3,13:05:00,9987.219945747767,3,47
2020-06-04,9954.05,9971.05,9945.55,9969.05,13:10:00,9984.0609032956,3,48
2020-06-04,9958.65,9962.05,9948.0,9954.3,13:15:00,9981.64081726745,3,49
2020-06-04,9967.15,9972.1,9955.25,9958.3,13:20:00,9980.260739432451,3,50
2020-06-04,9993.45,9994.95,9964.4,9967.9,13:25:00,9981.516859486504,3,51
2020-06-04,9996.95,10007.85,9991.75,9992.5,13:30:00,9982.986682392551,3,52
2020-06-04,10006.95,10012.6,9986.2,9997.05,13:35:00,9985.268903117072,3,53
2020-06-04,10022.6,10033.8,10003.45,10007.05,13:40:00,9988.824245677351,3,54
2020-06-04,10020.1,10025.75,10009.8,10023.45,13:45:00,9991.802888946177,3,55
2020-06-04,10007.45,10021.3,9998.1,10020.35,13:50:00,9993.29308999892,3,56
2020-06-04,10021.85,10022.75,10005.75,10008.25,13:55:00,9996.01279571331,3,57
2020-06-04,10033.65,10035.4,10010.55,10021.9,14:00:00,9999.597291359662,3,58
2020-06-04,10008.45,10034.5,10004.9,10033.3,14:05:00,10000.440406468264,3,59
2020-06-04,9996.65,10015.05,9993.7,10008.8,14:10:00,10000.079415376047,3,60
2020-06-04,9999.8,10000.85,9983.6,9996.2,14:15:00,10000.052804387851,3,61
2020-06-04,10012.5,10015.5,10000.75,10000.95,14:20:00,10001.238251589011,3,62
2020-06-04,10010.45,10020.85,10010.4,10011.95,14:25:00,10002.115560961489,3,63
2020-06-04,10012.4,10029.6,10010.95,10010.95,14:30:00,10003.095031346107,3,64
2020-06-04,10022.8,10025.3,10012.1,10012.1,14:35:00,10004.971695027429,3,65
2020-06-04,10011.45,10029.4,10011.25,10022.35,14:40:00,10005.588676453388,3,66
2020-06-04,10006.15,10016.6,10004.1,10011.8,14:45:00,10005.64213583878,3,67
2020-06-04,9989.1,10007.8,9985.4,10006.25,14:50:00,10004.066694330326,3,68
2020-06-04,9989.5,9997.8,9982.2,9988.6,14:55:00,10002.67939010839,3,69
2020-06-04,10009.05,10022.8,9990.85,9990.85,15:00:00,10003.286114859971,3,70
2020-06-04,10026.3,10026.3,10008.15,10009.25,15:05:00,10005.477913444736,3,71
2020-06-04,10025.6,10031.55,10020.4,10026.25,15:10:00,10007.394302640476,3,72
2020-06-04,10031.7,10031.7,10022.9,10025.15,15:15:00,10009.709130960431,3,73
2020-06-04,10037.35,10042.25,10024.15,10031.95,15:20:00,10012.341594678484,3,74
2020-06-04,10030.55,10039.4,10028.45,10038.05,15:25:00,10014.075728518628,3,75
2020-06-05,10098.55,10122.65,10085.55,10087.7,09:15:00,10022.12089723114,4,1
2020-06-05,10113.3,10127.7,10099.55,10100.2,09:20:00,10030.804621304364,4,2
2020-06-05,10138.35,10138.9,10112.2,10112.2,09:25:00,10041.047038322997,4,3
2020-06-05,10125.95,10147.5,10125.65,10138.75,09:30:00,10049.133034673188,4,4
2020-06-05,10135.05,10145.55,10119.85,10126.15,09:35:00,10057.31560279955,4,5
2020-06-05,10131.7,10135.15,10117.55,10134.7,09:40:00,10064.399831104354,4,6
2020-06-05,10099.5,10136.85,10097.55,10131.95,09:45:00,10067.742704332511,4,7
2020-06-05,10101.7,10114.6,10093.95,10098.4,09:50:00,10070.97673249132,4,8
2020-06-05,10124.3,10125.15,10101.1,10101.9,09:55:00,10076.05513892072,4,9
2020-06-05,10111.25,10131.4,10107.35,10124.35,10:00:00,10079.40703045208,4,10
2020-06-05,10101.55,10110.7,10091.85,10110.7,10:05:00,10081.515884694738,4,11
2020-06-05,10086.0,10101.9,10072.8,10101.7,10:10:00,10081.94294329524,4,12
2020-06-05,10074.2,10086.65,10059.95,10086.3,10:15:00,10081.205520124266,4,13
2020-06-05,10077.0,10081.6,10066.15,10073.95,10:20:00,10080.804994398146,4,14
2020-06-05,10046.8,10077.4,10045.35,10076.9,10:25:00,10077.566423503084,4,15
2020-06-05,10062.3,10065.4,10040.75,10045.85,10:30:00,10076.112478407553,4,16
2020-06-05,10071.4,10076.15,10062.25,10062.75,10:35:00,10075.663670940166,4,17
2020-06-05,10063.55,10070.9,10057.45,10070.15,10:40:00,10074.509987993482,4,18
2020-06-05,10054.55,10065.5,10045.6,10063.75,10:45:00,10072.609036756008,4,19
2020-06-05,10061.3,10061.9,10047.2,10055.95,10:50:00,10071.53198563639,4,20
2020-06-05,10075.4,10078.2,10061.45,10061.65,10:55:00,10071.900367956732,4,21
2020-06-05,10066.4,10077.55,10065.45,10075.1,11:00:00,10071.376523389425,4,22
2020-06-05,10064.35,10070.15,10056.7,10066.6,11:05:00,10070.70733068567,4,23
2020-06-05,10082.4,10082.4,10063.55,10064.4,11:10:00,10071.820918239417,4,24
2020-06-05,10095.2,10104.4,10081.75,10081.75,11:15:00,10074.047497454709,4,25
2020-06-05,10087.1,10101.9,10083.65,10096.9,11:20:00,10075.290592935213,4,26
2020-06-05,10087.85,10094.45,10082.6,10087.0,11:25:00,10076.486726941384,4,27
2020-06-05,10090.55,10099.4,10084.4,10088.35,11:30:00,10077.826086280298,4,28
2020-06-05,10076.1,10090.75,10070.45,10090.45,11:35:00,10077.661697110743,4,29
2020-06-05,10090.0,10091.75,10075.7,10076.15,11:40:00,10078.83677357639,4,30
2020-06-05,10099.25,10102.85,10089.3,10089.6,11:45:00,10080.78089037864,4,31
2020-06-05,10093.0,10099.9,10085.6,10099.9,11:50:00,10081.944615104483,4,32
2020-06-05,10090.5,10098.05,10085.4,10093.05,11:55:00,10082.75941366596,4,33
2020-06-05,10106.15,10106.45,10085.9,10090.35,12:00:00,10084.987088554915,4,34
2020-06-05,10105.95,10115.25,10103.15,10107.2,12:05:00,10086.983556311592,4,35
2020-06-05,10110.05,10110.95,10094.95,10106.05,12:10:00,10089.180360472394,4,36
2020-06-05,10108.9,10114.9,10102.95,10110.1,12:15:00,10091.058421379785,4,37
2020-06-05,10109.2,10115.0,10103.9,10110.2,12:20:00,10092.786190772184,4,38
2020-06-05,10101.6,10114.3,10095.7,10109.9,12:25:00,10093.625601174834,4,39
2020-06-05,10099.2,10103.25,10085.5,10102.9,12:30:00,10094.15649630104,4,40
2020-06-05,10106.65,10107.55,10091.7,10098.6,12:35:00,10095.34635379618,4,41
2020-06-05,10112.6,10115.15,10104.45,10105.5,12:40:00,10096.989558196545,4,42
2020-06-05,10112.15,10118.45,10104.85,10112.75,12:45:00,10098.433409796871,4,43
2020-06-05,10115.15,10121.35,10112.75,10112.75,12:50:00,10100.025466006697,4,44
2020-06-05,10114.55,10117.25,10107.95,10115.5,12:55:00,10101.408754958438,4,45
2020-06-05,10112.5,10115.45,10102.7,10115.25,13:00:00,10102.465064010015,4,46
2020-06-05,10110.5,10120.65,10104.7,10113.95,13:05:00,10103.230296009062,4,47
2020-06-05,10118.0,10119.0,10108.5,10110.6,13:10:00,10104.63693448439,4,48
2020-06-05,10122.95,10136.05,10118.55,10118.75,13:15:00,10106.381035962067,4,49
2020-06-05,10128.15,10132.3,10123.15,10124.25,13:20:00,10108.454270632348,4,50
2020-06-05,10141.25,10145.45,10127.15,10128.3,13:25:00,10111.577673429269,4,51
2020-06-05,10146.15,10150.0,10140.35,10140.8,13:30:00,10114.870275959816,4,52
2020-06-05,10134.3,10159.9,10130.3,10147.85,13:35:00,10116.720725868405,4,53
2020-06-05,10137.65,10148.85,10134.75,10135.3,13:40:00,10118.713990071412,4,54
2020-06-05,10132.4,10136.7,10123.4,10136.6,13:45:00,10120.01741958842,4,55
2020-06-05,10147.5,10152.05,10131.75,10132.95,13:50:00,10122.634808199047,4,56
2020-06-05,10149.55,10156.2,10144.65,10148.15,13:55:00,10125.198159799138,4,57
2020-06-05,10142.25,10157.95,10141.1,10149.85,14:00:00,10126.822144580172,4,58
2020-06-05,10166.45,10168.75,10142.5,10143.15,14:05:00,10130.596226048729,4,59
2020-06-05,10166.15,10177.8,10155.1,10166.35,14:10:00,10133.982299758372,4,60
2020-06-05,10167.85,10173.5,10158.8,10165.85,14:15:00,10137.20779501948,4,61
2020-06-05,10145.95,10168.35,10140.0,10168.15,14:20:00,10138.040385970004,4,62
2020-06-05,10142.05,10150.75,10129.4,10146.8,14:25:00,10138.422253972862,4,63
2020-06-05,10146.25,10149.7,10129.4,10141.8,14:30:00,10139.167753594493,4,64
2020-06-05,10143.6,10147.85,10137.6,10145.55,14:35:00,10139.58987229978,4,65
2020-06-05,10147.05,10154.6,10141.7,10143.0,14:40:00,10140.300360652182,4,66
2020-06-05,10141.1,10151.65,10138.4,10146.8,14:45:00,10140.376516780549,4,67
2020-06-05,10132.9,10141.35,10124.7,10141.35,14:50:00,10139.66446756335,4,68
2020-06-05,10135.8,10137.35,10124.65,10132.7,14:55:00,10139.296423033507,4,69
2020-06-05,10124.9,10148.95,10114.0,10135.95,15:00:00,10137.925335125554,4,70
2020-06-05,10135.55,10136.6,10121.95,10124.55,15:05:00,10137.699112732644,4,71
2020-06-05,10138.6,10145.55,10134.4,10134.85,15:10:00,10137.784911520012,4,72
2020-06-05,10139.75,10140.05,10130.6,10138.7,15:15:00,10137.97206280382,4,73
2020-06-05,10157.5,10160.75,10139.0,10139.0,15:20:00,10139.831866346312,4,74
2020-06-05,10168.25,10170.6,10153.6,10157.55,15:25:00,10142.538355265711,4,75
2020-06-08,10304.9,10328.2,10288.5,10315.1,09:15:00,10158.001369049927,0,1
2020-06-08,10307.55,10328.5,10305.7,10306.0,09:20:00,10172.244095807078,0,2
2020-06-08,10303.9,10308.7,10288.45,10308.3,09:25:00,10184.782753349262,0,3
2020-06-08,10298.25,10318.05,10290.25,10302.9,09:30:00,10195.589157792188,0,4
2020-06-08,10312.85,10315.95,10293.0,10297.05,09:35:00,10206.756857050075,0,5
2020-06-08,10315.4,10322.0,10310.1,10310.85,09:40:00,10217.103823045303,0,6
2020-06-08,10307.6,10317.6,10303.8,10316.5,09:45:00,10225.7225065648,0,7
2020-06-08,10279.6,10307.2,10271.4,10307.2,09:50:00,10230.853696415772,0,8
2020-06-08,10284.95,10293.5,10269.1,10279.3,09:55:00,10236.005725328556,0,9
2020-06-08,10269.9,10284.85,10266.7,10284.6,10:00:00,10239.233751487742,0,10
2020-06-08,10282.65,10285.2,10263.9,10267.25,10:05:00,10243.368632298432,0,11
2020-06-08,10287.9,10296.55,10281.95,10282.2,10:10:00,10247.609714936676,0,12
2020-06-08,10291.45,10299.2,10283.45,10289.7,10:15:00,10251.784980180802,0,13
2020-06-08,10301.4,10302.35,10285.45,10291.8,10:20:00,10256.510220163584,0,14
2020-06-08,10300.25,10308.9,10297.55,10301.05,10:25:00,10260.675913481338,0,15
2020-06-08,10295.25,10301.7,10290.9,10300.1,10:30:00,10263.968683625972,0,16
2020-06-08,10286.7,10299.0,10286.7,10294.8,10:35:00,10266.133570899692,0,17
2020-06-08,10284.7,10295.1,10283.4,10287.45,10:40:00,10267.90180224258,0,18
2020-06-08,10284.3,10284.3,10275.45,10284.3,10:45:00,10269.463535362334,0,19
2020-06-08,10285.0,10287.05,10275.45,10283.45,10:50:00,10270.94319866116,0,20
2020-06-08,10281.25,10293.5,10279.55,10284.75,10:55:00,10271.924798788668,0,21
2020-06-08,10290.4,10296.0,10281.75,10282.35,11:00:00,10273.684341761176,0,22
2020-06-08,10289.9,10290.8,10285.95,10290.3,11:05:00,10275.228690164871,0,23
2020-06-08,10303.4,10305.85,10290.1,10290.15,11:10:00,10277.911672053931,0,24
2020-06-08,10302.1,10309.5,10295.7,10304.45,11:15:00,10280.21532233451,0,25
2020-06-08,10299.35,10303.95,10297.55,10301.8,11:20:00,10282.037672588369,0,26
2020-06-08,10292.75,10300.05,10288.9,10300.05,11:25:00,10283.057894246618,0,27
2020-06-08,10280.1,10297.85,10276.35,10293.8,11:30:00,10282.776190032651,0,28
2020-06-08,10285.4,10286.75,10276.95,10279.75,11:35:00,10283.02607669621,0,29
2020-06-08,10291.6,10293.15,10278.1,10286.2,11:40:00,10283.84264082038,0,30
2020-06-08,10290.95,10293.8,10285.75,10291.9,11:45:00,10284.51953217082,0,31
2020-06-08,10297.25,10302.8,10289.7,10289.8,11:50:00,10285.73195767836,0,32
2020-06-08,10297.5,10301.35,10293.85,10297.1,11:55:00,10286.852723613754,0,33
2020-06-08,10285.3,10297.55,10284.15,10297.55,12:00:00,10286.704845174349,0,34
2020-06-08,10289.1,10292.4,10278.6,10285.25,12:05:00,10286.932955157745,0,35
2020-06-08,10290.8,10298.55,10283.55,10288.6,12:10:00,10287.30124514272,0,36
2020-06-08,10293.65,10297.6,10288.7,10290.35,12:15:00,10287.90588846246,0,37
2020-06-08,10291.8,10297.05,10290.2,10294.85,12:20:00,10288.27675622794,0,38
2020-06-08,10248.5,10292.2,10238.85,10292.2,12:25:00,10284.48849373004,0,39
2020-06-08,10228.35,10249.1,10224.2,10249.1,12:30:00,10279.141970517656,0,40
2020-06-08,10245.9,10251.1,10218.4,10228.0,12:35:00,10275.976068563592,0,41
2020-06-08,10231.15,10247.85,10231.15,10246.55,12:40:00,10271.706919176582,0,42
2020-06-08,10206.05,10231.05,10191.8,10230.15,12:45:00,10265.453879255005,0,43
2020-06-08,10186.9,10220.9,10185.65,10206.9,12:50:00,10257.972557421192,0,44
2020-06-08,10189.65,10202.7,10183.1,10185.75,12:55:00,10251.465647190602,0,45
2020-06-08,10210.05,10211.05,10188.3,10189.5,13:00:00,10247.521299839116,0,46
2020-06-08,10217.35,10224.75,10204.15,10210.5,13:05:00,10244.647842711582,0,47
2020-06-08,10214.75,10225.45,10208.8,10217.95,13:10:00,10241.800429120003,0,48
2020-06-08,10189.45,10216.7,10184.1,10214.4,13:15:00,10236.814673965717,0,49
2020-06-08,10178.8,10198.35,10172.95,10190.1,13:20:00,10231.289466921362,0,50
2020-06-08,10161.95,10178.5,10149.1,10178.5,13:25:00,10224.685708166946,0,51
2020-06-08,10170.15,10179.15,10154.85,10161.15,13:30:00,10219.491831198666,0,52
2020-06-08,10190.65,10193.0,10167.85,10171.15,13:35:00,10216.744990132123,0,53
2020-06-08,10196.35,10197.95,10180.55,10191.55,13:40:00,10214.802610119545,0,54
2020-06-08,10209.2,10209.5,10188.35,10196.55,13:45:00,10214.269028203396,0,55
2020-06-08,10188.55,10210.85,10186.2,10210.05,13:50:00,10211.819596945928,0,56
2020-06-08,10200.15,10206.9,10183.2,10188.85,13:55:00,10210.708206760602,0,57
2020-06-08,10202.45,10209.0,10196.25,10200.9,14:00:00,10209.92171087864,0,58
2020-06-08,10173.5,10204.85,10172.35,10203.65,14:05:00,10206.452976509245,0,59
2020-06-08,10170.5,10195.55,10170.5,10174.1,14:10:00,10203.028883508365,0,60
2020-06-08,10140.05,10171.5,10129.35,10170.85,14:15:00,10197.030894602807,0,61
2020-06-08,10152.85,10152.85,10120.25,10140.95,14:20:00,10192.82319035492,0,62
2020-06-08,10162.3,10170.65,10152.05,10152.35,14:25:00,10189.916219844928,0,63
2020-06-08,10183.45,10199.8,10162.25,10162.5,14:30:00,10189.300389383508,0,64
2020-06-08,10171.95,10186.85,10166.05,10183.05,14:35:00,10187.647971346982,0,65
2020-06-08,10169.6,10178.0,10161.3,10172.2,14:40:00,10185.929116932984,0,66
2020-06-08,10188.75,10190.15,10170.6,10170.6,14:45:00,10186.197772463174,0,67
2020-06-08,10154.55,10188.4,10152.7,10188.4,14:50:00,10183.183698895253,0,68
2020-06-08,10152.35,10159.6,10142.6,10154.9,14:55:00,10180.247156143325,0,69
2020-06-08,10174.95,10185.55,10152.1,10152.5,15:00:00,10179.742665082054,0,70
2020-06-08,10171.7,10178.35,10169.35,10176.45,15:05:00,10178.976696979002,0,71
2020-06-08,10164.2,10176.95,10152.9,10172.0,15:10:00,10177.56939250481,0,72
2020-06-08,10168.2,10168.2,10153.05,10164.5,15:15:00,10176.677069409114,0,73
2020-06-08,10176.25,10182.6,10154.85,10168.45,15:20:00,10176.636396132057,0,74
2020-06-08,10176.15,10180.8,10174.05,10176.85,15:25:00,10176.590072690906,0,75
2020-06-09,10181.4,10214.8,10166.95,10180.9,09:15:00,10177.048161006058,1,1
2020-06-09,10158.65,10187.1,10150.95,10180.85,09:20:00,10175.295955195958,1,2
2020-06-09,10175.6,10181.6,10159.5,10159.5,09:25:00,10175.324911843962,1,3
2020-06-09,10138.3,10175.35,10136.75,10174.45,09:30:00,10171.798729763585,1,4
2020-06-09,10148.5,10158.5,10135.1,10139.8,09:35:00,10169.579803119434,1,5
2020-06-09,10165.2,10166.45,10146.7,10148.15,09:40:00,10169.16267901282,1,6
2020-06-09,10182.9,10194.5,10164.8,10165.45,09:45:00,10170.470995297312,1,7
2020-06-09,10195.3,10197.05,10176.7,10182.75,09:50:00,10172.835662411857,1,8
2020-06-09,10192.35,10197.35,10186.65,10195.4,09:55:00,10174.694170753584,1,9
2020-06-09,10240.3,10243.85,10192.95,10192.95,10:00:00,10180.942344967529,1,10
2020-06-09,10255.45,10259.6,10230.8,10239.5,10:05:00,10188.038312113478,1,11
2020-06-09,10248.25,10261.95,10248.25,10254.85,10:10:00,10193.772758578862,1,12
2020-06-09,10250.8,10271.85,10248.75,10248.75,10:15:00,10199.203924428492,1,13
2020-06-09,10251.45,10255.6,10239.95,10250.6,10:20:00,10204.17974114959,1,14
2020-06-09,10242.95,10259.5,10242.6,10251.15,10:25:00,10207.872146754393,1,15
2020-06-09,10251.25,10253.05,10238.7,10242.8,10:30:00,10212.00337087302,1,16
2020-06-09,10257.05,10257.85,10249.15,10251.45,10:35:00,10216.29352602797,1,17
2020-06-09,10258.0,10263.65,10253.5,10256.55,10:40:00,10220.265571168164,1,18
2020-06-09,10265.15,10267.05,10256.9,10258.25,10:45:00,10224.540278675957,1,19
2020-06-09,10248.55,10271.45,10244.45,10265.25,10:50:00,10226.826918802057,1,20
2020-06-09,10253.05,10255.2,10241.25,10248.9,10:55:00,10229.32435510662,1,21
2020-06-09,10238.5,10253.4,10228.15,10252.3,11:00:00,10230.198226048848,1,22
2020-06-09,10234.45,10240.65,10231.45,10237.8,11:05:00,10230.60315690134,1,23
2020-06-09,10252.05,10252.65,10228.6,10234.55,11:10:00,10232.645713386926,1,24
2020-06-09,10249.75,10258.2,10243.8,10252.8,11:15:00,10234.27469306436,1,25
2020-06-09,10254.35,10259.7,10250.1,10250.1,11:20:00,10236.186627058232,1,26
2020-06-09,10249.75,10259.05,10244.5,10254.3,11:25:00,10237.47837686221,1,27
2020-06-09,10251.05,10256.45,10247.1,10249.6,11:30:00,10238.77091239914,1,28
2020-06-09,10261.85,10264.1,10244.4,10250.6,11:35:00,10240.968920742082,1,29
2020-06-09,10263.3,10267.7,10258.85,10261.5,11:40:00,10243.095690195218,1,30
2020-06-09,10260.85,10264.45,10258.05,10263.55,11:45:00,10244.786576843291,1,31
2020-06-09,10280.2,10285.4,10259.6,10260.45,11:50:00,10248.1592838106,1,32
2020-06-09,10284.55,10291.15,10278.45,10280.5,11:55:00,10251.625066304829,1,33
2020-06-09,10274.3,10287.15,10273.3,10283.7,12:00:00,10253.784583799606,1,34
2020-06-09,10275.05,10281.25,10270.4,10272.95,12:05:00,10255.809861532978,1,35
2020-06-09,10266.6,10278.3,10259.05,10275.5,12:10:00,10256.837493767933,1,36
2020-06-09,10255.25,10267.95,10252.6,10266.55,12:15:00,10256.686303885272,1,37
2020-06-09,10260.1,10265.65,10248.45,10254.7,12:20:00,10257.01141780096,1,38
2020-06-09,10260.0,10267.1,10259.05,10259.45,12:25:00,10257.296044677058,1,39
2020-06-09,10266.35,10273.2,10258.05,10260.15,12:30:00,10258.158326136385,1,40
2020-06-09,10237.0,10266.3,10234.95,10266.3,12:35:00,10256.14324745673,1,41
2020-06-09,10239.25,10246.7,10233.95,10238.65,12:40:00,10254.534366746564,1,42
2020-06-09,10227.3,10239.35,10217.0,10238.85,12:45:00,10251.940617532606,1,43
2020-06-09,10206.15,10233.4,10205.45,10227.05,12:50:00,10247.579606339024,1,44
2020-06-09,10189.75,10216.1,10189.75,10207.15,12:55:00,10242.072024782929,1,45
2020-06-09,10208.25,10210.2,10183.8,10189.05,13:00:00,10238.850879565503,1,46
2020-06-09,10191.15,10214.05,10188.7,10207.9,13:05:00,10234.307938654503,1,47
2020-06-09,10179.25,10190.85,10167.95,10190.85,13:10:00,10229.064325449315,1,48
2020-06-09,10156.0,10193.8,10152.4,10181.1,13:15:00,10222.105818263666,1,49
2020-06-09,10176.15,10178.35,10155.55,10155.85,13:20:00,10217.729073667126,1,50
2020-06-09,10163.6,10184.35,10154.3,10176.9,13:25:00,10212.573923794069,1,51
2020-06-09,10172.4,10181.25,10153.7,10163.05,13:30:00,10208.74783581368,1,52
2020-06-09,10155.9,10170.9,10150.65,10170.85,13:35:00,10203.71470859333,1,53
2020-06-09,10162.05,10166.6,10144.8,10155.7,13:40:00,10199.74664110825,1,54
2020-06-09,10156.35,10175.4,10155.4,10161.25,13:45:00,10195.613627669369,1,55
2020-06-09,10162.35,10169.3,10149.3,10156.25,13:50:00,10192.445663129429,1,56
2020-06-09,10145.05,10163.5,10140.7,10162.7,13:55:00,10187.931790450437,1,57
2020-06-09,10122.4,10154.1,10119.8,10144.2,14:00:00,10181.690667550392,1,58
2020-06-09,10103.4,10128.95,10101.6,10121.05,14:05:00,10174.234413497974,1,59
2020-06-09,10096.5,10112.0,10092.2,10103.65,14:10:00,10166.831136021978,1,60
2020-06-09,10107.55,10118.5,10087.0,10094.9,14:15:00,10161.185313543694,1,61
2020-06-09,10102.5,10125.1,10102.5,10107.2,14:20:00,10155.596236063342,1,62
2020-06-09,10088.3,10105.4,10085.9,10102.85,14:25:00,10149.187070723976,1,63
2020-06-09,10074.2,10099.2,10074.2,10087.3,14:30:00,10142.04544494074,1,64
2020-06-09,10055.5,10074.6,10047.5,10074.5,14:35:00,10133.80302161305,1,65
2020-06-09,10038.75,10056.35,10035.05,10056.35,14:40:00,10124.750352888,1,66
2020-06-09,10031.55,10040.9,10021.45,10037.65,14:45:00,10115.874128803429,1,67
2020-06-09,10038.7,10057.95,10030.7,10031.8,14:50:00,10108.524211774533,1,68
2020-06-09,10052.0,10052.0,10032.35,10038.6,14:55:00,10103.14095351029,1,69
2020-06-09,10059.8,10079.75,10052.0,10052.25,15:00:00,10099.013243652167,1,70
2020-06-09,10049.5,10066.35,10047.1,10060.1,15:05:00,10094.297696637675,1,71
2020-06-09,10051.75,10056.5,10038.45,10049.75,15:10:00,10090.245535053136,1,72
2020-06-09,10044.3,10054.15,10040.8,10052.25,15:15:00,10085.86976980998,1,73
2020-06-09,10037.65,10045.8,10026.4,10044.8,15:20:00,10081.27741078046,1,74
2020-06-09,10027.25,10037.85,10025.9,10037.85,15:25:00,10076.131943087084,1,75
2020-06-10,10115.85,10118.35,10066.5,10072.4,09:15:00,10079.914615174026,2,1
2020-06-10,10080.25,10119.85,10079.1,10114.9,09:20:00,10079.946556586025,2,2
2020-06-10,10090.3,10090.3,10060.5,10079.75,09:25:00,10080.932598815923,2,3
2020-06-10,10110.2,10119.05,10090.95,10090.95,09:30:00,10083.719970357266,2,4
2020-06-10,10100.1,10116.5,10098.05,10110.55,09:35:00,10085.279973180384,2,5
2020-06-10,10073.25,10099.8,10069.6,10099.8,09:40:00,10084.13426144892,2,6
2020-06-10,10050.2,10084.2,10040.25,10072.2,09:45:00,10080.902427025212,2,7
2020-06-10,10068.9,10077.5,10049.7,10050.15,09:50:00,10079.759338737098,2,8
2020-06-10,10057.5,10079.95,10055.9,10069.45,09:55:00,10077.639401714518,2,9
2020-06-10,10061.9,10068.1,10036.85,10058.2,10:00:00,10076.14041107504,2,10
2020-06-10,10052.7,10067.7,10048.95,10062.2,10:05:00,10073.907990972652,2,11
2020-06-10,10071.25,10073.35,10052.6,10052.6,10:10:00,10073.654848975257,2,12
2020-06-10,10094.35,10098.1,10071.15,10071.15,10:15:00,10075.62581573952,2,13
2020-06-10,10105.0,10109.65,10094.0,10094.0,10:20:00,10078.42335709766,2,14
2020-06-10,10103.15,10114.0,10090.7,10105.9,10:25:00,10080.77827546931,2,15
2020-06-10,10124.1,10128.3,10102.7,10102.7,10:30:00,10084.904153996044,2,16
2020-06-10,10129.8,10137.9,10117.55,10124.0,10:35:00,10089.179948853563,2,17
2020-06-10,10127.55,10135.2,10120.0,10129.85,10:40:00,10092.834239438938,2,18
2020-06-10,10117.85,10135.05,10110.25,10128.1,10:45:00,10095.216692825708,2,19
2020-06-10,10119.9,10123.5,10111.75,10117.0,10:50:00,10097.567483985162,2,20
2020-06-10,10111.05,10120.6,10104.2,10120.6,10:55:00,10098.851533129431,2,21
2020-06-10,10107.55,10121.45,10105.35,10110.35,11:00:00,10099.679958545676,2,22
2020-06-10,10122.5,10125.3,10108.1,10108.2,11:05:00,10101.85329582704,2,23
2020-06-10,10123.7,10128.95,10117.2,10122.05,11:10:00,10103.933934319704,2,24
2020-06-10,10112.75,10132.15,10112.7,10123.45,11:15:00,10104.773559622588,2,25
2020-06-10,10098.8,10113.85,10098.2,10112.85,11:20:00,10104.204649182342,2,26
2020-06-10,10092.05,10098.75,10084.1,10098.75,11:25:00,10103.047063545928,2,27
2020-06-10,10093.45,10102.35,10089.4,10092.25,11:30:00,10102.133057493937,2,28
2020-06-10,10084.8,10093.95,10076.75,10093.7,11:35:00,10100.48229011356,2,29
2020-06-10,10084.75,10091.95,10080.35,10085.2,11:40:00,10098.983976769414,2,30
2020-06-10,10090.25,10096.35,10083.55,10083.85,11:45:00,10098.152169458042,2,31
2020-06-10,10082.9,10090.8,10081.05,10090.4,11:50:00,10096.699581890609,2,32
2020-06-10,10071.6,10082.85,10070.85,10082.85,11:55:00,10094.309145520076,2,33
2020-06-10,10067.9,10078.45,10063.2,10070.4,12:00:00,10091.793988803878,2,34
2020-06-10,10089.9,10093.15,10067.7,10069.7,12:05:00,10091.613608917796,2,35
2020-06-10,10088.95,10090.85,10079.8,10090.0,12:10:00,10091.359931878009,2,36
2020-06-10,10103.2,10107.0,10087.95,10088.1,12:15:00,10092.487557413437,2,37
2020-06-10,10091.5,10104.3,10090.95,10104.0,12:20:00,10092.39350432644,2,38
2020-06-10,10077.6,10098.35,10077.15,10092.2,12:25:00,10090.984599152494,2,39
2020-06-10,10093.2,10094.35,10071.9,10078.0,12:30:00,10091.1955897094,2,40
2020-06-10,10106.9,10112.2,10093.1,10093.1,12:35:00,10092.691247832314,2,41
2020-06-10,10116.05,10118.95,10102.2,10106.1,12:40:00,10094.915890895902,2,42
2020-06-10,10109.25,10121.4,10107.0,10115.15,12:45:00,10096.28104414391,2,43
2020-06-10,10107.25,10110.8,10097.05,10109.85,12:50:00,10097.325706606396,2,44
2020-06-10,10129.1,10130.35,10105.65,10106.2,12:55:00,10100.35182978674,2,45
2020-06-10,10121.55,10140.4,10120.95,10130.1,13:00:00,10102.370703140385,2,46
2020-06-10,10118.25,10126.05,10114.2,10122.5,13:05:00,10103.883017127017,2,47
2020-06-10,10112.9,10118.2,10107.05,10117.65,13:10:00,10104.741777400632,2,48
2020-06-10,10107.25,10118.35,10099.55,10112.3,13:15:00,10104.98065574343,2,49
2020-06-10,10103.0,10115.0,10102.6,10108.15,13:20:00,10104.792021863104,2,50
2020-06-10,10110.15,10112.95,10101.7,10103.6,13:25:00,10105.30230549519,2,51
2020-06-10,10105.35,10123.25,10104.55,10110.25,13:30:00,10105.30684782898,2,52
2020-06-10,10100.9,10105.7,10086.4,10105.7,13:35:00,10104.887148035745,2,53
2020-06-10,10103.85,10109.75,10096.05,10100.95,13:40:00,10104.78837203234,2,54
2020-06-10,10107.75,10114.3,10101.35,10104.1,13:45:00,10105.070431838783,2,55
2020-06-10,10093.1,10109.05,10090.7,10108.2,13:50:00,10103.93039071128,2,56
2020-06-10,10092.3,10097.8,10087.0,10093.2,13:55:00,10102.822734453062,2,57
2020-06-10,10098.55,10108.3,10084.45,10093.0,14:00:00,10102.415807362297,2,58
2020-06-10,10112.35,10113.5,10098.45,10099.05,14:05:00,10103.36192094684,2,59
2020-06-10,10102.1,10112.9,10098.75,10112.7,14:10:00,10103.241737999522,2,60
2020-06-10,10109.6,10111.3,10091.5,10103.3,14:15:00,10103.847286761473,2,61
2020-06-10,10104.65,10110.6,10100.5,10110.6,14:20:00,10103.923735641332,2,62
2020-06-10,10096.1,10114.7,10087.05,10105.5,14:25:00,10103.178617961205,2,63
2020-06-10,10065.6,10095.15,10062.8,10095.15,14:30:00,10099.599701964898,2,64
2020-06-10,10063.7,10074.35,10055.95,10065.7,14:35:00,10096.180682730148,2,65
2020-06-10,10064.3,10065.35,10053.45,10063.65,14:40:00,10093.14442723204,2,66
2020-06-10,10069.4,10081.15,10058.3,10064.6,14:45:00,10090.88305320994,2,67
2020-06-10,10067.75,10075.65,10066.6,10068.9,14:50:00,10088.679905285184,2,68
2020-06-10,10060.9,10066.8,10053.75,10066.65,14:55:00,10086.034200019929,2,69
2020-06-10,10086.5,10091.2,10059.55,10060.8,15:00:00,10086.078561922792,2,70
2020-06-10,10096.9,10097.45,10086.0,10086.0,15:05:00,10087.109175073005,2,71
2020-06-10,10129.3,10129.3,10096.85,10096.85,15:10:00,10091.127348875572,2,72
2020-06-10,10130.9,10148.75,10128.7,10128.8,15:15:00,10094.915220411232,2,73
2020-06-10,10139.9,10147.35,10128.65,10131.65,15:20:00,10099.199485133971,2,74
2020-06-10,10140.2,10141.65,10134.95,10139.8,15:25:00,10103.104296073596,2,75
2020-06-11,10059.9,10089.1,10049.2,10089.1,09:15:00,10098.989601209443,3,1
2020-06-11,10070.6,10073.7,10047.1,10061.65,09:20:00,10096.285829665689,3,2
2020-06-11,10064.9,10077.1,10062.45,10071.4,09:25:00,10093.29670303086,3,3
2020-06-11,10103.95,10108.35,10059.15,10064.4,09:30:00,10094.311302742208,3,4
2020-06-11,10089.55,10112.05,10083.7,10105.45,09:35:00,10093.857845338189,3,5
2020-06-11,10088.7,10095.25,10081.9,10090.7,09:40:00,10093.366621972646,3,6
2020-06-11,10077.9,10093.4,10077.25,10088.95,09:45:00,10091.893610356205,3,7
2020-06-11,10077.5,10084.05,10071.65,10078.7,09:50:00,10090.52279032228,3,8
2020-06-11,10085.05,10092.35,10077.15,10077.95,09:55:00,10090.001572196348,3,9
2020-06-11,10087.15,10096.85,10084.15,10084.5,10:00:00,10089.729993891931,3,10
2020-06-11,10093.05,10097.25,10086.9,10087.2,10:05:00,10090.046184949844,3,11
2020-06-11,10090.8,10102.3,10090.4,10092.8,10:10:00,10090.117976859385,3,12
2020-06-11,10086.1,10092.25,10083.55,10090.7,10:15:00,10089.735312396586,3,13
2020-06-11,10088.95,10092.65,10083.2,10085.55,10:20:00,10089.660520739768,3,14
2020-06-11,10088.85,10092.3,10083.25,10088.65,10:25:00,10089.58332828836,3,15
2020-06-11,10084.55,10094.4,10083.45,10089.9,10:30:00,10089.10396368947,3,16
2020-06-11,10067.0,10084.15,10065.75,10084.15,10:35:00,10086.998824290473,3,17
2020-06-11,10068.05,10069.0,10055.85,10067.35,10:40:00,10085.194174358046,3,18
2020-06-11,10041.35,10068.4,10041.35,10068.4,10:45:00,10081.0185387049,3,19
2020-06-11,10046.6,10055.0,10041.55,10041.55,10:50:00,10077.740582637767,3,20
2020-06-11,10056.05,10057.1,10045.55,10046.9,10:55:00,10075.674812862742,3,21
2020-06-11,10027.55,10055.45,10027.3,10055.45,11:00:00,10071.091497352005,3,22
2020-06-11,10028.15,10037.45,10023.9,10027.05,11:05:00,10067.001830937528,3,23
2020-06-11,10022.95,10032.55,10022.65,10028.05,11:10:00,10062.806418467288,3,24
2020-06-11,10015.95,10023.1,10005.85,10022.35,11:15:00,10058.343902422785,3,25
2020-06-11,10030.5,10030.5,10014.8,10016.15,11:20:00,10055.692102192044,3,26
2020-06-11,10034.35,10042.65,10031.1,10031.1,11:25:00,10053.659521030895,3,27
2020-06-11,10029.45,10043.0,10024.6,10034.4,11:30:00,10051.353852361288,3,28
2020-06-11,10030.9,10035.95,10025.6,10029.05,11:35:00,10049.40586642212,3,29
2020-06-11,10034.25,10034.25,10022.75,10031.2,11:40:00,10047.962450572391,3,30
2020-06-11,10034.4,10034.85,10027.5,10034.2,11:45:00,10046.670788613115,3,31
2020-06-11,10035.85,10046.15,10034.15,10034.8,11:50:00,10045.64023731663,3,32
2020-06-11,10026.05,10036.35,10025.1,10036.2,11:55:00,10043.774500429332,3,33
2020-06-11,10020.9,10027.15,10014.2,10025.6,12:00:00,10041.59597657892,3,34
2020-06-11,10028.25,10030.4,10014.6,10022.0,12:05:00,10040.324931190453,3,35
2020-06-11,10023.05,10034.7,10020.6,10028.5,12:10:00,10038.679699648505,3,36
2020-06-11,10011.95,10025.75,10011.95,10023.75,12:15:00,10036.134013967694,3,37
2020-06-11,9998.85,10016.55,9996.0,10011.85,12:20:00,10032.58315549458,3,38
2020-06-11,10006.65,10014.05,9992.65,9999.15,12:25:00,10030.113331161763,3,39
2020-06-11,9986.8,10007.6,9982.7,10007.25,12:30:00,10025.9882520035,3,40
2020-06-11,9991.9,10000.15,9982.2,9987.25,12:35:00,10022.741751812691,3,41
2020-06-11,9984.45,9993.55,9984.0,9991.7,12:40:00,10019.09491830672,3,42
2020-06-11,9999.8,10006.35,9980.75,9984.2,12:45:00,10017.257307039414,3,43
2020-06-11,9985.65,10004.85,9985.45,10000.9,12:50:00,10014.247087321372,3,44
2020-06-11,9992.35,9992.8,9977.7,9985.45,12:55:00,10012.161650433623,3,45
2020-06-11,10026.9,10028.7,9988.1,9992.2,13:00:00,10013.565302773275,3,46
2020-06-11,10030.9,10038.5,10009.0,10029.1,13:05:00,10015.21622631868,3,47
2020-06-11,10014.7,10031.45,10010.55,10031.45,13:10:00,10015.167061907378,3,48
2020-06-11,10000.25,10021.05,9999.0,10014.55,13:15:00,10013.74638934477,3,49
2020-06-11,10004.0,10006.6,9992.75,10000.5,13:20:00,10012.818161788124,3,50
2020-06-11,9989.05,10010.95,9987.75,10003.75,13:25:00,10010.554527332111,3,51
2020-06-11,9971.25,9990.5,9969.85,9988.75,13:30:00,10006.811239014767,3,52
2020-06-11,9991.0,9993.8,9967.0,9971.85,13:35:00,10005.305406727648,3,53
2020-06-11,9991.35,9998.2,9986.2,9991.05,13:40:00,10003.976320372632,3,54
2020-06-11,10004.95,10008.1,9988.95,9991.6,13:45:00,10004.069051765717,3,55
2020-06-11,9985.15,10007.35,9984.75,10007.35,13:50:00,10002.267237311838,3,56
2020-06-11,9966.85,9986.55,9965.3,9984.45,13:55:00,9998.894167091665,3,57
2020-06-11,9977.05,9982.3,9963.5,9967.5,14:00:00,9996.813770225792,3,58
2020-06-11,9958.85,9981.65,9955.7,9977.5,14:05:00,9993.198173061432,3,59
2020-06-11,9957.85,9961.65,9951.55,9961.65,14:10:00,9989.831680388914,3,60
2020-06-11,9942.45,9960.3,9937.15,9958.4,14:15:00,9985.319139399491,3,61
2020-06-11,9930.5,9942.05,9926.25,9942.05,14:20:00,9980.098268980491,3,62
2020-06-11,9926.2,9930.5,9911.5,9929.7,14:25:00,9974.96510050616,3,63
2020-06-11,9935.2,9937.05,9910.75,9925.6,14:30:00,9971.177948077004,3,64
2020-06-11,9912.75,9936.05,9911.1,9933.3,14:35:00,9965.61338159348,3,65
2020-06-11,9913.2,9914.0,9899.9,9912.85,14:40:00,9960.62163096553,3,66
2020-06-11,9918.25,9923.9,9909.6,9912.9,14:45:00,9956.58623754024,3,67
2020-06-11,9914.3,9927.8,9912.1,9918.3,14:50:00,9952.558976822123,3,68
2020-06-11,9922.0,9925.7,9913.2,9913.5,14:55:00,9949.64859807716,3,69
2020-06-11,9911.8,9923.15,9904.0,9922.4,15:00:00,9946.04396968886,3,70
2020-06-11,9900.3,9914.95,9899.4,9911.7,15:05:00,9941.687401147065,3,71
2020-06-11,9893.65,9904.0,9885.05,9900.9,15:10:00,9937.112410561627,3,72
2020-06-11,9905.55,9905.55,9886.9,9895.55,15:15:00,9934.106466698617,3,73
2020-06-11,9910.35,9915.0,9895.5,9907.15,15:20:00,9931.843946060651,3,74
2020-06-11,9910.1,9913.6,9905.2,9910.55,15:25:00,9929.773094054875,3,75
2020-06-12,9636.95,9680.35,9544.35,9544.35,09:15:00,9901.885180335365,4,1
2020-06-12,9673.6,9674.95,9626.65,9637.25,09:20:00,9880.14373458914,4,2
2020-06-12,9675.75,9692.6,9663.4,9673.95,09:25:00,9860.677664628269,4,3
2020-06-12,9689.5,9691.75,9659.4,9676.15,09:30:00,9844.375029901768,4,4
2020-06-12,9712.3,9714.3,9677.9,9688.75,09:35:00,9831.796455625408,4,5
2020-06-12,9712.25,9712.25,9692.95,9712.2,09:40:00,9820.41107889918,4,6
2020-06-12,9691.55,9715.4,9689.65,9714.0,09:45:00,9808.138595194496,4,7
2020-06-12,9667.65,9691.9,9667.65,9691.9,09:50:00,9794.758728985496,4,8
2020-06-12,9677.95,9679.95,9658.1,9667.6,09:55:00,9783.634088129736,4,9
2020-06-12,9685.45,9691.5,9665.45,9676.9,10:00:00,9774.283222593567,4,10
2020-06-12,9687.8,9688.3,9674.75,9684.8,10:05:00,9766.046725203703,4,11
2020-06-12,9677.35,9691.3,9677.05,9688.1,10:10:00,9757.599418041447,4,12
2020-06-12,9674.9,9677.15,9669.7,9677.1,10:15:00,9749.72328298988,4,13
2020-06-12,9686.1,9689.9,9671.7,9674.25,10:20:00,9743.663922705133,4,14
2020-06-12,9696.05,9700.45,9685.1,9685.6,10:25:00,9739.12926339988,4,15
2020-06-12,9705.2,9709.85,9692.35,9696.2,10:30:00,9735.897904980844,4,16
2020-06-12,9728.2,9729.2,9705.1,9705.3,10:35:00,9735.164771173144,4,17
2020-06-12,9735.95,9745.8,9722.35,9728.35,10:40:00,9735.23955487094,4,18
2020-06-12,9737.65,9738.2,9722.0,9736.35,10:45:00,9735.469121073707,4,19
2020-06-12,9739.85,9741.15,9730.35,9737.4,10:50:00,9735.886347638116,4,20
2020-06-12,9725.65,9741.75,9720.5,9739.35,10:55:00,9734.911457386866,4,21
2020-06-12,9733.15,9741.9,9724.4,9725.25,11:00:00,9734.7436995405,4,22
2020-06-12,9729.4,9740.7,9724.0,9733.2,11:05:00,9734.234775774736,4,23
2020-06-12,9715.35,9731.0,9699.45,9729.65,11:10:00,9732.436225700952,4,24
2020-06-12,9713.1,9723.8,9709.85,9714.7,11:15:00,9730.5946803961,4,25
2020-06-12,9780.75,9788.65,9710.05,9712.8,11:20:00,9735.371377501231,4,26
2020-06-12,9779.85,9818.45,9758.25,9781.5,11:25:00,9739.60743678683,4,27
2020-06-12,9784.75,9797.4,9768.85,9778.65,11:30:00,9743.906728521417,4,28
2020-06-12,9778.55,9789.1,9763.35,9784.55,11:35:00,9747.206087709852,4,29
2020-06-12,9785.8,9793.35,9776.85,9779.0,11:40:00,9750.881698404151,4,30
2020-06-12,9775.4,9788.75,9766.65,9786.0,11:45:00,9753.216774746614,4,31
2020-06-12,9751.45,9780.45,9749.55,9774.15,11:50:00,9753.048510485032,4,32
2020-06-12,9757.8,9762.8,9747.4,9750.25,11:55:00,9753.50103329598,4,33
2020-06-12,9774.9,9776.9,9755.0,9757.75,12:00:00,9755.539030124935,4,34
2020-06-12,9769.1,9775.55,9760.55,9774.95,12:05:00,9756.830551065415,4,35
2020-06-12,9754.7,9768.25,9752.7,9768.15,12:10:00,9756.62764144014,4,36
2020-06-12,9740.85,9761.55,9740.85,9754.5,12:15:00,9755.125008922032,4,37
2020-06-12,9730.1,9744.7,9730.1,9740.5,12:20:00,9752.741674738982,4,38
2020-06-12,9735.4,9742.1,9727.95,9729.95,12:25:00,9751.090086668602,4,39
2020-06-12,9729.15,9744.4,9719.15,9735.45,12:30:00,9749.000554604929,4,40
2020-06-12,9737.75,9738.1,9718.85,9728.45,12:35:00,9747.929073213982,4,41
2020-06-12,9758.65,9759.35,9734.35,9737.9,12:40:00,9748.950113860268,4,42
2020-06-12,9765.2,9772.2,9749.9,9758.2,12:45:00,9750.497722064052,4,43
2020-06-12,9772.7,9783.7,9756.8,9764.8,12:50:00,9752.612224724618,4,44
2020-06-12,9761.65,9773.15,9760.0,9767.05,12:55:00,9753.472965227034,4,45
2020-06-12,9764.25,9776.5,9749.2,9761.3,13:00:00,9754.499349491123,4,46
2020-06-12,9757.95,9768.35,9747.7,9763.1,13:05:00,9754.827982872925,4,47
2020-06-12,9758.15,9768.65,9755.2,9758.25,13:10:00,9755.144365456454,4,48
2020-06-12,9773.4,9773.55,9751.7,9758.1,13:15:00,9756.882997317744,4,49
2020-06-12,9789.15,9792.6,9771.25,9774.4,13:20:00,9759.956045192244,4,50
2020-06-12,9779.35,9794.9,9777.85,9789.45,13:25:00,9761.80308850727,4,51
2020-06-12,9791.0,9791.4,9776.65,9780.15,13:30:00,9764.583746744673,4,52
2020-06-12,9809.95,9817.3,9790.95,9790.95,13:35:00,9768.9043422928,4,53
2020-06-12,9809.3,9831.55,9808.35,9810.6,13:40:00,9772.751547788725,4,54
2020-06-12,9847.8,9855.7,9807.65,9808.25,13:45:00,9779.899019427892,4,55
2020-06-12,9860.1,9872.05,9847.95,9849.05,13:50:00,9787.537208053807,4,56
2020-06-12,9843.65,9866.4,9836.55,9860.15,13:55:00,9792.881283477254,4,57
2020-06-12,9874.9,9883.25,9836.55,9841.75,14:00:00,9800.692589812754,4,58
2020-06-12,9903.9,9903.9,9866.15,9873.7,14:05:00,9810.521866973444,4,59
2020-06-12,9871.95,9914.2,9864.85,9901.4,14:10:00,9816.372165356926,4,60
2020-06-12,9920.35,9928.5,9873.7,9873.7,14:15:00,9826.274816275314,4,61
2020-06-12,9899.5,9926.55,9899.5,9919.1,14:20:00,9833.248643296713,4,62
2020-06-12,9892.35,9911.0,9877.0,9899.0,14:25:00,9838.87734393512,4,63
2020-06-12,9892.95,9908.75,9873.1,9894.95,14:30:00,9844.027120703206,4,64
2020-06-12,9919.05,9919.05,9888.9,9892.75,14:35:00,9851.17215682671,4,65
2020-06-12,9917.35,9922.25,9894.95,9919.65,14:40:00,9857.4748085575,4,66
2020-06-12,9963.4,9963.4,9913.9,9917.1,14:45:00,9867.562922028214,4,67
2020-06-12,9966.2,9973.5,9951.95,9963.8,14:50:00,9876.956929454098,4,68
2020-06-12,9951.9,9968.45,9950.15,9965.7,14:55:00,9884.094364744184,4,69
2020-06-12,9985.0,9985.0,9946.4,9951.55,15:00:00,9893.704425244738,4,70
2020-06-12,9975.9,9986.35,9972.55,9986.35,15:05:00,9901.53257522143,4,71
2020-06-12,9974.7,9996.05,9974.0,9977.2,15:10:00,9908.500901390818,4,72
2020-06-12,9963.75,9983.15,9963.75,9976.15,15:15:00,9913.762720305978,4,73
2020-06-12,9956.1,9980.85,9952.5,9963.95,15:20:00,9917.7948421816,4,74
2020-06-12,9958.7,9960.75,9951.7,9956.55,15:25:00,9921.690571497638,4,75
2020-06-15,9918.15,9925.2,9881.05,9902.5,09:15:00,9921.353374212147,0,1
2020-06-15,9921.9,9943.35,9916.2,9921.25,09:20:00,9921.405433810993,0,2
2020-06-15,9912.7,9921.35,9895.55,9921.2,09:25:00,9920.576344876614,0,3
2020-06-15,9866.6,9912.4,9862.5,9912.4,09:30:00,9915.43574060265,0,4
2020-06-15,9881.5,9887.6,9865.0,9865.9,09:35:00,9912.20376530716,0,5
2020-06-15,9892.35,9895.9,9870.65,9881.45,09:40:00,9910.312930516002,0,6
2020-06-15,9906.35,9908.35,9881.8,9892.9,09:45:00,9909.935508562095,0,7
2020-06-15,9892.9,9909.65,9890.25,9907.2,09:50:00,9908.31307917523,0,8
2020-06-15,9869.85,9894.85,9864.8,9893.65,09:55:00,9904.64992877759,0,9
2020-06-15,9870.95,9879.0,9857.2,9869.35,10:00:00,9901.440411751151,0,10
2020-06-15,9880.6,9889.4,9870.95,9872.05,10:05:00,9899.455610631996,0,11
2020-06-15,9867.1,9884.55,9864.9,9880.35,10:10:00,9896.37412390514,0,12
2020-06-15,9843.25,9867.6,9837.6,9867.6,10:15:00,9891.314683533225,0,13
2020-06-15,9830.25,9847.4,9829.25,9842.35,10:20:00,9885.498999387202,0,14
2020-06-15,9822.05,9835.45,9820.75,9830.35,10:25:00,9879.4562375408,0,15
2020-06-15,9809.9,9822.85,9805.85,9822.75,10:30:00,9872.831833965483,0,16
2020-06-15,9791.0,9815.2,9789.1,9809.4,10:35:00,9865.038325968771,0,17
2020-06-15,9807.45,9812.55,9790.4,9790.95,10:40:00,9859.553723495555,0,18
2020-06-15,9801.45,9821.95,9799.25,9807.6,10:45:00,9854.0200355436,0,19
2020-06-15,9806.4,9807.15,9789.9,9800.85,10:50:00,9849.484794063255,0,20
2020-06-15,9799.75,9819.2,9798.7,9806.85,10:55:00,9844.748147009614,0,21
2020-06-15,9804.05,9808.45,9786.95,9799.15,11:00:00,9840.8721330087,0,22
2020-06-15,9782.35,9804.5,9780.55,9804.35,11:05:00,9835.29859653168,0,23
2020-06-15,9770.15,9782.85,9761.0,9782.75,11:10:00,9829.093968290568,0,24
2020-06-15,9763.3,9773.95,9757.9,9769.5,11:15:00,9822.82787607242,0,25
2020-06-15,9760.0,9766.4,9749.15,9764.7,11:20:00,9816.844268827426,0,26
2020-06-15,9752.75,9769.35,9751.25,9758.6,11:25:00,9810.740052748624,0,27
2020-06-15,9764.55,9773.8,9747.05,9752.65,11:30:00,9806.341000105898,0,28
2020-06-15,9776.6,9776.6,9759.0,9764.5,11:35:00,9803.508523905335,0,29
2020-06-15,9779.0,9786.75,9771.4,9776.3,11:40:00,9801.174378771497,0,30
2020-06-15,9782.95,9786.0,9765.9,9779.15,11:45:00,9799.438723650404,0,31
2020-06-15,9762.65,9784.05,9761.85,9781.65,11:50:00,9795.935035683697,0,32
2020-06-15,9755.95,9763.0,9751.2,9763.0,11:55:00,9792.126937047156,0,33
2020-06-15,9761.55,9761.85,9749.35,9755.9,12:00:00,9789.214847804567,0,34
2020-06-15,9740.5,9762.45,9739.8,9761.85,12:05:00,9784.575338489843,0,35
2020-06-15,9735.15,9740.15,9726.35,9740.15,12:10:00,9779.868163395577,0,36
2020-06-15,9743.2,9746.75,9731.9,9734.95,12:15:00,9776.3759573579,0,37
2020-06-15,9741.25,9747.45,9736.25,9743.15,12:20:00,9773.03062808572,0,38
2020-06-15,9735.5,9741.5,9729.5,9741.1,12:25:00,9769.456282553749,0,39
2020-06-15,9751.35,9754.0,9735.75,9738.45,12:30:00,9767.731874691486,0,40
2020-06-15,9748.6,9762.5,9747.15,9751.05,12:35:00,9765.909791387534,0,41
2020-06-15,9758.7,9766.15,9748.35,9748.35,12:40:00,9765.22314458872,0,42
2020-06-15,9765.5,9765.5,9738.65,9758.1,12:45:00,9765.249511770748,0,43
2020-06-15,9778.25,9781.35,9765.35,9770.25,12:50:00,9766.487653506869,0,44
2020-06-15,9764.9,9781.4,9764.15,9777.7,12:55:00,9766.336448410975,0,45
2020-06-15,9745.15,9764.75,9745.15,9764.75,13:00:00,9764.318691419454,0,46
2020-06-15,9762.25,9767.9,9744.3,9744.85,13:05:00,9764.12167318903,0,47
2020-06-15,9765.6,9772.55,9759.1,9762.7,13:10:00,9764.262466218646,0,48
2020-06-15,9768.65,9781.05,9764.5,9766.1,13:15:00,9764.680326578777,0,49
2020-06-15,9788.85,9789.05,9766.45,9768.6,13:20:00,9766.98220023794,0,50
2020-06-15,9794.95,9800.85,9787.2,9789.95,13:25:00,9769.645800215278,0,51
2020-06-15,9802.15,9806.2,9787.6,9795.55,13:30:00,9772.741438290012,0,52
2020-06-15,9772.1,9815.1,9769.3,9801.6,13:35:00,9772.68034892906,0,53
2020-06-15,9782.0,9783.55,9761.5,9772.2,13:40:00,9773.56793474534,0,54
2020-06-15,9792.45,9793.85,9771.25,9782.6,13:45:00,9775.366226674356,0,55
2020-06-15,9791.75,9794.5,9786.5,9792.8,13:50:00,9776.926586038702,0,56
2020-06-15,9809.4,9811.1,9793.6,9796.65,13:55:00,9780.019292130257,0,57
2020-06-15,9827.3,9829.05,9808.9,9810.7,14:00:00,9784.522216689278,0,58
2020-06-15,9807.3,9835.8,9807.3,9827.8,14:05:00,9786.691529385536,0,59
2020-06-15,9822.75,9823.85,9801.15,9806.9,14:10:00,9790.125669444056,0,60
2020-06-15,9841.45,9858.35,9823.45,9823.45,14:15:00,9795.013700925574,0,61
2020-06-15,9856.8,9860.3,9837.2,9841.25,14:20:00,9800.898110361231,0,62
2020-06-15,9869.9,9873.35,9851.6,9857.9,14:25:00,9807.46971889826,0,63
2020-06-15,9837.55,9870.8,9836.55,9870.6,14:30:00,9810.334507574617,0,64
2020-06-15,9791.95,9838.45,9788.4,9838.45,14:35:00,9808.58360209132,0,65
2020-06-15,9809.0,9810.45,9789.6,9793.3,14:40:00,9808.623259035005,0,66
2020-06-15,9833.25,9839.7,9809.05,9809.05,14:45:00,9810.968662936431,0,67
2020-06-15,9849.5,9852.7,9828.6,9833.95,14:50:00,9814.638314085343,0,68
2020-06-15,9869.85,9873.9,9841.1,9849.35,14:55:00,9819.89656988674,0,69
2020-06-15,9829.35,9868.95,9821.05,9868.95,15:00:00,9820.796896564192,0,70
2020-06-15,9802.1,9829.9,9797.1,9829.9,15:05:00,9819.016239748556,0,71
2020-06-15,9810.25,9812.65,9789.2,9803.8,15:10:00,9818.1813597725,0,72
2020-06-15,9817.9,9817.9,9792.7,9812.05,15:15:00,9818.154563603692,0,73
2020-06-15,9810.35,9824.4,9808.2,9819.2,15:20:00,9817.411271831912,0,74
2020-06-15,9817.65,9820.55,9810.7,9811.45,15:25:00,9817.43400784792,0,75
2020-06-16,10029.4,10046.15,9999.45,10005.25,09:15:00,9837.621245195736,1,1
2020-06-16,10012.6,10030.25,10001.45,10028.3,09:20:00,9854.285888510429,1,2
2020-06-16,9995.4,10025.35,9994.2,10013.05,09:25:00,9867.72532769991,1,3
2020-06-16,10010.9,10024.0,9992.75,9995.75,09:30:00,9881.361010776109,1,4
2020-06-16,10026.3,10027.45,10009.6,10010.4,09:35:00,9895.164724035529,1,5
2020-06-16,9994.6,10030.6,9986.8,10025.6,09:40:00,9904.63475031786,1,6
2020-06-16,9994.65,9996.75,9983.5,9994.7,09:45:00,9913.207631239968,1,7
2020-06-16,10002.9,10006.25,9986.9,9994.85,09:50:00,9921.749761598066,1,8
2020-06-16,9981.35,10002.5,9981.05,10002.45,09:55:00,9927.425974779204,1,9
2020-06-16,9966.85,9985.2,9966.85,9982.25,10:00:00,9931.180643847852,1,10
2020-06-16,9974.2,9979.75,9966.3,9967.15,10:05:00,9935.277725386151,1,11
2020-06-16,9985.35,9993.65,9973.8,9974.0,10:10:00,9940.046513444611,1,12
2020-06-16,9985.35,9986.45,9971.85,9985.45,10:15:00,9944.361131211794,1,13
2020-06-16,9974.75,9991.7,9971.25,9986.15,10:20:00,9947.255309191623,1,14
2020-06-16,9984.95,9987.15,9973.8,9973.85,10:25:00,9950.845279744804,1,15
2020-06-16,9988.15,9993.8,9976.6,9985.05,10:30:00,9954.398110245298,1,16
2020-06-16,10005.6,10008.4,9985.7,9989.7,10:35:00,9959.274480698126,1,17
2020-06-16,9997.45,10010.5,9995.5,10006.0,10:40:00,9962.910244441162,1,18
2020-06-16,9997.65,10001.3,9989.0,9996.85,10:45:00,9966.21879258962,1,19
2020-06-16,10011.25,10018.8,9997.35,9997.9,10:50:00,9970.50747900966,1,20
2020-06-16,10012.9,10015.65,10005.25,10011.35,10:55:00,9974.54486196112,1,21
2020-06-16,10007.05,10015.8,10001.05,10013.2,11:00:00,9977.640589393392,1,22
2020-06-16,9997.7,10008.15,9995.05,10007.15,11:05:00,9979.551009451165,1,23
2020-06-16,9986.3,9997.5,9984.55,9996.9,11:10:00,9980.193770455817,1,24
2020-06-16,9999.25,10002.55,9985.2,9985.85,11:15:00,9982.008649460024,1,25
2020-06-16,10006.85,10007.75,9998.4,9999.65,11:20:00,9984.374492368592,1,26
2020-06-16,9996.55,10010.5,9996.55,10007.1,11:25:00,9985.534064523965,1,27
2020-06-16,9972.2,9996.8,9968.0,9996.25,11:30:00,9984.26415361692,1,28
2020-06-16,9963.8,9973.85,9960.25,9971.1,11:35:00,9982.315186605783,1,29
2020-06-16,9954.25,9968.95,9952.4,9963.6,11:40:00,9979.642311690946,1,30
2020-06-16,9952.95,9959.0,9943.2,9954.4,11:45:00,9977.100186768,1,31
2020-06-16,9967.0,9967.3,9953.65,9954.15,11:50:00,9976.138264218664,1,32
2020-06-16,9967.55,9973.1,9964.0,9968.6,11:55:00,9975.320334293076,1,33
2020-06-16,9971.0,9974.75,9959.6,9967.4,12:00:00,9974.908873884213,1,34
2020-06-16,9949.6,9971.4,9946.45,9970.15,12:05:00,9972.49850494286,1,35
2020-06-16,9940.5,9949.2,9931.6,9949.0,12:10:00,9969.451028281635,1,36
2020-06-16,9923.35,9941.35,9912.9,9940.75,12:15:00,9965.060454159577,1,37
2020-06-16,9916.85,9925.3,9909.15,9922.45,12:20:00,9960.468982334854,1,38
2020-06-16,9928.8,9928.8,9900.9,9915.75,12:25:00,9957.452888779157,1,39
2020-06-16,9909.1,9928.2,9902.0,9928.1,12:30:00,9952.84785175257,1,40
2020-06-16,9908.4,9918.35,9897.65,9909.5,12:35:00,9948.614723014229,1,41
2020-06-16,9919.9,9926.85,9909.65,9909.65,12:40:00,9945.879987489065,1,42
2020-06-16,9915.25,9926.85,9910.0,9919.0,12:45:00,9942.962845823438,1,43
2020-06-16,9947.25,9947.25,9908.9,9915.1,12:50:00,9943.371146221209,1,44
2020-06-16,9943.05,9955.3,9938.2,9946.9,12:55:00,9943.340560866807,1,45
2020-06-16,9869.6,9942.35,9869.6,9942.35,13:00:00,9936.317650308063,1,46
2020-06-16,9856.0,9869.1,9830.05,9869.1,13:05:00,9928.668350278724,1,47
2020-06-16,9843.15,9873.25,9843.15,9855.45,13:10:00,9920.523745490274,1,48
2020-06-16,9799.5,9844.3,9728.5,9844.3,13:15:00,9908.9976744912,1,49
2020-06-16,9814.4,9846.55,9785.2,9800.0,13:20:00,9899.988372158705,1,50
2020-06-16,9819.25,9843.1,9807.0,9812.95,13:25:00,9892.299003381684,1,51
2020-06-16,9793.5,9818.45,9788.8,9818.45,13:30:00,9882.88957448819,1,52
2020-06-16,9758.65,9793.45,9750.7,9793.3,13:35:00,9871.057234060743,1,53
2020-06-16,9805.5,9805.85,9744.4,9758.5,13:40:00,9864.81368795972,1,54
2020-06-16,9827.4,9839.4,9806.1,9806.1,13:45:00,9861.250479582604,1,55
2020-06-16,9859.95,9873.55,9821.7,9828.65,13:50:00,9861.126624384258,1,56
2020-06-16,9849.55,9876.0,9831.65,9860.7,13:55:00,9860.024088728616,1,57
2020-06-16,9861.35,9862.25,9835.9,9851.6,14:00:00,9860.150365992557,1,58
2020-06-16,9868.3,9887.55,9853.0,9861.05,14:05:00,9860.926521612311,1,59
2020-06-16,9862.7,9873.45,9846.95,9868.05,14:10:00,9861.0954243159,1,60
2020-06-16,9862.8,9873.35,9852.5,9863.65,14:15:00,9861.257764857242,1,61
2020-06-16,9892.0,9899.5,9851.7,9863.6,14:20:00,9864.1855967756,1,62
2020-06-16,9918.35,9924.4,9892.55,9892.55,14:25:00,9869.3441113684,1,63
2020-06-16,9933.9,9934.25,9897.75,9918.65,14:30:00,9875.492291238075,1,64
2020-06-16,9909.1,9940.85,9909.1,9934.95,14:35:00,9878.69302540588,1,65
2020-06-16,9891.2,9908.6,9880.95,9908.6,14:40:00,9879.884165843414,1,66
2020-06-16,9888.0,9909.5,9883.75,9892.15,14:45:00,9880.657102429755,1,67
2020-06-16,9903.7,9911.5,9878.95,9887.85,14:50:00,9882.851664103113,1,68
2020-06-16,9915.55,9929.75,9893.9,9903.55,14:55:00,9885.965791331388,1,69
2020-06-16,9917.05,9935.65,9913.85,9916.1,15:00:00,9888.92619215697,1,70
2020-06-16,9915.55,9918.15,9899.3,9918.15,15:05:00,9891.461792903929,1,71
2020-06-16,9915.35,9922.95,9910.85,9915.4,15:10:00,9893.73686024641,1,72
2020-06-16,9916.4,9918.2,9909.7,9915.4,15:15:00,9895.895254508656,1,73
2020-06-16,9906.2,9924.0,9904.5,9916.15,15:20:00,9896.876658841164,1,74
2020-06-16,9898.4,9906.15,9898.4,9906.1,15:25:00,9897.021738951533,1,75
2020-06-17,9849.2,9879.15,9845.1,9864.25,09:15:00,9888.346593563498,2,1
2020-06-17,9842.0,9852.55,9833.8,9849.95,09:20:00,9883.932632271735,2,2
2020-06-17,9875.65,9876.1,9841.2,9841.2,09:25:00,9883.14381015062,2,3
2020-06-17,9924.7,9932.55,9870.8,9876.0,09:30:00,9887.101542517228,2,4
2020-06-17,9934.65,9944.85,9900.35,9926.05,09:35:00,9891.629967039396,2,5
2020-06-17,9919.4,9943.6,9905.95,9934.5,09:40:00,9894.274732083264,2,6
2020-06-17,9900.75,9926.65,9897.35,9919.2,09:45:00,9894.89142426581,2,7
2020-06-17,9918.85,9922.0,9900.8,9900.9,09:50:00,9897.173193383353,2,8
2020-06-17,9923.3,9931.2,9915.35,9918.6,09:55:00,9899.661460680178,2,9
2020-06-17,9948.35,9956.35,9916.4,9925.05,10:00:00,9904.298464424925,2,10
2020-06-17,9936.05,9950.75,9932.75,9947.8,10:05:00,9907.322420193976,2,11
2020-06-17,9937.6,9945.75,9924.4,9936.45,10:10:00,9910.205999223122,2,12
2020-06-17,9927.8,9942.1,9923.6,9937.7,10:15:00,9911.88161834473,2,13
2020-06-17,9902.5,9927.7,9894.55,9927.7,10:20:00,9910.988130883328,2,14
2020-06-17,9894.95,9901.35,9875.55,9901.35,10:25:00,9909.46068984682,2,15
2020-06-17,9903.75,9904.7,9876.55,9894.35,10:30:00,9908.916814623317,2,16
2020-06-17,9883.2,9916.25,9882.15,9904.05,10:35:00,9906.467594183,2,17
2020-06-17,9870.95,9893.65,9863.95,9883.3,10:40:00,9903.084966165572,2,18
2020-06-17,9882.0,9884.6,9865.25,9871.1,10:45:00,9901.076874149803,2,19
2020-06-17,9889.05,9895.35,9875.9,9881.95,10:50:00,9899.931457564107,2,20
2020-06-17,9872.45,9888.9,9867.5,9888.45,10:55:00,9897.314175891335,2,21
2020-06-17,9873.45,9885.2,9862.8,9872.35,11:00:00,9895.041397235018,2,22
2020-06-17,9885.75,9893.0,9870.0,9873.55,11:05:00,9894.156502260254,2,23
2020-06-17,9883.95,9893.25,9879.5,9885.85,11:10:00,9893.184454425944,2,24
2020-06-17,9906.5,9911.4,9879.9,9883.3,11:15:00,9894.452601623474,2,25
2020-06-17,9904.15,9908.75,9892.15,9907.45,11:20:00,9895.37616337362,2,26
2020-06-17,9902.85,9911.05,9900.4,9902.85,11:25:00,9896.087957338035,2,27
2020-06-17,9916.0,9925.25,9895.3,9902.15,11:30:00,9897.984342353462,2,28
2020-06-17,9872.9,9916.8,9872.9,9916.8,11:35:00,9895.595357367418,2,29
2020-06-17,9893.9,9899.0,9872.35,9872.45,11:40:00,9895.433894760998,2,30
2020-06-17,9900.1,9910.6,9893.65,9893.65,11:45:00,9895.87828573614,2,31
2020-06-17,9930.5,9935.0,9891.75,9899.2,11:50:00,9899.175591856509,2,32
2020-06-17,9922.95,9945.15,9918.35,9932.65,11:55:00,9901.439821203508,2,33
2020-06-17,9924.7,9938.75,9919.55,9923.45,12:00:00,9903.655076326982,2,34
2020-06-17,9920.85,9930.4,9913.6,9924.95,12:05:00,9905.292688105366,2,35
2020-06-17,9939.25,9944.5,9920.15,9920.65,12:10:00,9908.526717809618,2,36
2020-06-17,9950.65,9957.5,9938.4,9939.35,12:15:00,9912.538458970606,2,37
2020-06-17,9947.75,9967.55,9944.85,9951.15,12:20:00,9915.891939068644,2,38
2020-06-17,9948.85,9960.5,9945.9,9948.8,12:25:00,9919.030802014488,2,39
2020-06-17,9951.4,9961.9,9940.05,9949.35,12:30:00,9922.113582775011,2,40
2020-06-17,9957.35,9961.35,9948.7,9951.75,12:35:00,9925.469432034535,2,41
2020-06-17,9949.7,9970.45,9948.15,9957.7,12:40:00,9927.777105174106,2,42
2020-06-17,9937.55,9951.05,9930.75,9949.35,12:45:00,9928.707857062283,2,43
2020-06-17,9938.25,9940.35,9928.35,9937.65,12:50:00,9929.616632580162,2,44
2020-06-17,9963.15,9965.55,9937.4,9938.1,12:55:00,9932.810286620146,2,45
2020-06-17,9974.5,9975.15,9957.7,9963.25,13:00:00,9936.780735513466,2,46
2020-06-17,9978.4,9979.9,9964.9,9974.3,13:05:00,9940.744474988374,2,47
2020-06-17,9974.1,9979.05,9969.95,9979.05,13:10:00,9943.921191656147,2,48
2020-06-17,9980.95,9986.85,9974.25,9974.6,13:15:00,9947.447744831754,2,49
2020-06-17,10000.55,10003.6,9982.1,9982.35,13:20:00,9952.505102466825,2,50
2020-06-17,9961.8,10001.35,9956.95,10001.35,13:25:00,9953.390330803317,2,51
2020-06-17,9944.4,9961.7,9939.5,9961.3,13:30:00,9952.534108822048,2,52
2020-06-17,9950.05,9955.9,9930.3,9945.0,13:35:00,9952.297527029472,2,53
2020-06-17,9962.3,9962.75,9943.25,9950.9,13:40:00,9953.250143502855,2,54
2020-06-17,9968.25,9968.65,9953.2,9963.15,13:45:00,9954.678701264487,2,55
2020-06-17,9968.95,9975.45,9964.5,9968.35,13:50:00,9956.037872572631,2,56
2020-06-17,9958.55,9969.15,9953.8,9969.15,13:55:00,9956.277122803813,2,57
2020-06-17,9973.4,9978.1,9957.3,9957.7,14:00:00,9957.907873012971,2,58
2020-06-17,9963.05,9975.6,9959.15,9972.7,14:05:00,9958.39759939269,2,59
2020-06-17,9945.55,9963.2,9944.6,9963.2,14:10:00,9957.17401849815,2,60
2020-06-17,9952.05,9955.6,9932.7,9945.35,14:15:00,9956.68601673642,2,61
2020-06-17,9950.75,9955.75,9946.1,9951.5,14:20:00,9956.12068180914,2,62
2020-06-17,9951.3,9964.4,9950.9,9951.2,14:25:00,9955.66156925589,2,63
2020-06-17,9941.85,9957.55,9939.8,9952.15,14:30:00,9954.34618170771,2,64
2020-06-17,9924.55,9942.55,9916.1,9942.55,14:35:00,9951.5084501165,2,65
2020-06-17,9932.4,9939.7,9923.5,9924.5,14:40:00,9949.688597724453,2,66
2020-06-17,9887.8,9931.75,9886.3,9931.75,14:45:00,9943.79444556022,2,67
2020-06-17,9875.25,9899.2,9874.1,9887.45,14:50:00,9937.266403125912,2,68
2020-06-17,9892.55,9901.05,9875.25,9875.45,14:55:00,9933.007698066302,2,69
2020-06-17,9900.6,9909.85,9883.0,9891.8,15:00:00,9929.921250631416,2,70
2020-06-17,9872.65,9902.8,9872.65,9900.9,15:05:00,9924.466845809377,2,71
2020-06-17,9881.1,9888.4,9864.55,9874.4,15:10:00,9920.336670018009,2,72
2020-06-17,9876.3,9889.5,9874.6,9881.05,15:15:00,9916.142701444864,2,73
2020-06-17,9877.85,9885.5,9868.45,9877.2,15:20:00,9912.495777497734,2,74
2020-06-17,9877.75,9878.5,9870.95,9878.3,15:25:00,9909.186655831283,2,75
2020-06-18,9867.05,9895.9,9845.05,9861.4,09:15:00,9905.17364099021,3,1
2020-06-18,9884.0,9885.35,9857.35,9867.35,09:20:00,9903.157103753048,3,2
2020-06-18,9889.2,9895.1,9875.95,9884.55,09:25:00,9901.827855776566,3,3
2020-06-18,9874.8,9889.2,9870.8,9888.7,09:30:00,9899.253774274035,3,4
2020-06-18,9881.5,9887.3,9873.6,9875.55,09:35:00,9897.562938628893,3,5
2020-06-18,9885.0,9891.1,9880.45,9881.65,09:40:00,9896.366468283282,3,6
2020-06-18,9880.55,9885.5,9874.4,9884.95,09:45:00,9894.860137970589,3,7
2020-06-18,9889.85,9889.85,9876.5,9879.95,09:50:00,9894.38298197339,3,8
2020-06-18,9902.9,9906.4,9886.3,9890.35,09:55:00,9895.194126547352,3,9
2020-06-18,9903.45,9908.7,9897.8,9903.1,10:00:00,9895.980400209508,3,10
2020-06-18,9901.15,9903.9,9895.3,9903.5,10:05:00,9896.472743046696,3,11
2020-06-18,9910.8,9910.8,9901.2,9901.2,10:10:00,9897.837243708917,3,12
2020-06-18,9917.3,9924.6,9909.5,9911.65,10:15:00,9899.690839546163,3,13
2020-06-18,9925.25,9927.7,9913.85,9917.75,10:20:00,9902.125045303672,3,14
2020-06-18,9914.3,9926.8,9909.05,9925.7,10:25:00,9903.28456479856,3,15
2020-06-18,9916.35,9917.7,9905.15,9914.2,10:30:00,9904.528891960605,3,16
2020-06-18,9911.2,9921.8,9911.2,9916.3,10:35:00,9905.1642355834,3,17
2020-06-18,9898.05,9911.5,9897.5,9911.5,10:40:00,9904.486689337362,3,18
2020-06-18,9898.6,9904.85,9886.65,9898.2,10:45:00,9903.926052257611,3,19
2020-06-18,9901.25,9901.75,9888.35,9898.4,10:50:00,9903.67119013784,3,20
2020-06-18,9891.9,9904.75,9888.5,9901.75,10:55:00,9902.550124410429,3,21
2020-06-18,9908.3,9908.3,9888.5,9892.15,11:00:00,9903.097731609434,3,22
2020-06-18,9904.8,9908.7,9900.6,9908.15,11:05:00,9903.259852408535,3,23
2020-06-18,9913.25,9917.9,9904.65,9904.65,11:10:00,9904.211295036292,3,24
2020-06-18,9915.5,9923.6,9912.35,9913.1,11:15:00,9905.286409794742,3,25
2020-06-18,9927.7,9929.05,9911.2,9915.65,11:20:00,9907.421037433338,3,26
2020-06-18,9930.65,9933.7,9923.05,9926.95,11:25:00,9909.633319582545,3,27
2020-06-18,9931.75,9941.2,9925.6,9930.8,11:30:00,9911.739670098492,3,28
2020-06-18,9927.95,9931.85,9918.4,9931.85,11:35:00,9913.283511041493,3,29
2020-06-18,9922.4,9932.4,9921.2,9927.8,11:40:00,9914.15174808516,3,30
2020-06-18,9925.45,9927.9,9917.45,9921.6,11:45:00,9915.227772077047,3,31
2020-06-18,9930.35,9935.05,9924.95,9925.2,11:50:00,9916.667984260188,3,32
2020-06-18,9942.85,9944.7,9928.8,9930.2,11:55:00,9919.16150956874,3,33
2020-06-18,9962.85,9974.1,9943.85,9944.05,12:00:00,9923.322318181245,3,34
2020-06-18,9962.85,9972.55,9958.9,9963.4,12:05:00,9927.08685930684,3,35
2020-06-18,9969.15,9970.55,9956.45,9962.75,12:10:00,9931.092872706187,3,36
2020-06-18,9962.4,9984.45,9962.4,9968.9,12:15:00,9934.074503877026,3,37
2020-06-18,9956.75,9966.0,9951.15,9961.9,12:20:00,9936.234074936356,3,38
2020-06-18,9965.5,9967.55,9954.75,9956.9,12:25:00,9939.0213058948,3,39
2020-06-18,9951.7,9967.75,9949.2,9965.1,12:30:00,9940.228800571484,3,40
2020-06-18,9953.15,9957.25,9946.0,9950.9,12:35:00,9941.459390993248,3,41
2020-06-18,9966.55,9967.35,9950.15,9953.25,12:40:00,9943.848972803416,3,42
2020-06-18,9976.0,9976.55,9967.05,9967.15,12:45:00,9946.910975393566,3,43
2020-06-18,9971.5,9983.65,9968.55,9976.9,12:50:00,9949.252787260844,3,44
2020-06-18,9988.85,9989.15,9969.7,9972.1,12:55:00,9953.02395037886,3,45
2020-06-18,9977.65,9989.35,9973.0,9989.2,13:00:00,9955.369288438016,3,46
2020-06-18,9974.0,9980.45,9970.9,9977.25,13:05:00,9957.143641920107,3,47
2020-06-18,9964.3,9975.75,9964.2,9973.95,13:10:00,9957.82519983248,3,48
2020-06-18,9976.8,9982.4,9964.05,9964.05,13:15:00,9959.632323657956,3,49
2020-06-18,9996.0,10000.25,9977.5,9977.5,13:20:00,9963.09591188101,3,50
2020-06-18,9993.95,9998.0,9989.55,9995.9,13:25:00,9966.03439646377,3,51
2020-06-18,9997.5,9998.35,9983.8,9994.0,13:30:00,9969.031120610078,3,52
2020-06-18,10009.45,10016.85,9996.6,9996.6,13:35:00,9972.880537694831,3,53
2020-06-18,10006.2,10015.2,10003.45,10009.25,13:40:00,9976.053819819132,3,54
2020-06-18,10014.35,10017.8,10005.3,10005.35,13:45:00,9979.701075074454,3,55
2020-06-18,10025.8,10028.75,10006.65,10014.25,13:50:00,9984.091448876889,3,56
2020-06-18,10011.5,10025.5,10008.65,10025.15,13:55:00,9986.701787079088,3,57
2020-06-18,10018.9,10022.05,9999.95,10011.4,14:00:00,9989.768283547746,3,58
2020-06-18,10046.1,10047.8,10018.15,10018.15,14:05:00,9995.133208924151,3,59
2020-06-18,10056.55,10056.55,10041.15,10046.15,14:10:00,10000.982427121851,3,60
2020-06-18,10060.55,10086.1,10055.15,10055.85,14:15:00,10006.655529300722,3,61
2020-06-18,10085.45,10085.45,10060.0,10060.4,14:20:00,10014.159764605416,3,62
2020-06-18,10078.5,10107.7,10078.4,10085.1,14:25:00,10020.287406071568,3,63
2020-06-18,10076.25,10096.9,10075.2,10078.1,14:30:00,10025.617176921894,3,64
2020-06-18,10073.1,10076.3,10060.75,10076.3,14:35:00,10030.13935054838,3,65
2020-06-18,10058.45,10076.5,10056.15,10073.2,14:40:00,10032.835602877109,3,66
2020-06-18,10078.9,10081.75,10055.45,10057.95,14:45:00,10037.222688317384,3,67
2020-06-18,10084.95,10085.95,10075.45,10078.7,14:50:00,10041.768146572873,3,68
2020-06-18,10094.45,10095.35,10079.9,10085.3,14:55:00,10046.785465946885,3,69
2020-06-18,10088.05,10110.15,10083.6,10094.5,15:00:00,10050.715421570989,3,70
2020-06-18,10080.8,10091.9,10076.5,10088.15,15:05:00,10053.58061951661,3,71
2020-06-18,10082.95,10088.95,10076.3,10081.4,15:10:00,10056.37770337217,3,72
2020-06-18,10101.15,10101.5,10080.95,10083.05,15:15:00,10060.64173162244,3,73
2020-06-18,10088.85,10111.2,10088.15,10100.95,15:20:00,10063.328233372684,3,74
2020-06-18,10090.5,10092.45,10086.5,10088.35,15:25:00,10065.916020670524,3,75
2020-06-19,10154.2,10157.9,10101.35,10105.75,09:15:00,10074.324018701904,4,1
2020-06-19,10151.4,10162.2,10141.3,10154.55,09:20:00,10081.66458834934,4,2
2020-06-19,10160.6,10161.45,10144.6,10152.55,09:25:00,10089.182246601784,4,3
2020-06-19,10120.7,10160.65,10120.7,10160.15,09:30:00,10092.183937401614,4,4
2020-06-19,10080.95,10120.2,10072.65,10120.2,09:35:00,10091.11403860146,4,5
2020-06-19,10088.0,10113.75,10081.9,10081.9,09:40:00,10090.81746349656,4,6
2020-06-19,10103.95,10118.45,10083.15,10087.35,09:45:00,10092.068181258792,4,7
2020-06-19,10100.45,10116.6,10100.45,10104.35,09:50:00,10092.866449710336,4,8
2020-06-19,10104.9,10109.5,10092.45,10098.65,09:55:00,10094.012502118876,4,9
2020-06-19,10129.5,10129.5,10099.0,10105.35,10:00:00,10097.39226382184,4,10
2020-06-19,10130.9,10139.85,10127.15,10129.15,10:05:00,10100.58347679119,4,11
2020-06-19,10130.5,10137.05,10123.05,10131.1,10:10:00,10103.43266947774,4,12
2020-06-19,10117.1,10129.8,10109.8,10129.8,10:15:00,10104.73432000367,4,13
2020-06-19,10111.85,10118.9,10102.65,10116.7,10:20:00,10105.412003812844,4,14
2020-06-19,10112.7,10112.7,10097.75,10111.7,10:25:00,10106.106098687813,4,15
2020-06-19,10127.35,10134.8,10112.05,10112.05,10:30:00,10108.12932738421,4,16
2020-06-19,10123.6,10130.2,10120.4,10127.5,10:35:00,10109.602724776189,4,17
2020-06-19,10116.15,10126.8,10113.35,10123.55,10:40:00,10110.226274797504,4,18
2020-06-19,10109.95,10119.1,10107.25,10115.35,10:45:00,10110.199962912027,4,19
2020-06-19,10122.0,10122.0,10090.4,10110.1,10:50:00,10111.323775968023,4,20
2020-06-19,10122.3,10127.6,10115.35,10121.45,10:55:00,10112.369130637737,4,21
2020-06-19,10123.05,10125.3,10111.75,10122.45,11:00:00,10113.386356291288,4,22
2020-06-19,10123.9,10129.15,10117.7,10122.4,11:05:00,10114.387655692117,4,23
2020-06-19,10139.8,10145.9,10123.4,10124.25,11:10:00,10116.807878959533,4,24
2020-06-19,10150.0,10151.25,10132.4,10139.55,11:15:00,10119.969033344338,4,25
2020-06-19,10154.7,10156.65,10142.65,10150.65,11:20:00,10123.2767444544,4,26
2020-06-19,10165.45,10168.3,10145.8,10154.55,11:25:00,10127.293244982551,4,27
2020-06-19,10166.6,10175.8,10157.45,10165.75,11:30:00,10131.036745460406,4,28
2020-06-19,10169.1,10175.0,10162.5,10166.7,11:35:00,10134.66181732132,4,29
2020-06-19,10182.35,10184.85,10169.5,10169.5,11:40:00,10139.203549005004,4,30
2020-06-19,10187.1,10189.4,10174.05,10182.6,11:45:00,10143.765115766431,4,31
2020-06-19,10186.7,10194.3,10184.15,10186.95,11:50:00,10147.854152360103,4,32
2020-06-19,10198.4,10198.4,10176.6,10187.0,11:55:00,10152.668042611524,4,33
2020-06-19,10206.5,10208.35,10193.4,10197.4,12:00:00,10157.79489569614,4,34
2020-06-19,10201.15,10208.4,10200.7,10206.15,12:05:00,10161.923953248886,4,35
2020-06-19,10195.7,10212.7,10193.5,10201.4,12:10:00,10165.140719606135,4,36
2020-06-19,10191.25,10198.15,10181.3,10196.45,12:15:00,10167.627317738885,4,37
2020-06-19,10195.2,10196.9,10187.1,10191.65,12:20:00,10170.25328747804,4,38
2020-06-19,10203.8,10209.15,10192.7,10194.7,12:25:00,10173.44821248013,4,39
2020-06-19,10183.6,10205.0,10181.2,10204.25,12:30:00,10174.415049386786,4,40
2020-06-19,10202.4,10203.05,10176.3,10183.85,12:35:00,10177.08028277852,4,41
2020-06-19,10201.2,10205.55,10191.95,10202.05,12:40:00,10179.377398704371,4,42
2020-06-19,10194.9,10206.4,10194.1,10201.5,12:45:00,10180.85574168491,4,43
2020-06-19,10201.45,10201.45,10185.05,10194.85,12:50:00,10182.817099619682,4,44
2020-06-19,10198.1,10201.8,10193.4,10201.6,12:55:00,10184.272613941615,4,45
2020-06-19,10168.25,10198.85,10156.2,10198.2,13:00:00,10182.74665070908,4,46
2020-06-19,10160.15,10167.85,10136.65,10167.85,13:05:00,10180.594588736789,4,47
2020-06-19,10169.5,10175.0,10156.0,10159.7,13:10:00,10179.537961238046,4,48
2020-06-19,10179.05,10181.1,10160.75,10170.05,13:15:00,10179.491488739184,4,49
2020-06-19,10187.4,10193.85,10178.45,10180.2,13:20:00,10180.244680287831,4,50
2020-06-19,10196.9,10198.65,10177.3,10186.9,13:25:00,10181.8309012128,4,51
2020-06-19,10216.9,10225.55,10196.8,10196.8,13:30:00,10185.17081538301,4,52
2020-06-19,10201.05,10220.3,10200.65,10217.45,13:35:00,10186.683118679866,4,53
2020-06-19,10196.2,10209.6,10179.45,10201.8,13:40:00,10187.589488329404,4,54
2020-06-19,10208.1,10211.25,10193.05,10196.3,13:45:00,10189.54287039327,4,55
2020-06-19,10200.4,10208.3,10187.3,10208.3,13:50:00,10190.576882736768,4,56
2020-06-19,10202.95,10207.65,10193.8,10201.45,13:55:00,10191.755274857076,4,57
2020-06-19,10192.35,10203.15,10190.75,10202.85,14:00:00,10191.81191534688,4,58
2020-06-19,10160.95,10192.4,10160.5,10192.4,14:05:00,10188.872685313843,4,59
2020-06-19,10185.3,10186.5,10155.1,10159.9,14:10:00,10188.532429569668,4,60
2020-06-19,10200.35,10209.3,10181.0,10184.8,14:15:00,10189.657912467796,4,61
2020-06-19,10198.1,10206.6,10185.4,10200.85,14:20:00,10190.461920804197,4,62
2020-06-19,10208.4,10209.15,10188.65,10196.9,14:25:00,10192.170309299036,4,63
2020-06-19,10234.95,10242.35,10209.7,10209.85,14:30:00,10196.24456555627,4,64
2020-06-19,10227.6,10244.95,10224.8,10235.35,14:35:00,10199.230797408052,4,65
2020-06-19,10235.75,10237.85,10223.9,10228.2,14:40:00,10202.708816702523,4,66
2020-06-19,10256.65,10269.6,10236.65,10236.9,14:45:00,10207.846072254666,4,67
2020-06-19,10251.5,10272.4,10250.8,10256.4,14:50:00,10212.003589182794,4,68
2020-06-19,10248.0,10259.2,10233.6,10252.3,14:55:00,10215.431818784433,4,69
2020-06-19,10238.5,10254.6,10233.1,10247.35,15:00:00,10217.628788424012,4,70
2020-06-19,10242.75,10247.45,10229.65,10238.35,15:05:00,10220.021284764582,4,71
2020-06-19,10249.75,10249.9,10234.5,10243.2,15:10:00,10222.852590977478,4,72
2020-06-19,10240.5,10250.65,10235.75,10250.05,15:15:00,10224.53329659867,4,73
2020-06-19,10253.75,10254.05,10233.85,10239.85,15:20:00,10227.315839779749,4,74
2020-06-19,10256.45,10263.85,10248.7,10253.2,15:25:00,10230.090521705486,4,75
2020-06-22,10313.75,10313.75,10285.6,10300.75,09:15:00,10238.058091066869,0,1
2020-06-22,10337.55,10341.15,10315.1,10315.1,09:20:00,10247.533510965262,0,2
2020-06-22,10350.8,10358.7,10321.25,10334.15,09:25:00,10257.368414682856,0,3
2020-06-22,10370.25,10376.7,10351.1,10351.9,09:30:00,10268.119041855918,0,4
2020-06-22,10366.4,10371.75,10360.25,10369.75,09:35:00,10277.479133107736,0,5
2020-06-22,10366.6,10374.4,10359.45,10366.5,09:40:00,10285.966834716522,0,6
2020-06-22,10379.9,10386.4,10365.1,10366.4,09:45:00,10294.912850457806,0,7
2020-06-22,10341.3,10380.85,10339.7,10379.75,09:50:00,10299.33067422373,0,8
2020-06-22,10342.65,10350.1,10326.1,10339.5,09:55:00,10303.45632429766,0,9
2020-06-22,10354.1,10363.4,10342.35,10342.45,10:00:00,10308.279531507407,0,10
2020-06-22,10352.65,10364.35,10351.2,10354.8,10:05:00,10312.505290411464,0,11
2020-06-22,10331.95,10352.95,10329.2,10352.55,10:10:00,10314.357167515134,0,12
2020-06-22,10346.55,10354.85,10316.3,10332.2,10:15:00,10317.423151561312,0,13
2020-06-22,10331.15,10351.9,10330.75,10346.6,10:20:00,10318.730470460234,0,14
2020-06-22,10334.9,10340.45,10322.2,10331.05,10:25:00,10320.270425654497,0,15
2020-06-22,10329.4,10334.2,10316.0,10334.2,10:30:00,10321.139908925496,0,16
2020-06-22,10304.45,10334.5,10303.7,10329.05,10:35:00,10319.550393789736,0,17
2020-06-22,10305.95,10315.8,10304.0,10305.4,10:40:00,10318.255118190713,0,18
2020-06-22,10306.8,10313.8,10292.3,10306.5,10:45:00,10317.164154553502,0,19
2020-06-22,10290.1,10316.35,10285.9,10306.5,10:50:00,10314.586616024597,0,20
2020-06-22,10300.25,10306.95,10283.05,10290.05,10:55:00,10313.221224022254,0,21
2020-06-22,10326.35,10328.4,10300.0,10300.0,11:00:00,10314.471583639182,0,22
2020-06-22,10307.45,10326.8,10302.0,10326.8,11:05:00,10313.80286138783,0,23
2020-06-22,10301.55,10308.0,10297.65,10306.6,11:10:00,10312.635922208035,0,24
2020-06-22,10319.35,10319.8,10299.65,10301.65,11:15:00,10313.275358188224,0,25
2020-06-22,10306.85,10322.85,10304.6,10322.85,11:20:00,10312.663419313156,0,26
2020-06-22,10302.7,10307.9,10294.25,10306.8,11:25:00,10311.714522235714,0,27
2020-06-22,10284.95,10302.85,10277.6,10302.4,11:30:00,10309.165520118027,0,28
2020-06-22,10294.45,10297.2,10278.3,10284.7,11:35:00,10307.764042011548,0,29
2020-06-22,10296.5,10306.0,10291.15,10294.2,11:40:00,10306.691276105686,0,30
2020-06-22,10300.1,10300.75,10285.75,10296.4,11:45:00,10306.063535524194,0,31
2020-06-22,10299.65,10308.5,10298.75,10302.55,11:50:00,10305.452722617129,0,32
2020-06-22,10302.0,10308.35,10299.05,10299.25,11:55:00,10305.123891891686,0,33
2020-06-22,10298.0,10302.25,10288.45,10302.25,12:00:00,10304.44542599724,0,34
2020-06-22,10299.55,10299.7,10292.0,10297.65,12:05:00,10303.979194949883,0,35
2020-06-22,10301.1,10301.65,10292.75,10300.25,12:10:00,10303.704985907036,0,36
2020-06-22,10313.9,10320.8,10301.4,10301.4,12:15:00,10304.675939630177,0,37
2020-06-22,10320.45,10323.75,10312.85,10313.95,12:20:00,10306.178231093969,0,38
2020-06-22,10319.4,10323.7,10316.55,10320.7,12:25:00,10307.437447180257,0,39
2020-06-22,10314.75,10319.6,10309.0,10319.15,12:30:00,10308.133880782136,0,40
2020-06-22,10319.5,10321.2,10307.9,10314.65,12:35:00,10309.216368326694,0,41
2020-06-22,10333.15,10334.75,10318.1,10319.45,12:40:00,10311.49576181939,0,42
2020-06-22,10331.15,10344.35,10328.3,10334.15,12:45:00,10313.367594027066,0,43
2020-06-22,10346.45,10349.9,10331.3,10331.65,12:50:00,10316.518299357822,0,44
2020-06-22,10352.05,10360.35,10346.6,10346.6,12:55:00,10319.902270847551,0,45
2020-06-22,10359.8,10362.1,10344.5,10353.1,13:00:00,10323.702054576355,0,46
2020-06-22,10351.55,10362.3,10350.55,10359.65,13:05:00,10326.3542398548,0,47
2020-06-22,10338.5,10356.0,10332.75,10352.2,13:10:00,10327.510978916249,0,48
2020-06-22,10348.85,10349.5,10335.25,10337.9,13:15:00,10329.54326663851,0,49
2020-06-22,10358.45,10358.45,10346.1,10349.35,13:20:00,10332.296288863414,0,50
2020-06-22,10352.9,10367.6,10352.55,10358.95,13:25:00,10334.258547066898,0,51
2020-06-22,10346.3,10358.3,10344.0,10352.25,13:30:00,10335.405352108146,0,52
2020-06-22,10356.55,10360.65,10346.05,10346.7,13:35:00,10337.419128097848,0,53
2020-06-22,10353.4,10357.5,10348.05,10357.15,13:40:00,10338.941115898053,0,54
2020-06-22,10352.8,10361.25,10342.8,10353.85,13:45:00,10340.261009622049,0,55
2020-06-22,10351.45,10362.45,10348.15,10353.55,13:50:00,10341.32662775328,0,56
2020-06-22,10349.8,10359.6,10343.25,10351.4,13:55:00,10342.133615586305,0,57
2020-06-22,10374.7,10381.15,10348.9,10349.3,14:00:00,10345.235176006656,0,58
2020-06-22,10369.8,10384.75,10364.7,10374.85,14:05:00,10347.57468305364,0,59
2020-06-22,10374.9,10378.25,10367.05,10370.4,14:10:00,10350.17709419139,0,60
2020-06-22,10385.55,10388.45,10374.95,10375.7,14:15:00,10353.545942363638,0,61
2020-06-22,10388.35,10393.65,10382.4,10386.25,14:20:00,10356.860614519484,0,62
2020-06-22,10370.5,10388.65,10359.65,10388.15,14:25:00,10358.159603612865,0,63
2020-06-22,10371.4,10378.9,10361.75,10370.85,14:30:00,10359.420593744971,0,64
2020-06-22,10382.1,10382.5,10364.1,10371.5,14:35:00,10361.580537197831,0,65
2020-06-22,10376.6,10381.55,10367.25,10381.55,14:40:00,10363.010962226612,0,66
2020-06-22,10336.55,10377.2,10336.55,10376.45,14:45:00,10360.490870585982,0,67
2020-06-22,10344.1,10352.7,10331.75,10336.15,14:50:00,10358.929835292078,0,68
2020-06-22,10321.95,10345.6,10321.55,10344.2,14:55:00,10355.40794621664,0,69
2020-06-22,10294.95,10321.5,10292.5,10321.5,15:00:00,10349.650046576962,0,70
2020-06-22,10306.3,10311.85,10278.5,10295.25,15:05:00,10345.521470712489,0,71
2020-06-22,10317.55,10321.4,10294.3,10305.55,15:10:00,10342.857521120824,0,72
2020-06-22,10319.35,10320.0,10308.2,10318.3,15:15:00,10340.618709585506,0,73
2020-06-22,10327.1,10331.1,10310.65,10319.55,15:20:00,10339.331213434503,0,74
2020-06-22,10323.25,10327.65,10322.45,10326.5,15:25:00,10337.799669297883,0,75
2020-06-23,10377.0,10377.0,10328.1,10345.15,09:15:00,10341.533034126658,1,1
2020-06-23,10375.15,10378.15,10354.55,10377.15,09:20:00,10344.73464992412,1,2
2020-06-23,10359.35,10375.9,10355.75,10375.55,09:25:00,10346.126588026584,1,3
2020-06-23,10362.75,10366.95,10353.2,10359.15,09:30:00,10347.709770119289,1,4
2020-06-23,10358.65,10368.0,10354.3,10361.95,09:35:00,10348.751696774594,1,5
2020-06-23,10337.1,10361.3,10336.95,10358.1,09:40:00,10347.64201136749,1,6
2020-06-23,10328.7,10350.25,10323.05,10337.8,09:45:00,10345.838010284871,1,7
2020-06-23,10312.1,10328.6,10304.15,10328.05,09:50:00,10342.624866448215,1,8
2020-06-23,10326.9,10335.0,10301.75,10311.15,09:55:00,10341.127260119816,1,9
2020-06-23,10343.5,10350.4,10326.1,10326.95,10:00:00,10341.353235346502,1,10
2020-06-23,10349.2,10352.35,10334.3,10343.4,10:05:00,10342.100546265883,1,11
2020-06-23,10358.9,10359.0,10341.9,10348.7,10:10:00,10343.70049424056,1,12
2020-06-23,10378.5,10378.5,10358.65,10358.65,10:15:00,10347.014732884316,1,13
2020-06-23,10370.6,10386.25,10370.05,10377.85,10:20:00,10349.260948800094,1,14
2020-06-23,10366.75,10380.4,10366.35,10371.4,10:25:00,10350.926572723894,1,15
2020-06-23,10371.55,10383.05,10366.55,10366.55,10:30:00,10352.890708654952,1,16
2020-06-23,10383.25,10383.65,10370.55,10370.55,10:35:00,10355.782069735433,1,17
2020-06-23,10385.55,10388.25,10380.0,10383.1,10:40:00,10358.61711071301,1,18
2020-06-23,10367.0,10386.3,10363.55,10385.9,10:45:00,10359.415481121296,1,19
2020-06-23,10366.3,10372.0,10357.4,10366.7,10:50:00,10360.071149585934,1,20
2020-06-23,10364.3,10372.3,10360.75,10366.95,10:55:00,10360.473897244416,1,21
2020-06-23,10373.3,10377.0,10358.35,10363.55,11:00:00,10361.695430840187,1,22
2020-06-23,10375.45,10381.9,10372.95,10373.6,11:05:00,10363.005389807788,1,23
2020-06-23,10363.0,10380.35,10360.9,10375.3,11:10:00,10363.00487649276,1,24
2020-06-23,10362.6,10365.75,10352.05,10363.3,11:15:00,10362.966316826783,1,25
2020-06-23,10359.4,10368.1,10356.15,10362.35,11:20:00,10362.626667605186,1,26
2020-06-23,10363.35,10368.65,10355.7,10359.95,11:25:00,10362.695556404691,1,27
2020-06-23,10355.55,10366.3,10352.7,10363.15,11:30:00,10362.015027223291,1,28
2020-06-23,10371.5,10373.5,10355.4,10355.8,11:35:00,10362.91835796393,1,29
2020-06-23,10373.7,10375.7,10369.4,10371.05,11:40:00,10363.945181014986,1,30
2020-06-23,10379.1,10381.05,10373.55,10373.75,11:45:00,10365.388497108795,1,31
2020-06-23,10393.15,10396.1,10379.6,10380.15,11:50:00,10368.032449765104,1,32
2020-06-23,10389.8,10400.35,10388.1,10393.65,11:55:00,10370.105549787477,1,33
2020-06-23,10399.7,10402.7,10386.15,10389.9,12:00:00,10372.924068855336,1,34
2020-06-23,10386.75,10401.3,10382.5,10399.8,12:05:00,10374.240824202448,1,35
2020-06-23,10386.0,10390.5,10381.25,10386.3,12:10:00,10375.360745706976,1,36
2020-06-23,10388.3,10390.15,10384.5,10385.9,12:15:00,10376.593055639643,1,37
2020-06-23,10383.05,10389.8,10379.5,10388.35,12:20:00,10377.208002721583,1,38
2020-06-23,10376.5,10390.2,10372.2,10382.95,12:25:00,10377.140573890956,1,39
2020-06-23,10384.65,10388.85,10375.65,10376.25,12:30:00,10377.855757329911,1,40
2020-06-23,10394.8,10394.8,10381.9,10385.4,12:35:00,10379.469494727064,1,41
2020-06-23,10398.15,10405.65,10392.05,10395.25,12:40:00,10381.248590467343,1,42
2020-06-23,10406.9,10414.4,10399.35,10399.9,12:45:00,10383.691581851408,1,43
2020-06-23,10407.45,10416.15,10406.55,10408.5,12:50:00,10385.954288341749,1,44
2020-06-23,10417.3,10419.2,10407.2,10407.85,12:55:00,10388.939594213964,1,45
2020-06-23,10424.7,10430.05,10412.7,10418.35,13:00:00,10392.345347145969,1,46
2020-06-23,10414.75,10425.75,10412.75,10425.65,13:05:00,10394.479123608256,1,47
2020-06-23,10424.9,10427.85,10408.35,10414.8,13:10:00,10397.37634993128,1,48
2020-06-23,10418.1,10426.4,10413.1,10426.1,13:15:00,10399.350030890208,1,49
2020-06-23,10417.45,10419.7,10409.1,10418.75,13:20:00,10401.073837472091,1,50
2020-06-23,10422.85,10425.15,10416.3,10417.5,13:25:00,10403.147757712846,1,51
2020-06-23,10430.4,10432.2,10419.7,10423.0,13:30:00,10405.743209359242,1,52
2020-06-23,10420.05,10431.15,10419.8,10429.95,13:35:00,10407.105760848835,1,53
2020-06-23,10405.4,10420.15,10405.3,10420.1,13:40:00,10406.943307434662,1,54
2020-06-23,10405.15,10410.45,10397.55,10405.0,13:45:00,10406.772516250408,1,55
2020-06-23,10392.4,10405.1,10390.0,10405.1,13:50:00,10405.403705178942,1,56
2020-06-23,10413.95,10416.15,10392.55,10392.55,13:55:00,10406.21763801904,1,57
2020-06-23,10418.3,10426.5,10410.0,10414.35,14:00:00,10407.368339160086,1,58
2020-06-23,10420.15,10422.75,10411.85,10419.1,14:05:00,10408.58564019246,1,59
2020-06-23,10410.4,10423.2,10407.85,10420.3,14:10:00,10408.758436364607,1,60
2020-06-23,10419.7,10419.75,10401.1,10410.0,14:15:00,10409.800490044168,1,61
2020-06-23,10421.05,10426.2,10418.85,10419.25,14:20:00,10410.871871944724,1,62
2020-06-23,10431.25,10435.25,10421.25,10421.25,14:25:00,10412.812646045228,1,63
2020-06-23,10428.65,10434.0,10420.6,10430.45,14:30:00,10414.320965469493,1,64
2020-06-23,10452.2,10455.75,10428.75,10428.8,14:35:00,10417.928492567637,1,65
2020-06-23,10448.7,10458.9,10444.55,10451.6,14:40:00,10420.8591123231,1,66
2020-06-23,10460.15,10463.15,10447.4,10448.15,14:45:00,10424.601101625663,1,67
2020-06-23,10455.6,10464.15,10442.5,10460.25,14:50:00,10427.553377661314,1,68
2020-06-23,10461.95,10466.15,10454.65,10455.35,14:55:00,10430.829246455474,1,69
2020-06-23,10465.55,10465.55,10450.15,10462.05,15:00:00,10434.135984888288,1,70
2020-06-23,10471.75,10475.5,10465.6,10465.6,15:05:00,10437.718272041784,1,71
2020-06-23,10469.35,10479.0,10466.7,10472.8,15:10:00,10440.730817561614,1,72
2020-06-23,10469.3,10470.85,10462.2,10469.0,15:15:00,10443.451692079556,1,73
2020-06-23,10477.0,10484.7,10469.0,10470.05,15:20:00,10446.64676902436,1,74
2020-06-23,10483.1,10483.65,10476.95,10477.15,15:25:00,10450.118505307752,1,75
2020-06-24,10521.3,10541.3,10508.9,10513.55,09:15:00,10456.897695278443,2,1
2020-06-24,10517.15,10520.65,10497.95,10520.65,09:20:00,10462.63601001383,2,2
2020-06-24,10517.8,10529.15,10512.7,10516.2,09:25:00,10467.889723345845,2,3
2020-06-24,10515.9,10520.3,10507.8,10516.9,09:30:00,10472.46213064624,2,4
2020-06-24,10536.95,10542.75,10515.05,10516.3,09:35:00,10478.603832489454,2,5
2020-06-24,10530.85,10540.75,10526.2,10535.85,09:40:00,10483.57965796665,2,6
2020-06-24,10522.5,10533.5,10519.2,10530.6,09:45:00,10487.28635720792,2,7
2020-06-24,10532.45,10537.05,10523.15,10523.5,09:50:00,10491.587656521451,2,8
2020-06-24,10526.05,10533.05,10518.6,10533.05,09:55:00,10494.869784471792,2,9
2020-06-24,10530.15,10535.9,10521.25,10525.95,10:00:00,10498.229804998287,2,10
2020-06-24,10535.65,10536.6,10530.55,10531.0,10:05:00,10501.793633093688,2,11
2020-06-24,10544.6,10545.95,10532.15,10535.7,10:10:00,10505.870429941908,2,12
2020-06-24,10548.6,10553.15,10544.9,10545.35,10:15:00,10509.939912804582,2,13
2020-06-24,10547.15,10550.15,10541.3,10548.55,10:20:00,10513.483730632715,2,14
2020-06-24,10539.7,10550.25,10535.5,10546.95,10:25:00,10515.980518191504,2,15
2020-06-24,10536.95,10545.35,10536.3,10539.65,10:30:00,10517.977611697075,2,16
2020-06-24,10522.85,10538.5,10520.75,10536.7,10:35:00,10518.441648678305,2,17
2020-06-24,10513.3,10523.25,10504.4,10523.15,10:40:00,10517.9519678518,2,18
2020-06-24,10495.75,10513.55,10486.2,10513.45,10:45:00,10515.837494723057,2,19
2020-06-24,10480.5,10506.65,10476.85,10494.95,10:50:00,10512.472019035147,2,20
2020-06-24,10456.9,10488.9,10455.0,10478.45,10:55:00,10507.179445793705,2,21
2020-06-24,10477.2,10483.65,10451.2,10455.65,11:00:00,10504.32426048002,2,22
2020-06-24,10490.95,10497.5,10467.05,10476.15,11:05:00,10503.050521386684,2,23
2020-06-24,10471.2,10493.55,10466.85,10490.5,11:10:00,10500.017138397476,2,24
2020-06-24,10479.7,10480.35,10465.7,10469.95,11:15:00,10498.082172835811,2,25
2020-06-24,10480.75,10489.15,10478.65,10480.1,11:20:00,10496.431489708591,2,26
2020-06-24,10477.55,10485.7,10468.95,10481.1,11:25:00,10494.633252593489,2,27
2020-06-24,10455.8,10480.25,10453.6,10477.0,11:30:00,10490.934847584584,2,28
2020-06-24,10451.6,10464.15,10446.2,10455.7,11:35:00,10487.188671624146,2,29
2020-06-24,10443.15,10451.55,10440.15,10451.35,11:40:00,10482.994512421848,2,30
2020-06-24,10456.85,10462.55,10440.45,10443.2,11:45:00,10480.50455885786,2,31
2020-06-24,10450.35,10470.9,10450.1,10456.1,11:50:00,10477.632696109493,2,32
2020-06-24,10455.85,10459.35,10448.2,10450.5,11:55:00,10475.558153622876,2,33
2020-06-24,10457.85,10465.95,10455.25,10456.25,12:00:00,10473.871662801648,2,34
2020-06-24,10477.65,10480.15,10457.45,10457.8,12:05:00,10474.231504439587,2,35
2020-06-24,10478.95,10488.15,10472.3,10478.15,12:10:00,10474.68088496915,2,36
2020-06-24,10509.5,10509.5,10475.4,10477.55,12:15:00,10477.996991162565,2,37
2020-06-24,10524.3,10524.3,10504.5,10509.15,12:20:00,10482.406801528032,2,38
2020-06-24,10518.95,10528.1,10508.55,10523.8,12:25:00,10485.88710614441,2,39
2020-06-24,10498.5,10520.2,10497.7,10519.0,12:30:00,10487.088334130656,2,40
2020-06-24,10524.25,10524.25,10498.1,10499.3,12:35:00,10490.627540403926,2,41
2020-06-24,10515.4,10527.6,10515.4,10524.0,12:40:00,10492.98682227022,2,42
2020-06-24,10527.45,10535.3,10513.8,10515.75,12:45:00,10496.269029673056,2,43
2020-06-24,10526.6,10538.5,10521.05,10528.05,12:50:00,10499.157693513716,2,44
2020-06-24,10514.1,10533.65,10514.1,10527.35,12:55:00,10500.580770321934,2,45
2020-06-24,10503.0,10517.1,10495.55,10514.5,13:00:00,10500.811173148417,2,46
2020-06-24,10495.6,10517.1,10492.6,10503.1,13:05:00,10500.314870943806,2,47
2020-06-24,10448.4,10495.4,10448.4,10495.2,13:10:00,10495.370597520588,2,48
2020-06-24,10452.45,10459.55,10434.05,10448.5,13:15:00,10491.282921566246,2,49
2020-06-24,10464.3,10465.95,10438.15,10453.35,13:20:00,10488.713119512318,2,50
2020-06-24,10437.8,10470.35,10437.1,10465.25,13:25:00,10483.864250987335,2,51
2020-06-24,10433.5,10444.55,10423.35,10437.9,13:30:00,10479.06765565521,2,52
2020-06-24,10405.05,10433.65,10400.55,10433.65,13:35:00,10472.01835511662,2,53
2020-06-24,10393.25,10414.6,10390.5,10405.85,13:40:00,10464.516607010277,2,54
2020-06-24,10388.35,10395.45,10371.7,10392.75,13:45:00,10457.262644437867,2,55
2020-06-24,10402.6,10407.1,10378.8,10387.4,13:50:00,10452.056678300927,2,56
2020-06-24,10398.55,10405.25,10389.5,10403.15,13:55:00,10446.960804177032,2,57
2020-06-24,10394.25,10397.6,10372.6,10397.15,14:00:00,10441.940727588742,2,58
2020-06-24,10418.65,10439.8,10393.45,10393.75,14:05:00,10439.72256305648,2,59
2020-06-24,10396.75,10420.75,10390.05,10419.95,14:10:00,10435.629938003482,2,60
2020-06-24,10405.8,10413.55,10388.8,10398.2,14:15:00,10432.78899152696,2,61
2020-06-24,10410.0,10423.65,10404.15,10406.2,14:20:00,10430.618611381533,2,62
2020-06-24,10393.4,10421.3,10392.85,10410.3,14:25:00,10427.07398172615,2,63
2020-06-24,10394.0,10408.35,10392.3,10394.4,14:30:00,10423.924078704613,2,64
2020-06-24,10355.6,10393.8,10353.9,10393.8,14:35:00,10417.417023589886,2,65
2020-06-24,10352.75,10363.7,10340.85,10356.25,14:40:00,10411.258259438468,2,66
2020-06-24,10322.5,10356.05,10322.5,10353.1,14:45:00,10402.8050918729,2,67
2020-06-24,10317.05,10334.3,10310.45,10322.3,14:50:00,10394.63794026596,2,68
2020-06-24,10330.95,10350.5,10315.3,10316.6,14:55:00,10388.572422145391,2,69
2020-06-24,10315.25,10340.55,10314.95,10329.85,15:00:00,10381.58933432202,2,70
2020-06-24,10306.35,10324.15,10304.75,10314.9,15:05:00,10374.423683434208,2,71
2020-06-24,10302.25,10306.6,10281.95,10305.5,15:10:00,10367.549999297617,2,72
2020-06-24,10302.25,10309.25,10289.2,10301.9,15:15:00,10361.330951745462,2,73
2020-06-24,10307.3,10313.35,10298.05,10302.05,15:20:00,10356.185146817324,2,74
2020-06-24,10320.2,10320.2,10306.7,10306.7,15:25:00,10352.757989977576,2,75
2020-06-25,10220.85,10241.2,10194.5,10210.25,09:15:00,10340.195324265427,3,1
2020-06-25,10241.9,10246.65,10202.05,10219.6,09:20:00,10330.833864811577,3,2
2020-06-25,10238.7,10251.6,10230.35,10242.6,09:25:00,10322.059211019998,3,3
2020-06-25,10255.15,10260.95,10237.2,10238.4,09:30:00,10315.68690520857,3,4
2020-06-25,10273.7,10274.2,10248.9,10256.35,09:35:00,10311.688152331564,3,5
2020-06-25,10271.35,10285.7,10263.6,10272.75,09:40:00,10307.846423538082,3,6
2020-06-25,10293.95,10296.2,10255.55,10270.1,09:45:00,10306.522954629692,3,7
2020-06-25,10280.1,10297.9,10279.45,10295.2,09:50:00,10304.006482760196,3,8
2020-06-25,10274.75,10288.05,10272.0,10279.15,09:55:00,10301.220151068748,3,9
2020-06-25,10267.3,10279.4,10260.1,10275.1,10:00:00,10297.989660490774,3,10
2020-06-25,10258.45,10266.9,10255.35,10266.8,10:05:00,10294.223978539272,3,11
2020-06-25,10262.7,10274.25,10259.05,10259.05,10:10:00,10291.221694868866,3,12
2020-06-25,10268.1,10273.2,10260.65,10262.3,10:15:00,10289.019628690878,3,13
2020-06-25,10299.0,10299.0,10264.35,10267.15,10:20:00,10289.970140244128,3,14
2020-06-25,10307.2,10309.8,10285.85,10297.5,10:25:00,10291.611079268496,3,15
2020-06-25,10326.65,10329.25,10296.85,10306.95,10:30:00,10294.948119338163,3,16
2020-06-25,10340.05,10344.6,10318.55,10326.55,10:35:00,10299.243536544052,3,17
2020-06-25,10319.35,10348.35,10319.35,10340.2,10:40:00,10301.15843782557,3,18
2020-06-25,10326.85,10327.6,10308.85,10318.6,10:45:00,10303.605253270754,3,19
2020-06-25,10320.8,10330.5,10317.6,10326.2,10:50:00,10305.24284819735,3,20
2020-06-25,10331.7,10336.8,10312.85,10320.9,10:55:00,10307.76257694046,3,21
2020-06-25,10346.8,10348.65,10327.4,10331.95,11:00:00,10311.480426755652,3,22
2020-06-25,10347.5,10356.05,10339.35,10347.85,11:05:00,10314.910862302731,3,23
2020-06-25,10334.25,10353.5,10334.25,10347.4,11:10:00,10316.75268494057,3,24
2020-06-25,10330.0,10349.4,10330.0,10334.0,11:15:00,10318.014333993848,3,25
2020-06-25,10316.35,10337.0,10307.25,10330.3,11:20:00,10317.855825994431,3,26
2020-06-25,10314.75,10329.0,10314.75,10315.95,11:25:00,10317.560033042582,3,27
2020-06-25,10341.15,10343.95,10315.15,10315.5,11:30:00,10319.806696562337,3,28
2020-06-25,10325.7,10344.3,10325.7,10340.95,11:35:00,10320.3679635564,3,29
2020-06-25,10315.95,10329.6,10314.8,10325.9,11:40:00,10319.947205122458,3,30
2020-06-25,10296.2,10321.35,10292.6,10315.6,11:45:00,10317.685566539369,3,31
2020-06-25,10288.0,10316.0,10286.9,10297.05,11:50:00,10314.858369726093,3,32
2020-06-25,10276.0,10296.4,10274.95,10288.8,11:55:00,10311.157572609322,3,33
2020-06-25,10271.2,10284.35,10263.9,10275.95,12:00:00,10307.352089503673,3,34
2020-06-25,10283.75,10290.55,10269.35,10271.15,12:05:00,10305.104271455704,3,35
2020-06-25,10269.3,10282.8,10268.4,10282.75,12:10:00,10301.694340840875,3,36
2020-06-25,10260.05,10270.6,10254.3,10270.25,12:15:00,10297.728213141743,3,37
2020-06-25,10264.9,10265.15,10250.5,10260.65,12:20:00,10294.601716652054,3,38
2020-06-25,10272.25,10274.6,10244.3,10265.25,12:25:00,10292.47298173281,3,39
2020-06-25,10262.35,10284.6,10257.0,10271.6,12:30:00,10289.604126329685,3,40
2020-06-25,10265.8,10275.95,10260.45,10260.8,12:35:00,10287.33706667924,3,41
2020-06-25,10227.0,10264.85,10222.1,10264.85,12:40:00,10281.590679376455,3,42
2020-06-25,10217.9,10229.2,10212.6,10226.7,12:45:00,10275.524900388222,3,43
2020-06-25,10213.7,10230.2,10204.55,10218.75,12:50:00,10269.636814636962,3,44
2020-06-25,10228.0,10232.95,10208.2,10213.0,12:55:00,10265.671403719158,3,45
2020-06-25,10230.05,10239.4,10217.4,10226.55,13:00:00,10262.278889079238,3,46
2020-06-25,10234.05,10238.05,10219.75,10229.95,13:05:00,10259.590423452644,3,47
2020-06-25,10244.65,10250.9,10234.1,10234.35,13:10:00,10258.167525980964,3,48
2020-06-25,10244.6,10255.35,10242.45,10244.3,13:15:00,10256.875380649442,3,49
2020-06-25,10227.45,10252.1,10219.65,10245.0,13:20:00,10254.072963444733,3,50
2020-06-25,10238.4,10244.35,10226.6,10227.6,13:25:00,10252.58030025952,3,51
2020-06-25,10263.7,10271.3,10239.25,10239.25,13:30:00,10253.639319282423,3,52
2020-06-25,10286.6,10292.2,10257.6,10263.85,13:35:00,10256.778431731716,3,53
2020-06-25,10313.75,10320.75,10285.95,10286.5,13:40:00,10262.204295376314,3,54
2020-06-25,10337.8,10337.8,10313.15,10313.15,13:45:00,10269.403886292856,3,55
2020-06-25,10331.05,10357.0,10330.45,10339.45,13:50:00,10275.274944741155,3,56
2020-06-25,10314.75,10336.1,10298.95,10330.1,13:55:00,10279.034473813426,3,57
2020-06-25,10319.2,10330.5,10302.95,10313.95,14:00:00,10282.859762021671,3,58
2020-06-25,10324.5,10324.95,10308.65,10319.5,14:05:00,10286.825498971988,3,59
2020-06-25,10343.85,10349.25,10312.35,10324.25,14:10:00,10292.2564038318,3,60
2020-06-25,10337.75,10355.1,10330.05,10343.95,14:15:00,10296.58912727639,3,61
2020-06-25,10351.6,10354.1,10335.45,10338.1,14:20:00,10301.828258011972,3,62
2020-06-25,10337.65,10361.8,10335.15,10351.45,14:25:00,10305.239852487022,3,63
2020-06-25,10343.3,10350.25,10317.15,10338.05,14:30:00,10308.86462844064,3,64
2020-06-25,10343.7,10346.45,10330.45,10342.65,14:35:00,10312.182282874865,3,65
2020-06-25,10332.25,10351.65,10329.85,10343.8,14:40:00,10314.09349402964,3,66
2020-06-25,10299.1,10331.7,10298.85,10331.7,14:45:00,10312.665542217292,3,67
2020-06-25,10312.3,10319.6,10291.0,10298.75,14:50:00,10312.63072867279,3,68
2020-06-25,10315.1,10338.7,10311.05,10312.2,14:55:00,10312.86589737062,3,69
2020-06-25,10304.3,10321.0,10293.4,10316.7,15:00:00,10312.050097621035,3,70
2020-06-25,10295.85,10306.4,10284.95,10304.15,15:05:00,10310.507231180938,3,71
2020-06-25,10284.6,10298.5,10276.35,10294.65,15:10:00,10308.039875830373,3,72
2020-06-25,10278.2,10286.85,10274.3,10285.6,15:15:00,10305.197982894148,3,73
2020-06-25,10281.4,10284.7,10269.25,10278.05,15:20:00,10302.9315083328,3,74
2020-06-25,10285.05,10290.7,10278.15,10279.85,15:25:00,10301.2285075392,3,75
2020-06-26,10367.3,10389.0,10352.95,10379.25,09:15:00,10307.521030630704,4,1
2020-06-26,10360.45,10386.65,10359.4,10369.5,09:20:00,10312.561884856352,4,2
2020-06-26,10392.9,10395.0,10359.85,10359.85,09:25:00,10320.21313391765,4,3
2020-06-26,10387.35,10403.75,10385.4,10393.95,09:30:00,10326.607121163588,4,4
2020-06-26,10370.95,10387.85,10367.2,10387.6,09:35:00,10330.830252481344,4,5
2020-06-26,10382.6,10384.5,10361.45,10371.3,09:40:00,10335.760704625978,4,6
2020-06-26,10371.0,10383.85,10361.6,10383.15,09:45:00,10339.116827994932,4,7
2020-06-26,10390.65,10391.1,10370.7,10370.9,09:50:00,10344.024749138272,4,8
2020-06-26,10380.35,10396.3,10376.15,10389.95,09:55:00,10347.48429683939,4,9
2020-06-26,10389.05,10389.4,10372.25,10380.0,10:00:00,10351.442935235638,4,10
2020-06-26,10398.7,10407.75,10388.85,10389.0,10:05:00,10355.94360807034,4,11
2020-06-26,10384.4,10403.1,10377.5,10399.0,10:10:00,10358.653740635067,4,12
2020-06-26,10347.4,10384.35,10338.15,10383.95,10:15:00,10357.581955812682,4,13
2020-06-26,10344.15,10353.65,10329.6,10347.2,10:20:00,10356.30272192576,4,14
2020-06-26,10340.15,10350.3,10330.35,10344.6,10:25:00,10354.76436745664,4,15
2020-06-26,10354.55,10360.55,10341.95,10342.35,10:30:00,10354.74395150839,4,16
2020-06-26,10343.15,10351.7,10341.6,10351.7,10:35:00,10353.639765650449,4,17
2020-06-26,10346.4,10358.85,10342.95,10343.35,10:40:00,10352.950264159928,4,18
2020-06-26,10324.25,10348.25,10320.65,10346.35,10:45:00,10350.216905668509,4,19
2020-06-26,10334.45,10339.1,10318.05,10324.45,10:50:00,10348.71529560484,4,20
2020-06-26,10347.05,10349.5,10330.7,10334.75,10:55:00,10348.556696023425,4,21
2020-06-26,10365.15,10375.1,10347.05,10347.55,11:00:00,10350.13701068786,4,22
2020-06-26,10358.85,10375.6,10357.8,10365.3,11:05:00,10350.966819193778,4,23
2020-06-26,10369.85,10373.75,10356.9,10358.6,11:10:00,10352.7652173658,4,24
2020-06-26,10366.0,10378.9,10365.35,10369.9,11:15:00,10354.02567285477,4,25
2020-06-26,10355.45,10376.5,10351.65,10365.65,11:20:00,10354.161323059076,4,26
2020-06-26,10362.7,10362.7,10340.75,10355.85,11:25:00,10354.974530386784,4,27
2020-06-26,10359.65,10362.4,10351.15,10362.4,11:30:00,10355.41981320709,4,28
2020-06-26,10358.45,10366.8,10356.05,10360.05,11:35:00,10355.708402425462,4,29
2020-06-26,10352.8,10360.9,10343.3,10358.7,11:40:00,10355.431411718277,4,30
2020-06-26,10361.3,10365.45,10350.05,10352.45,11:45:00,10355.990324887962,4,31
2020-06-26,10357.6,10364.8,10350.9,10361.35,11:50:00,10356.143627279584,4,32
2020-06-26,10358.0,10361.8,10351.95,10357.95,11:55:00,10356.320424681528,4,33
2020-06-26,10371.55,10379.95,10357.75,10358.5,12:00:00,10357.770860426144,4,34
2020-06-26,10361.3,10374.65,10359.4,10372.15,12:05:00,10358.106968956989,4,35
2020-06-26,10373.05,10373.75,10360.45,10361.95,12:10:00,10359.530114770609,4,36
2020-06-26,10371.65,10374.15,10364.2,10371.7,12:15:00,10360.68438955436,4,37
2020-06-26,10379.8,10388.05,10371.9,10371.9,12:20:00,10362.504923882514,4,38
2020-06-26,10356.1,10380.0,10356.1,10379.6,12:25:00,10361.894931131796,4,39
2020-06-26,10362.6,10366.8,10345.45,10356.25,12:30:00,10361.962080547815,4,40
2020-06-26,10360.0,10370.75,10356.45,10361.9,12:35:00,10361.775215733738,4,41
2020-06-26,10335.9,10364.95,10335.15,10360.05,12:40:00,10359.310909473385,4,42
2020-06-26,10339.0,10343.2,10324.35,10336.2,12:45:00,10357.376537142583,4,43
2020-06-26,10340.75,10348.85,10335.3,10339.6,12:50:00,10355.79305741472,4,44
2020-06-26,10347.3,10351.45,10339.3,10340.8,12:55:00,10354.984194803794,4,45
2020-06-26,10344.05,10357.95,10344.05,10347.75,13:00:00,10353.94284291772,4,46
2020-06-26,10336.45,10348.9,10331.0,10345.45,13:05:00,10352.276857877936,4,47
2020-06-26,10350.4,10351.1,10328.5,10335.75,13:10:00,10352.098109508608,4,48
2020-06-26,10355.25,10369.5,10351.8,10351.9,13:15:00,10352.398289555407,4,49
2020-06-26,10348.45,10362.1,10346.45,10355.4,13:20:00,10352.022261978702,4,50
2020-06-26,10344.1,10354.75,10335.15,10350.1,13:25:00,10351.267760837873,4,51
2020-06-26,10328.2,10350.35,10327.05,10344.65,13:30:00,10349.070831234263,4,52
2020-06-26,10324.9,10336.25,10321.25,10328.05,13:35:00,10346.768847307192,4,53
2020-06-26,10329.35,10330.55,10311.25,10325.35,13:40:00,10345.109909468412,4,54
2020-06-26,10338.05,10345.5,10322.35,10329.25,13:45:00,10344.437537138088,4,55
2020-06-26,10336.0,10342.2,10329.75,10337.2,13:50:00,10343.633962172556,4,56
2020-06-26,10330.4,10338.3,10323.55,10336.05,13:55:00,10342.37358482279,4,57
2020-06-26,10334.7,10338.45,10326.3,10330.35,14:00:00,10341.64276722062,4,58
2020-06-26,10351.75,10358.9,10334.55,10334.65,14:05:00,10342.605360818656,4,59
2020-06-26,10345.95,10354.0,10341.25,10352.85,14:10:00,10342.923897883546,4,60
2020-06-26,10352.45,10361.05,10345.9,10346.0,14:15:00,10343.831145704162,4,61
2020-06-26,10376.3,10381.8,10350.15,10352.4,14:20:00,10346.92341754186,4,62
2020-06-26,10373.45,10380.2,10364.75,10375.9,14:25:00,10349.449758728351,4,63
2020-06-26,10361.7,10390.4,10360.0,10373.6,14:30:00,10350.616448373272,4,64
2020-06-26,10354.35,10361.85,10339.6,10361.85,14:35:00,10350.972024718674,4,65
2020-06-26,10356.55,10365.6,10348.25,10355.05,14:40:00,10351.503260459753,4,66
2020-06-26,10354.75,10363.2,10350.2,10357.05,14:45:00,10351.8124737493,4,67
2020-06-26,10352.25,10359.65,10349.25,10354.4,14:50:00,10351.854142916032,4,68
2020-06-26,10353.45,10353.45,10338.95,10351.8,14:55:00,10352.00612930498,4,69
2020-06-26,10378.5,10379.35,10352.8,10353.2,15:00:00,10354.52935508546,4,70
2020-06-26,10368.05,10382.45,10362.6,10378.7,15:05:00,10355.81703555351,4,71
2020-06-26,10379.3,10379.7,10359.8,10368.55,15:10:00,10358.053508357938,4,72
2020-06-26,10394.05,10394.6,10378.8,10379.75,15:15:00,10361.481745657182,4,73
2020-06-26,10397.65,10409.85,10385.9,10393.25,15:20:00,10364.92634130888,4,74
2020-06-26,10400.25,10403.65,10397.35,10398.2,15:25:00,10368.290499279465,4,75
2020-06-29,10312.95,10325.9,10290.7,10308.15,09:15:00,10363.019975538562,0,1
2020-06-29,10293.25,10312.05,10282.15,10312.05,09:20:00,10356.37521596346,0,2
2020-06-29,10302.55,10316.5,10285.85,10292.4,09:25:00,10351.249004919322,0,3
2020-06-29,10310.3,10312.9,10282.1,10303.0,09:30:00,10347.34909968891,0,4
2020-06-29,10294.7,10314.35,10291.3,10310.15,09:35:00,10342.33489971854,0,5
2020-06-29,10267.05,10293.8,10264.85,10293.8,09:40:00,10335.164909269151,0,6
2020-06-29,10253.0,10267.95,10249.3,10264.9,09:45:00,10327.339679814948,0,7
2020-06-29,10255.7,10266.6,10250.9,10255.35,09:50:00,10320.516853165906,0,8
2020-06-29,10253.5,10263.75,10253.5,10255.35,09:55:00,10314.134295721533,0,9
2020-06-29,10240.25,10253.85,10235.65,10253.1,10:00:00,10307.097696129003,0,10
2020-06-29,10247.25,10254.5,10230.85,10240.05,10:05:00,10301.397915545287,0,11
2020-06-29,10242.2,10253.65,10236.4,10247.3,10:10:00,10295.760018826692,0,12
2020-06-29,10248.2,10248.75,10231.7,10241.45,10:15:00,10291.23049322415,0,13
2020-06-29,10246.4,10255.7,10241.4,10248.0,10:20:00,10286.960922440898,0,14
2020-06-29,10264.2,10268.55,10246.7,10246.7,10:25:00,10284.793215541764,0,15
2020-06-29,10259.15,10274.9,10258.05,10264.55,10:30:00,10282.351004537786,0,16
2020-06-29,10268.1,10274.55,10254.9,10258.2,10:35:00,10280.993766010375,0,17
2020-06-29,10276.25,10277.5,10266.65,10267.35,10:40:00,10280.541978771293,0,18
2020-06-29,10252.9,10277.3,10251.95,10275.85,10:45:00,10277.909409364504,0,19
2020-06-29,10250.85,10259.3,10246.65,10252.7,10:50:00,10275.33232275836,0,20
2020-06-29,10267.5,10269.05,10250.1,10250.75,10:55:00,10274.586387257565,0,21
2020-06-29,10260.55,10277.55,10259.65,10268.65,11:00:00,10273.249588471132,0,22
2020-06-29,10257.15,10261.25,10254.3,10260.75,11:05:00,10271.716294331023,0,23
2020-06-29,10255.9,10257.25,10248.05,10256.9,11:10:00,10270.209980585212,0,24
2020-06-29,10248.7,10259.9,10248.7,10256.15,11:15:00,10268.161411005667,0,25
2020-06-29,10238.05,10253.15,10234.35,10248.85,11:20:00,10265.293657576556,0,26
2020-06-29,10234.95,10242.15,10226.85,10238.3,11:25:00,10262.403785426408,0,27
2020-06-29,10235.65,10235.95,10223.6,10234.25,11:30:00,10259.85580586199,0,28
2020-06-29,10243.65,10243.95,10228.35,10234.75,11:35:00,10258.312395779896,0,29
2020-06-29,10240.3,10247.1,10233.4,10243.55,11:40:00,10256.596929515144,0,30
2020-06-29,10249.1,10253.6,10237.85,10239.8,11:45:00,10255.882936227988,0,31
2020-06-29,10249.15,10249.7,10239.9,10249.2,11:50:00,10255.241704206275,0,32
2020-06-29,10250.75,10259.3,10249.4,10250.05,11:55:00,10254.813922853296,0,33
2020-06-29,10249.3,10252.9,10245.6,10250.05,12:00:00,10254.28878734346,0,34
2020-06-29,10244.75,10252.3,10237.85,10249.45,12:05:00,10253.380331405988,0,35
2020-06-29,10253.95,10254.9,10242.2,10244.6,12:10:00,10253.4345855578,0,36
2020-06-29,10257.65,10265.1,10254.1,10254.1,12:15:00,10253.836053599913,0,37
2020-06-29,10265.3,10267.6,10257.4,10257.4,12:20:00,10254.927858018968,0,38
2020-06-29,10259.8,10269.7,10259.5,10265.65,12:25:00,10255.39187154097,0,39
2020-06-29,10281.4,10299.55,10259.5,10259.5,12:30:00,10257.868836156116,0,40
2020-06-29,10295.1,10298.15,10282.25,10282.25,12:35:00,10261.414661284103,0,41
2020-06-29,10306.0,10306.45,10290.35,10295.2,12:40:00,10265.660884018953,0,42
2020-06-29,10296.5,10312.55,10293.1,10306.35,12:45:00,10268.597942683811,0,43
2020-06-29,10307.1,10307.75,10294.95,10296.25,12:50:00,10272.264805285356,0,44
2020-06-29,10303.75,10307.0,10298.45,10305.3,12:55:00,10275.263395258176,0,45
2020-06-29,10303.1,10313.25,10302.45,10303.8,13:00:00,10277.914500471685,0,46
2020-06-29,10298.75,10303.8,10292.6,10302.85,13:05:00,10279.898833760097,0,47
2020-06-29,10278.45,10298.3,10276.15,10298.3,13:10:00,10279.760849592469,0,48
2020-06-29,10266.2,10280.2,10264.8,10278.5,13:15:00,10278.469340107473,0,49
2020-06-29,10276.8,10277.4,10266.1,10266.1,13:20:00,10278.31035533533,0,50
2020-06-29,10285.35,10293.15,10275.9,10276.75,13:25:00,10278.980797684346,0,51
2020-06-29,10279.35,10287.65,10279.1,10285.75,13:30:00,10279.015959809649,0,52
2020-06-29,10266.05,10279.3,10264.5,10279.05,13:35:00,10277.781106494444,0,53
2020-06-29,10255.55,10272.0,10248.65,10267.7,13:40:00,10275.663858256878,0,54
2020-06-29,10261.4,10265.85,10250.3,10255.45,13:45:00,10274.305395565749,0,55
2020-06-29,10259.45,10268.7,10259.15,10260.55,13:50:00,10272.890595988058,0,56
2020-06-29,10272.15,10274.5,10258.7,10259.35,13:55:00,10272.820063036814,0,57
2020-06-29,10275.45,10281.75,10265.1,10272.8,14:00:00,10273.070533223785,0,58
2020-06-29,10285.1,10292.05,10275.4,10275.5,14:05:00,10274.216196726282,0,59
2020-06-29,10275.9,10288.0,10275.45,10285.35,14:10:00,10274.376558942826,0,60
2020-06-29,10268.1,10283.35,10267.55,10275.7,14:15:00,10273.778791424462,0,61
2020-06-29,10280.3,10286.15,10268.25,10268.3,14:20:00,10274.399858907847,0,62
2020-06-29,10299.55,10299.55,10271.75,10280.65,14:25:00,10276.795110440433,0,63
2020-06-29,10299.1,10310.65,10293.1,10299.3,14:30:00,10278.919385636582,0,64
2020-06-29,10290.05,10307.15,10282.65,10299.3,14:35:00,10279.979444147384,0,65
2020-06-29,10297.3,10300.75,10290.0,10290.0,14:40:00,10281.629020895252,0,66
2020-06-29,10291.55,10307.35,10285.45,10297.15,14:45:00,10282.573876048084,0,67
2020-06-29,10278.35,10293.8,10275.85,10291.85,14:50:00,10282.171602138744,0,68
2020-06-29,10273.45,10278.4,10266.65,10278.4,14:55:00,10281.340973363624,0,69
2020-06-29,10291.9,10298.05,10268.55,10274.2,15:00:00,10282.34659494804,0,70
2020-06-29,10306.2,10313.3,10290.95,10291.95,15:05:00,10284.618347810132,0,71
2020-06-29,10326.05,10326.95,10302.4,10305.95,15:10:00,10288.564219447262,0,72
2020-06-29,10333.3,10333.6,10318.7,10325.8,15:15:00,10292.824769976094,0,73
2020-06-29,10314.35,10337.95,10313.9,10333.7,15:20:00,10294.874791883134,0,74
2020-06-29,10315.2,10320.2,10312.6,10314.3,15:25:00,10296.810525989502,0,75
2020-06-30,10384.3,10394.15,10370.95,10376.4,09:15:00,10305.142856847646,1,1
2020-06-30,10376.5,10390.95,10365.35,10384.7,09:20:00,10311.938775243108,1,2
2020-06-30,10387.75,10390.65,10374.95,10374.95,09:25:00,10319.158891886622,1,3
2020-06-30,10392.45,10401.05,10388.4,10388.4,09:30:00,10326.138997421229,1,4
2020-06-30,10397.3,10400.35,10379.95,10392.0,09:35:00,10332.916235762064,1,5
2020-06-30,10379.45,10397.25,10377.85,10396.95,09:40:00,10337.348022832344,1,6
2020-06-30,10381.95,10387.35,10372.7,10380.45,09:45:00,10341.595830181644,1,7
2020-06-30,10382.8,10385.15,10375.75,10381.3,09:50:00,10345.520036831012,1,8
2020-06-30,10370.85,10387.0,10366.15,10382.6,09:55:00,10347.93241427568,1,9
2020-06-30,10374.75,10376.4,10368.35,10371.35,10:00:00,10350.48647005895,1,10
2020-06-30,10377.25,10378.4,10366.25,10374.4,10:05:00,10353.035377672382,1,11
2020-06-30,10384.45,10385.95,10376.35,10377.9,10:10:00,10356.027246465488,1,12
2020-06-30,10361.6,10389.9,10358.85,10384.8,10:15:00,10356.557984897348,1,13
2020-06-30,10361.5,10366.0,10354.5,10361.1,10:20:00,10357.02865300236,1,14
2020-06-30,10355.55,10370.55,10353.65,10361.0,10:25:00,10356.887828906898,1,15
2020-06-30,10365.3,10365.3,10347.15,10355.4,10:30:00,10357.688988058622,1,16
2020-06-30,10370.35,10374.0,10364.15,10365.5,10:35:00,10358.894798719706,1,17
2020-06-30,10379.8,10379.8,10364.85,10369.6,10:40:00,10360.88577027021,1,18
2020-06-30,10381.1,10383.45,10376.1,10379.45,10:45:00,10362.81093500638,1,19
2020-06-30,10384.85,10386.7,10379.55,10381.85,10:50:00,10364.909893577202,1,20
2020-06-30,10374.6,10385.15,10373.75,10384.8,10:55:00,10365.832760855565,1,21
2020-06-30,10376.6,10381.1,10370.7,10374.15,11:00:00,10366.858212202653,1,22
2020-06-30,10365.05,10381.55,10365.05,10376.35,11:05:00,10366.686001516686,1,23
2020-06-30,10368.5,10368.7,10361.1,10363.95,11:10:00,10366.858763277,1,24
2020-06-30,10378.75,10378.75,10366.45,10367.55,11:15:00,10367.991262012523,1,25
2020-06-30,10372.1,10378.85,10367.55,10378.85,11:20:00,10368.382570392285,1,26
2020-06-30,10358.6,10372.35,10353.7,10372.35,11:25:00,10367.45089702159,1,27
2020-06-30,10364.9,10368.75,10357.9,10358.9,11:30:00,10367.207954448106,1,28
2020-06-30,10354.1,10369.25,10351.05,10364.0,11:35:00,10365.959577834,1,29
2020-06-30,10352.8,10354.7,10345.45,10353.9,11:40:00,10364.706284706954,1,30
2020-06-30,10339.9,10352.95,10335.15,10352.95,11:45:00,10362.343781401529,1,31
2020-06-30,10335.85,10348.6,10333.85,10340.0,11:50:00,10359.820564125192,1,32
2020-06-30,10344.75,10348.95,10336.25,10336.25,11:55:00,10358.385272303747,1,33
2020-06-30,10355.15,10358.3,10344.9,10345.1,12:00:00,10358.077151131962,1,34
2020-06-30,10349.65,10356.35,10346.85,10354.5,12:05:00,10357.27456530987,1,35
2020-06-30,10349.55,10350.35,10342.05,10350.05,12:10:00,10356.538892423216,1,36
2020-06-30,10340.5,10350.55,10339.75,10349.35,12:15:00,10355.0113788591,1,37
2020-06-30,10357.05,10358.25,10340.05,10340.2,12:20:00,10355.205533253473,1,38
2020-06-30,10357.95,10364.15,10357.3,10357.5,12:25:00,10355.466911038857,1,39
2020-06-30,10365.1,10373.25,10357.25,10358.15,12:30:00,10356.384348082773,1,40
2020-06-30,10352.15,10365.45,10347.65,10365.45,12:35:00,10355.981076836792,1,41
2020-06-30,10345.45,10353.25,10339.35,10351.85,12:40:00,10354.978117138053,1,42
2020-06-30,10360.55,10363.2,10343.65,10346.2,12:45:00,10355.508772648713,1,43
2020-06-30,10361.35,10363.35,10355.2,10361.9,12:50:00,10356.065080015502,1,44
2020-06-30,10361.9,10366.1,10358.95,10361.0,12:55:00,10356.620786680693,1,45
2020-06-30,10358.85,10365.45,10351.95,10362.05,13:00:00,10356.833092711102,1,46
2020-06-30,10369.4,10374.6,10356.25,10358.95,13:05:00,10358.02994102433,1,47
2020-06-30,10368.3,10372.4,10367.2,10369.1,13:10:00,10359.008041879157,1,48
2020-06-30,10371.75,10377.05,10362.3,10368.55,13:15:00,10360.22156170019,1,49
2020-06-30,10382.1,10382.9,10371.35,10372.05,13:20:00,10362.305222490648,1,50
2020-06-30,10372.75,10385.2,10370.75,10381.35,13:25:00,10363.299963205824,1,51
2020-06-30,10380.0,10381.5,10370.5,10374.5,13:30:00,10364.890442900509,1,52
2020-06-30,10365.4,10381.65,10362.95,10379.8,13:35:00,10364.938972148078,1,53
2020-06-30,10375.55,10375.55,10360.5,10365.45,13:40:00,10365.949546229214,1,54
2020-06-30,10375.45,10378.15,10371.95,10376.5,13:45:00,10366.85435135024,1,55
2020-06-30,10359.25,10376.15,10350.85,10375.8,13:50:00,10366.130127412123,1,56
2020-06-30,10367.55,10368.05,10356.75,10358.85,13:55:00,10366.265353372874,1,57
2020-06-30,10362.4,10371.95,10362.4,10367.65,14:00:00,10365.89722448022,1,58
2020-06-30,10368.0,10374.0,10359.45,10361.8,14:05:00,10366.097488815436,1,59
2020-06-30,10361.2,10368.45,10356.5,10368.1,14:10:00,10365.631061309205,1,60
2020-06-30,10320.15,10361.55,10316.4,10361.45,14:15:00,10361.299531660708,1,61
2020-06-30,10311.9,10323.25,10298.1,10320.3,14:20:00,10356.594814359689,1,62
2020-06-30,10286.9,10310.6,10286.45,10310.3,14:25:00,10349.957212992098,1,63
2020-06-30,10272.8,10303.8,10269.45,10286.15,14:30:00,10342.608906992851,1,64
2020-06-30,10284.2,10288.05,10267.35,10273.3,14:35:00,10337.046153945914,1,65
2020-06-30,10299.65,10302.15,10282.75,10283.35,14:40:00,10333.484615474874,1,66
2020-06-30,10302.45,10320.4,10296.2,10299.0,14:45:00,10330.5289378106,1,67
2020-06-30,10312.35,10318.9,10299.15,10302.15,14:50:00,10328.797610400066,1,68
2020-06-30,10301.1,10318.9,10295.9,10311.65,14:55:00,10326.159742742915,1,69
2020-06-30,10295.95,10312.9,10290.8,10300.95,15:00:00,10323.28262438645,1,70
2020-06-30,10301.4,10305.15,10295.05,10295.65,15:05:00,10321.198564921076,1,71
2020-06-30,10301.85,10301.85,10291.3,10301.2,15:10:00,10319.3558444524,1,72
2020-06-30,10306.6,10309.45,10299.35,10301.9,15:15:00,10318.1410021236,1,73
2020-06-30,10308.6,10310.95,10292.3,10306.5,15:20:00,10317.232335254686,1,74
2020-06-30,10307.2,10312.85,10303.75,10309.35,15:25:00,10316.27687475424,1,75
2020-07-01,10326.85,10336.9,10299.75,10316.4,09:15:00,10318.194902009704,2,1
2020-07-01,10307.2,10327.75,10299.6,10327.25,09:20:00,10317.14776848497,2,2
2020-07-01,10338.4,10343.25,10305.45,10306.9,09:25:00,10319.17179053402,2,3
2020-07-01,10344.65,10355.85,10338.1,10338.1,09:30:00,10321.59828667364,2,4
2020-07-01,10339.85,10352.85,10336.6,10345.5,09:35:00,10323.336545085676,2,5
2020-07-01,10328.4,10345.6,10327.45,10341.0,09:40:00,10323.818778887038,2,6
2020-07-01,10336.85,10340.2,10329.35,10329.35,09:45:00,10325.059847564464,2,7
2020-07-01,10350.25,10351.65,10334.0,10336.7,09:50:00,10327.45890970118,2,8
2020-07-01,10359.2,10359.35,10344.65,10350.5,09:55:00,10330.481870682022,2,9
2020-07-01,10352.6,10363.4,10350.05,10358.9,10:00:00,10332.588359188498,2,10
2020-07-01,10349.05,10352.65,10342.45,10352.65,10:05:00,10334.15613450388,2,11
2020-07-01,10350.5,10359.45,10348.45,10349.2,10:10:00,10335.712693122558,2,12
2020-07-01,10343.45,10350.35,10337.35,10350.35,10:15:00,10336.449579491838,2,13
2020-07-01,10337.9,10348.7,10333.65,10343.55,10:20:00,10336.587714778329,2,14
2020-07-01,10336.7,10339.95,10331.6,10337.75,10:25:00,10336.598408608965,2,15
2020-07-01,10337.6,10337.6,10328.3,10336.5,10:30:00,10336.693798265253,2,16
2020-07-01,10342.65,10347.85,10337.8,10338.2,10:35:00,10337.261055573324,2,17
2020-07-01,10330.75,10343.15,10324.7,10343.15,10:40:00,10336.640955042532,2,18
2020-07-01,10325.45,10330.75,10318.55,10330.35,10:45:00,10335.575149800386,2,19
2020-07-01,10323.3,10331.7,10322.3,10325.5,10:50:00,10334.406087914636,2,20
2020-07-01,10335.45,10336.95,10322.85,10323.0,10:55:00,10334.50550811324,2,21
2020-07-01,10343.8,10344.85,10335.35,10335.75,11:00:00,10335.390697816742,2,22
2020-07-01,10344.05,10350.5,10342.0,10343.35,11:05:00,10336.215393262766,2,23
2020-07-01,10336.95,10345.05,10336.6,10343.75,11:10:00,10336.28535580917,2,24
2020-07-01,10334.7,10340.45,10329.8,10336.4,11:15:00,10336.13436954163,2,25
2020-07-01,10342.0,10342.0,10332.7,10333.95,11:20:00,10336.693001013857,2,26
2020-07-01,10361.45,10372.55,10341.65,10341.7,11:25:00,10339.050810441107,2,27
2020-07-01,10355.25,10365.8,10352.1,10361.9,11:30:00,10340.593590399098,2,28
2020-07-01,10361.3,10361.75,10351.9,10356.1,11:35:00,10342.565629408708,2,29
2020-07-01,10362.4,10370.3,10361.25,10361.8,11:40:00,10344.454617084068,2,30
2020-07-01,10357.45,10364.55,10354.0,10362.15,11:45:00,10345.69227259987,2,31
2020-07-01,10364.25,10365.95,10356.55,10357.5,11:50:00,10347.459675209408,2,32
2020-07-01,10370.0,10371.75,10361.2,10364.15,11:55:00,10349.606372808512,2,33
2020-07-01,10365.95,10368.75,10358.4,10368.05,12:00:00,10351.16290873151,2,34
2020-07-01,10380.65,10381.45,10365.35,10366.1,12:05:00,10353.971203138031,2,35
2020-07-01,10387.8,10391.25,10377.05,10380.3,12:10:00,10357.192993315362,2,36
2020-07-01,10394.2,10400.85,10386.75,10389.0,12:15:00,10360.71747014247,2,37
2020-07-01,10396.75,10407.75,10393.65,10393.65,12:20:00,10364.14913965271,2,38
2020-07-01,10384.8,10398.75,10383.75,10395.9,12:25:00,10366.115888257214,2,39
2020-07-01,10394.6,10397.35,10379.3,10385.0,12:30:00,10368.828660804147,2,40
2020-07-01,10396.7,10401.8,10394.55,10394.75,12:35:00,10371.483074060894,2,41
2020-07-01,10398.4,10399.95,10389.45,10396.45,12:40:00,10374.046590817,2,42
2020-07-01,10414.3,10421.3,10399.1,10399.2,12:45:00,10377.88024883443,2,43
2020-07-01,10422.9,10430.3,10411.15,10414.95,12:50:00,10382.167844183532,2,44
2020-07-01,10429.85,10431.15,10416.85,10422.7,12:55:00,10386.70900188034,2,45
2020-07-01,10420.5,10434.35,10416.65,10430.3,13:00:00,10389.927192177449,2,46
2020-07-01,10416.65,10427.65,10416.65,10420.65,13:05:00,10392.47222149388,2,47
2020-07-01,10422.05,10422.05,10409.1,10416.6,13:10:00,10395.289152780178,2,48
2020-07-01,10413.5,10425.3,10411.5,10422.55,13:15:00,10397.023519182068,2,49
2020-07-01,10418.45,10418.55,10408.9,10413.25,13:20:00,10399.064136402823,2,50
2020-07-01,10437.15,10438.8,10418.15,10418.8,13:25:00,10402.691361507315,2,51
2020-07-01,10436.35,10440.45,10430.75,10437.25,13:30:00,10405.896946125667,2,52
2020-07-01,10439.3,10446.9,10435.95,10435.95,13:35:00,10409.078189351794,2,53
2020-07-01,10429.1,10442.75,10429.1,10438.7,13:40:00,10410.985028461148,2,54
2020-07-01,10408.55,10429.2,10399.05,10429.2,13:45:00,10410.753120988657,2,55
2020-07-01,10412.75,10416.55,10402.2,10408.25,13:50:00,10410.94329994212,2,56
2020-07-01,10421.1,10424.65,10413.35,10413.4,13:55:00,10411.910604709536,2,57
2020-07-01,10431.65,10437.85,10417.95,10420.85,14:00:00,10413.790547118151,2,58
2020-07-01,10429.15,10438.35,10426.15,10431.35,14:05:00,10415.253352154516,2,59
2020-07-01,10432.65,10433.95,10427.75,10428.85,14:10:00,10416.91017575885,2,60
2020-07-01,10433.6,10442.25,10428.95,10433.0,14:15:00,10418.499682829435,2,61
2020-07-01,10433.2,10434.8,10419.15,10434.25,14:20:00,10419.899713036157,2,62
2020-07-01,10434.05,10439.1,10428.15,10433.35,14:25:00,10421.247359413665,2,63
2020-07-01,10426.3,10434.45,10415.6,10434.3,14:30:00,10421.72856327903,2,64
2020-07-01,10420.0,10436.4,10417.65,10426.5,14:35:00,10421.563938204836,2,65
2020-07-01,10421.45,10430.0,10415.9,10420.45,14:40:00,10421.553086947231,2,66
2020-07-01,10399.3,10421.2,10398.15,10421.2,14:45:00,10419.433745333208,2,67
2020-07-01,10417.4,10420.25,10399.05,10399.75,14:50:00,10419.240055301474,2,68
2020-07-01,10429.15,10434.25,10411.6,10416.4,14:55:00,10420.183859558476,2,69
2020-07-01,10440.45,10442.5,10428.0,10429.35,15:00:00,10422.113968171956,2,70
2020-07-01,10445.2,10445.2,10434.0,10440.85,15:05:00,10424.312637869863,2,71
2020-07-01,10436.4,10447.05,10432.7,10447.0,15:10:00,10425.463815215591,2,72
2020-07-01,10420.65,10437.5,10418.55,10437.5,15:15:00,10425.005356623633,2,73
2020-07-01,10416.65,10431.15,10414.05,10419.65,15:20:00,10424.209608373762,2,74
2020-07-01,10418.85,10421.85,10413.0,10416.55,15:25:00,10423.699169481022,2,75
2020-07-02,10512.6,10517.95,10485.55,10486.7,09:15:00,10432.165915244736,3,1
2020-07-02,10510.35,10520.45,10502.35,10512.9,09:20:00,10439.61201855476,3,2
2020-07-02,10512.8,10518.5,10510.0,10510.2,09:25:00,10446.582302501927,3,3
2020-07-02,10511.9,10515.75,10501.6,10511.0,09:30:00,10452.803035596982,3,4
2020-07-02,10529.9,10531.25,10504.95,10510.9,09:35:00,10460.145603635365,3,5
2020-07-02,10533.4,10538.35,10525.8,10530.6,09:40:00,10467.122212812948,3,6
2020-07-02,10536.75,10545.3,10530.55,10533.2,09:45:00,10473.753430640289,3,7
2020-07-02,10531.5,10538.5,10527.2,10536.4,09:50:00,10479.25310391264,3,8
2020-07-02,10523.75,10536.4,10518.4,10531.45,09:55:00,10483.490903540009,3,9
2020-07-02,10520.3,10530.95,10516.45,10524.2,10:00:00,10486.996531774294,3,10
2020-07-02,10526.4,10532.8,10516.3,10520.55,10:05:00,10490.749243033884,3,11
2020-07-02,10533.6,10534.35,10526.1,10527.25,10:10:00,10494.830267506848,3,12
2020-07-02,10513.8,10539.9,10512.8,10533.55,10:15:00,10496.636908696672,3,13
2020-07-02,10507.45,10518.35,10503.6,10513.0,10:20:00,10497.666726916035,3,14
2020-07-02,10511.0,10527.3,10503.6,10508.0,10:25:00,10498.936562447843,3,15
2020-07-02,10520.95,10525.4,10509.0,10510.6,10:30:00,10501.033080309951,3,16
2020-07-02,10513.85,10522.9,10507.1,10520.55,10:35:00,10502.253739328056,3,17
2020-07-02,10512.75,10515.4,10504.15,10514.15,10:40:00,10503.253383201574,3,18
2020-07-02,10522.6,10527.3,10510.6,10513.15,10:45:00,10505.095918134755,3,19
2020-07-02,10524.2,10524.25,10518.5,10523.4,10:50:00,10506.915354502877,3,20
2020-07-02,10520.85,10529.45,10520.0,10524.35,10:55:00,10508.24246359784,3,21
2020-07-02,10519.25,10522.3,10513.65,10520.55,11:00:00,10509.290800398045,3,22
2020-07-02,10509.3,10527.2,10509.15,10520.0,11:05:00,10509.291676550612,3,23
2020-07-02,10505.1,10510.0,10491.95,10509.65,11:10:00,10508.892469260078,3,24
2020-07-02,10509.4,10514.9,10503.6,10505.15,11:15:00,10508.940805521022,3,25
2020-07-02,10504.15,10511.9,10503.5,10509.0,11:20:00,10508.484538328545,3,26
2020-07-02,10501.6,10504.35,10491.15,10503.65,11:25:00,10507.82886801154,3,27
2020-07-02,10512.35,10513.1,10501.3,10501.45,11:30:00,10508.25945201044,3,28
2020-07-02,10533.3,10535.0,10512.6,10512.6,11:35:00,10510.644266104684,3,29
2020-07-02,10534.85,10537.05,10526.7,10533.45,11:40:00,10512.949574094717,3,30
2020-07-02,10528.45,10538.65,10523.2,10535.85,11:45:00,10514.425805133314,3,31
2020-07-02,10524.55,10534.95,10524.5,10528.35,11:50:00,10515.390014168235,3,32
2020-07-02,10537.0,10538.9,10524.65,10524.95,11:55:00,10517.448108056977,3,33
2020-07-02,10542.1,10545.35,10531.75,10538.2,12:00:00,10519.795907289645,3,34
2020-07-02,10559.0,10560.35,10542.3,10542.3,12:05:00,10523.529630404915,3,35
2020-07-02,10556.6,10559.5,10550.7,10559.5,12:10:00,10526.679189413971,3,36
2020-07-02,10545.6,10560.75,10541.25,10557.5,12:15:00,10528.481171374548,3,37
2020-07-02,10551.05,10555.6,10544.65,10545.45,12:20:00,10530.63058362459,3,38
2020-07-02,10552.1,10552.9,10546.15,10551.95,12:25:00,10532.67528994606,3,39
2020-07-02,10546.25,10558.6,10546.25,10552.6,12:30:00,10533.968119475005,3,40
2020-07-02,10551.95,10552.6,10542.35,10544.45,12:35:00,10535.680679525003,3,41
2020-07-02,10567.1,10567.7,10551.95,10552.2,12:40:00,10538.67299576072,3,42
2020-07-02,10561.65,10574.15,10559.4,10567.85,12:45:00,10540.861281878746,3,43
2020-07-02,10559.4,10565.5,10555.85,10562.25,12:50:00,10542.62687408077,3,44
2020-07-02,10567.85,10568.7,10556.25,10560.5,12:55:00,10545.029076549268,3,45
2020-07-02,10555.5,10572.05,10551.05,10567.9,13:00:00,10546.0263073541,3,46
2020-07-02,10557.05,10558.55,10542.75,10554.75,13:05:00,10547.076182844185,3,47
2020-07-02,10561.4,10561.65,10551.65,10557.0,13:10:00,10548.440355906643,3,48
2020-07-02,10563.6,10567.7,10562.5,10562.65,13:15:00,10549.884131534582,3,49
2020-07-02,10565.9,10567.7,10559.55,10563.35,13:20:00,10551.409452340811,3,50
2020-07-02,10565.5,10570.45,10558.55,10565.8,13:25:00,10552.751409260734,3,51
2020-07-02,10564.7,10566.75,10562.05,10565.4,13:30:00,10553.88937028352,3,52
2020-07-02,10563.85,10564.45,10551.7,10564.45,13:35:00,10554.838001685092,3,53
2020-07-02,10570.45,10576.55,10563.8,10564.45,13:40:00,10556.324858667464,3,54
2020-07-02,10583.25,10589.45,10570.55,10570.9,13:45:00,10558.88915784199,3,55
2020-07-02,10588.6,10590.55,10580.25,10584.0,13:50:00,10561.71876185704,3,56
2020-07-02,10590.6,10593.95,10587.1,10587.9,13:55:00,10564.469355965892,3,57
2020-07-02,10577.75,10598.2,10575.25,10590.95,14:00:00,10565.734179207237,3,58
2020-07-02,10588.95,10591.3,10578.85,10578.95,14:05:00,10567.945209758927,3,59
2020-07-02,10593.1,10593.9,10581.8,10589.15,14:10:00,10570.340904067602,3,60
2020-07-02,10586.35,10595.3,10586.25,10592.95,14:15:00,10571.865579870688,3,61
2020-07-02,10580.7,10590.4,10580.7,10586.5,14:20:00,10572.706953216337,3,62
2020-07-02,10586.3,10589.3,10579.15,10581.45,14:25:00,10574.001529100497,3,63
2020-07-02,10572.85,10588.55,10563.65,10585.7,14:30:00,10573.891859662355,3,64
2020-07-02,10570.25,10576.05,10568.25,10572.3,14:35:00,10573.545015884987,3,65
2020-07-02,10565.35,10578.3,10563.3,10569.95,14:40:00,10572.764538181656,3,66
2020-07-02,10568.25,10569.2,10552.25,10565.8,14:45:00,10572.334582164356,3,67
2020-07-02,10563.4,10572.05,10562.3,10568.3,14:50:00,10571.483669577274,3,68
2020-07-02,10556.5,10568.0,10555.5,10563.45,14:55:00,10570.056653427057,3,69
2020-07-02,10548.1,10563.55,10548.1,10556.25,15:00:00,10567.965543576862,3,70
2020-07-02,10559.2,10560.6,10543.65,10549.2,15:05:00,10567.130729902874,3,71
2020-07-02,10546.55,10562.05,10546.1,10559.15,15:10:00,10565.170660388314,3,72
2020-07-02,10545.75,10547.2,10539.6,10546.75,15:15:00,10563.321073684663,3,73
2020-07-02,10552.45,10558.85,10544.55,10547.0,15:20:00,10562.285733333743,3,74
2020-07-02,10562.0,10564.95,10552.35,10552.95,15:25:00,10562.258520635292,3,75
2020-07-03,10597.75,10628.55,10595.9,10609.1,09:15:00,10565.638661527168,4,1
2020-07-03,10619.7,10621.75,10590.8,10599.5,09:20:00,10570.787360429342,4,2
2020-07-03,10602.65,10623.45,10602.35,10620.55,09:25:00,10573.821897531308,4,3
2020-07-03,10591.65,10614.0,10587.0,10602.8,09:30:00,10575.519812052136,4,4
2020-07-03,10586.25,10595.4,10580.2,10590.85,09:35:00,10576.54173471384,4,5
2020-07-03,10574.75,10585.9,10573.0,10585.5,09:40:00,10576.371093312522,4,6
2020-07-03,10590.55,10592.7,10564.9,10571.8,09:45:00,10577.721465377996,4,7
2020-07-03,10586.75,10600.3,10582.65,10590.6,09:50:00,10578.581325818186,4,8
2020-07-03,10597.6,10597.6,10583.15,10587.3,09:55:00,10580.392628121215,4,9
2020-07-03,10595.8,10604.9,10585.6,10596.95,10:00:00,10581.859996871575,4,10
2020-07-03,10590.1,10604.2,10590.1,10596.15,10:05:00,10582.644759074285,4,11
2020-07-03,10597.15,10600.2,10586.15,10588.95,10:10:00,10584.026210591015,4,12
2020-07-03,10595.5,10597.6,10585.4,10597.6,10:15:00,10585.118952439492,4,13
2020-07-03,10596.75,10603.9,10594.25,10594.95,10:20:00,10586.22667125478,4,14
2020-07-03,10600.3,10605.55,10596.15,10597.1,10:25:00,10587.566988278131,4,15
2020-07-03,10606.9,10610.9,10600.05,10600.8,10:30:00,10589.40822748974,4,16
2020-07-03,10599.6,10606.7,10598.05,10605.75,10:35:00,10590.378872490715,4,17
2020-07-03,10594.55,10599.6,10590.2,10599.15,10:40:00,10590.776122729696,4,18
2020-07-03,10610.3,10610.95,10593.6,10594.05,10:45:00,10592.635539612582,4,19
2020-07-03,10599.8,10609.9,10597.0,10609.75,10:50:00,10593.317869173288,4,20
2020-07-03,10606.6,10607.15,10594.3,10600.35,10:55:00,10594.582834013929,4,21
2020-07-03,10606.4,10606.4,10601.05,10606.35,11:00:00,10595.708278393551,4,22
2020-07-03,10588.35,10606.65,10585.85,10606.1,11:05:00,10595.007489975118,4,23
2020-07-03,10588.95,10592.35,10578.45,10588.0,11:10:00,10594.430586167964,4,24
2020-07-03,10587.9,10591.35,10581.7,10589.2,11:15:00,10593.80862558054,4,25
2020-07-03,10591.65,10596.3,10587.75,10587.8,11:20:00,10593.603042191917,4,26
2020-07-03,10595.8,10598.35,10589.75,10592.55,11:25:00,10593.812276268876,4,27
2020-07-03,10598.95,10603.0,10596.05,10596.3,11:30:00,10594.301583290888,4,28
2020-07-03,10609.85,10609.85,10595.25,10597.95,11:35:00,10595.782384882232,4,29
2020-07-03,10615.6,10617.0,10604.9,10608.85,11:40:00,10597.66977679821,4,30
2020-07-03,10618.25,10622.65,10613.45,10616.65,11:45:00,10599.629798055525,4,31
2020-07-03,10621.75,10629.0,10618.95,10619.35,11:50:00,10601.736483954995,4,32
2020-07-03,10622.7,10624.35,10616.8,10622.65,11:55:00,10603.733009292617,4,33
2020-07-03,10619.05,10631.3,10619.05,10623.9,12:00:00,10605.191770312367,4,34
2020-07-03,10618.9,10620.4,10615.6,10619.2,12:05:00,10606.497315996909,4,35
2020-07-03,10614.35,10625.0,10609.1,10619.9,12:10:00,10607.245190663867,4,36
2020-07-03,10620.2,10621.1,10612.1,10614.95,12:15:00,10608.478982029214,4,37
2020-07-03,10617.95,10626.85,10617.7,10620.3,12:20:00,10609.380983740715,4,38
2020-07-03,10617.95,10619.85,10614.2,10618.05,12:25:00,10610.197080527316,4,39
2020-07-03,10614.45,10627.1,10614.35,10618.8,12:30:00,10610.602120477097,4,40
2020-07-03,10611.85,10616.4,10606.65,10614.65,12:35:00,10610.720966145942,4,41
2020-07-03,10601.7,10612.1,10600.1,10611.55,12:40:00,10609.861826512995,4,42
2020-07-03,10599.0,10602.35,10594.05,10602.05,12:45:00,10608.827366845091,4,43
2020-07-03,10595.8,10604.05,10592.7,10598.9,12:50:00,10607.586665240797,4,44
2020-07-03,10602.2,10604.5,10595.25,10595.3,12:55:00,10607.073649503578,4,45
2020-07-03,10594.4,10601.95,10589.7,10600.8,13:00:00,10605.866635265142,4,46
2020-07-03,10600.2,10604.25,10593.15,10594.05,13:05:00,10605.32695571608,4,47
2020-07-03,10588.5,10600.4,10587.7,10599.45,13:10:00,10603.724388505025,4,48
2020-07-03,10593.9,10595.3,10587.7,10587.85,13:15:00,10602.788732456927,4,49
2020-07-03,10594.35,10602.25,10593.3,10594.0,13:20:00,10601.985043651506,4,50
2020-07-03,10593.25,10599.2,10592.8,10594.15,13:25:00,10601.153134732314,4,51
2020-07-03,10582.85,10593.45,10577.35,10593.45,13:30:00,10599.409979043525,4,52
2020-07-03,10579.25,10583.25,10575.15,10583.25,13:35:00,10597.489981039378,4,53
2020-07-03,10571.05,10585.25,10562.65,10579.3,13:40:00,10594.971887607056,4,54
2020-07-03,10580.65,10580.65,10565.3,10571.15,13:45:00,10593.607898311146,4,55
2020-07-03,10588.6,10590.25,10579.2,10580.85,13:50:00,10593.130955614844,4,56
2020-07-03,10592.95,10599.2,10589.1,10589.1,13:55:00,10593.113721746764,4,57
2020-07-03,10600.25,10600.45,10584.85,10592.85,14:00:00,10593.793367294693,4,58
2020-07-03,10599.45,10600.4,10589.75,10599.6,14:05:00,10594.332094219008,4,59
2020-07-03,10602.45,10612.5,10600.1,10600.25,14:10:00,10595.105228102911,4,60
2020-07-03,10597.95,10602.95,10592.25,10602.7,14:15:00,10595.376158759778,4,61
2020-07-03,10597.3,10606.6,10597.3,10597.7,14:20:00,10595.559381735038,4,62
2020-07-03,10593.05,10602.85,10592.35,10597.45,14:25:00,10595.320392998368,4,63
2020-07-03,10586.6,10592.95,10579.9,10592.15,14:30:00,10594.489879379476,4,64
2020-07-03,10589.1,10592.6,10581.35,10586.15,14:35:00,10593.976557533812,4,65
2020-07-03,10594.9,10594.9,10582.6,10588.95,14:40:00,10594.064504435351,4,66
2020-07-03,10592.35,10601.25,10589.6,10594.15,14:45:00,10593.901218298652,4,67
2020-07-03,10592.05,10595.1,10585.45,10593.35,14:50:00,10593.724911794015,4,68
2020-07-03,10590.35,10598.9,10588.9,10593.95,14:55:00,10593.40349162316,4,69
2020-07-03,10604.3,10604.3,10590.5,10591.05,15:00:00,10594.441254325717,4,70
2020-07-03,10604.7,10606.45,10601.6,10604.55,15:05:00,10595.418277723267,4,71
2020-07-03,10606.75,10608.55,10600.65,10605.3,15:10:00,10596.49748936867,4,72
2020-07-03,10617.1,10620.75,10606.7,10608.05,15:15:00,10598.45963323832,4,73
2020-07-03,10609.35,10619.0,10600.55,10616.95,15:20:00,10599.496811025148,4,74
2020-07-03,10603.35,10611.25,10600.45,10609.45,15:25:00,10599.863781403705,4,75
2020-07-06,10705.55,10722.05,10695.1,10711.95,09:15:00,10609.929135555734,0,1
2020-07-06,10718.5,10718.85,10706.05,10706.05,09:20:00,10620.26921788376,0,2
2020-07-06,10713.7,10718.0,10704.35,10718.0,09:25:00,10629.167387609115,0,3
2020-07-06,10727.4,10728.2,10713.9,10713.9,09:30:00,10638.522874503486,0,4
2020-07-06,10723.15,10731.7,10722.0,10726.95,09:35:00,10646.582600741249,0,5
2020-07-06,10726.6,10727.35,10716.75,10723.25,09:40:00,10654.203305432558,0,6
2020-07-06,10731.7,10737.25,10719.4,10726.8,09:45:00,10661.583943010412,0,7
2020-07-06,10731.45,10734.55,10721.85,10732.75,09:50:00,10668.237853199897,0,8
2020-07-06,10735.1,10737.65,10725.8,10730.8,09:55:00,10674.605676704668,0,9
2020-07-06,10738.55,10753.85,10734.9,10734.9,10:00:00,10680.695612256604,0,10
2020-07-06,10740.2,10740.35,10730.65,10738.65,10:05:00,10686.362696803595,0,11
2020-07-06,10736.55,10741.55,10732.45,10740.7,10:10:00,10691.142439965157,0,12
2020-07-06,10736.4,10742.0,10728.5,10737.25,10:15:00,10695.452683778,0,13
2020-07-06,10739.7,10740.85,10733.2,10735.8,10:20:00,10699.66671389438,0,14
2020-07-06,10732.4,10740.55,10729.15,10740.3,10:25:00,10702.784169713965,0,15
2020-07-06,10743.35,10745.6,10731.6,10732.55,10:30:00,10706.647582122156,0,16
2020-07-06,10729.45,10744.2,10729.15,10742.9,10:35:00,10708.819240967669,0,17
2020-07-06,10736.65,10737.2,10729.15,10729.85,10:40:00,10711.469789446935,0,18
2020-07-06,10741.35,10743.55,10735.95,10737.25,10:45:00,10714.315523785324,0,19
2020-07-06,10743.85,10745.8,10738.8,10741.8,10:50:00,10717.128331043865,0,20
2020-07-06,10742.5,10745.4,10738.4,10744.45,10:55:00,10719.544680468258,0,21
2020-07-06,10738.5,10746.05,10735.0,10742.65,11:00:00,10721.349948995092,0,22
2020-07-06,10743.8,10745.25,10738.55,10738.55,11:05:00,10723.488049090798,0,23
2020-07-06,10748.95,10749.0,10743.15,10744.2,11:10:00,10725.912996796436,0,24
2020-07-06,10748.65,10754.7,10747.5,10749.55,11:15:00,10728.078425672966,0,25
2020-07-06,10747.95,10753.45,10747.0,10748.85,11:20:00,10729.970956561256,0,26
2020-07-06,10755.25,10758.6,10745.4,10748.15,11:25:00,10732.378484507804,0,27
2020-07-06,10756.7,10764.25,10753.7,10753.7,11:30:00,10734.694819316586,0,28
2020-07-06,10757.05,10760.7,10753.25,10755.4,11:35:00,10736.823884143578,0,29
2020-07-06,10762.8,10763.9,10757.1,10757.5,11:40:00,10739.297799939428,0,30
2020-07-06,10758.3,10768.7,10758.3,10762.9,11:45:00,10741.107533278531,0,31
2020-07-06,10765.2,10766.75,10757.9,10758.95,11:50:00,10743.402053918671,0,32
2020-07-06,10762.7,10764.85,10757.15,10764.55,11:55:00,10745.239953545464,0,33
2020-07-06,10755.25,10764.35,10753.9,10762.35,12:00:00,10746.19329130304,0,34
2020-07-06,10760.9,10761.65,10753.05,10755.15,12:05:00,10747.59393022656,0,35
2020-07-06,10765.65,10768.35,10761.6,10762.65,12:10:00,10749.313555919269,0,36
2020-07-06,10769.15,10770.1,10763.75,10765.35,12:15:00,10751.202741069814,0,37
2020-07-06,10771.1,10774.9,10767.5,10769.05,12:20:00,10753.097718110785,0,38
2020-07-06,10766.9,10771.6,10762.3,10771.05,12:25:00,10754.412221147852,0,39
2020-07-06,10769.4,10770.85,10763.5,10766.6,12:30:00,10755.83962865758,0,40
2020-07-06,10771.55,10773.6,10768.7,10769.15,12:35:00,10757.335854499715,0,41
2020-07-06,10775.2,10778.15,10771.65,10771.7,12:40:00,10759.03720169022,0,42
2020-07-06,10791.65,10794.55,10775.0,10775.35,12:45:00,10762.143182481628,0,43
2020-07-06,10790.15,10796.15,10789.15,10791.95,12:50:00,10764.81049843576,0,44
2020-07-06,10795.55,10796.85,10788.75,10790.25,12:55:00,10767.738070013304,0,45
2020-07-06,10795.45,10799.85,10792.8,10795.6,13:00:00,10770.377301440609,0,46
2020-07-06,10794.05,10800.4,10793.15,10795.1,13:05:00,10772.63184416055,0,47
2020-07-06,10794.9,10797.15,10790.0,10793.65,13:10:00,10774.752620907166,0,48
2020-07-06,10806.75,10807.4,10792.85,10795.15,13:15:00,10777.79999034458,0,49
2020-07-06,10801.95,10807.95,10801.7,10807.75,13:20:00,10780.099991264144,0,50
2020-07-06,10800.15,10804.2,10794.7,10802.45,13:25:00,10782.009515905656,0,51
2020-07-06,10803.65,10803.65,10799.4,10799.65,13:30:00,10784.070514390827,0,52
2020-07-06,10804.45,10811.4,10802.75,10802.95,13:35:00,10786.011417782178,0,53
2020-07-06,10792.35,10806.75,10791.4,10804.4,13:40:00,10786.615092279111,0,54
2020-07-06,10780.2,10793.75,10769.0,10793.75,13:45:00,10786.004131109672,0,55
2020-07-06,10770.85,10783.2,10770.35,10780.65,13:50:00,10784.560880527795,0,56
2020-07-06,10778.15,10783.95,10769.9,10771.45,13:55:00,10783.95032047753,0,57
2020-07-06,10785.4,10787.25,10774.25,10779.55,14:00:00,10784.088385193954,0,58
2020-07-06,10770.75,10786.65,10769.7,10785.3,14:05:00,10782.81806279453,0,59
2020-07-06,10769.05,10773.95,10763.35,10771.05,14:10:00,10781.50681871886,0,60
2020-07-06,10776.35,10778.6,10767.9,10769.4,14:15:00,10781.015693126588,0,61
2020-07-06,10765.9,10778.55,10764.85,10776.15,14:20:00,10779.576103305008,0,62
2020-07-06,10764.95,10769.95,10763.95,10766.15,14:25:00,10778.183141085485,0,63
2020-07-06,10770.9,10776.75,10764.3,10764.6,14:30:00,10777.489508601151,0,64
2020-07-06,10759.95,10771.45,10755.5,10771.45,14:35:00,10775.819079210563,0,65
2020-07-06,10750.55,10760.85,10749.7,10760.2,14:40:00,10773.412500238132,0,66
2020-07-06,10762.3,10765.55,10748.55,10750.0,14:45:00,10772.35416688212,0,67
2020-07-06,10759.65,10763.85,10757.3,10761.4,14:50:00,10771.14424622668,0,68
2020-07-06,10768.0,10768.15,10755.35,10760.3,14:55:00,10770.844794205092,0,69
2020-07-06,10762.6,10767.55,10758.55,10766.85,15:00:00,10770.059575709369,0,70
2020-07-06,10761.0,10763.2,10758.95,10761.7,15:05:00,10769.196758975144,0,71
2020-07-06,10765.9,10767.65,10758.85,10760.0,15:10:00,10768.882781929891,0,72
2020-07-06,10761.4,10766.2,10756.55,10766.2,15:15:00,10768.170136031807,0,73
2020-07-06,10763.5,10779.5,10761.0,10761.1,15:20:00,10767.725361171637,0,74
2020-07-06,10769.8,10770.85,10762.0,10762.0,15:25:00,10767.922945821956,0,75
2020-07-07,10772.8,10792.7,10756.25,10792.7,09:15:00,10768.387427172249,1,1
2020-07-07,10782.7,10784.6,10766.8,10774.7,09:20:00,10769.750529346318,1,2
2020-07-07,10773.85,10784.9,10773.8,10782.5,09:25:00,10770.14095512286,1,3
2020-07-07,10767.5,10771.75,10753.45,10771.05,09:30:00,10769.88943558735,1,4
2020-07-07,10771.6,10773.9,10760.85,10767.4,09:35:00,10770.052346483792,1,5
2020-07-07,10770.65,10774.05,10764.1,10771.85,09:40:00,10770.10926586629,1,6
2020-07-07,10757.65,10770.8,10756.65,10769.65,09:45:00,10768.92266911712,1,7
2020-07-07,10768.4,10769.25,10752.75,10758.05,09:50:00,10768.872891105966,1,8
2020-07-07,10769.25,10770.6,10762.85,10768.9,09:55:00,10768.90880623873,1,9
2020-07-07,10776.0,10781.9,10769.35,10769.45,10:00:00,10769.584158025518,1,10
2020-07-07,10772.55,10776.2,10763.1,10775.65,10:05:00,10769.866619165943,1,11
2020-07-07,10774.95,10778.35,10770.1,10772.1,10:10:00,10770.350750673952,1,12
2020-07-07,10783.1,10793.15,10774.9,10775.5,10:15:00,10771.56496489548,1,13
2020-07-07,10779.55,10785.3,10772.5,10783.75,10:20:00,10772.325444429243,1,14
2020-07-07,10759.5,10780.0,10759.5,10779.15,10:25:00,10771.103973531222,1,15
2020-07-07,10761.4,10761.8,10744.7,10759.45,10:30:00,10770.179785575869,1,16
2020-07-07,10765.65,10770.15,10760.6,10760.75,10:35:00,10769.748377425783,1,17
2020-07-07,10774.2,10774.2,10758.95,10765.25,10:40:00,10770.172341480473,1,18
2020-07-07,10762.45,10774.65,10760.4,10773.75,10:45:00,10769.436880387091,1,19
2020-07-07,10754.3,10763.9,10753.5,10762.6,10:50:00,10767.99527273118,1,20
2020-07-07,10759.0,10763.6,10754.05,10754.5,10:55:00,10767.138580090112,1,21
2020-07-07,10742.1,10759.75,10741.1,10758.9,11:00:00,10764.753953414864,1,22
2020-07-07,10731.55,10741.9,10726.05,10741.8,11:05:00,10761.591672137258,1,23
2020-07-07,10733.45,10735.3,10726.0,10731.4,11:10:00,10758.91151288609,1,24
2020-07-07,10715.55,10733.3,10712.55,10733.3,11:15:00,10754.781844992176,1,25
2020-07-07,10710.95,10724.2,10709.0,10715.15,11:20:00,10750.607383564353,1,26
2020-07-07,10717.05,10724.35,10706.05,10710.5,11:25:00,10747.411442272509,1,27
2020-07-07,10706.15,10717.4,10700.35,10716.35,11:30:00,10743.481781103696,1,28
2020-07-07,10694.3,10709.7,10693.35,10704.85,11:35:00,10738.797801950965,1,29
2020-07-07,10704.6,10704.9,10689.7,10694.7,11:40:00,10735.540868431826,1,30
2020-07-07,10711.3,10716.0,10704.6,10705.15,11:45:00,10733.232214295462,1,31
2020-07-07,10717.35,10721.05,10711.6,10711.85,11:50:00,10731.7196224578,1,32
2020-07-07,10707.2,10721.65,10706.2,10717.55,11:55:00,10729.384420318962,1,33
2020-07-07,10711.3,10713.1,10701.35,10707.55,12:00:00,10727.6620945743,1,34
2020-07-07,10716.35,10718.75,10711.15,10711.15,12:05:00,10726.58475223389,1,35
2020-07-07,10728.6,10728.95,10710.95,10716.55,12:10:00,10726.776680592568,1,36
2020-07-07,10738.1,10742.3,10720.05,10729.0,12:15:00,10727.855091964704,1,37
2020-07-07,10752.75,10759.8,10738.75,10738.75,12:20:00,10730.226035587117,1,38
2020-07-07,10760.45,10761.0,10746.55,10754.1,12:25:00,10733.104508388344,1,39
2020-07-07,10754.3,10775.95,10750.95,10761.45,12:30:00,10735.123126637074,1,40
2020-07-07,10757.2,10759.55,10749.55,10754.05,12:35:00,10737.225686004973,1,41
2020-07-07,10750.95,10758.6,10743.25,10756.6,12:40:00,10738.532763528308,1,42
2020-07-07,10757.5,10757.5,10742.25,10751.35,12:45:00,10740.339167001805,1,43
2020-07-07,10754.85,10764.85,10750.6,10756.4,12:50:00,10741.721151096868,1,44
2020-07-07,10759.4,10759.4,10747.65,10753.2,12:55:00,10743.404850992403,1,45
2020-07-07,10760.05,10761.1,10747.95,10758.7,13:00:00,10744.990103278842,1,46
2020-07-07,10762.5,10764.8,10752.55,10760.4,13:05:00,10746.657712490382,1,47
2020-07-07,10766.7,10770.5,10758.75,10762.65,13:10:00,10748.566501777012,1,48
2020-07-07,10775.2,10776.15,10765.7,10767.4,13:15:00,10751.103025417297,1,49
2020-07-07,10779.7,10782.25,10766.1,10774.85,13:20:00,10753.826546806124,1,50
2020-07-07,10785.15,10792.5,10779.75,10780.55,13:25:00,10756.80973282459,1,51
2020-07-07,10773.95,10795.5,10772.9,10785.85,13:30:00,10758.442139222248,1,52
2020-07-07,10768.0,10774.25,10759.7,10773.75,13:35:00,10759.352411677271,1,53
2020-07-07,10773.25,10778.1,10765.2,10768.2,13:40:00,10760.675991517532,1,54
2020-07-07,10768.4,10773.4,10767.75,10773.0,13:45:00,10761.411611373003,1,55
2020-07-07,10766.75,10769.35,10756.6,10768.3,13:50:00,10761.92002933748,1,56
2020-07-07,10742.45,10767.4,10741.55,10766.6,13:55:00,10760.065740829148,1,57
2020-07-07,10757.85,10757.85,10742.05,10742.05,14:00:00,10759.854717893038,1,58
2020-07-07,10762.0,10767.8,10754.4,10758.1,14:05:00,10760.059030474657,1,59
2020-07-07,10769.4,10770.1,10756.35,10761.9,14:10:00,10760.948646619923,1,60
2020-07-07,10777.5,10783.85,10769.65,10769.65,14:15:00,10762.524965989456,1,61
2020-07-07,10777.6,10788.4,10775.6,10777.3,14:20:00,10763.96068351427,1,62
2020-07-07,10779.35,10779.8,10769.2,10777.5,14:25:00,10765.426332703388,1,63
2020-07-07,10775.55,10788.2,10774.45,10779.75,14:30:00,10766.39049149354,1,64
2020-07-07,10783.5,10785.5,10774.95,10775.2,14:35:00,10768.019968494156,1,65
2020-07-07,10777.6,10783.85,10765.6,10783.45,14:40:00,10768.932352447093,1,66
2020-07-07,10781.6,10785.85,10770.6,10776.95,14:45:00,10770.13879507118,1,67
2020-07-07,10779.35,10784.75,10777.5,10781.35,14:50:00,10771.016052683448,1,68
2020-07-07,10789.7,10794.05,10775.95,10779.1,14:55:00,10772.795476237408,1,69
2020-07-07,10805.55,10813.8,10789.8,10790.1,15:00:00,10775.914954690988,1,70
2020-07-07,10803.6,10806.5,10797.4,10805.25,15:05:00,10778.551625672795,1,71
2020-07-07,10797.3,10807.9,10795.45,10803.55,15:10:00,10780.337185132532,1,72
2020-07-07,10799.95,10803.05,10796.6,10797.05,15:15:00,10782.205072262768,1,73
2020-07-07,10784.05,10806.3,10782.85,10800.1,15:20:00,10782.380779666311,1,74
2020-07-07,10786.2,10788.25,10780.7,10783.6,15:25:00,10782.744514936188,1,75
2020-07-08,10825.95,10836.9,10797.3,10811.85,09:15:00,10786.859323037505,2,1
2020-07-08,10825.6,10834.7,10822.95,10826.25,09:20:00,10790.548911319644,2,2
2020-07-08,10837.35,10839.4,10819.95,10827.05,09:25:00,10795.006157860633,2,3
2020-07-08,10842.3,10847.85,10837.55,10837.8,09:30:00,10799.510333302476,2,4
2020-07-08,10830.65,10846.95,10829.0,10842.1,09:35:00,10802.476015845095,2,5
2020-07-08,10820.3,10834.8,10816.5,10830.95,09:40:00,10804.173538145564,2,6
2020-07-08,10808.05,10820.35,10804.5,10820.35,09:45:00,10804.542724988843,2,7
2020-07-08,10817.8,10819.2,10796.7,10807.95,09:50:00,10805.805322608954,2,8
2020-07-08,10815.2,10830.7,10815.2,10818.3,09:55:00,10806.700053789054,2,9
2020-07-08,10802.45,10816.75,10800.85,10814.65,10:00:00,10806.295286761524,2,10
2020-07-08,10796.2,10809.4,10794.8,10801.65,10:05:00,10805.333830879475,2,11
2020-07-08,10788.4,10796.95,10784.6,10796.7,10:10:00,10803.72108508143,2,12
2020-07-08,10805.85,10805.85,10785.0,10787.55,10:15:00,10803.923838883198,2,13
2020-07-08,10795.7,10806.15,10792.4,10805.5,10:20:00,10803.140616132418,2,14
2020-07-08,10797.45,10797.95,10787.5,10795.8,10:25:00,10802.598652691237,2,15
2020-07-08,10810.75,10812.0,10792.15,10797.4,10:30:00,10803.374971482548,2,16
2020-07-08,10814.5,10817.15,10809.3,10811.95,10:35:00,10804.43449800802,2,17
2020-07-08,10813.8,10817.9,10807.05,10814.55,10:40:00,10805.326450578685,2,18
2020-07-08,10807.15,10815.0,10806.75,10814.0,10:45:00,10805.500121952144,2,19
2020-07-08,10793.45,10807.7,10792.0,10806.75,10:50:00,10804.352491290036,2,20
2020-07-08,10798.6,10800.9,10790.3,10792.8,10:55:00,10803.8046349767,2,21
2020-07-08,10800.25,10803.65,10795.1,10798.4,11:00:00,10803.466098312252,2,22
2020-07-08,10795.95,10800.6,10794.55,10799.9,11:05:00,10802.75027942537,2,23
2020-07-08,10795.3,10796.3,10786.9,10795.6,11:10:00,10802.040729003907,2,24
2020-07-08,10813.7,10814.25,10794.6,10795.1,11:15:00,10803.15113576544,2,25
2020-07-08,10806.5,10814.7,10803.7,10813.85,11:20:00,10803.470075216352,2,26
2020-07-08,10806.4,10807.8,10803.45,10805.75,11:25:00,10803.749115671935,2,27
2020-07-08,10780.6,10806.4,10776.95,10806.0,11:30:00,10801.544437988896,2,28
2020-07-08,10776.95,10784.9,10773.55,10780.3,11:35:00,10799.202110561382,2,29
2020-07-08,10776.25,10783.55,10772.7,10777.4,11:40:00,10797.016195269822,2,30
2020-07-08,10785.55,10786.15,10766.5,10775.45,11:45:00,10795.924176672695,2,31
2020-07-08,10785.65,10790.8,10782.05,10785.45,11:50:00,10794.94568365625,2,32
2020-07-08,10782.3,10790.3,10780.3,10786.1,11:55:00,10793.741332831843,2,33
2020-07-08,10770.0,10782.25,10770.0,10781.55,12:00:00,10791.480253514528,2,34
2020-07-08,10787.1,10788.35,10769.1,10769.75,12:05:00,10791.063086513144,2,35
2020-07-08,10791.7,10792.6,10784.15,10787.45,12:10:00,10791.123744940463,2,36
2020-07-08,10787.9,10793.0,10784.65,10791.85,12:15:00,10790.8167216128,2,37
2020-07-08,10788.15,10791.0,10785.15,10787.85,12:20:00,10790.562748125869,2,38
2020-07-08,10786.8,10791.1,10779.45,10789.45,12:25:00,10790.2043911615,2,39
2020-07-08,10801.4,10801.95,10783.25,10787.85,12:30:00,10791.270639622311,2,40
2020-07-08,10798.3,10802.75,10795.4,10801.2,12:35:00,10791.940102515424,2,41
2020-07-08,10810.0,10810.45,10795.85,10798.45,12:40:00,10793.66009275205,2,42
2020-07-08,10813.35,10818.9,10809.0,10810.4,12:45:00,10795.53532201376,2,43
2020-07-08,10802.6,10813.95,10797.55,10813.0,12:50:00,10796.20814848864,2,44
2020-07-08,10807.4,10810.25,10799.2,10803.35,12:55:00,10797.27403910877,2,45
2020-07-08,10804.05,10809.55,10796.95,10807.0,13:00:00,10797.91936871746,2,46
2020-07-08,10807.55,10808.7,10796.35,10804.75,13:05:00,10798.83657169675,2,47
2020-07-08,10807.9,10810.05,10802.35,10808.0,13:10:00,10799.699755344678,2,48
2020-07-08,10801.15,10808.7,10792.8,10808.2,13:15:00,10799.83787388328,2,49
2020-07-08,10792.8,10800.65,10790.4,10800.65,13:20:00,10799.16760018011,2,50
2020-07-08,10799.35,10800.15,10789.05,10793.5,13:25:00,10799.184971591529,2,51
2020-07-08,10799.85,10801.9,10792.45,10799.6,13:30:00,10799.24830763043,2,52
2020-07-08,10792.9,10800.05,10790.25,10800.05,13:35:00,10798.643706903722,2,53
2020-07-08,10822.3,10826.95,10791.85,10793.3,13:40:00,10800.896687198603,2,54
2020-07-08,10814.65,10826.9,10812.2,10822.1,13:45:00,10802.206526513024,2,55
2020-07-08,10822.9,10828.85,10813.05,10814.15,13:50:00,10804.177333511783,2,56
2020-07-08,10819.15,10828.0,10819.0,10822.4,13:55:00,10805.603301748755,2,57
2020-07-08,10807.3,10822.95,10805.65,10819.1,14:00:00,10805.764892058398,2,58
2020-07-08,10821.8,10825.55,10807.95,10807.95,14:05:00,10807.292045195692,2,59
2020-07-08,10823.1,10833.5,10820.15,10821.95,14:10:00,10808.797564700864,2,60
2020-07-08,10818.85,10830.5,10817.8,10822.75,14:15:00,10809.754939491258,2,61
2020-07-08,10819.8,10824.9,10815.65,10821.0,14:20:00,10810.711611920664,2,62
2020-07-08,10813.25,10820.65,10808.3,10820.65,14:25:00,10810.953363166316,2,63
2020-07-08,10777.25,10814.95,10777.25,10813.05,14:30:00,10807.74351905524,2,64
2020-07-08,10771.75,10785.2,10767.75,10776.55,14:35:00,10804.315564859502,2,65
2020-07-08,10732.3,10776.75,10732.25,10772.35,14:40:00,10797.456939634789,2,66
2020-07-08,10725.45,10744.9,10721.5,10731.05,14:45:00,10790.599135860046,2,67
2020-07-08,10744.1,10745.75,10715.6,10725.25,14:50:00,10786.170646730518,2,68
2020-07-08,10724.2,10743.85,10721.05,10743.85,14:55:00,10780.268680375231,2,69
2020-07-08,10730.65,10732.0,10713.5,10722.75,15:00:00,10775.543091768068,2,70
2020-07-08,10733.6,10735.25,10725.3,10730.25,15:05:00,10771.54851159968,2,71
2020-07-08,10708.85,10734.3,10707.2,10733.95,15:10:00,10765.577224780662,2,72
2020-07-08,10694.3,10709.3,10689.15,10708.75,15:15:00,10758.788917658694,2,73
2020-07-08,10683.9,10698.0,10676.55,10693.65,15:20:00,10751.656639786435,2,74
2020-07-08,10694.95,10698.15,10683.25,10683.3,15:25:00,10746.256007425824,2,75
2020-07-09,10754.15,10763.75,10744.25,10744.7,09:15:00,10747.007816242414,3,1
2020-07-09,10760.05,10761.45,10747.15,10751.05,09:20:00,10748.249928981231,3,2
2020-07-09,10745.05,10762.05,10736.95,10760.35,09:25:00,10747.945173840162,3,3
2020-07-09,10745.3,10749.6,10733.0,10745.85,09:30:00,10747.69325252205,3,4
2020-07-09,10748.1,10748.1,10734.85,10745.35,09:35:00,10747.731990377091,3,5
2020-07-09,10762.6,10767.0,10747.85,10747.85,09:40:00,10749.14799129356,3,6
2020-07-09,10757.5,10767.95,10753.5,10762.75,09:45:00,10749.943420694171,3,7
2020-07-09,10767.4,10768.05,10756.1,10756.1,09:50:00,10751.605952056634,3,8
2020-07-09,10766.65,10769.5,10757.1,10767.2,09:55:00,10753.03871852743,3,9
2020-07-09,10766.2,10771.3,10762.5,10766.1,10:00:00,10754.292173905773,3,10
2020-07-09,10776.0,10779.15,10760.2,10766.15,10:05:00,10756.359585914744,3,11
2020-07-09,10781.05,10783.45,10774.15,10776.2,10:10:00,10758.711053922863,3,12
2020-07-09,10783.75,10792.05,10781.0,10781.0,10:15:00,10761.09571545402,3,13
2020-07-09,10782.0,10790.6,10781.4,10783.9,10:20:00,10763.086599696491,3,14
2020-07-09,10788.7,10790.6,10777.7,10781.3,10:25:00,10765.52597115397,3,15
2020-07-09,10771.1,10792.1,10769.15,10788.15,10:30:00,10766.056831044069,3,16
2020-07-09,10778.05,10781.1,10768.85,10771.5,10:35:00,10767.1990376113,3,17
2020-07-09,10776.3,10778.4,10769.95,10778.4,10:40:00,10768.065795934035,3,18
2020-07-09,10760.45,10776.4,10756.9,10776.4,10:45:00,10767.340482035555,3,19
2020-07-09,10754.95,10763.5,10752.7,10760.15,10:50:00,10766.16043612741,3,20
2020-07-09,10763.15,10764.4,10755.0,10755.05,10:55:00,10765.873727924798,3,21
2020-07-09,10772.25,10775.55,10761.8,10762.65,11:00:00,10766.48099193196,3,22
2020-07-09,10773.55,10774.75,10766.65,10771.95,11:05:00,10767.154230795582,3,23
2020-07-09,10776.5,10778.45,10770.85,10774.55,11:10:00,10768.044304053146,3,24
2020-07-09,10780.0,10781.2,10770.0,10775.95,11:15:00,10769.18294176237,3,25
2020-07-09,10771.9,10781.15,10768.0,10779.4,11:20:00,10769.441709213574,3,26
2020-07-09,10776.75,10778.8,10767.65,10771.8,11:25:00,10770.13773690752,3,27
2020-07-09,10776.1,10783.05,10774.3,10777.15,11:30:00,10770.705571487755,3,28
2020-07-09,10773.6,10779.25,10770.8,10775.95,11:35:00,10770.981231346064,3,29
2020-07-09,10766.2,10773.5,10765.85,10772.45,11:40:00,10770.525875979773,3,30
2020-07-09,10768.95,10771.55,10762.5,10764.75,11:45:00,10770.375792553128,3,31
2020-07-09,10774.6,10778.15,10768.7,10768.85,11:50:00,10770.77809802426,3,32
2020-07-09,10773.35,10779.2,10769.75,10777.65,11:55:00,10771.023041069568,3,33
2020-07-09,10775.6,10782.75,10772.65,10772.65,12:00:00,10771.458941920086,3,34
2020-07-09,10770.55,10777.8,10769.0,10775.1,12:05:00,10771.372376022937,3,35
2020-07-09,10775.15,10782.4,10769.5,10770.6,12:10:00,10771.732149735037,3,36
2020-07-09,10778.7,10781.95,10775.1,10775.1,12:15:00,10772.395754522177,3,37
2020-07-09,10771.7,10779.6,10762.55,10778.65,12:20:00,10772.32949218673,3,38
2020-07-09,10791.9,10794.95,10767.9,10772.5,12:25:00,10774.193350073709,3,39
2020-07-09,10793.8,10802.05,10791.45,10792.6,12:30:00,10776.060650066687,3,40
2020-07-09,10789.5,10794.35,10785.3,10794.15,12:35:00,10777.340588155574,3,41
2020-07-09,10788.85,10791.0,10784.65,10790.35,12:40:00,10778.436722616949,3,42
2020-07-09,10792.8,10795.35,10788.6,10788.9,12:45:00,10779.804653796284,3,43
2020-07-09,10788.05,10793.5,10782.9,10793.2,12:50:00,10780.589924863303,3,44
2020-07-09,10800.0,10800.2,10783.55,10788.6,12:55:00,10782.438503447753,3,45
2020-07-09,10761.3,10801.25,10759.55,10799.9,13:00:00,10780.425312643203,3,46
2020-07-09,10768.95,10770.1,10755.6,10762.25,13:05:00,10779.332425724804,3,47
2020-07-09,10765.25,10772.05,10762.35,10768.7,13:10:00,10777.99124232244,3,48
2020-07-09,10768.4,10773.85,10765.1,10765.35,13:15:00,10777.077790672683,3,49
2020-07-09,10779.45,10781.5,10768.5,10768.7,13:20:00,10777.303715370525,3,50
2020-07-09,10796.4,10797.2,10775.65,10778.6,13:25:00,10779.122409144758,3,51
2020-07-09,10791.05,10796.25,10786.8,10796.25,13:30:00,10780.258370178592,3,52
2020-07-09,10807.35,10808.25,10790.15,10790.6,13:35:00,10782.838525399678,3,53
2020-07-09,10799.95,10811.6,10795.25,10808.0,13:40:00,10784.468189647328,3,54
2020-07-09,10800.15,10805.75,10797.3,10800.4,13:45:00,10785.9616953952,3,55
2020-07-09,10795.2,10800.85,10784.7,10800.65,13:50:00,10786.841533928991,3,56
2020-07-09,10798.05,10802.9,10792.9,10795.5,13:55:00,10787.909006888134,3,57
2020-07-09,10793.35,10799.2,10789.0,10798.25,14:00:00,10788.427196708311,3,58
2020-07-09,10794.5,10797.05,10785.85,10793.65,14:05:00,10789.005558926568,3,59
2020-07-09,10798.4,10801.25,10790.5,10794.3,14:10:00,10789.900267600226,3,60
2020-07-09,10807.8,10816.2,10798.0,10798.15,14:15:00,10791.605004019251,3,61
2020-07-09,10803.95,10809.75,10798.4,10807.35,14:20:00,10792.780717922182,3,62
2020-07-09,10799.55,10807.55,10793.7,10803.8,14:25:00,10793.4254114534,3,63
2020-07-09,10808.3,10808.45,10795.2,10799.7,14:30:00,10794.84203893403,3,64
2020-07-09,10806.0,10812.2,10802.85,10808.25,14:35:00,10795.904701892694,3,65
2020-07-09,10813.45,10816.9,10805.2,10805.65,14:40:00,10797.57568266482,3,66
2020-07-09,10819.7,10819.7,10807.05,10813.25,14:45:00,10799.682760506266,3,67
2020-07-09,10814.75,10825.8,10809.75,10818.65,14:50:00,10801.117735696143,3,68
2020-07-09,10805.5,10818.9,10802.25,10815.8,14:55:00,10801.535094201276,3,69
2020-07-09,10796.25,10805.85,10790.55,10805.2,15:00:00,10801.031751896391,3,70
2020-07-09,10801.45,10803.85,10793.9,10797.0,15:05:00,10801.071585049118,3,71
2020-07-09,10811.25,10813.05,10800.05,10801.3,15:10:00,10802.040957901583,3,72
2020-07-09,10821.9,10823.1,10809.85,10812.0,15:15:00,10803.932295244287,3,73
2020-07-09,10822.6,10836.85,10821.3,10821.55,15:20:00,10805.710171887691,3,74
2020-07-09,10832.5,10834.45,10822.15,10822.5,15:25:00,10808.261584088865,3,75
2020-07-10,10785.55,10787.85,10757.8,10761.25,09:15:00,10806.0985760804,4,1
2020-07-10,10784.1,10796.9,10777.45,10784.55,09:20:00,10804.003473596553,4,2
2020-07-10,10791.95,10792.2,10778.4,10782.7,09:25:00,10802.855523730212,4,3
2020-07-10,10794.7,10807.1,10790.55,10792.55,09:30:00,10802.07880718448,4,4
2020-07-10,10802.0,10804.85,10789.35,10794.75,09:35:00,10802.07130173834,4,5
2020-07-10,10797.55,10807.3,10795.8,10801.65,09:40:00,10801.640701572784,4,6
2020-07-10,10797.2,10805.0,10796.6,10798.1,09:45:00,10801.21777761347,4,7
2020-07-10,10801.0,10806.75,10795.25,10797.3,09:50:00,10801.197036888378,4,8
2020-07-10,10806.6,10808.3,10797.9,10801.25,09:55:00,10801.711604803771,4,9
2020-07-10,10811.65,10819.4,10806.5,10807.1,10:00:00,10802.658118631984,4,10
2020-07-10,10805.05,10817.55,10801.6,10812.2,10:05:00,10802.885916857507,4,11
2020-07-10,10808.9,10812.9,10803.95,10805.75,10:10:00,10803.458686680602,4,12
2020-07-10,10799.45,10810.1,10799.4,10809.25,10:15:00,10803.076906996735,4,13
2020-07-10,10788.95,10799.7,10786.85,10799.7,10:20:00,10801.73148728276,4,14
2020-07-10,10791.05,10796.05,10786.35,10788.45,10:25:00,10800.714202779642,4,15
2020-07-10,10777.0,10791.3,10776.25,10791.3,10:30:00,10798.455707276818,4,16
2020-07-10,10774.3,10783.85,10770.85,10776.35,10:35:00,10796.155163726646,4,17
2020-07-10,10765.75,10777.1,10764.85,10773.95,10:40:00,10793.259433847918,4,18
2020-07-10,10760.35,10768.1,10754.65,10765.65,10:45:00,10790.125202052875,4,19
2020-07-10,10773.3,10775.15,10758.85,10759.5,10:50:00,10788.522801857363,4,20
2020-07-10,10775.6,10777.3,10770.6,10772.95,10:55:00,10787.29205882333,4,21
2020-07-10,10760.9,10776.0,10758.1,10775.95,11:00:00,10784.778529411586,4,22
2020-07-10,10751.95,10760.35,10747.85,10760.35,11:05:00,10781.652002800958,4,23
2020-07-10,10752.05,10758.35,10749.8,10752.35,11:10:00,10778.832764438965,4,24
2020-07-10,10760.75,10762.8,10747.15,10751.3,11:15:00,10777.110596397157,4,25
2020-07-10,10757.4,10762.0,10755.5,10760.8,11:20:00,10775.233396740285,4,26
2020-07-10,10747.1,10758.8,10744.75,10757.75,11:25:00,10772.55402562216,4,27
2020-07-10,10756.6,10761.35,10747.0,10747.35,11:30:00,10771.034594610526,4,28
2020-07-10,10763.3,10764.2,10755.65,10756.7,11:35:00,10770.297966552382,4,29
2020-07-10,10754.95,10768.6,10754.5,10763.5,11:40:00,10768.836255452154,4,30
2020-07-10,10750.45,10757.1,10748.3,10754.85,11:45:00,10767.08518350433,4,31
2020-07-10,10751.5,10757.1,10749.45,10750.3,11:50:00,10765.600880313445,4,32
2020-07-10,10748.65,10755.15,10744.5,10751.35,11:55:00,10763.986510759782,4,33
2020-07-10,10739.4,10753.6,10738.25,10748.35,12:00:00,10761.644938306468,4,34
2020-07-10,10739.35,10739.4,10730.4,10739.25,12:05:00,10759.52161084871,4,35
2020-07-10,10748.45,10748.85,10736.75,10739.05,12:10:00,10758.46717172026,4,36
2020-07-10,10721.65,10748.5,10717.35,10748.5,12:15:00,10754.960774413568,4,37
2020-07-10,10725.95,10725.95,10713.0,10722.05,12:20:00,10752.19784351704,4,38
2020-07-10,10718.3,10728.1,10715.3,10725.8,12:25:00,10748.969477467796,4,39
2020-07-10,10724.95,10724.95,10716.15,10719.0,12:30:00,10746.681908185148,4,40
2020-07-10,10732.25,10736.4,10722.85,10726.0,12:35:00,10745.307440738943,4,41
2020-07-10,10739.85,10742.35,10732.25,10732.35,12:40:00,10744.787684478091,4,42
2020-07-10,10754.65,10757.55,10737.45,10739.8,12:45:00,10745.726952623036,4,43
2020-07-10,10750.95,10755.25,10747.6,10754.85,12:50:00,10746.224385706557,4,44
2020-07-10,10762.35,10765.25,10747.05,10751.6,12:55:00,10747.760158496409,4,45
2020-07-10,10755.35,10768.6,10754.55,10762.1,13:00:00,10748.48300054437,4,46
2020-07-10,10761.4,10767.9,10754.45,10755.7,13:05:00,10749.713190968714,4,47
2020-07-10,10756.7,10775.75,10754.1,10761.75,13:10:00,10750.378601352648,4,48
2020-07-10,10753.7,10760.25,10750.5,10756.15,13:15:00,10750.694925033347,4,49
2020-07-10,10769.3,10770.0,10750.55,10753.65,13:20:00,10752.466836934933,4,50
2020-07-10,10777.6,10778.15,10763.15,10769.35,13:25:00,10754.860471512558,4,51
2020-07-10,10785.6,10790.3,10774.7,10778.0,13:30:00,10757.78804565422,4,52
2020-07-10,10788.45,10790.35,10777.7,10784.75,13:35:00,10760.708231782392,4,53
2020-07-10,10782.0,10796.0,10779.8,10789.65,13:40:00,10762.736019231688,4,54
2020-07-10,10769.05,10792.1,10767.5,10784.05,13:45:00,10763.337350733433,4,55
2020-07-10,10775.75,10779.3,10764.0,10769.6,13:50:00,10764.51950780644,4,56
2020-07-10,10765.25,10776.85,10764.55,10775.8,13:55:00,10764.58907849154,4,57
2020-07-10,10754.5,10765.5,10753.4,10765.5,14:00:00,10763.628213873297,4,58
2020-07-10,10753.55,10757.75,10742.85,10755.25,14:05:00,10762.6683839806,4,59
2020-07-10,10751.0,10756.4,10745.8,10754.0,14:10:00,10761.55710931578,4,60
2020-07-10,10754.75,10766.95,10748.1,10750.65,14:15:00,10760.908813190468,4,61
2020-07-10,10739.15,10755.15,10736.35,10754.2,14:20:00,10758.836545267566,4,62
2020-07-10,10750.6,10751.35,10737.95,10738.55,14:25:00,10758.05211238494,4,63
2020-07-10,10753.25,10759.6,10750.05,10751.4,14:30:00,10757.59476834828,4,64
2020-07-10,10766.65,10769.75,10752.7,10753.1,14:35:00,10758.45717136273,4,65
2020-07-10,10757.55,10766.9,10755.45,10766.85,14:40:00,10758.370774090088,4,66
2020-07-10,10764.35,10767.9,10758.0,10758.1,14:45:00,10758.940224176746,4,67
2020-07-10,10763.8,10768.9,10754.5,10764.3,14:50:00,10759.403059969436,4,68
2020-07-10,10769.4,10771.15,10762.75,10762.95,14:55:00,10760.355149496156,4,69
2020-07-10,10774.3,10786.1,10769.7,10770.1,15:00:00,10761.683230496525,4,70
2020-07-10,10771.15,10778.3,10770.95,10775.75,15:05:00,10762.58482759209,4,71
2020-07-10,10761.1,10772.85,10753.3,10770.45,15:10:00,10762.443415440464,4,72
2020-07-10,10764.3,10765.75,10756.55,10761.25,15:15:00,10762.62023301756,4,73
2020-07-10,10772.0,10778.6,10761.5,10763.4,15:20:00,10763.513544158744,4,74
2020-07-10,10772.6,10773.8,10769.0,10771.85,15:25:00,10764.378920905532,4,75
2020-07-13,10862.5,10866.4,10846.25,10847.75,09:15:00,10773.723785581196,0,1
2020-07-13,10865.0,10874.75,10861.3,10862.0,09:20:00,10782.416758382988,0,2
2020-07-13,10876.15,10877.85,10861.6,10865.6,09:25:00,10791.343733775084,0,3
2020-07-13,10880.6,10894.05,10875.05,10877.45,09:30:00,10799.84433055841,0,4
2020-07-13,10876.65,10886.85,10864.1,10881.25,09:35:00,10807.159156219514,0,5
2020-07-13,10871.0,10879.5,10862.2,10877.0,09:40:00,10813.23923657956,0,6
2020-07-13,10860.15,10880.35,10859.6,10872.0,09:45:00,10817.706928333888,0,7
2020-07-13,10851.65,10863.1,10848.5,10860.8,09:50:00,10820.9396018259,0,8
2020-07-13,10860.05,10860.45,10843.55,10851.55,09:55:00,10824.664401652004,0,9
2020-07-13,10872.75,10876.45,10858.05,10859.55,10:00:00,10829.243982447051,0,10
2020-07-13,10860.0,10874.0,10858.8,10873.4,10:05:00,10832.173126975904,0,11
2020-07-13,10857.6,10860.8,10852.15,10860.05,10:10:00,10834.59473393058,0,12
2020-07-13,10869.2,10872.8,10853.45,10857.4,10:15:00,10837.890473556236,0,13
2020-07-13,10865.8,10875.5,10861.95,10869.15,10:20:00,10840.548523693738,0,14
2020-07-13,10866.75,10868.3,10862.25,10866.25,10:25:00,10843.043902389572,0,15
2020-07-13,10860.95,10866.75,10856.7,10865.85,10:30:00,10844.749245019137,0,16
2020-07-13,10864.95,10868.3,10861.0,10861.05,10:35:00,10846.673126445883,0,17
2020-07-13,10871.95,10874.7,10864.25,10864.55,10:40:00,10849.080447736753,0,18
2020-07-13,10877.5,10882.35,10871.2,10871.2,10:45:00,10851.787071761824,0,19
2020-07-13,10875.15,10878.95,10871.2,10877.85,10:50:00,10854.012112546412,0,20
2020-07-13,10877.3,10878.35,10868.5,10874.1,10:55:00,10856.23000658961,0,21
2020-07-13,10876.8,10882.8,10873.65,10877.95,11:00:00,10858.189053581076,0,22
2020-07-13,10849.65,10879.4,10845.55,10877.15,11:05:00,10857.37581038288,0,23
2020-07-13,10835.1,10850.1,10823.95,10849.7,11:10:00,10855.254304632128,0,24
2020-07-13,10839.3,10842.95,10819.45,10835.55,11:15:00,10853.734847048116,0,25
2020-07-13,10843.35,10847.0,10837.4,10838.85,11:20:00,10852.745813995914,0,26
2020-07-13,10842.25,10849.1,10841.65,10843.1,11:25:00,10851.74621266297,0,27
2020-07-13,10846.3,10846.6,10837.0,10842.4,11:30:00,10851.227525742688,0,28
2020-07-13,10842.4,10852.4,10842.2,10846.0,11:35:00,10850.38680900529,0,29
2020-07-13,10824.85,10842.5,10824.85,10842.2,11:40:00,10847.954731957165,0,30
2020-07-13,10820.15,10835.45,10814.95,10825.35,11:45:00,10845.30666224696,0,31
2020-07-13,10822.5,10828.8,10818.25,10819.75,11:50:00,10843.13459917582,0,32
2020-07-13,10825.75,10828.75,10816.95,10822.2,11:55:00,10841.478923063838,0,33
2020-07-13,10819.2,10828.1,10811.05,10825.85,12:00:00,10839.357120867282,0,34
2020-07-13,10818.9,10825.6,10818.65,10819.8,12:05:00,10837.408823641828,0,35
2020-07-13,10807.25,10819.6,10807.25,10818.75,12:10:00,10834.536554723558,0,36
2020-07-13,10814.7,10817.9,10806.25,10808.1,12:15:00,10832.6473590356,0,37
2020-07-13,10804.6,10818.35,10804.55,10814.75,12:20:00,10829.97618198459,0,38
2020-07-13,10815.75,10816.5,10803.15,10805.6,12:25:00,10828.621307509868,0,39
2020-07-13,10825.7,10829.35,10814.95,10816.1,12:30:00,10828.343087747024,0,40
2020-07-13,10827.6,10838.1,10826.35,10826.35,12:35:00,10828.272317485404,0,41
2020-07-13,10813.95,10826.95,10813.85,10826.95,12:40:00,10826.908287248698,0,42
2020-07-13,10804.9,10815.1,10802.35,10814.75,12:45:00,10824.812259891678,0,43
2020-07-13,10812.5,10818.45,10803.75,10805.1,12:50:00,10823.639663711518,0,44
2020-07-13,10785.75,10813.55,10785.05,10812.45,12:55:00,10820.03112431042,0,45
2020-07-13,10795.45,10801.65,10784.2,10786.45,13:00:00,10817.690064852286,0,46
2020-07-13,10807.4,10808.2,10793.75,10795.9,13:05:00,10816.710058675875,0,47
2020-07-13,10811.25,10814.8,10801.95,10807.9,13:10:00,10816.190053087696,0,48
2020-07-13,10789.15,10812.9,10789.15,10811.05,13:15:00,10813.614809936487,0,49
2020-07-13,10796.85,10798.55,10788.65,10789.25,13:20:00,10812.018161371108,0,50
2020-07-13,10803.3,10804.4,10790.25,10796.5,13:25:00,10811.187860288144,0,51
2020-07-13,10778.15,10804.6,10772.85,10803.65,13:30:00,10808.04139740356,0,52
2020-07-13,10790.8,10792.75,10770.0,10778.3,13:35:00,10806.399359555602,0,53
2020-07-13,10778.25,10793.6,10777.55,10790.7,13:40:00,10803.718468169354,0,54
2020-07-13,10759.8,10782.85,10758.35,10778.7,13:45:00,10799.535756915133,0,55
2020-07-13,10762.5,10773.7,10759.85,10759.95,13:50:00,10796.008541970832,0,56
2020-07-13,10766.05,10766.6,10756.05,10762.55,13:55:00,10793.15534749742,0,57
2020-07-13,10768.25,10777.45,10765.1,10767.25,14:00:00,10790.783409640522,0,58
2020-07-13,10774.9,10778.5,10762.3,10768.7,14:05:00,10789.270703960472,0,59
2020-07-13,10785.2,10787.7,10775.35,10775.35,14:10:00,10788.883017869,0,60
2020-07-13,10783.75,10793.2,10776.0,10786.05,14:15:00,10788.394159024332,0,61
2020-07-13,10783.35,10785.65,10773.95,10784.0,14:20:00,10787.913762926775,0,62
2020-07-13,10773.45,10788.65,10769.1,10784.0,14:25:00,10786.536261695655,0,63
2020-07-13,10776.65,10784.85,10773.3,10773.3,14:30:00,10785.594712962737,0,64
2020-07-13,10775.1,10779.1,10770.9,10776.7,14:35:00,10784.595216490095,0,65
2020-07-13,10804.55,10806.35,10775.6,10775.6,14:40:00,10786.495672062469,0,66
2020-07-13,10803.5,10809.6,10801.35,10805.0,14:45:00,10788.11513186604,0,67
2020-07-13,10792.0,10804.45,10790.1,10804.3,14:50:00,10788.48511930737,0,68
2020-07-13,10814.3,10815.45,10791.25,10792.45,14:55:00,10790.943679373337,0,69
2020-07-13,10802.35,10814.3,10799.15,10814.25,15:00:00,10792.029995623492,0,70
2020-07-13,10802.0,10807.9,10800.85,10802.9,15:05:00,10792.979519849829,0,71
2020-07-13,10796.5,10803.55,10782.05,10802.25,15:10:00,10793.314803673651,0,72
2020-07-13,10808.7,10810.2,10793.9,10797.3,15:15:00,10794.780060466635,0,73
2020-07-13,10807.45,10818.3,10802.35,10808.75,15:20:00,10795.986721374577,0,74
2020-07-13,10815.2,10815.85,10805.7,10807.3,15:25:00,10797.81655743414,0,75
2020-07-14,10733.85,10745.5,10720.75,10745.5,09:15:00,10791.724504345177,1,1
2020-07-14,10726.6,10733.3,10710.1,10733.3,09:20:00,10785.522170598017,1,2
2020-07-14,10715.2,10732.0,10710.85,10726.2,09:25:00,10778.824821017251,1,3
2020-07-14,10725.1,10725.7,10703.05,10715.05,09:30:00,10773.708171396564,1,4
2020-07-14,10723.95,10733.9,10721.4,10725.35,09:35:00,10768.969297930224,1,5
2020-07-14,10706.4,10726.25,10704.85,10723.55,09:40:00,10763.010317174963,1,6
2020-07-14,10700.7,10712.0,10697.8,10706.85,09:45:00,10757.07600125354,1,7
2020-07-14,10711.55,10714.95,10698.5,10701.4,09:50:00,10752.740191610344,1,8
2020-07-14,10710.75,10718.6,10708.4,10711.6,09:55:00,10748.741125742694,1,9
2020-07-14,10724.6,10726.1,10710.75,10711.1,10:00:00,10746.441970910057,1,10
2020-07-14,10722.1,10724.35,10714.9,10723.75,10:05:00,10744.12368796624,1,11
2020-07-14,10717.65,10728.9,10717.4,10723.3,10:10:00,10741.602384350408,1,12
2020-07-14,10706.1,10717.5,10697.5,10717.5,10:15:00,10738.221204888465,1,13
2020-07-14,10691.5,10706.25,10686.95,10706.25,10:20:00,10733.77156632766,1,14
2020-07-14,10694.4,10698.95,10689.5,10690.85,10:25:00,10730.021893344072,1,15
2020-07-14,10684.35,10694.1,10682.45,10693.8,10:30:00,10725.672189216064,1,16
2020-07-14,10673.7,10684.7,10667.5,10684.7,10:35:00,10720.722456909773,1,17
2020-07-14,10664.3,10673.45,10657.4,10673.45,10:40:00,10715.348889585031,1,18
2020-07-14,10668.0,10672.0,10661.15,10664.2,10:45:00,10710.839471529314,1,19
2020-07-14,10653.65,10668.8,10651.65,10668.8,10:50:00,10705.39285519319,1,20
2020-07-14,10644.6,10654.3,10639.35,10654.3,10:55:00,10699.603059460504,1,21
2020-07-14,10636.15,10653.1,10634.55,10644.15,11:00:00,10693.559910940456,1,22
2020-07-14,10623.9,10637.2,10621.8,10636.45,11:05:00,10686.925633708031,1,23
2020-07-14,10628.65,10636.6,10616.65,10624.95,11:10:00,10681.375573354886,1,24
2020-07-14,10651.45,10652.55,10622.0,10628.05,11:15:00,10678.52551874966,1,25
2020-07-14,10637.0,10658.5,10637.0,10651.95,11:20:00,10674.570707440167,1,26
2020-07-14,10638.85,10647.9,10635.25,10637.8,11:25:00,10671.168735303008,1,27
2020-07-14,10651.85,10658.45,10638.95,10639.0,11:30:00,10669.328855750342,1,28
2020-07-14,10654.05,10657.35,10645.8,10651.5,11:35:00,10667.873726631262,1,29
2020-07-14,10664.55,10665.9,10654.8,10654.8,11:40:00,10667.557181237808,1,30
2020-07-14,10652.3,10665.55,10645.1,10663.8,11:45:00,10666.104116358016,1,31
2020-07-14,10650.15,10659.1,10648.35,10653.0,11:50:00,10664.584676704872,1,32
2020-07-14,10648.15,10656.95,10647.6,10650.4,11:55:00,10663.019469399644,1,33
2020-07-14,10639.85,10650.5,10637.55,10648.35,12:00:00,10660.812853266349,1,34
2020-07-14,10637.3,10641.1,10635.2,10640.4,12:05:00,10658.573533907647,1,35
2020-07-14,10638.25,10638.35,10629.05,10637.6,12:10:00,10656.637959249776,1,36
2020-07-14,10647.55,10652.25,10637.7,10638.05,12:15:00,10655.772439321225,1,37
2020-07-14,10645.25,10651.0,10642.6,10647.95,12:20:00,10654.770302243014,1,38
2020-07-14,10625.35,10645.4,10622.8,10645.15,12:25:00,10651.96836869606,1,39
2020-07-14,10609.15,10627.95,10609.15,10624.55,12:30:00,10647.890428820245,1,40
2020-07-14,10622.75,10624.35,10609.55,10610.3,12:35:00,10645.496102265935,1,41
2020-07-14,10620.35,10627.05,10619.9,10622.5,12:40:00,10643.101235383469,1,42
2020-07-14,10609.6,10620.3,10602.95,10619.6,12:45:00,10639.910641537424,1,43
2020-07-14,10600.7,10614.7,10597.9,10609.85,12:50:00,10636.176294724335,1,44
2020-07-14,10606.55,10606.55,10595.75,10600.2,12:55:00,10633.354742845826,1,45
2020-07-14,10590.8,10606.45,10590.8,10606.0,13:00:00,10629.301910193844,1,46
2020-07-14,10579.45,10598.7,10577.05,10589.75,13:05:00,10624.554109223,1,47
2020-07-14,10569.0,10579.6,10562.9,10578.5,13:10:00,10619.263241677954,1,48
2020-07-14,10581.05,10585.9,10567.5,10569.25,13:15:00,10615.623885327674,1,49
2020-07-14,10579.5,10584.65,10574.25,10580.7,13:20:00,10612.183515296469,1,50
2020-07-14,10592.35,10594.45,10577.5,10580.3,13:25:00,10610.294609077757,1,51
2020-07-14,10602.1,10605.05,10589.35,10591.3,13:30:00,10609.51417011797,1,52
2020-07-14,10624.55,10627.95,10593.75,10602.2,13:35:00,10610.946153916258,1,53
2020-07-14,10621.7,10636.3,10616.9,10623.7,13:40:00,10611.970329733758,1,54
2020-07-14,10618.4,10628.1,10616.9,10620.9,13:45:00,10612.582679282925,1,55
2020-07-14,10632.55,10638.05,10616.1,10618.95,13:50:00,10614.484328875023,1,56
2020-07-14,10622.65,10634.9,10616.45,10632.15,13:55:00,10615.262011839308,1,57
2020-07-14,10624.95,10634.35,10621.55,10622.4,14:00:00,10616.184677378422,1,58
2020-07-14,10625.4,10626.1,10617.3,10625.15,14:05:00,10617.062327151909,1,59
2020-07-14,10631.7,10633.7,10620.65,10625.15,14:10:00,10618.456391232678,1,60
2020-07-14,10630.55,10644.05,10630.55,10631.2,14:15:00,10619.608163496232,1,61
2020-07-14,10601.25,10630.45,10600.05,10630.45,14:20:00,10617.85976697278,1,62
2020-07-14,10605.45,10615.5,10600.9,10600.9,14:25:00,10616.677884403944,1,63
2020-07-14,10616.85,10620.8,10604.2,10605.7,14:30:00,10616.694276365472,1,64
2020-07-14,10613.25,10619.6,10608.25,10616.2,14:35:00,10616.366250044952,1,65
2020-07-14,10610.5,10613.5,10603.75,10613.05,14:40:00,10615.80755956448,1,66
2020-07-14,10620.95,10625.45,10607.3,10610.15,14:45:00,10616.297315796435,1,67
2020-07-14,10623.25,10627.0,10618.15,10620.75,14:50:00,10616.959476196776,1,68
2020-07-14,10623.6,10627.85,10621.05,10623.3,14:55:00,10617.591907035176,1,69
2020-07-14,10594.35,10629.2,10593.6,10623.35,15:00:00,10615.378392079449,1,70
2020-07-14,10599.2,10604.55,10594.8,10594.85,15:05:00,10613.837592833786,1,71
2020-07-14,10610.3,10612.0,10595.3,10599.25,15:10:00,10613.500679230568,1,72
2020-07-14,10611.7,10619.8,10609.9,10609.9,15:15:00,10613.329185970517,1,73
2020-07-14,10605.15,10616.05,10600.3,10611.25,15:20:00,10612.550215878086,1,74
2020-07-14,10609.75,10610.15,10602.35,10604.7,15:25:00,10612.283528651602,1,75
2020-07-15,10699.1,10706.25,10683.45,10695.5,09:15:00,10628.032548397345,2,1
2020-07-15,10700.15,10706.4,10689.0,10699.35,09:20:00,10634.900877121408,2,2
2020-07-15,10713.9,10722.75,10699.3,10699.35,09:25:00,10642.424603109845,2,3
2020-07-15,10738.15,10739.95,10714.65,10714.65,09:30:00,10651.541307575571,2,4
2020-07-15,10734.45,10741.45,10726.05,10737.45,09:35:00,10659.437373520756,2,5
2020-07-15,10728.75,10738.55,10727.5,10734.4,09:40:00,10666.038576042589,2,6
2020-07-15,10726.35,10735.05,10722.75,10729.0,09:45:00,10671.782521181389,2,7
2020-07-15,10741.8,10743.1,10724.9,10726.45,09:50:00,10678.450852497446,2,8
2020-07-15,10744.65,10750.3,10738.65,10742.05,09:55:00,10684.755533211974,2,9
2020-07-15,10748.05,10752.4,10744.6,10744.85,10:00:00,10690.783577667977,2,10
2020-07-15,10759.2,10759.3,10740.35,10748.2,10:05:00,10697.299427413884,2,11
2020-07-15,10756.3,10765.8,10754.3,10760.0,10:10:00,10702.918529564942,2,12
2020-07-15,10771.35,10776.5,10755.3,10755.85,10:15:00,10709.43581246352,2,13
2020-07-15,10774.8,10779.25,10770.75,10770.75,10:20:00,10715.66097318128,2,14
2020-07-15,10780.85,10784.7,10771.85,10774.05,10:25:00,10721.86945192592,2,15
2020-07-15,10788.5,10802.7,10780.2,10780.2,10:30:00,10728.215218409165,2,16
2020-07-15,10788.45,10799.35,10787.25,10789.3,10:35:00,10733.95186427496,2,17
2020-07-15,10798.9,10798.95,10784.8,10788.2,10:40:00,10740.137401010676,2,18
2020-07-15,10797.7,10799.8,10789.75,10798.2,10:45:00,10745.619553295375,2,19
2020-07-15,10784.75,10800.25,10781.45,10797.05,10:50:00,10749.34626250534,2,20
2020-07-15,10799.0,10805.25,10782.2,10784.4,10:55:00,10754.075189885783,2,21
2020-07-15,10809.9,10809.9,10795.1,10798.4,11:00:00,10759.39183846809,2,22
2020-07-15,10796.85,10810.6,10795.55,10809.3,11:05:00,10762.95928242351,2,23
2020-07-15,10800.35,10805.65,10795.35,10797.05,11:10:00,10766.52030314508,2,24
2020-07-15,10803.55,10807.7,10800.05,10800.05,11:15:00,10770.046940940789,2,25
2020-07-15,10813.05,10820.55,10802.9,10803.25,11:20:00,10774.142470374998,2,26
2020-07-15,10821.3,10822.25,10809.85,10813.0,11:25:00,10778.633663672616,2,27
2020-07-15,10816.85,10827.45,10816.35,10820.8,11:30:00,10782.273314751415,2,28
2020-07-15,10823.25,10823.4,10815.7,10816.9,11:35:00,10786.17585620366,2,29
2020-07-15,10820.25,10825.1,10816.9,10823.3,11:40:00,10789.421012755694,2,30
2020-07-15,10819.8,10826.75,10815.5,10820.15,11:45:00,10792.314249636103,2,31
2020-07-15,10813.5,10819.6,10806.75,10818.9,11:50:00,10794.331940146953,2,32
2020-07-15,10803.2,10813.4,10790.1,10812.75,11:55:00,10795.176517275817,2,33
2020-07-15,10787.35,10802.75,10780.3,10802.4,12:00:00,10794.431134678118,2,34
2020-07-15,10795.95,10797.65,10786.75,10786.75,12:05:00,10794.575788518296,2,35
2020-07-15,10784.1,10796.75,10783.45,10795.75,12:10:00,10793.578094373695,2,36
2020-07-15,10774.6,10783.95,10761.6,10783.95,12:15:00,10791.770656814297,2,37
2020-07-15,10770.2,10778.75,10767.15,10774.35,12:20:00,10789.716308546267,2,38
2020-07-15,10777.15,10779.95,10769.05,10770.05,12:25:00,10788.519517256149,2,39
2020-07-15,10787.8,10793.75,10776.55,10776.7,12:30:00,10788.45099180318,2,40
2020-07-15,10777.85,10789.85,10772.85,10786.85,12:35:00,10787.44137353621,2,41
2020-07-15,10771.55,10777.9,10767.6,10777.15,12:40:00,10785.927909389906,2,42
2020-07-15,10779.3,10781.75,10769.9,10771.15,12:45:00,10785.2966799242,2,43
2020-07-15,10783.6,10790.4,10778.4,10778.55,12:50:00,10785.13509135999,2,44
2020-07-15,10783.15,10786.85,10776.7,10782.95,12:55:00,10784.946035039991,2,45
2020-07-15,10786.45,10790.0,10780.5,10783.5,13:00:00,10785.089269798087,2,46
2020-07-15,10776.7,10787.35,10776.7,10785.4,13:05:00,10784.290291722082,2,47
2020-07-15,10793.7,10797.1,10776.55,10776.55,13:10:00,10785.186454415218,2,48
2020-07-15,10793.05,10793.85,10785.05,10792.95,13:15:00,10785.93536351853,2,49
2020-07-15,10790.65,10793.0,10785.65,10792.55,13:20:00,10786.384376516766,2,50
2020-07-15,10803.25,10807.0,10790.8,10790.8,13:25:00,10787.990626372311,2,51
2020-07-15,10804.3,10808.05,10796.8,10803.05,13:30:00,10789.54390005114,2,52
2020-07-15,10811.55,10811.6,10799.0,10804.4,13:35:00,10791.639719093888,2,53
2020-07-15,10802.75,10811.1,10802.75,10810.85,13:40:00,10792.697841084946,2,54
2020-07-15,10791.75,10803.4,10785.15,10802.9,13:45:00,10792.607570505426,2,55
2020-07-15,10801.4,10808.45,10790.75,10791.4,13:50:00,10793.444944743003,2,56
2020-07-15,10811.15,10811.7,10794.8,10801.6,13:55:00,10795.131140481766,2,57
2020-07-15,10795.6,10813.9,10782.35,10811.35,14:00:00,10795.175793769216,2,58
2020-07-15,10794.4,10800.1,10789.0,10795.0,14:05:00,10795.101908648336,2,59
2020-07-15,10786.2,10794.85,10776.85,10794.05,14:10:00,10794.254107824689,2,60
2020-07-15,10767.25,10785.95,10762.2,10785.95,14:15:00,10791.68228803186,2,61
2020-07-15,10736.6,10767.15,10724.2,10767.15,14:20:00,10786.436355838348,2,62
2020-07-15,10738.0,10744.15,10728.8,10736.0,14:25:00,10781.823369568028,2,63
2020-07-15,10723.9,10739.1,10720.9,10737.45,14:30:00,10776.306858180598,2,64
2020-07-15,10668.65,10723.75,10647.3,10723.3,14:35:00,10766.05382406816,2,65
2020-07-15,10689.55,10702.45,10664.9,10669.35,14:40:00,10758.767745585475,2,66
2020-07-15,10680.9,10693.85,10670.15,10689.85,14:45:00,10751.351769815432,2,67
2020-07-15,10699.0,10700.9,10677.25,10680.95,14:50:00,10746.365886975867,2,68
2020-07-15,10695.8,10711.75,10695.8,10698.55,14:55:00,10741.55008821626,2,69
2020-07-15,10669.95,10695.8,10666.9,10695.75,15:00:00,10734.731032195665,2,70
2020-07-15,10615.75,10672.85,10614.35,10669.65,15:05:00,10723.399505319889,2,71
2020-07-15,10600.2,10622.55,10577.75,10614.95,15:10:00,10711.666219098945,2,72
2020-07-15,10598.85,10607.05,10587.2,10599.35,15:15:00,10700.921817279996,2,73
2020-07-15,10616.55,10616.55,10582.35,10598.45,15:20:00,10692.886406110474,2,74
2020-07-15,10635.45,10637.9,10615.55,10616.75,15:25:00,10687.41627219519,2,75
2020-07-16,10624.0,10696.3,10608.45,10696.3,09:15:00,10681.37662722422,3,1
2020-07-16,10634.15,10654.95,10625.95,10625.95,09:20:00,10676.878853202865,3,2
2020-07-16,10599.3,10635.35,10597.15,10633.7,09:25:00,10669.490390993067,3,3
2020-07-16,10616.85,10620.75,10595.2,10600.7,09:30:00,10664.4770204223,3,4
2020-07-16,10634.0,10634.0,10606.5,10615.9,09:35:00,10661.574447048748,3,5
2020-07-16,10654.05,10657.2,10632.15,10634.9,09:40:00,10660.857833044103,3,6
2020-07-16,10666.6,10671.15,10649.05,10653.35,09:45:00,10661.404706087524,3,7
2020-07-16,10680.75,10684.8,10665.05,10666.4,09:50:00,10663.24711503157,3,8
2020-07-16,10668.65,10683.75,10659.4,10680.6,09:55:00,10663.761675504751,3,9
2020-07-16,10668.05,10671.9,10653.8,10668.55,10:00:00,10664.170087361445,3,10
2020-07-16,10674.95,10678.05,10666.5,10668.3,10:05:00,10665.196745707972,3,11
2020-07-16,10670.4,10677.1,10667.35,10674.1,10:10:00,10665.692293735783,3,12
2020-07-16,10677.45,10679.25,10659.8,10669.85,10:15:00,10666.812075284755,3,13
2020-07-16,10694.9,10697.2,10671.15,10676.25,10:20:00,10669.487115733828,3,14
2020-07-16,10696.2,10701.8,10688.4,10695.3,10:25:00,10672.031199949655,3,15
2020-07-16,10668.25,10701.75,10668.25,10696.25,10:30:00,10671.671085668737,3,16
2020-07-16,10670.1,10677.75,10661.3,10667.75,10:35:00,10671.52145846219,3,17
2020-07-16,10677.0,10684.25,10669.75,10670.05,10:40:00,10672.043224322932,3,18
2020-07-16,10673.35,10686.8,10667.1,10677.25,10:45:00,10672.16767914932,3,19
2020-07-16,10652.2,10674.8,10652.2,10672.85,10:50:00,10670.265995420814,3,20
2020-07-16,10655.5,10659.0,10643.25,10651.4,10:55:00,10668.85971014264,3,21
2020-07-16,10635.85,10669.05,10634.7,10656.15,11:00:00,10665.715928224294,3,22
2020-07-16,10638.45,10648.3,10634.75,10636.25,11:05:00,10663.119173155312,3,23
2020-07-16,10650.85,10651.8,10628.55,10637.25,11:10:00,10661.950680473854,3,24
2020-07-16,10651.4,10653.3,10639.1,10650.55,11:15:00,10660.945853762058,3,25
2020-07-16,10663.35,10664.8,10650.7,10650.7,11:20:00,10661.174820070431,3,26
2020-07-16,10647.6,10667.95,10646.35,10664.95,11:25:00,10659.881980063725,3,27
2020-07-16,10669.1,10677.45,10647.2,10647.2,11:30:00,10660.75988672432,3,28
2020-07-16,10677.05,10679.75,10667.05,10668.35,11:35:00,10662.31132608391,3,29
2020-07-16,10675.7,10680.65,10662.5,10677.9,11:40:00,10663.586437885444,3,30
2020-07-16,10663.7,10681.35,10663.7,10676.1,11:45:00,10663.597253324926,3,31
2020-07-16,10679.95,10681.85,10660.1,10663.8,11:50:00,10665.15465777017,3,32
2020-07-16,10670.4,10686.75,10670.25,10680.25,11:55:00,10665.654214173011,3,33
2020-07-16,10666.7,10681.7,10666.7,10671.4,12:00:00,10665.7538128232,3,34
2020-07-16,10648.8,10665.95,10642.95,10665.5,12:05:00,10664.139163982896,3,35
2020-07-16,10650.55,10660.95,10646.95,10648.9,12:10:00,10662.844957889289,3,36
2020-07-16,10655.0,10661.25,10645.55,10650.75,12:15:00,10662.097819042689,3,37
2020-07-16,10645.2,10662.3,10644.35,10655.1,12:20:00,10660.488502943386,3,38
2020-07-16,10644.5,10647.6,10631.8,10644.5,12:25:00,10658.965788377349,3,39
2020-07-16,10653.8,10663.2,10639.6,10643.7,12:30:00,10658.473808531888,3,40
2020-07-16,10660.6,10660.6,10647.15,10653.45,12:35:00,10658.67630295742,3,41
2020-07-16,10657.05,10665.3,10653.4,10660.65,12:40:00,10658.521416961476,3,42
2020-07-16,10661.0,10670.7,10657.15,10657.4,12:45:00,10658.757472488956,3,43
2020-07-16,10663.15,10671.6,10660.5,10661.15,12:50:00,10659.17580844239,3,44
2020-07-16,10653.3,10663.75,10649.35,10663.25,12:55:00,10658.616207638352,3,45
2020-07-16,10645.6,10652.6,10634.05,10652.6,13:00:00,10657.37656881565,3,46
2020-07-16,10648.85,10657.15,10639.4,10645.8,13:05:00,10656.56451464273,3,47
2020-07-16,10645.3,10653.3,10644.75,10648.5,13:10:00,10655.491703724376,3,48
2020-07-16,10654.85,10659.25,10641.35,10645.05,13:15:00,10655.43058908396,3,49
2020-07-16,10660.85,10664.9,10654.75,10655.2,13:20:00,10655.946723456917,3,50
2020-07-16,10659.05,10664.25,10654.15,10660.15,13:25:00,10656.242273603875,3,51
2020-07-16,10680.0,10681.6,10651.95,10659.15,13:30:00,10658.504914213032,3,52
2020-07-16,10674.6,10686.6,10672.25,10679.35,13:35:00,10660.037779526076,3,53
2020-07-16,10677.75,10683.55,10669.55,10675.0,13:40:00,10661.724657666451,3,54
2020-07-16,10665.7,10686.95,10660.35,10678.35,13:45:00,10662.103261698216,3,55
2020-07-16,10668.8,10672.4,10661.1,10666.05,13:50:00,10662.741046298388,3,56
2020-07-16,10666.35,10671.45,10655.5,10669.45,13:55:00,10663.084756174732,3,57
2020-07-16,10661.75,10675.4,10659.45,10665.85,14:00:00,10662.957636539044,3,58
2020-07-16,10651.3,10662.45,10646.25,10661.65,14:05:00,10661.847385440087,3,59
2020-07-16,10660.15,10660.15,10645.55,10652.55,14:10:00,10661.685729683888,3,60
2020-07-16,10665.8,10671.2,10655.5,10660.7,14:15:00,10662.07756495209,3,61
2020-07-16,10675.45,10679.6,10660.75,10665.75,14:20:00,10663.351130194747,3,62
2020-07-16,10677.8,10684.1,10671.9,10674.85,14:25:00,10664.727213033342,3,63
2020-07-16,10670.6,10678.85,10656.3,10678.0,14:30:00,10665.286526077783,3,64
2020-07-16,10669.7,10674.85,10663.2,10670.55,14:35:00,10665.70685692752,3,65
2020-07-16,10674.85,10682.3,10668.25,10670.55,14:40:00,10666.577632458231,3,66
2020-07-16,10706.75,10706.75,10669.15,10674.95,14:45:00,10670.403572224111,3,67
2020-07-16,10713.6,10715.5,10694.25,10707.1,14:50:00,10674.51751772658,3,68
2020-07-16,10718.8,10719.7,10702.15,10713.4,14:55:00,10678.734896990714,3,69
2020-07-16,10724.85,10740.25,10718.95,10718.95,15:00:00,10683.126811563026,3,70
2020-07-16,10747.35,10748.55,10724.15,10725.25,15:05:00,10689.24330569988,3,71
2020-07-16,10746.05,10755.3,10739.75,10748.6,15:10:00,10694.653467061797,3,72
2020-07-16,10742.05,10745.8,10733.65,10745.8,15:15:00,10699.167422579718,3,73
2020-07-16,10726.5,10752.15,10725.5,10742.9,15:20:00,10701.770525191174,3,74
2020-07-16,10728.45,10731.95,10723.1,10726.05,15:25:00,10704.31142755392,3,75
2020-07-17,10793.95,10800.45,10749.65,10749.65,09:15:00,10712.848434453546,4,1
2020-07-17,10799.45,10805.85,10788.05,10795.95,09:20:00,10721.096202600827,4,2
2020-07-17,10805.95,10807.15,10779.0,10799.4,09:25:00,10729.177516638843,4,3
2020-07-17,10809.65,10817.95,10805.9,10807.35,09:30:00,10736.84156267324,4,4
2020-07-17,10798.2,10810.1,10791.15,10810.1,09:35:00,10742.685223371029,4,5
2020-07-17,10795.85,10807.95,10794.1,10798.7,09:40:00,10747.748535430928,4,6
2020-07-17,10810.0,10810.05,10783.95,10796.55,09:45:00,10753.677246342268,4,7
2020-07-17,10796.95,10810.55,10795.35,10809.35,09:50:00,10757.798460976335,4,8
2020-07-17,10798.85,10804.8,10782.65,10796.6,09:55:00,10761.708131359544,4,9
2020-07-17,10802.8,10805.1,10794.95,10799.05,10:00:00,10765.621642658636,4,10
2020-07-17,10792.95,10807.35,10789.45,10802.3,10:05:00,10768.224343357811,4,11
2020-07-17,10808.95,10809.2,10792.2,10792.35,10:10:00,10772.102977323735,4,12
2020-07-17,10801.25,10811.7,10797.85,10807.95,10:15:00,10774.878884245283,4,13
2020-07-17,10812.6,10817.15,10799.7,10800.85,10:20:00,10778.47137146002,4,14
2020-07-17,10809.15,10813.45,10803.0,10813.25,10:25:00,10781.393145606686,4,15
2020-07-17,10811.65,10819.2,10801.7,10810.0,10:30:00,10784.274750787,4,16
2020-07-17,10814.75,10820.75,10810.8,10812.1,10:35:00,10787.177155473952,4,17
2020-07-17,10814.65,10821.55,10813.7,10815.35,10:40:00,10789.793616857389,4,18
2020-07-17,10788.1,10816.6,10784.65,10815.05,10:45:00,10789.632320013823,4,19
2020-07-17,10802.95,10804.45,10781.2,10786.85,10:50:00,10790.9006704887,4,20
2020-07-17,10806.3,10811.35,10798.6,10803.0,10:55:00,10792.3672732993,4,21
2020-07-17,10806.6,10815.9,10806.2,10806.85,11:00:00,10793.72277108032,4,22
2020-07-17,10803.6,10815.15,10798.85,10806.75,11:05:00,10794.66345954886,4,23
2020-07-17,10811.85,10813.35,10798.05,10803.55,11:10:00,10796.30027292516,4,24
2020-07-17,10813.85,10819.15,10802.6,10811.7,11:15:00,10797.971675503715,4,25
2020-07-17,10819.75,10823.1,10812.9,10814.2,11:20:00,10800.045801646222,4,26
2020-07-17,10829.3,10832.0,10816.3,10819.9,11:25:00,10802.831915775154,4,27
2020-07-17,10818.55,10835.1,10817.95,10829.1,11:30:00,10804.32887617752,4,28
2020-07-17,10812.8,10819.1,10803.9,10818.5,11:35:00,10805.1356498749,4,29
2020-07-17,10813.5,10819.2,10808.8,10814.25,11:40:00,10805.932254648718,4,30
2020-07-17,10814.0,10821.15,10812.2,10813.7,11:45:00,10806.70061134884,4,31
2020-07-17,10810.1,10817.5,10806.65,10813.25,11:50:00,10807.02436264895,4,32
2020-07-17,10808.95,10813.65,10801.95,10810.95,11:55:00,10807.207756682385,4,33
2020-07-17,10813.35,10816.15,10803.65,10810.1,12:00:00,10807.79273223644,4,34
2020-07-17,10811.1,10817.0,10808.0,10813.25,12:05:00,10808.107710118686,4,35
2020-07-17,10817.95,10820.05,10806.3,10810.85,12:10:00,10809.045071059763,4,36
2020-07-17,10813.25,10824.9,10813.25,10817.75,12:15:00,10809.445540482644,4,37
2020-07-17,10815.95,10818.3,10808.85,10812.95,12:20:00,10810.065012817631,4,38
2020-07-17,10815.7,10820.75,10811.9,10815.7,12:25:00,10810.60167826357,4,39
2020-07-17,10822.65,10825.7,10810.5,10813.65,12:30:00,10811.749137476563,4,40
2020-07-17,10821.35,10824.1,10818.05,10821.8,12:35:00,10812.66350533594,4,41
2020-07-17,10825.4,10834.15,10819.7,10821.65,12:40:00,10813.876504827756,4,42
2020-07-17,10824.35,10829.0,10821.75,10825.35,12:45:00,10814.873980558446,4,43
2020-07-17,10812.5,10829.0,10805.25,10825.4,12:50:00,10814.647887171928,4,44
2020-07-17,10801.85,10813.15,10801.85,10813.15,12:55:00,10813.4290407746,4,45
2020-07-17,10798.05,10804.6,10797.8,10802.5,13:00:00,10811.96437022464,4,46
2020-07-17,10798.7,10811.25,10797.75,10797.75,13:05:00,10810.701096869912,4,47
2020-07-17,10802.15,10804.95,10798.05,10798.05,13:10:00,10809.886706691825,4,48
2020-07-17,10807.45,10815.05,10802.3,10802.35,13:15:00,10809.654639387842,4,49
2020-07-17,10808.8,10813.05,10803.95,10807.55,13:20:00,10809.573245160427,4,50
2020-07-17,10802.3,10811.85,10800.3,10809.2,13:25:00,10808.880555145148,4,51
2020-07-17,10793.15,10801.95,10781.5,10801.95,13:30:00,10807.382407036086,4,52
2020-07-17,10812.6,10813.2,10790.45,10792.65,13:35:00,10807.879320651697,4,53
2020-07-17,10814.05,10820.5,10805.85,10812.95,13:40:00,10808.467004399154,4,54
2020-07-17,10812.2,10822.7,10808.55,10813.2,13:45:00,10808.82252778971,4,55
2020-07-17,10815.35,10815.35,10805.45,10812.1,13:50:00,10809.444191809738,4,56
2020-07-17,10806.2,10818.55,10798.2,10814.4,13:55:00,10809.135221161192,4,57
2020-07-17,10817.25,10818.15,10795.9,10805.35,14:00:00,10809.908057241078,4,58
2020-07-17,10838.15,10840.45,10813.5,10816.95,14:05:00,10812.59776607526,4,59
2020-07-17,10834.8,10848.55,10834.8,10838.75,14:10:00,10814.712264544283,4,60
2020-07-17,10835.85,10837.75,10825.35,10834.0,14:15:00,10816.725382206732,4,61
2020-07-17,10827.3,10844.4,10825.5,10834.35,14:20:00,10817.732488663234,4,62
2020-07-17,10835.15,10838.2,10822.15,10827.95,14:25:00,10819.391299266736,4,63
2020-07-17,10822.35,10835.9,10820.85,10835.0,14:30:00,10819.673080288952,4,64
2020-07-17,10833.25,10835.2,10822.05,10822.5,14:35:00,10820.966120261432,4,65
2020-07-17,10857.5,10860.5,10832.4,10833.55,14:40:00,10824.445537379392,4,66
2020-07-17,10877.4,10880.4,10852.1,10857.05,14:45:00,10829.488819533735,4,67
2020-07-17,10874.05,10878.85,10869.6,10877.55,14:50:00,10833.732741482903,4,68
2020-07-17,10864.35,10874.15,10859.85,10873.4,14:55:00,10836.648670865488,4,69
2020-07-17,10881.5,10887.9,10863.8,10864.15,15:00:00,10840.920226021157,4,70
2020-07-17,10881.3,10884.1,10874.4,10882.35,15:05:00,10844.765918781046,4,71
2020-07-17,10900.9,10901.5,10880.3,10881.9,15:10:00,10850.11202175428,4,72
2020-07-17,10904.55,10914.0,10899.0,10902.3,15:15:00,10855.296591111017,4,73
2020-07-17,10924.65,10930.0,10905.0,10905.85,15:20:00,10861.90167767187,4,74
2020-07-17,10927.85,10933.45,10924.25,10924.5,15:25:00,10868.18247027455,4,75
2020-07-20,10981.65,10993.45,10956.9,10978.45,09:15:00,10878.988901676974,0,1
2020-07-20,10994.5,11004.65,10983.05,10983.45,09:20:00,10889.98995866012,0,2
2020-07-20,11000.75,11013.9,10990.65,10995.45,09:25:00,10900.538534025822,0,3
2020-07-20,10996.05,11010.1,10993.05,11002.55,09:30:00,10909.6348641186,0,4
2020-07-20,11003.35,11011.95,10996.75,10996.9,09:35:00,10918.560115154924,0,5
2020-07-20,11002.1,11008.3,10992.05,11002.8,09:40:00,10926.51629466398,0,6
2020-07-20,11014.35,11017.35,10996.45,11001.95,09:45:00,10934.881409457888,0,7
2020-07-20,11004.1,11013.2,11001.3,11012.3,09:50:00,10941.473656176184,0,8
2020-07-20,10999.85,11008.2,10999.85,11003.65,09:55:00,10947.033307968928,0,9
2020-07-20,11005.9,11011.0,10993.45,10999.65,10:00:00,10952.639659590934,0,10
2020-07-20,11009.25,11010.7,11005.5,11005.5,10:05:00,10958.031120582273,0,11
2020-07-20,10999.45,11012.75,10999.45,11008.75,10:10:00,10961.975775764911,0,12
2020-07-20,11013.5,11015.65,10999.2,11000.0,10:15:00,10966.882844739685,0,13
2020-07-20,11012.0,11014.65,11006.1,11010.05,10:20:00,10971.179716669236,0,14
2020-07-20,11009.1,11017.7,11008.4,11010.35,10:25:00,10974.791172224546,0,15
2020-07-20,11000.1,11011.85,10986.2,11009.4,10:30:00,10977.20153677459,0,16
2020-07-20,10973.1,11000.25,10972.4,10999.75,10:35:00,10976.810914224629,0,17
2020-07-20,10979.55,10981.75,10965.8,10973.3,10:40:00,10977.071779536567,0,18
2020-07-20,10975.55,10979.05,10969.2,10979.05,10:45:00,10976.926848152132,0,19
2020-07-20,10982.2,10989.15,10975.05,10975.3,10:50:00,10977.429053090023,0,20
2020-07-20,10970.7,10983.05,10966.85,10983.05,10:55:00,10976.788190890977,0,21
2020-07-20,10974.35,10979.75,10969.9,10970.35,11:00:00,10976.555982234691,0,22
2020-07-20,10982.85,10985.3,10971.0,10974.6,11:05:00,10977.155412498054,0,23
2020-07-20,10981.95,10983.0,10974.55,10982.4,11:10:00,10977.612039879192,0,24
2020-07-20,10980.2,10982.4,10975.7,10981.7,11:15:00,10977.85851227165,0,25
2020-07-20,10975.85,10981.4,10975.85,10979.55,11:20:00,10977.667225388635,0,26
2020-07-20,10974.0,10982.3,10971.2,10975.65,11:25:00,10977.317965827811,0,27
2020-07-20,10966.8,10974.1,10963.65,10974.1,11:30:00,10976.316254796591,0,28
2020-07-20,10978.3,10980.25,10965.85,10966.7,11:35:00,10976.505182911202,0,29
2020-07-20,10974.4,10979.65,10972.1,10977.8,11:40:00,10976.30468930061,0,30
2020-07-20,10971.65,10974.6,10965.75,10974.1,11:45:00,10975.861385557697,0,31
2020-07-20,10982.05,10983.55,10969.65,10971.1,11:50:00,10976.450777409344,0,32
2020-07-20,10986.4,10997.4,10982.5,10982.95,11:55:00,10977.39832241798,0,33
2020-07-20,10988.0,10994.0,10985.75,10986.75,12:00:00,10978.40800599722,0,34
2020-07-20,10985.9,10991.3,10981.3,10987.85,12:05:00,10979.12152923558,0,35
2020-07-20,10978.95,10987.7,10976.9,10985.85,12:10:00,10979.105193117904,0,36
2020-07-20,10971.9,10979.15,10967.75,10979.15,12:15:00,10978.418984249533,0,37
2020-07-20,10977.0,10981.75,10971.0,10973.3,12:20:00,10978.283842892431,0,38
2020-07-20,10980.6,10983.9,10975.4,10978.4,12:25:00,10978.50442928363,0,39
2020-07-20,10978.5,10981.95,10975.85,10980.5,12:30:00,10978.504007447093,0,40
2020-07-20,10976.8,10979.9,10974.4,10978.6,12:35:00,10978.34172102356,0,41
2020-07-20,10980.0,10984.5,10972.1,10976.5,12:40:00,10978.49965235465,0,42
2020-07-20,10977.35,10983.15,10975.0,10980.35,12:45:00,10978.390161654208,0,43
2020-07-20,10981.8,10984.05,10977.0,10977.75,12:50:00,10978.71490816333,0,44
2020-07-20,10984.5,10989.3,10981.0,10982.15,12:55:00,10979.265869290632,0,45
2020-07-20,10982.25,10986.05,10976.55,10985.05,13:00:00,10979.550072215332,0,46
2020-07-20,10988.9,10989.75,10980.85,10982.4,13:05:00,10980.440541528158,0,47
2020-07-20,10996.3,11001.35,10984.7,10988.1,13:10:00,10981.950966144525,0,48
2020-07-20,11000.7,11001.95,10995.8,10998.45,13:15:00,10983.736588416476,0,49
2020-07-20,11006.7,11010.9,10999.65,11001.4,13:20:00,10985.92357999586,0,50
2020-07-20,11002.4,11007.5,11001.4,11007.5,13:25:00,10987.492762853395,0,51
2020-07-20,10959.05,11006.3,10953.0,11003.7,13:30:00,10984.78392829593,0,52
2020-07-20,10971.05,10976.25,10955.15,10960.9,13:35:00,10983.47593512489,0,53
2020-07-20,10976.3,10983.05,10971.75,10974.35,13:40:00,10982.792512732043,0,54
2020-07-20,10981.05,10981.55,10970.5,10978.85,13:45:00,10982.626559138516,0,55
2020-07-20,10976.7,10979.9,10971.6,10977.85,13:50:00,10982.062124934848,0,56
2020-07-20,10975.85,10980.95,10974.35,10976.35,13:55:00,10981.470493988672,0,57
2020-07-20,11007.25,11016.5,10971.6,10975.35,14:00:00,10983.925685037371,0,58
2020-07-20,11002.95,11012.45,11001.3,11008.25,14:05:00,10985.737524557622,0,59
2020-07-20,11021.65,11027.25,11000.65,11002.25,14:10:00,10989.157760314038,0,60
2020-07-20,11018.85,11030.6,11016.6,11021.9,14:15:00,10991.985592665082,0,61
2020-07-20,11009.8,11022.55,10996.05,11018.55,14:20:00,10993.682202887454,0,62
2020-07-20,11007.7,11019.9,11007.3,11010.0,14:25:00,10995.017231183889,0,63
2020-07-20,11000.4,11010.2,10989.7,11008.1,14:30:00,10995.52987583304,0,64
2020-07-20,11010.4,11015.1,10999.5,11000.85,14:35:00,10996.946078134655,0,65
2020-07-20,11014.05,11014.05,11004.75,11012.85,14:40:00,10998.575023074214,0,66
2020-07-20,11009.7,11016.6,11006.8,11014.7,14:45:00,10999.634544686192,0,67
2020-07-20,11005.45,11012.65,10992.35,11009.95,14:50:00,11000.188397573222,0,68
2020-07-20,11009.95,11013.6,11004.25,11005.6,14:55:00,11001.11807399482,0,69
2020-07-20,11010.05,11025.75,11008.3,11010.35,15:00:00,11001.968733614362,0,70
2020-07-20,11022.2,11028.65,11009.6,11010.65,15:05:00,11003.895520889184,0,71
2020-07-20,11032.2,11035.4,11009.65,11023.2,15:10:00,11006.591185566404,0,72
2020-07-20,11027.45,11032.8,11019.45,11032.8,15:15:00,11008.577739321989,0,73
2020-07-20,11029.3,11037.9,11019.95,11028.75,15:20:00,11010.551287957987,0,74
2020-07-20,11027.7,11031.3,11025.85,11030.25,15:25:00,11012.184498628656,0,75
2020-07-21,11132.25,11142.75,11121.8,11122.4,09:15:00,11023.61930828307,1,1
2020-07-21,11137.3,11146.8,11132.75,11133.1,09:20:00,11034.44604082754,1,2
2020-07-21,11153.6,11153.85,11132.95,11138.1,09:25:00,11045.794036939204,1,3
2020-07-21,11160.3,11164.45,11154.45,11155.9,09:30:00,11056.699366754518,1,4
2020-07-21,11160.1,11163.3,11149.6,11159.3,09:35:00,11066.54704611123,1,5
2020-07-21,11148.35,11161.0,11148.0,11160.45,09:40:00,11074.337803624448,1,6
2020-07-21,11146.35,11147.95,11133.9,11146.9,09:45:00,11081.196108041167,1,7
2020-07-21,11141.7,11153.3,11141.7,11146.25,09:50:00,11086.95838346582,1,8
2020-07-21,11135.05,11142.15,11130.25,11142.15,09:55:00,11091.538537421457,1,9
2020-07-21,11137.4,11138.3,11129.15,11135.15,10:00:00,11095.90629576227,1,10
2020-07-21,11121.45,11137.8,11117.95,11137.65,10:05:00,11098.339029499197,1,11
2020-07-21,11125.0,11125.45,11113.25,11121.4,10:10:00,11100.87816954689,1,12
2020-07-21,11137.1,11137.6,11125.65,11125.8,10:15:00,11104.32786768528,1,13
2020-07-21,11138.75,11139.35,11129.55,11137.5,10:20:00,11107.60616600097,1,14
2020-07-21,11132.6,11138.65,11127.35,11138.55,10:25:00,11109.986531143732,1,15
2020-07-21,11126.4,11133.25,11125.7,11132.15,10:30:00,11111.549718653854,1,16
2020-07-21,11141.45,11141.95,11121.8,11126.7,10:35:00,11114.397364496344,1,17
2020-07-21,11145.5,11148.45,11140.75,11140.9,10:40:00,11117.359520258598,1,18
2020-07-21,11140.1,11149.65,11139.55,11146.2,10:45:00,11119.525280233973,1,19
2020-07-21,11136.1,11143.05,11135.4,11140.85,10:50:00,11121.103824973594,1,20
2020-07-21,11142.0,11142.7,11134.6,11135.2,10:55:00,11123.09393688087,1,21
2020-07-21,11136.65,11143.75,11133.7,11142.05,11:00:00,11124.384990511264,1,22
2020-07-21,11134.8,11138.5,11130.7,11137.05,11:05:00,11125.376896176858,1,23
2020-07-21,11134.7,11140.1,11134.55,11135.25,11:10:00,11126.264810826682,1,24
2020-07-21,11137.4,11138.45,11128.65,11134.4,11:15:00,11127.325305033666,1,25
2020-07-21,11130.55,11137.45,11126.9,11137.45,11:20:00,11127.632418839985,1,26
2020-07-21,11129.8,11133.05,11127.65,11130.65,11:25:00,11127.838855140935,1,27
2020-07-21,11136.8,11142.4,11130.2,11130.5,11:30:00,11128.692297508467,1,28
2020-07-21,11135.75,11143.8,11133.8,11136.85,11:35:00,11129.364459650516,1,29
2020-07-21,11145.7,11148.7,11134.9,11136.05,11:40:00,11130.920225398086,1,30
2020-07-21,11145.85,11149.3,11142.5,11146.0,11:45:00,11132.342108693509,1,31
2020-07-21,11145.35,11147.95,11141.6,11146.4,11:50:00,11133.580955484602,1,32
2020-07-21,11139.65,11147.35,11136.8,11146.1,11:55:00,11134.158959724164,1,33
2020-07-21,11146.05,11149.75,11139.6,11140.15,12:00:00,11135.291439750434,1,34
2020-07-21,11138.55,11146.2,11135.1,11146.2,12:05:00,11135.60177882182,1,35
2020-07-21,11152.75,11156.8,11138.55,11139.3,12:10:00,11137.234942743553,1,36
2020-07-21,11159.8,11161.75,11151.45,11153.1,12:15:00,11139.383995815597,1,37
2020-07-21,11159.15,11160.1,11151.5,11160.1,12:20:00,11141.266472404586,1,38
2020-07-21,11162.05,11165.15,11157.05,11159.7,12:25:00,11143.245855985102,1,39
2020-07-21,11150.05,11162.45,11147.0,11161.75,12:30:00,11143.893869700809,1,40
2020-07-21,11153.2,11155.55,11147.1,11149.9,12:35:00,11144.78016782454,1,41
2020-07-21,11148.35,11155.25,11144.6,11154.3,12:40:00,11145.12015184125,1,42
2020-07-21,11155.55,11157.2,11148.85,11150.25,12:45:00,11146.113470713512,1,43
2020-07-21,11159.2,11160.1,11154.4,11155.05,12:50:00,11147.359806836032,1,44
2020-07-21,11164.9,11166.25,11158.3,11158.4,12:55:00,11149.030301423078,1,45
2020-07-21,11175.55,11175.55,11159.25,11165.2,13:00:00,11151.555987001831,1,46
2020-07-21,11167.55,11179.55,11166.2,11175.7,13:05:00,11153.07922633499,1,47
2020-07-21,11165.35,11168.45,11161.8,11167.3,13:10:00,11154.247871445945,1,48
2020-07-21,11152.75,11167.35,11148.5,11165.65,13:15:00,11154.10521702252,1,49
2020-07-21,11148.5,11153.55,11139.85,11153.35,13:20:00,11153.5713868299,1,50
2020-07-21,11150.0,11155.0,11145.2,11148.45,13:25:00,11153.23125475086,1,51
2020-07-21,11142.25,11150.55,11141.1,11150.25,13:30:00,11152.185420965065,1,52
2020-07-21,11158.3,11159.0,11142.25,11142.5,13:35:00,11152.767761825531,1,53
2020-07-21,11153.7,11162.45,11153.05,11158.4,13:40:00,11152.856546413575,1,54
2020-07-21,11147.3,11155.65,11142.3,11153.65,13:45:00,11152.327351517046,1,55
2020-07-21,11140.45,11150.7,11135.0,11147.7,13:50:00,11151.196175182087,1,56
2020-07-21,11145.1,11146.05,11137.85,11140.75,13:55:00,11150.615587069507,1,57
2020-07-21,11141.8,11149.8,11140.5,11145.15,14:00:00,11149.776007348602,1,58
2020-07-21,11137.1,11148.55,11136.8,11143.75,14:05:00,11148.568768553498,1,59
2020-07-21,11143.5,11147.4,11136.65,11136.9,14:10:00,11148.08602869126,1,60
2020-07-21,11164.25,11166.4,11143.4,11143.75,14:15:00,11149.625454530187,1,61
2020-07-21,11161.9,11166.7,11158.7,11164.7,14:20:00,11150.794458860644,1,62
2020-07-21,11159.9,11162.8,11157.5,11161.65,14:25:00,11151.661653254869,1,63
2020-07-21,11166.4,11174.4,11158.35,11159.7,14:30:00,11153.065305325834,1,64
2020-07-21,11171.0,11175.5,11165.7,11167.0,14:35:00,11154.773371485278,1,65
2020-07-21,11170.15,11178.15,11166.7,11170.4,14:40:00,11156.237812296204,1,66
2020-07-21,11175.2,11179.1,11170.45,11170.45,14:45:00,11158.04373493466,1,67
2020-07-21,11155.6,11175.9,11154.0,11175.5,14:50:00,11157.810998274215,1,68
2020-07-21,11163.95,11167.45,11152.6,11156.05,14:55:00,11158.395665105243,1,69
2020-07-21,11157.85,11165.95,11154.55,11164.35,15:00:00,11158.343696999984,1,70
2020-07-21,11166.2,11172.7,11157.2,11157.2,15:05:00,11159.09191633332,1,71
2020-07-21,11164.7,11170.75,11163.05,11165.65,15:10:00,11159.626019539672,1,72
2020-07-21,11158.05,11163.95,11154.0,11163.0,15:15:00,11159.475922440655,1,73
2020-07-21,11157.9,11166.1,11154.4,11157.5,15:20:00,11159.325834589165,1,74
2020-07-21,11170.2,11173.1,11156.9,11157.45,15:25:00,11160.361469390196,1,75
2020-07-22,11136.75,11223.25,11129.0,11223.25,09:15:00,11158.1127580197,2,1
2020-07-22,11147.55,11156.35,11124.2,11136.95,09:20:00,11157.106781065442,2,2
2020-07-22,11155.9,11158.1,11137.55,11147.1,09:25:00,11156.9918495354,2,3
2020-07-22,11130.3,11156.75,11129.3,11156.75,09:30:00,11154.449768627268,2,4
2020-07-22,11122.2,11132.9,11102.35,11129.5,09:35:00,11151.378362091338,2,5
2020-07-22,11125.65,11131.6,11119.7,11123.25,09:40:00,11148.928041892164,2,6
2020-07-22,11141.55,11143.15,11126.1,11126.1,09:45:00,11148.225371235769,2,7
2020-07-22,11136.4,11147.55,11132.65,11142.1,09:50:00,11147.09914540379,2,8
2020-07-22,11135.55,11140.9,11130.2,11136.9,09:55:00,11145.999226793903,2,9
2020-07-22,11138.2,11141.65,11123.7,11135.65,10:00:00,11145.256443289723,2,10
2020-07-22,11149.3,11150.9,11138.35,11138.35,10:05:00,11145.641543928798,2,11
2020-07-22,11141.35,11152.05,11132.6,11148.5,10:10:00,11145.232825459389,2,12
2020-07-22,11142.7,11144.15,11131.8,11141.7,10:15:00,11144.991603987066,2,13
2020-07-22,11147.55,11149.3,11140.5,11142.6,10:20:00,11145.235260750202,2,14
2020-07-22,11161.8,11167.3,11145.05,11147.65,10:25:00,11146.812854964468,2,15
2020-07-22,11158.7,11165.7,11146.5,11161.75,10:30:00,11147.94496401547,2,16
2020-07-22,11158.15,11164.65,11155.55,11159.35,10:35:00,11148.916872204472,2,17
2020-07-22,11159.1,11160.2,11148.45,11158.5,10:40:00,11149.886693899283,2,18
2020-07-22,11166.2,11170.1,11157.45,11159.55,10:45:00,11151.440342099357,2,19
2020-07-22,11166.35,11171.85,11164.6,11165.95,10:50:00,11152.860309518464,2,20
2020-07-22,11166.7,11171.5,11165.5,11166.55,10:55:00,11154.17837527861,2,21
2020-07-22,11158.2,11170.7,11157.05,11167.55,11:00:00,11154.561387156838,2,22
2020-07-22,11162.65,11166.4,11157.3,11158.3,11:05:00,11155.33173123714,2,23
2020-07-22,11175.95,11176.5,11161.9,11161.9,11:10:00,11157.295375881222,2,24
2020-07-22,11180.1,11185.25,11174.1,11176.5,11:15:00,11159.467244844916,2,25
2020-07-22,11167.9,11180.45,11166.6,11179.9,11:20:00,11160.270364383494,2,26
2020-07-22,11178.7,11179.35,11167.05,11168.5,11:25:00,11162.02556777554,2,27
2020-07-22,11174.6,11178.65,11171.75,11178.6,11:30:00,11163.2231327493,2,28
2020-07-22,11177.1,11180.05,11174.1,11174.75,11:35:00,11164.544739154127,2,29
2020-07-22,11173.15,11178.9,11169.3,11177.7,11:40:00,11165.364287806116,2,30
2020-07-22,11165.95,11173.5,11162.85,11172.85,11:45:00,11165.42006991982,2,31
2020-07-22,11162.75,11165.65,11150.8,11165.35,11:50:00,11165.165777546505,2,32
2020-07-22,11169.55,11169.7,11162.5,11162.5,11:55:00,11165.583322542074,2,33
2020-07-22,11173.95,11176.55,11169.1,11169.35,12:00:00,11166.380148966637,2,34
2020-07-22,11177.05,11177.05,11167.4,11173.75,12:05:00,11167.39632525553,2,35
2020-07-22,11176.85,11179.5,11171.85,11177.2,12:10:00,11168.296675231191,2,36
2020-07-22,11181.2,11186.5,11175.15,11177.5,12:15:00,11169.525563304413,2,37
2020-07-22,11173.75,11182.9,11173.45,11181.3,12:20:00,11169.927890608751,2,38
2020-07-22,11171.3,11176.75,11171.0,11174.05,12:25:00,11170.058567693632,2,39
2020-07-22,11166.4,11178.6,11165.5,11172.45,12:30:00,11169.710132675193,2,40
2020-07-22,11166.75,11167.9,11161.15,11166.5,12:35:00,11169.428215277556,2,41
2020-07-22,11174.15,11175.15,11165.75,11166.85,12:40:00,11169.877909060646,2,42
2020-07-22,11170.9,11176.0,11170.05,11174.3,12:45:00,11169.97525105487,2,43
2020-07-22,11175.45,11181.35,11168.95,11170.85,12:50:00,11170.496655716312,2,44
2020-07-22,11181.1,11183.85,11175.25,11175.25,12:55:00,11171.506498029044,2,45
2020-07-22,11177.15,11191.75,11176.95,11180.9,13:00:00,11172.04397440723,2,46
2020-07-22,11133.6,11177.2,11133.6,11176.95,13:05:00,11168.382643511304,2,47
2020-07-22,11138.15,11144.75,11134.3,11135.3,13:10:00,11165.503344129274,2,48
2020-07-22,11119.35,11138.0,11112.75,11138.0,13:15:00,11161.107787545534,2,49
2020-07-22,11122.9,11132.85,11117.15,11119.55,13:20:00,11157.468950636434,2,50
2020-07-22,11112.25,11126.35,11108.4,11122.65,13:25:00,11153.162383909155,2,51
2020-07-22,11094.25,11112.7,11087.05,11112.2,13:30:00,11147.551680679711,2,52
2020-07-22,11112.85,11120.0,11090.55,11093.7,13:35:00,11144.246758710216,2,53
2020-07-22,11107.35,11112.05,11100.65,11111.65,13:40:00,11140.732781690196,2,54
2020-07-22,11108.3,11121.4,11107.55,11107.75,13:45:00,11137.643945338748,2,55
2020-07-22,11117.75,11122.0,11108.45,11108.45,13:50:00,11135.749283877916,2,56
2020-07-22,11125.65,11133.15,11116.15,11118.15,13:55:00,11134.787447318116,2,57
2020-07-22,11114.9,11126.35,11111.0,11125.6,14:00:00,11132.89340471639,2,58
2020-07-22,11105.05,11115.2,11102.35,11114.95,14:05:00,11130.241651886256,2,59
2020-07-22,11088.85,11105.95,11082.4,11105.75,14:10:00,11126.299589801853,2,60
2020-07-22,11101.85,11104.45,11084.25,11088.45,14:15:00,11123.971057439772,2,61
2020-07-22,11095.7,11110.05,11093.55,11102.55,14:20:00,11121.278575778842,2,62
2020-07-22,11107.9,11110.1,11096.3,11096.6,14:25:00,11120.004425704668,2,63
2020-07-22,11099.1,11109.9,11091.25,11108.7,14:30:00,11118.01352801851,2,64
2020-07-22,11075.45,11101.75,11075.45,11098.6,14:35:00,11113.959858683414,2,65
2020-07-22,11060.1,11076.55,11059.4,11075.15,14:40:00,11108.830348332614,2,66
2020-07-22,11080.85,11083.85,11056.55,11059.35,14:45:00,11106.16555325332,2,67
2020-07-22,11080.9,11087.8,11074.65,11081.3,14:50:00,11103.759310086334,2,68
2020-07-22,11091.15,11097.2,11081.3,11081.3,14:55:00,11102.558423411445,2,69
2020-07-22,11113.7,11118.15,11090.6,11090.6,15:00:00,11103.61952594369,2,70
2020-07-22,11128.4,11136.1,11114.05,11114.05,15:05:00,11105.97957109191,2,71
2020-07-22,11133.9,11134.6,11122.0,11128.85,15:10:00,11108.638659559349,2,72
2020-07-22,11145.6,11147.05,11131.1,11132.25,15:15:00,11112.158787220362,2,73
2020-07-22,11144.1,11154.15,11135.15,11145.2,15:20:00,11115.20080748509,2,74
2020-07-22,11143.65,11145.0,11137.4,11143.8,15:25:00,11117.91025439127,2,75
2020-07-23,11164.4,11164.4,11103.15,11127.85,09:15:00,11122.33784921115,3,1
2020-07-23,11157.3,11168.95,11153.3,11162.75,09:20:00,11125.667577857706,3,2
2020-07-23,11168.2,11173.1,11155.2,11158.35,09:25:00,11129.7182847284,3,3
2020-07-23,11167.25,11173.65,11163.8,11168.45,09:30:00,11133.292733801884,3,4
2020-07-23,11167.25,11176.0,11166.45,11168.6,09:35:00,11136.526759154089,3,5
2020-07-23,11172.35,11177.15,11158.8,11166.6,09:40:00,11139.938496377506,3,6
2020-07-23,11155.3,11171.95,11155.3,11171.95,09:45:00,11141.401496722505,3,7
2020-07-23,11152.3,11156.0,11147.95,11155.2,09:50:00,11142.4394494156,3,8
2020-07-23,11162.2,11166.05,11150.5,11152.0,09:55:00,11144.321406614115,3,9
2020-07-23,11157.2,11162.65,11150.85,11162.1,10:00:00,11145.547939317534,3,10
2020-07-23,11157.05,11160.45,11153.9,11157.3,10:05:00,11146.643373668245,3,11
2020-07-23,11155.15,11157.3,11144.2,11157.3,10:10:00,11147.453528556984,3,12
2020-07-23,11162.8,11163.4,11154.7,11154.95,10:15:00,11148.915097265844,3,13
2020-07-23,11167.75,11167.75,11158.8,11163.0,10:20:00,11150.70889752624,3,14
2020-07-23,11166.0,11169.85,11161.5,11166.95,10:25:00,11152.16519299993,3,15
2020-07-23,11169.5,11174.9,11166.3,11166.5,10:30:00,11153.816126999936,3,16
2020-07-23,11172.65,11173.05,11165.6,11169.4,10:35:00,11155.60982919042,3,17
2020-07-23,11175.05,11176.3,11168.65,11172.9,10:40:00,11157.461274029429,3,18
2020-07-23,11172.8,11178.6,11166.65,11174.9,10:45:00,11158.922105074242,3,19
2020-07-23,11170.2,11177.65,11166.3,11173.25,10:50:00,11159.996190305266,3,20
2020-07-23,11168.75,11173.6,11168.35,11170.15,10:55:00,11160.829886466669,3,21
2020-07-23,11183.4,11186.1,11168.5,11168.5,11:00:00,11162.97942108889,3,22
2020-07-23,11188.0,11188.95,11182.6,11183.9,11:05:00,11165.362333366138,3,23
2020-07-23,11192.2,11193.2,11181.6,11187.95,11:10:00,11167.91830161698,3,24
2020-07-23,11183.55,11194.75,11181.2,11192.15,11:15:00,11169.407034796315,3,25
2020-07-23,11181.8,11184.25,11178.4,11183.15,11:20:00,11170.587317196669,3,26
2020-07-23,11185.6,11188.4,11181.6,11181.6,11:25:00,11172.01709651127,3,27
2020-07-23,11194.0,11196.3,11183.1,11185.7,11:30:00,11174.11070636734,3,28
2020-07-23,11207.2,11208.9,11192.4,11194.2,11:35:00,11177.26206766569,3,29
2020-07-23,11209.95,11215.35,11201.55,11214.8,11:40:00,11180.375204078482,3,30
2020-07-23,11207.5,11214.4,11204.5,11209.75,11:45:00,11182.958517975769,3,31
2020-07-23,11202.85,11212.7,11202.4,11208.25,11:50:00,11184.85294483522,3,32
2020-07-23,11199.65,11205.5,11197.95,11202.65,11:55:00,11186.262188184246,3,33
2020-07-23,11204.05,11211.2,11199.45,11199.45,12:00:00,11187.956265500032,3,34
2020-07-23,11208.45,11210.7,11204.15,11204.75,12:05:00,11189.908049738124,3,35
2020-07-23,11208.9,11211.45,11205.15,11209.2,12:10:00,11191.71680690592,3,36
2020-07-23,11219.2,11226.55,11209.0,11209.0,12:15:00,11194.334253867262,3,37
2020-07-23,11209.05,11219.1,11209.05,11218.5,12:20:00,11195.735753498951,3,38
2020-07-23,11203.6,11209.9,11199.2,11209.9,12:25:00,11196.484729356194,3,39
2020-07-23,11211.7,11212.6,11203.65,11203.65,12:30:00,11197.933802750842,3,40
2020-07-23,11207.35,11214.3,11203.15,11211.75,12:35:00,11198.83058344124,3,41
2020-07-23,11206.05,11207.8,11202.85,11207.7,12:40:00,11199.518146923025,3,42
2020-07-23,11196.2,11206.3,11193.0,11206.0,12:45:00,11199.202132930355,3,43
2020-07-23,11203.6,11204.5,11193.75,11195.55,12:50:00,11199.62097741318,3,44
2020-07-23,11197.9,11206.8,11197.75,11203.65,12:55:00,11199.457074802402,3,45
2020-07-23,11191.6,11199.55,11188.35,11197.25,13:00:00,11198.708781964078,3,46
2020-07-23,11194.45,11197.9,11191.85,11192.45,13:05:00,11198.303183681785,3,47
2020-07-23,11199.85,11202.65,11193.5,11194.4,13:10:00,11198.450499521614,3,48
2020-07-23,11206.0,11208.05,11197.5,11199.9,13:15:00,11199.169499567177,3,49
2020-07-23,11203.6,11210.9,11202.8,11205.8,13:20:00,11199.591451989349,3,50
2020-07-23,11209.45,11213.8,11200.3,11203.15,13:25:00,11200.530361323696,3,51
2020-07-23,11210.9,11219.4,11209.15,11209.15,13:30:00,11201.517945959537,3,52
2020-07-23,11212.9,11214.75,11207.4,11210.95,13:35:00,11202.601951106248,3,53
2020-07-23,11209.55,11214.25,11207.55,11213.75,13:40:00,11203.263670048507,3,54
2020-07-23,11197.8,11211.25,11195.35,11210.2,13:45:00,11202.74332052008,3,55
2020-07-23,11212.85,11213.0,11197.75,11197.95,13:50:00,11203.705861422928,3,56
2020-07-23,11219.3,11222.95,11212.55,11212.55,13:55:00,11205.191017477888,3,57
2020-07-23,11220.25,11225.75,11214.85,11218.85,14:00:00,11206.625206289518,3,58
2020-07-23,11225.55,11226.1,11214.2,11220.65,14:05:00,11208.42756759528,3,59
2020-07-23,11217.9,11225.65,11217.2,11225.3,14:10:00,11209.329704014775,3,60
2020-07-23,11204.6,11220.6,11199.95,11218.4,14:15:00,11208.87925601337,3,61
2020-07-23,11188.1,11204.5,11182.45,11204.5,14:20:00,11206.90027925019,3,62
2020-07-23,11193.45,11200.95,11187.4,11188.3,14:25:00,11205.619300273982,3,63
2020-07-23,11189.65,11193.3,11175.3,11193.3,14:30:00,11204.098414533602,3,64
2020-07-23,11191.6,11199.6,11186.95,11190.15,14:35:00,11202.908089339926,3,65
2020-07-23,11204.05,11206.4,11192.05,11192.05,14:40:00,11203.016842736122,3,66
2020-07-23,11196.5,11209.35,11195.95,11204.1,14:45:00,11202.396191046968,3,67
2020-07-23,11192.8,11201.55,11192.8,11196.3,14:50:00,11201.482268090114,3,68
2020-07-23,11200.85,11203.5,11190.35,11191.9,14:55:00,11201.422052081532,3,69
2020-07-23,11202.0,11204.7,11196.75,11200.6,15:00:00,11201.477094740434,3,70
2020-07-23,11210.5,11216.45,11202.45,11202.75,15:05:00,11202.33641905087,3,71
2020-07-23,11213.1,11217.45,11206.95,11210.85,15:10:00,11203.361521998406,3,72
2020-07-23,11216.3,11218.0,11210.55,11212.85,15:15:00,11204.593757998558,3,73
2020-07-23,11230.65,11231.7,11212.65,11215.9,15:20:00,11207.07530485584,3,74
2020-07-23,11235.85,11239.8,11228.3,11230.1,15:25:00,11209.815752012428,3,75
2020-07-24,11144.95,11152.3,11123.65,11138.45,09:15:00,11203.638061344576,4,1
2020-07-24,11152.15,11155.1,11136.75,11147.35,09:20:00,11198.734436454615,4,2
2020-07-24,11158.05,11166.15,11151.15,11152.05,09:25:00,11194.859728220845,4,3
2020-07-24,11136.7,11157.75,11136.7,11157.75,09:30:00,11189.320706485523,4,4
2020-07-24,11148.4,11150.95,11133.4,11136.65,09:35:00,11185.423496344049,4,5
2020-07-24,11157.1,11159.25,11143.2,11148.05,09:40:00,11182.726020501756,4,6
2020-07-24,11155.65,11169.4,11151.15,11157.25,09:45:00,11180.147351882544,4,7
2020-07-24,11155.85,11157.55,11143.75,11154.55,09:50:00,11177.83331836992,4,8
2020-07-24,11164.35,11167.3,11155.4,11155.4,09:55:00,11176.54919281088,4,9
2020-07-24,11156.7,11170.0,11152.35,11164.5,10:00:00,11174.65879349556,4,10
2020-07-24,11152.8,11156.8,11142.85,11156.8,10:05:00,11172.57700363884,4,11
2020-07-24,11161.7,11162.6,11150.25,11150.25,10:10:00,11171.541098530375,4,12
2020-07-24,11148.45,11161.65,11138.5,11161.1,10:15:00,11169.341946289387,4,13
2020-07-24,11137.55,11149.2,11137.55,11147.9,10:20:00,11166.314141880875,4,14
2020-07-24,11152.1,11153.45,11133.3,11133.3,10:25:00,11164.960414082698,4,15
2020-07-24,11154.2,11157.8,11147.0,11152.65,10:30:00,11163.93561274149,4,16
2020-07-24,11133.9,11154.65,11133.45,11154.5,10:35:00,11161.075078194684,4,17
2020-07-24,11115.65,11134.25,11114.75,11133.6,10:40:00,11156.74888027138,4,18
2020-07-24,11125.95,11126.2,11101.8,11115.6,10:45:00,11153.815653578868,4,19
2020-07-24,11121.95,11127.9,11118.65,11125.15,10:50:00,11150.7808294285,4,20
2020-07-24,11097.75,11121.5,11096.2,11121.25,10:55:00,11145.730274244832,4,21
2020-07-24,11094.75,11103.15,11090.3,11097.2,11:00:00,11140.87501003104,4,22
2020-07-24,11116.25,11117.05,11094.65,11094.85,11:05:00,11138.529770980464,4,23
2020-07-24,11118.3,11118.7,11109.2,11115.35,11:10:00,11136.603126125185,4,24
2020-07-24,11114.25,11120.6,11111.9,11119.1,11:15:00,11134.474256970405,4,25
2020-07-24,11120.7,11124.95,11112.4,11114.1,11:20:00,11133.162422973222,4,26
2020-07-24,11128.25,11130.65,11118.75,11120.9,11:25:00,11132.694573166247,4,27
2020-07-24,11129.45,11134.8,11124.6,11128.4,11:30:00,11132.385566198036,4,28
2020-07-24,11138.1,11142.45,11126.3,11129.75,11:35:00,11132.9297979887,4,29
2020-07-24,11136.95,11147.6,11136.7,11137.55,11:40:00,11133.312674370727,4,30
2020-07-24,11121.35,11139.0,11121.35,11138.45,11:45:00,11132.173372049703,4,31
2020-07-24,11127.15,11127.2,11116.25,11121.7,11:50:00,11131.69495566402,4,32
2020-07-24,11137.0,11140.35,11124.2,11126.1,11:55:00,11132.20019798173,4,33
2020-07-24,11140.2,11142.3,11128.9,11136.85,12:00:00,11132.962083888233,4,34
2020-07-24,11132.1,11140.9,11129.15,11139.85,12:05:00,11132.879980660782,4,35
2020-07-24,11129.55,11138.7,11129.15,11133.15,12:10:00,11132.56283964547,4,36
2020-07-24,11123.55,11134.3,11122.2,11130.15,12:15:00,11131.70447396495,4,37
2020-07-24,11124.7,11126.05,11118.15,11122.85,12:20:00,11131.037381206384,4,38
2020-07-24,11124.55,11132.2,11124.55,11125.0,12:25:00,11130.419535377205,4,39
2020-07-24,11125.9,11134.25,11122.5,11123.85,12:30:00,11129.989103436516,4,40
2020-07-24,11119.4,11126.7,11117.2,11126.05,12:35:00,11128.980617394944,4,41
2020-07-24,11113.3,11119.6,11106.25,11119.35,12:40:00,11127.487225262092,4,42
2020-07-24,11112.0,11119.1,11108.25,11114.2,12:45:00,11126.012251427606,4,43
2020-07-24,11122.35,11124.3,11111.35,11112.15,12:50:00,11125.663465577358,4,44
2020-07-24,11126.25,11130.4,11123.15,11123.15,12:55:00,11125.719325998562,4,45
2020-07-24,11116.25,11129.65,11113.0,11125.65,13:00:00,11124.81748542727,4,46
2020-07-24,11119.8,11121.7,11109.7,11117.0,13:05:00,11124.339629672291,4,47
2020-07-24,11109.55,11123.45,11108.85,11120.35,13:10:00,11122.931093513023,4,48
2020-07-24,11116.6,11118.25,11109.35,11109.35,13:15:00,11122.32813222607,4,49
2020-07-24,11117.35,11120.85,11114.4,11116.1,13:20:00,11121.854024395016,4,50
2020-07-24,11121.15,11121.15,11115.6,11117.5,13:25:00,11121.786974452632,4,51
2020-07-24,11124.9,11133.2,11120.95,11120.95,13:30:00,11122.083453076191,4,52
2020-07-24,11121.0,11129.8,11119.4,11123.75,13:35:00,11121.980267068937,4,53
2020-07-24,11131.6,11132.25,11117.5,11121.7,13:40:00,11122.896432109988,4,54
2020-07-24,11152.6,11156.35,11129.35,11133.1,13:45:00,11125.725343337608,4,55
2020-07-24,11150.05,11163.75,11148.7,11152.9,13:50:00,11128.041977305456,4,56
2020-07-24,11157.2,11157.6,11145.25,11150.75,13:55:00,11130.818931847793,4,57
2020-07-24,11168.9,11174.25,11156.7,11157.35,14:00:00,11134.44570024324,4,58
2020-07-24,11159.8,11168.95,11150.45,11168.8,14:05:00,11136.86039545817,4,59
2020-07-24,11184.25,11193.6,11158.8,11158.8,14:10:00,11141.37369112882,4,60
2020-07-24,11190.0,11191.45,11172.05,11184.2,14:15:00,11146.00476816417,4,61
2020-07-24,11190.5,11194.8,11179.65,11189.05,14:20:00,11150.242409291392,4,62
2020-07-24,11207.35,11212.4,11180.1,11189.9,14:25:00,11155.681227454115,4,63
2020-07-24,11188.55,11225.4,11188.55,11207.95,14:30:00,11158.8115867442,4,64
2020-07-24,11165.3,11185.55,11155.35,11184.65,14:35:00,11159.4295308638,4,65
2020-07-24,11179.4,11179.4,11165.05,11165.05,14:40:00,11161.331480305344,4,66
2020-07-24,11193.7,11195.1,11171.85,11179.55,14:45:00,11164.41419646674,4,67
2020-07-24,11189.85,11194.25,11185.4,11193.5,14:50:00,11166.8366539461,4,68
2020-07-24,11180.05,11205.2,11178.8,11189.95,14:55:00,11168.095067855991,4,69
2020-07-24,11194.4,11199.7,11178.3,11180.75,15:00:00,11170.600299488757,4,70
2020-07-24,11192.3,11196.65,11186.85,11194.05,15:05:00,11172.666937632684,4,71
2020-07-24,11202.8,11202.8,11187.35,11192.8,15:10:00,11175.536753096236,4,72
2020-07-24,11192.25,11204.2,11190.2,11201.8,15:15:00,11177.128490896594,4,73
2020-07-24,11197.25,11205.6,11189.9,11191.95,15:20:00,11179.044825096918,4,74
2020-07-24,11197.75,11199.7,11193.95,11197.0,15:25:00,11180.826270325784,4,75
2020-07-27,11209.1,11213.9,11180.1,11206.75,09:15:00,11183.519006485232,0,1
2020-07-27,11177.15,11210.3,11172.65,11208.65,09:20:00,11182.91243443902,0,2
2020-07-27,11154.45,11184.05,11152.6,11175.35,09:25:00,11180.20172639721,0,3
2020-07-27,11132.7,11158.5,11132.7,11153.15,09:30:00,11175.67775245462,0,4
2020-07-27,11143.35,11149.35,11129.15,11132.6,09:35:00,11172.598918887512,0,5
2020-07-27,11143.15,11150.35,11136.5,11142.2,09:40:00,11169.794259945844,0,6
2020-07-27,11094.65,11142.65,11087.85,11142.5,09:45:00,11162.637663760524,0,7
2020-07-27,11104.15,11118.25,11093.3,11093.8,09:50:00,11157.067410069045,0,8
2020-07-27,11124.2,11127.1,11103.25,11104.35,09:55:00,11153.93718053866,0,9
2020-07-27,11117.4,11132.2,11116.6,11124.85,10:00:00,11150.457449058787,0,10
2020-07-27,11105.9,11117.7,11100.0,11117.3,10:05:00,11146.21388248176,0,11
2020-07-27,11113.6,11118.4,11104.0,11106.4,10:10:00,11143.107798435878,0,12
2020-07-27,11124.95,11126.25,11105.6,11113.1,10:15:00,11141.378484299128,0,13
2020-07-27,11127.95,11134.15,11118.8,11125.45,10:20:00,11140.099581032544,0,14
2020-07-27,11141.8,11147.45,11127.3,11128.05,10:25:00,11140.26152569611,0,15
2020-07-27,11140.75,11144.25,11136.6,11141.9,10:30:00,11140.308047058386,0,16
2020-07-27,11132.55,11141.2,11123.85,11140.8,10:35:00,11139.569185433778,0,17
2020-07-27,11130.45,11139.0,11125.75,11131.95,10:40:00,11138.700691582942,0,18
2020-07-27,11132.4,11134.55,11128.1,11129.85,10:45:00,11138.1006257179,0,19
2020-07-27,11137.0,11149.55,11130.8,11131.65,10:50:00,11137.995804220958,0,20
2020-07-27,11135.55,11141.1,11134.05,11136.25,10:55:00,11137.762870485629,0,21
2020-07-27,11139.45,11144.2,11131.2,11134.55,11:00:00,11137.923549486995,0,22
2020-07-27,11130.75,11144.4,11129.8,11139.5,11:05:00,11137.24035429776,0,23
2020-07-27,11129.7,11136.25,11127.55,11130.15,11:10:00,11136.52222531702,0,24
2020-07-27,11128.4,11132.5,11127.15,11129.45,11:15:00,11135.748680048737,0,25
2020-07-27,11125.8,11129.55,11120.75,11127.95,11:20:00,11134.80118671076,0,26
2020-07-27,11120.7,11136.8,11117.9,11126.2,11:25:00,11133.458216547831,0,27
2020-07-27,11120.75,11125.6,11119.55,11119.55,11:30:00,11132.247910209942,0,28
2020-07-27,11124.65,11125.8,11114.55,11120.35,11:35:00,11131.524299713758,0,29
2020-07-27,11127.55,11132.7,11124.4,11126.0,11:40:00,11131.145794979113,0,30
2020-07-27,11145.85,11155.8,11124.4,11127.6,11:45:00,11132.546195457291,0,31
2020-07-27,11146.65,11149.65,11142.45,11146.15,11:50:00,11133.889414937552,0,32
2020-07-27,11147.25,11151.65,11140.15,11146.9,11:55:00,11135.161851610166,0,33
2020-07-27,11151.3,11153.3,11143.1,11148.0,12:00:00,11136.698818123485,0,34
2020-07-27,11157.25,11162.1,11147.65,11151.0,12:05:00,11138.656073540296,0,35
2020-07-27,11153.55,11157.75,11149.75,11157.0,12:10:00,11140.074542726934,0,36
2020-07-27,11150.25,11157.2,11147.9,11153.35,12:15:00,11141.043633895795,0,37
2020-07-27,11152.4,11158.45,11149.25,11150.0,12:20:00,11142.125192572388,0,38
2020-07-27,11174.35,11174.35,11150.75,11152.2,12:25:00,11145.194221851209,0,39
2020-07-27,11171.95,11174.7,11162.8,11174.25,12:30:00,11147.742391198712,0,40
2020-07-27,11157.75,11174.85,11157.1,11171.75,12:35:00,11148.695496798837,0,41
2020-07-27,11162.2,11166.95,11154.2,11158.35,12:40:00,11149.98163996085,0,42
2020-07-27,11152.7,11160.4,11150.0,11160.05,12:45:00,11150.240531393149,0,43
2020-07-27,11157.75,11159.15,11150.1,11152.55,12:50:00,11150.955718879515,0,44
2020-07-27,11166.3,11168.8,11154.0,11157.45,12:55:00,11152.41707898623,0,45
2020-07-27,11162.05,11167.25,11157.8,11166.55,13:00:00,11153.334500035158,0,46
2020-07-27,11168.25,11172.6,11161.55,11161.75,13:05:00,11154.755023841331,0,47
2020-07-27,11167.5,11172.85,11163.9,11168.05,13:10:00,11155.968831094538,0,48
2020-07-27,11160.6,11167.45,11157.7,11167.15,13:15:00,11156.40989479982,0,49
2020-07-27,11144.6,11161.15,11138.05,11160.55,13:20:00,11155.285142914125,0,50
2020-07-27,11140.7,11144.45,11124.45,11144.45,13:25:00,11153.896081684206,0,51
2020-07-27,11158.85,11162.15,11141.2,11141.25,13:30:00,11154.367883428567,0,52
2020-07-27,11160.15,11161.8,11154.75,11158.6,13:35:00,11154.918561197275,0,53
2020-07-27,11176.5,11179.35,11158.95,11159.1,13:40:00,11156.973936321345,0,54
2020-07-27,11168.8,11183.8,11167.7,11177.1,13:45:00,11158.100228100262,0,55
2020-07-27,11174.8,11175.5,11162.65,11168.55,13:50:00,11159.690682566905,0,56
2020-07-27,11157.05,11177.85,11152.55,11175.4,13:55:00,11159.4391889891,0,57
2020-07-27,11158.0,11160.4,11143.6,11158.25,14:00:00,11159.302123371092,0,58
2020-07-27,11159.65,11170.95,11156.4,11158.2,14:05:00,11159.335254478608,0,59
2020-07-27,11160.1,11167.45,11152.95,11160.5,14:10:00,11159.408087385404,0,60
2020-07-27,11160.15,11165.15,11157.9,11159.05,14:15:00,11159.478745729652,0,61
2020-07-27,11140.35,11160.25,11132.15,11160.25,14:20:00,11157.656960422068,0,62
2020-07-27,11146.95,11149.55,11138.9,11140.65,14:25:00,11156.63724990568,0,63
2020-07-27,11147.1,11158.8,11137.2,11146.25,14:30:00,11155.728940390853,0,64
2020-07-27,11156.0,11161.05,11147.25,11147.7,14:35:00,11155.754755591724,0,65
2020-07-27,11167.8,11167.8,11155.7,11156.75,14:40:00,11156.901921725846,0,66
2020-07-27,11173.75,11173.9,11163.15,11168.6,14:45:00,11158.5065006091,0,67
2020-07-27,11159.55,11180.55,11159.4,11173.9,14:50:00,11158.60588150347,0,68
2020-07-27,11175.85,11177.35,11158.9,11158.9,14:55:00,11160.24817850314,0,69
2020-07-27,11159.9,11176.8,11159.05,11175.6,15:00:00,11160.215018645698,0,70
2020-07-27,11140.45,11160.85,11133.6,11159.7,15:05:00,11158.332635917535,0,71
2020-07-27,11127.5,11146.0,11122.95,11140.65,15:10:00,11155.39619440158,0,72
2020-07-27,11125.75,11130.0,11113.15,11126.2,15:15:00,11152.572747315717,0,73
2020-07-27,11129.6,11132.95,11113.2,11123.95,15:20:00,11150.384866618982,0,74
2020-07-27,11126.35,11129.65,11123.25,11129.45,15:25:00,11148.095831702887,0,75
2020-07-28,11184.6,11193.45,11151.4,11151.4,09:15:00,11151.572419159758,1,1
2020-07-28,11196.05,11203.2,11186.05,11189.25,09:20:00,11155.80837923978,1,2
2020-07-28,11200.25,11213.25,11190.85,11196.45,09:25:00,11160.040914550278,1,3
2020-07-28,11212.85,11215.4,11196.55,11202.0,09:30:00,11165.070351259776,1,4
2020-07-28,11215.35,11223.05,11210.45,11212.05,09:35:00,11169.858889235034,1,5
2020-07-28,11200.05,11219.7,11197.1,11215.65,09:40:00,11172.734233117411,1,6
2020-07-28,11188.8,11204.15,11185.15,11203.8,09:45:00,11174.26430615385,1,7
2020-07-28,11202.05,11202.05,11172.85,11189.25,09:50:00,11176.910562710626,1,8
2020-07-28,11188.75,11206.15,11185.45,11202.55,09:55:00,11178.038128166758,1,9
2020-07-28,11193.95,11199.1,11183.25,11188.5,10:00:00,11179.55354453183,1,10
2020-07-28,11179.55,11194.1,11179.1,11194.1,10:05:00,11179.55320695737,1,11
2020-07-28,11172.2,11181.55,11171.2,11179.25,10:10:00,11178.852901532857,1,12
2020-07-28,11172.0,11172.5,11157.25,11172.0,10:15:00,11178.200244244012,1,13
2020-07-28,11182.2,11185.4,11171.0,11172.75,10:20:00,11178.581173363633,1,14
2020-07-28,11175.15,11184.55,11167.45,11182.3,10:25:00,11178.254394948046,1,15
2020-07-28,11172.7,11175.7,11161.8,11175.7,10:30:00,11177.725404952997,1,16
2020-07-28,11175.6,11183.3,11171.1,11172.9,10:35:00,11177.522985433665,1,17
2020-07-28,11175.4,11183.45,11174.85,11176.25,10:40:00,11177.320796344742,1,18
2020-07-28,11179.15,11180.8,11173.65,11175.1,10:45:00,11177.49500621667,1,19
2020-07-28,11176.5,11180.5,11173.85,11179.4,10:50:00,11177.400243719843,1,20
2020-07-28,11179.75,11187.7,11176.95,11177.15,10:55:00,11177.62403003224,1,21
2020-07-28,11186.8,11192.45,11179.2,11180.35,11:00:00,11178.497931933927,1,22
2020-07-28,11197.9,11198.05,11185.95,11186.5,11:05:00,11180.345747940222,1,23
2020-07-28,11186.7,11202.05,11185.15,11197.65,11:10:00,11180.950914803056,1,24
2020-07-28,11191.8,11199.15,11186.7,11186.85,11:15:00,11181.98416101229,1,25
2020-07-28,11197.1,11199.35,11187.15,11191.85,11:20:00,11183.423764725405,1,26
2020-07-28,11189.5,11199.25,11184.6,11197.05,11:25:00,11184.002453799176,1,27
2020-07-28,11191.35,11195.2,11187.6,11190.3,11:30:00,11184.702220104016,1,28
2020-07-28,11192.7,11195.45,11188.75,11191.4,11:35:00,11185.463913427444,1,29
2020-07-28,11190.5,11196.4,11189.75,11192.8,11:40:00,11185.943540720067,1,30
2020-07-28,11197.45,11200.3,11189.35,11190.2,11:45:00,11187.039393984824,1,31
2020-07-28,11207.4,11208.4,11197.05,11197.3,11:50:00,11188.978499319604,1,32
2020-07-28,11204.45,11213.4,11201.45,11206.8,11:55:00,11190.45197557488,1,33
2020-07-28,11208.5,11209.55,11201.0,11204.0,12:00:00,11192.170835043938,1,34
2020-07-28,11206.65,11208.2,11200.65,11207.85,12:05:00,11193.54980313499,1,35
2020-07-28,11235.55,11237.65,11206.5,11206.5,12:10:00,11197.549821884038,1,36
2020-07-28,11233.65,11243.9,11229.7,11236.2,12:15:00,11200.98793408556,1,37
2020-07-28,11230.55,11238.85,11224.9,11233.9,12:20:00,11203.803368934554,1,38
2020-07-28,11228.35,11231.5,11224.1,11231.05,12:25:00,11206.14114332174,1,39
2020-07-28,11237.45,11239.0,11227.9,11229.05,12:30:00,11209.12293919586,1,40
2020-07-28,11249.75,11253.65,11237.2,11237.2,12:35:00,11212.99218308197,1,41
2020-07-28,11241.45,11254.7,11240.3,11250.2,12:40:00,11215.702451359875,1,42
2020-07-28,11249.75,11253.3,11240.55,11240.9,12:45:00,11218.945075039888,1,43
2020-07-28,11253.5,11261.5,11248.6,11250.1,12:50:00,11222.236020274184,1,44
2020-07-28,11257.75,11265.0,11253.8,11253.8,12:55:00,11225.618304057594,1,45
2020-07-28,11246.6,11259.7,11238.65,11258.1,13:00:00,11227.616560814016,1,46
2020-07-28,11237.45,11250.7,11235.9,11247.0,13:05:00,11228.553078831728,1,47
2020-07-28,11240.05,11249.7,11237.75,11238.0,13:10:00,11229.648023704898,1,48
2020-07-28,11245.95,11247.15,11236.35,11239.5,13:15:00,11231.20059287586,1,49
2020-07-28,11235.55,11249.25,11234.15,11246.05,13:20:00,11231.614822125775,1,50
2020-07-28,11244.05,11246.45,11236.15,11236.15,13:25:00,11232.799124780466,1,51
2020-07-28,11256.7,11256.7,11244.3,11244.5,13:30:00,11235.075398610898,1,52
2020-07-28,11251.05,11256.95,11248.05,11256.2,13:35:00,11236.596789219384,1,53
2020-07-28,11248.55,11253.1,11244.7,11251.15,13:40:00,11237.735190246109,1,54
2020-07-28,11243.75,11249.4,11236.3,11248.25,13:45:00,11238.308029270289,1,55
2020-07-28,11235.35,11244.05,11224.6,11243.4,13:50:00,11238.026312196927,1,56
2020-07-28,11232.15,11240.45,11228.15,11235.8,13:55:00,11237.466663416268,1,57
2020-07-28,11258.75,11259.1,11227.9,11231.3,14:00:00,11239.493647852814,1,58
2020-07-28,11266.55,11270.75,11258.15,11259.0,14:05:00,11242.070443295404,1,59
2020-07-28,11254.65,11267.45,11253.35,11266.2,14:10:00,11243.268496314888,1,60
2020-07-28,11259.95,11264.95,11253.6,11253.95,14:15:00,11244.857210951564,1,61
2020-07-28,11268.5,11270.25,11260.35,11260.4,14:20:00,11247.108905146655,1,62
2020-07-28,11274.9,11277.3,11264.05,11268.7,14:25:00,11249.755676085068,1,63
2020-07-28,11287.2,11289.6,11273.55,11274.8,14:30:00,11253.321802172204,1,64
2020-07-28,11289.1,11295.55,11280.8,11287.1,14:35:00,11256.729249584374,1,65
2020-07-28,11284.05,11294.25,11284.0,11290.05,14:40:00,11259.331225814432,1,66
2020-07-28,11291.1,11296.35,11285.2,11285.2,14:45:00,11262.356823355916,1,67
2020-07-28,11282.1,11291.25,11277.05,11291.25,14:50:00,11264.237125893447,1,68
2020-07-28,11298.15,11298.15,11280.7,11282.3,14:55:00,11267.466923427406,1,69
2020-07-28,11296.2,11300.3,11291.35,11298.75,15:00:00,11270.20340691051,1,70
2020-07-28,11305.55,11313.65,11295.5,11296.45,15:05:00,11273.56974910951,1,71
2020-07-28,11301.9,11317.75,11299.7,11305.9,15:10:00,11276.26786824194,1,72
2020-07-28,11302.45,11302.6,11295.05,11301.7,15:15:00,11278.761404599849,1,73
2020-07-28,11290.05,11311.05,11288.45,11301.7,15:20:00,11279.836508923672,1,74
2020-07-28,11292.45,11294.85,11284.9,11289.5,15:25:00,11281.037793788086,1,75
2020-07-29,11320.75,11327.4,11272.8,11289.75,09:15:00,11288.241822125849,2,1
2020-07-29,11334.85,11337.95,11323.65,11323.65,09:20:00,11292.6806962091,2,2
2020-07-29,11328.45,11341.4,11328.45,11335.85,09:25:00,11296.087296570138,2,3
2020-07-29,11314.05,11334.95,11309.85,11327.65,09:30:00,11297.798030230124,2,4
2020-07-29,11267.3,11316.6,11262.85,11314.75,09:35:00,11294.893455922494,2,5
2020-07-29,11277.2,11292.95,11262.65,11266.55,09:40:00,11293.208364882255,2,6
2020-07-29,11295.5,11300.5,11269.0,11276.95,09:45:00,11293.426615845852,2,7
2020-07-29,11282.55,11305.55,11280.85,11295.3,09:50:00,11292.390747670055,2,8
2020-07-29,11279.6,11287.55,11278.3,11282.0,09:55:00,11291.17258122529,2,9
2020-07-29,11280.3,11290.8,11277.55,11279.65,10:00:00,11290.137097299074,2,10
2020-07-29,11288.35,11289.4,11273.65,11280.45,10:05:00,11289.966897556304,2,11
2020-07-29,11281.45,11289.9,11275.8,11287.9,10:10:00,11289.155764455703,2,12
2020-07-29,11274.8,11287.1,11269.7,11282.35,10:15:00,11287.788548793256,2,13
2020-07-29,11271.9,11277.6,11265.85,11274.65,10:20:00,11286.27535367009,2,14
2020-07-29,11256.2,11271.6,11253.65,11271.6,10:25:00,11283.411034272938,2,15
2020-07-29,11261.4,11265.15,11244.85,11255.2,10:30:00,11281.314745294563,2,16
2020-07-29,11265.05,11268.1,11253.6,11260.7,10:35:00,11279.765721933176,2,17
2020-07-29,11262.75,11270.9,11260.75,11265.5,10:40:00,11278.145176987158,2,18
2020-07-29,11264.55,11268.55,11257.3,11263.2,10:45:00,11276.850398226476,2,19
2020-07-29,11273.6,11279.35,11263.25,11264.1,10:50:00,11276.540836490622,2,20
2020-07-29,11270.9,11279.2,11269.4,11273.75,10:55:00,11276.003613967703,2,21
2020-07-29,11277.45,11283.05,11269.85,11270.65,11:00:00,11276.1413650184,2,22
2020-07-29,11270.7,11277.95,11268.0,11276.85,11:05:00,11275.62313977855,2,23
2020-07-29,11261.1,11274.4,11254.55,11269.8,11:10:00,11274.239983609164,2,24
2020-07-29,11267.05,11267.55,11259.35,11261.0,11:15:00,11273.555223265434,2,25
2020-07-29,11283.1,11284.8,11264.55,11267.3,11:20:00,11274.464249621107,2,26
2020-07-29,11280.95,11284.4,11275.6,11284.4,11:25:00,11275.081940133385,2,27
2020-07-29,11298.2,11299.25,11280.7,11280.75,11:30:00,11277.28366012068,2,28
2020-07-29,11295.4,11302.15,11291.15,11298.25,11:35:00,11279.009025823472,2,29
2020-07-29,11300.6,11302.0,11291.05,11295.95,11:40:00,11281.06530907838,2,30
2020-07-29,11304.9,11308.4,11299.7,11299.7,11:45:00,11283.335279642344,2,31
2020-07-29,11294.5,11305.55,11293.2,11305.0,11:50:00,11284.398586343072,2,32
2020-07-29,11299.7,11300.05,11293.6,11294.4,11:55:00,11285.85586383421,2,33
2020-07-29,11285.55,11301.95,11285.55,11299.2,12:00:00,11285.826733945236,2,34
2020-07-29,11291.0,11296.7,11286.15,11286.95,12:05:00,11286.319425950453,2,35
2020-07-29,11281.75,11292.45,11281.6,11290.85,12:10:00,11285.8842425266,2,36
2020-07-29,11286.95,11291.05,11281.95,11282.25,12:15:00,11285.985743238354,2,37
2020-07-29,11279.25,11289.25,11275.15,11287.0,12:20:00,11285.34424388232,2,38
2020-07-29,11284.55,11285.8,11271.3,11278.8,12:25:00,11285.268601607817,2,39
2020-07-29,11291.55,11295.35,11284.95,11285.25,12:30:00,11285.866830026118,2,40
2020-07-29,11288.35,11293.05,11287.2,11290.75,12:35:00,11286.103322404584,2,41
2020-07-29,11278.2,11291.25,11278.2,11287.8,12:40:00,11285.35062503272,2,42
2020-07-29,11275.65,11279.05,11271.35,11277.4,12:45:00,11284.426755981984,2,43
2020-07-29,11277.0,11285.65,11274.4,11275.85,12:50:00,11283.719445888462,2,44
2020-07-29,11268.2,11278.8,11263.1,11276.35,12:55:00,11282.241403422891,2,45
2020-07-29,11261.45,11268.25,11255.95,11267.15,13:00:00,11280.26126976357,2,46
2020-07-29,11272.0,11274.75,11261.0,11261.2,13:05:00,11279.47448216704,2,47
2020-07-29,11281.0,11281.5,11271.2,11271.85,13:10:00,11279.619769579702,2,48
2020-07-29,11285.2,11293.1,11280.7,11280.7,13:15:00,11280.15122009592,2,49
2020-07-29,11268.95,11286.75,11267.3,11285.0,13:20:00,11279.084437229643,2,50
2020-07-29,11265.45,11272.15,11262.65,11268.8,13:25:00,11277.785919398248,2,51
2020-07-29,11256.2,11272.45,11254.25,11264.3,13:30:00,11275.730117550796,2,52
2020-07-29,11254.15,11265.7,11253.2,11256.4,13:35:00,11273.67486826024,2,53
2020-07-29,11259.35,11261.2,11249.4,11254.0,13:40:00,11272.3105950926,2,54
2020-07-29,11256.1,11268.95,11255.3,11258.9,13:45:00,11270.766728893304,2,55
2020-07-29,11255.15,11260.1,11251.5,11256.4,13:50:00,11269.279421379655,2,56
2020-07-29,11256.4,11256.4,11244.55,11254.65,13:55:00,11268.052809819688,2,57
2020-07-29,11262.9,11267.85,11254.85,11256.0,14:00:00,11267.562066027336,2,58
2020-07-29,11228.5,11264.95,11217.1,11263.0,14:05:00,11263.841869262827,2,59
2020-07-29,11204.25,11235.35,11198.15,11228.4,14:10:00,11258.16645314256,2,60
2020-07-29,11221.1,11224.85,11199.8,11204.35,14:15:00,11254.63631474803,2,61
2020-07-29,11219.2,11230.85,11212.2,11221.0,14:20:00,11251.26142762917,2,62
2020-07-29,11216.2,11220.6,11208.45,11220.6,14:25:00,11247.92224404544,2,63
2020-07-29,11227.15,11235.55,11215.3,11215.75,14:30:00,11245.943935088731,2,64
2020-07-29,11197.55,11226.75,11194.75,11226.75,14:35:00,11241.334988889805,2,65
2020-07-29,11180.2,11200.75,11175.65,11196.1,14:40:00,11235.512608995536,2,66
2020-07-29,11161.75,11180.05,11149.75,11180.05,14:45:00,11228.48759861501,2,67
2020-07-29,11171.3,11181.7,11157.7,11162.65,14:50:00,11223.041160651674,2,68
2020-07-29,11189.65,11192.5,11169.55,11171.7,14:55:00,11219.86105011342,2,69
2020-07-29,11212.15,11215.5,11183.2,11188.6,15:00:00,11219.126664388332,2,70
2020-07-29,11207.85,11224.6,11205.4,11211.45,15:05:00,11218.052696351348,2,71
2020-07-29,11206.35,11207.7,11185.8,11207.7,15:10:00,11216.938153841696,2,72
2020-07-29,11207.95,11213.8,11203.6,11206.8,15:15:00,11216.082139190104,2,73
2020-07-29,11195.7,11209.25,11182.2,11206.55,15:20:00,11214.14098307676,2,74
2020-07-29,11198.45,11198.45,11190.95,11194.6,15:25:00,11212.646603736115,2,75
2020-07-30,11268.45,11277.9,11248.2,11248.2,09:15:00,11217.961212904103,3,1
2020-07-30,11259.65,11281.4,11258.7,11267.7,09:20:00,11221.931573579905,3,2
2020-07-30,11272.45,11276.75,11251.85,11258.9,09:25:00,11226.74285228658,3,3
2020-07-30,11246.55,11271.65,11245.6,11271.65,09:30:00,11228.629247306908,3,4
2020-07-30,11263.9,11265.05,11245.45,11247.3,09:35:00,11231.988366611013,3,5
2020-07-30,11266.9,11273.45,11260.65,11264.45,09:40:00,11235.31328407663,3,6
2020-07-30,11271.5,11273.1,11262.5,11267.05,09:45:00,11238.759637974095,3,7
2020-07-30,11277.7,11277.7,11266.0,11271.25,09:50:00,11242.468243881323,3,8
2020-07-30,11270.6,11277.2,11267.8,11277.05,09:55:00,11245.14745874977,3,9
2020-07-30,11268.85,11277.05,11266.8,11270.9,10:00:00,11247.404843630746,3,10
2020-07-30,11272.2,11277.4,11268.15,11268.75,10:05:00,11249.766287094484,3,11
2020-07-30,11277.75,11278.5,11267.3,11271.5,10:10:00,11252.431402609294,3,12
2020-07-30,11287.75,11289.55,11278.55,11278.8,10:15:00,11255.795078551266,3,13
2020-07-30,11281.15,11291.05,11278.8,11287.7,10:20:00,11258.209832974955,3,14
2020-07-30,11281.95,11283.55,11276.75,11281.25,10:25:00,11260.470801263054,3,15
2020-07-30,11285.25,11285.7,11273.8,11281.55,10:30:00,11262.830724952288,3,16
2020-07-30,11283.45,11287.1,11279.85,11285.45,10:35:00,11264.794465433022,3,17
2020-07-30,11295.05,11298.25,11283.1,11283.1,10:40:00,11267.675944915592,3,18
2020-07-30,11294.35,11299.95,11289.25,11295.1,10:45:00,11270.216331114108,3,19
2020-07-30,11291.55,11298.35,11289.6,11294.65,10:50:00,11272.24810910324,3,20
2020-07-30,11282.9,11292.85,11278.15,11291.5,10:55:00,11273.262574902932,3,21
2020-07-30,11283.05,11284.25,11273.35,11282.8,11:00:00,11274.194710626463,3,22
2020-07-30,11293.5,11294.85,11279.65,11283.4,11:05:00,11276.03330961442,3,23
2020-07-30,11290.75,11295.95,11289.4,11293.55,11:10:00,11277.43489917495,3,24
2020-07-30,11292.3,11295.65,11290.35,11290.95,11:15:00,11278.85062306305,3,25
2020-07-30,11290.05,11293.6,11288.4,11292.5,11:20:00,11279.91723039038,3,26
2020-07-30,11283.25,11290.3,11277.75,11289.6,11:25:00,11280.234637019868,3,27
2020-07-30,11282.75,11283.35,11273.0,11283.0,11:30:00,11280.474195398929,3,28
2020-07-30,11284.3,11291.3,11282.4,11283.05,11:35:00,11280.838557741889,3,29
2020-07-30,11283.1,11285.65,11279.35,11284.7,11:40:00,11281.053933195042,3,30
2020-07-30,11278.9,11288.2,11278.05,11283.45,11:45:00,11280.848796700277,3,31
2020-07-30,11281.45,11283.45,11276.55,11278.85,11:50:00,11280.90605415739,3,32
2020-07-30,11264.0,11282.2,11261.0,11281.4,11:55:00,11279.295953761448,3,33
2020-07-30,11277.65,11278.5,11263.15,11264.15,12:00:00,11279.13919626036,3,34
2020-07-30,11272.75,11278.55,11270.4,11278.25,12:05:00,11278.53070137842,3,35
2020-07-30,11279.85,11280.4,11270.95,11272.5,12:10:00,11278.65634886619,3,36
2020-07-30,11274.0,11282.9,11271.0,11279.8,12:15:00,11278.21288706941,3,37
2020-07-30,11274.05,11274.85,11270.05,11274.4,12:20:00,11277.816421634228,3,38
2020-07-30,11274.65,11276.15,11268.95,11274.55,12:25:00,11277.514857669064,3,39
2020-07-30,11271.4,11274.75,11268.35,11274.4,12:30:00,11276.932490272007,3,40
2020-07-30,11254.3,11273.4,11247.25,11271.75,12:35:00,11274.777015008009,3,41
2020-07-30,11249.35,11255.35,11239.2,11254.15,12:40:00,11272.355394531056,3,42
2020-07-30,11231.45,11249.45,11230.7,11249.2,12:45:00,11268.459642670954,3,43
2020-07-30,11230.0,11240.25,11223.9,11231.95,12:50:00,11264.796819559437,3,44
2020-07-30,11193.05,11235.85,11192.2,11229.85,12:55:00,11257.963789125202,3,45
2020-07-30,11185.85,11204.45,11173.0,11192.95,13:00:00,11251.095809208517,3,46
2020-07-30,11187.15,11196.95,11178.9,11185.2,13:05:00,11245.00573214104,3,47
2020-07-30,11184.25,11190.25,11173.85,11187.0,13:10:00,11239.21947193713,3,48
2020-07-30,11174.85,11188.85,11165.35,11183.8,13:15:00,11233.089046038354,3,49
2020-07-30,11175.45,11181.1,11164.05,11174.9,13:20:00,11227.59961308232,3,50
2020-07-30,11187.6,11189.65,11170.2,11175.05,13:25:00,11223.7901261221,3,51
2020-07-30,11189.95,11200.65,11182.35,11188.5,13:30:00,11220.567256967615,3,52
2020-07-30,11183.3,11190.2,11175.95,11190.2,13:35:00,11217.01799439927,3,53
2020-07-30,11190.25,11193.45,11181.9,11182.8,13:40:00,11214.46866159934,3,54
2020-07-30,11188.0,11192.95,11183.85,11190.75,13:45:00,11211.947836685116,3,55
2020-07-30,11157.4,11188.7,11149.2,11188.4,13:50:00,11206.752804619868,3,56
2020-07-30,11177.7,11177.7,11147.45,11155.9,13:55:00,11203.985870846547,3,57
2020-07-30,11149.0,11178.45,11148.4,11176.8,14:00:00,11198.749121242116,3,58
2020-07-30,11140.4,11162.35,11139.7,11149.55,14:05:00,11193.1920620762,3,59
2020-07-30,11128.4,11137.5,11122.9,11137.5,14:10:00,11187.021389497517,3,60
2020-07-30,11092.3,11126.15,11089.55,11126.1,14:15:00,11178.000304783463,3,61
2020-07-30,11121.4,11125.1,11093.1,11093.2,14:20:00,11172.609799565991,3,62
2020-07-30,11101.65,11122.15,11094.65,11121.15,14:25:00,11165.851723416848,3,63
2020-07-30,11131.2,11132.3,11101.7,11102.3,14:30:00,11162.55155928191,3,64
2020-07-30,11127.6,11132.15,11119.85,11132.15,14:35:00,11159.2228393503,3,65
2020-07-30,11125.35,11127.0,11110.85,11126.6,14:40:00,11155.996854650271,3,66
2020-07-30,11148.85,11154.9,11119.05,11124.65,14:45:00,11155.316201826436,3,67
2020-07-30,11134.3,11147.8,11127.25,11146.95,14:50:00,11153.314658795349,3,68
2020-07-30,11099.2,11133.7,11095.95,11133.5,14:55:00,11148.16088176722,3,69
2020-07-30,11106.1,11120.65,11098.55,11099.0,15:00:00,11144.155083503676,3,70
2020-07-30,11107.75,11120.0,11105.7,11105.95,15:05:00,11140.6879326938,3,71
2020-07-30,11107.6,11110.1,11096.6,11107.45,15:10:00,11137.536701008676,3,72
2020-07-30,11104.1,11110.25,11097.15,11107.9,15:15:00,11134.352253293566,3,73
2020-07-30,11093.6,11110.05,11084.95,11103.6,15:20:00,11130.471086313226,3,74
2020-07-30,11094.05,11097.35,11089.1,11093.9,15:25:00,11127.002411426252,3,75
2020-07-31,11063.3,11141.15,11059.25,11129.65,09:15:00,11120.935515099942,4,1
2020-07-31,11090.45,11095.2,11049.2,11061.85,09:20:00,11118.032132709472,4,2
2020-07-31,11121.4,11127.8,11083.1,11091.45,09:25:00,11118.352881975236,4,3
2020-07-31,11092.4,11122.2,11081.4,11120.65,09:30:00,11115.881178929974,4,4
2020-07-31,11116.1,11117.05,11091.5,11093.6,09:35:00,11115.90201903188,4,5
2020-07-31,11130.7,11143.2,11116.75,11116.75,09:40:00,11117.311350552653,4,6
2020-07-31,11138.35,11150.4,11130.8,11131.0,09:45:00,11119.3150314524,4,7
2020-07-31,11136.7,11142.45,11124.95,11138.8,09:50:00,11120.970742742647,4,8
2020-07-31,11110.1,11142.75,11106.7,11136.95,09:55:00,11119.935433910015,4,9
2020-07-31,11098.95,11126.45,11094.35,11110.45,10:00:00,11117.93682115668,4,10
2020-07-31,11086.45,11099.3,11074.85,11099.1,10:05:00,11114.938076284616,4,11
2020-07-31,11083.4,11087.35,11067.45,11087.35,10:10:00,11111.934449971795,4,12
2020-07-31,11101.05,11101.35,11076.25,11083.75,10:15:00,11110.897835688767,4,13
2020-07-31,11115.8,11122.25,11089.6,11100.2,10:20:00,11111.364708480312,4,14
2020-07-31,11108.1,11130.5,11103.6,11116.55,10:25:00,11111.05378386314,4,15
2020-07-31,11111.15,11117.3,11107.2,11107.9,10:30:00,11111.062947304745,4,16
2020-07-31,11098.9,11111.6,11090.8,11111.6,10:35:00,11109.904571370958,4,17
2020-07-31,11115.75,11118.25,11094.4,11099.55,10:40:00,11110.46127885944,4,18
2020-07-31,11110.25,11125.15,11102.15,11115.9,10:45:00,11110.441157063302,4,19
2020-07-31,11121.7,11125.35,11107.8,11111.3,10:50:00,11111.513427819178,4,20
2020-07-31,11107.05,11125.0,11106.5,11122.45,10:55:00,11111.088339455448,4,21
2020-07-31,11114.95,11116.15,11102.6,11106.95,11:00:00,11111.456116650166,4,22
2020-07-31,11102.15,11115.15,11101.25,11114.7,11:05:00,11110.569819826342,4,23
2020-07-31,11096.0,11102.75,11086.0,11102.75,11:10:00,11109.182217938118,4,24
2020-07-31,11091.3,11105.3,11089.7,11096.8,11:15:00,11107.47914956306,4,25
2020-07-31,11085.55,11092.8,11079.7,11091.45,11:20:00,11105.390659128483,4,26
2020-07-31,11073.25,11085.95,11067.75,11085.45,11:25:00,11102.32964397339,4,27
2020-07-31,11079.15,11082.8,11063.8,11073.4,11:30:00,11100.122058833069,4,28
2020-07-31,11081.65,11089.3,11074.7,11079.45,11:35:00,11098.36281513468,4,29
2020-07-31,11066.5,11086.7,11064.4,11082.0,11:40:00,11095.32826131233,4,30
2020-07-31,11073.5,11076.85,11059.8,11066.25,11:45:00,11093.249379282584,4,31
2020-07-31,11086.95,11093.5,11071.75,11073.1,11:50:00,11092.649438398528,4,32
2020-07-31,11085.65,11093.4,11083.95,11087.65,11:55:00,11091.982825217716,4,33
2020-07-31,11093.25,11094.85,11078.8,11085.85,12:00:00,11092.103508530314,4,34
2020-07-31,11092.7,11102.45,11090.65,11094.2,12:05:00,11092.160317241713,4,35
2020-07-31,11093.45,11103.4,11091.75,11093.15,12:10:00,11092.283144171071,4,36
2020-07-31,11098.6,11098.7,11085.35,11094.4,12:15:00,11092.884749488114,4,37
2020-07-31,11098.6,11112.6,11098.6,11099.05,12:20:00,11093.429059060674,4,38
2020-07-31,11087.05,11100.55,11081.5,11098.15,12:25:00,11092.821529626324,4,39
2020-07-31,11089.3,11099.35,11086.05,11086.55,12:30:00,11092.486145852388,4,40
2020-07-31,11084.75,11093.25,11081.2,11088.75,12:35:00,11091.74937005692,4,41
2020-07-31,11066.7,11086.95,11066.7,11084.9,12:40:00,11089.363715765789,4,42
2020-07-31,11065.7,11071.65,11057.35,11068.15,12:45:00,11087.110028549998,4,43
2020-07-31,11070.85,11077.65,11055.95,11065.95,12:50:00,11085.56145440238,4,44
2020-07-31,11081.55,11084.8,11071.35,11072.25,12:55:00,11085.179411125962,4,45
2020-07-31,11078.1,11093.7,11074.7,11081.25,13:00:00,11084.505181494918,4,46
2020-07-31,11079.3,11085.25,11074.3,11078.0,13:05:00,11084.009449923971,4,47
2020-07-31,11080.6,11088.95,11080.15,11080.35,13:10:00,11083.684740407403,4,48
2020-07-31,11070.1,11083.15,11067.9,11081.0,13:15:00,11082.390955606696,4,49
2020-07-31,11069.8,11071.4,11063.25,11069.95,13:20:00,11081.191816977487,4,50
2020-07-31,11071.05,11071.65,11062.75,11069.6,13:25:00,11080.225929646298,4,51
2020-07-31,11039.75,11071.6,11039.75,11070.65,13:30:00,11076.371079203793,4,52
2020-07-31,11047.85,11048.75,11027.55,11041.75,13:35:00,11073.654785946288,4,53
2020-07-31,11034.55,11046.2,11026.65,11045.75,13:40:00,11069.930520618069,4,54
2020-07-31,11041.4,11048.6,11031.95,11035.1,13:45:00,11067.213328178252,4,55
2020-07-31,11043.25,11050.7,11030.7,11040.8,13:50:00,11064.93110644699,4,56
2020-07-31,11078.35,11102.15,11042.8,11043.45,13:55:00,11066.20909630918,4,57
2020-07-31,11077.4,11091.05,11066.9,11079.4,14:00:00,11067.274896660689,4,58
2020-07-31,11076.95,11081.0,11065.55,11078.25,14:05:00,11068.196335073955,4,59
2020-07-31,11093.85,11099.45,11076.9,11076.9,14:10:00,11070.639541257391,4,60
2020-07-31,11081.95,11103.0,11081.95,11094.0,14:15:00,11071.716727804303,4,61
2020-07-31,11081.5,11084.6,11071.35,11082.35,14:20:00,11072.64846801342,4,62
2020-07-31,11083.35,11089.2,11072.25,11081.4,14:25:00,11073.66766153595,4,63
2020-07-31,11067.95,11088.0,11067.95,11083.2,14:30:00,11073.123122342053,4,64
2020-07-31,11070.7,11076.4,11057.6,11067.75,14:35:00,11072.892348785666,4,65
2020-07-31,11063.4,11075.6,11063.4,11070.4,14:40:00,11071.988315567984,4,66
2020-07-31,11048.9,11065.1,11041.95,11064.05,14:45:00,11069.789428371032,4,67
2020-07-31,11042.7,11054.25,11040.35,11049.45,14:50:00,11067.209482811886,4,68
2020-07-31,11067.2,11076.6,11041.1,11042.55,14:55:00,11067.208579686943,4,69
2020-07-31,11066.8,11072.95,11056.95,11068.0,15:00:00,11067.169667335807,4,70
2020-07-31,11072.9,11079.7,11066.35,11067.7,15:05:00,11067.715413303828,4,71
2020-07-31,11070.15,11077.75,11066.55,11073.1,15:10:00,11067.947278703465,4,72
2020-07-31,11072.5,11075.05,11061.5,11070.95,15:15:00,11068.380871207895,4,73
2020-07-31,11084.3,11086.4,11070.45,11072.75,15:20:00,11069.896978711906,4,74
2020-07-31,11088.25,11090.5,11083.25,11084.95,15:25:00,11071.644885501248,4,75
2020-08-03,10991.65,11047.5,10991.65,11047.5,09:15:00,11064.02632497732,0,1
2020-08-03,11006.35,11009.8,10983.85,10990.4,09:20:00,11058.533341646147,0,2
2020-08-03,11003.6,11009.7,10984.85,11008.15,09:25:00,11053.301594822706,0,3
2020-08-03,11001.0,11002.85,10985.8,11002.85,09:30:00,11048.320490553877,0,4
2020-08-03,10998.0,11008.25,10997.15,11000.3,09:35:00,11043.528062882078,0,5
2020-08-03,10992.3,11006.2,10991.5,10996.95,09:40:00,11038.64919975045,0,6
2020-08-03,10980.35,10992.8,10974.65,10992.55,09:45:00,11033.096895012312,0,7
2020-08-03,10977.35,10988.85,10972.45,10979.85,09:50:00,11027.787666915903,0,8
2020-08-03,10975.25,10980.95,10968.25,10977.5,09:55:00,11022.78407959058,0,9
2020-08-03,10970.65,10980.95,10963.05,10975.1,10:00:00,11017.818929153382,0,10
2020-08-03,10974.3,10982.4,10969.75,10970.75,10:05:00,11013.674269234012,0,11
2020-08-03,10952.45,10975.05,10948.95,10975.05,10:10:00,11007.843386449822,0,12
2020-08-03,10965.05,10974.1,10950.25,10952.4,10:15:00,11003.767825835554,0,13
2020-08-03,10971.1,10972.1,10962.25,10964.55,10:20:00,11000.656604327403,0,14
2020-08-03,10968.85,10973.0,10960.45,10971.3,10:25:00,10997.62740391527,0,15
2020-08-03,10975.65,10978.75,10964.9,10968.0,10:30:00,10995.534317828102,0,16
2020-08-03,10969.35,10982.1,10969.25,10975.5,10:35:00,10993.040573273043,0,17
2020-08-03,10967.1,10975.85,10965.6,10970.0,10:40:00,10990.570042485137,0,18
2020-08-03,10960.9,10971.6,10960.45,10966.8,10:45:00,10987.744324153218,0,19
2020-08-03,10968.15,10975.8,10960.6,10960.95,10:50:00,10985.878198043389,0,20
2020-08-03,10976.2,10978.45,10966.85,10967.8,10:55:00,10984.9564648964,0,21
2020-08-03,10968.3,10978.3,10967.45,10976.0,11:00:00,10983.370134906269,0,22
2020-08-03,10965.05,10971.4,10963.45,10968.2,11:05:00,10981.62536015329,0,23
2020-08-03,10965.8,10966.65,10960.35,10964.5,11:10:00,10980.118182995831,0,24
2020-08-03,10962.65,10971.6,10962.65,10964.95,11:15:00,10978.45454652004,0,25
2020-08-03,10963.1,10965.0,10955.9,10963.0,11:20:00,10976.992208756226,0,26
2020-08-03,10967.3,10970.3,10965.05,10966.35,11:25:00,10976.069141255632,0,27
2020-08-03,10962.6,10970.05,10961.0,10967.35,11:30:00,10974.786365897957,0,28
2020-08-03,10966.85,10970.8,10962.2,10962.5,11:35:00,10974.030521526722,0,29
2020-08-03,10984.55,10985.8,10965.2,10967.2,11:40:00,10975.032376619414,0,30
2020-08-03,10977.45,10990.35,10976.65,10985.0,11:45:00,10975.262626465184,0,31
2020-08-03,10971.25,10978.55,10968.65,10977.5,11:50:00,10974.880471563738,0,32
2020-08-03,10976.4,10978.15,10966.45,10971.55,11:55:00,10975.025188557667,0,33
2020-08-03,10976.95,10977.45,10969.15,10976.3,12:00:00,10975.208503933129,0,34
2020-08-03,10966.05,10977.25,10962.0,10976.85,12:05:00,10974.336265463306,0,35
2020-08-03,10966.9,10967.7,10959.5,10966.15,12:10:00,10973.628049704896,0,36
2020-08-03,10965.15,10968.25,10963.95,10966.55,12:15:00,10972.820616399667,0,37
2020-08-03,10963.1,10964.95,10957.5,10964.15,12:20:00,10971.894843409224,0,38
2020-08-03,10942.2,10962.35,10932.6,10962.0,12:25:00,10969.066763084536,0,39
2020-08-03,10931.95,10941.8,10927.5,10941.35,12:30:00,10965.53183326696,0,40
2020-08-03,10924.15,10937.4,10920.95,10932.05,12:35:00,10961.590706289157,0,41
2020-08-03,10925.6,10929.35,10911.8,10924.1,12:40:00,10958.163019975902,0,42
2020-08-03,10930.7,10932.65,10921.2,10925.35,12:45:00,10955.54749426391,0,43
2020-08-03,10933.7,10939.3,10927.25,10930.6,12:50:00,10953.46678052449,0,44
2020-08-03,10913.55,10934.65,10911.0,10934.65,12:55:00,10949.6651823793,0,45
2020-08-03,10916.1,10921.7,10908.8,10913.8,13:00:00,10946.468498343176,0,46
2020-08-03,10917.65,10920.1,10911.35,10916.6,13:05:00,10943.72387945335,0,47
2020-08-03,10925.3,10930.8,10918.1,10918.9,13:10:00,10941.969224267315,0,48
2020-08-03,10930.15,10930.15,10921.55,10925.8,13:15:00,10940.843583860906,0,49
2020-08-03,10934.95,10938.5,10929.5,10931.0,13:20:00,10940.282290159868,0,50
2020-08-03,10931.8,10935.4,10924.4,10935.4,13:25:00,10939.474453001783,0,51
2020-08-03,10936.65,10941.85,10925.55,10932.65,13:30:00,10939.205457477805,0,52
2020-08-03,10932.05,10942.9,10931.35,10937.25,13:35:00,10938.523985337062,0,53
2020-08-03,10936.35,10938.05,10932.6,10934.1,13:40:00,10938.316939114484,0,54
2020-08-03,10929.8,10940.75,10924.2,10937.15,13:45:00,10937.50580205596,0,55
2020-08-03,10932.5,10934.4,10926.2,10930.85,13:50:00,10937.029059003013,0,56
2020-08-03,10920.1,10933.3,10914.95,10933.3,13:55:00,10935.416767669392,0,57
2020-08-03,10901.95,10921.65,10900.0,10921.65,14:00:00,10932.229456462785,0,58
2020-08-03,10897.1,10904.05,10887.85,10903.8,14:05:00,10928.883793942518,0,59
2020-08-03,10911.35,10912.25,10895.05,10897.7,14:10:00,10927.213908805134,0,60
2020-08-03,10914.45,10922.75,10909.95,10911.65,14:15:00,10925.99829844274,0,61
2020-08-03,10906.6,10919.45,10902.65,10913.6,14:20:00,10924.150841448194,0,62
2020-08-03,10908.8,10912.1,10902.55,10907.4,14:25:00,10922.688856548366,0,63
2020-08-03,10917.15,10924.95,10908.0,10908.4,14:30:00,10922.161346400902,0,64
2020-08-03,10906.0,10919.45,10906.0,10918.15,14:35:00,10920.622170553195,0,65
2020-08-03,10900.25,10908.45,10897.8,10905.45,14:40:00,10918.681963833846,0,66
2020-08-03,10890.0,10898.65,10882.25,10898.65,14:45:00,10915.950348230625,0,67
2020-08-03,10898.15,10903.5,10889.65,10889.95,14:50:00,10914.255076970563,0,68
2020-08-03,10907.6,10913.9,10891.55,10896.95,14:55:00,10913.621260116222,0,69
2020-08-03,10889.95,10911.85,10884.65,10907.0,15:00:00,10911.366854390868,0,70
2020-08-03,10898.35,10899.65,10883.7,10890.2,15:05:00,10910.127153972691,0,71
2020-08-03,10892.65,10901.4,10884.4,10898.6,15:10:00,10908.462663118147,0,72
2020-08-03,10894.25,10898.2,10886.6,10893.6,15:15:00,10907.109076154517,0,73
2020-08-03,10893.95,10901.45,10886.0,10895.4,15:20:00,10905.855830806466,0,74
2020-08-03,10899.85,10901.15,10893.8,10894.05,15:25:00,10905.283846920136,0,75
2020-08-04,10965.1,10972.4,10943.05,10943.05,09:15:00,10910.980623403932,1,1
2020-08-04,10945.5,10969.1,10938.8,10965.8,09:20:00,10914.268183079746,1,2
2020-08-04,10932.55,10945.95,10926.25,10944.75,09:25:00,10916.009308500725,1,3
2020-08-04,10913.55,10932.3,10908.1,10932.3,09:30:00,10915.775088643511,1,4
2020-08-04,10930.15,10930.15,10910.25,10914.0,09:35:00,10917.144127820322,1,5
2020-08-04,10947.35,10951.3,10930.1,10930.3,09:40:00,10920.02087755172,1,6
2020-08-04,10968.45,10971.0,10946.25,10946.8,09:45:00,10924.633174927749,1,7
2020-08-04,10966.75,10978.6,10962.3,10966.95,09:50:00,10928.644301125105,1,8
2020-08-04,10973.65,10982.6,10966.3,10967.35,09:55:00,10932.93055816081,1,9
2020-08-04,10985.15,10985.15,10965.85,10973.4,10:00:00,10937.903838335971,1,10
2020-08-04,10979.2,10986.5,10972.75,10985.35,10:05:00,10941.836806113495,1,11
2020-08-04,10989.75,10993.05,10978.3,10978.95,10:10:00,10946.39996743602,1,12
2020-08-04,10980.3,10998.8,10979.0,10989.85,10:15:00,10949.628541965923,1,13
2020-08-04,10999.15,10999.15,10980.5,10981.45,10:20:00,10954.3448713025,1,14
2020-08-04,11004.5,11005.7,10991.85,10999.3,10:25:00,10959.121550226071,1,15
2020-08-04,11016.6,11023.45,10997.35,11004.15,10:30:00,10964.59568829978,1,16
2020-08-04,11023.5,11029.65,11017.4,11017.4,10:35:00,10970.20562274742,1,17
2020-08-04,11017.9,11026.15,11009.1,11023.8,10:40:00,10974.747944390523,1,18
2020-08-04,11025.0,11028.45,11014.55,11018.45,10:45:00,10979.53385444857,1,19
2020-08-04,11030.4,11037.6,11021.3,11024.95,10:50:00,10984.37824926299,1,20
2020-08-04,11019.9,11030.95,11019.9,11030.35,10:55:00,10987.761273142703,1,21
2020-08-04,11019.9,11023.35,11015.8,11020.65,11:00:00,10990.82210427197,1,22
2020-08-04,11025.6,11026.55,11016.8,11019.4,11:05:00,10994.134284817495,1,23
2020-08-04,11005.9,11025.9,11004.8,11025.9,11:10:00,10995.254829120591,1,24
2020-08-04,11022.1,11022.3,11004.95,11006.55,11:15:00,10997.811512061488,1,25
2020-08-04,11035.75,11039.6,11019.25,11021.9,11:20:00,11001.424701388964,1,26
2020-08-04,11037.55,11038.65,11033.15,11035.7,11:25:00,11004.865206018589,1,27
2020-08-04,11040.9,11048.85,11037.05,11037.45,11:30:00,11008.297091159677,1,28
2020-08-04,11042.2,11042.3,11034.25,11040.75,11:35:00,11011.525939620658,1,29
2020-08-04,11046.95,11049.5,11039.75,11042.35,11:40:00,11014.899659656789,1,30
2020-08-04,11043.7,11051.8,11043.1,11046.75,11:45:00,11017.642549213282,1,31
2020-08-04,11042.0,11045.35,11036.75,11043.5,11:50:00,11019.962306431064,1,32
2020-08-04,11047.1,11051.95,11039.55,11042.2,11:55:00,11022.546848675724,1,33
2020-08-04,11037.1,11047.45,11036.2,11046.7,12:00:00,11023.93286308756,1,34
2020-08-04,11055.2,11057.5,11036.7,11037.0,12:05:00,11026.91068565065,1,35
2020-08-04,11064.15,11067.2,11054.65,11054.75,12:10:00,11030.457287017254,1,36
2020-08-04,11054.1,11065.2,11050.05,11064.8,12:15:00,11032.708973967992,1,37
2020-08-04,11061.05,11062.45,11052.2,11054.05,12:20:00,11035.408119304371,1,38
2020-08-04,11052.15,11061.05,11048.95,11060.25,12:25:00,11037.002584132528,1,39
2020-08-04,11054.95,11065.15,11051.5,11053.35,12:30:00,11038.711861834192,1,40
2020-08-04,11054.8,11061.1,11052.75,11055.05,12:35:00,11040.24406546903,1,41
2020-08-04,11045.05,11062.55,11044.4,11054.4,12:40:00,11040.7017735196,1,42
2020-08-04,11049.85,11051.45,11041.75,11045.25,12:45:00,11041.5730331844,1,43
2020-08-04,11049.6,11055.55,11046.25,11050.15,12:50:00,11042.337506214457,1,44
2020-08-04,11035.2,11050.35,11027.65,11049.3,12:55:00,11041.657743717842,1,45
2020-08-04,11043.2,11048.25,11026.15,11035.05,13:00:00,11041.804625268524,1,46
2020-08-04,11059.25,11061.7,11042.45,11044.0,13:05:00,11043.466089528663,1,47
2020-08-04,11055.85,11064.2,11051.2,11059.0,13:10:00,11044.645509573553,1,48
2020-08-04,11066.65,11070.35,11055.8,11056.2,13:15:00,11046.741175328452,1,49
2020-08-04,11051.15,11071.05,11050.35,11066.05,13:20:00,11047.16106339241,1,50
2020-08-04,11047.95,11054.15,11044.9,11052.05,13:25:00,11047.23620021218,1,51
2020-08-04,11053.9,11057.2,11045.95,11048.65,13:30:00,11047.87084781102,1,52
2020-08-04,11039.35,11054.75,11036.1,11054.75,13:35:00,11047.059338495685,1,53
2020-08-04,11036.1,11046.2,11034.55,11039.4,13:40:00,11046.015591972286,1,54
2020-08-04,11045.9,11049.0,11037.3,11037.45,13:45:00,11046.00458321302,1,55
2020-08-04,11048.0,11050.85,11041.1,11045.65,13:50:00,11046.194622907016,1,56
2020-08-04,11052.3,11055.55,11046.95,11048.25,13:55:00,11046.776087392063,1,57
2020-08-04,11051.6,11060.75,11049.6,11053.0,14:00:00,11047.235507640438,1,58
2020-08-04,11043.4,11051.95,11042.15,11051.8,14:05:00,11046.870221198493,1,59
2020-08-04,11051.6,11057.55,11043.8,11043.8,14:10:00,11047.320676322444,1,60
2020-08-04,11062.55,11062.85,11050.8,11051.35,14:15:00,11048.77108810126,1,61
2020-08-04,11070.2,11072.45,11060.75,11062.8,14:20:00,11050.811936853524,1,62
2020-08-04,11064.15,11070.05,11058.45,11069.25,14:25:00,11052.08222858176,1,63
2020-08-04,11075.05,11079.95,11063.45,11064.8,14:30:00,11054.269635383496,1,64
2020-08-04,11085.1,11085.9,11074.4,11075.5,14:35:00,11057.205860585069,1,65
2020-08-04,11094.55,11096.9,11083.55,11085.05,14:40:00,11060.762445291251,1,66
2020-08-04,11093.2,11097.05,11084.75,11094.0,14:45:00,11063.851736215896,1,67
2020-08-04,11103.85,11104.8,11089.9,11093.5,14:50:00,11067.661094671525,1,68
2020-08-04,11099.4,11104.0,11090.85,11103.55,14:55:00,11070.68384755995,1,69
2020-08-04,11092.35,11099.55,11080.4,11099.55,15:00:00,11072.74729064948,1,70
2020-08-04,11087.35,11094.55,11085.6,11091.5,15:05:00,11074.138024873337,1,71
2020-08-04,11096.4,11102.9,11086.5,11087.95,15:10:00,11076.258212980638,1,72
2020-08-04,11098.1,11101.0,11092.0,11095.25,15:15:00,11078.33838317296,1,73
2020-08-04,11099.75,11112.25,11094.65,11098.2,15:20:00,11080.377584775537,1,74
2020-08-04,11102.85,11105.35,11099.15,11100.15,15:25:00,11082.517814796913,1,75
2020-08-05,11186.0,11189.5,11144.5,11147.9,09:15:00,11092.37326100673,2,1
2020-08-05,11192.3,11194.15,11176.8,11184.85,09:20:00,11101.890093291804,2,2
2020-08-05,11183.15,11195.8,11179.4,11192.8,09:25:00,11109.62913202592,2,3
2020-08-05,11198.55,11203.9,11183.85,11183.85,09:30:00,11118.097786118688,2,4
2020-08-05,11201.25,11209.2,11197.35,11197.55,09:35:00,11126.017044583574,2,5
2020-08-05,11196.55,11202.7,11192.3,11201.1,09:40:00,11132.734468908948,2,6
2020-08-05,11210.5,11210.5,11190.45,11199.5,09:45:00,11140.14070996524,2,7
2020-08-05,11207.45,11222.05,11205.6,11210.9,09:50:00,11146.551118539976,2,8
2020-08-05,11208.2,11209.55,11200.2,11209.1,09:55:00,11152.42244058379,2,9
2020-08-05,11203.75,11213.5,11195.9,11208.6,10:00:00,11157.31077957581,2,10
2020-08-05,11214.5,11217.3,11198.2,11204.05,10:05:00,11162.75737199716,2,11
2020-08-05,11212.6,11217.35,11209.75,11213.85,10:10:00,11167.504288949813,2,12
2020-08-05,11213.95,11225.65,11213.45,11213.45,10:15:00,11171.927690002212,2,13
2020-08-05,11204.15,11217.45,11200.35,11214.0,10:20:00,11174.996481430577,2,14
2020-08-05,11206.2,11206.4,11197.5,11204.2,10:25:00,11177.968245103852,2,15
2020-08-05,11188.8,11208.4,11184.5,11205.3,10:30:00,11178.999840808248,2,16
2020-08-05,11190.45,11197.7,11188.25,11189.4,10:35:00,11180.090332159843,2,17
2020-08-05,11196.45,11199.0,11190.1,11191.15,10:40:00,11181.648395763668,2,18
2020-08-05,11184.7,11195.85,11177.65,11195.85,10:45:00,11181.939024738558,2,19
2020-08-05,11181.15,11186.95,11179.35,11184.6,10:50:00,11181.863879525365,2,20
2020-08-05,11177.45,11184.9,11175.0,11181.05,10:55:00,11181.443510046756,2,21
2020-08-05,11193.3,11196.75,11172.05,11177.25,11:00:00,11182.572699566112,2,22
2020-08-05,11196.25,11197.0,11181.25,11193.0,11:05:00,11183.875299607433,2,23
2020-08-05,11190.8,11195.95,11188.3,11195.8,11:10:00,11184.534794882917,2,24
2020-08-05,11178.95,11191.8,11177.0,11191.4,11:15:00,11184.00290965597,2,25
2020-08-05,11180.25,11182.6,11175.9,11178.75,11:20:00,11183.645489688735,2,26
2020-08-05,11179.8,11188.25,11178.4,11180.2,11:25:00,11183.279252575525,2,27
2020-08-05,11143.2,11181.35,11139.55,11179.55,11:30:00,11179.462180901664,2,28
2020-08-05,11147.25,11152.55,11140.95,11142.1,11:35:00,11176.394354149124,2,29
2020-08-05,11133.15,11148.45,11127.4,11148.45,11:40:00,11172.27584423016,2,30
2020-08-05,11119.1,11130.6,11107.05,11130.6,11:45:00,11167.211478113002,2,31
2020-08-05,11122.4,11133.85,11117.8,11118.35,11:50:00,11162.943718292716,2,32
2020-08-05,11074.1,11131.9,11069.2,11122.9,11:55:00,11154.482411788647,2,33
2020-08-05,11086.0,11100.2,11064.05,11073.7,12:00:00,11147.960277332586,2,34
2020-08-05,11114.2,11117.3,11084.95,11086.15,12:05:00,11144.74501282472,2,35
2020-08-05,11119.4,11123.0,11110.35,11114.45,12:10:00,11142.33120207951,2,36
2020-08-05,11118.5,11141.2,11117.95,11119.7,12:15:00,11140.061563786225,2,37
2020-08-05,11111.65,11127.8,11110.15,11119.2,12:20:00,11137.355700568489,2,38
2020-08-05,11120.1,11121.85,11110.3,11111.4,12:25:00,11135.712300514344,2,39
2020-08-05,11114.2,11122.8,11108.85,11120.45,12:30:00,11133.663509989168,2,40
2020-08-05,11132.05,11134.2,11114.45,11114.45,12:35:00,11133.509842371152,2,41
2020-08-05,11136.15,11145.2,11129.85,11132.0,12:40:00,11133.761285954854,2,42
2020-08-05,11123.1,11138.1,11123.1,11135.65,12:45:00,11132.745925387726,2,43
2020-08-05,11131.45,11131.5,11119.2,11121.8,12:50:00,11132.622503922228,2,44
2020-08-05,11122.95,11131.4,11119.9,11131.4,12:55:00,11131.701313072494,2,45
2020-08-05,11139.05,11140.85,11122.6,11122.6,13:00:00,11132.401188017971,2,46
2020-08-05,11137.8,11144.9,11134.15,11139.35,13:05:00,11132.915360587687,2,47
2020-08-05,11117.7,11139.5,11105.2,11137.65,13:10:00,11131.466278626958,2,48
2020-08-05,11125.25,11129.9,11114.8,11118.55,13:15:00,11130.874252091056,2,49
2020-08-05,11117.45,11128.65,11111.0,11124.95,13:20:00,11129.59575189191,2,50
2020-08-05,11117.1,11120.1,11109.95,11117.05,13:25:00,11128.405680283156,2,51
2020-08-05,11106.25,11117.3,11098.6,11116.7,13:30:00,11126.295615494284,2,52
2020-08-05,11098.55,11112.3,11094.15,11105.15,13:35:00,11123.6531759234,2,53
2020-08-05,11105.85,11112.6,11097.75,11098.65,13:40:00,11121.957635359267,2,54
2020-08-05,11084.3,11106.45,11079.4,11105.65,13:45:00,11118.37119389648,2,55
2020-08-05,11074.05,11088.85,11069.85,11084.2,13:50:00,11114.1501278111,2,56
2020-08-05,11095.85,11095.85,11073.35,11073.4,13:55:00,11112.407258495758,2,57
2020-08-05,11091.9,11106.9,11085.35,11095.25,14:00:00,11110.454186258066,2,58
2020-08-05,11104.35,11113.45,11091.8,11091.8,14:05:00,11109.87283518587,2,59
2020-08-05,11104.65,11104.95,11093.95,11103.75,14:10:00,11109.375422311026,2,60
2020-08-05,11113.35,11116.15,11104.95,11105.15,14:15:00,11109.7539535195,2,61
2020-08-05,11124.7,11125.75,11113.8,11113.9,14:20:00,11111.177386517642,2,62
2020-08-05,11114.5,11134.8,11102.0,11125.0,14:25:00,11111.493825896914,2,63
2020-08-05,11118.95,11119.55,11102.8,11112.75,14:30:00,11112.203937716256,2,64
2020-08-05,11116.6,11121.85,11112.3,11118.3,14:35:00,11112.62261031471,2,65
2020-08-05,11112.35,11119.15,11104.55,11116.4,14:40:00,11112.596647427596,2,66
2020-08-05,11090.2,11112.6,11082.65,11111.4,14:45:00,11110.463633386871,2,67
2020-08-05,11097.1,11107.65,11088.25,11089.9,14:50:00,11109.190906397647,2,68
2020-08-05,11105.7,11111.9,11096.45,11096.45,14:55:00,11108.858439121685,2,69
2020-08-05,11096.1,11105.05,11090.75,11104.65,15:00:00,11107.643349681524,2,70
2020-08-05,11095.8,11097.6,11087.45,11095.6,15:05:00,11106.515411616616,2,71
2020-08-05,11103.9,11105.1,11088.95,11097.35,15:10:00,11106.266324795986,2,72
2020-08-05,11106.7,11108.9,11098.6,11104.3,15:15:00,11106.307627196367,2,73
2020-08-05,11115.15,11120.1,11096.55,11107.65,15:20:00,11107.149757939573,2,74
2020-08-05,11120.1,11122.9,11112.3,11114.65,15:25:00,11108.38311432628,2,75
2020-08-06,11161.7,11171.75,11127.3,11164.1,09:15:00,11113.460912961871,3,1
2020-08-06,11153.25,11162.95,11148.65,11158.85,09:20:00,11117.250349822643,3,2
2020-08-06,11145.7,11154.35,11135.65,11152.75,09:25:00,11119.959840315729,3,3
2020-08-06,11161.65,11163.15,11131.2,11143.55,09:30:00,11123.93033171423,3,4
2020-08-06,11167.2,11176.05,11160.75,11160.8,09:35:00,11128.05125250335,3,5
2020-08-06,11165.7,11173.65,11157.25,11167.7,09:40:00,11131.63684750303,3,6
2020-08-06,11166.45,11173.2,11159.1,11166.85,09:45:00,11134.952385836075,3,7
2020-08-06,11169.8,11173.1,11161.3,11167.4,09:50:00,11138.27120623264,3,8
2020-08-06,11168.05,11174.65,11165.5,11170.05,09:55:00,11141.10728182953,3,9
2020-08-06,11157.35,11173.95,11152.15,11168.55,10:00:00,11142.654207369576,3,10
2020-08-06,11163.05,11164.1,11153.35,11157.75,10:05:00,11144.59666381057,3,11
2020-08-06,11164.95,11171.05,11162.75,11163.5,10:10:00,11146.535076780992,3,12
2020-08-06,11180.95,11184.25,11164.25,11165.05,10:15:00,11149.812688516136,3,13
2020-08-06,11181.2,11191.75,11179.25,11181.0,10:20:00,11152.801956276504,3,14
2020-08-06,11177.2,11182.45,11173.4,11181.1,10:25:00,11155.125579488264,3,15
2020-08-06,11182.15,11185.45,11177.05,11177.65,10:30:00,11157.699333822717,3,16
2020-08-06,11185.2,11189.45,11180.8,11182.45,10:35:00,11160.31844488722,3,17
2020-08-06,11177.85,11188.75,11177.4,11185.9,10:40:00,11161.988116802724,3,18
2020-08-06,11171.2,11178.3,11167.3,11178.05,10:45:00,11162.865439011988,3,19
2020-08-06,11174.9,11182.5,11170.55,11170.55,10:50:00,11164.011587677513,3,20
2020-08-06,11181.4,11184.0,11172.55,11175.0,10:55:00,11165.66762694632,3,21
2020-08-06,11178.1,11185.65,11178.1,11181.55,11:00:00,11166.851662475245,3,22
2020-08-06,11160.45,11180.0,11151.7,11178.55,11:05:00,11166.241980334744,3,23
2020-08-06,11164.7,11168.25,11155.9,11159.95,11:10:00,11166.095125064769,3,24
2020-08-06,11174.5,11176.7,11163.35,11164.85,11:15:00,11166.895589344313,3,25
2020-08-06,11171.25,11174.9,11166.5,11174.9,11:20:00,11167.310295121044,3,26
2020-08-06,11169.8,11177.65,11165.5,11171.3,11:25:00,11167.54740987142,3,27
2020-08-06,11180.3,11182.5,11171.3,11173.85,11:30:00,11168.761942264618,3,28
2020-08-06,11172.4,11182.1,11171.25,11180.45,11:35:00,11169.1084239537,3,29
2020-08-06,11168.6,11174.25,11166.9,11172.6,11:40:00,11169.060002624778,3,30
2020-08-06,11167.85,11170.65,11154.9,11168.65,11:45:00,11168.94476427956,3,31
2020-08-06,11165.9,11170.75,11162.25,11167.45,11:50:00,11168.654786729125,3,32
2020-08-06,11181.8,11204.5,11161.95,11165.65,11:55:00,11169.90671180254,3,33
2020-08-06,11172.5,11185.0,11139.3,11183.6,12:00:00,11170.15369163087,3,34
2020-08-06,11171.35,11175.0,11164.4,11171.85,12:05:00,11170.267625761266,3,35
2020-08-06,11161.8,11171.8,11152.3,11170.95,12:10:00,11169.461185212573,3,36
2020-08-06,11184.0,11189.65,11159.9,11162.1,12:15:00,11170.845834239946,3,37
2020-08-06,11186.85,11191.2,11177.3,11183.9,12:20:00,11172.370040502808,3,38
2020-08-06,11214.15,11229.25,11186.55,11186.55,12:25:00,11176.349084264446,3,39
2020-08-06,11200.1,11218.9,11188.5,11214.45,12:30:00,11178.61107623926,3,40
2020-08-06,11206.9,11207.55,11189.0,11200.65,12:35:00,11181.30525945457,3,41
2020-08-06,11204.05,11209.2,11198.65,11206.0,12:40:00,11183.4714252208,3,42
2020-08-06,11219.7,11221.25,11203.6,11203.6,12:45:00,11186.921765675965,3,43
2020-08-06,11239.6,11239.6,11219.2,11219.35,12:50:00,11191.93874037349,3,44
2020-08-06,11237.75,11256.8,11233.45,11239.15,12:55:00,11196.301717480776,3,45
2020-08-06,11242.85,11253.9,11237.25,11237.25,13:00:00,11200.734887244513,3,46
2020-08-06,11242.35,11246.1,11227.75,11242.3,13:05:00,11204.698231316464,3,47
2020-08-06,11251.05,11251.5,11239.5,11242.2,13:10:00,11209.1126854768,3,48
2020-08-06,11252.55,11254.6,11244.85,11252.05,13:15:00,11213.249572574248,3,49
2020-08-06,11248.85,11253.2,11242.15,11252.8,13:20:00,11216.640089471935,3,50
2020-08-06,11230.95,11253.55,11230.95,11248.75,13:25:00,11218.002938093658,3,51
2020-08-06,11225.15,11237.05,11224.2,11229.55,13:30:00,11218.683610656168,3,52
2020-08-06,11232.65,11237.75,11224.65,11226.2,13:35:00,11220.013742974628,3,53
2020-08-06,11219.3,11233.5,11218.7,11232.0,13:40:00,11219.945767453237,3,54
2020-08-06,11219.55,11223.65,11209.55,11218.8,13:45:00,11219.908075314832,3,55
2020-08-06,11212.15,11219.15,11202.3,11219.15,13:50:00,11219.169210999136,3,56
2020-08-06,11225.55,11226.2,11211.1,11212.25,13:55:00,11219.776905189694,3,57
2020-08-06,11206.25,11225.75,11206.25,11225.75,14:00:00,11218.488628504962,3,58
2020-08-06,11211.35,11215.25,11202.95,11206.65,14:05:00,11217.808759123536,3,59
2020-08-06,11208.6,11212.95,11196.95,11212.45,14:10:00,11216.931734445105,3,60
2020-08-06,11181.55,11208.5,11180.95,11208.1,14:15:00,11213.562045450331,3,61
2020-08-06,11161.1,11182.45,11157.35,11182.45,14:20:00,11208.56566016935,3,62
2020-08-06,11154.0,11165.15,11130.45,11161.7,14:25:00,11203.36893062941,3,63
2020-08-06,11157.75,11166.9,11143.65,11154.6,14:30:00,11199.024270569467,3,64
2020-08-06,11169.0,11171.6,11156.35,11156.8,14:35:00,11196.16481622952,3,65
2020-08-06,11178.85,11190.35,11169.65,11169.65,14:40:00,11194.51578611242,3,66
2020-08-06,11170.5,11179.4,11164.35,11178.75,14:45:00,11192.228568387429,3,67
2020-08-06,11173.1,11179.7,11169.3,11170.65,14:50:00,11190.406799969578,3,68
2020-08-06,11171.8,11175.4,11166.55,11173.2,14:55:00,11188.634723782,3,69
2020-08-06,11191.2,11200.25,11171.0,11172.75,15:00:00,11188.879035802762,3,70
2020-08-06,11202.35,11204.4,11190.4,11191.95,15:05:00,11190.161984773928,3,71
2020-08-06,11200.45,11207.25,11198.7,11201.85,15:10:00,11191.14179574784,3,72
2020-08-06,11204.55,11205.55,11196.15,11201.05,15:15:00,11192.41876758138,3,73
2020-08-06,11209.35,11210.2,11191.95,11204.85,15:20:00,11194.031265906964,3,74
2020-08-06,11205.35,11210.05,11204.4,11210.05,15:25:00,11195.109240582491,3,75
2020-08-07,11178.45,11183.6,11142.05,11169.1,09:15:00,11193.5226462413,4,1
2020-08-07,11178.6,11181.5,11169.1,11180.3,09:20:00,11192.101441837369,4,2
2020-08-07,11170.4,11180.55,11159.35,11178.5,09:25:00,11190.034637852856,4,3
2020-08-07,11169.8,11173.45,11155.55,11170.25,09:30:00,11188.107529485917,4,4
2020-08-07,11197.8,11198.8,11171.7,11171.85,09:35:00,11189.03062191583,4,5
2020-08-07,11195.6,11208.15,11188.25,11198.0,09:40:00,11189.656276971466,4,6
2020-08-07,11210.0,11213.6,11193.65,11195.4,09:45:00,11191.593774402754,4,7
2020-08-07,11197.25,11213.8,11188.55,11210.65,09:50:00,11192.132462554871,4,8
2020-08-07,11199.1,11199.1,11184.7,11197.45,09:55:00,11192.796037549648,4,9
2020-08-07,11199.95,11209.0,11194.5,11198.95,10:00:00,11193.477367306825,4,10
2020-08-07,11208.7,11208.7,11196.6,11200.0,10:05:00,11194.92714184903,4,11
2020-08-07,11202.15,11209.75,11198.8,11208.4,10:10:00,11195.615033101503,4,12
2020-08-07,11183.0,11202.9,11181.15,11201.2,10:15:00,11194.41360137755,4,13
2020-08-07,11180.75,11192.95,11180.75,11182.7,10:20:00,11193.11230600826,4,14
2020-08-07,11184.1,11190.35,11175.15,11178.8,10:25:00,11192.25399115033,4,15
2020-08-07,11189.15,11191.15,11184.05,11186.5,10:30:00,11191.958372945535,4,16
2020-08-07,11186.1,11195.6,11185.85,11189.6,10:35:00,11191.40043266501,4,17
2020-08-07,11177.2,11188.0,11174.45,11186.75,10:40:00,11190.048010506438,4,18
2020-08-07,11179.75,11183.1,11168.2,11178.2,10:45:00,11189.067247601064,4,19
2020-08-07,11178.1,11188.95,11177.35,11180.05,10:50:00,11188.022747829536,4,20
2020-08-07,11170.5,11178.95,11169.3,11177.9,10:55:00,11186.353914702911,4,21
2020-08-07,11186.0,11186.4,11170.7,11172.05,11:00:00,11186.320208540732,4,22
2020-08-07,11183.75,11189.7,11180.1,11185.05,11:05:00,11186.075426774947,4,23
2020-08-07,11181.75,11185.2,11175.5,11183.4,11:10:00,11185.66348136781,4,24
2020-08-07,11187.8,11196.1,11180.65,11181.85,11:15:00,11185.86695933278,4,25
2020-08-07,11186.1,11190.15,11184.45,11188.45,11:20:00,11185.88915368204,4,26
2020-08-07,11185.0,11186.2,11175.25,11185.5,11:25:00,11185.80447237899,4,27
2020-08-07,11185.0,11187.75,11180.3,11184.95,11:30:00,11185.727855961944,4,28
2020-08-07,11183.3,11186.8,11178.8,11184.95,11:35:00,11185.496631584614,4,29
2020-08-07,11182.25,11183.55,11173.7,11182.45,11:40:00,11185.187428576555,4,30
2020-08-07,11185.8,11187.0,11178.65,11181.5,11:45:00,11185.24576871212,4,31
2020-08-07,11183.5,11189.65,11181.9,11185.7,11:50:00,11185.079505025253,4,32
2020-08-07,11199.65,11202.05,11179.4,11183.3,11:55:00,11186.467171213324,4,33
2020-08-07,11204.0,11211.3,11199.9,11199.9,12:00:00,11188.136964431102,4,34
2020-08-07,11206.65,11208.45,11199.5,11204.2,12:05:00,11189.90011067576,4,35
2020-08-07,11194.3,11207.0,11190.2,11206.3,12:10:00,11190.31914775426,4,36
2020-08-07,11204.0,11205.05,11193.35,11193.6,12:15:00,11191.622086063377,4,37
2020-08-07,11201.65,11207.1,11200.15,11204.2,12:20:00,11192.577125485914,4,38
2020-08-07,11178.6,11203.0,11171.1,11201.7,12:25:00,11191.245970677732,4,39
2020-08-07,11182.45,11185.05,11170.3,11177.95,12:30:00,11190.408259184616,4,40
2020-08-07,11177.95,11182.5,11172.75,11182.5,12:35:00,11189.22175830989,4,41
2020-08-07,11185.55,11187.55,11177.55,11177.65,12:40:00,11188.87206704228,4,42
2020-08-07,11188.2,11193.5,11185.6,11185.6,12:45:00,11188.8080606573,4,43
2020-08-07,11194.65,11198.15,11181.45,11188.7,12:50:00,11189.364435832797,4,44
2020-08-07,11194.9,11201.5,11192.25,11194.05,12:55:00,11189.891632420147,4,45
2020-08-07,11198.95,11200.1,11193.7,11194.6,13:00:00,11190.754334094418,4,46
2020-08-07,11199.3,11208.05,11197.75,11198.7,13:05:00,11191.568207037806,4,47
2020-08-07,11195.6,11198.5,11192.7,11198.5,13:10:00,11191.95218731992,4,48
2020-08-07,11192.2,11195.7,11186.35,11194.7,13:15:00,11191.975788527545,4,49
2020-08-07,11180.15,11194.05,11178.15,11192.4,13:20:00,11190.849522953493,4,50
2020-08-07,11190.95,11193.75,11178.65,11179.8,13:25:00,11190.859092196017,4,51
2020-08-07,11187.6,11200.65,11185.95,11191.35,13:30:00,11190.548702463064,4,52
2020-08-07,11191.9,11194.45,11186.9,11187.9,13:35:00,11190.67739746658,4,53
2020-08-07,11193.25,11195.1,11187.8,11191.7,13:40:00,11190.922407231668,4,54
2020-08-07,11199.4,11199.4,11190.5,11192.75,13:45:00,11191.729797019128,4,55
2020-08-07,11190.85,11199.8,11188.9,11199.8,13:50:00,11191.64600682683,4,56
2020-08-07,11190.85,11195.95,11189.9,11190.5,13:55:00,11191.570196652843,4,57
2020-08-07,11199.25,11205.6,11187.6,11188.1,14:00:00,11192.301606495432,4,58
2020-08-07,11194.9,11205.25,11193.2,11200.25,14:05:00,11192.549072543485,4,59
2020-08-07,11197.6,11200.35,11192.55,11195.2,14:10:00,11193.03011325363,4,60
2020-08-07,11195.85,11203.35,11195.2,11198.05,14:15:00,11193.29867389614,4,61
2020-08-07,11196.8,11197.6,11186.05,11195.7,14:20:00,11193.63213352508,4,62
2020-08-07,11218.35,11221.95,11197.1,11197.45,14:25:00,11195.9862160465,4,63
2020-08-07,11223.05,11230.7,11217.85,11218.2,14:30:00,11198.563719280168,4,64
2020-08-07,11218.9,11223.3,11208.05,11223.3,14:35:00,11200.500507920153,4,65
2020-08-07,11223.9,11231.9,11218.3,11218.4,14:40:00,11202.729030975375,4,66
2020-08-07,11227.7,11228.25,11214.45,11222.8,14:45:00,11205.107218501533,4,67
2020-08-07,11225.15,11229.25,11222.1,11228.35,14:50:00,11207.01605483472,4,68
2020-08-07,11219.5,11225.25,11213.2,11225.05,14:55:00,11208.205001993318,4,69
2020-08-07,11213.25,11220.35,11204.05,11219.65,15:00:00,11208.685477993951,4,70
2020-08-07,11215.05,11215.9,11210.85,11213.9,15:05:00,11209.29162294691,4,71
2020-08-07,11213.45,11221.4,11212.85,11215.65,15:10:00,11209.687658856728,4,72
2020-08-07,11214.05,11216.25,11210.55,11214.15,15:15:00,11210.103119917992,4,73
2020-08-07,11213.1,11220.2,11204.95,11214.5,15:20:00,11210.388537068658,4,74
2020-08-07,11215.95,11216.9,11210.8,11212.85,15:25:00,11210.918200204978,4,75
2020-08-10,11292.55,11296.55,11261.1,11261.2,09:15:00,11218.692657328314,0,1
2020-08-10,11293.2,11305.4,11291.05,11296.6,09:20:00,11225.788594725618,0,2
2020-08-10,11306.85,11311.55,11287.05,11293.65,09:25:00,11233.508728561274,0,3
2020-08-10,11309.15,11316.0,11303.85,11307.05,09:30:00,11240.712659174484,0,4
2020-08-10,11307.3,11313.85,11306.55,11309.35,09:35:00,11247.054310681677,0,5
2020-08-10,11320.0,11326.5,11307.3,11307.65,09:40:00,11254.001519188185,0,6
2020-08-10,11309.05,11323.1,11308.7,11320.3,09:45:00,11259.244231646451,0,7
2020-08-10,11307.65,11309.6,11302.55,11308.4,09:50:00,11263.85430482298,0,8
2020-08-10,11304.55,11307.95,11302.35,11307.35,09:55:00,11267.73008531603,0,9
2020-08-10,11315.75,11316.1,11302.6,11303.9,10:00:00,11272.303410524026,0,10
2020-08-10,11306.65,11315.4,11298.6,11315.4,10:05:00,11275.574514283642,0,11
2020-08-10,11308.1,11311.05,11302.2,11307.1,10:10:00,11278.672179589965,0,12
2020-08-10,11313.3,11314.45,11303.25,11308.15,10:15:00,11281.970067248065,0,13
2020-08-10,11306.85,11313.95,11306.8,11313.4,10:20:00,11284.33958465301,0,14
2020-08-10,11300.9,11307.95,11290.85,11306.4,10:25:00,11285.916767067009,0,15
2020-08-10,11308.8,11311.45,11296.75,11300.85,10:30:00,11288.096122584437,0,16
2020-08-10,11305.25,11311.7,11304.4,11309.1,10:35:00,11289.729825195442,0,17
2020-08-10,11309.6,11312.55,11303.75,11305.7,10:40:00,11291.622222795875,0,18
2020-08-10,11319.95,11320.5,11310.25,11310.25,10:45:00,11294.320106339128,0,19
2020-08-10,11316.0,11320.7,11313.8,11320.05,10:50:00,11296.384858116357,0,20
2020-08-10,11314.05,11319.05,11313.3,11316.65,10:55:00,11298.067252581464,0,21
2020-08-10,11316.8,11318.3,11313.9,11314.1,11:00:00,11299.851323764182,0,22
2020-08-10,11318.95,11319.7,11308.1,11317.2,11:05:00,11301.67024531045,0,23
2020-08-10,11324.55,11327.6,11319.85,11319.85,11:10:00,11303.849269566595,0,24
2020-08-10,11326.6,11330.55,11324.2,11324.2,11:15:00,11306.01600579835,0,25
2020-08-10,11332.6,11336.05,11326.2,11327.1,11:20:00,11308.547814769936,0,26
2020-08-10,11326.35,11333.25,11323.85,11333.0,11:25:00,11310.243260982325,0,27
2020-08-10,11335.05,11337.3,11325.3,11325.8,11:30:00,11312.605807555436,0,28
2020-08-10,11333.1,11335.4,11332.1,11334.3,11:35:00,11314.5576354073,0,29
2020-08-10,11330.8,11334.75,11329.1,11333.65,11:40:00,11316.104527273272,0,30
2020-08-10,11330.45,11332.95,11324.1,11330.5,11:45:00,11317.470762771056,0,31
2020-08-10,11327.85,11336.6,11327.7,11330.4,11:50:00,11318.459261554766,0,32
2020-08-10,11332.15,11334.35,11326.05,11327.8,11:55:00,11319.763141406693,0,33
2020-08-10,11327.7,11332.6,11323.65,11332.2,12:00:00,11320.519032701292,0,34
2020-08-10,11324.8,11329.15,11323.95,11327.5,12:05:00,11320.926743872598,0,35
2020-08-10,11314.45,11328.5,11309.05,11325.0,12:10:00,11320.309911122826,0,36
2020-08-10,11313.95,11315.65,11312.15,11314.55,12:15:00,11319.704205301605,0,37
2020-08-10,11316.3,11319.45,11314.25,11314.35,12:20:00,11319.37999527288,0,38
2020-08-10,11312.1,11316.4,11311.05,11316.0,12:25:00,11318.68666238975,0,39
2020-08-10,11303.3,11312.2,11291.35,11312.0,12:30:00,11317.22126597168,0,40
2020-08-10,11303.4,11308.2,11300.1,11302.5,12:35:00,11315.904954926757,0,41
2020-08-10,11310.2,11314.9,11302.7,11304.0,12:40:00,11315.361625886111,0,42
2020-08-10,11318.85,11319.85,11308.85,11309.65,12:45:00,11315.693851992197,0,43
2020-08-10,11317.3,11323.0,11317.25,11318.9,12:50:00,11315.846818469132,0,44
2020-08-10,11316.75,11317.2,11308.9,11316.95,12:55:00,11315.932835757783,0,45
2020-08-10,11310.4,11318.55,11308.4,11317.2,13:00:00,11315.405899018948,0,46
2020-08-10,11308.2,11313.25,11303.6,11311.35,13:05:00,11314.719622921906,0,47
2020-08-10,11308.4,11310.2,11303.4,11308.55,13:10:00,11314.117754072202,0,48
2020-08-10,11317.0,11318.9,11306.95,11308.65,13:15:00,11314.392253684377,0,49
2020-08-10,11306.9,11319.9,11304.25,11317.15,13:20:00,11313.678705714436,0,50
2020-08-10,11312.55,11312.95,11305.45,11307.55,13:25:00,11313.571209932108,0,51
2020-08-10,11314.1,11315.3,11309.0,11312.8,13:30:00,11313.621570890957,0,52
2020-08-10,11304.75,11315.45,11295.45,11314.15,13:35:00,11312.77665937753,0,53
2020-08-10,11300.15,11304.8,11297.7,11304.5,13:40:00,11311.574120389196,0,54
2020-08-10,11301.85,11306.15,11299.0,11299.95,13:45:00,11310.648013685464,0,55
2020-08-10,11296.15,11302.9,11290.2,11301.7,13:50:00,11309.267250477322,0,56
2020-08-10,11294.1,11299.8,11293.55,11296.0,13:55:00,11307.822750431862,0,57
2020-08-10,11283.35,11293.15,11281.05,11293.15,14:00:00,11305.492012295495,0,58
2020-08-10,11278.35,11287.7,11275.35,11283.9,14:05:00,11302.907058743544,0,59
2020-08-10,11255.75,11278.85,11238.0,11278.85,14:10:00,11298.415910291778,0,60
2020-08-10,11264.25,11271.75,11251.85,11255.2,14:15:00,11295.162014073514,0,61
2020-08-10,11278.95,11279.3,11261.25,11264.9,14:20:00,11293.61801273318,0,62
2020-08-10,11275.05,11280.9,11273.45,11279.05,14:25:00,11291.849630568116,0,63
2020-08-10,11266.15,11274.65,11266.15,11274.65,14:30:00,11289.402046704485,0,64
2020-08-10,11272.75,11277.85,11260.9,11266.0,14:35:00,11287.816137494534,0,65
2020-08-10,11276.95,11280.15,11272.7,11272.7,14:40:00,11286.78126725696,0,66
2020-08-10,11268.8,11283.25,11267.35,11277.35,14:45:00,11285.06876561344,0,67
2020-08-10,11288.45,11288.45,11268.95,11269.7,14:50:00,11285.39078793597,0,68
2020-08-10,11281.9,11296.65,11281.15,11287.8,14:55:00,11285.05833194207,0,69
2020-08-10,11269.4,11282.8,11267.2,11282.8,15:00:00,11283.5670622333,0,70
2020-08-10,11267.55,11273.6,11264.5,11270.75,15:05:00,11282.04162773489,0,71
2020-08-10,11268.35,11273.15,11264.35,11268.15,15:10:00,11280.73766318871,0,72
2020-08-10,11265.65,11269.1,11261.05,11267.8,15:15:00,11279.30074288502,0,73
2020-08-10,11274.25,11275.05,11264.15,11265.6,15:20:00,11278.819719753115,0,74
2020-08-10,11274.7,11277.55,11271.95,11274.3,15:25:00,11278.427365490914,0,75
2020-08-11,11357.55,11359.2,11320.05,11320.05,09:15:00,11285.962854491778,1,1
2020-08-11,11362.65,11367.55,11356.8,11358.0,09:20:00,11293.266392159228,1,2
2020-08-11,11367.8,11367.85,11353.15,11362.25,09:25:00,11300.364831001203,1,3
2020-08-11,11369.05,11372.95,11360.55,11368.1,09:30:00,11306.906275667756,1,4
2020-08-11,11355.15,11373.6,11353.85,11369.55,09:35:00,11311.50091608035,1,5
2020-08-11,11365.35,11365.35,11352.0,11354.9,09:40:00,11316.629400263171,1,6
2020-08-11,11359.1,11366.6,11353.85,11365.15,09:45:00,11320.674219285727,1,7
2020-08-11,11350.2,11359.4,11347.95,11359.4,09:50:00,11323.486198401371,1,8
2020-08-11,11347.25,11353.2,11344.45,11349.9,09:55:00,11325.749417601244,1,9
2020-08-11,11341.05,11347.7,11332.35,11347.1,10:00:00,11327.206615924935,1,10
2020-08-11,11346.65,11348.15,11336.7,11340.45,10:05:00,11329.058366789228,1,11
2020-08-11,11344.6,11349.3,11341.4,11346.9,10:10:00,11330.53852233311,1,12
2020-08-11,11346.15,11347.65,11341.45,11344.65,10:15:00,11332.025329729957,1,13
2020-08-11,11355.65,11358.35,11346.3,11346.6,10:20:00,11334.275298327104,1,14
2020-08-11,11358.55,11361.35,11350.35,11355.35,10:25:00,11336.587174676904,1,15
2020-08-11,11360.85,11364.2,11357.6,11358.35,10:30:00,11338.89791994577,1,16
2020-08-11,11362.5,11366.1,11360.1,11360.4,10:35:00,11341.145737093791,1,17
2020-08-11,11357.7,11363.55,11350.8,11363.55,10:40:00,11342.72233356105,1,18
2020-08-11,11352.85,11358.4,11346.35,11357.8,10:45:00,11343.686873221905,1,19
2020-08-11,11351.2,11359.1,11347.5,11353.3,10:50:00,11344.402409105533,1,20
2020-08-11,11350.75,11355.3,11346.7,11350.9,10:55:00,11345.006941571672,1,21
2020-08-11,11328.1,11352.95,11323.8,11351.85,11:00:00,11343.396756660084,1,22
2020-08-11,11330.8,11333.2,11322.65,11328.7,11:05:00,11342.1970655496,1,23
2020-08-11,11325.85,11337.5,11325.85,11331.45,11:10:00,11340.640202163924,1,24
2020-08-11,11316.4,11325.35,11310.0,11325.2,11:15:00,11338.331611481646,1,25
2020-08-11,11324.55,11328.45,11311.4,11316.05,11:20:00,11337.019077054822,1,26
2020-08-11,11326.75,11328.15,11318.9,11324.95,11:25:00,11336.041069716268,1,27
2020-08-11,11328.35,11331.2,11323.7,11326.95,11:30:00,11335.308586886147,1,28
2020-08-11,11331.45,11333.85,11325.55,11328.45,11:35:00,11334.941102420798,1,29
2020-08-11,11334.1,11337.55,11330.45,11331.4,11:40:00,11334.860997428344,1,30
2020-08-11,11329.2,11333.85,11324.7,11333.85,11:45:00,11334.32185481612,1,31
2020-08-11,11329.2,11334.0,11328.35,11329.05,11:50:00,11333.834059119348,1,32
2020-08-11,11325.25,11334.2,11324.8,11328.75,11:55:00,11333.016529679411,1,33
2020-08-11,11309.3,11327.15,11307.8,11325.7,12:00:00,11330.757812567088,1,34
2020-08-11,11318.1,11319.4,11308.7,11309.0,12:05:00,11329.552306608315,1,35
2020-08-11,11320.05,11320.3,11312.7,11317.7,12:10:00,11328.647325026574,1,36
2020-08-11,11319.1,11322.8,11313.7,11320.6,12:15:00,11327.738055976424,1,37
2020-08-11,11300.9,11320.25,11300.2,11318.75,12:20:00,11325.182050645337,1,38
2020-08-11,11308.85,11309.4,11299.15,11300.65,12:25:00,11323.62661725054,1,39
2020-08-11,11322.55,11322.75,11308.2,11308.8,12:30:00,11323.524082274298,1,40
2020-08-11,11321.3,11324.0,11316.55,11322.5,12:35:00,11323.31226491484,1,41
2020-08-11,11325.25,11325.25,11314.85,11321.8,12:40:00,11323.496811113428,1,42
2020-08-11,11335.75,11335.85,11327.0,11328.1,12:45:00,11324.663781483578,1,43
2020-08-11,11331.35,11337.35,11330.0,11335.2,12:50:00,11325.300564199426,1,44
2020-08-11,11340.4,11342.55,11328.1,11330.95,12:55:00,11326.738605704242,1,45
2020-08-11,11346.2,11353.35,11337.25,11340.45,13:00:00,11328.592071827648,1,46
2020-08-11,11353.25,11356.5,11345.0,11345.95,13:05:00,11330.9404459393,1,47
2020-08-11,11352.55,11355.9,11343.3,11354.1,13:10:00,11332.998498706987,1,48
2020-08-11,11348.35,11353.55,11344.45,11352.35,13:15:00,11334.460546449178,1,49
2020-08-11,11347.7,11349.9,11342.5,11349.5,13:20:00,11335.721446787353,1,50
2020-08-11,11347.05,11351.55,11342.0,11347.4,13:25:00,11336.800356617126,1,51
2020-08-11,11353.35,11358.85,11347.3,11347.3,13:30:00,11338.37651312978,1,52
2020-08-11,11362.25,11364.4,11351.65,11352.95,13:35:00,11340.650178545991,1,53
2020-08-11,11346.15,11364.85,11346.0,11362.2,13:40:00,11341.173971065422,1,54
2020-08-11,11346.95,11353.85,11345.4,11345.95,13:45:00,11341.724069059192,1,55
2020-08-11,11346.15,11350.8,11343.4,11346.1,13:50:00,11342.14558629165,1,56
2020-08-11,11340.2,11349.0,11340.0,11345.55,13:55:00,11341.960292359112,1,57
2020-08-11,11350.7,11352.4,11337.65,11339.85,14:00:00,11342.792645467767,1,58
2020-08-11,11358.7,11359.4,11348.95,11351.2,14:05:00,11344.307631613694,1,59
2020-08-11,11353.25,11360.95,11352.1,11358.8,14:10:00,11345.159285745724,1,60
2020-08-11,11350.9,11353.3,11342.95,11353.15,14:15:00,11345.706020436606,1,61
2020-08-11,11346.1,11352.45,11340.85,11350.95,14:20:00,11345.743542299788,1,62
2020-08-11,11353.75,11353.95,11342.1,11346.05,14:25:00,11346.50606208076,1,63
2020-08-11,11349.5,11361.1,11348.25,11353.4,14:30:00,11346.791199025449,1,64
2020-08-11,11346.9,11350.9,11344.05,11348.55,14:35:00,11346.801561023023,1,65
2020-08-11,11350.85,11357.25,11346.0,11346.4,14:40:00,11347.18712663988,1,66
2020-08-11,11351.4,11359.0,11348.7,11352.05,14:45:00,11347.588352674176,1,67
2020-08-11,11351.7,11353.25,11344.75,11351.7,14:50:00,11347.979938133778,1,68
2020-08-11,11345.85,11359.0,11344.65,11351.25,14:55:00,11347.777086882945,1,69
2020-08-11,11328.0,11346.6,11322.75,11345.35,15:00:00,11345.893554798851,1,70
2020-08-11,11315.8,11327.9,11314.45,11327.9,15:05:00,11343.027501960869,1,71
2020-08-11,11323.2,11323.25,11313.3,11315.4,15:10:00,11341.139168440784,1,72
2020-08-11,11319.75,11323.4,11317.05,11323.15,15:15:00,11339.10210477976,1,73
2020-08-11,11319.75,11326.7,11311.3,11319.85,15:20:00,11337.259047181687,1,74
2020-08-11,11332.2,11332.3,11319.3,11319.5,15:25:00,11336.777233164385,1,75
2020-08-12,11259.9,11268.4,11245.4,11268.4,09:15:00,11322.831249823908,2,1
2020-08-12,11260.45,11262.35,11242.65,11256.3,09:20:00,11316.890178412104,2,2
2020-08-12,11267.15,11269.9,11254.25,11260.35,09:25:00,11312.153018563333,2,3
2020-08-12,11267.0,11270.7,11257.5,11267.55,09:30:00,11307.852731081108,2,4
2020-08-12,11270.8,11272.45,11262.15,11267.7,09:35:00,11304.323899549574,2,5
2020-08-12,11281.7,11283.05,11270.25,11270.25,09:40:00,11302.169242449616,2,6
2020-08-12,11273.9,11285.35,11272.4,11282.55,09:45:00,11299.476933644892,2,7
2020-08-12,11282.45,11283.75,11272.5,11274.35,09:50:00,11297.855320916806,2,8
2020-08-12,11281.45,11283.35,11276.55,11280.95,09:55:00,11296.29290940092,2,9
2020-08-12,11272.75,11284.6,11272.45,11281.55,10:00:00,11294.050727553213,2,10
2020-08-12,11267.9,11275.8,11264.75,11272.45,10:05:00,11291.560182071957,2,11
2020-08-12,11271.05,11272.9,11266.4,11267.0,10:10:00,11289.606831398434,2,12
2020-08-12,11280.6,11280.6,11270.4,11270.95,10:15:00,11288.749037931915,2,13
2020-08-12,11275.25,11282.3,11274.15,11280.2,10:20:00,11287.463415271735,2,14
2020-08-12,11276.95,11278.7,11270.6,11275.75,10:25:00,11286.462137626808,2,15
2020-08-12,11266.85,11274.95,11260.2,11274.1,10:30:00,11284.594314995682,2,16
2020-08-12,11271.0,11271.0,11264.4,11266.2,10:35:00,11283.299618329424,2,17
2020-08-12,11272.0,11272.65,11266.15,11271.45,10:40:00,11282.223464202812,2,18
2020-08-12,11271.45,11277.05,11268.75,11271.1,10:45:00,11281.19741999302,2,19
2020-08-12,11265.65,11272.95,11265.6,11270.95,10:50:00,11279.716713327018,2,20
2020-08-12,11274.65,11275.1,11265.0,11265.35,10:55:00,11279.234169200634,2,21
2020-08-12,11274.85,11279.3,11274.4,11274.4,11:00:00,11278.816629276764,2,22
2020-08-12,11291.85,11292.85,11273.75,11275.0,11:05:00,11280.057902678976,2,23
2020-08-12,11293.05,11302.25,11292.25,11293.65,11:10:00,11281.29524528098,2,24
2020-08-12,11291.9,11297.5,11290.75,11294.05,11:15:00,11282.305221920886,2,25
2020-08-12,11283.75,11292.3,11282.2,11291.7,11:20:00,11282.442819833184,2,26
2020-08-12,11283.35,11288.6,11281.55,11282.95,11:25:00,11282.529217944308,2,27
2020-08-12,11292.15,11293.4,11283.3,11283.45,11:30:00,11283.445482901992,2,28
2020-08-12,11301.25,11303.25,11291.4,11291.4,11:35:00,11285.14115119704,2,29
2020-08-12,11294.5,11302.7,11289.45,11301.4,11:40:00,11286.032470130654,2,30
2020-08-12,11298.55,11299.35,11293.3,11294.3,11:45:00,11287.224615832496,2,31
2020-08-12,11300.1,11307.6,11298.45,11298.45,11:50:00,11288.450842896067,2,32
2020-08-12,11295.7,11300.75,11294.85,11299.9,11:55:00,11289.14123881073,2,33
2020-08-12,11297.75,11298.25,11291.55,11295.3,12:00:00,11289.961120828755,2,34
2020-08-12,11295.55,11297.8,11292.7,11297.3,12:05:00,11290.49339503554,2,35
2020-08-12,11289.8,11296.0,11286.65,11295.75,12:10:00,11290.42735741311,2,36
2020-08-12,11295.15,11297.65,11288.85,11289.65,12:15:00,11290.877132897576,2,37
2020-08-12,11303.15,11311.15,11294.7,11295.45,12:20:00,11292.04597738352,2,38
2020-08-12,11301.35,11306.95,11297.4,11302.6,12:25:00,11292.932074775566,2,39
2020-08-12,11303.25,11304.25,11297.4,11302.35,12:30:00,11293.914734320751,2,40
2020-08-12,11307.45,11313.45,11302.8,11303.05,12:35:00,11295.203807242584,2,41
2020-08-12,11302.4,11308.55,11301.45,11307.15,12:40:00,11295.889158933764,2,42
2020-08-12,11314.55,11315.7,11301.0,11301.0,12:45:00,11297.666381892454,2,43
2020-08-12,11317.15,11319.35,11313.6,11314.45,12:50:00,11299.52196456936,2,44
2020-08-12,11316.0,11318.3,11312.15,11317.2,12:55:00,11301.091301277042,2,45
2020-08-12,11310.65,11317.05,11308.45,11316.05,13:00:00,11302.001653536372,2,46
2020-08-12,11308.75,11315.25,11304.35,11310.95,13:05:00,11302.644353199574,2,47
2020-08-12,11312.9,11314.35,11307.3,11309.0,13:10:00,11303.62108146628,2,48
2020-08-12,11314.15,11315.1,11311.55,11313.05,13:15:00,11304.623835612349,2,49
2020-08-12,11295.4,11317.15,11293.3,11313.35,13:20:00,11303.74537507784,2,50
2020-08-12,11298.55,11302.85,11294.65,11294.75,13:25:00,11303.250577451376,2,51
2020-08-12,11304.55,11310.4,11298.3,11298.3,13:30:00,11303.374331979818,2,52
2020-08-12,11301.65,11307.5,11300.6,11304.45,13:35:00,11303.210109886502,2,53
2020-08-12,11292.55,11300.65,11286.8,11300.65,13:40:00,11302.194861325885,2,54
2020-08-12,11287.7,11292.0,11277.5,11291.95,13:45:00,11300.814398342463,2,55
2020-08-12,11287.9,11297.45,11287.15,11288.2,13:50:00,11299.584455643182,2,56
2020-08-12,11294.1,11296.35,11288.0,11288.35,13:55:00,11299.062126534309,2,57
2020-08-12,11302.2,11306.55,11292.85,11292.85,14:00:00,11299.360971626278,2,58
2020-08-12,11300.15,11302.9,11296.35,11302.4,14:05:00,11299.436117185682,2,59
2020-08-12,11305.9,11315.6,11299.15,11299.9,14:10:00,11300.05172507276,2,60
2020-08-12,11307.1,11313.4,11304.5,11306.35,14:15:00,11300.722989351543,2,61
2020-08-12,11301.8,11307.15,11300.65,11307.15,14:20:00,11300.825561794254,2,62
2020-08-12,11305.55,11307.05,11301.65,11302.0,14:25:00,11301.27550829004,2,63
2020-08-12,11305.6,11310.45,11304.6,11305.6,14:30:00,11301.68736464337,2,64
2020-08-12,11309.35,11310.05,11299.55,11305.85,14:35:00,11302.417139439242,2,65
2020-08-12,11315.1,11322.0,11308.65,11308.95,14:40:00,11303.62503092122,2,66
2020-08-12,11309.7,11317.45,11309.55,11314.3,14:45:00,11304.203599404913,2,67
2020-08-12,11310.85,11316.25,11307.95,11309.3,14:50:00,11304.83658993778,2,68
2020-08-12,11312.55,11314.45,11306.3,11310.5,14:55:00,11305.571200419894,2,69
2020-08-12,11309.45,11315.45,11306.4,11311.85,15:00:00,11305.940609903717,2,70
2020-08-12,11311.6,11314.8,11306.55,11307.7,15:05:00,11306.479599436694,2,71
2020-08-12,11310.05,11314.3,11306.4,11311.3,15:10:00,11306.81963758558,2,72
2020-08-12,11303.45,11311.45,11302.95,11309.75,15:15:00,11306.498719720286,2,73
2020-08-12,11312.15,11313.6,11299.9,11302.45,15:20:00,11307.036936889785,2,74
2020-08-12,11309.2,11312.6,11306.6,11312.5,15:25:00,11307.24294290028,2,75
2020-08-13,11350.5,11358.9,11321.0,11329.35,09:15:00,11311.362662624064,3,1
2020-08-13,11345.6,11353.65,11340.45,11352.45,09:20:00,11314.62336142177,3,2
2020-08-13,11353.9,11355.7,11339.0,11345.55,09:25:00,11318.363993667315,3,3
2020-08-13,11353.2,11359.3,11351.25,11354.1,09:30:00,11321.681708556143,3,4
2020-08-13,11346.55,11356.55,11345.1,11352.85,09:35:00,11324.050117265082,3,5
2020-08-13,11355.85,11357.85,11346.05,11346.05,09:40:00,11327.078677525553,3,6
2020-08-13,11352.0,11358.65,11349.85,11355.15,09:45:00,11329.452136808832,3,7
2020-08-13,11354.2,11356.15,11345.0,11350.3,09:50:00,11331.809076160373,3,8
2020-08-13,11351.2,11356.7,11348.9,11354.05,09:55:00,11333.655830811767,3,9
2020-08-13,11345.3,11354.15,11344.8,11350.5,10:00:00,11334.764799305884,3,10
2020-08-13,11345.25,11348.6,11341.15,11345.9,10:05:00,11335.763389848182,3,11
2020-08-13,11337.2,11346.8,11333.3,11346.05,10:10:00,11335.90020986264,3,12
2020-08-13,11334.7,11337.35,11327.9,11337.35,10:15:00,11335.785904161436,3,13
2020-08-13,11338.3,11341.2,11334.35,11335.1,10:20:00,11336.025341860348,3,14
2020-08-13,11345.3,11349.0,11336.5,11336.9,10:25:00,11336.908642635552,3,15
2020-08-13,11348.25,11350.5,11344.25,11345.4,10:30:00,11337.988771908358,3,16
2020-08-13,11351.0,11352.0,11344.05,11348.35,10:35:00,11339.227936488514,3,17
2020-08-13,11347.85,11351.15,11344.55,11350.7,10:40:00,11340.04908539437,3,18
2020-08-13,11340.85,11349.1,11340.25,11348.1,10:45:00,11340.12536297586,3,19
2020-08-13,11343.05,11344.95,11334.5,11341.2,10:50:00,11340.4038998353,3,20
2020-08-13,11344.7,11344.7,11340.4,11343.0,10:55:00,11340.81305223194,3,21
2020-08-13,11345.3,11348.15,11343.55,11344.75,11:00:00,11341.240380590802,3,22
2020-08-13,11348.4,11355.5,11345.0,11345.05,11:05:00,11341.922249105965,3,23
2020-08-13,11347.75,11350.35,11345.2,11348.45,11:10:00,11342.477273000632,3,24
2020-08-13,11346.95,11348.2,11343.05,11348.2,11:15:00,11342.903247000571,3,25
2020-08-13,11353.7,11354.35,11347.9,11348.35,11:20:00,11343.931509190996,3,26
2020-08-13,11352.0,11354.6,11349.45,11353.85,11:25:00,11344.699936887091,3,27
2020-08-13,11348.45,11354.1,11345.05,11352.15,11:30:00,11345.057085754986,3,28
2020-08-13,11336.35,11349.4,11332.6,11348.9,11:35:00,11344.227839492609,3,29
2020-08-13,11307.15,11324.6,11295.1,11324.6,11:40:00,11340.696616683788,3,30
2020-08-13,11313.8,11316.35,11299.45,11305.7,11:45:00,11338.135034142477,3,31
2020-08-13,11315.8,11318.0,11305.15,11314.25,11:50:00,11336.00788803367,3,32
2020-08-13,11311.1,11316.5,11308.1,11316.0,11:55:00,11333.63570822094,3,33
2020-08-13,11311.95,11314.1,11307.3,11311.05,12:00:00,11331.570402676089,3,34
2020-08-13,11309.4,11314.15,11306.7,11311.85,12:05:00,11329.458935754556,3,35
2020-08-13,11300.8,11310.0,11298.7,11309.9,12:10:00,11326.72951330174,3,36
2020-08-13,11279.9,11301.2,11278.45,11301.05,12:15:00,11322.269559653956,3,37
2020-08-13,11286.65,11287.1,11269.95,11278.0,12:20:00,11318.877220639291,3,38
2020-08-13,11284.2,11290.05,11281.0,11287.35,12:25:00,11315.574628197455,3,39
2020-08-13,11295.1,11296.75,11284.25,11284.35,12:30:00,11313.624663607225,3,40
2020-08-13,11304.5,11305.15,11295.05,11295.95,12:35:00,11312.755648025584,3,41
2020-08-13,11298.95,11305.0,11296.6,11304.3,12:40:00,11311.4408244041,3,42
2020-08-13,11304.15,11309.45,11297.4,11299.35,12:45:00,11310.746460175138,3,43
2020-08-13,11302.15,11305.9,11300.9,11303.9,12:50:00,11309.927749682269,3,44
2020-08-13,11296.1,11304.5,11291.9,11301.6,12:55:00,11308.610821141096,3,45
2020-08-13,11289.55,11295.85,11283.4,11295.4,13:00:00,11306.795504841946,3,46
2020-08-13,11298.35,11301.65,11290.05,11290.15,13:05:00,11305.991171047475,3,47
2020-08-13,11304.75,11305.2,11294.8,11298.05,13:10:00,11305.872964281049,3,48
2020-08-13,11291.7,11306.3,11291.5,11305.1,13:15:00,11304.523158159043,3,49
2020-08-13,11299.85,11299.9,11287.15,11292.4,13:20:00,11304.078095477227,3,50
2020-08-13,11296.8,11302.2,11295.2,11299.95,13:25:00,11303.384943527017,3,51
2020-08-13,11298.8,11302.75,11296.65,11297.55,13:30:00,11302.948282238727,3,52
2020-08-13,11299.55,11301.45,11295.2,11298.6,13:35:00,11302.624636311231,3,53
2020-08-13,11308.35,11313.9,11298.9,11299.7,13:40:00,11303.169909043496,3,54
2020-08-13,11317.55,11323.95,11307.7,11308.3,13:45:00,11304.539441515544,3,55
2020-08-13,11319.3,11319.7,11313.25,11317.8,13:50:00,11305.945208990252,3,56
2020-08-13,11312.7,11319.1,11312.45,11319.1,13:55:00,11306.588522419754,3,57
2020-08-13,11305.0,11313.15,11299.35,11313.15,14:00:00,11306.437234570252,3,58
2020-08-13,11312.9,11313.55,11301.4,11304.65,14:05:00,11307.052736039752,3,59
2020-08-13,11306.8,11316.35,11306.8,11312.6,14:10:00,11307.028665940728,3,60
2020-08-13,11311.1,11312.1,11304.0,11306.85,14:15:00,11307.416412041612,3,61
2020-08-13,11304.15,11315.1,11303.9,11311.05,14:20:00,11307.105325180506,3,62
2020-08-13,11294.3,11304.45,11284.85,11303.65,14:25:00,11305.88577040141,3,63
2020-08-13,11296.2,11300.6,11293.55,11294.25,14:30:00,11304.963316077468,3,64
2020-08-13,11295.2,11297.2,11287.4,11296.05,14:35:00,11304.03347645104,3,65
2020-08-13,11291.1,11299.35,11290.05,11295.7,14:40:00,11302.801716789038,3,66
2020-08-13,11292.7,11294.85,11288.25,11291.9,14:45:00,11301.839648523415,3,67
2020-08-13,11302.9,11303.7,11292.3,11292.6,14:50:00,11301.940634378328,3,68
2020-08-13,11299.7,11304.6,11298.65,11303.0,14:55:00,11301.727240628012,3,69
2020-08-13,11299.95,11310.05,11297.65,11298.6,15:00:00,11301.55797961582,3,70
2020-08-13,11299.55,11303.7,11299.0,11299.0,15:05:00,11301.366743461933,3,71
2020-08-13,11297.65,11299.5,11284.3,11299.4,15:10:00,11301.01276789413,3,72
2020-08-13,11307.85,11308.9,11293.8,11297.75,15:15:00,11301.663932856594,3,73
2020-08-13,11311.6,11314.55,11298.95,11308.05,15:20:00,11302.610224965489,3,74
2020-08-13,11311.65,11312.2,11304.6,11311.05,15:25:00,11303.471155921156,3,75
2020-08-14,11351.35,11351.65,11329.05,11342.7,09:15:00,11308.031045833428,4,1
2020-08-14,11347.15,11357.85,11343.75,11352.85,09:20:00,11311.756660515955,4,2
2020-08-14,11357.85,11357.85,11342.3,11346.4,09:25:00,11316.14650237158,4,3
2020-08-14,11356.7,11361.4,11351.95,11356.55,09:30:00,11320.008740240955,4,4
2020-08-14,11348.35,11357.7,11346.55,11356.45,09:35:00,11322.707907837052,4,5
2020-08-14,11345.05,11351.4,11342.65,11347.6,09:40:00,11324.835726138286,4,6
2020-08-14,11342.3,11348.2,11335.3,11344.45,09:45:00,11326.498990315593,4,7
2020-08-14,11338.7,11343.7,11336.1,11342.6,09:50:00,11327.660991237915,4,8
2020-08-14,11346.75,11350.35,11337.45,11339.4,09:55:00,11329.478992072402,4,9
2020-08-14,11350.3,11356.5,11343.95,11346.9,10:00:00,11331.461945208364,4,10
2020-08-14,11346.15,11350.25,11342.6,11349.4,10:05:00,11332.860807569474,4,11
2020-08-14,11345.85,11347.1,11338.35,11346.1,10:10:00,11334.097873515238,4,12
2020-08-14,11334.85,11347.5,11334.15,11344.85,10:15:00,11334.169504609024,4,13
2020-08-14,11333.9,11334.8,11324.85,11334.7,10:20:00,11334.143837503403,4,14
2020-08-14,11330.75,11334.1,11325.95,11333.45,10:25:00,11333.82061488403,4,15
2020-08-14,11334.2,11334.2,11328.45,11330.3,10:30:00,11333.856746799838,4,16
2020-08-14,11328.0,11335.1,11326.05,11333.35,10:35:00,11333.29896139033,4,17
2020-08-14,11319.3,11327.5,11315.25,11327.4,10:40:00,11331.965726972205,4,18
2020-08-14,11314.55,11325.65,11311.25,11319.4,10:45:00,11330.307086308185,4,19
2020-08-14,11326.3,11327.5,11313.25,11314.5,10:50:00,11329.92545904074,4,20
2020-08-14,11324.55,11330.45,11323.35,11326.25,10:55:00,11329.41351056067,4,21
2020-08-14,11322.05,11329.35,11322.0,11324.65,11:00:00,11328.712223840605,4,22
2020-08-14,11329.65,11330.85,11320.2,11321.75,11:05:00,11328.801535855784,4,23
2020-08-14,11324.7,11330.25,11323.95,11329.0,11:10:00,11328.410913393329,4,24
2020-08-14,11323.3,11330.5,11321.55,11324.75,11:15:00,11327.92415973682,4,25
2020-08-14,11332.7,11333.3,11322.4,11323.15,11:20:00,11328.379001666646,4,26
2020-08-14,11328.3,11333.4,11327.8,11333.1,11:25:00,11328.371477698394,4,27
2020-08-14,11327.25,11330.5,11322.8,11328.6,11:30:00,11328.264670298548,4,28
2020-08-14,11328.95,11330.8,11326.65,11327.1,11:35:00,11328.329939793924,4,29
2020-08-14,11333.55,11335.35,11328.85,11329.7,11:40:00,11328.82708838498,4,30
2020-08-14,11332.9,11337.5,11331.2,11334.0,11:45:00,11329.214984729268,4,31
2020-08-14,11335.6,11336.0,11329.0,11332.85,11:50:00,11329.82308142172,4,32
2020-08-14,11338.85,11339.85,11334.95,11335.85,11:55:00,11330.682787952985,4,33
2020-08-14,11338.95,11340.85,11335.55,11339.2,12:00:00,11331.47014148127,4,34
2020-08-14,11337.65,11340.7,11337.1,11339.15,12:05:00,11332.058699435434,4,35
2020-08-14,11355.25,11359.7,11333.55,11337.75,12:10:00,11334.267394727298,4,36
2020-08-14,11354.05,11356.65,11351.5,11356.25,12:15:00,11336.151452372318,4,37
2020-08-14,11358.55,11366.25,11354.4,11354.5,12:20:00,11338.284647384478,4,38
2020-08-14,11355.5,11358.2,11354.2,11358.2,12:25:00,11339.924204776433,4,39
2020-08-14,11350.45,11355.35,11347.05,11355.3,12:30:00,11340.926661464391,4,40
2020-08-14,11346.95,11351.65,11345.75,11350.05,12:35:00,11341.500312753496,4,41
2020-08-14,11345.45,11348.45,11342.4,11347.45,12:40:00,11341.87647344364,4,42
2020-08-14,11339.55,11345.05,11330.6,11344.7,12:45:00,11341.654904544246,4,43
2020-08-14,11343.0,11343.35,11336.55,11339.15,12:50:00,11341.783008873364,4,44
2020-08-14,11342.1,11343.9,11340.1,11343.45,12:55:00,11341.813198504473,4,45
2020-08-14,11338.9,11343.55,11335.9,11342.15,13:00:00,11341.535751027855,4,46
2020-08-14,11334.15,11341.9,11331.6,11339.35,13:05:00,11340.83234616806,4,47
2020-08-14,11326.55,11336.05,11324.9,11334.4,13:10:00,11339.472122723482,4,48
2020-08-14,11314.65,11326.9,11308.9,11326.65,13:15:00,11337.108111035532,4,49
2020-08-14,11323.5,11324.1,11313.15,11313.6,13:20:00,11335.812100460718,4,50
2020-08-14,11316.2,11323.8,11316.05,11323.3,13:25:00,11333.944281369222,4,51
2020-08-14,11299.9,11316.3,11296.8,11316.05,13:30:00,11330.701968857868,4,52
2020-08-14,11284.75,11300.1,11282.9,11299.65,13:35:00,11326.325590871404,4,53
2020-08-14,11277.6,11284.9,11261.1,11284.9,13:40:00,11321.68505840746,4,54
2020-08-14,11237.7,11277.55,11216.35,11277.55,13:45:00,11313.686481416273,4,55
2020-08-14,11206.8,11242.3,11203.6,11236.25,13:50:00,11303.506816519486,4,56
2020-08-14,11213.4,11224.0,11195.45,11206.0,13:55:00,11294.9252149462,4,57
2020-08-14,11187.8,11210.7,11173.45,11209.85,14:00:00,11284.722813522752,4,58
2020-08-14,11194.7,11204.8,11175.6,11187.05,14:05:00,11276.14921223487,4,59
2020-08-14,11188.35,11201.05,11183.1,11194.25,14:10:00,11267.787382498216,4,60
2020-08-14,11137.6,11187.75,11132.25,11187.75,14:15:00,11255.388584165054,4,61
2020-08-14,11138.05,11139.7,11111.45,11139.2,14:20:00,11244.21348091124,4,62
2020-08-14,11143.85,11154.5,11131.05,11138.0,14:25:00,11234.655054157787,4,63
2020-08-14,11167.95,11169.9,11134.3,11144.05,14:30:00,11228.302191857048,4,64
2020-08-14,11151.25,11172.95,11151.25,11168.4,14:35:00,11220.96388787066,4,65
2020-08-14,11162.8,11166.45,11149.95,11151.15,14:40:00,11215.424469978218,4,66
2020-08-14,11170.0,11171.15,11152.4,11162.5,14:45:00,11211.098329980294,4,67
2020-08-14,11177.1,11178.85,11169.1,11169.1,14:50:00,11207.860393791694,4,68
2020-08-14,11172.3,11179.7,11163.2,11177.15,14:55:00,11204.473689621056,4,69
2020-08-14,11177.2,11191.8,11172.15,11173.55,15:00:00,11201.876195371431,4,70
2020-08-14,11164.35,11182.75,11163.85,11177.95,15:05:00,11198.302272002724,4,71
2020-08-14,11178.0,11178.0,11160.65,11164.85,15:10:00,11196.368722288178,4,72
2020-08-14,11193.7,11193.7,11172.05,11179.15,15:15:00,11196.114558260731,4,73
2020-08-14,11186.85,11197.2,11172.95,11194.0,15:20:00,11195.232219378757,4,74
2020-08-14,11183.05,11187.8,11179.65,11186.75,15:25:00,11194.07200800935,4,75
2020-08-17,11221.5,11242.65,11212.0,11238.95,09:15:00,11196.684197722749,0,1
2020-08-17,11210.7,11227.5,11195.85,11224.4,09:20:00,11198.019036034868,0,2
2020-08-17,11216.35,11222.15,11205.2,11211.3,09:25:00,11199.764842126786,0,3
2020-08-17,11201.8,11224.75,11196.9,11215.95,09:30:00,11199.95866668614,0,4
2020-08-17,11178.55,11203.2,11173.4,11202.65,09:35:00,11197.919746049363,0,5
2020-08-17,11167.4,11179.55,11156.45,11178.65,09:40:00,11195.013103568472,0,6
2020-08-17,11175.15,11175.15,11144.5,11166.35,09:45:00,11193.121379419094,0,7
2020-08-17,11197.75,11206.75,11174.2,11174.65,09:50:00,11193.5622004268,0,8
2020-08-17,11196.3,11209.9,11194.7,11197.8,09:55:00,11193.822943243293,0,9
2020-08-17,11199.75,11199.75,11179.7,11196.7,10:00:00,11194.38742483917,0,10
2020-08-17,11202.0,11208.5,11194.65,11200.55,10:05:00,11195.112431997344,0,11
2020-08-17,11200.65,11208.8,11194.05,11201.75,10:10:00,11195.63981942617,0,12
2020-08-17,11204.5,11212.05,11199.1,11201.05,10:15:00,11196.483646147486,0,13
2020-08-17,11219.9,11222.35,11197.45,11204.1,10:20:00,11198.71377508582,0,14
2020-08-17,11216.4,11224.2,11214.5,11221.55,10:25:00,11200.3981774586,0,15
2020-08-17,11224.6,11231.45,11216.25,11216.25,10:30:00,11202.703112938732,0,16
2020-08-17,11211.95,11225.9,11207.8,11225.05,10:35:00,11203.58376884933,0,17
2020-08-17,11226.15,11226.15,11211.55,11212.35,10:40:00,11205.732933720825,0,18
2020-08-17,11228.95,11229.1,11220.05,11226.95,10:45:00,11207.944082890268,0,19
2020-08-17,11215.05,11229.45,11213.4,11228.35,10:50:00,11208.62083690072,0,20
2020-08-17,11203.05,11215.1,11201.75,11214.8,10:55:00,11208.090281005414,0,21
2020-08-17,11198.0,11207.7,11197.9,11202.9,11:00:00,11207.129301862042,0,22
2020-08-17,11215.15,11216.45,11197.35,11198.2,11:05:00,11207.89317787518,0,23
2020-08-17,11203.6,11216.45,11203.4,11215.95,11:10:00,11207.48430379183,0,24
2020-08-17,11202.75,11211.0,11202.2,11203.2,11:15:00,11207.033417716417,0,25
2020-08-17,11199.0,11204.65,11193.0,11202.4,11:20:00,11206.268330314851,0,26
2020-08-17,11196.35,11199.65,11187.55,11198.45,11:25:00,11205.323727427723,0,27
2020-08-17,11206.2,11212.65,11196.05,11196.4,11:30:00,11205.407181958415,0,28
2020-08-17,11197.75,11208.4,11193.95,11206.0,11:35:00,11204.677926533806,0,29
2020-08-17,11188.75,11201.35,11188.1,11198.2,11:40:00,11203.160981149636,0,30
2020-08-17,11199.35,11199.4,11185.65,11188.5,11:45:00,11202.798030563956,0,31
2020-08-17,11198.15,11201.0,11190.8,11199.55,11:50:00,11202.355360986436,0,32
2020-08-17,11201.7,11206.35,11197.8,11197.8,11:55:00,11202.292945654395,0,33
2020-08-17,11205.3,11209.45,11201.75,11201.75,12:00:00,11202.579331782548,0,34
2020-08-17,11208.25,11214.15,11204.3,11204.95,12:05:00,11203.119395422307,0,35
2020-08-17,11216.65,11219.25,11205.15,11209.1,12:10:00,11204.408024429707,0,36
2020-08-17,11213.7,11222.9,11211.75,11217.0,12:15:00,11205.292974484022,0,37
2020-08-17,11212.65,11214.4,11206.0,11213.5,12:20:00,11205.99364358078,0,38
2020-08-17,11214.65,11215.45,11209.25,11212.8,12:25:00,11206.81805847785,0,39
2020-08-17,11215.8,11226.2,11214.3,11214.35,12:30:00,11207.673481479958,0,40
2020-08-17,11214.5,11219.3,11212.2,11215.65,12:35:00,11208.323626100911,0,41
2020-08-17,11206.2,11216.15,11203.05,11214.65,12:40:00,11208.121375996065,0,42
2020-08-17,11196.05,11206.35,11191.9,11206.35,12:45:00,11206.971721139296,0,43
2020-08-17,11203.8,11206.15,11196.05,11196.3,12:50:00,11206.669652459364,0,44
2020-08-17,11212.35,11215.3,11204.65,11204.95,12:55:00,11207.210637939424,0,45
2020-08-17,11215.95,11219.9,11211.6,11212.0,13:00:00,11208.04295813567,0,46
2020-08-17,11211.5,11216.1,11207.05,11215.45,13:05:00,11208.372200217986,0,47
2020-08-17,11212.75,11213.8,11205.8,11211.3,13:10:00,11208.789133530558,0,48
2020-08-17,11202.1,11213.95,11198.95,11213.2,13:15:00,11208.152073194316,0,49
2020-08-17,11210.1,11214.7,11201.5,11202.4,13:20:00,11208.337590032952,0,50
2020-08-17,11213.8,11219.7,11209.1,11209.75,13:25:00,11208.857819553625,0,51
2020-08-17,11207.85,11216.1,11204.3,11212.8,13:30:00,11208.761836738991,0,52
2020-08-17,11210.15,11213.95,11202.8,11207.05,13:35:00,11208.89404276385,0,53
2020-08-17,11210.6,11214.15,11207.85,11210.6,13:40:00,11209.05651488158,0,54
2020-08-17,11209.55,11214.85,11204.1,11210.35,13:45:00,11209.103513464284,0,55
2020-08-17,11239.6,11240.45,11208.55,11210.35,13:50:00,11212.0079407534,0,56
2020-08-17,11226.2,11239.15,11223.95,11239.0,13:55:00,11213.359565443552,0,57
2020-08-17,11219.95,11232.7,11215.45,11226.1,14:00:00,11213.9872258775,0,58
2020-08-17,11217.1,11220.35,11212.45,11220.2,14:05:00,11214.283680555833,0,59
2020-08-17,11199.4,11218.7,11189.35,11217.25,14:10:00,11212.866187169564,0,60
2020-08-17,11202.95,11206.25,11183.0,11199.25,14:15:00,11211.921788391512,0,61
2020-08-17,11205.05,11209.55,11202.1,11202.7,14:20:00,11211.267332354224,0,62
2020-08-17,11205.15,11207.3,11195.7,11204.9,14:25:00,11210.684729272867,0,63
2020-08-17,11218.25,11227.75,11204.3,11204.45,14:30:00,11211.40523124688,0,64
2020-08-17,11219.8,11226.25,11214.1,11217.7,14:35:00,11212.204733032891,0,65
2020-08-17,11216.55,11223.95,11215.6,11220.25,14:40:00,11212.61856798214,0,66
2020-08-17,11220.9,11220.95,11210.55,11216.7,14:45:00,11213.407275793365,0,67
2020-08-17,11215.35,11221.45,11214.75,11220.35,14:50:00,11213.592297146375,0,68
2020-08-17,11216.75,11220.55,11212.95,11214.75,14:55:00,11213.893030751484,0,69
2020-08-17,11236.15,11238.05,11216.4,11216.4,15:00:00,11216.012742108484,0,70
2020-08-17,11247.0,11253.35,11234.65,11234.95,15:05:00,11218.963909526725,0,71
2020-08-17,11241.7,11255.75,11241.65,11246.3,15:10:00,11221.12925147656,0,72
2020-08-17,11255.7,11258.55,11239.85,11242.25,15:15:00,11224.42170371689,0,73
2020-08-17,11256.85,11267.1,11250.95,11255.65,15:20:00,11227.51011288671,0,74
2020-08-17,11259.65,11260.35,11254.9,11256.4,15:25:00,11230.571054516548,0,75
2020-08-18,11294.75,11295.95,11253.15,11256.7,09:15:00,11236.683335038782,1,1
2020-08-18,11300.5,11308.1,11294.95,11300.0,09:20:00,11242.761112654136,1,2
2020-08-18,11312.25,11312.25,11290.0,11300.8,09:25:00,11249.379101925171,1,3
2020-08-18,11307.95,11319.85,11307.05,11311.45,09:30:00,11254.957282694204,1,4
2020-08-18,11317.85,11317.85,11306.75,11307.85,09:35:00,11260.947065294757,1,5
2020-08-18,11320.3,11320.6,11309.0,11317.5,09:40:00,11266.599725742875,1,6
2020-08-18,11319.25,11322.4,11313.1,11320.05,09:45:00,11271.614037576886,1,7
2020-08-18,11319.15,11322.5,11312.55,11319.4,09:50:00,11276.141272093371,1,8
2020-08-18,11313.45,11319.65,11310.1,11319.45,09:55:00,11279.694484274956,1,9
2020-08-18,11316.2,11317.4,11303.95,11313.5,10:00:00,11283.171200058294,1,10
2020-08-18,11310.1,11318.45,11309.3,11316.6,10:05:00,11285.735847671787,1,11
2020-08-18,11317.65,11318.5,11309.5,11310.45,10:10:00,11288.775290750666,1,12
2020-08-18,11328.45,11334.0,11317.8,11317.8,10:15:00,11292.553834488695,1,13
2020-08-18,11332.05,11332.05,11326.8,11328.95,10:20:00,11296.315374061203,1,14
2020-08-18,11339.1,11340.65,11329.7,11332.0,10:25:00,11300.390100341088,1,15
2020-08-18,11330.1,11339.45,11329.55,11338.8,10:30:00,11303.21961459432,1,16
2020-08-18,11335.5,11335.5,11327.8,11330.0,10:35:00,11306.29393701391,1,17
2020-08-18,11337.5,11338.75,11334.15,11335.7,10:40:00,11309.265943012586,1,18
2020-08-18,11334.25,11339.4,11330.75,11337.6,10:45:00,11311.645377011388,1,19
2020-08-18,11329.85,11334.8,11327.45,11333.9,10:50:00,11313.379150629353,1,20
2020-08-18,11325.95,11330.2,11320.65,11330.0,10:55:00,11314.576374378936,1,21
2020-08-18,11332.35,11332.65,11324.65,11325.65,11:00:00,11316.26910062856,1,22
2020-08-18,11324.25,11333.05,11322.9,11331.65,11:05:00,11317.029186282984,1,23
2020-08-18,11318.1,11327.85,11316.05,11324.2,11:10:00,11317.131168541746,1,24
2020-08-18,11320.25,11327.85,11317.8,11318.15,11:15:00,11317.4282001092,1,25
2020-08-18,11312.6,11320.5,11310.85,11319.7,11:20:00,11316.968371527371,1,26
2020-08-18,11311.6,11314.95,11304.95,11312.1,11:25:00,11316.457098048571,1,27
2020-08-18,11316.1,11318.2,11311.1,11311.5,11:30:00,11316.423088710617,1,28
2020-08-18,11319.15,11319.4,11312.95,11316.3,11:35:00,11316.6827945477,1,29
2020-08-18,11313.55,11321.15,11313.0,11320.0,11:40:00,11316.384433162206,1,30
2020-08-18,11313.45,11315.1,11308.05,11314.4,11:45:00,11316.104963337237,1,31
2020-08-18,11312.95,11318.25,11309.15,11313.9,11:50:00,11315.80449063845,1,32
2020-08-18,11311.4,11313.2,11307.85,11312.5,11:55:00,11315.385015339549,1,33
2020-08-18,11297.7,11311.5,11291.45,11311.0,12:00:00,11313.700728164356,1,34
2020-08-18,11301.95,11303.2,11294.75,11297.4,12:05:00,11312.58161119632,1,35
2020-08-18,11306.45,11307.4,11300.0,11302.0,12:10:00,11311.997648225242,1,36
2020-08-18,11311.4,11312.25,11305.95,11306.4,12:15:00,11311.940729346648,1,37
2020-08-18,11318.8,11319.4,11305.8,11311.6,12:20:00,11312.593993218396,1,38
2020-08-18,11317.75,11323.15,11315.95,11318.5,12:25:00,11313.085041483311,1,39
2020-08-18,11319.55,11319.8,11312.2,11317.25,12:30:00,11313.700751818233,1,40
2020-08-18,11319.95,11323.8,11318.25,11319.45,12:35:00,11314.295918311736,1,41
2020-08-18,11315.45,11320.4,11313.05,11319.8,12:40:00,11314.405830853471,1,42
2020-08-18,11319.85,11320.4,11310.8,11315.3,12:45:00,11314.924323153144,1,43
2020-08-18,11315.85,11320.35,11313.7,11318.75,12:50:00,11315.012482852844,1,44
2020-08-18,11317.0,11318.85,11313.7,11315.8,12:55:00,11315.201770200194,1,45
2020-08-18,11325.15,11328.7,11316.55,11316.7,13:00:00,11316.149220657318,1,46
2020-08-18,11327.9,11333.95,11324.05,11324.85,13:05:00,11317.26834249948,1,47
2020-08-18,11320.05,11328.8,11320.05,11327.65,13:10:00,11317.533262261431,1,48
2020-08-18,11323.8,11324.8,11317.8,11319.75,13:15:00,11318.130094427011,1,49
2020-08-18,11316.8,11324.2,11314.05,11324.0,13:20:00,11318.003418767295,1,50
2020-08-18,11319.45,11322.75,11317.05,11317.1,13:25:00,11318.141188408505,1,51
2020-08-18,11333.55,11337.6,11319.0,11319.6,13:30:00,11319.60869427436,1,52
2020-08-18,11330.1,11339.0,11328.8,11333.5,13:35:00,11320.607866248232,1,53
2020-08-18,11328.5,11334.6,11326.2,11330.4,13:40:00,11321.359498034117,1,54
2020-08-18,11332.5,11335.2,11328.7,11328.75,13:45:00,11322.42049822134,1,55
2020-08-18,11338.95,11344.25,11329.05,11332.35,13:50:00,11323.994736485974,1,56
2020-08-18,11338.1,11342.05,11336.6,11338.1,13:55:00,11325.338094915882,1,57
2020-08-18,11369.8,11382.75,11336.9,11337.15,14:00:00,11329.57256206675,1,58
2020-08-18,11371.85,11377.35,11368.65,11369.7,14:05:00,11333.59898472706,1,59
2020-08-18,11366.05,11379.45,11364.25,11372.75,14:10:00,11336.689557610196,1,60
2020-08-18,11380.8,11388.8,11365.9,11365.9,14:15:00,11340.89055212351,1,61
2020-08-18,11376.65,11381.05,11373.25,11381.05,14:20:00,11344.296213826034,1,62
2020-08-18,11380.3,11389.45,11373.65,11376.25,14:25:00,11347.725145842602,1,63
2020-08-18,11376.65,11383.45,11373.2,11380.15,14:30:00,11350.479893857591,1,64
2020-08-18,11375.85,11380.7,11373.95,11376.15,14:35:00,11352.896094442582,1,65
2020-08-18,11378.2,11380.85,11368.35,11375.75,14:40:00,11355.305990209954,1,66
2020-08-18,11386.45,11390.75,11376.3,11377.75,14:45:00,11358.272086380432,1,67
2020-08-18,11396.4,11396.45,11385.7,11386.0,14:50:00,11361.903316248963,1,68
2020-08-18,11387.1,11401.7,11386.4,11396.75,14:55:00,11364.303000415728,1,69
2020-08-18,11385.65,11390.95,11382.8,11387.95,15:00:00,11366.336047995184,1,70
2020-08-18,11381.75,11389.0,11379.6,11386.7,15:05:00,11367.804043424214,1,71
2020-08-18,11383.5,11386.15,11380.9,11382.5,15:10:00,11369.298896431432,1,72
2020-08-18,11385.5,11385.75,11378.1,11382.4,15:15:00,11370.841858676058,1,73
2020-08-18,11389.8,11394.9,11382.05,11385.35,15:20:00,11372.647395945003,1,74
2020-08-18,11389.6,11393.75,11387.85,11390.8,15:25:00,11374.261929664528,1,75
2020-08-19,11450.8,11460.35,11436.75,11440.05,09:15:00,11381.551269696478,2,1
2020-08-19,11440.95,11457.25,11440.55,11450.1,09:20:00,11387.208291630146,2,2
2020-08-19,11442.2,11445.55,11431.55,11440.9,09:25:00,11392.44559718918,2,3
2020-08-19,11448.15,11450.6,11441.3,11442.7,09:30:00,11397.750778409258,2,4
2020-08-19,11445.05,11448.55,11439.4,11447.7,09:35:00,11402.255466179804,2,5
2020-08-19,11446.1,11451.85,11442.65,11444.55,09:40:00,11406.431136067442,2,6
2020-08-19,11432.9,11447.25,11429.85,11445.9,09:45:00,11408.951980251495,2,7
2020-08-19,11432.5,11438.0,11425.35,11433.3,09:50:00,11411.194648798974,2,8
2020-08-19,11425.0,11434.25,11419.7,11431.9,09:55:00,11412.509444151452,2,9
2020-08-19,11432.1,11432.1,11422.6,11424.55,10:00:00,11414.375211375123,2,10
2020-08-19,11427.7,11435.4,11427.7,11431.95,10:05:00,11415.644238863208,2,11
2020-08-19,11431.65,11436.2,11426.65,11427.75,10:10:00,11417.168597066711,2,12
2020-08-19,11427.1,11433.5,11423.65,11431.7,10:15:00,11418.114444965118,2,13
2020-08-19,11427.85,11430.4,11423.35,11426.8,10:20:00,11419.041640682726,2,14
2020-08-19,11440.25,11441.75,11425.8,11427.5,10:25:00,11421.061484427228,2,15
2020-08-19,11434.75,11441.0,11433.05,11440.05,10:30:00,11422.365152577016,2,16
2020-08-19,11437.75,11438.05,11430.75,11434.85,10:35:00,11423.830376141108,2,17
2020-08-19,11437.25,11438.7,11435.2,11437.9,10:40:00,11425.10843555624,2,18
2020-08-19,11431.35,11440.8,11427.7,11438.05,10:45:00,11425.70287026517,2,19
2020-08-19,11439.05,11444.25,11430.75,11430.95,10:50:00,11426.97402547801,2,20
2020-08-19,11438.0,11439.85,11435.4,11438.95,10:55:00,11428.024118289628,2,21
2020-08-19,11434.65,11440.7,11434.05,11438.15,11:00:00,11428.655154642996,2,22
2020-08-19,11432.7,11436.85,11430.8,11434.7,11:05:00,11429.040378010332,2,23
2020-08-19,11419.5,11433.7,11419.5,11433.3,11:10:00,11428.131770580778,2,24
2020-08-19,11415.15,11420.65,11404.6,11420.65,11:15:00,11426.895411477846,2,25
2020-08-19,11419.5,11426.9,11415.15,11415.45,11:20:00,11426.191086575192,2,26
2020-08-19,11422.6,11424.65,11418.1,11419.05,11:25:00,11425.849078329937,2,27
2020-08-19,11428.0,11432.1,11419.4,11422.5,11:30:00,11426.0539280128,2,28
2020-08-19,11428.95,11431.6,11424.6,11428.3,11:35:00,11426.329744392531,2,29
2020-08-19,11425.9,11429.1,11425.75,11428.45,11:40:00,11426.288816355149,2,30
2020-08-19,11433.1,11433.95,11425.35,11425.75,11:45:00,11426.937500511802,2,31
2020-08-19,11435.5,11435.65,11430.5,11432.25,11:50:00,11427.752976653535,2,32
2020-08-19,11433.55,11436.5,11431.9,11435.55,11:55:00,11428.305074115104,2,33
2020-08-19,11437.55,11438.25,11433.5,11433.5,12:00:00,11429.185543246998,2,34
2020-08-19,11429.3,11438.05,11427.2,11437.35,12:05:00,11429.19644389014,2,35
2020-08-19,11426.7,11429.5,11425.0,11428.7,12:10:00,11428.958687329176,2,36
2020-08-19,11427.05,11430.8,11424.95,11427.0,12:15:00,11428.77690758354,2,37
2020-08-19,11428.6,11432.45,11426.8,11426.8,12:20:00,11428.76005924225,2,38
2020-08-19,11432.4,11433.0,11427.65,11428.55,12:25:00,11429.106720266796,2,39
2020-08-19,11429.45,11433.4,11425.05,11433.35,12:30:00,11429.13941357472,2,40
2020-08-19,11432.3,11432.8,11427.75,11429.6,12:35:00,11429.4404218057,2,41
2020-08-19,11437.0,11445.05,11432.3,11432.55,12:40:00,11430.160381633728,2,42
2020-08-19,11434.95,11441.1,11433.1,11437.2,12:45:00,11430.61653576385,2,43
2020-08-19,11429.3,11434.95,11426.55,11434.9,12:50:00,11430.491151405387,2,44
2020-08-19,11433.4,11434.65,11427.65,11428.95,12:55:00,11430.768184604874,2,45
2020-08-19,11436.3,11440.35,11433.75,11433.8,13:00:00,11431.295024166317,2,46
2020-08-19,11436.6,11437.1,11431.9,11436.1,13:05:00,11431.80025996,2,47
2020-08-19,11436.15,11437.5,11432.6,11436.65,13:10:00,11432.21452091619,2,48
2020-08-19,11431.6,11442.25,11430.3,11435.85,13:15:00,11432.155995114648,2,49
2020-08-19,11436.95,11438.05,11429.4,11431.35,13:20:00,11432.612567008491,2,50
2020-08-19,11436.05,11437.85,11434.15,11436.75,13:25:00,11432.93994157911,2,51
2020-08-19,11436.15,11438.8,11431.75,11435.75,13:30:00,11433.245661428718,2,52
2020-08-19,11430.25,11435.5,11430.1,11435.5,13:35:00,11432.96036034027,2,53
2020-08-19,11427.7,11429.8,11413.8,11429.8,13:40:00,11432.459373641195,2,54
2020-08-19,11438.4,11438.75,11427.25,11427.6,13:45:00,11433.02514758013,2,55
2020-08-19,11433.85,11441.4,11432.55,11438.7,13:50:00,11433.10370495345,2,56
2020-08-19,11447.0,11450.9,11433.0,11433.8,13:55:00,11434.42716162455,2,57
2020-08-19,11449.25,11454.7,11446.5,11446.95,14:00:00,11435.83886051745,2,58
2020-08-19,11445.3,11452.6,11438.1,11449.0,14:05:00,11436.739921420549,2,59
2020-08-19,11445.2,11446.85,11440.25,11445.95,14:10:00,11437.54564319002,2,60
2020-08-19,11440.0,11448.0,11438.45,11445.35,14:15:00,11437.779391457638,2,61
2020-08-19,11443.35,11444.85,11439.35,11439.8,14:20:00,11438.30992560453,2,62
2020-08-19,11434.8,11445.15,11428.95,11443.15,14:25:00,11437.975646975528,2,63
2020-08-19,11436.8,11440.7,11434.3,11434.3,14:30:00,11437.863680596904,2,64
2020-08-19,11428.95,11437.3,11422.6,11437.3,14:35:00,11437.014758635296,2,65
2020-08-19,11425.3,11432.1,11425.2,11428.75,14:40:00,11435.899067336695,2,66
2020-08-19,11438.0,11438.2,11424.95,11424.95,14:45:00,11436.099156161774,2,67
2020-08-19,11436.6,11442.1,11435.8,11438.3,14:50:00,11436.14685557494,2,68
2020-08-19,11433.15,11436.45,11430.55,11436.2,14:55:00,11435.86144075828,2,69
2020-08-19,11416.1,11432.0,11410.85,11432.0,15:00:00,11433.9793987813,2,70
2020-08-19,11403.15,11417.95,11402.75,11416.05,15:05:00,11431.043265564034,2,71
2020-08-19,11403.9,11408.05,11394.1,11401.65,15:10:00,11428.458192653174,2,72
2020-08-19,11405.35,11406.5,11397.0,11403.1,15:15:00,11426.257412400491,2,73
2020-08-19,11414.65,11415.7,11402.3,11404.9,15:20:00,11425.151944552828,2,74
2020-08-19,11419.7,11421.9,11413.2,11414.45,15:25:00,11424.632711738272,2,75
2020-08-20,11321.85,11331.4,11294.15,11311.65,09:15:00,11414.843882048912,3,1
2020-08-20,11318.05,11319.6,11305.65,11318.85,09:20:00,11405.625417091873,3,2
2020-08-20,11321.75,11331.5,11314.75,11318.35,09:25:00,11397.63728213074,3,3
2020-08-20,11327.45,11328.35,11316.7,11319.7,09:30:00,11390.95277907067,3,4
2020-08-20,11334.85,11339.5,11323.35,11328.3,09:35:00,11385.609657254416,3,5
2020-08-20,11336.15,11339.55,11329.4,11335.65,09:40:00,11380.899213706376,3,6
2020-08-20,11333.45,11340.8,11327.3,11336.05,09:45:00,11376.380240972436,3,7
2020-08-20,11332.2,11334.9,11326.55,11332.9,09:50:00,11372.17259897506,3,8
2020-08-20,11332.5,11336.35,11328.55,11331.7,09:55:00,11368.394256215532,3,9
2020-08-20,11328.4,11332.35,11324.7,11332.35,10:00:00,11364.5852794331,3,10
2020-08-20,11334.1,11336.45,11326.8,11328.35,10:05:00,11361.681919487091,3,11
2020-08-20,11331.2,11336.5,11329.2,11334.15,10:10:00,11358.77887953594,3,12
2020-08-20,11335.55,11339.55,11329.15,11331.6,10:15:00,11356.566605294422,3,13
2020-08-20,11333.0,11336.8,11331.85,11335.95,10:20:00,11354.322166694954,3,14
2020-08-20,11332.3,11336.95,11331.0,11332.75,10:25:00,11352.22481748591,3,15
2020-08-20,11347.7,11351.35,11331.9,11331.95,10:30:00,11351.793882487253,3,16
2020-08-20,11348.4,11353.55,11344.1,11347.65,10:35:00,11351.470655583704,3,17
2020-08-20,11344.45,11349.45,11343.85,11348.6,10:40:00,11350.802021718588,3,18
2020-08-20,11340.15,11345.05,11339.95,11344.2,10:45:00,11349.787543459674,3,19
2020-08-20,11342.5,11344.25,11338.4,11340.45,10:50:00,11349.09349170161,3,20
2020-08-20,11338.5,11343.5,11335.75,11342.55,10:55:00,11348.084587730027,3,21
2020-08-20,11332.55,11339.2,11329.5,11338.1,11:00:00,11346.605103184307,3,22
2020-08-20,11335.95,11337.05,11329.65,11332.05,11:05:00,11345.59033145247,3,23
2020-08-20,11333.15,11336.3,11331.55,11336.1,11:10:00,11344.405537980809,3,24
2020-08-20,11329.45,11335.8,11329.4,11332.7,11:15:00,11342.981201030254,3,25
2020-08-20,11338.0,11338.05,11328.75,11329.2,11:20:00,11342.506800932131,3,26
2020-08-20,11336.65,11338.35,11330.95,11337.85,11:25:00,11341.949010367169,3,27
2020-08-20,11342.65,11345.2,11336.2,11337.5,11:30:00,11342.01577128458,3,28
2020-08-20,11342.0,11344.25,11340.55,11343.0,11:35:00,11342.014269257475,3,29
2020-08-20,11338.1,11343.45,11337.45,11341.95,11:40:00,11341.641481709146,3,30
2020-08-20,11340.75,11341.55,11336.15,11337.95,11:45:00,11341.55657868923,3,31
2020-08-20,11335.95,11343.15,11335.7,11340.95,11:50:00,11341.022618814064,3,32
2020-08-20,11341.05,11341.6,11335.35,11336.6,11:55:00,11341.02522654606,3,33
2020-08-20,11342.6,11344.9,11338.45,11341.1,12:00:00,11341.175204970245,3,34
2020-08-20,11337.3,11343.5,11335.35,11342.55,12:05:00,11340.80613783022,3,35
2020-08-20,11336.9,11339.05,11334.05,11337.1,12:10:00,11340.434124703532,3,36
2020-08-20,11334.85,11337.1,11330.5,11336.85,12:15:00,11339.902303303195,3,37
2020-08-20,11339.1,11339.75,11331.6,11334.45,12:20:00,11339.825893464797,3,38
2020-08-20,11341.95,11344.25,11338.55,11338.7,12:25:00,11340.02818932529,3,39
2020-08-20,11331.05,11342.0,11326.5,11341.75,12:30:00,11339.173123675262,3,40
2020-08-20,11305.95,11330.8,11293.9,11329.5,12:35:00,11336.00901665857,3,41
2020-08-20,11304.5,11306.05,11292.15,11305.25,12:40:00,11333.008157929184,3,42
2020-08-20,11311.95,11313.1,11302.0,11304.1,12:45:00,11331.002619078788,3,43
2020-08-20,11311.65,11314.75,11308.05,11310.75,12:50:00,11329.159512499857,3,44
2020-08-20,11314.7,11316.7,11309.55,11311.4,12:55:00,11327.782416071295,3,45
2020-08-20,11317.9,11320.6,11314.0,11314.0,13:00:00,11326.841233588317,3,46
2020-08-20,11311.7,11317.65,11305.95,11317.6,13:05:00,11325.39921134181,3,47
2020-08-20,11332.1,11337.35,11311.1,11311.3,13:10:00,11326.037381690208,3,48
2020-08-20,11341.35,11361.45,11330.65,11330.95,13:15:00,11327.49572629114,3,49
2020-08-20,11341.15,11345.65,11337.7,11341.25,13:20:00,11328.796133311032,3,50
2020-08-20,11340.25,11343.75,11339.95,11342.0,13:25:00,11329.8869777576,3,51
2020-08-20,11337.25,11347.55,11332.35,11340.45,13:30:00,11330.588217971164,3,52
2020-08-20,11336.3,11338.35,11325.45,11337.9,13:35:00,11331.132197212004,3,53
2020-08-20,11319.65,11337.2,11319.45,11335.8,13:40:00,11330.038654620384,3,54
2020-08-20,11316.9,11322.7,11313.5,11318.8,13:45:00,11328.787354180347,3,55
2020-08-20,11303.05,11319.9,11301.3,11317.2,13:50:00,11326.336177591744,3,56
2020-08-20,11312.45,11314.4,11301.65,11302.45,13:55:00,11325.013684487769,3,57
2020-08-20,11292.35,11312.25,11289.8,11312.25,14:00:00,11321.902857393696,3,58
2020-08-20,11303.2,11308.3,11290.75,11292.4,14:05:00,11320.121632880013,3,59
2020-08-20,11310.5,11314.85,11302.15,11303.15,14:10:00,11319.20528689144,3,60
2020-08-20,11307.85,11313.75,11307.15,11310.55,14:15:00,11318.123830997018,3,61
2020-08-20,11313.4,11317.0,11303.35,11307.75,14:20:00,11317.673942330635,3,62
2020-08-20,11319.25,11325.3,11310.6,11313.5,14:25:00,11317.824043061051,3,63
2020-08-20,11308.75,11319.5,11307.6,11319.3,14:30:00,11316.959848483808,3,64
2020-08-20,11315.65,11318.9,11307.85,11308.4,14:35:00,11316.83510100916,3,65
2020-08-20,11323.85,11324.6,11315.0,11315.0,14:40:00,11317.503186627337,3,66
2020-08-20,11321.4,11333.95,11319.85,11324.1,14:45:00,11317.874311710446,3,67
2020-08-20,11325.25,11329.05,11319.4,11320.8,14:50:00,11318.576758214214,3,68
2020-08-20,11325.8,11326.7,11319.8,11325.0,14:55:00,11319.264686003336,3,69
2020-08-20,11321.65,11332.65,11317.85,11325.0,15:00:00,11319.491858764924,3,70
2020-08-20,11316.85,11323.2,11314.45,11322.15,15:05:00,11319.240253168262,3,71
2020-08-20,11310.4,11319.35,11307.9,11316.25,15:10:00,11318.398324295093,3,72
2020-08-20,11312.4,11316.65,11300.95,11309.05,15:15:00,11317.827055314609,3,73
2020-08-20,11310.25,11319.8,11304.3,11310.8,15:20:00,11317.10543099893,3,74
2020-08-20,11309.6,11311.35,11306.65,11310.0,15:25:00,11316.39062804665,3,75
2020-08-21,11398.4,11400.15,11386.3,11398.25,09:15:00,11324.20104442316,4,1
2020-08-21,11412.15,11413.7,11397.6,11397.9,09:20:00,11332.577135430478,4,2
2020-08-21,11405.95,11412.0,11401.5,11411.85,09:25:00,11339.565027294242,4,3
2020-08-21,11409.55,11418.5,11406.25,11407.4,09:30:00,11346.230262790028,4,4
2020-08-21,11409.65,11412.75,11405.35,11408.4,09:35:00,11352.270237762406,4,5
2020-08-21,11413.05,11413.25,11402.65,11408.95,09:40:00,11358.05878654694,4,6
2020-08-21,11407.0,11416.1,11405.8,11413.0,09:45:00,11362.719854494851,4,7
2020-08-21,11401.45,11408.6,11401.45,11406.4,09:50:00,11366.408439781057,4,8
2020-08-21,11402.2,11403.3,11396.2,11401.65,09:55:00,11369.817159801907,4,9
2020-08-21,11395.6,11404.35,11393.95,11401.8,10:00:00,11372.2726683922,4,10
2020-08-21,11395.3,11396.0,11387.1,11395.4,10:05:00,11374.465747592943,4,11
2020-08-21,11385.1,11396.65,11383.1,11396.05,10:10:00,11375.478533536472,4,12
2020-08-21,11389.15,11391.4,11384.3,11384.75,10:15:00,11376.78057796157,4,13
2020-08-21,11393.5,11396.2,11388.9,11389.75,10:20:00,11378.372903869991,4,14
2020-08-21,11388.3,11397.05,11388.15,11393.3,10:25:00,11379.31834159666,4,15
2020-08-21,11390.75,11394.15,11387.35,11388.7,10:30:00,11380.40707096841,4,16
2020-08-21,11393.85,11394.65,11389.85,11391.35,10:35:00,11381.6873499238,4,17
2020-08-21,11393.75,11398.0,11393.15,11393.5,10:40:00,11382.83617374058,4,18
2020-08-21,11394.9,11395.85,11392.95,11395.1,10:45:00,11383.98510957481,4,19
2020-08-21,11394.75,11397.8,11393.25,11394.45,10:50:00,11385.010337234353,4,20
2020-08-21,11389.2,11394.8,11386.3,11394.65,10:55:00,11385.409352735842,4,21
2020-08-21,11391.15,11391.6,11386.85,11388.9,11:00:00,11385.956081046714,4,22
2020-08-21,11386.55,11392.8,11383.7,11390.8,11:05:00,11386.012644756547,4,23
2020-08-21,11390.65,11391.1,11385.25,11386.5,11:10:00,11386.45429763688,4,24
2020-08-21,11394.35,11394.35,11388.4,11390.55,11:15:00,11387.20626929051,4,25
2020-08-21,11397.1,11398.45,11394.1,11394.2,11:20:00,11388.14852935808,4,26
2020-08-21,11397.25,11399.1,11393.25,11397.25,11:25:00,11389.015336085884,4,27
2020-08-21,11393.6,11397.2,11391.1,11396.85,11:30:00,11389.451970744372,4,28
2020-08-21,11394.45,11395.5,11392.35,11393.1,11:35:00,11389.927973530625,4,29
2020-08-21,11379.75,11395.2,11375.65,11394.25,11:40:00,11388.958642718182,4,30
2020-08-21,11386.3,11386.35,11379.05,11379.45,11:45:00,11388.705438649784,4,31
2020-08-21,11392.35,11396.0,11385.9,11385.9,11:50:00,11389.052539730756,4,32
2020-08-21,11390.65,11395.65,11390.35,11391.95,11:55:00,11389.204678804015,4,33
2020-08-21,11388.6,11390.45,11383.3,11390.35,12:00:00,11389.147090346492,4,34
2020-08-21,11392.35,11393.95,11387.2,11387.9,12:05:00,11389.452129361112,4,35
2020-08-21,11396.25,11398.3,11392.1,11392.15,12:10:00,11390.099545612436,4,36
2020-08-21,11399.3,11400.95,11394.45,11396.8,12:15:00,11390.97577936363,4,37
2020-08-21,11404.3,11405.3,11398.8,11398.8,12:20:00,11392.244752757571,4,38
2020-08-21,11402.45,11405.2,11400.15,11403.7,12:25:00,11393.216681066377,4,39
2020-08-21,11402.7,11406.9,11401.0,11401.25,12:30:00,11394.11985429815,4,40
2020-08-21,11405.65,11407.85,11402.3,11402.45,12:35:00,11395.217963412611,4,41
2020-08-21,11401.25,11406.0,11397.45,11405.3,12:40:00,11395.7924430876,4,42
2020-08-21,11398.4,11399.85,11388.85,11399.45,12:45:00,11396.040781841162,4,43
2020-08-21,11398.3,11398.95,11392.25,11398.3,12:50:00,11396.255945475335,4,44
2020-08-21,11401.75,11403.15,11397.4,11398.95,12:55:00,11396.7791887634,4,45
2020-08-21,11396.15,11403.25,11395.7,11401.45,13:00:00,11396.71926602403,4,46
2020-08-21,11397.55,11399.2,11395.35,11396.0,13:05:00,11396.798383545552,4,47
2020-08-21,11395.65,11398.35,11393.5,11397.75,13:10:00,11396.68901368407,4,48
2020-08-21,11406.25,11415.45,11395.05,11395.2,13:15:00,11397.5995838094,4,49
2020-08-21,11403.85,11406.55,11401.3,11405.9,13:20:00,11398.194861541837,4,50
2020-08-21,11406.15,11409.55,11402.7,11403.5,13:25:00,11398.952493775949,4,51
2020-08-21,11397.5,11406.95,11393.8,11406.0,13:30:00,11398.81416103538,4,52
2020-08-21,11396.45,11398.8,11390.7,11397.35,13:35:00,11398.589002841536,4,53
2020-08-21,11398.05,11399.95,11395.85,11395.9,13:40:00,11398.53766923758,4,54
2020-08-21,11402.9,11404.9,11398.4,11398.7,13:45:00,11398.953129310192,4,55
2020-08-21,11399.4,11402.8,11397.0,11402.3,13:50:00,11398.995688423509,4,56
2020-08-21,11397.6,11400.35,11396.2,11398.8,13:55:00,11398.862765716509,4,57
2020-08-21,11397.5,11398.4,11389.6,11397.7,14:00:00,11398.732978505412,4,58
2020-08-21,11404.7,11406.15,11395.3,11397.45,14:05:00,11399.3012662668,4,59
2020-08-21,11400.4,11406.15,11399.65,11404.35,14:10:00,11399.405907574725,4,60
2020-08-21,11398.85,11404.4,11398.85,11400.15,14:15:00,11399.35296399618,4,61
2020-08-21,11393.7,11399.6,11392.95,11398.9,14:20:00,11398.814586472734,4,62
2020-08-21,11398.95,11401.15,11388.6,11393.95,14:25:00,11398.82748299914,4,63
2020-08-21,11393.85,11399.55,11392.15,11399.05,14:30:00,11398.353436999225,4,64
2020-08-21,11396.75,11400.5,11393.05,11393.5,14:35:00,11398.200728713582,4,65
2020-08-21,11394.65,11398.0,11394.55,11396.1,14:40:00,11397.862564074194,4,66
2020-08-21,11384.1,11398.55,11383.35,11393.45,14:45:00,11396.551843686177,4,67
2020-08-21,11389.4,11392.3,11384.2,11385.0,14:50:00,11395.870715716066,4,68
2020-08-21,11384.8,11397.55,11384.8,11389.45,14:55:00,11394.816361838346,4,69
2020-08-21,11369.95,11384.6,11365.95,11384.6,15:00:00,11392.44813690136,4,70
2020-08-21,11375.3,11378.2,11368.95,11369.8,15:05:00,11390.814981005991,4,71
2020-08-21,11369.05,11375.95,11362.2,11374.6,15:10:00,11388.742125672088,4,72
2020-08-21,11378.35,11379.1,11366.65,11368.15,15:15:00,11387.752399417604,4,73
2020-08-21,11375.85,11386.8,11368.7,11378.4,15:20:00,11386.618837568309,4,74
2020-08-21,11378.7,11379.35,11373.95,11375.25,15:25:00,11385.864662561802,4,75
2020-08-24,11436.9,11442.7,11410.65,11410.65,09:15:00,11390.725170889247,0,1
2020-08-24,11434.95,11441.4,11429.6,11435.6,09:20:00,11394.937059375989,0,2
2020-08-24,11434.3,11438.2,11430.1,11435.0,09:25:00,11398.68591086399,0,3
2020-08-24,11427.3,11440.25,11426.7,11434.5,09:30:00,11401.411062210274,0,4
2020-08-24,11434.1,11437.0,11424.8,11427.15,09:35:00,11404.524294380724,0,5
2020-08-24,11439.75,11443.25,11429.85,11434.6,09:40:00,11407.879123487322,0,6
2020-08-24,11444.65,11445.95,11438.1,11440.0,09:45:00,11411.381111726623,0,7
2020-08-24,11444.4,11450.35,11440.15,11444.4,09:50:00,11414.52576775266,0,8
2020-08-24,11446.15,11448.25,11443.65,11445.2,09:55:00,11417.537599395264,0,9
2020-08-24,11441.3,11449.5,11437.65,11447.05,10:00:00,11419.800685167143,0,10
2020-08-24,11435.3,11442.8,11435.15,11441.7,10:05:00,11421.27681038932,0,11
2020-08-24,11444.2,11445.5,11435.2,11435.35,10:10:00,11423.459971304625,0,12
2020-08-24,11446.25,11448.1,11442.6,11444.65,10:15:00,11425.630450227993,0,13
2020-08-24,11440.7,11446.6,11439.5,11446.6,10:20:00,11427.065645444374,0,14
2020-08-24,11440.5,11444.25,11439.3,11441.05,10:25:00,11428.345107783009,0,15
2020-08-24,11433.85,11442.45,11433.05,11440.9,10:30:00,11428.869383232246,0,16
2020-08-24,11438.85,11440.1,11431.25,11433.9,10:35:00,11429.819918162508,0,17
2020-08-24,11439.15,11440.65,11435.7,11438.75,10:40:00,11430.708497385129,0,18
2020-08-24,11437.0,11439.8,11433.75,11439.45,10:45:00,11431.307688110352,0,19
2020-08-24,11435.8,11438.75,11435.3,11437.05,10:50:00,11431.735527337938,0,20
2020-08-24,11432.3,11436.45,11430.85,11436.05,10:55:00,11431.789286639088,0,21
2020-08-24,11434.95,11436.5,11431.75,11432.45,11:00:00,11432.090306959171,0,22
2020-08-24,11436.2,11437.5,11431.6,11435.45,11:05:00,11432.481706296394,0,23
2020-08-24,11430.8,11441.7,11430.7,11436.7,11:10:00,11432.321543791975,0,24
2020-08-24,11428.5,11432.5,11422.7,11430.9,11:15:00,11431.957587240358,0,25
2020-08-24,11429.25,11431.4,11425.4,11428.65,11:20:00,11431.699721788897,0,26
2020-08-24,11430.0,11431.55,11425.5,11429.0,11:25:00,11431.537843523289,0,27
2020-08-24,11432.55,11435.35,11430.25,11430.35,11:30:00,11431.634239378214,0,28
2020-08-24,11431.85,11434.4,11429.95,11431.95,11:35:00,11431.65478800886,0,29
2020-08-24,11434.6,11435.8,11430.95,11431.6,11:40:00,11431.935284388968,0,30
2020-08-24,11432.65,11439.25,11432.4,11434.45,11:45:00,11432.0033525424,0,31
2020-08-24,11442.15,11445.9,11430.2,11432.5,11:50:00,11432.969699919317,0,32
2020-08-24,11442.6,11448.0,11441.35,11441.85,11:55:00,11433.88687135557,0,33
2020-08-24,11444.0,11446.85,11441.55,11443.4,12:00:00,11434.850026464565,0,34
2020-08-24,11442.4,11445.8,11440.25,11444.2,12:05:00,11435.569071563175,0,35
2020-08-24,11449.05,11452.1,11442.75,11442.85,12:10:00,11436.85296950954,0,36
2020-08-24,11469.65,11479.8,11448.35,11449.25,12:15:00,11439.976496222918,0,37
2020-08-24,11468.55,11472.65,11464.35,11469.5,12:20:00,11442.697782296926,0,38
2020-08-24,11465.85,11473.25,11463.9,11470.4,12:25:00,11444.902755411504,0,39
2020-08-24,11471.45,11476.15,11465.65,11465.8,12:30:00,11447.431064419932,0,40
2020-08-24,11471.6,11475.6,11469.1,11471.7,12:35:00,11449.73286780851,0,41
2020-08-24,11475.3,11480.6,11471.4,11471.75,12:40:00,11452.167832779129,0,42
2020-08-24,11473.5,11485.75,11473.5,11475.95,12:45:00,11454.199467752544,0,43
2020-08-24,11472.15,11477.6,11470.55,11473.8,12:50:00,11455.909042252304,0,44
2020-08-24,11480.95,11481.0,11471.45,11472.5,12:55:00,11458.293895371133,0,45
2020-08-24,11478.95,11486.75,11477.35,11481.95,13:00:00,11460.261143431024,0,46
2020-08-24,11481.65,11485.5,11477.95,11478.5,13:05:00,11462.298177389974,0,47
2020-08-24,11478.55,11481.3,11471.85,11481.1,13:10:00,11463.845970019502,0,48
2020-08-24,11480.65,11483.5,11477.6,11478.9,13:15:00,11465.446353827168,0,49
2020-08-24,11476.1,11483.55,11475.45,11479.55,13:20:00,11466.46098679601,0,50
2020-08-24,11466.9,11478.6,11465.2,11476.3,13:25:00,11466.502797577345,0,51
2020-08-24,11472.3,11476.1,11465.1,11466.7,13:30:00,11467.054912093789,0,52
2020-08-24,11474.45,11475.3,11468.35,11471.7,13:35:00,11467.759206180091,0,53
2020-08-24,11470.2,11475.65,11468.85,11474.15,13:40:00,11467.99166273437,0,54
2020-08-24,11468.0,11472.1,11464.8,11470.1,13:45:00,11467.992456759668,0,55
2020-08-24,11469.4,11472.4,11468.15,11468.95,13:50:00,11468.126508496844,0,56
2020-08-24,11473.4,11479.55,11468.95,11469.5,13:55:00,11468.628745782858,0,57
2020-08-24,11480.3,11480.7,11472.5,11473.35,14:00:00,11469.74029380354,0,58
2020-08-24,11477.2,11485.9,11476.4,11480.15,14:05:00,11470.450742012728,0,59
2020-08-24,11475.3,11480.95,11471.75,11477.8,14:10:00,11470.912576106752,0,60
2020-08-24,11482.05,11485.9,11472.85,11475.55,14:15:00,11471.973283144203,0,61
2020-08-24,11485.25,11492.05,11481.95,11482.9,14:20:00,11473.237732368563,0,62
2020-08-24,11491.5,11497.25,11485.35,11485.45,14:25:00,11474.976995952513,0,63
2020-08-24,11484.75,11492.05,11483.75,11491.7,14:30:00,11475.907758242747,0,64
2020-08-24,11481.05,11486.7,11478.95,11485.25,14:35:00,11476.39749555296,0,65
2020-08-24,11475.75,11486.2,11470.85,11481.4,14:40:00,11476.33582930982,0,66
2020-08-24,11479.3,11480.85,11473.4,11476.15,14:45:00,11476.618131280316,0,67
2020-08-24,11472.45,11481.85,11468.15,11479.55,14:50:00,11476.221166396475,0,68
2020-08-24,11466.2,11473.0,11461.95,11472.3,14:55:00,11475.26676959681,0,69
2020-08-24,11470.9,11473.8,11460.15,11466.45,15:00:00,11474.850886778067,0,70
2020-08-24,11475.85,11477.85,11465.3,11471.45,15:05:00,11474.94604041825,0,71
2020-08-24,11467.3,11477.6,11466.55,11475.9,15:10:00,11474.217846092704,0,72
2020-08-24,11460.8,11467.65,11455.55,11467.6,15:15:00,11472.939955988635,0,73
2020-08-24,11464.45,11468.65,11452.4,11461.0,15:20:00,11472.131388751624,0,74
2020-08-24,11473.65,11473.65,11463.25,11464.6,15:25:00,11472.276018394326,0,75
2020-08-25,11513.15,11516.6,11488.8,11507.05,09:15:00,11476.168778547248,1,1
2020-08-25,11513.9,11518.7,11508.6,11512.35,09:20:00,11479.762228209416,1,2
2020-08-25,11519.95,11520.65,11507.85,11512.8,09:25:00,11483.589635046614,1,3
2020-08-25,11519.65,11525.9,11517.65,11519.25,09:30:00,11487.023955518363,1,4
2020-08-25,11509.2,11519.25,11504.3,11519.2,09:35:00,11489.135959754713,1,5
2020-08-25,11506.0,11509.9,11490.45,11509.0,09:40:00,11490.742058825694,1,6
2020-08-25,11499.0,11506.1,11496.65,11506.1,09:45:00,11491.528529413725,1,7
2020-08-25,11501.05,11505.7,11494.25,11498.5,09:50:00,11492.435336136226,1,8
2020-08-25,11485.0,11500.7,11480.55,11500.7,09:55:00,11491.727208885157,1,9
2020-08-25,11501.2,11501.2,11484.25,11484.6,10:00:00,11492.629379467524,1,10
2020-08-25,11496.95,11504.7,11496.95,11501.95,10:05:00,11493.040867137284,1,11
2020-08-25,11498.0,11498.95,11491.65,11496.5,10:10:00,11493.51316550516,1,12
2020-08-25,11493.25,11499.1,11493.2,11498.3,10:15:00,11493.488102123718,1,13
2020-08-25,11488.3,11493.85,11485.9,11493.8,10:20:00,11492.993997159554,1,14
2020-08-25,11490.85,11496.55,11483.7,11487.95,10:25:00,11492.789806953882,1,15
2020-08-25,11480.0,11492.8,11479.2,11490.0,10:30:00,11491.571730101132,1,16
2020-08-25,11455.4,11481.4,11454.55,11480.35,10:35:00,11488.126803424831,1,17
2020-08-25,11460.6,11461.5,11439.1,11455.5,10:40:00,11485.50520309866,1,18
2020-08-25,11448.85,11461.3,11443.2,11461.1,10:45:00,11482.014231374977,1,19
2020-08-25,11439.25,11448.4,11432.75,11448.35,10:50:00,11477.941447434505,1,20
2020-08-25,11455.75,11459.15,11439.15,11439.4,10:55:00,11475.827976250264,1,21
2020-08-25,11462.55,11462.55,11454.25,11455.4,11:00:00,11474.563407083571,1,22
2020-08-25,11464.45,11472.1,11456.55,11462.1,11:05:00,11473.600225456565,1,23
2020-08-25,11465.3,11469.0,11458.9,11464.25,11:10:00,11472.809727794034,1,24
2020-08-25,11464.9,11469.15,11461.9,11464.5,11:15:00,11472.05642038508,1,25
2020-08-25,11459.15,11465.65,11455.25,11464.95,11:20:00,11470.827237491265,1,26
2020-08-25,11462.05,11464.7,11458.95,11458.95,11:25:00,11469.991310111143,1,27
2020-08-25,11462.4,11466.9,11459.9,11461.8,11:30:00,11469.268328195796,1,28
2020-08-25,11459.7,11462.7,11455.8,11462.25,11:35:00,11468.357058843816,1,29
2020-08-25,11470.15,11471.15,11458.95,11460.15,11:40:00,11468.527815144404,1,30
2020-08-25,11474.5,11478.8,11469.95,11469.95,11:45:00,11469.096594654464,1,31
2020-08-25,11477.05,11478.45,11468.95,11474.65,11:50:00,11469.854061830229,1,32
2020-08-25,11482.4,11484.6,11477.6,11478.4,11:55:00,11471.048913084494,1,33
2020-08-25,11480.1,11486.55,11479.2,11483.7,12:00:00,11471.91092136216,1,34
2020-08-25,11480.55,11484.65,11477.3,11480.85,12:05:00,11472.73369075624,1,35
2020-08-25,11483.7,11487.55,11480.55,11481.6,12:10:00,11473.77810116041,1,36
2020-08-25,11479.4,11485.55,11479.25,11483.75,12:15:00,11474.313520097512,1,37
2020-08-25,11476.7,11479.35,11472.4,11478.6,12:20:00,11474.54080389775,1,38
2020-08-25,11478.1,11480.25,11475.9,11476.0,12:25:00,11474.879774955109,1,39
2020-08-25,11470.6,11482.45,11461.65,11477.85,12:30:00,11474.472177340336,1,40
2020-08-25,11473.65,11474.4,11466.05,11470.45,12:35:00,11474.393874736495,1,41
2020-08-25,11472.75,11477.15,11469.35,11473.95,12:40:00,11474.237315237782,1,42
2020-08-25,11471.95,11474.45,11467.05,11473.0,12:45:00,11474.019475691326,1,43
2020-08-25,11472.9,11475.7,11468.15,11471.1,12:50:00,11473.912858958818,1,44
2020-08-25,11470.6,11476.55,11470.6,11473.15,12:55:00,11473.597348581789,1,45
2020-08-25,11472.3,11477.65,11469.35,11470.25,13:00:00,11473.473791574,1,46
2020-08-25,11476.05,11477.55,11469.4,11471.95,13:05:00,11473.719144757428,1,47
2020-08-25,11475.7,11477.2,11472.9,11475.6,13:10:00,11473.907797637672,1,48
2020-08-25,11485.15,11491.7,11473.9,11475.85,13:15:00,11474.978483576942,1,49
2020-08-25,11488.5,11495.3,11485.05,11485.45,13:20:00,11476.266247045804,1,50
2020-08-25,11482.55,11489.7,11481.95,11489.7,13:25:00,11476.864699708109,1,51
2020-08-25,11480.3,11482.85,11474.85,11482.65,13:30:00,11477.19187116448,1,52
2020-08-25,11478.3,11482.35,11477.65,11481.0,13:35:00,11477.297407244052,1,53
2020-08-25,11479.25,11482.35,11475.05,11478.4,13:40:00,11477.483368458905,1,54
2020-08-25,11483.7,11484.5,11478.0,11479.7,13:45:00,11478.075428605676,1,55
2020-08-25,11460.05,11484.5,11457.9,11483.6,13:50:00,11476.35872111942,1,56
2020-08-25,11464.65,11466.5,11459.4,11459.45,13:55:00,11475.243604822334,1,57
2020-08-25,11466.2,11469.45,11462.9,11464.6,14:00:00,11474.382309124969,1,58
2020-08-25,11444.7,11464.75,11442.15,11463.2,14:05:00,11471.555422541638,1,59
2020-08-25,11439.45,11452.6,11436.85,11445.75,14:10:00,11468.49776325196,1,60
2020-08-25,11434.6,11439.0,11423.35,11438.8,14:15:00,11465.26940484701,1,61
2020-08-25,11435.5,11441.5,11429.0,11433.95,14:20:00,11462.434223433009,1,62
2020-08-25,11441.95,11445.6,11433.15,11435.05,14:25:00,11460.483345010818,1,63
2020-08-25,11446.6,11451.25,11442.15,11442.55,14:30:00,11459.161121676454,1,64
2020-08-25,11445.5,11452.1,11442.0,11446.1,14:35:00,11457.860062469172,1,65
2020-08-25,11450.25,11456.9,11445.4,11445.45,14:40:00,11457.135294614964,1,66
2020-08-25,11449.0,11454.35,11448.5,11450.05,14:45:00,11456.360504651637,1,67
2020-08-25,11455.15,11455.15,11448.55,11449.25,14:50:00,11456.245218494338,1,68
2020-08-25,11461.6,11465.1,11452.65,11454.65,14:55:00,11456.755197685354,1,69
2020-08-25,11469.75,11476.55,11461.55,11461.55,15:00:00,11457.992797905796,1,70
2020-08-25,11467.35,11476.6,11466.4,11470.55,15:05:00,11458.883960010007,1,71
2020-08-25,11470.35,11471.7,11460.65,11468.35,15:10:00,11459.975963818575,1,72
2020-08-25,11483.3,11484.55,11469.75,11470.0,15:15:00,11462.19730059776,1,73
2020-08-25,11481.0,11487.0,11471.45,11484.75,15:20:00,11463.988033874162,1,74
2020-08-25,11479.75,11482.45,11477.0,11482.25,15:25:00,11465.489173505192,1,75
2020-08-26,11501.5,11507.7,11479.7,11507.7,09:15:00,11472.02174974008,2,1
2020-08-26,11503.8,11505.7,11495.15,11501.45,09:20:00,11475.048249764834,2,2
2020-08-26,11500.65,11504.5,11496.95,11503.6,09:25:00,11477.486511691992,2,3
2020-08-26,11504.3,11509.85,11500.15,11500.15,09:30:00,11480.040177245137,2,4
2020-08-26,11502.35,11507.75,11501.3,11505.05,09:35:00,11482.164922269409,2,5
2020-08-26,11494.45,11503.05,11494.45,11502.1,09:40:00,11483.334929672325,2,6
2020-08-26,11488.4,11502.0,11483.35,11493.5,09:45:00,11483.817317322577,2,7
2020-08-26,11479.45,11490.35,11473.2,11488.5,09:50:00,11483.401382339474,2,8
2020-08-26,11469.6,11487.45,11465.05,11480.35,09:55:00,11482.08696497381,2,9
2020-08-26,11471.55,11477.4,11469.35,11469.35,10:00:00,11481.083444500116,2,10
2020-08-26,11476.5,11476.5,11467.05,11471.65,10:05:00,11480.646925976294,2,11
2020-08-26,11465.65,11477.2,11461.85,11476.75,10:10:00,11479.218647311884,2,12
2020-08-26,11467.4,11469.7,11463.1,11464.95,10:15:00,11478.093061853611,2,13
2020-08-26,11473.85,11475.45,11466.55,11467.45,10:20:00,11477.688960724696,2,14
2020-08-26,11486.15,11486.15,11472.2,11473.65,10:25:00,11478.49477398901,2,15
2020-08-26,11484.55,11488.0,11480.2,11485.6,10:30:00,11479.071462180533,2,16
2020-08-26,11478.85,11489.2,11474.5,11485.95,10:35:00,11479.050370544292,2,17
2020-08-26,11481.6,11483.3,11474.65,11478.6,10:40:00,11479.293192397216,2,18
2020-08-26,11488.3,11491.85,11480.7,11480.85,10:45:00,11480.150983597485,2,19
2020-08-26,11490.65,11492.5,11482.15,11487.6,10:50:00,11481.150889921531,2,20
2020-08-26,11483.55,11493.8,11480.8,11490.55,10:55:00,11481.379376595673,2,21
2020-08-26,11484.95,11488.95,11476.8,11483.35,11:00:00,11481.719435967512,2,22
2020-08-26,11486.7,11488.85,11483.5,11485.15,11:05:00,11482.19377539918,2,23
2020-08-26,11482.45,11487.45,11478.35,11486.85,11:10:00,11482.218177742114,2,24
2020-08-26,11485.0,11486.75,11482.25,11482.5,11:15:00,11482.483113195243,2,25
2020-08-26,11479.55,11489.3,11478.9,11484.75,11:20:00,11482.203769081412,2,26
2020-08-26,11476.3,11480.1,11472.6,11479.8,11:25:00,11481.641505359374,2,27
2020-08-26,11469.8,11476.9,11464.3,11476.5,11:30:00,11480.513742944197,2,28
2020-08-26,11474.7,11477.25,11464.05,11469.15,11:35:00,11479.960053139986,2,29
2020-08-26,11480.7,11482.7,11473.0,11474.45,11:40:00,11480.030524269512,2,30
2020-08-26,11479.1,11488.05,11478.7,11480.55,11:45:00,11479.941902910512,2,31
2020-08-26,11482.75,11483.75,11478.2,11478.55,11:50:00,11480.20934072856,2,32
2020-08-26,11478.3,11484.85,11477.1,11483.05,11:55:00,11480.02749875441,2,33
2020-08-26,11476.3,11480.5,11468.75,11478.25,12:00:00,11479.672498873038,2,34
2020-08-26,11473.1,11476.65,11467.1,11476.05,12:05:00,11479.046546599417,2,35
2020-08-26,11477.75,11479.5,11469.95,11471.5,12:10:00,11478.9230659709,2,36
2020-08-26,11484.45,11488.55,11476.8,11477.25,12:15:00,11479.449440640336,2,37
2020-08-26,11481.85,11486.8,11479.5,11484.2,12:20:00,11479.678065341255,2,38
2020-08-26,11477.65,11482.1,11470.75,11481.9,12:25:00,11479.484916261135,2,39
2020-08-26,11470.9,11478.0,11466.65,11477.7,12:30:00,11478.667305188648,2,40
2020-08-26,11482.45,11482.85,11470.45,11470.5,12:35:00,11479.027561837347,2,41
2020-08-26,11485.7,11488.05,11479.65,11482.55,12:40:00,11479.663032138556,2,42
2020-08-26,11494.25,11498.4,11484.7,11485.45,12:45:00,11481.052267172978,2,43
2020-08-26,11494.05,11497.9,11491.0,11493.95,12:50:00,11482.290146489837,2,44
2020-08-26,11491.8,11498.35,11490.55,11494.35,12:55:00,11483.19584682414,2,45
2020-08-26,11489.1,11493.0,11481.9,11491.95,13:00:00,11483.758147126602,2,46
2020-08-26,11492.4,11495.7,11484.95,11488.95,13:05:00,11484.581180733592,2,47
2020-08-26,11493.7,11499.65,11490.5,11492.5,13:10:00,11485.449639711343,2,48
2020-08-26,11500.05,11504.5,11492.7,11493.6,13:15:00,11486.840150215026,2,49
2020-08-26,11490.7,11501.15,11487.75,11499.4,13:20:00,11487.207754956453,2,50
2020-08-26,11491.05,11493.2,11485.1,11491.1,13:25:00,11487.573683055838,2,51
2020-08-26,11484.05,11491.4,11481.35,11490.6,13:30:00,11487.238094193375,2,52
2020-08-26,11488.8,11491.55,11483.95,11484.3,13:35:00,11487.38684712734,2,53
2020-08-26,11488.8,11490.35,11484.15,11488.3,13:40:00,11487.521433115213,2,54
2020-08-26,11494.5,11495.0,11488.25,11488.25,13:45:00,11488.18605853281,2,55
2020-08-26,11496.05,11500.25,11493.25,11494.85,13:50:00,11488.93500533921,2,56
2020-08-26,11503.1,11503.25,11492.5,11495.95,13:55:00,11490.28405244976,2,57
2020-08-26,11514.8,11517.95,11503.15,11503.15,14:00:00,11492.618904597402,2,58
2020-08-26,11514.8,11523.95,11514.35,11514.35,14:05:00,11494.73138987384,2,59
2020-08-26,11509.7,11519.25,11508.25,11514.5,14:10:00,11496.156971790617,2,60
2020-08-26,11508.9,11513.3,11507.1,11509.8,14:15:00,11497.370593524844,2,61
2020-08-26,11519.05,11519.35,11508.6,11508.6,14:20:00,11499.435298903429,2,62
2020-08-26,11518.3,11519.5,11515.0,11518.55,14:25:00,11501.231937103104,2,63
2020-08-26,11531.9,11535.7,11518.1,11518.4,14:30:00,11504.152704998043,2,64
2020-08-26,11546.65,11546.65,11532.0,11532.0,14:35:00,11508.200066426802,2,65
2020-08-26,11541.65,11547.2,11534.3,11546.85,14:40:00,11511.385774386155,2,66
2020-08-26,11535.85,11545.3,11530.95,11541.55,14:45:00,11513.715700635094,2,67
2020-08-26,11539.45,11544.3,11534.1,11535.55,14:50:00,11516.166586288897,2,68
2020-08-26,11536.9,11541.65,11532.7,11538.95,14:55:00,11518.141197118524,2,69
2020-08-26,11536.55,11540.35,11532.1,11537.6,15:00:00,11519.89441644057,2,70
2020-08-26,11553.4,11554.05,11535.9,11535.9,15:05:00,11523.08542439861,2,71
2020-08-26,11551.25,11556.6,11547.85,11553.0,15:10:00,11525.767764932076,2,72
2020-08-26,11553.45,11556.8,11548.95,11551.05,15:15:00,11528.404168271878,2,73
2020-08-26,11555.25,11561.75,11548.15,11552.95,15:20:00,11530.960914150746,2,74
2020-08-26,11551.15,11556.5,11549.4,11554.6,15:25:00,11532.883684231629,2,75
2020-08-27,11600.35,11610.25,11589.0,11592.9,09:15:00,11539.30904763814,3,1
2020-08-27,11611.3,11613.35,11599.8,11601.0,09:20:00,11546.16532881546,3,2
2020-08-27,11608.6,11617.35,11604.95,11612.15,09:25:00,11552.111487975892,3,3
2020-08-27,11606.4,11612.0,11601.25,11607.8,09:30:00,11557.28182245438,3,4
2020-08-27,11590.35,11608.6,11589.85,11606.0,09:35:00,11560.43117269682,3,5
2020-08-27,11591.95,11597.0,11588.1,11590.65,09:40:00,11563.432965773314,3,6
2020-08-27,11600.4,11601.4,11586.4,11591.0,09:45:00,11566.953635699663,3,7
2020-08-27,11596.4,11601.05,11595.45,11600.45,09:50:00,11569.758051347317,3,8
2020-08-27,11592.1,11599.75,11592.0,11597.65,09:55:00,11571.885855980903,3,9
2020-08-27,11588.3,11598.95,11588.3,11592.35,10:00:00,11573.449107792245,3,10
2020-08-27,11593.4,11594.95,11585.75,11588.65,10:05:00,11575.349192764412,3,11
2020-08-27,11596.7,11597.5,11592.2,11592.2,10:10:00,11577.382602977326,3,12
2020-08-27,11599.45,11603.75,11595.75,11597.1,10:15:00,11579.484259836629,3,13
2020-08-27,11600.1,11602.55,11596.0,11599.9,10:20:00,11581.447663661713,3,14
2020-08-27,11595.25,11600.3,11589.35,11599.75,10:25:00,11582.762171884406,3,15
2020-08-27,11597.15,11597.55,11593.0,11594.45,10:30:00,11584.132441228749,3,16
2020-08-27,11594.05,11597.35,11592.9,11596.6,10:35:00,11585.076970635537,3,17
2020-08-27,11593.3,11594.7,11589.4,11594.15,10:40:00,11585.860116289294,3,18
2020-08-27,11588.85,11593.7,11583.15,11592.6,10:45:00,11586.144867118886,3,19
2020-08-27,11586.65,11592.5,11585.1,11588.5,10:50:00,11586.192975012324,3,20
2020-08-27,11590.8,11591.5,11583.65,11586.0,10:55:00,11586.631739296865,3,21
2020-08-27,11598.55,11609.65,11590.3,11590.85,11:00:00,11587.766811744785,3,22
2020-08-27,11599.05,11601.45,11595.7,11598.85,11:05:00,11588.841401102422,3,23
2020-08-27,11596.2,11600.65,11594.6,11598.35,11:10:00,11589.542220045048,3,24
2020-08-27,11601.9,11601.9,11595.6,11595.85,11:15:00,11590.71915146933,3,25
2020-08-27,11601.9,11603.15,11599.35,11601.3,11:20:00,11591.783994186537,3,26
2020-08-27,11600.3,11605.05,11597.7,11601.5,11:25:00,11592.595042359246,3,27
2020-08-27,11603.95,11605.4,11600.1,11600.35,11:30:00,11593.67646689646,3,28
2020-08-27,11602.8,11604.4,11599.1,11603.1,11:35:00,11594.545374811083,3,29
2020-08-27,11600.3,11603.05,11597.55,11602.35,11:40:00,11595.093434352884,3,30
2020-08-27,11591.95,11599.65,11591.65,11599.05,11:45:00,11594.79405965261,3,31
2020-08-27,11593.05,11595.15,11590.2,11591.2,11:50:00,11594.627958733314,3,32
2020-08-27,11598.5,11600.8,11591.6,11592.7,11:55:00,11594.996724568236,3,33
2020-08-27,11595.9,11601.0,11595.65,11598.35,12:00:00,11595.082750799833,3,34
2020-08-27,11602.75,11602.75,11595.7,11595.7,12:05:00,11595.812965009372,3,35
2020-08-27,11601.9,11607.4,11600.9,11601.75,12:10:00,11596.392682627527,3,36
2020-08-27,11602.1,11602.6,11597.65,11601.8,12:15:00,11596.936236663,3,37
2020-08-27,11608.85,11609.05,11599.7,11601.65,12:20:00,11598.070880790336,3,38
2020-08-27,11611.7,11612.15,11605.2,11608.5,12:25:00,11599.368892143635,3,39
2020-08-27,11597.05,11611.5,11596.05,11611.4,12:30:00,11599.148045272816,3,40
2020-08-27,11600.25,11600.25,11592.0,11597.1,12:35:00,11599.25299334207,3,41
2020-08-27,11596.6,11600.55,11593.5,11600.15,12:40:00,11599.000327309492,3,42
2020-08-27,11597.7,11600.15,11594.35,11597.35,12:45:00,11598.87648661335,3,43
2020-08-27,11597.75,11603.7,11596.3,11596.7,12:50:00,11598.769202173982,3,44
2020-08-27,11594.6,11598.85,11593.15,11598.15,12:55:00,11598.37213530027,3,45
2020-08-27,11597.65,11599.4,11593.65,11594.15,13:00:00,11598.303360509766,3,46
2020-08-27,11596.8,11599.35,11591.8,11597.55,13:05:00,11598.16018331836,3,47
2020-08-27,11581.4,11598.9,11577.05,11597.0,13:10:00,11596.56397538328,3,48
2020-08-27,11584.45,11586.3,11567.35,11581.15,13:15:00,11595.410263442014,3,49
2020-08-27,11582.4,11588.9,11580.55,11584.55,13:20:00,11594.171190733252,3,50
2020-08-27,11577.8,11582.8,11574.15,11582.3,13:25:00,11592.612029711036,3,51
2020-08-27,11572.15,11578.25,11562.75,11577.25,13:30:00,11590.663264976652,3,52
2020-08-27,11577.15,11577.15,11565.75,11572.0,13:35:00,11589.37628735983,3,53
2020-08-27,11565.95,11577.6,11564.6,11577.25,13:40:00,11587.14521237318,3,54
2020-08-27,11567.8,11570.2,11558.35,11566.05,13:45:00,11585.302811194782,3,55
2020-08-27,11569.95,11570.7,11563.25,11567.0,13:50:00,11583.84063870004,3,56
2020-08-27,11572.1,11576.55,11568.55,11569.85,13:55:00,11582.722482633371,3,57
2020-08-27,11583.35,11583.35,11569.45,11571.7,14:00:00,11582.782246192097,3,58
2020-08-27,11577.35,11587.35,11576.55,11583.25,14:05:00,11582.264889411896,3,59
2020-08-27,11580.0,11580.1,11575.2,11577.4,14:10:00,11582.049185658385,3,60
2020-08-27,11573.55,11580.5,11570.95,11579.25,14:15:00,11581.239739405204,3,61
2020-08-27,11577.6,11580.4,11573.2,11574.95,14:20:00,11580.89309755709,3,62
2020-08-27,11574.2,11577.35,11567.9,11577.35,14:25:00,11580.25565969451,3,63
2020-08-27,11569.85,11574.4,11561.6,11574.05,14:30:00,11579.264644485507,3,64
2020-08-27,11566.95,11570.7,11565.6,11569.35,14:35:00,11578.091821201177,3,65
2020-08-27,11575.2,11578.9,11561.45,11566.9,14:40:00,11577.816409658206,3,66
2020-08-27,11575.0,11582.25,11572.55,11575.1,14:45:00,11577.548180166948,3,67
2020-08-27,11573.2,11575.7,11569.3,11574.75,14:50:00,11577.134067770095,3,68
2020-08-27,11573.2,11574.9,11567.15,11573.15,14:55:00,11576.759394649136,3,69
2020-08-27,11570.6,11579.15,11567.6,11573.35,15:00:00,11576.172785634932,3,70
2020-08-27,11555.4,11571.0,11554.65,11569.95,15:05:00,11574.194425098272,3,71
2020-08-27,11555.6,11556.0,11540.6,11554.6,15:10:00,11572.423527469866,3,72
2020-08-27,11556.9,11557.55,11550.45,11555.95,15:15:00,11570.94509628226,3,73
2020-08-27,11565.15,11565.6,11550.25,11556.4,15:20:00,11570.393182350615,3,74
2020-08-27,11574.0,11574.0,11563.75,11564.5,15:25:00,11570.736688793417,3,75
2020-08-28,11614.25,11617.35,11589.4,11600.3,09:15:00,11574.880813670232,4,1
2020-08-28,11611.25,11623.0,11610.7,11614.6,09:20:00,11578.34454570164,4,2
2020-08-28,11621.35,11623.9,11607.45,11612.0,09:25:00,11582.440303253865,4,3
2020-08-28,11623.0,11626.8,11613.4,11620.3,09:30:00,11586.3031315154,4,4
2020-08-28,11633.2,11634.55,11621.3,11623.85,09:35:00,11590.769499942504,4,5
2020-08-28,11626.05,11633.4,11623.7,11632.7,09:40:00,11594.129547567029,4,6
2020-08-28,11627.6,11629.9,11622.0,11625.95,09:45:00,11597.3172097035,4,7
2020-08-28,11620.65,11627.6,11617.15,11627.1,09:50:00,11599.539380207929,4,8
2020-08-28,11609.2,11621.8,11607.6,11620.1,09:55:00,11600.459439235745,4,9
2020-08-28,11617.1,11617.1,11602.0,11609.95,10:00:00,11602.044254546629,4,10
2020-08-28,11615.45,11620.45,11613.35,11617.05,10:05:00,11603.320992208854,4,11
2020-08-28,11603.75,11616.25,11601.25,11615.9,10:10:00,11603.361850093725,4,12
2020-08-28,11600.65,11608.85,11599.65,11604.8,10:15:00,11603.103578656228,4,13
2020-08-28,11601.95,11604.1,11594.75,11600.15,10:20:00,11602.993714022305,4,14
2020-08-28,11613.45,11616.4,11601.35,11602.1,10:25:00,11603.989550782084,4,15
2020-08-28,11625.2,11632.7,11613.3,11613.55,10:30:00,11606.009593564742,4,16
2020-08-28,11617.25,11631.9,11609.1,11625.3,10:35:00,11607.08010846334,4,17
2020-08-28,11615.4,11620.2,11611.45,11617.7,10:40:00,11607.872479085878,4,18
2020-08-28,11623.9,11623.9,11613.05,11615.15,10:45:00,11609.398909649128,4,19
2020-08-28,11622.3,11629.2,11620.0,11624.1,10:50:00,11610.62758492064,4,20
2020-08-28,11625.9,11628.0,11620.1,11622.2,10:55:00,11612.082100642485,4,21
2020-08-28,11631.6,11633.0,11625.25,11625.25,11:00:00,11613.94094820034,4,22
2020-08-28,11633.9,11637.05,11630.55,11630.65,11:05:00,11615.8418102765,4,23
2020-08-28,11635.2,11637.95,11631.4,11633.85,11:10:00,11617.685447393023,4,24
2020-08-28,11643.65,11647.35,11635.95,11635.95,11:15:00,11620.15826192702,4,25
2020-08-28,11642.65,11642.95,11637.7,11642.9,11:20:00,11622.300332219686,4,26
2020-08-28,11641.55,11644.65,11639.7,11642.1,11:25:00,11624.133633913048,4,27
2020-08-28,11647.4,11649.95,11641.35,11641.45,11:30:00,11626.349478302282,4,28
2020-08-28,11672.2,11672.5,11647.15,11647.15,11:35:00,11630.716194654446,4,29
2020-08-28,11675.9,11680.85,11668.55,11671.9,11:40:00,11635.019414211163,4,30
2020-08-28,11674.1,11686.05,11669.85,11678.1,11:45:00,11638.74137476248,4,31
2020-08-28,11667.8,11679.25,11664.3,11672.6,11:50:00,11641.50886288034,4,32
2020-08-28,11667.1,11670.1,11661.4,11667.85,11:55:00,11643.946114034594,4,33
2020-08-28,11667.1,11667.95,11658.95,11666.95,12:00:00,11646.1512460313,4,34
2020-08-28,11667.25,11671.7,11665.8,11666.75,12:05:00,11648.160651171174,4,35
2020-08-28,11662.25,11673.65,11659.0,11667.55,12:10:00,11649.502493916778,4,36
2020-08-28,11660.95,11663.5,11650.85,11662.3,12:15:00,11650.592732591367,4,37
2020-08-28,11650.25,11662.3,11649.1,11661.45,12:20:00,11650.56009139219,4,38
2020-08-28,11648.55,11657.5,11643.15,11650.9,12:25:00,11650.368654116744,4,39
2020-08-28,11650.65,11655.35,11643.8,11649.5,12:30:00,11650.395448962769,4,40
2020-08-28,11643.9,11650.8,11640.0,11649.95,12:35:00,11649.77683477584,4,41
2020-08-28,11640.2,11645.2,11637.6,11644.05,12:40:00,11648.864755273378,4,42
2020-08-28,11651.2,11651.3,11636.6,11640.5,12:45:00,11649.087159533055,4,43
2020-08-28,11640.1,11651.75,11636.8,11651.75,12:50:00,11648.231239577528,4,44
2020-08-28,11643.25,11644.55,11634.0,11640.75,12:55:00,11647.75683580824,4,45
2020-08-28,11630.35,11642.9,11627.05,11642.9,13:00:00,11646.09904192174,4,46
2020-08-28,11629.35,11632.5,11624.3,11630.2,13:05:00,11644.503895072052,4,47
2020-08-28,11632.6,11633.6,11618.55,11629.45,13:10:00,11643.370190779477,4,48
2020-08-28,11634.4,11635.15,11627.2,11632.4,13:15:00,11642.515886895717,4,49
2020-08-28,11634.6,11635.85,11624.15,11634.45,13:20:00,11641.761992905644,4,50
2020-08-28,11637.95,11640.15,11632.35,11635.0,13:25:00,11641.39894596225,4,51
2020-08-28,11626.9,11637.75,11624.25,11637.3,13:30:00,11640.018093965846,4,52
2020-08-28,11641.25,11641.25,11626.85,11627.35,13:35:00,11640.135418350052,4,53
2020-08-28,11649.1,11652.2,11642.0,11644.55,13:40:00,11640.989188031,4,54
2020-08-28,11649.3,11651.7,11642.0,11648.95,13:45:00,11641.78069393281,4,55
2020-08-28,11647.65,11653.6,11642.6,11649.0,13:50:00,11642.339675463018,4,56
2020-08-28,11648.05,11649.6,11645.0,11648.05,13:55:00,11642.883515895111,4,57
2020-08-28,11647.0,11658.4,11646.05,11647.85,14:00:00,11643.27556200034,4,58
2020-08-28,11645.4,11650.6,11641.7,11646.5,14:05:00,11643.47788942888,4,59
2020-08-28,11654.15,11654.3,11642.95,11645.5,14:10:00,11644.494280911842,4,60
2020-08-28,11654.25,11668.0,11652.15,11654.4,14:15:00,11645.423397015476,4,61
2020-08-28,11653.1,11658.35,11651.15,11653.8,14:20:00,11646.15450206162,4,62
2020-08-28,11654.85,11662.65,11652.95,11653.25,14:25:00,11646.98264472242,4,63
2020-08-28,11665.2,11669.65,11654.0,11654.55,14:30:00,11648.717630939333,4,64
2020-08-28,11662.0,11671.65,11659.65,11665.0,14:35:00,11649.98261846892,4,65
2020-08-28,11660.3,11662.5,11652.2,11661.95,14:40:00,11650.965226233784,4,66
2020-08-28,11662.45,11666.5,11660.35,11660.45,14:45:00,11652.05901421152,4,67
2020-08-28,11666.5,11672.6,11662.6,11663.0,14:50:00,11653.434346191376,4,68
2020-08-28,11674.7,11677.55,11666.2,11666.7,14:55:00,11655.459646554102,4,69
2020-08-28,11654.25,11674.45,11647.35,11674.15,15:00:00,11655.344442120377,4,70
2020-08-28,11653.8,11654.55,11642.8,11652.85,15:05:00,11655.197352394627,4,71
2020-08-28,11643.7,11654.45,11641.2,11654.45,15:10:00,11654.102366452282,4,72
2020-08-28,11647.85,11648.15,11633.5,11643.15,15:15:00,11653.506902980636,4,73
2020-08-28,11639.35,11658.55,11637.9,11648.0,15:20:00,11652.15862650629,4,74
2020-08-28,11655.25,11657.1,11637.65,11638.25,15:25:00,11652.4530430295,4,75
2020-08-31,11781.9,11792.3,11752.75,11754.45,09:15:00,11664.78132464574,0,1
2020-08-31,11781.25,11794.25,11770.35,11781.65,09:20:00,11675.873579441382,0,2
2020-08-31,11745.65,11780.5,11734.95,11780.5,09:25:00,11682.518952827915,0,3
2020-08-31,11754.9,11764.9,11737.75,11743.8,09:30:00,11689.412385891925,0,4
2020-08-31,11761.3,11774.95,11750.0,11754.8,09:35:00,11696.25882533079,0,5
2020-08-31,11777.25,11777.7,11760.35,11760.95,09:40:00,11703.97227053738,0,6
2020-08-31,11758.55,11778.25,11755.0,11778.25,09:45:00,11709.17014953382,0,7
2020-08-31,11768.05,11769.55,11753.05,11757.55,09:50:00,11714.777754340124,0,8
2020-08-31,11767.95,11771.15,11761.45,11768.3,09:55:00,11719.8417777363,0,9
2020-08-31,11746.9,11767.2,11746.9,11766.95,10:00:00,11722.418751285224,0,10
2020-08-31,11749.85,11754.55,11744.65,11746.7,10:05:00,11725.031251162822,0,11
2020-08-31,11753.05,11753.6,11740.6,11750.45,10:10:00,11727.69970343303,0,12
2020-08-31,11727.85,11752.75,11727.4,11751.9,10:15:00,11727.71401739179,0,13
2020-08-31,11731.9,11736.1,11714.5,11729.25,10:20:00,11728.112682402098,0,14
2020-08-31,11734.6,11746.7,11732.3,11732.9,10:25:00,11728.730522173328,0,15
2020-08-31,11730.65,11735.5,11725.6,11735.5,10:30:00,11728.913329585392,0,16
2020-08-31,11731.7,11732.9,11720.95,11730.55,10:35:00,11729.178726767735,0,17
2020-08-31,11715.65,11732.2,11714.15,11731.3,10:40:00,11727.89027659938,0,18
2020-08-31,11700.6,11715.15,11697.05,11714.6,10:45:00,11725.291202637534,0,19
2020-08-31,11698.2,11702.7,11685.1,11701.6,10:50:00,11722.711088100628,0,20
2020-08-31,11707.05,11712.8,11697.05,11698.15,10:55:00,11721.219555900569,0,21
2020-08-31,11694.1,11708.1,11692.9,11706.9,11:00:00,11718.636741052896,0,22
2020-08-31,11689.2,11694.5,11680.1,11690.55,11:05:00,11715.833241905,0,23
2020-08-31,11654.75,11691.05,11650.55,11687.45,11:10:00,11710.015790295,0,24
2020-08-31,11638.6,11669.25,11637.15,11655.55,11:15:00,11703.214286457383,0,25
2020-08-31,11655.35,11656.2,11616.8,11637.1,11:20:00,11698.655782985252,0,26
2020-08-31,11629.2,11656.2,11625.75,11655.55,11:25:00,11692.040946510466,0,27
2020-08-31,11609.55,11628.25,11607.0,11627.75,11:30:00,11684.18466589042,0,28
2020-08-31,11588.15,11608.4,11561.95,11608.4,11:35:00,11675.03850723419,0,29
2020-08-31,11548.95,11588.55,11548.05,11588.25,11:40:00,11663.030077973792,0,30
2020-08-31,11536.4,11563.45,11528.95,11548.4,11:45:00,11650.970070547715,0,31
2020-08-31,11593.6,11598.15,11533.55,11533.95,11:50:00,11645.506254305075,0,32
2020-08-31,11557.2,11593.35,11557.2,11591.45,11:55:00,11637.096134847452,0,33
2020-08-31,11565.8,11567.3,11540.45,11553.9,12:00:00,11630.306026766742,0,34
2020-08-31,11572.15,11575.0,11555.15,11563.65,12:05:00,11624.767357550863,0,35
2020-08-31,11578.7,11583.4,11569.75,11571.2,12:10:00,11620.379990165067,0,36
2020-08-31,11602.0,11602.0,11571.85,11577.8,12:15:00,11618.629514911252,0,37
2020-08-31,11581.5,11601.4,11574.5,11600.0,12:20:00,11615.09337063399,0,38
2020-08-31,11574.0,11580.65,11564.75,11580.45,12:25:00,11611.179716287894,0,39
2020-08-31,11578.3,11578.3,11562.55,11572.9,12:30:00,11608.048314736665,0,40
2020-08-31,11577.75,11582.9,11572.45,11577.5,12:35:00,11605.16276095222,0,41
2020-08-31,11581.05,11586.75,11574.0,11577.6,12:40:00,11602.8663075282,0,42
2020-08-31,11565.65,11584.4,11560.85,11580.95,12:45:00,11599.32189728742,0,43
2020-08-31,11563.5,11572.6,11557.85,11565.9,12:50:00,11595.91028802195,0,44
2020-08-31,11552.35,11563.7,11543.6,11563.7,12:55:00,11591.76168916272,0,45
2020-08-31,11517.4,11552.3,11517.4,11552.3,13:00:00,11584.679623528174,0,46
2020-08-31,11519.1,11532.6,11514.5,11516.95,13:05:00,11578.43394509692,0,47
2020-08-31,11511.05,11524.9,11504.7,11518.75,13:10:00,11572.01642651626,0,48
2020-08-31,11470.9,11511.65,11468.05,11511.6,13:15:00,11562.386290657569,0,49
2020-08-31,11469.0,11470.25,11430.75,11470.25,13:20:00,11553.49235821399,0,50
2020-08-31,11451.95,11472.4,11451.95,11469.4,13:25:00,11543.821657431705,0,51
2020-08-31,11437.4,11460.0,11433.6,11451.25,13:30:00,11533.686261485827,0,52
2020-08-31,11437.25,11450.0,11431.7,11437.1,13:35:00,11524.501855630037,0,53
2020-08-31,11420.05,11437.3,11409.1,11437.3,13:40:00,11514.554059855744,0,54
2020-08-31,11432.25,11444.0,11407.85,11419.7,13:45:00,11506.715577964722,0,55
2020-08-31,11465.2,11467.35,11431.4,11432.1,13:50:00,11502.761713396652,0,56
2020-08-31,11445.95,11466.3,11442.0,11464.4,13:55:00,11497.351074025542,0,57
2020-08-31,11430.4,11450.45,11430.4,11446.3,14:00:00,11490.974781261206,0,58
2020-08-31,11458.55,11458.55,11428.75,11429.75,14:05:00,11487.886706855375,0,59
2020-08-31,11430.4,11459.0,11429.05,11459.0,14:10:00,11482.41178239296,0,60
2020-08-31,11416.85,11431.3,11405.25,11431.3,14:15:00,11476.167803117438,0,61
2020-08-31,11389.85,11422.95,11387.5,11417.6,14:20:00,11467.947059963397,0,62
2020-08-31,11405.95,11406.8,11375.0,11390.4,14:25:00,11462.04257806212,0,63
2020-08-31,11392.5,11407.5,11383.0,11404.55,14:30:00,11455.419475389535,0,64
2020-08-31,11354.55,11393.1,11347.7,11392.7,14:35:00,11445.812858685773,0,65
2020-08-31,11332.3,11352.0,11328.25,11352.0,14:40:00,11435.002110239508,0,66
2020-08-31,11367.9,11379.45,11325.85,11331.55,14:45:00,11428.61143307384,0,67
2020-08-31,11402.4,11402.95,11364.85,11368.45,14:50:00,11426.115106114426,0,68
2020-08-31,11375.2,11415.4,11368.2,11403.35,14:55:00,11421.266048389243,0,69
2020-08-31,11389.1,11406.25,11375.85,11375.85,15:00:00,11418.202615209317,0,70
2020-08-31,11398.65,11401.85,11384.5,11388.0,15:05:00,11416.340461379858,0,71
2020-08-31,11402.4,11415.45,11387.25,11399.5,15:10:00,11415.0127983913,0,72
2020-08-31,11417.9,11428.15,11403.25,11403.25,15:15:00,11415.287769973082,0,73
2020-08-31,11365.55,11420.7,11364.8,11417.85,15:20:00,11410.550839499454,0,74
2020-08-31,11342.45,11366.7,11334.1,11366.5,15:25:00,11404.065045261412,0,75
2020-09-01,11422.6,11452.75,11370.1,11430.65,09:15:00,11405.83027904604,1,1
2020-09-01,11441.95,11458.0,11431.5,11431.5,09:20:00,11409.270252470227,1,2
2020-09-01,11465.35,11475.05,11438.95,11442.0,09:25:00,11414.611180806398,1,3
2020-09-01,11496.85,11510.0,11466.0,11466.0,09:30:00,11422.443449301029,1,4
2020-09-01,11487.9,11507.3,11484.4,11495.4,09:35:00,11428.677406510453,1,5
2020-09-01,11482.1,11501.85,11470.15,11487.95,09:40:00,11433.765272557075,1,6
2020-09-01,11448.65,11494.85,11441.85,11481.35,09:45:00,11435.18286564688,1,7
2020-09-01,11399.15,11456.1,11391.3,11447.75,09:50:00,11431.7511641567,1,8
2020-09-01,11415.4,11420.45,11366.9,11397.95,09:55:00,11430.19391042749,1,9
2020-09-01,11405.8,11416.35,11391.95,11415.6,10:00:00,11427.870680862969,1,10
2020-09-01,11413.35,11427.7,11394.05,11404.7,10:05:00,11426.487758876016,1,11
2020-09-01,11444.4,11448.7,11408.1,11413.5,10:10:00,11428.19368660211,1,12
2020-09-01,11422.95,11452.95,11419.7,11446.65,10:15:00,11427.6942878781,1,13
2020-09-01,11425.55,11437.85,11412.45,11422.6,10:20:00,11427.490069984946,1,14
2020-09-01,11431.35,11442.25,11425.9,11425.9,10:25:00,11427.857682367332,1,15
2020-09-01,11435.9,11440.95,11421.65,11430.45,10:30:00,11428.623617379966,1,16
2020-09-01,11426.8,11450.4,11426.8,11435.65,10:35:00,11428.449939534255,1,17
2020-09-01,11436.25,11440.0,11426.45,11426.45,10:40:00,11429.192802435757,1,18
2020-09-01,11449.8,11456.25,11436.25,11436.3,10:45:00,11431.15539267997,1,19
2020-09-01,11444.05,11462.25,11443.0,11449.15,10:50:00,11432.383450519972,1,20
2020-09-01,11454.45,11457.1,11444.1,11444.1,10:55:00,11434.485026660926,1,21
2020-09-01,11447.5,11464.9,11443.55,11454.85,11:00:00,11435.724547931315,1,22
2020-09-01,11449.9,11457.55,11445.9,11446.95,11:05:00,11437.074590985476,1,23
2020-09-01,11412.2,11455.1,11405.9,11450.1,11:10:00,11434.705582320192,1,24
2020-09-01,11403.15,11418.75,11391.1,11410.7,11:15:00,11431.700288765887,1,25
2020-09-01,11425.2,11433.95,11400.85,11403.25,11:20:00,11431.081213645326,1,26
2020-09-01,11425.55,11441.05,11417.6,11425.3,11:25:00,11430.55443139339,1,27
2020-09-01,11421.75,11435.5,11416.25,11425.6,11:30:00,11429.715914117827,1,28
2020-09-01,11469.05,11495.95,11413.05,11422.4,11:35:00,11433.462017535176,1,29
2020-09-01,11476.85,11485.1,11427.95,11469.45,11:40:00,11437.594206341351,1,30
2020-09-01,11475.25,11483.9,11459.95,11476.6,11:45:00,11441.18047240408,1,31
2020-09-01,11456.25,11474.4,11453.55,11474.4,11:50:00,11442.615665508452,1,32
2020-09-01,11443.6,11463.75,11443.05,11456.05,11:55:00,11442.709411650503,1,33
2020-09-01,11447.85,11451.45,11432.1,11445.65,12:00:00,11443.198991493316,1,34
2020-09-01,11463.3,11465.6,11440.05,11448.0,12:05:00,11445.113373255856,1,35
2020-09-01,11467.4,11468.9,11455.8,11461.7,12:10:00,11447.23590913625,1,36
2020-09-01,11452.5,11467.3,11447.7,11467.1,12:15:00,11447.737251123275,1,37
2020-09-01,11449.95,11455.05,11435.6,11453.05,12:20:00,11447.947989111535,1,38
2020-09-01,11461.7,11462.35,11439.8,11448.8,12:25:00,11449.257704434249,1,39
2020-09-01,11458.15,11467.5,11449.75,11461.9,12:30:00,11450.104589726225,1,40
2020-09-01,11471.4,11487.55,11456.35,11457.05,12:35:00,11452.13272403801,1,41
2020-09-01,11480.85,11496.45,11471.45,11471.45,12:40:00,11454.867702701056,1,42
2020-09-01,11499.0,11505.7,11482.25,11482.25,12:45:00,11459.070778634288,1,43
2020-09-01,11530.25,11535.55,11498.95,11498.95,12:50:00,11465.849752097689,1,44
2020-09-01,11518.25,11532.45,11509.25,11530.55,12:55:00,11470.84025189791,1,45
2020-09-01,11525.7,11530.1,11513.95,11518.45,13:00:00,11476.064989812396,1,46
2020-09-01,11534.15,11547.8,11525.8,11526.0,13:05:00,11481.596895544548,1,47
2020-09-01,11537.65,11553.55,11532.85,11534.3,13:10:00,11486.935286445068,1,48
2020-09-01,11534.2,11547.8,11525.3,11538.4,13:15:00,11491.436687736012,1,49
2020-09-01,11525.1,11540.6,11516.15,11535.35,13:20:00,11494.64271747544,1,50
2020-09-01,11510.0,11525.5,11503.8,11525.5,13:25:00,11496.105315811114,1,51
2020-09-01,11514.4,11527.25,11510.1,11510.35,13:30:00,11497.847666686246,1,52
2020-09-01,11517.45,11524.0,11507.95,11514.45,13:35:00,11499.71455557327,1,53
2020-09-01,11495.65,11517.35,11495.65,11517.2,13:40:00,11499.327455042485,1,54
2020-09-01,11468.75,11496.85,11467.5,11496.25,13:45:00,11496.415316467008,1,55
2020-09-01,11473.75,11474.25,11452.45,11468.05,13:50:00,11494.256714898722,1,56
2020-09-01,11489.4,11495.05,11467.45,11473.2,13:55:00,11493.794170622654,1,57
2020-09-01,11469.6,11489.6,11467.45,11489.6,14:00:00,11491.489963896687,1,58
2020-09-01,11497.35,11497.35,11469.8,11470.25,14:05:00,11492.048062573194,1,59
2020-09-01,11486.1,11501.0,11478.95,11500.8,14:10:00,11491.481580423366,1,60
2020-09-01,11489.3,11492.6,11474.65,11485.9,14:15:00,11491.273810859237,1,61
2020-09-01,11460.8,11489.6,11460.8,11489.2,14:20:00,11488.371543158357,1,62
2020-09-01,11446.1,11462.85,11432.65,11461.75,14:25:00,11484.34568190518,1,63
2020-09-01,11428.1,11444.15,11423.85,11444.15,14:30:00,11478.988950295165,1,64
2020-09-01,11426.5,11429.9,11400.1,11428.5,14:35:00,11473.990002648005,1,65
2020-09-01,11440.65,11449.2,11423.15,11427.15,14:40:00,11470.814764300576,1,66
2020-09-01,11443.1,11458.95,11439.6,11440.1,14:45:00,11468.175262938616,1,67
2020-09-01,11439.2,11449.1,11432.95,11443.5,14:50:00,11465.41571408732,1,68
2020-09-01,11455.35,11462.0,11438.7,11438.7,14:55:00,11464.457074650434,1,69
2020-09-01,11451.35,11459.9,11438.65,11455.3,15:00:00,11463.208781826585,1,70
2020-09-01,11466.0,11472.0,11447.9,11450.95,15:05:00,11463.474612128815,1,71
2020-09-01,11477.4,11477.4,11465.25,11465.25,15:10:00,11464.80083954512,1,72
2020-09-01,11482.7,11483.3,11468.1,11478.65,15:15:00,11466.505521493204,1,73
2020-09-01,11489.05,11489.8,11476.4,11483.15,15:20:00,11468.652614684328,1,74
2020-09-01,11496.1,11496.1,11485.95,11489.3,15:25:00,11471.266651381058,1,75
2020-09-02,11459.8,11506.25,11459.8,11477.2,09:15:00,11470.174589344766,2,1
2020-09-02,11473.0,11476.6,11449.3,11459.4,09:20:00,11470.443676073835,2,2
2020-09-02,11496.0,11498.6,11468.25,11474.0,09:25:00,11472.877611685852,2,3
2020-09-02,11500.45,11504.35,11485.3,11495.5,09:30:00,11475.503553430057,2,4
2020-09-02,11503.25,11515.65,11496.95,11500.2,09:35:00,11478.146072151,2,5
2020-09-02,11495.15,11506.85,11488.85,11502.6,09:40:00,11479.765493850906,2,6
2020-09-02,11503.1,11520.45,11495.5,11495.6,09:45:00,11481.987827769866,2,7
2020-09-02,11497.8,11504.5,11492.0,11502.5,09:50:00,11483.49374893464,2,8
2020-09-02,11504.95,11505.85,11494.5,11499.25,09:55:00,11485.537201417055,2,9
2020-09-02,11495.25,11514.6,11495.2,11504.5,10:00:00,11486.462229853529,2,10
2020-09-02,11486.75,11494.95,11480.95,11494.9,10:05:00,11486.489636534145,2,11
2020-09-02,11471.05,11488.75,11465.55,11487.05,10:10:00,11485.019194959465,2,12
2020-09-02,11460.5,11480.4,11460.5,11470.75,10:15:00,11482.684033534752,2,13
2020-09-02,11452.4,11463.3,11450.25,11460.65,10:20:00,11479.799839864778,2,14
2020-09-02,11453.8,11458.0,11437.55,11453.05,10:25:00,11477.323664639562,2,15
2020-09-02,11439.4,11453.5,11431.95,11453.5,10:30:00,11473.711887054842,2,16
2020-09-02,11447.6,11460.7,11430.4,11438.6,10:35:00,11471.225040668667,2,17
2020-09-02,11453.1,11453.1,11439.1,11446.75,10:40:00,11469.49884631927,2,18
2020-09-02,11458.65,11467.2,11453.2,11453.2,10:45:00,11468.46562286029,2,19
2020-09-02,11455.05,11460.25,11446.2,11458.4,10:50:00,11467.187944492644,2,20
2020-09-02,11452.95,11456.9,11446.45,11454.45,10:55:00,11465.83194977906,2,21
2020-09-02,11469.4,11472.7,11452.5,11453.75,11:00:00,11466.171764085817,2,22
2020-09-02,11466.8,11471.1,11459.5,11469.8,11:05:00,11466.231596077643,2,23
2020-09-02,11468.55,11468.55,11457.05,11467.8,11:10:00,11466.4523964512,2,24
2020-09-02,11481.5,11490.05,11468.7,11468.7,11:15:00,11467.885501551087,2,25
2020-09-02,11474.1,11491.75,11473.95,11481.25,11:20:00,11468.47735854622,2,26
2020-09-02,11461.15,11477.15,11460.85,11474.75,11:25:00,11467.779514875152,2,27
2020-09-02,11476.0,11481.6,11461.05,11461.05,11:30:00,11468.562418220376,2,28
2020-09-02,11480.55,11483.9,11474.05,11476.45,11:35:00,11469.704092675578,2,29
2020-09-02,11485.3,11489.75,11480.5,11480.5,11:40:00,11471.189417182666,2,30
2020-09-02,11486.5,11495.9,11484.2,11485.55,11:45:00,11472.647567927175,2,31
2020-09-02,11476.65,11487.7,11472.2,11487.3,11:50:00,11473.028751934113,2,32
2020-09-02,11480.35,11482.7,11469.4,11476.3,11:55:00,11473.726013654672,2,33
2020-09-02,11472.95,11482.4,11465.0,11481.85,12:00:00,11473.65210759232,2,34
2020-09-02,11470.35,11478.05,11470.1,11473.1,12:05:00,11473.337621154957,2,35
2020-09-02,11474.75,11479.5,11467.35,11470.05,12:10:00,11473.472133425914,2,36
2020-09-02,11460.9,11475.4,11454.95,11474.4,12:15:00,11472.274787385351,2,37
2020-09-02,11452.75,11461.35,11445.45,11461.25,12:20:00,11470.415283824845,2,38
2020-09-02,11443.25,11453.35,11441.6,11453.35,12:25:00,11467.828113936765,2,39
2020-09-02,11455.25,11457.25,11442.6,11442.6,12:30:00,11466.63019832374,2,40
2020-09-02,11453.6,11457.7,11450.45,11456.65,12:35:00,11465.389227054811,2,41
2020-09-02,11467.85,11469.2,11453.5,11454.15,12:40:00,11465.623586382926,2,42
2020-09-02,11456.95,11475.8,11456.45,11467.1,12:45:00,11464.797530536933,2,43
2020-09-02,11453.75,11457.75,11444.35,11457.75,12:50:00,11463.745384771511,2,44
2020-09-02,11453.55,11459.8,11450.15,11453.45,12:55:00,11462.774395745657,2,45
2020-09-02,11460.9,11465.6,11453.0,11453.0,13:00:00,11462.595881865116,2,46
2020-09-02,11464.9,11473.65,11459.65,11459.65,13:05:00,11462.815321687483,2,47
2020-09-02,11472.8,11475.8,11464.85,11464.95,13:10:00,11463.766243431532,2,48
2020-09-02,11462.9,11473.0,11454.3,11473.0,13:15:00,11463.683744057102,2,49
2020-09-02,11464.8,11474.35,11462.5,11463.05,13:20:00,11463.7900541469,2,50
2020-09-02,11465.7,11476.7,11463.9,11464.9,13:25:00,11463.971953751958,2,51
2020-09-02,11458.35,11470.6,11451.1,11465.8,13:30:00,11463.436529585104,2,52
2020-09-02,11462.55,11468.45,11456.15,11458.45,13:35:00,11463.352098196046,2,53
2020-09-02,11475.8,11480.1,11462.55,11463.2,13:40:00,11464.537612653565,2,54
2020-09-02,11480.95,11491.05,11473.25,11475.1,13:45:00,11466.100697162748,2,55
2020-09-02,11482.35,11489.4,11480.65,11481.15,13:50:00,11467.648249813916,2,56
2020-09-02,11468.75,11482.55,11464.65,11482.5,13:55:00,11467.753178403069,2,57
2020-09-02,11479.3,11479.8,11467.0,11468.55,14:00:00,11468.852875698012,2,58
2020-09-02,11486.5,11486.7,11478.15,11479.2,14:05:00,11470.533554202964,2,59
2020-09-02,11506.05,11506.05,11486.25,11487.25,14:10:00,11473.9160728503,2,60
2020-09-02,11533.95,11535.2,11507.65,11507.65,14:15:00,11479.6335897217,2,61
2020-09-02,11523.75,11540.25,11520.2,11534.15,14:20:00,11483.835152605348,2,62
2020-09-02,11533.35,11533.5,11520.55,11524.15,14:25:00,11488.55085235722,2,63
2020-09-02,11539.1,11544.7,11534.0,11534.0,14:30:00,11493.365056894629,2,64
2020-09-02,11525.1,11539.25,11516.1,11539.25,14:35:00,11496.387432428472,2,65
2020-09-02,11525.35,11532.9,11520.2,11525.65,14:40:00,11499.145772197187,2,66
2020-09-02,11519.7,11526.75,11516.15,11525.05,14:45:00,11501.103317702218,2,67
2020-09-02,11535.6,11537.7,11511.6,11519.55,14:50:00,11504.388716016292,2,68
2020-09-02,11543.45,11549.25,11535.7,11535.7,14:55:00,11508.108838300455,2,69
2020-09-02,11527.2,11542.85,11521.75,11542.4,15:00:00,11509.927044176604,2,70
2020-09-02,11531.55,11535.8,11525.05,11527.45,15:05:00,11511.98637330264,2,71
2020-09-02,11529.8,11537.9,11525.0,11529.8,15:10:00,11513.68290917858,2,72
2020-09-02,11540.35,11541.2,11524.55,11526.9,15:15:00,11516.222632113955,2,73
2020-09-02,11545.0,11554.75,11538.55,11539.15,15:20:00,11518.963333817388,2,74
2020-09-02,11543.0,11545.25,11536.45,11544.4,15:25:00,11521.252540120497,2,75
2020-09-03,11562.45,11584.95,11553.8,11553.8,09:15:00,11525.176107728068,3,1
2020-09-03,11556.85,11572.65,11554.7,11567.25,09:20:00,11528.192668896823,3,2
2020-09-03,11552.1,11560.75,11546.05,11553.05,09:25:00,11530.469557573317,3,3
2020-09-03,11554.75,11554.75,11534.95,11550.95,09:30:00,11532.781980661572,3,4
2020-09-03,11557.75,11563.1,11553.1,11553.1,09:35:00,11535.159887265234,3,5
2020-09-03,11555.5,11558.0,11548.55,11557.05,09:40:00,11537.09704085902,3,6
2020-09-03,11559.15,11567.3,11553.8,11555.4,09:45:00,11539.19732268197,3,7
2020-09-03,11553.3,11564.1,11551.55,11558.25,09:50:00,11540.540434807495,3,8
2020-09-03,11554.9,11556.65,11545.1,11552.75,09:55:00,11541.908012444876,3,9
2020-09-03,11557.95,11561.15,11549.85,11553.7,10:00:00,11543.43582078346,3,10
2020-09-03,11565.5,11565.55,11557.15,11557.4,10:05:00,11545.537171185037,3,11
2020-09-03,11561.15,11568.75,11558.4,11565.55,10:10:00,11547.024107262652,3,12
2020-09-03,11562.35,11571.05,11560.6,11560.9,10:15:00,11548.48371609478,3,13
2020-09-03,11567.75,11570.95,11562.05,11562.25,10:20:00,11550.31860027623,3,14
2020-09-03,11565.25,11572.7,11564.35,11567.55,10:25:00,11551.740638345162,3,15
2020-09-03,11555.15,11564.95,11547.6,11564.95,10:30:00,11552.065339455146,3,16
2020-09-03,11558.7,11560.05,11551.75,11555.2,10:35:00,11552.697211887991,3,17
2020-09-03,11555.45,11562.2,11554.6,11558.4,10:40:00,11552.959382184374,3,18
2020-09-03,11560.65,11562.15,11551.4,11556.0,10:45:00,11553.691821976336,3,19
2020-09-03,11558.6,11562.1,11555.0,11560.85,10:50:00,11554.1592675024,3,20
2020-09-03,11562.7,11566.4,11557.9,11558.2,10:55:00,11554.97267059741,3,21
2020-09-03,11562.5,11570.15,11558.85,11562.75,11:00:00,11555.689559111945,3,22
2020-09-03,11562.9,11568.05,11561.65,11562.9,11:05:00,11556.376267767948,3,23
2020-09-03,11557.25,11563.55,11553.75,11563.1,11:10:00,11556.459480361478,3,24
2020-09-03,11554.0,11556.9,11549.95,11556.9,11:15:00,11556.225244136576,3,25
2020-09-03,11560.6,11561.55,11553.5,11554.15,11:20:00,11556.64188755214,3,26
2020-09-03,11552.65,11561.6,11551.3,11560.95,11:25:00,11556.26170778527,3,27
2020-09-03,11527.9,11552.5,11525.1,11552.5,11:30:00,11553.560592758102,3,28
2020-09-03,11532.7,11534.2,11514.8,11527.85,11:35:00,11551.573869638283,3,29
2020-09-03,11523.7,11533.25,11521.9,11532.6,11:40:00,11548.91921538702,3,30
2020-09-03,11537.5,11539.6,11522.35,11523.5,11:45:00,11547.831671064449,3,31
2020-09-03,11533.8,11543.85,11530.15,11537.1,11:50:00,11546.495321439264,3,32
2020-09-03,11534.05,11536.15,11530.4,11534.3,11:55:00,11545.310052730762,3,33
2020-09-03,11539.1,11539.3,11529.6,11533.95,12:00:00,11544.718619137357,3,34
2020-09-03,11537.4,11541.2,11534.8,11539.3,12:05:00,11544.02160779094,3,35
2020-09-03,11519.5,11537.55,11516.25,11537.55,12:10:00,11541.686216572756,3,36
2020-09-03,11525.2,11528.4,11519.85,11520.25,12:15:00,11540.116100708685,3,37
2020-09-03,11518.65,11525.95,11507.65,11525.9,12:20:00,11538.071710165,3,38
2020-09-03,11518.0,11521.55,11514.75,11518.8,12:25:00,11536.160118720716,3,39
2020-09-03,11529.75,11529.75,11515.15,11518.25,12:30:00,11535.549631223505,3,40
2020-09-03,11532.1,11535.7,11525.65,11529.3,12:35:00,11535.221094916504,3,41
2020-09-03,11540.15,11544.15,11531.95,11531.95,12:40:00,11535.690514448266,3,42
2020-09-03,11534.5,11545.05,11533.55,11540.7,12:45:00,11535.57713211986,3,43
2020-09-03,11548.25,11549.25,11533.8,11533.8,12:50:00,11536.784071917968,3,44
2020-09-03,11542.9,11550.9,11542.35,11548.5,12:55:00,11537.366541259114,3,45
2020-09-03,11564.65,11565.0,11542.5,11542.5,13:00:00,11539.964965901105,3,46
2020-09-03,11564.7,11570.7,11560.3,11564.3,13:05:00,11542.320683434333,3,47
2020-09-03,11552.55,11568.3,11551.85,11565.1,13:10:00,11543.294904059632,3,48
2020-09-03,11556.55,11562.65,11551.05,11553.0,13:15:00,11544.557294149192,3,49
2020-09-03,11554.55,11559.9,11554.5,11556.7,13:20:00,11545.508980420696,3,50
2020-09-03,11564.1,11567.15,11554.25,11554.25,13:25:00,11547.279553713965,3,51
2020-09-03,11545.65,11564.0,11544.0,11564.0,13:30:00,11547.12435812216,3,52
2020-09-03,11546.5,11551.7,11538.75,11545.2,13:35:00,11547.064895443857,3,53
2020-09-03,11556.25,11557.1,11546.2,11546.2,13:40:00,11547.939667306347,3,54
2020-09-03,11556.25,11560.4,11553.6,11556.35,13:45:00,11548.731127562887,3,55
2020-09-03,11550.25,11556.75,11548.65,11556.35,13:50:00,11548.875782080708,3,56
2020-09-03,11553.55,11555.95,11547.85,11550.0,13:55:00,11549.32094569207,3,57
2020-09-03,11552.8,11560.75,11548.95,11553.45,14:00:00,11549.652284197588,3,58
2020-09-03,11546.95,11552.75,11544.55,11552.75,14:05:00,11549.394923797818,3,59
2020-09-03,11541.65,11550.4,11537.15,11546.85,14:10:00,11548.65731200755,3,60
2020-09-03,11550.95,11552.15,11534.0,11541.85,14:15:00,11548.875663244928,3,61
2020-09-03,11557.45,11558.15,11548.4,11552.05,14:20:00,11549.692266745413,3,62
2020-09-03,11561.3,11566.15,11556.1,11558.1,14:25:00,11550.797765150608,3,63
2020-09-03,11549.65,11561.15,11549.1,11561.15,14:30:00,11550.688454183884,3,64
2020-09-03,11546.05,11554.2,11543.85,11550.45,14:35:00,11550.246696642562,3,65
2020-09-03,11548.5,11550.45,11541.0,11545.85,14:40:00,11550.080344581364,3,66
2020-09-03,11545.15,11554.2,11544.9,11548.75,14:45:00,11549.610787954569,3,67
2020-09-03,11544.7,11550.05,11540.5,11544.7,14:50:00,11549.14309386366,3,68
2020-09-03,11528.9,11544.35,11520.6,11544.35,14:55:00,11547.21518016236,3,69
2020-09-03,11530.65,11532.8,11517.6,11528.5,15:00:00,11545.63754395642,3,70
2020-09-03,11535.45,11536.15,11529.0,11530.75,15:05:00,11544.667301674855,3,71
2020-09-03,11525.95,11537.9,11520.95,11535.25,15:10:00,11542.884701515346,3,72
2020-09-03,11529.65,11529.65,11516.05,11525.5,15:15:00,11541.62425375198,3,73
2020-09-03,11530.95,11533.25,11518.85,11528.5,15:20:00,11540.607658156554,3,74
2020-09-03,11535.75,11536.7,11530.0,11531.0,15:25:00,11540.145024046406,3,75
2020-09-04,11351.15,11368.75,11332.85,11350.45,09:15:00,11522.145497946747,4,1
2020-09-04,11369.7,11372.2,11333.35,11351.0,09:20:00,11507.626879094678,4,2
2020-09-04,11363.5,11376.35,11350.9,11370.3,09:25:00,11493.900509657087,4,3
2020-09-04,11365.75,11367.9,11352.45,11363.7,09:30:00,11481.695699213558,4,4
2020-09-04,11371.75,11381.35,11357.7,11365.5,09:35:00,11471.22468024084,4,5
2020-09-04,11378.15,11381.4,11370.4,11371.45,09:40:00,11462.360424979806,4,6
2020-09-04,11394.6,11401.9,11379.5,11380.1,09:45:00,11455.907051172206,4,7
2020-09-04,11404.65,11407.85,11393.65,11395.25,09:50:00,11451.025427251045,4,8
2020-09-04,11393.55,11409.8,11391.35,11405.2,09:55:00,11445.551577036658,4,9
2020-09-04,11397.9,11404.15,11391.5,11393.85,10:00:00,11441.013331604596,4,10
2020-09-04,11389.85,11398.95,11385.9,11397.8,10:05:00,11436.14063335654,4,11
2020-09-04,11402.95,11404.05,11389.25,11390.9,10:10:00,11432.979620655917,4,12
2020-09-04,11409.35,11410.15,11400.9,11403.1,10:15:00,11430.72918059345,4,13
2020-09-04,11395.8,11409.75,11393.8,11409.55,10:20:00,11427.402591965503,4,14
2020-09-04,11395.4,11407.9,11393.85,11395.5,10:25:00,11424.354726064026,4,15
2020-09-04,11388.15,11402.75,11386.65,11395.05,10:30:00,11420.906656915073,4,16
2020-09-04,11385.2,11390.35,11380.7,11388.7,10:35:00,11417.50602292316,4,17
2020-09-04,11387.8,11388.05,11375.25,11385.0,10:40:00,11414.67687788286,4,18
2020-09-04,11391.75,11401.5,11387.3,11387.4,10:45:00,11412.493365703538,4,19
2020-09-04,11390.55,11397.5,11385.5,11392.0,10:50:00,11410.40352135082,4,20
2020-09-04,11398.3,11399.1,11390.2,11390.6,10:55:00,11409.250805031696,4,21
2020-09-04,11388.85,11401.8,11387.9,11398.15,11:00:00,11407.307871219153,4,22
2020-09-04,11397.3,11397.95,11384.0,11388.65,11:05:00,11406.354740626854,4,23
2020-09-04,11404.4,11409.85,11397.1,11397.4,11:10:00,11406.168574852867,4,24
2020-09-04,11405.85,11416.05,11404.65,11405.1,11:15:00,11406.13823439069,4,25
2020-09-04,11398.95,11410.25,11397.65,11406.15,11:20:00,11405.453640639196,4,26
2020-09-04,11396.0,11402.55,11391.7,11399.2,11:25:00,11404.553293911657,4,27
2020-09-04,11400.55,11404.95,11395.65,11396.5,11:30:00,11404.17202782483,4,28
2020-09-04,11406.6,11407.6,11400.35,11400.4,11:35:00,11404.403263270086,4,29
2020-09-04,11403.1,11409.25,11402.75,11406.45,11:40:00,11404.279142958649,4,30
2020-09-04,11392.8,11407.85,11390.75,11403.3,11:45:00,11403.1858912483,4,31
2020-09-04,11397.3,11399.45,11392.5,11392.5,11:50:00,11402.625330177034,4,32
2020-09-04,11395.25,11397.6,11390.3,11397.1,11:55:00,11401.92291777922,4,33
2020-09-04,11400.85,11401.3,11391.3,11395.0,12:00:00,11401.82073513358,4,34
2020-09-04,11401.7,11407.65,11400.85,11400.9,12:05:00,11401.80923654943,4,35
2020-09-04,11398.85,11401.95,11395.65,11401.6,12:10:00,11401.527404497105,4,36
2020-09-04,11402.5,11411.4,11398.25,11398.25,12:15:00,11401.620032640238,4,37
2020-09-04,11408.15,11408.8,11401.25,11401.95,12:20:00,11402.241934293548,4,38
2020-09-04,11405.05,11419.15,11403.05,11408.1,12:25:00,11402.509369122734,4,39
2020-09-04,11390.45,11404.85,11385.25,11404.25,12:30:00,11401.360857777712,4,40
2020-09-04,11395.5,11396.15,11387.35,11389.85,12:35:00,11400.802680846502,4,41
2020-09-04,11399.5,11403.35,11395.65,11396.35,12:40:00,11400.678616003976,4,42
2020-09-04,11403.05,11406.05,11399.25,11399.7,12:45:00,11400.904462098835,4,43
2020-09-04,11411.0,11412.95,11401.95,11402.95,12:50:00,11401.865941898948,4,44
2020-09-04,11424.15,11434.45,11410.95,11410.95,12:55:00,11403.988233146669,4,45
2020-09-04,11434.2,11439.85,11424.05,11424.05,13:00:00,11406.865544275555,4,46
2020-09-04,11429.2,11434.85,11423.4,11432.65,13:05:00,11408.992635296932,4,47
2020-09-04,11435.5,11443.5,11428.8,11428.95,13:10:00,11411.517146221036,4,48
2020-09-04,11450.6,11452.05,11435.4,11435.45,13:15:00,11415.239322771413,4,49
2020-09-04,11435.35,11449.9,11433.85,11449.0,13:20:00,11417.15462536461,4,50
2020-09-04,11436.0,11439.1,11429.6,11434.85,13:25:00,11418.949422948934,4,51
2020-09-04,11435.5,11444.6,11434.1,11436.1,13:30:00,11420.52566838237,4,52
2020-09-04,11421.55,11439.25,11417.25,11435.05,13:35:00,11420.623223774524,4,53
2020-09-04,11419.3,11423.2,11414.4,11421.8,13:40:00,11420.497202462664,4,54
2020-09-04,11425.6,11431.55,11418.45,11419.6,13:45:00,11420.983183180506,4,55
2020-09-04,11417.0,11429.3,11415.55,11425.8,13:50:00,11420.603832401412,4,56
2020-09-04,11416.2,11425.15,11411.45,11416.95,13:55:00,11420.184419791753,4,57
2020-09-04,11413.45,11416.7,11402.0,11416.55,14:00:00,11419.543046478251,4,58
2020-09-04,11401.3,11418.15,11400.1,11414.4,14:05:00,11417.805613480325,4,59
2020-09-04,11394.65,11405.75,11390.65,11401.1,14:10:00,11415.60031695839,4,60
2020-09-04,11404.15,11404.7,11388.5,11394.3,14:15:00,11414.5098105814,4,61
2020-09-04,11395.2,11410.65,11393.6,11404.2,14:20:00,11412.670781002218,4,62
2020-09-04,11369.5,11400.25,11365.65,11395.4,14:25:00,11408.559278049626,4,63
2020-09-04,11372.7,11379.9,11359.75,11369.45,14:30:00,11405.144108711567,4,64
2020-09-04,11350.05,11373.6,11346.35,11372.45,14:35:00,11399.89705073904,4,65
2020-09-04,11335.65,11348.9,11323.75,11348.9,14:40:00,11393.778284001988,4,66
2020-09-04,11315.8,11335.2,11305.45,11335.1,14:45:00,11386.351780763704,4,67
2020-09-04,11338.2,11339.45,11303.65,11315.1,14:50:00,11381.765896881448,4,68
2020-09-04,11334.4,11337.3,11325.65,11337.3,14:55:00,11377.254859083214,4,69
2020-09-04,11311.5,11335.4,11306.45,11335.4,15:00:00,11370.992491551478,4,70
2020-09-04,11328.65,11336.55,11311.2,11312.8,15:05:00,11366.95987330848,4,71
2020-09-04,11343.25,11343.55,11323.85,11330.25,15:10:00,11364.701790136243,4,72
2020-09-04,11343.45,11346.3,11331.2,11344.4,15:15:00,11362.67781012327,4,73
2020-09-04,11354.1,11354.35,11337.25,11344.2,15:20:00,11361.860875825816,4,74
2020-09-04,11356.5,11358.55,11346.55,11354.25,15:25:00,11361.350316223356,4,75
2020-09-07,11361.55,11373.3,11313.85,11342.45,09:15:00,11361.369333725894,0,1
2020-09-07,11340.0,11369.75,11340.0,11367.25,09:20:00,11359.334159085332,0,2
2020-09-07,11329.85,11343.7,11323.2,11341.05,09:25:00,11356.526143934349,0,3
2020-09-07,11309.45,11328.9,11301.45,11328.9,09:30:00,11352.042701654887,0,4
2020-09-07,11302.7,11309.5,11290.95,11308.8,09:35:00,11347.343396735376,0,5
2020-09-07,11260.9,11303.75,11260.9,11302.85,09:40:00,11339.110692284388,0,6
2020-09-07,11289.75,11297.0,11251.7,11259.45,09:45:00,11334.40967397159,0,7
2020-09-07,11308.4,11315.4,11290.65,11290.65,09:50:00,11331.932562164771,0,8
2020-09-07,11295.2,11313.9,11284.25,11309.6,09:55:00,11328.434222910984,0,9
2020-09-07,11299.65,11299.8,11275.15,11294.8,10:00:00,11325.692868348033,0,10
2020-09-07,11316.3,11317.3,11299.05,11299.7,10:05:00,11324.798309457745,0,11
2020-09-07,11314.65,11325.5,11311.75,11313.75,10:10:00,11323.831803795105,0,12
2020-09-07,11295.0,11320.9,11290.55,11315.35,10:15:00,11321.08591771938,0,13
2020-09-07,11312.75,11313.75,11292.85,11295.5,10:20:00,11320.292020793724,0,14
2020-09-07,11307.2,11315.6,11302.1,11312.35,10:25:00,11319.045161670512,0,15
2020-09-07,11316.3,11318.2,11300.25,11307.1,10:30:00,11318.783717701892,0,16
2020-09-07,11307.4,11315.65,11307.25,11315.65,10:35:00,11317.699554111236,0,17
2020-09-07,11307.5,11308.65,11301.55,11308.35,10:40:00,11316.728168005404,0,18
2020-09-07,11301.05,11310.1,11292.8,11306.5,10:45:00,11315.235009147746,0,19
2020-09-07,11299.65,11306.35,11294.1,11300.7,10:50:00,11313.750722562245,0,20
2020-09-07,11301.35,11306.0,11292.7,11299.4,10:55:00,11312.56970136584,0,21
2020-09-07,11309.4,11313.4,11297.95,11302.8,11:00:00,11312.267825045285,0,22
2020-09-07,11314.65,11316.0,11308.1,11310.95,11:05:00,11312.494698850496,0,23
2020-09-07,11320.7,11322.95,11314.05,11314.05,11:10:00,11313.27615610283,0,24
2020-09-07,11336.2,11336.95,11320.75,11320.75,11:15:00,11315.45937933113,0,25
2020-09-07,11333.0,11340.45,11324.5,11336.5,11:20:00,11317.129914632927,0,26
2020-09-07,11329.0,11334.7,11318.75,11333.3,11:25:00,11318.260398953602,0,27
2020-09-07,11342.9,11352.5,11327.85,11330.85,11:30:00,11320.607027624686,0,28
2020-09-07,11329.45,11346.2,11326.5,11345.1,11:35:00,11321.449215469956,0,29
2020-09-07,11333.65,11336.05,11325.65,11329.65,11:40:00,11322.611194949006,0,30
2020-09-07,11332.6,11339.35,11328.0,11334.65,11:45:00,11323.562509715766,0,31
2020-09-07,11315.25,11333.2,11313.75,11332.85,11:50:00,11322.770842123788,0,32
2020-09-07,11319.1,11322.85,11309.9,11312.35,11:55:00,11322.421238111998,0,33
2020-09-07,11315.25,11320.7,11312.9,11318.85,12:00:00,11321.738263053712,0,34
2020-09-07,11316.4,11317.95,11311.15,11315.3,12:05:00,11321.229857048596,0,35
2020-09-07,11322.3,11328.0,11311.95,11316.75,12:10:00,11321.331775424922,0,36
2020-09-07,11320.45,11331.5,11319.8,11322.85,12:15:00,11321.247796813024,0,37
2020-09-07,11320.1,11321.3,11312.9,11321.25,12:20:00,11321.138482830833,0,38
2020-09-07,11321.95,11327.85,11318.65,11320.85,12:25:00,11321.215770180275,0,39
2020-09-07,11326.65,11330.95,11315.45,11321.85,12:30:00,11321.733315877393,0,40
2020-09-07,11324.9,11334.65,11324.2,11326.85,12:35:00,11322.03490484145,0,41
2020-09-07,11319.15,11333.05,11319.15,11325.1,12:40:00,11321.760151999408,0,42
2020-09-07,11312.5,11319.05,11302.55,11319.05,12:45:00,11320.878232761368,0,43
2020-09-07,11322.55,11327.55,11311.6,11312.55,12:50:00,11321.037448688858,0,44
2020-09-07,11318.8,11328.45,11318.8,11322.65,12:55:00,11320.82435833754,0,45
2020-09-07,11318.35,11329.35,11316.45,11318.4,13:00:00,11320.588705162536,0,46
2020-09-07,11324.35,11325.2,11317.55,11318.7,13:05:00,11320.946923718484,0,47
2020-09-07,11334.6,11334.75,11323.75,11324.7,13:10:00,11322.247216697677,0,48
2020-09-07,11333.05,11339.75,11329.05,11334.35,13:15:00,11323.27605320266,0,49
2020-09-07,11344.8,11350.8,11332.55,11333.25,13:20:00,11325.325952897643,0,50
2020-09-07,11329.5,11344.8,11327.95,11344.55,13:25:00,11325.723481193108,0,51
2020-09-07,11327.05,11331.7,11317.9,11330.0,13:30:00,11325.849816317572,0,52
2020-09-07,11333.0,11336.85,11326.75,11326.95,13:35:00,11326.53078619209,0,53
2020-09-07,11331.15,11336.65,11330.3,11332.7,13:40:00,11326.970711316651,0,54
2020-09-07,11326.45,11337.1,11325.65,11331.6,13:45:00,11326.921119762686,0,55
2020-09-07,11329.75,11332.7,11326.5,11326.55,13:50:00,11327.190536928145,0,56
2020-09-07,11338.35,11341.6,11328.7,11330.0,13:55:00,11328.25334293499,0,57
2020-09-07,11333.3,11342.1,11332.2,11339.4,14:00:00,11328.73397694118,0,58
2020-09-07,11351.05,11352.1,11329.75,11332.75,14:05:00,11330.859312470591,0,59
2020-09-07,11344.2,11365.8,11343.4,11350.85,14:10:00,11332.12985414006,0,60
2020-09-07,11340.2,11348.05,11337.55,11344.95,14:15:00,11332.898439460054,0,61
2020-09-07,11338.8,11344.75,11335.2,11340.5,14:20:00,11333.46049284481,0,62
2020-09-07,11328.1,11340.55,11328.1,11338.65,14:25:00,11332.949969716732,0,63
2020-09-07,11292.05,11326.2,11288.6,11326.2,14:30:00,11329.054734505617,0,64
2020-09-07,11290.8,11303.0,11279.2,11291.85,14:35:00,11325.41142645746,0,65
2020-09-07,11296.0,11302.65,11286.85,11290.65,14:40:00,11322.610338223418,0,66
2020-09-07,11301.95,11307.3,11293.95,11296.05,14:45:00,11320.642686964044,0,67
2020-09-07,11298.3,11302.7,11290.2,11302.45,14:50:00,11318.514812015088,0,68
2020-09-07,11296.25,11302.35,11290.05,11299.05,14:55:00,11316.394353727936,0,69
2020-09-07,11334.1,11334.5,11299.05,11299.85,15:00:00,11318.080605753848,0,70
2020-09-07,11337.15,11341.3,11324.35,11335.65,15:05:00,11319.896738539195,0,71
2020-09-07,11356.55,11357.3,11337.35,11338.55,15:10:00,11323.387525344988,0,72
2020-09-07,11372.6,11377.2,11357.1,11358.05,15:15:00,11328.074427693084,0,73
2020-09-07,11375.5,11381.15,11364.5,11373.7,15:20:00,11332.591148865173,0,74
2020-09-07,11375.15,11378.35,11371.1,11375.85,15:25:00,11336.644372782775,0,75
2020-09-08,11348.15,11367.6,11328.75,11367.6,09:15:00,11337.740146803464,1,1
2020-09-08,11357.95,11364.45,11345.25,11350.85,09:20:00,11339.664894726944,1,2
2020-09-08,11348.65,11359.8,11343.45,11359.1,09:25:00,11340.520619038663,1,3
2020-09-08,11344.6,11350.9,11334.05,11348.8,09:30:00,11340.909131511173,1,4
2020-09-08,11359.95,11363.4,11340.6,11344.5,09:35:00,11342.722547557729,1,5
2020-09-08,11369.05,11370.0,11355.8,11359.05,09:40:00,11345.2299239808,1,6
2020-09-08,11365.0,11378.35,11363.45,11369.3,09:45:00,11347.11278836358,1,7
2020-09-08,11370.55,11373.9,11365.5,11365.75,09:50:00,11349.344903757525,1,8
2020-09-08,11367.55,11371.35,11360.65,11371.05,09:55:00,11351.078722447284,1,9
2020-09-08,11367.55,11368.15,11358.65,11366.95,10:00:00,11352.647415547544,1,10
2020-09-08,11380.7,11384.25,11366.75,11367.6,10:05:00,11355.3190902573,1,11
2020-09-08,11383.9,11386.2,11376.4,11381.5,10:10:00,11358.041081661366,1,12
2020-09-08,11387.05,11393.25,11380.9,11383.75,10:15:00,11360.803835788854,1,13
2020-09-08,11396.15,11399.15,11386.45,11386.65,10:20:00,11364.170137142297,1,14
2020-09-08,11401.5,11410.0,11396.65,11396.95,10:25:00,11367.725362176365,1,15
2020-09-08,11411.4,11419.65,11402.1,11402.35,10:30:00,11371.8848514929,1,16
2020-09-08,11417.9,11422.1,11402.0,11412.85,10:35:00,11376.267246588815,1,17
2020-09-08,11419.35,11427.1,11412.3,11418.0,10:40:00,11380.37036596131,1,18
2020-09-08,11418.8,11423.45,11412.1,11419.3,10:45:00,11384.030331107851,1,19
2020-09-08,11431.25,11432.4,11415.55,11419.8,10:50:00,11388.527442430914,1,20
2020-09-08,11420.25,11430.7,11418.45,11430.55,10:55:00,11391.548638389871,1,21
2020-09-08,11411.7,11420.9,11410.15,11419.2,11:00:00,11393.467815686075,1,22
2020-09-08,11414.15,11414.15,11401.3,11412.9,11:05:00,11395.4375475255,1,23
2020-09-08,11406.4,11418.2,11406.1,11413.75,11:10:00,11396.48159061831,1,24
2020-09-08,11403.5,11411.65,11402.25,11407.45,11:15:00,11397.150010559422,1,25
2020-09-08,11407.0,11408.55,11402.05,11404.95,11:20:00,11398.088104791856,1,26
2020-09-08,11404.75,11406.8,11394.25,11406.6,11:25:00,11398.722571002156,1,27
2020-09-08,11407.75,11415.25,11405.05,11405.35,11:30:00,11399.582326144808,1,28
2020-09-08,11417.4,11420.0,11407.15,11409.45,11:35:00,11401.27924746435,1,29
2020-09-08,11416.8,11419.05,11412.0,11417.65,11:40:00,11402.757414372509,1,30
2020-09-08,11423.75,11428.4,11413.1,11416.5,11:45:00,11404.756708241792,1,31
2020-09-08,11423.5,11426.55,11421.2,11423.95,11:50:00,11406.541783647335,1,32
2020-09-08,11422.55,11424.5,11416.65,11423.55,11:55:00,11408.066375680924,1,33
2020-09-08,11404.65,11427.8,11401.6,11421.7,12:00:00,11407.741006568454,1,34
2020-09-08,11408.5,11413.0,11403.8,11405.65,12:05:00,11407.813291657172,1,35
2020-09-08,11411.4,11415.4,11402.15,11408.8,12:10:00,11408.154882927916,1,36
2020-09-08,11413.9,11422.3,11411.75,11412.1,12:15:00,11408.70203693478,1,37
2020-09-08,11421.95,11426.25,11412.8,11415.15,12:20:00,11409.9637477029,1,38
2020-09-08,11427.5,11429.55,11419.35,11422.25,12:25:00,11411.63386696929,1,39
2020-09-08,11430.0,11437.05,11427.65,11427.65,12:30:00,11413.383022496026,1,40
2020-09-08,11424.3,11434.5,11423.95,11430.15,12:35:00,11414.422734639262,1,41
2020-09-08,11429.6,11429.9,11422.85,11424.65,12:40:00,11415.86818848314,1,42
2020-09-08,11427.15,11437.25,11425.3,11429.5,12:45:00,11416.94264672284,1,43
2020-09-08,11427.2,11429.15,11422.05,11426.95,12:50:00,11417.91953751114,1,44
2020-09-08,11423.95,11428.75,11420.9,11426.55,12:55:00,11418.493867271984,1,45
2020-09-08,11420.7,11424.95,11412.2,11424.15,13:00:00,11418.703975150846,1,46
2020-09-08,11417.9,11422.75,11416.55,11420.5,13:05:00,11418.62740608886,1,47
2020-09-08,11411.8,11421.3,11409.4,11417.1,13:10:00,11417.97717693754,1,48
2020-09-08,11418.0,11420.85,11411.05,11412.2,13:15:00,11417.979350562537,1,49
2020-09-08,11419.1,11425.75,11418.2,11419.2,13:20:00,11418.086079080387,1,50
2020-09-08,11416.95,11420.65,11414.8,11418.95,13:25:00,11417.977881072731,1,51
2020-09-08,11408.35,11420.35,11403.3,11417.15,13:30:00,11417.060940018187,1,52
2020-09-08,11405.1,11411.05,11396.6,11409.85,13:35:00,11415.9218028736,1,53
2020-09-08,11404.35,11410.85,11401.5,11404.95,13:40:00,11414.819726409449,1,54
2020-09-08,11389.6,11404.5,11385.7,11403.35,13:45:00,11412.417847703786,1,55
2020-09-08,11389.3,11394.3,11379.6,11389.9,13:50:00,11410.216147922474,1,56
2020-09-08,11403.7,11406.15,11386.85,11388.35,13:55:00,11409.595562406048,1,57
2020-09-08,11400.1,11406.8,11398.85,11404.15,14:00:00,11408.691223129284,1,58
2020-09-08,11405.5,11407.05,11398.2,11400.2,14:05:00,11408.38729711697,1,59
2020-09-08,11411.7,11418.5,11400.1,11405.1,14:10:00,11408.70279262964,1,60
2020-09-08,11399.7,11412.1,11397.3,11411.45,14:15:00,11407.84538380777,1,61
2020-09-08,11385.6,11400.3,11382.2,11400.3,14:20:00,11405.726775826077,1,62
2020-09-08,11387.25,11394.4,11383.65,11385.7,14:25:00,11403.96708289026,1,63
2020-09-08,11363.85,11387.6,11350.15,11387.6,14:30:00,11400.146408329285,1,64
2020-09-08,11368.35,11377.6,11358.9,11362.9,14:35:00,11397.11817896459,1,65
2020-09-08,11369.05,11373.1,11361.95,11367.25,14:40:00,11394.4450190632,1,66
2020-09-08,11359.0,11374.6,11351.95,11370.4,14:45:00,11391.069302961943,1,67
2020-09-08,11341.5,11363.3,11340.25,11359.6,14:50:00,11386.348416965568,1,68
2020-09-08,11342.7,11350.05,11333.95,11341.05,14:55:00,11382.191424873608,1,69
2020-09-08,11317.05,11347.4,11307.8,11343.5,15:00:00,11375.987479647549,1,70
2020-09-08,11326.0,11331.65,11314.75,11317.1,15:05:00,11371.226767300162,1,71
2020-09-08,11325.4,11335.45,11319.8,11327.15,15:10:00,11366.862313271577,1,72
2020-09-08,11322.05,11331.15,11316.45,11325.6,15:15:00,11362.59447391238,1,73
2020-09-08,11306.5,11323.15,11301.5,11322.4,15:20:00,11357.252143063582,1,74
2020-09-08,11294.3,11308.7,11290.45,11306.85,15:25:00,11351.25670086705,1,75
2020-09-09,11241.05,11253.75,11207.5,11213.3,09:15:00,11331.264555585049,2,1
2020-09-09,11262.75,11262.75,11230.6,11241.55,09:20:00,11324.739359815045,2,2
2020-09-09,11266.0,11268.65,11249.85,11263.7,09:25:00,11319.145135070754,2,3
2020-09-09,11267.6,11271.0,11249.4,11266.1,09:30:00,11314.236074587823,2,4
2020-09-09,11265.85,11274.0,11263.2,11266.75,09:35:00,11309.627877008032,2,5
2020-09-09,11266.4,11281.75,11264.05,11265.95,09:40:00,11305.5109363406,2,6
2020-09-09,11247.45,11269.8,11245.95,11266.3,09:45:00,11299.981323355783,2,7
2020-09-09,11237.5,11250.25,11232.1,11246.4,09:50:00,11294.030721131425,2,8
2020-09-09,11224.3,11237.25,11221.25,11237.25,09:55:00,11287.389700071288,2,9
2020-09-09,11240.5,11243.6,11224.65,11224.7,10:00:00,11282.924014350212,2,10
2020-09-09,11235.8,11241.3,11231.55,11241.1,10:05:00,11278.436012983526,2,11
2020-09-09,11240.5,11240.65,11231.3,11235.65,10:10:00,11274.823059366046,2,12
2020-09-09,11228.0,11243.1,11226.5,11240.7,10:15:00,11270.363720378804,2,13
2020-09-09,11227.65,11237.75,11222.5,11227.75,10:20:00,11266.295747009392,2,14
2020-09-09,11235.5,11237.15,11221.85,11226.05,10:25:00,11263.362818722784,2,15
2020-09-09,11230.85,11238.75,11229.85,11235.95,10:30:00,11260.266359796806,2,16
2020-09-09,11242.5,11243.75,11229.95,11230.05,10:35:00,11258.574325530444,2,17
2020-09-09,11250.65,11253.75,11237.8,11243.35,10:40:00,11257.819627860878,2,18
2020-09-09,11248.35,11258.45,11243.55,11250.85,10:45:00,11256.917758540794,2,19
2020-09-09,11249.3,11252.3,11245.9,11248.15,10:50:00,11256.192257727384,2,20
2020-09-09,11251.8,11259.3,11246.95,11249.25,10:55:00,11255.773947467636,2,21
2020-09-09,11244.95,11254.85,11240.6,11251.45,11:00:00,11254.74309532786,2,22
2020-09-09,11247.1,11252.75,11242.8,11244.4,11:05:00,11254.015181487111,2,23
2020-09-09,11238.6,11247.2,11237.3,11246.95,11:10:00,11252.54706896453,2,24
2020-09-09,11246.6,11246.95,11233.2,11237.85,11:15:00,11251.980681444098,2,25
2020-09-09,11244.55,11248.15,11239.15,11245.65,11:20:00,11251.27299749704,2,26
2020-09-09,11237.25,11246.1,11237.05,11244.35,11:25:00,11249.937473925896,2,27
2020-09-09,11237.0,11240.7,11232.65,11236.45,11:30:00,11248.705333552,2,28
2020-09-09,11233.0,11240.35,11231.95,11236.2,11:35:00,11247.209587499428,2,29
2020-09-09,11222.85,11234.6,11220.5,11231.6,11:40:00,11244.889626785196,2,30
2020-09-09,11222.5,11229.6,11218.9,11222.5,11:45:00,11242.757281377082,2,31
2020-09-09,11228.1,11228.55,11215.25,11222.45,11:50:00,11241.36134981736,2,32
2020-09-09,11218.25,11231.8,11217.25,11227.65,11:55:00,11239.160268882371,2,33
2020-09-09,11208.3,11218.9,11203.5,11217.5,12:00:00,11236.221195655482,2,34
2020-09-09,11195.5,11211.75,11192.0,11208.4,12:05:00,11232.342986545436,2,35
2020-09-09,11196.8,11198.8,11185.15,11195.35,12:10:00,11228.957940207776,2,36
2020-09-09,11212.8,11217.5,11195.75,11197.05,12:15:00,11227.419088759416,2,37
2020-09-09,11219.35,11219.6,11211.85,11213.8,12:20:00,11226.650604115664,2,38
2020-09-09,11207.8,11220.7,11204.65,11218.9,12:25:00,11224.8553084856,2,39
2020-09-09,11224.25,11226.9,11209.1,11209.55,12:30:00,11224.7976600584,2,40
2020-09-09,11221.2,11227.1,11216.85,11224.4,12:35:00,11224.455025767124,2,41
2020-09-09,11227.85,11231.9,11219.4,11221.25,12:40:00,11224.778356646446,2,42
2020-09-09,11236.75,11240.45,11224.85,11227.7,12:45:00,11225.918513156308,2,43
2020-09-09,11236.15,11241.7,11233.25,11236.8,12:50:00,11226.892940474756,2,44
2020-09-09,11221.95,11235.45,11220.6,11235.45,12:55:00,11226.422184239063,2,45
2020-09-09,11223.35,11225.05,11206.7,11221.3,13:00:00,11226.129595263916,2,46
2020-09-09,11219.45,11226.3,11218.5,11223.3,13:05:00,11225.49344333402,2,47
2020-09-09,11240.65,11241.65,11219.3,11219.4,13:10:00,11226.936924921254,2,48
2020-09-09,11236.05,11241.6,11230.45,11239.35,13:15:00,11227.804836833517,2,49
2020-09-09,11239.45,11249.05,11235.8,11235.8,13:20:00,11228.913899992229,2,50
2020-09-09,11231.4,11248.9,11230.1,11239.6,13:25:00,11229.15067142154,2,51
2020-09-09,11245.4,11245.8,11229.65,11231.45,13:30:00,11230.69822652425,2,52
2020-09-09,11254.2,11258.7,11244.85,11245.15,13:35:00,11232.9364906648,2,53
2020-09-09,11247.15,11261.1,11247.1,11254.0,13:40:00,11234.290158220532,2,54
2020-09-09,11250.6,11251.6,11238.65,11245.9,13:45:00,11235.843476485245,2,55
2020-09-09,11255.1,11258.65,11248.8,11250.25,13:50:00,11237.677431105696,2,56
2020-09-09,11252.35,11263.5,11245.1,11254.3,13:55:00,11239.07481861944,2,57
2020-09-09,11249.5,11259.55,11248.6,11252.3,14:00:00,11240.067693036635,2,58
2020-09-09,11247.8,11256.8,11246.95,11249.7,14:05:00,11240.804103223623,2,59
2020-09-09,11233.25,11248.35,11225.65,11248.05,14:10:00,11240.084664821374,2,60
2020-09-09,11234.45,11235.85,11219.25,11233.75,14:15:00,11239.54803007648,2,61
2020-09-09,11252.25,11259.8,11234.75,11235.9,14:20:00,11240.757741497768,2,62
2020-09-09,11250.15,11259.4,11246.75,11252.9,14:25:00,11241.652242307504,2,63
2020-09-09,11265.9,11268.3,11245.65,11250.45,14:30:00,11243.961552563933,2,64
2020-09-09,11259.7,11265.6,11258.65,11265.55,14:35:00,11245.460452319749,2,65
2020-09-09,11271.15,11278.55,11251.6,11260.3,14:40:00,11247.90707590834,2,66
2020-09-09,11262.35,11275.3,11260.3,11271.35,14:45:00,11249.282592488498,2,67
2020-09-09,11266.15,11269.4,11257.9,11261.9,14:50:00,11250.8890122515,2,68
2020-09-09,11264.6,11269.3,11261.55,11266.5,14:55:00,11252.1948206085,2,69
2020-09-09,11251.2,11273.2,11245.1,11265.2,15:00:00,11252.10007578864,2,70
2020-09-09,11269.35,11274.5,11251.6,11252.1,15:05:00,11253.742925713532,2,71
2020-09-09,11280.75,11287.7,11269.7,11270.2,15:10:00,11256.315028026527,2,72
2020-09-09,11286.95,11290.3,11279.25,11281.5,15:15:00,11259.232644404956,2,73
2020-09-09,11279.45,11298.15,11279.45,11289.0,15:20:00,11261.15810684258,2,74
2020-09-09,11285.1,11286.95,11276.05,11280.25,15:25:00,11263.438287143286,2,75
2020-09-10,11346.35,11363.15,11327.4,11355.0,09:15:00,11271.334640748688,3,1
2020-09-10,11350.75,11356.25,11345.45,11346.15,09:20:00,11278.898008296432,3,2
2020-09-10,11350.4,11357.15,11346.2,11351.2,09:25:00,11285.70772179201,3,3
2020-09-10,11355.15,11356.65,11341.35,11349.85,09:30:00,11292.321272097532,3,4
2020-09-10,11356.75,11359.1,11348.2,11354.8,09:35:00,11298.457341421576,3,5
2020-09-10,11352.35,11358.0,11346.6,11357.45,09:40:00,11303.589975571902,3,6
2020-09-10,11346.75,11355.6,11343.55,11350.0,09:45:00,11307.700454088865,3,7
2020-09-10,11358.4,11360.5,11345.85,11346.55,09:50:00,11312.528982270876,3,8
2020-09-10,11353.5,11359.55,11351.0,11358.35,09:55:00,11316.430983959364,3,9
2020-09-10,11355.35,11359.6,11352.6,11353.3,10:00:00,11320.137556915615,3,10
2020-09-10,11350.65,11356.7,11349.6,11355.25,10:05:00,11323.043503876032,3,11
2020-09-10,11360.1,11360.1,11348.95,11350.45,10:10:00,11326.572693983077,3,12
2020-09-10,11357.3,11360.1,11353.5,11359.25,10:15:00,11329.499104079929,3,13
2020-09-10,11363.7,11368.55,11354.6,11357.55,10:20:00,11332.75633226279,3,14
2020-09-10,11369.2,11370.9,11358.4,11363.45,10:25:00,11336.227157761572,3,15
2020-09-10,11372.25,11378.3,11368.7,11368.7,10:30:00,11339.657904641424,3,16
2020-09-10,11377.8,11381.6,11371.65,11372.7,10:35:00,11343.290485151763,3,17
2020-09-10,11388.3,11389.15,11375.35,11377.85,10:40:00,11347.5771056135,3,18
2020-09-10,11384.8,11396.2,11384.1,11387.9,10:45:00,11351.12214317412,3,19
2020-09-10,11398.75,11399.45,11384.05,11384.55,10:50:00,11355.65812953849,3,20
2020-09-10,11395.85,11403.05,11393.65,11398.7,10:55:00,11359.4859267253,3,21
2020-09-10,11391.15,11396.85,11386.7,11395.45,11:00:00,11362.501552751462,3,22
2020-09-10,11399.75,11401.95,11391.7,11392.0,11:05:00,11366.049023917987,3,23
2020-09-10,11404.7,11407.8,11399.95,11400.15,11:10:00,11369.730069259133,3,24
2020-09-10,11405.8,11414.7,11404.6,11405.0,11:15:00,11373.165300758264,3,25
2020-09-10,11396.15,11406.9,11394.7,11405.9,11:20:00,11375.354319733668,3,26
2020-09-10,11400.0,11405.35,11396.55,11396.55,11:25:00,11377.701527378082,3,27
2020-09-10,11409.35,11412.35,11399.0,11400.3,11:30:00,11380.715667627788,3,28
2020-09-10,11413.15,11419.15,11408.8,11409.55,11:35:00,11383.804651663237,3,29
2020-09-10,11412.55,11417.4,11406.5,11413.1,11:40:00,11386.542303885784,3,30
2020-09-10,11417.9,11420.4,11408.15,11412.6,11:45:00,11389.528751134756,3,31
2020-09-10,11421.5,11423.7,11416.9,11417.85,11:50:00,11392.573631979065,3,32
2020-09-10,11411.65,11424.0,11410.9,11420.5,11:55:00,11394.39042893344,3,33
2020-09-10,11402.35,11413.55,11401.8,11412.6,12:00:00,11395.148483320729,3,34
2020-09-10,11410.55,11411.0,11398.2,11401.9,12:05:00,11396.61529443304,3,35
2020-09-10,11410.25,11410.7,11401.7,11410.7,12:10:00,11397.913837820372,3,36
2020-09-10,11416.3,11416.4,11410.15,11410.2,12:15:00,11399.664900885098,3,37
2020-09-10,11414.25,11417.4,11408.9,11415.45,12:20:00,11401.05395794366,3,38
2020-09-10,11412.5,11417.05,11409.55,11413.9,12:25:00,11402.14405718712,3,39
2020-09-10,11409.85,11412.4,11401.55,11412.1,12:30:00,11402.87795650263,3,40
2020-09-10,11421.95,11422.55,11408.05,11409.55,12:35:00,11404.69434159762,3,41
2020-09-10,11438.55,11446.25,11416.4,11422.25,12:40:00,11407.918690016895,3,42
2020-09-10,11427.15,11438.0,11420.6,11438.0,12:45:00,11409.75024334862,3,43
2020-09-10,11408.25,11429.4,11402.7,11427.1,12:50:00,11409.607363029703,3,44
2020-09-10,11397.5,11409.65,11395.7,11408.8,12:55:00,11408.4542808364,3,45
2020-09-10,11395.95,11398.7,11385.05,11397.45,13:00:00,11407.26339694722,3,46
2020-09-10,11402.5,11407.5,11391.7,11395.65,13:05:00,11406.809740095105,3,47
2020-09-10,11399.15,11408.0,11395.3,11402.55,13:10:00,11406.080241038426,3,48
2020-09-10,11383.45,11396.0,11377.75,11396.0,13:15:00,11403.924979987149,3,49
2020-09-10,11378.75,11390.9,11375.0,11385.1,13:20:00,11401.527362845514,3,50
2020-09-10,11378.7,11379.9,11362.85,11379.3,13:25:00,11399.353328288798,3,51
2020-09-10,11391.6,11392.85,11378.3,11379.0,13:30:00,11398.614916070816,3,52
2020-09-10,11391.05,11403.35,11391.05,11392.05,13:35:00,11397.894447873598,3,53
2020-09-10,11392.05,11400.7,11383.45,11390.95,13:40:00,11397.337833790398,3,54
2020-09-10,11388.55,11397.2,11382.0,11392.55,13:45:00,11396.500897238931,3,55
2020-09-10,11369.35,11388.2,11363.95,11388.0,13:50:00,11393.91509750189,3,56
2020-09-10,11376.2,11378.95,11364.4,11368.75,13:55:00,11392.227945358853,3,57
2020-09-10,11389.55,11395.7,11376.3,11376.3,14:00:00,11391.972902943724,3,58
2020-09-10,11394.05,11397.9,11388.3,11389.1,14:05:00,11392.170721710989,3,59
2020-09-10,11385.35,11393.55,11381.3,11393.25,14:10:00,11391.521129167086,3,60
2020-09-10,11412.15,11413.85,11381.25,11384.9,14:15:00,11393.485783532124,3,61
2020-09-10,11408.75,11416.55,11405.4,11413.35,14:20:00,11394.939518433826,3,62
2020-09-10,11424.1,11430.05,11408.7,11408.7,14:25:00,11397.716707154414,3,63
2020-09-10,11422.6,11430.0,11416.6,11424.75,14:30:00,11400.08654456828,3,64
2020-09-10,11413.45,11422.0,11411.25,11421.0,14:35:00,11401.359254609397,3,65
2020-09-10,11422.75,11426.3,11409.3,11414.0,14:40:00,11403.39646845612,3,66
2020-09-10,11415.75,11432.2,11413.45,11422.95,14:45:00,11404.572995269824,3,67
2020-09-10,11417.85,11419.65,11409.3,11416.6,14:50:00,11405.837471910792,3,68
2020-09-10,11425.25,11429.9,11415.8,11418.2,14:55:00,11407.686284109765,3,69
2020-09-10,11436.1,11441.9,11424.8,11424.8,15:00:00,11410.392352289786,3,70
2020-09-10,11449.1,11451.75,11435.35,11435.5,15:05:00,11414.078794928851,3,71
2020-09-10,11452.55,11454.85,11441.35,11447.2,15:10:00,11417.742719221344,3,72
2020-09-10,11454.55,11455.45,11446.8,11451.35,15:15:00,11421.248174533595,3,73
2020-09-10,11459.75,11464.05,11449.15,11453.85,15:20:00,11424.915015054205,3,74
2020-09-10,11453.0,11459.45,11451.1,11459.45,15:25:00,11427.589775525232,3,75
2020-09-11,11465.5,11470.5,11423.9,11435.6,09:15:00,11431.20027309426,4,1
2020-09-11,11480.1,11485.7,11466.1,11466.6,09:20:00,11435.857389942425,4,2
2020-09-11,11490.05,11493.5,11469.85,11479.0,09:25:00,11441.018590900288,4,3
2020-09-11,11480.6,11491.4,11472.7,11489.45,09:30:00,11444.788248909785,4,4
2020-09-11,11456.65,11480.5,11455.25,11479.8,09:35:00,11445.917939489806,4,5
2020-09-11,11449.65,11464.6,11435.95,11456.15,09:40:00,11446.273373824111,4,6
2020-09-11,11443.9,11462.75,11439.45,11449.2,09:45:00,11446.047338221815,4,7
2020-09-11,11442.35,11443.6,11428.15,11443.6,09:50:00,11445.69521077212,4,8
2020-09-11,11449.8,11449.95,11436.8,11442.0,09:55:00,11446.086143079538,4,9
2020-09-11,11440.35,11459.3,11440.35,11450.35,10:00:00,11445.539843738628,4,10
2020-09-11,11448.1,11449.75,11436.65,11438.9,10:05:00,11445.783668144471,4,11
2020-09-11,11457.65,11464.3,11443.9,11448.35,10:10:00,11446.913794987857,4,12
2020-09-11,11453.75,11458.3,11441.35,11457.8,10:15:00,11447.56486213187,4,13
2020-09-11,11453.5,11461.0,11451.5,11453.65,10:20:00,11448.130113357403,4,14
2020-09-11,11461.75,11465.75,11452.45,11454.05,10:25:00,11449.427245418605,4,15
2020-09-11,11457.2,11462.55,11447.0,11462.55,10:30:00,11450.16750775969,4,16
2020-09-11,11454.7,11461.35,11449.65,11457.65,10:35:00,11450.599173687338,4,17
2020-09-11,11460.55,11465.1,11453.4,11454.5,10:40:00,11451.5468714314,4,18
2020-09-11,11456.25,11468.1,11455.75,11460.25,10:45:00,11451.994788437933,4,19
2020-09-11,11462.75,11466.95,11451.35,11457.15,10:50:00,11453.019094300987,4,20
2020-09-11,11478.7,11478.7,11462.65,11462.65,10:55:00,11455.464894843752,4,21
2020-09-11,11460.15,11479.95,11459.35,11478.15,11:00:00,11455.911095334824,4,22
2020-09-11,11451.75,11460.9,11449.05,11460.1,11:05:00,11455.514800541032,4,23
2020-09-11,11457.65,11458.9,11451.35,11452.45,11:10:00,11455.71815287046,4,24
2020-09-11,11458.65,11463.3,11453.05,11457.85,11:15:00,11455.997376406604,4,25
2020-09-11,11462.1,11465.35,11456.6,11459.05,11:20:00,11456.578578653596,4,26
2020-09-11,11455.8,11462.3,11452.15,11462.0,11:25:00,11456.504428305634,4,27
2020-09-11,11450.0,11456.1,11440.25,11456.1,11:30:00,11455.884958943194,4,28
2020-09-11,11447.55,11450.45,11440.45,11450.45,11:35:00,11455.091153329557,4,29
2020-09-11,11441.15,11451.9,11438.2,11447.2,11:40:00,11453.763424441027,4,30
2020-09-11,11440.45,11450.8,11438.45,11441.55,11:45:00,11452.49547925617,4,31
2020-09-11,11440.55,11445.15,11433.0,11440.6,11:50:00,11451.357814565104,4,32
2020-09-11,11443.1,11447.1,11436.55,11441.25,11:55:00,11450.571356035096,4,33
2020-09-11,11437.8,11448.5,11437.8,11444.05,12:00:00,11449.355036412708,4,34
2020-09-11,11444.3,11445.4,11433.2,11437.5,12:05:00,11448.8736043734,4,35
2020-09-11,11454.95,11459.55,11446.9,11446.9,12:10:00,11449.452308718792,4,36
2020-09-11,11461.0,11466.45,11453.4,11455.6,12:15:00,11450.552088840812,4,37
2020-09-11,11457.35,11465.5,11455.8,11461.45,12:20:00,11451.19950895121,4,38
2020-09-11,11458.8,11461.7,11452.9,11457.05,12:25:00,11451.923365241571,4,39
2020-09-11,11454.0,11459.55,11450.05,11459.15,12:30:00,11452.12113998047,4,40
2020-09-11,11450.4,11460.05,11450.4,11454.35,12:35:00,11451.957221887093,4,41
2020-09-11,11461.7,11462.5,11449.85,11450.45,12:40:00,11452.885105516894,4,42
2020-09-11,11465.65,11467.85,11456.85,11462.3,12:45:00,11454.10080975338,4,43
2020-09-11,11468.2,11471.6,11465.0,11465.5,12:50:00,11455.443589776867,4,44
2020-09-11,11462.55,11471.95,11462.55,11468.15,12:55:00,11456.1203907505,4,45
2020-09-11,11460.3,11462.3,11455.35,11461.75,13:00:00,11456.518448774264,4,46
2020-09-11,11448.25,11461.9,11444.95,11461.4,13:05:00,11455.73097746243,4,47
2020-09-11,11429.7,11447.6,11422.75,11447.6,13:10:00,11453.251836751722,4,48
2020-09-11,11433.05,11438.1,11421.45,11429.3,13:15:00,11451.327852299177,4,49
2020-09-11,11438.9,11442.5,11432.1,11433.9,13:20:00,11450.1442473183,4,50
2020-09-11,11438.6,11442.95,11431.35,11438.75,13:25:00,11449.044795192747,4,51
2020-09-11,11435.1,11446.35,11433.1,11438.05,13:30:00,11447.716719460106,4,52
2020-09-11,11439.7,11440.55,11429.2,11435.3,13:35:00,11446.953222368667,4,53
2020-09-11,11446.7,11449.4,11439.5,11439.6,13:40:00,11446.929105952604,4,54
2020-09-11,11443.9,11447.4,11439.65,11446.45,13:45:00,11446.640619671403,4,55
2020-09-11,11432.25,11447.0,11432.25,11445.3,13:50:00,11445.270084464602,4,56
2020-09-11,11437.05,11438.35,11419.9,11431.3,13:55:00,11444.487219277498,4,57
2020-09-11,11444.4,11444.95,11435.75,11435.75,14:00:00,11444.478912679642,4,58
2020-09-11,11454.6,11458.0,11444.05,11445.1,14:05:00,11445.442825757773,4,59
2020-09-11,11459.75,11460.3,11451.4,11454.65,14:10:00,11446.80541378084,4,60
2020-09-11,11454.35,11470.05,11453.4,11460.1,14:15:00,11447.523945801711,4,61
2020-09-11,11445.85,11455.5,11441.65,11454.6,14:20:00,11447.364522392025,4,62
2020-09-11,11446.3,11448.55,11439.6,11445.65,14:25:00,11447.26313930707,4,63
2020-09-11,11441.8,11446.9,11437.0,11446.35,14:30:00,11446.742840325443,4,64
2020-09-11,11455.45,11458.4,11441.1,11441.9,14:35:00,11447.572093627785,4,65
2020-09-11,11446.75,11455.6,11442.55,11454.7,14:40:00,11447.493798996567,4,66
2020-09-11,11453.25,11455.25,11446.85,11447.45,14:45:00,11448.04200861594,4,67
2020-09-11,11458.55,11462.5,11451.95,11453.0,14:50:00,11449.042769700136,4,68
2020-09-11,11458.5,11468.0,11453.75,11458.1,14:55:00,11449.943458300122,4,69
2020-09-11,11463.8,11478.5,11456.3,11458.75,15:00:00,11451.263128938204,4,70
2020-09-11,11467.8,11476.25,11463.35,11464.7,15:05:00,11452.838069039328,4,71
2020-09-11,11470.45,11471.4,11454.6,11468.45,15:10:00,11454.515395797487,4,72
2020-09-11,11468.1,11471.0,11459.2,11470.5,15:15:00,11455.8091676263,4,73
2020-09-11,11460.9,11470.7,11454.85,11467.65,15:20:00,11456.294008804747,4,74
2020-09-11,11455.0,11461.45,11453.35,11461.3,15:25:00,11456.170769870963,4,75
2020-09-14,11544.95,11553.5,11528.55,11534.45,09:15:00,11464.625934645155,0,1
2020-09-14,11559.8,11560.45,11546.75,11548.2,09:20:00,11473.690131345618,0,2
2020-09-14,11548.55,11563.35,11547.8,11559.75,09:25:00,11480.819642646036,0,3
2020-09-14,11540.05,11560.85,11540.05,11549.15,09:30:00,11486.4606290607,0,4
2020-09-14,11539.3,11544.3,11531.65,11541.4,09:35:00,11491.492950102538,0,5
2020-09-14,11540.85,11547.7,11534.85,11539.0,09:40:00,11496.193621521345,0,6
2020-09-14,11529.25,11541.4,11524.05,11540.2,09:45:00,11499.34184804312,0,7
2020-09-14,11532.1,11536.0,11526.25,11529.5,09:50:00,11502.461672039011,0,8
2020-09-14,11526.2,11531.7,11516.9,11531.3,09:55:00,11504.722465178154,0,9
2020-09-14,11532.6,11536.15,11525.2,11526.55,10:00:00,11507.377468494522,0,10
2020-09-14,11535.65,11537.8,11530.7,11531.95,10:05:00,11510.070090542662,0,11
2020-09-14,11530.05,11537.45,11528.05,11535.6,10:10:00,11511.972939062409,0,12
2020-09-14,11535.45,11536.2,11528.35,11531.65,10:15:00,11514.208849627894,0,13
2020-09-14,11546.15,11547.95,11534.25,11535.35,10:20:00,11517.250863949046,0,14
2020-09-14,11541.7,11550.0,11537.05,11545.9,10:25:00,11519.579353096757,0,15
2020-09-14,11547.5,11547.5,11539.15,11542.0,10:30:00,11522.238462325637,0,16
2020-09-14,11546.95,11551.75,11544.6,11546.5,10:35:00,11524.591942104147,0,17
2020-09-14,11544.55,11547.4,11538.5,11546.55,10:40:00,11526.4927095228,0,18
2020-09-14,11538.7,11549.85,11537.3,11544.4,10:45:00,11527.655308615867,0,19
2020-09-14,11540.35,11542.7,11536.55,11538.35,10:50:00,11528.864326842928,0,20
2020-09-14,11541.5,11548.0,11539.65,11539.9,10:55:00,11530.06772428646,0,21
2020-09-14,11540.45,11544.6,11537.7,11541.3,11:00:00,11531.056512449652,0,22
2020-09-14,11540.95,11543.55,11537.0,11540.3,11:05:00,11531.99874935921,0,23
2020-09-14,11540.75,11542.9,11533.4,11540.8,11:10:00,11532.832201801191,0,24
2020-09-14,11537.8,11544.7,11536.2,11541.0,11:15:00,11533.305325439174,0,25
2020-09-14,11537.75,11540.9,11534.3,11537.65,11:20:00,11533.7286277783,0,26
2020-09-14,11539.9,11540.65,11534.05,11537.55,11:25:00,11534.3163775137,0,27
2020-09-14,11547.55,11549.9,11539.2,11539.7,11:30:00,11535.576722512396,0,28
2020-09-14,11562.65,11563.4,11547.8,11547.8,11:35:00,11538.155129892168,0,29
2020-09-14,11561.25,11566.6,11558.25,11562.4,11:40:00,11540.35464133101,0,30
2020-09-14,11553.1,11561.25,11550.3,11561.1,11:45:00,11541.568485013771,0,31
2020-09-14,11559.2,11560.5,11552.95,11552.95,11:50:00,11543.247676917224,0,32
2020-09-14,11561.3,11568.9,11558.35,11559.25,11:55:00,11544.96694578225,0,33
2020-09-14,11558.4,11565.55,11557.65,11562.25,12:00:00,11546.246284279176,0,34
2020-09-14,11559.9,11561.65,11554.25,11558.2,12:05:00,11547.54663815735,0,35
2020-09-14,11553.25,11560.35,11549.05,11559.6,12:10:00,11548.089815475698,0,36
2020-09-14,11551.95,11555.75,11547.55,11554.2,12:15:00,11548.45745209706,0,37
2020-09-14,11541.7,11554.6,11541.5,11550.75,12:20:00,11547.813885230677,0,38
2020-09-14,11538.0,11547.5,11533.1,11541.3,12:25:00,11546.87922949442,0,39
2020-09-14,11540.55,11543.7,11536.4,11537.9,12:30:00,11546.276445733049,0,40
2020-09-14,11543.55,11546.8,11539.8,11540.85,12:35:00,11546.016784234662,0,41
2020-09-14,11537.95,11543.85,11535.55,11543.1,12:40:00,11545.248519069455,0,42
2020-09-14,11537.95,11543.4,11535.55,11538.6,12:45:00,11544.553422015224,0,43
2020-09-14,11538.55,11543.35,11537.9,11538.25,12:50:00,11543.981667537582,0,44
2020-09-14,11546.65,11547.35,11537.4,11538.65,12:55:00,11544.235794438764,0,45
2020-09-14,11547.25,11551.25,11543.95,11547.05,13:00:00,11544.522861635072,0,46
2020-09-14,11544.4,11547.4,11537.7,11546.65,13:05:00,11544.51116052697,0,47
2020-09-14,11536.85,11544.65,11530.65,11544.65,13:10:00,11543.78152619107,0,48
2020-09-14,11517.05,11537.85,11517.05,11537.4,13:15:00,11541.235666553825,0,49
2020-09-14,11528.55,11529.85,11515.35,11516.75,13:20:00,11540.027507834411,0,50
2020-09-14,11517.05,11531.2,11517.05,11529.15,13:25:00,11537.839173754945,0,51
2020-09-14,11516.25,11519.6,11499.15,11512.55,13:30:00,11535.78306196876,0,52
2020-09-14,11503.3,11521.05,11503.0,11516.55,13:35:00,11532.689437019351,0,53
2020-09-14,11504.6,11506.45,11493.85,11504.0,13:40:00,11530.01425254132,0,54
2020-09-14,11515.5,11515.5,11503.75,11504.5,13:45:00,11528.63194277548,0,55
2020-09-14,11510.95,11516.55,11501.8,11515.7,13:50:00,11526.947948225434,0,56
2020-09-14,11508.65,11512.05,11504.65,11512.05,13:55:00,11525.20528648968,0,57
2020-09-14,11476.7,11515.55,11471.65,11508.7,14:00:00,11520.585735395423,0,58
2020-09-14,11443.15,11476.95,11432.15,11476.65,14:05:00,11513.210903453,0,59
2020-09-14,11442.55,11449.8,11421.85,11440.55,14:10:00,11506.481293600333,0,60
2020-09-14,11422.55,11449.8,11414.25,11443.8,14:15:00,11498.487837066968,0,61
2020-09-14,11412.35,11421.55,11394.2,11421.55,14:20:00,11490.28423353678,0,62
2020-09-14,11409.25,11413.0,11383.55,11409.8,14:25:00,11482.56668748566,0,63
2020-09-14,11426.15,11432.0,11407.1,11409.1,14:30:00,11477.193669629884,0,64
2020-09-14,11409.45,11428.7,11402.65,11427.5,14:35:00,11470.741891569896,0,65
2020-09-14,11424.1,11425.4,11410.0,11410.0,14:40:00,11466.299806658477,0,66
2020-09-14,11427.65,11437.45,11416.0,11423.95,14:45:00,11462.618872691002,0,67
2020-09-14,11437.3,11442.5,11427.05,11427.05,14:50:00,11460.207551482335,0,68
2020-09-14,11445.75,11451.85,11436.8,11437.7,14:55:00,11458.830641817352,0,69
2020-09-14,11460.65,11478.95,11446.25,11446.25,15:00:00,11459.003914025225,0,70
2020-09-14,11451.3,11467.45,11440.6,11462.6,15:05:00,11458.270207927584,0,71
2020-09-14,11446.5,11450.9,11435.55,11450.9,15:10:00,11457.149235744004,0,72
2020-09-14,11435.05,11449.0,11430.3,11446.1,15:15:00,11455.044546625526,0,73
2020-09-14,11421.3,11437.65,11412.05,11434.9,15:20:00,11451.830780280236,0,74
2020-09-14,11421.05,11422.25,11410.4,11420.65,15:25:00,11448.899277396406,0,75
2020-09-15,11489.65,11498.9,11462.7,11477.05,09:15:00,11452.780298596748,1,1
2020-09-15,11486.35,11500.0,11483.65,11490.8,09:20:00,11455.977413016106,1,2
2020-09-15,11492.35,11493.45,11473.05,11487.6,09:25:00,11459.441468919336,1,3
2020-09-15,11499.4,11503.1,11484.55,11492.8,09:30:00,11463.247043307969,1,4
2020-09-15,11499.35,11510.55,11493.45,11500.2,09:35:00,11466.68542013578,1,5
2020-09-15,11499.05,11509.25,11496.0,11500.1,09:40:00,11469.767761075227,1,6
2020-09-15,11489.3,11507.9,11485.9,11498.5,09:45:00,11471.62797430616,1,7
2020-09-15,11492.45,11494.25,11483.7,11488.5,09:50:00,11473.61102437224,1,8
2020-09-15,11486.1,11494.8,11480.6,11492.9,09:55:00,11474.800450622502,1,9
2020-09-15,11473.8,11486.2,11473.8,11485.45,10:00:00,11474.705169610836,1,10
2020-09-15,11478.65,11485.25,11470.3,11472.1,10:05:00,11475.080867743138,1,11
2020-09-15,11484.95,11491.9,11478.9,11479.2,10:10:00,11476.020785100933,1,12
2020-09-15,11484.65,11491.95,11482.8,11484.65,10:15:00,11476.84261509132,1,13
2020-09-15,11481.25,11485.0,11475.5,11484.8,10:20:00,11477.262366035004,1,14
2020-09-15,11477.2,11484.4,11473.65,11480.9,10:25:00,11477.256426412623,1,15
2020-09-15,11475.0,11480.2,11465.9,11476.9,10:30:00,11477.04152865904,1,16
2020-09-15,11472.75,11482.85,11471.8,11475.5,10:35:00,11476.632811643893,1,17
2020-09-15,11458.65,11474.5,11452.25,11472.8,10:40:00,11474.920162915902,1,18
2020-09-15,11457.75,11458.8,11442.25,11458.8,10:45:00,11473.284909304864,1,19
2020-09-15,11464.9,11465.6,11451.4,11457.45,10:50:00,11472.486346513924,1,20
2020-09-15,11462.05,11468.2,11458.6,11465.3,10:55:00,11471.492408750692,1,21
2020-09-15,11466.9,11473.85,11462.55,11462.55,11:00:00,11471.055036488724,1,22
2020-09-15,11467.2,11470.2,11462.15,11466.3,11:05:00,11470.687890156463,1,23
2020-09-15,11464.2,11470.65,11463.35,11467.4,11:10:00,11470.06999585585,1,24
2020-09-15,11472.65,11473.25,11457.9,11463.4,11:15:00,11470.315710536246,1,25
2020-09-15,11468.0,11472.4,11467.45,11472.35,11:20:00,11470.095166675652,1,26
2020-09-15,11471.2,11473.3,11464.0,11468.15,11:25:00,11470.20038889702,1,27
2020-09-15,11488.3,11491.05,11471.25,11471.25,11:30:00,11471.924161383018,1,28
2020-09-15,11494.35,11501.6,11488.5,11488.5,11:35:00,11474.059955537015,1,29
2020-09-15,11491.7,11498.05,11489.7,11495.15,11:40:00,11475.739959771588,1,30
2020-09-15,11497.6,11504.65,11491.15,11492.15,11:45:00,11477.82186836477,1,31
2020-09-15,11493.65,11497.9,11487.15,11497.3,11:50:00,11479.329309472889,1,32
2020-09-15,11483.5,11494.1,11481.85,11493.25,11:55:00,11479.726518094516,1,33
2020-09-15,11500.55,11500.7,11480.0,11483.3,12:00:00,11481.70970684742,1,34
2020-09-15,11491.8,11500.9,11484.65,11500.4,12:05:00,11482.670687147664,1,35
2020-09-15,11487.05,11494.1,11485.25,11491.1,12:10:00,11483.087764562171,1,36
2020-09-15,11493.5,11495.2,11484.3,11486.6,12:15:00,11484.079406032442,1,37
2020-09-15,11496.8,11498.1,11488.0,11493.25,12:20:00,11485.29089117221,1,38
2020-09-15,11494.8,11499.95,11490.45,11497.7,12:25:00,11486.19652058438,1,39
2020-09-15,11502.2,11504.6,11493.7,11494.1,12:30:00,11487.720661481108,1,40
2020-09-15,11496.2,11506.55,11490.6,11502.0,12:35:00,11488.528217530526,1,41
2020-09-15,11498.15,11500.75,11492.15,11495.5,12:40:00,11489.444577765713,1,42
2020-09-15,11506.15,11506.6,11495.65,11498.05,12:45:00,11491.035570359454,1,43
2020-09-15,11503.55,11505.85,11496.75,11505.85,12:50:00,11492.22742080141,1,44
2020-09-15,11501.35,11506.0,11498.4,11503.25,12:55:00,11493.09623786794,1,45
2020-09-15,11508.3,11514.45,11500.65,11501.4,13:00:00,11494.544215213851,1,46
2020-09-15,11502.35,11513.85,11502.05,11507.95,13:05:00,11495.287623288725,1,47
2020-09-15,11478.95,11502.15,11464.85,11502.15,13:10:00,11493.731659165987,1,48
2020-09-15,11484.0,11484.0,11467.3,11478.8,13:15:00,11492.804834483512,1,49
2020-09-15,11480.2,11483.75,11472.15,11483.75,13:20:00,11491.604374056513,1,50
2020-09-15,11489.8,11492.5,11479.95,11480.6,13:25:00,11491.432528908274,1,51
2020-09-15,11487.05,11490.2,11483.45,11490.2,13:30:00,11491.015145202724,1,52
2020-09-15,11497.55,11503.1,11484.75,11486.35,13:35:00,11491.637512326271,1,53
2020-09-15,11490.35,11498.45,11486.5,11497.35,13:40:00,11491.514892104722,1,54
2020-09-15,11489.75,11497.5,11484.45,11490.5,13:45:00,11491.346807142369,1,55
2020-09-15,11498.85,11501.6,11487.05,11489.8,13:50:00,11492.061396938332,1,56
2020-09-15,11492.85,11505.3,11492.85,11499.25,13:55:00,11492.136501991825,1,57
2020-09-15,11518.85,11523.55,11492.5,11492.6,14:00:00,11494.680644659267,1,58
2020-09-15,11511.95,11518.7,11509.2,11518.5,14:05:00,11496.325345167908,1,59
2020-09-15,11517.95,11519.35,11506.55,11511.6,14:10:00,11498.384836104298,1,60
2020-09-15,11516.55,11529.5,11508.8,11517.55,14:15:00,11500.114851713412,1,61
2020-09-15,11507.65,11516.55,11503.55,11516.05,14:20:00,11500.832484883564,1,62
2020-09-15,11527.35,11527.35,11505.1,11507.55,14:25:00,11503.357962513704,1,63
2020-09-15,11523.4,11534.55,11518.3,11526.45,14:30:00,11505.266727988588,1,64
2020-09-15,11525.85,11531.55,11517.15,11523.75,14:35:00,11507.227039608724,1,65
2020-09-15,11511.1,11531.8,11511.1,11526.1,14:40:00,11507.59589297932,1,66
2020-09-15,11522.35,11531.45,11510.85,11510.85,14:45:00,11509.00104602891,1,67
2020-09-15,11520.5,11525.35,11512.7,11523.65,14:50:00,11510.096184502348,1,68
2020-09-15,11525.35,11529.1,11518.95,11520.8,14:55:00,11511.548928835458,1,69
2020-09-15,11520.25,11531.6,11517.7,11525.25,15:00:00,11512.3776022797,1,70
2020-09-15,11523.35,11524.25,11510.4,11519.3,15:05:00,11513.422592538776,1,71
2020-09-15,11520.8,11524.2,11513.6,11522.15,15:10:00,11514.12520277318,1,72
2020-09-15,11524.2,11526.5,11512.85,11519.45,15:15:00,11515.084707270971,1,73
2020-09-15,11524.9,11535.95,11519.95,11523.35,15:20:00,11516.019497054687,1,74
2020-09-15,11531.75,11534.45,11522.2,11525.55,15:25:00,11517.517640192338,1,75
2020-09-16,11541.3,11546.55,11516.75,11533.3,09:15:00,11519.782626840686,2,1
2020-09-16,11534.6,11544.15,11531.75,11540.15,09:20:00,11521.193805236811,2,2
2020-09-16,11530.35,11541.6,11522.8,11534.9,09:25:00,11522.065823785686,2,3
2020-09-16,11531.2,11540.95,11529.6,11529.6,09:30:00,11522.935745329907,2,4
2020-09-16,11537.85,11538.45,11526.8,11532.05,09:35:00,11524.356150536583,2,5
2020-09-16,11538.15,11540.7,11533.15,11538.7,09:40:00,11525.66985048548,2,6
2020-09-16,11549.6,11552.45,11538.3,11539.0,09:45:00,11527.948912344003,2,7
2020-09-16,11545.0,11549.85,11543.1,11548.5,09:50:00,11529.5728254541,2,8
2020-09-16,11551.55,11552.3,11544.15,11544.45,09:55:00,11531.665889696566,2,9
2020-09-16,11549.95,11556.2,11541.05,11550.7,10:00:00,11533.407233534988,2,10
2020-09-16,11545.6,11548.95,11537.85,11548.85,10:05:00,11534.5684493888,2,11
2020-09-16,11544.3,11546.15,11538.45,11545.65,10:10:00,11535.495263732724,2,12
2020-09-16,11546.25,11547.55,11543.5,11544.25,10:15:00,11536.519524329608,2,13
2020-09-16,11546.85,11552.05,11538.3,11546.1,10:20:00,11537.50337915536,2,14
2020-09-16,11553.45,11558.65,11544.75,11546.35,10:25:00,11539.022104950089,2,15
2020-09-16,11558.5,11567.6,11547.3,11552.85,10:30:00,11540.877142573889,2,16
2020-09-16,11560.0,11570.35,11558.6,11558.6,10:35:00,11542.69836709066,2,17
2020-09-16,11556.65,11564.45,11556.5,11560.65,10:40:00,11544.027094034407,2,18
2020-09-16,11559.55,11563.5,11552.85,11557.15,10:45:00,11545.50546603113,2,19
2020-09-16,11554.8,11559.7,11553.7,11558.7,10:50:00,11546.390659742452,2,20
2020-09-16,11556.1,11565.7,11553.65,11555.2,10:55:00,11547.3153588146,2,21
2020-09-16,11556.25,11564.2,11554.45,11555.75,11:00:00,11548.166277022734,2,22
2020-09-16,11555.8,11561.5,11555.05,11556.2,11:05:00,11548.893298258665,2,23
2020-09-16,11540.35,11558.0,11537.4,11556.2,11:10:00,11548.079650805455,2,24
2020-09-16,11550.5,11550.5,11536.65,11540.0,11:15:00,11548.310160252557,2,25
2020-09-16,11548.45,11554.85,11545.85,11550.45,11:20:00,11548.323478323742,2,26
2020-09-16,11555.85,11556.95,11544.05,11548.75,11:25:00,11549.040289911958,2,27
2020-09-16,11556.1,11557.3,11545.85,11555.1,11:30:00,11549.712643253675,2,28
2020-09-16,11550.4,11558.85,11550.15,11556.05,11:35:00,11549.778105800946,2,29
2020-09-16,11542.5,11551.35,11541.05,11551.1,11:40:00,11549.084952867524,2,30
2020-09-16,11533.25,11543.05,11530.35,11543.05,11:45:00,11547.576862118234,2,31
2020-09-16,11524.05,11535.15,11523.75,11533.65,11:50:00,11545.336208583163,2,32
2020-09-16,11537.1,11539.25,11523.8,11524.4,11:55:00,11544.551807765718,2,33
2020-09-16,11531.8,11544.25,11531.8,11537.2,12:00:00,11543.337349883268,2,34
2020-09-16,11536.4,11538.65,11531.95,11532.1,12:05:00,11542.676649894383,2,35
2020-09-16,11546.0,11547.4,11535.8,11536.3,12:10:00,11542.993159428252,2,36
2020-09-16,11552.65,11558.15,11546.4,11546.4,12:15:00,11543.912858530324,2,37
2020-09-16,11554.4,11555.45,11548.6,11552.55,12:20:00,11544.911633908388,2,38
2020-09-16,11551.9,11557.25,11550.9,11554.15,12:25:00,11545.57719258378,2,39
2020-09-16,11559.8,11561.4,11548.1,11552.0,12:30:00,11546.931745671038,2,40
2020-09-16,11545.4,11564.35,11542.8,11560.2,12:35:00,11546.78586513094,2,41
2020-09-16,11557.05,11560.4,11545.05,11545.3,12:40:00,11547.763401785136,2,42
2020-09-16,11570.45,11574.2,11556.1,11556.4,12:45:00,11549.924030186552,2,43
2020-09-16,11577.3,11581.9,11569.7,11569.7,12:50:00,11552.53126540688,2,44
2020-09-16,11573.4,11582.9,11573.4,11577.2,12:55:00,11554.51876393956,2,45
2020-09-16,11573.4,11576.55,11568.4,11573.1,13:00:00,11556.316976897697,2,46
2020-09-16,11569.15,11573.85,11567.4,11573.45,13:05:00,11557.539169574104,2,47
2020-09-16,11563.7,11569.2,11563.7,11569.0,13:10:00,11558.125915328954,2,48
2020-09-16,11561.4,11570.9,11559.85,11563.9,13:15:00,11558.437732916673,2,49
2020-09-16,11567.25,11570.4,11557.9,11561.35,13:20:00,11559.276996448418,2,50
2020-09-16,11558.4,11568.15,11556.05,11567.15,13:25:00,11559.19347297714,2,51
2020-09-16,11559.35,11560.25,11552.55,11558.65,13:30:00,11559.20838031265,2,52
2020-09-16,11567.5,11569.65,11558.5,11558.5,13:35:00,11559.99805837811,2,53
2020-09-16,11581.35,11582.3,11564.35,11567.7,13:40:00,11562.031576627816,2,54
2020-09-16,11583.6,11590.7,11580.05,11581.4,13:45:00,11564.08571218707,2,55
2020-09-16,11582.65,11591.1,11580.75,11585.0,13:50:00,11565.853739597826,2,56
2020-09-16,11574.05,11582.65,11573.1,11582.45,13:55:00,11566.634335826604,2,57
2020-09-16,11580.4,11580.5,11571.65,11574.3,14:00:00,11567.945351462164,2,58
2020-09-16,11578.2,11582.6,11571.5,11580.1,14:05:00,11568.921984656245,2,59
2020-09-16,11590.0,11591.8,11575.35,11578.4,14:10:00,11570.929414688984,2,60
2020-09-16,11594.9,11599.2,11589.0,11589.95,14:15:00,11573.212327575748,2,61
2020-09-16,11588.55,11598.1,11581.25,11595.45,14:20:00,11574.67305828282,2,62
2020-09-16,11596.95,11599.3,11584.55,11588.0,14:25:00,11576.794671779691,2,63
2020-09-16,11597.8,11604.2,11594.7,11596.8,14:30:00,11578.795179229246,2,64
2020-09-16,11588.55,11598.15,11585.05,11598.05,14:35:00,11579.72420977884,2,65
2020-09-16,11601.0,11603.35,11586.85,11588.85,14:40:00,11581.750475514187,2,66
2020-09-16,11597.2,11602.8,11594.7,11601.3,14:45:00,11583.221858798552,2,67
2020-09-16,11606.95,11610.15,11597.0,11597.9,14:50:00,11585.481681770118,2,68
2020-09-16,11612.35,11617.5,11603.3,11607.85,14:55:00,11588.040569220582,2,69
2020-09-16,11606.2,11618.1,11605.0,11612.9,15:00:00,11589.770038818622,2,70
2020-09-16,11610.55,11614.1,11605.45,11605.6,15:05:00,11591.749082740658,2,71
2020-09-16,11601.15,11613.8,11599.8,11611.0,15:10:00,11592.64440819393,2,72
2020-09-16,11608.1,11611.2,11598.95,11599.95,15:15:00,11594.116369318315,2,73
2020-09-16,11596.5,11614.35,11596.05,11608.45,15:20:00,11594.34338176419,2,74
2020-09-16,11600.05,11602.25,11593.9,11596.6,15:25:00,11594.88686921522,2,75
2020-09-17,11557.4,11561.65,11520.5,11524.45,09:15:00,11591.316691194725,3,1
2020-09-17,11553.3,11562.55,11547.45,11559.15,09:20:00,11587.696053938083,3,2
2020-09-17,11559.3,11563.5,11551.15,11553.75,09:25:00,11584.991667848744,3,3
2020-09-17,11566.75,11570.3,11559.5,11559.65,09:30:00,11583.254366148863,3,4
2020-09-17,11568.75,11572.65,11564.45,11567.15,09:35:00,11581.87299794421,3,5
2020-09-17,11571.05,11574.65,11567.5,11568.95,09:40:00,11580.842236235238,3,6
2020-09-17,11574.8,11579.95,11569.1,11571.45,09:45:00,11580.266785165217,3,7
2020-09-17,11578.0,11578.75,11567.9,11574.3,09:50:00,11580.050900863764,3,8
2020-09-17,11567.45,11578.5,11566.0,11577.8,09:55:00,11578.850815067217,3,9
2020-09-17,11566.75,11570.9,11560.4,11567.25,10:00:00,11577.698356489384,3,10
2020-09-17,11570.2,11573.6,11564.5,11566.45,10:05:00,11576.98422729992,3,11
2020-09-17,11568.95,11574.65,11567.3,11571.2,10:10:00,11576.219062795164,3,12
2020-09-17,11566.85,11576.1,11566.4,11568.9,10:15:00,11575.326771100386,3,13
2020-09-17,11567.05,11569.65,11557.5,11567.0,10:20:00,11574.538507186064,3,14
2020-09-17,11573.05,11573.6,11564.75,11567.55,10:25:00,11574.396744596914,3,15
2020-09-17,11575.0,11575.5,11564.45,11573.15,10:30:00,11574.454197492443,3,16
2020-09-17,11577.7,11583.95,11576.15,11576.15,10:35:00,11574.763321540784,3,17
2020-09-17,11578.25,11587.2,11575.95,11579.65,10:40:00,11575.095386155946,3,18
2020-09-17,11572.3,11579.05,11570.1,11578.5,10:45:00,11574.829158903,3,19
2020-09-17,11572.3,11574.25,11567.25,11571.95,10:50:00,11574.588286626524,3,20
2020-09-17,11570.9,11577.85,11570.05,11572.05,10:55:00,11574.23702123352,3,21
2020-09-17,11573.75,11575.05,11568.75,11570.55,11:00:00,11574.1906382589,3,22
2020-09-17,11570.75,11574.9,11568.7,11574.2,11:05:00,11573.86295842472,3,23
2020-09-17,11569.3,11573.05,11567.2,11570.7,11:10:00,11573.4283909557,3,24
2020-09-17,11559.75,11569.35,11555.5,11569.15,11:15:00,11572.125687055155,3,25
2020-09-17,11553.65,11565.3,11553.65,11560.1,11:20:00,11570.36609781181,3,26
2020-09-17,11551.45,11557.85,11551.1,11554.0,11:25:00,11568.564564686876,3,27
2020-09-17,11554.15,11556.2,11545.9,11551.8,11:30:00,11567.191749002412,3,28
2020-09-17,11551.4,11556.0,11551.4,11553.7,11:35:00,11565.687772906944,3,29
2020-09-17,11536.8,11551.2,11536.05,11551.15,11:40:00,11562.936556439616,3,30
2020-09-17,11537.9,11543.35,11533.05,11536.35,11:45:00,11560.552122492983,3,31
2020-09-17,11526.15,11543.6,11526.15,11538.85,11:50:00,11557.275729874606,3,32
2020-09-17,11513.5,11529.85,11511.65,11525.95,11:55:00,11553.10661274369,3,33
2020-09-17,11523.7,11524.5,11505.75,11513.65,12:00:00,11550.305982958576,3,34
2020-09-17,11515.45,11523.9,11512.4,11523.55,12:05:00,11546.98636553395,3,35
2020-09-17,11520.0,11523.0,11512.75,11515.1,12:10:00,11544.4162354831,3,36
2020-09-17,11534.8,11536.75,11520.35,11520.35,12:15:00,11543.500403532327,3,37
2020-09-17,11524.75,11539.2,11522.3,11535.2,12:20:00,11541.714650814964,3,38
2020-09-17,11529.5,11533.2,11524.25,11524.65,12:25:00,11540.551350737347,3,39
2020-09-17,11520.55,11529.35,11519.4,11529.35,12:30:00,11538.646460190932,3,40
2020-09-17,11529.15,11531.3,11513.85,11518.95,12:35:00,11537.742035410844,3,41
2020-09-17,11528.3,11529.55,11520.7,11529.2,12:40:00,11536.842793943144,3,42
2020-09-17,11535.05,11536.8,11527.3,11528.2,12:45:00,11536.672051662845,3,43
2020-09-17,11537.9,11540.85,11532.05,11535.45,12:50:00,11536.788999123526,3,44
2020-09-17,11543.05,11547.5,11537.65,11537.65,12:55:00,11537.385284921284,3,45
2020-09-17,11541.6,11551.3,11537.75,11543.6,13:00:00,11537.786686357354,3,46
2020-09-17,11532.8,11543.5,11532.2,11542.45,13:05:00,11537.31176384713,3,47
2020-09-17,11525.6,11533.85,11523.7,11532.35,13:10:00,11536.19635776645,3,48
2020-09-17,11524.7,11533.0,11523.8,11525.65,13:15:00,11535.1014665506,3,49
2020-09-17,11533.3,11533.9,11523.25,11524.75,13:20:00,11534.929898307684,3,50
2020-09-17,11531.9,11538.35,11531.6,11533.2,13:25:00,11534.641336564096,3,51
2020-09-17,11536.5,11540.65,11532.75,11532.75,13:30:00,11534.81835212942,3,52
2020-09-17,11537.2,11544.0,11536.1,11537.3,13:35:00,11535.04517573614,3,53
2020-09-17,11525.25,11538.75,11524.85,11537.45,13:40:00,11534.112301856509,3,54
2020-09-17,11529.0,11530.85,11523.05,11525.1,13:45:00,11533.625415965413,3,55
2020-09-17,11535.4,11538.0,11525.45,11528.9,13:50:00,11533.794423968708,3,56
2020-09-17,11537.05,11539.4,11533.85,11533.85,13:55:00,11534.10447882883,3,57
2020-09-17,11533.7,11545.3,11529.7,11536.6,14:00:00,11534.06595703561,3,58
2020-09-17,11528.95,11534.8,11527.6,11533.95,14:05:00,11533.578723032218,3,59
2020-09-17,11532.0,11535.1,11528.05,11528.05,14:10:00,11533.42836845772,3,60
2020-09-17,11540.6,11545.35,11528.7,11531.95,14:15:00,11534.111380985556,3,61
2020-09-17,11548.15,11552.5,11538.1,11541.05,14:20:00,11535.448392320264,3,62
2020-09-17,11551.9,11555.95,11546.9,11546.9,14:25:00,11537.015212099286,3,63
2020-09-17,11555.35,11556.8,11548.25,11551.4,14:30:00,11538.761382375544,3,64
2020-09-17,11548.05,11561.45,11546.25,11555.05,14:35:00,11539.646012625491,3,65
2020-09-17,11540.95,11551.0,11540.95,11545.85,14:40:00,11539.770201899257,3,66
2020-09-17,11518.95,11542.75,11514.95,11540.35,14:45:00,11537.787325527896,3,67
2020-09-17,11523.25,11524.55,11515.45,11519.35,14:50:00,11536.402818334764,3,68
2020-09-17,11511.05,11522.9,11510.0,11522.9,14:55:00,11533.988264207645,3,69
2020-09-17,11515.9,11520.8,11498.5,11511.7,15:00:00,11532.265572378345,3,70
2020-09-17,11521.65,11523.8,11513.65,11516.9,15:05:00,11531.254565485167,3,71
2020-09-17,11523.15,11524.4,11505.95,11521.3,15:10:00,11530.482702105626,3,72
2020-09-17,11524.9,11526.7,11516.25,11522.85,15:15:00,11529.951016190806,3,73
2020-09-17,11514.65,11525.4,11507.35,11524.7,15:20:00,11528.493776553583,3,74
2020-09-17,11519.25,11521.5,11513.1,11515.5,15:25:00,11527.613416881812,3,75
2020-09-18,11566.45,11581.45,11559.4,11572.2,09:15:00,11531.312139083544,4,1
2020-09-18,11568.75,11577.0,11564.5,11566.65,09:20:00,11534.877649647016,4,2
2020-09-18,11558.35,11568.5,11554.4,11568.05,09:25:00,11537.113111585397,4,3
2020-09-18,11562.8,11563.95,11550.9,11558.8,09:30:00,11539.559481910595,4,4
2020-09-18,11568.2,11569.55,11554.9,11562.85,09:35:00,11542.287150300062,4,5
2020-09-18,11569.05,11570.75,11564.95,11568.85,09:40:00,11544.835993128629,4,6
2020-09-18,11579.45,11581.25,11568.5,11569.1,09:45:00,11548.132565211616,4,7
2020-09-18,11571.45,11579.9,11567.7,11579.35,09:50:00,11550.3532732867,4,8
2020-09-18,11567.15,11571.4,11563.7,11571.4,09:55:00,11551.95296154511,4,9
2020-09-18,11577.45,11580.2,11564.25,11567.05,10:00:00,11554.381250921766,4,10
2020-09-18,11573.9,11578.65,11572.15,11577.0,10:05:00,11556.240179405408,4,11
2020-09-18,11565.0,11575.2,11565.0,11574.2,10:10:00,11557.074448033463,4,12
2020-09-18,11557.15,11565.3,11552.8,11565.05,10:15:00,11557.081643458849,4,13
2020-09-18,11555.75,11560.35,11550.5,11557.1,10:20:00,11556.954820272287,4,14
2020-09-18,11558.3,11558.55,11548.0,11555.3,10:25:00,11557.082932627309,4,15
2020-09-18,11557.65,11561.35,11555.8,11558.1,10:30:00,11557.136939043756,4,16
2020-09-18,11549.45,11557.9,11549.4,11557.5,10:35:00,11556.404849611015,4,17
2020-09-18,11543.9,11550.15,11542.4,11549.3,10:40:00,11555.213911552824,4,18
2020-09-18,11538.75,11547.25,11538.35,11544.15,10:45:00,11553.645919976365,4,19
2020-09-18,11548.6,11551.15,11537.55,11538.15,10:50:00,11553.165356169093,4,20
2020-09-18,11556.8,11557.35,11548.65,11548.75,10:55:00,11553.511512724415,4,21
2020-09-18,11552.5,11559.65,11551.7,11557.7,11:00:00,11553.415178179235,4,22
2020-09-18,11552.05,11553.15,11546.4,11552.7,11:05:00,11553.285161209784,4,23
2020-09-18,11546.1,11552.0,11541.65,11551.5,11:10:00,11552.600860142184,4,24
2020-09-18,11547.1,11548.9,11540.6,11546.15,11:15:00,11552.076968700074,4,25
2020-09-18,11554.5,11556.0,11544.45,11547.0,11:20:00,11552.30773358578,4,26
2020-09-18,11551.2,11554.65,11549.6,11554.65,11:25:00,11552.20223514904,4,27
2020-09-18,11561.95,11563.25,11551.85,11552.5,11:30:00,11553.130593706272,4,28
2020-09-18,11560.65,11565.8,11557.1,11561.85,11:35:00,11553.84672763901,4,29
2020-09-18,11565.5,11569.6,11560.5,11561.3,11:40:00,11554.95656310196,4,30
2020-09-18,11557.95,11570.9,11557.3,11566.05,11:45:00,11555.241652330344,4,31
2020-09-18,11556.45,11563.4,11556.35,11557.45,11:50:00,11555.35673306079,4,32
2020-09-18,11561.65,11565.35,11555.8,11556.1,11:55:00,11555.956091816905,4,33
2020-09-18,11562.8,11564.3,11557.85,11561.95,12:00:00,11556.607892596248,4,34
2020-09-18,11561.3,11565.6,11557.0,11562.0,12:05:00,11557.054759968036,4,35
2020-09-18,11557.85,11564.7,11557.1,11562.0,12:10:00,11557.130497113938,4,36
2020-09-18,11563.6,11569.65,11557.65,11558.0,12:15:00,11557.746640245943,4,37
2020-09-18,11563.9,11566.9,11562.35,11563.65,12:20:00,11558.332674508234,4,38
2020-09-18,11563.7,11564.95,11558.1,11564.6,12:25:00,11558.843848364591,4,39
2020-09-18,11560.0,11566.0,11559.0,11563.6,12:30:00,11558.953958044154,4,40
2020-09-18,11557.15,11564.0,11556.15,11560.4,12:35:00,11558.782152516138,4,41
2020-09-18,11550.65,11558.2,11550.6,11557.0,12:40:00,11558.007661800317,4,42
2020-09-18,11554.1,11557.4,11546.2,11550.35,12:45:00,11557.635503533618,4,43
2020-09-18,11561.25,11562.75,11554.4,11554.45,12:50:00,11557.979741292322,4,44
2020-09-18,11554.75,11562.3,11554.5,11561.1,12:55:00,11557.67214688353,4,45
2020-09-18,11553.7,11557.75,11550.8,11554.8,13:00:00,11557.293847180335,4,46
2020-09-18,11557.75,11561.05,11550.7,11553.75,13:05:00,11557.33729030602,4,47
2020-09-18,11560.35,11563.05,11556.25,11557.85,13:10:00,11557.62421503878,4,48
2020-09-18,11547.05,11563.3,11543.85,11560.4,13:15:00,11556.617146939849,4,49
2020-09-18,11545.75,11548.45,11543.2,11547.25,13:20:00,11555.582180564625,4,50
2020-09-18,11548.6,11550.75,11539.55,11546.05,13:25:00,11554.91721098704,4,51
2020-09-18,11544.4,11550.7,11541.95,11548.65,13:30:00,11553.91557184542,4,52
2020-09-18,11550.5,11552.65,11544.15,11545.1,13:35:00,11553.590279288712,4,53
2020-09-18,11564.1,11567.15,11549.8,11551.25,13:40:00,11554.59120507074,4,54
2020-09-18,11573.5,11578.75,11563.8,11563.8,13:45:00,11556.39204268305,4,55
2020-09-18,11567.75,11575.9,11567.05,11573.7,13:50:00,11557.473752903712,4,56
2020-09-18,11564.45,11569.3,11561.95,11568.05,13:55:00,11558.138157389072,4,57
2020-09-18,11572.5,11575.7,11563.9,11563.9,14:00:00,11559.505951923446,4,58
2020-09-18,11571.75,11575.0,11567.85,11572.75,14:05:00,11560.67205174026,4,59
2020-09-18,11568.4,11572.6,11567.1,11571.55,14:10:00,11561.408046812618,4,60
2020-09-18,11557.4,11568.6,11555.75,11568.6,14:15:00,11561.02632806856,4,61
2020-09-18,11491.85,11556.6,11488.7,11556.4,14:20:00,11554.438106347745,4,62
2020-09-18,11503.7,11504.1,11463.1,11489.65,14:25:00,11549.605905743198,4,63
2020-09-18,11464.95,11502.5,11464.95,11502.3,14:30:00,11541.54343852956,4,64
2020-09-18,11471.7,11478.35,11446.1,11464.9,14:35:00,11534.891682479123,4,65
2020-09-18,11479.8,11479.8,11464.85,11472.7,14:40:00,11529.644855576353,4,66
2020-09-18,11493.6,11499.65,11476.5,11479.3,14:45:00,11526.212012188127,4,67
2020-09-18,11502.8,11502.8,11482.5,11492.4,14:50:00,11523.98229674164,4,68
2020-09-18,11510.2,11518.2,11499.1,11502.75,14:55:00,11522.66969705196,4,69
2020-09-18,11489.2,11509.5,11482.85,11509.5,15:00:00,11519.482106856536,4,70
2020-09-18,11512.85,11517.75,11488.9,11489.5,15:05:00,11518.850477632104,4,71
2020-09-18,11508.4,11519.75,11506.1,11513.0,15:10:00,11517.855194048094,4,72
2020-09-18,11513.7,11513.7,11499.4,11508.75,15:15:00,11517.459461281607,4,73
2020-09-18,11508.5,11513.55,11498.65,11513.55,15:20:00,11516.606179254788,4,74
2020-09-18,11516.8,11517.95,11507.45,11508.65,15:25:00,11516.62463837338,4,75
2020-09-21,11505.0,11528.15,11492.15,11504.75,09:15:00,11515.517529956867,0,1
2020-09-21,11525.2,11525.45,11497.95,11504.65,09:20:00,11516.439669960975,0,2
2020-09-21,11519.15,11529.25,11507.5,11525.7,09:25:00,11516.697796631355,0,3
2020-09-21,11523.6,11527.7,11513.4,11518.55,09:30:00,11517.355149333132,0,4
2020-09-21,11514.0,11530.9,11511.25,11524.8,09:35:00,11517.035611301406,0,5
2020-09-21,11499.95,11513.85,11499.95,11513.3,09:40:00,11515.408410225082,0,6
2020-09-21,11496.9,11505.85,11491.3,11500.7,09:45:00,11513.64570448936,0,7
2020-09-21,11501.0,11512.1,11497.15,11497.15,09:50:00,11512.44135168085,0,8
2020-09-21,11493.75,11500.95,11490.65,11500.3,09:55:00,11510.66122294934,0,9
2020-09-21,11501.15,11501.15,11486.0,11492.85,10:00:00,11509.75539219226,0,10
2020-09-21,11491.25,11502.75,11490.45,11501.2,10:05:00,11507.992973888237,0,11
2020-09-21,11488.45,11492.65,11478.0,11491.3,10:10:00,11506.131738279832,0,12
2020-09-21,11484.55,11489.7,11477.15,11488.85,10:15:00,11504.076334634135,0,13
2020-09-21,11513.75,11517.55,11484.1,11485.0,10:20:00,11504.99763609755,0,14
2020-09-21,11527.55,11535.25,11514.6,11515.5,10:25:00,11507.145480278736,0,15
2020-09-21,11523.95,11530.45,11512.8,11526.85,10:30:00,11508.74591072838,0,16
2020-09-21,11519.4,11527.2,11515.55,11523.9,10:35:00,11509.760585897106,0,17
2020-09-21,11510.85,11521.8,11510.2,11518.65,10:40:00,11509.86433962119,0,18
2020-09-21,11513.3,11514.5,11505.8,11510.15,10:45:00,11510.191545371554,0,19
2020-09-21,11505.7,11523.0,11499.45,11512.9,10:50:00,11509.763779145693,0,20
2020-09-21,11501.15,11505.7,11499.05,11504.75,10:55:00,11508.943419227056,0,21
2020-09-21,11485.75,11503.4,11484.3,11499.2,11:00:00,11506.73452215781,0,22
2020-09-21,11492.35,11495.65,11485.8,11486.35,11:05:00,11505.364567666593,0,23
2020-09-21,11483.25,11496.45,11483.25,11492.7,11:10:00,11503.25841836501,0,24
2020-09-21,11492.9,11492.95,11482.5,11484.3,11:15:00,11502.271902330249,0,25
2020-09-21,11494.95,11500.95,11488.5,11491.6,11:20:00,11501.574578298796,0,26
2020-09-21,11488.7,11495.0,11483.0,11494.35,11:25:00,11500.348427984623,0,27
2020-09-21,11486.95,11495.85,11484.8,11488.35,11:30:00,11499.072387224183,0,28
2020-09-21,11497.45,11499.2,11483.85,11487.15,11:35:00,11498.917874155217,0,29
2020-09-21,11504.85,11505.1,11496.75,11497.4,11:40:00,11499.482838521386,0,30
2020-09-21,11510.2,11511.8,11499.85,11505.2,11:45:00,11500.503520566968,0,31
2020-09-21,11499.45,11513.15,11496.6,11510.55,11:50:00,11500.403185274878,0,32
2020-09-21,11496.2,11500.65,11491.4,11500.65,11:55:00,11500.002881915363,0,33
2020-09-21,11492.3,11496.05,11484.5,11496.05,12:00:00,11499.269274113902,0,34
2020-09-21,11493.4,11496.3,11488.85,11492.25,12:05:00,11498.710295626865,0,35
2020-09-21,11500.15,11501.4,11492.5,11493.05,12:10:00,11498.847410329068,0,36
2020-09-21,11497.45,11502.1,11494.3,11500.6,12:15:00,11498.714323631062,0,37
2020-09-21,11507.3,11508.5,11493.1,11495.9,12:20:00,11499.53200709477,0,38
2020-09-21,11509.9,11512.95,11504.9,11506.75,12:25:00,11500.519434990503,0,39
2020-09-21,11495.25,11510.65,11494.3,11509.35,12:30:00,11500.017584039027,0,40
2020-09-21,11478.75,11495.0,11471.55,11495.0,12:35:00,11497.992099844834,0,41
2020-09-21,11467.95,11477.05,11456.45,11476.2,12:40:00,11495.13094747866,0,42
2020-09-21,11477.35,11481.3,11462.55,11468.05,12:45:00,11493.437523909266,0,43
2020-09-21,11467.65,11477.9,11467.1,11476.95,12:50:00,11490.98156925124,0,44
2020-09-21,11470.55,11475.75,11464.0,11466.45,12:55:00,11489.035705513026,0,45
2020-09-21,11456.15,11474.35,11454.35,11469.9,13:00:00,11485.903733559404,0,46
2020-09-21,11450.0,11458.15,11442.8,11455.95,13:05:00,11482.484330363272,0,47
2020-09-21,11448.65,11460.75,11448.35,11450.55,13:10:00,11479.262013185818,0,48
2020-09-21,11436.8,11448.7,11432.15,11448.0,13:15:00,11475.218011930026,0,49
2020-09-21,11429.15,11436.45,11419.7,11436.3,13:20:00,11470.830582222405,0,50
2020-09-21,11432.35,11440.55,11425.65,11428.7,13:25:00,11467.16576486789,0,51
2020-09-21,11429.75,11440.55,11423.9,11432.15,13:30:00,11463.602358689996,0,52
2020-09-21,11415.85,11435.25,11410.4,11429.7,13:35:00,11459.054515005237,0,53
2020-09-21,11407.35,11414.9,11403.45,11414.9,13:40:00,11454.130275480926,0,54
2020-09-21,11394.3,11408.15,11386.0,11407.15,13:45:00,11448.432154006552,0,55
2020-09-21,11396.85,11404.35,11390.7,11394.45,13:50:00,11443.51956791069,0,56
2020-09-21,11392.8,11407.85,11388.05,11396.25,13:55:00,11438.689132871576,0,57
2020-09-21,11375.1,11394.7,11368.7,11394.7,14:00:00,11432.633024979044,0,58
2020-09-21,11348.85,11382.75,11344.95,11375.25,14:05:00,11424.653689266755,0,59
2020-09-21,11318.15,11349.2,11303.75,11348.35,14:10:00,11414.51048076516,0,60
2020-09-21,11294.9,11320.4,11252.6,11319.45,14:15:00,11403.119006406572,0,61
2020-09-21,11296.1,11306.15,11275.25,11294.3,14:20:00,11392.926720082138,0,62
2020-09-21,11303.7,11306.1,11283.3,11295.75,14:25:00,11384.428937217172,0,63
2020-09-21,11266.9,11303.4,11261.5,11303.4,14:30:00,11373.23570510125,0,64
2020-09-21,11276.2,11280.1,11258.95,11266.85,14:35:00,11363.99420937732,0,65
2020-09-21,11315.75,11316.85,11277.8,11278.3,14:40:00,11359.399522769956,0,66
2020-09-21,11298.4,11317.55,11295.65,11314.5,14:45:00,11353.590044410912,0,67
2020-09-21,11293.35,11304.55,11283.7,11297.7,14:50:00,11347.85289732416,0,68
2020-09-21,11288.8,11302.4,11282.45,11293.95,14:55:00,11342.228811864716,0,69
2020-09-21,11264.1,11290.6,11263.65,11288.5,15:00:00,11334.787972639504,0,70
2020-09-21,11265.45,11271.25,11249.6,11262.2,15:05:00,11328.184356197646,0,71
2020-09-21,11261.85,11271.35,11252.55,11266.75,15:10:00,11321.866798464536,0,72
2020-09-21,11247.0,11265.5,11241.45,11263.7,15:15:00,11314.7366271822,0,73
2020-09-21,11234.9,11247.95,11226.85,11247.95,15:20:00,11307.133138879131,0,74
2020-09-21,11222.2,11238.15,11218.5,11235.15,15:25:00,11299.044268509691,0,75
2020-09-22,11267.95,11290.25,11226.95,11283.8,09:15:00,11296.082909604009,1,1
2020-09-22,11210.3,11272.55,11209.2,11271.85,09:20:00,11287.91310868934,1,2
2020-09-22,11187.7,11213.55,11178.55,11209.15,09:25:00,11278.36900309988,1,3
2020-09-22,11137.3,11184.85,11133.15,11183.1,09:30:00,11264.933859947509,1,4
2020-09-22,11145.6,11172.85,11138.0,11139.2,09:35:00,11253.568730428698,1,5
2020-09-22,11157.8,11164.35,11140.95,11144.2,09:40:00,11244.4478989593,1,6
2020-09-22,11096.2,11157.45,11089.5,11157.2,09:45:00,11230.329051439365,1,7
2020-09-22,11118.4,11122.2,11084.65,11094.4,09:50:00,11219.669141778471,1,8
2020-09-22,11124.6,11129.9,11100.85,11120.65,09:55:00,11210.614937799572,1,9
2020-09-22,11159.85,11160.85,11121.4,11124.25,10:00:00,11205.78018181866,1,10
2020-09-22,11161.8,11190.45,11150.2,11157.75,10:05:00,11201.591593074025,1,11
2020-09-22,11159.75,11167.85,11136.0,11160.65,10:10:00,11197.606679447928,1,12
2020-09-22,11160.3,11171.85,11148.85,11156.7,10:15:00,11194.05366235765,1,13
2020-09-22,11177.85,11179.4,11160.8,11161.4,10:20:00,11192.510456418826,1,14
2020-09-22,11205.3,11205.95,11174.8,11176.9,10:25:00,11193.72850818846,1,15
2020-09-22,11179.1,11206.45,11174.1,11205.15,10:30:00,11192.335316932416,1,16
2020-09-22,11170.0,11179.6,11155.1,11179.6,10:35:00,11190.208143891236,1,17
2020-09-22,11185.35,11188.5,11165.2,11169.75,10:40:00,11189.74546352064,1,18
2020-09-22,11168.05,11185.35,11164.7,11184.8,10:45:00,11187.679228899628,1,19
2020-09-22,11166.45,11176.1,11156.8,11168.2,10:50:00,11185.657397575857,1,20
2020-09-22,11155.1,11171.15,11152.9,11166.4,10:55:00,11182.747169235296,1,21
2020-09-22,11153.2,11160.1,11146.0,11153.15,11:00:00,11179.93315311765,1,22
2020-09-22,11149.15,11165.5,11148.15,11152.5,11:05:00,11177.001424249302,1,23
2020-09-22,11137.3,11157.25,11129.7,11148.45,11:10:00,11173.220336225557,1,24
2020-09-22,11138.55,11145.4,11124.9,11136.85,11:15:00,11169.91839944217,1,25
2020-09-22,11146.45,11150.6,11136.85,11138.1,11:20:00,11167.68331378101,1,26
2020-09-22,11151.4,11155.05,11141.4,11146.1,11:25:00,11166.132521992342,1,27
2020-09-22,11173.4,11177.7,11150.65,11150.65,11:30:00,11166.824662754976,1,28
2020-09-22,11162.55,11175.0,11159.55,11174.55,11:35:00,11166.417552016408,1,29
2020-09-22,11176.1,11177.7,11159.85,11162.5,11:40:00,11167.339689919609,1,30
2020-09-22,11173.05,11182.65,11162.25,11176.55,11:45:00,11167.883528974882,1,31
2020-09-22,11167.4,11172.4,11152.9,11172.35,11:50:00,11167.83747859632,1,32
2020-09-22,11180.95,11183.5,11165.75,11166.85,11:55:00,11169.086290158575,1,33
2020-09-22,11180.95,11195.0,11178.1,11180.45,12:00:00,11170.216167286331,1,34
2020-09-22,11176.8,11186.05,11174.4,11180.8,12:05:00,11170.843198973347,1,35
2020-09-22,11169.9,11183.5,11169.75,11176.35,12:10:00,11170.753370499697,1,36
2020-09-22,11161.8,11176.1,11160.0,11169.7,12:15:00,11169.900668547343,1,37
2020-09-22,11150.3,11167.55,11145.75,11161.4,12:20:00,11168.0339382095,1,38
2020-09-22,11164.0,11166.95,11145.8,11150.4,12:25:00,11167.64975361812,1,39
2020-09-22,11186.75,11195.05,11161.25,11163.65,12:30:00,11169.468824702108,1,40
2020-09-22,11202.75,11202.75,11185.9,11186.6,12:35:00,11172.638460444765,1,41
2020-09-22,11194.65,11214.2,11190.15,11202.5,12:40:00,11174.73479754526,1,42
2020-09-22,11187.55,11194.9,11179.8,11194.3,12:45:00,11175.95529301714,1,43
2020-09-22,11205.4,11210.25,11187.15,11187.9,12:50:00,11178.759550825032,1,44
2020-09-22,11211.35,11218.05,11195.85,11203.8,12:55:00,11181.86340312741,1,45
2020-09-22,11204.95,11225.3,11196.35,11211.05,13:00:00,11184.062126639086,1,46
2020-09-22,11195.4,11204.7,11185.05,11202.7,13:05:00,11185.14192410203,1,47
2020-09-22,11188.0,11201.5,11185.05,11195.75,13:10:00,11185.414121806598,1,48
2020-09-22,11190.4,11194.95,11176.6,11187.95,13:15:00,11185.888967348828,1,49
2020-09-22,11193.65,11201.0,11187.7,11190.15,13:20:00,11186.628113315604,1,50
2020-09-22,11199.75,11209.2,11193.0,11194.15,13:25:00,11187.877816809356,1,51
2020-09-22,11223.2,11226.3,11199.4,11199.4,13:30:00,11191.241834256083,1,52
2020-09-22,11234.6,11240.4,11220.35,11221.3,13:35:00,11195.371183374553,1,53
2020-09-22,11225.95,11234.85,11215.25,11233.6,13:40:00,11198.283451624597,1,54
2020-09-22,11235.95,11250.45,11224.45,11226.7,13:45:00,11201.870741946062,1,55
2020-09-22,11211.4,11236.2,11205.85,11235.5,13:50:00,11202.778290332151,1,56
2020-09-22,11184.45,11210.95,11164.7,11210.95,13:55:00,11201.032738871943,1,57
2020-09-22,11177.45,11189.3,11166.15,11183.3,14:00:00,11198.786763741284,1,58
2020-09-22,11173.2,11183.75,11164.95,11176.35,14:05:00,11196.349929099257,1,59
2020-09-22,11147.6,11175.85,11145.95,11172.35,14:10:00,11191.70707870885,1,60
2020-09-22,11134.95,11156.95,11132.35,11146.65,14:15:00,11186.30164264134,1,61
2020-09-22,11158.75,11168.05,11125.4,11134.15,14:20:00,11183.6776766755,1,62
2020-09-22,11144.8,11169.0,11128.9,11159.0,14:25:00,11179.975040801644,1,63
2020-09-22,11149.7,11154.05,11142.8,11144.55,14:30:00,11177.09170358244,1,64
2020-09-22,11128.25,11155.3,11117.2,11149.35,14:35:00,11172.440112765064,1,65
2020-09-22,11137.4,11146.4,11128.3,11129.2,14:40:00,11169.102959168393,1,66
2020-09-22,11151.2,11166.4,11138.45,11139.3,14:45:00,11167.397915438069,1,67
2020-09-22,11158.2,11158.85,11142.7,11151.4,14:50:00,11166.521923491586,1,68
2020-09-22,11127.95,11158.65,11127.2,11158.4,14:55:00,11162.848406968576,1,69
2020-09-22,11136.8,11144.1,11122.1,11127.8,15:00:00,11160.367606304902,1,70
2020-09-22,11142.75,11148.95,11133.55,11136.95,15:05:00,11158.689739037767,1,71
2020-09-22,11161.5,11163.8,11143.4,11143.4,15:10:00,11158.957382938934,1,72
2020-09-22,11157.05,11164.15,11148.0,11162.2,15:15:00,11158.77572742094,1,73
2020-09-22,11170.35,11173.45,11155.2,11157.25,15:20:00,11159.878039095136,1,74
2020-09-22,11174.0,11176.8,11168.85,11170.95,15:25:00,11161.222987752742,1,75
2020-09-23,11251.3,11254.2,11217.65,11236.25,09:15:00,11177.56348884068,2,1
2020-09-23,11231.8,11259.55,11227.3,11250.7,09:20:00,11182.728870855855,2,2
2020-09-23,11233.45,11246.45,11223.2,11231.75,09:25:00,11187.55945458387,2,3
2020-09-23,11204.7,11233.0,11200.75,11232.95,09:30:00,11189.191887480643,2,4
2020-09-23,11214.25,11226.85,11202.05,11202.65,09:35:00,11191.57837438725,2,5
2020-09-23,11220.3,11228.5,11210.65,11213.15,09:40:00,11194.31376730275,2,6
2020-09-23,11198.85,11221.65,11195.8,11221.0,09:45:00,11194.745789464392,2,7
2020-09-23,11211.4,11212.8,11194.75,11197.55,09:50:00,11196.331904753495,2,8
2020-09-23,11194.85,11211.55,11193.65,11211.3,09:55:00,11196.190770967449,2,9
2020-09-23,11208.05,11208.9,11184.6,11195.6,10:00:00,11197.3202213515,2,10
2020-09-23,11205.5,11217.65,11202.1,11208.5,10:05:00,11198.099247889451,2,11
2020-09-23,11195.8,11207.95,11193.9,11205.9,10:10:00,11197.88027189998,2,12
2020-09-23,11208.85,11213.95,11195.05,11195.85,10:15:00,11198.925007909504,2,13
2020-09-23,11219.6,11224.45,11207.8,11208.9,10:20:00,11200.894054775266,2,14
2020-09-23,11221.8,11224.4,11213.65,11220.45,10:25:00,11202.885097177625,2,15
2020-09-23,11228.75,11231.55,11221.65,11221.65,10:30:00,11205.348421255943,2,16
2020-09-23,11219.15,11236.2,11219.15,11228.9,10:35:00,11206.662857326806,2,17
2020-09-23,11225.35,11227.7,11216.2,11219.05,10:40:00,11208.442585200444,2,18
2020-09-23,11220.3,11226.05,11217.4,11226.05,10:45:00,11209.571862800402,2,19
2020-09-23,11232.75,11232.85,11221.0,11221.1,10:50:00,11211.779304438458,2,20
2020-09-23,11228.45,11235.6,11226.4,11233.0,10:55:00,11213.366989730031,2,21
2020-09-23,11217.8,11228.15,11214.6,11228.15,11:00:00,11213.789181184316,2,22
2020-09-23,11224.05,11228.55,11212.2,11218.45,11:05:00,11214.766402023906,2,23
2020-09-23,11222.8,11225.3,11215.9,11224.9,11:10:00,11215.53150659306,2,24
2020-09-23,11213.5,11225.25,11213.1,11222.6,11:15:00,11215.338029774672,2,25
2020-09-23,11212.85,11218.0,11206.75,11213.25,11:20:00,11215.101074558035,2,26
2020-09-23,11221.4,11221.4,11212.75,11212.95,11:25:00,11215.700972219178,2,27
2020-09-23,11215.15,11225.65,11214.4,11221.65,11:30:00,11215.648498674494,2,28
2020-09-23,11211.65,11223.2,11211.05,11215.7,11:35:00,11215.267689276923,2,29
2020-09-23,11209.3,11215.95,11205.05,11211.5,11:40:00,11214.699337917216,2,30
2020-09-23,11212.4,11214.95,11204.15,11209.5,11:45:00,11214.480353353672,2,31
2020-09-23,11200.1,11212.9,11198.8,11212.9,11:50:00,11213.110795891418,2,32
2020-09-23,11190.45,11199.45,11187.3,11199.1,11:55:00,11210.95262485414,2,33
2020-09-23,11163.15,11190.7,11143.65,11190.7,12:00:00,11206.399993915653,2,34
2020-09-23,11156.75,11162.65,11140.8,11162.65,12:05:00,11201.67142306654,2,35
2020-09-23,11138.75,11157.85,11137.2,11156.8,12:10:00,11195.678906584011,2,36
2020-09-23,11155.8,11155.8,11125.35,11137.15,12:15:00,11191.880915480777,2,37
2020-09-23,11145.2,11161.05,11141.9,11155.2,12:20:00,11187.435114006415,2,38
2020-09-23,11156.75,11165.55,11144.8,11145.0,12:25:00,11184.51272219628,2,39
2020-09-23,11157.1,11166.6,11147.15,11156.65,12:30:00,11181.901986749015,2,40
2020-09-23,11145.2,11157.85,11145.2,11157.05,12:35:00,11178.406559439583,2,41
2020-09-23,11118.15,11145.25,11107.4,11145.25,12:40:00,11172.66783949296,2,42
2020-09-23,11097.35,11118.2,11084.65,11118.2,12:45:00,11165.4947119222,2,43
2020-09-23,11096.5,11101.55,11079.15,11097.25,12:50:00,11158.92378697723,2,44
2020-09-23,11097.35,11111.65,11093.4,11096.4,12:55:00,11153.059616788922,2,45
2020-09-23,11112.45,11124.35,11097.45,11097.45,13:00:00,11149.192034237596,2,46
2020-09-23,11122.65,11125.65,11107.85,11113.4,13:05:00,11146.664221453062,2,47
2020-09-23,11127.55,11138.3,11120.4,11122.2,13:10:00,11144.843819409913,2,48
2020-09-23,11121.95,11137.95,11119.45,11128.4,13:15:00,11142.663455656588,2,49
2020-09-23,11110.25,11132.05,11109.95,11123.05,13:20:00,11139.57645987977,2,50
2020-09-23,11103.5,11115.05,11095.7,11111.35,13:25:00,11136.140606557889,2,51
2020-09-23,11109.4,11117.3,11096.65,11102.95,13:30:00,11133.593882123803,2,52
2020-09-23,11105.7,11114.65,11105.25,11109.75,13:35:00,11130.937321921538,2,53
2020-09-23,11063.0,11104.05,11056.8,11103.5,13:40:00,11124.467100786153,2,54
2020-09-23,11065.4,11077.35,11053.3,11062.25,13:45:00,11118.841662616043,2,55
2020-09-23,11034.0,11066.15,11029.25,11064.95,13:50:00,11110.76150427166,2,56
2020-09-23,11049.7,11052.25,11024.4,11033.15,13:55:00,11104.946122912454,2,57
2020-09-23,11042.8,11066.6,11035.1,11049.65,14:00:00,11099.02744453984,2,58
2020-09-23,11041.45,11042.65,11030.2,11042.45,14:05:00,11093.54387839319,2,59
2020-09-23,11054.95,11063.25,11036.0,11040.9,14:10:00,11089.868270927172,2,60
2020-09-23,11044.9,11069.7,11044.9,11055.35,14:15:00,11085.585578457918,2,61
2020-09-23,11064.5,11065.15,11044.0,11044.0,14:20:00,11083.577428128592,2,62
2020-09-23,11096.95,11108.55,11064.8,11064.8,14:25:00,11084.85100640206,2,63
2020-09-23,11110.65,11123.7,11083.15,11096.5,14:30:00,11087.308053411389,2,64
2020-09-23,11095.0,11120.6,11090.7,11110.2,14:35:00,11088.04061975316,2,65
2020-09-23,11090.8,11095.35,11076.4,11094.05,14:40:00,11088.303417871906,2,66
2020-09-23,11108.3,11110.55,11090.75,11090.75,14:45:00,11090.207854265058,2,67
2020-09-23,11120.9,11131.4,11108.05,11109.45,14:50:00,11093.130915763624,2,68
2020-09-23,11124.2,11134.7,11120.65,11121.2,14:55:00,11096.089876167089,2,69
2020-09-23,11119.2,11135.15,11106.9,11124.5,15:00:00,11098.290840341651,2,70
2020-09-23,11145.65,11145.65,11118.85,11118.95,15:05:00,11102.80123649959,2,71
2020-09-23,11135.25,11150.2,11132.3,11145.8,15:10:00,11105.8915949282,2,72
2020-09-23,11132.1,11137.65,11125.5,11134.65,15:15:00,11108.387633506469,2,73
2020-09-23,11131.8,11140.8,11122.15,11131.65,15:20:00,11110.617382696326,2,74
2020-09-23,11134.0,11135.9,11129.0,11131.55,15:25:00,11112.844298630009,2,75
2020-09-24,10987.95,11009.35,10981.1,11003.3,09:15:00,11100.94960352239,3,1
2020-09-24,10960.95,10992.4,10951.8,10988.1,09:20:00,11087.616307948829,3,2
2020-09-24,10971.3,10979.65,10961.9,10962.2,09:25:00,11076.538564334654,3,3
2020-09-24,10990.5,10990.5,10964.95,10971.25,09:30:00,11068.344415350402,3,4
2020-09-24,10986.7,10997.5,10978.35,10990.3,09:35:00,11060.568756745604,3,5
2020-09-24,10996.25,11004.35,10985.1,10986.5,09:40:00,11054.443160865068,3,6
2020-09-24,11007.4,11011.15,10989.5,10996.95,09:45:00,11049.9628598303,3,7
2020-09-24,11003.45,11014.15,11000.95,11008.2,09:50:00,11045.533063655985,3,8
2020-09-24,10983.45,11003.85,10983.45,11003.7,09:55:00,11039.620390926842,3,9
2020-09-24,10971.6,10984.8,10971.6,10983.1,10:00:00,11033.14225845762,3,10
2020-09-24,10969.4,10982.85,10969.35,10971.1,10:05:00,11027.071567175944,3,11
2020-09-24,10975.3,10975.45,10957.55,10970.3,10:10:00,11022.140941730617,3,12
2020-09-24,10971.6,10979.3,10967.95,10974.7,10:15:00,11017.327518708653,3,13
2020-09-24,10954.4,10974.45,10953.6,10971.65,10:20:00,11011.33442168878,3,14
2020-09-24,10945.3,10960.15,10935.0,10953.95,10:25:00,11005.04542914699,3,15
2020-09-24,10941.5,10946.0,10930.9,10944.35,10:30:00,10998.993483513945,3,16
2020-09-24,10937.3,10951.8,10934.3,10940.65,10:35:00,10993.117913655473,3,17
2020-09-24,10943.6,10947.2,10933.55,10936.95,10:40:00,10988.40192187876,3,18
2020-09-24,10942.15,10944.6,10937.95,10944.2,10:45:00,10983.996976937926,3,19
2020-09-24,10932.2,10944.45,10928.45,10942.1,10:50:00,10979.063931515266,3,20
2020-09-24,10942.4,10944.2,10931.5,10932.1,10:55:00,10975.572128513812,3,21
2020-09-24,10927.75,10943.0,10924.4,10942.05,11:00:00,10971.017640083925,3,22
2020-09-24,10923.0,10929.45,10917.1,10927.65,11:05:00,10966.444531504503,3,23
2020-09-24,10929.0,10934.65,10919.65,10922.1,11:10:00,10962.878385646933,3,24
2020-09-24,10941.85,10942.4,10925.75,10928.2,11:15:00,10960.875682251988,3,25
2020-09-24,10945.15,10948.15,10942.0,10942.05,11:20:00,10959.377998227988,3,26
2020-09-24,10943.1,10948.4,10935.5,10946.9,11:25:00,10957.827712682469,3,27
2020-09-24,10949.7,10958.15,10941.45,10943.3,11:30:00,10957.053644807947,3,28
2020-09-24,10943.95,10949.75,10940.85,10949.55,11:35:00,10955.80567863576,3,29
2020-09-24,10941.7,10947.3,10937.45,10943.8,11:40:00,10954.46228067045,3,30
2020-09-24,10925.55,10942.4,10923.3,10941.5,11:45:00,10951.708730130407,3,31
2020-09-24,10917.35,10928.9,10916.05,10925.6,11:50:00,10948.436470117987,3,32
2020-09-24,10919.6,10924.65,10915.6,10917.4,11:55:00,10945.69013963056,3,33
2020-09-24,10912.75,10920.45,10906.1,10919.2,12:00:00,10942.55298347527,3,34
2020-09-24,10917.25,10923.15,10911.25,10913.4,12:05:00,10940.143175525243,3,35
2020-09-24,10924.55,10926.1,10915.15,10918.0,12:10:00,10938.658111189508,3,36
2020-09-24,10909.05,10929.35,10905.7,10925.1,12:15:00,10935.83829107622,3,37
2020-09-24,10900.95,10911.25,10900.95,10909.1,12:20:00,10932.515596688008,3,38
2020-09-24,10899.7,10907.45,10890.25,10900.85,12:25:00,10929.39030176534,3,39
2020-09-24,10902.25,10908.5,10899.5,10899.5,12:30:00,10926.80551112102,3,40
2020-09-24,10914.1,10918.25,10900.25,10902.8,12:35:00,10925.595462442829,3,41
2020-09-24,10907.4,10922.75,10907.05,10914.75,12:40:00,10923.862561257794,3,42
2020-09-24,10912.6,10913.65,10896.1,10907.65,12:45:00,10922.7899363761,3,43
2020-09-24,10921.85,10926.25,10910.6,10911.9,12:50:00,10922.700418625993,3,44
2020-09-24,10925.3,10937.35,10918.2,10921.0,12:55:00,10922.94799780447,3,45
2020-09-24,10935.15,10937.05,10919.85,10925.8,13:00:00,10924.110093251664,3,46
2020-09-24,10938.35,10944.05,10933.35,10935.4,13:05:00,10925.466274846744,3,47
2020-09-24,10941.9,10943.65,10929.0,10938.4,13:10:00,10927.031391528008,3,48
2020-09-24,10948.35,10956.3,10941.15,10942.05,13:15:00,10929.061735192008,3,49
2020-09-24,10942.7,10948.0,10933.35,10947.8,13:20:00,10930.360617554674,3,50
2020-09-24,10946.0,10954.25,10942.4,10942.4,13:25:00,10931.850082549468,3,51
2020-09-24,10918.75,10944.85,10917.95,10944.85,13:30:00,10930.602455639992,3,52
2020-09-24,10909.9,10919.65,10907.4,10918.5,13:35:00,10928.630793198088,3,53
2020-09-24,10912.85,10919.85,10904.85,10910.1,13:40:00,10927.127860512555,3,54
2020-09-24,10919.45,10921.1,10905.2,10912.5,13:45:00,10926.396635701836,3,55
2020-09-24,10903.2,10926.75,10903.2,10920.05,13:50:00,10924.187432301662,3,56
2020-09-24,10900.7,10904.85,10891.0,10903.05,13:55:00,10921.950533987218,3,57
2020-09-24,10892.7,10905.1,10884.25,10900.45,14:00:00,10919.164768845578,3,58
2020-09-24,10892.3,10896.4,10880.4,10892.9,14:05:00,10916.606219431713,3,59
2020-09-24,10899.2,10901.0,10890.55,10892.2,14:10:00,10914.94848424774,3,60
2020-09-24,10896.65,10913.55,10896.4,10899.75,14:15:00,10913.20577146224,3,61
2020-09-24,10890.6,10909.15,10888.8,10896.4,14:20:00,10911.05284084679,3,62
2020-09-24,10892.5,10896.8,10887.25,10891.2,14:25:00,10909.285903623288,3,63
2020-09-24,10862.2,10898.25,10861.4,10893.05,14:30:00,10904.801531849642,3,64
2020-09-24,10853.0,10869.95,10840.05,10862.8,14:35:00,10899.868052625869,3,65
2020-09-24,10869.1,10871.1,10849.3,10852.85,14:40:00,10896.937761899591,3,66
2020-09-24,10863.5,10880.15,10859.9,10869.3,14:45:00,10893.75321314725,3,67
2020-09-24,10853.0,10867.8,10848.25,10863.55,14:50:00,10889.871954752274,3,68
2020-09-24,10850.3,10863.65,10847.8,10854.3,14:55:00,10886.10319715682,3,69
2020-09-24,10812.3,10850.3,10800.6,10849.75,15:00:00,10879.074321237122,3,70
2020-09-24,10811.45,10815.2,10802.7,10811.15,15:05:00,10872.633909690729,3,71
2020-09-24,10800.45,10812.85,10794.4,10811.05,15:10:00,10865.759251624946,3,72
2020-09-24,10804.0,10807.9,10791.6,10800.65,15:15:00,10859.877418136855,3,73
2020-09-24,10795.35,10812.65,10790.2,10802.9,15:20:00,10853.73194974287,3,74
2020-09-24,10824.65,10827.65,10791.1,10794.4,15:25:00,10850.962240243549,3,75
2020-09-25,10922.0,10926.2,10881.55,10889.6,09:15:00,10857.727741172734,4,1
2020-09-25,10923.15,10935.3,10914.2,10928.05,09:20:00,10863.958432489617,4,2
2020-09-25,10905.1,10925.2,10900.85,10923.9,09:25:00,10867.876677014414,4,3
2020-09-25,10936.85,10939.2,10892.55,10905.55,09:30:00,10874.445564917803,4,4
2020-09-25,10933.95,10944.95,10927.8,10937.85,09:35:00,10880.112653973252,4,5
2020-09-25,10924.45,10941.15,10921.7,10934.6,09:40:00,10884.335258356752,4,6
2020-09-25,10934.9,10946.85,10925.45,10925.45,09:45:00,10889.15094803706,4,7
2020-09-25,10937.9,10939.2,10923.85,10932.55,09:50:00,10893.793714890677,4,8
2020-09-25,10923.4,10939.25,10920.85,10937.55,09:55:00,10896.613361091564,4,9
2020-09-25,10907.4,10923.45,10906.2,10923.0,10:00:00,10897.640660035224,4,10
2020-09-25,10876.5,10907.45,10868.0,10907.3,10:05:00,10895.627263841394,4,11
2020-09-25,10885.2,10888.4,10863.6,10876.85,10:10:00,10894.634191094596,4,12
2020-09-25,10863.45,10894.05,10859.85,10884.2,10:15:00,10891.664268133203,4,13
2020-09-25,10879.25,10885.55,10854.85,10863.4,10:20:00,10890.481956882424,4,14
2020-09-25,10900.75,10900.75,10879.25,10879.9,10:25:00,10891.459865750763,4,15
2020-09-25,10903.45,10916.65,10899.55,10901.55,10:30:00,10892.60178329831,4,16
2020-09-25,10897.75,10912.15,10895.9,10903.35,10:35:00,10893.092089650852,4,17
2020-09-25,10885.85,10901.75,10885.5,10898.25,10:40:00,10892.402366826962,4,18
2020-09-25,10900.05,10901.35,10883.2,10886.1,10:45:00,10893.130712843442,4,19
2020-09-25,10896.5,10907.0,10891.75,10900.5,10:50:00,10893.451597334542,4,20
2020-09-25,10894.6,10899.9,10886.8,10896.75,10:55:00,10893.560969016968,4,21
2020-09-25,10904.45,10905.7,10891.9,10894.45,11:00:00,10894.59801958678,4,22
2020-09-25,10914.55,10917.1,10899.45,10904.65,11:05:00,10896.498208197563,4,23
2020-09-25,10918.45,10921.9,10913.25,10914.85,11:10:00,10898.58885503589,4,24
2020-09-25,10910.7,10922.9,10906.25,10919.15,11:15:00,10899.742297413424,4,25
2020-09-25,10927.85,10927.9,10904.6,10911.5,11:20:00,10902.419221469288,4,26
2020-09-25,10934.65,10950.4,10924.45,10927.8,11:25:00,10905.488819424594,4,27
2020-09-25,10932.65,10937.35,10927.8,10934.5,11:30:00,10908.075598527015,4,28
2020-09-25,10925.55,10933.55,10914.35,10933.2,11:35:00,10909.739827238727,4,29
2020-09-25,10916.15,10926.45,10911.95,10926.45,11:40:00,10910.350319882658,4,30
2020-09-25,10924.2,10924.6,10907.3,10915.6,11:45:00,10911.66933703669,4,31
2020-09-25,10934.65,10936.3,10919.95,10923.8,11:50:00,10913.857971604624,4,32
2020-09-25,10932.85,10938.85,10925.95,10933.85,11:55:00,10915.666736213709,4,33
2020-09-25,10933.4,10946.85,10932.95,10932.95,12:00:00,10917.355618479069,4,34
2020-09-25,10956.75,10958.3,10926.95,10933.25,12:05:00,10921.107464338203,4,35
2020-09-25,10976.7,10976.7,10957.1,10957.1,12:10:00,10926.40199154409,4,36
2020-09-25,10978.0,10991.05,10975.4,10978.85,12:15:00,10931.31608758751,4,37
2020-09-25,10993.05,11006.75,10976.0,10978.45,12:20:00,10937.19550781727,4,38
2020-09-25,10999.2,11011.75,10981.3,10987.45,12:25:00,10943.100697548958,4,39
2020-09-25,10967.6,11003.85,10967.2,10999.85,12:30:00,10945.433964449056,4,40
2020-09-25,10986.8,10987.7,10965.6,10967.0,12:35:00,10949.37358688248,4,41
2020-09-25,11000.0,11005.3,10982.35,10987.5,12:40:00,10954.19515003653,4,42
2020-09-25,10993.3,11003.75,10988.5,10999.5,12:45:00,10957.919421461624,4,43
2020-09-25,10999.25,11001.0,10983.4,10993.35,12:50:00,10961.855667036709,4,44
2020-09-25,10997.8,11003.9,10986.25,10998.75,12:55:00,10965.278936842737,4,45
2020-09-25,10990.6,10998.4,10987.0,10998.25,13:00:00,10967.690466667236,4,46
2020-09-25,10995.0,10996.75,10980.35,10990.5,13:05:00,10970.29137460369,4,47
2020-09-25,10980.8,11002.0,10976.4,10995.05,13:10:00,10971.292196070004,4,48
2020-09-25,10966.5,10980.7,10961.25,10980.65,13:15:00,10970.83579644429,4,49
2020-09-25,10985.05,10994.2,10966.75,10967.15,13:20:00,10972.189530116262,4,50
2020-09-25,10997.0,11000.3,10982.2,10984.65,13:25:00,10974.552432009952,4,51
2020-09-25,10994.25,11007.1,10989.7,10998.15,13:30:00,10976.428390866144,4,52
2020-09-25,10977.45,10994.6,10971.9,10994.45,13:35:00,10976.525686974132,4,53
2020-09-25,10973.25,10978.8,10960.55,10977.6,13:40:00,10976.213716786118,4,54
2020-09-25,10980.15,10995.8,10964.15,10973.6,13:45:00,10976.588600901729,4,55
2020-09-25,10971.05,10984.8,10970.6,10980.6,13:50:00,10976.061115101562,4,56
2020-09-25,10981.75,10991.0,10965.85,10971.0,13:55:00,10976.60291366332,4,57
2020-09-25,10987.2,10992.0,10979.3,10981.65,14:00:00,10977.612159981098,4,58
2020-09-25,10997.45,10998.85,10987.05,10987.05,14:05:00,10979.501478078137,4,59
2020-09-25,11024.7,11031.4,10997.75,10997.9,14:10:00,10983.806099213552,4,60
2020-09-25,11022.0,11039.5,11016.05,11024.65,14:15:00,10987.443613574167,4,61
2020-09-25,11031.6,11039.9,11022.3,11022.3,14:20:00,10991.648983709962,4,62
2020-09-25,11048.2,11050.15,11031.1,11032.3,14:25:00,10997.034794785204,4,63
2020-09-25,11026.65,11049.55,11025.5,11049.55,14:30:00,10999.855290519949,4,64
2020-09-25,11039.7,11043.05,11026.55,11026.7,14:35:00,11003.650024756142,4,65
2020-09-25,11058.65,11065.15,11041.05,11041.05,14:40:00,11008.88811763651,4,66
2020-09-25,11058.1,11072.6,11051.8,11059.0,14:45:00,11013.57496357589,4,67
2020-09-25,11050.45,11063.55,11041.2,11057.85,14:50:00,11017.086871806756,4,68
2020-09-25,11051.9,11064.15,11048.2,11051.0,14:55:00,11020.40240782516,4,69
2020-09-25,11048.95,11052.2,11029.9,11051.65,15:00:00,11023.121226127523,4,70
2020-09-25,11053.7,11064.25,11049.15,11050.85,15:05:00,11026.033490305856,4,71
2020-09-25,11056.15,11065.35,11051.75,11055.2,15:10:00,11028.901729324349,4,72
2020-09-25,11050.2,11054.7,11044.5,11054.4,15:15:00,11030.930136055362,4,73
2020-09-25,11044.9,11064.6,11044.05,11051.0,15:20:00,11032.260599288184,4,74
2020-09-25,11035.65,11046.65,11032.95,11045.65,15:25:00,11032.583399355975,4,75
2020-09-28,11113.9,11123.0,11099.85,11118.4,09:15:00,11040.32783751255,0,1
2020-09-28,11120.7,11131.95,11112.55,11114.65,09:20:00,11047.98232917802,0,2
2020-09-28,11119.3,11126.6,11108.5,11122.25,09:25:00,11054.774488303923,0,3
2020-09-28,11149.6,11151.6,11119.3,11119.9,09:30:00,11063.805489417837,0,4
2020-09-28,11167.9,11167.9,11145.1,11149.8,09:35:00,11073.719252330424,0,5
2020-09-28,11157.7,11177.95,11154.9,11168.6,09:40:00,11081.717418775146,0,6
2020-09-28,11156.45,11168.55,11141.45,11157.1,09:45:00,11088.834807463229,0,7
2020-09-28,11161.15,11163.25,11151.15,11155.65,09:50:00,11095.721968657206,0,8
2020-09-28,11156.8,11163.5,11151.65,11161.45,09:55:00,11101.538924023183,0,9
2020-09-28,11156.75,11171.65,11155.2,11156.95,10:00:00,11106.797121735262,0,10
2020-09-28,11168.95,11170.35,11154.1,11156.25,10:05:00,11112.71644347476,0,11
2020-09-28,11163.0,11175.4,11155.2,11168.7,10:10:00,11117.50535362002,0,12
2020-09-28,11152.1,11166.15,11150.35,11163.15,10:15:00,11120.800081846686,0,13
2020-09-28,11153.0,11157.4,11147.6,11151.7,10:20:00,11123.86674071843,0,14
2020-09-28,11162.6,11165.35,11149.95,11152.8,10:25:00,11127.55562255477,0,15
2020-09-28,11156.95,11166.7,11156.1,11162.9,10:30:00,11130.355087073363,0,16
2020-09-28,11179.05,11182.8,11156.85,11156.85,10:35:00,11134.99269782828,0,17
2020-09-28,11174.45,11186.15,11169.2,11180.4,10:40:00,11138.750536130348,0,18
2020-09-28,11185.9,11196.05,11163.35,11174.85,10:45:00,11143.240961260792,0,19
2020-09-28,11188.55,11201.15,11185.15,11186.0,10:50:00,11147.556107807384,0,20
2020-09-28,11186.85,11193.1,11183.7,11189.05,10:55:00,11151.2983832543,0,21
2020-09-28,11193.15,11193.15,11181.3,11187.15,11:00:00,11155.284251515795,0,22
2020-09-28,11197.75,11201.6,11188.85,11193.05,11:05:00,11159.328608514292,0,23
2020-09-28,11195.4,11202.65,11191.3,11198.5,11:10:00,11162.763979131978,0,24
2020-09-28,11186.85,11200.35,11184.65,11195.0,11:15:00,11165.057885881311,0,25
2020-09-28,11194.45,11196.75,11186.55,11187.45,11:20:00,11167.857134844997,0,26
2020-09-28,11208.9,11212.6,11192.65,11194.1,11:25:00,11171.765979145472,0,27
2020-09-28,11202.75,11209.15,11198.35,11208.55,11:30:00,11174.716838274477,0,28
2020-09-28,11204.55,11207.85,11195.65,11202.45,11:35:00,11177.558091772144,0,29
2020-09-28,11192.35,11205.2,11192.0,11205.2,11:40:00,11178.966844936702,0,30
2020-09-28,11184.9,11192.2,11177.95,11190.6,11:45:00,11179.531907323682,0,31
2020-09-28,11186.45,11194.35,11179.05,11185.0,11:50:00,11180.190773292856,0,32
2020-09-28,11197.15,11199.25,11185.9,11186.7,11:55:00,11181.805937741156,0,33
2020-09-28,11199.65,11201.15,11189.35,11197.1,12:00:00,11183.505372241998,0,34
2020-09-28,11206.25,11209.25,11199.05,11199.7,12:05:00,11185.67152726657,0,35
2020-09-28,11208.35,11210.0,11204.45,11206.3,12:10:00,11187.831381812612,0,36
2020-09-28,11205.95,11209.45,11195.55,11208.85,12:15:00,11189.556964497126,0,37
2020-09-28,11203.05,11206.6,11197.05,11205.55,12:20:00,11190.8420154974,0,38
2020-09-28,11203.35,11209.1,11197.65,11202.75,12:25:00,11192.033252116697,0,39
2020-09-28,11191.85,11209.4,11191.85,11203.0,12:30:00,11192.015799534152,0,40
2020-09-28,11193.2,11195.25,11187.15,11192.35,12:35:00,11192.1285805309,0,41
2020-09-28,11191.95,11199.05,11176.35,11192.95,12:40:00,11192.11157286129,0,42
2020-09-28,11201.85,11201.85,11186.1,11192.25,12:45:00,11193.039042112596,0,43
2020-09-28,11197.4,11202.7,11190.5,11201.8,12:50:00,11193.454371435206,0,44
2020-09-28,11215.25,11218.3,11195.7,11197.35,12:55:00,11195.530145584236,0,45
2020-09-28,11218.5,11224.05,11214.5,11215.35,13:00:00,11197.717750766687,0,46
2020-09-28,11213.2,11227.45,11213.2,11219.45,13:05:00,11199.19225069367,0,47
2020-09-28,11212.9,11218.65,11204.3,11212.9,13:10:00,11200.497750627606,0,48
2020-09-28,11216.6,11219.35,11204.05,11212.75,13:15:00,11202.031298186885,0,49
2020-09-28,11207.05,11216.9,11207.05,11216.25,13:20:00,11202.509269788132,0,50
2020-09-28,11216.5,11218.65,11203.25,11205.55,13:25:00,11203.8417202845,0,51
2020-09-28,11201.75,11216.25,11198.1,11216.0,13:30:00,11203.642508828834,0,52
2020-09-28,11211.65,11211.65,11200.0,11201.45,13:35:00,11204.405127035612,0,53
2020-09-28,11209.95,11217.0,11209.95,11211.85,13:40:00,11204.93321017508,0,54
2020-09-28,11212.6,11216.35,11205.4,11209.15,13:45:00,11205.663380634594,0,55
2020-09-28,11220.8,11226.15,11210.55,11212.3,13:50:00,11207.1049634313,0,56
2020-09-28,11225.65,11229.7,11217.2,11221.15,13:55:00,11208.871157390224,0,57
2020-09-28,11229.2,11234.05,11221.65,11224.65,14:00:00,11210.807237638775,0,58
2020-09-28,11222.85,11230.55,11216.2,11229.4,14:05:00,11211.954167387465,0,59
2020-09-28,11225.8,11226.15,11210.4,11222.9,14:10:00,11213.272818112468,0,60
2020-09-28,11222.45,11231.25,11217.05,11225.55,14:15:00,11214.14683543509,0,61
2020-09-28,11220.55,11229.5,11220.55,11222.65,14:20:00,11214.756660631749,0,62
2020-09-28,11224.25,11225.3,11212.8,11220.65,14:25:00,11215.66078819063,0,63
2020-09-28,11227.5,11232.7,11218.05,11224.35,14:30:00,11216.788332172471,0,64
2020-09-28,11218.75,11231.15,11217.8,11227.95,14:35:00,11216.975157679855,0,65
2020-09-28,11216.85,11218.7,11207.8,11218.5,14:40:00,11216.963237900824,0,66
2020-09-28,11213.1,11224.0,11212.55,11216.8,14:45:00,11216.595310481696,0,67
2020-09-28,11213.55,11218.65,11212.55,11213.95,14:50:00,11216.30528091201,0,68
2020-09-28,11208.55,11214.8,11198.1,11213.9,14:55:00,11215.566682729916,0,69
2020-09-28,11228.85,11231.65,11202.65,11208.35,15:00:00,11216.83176056516,0,70
2020-09-28,11236.85,11237.9,11226.65,11229.15,15:05:00,11218.738259558955,0,71
2020-09-28,11226.45,11237.2,11226.45,11236.7,15:10:00,11219.472711029532,0,72
2020-09-28,11227.85,11229.05,11220.75,11226.6,15:15:00,11220.27054807434,0,73
2020-09-28,11227.0,11235.15,11219.1,11228.5,15:20:00,11220.911448257735,0,74
2020-09-28,11239.35,11239.35,11224.7,11226.8,15:25:00,11222.667500804617,0,75
2020-09-29,11299.0,11301.9,11266.25,11268.4,09:15:00,11229.93726263275,1,1
2020-09-29,11296.25,11305.4,11294.55,11298.6,09:20:00,11236.25276142963,1,2
2020-09-29,11285.9,11297.95,11284.9,11295.9,09:25:00,11240.981069864903,1,3
2020-09-29,11262.7,11287.4,11261.0,11287.4,09:30:00,11243.04953940158,1,4
2020-09-29,11256.25,11273.4,11235.9,11262.2,09:35:00,11244.306726125238,1,5
2020-09-29,11270.7,11274.45,11255.7,11256.1,09:40:00,11246.820371256168,1,6
2020-09-29,11266.35,11272.7,11257.5,11270.85,09:45:00,11248.680335898438,1,7
2020-09-29,11252.15,11265.95,11234.95,11265.95,09:50:00,11249.010780098586,1,8
2020-09-29,11251.4,11259.4,11233.9,11251.7,09:55:00,11249.238324851103,1,9
2020-09-29,11243.7,11251.25,11237.0,11250.9,10:00:00,11248.710865341474,1,10
2020-09-29,11244.5,11255.6,11238.8,11244.4,10:05:00,11248.309830547048,1,11
2020-09-29,11257.15,11262.95,11243.9,11243.9,10:10:00,11249.15175144733,1,12
2020-09-29,11265.6,11273.35,11245.25,11257.05,10:15:00,11250.718251309489,1,13
2020-09-29,11266.6,11272.65,11256.0,11266.0,10:20:00,11252.230798803825,1,14
2020-09-29,11253.8,11266.7,11247.4,11266.15,10:25:00,11252.380246536792,1,15
2020-09-29,11254.2,11257.6,11246.95,11253.75,10:30:00,11252.55355639043,1,16
2020-09-29,11243.4,11256.8,11241.45,11254.35,10:35:00,11251.681789115151,1,17
2020-09-29,11241.0,11251.0,11236.1,11242.7,10:40:00,11250.664475866088,1,18
2020-09-29,11211.1,11241.7,11207.7,11241.6,10:45:00,11246.896430545508,1,19
2020-09-29,11220.25,11222.4,11202.45,11210.45,10:50:00,11244.35867525546,1,20
2020-09-29,11219.55,11234.95,11219.55,11221.3,10:55:00,11241.99594427875,1,21
2020-09-29,11204.05,11226.7,11201.9,11219.7,11:00:00,11238.38204482363,1,22
2020-09-29,11198.15,11208.55,11193.35,11202.8,11:05:00,11234.550421507094,1,23
2020-09-29,11207.85,11208.75,11192.85,11197.6,11:10:00,11232.007524220704,1,24
2020-09-29,11210.9,11215.15,11201.35,11208.55,11:15:00,11229.997283818731,1,25
2020-09-29,11218.5,11219.35,11201.0,11210.55,11:20:00,11228.902304407424,1,26
2020-09-29,11222.25,11225.5,11217.3,11218.15,11:25:00,11228.268751606716,1,27
2020-09-29,11222.0,11225.1,11218.4,11222.85,11:30:00,11227.671727644172,1,28
2020-09-29,11245.05,11246.05,11215.7,11222.25,11:35:00,11229.32680120187,1,29
2020-09-29,11243.1,11252.7,11242.5,11245.15,11:40:00,11230.63853442074,1,30
2020-09-29,11233.0,11243.3,11230.8,11242.55,11:45:00,11230.863435904475,1,31
2020-09-29,11235.3,11237.8,11231.25,11233.1,11:50:00,11231.285965818335,1,32
2020-09-29,11234.7,11237.9,11229.0,11235.05,11:55:00,11231.611111930875,1,33
2020-09-29,11240.85,11241.3,11232.65,11234.3,12:00:00,11232.491006032698,1,34
2020-09-29,11236.95,11245.6,11233.4,11240.8,12:05:00,11232.915672124822,1,35
2020-09-29,11225.15,11237.2,11220.5,11236.9,12:10:00,11232.17608430341,1,36
2020-09-29,11219.85,11227.8,11215.2,11224.65,12:15:00,11231.00217151261,1,37
2020-09-29,11235.7,11237.8,11219.3,11220.3,12:20:00,11231.449583749503,1,38
2020-09-29,11236.15,11240.75,11232.8,11236.1,12:25:00,11231.897242440027,1,39
2020-09-29,11231.6,11236.75,11225.15,11235.55,12:30:00,11231.868933636217,1,40
2020-09-29,11218.0,11231.5,11217.85,11231.5,12:35:00,11230.54808281372,1,41
2020-09-29,11209.8,11220.5,11208.2,11218.15,12:40:00,11228.5720749267,1,42
2020-09-29,11187.35,11210.65,11187.05,11210.1,12:45:00,11224.64616302892,1,43
2020-09-29,11208.6,11210.4,11181.0,11186.85,12:50:00,11223.117957026165,1,44
2020-09-29,11211.9,11222.3,11209.05,11209.6,12:55:00,11222.04958016653,1,45
2020-09-29,11217.85,11223.3,11203.9,11212.2,13:00:00,11221.649620150669,1,46
2020-09-29,11221.9,11226.4,11217.5,11218.35,13:05:00,11221.673465850605,1,47
2020-09-29,11207.2,11222.4,11207.2,11222.4,13:10:00,11220.2950405315,1,48
2020-09-29,11212.85,11214.85,11201.7,11207.45,13:15:00,11219.58598905231,1,49
2020-09-29,11208.55,11213.6,11204.55,11212.8,13:20:00,11218.5349424759,1,50
2020-09-29,11216.55,11223.75,11208.4,11208.9,13:25:00,11218.345900335336,1,51
2020-09-29,11203.55,11216.6,11196.9,11216.6,13:30:00,11216.936766970066,1,52
2020-09-29,11209.05,11214.1,11201.2,11203.8,13:35:00,11216.18564630625,1,53
2020-09-29,11220.15,11223.75,11201.0,11209.1,13:40:00,11216.563203800892,1,54
2020-09-29,11239.65,11242.1,11218.1,11220.4,13:45:00,11218.761946296048,1,55
2020-09-29,11253.0,11253.8,11234.2,11240.2,13:50:00,11222.022713315471,1,56
2020-09-29,11245.95,11258.2,11241.55,11253.15,13:55:00,11224.301502523522,1,57
2020-09-29,11242.55,11252.6,11238.8,11246.1,14:00:00,11226.03945466414,1,58
2020-09-29,11230.55,11245.85,11228.0,11242.8,14:05:00,11226.469030410412,1,59
2020-09-29,11242.5,11242.9,11230.15,11230.15,14:10:00,11227.995789418945,1,60
2020-09-29,11256.85,11267.55,11241.2,11242.75,14:15:00,11230.743809474285,1,61
2020-09-29,11265.3,11268.3,11256.55,11258.1,14:20:00,11234.034875238638,1,62
2020-09-29,11268.85,11275.15,11265.3,11265.55,14:25:00,11237.350601406388,1,63
2020-09-29,11278.25,11283.5,11268.05,11268.05,14:30:00,11241.245782224829,1,64
2020-09-29,11273.3,11283.75,11269.9,11279.35,14:35:00,11244.29856487008,1,65
2020-09-29,11264.35,11280.85,11264.0,11273.25,14:40:00,11246.208225358643,1,66
2020-09-29,11265.9,11268.65,11251.55,11264.05,14:45:00,11248.083632467344,1,67
2020-09-29,11242.15,11271.85,11240.45,11266.1,14:50:00,11247.51852461331,1,68
2020-09-29,11215.7,11242.9,11214.4,11242.45,14:55:00,11244.488188935851,1,69
2020-09-29,11217.1,11225.1,11203.95,11215.45,15:00:00,11241.87978998958,1,70
2020-09-29,11226.3,11238.35,11207.8,11217.35,15:05:00,11240.396000466762,1,71
2020-09-29,11228.55,11231.55,11217.8,11226.15,15:10:00,11239.26780994612,1,72
2020-09-29,11222.4,11230.3,11217.7,11228.6,15:15:00,11237.661351856012,1,73
2020-09-29,11220.8,11233.5,11216.35,11222.05,15:20:00,11236.055508822106,1,74
2020-09-29,11222.65,11231.15,11213.5,11219.3,15:25:00,11234.77879369619,1,75
2020-09-30,11226.6,11249.5,11199.7,11249.5,09:15:00,11233.99986096322,2,1
2020-09-30,11228.65,11239.7,11214.35,11226.65,09:20:00,11233.490350395294,2,2
2020-09-30,11210.7,11232.3,11209.8,11228.7,09:25:00,11231.319840833836,2,3
2020-09-30,11225.05,11226.3,11204.3,11210.6,09:30:00,11230.722713135374,2,4
2020-09-30,11230.85,11232.25,11213.7,11224.8,09:35:00,11230.73483569391,2,5
2020-09-30,11207.65,11231.4,11206.9,11231.4,09:40:00,11228.536279913536,2,6
2020-09-30,11209.3,11216.4,11196.5,11207.5,09:45:00,11226.704253255104,2,7
2020-09-30,11202.55,11207.9,11195.75,11207.9,09:50:00,11224.403848183189,2,8
2020-09-30,11195.85,11209.8,11192.3,11202.4,09:55:00,11221.684434070505,2,9
2020-09-30,11201.35,11202.9,11184.55,11194.95,10:00:00,11219.747821301882,2,10
2020-09-30,11212.85,11216.75,11201.2,11201.55,10:05:00,11219.0908859398,2,11
2020-09-30,11212.95,11217.75,11205.55,11213.3,10:10:00,11218.506039659818,2,12
2020-09-30,11217.15,11225.75,11212.2,11213.5,10:15:00,11218.37689302555,2,13
2020-09-30,11228.1,11229.1,11212.25,11217.05,10:20:00,11219.302903213593,2,14
2020-09-30,11253.85,11269.6,11223.7,11228.0,10:25:00,11222.593102907536,2,15
2020-09-30,11251.7,11270.65,11251.45,11254.2,10:30:00,11225.365188344917,2,16
2020-09-30,11271.45,11271.8,11246.4,11251.75,10:35:00,11229.754218026352,2,17
2020-09-30,11258.0,11280.25,11256.4,11272.9,10:40:00,11232.444292500031,2,18
2020-09-30,11257.2,11267.0,11255.7,11257.9,10:45:00,11234.8019789286,2,19
2020-09-30,11263.15,11268.6,11253.3,11257.3,10:50:00,11237.50179045921,2,20
2020-09-30,11273.0,11280.75,11263.4,11263.4,10:55:00,11240.882572320235,2,21
2020-09-30,11256.65,11277.1,11251.3,11274.2,11:00:00,11242.384232099264,2,22
2020-09-30,11257.1,11261.75,11248.85,11256.3,11:05:00,11243.785733804096,2,23
2020-09-30,11253.3,11259.85,11251.0,11257.25,11:10:00,11244.691854394185,2,24
2020-09-30,11244.05,11260.6,11243.95,11253.65,11:15:00,11244.63072540426,2,25
2020-09-30,11237.35,11244.35,11234.9,11244.3,11:20:00,11243.937322984808,2,26
2020-09-30,11217.6,11243.75,11216.95,11237.9,11:25:00,11241.429006510063,2,27
2020-09-30,11217.95,11224.65,11208.55,11216.9,11:30:00,11239.192910651964,2,28
2020-09-30,11218.05,11229.55,11217.35,11217.75,11:35:00,11237.17930011368,2,29
2020-09-30,11215.65,11227.65,11213.45,11217.3,11:40:00,11235.128890579044,2,30
2020-09-30,11221.4,11223.0,11205.05,11215.2,11:45:00,11233.821377190565,2,31
2020-09-30,11214.55,11222.75,11212.35,11219.9,11:50:00,11231.98600793432,2,32
2020-09-30,11229.25,11231.15,11208.35,11214.3,11:55:00,11231.7254357501,2,33
2020-09-30,11234.3,11238.1,11225.1,11229.9,12:00:00,11231.970632345328,2,34
2020-09-30,11236.6,11241.05,11226.8,11233.3,12:05:00,11232.411524502912,2,35
2020-09-30,11231.95,11249.8,11230.4,11236.65,12:10:00,11232.36756978835,2,36
2020-09-30,11222.5,11232.85,11222.5,11230.65,12:15:00,11231.427801237078,2,37
2020-09-30,11233.9,11236.75,11219.75,11222.85,12:20:00,11231.663248738309,2,38
2020-09-30,11238.55,11240.2,11224.2,11234.1,12:25:00,11232.31912981085,2,39
2020-09-30,11252.7,11255.5,11231.5,11238.05,12:30:00,11234.26016506696,2,40
2020-09-30,11250.25,11253.4,11244.4,11252.45,12:35:00,11235.783006489157,2,41
2020-09-30,11249.0,11256.75,11245.1,11250.55,12:40:00,11237.041767775903,2,42
2020-09-30,11259.15,11260.4,11243.95,11249.1,12:45:00,11239.147313702008,2,43
2020-09-30,11263.85,11267.85,11252.0,11259.35,12:50:00,11241.499950492293,2,44
2020-09-30,11256.8,11265.15,11249.25,11263.75,12:55:00,11242.957098064457,2,45
2020-09-30,11273.4,11274.65,11257.0,11257.0,13:00:00,11245.856422058318,2,46
2020-09-30,11257.95,11275.45,11257.95,11274.35,13:05:00,11247.008191386096,2,47
2020-09-30,11252.9,11260.2,11250.6,11258.2,13:10:00,11247.569316015992,2,48
2020-09-30,11265.65,11267.85,11248.85,11252.05,13:15:00,11249.29128591923,2,49
2020-09-30,11264.35,11265.95,11260.45,11265.8,13:20:00,11250.725449165016,2,50
2020-09-30,11247.75,11270.0,11243.1,11264.45,13:25:00,11250.442073054062,2,51
2020-09-30,11263.7,11265.65,11241.8,11247.8,13:30:00,11251.7047327632,2,52
2020-09-30,11261.1,11264.75,11254.75,11264.55,13:35:00,11252.599520119084,2,53
2020-09-30,11260.45,11262.9,11252.55,11260.65,13:40:00,11253.347184869648,2,54
2020-09-30,11267.95,11272.85,11256.95,11260.6,13:45:00,11254.737929167775,2,55
2020-09-30,11273.2,11280.15,11265.05,11268.4,13:50:00,11256.49622162799,2,56
2020-09-30,11269.15,11279.05,11265.85,11278.6,13:55:00,11257.701343377705,2,57
2020-09-30,11274.85,11279.2,11261.8,11269.45,14:00:00,11259.334548770305,2,58
2020-09-30,11288.25,11288.85,11267.3,11274.65,14:05:00,11262.088401268373,2,59
2020-09-30,11288.7,11290.1,11278.1,11288.95,14:10:00,11264.622839242811,2,60
2020-09-30,11280.8,11295.4,11280.7,11287.65,14:15:00,11266.163521219689,2,61
2020-09-30,11268.7,11280.75,11268.5,11280.35,14:20:00,11266.40509062734,2,62
2020-09-30,11279.55,11279.8,11267.15,11268.4,14:25:00,11267.65698675807,2,63
2020-09-30,11285.55,11291.9,11274.9,11279.6,14:30:00,11269.3610832573,2,64
2020-09-30,11275.2,11288.1,11269.65,11286.3,14:35:00,11269.917170566128,2,65
2020-09-30,11262.0,11279.25,11253.9,11274.85,14:40:00,11269.163154321734,2,66
2020-09-30,11268.3,11270.0,11256.9,11261.65,14:45:00,11269.080949148234,2,67
2020-09-30,11256.6,11268.95,11252.85,11268.8,14:50:00,11267.892287324594,2,68
2020-09-30,11252.8,11262.75,11248.7,11256.0,14:55:00,11266.454926627017,2,69
2020-09-30,11262.6,11264.4,11247.05,11253.95,15:00:00,11266.087790757776,2,70
2020-09-30,11259.8,11267.7,11257.6,11263.1,15:05:00,11265.48895354275,2,71
2020-09-30,11247.4,11263.6,11243.75,11260.15,15:10:00,11263.766196062488,2,72
2020-09-30,11248.25,11252.45,11241.15,11247.65,15:15:00,11262.288463104156,2,73
2020-09-30,11231.15,11254.2,11231.15,11247.9,15:20:00,11259.322895189474,2,74
2020-09-30,11226.3,11231.8,11221.5,11231.75,15:25:00,11256.17785755238,2,75
2020-10-01,11369.2,11373.15,11347.05,11347.1,09:15:00,11266.94187111882,3,1
2020-10-01,11374.1,11376.35,11361.6,11371.0,09:20:00,11277.14740720274,3,2
2020-10-01,11376.5,11379.8,11367.6,11373.65,09:25:00,11286.60955889772,3,3
2020-10-01,11376.1,11379.0,11368.35,11376.05,09:30:00,11295.132458050315,3,4
2020-10-01,11376.75,11380.5,11370.6,11374.7,09:35:00,11302.90555728362,3,5
2020-10-01,11373.45,11380.0,11362.6,11375.35,09:40:00,11309.624075637565,3,6
2020-10-01,11375.45,11380.95,11371.3,11372.7,09:45:00,11315.893211291128,3,7
2020-10-01,11376.2,11377.95,11370.45,11375.15,09:50:00,11321.636714977689,3,8
2020-10-01,11370.65,11376.4,11366.05,11375.7,09:55:00,11326.304646884577,3,9
2020-10-01,11392.15,11398.95,11370.15,11370.15,10:00:00,11332.575632895569,3,10
2020-10-01,11392.45,11393.6,11386.95,11392.1,10:05:00,11338.277953572182,3,11
2020-10-01,11388.6,11395.8,11385.55,11392.25,10:10:00,11343.07052942245,3,12
2020-10-01,11385.75,11391.45,11384.95,11390.15,10:15:00,11347.135240906027,3,13
2020-10-01,11385.6,11387.8,11381.9,11385.95,10:20:00,11350.79855129593,3,14
2020-10-01,11384.3,11394.6,11384.3,11386.0,10:25:00,11353.989165458222,3,15
2020-10-01,11386.35,11392.15,11383.75,11385.75,10:30:00,11357.071149700296,3,16
2020-10-01,11393.55,11393.65,11382.65,11386.15,10:35:00,11360.545325919316,3,17
2020-10-01,11397.85,11405.6,11390.2,11392.95,10:40:00,11364.09815202224,3,18
2020-10-01,11400.9,11404.6,11394.35,11397.1,10:45:00,11367.603089924884,3,19
2020-10-01,11397.3,11401.8,11393.5,11401.45,10:50:00,11370.431367074896,3,20
2020-10-01,11400.45,11401.65,11392.85,11399.3,10:55:00,11373.290284496334,3,21
2020-10-01,11406.0,11409.7,11398.25,11400.35,11:00:00,11376.405495496683,3,22
2020-10-01,11399.3,11407.05,11397.4,11406.8,11:05:00,11378.585924497,3,23
2020-10-01,11400.2,11401.4,11393.55,11398.65,11:10:00,11380.64440787824,3,24
2020-10-01,11402.15,11405.95,11395.15,11399.8,11:15:00,11382.69255950888,3,25
2020-10-01,11405.35,11405.65,11399.7,11402.1,11:20:00,11384.850410984229,3,26
2020-10-01,11405.2,11406.6,11400.2,11405.7,11:25:00,11386.788467080967,3,27
2020-10-01,11410.3,11417.3,11403.95,11404.6,11:30:00,11389.027660692303,3,28
2020-10-01,11417.1,11420.95,11407.0,11410.55,11:35:00,11391.701216816846,3,29
2020-10-01,11416.25,11423.5,11412.3,11416.95,11:40:00,11394.03919616762,3,30
2020-10-01,11415.75,11416.4,11407.4,11415.4,11:45:00,11396.106891770703,3,31
2020-10-01,11412.25,11418.45,11409.9,11416.65,11:50:00,11397.644330649686,3,32
2020-10-01,11413.85,11416.65,11406.45,11410.2,11:55:00,11399.187727730668,3,33
2020-10-01,11410.8,11414.45,11404.55,11414.0,12:00:00,11400.293658422986,3,34
2020-10-01,11414.95,11417.3,11410.8,11411.45,12:05:00,11401.68950047794,3,35
2020-10-01,11408.0,11416.6,11407.8,11414.8,12:10:00,11402.290500432422,3,36
2020-10-01,11410.2,11412.45,11404.3,11407.9,12:15:00,11403.043786105523,3,37
2020-10-01,11405.25,11410.15,11401.75,11410.15,12:20:00,11403.253901714525,3,38
2020-10-01,11405.25,11411.4,11403.75,11405.15,12:25:00,11403.44400631314,3,39
2020-10-01,11401.7,11404.7,11393.3,11404.7,12:30:00,11403.277910473797,3,40
2020-10-01,11413.4,11417.7,11401.6,11401.6,12:35:00,11404.2419190001,3,41
2020-10-01,11412.75,11418.65,11411.9,11413.1,12:40:00,11405.052212428662,3,42
2020-10-01,11421.0,11422.1,11410.7,11412.15,12:45:00,11406.571049340218,3,43
2020-10-01,11417.3,11424.65,11416.7,11420.8,12:50:00,11407.59285416496,3,44
2020-10-01,11411.3,11418.05,11410.2,11417.2,12:55:00,11407.945915673055,3,45
2020-10-01,11403.45,11410.8,11400.6,11410.8,13:00:00,11407.517733228004,3,46
2020-10-01,11405.65,11408.2,11396.8,11403.55,13:05:00,11407.339853872956,3,47
2020-10-01,11401.85,11407.5,11399.75,11404.7,13:10:00,11406.81701064696,3,48
2020-10-01,11402.1,11406.65,11400.6,11402.2,13:15:00,11406.367771537723,3,49
2020-10-01,11396.35,11402.3,11394.5,11402.3,13:20:00,11405.413698057942,3,50
2020-10-01,11397.8,11400.55,11388.2,11396.9,13:25:00,11404.688583957186,3,51
2020-10-01,11405.8,11405.9,11393.65,11396.95,13:30:00,11404.79443310412,3,52
2020-10-01,11407.05,11409.95,11403.25,11405.5,13:35:00,11405.009248998966,3,53
2020-10-01,11409.9,11411.2,11403.7,11406.95,13:40:00,11405.475034808587,3,54
2020-10-01,11405.7,11412.05,11403.7,11410.25,13:45:00,11405.496460064913,3,55
2020-10-01,11399.45,11405.95,11397.1,11405.5,13:50:00,11404.920606725396,3,56
2020-10-01,11407.5,11408.35,11397.2,11399.55,13:55:00,11405.166263227738,3,57
2020-10-01,11408.7,11415.15,11407.3,11407.55,14:00:00,11405.502809587,3,58
2020-10-01,11401.3,11409.65,11399.8,11408.9,14:05:00,11405.102542007287,3,59
2020-10-01,11412.75,11412.95,11399.5,11401.45,14:10:00,11405.830871339926,3,60
2020-10-01,11423.35,11426.5,11410.0,11411.85,14:15:00,11407.499359783742,3,61
2020-10-01,11423.85,11424.8,11417.05,11423.7,14:20:00,11409.056563613862,3,62
2020-10-01,11408.65,11424.6,11408.6,11424.6,14:25:00,11409.017843269685,3,63
2020-10-01,11396.55,11408.9,11392.75,11408.85,14:30:00,11407.830429624952,3,64
2020-10-01,11394.65,11398.1,11383.85,11395.6,14:35:00,11406.575150613056,3,65
2020-10-01,11393.0,11396.0,11388.35,11395.35,14:40:00,11405.282279126095,3,66
2020-10-01,11401.95,11402.4,11386.9,11391.7,14:45:00,11404.964919209326,3,67
2020-10-01,11399.5,11402.2,11394.4,11401.9,14:50:00,11404.4444507132,3,68
2020-10-01,11403.75,11405.4,11394.95,11398.85,14:55:00,11404.378312550038,3,69
2020-10-01,11420.0,11420.0,11403.55,11403.55,15:00:00,11405.866092307177,3,70
2020-10-01,11412.8,11420.9,11407.1,11420.05,15:05:00,11406.526464468398,3,71
2020-10-01,11427.6,11427.6,11413.45,11413.7,15:10:00,11408.53346785236,3,72
2020-10-01,11420.7,11428.6,11416.0,11426.8,15:15:00,11409.692185199754,3,73
2020-10-01,11417.2,11428.3,11412.85,11419.65,15:20:00,11410.40721518073,3,74
2020-10-01,11422.65,11422.65,11415.05,11416.05,15:25:00,11411.573194687327,3,75
2020-10-05,11526.3,11527.2,11476.45,11482.0,09:15:00,11422.49955709806,0,1
2020-10-05,11533.65,11541.8,11527.55,11529.15,09:20:00,11433.085313564912,0,2
2020-10-05,11527.9,11537.75,11514.45,11533.25,09:25:00,11442.115283701589,0,3
2020-10-05,11539.5,11545.3,11527.15,11527.15,09:30:00,11451.39001858715,0,4
2020-10-05,11544.6,11549.9,11536.5,11538.4,09:35:00,11460.267159674087,0,5
2020-10-05,11549.0,11552.0,11542.4,11543.9,09:40:00,11468.717906371792,0,6
2020-10-05,11549.65,11553.9,11543.6,11548.7,09:45:00,11476.425724812574,0,7
2020-10-05,11538.45,11552.0,11535.5,11550.15,09:50:00,11482.332798639947,0,8
2020-10-05,11548.05,11549.05,11537.7,11538.95,09:55:00,11488.59157972186,0,9
2020-10-05,11547.05,11554.0,11543.85,11547.6,10:00:00,11494.159048319778,0,10
2020-10-05,11547.95,11551.2,11542.65,11546.45,10:05:00,11499.281996098844,0,11
2020-10-05,11538.75,11549.75,11536.4,11547.7,10:10:00,11503.04085361324,0,12
2020-10-05,11539.6,11541.0,11532.1,11538.7,10:15:00,11506.522677078645,0,13
2020-10-05,11528.8,11541.4,11523.1,11539.75,10:20:00,11508.64432688068,0,14
2020-10-05,11527.8,11532.95,11521.6,11528.7,10:25:00,11510.468676701566,0,15
2020-10-05,11532.7,11538.5,11525.95,11526.85,10:30:00,11512.585945587132,0,16
2020-10-05,11542.1,11546.05,11531.75,11531.75,10:35:00,11515.396807912168,0,17
2020-10-05,11545.35,11546.5,11541.35,11541.95,10:40:00,11518.249492872914,0,18
2020-10-05,11541.45,11546.25,11539.7,11544.55,10:45:00,11520.459064980256,0,19
2020-10-05,11536.6,11543.8,11534.95,11541.1,10:50:00,11521.9962968869,0,20
2020-10-05,11540.8,11544.0,11533.6,11537.05,10:55:00,11523.787125754812,0,21
2020-10-05,11545.05,11545.1,11536.55,11540.45,11:00:00,11525.81216139721,0,22
2020-10-05,11558.0,11578.05,11544.2,11544.2,11:05:00,11528.877669835572,0,23
2020-10-05,11555.85,11562.05,11550.95,11556.55,11:10:00,11531.446463184566,0,24
2020-10-05,11560.55,11562.65,11555.1,11555.1,11:15:00,11534.21822859556,0,25
2020-10-05,11566.15,11567.4,11557.15,11559.55,11:20:00,11537.259349681695,0,26
2020-10-05,11556.25,11572.75,11554.25,11565.05,11:25:00,11539.067983045345,0,27
2020-10-05,11543.6,11556.95,11541.1,11555.35,11:30:00,11539.499603707693,0,28
2020-10-05,11533.15,11552.7,11529.7,11542.65,11:35:00,11538.894879545054,0,29
2020-10-05,11533.1,11536.6,11509.95,11532.3,11:40:00,11538.34298625505,0,30
2020-10-05,11521.35,11530.85,11518.95,11530.85,11:45:00,11536.724606611711,0,31
2020-10-05,11517.45,11525.75,11509.85,11520.75,11:50:00,11534.888929791548,0,32
2020-10-05,11528.2,11530.95,11512.05,11517.25,11:55:00,11534.25188885902,0,33
2020-10-05,11536.1,11543.05,11523.9,11526.65,12:00:00,11534.427899443876,0,34
2020-10-05,11532.7,11538.8,11527.65,11534.85,12:05:00,11534.263337592078,0,35
2020-10-05,11533.9,11540.7,11531.35,11531.6,12:10:00,11534.22873401188,0,36
2020-10-05,11536.45,11540.0,11529.55,11532.35,12:15:00,11534.440283153606,0,37
2020-10-05,11528.1,11538.5,11527.65,11535.45,12:20:00,11533.836446662786,0,38
2020-10-05,11527.75,11531.75,11521.7,11527.5,12:25:00,11533.256785075857,0,39
2020-10-05,11525.75,11531.6,11523.05,11524.8,12:30:00,11532.541853163868,0,40
2020-10-05,11532.3,11534.95,11524.05,11524.05,12:35:00,11532.518819529214,0,41
2020-10-05,11515.5,11532.6,11509.6,11532.05,12:40:00,11530.89797957405,0,42
2020-10-05,11514.7,11521.75,11514.4,11516.45,12:45:00,11529.355314852712,0,43
2020-10-05,11517.65,11523.05,11512.85,11515.85,12:50:00,11528.240522961976,0,44
2020-10-05,11494.4,11521.65,11491.35,11518.35,12:55:00,11525.017616013218,0,45
2020-10-05,11494.9,11497.95,11485.8,11495.65,13:00:00,11522.149271631006,0,46
2020-10-05,11496.55,11502.95,11492.55,11495.9,13:05:00,11519.711245761386,0,47
2020-10-05,11481.1,11497.0,11472.2,11496.25,13:10:00,11516.033984260304,0,48
2020-10-05,11483.15,11491.3,11479.5,11481.25,13:15:00,11512.902176235511,0,49
2020-10-05,11465.5,11483.55,11460.1,11482.9,13:20:00,11508.387683260702,0,50
2020-10-05,11463.85,11470.0,11452.3,11466.35,13:25:00,11504.145999140635,0,51
2020-10-05,11480.75,11485.6,11455.8,11463.9,13:30:00,11501.91780874629,0,52
2020-10-05,11485.1,11487.95,11474.95,11481.0,13:35:00,11500.316112675211,0,53
2020-10-05,11498.95,11507.6,11483.5,11486.1,13:40:00,11500.186006706144,0,54
2020-10-05,11512.8,11516.2,11498.5,11499.55,13:45:00,11501.3873394008,0,55
2020-10-05,11504.95,11516.35,11503.8,11514.05,13:50:00,11501.726640410248,0,56
2020-10-05,11509.6,11510.1,11490.8,11507.45,13:55:00,11502.4764841807,0,57
2020-10-05,11514.95,11520.6,11507.55,11511.35,14:00:00,11503.664438068252,0,58
2020-10-05,11524.9,11529.4,11509.6,11515.65,14:05:00,11505.686872537945,0,59
2020-10-05,11527.3,11533.2,11523.2,11527.05,14:10:00,11507.745265629568,0,60
2020-10-05,11510.4,11531.5,11508.2,11528.25,14:15:00,11507.998097474372,0,61
2020-10-05,11519.95,11521.5,11506.2,11511.4,14:20:00,11509.136373905383,0,62
2020-10-05,11530.2,11542.5,11515.7,11520.35,14:25:00,11511.142433533443,0,63
2020-10-05,11531.2,11531.85,11520.9,11531.5,14:30:00,11513.05267795883,0,64
2020-10-05,11530.6,11533.6,11522.3,11533.45,14:35:00,11514.72385148656,0,65
2020-10-05,11518.45,11536.3,11518.05,11532.8,14:40:00,11515.078722773556,0,66
2020-10-05,11516.45,11529.3,11513.5,11518.55,14:45:00,11515.209320604645,0,67
2020-10-05,11517.25,11520.7,11508.8,11515.8,14:50:00,11515.40367102325,0,68
2020-10-05,11509.5,11523.25,11505.2,11516.6,14:55:00,11514.841416640083,0,69
2020-10-05,11502.7,11509.65,11493.95,11509.55,15:00:00,11513.68509124579,0,70
2020-10-05,11504.25,11511.45,11502.75,11503.65,15:05:00,11512.786511127144,0,71
2020-10-05,11501.5,11510.7,11496.3,11504.5,15:10:00,11511.71160530551,0,72
2020-10-05,11499.9,11508.35,11498.15,11503.4,15:15:00,11510.58669051451,0,73
2020-10-05,11503.0,11514.5,11495.75,11499.15,15:20:00,11509.864148560748,0,74
2020-10-05,11507.5,11508.75,11500.65,11503.05,15:25:00,11509.638991554964,0,75
2020-10-06,11584.95,11615.3,11581.3,11607.55,09:15:00,11516.81146854973,1,1
2020-10-06,11577.1,11598.1,11573.15,11586.8,09:20:00,11522.553233449757,1,2
2020-10-06,11586.0,11590.4,11564.3,11577.4,09:25:00,11528.595782645018,1,3
2020-10-06,11585.75,11589.5,11577.55,11584.95,09:30:00,11534.03904144073,1,4
2020-10-06,11588.8,11593.75,11582.65,11585.45,09:35:00,11539.254370827326,1,5
2020-10-06,11592.75,11594.4,11582.75,11588.6,09:40:00,11544.349192653295,1,6
2020-10-06,11583.5,11598.15,11572.3,11592.45,09:45:00,11548.07784097203,1,7
2020-10-06,11588.7,11590.65,11579.0,11583.1,09:50:00,11551.946618022312,1,8
2020-10-06,11590.4,11595.65,11587.4,11588.85,09:55:00,11555.608844877332,1,9
2020-10-06,11593.3,11598.05,11589.9,11591.4,10:00:00,11559.198478698538,1,10
2020-10-06,11601.1,11602.05,11593.2,11594.05,10:05:00,11563.189099774869,1,11
2020-10-06,11601.35,11606.45,11597.9,11599.9,10:10:00,11566.82347122488,1,12
2020-10-06,11591.0,11603.2,11588.0,11601.0,10:15:00,11569.12599777489,1,13
2020-10-06,11608.1,11612.0,11586.95,11590.65,10:20:00,11572.837807510616,1,14
2020-10-06,11605.3,11612.05,11600.9,11608.05,10:25:00,11575.929444890557,1,15
2020-10-06,11594.8,11605.95,11594.8,11605.2,10:30:00,11577.726640615265,1,16
2020-10-06,11602.35,11602.85,11593.8,11594.9,10:35:00,11580.07172246143,1,17
2020-10-06,11606.15,11610.6,11599.6,11601.8,10:40:00,11582.555367941295,1,18
2020-10-06,11602.85,11613.05,11600.7,11606.35,10:45:00,11584.488190042124,1,19
2020-10-06,11590.4,11603.75,11588.15,11602.9,10:50:00,11585.051219561925,1,20
2020-10-06,11590.2,11590.55,11580.9,11590.1,10:55:00,11585.541579603643,1,21
2020-10-06,11585.15,11590.15,11577.9,11590.1,11:00:00,11585.50428630806,1,22
2020-10-06,11590.7,11593.35,11584.35,11585.75,11:05:00,11585.999116183482,1,23
2020-10-06,11595.35,11595.9,11588.9,11591.2,11:10:00,11586.889676546962,1,24
2020-10-06,11593.25,11597.75,11590.15,11595.6,11:15:00,11587.495421637728,1,25
2020-10-06,11581.4,11595.9,11581.4,11593.95,11:20:00,11586.914905291278,1,26
2020-10-06,11587.8,11589.95,11579.9,11582.8,11:25:00,11586.999200025442,1,27
2020-10-06,11593.4,11593.9,11586.1,11587.0,11:30:00,11587.60880002302,1,28
2020-10-06,11594.4,11599.4,11589.9,11592.9,11:35:00,11588.255580973208,1,29
2020-10-06,11586.65,11595.4,11584.05,11594.65,11:40:00,11588.102668499569,1,30
2020-10-06,11584.5,11590.9,11583.3,11586.95,11:45:00,11587.759557213894,1,31
2020-10-06,11595.05,11595.4,11584.0,11584.0,11:50:00,11588.453885098284,1,32
2020-10-06,11594.2,11598.3,11591.2,11594.75,11:55:00,11589.001134136544,1,33
2020-10-06,11594.2,11598.35,11592.75,11593.4,12:00:00,11589.496264218778,1,34
2020-10-06,11590.7,11595.55,11590.3,11594.4,12:05:00,11589.610905721753,1,35
2020-10-06,11598.0,11599.9,11587.8,11590.65,12:10:00,11590.409867081587,1,36
2020-10-06,11596.45,11597.6,11591.5,11597.6,12:15:00,11590.985117835722,1,37
2020-10-06,11602.85,11606.3,11595.65,11596.1,12:20:00,11592.115106613272,1,38
2020-10-06,11607.1,11608.7,11602.6,11603.85,12:25:00,11593.542239316768,1,39
2020-10-06,11600.5,11607.55,11599.5,11607.3,12:30:00,11594.204883191363,1,40
2020-10-06,11599.65,11602.0,11594.65,11600.2,12:35:00,11594.723465744568,1,41
2020-10-06,11586.55,11600.1,11582.05,11599.2,12:40:00,11593.94504043556,1,42
2020-10-06,11586.7,11587.35,11577.35,11585.75,12:45:00,11593.255036584556,1,43
2020-10-06,11588.65,11590.6,11585.0,11587.05,12:50:00,11592.81646167174,1,44
2020-10-06,11587.6,11593.55,11586.9,11589.2,12:55:00,11592.319655798245,1,45
2020-10-06,11591.7,11591.7,11581.85,11587.85,13:00:00,11592.260640960316,1,46
2020-10-06,11589.55,11596.1,11589.2,11591.8,13:05:00,11592.002484678382,1,47
2020-10-06,11592.85,11595.1,11588.9,11590.1,13:10:00,11592.083200423298,1,48
2020-10-06,11585.8,11593.05,11585.5,11593.05,13:15:00,11591.484800382985,1,49
2020-10-06,11588.9,11591.1,11585.6,11586.4,13:20:00,11591.238628917938,1,50
2020-10-06,11593.35,11597.6,11588.6,11588.75,13:25:00,11591.439711878134,1,51
2020-10-06,11581.95,11593.6,11572.6,11593.0,13:30:00,11590.5359297945,1,52
2020-10-06,11581.35,11585.05,11575.25,11581.05,13:35:00,11589.661079337882,1,53
2020-10-06,11587.8,11588.85,11578.45,11580.25,13:40:00,11589.483833686656,1,54
2020-10-06,11594.6,11594.6,11584.85,11588.2,13:45:00,11589.97108762126,1,55
2020-10-06,11592.05,11600.3,11589.95,11594.7,13:50:00,11590.169079276378,1,56
2020-10-06,11590.55,11598.65,11589.65,11593.0,13:55:00,11590.205357440533,1,57
2020-10-06,11606.2,11606.6,11587.7,11590.35,14:00:00,11591.728656731912,1,58
2020-10-06,11602.3,11610.45,11598.35,11606.75,14:05:00,11592.735451328872,1,59
2020-10-06,11596.5,11602.5,11594.1,11601.85,14:10:00,11593.09397977374,1,60
2020-10-06,11603.2,11607.25,11596.4,11597.05,14:15:00,11594.056457890529,1,61
2020-10-06,11604.7,11609.2,11603.3,11603.9,14:20:00,11595.070128567622,1,62
2020-10-06,11609.15,11614.5,11596.75,11604.35,14:25:00,11596.41106870404,1,63
2020-10-06,11638.4,11639.85,11609.75,11609.75,14:30:00,11600.410014541749,1,64
2020-10-06,11646.4,11649.7,11633.8,11638.75,14:35:00,11604.79001315682,1,65
2020-10-06,11636.85,11648.55,11634.85,11647.4,14:40:00,11607.843345237125,1,66
2020-10-06,11645.75,11649.6,11637.2,11637.95,14:45:00,11611.453502833589,1,67
2020-10-06,11639.7,11645.8,11637.7,11645.55,14:50:00,11614.143645420863,1,68
2020-10-06,11644.15,11649.4,11638.15,11639.35,14:55:00,11617.00139347602,1,69
2020-10-06,11655.05,11658.85,11644.35,11645.05,15:00:00,11620.625070287826,1,70
2020-10-06,11656.25,11658.0,11650.2,11655.15,15:05:00,11624.017920736604,1,71
2020-10-06,11663.15,11666.0,11654.05,11657.3,15:10:00,11627.744785428356,1,72
2020-10-06,11667.1,11667.75,11658.7,11662.95,15:15:00,11631.492901101848,1,73
2020-10-06,11670.9,11680.3,11662.0,11666.85,15:20:00,11635.245958139763,1,74
2020-10-06,11661.7,11670.55,11659.65,11670.5,15:25:00,11637.765390697885,1,75
2020-10-07,11643.4,11679.5,11639.7,11679.5,09:15:00,11638.787542045206,2,1
2020-10-07,11649.45,11653.9,11629.35,11645.4,09:20:00,11639.803014231376,2,2
2020-10-07,11644.4,11656.2,11637.3,11648.85,09:25:00,11640.240822399815,2,3
2020-10-07,11662.1,11662.6,11641.5,11643.6,09:30:00,11642.32264883793,2,4
2020-10-07,11685.6,11687.45,11656.75,11661.6,09:35:00,11646.444301329557,2,5
2020-10-07,11684.55,11690.05,11673.45,11686.35,09:40:00,11650.073415488643,2,6
2020-10-07,11703.2,11715.1,11685.75,11685.75,09:45:00,11655.133090204014,2,7
2020-10-07,11718.45,11728.8,11700.15,11702.9,09:50:00,11661.163272089345,2,8
2020-10-07,11728.4,11736.5,11717.95,11718.8,09:55:00,11667.5667699856,2,9
2020-10-07,11728.8,11737.6,11718.6,11729.0,10:00:00,11673.398506177446,2,10
2020-10-07,11733.65,11735.35,11722.35,11729.3,10:05:00,11679.136743684356,2,11
2020-10-07,11733.55,11735.5,11719.65,11732.85,10:10:00,11684.31895857156,2,12
2020-10-07,11728.4,11734.9,11722.65,11732.1,10:15:00,11688.517152993318,2,13
2020-10-07,11734.3,11735.75,11719.2,11728.0,10:20:00,11692.87742413681,2,14
2020-10-07,11740.6,11747.85,11735.55,11736.65,10:25:00,11697.422431361876,2,15
2020-10-07,11735.3,11744.05,11733.15,11741.1,10:30:00,11701.02981885122,2,16
2020-10-07,11737.45,11738.45,11729.25,11735.85,10:35:00,11704.498407532055,2,17
2020-10-07,11736.7,11738.15,11729.5,11738.15,10:40:00,11707.565225862338,2,18
2020-10-07,11734.9,11744.2,11733.05,11736.65,10:45:00,11710.168537684973,2,19
2020-10-07,11724.5,11736.15,11719.4,11735.0,10:50:00,11711.533438857832,2,20
2020-10-07,11718.85,11724.3,11709.65,11724.05,10:55:00,11712.230254204704,2,21
2020-10-07,11707.95,11719.45,11701.7,11718.5,11:00:00,11711.822610947114,2,22
2020-10-07,11713.3,11715.5,11702.75,11707.6,11:05:00,11711.963314666436,2,23
2020-10-07,11711.35,11721.25,11710.25,11712.6,11:10:00,11711.904903745824,2,24
2020-10-07,11698.1,11711.35,11691.3,11711.05,11:15:00,11710.590151008128,2,25
2020-10-07,11701.85,11705.5,11689.8,11698.3,11:20:00,11709.757755674022,2,26
2020-10-07,11711.8,11716.0,11701.9,11702.3,11:25:00,11709.952255133638,2,27
2020-10-07,11720.55,11722.35,11712.4,11712.85,11:30:00,11710.961564168529,2,28
2020-10-07,11719.5,11729.45,11718.45,11721.05,11:35:00,11711.774748533431,2,29
2020-10-07,11719.45,11721.9,11711.4,11719.3,11:40:00,11712.50572486358,2,30
2020-10-07,11720.85,11728.15,11714.75,11720.25,11:45:00,11713.300417733715,2,31
2020-10-07,11722.95,11724.4,11715.1,11722.0,11:50:00,11714.2194255686,2,32
2020-10-07,11721.95,11727.2,11720.8,11723.35,11:55:00,11714.955670752544,2,33
2020-10-07,11725.6,11727.1,11717.55,11722.5,12:00:00,11715.96941639516,2,34
2020-10-07,11725.45,11735.4,11724.15,11725.35,12:05:00,11716.872329119433,2,35
2020-10-07,11712.25,11726.4,11710.35,11726.4,12:10:00,11716.432107298531,2,36
2020-10-07,11726.55,11727.8,11711.25,11711.25,12:15:00,11717.395716127245,2,37
2020-10-07,11725.9,11730.65,11721.45,11725.95,12:20:00,11718.20564792465,2,38
2020-10-07,11727.05,11727.7,11722.35,11725.55,12:25:00,11719.04796716992,2,39
2020-10-07,11732.65,11739.6,11725.6,11725.9,12:30:00,11720.343398868024,2,40
2020-10-07,11734.85,11737.3,11729.65,11731.65,12:35:00,11721.724979928213,2,41
2020-10-07,11741.95,11749.05,11732.6,11734.5,12:40:00,11723.651172316002,2,42
2020-10-07,11746.05,11747.8,11740.6,11742.75,12:45:00,11725.784394000191,2,43
2020-10-07,11737.4,11746.5,11733.3,11745.75,12:50:00,11726.89064219065,2,44
2020-10-07,11745.35,11747.9,11735.3,11737.35,12:55:00,11728.648676267732,2,45
2020-10-07,11737.8,11751.5,11736.05,11746.3,13:00:00,11729.5202309089,2,46
2020-10-07,11729.65,11739.15,11722.55,11738.35,13:05:00,11729.532589869958,2,47
2020-10-07,11728.2,11733.55,11723.15,11729.25,13:10:00,11729.40567654901,2,48
2020-10-07,11733.2,11735.65,11725.75,11728.35,13:15:00,11729.7670406872,2,49
2020-10-07,11744.35,11744.65,11733.7,11733.7,13:20:00,11731.155893955083,2,50
2020-10-07,11737.55,11745.1,11734.85,11744.75,13:25:00,11731.764856435551,2,51
2020-10-07,11734.55,11743.15,11731.1,11737.45,13:30:00,11732.030108203597,2,52
2020-10-07,11726.35,11738.4,11721.05,11734.25,13:35:00,11731.489145517538,2,53
2020-10-07,11729.45,11730.95,11720.0,11724.05,13:40:00,11731.294941182536,2,54
2020-10-07,11738.55,11738.9,11727.35,11728.8,13:45:00,11731.985899165153,2,55
2020-10-07,11739.1,11740.45,11733.7,11738.1,13:50:00,11732.663432577996,2,56
2020-10-07,11730.6,11739.9,11729.3,11739.25,13:55:00,11732.466915189616,2,57
2020-10-07,11726.7,11731.5,11707.25,11730.85,14:00:00,11731.917685171558,2,58
2020-10-07,11742.1,11743.05,11721.3,11726.5,14:05:00,11732.887429440932,2,59
2020-10-07,11737.5,11743.25,11734.2,11742.35,14:10:00,11733.32672187513,2,60
2020-10-07,11744.3,11752.6,11736.7,11737.65,14:15:00,11734.37179598226,2,61
2020-10-07,11746.4,11749.15,11740.4,11745.2,14:20:00,11735.517339222046,2,62
2020-10-07,11752.6,11756.4,11743.9,11746.65,14:25:00,11737.144259296136,2,63
2020-10-07,11756.1,11763.05,11748.7,11752.7,14:30:00,11738.949567934598,2,64
2020-10-07,11746.6,11760.05,11741.15,11756.25,14:35:00,11739.678180512255,2,65
2020-10-07,11756.25,11759.7,11745.0,11747.05,14:40:00,11741.256449034898,2,66
2020-10-07,11731.35,11757.5,11723.35,11757.3,14:45:00,11740.31297769824,2,67
2020-10-07,11725.15,11737.7,11720.95,11732.9,14:50:00,11738.868884584122,2,68
2020-10-07,11721.95,11734.1,11721.95,11726.05,14:55:00,11737.257562242778,2,69
2020-10-07,11729.55,11735.4,11720.5,11722.2,15:00:00,11736.523508695847,2,70
2020-10-07,11738.6,11741.6,11729.25,11729.25,15:05:00,11736.721269772434,2,71
2020-10-07,11732.6,11741.25,11729.4,11737.35,15:10:00,11736.328767889345,2,72
2020-10-07,11740.1,11744.35,11730.0,11730.6,15:15:00,11736.687932852265,2,73
2020-10-07,11743.3,11755.45,11736.75,11739.6,15:20:00,11737.317653533,2,74
2020-10-07,11748.05,11750.95,11742.6,11742.85,15:25:00,11738.339781767952,2,75
2020-10-08,11842.9,11853.85,11820.2,11841.15,09:15:00,11748.297897790051,3,1
2020-10-08,11853.4,11859.55,11844.05,11844.05,09:20:00,11758.307621810049,3,2
2020-10-08,11865.0,11870.45,11853.2,11853.75,09:25:00,11768.46880068528,3,3
2020-10-08,11861.95,11866.5,11854.2,11865.15,09:30:00,11777.37177204859,3,4
2020-10-08,11868.3,11868.3,11852.4,11861.7,09:35:00,11786.031603282056,3,5
2020-10-08,11874.95,11877.85,11860.8,11867.65,09:40:00,11794.5000220171,3,6
2020-10-08,11875.85,11880.55,11868.3,11875.2,09:45:00,11802.24763896785,3,7
2020-10-08,11870.2,11876.0,11862.4,11876.0,09:50:00,11808.719292399484,3,8
2020-10-08,11873.95,11874.4,11864.2,11871.3,09:55:00,11814.931740742391,3,9
2020-10-08,11868.45,11873.75,11864.4,11873.7,10:00:00,11820.028717814545,3,10
2020-10-08,11867.2,11871.45,11864.65,11868.6,10:05:00,11824.521220879828,3,11
2020-10-08,11863.6,11869.5,11861.05,11866.65,10:10:00,11828.243009367465,3,12
2020-10-08,11864.0,11869.9,11856.9,11863.85,10:15:00,11831.648437046751,3,13
2020-10-08,11867.5,11868.55,11861.25,11862.3,10:20:00,11835.062871613727,3,14
2020-10-08,11870.65,11872.9,11866.15,11869.15,10:25:00,11838.452121936229,3,15
2020-10-08,11869.15,11873.45,11867.3,11870.4,10:30:00,11841.375729370871,3,16
2020-10-08,11878.95,11880.75,11867.9,11868.15,10:35:00,11844.954231335552,3,17
2020-10-08,11873.95,11881.95,11872.75,11879.45,10:40:00,11847.715733113118,3,18
2020-10-08,11871.85,11875.4,11869.3,11874.25,10:45:00,11850.014234721391,3,19
2020-10-08,11874.4,11874.85,11870.1,11872.55,10:50:00,11852.33668855745,3,20
2020-10-08,11875.8,11880.55,11870.95,11874.3,10:55:00,11854.571289647216,3,21
2020-10-08,11874.55,11878.05,11871.6,11875.65,11:00:00,11856.474023966528,3,22
2020-10-08,11881.3,11883.4,11874.0,11874.5,11:05:00,11858.838402636382,3,23
2020-10-08,11880.15,11885.2,11878.1,11881.0,11:10:00,11860.868078575775,3,24
2020-10-08,11883.45,11883.95,11878.65,11880.2,11:15:00,11863.018737759036,3,25
2020-10-08,11889.45,11890.3,11883.45,11884.4,11:20:00,11865.536000829605,3,26
2020-10-08,11890.45,11891.25,11883.5,11889.8,11:25:00,11867.908762655356,3,27
2020-10-08,11889.3,11895.7,11884.7,11890.4,11:30:00,11869.946023354843,3,28
2020-10-08,11877.5,11890.2,11877.5,11889.6,11:35:00,11870.665449702004,3,29
2020-10-08,11883.55,11886.0,11876.25,11878.05,11:40:00,11871.892549730384,3,30
2020-10-08,11882.1,11886.4,11878.9,11883.5,11:45:00,11872.8646878513,3,31
2020-10-08,11880.95,11887.5,11880.35,11882.95,11:50:00,11873.634717579747,3,32
2020-10-08,11875.3,11882.6,11873.7,11881.4,11:55:00,11873.793315905486,3,33
2020-10-08,11881.55,11881.55,11872.0,11875.05,12:00:00,11874.532047724011,3,34
2020-10-08,11884.15,11887.0,11879.3,11881.0,12:05:00,11875.448043178869,3,35
2020-10-08,11890.85,11896.3,11883.35,11884.25,12:10:00,11876.914896209451,3,36
2020-10-08,11891.75,11891.75,11883.2,11890.1,12:15:00,11878.327763237125,3,37
2020-10-08,11884.8,11896.4,11883.2,11892.1,12:20:00,11878.94416673835,3,38
2020-10-08,11882.65,11885.8,11880.05,11884.75,12:25:00,11879.29710323946,3,39
2020-10-08,11884.0,11885.8,11879.7,11883.75,12:30:00,11879.744998169035,3,40
2020-10-08,11875.1,11885.1,11872.8,11883.55,12:35:00,11879.302617391037,3,41
2020-10-08,11879.2,11880.7,11874.05,11875.7,12:40:00,11879.292844306176,3,42
2020-10-08,11880.8,11886.15,11879.15,11879.55,12:45:00,11879.436382943682,3,43
2020-10-08,11885.75,11886.05,11879.1,11881.65,12:50:00,11880.03767980619,3,44
2020-10-08,11888.15,11888.15,11883.35,11886.3,12:55:00,11880.810281729411,3,45
2020-10-08,11886.2,11888.3,11881.0,11888.3,13:00:00,11881.323588231371,3,46
2020-10-08,11890.1,11895.85,11885.95,11886.9,13:05:00,11882.15943697124,3,47
2020-10-08,11892.45,11898.6,11890.25,11890.45,13:10:00,11883.139490593026,3,48
2020-10-08,11888.8,11892.15,11887.2,11891.8,13:15:00,11883.678586727025,3,49
2020-10-08,11885.8,11891.9,11882.55,11889.55,13:20:00,11883.880626086357,3,50
2020-10-08,11895.55,11899.75,11884.5,11885.25,13:25:00,11884.991995030512,3,51
2020-10-08,11892.35,11898.3,11889.5,11895.2,13:30:00,11885.692757408558,3,52
2020-10-08,11889.85,11894.15,11889.2,11892.75,13:35:00,11886.08868527441,3,53
2020-10-08,11890.1,11898.9,11889.1,11890.2,13:40:00,11886.470715248275,3,54
2020-10-08,11898.9,11905.7,11889.0,11890.3,13:45:00,11887.6544566532,3,55
2020-10-08,11886.75,11899.2,11885.6,11898.75,13:50:00,11887.568317924324,3,56
2020-10-08,11860.85,11887.25,11835.05,11886.1,13:55:00,11885.023716217243,3,57
2020-10-08,11854.75,11860.3,11838.85,11860.3,14:00:00,11882.140505148936,3,58
2020-10-08,11858.6,11865.15,11852.0,11854.55,14:05:00,11879.89855227761,3,59
2020-10-08,11867.25,11870.8,11856.05,11858.25,14:10:00,11878.69392825117,3,60
2020-10-08,11857.9,11867.85,11856.35,11867.35,14:15:00,11876.71355413201,3,61
2020-10-08,11847.55,11858.75,11845.05,11858.45,14:20:00,11873.936072786104,3,62
2020-10-08,11827.65,11848.3,11826.45,11847.65,14:25:00,11869.527875377902,3,63
2020-10-08,11808.25,11828.35,11807.95,11828.35,14:30:00,11863.691887246674,3,64
2020-10-08,11821.05,11828.75,11791.15,11807.65,14:35:00,11859.630755127942,3,65
2020-10-08,11817.0,11826.7,11813.8,11821.15,14:40:00,11855.570683210995,3,66
2020-10-08,11818.2,11818.65,11796.55,11815.9,14:45:00,11852.011570524232,3,67
2020-10-08,11822.8,11826.35,11809.6,11818.35,14:50:00,11849.229516188592,3,68
2020-10-08,11829.05,11835.85,11822.25,11823.35,14:55:00,11847.307657503963,3,69
2020-10-08,11836.3,11841.95,11826.15,11830.15,15:00:00,11846.259309170253,3,70
2020-10-08,11829.85,11839.65,11828.8,11836.05,15:05:00,11844.696517820705,3,71
2020-10-08,11835.15,11836.05,11822.95,11830.2,15:10:00,11843.787325647305,3,72
2020-10-08,11839.9,11841.5,11832.5,11835.3,15:15:00,11843.417104157084,3,73
2020-10-08,11838.45,11849.5,11834.25,11840.75,15:20:00,11842.944046618317,3,74
2020-10-08,11834.2,11839.35,11831.15,11839.35,15:25:00,11842.111280273715,3,75
2020-10-09,11863.35,11875.25,11844.2,11856.4,09:15:00,11844.134015485744,4,1
2020-10-09,11870.3,11876.05,11863.35,11868.9,09:20:00,11846.62601401091,4,2
2020-10-09,11865.15,11880.8,11863.65,11869.2,09:25:00,11848.390203152729,4,3
2020-10-09,11839.8,11868.35,11839.45,11865.55,09:30:00,11847.572088566754,4,4
2020-10-09,11824.75,11843.65,11823.15,11839.2,09:35:00,11845.3985563223,4,5
2020-10-09,11810.45,11834.15,11807.05,11823.7,09:40:00,11842.070122386844,4,6
2020-10-09,11828.3,11834.5,11805.2,11811.1,09:45:00,11840.758682159529,4,7
2020-10-09,11833.95,11833.95,11819.05,11828.45,09:50:00,11840.110236239572,4,8
2020-10-09,11844.45,11864.1,11832.3,11833.7,09:55:00,11840.5235470739,4,9
2020-10-09,11835.7,11846.0,11829.9,11845.0,10:00:00,11840.06416163829,4,10
2020-10-09,11861.6,11865.65,11835.1,11835.3,10:05:00,11842.115193863216,4,11
2020-10-09,11850.45,11871.7,11844.55,11861.0,10:10:00,11842.908984923864,4,12
2020-10-09,11863.9,11863.9,11847.3,11850.35,10:15:00,11844.908129216828,4,13
2020-10-09,11862.55,11870.05,11860.3,11864.65,10:20:00,11846.588307386652,4,14
2020-10-09,11876.55,11883.3,11858.75,11862.1,10:25:00,11849.44180192126,4,15
2020-10-09,11868.65,11882.75,11862.75,11876.6,10:30:00,11851.271154119237,4,16
2020-10-09,11859.55,11868.45,11847.95,11867.75,10:35:00,11852.05961563169,4,17
2020-10-09,11881.5,11889.1,11857.8,11859.6,10:40:00,11854.863461762005,4,18
2020-10-09,11890.95,11893.05,11877.4,11882.1,10:45:00,11858.30027492753,4,19
2020-10-09,11893.25,11898.05,11887.05,11890.8,10:50:00,11861.628820172526,4,20
2020-10-09,11885.7,11893.3,11878.15,11893.3,10:55:00,11863.921313489427,4,21
2020-10-09,11901.95,11902.35,11878.95,11885.65,11:00:00,11867.543093157105,4,22
2020-10-09,11923.65,11924.1,11901.6,11902.65,11:05:00,11872.886608094524,4,23
2020-10-09,11915.15,11924.25,11902.45,11922.75,11:10:00,11876.9116930379,4,24
2020-10-09,11912.85,11918.05,11904.15,11915.45,11:15:00,11880.334388939053,4,25
2020-10-09,11912.35,11921.2,11907.65,11911.3,11:20:00,11883.38349475438,4,26
2020-10-09,11914.1,11919.3,11904.95,11911.45,11:25:00,11886.308876206343,4,27
2020-10-09,11918.6,11918.6,11909.8,11913.7,11:30:00,11889.384221329548,4,28
2020-10-09,11927.55,11927.7,11915.55,11919.25,11:35:00,11893.0190573934,4,29
2020-10-09,11923.75,11935.75,11917.55,11927.05,11:40:00,11895.945813832126,4,30
2020-10-09,11928.15,11933.65,11923.95,11924.35,11:45:00,11899.012879181448,4,31
2020-10-09,11915.15,11928.55,11914.5,11928.35,11:50:00,11900.549747830832,4,32
2020-10-09,11907.25,11915.05,11906.65,11914.9,11:55:00,11901.18786708504,4,33
2020-10-09,11916.95,11921.25,11906.3,11906.7,12:00:00,11902.68902260075,4,34
2020-10-09,11918.75,11928.25,11916.05,11917.3,12:05:00,11904.218639495915,4,35
2020-10-09,11898.8,11919.85,11897.3,11918.3,12:10:00,11903.702578591545,4,36
2020-10-09,11895.3,11904.95,11885.7,11898.2,12:15:00,11902.902333011398,4,37
2020-10-09,11887.65,11897.95,11878.3,11895.55,12:20:00,11901.449729867454,4,38
2020-10-09,11887.8,11893.95,11878.55,11888.0,12:25:00,11900.149755594362,4,39
2020-10-09,11901.2,11907.45,11886.3,11887.9,12:30:00,11900.24977887109,4,40
2020-10-09,11905.8,11913.1,11898.7,11901.4,12:35:00,11900.778371359558,4,41
2020-10-09,11903.1,11907.35,11896.1,11906.55,12:40:00,11900.999478849124,4,42
2020-10-09,11907.45,11911.8,11902.25,11902.25,12:45:00,11901.613814196826,4,43
2020-10-09,11911.65,11912.85,11904.6,11907.85,12:50:00,11902.569641416176,4,44
2020-10-09,11903.55,11911.9,11898.8,11911.9,12:55:00,11902.663008900348,4,45
2020-10-09,11904.25,11907.85,11898.15,11903.2,13:00:00,11902.81415090984,4,46
2020-10-09,11896.95,11905.5,11886.4,11904.35,13:05:00,11902.255660346997,4,47
2020-10-09,11890.4,11897.85,11885.25,11897.0,13:10:00,11901.126549837758,4,48
2020-10-09,11896.55,11903.85,11889.05,11891.25,13:15:00,11900.690687948449,4,49
2020-10-09,11894.15,11898.55,11891.2,11896.7,13:20:00,11900.067765286689,4,50
2020-10-09,11888.75,11898.45,11884.45,11894.55,13:25:00,11898.989882878432,4,51
2020-10-09,11895.2,11897.85,11887.75,11888.5,13:30:00,11898.628941651916,4,52
2020-10-09,11888.5,11898.1,11888.5,11894.85,13:35:00,11897.664280542209,4,53
2020-10-09,11869.85,11887.25,11861.75,11887.25,13:40:00,11895.01530144295,4,54
2020-10-09,11873.75,11878.6,11860.0,11869.3,13:45:00,11892.99003463886,4,55
2020-10-09,11883.2,11889.05,11868.85,11873.7,13:50:00,11892.05765038754,4,56
2020-10-09,11888.85,11895.0,11881.55,11883.55,13:55:00,11891.75215987444,4,57
2020-10-09,11881.3,11889.25,11876.9,11888.8,14:00:00,11890.756716076874,4,58
2020-10-09,11884.1,11885.5,11878.15,11881.0,14:05:00,11890.122743117172,4,59
2020-10-09,11908.4,11916.8,11876.15,11884.45,14:10:00,11891.86343424887,4,60
2020-10-09,11910.0,11919.75,11903.2,11908.35,14:15:00,11893.590726225168,4,61
2020-10-09,11910.8,11917.4,11904.5,11910.25,14:20:00,11895.229704679914,4,62
2020-10-09,11917.15,11920.5,11910.3,11910.3,14:25:00,11897.317351853257,4,63
2020-10-09,11908.65,11922.3,11902.75,11916.5,14:30:00,11898.396651676756,4,64
2020-10-09,11905.45,11911.85,11900.4,11907.45,14:35:00,11899.068399136111,4,65
2020-10-09,11915.25,11926.55,11901.2,11906.0,14:40:00,11900.609503980291,4,66
2020-10-09,11915.8,11919.1,11906.9,11914.9,14:45:00,11902.056217886931,4,67
2020-10-09,11907.85,11916.6,11905.1,11915.25,14:50:00,11902.608006659608,4,68
2020-10-09,11912.75,11916.55,11906.75,11908.5,14:55:00,11903.573910787263,4,69
2020-10-09,11904.85,11915.9,11898.0,11912.45,15:00:00,11903.695443093238,4,70
2020-10-09,11915.3,11915.55,11901.35,11905.4,15:05:00,11904.80063898912,4,71
2020-10-09,11911.6,11916.2,11908.6,11915.05,15:10:00,11905.44819718063,4,72
2020-10-09,11911.9,11914.1,11907.75,11910.6,15:15:00,11906.062654592,4,73
2020-10-09,11924.5,11932.6,11911.45,11912.0,15:20:00,11907.818592249903,4,74
2020-10-09,11935.65,11938.6,11923.0,11924.55,15:25:00,11910.46920251182,4,75
2020-10-12,11997.3,12022.05,11968.85,11976.1,09:15:00,11918.7388022726,0,1
2020-10-12,12001.1,12011.45,11984.2,11996.55,09:20:00,11926.582725865686,0,2
2020-10-12,11997.1,12003.45,11989.2,12000.9,09:25:00,11933.298656735622,0,3
2020-10-12,11985.3,11996.7,11976.65,11996.7,09:30:00,11938.251165617943,0,4
2020-10-12,11990.7,11998.7,11973.9,11985.6,09:35:00,11943.246292701951,0,5
2020-10-12,11994.95,11999.3,11986.8,11991.5,09:40:00,11948.170455301766,0,6
2020-10-12,11998.1,12002.05,11992.35,11994.3,09:45:00,11952.925650034931,0,7
2020-10-12,11992.85,12001.95,11985.35,11997.75,09:50:00,11956.727969079222,0,8
2020-10-12,11977.3,11993.45,11977.3,11993.0,09:55:00,11958.687210119297,0,9
2020-10-12,11972.25,11981.9,11962.8,11974.7,10:00:00,11959.97890439365,0,10
2020-10-12,11974.2,11981.9,11971.95,11972.75,10:05:00,11961.3332944514,0,11
2020-10-12,11973.65,11974.7,11956.35,11973.65,10:10:00,11962.506314027456,0,12
2020-10-12,11979.4,11981.3,11963.05,11971.2,10:15:00,11964.115236501031,0,13
2020-10-12,11975.25,11979.35,11971.2,11979.1,10:20:00,11965.1756901676,0,14
2020-10-12,11967.8,11979.65,11963.35,11975.0,10:25:00,11965.425624437352,0,15
2020-10-12,11975.2,11978.15,11952.6,11967.95,10:30:00,11966.35651734808,0,16
2020-10-12,11969.95,11986.4,11969.95,11974.9,10:35:00,11966.69875379112,0,17
2020-10-12,11960.5,11974.5,11959.65,11969.85,10:40:00,11966.108396287204,0,18
2020-10-12,11957.55,11970.75,11957.55,11961.3,10:45:00,11965.293310926518,0,19
2020-10-12,11961.3,11965.55,11956.55,11957.0,10:50:00,11964.912995600182,0,20
2020-10-12,11970.15,11973.2,11959.95,11961.75,10:55:00,11965.411757923974,0,21
2020-10-12,11962.45,11972.3,11958.95,11970.05,11:00:00,11965.129685740738,0,22
2020-10-12,11939.05,11961.7,11935.15,11961.7,11:05:00,11962.64590614638,0,23
2020-10-12,11950.15,11950.3,11925.4,11938.85,11:10:00,11961.455819846726,0,24
2020-10-12,11955.5,11955.5,11939.9,11950.0,11:15:00,11960.888598908943,0,25
2020-10-12,11943.6,11958.05,11942.35,11955.45,11:20:00,11959.24206567952,0,26
2020-10-12,11947.85,11949.0,11934.6,11942.95,11:25:00,11958.157107043377,0,27
2020-10-12,11948.05,11957.4,11947.0,11947.7,11:30:00,11957.194525420196,0,28
2020-10-12,11946.85,11952.85,11939.9,11946.45,11:35:00,11956.209332523034,0,29
2020-10-12,11948.25,11950.5,11940.1,11946.3,11:40:00,11955.451300854173,0,30
2020-10-12,11957.55,11960.35,11942.4,11947.65,11:45:00,11955.6511769633,0,31
2020-10-12,11949.5,11959.1,11948.45,11957.2,11:50:00,11955.065350585844,0,32
2020-10-12,11947.9,11951.55,11940.3,11949.0,11:55:00,11954.382936244334,0,33
2020-10-12,11926.0,11948.2,11926.0,11948.15,12:00:00,11951.679799459158,0,34
2020-10-12,11925.85,11935.4,11915.65,11926.4,12:05:00,11949.219818558286,0,35
2020-10-12,11913.95,11936.8,11911.0,11926.05,12:10:00,11945.8607882194,0,36
2020-10-12,11922.25,11923.0,11898.6,11914.05,12:15:00,11943.612141722317,0,37
2020-10-12,11932.3,11934.55,11921.1,11923.0,12:20:00,11942.53479489162,0,38
2020-10-12,11926.95,11932.5,11917.3,11932.0,12:25:00,11941.050528711465,0,39
2020-10-12,11939.35,11940.15,11924.05,11927.2,12:30:00,11940.888573596088,0,40
2020-10-12,11957.5,11959.15,11929.7,11939.25,12:35:00,11942.470614205984,0,41
2020-10-12,11956.1,11961.35,11948.75,11958.15,12:40:00,11943.76865094827,0,42
2020-10-12,11946.35,11956.9,11935.5,11956.25,12:45:00,11944.014493715102,0,43
2020-10-12,11935.35,11946.45,11929.0,11946.45,12:50:00,11943.189303837476,0,44
2020-10-12,11934.45,11942.5,11934.45,11935.1,12:55:00,11942.356989186286,0,45
2020-10-12,11922.05,11935.45,11919.65,11934.35,13:00:00,11940.422990216162,0,46
2020-10-12,11913.6,11923.45,11906.2,11922.4,13:05:00,11937.868419719383,0,47
2020-10-12,11920.6,11928.75,11908.8,11913.1,13:10:00,11936.223808317538,0,48
2020-10-12,11889.2,11920.75,11888.05,11920.75,13:15:00,11931.745350382536,0,49
2020-10-12,11894.95,11903.45,11883.2,11889.55,13:20:00,11928.241031298485,0,50
2020-10-12,11875.85,11896.15,11867.55,11894.8,13:25:00,11923.251409270057,0,51
2020-10-12,11888.5,11890.85,11867.2,11874.75,13:30:00,11919.941751244338,0,52
2020-10-12,11882.25,11892.65,11878.5,11888.45,13:35:00,11916.35206064964,0,53
2020-10-12,11909.7,11910.3,11879.0,11882.35,13:40:00,11915.718531063958,0,54
2020-10-12,11895.5,11911.55,11890.4,11908.7,13:45:00,11913.792956676914,0,55
2020-10-12,11923.1,11923.1,11894.9,11895.45,13:50:00,11914.679341755304,0,56
2020-10-12,11913.05,11926.05,11909.85,11923.2,13:55:00,11914.524166350036,0,57
2020-10-12,11925.95,11928.75,11912.7,11914.45,14:00:00,11915.612340983364,0,58
2020-10-12,11940.75,11945.4,11924.25,11925.35,14:05:00,11918.006403746853,0,59
2020-10-12,11919.5,11941.0,11916.9,11941.0,14:10:00,11918.148651009058,0,60
2020-10-12,11915.95,11919.55,11906.95,11919.55,14:15:00,11917.939255674864,0,61
2020-10-12,11908.15,11918.85,11901.95,11916.0,14:20:00,11917.00694561059,0,62
2020-10-12,11897.25,11918.95,11894.7,11908.05,14:25:00,11915.125331742916,0,63
2020-10-12,11912.15,11919.7,11896.95,11896.95,14:30:00,11914.841966815018,0,64
2020-10-12,11905.75,11915.35,11898.7,11912.6,14:35:00,11913.976065213588,0,65
2020-10-12,11915.3,11920.7,11904.45,11905.2,14:40:00,11914.102154240863,0,66
2020-10-12,11915.1,11929.1,11914.3,11915.25,14:45:00,11914.197187170306,0,67
2020-10-12,11923.1,11928.55,11909.4,11914.9,14:50:00,11915.045074106469,0,68
2020-10-12,11929.75,11931.4,11920.5,11923.15,14:55:00,11916.445543239184,0,69
2020-10-12,11920.2,11942.6,11915.8,11930.1,15:00:00,11916.803110549738,0,70
2020-10-12,11924.35,11934.6,11919.65,11920.0,15:05:00,11917.521861925952,0,71
2020-10-12,11929.6,11931.7,11922.95,11925.1,15:10:00,11918.672160790147,0,72
2020-10-12,11931.2,11936.75,11925.85,11928.95,15:15:00,11919.865288333942,0,73
2020-10-12,11936.65,11942.7,11924.85,11930.95,15:20:00,11921.46383230214,0,74
2020-10-12,11936.2,11938.85,11933.2,11936.95,15:25:00,11922.867276844792,0,75
2020-10-13,11920.5,11938.9,11888.9,11938.9,09:15:00,11922.641821907191,1,1
2020-10-13,11921.85,11927.45,11914.5,11920.15,09:20:00,11922.566410296984,1,2
2020-10-13,11929.45,11940.5,11922.15,11923.3,09:25:00,11923.2219902687,1,3
2020-10-13,11942.45,11949.6,11922.55,11929.2,09:30:00,11925.053229290728,1,4
2020-10-13,11956.9,11959.05,11943.05,11943.2,09:35:00,11928.086255072563,1,5
2020-10-13,11965.5,11966.25,11946.55,11956.1,09:40:00,11931.649468875175,1,6
2020-10-13,11958.8,11975.6,11954.9,11966.35,09:45:00,11934.235233744208,1,7
2020-10-13,11956.8,11961.3,11953.7,11958.55,09:50:00,11936.384259101902,1,8
2020-10-13,11956.25,11961.05,11948.7,11956.5,09:55:00,11938.276234425532,1,9
2020-10-13,11958.65,11960.35,11948.4,11955.5,10:00:00,11940.216593051671,1,10
2020-10-13,11952.55,11959.55,11952.35,11958.75,10:05:00,11941.391203237226,1,11
2020-10-13,11959.7,11959.7,11944.7,11952.65,10:10:00,11943.134898167014,1,12
2020-10-13,11968.15,11973.75,11958.5,11958.9,10:15:00,11945.517288817771,1,13
2020-10-13,11978.05,11982.0,11963.4,11967.8,10:20:00,11948.6156422637,1,14
2020-10-13,11971.1,11978.55,11964.55,11978.55,10:25:00,11950.757009667155,1,15
2020-10-13,11964.45,11970.95,11960.85,11970.95,10:30:00,11952.061103984572,1,16
2020-10-13,11972.6,11977.2,11958.0,11965.25,10:35:00,11954.017189319376,1,17
2020-10-13,11975.25,11985.7,11971.95,11972.85,10:40:00,11956.039361765148,1,18
2020-10-13,11982.5,11988.2,11975.2,11975.2,10:45:00,11958.55942254942,1,19
2020-10-13,11977.3,11986.8,11976.6,11982.6,10:50:00,11960.344239449474,1,20
2020-10-13,11973.15,11979.2,11970.45,11977.45,10:55:00,11961.56383569238,1,21
2020-10-13,11977.95,11980.85,11966.45,11973.45,11:00:00,11963.124422769297,1,22
2020-10-13,11976.15,11982.05,11972.35,11977.45,11:05:00,11964.364953934126,1,23
2020-10-13,11970.75,11980.4,11968.8,11975.9,11:10:00,11964.973053559446,1,24
2020-10-13,11966.95,11973.65,11966.05,11970.95,11:15:00,11965.161334172832,1,25
2020-10-13,11975.1,11976.55,11967.0,11967.05,11:20:00,11966.10787377542,1,26
2020-10-13,11955.95,11975.8,11949.55,11975.4,11:25:00,11965.14045722538,1,27
2020-10-13,11961.95,11962.95,11953.5,11955.55,11:30:00,11964.8366041563,1,28
2020-10-13,11960.1,11965.85,11959.2,11960.85,11:35:00,11964.385498998556,1,29
2020-10-13,11960.8,11961.85,11957.6,11960.65,11:40:00,11964.044022903456,1,30
2020-10-13,11965.15,11967.95,11953.85,11960.95,11:45:00,11964.149354055508,1,31
2020-10-13,11963.4,11967.7,11959.1,11965.55,11:50:00,11964.077987002602,1,32
2020-10-13,11958.25,11967.6,11954.65,11963.45,11:55:00,11963.522940621402,1,33
2020-10-13,11945.6,11961.0,11944.75,11958.6,12:00:00,11961.815993895554,1,34
2020-10-13,11944.8,11947.5,11938.7,11945.35,12:05:00,11960.19542304836,1,35
2020-10-13,11956.85,11958.05,11944.95,11944.95,12:10:00,11959.876811329468,1,36
2020-10-13,11941.2,11957.45,11934.55,11957.45,12:15:00,11958.098067393328,1,37
2020-10-13,11937.4,11949.6,11937.25,11940.9,12:20:00,11956.126822879678,1,38
2020-10-13,11948.05,11952.1,11935.45,11938.0,12:25:00,11955.357601653042,1,39
2020-10-13,11942.5,11948.9,11940.35,11947.9,12:30:00,11954.133068162277,1,40
2020-10-13,11927.65,11942.75,11923.85,11942.75,12:35:00,11951.610871194442,1,41
2020-10-13,11930.8,11934.65,11927.15,11927.9,12:40:00,11949.628883461635,1,42
2020-10-13,11915.65,11931.15,11912.9,11930.65,12:45:00,11946.392799322435,1,43
2020-10-13,11904.95,11919.15,11904.7,11916.0,12:50:00,11942.445866053631,1,44
2020-10-13,11919.95,11920.8,11904.7,11904.75,12:55:00,11940.303402619957,1,45
2020-10-13,11908.1,11920.65,11905.4,11920.65,13:00:00,11937.236411894246,1,46
2020-10-13,11911.55,11911.85,11896.5,11908.8,13:05:00,11934.790086951936,1,47
2020-10-13,11921.95,11928.15,11911.3,11911.6,13:10:00,11933.56722152794,1,48
2020-10-13,11934.75,11935.0,11916.15,11922.8,13:15:00,11933.67986709671,1,49
2020-10-13,11928.7,11940.15,11928.6,11934.55,13:20:00,11933.20559403988,1,50
2020-10-13,11923.35,11929.75,11918.5,11929.35,13:25:00,11932.26696603608,1,51
2020-10-13,11926.75,11929.35,11919.1,11922.9,13:30:00,11931.741540699311,1,52
2020-10-13,11936.8,11938.25,11922.35,11926.5,13:35:00,11932.22329872795,1,53
2020-10-13,11930.05,11938.05,11926.95,11936.9,13:40:00,11932.016317896716,1,54
2020-10-13,11914.5,11931.1,11911.35,11929.9,13:45:00,11930.348097144648,1,55
2020-10-13,11913.55,11916.95,11907.85,11914.65,13:50:00,11928.748278368968,1,56
2020-10-13,11921.5,11923.85,11913.2,11913.9,13:55:00,11928.057966143351,1,57
2020-10-13,11932.3,11942.95,11921.55,11921.85,14:00:00,11928.461969367794,1,58
2020-10-13,11933.9,11941.5,11927.8,11931.95,14:05:00,11928.979877047052,1,59
2020-10-13,11940.6,11940.6,11929.55,11933.75,14:10:00,11930.086555423524,1,60
2020-10-13,11945.25,11950.05,11939.65,11939.75,14:15:00,11931.530693002236,1,61
2020-10-13,11929.75,11945.9,11923.75,11945.55,14:20:00,11931.3611031925,1,62
2020-10-13,11932.4,11940.35,11925.1,11930.0,14:25:00,11931.460045745594,1,63
2020-10-13,11935.7,11936.4,11923.4,11932.9,14:30:00,11931.86385091268,1,64
2020-10-13,11934.05,11941.1,11931.1,11935.85,14:35:00,11932.072055587663,1,65
2020-10-13,11942.0,11942.5,11928.45,11934.75,14:40:00,11933.017574103127,1,66
2020-10-13,11943.85,11946.55,11934.4,11942.3,14:45:00,11934.049233712352,1,67
2020-10-13,11949.3,11953.1,11942.7,11943.8,14:50:00,11935.50168764451,1,68
2020-10-13,11941.7,11949.65,11940.85,11948.9,14:55:00,11936.092003106936,1,69
2020-10-13,11936.3,11947.15,11933.7,11941.4,15:00:00,11936.111812334846,1,70
2020-10-13,11930.8,11938.65,11930.25,11936.45,15:05:00,11935.605925445812,1,71
2020-10-13,11938.75,11943.2,11925.85,11930.4,15:10:00,11935.90536111764,1,72
2020-10-13,11937.25,11940.8,11933.45,11939.5,15:15:00,11936.033421963575,1,73
2020-10-13,11933.1,11944.95,11930.05,11937.55,15:20:00,11935.754048443236,1,74
2020-10-13,11925.25,11933.45,11922.35,11932.55,15:25:00,11934.753662877216,1,75
2020-10-14,11909.55,11919.8,11892.45,11919.8,09:15:00,11932.353314031769,2,1
2020-10-14,11881.75,11917.75,11878.75,11909.35,09:20:00,11927.533950790646,2,2
2020-10-14,11895.4,11900.45,11873.6,11881.35,09:25:00,11924.47357452487,2,3
2020-10-14,11869.35,11895.3,11860.1,11894.85,09:30:00,11919.223710284406,2,4
2020-10-14,11866.2,11878.95,11864.15,11868.8,09:35:00,11914.173833114462,2,5
2020-10-14,11843.7,11866.7,11839.65,11865.85,09:40:00,11907.462039484511,2,6
2020-10-14,11838.4,11852.65,11834.8,11842.9,09:45:00,11900.884702390753,2,7
2020-10-14,11840.9,11846.5,11827.0,11838.6,09:50:00,11895.171873591633,2,8
2020-10-14,11850.4,11856.35,11842.0,11843.2,09:55:00,11890.907885630526,2,9
2020-10-14,11845.0,11856.2,11833.45,11852.3,10:00:00,11886.535706046669,2,10
2020-10-14,11846.7,11851.25,11842.2,11844.75,10:05:00,11882.741829280318,2,11
2020-10-14,11851.3,11854.45,11842.15,11847.2,10:10:00,11879.747369348855,2,12
2020-10-14,11856.0,11858.9,11845.1,11851.65,10:15:00,11877.485715125156,2,13
2020-10-14,11847.35,11856.95,11847.35,11854.25,10:20:00,11874.615647018,2,14
2020-10-14,11847.3,11850.4,11845.15,11849.1,10:25:00,11872.014156825808,2,15
2020-10-14,11845.25,11850.55,11843.55,11846.7,10:30:00,11869.465189509065,2,16
2020-10-14,11854.55,11857.1,11844.95,11845.35,10:35:00,11868.044695270106,2,17
2020-10-14,11854.7,11858.6,11850.4,11853.2,10:40:00,11866.773771911048,2,18
2020-10-14,11859.2,11861.85,11851.05,11855.35,10:45:00,11866.052460300472,2,19
2020-10-14,11855.0,11862.45,11851.65,11858.75,10:50:00,11864.99984503376,2,20
2020-10-14,11861.45,11861.65,11851.15,11854.7,10:55:00,11864.661764554354,2,21
2020-10-14,11857.2,11862.0,11850.2,11860.75,11:00:00,11863.95112031108,2,22
2020-10-14,11845.2,11858.85,11842.7,11857.05,11:05:00,11862.165299329074,2,23
2020-10-14,11849.25,11851.85,11843.8,11845.15,11:10:00,11860.935270821545,2,24
2020-10-14,11830.25,11850.45,11822.3,11849.55,11:15:00,11858.012864076634,2,25
2020-10-14,11832.55,11832.95,11822.15,11830.0,11:20:00,11855.587829402668,2,26
2020-10-14,11829.65,11839.15,11828.95,11832.9,11:25:00,11853.117559935748,2,27
2020-10-14,11836.2,11837.6,11823.2,11829.8,11:30:00,11851.50636375139,2,28
2020-10-14,11835.5,11840.1,11834.55,11835.8,11:35:00,11849.98194815602,2,29
2020-10-14,11832.15,11838.05,11831.15,11835.4,11:40:00,11848.283667379255,2,30
2020-10-14,11838.2,11839.7,11831.7,11832.6,11:45:00,11847.323318105042,2,31
2020-10-14,11843.25,11843.7,11836.05,11837.35,11:50:00,11846.935383047416,2,32
2020-10-14,11849.0,11850.3,11844.4,11844.4,11:55:00,11847.13201323338,2,33
2020-10-14,11858.15,11860.95,11848.65,11849.05,12:00:00,11848.181345306391,2,34
2020-10-14,11850.5,11858.2,11847.4,11858.1,12:05:00,11848.402169562924,2,35
2020-10-14,11853.75,11854.4,11846.8,11849.95,12:10:00,11848.911486747407,2,36
2020-10-14,11855.4,11857.05,11851.1,11853.9,12:15:00,11849.529440390512,2,37
2020-10-14,11877.55,11877.55,11851.35,11855.6,12:20:00,11852.198065115226,2,38
2020-10-14,11866.15,11883.95,11865.5,11876.85,12:25:00,11853.52682081854,2,39
2020-10-14,11858.85,11871.3,11857.2,11865.65,12:30:00,11854.033790264391,2,40
2020-10-14,11857.45,11860.05,11852.45,11858.7,12:35:00,11854.359143572545,2,41
2020-10-14,11863.35,11864.95,11856.1,11857.35,12:40:00,11855.215415613256,2,42
2020-10-14,11865.6,11866.75,11859.85,11862.25,12:45:00,11856.204423650088,2,43
2020-10-14,11865.4,11868.4,11862.9,11865.2,12:50:00,11857.08019282627,2,44
2020-10-14,11862.6,11870.0,11862.6,11865.85,12:55:00,11857.605888747576,2,45
2020-10-14,11841.25,11866.35,11831.6,11862.65,13:00:00,11856.048185057332,2,46
2020-10-14,11836.95,11844.1,11835.45,11840.4,13:05:00,11854.229310289968,2,47
2020-10-14,11843.65,11848.8,11836.4,11836.45,13:10:00,11853.22175692902,2,48
2020-10-14,11836.2,11843.95,11835.25,11843.45,13:15:00,11851.600637221492,2,49
2020-10-14,11828.9,11841.85,11826.9,11836.1,13:20:00,11849.438671771826,2,50
2020-10-14,11832.6,11832.6,11825.2,11828.35,13:25:00,11847.834988745935,2,51
2020-10-14,11839.05,11841.1,11832.85,11832.85,13:30:00,11846.998323151083,2,52
2020-10-14,11846.05,11847.5,11839.3,11839.3,13:35:00,11846.908006660506,2,53
2020-10-14,11844.8,11853.3,11844.2,11845.95,13:40:00,11846.707244121411,2,54
2020-10-14,11846.7,11847.45,11841.0,11844.95,13:45:00,11846.706554205086,2,55
2020-10-14,11846.25,11850.9,11845.55,11846.2,13:50:00,11846.66307285222,2,56
2020-10-14,11861.7,11861.7,11839.3,11845.95,13:55:00,11848.09516115201,2,57
2020-10-14,11852.1,11869.8,11852.1,11861.05,14:00:00,11848.476574375629,2,58
2020-10-14,11856.1,11856.95,11849.9,11852.35,14:05:00,11849.202614911284,2,59
2020-10-14,11864.85,11867.7,11854.65,11855.95,14:10:00,11850.69284206259,2,60
2020-10-14,11882.55,11883.0,11861.8,11865.5,14:15:00,11853.726857104248,2,61
2020-10-14,11912.3,11923.0,11881.75,11882.4,14:20:00,11859.305251665748,2,62
2020-10-14,11916.25,11918.75,11901.55,11911.95,14:25:00,11864.728561030915,2,63
2020-10-14,11911.25,11933.5,11911.25,11917.65,14:30:00,11869.159174266066,2,64
2020-10-14,11911.5,11916.35,11903.55,11910.15,14:35:00,11873.191633859771,2,65
2020-10-14,11931.75,11931.75,11911.2,11911.2,14:40:00,11878.768621111223,2,66
2020-10-14,11935.45,11940.9,11923.0,11932.3,14:45:00,11884.16684767206,2,67
2020-10-14,11930.3,11938.1,11927.7,11935.15,14:50:00,11888.560481227105,2,68
2020-10-14,11960.85,11966.2,11929.7,11930.5,14:55:00,11895.445197300713,2,69
2020-10-14,11960.0,11974.8,11954.6,11960.45,15:00:00,11901.593273748264,2,70
2020-10-14,11966.3,11966.4,11954.95,11959.35,15:05:00,11907.755819105572,2,71
2020-10-14,11966.7,11973.25,11962.85,11966.1,15:10:00,11913.369550619327,2,72
2020-10-14,11988.75,11994.25,11966.0,11967.0,15:15:00,11920.548641036536,2,73
2020-10-14,11967.1,11997.2,11967.1,11988.9,15:20:00,11924.98210379496,2,74
2020-10-14,11966.0,11970.1,11962.35,11968.25,15:25:00,11928.888570100202,2,75
2020-10-15,11951.2,12025.45,11950.8,12025.45,09:15:00,11931.013468185898,3,1
2020-10-15,11945.2,11961.65,11940.5,11950.55,09:20:00,11932.364566453907,3,2
2020-10-15,11940.6,11949.85,11926.35,11944.15,09:25:00,11933.148893458298,3,3
2020-10-15,11910.9,11938.85,11909.7,11938.15,09:30:00,11931.029951224176,3,4
2020-10-15,11945.05,11946.75,11906.35,11908.65,09:35:00,11932.36519396473,3,5
2020-10-15,11939.6,11957.35,11934.1,11945.2,09:40:00,11933.054223110948,3,6
2020-10-15,11977.7,11978.2,11937.35,11939.15,09:45:00,11937.306201862286,3,7
2020-10-15,11968.1,11983.05,11962.95,11978.3,09:50:00,11940.238944542069,3,8
2020-10-15,11972.0,11974.15,11949.55,11967.9,09:55:00,11943.263806966632,3,9
2020-10-15,11963.45,11980.0,11962.35,11971.75,10:00:00,11945.186301541238,3,10
2020-10-15,11960.9,11968.85,11954.1,11961.05,10:05:00,11946.682844251596,3,11
2020-10-15,11959.4,11966.9,11954.85,11960.15,10:10:00,11947.89400194192,3,12
2020-10-15,11952.05,11959.35,11943.3,11959.0,10:15:00,11948.289811280783,3,13
2020-10-15,11933.05,11957.8,11928.1,11952.1,10:20:00,11946.838400682616,3,14
2020-10-15,11927.45,11936.45,11925.9,11933.6,10:25:00,11944.991886331893,3,15
2020-10-15,11942.2,11947.45,11915.5,11927.35,10:30:00,11944.725992395524,3,16
2020-10-15,11933.95,11946.2,11932.15,11942.35,10:35:00,11943.699707405474,3,17
2020-10-15,11917.3,11935.05,11917.3,11933.3,10:40:00,11941.185449557332,3,18
2020-10-15,11929.55,11934.6,11916.25,11918.25,10:45:00,11940.077311504254,3,19
2020-10-15,11932.2,11937.95,11927.05,11929.4,10:50:00,11939.327091360992,3,20
2020-10-15,11937.55,11946.45,11932.6,11932.7,10:55:00,11939.157844564706,3,21
2020-10-15,11928.95,11938.75,11928.35,11938.15,11:00:00,11938.185668891878,3,22
2020-10-15,11930.0,11934.85,11923.9,11927.75,11:05:00,11937.406081378364,3,23
2020-10-15,11930.65,11937.45,11926.2,11930.55,11:10:00,11936.762645056617,3,24
2020-10-15,11937.8,11939.95,11923.65,11930.8,11:15:00,11936.86144076551,3,25
2020-10-15,11921.55,11937.7,11918.65,11937.7,11:20:00,11935.40320831165,3,26
2020-10-15,11919.65,11923.8,11908.4,11919.35,11:25:00,11933.902902758162,3,27
2020-10-15,11901.95,11920.8,11894.7,11920.05,11:30:00,11930.859769162147,3,28
2020-10-15,11895.0,11902.6,11886.6,11899.8,11:35:00,11927.444553051468,3,29
2020-10-15,11881.0,11900.2,11881.0,11893.75,11:40:00,11923.02126228466,3,30
2020-10-15,11888.9,11890.6,11872.85,11880.55,11:45:00,11919.77161825755,3,31
2020-10-15,11890.75,11897.35,11887.4,11887.4,11:50:00,11917.007654613974,3,32
2020-10-15,11896.2,11906.25,11888.65,11888.75,11:55:00,11915.025973222168,3,33
2020-10-15,11893.5,11905.45,11893.3,11896.1,12:00:00,11912.975880534344,3,34
2020-10-15,11899.3,11901.5,11890.15,11893.1,12:05:00,11911.673415721549,3,35
2020-10-15,11899.5,11904.65,11895.55,11899.0,12:10:00,11910.514042795689,3,36
2020-10-15,11890.75,11899.85,11889.7,11899.4,12:15:00,11908.631753005622,3,37
2020-10-15,11897.3,11898.75,11886.45,11890.9,12:20:00,11907.552538433658,3,38
2020-10-15,11903.6,11908.85,11895.75,11896.8,12:25:00,11907.17610620188,3,39
2020-10-15,11900.2,11904.7,11893.15,11903.8,12:30:00,11906.511715135037,3,40
2020-10-15,11894.3,11900.05,11891.95,11899.95,12:35:00,11905.348694645983,3,41
2020-10-15,11903.5,11903.95,11888.65,11893.9,12:40:00,11905.172628489225,3,42
2020-10-15,11908.85,11908.85,11897.7,11903.15,12:45:00,11905.522854347391,3,43
2020-10-15,11896.75,11913.8,11895.95,11909.1,12:50:00,11904.687344409544,3,44
2020-10-15,11898.05,11906.55,11894.05,11896.5,12:55:00,11904.05521637054,3,45
2020-10-15,11866.45,11900.9,11860.8,11897.8,13:00:00,11900.473767192392,3,46
2020-10-15,11848.4,11865.7,11848.4,11865.7,13:05:00,11895.514360793117,3,47
2020-10-15,11849.15,11857.05,11839.75,11848.2,13:10:00,11891.098707384248,3,48
2020-10-15,11862.8,11868.25,11841.6,11849.65,13:15:00,11888.40359239527,3,49
2020-10-15,11859.0,11865.95,11857.0,11863.0,13:20:00,11885.603250262388,3,50
2020-10-15,11847.8,11858.9,11842.5,11858.5,13:25:00,11882.00294071359,3,51
2020-10-15,11829.9,11848.55,11828.7,11846.9,13:30:00,11877.040755883723,3,52
2020-10-15,11820.8,11835.8,11817.1,11830.35,13:35:00,11871.684493418608,3,53
2020-10-15,11825.15,11838.0,11820.05,11821.7,13:40:00,11867.252636902547,3,54
2020-10-15,11803.35,11823.45,11802.1,11823.45,13:45:00,11861.16667148326,3,55
2020-10-15,11793.9,11802.35,11780.3,11802.05,13:50:00,11854.760321818188,3,56
2020-10-15,11795.15,11800.1,11780.25,11793.65,13:55:00,11849.083148311693,3,57
2020-10-15,11775.85,11796.7,11774.95,11795.95,14:00:00,11842.108562758198,3,58
2020-10-15,11746.15,11774.7,11743.3,11773.2,14:05:00,11832.96965201932,3,59
2020-10-15,11709.6,11745.4,11700.95,11745.2,14:10:00,11821.220161350817,3,60
2020-10-15,11739.65,11745.9,11709.85,11710.5,14:15:00,11813.4515745555,3,61
2020-10-15,11738.75,11751.3,11734.0,11740.95,14:20:00,11806.337138883548,3,62
2020-10-15,11752.05,11759.3,11739.25,11739.25,14:25:00,11801.166935180352,3,63
2020-10-15,11719.65,11753.55,11716.5,11751.8,14:30:00,11793.403417544128,3,64
2020-10-15,11732.0,11734.0,11703.65,11720.1,14:35:00,11787.555473016117,3,65
2020-10-15,11718.1,11735.45,11716.05,11731.55,14:40:00,11780.9406660622,3,66
2020-10-15,11727.15,11743.55,11717.75,11718.45,14:45:00,11775.817745484848,3,67
2020-10-15,11722.7,11735.15,11719.75,11727.0,14:50:00,11770.75891258153,3,68
2020-10-15,11738.9,11740.0,11713.05,11722.35,14:55:00,11767.72473043091,3,69
2020-10-15,11701.95,11742.8,11699.7,11738.35,15:00:00,11761.460470389871,3,70
2020-10-15,11678.15,11701.15,11677.3,11701.15,15:05:00,11753.52613987655,3,71
2020-10-15,11665.75,11685.15,11664.0,11678.45,15:10:00,11745.166507507354,3,72
2020-10-15,11681.85,11683.2,11663.0,11665.85,15:15:00,11739.136363935224,3,73
2020-10-15,11671.25,11687.85,11670.05,11680.05,15:20:00,11732.670995941393,3,74
2020-10-15,11668.95,11673.1,11661.3,11670.55,15:25:00,11726.60232966126,3,75
2020-10-16,11770.55,11772.4,11725.0,11734.15,09:15:00,11730.787822074471,4,1
2020-10-16,11746.9,11784.1,11746.9,11773.55,09:20:00,11732.322315210238,4,2
2020-10-16,11748.2,11748.2,11731.6,11746.75,09:25:00,11733.834475666406,4,3
2020-10-16,11765.45,11780.1,11747.65,11748.0,09:30:00,11736.845477983892,4,4
2020-10-16,11752.6,11776.35,11752.6,11766.0,09:35:00,11738.345908652092,4,5
2020-10-16,11736.65,11758.05,11732.25,11753.65,09:40:00,11738.18439354237,4,6
2020-10-16,11712.1,11736.75,11708.55,11735.05,09:45:00,11735.700165585951,4,7
2020-10-16,11682.45,11718.6,11679.25,11711.3,09:50:00,11730.628721244431,4,8
2020-10-16,11684.25,11697.8,11675.5,11681.45,09:55:00,11726.211700173537,4,9
2020-10-16,11707.65,11707.95,11667.85,11684.55,10:00:00,11724.443919204628,4,10
2020-10-16,11727.3,11735.75,11702.35,11708.95,10:05:00,11724.715926899424,4,11
2020-10-16,11732.4,11732.55,11715.1,11729.6,10:10:00,11725.447743385192,4,12
2020-10-16,11730.6,11746.65,11723.85,11732.15,10:15:00,11725.938434491369,4,13
2020-10-16,11725.45,11744.5,11718.4,11731.1,10:20:00,11725.891916920762,4,14
2020-10-16,11733.65,11736.6,11722.15,11725.25,10:25:00,11726.630781975928,4,15
2020-10-16,11724.85,11740.1,11720.55,11734.25,10:30:00,11726.461183692503,4,16
2020-10-16,11731.6,11736.1,11721.9,11724.25,10:35:00,11726.950594769409,4,17
2020-10-16,11741.15,11741.75,11722.3,11731.8,10:40:00,11728.302919077085,4,18
2020-10-16,11757.1,11762.85,11732.9,11743.4,10:45:00,11731.0454982126,4,19
2020-10-16,11757.75,11766.3,11751.5,11758.6,10:50:00,11733.588784097115,4,20
2020-10-16,11763.25,11763.25,11744.05,11757.9,10:55:00,11736.413661802151,4,21
2020-10-16,11755.05,11766.1,11751.0,11764.0,11:00:00,11738.188551154328,4,22
2020-10-16,11760.9,11766.15,11750.25,11756.2,11:05:00,11740.351546282487,4,23
2020-10-16,11764.9,11768.25,11749.6,11761.05,11:10:00,11742.689494255585,4,24
2020-10-16,11755.85,11766.0,11750.95,11764.45,11:15:00,11743.942875755052,4,25
2020-10-16,11749.8,11756.45,11741.0,11755.75,11:20:00,11744.500697111713,4,26
2020-10-16,11749.05,11753.45,11744.2,11750.6,11:25:00,11744.933964053454,4,27
2020-10-16,11737.8,11752.2,11735.7,11747.85,11:30:00,11744.254538905509,4,28
2020-10-16,11715.15,11738.25,11712.0,11737.9,11:35:00,11741.482678057364,4,29
2020-10-16,11707.5,11715.55,11702.5,11715.45,11:40:00,11738.246232528092,4,30
2020-10-16,11718.8,11719.5,11692.85,11708.05,11:45:00,11736.39421038256,4,31
2020-10-16,11722.4,11724.4,11711.95,11719.15,11:50:00,11735.061428441364,4,32
2020-10-16,11719.3,11730.6,11714.65,11723.8,11:55:00,11733.560340018375,4,33
2020-10-16,11748.15,11752.4,11718.75,11718.75,12:00:00,11734.9498314452,4,34
2020-10-16,11743.3,11759.45,11740.55,11748.9,12:05:00,11735.745085593277,4,35
2020-10-16,11738.2,11749.85,11729.5,11744.6,12:10:00,11735.978886965344,4,36
2020-10-16,11726.55,11738.0,11713.85,11738.0,12:15:00,11735.08089773055,4,37
2020-10-16,11738.05,11738.4,11714.65,11726.45,12:20:00,11735.36366937526,4,38
2020-10-16,11744.85,11746.85,11726.85,11737.95,12:25:00,11736.26712943476,4,39
2020-10-16,11746.35,11756.55,11742.9,11744.45,12:30:00,11737.227402821927,4,40
2020-10-16,11748.3,11756.15,11744.05,11746.4,12:35:00,11738.281935886504,4,41
2020-10-16,11766.5,11768.45,11748.6,11749.25,12:40:00,11740.969370563982,4,42
2020-10-16,11767.7,11780.1,11761.65,11767.35,12:45:00,11743.515144795983,4,43
2020-10-16,11755.9,11772.45,11749.3,11768.3,12:50:00,11744.694654815414,4,44
2020-10-16,11759.9,11769.0,11752.9,11756.1,12:55:00,11746.142782928231,4,45
2020-10-16,11752.45,11763.05,11752.45,11760.05,13:00:00,11746.7434702684,4,46
2020-10-16,11759.65,11762.6,11748.1,11749.8,13:05:00,11747.97266357617,4,47
2020-10-16,11761.05,11765.5,11754.8,11759.5,13:10:00,11749.218124187964,4,48
2020-10-16,11778.65,11789.75,11760.8,11760.95,13:15:00,11752.021159979586,4,49
2020-10-16,11770.2,11787.7,11770.1,11780.5,13:20:00,11753.752478076767,4,50
2020-10-16,11774.9,11783.85,11770.4,11770.4,13:25:00,11755.766527783742,4,51
2020-10-16,11767.55,11778.65,11751.65,11775.2,13:30:00,11756.88876323291,4,52
2020-10-16,11754.5,11768.45,11754.5,11767.8,13:35:00,11756.661261972631,4,53
2020-10-16,11744.6,11757.6,11742.75,11755.7,13:40:00,11755.512570356192,4,54
2020-10-16,11747.8,11753.3,11728.7,11744.45,13:45:00,11754.778039846078,4,55
2020-10-16,11761.7,11767.25,11737.35,11748.0,13:50:00,11755.43727414645,4,56
2020-10-16,11765.4,11770.15,11758.0,11760.8,13:55:00,11756.38610518012,4,57
2020-10-16,11774.65,11774.9,11750.75,11764.9,14:00:00,11758.125523734396,4,58
2020-10-16,11767.95,11775.55,11762.05,11774.0,14:05:00,11759.061188140644,4,59
2020-10-16,11766.3,11773.45,11757.9,11768.45,14:10:00,11759.750598793917,4,60
2020-10-16,11754.5,11768.4,11749.7,11766.55,14:15:00,11759.250541765923,4,61
2020-10-16,11759.2,11759.55,11736.65,11754.55,14:20:00,11759.245728264408,4,62
2020-10-16,11764.0,11766.65,11752.05,11759.25,14:25:00,11759.698516048751,4,63
2020-10-16,11774.85,11778.45,11764.25,11764.25,14:30:00,11761.141514520295,4,64
2020-10-16,11765.2,11775.4,11755.45,11775.2,14:35:00,11761.528036946936,4,65
2020-10-16,11756.5,11770.05,11756.25,11766.45,14:40:00,11761.049176285323,4,66
2020-10-16,11758.85,11765.45,11751.45,11756.8,14:45:00,11760.839730924816,4,67
2020-10-16,11762.3,11772.1,11756.45,11758.95,14:50:00,11760.978804170072,4,68
2020-10-16,11761.65,11765.35,11757.2,11762.25,14:55:00,11761.042727582446,4,69
2020-10-16,11765.8,11768.95,11754.9,11762.45,15:00:00,11761.495801146022,4,70
2020-10-16,11765.65,11766.15,11760.9,11765.05,15:05:00,11761.891439132114,4,71
2020-10-16,11764.55,11767.15,11756.0,11766.4,15:10:00,11762.144635405246,4,72
2020-10-16,11759.5,11766.15,11759.1,11765.4,15:15:00,11761.892765366652,4,73
2020-10-16,11758.9,11764.9,11750.4,11758.85,15:20:00,11761.607740093636,4,74
2020-10-16,11769.6,11770.25,11757.9,11759.3,15:25:00,11762.368907703769,4,75
2020-10-19,11849.45,11879.3,11833.2,11879.3,09:15:00,11770.662345065311,0,1
2020-10-19,11830.7,11860.3,11826.7,11850.0,09:20:00,11776.380216963857,0,2
2020-10-19,11833.7,11855.45,11827.85,11831.5,09:25:00,11781.839243919678,0,3
2020-10-19,11847.1,11851.1,11820.8,11833.75,09:30:00,11788.054554022565,0,4
2020-10-19,11834.0,11852.2,11833.95,11844.7,09:35:00,11792.43031078232,0,5
2020-10-19,11843.35,11854.65,11832.45,11833.95,09:40:00,11797.279804993526,0,6
2020-10-19,11862.3,11864.85,11842.35,11842.35,09:45:00,11803.472204517951,0,7
2020-10-19,11873.45,11882.25,11861.75,11862.25,09:50:00,11810.136756468626,0,8
2020-10-19,11876.8,11878.8,11864.1,11872.85,09:55:00,11816.485636804948,0,9
2020-10-19,11882.75,11888.4,11863.85,11878.7,10:00:00,11822.796528537809,0,10
2020-10-19,11886.75,11888.85,11878.0,11882.4,10:05:00,11828.88733534373,0,11
2020-10-19,11869.95,11892.1,11869.85,11887.0,10:10:00,11832.798065310995,0,12
2020-10-19,11876.6,11892.2,11868.6,11870.65,10:15:00,11836.96967813852,0,13
2020-10-19,11878.5,11881.3,11871.05,11876.9,10:20:00,11840.924946887231,0,14
2020-10-19,11878.8,11879.5,11865.9,11878.25,10:25:00,11844.532094802733,0,15
2020-10-19,11879.4,11880.3,11871.35,11879.2,10:30:00,11847.852847678663,0,16
2020-10-19,11887.0,11890.65,11877.25,11879.95,10:35:00,11851.581147899744,0,17
2020-10-19,11890.4,11898.25,11883.45,11887.35,10:40:00,11855.2781814331,0,18
2020-10-19,11874.75,11891.6,11871.05,11891.3,10:45:00,11857.132640344234,0,19
2020-10-19,11867.2,11874.25,11860.55,11874.25,10:50:00,11858.091436501927,0,20
2020-10-19,11870.45,11872.9,11859.1,11866.35,10:55:00,11859.268442549364,0,21
2020-10-19,11867.7,11876.05,11864.2,11870.6,11:00:00,11860.071448020852,0,22
2020-10-19,11853.3,11872.15,11853.3,11867.9,11:05:00,11859.42654820934,0,23
2020-10-19,11852.8,11862.3,11850.9,11853.5,11:10:00,11858.79544837988,0,24
2020-10-19,11851.85,11860.6,11848.15,11852.75,11:15:00,11858.133977105606,0,25
2020-10-19,11847.7,11852.85,11836.35,11851.2,11:20:00,11857.140265000313,0,26
2020-10-19,11851.6,11860.8,11843.75,11847.45,11:25:00,11856.612620714568,0,27
2020-10-19,11851.85,11863.1,11851.15,11852.25,11:30:00,11856.159037789372,0,28
2020-10-19,11859.15,11860.85,11848.3,11850.75,11:35:00,11856.44389133324,0,29
2020-10-19,11851.5,11859.65,11848.9,11858.55,11:40:00,11855.9730445396,0,30
2020-10-19,11853.5,11857.35,11847.85,11851.55,11:45:00,11855.737516488209,0,31
2020-10-19,11826.25,11854.75,11820.4,11853.55,11:50:00,11852.929181584568,0,32
2020-10-19,11836.15,11841.05,11824.3,11826.1,11:55:00,11851.3311642908,0,33
2020-10-19,11841.2,11842.3,11826.65,11835.75,12:00:00,11850.3662915012,0,34
2020-10-19,11850.3,11850.9,11840.55,11840.85,12:05:00,11850.359978024895,0,35
2020-10-19,11846.9,11851.85,11839.8,11850.8,12:10:00,11850.030456308235,0,36
2020-10-19,11845.35,11851.6,11840.5,11846.65,12:15:00,11849.584698564597,0,37
2020-10-19,11848.55,11853.65,11844.9,11845.45,12:20:00,11849.486155844155,0,38
2020-10-19,11846.05,11852.95,11845.3,11848.45,12:25:00,11849.15890290662,0,39
2020-10-19,11856.65,11857.9,11846.55,11846.55,12:30:00,11849.872340725038,0,40
2020-10-19,11854.45,11859.05,11853.45,11856.5,12:35:00,11850.308308275036,0,41
2020-10-19,11855.35,11856.85,11847.45,11855.2,12:40:00,11850.7884693917,0,42
2020-10-19,11858.1,11864.75,11854.9,11855.1,12:45:00,11851.484805640108,0,43
2020-10-19,11854.15,11864.7,11854.15,11857.7,12:50:00,11851.738633674384,0,44
2020-10-19,11853.85,11855.2,11844.8,11854.25,12:55:00,11851.939716181589,0,45
2020-10-19,11846.25,11855.75,11844.05,11853.45,13:00:00,11851.397838450008,0,46
2020-10-19,11849.15,11849.4,11835.6,11846.0,13:05:00,11851.183758597626,0,47
2020-10-19,11857.55,11857.55,11848.5,11849.0,13:10:00,11851.790067302614,0,48
2020-10-19,11858.9,11871.2,11854.2,11857.5,13:15:00,11852.467203749984,0,49
2020-10-19,11852.1,11861.45,11851.2,11859.1,13:20:00,11852.43223196427,0,50
2020-10-19,11841.65,11855.1,11839.6,11851.85,13:25:00,11851.405352729578,0,51
2020-10-19,11846.45,11849.45,11834.65,11841.2,13:30:00,11850.93341437438,0,52
2020-10-19,11852.15,11858.1,11841.8,11845.7,13:35:00,11851.049279672055,0,53
2020-10-19,11852.45,11858.65,11847.5,11851.7,13:40:00,11851.182681608054,0,54
2020-10-19,11851.0,11852.3,11845.65,11852.05,13:45:00,11851.165283359667,0,55
2020-10-19,11853.75,11854.1,11846.8,11850.85,13:50:00,11851.411446849224,0,56
2020-10-19,11857.85,11858.1,11850.7,11854.65,13:55:00,11852.02464238739,0,57
2020-10-19,11871.65,11875.7,11857.8,11859.65,14:00:00,11853.89372406478,0,58
2020-10-19,11872.05,11877.55,11863.9,11872.8,14:05:00,11855.622893201467,0,59
2020-10-19,11873.85,11874.25,11864.7,11872.7,14:10:00,11857.35880813466,0,60
2020-10-19,11862.55,11875.7,11855.4,11874.4,14:15:00,11857.85320735993,0,61
2020-10-19,11868.65,11871.6,11861.25,11861.45,14:20:00,11858.881473325651,0,62
2020-10-19,11870.65,11875.9,11865.75,11868.7,14:25:00,11860.002285389875,0,63
2020-10-19,11883.4,11883.9,11858.5,11870.7,14:30:00,11862.230639162268,0,64
2020-10-19,11861.7,11886.45,11860.2,11884.05,14:35:00,11862.180102099195,0,65
2020-10-19,11861.25,11866.95,11857.45,11861.85,14:40:00,11862.091520946891,0,66
2020-10-19,11863.95,11874.95,11862.1,11863.4,14:45:00,11862.268518951949,0,67
2020-10-19,11869.2,11881.3,11860.8,11865.0,14:50:00,11862.928660004143,0,68
2020-10-19,11863.8,11873.5,11861.2,11869.95,14:55:00,11863.011644765653,0,69
2020-10-19,11876.7,11877.65,11863.3,11865.95,15:00:00,11864.315297645117,0,70
2020-10-19,11870.3,11877.15,11867.7,11875.35,15:05:00,11864.885269297962,0,71
2020-10-19,11877.8,11879.15,11870.0,11870.6,15:10:00,11866.115243650538,0,72
2020-10-19,11870.0,11879.0,11865.05,11879.0,15:15:00,11866.485220445726,0,73
2020-10-19,11875.9,11884.3,11868.3,11869.55,15:20:00,11867.38186611756,0,74
2020-10-19,11878.5,11881.8,11874.8,11875.7,15:25:00,11868.440736011124,0,75
2020-10-20,11878.2,11878.2,11837.25,11864.35,09:15:00,11869.370189724352,1,1
2020-10-20,11891.1,11893.55,11867.25,11882.85,09:20:00,11871.43969546489,1,2
2020-10-20,11902.7,11905.0,11887.6,11891.65,09:25:00,11874.416867325375,1,3
2020-10-20,11915.15,11922.45,11902.2,11902.8,09:30:00,11878.296213294389,1,4
2020-10-20,11923.8,11924.05,11911.35,11916.7,09:35:00,11882.629907266351,1,5
2020-10-20,11909.2,11924.3,11905.05,11922.75,09:40:00,11885.160392288604,1,6
2020-10-20,11908.55,11913.55,11901.85,11909.8,09:45:00,11887.387973975405,1,7
2020-10-20,11893.55,11911.05,11884.7,11909.25,09:50:00,11887.974833596794,1,8
2020-10-20,11887.35,11899.65,11885.5,11894.35,09:55:00,11887.915325635196,1,9
2020-10-20,11894.5,11896.85,11880.75,11888.55,10:00:00,11888.54243747946,1,10
2020-10-20,11899.5,11903.0,11892.2,11894.95,10:05:00,11889.586014862369,1,11
2020-10-20,11908.35,11908.9,11895.2,11899.9,10:10:00,11891.373061065951,1,12
2020-10-20,11897.3,11909.0,11897.3,11908.55,10:15:00,11891.937531440624,1,13
2020-10-20,11906.3,11907.2,11894.1,11897.9,10:20:00,11893.305385589136,1,14
2020-10-20,11908.7,11910.9,11902.95,11906.65,10:25:00,11894.771539342551,1,15
2020-10-20,11906.4,11908.6,11902.35,11907.85,10:30:00,11895.879011786115,1,16
2020-10-20,11911.15,11915.15,11905.8,11906.75,10:35:00,11897.33339161601,1,17
2020-10-20,11922.1,11923.8,11907.7,11912.05,10:40:00,11899.69211622401,1,18
2020-10-20,11919.65,11927.3,11916.25,11922.8,10:45:00,11901.59286705982,1,19
2020-10-20,11909.35,11922.05,11908.65,11920.35,10:50:00,11902.331641625551,1,20
2020-10-20,11918.65,11922.2,11907.0,11910.0,10:55:00,11903.885770994548,1,21
2020-10-20,11919.5,11921.35,11910.85,11918.6,11:00:00,11905.37284042364,1,22
2020-10-20,11922.15,11922.15,11918.15,11919.3,11:05:00,11906.970665145196,1,23
2020-10-20,11932.05,11940.1,11920.8,11921.0,11:10:00,11909.359173226609,1,24
2020-10-20,11929.35,11934.3,11923.65,11931.9,11:15:00,11911.26306149074,1,25
2020-10-20,11923.65,11930.25,11920.3,11928.35,11:20:00,11912.442769920191,1,26
2020-10-20,11925.9,11930.25,11920.95,11923.95,11:25:00,11913.724410880175,1,27
2020-10-20,11928.4,11930.05,11921.85,11925.85,11:30:00,11915.122086034444,1,28
2020-10-20,11926.1,11928.4,11920.6,11927.8,11:35:00,11916.16760165021,1,29
2020-10-20,11925.55,11927.95,11922.7,11926.25,11:40:00,11917.061163397808,1,30
2020-10-20,11932.7,11938.4,11925.75,11926.25,11:45:00,11918.55057640754,1,31
2020-10-20,11941.8,11945.05,11932.1,11932.45,11:50:00,11920.76480722587,1,32
2020-10-20,11945.4,11949.25,11942.45,11942.8,11:55:00,11923.111016061504,1,33
2020-10-20,11940.5,11947.35,11939.45,11945.6,12:00:00,11924.767109769931,1,34
2020-10-20,11935.0,11942.8,11933.35,11940.55,12:05:00,11925.741670744224,1,35
2020-10-20,11939.0,11942.15,11933.95,11935.5,12:10:00,11927.00436876858,1,36
2020-10-20,11943.8,11945.6,11935.2,11939.15,12:15:00,11928.603952695385,1,37
2020-10-20,11929.05,11943.85,11924.0,11943.2,12:20:00,11928.64643339106,1,38
2020-10-20,11934.3,11935.2,11926.6,11929.8,12:25:00,11929.184868306198,1,39
2020-10-20,11939.05,11940.0,11933.65,11934.15,12:30:00,11930.124404657989,1,40
2020-10-20,11940.55,11942.75,11938.25,11938.75,12:35:00,11931.117318500084,1,41
2020-10-20,11942.5,11945.4,11938.2,11940.5,12:40:00,11932.201383404838,1,42
2020-10-20,11941.15,11945.7,11938.25,11942.6,12:45:00,11933.053632604377,1,43
2020-10-20,11932.05,11941.6,11931.7,11941.6,12:50:00,11932.958048546818,1,44
2020-10-20,11924.5,11933.7,11923.25,11932.45,12:55:00,11932.152520113788,1,45
2020-10-20,11914.85,11923.85,11909.05,11923.55,13:00:00,11930.50466105533,1,46
2020-10-20,11914.85,11923.7,11912.2,11914.75,13:05:00,11929.013740954822,1,47
2020-10-20,11914.3,11923.45,11910.6,11914.55,13:10:00,11927.61243229246,1,48
2020-10-20,11910.2,11915.55,11905.15,11914.0,13:15:00,11925.954105407462,1,49
2020-10-20,11921.25,11928.9,11910.05,11910.05,13:20:00,11925.506095368655,1,50
2020-10-20,11918.05,11922.45,11918.05,11921.45,13:25:00,11924.79599104783,1,51
2020-10-20,11915.05,11921.15,11914.15,11917.9,13:30:00,11923.867801424229,1,52
2020-10-20,11899.7,11920.55,11899.7,11914.75,13:35:00,11921.56610605049,1,53
2020-10-20,11901.5,11914.6,11896.8,11900.35,13:40:00,11919.655048331397,1,54
2020-10-20,11905.75,11909.65,11900.0,11901.1,13:45:00,11918.33075801412,1,55
2020-10-20,11905.5,11909.4,11901.25,11906.4,13:50:00,11917.108781060397,1,56
2020-10-20,11900.45,11906.15,11893.45,11905.3,13:55:00,11915.522230483217,1,57
2020-10-20,11887.5,11901.5,11885.25,11899.5,14:00:00,11912.85344662767,1,58
2020-10-20,11888.25,11895.45,11885.65,11887.1,14:05:00,11910.51026123456,1,59
2020-10-20,11897.0,11902.75,11885.8,11888.6,14:10:00,11909.22356968841,1,60
2020-10-20,11907.35,11913.8,11896.4,11896.55,14:15:00,11909.045134479991,1,61
2020-10-20,11904.45,11912.6,11902.85,11908.15,14:20:00,11908.607502624754,1,62
2020-10-20,11902.2,11907.9,11900.5,11904.55,14:25:00,11907.99726427954,1,63
2020-10-20,11892.25,11907.05,11890.3,11901.55,14:30:00,11906.497524824346,1,64
2020-10-20,11886.3,11897.15,11885.6,11893.05,14:35:00,11904.57395103155,1,65
2020-10-20,11895.85,11900.05,11885.75,11886.5,14:40:00,11903.743098552355,1,66
2020-10-20,11898.55,11899.75,11889.55,11896.5,14:45:00,11903.248517737848,1,67
2020-10-20,11896.95,11901.7,11893.75,11898.35,14:50:00,11902.648658905671,1,68
2020-10-20,11898.25,11902.25,11894.1,11897.35,14:55:00,11902.229739009892,1,69
2020-10-20,11900.95,11902.75,11894.8,11899.8,15:00:00,11902.107859104188,1,70
2020-10-20,11897.4,11902.0,11896.05,11900.8,15:05:00,11901.659491570455,1,71
2020-10-20,11900.5,11904.0,11897.05,11897.05,15:10:00,11901.54906380184,1,72
2020-10-20,11892.3,11900.15,11888.1,11899.3,15:15:00,11900.668200582615,1,73
2020-10-20,11897.45,11900.8,11889.35,11892.9,15:20:00,11900.361705289037,1,74
2020-10-20,11898.3,11902.95,11895.15,11897.4,15:25:00,11900.165352404363,1,75
2020-10-21,11985.8,11991.25,11951.8,11951.8,09:15:00,11915.699982353686,2,1
2020-10-21,11993.9,11998.6,11982.1,11986.55,09:20:00,11923.147603081909,2,2
2020-10-21,11996.55,11999.05,11988.05,11994.3,09:25:00,11930.138307550296,2,3
2020-10-21,12004.5,12008.45,11995.35,11996.2,09:30:00,11937.220373497888,2,4
2020-10-21,12010.85,12012.85,12001.65,12005.05,09:35:00,11944.23271887904,2,5
2020-10-21,12013.05,12014.45,12005.75,12012.05,09:40:00,11950.786745652464,2,6
2020-10-21,12007.5,12018.65,12007.5,12013.3,09:45:00,11956.18800797128,2,7
2020-10-21,12008.05,12011.95,12003.65,12007.8,09:50:00,11961.127245307349,2,8
2020-10-21,12004.9,12009.1,12002.05,12007.9,09:55:00,11965.2960790876,2,9
2020-10-21,11998.95,12007.1,11997.7,12004.45,10:00:00,11968.501214412589,2,10
2020-10-21,12006.5,12006.65,11998.7,11999.0,10:05:00,11972.120146373294,2,11
2020-10-21,12006.05,12008.0,11998.95,12006.4,10:10:00,11975.351561004409,2,12
2020-10-21,11999.6,12009.25,11996.8,12006.15,10:15:00,11977.660936146847,2,13
2020-10-21,12000.1,12000.95,11996.25,11999.55,10:20:00,11979.797989847148,2,14
2020-10-21,11999.8,12003.55,11995.8,12000.0,10:25:00,11981.70294319504,2,15
2020-10-21,11987.8,12001.2,11987.8,12000.3,10:30:00,11982.283615271705,2,16
2020-10-21,11990.2,11992.75,11985.0,11987.85,10:35:00,11983.037556674395,2,17
2020-10-21,11992.55,11995.8,11989.1,11990.35,10:40:00,11983.943503657789,2,18
2020-10-21,11996.15,11996.55,11987.95,11992.4,10:45:00,11985.10602711895,2,19
2020-10-21,11993.05,11997.05,11985.7,11995.9,10:50:00,11985.862595964763,2,20
2020-10-21,11992.75,11997.25,11990.6,11993.2,10:55:00,11986.518539206216,2,21
2020-10-21,12001.6,12002.8,11992.4,11992.55,11:00:00,11987.954868805624,2,22
2020-10-21,12001.0,12005.15,11999.8,12001.65,11:05:00,11989.197262252708,2,23
2020-10-21,11998.4,12003.5,11998.1,12000.95,11:10:00,11990.073713466736,2,24
2020-10-21,11986.25,11997.8,11979.75,11997.15,11:15:00,11989.709550279427,2,25
2020-10-21,11992.85,11993.8,11982.35,11985.9,11:20:00,11990.008640729004,2,26
2020-10-21,11996.2,11997.45,11991.35,11993.35,11:25:00,11990.598293992907,2,27
2020-10-21,11992.85,11996.5,11989.2,11996.5,11:30:00,11990.81274218406,2,28
2020-10-21,11990.85,11995.9,11990.75,11992.65,11:35:00,11990.816290547484,2,29
2020-10-21,11991.9,11992.2,11985.3,11990.6,11:40:00,11990.919500971531,2,30
2020-10-21,11997.55,11999.45,11991.1,11991.1,11:45:00,11991.550977069484,2,31
2020-10-21,11998.75,12000.5,11995.35,11997.4,11:50:00,11992.23659830096,2,32
2020-10-21,11998.7,11999.95,11996.4,11998.9,11:55:00,11992.852160367536,2,33
2020-10-21,11999.65,12002.65,11996.7,11998.9,12:00:00,11993.499573665868,2,34
2020-10-21,12010.2,12014.3,11998.15,11999.5,12:05:00,11995.090090459596,2,35
2020-10-21,12012.55,12016.55,12008.7,12010.0,12:10:00,11996.752938987252,2,36
2020-10-21,12008.95,12014.7,12008.6,12013.65,12:15:00,11997.91456384561,2,37
2020-10-21,12010.85,12014.55,12006.3,12009.05,12:20:00,11999.146510146027,2,38
2020-10-21,12010.95,12014.45,12008.55,12010.15,12:25:00,12000.270652036885,2,39
2020-10-21,12005.1,12010.95,12003.55,12010.25,12:30:00,12000.730589938134,2,40
2020-10-21,12007.05,12007.55,12004.1,12005.6,12:35:00,12001.332438515454,2,41
2020-10-21,11994.25,12007.3,11993.6,12007.25,12:40:00,12000.6579205616,2,42
2020-10-21,11989.35,11994.1,11985.8,11994.1,12:45:00,11999.58097574621,2,43
2020-10-21,11992.65,11996.0,11989.2,11990.15,12:50:00,11998.920882818,2,44
2020-10-21,11989.7,11996.9,11989.2,11993.05,12:55:00,11998.042703502,2,45
2020-10-21,11996.4,11996.4,11986.0,11989.55,13:00:00,11997.886255549429,2,46
2020-10-21,11996.25,11998.35,11993.85,11996.55,13:05:00,11997.730421687578,2,47
2020-10-21,11991.5,11996.6,11988.75,11996.2,13:10:00,11997.137048193525,2,48
2020-10-21,11951.6,11991.55,11951.5,11991.55,13:15:00,11992.800186460809,2,49
2020-10-21,11919.6,11949.1,11917.15,11947.95,13:20:00,11985.828740131206,2,50
2020-10-21,11909.4,11934.6,11901.2,11914.2,13:25:00,11978.549812499665,2,51
2020-10-21,11871.1,11909.7,11857.05,11909.7,13:30:00,11968.316497023505,2,52
2020-10-21,11857.05,11872.35,11835.6,11870.8,13:35:00,11957.719687783172,2,53
2020-10-21,11869.55,11884.5,11846.45,11856.35,13:40:00,11949.322574660964,2,54
2020-10-21,11878.25,11883.7,11851.7,11868.45,13:45:00,11942.553758026586,2,55
2020-10-21,11865.35,11884.75,11863.2,11878.55,13:50:00,11935.20101916691,2,56
2020-10-21,11864.3,11874.8,11855.75,11865.7,13:55:00,11928.448541151014,2,57
2020-10-21,11826.25,11870.05,11820.0,11864.5,14:00:00,11918.715346755678,2,58
2020-10-21,11835.9,11838.35,11815.55,11826.5,14:05:00,11910.828170874183,2,59
2020-10-21,11804.8,11837.9,11804.5,11836.5,14:10:00,11900.730249838549,2,60
2020-10-21,11795.15,11807.5,11775.75,11802.9,14:15:00,11890.674987949164,2,61
2020-10-21,11797.0,11812.1,11787.6,11794.7,14:20:00,11881.753560525434,2,62
2020-10-21,11790.75,11797.15,11777.75,11796.25,14:25:00,11873.086554761108,2,63
2020-10-21,11837.35,11845.75,11791.35,11791.35,14:30:00,11869.683073355289,2,64
2020-10-21,11844.75,11845.0,11821.05,11835.95,14:35:00,11867.308494940498,2,65
2020-10-21,11834.05,11849.1,11830.25,11845.4,14:40:00,11864.141019231878,2,66
2020-10-21,11873.1,11873.1,11833.1,11833.25,14:45:00,11864.994255495509,2,67
2020-10-21,11896.0,11909.9,11872.35,11872.35,14:50:00,11867.947183543556,2,68
2020-10-21,11885.6,11908.5,11882.2,11895.7,14:55:00,11869.628404158457,2,69
2020-10-21,11926.1,11929.9,11885.85,11885.85,15:00:00,11875.00665138146,2,70
2020-10-21,11934.1,11936.15,11921.65,11925.75,15:05:00,11880.63458934513,2,71
2020-10-21,11950.75,11954.45,11935.25,11935.25,15:10:00,11887.312247502738,2,72
2020-10-21,11952.2,11956.9,11943.6,11950.8,15:15:00,11893.49203345486,2,73
2020-10-21,11943.65,11954.55,11940.7,11953.05,15:20:00,11898.268982649632,2,74
2020-10-21,11933.5,11946.0,11930.55,11943.45,15:25:00,11901.624317635382,2,75
2020-10-22,11934.05,11939.55,11882.45,11895.25,09:15:00,11904.712477860585,3,1
2020-10-22,11907.05,11936.3,11900.05,11935.1,09:20:00,11904.93509901672,3,2
2020-10-22,11901.2,11913.0,11895.65,11907.5,09:25:00,11904.579375300842,3,3
2020-10-22,11869.0,11898.65,11862.2,11898.65,09:30:00,11901.190863367428,3,4
2020-10-22,11888.15,11891.15,11853.55,11868.5,09:35:00,11899.948876380056,3,5
2020-10-22,11896.05,11899.9,11889.1,11889.7,09:40:00,11899.57755482005,3,6
2020-10-22,11900.85,11911.75,11888.55,11897.0,09:45:00,11899.698740075284,3,7
2020-10-22,11902.75,11910.45,11896.0,11900.05,09:50:00,11899.989336258592,3,8
2020-10-22,11903.0,11906.7,11894.9,11903.65,09:55:00,11900.276066138726,3,9
2020-10-22,11916.0,11919.75,11900.35,11902.75,10:00:00,11901.773583649325,3,10
2020-10-22,11901.15,11922.9,11900.6,11916.25,10:05:00,11901.71419473034,3,11
2020-10-22,11897.8,11905.25,11889.45,11900.8,10:10:00,11901.34141427983,3,12
2020-10-22,11895.4,11903.15,11890.4,11898.65,10:15:00,11900.7755653008,3,13
2020-10-22,11882.85,11905.4,11882.15,11895.5,10:20:00,11899.068368605484,3,14
2020-10-22,11883.75,11886.85,11877.4,11882.3,10:25:00,11897.609476357344,3,15
2020-10-22,11883.25,11885.2,11871.65,11884.05,10:30:00,11896.241907180454,3,16
2020-10-22,11892.5,11894.8,11882.6,11883.45,10:35:00,11895.88553506803,3,17
2020-10-22,11892.45,11896.15,11885.3,11892.65,10:40:00,11895.558341252026,3,18
2020-10-22,11890.8,11902.05,11890.7,11892.4,10:45:00,11895.10516589469,3,19
2020-10-22,11894.25,11900.6,11891.4,11891.5,10:50:00,11895.023721523768,3,20
2020-10-22,11907.4,11907.7,11892.75,11893.85,10:55:00,11896.20241471198,3,21
2020-10-22,11913.85,11922.65,11908.05,11908.05,11:00:00,11897.88313712036,3,22
2020-10-22,11905.85,11916.0,11903.6,11914.6,11:05:00,11898.64188596604,3,23
2020-10-22,11906.35,11910.25,11900.9,11905.35,11:10:00,11899.375992064512,3,24
2020-10-22,11899.45,11906.25,11892.0,11905.35,11:15:00,11899.38304043932,3,25
2020-10-22,11908.6,11910.05,11897.8,11899.4,11:20:00,11900.260846111769,3,26
2020-10-22,11887.1,11908.25,11881.95,11907.55,11:25:00,11899.00743219636,3,27
2020-10-22,11882.75,11888.4,11873.2,11886.85,11:30:00,11897.459105320517,3,28
2020-10-22,11886.55,11891.6,11878.65,11882.9,11:35:00,11896.420142909035,3,29
2020-10-22,11899.6,11899.95,11886.3,11886.95,11:40:00,11896.72298644151,3,30
2020-10-22,11902.75,11906.2,11897.05,11899.5,11:45:00,11897.296987732794,3,31
2020-10-22,11900.95,11907.15,11900.45,11902.6,11:50:00,11897.644893663004,3,32
2020-10-22,11896.05,11902.4,11893.8,11901.5,11:55:00,11897.492999028433,3,33
2020-10-22,11902.45,11906.8,11895.85,11896.5,12:00:00,11897.965094359057,3,34
2020-10-22,11896.55,11903.75,11890.6,11902.95,12:05:00,11897.83032346772,3,35
2020-10-22,11903.55,11906.65,11893.85,11896.1,12:10:00,11898.375054566031,3,36
2020-10-22,11905.6,11906.15,11897.35,11904.1,12:15:00,11899.063144607362,3,37
2020-10-22,11887.6,11905.5,11886.35,11905.5,12:20:00,11897.971416549515,3,38
2020-10-22,11884.1,11888.5,11870.1,11887.45,12:25:00,11896.650329259086,3,39
2020-10-22,11868.3,11882.6,11868.1,11882.6,12:30:00,11893.95029790108,3,40
2020-10-22,11863.05,11880.55,11860.45,11869.1,12:35:00,11891.00741238669,3,41
2020-10-22,11852.65,11862.75,11845.65,11862.75,12:40:00,11887.35432549272,3,42
2020-10-22,11869.65,11869.65,11849.35,11851.8,12:45:00,11885.66819925532,3,43
2020-10-22,11875.45,11876.85,11857.9,11869.55,12:50:00,11884.69503742148,3,44
2020-10-22,11894.65,11907.6,11871.2,11875.5,12:55:00,11885.643129095624,3,45
2020-10-22,11890.25,11896.95,11884.0,11893.85,13:00:00,11886.081878705563,3,46
2020-10-22,11898.0,11903.15,11886.3,11891.05,13:05:00,11887.216937876465,3,47
2020-10-22,11886.55,11897.8,11881.75,11897.45,13:10:00,11887.153419983466,3,48
2020-10-22,11881.5,11885.4,11870.65,11885.4,13:15:00,11886.61499903266,3,49
2020-10-22,11881.8,11884.5,11871.35,11881.35,13:20:00,11886.156427696216,3,50
2020-10-22,11889.45,11891.25,11881.35,11881.35,13:25:00,11886.47010124896,3,51
2020-10-22,11893.6,11904.05,11882.0,11888.45,13:30:00,11887.149139225248,3,52
2020-10-22,11883.9,11896.85,11878.2,11894.3,13:35:00,11886.83969739427,3,53
2020-10-22,11862.8,11883.95,11862.35,11883.95,13:40:00,11884.55020240434,3,54
2020-10-22,11875.95,11878.4,11854.6,11859.65,13:45:00,11883.731135508688,3,55
2020-10-22,11880.05,11886.15,11872.4,11875.5,13:50:00,11883.380551174529,3,56
2020-10-22,11896.9,11901.9,11878.85,11880.45,13:55:00,11884.668117729334,3,57
2020-10-22,11887.1,11921.6,11887.1,11895.3,14:00:00,11884.899725564635,3,58
2020-10-22,11890.7,11895.65,11882.0,11886.45,14:05:00,11885.452132653718,3,59
2020-10-22,11895.45,11898.6,11887.25,11891.4,14:10:00,11886.40431049622,3,60
2020-10-22,11875.25,11896.95,11867.3,11894.4,14:15:00,11885.341995210869,3,61
2020-10-22,11880.2,11881.45,11868.85,11875.3,14:20:00,11884.85228138126,3,62
2020-10-22,11873.25,11882.45,11871.2,11880.25,14:25:00,11883.747302202091,3,63
2020-10-22,11865.75,11875.65,11864.25,11872.8,14:30:00,11882.03327342094,3,64
2020-10-22,11834.2,11870.2,11829.85,11865.85,14:35:00,11877.477723571326,3,65
2020-10-22,11839.95,11852.55,11823.45,11831.35,14:40:00,11873.90365465977,3,66
2020-10-22,11866.75,11866.75,11834.2,11839.05,14:45:00,11873.222354215985,3,67
2020-10-22,11860.45,11872.25,11854.95,11866.9,14:50:00,11872.005939528746,3,68
2020-10-22,11861.3,11864.85,11854.85,11860.05,14:55:00,11870.986326240294,3,69
2020-10-22,11892.35,11892.6,11862.3,11862.9,15:00:00,11873.020961836455,3,70
2020-10-22,11891.3,11893.3,11883.7,11892.2,15:05:00,11874.761822613937,3,71
2020-10-22,11896.7,11898.75,11887.85,11890.95,15:10:00,11876.85117284118,3,72
2020-10-22,11902.35,11903.35,11895.05,11896.35,15:15:00,11879.279632570591,3,73
2020-10-22,11904.6,11915.5,11900.45,11903.15,15:20:00,11881.6910961353,3,74
2020-10-22,11906.7,11910.45,11901.65,11904.35,15:25:00,11884.072896503369,3,75
2020-10-23,11967.6,11970.3,11939.15,11960.85,09:15:00,11892.02785874114,4,1
2020-10-23,11949.7,11974.55,11949.7,11970.4,09:20:00,11897.520443622936,4,2
2020-10-23,11956.25,11957.65,11942.55,11948.45,09:25:00,11903.113734706463,4,3
2020-10-23,11959.65,11963.15,11949.65,11957.05,09:30:00,11908.498140924898,4,4
2020-10-23,11961.3,11961.6,11948.4,11956.6,09:35:00,11913.52688940824,4,5
2020-10-23,11948.55,11966.15,11944.0,11961.1,09:40:00,11916.862423750314,4,6
2020-10-23,11931.85,11950.2,11927.35,11948.9,09:45:00,11918.289811964569,4,7
2020-10-23,11942.75,11944.65,11930.65,11931.9,09:50:00,11920.619353682228,4,8
2020-10-23,11948.35,11950.85,11937.85,11943.0,09:55:00,11923.260367617257,4,9
2020-10-23,11950.1,11955.6,11945.75,11950.35,10:00:00,11925.816523082278,4,10
2020-10-23,11952.45,11957.9,11949.7,11950.45,10:05:00,11928.353044693493,4,11
2020-10-23,11949.15,11958.35,11942.0,11952.05,10:10:00,11930.333707103637,4,12
2020-10-23,11944.9,11952.3,11941.7,11949.85,10:15:00,11931.720973093765,4,13
2020-10-23,11950.7,11955.55,11944.4,11944.5,10:20:00,11933.528499465789,4,14
2020-10-23,11944.35,11952.35,11940.35,11950.55,10:25:00,11934.559118564284,4,15
2020-10-23,11937.9,11950.5,11936.55,11945.8,10:30:00,11934.877297748635,4,16
2020-10-23,11932.15,11942.4,11931.45,11935.25,10:35:00,11934.61755510591,4,17
2020-10-23,11941.4,11941.45,11924.95,11925.1,10:40:00,11935.26350223868,4,18
2020-10-23,11942.85,11949.95,11941.7,11943.25,10:45:00,11935.986025834996,4,19
2020-10-23,11931.85,11942.8,11931.8,11942.8,10:50:00,11935.592118612616,4,20
2020-10-23,11929.3,11933.85,11921.7,11929.05,10:55:00,11934.992869220938,4,21
2020-10-23,11927.3,11929.15,11920.4,11929.0,11:00:00,11934.26021500942,4,22
2020-10-23,11924.2,11935.55,11923.5,11927.55,11:05:00,11933.302099294237,4,23
2020-10-23,11931.75,11934.1,11923.5,11925.2,11:10:00,11933.154280313833,4,24
2020-10-23,11943.35,11943.35,11932.3,11932.35,11:15:00,11934.125301236323,4,25
2020-10-23,11934.3,11946.35,11933.5,11943.5,11:20:00,11934.141939213818,4,26
2020-10-23,11935.65,11939.95,11931.25,11934.85,11:25:00,11934.285564050597,4,27
2020-10-23,11931.55,11936.75,11927.25,11935.45,11:30:00,11934.025034141016,4,28
2020-10-23,11932.05,11935.8,11929.2,11932.1,11:35:00,11933.836935651396,4,29
2020-10-23,11931.3,11935.05,11929.2,11932.2,11:40:00,11933.595322732215,4,30
2020-10-23,11921.65,11931.35,11908.75,11931.35,11:45:00,11932.457672948196,4,31
2020-10-23,11925.1,11929.2,11919.1,11919.55,11:50:00,11931.756942191225,4,32
2020-10-23,11932.65,11935.35,11926.15,11926.15,11:55:00,11931.84199531587,4,33
2020-10-23,11929.35,11938.75,11925.65,11933.95,12:00:00,11931.604662428645,4,34
2020-10-23,11929.45,11935.2,11927.5,11929.55,12:05:00,11931.39945648306,4,35
2020-10-23,11927.55,11930.95,11922.25,11929.15,12:10:00,11931.032841579912,4,36
2020-10-23,11932.9,11936.25,11926.85,11928.1,12:15:00,11931.21066619135,4,37
2020-10-23,11937.2,11937.7,11930.8,11933.8,12:20:00,11931.78107893503,4,38
2020-10-23,11943.55,11944.05,11936.15,11936.7,12:25:00,11932.901928560264,4,39
2020-10-23,11948.35,11953.1,11945.85,11947.2,12:30:00,11934.373173459288,4,40
2020-10-23,11940.3,11952.85,11938.6,11948.25,12:35:00,11934.937633129832,4,41
2020-10-23,11945.85,11950.8,11940.1,11940.85,12:40:00,11935.976906165086,4,42
2020-10-23,11953.25,11954.25,11943.5,11945.55,12:45:00,11937.621962720792,4,43
2020-10-23,11953.8,11960.7,11952.75,11953.4,12:50:00,11939.162728175956,4,44
2020-10-23,11954.7,11957.55,11948.95,11953.75,12:55:00,11940.642468349672,4,45
2020-10-23,11956.7,11968.25,11955.7,11955.7,13:00:00,11942.171757078277,4,46
2020-10-23,11955.15,11960.25,11951.4,11956.95,13:05:00,11943.40778021368,4,47
2020-10-23,11956.7,11956.95,11946.85,11955.25,13:10:00,11944.673705907617,4,48
2020-10-23,11951.2,11959.9,11950.5,11956.8,13:15:00,11945.295257725938,4,49
2020-10-23,11948.5,11950.3,11941.9,11947.8,13:20:00,11945.60047127585,4,50
2020-10-23,11946.7,11954.5,11944.2,11948.45,13:25:00,11945.705188297195,4,51
2020-10-23,11952.05,11954.1,11943.55,11946.85,13:30:00,11946.309456078416,4,52
2020-10-23,11942.75,11956.4,11942.6,11952.9,13:35:00,11945.970460261424,4,53
2020-10-23,11942.1,11950.8,11940.25,11944.0,13:40:00,11945.601844998431,4,54
2020-10-23,11942.35,11945.05,11934.25,11942.25,13:45:00,11945.292145474772,4,55
2020-10-23,11948.8,11953.65,11940.9,11942.8,13:50:00,11945.626226858129,4,56
2020-10-23,11947.6,11950.35,11943.75,11948.75,13:55:00,11945.81420525259,4,57
2020-10-23,11941.65,11949.85,11941.2,11947.95,14:00:00,11945.417614276152,4,58
2020-10-23,11942.15,11946.7,11936.55,11941.3,14:05:00,11945.10641291652,4,59
2020-10-23,11936.8,11944.3,11935.65,11942.55,14:10:00,11944.315325972091,4,60
2020-10-23,11937.2,11940.7,11934.75,11937.05,14:15:00,11943.63767587951,4,61
2020-10-23,11937.6,11944.35,11933.4,11936.9,14:20:00,11943.06265912908,4,62
2020-10-23,11929.9,11940.05,11929.15,11938.35,14:25:00,11941.809072545357,4,63
2020-10-23,11934.4,11941.0,11926.8,11929.75,14:30:00,11941.103446588657,4,64
2020-10-23,11942.1,11943.95,11934.15,11935.05,14:35:00,11941.198356437357,4,65
2020-10-23,11955.45,11959.9,11942.95,11943.2,14:40:00,11942.555655824275,4,66
2020-10-23,11948.2,11960.85,11945.9,11957.6,14:45:00,11943.09321241244,4,67
2020-10-23,11945.1,11948.45,11942.5,11947.8,14:50:00,11943.284335039823,4,68
2020-10-23,11938.45,11948.55,11932.25,11945.55,14:55:00,11942.82392217889,4,69
2020-10-23,11935.3,11943.65,11929.35,11939.2,15:00:00,11942.107358161851,4,70
2020-10-23,11936.35,11940.2,11931.75,11936.4,15:05:00,11941.559038336913,4,71
2020-10-23,11930.85,11939.0,11928.1,11937.8,15:10:00,11940.539129923873,4,72
2020-10-23,11925.7,11932.35,11924.95,11929.75,15:15:00,11939.125879454932,4,73
2020-10-23,11926.2,11933.2,11920.65,11925.85,15:20:00,11937.894843316368,4,74
2020-10-23,11930.3,11930.6,11924.25,11925.85,15:25:00,11937.171524905283,4,75
2020-10-26,11890.9,11942.85,11889.3,11942.85,09:15:00,11932.764713009545,0,1
2020-10-26,11903.55,11908.5,11877.0,11890.6,09:20:00,11929.982359389587,0,2
2020-10-26,11899.65,11912.4,11895.6,11901.6,09:25:00,11927.093563257244,0,3
2020-10-26,11911.3,11916.85,11889.45,11899.75,09:30:00,11925.589414375603,0,4
2020-10-26,11904.15,11922.75,11902.8,11912.45,09:35:00,11923.547565387453,0,5
2020-10-26,11903.05,11905.95,11894.6,11903.3,09:40:00,11921.595416302933,0,6
2020-10-26,11905.2,11914.25,11903.6,11904.15,09:45:00,11920.033948083606,0,7
2020-10-26,11906.55,11912.85,11901.75,11905.5,09:50:00,11918.749762551835,0,8
2020-10-26,11907.2,11908.95,11902.9,11906.45,09:55:00,11917.649785165946,0,9
2020-10-26,11895.75,11908.85,11894.85,11906.7,10:00:00,11915.564091340617,0,10
2020-10-26,11908.75,11910.4,11895.1,11895.1,10:05:00,11914.915130260557,0,11
2020-10-26,11903.25,11911.95,11903.25,11909.65,10:10:00,11913.804165473835,0,12
2020-10-26,11898.95,11903.15,11894.6,11903.0,10:15:00,11912.389483047758,0,13
2020-10-26,11898.0,11899.6,11892.1,11898.2,10:20:00,11911.019056090829,0,14
2020-10-26,11900.1,11902.7,11894.3,11897.8,10:25:00,11909.97914598694,0,15
2020-10-26,11905.6,11906.95,11897.4,11900.75,10:30:00,11909.562084464376,0,16
2020-10-26,11897.85,11906.6,11896.55,11905.45,10:35:00,11908.44664784872,0,17
2020-10-26,11898.85,11901.95,11897.05,11898.65,10:40:00,11907.532681386938,0,18
2020-10-26,11899.25,11899.25,11888.8,11899.0,10:45:00,11906.74385458818,0,19
2020-10-26,11900.5,11904.55,11896.6,11898.8,10:50:00,11906.14920177026,0,20
2020-10-26,11902.9,11907.5,11900.0,11900.6,10:55:00,11905.839753982616,0,21
2020-10-26,11898.1,11906.8,11895.35,11902.85,11:00:00,11905.102634555698,0,22
2020-10-26,11895.65,11898.9,11894.75,11897.95,11:05:00,11904.202383645632,0,23
2020-10-26,11884.4,11898.1,11882.5,11894.75,11:10:00,11902.316442346048,0,24
2020-10-26,11864.2,11884.95,11857.3,11884.7,11:15:00,11898.686304979758,0,25
2020-10-26,11853.8,11868.0,11851.2,11864.05,11:20:00,11894.41141879121,0,26
2020-10-26,11867.3,11867.5,11853.85,11854.05,11:25:00,11891.829378906332,0,27
2020-10-26,11871.4,11875.75,11866.55,11866.8,11:30:00,11889.883723772396,0,28
2020-10-26,11837.9,11872.25,11837.35,11871.55,11:35:00,11884.93289293693,0,29
2020-10-26,11841.7,11842.75,11831.7,11836.5,11:40:00,11880.815474561983,0,30
2020-10-26,11845.95,11847.45,11832.85,11841.25,11:45:00,11877.494953175126,0,31
2020-10-26,11845.4,11849.65,11839.9,11845.6,11:50:00,11874.438290967972,0,32
2020-10-26,11842.8,11845.4,11836.75,11844.9,11:55:00,11871.425120399594,0,33
2020-10-26,11844.8,11852.4,11842.0,11842.1,12:00:00,11868.889394647253,0,34
2020-10-26,11821.15,11845.55,11820.05,11844.55,12:05:00,11864.342785633227,0,35
2020-10-26,11824.35,11827.5,11814.75,11819.75,12:10:00,11860.533948906252,0,36
2020-10-26,11812.95,11825.7,11812.95,11823.65,12:15:00,11856.002144248514,0,37
2020-10-26,11815.2,11819.75,11812.6,11812.6,12:20:00,11852.116225748656,0,38
2020-10-26,11821.6,11826.85,11813.6,11815.65,12:25:00,11849.209918534498,0,39
2020-10-26,11808.8,11821.55,11803.0,11821.2,12:30:00,11845.361354864546,0,40
2020-10-26,11789.6,11809.15,11784.3,11808.5,12:35:00,11840.050749639351,0,41
2020-10-26,11797.8,11802.25,11783.3,11787.65,12:40:00,11836.026868721316,0,42
2020-10-26,11791.5,11799.35,11789.9,11797.5,12:45:00,11831.786214557382,0,43
2020-10-26,11783.95,11791.1,11776.8,11791.1,12:50:00,11827.230384599536,0,44
2020-10-26,11758.2,11787.9,11752.65,11783.4,12:55:00,11820.656062256725,0,45
2020-10-26,11770.7,11770.7,11752.25,11757.85,13:00:00,11815.898342041795,0,46
2020-10-26,11771.6,11782.25,11768.8,11769.85,13:05:00,11811.679452323531,0,47
2020-10-26,11777.95,11778.8,11765.6,11770.9,13:10:00,11808.467123530814,0,48
2020-10-26,11796.75,11797.95,11771.1,11776.65,13:15:00,11807.35120700407,0,49
2020-10-26,11782.8,11796.9,11782.8,11796.65,13:20:00,11805.012996813206,0,50
2020-10-26,11771.45,11781.8,11770.05,11780.4,13:25:00,11801.816520926235,0,51
2020-10-26,11778.25,11782.15,11765.3,11770.2,13:30:00,11799.572090361831,0,52
2020-10-26,11768.8,11778.75,11764.15,11778.35,13:35:00,11796.641415089276,0,53
2020-10-26,11783.3,11785.0,11768.65,11768.65,13:40:00,11795.370804128394,0,54
2020-10-26,11779.5,11789.75,11769.75,11782.85,13:45:00,11793.859298973308,0,55
2020-10-26,11763.7,11781.2,11762.4,11778.7,13:50:00,11790.986984785372,0,56
2020-10-26,11737.1,11762.75,11734.1,11762.25,13:55:00,11785.854890996292,0,57
2020-10-26,11725.25,11737.4,11711.7,11736.05,14:00:00,11780.082996615693,0,58
2020-10-26,11725.75,11735.8,11715.85,11725.65,14:05:00,11774.908425509437,0,59
2020-10-26,11723.45,11728.75,11720.15,11724.75,14:10:00,11770.007623079966,0,60
2020-10-26,11732.55,11746.4,11715.7,11722.3,14:15:00,11766.440230405684,0,61
2020-10-26,11741.15,11744.8,11729.6,11732.45,14:20:00,11764.031637033717,0,62
2020-10-26,11745.75,11752.75,11734.55,11741.8,14:25:00,11762.29052874479,0,63
2020-10-26,11730.3,11752.45,11725.1,11745.2,14:30:00,11759.243811721475,0,64
2020-10-26,11745.45,11753.25,11729.7,11729.85,14:35:00,11757.930115367051,0,65
2020-10-26,11749.95,11751.4,11734.55,11744.95,14:40:00,11757.170104379711,0,66
2020-10-26,11753.8,11767.8,11750.45,11750.45,14:45:00,11756.849142057836,0,67
2020-10-26,11748.4,11758.95,11742.1,11753.1,14:50:00,11756.044461861851,0,68
2020-10-26,11756.5,11758.25,11744.55,11748.55,14:55:00,11756.087846446437,0,69
2020-10-26,11762.75,11768.75,11756.0,11756.0,15:00:00,11756.722337261062,0,70
2020-10-26,11756.75,11768.85,11756.6,11761.6,15:05:00,11756.724971807627,0,71
2020-10-26,11770.05,11772.05,11754.3,11758.65,15:10:00,11757.994022111665,0,72
2020-10-26,11777.35,11779.3,11765.05,11769.7,15:15:00,11759.837448577218,0,73
2020-10-26,11778.5,11785.0,11769.85,11777.75,15:20:00,11761.614834427008,0,74
2020-10-26,11778.05,11780.65,11774.15,11778.2,15:25:00,11763.180088291105,0,75
2020-10-27,11789.45,11815.65,11771.5,11815.65,09:15:00,11765.681984644332,1,1
2020-10-27,11741.7,11790.6,11739.6,11788.9,09:20:00,11763.397986106776,1,2
2020-10-27,11735.7,11748.05,11730.45,11748.05,09:25:00,11760.760082668035,1,3
2020-10-27,11738.85,11747.4,11723.0,11735.2,09:30:00,11758.673408128225,1,4
2020-10-27,11765.05,11767.3,11732.5,11739.4,09:35:00,11759.280702592205,1,5
2020-10-27,11785.7,11793.8,11762.8,11766.1,09:40:00,11761.79682615485,1,6
2020-10-27,11795.75,11818.85,11786.3,11786.3,09:45:00,11765.03046175915,1,7
2020-10-27,11806.3,11810.8,11789.6,11790.4,09:50:00,11768.960893972564,1,8
2020-10-27,11803.2,11812.5,11795.35,11806.45,09:55:00,11772.221761213272,1,9
2020-10-27,11806.35,11809.3,11796.15,11804.35,10:00:00,11775.47206966915,1,10
2020-10-27,11789.4,11806.45,11786.95,11806.45,10:05:00,11776.798539224468,1,11
2020-10-27,11788.15,11796.6,11783.4,11789.65,10:10:00,11777.8796307269,1,12
2020-10-27,11784.7,11788.0,11769.3,11788.0,10:15:00,11778.52918970529,1,13
2020-10-27,11789.25,11794.8,11782.75,11783.9,10:20:00,11779.550219257168,1,14
2020-10-27,11806.3,11806.3,11783.4,11788.8,10:25:00,11782.097817423151,1,15
2020-10-27,11797.2,11812.5,11795.95,11806.15,10:30:00,11783.536120525709,1,16
2020-10-27,11797.6,11798.35,11790.9,11796.65,10:35:00,11784.875537618498,1,17
2020-10-27,11800.95,11805.5,11795.9,11795.95,10:40:00,11786.406438797689,1,18
2020-10-27,11824.4,11825.5,11800.9,11801.8,10:45:00,11790.024873197908,1,19
2020-10-27,11820.65,11826.05,11814.45,11824.2,10:50:00,11792.941551940963,1,20
2020-10-27,11816.45,11823.05,11816.1,11821.75,10:55:00,11795.18045175611,1,21
2020-10-27,11810.05,11821.0,11808.05,11816.55,11:00:00,11796.59659920791,1,22
2020-10-27,11811.35,11811.65,11799.3,11810.3,11:05:00,11798.001684997633,1,23
2020-10-27,11804.9,11811.35,11804.3,11810.8,11:10:00,11798.65866737881,1,24
2020-10-27,11807.5,11810.95,11801.15,11804.95,11:15:00,11799.500699057018,1,25
2020-10-27,11808.85,11815.2,11806.75,11807.2,11:20:00,11800.391108670636,1,26
2020-10-27,11794.8,11810.35,11789.9,11808.8,11:25:00,11799.858622130574,1,27
2020-10-27,11802.25,11806.45,11791.35,11794.85,11:30:00,11800.086372403852,1,28
2020-10-27,11813.5,11813.7,11795.4,11801.45,11:35:00,11801.363860746342,1,29
2020-10-27,11829.65,11834.15,11813.1,11813.9,11:40:00,11804.0577787705,1,30
2020-10-27,11834.75,11845.85,11831.75,11835.5,11:45:00,11806.980847459025,1,31
2020-10-27,11836.35,11838.7,11826.9,11834.7,11:50:00,11809.777909605782,1,32
2020-10-27,11834.55,11840.55,11831.7,11835.8,11:55:00,11812.137156309993,1,33
2020-10-27,11829.6,11834.8,11823.2,11834.05,12:00:00,11813.800284280467,1,34
2020-10-27,11841.15,11848.2,11828.85,11829.25,12:05:00,11816.405019110902,1,35
2020-10-27,11836.55,11843.55,11834.8,11841.05,12:10:00,11818.323588719386,1,36
2020-10-27,11834.25,11838.25,11830.0,11837.1,12:15:00,11819.840389793731,1,37
2020-10-27,11841.45,11844.6,11830.35,11833.5,12:20:00,11821.898447908614,1,38
2020-10-27,11829.05,11842.9,11829.05,11841.4,12:25:00,11822.579548107797,1,39
2020-10-27,11832.0,11835.1,11817.1,11829.55,12:30:00,11823.476734002292,1,40
2020-10-27,11824.5,11832.55,11816.85,11832.05,12:35:00,11823.574187906836,1,41
2020-10-27,11826.2,11829.9,11820.55,11824.3,12:40:00,11823.82426524904,1,42
2020-10-27,11831.95,11833.85,11826.0,11826.0,12:45:00,11824.598144749132,1,43
2020-10-27,11836.75,11837.35,11830.7,11830.85,12:50:00,11825.755464296835,1,44
2020-10-27,11824.4,11836.35,11824.15,11835.9,12:55:00,11825.62637245904,1,45
2020-10-27,11810.6,11828.8,11807.1,11824.7,13:00:00,11824.195289367704,1,46
2020-10-27,11840.95,11845.3,11810.35,11810.45,13:05:00,11825.79097609459,1,47
2020-10-27,11852.55,11857.85,11841.05,11841.05,13:10:00,11828.33945456177,1,48
2020-10-27,11854.45,11861.75,11850.45,11852.85,13:15:00,11830.826173174935,1,49
2020-10-27,11852.15,11855.3,11844.2,11855.3,13:20:00,11832.857013824942,1,50
2020-10-27,11858.4,11861.4,11844.35,11852.1,13:25:00,11835.289679174948,1,51
2020-10-27,11842.3,11859.05,11837.55,11859.05,13:30:00,11835.957328777336,1,52
2020-10-27,11847.25,11855.0,11842.0,11842.25,13:35:00,11837.03282127473,1,53
2020-10-27,11836.55,11847.1,11834.85,11847.05,13:40:00,11836.986838296183,1,54
2020-10-27,11854.8,11855.55,11835.45,11836.95,13:45:00,11838.683329887022,1,55
2020-10-27,11845.95,11855.75,11843.65,11855.0,13:50:00,11839.375393707303,1,56
2020-10-27,11844.4,11846.85,11833.6,11846.55,13:55:00,11839.853927639942,1,57
2020-10-27,11847.9,11853.75,11842.2,11844.1,14:00:00,11840.620220245662,1,58
2020-10-27,11845.25,11850.75,11841.7,11848.5,14:05:00,11841.061151650838,1,59
2020-10-27,11851.45,11856.1,11845.05,11845.35,14:10:00,11842.050565779333,1,60
2020-10-27,11868.05,11874.6,11851.65,11851.65,14:15:00,11844.526702371775,1,61
2020-10-27,11879.85,11886.4,11864.2,11868.1,14:20:00,11847.890825955415,1,62
2020-10-27,11874.35,11887.75,11870.85,11880.85,14:25:00,11850.410747292995,1,63
2020-10-27,11885.9,11895.2,11873.55,11874.75,14:30:00,11853.790676122237,1,64
2020-10-27,11873.05,11887.15,11872.85,11886.9,14:35:00,11855.624897443926,1,65
2020-10-27,11868.75,11882.2,11864.05,11874.25,14:40:00,11856.874907211171,1,66
2020-10-27,11881.55,11885.65,11866.45,11867.6,14:45:00,11859.224916048202,1,67
2020-10-27,11875.25,11884.6,11874.4,11882.0,14:50:00,11860.751114519802,1,68
2020-10-27,11890.9,11894.3,11874.15,11875.8,14:55:00,11863.622436946487,1,69
2020-10-27,11891.95,11899.05,11886.2,11894.55,15:00:00,11866.32030009444,1,70
2020-10-27,11892.35,11892.55,11882.9,11891.65,15:05:00,11868.799319133066,1,71
2020-10-27,11884.4,11896.0,11884.4,11892.85,15:10:00,11870.28509826325,1,72
2020-10-27,11884.15,11889.2,11882.9,11884.95,15:15:00,11871.60556509532,1,73
2020-10-27,11889.85,11897.9,11883.1,11884.7,15:20:00,11873.343130324338,1,74
2020-10-27,11886.35,11890.6,11883.0,11890.6,15:25:00,11874.581879817257,1,75
2020-10-28,11875.75,11906.5,11858.3,11893.8,09:15:00,11874.69312935847,2,1
2020-10-28,11897.4,11897.4,11867.35,11877.05,09:20:00,11876.855688467189,2,2
2020-10-28,11917.8,11926.75,11896.7,11898.8,09:25:00,11880.755146708409,2,3
2020-10-28,11914.4,11929.4,11905.3,11917.4,09:30:00,11883.959418450464,2,4
2020-10-28,11908.3,11917.45,11904.25,11915.2,09:35:00,11886.27756907423,2,5
2020-10-28,11901.05,11919.2,11897.45,11908.35,09:40:00,11887.684467257635,2,6
2020-10-28,11901.85,11915.2,11899.55,11900.5,09:45:00,11889.03356561405,2,7
2020-10-28,11907.15,11912.3,11897.75,11901.4,09:50:00,11890.758940317472,2,8
2020-10-28,11885.65,11908.35,11879.75,11906.35,09:55:00,11890.272374572953,2,9
2020-10-28,11863.75,11885.0,11862.3,11885.0,10:00:00,11887.746434137433,2,10
2020-10-28,11871.85,11889.8,11863.25,11863.5,10:05:00,11886.232488029103,2,11
2020-10-28,11890.2,11894.5,11868.3,11871.0,10:10:00,11886.610346312047,2,12
2020-10-28,11887.9,11902.45,11882.75,11890.4,10:15:00,11886.733170472804,2,13
2020-10-28,11877.55,11888.15,11873.4,11888.15,10:20:00,11885.858582808729,2,14
2020-10-28,11874.8,11880.0,11867.65,11878.15,10:25:00,11884.80538444599,2,15
2020-10-28,11868.5,11881.6,11860.95,11875.2,10:30:00,11883.25249068923,2,16
2020-10-28,11844.0,11869.0,11834.55,11868.3,10:35:00,11879.514158242637,2,17
2020-10-28,11829.8,11847.2,11824.75,11843.35,10:40:00,11874.779476505242,2,18
2020-10-28,11832.4,11835.95,11816.75,11830.25,10:45:00,11870.743335885694,2,19
2020-10-28,11827.0,11833.0,11819.25,11832.35,10:50:00,11866.57730389658,2,20
2020-10-28,11816.55,11833.65,11816.5,11827.85,10:55:00,11861.812798763573,2,21
2020-10-28,11832.6,11841.2,11813.8,11814.2,11:00:00,11859.030627452756,2,22
2020-10-28,11831.95,11838.05,11828.5,11833.05,11:05:00,11856.451520076303,2,23
2020-10-28,11816.8,11832.2,11815.85,11831.9,11:10:00,11852.67518483094,2,24
2020-10-28,11827.75,11835.65,11815.8,11816.15,11:15:00,11850.301357704186,2,25
2020-10-28,11839.35,11845.85,11826.0,11826.55,11:20:00,11849.258371256168,2,26
2020-10-28,11848.85,11848.85,11837.05,11839.5,11:25:00,11849.219478755582,2,27
2020-10-28,11850.65,11857.7,11846.2,11848.7,11:30:00,11849.355718874098,2,28
2020-10-28,11844.65,11851.4,11843.95,11850.0,11:35:00,11848.907555171802,2,29
2020-10-28,11835.25,11846.7,11832.8,11844.85,11:40:00,11847.60683563163,2,30
2020-10-28,11846.45,11846.45,11827.6,11835.45,11:45:00,11847.496660809573,2,31
2020-10-28,11842.5,11849.8,11841.55,11846.9,11:50:00,11847.020788351518,2,32
2020-10-28,11848.5,11850.85,11836.9,11842.8,11:55:00,11847.161665651372,2,33
2020-10-28,11847.8,11856.5,11847.25,11848.1,12:00:00,11847.22245939886,2,34
2020-10-28,11847.55,11850.0,11839.7,11847.65,12:05:00,11847.253653741827,2,35
2020-10-28,11839.9,11849.75,11839.8,11847.65,12:10:00,11846.553305766416,2,36
2020-10-28,11851.75,11854.35,11840.1,11840.45,12:15:00,11847.048229026756,2,37
2020-10-28,11844.55,11861.45,11843.7,11851.4,12:20:00,11846.81030245278,2,38
2020-10-28,11798.85,11841.35,11786.05,11840.7,12:25:00,11842.242654600132,2,39
2020-10-28,11783.4,11797.15,11777.4,11797.15,12:30:00,11836.638592257264,2,40
2020-10-28,11756.1,11782.6,11754.25,11782.6,12:35:00,11828.968250137525,2,41
2020-10-28,11764.85,11772.9,11756.45,11757.45,12:40:00,11822.861750124428,2,42
2020-10-28,11752.8,11771.0,11750.65,11764.5,12:45:00,11816.18920249353,2,43
2020-10-28,11741.65,11753.35,11732.25,11753.0,12:50:00,11809.09023082748,2,44
2020-10-28,11750.75,11752.4,11734.5,11740.8,12:55:00,11803.53401836772,2,45
2020-10-28,11757.1,11764.4,11745.95,11750.35,13:00:00,11799.111730904127,2,46
2020-10-28,11739.6,11756.8,11738.7,11756.65,13:05:00,11793.443947008498,2,47
2020-10-28,11746.75,11749.35,11736.55,11739.2,13:10:00,11788.99690443626,2,48
2020-10-28,11763.95,11766.9,11744.1,11745.8,13:15:00,11786.61148496614,2,49
2020-10-28,11767.95,11776.7,11762.5,11763.0,13:20:00,11784.834200683652,2,50
2020-10-28,11745.9,11772.2,11738.1,11767.6,13:25:00,11781.126181570922,2,51
2020-10-28,11753.15,11758.1,11741.2,11745.85,13:30:00,11778.461783326073,2,52
2020-10-28,11755.25,11767.25,11749.3,11753.55,13:35:00,11776.251137295018,2,53
2020-10-28,11725.7,11756.15,11722.2,11755.6,13:40:00,11771.43674326692,2,54
2020-10-28,11730.75,11735.2,11718.4,11725.25,13:45:00,11767.561815336738,2,55
2020-10-28,11731.65,11735.25,11718.95,11730.05,13:50:00,11764.141642447525,2,56
2020-10-28,11709.2,11730.0,11703.85,11730.0,13:55:00,11758.909105071569,2,57
2020-10-28,11691.75,11710.6,11684.85,11707.75,14:00:00,11752.512999826658,2,58
2020-10-28,11707.7,11711.7,11689.8,11691.8,14:05:00,11748.245095081262,2,59
2020-10-28,11731.95,11734.35,11700.9,11708.9,14:10:00,11746.693181264,2,60
2020-10-28,11721.55,11734.3,11712.8,11731.75,14:15:00,11744.298592572191,2,61
2020-10-28,11730.95,11747.2,11721.15,11721.95,14:20:00,11743.027298041508,2,62
2020-10-28,11743.4,11751.3,11728.7,11732.45,14:25:00,11743.062793466124,2,63
2020-10-28,11716.05,11745.3,11715.25,11743.45,14:30:00,11740.49014646935,2,64
2020-10-28,11735.15,11744.0,11713.4,11715.6,14:35:00,11739.981561091316,2,65
2020-10-28,11745.4,11756.6,11732.85,11735.55,14:40:00,11740.497602892145,2,66
2020-10-28,11742.75,11754.25,11739.8,11746.2,14:45:00,11740.712116902418,2,67
2020-10-28,11728.2,11743.1,11724.5,11742.35,14:50:00,11739.520486721236,2,68
2020-10-28,11732.05,11739.1,11726.9,11727.75,14:55:00,11738.809011795403,2,69
2020-10-28,11729.45,11743.35,11722.3,11731.95,15:00:00,11737.9176773387,2,70
2020-10-28,11731.8,11735.3,11726.65,11728.75,15:05:00,11737.335041401682,2,71
2020-10-28,11731.15,11734.6,11718.05,11732.1,15:10:00,11736.745989839616,2,72
2020-10-28,11733.35,11735.4,11725.55,11731.75,15:15:00,11736.422562235844,2,73
2020-10-28,11730.6,11734.15,11718.5,11734.15,15:20:00,11735.868032499098,2,74
2020-10-28,11726.85,11736.6,11725.5,11732.0,15:25:00,11735.009172261089,2,75
2020-10-29,11616.05,11643.5,11609.2,11637.25,09:15:00,11723.67972728384,3,1
2020-10-29,11648.3,11652.1,11612.65,11617.65,09:20:00,11716.500705637762,3,2
2020-10-29,11651.85,11662.4,11639.0,11649.15,09:25:00,11710.343495577024,3,3
2020-10-29,11647.75,11652.65,11635.35,11650.15,09:30:00,11704.382210283971,3,4
2020-10-29,11664.3,11667.9,11645.4,11646.65,09:35:00,11700.564856923596,3,5
2020-10-29,11662.4,11675.4,11656.85,11663.9,09:40:00,11696.930108645158,3,6
2020-10-29,11675.4,11681.7,11655.6,11664.2,09:45:00,11694.879622107524,3,7
2020-10-29,11684.6,11689.85,11670.0,11676.5,09:50:00,11693.900610478237,3,8
2020-10-29,11696.6,11699.0,11672.25,11683.85,09:55:00,11694.157695194594,3,9
2020-10-29,11693.7,11708.9,11690.1,11697.15,10:00:00,11694.11410517606,3,10
2020-10-29,11693.55,11702.55,11686.25,11694.45,10:05:00,11694.060380873578,3,11
2020-10-29,11704.25,11709.6,11693.7,11693.7,10:10:00,11695.03082079038,3,12
2020-10-29,11682.35,11709.1,11682.35,11704.35,10:15:00,11693.823123572249,3,13
2020-10-29,11678.25,11684.45,11671.3,11683.75,10:20:00,11692.33996894632,3,14
2020-10-29,11681.3,11683.45,11673.5,11678.1,10:25:00,11691.288543332385,3,15
2020-10-29,11663.3,11680.75,11659.8,11680.75,10:30:00,11688.62296777692,3,16
2020-10-29,11668.4,11670.6,11651.3,11662.65,10:35:00,11686.696970845784,3,17
2020-10-29,11680.6,11680.6,11664.25,11668.75,10:40:00,11686.116306955708,3,18
2020-10-29,11686.2,11686.2,11675.65,11680.5,10:45:00,11686.124277721832,3,19
2020-10-29,11679.7,11687.35,11677.5,11686.4,10:50:00,11685.512441748324,3,20
2020-10-29,11683.65,11683.75,11671.2,11678.95,10:55:00,11685.33506634372,3,21
2020-10-29,11693.6,11698.7,11683.4,11684.2,11:00:00,11686.122202882414,3,22
2020-10-29,11692.85,11704.85,11689.0,11693.65,11:05:00,11686.76294546504,3,23
2020-10-29,11690.7,11693.0,11684.6,11692.9,11:10:00,11687.137903039798,3,24
2020-10-29,11683.25,11690.5,11683.25,11690.4,11:15:00,11686.767626559817,3,25
2020-10-29,11690.6,11691.2,11677.2,11682.25,11:20:00,11687.1326145065,3,26
2020-10-29,11689.8,11696.85,11686.1,11692.25,11:25:00,11687.386651220168,3,27
2020-10-29,11669.7,11691.55,11669.7,11689.65,11:30:00,11685.702208246816,3,28
2020-10-29,11671.45,11674.95,11662.35,11669.9,11:35:00,11684.344855080451,3,29
2020-10-29,11677.05,11678.4,11670.4,11671.5,11:40:00,11683.650106977551,3,30
2020-10-29,11691.6,11691.65,11667.65,11677.15,11:45:00,11684.407239646358,3,31
2020-10-29,11722.8,11725.45,11691.5,11691.75,11:50:00,11688.063693013371,3,32
2020-10-29,11712.8,11723.95,11706.9,11722.3,11:55:00,11690.419531774003,3,33
2020-10-29,11725.35,11738.55,11712.5,11712.55,12:00:00,11693.746243033624,3,34
2020-10-29,11730.85,11737.9,11724.6,11726.0,12:05:00,11697.27993417328,3,35
2020-10-29,11725.65,11744.15,11725.25,11731.1,12:10:00,11699.981845204396,3,36
2020-10-29,11735.4,11743.3,11718.25,11726.2,12:15:00,11703.355002803975,3,37
2020-10-29,11727.55,11736.7,11724.3,11735.5,12:20:00,11705.659288251218,3,38
2020-10-29,11730.25,11734.9,11721.6,11727.45,12:25:00,11708.00126079872,3,39
2020-10-29,11700.75,11730.45,11696.75,11730.45,12:30:00,11707.310664532177,3,40
2020-10-29,11685.55,11701.5,11680.6,11700.95,12:35:00,11705.238220291018,3,41
2020-10-29,11698.05,11700.5,11685.75,11686.35,12:40:00,11704.55362788235,3,42
2020-10-29,11694.35,11700.15,11689.55,11697.85,12:45:00,11703.581853798316,3,43
2020-10-29,11707.65,11709.85,11694.45,11694.45,12:50:00,11703.969296293715,3,44
2020-10-29,11695.85,11707.95,11685.2,11707.5,12:55:00,11703.196029980028,3,45
2020-10-29,11676.4,11704.6,11672.0,11694.25,13:00:00,11700.644027124788,3,46
2020-10-29,11669.4,11675.5,11660.45,11675.5,13:05:00,11697.668405493854,3,47
2020-10-29,11649.0,11677.65,11649.0,11669.1,13:10:00,11693.033319256345,3,48
2020-10-29,11647.35,11657.35,11635.4,11648.8,13:15:00,11688.682526946215,3,49
2020-10-29,11659.25,11659.8,11640.6,11645.85,13:20:00,11685.879429141813,3,50
2020-10-29,11666.0,11666.9,11647.7,11659.6,13:25:00,11683.986150175924,3,51
2020-10-29,11691.25,11694.55,11662.1,11665.8,13:30:00,11684.677945397263,3,52
2020-10-29,11669.8,11694.1,11669.75,11691.8,13:35:00,11683.260998216572,3,53
2020-10-29,11649.25,11671.0,11647.2,11669.7,13:40:00,11680.02185552928,3,54
2020-10-29,11630.8,11648.3,11629.4,11646.9,13:45:00,11675.334059764587,3,55
2020-10-29,11663.5,11670.0,11624.9,11630.9,13:50:00,11674.207006453677,3,56
2020-10-29,11650.9,11666.75,11649.8,11663.45,13:55:00,11671.987291553323,3,57
2020-10-29,11644.1,11655.6,11640.3,11649.5,14:00:00,11669.331359024438,3,58
2020-10-29,11654.7,11659.05,11639.35,11644.15,14:05:00,11667.937896260206,3,59
2020-10-29,11656.25,11663.15,11644.05,11654.35,14:10:00,11666.824763283044,3,60
2020-10-29,11641.4,11655.35,11640.55,11655.35,14:15:00,11664.40335725609,3,61
2020-10-29,11638.85,11642.85,11626.05,11641.8,14:20:00,11661.96970418408,3,62
2020-10-29,11624.35,11639.2,11620.7,11639.1,14:25:00,11658.38687521417,3,63
2020-10-29,11620.1,11635.45,11616.1,11623.6,14:30:00,11654.740506146152,3,64
2020-10-29,11648.95,11649.25,11606.45,11620.4,14:35:00,11654.189029370327,3,65
2020-10-29,11648.3,11659.3,11644.2,11648.65,14:40:00,11653.628169430296,3,66
2020-10-29,11644.1,11661.2,11644.0,11648.15,14:45:00,11652.720724722649,3,67
2020-10-29,11651.15,11651.15,11639.65,11644.55,14:50:00,11652.57113189192,3,68
2020-10-29,11643.25,11651.55,11635.75,11650.35,14:55:00,11651.68340504507,3,69
2020-10-29,11659.4,11663.45,11643.2,11643.2,15:00:00,11652.4183188503,3,70
2020-10-29,11675.35,11679.05,11659.7,11659.7,15:05:00,11654.602288483606,3,71
2020-10-29,11679.0,11682.0,11674.15,11675.55,15:10:00,11656.925880056597,3,72
2020-10-29,11671.35,11680.0,11669.55,11678.9,15:15:00,11658.29960576549,3,73
2020-10-29,11673.5,11677.25,11659.6,11671.85,15:20:00,11659.747262359251,3,74
2020-10-29,11669.5,11677.4,11667.8,11674.1,15:25:00,11660.676094515513,3,75
2020-10-30,11684.3,11687.4,11637.2,11680.5,09:15:00,11662.92599027594,4,1
2020-10-30,11718.25,11721.25,11690.05,11690.4,09:20:00,11668.194943582994,4,2
2020-10-30,11717.8,11728.15,11705.4,11718.4,09:25:00,11672.919234670328,4,3
2020-10-30,11733.6,11738.45,11719.3,11719.6,09:30:00,11678.698355177916,4,4
2020-10-30,11733.25,11742.0,11728.55,11733.35,09:35:00,11683.893749922878,4,5
2020-10-30,11735.55,11743.9,11729.5,11732.75,09:40:00,11688.813392787364,4,6
2020-10-30,11726.15,11739.6,11713.65,11736.2,09:45:00,11692.369260140948,4,7
2020-10-30,11739.05,11740.85,11719.4,11726.25,09:50:00,11696.815044889428,4,8
2020-10-30,11728.7,11740.4,11723.65,11740.1,09:55:00,11699.851707280912,4,9
2020-10-30,11744.5,11748.95,11728.8,11728.8,10:00:00,11704.10392563511,4,10
2020-10-30,11743.4,11745.1,11736.1,11744.15,10:05:00,11707.846408907955,4,11
2020-10-30,11739.25,11743.45,11724.9,11743.45,10:10:00,11710.837227107198,4,12
2020-10-30,11728.8,11742.7,11728.8,11738.6,10:15:00,11712.547967382705,4,13
2020-10-30,11724.4,11733.05,11721.7,11729.05,10:20:00,11713.676732393877,4,14
2020-10-30,11714.75,11724.5,11709.65,11724.45,10:25:00,11713.778948356365,4,15
2020-10-30,11724.35,11728.55,11714.2,11714.55,10:30:00,11714.785715179569,4,16
2020-10-30,11734.05,11735.1,11725.25,11725.25,10:35:00,11716.62040897199,4,17
2020-10-30,11713.6,11736.8,11710.95,11734.55,10:40:00,11716.33275097466,4,18
2020-10-30,11701.0,11714.4,11694.15,11714.4,10:45:00,11714.872488977073,4,19
2020-10-30,11694.15,11701.65,11686.7,11700.8,10:50:00,11712.898918598305,4,20
2020-10-30,11670.05,11696.75,11666.1,11693.45,10:55:00,11708.81806920799,4,21
2020-10-30,11655.7,11669.75,11646.6,11669.75,11:00:00,11703.759205473896,4,22
2020-10-30,11640.7,11667.65,11640.7,11655.05,11:05:00,11697.753566857336,4,23
2020-10-30,11643.25,11651.3,11634.25,11641.05,11:10:00,11692.56275096616,4,24
2020-10-30,11655.8,11659.8,11630.85,11643.6,11:15:00,11689.06153658843,4,25
2020-10-30,11652.85,11663.75,11648.1,11656.0,11:20:00,11685.612818818105,4,26
2020-10-30,11621.3,11653.3,11620.15,11653.15,11:25:00,11679.487788454471,4,27
2020-10-30,11617.7,11627.15,11608.55,11617.7,11:30:00,11673.603237173096,4,28
2020-10-30,11594.3,11622.6,11591.9,11618.45,11:35:00,11666.050547918516,4,29
2020-10-30,11577.75,11597.8,11575.6,11594.8,11:40:00,11657.640971926276,4,30
2020-10-30,11592.45,11599.75,11565.9,11576.0,11:45:00,11651.432307933295,4,31
2020-10-30,11599.6,11605.1,11592.15,11593.35,11:50:00,11646.495897653936,4,32
2020-10-30,11576.95,11599.75,11561.95,11599.75,11:55:00,11639.872478829751,4,33
2020-10-30,11586.6,11591.9,11575.65,11576.15,12:00:00,11634.798909417394,4,34
2020-10-30,11579.1,11595.05,11577.95,11586.85,12:05:00,11629.494251377642,4,35
2020-10-30,11578.05,11592.35,11574.65,11578.05,12:10:00,11624.594798865486,4,36
2020-10-30,11578.25,11579.75,11563.9,11577.75,12:15:00,11620.181008497344,4,37
2020-10-30,11564.3,11585.45,11564.1,11577.05,12:20:00,11614.859007688074,4,38
2020-10-30,11554.65,11574.6,11553.0,11563.1,12:25:00,11609.124816479683,4,39
2020-10-30,11577.7,11580.1,11552.9,11553.9,12:30:00,11606.131976814951,4,40
2020-10-30,11567.35,11588.3,11563.8,11577.6,12:35:00,11602.438455213529,4,41
2020-10-30,11568.3,11576.5,11564.1,11566.45,12:40:00,11599.187173764622,4,42
2020-10-30,11571.0,11584.3,11569.35,11569.4,12:45:00,11596.502681025137,4,43
2020-10-30,11545.95,11571.0,11539.9,11570.6,12:50:00,11591.688139975122,4,44
2020-10-30,11561.6,11562.5,11535.45,11543.35,12:55:00,11588.822602834634,4,45
2020-10-30,11584.65,11585.3,11561.2,11561.2,13:00:00,11588.425212088478,4,46
2020-10-30,11593.05,11605.4,11577.0,11586.3,13:05:00,11588.865668080052,4,47
2020-10-30,11579.1,11595.2,11575.1,11592.9,13:10:00,11587.93560445338,4,48
2020-10-30,11585.35,11589.8,11578.1,11578.1,13:15:00,11587.6893564102,4,49
2020-10-30,11582.15,11591.6,11576.6,11585.0,13:20:00,11587.161798656847,4,50
2020-10-30,11576.1,11594.5,11574.95,11581.1,13:25:00,11586.108294022864,4,51
2020-10-30,11605.65,11611.05,11576.45,11576.7,13:30:00,11587.969408877829,4,52
2020-10-30,11606.6,11610.9,11597.75,11605.55,13:35:00,11589.743750889464,4,53
2020-10-30,11610.2,11617.5,11606.05,11607.25,13:40:00,11591.691965090467,4,54
2020-10-30,11611.75,11628.75,11609.95,11609.95,13:45:00,11593.60225412947,4,55
2020-10-30,11597.85,11611.85,11591.4,11611.55,13:50:00,11594.006801355234,4,56
2020-10-30,11602.35,11609.45,11594.25,11598.15,13:55:00,11594.801391702356,4,57
2020-10-30,11619.35,11624.6,11602.05,11602.4,14:00:00,11597.139354397368,4,58
2020-10-30,11635.5,11639.75,11618.65,11618.7,14:05:00,11600.792749216664,4,59
2020-10-30,11615.05,11635.9,11614.6,11635.2,14:10:00,11602.150582624605,4,60
2020-10-30,11626.05,11631.95,11607.95,11614.55,14:15:00,11604.426717612736,4,61
2020-10-30,11593.95,11626.4,11593.95,11626.4,14:20:00,11603.428934982952,4,62
2020-10-30,11611.7,11618.85,11594.05,11594.65,14:25:00,11604.216655460768,4,63
2020-10-30,11643.95,11645.65,11611.3,11611.45,14:30:00,11608.000783512123,4,64
2020-10-30,11626.65,11645.05,11619.05,11643.75,14:35:00,11609.776899368111,4,65
2020-10-30,11625.85,11638.75,11623.9,11626.7,14:40:00,11611.307670856862,4,66
2020-10-30,11638.25,11647.15,11617.65,11625.25,14:45:00,11613.873606965732,4,67
2020-10-30,11640.15,11656.3,11638.65,11640.25,14:50:00,11616.376120588044,4,68
2020-10-30,11639.6,11647.35,11634.45,11639.85,14:55:00,11618.587918627278,4,69
2020-10-30,11634.8,11654.0,11628.75,11640.05,15:00:00,11620.13192637706,4,70
2020-10-30,11635.95,11636.0,11624.1,11633.65,15:05:00,11621.638409579244,4,71
2020-10-30,11648.7,11648.7,11634.85,11636.05,15:10:00,11624.21570390503,4,72
2020-10-30,11652.1,11652.2,11641.55,11648.5,15:15:00,11626.871351152173,4,73
2020-10-30,11646.25,11658.5,11644.3,11652.05,15:20:00,11628.716936756726,4,74
2020-10-30,11647.85,11650.2,11643.05,11645.65,15:25:00,11630.539133256088,4,75
2020-11-02,11638.25,11690.3,11637.6,11679.9,09:15:00,11631.273501517411,0,1
2020-11-02,11618.6,11671.15,11608.0,11637.5,09:20:00,11630.066501372896,0,2
2020-11-02,11614.15,11621.55,11580.7,11618.3,09:25:00,11628.550644099289,0,3
2020-11-02,11603.35,11623.5,11597.2,11613.35,09:30:00,11626.150582756498,0,4
2020-11-02,11593.45,11609.85,11589.85,11602.25,09:35:00,11623.036241541591,0,5
2020-11-02,11596.05,11602.45,11587.65,11593.85,09:40:00,11620.466123299537,0,6
2020-11-02,11574.8,11600.25,11568.25,11596.95,09:45:00,11616.116968699582,0,7
2020-11-02,11574.9,11587.85,11572.15,11574.3,09:50:00,11612.191543109146,0,8
2020-11-02,11569.35,11577.9,11557.4,11574.0,09:55:00,11608.11139614637,0,9
2020-11-02,11593.75,11596.35,11561.1,11570.5,10:00:00,11606.74364413243,0,10
2020-11-02,11585.2,11602.0,11582.8,11593.0,10:05:00,11604.69186850077,0,11
2020-11-02,11575.05,11585.65,11570.3,11585.6,10:10:00,11601.86883340546,0,12
2020-11-02,11585.2,11594.8,11573.8,11574.4,10:15:00,11600.28132546208,0,13
2020-11-02,11589.2,11591.95,11580.35,11584.6,10:20:00,11599.22596113236,0,14
2020-11-02,11604.0,11604.7,11585.85,11589.05,10:25:00,11599.680631500703,0,15
2020-11-02,11607.1,11612.75,11599.45,11602.5,10:30:00,11600.387238024448,0,16
2020-11-02,11621.55,11622.7,11607.05,11607.05,10:35:00,11602.402739164976,0,17
2020-11-02,11624.0,11631.6,11621.25,11622.05,10:40:00,11604.459621149264,0,18
2020-11-02,11605.7,11629.15,11605.6,11623.6,10:45:00,11604.57775246838,0,19
2020-11-02,11622.15,11623.75,11601.15,11604.8,10:50:00,11606.251299852343,0,20
2020-11-02,11614.85,11623.75,11610.05,11622.35,10:55:00,11607.07022367593,0,21
2020-11-02,11614.4,11615.35,11599.15,11615.35,11:00:00,11607.768297611556,0,22
2020-11-02,11610.3,11615.2,11609.95,11614.45,11:05:00,11608.00941212474,0,23
2020-11-02,11623.7,11624.2,11609.75,11610.1,11:10:00,11609.503753827146,0,24
2020-11-02,11640.35,11649.25,11624.45,11624.45,11:15:00,11612.441491557896,0,25
2020-11-02,11634.2,11641.9,11626.05,11640.4,11:20:00,11614.513730457142,0,26
2020-11-02,11633.35,11641.5,11632.15,11634.45,11:25:00,11616.307660889794,0,27
2020-11-02,11623.6,11631.95,11617.85,11631.75,11:30:00,11617.00216937648,0,28
2020-11-02,11622.25,11624.4,11615.35,11623.8,11:35:00,11617.501962769196,0,29
2020-11-02,11633.75,11638.6,11622.35,11622.7,11:40:00,11619.049394886417,0,30
2020-11-02,11630.35,11634.3,11625.65,11633.9,11:45:00,11620.125642992472,0,31
2020-11-02,11624.75,11631.95,11617.45,11630.55,11:50:00,11620.56605794557,0,32
2020-11-02,11616.8,11630.5,11616.65,11625.4,11:55:00,11620.20738576028,0,33
2020-11-02,11624.05,11628.05,11610.65,11617.1,12:00:00,11620.573349021204,0,34
2020-11-02,11619.15,11633.7,11619.15,11624.55,12:05:00,11620.437791971566,0,35
2020-11-02,11604.65,11621.15,11602.6,11619.4,12:10:00,11618.93419273618,0,36
2020-11-02,11609.1,11610.1,11589.7,11603.9,12:15:00,11617.997602951782,0,37
2020-11-02,11587.0,11609.2,11579.2,11609.2,12:20:00,11615.045450289706,0,38
2020-11-02,11599.45,11600.05,11577.1,11587.6,12:25:00,11613.560169309734,0,39
2020-11-02,11600.85,11604.95,11587.25,11599.3,12:30:00,11612.34967699452,0,40
2020-11-02,11593.7,11603.85,11593.7,11601.55,12:35:00,11610.573517280756,0,41
2020-11-02,11601.85,11609.9,11591.55,11593.85,12:40:00,11609.74270611116,0,42
2020-11-02,11616.25,11621.7,11596.85,11601.4,12:45:00,11610.362448386288,0,43
2020-11-02,11613.9,11619.7,11611.15,11615.65,12:50:00,11610.699358063785,0,44
2020-11-02,11611.7,11616.25,11602.85,11613.05,12:55:00,11610.794657295804,0,45
2020-11-02,11612.25,11620.1,11609.65,11613.25,13:00:00,11610.93326136287,0,46
2020-11-02,11625.1,11625.55,11601.25,11610.7,13:05:00,11612.282474566406,0,47
2020-11-02,11620.6,11625.55,11614.25,11623.2,13:10:00,11613.074619845796,0,48
2020-11-02,11638.85,11639.2,11619.05,11621.0,13:15:00,11615.52941795572,0,49
2020-11-02,11620.6,11641.5,11617.7,11638.25,13:20:00,11616.012330531366,0,50
2020-11-02,11622.85,11623.5,11615.35,11621.4,13:25:00,11616.663537147426,0,51
2020-11-02,11608.3,11622.45,11601.35,11622.45,13:30:00,11615.867009800051,0,52
2020-11-02,11620.1,11622.6,11605.4,11607.5,13:35:00,11616.270151723857,0,53
2020-11-02,11620.9,11623.35,11609.3,11619.75,13:40:00,11616.711089654917,0,54
2020-11-02,11633.1,11634.6,11616.3,11621.15,13:45:00,11618.27193825921,0,55
2020-11-02,11632.0,11641.25,11626.7,11633.55,13:50:00,11619.579372710712,0,56
2020-11-02,11622.7,11632.45,11617.15,11632.35,13:55:00,11619.87657530969,0,57
2020-11-02,11626.2,11633.45,11619.2,11624.05,14:00:00,11620.478806232575,0,58
2020-11-02,11634.75,11642.85,11625.85,11627.0,14:05:00,11621.83796754376,0,59
2020-11-02,11648.8,11665.95,11633.05,11635.2,14:10:00,11624.40578015864,0,60
2020-11-02,11674.15,11684.6,11649.2,11649.2,14:15:00,11629.143324905435,0,61
2020-11-02,11692.8,11693.9,11668.55,11675.1,14:20:00,11635.205865390632,0,62
2020-11-02,11707.3,11716.25,11692.15,11692.15,14:25:00,11642.071973448668,0,63
2020-11-02,11723.3,11723.85,11695.1,11707.15,14:30:00,11649.807975977365,0,64
2020-11-02,11709.65,11725.65,11697.25,11722.85,14:35:00,11655.507216360473,0,65
2020-11-02,11715.45,11720.55,11703.9,11711.45,14:40:00,11661.216052897573,0,66
2020-11-02,11712.1,11715.7,11700.45,11715.35,14:45:00,11666.062143097804,0,67
2020-11-02,11703.8,11713.85,11696.75,11712.9,14:50:00,11669.656224707536,0,68
2020-11-02,11707.7,11709.65,11695.9,11704.45,14:55:00,11673.279441402055,0,69
2020-11-02,11708.7,11714.2,11699.35,11707.3,15:00:00,11676.652827935195,0,70
2020-11-02,11690.95,11710.1,11687.3,11709.25,15:05:00,11678.014463369938,0,71
2020-11-02,11656.95,11691.55,11652.7,11691.55,15:10:00,11676.008324001374,0,72
2020-11-02,11660.55,11665.55,11635.8,11657.25,15:15:00,11674.53610266791,0,73
2020-11-02,11646.9,11666.15,11642.1,11661.9,15:20:00,11671.904092890014,0,74
2020-11-02,11653.0,11655.35,11642.5,11646.45,15:25:00,11670.103703090965,0,75
2020-11-03,11754.3,11773.1,11723.3,11739.2,09:15:00,11678.122398034682,1,1
2020-11-03,11776.15,11781.45,11752.9,11753.85,09:20:00,11687.458360126617,1,2
2020-11-03,11770.25,11789.75,11769.4,11776.3,09:25:00,11695.343278209795,1,3
2020-11-03,11788.5,11796.0,11768.35,11769.0,09:30:00,11704.215346951722,1,4
2020-11-03,11787.55,11797.35,11777.65,11787.85,09:35:00,11712.151980575369,1,5
2020-11-03,11782.75,11790.25,11777.85,11787.25,09:40:00,11718.87560147295,1,6
2020-11-03,11774.15,11788.3,11763.2,11782.85,09:45:00,11724.139829904096,1,7
2020-11-03,11777.5,11785.7,11767.6,11772.9,09:50:00,11729.221750865612,1,8
2020-11-03,11778.5,11785.25,11765.7,11776.85,09:55:00,11733.91491744984,1,9
2020-11-03,11762.95,11779.7,11761.4,11779.15,10:00:00,11736.680163406998,1,10
2020-11-03,11770.8,11776.15,11748.4,11763.2,10:05:00,11739.92967165395,1,11
2020-11-03,11782.05,11784.2,11771.05,11771.05,10:10:00,11743.94113149643,1,12
2020-11-03,11784.0,11791.15,11777.15,11782.0,10:15:00,11747.756261830104,1,13
2020-11-03,11792.75,11801.6,11784.85,11784.85,10:20:00,11752.041379751046,1,14
2020-11-03,11796.5,11799.15,11788.0,11792.85,10:25:00,11756.27553406047,1,15
2020-11-03,11782.1,11800.0,11779.7,11796.35,10:30:00,11758.735007007092,1,16
2020-11-03,11793.9,11796.35,11775.75,11781.1,10:35:00,11762.0840539588,1,17
2020-11-03,11807.8,11810.05,11787.85,11794.65,10:40:00,11766.43795358177,1,18
2020-11-03,11805.3,11814.05,11801.2,11807.85,10:45:00,11770.139100859697,1,19
2020-11-03,11807.2,11808.75,11801.85,11806.55,10:50:00,11773.668710301628,1,20
2020-11-03,11812.9,11818.0,11803.7,11807.7,10:55:00,11777.405023606234,1,21
2020-11-03,11792.0,11814.15,11787.25,11812.45,11:00:00,11778.79502135802,1,22
2020-11-03,11788.9,11797.2,11784.3,11792.4,11:05:00,11779.757400276305,1,23
2020-11-03,11783.5,11792.5,11777.4,11788.45,11:10:00,11780.113838345227,1,24
2020-11-03,11781.85,11785.4,11777.3,11783.95,11:15:00,11780.279187074257,1,25
2020-11-03,11792.1,11792.1,11773.55,11780.8,11:20:00,11781.40497878147,1,26
2020-11-03,11808.0,11811.15,11789.55,11791.6,11:25:00,11783.937837945135,1,27
2020-11-03,11813.55,11817.3,11806.5,11809.6,11:30:00,11786.758043855123,1,28
2020-11-03,11815.7,11820.35,11812.35,11813.05,11:35:00,11789.514420630829,1,29
2020-11-03,11819.65,11826.4,11803.35,11816.4,11:40:00,11792.384475808843,1,30
2020-11-03,11805.95,11817.7,11801.2,11812.6,11:45:00,11793.676430493717,1,31
2020-11-03,11808.55,11812.65,11803.95,11805.9,11:50:00,11795.092960922886,1,32
2020-11-03,11801.05,11812.35,11800.4,11808.9,11:55:00,11795.660297977847,1,33
2020-11-03,11805.15,11808.5,11801.25,11801.25,12:00:00,11796.564079122814,1,34
2020-11-03,11815.8,11815.9,11804.9,11805.65,12:05:00,11798.396071587307,1,35
2020-11-03,11817.1,11823.85,11812.4,11815.55,12:10:00,11800.177398102802,1,36
2020-11-03,11819.0,11820.25,11811.85,11817.35,12:15:00,11801.970026854917,1,37
2020-11-03,11812.05,11823.95,11809.3,11818.85,12:20:00,11802.930024297306,1,38
2020-11-03,11800.55,11812.5,11787.9,11812.5,12:25:00,11802.703355316611,1,39
2020-11-03,11795.9,11801.05,11792.7,11801.05,12:30:00,11802.05541671503,1,40
2020-11-03,11810.5,11817.35,11793.2,11796.35,12:35:00,11802.859662742168,1,41
2020-11-03,11814.35,11822.75,11810.3,11811.7,12:40:00,11803.953980576249,1,42
2020-11-03,11822.15,11823.15,11812.55,11814.65,12:45:00,11805.68693480708,1,43
2020-11-03,11831.7,11834.25,11819.3,11822.6,12:50:00,11808.16436958736,1,44
2020-11-03,11822.8,11835.2,11819.5,11832.2,12:55:00,11809.558239150469,1,45
2020-11-03,11815.65,11828.85,11813.05,11823.2,13:00:00,11810.138406850425,1,46
2020-11-03,11817.45,11825.2,11814.1,11815.7,13:05:00,11810.834749055146,1,47
2020-11-03,11817.85,11820.9,11811.2,11817.95,13:10:00,11811.50286819275,1,48
2020-11-03,11814.6,11820.45,11800.1,11818.7,13:15:00,11811.797833126777,1,49
2020-11-03,11811.65,11821.65,11811.65,11814.7,13:20:00,11811.783753781368,1,50
2020-11-03,11815.0,11816.2,11801.8,11812.0,13:25:00,11812.090062945046,1,51
2020-11-03,11807.25,11815.3,11805.5,11813.25,13:30:00,11811.629104569329,1,52
2020-11-03,11802.05,11807.5,11794.85,11806.9,13:35:00,11810.716808896055,1,53
2020-11-03,11823.35,11836.2,11799.85,11802.8,13:40:00,11811.919969953577,1,54
2020-11-03,11822.95,11826.9,11816.35,11824.75,13:45:00,11812.970449005616,1,55
2020-11-03,11822.45,11826.1,11815.05,11823.0,13:50:00,11813.873263386036,1,56
2020-11-03,11811.3,11822.95,11808.45,11822.95,13:55:00,11813.628190682604,1,57
2020-11-03,11804.6,11817.15,11802.6,11812.1,14:00:00,11812.768362998546,1,58
2020-11-03,11813.85,11816.85,11799.15,11804.85,14:05:00,11812.871376046303,1,59
2020-11-03,11802.75,11814.6,11801.85,11814.6,14:10:00,11811.907435470464,1,60
2020-11-03,11809.1,11815.15,11798.4,11803.15,14:15:00,11811.640060663753,1,61
2020-11-03,11810.25,11814.85,11804.8,11809.25,14:20:00,11811.507673933873,1,62
2020-11-03,11795.65,11821.7,11791.8,11811.45,14:25:00,11809.997419273504,1,63
2020-11-03,11807.55,11811.5,11779.8,11797.75,14:30:00,11809.764331723643,1,64
2020-11-03,11803.2,11810.65,11801.95,11808.0,14:35:00,11809.139157273774,1,65
2020-11-03,11810.05,11812.5,11800.5,11804.0,14:40:00,11809.22590420008,1,66
2020-11-03,11816.35,11826.45,11805.95,11810.4,14:45:00,11809.90438951436,1,67
2020-11-03,11802.9,11817.6,11802.35,11817.6,14:50:00,11809.237304798706,1,68
2020-11-03,11815.75,11816.75,11802.65,11803.7,14:55:00,11809.857561484543,1,69
2020-11-03,11814.8,11817.6,11806.9,11816.25,15:00:00,11810.328269914588,1,70
2020-11-03,11813.35,11815.45,11801.25,11815.15,15:05:00,11810.616053732248,1,71
2020-11-03,11815.4,11818.85,11800.7,11812.8,15:10:00,11811.071667662509,1,72
2020-11-03,11819.3,11820.1,11808.2,11815.6,15:15:00,11811.855318361317,1,73
2020-11-03,11823.0,11833.45,11817.8,11821.3,15:20:00,11812.91671661262,1,74
2020-11-03,11807.65,11824.3,11807.65,11823.85,15:25:00,11812.415124554276,1,75
2020-11-04,11862.25,11871.1,11777.7,11802.95,09:15:00,11821.455464771188,2,1
2020-11-04,11860.8,11867.5,11845.9,11861.1,09:20:00,11825.20256336441,2,2
2020-11-04,11862.95,11872.05,11854.8,11861.7,09:25:00,11828.797557329704,2,3
2020-11-04,11891.55,11898.1,11862.2,11863.1,09:30:00,11834.77398044116,2,4
2020-11-04,11884.3,11896.45,11872.3,11891.5,09:35:00,11839.49074420867,2,5
2020-11-04,11902.85,11914.4,11882.0,11883.05,09:40:00,11845.52495904594,2,6
2020-11-04,11911.7,11920.7,11903.65,11904.6,09:45:00,11851.827343898707,2,7
2020-11-04,11898.3,11915.65,11890.55,11912.4,09:50:00,11856.253311146447,2,8
2020-11-04,11898.4,11908.0,11894.0,11897.65,09:55:00,11860.267281513454,2,9
2020-11-04,11886.4,11898.8,11886.25,11898.2,10:00:00,11862.756111845503,2,10
2020-11-04,11869.15,11887.15,11863.5,11887.15,10:05:00,11863.365053574504,2,11
2020-11-04,11861.95,11881.25,11859.65,11869.55,10:10:00,11863.230286567408,2,12
2020-11-04,11837.8,11865.6,11820.45,11861.9,10:15:00,11860.808354513369,2,13
2020-11-04,11849.15,11857.85,11830.3,11838.1,10:20:00,11859.698035035904,2,14
2020-11-04,11852.0,11861.45,11848.35,11849.8,10:25:00,11858.964888842009,2,15
2020-11-04,11860.7,11861.2,11840.2,11846.5,10:30:00,11859.130137523724,2,16
2020-11-04,11863.2,11875.35,11858.25,11861.0,10:35:00,11859.517743473843,2,17
2020-11-04,11861.75,11867.7,11858.45,11863.05,10:40:00,11859.73033933348,2,18
2020-11-04,11854.7,11862.05,11850.9,11862.05,10:45:00,11859.25125939696,2,19
2020-11-04,11839.2,11854.35,11835.35,11854.35,10:50:00,11857.341615644867,2,20
2020-11-04,11844.65,11851.3,11836.35,11838.35,10:55:00,11856.132890345358,2,21
2020-11-04,11838.9,11846.3,11834.85,11845.55,11:00:00,11854.49166269342,2,22
2020-11-04,11864.0,11867.7,11839.55,11839.55,11:05:00,11855.39721862738,2,23
2020-11-04,11859.7,11876.1,11858.1,11863.9,11:10:00,11855.807007329531,2,24
2020-11-04,11849.2,11861.0,11847.7,11859.55,11:15:00,11855.177768536243,2,25
2020-11-04,11863.9,11868.1,11848.35,11848.9,11:20:00,11856.00845724708,2,26
2020-11-04,11865.25,11867.3,11855.6,11863.5,11:25:00,11856.888604175929,2,27
2020-11-04,11859.85,11870.65,11859.2,11865.75,11:30:00,11857.17064187346,2,28
2020-11-04,11865.0,11868.55,11857.85,11860.75,11:35:00,11857.916295028368,2,29
2020-11-04,11883.75,11887.1,11863.65,11865.65,11:40:00,11860.37664788281,2,30
2020-11-04,11877.3,11888.55,11876.5,11885.35,11:45:00,11861.988395703493,2,31
2020-11-04,11886.75,11888.95,11875.8,11878.05,11:50:00,11864.346643731731,2,32
2020-11-04,11890.5,11893.75,11884.0,11887.55,11:55:00,11866.837439566803,2,33
2020-11-04,11893.15,11903.75,11891.4,11891.4,12:00:00,11869.3433977033,2,34
2020-11-04,11911.15,11912.4,11889.3,11892.25,12:05:00,11873.324978874414,2,35
2020-11-04,11894.1,11915.55,11892.85,11910.65,12:10:00,11875.303552314948,2,36
2020-11-04,11889.45,11896.9,11882.05,11894.55,12:15:00,11876.650833046857,2,37
2020-11-04,11895.0,11904.9,11889.6,11890.65,12:20:00,11878.39837275668,2,38
2020-11-04,11910.45,11911.55,11896.35,11896.45,12:25:00,11881.450908684616,2,39
2020-11-04,11911.6,11918.1,11906.4,11911.6,12:30:00,11884.322250714651,2,40
2020-11-04,11910.15,11914.2,11903.65,11910.95,12:35:00,11886.782036360875,2,41
2020-11-04,11906.5,11914.3,11904.75,11910.05,12:40:00,11888.65993765984,2,42
2020-11-04,11902.85,11906.95,11894.8,11906.05,12:45:00,11890.011372168428,2,43
2020-11-04,11902.0,11903.0,11889.15,11902.05,12:50:00,11891.153146247623,2,44
2020-11-04,11895.15,11908.2,11890.35,11901.1,12:55:00,11891.533798985947,2,45
2020-11-04,11859.75,11895.25,11859.75,11894.8,13:00:00,11888.506770511096,2,46
2020-11-04,11848.35,11860.55,11837.3,11860.55,13:05:00,11884.682316176706,2,47
2020-11-04,11815.6,11849.45,11789.7,11849.45,13:10:00,11878.1030479694,2,48
2020-11-04,11763.05,11814.5,11756.4,11814.5,13:15:00,11867.145614829456,2,49
2020-11-04,11790.35,11797.55,11757.1,11763.55,13:20:00,11859.83174675046,2,50
2020-11-04,11824.0,11834.05,11789.3,11789.75,13:25:00,11856.419199440894,2,51
2020-11-04,11826.7,11840.75,11817.2,11828.35,13:30:00,11853.588799494142,2,52
2020-11-04,11810.3,11827.9,11793.7,11827.25,13:35:00,11849.466056685176,2,53
2020-11-04,11813.55,11825.15,11800.8,11809.95,13:40:00,11846.045479858018,2,54
2020-11-04,11827.4,11832.45,11806.5,11814.55,13:45:00,11844.26971987154,2,55
2020-11-04,11843.95,11844.55,11819.8,11827.35,13:50:00,11844.239270359963,2,56
2020-11-04,11869.4,11877.6,11826.4,11844.95,13:55:00,11846.635530325682,2,57
2020-11-04,11860.9,11875.75,11856.8,11868.55,14:00:00,11847.994051247046,2,58
2020-11-04,11853.75,11865.65,11845.55,11861.15,14:05:00,11848.542236842564,2,59
2020-11-04,11853.55,11866.2,11851.25,11856.9,14:10:00,11849.019166667082,2,60
2020-11-04,11886.1,11887.15,11852.55,11852.55,14:15:00,11852.55067460355,2,61
2020-11-04,11875.15,11892.9,11868.8,11886.65,14:20:00,11854.702991307977,2,62
2020-11-04,11903.15,11914.6,11875.45,11875.45,14:25:00,11859.316992135788,2,63
2020-11-04,11891.5,11912.95,11883.05,11903.25,14:30:00,11862.382040503808,2,64
2020-11-04,11896.8,11905.95,11891.9,11892.85,14:35:00,11865.659941408208,2,65
2020-11-04,11887.55,11904.5,11883.55,11897.5,14:40:00,11867.74470889314,2,66
2020-11-04,11901.7,11908.7,11883.7,11887.5,14:45:00,11870.97854614141,2,67
2020-11-04,11911.75,11912.45,11896.05,11901.8,14:50:00,11874.861541746992,2,68
2020-11-04,11922.8,11923.5,11903.5,11912.75,14:55:00,11879.42710919966,2,69
2020-11-04,11917.9,11924.9,11907.7,11924.9,15:00:00,11883.091194037786,2,70
2020-11-04,11920.65,11929.65,11909.15,11917.6,15:05:00,11886.668223177045,2,71
2020-11-04,11910.55,11923.95,11906.9,11919.8,15:10:00,11888.942678112564,2,72
2020-11-04,11907.6,11912.4,11901.45,11910.75,15:15:00,11890.719565911368,2,73
2020-11-04,11893.45,11913.75,11892.75,11906.35,15:20:00,11890.979607253144,2,74
2020-11-04,11892.5,11896.2,11887.7,11893.25,15:25:00,11891.124406562369,2,75
2020-11-05,12052.6,12077.3,12044.85,12065.05,09:15:00,11906.503034508807,3,1
2020-11-05,12040.6,12065.85,12039.7,12053.25,09:20:00,11919.2741740794,3,2
2020-11-05,12046.35,12050.25,12035.1,12040.8,09:25:00,11931.376633690885,3,3
2020-11-05,12053.4,12056.1,12027.6,12044.45,09:30:00,11942.997906672706,3,4
2020-11-05,12058.45,12064.7,12052.6,12053.3,09:35:00,11953.993344132448,3,5
2020-11-05,12061.95,12064.85,12051.85,12057.95,09:40:00,11964.274930405549,3,6
2020-11-05,12053.5,12064.8,12053.2,12062.5,09:45:00,11972.772556081212,3,7
2020-11-05,12051.05,12055.85,12047.95,12053.15,09:50:00,11980.227550740145,3,8
2020-11-05,12058.05,12058.65,12045.15,12050.5,09:55:00,11987.639212574417,3,9
2020-11-05,12069.25,12074.55,12057.2,12058.15,10:00:00,11995.411668519711,3,10
2020-11-05,12070.45,12074.35,12064.35,12069.65,10:05:00,12002.558176279736,3,11
2020-11-05,12071.35,12076.3,12067.55,12070.65,10:10:00,12009.10977853881,3,12
2020-11-05,12075.45,12079.4,12070.8,12071.2,10:15:00,12015.427894868446,3,13
2020-11-05,12093.55,12095.2,12072.05,12075.8,10:20:00,12022.868095357166,3,14
2020-11-05,12088.8,12100.85,12085.3,12095.35,10:25:00,12029.14732437077,3,15
2020-11-05,12067.8,12091.5,12063.25,12089.25,10:30:00,12032.828531573552,3,16
2020-11-05,12073.65,12077.35,12060.1,12068.3,10:35:00,12036.71629047131,3,17
2020-11-05,12068.3,12075.7,12061.8,12073.25,10:40:00,12039.724262807376,3,18
2020-11-05,12063.3,12069.0,12060.8,12067.8,10:45:00,12041.969571111436,3,19
2020-11-05,12059.6,12065.85,12054.65,12065.85,10:50:00,12043.648659577011,3,20
2020-11-05,12063.75,12063.8,12054.9,12060.0,10:55:00,12045.56307295063,3,21
2020-11-05,12071.9,12075.8,12063.6,12063.95,11:00:00,12048.071351717235,3,22
2020-11-05,12073.4,12075.5,12068.4,12072.45,11:05:00,12050.483603934645,3,23
2020-11-05,12074.45,12075.75,12071.6,12073.5,11:10:00,12052.76611784563,3,24
2020-11-05,12081.45,12087.65,12071.7,12074.5,11:15:00,12055.497916146043,3,25
2020-11-05,12082.0,12085.7,12078.95,12081.9,11:20:00,12058.021924132136,3,26
2020-11-05,12079.1,12083.7,12075.8,12081.8,11:25:00,12060.029359929074,3,27
2020-11-05,12081.4,12084.65,12078.5,12079.4,11:30:00,12062.064658983449,3,28
2020-11-05,12072.25,12082.85,12066.45,12082.0,11:35:00,12063.034691461216,3,29
2020-11-05,12067.95,12075.75,12066.9,12072.65,11:40:00,12063.50281608396,3,30
2020-11-05,12073.6,12074.9,12067.2,12067.2,11:45:00,12064.464452647391,3,31
2020-11-05,12071.0,12075.05,12067.95,12073.3,11:50:00,12065.086885728591,3,32
2020-11-05,12064.5,12072.7,12059.65,12070.35,11:55:00,12065.03099184968,3,33
2020-11-05,12069.9,12070.85,12058.35,12063.8,12:00:00,12065.494706911612,3,34
2020-11-05,12070.15,12070.6,12063.5,12069.7,12:05:00,12065.938068158126,3,35
2020-11-05,12080.0,12083.6,12066.15,12070.5,12:10:00,12067.277299762114,3,36
2020-11-05,12075.3,12082.15,12071.2,12080.3,12:15:00,12068.041366451436,3,37
2020-11-05,12077.2,12078.85,12074.05,12075.5,12:20:00,12068.913617265584,3,38
2020-11-05,12075.9,12082.75,12073.85,12077.65,12:25:00,12069.578987049816,3,39
2020-11-05,12085.0,12092.1,12063.5,12076.5,12:30:00,12071.047654949834,3,40
2020-11-05,12093.4,12096.45,12084.2,12084.8,12:35:00,12073.176449716517,3,41
2020-11-05,12094.05,12097.75,12088.1,12093.85,12:40:00,12075.164406886372,3,42
2020-11-05,12085.95,12099.4,12085.2,12094.1,12:45:00,12076.191606230526,3,43
2020-11-05,12096.4,12098.2,12084.65,12084.65,12:50:00,12078.116215160951,3,44
2020-11-05,12100.9,12105.5,12090.75,12093.55,12:55:00,12080.286099431338,3,45
2020-11-05,12094.75,12105.05,12092.25,12099.75,13:00:00,12081.66361377121,3,46
2020-11-05,12100.55,12100.95,12093.25,12093.25,13:05:00,12083.46231722157,3,47
2020-11-05,12105.6,12115.25,12100.3,12100.4,13:10:00,12085.570667962373,3,48
2020-11-05,12107.95,12110.9,12103.2,12105.45,13:15:00,12087.702032918338,3,49
2020-11-05,12093.2,12108.3,12080.5,12108.2,13:20:00,12088.225648830878,3,50
2020-11-05,12090.2,12093.7,12080.55,12092.4,13:25:00,12088.413682275555,3,51
2020-11-05,12087.95,12089.95,12082.15,12089.95,13:30:00,12088.369522058838,3,52
2020-11-05,12096.95,12097.7,12086.15,12088.05,13:35:00,12089.186710434187,3,53
2020-11-05,12090.6,12102.05,12085.7,12097.3,13:40:00,12089.321309440456,3,54
2020-11-05,12090.0,12092.4,12085.65,12090.5,13:45:00,12089.3859466366,3,55
2020-11-05,12091.1,12097.8,12086.95,12090.9,13:50:00,12089.549189814068,3,56
2020-11-05,12085.55,12099.0,12082.95,12091.95,13:55:00,12089.16831459368,3,57
2020-11-05,12081.85,12090.3,12073.65,12086.7,14:00:00,12088.471332251424,3,58
2020-11-05,12085.15,12085.15,12072.05,12082.9,14:05:00,12088.155014894148,3,59
2020-11-05,12083.3,12089.1,12082.05,12085.95,14:10:00,12087.692632523276,3,60
2020-11-05,12095.15,12097.85,12081.1,12083.8,14:15:00,12088.40285799725,3,61
2020-11-05,12110.5,12113.8,12094.2,12095.55,14:20:00,12090.507347711797,3,62
2020-11-05,12107.55,12111.0,12098.85,12111.0,14:25:00,12092.130457453532,3,63
2020-11-05,12105.35,12109.7,12099.15,12107.75,14:30:00,12093.389461505576,3,64
2020-11-05,12098.55,12105.75,12096.95,12105.5,14:35:00,12093.880941362188,3,65
2020-11-05,12096.2,12104.8,12094.85,12098.9,14:40:00,12094.101804089598,3,66
2020-11-05,12094.4,12105.1,12094.3,12096.8,14:45:00,12094.130203700111,3,67
2020-11-05,12100.45,12100.7,12090.3,12094.95,14:50:00,12094.732089062009,3,68
2020-11-05,12102.95,12112.35,12100.2,12100.9,14:55:00,12095.514747246578,3,69
2020-11-05,12109.4,12114.7,12103.05,12103.35,15:00:00,12096.837152270711,3,70
2020-11-05,12113.95,12116.9,12108.15,12110.0,15:05:00,12098.46694729255,3,71
2020-11-05,12122.25,12126.15,12112.35,12114.3,15:10:00,12100.731999931357,3,72
2020-11-05,12121.05,12124.15,12117.35,12122.2,15:15:00,12102.66704755694,3,73
2020-11-05,12124.85,12128.45,12119.45,12120.65,15:20:00,12104.779709694376,3,74
2020-11-05,12127.3,12131.1,12123.15,12124.7,15:25:00,12106.924499247292,3,75
2020-11-06,12152.2,12161.7,12131.85,12161.05,09:15:00,12111.236451699931,4,1
2020-11-06,12157.4,12172.9,12154.6,12154.6,09:20:00,12115.632980109462,4,2
2020-11-06,12157.9,12164.6,12154.65,12157.65,09:25:00,12119.658410575226,4,3
2020-11-06,12151.0,12164.3,12144.4,12157.1,09:30:00,12122.643323853776,4,4
2020-11-06,12154.8,12156.0,12147.35,12151.2,09:35:00,12125.70586443913,4,5
2020-11-06,12174.6,12175.55,12155.05,12155.05,09:40:00,12130.362448778262,4,6
2020-11-06,12184.8,12184.9,12171.55,12173.25,09:45:00,12135.546977466049,4,7
2020-11-06,12189.6,12190.1,12180.05,12185.5,09:50:00,12140.69488437404,4,8
2020-11-06,12195.45,12195.85,12183.5,12188.85,09:55:00,12145.9096572908,4,9
2020-11-06,12201.5,12202.35,12188.15,12195.95,10:00:00,12151.203975644055,4,10
2020-11-06,12207.95,12208.95,12198.65,12201.65,10:05:00,12156.608358916052,4,11
2020-11-06,12196.15,12207.75,12195.7,12207.75,10:10:00,12160.374229495475,4,12
2020-11-06,12181.65,12198.85,12181.2,12196.5,10:15:00,12162.400493353049,4,13
2020-11-06,12189.15,12191.25,12180.25,12181.45,10:20:00,12164.948065414665,4,14
2020-11-06,12191.05,12193.7,12183.9,12189.05,10:25:00,12167.4339639466,4,15
2020-11-06,12186.15,12198.15,12185.05,12190.45,10:30:00,12169.216443570736,4,16
2020-11-06,12182.8,12190.45,12180.5,12186.35,10:35:00,12170.510115611616,4,17
2020-11-06,12184.45,12190.8,12181.8,12183.15,10:40:00,12171.837723648605,4,18
2020-11-06,12175.55,12185.0,12173.5,12184.6,10:45:00,12172.19127377731,4,19
2020-11-06,12154.05,12175.6,12149.35,12175.6,10:50:00,12170.463533417564,4,20
2020-11-06,12162.55,12166.2,12143.75,12153.9,10:55:00,12169.709863568274,4,21
2020-11-06,12158.4,12164.25,12156.9,12162.2,11:00:00,12168.632733704628,4,22
2020-11-06,12172.05,12172.7,12154.45,12158.0,11:05:00,12168.95818763752,4,23
2020-11-06,12179.75,12184.65,12169.05,12172.15,11:10:00,12169.985979291092,4,24
2020-11-06,12173.45,12185.45,12170.55,12180.85,11:15:00,12170.315886025272,4,25
2020-11-06,12185.7,12185.85,12172.5,12172.8,11:20:00,12171.781039737152,4,26
2020-11-06,12188.75,12194.15,12181.2,12185.95,11:25:00,12173.397131190755,4,27
2020-11-06,12188.45,12193.0,12187.2,12189.7,11:30:00,12174.830737744018,4,28
2020-11-06,12195.2,12197.5,12184.65,12187.7,11:35:00,12176.770667482684,4,29
2020-11-06,12196.1,12199.45,12191.7,12195.35,11:40:00,12178.611556293856,4,30
2020-11-06,12191.55,12199.85,12191.55,12196.75,11:45:00,12179.843789027776,4,31
2020-11-06,12190.55,12192.35,12184.35,12190.9,11:50:00,12180.863428167986,4,32
2020-11-06,12193.2,12193.55,12187.75,12190.6,11:55:00,12182.038339771036,4,33
2020-11-06,12193.35,12196.1,12189.05,12193.05,12:00:00,12183.115640745222,4,34
2020-11-06,12194.55,12196.75,12189.85,12194.0,12:05:00,12184.204627340914,4,35
2020-11-06,12203.9,12212.6,12193.1,12194.6,12:10:00,12186.080377117967,4,36
2020-11-06,12204.8,12207.6,12200.75,12203.7,12:15:00,12187.863198344829,4,37
2020-11-06,12207.1,12207.1,12202.7,12204.4,12:20:00,12189.69527469294,4,38
2020-11-06,12209.25,12213.75,12206.95,12206.95,12:25:00,12191.557629484088,4,39
2020-11-06,12213.65,12213.95,12206.45,12209.95,12:30:00,12193.661664771318,4,40
2020-11-06,12214.4,12218.95,12211.65,12214.25,12:35:00,12195.636744316907,4,41
2020-11-06,12225.55,12232.75,12214.5,12214.5,12:40:00,12198.485625810536,4,42
2020-11-06,12223.1,12229.4,12222.2,12226.0,12:45:00,12200.829851923818,4,43
2020-11-06,12233.8,12235.95,12219.75,12223.15,12:50:00,12203.969866026311,4,44
2020-11-06,12247.9,12256.95,12233.65,12233.65,12:55:00,12208.15368830952,4,45
2020-11-06,12245.9,12257.95,12242.6,12249.0,13:00:00,12211.748575137184,4,46
2020-11-06,12246.3,12251.9,12241.75,12245.65,13:05:00,12215.03918702888,4,47
2020-11-06,12250.75,12253.5,12242.1,12246.7,13:10:00,12218.440216835654,4,48
2020-11-06,12246.95,12257.4,12246.95,12250.6,13:15:00,12221.155434279875,4,49
2020-11-06,12237.75,12246.8,12233.4,12246.8,13:20:00,12222.735869110364,4,50
2020-11-06,12229.75,12241.55,12228.2,12238.25,13:25:00,12223.403881576043,4,51
2020-11-06,12244.9,12246.9,12229.95,12231.55,13:30:00,12225.451130949754,4,52
2020-11-06,12243.2,12245.5,12238.0,12245.15,13:35:00,12227.141499430729,4,53
2020-11-06,12245.5,12258.85,12242.8,12243.15,13:40:00,12228.889928056376,4,54
2020-11-06,12247.9,12252.3,12242.75,12245.25,13:45:00,12230.700411098624,4,55
2020-11-06,12248.95,12254.85,12243.85,12248.05,13:50:00,12232.438467184473,4,56
2020-11-06,12260.65,12262.6,12244.55,12248.9,13:55:00,12235.125279833568,4,57
2020-11-06,12254.35,12261.4,12252.4,12260.9,14:00:00,12236.956205563703,4,58
2020-11-06,12261.1,12262.05,12249.6,12254.0,14:05:00,12239.255614557638,4,59
2020-11-06,12253.05,12264.4,12251.95,12261.0,14:10:00,12240.56936555215,4,60
2020-11-06,12252.6,12257.9,12246.7,12252.9,14:15:00,12241.715140261467,4,61
2020-11-06,12246.0,12254.35,12243.65,12252.25,14:20:00,12242.123222141328,4,62
2020-11-06,12221.55,12254.55,12218.35,12246.05,14:25:00,12240.16386765168,4,63
2020-11-06,12227.1,12233.45,12215.0,12220.95,14:30:00,12238.919689780092,4,64
2020-11-06,12202.85,12230.8,12202.85,12227.05,14:35:00,12235.484481229609,4,65
2020-11-06,12226.6,12228.3,12196.7,12202.55,14:40:00,12234.63834016012,4,66
2020-11-06,12238.2,12242.35,12222.5,12227.2,14:45:00,12234.977545859156,4,67
2020-11-06,12246.45,12248.15,12236.35,12241.2,14:50:00,12236.070160539237,4,68
2020-11-06,12248.15,12252.9,12239.15,12247.1,14:55:00,12237.22062144026,4,69
2020-11-06,12258.6,12259.65,12248.0,12249.4,15:00:00,12239.256752731666,4,70
2020-11-06,12265.05,12270.9,12254.7,12259.75,15:05:00,12241.713252471509,4,71
2020-11-06,12265.25,12267.9,12256.4,12264.6,15:10:00,12243.95484747422,4,72
2020-11-06,12269.5,12269.95,12262.4,12265.45,15:15:00,12246.387719143342,4,73
2020-11-06,12266.5,12280.4,12264.05,12268.4,15:20:00,12248.303174463024,4,74
2020-11-06,12260.8,12268.55,12257.65,12265.65,15:25:00,12249.49334832369,4,75
2020-11-09,12409.6,12430.9,12383.9,12399.45,09:15:00,12264.74160086429,0,1
2020-11-09,12442.9,12445.2,12409.0,12410.35,09:20:00,12281.709067448644,0,2
2020-11-09,12446.35,12447.65,12433.8,12443.35,09:25:00,12297.389156263058,0,3
2020-11-09,12422.4,12451.8,12420.8,12448.05,09:30:00,12309.294950904672,0,4
2020-11-09,12427.2,12430.4,12414.3,12423.15,09:35:00,12320.524003199464,0,5
2020-11-09,12437.15,12440.55,12419.5,12426.85,09:40:00,12331.631240989993,0,6
2020-11-09,12448.55,12450.35,12436.0,12437.9,09:45:00,12342.766360895708,0,7
2020-11-09,12437.55,12450.45,12435.15,12448.85,09:50:00,12351.793374143735,0,8
2020-11-09,12425.2,12438.4,12422.55,12438.25,09:55:00,12358.784481368142,0,9
2020-11-09,12437.5,12439.55,12420.65,12424.6,10:00:00,12366.28119742832,0,10
2020-11-09,12437.25,12440.6,12428.8,12437.75,10:05:00,12373.040131006575,0,11
2020-11-09,12434.1,12438.4,12431.35,12437.6,10:10:00,12378.855356624998,0,12
2020-11-09,12426.3,12434.65,12423.5,12433.65,10:15:00,12383.373894089284,0,13
2020-11-09,12419.35,12429.55,12415.35,12426.75,10:20:00,12386.800189890304,0,14
2020-11-09,12417.5,12426.15,12411.8,12421.15,10:25:00,12389.723981329324,0,15
2020-11-09,12423.3,12424.75,12412.75,12418.05,10:30:00,12392.921697393196,0,16
2020-11-09,12431.65,12431.65,12415.35,12423.55,10:35:00,12396.610107165274,0,17
2020-11-09,12410.55,12433.05,12409.35,12432.05,10:40:00,12397.937716006678,0,18
2020-11-09,12401.0,12414.15,12401.0,12410.45,10:45:00,12398.22936210128,0,19
2020-11-09,12406.7,12408.85,12396.85,12401.8,10:50:00,12399.036089520208,0,20
2020-11-09,12406.6,12418.15,12405.8,12406.5,10:55:00,12399.756461946854,0,21
2020-11-09,12392.65,12410.75,12391.35,12406.65,11:00:00,12399.079656047154,0,22
2020-11-09,12392.3,12401.55,12386.45,12392.8,11:05:00,12398.433974518854,0,23
2020-11-09,12406.2,12410.35,12391.35,12393.45,11:10:00,12399.173595993248,0,24
2020-11-09,12394.9,12406.85,12392.6,12406.75,11:15:00,12398.766586851036,0,25
2020-11-09,12381.9,12395.15,12377.35,12394.75,11:20:00,12397.160245246176,0,26
2020-11-09,12392.55,12393.1,12381.05,12381.8,11:25:00,12396.72117427035,0,27
2020-11-09,12382.15,12395.65,12376.7,12392.8,11:30:00,12395.33344338746,0,28
2020-11-09,12373.35,12386.4,12367.7,12382.2,11:35:00,12393.23978211246,0,29
2020-11-09,12381.8,12385.5,12372.5,12373.8,11:40:00,12392.150279054133,0,30
2020-11-09,12394.2,12394.6,12375.55,12381.9,11:45:00,12392.345490572789,0,31
2020-11-09,12390.95,12401.55,12390.8,12394.45,11:50:00,12392.212586708712,0,32
2020-11-09,12390.4,12394.05,12386.75,12391.7,11:55:00,12392.03995940312,0,33
2020-11-09,12384.35,12393.4,12381.75,12390.55,12:00:00,12391.30758231711,0,34
2020-11-09,12374.95,12384.7,12373.8,12384.7,12:05:00,12389.74971733453,0,35
2020-11-09,12375.45,12379.1,12371.85,12376.0,12:10:00,12388.387839493143,0,36
2020-11-09,12380.15,12382.6,12375.0,12375.15,12:15:00,12387.603283350942,0,37
2020-11-09,12383.5,12392.5,12380.1,12380.4,12:20:00,12387.212494460377,0,38
2020-11-09,12379.1,12384.35,12375.6,12383.65,12:25:00,12386.43987594034,0,39
2020-11-09,12376.65,12383.35,12367.35,12380.25,12:30:00,12385.507506803166,0,40
2020-11-09,12385.5,12386.05,12376.2,12376.25,12:35:00,12385.506791869531,0,41
2020-11-09,12392.45,12396.65,12382.9,12385.95,12:40:00,12386.168049786718,0,42
2020-11-09,12394.15,12398.9,12389.15,12393.6,12:45:00,12386.928235521316,0,43
2020-11-09,12392.45,12404.5,12391.15,12394.65,12:50:00,12387.45411785262,0,44
2020-11-09,12383.3,12394.55,12382.05,12392.6,12:55:00,12387.058487580942,0,45
2020-11-09,12387.9,12388.25,12378.35,12383.35,13:00:00,12387.138631620852,0,46
2020-11-09,12394.55,12398.8,12388.6,12389.3,13:05:00,12387.844476228389,0,47
2020-11-09,12402.6,12404.35,12394.35,12395.7,13:10:00,12389.24976420664,0,48
2020-11-09,12403.5,12404.0,12394.6,12403.3,13:15:00,12390.606929520292,0,49
2020-11-09,12396.65,12405.35,12396.55,12404.8,13:20:00,12391.18246004217,0,50
2020-11-09,12409.55,12409.95,12396.05,12397.6,13:25:00,12392.931749561963,0,51
2020-11-09,12407.2,12418.15,12406.9,12410.5,13:30:00,12394.290630556065,0,52
2020-11-09,12419.4,12424.9,12407.8,12409.65,13:35:00,12396.681999074532,0,53
2020-11-09,12418.3,12421.7,12415.3,12421.55,13:40:00,12398.740856305529,0,54
2020-11-09,12416.4,12420.75,12410.3,12419.55,13:45:00,12400.422679514526,0,55
2020-11-09,12415.75,12418.5,12411.55,12417.95,13:50:00,12401.882424322666,0,56
2020-11-09,12415.9,12421.85,12411.2,12417.55,13:55:00,12403.217431530033,0,57
2020-11-09,12426.8,12433.4,12416.8,12418.1,14:00:00,12405.463390431934,0,58
2020-11-09,12429.05,12431.75,12424.4,12428.7,14:05:00,12407.709734200322,0,59
2020-11-09,12436.5,12437.6,12428.95,12431.3,14:10:00,12410.45166427648,0,60
2020-11-09,12429.65,12437.35,12424.2,12437.15,14:15:00,12412.28007720253,0,61
2020-11-09,12429.95,12438.35,12428.35,12430.7,14:20:00,12413.962926992765,0,62
2020-11-09,12430.15,12436.8,12427.95,12431.7,14:25:00,12415.504552993454,0,63
2020-11-09,12441.25,12441.65,12430.3,12430.3,14:30:00,12417.956500327413,0,64
2020-11-09,12446.0,12447.85,12439.7,12442.65,14:35:00,12420.62730982004,0,65
2020-11-09,12451.9,12458.45,12446.2,12447.6,14:40:00,12423.60566126575,0,66
2020-11-09,12445.6,12453.05,12440.8,12453.05,14:45:00,12425.70036019282,0,67
2020-11-09,12440.8,12449.55,12438.0,12446.5,14:50:00,12427.138421126838,0,68
2020-11-09,12438.6,12445.35,12438.15,12442.25,14:55:00,12428.230000067138,0,69
2020-11-09,12451.45,12454.9,12439.05,12439.45,15:00:00,12430.441428632172,0,70
2020-11-09,12455.85,12457.1,12446.8,12452.55,15:05:00,12432.861292571966,0,71
2020-11-09,12465.65,12466.9,12454.55,12455.55,15:10:00,12435.984026612732,0,72
2020-11-09,12465.75,12467.05,12460.6,12465.25,15:15:00,12438.818881221045,0,73
2020-11-09,12469.3,12474.05,12459.9,12465.45,15:20:00,12441.721844914278,0,74
2020-11-09,12469.2,12472.7,12466.25,12469.25,15:25:00,12444.338812065298,0,75
2020-11-10,12512.95,12557.05,12485.0,12557.05,09:15:00,12450.873210916225,1,1
2020-11-10,12484.25,12516.1,12475.25,12516.0,09:20:00,12454.051952733726,1,2
2020-11-10,12501.85,12510.8,12482.65,12482.65,09:25:00,12458.604147711463,1,3
2020-11-10,12484.9,12501.35,12476.75,12501.35,09:30:00,12461.108514596086,1,4
2020-11-10,12491.9,12497.55,12481.1,12484.8,09:35:00,12464.041037015508,1,5
2020-11-10,12522.25,12524.2,12491.85,12492.8,09:40:00,12469.584747775936,1,6
2020-11-10,12526.4,12531.05,12515.1,12522.7,09:45:00,12474.995724178229,1,7
2020-11-10,12530.25,12541.25,12526.0,12526.55,09:50:00,12480.258036161254,1,8
2020-11-10,12539.55,12541.3,12523.2,12529.7,09:55:00,12485.904889860183,1,9
2020-11-10,12537.85,12542.7,12535.35,12539.2,10:00:00,12490.852043206833,1,10
2020-11-10,12549.2,12550.35,12537.2,12537.65,10:05:00,12496.408991472848,1,11
2020-11-10,12556.05,12563.75,12548.15,12549.4,10:10:00,12502.089087523054,1,12
2020-11-10,12557.75,12566.75,12554.1,12555.4,10:15:00,12507.390126806573,1,13
2020-11-10,12545.25,12558.9,12541.65,12557.3,10:20:00,12510.99582901547,1,14
2020-11-10,12535.3,12547.4,12532.95,12546.15,10:25:00,12513.310511966378,1,15
2020-11-10,12547.75,12549.7,12533.5,12535.5,10:30:00,12516.590463207674,1,16
2020-11-10,12554.75,12557.55,12543.2,12548.05,10:35:00,12520.224704806944,1,17
2020-11-10,12558.9,12560.1,12552.6,12554.65,10:40:00,12523.908066253902,1,18
2020-11-10,12571.2,12577.55,12550.15,12557.65,10:45:00,12528.412059944008,1,19
2020-11-10,12577.05,12581.1,12569.3,12570.55,10:50:00,12533.044244711244,1,20
2020-11-10,12585.9,12588.25,12569.15,12576.65,10:55:00,12538.078126167316,1,21
2020-11-10,12592.25,12598.35,12581.55,12586.2,11:00:00,12543.23735224662,1,22
2020-11-10,12584.8,12597.45,12582.05,12593.05,11:05:00,12547.195699651702,1,23
2020-11-10,12576.7,12587.6,12576.4,12584.75,11:10:00,12550.005633018209,1,24
2020-11-10,12584.35,12591.95,12574.6,12576.75,11:15:00,12553.27652511171,1,25
2020-11-10,12566.55,12589.0,12565.95,12584.4,11:20:00,12554.54066557726,1,26
2020-11-10,12568.6,12570.45,12556.9,12566.9,11:25:00,12555.879649807996,1,27
2020-11-10,12572.15,12577.1,12566.95,12568.45,11:30:00,12557.42920696914,1,28
2020-11-10,12568.2,12575.35,12564.35,12572.6,11:35:00,12558.454996781604,1,29
2020-11-10,12564.45,12569.4,12560.75,12568.0,11:40:00,12559.02594946907,1,30
2020-11-10,12554.7,12566.45,12553.5,12563.05,11:45:00,12558.61395428154,1,31
2020-11-10,12547.85,12561.45,12542.75,12554.35,11:50:00,12557.588815778536,1,32
2020-11-10,12560.6,12562.95,12545.7,12548.25,11:55:00,12557.8755952282,1,33
2020-11-10,12575.65,12576.75,12561.2,12561.2,12:00:00,12559.568395682656,1,34
2020-11-10,12581.55,12583.25,12572.8,12576.5,12:05:00,12561.661881808115,1,35
2020-11-10,12571.6,12581.9,12569.2,12581.25,12:10:00,12562.608369254962,1,36
2020-11-10,12565.2,12572.55,12560.7,12572.45,12:15:00,12562.85519123068,1,37
2020-11-10,12572.05,12573.9,12564.85,12565.75,12:20:00,12563.73088730395,1,38
2020-11-10,12572.75,12575.0,12567.1,12572.25,12:25:00,12564.58985041786,1,39
2020-11-10,12581.9,12583.35,12573.9,12573.9,12:30:00,12566.238436092348,1,40
2020-11-10,12585.55,12589.8,12578.4,12582.4,12:35:00,12568.077632654982,1,41
2020-11-10,12582.4,12586.4,12577.35,12585.2,12:40:00,12569.441667640222,1,42
2020-11-10,12594.8,12595.2,12579.9,12582.15,12:45:00,12571.85674691258,1,43
2020-11-10,12602.45,12605.2,12594.3,12595.0,12:50:00,12574.770390063764,1,44
2020-11-10,12611.45,12611.65,12597.25,12602.5,12:55:00,12578.263686248169,1,45
2020-11-10,12604.7,12624.5,12604.2,12611.9,13:00:00,12580.78143041501,1,46
2020-11-10,12611.2,12616.0,12597.6,12605.8,13:05:00,12583.678437042152,1,47
2020-11-10,12615.2,12617.05,12603.5,12611.6,13:10:00,12586.680490657183,1,48
2020-11-10,12593.7,12615.55,12593.15,12615.55,13:15:00,12587.3490153565,1,49
2020-11-10,12594.7,12597.55,12585.25,12593.15,13:20:00,12588.049109132073,1,50
2020-11-10,12592.2,12595.75,12582.25,12594.8,13:25:00,12588.444432071874,1,51
2020-11-10,12604.55,12605.25,12591.5,12592.05,13:30:00,12589.978295684075,1,52
2020-11-10,12608.35,12610.65,12599.65,12604.4,13:35:00,12591.7279818094,1,53
2020-11-10,12610.85,12611.95,12601.5,12609.75,13:40:00,12593.549126398982,1,54
2020-11-10,12623.7,12626.6,12610.95,12611.6,13:45:00,12596.420638170508,1,55
2020-11-10,12621.35,12627.15,12616.8,12624.15,13:50:00,12598.79486310665,1,56
2020-11-10,12614.2,12621.4,12608.4,12621.4,13:55:00,12600.262019001257,1,57
2020-11-10,12605.6,12617.0,12597.85,12614.6,14:00:00,12600.770398143992,1,58
2020-11-10,12582.0,12606.35,12575.25,12605.35,14:05:00,12598.982741177895,1,59
2020-11-10,12532.85,12581.4,12530.3,12581.4,14:10:00,12592.68438487524,1,60
2020-11-10,12557.0,12560.75,12520.4,12531.6,14:15:00,12589.28587202998,1,61
2020-11-10,12566.55,12584.35,12556.55,12556.95,14:20:00,12587.120550884269,1,62
2020-11-10,12570.0,12577.25,12558.45,12565.85,14:25:00,12585.490022228623,1,63
2020-11-10,12589.15,12590.5,12566.85,12569.55,14:30:00,12585.838591540183,1,64
2020-11-10,12584.95,12589.5,12575.5,12588.7,14:35:00,12585.753963774452,1,65
2020-11-10,12592.3,12597.1,12584.45,12585.1,14:40:00,12586.377395795933,1,66
2020-11-10,12605.1,12609.0,12592.35,12592.35,14:45:00,12588.160500958224,1,67
2020-11-10,12621.15,12622.0,12599.4,12605.8,14:50:00,12591.302358009823,1,68
2020-11-10,12628.35,12630.75,12611.9,12620.8,14:55:00,12594.830704866032,1,69
2020-11-10,12629.35,12642.55,12614.9,12628.2,15:00:00,12598.118256783551,1,70
2020-11-10,12633.25,12638.1,12627.25,12629.0,15:05:00,12601.46413708988,1,71
2020-11-10,12625.3,12635.75,12622.55,12633.45,15:10:00,12603.734219271795,1,72
2020-11-10,12632.85,12635.65,12622.25,12624.8,15:15:00,12606.50715076972,1,73
2020-11-10,12632.9,12640.1,12629.5,12633.4,15:20:00,12609.020755458318,1,74
2020-11-10,12643.75,12643.9,12631.65,12633.2,15:25:00,12612.328302557526,1,75
2020-11-11,12699.7,12705.45,12656.6,12666.0,09:15:00,12620.649416599666,2,1
2020-11-11,12729.35,12734.6,12698.6,12701.35,09:20:00,12631.001853113985,2,2
2020-11-11,12748.35,12748.75,12729.2,12729.4,09:25:00,12642.177867103128,2,3
2020-11-11,12732.75,12752.9,12719.1,12747.85,09:30:00,12650.803784521877,2,4
2020-11-11,12744.85,12746.65,12724.7,12731.3,09:35:00,12659.760566948364,2,5
2020-11-11,12762.6,12766.4,12739.15,12745.05,09:40:00,12669.554798667568,2,6
2020-11-11,12750.95,12769.75,12750.7,12762.55,09:45:00,12677.306722603991,2,7
2020-11-11,12758.0,12763.8,12749.05,12749.6,09:50:00,12684.991796641703,2,8
2020-11-11,12740.05,12765.85,12739.6,12758.05,09:55:00,12690.235435056782,2,9
2020-11-11,12731.9,12748.0,12727.45,12739.3,10:00:00,12694.203488860898,2,10
2020-11-11,12738.5,12741.4,12725.25,12733.0,10:05:00,12698.42220420748,2,11
2020-11-11,12737.8,12745.2,12732.7,12737.55,10:10:00,12702.172470473432,2,12
2020-11-11,12721.25,12739.0,12717.0,12738.75,10:15:00,12703.989378047392,2,13
2020-11-11,12722.5,12727.05,12708.75,12720.65,10:20:00,12705.75229442383,2,14
2020-11-11,12733.75,12740.5,12722.4,12722.9,10:25:00,12708.418742573942,2,15
2020-11-11,12735.05,12738.0,12729.25,12734.15,10:30:00,12710.955052804997,2,16
2020-11-11,12737.85,12743.75,12731.15,12734.95,10:35:00,12713.516476347377,2,17
2020-11-11,12731.0,12738.6,12718.15,12738.6,10:40:00,12715.181573838105,2,18
2020-11-11,12726.15,12739.5,12723.15,12731.2,10:45:00,12716.226185853522,2,19
2020-11-11,12727.1,12735.35,12721.55,12723.0,10:50:00,12717.261787200809,2,20
2020-11-11,12709.1,12727.75,12707.55,12726.7,10:55:00,12716.484474134064,2,21
2020-11-11,12695.35,12712.7,12690.15,12706.9,11:00:00,12714.471667073678,2,22
2020-11-11,12688.75,12698.55,12677.6,12695.25,11:05:00,12712.021984495232,2,23
2020-11-11,12628.3,12688.0,12628.25,12688.0,11:10:00,12704.048462162356,2,24
2020-11-11,12611.9,12647.35,12595.6,12627.6,11:15:00,12695.272418146891,2,25
2020-11-11,12632.1,12640.5,12590.3,12611.0,11:20:00,12689.255997370998,2,26
2020-11-11,12623.5,12642.9,12617.25,12632.45,11:25:00,12682.993521430904,2,27
2020-11-11,12642.35,12649.15,12624.25,12624.25,11:30:00,12679.122709866057,2,28
2020-11-11,12620.7,12647.05,12618.4,12642.2,11:35:00,12673.558642259764,2,29
2020-11-11,12627.7,12635.7,12610.25,12620.75,11:40:00,12669.19115252074,2,30
2020-11-11,12621.55,12637.0,12615.45,12628.05,11:45:00,12664.653899899717,2,31
2020-11-11,12597.65,12621.95,12596.8,12621.95,11:50:00,12658.272576099744,2,32
2020-11-11,12596.9,12603.3,12581.0,12597.7,11:55:00,12652.42756885215,2,33
2020-11-11,12617.6,12622.25,12595.5,12597.7,12:00:00,12649.110657532898,2,34
2020-11-11,12632.4,12640.8,12616.45,12617.25,12:05:00,12647.519166339289,2,35
2020-11-11,12664.2,12664.95,12626.25,12632.35,12:10:00,12649.107817164118,2,36
2020-11-11,12658.4,12672.45,12649.35,12664.4,12:15:00,12649.992786958011,2,37
2020-11-11,12637.5,12662.15,12637.5,12658.5,12:20:00,12648.802997723917,2,38
2020-11-11,12628.05,12638.85,12618.6,12638.1,12:25:00,12646.82652175021,2,39
2020-11-11,12637.2,12644.35,12628.4,12629.25,12:30:00,12645.909710154952,2,40
2020-11-11,12645.25,12657.45,12636.2,12636.8,12:35:00,12645.846880616387,2,41
2020-11-11,12655.1,12660.05,12644.95,12644.95,12:40:00,12646.728130081494,2,42
2020-11-11,12641.55,12657.25,12641.05,12655.65,12:45:00,12646.234974835636,2,43
2020-11-11,12647.9,12657.9,12640.8,12641.25,12:50:00,12646.393548660812,2,44
2020-11-11,12629.2,12650.35,12622.9,12648.05,12:55:00,12644.756067835971,2,45
2020-11-11,12640.5,12648.95,12628.45,12629.15,13:00:00,12644.35072804207,2,46
2020-11-11,12634.1,12648.1,12633.2,12640.3,13:05:00,12643.37446822854,2,47
2020-11-11,12630.1,12641.65,12630.1,12634.5,13:10:00,12642.110233159156,2,48
2020-11-11,12592.15,12635.25,12591.5,12630.65,13:15:00,12637.352115715426,2,49
2020-11-11,12588.75,12606.2,12575.9,12591.05,13:20:00,12632.723342790146,2,50
2020-11-11,12572.25,12595.7,12571.1,12588.9,13:25:00,12626.963976810131,2,51
2020-11-11,12635.45,12635.45,12572.95,12572.95,13:30:00,12627.772169494883,2,52
2020-11-11,12652.75,12658.35,12625.4,12635.9,13:35:00,12630.15101049537,2,53
2020-11-11,12660.25,12668.0,12645.7,12651.8,13:40:00,12633.017580924385,2,54
2020-11-11,12648.1,12660.5,12636.85,12660.5,13:45:00,12634.454001788728,2,55
2020-11-11,12679.1,12687.05,12634.15,12648.2,13:50:00,12638.706001618371,2,56
2020-11-11,12689.65,12696.0,12678.25,12678.65,13:55:00,12643.557810988052,2,57
2020-11-11,12711.9,12712.3,12684.9,12689.95,14:00:00,12650.066590893952,2,58
2020-11-11,12716.6,12723.4,12692.05,12712.55,14:05:00,12656.40310604691,2,59
2020-11-11,12717.45,12730.2,12716.05,12716.15,14:10:00,12662.217095947202,2,60
2020-11-11,12731.8,12735.9,12704.05,12716.05,14:15:00,12668.844039190326,2,61
2020-11-11,12724.35,12733.3,12720.2,12731.25,14:20:00,12674.1303211722,2,62
2020-11-11,12744.1,12748.45,12708.85,12725.0,14:25:00,12680.794100108182,2,63
2020-11-11,12746.75,12753.95,12738.9,12744.0,14:30:00,12687.075614383592,2,64
2020-11-11,12738.25,12750.75,12723.4,12745.85,14:35:00,12691.94936539468,2,65
2020-11-11,12734.65,12746.1,12734.65,12738.6,14:40:00,12696.016092499947,2,66
2020-11-11,12747.05,12755.1,12735.8,12735.8,14:45:00,12700.87646464281,2,67
2020-11-11,12755.0,12756.85,12747.0,12747.85,14:50:00,12706.03108705778,2,68
2020-11-11,12753.85,12758.1,12748.35,12754.2,14:55:00,12710.585269242752,2,69
2020-11-11,12736.9,12761.05,12723.25,12754.0,15:00:00,12713.091434076776,2,70
2020-11-11,12742.45,12745.85,12726.55,12736.65,15:05:00,12715.887487974223,2,71
2020-11-11,12746.75,12754.15,12742.3,12743.2,15:10:00,12718.826774833824,2,72
2020-11-11,12753.95,12755.65,12746.65,12746.95,15:15:00,12722.17184389727,2,73
2020-11-11,12757.5,12762.2,12748.25,12754.1,15:20:00,12725.536430192768,2,74
2020-11-11,12757.0,12758.7,12751.3,12757.8,15:25:00,12728.5329606506,2,75
2020-11-12,12722.75,12723.25,12692.0,12705.65,09:15:00,12727.9822024934,3,1
2020-11-12,12732.2,12741.15,12721.5,12725.75,09:20:00,12728.38389749403,3,2
2020-11-12,12701.95,12734.5,12701.95,12732.7,09:25:00,12725.86638344698,3,3
2020-11-12,12709.85,12729.5,12701.95,12702.45,09:30:00,12724.341013594889,3,4
2020-11-12,12692.75,12709.4,12683.3,12709.4,09:35:00,12721.332345633473,3,5
2020-11-12,12683.15,12693.0,12678.65,12693.0,09:40:00,12717.695931763616,3,6
2020-11-12,12695.75,12701.25,12677.0,12683.1,09:45:00,12715.605843024225,3,7
2020-11-12,12687.6,12701.35,12685.65,12696.25,09:50:00,12712.938619879062,3,8
2020-11-12,12697.95,12702.3,12679.5,12687.15,09:55:00,12711.511132271531,3,9
2020-11-12,12697.7,12713.55,12693.9,12698.15,10:00:00,12710.195786340912,3,10
2020-11-12,12687.8,12700.8,12687.2,12698.3,10:05:00,12708.062854308444,3,11
2020-11-12,12699.45,12699.55,12682.55,12686.7,10:10:00,12707.242582469546,3,12
2020-11-12,12697.45,12702.55,12692.9,12700.25,10:15:00,12706.309955567684,3,13
2020-11-12,12677.2,12701.3,12676.55,12697.2,10:20:00,12703.537578846952,3,14
2020-11-12,12671.0,12678.15,12665.55,12676.25,10:25:00,12700.438761813908,3,15
2020-11-12,12665.65,12675.7,12660.1,12671.6,10:30:00,12697.12554640306,3,16
2020-11-12,12668.25,12679.0,12665.5,12665.5,10:35:00,12694.375494364673,3,17
2020-11-12,12667.25,12670.85,12659.5,12668.0,10:40:00,12691.79211394899,3,18
2020-11-12,12674.8,12677.95,12661.45,12667.95,10:45:00,12690.17381738242,3,19
2020-11-12,12682.7,12685.8,12673.25,12675.3,10:50:00,12689.46202525076,3,20
2020-11-12,12685.2,12687.0,12675.3,12682.55,10:55:00,12689.05611808402,3,21
2020-11-12,12688.55,12689.85,12680.85,12685.85,11:00:00,12689.007916361732,3,22
2020-11-12,12681.2,12690.25,12677.3,12687.95,11:05:00,12688.264305279665,3,23
2020-11-12,12675.75,12687.35,12675.0,12681.65,11:10:00,12687.0724666816,3,24
2020-11-12,12675.45,12678.55,12668.25,12675.35,11:15:00,12685.965565092876,3,25
2020-11-12,12671.15,12676.45,12667.9,12676.45,11:20:00,12684.554558893557,3,26
2020-11-12,12683.2,12683.55,12666.25,12672.45,11:25:00,12684.425553284644,3,27
2020-11-12,12683.7,12691.55,12678.35,12684.25,11:30:00,12684.35645297182,3,28
2020-11-12,12690.65,12693.75,12680.6,12684.95,11:35:00,12684.955838403075,3,29
2020-11-12,12686.05,12691.6,12683.25,12691.6,11:40:00,12685.060044269449,3,30
2020-11-12,12679.65,12686.95,12677.2,12686.95,11:45:00,12684.544801958073,3,31
2020-11-12,12674.8,12683.75,12671.35,12680.65,11:50:00,12683.616725581114,3,32
2020-11-12,12682.35,12684.25,12673.05,12675.2,11:55:00,12683.49608504958,3,33
2020-11-12,12680.4,12686.95,12679.8,12683.7,12:00:00,12683.201219806764,3,34
2020-11-12,12684.95,12684.95,12676.6,12680.5,12:05:00,12683.367770301358,3,35
2020-11-12,12684.6,12687.2,12683.1,12685.8,12:10:00,12683.485125510751,3,36
2020-11-12,12664.7,12688.15,12664.0,12685.1,12:15:00,12681.6960659383,3,37
2020-11-12,12671.55,12673.45,12653.0,12664.9,12:20:00,12680.729773944178,3,38
2020-11-12,12697.45,12697.45,12666.55,12672.0,12:25:00,12682.322176425683,3,39
2020-11-12,12700.1,12716.45,12691.1,12703.1,12:30:00,12684.015302480382,3,40
2020-11-12,12701.25,12704.25,12691.55,12700.25,12:35:00,12685.656702244156,3,41
2020-11-12,12705.9,12708.45,12699.95,12700.6,12:40:00,12687.58463536376,3,42
2020-11-12,12683.85,12710.4,12683.85,12706.85,12:45:00,12687.228955805307,3,43
2020-11-12,12689.9,12694.0,12682.95,12682.95,12:50:00,12687.483340966708,3,44
2020-11-12,12699.1,12700.05,12689.85,12689.95,12:55:00,12688.589689446067,3,45
2020-11-12,12679.95,12705.75,12670.8,12699.45,13:00:00,12687.766861879776,3,46
2020-11-12,12676.35,12684.35,12672.05,12678.55,13:05:00,12686.679541700749,3,47
2020-11-12,12680.1,12689.75,12671.25,12675.75,13:10:00,12686.05291868163,3,48
2020-11-12,12660.6,12680.75,12654.25,12680.75,13:15:00,12683.62883118814,3,49
2020-11-12,12643.3,12665.55,12640.8,12661.0,13:20:00,12679.787990122602,3,50
2020-11-12,12641.75,12648.85,12630.8,12643.95,13:25:00,12676.16532439664,3,51
2020-11-12,12655.35,12657.65,12638.15,12641.65,13:30:00,12674.182912549342,3,52
2020-11-12,12640.3,12655.6,12639.9,12654.7,13:35:00,12670.955968497025,3,53
2020-11-12,12629.9,12646.2,12624.85,12640.55,13:40:00,12667.045876259212,3,54
2020-11-12,12655.0,12658.1,12628.9,12630.3,13:45:00,12665.898649948813,3,55
2020-11-12,12656.7,12662.65,12649.4,12654.9,13:50:00,12665.022588048923,3,56
2020-11-12,12686.0,12694.25,12653.5,12657.0,13:55:00,12667.020436806171,3,57
2020-11-12,12696.85,12698.7,12686.15,12686.9,14:00:00,12669.861347586537,3,58
2020-11-12,12691.25,12695.95,12680.0,12695.95,14:05:00,12671.898362102103,3,59
2020-11-12,12686.4,12704.95,12682.2,12692.25,14:10:00,12673.279470473331,3,60
2020-11-12,12676.95,12689.15,12672.35,12686.85,14:15:00,12673.629044713967,3,61
2020-11-12,12672.25,12685.7,12671.35,12676.65,14:20:00,12673.49770712216,3,62
2020-11-12,12676.75,12688.0,12671.3,12671.3,14:25:00,12673.807449301004,3,63
2020-11-12,12656.55,12678.1,12646.4,12677.45,14:30:00,12672.163882700906,3,64
2020-11-12,12661.55,12664.6,12640.6,12654.95,14:35:00,12671.153036729393,3,65
2020-11-12,12655.65,12661.65,12646.45,12661.65,14:40:00,12669.67655704088,3,66
2020-11-12,12670.35,12670.4,12651.05,12655.25,14:45:00,12669.740694465558,3,67
2020-11-12,12662.8,12676.65,12660.55,12669.65,14:50:00,12669.07967594503,3,68
2020-11-12,12682.15,12684.4,12663.6,12663.6,14:55:00,12670.32446871217,3,69
2020-11-12,12680.35,12689.1,12676.1,12682.8,15:00:00,12671.279281215771,3,70
2020-11-12,12692.4,12692.95,12677.75,12680.45,15:05:00,12673.29077824284,3,71
2020-11-12,12692.85,12695.1,12681.85,12693.35,15:10:00,12675.15356126733,3,72
2020-11-12,12697.3,12705.25,12692.05,12692.8,15:15:00,12677.262745908538,3,73
2020-11-12,12692.15,12697.0,12682.55,12697.0,15:20:00,12678.680579631537,3,74
2020-11-12,12693.2,12698.6,12689.75,12692.9,15:25:00,12680.063381571388,3,75
2020-11-13,12634.85,12661.95,12618.75,12661.95,09:15:00,12675.757345231255,4,1
2020-11-13,12625.75,12636.2,12622.1,12635.2,09:20:00,12670.99474092352,4,2
2020-11-13,12622.8,12628.1,12613.95,12624.85,09:25:00,12666.40476559747,4,3
2020-11-13,12622.8,12627.85,12614.95,12625.7,09:30:00,12662.251930778662,4,4
2020-11-13,12617.65,12624.3,12607.7,12622.9,09:35:00,12658.00412784736,4,5
2020-11-13,12627.85,12630.25,12610.75,12616.55,09:40:00,12655.13230614761,4,6
2020-11-13,12631.05,12640.55,12619.35,12627.9,09:45:00,12652.838753181171,4,7
2020-11-13,12631.65,12637.4,12625.8,12631.2,09:50:00,12650.820776687726,4,8
2020-11-13,12640.85,12646.85,12631.65,12632.7,09:55:00,12649.871178907944,4,9
2020-11-13,12646.4,12654.6,12632.15,12641.15,10:00:00,12649.54059044052,4,10
2020-11-13,12648.85,12659.6,12647.1,12648.2,10:05:00,12649.474819922374,4,11
2020-11-13,12652.0,12654.45,12641.0,12649.75,10:10:00,12649.7153132631,4,12
2020-11-13,12672.75,12680.55,12651.3,12652.75,10:15:00,12651.909092952328,4,13
2020-11-13,12729.85,12729.85,12668.3,12673.6,10:20:00,12659.33203648068,4,14
2020-11-13,12712.0,12735.95,12701.25,12732.55,10:25:00,12664.348033006328,4,15
2020-11-13,12710.0,12715.85,12698.65,12712.1,10:30:00,12668.69583938668,4,16
2020-11-13,12707.95,12711.65,12696.5,12709.65,10:35:00,12672.43433087366,4,17
2020-11-13,12699.45,12708.85,12696.15,12708.75,10:40:00,12675.007251742836,4,18
2020-11-13,12705.65,12715.75,12694.5,12699.8,10:45:00,12677.92560871971,4,19
2020-11-13,12685.05,12704.95,12680.25,12704.85,10:50:00,12678.604122174977,4,20
2020-11-13,12698.55,12701.6,12679.2,12684.45,10:55:00,12680.503729586884,4,21
2020-11-13,12706.4,12707.6,12685.65,12698.75,11:00:00,12682.9700410548,4,22
2020-11-13,12701.85,12708.95,12698.5,12705.8,11:05:00,12684.768132382917,4,23
2020-11-13,12700.65,12703.7,12694.85,12701.6,11:10:00,12686.28069120359,4,24
2020-11-13,12694.4,12701.25,12691.75,12701.25,11:15:00,12687.053958708011,4,25
2020-11-13,12698.9,12705.65,12693.45,12693.45,11:20:00,12688.182153116772,4,26
2020-11-13,12669.6,12698.75,12669.2,12698.65,11:25:00,12686.412424248509,4,27
2020-11-13,12684.75,12685.4,12661.7,12669.25,11:30:00,12686.2540981296,4,28
2020-11-13,12682.5,12688.15,12676.25,12685.65,11:35:00,12685.8965649744,4,29
2020-11-13,12680.25,12685.85,12677.1,12682.25,11:40:00,12685.3587968816,4,30
2020-11-13,12676.9,12684.05,12670.5,12680.3,11:45:00,12684.55319717859,4,31
2020-11-13,12690.25,12692.25,12676.2,12676.2,11:50:00,12685.095749828248,4,32
2020-11-13,12684.8,12691.15,12682.65,12690.2,11:55:00,12685.067583177935,4,33
2020-11-13,12688.2,12690.2,12679.6,12685.5,12:00:00,12685.365908589562,4,34
2020-11-13,12698.9,12699.8,12684.7,12687.7,12:05:00,12686.65486967627,4,35
2020-11-13,12690.15,12701.3,12689.75,12698.85,12:10:00,12686.987739230912,4,36
2020-11-13,12675.8,12692.45,12665.8,12691.1,12:15:00,12685.92224025654,4,37
2020-11-13,12672.25,12678.75,12667.0,12674.65,12:20:00,12684.620122136868,4,38
2020-11-13,12671.5,12680.2,12671.15,12672.1,12:25:00,12683.370586695262,4,39
2020-11-13,12674.35,12680.35,12663.35,12671.1,12:30:00,12682.511483200477,4,40
2020-11-13,12673.95,12674.8,12668.0,12674.25,12:35:00,12681.69610384805,4,41
2020-11-13,12663.25,12674.2,12661.6,12674.2,12:40:00,12679.939332052996,4,42
2020-11-13,12665.75,12667.7,12653.15,12662.55,12:45:00,12678.587967095567,4,43
2020-11-13,12682.75,12683.5,12665.6,12665.7,12:50:00,12678.984351181703,4,44
2020-11-13,12675.15,12687.4,12672.75,12682.7,12:55:00,12678.619174878684,4,45
2020-11-13,12682.25,12692.75,12674.2,12674.7,13:00:00,12678.96496774738,4,46
2020-11-13,12683.6,12691.55,12681.0,12681.55,13:05:00,12679.406399390487,4,47
2020-11-13,12691.1,12691.1,12681.35,12684.15,13:10:00,12680.520075639011,4,48
2020-11-13,12672.9,12692.2,12671.35,12691.3,13:15:00,12679.79435414958,4,49
2020-11-13,12677.65,12679.0,12672.45,12672.45,13:20:00,12679.590129944858,4,50
2020-11-13,12688.0,12690.15,12671.7,12677.5,13:25:00,12680.39106995011,4,51
2020-11-13,12685.1,12692.8,12679.95,12688.1,13:30:00,12680.839539478671,4,52
2020-11-13,12674.8,12686.25,12669.75,12685.35,13:35:00,12680.264345242607,4,53
2020-11-13,12671.6,12681.85,12669.7,12674.3,13:40:00,12679.439169505216,4,54
2020-11-13,12686.1,12690.9,12671.9,12671.9,13:45:00,12680.073534314242,4,55
2020-11-13,12695.6,12697.05,12677.65,12686.35,13:50:00,12681.552245331934,4,56
2020-11-13,12694.6,12704.15,12689.1,12695.2,13:55:00,12682.794888633654,4,57
2020-11-13,12711.0,12716.4,12694.55,12694.55,14:00:00,12685.481089716162,4,58
2020-11-13,12719.75,12719.75,12707.15,12710.85,14:05:00,12688.74479545748,4,59
2020-11-13,12703.7,12719.45,12702.9,12719.35,14:10:00,12690.169100652003,4,60
2020-11-13,12702.95,12710.05,12699.45,12703.4,14:15:00,12691.386329161338,4,61
2020-11-13,12692.15,12704.65,12685.7,12702.5,14:20:00,12691.4590597174,4,62
2020-11-13,12700.9,12700.9,12686.75,12691.95,14:25:00,12692.358196887171,4,63
2020-11-13,12706.5,12707.6,12698.95,12699.95,14:30:00,12693.70503527887,4,64
2020-11-13,12698.6,12706.15,12693.05,12704.55,14:35:00,12694.171222395167,4,65
2020-11-13,12702.5,12707.65,12697.0,12698.25,14:40:00,12694.964439309912,4,66
2020-11-13,12719.75,12723.85,12701.8,12702.1,14:45:00,12697.324968899446,4,67
2020-11-13,12725.65,12728.7,12714.4,12719.65,14:50:00,12700.022590909022,4,68
2020-11-13,12722.55,12728.05,12717.9,12724.9,14:55:00,12702.168058441495,4,69
2020-11-13,12729.55,12731.5,12717.5,12722.05,15:00:00,12704.775862399449,4,70
2020-11-13,12720.9,12729.65,12720.8,12729.1,15:05:00,12706.311494551885,4,71
2020-11-13,12722.2,12727.25,12717.95,12721.15,15:10:00,12707.82468554694,4,72
2020-11-13,12714.75,12723.3,12713.95,12722.75,15:15:00,12708.484239304376,4,73
2020-11-13,12717.0,12723.2,12711.95,12714.3,15:20:00,12709.29526413253,4,74
2020-11-13,12723.35,12723.35,12714.0,12716.4,15:25:00,12710.633810405625,4,75
2020-11-17,12874.1,12934.05,12850.15,12934.05,09:15:00,12780.43685416238,1,1
2020-11-17,12860.15,12880.75,12842.45,12875.0,09:20:00,12788.02858233739,1,2
2020-11-17,12868.65,12869.05,12838.1,12860.2,09:25:00,12795.706812590974,1,3
2020-11-17,12861.0,12874.65,12855.55,12867.65,09:30:00,12801.925211391834,1,4
2020-11-17,12857.45,12867.8,12854.15,12860.75,09:35:00,12807.213286497374,1,5
2020-11-17,12846.6,12863.6,12844.2,12857.15,09:40:00,12810.964402069052,1,6
2020-11-17,12863.7,12868.9,12843.55,12845.75,09:45:00,12815.986839967238,1,7
2020-11-17,12869.1,12870.05,12861.85,12864.95,09:50:00,12821.045236160837,1,8
2020-11-17,12863.35,12878.2,12862.05,12869.05,09:55:00,12825.074261288377,1,9
2020-11-17,12857.3,12876.65,12855.4,12862.85,10:00:00,12828.143379260911,1,10
2020-11-17,12866.15,12869.25,12853.7,12856.75,10:05:00,12831.76305742654,1,11
2020-11-17,12862.8,12870.5,12860.3,12866.4,10:10:00,12834.718956719247,1,12
2020-11-17,12857.7,12866.45,12855.75,12862.6,10:15:00,12836.907627507891,1,13
2020-11-17,12852.8,12859.95,12847.15,12857.45,10:20:00,12838.421186792852,1,14
2020-11-17,12840.45,12857.05,12840.25,12853.45,10:25:00,12838.614407098295,1,15
2020-11-17,12835.5,12839.25,12826.2,12839.25,10:30:00,12838.317796898456,1,16
2020-11-17,12822.05,12837.3,12811.7,12835.65,10:35:00,12836.768482908126,1,17
2020-11-17,12804.55,12822.75,12804.4,12821.6,10:40:00,12833.700055964497,1,18
2020-11-17,12825.1,12825.1,12800.35,12803.6,10:45:00,12832.881003015496,1,19
2020-11-17,12826.6,12828.0,12818.4,12823.75,10:50:00,12832.282812252117,1,20
2020-11-17,12818.25,12826.85,12812.4,12826.25,10:55:00,12830.94635394239,1,21
2020-11-17,12811.1,12819.85,12810.45,12818.35,11:00:00,12829.056224995496,1,22
2020-11-17,12810.1,12814.65,12803.6,12810.9,11:05:00,12827.25087023402,1,23
2020-11-17,12810.55,12818.65,12803.0,12809.65,11:10:00,12825.660311164112,1,24
2020-11-17,12812.35,12812.5,12797.1,12810.45,11:15:00,12824.392662481816,1,25
2020-11-17,12816.25,12818.5,12812.0,12812.1,11:20:00,12823.617170816882,1,26
2020-11-17,12814.6,12817.3,12808.0,12816.55,11:25:00,12822.758392643846,1,27
2020-11-17,12816.75,12817.7,12811.8,12814.4,11:30:00,12822.186164773004,1,28
2020-11-17,12823.8,12824.1,12815.2,12816.95,11:35:00,12822.33986336605,1,29
2020-11-17,12834.9,12836.3,12823.3,12823.6,11:40:00,12823.536066854998,1,30
2020-11-17,12835.25,12837.95,12830.25,12836.0,11:45:00,12824.651679535476,1,31
2020-11-17,12824.15,12834.8,12824.1,12834.45,11:50:00,12824.603900532096,1,32
2020-11-17,12824.9,12828.75,12818.35,12824.1,11:55:00,12824.63210048142,1,33
2020-11-17,12820.4,12826.85,12819.95,12824.7,12:00:00,12824.229043292711,1,34
2020-11-17,12823.1,12826.15,12817.85,12819.95,12:05:00,12824.121515360071,1,35
2020-11-17,12828.15,12832.95,12822.0,12822.95,12:10:00,12824.505180563876,1,36
2020-11-17,12832.55,12835.4,12826.75,12829.45,12:15:00,12825.271353843507,1,37
2020-11-17,12826.85,12832.5,12824.6,12832.4,12:20:00,12825.421701096508,1,38
2020-11-17,12840.85,12840.85,12825.05,12826.45,12:25:00,12826.89106289684,1,39
2020-11-17,12838.55,12841.65,12832.45,12841.65,12:30:00,12828.001437859048,1,40
2020-11-17,12816.1,12841.95,12812.3,12838.6,12:35:00,12826.86796758676,1,41
2020-11-17,12834.5,12835.9,12816.65,12816.95,12:40:00,12827.594827816592,1,42
2020-11-17,12848.9,12855.05,12834.3,12834.3,12:45:00,12829.62389183406,1,43
2020-11-17,12848.95,12852.9,12842.05,12848.65,12:50:00,12831.46447356415,1,44
2020-11-17,12848.35,12853.7,12846.05,12849.2,12:55:00,12833.072618938992,1,45
2020-11-17,12846.0,12853.2,12838.0,12848.8,13:00:00,12834.30379808766,1,46
2020-11-17,12844.2,12848.5,12841.35,12846.25,13:05:00,12835.246293507882,1,47
2020-11-17,12843.55,12846.95,12836.05,12844.6,13:10:00,12836.037122697606,1,48
2020-11-17,12848.6,12850.1,12837.8,12843.15,13:15:00,12837.233587202594,1,49
2020-11-17,12851.8,12854.05,12842.35,12849.0,13:20:00,12838.620864611872,1,50
2020-11-17,12857.65,12857.85,12850.3,12852.0,13:25:00,12840.433163220265,1,51
2020-11-17,12866.15,12866.4,12854.3,12858.1,13:30:00,12842.882385770716,1,52
2020-11-17,12864.2,12867.9,12858.65,12866.6,13:35:00,12844.912634744933,1,53
2020-11-17,12865.9,12870.9,12861.45,12864.1,13:40:00,12846.911431435892,1,54
2020-11-17,12858.9,12867.35,12856.9,12866.6,13:45:00,12848.053199870568,1,55
2020-11-17,12856.1,12862.8,12847.8,12858.5,13:50:00,12848.819561787655,1,56
2020-11-17,12851.8,12855.95,12849.2,12855.95,13:55:00,12849.103413045976,1,57
2020-11-17,12859.75,12868.0,12852.7,12852.7,14:00:00,12850.117373708264,1,58
2020-11-17,12861.35,12863.45,12856.3,12858.75,14:05:00,12851.18714764081,1,59
2020-11-17,12862.0,12866.2,12858.85,12861.65,14:10:00,12852.21694310359,1,60
2020-11-17,12854.65,12864.0,12853.15,12861.8,14:15:00,12852.44866280801,1,61
2020-11-17,12862.4,12869.1,12853.9,12854.45,14:20:00,12853.396409207247,1,62
2020-11-17,12861.3,12866.35,12858.65,12861.9,14:25:00,12854.14913213989,1,63
2020-11-17,12856.15,12865.2,12854.3,12860.7,14:30:00,12854.33969098371,1,64
2020-11-17,12840.45,12859.6,12838.3,12856.0,14:35:00,12853.016863270976,1,65
2020-11-17,12847.65,12849.35,12832.7,12840.25,14:40:00,12852.505733435646,1,66
2020-11-17,12866.8,12868.4,12847.25,12847.75,14:45:00,12853.86709215606,1,67
2020-11-17,12872.45,12873.3,12865.95,12866.65,14:50:00,12855.636892903103,1,68
2020-11-17,12880.3,12881.75,12867.85,12872.4,14:55:00,12857.985760245663,1,69
2020-11-17,12875.2,12881.8,12870.95,12880.55,15:00:00,12859.62521165084,1,70
2020-11-17,12875.8,12880.6,12872.55,12875.75,15:05:00,12861.165667684094,1,71
2020-11-17,12875.5,12876.8,12867.15,12875.9,15:10:00,12862.53084219037,1,72
2020-11-17,12869.35,12877.15,12868.8,12875.3,15:15:00,12863.180285791286,1,73
2020-11-17,12876.15,12876.85,12864.4,12870.0,15:20:00,12864.415496668304,1,74
2020-11-17,12879.8,12880.15,12872.1,12876.05,15:25:00,12865.8806874618,1,75
2020-11-18,12893.4,12895.25,12836.45,12863.2,09:15:00,12870.872853001609,2,1
2020-11-18,12899.75,12901.75,12879.9,12895.75,09:20:00,12873.623057477644,2,2
2020-11-18,12868.35,12900.45,12868.35,12899.4,09:25:00,12873.120861527394,2,3
2020-11-18,12872.65,12881.05,12857.85,12868.9,09:30:00,12873.076017572404,2,4
2020-11-18,12855.2,12873.25,12854.45,12872.6,09:35:00,12871.373539708366,2,5
2020-11-18,12868.95,12870.4,12852.8,12855.6,09:40:00,12871.142726402808,2,6
2020-11-18,12867.05,12870.9,12862.05,12869.25,09:45:00,12870.752942935873,2,7
2020-11-18,12862.15,12881.15,12858.45,12866.55,09:50:00,12869.933615037218,2,8
2020-11-18,12868.5,12872.95,12862.15,12862.85,09:55:00,12869.797080271768,2,9
2020-11-18,12874.85,12877.95,12868.8,12868.85,10:00:00,12870.278310722077,2,10
2020-11-18,12868.35,12880.2,12867.05,12874.6,10:05:00,12870.094662081876,2,11
2020-11-18,12862.75,12872.55,12862.7,12868.55,10:10:00,12869.39517045503,2,12
2020-11-18,12867.35,12873.0,12860.95,12862.65,10:15:00,12869.200392316458,2,13
2020-11-18,12862.0,12867.55,12860.05,12867.1,10:20:00,12868.514640667272,2,14
2020-11-18,12861.3,12866.7,12858.55,12861.25,10:25:00,12867.827532032294,2,15
2020-11-18,12864.9,12867.85,12859.95,12861.8,10:30:00,12867.548719457787,2,16
2020-11-18,12867.95,12867.95,12855.5,12865.05,10:35:00,12867.586936652286,2,17
2020-11-18,12879.0,12881.4,12865.2,12866.5,10:40:00,12868.673895066351,2,18
2020-11-18,12882.8,12887.6,12878.7,12879.2,10:45:00,12870.019238393366,2,19
2020-11-18,12870.65,12885.65,12870.1,12882.7,10:50:00,12870.07931092733,2,20
2020-11-18,12867.65,12872.65,12865.35,12870.2,10:55:00,12869.84794798187,2,21
2020-11-18,12858.65,12868.0,12857.15,12867.75,11:00:00,12868.781476745502,2,22
2020-11-18,12840.25,12858.1,12838.85,12857.55,11:05:00,12866.064193245931,2,23
2020-11-18,12842.55,12849.0,12834.75,12839.5,11:10:00,12863.82474627013,2,24
2020-11-18,12827.75,12844.35,12826.05,12842.4,11:15:00,12860.389056149164,2,25
2020-11-18,12838.65,12838.65,12819.35,12827.35,11:20:00,12858.318669849245,2,26
2020-11-18,12839.4,12843.65,12837.9,12837.9,11:25:00,12856.516891768364,2,27
2020-11-18,12837.3,12841.65,12831.85,12839.05,11:30:00,12854.686711599948,2,28
2020-11-18,12844.5,12845.35,12833.55,12837.4,11:35:00,12853.71654859043,2,29
2020-11-18,12843.05,12845.35,12837.85,12843.8,11:40:00,12852.700686819911,2,30
2020-11-18,12850.35,12853.55,12842.6,12842.8,11:45:00,12852.476811884684,2,31
2020-11-18,12844.5,12852.4,12843.6,12850.2,11:50:00,12851.717115514712,2,32
2020-11-18,12838.25,12846.4,12835.1,12844.35,11:55:00,12850.43453308474,2,33
2020-11-18,12840.05,12842.05,12834.9,12837.85,12:00:00,12849.445529933811,2,34
2020-11-18,12839.2,12846.3,12839.2,12839.65,12:05:00,12848.46976517821,2,35
2020-11-18,12838.55,12843.2,12836.1,12840.3,12:10:00,12847.52502563743,2,36
2020-11-18,12843.1,12844.75,12837.1,12838.3,12:15:00,12847.10359462434,2,37
2020-11-18,12839.5,12849.8,12839.5,12843.3,12:20:00,12846.379442755357,2,38
2020-11-18,12843.35,12846.75,12840.25,12840.35,12:25:00,12846.090924397702,2,39
2020-11-18,12848.1,12848.65,12842.15,12842.15,12:30:00,12846.282264931257,2,40
2020-11-18,12829.1,12848.3,12824.5,12847.9,12:35:00,12844.645858747324,2,41
2020-11-18,12831.6,12834.75,12825.1,12829.3,12:40:00,12843.403396009486,2,42
2020-11-18,12841.5,12842.2,12831.95,12832.25,12:45:00,12843.222120199058,2,43
2020-11-18,12854.3,12862.25,12841.25,12841.8,12:50:00,12844.277156370576,2,44
2020-11-18,12852.2,12855.85,12849.15,12854.5,12:55:00,12845.031712906712,2,45
2020-11-18,12855.9,12856.3,12848.75,12851.95,13:00:00,12846.06678786798,2,46
2020-11-18,12862.05,12863.25,12852.8,12855.2,13:05:00,12847.58899854722,2,47
2020-11-18,12855.7,12863.75,12855.4,12860.95,13:10:00,12848.361474876056,2,48
2020-11-18,12851.0,12856.2,12846.35,12855.25,13:15:00,12848.6127629831,2,49
2020-11-18,12854.8,12857.6,12849.7,12851.15,13:20:00,12849.202023651374,2,50
2020-11-18,12857.45,12858.45,12851.1,12854.95,13:25:00,12849.987545208389,2,51
2020-11-18,12853.75,12858.35,12848.0,12858.25,13:30:00,12850.34587423616,2,52
2020-11-18,12861.65,12861.65,12850.8,12853.25,13:35:00,12851.42245764224,2,53
2020-11-18,12873.0,12873.85,12862.1,12862.45,13:40:00,12853.477461676312,2,54
2020-11-18,12889.55,12896.05,12872.3,12873.65,13:45:00,12856.912941516664,2,55
2020-11-18,12907.6,12910.05,12889.15,12890.1,13:50:00,12861.74028041984,2,56
2020-11-18,12901.75,12918.2,12901.05,12907.8,13:55:00,12865.550729903664,2,57
2020-11-18,12904.55,12914.25,12901.45,12901.45,14:00:00,12869.264946103314,2,58
2020-11-18,12903.75,12913.55,12903.75,12904.0,14:05:00,12872.549236950616,2,59
2020-11-18,12906.55,12909.65,12903.2,12903.2,14:10:00,12875.787404860082,2,60
2020-11-18,12895.75,12907.2,12893.2,12906.3,14:15:00,12877.688604397215,2,61
2020-11-18,12904.9,12908.05,12894.65,12896.0,14:20:00,12880.280165883196,2,62
2020-11-18,12906.2,12908.0,12903.05,12905.25,14:25:00,12882.748721513368,2,63
2020-11-18,12908.1,12908.1,12896.85,12905.35,14:30:00,12885.163128988286,2,64
2020-11-18,12915.6,12920.5,12904.85,12908.55,14:35:00,12888.061878608449,2,65
2020-11-18,12908.2,12918.55,12904.2,12916.05,14:40:00,12889.979794931454,2,66
2020-11-18,12911.5,12915.65,12907.05,12907.75,14:45:00,12892.029338271315,2,67
2020-11-18,12915.7,12916.95,12909.95,12911.6,14:50:00,12894.28368700738,2,68
2020-11-18,12920.35,12920.55,12906.25,12915.9,14:55:00,12896.766193006675,2,69
2020-11-18,12931.25,12934.65,12919.25,12919.5,15:00:00,12900.05036510128,2,70
2020-11-18,12937.95,12942.8,12930.95,12930.95,15:05:00,12903.659854139252,2,71
2020-11-18,12943.1,12945.25,12931.4,12937.6,15:10:00,12907.416058506942,2,72
2020-11-18,12941.3,12944.15,12935.8,12943.4,15:15:00,12910.6431005539,2,73
2020-11-18,12945.5,12948.85,12934.2,12941.1,15:20:00,12913.962805263052,2,74
2020-11-18,12937.35,12948.0,12936.1,12945.45,15:25:00,12916.190157142762,2,75
2020-11-19,12889.7,12890.75,12835.6,12846.6,09:15:00,12913.66728503393,3,1
2020-11-19,12898.15,12898.55,12884.8,12891.55,09:20:00,12912.189448364032,3,2
2020-11-19,12900.55,12908.45,12893.65,12897.2,09:25:00,12911.080929472218,3,3
2020-11-19,12909.85,12913.05,12891.7,12900.0,09:30:00,12910.963698093912,3,4
2020-11-19,12921.35,12925.05,12909.35,12910.2,09:35:00,12911.952869704017,3,5
2020-11-19,12944.8,12945.95,12919.25,12922.15,09:40:00,12915.081167827444,3,6
2020-11-19,12922.95,12945.35,12922.5,12945.35,09:45:00,12915.830580415306,3,7
2020-11-19,12938.35,12941.0,12915.05,12922.15,09:50:00,12917.97528704242,3,8
2020-11-19,12933.15,12941.5,12930.3,12938.05,09:55:00,12919.420497800284,3,9
2020-11-19,12939.6,12941.8,12928.9,12933.2,10:00:00,12921.34235515264,3,10
2020-11-19,12953.85,12956.2,12934.25,12940.15,10:05:00,12924.43832132858,3,11
2020-11-19,12951.15,12959.9,12950.0,12953.75,10:10:00,12926.982290725857,3,12
2020-11-19,12942.25,12952.95,12940.5,12950.9,10:15:00,12928.436358275776,3,13
2020-11-19,12945.1,12948.05,12938.1,12941.9,10:20:00,12930.02337177332,3,14
2020-11-19,12949.25,12952.75,12943.55,12944.85,10:25:00,12931.85447922348,3,15
2020-11-19,12951.0,12954.3,12942.35,12949.1,10:30:00,12933.677862154576,3,16
2020-11-19,12947.65,12953.45,12944.95,12950.5,10:35:00,12935.00854194938,3,17
2020-11-19,12935.4,12947.4,12929.85,12947.4,10:40:00,12935.045823668486,3,18
2020-11-19,12931.15,12938.95,12929.0,12935.5,10:45:00,12934.674792842916,3,19
2020-11-19,12913.8,12930.45,12913.8,12930.45,10:50:00,12932.686717334069,3,20
2020-11-19,12922.2,12925.05,12911.7,12913.1,10:55:00,12931.687982349871,3,21
2020-11-19,12908.1,12921.75,12907.35,12921.75,11:00:00,12929.44150784036,3,22
2020-11-19,12926.4,12930.7,12908.3,12908.8,11:05:00,12929.151840426994,3,23
2020-11-19,12936.65,12938.0,12926.05,12926.55,11:10:00,12929.865950862515,3,24
2020-11-19,12934.75,12939.85,12934.15,12936.95,11:15:00,12930.33109839942,3,25
2020-11-19,12943.35,12945.6,12933.1,12935.8,11:20:00,12931.570993789952,3,26
2020-11-19,12936.4,12945.5,12934.05,12943.55,11:25:00,12932.030899143288,3,27
2020-11-19,12942.15,12943.5,12935.8,12936.85,11:30:00,12932.994623034405,3,28
2020-11-19,12954.9,12955.2,12937.2,12942.3,11:35:00,12935.08084941208,3,29
2020-11-19,12956.75,12957.8,12950.25,12954.3,11:40:00,12937.1445780395,3,30
2020-11-19,12949.1,12957.05,12948.0,12956.7,11:45:00,12938.283189654789,3,31
2020-11-19,12948.0,12949.8,12944.45,12949.15,11:50:00,12939.208600163854,3,32
2020-11-19,12944.45,12949.25,12942.55,12948.15,11:55:00,12939.707781100631,3,33
2020-11-19,12942.65,12945.2,12937.55,12944.25,12:00:00,12939.98799242438,3,34
2020-11-19,12949.1,12949.8,12942.1,12942.9,12:05:00,12940.855802669676,3,35
2020-11-19,12949.9,12953.25,12948.3,12949.15,12:10:00,12941.717154796374,3,36
2020-11-19,12945.45,12950.05,12941.35,12950.05,12:15:00,12942.072663863386,3,37
2020-11-19,12952.5,12955.9,12944.75,12945.75,12:20:00,12943.065743495445,3,38
2020-11-19,12959.95,12963.0,12950.65,12952.2,12:25:00,12944.673767924449,3,39
2020-11-19,12954.25,12960.25,12951.65,12959.35,12:30:00,12945.585790026882,3,40
2020-11-19,12955.45,12955.45,12948.0,12953.35,12:35:00,12946.52523859575,3,41
2020-11-19,12942.2,12955.4,12941.9,12955.4,12:40:00,12946.11331111044,3,42
2020-11-19,12946.0,12947.05,12942.35,12942.5,12:45:00,12946.102519576114,3,43
2020-11-19,12927.4,12949.05,12926.55,12946.2,12:50:00,12944.321327235531,3,44
2020-11-19,12919.45,12934.65,12915.25,12927.45,12:55:00,12941.952629403577,3,45
2020-11-19,12922.65,12926.05,12904.8,12919.7,13:00:00,12940.114283746092,3,46
2020-11-19,12922.8,12924.8,12917.25,12923.15,13:05:00,12938.465304341702,3,47
2020-11-19,12921.95,12923.45,12915.4,12922.1,13:10:00,12936.89241821392,3,48
2020-11-19,12926.05,12930.55,12917.45,12922.35,13:15:00,12935.85980695545,3,49
2020-11-19,12918.3,12927.3,12918.3,12925.85,13:20:00,12934.187444388266,3,50
2020-11-19,12897.4,12918.1,12892.05,12918.1,13:25:00,12930.683878256052,3,51
2020-11-19,12893.75,12906.6,12893.75,12896.6,13:30:00,12927.16636604119,3,52
2020-11-19,12894.15,12899.05,12885.45,12892.7,13:35:00,12924.021950227743,3,53
2020-11-19,12895.6,12901.05,12884.85,12893.75,13:40:00,12921.3150978251,3,54
2020-11-19,12870.05,12895.8,12870.05,12895.8,13:45:00,12916.432707556043,3,55
2020-11-19,12873.3,12876.1,12862.85,12870.25,13:50:00,12912.324830645945,3,56
2020-11-19,12879.5,12892.0,12868.7,12872.9,13:55:00,12909.198656298711,3,57
2020-11-19,12884.25,12890.45,12874.55,12879.65,14:00:00,12906.822593794072,3,58
2020-11-19,12871.75,12886.6,12869.15,12884.85,14:05:00,12903.482346766066,3,59
2020-11-19,12861.1,12875.7,12852.6,12872.0,14:10:00,12899.445932788343,3,60
2020-11-19,12809.65,12862.05,12808.8,12861.75,14:15:00,12890.893939189456,3,61
2020-11-19,12803.6,12822.25,12794.05,12805.75,14:20:00,12882.580230695225,3,62
2020-11-19,12761.45,12804.15,12760.9,12804.15,14:25:00,12871.044018248058,3,63
2020-11-19,12799.65,12806.1,12745.75,12760.7,14:30:00,12864.24458793872,3,64
2020-11-19,12818.6,12821.65,12784.65,12799.4,14:35:00,12859.89748432551,3,65
2020-11-19,12830.65,12838.65,12817.85,12818.65,14:40:00,12857.112009627845,3,66
2020-11-19,12825.75,12840.5,12819.35,12831.15,14:45:00,12854.125151568049,3,67
2020-11-19,12812.8,12828.25,12808.75,12825.7,14:50:00,12850.189422847285,3,68
2020-11-19,12817.05,12817.3,12799.25,12812.9,14:55:00,12847.033287338018,3,69
2020-11-19,12791.15,12821.55,12788.5,12815.65,15:00:00,12841.711069496305,3,70
2020-11-19,12782.7,12795.05,12778.15,12789.85,15:05:00,12836.090967639511,3,71
2020-11-19,12771.3,12782.6,12762.8,12781.15,15:10:00,12829.920399292892,3,72
2020-11-19,12763.5,12774.55,12760.4,12771.7,15:15:00,12823.594646979283,3,73
2020-11-19,12760.25,12765.05,12748.8,12762.4,15:20:00,12817.561823457449,3,74
2020-11-19,12758.3,12762.0,12755.1,12759.85,15:25:00,12811.917840271024,3,75
2020-11-20,12844.85,12850.1,12784.4,12816.9,09:15:00,12815.054236435688,4,1
2020-11-20,12831.35,12855.2,12831.35,12846.65,09:20:00,12816.606213918005,4,2
2020-11-20,12812.0,12835.6,12803.95,12829.35,09:25:00,12816.167526878196,4,3
2020-11-20,12829.4,12831.4,12799.55,12812.05,09:30:00,12817.427762413605,4,4
2020-11-20,12828.2,12832.75,12816.75,12829.5,09:35:00,12818.453689802784,4,5
2020-11-20,12823.25,12839.05,12821.35,12826.95,09:40:00,12818.91048125014,4,6
2020-11-20,12812.95,12831.55,12810.0,12823.0,09:45:00,12818.342816369171,4,7
2020-11-20,12811.15,12817.9,12802.3,12811.65,09:50:00,12817.657786238777,4,8
2020-11-20,12808.85,12810.95,12787.45,12810.95,09:55:00,12816.818949454131,4,9
2020-11-20,12809.2,12821.55,12804.4,12807.0,10:00:00,12816.093335220405,4,10
2020-11-20,12825.75,12825.95,12807.45,12808.9,10:05:00,12817.013017580364,4,11
2020-11-20,12829.25,12832.2,12821.35,12825.95,10:10:00,12818.178444477471,4,12
2020-11-20,12838.4,12842.35,12824.3,12828.9,10:15:00,12820.10430690819,4,13
2020-11-20,12816.85,12843.8,12815.85,12839.6,10:20:00,12819.794372916933,4,14
2020-11-20,12826.8,12831.25,12812.8,12817.05,10:25:00,12820.461575496272,4,15
2020-11-20,12821.4,12830.4,12816.95,12827.65,10:30:00,12820.550949258532,4,16
2020-11-20,12810.1,12822.15,12809.8,12821.45,10:35:00,12819.55562075772,4,17
2020-11-20,12792.15,12816.0,12791.2,12810.55,10:40:00,12816.945561637938,4,18
2020-11-20,12797.45,12805.05,12779.85,12791.0,10:45:00,12815.088841481946,4,19
2020-11-20,12775.25,12798.45,12768.95,12796.15,10:50:00,12811.294666102713,4,20
2020-11-20,12774.15,12786.65,12760.85,12775.35,10:55:00,12807.757078854836,4,21
2020-11-20,12771.45,12784.25,12764.15,12773.6,11:00:00,12804.299261821045,4,22
2020-11-20,12782.0,12785.35,12768.7,12771.5,11:05:00,12802.175522599991,4,23
2020-11-20,12749.05,12781.5,12746.75,12781.45,11:10:00,12797.11594901904,4,24
2020-11-20,12746.2,12755.55,12738.75,12749.25,11:15:00,12792.266811017227,4,25
2020-11-20,12736.15,12750.75,12730.25,12746.0,11:20:00,12786.922352825111,4,26
2020-11-20,12753.8,12763.3,12736.2,12737.1,11:25:00,12783.767843032245,4,27
2020-11-20,12749.1,12764.95,12747.45,12753.5,11:30:00,12780.46614369584,4,28
2020-11-20,12747.45,12750.7,12738.5,12748.9,11:35:00,12777.32174905814,4,29
2020-11-20,12756.6,12759.65,12747.25,12747.4,11:40:00,12775.34824914784,4,30
2020-11-20,12749.6,12757.55,12741.55,12756.65,11:45:00,12772.896034943284,4,31
2020-11-20,12750.85,12755.25,12745.6,12749.85,11:50:00,12770.796412567734,4,32
2020-11-20,12784.25,12786.2,12751.6,12751.75,11:55:00,12772.0777066089,4,33
2020-11-20,12773.2,12791.3,12767.95,12784.7,12:00:00,12772.184591693767,4,34
2020-11-20,12790.0,12790.0,12770.35,12773.4,12:05:00,12773.881297246742,4,35
2020-11-20,12786.75,12794.55,12781.0,12789.15,12:10:00,12775.106887985146,4,36
2020-11-20,12778.75,12794.6,12772.45,12786.2,12:15:00,12775.45385103418,4,37
2020-11-20,12774.3,12780.7,12768.05,12778.7,12:20:00,12775.343960459497,4,38
2020-11-20,12782.15,12782.15,12773.8,12774.65,12:25:00,12775.99215470145,4,39
2020-11-20,12791.5,12798.45,12776.55,12782.0,12:30:00,12777.46909234893,4,40
2020-11-20,12762.2,12792.35,12762.2,12791.7,12:35:00,12776.014893077603,4,41
2020-11-20,12758.5,12765.4,12750.35,12762.9,12:40:00,12774.346808022596,4,42
2020-11-20,12767.35,12769.55,12758.35,12758.8,12:45:00,12773.680445353775,4,43
2020-11-20,12768.95,12775.15,12765.5,12766.75,12:50:00,12773.229926748656,4,44
2020-11-20,12763.85,12770.15,12763.85,12768.65,12:55:00,12772.336600391642,4,45
2020-11-20,12804.35,12815.35,12762.95,12764.15,13:00:00,12775.385495592438,4,46
2020-11-20,12805.35,12819.15,12798.25,12805.5,13:05:00,12778.239257916968,4,47
2020-11-20,12813.45,12824.65,12804.9,12804.9,13:10:00,12781.592661924877,4,48
2020-11-20,12804.85,12817.15,12803.45,12813.8,13:15:00,12783.80764650346,4,49
2020-11-20,12810.6,12814.25,12805.75,12805.75,13:20:00,12786.359299217416,4,50
2020-11-20,12805.8,12811.0,12799.8,12810.95,13:25:00,12788.210794530043,4,51
2020-11-20,12798.15,12815.15,12775.55,12805.6,13:30:00,12789.157385527182,4,52
2020-11-20,12805.3,12807.8,12794.2,12798.9,13:35:00,12790.694777381736,4,53
2020-11-20,12815.25,12817.95,12802.8,12805.6,13:40:00,12793.033370012046,4,54
2020-11-20,12845.55,12845.55,12815.2,12815.35,13:45:00,12798.034953820425,4,55
2020-11-20,12856.0,12862.15,12844.45,12844.45,13:50:00,12803.555434408954,4,56
2020-11-20,12862.15,12869.7,12841.05,12855.7,13:55:00,12809.13586922715,4,57
2020-11-20,12865.95,12876.4,12858.25,12862.7,14:00:00,12814.546738824563,4,58
2020-11-20,12875.75,12877.35,12859.85,12866.1,14:05:00,12820.375620841272,4,59
2020-11-20,12868.15,12884.15,12867.25,12875.85,14:10:00,12824.925561713531,4,60
2020-11-20,12881.4,12887.85,12869.45,12869.45,14:15:00,12830.304079645575,4,61
2020-11-20,12878.15,12882.45,12871.15,12880.9,14:20:00,12834.860833965044,4,62
2020-11-20,12857.2,12892.45,12852.15,12879.25,14:25:00,12836.98837358742,4,63
2020-11-20,12854.55,12866.75,12840.1,12857.05,14:30:00,12838.660909436236,4,64
2020-11-20,12843.8,12863.0,12843.6,12855.8,14:35:00,12839.150346632789,4,65
2020-11-20,12869.0,12869.95,12843.25,12844.5,14:40:00,12841.993170762998,4,66
2020-11-20,12856.5,12871.65,12854.0,12868.45,14:45:00,12843.374773547474,4,67
2020-11-20,12862.6,12864.9,12848.25,12856.6,14:50:00,12845.205747495333,4,68
2020-11-20,12883.15,12883.45,12850.05,12861.95,14:55:00,12848.819485829112,4,69
2020-11-20,12859.25,12884.6,12851.45,12884.6,15:00:00,12849.812868131105,4,70
2020-11-20,12862.2,12867.9,12856.75,12860.95,15:05:00,12850.99259497576,4,71
2020-11-20,12866.35,12869.45,12855.95,12861.9,15:10:00,12852.455204978069,4,72
2020-11-20,12861.15,12868.5,12854.35,12867.55,15:15:00,12853.283280694444,4,73
2020-11-20,12849.35,12865.85,12846.35,12861.4,15:20:00,12852.908682533069,4,74
2020-11-20,12844.4,12851.65,12842.65,12849.75,15:25:00,12852.098331815632,4,75
2020-11-23,12926.6,12962.1,12924.0,12961.2,09:15:00,12859.193728785573,0,1
2020-11-23,12936.5,12944.65,12914.75,12928.0,09:20:00,12866.556230805994,0,2
2020-11-23,12916.75,12935.45,12916.3,12935.45,09:25:00,12871.33658977685,0,3
2020-11-23,12922.45,12932.25,12917.05,12918.4,09:30:00,12876.204533607628,0,4
2020-11-23,12901.65,12927.15,12900.25,12921.45,09:35:00,12878.627911359285,0,5
2020-11-23,12884.95,12906.25,12880.45,12899.85,09:40:00,12879.230015039351,0,6
2020-11-23,12906.1,12912.65,12880.6,12884.3,09:45:00,12881.78906122608,0,7
2020-11-23,12889.65,12912.0,12888.3,12906.4,09:50:00,12882.537722061692,0,8
2020-11-23,12883.2,12893.1,12870.5,12889.05,09:55:00,12882.600796151057,0,9
2020-11-23,12868.0,12884.6,12848.6,12884.6,10:00:00,12881.210244136668,0,10
2020-11-23,12868.75,12871.5,12844.2,12867.85,10:05:00,12880.023554218891,0,11
2020-11-23,12880.75,12882.65,12867.35,12869.25,10:10:00,12880.092739531376,0,12
2020-11-23,12877.6,12897.45,12875.9,12880.55,10:15:00,12879.855335766486,0,13
2020-11-23,12866.4,12877.05,12861.65,12876.4,10:20:00,12878.573875217297,0,14
2020-11-23,12888.25,12888.95,12865.7,12866.7,10:25:00,12879.495410910888,0,15
2020-11-23,12882.05,12888.5,12878.1,12887.75,10:30:00,12879.73870510985,0,16
2020-11-23,12876.25,12882.4,12871.65,12881.3,10:35:00,12879.406447480342,0,17
2020-11-23,12872.4,12875.9,12858.25,12875.65,10:40:00,12878.73916676793,0,18
2020-11-23,12830.85,12877.05,12829.25,12872.95,10:45:00,12874.178293742412,0,19
2020-11-23,12850.1,12852.9,12825.7,12830.65,10:50:00,12871.8851229098,0,20
2020-11-23,12863.8,12864.9,12846.15,12849.1,10:55:00,12871.115111204104,0,21
2020-11-23,12866.0,12869.2,12855.95,12862.5,11:00:00,12870.627957756094,0,22
2020-11-23,12877.85,12880.55,12855.15,12866.5,11:05:00,12871.315771303134,0,23
2020-11-23,12875.15,12881.85,12867.45,12877.5,11:10:00,12871.68093594093,0,24
2020-11-23,12882.65,12884.25,12872.45,12874.8,11:15:00,12872.72560870846,0,25
2020-11-23,12894.25,12895.35,12882.75,12883.45,11:20:00,12874.775550736224,0,26
2020-11-23,12899.65,12909.25,12888.9,12894.55,11:25:00,12877.144545904204,0,27
2020-11-23,12905.95,12917.15,12898.95,12900.05,11:30:00,12879.887922484755,0,28
2020-11-23,12896.1,12905.55,12891.25,12905.4,11:35:00,12881.431929867162,0,29
2020-11-23,12890.5,12896.45,12886.0,12895.9,11:40:00,12882.2955555941,0,30
2020-11-23,12903.1,12903.5,12880.0,12890.15,11:45:00,12884.276931251805,0,31
2020-11-23,12892.6,12902.45,12887.15,12901.85,11:50:00,12885.069604465918,0,32
2020-11-23,12896.05,12898.8,12887.05,12891.65,11:55:00,12886.115356421546,0,33
2020-11-23,12869.55,12901.45,12869.55,12895.4,12:00:00,12884.537703429018,0,34
2020-11-23,12866.8,12883.9,12862.3,12869.5,12:05:00,12882.84839834054,0,35
2020-11-23,12883.5,12885.8,12865.25,12865.6,12:10:00,12882.91045564144,0,36
2020-11-23,12877.3,12894.15,12875.0,12883.95,12:15:00,12882.376126532732,0,37
2020-11-23,12890.75,12893.75,12876.5,12876.5,12:20:00,12883.17363829152,0,38
2020-11-23,12879.55,12896.3,12875.6,12891.25,12:25:00,12882.828529882803,0,39
2020-11-23,12903.05,12908.35,12880.45,12880.45,12:30:00,12884.75438417968,0,40
2020-11-23,12915.4,12917.5,12902.55,12902.55,12:35:00,12887.673014257804,0,41
2020-11-23,12912.1,12915.15,12904.05,12914.85,12:40:00,12889.9993938523,0,42
2020-11-23,12922.85,12923.95,12903.55,12914.65,12:45:00,12893.128023009223,0,43
2020-11-23,12907.4,12929.95,12899.8,12922.45,12:50:00,12894.487258913106,0,44
2020-11-23,12910.6,12916.45,12906.15,12906.6,12:55:00,12896.021805683287,0,45
2020-11-23,12906.6,12910.65,12901.7,12910.65,13:00:00,12897.02925276107,0,46
2020-11-23,12921.4,12922.95,12901.6,12906.65,13:05:00,12899.350276307636,0,47
2020-11-23,12902.65,12925.1,12892.25,12920.65,13:10:00,12899.66453570691,0,48
2020-11-23,12912.5,12917.95,12896.8,12902.75,13:15:00,12900.88696087768,0,49
2020-11-23,12922.95,12927.7,12912.6,12912.95,13:20:00,12902.988202698854,0,50
2020-11-23,12929.6,12934.75,12920.05,12923.2,13:25:00,12905.522659584678,0,51
2020-11-23,12928.2,12931.35,12914.45,12929.5,13:30:00,12907.6824062909,0,52
2020-11-23,12943.95,12948.7,12927.35,12929.0,13:35:00,12911.136462834624,0,53
2020-11-23,12946.9,12953.05,12938.8,12944.55,13:40:00,12914.54251399323,0,54
2020-11-23,12941.85,12949.0,12938.15,12946.2,13:45:00,12917.143226946257,0,55
2020-11-23,12953.95,12960.55,12941.15,12942.35,13:50:00,12920.648633903756,0,56
2020-11-23,12945.85,12955.05,12940.95,12955.05,13:55:00,12923.04876400816,0,57
2020-11-23,12955.0,12959.75,12945.95,12945.95,14:00:00,12926.091738864525,0,58
2020-11-23,12942.5,12968.85,12940.6,12954.0,14:05:00,12927.654430401237,0,59
2020-11-23,12952.7,12959.5,12941.9,12941.9,14:10:00,12930.039722743975,0,60
2020-11-23,12950.9,12958.65,12948.05,12952.6,14:15:00,12932.02641581598,0,61
2020-11-23,12944.1,12951.4,12932.9,12950.5,14:20:00,12933.176280976362,0,62
2020-11-23,12954.15,12956.25,12941.85,12943.2,14:25:00,12935.173778026234,0,63
2020-11-23,12946.85,12957.1,12937.4,12954.4,14:30:00,12936.285799166591,0,64
2020-11-23,12947.85,12954.75,12943.3,12946.3,14:35:00,12937.387151626916,0,65
2020-11-23,12943.5,12947.25,12927.0,12947.25,14:40:00,12937.969327662448,0,66
2020-11-23,12951.9,12953.95,12942.65,12942.95,14:45:00,12939.296058361262,0,67
2020-11-23,12937.3,12952.25,12932.8,12952.25,14:50:00,12939.105957564952,0,68
2020-11-23,12943.4,12946.6,12931.8,12936.45,14:55:00,12939.51491398734,0,69
2020-11-23,12935.6,12946.05,12935.55,12942.65,15:00:00,12939.142065036163,0,70
2020-11-23,12922.7,12936.45,12919.25,12935.4,15:05:00,12937.57615408034,0,71
2020-11-23,12933.8,12934.4,12918.45,12922.8,15:10:00,12937.216520358405,0,72
2020-11-23,12923.3,12935.5,12922.5,12934.05,15:15:00,12935.891137467126,0,73
2020-11-23,12923.9,12925.2,12910.05,12923.05,15:20:00,12934.74912437502,0,74
2020-11-23,12926.75,12928.15,12920.8,12923.75,15:25:00,12933.98730300597,0,75
2020-11-24,13008.45,13011.35,12978.0,13005.6,09:15:00,12941.078988433972,1,1
2020-11-24,13014.7,13019.0,13000.95,13008.65,09:20:00,12948.090513345023,1,2
2020-11-24,13020.75,13022.65,13003.2,13015.15,09:25:00,12955.01046445502,1,3
2020-11-24,13021.7,13029.5,13013.4,13020.4,09:30:00,12961.361848792636,1,4
2020-11-24,13031.45,13033.7,13018.3,13020.75,09:35:00,12968.036910812383,1,5
2020-11-24,13015.3,13031.35,13013.2,13031.2,09:40:00,12972.53815740168,1,6
2020-11-24,13016.1,13028.75,13012.3,13014.9,09:45:00,12976.686904315806,1,7
2020-11-24,13021.75,13026.85,13014.6,13014.75,09:50:00,12980.9786277143,1,8
2020-11-24,13033.15,13033.15,13014.0,13021.05,09:55:00,12985.947329836748,1,9
2020-11-24,13035.0,13044.45,13033.3,13034.3,10:00:00,12990.619012709436,1,10
2020-11-24,13034.3,13038.75,13027.6,13034.6,10:05:00,12994.779106737107,1,11
2020-11-24,13033.5,13037.55,13025.15,13034.05,10:10:00,12998.466810857384,1,12
2020-11-24,13037.95,13043.1,13033.0,13033.4,10:15:00,13002.227114585254,1,13
2020-11-24,13037.75,13043.65,13034.75,13037.65,10:20:00,13005.610246529515,1,14
2020-11-24,13036.1,13048.75,13035.15,13038.35,10:25:00,13008.514032574323,1,15
2020-11-24,13024.75,13041.35,13024.1,13036.15,10:30:00,13010.060315186292,1,16
2020-11-24,13030.4,13030.4,13019.05,13024.2,10:35:00,13011.997428025694,1,17
2020-11-24,13024.75,13034.25,13021.05,13029.7,10:40:00,13013.211958689912,1,18
2020-11-24,13029.05,13029.05,13020.65,13024.35,10:45:00,13014.720343576588,1,19
2020-11-24,13036.65,13038.4,13028.85,13028.85,10:50:00,13016.80888228358,1,20
2020-11-24,13035.0,13037.3,13029.6,13037.3,10:55:00,13018.541369685145,1,21
2020-11-24,13022.0,13034.95,13020.05,13033.5,11:00:00,13018.870763048464,1,22
2020-11-24,13016.2,13022.65,13013.8,13022.05,11:05:00,13018.616404662896,1,23
2020-11-24,13014.05,13022.85,13012.65,13016.85,11:10:00,13018.181508980717,1,24
2020-11-24,13009.05,13019.75,13008.35,13013.7,11:15:00,13017.311841458742,1,25
2020-11-24,12998.05,13013.85,12997.45,13008.6,11:20:00,13015.477380367432,1,26
2020-11-24,12997.45,13008.35,12997.45,12998.55,11:25:00,13013.760486999106,1,27
2020-11-24,13001.15,13002.55,12994.6,12998.1,11:30:00,13012.559488237288,1,28
2020-11-24,13008.2,13009.05,13001.5,13001.5,11:35:00,13012.144298881356,1,29
2020-11-24,13012.15,13018.15,13008.45,13008.45,11:40:00,13012.144841845036,1,30
2020-11-24,13013.55,13015.05,13010.05,13013.2,11:45:00,13012.278666431224,1,31
2020-11-24,13021.7,13022.05,13011.55,13013.85,11:50:00,13013.175936294916,1,32
2020-11-24,13023.8,13028.75,13021.35,13021.4,11:55:00,13014.187751885876,1,33
2020-11-24,13018.3,13024.4,13016.35,13023.9,12:00:00,13014.579394563412,1,34
2020-11-24,13011.8,13019.15,13010.85,13018.1,12:05:00,13014.31469031928,1,35
2020-11-24,13016.3,13016.45,13011.7,13011.9,12:10:00,13014.503767431728,1,36
2020-11-24,13025.6,13026.05,13015.65,13016.35,12:15:00,13015.560551485847,1,37
2020-11-24,13025.65,13027.7,13020.0,13025.95,12:20:00,13016.52145134434,1,38
2020-11-24,13019.15,13026.95,13018.95,13025.2,12:25:00,13016.771789311544,1,39
2020-11-24,13019.25,13022.6,13014.55,13019.05,12:30:00,13017.00780937711,1,40
2020-11-24,13021.7,13022.6,13012.7,13018.0,12:35:00,13017.454684674529,1,41
2020-11-24,13009.9,13030.45,13008.75,13022.4,12:40:00,13016.735190896,1,42
2020-11-24,13019.7,13022.6,13009.4,13009.4,12:45:00,13017.01755366781,1,43
2020-11-24,13025.05,13031.6,13019.3,13020.75,12:50:00,13017.782548556592,1,44
2020-11-24,13030.5,13032.85,13023.6,13024.35,12:55:00,13018.993734408345,1,45
2020-11-24,13034.9,13038.45,13027.9,13030.0,13:00:00,13020.508616845644,1,46
2020-11-24,13030.15,13036.55,13025.4,13034.95,13:05:00,13021.426843812726,1,47
2020-11-24,13028.5,13030.1,13023.6,13029.5,13:10:00,13022.100477735325,1,48
2020-11-24,13025.05,13031.55,13017.25,13028.9,13:15:00,13022.381384617673,1,49
2020-11-24,13029.55,13031.95,13024.65,13025.0,13:20:00,13023.06410989218,1,50
2020-11-24,13031.75,13032.05,13022.6,13029.75,13:25:00,13023.891337521496,1,51
2020-11-24,13037.65,13047.6,13032.15,13033.35,13:30:00,13025.201686328972,1,52
2020-11-24,13041.45,13042.3,13032.0,13037.9,13:35:00,13026.74914477383,1,53
2020-11-24,13040.45,13045.9,13040.3,13041.0,13:40:00,13028.053988128704,1,54
2020-11-24,13038.25,13047.0,13035.2,13040.35,13:45:00,13029.02503687835,1,55
2020-11-24,13051.2,13052.15,13036.8,13038.05,13:50:00,13031.136938128033,1,56
2020-11-24,13049.8,13054.75,13044.3,13050.5,13:55:00,13032.914372592031,1,57
2020-11-24,13052.05,13059.0,13047.9,13049.9,14:00:00,13034.736813297552,1,58
2020-11-24,13043.3,13051.95,13036.4,13051.6,14:05:00,13035.55235488826,1,59
2020-11-24,13049.4,13049.4,13034.95,13042.95,14:10:00,13036.871178232235,1,60
2020-11-24,13055.75,13059.05,13045.8,13049.8,14:15:00,13038.669161257736,1,61
2020-11-24,13063.2,13064.1,13050.8,13056.0,14:20:00,13041.005431614143,1,62
2020-11-24,13056.85,13064.2,13054.45,13062.55,14:25:00,13042.514438127082,1,63
2020-11-24,13061.9,13063.75,13055.15,13056.8,14:30:00,13044.36068211498,1,64
2020-11-24,13055.2,13070.15,13054.8,13062.45,14:35:00,13045.39299810403,1,65
2020-11-24,13055.2,13061.2,13051.55,13054.95,14:40:00,13046.326998284598,1,66
2020-11-24,13054.25,13056.45,13048.55,13055.3,14:45:00,13047.08156987654,1,67
2020-11-24,13048.65,13054.9,13045.75,13054.45,14:50:00,13047.230944174013,1,68
2020-11-24,13050.25,13055.0,13044.8,13047.8,14:55:00,13047.518473300295,1,69
2020-11-24,13049.75,13053.35,13042.45,13050.2,15:00:00,13047.730999652653,1,70
2020-11-24,13044.75,13050.3,13042.85,13048.75,15:05:00,13047.447094923828,1,71
2020-11-24,13050.8,13053.4,13043.75,13044.05,15:10:00,13047.766419216796,1,72
2020-11-24,13061.4,13062.15,13048.6,13051.15,15:15:00,13049.064855481862,1,73
2020-11-24,13070.1,13071.1,13053.35,13061.85,15:20:00,13051.068202578826,1,74
2020-11-24,13072.75,13079.1,13063.95,13069.65,15:25:00,13053.133135666558,1,75
2020-11-25,13124.0,13145.85,13113.15,13135.15,09:15:00,13059.882360841171,2,1
2020-11-25,13131.05,13135.9,13123.65,13127.35,09:20:00,13066.660231237249,2,2
2020-11-25,13133.9,13143.9,13123.65,13131.2,09:25:00,13073.064018738463,2,3
2020-11-25,13119.9,13136.25,13114.8,13133.8,09:30:00,13077.52458838242,2,4
2020-11-25,13119.85,13130.2,13117.3,13120.75,09:35:00,13081.555579965046,2,5
2020-11-25,13122.4,13126.2,13116.1,13121.1,09:40:00,13085.44552473028,2,6
2020-11-25,13122.65,13130.6,13116.9,13125.1,09:45:00,13088.9888080893,2,7
2020-11-25,13129.5,13132.55,13121.8,13122.25,09:50:00,13092.8470168427,2,8
2020-11-25,13118.9,13130.7,13117.55,13129.7,09:55:00,13095.32825333387,2,9
2020-11-25,13102.75,13119.45,13100.8,13119.0,10:00:00,13096.035086349691,2,10
2020-11-25,13092.4,13107.85,13091.3,13103.65,10:05:00,13095.68888764972,2,11
2020-11-25,13094.7,13099.7,13083.05,13091.2,10:10:00,13095.594707873555,2,12
2020-11-25,13089.05,13097.15,13084.85,13094.35,10:15:00,13094.971402361787,2,13
2020-11-25,13073.65,13089.85,13073.35,13089.85,10:20:00,13092.940792613048,2,14
2020-11-25,13049.35,13079.15,13042.5,13072.75,10:25:00,13088.789288554664,2,15
2020-11-25,13052.5,13056.7,13017.75,13048.65,10:30:00,13085.33316583517,2,16
2020-11-25,13026.05,13053.6,13023.75,13051.8,10:35:00,13079.687150041344,2,17
2020-11-25,13007.05,13026.75,13002.8,13025.9,10:40:00,13072.769326227884,2,18
2020-11-25,13016.05,13016.85,12982.65,13006.3,10:45:00,13067.367485634752,2,19
2020-11-25,13017.75,13017.75,13005.3,13016.2,10:50:00,13062.642010812391,2,20
2020-11-25,13017.7,13033.0,13016.1,13017.55,10:55:00,13058.36181930645,2,21
2020-11-25,12998.75,13019.55,12983.3,13017.55,11:00:00,13052.684503182028,2,22
2020-11-25,13001.45,13002.55,12992.7,12999.4,11:05:00,13047.8050266885,2,23
2020-11-25,12987.05,13001.6,12981.05,13001.6,11:10:00,13042.018833670549,2,24
2020-11-25,12973.5,12985.9,12962.1,12985.9,11:15:00,13035.493230463831,2,25
2020-11-25,12967.25,12991.6,12967.0,12972.75,11:20:00,13028.993875181564,2,26
2020-11-25,12987.4,12987.85,12965.8,12966.75,11:25:00,13025.032553735698,2,27
2020-11-25,13005.85,13005.85,12986.9,12986.9,11:30:00,13023.205643856109,2,28
2020-11-25,12998.7,13016.6,12998.7,13006.85,11:35:00,13020.87177301267,2,29
2020-11-25,12980.1,12999.15,12968.85,12999.15,11:40:00,13016.988747011465,2,30
2020-11-25,12982.1,12990.0,12974.75,12979.8,11:45:00,13013.666009200848,2,31
2020-11-25,12990.1,12994.6,12977.05,12981.45,11:50:00,13011.421627372196,2,32
2020-11-25,12988.0,12996.4,12985.25,12990.65,11:55:00,13009.190996193893,2,33
2020-11-25,13002.75,13004.75,12987.15,12987.75,12:00:00,13008.57756798495,2,34
2020-11-25,12998.75,13005.45,12993.9,13003.65,12:05:00,13007.64160912924,2,35
2020-11-25,12990.25,13000.5,12986.2,12998.45,12:10:00,13005.985265402647,2,36
2020-11-25,12980.6,12993.55,12980.25,12989.55,12:15:00,13003.567621078586,2,37
2020-11-25,12978.35,12984.4,12967.9,12982.55,12:20:00,13001.165942880623,2,38
2020-11-25,12976.25,12985.55,12969.85,12978.45,12:25:00,12998.792995939612,2,39
2020-11-25,12989.65,12991.45,12975.55,12975.95,12:30:00,12997.922234421556,2,40
2020-11-25,12999.2,12999.2,12988.55,12988.95,12:35:00,12998.043926381408,2,41
2020-11-25,13020.95,13024.35,12991.15,12997.15,12:40:00,13000.225457202228,2,42
2020-11-25,13021.6,13023.05,13008.35,13021.1,12:45:00,13002.261127944872,2,43
2020-11-25,13017.5,13030.9,13016.75,13021.15,12:50:00,13003.71244909298,2,44
2020-11-25,13023.65,13029.65,13008.05,13015.95,12:55:00,13005.611263465078,2,45
2020-11-25,13018.75,13024.35,13012.85,13024.35,13:00:00,13006.8625717065,2,46
2020-11-25,13033.75,13034.35,13016.6,13018.55,13:05:00,13009.423279163024,2,47
2020-11-25,13036.15,13039.75,13028.7,13033.7,13:10:00,13011.968681147497,2,48
2020-11-25,13005.25,13036.55,13004.85,13036.0,13:15:00,13011.328806752495,2,49
2020-11-25,13014.25,13018.25,12998.75,13005.8,13:20:00,13011.607015633212,2,50
2020-11-25,13010.35,13019.6,13006.8,13014.5,13:25:00,13011.487299858622,2,51
2020-11-25,13020.25,13023.55,13004.6,13011.15,13:30:00,13012.321842729229,2,52
2020-11-25,13028.95,13030.15,13018.25,13020.75,13:35:00,13013.905476755015,2,53
2020-11-25,13015.95,13030.9,13009.55,13029.4,13:40:00,13014.10019325454,2,54
2020-11-25,13014.0,13027.25,13014.0,13016.75,13:45:00,13014.09065103982,2,55
2020-11-25,12953.65,13014.6,12953.6,13014.6,13:50:00,13008.334398559837,2,56
2020-11-25,12929.05,12967.25,12927.3,12953.95,13:55:00,13000.7835034589,2,57
2020-11-25,12907.3,12929.25,12903.5,12929.25,14:00:00,12991.880312653291,2,58
2020-11-25,12875.5,12912.75,12873.7,12907.4,14:05:00,12980.79647335298,2,59
2020-11-25,12876.8,12896.7,12866.2,12876.3,14:10:00,12970.892047319365,2,60
2020-11-25,12896.05,12901.6,12869.1,12876.75,14:15:00,12963.764233288948,2,61
2020-11-25,12884.35,12896.1,12877.65,12896.1,14:20:00,12956.200972975716,2,62
2020-11-25,12901.95,12905.75,12883.4,12884.6,14:25:00,12951.034213644694,2,63
2020-11-25,12893.55,12921.0,12890.15,12903.05,14:30:00,12945.559526630914,2,64
2020-11-25,12897.75,12904.9,12891.45,12893.3,14:35:00,12941.00623838035,2,65
2020-11-25,12890.4,12898.15,12879.95,12897.85,14:40:00,12936.18659662984,2,66
2020-11-25,12891.05,12892.35,12867.95,12890.2,14:45:00,12931.887873141286,2,67
2020-11-25,12885.75,12900.85,12883.4,12891.0,14:50:00,12927.493789984974,2,68
2020-11-25,12888.7,12893.7,12884.6,12885.9,14:55:00,12923.79914331974,2,69
2020-11-25,12857.3,12888.8,12854.0,12888.6,15:00:00,12917.465891575002,2,70
2020-11-25,12855.55,12864.45,12847.05,12856.85,15:05:00,12911.56913999643,2,71
2020-11-25,12860.7,12860.7,12845.8,12855.7,15:10:00,12906.72445999677,2,72
2020-11-25,12862.2,12874.0,12858.3,12862.3,15:15:00,12902.484035235177,2,73
2020-11-25,12851.9,12863.0,12833.65,12862.35,15:20:00,12897.66650806992,2,74
2020-11-25,12858.9,12859.3,12848.85,12852.35,15:25:00,12893.97445968231,2,75
2020-11-26,12877.3,12916.75,12874.55,12909.75,09:15:00,12892.386415903042,3,1
2020-11-26,12868.0,12878.0,12855.95,12877.0,09:20:00,12890.063900102752,3,2
2020-11-26,12886.05,12886.8,12864.65,12868.45,09:25:00,12889.68162390249,3,3
2020-11-26,12897.05,12904.45,12885.85,12885.85,09:30:00,12890.383374007017,3,4
2020-11-26,12862.8,12896.65,12860.95,12896.65,09:35:00,12887.756386006347,3,5
2020-11-26,12842.15,12865.75,12833.9,12864.0,09:40:00,12883.41292067241,3,6
2020-11-26,12825.65,12851.35,12817.45,12842.35,09:45:00,12877.91169013218,3,7
2020-11-26,12829.4,12836.7,12815.7,12825.0,09:50:00,12873.291529167213,3,8
2020-11-26,12831.75,12847.8,12827.5,12829.25,09:55:00,12869.33519305605,3,9
2020-11-26,12825.7,12832.55,12805.2,12832.55,10:00:00,12865.179460384044,3,10
2020-11-26,12822.0,12826.65,12814.5,12825.15,10:05:00,12861.06713082366,3,11
2020-11-26,12832.75,12833.7,12819.15,12822.5,10:10:00,12858.370261221406,3,12
2020-11-26,12852.7,12862.8,12831.75,12831.9,10:15:00,12857.830236343176,3,13
2020-11-26,12843.0,12853.1,12833.9,12853.1,10:20:00,12856.417832881922,3,14
2020-11-26,12829.45,12849.35,12828.3,12843.8,10:25:00,12853.849467845548,3,15
2020-11-26,12840.65,12840.9,12821.5,12829.6,10:30:00,12852.59237566978,3,16
2020-11-26,12846.4,12846.4,12833.65,12839.55,10:35:00,12852.002625605994,3,17
2020-11-26,12850.95,12852.25,12835.05,12845.2,10:40:00,12851.90237554828,3,18
2020-11-26,12850.05,12864.25,12842.25,12851.85,10:45:00,12851.725958829396,3,19
2020-11-26,12860.75,12861.5,12847.8,12848.95,10:50:00,12852.585391321836,3,20
2020-11-26,12844.6,12861.35,12838.3,12860.05,10:55:00,12851.824877862611,3,21
2020-11-26,12850.7,12853.25,12840.75,12843.8,11:00:00,12851.717746637602,3,22
2020-11-26,12850.6,12861.5,12847.65,12850.9,11:05:00,12851.611294576878,3,23
2020-11-26,12841.8,12854.9,12841.3,12850.9,11:10:00,12850.676885569555,3,24
2020-11-26,12833.4,12844.75,12831.8,12841.4,11:15:00,12849.031467896264,3,25
2020-11-26,12842.9,12844.5,12830.45,12833.85,11:20:00,12848.44751857281,3,26
2020-11-26,12848.7,12852.0,12843.3,12844.05,11:25:00,12848.47156442302,3,27
2020-11-26,12843.55,12849.7,12842.7,12848.05,11:30:00,12848.00284400178,3,28
2020-11-26,12833.2,12844.7,12828.65,12842.8,11:35:00,12846.593049334946,3,29
2020-11-26,12838.95,12842.55,12831.35,12832.5,11:40:00,12845.865139874477,3,30
2020-11-26,12835.25,12842.45,12831.65,12839.4,11:45:00,12844.854174172144,3,31
2020-11-26,12819.1,12835.3,12813.75,12835.0,11:50:00,12842.40139567956,3,32
2020-11-26,12825.75,12826.2,12813.3,12820.0,11:55:00,12840.815548471985,3,33
2020-11-26,12807.05,12826.25,12806.05,12825.5,12:00:00,12837.599781950845,3,34
2020-11-26,12793.9,12809.3,12790.4,12805.9,12:05:00,12833.437897955526,3,35
2020-11-26,12796.25,12805.9,12791.3,12794.2,12:10:00,12829.896193388333,3,36
2020-11-26,12810.6,12816.55,12794.15,12795.9,12:15:00,12828.058460684682,3,37
2020-11-26,12801.95,12811.25,12801.65,12810.1,12:20:00,12825.571940619477,3,38
2020-11-26,12816.65,12817.4,12800.6,12801.7,12:25:00,12824.722231989048,3,39
2020-11-26,12817.35,12819.95,12805.75,12817.0,12:30:00,12824.020114656758,3,40
2020-11-26,12829.95,12838.9,12815.05,12817.15,12:35:00,12824.584865641827,3,41
2020-11-26,12844.4,12850.35,12827.9,12829.3,12:40:00,12826.472021294989,3,42
2020-11-26,12869.55,12872.65,12843.35,12844.35,12:45:00,12830.57468593356,3,43
2020-11-26,12878.45,12885.7,12869.05,12869.85,12:50:00,12835.134239654171,3,44
2020-11-26,12900.9,12903.6,12873.25,12879.0,12:55:00,12841.397645401394,3,45
2020-11-26,12913.9,12920.3,12887.55,12900.3,13:00:00,12848.30263155364,3,46
2020-11-26,12891.1,12913.25,12887.9,12912.55,13:05:00,12852.378571405676,3,47
2020-11-26,12903.3,12912.15,12891.35,12891.85,13:10:00,12857.228231271802,3,48
2020-11-26,12914.25,12916.1,12891.35,12903.95,13:15:00,12862.658875912584,3,49
2020-11-26,12910.0,12915.15,12904.45,12912.9,13:20:00,12867.167554397098,3,50
2020-11-26,12915.8,12925.4,12910.45,12910.45,13:25:00,12871.79921588309,3,51
2020-11-26,12900.45,12920.95,12891.75,12915.85,13:30:00,12874.527861989462,3,52
2020-11-26,12916.3,12916.85,12896.35,12899.45,13:35:00,12878.506160847608,3,53
2020-11-26,12903.95,12920.6,12901.5,12915.85,13:40:00,12880.929383624029,3,54
2020-11-26,12891.95,12904.15,12879.75,12903.7,13:45:00,12881.978966136025,3,55
2020-11-26,12869.65,12893.05,12868.65,12892.45,13:50:00,12880.804778884973,3,56
2020-11-26,12884.75,12885.5,12868.55,12869.95,13:55:00,12881.18051422926,3,57
2020-11-26,12910.95,12910.95,12883.45,12885.35,14:00:00,12884.015703350284,3,58
2020-11-26,12919.95,12921.8,12910.4,12910.65,14:05:00,12887.438017316925,3,59
2020-11-26,12934.5,12941.3,12912.5,12919.65,14:10:00,12891.920110905789,3,60
2020-11-26,12931.95,12941.6,12927.15,12934.3,14:15:00,12895.732481295714,3,61
2020-11-26,12926.45,12936.25,12919.85,12931.8,14:20:00,12898.657959267552,3,62
2020-11-26,12914.2,12926.85,12907.8,12926.85,14:25:00,12900.138153623022,3,63
2020-11-26,12921.5,12922.65,12899.45,12913.45,14:30:00,12902.172615182735,3,64
2020-11-26,12926.1,12934.6,12919.25,12921.25,14:35:00,12904.451413736762,3,65
2020-11-26,12932.55,12935.15,12921.35,12926.5,14:40:00,12907.127469571356,3,66
2020-11-26,12918.6,12931.55,12913.3,12931.15,14:45:00,12908.22009151694,3,67
2020-11-26,12914.5,12919.3,12910.1,12918.45,14:50:00,12908.81817803914,3,68
2020-11-26,12911.0,12919.9,12906.8,12914.05,14:55:00,12909.02597060684,3,69
2020-11-26,12970.7,12971.35,12912.35,12912.35,15:00:00,12914.8996876919,3,70
2020-11-26,12985.65,12987.0,12968.25,12971.85,15:05:00,12921.637812673624,3,71
2020-11-26,12988.35,13001.85,12985.4,12985.9,15:10:00,12927.991354323756,3,72
2020-11-26,12998.2,12999.4,12984.9,12988.05,15:15:00,12934.677892007208,3,73
2020-11-26,13007.0,13015.05,12996.5,12998.7,15:20:00,12941.565711816043,3,74
2020-11-26,13017.15,13018.0,13003.8,13006.85,15:25:00,12948.764215452611,3,75
2020-11-27,13006.75,13035.3,12976.6,13013.25,09:15:00,12954.286671123791,4,1
2020-11-27,13009.35,13024.55,13003.85,13008.5,09:20:00,12959.53079768343,4,2
2020-11-27,12999.2,13008.55,12990.2,13007.5,09:25:00,12963.308816951674,4,3
2020-11-27,12993.7,13013.0,12989.75,12999.4,09:30:00,12966.20321533723,4,4
2020-11-27,13008.3,13009.3,12987.2,12993.2,09:35:00,12970.21243292416,4,5
2020-11-27,12970.65,13013.85,12967.3,13008.75,09:40:00,12970.254105979,4,6
2020-11-27,12960.75,12971.45,12957.2,12969.8,09:45:00,12969.34895302862,4,7
2020-11-27,12986.85,13001.25,12952.7,12959.9,09:50:00,12971.015719406849,4,8
2020-11-27,12981.15,12989.85,12975.45,12987.1,09:55:00,12971.980888987147,4,9
2020-11-27,12970.45,12981.0,12967.15,12979.65,10:00:00,12971.835090035993,4,10
2020-11-27,12970.2,12986.0,12968.35,12969.2,10:05:00,12971.67936717542,4,11
2020-11-27,12976.45,12979.55,12966.85,12970.7,10:10:00,12972.133713158712,4,12
2020-11-27,12990.45,12998.2,12976.45,12977.05,10:15:00,12973.878121429312,4,13
2020-11-27,12983.85,12993.85,12981.2,12990.5,10:20:00,12974.827824150329,4,14
2020-11-27,12981.3,12993.4,12977.05,12984.1,10:25:00,12975.4442218503,4,15
2020-11-27,12975.6,12989.55,12974.7,12981.7,10:30:00,12975.459057864557,4,16
2020-11-27,12976.15,12982.5,12972.3,12975.5,10:35:00,12975.524861877457,4,17
2020-11-27,12969.25,12976.3,12961.9,12975.75,10:40:00,12974.927255984365,4,18
2020-11-27,12971.8,12974.95,12966.05,12968.9,10:45:00,12974.629422081092,4,19
2020-11-27,12974.6,12978.65,12966.95,12972.4,10:50:00,12974.626619978131,4,20
2020-11-27,12968.4,12982.55,12968.1,12974.75,10:55:00,12974.033608551645,4,21
2020-11-27,12970.85,12978.7,12967.45,12968.45,11:00:00,12973.7304077372,4,22
2020-11-27,12966.65,12973.7,12966.65,12970.55,11:05:00,12973.0560831908,4,23
2020-11-27,12957.15,12967.25,12951.1,12966.9,11:10:00,12971.541218125009,4,24
2020-11-27,12958.5,12965.75,12956.5,12957.8,11:15:00,12970.299197351198,4,25
2020-11-27,12955.65,12967.0,12955.5,12958.75,11:20:00,12968.904035698704,4,26
2020-11-27,12960.75,12963.9,12948.65,12954.95,11:25:00,12968.127460870255,4,27
2020-11-27,12949.5,12962.45,12949.05,12960.55,11:30:00,12966.353416977849,4,28
2020-11-27,12967.3,12978.3,12945.2,12949.4,11:35:00,12966.443567741864,4,29
2020-11-27,12972.1,12976.0,12967.05,12967.8,11:40:00,12966.982275575974,4,30
2020-11-27,12981.6,12988.8,12973.25,12973.25,11:45:00,12968.374439806834,4,31
2020-11-27,12980.15,12990.45,12977.45,12981.95,11:50:00,12969.495921729991,4,32
2020-11-27,12985.05,12987.7,12978.0,12980.8,11:55:00,12970.977262517612,4,33
2020-11-27,12987.95,12996.45,12983.9,12985.4,12:00:00,12972.593713706412,4,34
2020-11-27,12993.8,12997.5,12985.75,12988.35,12:05:00,12974.613360020086,4,35
2020-11-27,12983.15,12995.2,12981.65,12994.1,12:10:00,12975.426373351507,4,36
2020-11-27,12986.15,12989.25,12983.35,12983.9,12:15:00,12976.447671127557,4,37
2020-11-27,12992.55,12994.1,12984.85,12986.0,12:20:00,12977.981226258264,4,38
2020-11-27,13015.65,13016.2,12987.55,12992.25,12:25:00,12981.568728519382,4,39
2020-11-27,13012.75,13018.05,13002.6,13018.05,12:30:00,12984.5383734223,4,40
2020-11-27,13017.45,13022.05,13010.45,13013.3,12:35:00,12987.672814048748,4,41
2020-11-27,13018.05,13030.65,13014.9,13017.7,12:40:00,12990.565879377438,4,42
2020-11-27,13014.3,13018.25,13008.85,13017.25,12:45:00,12992.826271817685,4,43
2020-11-27,12992.2,13014.6,12987.05,13014.1,12:50:00,12992.766626882663,4,44
2020-11-27,12993.2,13000.75,12985.0,12992.55,12:55:00,12992.807900512887,4,45
2020-11-27,13005.7,13006.0,12989.4,12993.05,13:00:00,12994.03571951166,4,46
2020-11-27,12998.05,13006.2,12996.3,13006.05,13:05:00,12994.41803193912,4,47
2020-11-27,12974.8,12999.35,12971.05,12997.75,13:10:00,12992.549647944918,4,48
2020-11-27,12977.65,12979.65,12960.4,12973.6,13:15:00,12991.130633854926,4,49
2020-11-27,12968.75,12978.15,12963.6,12978.15,13:20:00,12988.99914491636,4,50
2020-11-27,12968.7,12980.0,12966.75,12969.05,13:25:00,12987.065893019564,4,51
2020-11-27,12958.9,12974.3,12953.55,12969.95,13:30:00,12984.3834270177,4,52
2020-11-27,12991.1,12995.05,12957.95,12959.15,13:35:00,12985.023100635062,4,53
2020-11-27,12988.55,13006.75,12988.5,12992.1,13:40:00,12985.358995812676,4,54
2020-11-27,12999.1,13003.15,12979.8,12989.45,13:45:00,12986.667662878135,4,55
2020-11-27,12985.65,13003.45,12979.3,13000.55,13:50:00,12986.570742604028,4,56
2020-11-27,12975.1,12987.0,12971.05,12983.9,13:55:00,12985.478290927456,4,57
2020-11-27,12969.1,12986.0,12967.95,12973.85,14:00:00,12983.918453696268,4,58
2020-11-27,12960.15,12974.45,12958.65,12969.25,14:05:00,12981.65479143948,4,59
2020-11-27,12982.1,12983.0,12958.25,12960.45,14:10:00,12981.697192254767,4,60
2020-11-27,12974.6,12981.65,12967.55,12981.65,14:15:00,12981.021269182884,4,61
2020-11-27,12978.8,12985.75,12968.25,12974.2,14:20:00,12980.809719736895,4,62
2020-11-27,12979.8,12990.85,12969.65,12978.75,14:25:00,12980.713555952429,4,63
2020-11-27,12972.35,12982.25,12968.2,12980.95,14:30:00,12979.917026814102,4,64
2020-11-27,12972.65,12981.0,12970.9,12973.25,14:35:00,12979.224929022284,4,65
2020-11-27,12947.4,12974.1,12947.15,12972.85,14:40:00,12976.193983401114,4,66
2020-11-27,12935.55,12948.0,12914.3,12948.0,14:45:00,12972.323127839103,4,67
2020-11-27,12973.95,12975.85,12934.95,12935.8,14:50:00,12972.478068044904,4,68
2020-11-27,12985.4,12986.25,12971.1,12975.15,14:55:00,12973.708728231104,4,69
2020-11-27,12963.0,12985.45,12958.65,12985.3,15:00:00,12972.688849351953,4,70
2020-11-27,12971.45,12976.4,12963.1,12963.1,15:05:00,12972.570863699384,4,71
2020-11-27,12979.4,12983.35,12969.35,12972.7,15:10:00,12973.221257632777,4,72
2020-11-27,12972.15,12979.05,12967.05,12978.9,15:15:00,12973.11923309632,4,73
2020-11-27,12970.65,12981.9,12970.65,12972.05,15:20:00,12972.884068039528,4,74
2020-11-27,12941.95,12970.95,12927.95,12970.95,15:25:00,12969.93796632148,4,75
2020-12-01,12986.65,13064.2,12972.65,13064.2,09:15:00,12971.529588576575,1,1
2020-12-01,12993.85,12997.3,12962.8,12981.25,09:20:00,12973.655342045477,1,2
2020-12-01,13006.65,13012.5,12990.75,12994.0,09:25:00,12976.797690422096,1,3
2020-12-01,13016.05,13022.4,13006.05,13006.05,09:30:00,12980.536005619992,1,4
2020-12-01,13017.9,13017.9,12999.15,13015.4,09:35:00,12984.09448127523,1,5
2020-12-01,13022.15,13024.45,13008.9,13017.55,09:40:00,12987.718816391874,1,6
2020-12-01,13007.15,13023.7,13002.85,13020.55,09:45:00,12989.569405306936,1,7
2020-12-01,13030.05,13032.35,13004.2,13007.5,09:50:00,12993.424700039608,1,8
2020-12-01,13025.65,13032.5,13021.7,13030.1,09:55:00,12996.49377622631,1,9
2020-12-01,13025.75,13030.7,13015.9,13025.7,10:00:00,12999.280083252375,1,10
2020-12-01,13030.65,13031.15,13014.55,13025.45,10:05:00,13002.267694371196,1,11
2020-12-01,13034.55,13036.95,13023.1,13030.3,10:10:00,13005.342199669178,1,12
2020-12-01,13040.3,13043.4,13033.85,13034.25,10:15:00,13008.671513986395,1,13
2020-12-01,13031.45,13042.2,13030.2,13040.05,10:20:00,13010.84089360674,1,14
2020-12-01,13036.65,13041.0,13028.85,13031.5,10:25:00,13013.298903739433,1,15
2020-12-01,13039.35,13040.05,13032.1,13036.8,10:30:00,13015.779960526152,1,16
2020-12-01,13055.8,13055.8,13039.2,13039.4,10:35:00,13019.591392856995,1,17
2020-12-01,13069.45,13072.25,13054.8,13055.1,10:40:00,13024.33983163252,1,18
2020-12-01,13076.2,13080.6,13069.55,13069.55,10:45:00,13029.278895286569,1,19
2020-12-01,13077.95,13081.1,13064.55,13076.3,10:50:00,13033.914238592608,1,20
2020-12-01,13065.4,13078.6,13063.85,13078.6,10:55:00,13036.91288253617,1,21
2020-12-01,13067.45,13071.55,13062.55,13065.15,11:00:00,13039.821179437486,1,22
2020-12-01,13077.65,13079.55,13066.15,13067.55,11:05:00,13043.423924252964,1,23
2020-12-01,13080.3,13081.75,13072.25,13077.45,11:10:00,13046.935931466967,1,24
2020-12-01,13079.7,13083.3,13077.65,13080.2,11:15:00,13050.056318946305,1,25
2020-12-01,13074.05,13079.7,13071.05,13079.0,11:20:00,13052.341431427609,1,26
2020-12-01,13075.15,13078.95,13071.0,13074.0,11:25:00,13054.51367605355,1,27
2020-12-01,13070.5,13074.5,13069.6,13074.0,11:30:00,13056.036183096068,1,28
2020-12-01,13074.65,13074.95,13068.3,13070.35,11:35:00,13057.80892756311,1,29
2020-12-01,13074.95,13080.75,13074.65,13075.25,11:40:00,13059.441410652338,1,30
2020-12-01,13071.1,13076.65,13068.25,13074.45,11:45:00,13060.551752494974,1,31
2020-12-01,13085.0,13085.45,13070.45,13071.35,11:50:00,13062.880157019265,1,32
2020-12-01,13090.15,13093.3,13084.6,13084.95,11:55:00,13065.47728492219,1,33
2020-12-01,13077.75,13090.35,13076.55,13089.95,12:00:00,13066.6461149296,1,34
2020-12-01,13077.45,13079.45,13074.35,13077.7,12:05:00,13067.675056364878,1,35
2020-12-01,13075.95,13080.3,13073.1,13077.2,12:10:00,13068.463146234892,1,36
2020-12-01,13084.7,13085.5,13075.1,13076.05,12:15:00,13070.00951326014,1,37
2020-12-01,13078.45,13084.95,13078.1,13084.95,12:20:00,13070.813369140127,1,38
2020-12-01,13057.15,13079.1,13054.3,13078.2,12:25:00,13069.512095888686,1,39
2020-12-01,13064.3,13067.95,13050.85,13057.2,12:30:00,13069.01570580405,1,40
2020-12-01,13061.6,13064.8,13057.2,13064.35,12:35:00,13068.309448108426,1,41
2020-12-01,13056.8,13061.7,13051.85,13061.4,12:40:00,13067.213310193338,1,42
2020-12-01,13063.0,13070.65,13055.45,13056.5,12:45:00,13066.812042555875,1,43
2020-12-01,13069.0,13071.2,13055.9,13062.65,12:50:00,13067.020419455315,1,44
2020-12-01,13080.35,13080.9,13069.05,13069.25,12:55:00,13068.289903316716,1,45
2020-12-01,13082.9,13083.15,13076.6,13080.2,13:00:00,13069.681341096077,1,46
2020-12-01,13091.45,13094.95,13079.85,13082.6,13:05:00,13071.754546705975,1,47
2020-12-01,13086.1,13093.9,13084.35,13090.5,13:10:00,13073.120780353023,1,48
2020-12-01,13087.35,13095.4,13085.7,13086.05,13:15:00,13074.475944128926,1,49
2020-12-01,13085.0,13088.45,13078.95,13087.1,13:20:00,13075.478235164268,1,50
2020-12-01,13087.5,13089.25,13082.15,13085.45,13:25:00,13076.623165148623,1,51
2020-12-01,13079.75,13087.45,13069.3,13087.45,13:30:00,13076.920958943992,1,52
2020-12-01,13099.7,13103.1,13079.55,13080.35,13:35:00,13079.090391425518,1,53
2020-12-01,13080.9,13102.25,13079.45,13100.35,13:40:00,13079.262735099275,1,54
2020-12-01,13090.35,13090.9,13080.3,13080.8,13:45:00,13080.318665089822,1,55
2020-12-01,13096.3,13096.85,13087.3,13090.1,13:50:00,13081.84069698603,1,56
2020-12-01,13094.45,13098.85,13089.95,13097.3,13:55:00,13083.04158298736,1,57
2020-12-01,13098.1,13103.85,13093.4,13093.95,14:00:00,13084.475717940946,1,58
2020-12-01,13114.8,13115.05,13097.6,13098.3,14:05:00,13087.363744803712,1,59
2020-12-01,13117.2,13123.8,13111.0,13114.6,14:10:00,13090.205292917646,1,60
2020-12-01,13110.95,13117.25,13109.7,13117.0,14:15:00,13092.180979306442,1,61
2020-12-01,13110.35,13115.65,13105.05,13110.9,14:20:00,13093.91136222964,1,62
2020-12-01,13117.5,13118.65,13105.5,13110.2,14:25:00,13096.15789916015,1,63
2020-12-01,13108.6,13119.2,13104.5,13117.2,14:30:00,13097.342861144898,1,64
2020-12-01,13112.3,13115.9,13102.5,13109.4,14:35:00,13098.767350559669,1,65
2020-12-01,13115.1,13124.3,13110.85,13111.85,14:40:00,13100.322840982555,1,66
2020-12-01,13119.75,13121.1,13112.3,13115.2,14:45:00,13102.173046603266,1,67
2020-12-01,13112.9,13121.1,13109.55,13120.05,14:50:00,13103.19466121248,1,68
2020-12-01,13122.8,13123.15,13110.9,13112.7,14:55:00,13105.0618363351,1,69
2020-12-01,13120.1,13124.7,13115.75,13123.35,15:00:00,13106.494042398424,1,70
2020-12-01,13125.25,13128.4,13116.95,13119.75,15:05:00,13108.280324074763,1,71
2020-12-01,13107.15,13125.05,13106.85,13124.3,15:10:00,13108.172674162885,1,72
2020-12-01,13102.65,13107.55,13092.05,13107.55,15:15:00,13107.64670519499,1,73
2020-12-01,13099.0,13112.85,13093.7,13101.7,15:20:00,13106.823209462133,1,74
2020-12-01,13099.2,13101.55,13094.85,13099.15,15:25:00,13106.097189513355,1,75
2020-12-02,13094.45,13122.25,13087.8,13122.05,09:15:00,13103.984320667398,2,1
2020-12-02,13102.55,13128.5,13095.15,13095.15,09:20:00,13103.847718699077,2,2
2020-12-02,13099.65,13112.25,13096.95,13102.3,09:25:00,13103.44793596583,2,3
2020-12-02,13094.75,13109.35,13090.25,13100.85,09:30:00,13102.619561111942,2,4
2020-12-02,13104.6,13116.4,13088.65,13095.25,09:35:00,13102.808174339378,2,5
2020-12-02,13114.35,13115.7,13101.9,13104.9,09:40:00,13103.907395830864,2,6
2020-12-02,13098.0,13118.2,13094.45,13114.2,09:45:00,13103.344786704116,2,7
2020-12-02,13099.2,13101.05,13094.85,13097.55,09:50:00,13102.950045113248,2,8
2020-12-02,13081.45,13102.95,13081.3,13102.7,09:55:00,13100.90242176913,2,9
2020-12-02,13074.95,13091.35,13071.45,13081.15,10:00:00,13098.430762553022,2,10
2020-12-02,13084.75,13087.25,13070.85,13075.15,10:05:00,13097.127832786067,2,11
2020-12-02,13080.2,13085.65,13079.25,13085.0,10:10:00,13095.515658235014,2,12
2020-12-02,13071.85,13083.65,13068.65,13080.5,10:15:00,13093.261786022154,2,13
2020-12-02,13081.1,13083.45,13071.0,13071.2,10:20:00,13092.103520686713,2,14
2020-12-02,13074.5,13080.75,13067.45,13080.75,10:25:00,13090.426994907026,2,15
2020-12-02,13084.0,13085.8,13071.3,13074.2,10:30:00,13089.814900153977,2,16
2020-12-02,13087.9,13090.0,13081.9,13083.55,10:35:00,13089.63252871074,2,17
2020-12-02,13079.7,13087.9,13079.0,13087.0,10:40:00,13088.686573595434,2,18
2020-12-02,13091.0,13094.3,13079.0,13079.8,10:45:00,13088.90689991968,2,19
2020-12-02,13094.0,13097.95,13089.3,13091.45,10:50:00,13089.391957070186,2,20
2020-12-02,13095.1,13096.2,13089.9,13094.05,10:55:00,13089.935580206358,2,21
2020-12-02,13090.6,13101.1,13088.45,13095.4,11:00:00,13089.998858281944,2,22
2020-12-02,13088.75,13095.25,13088.75,13091.4,11:05:00,13089.879919397948,2,23
2020-12-02,13089.0,13089.25,13084.4,13089.15,11:10:00,13089.796117550526,2,24
2020-12-02,13087.9,13092.65,13084.15,13088.9,11:15:00,13089.615534926666,2,25
2020-12-02,13085.5,13090.2,13084.15,13088.35,11:20:00,13089.223579219366,2,26
2020-12-02,13068.15,13085.75,13066.45,13085.75,11:25:00,13087.216571674666,2,27
2020-12-02,13066.85,13069.9,13053.2,13067.6,11:30:00,13085.27689818184,2,28
2020-12-02,13062.9,13069.45,13062.45,13066.65,11:35:00,13083.145765021663,2,29
2020-12-02,13064.15,13070.75,13061.9,13062.15,11:40:00,13081.336644543411,2,30
2020-12-02,13072.5,13073.55,13058.15,13064.75,11:45:00,13080.495059348805,2,31
2020-12-02,13076.6,13077.05,13068.35,13072.9,11:50:00,13080.124101315583,2,32
2020-12-02,13072.25,13077.25,13069.1,13076.8,11:55:00,13079.374186904575,2,33
2020-12-02,13078.95,13083.1,13071.85,13072.35,12:00:00,13079.333788151758,2,34
2020-12-02,13072.0,13081.65,13070.85,13079.35,12:05:00,13078.635332137306,2,35
2020-12-02,13080.3,13080.35,13070.05,13072.3,12:10:00,13078.793871933753,2,36
2020-12-02,13083.45,13088.9,13079.65,13079.65,12:15:00,13079.237312701964,2,37
2020-12-02,13084.55,13086.6,13080.55,13083.75,12:20:00,13079.743282920826,2,38
2020-12-02,13089.25,13089.55,13082.4,13084.45,12:25:00,13080.648684547416,2,39
2020-12-02,13091.4,13103.7,13089.7,13089.7,12:30:00,13081.672619352425,2,40
2020-12-02,13096.4,13098.5,13091.9,13092.0,12:35:00,13083.075227033143,2,41
2020-12-02,13092.75,13098.75,13091.05,13096.65,12:40:00,13083.996633982368,2,42
2020-12-02,13089.4,13094.9,13081.6,13092.85,12:45:00,13084.51124026976,2,43
2020-12-02,13087.3,13097.3,13085.95,13089.6,12:50:00,13084.776836434545,2,44
2020-12-02,13047.55,13087.55,13034.85,13087.55,12:55:00,13081.23142344078,2,45
2020-12-02,13039.65,13047.45,13029.65,13047.45,13:00:00,13077.27128787499,2,46
2020-12-02,13051.55,13054.55,13037.4,13038.4,13:05:00,13074.821641410705,2,47
2020-12-02,13031.6,13051.45,13029.35,13051.35,13:10:00,13070.705294609685,2,48
2020-12-02,13029.15,13036.2,13024.65,13030.35,13:15:00,13066.747647504,2,49
2020-12-02,13034.55,13042.9,13022.95,13028.8,13:20:00,13063.681204884571,2,50
2020-12-02,13036.85,13040.5,13029.7,13033.9,13:25:00,13061.125852038422,2,51
2020-12-02,13021.15,13036.75,13015.9,13036.75,13:30:00,13057.318628034764,2,52
2020-12-02,12997.55,13028.9,12996.45,13020.95,13:35:00,13051.62637774574,2,53
2020-12-02,13007.75,13008.85,12989.5,12996.9,13:40:00,13047.447675103287,2,54
2020-12-02,13021.95,13026.35,13004.9,13008.35,13:45:00,13045.019325093454,2,55
2020-12-02,13024.3,13026.85,13015.25,13022.15,13:50:00,13043.046056036934,2,56
2020-12-02,13015.35,13025.35,13009.55,13024.25,13:55:00,13040.40833641437,2,57
2020-12-02,13017.1,13023.65,13011.2,13015.3,14:00:00,13038.188494851098,2,58
2020-12-02,12997.35,13018.05,12983.55,13017.15,14:05:00,13034.299114389089,2,59
2020-12-02,13010.15,13011.6,12995.1,12997.15,14:10:00,13031.999198732983,2,60
2020-12-02,13010.6,13010.75,12995.2,13010.1,14:15:00,13029.961179806034,2,61
2020-12-02,13025.7,13027.05,13006.9,13010.8,14:20:00,13029.55535315784,2,62
2020-12-02,13034.95,13036.35,13021.8,13026.5,14:25:00,13030.06912904757,2,63
2020-12-02,13042.1,13051.65,13034.45,13034.45,14:30:00,13031.214926281134,2,64
2020-12-02,13045.1,13045.75,13036.8,13042.8,14:35:00,13032.53731425436,2,65
2020-12-02,13060.95,13061.15,13042.85,13045.05,14:40:00,13035.243284325372,2,66
2020-12-02,13093.45,13093.45,13060.55,13060.6,14:45:00,13040.78678105629,2,67
2020-12-02,13082.55,13102.0,13074.8,13092.7,14:50:00,13044.7642304795,2,68
2020-12-02,13099.45,13100.25,13076.65,13082.85,14:55:00,13049.972399005264,2,69
2020-12-02,13124.05,13124.05,13098.25,13099.2,15:00:00,13057.027408623808,2,70
2020-12-02,13107.1,13124.2,13106.4,13124.2,15:05:00,13061.79622685011,2,71
2020-12-02,13121.2,13121.2,13107.25,13107.9,15:10:00,13067.45372905486,2,72
2020-12-02,13116.4,13121.95,13109.25,13120.45,15:15:00,13072.115278668683,2,73
2020-12-02,13106.05,13119.3,13101.9,13115.9,15:20:00,13075.347156890715,2,74
2020-12-02,13105.45,13110.2,13099.85,13106.85,15:25:00,13078.214094329694,2,75
2020-12-03,13173.6,13216.6,13156.35,13216.6,09:15:00,13087.298466298294,3,1
2020-12-03,13172.1,13177.2,13158.4,13169.6,09:20:00,13095.374802841314,3,2
2020-12-03,13161.7,13175.5,13153.9,13170.75,09:25:00,13101.691488284998,3,3
2020-12-03,13166.5,13170.2,13159.0,13161.9,09:30:00,13107.863727495953,3,4
2020-12-03,13151.85,13166.65,13144.65,13162.75,09:35:00,13112.05289630586,3,5
2020-12-03,13155.25,13160.2,13143.9,13151.1,09:40:00,13116.166906181494,3,6
2020-12-03,13161.6,13167.5,13155.55,13155.55,09:45:00,13120.493867497542,3,7
2020-12-03,13163.1,13165.0,13157.45,13160.15,09:50:00,13124.551594402536,3,8
2020-12-03,13159.6,13165.3,13158.5,13163.15,09:55:00,13127.889537792773,3,9
2020-12-03,13161.05,13169.6,13158.15,13159.55,10:00:00,13131.0476770506,3,10
2020-12-03,13154.85,13161.65,13151.05,13161.35,10:05:00,13133.314564950544,3,11
2020-12-03,13158.95,13160.8,13148.8,13155.0,10:10:00,13135.756034955257,3,12
2020-12-03,13165.55,13170.05,13159.15,13159.15,10:15:00,13138.593555435707,3,13
2020-12-03,13178.1,13178.65,13164.3,13166.15,10:20:00,13142.35607396564,3,14
2020-12-03,13177.95,13184.1,13172.95,13177.65,10:25:00,13145.745971683196,3,15
2020-12-03,13172.15,13179.6,13169.8,13178.65,10:30:00,13148.2606410467,3,16
2020-12-03,13166.1,13182.05,13160.9,13171.5,10:35:00,13149.959627613682,3,17
2020-12-03,13167.9,13168.7,13160.5,13165.05,10:40:00,13151.668234507615,3,18
2020-12-03,13162.8,13171.55,13157.8,13167.95,10:45:00,13152.72840264975,3,19
2020-12-03,13155.9,13165.15,13152.15,13163.8,10:50:00,13153.030459540249,3,20
2020-12-03,13144.65,13158.95,13143.8,13155.6,10:55:00,13152.232320536416,3,21
2020-12-03,13150.55,13154.25,13143.0,13144.5,11:00:00,13152.072099532948,3,22
2020-12-03,13159.0,13163.4,13146.0,13149.3,11:05:00,13152.731899577428,3,23
2020-12-03,13162.55,13164.45,13155.3,13159.65,11:10:00,13153.666956760531,3,24
2020-12-03,13149.45,13164.45,13147.45,13161.85,11:15:00,13153.265341830958,3,25
2020-12-03,13145.6,13150.05,13141.55,13149.75,11:20:00,13152.53530927563,3,26
2020-12-03,13145.7,13154.5,13143.45,13146.55,11:25:00,13151.884327439857,3,27
2020-12-03,13141.0,13154.2,13139.9,13145.1,11:30:00,13150.847724826535,3,28
2020-12-03,13147.7,13150.35,13140.0,13141.15,11:35:00,13150.547941509723,3,29
2020-12-03,13160.3,13160.9,13147.6,13147.6,11:40:00,13151.476708984988,3,30
2020-12-03,13157.6,13165.45,13154.4,13160.0,11:45:00,13152.059879557846,3,31
2020-12-03,13155.05,13159.45,13153.3,13157.35,11:50:00,13152.34465293329,3,32
2020-12-03,13148.7,13154.75,13146.3,13154.3,11:55:00,13151.99754313012,3,33
2020-12-03,13149.6,13150.95,13143.9,13148.95,12:00:00,13151.769205689156,3,34
2020-12-03,13145.05,13150.4,13137.2,13149.45,12:05:00,13151.129281337808,3,35
2020-12-03,13141.35,13147.3,13137.35,13143.5,12:10:00,13150.197921210398,3,36
2020-12-03,13133.9,13144.4,13128.8,13141.2,12:15:00,13148.64573823798,3,37
2020-12-03,13124.2,13134.85,13115.85,13134.1,12:20:00,13146.317572691503,3,38
2020-12-03,13136.1,13136.4,13121.9,13123.9,12:25:00,13145.34447053041,3,39
2020-12-03,13138.85,13140.9,13123.9,13135.65,12:30:00,13144.725949527514,3,40
2020-12-03,13145.8,13147.7,13138.6,13139.05,12:35:00,13144.828240048704,3,41
2020-12-03,13144.4,13148.7,13139.8,13145.75,12:40:00,13144.78745528216,3,42
2020-12-03,13152.85,13154.65,13138.95,13144.15,12:45:00,13145.55531668386,3,43
2020-12-03,13136.8,13158.25,13135.65,13152.35,12:50:00,13144.721476999684,3,44
2020-12-03,13120.9,13136.55,13114.55,13136.45,12:55:00,13142.452764904476,3,45
2020-12-03,13125.5,13130.25,13112.25,13120.7,13:00:00,13140.838215865951,3,46
2020-12-03,13127.55,13131.55,13118.95,13125.05,13:05:00,13139.572671497768,3,47
2020-12-03,13130.1,13139.8,13123.05,13126.3,13:10:00,13138.670512307504,3,48
2020-12-03,13137.8,13142.95,13125.75,13130.25,13:15:00,13138.587606373458,3,49
2020-12-03,13138.0,13141.25,13133.3,13137.25,13:20:00,13138.5316438617,3,50
2020-12-03,13140.6,13142.75,13134.6,13137.65,13:25:00,13138.728630160584,3,51
2020-12-03,13124.85,13144.35,13124.7,13140.95,13:30:00,13137.406855859575,3,52
2020-12-03,13127.6,13127.85,13119.2,13124.3,13:35:00,13136.472869587236,3,53
2020-12-03,13131.3,13135.2,13124.15,13127.4,13:40:00,13135.980215340833,3,54
2020-12-03,13153.15,13157.4,13130.2,13131.05,13:45:00,13137.61543292742,3,55
2020-12-03,13149.35,13156.65,13147.9,13152.2,13:50:00,13138.733010743856,3,56
2020-12-03,13141.45,13151.95,13140.55,13149.4,13:55:00,13138.991771625397,3,57
2020-12-03,13141.65,13145.0,13131.45,13141.2,14:00:00,13139.2449362325,3,58
2020-12-03,13139.75,13144.05,13134.95,13141.35,14:05:00,13139.29303754369,3,59
2020-12-03,13141.0,13142.95,13130.45,13140.0,14:10:00,13139.455605396672,3,60
2020-12-03,13114.45,13145.4,13113.9,13140.55,14:15:00,13137.074119168416,3,61
2020-12-03,13125.65,13128.6,13107.9,13114.9,14:20:00,13135.986107819044,3,62
2020-12-03,13134.3,13134.75,13124.35,13125.75,14:25:00,13135.825526121993,3,63
2020-12-03,13145.6,13145.75,13125.95,13133.55,14:30:00,13136.75642839609,3,64
2020-12-03,13141.75,13149.25,13137.5,13146.25,14:35:00,13137.23200664408,3,65
2020-12-03,13141.7,13153.2,13141.35,13141.85,14:40:00,13137.657529820835,3,66
2020-12-03,13145.95,13149.3,13136.05,13141.05,14:45:00,13138.447288885518,3,67
2020-12-03,13145.35,13151.3,13141.7,13146.55,14:50:00,13139.10468994404,3,68
2020-12-03,13140.75,13146.35,13136.4,13145.6,14:55:00,13139.261386139846,3,69
2020-12-03,13129.85,13151.05,13129.85,13140.65,15:00:00,13138.365063650335,3,70
2020-12-03,13143.85,13146.35,13129.45,13129.45,15:05:00,13138.88743854078,3,71
2020-12-03,13138.45,13143.85,13135.05,13143.75,15:10:00,13138.845777727372,3,72
2020-12-03,13131.35,13139.25,13128.3,13138.0,15:15:00,13138.13189413429,3,73
2020-12-03,13129.45,13142.05,13126.7,13130.55,15:20:00,13137.305047073882,3,74
2020-12-03,13136.9,13138.55,13128.0,13128.0,15:25:00,13137.266471162084,3,75
2020-12-04,13181.75,13187.3,13164.65,13187.3,09:15:00,13141.502997718077,4,1
2020-12-04,13188.95,13193.5,13180.25,13180.25,09:20:00,13146.021759840163,4,2
2020-12-04,13192.35,13195.25,13183.95,13189.3,09:25:00,13150.43397318872,4,3
2020-12-04,13201.3,13203.75,13191.25,13191.3,09:30:00,13155.278356694556,4,4
2020-12-04,13196.9,13204.5,13194.55,13201.2,09:35:00,13159.242322723649,4,5
2020-12-04,13210.4,13212.65,13195.65,13197.6,09:40:00,13164.114482464252,4,6
2020-12-04,13201.65,13213.55,13197.4,13208.75,09:45:00,13167.689293658132,4,7
2020-12-04,13212.4,13212.4,13199.05,13201.35,09:50:00,13171.94745616688,4,8
2020-12-04,13212.1,13215.2,13202.9,13211.65,09:55:00,13175.77150796051,4,9
2020-12-04,13209.45,13220.05,13200.65,13212.2,10:00:00,13178.97898339284,4,10
2020-12-04,13218.1,13219.3,13201.4,13209.5,10:05:00,13182.704794498284,4,11
2020-12-04,13228.8,13230.45,13216.7,13218.4,10:10:00,13187.094814069877,4,12
2020-12-04,13230.05,13238.5,13224.25,13229.3,10:15:00,13191.18578415846,4,13
2020-12-04,13220.0,13237.5,13219.5,13231.7,10:20:00,13193.929995190989,4,14
2020-12-04,13236.3,13236.3,13217.2,13220.75,10:25:00,13197.965233744228,4,15
2020-12-04,13239.55,13248.25,13234.2,13237.1,10:30:00,13201.925687673349,4,16
2020-12-04,13234.4,13242.5,13225.1,13240.25,10:35:00,13205.018479323506,4,17
2020-12-04,13239.05,13243.4,13235.4,13235.55,10:40:00,13208.25957653079,4,18
2020-12-04,13239.9,13242.5,13233.6,13240.0,10:45:00,13211.272950194523,4,19
2020-12-04,13241.7,13248.75,13237.55,13241.35,10:50:00,13214.170764461713,4,20
2020-12-04,13238.55,13243.85,13237.5,13242.5,10:55:00,13216.492596417742,4,21
2020-12-04,13238.25,13240.1,13230.35,13239.6,11:00:00,13218.564730092245,4,22
2020-12-04,13246.45,13250.3,13236.95,13239.6,11:05:00,13221.22047008346,4,23
2020-12-04,13231.9,13248.15,13230.9,13247.05,11:10:00,13222.237568170747,4,24
2020-12-04,13227.75,13236.9,13221.75,13232.45,11:15:00,13222.762561678295,4,25
2020-12-04,13230.55,13233.45,13221.0,13228.4,11:20:00,13223.504222470838,4,26
2020-12-04,13222.5,13231.75,13216.55,13231.75,11:25:00,13223.40858223552,4,27
2020-12-04,13215.6,13223.5,13211.05,13223.5,11:30:00,13222.664907736898,4,28
2020-12-04,13199.5,13215.8,13196.55,13215.55,11:35:00,13220.458726047673,4,29
2020-12-04,13213.1,13214.95,13196.6,13199.8,11:40:00,13219.757894995511,4,30
2020-12-04,13215.75,13221.65,13205.95,13213.4,11:45:00,13219.376190710223,4,31
2020-12-04,13219.95,13221.85,13213.6,13216.6,11:50:00,13219.430839214012,4,32
2020-12-04,13209.75,13222.3,13209.75,13221.25,11:55:00,13218.508854526965,4,33
2020-12-04,13209.65,13210.25,13202.35,13210.25,12:00:00,13217.665154095826,4,34
2020-12-04,13204.25,13211.85,13204.2,13209.75,12:05:00,13216.387520372416,4,35
2020-12-04,13208.8,13214.65,13202.15,13204.85,12:10:00,13215.664899384568,4,36
2020-12-04,13203.6,13214.7,13202.05,13210.1,12:15:00,13214.515861347942,4,37
2020-12-04,13207.85,13209.15,13201.15,13203.75,12:20:00,13213.881017410042,4,38
2020-12-04,13200.15,13210.9,13197.5,13208.45,12:25:00,13212.573301466227,4,39
2020-12-04,13193.75,13205.85,13190.3,13200.4,12:30:00,13210.78060608849,4,40
2020-12-04,13192.15,13197.55,13184.4,13193.85,12:35:00,13209.006262651492,4,41
2020-12-04,13190.35,13193.35,13185.2,13191.7,12:40:00,13207.229475732303,4,42
2020-12-04,13170.35,13190.75,13167.5,13190.15,12:45:00,13203.71714471018,4,43
2020-12-04,13170.9,13175.5,13164.6,13170.0,12:50:00,13200.591702356827,4,44
2020-12-04,13158.65,13170.35,13152.85,13170.35,12:55:00,13196.597254513325,4,45
2020-12-04,13176.4,13180.35,13157.85,13157.85,13:00:00,13194.673706464437,4,46
2020-12-04,13188.95,13190.45,13176.85,13176.85,13:05:00,13194.12859156306,4,47
2020-12-04,13200.2,13201.35,13181.85,13189.2,13:10:00,13194.706820938009,4,48
2020-12-04,13193.4,13200.15,13178.85,13200.15,13:15:00,13194.582361801056,4,49
2020-12-04,13195.5,13204.6,13191.45,13194.05,13:20:00,13194.66975591524,4,50
2020-12-04,13207.2,13210.2,13196.2,13196.3,13:25:00,13195.863112494742,4,51
2020-12-04,13204.9,13213.85,13201.3,13207.8,13:30:00,13196.723768447624,4,52
2020-12-04,13206.55,13212.9,13205.05,13205.15,13:35:00,13197.65960002404,4,53
2020-12-04,13214.25,13222.25,13205.95,13206.9,13:40:00,13199.23963811699,4,54
2020-12-04,13207.15,13223.7,13207.15,13214.3,13:45:00,13199.99300591537,4,55
2020-12-04,13191.15,13209.5,13190.8,13207.6,13:50:00,13199.150814875811,4,56
2020-12-04,13205.8,13212.6,13190.8,13190.9,13:55:00,13199.784070601923,4,57
2020-12-04,13207.5,13214.95,13206.25,13206.35,14:00:00,13200.518921020788,4,58
2020-12-04,13205.7,13209.8,13199.75,13207.85,14:05:00,13201.012357114048,4,59
2020-12-04,13196.6,13207.65,13195.7,13207.0,14:10:00,13200.592132626996,4,60
2020-12-04,13202.3,13206.55,13196.25,13196.8,14:15:00,13200.75478666252,4,61
2020-12-04,13205.25,13205.4,13196.1,13202.25,14:20:00,13201.182902218472,4,62
2020-12-04,13222.5,13225.45,13205.4,13205.4,14:25:00,13203.213102007188,4,63
2020-12-04,13217.15,13226.9,13214.0,13222.3,14:30:00,13204.540425625552,4,64
2020-12-04,13223.6,13230.9,13217.5,13217.65,14:35:00,13206.355623185023,4,65
2020-12-04,13238.65,13239.7,13223.6,13224.85,14:40:00,13209.431278119784,4,66
2020-12-04,13239.35,13240.7,13229.6,13239.65,14:45:00,13212.280680203614,4,67
2020-12-04,13245.05,13247.5,13232.6,13240.2,14:50:00,13215.401567803268,4,68
2020-12-04,13245.05,13246.05,13239.75,13245.2,14:55:00,13218.22522801248,4,69
2020-12-04,13250.05,13253.1,13243.7,13244.75,15:00:00,13221.256158677958,4,70
2020-12-04,13247.55,13252.25,13244.95,13250.3,15:05:00,13223.76033404196,4,71
2020-12-04,13256.6,13260.7,13241.05,13247.3,15:10:00,13226.88792127606,4,72
2020-12-04,13257.35,13261.55,13253.65,13257.65,15:15:00,13229.78907163072,4,73
2020-12-04,13270.55,13272.75,13255.45,13258.55,15:20:00,13233.671064808748,4,74
2020-12-04,13271.05,13280.05,13269.4,13270.65,15:25:00,13237.230963398391,4,75
2020-12-07,13279.4,13285.95,13241.95,13269.25,09:15:00,13241.247062122357,0,1
2020-12-07,13288.1,13289.15,13263.6,13273.15,09:20:00,13245.70924668213,0,2
2020-12-07,13285.7,13293.5,13276.7,13286.45,09:25:00,13249.517889855262,0,3
2020-12-07,13287.9,13290.05,13270.25,13286.75,09:30:00,13253.173328916666,0,4
2020-12-07,13306.55,13310.85,13282.9,13288.2,09:35:00,13258.256821400792,0,5
2020-12-07,13303.25,13312.65,13299.5,13305.3,09:40:00,13262.54188602929,0,6
2020-12-07,13310.25,13318.05,13301.6,13302.05,09:45:00,13267.085515931263,0,7
2020-12-07,13317.0,13318.95,13305.6,13310.5,09:50:00,13271.839276318762,0,8
2020-12-07,13304.75,13322.25,13304.1,13317.45,09:55:00,13274.97363095507,0,9
2020-12-07,13298.05,13303.9,13288.6,13303.7,10:00:00,13277.17138038792,0,10
2020-12-07,13304.1,13306.35,13292.45,13297.75,10:05:00,13279.736010827168,0,11
2020-12-07,13296.25,13309.05,13294.85,13303.8,10:10:00,13281.30877170077,0,12
2020-12-07,13287.3,13299.3,13286.5,13295.4,10:15:00,13281.879364872126,0,13
2020-12-07,13290.7,13292.25,13280.05,13287.6,10:20:00,13282.719425360494,0,14
2020-12-07,13282.5,13294.55,13278.85,13290.25,10:25:00,13282.698527707114,0,15
2020-12-07,13287.25,13288.6,13280.25,13281.75,10:30:00,13283.132001258818,0,16
2020-12-07,13302.85,13303.7,13285.95,13287.3,10:35:00,13285.009905900835,0,17
2020-12-07,13304.65,13307.55,13295.2,13302.7,10:40:00,13286.880391053135,0,18
2020-12-07,13297.15,13307.35,13297.1,13304.45,10:45:00,13287.858449048075,0,19
2020-12-07,13304.5,13307.8,13293.15,13297.85,10:50:00,13289.443358662546,0,20
2020-12-07,13297.3,13305.3,13294.5,13304.6,10:55:00,13290.191610218491,0,21
2020-12-07,13296.25,13302.1,13294.65,13297.55,11:00:00,13290.768599721494,0,22
2020-12-07,13293.5,13299.5,13292.95,13297.15,11:05:00,13291.028733081352,0,23
2020-12-07,13288.9,13294.15,13287.75,13293.6,11:10:00,13290.825996597414,0,24
2020-12-07,13295.55,13296.35,13288.9,13289.15,11:15:00,13291.275901683375,0,25
2020-12-07,13293.85,13298.5,13293.85,13295.95,11:20:00,13291.521053904007,0,26
2020-12-07,13301.35,13301.35,13292.9,13293.75,11:25:00,13292.457144008387,0,27
2020-12-07,13292.35,13300.85,13291.05,13300.5,11:30:00,13292.446939817111,0,28
2020-12-07,13286.4,13295.4,13286.4,13291.55,11:35:00,13291.871040786911,0,29
2020-12-07,13291.75,13292.35,13282.35,13286.2,11:40:00,13291.85951309292,0,30
2020-12-07,13294.45,13297.15,13291.3,13291.6,11:45:00,13292.10622613169,0,31
2020-12-07,13294.0,13298.5,13292.9,13293.9,11:50:00,13292.28658554772,0,32
2020-12-07,13293.9,13296.4,13291.4,13294.65,11:55:00,13292.440244066986,0,33
2020-12-07,13293.3,13295.75,13292.0,13292.85,12:00:00,13292.522125584415,0,34
2020-12-07,13318.0,13324.6,13291.7,13292.5,12:05:00,13294.94858981447,0,35
2020-12-07,13322.55,13329.1,13317.2,13317.2,12:10:00,13297.577295546424,0,36
2020-12-07,13325.9,13336.85,13322.45,13322.65,12:15:00,13300.274695970576,0,37
2020-12-07,13328.8,13329.1,13320.0,13325.4,12:20:00,13302.991391592424,0,38
2020-12-07,13326.8,13330.5,13323.05,13328.95,12:25:00,13305.258878107432,0,39
2020-12-07,13319.85,13326.95,13313.55,13326.95,12:30:00,13306.648508763868,0,40
2020-12-07,13329.1,13329.65,13318.7,13319.8,12:35:00,13308.786746024452,0,41
2020-12-07,13330.7,13332.6,13325.3,13328.75,12:40:00,13310.873722593553,0,42
2020-12-07,13331.5,13333.5,13325.85,13330.2,12:45:00,13312.838129965596,0,43
2020-12-07,13331.2,13331.9,13324.5,13331.8,12:50:00,13314.58687949268,0,44
2020-12-07,13336.6,13342.95,13329.35,13330.9,12:55:00,13316.683367160043,0,45
2020-12-07,13331.05,13336.7,13329.6,13336.55,13:00:00,13318.051617906707,0,46
2020-12-07,13333.9,13333.9,13325.0,13331.35,13:05:00,13319.56098762988,0,47
2020-12-07,13332.65,13339.05,13331.3,13333.85,13:10:00,13320.807560236555,0,48
2020-12-07,13335.85,13336.4,13331.45,13332.7,13:15:00,13322.24017354736,0,49
2020-12-07,13344.8,13350.95,13335.5,13336.0,13:20:00,13324.388728447611,0,50
2020-12-07,13351.6,13352.4,13342.05,13344.5,13:25:00,13326.980278119268,0,51
2020-12-07,13329.7,13352.65,13322.2,13351.3,13:30:00,13327.239299250768,0,52
2020-12-07,13322.1,13330.05,13315.6,13329.4,13:35:00,13326.749842179264,0,53
2020-12-07,13311.1,13330.15,13306.65,13322.6,13:40:00,13325.259381019336,0,54
2020-12-07,13324.7,13331.1,13306.2,13311.85,13:45:00,13325.206106636542,0,55
2020-12-07,13326.55,13330.2,13315.6,13325.95,13:50:00,13325.33409648068,0,56
2020-12-07,13313.65,13329.45,13311.5,13327.5,13:55:00,13324.221325387283,0,57
2020-12-07,13298.6,13314.85,13292.0,13314.4,14:00:00,13321.781199159925,0,58
2020-12-07,13307.6,13313.2,13296.95,13298.4,14:05:00,13320.43060876374,0,59
2020-12-07,13313.4,13318.95,13305.55,13307.15,14:10:00,13319.761026976716,0,60
2020-12-07,13311.65,13312.6,13305.5,13310.9,14:15:00,13318.98854821703,0,61
2020-12-07,13317.35,13319.3,13309.0,13311.75,14:20:00,13318.832496005884,0,62
2020-12-07,13327.65,13332.2,13314.85,13317.4,14:25:00,13319.67225829104,0,63
2020-12-07,13326.7,13328.6,13321.35,13327.7,14:30:00,13320.341567025229,0,64
2020-12-07,13319.35,13327.05,13313.25,13325.75,14:35:00,13320.247132070444,0,65
2020-12-07,13322.0,13329.4,13319.1,13319.25,14:40:00,13320.414071873258,0,66
2020-12-07,13337.65,13338.9,13321.4,13323.05,14:45:00,13322.05558883771,0,67
2020-12-07,13342.75,13342.85,13331.95,13337.5,14:50:00,13324.02648513888,0,68
2020-12-07,13344.8,13352.45,13339.4,13342.0,14:55:00,13326.004915125652,0,69
2020-12-07,13351.5,13360.45,13343.9,13343.9,15:00:00,13328.43301844702,0,70
2020-12-07,13360.85,13366.65,13351.15,13351.15,15:05:00,13331.520350023497,0,71
2020-12-07,13358.25,13364.45,13351.8,13360.9,15:10:00,13334.06603097364,0,72
2020-12-07,13353.9,13358.7,13350.15,13358.05,15:15:00,13335.95498040472,0,73
2020-12-07,13353.35,13360.05,13347.95,13352.35,15:20:00,13337.611648937604,0,74
2020-12-07,13354.6,13356.1,13351.35,13352.8,15:25:00,13339.229587134025,0,75
2020-12-08,13385.35,13394.55,13363.15,13394.3,09:15:00,13343.622007406972,1,1
2020-12-08,13394.6,13400.35,13372.05,13384.95,09:20:00,13348.477054320594,1,2
2020-12-08,13393.4,13396.8,13387.3,13394.35,09:25:00,13352.755430099583,1,3
2020-12-08,13397.05,13402.7,13384.1,13392.65,09:30:00,13356.973960566287,1,4
2020-12-08,13407.35,13410.85,13385.7,13398.8,09:35:00,13361.771678607594,1,5
2020-12-08,13417.55,13420.45,13407.65,13407.65,09:40:00,13367.083899692583,1,6
2020-12-08,13414.35,13426.25,13414.35,13417.05,09:45:00,13371.585433055196,1,7
2020-12-08,13424.3,13428.2,13414.5,13414.5,09:50:00,13376.60586800232,1,8
2020-12-08,13432.5,13433.65,13419.55,13423.9,09:55:00,13381.929118668764,1,9
2020-12-08,13429.5,13435.35,13423.8,13432.55,10:00:00,13386.459678795549,1,10
2020-12-08,13421.5,13432.4,13420.35,13429.45,10:05:00,13389.796852243591,1,11
2020-12-08,13422.75,13423.65,13412.7,13421.15,10:10:00,13392.935247268011,1,12
2020-12-08,13434.1,13434.1,13421.4,13423.35,10:15:00,13396.855699909152,1,13
2020-12-08,13430.2,13435.45,13426.55,13434.05,10:20:00,13400.031347536851,1,14
2020-12-08,13427.1,13434.2,13426.85,13429.2,10:25:00,13402.609314438105,1,15
2020-12-08,13419.0,13428.75,13415.15,13427.25,10:30:00,13404.170332110669,1,16
2020-12-08,13414.4,13419.4,13408.3,13418.6,10:35:00,13405.144586195363,1,17
2020-12-08,13405.75,13415.2,13403.8,13414.75,10:40:00,13405.20224465295,1,18
2020-12-08,13410.55,13414.75,13405.55,13405.8,10:45:00,13405.711554686004,1,19
2020-12-08,13403.25,13412.0,13403.2,13409.55,10:50:00,13405.477120906386,1,20
2020-12-08,13397.45,13408.3,13396.15,13403.6,10:55:00,13404.712633201016,1,21
2020-12-08,13377.9,13399.35,13377.1,13396.8,11:00:00,13402.159049086637,1,22
2020-12-08,13361.6,13381.7,13360.35,13376.4,11:05:00,13398.296282506955,1,23
2020-12-08,13380.2,13380.25,13348.65,13360.9,11:10:00,13396.572827030102,1,24
2020-12-08,13373.8,13385.55,13368.9,13379.85,11:15:00,13394.403986360569,1,25
2020-12-08,13351.65,13378.85,13346.75,13375.05,11:20:00,13390.332178135754,1,26
2020-12-08,13329.85,13351.9,13329.05,13351.75,11:25:00,13384.571970694253,1,27
2020-12-08,13349.75,13351.6,13311.05,13328.05,11:30:00,13381.255592532894,1,28
2020-12-08,13350.2,13350.9,13340.3,13349.55,11:35:00,13378.297917053573,1,29
2020-12-08,13350.35,13362.95,13342.8,13350.95,11:40:00,13375.63621066752,1,30
2020-12-08,13363.85,13364.3,13349.8,13350.3,11:45:00,13374.51371441347,1,31
2020-12-08,13371.95,13372.25,13362.05,13362.7,11:50:00,13374.269551135996,1,32
2020-12-08,13351.25,13374.65,13349.05,13372.6,11:55:00,13372.077212932569,1,33
2020-12-08,13358.35,13359.55,13350.75,13350.9,12:00:00,13370.769859319942,1,34
2020-12-08,13346.45,13357.9,13336.95,13357.85,12:05:00,13368.453682241852,1,35
2020-12-08,13344.95,13354.2,13342.15,13346.5,12:10:00,13366.215236314058,1,36
2020-12-08,13330.1,13345.4,13327.85,13344.15,12:15:00,13362.775689998432,1,37
2020-12-08,13353.3,13357.75,13329.05,13329.5,12:20:00,13361.873243331916,1,38
2020-12-08,13369.15,13371.15,13352.95,13352.95,12:25:00,13362.566267776494,1,39
2020-12-08,13378.4,13386.05,13364.6,13368.85,12:30:00,13364.074242273971,1,40
2020-12-08,13373.2,13383.7,13364.35,13378.0,12:35:00,13364.943362057402,1,41
2020-12-08,13379.75,13380.3,13366.2,13373.05,12:40:00,13366.353518051936,1,42
2020-12-08,13377.7,13382.4,13373.3,13379.6,12:45:00,13367.43413538032,1,43
2020-12-08,13384.55,13385.7,13374.1,13378.1,12:50:00,13369.064217725054,1,44
2020-12-08,13388.4,13392.45,13382.3,13384.3,12:55:00,13370.90572079886,1,45
2020-12-08,13382.7,13396.35,13381.55,13388.75,13:00:00,13372.02898548468,1,46
2020-12-08,13361.25,13384.1,13360.15,13382.1,13:05:00,13371.00241543852,1,47
2020-12-08,13380.5,13381.0,13359.3,13361.55,13:10:00,13371.90694730152,1,48
2020-12-08,13382.15,13387.2,13379.4,13379.85,13:15:00,13372.882476129946,1,49
2020-12-08,13391.85,13392.75,13382.8,13382.8,13:20:00,13374.688906974712,1,50
2020-12-08,13381.5,13392.05,13381.5,13391.0,13:25:00,13375.33758250093,1,51
2020-12-08,13393.0,13394.1,13371.55,13382.55,13:30:00,13377.019717500842,1,52
2020-12-08,13393.95,13403.7,13389.05,13393.05,13:35:00,13378.632125357904,1,53
2020-12-08,13398.65,13398.75,13389.15,13393.85,13:40:00,13380.538589609532,1,54
2020-12-08,13397.45,13401.95,13393.8,13399.3,13:45:00,13382.14920012291,1,55
2020-12-08,13394.75,13398.7,13391.3,13398.15,13:50:00,13383.34927630168,1,56
2020-12-08,13408.75,13411.9,13394.7,13394.7,13:55:00,13385.768392844377,1,57
2020-12-08,13404.35,13410.6,13401.65,13409.3,14:00:00,13387.538069716342,1,58
2020-12-08,13396.85,13405.4,13393.45,13404.75,14:05:00,13388.424920219548,1,59
2020-12-08,13397.05,13398.3,13383.7,13396.0,14:10:00,13389.246356389114,1,60
2020-12-08,13408.7,13408.85,13396.05,13397.25,14:15:00,13391.099084352056,1,61
2020-12-08,13418.85,13419.6,13408.7,13408.75,14:20:00,13393.74202869948,1,62
2020-12-08,13419.95,13422.6,13413.7,13418.65,14:25:00,13396.238025966197,1,63
2020-12-08,13416.2,13430.75,13415.75,13420.65,14:30:00,13398.13916635037,1,64
2020-12-08,13413.1,13418.5,13408.35,13415.95,14:35:00,13399.564007650331,1,65
2020-12-08,13413.25,13419.0,13411.75,13413.3,14:40:00,13400.86743549316,1,66
2020-12-08,13404.65,13420.25,13404.55,13413.45,14:45:00,13401.227679731906,1,67
2020-12-08,13409.6,13414.0,13404.25,13404.25,14:50:00,13402.025043566964,1,68
2020-12-08,13399.0,13410.05,13394.3,13409.1,14:55:00,13401.736944179636,1,69
2020-12-08,13410.65,13411.9,13398.45,13398.6,15:00:00,13402.585806638715,1,70
2020-12-08,13393.95,13419.75,13393.2,13410.6,15:05:00,13401.763348863602,1,71
2020-12-08,13388.5,13401.5,13386.7,13393.65,15:10:00,13400.500172781354,1,72
2020-12-08,13389.0,13390.95,13381.8,13389.6,15:15:00,13399.404918230748,1,73
2020-12-08,13384.3,13397.25,13375.95,13390.3,15:20:00,13397.966354589724,1,74
2020-12-08,13387.75,13390.6,13381.45,13384.45,15:25:00,13396.99336843832,1,75
2020-12-09,13470.5,13475.05,13449.6,13460.9,09:15:00,13403.994000015624,2,1
2020-12-09,13467.15,13474.15,13456.5,13470.55,09:20:00,13410.008857156994,2,2
2020-12-09,13465.75,13475.4,13465.4,13467.4,09:25:00,13415.317537427758,2,3
2020-12-09,13477.85,13479.5,13464.65,13464.65,09:30:00,13421.273010053686,2,4
2020-12-09,13475.35,13479.0,13463.0,13477.7,09:35:00,13426.423199572384,2,5
2020-12-09,13476.4,13478.95,13466.9,13472.95,09:40:00,13431.182894851205,2,6
2020-12-09,13478.05,13483.9,13472.75,13475.9,09:45:00,13435.6464286749,2,7
2020-12-09,13473.75,13479.25,13470.95,13478.25,09:50:00,13439.275340229671,2,8
2020-12-09,13476.45,13479.05,13471.85,13472.35,09:55:00,13442.815784017324,2,9
2020-12-09,13473.1,13479.4,13469.45,13477.05,10:00:00,13445.69999506329,2,10
2020-12-09,13464.4,13475.35,13464.3,13472.4,10:05:00,13447.480947914406,2,11
2020-12-09,13480.7,13481.5,13464.05,13464.1,10:10:00,13450.644667160654,2,12
2020-12-09,13488.8,13492.6,13481.2,13481.2,10:15:00,13454.278508383448,2,13
2020-12-09,13487.9,13494.85,13485.9,13488.7,10:20:00,13457.48055520407,2,14
2020-12-09,13476.6,13488.55,13474.9,13488.55,10:25:00,13459.301454708446,2,15
2020-12-09,13480.8,13484.6,13475.65,13477.4,10:30:00,13461.348935212403,2,16
2020-12-09,13483.5,13487.05,13480.0,13480.45,10:35:00,13463.45856043027,2,17
2020-12-09,13477.05,13485.5,13475.6,13483.75,10:40:00,13464.752983246435,2,18
2020-12-09,13477.65,13482.25,13475.55,13476.05,10:45:00,13465.9812705563,2,19
2020-12-09,13482.75,13483.35,13474.75,13477.6,10:50:00,13467.57829240808,2,20
2020-12-09,13478.4,13483.15,13476.15,13483.15,10:55:00,13468.60893122636,2,21
2020-12-09,13477.15,13479.55,13464.95,13479.2,11:00:00,13469.42236634766,2,22
2020-12-09,13488.55,13489.25,13476.8,13476.8,11:05:00,13471.24404574312,2,23
2020-12-09,13488.45,13488.9,13484.1,13488.35,11:10:00,13472.8827080533,2,24
2020-12-09,13483.8,13491.1,13482.6,13488.5,11:15:00,13473.92245014346,2,25
2020-12-09,13483.5,13487.75,13482.3,13483.1,11:20:00,13474.834597748844,2,26
2020-12-09,13482.35,13487.9,13480.75,13483.4,11:25:00,13475.550350344192,2,27
2020-12-09,13483.8,13484.9,13481.2,13481.5,11:30:00,13476.336031263792,2,28
2020-12-09,13495.6,13496.5,13481.6,13483.6,11:35:00,13478.170694952954,2,29
2020-12-09,13490.3,13496.8,13487.8,13496.8,11:40:00,13479.325866862197,2,30
2020-12-09,13494.15,13498.75,13489.45,13490.45,11:45:00,13480.737689065796,2,31
2020-12-09,13495.1,13501.15,13490.15,13493.35,11:50:00,13482.105528202386,2,32
2020-12-09,13490.8,13496.8,13489.1,13495.6,11:55:00,13482.933573135491,2,33
2020-12-09,13490.85,13493.95,13488.45,13490.45,12:00:00,13483.687518551162,2,34
2020-12-09,13481.45,13492.55,13479.05,13491.35,12:05:00,13483.47442154629,2,35
2020-12-09,13482.7,13488.3,13480.2,13482.2,12:10:00,13483.40066711331,2,36
2020-12-09,13479.2,13485.35,13476.65,13482.6,12:15:00,13483.00060357871,2,37
2020-12-09,13480.15,13484.15,13475.0,13478.45,12:20:00,13482.729117523597,2,38
2020-12-09,13475.75,13485.05,13475.75,13479.9,12:25:00,13482.064439664206,2,39
2020-12-09,13478.1,13482.8,13475.55,13475.9,12:30:00,13481.6868739819,2,40
2020-12-09,13469.3,13479.45,13466.6,13477.8,12:35:00,13480.50717169791,2,41
2020-12-09,13469.25,13475.8,13465.15,13469.35,12:40:00,13479.435060107631,2,42
2020-12-09,13482.6,13483.7,13469.15,13469.15,12:45:00,13479.736482954522,2,43
2020-12-09,13478.6,13483.35,13476.7,13483.0,12:50:00,13479.628246482662,2,44
2020-12-09,13479.4,13480.45,13472.0,13478.45,12:55:00,13479.606508722409,2,45
2020-12-09,13489.45,13491.2,13479.05,13479.05,13:00:00,13480.54398408218,2,46
2020-12-09,13489.9,13492.6,13485.95,13490.35,13:05:00,13481.43503321721,2,47
2020-12-09,13491.1,13495.05,13486.55,13492.2,13:10:00,13482.355506244145,2,48
2020-12-09,13491.85,13499.85,13490.65,13490.65,13:15:00,13483.2597437447,2,49
2020-12-09,13498.4,13498.75,13488.8,13491.7,13:20:00,13484.701672911871,2,50
2020-12-09,13508.0,13510.7,13498.0,13499.0,13:25:00,13486.92056120598,2,51
2020-12-09,13510.5,13517.25,13506.7,13507.45,13:30:00,13489.166222043506,2,52
2020-12-09,13504.85,13512.45,13503.45,13509.75,13:35:00,13490.65991518222,2,53
2020-12-09,13511.3,13514.55,13501.35,13505.15,13:40:00,13492.625637545816,2,54
2020-12-09,13513.8,13514.1,13507.8,13511.55,13:45:00,13494.642243493834,2,55
2020-12-09,13513.9,13515.55,13508.05,13513.55,13:50:00,13496.47631554204,2,56
2020-12-09,13520.3,13526.05,13513.1,13513.95,13:55:00,13498.74523787137,2,57
2020-12-09,13523.6,13528.45,13517.55,13520.55,14:00:00,13501.112358074097,2,58
2020-12-09,13531.05,13538.1,13521.45,13523.2,14:05:00,13503.96356206704,2,59
2020-12-09,13542.05,13543.4,13530.25,13530.95,14:10:00,13507.59084187018,2,60
2020-12-09,13542.9,13548.9,13534.9,13542.1,14:15:00,13510.953618834925,2,61
2020-12-09,13538.35,13544.75,13535.1,13542.5,14:20:00,13513.562797993503,2,62
2020-12-09,13525.2,13541.0,13525.2,13538.3,14:25:00,13514.671102946504,2,63
2020-12-09,13525.85,13529.2,13521.8,13525.75,14:30:00,13515.735759808742,2,64
2020-12-09,13540.85,13543.2,13526.45,13526.45,14:35:00,13518.12759220791,2,65
2020-12-09,13527.35,13541.4,13526.3,13541.05,14:40:00,13519.005916759535,2,66
2020-12-09,13535.1,13537.2,13526.75,13528.1,14:45:00,13520.53868659196,2,67
2020-12-09,13516.35,13534.6,13511.6,13534.6,14:50:00,13520.139764059391,2,68
2020-12-09,13513.6,13522.5,13513.2,13516.65,14:55:00,13519.516929387068,2,69
2020-12-09,13528.35,13531.4,13509.65,13514.65,15:00:00,13520.358174207346,2,70
2020-12-09,13529.55,13531.55,13524.4,13528.75,15:05:00,13521.233586187598,2,71
2020-12-09,13532.7,13536.7,13525.95,13529.75,15:10:00,13522.325625598303,2,72
2020-12-09,13530.05,13533.6,13527.1,13532.65,15:15:00,13523.061280303227,2,73
2020-12-09,13527.2,13541.45,13525.1,13530.3,15:20:00,13523.455444083873,2,74
2020-12-09,13531.55,13534.15,13525.85,13528.75,15:25:00,13524.226354171122,2,75
2020-12-10,13479.4,13479.75,13455.85,13475.4,09:15:00,13519.957177583396,3,1
2020-12-10,13473.55,13483.4,13470.8,13476.95,09:20:00,13515.537446384977,3,2
2020-12-10,13461.15,13482.2,13461.05,13472.8,09:25:00,13510.357689586408,3,3
2020-12-10,13449.75,13459.4,13443.0,13459.4,09:30:00,13504.585528673417,3,4
2020-12-10,13432.15,13454.2,13431.45,13449.45,09:35:00,13497.686906894996,3,5
2020-12-10,13426.2,13435.65,13417.95,13432.05,09:40:00,13490.878630047851,3,6
2020-12-10,13414.1,13427.0,13412.3,13426.35,09:45:00,13483.566379567104,3,7
2020-12-10,13416.6,13422.6,13410.75,13415.05,09:50:00,13477.188629132144,3,8
2020-12-10,13427.9,13429.15,13407.9,13416.5,09:55:00,13472.494473976702,3,9
2020-12-10,13411.5,13428.2,13411.2,13428.2,10:00:00,13466.68547645511,3,10
2020-12-10,13409.4,13411.9,13399.3,13411.05,10:05:00,13461.22971679272,3,11
2020-12-10,13415.75,13416.95,13406.4,13409.0,10:10:00,13456.898315193412,3,12
2020-12-10,13432.15,13433.85,13408.25,13416.05,10:15:00,13454.54133279404,3,13
2020-12-10,13436.15,13440.4,13428.75,13433.1,10:20:00,13452.789777289843,3,14
2020-12-10,13422.35,13436.6,13418.25,13435.75,10:25:00,13449.890750881288,3,15
2020-12-10,13417.1,13422.75,13415.8,13422.75,10:30:00,13446.767822225927,3,16
2020-12-10,13432.05,13433.95,13417.25,13417.3,10:35:00,13445.366124871078,3,17
2020-12-10,13439.5,13441.95,13425.05,13431.15,10:40:00,13444.807446311928,3,18
2020-12-10,13442.6,13444.3,13435.55,13439.4,10:45:00,13444.59721332984,3,19
2020-12-10,13438.75,13442.95,13431.75,13442.95,10:50:00,13444.040335869857,3,20
2020-12-10,13444.3,13447.65,13437.55,13439.05,10:55:00,13444.065065787012,3,21
2020-12-10,13456.3,13458.0,13443.4,13444.2,11:00:00,13445.23029761682,3,22
2020-12-10,13451.9,13458.65,13449.05,13457.1,11:05:00,13445.865507367598,3,23
2020-12-10,13451.8,13454.5,13443.1,13451.0,11:10:00,13446.430697142112,3,24
2020-12-10,13432.75,13454.2,13432.0,13451.85,11:15:00,13445.127773604769,3,25
2020-12-10,13429.2,13433.2,13424.2,13433.2,11:20:00,13443.610842785263,3,26
2020-12-10,13425.55,13434.25,13425.1,13428.15,11:25:00,13441.890762520005,3,27
2020-12-10,13426.4,13431.55,13423.05,13425.75,11:30:00,13440.415451803812,3,28
2020-12-10,13430.45,13432.95,13425.4,13426.35,11:35:00,13439.46636115583,3,29
2020-12-10,13423.3,13430.65,13417.55,13430.4,11:40:00,13437.926707712417,3,30
2020-12-10,13424.7,13425.55,13419.3,13423.1,11:45:00,13436.667021263616,3,31
2020-12-10,13416.45,13426.7,13412.75,13424.75,11:50:00,13434.74159066708,3,32
2020-12-10,13420.35,13420.35,13403.45,13416.3,11:55:00,13433.3709629845,3,33
2020-12-10,13422.6,13423.5,13416.2,13420.05,12:00:00,13432.345156985975,3,34
2020-12-10,13426.6,13430.6,13422.15,13422.15,12:05:00,13431.79799917779,3,35
2020-12-10,13418.6,13428.4,13418.35,13426.2,12:10:00,13430.541046875143,3,36
2020-12-10,13416.4,13419.2,13413.5,13418.15,12:15:00,13429.194280506084,3,37
2020-12-10,13423.05,13424.85,13413.95,13415.9,12:20:00,13428.609110934074,3,38
2020-12-10,13424.7,13429.45,13421.0,13422.4,12:25:00,13428.236814654638,3,39
2020-12-10,13418.95,13425.45,13412.6,13425.15,12:30:00,13427.352356116102,3,40
2020-12-10,13427.85,13429.85,13418.35,13419.25,12:35:00,13427.399750771712,3,41
2020-12-10,13427.6,13428.35,13423.9,13426.9,12:40:00,13427.418822126789,3,42
2020-12-10,13434.4,13436.4,13420.75,13427.45,12:45:00,13428.083696209953,3,43
2020-12-10,13435.0,13436.9,13430.15,13434.5,12:50:00,13428.742391809004,3,44
2020-12-10,13433.9,13438.1,13430.05,13435.5,12:55:00,13429.233592589097,3,45
2020-12-10,13442.05,13444.45,13433.15,13433.75,13:00:00,13430.454202818706,3,46
2020-12-10,13430.05,13442.35,13426.15,13442.35,13:05:00,13430.415707312162,3,47
2020-12-10,13434.9,13439.3,13429.9,13430.15,13:10:00,13430.84278280624,3,48
2020-12-10,13434.6,13440.95,13432.9,13435.05,13:15:00,13431.200613015171,3,49
2020-12-10,13445.35,13445.65,13434.4,13434.95,13:20:00,13432.548173680392,3,50
2020-12-10,13445.15,13445.6,13440.35,13445.0,13:25:00,13433.748347615594,3,51
2020-12-10,13410.3,13445.75,13410.3,13445.75,13:30:00,13431.515171652203,3,52
2020-12-10,13417.65,13419.1,13406.95,13409.9,13:35:00,13430.194679113898,3,53
2020-12-10,13423.65,13424.8,13410.4,13417.15,13:40:00,13429.571376341144,3,54
2020-12-10,13417.75,13428.1,13416.8,13423.6,13:45:00,13428.44553097532,3,55
2020-12-10,13427.65,13428.25,13415.55,13417.7,13:50:00,13428.36976612053,3,56
2020-12-10,13423.45,13427.95,13418.5,13427.0,13:55:00,13427.901216966193,3,57
2020-12-10,13441.05,13441.05,13423.55,13423.55,14:00:00,13429.153482017033,3,58
2020-12-10,13425.8,13441.8,13425.55,13440.75,14:05:00,13428.834102777317,3,59
2020-12-10,13416.9,13425.7,13415.25,13425.7,14:10:00,13427.697521560429,3,60
2020-12-10,13419.8,13420.3,13409.05,13416.85,14:15:00,13426.94537664991,3,61
2020-12-10,13430.65,13430.9,13419.5,13420.3,14:20:00,13427.298197921347,3,62
2020-12-10,13450.65,13451.55,13430.0,13430.55,14:25:00,13429.522179071697,3,63
2020-12-10,13454.45,13461.0,13445.35,13450.4,14:30:00,13431.896257255345,3,64
2020-12-10,13472.9,13472.9,13453.45,13454.35,14:35:00,13435.801375611976,3,65
2020-12-10,13480.9,13485.25,13472.45,13472.45,14:40:00,13440.09648269655,3,66
2020-12-10,13496.7,13497.05,13472.5,13480.7,14:45:00,13445.487293868307,3,67
2020-12-10,13486.45,13503.55,13482.35,13496.25,14:50:00,13449.388503976086,3,68
2020-12-10,13485.7,13488.6,13476.6,13486.75,14:55:00,13452.84674169265,3,69
2020-12-10,13481.75,13491.75,13479.15,13483.65,15:00:00,13455.599432960018,3,70
2020-12-10,13476.9,13485.0,13473.95,13480.1,15:05:00,13457.628058392396,3,71
2020-12-10,13471.25,13478.5,13468.0,13476.05,15:10:00,13458.92538616455,3,72
2020-12-10,13483.45,13485.15,13470.8,13471.15,15:15:00,13461.261063672688,3,73
2020-12-10,13478.85,13486.45,13474.8,13483.15,15:20:00,13462.936200465763,3,74
2020-12-10,13481.6,13481.6,13475.3,13478.55,15:25:00,13464.713705183312,3,75
2020-12-11,13538.75,13547.0,13505.15,13514.4,09:15:00,13471.76478088014,4,1
2020-12-11,13541.85,13547.05,13534.0,13538.9,09:20:00,13478.43956365346,4,2
2020-12-11,13538.85,13546.4,13534.95,13543.25,09:25:00,13484.192938543609,4,3
2020-12-11,13551.6,13553.8,13538.15,13538.15,09:30:00,13490.61265868231,4,4
2020-12-11,13560.2,13561.4,13544.75,13551.5,09:35:00,13497.24002452209,4,5
2020-12-11,13548.2,13562.0,13546.1,13560.75,09:40:00,13502.093355519986,4,6
2020-12-11,13545.6,13551.9,13543.0,13548.0,09:45:00,13506.236845470465,4,7
2020-12-11,13547.8,13555.05,13541.05,13545.4,09:50:00,13510.195241139942,4,8
2020-12-11,13550.05,13551.4,13543.75,13548.2,09:55:00,13513.990932459948,4,9
2020-12-11,13548.25,13556.3,13541.5,13550.85,10:00:00,13517.253700797091,4,10
2020-12-11,13558.7,13559.4,13547.25,13547.25,10:05:00,13521.200967387846,4,11
2020-12-11,13556.6,13563.65,13554.35,13559.1,10:10:00,13524.5723038271,4,12
2020-12-11,13565.9,13567.0,13552.15,13556.45,10:15:00,13528.508274891185,4,13
2020-12-11,13565.3,13571.9,13564.25,13566.45,10:20:00,13532.012248711071,4,14
2020-12-11,13573.2,13574.3,13564.75,13565.45,10:25:00,13535.93489169097,4,15
2020-12-11,13570.5,13574.45,13566.7,13572.6,10:30:00,13539.22680676802,4,16
2020-12-11,13569.8,13579.35,13569.7,13570.3,10:35:00,13542.13853945678,4,17
2020-12-11,13558.3,13569.1,13557.6,13568.25,10:40:00,13543.677726175183,4,18
2020-12-11,13557.3,13562.9,13552.25,13558.4,10:45:00,13544.97508558707,4,19
2020-12-11,13561.95,13566.55,13557.15,13557.4,10:50:00,13546.591744102589,4,20
2020-12-11,13561.9,13564.65,13554.75,13560.8,10:55:00,13548.049673235671,4,21
2020-12-11,13564.05,13565.8,13559.0,13562.65,11:00:00,13549.573513879894,4,22
2020-12-11,13552.5,13569.15,13551.95,13563.8,11:05:00,13549.852226843714,4,23
2020-12-11,13553.25,13554.55,13547.7,13551.7,11:10:00,13550.17582428717,4,24
2020-12-11,13551.2,13558.3,13547.55,13551.5,11:15:00,13550.27336483125,4,25
2020-12-11,13549.8,13552.6,13543.65,13551.35,11:20:00,13550.228282466367,4,26
2020-12-11,13541.05,13553.3,13537.9,13550.35,11:25:00,13549.354160326717,4,27
2020-12-11,13540.45,13541.95,13529.95,13541.5,11:30:00,13548.506145057505,4,28
2020-12-11,13533.8,13540.9,13528.7,13540.15,11:35:00,13547.105559813932,4,29
2020-12-11,13538.65,13539.55,13524.5,13533.45,11:40:00,13546.300268403082,4,30
2020-12-11,13534.35,13538.25,13530.2,13537.75,11:45:00,13545.162147602789,4,31
2020-12-11,13546.75,13550.55,13533.7,13534.45,11:50:00,13545.313371640616,4,32
2020-12-11,13544.3,13547.05,13538.7,13545.85,11:55:00,13545.216860055796,4,33
2020-12-11,13539.5,13552.1,13535.65,13543.6,12:00:00,13544.67239719334,4,34
2020-12-11,13543.2,13544.75,13537.3,13538.5,12:05:00,13544.532168889216,4,35
2020-12-11,13547.0,13547.9,13542.2,13543.25,12:10:00,13544.767200423576,4,36
2020-12-11,13548.55,13554.65,13546.25,13547.2,12:15:00,13545.127467049902,4,37
2020-12-11,13549.75,13552.55,13545.4,13548.6,12:20:00,13545.567708283246,4,38
2020-12-11,13556.3,13556.3,13547.6,13549.85,12:25:00,13546.589831303889,4,39
2020-12-11,13563.0,13566.55,13554.1,13556.25,12:30:00,13548.152704513042,4,40
2020-12-11,13558.5,13563.3,13555.7,13563.05,12:35:00,13549.138161226085,4,41
2020-12-11,13562.65,13566.2,13558.6,13558.6,12:40:00,13550.425003014076,4,42
2020-12-11,13563.95,13566.9,13557.15,13562.9,12:45:00,13551.713097965116,4,43
2020-12-11,13558.25,13565.85,13556.0,13564.1,12:50:00,13552.335660063676,4,44
2020-12-11,13559.1,13563.1,13555.8,13558.0,12:55:00,13552.979882914757,4,45
2020-12-11,13552.6,13558.8,13549.8,13558.8,13:00:00,13552.94370358954,4,46
2020-12-11,13546.05,13557.65,13545.8,13552.4,13:05:00,13552.287160390537,4,47
2020-12-11,13547.4,13550.0,13543.0,13546.45,13:10:00,13551.82171654382,4,48
2020-12-11,13546.4,13552.2,13542.05,13547.95,13:15:00,13551.305362587264,4,49
2020-12-11,13543.95,13548.5,13542.9,13546.7,13:20:00,13550.604851864668,4,50
2020-12-11,13526.25,13547.85,13524.55,13543.05,13:25:00,13548.285342163272,4,51
2020-12-11,13528.8,13530.85,13515.3,13525.5,13:30:00,13546.42959529058,4,52
2020-12-11,13536.25,13538.85,13525.25,13529.2,13:35:00,13545.46011002481,4,53
2020-12-11,13532.25,13536.25,13526.85,13535.7,13:40:00,13544.20200430816,4,54
2020-12-11,13526.15,13536.55,13526.15,13532.75,13:45:00,13542.482765802622,4,55
2020-12-11,13521.35,13526.8,13517.1,13526.8,13:50:00,13540.470121440469,4,56
2020-12-11,13496.55,13525.45,13491.8,13521.5,13:55:00,13536.287252731852,4,57
2020-12-11,13460.2,13496.8,13452.2,13496.8,14:00:00,13529.04084770977,4,58
2020-12-11,13475.2,13486.1,13459.55,13461.0,14:05:00,13523.913147927888,4,59
2020-12-11,13446.75,13475.55,13445.65,13473.5,14:10:00,13516.56427669666,4,60
2020-12-11,13419.9,13446.5,13409.0,13446.5,14:15:00,13507.358155106502,4,61
2020-12-11,13434.65,13437.45,13402.85,13419.7,14:20:00,13500.433568905884,4,62
2020-12-11,13440.15,13452.25,13426.6,13434.75,14:25:00,13494.692276629132,4,63
2020-12-11,13462.7,13466.3,13439.6,13441.0,14:30:00,13491.645393140643,4,64
2020-12-11,13465.55,13481.25,13454.1,13462.85,14:35:00,13489.160117603438,4,65
2020-12-11,13463.75,13477.4,13463.05,13466.55,14:40:00,13486.740106403113,4,66
2020-12-11,13479.55,13481.0,13454.7,13464.25,14:45:00,13486.05533436472,4,67
2020-12-11,13475.5,13496.8,13472.5,13480.2,14:50:00,13485.050064425222,4,68
2020-12-11,13482.95,13487.15,13474.8,13475.45,14:55:00,13484.850058289489,4,69
2020-12-11,13500.2,13507.9,13480.35,13480.35,15:00:00,13486.311957500013,4,70
2020-12-11,13505.85,13510.8,13496.35,13500.75,15:05:00,13488.172723452391,4,71
2020-12-11,13518.05,13518.05,13505.7,13505.7,15:10:00,13491.018178361686,4,72
2020-12-11,13517.3,13528.2,13516.95,13517.3,15:15:00,13493.521208993909,4,73
2020-12-11,13516.0,13524.8,13505.2,13517.2,15:20:00,13495.662046232585,4,74
2020-12-11,13504.25,13520.85,13503.65,13515.35,15:25:00,13496.479946591384,4,75
2020-12-14,13582.8,13588.4,13563.3,13571.95,09:15:00,13504.700904058873,0,1
2020-12-14,13582.5,13597.5,13581.85,13585.05,09:20:00,13512.110341767551,0,2
2020-12-14,13578.05,13587.2,13567.7,13583.15,09:25:00,13518.39030921826,0,3
2020-12-14,13565.9,13578.65,13557.55,13576.55,09:30:00,13522.915041673665,0,4
2020-12-14,13573.65,13577.5,13556.4,13565.7,09:35:00,13527.746942466649,0,5
2020-12-14,13571.75,13578.6,13565.1,13573.05,09:40:00,13531.937709850778,0,6
2020-12-14,13562.15,13576.0,13555.3,13571.65,09:45:00,13534.81507081737,0,7
2020-12-14,13552.05,13561.4,13549.6,13561.4,09:50:00,13536.456492644287,0,8
2020-12-14,13541.85,13552.2,13541.6,13552.15,09:55:00,13536.9701600115,0,9
2020-12-14,13539.7,13551.35,13535.95,13541.0,10:00:00,13537.230144772308,0,10
2020-12-14,13542.4,13550.65,13535.75,13539.8,10:05:00,13537.72251193685,0,11
2020-12-14,13542.8,13544.25,13533.1,13541.8,10:10:00,13538.206082228578,0,12
2020-12-14,13541.8,13551.3,13531.45,13542.5,10:15:00,13538.54836011157,0,13
2020-12-14,13549.1,13551.9,13535.1,13541.45,10:20:00,13539.553278196185,0,14
2020-12-14,13551.05,13551.75,13541.2,13549.0,10:25:00,13540.64820408226,0,15
2020-12-14,13541.85,13551.1,13530.2,13551.0,10:30:00,13540.76266083633,0,16
2020-12-14,13523.55,13542.15,13523.4,13540.8,10:35:00,13539.1233598043,0,17
2020-12-14,13527.7,13531.5,13517.35,13523.05,10:40:00,13538.03542077532,0,18
2020-12-14,13537.9,13540.65,13524.1,13526.5,10:45:00,13538.022523558622,0,19
2020-12-14,13534.0,13537.7,13532.1,13537.3,10:50:00,13537.63942607685,0,20
2020-12-14,13535.95,13537.85,13525.95,13533.3,10:55:00,13537.478528355245,0,21
2020-12-14,13513.8,13535.85,13512.9,13535.8,11:00:00,13535.22343041665,0,22
2020-12-14,13518.45,13522.75,13506.1,13512.45,11:05:00,13533.62596085316,0,23
2020-12-14,13524.7,13526.1,13516.7,13518.2,11:10:00,13532.775869343335,0,24
2020-12-14,13519.35,13527.05,13518.95,13524.3,11:15:00,13531.49721512016,0,25
2020-12-14,13511.2,13519.3,13503.65,13519.3,11:20:00,13529.564147013478,0,26
2020-12-14,13515.45,13517.65,13509.6,13510.95,11:25:00,13528.219942536003,0,27
2020-12-14,13526.2,13527.25,13506.3,13515.3,11:30:00,13528.027567056386,0,28
2020-12-14,13520.2,13530.75,13516.7,13528.6,11:35:00,13527.282084479588,0,29
2020-12-14,13521.2,13524.85,13517.05,13519.95,11:40:00,13526.702838338677,0,30
2020-12-14,13511.0,13522.65,13510.0,13521.5,11:45:00,13525.207329925468,0,31
2020-12-14,13514.7,13515.0,13506.85,13510.15,11:50:00,13524.206631837327,0,32
2020-12-14,13514.2,13520.4,13511.45,13514.5,11:55:00,13523.253619281391,0,33
2020-12-14,13517.25,13520.0,13513.0,13513.4,12:00:00,13522.6818460165,0,34
2020-12-14,13513.3,13518.9,13511.5,13517.05,12:05:00,13521.788336872072,0,35
2020-12-14,13521.45,13524.9,13512.9,13513.1,12:10:00,13521.756114312828,0,36
2020-12-14,13517.75,13525.35,13517.4,13521.9,12:15:00,13521.374579616368,0,37
2020-12-14,13522.1,13522.7,13515.85,13517.0,12:20:00,13521.443667271951,0,38
2020-12-14,13518.75,13523.4,13516.95,13522.95,12:25:00,13521.187127531766,0,39
2020-12-14,13531.15,13535.35,13518.7,13519.05,12:30:00,13522.13597252874,0,40
2020-12-14,13523.4,13532.9,13521.8,13530.8,12:35:00,13522.25635609743,0,41
2020-12-14,13530.9,13530.9,13521.9,13522.85,12:40:00,13523.079560278627,0,42
2020-12-14,13528.4,13531.9,13524.55,13530.15,12:45:00,13523.58626882352,0,43
2020-12-14,13517.85,13530.85,13517.3,13527.9,12:50:00,13523.039957506991,0,44
2020-12-14,13490.5,13517.35,13472.45,13517.35,12:55:00,13519.940913934895,0,45
2020-12-14,13498.2,13498.85,13486.1,13489.65,13:00:00,13517.870350703002,0,46
2020-12-14,13516.1,13525.6,13497.25,13497.25,13:05:00,13517.701745874145,0,47
2020-12-14,13536.4,13538.15,13515.05,13515.05,13:10:00,13519.482531981368,0,48
2020-12-14,13526.4,13542.0,13525.6,13535.15,13:15:00,13520.141338459334,0,49
2020-12-14,13520.15,13526.85,13516.2,13525.75,13:20:00,13520.14216336797,0,50
2020-12-14,13534.85,13537.55,13519.95,13519.95,13:25:00,13521.542909713877,0,51
2020-12-14,13526.9,13534.15,13506.3,13534.15,13:30:00,13522.053108788745,0,52
2020-12-14,13525.5,13530.7,13519.45,13526.55,13:35:00,13522.381384142198,0,53
2020-12-14,13534.5,13537.45,13525.05,13525.7,13:40:00,13523.535538033417,0,54
2020-12-14,13531.4,13541.5,13523.0,13534.3,13:45:00,13524.284534411188,0,55
2020-12-14,13536.05,13537.8,13530.15,13532.2,13:50:00,13525.405054943454,0,56
2020-12-14,13537.65,13540.5,13527.7,13534.1,13:55:00,13526.571240186931,0,57
2020-12-14,13549.05,13551.35,13534.9,13537.75,14:00:00,13528.712074454845,0,58
2020-12-14,13548.25,13551.55,13545.45,13548.85,14:05:00,13530.572829268667,0,59
2020-12-14,13543.45,13554.05,13540.9,13548.7,14:10:00,13531.799226481176,0,60
2020-12-14,13550.15,13552.15,13533.1,13543.05,14:15:00,13533.546919197255,0,61
2020-12-14,13553.2,13560.55,13548.5,13549.25,14:20:00,13535.418641178469,0,62
2020-12-14,13556.9,13557.8,13549.15,13553.3,14:25:00,13537.464484875758,0,63
2020-12-14,13553.45,13560.0,13551.7,13555.9,14:30:00,13538.98691488759,0,64
2020-12-14,13550.45,13556.3,13547.35,13553.75,14:35:00,13540.078637279248,0,65
2020-12-14,13554.15,13557.1,13547.85,13550.4,14:40:00,13541.418767062178,0,66
2020-12-14,13559.3,13560.8,13551.75,13553.6,14:45:00,13543.121741627683,0,67
2020-12-14,13551.35,13560.05,13550.9,13559.2,14:50:00,13543.90538528219,0,68
2020-12-14,13551.15,13557.35,13547.6,13551.4,14:55:00,13544.59534858865,0,69
2020-12-14,13559.15,13561.55,13543.55,13551.35,15:00:00,13545.98150586592,0,70
2020-12-14,13563.35,13567.3,13556.8,13559.45,15:05:00,13547.635648164403,0,71
2020-12-14,13562.25,13565.85,13556.9,13562.5,15:10:00,13549.027491196366,0,72
2020-12-14,13556.45,13563.95,13554.4,13561.55,15:15:00,13549.734396796714,0,73
2020-12-14,13556.05,13563.6,13549.2,13557.1,15:20:00,13550.335882816073,0,74
2020-12-14,13553.45,13558.6,13553.0,13555.95,15:25:00,13550.632465405017,0,75
2020-12-15,13519.15,13548.65,13503.35,13548.65,09:15:00,13547.634135366445,1,1
2020-12-15,13512.95,13530.85,13508.7,13513.95,09:20:00,13544.330884379164,1,2
2020-12-15,13522.25,13526.95,13512.65,13513.45,09:25:00,13542.22794300972,1,3
2020-12-15,13495.25,13522.15,13493.5,13521.9,09:30:00,13537.75385319927,1,4
2020-12-15,13484.2,13498.05,13478.4,13494.8,09:35:00,13532.653486227911,1,5
2020-12-15,13503.4,13504.3,13484.15,13484.55,09:40:00,13529.86743992049,1,6
2020-12-15,13500.9,13511.6,13498.8,13502.85,09:45:00,13527.10863611854,1,7
2020-12-15,13494.35,13500.3,13490.0,13500.3,09:50:00,13523.988766012011,1,8
2020-12-15,13494.3,13496.6,13484.95,13491.15,09:55:00,13521.161264487057,1,9
2020-12-15,13477.0,13502.0,13476.0,13494.2,10:00:00,13516.955429774003,1,10
2020-12-15,13457.85,13478.4,13457.05,13476.25,10:05:00,13511.3263412241,1,11
2020-12-15,13463.45,13467.4,13451.3,13457.25,10:10:00,13506.766689678949,1,12
2020-12-15,13481.75,13481.75,13458.75,13461.2,10:15:00,13504.384147804762,1,13
2020-12-15,13472.25,13484.95,13465.3,13481.3,10:20:00,13501.323752775736,1,14
2020-12-15,13473.45,13476.0,13469.85,13471.85,10:25:00,13498.669109654238,1,15
2020-12-15,13471.3,13477.7,13466.6,13473.5,10:30:00,13496.062527782406,1,16
2020-12-15,13466.8,13471.95,13460.45,13471.15,10:35:00,13493.275620374558,1,17
2020-12-15,13459.95,13467.15,13458.95,13466.65,10:40:00,13490.101751767455,1,18
2020-12-15,13455.95,13461.55,13453.2,13459.45,10:45:00,13486.84920398008,1,19
2020-12-15,13456.75,13460.55,13452.8,13455.6,10:50:00,13483.982613124836,1,20
2020-12-15,13455.55,13458.35,13447.05,13456.95,10:55:00,13481.274745208186,1,21
2020-12-15,13472.15,13475.45,13453.4,13454.25,11:00:00,13480.405721855024,1,22
2020-12-15,13471.45,13480.95,13471.15,13472.4,11:05:00,13479.55279596407,1,23
2020-12-15,13469.8,13474.05,13467.75,13471.6,11:10:00,13478.623958253207,1,24
2020-12-15,13469.9,13476.95,13468.25,13468.75,11:15:00,13477.793105086235,1,25
2020-12-15,13477.65,13478.55,13469.1,13469.1,11:20:00,13477.779476030404,1,26
2020-12-15,13488.3,13491.15,13477.1,13477.1,11:25:00,13478.781430694176,1,27
2020-12-15,13485.8,13488.95,13479.25,13487.65,11:30:00,13479.44986586616,1,28
2020-12-15,13486.8,13488.7,13484.2,13485.7,11:35:00,13480.149878640812,1,29
2020-12-15,13499.95,13500.75,13486.7,13486.7,11:40:00,13482.035604484545,1,30
2020-12-15,13491.45,13503.7,13491.1,13500.55,11:45:00,13482.932213581254,1,31
2020-12-15,13491.45,13493.75,13486.55,13491.25,11:50:00,13483.74343133542,1,32
2020-12-15,13499.7,13500.6,13490.05,13490.5,11:55:00,13485.263104541573,1,33
2020-12-15,13507.1,13507.65,13496.55,13499.65,12:00:00,13487.342808870946,1,34
2020-12-15,13516.7,13518.05,13506.5,13508.6,12:05:00,13490.138731835616,1,35
2020-12-15,13516.65,13519.05,13510.75,13516.6,12:10:00,13492.663614517938,1,36
2020-12-15,13519.35,13525.65,13517.5,13517.7,12:15:00,13495.20517504004,1,37
2020-12-15,13510.2,13520.95,13510.0,13519.2,12:20:00,13496.633253607655,1,38
2020-12-15,13514.95,13516.85,13503.95,13509.65,12:25:00,13498.377705645022,1,39
2020-12-15,13510.65,13518.15,13507.6,13515.7,12:30:00,13499.546495583592,1,40
2020-12-15,13507.75,13514.95,13507.05,13510.25,12:35:00,13500.32778171849,1,41
2020-12-15,13497.9,13509.8,13497.5,13507.2,12:40:00,13500.096564411966,1,42
2020-12-15,13514.9,13516.05,13497.35,13498.35,12:45:00,13501.50641542035,1,43
2020-12-15,13527.9,13531.75,13512.95,13514.5,12:50:00,13504.02009014222,1,44
2020-12-15,13529.5,13534.85,13525.15,13528.0,12:55:00,13506.446748223914,1,45
2020-12-15,13528.65,13530.75,13522.25,13528.6,13:00:00,13508.56134363116,1,46
2020-12-15,13534.9,13540.85,13527.7,13527.7,13:05:00,13511.06978709486,1,47
2020-12-15,13538.05,13539.7,13532.7,13534.1,13:10:00,13513.639331181064,1,48
2020-12-15,13525.7,13546.8,13524.85,13537.7,13:15:00,13514.787966306676,1,49
2020-12-15,13524.0,13533.1,13520.8,13524.8,13:20:00,13515.665302848898,1,50
2020-12-15,13521.55,13527.8,13518.0,13524.3,13:25:00,13516.22575019662,1,51
2020-12-15,13525.2,13526.25,13514.75,13520.45,13:30:00,13517.080440654086,1,52
2020-12-15,13528.05,13528.95,13522.85,13525.75,13:35:00,13518.125160591791,1,53
2020-12-15,13528.75,13533.65,13527.5,13527.7,13:40:00,13519.137050059242,1,54
2020-12-15,13534.15,13535.25,13528.5,13529.7,13:45:00,13520.566854815504,1,55
2020-12-15,13542.8,13543.7,13534.05,13534.55,13:50:00,13522.684297214028,1,56
2020-12-15,13547.4,13555.55,13542.85,13543.05,13:55:00,13525.038173669836,1,57
2020-12-15,13565.5,13574.55,13547.3,13547.75,14:00:00,13528.891680939374,1,58
2020-12-15,13568.3,13571.4,13558.55,13564.95,14:05:00,13532.644854183243,1,59
2020-12-15,13569.45,13576.4,13565.0,13568.1,14:10:00,13536.150106165793,1,60
2020-12-15,13572.05,13576.75,13569.5,13569.85,14:15:00,13539.569143673813,1,61
2020-12-15,13577.9,13589.65,13569.1,13571.8,14:20:00,13543.219701419164,1,62
2020-12-15,13566.2,13578.1,13564.5,13578.1,14:25:00,13545.408301284006,1,63
2020-12-15,13564.8,13573.55,13563.75,13566.1,14:30:00,13547.255129733148,1,64
2020-12-15,13563.3,13564.9,13553.6,13564.15,14:35:00,13548.783212615706,1,65
2020-12-15,13553.85,13568.4,13553.3,13563.2,14:40:00,13549.265763795163,1,66
2020-12-15,13559.75,13562.45,13554.2,13554.85,14:45:00,13550.264262481338,1,67
2020-12-15,13565.5,13568.35,13557.7,13559.35,14:50:00,13551.715285102164,1,68
2020-12-15,13556.55,13565.55,13553.95,13565.1,14:55:00,13552.175734140052,1,69
2020-12-15,13568.95,13570.55,13556.4,13556.4,15:00:00,13553.773283269573,1,70
2020-12-15,13572.7,13577.75,13568.05,13568.05,15:05:00,13555.575827720088,1,71
2020-12-15,13571.75,13576.4,13566.75,13572.75,15:10:00,13557.11622508008,1,72
2020-12-15,13566.35,13572.1,13560.0,13572.1,15:15:00,13557.995632215308,1,73
2020-12-15,13566.3,13579.6,13559.55,13565.55,15:20:00,13558.78652438528,1,74
2020-12-15,13565.35,13570.05,13564.4,13566.1,15:25:00,13559.411617300968,1,75
2020-12-16,13649.0,13666.45,13642.75,13666.45,09:15:00,13575.663478108048,2,1
2020-12-16,13651.35,13656.5,13637.2,13650.95,09:20:00,13582.871718288234,2,2
2020-12-16,13643.9,13653.2,13637.45,13650.05,09:25:00,13588.683935594116,2,3
2020-12-16,13654.35,13658.1,13643.7,13644.9,09:30:00,13594.937846489913,2,4
2020-12-16,13651.95,13657.2,13651.0,13652.25,09:35:00,13600.367575395634,2,5
2020-12-16,13658.5,13659.3,13650.95,13651.8,09:40:00,13605.903996786525,2,6
2020-12-16,13657.3,13660.8,13651.3,13659.4,09:45:00,13610.798854235429,2,7
2020-12-16,13655.65,13659.0,13653.25,13657.55,09:50:00,13615.070391927293,2,8
2020-12-16,13649.75,13656.85,13644.35,13656.0,09:55:00,13618.37321174374,2,9
2020-12-16,13647.1,13649.8,13642.5,13649.3,10:00:00,13621.109096339576,2,10
2020-12-16,13628.25,13646.65,13624.8,13646.65,10:05:00,13621.789182402474,2,11
2020-12-16,13631.6,13636.5,13622.65,13627.2,10:10:00,13622.72354598319,2,12
2020-12-16,13639.35,13639.55,13628.95,13632.35,10:15:00,13624.307017794315,2,13
2020-12-16,13641.25,13644.95,13634.15,13639.15,10:20:00,13625.920635147237,2,14
2020-12-16,13637.35,13644.15,13636.25,13640.95,10:25:00,13627.009146085597,2,15
2020-12-16,13640.25,13640.3,13632.55,13636.85,10:30:00,13628.270179791729,2,16
2020-12-16,13632.85,13640.95,13629.05,13640.0,10:35:00,13628.706353144898,2,17
2020-12-16,13646.45,13647.95,13630.75,13633.05,10:40:00,13630.396224273954,2,18
2020-12-16,13647.3,13650.7,13643.4,13646.95,10:45:00,13632.006107676436,2,19
2020-12-16,13644.85,13647.7,13639.85,13647.4,10:50:00,13633.229335516777,2,20
2020-12-16,13655.3,13658.35,13644.0,13644.8,10:55:00,13635.331303562796,2,21
2020-12-16,13649.5,13658.05,13646.45,13654.65,11:00:00,13636.680703223485,2,22
2020-12-16,13644.2,13651.35,13643.7,13649.45,11:05:00,13637.39682672601,2,23
2020-12-16,13643.65,13649.25,13643.65,13643.85,11:10:00,13637.992367037818,2,24
2020-12-16,13641.8,13644.7,13638.6,13643.5,11:15:00,13638.354998748502,2,25
2020-12-16,13637.8,13641.8,13633.9,13641.5,11:20:00,13638.302141724836,2,26
2020-12-16,13637.1,13644.05,13636.55,13638.9,11:25:00,13638.187652036757,2,27
2020-12-16,13642.6,13645.05,13636.85,13637.25,11:30:00,13638.607875652304,2,28
2020-12-16,13643.55,13646.9,13638.85,13641.95,11:35:00,13639.078554161608,2,29
2020-12-16,13637.8,13645.55,13637.8,13643.5,11:40:00,13638.956787098596,2,30
2020-12-16,13645.25,13646.45,13637.85,13637.85,11:45:00,13639.556140708257,2,31
2020-12-16,13643.8,13646.25,13641.75,13645.2,11:50:00,13639.96031778366,2,32
2020-12-16,13642.7,13647.95,13641.3,13643.5,11:55:00,13640.221239899502,2,33
2020-12-16,13651.0,13655.85,13639.05,13642.95,12:00:00,13641.2477884805,2,34
2020-12-16,13654.95,13655.4,13651.25,13651.35,12:05:00,13642.552761006167,2,35
2020-12-16,13650.05,13656.45,13649.35,13654.85,12:10:00,13643.266783767487,2,36
2020-12-16,13654.95,13655.25,13649.5,13650.2,12:15:00,13644.379471027729,2,37
2020-12-16,13650.8,13654.9,13642.6,13654.9,12:20:00,13644.990949977466,2,38
2020-12-16,13650.9,13653.3,13648.75,13650.45,12:25:00,13645.55371664628,2,39
2020-12-16,13635.05,13651.55,13625.5,13650.45,12:30:00,13644.553362679966,2,40
2020-12-16,13640.55,13641.2,13627.2,13635.1,12:35:00,13644.17209004378,2,41
2020-12-16,13633.75,13641.15,13631.15,13641.05,12:40:00,13643.17951003961,2,42
2020-12-16,13627.9,13633.65,13622.6,13633.65,12:45:00,13641.724318607266,2,43
2020-12-16,13614.4,13627.6,13606.45,13627.2,12:50:00,13639.122002549431,2,44
2020-12-16,13638.2,13639.15,13611.3,13614.5,12:55:00,13639.03419278282,2,45
2020-12-16,13648.6,13653.8,13632.65,13637.9,13:00:00,13639.9452220416,2,46
2020-12-16,13644.05,13649.25,13641.8,13648.0,13:05:00,13640.336153275732,2,47
2020-12-16,13642.7,13646.35,13641.95,13643.85,13:10:00,13640.561281535183,2,48
2020-12-16,13649.55,13649.75,13642.0,13642.0,13:15:00,13641.417349960406,2,49
2020-12-16,13652.95,13652.95,13647.1,13649.6,13:20:00,13642.515697583223,2,50
2020-12-16,13641.35,13655.7,13639.45,13653.5,13:25:00,13642.404678765772,2,51
2020-12-16,13650.3,13651.95,13634.85,13640.7,13:30:00,13643.156614121412,2,52
2020-12-16,13660.25,13663.45,13649.9,13651.75,13:35:00,13644.78455563366,2,53
2020-12-16,13658.35,13663.8,13658.15,13660.15,13:40:00,13646.076502716169,2,54
2020-12-16,13669.45,13673.05,13659.15,13659.35,13:45:00,13648.302550076532,2,55
2020-12-16,13671.65,13680.2,13667.4,13669.95,13:50:00,13650.52611673591,2,56
2020-12-16,13676.4,13680.4,13670.35,13671.85,13:55:00,13652.990296094396,2,57
2020-12-16,13675.4,13682.9,13668.0,13677.3,14:00:00,13655.124553609214,2,58
2020-12-16,13684.55,13686.0,13670.2,13675.5,14:05:00,13657.926977075002,2,59
2020-12-16,13685.55,13688.2,13682.2,13684.85,14:10:00,13660.557741163097,2,60
2020-12-16,13676.95,13686.7,13675.85,13686.7,14:15:00,13662.118908671377,2,61
2020-12-16,13678.55,13680.3,13674.35,13676.7,14:20:00,13663.683774512196,2,62
2020-12-16,13679.1,13684.85,13677.0,13679.5,14:25:00,13665.151986463416,2,63
2020-12-16,13670.3,13679.4,13666.6,13679.4,14:30:00,13665.6422734669,2,64
2020-12-16,13670.5,13672.45,13663.2,13670.5,14:35:00,13666.104914089105,2,65
2020-12-16,13675.3,13678.5,13670.35,13670.85,14:40:00,13666.980636556807,2,66
2020-12-16,13679.95,13681.25,13670.8,13676.35,14:45:00,13668.215814027588,2,67
2020-12-16,13674.7,13684.7,13673.2,13680.3,14:50:00,13668.83335554877,2,68
2020-12-16,13672.35,13674.75,13667.25,13674.0,14:55:00,13669.168274067935,2,69
2020-12-16,13686.4,13690.6,13672.7,13672.7,15:00:00,13670.809390823371,2,70
2020-12-16,13685.95,13690.05,13682.65,13686.2,15:05:00,13672.251353602098,2,71
2020-12-16,13685.35,13692.35,13678.25,13686.0,15:10:00,13673.498843735231,2,72
2020-12-16,13682.15,13689.1,13681.7,13686.65,15:15:00,13674.322763379494,2,73
2020-12-16,13677.15,13690.6,13669.7,13680.55,15:20:00,13674.59202401002,2,74
2020-12-16,13673.25,13678.2,13671.45,13676.85,15:25:00,13674.464212199542,2,75
2020-12-17,13696.2,13706.4,13673.55,13697.3,09:15:00,13676.534287228156,3,1
2020-12-17,13698.65,13705.6,13693.25,13693.25,09:20:00,13678.64054558738,3,2
2020-12-17,13694.8,13699.65,13688.9,13698.85,09:25:00,13680.179541245723,3,3
2020-12-17,13698.75,13699.15,13690.25,13695.15,09:30:00,13681.948156365175,3,4
2020-12-17,13705.0,13707.3,13695.65,13699.5,09:35:00,13684.143570044684,3,5
2020-12-17,13708.8,13709.3,13699.1,13705.4,09:40:00,13686.491801469,3,6
2020-12-17,13708.1,13718.45,13706.55,13708.65,09:45:00,13688.54972513862,3,7
2020-12-17,13715.85,13717.6,13704.8,13708.25,09:50:00,13691.149751315892,3,8
2020-12-17,13715.95,13720.8,13712.75,13716.05,09:55:00,13693.511679761998,3,9
2020-12-17,13716.95,13723.85,13714.2,13715.55,10:00:00,13695.743900737045,3,10
2020-12-17,13720.1,13724.4,13715.55,13717.3,10:05:00,13698.063529238278,3,11
2020-12-17,13712.4,13724.75,13711.95,13720.65,10:10:00,13699.428907406062,3,12
2020-12-17,13708.2,13712.8,13705.4,13712.8,10:15:00,13700.264249557864,3,13
2020-12-17,13713.4,13715.35,13707.05,13707.5,10:20:00,13701.515273409495,3,14
2020-12-17,13718.8,13722.85,13713.1,13713.15,10:25:00,13703.161437846686,3,15
2020-12-17,13716.8,13722.95,13715.3,13718.55,10:30:00,13704.460348527951,3,16
2020-12-17,13718.65,13720.1,13713.5,13717.45,10:35:00,13705.811743906244,3,17
2020-12-17,13711.25,13719.85,13710.55,13719.3,10:40:00,13706.32967305803,3,18
2020-12-17,13710.3,13711.45,13707.4,13711.1,10:45:00,13706.707799433456,3,19
2020-12-17,13713.5,13714.5,13709.45,13710.75,10:50:00,13707.354675677889,3,20
2020-12-17,13721.8,13722.55,13711.9,13713.65,10:55:00,13708.730420851423,3,21
2020-12-17,13718.15,13723.95,13716.7,13721.45,11:00:00,13709.627523627478,3,22
2020-12-17,13720.3,13721.9,13714.9,13718.35,11:05:00,13710.64394994867,3,23
2020-12-17,13723.05,13724.95,13720.15,13720.15,11:10:00,13711.825478524988,3,24
2020-12-17,13724.05,13727.5,13721.1,13723.5,11:15:00,13712.989718665463,3,25
2020-12-17,13726.1,13730.75,13722.15,13723.95,11:20:00,13714.238316887802,3,26
2020-12-17,13720.2,13726.65,13718.8,13726.35,11:25:00,13714.80609623182,3,27
2020-12-17,13719.45,13723.5,13717.65,13720.0,11:30:00,13715.24837278117,3,28
2020-12-17,13718.6,13720.7,13716.0,13719.7,11:35:00,13715.56757537344,3,29
2020-12-17,13717.7,13720.8,13715.55,13718.35,11:40:00,13715.770663433112,3,30
2020-12-17,13716.65,13717.95,13710.7,13717.25,11:45:00,13715.854409772815,3,31
2020-12-17,13720.9,13722.75,13716.1,13716.1,11:50:00,13716.334942175406,3,32
2020-12-17,13719.9,13721.75,13712.85,13720.4,11:55:00,13716.674471492031,3,33
2020-12-17,13713.5,13720.5,13712.35,13720.0,12:00:00,13716.372140873744,3,34
2020-12-17,13724.45,13724.45,13710.4,13713.05,12:05:00,13717.14146079053,3,35
2020-12-17,13728.05,13731.8,13723.05,13723.2,12:10:00,13718.180369286669,3,36
2020-12-17,13730.95,13732.3,13726.1,13727.95,12:15:00,13719.3965245927,3,37
2020-12-17,13732.15,13733.95,13727.25,13730.85,12:20:00,13720.61114129816,3,38
2020-12-17,13737.0,13742.4,13731.1,13732.6,12:25:00,13722.171984984048,3,39
2020-12-17,13733.85,13738.25,13732.5,13737.6,12:30:00,13723.284176890327,3,40
2020-12-17,13733.2,13735.9,13730.6,13733.7,12:35:00,13724.228540996011,3,41
2020-12-17,13731.2,13738.4,13731.2,13733.0,12:40:00,13724.892489472582,3,42
2020-12-17,13732.25,13736.85,13730.3,13731.15,12:45:00,13725.59320476091,3,43
2020-12-17,13730.7,13734.9,13730.7,13732.0,12:50:00,13726.079566212253,3,44
2020-12-17,13728.45,13729.9,13723.1,13729.75,12:55:00,13726.305321811084,3,45
2020-12-17,13732.3,13734.4,13731.0,13731.1,13:00:00,13726.876243543364,3,46
2020-12-17,13730.35,13732.3,13724.85,13731.5,13:05:00,13727.207077491614,3,47
2020-12-17,13741.2,13741.8,13730.1,13730.5,13:10:00,13728.539736778126,3,48
2020-12-17,13739.4,13745.4,13736.5,13741.15,13:15:00,13729.574047561162,3,49
2020-12-17,13741.35,13745.8,13737.1,13738.8,13:20:00,13730.695566841052,3,50
2020-12-17,13743.5,13746.6,13737.3,13740.75,13:25:00,13731.915036665714,3,51
2020-12-17,13756.65,13763.8,13742.85,13742.85,13:30:00,13734.270747459455,3,52
2020-12-17,13760.75,13761.2,13752.55,13756.3,13:35:00,13736.792581034744,3,53
2020-12-17,13755.2,13761.0,13751.35,13759.85,13:40:00,13738.545668555244,3,54
2020-12-17,13759.0,13762.85,13754.95,13755.1,13:45:00,13740.493700121411,3,55
2020-12-17,13755.45,13761.0,13754.35,13758.35,13:50:00,13741.91810963366,3,56
2020-12-17,13757.35,13760.65,13751.6,13754.7,13:55:00,13743.387813478072,3,57
2020-12-17,13769.8,13771.85,13757.0,13757.4,14:00:00,13745.903259813496,3,58
2020-12-17,13763.75,13773.25,13761.9,13770.55,14:05:00,13747.602949355069,3,59
2020-12-17,13766.15,13766.15,13759.65,13763.6,14:10:00,13749.369335130774,3,60
2020-12-17,13764.75,13770.45,13762.4,13765.2,14:15:00,13750.834160356411,3,61
2020-12-17,13741.3,13764.2,13740.8,13764.2,14:20:00,13749.926145084371,3,62
2020-12-17,13736.5,13740.95,13724.2,13740.95,14:25:00,13748.647464600148,3,63
2020-12-17,13752.25,13752.25,13733.6,13735.2,14:30:00,13748.990563209658,3,64
2020-12-17,13755.8,13762.8,13753.1,13753.2,14:35:00,13749.639080999215,3,65
2020-12-17,13754.7,13759.8,13750.8,13755.95,14:40:00,13750.121073285003,3,66
2020-12-17,13742.25,13759.8,13741.3,13755.2,14:45:00,13749.37144725786,3,67
2020-12-17,13743.3,13752.05,13738.55,13742.75,14:50:00,13748.793214185684,3,68
2020-12-17,13732.2,13745.45,13731.9,13744.05,14:55:00,13747.212908072765,3,69
2020-12-17,13746.25,13746.55,13732.25,13732.5,15:00:00,13747.121202542025,3,70
2020-12-17,13743.75,13752.75,13743.15,13746.8,15:05:00,13746.80013563326,3,71
2020-12-17,13744.85,13750.8,13743.05,13744.75,15:10:00,13746.61440843009,3,72
2020-12-17,13741.3,13745.1,13737.35,13744.6,15:15:00,13746.108274293892,3,73
2020-12-17,13733.55,13745.0,13723.45,13741.05,15:20:00,13744.912248170664,3,74
2020-12-17,13735.5,13739.5,13728.95,13733.35,15:25:00,13744.015843582984,3,75
2020-12-18,13749.25,13771.45,13741.3,13771.45,09:15:00,13744.51433467032,4,1
2020-12-18,13726.25,13751.3,13722.35,13747.65,09:20:00,13742.774874225526,4,2
2020-12-18,13731.5,13746.15,13725.6,13726.7,09:25:00,13741.701076680238,4,3
2020-12-18,13696.3,13740.65,13694.55,13731.7,09:30:00,13737.377164615453,4,4
2020-12-18,13685.9,13709.35,13684.65,13695.95,09:35:00,13732.474577509218,4,5
2020-12-18,13711.2,13712.4,13683.4,13686.05,09:40:00,13730.448427270245,4,6
2020-12-18,13696.65,13712.2,13692.35,13711.05,09:45:00,13727.229529434982,4,7
2020-12-18,13675.15,13697.4,13674.75,13696.85,09:50:00,13722.269574250698,4,8
2020-12-18,13662.4,13680.0,13661.95,13673.5,09:55:00,13716.567710036346,4,9
2020-12-18,13670.65,13678.2,13658.6,13662.6,10:00:00,13712.19459479479,4,10
2020-12-18,13679.9,13686.55,13669.4,13670.55,10:05:00,13709.118919100049,4,11
2020-12-18,13695.05,13696.95,13679.4,13680.3,10:10:00,13707.7790220429,4,12
2020-12-18,13688.85,13697.55,13685.95,13694.95,10:15:00,13705.976258038814,4,13
2020-12-18,13698.95,13705.3,13688.2,13688.2,10:20:00,13705.307090606546,4,14
2020-12-18,13690.2,13701.4,13689.35,13699.7,10:25:00,13703.86832007259,4,15
2020-12-18,13697.7,13697.75,13684.35,13690.95,10:30:00,13703.280861018056,4,16
2020-12-18,13700.75,13705.8,13697.2,13697.55,10:35:00,13703.039826635386,4,17
2020-12-18,13705.15,13705.15,13687.3,13701.2,10:40:00,13703.240795527254,4,18
2020-12-18,13708.6,13711.55,13704.7,13704.7,10:45:00,13703.751195953231,4,19
2020-12-18,13712.55,13717.35,13705.7,13708.9,10:50:00,13704.58917729102,4,20
2020-12-18,13704.0,13712.6,13700.45,13711.85,10:55:00,13704.533065168063,4,21
2020-12-18,13709.95,13713.0,13704.45,13704.45,11:00:00,13705.048963723488,4,22
2020-12-18,13701.6,13710.35,13700.6,13709.1,11:05:00,13704.720490987916,4,23
2020-12-18,13708.3,13708.6,13698.1,13700.8,11:10:00,13705.061396608116,4,24
2020-12-18,13706.5,13711.9,13703.4,13707.75,11:15:00,13705.198406454962,4,25
2020-12-18,13703.75,13708.6,13703.0,13705.9,11:20:00,13705.06046298306,4,26
2020-12-18,13714.75,13716.35,13703.55,13703.55,11:25:00,13705.983276032292,4,27
2020-12-18,13709.25,13717.15,13709.15,13714.6,11:30:00,13706.294392600646,4,28
2020-12-18,13707.2,13712.35,13706.9,13709.5,11:35:00,13706.380640924395,4,29
2020-12-18,13704.55,13707.3,13696.75,13707.0,11:40:00,13706.20629416969,4,30
2020-12-18,13703.8,13705.1,13699.3,13704.65,11:45:00,13705.977123296389,4,31
2020-12-18,13696.7,13704.3,13694.3,13704.3,11:50:00,13705.09358774435,4,32
2020-12-18,13703.8,13704.75,13689.85,13696.2,11:55:00,13704.970388911555,4,33
2020-12-18,13707.35,13709.4,13703.65,13704.3,12:00:00,13705.197018539027,4,34
2020-12-18,13711.6,13712.15,13704.8,13707.3,12:05:00,13705.806826297216,4,35
2020-12-18,13704.75,13712.8,13704.6,13711.4,12:10:00,13705.706176173671,4,36
2020-12-18,13703.3,13706.65,13703.2,13705.15,12:15:00,13705.477016538083,4,37
2020-12-18,13702.45,13704.15,13698.25,13703.5,12:20:00,13705.188729248744,4,38
2020-12-18,13708.45,13709.6,13699.45,13702.4,12:25:00,13705.499326463148,4,39
2020-12-18,13704.0,13713.6,13700.05,13707.75,12:30:00,13705.356533466658,4,40
2020-12-18,13687.4,13704.5,13686.4,13704.05,12:35:00,13703.646387422214,4,41
2020-12-18,13695.8,13699.8,13686.25,13686.9,12:40:00,13702.899112429624,4,42
2020-12-18,13700.9,13705.9,13695.85,13696.45,12:45:00,13702.70872076966,4,43
2020-12-18,13701.2,13708.2,13700.2,13701.6,12:50:00,13702.56503307731,4,44
2020-12-18,13705.55,13707.05,13699.65,13702.15,12:55:00,13702.849315641375,4,45
2020-12-18,13697.9,13707.15,13697.0,13706.05,13:00:00,13702.377952246958,4,46
2020-12-18,13701.95,13704.05,13697.15,13699.7,13:05:00,13702.337194890106,4,47
2020-12-18,13704.3,13707.6,13701.5,13702.85,13:10:00,13702.524128710094,4,48
2020-12-18,13703.25,13705.8,13699.5,13705.45,13:15:00,13702.593259309137,4,49
2020-12-18,13702.8,13705.5,13700.6,13704.2,13:20:00,13702.61294889874,4,50
2020-12-18,13722.9,13729.15,13701.1,13704.55,13:25:00,13704.545049003624,4,51
2020-12-18,13726.35,13734.65,13723.25,13724.55,13:30:00,13706.621711003278,4,52
2020-12-18,13727.75,13732.4,13722.8,13727.1,13:35:00,13708.633929002965,4,53
2020-12-18,13721.5,13728.95,13715.1,13728.95,13:40:00,13709.85926909792,4,54
2020-12-18,13726.25,13727.35,13714.2,13722.55,13:45:00,13711.420291088594,4,55
2020-12-18,13732.7,13732.8,13722.5,13727.05,13:50:00,13713.446930032538,4,56
2020-12-18,13735.7,13743.45,13733.4,13733.8,13:55:00,13715.56627002944,4,57
2020-12-18,13731.4,13739.45,13730.85,13736.85,14:00:00,13717.07424431235,4,58
2020-12-18,13744.8,13746.4,13727.6,13733.05,14:05:00,13719.71479247308,4,59
2020-12-18,13751.45,13752.3,13742.7,13745.9,14:10:00,13722.737193189929,4,60
2020-12-18,13750.05,13758.1,13747.4,13753.2,14:15:00,13725.338412886123,4,61
2020-12-18,13746.15,13751.9,13738.6,13751.1,14:20:00,13727.320468801732,4,62
2020-12-18,13745.85,13750.0,13744.8,13747.05,14:25:00,13729.08518605871,4,63
2020-12-18,13742.05,13746.9,13727.2,13746.9,14:30:00,13730.319930243597,4,64
2020-12-18,13761.7,13763.2,13741.75,13742.9,14:35:00,13733.308508315631,4,65
2020-12-18,13757.45,13763.15,13753.8,13762.1,14:40:00,13735.607697999858,4,66
2020-12-18,13756.0,13759.2,13750.05,13758.6,14:45:00,13737.549821999872,4,67
2020-12-18,13752.8,13759.8,13751.3,13756.05,14:50:00,13739.002219904643,4,68
2020-12-18,13749.7,13754.0,13744.9,13752.4,14:55:00,13740.021056104202,4,69
2020-12-18,13758.9,13765.05,13749.0,13749.0,15:00:00,13741.819050760943,4,70
2020-12-18,13761.75,13762.1,13749.8,13758.75,15:05:00,13743.71723640276,4,71
2020-12-18,13761.75,13766.7,13753.6,13762.35,15:10:00,13745.43464245964,4,72
2020-12-18,13767.85,13770.25,13759.65,13762.35,15:15:00,13747.569438415863,4,73
2020-12-18,13758.9,13772.85,13751.5,13766.75,15:20:00,13748.648539519114,4,74
2020-12-18,13743.2,13759.5,13738.45,13759.5,15:25:00,13748.129630993484,4,75
2020-12-21,13687.4,13734.0,13686.15,13725.15,09:15:00,13742.345856613152,0,1
2020-12-21,13699.95,13705.35,13674.4,13685.8,09:20:00,13738.308155983328,0,2
2020-12-21,13704.85,13705.45,13685.0,13700.55,09:25:00,13735.121664937298,0,3
2020-12-21,13710.85,13711.6,13692.15,13701.0,09:30:00,13732.810077800412,0,4
2020-12-21,13715.95,13717.1,13706.7,13711.95,09:35:00,13731.204356105134,0,5
2020-12-21,13732.85,13733.3,13712.45,13715.6,09:40:00,13731.36108409512,0,6
2020-12-21,13741.8,13749.25,13724.55,13732.55,09:45:00,13732.355266562252,0,7
2020-12-21,13757.85,13760.2,13738.45,13741.65,09:50:00,13734.783336413466,0,8
2020-12-21,13753.5,13763.7,13752.05,13757.55,09:55:00,13736.56587580266,0,9
2020-12-21,13752.25,13762.4,13750.15,13752.35,10:00:00,13738.059601916691,0,10
2020-12-21,13750.15,13753.8,13736.15,13752.45,10:05:00,13739.211068400817,0,11
2020-12-21,13755.65,13760.95,13746.2,13750.35,10:10:00,13740.776680934072,0,12
2020-12-21,13759.4,13765.1,13755.75,13756.6,10:15:00,13742.550330368922,0,13
2020-12-21,13769.2,13770.5,13759.45,13759.45,10:20:00,13745.088394143311,0,14
2020-12-21,13763.0,13769.95,13758.55,13769.3,10:25:00,13746.794261367755,0,15
2020-12-21,13751.95,13766.05,13750.9,13763.45,10:30:00,13747.285284094638,0,16
2020-12-21,13773.45,13777.5,13747.55,13751.85,10:35:00,13749.77716179991,0,17
2020-12-21,13761.95,13774.5,13756.05,13772.85,10:40:00,13750.936479723729,0,18
2020-12-21,13762.9,13764.95,13755.1,13761.3,10:45:00,13752.075862607182,0,19
2020-12-21,13750.8,13765.8,13749.45,13762.45,10:50:00,13751.954351882689,0,20
2020-12-21,13741.15,13752.3,13739.1,13749.9,10:55:00,13750.925365989098,0,21
2020-12-21,13746.25,13746.95,13732.5,13740.8,11:00:00,13750.480093037757,0,22
2020-12-21,13735.45,13747.55,13735.4,13745.85,11:05:00,13749.048655605588,0,23
2020-12-21,13729.25,13742.45,13729.25,13735.5,11:10:00,13747.163069357435,0,24
2020-12-21,13736.95,13740.25,13723.2,13729.9,11:15:00,13746.190396085298,0,25
2020-12-21,13735.25,13740.45,13733.4,13737.25,11:20:00,13745.148453600985,0,26
2020-12-21,13742.6,13743.4,13735.4,13735.8,11:25:00,13744.905743734224,0,27
2020-12-21,13734.5,13743.55,13728.65,13742.35,11:30:00,13743.91472052144,0,28
2020-12-21,13724.75,13738.2,13723.2,13734.35,11:35:00,13742.089509043208,0,29
2020-12-21,13722.75,13725.2,13715.65,13723.65,11:40:00,13740.247651039092,0,30
2020-12-21,13727.05,13730.55,13720.05,13721.75,11:45:00,13738.990731892512,0,31
2020-12-21,13740.5,13742.95,13727.3,13727.3,11:50:00,13739.134471712274,0,32
2020-12-21,13742.4,13742.5,13734.75,13739.85,11:55:00,13739.445474406342,0,33
2020-12-21,13745.0,13749.85,13741.75,13742.7,12:00:00,13739.974476843832,0,34
2020-12-21,13734.2,13746.45,13732.25,13745.85,12:05:00,13739.424526668228,0,35
2020-12-21,13726.95,13734.15,13724.55,13734.1,12:10:00,13738.23647650935,0,36
2020-12-21,13733.55,13735.15,13725.9,13726.75,12:15:00,13737.790145413222,0,37
2020-12-21,13733.35,13738.55,13730.3,13732.9,12:20:00,13737.367274421484,0,38
2020-12-21,13724.95,13736.5,13724.95,13733.1,12:25:00,13736.184676857534,0,39
2020-12-21,13711.0,13724.85,13708.55,13724.85,12:30:00,13733.786136204437,0,40
2020-12-21,13704.1,13721.2,13704.1,13711.1,12:35:00,13730.958885137346,0,41
2020-12-21,13705.8,13709.95,13701.45,13704.95,12:40:00,13728.56280083855,0,42
2020-12-21,13704.3,13713.25,13700.8,13705.3,12:45:00,13726.252057901544,0,43
2020-12-21,13683.4,13704.4,13680.55,13703.95,12:50:00,13722.170909529968,0,44
2020-12-21,13670.15,13690.15,13667.0,13682.7,12:55:00,13717.21653719378,0,45
2020-12-21,13658.05,13668.9,13641.4,13668.9,13:00:00,13711.581628889611,0,46
2020-12-21,13658.8,13670.45,13645.9,13659.0,13:05:00,13706.5548070906,0,47
2020-12-21,13671.4,13671.65,13657.65,13659.45,13:10:00,13703.206730224829,0,48
2020-12-21,13661.1,13670.55,13657.85,13669.45,13:15:00,13699.19656544151,0,49
2020-12-21,13669.9,13671.2,13653.35,13661.85,13:20:00,13696.406416351843,0,50
2020-12-21,13677.85,13680.65,13668.55,13670.95,13:25:00,13694.639138604049,0,51
2020-12-21,13652.0,13678.9,13651.7,13678.1,13:30:00,13690.578268260804,0,52
2020-12-21,13620.3,13644.95,13613.5,13644.95,13:35:00,13683.885099855012,0,53
2020-12-21,13629.85,13637.9,13620.2,13620.2,13:40:00,13678.738899868822,0,54
2020-12-21,13620.25,13631.3,13604.0,13631.05,13:45:00,13673.168528452745,0,55
2020-12-21,13599.1,13625.2,13595.65,13623.35,13:50:00,13666.114382885817,0,56
2020-12-21,13569.95,13606.95,13569.95,13601.1,13:55:00,13656.955870230024,0,57
2020-12-21,13577.8,13582.2,13548.75,13569.55,14:00:00,13649.417215922402,0,58
2020-12-21,13596.7,13596.9,13578.65,13578.65,14:05:00,13644.396528691695,0,59
2020-12-21,13582.75,13607.15,13570.25,13597.0,14:10:00,13638.525430721058,0,60
2020-12-21,13517.55,13584.8,13516.45,13582.15,14:15:00,13627.003961128576,0,61
2020-12-21,13489.8,13527.7,13486.55,13516.4,14:20:00,13613.93691721157,0,62
2020-12-21,13422.55,13498.45,13409.65,13492.2,14:25:00,13595.709591762849,0,63
2020-12-21,13280.05,13440.3,13131.45,13423.95,14:30:00,13565.64677349972,0,64
2020-12-21,13368.95,13413.55,13269.2,13289.95,14:35:00,13546.913747452129,0,65
2020-12-21,13360.85,13427.5,13333.95,13373.1,14:40:00,13529.193390551927,0,66
2020-12-21,13361.6,13391.75,13354.4,13362.3,14:45:00,13513.232115261268,0,67
2020-12-21,13284.3,13366.3,13284.3,13360.35,14:50:00,13491.429056664956,0,68
2020-12-21,13208.8,13292.75,13207.2,13284.25,14:55:00,13464.512003649246,0,69
2020-12-21,13361.55,13361.7,13208.7,13208.7,15:00:00,13454.706098539797,0,70
2020-12-21,13357.0,13391.8,13325.0,13362.05,15:05:00,13445.40075582172,0,71
2020-12-21,13338.9,13377.3,13338.25,13360.05,15:10:00,13435.257826695844,0,72
2020-12-21,13336.55,13348.4,13314.95,13339.9,15:15:00,13425.85708129624,0,73
2020-12-21,13302.4,13338.15,13290.05,13336.95,15:20:00,13414.09926402993,0,74
2020-12-21,13281.95,13304.0,13275.7,13301.65,15:25:00,13401.513619836604,0,75
2020-12-22,13399.7,13424.0,13360.55,13378.3,09:15:00,13401.340894137878,1,1
2020-12-22,13383.95,13446.75,13372.25,13399.95,09:20:00,13399.684618505698,1,2
2020-12-22,13310.2,13383.9,13286.8,13383.9,09:25:00,13391.162273886108,1,3
2020-12-22,13292.45,13355.1,13277.8,13313.4,09:30:00,13381.761104944577,1,4
2020-12-22,13239.9,13302.85,13235.4,13290.8,09:35:00,13368.25052352128,1,5
2020-12-22,13220.2,13262.65,13211.55,13240.15,09:40:00,13354.15047366211,1,6
2020-12-22,13244.2,13244.2,13192.9,13219.9,09:45:00,13343.678999980004,1,7
2020-12-22,13257.75,13267.7,13224.5,13244.9,09:50:00,13335.495285696194,1,8
2020-12-22,13253.35,13297.55,13239.55,13258.75,09:55:00,13327.6719251537,1,9
2020-12-22,13283.6,13285.5,13248.3,13253.2,10:00:00,13323.474598948584,1,10
2020-12-22,13327.7,13330.7,13278.4,13283.3,10:05:00,13323.877018096338,1,11
2020-12-22,13301.4,13345.55,13294.8,13328.65,10:10:00,13321.73634970621,1,12
2020-12-22,13317.5,13322.35,13279.4,13300.95,10:15:00,13321.332887829429,1,13
2020-12-22,13316.2,13335.0,13309.75,13317.1,10:20:00,13320.844041369484,1,14
2020-12-22,13331.7,13342.3,13313.8,13315.75,10:25:00,13321.877942191437,1,15
2020-12-22,13316.85,13332.55,13294.9,13329.85,10:30:00,13321.399090554158,1,16
2020-12-22,13317.0,13321.95,13300.9,13317.45,10:35:00,13320.980129549,1,17
2020-12-22,13295.9,13323.2,13294.6,13318.1,10:40:00,13318.591545782429,1,18
2020-12-22,13288.65,13296.0,13275.35,13296.0,10:45:00,13315.739969993629,1,19
2020-12-22,13282.8,13304.1,13280.0,13287.45,10:50:00,13312.602829994234,1,20
2020-12-22,13280.3,13289.15,13266.35,13282.2,10:55:00,13309.526369994785,1,21
2020-12-22,13295.3,13296.7,13279.0,13279.2,11:00:00,13308.171477614327,1,22
2020-12-22,13282.85,13295.85,13268.25,13294.0,11:05:00,13305.759908317725,1,23
2020-12-22,13260.2,13288.6,13260.2,13283.2,11:10:00,13301.420869430322,1,24
2020-12-22,13232.8,13260.65,13232.35,13260.65,11:15:00,13294.885548532196,1,25
2020-12-22,13245.9,13257.55,13223.8,13233.5,11:20:00,13290.220258195795,1,26
2020-12-22,13246.8,13262.3,13245.6,13246.55,11:25:00,13286.084995510482,1,27
2020-12-22,13233.15,13248.1,13232.15,13247.7,11:30:00,13281.043567366629,1,28
2020-12-22,13229.9,13242.35,13213.1,13232.1,11:35:00,13276.172751426948,1,29
2020-12-22,13227.65,13231.7,13208.65,13229.15,11:40:00,13271.551537005333,1,30
2020-12-22,13275.05,13275.05,13220.1,13228.0,11:45:00,13271.884723957206,1,31
2020-12-22,13255.45,13275.7,13252.3,13275.7,11:50:00,13270.319512151756,1,32
2020-12-22,13260.45,13263.45,13247.4,13255.0,11:55:00,13269.379558613491,1,33
2020-12-22,13246.1,13259.75,13240.9,13259.75,12:00:00,13267.16245779316,1,34
2020-12-22,13249.55,13252.75,13237.95,13246.45,12:05:00,13265.48508086048,1,35
2020-12-22,13241.65,13253.7,13234.8,13248.8,12:10:00,13263.21507315948,1,36
2020-12-22,13217.6,13242.35,13213.25,13241.9,12:15:00,13258.870780477624,1,37
2020-12-22,13237.65,13245.55,13216.5,13216.6,12:20:00,13256.84975376547,1,38
2020-12-22,13221.3,13240.75,13218.35,13237.8,12:25:00,13253.46406293066,1,39
2020-12-22,13217.0,13222.05,13196.75,13221.4,12:30:00,13249.991295032503,1,40
2020-12-22,13271.65,13274.55,13210.8,13215.95,12:35:00,13252.054028838931,1,41
2020-12-22,13278.6,13285.55,13259.45,13272.25,12:40:00,13254.58221656856,1,42
2020-12-22,13266.75,13297.15,13261.55,13279.15,12:45:00,13255.74105308584,1,43
2020-12-22,13266.15,13276.1,13250.0,13266.55,12:50:00,13256.732381363376,1,44
2020-12-22,13270.55,13281.45,13259.4,13265.35,12:55:00,13258.048345043057,1,45
2020-12-22,13286.8,13289.8,13267.95,13268.8,13:00:00,13260.786597896098,1,46
2020-12-22,13268.5,13287.75,13265.9,13286.75,13:05:00,13261.52120762028,1,47
2020-12-22,13278.55,13287.35,13263.3,13269.0,13:10:00,13263.142997370727,1,48
2020-12-22,13328.8,13328.8,13279.7,13279.7,13:15:00,13269.396045240184,1,49
2020-12-22,13322.55,13331.65,13306.0,13327.35,13:20:00,13274.45832664588,1,50
2020-12-22,13296.7,13327.8,13292.7,13323.45,13:25:00,13276.576581251034,1,51
2020-12-22,13303.4,13304.5,13266.65,13297.75,13:30:00,13279.13119256046,1,52
2020-12-22,13326.95,13330.85,13297.25,13302.8,13:35:00,13283.68536469756,1,53
2020-12-22,13361.45,13364.5,13329.85,13329.85,13:40:00,13291.091520440648,1,54
2020-12-22,13336.6,13377.4,13330.3,13361.65,13:45:00,13295.425661351062,1,55
2020-12-22,13360.6,13372.15,13334.65,13336.15,13:50:00,13301.63274122239,1,56
2020-12-22,13377.75,13378.5,13347.15,13360.35,13:55:00,13308.882003963115,1,57
2020-12-22,13396.6,13397.2,13375.7,13375.7,14:00:00,13317.236098823772,1,58
2020-12-22,13401.85,13408.1,13389.1,13395.5,14:05:00,13325.29456560246,1,59
2020-12-22,13427.8,13428.8,13399.25,13402.3,14:10:00,13335.056987926037,1,60
2020-12-22,13450.6,13465.85,13426.4,13426.4,14:15:00,13346.061084314031,1,61
2020-12-22,13442.85,13455.8,13434.1,13449.75,14:20:00,13355.279076284123,1,62
2020-12-22,13437.6,13449.2,13416.6,13442.1,14:25:00,13363.119164257065,1,63
2020-12-22,13447.45,13454.2,13431.5,13437.1,14:30:00,13371.150672423058,1,64
2020-12-22,13465.55,13466.55,13432.95,13447.4,14:35:00,13380.141084573244,1,65
2020-12-22,13449.8,13466.4,13442.2,13466.4,14:40:00,13386.77526699484,1,66
2020-12-22,13433.45,13451.2,13433.2,13449.35,14:45:00,13391.220479661995,1,67
2020-12-22,13397.05,13441.3,13396.1,13433.8,14:50:00,13391.77567207514,1,68
2020-12-22,13424.2,13427.5,13397.4,13399.75,14:55:00,13394.86370330608,1,69
2020-12-22,13447.85,13447.85,13423.1,13423.1,15:00:00,13399.91001727693,1,70
2020-12-22,13475.05,13476.2,13443.35,13447.25,15:05:00,13407.0662061077,1,71
2020-12-22,13470.0,13484.7,13468.8,13474.55,15:10:00,13413.05990076411,1,72
2020-12-22,13479.15,13479.55,13459.85,13468.35,15:15:00,13419.354195929434,1,73
2020-12-22,13470.9,13492.05,13461.2,13477.65,15:20:00,13424.263320126633,1,74
2020-12-22,13464.0,13474.95,13459.5,13471.7,15:25:00,13428.047765828858,1,75
2020-12-23,13482.5,13484.85,13432.2,13478.35,09:15:00,13433.233692892776,2,1
2020-12-23,13512.15,13517.2,13483.0,13486.45,09:20:00,13440.749531664893,2,2
2020-12-23,13499.3,13514.45,13490.45,13512.65,09:25:00,13446.325766744429,2,3
2020-12-23,13457.0,13499.0,13452.3,13499.0,09:30:00,13447.342360387816,2,4
2020-12-23,13496.55,13496.7,13454.95,13456.0,09:35:00,13452.02880225564,2,5
2020-12-23,13510.3,13510.75,13479.1,13496.75,09:40:00,13457.578440136058,2,6
2020-12-23,13524.8,13530.45,13501.45,13510.6,09:45:00,13463.980493456434,2,7
2020-12-23,13530.3,13535.05,13509.85,13524.45,09:50:00,13470.296636936777,2,8
2020-12-23,13508.9,13533.05,13508.9,13530.7,09:55:00,13473.9731477047,2,9
2020-12-23,13520.15,13523.4,13501.35,13509.0,10:00:00,13478.370943161395,2,10
2020-12-23,13510.4,13520.5,13504.8,13520.5,10:05:00,13481.421329526976,2,11
2020-12-23,13494.05,13515.95,13493.1,13510.8,10:10:00,13482.624060048216,2,12
2020-12-23,13519.55,13519.55,13492.75,13494.25,10:15:00,13486.1408162341,2,13
2020-12-23,13532.1,13533.7,13518.15,13518.7,10:20:00,13490.51788135466,2,14
2020-12-23,13536.5,13537.0,13522.0,13531.95,10:25:00,13494.897130749454,2,15
2020-12-23,13531.9,13539.0,13526.2,13535.4,10:30:00,13498.42121353522,2,16
2020-12-23,13540.4,13541.55,13526.7,13531.7,10:35:00,13502.419193198532,2,17
2020-12-23,13530.5,13542.7,13528.25,13540.7,10:40:00,13505.093555751051,2,18
2020-12-23,13524.1,13534.35,13520.15,13530.95,10:45:00,13506.903693298573,2,19
2020-12-23,13527.05,13535.25,13523.05,13523.95,10:50:00,13508.822389174897,2,20
2020-12-23,13523.5,13526.9,13517.1,13526.45,10:55:00,13510.220256872526,2,21
2020-12-23,13532.0,13534.8,13519.4,13522.9,11:00:00,13512.294518122762,2,22
2020-12-23,13527.55,13536.75,13525.0,13532.1,11:05:00,13513.74742115869,2,23
2020-12-23,13523.45,13527.7,13517.05,13527.05,11:10:00,13514.671476286436,2,24
2020-12-23,13530.9,13531.5,13514.9,13522.85,11:15:00,13516.217049973442,2,25
2020-12-23,13521.45,13534.05,13520.95,13531.15,11:20:00,13516.715426166447,2,26
2020-12-23,13506.95,13529.0,13506.35,13521.5,11:25:00,13515.785385579167,2,27
2020-12-23,13523.85,13523.85,13502.35,13508.1,11:30:00,13516.553444095438,2,28
2020-12-23,13523.9,13527.8,13519.35,13523.4,11:35:00,13517.25311608635,2,29
2020-12-23,13515.15,13523.7,13512.15,13523.05,11:40:00,13517.05281931622,2,30
2020-12-23,13520.35,13521.0,13514.45,13515.8,11:45:00,13517.3668365242,2,31
2020-12-23,13536.95,13537.9,13519.45,13520.3,11:50:00,13519.231899712371,2,32
2020-12-23,13538.25,13543.95,13532.5,13536.1,11:55:00,13521.043147358812,2,33
2020-12-23,13532.05,13541.05,13525.4,13538.35,12:00:00,13522.091419038925,2,34
2020-12-23,13541.75,13542.7,13531.15,13531.85,12:05:00,13523.96366484474,2,35
2020-12-23,13538.3,13545.9,13534.1,13541.6,12:10:00,13525.329030097624,2,36
2020-12-23,13553.55,13554.55,13537.85,13538.1,12:15:00,13528.016741516898,2,37
2020-12-23,13554.0,13556.0,13547.65,13553.35,12:20:00,13530.491337562908,2,38
2020-12-23,13544.3,13555.0,13542.1,13554.25,12:25:00,13531.806448271202,2,39
2020-12-23,13550.15,13553.0,13544.45,13544.45,12:30:00,13533.553453197754,2,40
2020-12-23,13555.25,13560.9,13550.15,13550.55,12:35:00,13535.619790988443,2,41
2020-12-23,13560.25,13561.4,13551.3,13555.15,12:40:00,13537.965525180023,2,42
2020-12-23,13564.85,13566.1,13554.8,13560.45,12:45:00,13540.525951353357,2,43
2020-12-23,13558.05,13564.2,13551.3,13564.2,12:50:00,13542.19490836732,2,44
2020-12-23,13547.7,13560.05,13545.0,13558.9,12:55:00,13542.719202808528,2,45
2020-12-23,13558.15,13560.45,13546.7,13549.85,13:00:00,13544.18880254105,2,46
2020-12-23,13529.15,13558.45,13524.95,13558.45,13:05:00,13542.75653563238,2,47
2020-12-23,13540.0,13544.2,13516.65,13531.1,13:10:00,13542.494008429296,2,48
2020-12-23,13544.0,13546.6,13530.15,13540.25,13:15:00,13542.637436197934,2,49
2020-12-23,13545.05,13555.55,13541.6,13544.35,13:20:00,13542.867204179083,2,50
2020-12-23,13538.65,13548.8,13536.1,13546.65,13:25:00,13542.465565685838,2,51
2020-12-23,13549.45,13551.1,13533.25,13539.1,13:30:00,13543.130749906231,2,52
2020-12-23,13557.8,13560.9,13549.45,13550.1,13:35:00,13544.527821343736,2,53
2020-12-23,13555.45,13559.85,13551.5,13557.75,13:40:00,13545.568028834809,2,54
2020-12-23,13564.7,13568.85,13555.65,13555.8,13:45:00,13547.39012132673,2,55
2020-12-23,13545.3,13564.6,13544.95,13564.6,13:50:00,13547.191062152757,2,56
2020-12-23,13548.25,13555.75,13542.9,13545.15,13:55:00,13547.291913376304,2,57
2020-12-23,13555.4,13559.3,13548.45,13549.6,14:00:00,13548.06411210237,2,58
2020-12-23,13545.3,13556.4,13540.8,13555.25,14:05:00,13547.800863330714,2,59
2020-12-23,13553.45,13553.45,13538.3,13544.9,14:10:00,13548.338876346836,2,60
2020-12-23,13556.9,13564.85,13551.05,13553.6,14:15:00,13549.154221456662,2,61
2020-12-23,13563.1,13564.45,13555.4,13557.0,14:20:00,13550.482390841742,2,62
2020-12-23,13561.85,13571.95,13561.15,13562.9,14:25:00,13551.565020285389,2,63
2020-12-23,13559.7,13570.35,13557.65,13561.65,14:30:00,13552.339780258208,2,64
2020-12-23,13570.05,13570.75,13554.55,13560.05,14:35:00,13554.026467852664,2,65
2020-12-23,13573.7,13581.25,13566.8,13569.85,14:40:00,13555.900137580982,2,66
2020-12-23,13570.5,13576.5,13568.95,13574.2,14:45:00,13557.290600668506,2,67
2020-12-23,13567.75,13572.8,13564.15,13571.2,14:50:00,13558.286733938172,2,68
2020-12-23,13569.8,13572.2,13566.2,13567.9,14:55:00,13559.38323546787,2,69
2020-12-23,13592.55,13593.85,13569.75,13569.75,15:00:00,13562.54197494712,2,70
2020-12-23,13591.2,13597.75,13587.75,13592.25,15:05:00,13565.27131066644,2,71
2020-12-23,13605.2,13605.85,13591.2,13591.5,15:10:00,13569.074042983924,2,72
2020-12-23,13605.55,13607.85,13599.65,13605.1,15:15:00,13572.547943652122,2,73
2020-12-23,13615.6,13619.45,13597.6,13604.85,15:20:00,13576.648139494777,2,74
2020-12-23,13610.15,13617.15,13601.85,13615.5,15:25:00,13579.838792876228,2,75
2020-12-24,13684.25,13686.95,13643.95,13643.95,09:15:00,13589.782717364204,3,1
2020-12-24,13698.8,13701.85,13682.25,13686.7,09:20:00,13600.165315710472,3,2
2020-12-24,13704.1,13704.15,13689.75,13699.35,09:25:00,13610.06385707138,3,3
2020-12-24,13698.95,13711.1,13695.85,13705.15,09:30:00,13618.529204016962,3,4
2020-12-24,13710.15,13710.4,13695.4,13699.15,09:35:00,13627.254994110586,3,5
2020-12-24,13705.15,13716.85,13696.4,13710.05,09:40:00,13634.673566100057,3,6
2020-12-24,13703.1,13704.45,13690.2,13704.2,09:45:00,13641.19036932862,3,7
2020-12-24,13715.15,13715.15,13702.0,13702.05,09:50:00,13648.234143678275,3,8
2020-12-24,13705.25,13715.45,13704.2,13715.45,09:55:00,13653.664225232727,3,9
2020-12-24,13712.1,13712.4,13704.85,13705.1,10:00:00,13659.229537115323,3,10
2020-12-24,13720.75,13723.8,13710.45,13710.55,10:05:00,13665.088628818628,3,11
2020-12-24,13733.35,13734.7,13720.85,13720.85,10:10:00,13671.58971178828,3,12
2020-12-24,13722.45,13739.15,13721.85,13733.7,10:15:00,13676.433548760826,3,13
2020-12-24,13728.15,13729.5,13717.25,13722.5,10:20:00,13681.35892506932,3,14
2020-12-24,13726.45,13730.65,13722.35,13727.25,10:25:00,13685.653313157954,3,15
2020-12-24,13723.8,13727.25,13715.3,13726.0,10:30:00,13689.286330952436,3,16
2020-12-24,13714.05,13724.45,13712.0,13724.45,10:35:00,13691.644775623632,3,17
2020-12-24,13706.45,13714.25,13702.4,13714.1,10:40:00,13693.05479699281,3,18
2020-12-24,13700.5,13709.85,13700.25,13705.65,10:45:00,13693.763863945876,3,19
2020-12-24,13694.45,13703.1,13691.35,13700.25,10:50:00,13693.829210236743,3,20
2020-12-24,13692.8,13697.25,13686.15,13695.4,10:55:00,13693.731190214196,3,21
2020-12-24,13672.8,13696.45,13671.55,13692.5,11:00:00,13691.737743527128,3,22
2020-12-24,13687.35,13689.35,13669.3,13671.3,11:05:00,13691.319863191213,3,23
2020-12-24,13656.65,13688.3,13652.75,13686.75,11:10:00,13688.017971458714,3,24
2020-12-24,13660.5,13660.55,13635.75,13655.45,11:15:00,13685.39721227217,3,25
2020-12-24,13663.8,13671.0,13660.1,13660.15,11:20:00,13683.340334912917,3,26
2020-12-24,13652.9,13669.15,13647.7,13663.75,11:25:00,13680.441255397398,3,27
2020-12-24,13638.2,13656.7,13626.9,13654.25,11:30:00,13676.418278692883,3,28
2020-12-24,13661.15,13664.15,13638.85,13638.85,11:35:00,13674.964156912609,3,29
2020-12-24,13671.75,13678.05,13661.45,13661.45,11:40:00,13674.658046730456,3,30
2020-12-24,13664.45,13675.65,13659.9,13673.25,11:45:00,13673.685851803746,3,31
2020-12-24,13659.95,13667.55,13652.95,13667.2,11:50:00,13672.377675441485,3,32
2020-12-24,13663.15,13665.0,13658.45,13660.25,11:55:00,13671.498849208963,3,33
2020-12-24,13672.8,13675.35,13661.05,13663.45,12:00:00,13671.62276833192,3,34
2020-12-24,13678.05,13678.2,13665.85,13673.25,12:05:00,13672.23488563364,3,35
2020-12-24,13675.85,13684.05,13675.3,13678.35,12:10:00,13672.579182239962,3,36
2020-12-24,13688.8,13688.8,13674.8,13676.15,12:15:00,13674.124022026634,3,37
2020-12-24,13684.85,13695.5,13681.85,13688.9,12:20:00,13675.14554373838,3,38
2020-12-24,13693.65,13695.25,13684.1,13684.7,12:25:00,13676.907872906157,3,39
2020-12-24,13697.8,13702.05,13692.8,13693.55,12:30:00,13678.897599296044,3,40
2020-12-24,13703.9,13709.2,13697.3,13697.35,12:35:00,13681.278780315468,3,41
2020-12-24,13709.65,13712.8,13703.15,13704.85,12:40:00,13683.980801237803,3,42
2020-12-24,13711.5,13715.35,13709.2,13710.2,12:45:00,13686.601677310397,3,43
2020-12-24,13689.65,13711.3,13688.0,13711.3,12:50:00,13686.891993757024,3,44
2020-12-24,13695.5,13697.2,13679.05,13689.9,12:55:00,13687.711803875402,3,45
2020-12-24,13693.6,13698.3,13689.85,13695.1,13:00:00,13688.272584458697,3,46
2020-12-24,13696.15,13699.4,13691.75,13693.15,13:05:00,13689.022814510248,3,47
2020-12-24,13695.9,13699.65,13691.25,13696.25,13:10:00,13689.677784556892,3,48
2020-12-24,13697.05,13698.3,13682.75,13696.15,13:15:00,13690.37990031338,3,49
2020-12-24,13722.7,13723.2,13696.25,13696.65,13:20:00,13693.458005045435,3,50
2020-12-24,13723.65,13725.55,13718.15,13723.95,13:25:00,13696.333433136348,3,51
2020-12-24,13725.6,13732.8,13719.95,13723.15,13:30:00,13699.1207252186,3,52
2020-12-24,13730.8,13731.55,13720.0,13724.9,13:35:00,13702.137799007303,3,53
2020-12-24,13729.75,13736.1,13724.25,13731.35,13:40:00,13704.767532435182,3,54
2020-12-24,13730.75,13740.2,13728.7,13729.9,13:45:00,13707.242053155642,3,55
2020-12-24,13727.4,13733.55,13715.7,13731.4,13:50:00,13709.16185761701,3,56
2020-12-24,13733.3,13737.4,13726.2,13727.6,13:55:00,13711.460728320151,3,57
2020-12-24,13722.55,13734.0,13714.85,13732.95,14:00:00,13712.516849432515,3,58
2020-12-24,13720.0,13722.8,13715.45,13722.5,14:05:00,13713.229530438944,3,59
2020-12-24,13727.85,13730.0,13716.2,13720.1,14:10:00,13714.621956111425,3,60
2020-12-24,13734.65,13739.6,13727.8,13727.8,14:15:00,13716.529388862717,3,61
2020-12-24,13732.3,13740.3,13732.3,13736.3,14:20:00,13718.031351828173,3,62
2020-12-24,13731.05,13735.05,13718.4,13733.4,14:25:00,13719.271223082633,3,63
2020-12-24,13748.75,13749.75,13730.25,13730.9,14:30:00,13722.07872564619,3,64
2020-12-24,13760.7,13764.55,13750.05,13750.65,14:35:00,13725.756942251312,3,65
2020-12-24,13765.2,13766.2,13755.1,13760.1,14:40:00,13729.513423941666,3,66
2020-12-24,13763.95,13771.75,13762.25,13765.65,14:45:00,13732.793097851983,3,67
2020-12-24,13759.4,13769.1,13755.3,13764.25,14:50:00,13735.327088532746,3,68
2020-12-24,13750.5,13760.2,13739.4,13759.65,14:55:00,13736.772127720102,3,69
2020-12-24,13759.3,13760.65,13748.4,13750.05,15:00:00,13738.917639365804,3,70
2020-12-24,13751.25,13760.3,13748.05,13759.8,15:05:00,13740.092149902395,3,71
2020-12-24,13749.75,13757.15,13745.9,13751.45,15:10:00,13741.011945149789,3,72
2020-12-24,13745.7,13749.65,13742.05,13749.65,15:15:00,13741.458426564091,3,73
2020-12-24,13745.8,13753.85,13729.2,13746.1,15:20:00,13741.871909748466,3,74
2020-12-24,13740.4,13746.15,13737.45,13746.05,15:25:00,13741.73172786766,3,75
2021-01-01,14015.45,14020.85,13991.35,13997.9,09:15:00,13873.450045311958,4,1
2021-01-01,14014.1,14023.45,14006.4,14016.0,09:20:00,13886.84527909177,4,2
2021-01-01,14018.2,14019.6,14006.65,14014.3,09:25:00,13899.355252511605,4,3
2021-01-01,14020.1,14028.9,14018.25,14019.0,09:30:00,13910.854752272402,4,4
2021-01-01,14017.85,14020.6,14001.15,14020.5,09:35:00,13921.044775865506,4,5
2021-01-01,14025.05,14026.7,14016.9,14017.55,09:40:00,13930.950035306889,4,6
2021-01-01,14030.95,14032.9,14024.35,14025.25,09:45:00,13940.473841468136,4,7
2021-01-01,14024.55,14030.85,14022.5,14030.85,09:50:00,13948.481094661647,4,8
2021-01-01,14032.5,14033.85,14023.7,14024.35,09:55:00,13956.48289517006,4,9
2021-01-01,14026.05,14033.2,14024.1,14033.2,10:00:00,13963.108333725291,4,10
2021-01-01,14020.65,14027.45,14016.3,14027.0,10:05:00,13968.58849241812,4,11
2021-01-01,14025.25,14027.85,14019.65,14020.05,10:10:00,13973.984826473536,4,12
2021-01-01,14019.45,14026.1,14017.6,14024.6,10:15:00,13978.314842999866,4,13
2021-01-01,14026.2,14028.15,14019.65,14020.35,10:20:00,13982.875334142736,4,14
2021-01-01,14033.35,14036.45,14026.1,14026.3,10:25:00,13987.68244517676,4,15
2021-01-01,14029.55,14034.7,14026.15,14033.6,10:30:00,13991.669831350402,4,16
2021-01-01,14023.95,14030.8,14023.1,14029.7,10:35:00,13994.744133126556,4,17
2021-01-01,14028.9,14030.15,14023.85,14025.35,10:40:00,13997.997072828788,4,18
2021-01-01,14029.55,14037.25,14027.45,14028.35,10:45:00,14001.00211351176,4,19
2021-01-01,14030.4,14032.5,14028.0,14028.9,10:50:00,14003.801912224926,4,20
2021-01-01,14025.75,14033.45,14025.75,14030.2,10:55:00,14005.892206298742,4,21
2021-01-01,14026.95,14030.55,14026.0,14026.05,11:00:00,14007.897710460766,4,22
2021-01-01,14024.25,14031.9,14023.95,14027.75,11:05:00,14009.455071369264,4,23
2021-01-01,14029.35,14029.35,14023.6,14024.15,11:10:00,14011.349826476951,4,24
2021-01-01,14032.1,14033.95,14028.9,14028.9,11:15:00,14013.326033479148,4,25
2021-01-01,14029.2,14032.45,14026.15,14031.75,11:20:00,14014.837839814469,4,26
2021-01-01,14030.45,14032.05,14028.1,14028.7,11:25:00,14016.32471221309,4,27
2021-01-01,14031.75,14032.6,14029.35,14030.7,11:30:00,14017.793787240416,4,28
2021-01-01,14024.8,14034.25,14023.55,14031.15,11:35:00,14018.461045598471,4,29
2021-01-01,14019.55,14024.7,14018.6,14024.15,11:40:00,14018.564755541476,4,30
2021-01-01,14023.5,14025.95,14018.7,14019.0,11:45:00,14019.03477882324,4,31
2021-01-01,14016.4,14024.6,14014.8,14022.5,11:50:00,14018.78384750674,4,32
2021-01-01,14008.2,14016.4,14005.7,14016.0,11:55:00,14017.775862029908,4,33
2021-01-01,14013.8,14014.75,14004.95,14008.8,12:00:00,14017.39720850325,4,34
2021-01-01,14016.7,14017.6,14011.7,14011.9,12:05:00,14017.330807693415,4,35
2021-01-01,14023.05,14024.2,14016.05,14016.15,12:10:00,14017.875492674995,4,36
2021-01-01,14023.05,14025.0,14021.5,14022.7,12:15:00,14018.368302896424,4,37
2021-01-01,14018.9,14022.9,14017.05,14022.0,12:20:00,14018.418940715812,4,38
2021-01-01,14028.4,14028.4,14015.95,14017.85,12:25:00,14019.369517790496,4,39
2021-01-01,14032.05,14035.45,14027.4,14028.7,12:30:00,14020.577182762829,4,40
2021-01-01,14034.5,14034.6,14027.5,14031.55,12:35:00,14021.903165356844,4,41
2021-01-01,14037.7,14039.05,14031.75,14033.65,12:40:00,14023.40762579905,4,42
2021-01-01,14030.6,14040.25,14030.6,14037.65,12:45:00,14024.092613818188,4,43
2021-01-01,14029.5,14031.95,14027.2,14031.35,12:50:00,14024.60760297836,4,44
2021-01-01,14035.0,14036.25,14028.5,14028.85,12:55:00,14025.59735507566,4,45
2021-01-01,14031.9,14036.4,14027.2,14035.25,13:00:00,14026.197606973215,4,46
2021-01-01,14030.9,14034.5,14030.6,14031.55,13:05:00,14026.645453928148,4,47
2021-01-01,14030.35,14033.6,14029.0,14031.3,13:10:00,14026.998267839754,4,48
2021-01-01,14033.6,14039.3,14029.7,14030.5,13:15:00,14027.627004235968,4,49
2021-01-01,14033.35,14034.8,14029.95,14034.1,13:20:00,14028.17205145159,4,50
2021-01-01,14035.1,14036.05,14032.35,14034.2,13:25:00,14028.831856075249,4,51
2021-01-01,14032.1,14035.25,14031.3,14034.7,13:30:00,14029.143107877604,4,52
2021-01-01,14030.65,14033.05,14028.15,14031.0,13:35:00,14029.28662141307,4,53
2021-01-01,14025.8,14030.95,14017.8,14030.1,13:40:00,14028.954562230872,4,54
2021-01-01,14032.1,14032.55,14022.25,14025.1,13:45:00,14029.254127732696,4,55
2021-01-01,14031.75,14035.6,14030.7,14031.6,13:50:00,14029.49182985339,4,56
2021-01-01,14034.2,14034.2,14030.2,14032.2,13:55:00,14029.940227010213,4,57
2021-01-01,14037.4,14038.75,14031.85,14033.8,14:00:00,14030.650681580666,4,58
2021-01-01,14040.4,14042.1,14036.3,14037.0,14:05:00,14031.579188096792,4,59
2021-01-01,14043.45,14043.45,14039.45,14040.1,14:10:00,14032.709741611385,4,60
2021-01-01,14040.1,14044.2,14036.7,14042.5,14:15:00,14033.413575743632,4,61
2021-01-01,14048.1,14049.1,14039.15,14039.95,14:20:00,14034.812282815668,4,62
2021-01-01,14045.8,14049.3,14043.5,14047.7,14:25:00,14035.858732071316,4,63
2021-01-01,14046.9,14049.85,14044.6,14045.6,14:30:00,14036.910281397855,4,64
2021-01-01,14042.55,14048.2,14039.95,14046.7,14:35:00,14037.447397455204,4,65
2021-01-01,14045.6,14045.6,14040.35,14042.35,14:40:00,14038.223835792804,4,66
2021-01-01,14040.9,14046.2,14040.45,14044.25,14:45:00,14038.47870857444,4,67
2021-01-01,14042.2,14044.7,14039.55,14040.85,14:50:00,14038.833117281638,4,68
2021-01-01,14040.1,14043.75,14039.45,14042.25,14:55:00,14038.953772778625,4,69
2021-01-01,14027.9,14040.3,14024.25,14040.3,15:00:00,14037.901032513992,4,70
2021-01-01,14020.85,14030.1,14019.0,14028.45,15:05:00,14036.277124655517,4,71
2021-01-01,14015.0,14023.25,14013.75,14019.45,15:10:00,14034.250731831182,4,72
2021-01-01,14014.05,14016.15,14005.55,14016.15,15:15:00,14032.326852609163,4,73
2021-01-01,14022.7,14028.8,14001.6,14013.6,15:20:00,14031.410009503528,4,74
2021-01-01,14014.8,14024.2,14011.9,14023.45,15:25:00,14029.828103836526,4,75
2021-01-04,14092.35,14107.75,14080.15,14105.55,09:15:00,14035.78257013781,0,1
2021-01-04,14092.05,14100.75,14091.05,14092.05,09:20:00,14041.141372981829,0,2
2021-01-04,14103.4,14107.85,14081.8,14092.3,09:25:00,14047.070766031178,0,3
2021-01-04,14101.85,14114.15,14098.3,14103.65,09:30:00,14052.28783593297,0,4
2021-01-04,14093.7,14106.85,14093.15,14101.0,09:35:00,14056.2318515584,0,5
2021-01-04,14093.8,14098.2,14091.5,14093.45,09:40:00,14059.8097704576,0,6
2021-01-04,14085.35,14100.1,14084.85,14093.4,09:45:00,14062.242173271165,0,7
2021-01-04,14097.65,14099.1,14084.2,14086.0,09:50:00,14065.614347245337,0,8
2021-01-04,14101.4,14107.35,14095.95,14098.2,09:55:00,14069.022504650544,0,9
2021-01-04,14093.9,14106.05,14089.0,14101.75,10:00:00,14071.39178992192,0,10
2021-01-04,14093.3,14096.0,14088.4,14093.45,10:05:00,14073.478286119833,0,11
2021-01-04,14086.55,14093.6,14080.0,14093.5,10:10:00,14074.723211251276,0,12
2021-01-04,14091.6,14095.25,14083.85,14086.95,10:15:00,14076.330524465438,0,13
2021-01-04,14086.25,14094.2,14083.25,14092.7,10:20:00,14077.27523642111,0,14
2021-01-04,14089.9,14091.3,14085.85,14085.85,10:25:00,14078.477594857197,0,15
2021-01-04,14083.2,14090.05,14081.95,14090.05,10:30:00,14078.927347727938,0,16
2021-01-04,14082.45,14088.15,14081.85,14082.75,10:35:00,14079.262838420516,0,17
2021-01-04,14086.6,14089.5,14081.85,14083.4,10:40:00,14079.9616157138,0,18
2021-01-04,14061.95,14090.0,14048.85,14086.75,10:45:00,14078.246223741058,0,19
2021-01-04,14066.15,14068.9,14050.8,14062.65,10:50:00,14077.094202432389,0,20
2021-01-04,14044.0,14066.9,14036.1,14065.5,10:55:00,14073.942373629305,0,21
2021-01-04,13988.55,14043.85,13986.8,14043.85,11:00:00,14065.809766616989,0,22
2021-01-04,13996.2,14007.55,13953.75,13988.6,11:05:00,14059.18026503442,0,23
2021-01-04,14017.8,14027.6,13991.8,13996.15,11:10:00,14055.239287412094,0,24
2021-01-04,14010.6,14025.25,14006.05,14017.65,11:15:00,14050.98792670618,0,25
2021-01-04,14011.0,14016.45,14004.75,14010.5,11:20:00,14047.179552734164,0,26
2021-01-04,14019.6,14023.8,14010.15,14010.55,11:25:00,14044.552928664243,0,27
2021-01-04,14048.2,14048.2,14016.55,14019.0,11:30:00,14044.90026879146,0,28
2021-01-04,14042.1,14053.55,14041.15,14047.0,11:35:00,14044.633576525606,0,29
2021-01-04,14056.1,14060.9,14041.45,14041.45,11:40:00,14045.7256168565,0,30
2021-01-04,14048.45,14059.2,14048.45,14056.35,11:45:00,14045.985081917786,0,31
2021-01-04,14038.85,14048.7,14030.9,14048.7,11:50:00,14045.305550306568,0,32
2021-01-04,14036.15,14049.35,14035.55,14038.65,11:55:00,14044.433593134514,0,33
2021-01-04,14039.5,14041.35,14031.25,14036.5,12:00:00,14043.963727121703,0,34
2021-01-04,14050.2,14050.2,14038.95,14038.95,12:05:00,14044.557657872016,0,35
2021-01-04,14060.7,14064.5,14049.4,14049.8,12:10:00,14046.095023788968,0,36
2021-01-04,14053.9,14065.3,14050.15,14061.05,12:15:00,14046.838354856684,0,37
2021-01-04,14055.8,14057.95,14049.95,14054.15,12:20:00,14047.691844870336,0,38
2021-01-04,14051.5,14059.45,14048.55,14054.95,12:25:00,14048.054526311254,0,39
2021-01-04,14069.6,14071.05,14051.7,14051.7,12:30:00,14050.106476186374,0,40
2021-01-04,14068.25,14070.8,14064.4,14069.3,12:35:00,14051.834430835292,0,41
2021-01-04,14075.15,14078.15,14067.05,14068.7,12:40:00,14054.05496123193,0,42
2021-01-04,14080.75,14085.5,14075.6,14075.9,12:45:00,14056.597345876507,0,43
2021-01-04,14078.75,14082.55,14072.6,14081.25,12:50:00,14058.707122459698,0,44
2021-01-04,14084.05,14086.7,14072.95,14077.55,12:55:00,14061.12072984449,0,45
2021-01-04,14075.25,14088.6,14068.05,14082.85,13:00:00,14062.466374621205,0,46
2021-01-04,14080.65,14084.2,14074.05,14074.05,13:05:00,14064.198148466803,0,47
2021-01-04,14085.5,14086.45,14078.6,14079.7,13:10:00,14066.22689623187,0,48
2021-01-04,14082.8,14087.75,14079.7,14084.85,13:15:00,14067.80528706693,0,49
2021-01-04,14079.55,14083.5,14077.35,14081.8,13:20:00,14068.923831155797,0,50
2021-01-04,14093.2,14094.35,14078.4,14079.9,13:25:00,14071.235847236196,0,51
2021-01-04,14096.3,14100.9,14093.25,14093.25,13:30:00,14073.622909404176,0,52
2021-01-04,14089.85,14097.15,14087.7,14095.35,13:35:00,14075.16834660378,0,53
2021-01-04,14103.75,14104.6,14089.95,14091.0,13:40:00,14077.890408831992,0,54
2021-01-04,14103.5,14105.25,14096.95,14102.75,13:45:00,14080.329417514658,0,55
2021-01-04,14107.65,14110.2,14099.45,14102.15,13:50:00,14082.931377751358,0,56
2021-01-04,14114.85,14116.2,14107.9,14107.9,13:55:00,14085.971246536945,0,57
2021-01-04,14090.7,14115.8,14084.85,14114.1,14:00:00,14086.421604009616,0,58
2021-01-04,14098.55,14098.7,14085.05,14091.05,14:05:00,14087.576689342037,0,59
2021-01-04,14096.55,14100.25,14091.3,14097.45,14:10:00,14088.43129035708,0,60
2021-01-04,14070.85,14097.95,14069.55,14096.7,14:15:00,14086.756881751644,0,61
2021-01-04,14096.0,14097.25,14068.95,14068.95,14:20:00,14087.637178727678,0,62
2021-01-04,14103.0,14103.2,14095.0,14095.95,14:25:00,14089.100304563137,0,63
2021-01-04,14113.2,14118.2,14101.85,14103.05,14:30:00,14091.395513652362,0,64
2021-01-04,14112.25,14113.4,14105.65,14112.45,14:35:00,14093.38165520928,0,65
2021-01-04,14111.0,14118.8,14110.95,14111.95,14:40:00,14095.059592808397,0,66
2021-01-04,14115.65,14115.65,14105.95,14110.7,14:45:00,14097.0205839695,0,67
2021-01-04,14109.55,14118.8,14107.5,14115.35,14:50:00,14098.21386168669,0,68
2021-01-04,14115.65,14115.85,14109.3,14110.0,14:55:00,14099.87444628796,0,69
2021-01-04,14131.3,14133.95,14115.3,14115.3,15:00:00,14102.867356165296,0,70
2021-01-04,14133.15,14136.3,14129.65,14131.1,15:05:00,14105.751417482888,0,71
2021-01-04,14128.0,14135.9,14123.45,14133.0,15:10:00,14107.870330103564,0,72
2021-01-04,14130.2,14130.45,14122.7,14127.4,15:15:00,14109.996965331797,0,73
2021-01-04,14143.75,14144.75,14128.0,14129.55,15:20:00,14113.211540062102,0,74
2021-01-04,14143.65,14147.95,14140.75,14143.2,15:25:00,14116.110441008568,0,75
2021-01-05,14106.7,14107.05,14048.15,14078.05,09:15:00,14115.214208531565,1,1
2021-01-05,14113.45,14113.65,14092.0,14107.9,09:20:00,14115.046188671413,1,2
2021-01-05,14108.7,14115.7,14092.95,14110.0,09:25:00,14114.441789750326,1,3
2021-01-05,14097.45,14111.25,14094.2,14108.8,09:30:00,14112.82352405982,1,4
2021-01-05,14088.45,14106.35,14086.9,14096.1,09:35:00,14110.502236054122,1,5
2021-01-05,14093.35,14093.35,14077.75,14087.6,09:40:00,14108.868689763254,1,6
2021-01-05,14099.85,14100.4,14088.85,14091.9,09:45:00,14108.00976692866,1,7
2021-01-05,14097.2,14103.15,14093.75,14099.75,09:50:00,14106.980265316406,1,8
2021-01-05,14084.55,14098.7,14084.15,14097.7,09:55:00,14104.844049571986,1,9
2021-01-05,14078.6,14089.9,14077.2,14084.15,10:00:00,14102.344616279415,1,10
2021-01-05,14070.25,14083.95,14069.25,14076.95,10:05:00,14099.287986157568,1,11
2021-01-05,14071.6,14074.4,14066.1,14070.2,10:10:00,14096.65103509494,1,12
2021-01-05,14054.2,14071.7,14053.8,14070.8,10:15:00,14092.608079371614,1,13
2021-01-05,14066.0,14071.95,14049.05,14053.35,10:20:00,14090.073976574316,1,14
2021-01-05,14076.45,14078.8,14064.45,14066.1,10:25:00,14088.77645499581,1,15
2021-01-05,14081.3,14088.25,14074.5,14075.55,10:30:00,14088.064411662876,1,16
2021-01-05,14087.45,14087.45,14076.55,14081.35,10:35:00,14088.005896266412,1,17
2021-01-05,14089.4,14090.3,14080.7,14087.2,10:40:00,14088.138668050564,1,18
2021-01-05,14099.55,14101.55,14083.15,14088.9,10:45:00,14089.225461569557,1,19
2021-01-05,14108.15,14108.15,14099.45,14099.9,10:50:00,14091.027798562933,1,20
2021-01-05,14105.75,14115.15,14102.7,14107.8,10:55:00,14092.42991298551,1,21
2021-01-05,14107.6,14108.7,14105.05,14106.4,11:00:00,14093.874683177366,1,22
2021-01-05,14120.1,14122.9,14107.25,14110.8,11:05:00,14096.372332398569,1,23
2021-01-05,14119.75,14125.8,14118.5,14120.3,11:10:00,14098.598776932038,1,24
2021-01-05,14122.95,14124.35,14113.3,14119.7,11:15:00,14100.917941033747,1,25
2021-01-05,14129.3,14133.7,14119.5,14122.8,11:20:00,14103.62099426863,1,26
2021-01-05,14128.45,14129.85,14121.6,14129.1,11:25:00,14105.98566148114,1,27
2021-01-05,14123.9,14136.0,14123.7,14128.75,11:30:00,14107.691788959126,1,28
2021-01-05,14120.7,14127.7,14117.45,14124.3,11:35:00,14108.930666201117,1,29
2021-01-05,14132.4,14133.4,14119.0,14120.6,11:40:00,14111.16584084863,1,30
2021-01-05,14126.55,14133.65,14124.45,14132.65,11:45:00,14112.630998863046,1,31
2021-01-05,14122.05,14126.45,14121.35,14126.45,11:50:00,14113.528046590376,1,32
2021-01-05,14126.95,14128.15,14114.6,14122.1,11:55:00,14114.806327867482,1,33
2021-01-05,14136.4,14137.55,14126.1,14127.55,12:00:00,14116.862868070575,1,34
2021-01-05,14135.25,14136.9,14126.35,14136.25,12:05:00,14118.614023492428,1,35
2021-01-05,14139.3,14139.95,14134.55,14135.3,12:10:00,14120.58411649315,1,36
2021-01-05,14140.1,14143.85,14136.05,14139.0,12:15:00,14122.44277206523,1,37
2021-01-05,14138.5,14142.05,14136.5,14140.55,12:20:00,14123.97203186854,1,38
2021-01-05,14132.85,14139.15,14129.55,14139.15,12:25:00,14124.817552642966,1,39
2021-01-05,14148.0,14151.85,14132.45,14133.05,12:30:00,14127.025404772206,1,40
2021-01-05,14149.85,14150.45,14142.7,14148.65,12:35:00,14129.199175746282,1,41
2021-01-05,14151.85,14155.1,14149.7,14150.3,12:40:00,14131.356397103778,1,42
2021-01-05,14150.95,14153.15,14146.35,14151.9,12:45:00,14133.222454522467,1,43
2021-01-05,14149.3,14152.3,14147.85,14151.55,12:50:00,14134.75364932985,1,44
2021-01-05,14150.3,14151.65,14148.05,14148.15,12:55:00,14136.23425415558,1,45
2021-01-05,14138.9,14152.7,14137.7,14150.4,13:00:00,14136.48813471219,1,46
2021-01-05,14141.8,14147.05,14136.05,14139.15,13:05:00,14136.994026644365,1,47
2021-01-05,14133.0,14142.9,14131.8,14141.6,13:10:00,14136.613643154424,1,48
2021-01-05,14115.8,14133.35,14114.1,14132.9,13:15:00,14134.631391425432,1,49
2021-01-05,14096.95,14122.1,14096.3,14116.15,13:20:00,14131.042687480152,1,50
2021-01-05,14113.8,14115.55,14087.85,14096.85,13:25:00,14129.400526767757,1,51
2021-01-05,14129.05,14131.9,14113.85,14113.85,13:30:00,14129.367143266065,1,52
2021-01-05,14147.0,14147.0,14126.6,14130.25,13:35:00,14131.046462955012,1,53
2021-01-05,14147.3,14149.5,14142.3,14146.55,13:40:00,14132.59441886406,1,54
2021-01-05,14151.0,14158.25,14146.45,14147.75,13:45:00,14134.347331353196,1,55
2021-01-05,14152.0,14153.75,14146.25,14151.55,13:50:00,14136.028537890988,1,56
2021-01-05,14155.95,14159.3,14152.0,14152.15,13:55:00,14137.925819996606,1,57
2021-01-05,14165.1,14166.35,14155.8,14156.2,14:00:00,14140.513837139786,1,58
2021-01-05,14169.0,14172.4,14162.05,14165.55,14:05:00,14143.226805031234,1,59
2021-01-05,14164.8,14170.3,14163.4,14169.2,14:10:00,14145.28139502826,1,60
2021-01-05,14154.9,14164.3,14152.45,14163.85,14:15:00,14146.197452644616,1,61
2021-01-05,14163.35,14163.35,14146.65,14155.35,14:20:00,14147.831028583225,1,62
2021-01-05,14163.4,14168.95,14158.25,14162.35,14:25:00,14149.313787765775,1,63
2021-01-05,14176.2,14177.4,14161.3,14163.45,14:30:00,14151.87437940713,1,64
2021-01-05,14168.55,14176.7,14162.15,14176.7,14:35:00,14153.462533749307,1,65
2021-01-05,14172.15,14174.5,14166.3,14168.9,14:40:00,14155.24229243985,1,66
2021-01-05,14174.05,14181.65,14171.35,14172.1,14:45:00,14157.033502683676,1,67
2021-01-05,14169.5,14175.95,14168.85,14175.05,14:50:00,14158.220788142373,1,68
2021-01-05,14166.55,14171.0,14161.35,14169.4,14:55:00,14159.014046414526,1,69
2021-01-05,14190.05,14191.15,14166.45,14166.45,15:00:00,14161.969851517904,1,70
2021-01-05,14198.75,14202.1,14189.15,14189.75,15:05:00,14165.472722801913,1,71
2021-01-05,14207.2,14210.6,14197.95,14199.6,15:10:00,14169.446749201732,1,72
2021-01-05,14207.6,14210.0,14198.2,14207.65,15:15:00,14173.080392134902,1,73
2021-01-05,14210.45,14215.6,14195.1,14208.45,15:20:00,14176.639402407767,1,74
2021-01-05,14196.35,14211.5,14194.65,14210.0,15:25:00,14178.516602178455,1,75
2021-01-06,14229.65,14244.15,14203.5,14244.15,09:15:00,14183.386449590032,2,1
2021-01-06,14226.15,14239.3,14224.1,14227.65,09:20:00,14187.459168676696,2,2
2021-01-06,14204.2,14228.1,14204.2,14226.5,09:25:00,14189.05353356463,2,3
2021-01-06,14190.5,14206.55,14188.05,14205.2,09:30:00,14189.19129227276,2,4
2021-01-06,14197.9,14200.0,14183.35,14191.4,09:35:00,14190.020693008688,2,5
2021-01-06,14201.05,14203.5,14191.05,14198.65,09:40:00,14191.071103198336,2,6
2021-01-06,14212.55,14219.2,14201.15,14201.15,09:45:00,14193.116712417544,2,7
2021-01-06,14216.7,14223.35,14208.8,14211.45,09:50:00,14195.36273980635,2,8
2021-01-06,14217.45,14223.05,14212.35,14217.55,09:55:00,14197.46628839622,2,9
2021-01-06,14201.3,14220.45,14199.05,14216.85,10:00:00,14197.831403787057,2,10
2021-01-06,14193.35,14201.6,14183.75,14201.1,10:05:00,14197.404603426385,2,11
2021-01-06,14191.7,14194.0,14174.7,14193.25,10:10:00,14196.861307861967,2,12
2021-01-06,14193.35,14201.3,14185.75,14192.2,10:15:00,14196.5268975894,2,13
2021-01-06,14203.3,14203.3,14187.25,14193.4,10:20:00,14197.17195496184,2,14
2021-01-06,14201.3,14207.8,14195.25,14203.5,10:25:00,14197.56510210833,2,15
2021-01-06,14191.65,14203.45,14186.4,14201.35,10:30:00,14197.001759050394,2,16
2021-01-06,14199.7,14200.45,14191.9,14192.0,10:35:00,14197.25873437893,2,17
2021-01-06,14208.5,14209.5,14198.85,14200.35,10:40:00,14198.329331104746,2,18
2021-01-06,14208.9,14217.2,14206.95,14207.9,10:45:00,14199.336061475722,2,19
2021-01-06,14215.05,14216.8,14206.5,14209.1,10:50:00,14200.832627049462,2,20
2021-01-06,14214.6,14220.5,14213.25,14215.2,10:55:00,14202.143805425703,2,21
2021-01-06,14212.7,14215.05,14210.15,14214.5,11:00:00,14203.149157289923,2,22
2021-01-06,14213.45,14219.1,14212.6,14215.85,11:05:00,14204.130189928976,2,23
2021-01-06,14216.45,14218.55,14211.45,14214.0,11:10:00,14205.303505173835,2,24
2021-01-06,14216.4,14217.75,14213.95,14216.85,11:15:00,14206.3603142049,2,25
2021-01-06,14211.5,14216.95,14211.15,14216.15,11:20:00,14206.849808090148,2,26
2021-01-06,14209.8,14212.85,14199.4,14211.95,11:25:00,14207.13077874823,2,27
2021-01-06,14210.45,14217.5,14207.65,14209.7,11:30:00,14207.44689505792,2,28
2021-01-06,14212.25,14215.25,14204.45,14210.55,11:35:00,14207.904333623834,2,29
2021-01-06,14211.2,14213.6,14209.0,14212.0,11:40:00,14208.21820661204,2,30
2021-01-06,14198.15,14211.15,14194.55,14211.05,11:45:00,14207.259329791848,2,31
2021-01-06,14194.1,14198.05,14187.85,14197.95,11:50:00,14206.006060287862,2,32
2021-01-06,14199.8,14200.0,14185.4,14193.5,11:55:00,14205.415006927113,2,33
2021-01-06,14189.35,14200.05,14185.45,14199.6,12:00:00,14203.885006267388,2,34
2021-01-06,14187.0,14189.55,14177.45,14188.6,12:05:00,14202.276910432398,2,35
2021-01-06,14189.05,14195.65,14186.55,14187.5,12:10:00,14201.017204676931,2,36
2021-01-06,14198.1,14199.0,14186.45,14188.85,12:15:00,14200.73937566008,2,37
2021-01-06,14206.25,14207.4,14197.6,14198.05,12:20:00,14201.264197025788,2,38
2021-01-06,14210.4,14211.0,14206.05,14206.6,12:25:00,14202.134273499523,2,39
2021-01-06,14207.9,14210.95,14202.6,14209.35,12:30:00,14202.683390309092,2,40
2021-01-06,14208.65,14209.7,14204.6,14207.65,12:35:00,14203.251638851085,2,41
2021-01-06,14199.5,14212.8,14197.8,14208.75,12:40:00,14202.894339912886,2,42
2021-01-06,14203.85,14204.65,14190.9,14199.55,12:45:00,14202.985355159277,2,43
2021-01-06,14204.7,14207.9,14203.45,14204.0,12:50:00,14203.148654667915,2,44
2021-01-06,14193.7,14205.4,14188.3,14204.75,12:55:00,14202.248782794784,2,45
2021-01-06,14201.75,14205.3,14192.8,14193.35,13:00:00,14202.20127967147,2,46
2021-01-06,14187.5,14202.5,14186.35,14201.4,13:05:00,14200.801157797996,2,47
2021-01-06,14179.05,14192.15,14177.15,14187.9,13:10:00,14198.729618960091,2,48
2021-01-06,14188.45,14191.7,14161.75,14178.2,13:15:00,14197.750607630558,2,49
2021-01-06,14193.75,14201.1,14188.2,14188.6,13:20:00,14197.369597380028,2,50
2021-01-06,14184.4,14195.85,14182.55,14193.45,13:25:00,14196.134397629548,2,51
2021-01-06,14177.0,14187.55,14170.15,14184.5,13:30:00,14194.312074045782,2,52
2021-01-06,14149.95,14177.65,14149.5,14176.75,13:35:00,14190.08711461285,2,53
2021-01-06,14155.3,14156.75,14124.3,14149.1,13:40:00,14186.774056078291,2,54
2021-01-06,14124.2,14154.8,14119.45,14154.8,13:45:00,14180.814622166074,2,55
2021-01-06,14115.75,14124.2,14090.4,14123.9,13:50:00,14174.61799148359,2,56
2021-01-06,14122.2,14136.0,14110.7,14115.65,13:55:00,14169.625801818487,2,57
2021-01-06,14122.8,14127.6,14110.45,14121.85,14:00:00,14165.166201645296,2,58
2021-01-06,14076.4,14124.1,14076.3,14121.95,14:05:00,14156.712277679078,2,59
2021-01-06,14074.85,14082.45,14039.9,14076.2,14:10:00,14148.915870281073,2,60
2021-01-06,14107.85,14115.9,14063.25,14073.6,14:15:00,14145.004835016209,2,61
2021-01-06,14102.95,14119.8,14097.25,14108.15,14:20:00,14140.99961263371,2,62
2021-01-06,14108.35,14116.5,14099.45,14103.55,14:25:00,14137.890125716214,2,63
2021-01-06,14093.35,14110.65,14078.85,14108.6,14:30:00,14133.648208981338,2,64
2021-01-06,14096.7,14105.95,14089.3,14093.7,14:35:00,14130.129331935495,2,65
2021-01-06,14137.1,14138.25,14095.95,14096.2,14:40:00,14130.793205084496,2,66
2021-01-06,14139.8,14151.85,14138.05,14138.25,14:45:00,14131.650995076448,2,67
2021-01-06,14140.35,14149.45,14130.9,14139.05,14:50:00,14132.479471735836,2,68
2021-01-06,14145.1,14145.1,14133.2,14141.1,14:55:00,14133.681426808613,2,69
2021-01-06,14161.95,14163.75,14145.2,14145.2,15:00:00,14136.37367187446,2,70
2021-01-06,14147.6,14166.35,14145.8,14161.9,15:05:00,14137.442845981654,2,71
2021-01-06,14148.85,14150.9,14137.65,14146.95,15:10:00,14138.529241602448,2,72
2021-01-06,14146.75,14157.9,14140.75,14148.25,15:15:00,14139.312170973642,2,73
2021-01-06,14139.75,14151.2,14124.05,14147.6,15:20:00,14139.353868976152,2,74
2021-01-06,14134.05,14139.9,14127.25,14139.25,15:25:00,14138.848738597471,2,75
2021-01-07,14234.75,14256.25,14222.35,14256.25,09:15:00,14147.982192064375,3,1
2021-01-07,14225.6,14236.3,14218.75,14234.9,09:20:00,14155.37436424872,3,2
2021-01-07,14222.1,14233.0,14218.25,14225.35,09:25:00,14161.729186701225,3,3
2021-01-07,14217.0,14223.7,14212.45,14222.15,09:30:00,14166.99307368206,3,4
2021-01-07,14211.3,14220.55,14208.4,14217.4,09:35:00,14171.212780950436,3,5
2021-01-07,14215.7,14219.3,14208.2,14211.9,09:40:00,14175.449658955156,3,6
2021-01-07,14231.1,14231.45,14214.45,14215.3,09:45:00,14180.749691435618,3,7
2021-01-07,14226.45,14237.0,14224.4,14231.2,09:50:00,14185.102101775085,3,8
2021-01-07,14223.45,14229.75,14222.5,14226.65,09:55:00,14188.754282558408,3,9
2021-01-07,14207.7,14224.6,14205.1,14223.5,10:00:00,14190.558636600465,3,10
2021-01-07,14202.2,14212.85,14200.9,14207.6,10:05:00,14191.667337876612,3,11
2021-01-07,14203.1,14208.7,14193.1,14201.65,10:10:00,14192.756162840744,3,12
2021-01-07,14211.95,14212.3,14202.9,14203.2,10:15:00,14194.584147332102,3,13
2021-01-07,14187.3,14215.2,14182.5,14212.35,10:20:00,14193.89041901476,3,14
2021-01-07,14184.75,14188.1,14176.05,14187.8,10:25:00,14193.019902918117,3,15
2021-01-07,14187.25,14192.4,14173.4,14184.8,10:30:00,14192.470388354484,3,16
2021-01-07,14184.45,14187.7,14178.8,14186.95,10:35:00,14191.706541844533,3,17
2021-01-07,14178.2,14184.5,14178.2,14184.0,10:40:00,14190.420204526004,3,18
2021-01-07,14190.1,14193.45,14178.6,14178.9,10:45:00,14190.389708856865,3,19
2021-01-07,14195.0,14199.3,14189.55,14190.35,10:50:00,14190.828784203828,3,20
2021-01-07,14184.05,14195.4,14176.6,14194.8,10:55:00,14190.183185708223,3,21
2021-01-07,14172.45,14184.85,14165.45,14184.2,11:00:00,14188.49431087887,3,22
2021-01-07,14176.85,14177.55,14170.95,14172.8,11:05:00,14187.385328890408,3,23
2021-01-07,14187.35,14188.35,14169.75,14176.1,11:10:00,14187.381964234177,3,24
2021-01-07,14194.9,14194.9,14181.7,14187.45,11:15:00,14188.097967640446,3,25
2021-01-07,14193.7,14196.0,14190.45,14194.2,11:20:00,14188.631494531832,3,26
2021-01-07,14190.75,14193.75,14186.2,14193.75,11:25:00,14188.833256957372,3,27
2021-01-07,14190.55,14193.15,14188.9,14191.15,11:30:00,14188.996756294766,3,28
2021-01-07,14181.9,14194.55,14180.4,14191.05,11:35:00,14188.320874742883,3,29
2021-01-07,14187.95,14188.7,14179.55,14181.6,11:40:00,14188.2855533388,3,30
2021-01-07,14185.6,14191.2,14181.25,14188.55,11:45:00,14188.029786354153,3,31
2021-01-07,14187.85,14188.2,14182.75,14185.4,11:50:00,14188.012663844233,3,32
2021-01-07,14187.65,14193.35,14186.6,14188.0,11:55:00,14187.978124430498,3,33
2021-01-07,14194.5,14196.45,14187.2,14187.7,12:00:00,14188.599255437117,3,34
2021-01-07,14183.6,14197.45,14183.4,14193.9,12:05:00,14188.123135871676,3,35
2021-01-07,14193.1,14193.4,14181.35,14183.95,12:10:00,14188.597122931516,3,36
2021-01-07,14194.1,14196.55,14189.35,14192.95,12:15:00,14189.121206461848,3,37
2021-01-07,14189.6,14195.0,14186.95,14194.2,12:20:00,14189.166805846437,3,38
2021-01-07,14188.5,14190.45,14184.7,14188.9,12:25:00,14189.103300527726,3,39
2021-01-07,14205.95,14206.45,14188.1,14188.6,12:30:00,14190.707748096514,3,40
2021-01-07,14205.85,14210.3,14203.7,14205.65,12:35:00,14192.149867325415,3,41
2021-01-07,14215.3,14217.05,14206.35,14206.4,12:40:00,14194.354641865855,3,42
2021-01-07,14213.95,14216.1,14208.85,14214.7,12:45:00,14196.22086645006,3,43
2021-01-07,14209.8,14214.8,14208.7,14213.65,12:50:00,14197.514117264338,3,44
2021-01-07,14206.35,14210.3,14204.65,14209.9,12:55:00,14198.35562990583,3,45
2021-01-07,14198.6,14207.2,14190.45,14206.85,13:00:00,14198.37890324813,3,46
2021-01-07,14204.05,14205.6,14197.45,14198.35,13:05:00,14198.91900770069,3,47
2021-01-07,14207.55,14210.85,14203.4,14204.5,13:10:00,14199.741006967291,3,48
2021-01-07,14211.05,14214.6,14205.75,14208.0,13:15:00,14200.818053922789,3,49
2021-01-07,14208.35,14211.25,14203.55,14211.0,13:20:00,14201.535382120615,3,50
2021-01-07,14209.65,14213.8,14207.4,14208.75,13:25:00,14202.308202871032,3,51
2021-01-07,14192.85,14209.7,14191.25,14209.7,13:30:00,14201.40742164522,3,52
2021-01-07,14173.0,14192.35,14164.55,14192.3,13:35:00,14198.701952917105,3,53
2021-01-07,14176.75,14182.2,14157.5,14172.35,13:40:00,14196.61129073452,3,54
2021-01-07,14186.15,14191.5,14177.2,14177.2,13:45:00,14195.614977331234,3,55
2021-01-07,14194.9,14197.6,14185.75,14185.95,13:50:00,14195.546884252068,3,56
2021-01-07,14198.25,14199.1,14188.0,14195.1,13:55:00,14195.80432384711,3,57
2021-01-07,14188.7,14198.7,14175.45,14198.15,14:00:00,14195.127721575956,3,58
2021-01-07,14185.5,14191.3,14181.35,14188.25,14:05:00,14194.21079571158,3,59
2021-01-07,14188.5,14188.6,14172.05,14185.55,14:10:00,14193.666910405713,3,60
2021-01-07,14182.2,14190.65,14179.05,14189.0,14:15:00,14192.574823700408,3,61
2021-01-07,14185.25,14186.65,14177.85,14181.7,14:20:00,14191.877221443228,3,62
2021-01-07,14190.8,14193.65,14181.7,14184.75,14:25:00,14191.774628924824,3,63
2021-01-07,14186.1,14193.7,14179.3,14190.7,14:30:00,14191.23418807484,3,64
2021-01-07,14194.4,14195.05,14185.15,14185.95,14:35:00,14191.535693972475,3,65
2021-01-07,14185.25,14194.95,14183.25,14194.15,14:40:00,14190.937056451288,3,66
2021-01-07,14173.95,14186.05,14168.2,14185.75,14:45:00,14189.319241551166,3,67
2021-01-07,14183.1,14185.2,14173.5,14173.7,14:50:00,14188.726932832007,3,68
2021-01-07,14176.65,14183.6,14176.65,14182.9,14:55:00,14187.576748752768,3,69
2021-01-07,14160.85,14177.9,14136.65,14176.55,15:00:00,14185.031344109648,3,70
2021-01-07,14137.4,14163.05,14137.25,14161.55,15:05:00,14180.495025623017,3,71
2021-01-07,14135.65,14141.9,14124.6,14137.6,15:10:00,14176.224070801776,3,72
2021-01-07,14129.95,14137.8,14123.1,14136.55,15:15:00,14171.817016439703,3,73
2021-01-07,14130.0,14140.4,14125.05,14130.15,15:20:00,14167.834443445448,3,74
2021-01-07,14148.45,14148.45,14129.45,14129.9,15:25:00,14165.988305974452,3,75
2021-01-08,14239.9,14259.15,14230.35,14259.15,09:15:00,14173.027514929265,4,1
2021-01-08,14235.8,14245.45,14221.65,14240.6,09:20:00,14179.005846840762,4,2
2021-01-08,14246.0,14248.75,14235.3,14235.6,09:25:00,14185.386242379738,4,3
2021-01-08,14251.95,14252.65,14240.75,14246.4,09:30:00,14191.725647867384,4,4
2021-01-08,14250.25,14251.8,14245.35,14251.8,09:35:00,14197.299395689535,4,5
2021-01-08,14238.75,14250.85,14234.05,14250.1,09:40:00,14201.247072290533,4,6
2021-01-08,14238.95,14245.25,14234.85,14239.3,09:45:00,14204.83782731048,4,7
2021-01-08,14236.3,14238.5,14227.2,14238.5,09:50:00,14207.834224709482,4,8
2021-01-08,14242.35,14245.8,14235.45,14235.6,09:55:00,14211.121441403817,4,9
2021-01-08,14240.7,14246.05,14240.15,14242.85,10:00:00,14213.938446984406,4,10
2021-01-08,14245.2,14245.25,14238.45,14240.8,10:05:00,14216.915737747797,4,11
2021-01-08,14253.35,14256.9,14244.55,14244.55,10:10:00,14220.385667486102,4,12
2021-01-08,14254.05,14261.2,14252.6,14252.9,10:15:00,14223.591794392189,4,13
2021-01-08,14266.25,14267.4,14253.85,14254.75,10:20:00,14227.65448064055,4,14
2021-01-08,14267.95,14274.7,14265.6,14265.6,10:25:00,14231.492149150976,4,15
2021-01-08,14273.1,14278.15,14267.35,14267.55,10:30:00,14235.454801612788,4,16
2021-01-08,14286.95,14289.05,14272.4,14273.15,10:35:00,14240.359106221094,4,17
2021-01-08,14282.1,14289.3,14281.15,14287.75,10:40:00,14244.334429438131,4,18
2021-01-08,14277.45,14282.4,14272.1,14282.0,10:45:00,14247.488293301169,4,19
2021-01-08,14273.35,14277.9,14271.55,14277.9,10:50:00,14249.951312986772,4,20
2021-01-08,14272.1,14280.7,14272.1,14274.1,10:55:00,14252.060711749937,4,21
2021-01-08,14263.7,14272.95,14263.7,14271.45,11:00:00,14253.169215392802,4,22
2021-01-08,14267.25,14273.5,14262.7,14264.05,11:05:00,14254.510242498249,4,23
2021-01-08,14273.7,14275.8,14260.7,14266.85,11:10:00,14256.337838450796,4,24
2021-01-08,14268.8,14273.45,14266.4,14273.2,11:15:00,14257.52471097929,4,25
2021-01-08,14268.6,14273.45,14265.85,14268.7,11:20:00,14258.579500409836,4,26
2021-01-08,14264.4,14268.85,14263.0,14268.15,11:25:00,14259.133833704136,4,27
2021-01-08,14273.25,14273.25,14261.75,14264.3,11:30:00,14260.478230494218,4,28
2021-01-08,14280.95,14281.25,14271.1,14273.8,11:35:00,14262.427922828105,4,29
2021-01-08,14283.35,14286.5,14280.65,14281.3,11:40:00,14264.42050160638,4,30
2021-01-08,14276.7,14286.85,14273.85,14283.4,11:45:00,14265.589977643867,4,31
2021-01-08,14290.45,14291.7,14276.4,14276.4,11:50:00,14267.957598820642,4,32
2021-01-08,14288.5,14291.05,14285.3,14290.2,11:55:00,14269.91401798058,4,33
2021-01-08,14275.2,14291.3,14275.15,14288.55,12:00:00,14270.417444839572,4,34
2021-01-08,14285.5,14287.3,14272.15,14275.25,12:05:00,14271.853878664377,4,35
2021-01-08,14287.8,14288.0,14277.7,14286.2,12:10:00,14273.372556886816,4,36
2021-01-08,14291.25,14291.85,14287.25,14288.45,12:15:00,14275.075170516644,4,37
2021-01-08,14289.9,14295.5,14288.55,14291.5,12:20:00,14276.487059038867,4,38
2021-01-08,14293.95,14296.25,14288.6,14290.75,12:25:00,14278.150196273262,4,39
2021-01-08,14291.3,14295.45,14287.0,14294.25,12:30:00,14279.402558532953,4,40
2021-01-08,14299.15,14299.6,14284.0,14291.6,12:35:00,14281.2832672441,4,41
2021-01-08,14298.15,14300.2,14294.85,14298.8,12:40:00,14282.889622744662,4,42
2021-01-08,14292.95,14302.1,14292.0,14298.9,12:45:00,14283.847753911838,4,43
2021-01-08,14289.3,14292.8,14289.05,14292.2,12:50:00,14284.367015444044,4,44
2021-01-08,14293.75,14297.0,14287.75,14289.0,12:55:00,14285.260633020802,4,45
2021-01-08,14292.1,14295.2,14286.2,14292.85,13:00:00,14285.912001304534,4,46
2021-01-08,14291.75,14292.5,14282.55,14291.95,13:05:00,14286.468001180292,4,47
2021-01-08,14289.15,14292.9,14286.7,14291.4,13:10:00,14286.723429639313,4,48
2021-01-08,14294.3,14295.2,14282.45,14289.05,13:15:00,14287.445007768902,4,49
2021-01-08,14297.8,14298.5,14295.15,14295.25,13:20:00,14288.431197505197,4,50
2021-01-08,14291.5,14298.7,14285.75,14298.15,13:25:00,14288.723464409464,4,51
2021-01-08,14281.8,14292.35,14281.7,14292.0,13:30:00,14288.064086846658,4,52
2021-01-08,14269.15,14285.95,14269.15,14283.0,13:35:00,14286.262745242217,4,53
2021-01-08,14273.15,14273.55,14262.05,14268.55,13:40:00,14285.013912362005,4,54
2021-01-08,14290.55,14291.1,14273.55,14273.9,13:45:00,14285.54115880372,4,55
2021-01-08,14286.6,14290.1,14280.35,14290.05,13:50:00,14285.642000822412,4,56
2021-01-08,14295.5,14296.45,14284.7,14286.4,13:55:00,14286.580857886946,4,57
2021-01-08,14284.3,14296.6,14280.4,14295.35,14:00:00,14286.363633326284,4,58
2021-01-08,14282.15,14290.8,14278.8,14283.95,14:05:00,14285.962334914258,4,59
2021-01-08,14286.0,14287.6,14272.75,14281.8,14:10:00,14285.965922065285,4,60
2021-01-08,14276.75,14286.35,14260.8,14285.65,14:15:00,14285.088215201922,4,61
2021-01-08,14291.2,14291.2,14268.3,14275.85,14:20:00,14285.670289944595,4,62
2021-01-08,14296.65,14298.1,14285.4,14291.45,14:25:00,14286.71597661654,4,63
2021-01-08,14291.05,14298.05,14286.85,14296.95,14:30:00,14287.128740748296,4,64
2021-01-08,14319.5,14320.55,14290.35,14290.8,14:35:00,14290.211717819886,4,65
2021-01-08,14317.1,14322.5,14310.8,14319.7,14:40:00,14292.772506598943,4,66
2021-01-08,14326.1,14335.3,14316.7,14317.3,14:45:00,14295.94655358952,4,67
2021-01-08,14318.25,14326.15,14316.95,14326.15,14:50:00,14298.070691342898,4,68
2021-01-08,14310.7,14319.15,14305.55,14318.1,14:55:00,14299.273482643574,4,69
2021-01-08,14336.25,14341.7,14312.2,14312.2,15:00:00,14302.79505572514,4,70
2021-01-08,14346.85,14347.35,14334.5,14337.1,15:05:00,14306.990764703698,4,71
2021-01-08,14357.25,14358.2,14343.6,14346.7,15:10:00,14311.777358541442,4,72
2021-01-08,14352.55,14358.65,14345.35,14357.45,15:15:00,14315.66046725178,4,73
2021-01-08,14350.15,14367.3,14346.45,14352.45,15:20:00,14318.945184656372,4,74
2021-01-08,14343.9,14356.2,14343.45,14348.8,15:25:00,14321.321833736718,4,75
2021-01-12,14462.25,14483.05,14432.85,14483.05,09:15:00,14471.391300391091,1,1
2021-01-12,14477.85,14479.45,14460.45,14464.85,09:20:00,14472.006414639562,1,2
2021-01-12,14489.65,14490.2,14473.0,14476.95,09:25:00,14473.68675610246,1,3
2021-01-12,14487.55,14496.8,14481.8,14490.6,09:30:00,14475.007065045083,1,4
2021-01-12,14491.25,14494.15,14485.0,14487.35,09:35:00,14476.554011231266,1,5
2021-01-12,14496.35,14498.55,14487.05,14491.95,09:40:00,14478.439343494956,1,6
2021-01-12,14492.2,14499.95,14486.7,14497.3,09:45:00,14479.749882209722,1,7
2021-01-12,14479.2,14493.35,14478.05,14491.95,09:50:00,14479.697512475464,1,8
2021-01-12,14472.7,14478.55,14466.65,14478.55,09:55:00,14479.031082715896,1,9
2021-01-12,14475.2,14480.05,14469.25,14471.6,10:00:00,14478.666217695334,1,10
2021-01-12,14481.1,14486.15,14475.4,14475.7,10:05:00,14478.898006486254,1,11
2021-01-12,14459.1,14480.65,14458.25,14480.65,10:10:00,14477.01248205899,1,12
2021-01-12,14468.75,14469.9,14450.6,14458.4,10:15:00,14476.225579005752,1,13
2021-01-12,14461.95,14470.0,14460.95,14468.6,10:20:00,14474.866000052823,1,14
2021-01-12,14473.4,14473.65,14461.6,14462.45,10:25:00,14474.726381000177,1,15
2021-01-12,14470.9,14477.15,14470.85,14473.25,10:30:00,14474.361963762063,1,16
2021-01-12,14482.95,14484.1,14471.35,14471.35,10:35:00,14475.1798719752,1,17
2021-01-12,14488.4,14489.05,14478.8,14483.75,10:40:00,14476.438931787086,1,18
2021-01-12,14478.45,14488.7,14477.95,14488.7,10:45:00,14476.63046209308,1,19
2021-01-12,14476.4,14481.5,14470.05,14478.1,10:50:00,14476.60851332231,1,20
2021-01-12,14471.1,14477.45,14469.45,14477.45,10:55:00,14476.0838930059,1,21
2021-01-12,14465.0,14472.95,14462.8,14470.8,11:00:00,14475.028284148197,1,22
2021-01-12,14464.45,14467.65,14460.6,14465.9,11:05:00,14474.020828515031,1,23
2021-01-12,14494.2,14494.2,14463.35,14464.8,11:10:00,14475.942654370743,1,24
2021-01-12,14500.2,14503.7,14494.05,14494.05,11:15:00,14478.252877764004,1,25
2021-01-12,14496.75,14510.05,14495.9,14501.1,11:20:00,14480.014508453149,1,26
2021-01-12,14496.3,14504.0,14493.25,14496.65,11:25:00,14481.565507648083,1,27
2021-01-12,14491.3,14497.95,14490.8,14495.7,11:30:00,14482.492602157792,1,28
2021-01-12,14497.85,14499.45,14490.7,14491.15,11:35:00,14483.955211476095,1,29
2021-01-12,14494.9,14500.75,14493.95,14497.3,11:40:00,14484.9975722879,1,30
2021-01-12,14488.4,14496.3,14487.75,14494.15,11:45:00,14485.321613022385,1,31
2021-01-12,14490.9,14491.6,14485.0,14487.15,11:50:00,14485.852887972636,1,32
2021-01-12,14491.0,14494.5,14489.55,14490.2,11:55:00,14486.343089118098,1,33
2021-01-12,14517.85,14521.8,14490.1,14490.1,12:00:00,14489.343747297326,1,34
2021-01-12,14523.2,14525.8,14509.95,14517.1,12:05:00,14492.568152316628,1,35
2021-01-12,14516.55,14523.35,14510.4,14522.0,12:10:00,14494.85213781028,1,36
2021-01-12,14516.6,14521.5,14512.5,14517.5,12:15:00,14496.92336278073,1,37
2021-01-12,14513.35,14518.35,14511.7,14516.5,12:20:00,14498.487804420662,1,38
2021-01-12,14519.75,14519.75,14512.25,14512.9,12:25:00,14500.512775428218,1,39
2021-01-12,14523.8,14525.1,14514.1,14520.0,12:30:00,14502.730606339815,1,40
2021-01-12,14535.35,14536.35,14522.2,14523.65,12:35:00,14505.837215259837,1,41
2021-01-12,14537.7,14540.5,14534.4,14536.05,12:40:00,14508.871766187469,1,42
2021-01-12,14531.85,14542.4,14530.05,14537.9,12:45:00,14511.06016940771,1,43
2021-01-12,14536.85,14541.45,14528.05,14532.1,12:50:00,14513.516343749834,1,44
2021-01-12,14527.55,14540.9,14525.15,14537.35,12:55:00,14514.852882440326,1,45
2021-01-12,14538.9,14541.6,14527.4,14527.4,13:00:00,14517.143084112677,1,46
2021-01-12,14542.85,14545.8,14538.75,14538.75,13:05:00,14519.591361816229,1,47
2021-01-12,14548.0,14550.65,14541.55,14542.75,13:10:00,14522.296946405158,1,48
2021-01-12,14552.3,14563.0,14547.9,14547.95,13:15:00,14525.154380080858,1,49
2021-01-12,14553.3,14553.8,14544.35,14551.05,13:20:00,14527.834915311252,1,50
2021-01-12,14550.65,14556.85,14548.55,14552.95,13:25:00,14530.007780519703,1,51
2021-01-12,14559.9,14563.2,14550.2,14550.7,13:30:00,14532.854658565446,1,52
2021-01-12,14567.5,14571.5,14554.3,14558.95,13:35:00,14536.154214892544,1,53
2021-01-12,14577.75,14579.05,14566.9,14567.05,13:40:00,14540.115718236111,1,54
2021-01-12,14549.25,14581.65,14548.8,14577.85,13:45:00,14540.985649832674,1,55
2021-01-12,14554.9,14560.85,14544.45,14549.35,13:50:00,14542.310826039084,1,56
2021-01-12,14565.4,14567.1,14554.5,14554.55,13:55:00,14544.509794987744,1,57
2021-01-12,14566.5,14571.3,14557.5,14565.2,14:00:00,14546.604100227005,1,58
2021-01-12,14570.9,14574.95,14563.95,14566.55,14:05:00,14548.917995443482,1,59
2021-01-12,14570.1,14571.85,14565.5,14570.15,14:10:00,14550.93532921077,1,60
2021-01-12,14568.15,14571.9,14561.0,14569.9,14:15:00,14552.574821666887,1,61
2021-01-12,14570.75,14570.9,14565.15,14568.45,14:20:00,14554.305791031944,1,62
2021-01-12,14576.7,14580.4,14570.35,14571.0,14:25:00,14556.438572838426,1,63
2021-01-12,14567.05,14580.2,14562.25,14577.3,14:30:00,14557.449184949051,1,64
2021-01-12,14576.0,14590.65,14564.25,14567.35,14:35:00,14559.21592923962,1,65
2021-01-12,14581.0,14582.95,14575.8,14575.8,14:40:00,14561.290602645371,1,66
2021-01-12,14574.85,14585.65,14572.75,14580.85,14:45:00,14562.581973822003,1,67
2021-01-12,14565.1,14574.9,14556.8,14574.9,14:50:00,14562.821785838954,1,68
2021-01-12,14561.1,14571.85,14561.1,14564.9,14:55:00,14562.657806235244,1,69
2021-01-12,14572.05,14572.45,14560.9,14560.9,15:00:00,14563.552300879506,1,70
2021-01-12,14571.3,14574.0,14564.05,14572.7,15:05:00,14564.29017698622,1,71
2021-01-12,14569.6,14572.85,14562.95,14570.55,15:10:00,14564.795874416104,1,72
2021-01-12,14559.5,14570.75,14558.15,14569.9,15:15:00,14564.291505424097,1,73
2021-01-12,14566.2,14572.8,14554.0,14560.95,15:20:00,14564.473266812276,1,74
2021-01-12,14574.75,14575.65,14565.65,14566.05,15:25:00,14565.452003306344,1,75
2021-01-13,14633.4,14645.8,14617.65,14644.1,09:15:00,14577.778170507008,2,1
2021-01-13,14641.8,14643.15,14626.75,14633.05,09:20:00,14583.87548760158,2,2
2021-01-13,14631.15,14642.2,14622.8,14641.9,09:25:00,14588.377822115715,2,3
2021-01-13,14634.8,14634.8,14622.1,14630.5,09:30:00,14592.79898191422,2,4
2021-01-13,14648.35,14648.75,14634.1,14634.3,09:35:00,14598.089555065246,2,5
2021-01-13,14645.25,14653.35,14644.0,14649.25,09:40:00,14602.581026011412,2,6
2021-01-13,14637.25,14650.1,14637.25,14646.0,09:45:00,14605.882833057944,2,7
2021-01-13,14642.05,14643.85,14634.25,14637.05,09:50:00,14609.327325147664,2,8
2021-01-13,14627.1,14644.75,14625.7,14642.3,09:55:00,14611.019960847883,2,9
2021-01-13,14634.2,14638.95,14627.9,14628.5,10:00:00,14613.227583624275,2,10
2021-01-13,14628.5,14635.05,14627.5,14633.75,10:05:00,14614.682099469585,2,11
2021-01-13,14623.4,14629.85,14619.65,14628.2,10:10:00,14615.512375710578,2,12
2021-01-13,14615.75,14625.75,14608.75,14622.25,10:15:00,14615.535006595284,2,13
2021-01-13,14622.1,14623.85,14606.2,14614.95,10:20:00,14616.1602440624,2,14
2021-01-13,14624.7,14636.05,14620.05,14621.35,10:25:00,14616.973554151697,2,15
2021-01-13,14605.85,14626.0,14604.4,14625.0,10:30:00,14615.91416804201,2,16
2021-01-13,14596.65,14604.75,14586.05,14604.25,10:35:00,14614.079485371343,2,17
2021-01-13,14602.35,14605.35,14585.8,14596.7,10:40:00,14612.962391526456,2,18
2021-01-13,14612.6,14619.05,14601.15,14602.6,10:45:00,14612.927878047743,2,19
2021-01-13,14617.6,14620.6,14606.75,14611.9,10:50:00,14613.372842043196,2,20
2021-01-13,14605.2,14618.15,14602.6,14617.65,10:55:00,14612.594476134322,2,21
2021-01-13,14606.9,14610.9,14603.75,14604.9,11:00:00,14612.05214507391,2,22
2021-01-13,14606.1,14613.7,14599.35,14607.4,11:05:00,14611.48527411449,2,23
2021-01-13,14601.95,14607.4,14598.25,14605.45,11:10:00,14610.577152770253,2,24
2021-01-13,14597.4,14602.6,14588.5,14601.6,11:15:00,14609.322185839754,2,25
2021-01-13,14575.45,14603.45,14567.45,14597.3,11:20:00,14606.096263378824,2,26
2021-01-13,14574.2,14585.25,14563.9,14575.9,11:25:00,14603.058524009411,2,27
2021-01-13,14558.7,14579.6,14548.1,14574.15,11:30:00,14598.833902675182,2,28
2021-01-13,14556.05,14574.1,14555.95,14557.9,11:35:00,14594.759245277544,2,29
2021-01-13,14556.7,14564.15,14546.15,14555.95,11:40:00,14591.134555251112,2,30
2021-01-13,14572.15,14574.95,14543.7,14556.95,11:45:00,14589.326502370055,2,31
2021-01-13,14567.4,14577.85,14566.6,14571.3,11:50:00,14587.238264049098,2,32
2021-01-13,14548.55,14567.5,14548.15,14566.5,11:55:00,14583.553667472992,2,33
2021-01-13,14534.3,14548.65,14526.1,14548.45,12:00:00,14578.862841999377,2,34
2021-01-13,14536.85,14552.05,14533.65,14534.45,12:05:00,14574.861618951816,2,35
2021-01-13,14560.0,14560.5,14536.95,14536.95,12:10:00,14573.44622667069,2,36
2021-01-13,14564.4,14571.2,14552.3,14559.85,12:15:00,14572.584681273482,2,37
2021-01-13,14564.75,14577.7,14563.45,14564.35,12:20:00,14571.838521152198,2,38
2021-01-13,14558.55,14574.15,14557.6,14564.8,12:25:00,14570.572947709132,2,39
2021-01-13,14562.55,14570.85,14557.5,14557.5,12:30:00,14569.808857451118,2,40
2021-01-13,14560.15,14569.7,14559.1,14563.95,12:35:00,14568.888966265296,2,41
2021-01-13,14561.7,14562.1,14552.95,14560.1,12:40:00,14568.20430281146,2,42
2021-01-13,14576.55,14578.1,14561.3,14562.55,12:45:00,14568.99913111513,2,43
2021-01-13,14578.05,14589.4,14576.9,14577.15,12:50:00,14569.861118627974,2,44
2021-01-13,14567.05,14584.15,14564.95,14578.75,12:55:00,14569.59339304436,2,45
2021-01-13,14571.3,14573.6,14561.8,14567.1,13:00:00,14569.755927040134,2,46
2021-01-13,14559.85,14572.05,14555.5,14570.85,13:05:00,14568.812505417263,2,47
2021-01-13,14545.6,14565.35,14537.5,14560.0,13:10:00,14566.60179061562,2,48
2021-01-13,14553.3,14557.9,14534.0,14546.25,13:15:00,14565.33495341413,2,49
2021-01-13,14548.45,14555.0,14548.45,14552.95,13:20:00,14563.726862612784,2,50
2021-01-13,14549.9,14552.65,14534.4,14548.05,13:25:00,14562.410018554425,2,51
2021-01-13,14520.8,14563.95,14518.45,14550.0,13:30:00,14558.447159644478,2,52
2021-01-13,14520.95,14526.15,14496.55,14520.0,13:35:00,14554.8760015831,2,53
2021-01-13,14519.0,14532.25,14516.6,14520.3,13:40:00,14551.459239527569,2,54
2021-01-13,14495.45,14520.25,14491.55,14517.7,13:45:00,14546.125026239228,2,55
2021-01-13,14493.7,14508.9,14480.25,14495.75,13:50:00,14541.132166597396,2,56
2021-01-13,14478.3,14509.55,14475.25,14494.5,13:55:00,14535.148150730978,2,57
2021-01-13,14447.75,14477.05,14435.7,14476.9,14:00:00,14526.824517328028,2,58
2021-01-13,14451.25,14470.75,14447.1,14448.3,14:05:00,14519.626944249168,2,59
2021-01-13,14499.3,14507.4,14448.85,14451.4,14:10:00,14517.691044796866,2,60
2021-01-13,14489.05,14510.8,14484.45,14500.0,14:15:00,14514.963326244782,2,61
2021-01-13,14504.7,14505.55,14485.75,14490.0,14:20:00,14513.98586660242,2,62
2021-01-13,14536.55,14538.0,14504.75,14504.75,14:25:00,14516.134831687905,2,63
2021-01-13,14528.7,14545.05,14518.3,14536.7,14:30:00,14517.331514384296,2,64
2021-01-13,14523.15,14535.05,14520.75,14529.45,14:35:00,14517.885655871503,2,65
2021-01-13,14523.0,14533.5,14513.35,14521.8,14:40:00,14518.372736264697,2,66
2021-01-13,14535.6,14536.4,14517.15,14522.65,14:45:00,14520.013428049013,2,67
2021-01-13,14551.8,14552.3,14535.4,14535.4,14:50:00,14523.040720615772,2,68
2021-01-13,14552.4,14566.7,14551.25,14551.95,14:55:00,14525.83684246189,2,69
2021-01-13,14577.1,14577.1,14552.65,14552.9,15:00:00,14530.71904794171,2,70
2021-01-13,14568.05,14579.65,14567.7,14577.9,15:05:00,14534.274376709163,2,71
2021-01-13,14575.8,14577.2,14561.85,14568.55,15:10:00,14538.22919797496,2,72
2021-01-13,14565.5,14578.0,14553.45,14575.45,15:15:00,14540.826417215438,2,73
2021-01-13,14555.65,14566.8,14540.2,14566.6,15:20:00,14542.238187004445,2,74
2021-01-13,14558.3,14560.8,14549.95,14555.7,15:25:00,14543.76788348021,2,75
2021-01-14,14543.2,14553.3,14524.1,14552.65,09:15:00,14543.71379933924,3,1
2021-01-14,14550.4,14556.6,14536.45,14542.7,09:20:00,14544.35058035455,3,2
2021-01-14,14521.55,14562.8,14521.4,14550.05,09:25:00,14542.17909651126,3,3
2021-01-14,14521.05,14527.6,14497.35,14521.1,09:30:00,14540.166801605426,3,4
2021-01-14,14487.45,14525.05,14481.55,14520.3,09:35:00,14535.14615383348,3,5
2021-01-14,14494.15,14507.8,14485.25,14487.3,09:40:00,14531.241758230291,3,6
2021-01-14,14473.6,14501.85,14471.5,14494.4,09:45:00,14525.752066970264,3,7
2021-01-14,14501.0,14507.1,14473.45,14473.45,09:50:00,14523.39472725881,3,8
2021-01-14,14514.95,14517.05,14498.8,14499.95,09:55:00,14522.590467519876,3,9
2021-01-14,14519.25,14524.95,14515.05,14515.05,10:00:00,14522.272327756078,3,10
2021-01-14,14510.55,14526.15,14510.5,14519.05,10:05:00,14521.155915588834,3,11
2021-01-14,14507.8,14516.3,14503.95,14510.35,10:10:00,14519.883923627993,3,12
2021-01-14,14507.75,14514.6,14499.95,14508.8,10:15:00,14518.728311853898,3,13
2021-01-14,14513.2,14516.85,14501.65,14508.5,10:20:00,14518.201805963052,3,14
2021-01-14,14530.45,14530.45,14512.2,14513.15,10:25:00,14519.368300633238,3,15
2021-01-14,14529.0,14537.4,14525.3,14531.05,10:30:00,14520.285605334837,3,16
2021-01-14,14535.35,14536.75,14528.4,14528.85,10:35:00,14521.720309588662,3,17
2021-01-14,14537.25,14539.15,14528.65,14534.6,10:40:00,14523.199327723074,3,18
2021-01-14,14538.15,14545.75,14534.1,14536.95,10:45:00,14524.623201273258,3,19
2021-01-14,14528.65,14544.9,14528.3,14537.6,10:50:00,14525.0067059139,3,20
2021-01-14,14540.2,14543.55,14528.7,14528.7,10:55:00,14526.453686303052,3,21
2021-01-14,14552.85,14555.5,14540.2,14540.8,11:00:00,14528.967620940855,3,22
2021-01-14,14573.8,14577.4,14551.85,14551.95,11:05:00,14533.237371327445,3,23
2021-01-14,14567.55,14573.7,14564.0,14573.7,11:10:00,14536.50524072483,3,24
2021-01-14,14566.1,14569.35,14556.65,14567.45,11:15:00,14539.323789227226,3,25
2021-01-14,14572.15,14573.45,14558.05,14566.45,11:20:00,14542.450095015109,3,26
2021-01-14,14581.65,14587.25,14568.95,14572.65,11:25:00,14546.183419299385,3,27
2021-01-14,14577.85,14587.0,14576.2,14581.7,11:30:00,14549.199284128015,3,28
2021-01-14,14571.15,14581.3,14571.1,14578.9,11:35:00,14551.289828496776,3,29
2021-01-14,14573.75,14576.7,14565.2,14571.45,11:40:00,14553.428892449463,3,30
2021-01-14,14562.45,14573.7,14557.15,14573.55,11:45:00,14554.288045549516,3,31
2021-01-14,14571.55,14572.45,14560.05,14562.3,11:50:00,14555.932041211468,3,32
2021-01-14,14566.4,14576.5,14565.15,14571.9,11:55:00,14556.928989667516,3,33
2021-01-14,14564.45,14566.45,14557.3,14565.0,12:00:00,14557.645276365847,3,34
2021-01-14,14573.3,14574.15,14559.75,14564.5,12:05:00,14559.136202426243,3,35
2021-01-14,14569.9,14576.2,14568.85,14573.6,12:10:00,14560.161326004696,3,36
2021-01-14,14583.85,14584.95,14569.7,14570.0,12:15:00,14562.417390194723,3,37
2021-01-14,14580.05,14584.95,14578.65,14583.95,12:20:00,14564.096686366654,3,38
2021-01-14,14590.25,14590.9,14573.9,14580.2,12:25:00,14566.58747814126,3,39
2021-01-14,14588.2,14596.7,14584.15,14590.55,12:30:00,14568.645813556375,3,40
2021-01-14,14582.15,14592.95,14579.25,14588.5,12:35:00,14569.931926551008,3,41
2021-01-14,14583.05,14583.8,14576.7,14582.05,12:40:00,14571.181266879485,3,42
2021-01-14,14582.2,14588.9,14581.45,14584.1,12:45:00,14572.230670033818,3,43
2021-01-14,14580.0,14582.45,14565.8,14581.15,12:50:00,14572.970606221072,3,44
2021-01-14,14571.3,14582.2,14569.85,14579.9,12:55:00,14572.811500866685,3,45
2021-01-14,14558.6,14571.75,14556.15,14571.75,13:00:00,14571.458024593669,3,46
2021-01-14,14577.55,14580.7,14558.35,14559.0,13:05:00,14572.038212727604,3,47
2021-01-14,14584.8,14586.65,14576.2,14577.05,13:10:00,14573.25362103926,3,48
2021-01-14,14573.85,14584.95,14573.8,14584.4,13:15:00,14573.310419035524,3,49
2021-01-14,14581.2,14582.3,14566.35,14573.5,13:20:00,14574.061807698808,3,50
2021-01-14,14575.5,14583.1,14575.5,14580.6,13:25:00,14574.19877839416,3,51
2021-01-14,14571.85,14577.45,14569.7,14575.4,13:30:00,14573.975085213762,3,52
2021-01-14,14592.6,14595.8,14566.65,14571.25,13:35:00,14575.748886621976,3,53
2021-01-14,14583.5,14595.0,14582.65,14592.55,13:40:00,14576.487087896072,3,54
2021-01-14,14600.4,14602.6,14583.65,14584.05,13:45:00,14578.764508096448,3,55
2021-01-14,14608.65,14610.5,14600.25,14600.25,13:50:00,14581.610745420594,3,56
2021-01-14,14602.7,14617.8,14602.5,14608.45,13:55:00,14583.619245856728,3,57
2021-01-14,14598.45,14607.4,14595.9,14602.2,14:00:00,14585.031698632278,3,58
2021-01-14,14591.4,14599.55,14588.6,14598.75,14:05:00,14585.63820352444,3,59
2021-01-14,14592.0,14592.25,14582.9,14592.0,14:10:00,14586.244088903066,3,60
2021-01-14,14597.6,14606.85,14591.55,14591.55,14:15:00,14587.32560424563,3,61
2021-01-14,14605.3,14605.35,14594.1,14597.75,14:20:00,14589.037451460334,3,62
2021-01-14,14594.65,14608.05,14593.95,14605.15,14:25:00,14589.571979892684,3,63
2021-01-14,14606.35,14611.0,14593.6,14594.2,14:30:00,14591.169886569573,3,64
2021-01-14,14606.5,14609.35,14602.65,14607.2,14:35:00,14592.629897372472,3,65
2021-01-14,14580.45,14609.2,14580.3,14606.3,14:40:00,14591.469907146522,3,66
2021-01-14,14585.45,14594.3,14578.85,14578.85,14:45:00,14590.896582656378,3,67
2021-01-14,14590.15,14590.75,14579.5,14585.35,14:50:00,14590.825479546247,3,68
2021-01-14,14580.95,14597.6,14580.85,14589.95,14:55:00,14589.8849576847,3,69
2021-01-14,14597.75,14597.75,14578.05,14579.4,15:00:00,14590.634009333777,3,70
2021-01-14,14605.3,14607.95,14597.1,14597.55,15:05:00,14592.030770349606,3,71
2021-01-14,14587.6,14608.95,14584.4,14606.15,15:10:00,14591.608792221072,3,72
2021-01-14,14593.7,14595.9,14584.8,14587.75,15:15:00,14591.807954866685,3,73
2021-01-14,14599.65,14604.45,14591.15,14593.15,15:20:00,14592.554816307951,3,74
2021-01-14,14597.5,14600.65,14592.0,14599.75,15:25:00,14593.025786183383,3,75
2021-01-15,14600.05,14617.45,14570.55,14597.9,09:15:00,14593.694758927824,4,1
2021-01-15,14584.95,14605.9,14570.05,14601.55,09:20:00,14592.861924744222,4,2
2021-01-15,14569.2,14588.0,14568.5,14585.0,09:25:00,14590.608408101914,4,3
2021-01-15,14550.05,14569.9,14549.0,14569.9,09:30:00,14586.7457025684,4,4
2021-01-15,14533.0,14550.65,14517.5,14550.65,09:35:00,14581.627064228553,4,5
2021-01-15,14509.7,14537.85,14508.35,14532.95,09:40:00,14574.776867635355,4,6
2021-01-15,14503.4,14508.65,14474.95,14508.65,09:45:00,14567.979070717704,4,7
2021-01-15,14529.2,14534.75,14490.25,14503.3,09:50:00,14564.285825887446,4,8
2021-01-15,14541.0,14548.25,14525.95,14529.4,09:55:00,14562.06812818388,4,9
2021-01-15,14526.2,14551.0,14525.8,14540.4,10:00:00,14558.652115975892,4,10
2021-01-15,14531.5,14532.45,14516.9,14525.3,10:05:00,14556.066200168663,4,11
2021-01-15,14535.95,14539.85,14522.35,14531.2,10:10:00,14554.150371581174,4,12
2021-01-15,14533.4,14543.0,14524.05,14536.35,10:15:00,14552.1741457163,4,13
2021-01-15,14537.45,14542.55,14529.0,14533.85,10:20:00,14550.771846124271,4,14
2021-01-15,14528.25,14545.75,14523.45,14536.9,10:25:00,14548.62690839815,4,15
2021-01-15,14519.55,14528.95,14513.15,14528.05,10:30:00,14545.857679026896,4,16
2021-01-15,14499.0,14520.6,14495.9,14518.4,10:35:00,14541.395042929096,4,17
2021-01-15,14518.15,14518.15,14497.0,14499.1,10:40:00,14539.1812293168,4,18
2021-01-15,14512.9,14529.05,14503.6,14516.95,10:45:00,14536.678255096152,4,19
2021-01-15,14506.1,14516.2,14497.95,14512.05,10:50:00,14533.76604032509,4,20
2021-01-15,14510.15,14516.9,14504.2,14505.35,10:55:00,14531.516893627462,4,21
2021-01-15,14502.0,14510.1,14494.35,14510.1,11:00:00,14528.705760901035,4,22
2021-01-15,14471.85,14503.2,14470.85,14502.3,11:05:00,14523.29092652951,4,23
2021-01-15,14483.35,14487.2,14462.25,14471.9,11:10:00,14519.487028764794,4,24
2021-01-15,14473.5,14492.1,14472.3,14482.8,11:15:00,14515.107311739575,4,25
2021-01-15,14463.3,14481.3,14455.0,14473.15,11:20:00,14510.173282050093,4,26
2021-01-15,14448.85,14463.1,14446.1,14463.1,11:25:00,14504.332969473897,4,27
2021-01-15,14461.8,14464.1,14445.85,14448.1,11:30:00,14500.28221047638,4,28
2021-01-15,14484.25,14494.5,14461.65,14462.55,11:35:00,14498.755333288154,4,29
2021-01-15,14500.3,14500.65,14482.8,14483.25,11:40:00,14498.90244440357,4,30
2021-01-15,14496.2,14510.0,14494.5,14502.6,11:45:00,14498.645068746087,4,31
2021-01-15,14506.25,14507.35,14488.0,14496.8,11:50:00,14499.369347913123,4,32
2021-01-15,14501.7,14509.15,14498.55,14506.1,11:55:00,14499.59131477854,4,33
2021-01-15,14485.95,14503.2,14485.95,14501.55,12:00:00,14498.29214194249,4,34
2021-01-15,14482.5,14490.9,14480.0,14486.35,12:05:00,14496.788128424156,4,35
2021-01-15,14501.25,14501.25,14481.7,14482.7,12:10:00,14497.213068574238,4,36
2021-01-15,14500.35,14505.8,14492.1,14499.75,12:15:00,14497.51182394812,4,37
2021-01-15,14505.65,14507.0,14488.5,14500.6,12:20:00,14498.286888334014,4,38
2021-01-15,14519.75,14523.65,14505.6,14505.6,12:25:00,14500.330994206966,4,39
2021-01-15,14525.6,14527.7,14514.25,14519.5,12:30:00,14502.737566187256,4,40
2021-01-15,14519.8,14527.85,14518.4,14525.3,12:35:00,14504.362559883708,4,41
2021-01-15,14536.95,14537.55,14519.45,14520.15,12:40:00,14507.46612560907,4,42
2021-01-15,14534.3,14541.05,14528.55,14538.1,12:45:00,14510.02173269392,4,43
2021-01-15,14527.05,14537.1,14523.6,14534.1,12:50:00,14511.643472437356,4,44
2021-01-15,14527.9,14533.05,14525.4,14527.1,12:55:00,14513.191713157608,4,45
2021-01-15,14535.65,14540.1,14527.4,14527.95,13:00:00,14515.33059761879,4,46
2021-01-15,14511.75,14538.0,14510.35,14535.75,13:05:00,14514.98958832176,4,47
2021-01-15,14520.2,14523.1,14510.2,14511.45,13:10:00,14515.485818005403,4,48
2021-01-15,14523.15,14523.35,14502.8,14520.55,13:15:00,14516.215740100126,4,49
2021-01-15,14521.0,14525.0,14515.25,14523.05,13:20:00,14516.671383900117,4,50
2021-01-15,14518.0,14522.05,14514.1,14521.15,13:25:00,14516.79791876677,4,51
2021-01-15,14516.5,14524.95,14506.25,14518.6,13:30:00,14516.769545550887,4,52
2021-01-15,14529.95,14538.2,14516.55,14516.55,13:35:00,14518.024826926992,4,53
2021-01-15,14525.5,14532.05,14517.8,14528.25,13:40:00,14518.73674817204,4,54
2021-01-15,14519.8,14526.8,14513.85,14525.35,13:45:00,14518.838010250896,4,55
2021-01-15,14474.95,14523.85,14471.25,14519.5,13:50:00,14514.658199750813,4,56
2021-01-15,14469.2,14480.85,14438.2,14474.25,13:55:00,14510.32884739359,4,57
2021-01-15,14464.45,14469.0,14450.45,14468.45,14:00:00,14505.959433356104,4,58
2021-01-15,14419.9,14466.2,14416.35,14464.95,14:05:00,14497.763296845998,4,59
2021-01-15,14406.2,14431.3,14398.0,14419.0,14:10:00,14489.042982860665,4,60
2021-01-15,14363.95,14407.5,14357.85,14406.85,14:15:00,14477.129365445364,4,61
2021-01-15,14419.65,14422.15,14359.1,14367.85,14:20:00,14471.655140164852,4,62
2021-01-15,14432.85,14446.5,14418.65,14418.65,14:25:00,14467.959412530105,4,63
2021-01-15,14445.8,14459.5,14431.85,14432.8,14:30:00,14465.84899228914,4,64
2021-01-15,14444.5,14451.75,14422.8,14446.1,14:35:00,14463.81575492827,4,65
2021-01-15,14442.95,14451.4,14435.5,14443.7,14:40:00,14461.828540173196,4,66
2021-01-15,14453.0,14455.5,14443.6,14443.6,14:45:00,14460.987726823369,4,67
2021-01-15,14443.55,14453.25,14432.0,14452.75,14:50:00,14459.326990935428,4,68
2021-01-15,14441.8,14443.95,14434.4,14443.05,14:55:00,14457.65775370348,4,69
2021-01-15,14423.25,14446.9,14419.5,14441.3,15:00:00,14454.38082477934,4,70
2021-01-15,14430.65,14439.05,14424.45,14428.3,15:05:00,14452.120746228928,4,71
2021-01-15,14433.45,14441.95,14421.95,14430.55,15:10:00,14450.342579921413,4,72
2021-01-15,14441.75,14443.15,14429.65,14432.6,15:15:00,14449.524238976514,4,73
2021-01-15,14443.55,14444.75,14425.15,14441.85,15:20:00,14448.955263835896,4,74
2021-01-15,14434.4,14444.65,14430.45,14443.85,15:25:00,14447.569048232475,4,75
2021-01-18,14423.45,14459.15,14389.15,14459.15,09:15:00,14445.27199601986,0,1
2021-01-18,14414.9,14436.7,14395.55,14421.25,09:20:00,14442.37942497035,0,2
2021-01-18,14381.0,14428.55,14378.55,14418.3,09:25:00,14436.533765449363,0,3
2021-01-18,14339.85,14384.15,14328.95,14384.15,09:30:00,14427.32578778752,0,4
2021-01-18,14333.25,14352.35,14321.9,14338.55,09:35:00,14418.366188950617,0,5
2021-01-18,14361.6,14369.55,14333.55,14336.35,09:40:00,14412.959885241033,0,6
2021-01-18,14372.9,14381.7,14359.3,14361.4,09:45:00,14409.14465807522,0,7
2021-01-18,14353.55,14381.75,14351.75,14372.7,09:50:00,14403.849928734722,0,8
2021-01-18,14323.65,14352.8,14320.45,14352.6,09:55:00,14396.211840283797,0,9
2021-01-18,14340.05,14343.1,14314.65,14323.15,10:00:00,14390.8630935901,0,10
2021-01-18,14327.7,14351.6,14325.35,14340.0,10:05:00,14384.847560867232,0,11
2021-01-18,14340.1,14348.9,14325.45,14327.65,10:10:00,14380.585888403686,0,12
2021-01-18,14315.45,14341.0,14303.65,14340.65,10:15:00,14374.382470460478,0,13
2021-01-18,14303.5,14329.65,14302.15,14316.7,10:20:00,14367.631758988053,0,14
2021-01-18,14300.1,14312.7,14290.7,14304.0,10:25:00,14361.20016289395,0,15
2021-01-18,14291.55,14299.55,14280.95,14299.55,10:30:00,14354.566814046908,0,16
2021-01-18,14285.0,14292.85,14263.6,14290.9,10:35:00,14347.941403185298,0,17
2021-01-18,14307.45,14308.1,14277.9,14284.6,10:40:00,14344.085079072413,0,18
2021-01-18,14314.25,14317.25,14297.1,14307.9,10:45:00,14341.243642970278,0,19
2021-01-18,14298.95,14316.55,14287.1,14315.35,10:50:00,14337.215676973108,0,20
2021-01-18,14286.0,14299.65,14278.95,14298.65,10:55:00,14332.33799345186,0,21
2021-01-18,14306.2,14306.55,14274.5,14287.2,11:00:00,14329.848660742158,0,22
2021-01-18,14326.05,14335.65,14304.55,14306.7,11:05:00,14329.48688352862,0,23
2021-01-18,14328.75,14333.45,14320.3,14327.5,11:10:00,14329.416704144942,0,24
2021-01-18,14338.7,14346.55,14329.3,14329.5,11:15:00,14330.30082755971,0,25
2021-01-18,14332.3,14339.6,14322.05,14339.6,11:20:00,14330.491224934976,0,26
2021-01-18,14301.35,14336.75,14299.45,14333.6,11:25:00,14327.715870179263,0,27
2021-01-18,14297.65,14314.95,14288.7,14301.85,11:30:00,14324.852453971713,0,28
2021-01-18,14292.6,14298.15,14286.1,14298.15,11:35:00,14321.780791688694,0,29
2021-01-18,14284.05,14307.75,14280.3,14293.15,11:40:00,14318.187382956436,0,30
2021-01-18,14291.5,14291.8,14270.8,14283.5,11:45:00,14315.645727436777,0,31
2021-01-18,14294.2,14300.7,14288.15,14291.6,11:50:00,14313.603277204704,0,32
2021-01-18,14270.95,14298.45,14269.2,14294.05,11:55:00,14309.541060328063,0,33
2021-01-18,14278.3,14286.55,14266.3,14269.8,12:00:00,14306.565721249202,0,34
2021-01-18,14289.05,14289.85,14276.05,14278.35,12:05:00,14304.897557320708,0,35
2021-01-18,14298.1,14303.85,14288.6,14288.85,12:10:00,14304.250170909212,0,36
2021-01-18,14311.7,14320.2,14297.0,14297.8,12:15:00,14304.959678441668,0,37
2021-01-18,14303.3,14311.55,14295.95,14311.45,12:20:00,14304.801613828176,0,38
2021-01-18,14307.8,14308.6,14298.25,14303.45,12:25:00,14305.087174415969,0,39
2021-01-18,14303.65,14316.7,14289.15,14308.9,12:30:00,14304.950300662067,0,40
2021-01-18,14296.9,14306.0,14285.4,14306.0,12:35:00,14304.18360536092,0,41
2021-01-18,14310.8,14318.25,14297.8,14298.0,12:40:00,14304.813738183688,0,42
2021-01-18,14317.35,14323.0,14309.6,14311.25,12:45:00,14306.007667880478,0,43
2021-01-18,14308.45,14319.15,14300.4,14317.1,12:50:00,14306.24027093948,0,44
2021-01-18,14316.65,14319.35,14308.35,14309.2,12:55:00,14307.23167370715,0,45
2021-01-18,14306.05,14316.85,14295.65,14316.85,13:00:00,14307.119133354088,0,46
2021-01-18,14314.05,14314.75,14301.3,14305.05,13:05:00,14307.779215891796,0,47
2021-01-18,14315.5,14315.5,14302.85,14313.0,13:10:00,14308.514528664004,0,48
2021-01-18,14314.2,14318.85,14305.95,14314.1,13:15:00,14309.056002124576,0,49
2021-01-18,14312.9,14320.25,14310.65,14314.15,13:20:00,14309.422097160332,0,50
2021-01-18,14303.0,14314.25,14303.0,14313.05,13:25:00,14308.810468859348,0,51
2021-01-18,14306.55,14308.75,14271.55,14304.8,13:30:00,14308.59518611084,0,52
2021-01-18,14342.35,14348.65,14308.6,14308.6,13:35:00,14311.809930290758,0,53
2021-01-18,14342.45,14353.1,14336.6,14341.4,13:40:00,14314.72803216783,0,54
2021-01-18,14350.4,14350.75,14335.6,14343.2,13:45:00,14318.12536243756,0,55
2021-01-18,14354.75,14361.75,14343.7,14349.55,13:50:00,14321.613423157793,0,56
2021-01-18,14365.35,14365.35,14344.55,14355.65,13:55:00,14325.77881142848,0,57
2021-01-18,14365.75,14373.65,14355.45,14368.45,14:00:00,14329.585591292433,0,58
2021-01-18,14371.4,14373.95,14362.1,14366.6,14:05:00,14333.56791593125,0,59
2021-01-18,14400.9,14403.25,14373.45,14373.45,14:10:00,14339.980495366368,0,60
2021-01-18,14391.65,14403.7,14378.95,14402.15,14:15:00,14344.901400569572,0,61
2021-01-18,14372.95,14392.9,14372.7,14392.9,14:20:00,14347.572695753424,0,62
2021-01-18,14353.25,14374.15,14349.35,14374.15,14:25:00,14348.113391395957,0,63
2021-01-18,14344.4,14363.1,14332.7,14353.05,14:30:00,14347.75973507253,0,64
2021-01-18,14330.2,14344.15,14319.75,14344.15,14:35:00,14346.087379351336,0,65
2021-01-18,14341.05,14352.25,14323.65,14330.9,14:40:00,14345.607628936925,0,66
2021-01-18,14325.1,14345.3,14311.25,14341.55,14:45:00,14343.65452141912,0,67
2021-01-18,14301.1,14325.85,14301.1,14324.8,14:50:00,14339.601709855397,0,68
2021-01-18,14314.5,14315.7,14294.05,14298.8,14:55:00,14337.211070821548,0,69
2021-01-18,14335.85,14335.85,14301.85,14314.3,15:00:00,14337.08144502902,0,70
2021-01-18,14314.5,14335.1,14313.2,14334.85,15:05:00,14334.930831216732,0,71
2021-01-18,14287.0,14314.85,14286.05,14313.75,15:10:00,14330.365990148472,0,72
2021-01-18,14269.05,14295.15,14269.05,14287.1,15:15:00,14324.526372039094,0,73
2021-01-18,14241.65,14268.8,14238.7,14268.3,15:20:00,14316.633384225848,0,74
2021-01-18,14228.4,14244.3,14222.8,14240.9,15:25:00,14308.230204775768,0,75
2021-01-19,14404.95,14411.0,14364.5,14377.3,09:15:00,14317.44161384474,1,1
2021-01-19,14404.05,14419.5,14387.5,14404.55,09:20:00,14325.690031573811,1,2
2021-01-19,14404.0,14412.45,14396.0,14404.2,09:25:00,14333.148123804878,1,3
2021-01-19,14392.45,14413.5,14389.45,14403.5,09:30:00,14338.795921537749,1,4
2021-01-19,14373.35,14393.8,14373.35,14392.25,09:35:00,14342.0867861532,1,5
2021-01-19,14367.3,14384.8,14361.65,14374.5,09:40:00,14344.488044614798,1,6
2021-01-19,14376.65,14377.35,14350.85,14367.15,09:45:00,14347.55108798482,1,7
2021-01-19,14386.2,14387.15,14372.65,14376.95,09:50:00,14351.23193674817,1,8
2021-01-19,14379.7,14390.35,14376.35,14386.1,09:55:00,14353.943180867393,1,9
2021-01-19,14393.5,14401.25,14378.65,14380.1,10:00:00,14357.71049697526,1,10
2021-01-19,14403.55,14404.2,14391.85,14394.5,10:05:00,14362.076163929996,1,11
2021-01-19,14412.5,14424.25,14403.05,14403.05,10:10:00,14366.878434031902,1,12
2021-01-19,14409.4,14421.0,14408.85,14412.6,10:15:00,14370.928106981246,1,13
2021-01-19,14416.0,14420.3,14402.85,14410.4,10:20:00,14375.220668221127,1,14
2021-01-19,14436.65,14439.55,14415.3,14416.1,10:25:00,14381.071080771497,1,15
2021-01-19,14439.5,14440.5,14430.95,14437.55,10:30:00,14386.635739745638,1,16
2021-01-19,14431.45,14440.85,14429.9,14439.15,10:35:00,14390.903764531768,1,17
2021-01-19,14439.85,14443.95,14430.85,14432.15,10:40:00,14395.56531076684,1,18
2021-01-19,14453.4,14453.55,14440.4,14441.75,10:45:00,14401.073376408092,1,19
2021-01-19,14443.35,14456.25,14441.6,14452.1,10:50:00,14405.099721512082,1,20
2021-01-19,14450.85,14452.5,14441.85,14443.45,10:55:00,14409.456890891885,1,21
2021-01-19,14446.55,14453.6,14440.25,14450.45,11:00:00,14412.9895679498,1,22
2021-01-19,14445.1,14446.9,14439.2,14445.8,11:05:00,14416.047704335537,1,23
2021-01-19,14433.0,14448.55,14431.25,14444.35,11:10:00,14417.662208684533,1,24
2021-01-19,14431.7,14444.4,14424.95,14432.85,11:15:00,14418.999141190769,1,25
2021-01-19,14438.75,14447.25,14431.05,14431.05,11:20:00,14420.880175363074,1,26
2021-01-19,14441.75,14449.15,14435.6,14438.6,11:25:00,14422.867777709447,1,27
2021-01-19,14445.6,14451.45,14439.3,14441.55,11:30:00,14425.032751260927,1,28
2021-01-19,14444.7,14455.4,14443.8,14445.65,11:35:00,14426.90582256941,1,29
2021-01-19,14436.6,14445.9,14436.6,14443.75,11:40:00,14427.8290775628,1,30
2021-01-19,14463.2,14468.4,14432.05,14437.15,11:45:00,14431.197736842534,1,31
2021-01-19,14471.85,14478.45,14460.0,14463.9,11:50:00,14435.06938095277,1,32
2021-01-19,14464.9,14472.6,14464.3,14471.55,11:55:00,14437.910392290602,1,33
2021-01-19,14463.55,14465.75,14460.15,14464.2,12:00:00,14440.352259691495,1,34
2021-01-19,14471.25,14472.5,14462.35,14463.5,12:05:00,14443.29490162564,1,35
2021-01-19,14468.85,14473.55,14462.6,14470.4,12:10:00,14445.728720518437,1,36
2021-01-19,14461.65,14470.05,14461.65,14469.2,12:15:00,14447.245032850013,1,37
2021-01-19,14461.8,14467.65,14458.9,14459.15,12:20:00,14448.631220197629,1,38
2021-01-19,14468.8,14471.8,14461.15,14462.1,12:25:00,14450.552056369284,1,39
2021-01-19,14468.8,14477.3,14467.8,14469.35,12:30:00,14452.289955762686,1,40
2021-01-19,14462.35,14470.55,14461.95,14468.6,12:35:00,14453.24805521386,1,41
2021-01-19,14467.05,14469.2,14461.8,14463.45,12:40:00,14454.562526145872,1,42
2021-01-19,14460.2,14467.5,14456.75,14467.0,12:45:00,14455.099428417692,1,43
2021-01-19,14465.35,14466.3,14459.05,14459.05,12:50:00,14456.075673330291,1,44
2021-01-19,14482.15,14486.2,14464.3,14464.6,12:55:00,14458.558942536933,1,45
2021-01-19,14482.85,14484.95,14474.5,14481.45,13:00:00,14460.872376581035,1,46
2021-01-19,14483.05,14484.05,14477.1,14482.2,13:05:00,14462.984531192364,1,47
2021-01-19,14481.15,14492.25,14479.15,14482.5,13:10:00,14464.714575840711,1,48
2021-01-19,14485.05,14489.05,14480.8,14481.65,13:15:00,14466.6512829035,1,49
2021-01-19,14486.95,14496.15,14484.75,14485.0,13:20:00,14468.584494055547,1,50
2021-01-19,14484.45,14487.8,14475.9,14486.4,13:25:00,14470.095494621688,1,51
2021-01-19,14477.55,14484.2,14471.75,14483.5,13:30:00,14470.80544751486,1,52
2021-01-19,14487.6,14490.3,14475.65,14477.35,13:35:00,14472.404928703922,1,53
2021-01-19,14497.5,14504.05,14486.35,14487.3,13:40:00,14474.794935494025,1,54
2021-01-19,14499.0,14506.8,14496.85,14496.95,13:45:00,14477.10017973269,1,55
2021-01-19,14506.25,14507.6,14497.25,14498.4,13:50:00,14479.87635309148,1,56
2021-01-19,14497.4,14513.2,14496.45,14506.35,13:55:00,14481.545271844674,1,57
2021-01-19,14495.85,14498.5,14486.15,14497.2,14:00:00,14482.907626907085,1,58
2021-01-19,14499.75,14503.65,14489.65,14495.5,14:05:00,14484.511662439743,1,59
2021-01-19,14495.75,14499.05,14483.6,14498.85,14:10:00,14485.581980302624,1,60
2021-01-19,14500.05,14501.7,14493.25,14495.95,14:15:00,14486.95988694047,1,61
2021-01-19,14496.0,14499.9,14493.45,14499.65,14:20:00,14487.820850088996,1,62
2021-01-19,14499.7,14505.65,14494.85,14494.85,14:25:00,14488.952197699567,1,63
2021-01-19,14514.7,14516.8,14493.95,14499.55,14:30:00,14491.404369347229,1,64
2021-01-19,14524.0,14526.5,14512.95,14515.2,14:35:00,14494.508715123684,1,65
2021-01-19,14536.75,14538.25,14520.65,14524.65,14:40:00,14498.531694635714,1,66
2021-01-19,14538.7,14544.2,14532.85,14537.05,14:45:00,14502.35724752755,1,67
2021-01-19,14540.4,14546.05,14534.8,14538.9,14:50:00,14505.98036681064,1,68
2021-01-19,14539.35,14540.9,14529.05,14540.7,14:55:00,14509.15842711439,1,69
2021-01-19,14522.75,14539.15,14519.55,14539.15,15:00:00,14510.452862627304,1,70
2021-01-19,14523.05,14526.3,14516.9,14522.6,15:05:00,14511.652589996133,1,71
2021-01-19,14526.75,14528.9,14518.55,14523.95,15:10:00,14513.09043856793,1,72
2021-01-19,14519.05,14528.45,14518.75,14527.3,15:15:00,14513.658015847172,1,73
2021-01-19,14511.7,14529.6,14511.05,14519.25,15:20:00,14513.471538147442,1,74
2021-01-19,14526.85,14527.75,14509.65,14511.25,15:25:00,14514.745677371497,1,75
2021-01-20,14560.7,14561.65,14517.55,14548.45,09:15:00,14519.122279526591,2,1
2021-01-20,14582.8,14583.6,14560.35,14560.35,09:20:00,14525.186824333585,2,2
2021-01-20,14576.3,14587.1,14573.2,14582.35,09:25:00,14530.054745825622,2,3
2021-01-20,14548.15,14577.65,14547.9,14575.05,09:30:00,14531.77810336604,2,4
2021-01-20,14539.55,14556.9,14536.8,14546.05,09:35:00,14532.518283997846,2,5
2021-01-20,14558.2,14561.15,14532.4,14536.65,09:40:00,14534.964161712338,2,6
2021-01-20,14561.55,14567.5,14556.75,14557.85,09:45:00,14537.49614631116,2,7
2021-01-20,14576.0,14578.1,14560.25,14561.4,09:50:00,14541.163179995812,2,8
2021-01-20,14576.55,14585.7,14572.8,14575.7,09:55:00,14544.533353329543,2,9
2021-01-20,14580.05,14588.0,14573.35,14577.0,10:00:00,14547.915891107685,2,10
2021-01-20,14580.35,14583.45,14573.8,14581.9,10:05:00,14551.004853859336,2,11
2021-01-20,14576.85,14582.05,14569.65,14580.7,10:10:00,14553.46629634892,2,12
2021-01-20,14578.8,14579.55,14569.9,14576.35,10:15:00,14555.879030029975,2,13
2021-01-20,14580.65,14581.4,14573.8,14578.35,10:20:00,14558.238170027122,2,14
2021-01-20,14587.1,14592.4,14579.5,14580.3,10:25:00,14560.986915738824,2,15
2021-01-20,14584.7,14588.55,14581.3,14588.0,10:30:00,14563.245304716078,2,16
2021-01-20,14599.2,14602.0,14582.6,14585.75,10:35:00,14566.669561409784,2,17
2021-01-20,14605.7,14607.0,14599.45,14599.9,10:40:00,14570.386746037424,2,18
2021-01-20,14613.1,14617.45,14605.25,14605.35,10:45:00,14574.454674986242,2,19
2021-01-20,14613.4,14623.55,14612.35,14613.0,10:50:00,14578.163753558982,2,20
2021-01-20,14609.45,14613.65,14605.4,14613.65,10:55:00,14581.143396077174,2,21
2021-01-20,14610.15,14610.65,14603.6,14609.6,11:00:00,14583.905929784109,2,22
2021-01-20,14615.7,14615.85,14607.05,14610.4,11:05:00,14586.933936471336,2,23
2021-01-20,14611.7,14616.85,14607.1,14615.75,11:10:00,14589.292609188353,2,24
2021-01-20,14615.95,14615.95,14606.6,14611.55,11:15:00,14591.831408313272,2,25
2021-01-20,14612.6,14618.85,14611.85,14616.25,11:20:00,14593.809369426292,2,26
2021-01-20,14612.5,14613.8,14608.75,14612.25,11:25:00,14595.589429480931,2,27
2021-01-20,14612.2,14620.0,14610.7,14611.95,11:30:00,14597.171388577985,2,28
2021-01-20,14614.65,14615.15,14608.6,14611.9,11:35:00,14598.836018237223,2,29
2021-01-20,14609.6,14620.3,14609.05,14614.8,11:40:00,14599.861159357488,2,30
2021-01-20,14605.9,14610.7,14594.55,14609.85,11:45:00,14600.436287037726,2,31
2021-01-20,14606.2,14610.7,14603.6,14605.8,11:50:00,14600.985212081752,2,32
2021-01-20,14611.6,14611.85,14605.2,14606.0,11:55:00,14601.996144264444,2,33
2021-01-20,14608.8,14612.55,14603.9,14611.7,12:00:00,14602.644130524972,2,34
2021-01-20,14605.75,14612.0,14602.2,14609.6,12:05:00,14602.939927617832,2,35
2021-01-20,14606.95,14609.45,14597.85,14606.85,12:10:00,14603.321839273276,2,36
2021-01-20,14599.85,14608.1,14598.55,14606.85,12:15:00,14602.991187913916,2,37
2021-01-20,14596.3,14600.35,14591.35,14600.35,12:20:00,14602.353931922114,2,38
2021-01-20,14575.9,14602.5,14573.7,14596.05,12:25:00,14599.834509834292,2,39
2021-01-20,14579.15,14585.2,14562.7,14575.8,12:30:00,14597.86455651674,2,40
2021-01-20,14583.0,14591.25,14578.95,14578.95,12:35:00,14596.448884467529,2,41
2021-01-20,14586.25,14588.5,14581.15,14582.65,12:40:00,14595.477562137286,2,42
2021-01-20,14573.5,14586.5,14569.55,14586.5,12:45:00,14593.384460981357,2,43
2021-01-20,14603.15,14603.15,14561.45,14573.65,12:50:00,14594.314512316463,2,44
2021-01-20,14601.8,14611.05,14601.8,14603.9,12:55:00,14595.027415905372,2,45
2021-01-20,14603.2,14607.4,14593.8,14602.9,13:00:00,14595.805757247716,2,46
2021-01-20,14601.35,14604.95,14597.15,14602.65,13:05:00,14596.333780366982,2,47
2021-01-20,14602.25,14606.2,14592.1,14601.2,13:10:00,14596.89722985584,2,48
2021-01-20,14598.4,14603.75,14597.15,14601.7,13:15:00,14597.04035082195,2,49
2021-01-20,14594.65,14600.9,14588.7,14598.05,13:20:00,14596.812698362715,2,50
2021-01-20,14609.1,14610.95,14593.45,14594.1,13:25:00,14597.982917566267,2,51
2021-01-20,14612.3,14620.45,14607.6,14609.35,13:30:00,14599.346449226625,2,52
2021-01-20,14616.35,14619.45,14609.9,14612.45,13:35:00,14600.965835014566,2,53
2021-01-20,14625.45,14628.3,14608.85,14616.4,13:40:00,14603.297660251274,2,54
2021-01-20,14626.3,14630.0,14622.9,14626.2,13:45:00,14605.488359274965,2,55
2021-01-20,14620.3,14630.1,14613.95,14626.45,13:50:00,14606.898991724966,2,56
2021-01-20,14620.1,14622.65,14610.45,14619.95,13:55:00,14608.1562306083,2,57
2021-01-20,14631.35,14634.95,14619.8,14620.25,14:00:00,14610.36516102656,2,58
2021-01-20,14627.4,14632.65,14623.35,14631.05,14:05:00,14611.987526643075,2,59
2021-01-20,14631.85,14633.95,14625.5,14627.7,14:10:00,14613.879190772308,2,60
2021-01-20,14642.75,14644.05,14631.7,14631.7,14:15:00,14616.628791651136,2,61
2021-01-20,14643.85,14646.4,14639.35,14643.2,14:20:00,14619.22128768436,2,62
2021-01-20,14652.8,14653.35,14643.1,14643.1,14:25:00,14622.41926028585,2,63
2021-01-20,14658.95,14659.35,14650.0,14652.35,14:30:00,14625.898378353864,2,64
2021-01-20,14650.45,14659.6,14649.2,14658.25,14:35:00,14628.236628034449,2,65
2021-01-20,14651.55,14658.0,14649.55,14649.9,14:40:00,14630.456949174024,2,66
2021-01-20,14659.2,14659.2,14644.0,14650.7,14:45:00,14633.194382586022,2,67
2021-01-20,14655.35,14664.15,14655.15,14658.7,14:50:00,14635.304441387352,2,68
2021-01-20,14664.3,14665.3,14652.6,14655.15,14:55:00,14638.065923159986,2,69
2021-01-20,14659.05,14666.45,14658.35,14664.5,15:00:00,14640.064406668558,2,70
2021-01-20,14648.65,14664.8,14648.65,14659.2,15:05:00,14640.882082223934,2,71
2021-01-20,14643.85,14652.6,14643.2,14648.85,15:10:00,14641.164741059749,2,72
2021-01-20,14634.0,14650.6,14633.75,14643.05,15:15:00,14640.482384768346,2,73
2021-01-20,14630.85,14637.15,14623.7,14634.1,15:20:00,14639.565014790409,2,74
2021-01-20,14623.1,14630.9,14619.15,14630.5,15:25:00,14637.9969181437,2,75
2021-01-21,14725.6,14736.65,14695.25,14734.95,09:15:00,14646.340068796682,3,1
2021-01-21,14727.55,14732.35,14723.05,14725.45,09:20:00,14654.074347958904,3,2
2021-01-21,14735.4,14738.3,14723.8,14727.25,09:25:00,14661.819648153294,3,3
2021-01-21,14729.6,14737.0,14725.05,14735.95,09:30:00,14668.274919757743,3,4
2021-01-21,14728.65,14736.35,14720.15,14728.05,09:35:00,14674.024927399863,3,5
2021-01-21,14727.2,14732.45,14721.9,14727.8,09:40:00,14679.089220028449,3,6
2021-01-21,14721.35,14729.6,14716.85,14727.95,09:45:00,14683.114056216216,3,7
2021-01-21,14714.3,14721.4,14712.6,14720.65,09:50:00,14686.084146100386,3,8
2021-01-21,14708.9,14717.6,14705.05,14714.95,09:55:00,14688.257084567016,3,9
2021-01-21,14724.0,14725.4,14707.4,14707.95,10:00:00,14691.66117175111,3,10
2021-01-21,14721.2,14726.95,14719.0,14723.55,10:05:00,14694.4743934891,3,11
2021-01-21,14727.3,14728.05,14715.6,14720.8,10:10:00,14697.600641728231,3,12
2021-01-21,14724.0,14728.2,14716.3,14727.15,10:15:00,14700.114866325544,3,13
2021-01-21,14726.35,14728.35,14720.05,14722.75,10:20:00,14702.613450485016,3,14
2021-01-21,14722.45,14729.9,14722.05,14725.6,10:25:00,14704.50264567692,3,15
2021-01-21,14728.4,14733.7,14720.8,14721.3,10:30:00,14706.77858418388,3,16
2021-01-21,14727.0,14732.15,14725.95,14727.95,10:35:00,14708.704433309224,3,17
2021-01-21,14726.0,14729.35,14723.45,14727.8,10:40:00,14710.351630136916,3,18
2021-01-21,14727.55,14729.65,14723.55,14726.7,10:45:00,14711.989570123877,3,19
2021-01-21,14730.15,14732.1,14727.25,14727.95,10:50:00,14713.719134873983,3,20
2021-01-21,14734.95,14737.55,14728.3,14730.2,10:55:00,14715.741122028843,3,21
2021-01-21,14738.65,14742.3,14734.3,14734.85,11:00:00,14717.922919930856,3,22
2021-01-21,14742.65,14743.9,14738.2,14738.2,11:05:00,14720.27787993744,3,23
2021-01-21,14741.25,14744.0,14738.05,14743.25,11:10:00,14722.275224705303,3,24
2021-01-21,14735.6,14745.2,14735.6,14740.35,11:15:00,14723.544250923846,3,25
2021-01-21,14735.5,14743.1,14735.1,14735.1,11:20:00,14724.682893693003,3,26
2021-01-21,14739.8,14742.55,14734.1,14735.65,11:25:00,14726.122618103193,3,27
2021-01-21,14739.0,14741.9,14735.5,14739.95,11:30:00,14727.349035426698,3,28
2021-01-21,14737.35,14739.25,14734.05,14737.9,11:35:00,14728.3015082432,3,29
2021-01-21,14730.25,14737.85,14727.0,14737.6,11:40:00,14728.487078886708,3,30
2021-01-21,14732.55,14736.6,14724.8,14730.05,11:45:00,14728.87402375464,3,31
2021-01-21,14737.9,14740.25,14731.55,14731.95,11:50:00,14729.733640539913,3,32
2021-01-21,14735.95,14738.3,14731.7,14737.3,11:55:00,14730.325674774203,3,33
2021-01-21,14727.5,14739.0,14727.3,14735.6,12:00:00,14730.056562890948,3,34
2021-01-21,14732.55,14738.05,14726.85,14727.3,12:05:00,14730.29403309181,3,35
2021-01-21,14734.45,14734.45,14728.05,14732.0,12:10:00,14730.689839464016,3,36
2021-01-21,14740.1,14742.05,14732.2,14734.0,12:15:00,14731.58604522935,3,37
2021-01-21,14745.9,14750.7,14739.2,14740.3,12:20:00,14732.94927901703,3,38
2021-01-21,14741.85,14747.7,14741.5,14746.0,12:25:00,14733.796966729697,3,39
2021-01-21,14745.75,14747.0,14739.75,14742.65,12:30:00,14734.935350850676,3,40
2021-01-21,14749.3,14749.65,14743.3,14745.45,12:35:00,14736.303412674424,3,41
2021-01-21,14737.95,14749.95,14737.9,14749.15,12:40:00,14736.460230514956,3,42
2021-01-21,14740.2,14743.35,14736.2,14738.35,12:45:00,14736.81639903734,3,43
2021-01-21,14737.95,14742.45,14736.25,14740.8,12:50:00,14736.924361033783,3,44
2021-01-21,14733.6,14739.65,14732.55,14738.15,12:55:00,14736.607755221044,3,45
2021-01-21,14732.8,14738.95,14728.5,14734.25,13:00:00,14736.24511186666,3,46
2021-01-21,14737.1,14737.35,14728.75,14733.1,13:05:00,14736.32652978412,3,47
2021-01-21,14740.85,14742.4,14732.55,14736.5,13:10:00,14736.757336471348,3,48
2021-01-21,14740.25,14742.1,14735.95,14741.15,13:15:00,14737.089971093124,3,49
2021-01-21,14741.5,14744.15,14735.85,14739.7,13:20:00,14737.50997384616,3,50
2021-01-21,14751.9,14752.8,14736.1,14742.2,13:25:00,14738.88045252748,3,51
2021-01-21,14743.1,14753.55,14742.65,14751.85,13:30:00,14739.282314191529,3,52
2021-01-21,14743.8,14746.8,14740.15,14742.9,13:35:00,14739.71256998281,3,53
2021-01-21,14746.0,14747.55,14740.4,14743.3,13:40:00,14740.31137284159,3,54
2021-01-21,14726.95,14747.8,14726.5,14746.35,13:45:00,14739.038861142391,3,55
2021-01-21,14728.6,14733.1,14719.3,14726.7,13:50:00,14738.044683890736,3,56
2021-01-21,14735.15,14738.35,14728.35,14728.35,13:55:00,14737.768999710666,3,57
2021-01-21,14729.7,14737.85,14724.85,14734.9,14:00:00,14737.000523547746,3,58
2021-01-21,14723.5,14732.35,14718.7,14730.05,14:05:00,14735.714759400342,3,59
2021-01-21,14699.9,14724.25,14698.15,14723.8,14:10:00,14732.303829933642,3,60
2021-01-21,14708.65,14715.2,14697.55,14699.5,14:15:00,14730.051084225675,3,61
2021-01-21,14716.3,14720.8,14707.7,14707.7,14:20:00,14728.741457156564,3,62
2021-01-21,14715.4,14724.0,14713.55,14716.85,14:25:00,14727.470842189274,3,63
2021-01-21,14705.6,14715.95,14700.9,14715.15,14:30:00,14725.387904837911,3,64
2021-01-21,14707.15,14716.15,14703.45,14706.2,14:35:00,14723.650961520016,3,65
2021-01-21,14678.05,14708.1,14673.45,14706.8,14:40:00,14719.308012803824,3,66
2021-01-21,14627.1,14679.35,14624.35,14677.8,14:45:00,14710.526297298697,3,67
2021-01-21,14665.85,14666.8,14605.1,14626.3,14:50:00,14706.27141184168,3,68
2021-01-21,14648.15,14666.9,14630.0,14664.35,14:55:00,14700.736039285328,3,69
2021-01-21,14602.85,14650.55,14600.55,14649.35,15:00:00,14691.413559353392,3,70
2021-01-21,14538.45,14602.75,14517.25,14602.2,15:05:00,14676.845601319736,3,71
2021-01-21,14586.45,14586.45,14529.8,14539.5,15:10:00,14668.236496432142,3,72
2021-01-21,14622.15,14622.15,14585.45,14586.7,15:15:00,14663.84730629575,3,73
2021-01-21,14620.2,14629.3,14602.05,14621.6,15:20:00,14659.690419981867,3,74
2021-01-21,14630.4,14632.8,14614.15,14619.85,15:25:00,14656.90085617407,3,75
2021-01-22,14591.8,14592.85,14545.1,14590.35,09:15:00,14650.700774633682,4,1
2021-01-22,14599.7,14599.8,14566.45,14591.75,09:20:00,14645.843558001903,4,2
2021-01-22,14540.7,14612.1,14536.65,14600.3,09:25:00,14635.829885811248,4,3
2021-01-22,14540.45,14544.7,14518.45,14540.4,09:30:00,14626.746087162555,4,4
2021-01-22,14580.95,14581.45,14539.4,14539.9,09:35:00,14622.384555051834,4,5
2021-01-22,14590.6,14593.2,14572.4,14581.4,09:40:00,14619.357454570709,4,6
2021-01-22,14601.7,14612.5,14588.95,14589.75,09:45:00,14617.67579223064,4,7
2021-01-22,14604.05,14612.25,14587.8,14601.45,09:50:00,14616.378097732484,4,8
2021-01-22,14591.45,14610.9,14584.0,14603.25,09:55:00,14614.003993186532,4,9
2021-01-22,14588.7,14593.15,14576.1,14591.85,10:00:00,14611.59408907353,4,10
2021-01-22,14573.75,14592.05,14571.0,14589.05,10:05:00,14607.989890114146,4,11
2021-01-22,14601.25,14601.25,14565.3,14574.15,10:10:00,14607.34799581756,4,12
2021-01-22,14605.75,14619.9,14600.65,14600.65,10:15:00,14607.1958057397,4,13
2021-01-22,14564.3,14607.25,14558.35,14605.5,10:20:00,14603.110490907347,4,14
2021-01-22,14571.25,14578.2,14542.6,14563.5,10:25:00,14600.07615843998,4,15
2021-01-22,14583.6,14589.75,14563.05,14571.2,10:30:00,14598.507000493317,4,16
2021-01-22,14569.65,14589.0,14568.6,14583.5,10:35:00,14595.758714732048,4,17
2021-01-22,14567.4,14580.55,14564.35,14569.15,10:40:00,14593.057884757569,4,18
2021-01-22,14563.65,14568.2,14557.65,14566.4,10:45:00,14590.257133828274,4,19
2021-01-22,14573.0,14574.25,14556.3,14562.95,10:50:00,14588.6135972732,4,20
2021-01-22,14535.6,14573.15,14534.35,14572.35,10:55:00,14583.564683247185,4,21
2021-01-22,14538.05,14541.1,14522.45,14535.7,11:00:00,14579.229951509356,4,22
2021-01-22,14503.1,14538.85,14498.35,14538.0,11:05:00,14571.979479937036,4,23
2021-01-22,14499.35,14509.8,14486.05,14501.6,11:10:00,14565.0623866097,4,24
2021-01-22,14470.65,14500.8,14469.5,14500.25,11:15:00,14556.070730742107,4,25
2021-01-22,14455.55,14482.35,14453.8,14468.6,11:20:00,14546.49732781429,4,26
2021-01-22,14501.25,14505.6,14453.0,14454.65,11:25:00,14542.188058498645,4,27
2021-01-22,14504.25,14504.75,14480.2,14497.85,11:30:00,14538.5749100702,4,28
2021-01-22,14502.2,14527.1,14497.3,14504.9,11:35:00,14535.110632920658,4,29
2021-01-22,14499.0,14507.55,14483.5,14501.9,11:40:00,14531.671525023452,4,30
2021-01-22,14501.35,14504.45,14488.6,14498.7,11:45:00,14528.783760735503,4,31
2021-01-22,14518.9,14520.45,14496.75,14501.15,11:50:00,14527.842450189266,4,32
2021-01-22,14535.05,14536.9,14513.75,14518.8,11:55:00,14528.528883504574,4,33
2021-01-22,14512.9,14534.85,14504.1,14534.85,12:00:00,14527.0404184089,4,34
2021-01-22,14494.35,14513.8,14492.5,14513.3,12:05:00,14523.9270452271,4,35
2021-01-22,14503.25,14505.9,14479.3,14494.15,12:10:00,14521.957802824518,4,36
2021-01-22,14501.2,14502.85,14489.85,14502.85,12:15:00,14519.98086922218,4,37
2021-01-22,14501.55,14505.55,14493.7,14501.25,12:20:00,14518.225548343878,4,38
2021-01-22,14490.75,14513.45,14484.05,14501.9,12:25:00,14515.608829453984,4,39
2021-01-22,14483.65,14498.75,14483.6,14490.7,12:30:00,14512.565131410747,4,40
2021-01-22,14466.45,14485.9,14464.25,14482.85,12:35:00,14508.173214133532,4,41
2021-01-22,14456.35,14467.45,14448.35,14466.7,12:40:00,14503.23766993034,4,42
2021-01-22,14481.15,14482.6,14445.1,14455.1,12:45:00,14501.134082317923,4,43
2021-01-22,14441.85,14480.8,14439.75,14480.8,12:50:00,14495.487979240028,4,44
2021-01-22,14429.85,14451.3,14420.3,14442.0,12:55:00,14489.23674312193,4,45
2021-01-22,14421.05,14429.1,14411.9,14429.1,13:00:00,14482.742767586507,4,46
2021-01-22,14425.9,14438.2,14421.3,14423.1,13:05:00,14477.329170673507,4,47
2021-01-22,14401.25,14426.3,14401.0,14425.8,13:10:00,14470.083535371268,4,48
2021-01-22,14435.5,14437.4,14392.5,14399.25,13:15:00,14466.789865335908,4,49
2021-01-22,14438.5,14450.8,14425.6,14435.7,13:20:00,14464.095592446774,4,50
2021-01-22,14442.35,14448.2,14426.3,14437.65,13:25:00,14462.02458364232,4,51
2021-01-22,14423.25,14443.6,14413.3,14443.6,13:30:00,14458.331766152574,4,52
2021-01-22,14403.95,14431.25,14402.4,14422.85,13:35:00,14453.15255032852,4,53
2021-01-22,14401.95,14405.8,14380.15,14404.35,13:40:00,14448.276116963898,4,54
2021-01-22,14392.0,14425.35,14384.5,14401.9,13:45:00,14442.91648677686,4,55
2021-01-22,14379.85,14398.35,14371.65,14391.5,13:50:00,14436.910154702871,4,56
2021-01-22,14372.0,14403.95,14371.25,14380.15,13:55:00,14430.728235207362,4,57
2021-01-22,14411.1,14411.1,14371.15,14371.15,14:00:00,14428.858879473328,4,58
2021-01-22,14417.75,14442.0,14408.5,14412.75,14:05:00,14427.80089095206,4,59
2021-01-22,14402.1,14417.95,14395.0,14417.95,14:10:00,14425.353187051864,4,60
2021-01-22,14424.65,14435.8,14392.4,14401.25,14:15:00,14425.286216856448,4,61
2021-01-22,14434.55,14436.15,14418.4,14423.5,14:20:00,14426.16848191774,4,62
2021-01-22,14456.9,14467.2,14431.05,14433.25,14:25:00,14429.09529316367,4,63
2021-01-22,14449.1,14486.35,14449.05,14456.0,14:30:00,14431.00050333856,4,64
2021-01-22,14425.5,14444.65,14410.3,14444.55,14:35:00,14430.476645877745,4,65
2021-01-22,14433.75,14449.8,14419.8,14424.35,14:40:00,14430.788393889386,4,66
2021-01-22,14435.85,14438.6,14420.3,14432.25,14:45:00,14431.270451614208,4,67
2021-01-22,14432.45,14448.15,14431.8,14436.0,14:50:00,14431.382789555711,4,68
2021-01-22,14430.8,14443.05,14422.6,14431.8,14:55:00,14431.3272857885,4,69
2021-01-22,14361.4,14431.65,14359.55,14430.7,15:00:00,14424.667544284834,4,70
2021-01-22,14376.25,14386.8,14361.65,14362.55,15:05:00,14420.05634959104,4,71
2021-01-22,14362.95,14388.05,14362.95,14379.9,15:10:00,14414.617649629989,4,72
2021-01-22,14381.1,14381.8,14364.05,14364.5,15:15:00,14411.425492522369,4,73
2021-01-22,14374.4,14382.85,14361.0,14381.75,15:20:00,14407.899255139286,4,74
2021-01-22,14367.0,14375.05,14357.75,14373.35,15:25:00,14404.004087983163,4,75
2021-01-25,14445.55,14491.1,14435.7,14479.65,09:15:00,14407.960841508577,0,1
2021-01-25,14452.9,14478.0,14448.25,14448.25,09:20:00,14412.240761364905,0,2
2021-01-25,14448.55,14468.05,14440.1,14452.15,09:25:00,14415.698784092054,0,3
2021-01-25,14439.25,14467.45,14430.05,14448.35,09:30:00,14417.941757035667,0,4
2021-01-25,14404.35,14440.9,14394.8,14437.0,09:35:00,14416.647303984651,0,5
2021-01-25,14317.8,14405.75,14300.9,14405.75,09:40:00,14407.233275033732,0,6
2021-01-25,14295.55,14313.6,14260.25,14312.4,09:45:00,14396.596772649567,0,7
2021-01-25,14343.95,14363.65,14293.0,14295.7,09:50:00,14391.58279430199,0,8
2021-01-25,14338.5,14343.4,14299.2,14342.4,09:55:00,14386.527290082757,0,9
2021-01-25,14365.25,14371.1,14327.1,14339.2,10:00:00,14384.500881503443,0,10
2021-01-25,14360.8,14404.3,14353.15,14365.35,10:05:00,14382.243654693591,0,11
2021-01-25,14376.45,14387.2,14349.6,14360.55,10:10:00,14381.69187805611,0,12
2021-01-25,14410.35,14410.65,14378.8,14378.8,10:15:00,14384.421223003146,0,13
2021-01-25,14416.0,14420.15,14400.45,14411.4,10:20:00,14387.428725574277,0,14
2021-01-25,14401.45,14420.9,14388.0,14416.65,10:25:00,14388.764085043393,0,15
2021-01-25,14424.0,14438.55,14401.3,14401.3,10:30:00,14392.119886467832,0,16
2021-01-25,14418.85,14431.05,14413.3,14423.6,10:35:00,14394.665611566134,0,17
2021-01-25,14373.2,14418.45,14365.55,14418.45,10:40:00,14392.621267607454,0,18
2021-01-25,14383.1,14394.65,14353.3,14373.9,10:45:00,14391.71448021627,0,19
2021-01-25,14395.05,14395.05,14381.25,14383.5,10:50:00,14392.0321487671,0,20
2021-01-25,14388.6,14400.25,14373.75,14396.45,10:55:00,14391.705277455949,0,21
2021-01-25,14400.5,14401.45,14384.8,14389.0,11:00:00,14392.542870079193,0,22
2021-01-25,14409.35,14409.35,14394.4,14400.9,11:05:00,14394.143549119268,0,23
2021-01-25,14411.6,14416.1,14406.65,14409.05,11:10:00,14395.806068250766,0,24
2021-01-25,14363.05,14413.6,14362.25,14411.75,11:15:00,14392.686442703074,0,25
2021-01-25,14355.35,14374.85,14348.95,14363.9,11:20:00,14389.130591017069,0,26
2021-01-25,14368.8,14372.6,14351.8,14351.8,11:25:00,14387.194344253538,0,27
2021-01-25,14362.65,14368.3,14348.45,14367.55,11:30:00,14384.856787657962,0,28
2021-01-25,14359.4,14383.1,14359.4,14362.5,11:35:00,14382.432331690536,0,29
2021-01-25,14354.55,14368.65,14352.85,14359.95,11:40:00,14379.776871529531,0,30
2021-01-25,14350.6,14358.8,14327.15,14353.5,11:45:00,14376.998121860055,0,31
2021-01-25,14343.05,14350.9,14339.6,14349.6,11:50:00,14373.764967397192,0,32
2021-01-25,14330.65,14344.4,14328.0,14342.4,11:55:00,14369.658780026031,0,33
2021-01-25,14337.4,14344.05,14323.85,14330.4,12:00:00,14366.586515261648,0,34
2021-01-25,14356.3,14364.85,14332.7,14337.25,12:05:00,14365.606847141493,0,35
2021-01-25,14356.45,14366.85,14347.6,14355.95,12:10:00,14364.734766461348,0,36
2021-01-25,14359.1,14359.1,14344.4,14355.05,12:15:00,14364.198122036458,0,37
2021-01-25,14360.75,14364.6,14354.95,14358.75,12:20:00,14363.869729461556,0,38
2021-01-25,14354.8,14378.0,14351.6,14360.4,12:25:00,14363.005945703311,0,39
2021-01-25,14380.05,14380.75,14358.05,14358.05,12:30:00,14364.629188969664,0,40
2021-01-25,14382.65,14383.6,14371.55,14380.65,12:35:00,14366.34545668684,0,41
2021-01-25,14382.35,14395.2,14380.65,14382.95,12:40:00,14367.86969890714,0,42
2021-01-25,14365.2,14392.05,14363.25,14382.2,12:45:00,14367.615441868364,0,43
2021-01-25,14375.9,14380.45,14366.35,14367.35,12:50:00,14368.404447404711,0,44
2021-01-25,14386.9,14391.0,14377.35,14377.5,12:55:00,14370.16592860426,0,45
2021-01-25,14384.3,14395.1,14372.5,14386.25,13:00:00,14371.51203064195,0,46
2021-01-25,14389.3,14392.95,14380.9,14384.05,13:05:00,14373.206122961765,0,47
2021-01-25,14399.45,14402.2,14389.35,14389.35,13:10:00,14375.70553982255,0,48
2021-01-25,14397.55,14413.0,14394.1,14399.85,13:15:00,14377.785964601351,0,49
2021-01-25,14394.7,14398.25,14374.25,14398.25,13:20:00,14379.39682511551,0,50
2021-01-25,14400.65,14404.45,14389.35,14394.55,13:25:00,14381.42093700927,0,51
2021-01-25,14383.35,14400.8,14378.4,14400.8,13:30:00,14381.604657294103,0,52
2021-01-25,14374.7,14382.15,14366.85,14382.15,13:35:00,14380.94707088514,0,53
2021-01-25,14355.5,14387.35,14354.3,14375.1,13:40:00,14378.523540324652,0,54
2021-01-25,14343.95,14360.8,14339.3,14355.7,13:45:00,14375.230822198497,0,55
2021-01-25,14358.85,14370.55,14339.95,14343.8,13:50:00,14373.670743893876,0,56
2021-01-25,14359.5,14368.75,14354.25,14361.2,13:55:00,14372.321149237316,0,57
2021-01-25,14332.8,14377.3,14332.8,14360.3,14:00:00,14368.557230262331,0,58
2021-01-25,14311.95,14333.95,14298.7,14332.5,14:05:00,14363.166065475443,0,59
2021-01-25,14316.7,14318.55,14283.75,14312.3,14:10:00,14358.740725906351,0,60
2021-01-25,14319.35,14319.35,14296.3,14316.9,14:15:00,14354.989228200986,0,61
2021-01-25,14279.15,14322.75,14279.15,14321.35,14:20:00,14347.766444562796,0,62
2021-01-25,14275.95,14292.7,14272.25,14280.2,14:25:00,14340.926783175864,0,63
2021-01-25,14273.7,14298.5,14259.75,14275.35,14:30:00,14334.524232397209,0,64
2021-01-25,14288.35,14294.5,14266.0,14274.6,14:35:00,14330.126686454618,0,65
2021-01-25,14296.7,14308.5,14279.45,14289.0,14:40:00,14326.94319250656,0,66
2021-01-25,14289.65,14305.15,14286.75,14296.1,14:45:00,14323.391459886889,0,67
2021-01-25,14287.8,14294.4,14277.9,14288.8,14:50:00,14320.001797040515,0,68
2021-01-25,14267.85,14288.35,14263.6,14287.6,14:55:00,14315.034959227134,0,69
2021-01-25,14262.9,14274.65,14246.95,14267.65,15:00:00,14310.069725015026,0,70
2021-01-25,14240.25,14277.55,14237.6,14263.0,15:05:00,14303.420227394548,0,71
2021-01-25,14240.5,14252.8,14223.65,14239.55,15:10:00,14297.427824785544,0,72
2021-01-25,14231.95,14248.8,14224.2,14240.1,15:15:00,14291.191841472631,0,73
2021-01-25,14225.2,14233.25,14218.6,14232.6,15:20:00,14284.906904189524,0,74
2021-01-25,14251.6,14251.75,14220.9,14224.0,15:25:00,14281.734818076236,0,75
2021-01-27,14168.5,14222.7,14148.75,14201.85,09:15:00,14261.19335447964,2,1
2021-01-27,14159.65,14184.75,14151.2,14168.9,09:20:00,14251.522558814911,2,2
2021-01-27,14185.85,14192.55,14137.7,14158.75,09:25:00,14245.268029403967,2,3
2021-01-27,14164.3,14189.6,14158.65,14188.0,09:30:00,14237.556788508353,2,4
2021-01-27,14149.35,14172.2,14146.35,14162.6,09:35:00,14229.156141983744,2,5
2021-01-27,14150.3,14164.45,14143.25,14149.25,09:40:00,14221.64603322339,2,6
2021-01-27,14130.4,14150.1,14120.95,14150.1,09:45:00,14212.955934821162,2,7
2021-01-27,14129.5,14136.7,14111.95,14128.4,09:50:00,14205.00775055248,2,8
2021-01-27,14129.25,14140.5,14126.95,14129.2,09:55:00,14197.79272669034,2,9
2021-01-27,14140.5,14148.05,14119.1,14128.9,10:00:00,14192.336276529357,2,10
2021-01-27,14153.45,14160.85,14139.65,14140.2,10:05:00,14188.6328216218,2,11
2021-01-27,14167.5,14167.5,14147.35,14156.0,10:10:00,14186.620171943532,2,12
2021-01-27,14143.25,14167.7,14138.15,14167.7,10:15:00,14182.489679377482,2,13
2021-01-27,14122.15,14143.65,14120.55,14143.65,10:20:00,14176.743043246292,2,14
2021-01-27,14116.5,14133.85,14115.8,14120.9,10:25:00,14171.005610556169,2,15
2021-01-27,14114.1,14119.45,14107.15,14116.05,10:30:00,14165.58602859844,2,16
2021-01-27,14135.2,14140.5,14114.85,14114.85,10:35:00,14162.692121112876,2,17
2021-01-27,14114.55,14135.7,14114.25,14135.7,10:40:00,14158.107157197364,2,18
2021-01-27,14119.65,14122.95,14106.2,14114.1,10:45:00,14154.444570797616,2,19
2021-01-27,14123.35,14130.55,14118.4,14119.4,10:50:00,14151.483183102606,2,20
2021-01-27,14138.1,14147.75,14123.2,14124.65,10:55:00,14150.208594235692,2,21
2021-01-27,14131.8,14143.7,14129.2,14138.3,11:00:00,14148.455394784673,2,22
2021-01-27,14124.45,14134.7,14118.8,14130.95,11:05:00,14146.16916670994,2,23
2021-01-27,14146.75,14153.05,14124.85,14124.95,11:10:00,14146.224484166136,2,24
2021-01-27,14136.95,14159.4,14132.55,14146.4,11:15:00,14145.341199959836,2,25
2021-01-27,14162.0,14165.1,14137.2,14137.2,11:20:00,14146.927752344614,2,26
2021-01-27,14148.25,14168.0,14147.05,14162.85,11:25:00,14147.053680692748,2,27
2021-01-27,14141.8,14150.05,14137.55,14148.4,11:30:00,14146.55333015058,2,28
2021-01-27,14116.0,14149.6,14111.35,14141.65,11:35:00,14143.643489183858,2,29
2021-01-27,14106.45,14122.05,14102.3,14116.15,11:40:00,14140.10125211873,2,30
2021-01-27,14087.9,14114.4,14087.3,14106.8,11:45:00,14135.1297042979,2,31
2021-01-27,14094.75,14105.65,14084.9,14086.6,11:50:00,14131.28401817429,2,32
2021-01-27,14083.6,14100.85,14080.3,14094.6,11:55:00,14126.742683110073,2,33
2021-01-27,14086.25,14097.85,14081.75,14083.65,12:00:00,14122.886237099588,2,34
2021-01-27,14090.95,14099.45,14085.85,14086.5,12:05:00,14119.84469070915,2,35
2021-01-27,14086.4,14094.65,14081.6,14091.1,12:10:00,14116.65948207018,2,36
2021-01-27,14086.75,14087.35,14070.7,14085.95,12:15:00,14113.81095996826,2,37
2021-01-27,14095.25,14097.05,14082.7,14085.85,12:20:00,14112.043249495093,2,38
2021-01-27,14087.75,14108.65,14087.75,14095.15,12:25:00,14109.729606686036,2,39
2021-01-27,14086.9,14087.4,14077.0,14087.15,12:30:00,14107.555358430223,2,40
2021-01-27,14076.0,14087.1,14071.5,14086.85,12:35:00,14104.550086198777,2,41
2021-01-27,14080.6,14082.8,14069.45,14075.5,12:40:00,14102.269125608414,2,42
2021-01-27,14071.7,14087.25,14065.65,14081.1,12:45:00,14099.357780312375,2,43
2021-01-27,14065.1,14077.4,14061.9,14071.75,12:50:00,14096.09513456834,2,44
2021-01-27,14084.4,14084.4,14064.6,14064.6,12:55:00,14094.981312228498,2,45
2021-01-27,14064.8,14092.15,14064.8,14087.1,13:00:00,14092.10690154007,2,46
2021-01-27,14064.45,14069.35,14060.6,14064.35,13:05:00,14089.472910917206,2,47
2021-01-27,14066.7,14071.4,14059.95,14063.9,13:10:00,14087.304062258425,2,48
2021-01-27,14072.2,14076.9,14063.4,14067.6,13:15:00,14085.865580138574,2,49
2021-01-27,14066.8,14078.65,14064.05,14071.95,13:20:00,14084.049810601566,2,50
2021-01-27,14063.05,14067.15,14053.45,14066.9,13:25:00,14082.049828639512,2,51
2021-01-27,14032.0,14062.4,14026.6,14062.4,13:30:00,14077.283178292892,2,52
2021-01-27,14035.6,14039.4,14024.25,14030.2,13:35:00,14073.313351788807,2,53
2021-01-27,14017.9,14037.15,14016.1,14036.1,13:40:00,14068.035889713685,2,54
2021-01-27,14029.05,14038.05,14015.65,14017.75,13:45:00,14064.32294783619,2,55
2021-01-27,14046.0,14049.1,14029.0,14029.8,13:50:00,14062.577905185124,2,56
2021-01-27,14023.45,14049.3,14018.65,14046.55,13:55:00,14058.851438024638,2,57
2021-01-27,14005.7,14025.25,14003.75,14023.6,14:00:00,14053.789396308006,2,58
2021-01-27,14015.85,14021.15,13999.45,14005.5,14:05:00,14050.176120469148,2,59
2021-01-27,13978.1,14015.95,13974.2,14015.1,14:10:00,14043.311728043514,2,60
2021-01-27,13980.95,13985.3,13957.45,13977.65,14:15:00,14037.372515848894,2,61
2021-01-27,13974.95,13993.2,13970.75,13980.7,14:20:00,14031.427514339475,2,62
2021-01-27,13963.9,13983.4,13957.85,13975.15,14:25:00,14024.996322497622,2,63
2021-01-27,13956.95,13966.65,13948.9,13963.4,14:30:00,14018.515720354992,2,64
2021-01-27,13935.0,13956.7,13934.65,13956.55,14:35:00,14010.561842225943,2,65
2021-01-27,13939.1,13949.75,13929.3,13934.6,14:40:00,14003.75595249014,2,66
2021-01-27,13979.0,13982.3,13939.05,13940.1,14:45:00,14001.398242729176,2,67
2021-01-27,13989.4,13989.8,13973.7,13979.15,14:50:00,14000.255552945444,2,68
2021-01-27,13983.3,14009.75,13978.45,13988.75,14:55:00,13998.640738379212,2,69
2021-01-27,13966.55,13984.65,13960.2,13984.65,15:00:00,13995.584477581191,2,70
2021-01-27,13974.85,13984.0,13967.5,13967.5,15:05:00,13993.609765430603,2,71
2021-01-27,13965.3,13976.35,13960.05,13974.0,15:10:00,13990.913597294357,2,72
2021-01-27,13970.8,13983.35,13964.95,13965.9,15:15:00,13988.998016599651,2,73
2021-01-27,13963.95,13972.55,13957.45,13971.3,15:20:00,13986.61249120921,2,74
2021-01-27,13964.25,13967.6,13960.85,13963.75,15:25:00,13984.482730141664,2,75
2021-01-28,13834.25,13866.35,13807.2,13836.55,09:15:00,13970.174851080554,3,1
2021-01-28,13816.85,13832.95,13794.2,13832.95,09:20:00,13955.572484310977,3,2
2021-01-28,13834.4,13847.3,13809.85,13816.6,09:25:00,13944.03224770993,3,3
2021-01-28,13861.35,13866.9,13833.65,13834.25,09:30:00,13936.157747928031,3,4
2021-01-28,13870.6,13898.25,13853.65,13861.2,09:35:00,13929.914152887268,3,5
2021-01-28,13880.25,13880.25,13854.6,13870.5,09:40:00,13925.18423356467,3,6
2021-01-28,13869.4,13881.25,13867.8,13879.95,09:45:00,13919.871449415654,3,7
2021-01-28,13850.85,13869.35,13847.5,13869.35,09:50:00,13913.297978042734,3,8
2021-01-28,13846.05,13855.45,13837.3,13850.5,09:55:00,13906.89340870533,3,9
2021-01-28,13868.85,13873.85,13842.35,13846.4,10:00:00,13903.27022692387,3,10
2021-01-28,13879.4,13879.4,13858.8,13869.3,10:05:00,13900.99687197874,3,11
2021-01-28,13866.4,13882.3,13864.05,13879.0,10:10:00,13897.70193179029,3,12
2021-01-28,13876.1,13886.15,13865.0,13866.0,10:15:00,13895.64460495312,3,13
2021-01-28,13856.25,13880.35,13853.95,13876.55,10:20:00,13891.892737814724,3,14
2021-01-28,13835.55,13856.95,13830.9,13856.95,10:25:00,13886.526762784752,3,15
2021-01-28,13842.7,13842.95,13821.35,13836.4,10:30:00,13882.35278537668,3,16
2021-01-28,13829.75,13845.9,13828.1,13842.6,10:35:00,13877.342996293188,3,17
2021-01-28,13821.9,13829.9,13814.3,13829.9,10:40:00,13872.062710931932,3,18
2021-01-28,13831.9,13836.7,13821.15,13822.6,10:45:00,13868.237690843176,3,19
2021-01-28,13842.2,13848.0,13827.7,13832.05,10:50:00,13865.757910762874,3,20
2021-01-28,13856.9,13860.9,13842.15,13842.3,10:55:00,13864.91430021403,3,21
2021-01-28,13864.25,13866.25,13845.85,13856.95,11:00:00,13864.851033526978,3,22
2021-01-28,13869.45,13874.35,13858.1,13864.45,11:05:00,13865.289030333932,3,23
2021-01-28,13862.6,13873.55,13857.1,13870.0,11:10:00,13865.03293220689,3,24
2021-01-28,13856.3,13865.9,13854.4,13862.5,11:15:00,13864.201224377664,3,25
2021-01-28,13859.55,13864.3,13850.65,13856.7,11:20:00,13863.75825062741,3,26
2021-01-28,13849.4,13862.7,13847.75,13859.5,11:25:00,13862.390798186703,3,27
2021-01-28,13841.05,13848.95,13840.35,13848.95,11:30:00,13860.358341216544,3,28
2021-01-28,13843.1,13845.05,13831.3,13840.25,11:35:00,13858.71468967211,3,29
2021-01-28,13840.9,13846.5,13832.05,13842.4,11:40:00,13857.01805256048,3,30
2021-01-28,13836.45,13845.75,13835.65,13841.0,11:45:00,13855.059190411865,3,31
2021-01-28,13824.7,13842.05,13824.7,13838.15,11:50:00,13852.167838944066,3,32
2021-01-28,13831.1,13832.5,13819.75,13825.1,11:55:00,13850.16137809225,3,33
2021-01-28,13824.6,13838.4,13822.85,13831.5,12:00:00,13847.726961131084,3,34
2021-01-28,13814.3,13829.25,13802.7,13824.8,12:05:00,13844.54344102336,3,35
2021-01-28,13811.9,13822.7,13811.9,13814.2,12:10:00,13841.434541878278,3,36
2021-01-28,13831.15,13836.9,13806.75,13811.3,12:15:00,13840.455061699397,3,37
2021-01-28,13825.8,13839.9,13824.15,13830.4,12:20:00,13839.059341537548,3,38
2021-01-28,13807.7,13830.25,13802.6,13825.55,12:25:00,13836.072737581591,3,39
2021-01-28,13809.1,13812.7,13799.85,13807.5,12:30:00,13833.503905430964,3,40
2021-01-28,13773.45,13812.15,13772.5,13808.9,12:35:00,13827.78448586611,3,41
2021-01-28,13767.5,13782.45,13760.15,13771.85,12:40:00,13822.043106259816,3,42
2021-01-28,13749.0,13767.75,13746.05,13767.75,12:45:00,13815.086619949356,3,43
2021-01-28,13755.9,13763.15,13746.35,13747.7,12:50:00,13809.4497990018,3,44
2021-01-28,13759.4,13764.95,13751.95,13756.65,12:55:00,13804.683151477817,3,45
2021-01-28,13726.1,13759.4,13724.6,13759.25,13:00:00,13797.199041813265,3,46
2021-01-28,13747.25,13749.0,13713.25,13724.25,13:05:00,13792.441990212,3,47
2021-01-28,13740.6,13747.35,13727.9,13746.7,13:10:00,13787.504657810856,3,48
2021-01-28,13774.4,13783.45,13739.85,13741.1,13:15:00,13786.256595162204,3,49
2021-01-28,13794.15,13802.3,13771.7,13774.6,13:20:00,13787.0083480039,3,50
2021-01-28,13823.85,13831.0,13786.25,13794.05,13:25:00,13790.517076765433,3,51
2021-01-28,13807.8,13845.5,13798.3,13824.4,13:30:00,13792.163069454438,3,52
2021-01-28,13816.85,13822.9,13801.5,13808.85,13:35:00,13794.514205696873,3,53
2021-01-28,13834.35,13834.65,13808.1,13816.75,13:40:00,13798.3080908686,3,54
2021-01-28,13817.7,13843.8,13816.45,13834.7,13:45:00,13800.154939357304,3,55
2021-01-28,13816.25,13835.8,13814.85,13817.9,13:50:00,13801.687802275655,3,56
2021-01-28,13800.25,13816.45,13790.1,13816.45,13:55:00,13801.550868725591,3,57
2021-01-28,13790.55,13799.55,13782.75,13799.45,14:00:00,13800.503166942204,3,58
2021-01-28,13797.75,13824.15,13789.75,13790.35,14:05:00,13800.240960566756,3,59
2021-01-28,13802.15,13811.75,13794.05,13798.75,14:10:00,13800.422773846112,3,60
2021-01-28,13806.9,13814.75,13793.05,13801.55,14:15:00,13801.039652527434,3,61
2021-01-28,13817.65,13825.0,13800.05,13807.2,14:20:00,13802.621590381965,3,62
2021-01-28,13769.95,13819.35,13767.5,13818.55,14:25:00,13799.510010345586,3,63
2021-01-28,13784.6,13789.45,13754.15,13769.55,14:30:00,13798.09000936029,3,64
2021-01-28,13772.7,13798.95,13771.4,13784.85,14:35:00,13795.67191323074,3,65
2021-01-28,13777.7,13785.3,13771.9,13772.3,14:40:00,13793.96030244686,3,66
2021-01-28,13763.6,13785.75,13762.6,13776.95,14:45:00,13791.068845070968,3,67
2021-01-28,13757.8,13768.45,13753.8,13763.0,14:50:00,13787.900383635637,3,68
2021-01-28,13774.3,13774.3,13754.05,13756.8,14:55:00,13786.605109003673,3,69
2021-01-28,13815.55,13815.55,13775.05,13775.05,15:00:00,13789.361765289035,3,70
2021-01-28,13817.35,13835.0,13815.05,13816.45,15:05:00,13792.027311451988,3,71
2021-01-28,13822.8,13825.2,13812.05,13816.4,15:10:00,13794.958043694656,3,72
2021-01-28,13825.85,13829.7,13819.65,13823.25,15:15:00,13797.900134771357,3,73
2021-01-28,13823.4,13827.55,13809.1,13825.35,15:20:00,13800.32869336456,3,74
2021-01-28,13819.75,13829.4,13810.5,13822.6,15:25:00,13802.178341615556,3,75
2021-01-29,13932.2,13954.45,13913.95,13954.45,09:15:00,13814.561356699787,4,1
2021-01-29,13929.2,13966.85,13927.55,13932.85,09:20:00,13825.47932272838,4,2
2021-01-29,13907.85,13928.55,13899.45,13928.55,09:25:00,13833.3241491352,4,3
2021-01-29,13878.65,13920.1,13877.45,13908.2,09:30:00,13837.640896836609,4,4
2021-01-29,13865.6,13893.3,13864.8,13878.25,09:35:00,13840.303668566456,4,5
2021-01-29,13853.0,13870.7,13851.3,13863.7,09:40:00,13841.5128429887,4,6
2021-01-29,13864.1,13868.1,13845.55,13852.0,09:45:00,13843.6640007993,4,7
2021-01-29,13873.9,13882.2,13864.55,13864.55,09:50:00,13846.543619770791,4,8
2021-01-29,13844.35,13874.5,13842.45,13873.65,09:55:00,13846.334703602146,4,9
2021-01-29,13852.35,13857.45,13827.6,13845.15,10:00:00,13846.90758897337,4,10
2021-01-29,13864.05,13866.4,13846.05,13852.7,10:05:00,13848.540199547337,4,11
2021-01-29,13855.9,13870.5,13847.7,13865.25,10:10:00,13849.24113292378,4,12
2021-01-29,13867.75,13882.2,13853.85,13856.3,10:15:00,13851.003882169134,4,13
2021-01-29,13827.35,13867.15,13821.9,13866.6,10:20:00,13848.75113148636,4,14
2021-01-29,13805.2,13829.2,13797.25,13826.55,10:25:00,13844.603404678131,4,15
2021-01-29,13822.05,13825.75,13784.5,13805.8,10:30:00,13842.455461375454,4,16
2021-01-29,13825.75,13842.8,13819.8,13821.7,10:35:00,13840.864465053985,4,17
2021-01-29,13819.65,13830.95,13811.1,13826.95,10:40:00,13838.844039810743,4,18
2021-01-29,13819.45,13820.9,13803.6,13820.1,10:45:00,13836.996988400198,4,19
2021-01-29,13836.35,13845.65,13814.7,13818.6,10:50:00,13836.935370457322,4,20
2021-01-29,13843.8,13847.2,13830.45,13836.45,10:55:00,13837.589144699485,4,21
2021-01-29,13860.05,13861.15,13841.75,13843.55,11:00:00,13839.728273775723,4,22
2021-01-29,13852.35,13861.2,13843.0,13859.35,11:05:00,13840.93034293994,4,23
2021-01-29,13869.9,13870.05,13845.35,13851.75,11:10:00,13843.689357898042,4,24
2021-01-29,13855.55,13868.25,13849.65,13868.2,11:15:00,13844.818942860133,4,25
2021-01-29,13853.6,13855.85,13847.0,13855.65,11:20:00,13845.65523401631,4,26
2021-01-29,13856.95,13868.3,13851.4,13853.7,11:25:00,13846.730926014758,4,27
2021-01-29,13832.5,13857.1,13826.3,13857.1,11:30:00,13845.375599727638,4,28
2021-01-29,13831.65,13837.55,13824.4,13832.1,11:35:00,13844.068399753576,4,29
2021-01-29,13811.4,13832.0,13808.45,13832.0,11:40:00,13840.95712358657,4,30
2021-01-29,13820.35,13821.3,13797.6,13810.85,11:45:00,13838.99454038785,4,31
2021-01-29,13803.4,13825.95,13803.4,13821.05,11:50:00,13835.604584160435,4,32
2021-01-29,13796.0,13813.5,13794.55,13801.6,11:55:00,13831.8327190023,4,33
2021-01-29,13792.85,13808.9,13792.65,13796.25,12:00:00,13828.120079097318,4,34
2021-01-29,13798.05,13804.35,13780.3,13792.5,12:05:00,13825.256262040431,4,35
2021-01-29,13786.95,13797.25,13776.4,13797.25,12:10:00,13821.60804660801,4,36
2021-01-29,13793.35,13800.6,13780.7,13786.75,12:15:00,13818.916804073911,4,37
2021-01-29,13803.05,13809.1,13791.0,13791.0,12:20:00,13817.405679876396,4,38
2021-01-29,13810.2,13827.15,13801.95,13802.7,12:25:00,13816.719424650071,4,39
2021-01-29,13832.05,13840.65,13810.2,13810.45,12:30:00,13818.179479445304,4,40
2021-01-29,13805.95,13834.25,13805.95,13832.75,12:35:00,13817.014767117182,4,41
2021-01-29,13799.5,13816.05,13793.75,13805.4,12:40:00,13815.346694058402,4,42
2021-01-29,13803.95,13824.2,13799.1,13799.1,12:45:00,13814.261294624268,4,43
2021-01-29,13798.65,13811.8,13792.95,13803.55,12:50:00,13812.774504660052,4,44
2021-01-29,13791.95,13805.45,13788.2,13798.35,12:55:00,13810.791218501952,4,45
2021-01-29,13764.9,13799.0,13764.6,13791.25,13:00:00,13806.420626263673,4,46
2021-01-29,13771.55,13784.65,13755.85,13764.0,13:05:00,13803.09961423856,4,47
2021-01-29,13767.8,13777.85,13762.5,13772.1,13:10:00,13799.73774621584,4,48
2021-01-29,13766.05,13779.05,13755.55,13768.7,13:15:00,13796.52938943338,4,49
2021-01-29,13790.35,13793.9,13765.65,13765.65,13:20:00,13795.940876154007,4,50
2021-01-29,13772.35,13790.9,13771.55,13790.1,13:25:00,13793.694126044104,4,51
2021-01-29,13779.2,13783.35,13769.1,13772.9,13:30:00,13792.313733087522,4,52
2021-01-29,13746.1,13780.45,13745.4,13779.1,13:35:00,13787.912425174423,4,53
2021-01-29,13743.95,13761.6,13740.3,13745.75,13:40:00,13783.725527538763,4,54
2021-01-29,13754.6,13764.05,13729.95,13743.65,13:45:00,13780.95166777317,4,55
2021-01-29,13755.45,13766.45,13746.15,13755.45,13:50:00,13778.522937509058,4,56
2021-01-29,13756.0,13765.05,13743.1,13755.15,13:55:00,13776.37789584153,4,57
2021-01-29,13732.05,13760.45,13728.1,13755.6,14:00:00,13772.15619147567,4,58
2021-01-29,13753.7,13754.35,13730.05,13732.9,14:05:00,13770.398458954178,4,59
2021-01-29,13804.1,13806.9,13752.65,13754.15,14:10:00,13773.60812952997,4,60
2021-01-29,13824.6,13831.2,13803.2,13804.0,14:15:00,13778.464498146164,4,61
2021-01-29,13849.95,13851.75,13817.5,13824.25,14:20:00,13785.272641179865,4,62
2021-01-29,13840.2,13857.6,13831.95,13849.25,14:25:00,13790.503818210353,4,63
2021-01-29,13843.05,13852.1,13832.2,13840.55,14:30:00,13795.508216476032,4,64
2021-01-29,13851.2,13873.0,13832.9,13842.2,14:35:00,13800.812195859267,4,65
2021-01-29,13794.55,13851.4,13794.55,13851.0,14:40:00,13800.215796253622,4,66
2021-01-29,13778.05,13804.25,13771.45,13796.25,14:45:00,13798.104768038991,4,67
2021-01-29,13792.55,13796.8,13772.25,13777.85,14:50:00,13797.575742511468,4,68
2021-01-29,13752.0,13793.3,13744.7,13792.35,14:55:00,13793.235195605614,4,69
2021-01-29,13645.8,13751.5,13607.55,13751.5,15:00:00,13779.19374840508,4,70
2021-01-29,13630.25,13667.85,13620.55,13644.8,15:05:00,13765.008629509355,4,71
2021-01-29,13625.6,13646.1,13608.2,13629.25,15:10:00,13751.731617175132,4,72
2021-01-29,13614.0,13637.4,13596.75,13626.0,15:15:00,13738.614320301309,4,73
2021-01-29,13620.2,13638.95,13611.1,13613.4,15:20:00,13727.336765986898,4,74
2021-01-29,13660.8,13670.65,13622.25,13622.25,15:25:00,13720.999931131002,4,75
2021-02-01,13739.05,13773.8,13725.65,13766.05,09:15:00,13722.718985309002,0,1
2021-02-01,13727.0,13740.2,13693.55,13737.95,09:20:00,13723.12670099386,0,2
2021-02-01,13711.1,13741.55,13711.1,13728.55,09:25:00,13721.981300899206,0,3
2021-02-01,13706.0,13725.0,13678.85,13709.6,09:30:00,13720.45927224214,0,4
2021-02-01,13681.25,13712.35,13679.6,13704.95,09:35:00,13716.725055838127,0,5
2021-02-01,13683.2,13690.0,13668.3,13683.45,09:40:00,13713.532193377352,0,6
2021-02-01,13682.65,13687.95,13661.75,13682.1,09:45:00,13710.59103210332,0,7
2021-02-01,13712.6,13715.45,13682.05,13682.8,09:50:00,13710.782362379194,0,8
2021-02-01,13726.85,13726.85,13701.8,13713.5,09:55:00,13712.312613581176,0,9
2021-02-01,13734.75,13741.2,13715.4,13726.95,10:00:00,13714.449507525827,0,10
2021-02-01,13752.8,13756.7,13735.0,13735.65,10:05:00,13718.10193538051,0,11
2021-02-01,13746.65,13756.6,13737.7,13752.6,10:10:00,13720.820798677603,0,12
2021-02-01,13746.05,13755.8,13742.5,13747.3,10:15:00,13723.223579755928,0,13
2021-02-01,13749.0,13750.75,13735.35,13745.95,10:20:00,13725.678476922028,0,14
2021-02-01,13729.35,13762.25,13729.35,13747.9,10:25:00,13726.028145786597,0,15
2021-02-01,13737.75,13743.3,13721.85,13730.4,10:30:00,13727.14451285454,0,16
2021-02-01,13747.1,13752.35,13731.05,13739.3,10:35:00,13729.045035439822,0,17
2021-02-01,13772.65,13773.85,13746.35,13746.35,10:40:00,13733.197889207457,0,18
2021-02-01,13763.5,13775.9,13763.1,13772.45,10:45:00,13736.083804521031,0,19
2021-02-01,13767.4,13772.6,13761.9,13762.65,10:50:00,13739.066299328551,0,20
2021-02-01,13778.75,13792.9,13765.8,13767.3,10:55:00,13742.8456993925,0,21
2021-02-01,13753.4,13793.75,13751.35,13778.35,11:00:00,13743.850870878929,0,22
2021-02-01,13756.85,13774.05,13750.55,13753.85,11:05:00,13745.088883176171,0,23
2021-02-01,13760.9,13769.65,13754.35,13755.3,11:10:00,13746.59470382606,0,24
2021-02-01,13789.05,13793.0,13759.65,13760.35,11:15:00,13750.638065366436,0,25
2021-02-01,13820.15,13827.7,13787.7,13788.8,11:20:00,13757.258249617253,0,26
2021-02-01,13849.45,13851.7,13818.7,13820.05,11:25:00,13766.03841632037,0,27
2021-02-01,13833.15,13858.15,13823.75,13848.55,11:30:00,13772.42999571843,0,28
2021-02-01,13840.65,13847.9,13831.1,13832.9,11:35:00,13778.92713898334,0,29
2021-02-01,13850.8,13854.85,13833.7,13840.8,11:40:00,13785.77217336588,0,30
2021-02-01,13899.7,13901.0,13848.85,13850.15,11:45:00,13796.622442569129,0,31
2021-02-01,13899.65,13906.1,13886.25,13901.75,11:50:00,13806.43459089588,0,32
2021-02-01,13874.2,13903.2,13871.6,13899.5,11:55:00,13812.888439381986,0,33
2021-02-01,13890.65,13898.3,13874.15,13874.15,12:00:00,13820.294302297989,0,34
2021-02-01,13880.5,13891.65,13878.9,13891.65,12:05:00,13826.028178269607,0,35
2021-02-01,13807.45,13882.65,13807.45,13880.7,12:10:00,13824.258827958216,0,36
2021-02-01,13814.3,13837.35,13778.3,13809.3,12:15:00,13823.310368152672,0,37
2021-02-01,13829.65,13834.0,13805.65,13815.5,12:20:00,13823.914142614323,0,38
2021-02-01,13864.5,13868.15,13828.15,13829.4,12:25:00,13827.77946236534,0,39
2021-02-01,13869.85,13877.05,13849.45,13862.2,12:30:00,13831.786180235307,0,40
2021-02-01,13842.45,13873.95,13835.5,13869.55,12:35:00,13832.80178211766,0,41
2021-02-01,13845.0,13857.8,13838.3,13842.7,12:40:00,13833.963517154072,0,42
2021-02-01,13865.85,13866.15,13825.1,13844.95,12:45:00,13837.00032504416,0,43
2021-02-01,13986.0,13986.5,13862.1,13864.75,12:50:00,13851.19077027805,0,44
2021-02-01,14083.25,14095.0,13986.2,13987.75,12:55:00,13873.291649299188,0,45
2021-02-01,14100.2,14113.55,14067.55,14085.9,13:00:00,13894.901968413553,0,46
2021-02-01,14059.3,14102.4,14044.25,14100.35,13:05:00,13910.558923802737,0,47
2021-02-01,14021.85,14059.75,13991.05,14058.35,13:10:00,13921.158073916762,0,48
2021-02-01,14098.85,14105.7,14021.35,14024.65,13:15:00,13938.08111449612,0,49
2021-02-01,14114.65,14120.35,14074.5,14097.35,13:20:00,13954.897198829822,0,50
2021-02-01,14152.35,14154.65,14103.8,14114.05,13:25:00,13973.702227512696,0,51
2021-02-01,14142.1,14161.55,14132.95,14153.1,13:30:00,13989.740110606726,0,52
2021-02-01,14141.3,14143.15,14111.95,14141.35,13:35:00,14004.174385787035,0,53
2021-02-01,14186.4,14200.6,14139.35,14141.25,13:40:00,14021.529206188272,0,54
2021-02-01,14206.6,14214.8,14177.95,14186.7,13:45:00,14039.154996075104,0,55
2021-02-01,14182.95,14212.15,14177.6,14205.95,13:50:00,14052.849758353665,0,56
2021-02-01,14158.25,14182.8,14132.5,14182.8,13:55:00,14062.887876605697,0,57
2021-02-01,14166.0,14187.0,14154.75,14158.5,14:00:00,14072.708078833726,0,58
2021-02-01,14150.6,14166.05,14111.85,14166.05,14:05:00,14080.126357040035,0,59
2021-02-01,14145.9,14158.4,14125.1,14150.45,14:10:00,14086.390513512417,0,60
2021-02-01,14170.9,14193.2,14119.6,14144.05,14:15:00,14094.439036035044,0,61
2021-02-01,14199.8,14200.55,14164.95,14172.0,14:20:00,14104.473413555515,0,62
2021-02-01,14202.65,14215.25,14189.05,14199.3,14:25:00,14113.823564645469,0,63
2021-02-01,14253.7,14255.5,14203.65,14203.65,14:30:00,14127.145129917328,0,64
2021-02-01,14260.8,14263.6,14235.8,14253.85,14:35:00,14139.874165163295,0,65
2021-02-01,14283.25,14290.5,14260.1,14260.55,14:40:00,14153.529006576317,0,66
2021-02-01,14260.9,14288.15,14260.9,14282.95,14:45:00,14163.754815473809,0,67
2021-02-01,14264.95,14277.55,14254.7,14262.3,14:50:00,14173.392452095348,0,68
2021-02-01,14269.65,14269.9,14230.9,14264.4,14:55:00,14182.559837610075,0,69
2021-02-01,14278.8,14290.7,14248.4,14270.5,15:00:00,14191.725567361498,0,70
2021-02-01,14268.85,14296.1,14263.25,14278.7,15:05:00,14199.070751422309,0,71
2021-02-01,14269.9,14278.9,14254.2,14269.4,15:10:00,14205.81639414399,0,72
2021-02-01,14281.2,14293.3,14263.8,14268.1,15:15:00,14212.995785177896,0,73
2021-02-01,14288.9,14299.5,14273.7,14280.75,15:20:00,14220.224758018096,0,74
2021-02-01,14335.45,14336.35,14286.8,14288.15,15:25:00,14231.198590587805,0,75
2021-02-02,14564.15,14568.3,14469.15,14483.2,09:15:00,14262.908248627058,1,1
2021-02-02,14593.0,14599.25,14563.05,14565.75,09:20:00,14294.345558281624,1,2
2021-02-02,14641.95,14643.6,14588.6,14593.3,09:25:00,14327.450743207184,1,3
2021-02-02,14697.15,14699.8,14627.05,14641.1,09:30:00,14362.660196235072,1,4
2021-02-02,14645.8,14697.9,14626.95,14696.05,09:35:00,14389.625891831733,1,5
2021-02-02,14657.75,14669.0,14634.5,14645.95,09:40:00,14415.161521181091,1,6
2021-02-02,14657.5,14660.3,14644.0,14657.2,09:45:00,14438.241376306702,1,7
2021-02-02,14663.5,14685.85,14657.35,14657.8,09:50:00,14459.694578563203,1,8
2021-02-02,14721.05,14731.7,14663.05,14666.8,09:55:00,14484.585571080996,1,9
2021-02-02,14687.25,14729.0,14681.95,14723.8,10:00:00,14503.886945263755,1,10
2021-02-02,14677.05,14703.2,14670.65,14688.55,10:05:00,14520.378664762446,1,11
2021-02-02,14657.45,14685.65,14647.65,14681.45,10:10:00,14533.433077642214,1,12
2021-02-02,14629.65,14663.1,14629.05,14656.6,10:15:00,14542.59659405724,1,13
2021-02-02,14613.15,14650.0,14612.3,14629.3,10:20:00,14549.315966051789,1,14
2021-02-02,14590.3,14612.1,14556.0,14612.1,10:25:00,14553.219207380189,1,15
2021-02-02,14568.75,14606.95,14551.85,14589.8,10:30:00,14554.698330486835,1,16
2021-02-02,14576.3,14609.85,14566.6,14567.85,10:35:00,14556.755632345234,1,17
2021-02-02,14527.0,14575.65,14525.1,14574.95,10:40:00,14553.92176259807,1,18
2021-02-02,14541.7,14545.2,14501.75,14526.6,10:45:00,14552.757785207776,1,19
2021-02-02,14550.1,14554.75,14501.95,14539.65,10:50:00,14552.504662807036,1,20
2021-02-02,14574.85,14577.0,14530.2,14551.0,10:55:00,14554.632790158748,1,21
2021-02-02,14590.5,14597.15,14569.9,14574.7,11:00:00,14558.048714905532,1,22
2021-02-02,14581.85,14593.0,14567.35,14590.2,11:05:00,14560.315503962149,1,23
2021-02-02,14588.2,14594.45,14576.35,14581.65,11:10:00,14562.971170251469,1,24
2021-02-02,14592.35,14611.7,14585.9,14588.5,11:15:00,14565.769154037043,1,25
2021-02-02,14601.45,14602.25,14577.25,14590.35,11:20:00,14569.16732984304,1,26
2021-02-02,14583.95,14609.15,14582.65,14601.3,11:25:00,14570.575203191322,1,27
2021-02-02,14570.75,14595.0,14566.35,14583.2,11:30:00,14570.591850506433,1,28
2021-02-02,14563.8,14581.5,14560.85,14570.6,11:35:00,14569.945007601058,1,29
2021-02-02,14549.55,14564.7,14536.1,14564.3,11:40:00,14568.002625924766,1,30
2021-02-02,14518.2,14547.6,14517.65,14547.6,11:45:00,14563.259518693838,1,31
2021-02-02,14544.9,14552.2,14513.3,14516.3,11:50:00,14561.51099310395,1,32
2021-02-02,14530.45,14544.9,14518.6,14543.9,11:55:00,14558.552803284529,1,33
2021-02-02,14543.05,14546.75,14515.85,14530.55,12:00:00,14557.076345828857,1,34
2021-02-02,14571.0,14578.75,14528.2,14543.35,12:05:00,14558.40240813087,1,35
2021-02-02,14589.25,14590.85,14568.9,14572.05,12:10:00,14561.34027402317,1,36
2021-02-02,14584.2,14591.8,14573.45,14588.7,12:15:00,14563.517390782868,1,37
2021-02-02,14565.75,14591.65,14553.6,14583.35,12:20:00,14563.73002023212,1,38
2021-02-02,14579.65,14579.65,14557.8,14566.05,12:25:00,14565.246208781442,1,39
2021-02-02,14564.8,14587.1,14562.35,14579.8,12:30:00,14565.20371270702,1,40
2021-02-02,14582.95,14583.85,14563.9,14564.5,12:35:00,14566.893835306351,1,41
2021-02-02,14562.6,14589.8,14557.6,14583.0,12:40:00,14566.484898610508,1,42
2021-02-02,14547.6,14563.75,14542.8,14562.2,12:45:00,14564.686336838078,1,43
2021-02-02,14572.95,14573.55,14546.85,14547.4,12:50:00,14565.473352377308,1,44
2021-02-02,14579.2,14580.8,14555.1,14573.2,12:55:00,14566.780652150896,1,45
2021-02-02,14590.0,14590.0,14574.0,14578.6,13:00:00,14568.992018612716,1,46
2021-02-02,14625.35,14626.55,14588.35,14589.55,13:05:00,14574.359445411505,1,47
2021-02-02,14609.4,14629.1,14603.35,14625.3,13:10:00,14577.6966410866,1,48
2021-02-02,14611.45,14613.35,14591.8,14609.65,13:15:00,14580.9112466974,1,49
2021-02-02,14607.25,14621.7,14603.85,14611.25,13:20:00,14583.419699392884,1,50
2021-02-02,14615.15,14621.4,14601.95,14607.05,13:25:00,14586.44163278404,1,51
2021-02-02,14614.7,14620.25,14596.65,14615.6,13:30:00,14589.132905852226,1,52
2021-02-02,14642.85,14642.85,14600.35,14614.35,13:35:00,14594.248819580584,1,53
2021-02-02,14636.35,14648.35,14627.1,14641.9,13:40:00,14598.258455811008,1,54
2021-02-02,14634.65,14640.85,14628.8,14636.55,13:45:00,14601.72431716234,1,55
2021-02-02,14638.95,14648.9,14634.05,14634.5,13:50:00,14605.269620289737,1,56
2021-02-02,14615.2,14639.2,14569.45,14639.2,13:55:00,14606.215370738331,1,57
2021-02-02,14626.15,14633.45,14615.05,14615.05,14:00:00,14608.11390685849,1,58
2021-02-02,14628.25,14636.75,14613.5,14626.5,14:05:00,14610.031630014824,1,59
2021-02-02,14646.75,14650.45,14629.85,14629.85,14:10:00,14613.52861763246,1,60
2021-02-02,14660.35,14660.35,14638.9,14647.4,14:15:00,14617.987796905558,1,61
2021-02-02,14661.8,14669.6,14653.65,14661.4,14:20:00,14622.160387676457,1,62
2021-02-02,14663.9,14666.25,14639.05,14661.4,14:25:00,14626.135588850126,1,63
2021-02-02,14676.25,14679.6,14652.8,14663.7,14:30:00,14630.90838991202,1,64
2021-02-02,14677.85,14689.85,14669.3,14676.2,14:35:00,14635.379019444208,1,65
2021-02-02,14675.65,14685.65,14671.45,14678.8,14:40:00,14639.214350925711,1,66
2021-02-02,14624.9,14676.7,14621.85,14676.7,14:45:00,14637.851079408978,1,67
2021-02-02,14628.4,14630.0,14597.25,14623.55,14:50:00,14636.950976608125,1,68
2021-02-02,14636.5,14643.65,14616.9,14627.45,14:55:00,14636.908026454968,1,69
2021-02-02,14634.25,14654.0,14612.65,14636.85,15:00:00,14636.654881078304,1,70
2021-02-02,14640.65,14657.3,14630.2,14636.7,15:05:00,14637.035368594656,1,71
2021-02-02,14642.9,14646.55,14629.55,14641.2,15:10:00,14637.593904918976,1,72
2021-02-02,14651.45,14653.55,14638.0,14644.1,15:15:00,14638.913533021929,1,73
2021-02-02,14665.0,14671.65,14650.25,14651.85,15:20:00,14641.397958448411,1,74
2021-02-02,14673.45,14673.45,14663.85,14664.6,15:25:00,14644.450533834275,1,75
2021-02-03,14601.9,14746.95,14600.65,14735.15,09:15:00,14640.398102040535,2,1
2021-02-03,14634.75,14657.6,14574.15,14599.75,09:20:00,14639.860187560484,2,2
2021-02-03,14680.45,14693.55,14633.25,14634.55,09:25:00,14643.725883983294,2,3
2021-02-03,14696.85,14710.85,14678.9,14680.9,09:30:00,14648.785323603934,2,4
2021-02-03,14702.7,14703.05,14671.15,14696.55,09:35:00,14653.920054689272,2,5
2021-02-03,14713.55,14725.4,14702.15,14702.45,09:40:00,14659.59909709982,2,6
2021-02-03,14709.45,14715.65,14682.15,14711.95,09:45:00,14664.346802137932,2,7
2021-02-03,14710.25,14716.65,14699.4,14709.05,09:50:00,14668.718535267652,2,8
2021-02-03,14742.75,14747.05,14704.3,14710.8,09:55:00,14675.769150956448,2,9
2021-02-03,14738.15,14754.5,14728.4,14742.05,10:00:00,14681.71018419869,2,10
2021-02-03,14737.0,14748.15,14727.15,14737.05,10:05:00,14686.97588094167,2,11
2021-02-03,14753.6,14754.2,14725.8,14737.1,10:10:00,14693.321035137702,2,12
2021-02-03,14777.7,14779.9,14755.55,14756.0,10:15:00,14701.357127029349,2,13
2021-02-03,14775.1,14783.8,14768.1,14777.8,10:20:00,14708.380257788458,2,14
2021-02-03,14787.75,14795.0,14766.05,14774.4,10:25:00,14715.939280856224,2,15
2021-02-03,14801.35,14806.25,14788.0,14788.0,10:30:00,14724.073635060391,2,16
2021-02-03,14793.35,14810.8,14789.55,14802.1,10:35:00,14730.67138410226,2,17
2021-02-03,14802.15,14805.25,14780.95,14792.6,10:40:00,14737.478871330615,2,18
2021-02-03,14793.05,14808.8,14789.7,14801.25,10:45:00,14742.77135977532,2,19
2021-02-03,14797.8,14805.65,14786.9,14792.85,10:50:00,14748.01218265386,2,20
2021-02-03,14807.5,14811.25,14794.45,14797.05,10:55:00,14753.677689067776,2,21
2021-02-03,14803.7,14820.4,14802.4,14806.1,11:00:00,14758.44171868037,2,22
2021-02-03,14794.7,14813.65,14791.55,14802.35,11:05:00,14761.894888329858,2,23
2021-02-03,14791.55,14800.35,14780.6,14794.9,11:10:00,14764.719184679396,2,24
2021-02-03,14808.35,14812.0,14791.55,14791.7,11:15:00,14768.874500424216,2,25
2021-02-03,14820.85,14828.85,14807.95,14807.95,11:20:00,14773.824548002862,2,26
2021-02-03,14806.8,14822.1,14803.0,14821.05,11:25:00,14776.965067240684,2,27
2021-02-03,14802.45,14811.0,14792.8,14807.25,11:30:00,14779.392203693951,2,28
2021-02-03,14795.8,14805.9,14787.15,14802.2,11:35:00,14780.954850961196,2,29
2021-02-03,14803.85,14812.0,14796.75,14796.75,11:40:00,14783.135341345844,2,30
2021-02-03,14802.8,14808.05,14795.5,14803.3,11:45:00,14785.008165979572,2,31
2021-02-03,14793.15,14806.2,14790.65,14804.0,11:50:00,14785.783578743423,2,32
2021-02-03,14809.85,14811.2,14787.75,14792.9,11:55:00,14788.075618863098,2,33
2021-02-03,14807.0,14816.35,14802.45,14810.0,12:00:00,14789.877940876137,2,34
2021-02-03,14811.05,14814.35,14799.45,14806.8,12:05:00,14791.894327459362,2,35
2021-02-03,14811.0,14814.95,14805.55,14810.3,12:10:00,14793.713915320375,2,36
2021-02-03,14830.95,14833.5,14811.3,14811.85,12:15:00,14797.260209099388,2,37
2021-02-03,14827.7,14839.8,14826.65,14831.85,12:20:00,14800.159236804207,2,38
2021-02-03,14825.55,14831.0,14821.9,14826.65,12:25:00,14802.577404727615,2,39
2021-02-03,14833.5,14837.05,14824.85,14825.1,12:30:00,14805.522413801178,2,40
2021-02-03,14841.15,14844.05,14832.75,14832.75,12:35:00,14808.915517248686,2,41
2021-02-03,14832.05,14845.45,14829.3,14840.45,12:40:00,14811.11880132024,2,42
2021-02-03,14832.75,14835.95,14824.25,14830.6,12:45:00,14813.178915480215,2,43
2021-02-03,14838.8,14843.55,14832.05,14832.3,12:50:00,14815.619018767817,2,44
2021-02-03,14832.15,14841.7,14830.75,14838.4,12:55:00,14817.193397932788,2,45
2021-02-03,14824.8,14833.2,14811.6,14832.05,13:00:00,14817.917836224904,2,46
2021-02-03,14851.75,14860.45,14824.45,14825.7,13:05:00,14821.139947060628,2,47
2021-02-03,14848.35,14862.0,14847.8,14851.05,13:10:00,14823.731380673902,2,48
2021-02-03,14854.85,14861.05,14846.85,14849.1,13:15:00,14826.69505870496,2,49
2021-02-03,14866.3,14867.1,14849.45,14855.1,13:20:00,14830.466957875917,2,50
2021-02-03,14848.8,14868.85,14844.95,14865.75,13:25:00,14832.212961887732,2,51
2021-02-03,14849.95,14858.9,14842.6,14848.6,13:30:00,14833.902203612712,2,52
2021-02-03,14850.95,14855.7,14843.8,14850.25,13:35:00,14835.525803268643,2,53
2021-02-03,14852.5,14852.55,14841.3,14850.65,13:40:00,14837.142393433534,2,54
2021-02-03,14862.9,14866.15,14852.1,14852.1,13:45:00,14839.595498820816,2,55
2021-02-03,14850.7,14864.1,14847.7,14862.4,13:50:00,14840.653070361692,2,56
2021-02-03,14850.2,14861.45,14848.45,14851.05,13:55:00,14841.562301755815,2,57
2021-02-03,14859.75,14864.7,14850.2,14850.45,14:00:00,14843.294463493356,2,58
2021-02-03,14858.1,14863.95,14854.75,14859.85,14:05:00,14844.704514589228,2,59
2021-02-03,14820.4,14864.5,14804.35,14858.75,14:10:00,14842.389798914064,2,60
2021-02-03,14834.75,14837.05,14806.1,14819.95,14:15:00,14841.662199017488,2,61
2021-02-03,14850.5,14852.65,14830.55,14834.9,14:20:00,14842.503894349156,2,62
2021-02-03,14858.95,14863.9,14850.05,14850.05,14:25:00,14844.070190125429,2,63
2021-02-03,14857.2,14865.45,14846.35,14859.25,14:30:00,14845.32064820872,2,64
2021-02-03,14846.25,14860.6,14839.3,14857.25,14:35:00,14845.409157903128,2,65
2021-02-03,14842.8,14848.95,14833.05,14845.75,14:40:00,14845.16066667426,2,66
2021-02-03,14824.45,14846.35,14824.45,14842.75,14:45:00,14843.188222229091,2,67
2021-02-03,14819.65,14828.05,14777.0,14824.7,14:50:00,14840.9464867787,2,68
2021-02-03,14821.1,14828.3,14811.15,14819.3,14:55:00,14839.056345180728,2,69
2021-02-03,14796.15,14821.3,14796.15,14820.6,15:00:00,14834.970026592087,2,70
2021-02-03,14771.15,14804.85,14771.15,14797.35,15:05:00,14828.891928821413,2,71
2021-02-03,14792.85,14799.65,14762.8,14770.6,15:10:00,14825.459364171757,2,72
2021-02-03,14787.35,14794.05,14779.3,14793.55,15:15:00,14821.829900917302,2,73
2021-02-03,14789.8,14799.7,14782.8,14787.5,15:20:00,14818.779434163273,2,74
2021-02-03,14783.6,14791.9,14782.5,14790.3,15:25:00,14815.429011862008,2,75
2021-02-04,14770.2,14774.8,14733.5,14768.9,09:15:00,14811.12148692277,3,1
2021-02-04,14776.5,14794.6,14765.25,14776.95,09:20:00,14807.824202453934,3,2
2021-02-04,14754.45,14785.1,14754.45,14776.2,09:25:00,14802.74094507737,3,3
2021-02-04,14725.4,14755.5,14725.4,14754.8,09:30:00,14795.375140784286,3,4
2021-02-04,14751.4,14751.4,14723.25,14724.7,09:35:00,14791.187032138165,3,5
2021-02-04,14771.45,14771.8,14752.05,14752.4,09:40:00,14789.307314791671,3,6
2021-02-04,14762.75,14779.05,14759.95,14771.95,09:45:00,14786.778046716274,3,7
2021-02-04,14763.6,14768.0,14754.5,14763.45,09:50:00,14784.570613695676,3,8
2021-02-04,14761.85,14762.05,14752.25,14762.05,09:55:00,14782.406745724658,3,9
2021-02-04,14735.35,14764.25,14732.65,14763.35,10:00:00,14777.92515089374,3,10
2021-02-04,14739.55,14746.6,14729.1,14735.5,10:05:00,14774.270374618143,3,11
2021-02-04,14749.95,14757.35,14739.4,14739.6,10:10:00,14771.954148464036,3,12
2021-02-04,14748.05,14755.9,14740.9,14751.15,10:15:00,14769.677562896031,3,13
2021-02-04,14753.3,14757.3,14746.8,14748.45,10:20:00,14768.11779500117,3,14
2021-02-04,14762.85,14762.85,14748.15,14752.9,10:25:00,14767.616100239156,3,15
2021-02-04,14752.75,14764.15,14748.35,14763.2,10:30:00,14766.200281168758,3,16
2021-02-04,14742.75,14753.05,14742.45,14752.2,10:35:00,14763.966921057448,3,17
2021-02-04,14748.7,14752.3,14742.0,14743.0,10:40:00,14762.512928575785,3,18
2021-02-04,14724.25,14747.95,14714.75,14747.95,10:45:00,14758.868840139996,3,19
2021-02-04,14732.4,14733.3,14722.6,14724.6,10:50:00,14756.3479982219,3,20
2021-02-04,14738.25,14738.7,14727.9,14733.7,10:55:00,14754.624379343624,3,21
2021-02-04,14769.0,14771.25,14734.15,14737.5,11:00:00,14755.993486072804,3,22
2021-02-04,14775.35,14787.65,14767.9,14768.75,11:05:00,14757.836963589678,3,23
2021-02-04,14784.45,14789.2,14774.7,14774.7,11:10:00,14760.3715384859,3,24
2021-02-04,14813.55,14820.65,14784.8,14785.5,11:15:00,14765.436153868191,3,25
2021-02-04,14801.85,14814.75,14794.3,14814.0,11:20:00,14768.90413921408,3,26
2021-02-04,14800.6,14808.2,14797.95,14802.15,11:25:00,14771.922792622265,3,27
2021-02-04,14796.8,14805.5,14784.15,14801.2,11:30:00,14774.292050467764,3,28
2021-02-04,14808.15,14808.4,14795.75,14796.95,11:35:00,14777.51661708988,3,29
2021-02-04,14829.45,14829.8,14807.75,14808.35,11:40:00,14782.462653557512,3,30
2021-02-04,14825.7,14834.35,14820.05,14829.65,11:45:00,14786.580496075843,3,31
2021-02-04,14819.55,14826.15,14813.85,14826.15,11:50:00,14789.720448830529,3,32
2021-02-04,14825.65,14826.6,14816.2,14819.35,11:55:00,14793.142310846668,3,33
2021-02-04,14829.85,14839.35,14824.55,14825.85,12:00:00,14796.638281242223,3,34
2021-02-04,14829.2,14830.55,14824.45,14829.8,12:05:00,14799.739397314392,3,35
2021-02-04,14821.8,14829.55,14810.6,14829.45,12:10:00,14801.840407093974,3,36
2021-02-04,14833.7,14837.45,14821.9,14821.9,12:15:00,14804.874654037403,3,37
2021-02-04,14843.25,14843.85,14828.25,14833.4,12:20:00,14808.529448890986,3,38
2021-02-04,14850.7,14852.15,14841.8,14844.1,12:25:00,14812.54569185375,3,39
2021-02-04,14849.55,14862.65,14842.9,14850.8,12:30:00,14816.0699116772,3,40
2021-02-04,14844.15,14852.4,14841.15,14850.0,12:35:00,14818.744205803185,3,41
2021-02-04,14841.65,14843.5,14833.0,14842.75,12:40:00,14820.925710012403,3,42
2021-02-04,14847.15,14847.85,14834.8,14842.65,12:45:00,14823.423261439792,3,43
2021-02-04,14847.55,14850.45,14839.2,14846.55,12:50:00,14825.721046064577,3,44
2021-02-04,14822.9,14848.25,14809.3,14848.25,12:55:00,14825.452375010806,3,45
2021-02-04,14841.7,14844.6,14814.45,14822.4,13:00:00,14826.99976786692,3,46
2021-02-04,14836.3,14844.55,14833.0,14841.05,13:05:00,14827.885504260546,3,47
2021-02-04,14831.7,14839.35,14828.6,14836.9,13:10:00,14828.248789569065,3,48
2021-02-04,14843.75,14844.55,14829.7,14831.0,13:15:00,14829.725095324393,3,49
2021-02-04,14835.35,14857.5,14829.1,14842.85,13:20:00,14830.260800531594,3,50
2021-02-04,14839.35,14845.45,14825.95,14835.45,13:25:00,14831.126438576204,3,51
2021-02-04,14836.05,14846.45,14832.55,14839.15,13:30:00,14831.595349187995,3,52
2021-02-04,14818.6,14841.35,14817.0,14835.65,13:35:00,14830.357696884375,3,53
2021-02-04,14826.85,14832.7,14813.95,14818.4,13:40:00,14830.023630514435,3,54
2021-02-04,14836.1,14838.5,14827.3,14827.3,13:45:00,14830.602332370205,3,55
2021-02-04,14849.95,14856.35,14835.1,14836.3,13:50:00,14832.444967382566,3,56
2021-02-04,14844.25,14850.7,14834.25,14849.8,13:55:00,14833.569256203276,3,57
2021-02-04,14868.1,14869.55,14842.05,14844.4,14:00:00,14836.857898469629,3,58
2021-02-04,14876.45,14879.4,14866.8,14866.9,14:05:00,14840.628574805854,3,59
2021-02-04,14903.3,14907.95,14875.95,14876.05,14:10:00,14846.597281967202,3,60
2021-02-04,14887.6,14902.7,14880.6,14901.15,14:15:00,14850.502302732231,3,61
2021-02-04,14899.8,14903.05,14879.4,14887.85,14:20:00,14855.197321519638,3,62
2021-02-04,14893.85,14899.95,14891.5,14899.6,14:25:00,14858.87852899396,3,63
2021-02-04,14872.6,14898.15,14862.95,14894.15,14:30:00,14860.18533575644,3,64
2021-02-04,14877.6,14892.95,14871.45,14872.45,14:35:00,14861.843875208207,3,65
2021-02-04,14881.25,14885.15,14873.8,14877.95,14:40:00,14863.69207756933,3,66
2021-02-04,14896.6,14899.85,14881.5,14881.5,14:45:00,14866.82616541987,3,67
2021-02-04,14888.9,14906.4,14888.85,14896.0,14:50:00,14868.928435379885,3,68
2021-02-04,14893.55,14894.6,14886.8,14887.6,14:55:00,14871.273346296084,3,69
2021-02-04,14907.05,14910.4,14883.1,14892.3,15:00:00,14874.680646648838,3,70
2021-02-04,14898.65,14913.7,14896.35,14906.5,15:05:00,14876.963442206092,3,71
2021-02-04,14885.0,14903.95,14883.75,14899.0,15:10:00,14877.728828662655,3,72
2021-02-04,14893.1,14894.75,14882.05,14885.5,15:15:00,14879.192749742402,3,73
2021-02-04,14884.25,14904.5,14883.55,14892.7,15:20:00,14879.674392624078,3,74
2021-02-04,14889.5,14889.9,14882.3,14885.15,15:25:00,14880.610164755117,3,75
2021-02-05,14986.9,15005.95,14944.0,14972.0,09:15:00,14890.73300620701,4,1
2021-02-05,14982.75,15000.6,14962.35,14987.4,09:20:00,14899.496529425389,4,2
2021-02-05,14974.85,14988.0,14964.5,14983.05,09:25:00,14906.673050432491,4,3
2021-02-05,14992.15,15014.65,14948.05,14974.35,09:30:00,14914.813712296063,4,4
2021-02-05,14988.85,14994.4,14966.4,14989.05,09:35:00,14921.864787315488,4,5
2021-02-05,14980.45,14992.25,14975.7,14989.9,09:40:00,14927.44433138068,4,6
2021-02-05,14955.55,14990.5,14949.2,14980.15,09:45:00,14930.121061725378,4,7
2021-02-05,14938.6,14955.8,14923.05,14954.85,09:50:00,14930.928579656294,4,8
2021-02-05,14952.25,14970.35,14931.95,14938.05,09:55:00,14932.9591911176,4,9
2021-02-05,14965.8,14972.6,14947.35,14950.6,10:00:00,14936.086887201636,4,10
2021-02-05,14979.85,14990.75,14965.5,14965.85,10:05:00,14940.254802706242,4,11
2021-02-05,14946.45,14987.2,14945.2,14979.35,10:10:00,14940.844821496124,4,12
2021-02-05,14949.7,14968.05,14909.6,14946.15,10:15:00,14941.688171829826,4,13
2021-02-05,14925.15,14950.95,14903.25,14949.9,10:20:00,14940.113107846037,4,14
2021-02-05,14927.7,14935.35,14894.55,14925.85,10:25:00,14938.930907098797,4,15
2021-02-05,14957.7,14964.75,14916.55,14928.85,10:30:00,14940.718439756052,4,16
2021-02-05,14934.55,14968.7,14928.5,14957.8,10:35:00,14940.130969303096,4,17
2021-02-05,14937.2,14943.3,14921.2,14934.75,10:40:00,14939.851829369469,4,18
2021-02-05,14921.7,14944.15,14921.7,14936.85,10:45:00,14938.123083715234,4,19
2021-02-05,14908.2,14929.5,14898.35,14920.15,10:50:00,14935.273266218546,4,20
2021-02-05,14894.35,14907.6,14864.75,14907.6,10:55:00,14931.37581229297,4,21
2021-02-05,14920.3,14929.7,14894.85,14894.85,11:00:00,14930.320973026974,4,22
2021-02-05,14940.0,14950.9,14920.5,14921.8,11:05:00,14931.242785119644,4,23
2021-02-05,14940.25,14947.2,14934.85,14940.4,11:10:00,14932.100615108247,4,24
2021-02-05,14952.6,14959.05,14939.65,14939.65,11:15:00,14934.05293747889,4,25
2021-02-05,14947.7,14954.15,14940.1,14953.35,11:20:00,14935.352657718997,4,26
2021-02-05,14959.7,14967.6,14948.3,14948.3,11:25:00,14937.671452221948,4,27
2021-02-05,14972.8,14977.4,14959.7,14960.1,11:30:00,14941.017028200811,4,28
2021-02-05,14974.05,14980.55,14968.4,14971.85,11:35:00,14944.16302551502,4,29
2021-02-05,14964.7,14975.5,14959.35,14974.2,11:40:00,14946.118927846925,4,30
2021-02-05,14977.7,14979.85,14959.05,14964.15,11:45:00,14949.12664900436,4,31
2021-02-05,14985.85,14989.75,14974.4,14977.55,11:50:00,14952.624111003945,4,32
2021-02-05,14979.9,14990.3,14976.05,14986.35,11:55:00,14955.221814717854,4,33
2021-02-05,14976.15,14982.85,14969.75,14980.9,12:00:00,14957.214975220915,4,34
2021-02-05,14971.8,14981.8,14971.65,14976.3,12:05:00,14958.604025199877,4,35
2021-02-05,14981.75,14981.9,14969.55,14972.2,12:10:00,14960.808403752268,4,36
2021-02-05,14965.3,14987.05,14959.05,14983.55,12:15:00,14961.23617482348,4,37
2021-02-05,14966.95,14978.5,14960.5,14965.45,12:20:00,14961.780348649814,4,38
2021-02-05,14961.5,14972.55,14944.1,14966.85,12:25:00,14961.753648778404,4,39
2021-02-05,14964.8,14974.65,14949.2,14962.35,12:30:00,14962.043777466177,4,40
2021-02-05,14963.55,14976.75,14962.65,14966.55,12:35:00,14962.1872272313,4,41
2021-02-05,14954.2,14963.95,14950.0,14963.95,12:40:00,14961.42653892356,4,42
2021-02-05,14964.45,14970.7,14952.7,14953.95,12:45:00,14961.714487597506,4,43
2021-02-05,14973.15,14975.5,14963.35,14964.35,12:50:00,14962.803584016792,4,44
2021-02-05,14961.75,14974.5,14950.45,14973.5,12:55:00,14962.70324268186,4,45
2021-02-05,14954.75,14965.75,14951.8,14961.45,13:00:00,14961.945790997872,4,46
2021-02-05,14958.15,14965.3,14946.55,14954.65,13:05:00,14961.584287093314,4,47
2021-02-05,14914.55,14959.05,14912.2,14958.75,13:10:00,14957.104831179664,4,48
2021-02-05,14924.2,14929.75,14902.2,14914.7,13:15:00,14953.971037733982,4,49
2021-02-05,14922.25,14935.05,14914.7,14923.55,13:20:00,14950.94998652122,4,50
2021-02-05,14936.5,14944.95,14921.2,14922.4,13:25:00,14949.573797328723,4,51
2021-02-05,14885.8,14943.45,14885.8,14936.35,13:30:00,14943.500102345037,4,52
2021-02-05,14903.3,14925.25,14882.35,14886.85,13:35:00,14939.671521169315,4,53
2021-02-05,14902.5,14912.6,14898.2,14903.25,13:40:00,14936.131376296047,4,54
2021-02-05,14941.05,14942.15,14887.45,14903.45,13:45:00,14936.599816648806,4,55
2021-02-05,14929.6,14961.3,14924.7,14941.9,13:50:00,14935.933167444158,4,56
2021-02-05,14925.7,14937.75,14917.95,14932.15,13:55:00,14934.958580068524,4,57
2021-02-05,14920.7,14942.3,14913.0,14925.6,14:00:00,14933.600620061998,4,58
2021-02-05,14930.9,14940.85,14920.3,14920.3,14:05:00,14933.343418151331,4,59
2021-02-05,14946.2,14950.05,14931.25,14931.3,14:10:00,14934.567854517873,4,60
2021-02-05,14943.7,14959.3,14937.65,14946.25,14:15:00,14935.437582659028,4,61
2021-02-05,14938.2,14950.65,14932.4,14943.25,14:20:00,14935.700670024837,4,62
2021-02-05,14924.5,14947.15,14921.5,14938.7,14:25:00,14934.633939546278,4,63
2021-02-05,14945.7,14951.35,14924.0,14924.45,14:30:00,14935.68785006568,4,64
2021-02-05,14907.75,14946.8,14907.75,14942.3,14:35:00,14933.027102440376,4,65
2021-02-05,14928.2,14936.05,14900.95,14909.3,14:40:00,14932.567378398437,4,66
2021-02-05,14925.8,14940.2,14923.85,14928.65,14:45:00,14931.922866170014,4,67
2021-02-05,14933.5,14940.6,14922.4,14925.1,14:50:00,14932.073069391918,4,68
2021-02-05,14919.95,14943.65,14919.95,14933.55,14:55:00,14930.918491354592,4,69
2021-02-05,14933.3,14933.65,14918.35,14920.55,15:00:00,14931.145301701774,4,70
2021-02-05,14907.35,14933.1,14906.65,14931.55,15:05:00,14928.879082492082,4,71
2021-02-05,14918.65,14918.65,14899.45,14907.55,15:10:00,14927.904884159503,4,72
2021-02-05,14937.1,14937.4,14916.85,14919.65,15:15:00,14928.780609477646,4,73
2021-02-05,14933.6,14939.6,14918.8,14939.3,15:20:00,14929.239599051203,4,74
2021-02-05,14940.85,14942.55,14932.5,14934.4,15:25:00,14930.345351522516,4,75
2021-02-08,15085.75,15087.15,15041.05,15064.8,09:15:00,14945.145794234655,0,1
2021-02-08,15090.15,15093.7,15070.7,15086.4,09:20:00,14958.95571859326,0,2
2021-02-08,15098.7,15101.8,15084.75,15093.2,09:25:00,14972.264697774855,0,3
2021-02-08,15087.5,15119.25,15085.5,15099.5,09:30:00,14983.239488462965,0,4
2021-02-08,15086.85,15101.25,15085.55,15087.9,09:35:00,14993.107156228398,0,5
2021-02-08,15096.5,15096.95,15076.75,15086.95,09:40:00,15002.954093730455,0,6
2021-02-08,15105.2,15107.95,15091.1,15096.9,09:45:00,15012.69179908946,0,7
2021-02-08,15096.05,15110.85,15090.3,15105.8,09:50:00,15020.630675366654,0,8
2021-02-08,15092.8,15104.7,15091.7,15096.15,09:55:00,15027.503944379354,0,9
2021-02-08,15103.7,15114.35,15084.75,15093.2,10:00:00,15034.76071158132,0,10
2021-02-08,15110.15,15111.6,15098.65,15104.05,10:05:00,15041.940643811671,0,11
2021-02-08,15103.25,15112.3,15099.2,15110.05,10:10:00,15047.77963011532,0,12
2021-02-08,15103.3,15114.65,15100.25,15103.4,10:15:00,15053.067284390052,0,13
2021-02-08,15103.25,15121.9,15102.1,15103.9,10:20:00,15057.846590638615,0,14
2021-02-08,15119.65,15127.1,15102.1,15102.55,10:25:00,15063.732629625416,0,15
2021-02-08,15126.5,15132.9,15108.65,15119.0,10:30:00,15069.710474422996,0,16
2021-02-08,15121.35,15133.0,15120.7,15126.15,10:35:00,15074.628524477948,0,17
2021-02-08,15125.95,15127.1,15113.75,15121.75,10:40:00,15079.51628405148,0,18
2021-02-08,15117.3,15130.0,15114.6,15126.85,10:45:00,15083.114733189434,0,19
2021-02-08,15115.85,15118.75,15109.3,15118.75,10:50:00,15086.232377647582,0,20
2021-02-08,15113.85,15123.4,15112.3,15114.15,10:55:00,15088.86262739543,0,21
2021-02-08,15114.55,15116.75,15103.55,15113.7,11:00:00,15091.30904383396,0,22
2021-02-08,15124.45,15126.95,15105.5,15115.5,11:05:00,15094.465325373583,0,23
2021-02-08,15114.8,15127.85,15112.2,15125.3,11:10:00,15096.40196105229,0,24
2021-02-08,15116.25,15118.45,15109.15,15114.85,11:15:00,15098.29225047588,0,25
2021-02-08,15105.75,15122.45,15105.75,15119.15,11:20:00,15099.00251233532,0,26
2021-02-08,15105.25,15115.85,15102.55,15106.1,11:25:00,15099.59751116053,0,27
2021-02-08,15118.6,15118.7,15100.65,15105.5,11:30:00,15101.407272002383,0,28
2021-02-08,15126.0,15126.0,15112.65,15118.7,11:35:00,15103.749436573584,0,29
2021-02-08,15114.1,15126.2,15111.45,15126.2,11:40:00,15104.735204518958,0,30
2021-02-08,15109.25,15115.05,15105.65,15114.4,11:45:00,15105.165185040963,0,31
2021-02-08,15118.3,15118.3,15103.15,15109.75,11:50:00,15106.416119798969,0,32
2021-02-08,15112.9,15121.3,15111.75,15118.65,11:55:00,15107.033632199064,0,33
2021-02-08,15108.55,15113.75,15104.0,15113.75,12:00:00,15107.178048180109,0,34
2021-02-08,15098.8,15117.4,15097.6,15109.0,12:05:00,15106.380138829622,0,35
2021-02-08,15091.2,15099.3,15080.25,15099.3,12:10:00,15104.934411322038,0,36
2021-02-08,15075.3,15091.95,15069.9,15091.55,12:15:00,15102.112086434225,0,37
2021-02-08,15068.7,15087.45,15066.45,15076.15,12:20:00,15098.9299829643,0,38
2021-02-08,15072.65,15075.0,15058.0,15069.4,12:25:00,15096.427127443889,0,39
2021-02-08,15097.9,15097.9,15071.75,15072.7,12:30:00,15096.56740102066,0,40
2021-02-08,15108.1,15116.0,15088.85,15097.85,12:35:00,15097.665743780595,0,41
2021-02-08,15112.65,15119.5,15108.6,15108.6,12:40:00,15099.092815801492,0,42
2021-02-08,15111.9,15115.2,15101.55,15112.0,12:45:00,15100.31254762992,0,43
2021-02-08,15106.85,15113.05,15102.65,15111.1,12:50:00,15100.935162141355,0,44
2021-02-08,15104.15,15107.9,15090.2,15106.3,12:55:00,15101.241337175514,0,45
2021-02-08,15110.45,15112.8,15104.0,15104.0,13:00:00,15102.118352682608,0,46
2021-02-08,15110.45,15113.8,15106.9,15110.55,13:05:00,15102.911842903311,0,47
2021-02-08,15124.55,15125.3,15108.95,15111.15,13:10:00,15104.972619769664,0,48
2021-02-08,15114.05,15128.15,15112.9,15124.9,13:15:00,15105.837132172552,0,49
2021-02-08,15117.2,15118.55,15107.1,15113.9,13:20:00,15106.91931006088,0,50
2021-02-08,15117.2,15119.5,15108.7,15117.7,13:25:00,15107.898423388417,0,51
2021-02-08,15118.25,15119.05,15103.95,15117.05,13:30:00,15108.884287827615,0,52
2021-02-08,15115.4,15127.2,15110.85,15118.85,13:35:00,15109.504831844031,0,53
2021-02-08,15110.75,15118.05,15104.45,15115.95,13:40:00,15109.623419287458,0,54
2021-02-08,15119.55,15124.9,15106.6,15110.2,13:45:00,15110.56880792675,0,55
2021-02-08,15122.4,15129.25,15118.95,15118.95,13:50:00,15111.695588124205,0,56
2021-02-08,15144.0,15146.85,15119.8,15123.05,13:55:00,15114.77219877904,0,57
2021-02-08,15143.85,15153.7,15138.75,15144.55,14:00:00,15117.541513181037,0,58
2021-02-08,15148.0,15151.2,15140.95,15143.7,14:05:00,15120.44232144951,0,59
2021-02-08,15138.15,15157.7,15136.45,15148.1,14:10:00,15122.128767025746,0,60
2021-02-08,15157.3,15159.9,15137.55,15137.7,14:15:00,15125.478408261388,0,61
2021-02-08,15137.05,15157.7,15137.05,15156.2,14:20:00,15126.580464617446,0,62
2021-02-08,15140.9,15142.05,15128.75,15136.5,14:25:00,15127.944229891977,0,63
2021-02-08,15143.7,15147.4,15121.85,15139.85,14:30:00,15129.444779426072,0,64
2021-02-08,15138.85,15149.45,15132.2,15145.05,14:35:00,15130.340514718826,0,65
2021-02-08,15131.15,15141.8,15126.95,15139.05,14:40:00,15130.417608555128,0,66
2021-02-08,15127.6,15139.9,15127.6,15131.6,14:45:00,15130.149264883212,0,67
2021-02-08,15116.9,15128.95,15113.6,15127.55,14:50:00,15128.88743013243,0,68
2021-02-08,15111.6,15118.65,15104.3,15117.05,14:55:00,15127.241008215056,0,69
2021-02-08,15107.35,15112.55,15098.45,15111.45,15:00:00,15125.346626480288,0,70
2021-02-08,15110.65,15113.45,15099.9,15108.15,15:05:00,15123.94694776788,0,71
2021-02-08,15116.2,15124.25,15110.15,15110.55,15:10:00,15123.209143218555,0,72
2021-02-08,15111.7,15120.65,15111.35,15116.7,15:15:00,15122.1130343406,0,73
2021-02-08,15123.8,15124.4,15106.6,15111.1,15:20:00,15122.273697736731,0,74
2021-02-08,15129.45,15130.7,15121.8,15124.05,15:25:00,15122.95715509514,0,75
2021-02-09,15171.8,15188.45,15148.1,15173.25,09:15:00,15127.608854609887,1,1
2021-02-09,15149.5,15172.95,15137.25,15169.35,09:20:00,15129.693725599422,1,2
2021-02-09,15174.05,15179.3,15147.95,15148.85,09:25:00,15133.91813268519,1,3
2021-02-09,15184.9,15197.8,15169.2,15174.75,09:30:00,15138.773548619933,1,4
2021-02-09,15174.55,15187.1,15171.9,15184.75,09:35:00,15142.18082970375,1,5
2021-02-09,15165.65,15182.15,15162.1,15173.85,09:40:00,15144.415988779583,1,6
2021-02-09,15139.05,15165.35,15134.6,15165.35,09:45:00,15143.904942229146,1,7
2021-02-09,15139.8,15148.55,15138.85,15139.25,09:50:00,15143.51399535018,1,8
2021-02-09,15165.45,15165.7,15133.8,15139.1,09:55:00,15145.603138650164,1,9
2021-02-09,15167.15,15182.35,15161.6,15164.45,10:00:00,15147.655220683482,1,10
2021-02-09,15169.65,15177.95,15162.7,15167.35,10:05:00,15149.74996157077,1,11
2021-02-09,15168.55,15178.65,15167.6,15169.1,10:10:00,15151.540441421172,1,12
2021-02-09,15173.35,15173.35,15157.85,15167.75,10:15:00,15153.617542238204,1,13
2021-02-09,15169.55,15179.45,15167.0,15172.35,10:20:00,15155.1349191679,1,14
2021-02-09,15190.1,15191.4,15167.15,15169.85,10:25:00,15158.464926866194,1,15
2021-02-09,15195.05,15196.2,15185.5,15190.25,10:30:00,15161.949219545604,1,16
2021-02-09,15197.65,15205.9,15194.2,15195.9,10:35:00,15165.349293874597,1,17
2021-02-09,15191.75,15204.7,15186.7,15197.8,10:40:00,15167.86364683892,1,18
2021-02-09,15213.7,15214.6,15191.7,15191.85,10:45:00,15172.22901380664,1,19
2021-02-09,15205.95,15220.45,15202.35,15213.4,10:50:00,15175.440536301245,1,20
2021-02-09,15203.5,15209.4,15202.55,15206.55,10:55:00,15178.112866177318,1,21
2021-02-09,15217.65,15224.45,15204.75,15204.75,11:00:00,15181.878307493764,1,22
2021-02-09,15211.45,15218.45,15207.85,15217.85,11:05:00,15184.694659161025,1,23
2021-02-09,15219.15,15226.05,15205.75,15210.85,11:10:00,15187.976120193309,1,24
2021-02-09,15232.4,15236.65,15218.65,15218.65,11:15:00,15192.206965889183,1,25
2021-02-09,15225.95,15237.85,15224.35,15232.55,11:20:00,15195.420588185452,1,26
2021-02-09,15225.4,15230.95,15221.0,15225.6,11:25:00,15198.275770263028,1,27
2021-02-09,15231.1,15233.85,15224.9,15225.95,11:30:00,15201.401887380836,1,28
2021-02-09,15225.15,15237.9,15221.35,15230.6,11:35:00,15203.663612392183,1,29
2021-02-09,15225.3,15225.6,15218.0,15225.35,11:40:00,15205.724220735789,1,30
2021-02-09,15233.95,15236.3,15224.65,15224.9,11:45:00,15208.412390189522,1,31
2021-02-09,15227.65,15234.3,15224.45,15234.3,11:50:00,15210.244543504805,1,32
2021-02-09,15228.45,15229.25,15217.85,15227.45,11:55:00,15211.978396504348,1,33
2021-02-09,15217.4,15228.75,15215.7,15228.75,12:00:00,15212.49473969441,1,34
2021-02-09,15202.7,15217.3,15201.65,15216.75,12:05:00,15211.56190734256,1,35
2021-02-09,15222.35,15222.35,15195.7,15202.65,12:10:00,15212.589344738508,1,36
2021-02-09,15217.95,15225.6,15215.8,15221.55,12:15:00,15213.09988333484,1,37
2021-02-09,15216.45,15222.8,15213.15,15217.55,12:20:00,15213.418942064854,1,38
2021-02-09,15222.3,15230.15,15213.65,15215.1,12:25:00,15214.264757106295,1,39
2021-02-09,15226.0,15229.4,15222.4,15222.4,12:30:00,15215.382399286653,1,40
2021-02-09,15235.7,15237.7,15225.6,15225.7,12:35:00,15217.317408878398,1,41
2021-02-09,15235.0,15235.95,15230.25,15235.35,12:40:00,15219.001465175694,1,42
2021-02-09,15225.85,15238.1,15222.25,15235.2,12:45:00,15219.653706587533,1,43
2021-02-09,15234.45,15234.45,15221.55,15225.8,12:50:00,15221.06287738872,1,44
2021-02-09,15225.65,15234.5,15224.55,15234.3,12:55:00,15221.49974620884,1,45
2021-02-09,15229.4,15230.65,15221.85,15226.05,13:00:00,15222.252151331808,1,46
2021-02-09,15234.4,15234.4,15225.35,15229.8,13:05:00,15223.409089300209,1,47
2021-02-09,15236.3,15244.2,15233.15,15234.6,13:10:00,15224.63679508114,1,48
2021-02-09,15233.95,15241.0,15232.2,15236.4,13:15:00,15225.523766978176,1,49
2021-02-09,15237.75,15237.75,15228.0,15233.7,13:20:00,15226.68817012311,1,50
2021-02-09,15230.05,15239.9,15222.0,15237.9,13:25:00,15227.0083443971,1,51
2021-02-09,15228.75,15232.45,15223.5,15229.8,13:30:00,15227.17421635928,1,52
2021-02-09,15245.95,15249.8,15225.6,15227.4,13:35:00,15228.962386229823,1,53
2021-02-09,15249.15,15256.1,15244.75,15248.05,13:40:00,15230.885016112696,1,54
2021-02-09,15244.1,15251.4,15242.6,15249.25,13:45:00,15232.143586006723,1,55
2021-02-09,15238.05,15245.0,15238.05,15243.05,13:50:00,15232.706101625132,1,56
2021-02-09,15242.25,15247.25,15236.1,15238.85,13:55:00,15233.6150443275,1,57
2021-02-09,15241.2,15244.85,15230.05,15242.8,14:00:00,15234.337421058211,1,58
2021-02-09,15240.0,15244.95,15235.7,15241.15,14:05:00,15234.876714290764,1,59
2021-02-09,15243.25,15250.15,15237.95,15239.95,14:10:00,15235.674170072596,1,60
2021-02-09,15253.6,15257.1,15238.0,15241.55,14:15:00,15237.381391970444,1,61
2021-02-09,15237.35,15254.7,15235.6,15253.8,14:20:00,15237.378402258972,1,62
2021-02-09,15230.25,15241.3,15224.7,15238.15,14:25:00,15236.69950680574,1,63
2021-02-09,15221.65,15237.0,15216.3,15230.35,14:30:00,15235.266220443287,1,64
2021-02-09,15205.5,15221.7,15199.65,15221.25,14:35:00,15232.431342305832,1,65
2021-02-09,15206.35,15213.05,15197.6,15204.3,14:40:00,15229.947404943372,1,66
2021-02-09,15117.8,15206.1,15114.75,15206.1,14:45:00,15219.26669971067,1,67
2021-02-09,15170.95,15172.0,15118.4,15118.4,14:50:00,15214.665109262036,1,68
2021-02-09,15145.2,15168.7,15144.95,15168.7,14:55:00,15208.049384570411,1,69
2021-02-09,15096.55,15148.1,15078.95,15143.5,15:00:00,15197.430395563708,1,70
2021-02-09,15100.95,15110.05,15064.3,15096.35,15:05:00,15188.241786462404,1,71
2021-02-09,15115.05,15138.95,15092.75,15100.3,15:10:00,15181.27114013265,1,72
2021-02-09,15121.75,15130.5,15113.85,15116.75,15:15:00,15175.602460120015,1,73
2021-02-09,15112.65,15128.4,15103.6,15122.2,15:20:00,15169.606987727631,1,74
2021-02-09,15110.6,15115.6,15106.2,15113.0,15:25:00,15163.987274610716,1,75
2021-02-10,15152.0,15168.25,15116.9,15125.9,09:15:00,15161.812712323055,2,1
2021-02-10,15082.25,15147.85,15080.8,15147.1,09:20:00,15154.23531114943,2,2
2021-02-10,15094.6,15107.6,15070.85,15081.55,09:25:00,15148.555757706628,2,3
2021-02-10,15136.75,15136.75,15096.05,15096.55,09:30:00,15147.431399829808,2,4
2021-02-10,15143.0,15152.85,15135.65,15135.65,09:35:00,15147.009361750775,2,5
2021-02-10,15120.25,15143.5,15119.05,15142.4,09:40:00,15144.460851107846,2,6
2021-02-10,15123.1,15128.55,15100.05,15119.3,09:45:00,15142.426484335669,2,7
2021-02-10,15130.25,15133.05,15115.05,15123.2,09:50:00,15141.266819160845,2,8
2021-02-10,15096.35,15140.8,15095.95,15130.45,09:55:00,15136.98902685981,2,9
2021-02-10,15091.8,15109.45,15078.45,15095.85,10:00:00,15132.685310016015,2,10
2021-02-10,15088.85,15100.3,15081.75,15090.85,10:05:00,15128.51051858592,2,11
2021-02-10,15077.15,15098.0,15073.0,15088.2,10:10:00,15123.619040625355,2,12
2021-02-10,15049.8,15076.5,15034.9,15076.5,10:15:00,15116.588655803893,2,13
2021-02-10,15031.05,15049.6,15021.95,15049.45,10:20:00,15108.442117155902,2,14
2021-02-10,15014.95,15053.7,15012.6,15031.1,10:25:00,15099.538105998196,2,15
2021-02-10,15016.8,15036.45,15006.1,15013.95,10:30:00,15091.65828637932,2,16
2021-02-10,15007.55,15027.5,15006.55,15021.85,10:35:00,15083.647973390816,2,17
2021-02-10,15031.05,15036.2,15006.7,15007.2,10:40:00,15078.63864259169,2,18
2021-02-10,15034.95,15045.6,15029.5,15030.35,10:45:00,15074.47781948772,2,19
2021-02-10,15044.9,15050.1,15027.15,15035.9,10:50:00,15071.660884298411,2,20
2021-02-10,15058.9,15064.75,15045.55,15046.5,10:55:00,15070.445561984276,2,21
2021-02-10,15071.2,15080.8,15059.55,15059.55,11:00:00,15070.51741322387,2,22
2021-02-10,15053.5,15078.3,15053.0,15072.05,11:05:00,15068.896707202548,2,23
2021-02-10,15069.25,15070.1,15047.5,15054.15,11:10:00,15068.930354135638,2,24
2021-02-10,15072.75,15075.3,15066.75,15069.55,11:15:00,15069.294129932245,2,25
2021-02-10,15092.65,15093.2,15070.7,15072.25,11:20:00,15071.518498510126,2,26
2021-02-10,15075.7,15094.85,15074.6,15092.55,11:25:00,15071.916736747256,2,27
2021-02-10,15069.35,15081.85,15063.45,15076.35,11:30:00,15071.672285628469,2,28
2021-02-10,15078.25,15078.25,15068.75,15069.1,11:35:00,15072.298734616234,2,29
2021-02-10,15090.1,15094.75,15075.35,15077.5,11:40:00,15073.994093224212,2,30
2021-02-10,15092.35,15104.35,15085.1,15089.75,11:45:00,15075.742274821903,2,31
2021-02-10,15099.45,15103.7,15088.75,15092.0,11:50:00,15078.000153410294,2,32
2021-02-10,15112.75,15117.6,15098.65,15099.2,11:55:00,15081.309662609312,2,33
2021-02-10,15089.35,15125.15,15089.35,15113.55,12:00:00,15082.075409027471,2,34
2021-02-10,15104.25,15111.65,15088.45,15088.5,12:05:00,15084.18727483438,2,35
2021-02-10,15096.0,15105.45,15088.95,15104.3,12:10:00,15085.312296278726,2,36
2021-02-10,15082.35,15098.95,15080.55,15096.15,12:15:00,15085.030172823608,2,37
2021-02-10,15102.3,15103.05,15080.9,15083.3,12:20:00,15086.674918268978,2,38
2021-02-10,15099.0,15104.95,15093.4,15102.15,12:25:00,15087.848735576694,2,39
2021-02-10,15107.45,15112.8,15098.85,15098.85,12:30:00,15089.715522664626,2,40
2021-02-10,15101.0,15107.9,15095.4,15107.0,12:35:00,15090.790234791806,2,41
2021-02-10,15091.0,15105.1,15088.9,15101.1,12:40:00,15090.810212430682,2,42
2021-02-10,15097.1,15098.15,15070.05,15091.85,12:45:00,15091.409239818237,2,43
2021-02-10,15094.1,15112.85,15092.65,15096.8,12:50:00,15091.66550269269,2,44
2021-02-10,15084.4,15094.3,15083.7,15093.95,12:55:00,15090.97355005529,2,45
2021-02-10,15078.25,15088.05,15074.6,15084.25,13:00:00,15089.761783383356,2,46
2021-02-10,15079.5,15085.35,15066.25,15077.2,13:05:00,15088.78447068018,2,47
2021-02-10,15074.95,15091.85,15072.45,15080.15,13:10:00,15087.466902043974,2,48
2021-02-10,15074.25,15080.05,15058.05,15074.9,13:15:00,15086.208149468355,2,49
2021-02-10,15069.45,15077.4,15064.45,15073.35,13:20:00,15084.612135233274,2,50
2021-02-10,15051.15,15074.2,15048.25,15068.4,13:25:00,15081.42526521106,2,51
2021-02-10,15040.2,15056.7,15036.25,15051.8,13:30:00,15077.499049476672,2,52
2021-02-10,15022.0,15042.65,15022.0,15039.7,13:35:00,15072.213425716987,2,53
2021-02-10,15000.0,15024.95,14988.35,15022.35,13:40:00,15065.335956601084,2,54
2021-02-10,14997.75,15015.2,14977.2,14998.65,13:45:00,15058.899198829551,2,55
2021-02-10,15012.2,15012.6,14992.45,14996.1,13:50:00,15054.451656083882,2,56
2021-02-10,15030.7,15032.5,15009.9,15011.4,13:55:00,15052.189593599704,2,57
2021-02-10,15011.1,15040.75,15008.8,15030.25,14:00:00,15048.27629897116,2,58
2021-02-10,15036.85,15040.75,15007.35,15009.75,14:05:00,15047.188080021528,2,59
2021-02-10,15042.25,15049.3,15034.75,15036.25,14:10:00,15046.717786686144,2,60
2021-02-10,15038.4,15043.15,15030.7,15042.7,14:15:00,15045.92561652556,2,61
2021-02-10,15040.8,15049.65,15036.35,15038.25,14:20:00,15045.437462570744,2,62
2021-02-10,15039.55,15041.2,15027.75,15040.0,14:25:00,15044.87675184972,2,63
2021-02-10,15065.85,15069.5,15039.65,15040.15,14:30:00,15046.87420405451,2,64
2021-02-10,15058.9,15075.45,15050.5,15065.55,14:35:00,15048.01951795408,2,65
2021-02-10,15061.5,15066.85,15055.7,15057.85,14:40:00,15049.303373387023,2,66
2021-02-10,15006.65,15068.45,14993.7,15061.0,14:45:00,15045.241147350163,2,67
2021-02-10,15024.75,15026.35,15004.45,15004.8,14:50:00,15043.289609507292,2,68
2021-02-10,15032.5,15033.9,15011.9,15028.65,14:55:00,15042.262027649454,2,69
2021-02-10,15088.05,15088.05,15032.9,15032.9,15:00:00,15046.622786920936,2,70
2021-02-10,15092.55,15094.65,15076.35,15087.3,15:05:00,15050.99680721418,2,71
2021-02-10,15106.55,15109.0,15086.7,15092.85,15:10:00,15056.287587479495,2,72
2021-02-10,15121.2,15125.45,15107.35,15107.45,15:15:00,15062.46972200526,2,73
2021-02-10,15135.3,15142.85,15119.95,15120.8,15:20:00,15069.40593895714,2,74
2021-02-10,15137.8,15141.15,15134.3,15134.9,15:25:00,15075.91965905646,2,75
2021-02-11,15092.35,15102.15,15065.4,15078.2,09:15:00,15077.484453432036,3,1
2021-02-11,15098.0,15122.4,15092.6,15092.6,09:20:00,15079.438315009937,3,2
2021-02-11,15115.9,15119.2,15096.55,15096.9,09:25:00,15082.910856437562,3,3
2021-02-11,15107.85,15118.25,15100.0,15116.85,09:30:00,15085.28601296732,3,4
2021-02-11,15143.3,15145.75,15105.15,15108.5,09:35:00,15090.81115458948,3,5
2021-02-11,15137.2,15151.1,15132.1,15142.4,09:40:00,15095.229139866671,3,6
2021-02-11,15159.55,15162.65,15137.0,15137.35,09:45:00,15101.354936069843,3,7
2021-02-11,15150.85,15167.7,15150.1,15161.05,09:50:00,15106.06875168224,3,8
2021-02-11,15155.1,15155.95,15144.5,15150.45,09:55:00,15110.73839437917,3,9
2021-02-11,15146.3,15158.75,15141.65,15156.5,10:00:00,15114.125213962106,3,10
2021-02-11,15158.45,15159.65,15146.05,15146.8,10:05:00,15118.34662215619,3,11
2021-02-11,15148.9,15159.5,15146.55,15158.3,10:10:00,15121.256467665124,3,12
2021-02-11,15148.3,15148.7,15134.3,15147.5,10:15:00,15123.83204217321,3,13
2021-02-11,15152.2,15162.7,15144.85,15147.6,10:20:00,15126.533752442429,3,14
2021-02-11,15149.4,15151.8,15143.0,15151.8,10:25:00,15128.711490305051,3,15
2021-02-11,15142.75,15149.2,15134.2,15149.2,10:30:00,15130.04849122838,3,16
2021-02-11,15152.15,15154.1,15140.4,15142.45,10:35:00,15132.153396825675,3,17
2021-02-11,15157.65,15158.7,15151.0,15152.55,10:40:00,15134.581644747042,3,18
2021-02-11,15153.65,15161.1,15150.05,15157.8,10:45:00,15136.39767858066,3,19
2021-02-11,15157.9,15160.25,15150.7,15153.5,10:50:00,15138.445518715836,3,20
2021-02-11,15159.25,15162.1,15154.0,15158.55,10:55:00,15140.426897885756,3,21
2021-02-11,15150.8,15159.05,15143.75,15158.95,11:00:00,15141.414812372826,3,22
2021-02-11,15132.3,15150.4,15132.3,15150.4,11:05:00,15140.546735003983,3,23
2021-02-11,15126.8,15139.45,15126.45,15133.2,11:10:00,15139.237522146464,3,24
2021-02-11,15138.7,15142.1,15122.45,15125.85,11:15:00,15139.186329561086,3,25
2021-02-11,15132.45,15140.3,15126.45,15138.25,11:20:00,15138.544774364793,3,26
2021-02-11,15129.95,15138.35,15118.8,15132.35,11:25:00,15137.726224425289,3,27
2021-02-11,15125.55,15138.3,15123.4,15130.85,11:30:00,15136.566584003833,3,28
2021-02-11,15134.0,15138.4,15125.4,15126.1,11:35:00,15136.32214743204,3,29
2021-02-11,15140.0,15140.0,15128.75,15133.6,11:40:00,15136.672419105178,3,30
2021-02-11,15128.95,15150.55,15126.3,15140.2,11:45:00,15135.93695061897,3,31
2021-02-11,15126.25,15133.0,15122.65,15128.75,11:50:00,15135.014383893356,3,32
2021-02-11,15115.65,15128.3,15115.15,15125.85,11:55:00,15133.170156855893,3,33
2021-02-11,15112.15,15117.65,15108.0,15115.7,12:00:00,15131.168237155332,3,34
2021-02-11,15117.75,15124.8,15112.2,15112.2,12:05:00,15129.890309807206,3,35
2021-02-11,15128.25,15128.25,15110.65,15117.4,12:10:00,15129.734089825566,3,36
2021-02-11,15125.55,15130.5,15122.85,15127.75,12:15:00,15129.335605080274,3,37
2021-02-11,15133.45,15133.75,15124.65,15124.65,12:20:00,15129.727452215486,3,38
2021-02-11,15149.65,15151.25,15130.05,15133.5,12:25:00,15131.624837718771,3,39
2021-02-11,15152.5,15161.25,15149.35,15149.35,12:30:00,15133.612948412225,3,40
2021-02-11,15142.5,15158.3,15140.35,15152.8,12:35:00,15134.459334277726,3,41
2021-02-11,15142.8,15147.3,15137.35,15141.95,12:40:00,15135.253683394132,3,42
2021-02-11,15141.0,15149.25,15135.15,15142.55,12:45:00,15135.80095164231,3,43
2021-02-11,15125.05,15142.45,15125.05,15139.85,12:50:00,15134.7770514859,3,44
2021-02-11,15120.75,15124.85,15110.8,15124.7,12:55:00,15133.441141820578,3,45
2021-02-11,15118.75,15126.65,15109.2,15120.7,13:00:00,15132.041985456714,3,46
2021-02-11,15122.05,15126.15,15117.15,15118.8,13:05:00,15131.090367794168,3,47
2021-02-11,15135.8,15135.8,15115.1,15122.1,13:10:00,15131.538904194724,3,48
2021-02-11,15119.95,15137.45,15116.25,15134.75,13:15:00,15130.435199033322,3,49
2021-02-11,15121.6,15122.1,15109.95,15118.05,13:20:00,15129.593751506338,3,50
2021-02-11,15125.6,15132.0,15117.15,15121.75,13:25:00,15129.21339422002,3,51
2021-02-11,15126.5,15128.35,15120.9,15125.05,13:30:00,15128.954975722876,3,52
2021-02-11,15123.6,15128.25,15120.8,15126.95,13:35:00,15128.444978034984,3,53
2021-02-11,15119.4,15128.0,15113.65,15124.15,13:40:00,15127.58355155546,3,54
2021-02-11,15132.3,15137.15,15114.1,15118.8,13:45:00,15128.032737121606,3,55
2021-02-11,15131.9,15134.25,15124.85,15132.4,13:50:00,15128.40104787193,3,56
2021-02-11,15145.0,15147.25,15131.8,15131.8,13:55:00,15129.981900455556,3,57
2021-02-11,15129.35,15152.7,15127.5,15145.5,14:00:00,15129.921719459788,3,58
2021-02-11,15140.55,15142.4,15127.65,15128.8,14:05:00,15130.933936654092,3,59
2021-02-11,15148.9,15150.1,15138.05,15140.4,14:10:00,15132.644990306084,3,60
2021-02-11,15151.95,15155.6,15145.9,15148.55,14:15:00,15134.483562657884,3,61
2021-02-11,15166.65,15167.0,15140.05,15151.5,14:20:00,15137.547032880942,3,62
2021-02-11,15162.55,15177.95,15157.05,15168.3,14:25:00,15139.928267844662,3,63
2021-02-11,15154.85,15167.85,15147.8,15161.65,14:30:00,15141.349385192789,3,64
2021-02-11,15163.2,15164.7,15150.7,15154.65,14:35:00,15143.430396126809,3,65
2021-02-11,15167.95,15176.4,15160.55,15162.7,14:40:00,15145.765596495685,3,66
2021-02-11,15164.9,15169.7,15156.3,15168.3,14:45:00,15147.58792063895,3,67
2021-02-11,15168.5,15170.6,15160.65,15164.85,14:50:00,15149.579547244764,3,68
2021-02-11,15149.85,15169.4,15149.05,15168.85,14:55:00,15149.605304650026,3,69
2021-02-11,15168.4,15176.6,15145.95,15147.5,15:00:00,15151.395275635738,3,70
2021-02-11,15173.5,15174.55,15165.3,15168.35,15:05:00,15153.500487479954,3,71
2021-02-11,15173.55,15176.15,15167.45,15173.35,15:10:00,15155.409964862816,3,72
2021-02-11,15175.65,15175.9,15166.9,15172.75,15:15:00,15157.337587256832,3,73
2021-02-11,15181.5,15188.5,15173.25,15175.85,15:20:00,15159.638769422849,3,74
2021-02-11,15176.65,15187.15,15173.55,15180.95,15:25:00,15161.258886620672,3,75
2021-02-12,15217.1,15223.3,15178.2,15191.55,09:15:00,15166.577087894895,4,1
2021-02-12,15172.4,15219.45,15169.75,15217.6,09:20:00,15167.131650952524,4,2
2021-02-12,15187.1,15193.85,15157.75,15172.75,09:25:00,15169.033398480857,4,3
2021-02-12,15208.1,15213.55,15185.3,15186.65,09:30:00,15172.754027196965,4,4
2021-02-12,15183.75,15208.1,15183.4,15206.8,09:35:00,15173.801262702014,4,5
2021-02-12,15194.75,15196.35,15175.85,15184.95,09:40:00,15175.796380539918,4,6
2021-02-12,15202.2,15205.4,15185.55,15194.05,09:45:00,15178.311010964688,4,7
2021-02-12,15198.6,15207.25,15192.7,15202.0,09:50:00,15180.243295634718,4,8
2021-02-12,15187.45,15201.7,15187.45,15198.85,09:55:00,15180.92964843141,4,9
2021-02-12,15183.3,15188.6,15169.2,15186.0,10:00:00,15181.155396199849,4,10
2021-02-12,15192.05,15196.0,15181.25,15183.05,10:05:00,15182.192977514149,4,11
2021-02-12,15192.95,15203.4,15188.6,15192.15,10:10:00,15183.217455846134,4,12
2021-02-12,15193.3,15197.2,15186.95,15193.25,10:15:00,15184.177698146505,4,13
2021-02-12,15185.15,15195.3,15184.5,15194.3,10:20:00,15184.270298323028,4,14
2021-02-12,15195.85,15195.85,15184.05,15185.7,10:25:00,15185.373127054168,4,15
2021-02-12,15199.25,15200.6,15190.85,15195.55,10:30:00,15186.694734001388,4,16
2021-02-12,15209.4,15213.75,15198.8,15198.8,10:35:00,15188.857140286971,4,17
2021-02-12,15213.65,15214.75,15206.75,15208.85,10:40:00,15191.218365021545,4,18
2021-02-12,15217.35,15228.75,15213.4,15213.4,10:45:00,15193.707092162347,4,19
2021-02-12,15214.75,15221.05,15211.55,15218.35,10:50:00,15195.711178623078,4,20
2021-02-12,15229.5,15231.7,15213.85,15214.85,10:55:00,15198.929161611357,4,21
2021-02-12,15222.2,15237.95,15218.9,15230.55,11:00:00,15201.145431934085,4,22
2021-02-12,15231.4,15235.35,15222.8,15224.3,11:05:00,15204.026819368932,4,23
2021-02-12,15238.0,15238.85,15224.75,15231.8,11:10:00,15207.262360381415,4,24
2021-02-12,15232.55,15243.5,15226.85,15239.7,11:15:00,15209.670707011755,4,25
2021-02-12,15237.6,15237.65,15223.85,15232.6,11:20:00,15212.330639677304,4,26
2021-02-12,15222.2,15241.3,15217.75,15237.65,11:25:00,15213.270578755655,4,27
2021-02-12,15224.15,15228.45,15219.3,15221.7,11:30:00,15214.30671411226,4,28
2021-02-12,15206.95,15229.0,15205.6,15224.05,11:35:00,15213.606074672998,4,29
2021-02-12,15214.6,15218.15,15205.8,15207.3,11:40:00,15213.70073422795,4,30
2021-02-12,15217.45,15225.35,15214.6,15216.55,11:45:00,15214.05780715862,4,31
2021-02-12,15213.05,15218.6,15210.5,15216.8,11:50:00,15213.961825524466,4,32
2021-02-12,15201.25,15215.25,15199.75,15213.1,11:55:00,15212.751175474516,4,33
2021-02-12,15204.6,15208.9,15200.15,15201.15,12:00:00,15211.974873048372,4,34
2021-02-12,15211.05,15211.8,15205.45,15205.8,12:05:00,15211.886789900907,4,35
2021-02-12,15198.75,15211.2,15193.55,15211.0,12:10:00,15210.635667053202,4,36
2021-02-12,15207.1,15208.95,15197.35,15198.05,12:15:00,15210.298936857658,4,37
2021-02-12,15212.85,15213.3,15203.35,15206.75,12:20:00,15210.541895252169,4,38
2021-02-12,15213.9,15216.8,15208.3,15212.3,12:25:00,15210.861714751962,4,39
2021-02-12,15206.6,15215.35,15204.1,15213.55,12:30:00,15210.455837156536,4,40
2021-02-12,15207.7,15213.35,15200.7,15206.05,12:35:00,15210.19337647496,4,41
2021-02-12,15195.5,15209.25,15195.2,15207.5,12:40:00,15208.79400728687,4,42
2021-02-12,15204.0,15207.55,15194.05,15196.2,12:45:00,15208.33743516431,4,43
2021-02-12,15213.0,15214.05,15202.2,15203.7,12:50:00,15208.781488958186,4,44
2021-02-12,15220.85,15221.35,15208.9,15212.3,12:55:00,15209.93087096217,4,45
2021-02-12,15224.7,15226.7,15219.05,15220.8,13:00:00,15211.33745468006,4,46
2021-02-12,15227.45,15230.3,15217.5,15224.05,13:05:00,15212.871982805767,4,47
2021-02-12,15221.75,15231.25,15217.5,15227.75,13:10:00,15213.717508252836,4,48
2021-02-12,15223.35,15226.2,15216.5,15221.95,13:15:00,15214.634888419234,4,49
2021-02-12,15224.85,15227.45,15218.55,15223.65,13:20:00,15215.60775618883,4,50
2021-02-12,15213.7,15224.7,15207.45,15223.5,13:25:00,15215.426065123229,4,51
2021-02-12,15211.95,15218.3,15209.65,15213.8,13:30:00,15215.095011301968,4,52
2021-02-12,15197.15,15216.2,15197.15,15212.4,13:35:00,15213.385962606542,4,53
2021-02-12,15187.75,15197.8,15172.45,15197.65,13:40:00,15210.9444423583,4,54
2021-02-12,15179.75,15196.95,15179.45,15188.15,13:45:00,15207.973543086082,4,55
2021-02-12,15151.95,15180.25,15151.55,15179.05,13:50:00,15202.637967554074,4,56
2021-02-12,15139.55,15155.15,15125.75,15150.8,13:55:00,15196.629589691782,4,57
2021-02-12,15091.35,15138.55,15081.0,15138.55,14:00:00,15186.602962102088,4,58
2021-02-12,15130.7,15137.45,15092.4,15092.4,14:05:00,15181.278870473318,4,59
2021-02-12,15117.05,15145.05,15113.65,15130.8,14:10:00,15175.161835190143,4,60
2021-02-12,15122.4,15133.25,15113.95,15116.7,14:15:00,15170.13689850537,4,61
2021-02-12,15147.35,15156.15,15118.7,15122.7,14:20:00,15167.966717695335,4,62
2021-02-12,15136.5,15162.95,15136.5,15146.6,14:25:00,15164.969887438638,4,63
2021-02-12,15158.5,15163.5,15129.2,15133.9,14:30:00,15164.353707682576,4,64
2021-02-12,15150.85,15168.55,15148.65,15157.55,14:35:00,15163.067640284236,4,65
2021-02-12,15146.2,15156.9,15133.7,15150.8,14:40:00,15161.461198352405,4,66
2021-02-12,15146.95,15154.15,15137.2,15146.35,14:45:00,15160.0791794617,4,67
2021-02-12,15166.2,15168.0,15140.15,15147.3,14:50:00,15160.66211475106,4,68
2021-02-12,15145.5,15169.05,15145.25,15167.7,14:55:00,15159.218103822388,4,69
2021-02-12,15154.0,15158.9,15143.45,15145.35,15:00:00,15158.72114155359,4,70
2021-02-12,15146.35,15156.5,15143.75,15155.2,15:05:00,15157.542937596105,4,71
2021-02-12,15162.15,15162.15,15146.0,15146.0,15:10:00,15157.981705444095,4,72
2021-02-12,15175.3,15175.95,15160.7,15161.9,15:15:00,15159.631066830372,4,73
2021-02-12,15169.85,15188.0,15167.85,15175.85,15:20:00,15160.604298560813,4,74
2021-02-12,15164.7,15170.8,15160.35,15169.8,15:25:00,15160.994365364544,4,75
2021-02-15,15294.9,15296.8,15243.4,15247.6,09:15:00,15173.747282948872,0,1
2021-02-15,15292.6,15297.1,15275.8,15297.1,09:20:00,15185.066589334696,0,2
2021-02-15,15307.15,15310.3,15286.45,15294.0,09:25:00,15196.693580826628,0,3
2021-02-15,15294.45,15314.3,15286.15,15308.7,09:30:00,15206.003715985997,0,4
2021-02-15,15285.15,15293.75,15278.0,15293.75,09:35:00,15213.541457320664,0,5
2021-02-15,15287.95,15301.3,15280.75,15284.2,09:40:00,15220.627985194886,0,6
2021-02-15,15277.3,15289.1,15267.1,15288.5,09:45:00,15226.02531993823,0,7
2021-02-15,15291.5,15296.15,15276.55,15276.55,09:50:00,15232.261003753638,0,8
2021-02-15,15290.0,15297.3,15289.15,15289.3,09:55:00,15237.759955777105,0,9
2021-02-15,15285.75,15292.1,15278.3,15289.65,10:00:00,15242.330436179283,0,10
2021-02-15,15282.25,15285.6,15273.9,15285.05,10:05:00,15246.132299400304,0,11
2021-02-15,15289.1,15293.7,15280.6,15282.8,10:10:00,15250.22446136218,0,12
2021-02-15,15292.4,15295.95,15288.8,15289.4,10:15:00,15254.241179327686,0,13
2021-02-15,15298.1,15299.1,15285.4,15294.25,10:20:00,15258.418209867908,0,14
2021-02-15,15294.95,15299.65,15292.35,15298.55,10:25:00,15261.897427975724,0,15
2021-02-15,15304.15,15304.15,15291.05,15295.7,10:30:00,15265.921482454229,0,16
2021-02-15,15307.3,15310.25,15297.65,15303.25,10:35:00,15269.862293649065,0,17
2021-02-15,15311.5,15317.05,15304.85,15307.2,10:40:00,15273.82778949201,0,18
2021-02-15,15317.8,15320.55,15302.75,15312.0,10:45:00,15278.0156190642,0,19
2021-02-15,15308.8,15321.3,15306.0,15318.05,10:50:00,15280.947464867611,0,20
2021-02-15,15312.05,15315.7,15305.0,15308.35,10:55:00,15283.909611070696,0,21
2021-02-15,15306.5,15315.65,15304.7,15312.35,11:00:00,15286.06107668301,0,22
2021-02-15,15310.3,15311.75,15303.95,15305.65,11:05:00,15288.369545570344,0,23
2021-02-15,15314.9,15316.05,15308.8,15310.75,11:10:00,15290.896255516023,0,24
2021-02-15,15307.65,15316.15,15304.35,15314.0,11:15:00,15292.491850228786,0,25
2021-02-15,15305.95,15308.95,15301.05,15307.4,11:20:00,15293.773578778426,0,26
2021-02-15,15306.95,15313.35,15302.95,15305.45,11:25:00,15295.028476037623,0,27
2021-02-15,15310.8,15316.7,15306.65,15308.35,11:30:00,15296.530525938802,0,28
2021-02-15,15308.8,15313.9,15307.35,15311.7,11:35:00,15297.699047277963,0,29
2021-02-15,15307.1,15313.3,15305.4,15308.65,11:40:00,15298.594376108636,0,30
2021-02-15,15306.15,15308.75,15300.0,15306.7,11:45:00,15299.313959336385,0,31
2021-02-15,15303.5,15305.4,15295.35,15305.4,11:50:00,15299.712629875778,0,32
2021-02-15,15309.95,15312.45,15300.6,15303.3,11:55:00,15300.687617506655,0,33
2021-02-15,15296.0,15311.35,15294.6,15310.75,12:00:00,15300.241177744118,0,34
2021-02-15,15296.05,15298.6,15292.9,15295.5,12:05:00,15299.842017958965,0,35
2021-02-15,15304.3,15304.8,15295.15,15296.15,12:10:00,15300.266587677155,0,36
2021-02-15,15294.35,15304.35,15294.35,15303.55,12:15:00,15299.703103136477,0,37
2021-02-15,15301.55,15304.0,15293.85,15294.55,12:20:00,15299.878998075856,0,38
2021-02-15,15309.9,15311.5,15298.6,15301.6,12:25:00,15300.83337921149,0,39
2021-02-15,15309.85,15314.3,15306.65,15310.95,12:30:00,15301.692105000871,0,40
2021-02-15,15312.9,15313.4,15304.9,15310.3,12:35:00,15302.759523572218,0,41
2021-02-15,15314.95,15316.3,15309.8,15314.0,12:40:00,15303.920521327243,0,42
2021-02-15,15306.3,15316.8,15302.85,15315.2,12:45:00,15304.147138343696,0,43
2021-02-15,15311.15,15314.25,15306.35,15306.4,12:50:00,15304.81407754906,0,44
2021-02-15,15313.45,15315.7,15308.35,15311.9,12:55:00,15305.63654635391,0,45
2021-02-15,15319.55,15326.6,15313.2,15314.85,13:00:00,15306.961637177346,0,46
2021-02-15,15319.25,15323.5,15317.65,15321.35,13:05:00,15308.13195744617,0,47
2021-02-15,15319.25,15323.7,15316.0,15320.5,13:10:00,15309.190818641771,0,48
2021-02-15,15314.6,15319.6,15312.65,15319.3,13:15:00,15309.705978771128,0,49
2021-02-15,15311.4,15319.65,15310.05,15316.5,13:20:00,15309.86731412626,0,50
2021-02-15,15305.7,15313.6,15303.55,15312.5,13:25:00,15309.470427066615,0,51
2021-02-15,15307.8,15308.85,15295.4,15307.0,13:30:00,15309.311338774556,0,52
2021-02-15,15309.95,15319.0,15307.6,15308.15,13:35:00,15309.37216365317,0,53
2021-02-15,15307.75,15315.65,15305.45,15310.3,13:40:00,15309.217671876677,0,54
2021-02-15,15312.5,15313.55,15306.25,15308.3,13:45:00,15309.530274555089,0,55
2021-02-15,15309.85,15317.65,15308.1,15312.65,13:50:00,15309.560724597462,0,56
2021-02-15,15309.25,15313.85,15305.3,15310.6,13:55:00,15309.531131778656,0,57
2021-02-15,15303.65,15311.75,15301.85,15311.75,14:00:00,15308.971023990212,0,58
2021-02-15,15304.9,15308.9,15297.95,15304.85,14:05:00,15308.583307419716,0,59
2021-02-15,15297.45,15310.75,15287.3,15304.7,14:10:00,15307.522992427364,0,60
2021-02-15,15285.3,15298.25,15276.75,15297.75,14:15:00,15305.40651695809,0,61
2021-02-15,15296.8,15316.4,15275.15,15285.95,14:20:00,15304.586848676368,0,62
2021-02-15,15289.85,15297.65,15285.6,15296.3,14:25:00,15303.183339278616,0,63
2021-02-15,15294.9,15300.55,15287.05,15290.75,14:30:00,15302.39444982351,0,64
2021-02-15,15297.05,15298.6,15288.8,15295.95,14:35:00,15301.885454602225,0,65
2021-02-15,15304.4,15305.15,15295.55,15296.4,14:40:00,15302.1249351163,0,66
2021-02-15,15298.0,15305.5,15290.35,15304.85,14:45:00,15301.732084152842,0,67
2021-02-15,15299.0,15303.2,15292.55,15296.15,14:50:00,15301.471885662097,0,68
2021-02-15,15298.65,15301.65,15291.05,15300.35,14:55:00,15301.203134646656,0,69
2021-02-15,15297.05,15301.4,15288.15,15299.15,15:00:00,15300.807598013642,0,70
2021-02-15,15300.65,15304.85,15294.8,15297.85,15:05:00,15300.79258867901,0,71
2021-02-15,15317.25,15318.05,15300.05,15300.5,15:10:00,15302.359961185772,0,72
2021-02-15,15316.0,15320.5,15308.0,15317.85,15:15:00,15303.659012501412,0,73
2021-02-15,15326.1,15340.15,15312.4,15314.55,15:20:00,15305.79624940604,0,74
2021-02-15,15335.5,15336.1,15322.3,15327.0,15:25:00,15308.625178034035,0,75
2021-02-16,15403.6,15416.2,15365.55,15381.7,09:15:00,15317.67039917365,1,1
2021-02-16,15411.65,15416.5,15396.65,15404.2,09:20:00,15326.620837347587,1,2
2021-02-16,15420.5,15425.3,15401.3,15412.6,09:25:00,15335.561709981152,1,3
2021-02-16,15423.6,15431.75,15416.1,15422.15,09:30:00,15343.946309030563,1,4
2021-02-16,15416.55,15425.05,15413.45,15422.25,09:35:00,15350.86094626575,1,5
2021-02-16,15419.1,15427.55,15415.5,15415.85,09:40:00,15357.35990376425,1,6
2021-02-16,15413.3,15419.6,15409.8,15419.15,09:45:00,15362.68753197718,1,7
2021-02-16,15384.55,15415.25,15381.5,15412.0,09:50:00,15364.769671788876,1,8
2021-02-16,15384.3,15404.15,15384.3,15384.95,09:55:00,15366.629703047078,1,9
2021-02-16,15379.9,15385.6,15367.35,15383.75,10:00:00,15367.893540852116,1,10
2021-02-16,15387.85,15395.85,15378.1,15379.4,10:05:00,15369.794156009058,1,11
2021-02-16,15393.2,15398.2,15380.55,15388.35,10:10:00,15372.023284008195,1,12
2021-02-16,15379.05,15393.3,15379.05,15392.75,10:15:00,15372.692495055033,1,13
2021-02-16,15390.65,15390.75,15378.85,15379.9,10:20:00,15374.40273362122,1,14
2021-02-16,15390.5,15395.65,15384.5,15390.3,10:25:00,15375.935806609676,1,15
2021-02-16,15396.3,15398.85,15387.45,15390.8,10:30:00,15377.87525359923,1,16
2021-02-16,15406.4,15412.5,15392.4,15395.8,10:35:00,15380.591896113589,1,17
2021-02-16,15404.75,15408.4,15399.85,15406.9,10:40:00,15382.892667912294,1,18
2021-02-16,15410.6,15413.15,15405.3,15405.3,10:45:00,15385.531461444456,1,19
2021-02-16,15398.25,15412.9,15397.4,15409.6,10:50:00,15386.7427508307,1,20
2021-02-16,15397.1,15402.3,15384.75,15398.05,10:55:00,15387.729155513489,1,21
2021-02-16,15398.65,15407.25,15396.4,15396.6,11:00:00,15388.769235940776,1,22
2021-02-16,15396.05,15407.5,15391.8,15399.25,11:05:00,15389.462642041652,1,23
2021-02-16,15383.1,15395.8,15380.7,15395.8,11:10:00,15388.856676132924,1,24
2021-02-16,15375.55,15383.1,15367.9,15382.75,11:15:00,15387.589373644074,1,25
2021-02-16,15367.3,15376.3,15360.35,15373.6,11:20:00,15385.657052344635,1,26
2021-02-16,15348.35,15367.5,15340.95,15367.1,11:25:00,15382.103999740386,1,27
2021-02-16,15351.35,15363.3,15332.7,15347.9,11:30:00,15379.175047384158,1,28
2021-02-16,15350.0,15358.2,15339.75,15351.95,11:35:00,15376.39647144281,1,29
2021-02-16,15362.65,15366.0,15350.25,15350.25,11:40:00,15375.087283686353,1,30
2021-02-16,15347.8,15370.95,15346.8,15362.55,11:45:00,15372.488494763842,1,31
2021-02-16,15337.5,15351.25,15337.25,15346.9,11:50:00,15369.156257167286,1,32
2021-02-16,15349.05,15349.3,15332.5,15337.55,11:55:00,15367.241375532303,1,33
2021-02-16,15358.7,15358.95,15348.2,15348.9,12:00:00,15366.427911195897,1,34
2021-02-16,15354.85,15364.95,15352.4,15359.0,12:05:00,15365.325252986762,1,35
2021-02-16,15354.0,15359.05,15349.5,15356.8,12:10:00,15364.246657464211,1,36
2021-02-16,15360.7,15362.5,15347.85,15353.25,12:15:00,15363.908880562858,1,37
2021-02-16,15355.7,15362.4,15349.85,15361.7,12:20:00,15363.127082414016,1,38
2021-02-16,15347.4,15356.05,15345.05,15355.3,12:25:00,15361.629265041252,1,39
2021-02-16,15365.05,15368.45,15348.95,15349.15,12:30:00,15361.955049323038,1,40
2021-02-16,15328.75,15365.85,15324.3,15365.15,12:35:00,15358.792663673225,1,41
2021-02-16,15311.95,15335.2,15309.2,15329.1,12:40:00,15354.331457609109,1,42
2021-02-16,15325.7,15326.3,15299.05,15312.25,12:45:00,15351.604652122523,1,43
2021-02-16,15312.45,15331.1,15307.05,15325.6,12:50:00,15347.875637634666,1,44
2021-02-16,15311.7,15317.05,15305.8,15312.65,12:55:00,15344.430338812315,1,45
2021-02-16,15274.2,15312.25,15271.6,15311.95,13:00:00,15337.741735115906,1,46
2021-02-16,15277.2,15289.65,15267.4,15274.05,13:05:00,15331.97585558106,1,47
2021-02-16,15275.3,15279.0,15256.9,15277.55,13:10:00,15326.578155049529,1,48
2021-02-16,15274.2,15275.15,15250.65,15275.15,13:15:00,15321.589759330527,1,49
2021-02-16,15284.3,15289.55,15269.75,15275.05,13:20:00,15318.03835368,1,50
2021-02-16,15293.5,15298.6,15274.95,15285.3,13:25:00,15315.701367615238,1,51
2021-02-16,15305.65,15307.75,15291.25,15292.65,13:30:00,15314.744094509024,1,52
2021-02-16,15281.4,15319.35,15279.95,15305.75,13:35:00,15311.568466460543,1,53
2021-02-16,15295.5,15298.4,15279.75,15281.2,13:40:00,15310.038136321446,1,54
2021-02-16,15284.05,15295.75,15281.75,15295.7,13:45:00,15307.563075719405,1,55
2021-02-16,15266.95,15286.1,15263.9,15284.35,13:50:00,15303.695163746126,1,56
2021-02-16,15246.2,15270.05,15242.2,15268.1,13:55:00,15298.219433865544,1,57
2021-02-16,15258.2,15258.2,15244.9,15247.25,14:00:00,15294.40805921168,1,58
2021-02-16,15266.35,15277.75,15263.25,15265.0,14:05:00,15291.73586309628,1,59
2021-02-16,15276.9,15282.5,15264.95,15267.45,14:10:00,15290.322923753778,1,60
2021-02-16,15287.3,15299.05,15266.3,15277.45,14:15:00,15290.035026253418,1,61
2021-02-16,15279.9,15293.1,15276.85,15287.2,14:20:00,15289.069785657854,1,62
2021-02-16,15288.35,15289.0,15267.8,15279.6,14:25:00,15289.00123464282,1,63
2021-02-16,15318.8,15319.8,15288.7,15288.7,14:30:00,15291.839212295885,1,64
2021-02-16,15311.65,15326.7,15301.95,15322.3,14:35:00,15293.72595398199,1,65
2021-02-16,15312.35,15318.85,15301.15,15311.7,14:40:00,15295.49967265037,1,66
2021-02-16,15307.85,15319.7,15295.85,15312.6,14:45:00,15296.675894302716,1,67
2021-02-16,15307.6,15321.6,15305.85,15306.25,14:50:00,15297.716285321503,1,68
2021-02-16,15314.8,15319.5,15302.95,15307.7,14:55:00,15299.343305767075,1,69
2021-02-16,15320.95,15325.05,15312.95,15314.3,15:00:00,15301.401086170212,1,70
2021-02-16,15302.6,15321.25,15295.5,15321.25,15:05:00,15301.515268439714,1,71
2021-02-16,15312.4,15316.45,15303.15,15303.15,15:10:00,15302.551909540693,1,72
2021-02-16,15309.95,15316.2,15303.15,15313.35,15:15:00,15303.256489584435,1,73
2021-02-16,15321.95,15331.7,15308.15,15310.0,15:20:00,15305.03682390973,1,74
2021-02-16,15317.95,15323.05,15312.75,15321.5,15:25:00,15306.26665020404,1,75
2021-02-17,15260.4,15289.9,15252.4,15285.1,09:15:00,15301.898397803656,2,1
2021-02-17,15267.4,15270.45,15242.8,15260.25,09:20:00,15298.612836108068,2,2
2021-02-17,15266.3,15275.7,15254.85,15265.8,09:25:00,15295.535423145397,2,3
2021-02-17,15229.2,15267.9,15227.1,15265.85,09:30:00,15289.217763798217,2,4
2021-02-17,15225.25,15236.65,15213.35,15226.65,09:35:00,15283.125595817432,2,5
2021-02-17,15234.35,15239.85,15215.25,15222.8,09:40:00,15278.480300977675,2,6
2021-02-17,15227.7,15240.65,15221.85,15233.35,09:45:00,15273.644081836945,2,7
2021-02-17,15230.1,15240.8,15226.0,15227.75,09:50:00,15269.497026423902,2,8
2021-02-17,15226.05,15236.85,15221.75,15229.45,09:55:00,15265.35921438353,2,9
2021-02-17,15219.4,15225.05,15201.25,15224.7,10:00:00,15260.982146347003,2,10
2021-02-17,15230.35,15232.75,15210.15,15219.45,10:05:00,15258.06479907586,2,11
2021-02-17,15240.55,15247.3,15230.15,15230.85,10:10:00,15256.3967229734,2,12
2021-02-17,15255.6,15257.3,15230.1,15241.1,10:15:00,15256.32084459498,2,13
2021-02-17,15236.35,15261.45,15236.35,15256.55,10:20:00,15254.41885939546,2,14
2021-02-17,15236.2,15239.5,15229.45,15235.45,10:25:00,15252.683729929224,2,15
2021-02-17,15225.05,15237.65,15223.55,15236.8,10:30:00,15250.05194612644,2,16
2021-02-17,15231.1,15240.2,15224.55,15225.25,10:35:00,15248.246998876304,2,17
2021-02-17,15247.1,15247.35,15229.6,15229.6,10:40:00,15248.137760888085,2,18
2021-02-17,15253.35,15253.35,15239.0,15245.95,10:45:00,15248.63416461303,2,19
2021-02-17,15253.3,15257.25,15248.75,15253.15,10:50:00,15249.078529887978,2,20
2021-02-17,15271.55,15271.55,15250.4,15253.7,10:55:00,15251.218669898646,2,21
2021-02-17,15289.05,15290.55,15270.8,15270.8,11:00:00,15254.821653717823,2,22
2021-02-17,15303.45,15305.05,15288.45,15289.35,11:05:00,15259.452924792316,2,23
2021-02-17,15291.55,15312.15,15290.4,15304.25,11:10:00,15262.50978909781,2,24
2021-02-17,15289.25,15296.15,15284.65,15291.9,11:15:00,15265.0564758504,2,25
2021-02-17,15293.15,15304.45,15289.2,15289.2,11:20:00,15267.732049578934,2,26
2021-02-17,15285.1,15298.75,15283.05,15293.65,11:25:00,15269.386140095226,2,27
2021-02-17,15268.05,15284.85,15268.05,15284.15,11:30:00,15269.258888657589,2,28
2021-02-17,15280.95,15282.25,15268.0,15268.0,11:35:00,15270.372327833056,2,29
2021-02-17,15280.5,15292.6,15280.5,15280.85,11:40:00,15271.33686803943,2,30
2021-02-17,15282.9,15285.5,15280.2,15280.4,11:45:00,15272.43811870234,2,31
2021-02-17,15279.5,15287.75,15279.2,15283.7,11:50:00,15273.110678825928,2,32
2021-02-17,15283.55,15284.9,15272.75,15279.6,11:55:00,15274.104899890124,2,33
2021-02-17,15278.15,15286.7,15277.55,15283.8,12:00:00,15274.490147519637,2,34
2021-02-17,15290.85,15292.95,15278.4,15278.4,12:05:00,15276.04822870824,2,35
2021-02-17,15286.4,15293.4,15280.6,15290.7,12:10:00,15277.03411168841,2,36
2021-02-17,15282.35,15287.35,15275.1,15286.05,12:15:00,15277.540386765704,2,37
2021-02-17,15293.65,15297.25,15280.15,15283.05,12:20:00,15279.07463564516,2,38
2021-02-17,15293.7,15293.9,15286.15,15292.7,12:25:00,15280.467527488478,2,39
2021-02-17,15306.4,15309.3,15293.9,15293.9,12:30:00,15282.93728677529,2,40
2021-02-17,15309.3,15314.3,15304.95,15306.6,12:35:00,15285.44802136812,2,41
2021-02-17,15281.45,15310.0,15280.6,15309.45,12:40:00,15285.0672574283,2,42
2021-02-17,15277.0,15284.55,15276.45,15281.85,12:45:00,15284.298947197034,2,43
2021-02-17,15256.05,15280.15,15256.05,15277.7,12:50:00,15281.608571273508,2,44
2021-02-17,15245.8,15261.6,15245.65,15255.8,12:55:00,15278.19823115222,2,45
2021-02-17,15222.5,15245.55,15222.45,15245.55,13:00:00,15272.893637709152,2,46
2021-02-17,15231.15,15232.0,15215.65,15221.95,13:05:00,15268.918053165424,2,47
2021-02-17,15229.2,15238.6,15225.0,15231.25,13:10:00,15265.135381435382,2,48
2021-02-17,15243.2,15244.05,15222.8,15229.7,13:15:00,15263.046297489156,2,49
2021-02-17,15232.45,15244.4,15229.35,15243.5,13:20:00,15260.13236439495,2,50
2021-02-17,15218.15,15235.7,15217.45,15232.6,13:25:00,15256.134043976384,2,51
2021-02-17,15200.2,15227.7,15195.4,15217.65,13:30:00,15250.80699216911,2,52
2021-02-17,15175.5,15199.75,15172.3,15199.75,13:35:00,15243.634897676811,2,53
2021-02-17,15195.3,15200.6,15170.75,15175.8,13:40:00,15239.031574088543,2,54
2021-02-17,15208.3,15210.45,15193.75,15195.25,13:45:00,15236.104757508683,2,55
2021-02-17,15217.3,15220.6,15201.4,15209.15,13:50:00,15234.313828222144,2,56
2021-02-17,15226.15,15235.5,15212.5,15217.5,13:55:00,15233.536320772417,2,57
2021-02-17,15212.55,15226.6,15212.2,15226.1,14:00:00,15231.537623555994,2,58
2021-02-17,15217.6,15225.7,15211.75,15212.1,14:05:00,15230.210230836376,2,59
2021-02-17,15229.5,15235.2,15217.55,15218.35,14:10:00,15230.14258980434,2,60
2021-02-17,15221.25,15243.95,15219.1,15229.4,14:15:00,15229.29567648964,2,61
2021-02-17,15224.95,15224.95,15211.3,15221.3,14:20:00,15228.881802538246,2,62
2021-02-17,15219.65,15235.0,15219.65,15225.2,14:25:00,15228.00258324889,2,63
2021-02-17,15226.2,15231.4,15215.85,15220.45,14:30:00,15227.830908653756,2,64
2021-02-17,15220.55,15228.95,15215.85,15226.65,14:35:00,15227.13748878197,2,65
2021-02-17,15199.4,15225.25,15199.4,15220.2,14:40:00,15224.495823183686,2,66
2021-02-17,15216.1,15217.2,15191.9,15199.5,14:45:00,15223.696220975717,2,67
2021-02-17,15219.55,15224.35,15215.4,15215.4,14:50:00,15223.301342787554,2,68
2021-02-17,15216.65,15221.1,15210.95,15219.0,14:55:00,15222.667881569692,2,69
2021-02-17,15221.3,15229.35,15210.95,15215.85,15:00:00,15222.537607134484,2,70
2021-02-17,15209.55,15223.4,15206.05,15221.75,15:05:00,15221.300692169294,2,71
2021-02-17,15218.15,15219.35,15199.35,15209.7,15:10:00,15221.00062624841,2,72
2021-02-17,15207.75,15222.3,15204.4,15216.55,15:15:00,15219.7386618438,2,73
2021-02-17,15206.75,15212.6,15189.0,15208.2,15:20:00,15218.501646430104,2,74
2021-02-17,15196.25,15209.9,15191.1,15206.9,15:25:00,15216.38244200819,2,75
2021-02-18,15225.2,15242.4,15199.95,15242.3,09:15:00,15217.22220943598,3,1
2021-02-18,15246.85,15250.75,15226.55,15226.75,09:20:00,15220.043903775411,3,2
2021-02-18,15228.45,15248.55,15219.05,15246.05,09:25:00,15220.84448436823,3,3
2021-02-18,15233.75,15233.75,15203.6,15228.65,09:30:00,15222.073581095066,3,4
2021-02-18,15225.85,15237.0,15223.25,15233.1,09:35:00,15222.433240038394,3,5
2021-02-18,15221.1,15232.55,15219.05,15225.65,09:40:00,15222.306264796642,3,6
2021-02-18,15213.15,15228.05,15210.05,15221.4,09:45:00,15221.434239577917,3,7
2021-02-18,15213.15,15226.05,15208.65,15212.05,09:50:00,15220.645264380018,3,8
2021-02-18,15232.85,15236.1,15211.1,15213.6,09:55:00,15221.80762015335,3,9
2021-02-18,15230.25,15238.1,15227.25,15231.3,10:00:00,15222.611656329222,3,10
2021-02-18,15224.0,15230.7,15218.55,15230.0,10:05:00,15222.74387953596,3,11
2021-02-18,15226.45,15227.4,15216.7,15224.1,10:10:00,15223.09684338968,3,12
2021-02-18,15222.1,15226.4,15217.45,15226.4,10:15:00,15223.001905923997,3,13
2021-02-18,15232.4,15236.9,15220.05,15221.15,10:20:00,15223.896962502664,3,14
2021-02-18,15240.05,15248.3,15224.65,15232.45,10:25:00,15225.43534702622,3,15
2021-02-18,15240.15,15243.8,15234.7,15242.1,10:30:00,15226.836742547534,3,16
2021-02-18,15233.8,15242.45,15229.15,15240.05,10:35:00,15227.49990992396,3,17
2021-02-18,15235.35,15241.5,15232.55,15233.45,10:40:00,15228.247537550247,3,18
2021-02-18,15227.15,15237.75,15227.05,15235.25,10:45:00,15228.143010164513,3,19
2021-02-18,15224.3,15232.75,15222.95,15228.0,10:50:00,15227.77700919646,3,20
2021-02-18,15228.35,15234.4,15222.7,15224.2,10:55:00,15227.831579749178,3,21
2021-02-18,15227.35,15231.85,15224.75,15227.8,11:00:00,15227.78571501116,3,22
2021-02-18,15221.4,15227.85,15219.8,15227.85,11:05:00,15227.177551676765,3,23
2021-02-18,15218.8,15224.75,15216.85,15222.1,11:10:00,15226.379689612311,3,24
2021-02-18,15199.25,15220.7,15198.75,15218.35,11:15:00,15223.795909649234,3,25
2021-02-18,15190.45,15205.1,15190.05,15200.45,11:20:00,15220.62010873026,3,26
2021-02-18,15184.95,15195.8,15182.85,15190.0,11:25:00,15217.222955517853,3,27
2021-02-18,15182.8,15193.45,15181.65,15185.2,11:30:00,15213.944578801867,3,28
2021-02-18,15171.15,15182.2,15164.1,15182.2,11:35:00,15209.86890463026,3,29
2021-02-18,15144.65,15171.8,15144.45,15170.7,11:40:00,15203.65758037976,3,30
2021-02-18,15150.95,15151.8,15136.85,15144.8,11:45:00,15198.637810819784,3,31
2021-02-18,15146.95,15156.6,15144.15,15150.4,11:50:00,15193.71516217028,3,32
2021-02-18,15159.55,15160.05,15144.55,15147.3,11:55:00,15190.46133720168,3,33
2021-02-18,15163.9,15170.05,15158.3,15159.75,12:00:00,15187.931686039616,3,34
2021-02-18,15150.8,15166.45,15150.8,15164.0,12:05:00,15184.395334988223,3,35
2021-02-18,15152.8,15156.2,15147.85,15150.4,12:10:00,15181.386255465535,3,36
2021-02-18,15121.25,15153.15,15116.25,15152.9,12:15:00,15175.658993040246,3,37
2021-02-18,15113.5,15131.0,15110.4,15120.45,12:20:00,15169.739088941174,3,38
2021-02-18,15120.6,15124.1,15105.6,15115.45,12:25:00,15165.05917570868,3,39
2021-02-18,15114.95,15125.55,15112.55,15120.4,12:30:00,15160.286873260236,3,40
2021-02-18,15113.55,15122.8,15112.25,15114.85,12:35:00,15155.835742473546,3,41
2021-02-18,15103.1,15122.6,15099.4,15113.4,12:40:00,15150.8132908094,3,42
2021-02-18,15118.35,15120.1,15102.45,15102.45,12:45:00,15147.721548827552,3,43
2021-02-18,15137.9,15140.55,15119.15,15119.15,12:50:00,15146.78616322493,3,44
2021-02-18,15136.1,15139.25,15129.3,15137.7,12:55:00,15145.768433393983,3,45
2021-02-18,15117.85,15142.45,15113.95,15135.95,13:00:00,15143.109534975509,3,46
2021-02-18,15129.35,15133.55,15115.85,15117.25,13:05:00,15141.79910307308,3,47
2021-02-18,15135.95,15137.65,15128.95,15129.2,13:10:00,15141.242045637548,3,48
2021-02-18,15112.9,15138.5,15111.25,15136.2,13:15:00,15138.542803195876,3,49
2021-02-18,15110.5,15116.1,15106.35,15112.3,13:20:00,15135.872060034364,3,50
2021-02-18,15094.75,15121.0,15093.75,15110.4,13:25:00,15131.955673364426,3,51
2021-02-18,15102.3,15104.85,15085.95,15095.8,13:30:00,15129.131323520194,3,52
2021-02-18,15106.4,15116.7,15102.0,15102.1,13:35:00,15126.966435565892,3,53
2021-02-18,15105.05,15108.95,15100.1,15105.85,13:40:00,15124.879155988188,3,54
2021-02-18,15086.85,15104.6,15086.1,15104.6,13:45:00,15121.25733160836,3,55
2021-02-18,15090.6,15095.45,15078.05,15086.75,13:50:00,15118.337585740896,3,56
2021-02-18,15086.15,15103.45,15084.6,15089.1,13:55:00,15115.27210138462,3,57
2021-02-18,15093.85,15097.8,15080.55,15084.8,14:00:00,15113.231901252751,3,58
2021-02-18,15114.9,15114.9,15093.1,15093.1,14:05:00,15113.390767800109,3,59
2021-02-18,15130.8,15131.25,15114.9,15115.0,14:10:00,15115.048789914385,3,60
2021-02-18,15131.05,15142.35,15127.5,15131.7,14:15:00,15116.572714684442,3,61
2021-02-18,15145.95,15157.15,15129.75,15130.4,14:20:00,15119.370551381162,3,62
2021-02-18,15132.35,15145.65,15127.1,15145.65,14:25:00,15120.60668934486,3,63
2021-02-18,15134.8,15143.15,15131.2,15132.9,14:30:00,15121.958433216778,3,64
2021-02-18,15142.15,15145.9,15133.35,15135.75,14:35:00,15123.881439577084,3,65
2021-02-18,15152.0,15159.35,15141.95,15142.2,14:40:00,15126.5593977126,3,66
2021-02-18,15146.3,15152.45,15139.65,15152.45,14:45:00,15128.439455073303,3,67
2021-02-18,15133.65,15149.6,15126.7,15146.55,14:50:00,15128.935697447274,3,68
2021-02-18,15117.0,15134.2,15115.15,15133.4,14:55:00,15127.798964357058,3,69
2021-02-18,15135.2,15143.35,15116.6,15116.75,15:00:00,15128.503824894482,3,70
2021-02-18,15122.9,15139.65,15122.75,15135.15,15:05:00,15127.970127285484,3,71
2021-02-18,15113.45,15126.45,15112.5,15123.65,15:10:00,15126.5872580202,3,72
2021-02-18,15109.8,15119.05,15109.8,15113.3,15:15:00,15124.988471542085,3,73
2021-02-18,15107.15,15116.65,15094.95,15110.15,15:20:00,15123.289569490458,3,74
2021-02-18,15120.2,15121.95,15105.95,15107.25,15:25:00,15122.99532477708,3,75
2021-02-19,15058.9,15083.3,15042.7,15081.55,09:15:00,15116.891008131644,4,1
2021-02-19,15054.5,15063.85,15046.0,15058.4,09:20:00,15110.9490073572,4,2
2021-02-19,15030.75,15058.6,15030.15,15055.4,09:25:00,15103.311006656517,4,3
2021-02-19,15049.3,15051.45,15028.7,15031.0,09:30:00,15098.167101260657,4,4
2021-02-19,15058.3,15070.05,15037.4,15049.0,09:35:00,15094.370234473929,4,5
2021-02-19,15076.05,15084.75,15058.2,15058.2,09:40:00,15092.625450238314,4,6
2021-02-19,15080.0,15095.1,15071.55,15078.5,09:45:00,15091.423026406092,4,7
2021-02-19,15105.7,15106.55,15074.3,15080.3,09:50:00,15092.782738176942,4,8
2021-02-19,15086.2,15107.5,15084.1,15105.6,09:55:00,15092.15581073152,4,9
2021-02-19,15061.85,15086.7,15061.75,15085.9,10:00:00,15089.269543042805,4,10
2021-02-19,15075.1,15077.9,15060.55,15061.25,10:05:00,15087.920062753014,4,11
2021-02-19,15101.9,15113.15,15074.95,15075.3,10:10:00,15089.251485347964,4,12
2021-02-19,15111.2,15120.65,15102.15,15102.15,10:15:00,15091.341820076728,4,13
2021-02-19,15112.4,15127.65,15105.1,15111.4,10:20:00,15093.3473610218,4,14
2021-02-19,15112.6,15126.4,15111.65,15113.25,10:25:00,15095.18094568639,4,15
2021-02-19,15125.45,15144.05,15112.35,15112.35,10:30:00,15098.063712763877,4,16
2021-02-19,15129.9,15134.5,15122.45,15125.9,10:35:00,15101.095740119696,4,17
2021-02-19,15123.2,15139.7,15118.65,15130.45,10:40:00,15103.200907727343,4,18
2021-02-19,15100.6,15124.35,15099.9,15124.35,10:45:00,15102.953202229502,4,19
2021-02-19,15085.4,15104.5,15084.9,15101.4,10:50:00,15101.281468683836,4,20
2021-02-19,15069.5,15092.7,15069.5,15085.45,10:55:00,15098.254662142515,4,21
2021-02-19,15060.95,15074.55,15057.1,15069.35,11:00:00,15094.701837176564,4,22
2021-02-19,15063.7,15082.1,15058.9,15061.05,11:05:00,15091.749281254984,4,23
2021-02-19,15067.65,15074.6,15060.3,15062.9,11:10:00,15089.454111611652,4,24
2021-02-19,15069.05,15071.45,15053.85,15071.2,11:15:00,15087.510862886733,4,25
2021-02-19,15078.75,15079.15,15066.3,15068.25,11:20:00,15086.676494992756,4,26
2021-02-19,15091.85,15092.55,15072.75,15078.4,11:25:00,15087.16920975535,4,27
2021-02-19,15085.5,15092.55,15080.0,15092.55,11:30:00,15087.010237397695,4,28
2021-02-19,15078.8,15085.55,15071.0,15085.55,11:35:00,15086.228310026489,4,29
2021-02-19,15080.55,15080.9,15067.75,15078.75,11:40:00,15085.687518595392,4,30
2021-02-19,15093.6,15101.1,15081.3,15081.3,11:45:00,15086.441088252974,4,31
2021-02-19,15096.25,15110.85,15089.95,15093.9,11:50:00,15087.37527032412,4,32
2021-02-19,15083.95,15099.6,15076.35,15096.4,11:55:00,15087.049054102776,4,33
2021-02-19,15076.2,15084.55,15074.3,15083.55,12:00:00,15086.015810854891,4,34
2021-02-19,15090.95,15091.2,15077.55,15077.55,12:05:00,15086.485733630618,4,35
2021-02-19,15082.1,15090.8,15077.35,15090.4,12:10:00,15086.068044713416,4,36
2021-02-19,15081.2,15087.3,15076.55,15082.25,12:15:00,15085.604421407375,4,37
2021-02-19,15080.4,15086.7,15073.6,15081.05,12:20:00,15085.108762225722,4,38
2021-02-19,15071.8,15082.05,15070.65,15080.9,12:25:00,15083.841261061369,4,39
2021-02-19,15064.2,15073.0,15059.1,15071.65,12:30:00,15081.970664769808,4,40
2021-02-19,15063.25,15071.85,15061.5,15064.3,12:35:00,15080.18774431554,4,41
2021-02-19,15087.1,15090.35,15063.8,15064.3,12:40:00,15080.846054380729,4,42
2021-02-19,15091.6,15101.1,15087.1,15087.8,12:45:00,15081.8702396778,4,43
2021-02-19,15077.8,15091.5,15073.55,15091.5,12:50:00,15081.482597803724,4,44
2021-02-19,15075.65,15079.9,15070.7,15077.9,12:55:00,15080.927112298608,4,45
2021-02-19,15064.6,15076.0,15057.7,15076.0,13:00:00,15079.372149222549,4,46
2021-02-19,15070.1,15074.95,15062.9,15065.6,13:05:00,15078.48908739183,4,47
2021-02-19,15080.4,15086.45,15064.4,15070.15,13:10:00,15078.6710790688,4,48
2021-02-19,15071.95,15080.0,15068.45,15079.15,13:15:00,15078.030976300342,4,49
2021-02-19,15067.15,15081.8,15066.7,15073.15,13:20:00,15076.994692843167,4,50
2021-02-19,15042.1,15067.5,15041.3,15067.5,13:25:00,15073.671388762868,4,51
2021-02-19,15033.95,15048.75,15022.75,15041.0,13:30:00,15069.888399356878,4,52
2021-02-19,15032.1,15051.75,15030.75,15034.05,13:35:00,15066.289504180031,4,53
2021-02-19,15036.9,15040.25,15011.85,15032.15,13:40:00,15063.490503781935,4,54
2021-02-19,15044.1,15044.85,15024.6,15035.9,13:45:00,15061.643789136037,4,55
2021-02-19,15039.85,15049.1,15033.2,15044.75,13:50:00,15059.5681901707,4,56
2021-02-19,15027.15,15042.0,15024.75,15040.8,13:55:00,15056.480743487777,4,57
2021-02-19,14983.45,15030.15,14982.6,15026.75,14:00:00,15049.525434584177,4,58
2021-02-19,14930.45,14992.5,14929.2,14981.9,14:05:00,15038.184917004732,4,59
2021-02-19,14912.5,14956.9,14909.4,14931.15,14:10:00,15026.214924909043,4,60
2021-02-19,14949.25,14949.25,14908.7,14912.0,14:15:00,15018.884932060564,4,61
2021-02-19,14938.7,14967.05,14930.2,14949.85,14:20:00,15011.24827186432,4,62
2021-02-19,14967.95,14970.4,14938.9,14938.9,14:25:00,15007.12462692486,4,63
2021-02-19,14972.1,14986.6,14949.25,14967.7,14:30:00,15003.788948170111,4,64
2021-02-19,14960.0,14977.95,14951.7,14972.55,14:35:00,14999.61857215391,4,65
2021-02-19,14943.45,14972.9,14941.9,14958.8,14:40:00,14994.269184329729,4,66
2021-02-19,14937.45,14943.85,14923.0,14943.0,14:45:00,14988.857833441183,4,67
2021-02-19,14935.7,14946.05,14922.35,14937.8,14:50:00,14983.79518263726,4,68
2021-02-19,14903.35,14937.05,14898.2,14935.5,14:55:00,14976.133736671807,4,69
2021-02-19,14939.65,14939.65,14903.4,14903.4,15:00:00,14972.659095084016,4,70
2021-02-19,14987.1,14989.75,14938.9,14939.8,15:05:00,14974.034419361727,4,71
2021-02-19,15006.25,15010.5,14982.1,14988.15,15:10:00,14977.102569898703,4,72
2021-02-19,15004.65,15018.4,14984.5,15006.7,15:15:00,14979.726134670256,4,73
2021-02-19,15001.3,15011.65,14984.85,15004.2,15:20:00,14981.780788511183,4,74
2021-02-19,15003.45,15005.55,14994.5,15001.0,15:25:00,14983.844522938689,4,75
2021-02-22,14962.95,15008.55,14958.25,14980.4,09:15:00,14981.8545683731,0,1
2021-02-22,14946.3,14969.15,14923.5,14962.75,09:20:00,14978.468419004234,0,2
2021-02-22,15002.1,15002.55,14945.9,14948.2,09:25:00,14980.719045765734,0,3
2021-02-22,14995.4,15010.1,14984.25,15002.05,09:30:00,14982.117231883283,0,4
2021-02-22,14972.75,15005.3,14971.65,14995.7,09:35:00,14981.225114561066,0,5
2021-02-22,14985.95,14988.15,14971.1,14972.0,09:40:00,14981.675103650488,0,6
2021-02-22,14981.7,14989.1,14970.95,14985.85,09:45:00,14981.677474731396,0,7
2021-02-22,14943.35,14980.65,14943.35,14980.65,09:50:00,14978.02723904269,0,8
2021-02-22,14927.35,14954.6,14920.05,14942.55,09:55:00,14973.200835324338,0,9
2021-02-22,14927.0,14939.35,14917.05,14926.8,10:00:00,14968.80075576964,0,10
2021-02-22,14893.85,14927.2,14892.8,14926.5,10:05:00,14961.662588553483,0,11
2021-02-22,14878.2,14892.4,14866.55,14892.4,10:10:00,14953.71377059601,0,12
2021-02-22,14887.25,14887.5,14854.85,14876.95,10:15:00,14947.383887682105,0,13
2021-02-22,14877.7,14894.05,14870.6,14887.35,10:20:00,14940.747326950475,0,14
2021-02-22,14890.0,14890.25,14867.85,14877.85,10:25:00,14935.914248193289,0,15
2021-02-22,14897.35,14908.95,14889.85,14889.85,10:30:00,14932.24146265107,0,16
2021-02-22,14915.5,14923.45,14896.5,14896.5,10:35:00,14930.647037636683,0,17
2021-02-22,14910.9,14918.25,14904.8,14915.35,10:40:00,14928.766367385571,0,18
2021-02-22,14905.8,14919.8,14905.8,14910.3,10:45:00,14926.579094301233,0,19
2021-02-22,14914.2,14916.65,14898.3,14906.35,10:50:00,14925.40013293921,0,20
2021-02-22,14905.05,14915.25,14901.9,14914.6,10:55:00,14923.462025040237,0,21
2021-02-22,14878.45,14905.2,14874.15,14905.15,11:00:00,14919.175165512595,0,22
2021-02-22,14866.85,14881.65,14862.45,14878.3,11:05:00,14914.191816416158,0,23
2021-02-22,14858.25,14871.6,14854.6,14867.4,11:10:00,14908.864024376522,0,24
2021-02-22,14838.9,14878.9,14838.85,14857.85,11:15:00,14902.200783959712,0,25
2021-02-22,14832.6,14842.85,14828.85,14838.45,11:20:00,14895.57213786831,0,26
2021-02-22,14818.5,14842.7,14818.45,14833.1,11:25:00,14888.231934261805,0,27
2021-02-22,14832.3,14835.4,14817.75,14817.9,11:30:00,14882.905083379728,0,28
2021-02-22,14831.25,14838.65,14824.3,14833.0,11:35:00,14877.985551629276,0,29
2021-02-22,14811.4,14831.8,14811.1,14830.75,11:40:00,14871.644070521728,0,30
2021-02-22,14818.35,14823.9,14805.55,14810.35,11:45:00,14866.568444757751,0,31
2021-02-22,14804.0,14823.4,14802.2,14818.4,11:50:00,14860.609545257015,0,32
2021-02-22,14805.55,14808.65,14794.15,14803.8,11:55:00,14855.36577904206,0,33
2021-02-22,14814.35,14820.1,14803.4,14804.9,12:00:00,14851.459514371389,0,34
2021-02-22,14789.0,14817.3,14778.5,14814.8,12:05:00,14845.51098919316,0,35
2021-02-22,14794.65,14801.4,14788.45,14789.05,12:10:00,14840.667085460478,0,36
2021-02-22,14771.35,14793.4,14770.75,14793.4,12:15:00,14834.065458273766,0,37
2021-02-22,14770.4,14780.3,14768.55,14770.45,12:20:00,14828.002081295312,0,38
2021-02-22,14805.25,14805.45,14764.9,14771.3,12:25:00,14825.835216410043,0,39
2021-02-22,14799.05,14815.45,14797.8,14804.95,12:30:00,14823.284243418611,0,40
2021-02-22,14801.05,14804.85,14794.55,14798.75,12:35:00,14821.166696426362,0,41
2021-02-22,14813.75,14816.1,14796.45,14800.6,12:40:00,14820.460344385758,0,42
2021-02-22,14780.4,14819.25,14780.4,14816.95,12:45:00,14816.645073491876,0,43
2021-02-22,14772.95,14784.15,14771.35,14778.75,12:50:00,14812.483637921225,0,44
2021-02-22,14764.75,14778.0,14757.85,14772.0,12:55:00,14807.93757716682,0,45
2021-02-22,14770.45,14773.0,14752.6,14765.8,13:00:00,14804.367331722362,0,46
2021-02-22,14774.75,14785.65,14768.45,14769.75,13:05:00,14801.54663346309,0,47
2021-02-22,14777.35,14781.9,14761.9,14774.0,13:10:00,14799.242192180893,0,48
2021-02-22,14786.15,14787.9,14773.3,14777.4,13:15:00,14797.995316735092,0,49
2021-02-22,14772.95,14787.3,14771.35,14785.9,13:20:00,14795.610048474608,0,50
2021-02-22,14769.85,14776.4,14766.1,14772.65,13:25:00,14793.156710524643,0,51
2021-02-22,14739.3,14770.55,14733.75,14769.35,13:30:00,14788.027499998489,0,52
2021-02-22,14747.9,14747.9,14729.55,14739.2,13:35:00,14784.205833331966,0,53
2021-02-22,14722.1,14750.75,14718.25,14747.45,13:40:00,14778.290992062255,0,54
2021-02-22,14715.45,14732.8,14712.1,14721.75,13:45:00,14772.306135675371,0,55
2021-02-22,14696.15,14718.5,14693.45,14715.0,13:50:00,14765.053170372958,0,56
2021-02-22,14705.95,14713.05,14695.15,14696.25,13:55:00,14759.424297004103,0,57
2021-02-22,14721.25,14722.0,14705.85,14705.85,14:00:00,14755.78864967038,0,58
2021-02-22,14734.7,14747.1,14716.1,14721.1,14:05:00,14753.78020684463,0,59
2021-02-22,14708.45,14735.1,14702.6,14734.3,14:10:00,14749.463044288,0,60
2021-02-22,14684.15,14714.4,14681.3,14708.85,14:15:00,14743.242754355808,0,61
2021-02-22,14682.5,14693.15,14667.6,14684.35,14:20:00,14737.457730131446,0,62
2021-02-22,14701.05,14701.1,14682.5,14682.65,14:25:00,14733.990327261785,0,63
2021-02-22,14715.3,14719.05,14695.0,14701.55,14:30:00,14732.210296093996,0,64
2021-02-22,14723.75,14732.6,14699.6,14716.35,14:35:00,14731.404553608854,0,65
2021-02-22,14738.55,14739.65,14714.95,14724.15,14:40:00,14732.085072312771,0,66
2021-02-22,14759.6,14764.15,14721.8,14738.0,14:45:00,14734.705541616317,0,67
2021-02-22,14758.8,14768.7,14747.6,14757.1,14:50:00,14737.000251938573,0,68
2021-02-22,14734.65,14763.6,14733.35,14759.7,14:55:00,14736.776418420612,0,69
2021-02-22,14704.9,14735.65,14700.35,14733.05,15:00:00,14733.740569047222,0,70
2021-02-22,14699.35,14716.5,14699.35,14705.35,15:05:00,14730.465276757011,0,71
2021-02-22,14681.95,14704.55,14679.1,14699.0,15:10:00,14725.844774208725,0,72
2021-02-22,14654.55,14690.15,14654.15,14681.35,15:15:00,14719.054795712656,0,73
2021-02-22,14651.95,14659.9,14635.05,14653.8,15:20:00,14712.66386278764,0,74
2021-02-22,14640.9,14656.1,14636.4,14651.85,15:25:00,14705.829209188818,0,75
2021-02-23,14715.5,14782.35,14713.55,14782.35,09:15:00,14706.750236885122,1,1
2021-02-23,14752.0,14769.85,14711.45,14714.2,09:20:00,14711.05973813416,1,2
2021-02-23,14751.45,14772.75,14741.35,14751.0,09:25:00,14714.90642974043,1,3
2021-02-23,14735.85,14770.25,14726.3,14751.6,09:30:00,14716.901055479437,1,4
2021-02-23,14728.4,14738.45,14716.25,14733.25,09:35:00,14717.996193052822,1,5
2021-02-23,14682.1,14736.15,14680.85,14727.4,09:40:00,14714.577508000171,1,6
2021-02-23,14689.35,14690.9,14651.85,14681.35,09:45:00,14712.174888190631,1,7
2021-02-23,14715.25,14719.05,14669.8,14689.45,09:50:00,14712.467755982,1,8
2021-02-23,14717.4,14717.4,14688.6,14715.95,09:55:00,14712.937493507525,1,9
2021-02-23,14754.0,14754.05,14717.3,14717.3,10:00:00,14716.84820841157,1,10
2021-02-23,14753.55,14756.25,14736.35,14754.05,10:05:00,14720.343617134278,1,11
2021-02-23,14754.95,14758.45,14737.25,14753.4,10:10:00,14723.63946312149,1,12
2021-02-23,14776.25,14776.25,14754.3,14754.3,10:15:00,14728.649990443251,1,13
2021-02-23,14800.8,14802.7,14774.85,14774.85,10:20:00,14735.521419924848,1,14
2021-02-23,14797.8,14806.4,14785.1,14799.25,10:25:00,14741.452713265337,1,15
2021-02-23,14828.0,14830.65,14798.35,14798.35,10:30:00,14749.695312001972,1,16
2021-02-23,14830.35,14850.45,14828.1,14828.1,10:35:00,14757.376710858924,1,17
2021-02-23,14846.5,14854.5,14828.05,14831.55,10:40:00,14765.864643158076,1,18
2021-02-23,14818.8,14846.5,14817.1,14845.25,10:45:00,14770.90610571445,1,19
2021-02-23,14823.05,14829.55,14810.05,14819.6,10:50:00,14775.872190884504,1,20
2021-02-23,14812.6,14829.1,14810.4,14823.15,10:55:00,14779.370077466932,1,21
2021-02-23,14809.65,14821.55,14800.05,14811.8,11:00:00,14782.253879612936,1,22
2021-02-23,14832.75,14833.0,14807.7,14809.2,11:05:00,14787.063033935514,1,23
2021-02-23,14824.55,14837.1,14824.35,14832.35,11:10:00,14790.63322117975,1,24
2021-02-23,14825.8,14838.0,14824.3,14824.95,11:15:00,14793.98243821025,1,25
2021-02-23,14809.9,14826.25,14801.55,14825.45,11:20:00,14795.49839647594,1,26
2021-02-23,14790.0,14811.95,14789.7,14809.85,11:25:00,14794.974739668707,1,27
2021-02-23,14769.6,14789.95,14760.75,14789.5,11:30:00,14792.558097795498,1,28
2021-02-23,14752.25,14781.6,14748.05,14769.55,11:35:00,14788.719231338784,1,29
2021-02-23,14733.35,14769.55,14732.6,14752.5,11:40:00,14783.44597121128,1,30
2021-02-23,14719.4,14733.5,14694.55,14733.5,11:45:00,14777.346354905443,1,31
2021-02-23,14747.85,14749.6,14718.7,14718.7,11:50:00,14774.537178247783,1,32
2021-02-23,14757.75,14762.95,14737.9,14743.95,11:55:00,14772.938399367042,1,33
2021-02-23,14750.15,14757.8,14742.6,14757.8,12:00:00,14770.7680756178,1,34
2021-02-23,14736.6,14751.75,14726.15,14749.45,12:05:00,14767.51397317801,1,35
2021-02-23,14726.45,14743.55,14721.25,14736.9,12:10:00,14763.603118589626,1,36
2021-02-23,14742.55,14742.55,14724.75,14725.05,12:15:00,14761.598059676327,1,37
2021-02-23,14747.2,14752.55,14739.45,14741.1,12:20:00,14760.22681589763,1,38
2021-02-23,14747.05,14752.8,14741.1,14746.85,12:25:00,14758.971881050236,1,39
2021-02-23,14724.95,14749.75,14722.2,14747.7,12:30:00,14755.731701902594,1,40
2021-02-23,14700.05,14725.3,14696.75,14725.3,12:35:00,14750.428682673775,1,41
2021-02-23,14727.35,14741.45,14698.85,14700.45,12:40:00,14748.230712895322,1,42
2021-02-23,14715.75,14737.9,14715.55,14726.95,12:45:00,14745.137311667197,1,43
2021-02-23,14718.55,14727.55,14714.45,14715.7,12:50:00,14742.60518674651,1,44
2021-02-23,14721.45,14725.75,14708.9,14718.5,12:55:00,14740.590407056368,1,45
2021-02-23,14735.5,14737.0,14721.0,14721.9,13:00:00,14740.105606384332,1,46
2021-02-23,14773.0,14779.9,14735.65,14736.3,13:05:00,14743.2384057763,1,47
2021-02-23,14779.1,14784.7,14754.85,14774.25,13:10:00,14746.653795702368,1,48
2021-02-23,14753.4,14786.4,14750.95,14774.55,13:15:00,14747.29629134976,1,49
2021-02-23,14756.35,14760.15,14738.45,14752.4,13:20:00,14748.158549316451,1,50
2021-02-23,14760.8,14763.8,14748.9,14755.45,13:25:00,14749.3624970006,1,51
2021-02-23,14748.25,14774.9,14747.7,14759.6,13:30:00,14749.256544905304,1,52
2021-02-23,14720.85,14748.1,14718.85,14748.1,13:35:00,14746.551159676228,1,53
2021-02-23,14751.4,14753.05,14719.45,14721.1,13:40:00,14747.012953992778,1,54
2021-02-23,14740.9,14767.3,14740.8,14751.3,13:45:00,14746.430767898228,1,55
2021-02-23,14736.7,14749.65,14729.85,14740.0,13:50:00,14745.504028098396,1,56
2021-02-23,14739.8,14746.15,14730.45,14737.5,13:55:00,14744.96078732712,1,57
2021-02-23,14737.8,14748.05,14720.85,14739.7,14:00:00,14744.27880758168,1,58
2021-02-23,14727.95,14741.55,14707.25,14738.0,14:05:00,14742.723683050091,1,59
2021-02-23,14738.6,14740.45,14716.35,14728.05,14:10:00,14742.330951331034,1,60
2021-02-23,14748.85,14757.4,14730.1,14738.5,14:15:00,14742.95181310903,1,61
2021-02-23,14753.85,14758.1,14743.45,14748.35,14:20:00,14743.989735670077,1,62
2021-02-23,14756.45,14757.05,14742.05,14753.15,14:25:00,14745.17642751102,1,63
2021-02-23,14743.25,14769.45,14743.25,14756.65,14:30:00,14744.992958224257,1,64
2021-02-23,14736.35,14748.15,14731.75,14742.2,14:35:00,14744.169819345756,1,65
2021-02-23,14725.85,14742.05,14720.0,14736.1,14:40:00,14742.42507464616,1,66
2021-02-23,14732.95,14739.25,14723.4,14725.5,14:45:00,14741.522686584622,1,67
2021-02-23,14726.45,14734.25,14716.75,14733.0,14:50:00,14740.087192624182,1,68
2021-02-23,14707.9,14729.3,14707.75,14726.1,14:55:00,14737.021745707592,1,69
2021-02-23,14682.45,14727.85,14676.2,14708.8,15:00:00,14731.824436592584,1,70
2021-02-23,14711.6,14713.0,14681.85,14682.2,15:05:00,14729.898299774242,1,71
2021-02-23,14726.95,14731.5,14710.65,14710.65,15:10:00,14729.617509319552,1,72
2021-02-23,14715.35,14726.4,14702.45,14725.95,15:15:00,14728.258698908166,1,73
2021-02-23,14710.55,14720.75,14696.45,14715.0,15:20:00,14726.572156155007,1,74
2021-02-23,14717.8,14721.1,14709.3,14710.8,15:25:00,14725.736712711674,1,75
2021-02-25,15144.2,15150.4,15065.35,15080.15,09:15:00,14822.752705045246,3,1
2021-02-25,15145.95,15157.55,15139.3,15146.1,09:20:00,14853.533399802842,3,2
2021-02-25,15148.25,15156.2,15143.35,15145.15,09:25:00,14881.601647440668,3,3
2021-02-25,15161.7,15164.4,15134.55,15147.55,09:30:00,14908.277681017747,3,4
2021-02-25,15148.1,15170.85,15147.25,15160.7,09:35:00,14931.1179018732,3,5
2021-02-25,15148.5,15160.7,15136.25,15147.95,09:40:00,14951.820958837658,3,6
2021-02-25,15149.5,15153.7,15142.9,15147.5,09:45:00,14970.647534186452,3,7
2021-02-25,15161.0,15162.8,15133.3,15148.65,09:50:00,14988.776340454408,3,8
2021-02-25,15140.7,15161.8,15139.85,15160.75,09:55:00,15003.245260411131,3,9
2021-02-25,15142.5,15149.5,15130.8,15141.3,10:00:00,15016.507616562452,3,10
2021-02-25,15121.6,15142.3,15121.6,15142.3,10:05:00,15026.516414985075,3,11
2021-02-25,15118.15,15129.95,15115.05,15120.5,10:10:00,15035.243423081734,3,12
2021-02-25,15130.95,15133.9,15113.25,15117.95,10:15:00,15044.358335169189,3,13
2021-02-25,15127.45,15140.3,15122.75,15131.6,10:20:00,15052.271827057835,3,14
2021-02-25,15129.05,15135.1,15125.1,15127.7,10:25:00,15059.58403400471,3,15
2021-02-25,15127.7,15137.65,15126.25,15128.9,10:30:00,15066.071268861406,3,16
2021-02-25,15126.9,15137.85,15125.6,15127.4,10:35:00,15071.864481350794,3,17
2021-02-25,15137.25,15148.6,15126.15,15126.45,10:40:00,15078.0916736031,3,18
2021-02-25,15133.7,15142.45,15130.7,15137.0,10:45:00,15083.387704688515,3,19
2021-02-25,15134.55,15137.85,15128.8,15134.05,10:50:00,15088.260304241992,3,20
2021-02-25,15132.05,15135.75,15130.05,15134.6,10:55:00,15092.43075145704,3,21
2021-02-25,15141.4,15143.05,15130.5,15131.35,11:00:00,15097.094489413514,3,22
2021-02-25,15140.5,15145.6,15136.05,15141.05,11:05:00,15101.228347564607,3,23
2021-02-25,15136.4,15141.2,15134.85,15140.25,11:10:00,15104.57802874893,3,24
2021-02-25,15136.55,15141.2,15131.05,15136.25,11:15:00,15107.62297839189,3,25
2021-02-25,15131.15,15140.2,15127.65,15136.8,11:20:00,15109.86364711647,3,26
2021-02-25,15133.2,15137.55,15130.2,15130.8,11:25:00,15112.086156914902,3,27
2021-02-25,15125.7,15134.9,15125.7,15133.55,11:30:00,15113.382713399196,3,28
2021-02-25,15093.75,15125.85,15092.5,15125.85,11:35:00,15111.512931170702,3,29
2021-02-25,15092.65,15109.45,15090.4,15094.4,11:40:00,15109.716461535398,3,30
2021-02-25,15098.2,15100.7,15078.0,15092.45,11:45:00,15108.619655674884,3,31
2021-02-25,15093.65,15102.65,15092.2,15097.75,11:50:00,15107.193974182035,3,32
2021-02-25,15086.95,15105.4,15086.95,15094.15,11:55:00,15105.26597664089,3,33
2021-02-25,15080.25,15093.65,15078.25,15086.6,12:00:00,15102.883502675091,3,34
2021-02-25,15084.5,15095.8,15078.6,15079.85,12:05:00,15101.132692896512,3,35
2021-02-25,15083.7,15089.9,15075.5,15084.35,12:10:00,15099.472436430176,3,36
2021-02-25,15081.7,15094.9,15080.4,15084.35,12:15:00,15097.779823436827,3,37
2021-02-25,15082.5,15091.35,15076.1,15081.55,12:20:00,15096.324602157129,3,38
2021-02-25,15095.8,15095.8,15080.2,15081.75,12:25:00,15096.274640046926,3,39
2021-02-25,15104.15,15114.0,15090.05,15095.3,12:30:00,15097.024674328171,3,40
2021-02-25,15113.1,15114.4,15097.85,15104.45,12:35:00,15098.555657725488,3,41
2021-02-25,15120.1,15124.95,15110.25,15113.55,12:40:00,15100.60749984687,3,42
2021-02-25,15127.65,15127.65,15114.55,15120.05,12:45:00,15103.18297605193,3,43
2021-02-25,15131.15,15131.7,15124.2,15128.3,12:50:00,15105.846502142222,3,44
2021-02-25,15120.1,15133.4,15118.6,15131.3,12:55:00,15107.203978128677,3,45
2021-02-25,15106.7,15122.35,15106.7,15119.3,13:00:00,15107.15598021166,3,46
2021-02-25,15119.35,15119.55,15101.2,15106.9,13:05:00,15108.317315429598,3,47
2021-02-25,15130.9,15133.55,15117.85,15119.45,13:10:00,15110.468047293443,3,48
2021-02-25,15137.3,15148.6,15131.0,15131.0,13:15:00,15113.023471360735,3,49
2021-02-25,15121.45,15137.95,15116.9,15136.05,13:20:00,15113.825997897808,3,50
2021-02-25,15127.4,15131.15,15114.5,15121.75,13:25:00,15115.11876000278,3,51
2021-02-25,15133.3,15137.35,15126.35,15126.8,13:30:00,15116.85030666918,3,52
2021-02-25,15144.55,15145.25,15127.05,15132.75,13:35:00,15119.488372700687,3,53
2021-02-25,15138.6,15146.7,15136.8,15144.0,13:40:00,15121.308527681576,3,54
2021-02-25,15136.35,15146.9,15131.8,15138.8,13:45:00,15122.74104885476,3,55
2021-02-25,15129.25,15145.45,15126.25,15135.35,13:50:00,15123.36094896383,3,56
2021-02-25,15126.35,15137.5,15126.15,15129.1,13:55:00,15123.645620491085,3,57
2021-02-25,15134.75,15137.2,15118.2,15125.85,14:00:00,15124.703180444314,3,58
2021-02-25,15137.7,15141.7,15131.6,15134.85,14:05:00,15125.940972782952,3,59
2021-02-25,15139.75,15144.65,15131.25,15137.75,14:10:00,15127.256118232195,3,60
2021-02-25,15116.6,15140.55,15116.6,15140.25,14:15:00,15126.241249829129,3,61
2021-02-25,15142.4,15142.95,15113.2,15117.15,14:20:00,15127.780178416831,3,62
2021-02-25,15167.4,15176.5,15142.65,15142.65,14:25:00,15131.553494758084,3,63
2021-02-25,15150.85,15169.6,15150.85,15167.35,14:30:00,15133.39125716208,3,64
2021-02-25,15162.9,15173.7,15150.8,15150.8,14:35:00,15136.201613622834,3,65
2021-02-25,15149.75,15163.85,15147.5,15162.45,14:40:00,15137.491936134946,3,66
2021-02-25,15142.2,15151.55,15133.85,15149.15,14:45:00,15137.940323169712,3,67
2021-02-25,15142.3,15145.65,15130.65,15142.65,14:50:00,15138.355530486882,3,68
2021-02-25,15111.7,15142.15,15108.45,15142.15,14:55:00,15135.816908535751,3,69
2021-02-25,15101.1,15124.35,15082.5,15112.1,15:00:00,15132.510536294252,3,70
2021-02-25,15105.75,15110.6,15090.9,15101.95,15:05:00,15129.961913790035,3,71
2021-02-25,15095.7,15107.85,15093.55,15106.1,15:10:00,15126.698874381462,3,72
2021-02-25,15093.3,15097.4,15088.85,15095.8,15:15:00,15123.518029202276,3,73
2021-02-25,15097.6,15105.35,15084.25,15092.95,15:20:00,15121.049645468724,3,74
2021-02-25,15103.8,15107.05,15089.7,15098.5,15:25:00,15119.406822090752,3,75
2021-02-26,14841.5,14899.5,14777.55,14899.5,09:15:00,15092.939505701155,4,1
2021-02-26,14871.65,14883.3,14810.9,14844.5,09:20:00,15071.864314682,4,2
2021-02-26,14900.45,14908.65,14870.35,14872.2,09:25:00,15055.539141855144,4,3
2021-02-26,14909.7,14919.45,14880.45,14901.1,09:30:00,15041.6496997737,4,4
2021-02-26,14880.75,14911.65,14875.65,14910.65,09:35:00,15026.325918842873,4,5
2021-02-26,14872.85,14886.45,14863.35,14881.4,09:40:00,15011.709164667362,4,6
2021-02-26,14899.65,14899.65,14859.9,14873.35,09:45:00,15001.03686327047,4,7
2021-02-26,14870.05,14901.25,14869.5,14899.7,09:50:00,14988.561923911377,4,8
2021-02-26,14879.0,14880.8,14854.9,14870.2,09:55:00,14978.127454967436,4,9
2021-02-26,14866.75,14879.7,14856.95,14879.5,10:00:00,14967.52007830387,4,10
2021-02-26,14868.85,14880.85,14858.65,14866.15,10:05:00,14958.122927989218,4,11
2021-02-26,14877.6,14883.5,14865.45,14869.3,10:10:00,14950.45407770453,4,12
2021-02-26,14841.85,14877.4,14837.8,14877.4,10:15:00,14940.11083220886,4,13
2021-02-26,14824.3,14841.5,14822.6,14841.5,10:20:00,14929.081229141351,4,14
2021-02-26,14810.6,14824.55,14775.85,14824.55,10:25:00,14917.79730255646,4,15
2021-02-26,14794.25,14811.35,14788.95,14811.35,10:30:00,14906.030892789178,4,16
2021-02-26,14796.15,14805.95,14782.5,14793.35,10:35:00,14895.566045856876,4,17
2021-02-26,14790.25,14797.25,14785.35,14797.0,10:40:00,14885.53594625146,4,18
2021-02-26,14791.35,14798.9,14775.1,14790.2,10:45:00,14876.565856132273,4,19
2021-02-26,14790.15,14798.6,14785.1,14792.2,10:50:00,14868.335774595866,4,20
2021-02-26,14765.6,14798.75,14763.35,14790.8,10:55:00,14858.551415110544,4,21
2021-02-26,14737.6,14764.35,14729.25,14763.25,11:00:00,14847.032232719066,4,22
2021-02-26,14715.4,14741.3,14714.35,14737.8,11:05:00,14834.495829602964,4,23
2021-02-26,14744.45,14747.4,14706.4,14716.35,11:10:00,14825.920036307443,4,24
2021-02-26,14698.6,14744.95,14688.7,14744.95,11:15:00,14813.79431856388,4,25
2021-02-26,14679.6,14699.8,14676.65,14699.8,11:20:00,14801.01390727208,4,26
2021-02-26,14685.2,14686.35,14662.3,14680.55,11:25:00,14789.984011341408,4,27
2021-02-26,14662.2,14685.25,14640.85,14685.25,11:30:00,14777.814105499368,4,28
2021-02-26,14672.5,14677.4,14634.8,14663.65,11:35:00,14767.784190689905,4,29
2021-02-26,14666.5,14674.85,14653.5,14671.65,11:40:00,14758.138077290863,4,30
2021-02-26,14655.9,14667.5,14653.65,14667.5,11:45:00,14748.401117548878,4,31
2021-02-26,14694.45,14695.85,14647.2,14657.65,11:50:00,14743.262915877556,4,32
2021-02-26,14676.95,14703.8,14664.5,14695.35,11:55:00,14736.947400079693,4,33
2021-02-26,14620.45,14676.4,14617.7,14675.05,12:00:00,14725.852409595913,4,34
2021-02-26,14622.4,14632.9,14612.05,14620.75,12:05:00,14715.999799158206,4,35
2021-02-26,14608.8,14637.65,14608.1,14622.15,12:10:00,14705.790294476472,4,36
2021-02-26,14622.2,14628.1,14585.25,14607.5,12:15:00,14697.82931405014,4,37
2021-02-26,14608.5,14630.95,14605.95,14620.7,12:20:00,14689.32176033108,4,38
2021-02-26,14619.2,14627.4,14607.25,14610.95,12:25:00,14682.643497442405,4,39
2021-02-26,14592.95,14623.2,14592.95,14618.05,12:30:00,14674.101259590749,4,40
2021-02-26,14570.95,14590.95,14565.35,14590.95,12:35:00,14664.277330105915,4,41
2021-02-26,14565.5,14582.75,14554.1,14570.0,12:40:00,14654.869965333924,4,42
2021-02-26,14588.55,14589.45,14560.05,14565.6,12:45:00,14648.553778159265,4,43
2021-02-26,14595.3,14599.3,14582.4,14589.6,12:50:00,14643.481989763144,4,44
2021-02-26,14652.25,14652.25,14595.0,14595.0,12:55:00,14644.31703835713,4,45
2021-02-26,14618.55,14653.85,14609.9,14653.2,13:00:00,14641.86303470407,4,46
2021-02-26,14609.55,14625.1,14596.05,14618.6,13:05:00,14638.785602827493,4,47
2021-02-26,14591.15,14610.25,14585.05,14609.35,13:10:00,14634.248878748684,4,48
2021-02-26,14580.2,14594.15,14577.25,14590.35,13:15:00,14629.101366486904,4,49
2021-02-26,14618.25,14618.25,14569.55,14579.35,13:20:00,14628.06790301196,4,50
2021-02-26,14605.95,14625.85,14599.95,14616.55,13:25:00,14625.96143605844,4,51
2021-02-26,14595.75,14614.45,14587.65,14605.7,13:30:00,14623.084156433826,4,52
2021-02-26,14615.3,14619.65,14587.65,14594.3,13:35:00,14622.342808202033,4,53
2021-02-26,14618.5,14626.9,14604.0,14613.85,13:40:00,14621.976826468506,4,54
2021-02-26,14620.15,14629.5,14589.3,14618.9,13:45:00,14621.802842995316,4,55
2021-02-26,14621.95,14636.25,14611.75,14620.05,13:50:00,14621.816857948144,4,56
2021-02-26,14655.75,14656.85,14621.65,14621.65,13:55:00,14625.048585762604,4,57
2021-02-26,14679.8,14680.8,14637.3,14656.2,14:00:00,14630.263006166166,4,58
2021-02-26,14676.15,14688.65,14660.2,14678.7,14:05:00,14634.633196055103,4,59
2021-02-26,14688.1,14692.5,14665.8,14675.3,14:10:00,14639.725272621285,4,60
2021-02-26,14647.05,14697.65,14646.0,14686.85,14:15:00,14640.422865704972,4,61
2021-02-26,14650.5,14664.0,14633.45,14645.45,14:20:00,14641.382592780688,4,62
2021-02-26,14670.65,14679.9,14649.75,14649.75,14:25:00,14644.169964896812,4,63
2021-02-26,14643.7,14671.15,14640.4,14669.1,14:30:00,14644.125206335211,4,64
2021-02-26,14664.3,14665.1,14642.4,14643.35,14:35:00,14646.046615255667,4,65
2021-02-26,14666.55,14677.7,14656.65,14664.4,14:40:00,14647.99931856465,4,66
2021-02-26,14684.7,14687.9,14665.0,14668.85,14:45:00,14651.494621558491,4,67
2021-02-26,14673.0,14684.35,14664.1,14684.35,14:50:00,14653.542752838635,4,68
2021-02-26,14654.75,14676.05,14647.3,14673.45,14:55:00,14653.657728758764,4,69
2021-02-26,14548.4,14656.1,14547.75,14655.35,15:00:00,14643.63318316269,4,70
2021-02-26,14532.35,14562.15,14532.1,14547.7,15:05:00,14633.034784766243,4,71
2021-02-26,14548.3,14561.05,14514.45,14533.0,15:10:00,14624.964805264695,4,72
2021-02-26,14505.2,14548.7,14492.75,14548.7,15:15:00,14613.558633334726,4,73
2021-02-26,14478.2,14512.75,14467.75,14505.35,15:20:00,14600.667334921896,4,74
2021-02-26,14523.15,14523.25,14476.7,14477.7,15:25:00,14593.284731596,4,75
2021-03-01,14702.4,14710.3,14638.85,14708.1,09:15:00,14603.67666192019,0,1
2021-03-01,14705.25,14732.15,14687.45,14703.55,09:20:00,14613.350313165884,0,2
2021-03-01,14679.85,14713.6,14662.15,14704.8,09:25:00,14619.683616673898,0,3
2021-03-01,14672.1,14683.4,14647.45,14680.15,09:30:00,14624.675653181146,0,4
2021-03-01,14733.85,14735.55,14671.6,14672.4,09:35:00,14635.073210021035,0,5
2021-03-01,14740.35,14745.8,14725.5,14734.25,09:40:00,14645.099570971415,0,6
2021-03-01,14758.25,14766.35,14741.65,14742.4,09:45:00,14655.87580230747,0,7
2021-03-01,14756.25,14760.3,14738.9,14759.75,09:50:00,14665.43524970676,0,8
2021-03-01,14738.9,14761.8,14726.7,14757.05,09:55:00,14672.43189259183,0,9
2021-03-01,14746.45,14758.45,14736.85,14739.4,10:00:00,14679.481236154512,0,10
2021-03-01,14735.15,14748.1,14728.65,14745.1,10:05:00,14684.783023187416,0,11
2021-03-01,14735.1,14746.25,14730.75,14736.8,10:10:00,14689.575116217184,0,12
2021-03-01,14751.65,14756.65,14737.55,14737.55,10:15:00,14695.487009910788,0,13
2021-03-01,14770.2,14772.6,14752.0,14752.4,10:20:00,14702.602532776426,0,14
2021-03-01,14785.3,14789.1,14769.9,14769.9,10:25:00,14710.478482035816,0,15
2021-03-01,14787.75,14794.45,14776.6,14786.75,10:30:00,14717.83767422288,0,16
2021-03-01,14793.25,14797.95,14778.4,14786.55,10:35:00,14725.019800487367,0,17
2021-03-01,14799.8,14806.8,14792.15,14795.9,10:40:00,14732.141724250476,0,18
2021-03-01,14785.9,14802.4,14783.05,14798.8,10:45:00,14737.261560036144,0,19
2021-03-01,14779.75,14795.8,14776.95,14786.2,10:50:00,14741.30807812794,0,20
2021-03-01,14792.75,14795.95,14779.05,14779.7,10:55:00,14746.207308782425,0,21
2021-03-01,14786.4,14801.0,14784.85,14793.35,11:00:00,14750.03518413648,0,22
2021-03-01,14788.3,14788.95,14775.55,14786.3,11:05:00,14753.679452313956,0,23
2021-03-01,14786.5,14794.95,14782.15,14789.1,11:10:00,14756.805218760246,0,24
2021-03-01,14777.15,14792.85,14777.15,14787.0,11:15:00,14758.742816973556,0,25
2021-03-01,14748.5,14776.95,14747.75,14776.35,11:20:00,14757.767310595122,0,26
2021-03-01,14739.85,14756.9,14739.85,14748.3,11:25:00,14756.060900062252,0,27
2021-03-01,14735.95,14742.15,14730.2,14739.15,11:30:00,14754.145576246798,0,28
2021-03-01,14730.85,14758.2,14730.4,14735.55,11:35:00,14751.92694993758,0,29
2021-03-01,14693.5,14731.95,14689.6,14731.4,11:40:00,14746.362478514951,0,30
2021-03-01,14695.75,14701.85,14678.9,14692.6,11:45:00,14741.54224246591,0,31
2021-03-01,14701.25,14714.35,14691.25,14695.2,11:50:00,14737.704886040585,0,32
2021-03-01,14689.75,14704.4,14688.75,14700.7,11:55:00,14733.13775403672,0,33
2021-03-01,14683.75,14698.4,14683.6,14689.0,12:00:00,14728.434158414177,0,34
2021-03-01,14691.1,14698.65,14676.1,14683.0,12:05:00,14724.878524279491,0,35
2021-03-01,14708.95,14709.05,14686.75,14690.9,12:10:00,14723.36152196716,0,36
2021-03-01,14695.2,14710.5,14690.8,14707.95,12:15:00,14720.679472256,0,37
2021-03-01,14661.85,14699.35,14661.85,14693.95,12:20:00,14715.076665374478,0,38
2021-03-01,14644.0,14676.5,14638.55,14661.55,12:25:00,14708.307459148336,0,39
2021-03-01,14646.0,14660.2,14638.9,14643.85,12:30:00,14702.373415419925,0,40
2021-03-01,14649.8,14669.35,14639.55,14646.2,12:35:00,14697.36642347517,0,41
2021-03-01,14659.8,14662.3,14645.6,14648.45,12:40:00,14693.788668858488,0,42
2021-03-01,14689.55,14706.45,14655.05,14658.8,12:45:00,14693.38498611006,0,43
2021-03-01,14696.9,14705.55,14682.35,14688.0,12:50:00,14693.719749337675,0,44
2021-03-01,14693.15,14702.7,14686.4,14696.3,12:55:00,14693.665487495991,0,45
2021-03-01,14718.9,14731.55,14693.35,14693.35,13:00:00,14696.068774401136,0,46
2021-03-01,14731.8,14735.1,14719.9,14719.9,13:05:00,14699.471748267692,0,47
2021-03-01,14727.65,14735.5,14718.5,14733.0,13:10:00,14702.155391289818,0,48
2021-03-01,14717.0,14742.1,14706.85,14727.85,13:15:00,14703.56916354793,0,49
2021-03-01,14721.4,14722.05,14697.3,14716.35,13:20:00,14705.267338448128,0,50
2021-03-01,14740.9,14740.9,14715.8,14721.6,13:25:00,14708.660925262591,0,51
2021-03-01,14751.85,14758.05,14737.35,14740.0,13:30:00,14712.774170475675,0,52
2021-03-01,14765.2,14765.2,14738.9,14752.85,13:35:00,14717.767106620851,0,53
2021-03-01,14759.15,14775.8,14756.5,14766.2,13:40:00,14721.708334561725,0,54
2021-03-01,14748.05,14766.5,14745.4,14759.85,13:45:00,14724.217064603465,0,55
2021-03-01,14749.2,14764.75,14738.05,14748.4,13:50:00,14726.596391784084,0,56
2021-03-01,14722.6,14749.8,14718.75,14749.3,13:55:00,14726.215783042744,0,57
2021-03-01,14759.3,14759.3,14726.0,14726.3,14:00:00,14729.366660848196,0,58
2021-03-01,14756.3,14766.05,14753.85,14759.95,14:05:00,14731.931740767415,0,59
2021-03-01,14749.9,14761.45,14747.2,14756.7,14:10:00,14733.643003551471,0,60
2021-03-01,14749.65,14763.6,14739.95,14751.4,14:15:00,14735.167479403712,0,61
2021-03-01,14734.4,14749.55,14720.9,14749.55,14:20:00,14735.094386127168,0,62
2021-03-01,14728.65,14747.9,14728.65,14732.7,14:25:00,14734.48063506744,0,63
2021-03-01,14750.15,14775.05,14728.3,14728.3,14:30:00,14735.972955537209,0,64
2021-03-01,14761.1,14766.6,14750.75,14751.9,14:35:00,14738.366007390809,0,65
2021-03-01,14760.35,14771.25,14757.2,14762.5,14:40:00,14740.459720972634,0,66
2021-03-01,14736.15,14761.8,14733.45,14760.9,14:45:00,14740.049271356194,0,67
2021-03-01,14706.8,14739.1,14704.1,14737.0,14:50:00,14736.882674084176,0,68
2021-03-01,14725.7,14726.7,14707.0,14707.65,14:55:00,14735.817657504733,0,69
2021-03-01,14734.05,14749.15,14725.0,14726.65,15:00:00,14735.649309170947,0,70
2021-03-01,14744.55,14749.55,14729.1,14734.5,15:05:00,14736.49699401181,0,71
2021-03-01,14761.25,14765.5,14741.55,14746.4,15:10:00,14738.854423153543,0,72
2021-03-01,14784.55,14784.55,14759.0,14762.2,15:15:00,14743.206382853205,0,73
2021-03-01,14777.05,14786.0,14762.95,14784.45,15:20:00,14746.429584486234,0,74
2021-03-01,14785.8,14789.1,14777.9,14778.15,15:25:00,14750.179147868495,0,75
2021-03-02,14849.05,14863.3,14813.65,14834.7,09:15:00,14759.59541950007,1,1
2021-03-02,14878.55,14884.7,14851.9,14851.9,09:20:00,14770.92442716673,1,2
2021-03-02,14883.05,14886.3,14870.6,14878.65,09:25:00,14781.603053150851,1,3
2021-03-02,14891.35,14906.9,14884.25,14884.25,09:30:00,14792.05514332696,1,4
2021-03-02,14884.3,14905.15,14879.6,14890.0,09:35:00,14800.840367772013,1,5
2021-03-02,14882.6,14891.05,14873.5,14883.05,09:40:00,14808.626999412772,1,6
2021-03-02,14865.05,14882.0,14860.95,14882.0,09:45:00,14814.000618516318,1,7
2021-03-02,14885.35,14888.85,14865.5,14865.5,09:50:00,14820.79579770524,1,8
2021-03-02,14899.25,14903.5,14885.3,14885.3,09:55:00,14828.267626495215,1,9
2021-03-02,14920.75,14922.3,14899.2,14899.2,10:00:00,14837.07547159091,1,10
2021-03-02,14917.0,14933.65,14912.8,14921.6,10:05:00,14844.687331439394,1,11
2021-03-02,14920.95,14924.95,14910.05,14917.85,10:10:00,14851.95044273088,1,12
2021-03-02,14902.8,14925.35,14897.95,14921.45,10:15:00,14856.79325770889,1,13
2021-03-02,14901.9,14909.25,14899.15,14903.4,10:20:00,14861.089137927092,1,14
2021-03-02,14902.05,14912.05,14899.35,14902.4,10:25:00,14864.990172410227,1,15
2021-03-02,14883.3,14902.8,14876.35,14901.9,10:30:00,14866.733965514017,1,16
2021-03-02,14870.7,14884.75,14863.6,14881.85,10:35:00,14867.111683084113,1,17
2021-03-02,14873.15,14879.25,14849.45,14869.95,10:40:00,14867.686760885625,1,18
2021-03-02,14853.2,14871.75,14851.8,14871.75,10:45:00,14866.307069372708,1,19
2021-03-02,14854.2,14861.0,14834.1,14853.6,10:50:00,14865.154015146734,1,20
2021-03-02,14865.1,14869.7,14845.25,14853.65,10:55:00,14865.148870847046,1,21
2021-03-02,14856.8,14868.5,14851.25,14865.45,11:00:00,14864.353740290184,1,22
2021-03-02,14825.95,14856.9,14819.35,14856.55,11:05:00,14860.696241214928,1,23
2021-03-02,14809.95,14830.3,14807.2,14826.45,11:10:00,14855.863265861126,1,24
2021-03-02,14765.9,14808.3,14764.9,14808.3,11:15:00,14847.295335779114,1,25
2021-03-02,14788.2,14796.4,14760.8,14762.6,11:20:00,14841.667208562056,1,26
2021-03-02,14790.6,14804.55,14784.65,14788.45,11:25:00,14836.80366488948,1,27
2021-03-02,14808.45,14809.9,14777.7,14791.05,11:30:00,14834.103315852388,1,28
2021-03-02,14825.05,14830.3,14809.05,14810.35,11:35:00,14833.241095295018,1,29
2021-03-02,14826.95,14838.25,14821.15,14824.1,11:40:00,14832.64194336216,1,30
2021-03-02,14845.7,14850.9,14827.85,14828.15,11:45:00,14833.885567803858,1,31
2021-03-02,14847.25,14856.1,14837.0,14846.0,11:50:00,14835.158370870156,1,32
2021-03-02,14841.45,14848.95,14838.1,14848.55,11:55:00,14835.757573644429,1,33
2021-03-02,14823.1,14847.0,14818.65,14841.55,12:00:00,14834.552090440196,1,34
2021-03-02,14809.6,14830.1,14809.6,14823.7,12:05:00,14832.175700874464,1,35
2021-03-02,14835.2,14835.5,14806.05,14808.5,12:10:00,14832.463729362613,1,36
2021-03-02,14848.55,14849.85,14836.15,14836.3,12:15:00,14833.9957551376,1,37
2021-03-02,14823.05,14848.65,14822.0,14848.05,12:20:00,14832.953302267351,1,38
2021-03-02,14820.8,14830.45,14816.65,14822.95,12:25:00,14831.795844908558,1,39
2021-03-02,14830.9,14834.5,14814.55,14820.75,12:30:00,14831.71052634584,1,40
2021-03-02,14822.4,14833.3,14810.25,14833.1,12:35:00,14830.823809550997,1,41
2021-03-02,14824.2,14836.4,14822.3,14824.25,12:40:00,14830.19297054614,1,42
2021-03-02,14798.45,14825.55,14792.75,14825.55,12:45:00,14827.169830494127,1,43
2021-03-02,14805.65,14812.8,14785.0,14800.6,12:50:00,14825.12032282802,1,44
2021-03-02,14813.95,14818.85,14805.15,14806.25,12:55:00,14824.056482558684,1,45
2021-03-02,14814.45,14829.9,14807.65,14815.65,13:00:00,14823.141579457855,1,46
2021-03-02,14819.1,14823.05,14807.35,14813.65,13:05:00,14822.75666712854,1,47
2021-03-02,14810.25,14823.1,14803.6,14821.05,13:10:00,14821.56555597344,1,48
2021-03-02,14815.4,14825.1,14798.65,14812.55,13:15:00,14820.978360166446,1,49
2021-03-02,14812.4,14824.55,14808.8,14818.35,13:20:00,14820.161373483928,1,50
2021-03-02,14813.4,14825.45,14807.8,14813.75,13:25:00,14819.517433152125,1,51
2021-03-02,14798.9,14819.3,14796.9,14815.1,13:30:00,14817.553868090015,1,52
2021-03-02,14796.6,14805.8,14783.9,14799.95,13:35:00,14815.558261605254,1,53
2021-03-02,14840.25,14847.45,14798.2,14798.8,13:40:00,14817.909855738088,1,54
2021-03-02,14860.2,14871.0,14842.35,14842.55,13:45:00,14821.937488524936,1,55
2021-03-02,14848.2,14864.95,14844.75,14861.4,13:50:00,14824.43868009399,1,56
2021-03-02,14828.3,14852.5,14827.05,14849.7,13:55:00,14824.806424846944,1,57
2021-03-02,14846.6,14848.7,14819.05,14829.3,14:00:00,14826.88200343295,1,58
2021-03-02,14847.75,14855.75,14840.7,14848.25,14:05:00,14828.86943167743,1,59
2021-03-02,14856.95,14858.8,14841.45,14851.4,14:10:00,14831.543771517676,1,60
2021-03-02,14848.55,14862.45,14844.8,14859.05,14:15:00,14833.163412325515,1,61
2021-03-02,14852.5,14852.75,14838.15,14850.2,14:20:00,14835.004992104035,1,62
2021-03-02,14843.05,14855.0,14837.7,14853.15,14:25:00,14835.771183332225,1,63
2021-03-02,14846.3,14856.4,14843.1,14844.35,14:30:00,14836.773927776774,1,64
2021-03-02,14856.0,14859.25,14832.6,14847.35,14:35:00,14838.604982274224,1,65
2021-03-02,14850.95,14858.05,14846.15,14857.2,14:40:00,14839.780698248109,1,66
2021-03-02,14828.45,14864.15,14828.45,14852.75,14:45:00,14838.70158412924,1,67
2021-03-02,14839.2,14843.55,14810.1,14829.1,14:50:00,14838.749052307408,1,68
2021-03-02,14837.35,14842.55,14826.6,14839.55,14:55:00,14838.615809230512,1,69
2021-03-02,14869.9,14874.4,14836.85,14838.75,15:00:00,14841.595255970462,1,70
2021-03-02,14888.15,14888.15,14859.7,14869.55,15:05:00,14846.029041116131,1,71
2021-03-02,14932.8,14935.85,14888.9,14889.25,15:10:00,14854.292941962214,1,72
2021-03-02,14949.6,14949.95,14929.85,14934.05,15:15:00,14863.36980463248,1,73
2021-03-02,14953.55,14957.2,14933.75,14948.8,15:20:00,14871.95839466748,1,74
2021-03-02,14944.75,14959.1,14940.35,14953.4,15:25:00,14878.890928508672,1,75
2021-03-03,15037.0,15064.8,15020.1,15064.8,09:15:00,14893.94893531737,2,1
2021-03-03,15026.45,15054.3,15019.5,15037.6,09:20:00,14906.568084334764,2,2
2021-03-03,15030.05,15037.45,15014.2,15026.85,09:25:00,14918.328266779072,2,3
2021-03-03,15027.6,15038.95,15021.05,15031.05,09:30:00,14928.735098514398,2,4
2021-03-03,15025.55,15036.25,15022.0,15027.55,09:35:00,14937.95556532255,2,5
2021-03-03,15004.45,15025.4,15004.45,15025.4,09:40:00,14944.288368625164,2,6
2021-03-03,15019.9,15021.2,14995.8,15004.2,09:45:00,14951.489476375147,2,7
2021-03-03,15031.85,15036.25,15019.7,15020.15,09:50:00,14959.142859577516,2,8
2021-03-03,15036.75,15041.9,15032.65,15032.65,09:55:00,14966.534015808227,2,9
2021-03-03,15039.8,15040.6,15027.6,15037.1,10:00:00,14973.511728588395,2,10
2021-03-03,15045.3,15047.05,15033.15,15039.2,10:05:00,14980.348706818071,2,11
2021-03-03,15036.85,15046.3,15036.85,15044.4,10:10:00,14985.729782359207,2,12
2021-03-03,15047.25,15050.7,15037.45,15037.45,10:15:00,14991.58885070595,2,13
2021-03-03,15047.45,15049.8,15038.95,15047.55,10:20:00,14996.908960162527,2,14
2021-03-03,15048.95,15051.4,15043.15,15047.1,10:25:00,15001.865249670858,2,15
2021-03-03,15066.7,15070.95,15036.8,15049.05,10:30:00,15008.039987797443,2,16
2021-03-03,15074.65,15080.75,15062.2,15067.9,10:35:00,15014.3837984834,2,17
2021-03-03,15088.9,15090.65,15074.15,15074.15,10:40:00,15021.48057958022,2,18
2021-03-03,15079.2,15090.0,15077.5,15088.35,10:45:00,15026.977667239244,2,19
2021-03-03,15083.75,15084.3,15077.0,15079.4,10:50:00,15032.384556073604,2,20
2021-03-03,15076.35,15085.35,15069.25,15084.15,10:55:00,15036.571741209453,2,21
2021-03-03,15070.6,15079.5,15069.3,15077.35,11:00:00,15039.81252776093,2,22
2021-03-03,15077.7,15079.2,15065.55,15070.1,11:05:00,15043.420858450369,2,23
2021-03-03,15064.6,15077.8,15064.6,15077.3,11:10:00,15045.437919550332,2,24
2021-03-03,15066.8,15071.0,15063.15,15064.9,11:15:00,15047.47240340268,2,25
2021-03-03,15067.95,15070.5,15059.15,15066.0,11:20:00,15049.422650697665,2,26
2021-03-03,15072.6,15073.25,15067.9,15067.9,11:25:00,15051.630017297886,2,27
2021-03-03,15078.0,15082.6,15068.65,15072.7,11:30:00,15054.141444221896,2,28
2021-03-03,15077.0,15087.6,15075.8,15077.3,11:35:00,15056.318449534096,2,29
2021-03-03,15078.3,15080.0,15067.05,15076.65,11:40:00,15058.41193053085,2,30
2021-03-03,15087.3,15087.85,15072.8,15078.95,11:45:00,15061.163175242198,2,31
2021-03-03,15094.75,15099.15,15087.2,15087.25,11:50:00,15064.361920457228,2,32
2021-03-03,15095.55,15095.55,15088.1,15095.4,11:55:00,15067.332213747017,2,33
2021-03-03,15109.2,15110.55,15093.65,15094.9,12:00:00,15071.319621961586,2,34
2021-03-03,15099.9,15108.0,15098.05,15107.8,12:05:00,15074.04156272715,2,35
2021-03-03,15109.0,15109.85,15092.65,15100.5,12:10:00,15077.370937705518,2,36
2021-03-03,15099.8,15110.75,15099.8,15107.8,12:15:00,15079.507038876422,2,37
2021-03-03,15107.15,15112.3,15096.5,15100.2,12:20:00,15082.139701840571,2,38
2021-03-03,15101.95,15110.65,15101.1,15107.55,12:25:00,15084.026396903371,2,39
2021-03-03,15098.25,15101.35,15091.65,15101.35,12:30:00,15085.38102576972,2,40
2021-03-03,15103.55,15109.2,15098.2,15098.55,12:35:00,15087.11140426784,2,41
2021-03-03,15112.5,15113.75,15101.65,15103.5,12:40:00,15089.52936576614,2,42
2021-03-03,15121.85,15122.85,15108.85,15113.4,12:45:00,15092.60752140746,2,43
2021-03-03,15125.2,15128.9,15119.15,15121.8,12:50:00,15095.7115669877,2,44
2021-03-03,15134.25,15135.3,15123.85,15126.2,12:55:00,15099.381893941252,2,45
2021-03-03,15121.15,15139.75,15120.9,15133.6,13:00:00,15101.45504689923,2,46
2021-03-03,15128.5,15128.75,15115.95,15120.5,13:05:00,15104.03075671835,2,47
2021-03-03,15123.5,15131.35,15121.75,15128.2,13:10:00,15105.884970364225,2,48
2021-03-03,15128.95,15132.1,15123.35,15123.35,13:15:00,15108.081639853344,2,49
2021-03-03,15134.2,15138.5,15126.85,15128.5,13:20:00,15110.569102724456,2,50
2021-03-03,15139.95,15146.85,15131.05,15134.75,13:25:00,15113.367283417365,2,51
2021-03-03,15136.9,15141.5,15136.2,15140.5,13:30:00,15115.608494520471,2,52
2021-03-03,15149.85,15154.35,15134.0,15137.0,13:35:00,15118.869590280428,2,53
2021-03-03,15154.9,15157.25,15149.9,15150.45,13:40:00,15122.30105787277,2,54
2021-03-03,15163.4,15166.75,15155.0,15155.2,13:45:00,15126.215242837268,2,55
2021-03-03,15138.45,15172.25,15137.55,15162.95,13:50:00,15127.380457805148,2,56
2021-03-03,15147.35,15147.35,15130.25,15137.8,13:55:00,15129.282318966563,2,57
2021-03-03,15134.65,15154.6,15133.95,15147.25,14:00:00,15129.793526684034,2,58
2021-03-03,15144.65,15146.3,15134.15,15134.15,14:05:00,15131.208428904603,2,59
2021-03-03,15130.45,15144.15,15125.55,15144.1,14:10:00,15131.136197580356,2,60
2021-03-03,15135.05,15139.1,15127.85,15131.2,14:15:00,15131.50894066794,2,61
2021-03-03,15170.75,15170.75,15134.6,15134.75,14:20:00,15135.24618441385,2,62
2021-03-03,15172.55,15179.35,15164.8,15171.0,14:25:00,15138.798928755388,2,63
2021-03-03,15165.6,15176.8,15164.05,15173.25,14:30:00,15141.351411731066,2,64
2021-03-03,15182.5,15185.0,15164.55,15165.35,14:35:00,15145.270324899537,2,65
2021-03-03,15196.5,15197.05,15181.65,15182.35,14:40:00,15150.14934157577,2,66
2021-03-03,15219.4,15222.1,15196.55,15197.9,14:45:00,15156.744642378078,2,67
2021-03-03,15199.6,15220.3,15199.6,15220.3,14:50:00,15160.82610500874,2,68
2021-03-03,15198.95,15204.5,15189.4,15199.9,14:55:00,15164.456952150764,2,69
2021-03-03,15229.05,15235.95,15202.45,15202.45,15:00:00,15170.608670993548,2,70
2021-03-03,15238.65,15241.4,15229.0,15230.35,15:05:00,15177.08879756559,2,71
2021-03-03,15248.45,15254.6,15236.6,15239.35,15:10:00,15183.885102559345,2,72
2021-03-03,15259.0,15265.25,15244.55,15245.95,15:15:00,15191.038902315597,2,73
2021-03-03,15249.3,15273.15,15247.3,15259.6,15:20:00,15196.587578285538,2,74
2021-03-03,15240.5,15252.2,15236.3,15249.85,15:25:00,15200.769713686916,2,75
2021-03-04,15062.25,15065.2,15013.55,15046.95,09:15:00,15187.577360002448,3,1
2021-03-04,15087.8,15092.25,15051.35,15057.25,09:20:00,15178.074754287927,3,2
2021-03-04,15071.7,15101.05,15064.4,15086.9,09:25:00,15167.943825308126,3,3
2021-03-04,15042.75,15071.8,15042.0,15071.15,09:30:00,15156.02060385021,3,4
2021-03-04,15032.6,15043.05,15006.75,15042.8,09:35:00,15144.266260626378,3,5
2021-03-04,15015.0,15033.45,15008.85,15032.85,09:40:00,15131.955188185771,3,6
2021-03-04,14987.2,15012.45,14980.2,15012.45,09:45:00,15118.168979787128,3,7
2021-03-04,15016.3,15022.1,14986.35,14987.0,09:50:00,15108.467172188351,3,8
2021-03-04,15030.65,15035.05,15016.6,15016.6,09:55:00,15101.05601293232,3,9
2021-03-04,15038.0,15043.8,15021.45,15031.95,10:00:00,15095.050678367335,3,10
2021-03-04,15051.35,15054.15,15032.65,15036.8,10:05:00,15090.88870899902,3,11
2021-03-04,15065.5,15066.0,15046.5,15051.5,10:10:00,15088.470736713398,3,12
2021-03-04,15051.25,15068.95,15049.15,15065.65,10:15:00,15084.925904645455,3,13
2021-03-04,15033.6,15050.85,15029.55,15050.65,10:20:00,15080.03772325065,3,14
2021-03-04,15058.95,15063.6,15033.85,15034.3,10:25:00,15078.029368655352,3,15
2021-03-04,15087.4,15087.4,15058.75,15059.05,10:30:00,15078.921809735795,3,16
2021-03-04,15082.8,15091.75,15080.55,15087.8,10:35:00,15079.29116118953,3,17
2021-03-04,15079.9,15084.45,15063.6,15082.75,10:40:00,15079.349145838149,3,18
2021-03-04,15074.9,15088.0,15073.45,15079.75,10:45:00,15078.925417663086,3,19
2021-03-04,15078.7,15085.35,15070.05,15075.2,10:50:00,15078.90394931422,3,20
2021-03-04,15075.75,15079.2,15059.25,15079.2,10:55:00,15078.603573189055,3,21
2021-03-04,15075.0,15079.45,15068.85,15076.2,11:00:00,15078.26037574248,3,22
2021-03-04,15100.0,15100.0,15071.15,15074.5,11:05:00,15080.330816147958,3,23
2021-03-04,15134.25,15138.35,15100.8,15101.45,11:10:00,15085.46597651482,3,24
2021-03-04,15145.4,15151.0,15126.5,15134.3,11:15:00,15091.173978751502,3,25
2021-03-04,15129.7,15159.7,15128.45,15145.6,11:20:00,15094.84312363231,3,26
2021-03-04,15114.3,15137.6,15109.25,15128.55,11:25:00,15096.696159476853,3,27
2021-03-04,15128.05,15133.0,15113.85,15116.0,11:30:00,15099.682239526675,3,28
2021-03-04,15158.8,15160.1,15124.15,15127.75,11:35:00,15105.312502428897,3,29
2021-03-04,15162.75,15170.1,15155.1,15157.6,11:40:00,15110.782740292812,3,30
2021-03-04,15150.7,15171.3,15148.55,15162.05,11:45:00,15114.58438407445,3,31
2021-03-04,15138.65,15158.9,15138.6,15150.95,11:50:00,15116.87634749593,3,32
2021-03-04,15145.45,15152.2,15135.1,15138.75,11:55:00,15119.597647734412,3,33
2021-03-04,15136.45,15149.15,15136.3,15145.25,12:00:00,15121.202633664469,3,34
2021-03-04,15134.45,15140.7,15124.5,15136.25,12:05:00,15122.464287601184,3,35
2021-03-04,15134.75,15138.45,15130.2,15134.1,12:10:00,15123.63435544869,3,36
2021-03-04,15136.15,15138.0,15123.85,15133.95,12:15:00,15124.826321596434,3,37
2021-03-04,15139.65,15145.85,15135.4,15136.35,12:20:00,15126.238100492012,3,38
2021-03-04,15155.55,15158.7,15139.1,15139.55,12:25:00,15129.029709968963,3,39
2021-03-04,15167.25,15167.7,15150.65,15156.15,12:30:00,15132.669737590966,3,40
2021-03-04,15174.55,15174.65,15153.45,15167.1,12:35:00,15136.658334010874,3,41
2021-03-04,15172.9,15182.95,15171.7,15174.95,12:40:00,15140.109921247931,3,42
2021-03-04,15185.1,15188.75,15173.35,15173.35,12:45:00,15144.394690652893,3,43
2021-03-04,15185.6,15185.7,15165.65,15184.3,12:50:00,15148.319005828807,3,44
2021-03-04,15188.8,15198.7,15185.35,15188.45,12:55:00,15152.174338607016,3,45
2021-03-04,15175.9,15197.5,15174.15,15189.25,13:00:00,15154.433925406349,3,46
2021-03-04,15183.95,15189.25,15170.4,15175.95,13:05:00,15157.244980129555,3,47
2021-03-04,15193.9,15202.35,15184.0,15184.7,13:10:00,15160.73593440293,3,48
2021-03-04,15187.7,15199.35,15184.35,15196.05,13:15:00,15163.30394065027,3,49
2021-03-04,15159.45,15190.9,15153.65,15188.55,13:20:00,15162.936898683578,3,50
2021-03-04,15149.2,15168.05,15137.75,15160.1,13:25:00,15161.628622618477,3,51
2021-03-04,15173.55,15181.1,15149.6,15150.7,13:30:00,15162.763991892904,3,52
2021-03-04,15171.15,15190.15,15159.95,15174.4,13:35:00,15163.562659331676,3,53
2021-03-04,15162.7,15178.2,15160.6,15172.55,13:40:00,15163.480501300088,3,54
2021-03-04,15169.2,15169.55,15143.95,15163.3,13:45:00,15164.025215461985,3,55
2021-03-04,15146.4,15173.65,15146.4,15169.75,13:50:00,15162.346623513224,3,56
2021-03-04,15118.8,15147.95,15117.4,15147.85,13:55:00,15158.199326035774,3,57
2021-03-04,15138.8,15143.35,15111.1,15122.2,14:00:00,15156.351771175225,3,58
2021-03-04,15154.35,15157.45,15139.55,15139.9,14:05:00,15156.161126301393,3,59
2021-03-04,15157.3,15161.35,15150.9,15155.1,14:10:00,15156.269590463162,3,60
2021-03-04,15162.1,15179.3,15158.75,15159.4,14:15:00,15156.824867561909,3,61
2021-03-04,15164.25,15166.85,15149.1,15163.3,14:20:00,15157.532023032203,3,62
2021-03-04,15162.65,15165.2,15154.9,15164.95,14:25:00,15158.019449410089,3,63
2021-03-04,15150.75,15172.75,15147.95,15163.45,14:30:00,15157.32712089484,3,64
2021-03-04,15129.4,15157.25,15129.4,15152.65,14:35:00,15154.66739509533,3,65
2021-03-04,15126.85,15144.85,15117.8,15130.65,14:40:00,15152.018119371964,3,66
2021-03-04,15128.35,15137.75,15111.1,15127.15,14:45:00,15149.76401276511,3,67
2021-03-04,15122.1,15140.45,15121.8,15129.75,14:50:00,15147.12934488272,3,68
2021-03-04,15129.8,15134.1,15113.6,15122.6,14:55:00,15145.478931084364,3,69
2021-03-04,15078.95,15141.9,15074.2,15130.85,15:00:00,15139.142842409665,3,70
2021-03-04,15078.85,15082.45,15056.75,15080.2,15:05:00,15133.400666942076,3,71
2021-03-04,15083.7,15097.05,15078.5,15078.5,15:10:00,15128.66727009045,3,72
2021-03-04,15078.45,15083.05,15067.9,15083.05,15:15:00,15123.884672938975,3,73
2021-03-04,15068.5,15085.85,15067.3,15078.6,15:20:00,15118.609942182884,3,74
2021-03-04,15088.3,15088.3,15063.2,15069.05,15:25:00,15115.72328102261,3,75
2021-03-05,14985.5,14997.4,14929.25,14996.15,09:15:00,15103.32106378236,4,1
2021-03-05,15004.05,15005.75,14954.75,14986.05,09:20:00,15093.86667675547,4,2
2021-03-05,14997.0,15023.7,14988.35,15006.75,09:25:00,15084.641278969231,4,3
2021-03-05,14959.45,14998.15,14956.65,14997.9,09:30:00,15072.718300019784,4,4
2021-03-05,14986.6,14988.55,14950.3,14959.6,09:35:00,15064.516557160756,4,5
2021-03-05,15031.3,15034.6,14986.35,14986.35,09:40:00,15061.353075526398,4,6
2021-03-05,15046.4,15054.15,15020.85,15032.9,09:45:00,15059.928973095311,4,7
2021-03-05,15054.9,15056.9,15035.1,15046.85,09:50:00,15059.450023276711,4,8
2021-03-05,15062.35,15063.85,15040.1,15057.45,09:55:00,15059.726211536072,4,9
2021-03-05,15045.55,15076.7,15035.05,15062.6,10:00:00,15058.376096151684,4,10
2021-03-05,15085.25,15087.05,15038.7,15046.25,10:05:00,15060.935515565809,4,11
2021-03-05,15063.9,15092.35,15063.9,15084.05,10:10:00,15061.217847416685,4,12
2021-03-05,15041.15,15063.95,15040.25,15063.95,10:15:00,15059.30662385319,4,13
2021-03-05,15026.85,15040.8,15017.65,15039.75,10:20:00,15056.215516819551,4,14
2021-03-05,15008.4,15031.75,15006.45,15027.8,10:25:00,15051.661658074834,4,15
2021-03-05,15038.05,15041.2,15000.7,15008.6,10:30:00,15050.365309686753,4,16
2021-03-05,15025.1,15045.6,15018.1,15037.6,10:35:00,15047.959089716587,4,17
2021-03-05,15012.45,15024.5,14995.3,15024.5,10:40:00,15044.57727164834,4,18
2021-03-05,15017.4,15026.75,14997.45,15012.4,10:45:00,15041.988960062785,4,19
2021-03-05,14966.75,15019.75,14966.75,15017.25,10:50:00,15034.82334481871,4,20
2021-03-05,14963.55,14986.45,14961.75,14965.4,10:55:00,15028.035407216928,4,21
2021-03-05,14978.85,14982.95,14951.2,14963.25,11:00:00,15023.351082720075,4,22
2021-03-05,14990.15,14994.75,14973.45,14983.05,11:05:00,15020.189074841974,4,23
2021-03-05,15005.25,15015.45,14988.25,14990.25,11:10:00,15018.766305809404,4,24
2021-03-05,15016.25,15038.45,15003.05,15006.0,11:15:00,15018.52665763708,4,25
2021-03-05,15008.7,15027.05,14999.3,15016.35,11:20:00,15017.590785481168,4,26
2021-03-05,15022.4,15025.1,14994.4,15008.5,11:25:00,15018.048805911532,4,27
2021-03-05,15035.05,15043.05,15012.25,15022.8,11:30:00,15019.66796725329,4,28
2021-03-05,15029.55,15042.95,15027.05,15034.85,11:35:00,15020.609113229168,4,29
2021-03-05,15021.55,15036.55,15015.3,15029.6,11:40:00,15020.698721493056,4,30
2021-03-05,15028.95,15036.05,15015.8,15021.0,11:45:00,15021.484557541336,4,31
2021-03-05,15003.8,15029.5,15000.3,15028.8,11:50:00,15019.80031396597,4,32
2021-03-05,15004.6,15009.95,15000.35,15002.9,11:55:00,15018.35266501683,4,33
2021-03-05,15008.35,15016.25,14991.0,15004.8,12:00:00,15017.400030253322,4,34
2021-03-05,14990.95,15009.0,14988.3,15008.15,12:05:00,15014.880979753008,4,35
2021-03-05,15007.0,15009.1,14983.25,14989.5,12:10:00,15014.13041025272,4,36
2021-03-05,15014.4,15016.35,15002.95,15005.2,12:15:00,15014.156085466748,4,37
2021-03-05,15008.9,15022.2,15005.95,15014.8,12:20:00,15013.655505898483,4,38
2021-03-05,15026.0,15029.05,15007.95,15008.6,12:25:00,15014.83117200339,4,39
2021-03-05,15039.3,15052.0,15025.95,15025.95,12:30:00,15017.161536574496,4,40
2021-03-05,15026.1,15041.45,15015.95,15039.7,12:35:00,15018.012818805497,4,41
2021-03-05,15034.2,15034.3,15018.65,15025.85,12:40:00,15019.554455109734,4,42
2021-03-05,15044.2,15045.6,15030.15,15035.05,12:45:00,15021.901649861187,4,43
2021-03-05,15025.0,15044.85,15019.0,15044.85,12:50:00,15022.196730826789,4,44
2021-03-05,15022.5,15034.9,15022.35,15025.5,12:55:00,15022.225613605193,4,45
2021-03-05,15018.3,15023.05,15010.0,15023.05,13:00:00,15021.85174564279,4,46
2021-03-05,15024.1,15028.9,14995.3,15019.1,13:05:00,15022.065865105382,4,47
2021-03-05,15009.45,15033.15,15008.9,15024.4,13:10:00,15020.864354142965,4,48
2021-03-05,15017.65,15022.35,15003.0,15010.85,13:15:00,15020.558225176968,4,49
2021-03-05,15027.7,15028.05,15008.95,15018.05,13:20:00,15021.238394207734,4,50
2021-03-05,15026.1,15033.4,15019.65,15028.6,13:25:00,15021.701404283189,4,51
2021-03-05,15019.2,15030.6,15016.5,15027.8,13:30:00,15021.463175303836,4,52
2021-03-05,14978.65,15024.0,14978.65,15020.35,13:35:00,15017.385730036804,4,53
2021-03-05,14964.6,14981.75,14963.35,14980.85,13:40:00,15012.358517652348,4,54
2021-03-05,14972.85,14984.1,14955.95,14965.9,13:45:00,15008.595801685457,4,55
2021-03-05,14918.1,14980.35,14917.25,14974.45,13:50:00,14999.97715390589,4,56
2021-03-05,14932.5,14937.6,14893.35,14916.75,13:55:00,14993.550758295803,4,57
2021-03-05,14905.05,14933.85,14904.5,14933.85,14:00:00,14985.122114648586,4,58
2021-03-05,14891.4,14912.25,14872.65,14907.2,14:05:00,14976.19619896777,4,59
2021-03-05,14890.45,14893.25,14862.1,14892.4,14:10:00,14968.029894304173,4,60
2021-03-05,14905.15,14911.0,14868.95,14891.2,14:15:00,14962.04133294187,4,61
2021-03-05,14904.55,14930.2,14897.9,14906.15,14:20:00,14956.565967899787,4,62
2021-03-05,14913.4,14933.3,14893.55,14904.9,14:25:00,14952.454923337904,4,63
2021-03-05,14937.0,14941.45,14902.85,14915.2,14:30:00,14950.98302587715,4,64
2021-03-05,14922.3,14941.25,14921.55,14935.65,14:35:00,14948.251309126945,4,65
2021-03-05,14913.5,14922.75,14899.7,14922.75,14:40:00,14944.941660638666,4,66
2021-03-05,14908.85,14916.9,14901.6,14914.35,14:45:00,14941.50435962546,4,67
2021-03-05,14919.25,14932.55,14903.9,14909.75,14:50:00,14939.384896803987,4,68
2021-03-05,14905.85,14921.15,14904.9,14918.7,14:55:00,14936.19109710837,4,69
2021-03-05,14915.35,14916.95,14882.2,14907.6,15:00:00,14934.206230717098,4,70
2021-03-05,14952.45,14954.05,14902.3,14915.55,15:05:00,14935.943732553564,4,71
2021-03-05,14954.9,14959.5,14927.8,14952.6,15:10:00,14937.749091357986,4,72
2021-03-05,14948.0,14956.35,14936.55,14955.85,15:15:00,14938.725368371512,4,73
2021-03-05,14954.05,14964.35,14944.4,14947.8,15:20:00,14940.184857098033,4,74
2021-03-05,14962.85,14965.15,14950.8,14954.2,15:25:00,14942.343442136314,4,75
2021-03-08,15042.05,15047.25,14984.6,15004.0,09:15:00,14951.83930479,0,1
2021-03-08,15038.3,15047.2,15016.55,15040.85,09:20:00,14960.07365671476,0,2
2021-03-08,15040.45,15049.3,15029.95,15038.85,09:25:00,14967.72854655145,0,3
2021-03-08,15034.05,15055.8,15029.25,15040.7,09:30:00,14974.04487545131,0,4
2021-03-08,15049.85,15050.3,15026.5,15033.6,09:35:00,14981.264411122616,0,5
2021-03-08,15033.0,15052.1,15030.9,15050.05,09:40:00,14986.19161006332,0,6
2021-03-08,15049.8,15051.0,15032.25,15032.8,09:45:00,14992.24955196205,0,7
2021-03-08,15076.7,15086.65,15055.3,15056.6,09:50:00,15000.292451775187,0,8
2021-03-08,15091.05,15092.6,15070.15,15075.75,09:55:00,15008.9360277966,0,9
2021-03-08,15103.8,15108.25,15091.3,15092.2,10:00:00,15017.970691815972,0,10
2021-03-08,15097.75,15111.15,15085.15,15103.55,10:05:00,15025.568721166832,0,11
2021-03-08,15089.4,15102.6,15087.8,15098.35,10:10:00,15031.647890579516,0,12
2021-03-08,15071.55,15090.35,15068.5,15089.1,10:15:00,15035.448091476705,0,13
2021-03-08,15081.95,15090.95,15068.9,15070.25,10:20:00,15039.8768446694,0,14
2021-03-08,15069.15,15084.8,15064.55,15080.85,10:25:00,15042.664764224692,0,15
2021-03-08,15057.55,15078.0,15050.85,15070.65,10:30:00,15044.082405727104,0,16
2021-03-08,15045.15,15066.05,15043.4,15057.1,10:35:00,15044.18408137214,0,17
2021-03-08,14985.05,15044.8,14983.85,15044.8,10:40:00,15038.552264098604,0,18
2021-03-08,14993.7,14995.5,14951.75,14980.9,10:45:00,15034.280619898736,0,19
2021-03-08,15013.75,15017.65,14985.65,14994.45,10:50:00,15032.325322765524,0,20
2021-03-08,15010.2,15016.9,14990.7,15012.55,10:55:00,15030.218149168806,0,21
2021-03-08,14988.55,15010.15,14985.7,15010.15,11:00:00,15026.249754009872,0,22
2021-03-08,15013.05,15013.05,14977.1,14987.95,11:05:00,15024.99263458036,0,23
2021-03-08,15024.7,15025.2,15002.45,15012.0,11:10:00,15024.964764620325,0,24
2021-03-08,15041.85,15043.85,15018.4,15024.3,11:15:00,15026.572882275532,0,25
2021-03-08,15030.85,15046.25,15027.05,15041.45,11:20:00,15026.98022682072,0,26
2021-03-08,15021.5,15034.9,15017.25,15030.4,11:25:00,15026.45830045684,0,27
2021-03-08,15042.15,15042.5,15019.5,15021.8,11:30:00,15027.95274803238,0,28
2021-03-08,15030.0,15047.45,15027.35,15041.85,11:35:00,15028.14772441025,0,29
2021-03-08,15017.55,15032.2,15016.65,15029.55,11:40:00,15027.13841732356,0,30
2021-03-08,15015.95,15024.1,15010.35,15017.6,11:45:00,15026.072853768936,0,31
2021-03-08,15025.6,15026.55,15013.3,15015.8,11:50:00,15026.027820076655,0,32
2021-03-08,15027.5,15034.85,15020.5,15025.9,11:55:00,15026.168027688404,0,33
2021-03-08,15016.2,15030.9,15015.05,15027.75,12:00:00,15025.21869171808,0,34
2021-03-08,15002.1,15020.9,14998.65,15018.15,12:05:00,15023.016911554452,0,35
2021-03-08,15012.35,15016.9,14999.45,15000.05,12:10:00,15022.001015215934,0,36
2021-03-08,15012.3,15019.7,15010.45,15011.85,12:15:00,15021.077109004891,0,37
2021-03-08,15016.15,15025.4,15011.4,15011.4,12:20:00,15020.607860528236,0,38
2021-03-08,15009.35,15019.15,15007.05,15015.8,12:25:00,15019.535683335072,0,39
2021-03-08,15024.7,15027.7,14996.15,15009.45,12:30:00,15020.027523017448,0,40
2021-03-08,15013.45,15028.65,15010.5,15025.2,12:35:00,15019.40109225388,0,41
2021-03-08,14980.65,15013.75,14978.3,15013.4,12:40:00,15015.710512039224,0,42
2021-03-08,14979.55,14987.15,14966.6,14980.05,12:45:00,15012.266653749775,0,43
2021-03-08,14963.7,14988.95,14953.9,14981.15,12:50:00,15007.64125815456,0,44
2021-03-08,14977.8,14982.05,14959.9,14962.55,12:55:00,15004.799233568412,0,45
2021-03-08,14984.25,14992.55,14976.85,14978.9,13:00:00,15002.842163704754,0,46
2021-03-08,14985.2,14992.8,14978.85,14985.25,13:05:00,15001.161957637634,0,47
2021-03-08,15006.95,15013.15,14984.7,14984.95,13:10:00,15001.713199767384,0,48
2021-03-08,15001.15,15010.85,14999.2,15007.85,13:15:00,15001.6595616943,0,49
2021-03-08,14993.9,15002.85,14990.65,15001.55,13:20:00,15000.920555818651,0,50
2021-03-08,14985.15,14994.85,14981.1,14993.65,13:25:00,14999.418598121636,0,51
2021-03-08,14989.75,15009.85,14986.85,14987.8,13:30:00,14998.49777925291,0,52
2021-03-08,14958.6,14991.0,14954.3,14989.15,13:35:00,14994.697990752633,0,53
2021-03-08,14964.3,14970.6,14935.75,14960.05,13:40:00,14991.802944014284,0,54
2021-03-08,14956.4,14979.5,14956.05,14963.75,13:45:00,14988.431235060543,0,55
2021-03-08,14953.8,14961.75,14940.05,14956.2,13:50:00,14985.133022197631,0,56
2021-03-08,14966.55,14967.8,14937.25,14948.35,13:55:00,14983.363210559764,0,57
2021-03-08,14969.2,14973.25,14955.2,14966.6,14:00:00,14982.014333363595,0,58
2021-03-08,14976.55,14977.1,14964.75,14970.2,14:05:00,14981.4939206623,0,59
2021-03-08,14985.0,14997.25,14975.75,14977.05,14:10:00,14981.827832980176,0,60
2021-03-08,15005.7,15005.75,14984.25,14985.45,14:15:00,14984.10137269635,0,61
2021-03-08,15040.0,15040.3,15005.3,15005.35,14:20:00,14989.425051487176,0,62
2021-03-08,15028.95,15045.25,15019.2,15040.45,14:25:00,14993.18933229792,0,63
2021-03-08,15025.8,15036.4,15017.95,15031.95,14:30:00,14996.29511017431,0,64
2021-03-08,15024.65,15027.2,15011.3,15025.65,14:35:00,14998.995575871992,0,65
2021-03-08,15029.05,15042.7,15023.4,15024.85,14:40:00,15001.857901979423,0,66
2021-03-08,15019.5,15034.7,15013.6,15029.5,14:45:00,15003.538101790906,0,67
2021-03-08,14989.9,15020.0,14983.1,15020.0,14:50:00,15002.239234953677,0,68
2021-03-08,14992.8,14994.9,14977.7,14990.35,14:55:00,15001.340260196184,0,69
2021-03-08,14956.85,14991.9,14954.55,14991.9,15:00:00,14997.103092558453,0,70
2021-03-08,14932.7,14957.0,14919.9,14957.0,15:05:00,14990.969464695743,0,71
2021-03-08,14963.65,14966.9,14927.4,14930.95,15:10:00,14988.367610915197,0,72
2021-03-08,14977.25,14977.35,14961.8,14964.2,15:15:00,14987.308790828034,0,73
2021-03-08,14967.9,14981.75,14956.45,14976.65,15:20:00,14985.460334558697,0,74
2021-03-08,14963.0,14969.9,14956.95,14968.6,15:25:00,14983.321255076917,0,75
2021-03-09,15086.15,15102.9,15042.2,15059.85,09:15:00,14993.114468879114,1,1
2021-03-09,15104.7,15111.7,15087.2,15087.2,09:20:00,15003.741662319198,1,2
2021-03-09,15092.8,15119.3,15084.95,15105.55,09:25:00,15012.223408764989,1,3
2021-03-09,15095.5,15100.55,15086.75,15094.85,09:30:00,15020.154512692132,1,4
2021-03-09,15092.0,15102.2,15084.75,15096.0,09:35:00,15026.996940054789,1,5
2021-03-09,15073.1,15092.0,15073.1,15091.1,09:40:00,15031.387707668617,1,6
2021-03-09,15049.25,15080.7,15049.25,15073.35,09:45:00,15033.088878366843,1,7
2021-03-09,15051.9,15060.75,15046.5,15050.0,09:50:00,15034.880413760477,1,8
2021-03-09,15066.7,15069.45,15035.45,15052.45,09:55:00,15037.910850545191,1,9
2021-03-09,15075.5,15076.25,15061.75,15067.75,10:00:00,15041.49076954089,1,10
2021-03-09,15081.5,15083.75,15074.05,15074.05,10:05:00,15045.301172441756,1,11
2021-03-09,15054.05,15082.7,15051.25,15081.6,10:10:00,15046.134394113971,1,12
2021-03-09,15065.45,15067.7,15053.15,15054.35,10:15:00,15047.973975626926,1,13
2021-03-09,15065.3,15071.5,15060.45,15066.1,10:20:00,15049.624073186264,1,14
2021-03-09,15063.75,15067.4,15053.95,15065.35,10:25:00,15050.969399549478,1,15
2021-03-09,15061.65,15073.05,15060.6,15064.15,10:30:00,15051.986599592386,1,16
2021-03-09,15062.95,15068.85,15061.35,15061.45,10:35:00,15053.03073296454,1,17
2021-03-09,15049.75,15065.6,15042.5,15063.7,10:40:00,15052.718282206011,1,18
2021-03-09,15061.7,15063.2,15049.7,15049.8,10:45:00,15053.57368390068,1,19
2021-03-09,15054.25,15061.95,15051.35,15061.35,10:50:00,15053.638094957758,1,20
2021-03-09,15059.1,15059.35,15047.0,15054.6,10:55:00,15054.158276390352,1,21
2021-03-09,15059.4,15067.0,15055.2,15059.85,11:00:00,15054.6574881627,1,22
2021-03-09,15054.25,15062.65,15046.15,15059.2,11:05:00,15054.618679766252,1,23
2021-03-09,15055.25,15060.65,15053.05,15054.2,11:10:00,15054.6788055028,1,24
2021-03-09,15065.05,15066.75,15054.85,15055.2,11:15:00,15055.666538312058,1,25
2021-03-09,15060.75,15076.6,15059.2,15065.65,11:20:00,15056.150677520434,1,26
2021-03-09,15064.65,15068.95,15058.1,15060.65,11:25:00,15056.960136804202,1,27
2021-03-09,15074.6,15076.55,15064.0,15064.9,11:30:00,15058.64012377523,1,28
2021-03-09,15083.0,15089.05,15075.05,15076.3,11:35:00,15060.960111987111,1,29
2021-03-09,15082.15,15087.65,15077.5,15083.5,11:40:00,15062.978196559769,1,30
2021-03-09,15085.35,15091.45,15081.95,15082.4,11:45:00,15065.108844506458,1,31
2021-03-09,15073.95,15088.15,15073.35,15084.7,11:50:00,15065.950859315368,1,32
2021-03-09,15070.8,15079.85,15069.6,15073.3,11:55:00,15066.412682237711,1,33
2021-03-09,15062.6,15075.0,15061.35,15071.05,12:00:00,15066.049569643645,1,34
2021-03-09,15059.75,15066.75,15057.9,15062.65,12:05:00,15065.449610629965,1,35
2021-03-09,15058.15,15069.8,15058.15,15059.6,12:10:00,15064.754409617588,1,36
2021-03-09,15040.95,15064.05,15040.95,15058.35,12:15:00,15062.487322987345,1,37
2021-03-09,15037.25,15044.85,15019.7,15040.45,12:20:00,15060.08376841712,1,38
2021-03-09,15026.25,15041.65,15026.25,15037.7,12:25:00,15056.861504758348,1,39
2021-03-09,15006.2,15032.45,15000.5,15026.95,12:30:00,15052.036599543268,1,40
2021-03-09,15017.35,15021.2,14995.35,15005.7,12:35:00,15048.73311387248,1,41
2021-03-09,15025.35,15025.45,15009.95,15017.55,12:40:00,15046.50615064653,1,42
2021-03-09,15019.85,15026.7,15018.25,15025.45,12:45:00,15043.967469632576,1,43
2021-03-09,15031.85,15032.8,15015.35,15019.75,12:50:00,15042.813424905664,1,44
2021-03-09,15021.9,15032.9,15021.9,15032.05,12:55:00,15040.821670152744,1,45
2021-03-09,14998.6,15018.65,14994.8,15018.65,13:00:00,15036.800558709629,1,46
2021-03-09,14996.45,15003.0,14983.4,14998.15,13:05:00,15032.957648356329,1,47
2021-03-09,14973.55,14996.2,14972.6,14995.8,13:10:00,15027.299777084298,1,48
2021-03-09,14945.3,14985.2,14944.45,14972.4,13:15:00,15019.49027450484,1,49
2021-03-09,14940.45,14949.35,14925.45,14945.05,13:20:00,15011.962629313904,1,50
2021-03-09,14962.05,14962.05,14926.85,14937.05,13:25:00,15007.209045569722,1,51
2021-03-09,14988.55,14992.15,14955.95,14962.6,13:30:00,15005.4319936107,1,52
2021-03-09,14983.15,14992.35,14980.35,14989.2,13:35:00,15003.30989898111,1,53
2021-03-09,14950.4,14983.0,14947.1,14982.7,13:40:00,14998.27086098291,1,54
2021-03-09,14954.95,14963.05,14939.35,14950.95,13:45:00,14994.145064698823,1,55
2021-03-09,14979.15,14979.75,14952.1,14956.05,13:50:00,14992.716963298935,1,56
2021-03-09,14996.25,14997.05,14975.55,14979.85,13:55:00,14993.053442984752,1,57
2021-03-09,14996.3,15008.55,14993.25,14996.75,14:00:00,14993.362638890969,1,58
2021-03-09,14975.25,14995.75,14970.05,14995.75,14:05:00,14991.637625663256,1,59
2021-03-09,14985.45,14989.7,14976.0,14976.0,14:10:00,14991.04832798104,1,60
2021-03-09,14999.4,14999.4,14970.3,14984.95,14:15:00,14991.84372531618,1,61
2021-03-09,15006.95,15024.15,15000.45,15000.45,14:20:00,14993.28241814321,1,62
2021-03-09,15003.55,15011.35,14993.4,15007.35,14:25:00,14994.26028308195,1,63
2021-03-09,15014.55,15021.2,15001.55,15004.3,14:30:00,14996.192637074146,1,64
2021-03-09,15002.65,15021.95,15001.55,15015.05,14:35:00,14996.807624019464,1,65
2021-03-09,15010.6,15019.9,15004.35,15004.35,14:40:00,14998.121183636658,1,66
2021-03-09,15032.15,15034.65,15008.75,15011.15,14:45:00,15001.36202329031,1,67
2021-03-09,15033.25,15041.95,15024.65,15031.4,14:50:00,15004.39897345314,1,68
2021-03-09,15021.25,15037.1,15021.25,15032.7,14:55:00,15006.003833124269,1,69
2021-03-09,15076.6,15076.75,15022.75,15023.65,15:00:00,15012.727277588623,1,70
2021-03-09,15086.65,15089.15,15070.4,15076.8,15:05:00,15019.7675368659,1,71
2021-03-09,15114.55,15114.55,15086.9,15086.9,15:10:00,15028.794438116767,1,72
2021-03-09,15120.4,15122.2,15109.15,15114.85,15:15:00,15037.51877734374,1,73
2021-03-09,15107.05,15126.85,15106.1,15120.05,15:20:00,15044.1407985491,1,74
2021-03-09,15099.0,15110.1,15097.5,15105.9,15:25:00,15049.365484401564,1,75
2021-03-10,15194.55,15218.45,15192.15,15206.35,09:15:00,15075.702811494251,2,1
2021-03-10,15193.15,15214.15,15186.9,15196.4,09:20:00,15086.888258018613,2,2
2021-03-10,15171.05,15193.4,15167.3,15191.65,09:25:00,15094.90366201684,2,3
2021-03-10,15167.65,15186.7,15164.25,15172.6,09:30:00,15101.831884681902,2,4
2021-03-10,15167.6,15185.6,15161.6,15165.4,09:35:00,15108.095514712197,2,5
2021-03-10,15179.1,15183.6,15166.0,15167.8,09:40:00,15114.857846644369,2,6
2021-03-10,15190.3,15199.9,15176.95,15177.05,09:45:00,15122.042813630618,2,7
2021-03-10,15178.85,15191.25,15177.7,15189.85,09:50:00,15127.453021856274,2,8
2021-03-10,15176.65,15179.45,15165.5,15179.05,09:55:00,15132.138448346152,2,9
2021-03-10,15188.3,15189.3,15176.1,15177.4,10:00:00,15137.487167551282,2,10
2021-03-10,15185.85,15188.0,15174.8,15188.0,10:05:00,15142.093151594016,2,11
2021-03-10,15191.9,15191.95,15181.35,15186.0,10:10:00,15146.836660966015,2,12
2021-03-10,15186.7,15192.95,15180.45,15192.45,10:15:00,15150.633169445444,2,13
2021-03-10,15177.35,15188.15,15175.4,15186.35,10:20:00,15153.17762949826,2,14
2021-03-10,15171.5,15181.0,15171.5,15177.95,10:25:00,15154.922617165092,2,15
2021-03-10,15155.15,15173.25,15153.4,15173.25,10:30:00,15154.94427267318,2,16
2021-03-10,15152.2,15160.9,15148.05,15153.3,10:35:00,15154.682913370973,2,17
2021-03-10,15145.0,15156.8,15140.55,15151.85,10:40:00,15153.760731145165,2,18
2021-03-10,15150.75,15154.55,15143.2,15144.9,10:45:00,15153.473994845624,2,19
2021-03-10,15162.3,15163.1,15149.65,15149.9,10:50:00,15154.314566765088,2,20
2021-03-10,15142.35,15165.8,15137.85,15162.25,10:55:00,15153.175084216033,2,21
2021-03-10,15146.65,15153.85,15139.15,15142.45,11:00:00,15152.553647624029,2,22
2021-03-10,15152.4,15157.4,15144.1,15146.95,11:05:00,15152.53901451698,2,23
2021-03-10,15150.15,15157.45,15144.75,15152.7,11:10:00,15152.311489324886,2,24
2021-03-10,15144.9,15154.4,15143.05,15150.55,11:15:00,15151.605633198706,2,25
2021-03-10,15139.6,15148.25,15138.65,15145.1,11:20:00,15150.462239560731,2,26
2021-03-10,15146.6,15149.65,15132.45,15139.55,11:25:00,15150.094407221615,2,27
2021-03-10,15146.25,15156.9,15145.4,15147.35,11:30:00,15149.72827320051,2,28
2021-03-10,15136.15,15146.7,15131.55,15144.95,11:35:00,15148.43510432427,2,29
2021-03-10,15131.05,15139.25,15126.4,15136.05,11:40:00,15146.77938010291,2,30
2021-03-10,15132.55,15139.1,15128.8,15130.75,11:45:00,15145.424201045493,2,31
2021-03-10,15142.15,15142.45,15129.05,15132.05,11:50:00,15145.112372374491,2,32
2021-03-10,15144.4,15148.25,15138.25,15142.7,11:55:00,15145.044527386446,2,33
2021-03-10,15119.9,15149.8,15116.3,15145.3,12:00:00,15142.6498104925,2,34
2021-03-10,15122.95,15126.85,15118.85,15120.45,12:05:00,15140.773638064642,2,35
2021-03-10,15121.55,15123.1,15108.8,15123.1,12:10:00,15138.942815391818,2,36
2021-03-10,15103.2,15123.2,15100.85,15122.55,12:15:00,15135.538737735456,2,37
2021-03-10,15120.5,15120.9,15104.4,15104.7,12:20:00,15134.106476998744,2,38
2021-03-10,15132.45,15135.5,15119.9,15121.1,12:25:00,15133.948717284577,2,39
2021-03-10,15140.9,15142.65,15125.25,15132.55,12:30:00,15134.610744209856,2,40
2021-03-10,15145.4,15148.45,15140.1,15141.35,12:35:00,15135.638292380345,2,41
2021-03-10,15150.25,15151.45,15144.75,15147.2,12:40:00,15137.029883582216,2,42
2021-03-10,15143.45,15155.75,15134.05,15151.55,12:45:00,15137.641323241052,2,43
2021-03-10,15152.05,15153.5,15144.15,15145.0,12:50:00,15139.013578170476,2,44
2021-03-10,15156.9,15163.35,15153.0,15153.45,12:55:00,15140.717046916145,2,45
2021-03-10,15157.2,15161.7,15149.6,15158.6,13:00:00,15142.286851971749,2,46
2021-03-10,15161.0,15167.05,15157.35,15158.2,13:05:00,15144.069056545868,2,47
2021-03-10,15163.55,15163.95,15152.05,15161.45,13:10:00,15145.92438449388,2,48
2021-03-10,15172.9,15176.05,15162.55,15163.05,13:15:00,15148.49349073256,2,49
2021-03-10,15161.55,15174.4,15160.85,15172.75,13:20:00,15149.73696780565,2,50
2021-03-10,15157.35,15164.65,15150.4,15162.2,13:25:00,15150.462018490824,2,51
2021-03-10,15143.55,15160.45,15141.2,15158.7,13:30:00,15149.803731015509,2,52
2021-03-10,15143.6,15146.6,15129.1,15143.25,13:35:00,15149.21289949022,2,53
2021-03-10,15154.3,15159.1,15143.0,15144.1,13:40:00,15149.697385253055,2,54
2021-03-10,15164.1,15164.35,15149.2,15154.6,13:45:00,15151.069062848004,2,55
2021-03-10,15160.3,15168.15,15159.15,15164.45,13:50:00,15151.948199719624,2,56
2021-03-10,15152.4,15160.75,15151.25,15160.75,13:55:00,15151.991228317756,2,57
2021-03-10,15160.1,15160.8,15148.65,15152.3,14:00:00,15152.763492287491,2,58
2021-03-10,15178.9,15179.45,15155.9,15161.25,14:05:00,15155.252683498207,2,59
2021-03-10,15180.75,15184.0,15172.65,15178.6,14:10:00,15157.680999355522,2,60
2021-03-10,15183.1,15189.85,15176.65,15181.65,14:15:00,15160.101856559755,2,61
2021-03-10,15192.1,15194.15,15182.15,15185.55,14:20:00,15163.14929879216,2,62
2021-03-10,15184.5,15193.2,15174.25,15193.2,14:25:00,15165.182698907192,2,63
2021-03-10,15176.55,15186.4,15172.95,15186.4,14:30:00,15166.26529901127,2,64
2021-03-10,15187.65,15191.9,15174.15,15176.9,14:35:00,15168.301937200671,2,65
2021-03-10,15185.95,15188.5,15177.8,15187.95,14:40:00,15169.98270508632,2,66
2021-03-10,15171.5,15187.2,15170.6,15187.2,14:45:00,15170.127209363813,2,67
2021-03-10,15169.15,15176.9,15162.8,15169.15,14:50:00,15170.034141805354,2,68
2021-03-10,15159.7,15172.0,15151.0,15169.05,14:55:00,15169.049937823893,2,69
2021-03-10,15163.45,15181.05,15160.2,15160.2,15:00:00,15168.516610412093,2,70
2021-03-10,15175.85,15177.8,15162.45,15164.05,15:05:00,15169.215028468085,2,71
2021-03-10,15176.1,15179.55,15169.85,15176.25,15:10:00,15169.870740042552,2,72
2021-03-10,15180.8,15184.55,15176.05,15176.05,15:15:00,15170.91162194326,2,73
2021-03-10,15171.85,15188.1,15167.65,15180.3,15:20:00,15171.000991282,2,74
2021-03-10,15167.4,15177.05,15163.1,15172.05,15:25:00,15170.658039731332,2,75
2021-03-12,15311.35,15336.3,15291.4,15327.65,09:15:00,15184.057274042634,4,1
2021-03-12,15307.4,15320.1,15304.75,15311.75,09:20:00,15195.804200324288,4,2
2021-03-12,15302.1,15317.0,15299.1,15306.0,09:25:00,15205.927609817214,4,3
2021-03-12,15293.3,15310.45,15285.55,15302.05,09:30:00,15214.248789834624,4,4
2021-03-12,15294.8,15307.65,15282.6,15293.8,09:35:00,15221.920333659897,4,5
2021-03-12,15300.05,15303.05,15290.05,15294.85,09:40:00,15229.361254263717,4,6
2021-03-12,15279.45,15300.95,15276.05,15300.95,09:45:00,15234.131611000506,4,7
2021-03-12,15282.5,15289.7,15278.25,15278.25,09:50:00,15238.738124238556,4,8
2021-03-12,15297.4,15299.05,15281.4,15281.75,09:55:00,15244.324969549169,4,9
2021-03-12,15289.65,15301.05,15286.4,15297.05,10:00:00,15248.641639115916,4,10
2021-03-12,15287.75,15293.65,15285.4,15289.3,10:05:00,15252.3662449144,4,11
2021-03-12,15288.45,15299.1,15287.2,15288.0,10:10:00,15255.802793017789,4,12
2021-03-12,15294.0,15294.0,15280.35,15288.3,10:15:00,15259.440622254191,4,13
2021-03-12,15270.15,15295.9,15268.5,15293.9,10:20:00,15260.460562991886,4,14
2021-03-12,15269.25,15277.65,15268.75,15271.3,10:25:00,15261.297652230754,4,15
2021-03-12,15284.05,15285.15,15263.3,15269.9,10:30:00,15263.464542494492,4,16
2021-03-12,15282.15,15288.95,15281.9,15283.4,10:35:00,15265.24410987597,4,17
2021-03-12,15277.5,15281.8,15271.8,15281.45,10:40:00,15266.41133750683,4,18
2021-03-12,15283.6,15284.3,15274.4,15277.95,10:45:00,15268.04835298237,4,19
2021-03-12,15283.1,15284.45,15276.55,15283.5,10:50:00,15269.481843174526,4,20
2021-03-12,15273.7,15283.9,15273.05,15283.9,10:55:00,15269.883572396,4,21
2021-03-12,15270.05,15276.4,15264.25,15273.85,11:00:00,15269.899422644,4,22
2021-03-12,15269.75,15275.1,15267.45,15269.5,11:05:00,15269.885191916,4,23
2021-03-12,15270.1,15270.45,15265.6,15269.4,11:10:00,15269.90564982876,4,24
2021-03-12,15264.2,15274.0,15261.1,15270.25,11:15:00,15269.362254606976,4,25
2021-03-12,15271.85,15273.95,15264.55,15264.7,11:20:00,15269.599182739645,4,26
2021-03-12,15264.2,15274.05,15263.4,15270.9,11:25:00,15269.08497485968,4,27
2021-03-12,15283.3,15289.1,15264.15,15264.4,11:30:00,15270.438786777804,4,28
2021-03-12,15282.15,15286.35,15280.95,15282.85,11:35:00,15271.554140418017,4,29
2021-03-12,15282.1,15284.75,15275.45,15282.4,11:40:00,15272.558507997252,4,30
2021-03-12,15285.7,15287.05,15276.85,15282.35,11:45:00,15273.81007866418,4,31
2021-03-12,15278.75,15287.35,15277.75,15286.65,11:50:00,15274.280547362829,4,32
2021-03-12,15278.3,15280.7,15274.35,15278.9,11:55:00,15274.663352375894,4,33
2021-03-12,15276.5,15283.35,15276.5,15279.35,12:00:00,15274.838271197235,4,34
2021-03-12,15272.05,15279.35,15269.75,15276.9,12:05:00,15274.572721559403,4,35
2021-03-12,15254.1,15273.1,15250.8,15271.85,12:10:00,15272.622938553748,4,36
2021-03-12,15248.95,15253.45,15242.45,15253.45,12:15:00,15270.3683729772,4,37
2021-03-12,15232.3,15248.4,15226.9,15248.35,12:20:00,15266.742813646037,4,38
2021-03-12,15229.15,15236.7,15223.75,15232.0,12:25:00,15263.162545679746,4,39
2021-03-12,15242.7,15245.9,15228.65,15229.0,12:30:00,15261.213731805485,4,40
2021-03-12,15229.45,15242.95,15227.3,15242.3,12:35:00,15258.188614490677,4,41
2021-03-12,15212.65,15230.3,15211.1,15229.4,12:40:00,15253.851603586802,4,42
2021-03-12,15213.65,15220.1,15201.4,15210.3,12:45:00,15250.022879435675,4,43
2021-03-12,15209.85,15214.6,15196.1,15214.1,12:50:00,15246.196890917992,4,44
2021-03-12,15209.35,15214.75,15206.15,15209.5,12:55:00,15242.687663211516,4,45
2021-03-12,15226.65,15228.25,15199.1,15209.9,13:00:00,15241.160266715182,4,46
2021-03-12,15216.85,15229.65,15214.1,15226.6,13:05:00,15238.8450032185,4,47
2021-03-12,15204.05,15223.4,15202.7,15217.1,13:10:00,15235.531193388166,4,48
2021-03-12,15201.55,15207.6,15188.5,15203.85,13:15:00,15232.29488925596,4,49
2021-03-12,15210.2,15215.8,15194.4,15201.2,13:20:00,15230.190614088726,4,50
2021-03-12,15193.5,15215.1,15193.5,15211.9,13:25:00,15226.6962698898,4,51
2021-03-12,15151.5,15203.65,15148.8,15195.35,13:30:00,15219.534720376489,4,52
2021-03-12,15148.05,15159.6,15134.65,15151.75,13:35:00,15212.726651769202,4,53
2021-03-12,15069.3,15147.55,15018.9,15147.55,13:40:00,15199.066970648326,4,54
2021-03-12,15088.4,15101.95,15033.1,15068.95,13:45:00,15188.527259158009,4,55
2021-03-12,15115.9,15118.25,15083.55,15087.25,13:50:00,15181.610377333436,4,56
2021-03-12,15105.35,15116.55,15083.45,15116.4,13:55:00,15174.347484254062,4,57
2021-03-12,15062.5,15104.15,15060.8,15101.3,14:00:00,15163.695342896532,4,58
2021-03-12,15036.9,15073.65,15036.9,15063.45,14:05:00,15151.619595954004,4,59
2021-03-12,14994.45,15037.75,14994.3,15037.65,14:10:00,15136.651063006004,4,60
2021-03-12,14992.95,15011.05,14969.8,14992.95,14:15:00,15122.965247481625,4,61
2021-03-12,14958.15,15001.85,14953.6,14992.85,14:20:00,15107.26855724528,4,62
2021-03-12,15005.65,15016.45,14959.4,14960.0,14:25:00,15097.590599412397,4,63
2021-03-12,15024.9,15029.4,14982.0,15006.25,14:30:00,15090.66768518264,4,64
2021-03-12,15008.75,15028.3,14993.4,15026.25,14:35:00,15082.866000879532,4,65
2021-03-12,15019.8,15022.7,14993.55,15010.85,14:40:00,15076.859715081482,4,66
2021-03-12,15016.2,15021.65,15008.3,15019.05,14:45:00,15071.082599359435,4,67
2021-03-12,14996.35,15016.5,14984.55,15014.65,14:50:00,15063.965208944252,4,68
2021-03-12,14998.25,15003.6,14988.1,14997.1,14:55:00,15057.70661761623,4,69
2021-03-12,15057.45,15059.75,14998.85,14999.0,15:00:00,15057.682177843257,4,70
2021-03-12,15039.0,15061.9,15036.3,15060.8,15:05:00,15055.902922810565,4,71
2021-03-12,15029.95,15046.3,15019.2,15039.8,15:10:00,15053.431215876222,4,72
2021-03-12,15030.05,15038.05,15020.05,15031.65,15:15:00,15051.20443341182,4,73
2021-03-12,15023.55,15030.35,15004.6,15030.35,15:20:00,15048.57067784879,4,74
2021-03-12,15022.55,15026.35,15018.25,15023.0,15:25:00,15046.092518053669,4,75
2021-03-15,14969.05,15044.9,14966.6,15038.55,09:15:00,15038.755135381887,0,1
2021-03-15,14925.0,14971.3,14906.5,14970.05,09:20:00,15027.921312964563,0,2
2021-03-15,14917.8,14940.8,14901.55,14924.45,09:25:00,15017.433568872702,0,3
2021-03-15,14879.75,14917.9,14873.05,14917.9,09:30:00,15004.320848027684,0,4
2021-03-15,14853.8,14878.95,14830.85,14878.95,09:35:00,14989.985529167903,0,5
2021-03-15,14822.55,14851.1,14818.5,14851.1,09:40:00,14974.039288294767,0,6
2021-03-15,14869.9,14877.25,14821.2,14823.4,09:45:00,14964.121260838125,0,7
2021-03-15,14884.7,14885.95,14849.55,14870.85,09:50:00,14956.557331234491,0,8
2021-03-15,14890.2,14900.85,14873.5,14886.0,09:55:00,14950.237585402638,0,9
2021-03-15,14845.65,14894.5,14839.7,14889.95,10:00:00,14940.27686298334,0,10
2021-03-15,14853.5,14857.7,14833.3,14844.35,10:05:00,14932.01239984207,0,11
2021-03-15,14868.3,14878.35,14846.95,14851.25,10:10:00,14925.944552238065,0,12
2021-03-15,14882.5,14887.95,14855.4,14866.85,10:15:00,14921.806975834435,0,13
2021-03-15,14901.85,14903.4,14880.4,14882.3,10:20:00,14919.906311469253,0,14
2021-03-15,14879.0,14906.25,14876.75,14901.35,10:25:00,14916.010472281703,0,15
2021-03-15,14871.9,14897.9,14871.75,14880.55,10:30:00,14911.809474921543,0,16
2021-03-15,14878.65,14883.25,14866.45,14871.65,10:35:00,14908.65142969092,0,17
2021-03-15,14869.2,14881.6,14869.2,14877.95,10:40:00,14904.89415067274,0,18
2021-03-15,14876.5,14877.0,14853.8,14868.6,10:45:00,14902.189945846763,0,19
2021-03-15,14866.5,14875.85,14855.1,14875.8,10:50:00,14898.790903385168,0,20
2021-03-15,14835.65,14870.8,14835.25,14866.35,10:55:00,14892.77748401515,0,21
2021-03-15,14805.9,14840.05,14805.8,14837.1,11:00:00,14884.50343791847,0,22
2021-03-15,14822.7,14825.05,14802.9,14806.65,11:05:00,14878.61739621195,0,23
2021-03-15,14812.0,14825.2,14798.55,14821.7,11:10:00,14872.272882287,0,24
2021-03-15,14793.25,14811.45,14787.3,14811.2,11:15:00,14864.746893497762,0,25
2021-03-15,14800.9,14801.2,14776.2,14790.45,11:20:00,14858.666236974166,0,26
2021-03-15,14812.5,14817.4,14800.15,14800.15,11:25:00,14854.269452500435,0,27
2021-03-15,14805.15,14825.0,14803.55,14812.65,11:30:00,14849.591409405157,0,28
2021-03-15,14808.95,14820.0,14801.35,14804.1,11:35:00,14845.720798985618,0,29
2021-03-15,14807.95,14816.3,14807.65,14808.9,11:40:00,14842.123580034606,0,30
2021-03-15,14785.1,14809.45,14783.15,14807.5,11:45:00,14836.692762888451,0,31
2021-03-15,14802.0,14802.75,14785.45,14785.45,11:50:00,14833.38869023241,0,32
2021-03-15,14822.55,14822.55,14797.5,14800.6,11:55:00,14832.3564340198,0,33
2021-03-15,14829.6,14839.55,14821.95,14822.8,12:00:00,14832.093916494105,0,34
2021-03-15,14835.55,14848.4,14827.0,14828.65,12:05:00,14832.42306730419,0,35
2021-03-15,14821.35,14835.4,14820.95,14835.4,12:10:00,14831.368489465694,0,36
2021-03-15,14805.9,14820.95,14798.75,14820.55,12:15:00,14828.942919040392,0,37
2021-03-15,14805.9,14817.55,14802.0,14805.1,12:20:00,14826.74835532226,0,38
2021-03-15,14809.9,14810.5,14800.6,14804.5,12:25:00,14825.143750053474,0,39
2021-03-15,14789.55,14811.2,14787.9,14810.05,12:30:00,14821.753869096,0,40
2021-03-15,14772.3,14790.25,14765.75,14790.25,12:35:00,14817.043976801142,0,41
2021-03-15,14768.65,14773.65,14756.75,14771.5,12:40:00,14812.435026629604,0,42
2021-03-15,14791.3,14797.25,14763.4,14768.8,12:45:00,14810.422166950591,0,43
2021-03-15,14777.5,14801.5,14776.65,14791.55,12:50:00,14807.286722479108,0,44
2021-03-15,14776.4,14784.7,14772.7,14777.7,12:55:00,14804.34512986205,0,45
2021-03-15,14766.6,14775.0,14750.35,14775.0,13:00:00,14800.750355589476,0,46
2021-03-15,14751.45,14775.45,14745.85,14770.0,13:05:00,14796.055083628573,0,47
2021-03-15,14765.45,14767.6,14749.4,14751.1,13:10:00,14793.140313759184,0,48
2021-03-15,14769.9,14777.6,14761.2,14764.95,13:15:00,14790.926950544024,0,49
2021-03-15,14784.2,14788.35,14757.6,14769.3,13:20:00,14790.286288587453,0,50
2021-03-15,14776.3,14786.0,14772.55,14784.8,13:25:00,14788.954261102932,0,51
2021-03-15,14773.15,14785.8,14764.2,14777.7,13:30:00,14787.449093378844,0,52
2021-03-15,14807.3,14821.25,14772.55,14772.75,13:35:00,14789.339655914191,0,53
2021-03-15,14808.75,14815.45,14784.75,14807.55,13:40:00,14791.188260112842,0,54
2021-03-15,14812.9,14819.0,14804.7,14809.35,13:45:00,14793.256044864,0,55
2021-03-15,14821.45,14836.75,14801.5,14813.4,13:50:00,14795.94118344838,0,56
2021-03-15,14813.7,14840.45,14812.9,14822.85,13:55:00,14797.63249931044,0,57
2021-03-15,14787.55,14830.85,14787.0,14815.9,14:00:00,14796.672261280872,0,58
2021-03-15,14790.75,14802.5,14782.5,14787.95,14:05:00,14796.10823639698,0,59
2021-03-15,14806.75,14806.75,14784.25,14791.05,14:10:00,14797.121737692503,0,60
2021-03-15,14805.8,14822.45,14803.1,14806.05,14:15:00,14797.948238864648,0,61
2021-03-15,14812.6,14816.5,14798.8,14805.0,14:20:00,14799.343644687062,0,62
2021-03-15,14823.15,14830.55,14807.05,14812.0,14:25:00,14801.610916621628,0,63
2021-03-15,14818.25,14834.3,14815.95,14824.6,14:30:00,14803.195591229092,0,64
2021-03-15,14849.45,14857.25,14818.3,14818.3,14:35:00,14807.600773016798,0,65
2021-03-15,14855.25,14866.75,14848.25,14849.85,14:40:00,14812.138794634246,0,66
2021-03-15,14856.75,14863.85,14848.2,14855.75,14:45:00,14816.387480859556,0,67
2021-03-15,14877.8,14878.3,14850.25,14857.05,14:50:00,14822.236292206264,0,68
2021-03-15,14894.8,14901.3,14880.05,14880.05,14:55:00,14829.147121519953,0,69
2021-03-15,14931.85,14937.0,14894.9,14895.75,15:00:00,14838.928348041864,0,70
2021-03-15,14953.95,14961.4,14925.7,14931.9,15:05:00,14849.882791085496,0,71
2021-03-15,14924.65,14953.95,14919.15,14953.1,15:10:00,14857.003477648785,0,72
2021-03-15,14918.0,14940.9,14917.9,14924.1,15:15:00,14862.81267025366,0,73
2021-03-15,14911.6,14936.3,14911.6,14918.15,15:20:00,14867.459082610454,0,74
2021-03-15,14923.05,14924.25,14907.4,14910.6,15:25:00,14872.753455695172,0,75
2021-03-16,14977.55,15016.15,14972.55,15005.2,09:15:00,14882.734078962298,1,1
2021-03-16,14979.4,15004.05,14967.45,14978.3,09:20:00,14891.940357156363,1,2
2021-03-16,14978.15,14998.75,14974.45,14979.75,09:25:00,14900.15079933195,1,3
2021-03-16,15004.85,15009.05,14972.4,14977.95,09:30:00,14910.122151776526,1,4
2021-03-16,14989.7,15010.15,14987.75,15005.65,09:35:00,14917.700994464476,1,5
2021-03-16,14958.3,14996.9,14946.5,14989.8,09:40:00,14921.56756642024,1,6
2021-03-16,14965.5,14970.15,14953.9,14958.45,09:45:00,14925.751607713551,1,7
2021-03-16,14950.7,14965.25,14939.45,14965.25,09:50:00,14928.127645074166,1,8
2021-03-16,14986.05,14994.9,14947.35,14951.4,09:55:00,14933.644059829008,1,9
2021-03-16,14974.55,14996.3,14974.55,14982.1,10:00:00,14937.539863654816,1,10
2021-03-16,14973.55,14978.95,14966.45,14973.4,10:05:00,14940.969400449594,1,11
2021-03-16,14984.75,14987.55,14965.75,14972.6,10:10:00,14945.138981359156,1,12
2021-03-16,14990.8,14996.25,14980.8,14980.9,10:15:00,14949.48764980114,1,13
2021-03-16,14997.75,15012.1,14989.75,14991.2,10:20:00,14954.084064105791,1,14
2021-03-16,15019.4,15019.95,14989.25,14997.45,10:25:00,14960.30462942905,1,15
2021-03-16,15034.25,15047.8,15022.9,15023.0,10:30:00,14967.347045673903,1,16
2021-03-16,15027.65,15039.35,15023.15,15033.7,10:35:00,14973.090184181152,1,17
2021-03-16,15046.8,15051.6,15028.8,15028.8,10:40:00,14980.11016664009,1,18
2021-03-16,15038.1,15047.45,15027.45,15046.75,10:45:00,14985.633007912464,1,19
2021-03-16,15032.65,15042.05,15029.05,15037.55,10:50:00,14990.110816682703,1,20
2021-03-16,15019.35,15034.45,15017.9,15030.8,10:55:00,14992.89550080816,1,21
2021-03-16,15030.05,15033.55,15019.5,15020.2,11:00:00,14996.434024540717,1,22
2021-03-16,15038.0,15038.65,15025.15,15030.35,11:05:00,15000.392688870172,1,23
2021-03-16,15028.75,15039.05,15026.45,15037.4,11:10:00,15003.09338516825,1,24
2021-03-16,15009.2,15029.35,15000.75,15028.4,11:15:00,15003.67496753318,1,25
2021-03-16,15015.25,15016.0,15001.2,15009.85,11:20:00,15004.77735157764,1,26
2021-03-16,14990.6,15020.3,14990.05,15016.4,11:25:00,15003.427127617862,1,27
2021-03-16,14988.3,14997.15,14981.8,14990.0,11:30:00,15001.986448797114,1,28
2021-03-16,14981.65,14991.8,14976.55,14988.65,11:35:00,15000.04964414977,1,29
2021-03-16,14969.1,14981.4,14963.55,14981.4,11:40:00,14997.10205899265,1,30
2021-03-16,14994.25,14994.35,14968.15,14968.6,11:45:00,14996.830434326685,1,31
2021-03-16,14979.2,14993.85,14977.85,14993.7,11:50:00,14995.151345343187,1,32
2021-03-16,14978.7,14983.35,14975.3,14979.0,11:55:00,14993.5845505486,1,33
2021-03-16,15020.45,15037.05,14973.85,14978.2,12:00:00,14996.143164782066,1,34
2021-03-16,15006.85,15030.3,15006.05,15019.3,12:05:00,14997.162863374251,1,35
2021-03-16,14990.1,15007.55,14986.05,15006.65,12:10:00,14996.49020971956,1,36
2021-03-16,15004.6,15007.5,14989.45,14989.45,12:15:00,14997.262570698653,1,37
2021-03-16,14988.65,15004.2,14987.6,15004.2,12:20:00,14996.442325870208,1,38
2021-03-16,14981.0,14992.65,14979.05,14988.1,12:25:00,14994.971628168283,1,39
2021-03-16,14989.5,14997.05,14974.1,14982.45,12:30:00,14994.450520723683,1,40
2021-03-16,14987.1,14991.5,14983.8,14989.35,12:35:00,14993.750471130952,1,41
2021-03-16,14994.7,14995.65,14979.5,14986.7,12:40:00,14993.840902451817,1,42
2021-03-16,14986.2,14994.2,14983.4,14994.2,12:45:00,14993.113197456403,1,43
2021-03-16,14985.75,14994.4,14981.05,14985.9,12:50:00,14992.411940555794,1,44
2021-03-16,14986.0,14989.15,14981.5,14985.55,12:55:00,14991.80127955048,1,45
2021-03-16,14988.05,14988.05,14975.95,14985.7,13:00:00,14991.444014831386,1,46
2021-03-16,14964.9,15009.6,14964.9,14988.1,13:05:00,14988.916013418871,1,47
2021-03-16,14939.25,14965.85,14928.1,14962.3,13:10:00,14984.18591690279,1,48
2021-03-16,14937.9,14942.35,14912.85,14938.55,13:15:00,14979.77773434062,1,49
2021-03-16,14933.6,14948.8,14924.9,14937.2,13:20:00,14975.379854879608,1,50
2021-03-16,14917.1,14934.8,14917.1,14933.05,13:25:00,14969.82939251012,1,51
2021-03-16,14914.95,14935.85,14911.2,14914.55,13:30:00,14964.602783699633,1,52
2021-03-16,14894.3,14914.6,14892.85,14914.6,13:35:00,14957.907280490144,1,53
2021-03-16,14936.25,14939.1,14894.25,14894.25,13:40:00,14955.844682348226,1,54
2021-03-16,14926.25,14949.15,14925.95,14936.95,13:45:00,14953.026141172204,1,55
2021-03-16,14941.55,14945.15,14920.95,14925.6,13:50:00,14951.93317534628,1,56
2021-03-16,14934.8,14945.65,14930.25,14941.4,13:55:00,14950.30144436092,1,57
2021-03-16,14953.05,14964.6,14928.6,14935.3,14:00:00,14950.563211564642,1,58
2021-03-16,14930.1,14956.35,14929.3,14954.45,14:05:00,14948.614334272772,1,59
2021-03-16,14913.5,14929.35,14904.5,14929.35,14:10:00,14945.27011196108,1,60
2021-03-16,14918.5,14928.4,14910.2,14913.1,14:15:00,14942.720577488595,1,61
2021-03-16,14923.7,14933.3,14918.25,14918.55,14:20:00,14940.909093918252,1,62
2021-03-16,14930.35,14933.3,14920.3,14924.1,14:25:00,14939.903465926036,1,63
2021-03-16,14938.5,14957.0,14930.1,14930.95,14:30:00,14939.76980250451,1,64
2021-03-16,14950.75,14954.3,14927.45,14937.25,14:35:00,14940.81553559932,1,65
2021-03-16,14933.55,14955.65,14930.15,14952.65,14:40:00,14940.123579827956,1,66
2021-03-16,14933.95,14940.8,14930.05,14933.05,14:45:00,14939.53561984434,1,67
2021-03-16,14938.7,14949.8,14932.2,14933.4,14:50:00,14939.456037002024,1,68
2021-03-16,14945.95,14946.85,14934.3,14938.5,14:55:00,14940.074509668497,1,69
2021-03-16,14918.6,14964.35,14905.4,14947.4,15:00:00,14938.029318271496,1,70
2021-03-16,14894.9,14918.95,14890.65,14918.95,15:05:00,14933.9217641504,1,71
2021-03-16,14900.5,14906.35,14895.0,14895.2,15:10:00,14930.73873899322,1,72
2021-03-16,14904.1,14909.55,14898.1,14900.3,15:15:00,14928.20171623196,1,73
2021-03-16,14915.3,14918.95,14900.9,14903.55,15:20:00,14926.972981352726,1,74
2021-03-16,14924.0,14926.3,14915.45,14915.45,15:25:00,14926.689840271516,1,75
2021-03-17,14892.85,14956.55,14884.55,14955.7,09:15:00,14923.466998340897,2,1
2021-03-17,14925.6,14931.15,14895.6,14896.15,09:20:00,14923.670141356048,2,2
2021-03-17,14929.4,14932.65,14903.2,14925.1,09:25:00,14924.21584217928,2,3
2021-03-17,14932.75,14942.65,14924.1,14930.6,09:30:00,14925.028619114588,2,4
2021-03-17,14923.2,14934.55,14917.45,14932.7,09:35:00,14924.854464913198,2,5
2021-03-17,14915.1,14922.95,14910.75,14922.95,09:40:00,14923.925468254798,2,6
2021-03-17,14899.45,14919.0,14899.45,14914.6,09:45:00,14921.594471278151,2,7
2021-03-17,14899.25,14908.95,14897.2,14898.6,09:50:00,14919.466426394518,2,8
2021-03-17,14891.3,14904.75,14889.85,14899.05,09:55:00,14916.78390959504,2,9
2021-03-17,14895.0,14896.3,14881.75,14891.2,10:00:00,14914.70925153837,2,10
2021-03-17,14902.05,14908.4,14888.25,14895.45,10:05:00,14913.503608534716,2,11
2021-03-17,14866.15,14902.35,14861.25,14901.45,10:10:00,14908.99374105522,2,12
2021-03-17,14867.1,14870.3,14850.7,14865.65,10:15:00,14905.00386095472,2,13
2021-03-17,14858.25,14869.5,14858.1,14867.35,10:20:00,14900.551112292367,2,14
2021-03-17,14867.4,14868.55,14846.15,14858.05,10:25:00,14897.393863502615,2,15
2021-03-17,14871.85,14882.3,14864.5,14866.5,10:30:00,14894.961114597609,2,16
2021-03-17,14889.3,14890.05,14866.9,14871.2,10:35:00,14894.421960826408,2,17
2021-03-17,14877.1,14889.75,14876.45,14889.4,10:40:00,14892.772250271511,2,18
2021-03-17,14872.7,14876.85,14860.2,14876.85,10:45:00,14890.860607388511,2,19
2021-03-17,14877.0,14878.3,14870.5,14873.15,10:50:00,14889.540549541987,2,20
2021-03-17,14869.5,14879.8,14864.4,14877.65,10:55:00,14887.631925776084,2,21
2021-03-17,14863.4,14871.3,14863.1,14870.1,11:00:00,14885.324123321216,2,22
2021-03-17,14858.55,14863.45,14855.15,14862.55,11:05:00,14882.774206814436,2,23
2021-03-17,14874.8,14875.3,14859.05,14859.35,11:10:00,14882.014758546396,2,24
2021-03-17,14886.5,14887.25,14872.85,14874.6,11:15:00,14882.44192439912,2,25
2021-03-17,14899.85,14907.0,14886.8,14886.8,11:20:00,14884.099836361109,2,26
2021-03-17,14931.95,14933.05,14898.85,14899.5,11:25:00,14888.656994802906,2,27
2021-03-17,14935.6,14950.45,14932.25,14932.7,11:30:00,14893.12775720263,2,28
2021-03-17,14920.15,14935.15,14917.05,14935.15,11:35:00,14895.701304135711,2,29
2021-03-17,14916.8,14925.0,14911.75,14919.7,11:40:00,14897.710703741835,2,30
2021-03-17,14917.05,14930.2,14914.1,14917.05,11:45:00,14899.552541480709,2,31
2021-03-17,14900.95,14916.5,14900.95,14916.5,11:50:00,14899.685632768258,2,32
2021-03-17,14891.7,14910.2,14889.45,14901.15,11:55:00,14898.92509631414,2,33
2021-03-17,14882.05,14900.4,14881.5,14892.3,12:00:00,14897.31794428422,2,34
2021-03-17,14864.35,14886.7,14862.55,14881.45,12:05:00,14894.178140066677,2,35
2021-03-17,14861.7,14871.7,14856.65,14865.25,12:10:00,14891.084983869849,2,36
2021-03-17,14855.15,14872.7,14852.25,14861.05,12:15:00,14887.662604453672,2,37
2021-03-17,14851.55,14862.45,14844.95,14854.3,12:20:00,14884.223308791416,2,38
2021-03-17,14860.75,14863.8,14848.05,14851.1,12:25:00,14881.987755573184,2,39
2021-03-17,14856.35,14868.5,14855.9,14862.15,12:30:00,14879.546064566215,2,40
2021-03-17,14840.65,14855.9,14833.3,14855.9,12:35:00,14875.84167746467,2,41
2021-03-17,14849.9,14850.5,14832.4,14840.3,12:40:00,14873.371041515653,2,42
2021-03-17,14829.05,14862.85,14823.4,14850.25,12:45:00,14869.149989942733,2,43
2021-03-17,14824.15,14837.6,14823.75,14828.3,12:50:00,14864.864276614857,2,44
2021-03-17,14837.95,14841.8,14824.55,14824.55,12:55:00,14862.301012175343,2,45
2021-03-17,14827.35,14840.0,14821.45,14838.8,13:00:00,14858.972344349122,2,46
2021-03-17,14833.15,14841.6,14826.2,14828.0,13:05:00,14856.51307345873,2,47
2021-03-17,14830.15,14840.6,14827.95,14833.05,13:10:00,14854.002304557898,2,48
2021-03-17,14854.65,14855.2,14830.35,14830.35,13:15:00,14854.0639898381,2,49
2021-03-17,14840.95,14863.7,14840.35,14854.75,13:20:00,14852.815038424947,2,50
2021-03-17,14841.4,14842.3,14835.05,14841.5,13:25:00,14851.727891908286,2,51
2021-03-17,14852.95,14863.15,14833.2,14841.3,13:30:00,14851.844283155116,2,52
2021-03-17,14848.9,14856.05,14842.3,14853.35,13:35:00,14851.56387523558,2,53
2021-03-17,14842.8,14855.15,14839.9,14849.15,13:40:00,14850.729220451238,2,54
2021-03-17,14822.9,14849.95,14819.75,14843.45,13:45:00,14848.078818503502,2,55
2021-03-17,14807.2,14823.3,14803.05,14823.0,13:50:00,14844.185597693646,2,56
2021-03-17,14810.75,14818.9,14806.25,14806.6,13:55:00,14841.001255056157,2,57
2021-03-17,14791.1,14823.4,14790.65,14811.1,14:00:00,14836.248754574615,2,58
2021-03-17,14788.85,14795.05,14779.2,14791.15,14:05:00,14831.734587472272,2,59
2021-03-17,14791.0,14800.25,14787.55,14789.1,14:10:00,14827.855102951104,2,60
2021-03-17,14778.85,14798.1,14766.45,14790.95,14:15:00,14823.187950289092,2,61
2021-03-17,14778.25,14781.75,14764.95,14779.9,14:20:00,14818.908145499656,2,62
2021-03-17,14788.35,14801.8,14778.95,14779.1,14:25:00,14815.99784592826,2,63
2021-03-17,14781.55,14789.05,14771.25,14788.8,14:30:00,14812.717098696996,2,64
2021-03-17,14784.25,14794.15,14780.95,14782.15,14:35:00,14810.005946440138,2,65
2021-03-17,14784.65,14793.4,14774.5,14783.25,14:40:00,14807.59109439822,2,66
2021-03-17,14784.25,14792.65,14782.25,14784.85,14:45:00,14805.36813302696,2,67
2021-03-17,14784.2,14787.3,14779.55,14784.0,14:50:00,14803.352120357726,2,68
2021-03-17,14793.4,14800.35,14773.15,14784.05,14:55:00,14802.404299371276,2,69
2021-03-17,14753.15,14800.45,14753.15,14792.5,15:00:00,14797.713413716869,2,70
2021-03-17,14710.1,14754.45,14707.55,14752.45,15:05:00,14789.369279077166,2,71
2021-03-17,14698.85,14714.85,14696.05,14710.3,15:10:00,14780.748395355531,2,72
2021-03-17,14714.35,14722.8,14698.2,14698.2,15:15:00,14774.424738655003,2,73
2021-03-17,14703.3,14724.1,14701.2,14716.0,15:20:00,14767.650954021194,2,74
2021-03-17,14706.1,14710.25,14701.6,14703.5,15:25:00,14761.788958400128,2,75
2021-03-18,14836.95,14875.2,14835.8,14837.35,09:15:00,14768.947152838213,3,1
2021-03-18,14829.3,14862.4,14828.15,14838.65,09:20:00,14774.695043044096,3,2
2021-03-18,14832.3,14837.75,14808.1,14829.85,09:25:00,14780.181229420848,3,3
2021-03-18,14842.85,14849.05,14830.6,14832.45,09:30:00,14786.14968376172,3,4
2021-03-18,14851.95,14852.65,14835.6,14842.45,09:35:00,14792.416380546318,3,5
2021-03-18,14859.55,14860.0,14839.7,14853.7,09:40:00,14798.810058589526,3,6
2021-03-18,14852.2,14861.25,14842.45,14860.05,09:45:00,14803.894814914334,3,7
2021-03-18,14831.05,14852.5,14830.3,14852.3,09:50:00,14806.481023017732,3,8
2021-03-18,14823.6,14835.65,14816.25,14830.75,09:55:00,14808.111401777947,3,9
2021-03-18,14827.25,14830.65,14812.6,14824.05,10:00:00,14809.934125418144,3,10
2021-03-18,14822.25,14839.05,14820.65,14826.9,10:05:00,14811.10706585451,3,11
2021-03-18,14807.85,14823.2,14803.95,14822.65,10:10:00,14810.796869106462,3,12
2021-03-18,14800.2,14814.25,14795.3,14808.1,10:15:00,14809.787643477272,3,13
2021-03-18,14802.35,14810.7,14799.6,14799.75,10:20:00,14809.079296479438,3,14
2021-03-18,14801.2,14803.0,14787.85,14802.7,10:25:00,14808.32888729092,3,15
2021-03-18,14776.2,14801.65,14774.0,14801.65,10:30:00,14805.268993263213,3,16
2021-03-18,14775.95,14784.8,14770.85,14775.1,10:35:00,14802.476708190528,3,17
2021-03-18,14769.7,14776.8,14757.9,14776.8,10:40:00,14799.355116934286,3,18
2021-03-18,14797.0,14798.45,14769.55,14770.6,10:45:00,14799.130820083405,3,19
2021-03-18,14801.8,14808.25,14794.25,14796.4,10:50:00,14799.385027694509,3,20
2021-03-18,14790.25,14802.0,14785.85,14801.55,10:55:00,14798.515025056937,3,21
2021-03-18,14797.25,14800.85,14789.8,14790.7,11:00:00,14798.394546480084,3,22
2021-03-18,14794.15,14797.4,14786.6,14797.2,11:05:00,14797.990303958171,3,23
2021-03-18,14785.05,14795.5,14782.75,14794.25,11:10:00,14796.757894057397,3,24
2021-03-18,14777.65,14791.25,14775.65,14785.25,11:15:00,14794.938094623358,3,25
2021-03-18,14781.75,14782.2,14770.15,14778.05,11:20:00,14793.682085611608,3,26
2021-03-18,14779.2,14786.25,14777.5,14782.1,11:25:00,14792.302839362885,3,27
2021-03-18,14787.4,14792.35,14779.6,14780.15,11:30:00,14791.835902280702,3,28
2021-03-18,14777.65,14786.6,14774.6,14786.6,11:35:00,14790.484863968251,3,29
2021-03-18,14777.65,14779.8,14768.75,14777.95,11:40:00,14789.262495971276,3,30
2021-03-18,14788.0,14788.0,14773.9,14776.4,11:45:00,14789.142258259726,3,31
2021-03-18,14798.2,14804.6,14787.8,14787.8,11:50:00,14790.004900330228,3,32
2021-03-18,14806.5,14806.5,14794.85,14797.45,11:55:00,14791.57586220354,3,33
2021-03-18,14801.85,14814.5,14798.8,14807.0,12:00:00,14792.554351517489,3,34
2021-03-18,14804.75,14806.55,14795.2,14801.05,12:05:00,14793.715841849156,3,35
2021-03-18,14825.95,14828.45,14803.0,14804.95,12:10:00,14796.785761673047,3,36
2021-03-18,14810.85,14830.6,14807.0,14825.3,12:15:00,14798.12521294228,3,37
2021-03-18,14808.15,14811.8,14804.0,14811.0,12:20:00,14799.079954566823,3,38
2021-03-18,14811.55,14816.2,14803.65,14808.85,12:25:00,14800.267577941411,3,39
2021-03-18,14792.5,14812.85,14787.55,14811.05,12:30:00,14799.527808613657,3,40
2021-03-18,14794.55,14798.8,14787.6,14791.85,12:35:00,14799.053731602831,3,41
2021-03-18,14800.0,14803.35,14791.15,14793.75,12:40:00,14799.143852402563,3,42
2021-03-18,14794.75,14800.45,14792.65,14800.45,12:45:00,14798.725390268986,3,43
2021-03-18,14779.8,14795.0,14779.15,14794.9,12:50:00,14796.922972148132,3,44
2021-03-18,14771.45,14780.4,14761.3,14780.35,12:55:00,14794.49697480069,3,45
2021-03-18,14756.7,14771.0,14755.55,14771.0,13:00:00,14790.89726291491,3,46
2021-03-18,14744.65,14763.55,14736.4,14756.95,13:05:00,14786.492761684918,3,47
2021-03-18,14708.85,14744.8,14706.1,14744.4,13:10:00,14779.098212953022,3,48
2021-03-18,14655.8,14716.9,14654.35,14707.7,13:15:00,14767.355526005114,3,49
2021-03-18,14657.8,14686.05,14652.0,14654.05,13:20:00,14756.92166638558,3,50
2021-03-18,14636.5,14658.75,14624.7,14658.75,13:25:00,14745.45293625362,3,51
2021-03-18,14618.6,14635.5,14576.55,14635.5,13:30:00,14733.371704229468,3,52
2021-03-18,14609.7,14640.2,14601.0,14619.6,13:35:00,14721.593446683804,3,53
2021-03-18,14612.0,14621.5,14595.95,14608.1,13:40:00,14711.15597557106,3,54
2021-03-18,14632.75,14649.1,14611.9,14611.9,13:45:00,14703.688739802388,3,55
2021-03-18,14622.85,14644.65,14620.25,14631.25,13:50:00,14695.98981220216,3,56
2021-03-18,14572.1,14625.5,14571.75,14622.4,13:55:00,14684.19078246862,3,57
2021-03-18,14568.6,14582.95,14556.2,14571.6,14:00:00,14673.182136519228,3,58
2021-03-18,14574.0,14586.8,14554.6,14568.7,14:05:00,14663.736218755492,3,59
2021-03-18,14506.0,14578.55,14502.55,14574.15,14:10:00,14648.71372173116,3,60
2021-03-18,14500.85,14523.85,14478.6,14507.1,14:15:00,14634.631462518668,3,61
2021-03-18,14500.5,14512.0,14480.7,14502.05,14:20:00,14621.85703751689,3,62
2021-03-18,14517.65,14528.05,14498.8,14500.35,14:25:00,14611.932557753376,3,63
2021-03-18,14534.5,14555.7,14513.85,14518.45,14:30:00,14604.558028443533,3,64
2021-03-18,14552.0,14564.2,14530.75,14535.05,14:35:00,14599.5525019251,3,65
2021-03-18,14511.5,14564.0,14498.35,14551.75,14:40:00,14591.166549360803,3,66
2021-03-18,14519.95,14520.6,14494.0,14511.3,14:45:00,14584.384020850252,3,67
2021-03-18,14527.55,14532.95,14511.3,14520.35,14:50:00,14578.97125695975,3,68
2021-03-18,14526.15,14546.95,14521.7,14527.7,14:55:00,14573.940661058825,3,69
2021-03-18,14520.45,14532.2,14500.5,14526.45,15:00:00,14568.846312386551,3,70
2021-03-18,14543.95,14548.15,14506.55,14521.3,15:05:00,14566.475235016404,3,71
2021-03-18,14586.15,14586.2,14544.4,14544.45,15:10:00,14568.3490221577,3,72
2021-03-18,14581.0,14590.55,14572.1,14588.0,15:15:00,14569.5538771903,3,73
2021-03-18,14571.2,14584.4,14555.15,14580.85,15:20:00,14569.710650791225,3,74
2021-03-18,14582.6,14587.65,14559.05,14571.0,15:25:00,14570.938207858726,3,75
2021-03-19,14420.75,14492.35,14418.0,14478.9,09:15:00,14556.634569015036,4,1
2021-03-19,14436.8,14462.45,14423.95,14423.95,09:20:00,14545.221752918367,4,2
2021-03-19,14374.45,14437.55,14369.05,14437.55,09:25:00,14528.957776449952,4,3
2021-03-19,14394.55,14398.7,14350.1,14374.15,09:30:00,14516.15703583567,4,4
2021-03-19,14404.05,14419.65,14374.85,14393.25,09:35:00,14505.48017527989,4,5
2021-03-19,14421.25,14437.7,14404.45,14404.45,09:40:00,14497.458253824663,4,6
2021-03-19,14430.4,14445.65,14406.05,14419.85,09:45:00,14491.071753460408,4,7
2021-03-19,14469.05,14469.05,14430.5,14430.5,09:50:00,14488.974443607036,4,8
2021-03-19,14470.2,14476.8,14444.3,14468.7,09:55:00,14487.186401358747,4,9
2021-03-19,14474.25,14484.7,14445.15,14469.6,10:00:00,14485.954363134106,4,10
2021-03-19,14512.3,14514.1,14462.2,14474.4,10:05:00,14488.463471407047,4,11
2021-03-19,14500.9,14519.2,14494.7,14511.8,10:10:00,14489.647902701616,4,12
2021-03-19,14485.75,14516.6,14473.0,14500.7,10:15:00,14489.276673872891,4,13
2021-03-19,14526.3,14526.95,14458.0,14483.75,10:20:00,14492.802704932616,4,14
2021-03-19,14525.75,14542.45,14511.3,14527.4,10:25:00,14495.940542558084,4,15
2021-03-19,14531.85,14540.3,14512.8,14525.4,10:30:00,14499.360490885883,4,16
2021-03-19,14529.65,14547.35,14505.45,14532.4,10:35:00,14502.24520603961,4,17
2021-03-19,14525.55,14542.6,14522.5,14528.05,10:40:00,14504.464710226312,4,18
2021-03-19,14573.8,14578.9,14510.35,14525.05,10:45:00,14511.06807115714,4,19
2021-03-19,14589.8,14591.1,14555.35,14573.95,10:50:00,14518.566350094556,4,20
2021-03-19,14598.35,14599.15,14567.9,14590.15,10:55:00,14526.164792942694,4,21
2021-03-19,14623.95,14630.05,14603.1,14603.4,11:00:00,14535.477669805296,4,22
2021-03-19,14610.3,14640.7,14609.2,14625.0,11:05:00,14542.603606014316,4,23
2021-03-19,14615.55,14642.8,14609.7,14610.85,11:10:00,14549.550881632002,4,24
2021-03-19,14589.0,14622.9,14557.3,14613.25,11:15:00,14553.307940524192,4,25
2021-03-19,14571.85,14594.2,14571.85,14587.7,11:20:00,14555.07385095046,4,26
2021-03-19,14580.05,14590.1,14544.65,14571.1,11:25:00,14557.45253181232,4,27
2021-03-19,14558.4,14586.15,14557.15,14578.75,11:30:00,14557.542766877812,4,28
2021-03-19,14546.55,14566.7,14535.65,14557.45,11:35:00,14556.495836698972,4,29
2021-03-19,14521.4,14552.55,14516.15,14545.15,11:40:00,14553.153376060976,4,30
2021-03-19,14531.9,14534.45,14505.3,14520.1,11:45:00,14551.129245007549,4,31
2021-03-19,14560.85,14566.35,14524.25,14530.95,11:50:00,14552.055031197306,4,32
2021-03-19,14565.4,14573.3,14540.35,14558.9,11:55:00,14553.325980607086,4,33
2021-03-19,14540.8,14570.8,14533.1,14566.25,12:00:00,14552.13303007308,4,34
2021-03-19,14529.0,14553.35,14520.0,14539.95,12:05:00,14549.929884351834,4,35
2021-03-19,14519.8,14528.1,14507.65,14527.1,12:10:00,14547.06037155642,4,36
2021-03-19,14535.0,14537.1,14494.65,14516.85,12:15:00,14545.911764741524,4,37
2021-03-19,14532.05,14550.55,14528.05,14533.0,12:20:00,14544.591596670904,4,38
2021-03-19,14544.9,14559.15,14520.3,14530.65,12:25:00,14544.620968416531,4,39
2021-03-19,14544.3,14548.5,14532.55,14544.2,12:30:00,14544.590399995908,4,40
2021-03-19,14576.0,14587.45,14542.35,14542.35,12:35:00,14547.58179047249,4,41
2021-03-19,14543.25,14584.05,14542.05,14574.9,12:40:00,14547.169238998918,4,42
2021-03-19,14587.05,14588.1,14535.4,14542.15,12:45:00,14550.967406713307,4,43
2021-03-19,14591.9,14599.7,14572.15,14586.7,12:50:00,14554.865748931088,4,44
2021-03-19,14562.75,14589.7,14557.3,14589.65,12:55:00,14555.61662998527,4,45
2021-03-19,14569.95,14576.6,14551.7,14561.65,13:00:00,14556.981712843815,4,46
2021-03-19,14559.85,14573.3,14551.65,14568.15,13:05:00,14557.254883049163,4,47
2021-03-19,14578.8,14587.0,14553.45,14559.65,13:10:00,14559.306798949245,4,48
2021-03-19,14584.1,14590.1,14565.9,14577.2,13:15:00,14561.668056192177,4,49
2021-03-19,14604.45,14621.15,14578.35,14583.3,13:20:00,14565.742527031016,4,50
2021-03-19,14595.0,14620.4,14594.8,14605.2,13:25:00,14568.528953028062,4,51
2021-03-19,14617.5,14627.0,14568.2,14590.85,13:30:00,14573.192862263484,4,52
2021-03-19,14618.2,14626.0,14606.35,14615.3,13:35:00,14577.479256333629,4,53
2021-03-19,14602.4,14637.85,14591.45,14616.75,13:40:00,14579.852660492332,4,54
2021-03-19,14619.7,14622.2,14595.0,14601.0,13:45:00,14583.647645207348,4,55
2021-03-19,14612.3,14635.0,14610.15,14617.95,13:50:00,14586.376440901886,4,56
2021-03-19,14665.15,14669.5,14609.15,14611.6,13:55:00,14593.878684625515,4,57
2021-03-19,14647.7,14685.0,14645.3,14666.4,14:00:00,14599.00452418499,4,58
2021-03-19,14672.5,14673.2,14646.35,14646.8,14:05:00,14606.004093310228,4,59
2021-03-19,14674.35,14692.95,14670.05,14671.85,14:10:00,14612.513227280682,4,60
2021-03-19,14653.15,14700.55,14638.95,14673.6,14:15:00,14616.383396111092,4,61
2021-03-19,14676.5,14684.6,14652.3,14652.3,14:20:00,14622.108786957657,4,62
2021-03-19,14688.2,14689.5,14663.25,14675.55,14:25:00,14628.403188199783,4,63
2021-03-19,14732.55,14734.05,14688.6,14688.6,14:30:00,14638.321932180756,4,64
2021-03-19,14731.8,14740.3,14718.45,14735.8,14:35:00,14647.2246053064,4,65
2021-03-19,14737.7,14750.6,14714.85,14732.7,14:40:00,14655.841309562931,4,66
2021-03-19,14740.45,14758.35,14732.6,14737.8,14:45:00,14663.89928008075,4,67
2021-03-19,14738.75,14752.35,14720.95,14739.05,14:50:00,14671.027920073058,4,68
2021-03-19,14763.2,14763.9,14729.05,14738.6,14:55:00,14679.806213399434,4,69
2021-03-19,14773.25,14777.1,14759.2,14762.0,15:00:00,14688.705621647106,4,70
2021-03-19,14770.3,14788.25,14763.2,14772.55,15:05:00,14696.476514823573,4,71
2021-03-19,14747.7,14770.65,14730.45,14770.25,15:10:00,14701.35494198323,4,72
2021-03-19,14729.0,14747.15,14713.05,14745.8,15:15:00,14703.987804651497,4,73
2021-03-19,14726.2,14728.8,14711.1,14727.25,15:20:00,14706.103251827542,4,74
2021-03-19,14737.05,14738.8,14715.05,14727.1,15:25:00,14709.0505611773,4,75
2021-03-22,14671.35,14738.95,14644.95,14738.95,09:15:00,14705.460031541366,0,1
2021-03-22,14683.1,14709.6,14673.35,14673.35,09:20:00,14703.330504727905,0,2
2021-03-22,14682.45,14684.45,14651.45,14682.05,09:25:00,14701.341885230007,0,3
2021-03-22,14707.65,14721.65,14679.15,14684.05,09:30:00,14701.942658065243,0,4
2021-03-22,14713.4,14722.4,14691.6,14708.1,09:35:00,14703.033833487603,0,5
2021-03-22,14717.4,14726.95,14712.65,14713.45,09:40:00,14704.402039822116,0,6
2021-03-22,14741.4,14756.75,14717.55,14718.2,09:45:00,14707.925655077152,0,7
2021-03-22,14747.2,14763.9,14743.45,14743.7,09:50:00,14711.666068879327,0,8
2021-03-22,14723.0,14748.9,14715.4,14748.05,09:55:00,14712.745490890822,0,9
2021-03-22,14711.35,14723.2,14693.15,14723.2,10:00:00,14712.612586996458,0,10
2021-03-22,14730.3,14730.8,14703.85,14712.5,10:05:00,14714.297102520604,0,11
2021-03-22,14731.8,14742.2,14724.9,14731.55,10:10:00,14715.964045137687,0,12
2021-03-22,14722.8,14734.75,14713.65,14731.7,10:15:00,14716.61508845791,0,13
2021-03-22,14705.0,14722.3,14700.3,14722.3,10:20:00,14715.508889557155,0,14
2021-03-22,14694.3,14705.55,14686.95,14704.5,10:25:00,14713.48899531362,0,15
2021-03-22,14691.2,14701.75,14680.85,14693.25,10:30:00,14711.36623385518,0,16
2021-03-22,14707.25,14714.05,14681.95,14692.05,10:35:00,14710.974211583256,0,17
2021-03-22,14686.35,14706.75,14680.95,14705.9,10:40:00,14708.629048575329,0,18
2021-03-22,14667.6,14691.6,14661.3,14686.9,10:45:00,14704.72152013958,0,19
2021-03-22,14667.7,14673.8,14653.15,14667.55,10:50:00,14701.195661078667,0,20
2021-03-22,14666.45,14675.1,14661.85,14667.65,10:55:00,14697.886550499748,0,21
2021-03-22,14657.5,14667.0,14641.55,14667.0,11:00:00,14694.040212356917,0,22
2021-03-22,14680.3,14686.05,14654.6,14657.2,11:05:00,14692.731620703877,0,23
2021-03-22,14684.2,14687.2,14669.25,14680.15,11:10:00,14691.919085398744,0,24
2021-03-22,14689.9,14696.05,14681.7,14684.0,11:15:00,14691.726791551244,0,25
2021-03-22,14680.05,14693.15,14672.15,14690.15,11:20:00,14690.614716165412,0,26
2021-03-22,14670.25,14679.7,14662.9,14679.65,11:25:00,14688.675219387753,0,27
2021-03-22,14674.9,14676.35,14657.05,14670.8,11:30:00,14687.363293731776,0,28
2021-03-22,14683.9,14696.1,14673.2,14675.3,11:35:00,14687.033456233512,0,29
2021-03-22,14686.6,14686.65,14677.7,14683.35,11:40:00,14686.992174687464,0,30
2021-03-22,14696.15,14697.25,14677.95,14685.85,11:45:00,14687.864348526751,0,31
2021-03-22,14709.75,14710.85,14694.3,14696.7,11:50:00,14689.948696286108,0,32
2021-03-22,14706.9,14721.85,14701.4,14712.95,11:55:00,14691.56310616362,0,33
2021-03-22,14686.8,14710.3,14684.65,14706.7,12:00:00,14691.109477005182,0,34
2021-03-22,14696.5,14701.4,14679.95,14687.25,12:05:00,14691.622860147543,0,35
2021-03-22,14681.0,14698.05,14679.85,14696.95,12:10:00,14690.611159181111,0,36
2021-03-22,14652.45,14680.2,14644.7,14680.2,12:15:00,14686.976763068627,0,37
2021-03-22,14648.95,14654.3,14636.6,14650.75,12:20:00,14683.3551665859,0,38
2021-03-22,14634.35,14649.4,14625.65,14649.4,12:25:00,14678.688007863437,0,39
2021-03-22,14634.35,14639.5,14615.1,14633.05,12:30:00,14674.46534044787,0,40
2021-03-22,14629.0,14632.75,14622.1,14632.75,12:35:00,14670.135308024264,0,41
2021-03-22,14617.3,14627.95,14612.9,14627.95,12:40:00,14665.103373926717,0,42
2021-03-22,14638.45,14644.7,14610.15,14615.65,12:45:00,14662.564957362263,0,43
2021-03-22,14626.25,14637.45,14620.2,14636.7,12:50:00,14659.106389994433,0,44
2021-03-22,14618.8,14627.25,14618.1,14624.55,12:55:00,14655.267686185438,0,45
2021-03-22,14609.5,14619.0,14598.25,14618.35,13:00:00,14650.908858929684,0,46
2021-03-22,14614.7,14626.8,14607.15,14608.8,13:05:00,14647.460396174474,0,47
2021-03-22,14626.4,14630.25,14613.75,14614.4,13:10:00,14645.45464415786,0,48
2021-03-22,14606.4,14633.2,14604.6,14625.9,13:15:00,14641.735154238064,0,49
2021-03-22,14612.25,14616.65,14597.85,14605.3,13:20:00,14638.927044310629,0,50
2021-03-22,14628.85,14638.25,14611.95,14611.95,13:25:00,14637.967325804855,0,51
2021-03-22,14625.15,14632.55,14617.85,14631.85,13:30:00,14636.746628109157,0,52
2021-03-22,14662.85,14666.55,14622.9,14623.95,13:35:00,14639.232663527331,0,53
2021-03-22,14672.5,14677.95,14654.65,14662.55,13:40:00,14642.400981286632,0,54
2021-03-22,14677.55,14688.5,14657.9,14671.75,13:45:00,14645.748506878384,0,55
2021-03-22,14682.75,14689.95,14676.05,14676.35,13:50:00,14649.272458604251,0,56
2021-03-22,14662.0,14693.95,14641.35,14682.9,13:55:00,14650.484605403846,0,57
2021-03-22,14675.75,14676.75,14654.35,14662.65,14:00:00,14652.890833460624,0,58
2021-03-22,14701.4,14711.55,14675.5,14675.5,14:05:00,14657.51075408342,0,59
2021-03-22,14693.55,14707.4,14691.4,14702.75,14:10:00,14660.943063218334,0,60
2021-03-22,14668.0,14713.85,14668.0,14694.1,14:15:00,14661.615152435636,0,61
2021-03-22,14678.05,14682.45,14655.25,14668.65,14:20:00,14663.180376013192,0,62
2021-03-22,14702.25,14704.05,14675.25,14675.75,14:25:00,14666.901292583369,0,63
2021-03-22,14694.25,14706.45,14688.0,14702.3,14:30:00,14669.505931384952,0,64
2021-03-22,14676.5,14693.1,14674.3,14692.95,14:35:00,14670.172033157814,0,65
2021-03-22,14669.85,14687.15,14662.65,14675.45,14:40:00,14670.14136333326,0,66
2021-03-22,14652.15,14677.35,14651.25,14669.45,14:45:00,14668.427900158666,0,67
2021-03-22,14669.9,14671.05,14645.3,14651.4,14:50:00,14668.568100143557,0,68
2021-03-22,14692.75,14693.65,14671.45,14671.45,14:55:00,14670.87113822512,0,69
2021-03-22,14716.0,14716.65,14678.35,14694.15,15:00:00,14675.169125060824,0,70
2021-03-22,14738.65,14740.3,14705.0,14716.85,15:05:00,14681.214922674078,0,71
2021-03-22,14756.3,14760.15,14738.35,14738.75,15:10:00,14688.365882419404,0,72
2021-03-22,14738.55,14760.1,14737.95,14757.5,15:15:00,14693.145322188984,0,73
2021-03-22,14747.75,14755.35,14733.65,14738.4,15:20:00,14698.345767694796,0,74
2021-03-22,14743.85,14754.4,14743.5,14747.3,15:25:00,14702.679504104814,0,75
2021-03-23,14795.15,14800.55,14743.4,14772.45,09:15:00,14711.486217999593,1,1
2021-03-23,14818.15,14825.15,14800.65,14807.15,09:20:00,14721.644673428204,1,2
2021-03-23,14834.75,14843.95,14821.25,14823.65,09:25:00,14732.416609292184,1,3
2021-03-23,14822.7,14837.75,14813.7,14834.35,09:30:00,14741.015027454832,1,4
2021-03-23,14808.5,14824.55,14802.85,14821.95,09:35:00,14747.44216769723,1,5
2021-03-23,14798.85,14814.85,14798.1,14809.05,09:40:00,14752.338151726066,1,6
2021-03-23,14795.0,14800.0,14786.2,14799.05,09:45:00,14756.401184895012,1,7
2021-03-23,14807.55,14813.75,14792.8,14795.85,09:50:00,14761.272500619298,1,8
2021-03-23,14815.25,14820.6,14807.5,14807.5,09:55:00,14766.413214846032,1,9
2021-03-23,14798.45,14815.85,14797.2,14815.85,10:00:00,14769.464337241649,1,10
2021-03-23,14788.75,14799.15,14784.45,14799.15,10:05:00,14771.301067028158,1,11
2021-03-23,14772.5,14789.0,14768.5,14789.0,10:10:00,14771.415251120714,1,12
2021-03-23,14763.15,14773.7,14758.0,14772.6,10:15:00,14770.628084347312,1,13
2021-03-23,14769.35,14787.05,14763.15,14763.2,10:20:00,14770.506362028522,1,14
2021-03-23,14762.65,14769.65,14759.9,14767.3,10:25:00,14769.758137073424,1,15
2021-03-23,14773.0,14773.0,14743.85,14762.5,10:30:00,14770.066885923576,1,16
2021-03-23,14791.4,14794.35,14772.4,14772.65,10:35:00,14772.098611073712,1,17
2021-03-23,14783.45,14798.05,14780.15,14791.2,10:40:00,14773.17969573336,1,18
2021-03-23,14774.4,14797.7,14772.55,14784.15,10:45:00,14773.295915187326,1,19
2021-03-23,14850.2,14867.35,14771.3,14773.95,10:50:00,14780.620113740912,1,20
2021-03-23,14834.8,14867.75,14829.15,14850.4,10:55:00,14785.780102908446,1,21
2021-03-23,14843.4,14850.65,14834.5,14835.0,11:00:00,14791.26771215526,1,22
2021-03-23,14811.65,14844.15,14808.75,14844.15,11:05:00,14793.208882426188,1,23
2021-03-23,14801.95,14820.45,14800.15,14812.05,11:10:00,14794.041369814173,1,24
2021-03-23,14804.8,14806.95,14787.95,14802.45,11:15:00,14795.06600126044,1,25
2021-03-23,14794.05,14816.6,14791.35,14806.35,11:20:00,14794.969239235636,1,26
2021-03-23,14780.05,14798.55,14776.35,14792.55,11:25:00,14793.548359308434,1,27
2021-03-23,14724.25,14785.75,14707.0,14778.05,11:30:00,14786.948515564773,1,28
2021-03-23,14756.8,14757.45,14714.05,14723.5,11:35:00,14784.077228368127,1,29
2021-03-23,14743.15,14756.35,14737.35,14756.35,11:40:00,14780.179397094971,1,30
2021-03-23,14718.85,14742.7,14718.85,14742.4,11:45:00,14774.338502133549,1,31
2021-03-23,14727.5,14734.2,14714.25,14718.3,11:50:00,14769.877692406542,1,32
2021-03-23,14750.6,14758.6,14725.25,14727.9,11:55:00,14768.041721701156,1,33
2021-03-23,14772.0,14772.2,14739.05,14749.95,12:00:00,14768.41870058676,1,34
2021-03-23,14770.55,14775.9,14759.15,14770.9,12:05:00,14768.62168148326,1,35
2021-03-23,14764.65,14770.0,14751.1,14770.0,12:10:00,14768.243426103902,1,36
2021-03-23,14751.0,14765.25,14738.05,14763.15,12:15:00,14766.601195046387,1,37
2021-03-23,14735.1,14749.9,14730.6,14749.9,12:20:00,14763.601081232446,1,38
2021-03-23,14740.1,14748.35,14732.4,14734.6,12:25:00,14761.362883019832,1,39
2021-03-23,14759.2,14765.7,14738.85,14738.85,12:30:00,14761.1568941608,1,40
2021-03-23,14760.15,14768.95,14750.8,14759.15,12:35:00,14761.06099947882,1,41
2021-03-23,14770.6,14772.65,14754.8,14759.65,12:40:00,14761.969475718932,1,42
2021-03-23,14782.55,14793.75,14769.85,14769.85,12:45:00,14763.929525650465,1,43
2021-03-23,14799.7,14801.55,14776.4,14781.95,12:50:00,14767.336237493277,1,44
2021-03-23,14779.5,14802.9,14777.7,14799.5,12:55:00,14768.494691065343,1,45
2021-03-23,14780.8,14788.1,14771.0,14777.85,13:00:00,14769.6666252496,1,46
2021-03-23,14780.2,14780.55,14766.15,14780.55,13:05:00,14770.669803797256,1,47
2021-03-23,14789.0,14789.0,14772.2,14779.65,13:10:00,14772.415536768947,1,48
2021-03-23,14777.2,14789.15,14765.5,14789.1,13:15:00,14772.87119993381,1,49
2021-03-23,14784.75,14787.7,14769.65,14778.3,13:20:00,14774.002514225827,1,50
2021-03-23,14799.3,14813.35,14785.2,14785.5,13:25:00,14776.411798585274,1,51
2021-03-23,14794.6,14799.35,14786.6,14799.1,13:30:00,14778.144008243818,1,52
2021-03-23,14766.85,14795.85,14750.05,14795.05,13:35:00,14777.068388411077,1,53
2021-03-23,14789.05,14795.45,14765.35,14766.7,13:40:00,14778.209494276687,1,54
2021-03-23,14799.55,14805.2,14786.8,14788.7,13:45:00,14780.241923393194,1,55
2021-03-23,14816.6,14825.55,14796.6,14799.65,13:50:00,14783.704597355749,1,56
2021-03-23,14806.15,14820.75,14802.7,14818.15,13:55:00,14785.842254750438,1,57
2021-03-23,14798.4,14810.8,14788.95,14806.7,14:00:00,14787.038230488492,1,58
2021-03-23,14810.9,14814.15,14794.65,14799.3,14:05:00,14789.310779965776,1,59
2021-03-23,14815.85,14820.3,14810.55,14811.3,14:10:00,14791.83832473094,1,60
2021-03-23,14836.25,14839.8,14807.85,14815.6,14:15:00,14796.0680080899,1,61
2021-03-23,14863.4,14863.4,14837.1,14837.1,14:20:00,14802.480578748004,1,62
2021-03-23,14853.85,14877.35,14852.15,14870.55,14:25:00,14807.372904581527,1,63
2021-03-23,14857.5,14861.95,14841.1,14855.75,14:30:00,14812.146913669,1,64
2021-03-23,14848.25,14858.7,14846.15,14857.6,14:35:00,14815.585302843385,1,65
2021-03-23,14876.8,14878.6,14848.2,14849.35,14:40:00,14821.415274001156,1,66
2021-03-23,14855.25,14876.35,14852.9,14876.2,14:45:00,14824.637628858189,1,67
2021-03-23,14867.1,14873.9,14853.05,14856.7,14:50:00,14828.681664205027,1,68
2021-03-23,14849.4,14868.35,14849.4,14868.25,14:55:00,14830.654839042643,1,69
2021-03-23,14835.25,14859.95,14831.45,14850.65,15:00:00,14831.092473419534,1,70
2021-03-23,14822.7,14842.45,14821.95,14835.8,15:05:00,14830.29319023672,1,71
2021-03-23,14817.4,14825.95,14814.05,14821.35,15:10:00,14829.065267357031,1,72
2021-03-23,14794.55,14821.0,14793.05,14816.4,15:15:00,14825.778099037314,1,73
2021-03-23,14785.1,14803.75,14783.0,14794.4,15:20:00,14821.903994367094,1,74
2021-03-23,14809.6,14809.6,14783.75,14785.6,15:25:00,14820.732185379751,1,75
2021-03-24,14724.3,14745.15,14703.15,14724.8,09:15:00,14803.238818417436,2,1
2021-03-24,14733.25,14751.75,14722.35,14722.7,09:20:00,14796.573216663392,2,2
2021-03-24,14722.4,14734.4,14712.05,14734.0,09:25:00,14789.509100790689,2,3
2021-03-24,14726.2,14737.55,14713.0,14721.6,09:30:00,14783.479662620148,2,4
2021-03-24,14741.1,14744.1,14724.4,14726.85,09:35:00,14779.443504275372,2,5
2021-03-24,14735.9,14752.35,14731.15,14740.3,09:40:00,14775.296503868194,2,6
2021-03-24,14732.75,14743.0,14730.05,14735.25,09:45:00,14771.244455880747,2,7
2021-03-24,14723.2,14742.05,14722.6,14731.65,09:50:00,14766.668793415914,2,8
2021-03-24,14716.75,14724.65,14711.75,14723.05,09:55:00,14761.914622614398,2,9
2021-03-24,14696.65,14716.4,14692.2,14716.1,10:00:00,14755.698944270169,2,10
2021-03-24,14672.95,14693.95,14670.65,14693.6,10:05:00,14747.818092434914,2,11
2021-03-24,14668.85,14685.4,14664.65,14672.6,10:10:00,14740.297321726826,2,12
2021-03-24,14632.7,14666.1,14630.3,14666.1,10:15:00,14730.049957752844,2,13
2021-03-24,14651.9,14659.55,14626.55,14627.25,10:20:00,14722.607104633524,2,14
2021-03-24,14641.7,14662.15,14641.15,14651.55,10:25:00,14714.901666097,2,15
2021-03-24,14645.75,14647.25,14637.1,14641.2,10:30:00,14708.315793135382,2,16
2021-03-24,14638.8,14655.75,14637.2,14645.0,10:35:00,14701.695241408202,2,17
2021-03-24,14652.8,14653.75,14625.75,14637.25,10:40:00,14697.038551750278,2,18
2021-03-24,14647.95,14652.95,14639.65,14652.95,10:45:00,14692.363451583584,2,19
2021-03-24,14606.3,14653.85,14606.1,14647.75,10:50:00,14684.166932385146,2,20
2021-03-24,14623.15,14623.7,14602.9,14607.0,10:55:00,14678.355795967513,2,21
2021-03-24,14628.6,14631.3,14609.65,14622.95,11:00:00,14673.617148732512,2,22
2021-03-24,14628.85,14642.35,14628.05,14628.35,11:05:00,14669.353610757988,2,23
2021-03-24,14628.35,14629.0,14609.4,14628.8,11:10:00,14665.448504971511,2,24
2021-03-24,14622.05,14635.15,14615.1,14627.3,11:15:00,14661.315314021842,2,25
2021-03-24,14611.55,14619.15,14600.55,14619.15,11:20:00,14656.575760305475,2,26
2021-03-24,14595.65,14617.3,14589.95,14612.3,11:25:00,14650.77330694305,2,27
2021-03-24,14584.9,14601.55,14579.05,14593.3,11:30:00,14644.49965866276,2,28
2021-03-24,14599.95,14600.5,14581.45,14585.15,11:35:00,14640.256834028212,2,29
2021-03-24,14615.55,14615.6,14596.0,14600.5,11:40:00,14637.903802216002,2,30
2021-03-24,14628.2,14628.2,14602.65,14613.3,11:45:00,14636.979630576385,2,31
2021-03-24,14636.55,14639.1,14617.6,14627.95,11:50:00,14636.938713378631,2,32
2021-03-24,14640.1,14640.3,14622.35,14633.05,11:55:00,14637.239788294954,2,33
2021-03-24,14638.55,14646.9,14635.4,14635.4,12:00:00,14637.3645703621,2,34
2021-03-24,14627.9,14638.7,14625.0,14638.7,12:05:00,14636.463182708569,2,35
2021-03-24,14631.9,14633.65,14611.8,14627.5,12:10:00,14636.02859387918,2,36
2021-03-24,14644.0,14645.75,14628.9,14629.95,12:15:00,14636.787775414494,2,37
2021-03-24,14645.85,14651.45,14639.1,14642.8,12:20:00,14637.650844422638,2,38
2021-03-24,14649.35,14654.65,14642.9,14644.9,12:25:00,14638.76504971572,2,39
2021-03-24,14671.1,14674.85,14635.9,14648.65,12:30:00,14641.844568790411,2,40
2021-03-24,14661.05,14674.8,14658.0,14670.3,12:35:00,14643.67365747704,2,41
2021-03-24,14661.7,14668.25,14653.15,14659.75,12:40:00,14645.390452003036,2,42
2021-03-24,14648.0,14662.95,14647.8,14658.85,12:45:00,14645.6389803837,2,43
2021-03-24,14630.65,14645.9,14629.55,14644.35,12:50:00,14644.211458442394,2,44
2021-03-24,14627.15,14641.5,14625.8,14629.6,12:55:00,14642.586557638357,2,45
2021-03-24,14623.3,14629.55,14613.65,14625.6,13:00:00,14640.74974262518,2,46
2021-03-24,14624.85,14635.15,14619.95,14622.25,13:05:00,14639.235481422782,2,47
2021-03-24,14616.7,14624.9,14610.55,14624.25,13:10:00,14637.089245096802,2,48
2021-03-24,14618.85,14623.1,14605.35,14616.45,13:15:00,14635.3521741352,2,49
2021-03-24,14633.7,14652.95,14617.55,14618.35,13:20:00,14635.194824217564,2,50
2021-03-24,14641.45,14643.15,14628.8,14633.3,13:25:00,14635.790555244464,2,51
2021-03-24,14627.8,14646.15,14625.8,14640.6,13:30:00,14635.029549983085,2,52
2021-03-24,14622.65,14633.2,14614.35,14627.75,13:35:00,14633.850545222793,2,53
2021-03-24,14636.75,14636.75,14618.85,14622.6,13:40:00,14634.126683773002,2,54
2021-03-24,14633.15,14641.05,14629.3,14635.75,13:45:00,14634.03366627081,2,55
2021-03-24,14623.75,14632.55,14619.15,14632.55,13:50:00,14633.054269483117,2,56
2021-03-24,14637.6,14648.1,14620.5,14622.65,13:55:00,14633.487196199008,2,57
2021-03-24,14659.6,14665.85,14639.0,14639.8,14:00:00,14635.97412989434,2,58
2021-03-24,14632.9,14659.65,14632.75,14658.8,14:05:00,14635.68135561869,2,59
2021-03-24,14636.6,14643.25,14627.65,14631.7,14:10:00,14635.768845559767,2,60
2021-03-24,14636.75,14642.7,14625.05,14635.85,14:15:00,14635.86228883979,2,61
2021-03-24,14637.0,14643.9,14628.0,14635.4,14:20:00,14635.97064228362,2,62
2021-03-24,14642.2,14647.05,14634.95,14636.45,14:25:00,14636.563914447084,2,63
2021-03-24,14646.0,14650.9,14639.05,14642.6,14:30:00,14637.462589261648,2,64
2021-03-24,14658.65,14675.6,14642.0,14644.5,14:35:00,14639.480437903394,2,65
2021-03-24,14648.8,14664.75,14642.95,14658.15,14:40:00,14640.368015245927,2,66
2021-03-24,14577.65,14651.8,14568.05,14647.5,14:45:00,14634.394870936792,2,67
2021-03-24,14563.1,14591.1,14561.45,14574.45,14:50:00,14627.604883228529,2,68
2021-03-24,14583.8,14589.75,14561.4,14561.7,14:55:00,14623.432989587714,2,69
2021-03-24,14552.3,14590.0,14544.35,14582.8,15:00:00,14616.658419150788,2,70
2021-03-24,14539.75,14551.65,14535.0,14550.95,15:05:00,14609.333807803094,2,71
2021-03-24,14549.6,14553.15,14538.6,14538.6,15:10:00,14603.644873726607,2,72
2021-03-24,14544.8,14556.55,14542.75,14549.9,15:15:00,14598.04060003836,2,73
2021-03-24,14551.1,14555.45,14538.65,14544.4,15:20:00,14593.570066701372,2,74
2021-03-24,14561.85,14571.05,14550.85,14550.85,15:25:00,14590.54910796791,2,75
2021-03-25,14481.4,14575.6,14475.4,14575.6,09:15:00,14580.153954828109,3,1
2021-03-25,14451.35,14482.65,14443.55,14482.25,09:20:00,14567.886911511145,3,2
2021-03-25,14448.25,14468.5,14431.7,14452.7,09:25:00,14556.492919938655,3,3
2021-03-25,14435.5,14469.0,14435.4,14447.7,09:30:00,14544.969784706402,3,4
2021-03-25,14443.5,14452.15,14433.5,14435.95,09:35:00,14535.305995686744,3,5
2021-03-25,14444.85,14457.8,14443.85,14443.85,09:40:00,14526.691138954671,3,6
2021-03-25,14433.0,14445.15,14412.95,14445.05,09:45:00,14517.768173339944,3,7
2021-03-25,14418.4,14437.0,14415.3,14432.9,09:50:00,14508.30453778376,3,8
2021-03-25,14411.75,14424.8,14406.5,14417.65,09:55:00,14499.108867518638,3,9
2021-03-25,14437.85,14438.9,14411.8,14412.9,10:00:00,14493.27468965972,3,10
2021-03-25,14444.15,14449.45,14434.35,14438.2,10:05:00,14488.596147787366,3,11
2021-03-25,14436.4,14451.45,14436.4,14443.85,10:10:00,14483.62508609333,3,12
2021-03-25,14413.15,14438.3,14413.15,14435.8,10:15:00,14476.91317313206,3,13
2021-03-25,14411.35,14417.35,14395.45,14414.25,10:20:00,14470.669061405197,3,14
2021-03-25,14402.25,14418.5,14402.25,14413.25,10:25:00,14464.152960318988,3,15
2021-03-25,14412.15,14417.1,14404.2,14405.05,10:30:00,14459.200297431466,3,16
2021-03-25,14416.7,14419.3,14408.0,14412.55,10:35:00,14455.15265005704,3,17
2021-03-25,14402.15,14416.9,14396.3,14416.5,10:40:00,14450.104778623036,3,18
2021-03-25,14402.4,14410.55,14402.05,14403.65,10:45:00,14445.561466373225,3,19
2021-03-25,14380.8,14414.4,14380.75,14403.15,10:50:00,14439.393707671012,3,20
2021-03-25,14393.15,14393.35,14379.55,14380.65,10:55:00,14434.989545035676,3,21
2021-03-25,14377.1,14396.6,14374.95,14393.0,11:00:00,14429.47625503228,3,22
2021-03-25,14376.4,14384.9,14369.95,14376.9,11:05:00,14424.421373600631,3,23
2021-03-25,14370.3,14380.5,14364.1,14377.1,11:10:00,14419.26695706724,3,24
2021-03-25,14371.0,14377.3,14359.75,14370.7,11:15:00,14414.670104013216,3,25
2021-03-25,14385.45,14386.3,14366.75,14371.4,11:20:00,14411.88723696434,3,26
2021-03-25,14387.3,14391.25,14374.9,14385.7,11:25:00,14409.545595348687,3,27
2021-03-25,14387.2,14388.55,14376.65,14386.55,11:30:00,14407.41744341072,3,28
2021-03-25,14389.15,14397.85,14386.85,14388.2,11:35:00,14405.677686895411,3,29
2021-03-25,14381.8,14392.35,14380.05,14388.2,11:40:00,14403.403621476802,3,30
2021-03-25,14380.7,14381.45,14367.85,14381.45,11:45:00,14401.241371812346,3,31
2021-03-25,14366.75,14386.1,14366.75,14380.95,11:50:00,14397.95647925879,3,32
2021-03-25,14351.25,14366.65,14349.2,14366.65,11:55:00,14393.508243138906,3,33
2021-03-25,14316.95,14350.5,14313.1,14350.5,12:00:00,14386.21698188758,3,34
2021-03-25,14299.85,14323.8,14299.7,14317.1,12:05:00,14377.991555041144,3,35
2021-03-25,14315.1,14326.65,14285.0,14297.75,12:10:00,14372.001883132463,3,36
2021-03-25,14319.35,14325.7,14307.65,14316.6,12:15:00,14366.98741807223,3,37
2021-03-25,14319.35,14321.2,14305.9,14320.1,12:20:00,14362.45052111297,3,38
2021-03-25,14317.75,14331.25,14312.4,14320.95,12:25:00,14358.19332862602,3,39
2021-03-25,14317.15,14329.7,14303.85,14318.75,12:30:00,14354.284440185447,3,40
2021-03-25,14321.8,14324.85,14309.7,14318.25,12:35:00,14351.19068397731,3,41
2021-03-25,14322.5,14324.6,14310.15,14322.65,12:40:00,14348.458237884231,3,42
2021-03-25,14313.05,14323.4,14299.55,14322.7,12:45:00,14345.0860247524,3,43
2021-03-25,14316.8,14323.05,14307.6,14314.2,12:50:00,14342.392117633124,3,44
2021-03-25,14312.35,14325.3,14302.4,14317.15,12:55:00,14339.530963572828,3,45
2021-03-25,14280.95,14312.5,14279.75,14312.5,13:00:00,14333.95182418494,3,46
2021-03-25,14272.6,14286.4,14270.95,14280.55,13:05:00,14328.108793310184,3,47
2021-03-25,14295.7,14298.65,14264.4,14273.15,13:10:00,14325.022241566356,3,48
2021-03-25,14306.9,14313.7,14290.65,14296.65,13:15:00,14323.29631379813,3,49
2021-03-25,14298.25,14310.2,14295.1,14307.9,13:20:00,14320.91095057926,3,50
2021-03-25,14345.55,14349.0,14290.3,14298.75,13:25:00,14323.25752671457,3,51
2021-03-25,14326.45,14345.9,14319.2,14344.3,13:30:00,14323.561571789372,3,52
2021-03-25,14371.6,14374.45,14323.65,14326.9,13:35:00,14328.136660190385,3,53
2021-03-25,14408.45,14423.7,14363.75,14370.9,13:40:00,14335.785549696062,3,54
2021-03-25,14409.2,14447.2,14397.3,14411.05,13:45:00,14342.77740210596,3,55
2021-03-25,14389.45,14414.45,14376.3,14410.25,13:50:00,14347.2224114292,3,56
2021-03-25,14396.25,14413.45,14387.7,14392.2,13:55:00,14351.8917055788,3,57
2021-03-25,14422.45,14422.7,14394.7,14398.1,14:00:00,14358.611543142724,3,58
2021-03-25,14422.95,14432.4,14405.35,14429.2,14:05:00,14364.73901522437,3,59
2021-03-25,14400.7,14428.65,14393.1,14426.0,14:10:00,14368.163870917288,3,60
2021-03-25,14382.65,14411.65,14382.65,14402.75,14:15:00,14369.5435022585,3,61
2021-03-25,14372.15,14385.4,14355.6,14382.55,14:20:00,14369.791740138642,3,62
2021-03-25,14369.2,14379.8,14363.25,14373.7,14:25:00,14369.735383934962,3,63
2021-03-25,14398.6,14409.05,14364.85,14369.15,14:30:00,14372.484394988776,3,64
2021-03-25,14395.45,14402.35,14383.75,14399.35,14:35:00,14374.671595466034,3,65
2021-03-25,14432.2,14432.55,14393.2,14396.9,14:40:00,14380.150491135935,3,66
2021-03-25,14473.2,14493.9,14432.25,14432.25,14:45:00,14389.012349122988,3,67
2021-03-25,14462.85,14481.95,14458.05,14474.7,14:50:00,14396.04450634937,3,68
2021-03-25,14414.1,14465.0,14414.1,14464.15,14:55:00,14397.76407717324,3,69
2021-03-25,14338.4,14413.45,14336.1,14413.45,15:00:00,14392.11035553769,3,70
2021-03-25,14319.15,14349.7,14319.05,14338.15,15:05:00,14385.161750248388,3,71
2021-03-25,14298.9,14320.25,14274.15,14320.25,15:10:00,14376.946345462826,3,72
2021-03-25,14299.45,14315.8,14287.55,14301.1,15:15:00,14369.565741133034,3,73
2021-03-25,14315.85,14317.4,14295.75,14299.95,15:20:00,14364.44995626322,3,74
2021-03-25,14348.25,14349.4,14315.0,14318.0,15:25:00,14362.907103285772,3,75
2021-03-26,14462.4,14507.35,14457.85,14507.35,09:15:00,14372.382617258556,4,1
2021-03-26,14441.15,14475.5,14437.1,14462.85,09:20:00,14378.93189180536,4,2
2021-03-26,14462.65,14467.7,14432.35,14441.45,09:25:00,14386.905044966756,4,3
2021-03-26,14487.8,14489.05,14457.8,14466.05,09:30:00,14396.514088303256,4,4
2021-03-26,14473.75,14501.45,14470.05,14486.85,09:35:00,14403.86988941723,4,5
2021-03-26,14434.25,14478.6,14433.5,14473.8,09:40:00,14406.763233282258,4,6
2021-03-26,14448.1,14453.35,14415.35,14434.05,09:45:00,14410.700068207758,4,7
2021-03-26,14419.85,14454.5,14414.25,14447.5,09:50:00,14411.571490283208,4,8
2021-03-26,14433.65,14440.5,14418.05,14421.0,09:55:00,14413.674205494332,4,9
2021-03-26,14457.45,14466.4,14430.9,14432.9,10:00:00,14417.843328780586,4,10
2021-03-26,14460.95,14466.5,14453.8,14458.4,10:05:00,14421.948726039578,4,11
2021-03-26,14480.6,14481.65,14456.6,14461.0,10:10:00,14427.534561654857,4,12
2021-03-26,14487.05,14501.4,14480.85,14480.85,10:15:00,14433.202698640109,4,13
2021-03-26,14500.65,14515.75,14487.5,14487.5,10:20:00,14439.626251150574,4,14
2021-03-26,14496.45,14501.15,14489.0,14500.8,10:25:00,14445.03803675528,4,15
2021-03-26,14487.45,14506.15,14481.35,14496.6,10:30:00,14449.077271350016,4,16
2021-03-26,14483.05,14492.95,14473.25,14489.05,10:35:00,14452.31276931668,4,17
2021-03-26,14496.8,14508.55,14482.95,14483.45,10:40:00,14456.549648429378,4,18
2021-03-26,14479.05,14501.9,14472.45,14495.45,10:45:00,14458.692539055151,4,19
2021-03-26,14474.25,14482.15,14467.4,14478.35,10:50:00,14460.17420200228,4,20
2021-03-26,14452.4,14474.75,14448.15,14474.75,10:55:00,14459.433801811583,4,21
2021-03-26,14472.15,14473.3,14451.5,14451.5,11:00:00,14460.64486830572,4,22
2021-03-26,14479.9,14487.1,14472.8,14473.35,11:05:00,14462.47869037184,4,23
2021-03-26,14481.85,14486.0,14473.85,14479.3,11:10:00,14464.323577003091,4,24
2021-03-26,14488.05,14493.65,14472.6,14480.35,11:15:00,14466.583236336131,4,25
2021-03-26,14477.25,14489.75,14462.5,14487.2,11:20:00,14467.599118589833,4,26
2021-03-26,14503.8,14504.2,14476.55,14477.05,11:25:00,14471.046821581276,4,27
2021-03-26,14504.8,14524.7,14496.45,14504.9,11:30:00,14474.261410002107,4,28
2021-03-26,14533.6,14538.45,14503.65,14503.7,11:35:00,14479.91270428762,4,29
2021-03-26,14529.05,14544.65,14522.55,14532.9,11:40:00,14484.592446736418,4,30
2021-03-26,14538.7,14539.15,14525.75,14528.45,11:45:00,14489.745547047236,4,31
2021-03-26,14553.75,14553.75,14532.85,14538.1,11:50:00,14495.841209233216,4,32
2021-03-26,14534.3,14554.95,14534.3,14554.1,11:55:00,14499.503951211003,4,33
2021-03-26,14535.55,14536.85,14524.85,14535.6,12:00:00,14502.936908238527,4,34
2021-03-26,14542.25,14546.4,14532.2,14534.7,12:05:00,14506.681012215811,4,35
2021-03-26,14539.55,14548.55,14534.75,14542.0,12:10:00,14509.811392004782,4,36
2021-03-26,14538.2,14544.9,14532.75,14539.3,12:15:00,14512.515068956707,4,37
2021-03-26,14520.0,14538.45,14513.35,14537.4,12:20:00,14513.22791953226,4,38
2021-03-26,14514.15,14519.15,14501.7,14519.15,12:25:00,14513.315736719662,4,39
2021-03-26,14536.9,14538.9,14511.6,14514.95,12:30:00,14515.561857032077,4,40
2021-03-26,14548.8,14550.7,14536.15,14538.15,12:35:00,14518.727394457592,4,41
2021-03-26,14556.4,14564.2,14549.0,14549.0,12:40:00,14522.315261652107,4,42
2021-03-26,14554.6,14561.95,14534.45,14557.2,12:45:00,14525.38999863762,4,43
2021-03-26,14551.35,14562.75,14547.0,14554.5,12:50:00,14527.862379719752,4,44
2021-03-26,14562.95,14567.7,14552.2,14552.35,12:55:00,14531.204057841682,4,45
2021-03-26,14536.25,14572.9,14534.4,14564.25,13:00:00,14531.68462376152,4,46
2021-03-26,14522.75,14540.0,14522.35,14536.4,13:05:00,14530.833707212803,4,47
2021-03-26,14528.85,14535.7,14516.5,14522.85,13:10:00,14530.644782716348,4,48
2021-03-26,14514.15,14537.2,14497.5,14528.6,13:15:00,14529.073851029076,4,49
2021-03-26,14520.9,14523.15,14501.35,14514.1,13:20:00,14528.295389026303,4,50
2021-03-26,14528.0,14536.05,14520.95,14521.6,13:25:00,14528.267256738083,4,51
2021-03-26,14525.8,14548.45,14524.0,14528.3,13:30:00,14528.032279905889,4,52
2021-03-26,14527.1,14536.35,14521.1,14525.0,13:35:00,14527.943491343422,4,53
2021-03-26,14530.0,14547.7,14523.85,14527.7,13:40:00,14528.139349310712,4,54
2021-03-26,14534.6,14543.0,14530.55,14531.0,13:45:00,14528.75464937636,4,55
2021-03-26,14536.25,14546.4,14527.0,14536.1,13:50:00,14529.468492292895,4,56
2021-03-26,14545.8,14548.6,14528.05,14536.5,13:55:00,14531.023873979288,4,57
2021-03-26,14548.4,14565.5,14535.9,14546.1,14:00:00,14532.678743124115,4,58
2021-03-26,14539.05,14555.95,14538.1,14548.6,14:05:00,14533.285529493249,4,59
2021-03-26,14533.75,14541.65,14528.1,14539.15,14:10:00,14533.329764779606,4,60
2021-03-26,14523.7,14535.3,14512.75,14533.95,14:15:00,14532.412644324406,4,61
2021-03-26,14525.75,14529.5,14518.4,14523.75,14:20:00,14531.7781067697,4,62
2021-03-26,14528.2,14548.95,14525.35,14525.35,14:25:00,14531.437334696397,4,63
2021-03-26,14530.65,14535.3,14519.9,14528.3,14:30:00,14531.362350439596,4,64
2021-03-26,14521.8,14538.3,14519.8,14532.1,14:35:00,14530.451650397728,4,65
2021-03-26,14505.55,14523.35,14502.1,14522.95,14:40:00,14528.080064645565,4,66
2021-03-26,14520.25,14529.8,14484.65,14505.65,14:45:00,14527.33434420313,4,67
2021-03-26,14518.05,14528.25,14515.9,14521.65,14:50:00,14526.450120945688,4,68
2021-03-26,14509.05,14524.2,14507.7,14519.05,14:55:00,14524.792966569908,4,69
2021-03-26,14515.1,14520.1,14497.5,14510.45,15:00:00,14523.869826896584,4,70
2021-03-26,14514.45,14516.3,14502.5,14515.55,15:05:00,14522.97270052548,4,71
2021-03-26,14496.15,14515.4,14494.05,14515.4,15:10:00,14520.418157618293,4,72
2021-03-26,14504.2,14505.3,14474.15,14493.6,15:15:00,14518.873571178456,4,73
2021-03-26,14523.0,14531.35,14502.35,14502.35,15:20:00,14519.266564399555,4,74
2021-03-26,14518.25,14537.3,14515.85,14521.65,15:25:00,14519.169748742454,4,75
2021-03-30,14636.35,14656.75,14617.6,14631.2,09:15:00,14530.329772671745,1,1
2021-03-30,14656.75,14663.8,14628.75,14638.25,09:20:00,14542.369794322052,1,2
2021-03-30,14679.15,14679.15,14649.15,14657.35,09:25:00,14555.396480577096,1,3
2021-03-30,14694.9,14699.4,14667.9,14681.1,09:30:00,14568.682530045944,1,4
2021-03-30,14682.2,14701.5,14676.2,14694.0,09:35:00,14579.493717660614,1,5
2021-03-30,14688.45,14690.1,14679.15,14682.7,09:40:00,14589.87050645484,1,6
2021-03-30,14707.05,14709.1,14688.25,14688.7,09:45:00,14601.030458221048,1,7
2021-03-30,14714.7,14717.6,14707.15,14707.25,09:50:00,14611.85612886666,1,8
2021-03-30,14717.35,14719.2,14707.45,14715.35,09:55:00,14621.903164212692,1,9
2021-03-30,14717.9,14723.1,14714.15,14717.9,10:00:00,14631.04572000196,1,10
2021-03-30,14727.4,14731.75,14716.95,14717.7,10:05:00,14640.222318097012,1,11
2021-03-30,14741.05,14743.25,14727.35,14727.35,10:10:00,14649.824954468724,1,12
2021-03-30,14752.55,14762.05,14738.6,14743.4,10:15:00,14659.60829213837,1,13
2021-03-30,14745.65,14763.45,14745.65,14752.35,10:20:00,14667.802740506144,1,14
2021-03-30,14754.05,14755.25,14745.4,14745.4,10:25:00,14676.016765219843,1,15
2021-03-30,14751.8,14764.65,14750.0,14756.05,10:30:00,14683.234216151286,1,16
2021-03-30,14761.1,14763.25,14748.75,14751.05,10:35:00,14690.650005089256,1,17
2021-03-30,14747.15,14765.9,14744.25,14762.05,10:40:00,14696.030956985518,1,18
2021-03-30,14762.0,14762.6,14746.05,14747.35,10:45:00,14702.313722986895,1,19
2021-03-30,14768.4,14776.3,14761.1,14762.45,10:50:00,14708.607654131,1,20
2021-03-30,14757.0,14772.05,14755.35,14768.45,10:55:00,14713.216448975669,1,21
2021-03-30,14757.8,14759.95,14751.1,14758.05,11:00:00,14717.462501454174,1,22
2021-03-30,14755.95,14762.1,14748.25,14758.2,11:05:00,14721.12797750616,1,23
2021-03-30,14757.9,14761.05,14750.4,14755.05,11:10:00,14724.630074886523,1,24
2021-03-30,14772.15,14773.05,14757.8,14757.8,11:15:00,14729.15578204019,1,25
2021-03-30,14769.1,14781.3,14768.35,14772.2,11:20:00,14732.95999327446,1,26
2021-03-30,14760.0,14772.35,14759.1,14770.55,11:25:00,14735.535232010225,1,27
2021-03-30,14760.75,14763.25,14756.05,14759.75,11:30:00,14737.93663848544,1,28
2021-03-30,14773.55,14774.7,14753.3,14760.45,11:35:00,14741.328387201112,1,29
2021-03-30,14773.65,14777.4,14763.75,14775.55,11:40:00,14744.406636039104,1,30
2021-03-30,14772.65,14783.0,14770.25,14773.9,11:45:00,14747.096480225857,1,31
2021-03-30,14764.9,14779.5,14764.9,14772.35,11:50:00,14748.792053537678,1,32
2021-03-30,14760.0,14766.8,14757.6,14765.55,11:55:00,14749.85947701028,1,33
2021-03-30,14745.0,14764.4,14742.3,14761.3,12:00:00,14749.396669675967,1,34
2021-03-30,14712.4,14746.6,14710.0,14745.5,12:05:00,14745.873177325877,1,35
2021-03-30,14722.3,14729.15,14710.9,14712.2,12:10:00,14743.62811281865,1,36
2021-03-30,14721.4,14724.45,14710.25,14722.55,12:15:00,14741.511149693064,1,37
2021-03-30,14742.4,14748.35,14716.9,14721.85,12:20:00,14741.595802103247,1,38
2021-03-30,14744.0,14744.15,14733.25,14743.3,12:25:00,14741.824773331511,1,39
2021-03-30,14763.15,14764.65,14744.25,14744.9,12:30:00,14743.855747299938,1,40
2021-03-30,14759.0,14769.75,14758.0,14764.75,12:35:00,14745.298057080896,1,41
2021-03-30,14762.15,14764.8,14748.45,14758.4,12:40:00,14746.903004025571,1,42
2021-03-30,14764.4,14768.5,14755.75,14761.8,12:45:00,14748.569384594564,1,43
2021-03-30,14757.65,14768.95,14746.1,14763.25,12:50:00,14749.434205109368,1,44
2021-03-30,14752.8,14760.75,14745.45,14756.95,12:55:00,14749.754757003711,1,45
2021-03-30,14745.2,14751.75,14732.25,14751.75,13:00:00,14749.320970622406,1,46
2021-03-30,14738.0,14745.35,14728.55,14744.7,13:05:00,14748.242782944082,1,47
2021-03-30,14761.8,14762.45,14736.55,14736.55,13:10:00,14749.533946473215,1,48
2021-03-30,14774.95,14775.65,14756.8,14760.4,13:15:00,14751.954522999577,1,49
2021-03-30,14780.15,14780.15,14763.05,14773.2,13:20:00,14754.639806523426,1,50
2021-03-30,14790.65,14794.9,14778.0,14778.2,13:25:00,14758.06934875929,1,51
2021-03-30,14800.6,14800.75,14782.4,14789.4,13:30:00,14762.119886972692,1,52
2021-03-30,14798.7,14800.8,14782.25,14800.8,13:35:00,14765.603707261009,1,53
2021-03-30,14804.15,14812.75,14791.1,14797.7,13:40:00,14769.274782759958,1,54
2021-03-30,14814.0,14814.25,14798.05,14804.5,13:45:00,14773.534327259007,1,55
2021-03-30,14822.75,14822.8,14811.05,14814.75,13:50:00,14778.221534186723,1,56
2021-03-30,14816.3,14822.9,14809.8,14822.9,13:55:00,14781.848054740369,1,57
2021-03-30,14840.65,14842.5,14815.4,14815.4,14:00:00,14787.448240003188,1,58
2021-03-30,14848.05,14851.3,14826.95,14838.8,14:05:00,14793.21983619336,1,59
2021-03-30,14851.2,14856.8,14844.55,14846.85,14:10:00,14798.741756555895,1,60
2021-03-30,14864.85,14876.3,14850.75,14850.75,14:15:00,14805.037779741053,1,61
2021-03-30,14869.4,14869.85,14850.9,14863.5,14:20:00,14811.167515003808,1,62
2021-03-30,14850.7,14873.8,14846.2,14869.0,14:25:00,14814.932513574877,1,63
2021-03-30,14853.7,14857.75,14834.65,14851.8,14:30:00,14818.624655139172,1,64
2021-03-30,14855.2,14866.25,14852.25,14852.8,14:35:00,14822.108021316391,1,65
2021-03-30,14854.9,14858.6,14849.85,14854.75,14:40:00,14825.231066905308,1,66
2021-03-30,14849.95,14863.65,14843.55,14854.85,14:45:00,14827.585251009565,1,67
2021-03-30,14864.6,14873.5,14847.55,14849.6,14:50:00,14831.110465199128,1,68
2021-03-30,14865.1,14868.05,14859.75,14863.8,14:55:00,14834.347563751591,1,69
2021-03-30,14844.2,14868.05,14826.75,14865.4,15:00:00,14835.285891013347,1,70
2021-03-30,14845.0,14847.3,14834.25,14843.85,15:05:00,14836.21104425017,1,71
2021-03-30,14849.55,14859.2,14842.0,14843.0,15:10:00,14837.48142098825,1,72
2021-03-30,14846.5,14847.05,14835.2,14846.25,15:15:00,14838.340333275084,1,73
2021-03-30,14837.85,14863.1,14835.8,14846.6,15:20:00,14838.293634867934,1,74
2021-03-30,14853.55,14855.0,14828.25,14837.9,15:25:00,14839.74662202337,1,75
2021-03-31,14744.8,14813.75,14735.15,14812.9,09:15:00,14830.704086592572,2,1
2021-03-31,14756.4,14756.75,14731.15,14743.1,09:20:00,14823.62750691709,2,2
2021-03-31,14727.4,14761.1,14726.9,14757.6,09:25:00,14814.462982448797,2,3
2021-03-31,14745.5,14751.4,14723.1,14728.5,09:30:00,14807.895079358435,2,4
2021-03-31,14774.2,14777.25,14739.7,14747.05,09:35:00,14804.686024181445,2,5
2021-03-31,14783.0,14790.05,14773.2,14773.2,09:40:00,14802.620688545114,2,6
2021-03-31,14761.3,14785.5,14759.15,14781.75,09:45:00,14798.685384874152,2,7
2021-03-31,14764.35,14772.95,14753.2,14761.75,09:50:00,14795.41534821947,2,8
2021-03-31,14762.0,14772.5,14755.85,14763.6,09:55:00,14792.232934103333,2,9
2021-03-31,14748.25,14761.7,14742.65,14761.3,10:00:00,14788.044083236347,2,10
2021-03-31,14757.95,14766.65,14747.6,14748.65,10:05:00,14785.17798007098,2,11
2021-03-31,14747.2,14757.0,14741.1,14756.9,10:10:00,14781.56102958803,2,12
2021-03-31,14728.65,14756.85,14726.05,14747.5,10:15:00,14776.52188391298,2,13
2021-03-31,14722.35,14732.55,14718.4,14728.55,10:20:00,14771.362656873647,2,14
2021-03-31,14734.0,14736.75,14717.2,14722.3,10:25:00,14767.804308599969,2,15
2021-03-31,14738.0,14739.95,14727.0,14734.2,10:30:00,14764.96580301902,2,16
2021-03-31,14713.4,14738.75,14712.1,14737.9,10:35:00,14760.054774160066,2,17
2021-03-31,14719.15,14719.8,14703.5,14712.2,10:40:00,14756.159081382915,2,18
2021-03-31,14730.1,14730.1,14711.8,14719.1,10:45:00,14753.677264108352,2,19
2021-03-31,14722.35,14738.35,14722.35,14730.55,10:50:00,14750.693715145651,2,20
2021-03-31,14722.5,14728.7,14715.6,14722.3,10:55:00,14748.008599417495,2,21
2021-03-31,14724.45,14728.55,14711.1,14722.0,11:00:00,14745.764923282495,2,22
2021-03-31,14736.4,14745.8,14722.8,14722.8,11:05:00,14744.873025827024,2,23
2021-03-31,14741.35,14744.4,14731.25,14736.95,11:10:00,14744.537499557784,2,24
2021-03-31,14744.75,14754.55,14740.55,14741.2,11:15:00,14744.55773769514,2,25
2021-03-31,14735.95,14742.9,14730.65,14742.75,11:20:00,14743.737953152744,2,26
2021-03-31,14738.1,14745.35,14730.95,14735.9,11:25:00,14743.201005233435,2,27
2021-03-31,14723.25,14738.75,14718.55,14738.6,11:30:00,14741.300909496918,2,28
2021-03-31,14716.75,14727.7,14716.75,14723.7,11:35:00,14738.96272764007,2,29
2021-03-31,14731.25,14737.1,14713.35,14717.1,11:40:00,14738.22818215054,2,30
2021-03-31,14726.25,14738.5,14725.65,14731.15,11:45:00,14737.087402898109,2,31
2021-03-31,14721.05,14732.95,14718.8,14725.35,11:50:00,14735.560031193529,2,32
2021-03-31,14722.65,14726.15,14715.25,14721.3,11:55:00,14734.33050441319,2,33
2021-03-31,14735.85,14743.05,14718.7,14722.95,12:00:00,14734.4752182786,2,34
2021-03-31,14731.6,14739.65,14730.55,14735.75,12:05:00,14734.201387966352,2,35
2021-03-31,14734.65,14740.25,14726.8,14731.35,12:10:00,14734.244112921937,2,36
2021-03-31,14743.3,14744.55,14726.45,14734.7,12:15:00,14735.106578357943,2,37
2021-03-31,14736.7,14749.2,14735.4,14743.25,12:20:00,14735.258332800044,2,38
2021-03-31,14730.5,14739.55,14727.15,14736.9,12:25:00,14734.805158247658,2,39
2021-03-31,14740.45,14741.65,14727.25,14730.65,12:30:00,14735.342762224072,2,40
2021-03-31,14741.9,14745.2,14734.2,14740.15,12:35:00,14735.967261059875,2,41
2021-03-31,14745.55,14748.7,14737.05,14741.95,12:40:00,14736.879902863697,2,42
2021-03-31,14739.55,14752.3,14736.2,14745.65,12:45:00,14737.134197829058,2,43
2021-03-31,14739.75,14740.65,14730.75,14739.75,12:50:00,14737.383321845338,2,44
2021-03-31,14744.15,14747.55,14730.5,14739.2,12:55:00,14738.02776738388,2,45
2021-03-31,14761.25,14765.45,14735.0,14742.05,13:00:00,14740.239408585416,2,46
2021-03-31,14760.7,14776.0,14757.85,14764.85,13:05:00,14742.188036339185,2,47
2021-03-31,14747.65,14767.7,14743.5,14761.65,13:10:00,14742.7082233545,2,48
2021-03-31,14709.4,14757.7,14701.8,14747.35,13:15:00,14739.536011606451,2,49
2021-03-31,14711.15,14715.55,14691.25,14709.7,13:20:00,14736.832581929648,2,50
2021-03-31,14700.5,14717.55,14698.25,14710.95,13:25:00,14733.372336031583,2,51
2021-03-31,14717.85,14718.65,14693.65,14699.15,13:30:00,14731.894018314291,2,52
2021-03-31,14717.9,14724.25,14711.2,14718.1,13:35:00,14730.561254665314,2,53
2021-03-31,14727.4,14730.05,14712.85,14718.9,13:40:00,14730.260182792426,2,54
2021-03-31,14712.65,14727.9,14710.85,14727.45,13:45:00,14728.583022526482,2,55
2021-03-31,14730.5,14730.8,14712.95,14713.1,13:50:00,14728.765591809672,2,56
2021-03-31,14733.75,14736.5,14716.1,14732.4,13:55:00,14729.24029735161,2,57
2021-03-31,14736.35,14738.8,14728.1,14734.3,14:00:00,14729.917411889552,2,58
2021-03-31,14739.0,14740.3,14725.25,14737.15,14:05:00,14730.782420281024,2,59
2021-03-31,14740.25,14746.15,14734.7,14740.15,14:10:00,14731.684094539974,2,60
2021-03-31,14737.35,14749.8,14731.85,14740.8,14:15:00,14732.223704583786,2,61
2021-03-31,14723.1,14739.15,14720.05,14737.75,14:20:00,14731.354780337711,2,62
2021-03-31,14702.7,14724.1,14702.15,14724.1,14:25:00,14728.625753638884,2,63
2021-03-31,14712.8,14716.95,14697.55,14704.35,14:30:00,14727.11853900661,2,64
2021-03-31,14700.55,14720.55,14699.9,14713.7,14:35:00,14724.58820195836,2,65
2021-03-31,14710.1,14713.65,14699.15,14699.3,14:40:00,14723.20837320042,2,66
2021-03-31,14707.55,14718.5,14706.1,14709.7,14:45:00,14721.717099562286,2,67
2021-03-31,14719.25,14723.35,14708.0,14708.65,14:50:00,14721.482137699211,2,68
2021-03-31,14726.3,14729.75,14711.2,14719.35,14:55:00,14721.940981727856,2,69
2021-03-31,14681.7,14726.95,14670.25,14726.9,15:00:00,14718.108507277586,2,70
2021-03-31,14700.05,14703.95,14674.25,14682.4,15:05:00,14716.388649441626,2,71
2021-03-31,14693.4,14706.15,14686.9,14700.3,15:10:00,14714.19925425671,2,72
2021-03-31,14686.9,14696.95,14686.55,14693.95,15:15:00,14711.59932527988,2,73
2021-03-31,14687.25,14699.9,14676.05,14687.95,15:20:00,14709.280341919892,2,74
2021-03-31,14690.7,14697.15,14686.05,14687.7,15:25:00,14707.510785546569,2,75
2021-04-01,14808.8,14814.65,14781.15,14798.6,09:15:00,14717.157377399277,3,1
2021-04-01,14803.8,14813.7,14797.9,14809.9,09:20:00,14725.409055742202,3,2
2021-04-01,14789.9,14807.45,14778.15,14803.45,09:25:00,14731.55105043342,3,3
2021-04-01,14781.85,14795.35,14779.1,14790.35,09:30:00,14736.341426582618,3,4
2021-04-01,14768.8,14786.45,14763.85,14782.3,09:35:00,14739.432719289034,3,5
2021-04-01,14774.2,14775.2,14760.8,14769.0,09:40:00,14742.743888880555,3,6
2021-04-01,14775.95,14776.9,14763.65,14775.7,09:45:00,14745.906375653836,3,7
2021-04-01,14770.45,14788.3,14769.0,14776.25,09:50:00,14748.243863686805,3,8
2021-04-01,14778.8,14781.7,14770.1,14770.1,09:55:00,14751.15397190711,3,9
2021-04-01,14776.9,14787.75,14772.35,14779.6,10:00:00,14753.605974582624,3,10
2021-04-01,14778.0,14786.75,14775.85,14776.5,10:05:00,14755.929215098564,3,11
2021-04-01,14765.9,14781.0,14765.15,14777.85,10:10:00,14756.878813660604,3,12
2021-04-01,14773.15,14782.75,14764.5,14765.0,10:15:00,14758.428450454834,3,13
2021-04-01,14769.25,14775.2,14763.9,14772.55,10:20:00,14759.45907422104,3,14
2021-04-01,14757.3,14771.35,14756.0,14768.75,10:25:00,14759.253448104751,3,15
2021-04-01,14759.6,14761.4,14742.4,14757.4,10:30:00,14759.286453047156,3,16
2021-04-01,14747.25,14761.65,14747.05,14759.05,10:35:00,14758.140124185522,3,17
2021-04-01,14743.1,14749.15,14738.9,14746.9,10:40:00,14756.707731405948,3,18
2021-04-01,14716.55,14743.35,14715.75,14743.35,10:45:00,14752.883185557765,3,19
2021-04-01,14707.55,14726.1,14706.8,14716.6,10:50:00,14748.565739314166,3,20
2021-04-01,14713.8,14718.55,14696.4,14707.6,10:55:00,14745.25471652234,3,21
2021-04-01,14703.85,14713.4,14692.45,14713.4,11:00:00,14741.31141018688,3,22
2021-04-01,14716.2,14717.7,14701.3,14704.1,11:05:00,14738.919847311938,3,23
2021-04-01,14727.75,14727.85,14711.8,14716.4,11:10:00,14737.856052329847,3,24
2021-04-01,14715.15,14731.45,14710.2,14728.15,11:15:00,14735.693571155578,3,25
2021-04-01,14714.1,14721.2,14710.8,14715.7,11:20:00,14733.637040569332,3,26
2021-04-01,14713.85,14714.6,14705.4,14713.95,11:25:00,14731.75256051511,3,27
2021-04-01,14715.35,14721.0,14713.3,14714.9,11:30:00,14730.190411894624,3,28
2021-04-01,14720.85,14723.45,14710.95,14715.5,11:35:00,14729.30084885704,3,29
2021-04-01,14719.6,14723.0,14719.05,14720.45,11:40:00,14728.376958489704,3,30
2021-04-01,14718.6,14721.75,14716.2,14719.5,11:45:00,14727.445819585922,3,31
2021-04-01,14738.1,14739.45,14715.9,14719.0,11:50:00,14728.460503434882,3,32
2021-04-01,14734.7,14747.1,14733.45,14738.35,11:55:00,14729.054741202988,3,33
2021-04-01,14739.0,14739.45,14730.3,14735.65,12:00:00,14730.001908707469,3,34
2021-04-01,14755.4,14757.1,14738.9,14738.9,12:05:00,14732.420774544851,3,35
2021-04-01,14753.6,14760.4,14748.45,14754.75,12:10:00,14734.437843635818,3,36
2021-04-01,14751.6,14757.45,14749.95,14753.4,12:15:00,14736.07233471812,3,37
2021-04-01,14736.5,14751.75,14729.3,14751.75,12:20:00,14736.113064744966,3,38
2021-04-01,14742.95,14745.75,14730.6,14735.8,12:25:00,14736.764201435924,3,39
2021-04-01,14746.15,14750.35,14741.4,14743.3,12:30:00,14737.658087013451,3,40
2021-04-01,14741.3,14747.2,14738.75,14745.65,12:35:00,14738.004935869314,3,41
2021-04-01,14745.95,14746.0,14736.5,14740.6,12:40:00,14738.761608643665,3,42
2021-04-01,14735.65,14754.45,14727.5,14746.75,12:45:00,14738.465264963315,3,43
2021-04-01,14752.45,14752.45,14734.25,14735.05,12:50:00,14739.797144490618,3,44
2021-04-01,14761.3,14766.1,14752.15,14752.55,12:55:00,14741.845035491511,3,45
2021-04-01,14766.55,14770.9,14752.85,14761.15,13:00:00,14744.197889254225,3,46
2021-04-01,14773.25,14775.95,14762.8,14766.5,13:05:00,14746.9647569443,3,47
2021-04-01,14791.7,14791.75,14768.05,14773.35,13:10:00,14751.225256282938,3,48
2021-04-01,14816.55,14821.5,14791.75,14791.75,13:15:00,14757.446660446469,3,49
2021-04-01,14821.15,14829.0,14804.7,14816.35,13:20:00,14763.513645165853,3,50
2021-04-01,14819.65,14833.85,14819.65,14820.6,13:25:00,14768.859964673866,3,51
2021-04-01,14808.15,14821.5,14804.15,14820.85,13:30:00,14772.601872800164,3,52
2021-04-01,14812.25,14815.55,14806.75,14808.55,13:35:00,14776.377884914433,3,53
2021-04-01,14815.45,14828.45,14811.75,14812.2,13:40:00,14780.099038732104,3,54
2021-04-01,14819.25,14822.5,14812.1,14815.9,13:45:00,14783.82770171,3,55
2021-04-01,14808.35,14818.95,14799.1,14817.95,13:50:00,14786.16315869,3,56
2021-04-01,14808.6,14810.6,14806.3,14808.1,13:55:00,14788.300000719524,3,57
2021-04-01,14817.65,14820.5,14808.35,14808.75,14:00:00,14791.095238746237,3,58
2021-04-01,14833.65,14834.0,14817.1,14817.3,14:05:00,14795.148073151357,3,59
2021-04-01,14842.8,14842.85,14833.85,14834.3,14:10:00,14799.686351898848,3,60
2021-04-01,14855.15,14855.4,14840.2,14842.95,14:15:00,14804.968604098956,3,61
2021-04-01,14859.0,14862.3,14848.55,14854.65,14:20:00,14810.114451327629,3,62
2021-04-01,14848.9,14858.7,14840.45,14858.5,14:25:00,14813.808313105948,3,63
2021-04-01,14860.35,14861.1,14841.75,14849.75,14:30:00,14818.240854714904,3,64
2021-04-01,14860.45,14864.15,14855.6,14859.75,14:35:00,14822.260773313485,3,65
2021-04-01,14847.75,14867.4,14847.35,14860.55,14:40:00,14824.6883187122,3,66
2021-04-01,14859.75,14860.85,14842.9,14847.5,14:45:00,14828.027526453896,3,67
2021-04-01,14849.8,14864.75,14848.5,14860.0,14:50:00,14830.101095363048,3,68
2021-04-01,14845.55,14856.9,14841.7,14850.5,14:55:00,14831.572419614187,3,69
2021-04-01,14860.85,14861.3,14842.05,14845.95,15:00:00,14834.360760603313,3,70
2021-04-01,14863.6,14864.9,14857.85,14861.15,15:05:00,14837.145450069664,3,71
2021-04-01,14875.55,14878.55,14862.1,14863.35,15:10:00,14840.803026253505,3,72
2021-04-01,14872.45,14883.2,14870.65,14875.0,15:15:00,14843.81702375317,3,73
2021-04-01,14864.75,14881.65,14863.35,14872.1,15:20:00,14845.810640538584,3,74
2021-04-01,14864.1,14866.65,14855.85,14864.05,15:25:00,14847.552484296815,3,75
2021-04-05,14760.55,14849.85,14751.95,14849.85,09:15:00,14839.266533411404,0,1
2021-04-05,14772.25,14772.85,14736.6,14761.8,09:20:00,14832.884006419845,0,2
2021-04-05,14778.4,14790.4,14760.15,14771.95,09:25:00,14827.695053427478,0,3
2021-04-05,14763.15,14785.15,14751.1,14777.3,09:30:00,14821.547905482004,0,4
2021-04-05,14759.7,14776.75,14757.4,14762.5,09:35:00,14815.657628769432,0,5
2021-04-05,14777.8,14781.35,14757.5,14758.65,09:40:00,14812.052140315202,0,6
2021-04-05,14761.35,14779.4,14761.35,14777.65,09:45:00,14807.223365047088,0,7
2021-04-05,14742.55,14772.75,14738.5,14762.7,09:50:00,14801.063996947363,0,8
2021-04-05,14666.0,14742.2,14664.8,14742.2,09:55:00,14788.200759142854,0,9
2021-04-05,14615.05,14662.0,14576.7,14659.95,10:00:00,14771.710210653058,0,10
2021-04-05,14611.15,14624.1,14587.4,14611.7,10:05:00,14756.418762019432,0,11
2021-04-05,14574.45,14624.75,14559.5,14610.25,10:10:00,14739.088403731868,0,12
2021-04-05,14483.25,14571.45,14479.3,14571.45,10:15:00,14714.72284147169,0,13
2021-04-05,14555.25,14563.1,14481.7,14482.65,10:20:00,14699.53495180772,0,14
2021-04-05,14560.8,14575.25,14540.15,14557.6,10:25:00,14686.322099254605,0,15
2021-04-05,14518.6,14557.7,14513.05,14557.7,10:30:00,14670.348565992264,0,16
2021-04-05,14535.65,14553.15,14514.4,14518.5,10:35:00,14657.520131135858,0,17
2021-04-05,14534.8,14548.75,14520.85,14536.3,10:40:00,14645.83249959911,0,18
2021-04-05,14537.25,14539.35,14522.05,14535.15,10:45:00,14635.4913091611,0,19
2021-04-05,14545.65,14551.9,14530.8,14537.4,10:50:00,14626.9349940029,0,20
2021-04-05,14538.05,14546.8,14531.5,14546.8,10:55:00,14618.469756478817,0,21
2021-04-05,14509.25,14539.65,14498.75,14539.65,11:00:00,14608.067874909404,0,22
2021-04-05,14500.25,14523.2,14498.9,14509.15,11:05:00,14597.799505870413,0,23
2021-04-05,14473.3,14505.45,14459.5,14500.35,11:10:00,14585.94241007323,0,24
2021-04-05,14491.1,14497.9,14461.35,14468.7,11:15:00,14576.909799590068,0,25
2021-04-05,14501.15,14509.3,14487.2,14491.95,11:20:00,14569.694580581488,0,26
2021-04-05,14491.95,14504.85,14480.7,14500.75,11:25:00,14562.290334811823,0,27
2021-04-05,14495.35,14500.15,14462.5,14492.4,11:30:00,14555.915064829744,0,28
2021-04-05,14520.05,14521.6,14490.0,14495.0,11:35:00,14552.49934436977,0,29
2021-04-05,14526.95,14536.45,14513.95,14520.5,11:40:00,14550.06607347741,0,30
2021-04-05,14516.5,14540.1,14504.15,14528.2,11:45:00,14546.8693045748,0,31
2021-04-05,14524.6,14525.9,14509.45,14516.1,11:50:00,14544.748418424815,0,32
2021-04-05,14518.7,14526.75,14505.1,14524.65,11:55:00,14542.267616670071,0,33
2021-04-05,14522.8,14525.1,14512.7,14519.55,12:00:00,14540.41355793959,0,34
2021-04-05,14534.2,14534.2,14517.65,14522.0,12:05:00,14539.821790516771,0,35
2021-04-05,14537.5,14542.5,14528.9,14535.25,12:10:00,14539.600667610412,0,36
2021-04-05,14547.55,14552.65,14527.6,14538.2,12:15:00,14540.357746885613,0,37
2021-04-05,14550.1,14550.1,14537.2,14548.15,12:20:00,14541.285580515554,0,38
2021-04-05,14559.95,14562.65,14544.35,14550.2,12:25:00,14543.063144275977,0,39
2021-04-05,14572.7,14575.25,14554.15,14560.55,12:30:00,14545.88570196398,0,40
2021-04-05,14587.05,14592.05,14562.25,14573.65,12:35:00,14549.806111300744,0,41
2021-04-05,14589.55,14591.7,14575.65,14586.95,12:40:00,14553.591243557818,0,42
2021-04-05,14573.9,14592.75,14563.95,14590.0,12:45:00,14555.525410838023,0,43
2021-04-05,14578.55,14584.0,14560.7,14570.8,12:50:00,14557.71822885345,0,44
2021-04-05,14580.8,14585.4,14569.95,14577.1,12:55:00,14559.916492772169,0,45
2021-04-05,14548.6,14583.5,14540.95,14581.45,13:00:00,14558.838731555772,0,46
2021-04-05,14562.45,14566.5,14544.35,14547.05,13:05:00,14559.182661883791,0,47
2021-04-05,14574.65,14574.65,14556.7,14561.75,13:10:00,14560.655741704384,0,48
2021-04-05,14584.85,14584.85,14569.4,14574.45,13:15:00,14562.959956780156,0,49
2021-04-05,14611.75,14618.8,14578.35,14583.4,13:20:00,14567.606627562998,0,50
2021-04-05,14601.05,14614.05,14599.45,14611.25,13:25:00,14570.791710652236,0,51
2021-04-05,14604.15,14612.7,14590.55,14601.5,13:30:00,14573.968690590118,0,52
2021-04-05,14609.7,14610.35,14598.95,14603.5,13:35:00,14577.371672438678,0,53
2021-04-05,14628.6,14642.05,14610.2,14610.2,13:40:00,14582.250560777851,0,54
2021-04-05,14627.4,14640.05,14623.9,14629.1,13:45:00,14586.550507370435,0,55
2021-04-05,14641.8,14645.65,14620.45,14627.95,13:50:00,14591.812363811348,0,56
2021-04-05,14622.1,14643.55,14622.1,14642.35,13:55:00,14594.69690059122,0,57
2021-04-05,14628.65,14631.35,14601.75,14617.8,14:00:00,14597.930529106345,0,58
2021-04-05,14626.4,14637.1,14622.4,14629.7,14:05:00,14600.641907286694,0,59
2021-04-05,14647.0,14647.0,14614.55,14625.95,14:10:00,14605.05696373558,0,60
2021-04-05,14639.8,14659.25,14631.0,14647.75,14:15:00,14608.365824332192,0,61
2021-04-05,14644.6,14648.45,14631.45,14640.3,14:20:00,14611.816698205315,0,62
2021-04-05,14661.5,14661.5,14635.3,14644.8,14:25:00,14616.548441233384,0,63
2021-04-05,14663.35,14681.05,14654.55,14664.1,14:30:00,14621.005732544489,0,64
2021-04-05,14665.2,14668.35,14655.3,14664.0,14:35:00,14625.214710397397,0,65
2021-04-05,14654.5,14670.7,14648.8,14665.4,14:40:00,14628.003785597642,0,66
2021-04-05,14642.95,14653.05,14632.9,14653.05,14:45:00,14629.427234588344,0,67
2021-04-05,14649.15,14666.35,14642.65,14643.3,14:50:00,14631.305593198977,0,68
2021-04-05,14654.35,14660.95,14642.35,14649.45,14:55:00,14633.500298608598,0,69
2021-04-05,14634.6,14658.9,14628.45,14655.05,15:00:00,14633.605032074443,0,70
2021-04-05,14634.7,14641.35,14626.95,14633.3,15:05:00,14633.709314734022,0,71
2021-04-05,14632.3,14637.1,14622.45,14634.2,15:10:00,14633.575094283162,0,72
2021-04-05,14638.95,14638.95,14626.8,14631.45,15:15:00,14634.086990065716,0,73
2021-04-05,14648.15,14651.0,14629.7,14638.0,15:20:00,14635.426324345171,0,74
2021-04-05,14650.45,14653.15,14645.7,14648.1,15:25:00,14636.857150598013,0,75
2021-04-06,14590.0,14738.15,14589.05,14738.15,09:15:00,14632.394564826773,1,1
2021-04-06,14623.55,14626.55,14573.9,14587.95,09:20:00,14631.55222531946,1,2
2021-04-06,14703.2,14703.2,14626.1,14626.35,09:25:00,14638.375822908083,1,3
2021-04-06,14718.75,14730.75,14700.75,14703.45,09:30:00,14646.030506440646,1,4
2021-04-06,14747.5,14756.9,14718.85,14719.2,09:35:00,14655.694267732011,1,5
2021-04-06,14729.55,14757.75,14728.55,14747.55,09:40:00,14662.72814699563,1,6
2021-04-06,14742.05,14744.0,14707.75,14728.1,09:45:00,14670.282609186524,1,7
2021-04-06,14732.3,14742.4,14728.9,14742.3,09:50:00,14676.189027359236,1,8
2021-04-06,14723.3,14736.45,14721.6,14732.8,09:55:00,14680.675786658358,1,9
2021-04-06,14712.6,14731.5,14699.7,14722.9,10:00:00,14683.71618792899,1,10
2021-04-06,14723.4,14723.9,14703.75,14711.65,10:05:00,14687.49559860242,1,11
2021-04-06,14721.95,14736.25,14719.9,14721.95,10:10:00,14690.776970164095,1,12
2021-04-06,14688.65,14722.05,14673.25,14721.05,10:15:00,14690.574401577038,1,13
2021-04-06,14692.1,14699.3,14671.15,14687.95,10:20:00,14690.71969666494,1,14
2021-04-06,14700.2,14703.05,14682.05,14690.85,10:25:00,14691.62258269685,1,15
2021-04-06,14703.65,14712.4,14690.95,14701.05,10:30:00,14692.768051011435,1,16
2021-04-06,14713.6,14718.8,14702.8,14703.55,10:35:00,14694.752046153202,1,17
2021-04-06,14735.55,14738.5,14713.0,14713.55,10:40:00,14698.637565567184,1,18
2021-04-06,14729.15,14736.65,14724.85,14734.95,10:45:00,14701.54351170364,1,19
2021-04-06,14729.15,14734.15,14724.3,14729.65,10:50:00,14704.1727010652,1,20
2021-04-06,14732.85,14742.55,14728.95,14729.3,10:55:00,14706.903872392324,1,21
2021-04-06,14739.65,14745.55,14732.2,14732.55,11:00:00,14710.022551212103,1,22
2021-04-06,14738.5,14740.5,14724.45,14739.05,11:05:00,14712.734689191902,1,23
2021-04-06,14751.65,14765.2,14738.35,14738.35,11:10:00,14716.440909268864,1,24
2021-04-06,14767.35,14774.45,14751.55,14751.55,11:15:00,14721.2893941004,1,25
2021-04-06,14770.5,14775.65,14762.7,14767.75,11:20:00,14725.976118471792,1,26
2021-04-06,14756.55,14779.1,14755.8,14771.45,11:25:00,14728.887916712574,1,27
2021-04-06,14745.5,14760.15,14745.4,14756.95,11:30:00,14730.470019882809,1,28
2021-04-06,14748.25,14752.75,14736.4,14744.65,11:35:00,14732.16335132254,1,29
2021-04-06,14732.15,14749.85,14730.65,14748.8,11:40:00,14732.162079768012,1,30
2021-04-06,14717.7,14737.5,14715.1,14732.45,11:45:00,14730.784738837723,1,31
2021-04-06,14716.2,14722.95,14706.85,14717.55,11:50:00,14729.395716091272,1,32
2021-04-06,14723.1,14732.9,14716.0,14716.8,11:55:00,14728.79612408258,1,33
2021-04-06,14719.2,14725.3,14711.25,14722.75,12:00:00,14727.882207503288,1,34
2021-04-06,14716.75,14722.55,14712.15,14718.45,12:05:00,14726.82199726488,1,35
2021-04-06,14722.65,14726.15,14713.45,14716.2,12:10:00,14726.424664192034,1,36
2021-04-06,14722.35,14736.8,14721.45,14722.9,12:15:00,14726.03660093565,1,37
2021-04-06,14711.9,14723.15,14709.4,14722.6,12:20:00,14724.690257989398,1,38
2021-04-06,14705.35,14711.55,14696.9,14711.55,12:25:00,14722.848328657074,1,39
2021-04-06,14685.4,14715.45,14684.55,14705.0,12:30:00,14719.281821165923,1,40
2021-04-06,14671.2,14685.0,14662.25,14685.0,12:35:00,14714.702600102502,1,41
2021-04-06,14633.05,14672.75,14633.05,14671.25,12:40:00,14706.926161997502,1,42
2021-04-06,14659.15,14666.15,14609.8,14633.35,12:45:00,14702.376051331074,1,43
2021-04-06,14660.9,14670.35,14644.25,14659.1,12:50:00,14698.425951204305,1,44
2021-04-06,14664.45,14673.95,14655.85,14659.35,12:55:00,14695.190146327704,1,45
2021-04-06,14655.6,14667.6,14649.65,14665.8,13:00:00,14691.419656201257,1,46
2021-04-06,14684.65,14696.05,14650.15,14655.65,13:05:00,14690.774927039232,1,47
2021-04-06,14691.4,14699.5,14683.5,14683.5,13:10:00,14690.8344577974,1,48
2021-04-06,14668.1,14696.8,14666.75,14691.95,13:15:00,14688.669271340506,1,49
2021-04-06,14661.2,14681.0,14660.15,14666.8,13:20:00,14686.053150260455,1,50
2021-04-06,14651.3,14664.9,14650.8,14660.4,13:25:00,14682.743326426127,1,51
2021-04-06,14660.15,14676.4,14647.3,14650.95,13:30:00,14680.591581052213,1,52
2021-04-06,14654.25,14669.35,14654.25,14658.55,13:35:00,14678.08285904724,1,53
2021-04-06,14638.85,14654.15,14632.85,14653.8,13:40:00,14674.346396280836,1,54
2021-04-06,14658.2,14659.75,14627.4,14639.55,13:45:00,14672.808644254088,1,55
2021-04-06,14646.55,14666.65,14644.5,14657.45,13:50:00,14670.307820991791,1,56
2021-04-06,14638.0,14651.15,14633.85,14646.7,13:55:00,14667.230885659244,1,57
2021-04-06,14648.15,14658.05,14637.55,14638.1,14:00:00,14665.4136584536,1,58
2021-04-06,14649.15,14654.55,14643.55,14646.35,14:05:00,14663.864738600874,1,59
2021-04-06,14654.05,14664.25,14647.5,14648.35,14:10:00,14662.930001591269,1,60
2021-04-06,14669.25,14671.7,14642.5,14652.95,14:15:00,14663.53190620162,1,61
2021-04-06,14663.35,14673.15,14661.2,14669.45,14:20:00,14663.514581801466,1,62
2021-04-06,14661.1,14671.3,14655.85,14663.3,14:25:00,14663.284621629897,1,63
2021-04-06,14653.2,14664.0,14648.55,14661.35,14:30:00,14662.324181474669,1,64
2021-04-06,14650.85,14658.2,14641.35,14652.8,14:35:00,14661.231402286605,1,65
2021-04-06,14650.35,14658.75,14646.05,14650.15,14:40:00,14660.195078259309,1,66
2021-04-06,14647.75,14664.0,14644.15,14650.3,14:45:00,14659.009832710804,1,67
2021-04-06,14663.0,14672.75,14646.0,14647.3,14:50:00,14659.389848643108,1,68
2021-04-06,14654.3,14664.15,14651.45,14663.55,14:55:00,14658.905101153288,1,69
2021-04-06,14668.6,14669.9,14653.4,14655.4,15:00:00,14659.828424852974,1,70
2021-04-06,14674.75,14680.95,14663.35,14670.4,15:05:00,14661.24952724793,1,71
2021-04-06,14680.75,14680.8,14666.9,14674.85,15:10:00,14663.10671512908,1,72
2021-04-06,14694.55,14695.0,14682.3,14682.65,15:15:00,14666.101313688214,1,73
2021-04-06,14702.45,14703.55,14687.0,14694.95,15:20:00,14669.563093336956,1,74
2021-04-06,14699.55,14703.4,14697.1,14703.25,15:25:00,14672.418989209627,1,75
2021-04-07,14731.35,14736.15,14649.85,14726.3,09:15:00,14683.109422006066,2,1
2021-04-07,14735.1,14748.1,14717.95,14733.65,09:20:00,14688.060905624536,2,2
2021-04-07,14748.6,14754.05,14729.4,14736.25,09:25:00,14693.826533660294,2,3
2021-04-07,14742.9,14757.2,14738.2,14748.55,09:30:00,14698.50019712122,2,4
2021-04-07,14743.45,14748.9,14735.05,14742.45,09:35:00,14702.78113072872,2,5
2021-04-07,14772.15,14775.1,14740.35,14743.25,09:40:00,14709.38768970694,2,6
2021-04-07,14772.3,14783.9,14768.6,14772.4,09:45:00,14715.379338306278,2,7
2021-04-07,14780.3,14782.9,14758.65,14772.05,09:50:00,14721.562258467586,2,8
2021-04-07,14771.2,14782.6,14767.95,14779.9,09:55:00,14726.289662423053,2,9
2021-04-07,14793.4,14804.6,14758.55,14772.1,10:00:00,14732.681123144666,2,10
2021-04-07,14800.45,14809.7,14790.35,14792.85,10:05:00,14739.135301892797,2,11
2021-04-07,14786.4,14804.45,14774.3,14801.1,10:10:00,14743.636701712529,2,12
2021-04-07,14772.3,14791.7,14748.0,14786.6,10:15:00,14746.366539644669,2,13
2021-04-07,14776.2,14777.1,14760.35,14773.65,10:20:00,14749.207821583272,2,14
2021-04-07,14785.8,14791.05,14775.4,14775.9,10:25:00,14752.692790956293,2,15
2021-04-07,14776.95,14794.9,14772.1,14786.25,10:30:00,14755.003001341409,2,16
2021-04-07,14784.0,14788.6,14769.3,14777.75,10:35:00,14757.764620261274,2,17
2021-04-07,14768.55,14784.5,14766.05,14784.5,10:40:00,14758.79179928401,2,18
2021-04-07,14772.1,14777.05,14760.55,14768.15,10:45:00,14760.059246971248,2,19
2021-04-07,14786.7,14786.7,14769.1,14772.35,10:50:00,14762.596461545416,2,20
2021-04-07,14831.3,14833.85,14788.35,14788.35,10:55:00,14769.139655683948,2,21
2021-04-07,14837.05,14850.3,14831.1,14833.9,11:00:00,14775.60730752357,2,22
2021-04-07,14847.85,14854.1,14833.8,14837.35,11:05:00,14782.4875639499,2,23
2021-04-07,14856.65,14861.4,14835.65,14847.8,11:10:00,14789.550653097527,2,24
2021-04-07,14845.3,14867.55,14845.3,14856.35,11:15:00,14794.860114707288,2,25
2021-04-07,14847.5,14850.65,14835.05,14846.75,11:20:00,14799.873437116115,2,26
2021-04-07,14852.05,14853.05,14842.85,14849.4,11:25:00,14804.84263358125,2,27
2021-04-07,14852.45,14862.15,14849.95,14852.6,11:30:00,14809.376668478271,2,28
2021-04-07,14850.55,14855.8,14849.4,14852.65,11:35:00,14813.29793814701,2,29
2021-04-07,14851.1,14851.95,14842.0,14850.85,11:40:00,14816.898134513962,2,30
2021-04-07,14842.05,14851.8,14840.95,14851.4,11:45:00,14819.293550274537,2,31
2021-04-07,14832.3,14845.75,14825.9,14841.5,11:50:00,14820.5322597722,2,32
2021-04-07,14827.7,14838.45,14820.15,14831.35,11:55:00,14821.214901698657,2,33
2021-04-07,14834.65,14834.95,14819.9,14828.35,12:00:00,14822.494434870212,2,34
2021-04-07,14849.05,14854.35,14834.1,14835.0,12:05:00,14825.023536311142,2,35
2021-04-07,14858.25,14862.75,14844.5,14848.35,12:10:00,14828.187961424366,2,36
2021-04-07,14846.25,14858.55,14844.6,14857.55,12:15:00,14829.908155574423,2,37
2021-04-07,14840.95,14849.8,14838.95,14846.8,12:20:00,14830.959759805432,2,38
2021-04-07,14843.6,14846.25,14837.75,14840.65,12:25:00,14832.163592204914,2,39
2021-04-07,14841.45,14849.45,14839.95,14844.3,12:30:00,14833.048011994922,2,40
2021-04-07,14846.1,14850.4,14837.0,14841.0,12:35:00,14834.291058471596,2,41
2021-04-07,14844.5,14853.4,14843.65,14846.55,12:40:00,14835.263338617158,2,42
2021-04-07,14852.15,14853.4,14831.7,14844.3,12:45:00,14836.87159208219,2,43
2021-04-07,14860.95,14868.25,14851.1,14852.65,12:50:00,14839.164773788649,2,44
2021-04-07,14853.15,14861.6,14849.1,14860.9,12:55:00,14840.496700094493,2,45
2021-04-07,14860.1,14860.1,14850.15,14853.05,13:00:00,14842.363681037874,2,46
2021-04-07,14865.3,14867.0,14859.8,14860.05,13:05:00,14844.5480923676,2,47
2021-04-07,14872.35,14879.8,14865.2,14865.2,13:10:00,14847.195893094497,2,48
2021-04-07,14835.4,14872.65,14807.0,14871.65,13:15:00,14846.072474704542,2,49
2021-04-07,14813.65,14837.15,14812.5,14834.75,13:20:00,14842.984619970775,2,50
2021-04-07,14816.05,14825.95,14801.2,14813.85,13:25:00,14840.419418068795,2,51
2021-04-07,14813.2,14820.6,14804.8,14816.15,13:30:00,14837.827092538431,2,52
2021-04-07,14816.8,14829.85,14812.5,14813.75,13:35:00,14835.824512296678,2,53
2021-04-07,14778.45,14817.55,14776.15,14816.6,13:40:00,14830.360273030328,2,54
2021-04-07,14815.2,14818.55,14778.45,14778.9,13:45:00,14828.91643750363,2,55
2021-04-07,14817.9,14831.9,14813.8,14815.95,13:50:00,14827.867252979477,2,56
2021-04-07,14836.6,14838.45,14815.85,14818.2,13:55:00,14828.698943171908,2,57
2021-04-07,14836.3,14845.8,14830.6,14837.5,14:00:00,14829.422853346012,2,58
2021-04-07,14832.15,14838.45,14830.65,14835.8,14:05:00,14829.682581598774,2,59
2021-04-07,14834.1,14842.15,14827.1,14832.0,14:10:00,14830.103288113176,2,60
2021-04-07,14836.1,14837.15,14823.0,14833.75,14:15:00,14830.67440353097,2,61
2021-04-07,14835.7,14844.3,14835.45,14836.4,14:20:00,14831.153031766116,2,62
2021-04-07,14834.9,14839.35,14831.2,14835.45,14:25:00,14831.509885883628,2,63
2021-04-07,14852.7,14856.4,14833.85,14835.35,14:30:00,14833.52799198995,2,64
2021-04-07,14845.7,14854.15,14841.9,14852.4,14:35:00,14834.687230848049,2,65
2021-04-07,14826.4,14845.85,14826.4,14845.55,14:40:00,14833.897970767282,2,66
2021-04-07,14817.85,14827.25,14809.7,14826.95,14:45:00,14832.36959259897,2,67
2021-04-07,14813.75,14819.65,14808.1,14818.5,14:50:00,14830.596298065737,2,68
2021-04-07,14807.55,14822.55,14807.55,14813.65,14:55:00,14828.401412535664,2,69
2021-04-07,14827.6,14835.55,14805.3,14808.6,15:00:00,14828.325087532268,2,70
2021-04-07,14823.2,14830.2,14823.0,14828.05,15:05:00,14827.836983957766,2,71
2021-04-07,14818.35,14826.5,14816.4,14823.1,15:10:00,14826.933461676072,2,72
2021-04-07,14821.15,14823.65,14817.45,14818.75,15:15:00,14826.38265580216,2,73
2021-04-07,14807.2,14821.3,14806.65,14820.35,15:20:00,14824.555736201955,2,74
2021-04-07,14808.85,14812.8,14804.55,14807.1,15:25:00,14823.05995180177,2,75
2021-04-08,14928.85,14930.05,14864.55,14879.6,09:15:00,14833.135194487317,3,1
2021-04-08,14923.5,14939.15,14920.95,14925.1,09:20:00,14841.741366440903,3,2
2021-04-08,14931.0,14931.65,14913.2,14923.15,09:25:00,14850.242188684626,3,3
2021-04-08,14929.55,14936.4,14920.0,14931.25,09:30:00,14857.795313571803,3,4
2021-04-08,14923.75,14937.65,14923.75,14929.5,09:35:00,14864.076712279251,3,5
2021-04-08,14937.5,14937.5,14922.9,14924.35,09:40:00,14871.069406347897,3,6
2021-04-08,14926.25,14938.35,14922.0,14938.05,09:45:00,14876.324700981428,3,7
2021-04-08,14925.0,14927.6,14904.95,14927.6,09:50:00,14880.9604437451,3,8
2021-04-08,14930.7,14934.7,14924.7,14924.7,09:55:00,14885.697544340805,3,9
2021-04-08,14936.15,14949.6,14930.1,14930.5,10:00:00,14890.502540117872,3,10
2021-04-08,14943.45,14943.45,14932.7,14935.3,10:05:00,14895.545155344742,3,11
2021-04-08,14941.2,14946.6,14939.3,14944.0,10:10:00,14899.8932357881,3,12
2021-04-08,14935.05,14945.1,14931.9,14942.05,10:15:00,14903.241499046377,3,13
2021-04-08,14934.75,14942.65,14934.7,14935.1,10:20:00,14906.242308661009,3,14
2021-04-08,14943.1,14944.65,14934.15,14934.9,10:25:00,14909.752564979006,3,15
2021-04-08,14951.7,14954.4,14942.65,14942.75,10:30:00,14913.74755879053,3,16
2021-04-08,14949.4,14959.25,14949.4,14952.6,10:35:00,14917.143029381908,3,17
2021-04-08,14946.4,14954.05,14946.4,14949.95,10:40:00,14919.929407536012,3,18
2021-04-08,14943.5,14946.3,14939.85,14945.7,10:45:00,14922.174225865914,3,19
2021-04-08,14942.45,14951.9,14939.65,14943.15,10:50:00,14924.105251973922,3,20
2021-04-08,14952.2,14953.7,14940.55,14942.85,10:55:00,14926.78094226212,3,21
2021-04-08,14949.45,14959.9,14949.0,14952.95,11:00:00,14928.939900141915,3,22
2021-04-08,14952.5,14956.35,14946.45,14949.8,11:05:00,14931.18371917602,3,23
2021-04-08,14940.0,14957.2,14940.0,14953.4,11:10:00,14932.02336496878,3,24
2021-04-08,14943.5,14945.3,14933.7,14939.5,11:15:00,14933.116377828896,3,25
2021-04-08,14946.05,14955.0,14940.45,14943.0,11:20:00,14934.348151369002,3,26
2021-04-08,14942.75,14949.55,14942.45,14946.6,11:25:00,14935.148327429097,3,27
2021-04-08,14949.7,14951.6,14942.65,14943.0,11:30:00,14936.534201007278,3,28
2021-04-08,14933.3,14952.6,14928.8,14950.3,11:35:00,14936.226181863727,3,29
2021-04-08,14914.45,14932.35,14913.8,14932.0,11:40:00,14934.15225978147,3,30
2021-04-08,14911.2,14919.0,14901.9,14914.5,11:45:00,14931.966330278472,3,31
2021-04-08,14918.4,14928.25,14909.75,14911.3,11:50:00,14930.674298823378,3,32
2021-04-08,14922.1,14922.5,14911.9,14917.7,11:55:00,14929.857698935435,3,33
2021-04-08,14916.75,14923.0,14914.0,14922.25,12:00:00,14928.60934665587,3,34
2021-04-08,14910.5,14916.65,14910.3,14916.2,12:05:00,14926.884646974358,3,35
2021-04-08,14889.0,14910.35,14887.65,14910.35,12:10:00,14923.276585357751,3,36
2021-04-08,14916.95,14917.15,14885.25,14887.9,12:15:00,14922.67405341892,3,37
2021-04-08,14912.35,14927.1,14909.1,14915.75,12:20:00,14921.690810236165,3,38
2021-04-08,14923.2,14927.85,14912.1,14912.1,12:25:00,14921.834542594625,3,39
2021-04-08,14939.45,14944.1,14924.35,14924.35,12:30:00,14923.51220520466,3,40
2021-04-08,14939.8,14941.0,14928.2,14939.9,12:35:00,14925.063423756596,3,41
2021-04-08,14943.0,14944.1,14932.7,14939.95,12:40:00,14926.771669113112,3,42
2021-04-08,14940.1,14951.75,14939.95,14944.7,12:45:00,14928.041033959482,3,43
2021-04-08,14935.6,14941.15,14931.45,14940.25,12:50:00,14928.76093548715,3,44
2021-04-08,14934.0,14941.6,14930.5,14935.45,12:55:00,14929.259894012182,3,45
2021-04-08,14933.65,14936.0,14928.0,14935.3,13:00:00,14929.677999344356,3,46
2021-04-08,14927.25,14940.9,14921.7,14933.45,13:05:00,14929.44676131156,3,47
2021-04-08,14932.2,14932.85,14918.4,14926.85,13:10:00,14929.708974519985,3,48
2021-04-08,14952.05,14953.6,14931.25,14932.15,13:15:00,14931.836691232364,3,49
2021-04-08,14962.5,14963.8,14946.2,14952.15,13:20:00,14934.757006353091,3,50
2021-04-08,14957.0,14968.9,14954.95,14964.35,13:25:00,14936.875386700418,3,51
2021-04-08,14964.8,14969.65,14951.35,14958.0,13:30:00,14939.53487368133,3,52
2021-04-08,14981.25,14982.65,14962.0,14964.9,13:35:00,14943.507742854536,3,53
2021-04-08,14973.9,14984.15,14970.95,14980.65,13:40:00,14946.402243535058,3,54
2021-04-08,14962.9,14974.6,14961.9,14974.6,13:45:00,14947.97345843648,3,55
2021-04-08,14957.7,14967.65,14950.25,14962.05,13:50:00,14948.899795728244,3,56
2021-04-08,14948.45,14961.4,14946.7,14958.15,13:55:00,14948.85695803984,3,57
2021-04-08,14950.35,14961.8,14946.05,14948.15,14:00:00,14948.999152512237,3,58
2021-04-08,14944.8,14950.6,14934.0,14950.6,14:05:00,14948.599233225355,3,59
2021-04-08,14945.5,14951.85,14940.95,14944.9,14:10:00,14948.304068156274,3,60
2021-04-08,14924.55,14946.35,14922.45,14944.85,14:15:00,14946.041775950916,3,61
2021-04-08,14940.7,14942.85,14923.2,14924.8,14:20:00,14945.53303538416,3,62
2021-04-08,14919.3,14942.75,14919.3,14940.8,14:25:00,14943.034651061858,3,63
2021-04-08,14880.85,14917.55,14872.45,14917.1,14:30:00,14937.112303341682,3,64
2021-04-08,14888.45,14888.45,14853.5,14881.05,14:35:00,14932.477798261523,3,65
2021-04-08,14892.4,14897.55,14881.9,14888.5,14:40:00,14928.66086509376,3,66
2021-04-08,14879.8,14890.1,14868.7,14890.1,14:45:00,14924.007449370543,3,67
2021-04-08,14878.1,14883.95,14870.15,14879.35,14:50:00,14919.635311335256,3,68
2021-04-08,14840.3,14879.75,14840.2,14879.0,14:55:00,14912.079567398565,3,69
2021-04-08,14872.65,14876.9,14821.1,14839.9,15:00:00,14908.324370503462,3,70
2021-04-08,14879.4,14896.25,14871.75,14872.05,15:05:00,14905.569668550752,3,71
2021-04-08,14866.65,14880.65,14864.9,14879.65,15:10:00,14901.86303345068,3,72
2021-04-08,14879.5,14884.4,14865.85,14866.5,15:15:00,14899.733220741093,3,73
2021-04-08,14879.7,14884.8,14872.15,14880.2,15:20:00,14897.825294956225,3,74
2021-04-08,14877.65,14881.7,14873.95,14879.95,15:25:00,14895.903838293729,3,75
2021-04-09,14835.05,14884.2,14817.15,14884.2,09:15:00,14890.108234646706,4,1
2021-04-09,14840.05,14843.95,14806.35,14832.0,09:20:00,14885.340783727974,4,2
2021-04-09,14849.5,14868.3,14831.1,14840.75,09:25:00,14881.92737575388,4,3
2021-04-09,14845.45,14857.0,14838.3,14850.75,09:30:00,14878.453339967798,4,4
2021-04-09,14866.65,14870.7,14845.7,14845.7,09:35:00,14877.32921235182,4,5
2021-04-09,14880.6,14891.5,14864.9,14865.75,09:40:00,14877.64071593736,4,6
2021-04-09,14850.8,14895.45,14850.15,14882.25,09:45:00,14875.08445727666,4,7
2021-04-09,14862.6,14863.85,14841.3,14849.4,09:50:00,14873.89546134555,4,8
2021-04-09,14867.85,14870.1,14852.7,14860.85,09:55:00,14873.319703122164,4,9
2021-04-09,14886.65,14892.5,14864.7,14867.6,10:00:00,14874.589255205768,4,10
2021-04-09,14899.95,14900.2,14877.15,14885.35,10:05:00,14877.004564233788,4,11
2021-04-09,14906.25,14918.45,14895.3,14901.75,10:10:00,14879.78984383057,4,12
2021-04-09,14898.0,14913.05,14892.65,14906.8,10:15:00,14881.524144418134,4,13
2021-04-09,14900.15,14900.25,14882.75,14897.45,10:20:00,14883.298035425929,4,14
2021-04-09,14886.85,14905.6,14886.85,14899.6,10:25:00,14883.636317766315,4,15
2021-04-09,14899.75,14899.75,14880.0,14887.25,10:30:00,14885.170954169524,4,16
2021-04-09,14894.65,14901.9,14889.45,14899.35,10:35:00,14886.073720439092,4,17
2021-04-09,14875.65,14894.95,14875.6,14894.6,10:40:00,14885.080985159178,4,18
2021-04-09,14876.05,14884.55,14865.0,14875.5,10:45:00,14884.220891334497,4,19
2021-04-09,14862.4,14877.95,14862.4,14875.85,10:50:00,14882.1427112074,4,20
2021-04-09,14868.45,14874.2,14860.6,14861.55,10:55:00,14880.838643473362,4,21
2021-04-09,14857.65,14878.35,14853.1,14868.9,11:00:00,14878.630201237804,4,22
2021-04-09,14849.6,14865.1,14848.3,14857.15,11:05:00,14875.865420167536,4,23
2021-04-09,14845.9,14852.15,14836.0,14849.25,11:10:00,14873.01157062777,4,24
2021-04-09,14840.75,14851.95,14839.25,14845.3,11:15:00,14869.939040091793,4,25
2021-04-09,14858.2,14864.85,14832.6,14834.5,11:20:00,14868.821036273526,4,26
2021-04-09,14847.65,14859.5,14845.6,14858.25,11:25:00,14866.804747104616,4,27
2021-04-09,14840.85,14848.8,14838.25,14843.0,11:30:00,14864.332866427989,4,28
2021-04-09,14853.2,14856.0,14836.25,14840.5,11:35:00,14863.272593434844,4,29
2021-04-09,14865.15,14866.15,14851.9,14853.65,11:40:00,14863.4513940601,4,30
2021-04-09,14857.5,14874.15,14855.65,14865.25,11:45:00,14862.884594625804,4,31
2021-04-09,14873.8,14876.8,14849.95,14857.35,11:50:00,14863.924157042393,4,32
2021-04-09,14876.2,14877.3,14866.35,14874.1,11:55:00,14865.093284943116,4,33
2021-04-09,14860.9,14874.55,14855.65,14874.0,12:00:00,14864.693924472343,4,34
2021-04-09,14853.6,14864.1,14851.1,14860.25,12:05:00,14863.637360236882,4,35
2021-04-09,14853.25,14856.3,14848.35,14853.4,12:10:00,14862.64808783337,4,36
2021-04-09,14864.45,14865.8,14852.4,14852.4,12:15:00,14862.819698515905,4,37
2021-04-09,14868.55,14872.2,14862.8,14863.45,12:20:00,14863.36544151439,4,38
2021-04-09,14872.9,14882.85,14868.15,14868.7,12:25:00,14864.273494703497,4,39
2021-04-09,14873.8,14878.1,14865.9,14873.35,12:30:00,14865.18078092221,4,40
2021-04-09,14880.0,14884.55,14873.7,14873.7,12:35:00,14866.592135120094,4,41
2021-04-09,14875.05,14881.35,14873.6,14879.1,12:40:00,14867.397646061036,4,42
2021-04-09,14860.65,14890.3,14857.5,14874.65,12:45:00,14866.755013102842,4,43
2021-04-09,14859.05,14864.15,14854.55,14860.15,12:50:00,14866.021202331143,4,44
2021-04-09,14867.55,14871.25,14855.9,14859.3,12:55:00,14866.16680210913,4,45
2021-04-09,14863.8,14867.4,14858.15,14867.4,13:00:00,14865.941392384451,4,46
2021-04-09,14869.35,14875.75,14849.4,14863.65,13:05:00,14866.266021681173,4,47
2021-04-09,14861.9,14869.7,14860.95,14868.7,13:10:00,14865.850210092489,4,48
2021-04-09,14863.4,14867.05,14855.6,14861.5,13:15:00,14865.616856750345,4,49
2021-04-09,14861.7,14870.0,14861.7,14862.7,13:20:00,14865.24382277412,4,50
2021-04-09,14865.8,14874.05,14858.55,14861.25,13:25:00,14865.296792033729,4,51
2021-04-09,14858.1,14869.2,14855.85,14866.3,13:30:00,14864.61138326861,4,52
2021-04-09,14843.6,14858.9,14840.25,14858.7,13:35:00,14862.61029914779,4,53
2021-04-09,14816.2,14843.4,14814.4,14843.4,13:40:00,14858.190270657524,4,54
2021-04-09,14794.45,14821.4,14785.65,14815.4,13:45:00,14852.11976869014,4,55
2021-04-09,14817.2,14817.3,14787.55,14793.35,13:50:00,14848.794076433936,4,56
2021-04-09,14807.7,14822.8,14806.1,14817.35,13:55:00,14844.8803548688,4,57
2021-04-09,14819.05,14819.55,14791.7,14807.6,14:00:00,14842.420321071771,4,58
2021-04-09,14822.65,14830.35,14812.55,14818.8,14:05:00,14840.53743335065,4,59
2021-04-09,14822.6,14827.25,14818.2,14822.9,14:10:00,14838.829106364872,4,60
2021-04-09,14844.8,14845.3,14821.45,14822.5,14:15:00,14839.39776290155,4,61
2021-04-09,14837.55,14849.4,14834.95,14843.0,14:20:00,14839.221785482356,4,62
2021-04-09,14852.65,14865.95,14836.8,14837.5,14:25:00,14840.500663055464,4,63
2021-04-09,14829.85,14853.0,14826.45,14852.1,14:30:00,14839.486314193038,4,64
2021-04-09,14831.5,14839.3,14826.7,14829.45,14:35:00,14838.72571284132,4,65
2021-04-09,14845.3,14850.1,14831.7,14831.7,14:40:00,14839.351835427862,4,66
2021-04-09,14842.5,14848.4,14835.75,14845.65,14:45:00,14839.651660625208,4,67
2021-04-09,14847.05,14848.7,14841.05,14842.15,14:50:00,14840.356264375188,4,68
2021-04-09,14848.5,14858.4,14847.5,14847.5,14:55:00,14841.131858244218,4,69
2021-04-09,14835.5,14850.85,14828.85,14848.8,15:00:00,14840.595490792388,4,70
2021-04-09,14830.55,14837.9,14820.4,14837.05,15:05:00,14839.638777383589,4,71
2021-04-09,14832.85,14835.25,14822.9,14830.25,15:10:00,14838.99222715658,4,72
2021-04-09,14840.55,14844.15,14830.3,14833.45,15:15:00,14839.140586475,4,73
2021-04-09,14838.2,14844.85,14832.6,14840.0,15:20:00,14839.051006810714,4,74
2021-04-09,14838.05,14840.65,14833.9,14838.4,15:25:00,14838.95567282874,4,75
2021-04-12,14531.05,14652.5,14528.25,14652.5,09:15:00,14809.631323035526,0,1
2021-04-12,14471.5,14530.4,14471.4,14530.4,09:20:00,14777.428339889286,0,2
2021-04-12,14455.65,14500.3,14452.5,14470.95,09:25:00,14746.782783709354,0,3
2021-04-12,14406.9,14454.45,14396.0,14454.45,09:30:00,14714.412994784654,0,4
2021-04-12,14460.25,14477.6,14384.4,14404.7,09:35:00,14690.206995281353,0,5
2021-04-12,14489.3,14492.05,14454.75,14463.2,09:40:00,14671.072995730749,0,6
2021-04-12,14483.95,14503.35,14464.45,14486.65,09:45:00,14653.251758042104,0,7
2021-04-12,14484.85,14502.4,14476.25,14484.35,09:50:00,14637.213495371429,0,8
2021-04-12,14503.3,14511.15,14482.65,14484.8,09:55:00,14624.459829145577,0,9
2021-04-12,14470.45,14506.55,14465.7,14505.9,10:00:00,14609.792226369807,0,10
2021-04-12,14487.2,14494.35,14467.6,14471.3,10:05:00,14598.11677623935,0,11
2021-04-12,14454.75,14486.9,14454.75,14486.9,10:10:00,14584.462797549888,0,12
2021-04-12,14436.05,14454.05,14424.6,14454.05,10:15:00,14570.32824540228,0,13
2021-04-12,14434.4,14449.3,14427.2,14435.6,10:20:00,14557.38269822111,0,14
2021-04-12,14437.1,14443.55,14426.55,14434.8,10:25:00,14545.927203152434,0,15
2021-04-12,14432.8,14441.15,14422.15,14436.0,10:30:00,14535.153183804585,0,16
2021-04-12,14402.65,14434.65,14397.95,14431.05,10:35:00,14522.53383296605,0,17
2021-04-12,14413.3,14419.3,14385.8,14401.8,10:40:00,14512.130610778808,0,18
2021-04-12,14447.65,14450.5,14413.55,14413.9,10:45:00,14505.989600228446,0,19
2021-04-12,14456.65,14461.1,14444.25,14447.9,10:50:00,14501.290590682878,0,20
2021-04-12,14469.45,14469.45,14445.95,14457.3,10:55:00,14498.258153474984,0,21
2021-04-12,14453.7,14471.4,14450.8,14471.4,11:00:00,14494.0145198107,0,22
2021-04-12,14438.15,14454.3,14437.85,14453.55,11:05:00,14488.694089352535,0,23
2021-04-12,14427.05,14447.55,14422.6,14437.95,11:10:00,14482.823223699914,0,24
2021-04-12,14430.65,14435.05,14419.7,14427.4,11:15:00,14477.854345252304,0,25
2021-04-12,14423.5,14431.8,14418.6,14430.7,11:20:00,14472.67774094256,0,26
2021-04-12,14397.75,14426.65,14397.75,14426.65,11:25:00,14465.541765614696,0,27
2021-04-12,14382.75,14407.65,14382.5,14397.95,11:30:00,14457.656835556154,0,28
2021-04-12,14393.8,14400.55,14367.6,14382.35,11:35:00,14451.575232169856,0,29
2021-04-12,14372.95,14394.55,14356.4,14394.55,11:40:00,14444.087114820346,0,30
2021-04-12,14381.3,14387.5,14363.8,14373.2,11:45:00,14438.10738959936,0,31
2021-04-12,14350.45,14382.35,14346.3,14380.6,11:50:00,14429.759066780374,0,32
2021-04-12,14343.65,14352.6,14336.75,14350.35,11:55:00,14421.55820327748,0,33
2021-04-12,14319.3,14343.35,14316.7,14343.35,12:00:00,14411.819326774865,0,34
2021-04-12,14292.55,14323.25,14292.5,14318.85,12:05:00,14400.460343272494,0,35
2021-04-12,14322.25,14327.6,14283.55,14292.0,12:10:00,14393.011739151303,0,36
2021-04-12,14312.8,14347.85,14312.15,14322.85,12:15:00,14385.3725258988,0,37
2021-04-12,14330.2,14335.75,14301.6,14313.55,12:20:00,14380.117999622724,0,38
2021-04-12,14342.45,14343.15,14320.2,14330.25,12:25:00,14376.530571087227,0,39
2021-04-12,14322.75,14346.2,14321.25,14343.25,12:30:00,14371.408611936062,0,40
2021-04-12,14344.4,14345.65,14310.5,14321.65,12:35:00,14368.836363180246,0,41
2021-04-12,14357.5,14361.7,14334.95,14344.5,12:40:00,14367.756709544032,0,42
2021-04-12,14344.5,14366.1,14334.15,14358.25,12:45:00,14365.541784825553,0,43
2021-04-12,14322.35,14353.8,14320.05,14344.45,12:50:00,14361.428281508834,0,44
2021-04-12,14316.65,14328.5,14313.0,14322.9,12:55:00,14357.163683269897,0,45
2021-04-12,14330.55,14346.0,14313.6,14317.35,13:00:00,14354.629046768,0,46
2021-04-12,14315.1,14335.2,14312.65,14329.85,13:05:00,14350.86437564724,0,47
2021-04-12,14320.25,14331.05,14308.4,14314.5,13:10:00,14347.948720823691,0,48
2021-04-12,14320.95,14324.95,14303.95,14320.65,13:15:00,14345.37741407858,0,49
2021-04-12,14304.45,14331.2,14303.85,14320.85,13:20:00,14341.479565118716,0,50
2021-04-12,14322.7,14323.1,14284.15,14303.7,13:25:00,14339.691035107411,0,51
2021-04-12,14327.4,14339.8,14321.7,14323.55,13:30:00,14338.520460335276,0,52
2021-04-12,14321.5,14332.5,14310.2,14327.55,13:35:00,14336.89946411287,0,53
2021-04-12,14311.85,14331.45,14308.5,14320.9,13:40:00,14334.513800864024,0,54
2021-04-12,14308.75,14322.9,14305.35,14312.0,13:45:00,14332.060105543642,0,55
2021-04-12,14311.5,14315.3,14302.4,14308.3,13:50:00,14330.102000253772,0,56
2021-04-12,14316.15,14318.1,14303.5,14312.25,13:55:00,14328.77323832484,0,57
2021-04-12,14339.05,14339.5,14310.95,14316.85,14:00:00,14329.751977531998,0,58
2021-04-12,14332.25,14342.15,14326.7,14340.6,14:05:00,14329.989884433711,0,59
2021-04-12,14317.7,14336.15,14314.2,14331.9,14:10:00,14328.81941924955,0,60
2021-04-12,14326.85,14344.9,14316.95,14317.75,14:15:00,14328.631855511498,0,61
2021-04-12,14330.75,14332.75,14321.35,14325.9,14:20:00,14328.833583558022,0,62
2021-04-12,14337.85,14338.1,14320.65,14331.05,14:25:00,14329.69228988583,0,63
2021-04-12,14290.7,14342.25,14278.65,14337.65,14:30:00,14325.978738468131,0,64
2021-04-12,14284.05,14298.0,14270.5,14290.0,14:35:00,14321.98552528069,0,65
2021-04-12,14286.35,14292.85,14276.2,14284.3,14:40:00,14318.591665730148,0,66
2021-04-12,14264.95,14299.2,14264.2,14285.65,14:45:00,14313.48293566061,0,67
2021-04-12,14275.5,14295.6,14263.55,14263.85,14:50:00,14309.86551321674,0,68
2021-04-12,14259.95,14279.95,14248.7,14274.95,14:55:00,14305.111654815148,0,69
2021-04-12,14295.65,14298.55,14261.05,14261.05,15:00:00,14304.210544832751,0,70
2021-04-12,14284.5,14305.45,14281.95,14295.55,15:05:00,14302.333350086776,0,71
2021-04-12,14301.6,14308.9,14279.1,14287.2,15:10:00,14302.263507221369,0,72
2021-04-12,14331.4,14331.4,14301.35,14301.35,15:15:00,14305.038411295522,0,73
2021-04-12,14336.15,14336.7,14310.4,14331.25,15:20:00,14308.001419743568,0,74
2021-04-12,14354.7,14354.7,14333.8,14336.6,15:25:00,14312.448903577517,0,75
2021-04-13,14318.4,14392.0,14314.25,14368.2,09:15:00,14313.01567466537,1,1
2021-04-13,14370.1,14375.2,14274.9,14318.3,09:20:00,14318.452277078191,1,2
2021-04-13,14375.6,14380.7,14349.85,14371.05,09:25:00,14323.894917356462,1,3
2021-04-13,14385.3,14386.55,14355.05,14377.15,09:30:00,14329.74302046537,1,4
2021-04-13,14378.8,14393.85,14371.9,14385.7,09:35:00,14334.41511375438,1,5
2021-04-13,14375.8,14381.8,14358.25,14380.75,09:40:00,14338.35653149206,1,6
2021-04-13,14402.05,14403.8,14370.65,14374.3,09:45:00,14344.422576111863,1,7
2021-04-13,14419.5,14425.25,14397.85,14403.9,09:50:00,14351.572806958353,1,8
2021-04-13,14418.3,14422.75,14402.2,14418.9,09:55:00,14357.927777724224,1,9
2021-04-13,14429.25,14438.75,14416.75,14419.4,10:00:00,14364.720370321918,1,10
2021-04-13,14432.2,14433.75,14422.3,14430.6,10:05:00,14371.147001719832,1,11
2021-04-13,14442.75,14449.05,14430.2,14431.95,10:10:00,14377.966334889372,1,12
2021-04-13,14417.15,14447.55,14416.85,14443.55,10:15:00,14381.698112518954,1,13
2021-04-13,14425.75,14427.3,14408.65,14416.55,10:20:00,14385.893530374293,1,14
2021-04-13,14405.7,14428.3,14401.1,14425.15,10:25:00,14387.779860814837,1,15
2021-04-13,14379.25,14406.2,14374.4,14406.2,10:30:00,14386.967493118183,1,16
2021-04-13,14397.25,14401.15,14377.45,14379.4,10:35:00,14387.946779487882,1,17
2021-04-13,14382.35,14406.05,14382.35,14397.3,10:40:00,14387.413752869988,1,18
2021-04-13,14386.3,14391.45,14372.95,14382.4,10:45:00,14387.307681168086,1,19
2021-04-13,14365.2,14388.9,14359.6,14386.05,10:50:00,14385.202187723506,1,20
2021-04-13,14364.95,14372.45,14351.4,14363.3,10:55:00,14383.273407940314,1,21
2021-04-13,14375.4,14383.5,14364.65,14365.3,11:00:00,14382.523559565048,1,22
2021-04-13,14369.9,14377.9,14366.3,14375.5,11:05:00,14381.321315796946,1,23
2021-04-13,14355.4,14380.6,14355.1,14370.7,11:10:00,14378.852619054378,1,24
2021-04-13,14340.3,14358.0,14324.95,14355.15,11:15:00,14375.1809410492,1,25
2021-04-13,14354.25,14360.4,14334.25,14339.65,11:20:00,14373.18751809213,1,26
2021-04-13,14343.45,14353.75,14341.55,14352.75,11:25:00,14370.355373511928,1,27
2021-04-13,14341.25,14343.75,14325.75,14343.4,11:30:00,14367.58343317746,1,28
2021-04-13,14311.5,14344.2,14309.8,14340.7,11:35:00,14362.242153827225,1,29
2021-04-13,14322.0,14323.8,14296.45,14309.3,11:40:00,14358.409567748442,1,30
2021-04-13,14328.35,14336.2,14315.7,14322.2,11:45:00,14355.5467517724,1,31
2021-04-13,14330.9,14338.0,14325.25,14328.65,11:50:00,14353.199442079793,1,32
2021-04-13,14333.45,14344.95,14331.05,14331.2,11:55:00,14351.318542834097,1,33
2021-04-13,14333.25,14339.35,14327.85,14332.95,12:00:00,14349.597729230847,1,34
2021-04-13,14318.8,14333.55,14314.4,14333.55,12:05:00,14346.664612161245,1,35
2021-04-13,14324.25,14325.3,14304.3,14318.0,12:10:00,14344.529887193508,1,36
2021-04-13,14326.7,14337.05,14315.7,14323.4,12:15:00,14342.831802698887,1,37
2021-04-13,14331.65,14332.5,14321.75,14327.3,12:20:00,14341.766869108516,1,38
2021-04-13,14336.7,14343.35,14325.95,14330.9,12:25:00,14341.2843101458,1,39
2021-04-13,14359.85,14366.9,14335.8,14336.25,12:30:00,14343.052471084296,1,40
2021-04-13,14358.55,14364.5,14353.95,14360.0,12:35:00,14344.528426219124,1,41
2021-04-13,14379.9,14384.55,14356.5,14357.9,12:40:00,14347.89714753159,1,42
2021-04-13,14394.35,14397.5,14374.65,14379.6,12:45:00,14352.321228719058,1,43
2021-04-13,14379.95,14405.25,14379.55,14395.35,12:50:00,14354.952540269624,1,44
2021-04-13,14384.9,14385.0,14368.65,14379.55,12:55:00,14357.804679291565,1,45
2021-04-13,14358.0,14385.85,14357.6,14385.85,13:00:00,14357.823281263796,1,46
2021-04-13,14351.4,14363.05,14336.25,14357.45,13:05:00,14357.211540191052,1,47
2021-04-13,14331.4,14352.8,14321.95,14351.95,13:10:00,14354.753298268097,1,48
2021-04-13,14339.55,14351.65,14324.9,14331.35,13:15:00,14353.305365099704,1,49
2021-04-13,14339.05,14345.4,14336.4,14339.65,13:20:00,14351.947711280684,1,50
2021-04-13,14322.35,14345.9,14322.35,14338.5,13:25:00,14349.128881634906,1,51
2021-04-13,14343.7,14347.25,14316.05,14322.5,13:30:00,14348.611845288724,1,52
2021-04-13,14367.85,14384.75,14344.0,14344.0,13:35:00,14350.444050499322,1,53
2021-04-13,14361.15,14380.65,14359.4,14367.8,13:40:00,14351.463664737485,1,54
2021-04-13,14396.55,14399.65,14359.75,14360.7,13:45:00,14355.757601429152,1,55
2021-04-13,14393.2,14401.25,14387.4,14396.35,13:50:00,14359.323544150184,1,56
2021-04-13,14426.6,14430.1,14392.5,14393.15,13:55:00,14365.730825659692,1,57
2021-04-13,14415.95,14436.7,14411.05,14427.3,14:00:00,14370.513604168293,1,58
2021-04-13,14444.3,14451.1,14412.4,14415.7,14:05:00,14377.540879961787,1,59
2021-04-13,14463.95,14476.15,14445.2,14445.3,14:10:00,14385.770319965428,1,60
2021-04-13,14459.3,14481.3,14448.6,14463.7,14:15:00,14392.773146635387,1,61
2021-04-13,14460.05,14474.35,14452.2,14459.1,14:20:00,14399.180466003443,1,62
2021-04-13,14465.35,14465.35,14450.3,14460.45,14:25:00,14405.482326384068,1,63
2021-04-13,14467.6,14486.9,14462.3,14466.65,14:30:00,14411.398295299872,1,64
2021-04-13,14493.4,14499.4,14468.2,14469.0,14:35:00,14419.20798146179,1,65
2021-04-13,14494.5,14506.95,14488.3,14494.4,14:40:00,14426.378649894,1,66
2021-04-13,14492.15,14504.8,14489.5,14495.05,14:45:00,14432.642587999331,1,67
2021-04-13,14475.45,14492.15,14465.85,14491.45,14:50:00,14436.71948438035,1,68
2021-04-13,14476.8,14485.7,14474.6,14475.3,14:55:00,14440.536676344129,1,69
2021-04-13,14465.2,14486.25,14463.1,14478.2,15:00:00,14442.885564311351,1,70
2021-04-13,14501.15,14501.15,14465.85,14467.15,15:05:00,14448.434558186462,1,71
2021-04-13,14509.25,14514.45,14498.35,14501.75,15:10:00,14454.226505025848,1,72
2021-04-13,14508.45,14512.3,14504.55,14509.3,15:15:00,14459.390647404338,1,73
2021-04-13,14525.4,14526.55,14503.6,14508.35,15:20:00,14465.677252413449,1,74
2021-04-13,14525.7,14528.9,14521.5,14525.9,15:25:00,14471.393704564549,1,75
2021-04-15,14543.95,14566.8,14482.8,14530.05,09:15:00,14478.303827939351,3,1
2021-04-15,14554.5,14562.75,14544.2,14545.6,09:20:00,14485.560606230843,3,2
2021-04-15,14554.15,14562.35,14544.2,14553.0,09:25:00,14492.092929446952,3,3
2021-04-15,14515.7,14559.35,14515.7,14556.05,09:30:00,14494.341221880575,3,4
2021-04-15,14457.2,14514.6,14451.25,14514.6,09:35:00,14490.803962653856,3,5
2021-04-15,14472.6,14481.05,14441.65,14456.4,09:40:00,14489.070251924915,3,6
2021-04-15,14459.35,14479.0,14450.6,14472.7,09:45:00,14486.239751741592,3,7
2021-04-15,14434.15,14459.9,14432.35,14459.3,09:50:00,14481.278823004295,3,8
2021-04-15,14466.5,14466.65,14432.8,14433.0,09:55:00,14479.871316051507,3,9
2021-04-15,14482.5,14499.35,14467.3,14467.3,10:00:00,14480.121666903744,3,10
2021-04-15,14455.15,14490.05,14455.15,14482.2,10:05:00,14477.74341291291,3,11
2021-04-15,14453.85,14462.95,14445.6,14454.55,10:10:00,14475.467849778346,3,12
2021-04-15,14424.3,14457.35,14424.1,14450.6,10:15:00,14470.594721228028,3,13
2021-04-15,14411.95,14424.35,14407.7,14422.45,10:20:00,14465.009509682504,3,14
2021-04-15,14397.05,14423.85,14396.5,14411.75,10:25:00,14458.537175427024,3,15
2021-04-15,14382.75,14400.75,14379.75,14395.4,10:30:00,14451.31934919588,3,16
2021-04-15,14405.05,14415.45,14383.7,14383.7,10:35:00,14446.912744510557,3,17
2021-04-15,14411.25,14417.5,14388.5,14405.25,10:40:00,14443.516292652408,3,18
2021-04-15,14421.55,14436.4,14411.5,14411.6,10:45:00,14441.424264780751,3,19
2021-04-15,14417.05,14426.15,14411.65,14421.4,10:50:00,14439.102906230202,3,20
2021-04-15,14414.2,14420.25,14409.15,14417.0,10:55:00,14436.731200874943,3,21
2021-04-15,14387.35,14414.6,14377.3,14414.6,11:00:00,14432.028229363046,3,22
2021-04-15,14372.0,14398.6,14371.05,14387.85,11:05:00,14426.311255137996,3,23
2021-04-15,14367.15,14380.9,14359.35,14373.15,11:10:00,14420.676849886757,3,24
2021-04-15,14375.45,14378.25,14361.05,14366.4,11:15:00,14416.369530849925,3,25
2021-04-15,14370.35,14387.0,14367.05,14374.95,11:20:00,14411.986718388023,3,26
2021-04-15,14374.05,14377.65,14362.1,14371.0,11:25:00,14408.373697589166,3,27
2021-04-15,14377.65,14383.85,14353.2,14374.1,11:30:00,14405.4476311521,3,28
2021-04-15,14391.05,14393.2,14366.25,14377.7,11:35:00,14404.076428185235,3,29
2021-04-15,14412.9,14415.6,14388.0,14391.25,11:40:00,14404.916768358067,3,30
2021-04-15,14425.4,14437.6,14403.75,14412.8,11:45:00,14406.867552323967,3,31
2021-04-15,14436.15,14460.45,14425.05,14425.2,11:50:00,14409.656356864542,3,32
2021-04-15,14415.4,14443.7,14415.4,14438.05,11:55:00,14410.20337049649,3,33
2021-04-15,14416.55,14424.75,14405.05,14415.65,12:00:00,14410.807811401586,3,34
2021-04-15,14440.95,14440.95,14412.05,14416.2,12:05:00,14413.678496030006,3,35
2021-04-15,14429.9,14449.9,14427.4,14440.6,12:10:00,14415.223401170006,3,36
2021-04-15,14417.2,14451.5,14415.7,14430.15,12:15:00,14415.411648677626,3,37
2021-04-15,14420.15,14423.6,14410.55,14417.15,12:20:00,14415.862920232135,3,38
2021-04-15,14420.8,14432.2,14418.15,14419.3,12:25:00,14416.333118305269,3,39
2021-04-15,14433.4,14433.9,14408.85,14422.0,12:30:00,14417.958535609529,3,40
2021-04-15,14435.4,14441.85,14428.4,14433.8,12:35:00,14419.619627456235,3,41
2021-04-15,14439.4,14439.4,14429.0,14435.8,12:40:00,14421.503472460405,3,42
2021-04-15,14438.3,14452.65,14434.55,14438.5,12:45:00,14423.103141749889,3,43
2021-04-15,14433.25,14443.1,14425.35,14438.7,12:50:00,14424.069509202282,3,44
2021-04-15,14441.2,14449.85,14432.8,14432.8,12:55:00,14425.70098451635,3,45
2021-04-15,14438.4,14460.65,14434.5,14442.15,13:00:00,14426.910414562411,3,46
2021-04-15,14422.2,14438.55,14417.5,14437.3,13:05:00,14426.461803651706,3,47
2021-04-15,14426.3,14430.45,14420.5,14421.75,13:10:00,14426.446393780114,3,48
2021-04-15,14432.6,14442.5,14423.3,14427.3,13:15:00,14427.03245151534,3,49
2021-04-15,14417.0,14448.3,14413.15,14433.15,13:20:00,14426.07697994245,3,50
2021-04-15,14431.8,14438.45,14415.65,14416.65,13:25:00,14426.622029471742,3,51
2021-04-15,14442.45,14443.95,14424.3,14432.15,13:30:00,14428.129455236338,3,52
2021-04-15,14466.15,14466.15,14439.25,14441.55,13:35:00,14431.750459499544,3,53
2021-04-15,14473.6,14482.1,14466.65,14466.65,13:40:00,14435.736130023395,3,54
2021-04-15,14465.9,14486.9,14458.2,14473.3,13:45:00,14438.60887954498,3,55
2021-04-15,14488.7,14489.55,14467.6,14467.6,13:50:00,14443.37946244546,3,56
2021-04-15,14472.1,14495.5,14469.3,14488.0,13:55:00,14446.114751736366,3,57
2021-04-15,14497.8,14499.0,14473.15,14473.15,14:00:00,14451.037156332904,3,58
2021-04-15,14518.7,14523.4,14498.8,14498.8,14:05:00,14457.48123668215,3,59
2021-04-15,14514.35,14521.7,14497.75,14519.85,14:10:00,14462.897309379088,3,60
2021-04-15,14527.15,14527.85,14510.65,14515.25,14:15:00,14469.016613247746,3,61
2021-04-15,14484.95,14531.3,14484.95,14528.35,14:20:00,14470.534078652723,3,62
2021-04-15,14499.65,14501.5,14479.75,14484.75,14:25:00,14473.30702354294,3,63
2021-04-15,14513.15,14519.15,14498.2,14499.5,14:30:00,14477.101592729328,3,64
2021-04-15,14481.55,14513.7,14471.85,14513.45,14:35:00,14477.525250564628,3,65
2021-04-15,14496.9,14500.5,14481.7,14481.7,14:40:00,14479.370464796568,3,66
2021-04-15,14500.85,14515.15,14496.85,14497.0,14:45:00,14481.41613481594,3,67
2021-04-15,14516.55,14516.55,14497.95,14500.6,14:50:00,14484.762217214422,3,68
2021-04-15,14535.25,14537.35,14516.25,14516.25,14:55:00,14489.570577479715,3,69
2021-04-15,14562.75,14564.85,14533.35,14533.35,15:00:00,14496.54004629117,3,70
2021-04-15,14583.4,14584.1,14553.7,14562.85,15:05:00,14504.812422834868,3,71
2021-04-15,14587.7,14588.45,14575.0,14582.9,15:10:00,14512.706477802974,3,72
2021-04-15,14589.3,14596.85,14587.9,14588.8,15:15:00,14520.001098964596,3,73
2021-04-15,14592.45,14597.3,14582.75,14590.55,15:20:00,14526.9009943013,3,74
2021-04-15,14587.35,14597.55,14581.7,14593.05,15:25:00,14532.65804246308,3,75
2021-04-16,14612.3,14639.3,14587.35,14600.7,09:15:00,14540.24299079993,4,1
2021-04-16,14596.85,14640.85,14559.0,14617.25,09:20:00,14545.63413453327,4,2
2021-04-16,14616.95,14622.45,14594.75,14597.65,09:25:00,14552.42612172058,4,3
2021-04-16,14645.4,14653.0,14617.95,14617.95,09:30:00,14561.280776794809,4,4
2021-04-16,14631.55,14651.75,14626.95,14645.55,09:35:00,14567.973083766732,4,5
2021-04-16,14637.8,14647.75,14618.4,14630.45,09:40:00,14574.623266265138,4,6
2021-04-16,14656.1,14665.35,14637.6,14637.65,09:45:00,14582.382955192268,4,7
2021-04-16,14663.6,14668.0,14653.9,14657.15,09:50:00,14590.117911840623,4,8
2021-04-16,14657.6,14668.9,14656.55,14664.4,09:55:00,14596.544777379611,4,9
2021-04-16,14633.4,14668.95,14631.75,14658.3,10:00:00,14600.054798581554,4,10
2021-04-16,14654.65,14657.6,14624.0,14634.25,10:05:00,14605.254341573784,4,11
2021-04-16,14654.4,14660.8,14651.7,14654.8,10:10:00,14609.93488047152,4,12
2021-04-16,14664.7,14666.5,14653.65,14654.15,10:15:00,14615.150606140898,4,13
2021-04-16,14670.35,14672.1,14657.2,14664.8,10:20:00,14620.407691270337,4,14
2021-04-16,14669.55,14670.6,14655.75,14669.6,10:25:00,14625.08791114935,4,15
2021-04-16,14680.05,14683.7,14669.5,14669.5,10:30:00,14630.322395801792,4,16
2021-04-16,14686.45,14688.85,14679.8,14680.15,10:35:00,14635.66788191591,4,17
2021-04-16,14666.55,14689.85,14664.55,14686.95,10:40:00,14638.609036019156,4,18
2021-04-16,14670.85,14675.3,14656.3,14667.2,10:45:00,14641.679604017332,4,19
2021-04-16,14660.2,14678.95,14659.2,14671.05,10:50:00,14643.443451253775,4,20
2021-04-16,14656.95,14673.25,14650.5,14660.4,10:55:00,14644.729789229608,4,21
2021-04-16,14649.7,14666.9,14647.75,14657.35,11:00:00,14645.203142636314,4,22
2021-04-16,14674.1,14674.55,14648.4,14650.35,11:05:00,14647.955224289995,4,23
2021-04-16,14671.25,14678.0,14666.05,14676.15,11:10:00,14650.173774357616,4,24
2021-04-16,14675.0,14677.05,14661.9,14670.75,11:15:00,14652.538176799748,4,25
2021-04-16,14676.95,14688.2,14676.8,14676.8,11:20:00,14654.863112342628,4,26
2021-04-16,14682.3,14684.85,14674.95,14678.0,11:25:00,14657.476149262377,4,27
2021-04-16,14669.05,14684.95,14667.35,14682.45,11:30:00,14658.578420761198,4,28
2021-04-16,14668.45,14674.1,14664.15,14669.3,11:35:00,14659.518571164894,4,29
2021-04-16,14659.95,14671.55,14659.3,14668.4,11:40:00,14659.559659625382,4,30
2021-04-16,14640.1,14660.1,14636.35,14659.5,11:45:00,14657.706358708678,4,31
2021-04-16,14657.95,14663.45,14638.05,14640.0,11:50:00,14657.729562641183,4,32
2021-04-16,14650.9,14665.05,14649.8,14658.35,11:55:00,14657.079128103933,4,33
2021-04-16,14623.85,14652.15,14623.85,14651.1,12:00:00,14653.91444923689,4,34
2021-04-16,14636.0,14640.3,14618.85,14622.6,12:05:00,14652.20831121433,4,35
2021-04-16,14644.7,14645.75,14630.0,14636.2,12:10:00,14651.493233955824,4,36
2021-04-16,14635.05,14645.9,14626.35,14645.35,12:15:00,14649.927211674316,4,37
2021-04-16,14635.45,14640.6,14634.65,14634.75,12:20:00,14648.548429610097,4,38
2021-04-16,14636.05,14637.1,14628.2,14634.45,12:25:00,14647.35810298056,4,39
2021-04-16,14652.4,14653.15,14636.25,14636.25,12:30:00,14647.83828364908,4,40
2021-04-16,14649.9,14659.65,14646.1,14652.05,12:35:00,14648.034637587263,4,41
2021-04-16,14652.65,14655.5,14649.1,14650.3,12:40:00,14648.474195912286,4,42
2021-04-16,14673.4,14674.0,14652.9,14653.4,12:45:00,14650.848082015878,4,43
2021-04-16,14666.4,14676.45,14664.2,14673.3,12:50:00,14652.329217061984,4,44
2021-04-16,14658.75,14669.9,14653.25,14667.45,12:55:00,14652.940720198938,4,45
2021-04-16,14665.65,14675.65,14659.15,14659.15,13:00:00,14654.15112779904,4,46
2021-04-16,14647.7,14666.0,14647.15,14666.0,13:05:00,14653.53673467532,4,47
2021-04-16,14658.3,14659.4,14643.9,14647.8,13:10:00,14653.990378991955,4,48
2021-04-16,14648.35,14662.5,14645.0,14657.9,13:15:00,14653.453200040343,4,49
2021-04-16,14653.85,14654.1,14636.35,14648.3,13:20:00,14653.490990512691,4,50
2021-04-16,14644.55,14655.25,14642.95,14653.5,13:25:00,14652.63946760672,4,51
2021-04-16,14647.95,14652.4,14637.95,14644.8,13:30:00,14652.192851644177,4,52
2021-04-16,14661.3,14663.95,14648.15,14648.6,13:35:00,14653.060199106634,4,53
2021-04-16,14657.75,14670.25,14654.7,14661.85,13:40:00,14653.506846810764,4,54
2021-04-16,14660.95,14662.05,14652.0,14658.15,13:45:00,14654.215718543071,4,55
2021-04-16,14662.65,14666.4,14651.7,14660.75,13:50:00,14655.01898344373,4,56
2021-04-16,14656.05,14667.65,14653.2,14662.8,13:55:00,14655.117175496707,4,57
2021-04-16,14645.1,14657.4,14631.5,14657.4,14:00:00,14654.163158782734,4,58
2021-04-16,14642.7,14649.85,14634.05,14644.7,14:05:00,14653.071429374852,4,59
2021-04-16,14653.3,14656.5,14640.75,14642.8,14:10:00,14653.09319800582,4,60
2021-04-16,14655.6,14656.25,14648.9,14652.85,14:15:00,14653.331941052884,4,61
2021-04-16,14684.7,14687.25,14651.5,14654.55,14:20:00,14656.319375238323,4,62
2021-04-16,14684.7,14697.7,14680.9,14684.8,14:25:00,14659.022291882293,4,63
2021-04-16,14673.1,14688.05,14667.45,14685.55,14:30:00,14660.36302598874,4,64
2021-04-16,14682.25,14686.5,14673.4,14674.5,14:35:00,14662.447499704096,4,65
2021-04-16,14675.2,14689.9,14673.8,14682.9,14:40:00,14663.6620235418,4,66
2021-04-16,14675.25,14682.4,14674.35,14675.5,14:45:00,14664.765640347345,4,67
2021-04-16,14658.9,14673.4,14647.45,14673.4,14:50:00,14664.207007933312,4,68
2021-04-16,14646.35,14658.95,14644.95,14658.95,14:55:00,14662.506340511092,4,69
2021-04-16,14634.4,14645.4,14614.45,14645.4,15:00:00,14659.829546176705,4,70
2021-04-16,14628.25,14638.3,14621.9,14634.9,15:05:00,14656.82197035035,4,71
2021-04-16,14618.4,14630.4,14618.4,14627.25,15:10:00,14653.162735078888,4,72
2021-04-16,14615.25,14624.15,14612.75,14618.0,15:15:00,14649.551998404708,4,73
2021-04-16,14602.45,14622.5,14601.9,14615.4,15:20:00,14645.066093794736,4,74
2021-04-16,14591.25,14603.2,14585.4,14601.85,15:25:00,14639.940751528571,4,75
2021-04-19,14252.75,14326.1,14235.5,14314.75,09:15:00,14603.065441859184,0,1
2021-04-19,14261.4,14266.5,14203.15,14251.1,09:20:00,14570.525875967833,0,2
2021-04-19,14265.3,14282.55,14246.35,14263.75,09:25:00,14541.456744923278,0,3
2021-04-19,14245.85,14261.9,14231.85,14261.9,09:30:00,14513.303721597253,0,4
2021-04-19,14224.1,14249.05,14223.1,14244.1,09:35:00,14485.760510016562,0,5
2021-04-19,14203.9,14228.1,14198.75,14223.55,09:40:00,14458.916651919746,0,6
2021-04-19,14220.05,14223.8,14191.4,14202.6,09:45:00,14436.167446975009,0,7
2021-04-19,14222.25,14236.2,14217.25,14219.75,09:50:00,14415.794356786912,0,8
2021-04-19,14247.6,14248.1,14221.25,14221.75,09:55:00,14399.77584661673,0,9
2021-04-19,14253.05,14253.05,14225.75,14247.0,10:00:00,14385.801956462756,0,10
2021-04-19,14267.7,14272.25,14241.25,14253.15,10:05:00,14374.55415108535,0,11
2021-04-19,14288.55,14291.05,14260.95,14267.6,10:10:00,14366.363279553412,0,12
2021-04-19,14255.55,14291.15,14252.4,14288.1,10:15:00,14355.809633881658,0,13
2021-04-19,14267.95,14274.0,14246.75,14254.95,10:20:00,14347.442049702451,0,14
2021-04-19,14276.15,14287.95,14268.95,14269.0,10:25:00,14340.652330683171,0,15
2021-04-19,14306.9,14313.05,14270.9,14276.3,10:30:00,14337.43782299906,0,16
2021-04-19,14325.2,14329.6,14297.35,14305.05,10:35:00,14336.272316046769,0,17
2021-04-19,14297.45,14326.75,14294.45,14326.75,10:40:00,14332.574952613742,0,18
2021-04-19,14304.65,14314.2,14291.8,14298.1,10:45:00,14329.915433317195,0,19
2021-04-19,14321.25,14324.2,14300.3,14304.5,10:50:00,14329.090153953652,0,20
2021-04-19,14321.6,14332.0,14309.35,14322.55,10:55:00,14328.376805958069,0,21
2021-04-19,14311.25,14322.35,14308.1,14321.45,11:00:00,14326.74568158111,0,22
2021-04-19,14317.75,14318.15,14305.75,14311.2,11:05:00,14325.888950001956,0,23
2021-04-19,14308.2,14321.25,14307.8,14318.5,11:10:00,14324.204288097008,0,24
2021-04-19,14282.95,14308.95,14279.1,14308.95,11:15:00,14320.275308278244,0,25
2021-04-19,14278.75,14288.45,14275.7,14282.35,11:20:00,14316.32051701365,0,26
2021-04-19,14277.8,14283.85,14271.7,14280.4,11:25:00,14312.651896345682,0,27
2021-04-19,14258.6,14278.0,14257.6,14278.0,11:30:00,14307.504096693712,0,28
2021-04-19,14261.15,14264.4,14249.4,14258.95,11:35:00,14303.089420818122,0,29
2021-04-19,14278.2,14280.0,14260.1,14261.65,11:40:00,14300.718999787823,0,30
2021-04-19,14279.35,14286.0,14270.25,14278.3,11:45:00,14298.683856950893,0,31
2021-04-19,14286.65,14287.35,14274.55,14278.65,11:50:00,14297.53777533652,0,32
2021-04-19,14275.4,14286.9,14273.3,14285.85,11:55:00,14295.429415780662,0,33
2021-04-19,14279.45,14281.6,14263.75,14275.35,12:00:00,14293.907566658694,0,34
2021-04-19,14295.25,14296.2,14279.65,14279.85,12:05:00,14294.035417453106,0,35
2021-04-19,14269.95,14295.35,14269.95,14295.35,12:10:00,14291.741568171858,0,36
2021-04-19,14279.0,14279.45,14268.65,14269.85,12:15:00,14290.528085488822,0,37
2021-04-19,14282.4,14285.1,14271.8,14278.3,12:20:00,14289.753982108936,0,38
2021-04-19,14284.95,14285.4,14266.2,14282.5,12:25:00,14289.296460003325,0,39
2021-04-19,14275.55,14289.35,14275.25,14287.0,12:30:00,14287.98727333634,0,40
2021-04-19,14274.05,14281.55,14272.4,14275.7,12:35:00,14286.659913970974,0,41
2021-04-19,14276.1,14280.35,14264.45,14274.6,12:40:00,14285.6542078785,0,42
2021-04-19,14278.45,14286.35,14276.75,14276.75,12:45:00,14284.968092842451,0,43
2021-04-19,14280.7,14284.8,14274.75,14277.95,12:50:00,14284.56160780984,0,44
2021-04-19,14304.75,14311.8,14281.0,14281.4,12:55:00,14286.48431182795,0,45
2021-04-19,14312.15,14316.45,14304.95,14305.0,13:00:00,14288.92866308243,0,46
2021-04-19,14313.5,14314.85,14301.45,14312.95,13:05:00,14291.268790407914,0,47
2021-04-19,14315.05,14318.65,14301.55,14314.4,13:10:00,14293.533667511923,0,48
2021-04-19,14324.25,14327.35,14309.55,14315.4,13:15:00,14296.45903251079,0,49
2021-04-19,14340.95,14341.5,14318.9,14324.75,13:20:00,14300.69626750976,0,50
2021-04-19,14328.0,14349.65,14324.1,14341.55,13:25:00,14303.29662298502,0,51
2021-04-19,14340.55,14348.65,14326.9,14327.7,13:30:00,14306.844563653114,0,52
2021-04-19,14320.35,14341.4,14320.35,14341.05,13:35:00,14308.130795686153,0,53
2021-04-19,14322.9,14323.55,14308.65,14320.3,13:40:00,14309.537386573184,0,54
2021-04-19,14331.1,14331.85,14323.1,14324.0,13:45:00,14311.59096880431,0,55
2021-04-19,14329.05,14336.25,14323.5,14331.25,13:50:00,14313.253733680089,0,56
2021-04-19,14354.95,14373.95,14313.6,14329.2,13:55:00,14317.224806662938,0,57
2021-04-19,14361.45,14382.3,14356.65,14356.65,14:00:00,14321.436729837897,0,58
2021-04-19,14364.7,14374.05,14350.2,14362.75,14:05:00,14325.557041281909,0,59
2021-04-19,14354.45,14375.4,14353.75,14365.25,14:10:00,14328.308751636012,0,60
2021-04-19,14332.85,14359.75,14332.85,14354.85,14:15:00,14328.741251480202,0,61
2021-04-19,14345.05,14349.95,14328.55,14333.2,14:20:00,14330.294465624946,0,62
2021-04-19,14345.1,14353.05,14337.9,14345.55,14:25:00,14331.704516517808,0,63
2021-04-19,14345.5,14358.25,14340.35,14344.75,14:30:00,14333.01837208754,0,64
2021-04-19,14342.95,14347.4,14335.25,14346.6,14:35:00,14333.964241412536,0,65
2021-04-19,14320.0,14347.55,14317.15,14343.1,14:40:00,14332.634313658962,0,66
2021-04-19,14314.35,14320.6,14298.95,14320.6,14:45:00,14330.892950453346,0,67
2021-04-19,14323.05,14332.65,14313.95,14315.0,14:50:00,14330.146002791123,0,68
2021-04-19,14326.85,14329.85,14314.9,14323.85,14:55:00,14329.832097763398,0,69
2021-04-19,14361.05,14366.95,14328.05,14328.05,15:00:00,14332.80523130974,0,70
2021-04-19,14362.4,14367.25,14350.4,14362.95,15:05:00,14335.623780708816,0,71
2021-04-19,14361.9,14368.2,14356.0,14363.3,15:10:00,14338.126277784166,0,72
2021-04-19,14362.85,14364.3,14353.65,14361.2,15:15:00,14340.480917995195,0,73
2021-04-19,14365.25,14370.4,14356.2,14362.95,15:20:00,14342.83987818613,0,74
2021-04-19,14361.15,14368.35,14358.55,14367.25,15:25:00,14344.58369931126,0,75
2021-04-20,14486.35,14526.95,14475.8,14526.95,09:15:00,14358.085251757808,1,1
2021-04-20,14513.1,14515.65,14488.25,14488.25,09:20:00,14372.848561114208,1,2
2021-04-20,14505.95,14521.2,14497.25,14512.1,09:25:00,14385.52488862714,1,3
2021-04-20,14485.3,14507.35,14484.95,14505.5,09:30:00,14395.02728018646,1,4
2021-04-20,14468.5,14492.0,14458.85,14484.8,09:35:00,14402.024682073465,1,5
2021-04-20,14486.85,14487.3,14465.8,14470.2,09:40:00,14410.103283780754,1,6
2021-04-20,14472.5,14493.45,14471.5,14487.8,09:45:00,14416.045828182589,1,7
2021-04-20,14467.85,14478.2,14465.15,14472.65,09:50:00,14420.979558831868,1,8
2021-04-20,14458.1,14473.0,14454.4,14468.9,09:55:00,14424.514838943118,1,9
2021-04-20,14457.45,14464.45,14447.5,14458.05,10:00:00,14427.651520948535,1,10
2021-04-20,14448.25,14457.95,14442.1,14457.1,10:05:00,14429.6132808582,1,11
2021-04-20,14444.9,14461.8,14439.9,14447.55,10:10:00,14431.069158871704,1,12
2021-04-20,14456.35,14456.35,14436.95,14444.8,10:15:00,14433.47685802678,1,13
2021-04-20,14457.35,14459.6,14449.65,14455.45,10:20:00,14435.750490595658,1,14
2021-04-20,14460.5,14463.15,14453.2,14457.1,10:25:00,14438.107586729406,1,15
2021-04-20,14453.95,14461.65,14452.85,14460.95,10:30:00,14439.616387993272,1,16
2021-04-20,14462.6,14466.55,14452.3,14454.7,10:35:00,14441.805303422483,1,17
2021-04-20,14461.7,14467.55,14459.55,14463.05,10:40:00,14443.700036429866,1,18
2021-04-20,14439.85,14462.6,14439.05,14462.15,10:45:00,14443.333366293688,1,19
2021-04-20,14442.65,14444.5,14432.25,14439.6,10:50:00,14443.268283789526,1,20
2021-04-20,14448.95,14452.45,14440.3,14442.55,10:55:00,14443.809399619096,1,21
2021-04-20,14436.55,14451.35,14435.4,14448.85,11:00:00,14443.1180282268,1,22
2021-04-20,14420.3,14436.7,14418.3,14436.45,11:05:00,14440.944882681391,1,23
2021-04-20,14433.35,14434.85,14417.6,14420.9,11:10:00,14440.22156052126,1,24
2021-04-20,14414.4,14434.15,14412.65,14433.65,11:15:00,14437.762364281138,1,25
2021-04-20,14398.4,14416.3,14397.2,14413.9,11:20:00,14434.013567682934,1,26
2021-04-20,14390.1,14398.55,14387.05,14398.55,11:25:00,14429.831323141703,1,27
2021-04-20,14399.9,14406.35,14385.8,14390.95,11:30:00,14426.98072093773,1,28
2021-04-20,14403.25,14407.45,14391.5,14400.4,11:35:00,14424.720652276994,1,29
2021-04-20,14412.7,14413.95,14402.4,14403.15,11:40:00,14423.575828250614,1,30
2021-04-20,14399.55,14417.7,14399.55,14413.4,11:45:00,14421.287654131507,1,31
2021-04-20,14401.3,14401.75,14393.8,14399.7,11:50:00,14419.384068023744,1,32
2021-04-20,14400.15,14402.5,14393.55,14401.9,11:55:00,14417.552252021484,1,33
2021-04-20,14404.0,14406.45,14400.35,14400.6,12:00:00,14416.26156135277,1,34
2021-04-20,14392.9,14405.4,14391.95,14404.25,12:05:00,14414.036650747745,1,35
2021-04-20,14397.2,14401.1,14392.45,14393.4,12:10:00,14412.43316020034,1,36
2021-04-20,14384.2,14401.65,14368.05,14397.25,12:15:00,14409.744287800308,1,37
2021-04-20,14351.05,14385.0,14351.05,14384.85,12:20:00,14404.154355628849,1,38
2021-04-20,14374.1,14377.55,14349.65,14350.2,12:25:00,14401.29203604515,1,39
2021-04-20,14371.4,14382.0,14368.5,14373.5,12:30:00,14398.445175469422,1,40
2021-04-20,14364.55,14372.45,14357.25,14372.0,12:35:00,14395.217063519953,1,41
2021-04-20,14352.25,14369.95,14349.0,14364.6,12:40:00,14391.124962232338,1,42
2021-04-20,14364.05,14364.05,14334.3,14352.5,12:45:00,14388.546394400686,1,43
2021-04-20,14379.35,14383.1,14363.6,14363.95,12:50:00,14387.670547314909,1,44
2021-04-20,14362.35,14389.1,14361.45,14379.15,12:55:00,14385.25906661825,1,45
2021-04-20,14365.8,14366.05,14348.85,14360.3,13:00:00,14383.405822178416,1,46
2021-04-20,14374.5,14377.05,14362.6,14366.2,13:05:00,14382.557648637614,1,47
2021-04-20,14377.25,14380.8,14366.45,14372.25,13:10:00,14382.052158291175,1,48
2021-04-20,14380.4,14389.1,14372.55,14376.9,13:15:00,14381.894809882491,1,49
2021-04-20,14392.65,14393.2,14373.5,14380.8,13:20:00,14382.919113703208,1,50
2021-04-20,14380.25,14392.6,14373.55,14392.6,13:25:00,14382.66491239814,1,51
2021-04-20,14378.55,14383.65,14363.5,14380.8,13:30:00,14382.273015979268,1,52
2021-04-20,14374.5,14387.15,14369.15,14377.65,13:35:00,14381.532728743148,1,53
2021-04-20,14384.25,14385.45,14369.7,14373.85,13:40:00,14381.791516481897,1,54
2021-04-20,14377.65,14387.2,14377.25,14384.75,13:45:00,14381.39708634076,1,55
2021-04-20,14366.8,14388.6,14364.7,14377.9,13:50:00,14380.00688764164,1,56
2021-04-20,14370.9,14378.05,14361.25,14366.6,13:55:00,14379.139565009104,1,57
2021-04-20,14378.75,14380.95,14364.05,14370.35,14:00:00,14379.102463579664,1,58
2021-04-20,14372.45,14384.5,14368.1,14378.85,14:05:00,14378.468895619695,1,59
2021-04-20,14369.3,14375.8,14365.6,14372.75,14:10:00,14377.59566746544,1,60
2021-04-20,14375.4,14378.05,14364.25,14369.15,14:15:00,14377.386556278256,1,61
2021-04-20,14328.45,14375.05,14317.85,14375.05,14:20:00,14372.725931870804,1,62
2021-04-20,14310.75,14328.15,14295.8,14328.15,14:25:00,14366.823462168824,1,63
2021-04-20,14288.1,14311.5,14284.2,14311.45,14:30:00,14359.325989581315,1,64
2021-04-20,14271.75,14296.75,14269.9,14287.2,14:35:00,14350.985419145,1,65
2021-04-20,14284.1,14285.7,14267.6,14273.0,14:40:00,14344.615379226429,1,66
2021-04-20,14247.2,14284.55,14244.8,14283.95,14:45:00,14335.337724062008,1,67
2021-04-20,14227.9,14257.4,14227.85,14246.8,14:50:00,14325.105559865624,1,68
2021-04-20,14226.8,14237.6,14207.3,14227.6,14:55:00,14315.743125592706,1,69
2021-04-20,14297.95,14297.95,14228.85,14228.85,15:00:00,14314.048542202923,1,70
2021-04-20,14309.8,14311.05,14277.45,14298.35,15:05:00,14313.64391913598,1,71
2021-04-20,14314.95,14319.55,14304.4,14310.55,15:10:00,14313.768307789698,1,72
2021-04-20,14307.4,14320.55,14307.05,14316.55,15:15:00,14313.161802285918,1,73
2021-04-20,14299.1,14310.95,14290.15,14309.1,15:20:00,14311.822583020592,1,74
2021-04-20,14280.05,14299.6,14274.95,14299.4,15:25:00,14308.796622732916,1,75
2021-04-22,14163.35,14225.05,14151.4,14225.05,09:15:00,14294.94456342502,3,1
2021-04-22,14204.05,14226.45,14161.75,14165.7,09:20:00,14286.287938336922,3,2
2021-04-22,14218.25,14218.85,14189.2,14203.05,09:25:00,14279.808134685789,3,3
2021-04-22,14208.75,14219.45,14198.7,14218.8,09:30:00,14273.04069328714,3,4
2021-04-22,14218.5,14221.9,14206.5,14209.05,09:35:00,14267.846341545508,3,5
2021-04-22,14246.9,14258.75,14211.95,14218.3,09:40:00,14265.851451874509,3,6
2021-04-22,14252.15,14254.1,14233.7,14247.05,09:45:00,14264.546551695985,3,7
2021-04-22,14257.65,14261.35,14240.55,14252.65,09:50:00,14263.889737248746,3,8
2021-04-22,14258.05,14271.35,14250.85,14257.6,09:55:00,14263.333571796484,3,9
2021-04-22,14235.15,14258.0,14232.85,14257.85,10:00:00,14260.64942210158,3,10
2021-04-22,14238.2,14244.95,14223.05,14235.0,10:05:00,14258.51138190143,3,11
2021-04-22,14244.4,14258.8,14236.4,14238.55,10:10:00,14257.16744076796,3,12
2021-04-22,14244.65,14250.0,14233.85,14244.9,10:15:00,14255.975303551964,3,13
2021-04-22,14247.75,14252.1,14240.0,14244.4,10:20:00,14255.19194130892,3,14
2021-04-22,14263.5,14272.35,14245.95,14247.95,10:25:00,14255.983184993784,3,15
2021-04-22,14282.55,14285.85,14262.65,14263.65,10:30:00,14258.513357851518,3,16
2021-04-22,14279.45,14282.3,14267.85,14281.95,10:35:00,14260.507323770422,3,17
2021-04-22,14267.8,14288.95,14260.95,14279.0,10:40:00,14261.201864363717,3,18
2021-04-22,14266.6,14270.75,14257.65,14267.35,10:45:00,14261.715972519552,3,19
2021-04-22,14273.4,14273.4,14261.15,14266.25,10:50:00,14262.8287370415,3,20
2021-04-22,14256.8,14274.3,14256.75,14273.9,10:55:00,14262.254571608975,3,21
2021-04-22,14244.7,14257.0,14242.45,14257.0,11:00:00,14260.582707646216,3,22
2021-04-22,14239.85,14244.05,14233.6,14243.0,11:05:00,14258.60816406086,3,23
2021-04-22,14253.85,14254.4,14236.7,14240.25,11:10:00,14258.155005578874,3,24
2021-04-22,14258.7,14258.9,14249.1,14253.7,11:15:00,14258.206909809458,3,25
2021-04-22,14251.4,14262.05,14249.3,14257.9,11:20:00,14257.558632684748,3,26
2021-04-22,14270.1,14270.45,14250.9,14251.25,11:25:00,14258.753048619534,3,27
2021-04-22,14281.7,14285.6,14271.0,14272.05,11:30:00,14260.93847256053,3,28
2021-04-22,14280.5,14284.75,14268.6,14281.85,11:35:00,14262.801475173812,3,29
2021-04-22,14303.0,14304.25,14273.0,14281.35,11:40:00,14266.62990610964,3,30
2021-04-22,14320.7,14322.4,14298.75,14303.6,11:45:00,14271.779438861102,3,31
2021-04-22,14323.6,14330.3,14311.35,14319.8,11:50:00,14276.71473039814,3,32
2021-04-22,14317.1,14324.6,14310.55,14324.6,11:55:00,14280.5609465507,3,33
2021-04-22,14293.75,14317.4,14292.65,14317.4,12:00:00,14281.817046879203,3,34
2021-04-22,14303.2,14304.45,14286.45,14293.95,12:05:00,14283.853518604994,3,35
2021-04-22,14322.5,14324.05,14303.0,14303.4,12:10:00,14287.534135880707,3,36
2021-04-22,14325.5,14329.55,14312.95,14322.8,12:15:00,14291.1499324635,3,37
2021-04-22,14330.4,14332.65,14312.75,14325.25,12:20:00,14294.88803413364,3,38
2021-04-22,14308.6,14331.45,14302.8,14330.35,12:25:00,14296.193935644724,3,39
2021-04-22,14316.65,14318.0,14290.75,14309.35,12:30:00,14298.142132249988,3,40
2021-04-22,14304.9,14320.45,14302.15,14316.95,12:35:00,14298.78573870237,3,41
2021-04-22,14305.95,14314.85,14304.65,14304.8,12:40:00,14299.468049302146,3,42
2021-04-22,14324.75,14325.75,14306.4,14306.4,12:45:00,14301.875854130512,3,43
2021-04-22,14348.2,14348.75,14324.1,14324.1,12:50:00,14306.287677546654,3,44
2021-04-22,14341.75,14347.8,14337.2,14347.55,12:55:00,14309.66504158983,3,45
2021-04-22,14360.8,14364.5,14341.6,14341.6,13:00:00,14314.535037628892,3,46
2021-04-22,14348.8,14370.55,14343.05,14361.45,13:05:00,14317.79836737852,3,47
2021-04-22,14345.35,14359.65,14343.55,14348.65,13:10:00,14320.42233239009,3,48
2021-04-22,14364.25,14369.3,14345.05,14345.1,13:15:00,14324.596395971985,3,49
2021-04-22,14371.5,14371.95,14356.2,14364.3,13:20:00,14329.063405879417,3,50
2021-04-22,14340.5,14371.5,14339.8,14371.45,13:25:00,14330.15260531947,3,51
2021-04-22,14337.85,14349.55,14319.8,14340.05,13:30:00,14330.88569052714,3,52
2021-04-22,14358.4,14358.4,14334.15,14337.95,13:35:00,14333.506100953127,3,53
2021-04-22,14362.65,14362.65,14353.95,14360.85,13:40:00,14336.281710386163,3,54
2021-04-22,14381.95,14384.55,14362.7,14362.75,13:45:00,14340.631071301768,3,55
2021-04-22,14378.3,14391.45,14369.65,14380.45,13:50:00,14344.218588320648,3,56
2021-04-22,14369.35,14380.5,14359.15,14378.55,13:55:00,14346.612056099631,3,57
2021-04-22,14383.65,14399.2,14369.6,14369.6,14:00:00,14350.13947932824,3,58
2021-04-22,14386.95,14390.8,14380.65,14383.4,14:05:00,14353.64524320174,3,59
2021-04-22,14399.4,14404.3,14381.7,14387.25,14:10:00,14358.002839087289,3,60
2021-04-22,14382.35,14405.6,14380.95,14399.6,14:15:00,14360.321616317073,3,61
2021-04-22,14372.1,14387.55,14369.7,14383.4,14:20:00,14361.443367144017,3,62
2021-04-22,14371.45,14373.35,14353.6,14373.35,14:25:00,14362.396379796968,3,63
2021-04-22,14401.2,14403.75,14365.4,14371.65,14:30:00,14366.091962673449,3,64
2021-04-22,14408.2,14410.35,14393.5,14403.85,14:35:00,14370.102251942642,3,65
2021-04-22,14401.75,14416.25,14401.2,14408.0,14:40:00,14373.1163231862,3,66
2021-04-22,14415.1,14424.75,14398.8,14402.35,14:45:00,14377.11476859704,3,67
2021-04-22,14405.65,14418.55,14400.2,14414.95,14:50:00,14379.832409683037,3,68
2021-04-22,14394.05,14412.35,14390.85,14404.95,14:55:00,14381.1864659037,3,69
2021-04-22,14409.0,14424.35,14394.05,14394.7,15:00:00,14383.83537391287,3,70
2021-04-22,14410.2,14412.05,14399.05,14408.1,15:05:00,14386.346290683074,3,71
2021-04-22,14406.3,14415.85,14405.2,14410.95,15:10:00,14388.246643951352,3,72
2021-04-22,14406.45,14407.65,14397.75,14406.7,15:15:00,14389.980296908365,3,73
2021-04-22,14399.15,14412.5,14398.5,14406.5,15:20:00,14390.85360196471,3,74
2021-04-22,14399.1,14402.75,14395.6,14398.55,15:25:00,14391.638973206169,3,75
2021-04-23,14385.15,14385.4,14319.05,14337.35,09:15:00,14391.02097575796,4,1
2021-04-23,14371.0,14402.0,14369.05,14386.25,09:20:00,14389.114216161965,4,2
2021-04-23,14342.5,14371.15,14342.5,14369.6,09:25:00,14384.674767003684,4,3
2021-04-23,14335.9,14353.3,14326.3,14342.95,09:30:00,14380.02955109857,4,4
2021-04-23,14335.6,14350.9,14331.75,14335.1,09:35:00,14375.79816527966,4,5
2021-04-23,14350.25,14352.15,14333.65,14336.35,09:40:00,14373.365006681595,4,6
2021-04-23,14352.8,14359.4,14344.25,14350.4,09:45:00,14371.406434616682,4,7
2021-04-23,14339.45,14353.45,14332.15,14353.35,09:50:00,14368.362964653188,4,8
2021-04-23,14369.25,14369.8,14335.5,14339.0,09:55:00,14368.447444210027,4,9
2021-04-23,14374.35,14383.85,14359.75,14369.0,10:00:00,14369.009592380502,4,10
2021-04-23,14371.6,14381.75,14368.65,14374.15,10:05:00,14369.256297868074,4,11
2021-04-23,14392.9,14397.95,14372.2,14372.7,10:10:00,14371.508079023495,4,12
2021-04-23,14385.65,14408.6,14385.65,14392.6,10:15:00,14372.854928640303,4,13
2021-04-23,14388.2,14402.05,14380.75,14386.5,10:20:00,14374.316364007896,4,14
2021-04-23,14417.05,14418.4,14387.3,14387.3,10:25:00,14378.38623410238,4,15
2021-04-23,14412.0,14425.65,14412.0,14417.65,10:30:00,14381.58754514025,4,16
2021-04-23,14405.8,14414.2,14393.2,14413.6,10:35:00,14383.893493222133,4,17
2021-04-23,14400.9,14409.45,14396.9,14405.7,10:40:00,14385.513160534309,4,18
2021-04-23,14397.65,14401.2,14386.15,14400.55,10:45:00,14386.669050007233,4,19
2021-04-23,14406.2,14417.95,14395.0,14396.8,10:50:00,14388.529140482737,4,20
2021-04-23,14400.5,14407.6,14395.65,14406.5,10:55:00,14389.669222341525,4,21
2021-04-23,14424.8,14426.75,14400.65,14401.9,11:00:00,14393.01501068995,4,22
2021-04-23,14433.0,14436.4,14423.55,14425.95,11:05:00,14396.823104909952,4,23
2021-04-23,14449.2,14451.65,14433.45,14433.45,11:10:00,14401.811380632817,4,24
2021-04-23,14449.55,14461.15,14443.3,14450.7,11:15:00,14406.357915810642,4,25
2021-04-23,14445.6,14456.45,14442.85,14449.75,11:20:00,14410.09525716201,4,26
2021-04-23,14446.35,14456.25,14445.05,14447.8,11:25:00,14413.548089813246,4,27
2021-04-23,14449.55,14456.5,14436.35,14446.7,11:30:00,14416.976843164366,4,28
2021-04-23,14443.75,14452.3,14442.6,14450.6,11:35:00,14419.526667624905,4,29
2021-04-23,14436.4,14443.2,14424.55,14443.2,11:40:00,14421.133651660626,4,30
2021-04-23,14429.3,14440.1,14428.1,14435.95,11:45:00,14421.91139912152,4,31
2021-04-23,14427.35,14440.6,14426.5,14430.3,11:50:00,14422.429361109946,4,32
2021-04-23,14421.0,14426.8,14414.75,14426.8,11:55:00,14422.293231480426,4,33
2021-04-23,14435.1,14439.45,14420.3,14421.45,12:00:00,14423.512923720386,4,34
2021-04-23,14427.7,14437.65,14427.7,14435.6,12:05:00,14423.911692889871,4,35
2021-04-23,14429.05,14433.55,14425.15,14428.2,12:10:00,14424.40105547179,4,36
2021-04-23,14403.25,14429.5,14393.75,14429.2,12:15:00,14422.38666923638,4,37
2021-04-23,14374.3,14403.45,14372.55,14403.1,12:20:00,14417.806986451964,4,38
2021-04-23,14391.5,14398.2,14373.95,14374.5,12:25:00,14415.301559170824,4,39
2021-04-23,14391.35,14405.0,14390.15,14392.8,12:30:00,14413.020458297411,4,40
2021-04-23,14383.9,14392.1,14380.9,14392.1,12:35:00,14410.247081316707,4,41
2021-04-23,14416.1,14417.85,14384.0,14384.85,12:40:00,14410.804502143688,4,42
2021-04-23,14397.65,14424.5,14397.65,14417.8,12:45:00,14409.551692415718,4,43
2021-04-23,14384.6,14402.15,14384.6,14396.5,12:50:00,14407.17534075708,4,44
2021-04-23,14385.05,14396.85,14381.55,14384.4,12:55:00,14405.06816544688,4,45
2021-04-23,14403.9,14404.2,14384.85,14384.85,13:00:00,14404.956911594796,4,46
2021-04-23,14402.3,14410.2,14392.55,14404.2,13:05:00,14404.703872395292,4,47
2021-04-23,14396.7,14404.2,14392.95,14402.15,13:10:00,14403.941598833837,4,48
2021-04-23,14404.6,14404.6,14393.0,14396.55,13:15:00,14404.004303706804,4,49
2021-04-23,14401.7,14407.2,14396.75,14403.8,13:20:00,14403.784846210918,4,50
2021-04-23,14421.65,14425.8,14397.55,14402.25,13:25:00,14405.486289428924,4,51
2021-04-23,14411.1,14422.4,14410.65,14422.35,13:30:00,14406.020928530932,4,52
2021-04-23,14354.75,14415.05,14348.3,14410.9,13:35:00,14401.137982956558,4,53
2021-04-23,14367.05,14374.4,14349.75,14355.1,13:40:00,14397.891508389266,4,54
2021-04-23,14381.55,14389.45,14348.25,14367.4,13:45:00,14396.335174256954,4,55
2021-04-23,14373.05,14385.95,14366.65,14380.75,13:50:00,14394.117538613436,4,56
2021-04-23,14379.25,14382.4,14366.65,14372.05,13:55:00,14392.701582555012,4,57
2021-04-23,14387.95,14390.75,14378.0,14380.15,14:00:00,14392.249050883109,4,58
2021-04-23,14370.75,14387.95,14369.45,14387.85,14:05:00,14390.201522227571,4,59
2021-04-23,14351.05,14371.9,14351.05,14371.5,14:10:00,14386.472805824947,4,60
2021-04-23,14357.75,14379.05,14350.15,14351.6,14:15:00,14383.737300508286,4,61
2021-04-23,14331.75,14359.65,14320.0,14357.95,14:20:00,14378.786129031309,4,62
2021-04-23,14313.65,14337.7,14312.3,14333.15,14:25:00,14372.582688171184,4,63
2021-04-23,14320.3,14325.55,14299.95,14314.1,14:30:00,14367.603384535834,4,64
2021-04-23,14310.0,14322.85,14304.35,14320.45,14:35:00,14362.117347913374,4,65
2021-04-23,14281.05,14310.65,14273.75,14310.2,14:40:00,14354.3966481121,4,66
2021-04-23,14311.25,14320.25,14273.3,14280.6,14:45:00,14350.287443529996,4,67
2021-04-23,14311.95,14312.8,14296.9,14311.3,14:50:00,14346.6362584319,4,68
2021-04-23,14301.75,14324.1,14301.35,14312.0,14:55:00,14342.361376676485,4,69
2021-04-23,14338.45,14338.45,14302.6,14302.6,15:00:00,14341.988864612056,4,70
2021-04-23,14352.7,14359.05,14340.25,14340.25,15:05:00,14343.00897274424,4,71
2021-04-23,14341.3,14356.3,14339.85,14353.35,15:10:00,14342.846213435269,4,72
2021-04-23,14347.5,14347.7,14340.85,14341.25,15:15:00,14343.289431203337,4,73
2021-04-23,14346.0,14351.45,14337.2,14347.15,15:20:00,14343.54758061254,4,74
2021-04-23,14331.7,14346.45,14327.35,14346.3,15:25:00,14342.419239601822,4,75
2021-04-26,14460.25,14468.95,14421.3,14458.1,09:15:00,14353.6412167826,0,1
2021-04-26,14490.8,14494.0,14460.15,14462.3,09:20:00,14366.703958041398,0,2
2021-04-26,14488.5,14505.35,14486.55,14491.4,09:25:00,14378.303581085074,0,3
2021-04-26,14523.5,14536.05,14489.25,14489.25,09:30:00,14392.131811457924,0,4
2021-04-26,14524.9,14530.7,14516.1,14522.85,09:35:00,14404.776400842882,0,5
2021-04-26,14512.2,14525.05,14504.95,14525.05,09:40:00,14415.007219810226,0,6
2021-04-26,14520.2,14526.1,14501.2,14512.0,09:45:00,14425.0255798283,0,7
2021-04-26,14536.9,14541.7,14516.75,14519.75,09:50:00,14435.68028651132,0,8
2021-04-26,14543.7,14550.3,14532.55,14536.85,09:55:00,14445.967878272146,0,9
2021-04-26,14548.85,14557.5,14544.4,14544.85,10:00:00,14455.766175579562,0,10
2021-04-26,14544.95,14554.35,14541.6,14549.35,10:05:00,14464.259873143414,0,11
2021-04-26,14522.9,14552.0,14522.55,14543.45,10:10:00,14469.844647129756,0,12
2021-04-26,14519.9,14532.15,14517.75,14523.75,10:15:00,14474.611823593588,0,13
2021-04-26,14528.7,14532.3,14518.75,14519.65,10:20:00,14479.763078489435,0,14
2021-04-26,14532.15,14536.55,14524.55,14528.8,10:25:00,14484.75230910949,0,15
2021-04-26,14522.3,14537.95,14521.2,14532.4,10:30:00,14488.328279670492,0,16
2021-04-26,14524.95,14525.45,14512.35,14521.85,10:35:00,14491.816062559015,0,17
2021-04-26,14521.85,14525.9,14518.75,14524.6,10:40:00,14494.676437553397,0,18
2021-04-26,14514.95,14527.1,14508.35,14521.35,10:45:00,14496.607253024502,0,19
2021-04-26,14511.3,14517.85,14506.6,14514.55,10:50:00,14498.006562260263,0,20
2021-04-26,14511.2,14513.15,14502.3,14511.55,10:55:00,14499.263080140236,0,21
2021-04-26,14536.8,14539.9,14510.95,14511.7,11:00:00,14502.838024888786,0,22
2021-04-26,14532.8,14542.0,14529.55,14535.9,11:05:00,14505.691546327947,0,23
2021-04-26,14538.15,14538.5,14530.2,14533.15,11:10:00,14508.782827630048,0,24
2021-04-26,14532.0,14541.05,14529.4,14537.7,11:15:00,14510.993986903375,0,25
2021-04-26,14522.85,14535.2,14519.8,14532.4,11:20:00,14512.123131007816,0,26
2021-04-26,14518.7,14530.95,14517.95,14522.75,11:25:00,14512.749499483263,0,27
2021-04-26,14523.4,14527.4,14516.95,14519.15,11:30:00,14513.763832865809,0,28
2021-04-26,14525.6,14526.9,14505.85,14523.7,11:35:00,14514.891086878588,0,29
2021-04-26,14519.65,14527.25,14519.4,14525.85,11:40:00,14515.344316699671,0,30
2021-04-26,14518.9,14524.5,14513.7,14519.7,11:45:00,14515.682953204469,0,31
2021-04-26,14511.7,14519.7,14502.65,14519.6,11:50:00,14515.303624327851,0,32
2021-04-26,14514.1,14520.5,14511.05,14511.45,11:55:00,14515.188993439484,0,33
2021-04-26,14518.55,14519.25,14508.8,14514.35,12:00:00,14515.509089302392,0,34
2021-04-26,14515.15,14525.8,14513.95,14518.5,12:05:00,14515.474890321211,0,35
2021-04-26,14515.4,14520.6,14514.2,14514.6,12:10:00,14515.467757909666,0,36
2021-04-26,14503.7,14524.7,14501.25,14515.35,12:15:00,14514.347019061126,0,37
2021-04-26,14497.2,14507.1,14491.15,14504.95,12:20:00,14512.713969626731,0,38
2021-04-26,14492.05,14498.7,14482.25,14496.95,12:25:00,14510.745972519424,0,39
2021-04-26,14484.45,14491.05,14478.25,14490.8,12:30:00,14508.24159418424,0,40
2021-04-26,14497.0,14497.35,14484.05,14484.05,12:35:00,14507.170966166694,0,41
2021-04-26,14502.85,14504.25,14497.05,14497.35,12:40:00,14506.75944557939,0,42
2021-04-26,14504.4,14515.55,14501.45,14503.15,12:45:00,14506.534736476591,0,43
2021-04-26,14503.8,14508.0,14494.75,14504.7,12:50:00,14506.274285383584,0,44
2021-04-26,14510.95,14513.35,14502.65,14503.75,12:55:00,14506.719591537529,0,45
2021-04-26,14516.05,14516.05,14510.35,14511.95,13:00:00,14507.608201867286,0,46
2021-04-26,14502.6,14522.0,14502.45,14515.6,13:05:00,14507.13123026088,0,47
2021-04-26,14498.15,14502.75,14492.4,14502.55,13:10:00,14506.275874997937,0,48
2021-04-26,14484.2,14502.0,14480.25,14498.65,13:15:00,14504.17341071242,0,49
2021-04-26,14485.65,14493.45,14481.8,14483.75,13:20:00,14502.409276358856,0,50
2021-04-26,14495.35,14496.0,14485.65,14486.1,13:25:00,14501.736964324678,0,51
2021-04-26,14472.5,14496.9,14463.95,14495.75,13:30:00,14498.952491531853,0,52
2021-04-26,14478.6,14483.65,14463.3,14472.7,13:35:00,14497.01415900501,0,53
2021-04-26,14470.0,14481.0,14468.2,14478.85,13:40:00,14494.441381956914,0,54
2021-04-26,14475.7,14477.95,14464.6,14469.95,13:45:00,14492.656488437207,0,55
2021-04-26,14502.3,14514.75,14465.4,14476.65,13:50:00,14493.574918109854,0,56
2021-04-26,14496.2,14503.5,14492.6,14503.5,13:55:00,14493.824925908915,0,57
2021-04-26,14501.75,14511.75,14496.6,14496.6,14:00:00,14494.579694869974,0,58
2021-04-26,14482.3,14502.1,14481.45,14501.9,14:05:00,14493.410200120452,0,59
2021-04-26,14486.5,14490.45,14480.2,14483.3,14:10:00,14492.752085823266,0,60
2021-04-26,14482.0,14487.75,14478.8,14487.1,14:15:00,14491.72807764962,0,61
2021-04-26,14470.65,14481.85,14470.25,14481.45,14:20:00,14489.72064168299,0,62
2021-04-26,14464.45,14470.65,14451.5,14470.2,14:25:00,14487.313913903658,0,63
2021-04-26,14456.4,14479.85,14456.0,14465.95,14:30:00,14484.369731627115,0,64
2021-04-26,14460.85,14465.55,14455.2,14456.65,14:35:00,14482.12975718644,0,65
2021-04-26,14471.65,14475.6,14460.95,14461.9,14:40:00,14481.131685073446,0,66
2021-04-26,14483.4,14490.6,14470.4,14471.1,14:45:00,14481.347715066451,0,67
2021-04-26,14478.75,14486.15,14478.4,14482.95,14:50:00,14481.10031363155,0,68
2021-04-26,14463.7,14477.95,14461.65,14477.25,14:55:00,14479.443140904736,0,69
2021-04-26,14477.8,14484.1,14466.25,14466.55,15:00:00,14479.286651294762,0,70
2021-04-26,14489.45,14489.45,14477.7,14478.45,15:05:00,14480.254589266691,0,71
2021-04-26,14480.0,14489.4,14475.7,14489.2,15:10:00,14480.230342669864,0,72
2021-04-26,14485.45,14492.3,14479.15,14479.65,15:15:00,14480.72745289178,0,73
2021-04-26,14491.55,14494.5,14483.9,14486.3,15:20:00,14481.758171663992,0,74
2021-04-26,14489.05,14492.2,14483.1,14491.4,15:25:00,14482.452631505515,0,75
2021-04-27,14537.6,14554.25,14484.85,14509.85,09:15:00,14487.704761838324,1,1
2021-04-27,14538.85,14541.55,14509.3,14537.4,09:20:00,14492.57573690134,1,2
2021-04-27,14520.05,14539.2,14519.65,14539.2,09:25:00,14495.192333386927,1,3
2021-04-27,14525.05,14541.15,14514.0,14519.8,09:30:00,14498.035920683413,1,4
2021-04-27,14544.5,14547.7,14524.35,14525.3,09:35:00,14502.461071094516,1,5
2021-04-27,14550.05,14550.5,14531.45,14545.05,09:40:00,14506.993350037896,1,6
2021-04-27,14548.85,14556.55,14543.5,14551.1,09:45:00,14510.979697653334,1,7
2021-04-27,14561.9,14566.6,14548.75,14549.05,09:50:00,14515.82925025778,1,8
2021-04-27,14567.1,14577.15,14561.0,14562.15,09:55:00,14520.712178804655,1,9
2021-04-27,14580.25,14583.75,14567.5,14567.8,10:00:00,14526.382447489928,1,10
2021-04-27,14565.25,14580.45,14560.75,14580.45,10:05:00,14530.084119157556,1,11
2021-04-27,14566.55,14572.8,14558.35,14565.05,10:10:00,14533.557060190167,1,12
2021-04-27,14556.35,14569.9,14555.75,14566.65,10:15:00,14535.72781636253,1,13
2021-04-27,14553.5,14558.5,14545.8,14556.6,10:20:00,14537.420405280383,1,14
2021-04-27,14563.2,14563.25,14546.9,14552.55,10:25:00,14539.87560477749,1,15
2021-04-27,14560.6,14568.3,14554.4,14562.8,10:30:00,14541.849356703444,1,16
2021-04-27,14562.1,14564.55,14558.05,14560.15,10:35:00,14543.777989398352,1,17
2021-04-27,14567.1,14568.35,14559.7,14562.0,10:40:00,14545.999133265175,1,18
2021-04-27,14564.8,14569.1,14561.6,14565.7,10:45:00,14547.789692001828,1,19
2021-04-27,14571.55,14573.65,14564.65,14564.9,10:50:00,14550.052578477844,1,20
2021-04-27,14580.45,14580.85,14569.3,14571.9,10:55:00,14552.947571003764,1,21
2021-04-27,14579.35,14581.8,14571.2,14580.3,11:00:00,14555.462088051025,1,22
2021-04-27,14590.1,14590.2,14575.4,14579.1,11:05:00,14558.76093680807,1,23
2021-04-27,14587.4,14593.4,14585.7,14590.75,11:10:00,14561.488466635872,1,24
2021-04-27,14580.75,14589.8,14578.0,14588.15,11:15:00,14563.322898384837,1,25
2021-04-27,14575.75,14585.45,14575.75,14580.8,11:20:00,14564.506431871994,1,26
2021-04-27,14579.35,14579.35,14571.35,14576.45,11:25:00,14565.920105027042,1,27
2021-04-27,14584.8,14585.9,14575.7,14579.45,11:30:00,14567.718190262562,1,28
2021-04-27,14587.6,14588.15,14580.65,14585.75,11:35:00,14569.61169595184,1,29
2021-04-27,14590.0,14594.3,14587.3,14587.5,11:40:00,14571.553439194522,1,30
2021-04-27,14593.75,14596.0,14587.9,14591.3,11:45:00,14573.667397366473,1,31
2021-04-27,14600.7,14602.6,14593.55,14593.55,11:50:00,14576.24193095062,1,32
2021-04-27,14612.6,14614.45,14600.0,14601.05,11:55:00,14579.704604193415,1,33
2021-04-27,14611.3,14619.7,14611.3,14613.2,12:00:00,14582.713689508328,1,34
2021-04-27,14615.2,14616.3,14607.3,14612.35,12:05:00,14585.807623840868,1,35
2021-04-27,14624.85,14626.35,14613.45,14615.5,12:10:00,14589.525945379832,1,36
2021-04-27,14623.3,14630.25,14618.65,14625.4,12:15:00,14592.742522010323,1,37
2021-04-27,14614.75,14623.25,14610.4,14623.25,12:20:00,14594.838472295056,1,38
2021-04-27,14610.0,14617.2,14605.2,14614.95,12:25:00,14596.282427314574,1,39
2021-04-27,14604.55,14611.65,14598.0,14610.25,12:30:00,14597.069815189376,1,40
2021-04-27,14613.05,14615.35,14600.4,14604.5,12:35:00,14598.591737552291,1,41
2021-04-27,14608.75,14615.2,14607.7,14614.4,12:40:00,14599.55919111874,1,42
2021-04-27,14612.35,14614.9,14608.3,14608.7,12:45:00,14600.777363393148,1,43
2021-04-27,14612.2,14617.6,14611.3,14612.05,12:50:00,14601.86523354618,1,44
2021-04-27,14594.2,14612.0,14590.25,14612.0,12:55:00,14601.135211303685,1,45
2021-04-27,14599.65,14600.25,14592.8,14594.8,13:00:00,14600.993762608095,1,46
2021-04-27,14600.1,14611.45,14598.95,14599.5,13:05:00,14600.908642359707,1,47
2021-04-27,14599.55,14603.0,14595.35,14600.25,13:10:00,14600.779247849256,1,48
2021-04-27,14603.35,14604.1,14593.4,14598.55,13:15:00,14601.024081387422,1,49
2021-04-27,14600.95,14608.9,14600.05,14603.3,13:20:00,14601.01702601719,1,50
2021-04-27,14592.6,14603.3,14589.1,14601.15,13:25:00,14600.215404491744,1,51
2021-04-27,14596.25,14598.8,14588.35,14592.3,13:30:00,14599.837746921105,1,52
2021-04-27,14595.05,14599.85,14593.7,14596.8,13:35:00,14599.381771023856,1,53
2021-04-27,14596.15,14597.6,14590.45,14595.2,13:40:00,14599.073983307297,1,54
2021-04-27,14617.7,14627.85,14595.95,14595.95,13:45:00,14600.847889658982,1,55
2021-04-27,14618.45,14619.8,14614.3,14617.65,13:50:00,14602.524281120031,1,56
2021-04-27,14622.9,14625.7,14615.7,14618.15,13:55:00,14604.464825775269,1,57
2021-04-27,14632.55,14636.9,14620.3,14623.3,14:00:00,14607.13960427286,1,58
2021-04-27,14633.95,14635.65,14626.5,14632.8,14:05:00,14609.692975294492,1,59
2021-04-27,14632.55,14640.4,14630.95,14634.95,14:10:00,14611.869834790254,1,60
2021-04-27,14634.6,14634.6,14624.65,14633.4,14:15:00,14614.034612429276,1,61
2021-04-27,14633.8,14640.55,14630.9,14633.95,14:20:00,14615.917030293156,1,62
2021-04-27,14644.55,14645.4,14631.35,14634.2,14:25:00,14618.643979789049,1,63
2021-04-27,14647.05,14649.1,14640.15,14646.5,14:30:00,14621.349315047231,1,64
2021-04-27,14651.1,14654.35,14647.75,14648.45,14:35:00,14624.182713614164,1,65
2021-04-27,14651.5,14659.55,14648.95,14651.95,14:40:00,14626.784359936624,1,66
2021-04-27,14642.45,14653.65,14641.75,14651.45,14:45:00,14628.276325656943,1,67
2021-04-27,14635.3,14646.5,14635.05,14642.05,14:50:00,14628.945247022952,1,68
2021-04-27,14635.75,14642.5,14634.4,14635.0,14:55:00,14629.593318735053,1,69
2021-04-27,14639.45,14641.1,14633.25,14635.8,15:00:00,14630.532050284097,1,70
2021-04-27,14647.0,14648.7,14639.35,14639.55,15:05:00,14632.100426447516,1,71
2021-04-27,14654.35,14655.65,14645.45,14647.75,15:10:00,14634.219433452514,1,72
2021-04-27,14660.35,14661.7,14651.7,14654.6,15:15:00,14636.708058837989,1,73
2021-04-27,14657.9,14667.55,14653.35,14659.95,15:20:00,14638.726338948656,1,74
2021-04-27,14655.8,14658.25,14651.95,14658.05,15:25:00,14640.352401905926,1,75
2021-04-28,14734.55,14739.65,14694.95,14712.4,09:15:00,14649.323601724407,2,1
2021-04-28,14751.35,14753.45,14727.45,14734.95,09:20:00,14659.04040156018,2,2
2021-04-28,14757.5,14757.8,14741.95,14751.0,09:25:00,14668.417506173497,2,3
2021-04-28,14748.75,14760.15,14744.5,14758.15,09:30:00,14676.068219871258,2,4
2021-04-28,14736.4,14748.4,14734.9,14748.4,09:35:00,14681.814103693045,2,5
2021-04-28,14745.9,14748.85,14732.95,14734.9,09:40:00,14687.917522388943,2,6
2021-04-28,14757.65,14764.4,14743.45,14745.4,09:45:00,14694.558710732856,2,7
2021-04-28,14755.65,14762.3,14755.15,14758.05,09:50:00,14700.376928758298,2,8
2021-04-28,14743.35,14755.8,14742.05,14755.8,09:55:00,14704.469602209889,2,9
2021-04-28,14749.25,14751.1,14743.5,14744.25,10:00:00,14708.734401999423,2,10
2021-04-28,14759.45,14760.7,14749.45,14749.45,10:05:00,14713.56445895186,2,11
2021-04-28,14754.95,14764.9,14754.95,14759.35,10:10:00,14717.505939051684,2,12
2021-04-28,14749.8,14762.1,14749.3,14754.55,10:15:00,14720.581563903905,2,13
2021-04-28,14744.35,14753.9,14740.5,14748.65,10:20:00,14722.845224484485,2,14
2021-04-28,14739.55,14747.1,14735.4,14744.65,10:25:00,14724.436155485962,2,15
2021-04-28,14753.15,14756.95,14736.35,14739.1,10:30:00,14727.17080734444,2,16
2021-04-28,14754.9,14759.9,14750.45,14754.1,10:35:00,14729.811682835449,2,17
2021-04-28,14772.5,14772.6,14755.55,14757.9,10:40:00,14733.877236851118,2,18
2021-04-28,14774.4,14778.95,14772.85,14773.25,10:45:00,14737.736547627204,2,19
2021-04-28,14776.75,14777.8,14769.2,14774.5,10:50:00,14741.452114519849,2,20
2021-04-28,14774.25,14779.7,14773.25,14777.2,10:55:00,14744.575722660817,2,21
2021-04-28,14776.2,14779.4,14771.4,14775.55,11:00:00,14747.58755859788,2,22
2021-04-28,14781.7,14786.15,14774.8,14776.7,11:05:00,14750.836362540938,2,23
2021-04-28,14776.0,14783.4,14776.0,14782.05,11:10:00,14753.232899441802,2,24
2021-04-28,14781.15,14781.6,14773.25,14776.6,11:15:00,14755.891670923536,2,25
2021-04-28,14779.05,14787.3,14778.4,14782.3,11:20:00,14758.097226073676,2,26
2021-04-28,14774.85,14784.75,14774.05,14778.3,11:25:00,14759.692728352376,2,27
2021-04-28,14779.6,14780.55,14770.0,14775.3,11:30:00,14761.588658985482,2,28
2021-04-28,14773.35,14779.85,14770.55,14779.1,11:35:00,14762.70878670115,2,29
2021-04-28,14780.15,14781.6,14770.45,14773.05,11:40:00,14764.369854634377,2,30
2021-04-28,14787.7,14791.4,14779.1,14779.7,11:45:00,14766.591773240623,2,31
2021-04-28,14787.4,14790.0,14783.2,14787.95,11:50:00,14768.57350912247,2,32
2021-04-28,14789.25,14791.7,14786.95,14788.95,11:55:00,14770.542698729854,2,33
2021-04-28,14782.75,14789.95,14779.3,14789.0,12:00:00,14771.70529885082,2,34
2021-04-28,14797.5,14799.15,14782.7,14783.4,12:05:00,14774.161937055504,2,35
2021-04-28,14799.3,14802.25,14796.9,14797.35,12:10:00,14776.556038288314,2,36
2021-04-28,14801.35,14804.5,14790.25,14799.6,12:15:00,14778.91736797514,2,37
2021-04-28,14820.3,14820.8,14802.3,14802.3,12:20:00,14782.858571025128,2,38
2021-04-28,14823.75,14826.75,14815.45,14821.05,12:25:00,14786.752992832258,2,39
2021-04-28,14817.9,14828.2,14817.9,14824.2,12:30:00,14789.719374467282,2,40
2021-04-28,14820.5,14825.5,14815.4,14818.1,12:35:00,14792.650862613256,2,41
2021-04-28,14832.25,14837.0,14821.0,14821.0,12:40:00,14796.42220903104,2,42
2021-04-28,14838.1,14839.1,14828.1,14831.75,12:45:00,14800.391522456655,2,43
2021-04-28,14846.25,14847.1,14835.3,14839.4,12:50:00,14804.758996508404,2,44
2021-04-28,14849.55,14852.55,14841.6,14846.35,12:55:00,14809.024806364743,2,45
2021-04-28,14840.8,14850.35,14837.75,14849.7,13:00:00,14812.051015282388,2,46
2021-04-28,14849.65,14853.4,14842.1,14842.3,13:05:00,14815.63187096978,2,47
2021-04-28,14866.55,14867.25,14846.9,14849.9,13:10:00,14820.481216591705,2,48
2021-04-28,14866.4,14872.5,14860.95,14867.85,13:15:00,14824.854434059162,2,49
2021-04-28,14861.35,14870.9,14860.7,14867.45,13:20:00,14828.330202244004,2,50
2021-04-28,14855.6,14862.15,14843.75,14862.15,13:25:00,14830.927325839812,2,51
2021-04-28,14861.85,14864.2,14851.6,14855.25,13:30:00,14833.872342426495,2,52
2021-04-28,14853.15,14863.75,14850.85,14863.2,13:35:00,14835.70830981445,2,53
2021-04-28,14851.45,14856.6,14849.05,14852.75,13:40:00,14837.20751840355,2,54
2021-04-28,14840.45,14852.45,14840.45,14851.9,13:45:00,14837.51632617464,2,55
2021-04-28,14861.75,14865.35,14837.8,14840.85,13:50:00,14839.824295110388,2,56
2021-04-28,14875.65,14877.15,14858.9,14862.0,13:55:00,14843.236267004637,2,57
2021-04-28,14864.25,14878.15,14860.3,14877.2,14:00:00,14845.237574908955,2,58
2021-04-28,14866.7,14871.45,14864.3,14865.25,14:05:00,14847.281615393818,2,59
2021-04-28,14872.0,14876.4,14865.75,14866.45,14:10:00,14849.635747261074,2,60
2021-04-28,14881.25,14886.75,14868.55,14872.2,14:15:00,14852.646628474306,2,61
2021-04-28,14882.15,14890.25,14877.3,14882.15,14:20:00,14855.456473381517,2,62
2021-04-28,14879.8,14885.45,14874.8,14882.05,14:25:00,14857.774904488038,2,63
2021-04-28,14872.0,14879.0,14866.1,14878.75,14:30:00,14859.129675489175,2,64
2021-04-28,14872.0,14881.95,14871.95,14873.5,14:35:00,14860.355420680684,2,65
2021-04-28,14872.2,14875.7,14866.5,14871.85,14:40:00,14861.483475853953,2,66
2021-04-28,14864.2,14873.1,14860.1,14872.0,14:45:00,14861.74219243929,2,67
2021-04-28,14870.25,14873.55,14864.1,14865.1,14:50:00,14862.552459826024,2,68
2021-04-28,14869.75,14878.7,14868.95,14870.35,14:55:00,14863.237939842593,2,69
2021-04-28,14878.95,14879.85,14868.8,14871.55,15:00:00,14864.73432652425,2,70
2021-04-28,14874.65,14881.25,14872.3,14879.25,15:05:00,14865.678676379084,2,71
2021-04-28,14865.05,14874.35,14861.5,14873.55,15:10:00,14865.61880243822,2,72
2021-04-28,14859.2,14865.3,14852.45,14864.6,15:15:00,14865.007487920291,2,73
2021-04-28,14857.8,14866.0,14854.65,14859.15,15:20:00,14864.321060499313,2,74
2021-04-28,14850.5,14858.2,14847.3,14857.7,15:25:00,14863.004769023188,2,75
2021-04-29,15031.7,15035.95,14961.6,14987.15,09:15:00,14879.07098149717,3,1
2021-04-29,15031.35,15044.35,15024.35,15032.45,09:20:00,14893.573745164103,3,2
2021-04-29,15013.25,15033.1,15007.4,15031.55,09:25:00,14904.971483719906,3,3
2021-04-29,15020.9,15028.15,15013.3,15014.65,09:30:00,14916.0122947942,3,4
2021-04-29,15024.45,15031.1,15019.9,15020.05,09:35:00,14926.33969528999,3,5
2021-04-29,15009.4,15030.45,15009.4,15024.9,09:40:00,14934.250200500466,3,6
2021-04-29,14957.15,15018.65,14947.8,15010.15,09:45:00,14936.431133786136,3,7
2021-04-29,14947.45,14967.9,14943.2,14957.85,09:50:00,14937.48054961603,3,8
2021-04-29,14921.7,14946.5,14903.15,14945.85,09:55:00,14935.977640128787,3,9
2021-04-29,14935.9,14936.7,14896.0,14921.55,10:00:00,14935.97024583081,3,10
2021-04-29,14913.15,14949.15,14911.25,14937.6,10:05:00,14933.796889085015,3,11
2021-04-29,14923.4,14930.75,14909.25,14912.2,10:10:00,14932.80670917216,3,12
2021-04-29,14916.25,14923.6,14900.55,14921.75,10:15:00,14931.229879727192,3,13
2021-04-29,14924.0,14931.05,14915.6,14915.6,10:20:00,14930.541319753174,3,14
2021-04-29,14911.2,14930.05,14910.0,14924.2,10:25:00,14928.699289300492,3,15
2021-04-29,14913.45,14920.55,14906.35,14911.7,10:30:00,14927.24697603378,3,16
2021-04-29,14871.75,14916.25,14870.65,14913.3,10:35:00,14921.961549744849,3,17
2021-04-29,14869.1,14881.45,14858.0,14871.45,10:40:00,14916.927116435816,3,18
2021-04-29,14841.6,14872.3,14840.2,14869.8,10:45:00,14909.753105346692,3,19
2021-04-29,14824.6,14842.2,14814.45,14842.2,10:50:00,14901.643285789864,3,20
2021-04-29,14837.9,14855.05,14823.6,14823.95,10:55:00,14895.57249666702,3,21
2021-04-29,14821.65,14847.25,14820.35,14838.8,11:00:00,14888.532258889209,3,22
2021-04-29,14824.6,14832.75,14820.45,14820.45,11:05:00,14882.443472328332,3,23
2021-04-29,14841.6,14843.15,14824.4,14824.75,11:10:00,14878.553617820871,3,24
2021-04-29,14878.4,14878.4,14836.6,14840.75,11:15:00,14878.538987552218,3,25
2021-04-29,14896.8,14901.2,14870.6,14876.7,11:20:00,14880.278131594863,3,26
2021-04-29,14888.75,14919.75,14886.85,14898.05,11:25:00,14881.084976204877,3,27
2021-04-29,14882.1,14889.35,14862.55,14888.45,11:30:00,14881.181645137744,3,28
2021-04-29,14873.8,14896.45,14873.35,14883.9,11:35:00,14880.478631315102,3,29
2021-04-29,14885.7,14885.7,14869.7,14872.3,11:40:00,14880.975904523188,3,30
2021-04-29,14894.45,14898.9,14885.55,14887.0,11:45:00,14882.259151711456,3,31
2021-04-29,14905.2,14914.35,14894.15,14894.9,11:50:00,14884.443994405605,3,32
2021-04-29,14876.45,14910.2,14873.0,14906.05,11:55:00,14883.68266160507,3,33
2021-04-29,14888.05,14888.75,14870.05,14876.8,12:00:00,14884.098598595065,3,34
2021-04-29,14899.7,14902.25,14887.4,14888.75,12:05:00,14885.584446347912,3,35
2021-04-29,14904.3,14906.35,14889.2,14900.05,12:10:00,14887.366880029063,3,36
2021-04-29,14895.7,14910.1,14894.05,14904.85,12:15:00,14888.160510502488,3,37
2021-04-29,14895.35,14900.15,14886.8,14895.95,12:20:00,14888.845223787966,3,38
2021-04-29,14906.25,14906.25,14891.85,14895.1,12:25:00,14890.502821522448,3,39
2021-04-29,14907.4,14910.85,14894.05,14906.8,12:30:00,14892.112076615547,3,40
2021-04-29,14897.45,14907.0,14896.85,14907.0,12:35:00,14892.620450271208,3,41
2021-04-29,14902.1,14904.3,14894.5,14896.8,12:40:00,14893.523264531092,3,42
2021-04-29,14907.85,14911.1,14898.25,14903.9,12:45:00,14894.887715528132,3,43
2021-04-29,14935.55,14937.5,14907.4,14908.95,12:50:00,14898.76031404926,3,44
2021-04-29,14930.3,14936.7,14924.85,14935.1,12:55:00,14901.764093663616,3,45
2021-04-29,14939.5,14940.2,14930.8,14932.2,13:00:00,14905.357989505175,3,46
2021-04-29,14947.95,14950.9,14939.05,14939.1,13:05:00,14909.414371457064,3,47
2021-04-29,14913.6,14947.3,14899.8,14946.2,13:10:00,14909.813002746869,3,48
2021-04-29,14933.6,14935.85,14913.25,14914.55,13:15:00,14912.078431056689,3,49
2021-04-29,14936.65,14947.85,14931.4,14934.15,13:20:00,14914.41858047986,3,50
2021-04-29,14941.25,14944.05,14936.1,14937.1,13:25:00,14916.973953767492,3,51
2021-04-29,14940.2,14950.35,14935.75,14942.55,13:30:00,14919.185958170588,3,52
2021-04-29,14943.55,14946.85,14937.4,14940.55,13:35:00,14921.506343106725,3,53
2021-04-29,14942.0,14958.0,14941.8,14944.1,13:40:00,14923.458119953702,3,54
2021-04-29,14924.7,14941.75,14917.4,14941.75,13:45:00,14923.576394243826,3,55
2021-04-29,14925.8,14934.15,14921.0,14924.35,13:50:00,14923.788166220604,3,56
2021-04-29,14887.9,14926.3,14886.75,14926.3,13:55:00,14920.370245628166,3,57
2021-04-29,14874.5,14899.65,14873.4,14889.5,14:00:00,14916.001650806436,3,58
2021-04-29,14878.6,14883.2,14869.8,14875.1,14:05:00,14912.439588824873,3,59
2021-04-29,14899.7,14909.0,14875.0,14879.4,14:10:00,14911.226294651073,3,60
2021-04-29,14908.2,14908.9,14882.65,14900.85,14:15:00,14910.938076112876,3,61
2021-04-29,14906.9,14912.7,14896.35,14908.55,14:20:00,14910.55349743546,3,62
2021-04-29,14907.85,14913.65,14903.2,14907.15,14:25:00,14910.296021489225,3,63
2021-04-29,14902.1,14910.05,14892.6,14909.3,14:30:00,14909.51544801406,3,64
2021-04-29,14915.6,14924.1,14902.75,14903.45,14:35:00,14910.09492915558,3,65
2021-04-29,14909.75,14919.8,14905.0,14915.9,14:40:00,14910.062078759807,3,66
2021-04-29,14919.5,14920.75,14900.85,14910.0,14:45:00,14910.960928401732,3,67
2021-04-29,14917.25,14920.6,14913.45,14920.1,14:50:00,14911.559887601568,3,68
2021-04-29,14908.45,14918.7,14887.85,14917.35,14:55:00,14911.26370782999,3,69
2021-04-29,14917.1,14924.45,14900.7,14908.15,15:00:00,14911.819545179516,3,70
2021-04-29,14901.3,14916.8,14900.7,14916.8,15:05:00,14910.817683733843,3,71
2021-04-29,14893.45,14904.8,14891.35,14901.4,15:10:00,14909.163618616336,3,72
2021-04-29,14889.3,14895.25,14885.95,14893.25,15:15:00,14907.27184541478,3,73
2021-04-29,14879.3,14891.4,14875.55,14890.0,15:20:00,14904.60786013718,3,74
2021-04-29,14888.6,14889.35,14875.5,14879.65,15:25:00,14903.08330202888,3,75
2021-04-30,14787.8,14803.9,14730.75,14775.35,09:15:00,14892.10393993089,4,1
2021-04-30,14777.9,14785.5,14753.45,14784.45,09:20:00,14881.227374223186,4,2
2021-04-30,14805.1,14821.6,14773.05,14777.55,09:25:00,14873.977148106693,4,3
2021-04-30,14829.1,14831.8,14807.1,14807.6,09:30:00,14869.703134001293,4,4
2021-04-30,14843.95,14848.35,14820.35,14828.5,09:35:00,14867.2504545726,4,5
2021-04-30,14832.2,14855.45,14828.4,14843.45,09:40:00,14863.912316041877,4,6
2021-04-30,14834.85,14849.2,14827.9,14834.95,09:45:00,14861.14447641884,4,7
2021-04-30,14830.9,14847.6,14819.0,14834.25,09:50:00,14858.264050093238,4,8
2021-04-30,14839.65,14840.3,14819.15,14829.75,09:55:00,14856.49128341769,4,9
2021-04-30,14837.5,14852.3,14832.9,14840.35,10:00:00,14854.682589758862,4,10
2021-04-30,14795.25,14839.1,14795.25,14839.1,10:05:00,14849.02234311516,4,11
2021-04-30,14803.8,14808.3,14780.2,14795.1,10:10:00,14844.71545329467,4,12
2021-04-30,14802.45,14810.9,14796.6,14803.35,10:15:00,14840.690172028511,4,13
2021-04-30,14805.8,14805.8,14789.5,14801.7,10:20:00,14837.367298501988,4,14
2021-04-30,14823.1,14823.75,14804.0,14806.5,10:25:00,14836.008508168465,4,15
2021-04-30,14818.8,14827.45,14812.15,14823.6,10:30:00,14834.36960262861,4,16
2021-04-30,14807.15,14821.9,14803.4,14819.05,10:35:00,14831.777259521125,4,17
2021-04-30,14804.6,14822.8,14788.9,14807.5,10:40:00,14829.18894909054,4,18
2021-04-30,14809.85,14818.35,14804.55,14805.05,10:45:00,14827.347144415253,4,19
2021-04-30,14814.15,14818.85,14807.15,14808.95,10:50:00,14826.090273518565,4,20
2021-04-30,14818.85,14824.65,14807.5,14814.45,10:55:00,14825.400723659652,4,21
2021-04-30,14817.55,14822.05,14812.7,14819.9,11:00:00,14824.653035692068,4,22
2021-04-30,14815.6,14818.65,14804.35,14817.5,11:05:00,14823.790841816632,4,23
2021-04-30,14811.8,14817.25,14807.85,14816.15,11:10:00,14822.648856881717,4,24
2021-04-30,14809.15,14822.25,14805.4,14811.55,11:15:00,14821.363251464409,4,25
2021-04-30,14808.85,14813.85,14805.15,14809.85,11:20:00,14820.171513229703,4,26
2021-04-30,14794.55,14808.35,14790.55,14808.2,11:25:00,14817.73136911259,4,27
2021-04-30,14794.75,14806.0,14794.75,14795.45,11:30:00,14815.542667292342,4,28
2021-04-30,14781.1,14795.0,14779.75,14795.0,11:35:00,14812.2624132645,4,29
2021-04-30,14771.5,14782.8,14767.8,14781.35,11:40:00,14808.38027866788,4,30
2021-04-30,14773.25,14779.3,14768.95,14771.85,11:45:00,14805.034537842368,4,31
2021-04-30,14788.05,14788.05,14770.2,14772.8,11:50:00,14803.41696280976,4,32
2021-04-30,14785.85,14797.3,14784.7,14788.25,11:55:00,14801.74391873264,4,33
2021-04-30,14798.45,14798.65,14786.2,14786.55,12:00:00,14801.430212186677,4,34
2021-04-30,14796.15,14805.3,14796.15,14798.75,12:05:00,14800.927334835562,4,35
2021-04-30,14784.9,14796.45,14783.9,14796.45,12:10:00,14799.40092199408,4,36
2021-04-30,14796.55,14802.5,14783.55,14785.35,12:15:00,14799.12940561369,4,37
2021-04-30,14807.85,14810.95,14794.95,14796.9,12:20:00,14799.959938412389,4,38
2021-04-30,14804.95,14811.9,14799.3,14808.45,12:25:00,14800.435182373112,4,39
2021-04-30,14807.3,14808.6,14796.15,14806.05,12:30:00,14801.088974528056,4,40
2021-04-30,14809.5,14813.75,14802.55,14806.85,12:35:00,14801.890024573002,4,41
2021-04-30,14812.85,14817.75,14807.05,14809.25,12:40:00,14802.933831756523,4,42
2021-04-30,14811.4,14818.9,14809.2,14813.45,12:45:00,14803.740133494,4,43
2021-04-30,14802.7,14812.85,14788.6,14811.3,12:50:00,14803.641073161236,4,44
2021-04-30,14803.5,14809.4,14799.65,14802.0,12:55:00,14803.62763762207,4,45
2021-04-30,14796.65,14804.5,14794.9,14804.35,13:00:00,14802.963100705683,4,46
2021-04-30,14774.1,14797.05,14774.0,14795.6,13:05:00,14800.214233971808,4,47
2021-04-30,14761.65,14772.65,14753.25,14772.65,13:10:00,14796.541449784016,4,48
2021-04-30,14766.3,14776.4,14760.7,14762.5,13:15:00,14793.661311709348,4,49
2021-04-30,14771.1,14778.9,14762.8,14766.6,13:20:00,14791.512615356076,4,50
2021-04-30,14761.35,14773.85,14753.75,14772.0,13:25:00,14788.639985322165,4,51
2021-04-30,14754.4,14763.05,14746.8,14761.75,13:30:00,14785.3790343391,4,52
2021-04-30,14757.65,14770.95,14754.4,14754.45,13:35:00,14782.738173925854,4,53
2021-04-30,14728.9,14757.95,14724.25,14757.85,13:40:00,14777.61072879006,4,54
2021-04-30,14728.85,14733.7,14705.75,14729.35,13:45:00,14772.966849857674,4,55
2021-04-30,14735.25,14738.55,14722.65,14728.7,13:50:00,14769.374768918848,4,56
2021-04-30,14742.8,14747.0,14731.7,14735.65,13:55:00,14766.843838545625,4,57
2021-04-30,14686.15,14744.15,14681.95,14744.15,14:00:00,14759.158711065087,4,58
2021-04-30,14688.2,14695.9,14674.45,14687.55,14:05:00,14752.4007385827,4,59
2021-04-30,14700.35,14705.9,14686.8,14688.55,14:10:00,14747.443525384346,4,60
2021-04-30,14689.3,14701.05,14672.5,14701.05,14:15:00,14741.906046776314,4,61
2021-04-30,14704.9,14706.9,14689.95,14690.35,14:20:00,14738.381661369049,4,62
2021-04-30,14697.55,14712.65,14695.3,14704.35,14:25:00,14734.492931714853,4,63
2021-04-30,14704.3,14706.85,14688.75,14698.05,14:30:00,14731.617414408676,4,64
2021-04-30,14697.25,14705.55,14695.0,14704.6,14:35:00,14728.344327322136,4,65
2021-04-30,14709.15,14724.4,14696.05,14697.4,14:40:00,14726.5162961486,4,66
2021-04-30,14707.4,14713.55,14707.15,14709.7,14:45:00,14724.6956965154,4,67
2021-04-30,14691.5,14708.5,14683.3,14707.1,14:50:00,14721.53420160917,4,68
2021-04-30,14697.65,14697.65,14686.75,14691.05,14:55:00,14719.25951574163,4,69
2021-04-30,14662.5,14697.2,14659.65,14697.2,15:00:00,14713.85384757576,4,70
2021-04-30,14638.5,14662.35,14634.2,14662.35,15:05:00,14706.677290663783,4,71
2021-04-30,14630.9,14643.6,14624.55,14638.95,15:10:00,14699.46040583866,4,72
2021-04-30,14623.9,14632.1,14614.95,14631.4,15:15:00,14692.264176711167,4,73
2021-04-30,14614.0,14624.55,14601.7,14624.4,15:20:00,14684.810445595818,4,74
2021-04-30,14619.1,14621.3,14611.9,14614.9,15:25:00,14678.552307920025,4,75
2021-05-03,14482.4,14490.65,14416.25,14490.65,09:15:00,14659.871135737165,0,1
2021-05-03,14501.8,14505.15,14450.6,14478.75,09:20:00,14644.816741857436,0,2
2021-05-03,14525.45,14531.55,14482.6,14502.9,09:25:00,14633.448480728155,0,3
2021-05-03,14511.9,14527.95,14502.05,14524.55,09:30:00,14621.872434944524,0,4
2021-05-03,14518.85,14519.45,14492.65,14511.85,09:35:00,14612.060774473615,0,5
2021-05-03,14545.55,14548.05,14515.5,14519.05,09:40:00,14605.72641499994,0,6
2021-05-03,14553.55,14561.35,14534.0,14544.75,09:45:00,14600.757232618991,0,7
2021-05-03,14550.0,14558.1,14542.8,14554.7,09:50:00,14595.923210464802,0,8
2021-05-03,14545.1,14557.55,14531.9,14550.25,09:55:00,14591.082904706249,0,9
2021-05-03,14540.65,14555.2,14539.7,14546.25,10:00:00,14586.279770924702,0,10
2021-05-03,14533.75,14551.05,14527.35,14541.05,10:05:00,14581.27693559854,0,11
2021-05-03,14543.05,14546.85,14527.75,14534.15,10:10:00,14577.636275065344,0,12
2021-05-03,14529.35,14551.6,14529.35,14541.85,10:15:00,14573.037582201978,0,13
2021-05-03,14523.65,14532.2,14513.85,14530.0,10:20:00,14568.334002944648,0,14
2021-05-03,14528.6,14531.2,14512.75,14522.65,10:25:00,14564.549812188014,0,15
2021-05-03,14537.35,14539.1,14519.3,14529.85,10:30:00,14561.959353884393,0,16
2021-05-03,14565.95,14568.6,14529.75,14538.05,10:35:00,14562.339415419214,0,17
2021-05-03,14572.85,14576.75,14563.55,14565.55,10:40:00,14563.340423474529,0,18
2021-05-03,14576.0,14594.4,14572.6,14572.6,10:45:00,14564.546097429336,0,19
2021-05-03,14558.95,14580.55,14555.3,14576.6,10:50:00,14564.013135769395,0,20
2021-05-03,14554.4,14560.45,14542.7,14558.8,10:55:00,14563.097599029454,0,21
2021-05-03,14541.3,14555.6,14529.4,14554.9,11:00:00,14561.021637217123,0,22
2021-05-03,14547.75,14552.15,14533.7,14541.05,11:05:00,14559.757671767877,0,23
2021-05-03,14544.4,14549.85,14532.0,14548.6,11:10:00,14558.295036361407,0,24
2021-05-03,14550.5,14557.25,14536.7,14544.2,11:15:00,14557.552651946036,0,25
2021-05-03,14546.65,14556.2,14542.05,14551.2,11:20:00,14556.514304141652,0,26
2021-05-03,14550.0,14565.55,14546.5,14546.5,11:25:00,14555.8938942234,0,27
2021-05-03,14539.2,14551.45,14534.4,14551.45,11:30:00,14554.303999535456,0,28
2021-05-03,14544.3,14544.6,14532.8,14539.6,11:35:00,14553.351237674937,0,29
2021-05-03,14535.95,14550.9,14534.0,14544.7,11:40:00,14551.693976943989,0,30
2021-05-03,14532.7,14538.75,14520.9,14535.8,11:45:00,14549.885026758846,0,31
2021-05-03,14546.3,14547.55,14532.2,14532.45,11:50:00,14549.543595638956,0,32
2021-05-03,14558.95,14563.3,14540.45,14545.85,11:55:00,14550.439443673342,0,33
2021-05-03,14559.15,14569.15,14557.65,14560.75,12:00:00,14551.269020466358,0,34
2021-05-03,14562.9,14566.5,14552.1,14559.0,12:05:00,14552.376732802895,0,35
2021-05-03,14569.35,14570.6,14561.8,14563.5,12:10:00,14553.993234440712,0,36
2021-05-03,14562.35,14569.8,14559.4,14568.9,12:15:00,14554.78911687493,0,37
2021-05-03,14551.0,14568.5,14551.0,14562.45,12:20:00,14554.428248601129,0,38
2021-05-03,14546.65,14555.0,14542.2,14551.6,12:25:00,14553.687463020067,0,39
2021-05-03,14556.1,14557.15,14546.5,14546.9,12:30:00,14553.917228446728,0,40
2021-05-03,14542.1,14557.9,14540.7,14556.55,12:35:00,14552.791778118468,0,41
2021-05-03,14544.4,14547.1,14534.55,14542.8,12:40:00,14551.992561154804,0,42
2021-05-03,14545.95,14555.2,14541.95,14544.45,12:45:00,14551.41707914006,0,43
2021-05-03,14557.8,14562.3,14545.6,14546.85,12:50:00,14552.024976364815,0,44
2021-05-03,14570.4,14572.05,14558.05,14558.6,12:55:00,14553.774978615787,0,45
2021-05-03,14564.95,14580.55,14564.95,14571.8,13:00:00,14554.839266366664,0,46
2021-05-03,14567.65,14570.1,14560.2,14565.65,13:05:00,14556.059336236509,0,47
2021-05-03,14590.05,14591.35,14566.6,14568.1,13:10:00,14559.29654230922,0,48
2021-05-03,14559.0,14601.2,14559.0,14590.45,13:15:00,14559.268300184533,0,49
2021-05-03,14560.35,14561.8,14529.05,14559.5,13:20:00,14559.37131921458,0,50
2021-05-03,14552.1,14567.0,14549.95,14561.6,13:25:00,14558.678812622711,0,51
2021-05-03,14557.05,14559.8,14540.7,14554.15,13:30:00,14558.523687611028,0,52
2021-05-03,14549.8,14559.3,14547.25,14557.9,13:35:00,14557.6928602195,0,53
2021-05-03,14552.2,14560.05,14548.3,14549.45,13:40:00,14557.169730674785,0,54
2021-05-03,14544.3,14553.5,14537.7,14553.5,13:45:00,14555.944042039093,0,55
2021-05-03,14563.35,14573.5,14543.4,14544.4,13:50:00,14556.6493713687,0,56
2021-05-03,14566.95,14570.4,14557.75,14565.1,13:55:00,14557.630383619302,0,57
2021-05-03,14566.15,14570.25,14558.85,14569.15,14:00:00,14558.44177565556,0,58
2021-05-03,14562.9,14567.15,14560.35,14566.65,14:05:00,14558.866368450268,0,59
2021-05-03,14559.1,14564.0,14549.85,14562.45,14:10:00,14558.888619074052,0,60
2021-05-03,14577.75,14584.25,14556.9,14558.6,14:15:00,14560.684941067,0,61
2021-05-03,14584.55,14587.3,14572.5,14578.1,14:20:00,14562.957803822525,0,62
2021-05-03,14610.7,14611.35,14583.35,14583.8,14:25:00,14567.504679648951,0,63
2021-05-03,14652.35,14661.65,14613.8,14615.25,14:30:00,14575.585186349052,0,64
2021-05-03,14647.35,14667.4,14642.95,14653.3,14:35:00,14582.419930506285,0,65
2021-05-03,14662.95,14663.6,14646.75,14647.25,14:40:00,14590.089460934258,0,66
2021-05-03,14658.65,14673.85,14657.2,14662.4,14:45:00,14596.619036083375,0,67
2021-05-03,14656.65,14673.3,14649.25,14659.7,14:50:00,14602.336270742102,0,68
2021-05-03,14647.65,14663.6,14647.5,14657.9,14:55:00,14606.651864004758,0,69
2021-05-03,14640.1,14648.4,14616.25,14646.05,15:00:00,14609.83740076621,0,70
2021-05-03,14646.15,14654.85,14635.05,14641.95,15:05:00,14613.29574355038,0,71
2021-05-03,14628.8,14645.95,14623.6,14645.8,15:10:00,14614.772339402723,0,72
2021-05-03,14626.9,14629.1,14620.1,14628.95,15:15:00,14615.927354697704,0,73
2021-05-03,14631.7,14638.65,14624.0,14626.5,15:20:00,14617.42951139316,0,74
2021-05-03,14645.15,14647.8,14631.0,14632.3,15:25:00,14620.069557927143,0,75
2021-05-04,14694.9,14723.4,14684.05,14711.45,09:15:00,14627.196266695988,1,1
2021-05-04,14677.75,14703.45,14676.3,14697.0,09:20:00,14632.010907963037,1,2
2021-05-04,14668.05,14677.8,14647.3,14677.8,09:25:00,14635.443202442748,1,3
2021-05-04,14682.4,14682.6,14656.05,14667.65,09:30:00,14639.915278400582,1,4
2021-05-04,14662.65,14686.85,14659.35,14683.1,09:35:00,14642.08048998148,1,5
2021-05-04,14620.0,14663.75,14617.65,14663.5,09:40:00,14639.97758617372,1,6
2021-05-04,14616.7,14620.2,14580.15,14620.2,09:45:00,14637.760673204792,1,7
2021-05-04,14618.75,14632.8,14611.45,14616.65,09:50:00,14635.950132899576,1,8
2021-05-04,14651.65,14652.85,14617.8,14618.5,09:55:00,14637.44535833771,1,9
2021-05-04,14663.6,14669.85,14651.65,14652.7,10:00:00,14639.93627659126,1,10
2021-05-04,14660.45,14667.15,14650.6,14664.05,10:05:00,14641.88996453495,1,11
2021-05-04,14647.4,14659.85,14642.45,14659.45,10:10:00,14642.414729817336,1,12
2021-05-04,14647.45,14656.25,14632.75,14645.7,10:15:00,14642.89427935854,1,13
2021-05-04,14639.8,14654.7,14639.8,14648.3,10:20:00,14642.5995860863,1,14
2021-05-04,14645.85,14650.45,14635.6,14639.9,10:25:00,14642.909149316176,1,15
2021-05-04,14657.55,14664.05,14644.8,14645.2,10:30:00,14644.303516047969,1,16
2021-05-04,14659.35,14664.8,14656.7,14657.0,10:35:00,14645.73651451959,1,17
2021-05-04,14652.3,14659.1,14644.65,14659.1,10:40:00,14646.36160837487,1,18
2021-05-04,14658.45,14662.05,14649.2,14652.0,10:45:00,14647.512883767738,1,19
2021-05-04,14653.25,14665.6,14653.25,14658.65,10:50:00,14648.059275789858,1,20
2021-05-04,14660.45,14662.75,14653.0,14653.45,10:55:00,14649.239344762253,1,21
2021-05-04,14671.85,14676.5,14656.5,14661.15,11:00:00,14651.39274049918,1,22
2021-05-04,14679.65,14685.65,14670.45,14672.35,11:05:00,14654.083908070686,1,23
2021-05-04,14686.25,14688.75,14678.55,14680.05,11:10:00,14657.147345397289,1,24
2021-05-04,14679.6,14691.6,14677.95,14685.35,11:15:00,14659.285693454687,1,25
2021-05-04,14670.85,14681.95,14670.15,14679.35,11:20:00,14660.387055982812,1,26
2021-05-04,14671.6,14676.1,14668.4,14670.6,11:25:00,14661.45495541302,1,27
2021-05-04,14681.35,14681.7,14669.0,14672.15,11:30:00,14663.34972156416,1,28
2021-05-04,14692.45,14696.1,14680.8,14681.75,11:35:00,14666.121176653289,1,29
2021-05-04,14691.85,14699.95,14686.7,14693.1,11:40:00,14668.571540781546,1,30
2021-05-04,14686.35,14693.2,14684.85,14692.1,11:45:00,14670.26472737378,1,31
2021-05-04,14693.65,14694.0,14682.15,14686.3,11:50:00,14672.491896195324,1,32
2021-05-04,14687.3,14695.3,14684.15,14694.15,11:55:00,14673.902191795769,1,33
2021-05-04,14686.3,14693.75,14685.85,14689.35,12:00:00,14675.082935434268,1,34
2021-05-04,14675.3,14690.8,14660.85,14687.4,12:05:00,14675.103608250052,1,35
2021-05-04,14668.75,14677.5,14663.75,14674.9,12:10:00,14674.498502702429,1,36
2021-05-04,14662.3,14668.85,14646.25,14668.2,12:15:00,14673.336740540291,1,37
2021-05-04,14670.1,14676.65,14662.75,14662.8,12:20:00,14673.028479536451,1,38
2021-05-04,14674.05,14678.05,14665.35,14669.15,12:25:00,14673.125767199648,1,39
2021-05-04,14665.2,14680.0,14664.8,14675.5,12:30:00,14672.370932228252,1,40
2021-05-04,14659.4,14666.5,14658.75,14666.5,12:35:00,14671.135605349373,1,41
2021-05-04,14669.7,14675.75,14652.4,14658.45,12:40:00,14670.998881030384,1,42
2021-05-04,14676.7,14677.2,14669.15,14670.2,12:45:00,14671.541844741776,1,43
2021-05-04,14664.75,14679.15,14663.75,14677.3,12:50:00,14670.895002385416,1,44
2021-05-04,14665.6,14667.1,14656.1,14663.8,12:55:00,14670.390716443948,1,45
2021-05-04,14612.7,14664.95,14611.3,14664.75,13:00:00,14664.896362496904,1,46
2021-05-04,14629.7,14635.45,14602.8,14612.15,13:05:00,14661.544327973388,1,47
2021-05-04,14578.1,14630.1,14577.8,14630.1,13:10:00,14653.59724911878,1,48
2021-05-04,14580.85,14594.6,14561.5,14577.1,13:15:00,14646.668939678895,1,49
2021-05-04,14572.4,14584.2,14565.05,14580.95,13:20:00,14639.595707328526,1,50
2021-05-04,14606.75,14607.15,14571.05,14572.55,13:25:00,14636.46754472581,1,51
2021-05-04,14610.45,14620.0,14594.95,14607.45,13:30:00,14633.989683323352,1,52
2021-05-04,14607.1,14620.95,14591.4,14611.45,13:35:00,14631.42876110208,1,53
2021-05-04,14604.6,14611.7,14598.9,14606.05,13:40:00,14628.87364099712,1,54
2021-05-04,14607.9,14612.35,14599.6,14605.5,13:45:00,14626.876151378348,1,55
2021-05-04,14625.15,14635.35,14606.9,14608.05,13:50:00,14626.711756008985,1,56
2021-05-04,14616.45,14624.65,14612.05,14624.65,13:55:00,14625.734445912887,1,57
2021-05-04,14621.9,14637.1,14616.9,14617.0,14:00:00,14625.369260587851,1,58
2021-05-04,14596.45,14619.3,14590.8,14619.3,14:05:00,14622.61504529377,1,59
2021-05-04,14603.05,14606.55,14593.2,14596.5,14:10:00,14620.751707646745,1,60
2021-05-04,14600.05,14619.7,14598.1,14603.2,14:15:00,14618.780116442293,1,61
2021-05-04,14605.15,14611.65,14598.65,14600.9,14:20:00,14617.482010114456,1,62
2021-05-04,14605.95,14608.05,14595.55,14604.95,14:25:00,14616.383723436888,1,63
2021-05-04,14541.05,14623.95,14540.1,14606.85,14:30:00,14609.209083109565,1,64
2021-05-04,14515.95,14543.25,14514.9,14539.85,14:35:00,14600.32726567056,1,65
2021-05-04,14491.6,14520.3,14489.6,14514.05,14:40:00,14589.972287987648,1,66
2021-05-04,14518.7,14519.75,14484.6,14490.9,14:45:00,14583.184451036444,1,67
2021-05-04,14481.4,14519.6,14480.15,14518.9,14:50:00,14573.490693794878,1,68
2021-05-04,14465.35,14487.7,14461.5,14481.6,14:55:00,14563.191580100129,1,69
2021-05-04,14499.15,14499.15,14465.45,14465.5,15:00:00,14557.092381995351,1,70
2021-05-04,14498.0,14501.2,14486.6,14500.5,15:05:00,14551.464536091034,1,71
2021-05-04,14504.4,14513.2,14492.1,14499.0,15:10:00,14546.98219932046,1,72
2021-05-04,14500.75,14506.65,14492.4,14505.05,15:15:00,14542.579132718512,1,73
2021-05-04,14502.65,14506.7,14491.6,14501.35,15:20:00,14538.776358173893,1,74
2021-05-04,14507.1,14507.9,14502.5,14502.5,15:25:00,14535.759562157333,1,75
2021-05-05,14575.45,14608.2,14555.0,14608.2,09:15:00,14542.959641584572,2,1
2021-05-05,14543.0,14584.75,14533.6,14576.7,09:20:00,14542.963485243185,2,2
2021-05-05,14546.4,14559.75,14541.0,14542.9,09:25:00,14543.29077236288,2,3
2021-05-05,14558.3,14572.45,14547.15,14547.25,09:30:00,14544.720222614034,2,4
2021-05-05,14568.7,14583.05,14559.6,14560.3,09:35:00,14547.004010936507,2,5
2021-05-05,14572.15,14579.65,14562.6,14569.5,09:40:00,14549.398867037791,2,6
2021-05-05,14560.8,14584.35,14551.15,14572.75,09:45:00,14550.484689224668,2,7
2021-05-05,14562.55,14571.25,14555.9,14561.05,09:50:00,14551.633766441366,2,8
2021-05-05,14565.65,14573.75,14556.7,14562.95,09:55:00,14552.968645827905,2,9
2021-05-05,14520.9,14596.85,14510.05,14567.5,10:00:00,14549.914489082388,2,10
2021-05-05,14543.15,14556.75,14506.6,14517.05,10:05:00,14549.27025202692,2,11
2021-05-05,14551.65,14574.95,14542.8,14543.75,10:10:00,14549.496894691025,2,12
2021-05-05,14548.75,14559.6,14533.2,14551.45,10:15:00,14549.42576186331,2,13
2021-05-05,14553.6,14557.5,14543.3,14551.4,10:20:00,14549.823308352516,2,14
2021-05-05,14573.9,14575.3,14542.15,14552.5,10:25:00,14552.11632660466,2,15
2021-05-05,14575.75,14594.9,14572.15,14574.6,10:30:00,14554.36715264231,2,16
2021-05-05,14580.75,14583.85,14564.4,14576.45,10:35:00,14556.879804771614,2,17
2021-05-05,14590.5,14593.1,14575.05,14580.6,10:40:00,14560.081728126695,2,18
2021-05-05,14601.8,14606.45,14592.95,14593.05,10:45:00,14564.054896876536,2,19
2021-05-05,14587.45,14603.35,14578.45,14602.25,10:50:00,14566.283001935912,2,20
2021-05-05,14587.1,14589.0,14578.2,14587.5,10:55:00,14568.265573180111,2,21
2021-05-05,14581.65,14595.95,14579.0,14586.55,11:00:00,14569.540280496292,2,22
2021-05-05,14578.85,14581.7,14570.45,14581.7,11:05:00,14570.426920449028,2,23
2021-05-05,14563.35,14580.05,14554.85,14579.15,11:10:00,14569.75292802531,2,24
2021-05-05,14541.95,14565.75,14540.65,14563.55,11:15:00,14567.10503011814,2,25
2021-05-05,14537.8,14549.2,14532.15,14541.9,11:20:00,14564.314074868793,2,26
2021-05-05,14554.85,14557.75,14535.7,14537.6,11:25:00,14563.412734405096,2,27
2021-05-05,14555.75,14567.9,14552.55,14555.85,11:30:00,14562.68295017604,2,28
2021-05-05,14542.9,14559.75,14539.75,14555.7,11:35:00,14560.798859683082,2,29
2021-05-05,14544.15,14548.1,14531.4,14543.5,11:40:00,14559.213253998978,2,30
2021-05-05,14551.7,14557.45,14543.05,14543.3,11:45:00,14558.497705999076,2,31
2021-05-05,14562.2,14562.7,14542.35,14552.0,11:50:00,14558.850305427735,2,32
2021-05-05,14564.6,14567.3,14556.65,14562.95,11:55:00,14559.397895387,2,33
2021-05-05,14570.35,14573.1,14544.15,14565.25,12:00:00,14560.44095296919,2,34
2021-05-05,14569.7,14576.8,14566.85,14570.9,12:05:00,14561.322766972124,2,35
2021-05-05,14571.7,14581.1,14566.0,14569.85,12:10:00,14562.31107487954,2,36
2021-05-05,14572.85,14580.0,14568.45,14571.85,12:15:00,14563.31478203387,2,37
2021-05-05,14567.15,14579.2,14563.55,14572.75,12:20:00,14563.680040887788,2,38
2021-05-05,14572.95,14574.2,14562.95,14567.55,12:25:00,14564.56289413657,2,39
2021-05-05,14570.1,14575.35,14566.15,14573.85,12:30:00,14565.090237552136,2,40
2021-05-05,14564.0,14573.3,14553.05,14571.1,12:35:00,14564.986405404312,2,41
2021-05-05,14560.9,14570.65,14560.85,14565.25,12:40:00,14564.597223937237,2,42
2021-05-05,14565.7,14565.7,14557.3,14560.8,12:45:00,14564.702250228927,2,43
2021-05-05,14599.05,14599.05,14559.45,14565.45,12:50:00,14567.97346449284,2,44
2021-05-05,14602.6,14616.1,14595.0,14600.05,12:55:00,14571.271229779237,2,45
2021-05-05,14605.6,14609.75,14594.2,14603.7,13:00:00,14574.540636466929,2,46
2021-05-05,14625.25,14630.4,14605.25,14605.25,13:05:00,14579.370099660557,2,47
2021-05-05,14614.4,14632.45,14614.4,14626.45,13:10:00,14582.706280645263,2,48
2021-05-05,14617.75,14625.35,14605.7,14614.35,13:15:00,14586.043777726669,2,49
2021-05-05,14613.55,14626.4,14609.45,14617.3,13:20:00,14588.663417943177,2,50
2021-05-05,14608.45,14621.3,14599.2,14614.15,13:25:00,14590.54785432954,2,51
2021-05-05,14593.3,14611.9,14592.05,14608.8,13:30:00,14590.809963441012,2,52
2021-05-05,14596.05,14598.95,14576.25,14592.8,13:35:00,14591.309014541868,2,53
2021-05-05,14601.15,14609.25,14595.95,14596.85,13:40:00,14592.246251252169,2,54
2021-05-05,14608.7,14609.5,14593.3,14601.25,13:45:00,14593.813274942437,2,55
2021-05-05,14596.95,14615.3,14596.75,14608.75,13:50:00,14594.112010662204,2,56
2021-05-05,14593.6,14596.3,14584.4,14596.3,13:55:00,14594.063247741997,2,57
2021-05-05,14601.95,14606.45,14591.2,14593.7,14:00:00,14594.81436700466,2,58
2021-05-05,14594.95,14602.25,14592.45,14602.05,14:05:00,14594.82728443279,2,59
2021-05-05,14552.45,14595.3,14544.9,14594.35,14:10:00,14590.791352582048,2,60
2021-05-05,14568.8,14570.95,14548.4,14550.85,14:15:00,14588.696938050423,2,61
2021-05-05,14580.55,14583.7,14564.85,14568.9,14:20:00,14587.92103918848,2,62
2021-05-05,14595.75,14601.45,14574.2,14581.3,14:25:00,14588.66665450386,2,63
2021-05-05,14584.6,14597.05,14578.25,14595.85,14:30:00,14588.27935407492,2,64
2021-05-05,14581.35,14585.85,14569.65,14584.55,14:35:00,14587.619415591596,2,65
2021-05-05,14593.25,14596.7,14581.3,14582.15,14:40:00,14588.15566172573,2,66
2021-05-05,14590.05,14602.35,14589.15,14592.95,14:45:00,14588.336074894709,2,67
2021-05-05,14595.5,14595.85,14585.65,14590.3,14:50:00,14589.018353476164,2,68
2021-05-05,14590.2,14597.5,14585.9,14596.4,14:55:00,14589.130891240338,2,69
2021-05-05,14601.65,14605.6,14589.75,14591.8,15:00:00,14590.323187312688,2,70
2021-05-05,14605.95,14606.45,14593.65,14603.15,15:05:00,14591.81145518767,2,71
2021-05-05,14621.0,14621.4,14605.95,14606.15,15:10:00,14594.591316598367,2,72
2021-05-05,14620.85,14622.15,14617.4,14621.8,15:15:00,14597.092143589,2,73
2021-05-05,14629.45,14637.45,14620.45,14621.15,15:20:00,14600.173844199571,2,74
2021-05-05,14635.95,14637.9,14628.95,14629.2,15:25:00,14603.581097132945,2,75
2021-05-06,14650.1,14683.2,14649.65,14668.6,09:15:00,14608.01146883457,3,1
2021-05-06,14645.1,14653.25,14636.2,14645.55,09:20:00,14611.543709897944,3,2
2021-05-06,14652.3,14652.65,14636.7,14645.5,09:25:00,14615.425261336237,3,3
2021-05-06,14667.1,14671.3,14644.25,14652.65,09:30:00,14620.346665018498,3,4
2021-05-06,14690.1,14692.25,14667.4,14667.5,09:35:00,14626.98983977864,3,5
2021-05-06,14677.65,14693.65,14675.25,14691.05,09:40:00,14631.81461694258,3,6
2021-05-06,14687.2,14694.4,14676.2,14677.85,09:45:00,14637.089415329,3,7
2021-05-06,14670.0,14697.45,14670.0,14687.1,09:50:00,14640.223756726238,3,8
2021-05-06,14661.55,14678.3,14661.05,14669.15,09:55:00,14642.254827514216,3,9
2021-05-06,14668.6,14673.4,14658.6,14662.45,10:00:00,14644.763891560482,3,10
2021-05-06,14656.7,14672.95,14654.85,14669.0,10:05:00,14645.900663792818,3,11
2021-05-06,14650.3,14658.4,14642.65,14657.15,10:10:00,14646.3196481935,3,12
2021-05-06,14619.35,14657.05,14615.5,14650.1,10:15:00,14643.75111027031,3,13
2021-05-06,14629.5,14633.95,14611.5,14619.55,10:20:00,14642.393861673138,3,14
2021-05-06,14634.35,14639.75,14621.7,14629.6,10:25:00,14641.627779609027,3,15
2021-05-06,14625.0,14634.05,14618.9,14633.45,10:30:00,14640.044181551026,3,16
2021-05-06,14634.75,14645.05,14622.1,14625.15,10:35:00,14639.539973784262,3,17
2021-05-06,14642.15,14645.1,14629.9,14634.5,10:40:00,14639.78854770957,3,18
2021-05-06,14643.75,14647.55,14637.45,14642.05,10:45:00,14640.165828880086,3,19
2021-05-06,14644.5,14652.7,14640.1,14644.8,10:50:00,14640.578607081983,3,20
2021-05-06,14647.85,14650.25,14640.85,14644.95,10:55:00,14641.271120693222,3,21
2021-05-06,14660.0,14663.7,14644.9,14648.2,11:00:00,14643.054823484345,3,22
2021-05-06,14660.45,14664.5,14657.05,14659.6,11:05:00,14644.711506962029,3,23
2021-05-06,14636.85,14663.7,14630.7,14659.85,11:10:00,14643.962792013264,3,24
2021-05-06,14634.25,14637.7,14625.3,14637.6,11:15:00,14643.037764202476,3,25
2021-05-06,14620.35,14634.75,14615.45,14634.75,11:20:00,14640.87702475462,3,26
2021-05-06,14629.75,14633.55,14618.35,14619.95,11:25:00,14639.817308111322,3,27
2021-05-06,14644.05,14644.8,14623.2,14630.8,11:30:00,14640.220421624528,3,28
2021-05-06,14641.65,14644.9,14638.2,14643.9,11:35:00,14640.356571946002,3,29
2021-05-06,14647.95,14647.95,14636.05,14641.5,11:40:00,14641.079755570192,3,30
2021-05-06,14640.95,14655.8,14640.95,14649.3,11:45:00,14641.06739789684,3,31
2021-05-06,14660.15,14660.15,14638.45,14641.3,11:50:00,14642.884788573332,3,32
2021-05-06,14663.8,14665.9,14656.4,14660.05,11:55:00,14644.876713471109,3,33
2021-05-06,14666.75,14671.05,14661.3,14663.4,12:00:00,14646.95988361672,3,34
2021-05-06,14668.9,14671.05,14661.2,14666.9,12:05:00,14649.049418510363,3,35
2021-05-06,14673.2,14676.65,14661.7,14666.2,12:10:00,14651.34947389033,3,36
2021-05-06,14687.5,14688.25,14666.95,14672.75,12:15:00,14654.79238113887,3,37
2021-05-06,14685.5,14694.0,14683.45,14688.25,12:20:00,14657.716916268502,3,38
2021-05-06,14691.65,14691.65,14677.3,14686.2,12:25:00,14660.948638528644,3,39
2021-05-06,14693.95,14699.4,14682.25,14691.55,12:30:00,14664.09162533544,3,40
2021-05-06,14696.95,14698.2,14684.6,14695.15,12:35:00,14667.220994351112,3,41
2021-05-06,14692.0,14698.25,14686.1,14696.1,12:40:00,14669.580899651008,3,42
2021-05-06,14690.85,14697.5,14687.3,14691.75,12:45:00,14671.606528255674,3,43
2021-05-06,14707.3,14714.9,14686.0,14690.75,12:50:00,14675.00590651704,3,44
2021-05-06,14712.55,14718.35,14706.05,14707.2,12:55:00,14678.581534467798,3,45
2021-05-06,14717.55,14725.05,14708.0,14712.7,13:00:00,14682.292816899437,3,46
2021-05-06,14705.75,14718.0,14704.6,14718.0,13:05:00,14684.526834337585,3,47
2021-05-06,14712.75,14714.45,14697.1,14705.55,13:10:00,14687.21475487686,3,48
2021-05-06,14705.45,14718.8,14699.75,14713.0,13:15:00,14688.951444888588,3,49
2021-05-06,14687.4,14708.15,14682.1,14707.6,13:20:00,14688.80368823253,3,50
2021-05-06,14691.8,14697.05,14683.65,14687.7,13:25:00,14689.089051258004,3,51
2021-05-06,14680.75,14699.3,14678.2,14692.95,13:30:00,14688.294855900098,3,52
2021-05-06,14690.55,14691.25,14671.3,14681.4,13:35:00,14688.50963152866,3,53
2021-05-06,14701.95,14704.95,14689.7,14690.95,13:40:00,14689.78966662117,3,54
2021-05-06,14702.0,14709.3,14698.55,14702.05,13:45:00,14690.952555514392,3,55
2021-05-06,14689.4,14702.7,14689.4,14701.85,13:50:00,14690.80469308445,3,56
2021-05-06,14697.25,14699.75,14684.05,14688.55,13:55:00,14691.418531838312,3,57
2021-05-06,14702.6,14711.0,14697.05,14697.6,14:00:00,14692.483433567995,3,58
2021-05-06,14695.95,14707.85,14695.95,14703.15,14:05:00,14692.813582751998,3,59
2021-05-06,14691.9,14698.3,14687.0,14695.9,14:10:00,14692.726574870856,3,60
2021-05-06,14696.25,14698.7,14686.15,14692.4,14:15:00,14693.06213916887,3,61
2021-05-06,14691.65,14701.65,14681.35,14696.45,14:20:00,14692.927649724215,3,62
2021-05-06,14686.25,14690.95,14674.7,14690.85,14:25:00,14692.291683083817,3,63
2021-05-06,14692.05,14694.4,14679.15,14686.45,14:30:00,14692.268665647262,3,64
2021-05-06,14704.15,14711.7,14691.85,14692.2,14:35:00,14693.400221299904,3,65
2021-05-06,14698.95,14707.15,14698.9,14704.3,14:40:00,14693.928771652294,3,66
2021-05-06,14692.5,14703.15,14686.5,14698.45,14:45:00,14693.792698161598,3,67
2021-05-06,14694.15,14695.55,14688.65,14692.8,14:50:00,14693.826726908112,3,68
2021-05-06,14688.0,14695.3,14688.0,14693.85,14:55:00,14693.271800535911,3,69
2021-05-06,14713.15,14720.9,14688.65,14689.05,15:00:00,14695.164962389634,3,70
2021-05-06,14713.25,14719.25,14710.3,14713.25,15:05:00,14696.887346923952,3,71
2021-05-06,14721.85,14722.45,14713.7,14713.95,15:10:00,14699.264742455009,3,72
2021-05-06,14729.9,14733.65,14721.85,14722.3,15:15:00,14702.18238603072,3,73
2021-05-06,14741.0,14742.15,14728.65,14730.35,15:20:00,14705.879301646844,3,74
2021-05-06,14732.75,14743.9,14729.1,14741.35,15:25:00,14708.438415775714,3,75
2021-05-07,14841.2,14845.9,14808.1,14821.75,09:15:00,14721.082376178028,4,1
2021-05-07,14846.0,14851.1,14836.45,14845.35,09:20:00,14732.979292732502,4,2
2021-05-07,14852.0,14854.2,14838.1,14847.15,09:25:00,14744.31459818655,4,3
2021-05-07,14855.9,14860.85,14845.7,14853.15,09:30:00,14754.94177931164,4,4
2021-05-07,14855.9,14863.05,14847.6,14855.85,09:35:00,14764.556847948628,4,5
2021-05-07,14855.6,14862.35,14845.85,14855.25,09:40:00,14773.227624334477,4,6
2021-05-07,14847.2,14857.7,14844.2,14856.0,09:45:00,14780.272612493096,4,7
2021-05-07,14843.2,14850.1,14841.45,14846.3,09:50:00,14786.265697017565,4,8
2021-05-07,14828.85,14846.15,14823.3,14843.45,09:55:00,14790.321344920652,4,9
2021-05-07,14830.25,14834.85,14823.4,14827.75,10:00:00,14794.124073975829,4,10
2021-05-07,14841.8,14844.35,14830.5,14830.5,10:05:00,14798.664638359083,4,11
2021-05-07,14834.1,14845.65,14829.7,14841.35,10:10:00,14802.039434705835,4,12
2021-05-07,14822.7,14839.1,14815.05,14833.6,10:15:00,14804.007107590996,4,13
2021-05-07,14825.85,14826.75,14819.9,14821.9,10:20:00,14806.08738305852,4,14
2021-05-07,14822.6,14833.4,14821.9,14825.45,10:25:00,14807.66001324342,4,15
2021-05-07,14836.8,14837.35,14821.15,14821.95,10:30:00,14810.43525007738,4,16
2021-05-07,14830.75,14841.3,14828.7,14837.3,10:35:00,14812.36998816525,4,17
2021-05-07,14805.9,14838.2,14805.05,14830.95,10:40:00,14811.753798816178,4,18
2021-05-07,14796.85,14805.7,14790.85,14805.7,10:45:00,14810.334389405114,4,19
2021-05-07,14800.7,14805.05,14792.5,14797.1,10:50:00,14809.41682850939,4,20
2021-05-07,14816.75,14817.6,14799.55,14799.55,10:55:00,14810.11522579421,4,21
2021-05-07,14810.0,14817.05,14809.85,14816.6,11:00:00,14810.104251909048,4,22
2021-05-07,14820.35,14822.1,14809.6,14809.65,11:05:00,14811.08003744152,4,23
2021-05-07,14811.55,14821.0,14806.55,14821.0,11:10:00,14811.124795780424,4,24
2021-05-07,14814.8,14815.7,14806.9,14811.3,11:15:00,14811.474815229903,4,25
2021-05-07,14809.75,14817.75,14804.95,14814.15,11:20:00,14811.310547112773,4,26
2021-05-07,14828.55,14830.5,14806.65,14809.3,11:25:00,14812.9523997687,4,27
2021-05-07,14823.8,14831.85,14822.0,14828.85,11:30:00,14813.985504552633,4,28
2021-05-07,14829.95,14833.85,14818.8,14823.15,11:35:00,14815.505932690476,4,29
2021-05-07,14825.5,14836.7,14824.9,14828.35,11:40:00,14816.457748624718,4,30
2021-05-07,14820.65,14826.65,14819.1,14825.25,11:45:00,14816.85701066046,4,31
2021-05-07,14826.5,14827.5,14815.45,14820.6,11:50:00,14817.77539059756,4,32
2021-05-07,14824.0,14831.2,14821.25,14824.75,11:55:00,14818.368210540648,4,33
2021-05-07,14815.6,14823.0,14809.5,14822.8,12:00:00,14818.104571441538,4,34
2021-05-07,14811.15,14817.85,14809.5,14815.2,12:05:00,14817.442231304249,4,35
2021-05-07,14791.05,14803.3,14776.45,14803.3,12:10:00,14814.928685465748,4,36
2021-05-07,14788.2,14793.7,14783.45,14790.2,12:15:00,14812.383096373773,4,37
2021-05-07,14777.6,14794.0,14774.75,14787.9,12:20:00,14809.07042052865,4,38
2021-05-07,14792.15,14792.15,14771.45,14778.5,12:25:00,14807.458951906872,4,39
2021-05-07,14795.0,14795.75,14783.95,14791.55,12:30:00,14806.2723850586,4,40
2021-05-07,14793.85,14795.35,14785.55,14793.95,12:35:00,14805.089300767304,4,41
2021-05-07,14805.75,14807.75,14790.25,14792.25,12:40:00,14805.152224503752,4,42
2021-05-07,14803.35,14805.65,14793.4,14805.2,12:45:00,14804.980584074823,4,43
2021-05-07,14802.1,14805.15,14796.85,14802.95,12:50:00,14804.706242734364,4,44
2021-05-07,14796.1,14811.2,14795.7,14801.95,12:55:00,14803.886600569189,4,45
2021-05-07,14794.45,14801.1,14792.0,14796.25,13:00:00,14802.987876705454,4,46
2021-05-07,14786.55,14798.55,14784.55,14793.55,13:05:00,14801.422364638269,4,47
2021-05-07,14778.05,14791.3,14777.05,14785.55,13:10:00,14799.19642514891,4,48
2021-05-07,14787.85,14788.2,14765.5,14777.2,13:15:00,14798.115813229966,4,49
2021-05-07,14795.6,14795.9,14786.8,14789.0,13:20:00,14797.87621196997,4,50
2021-05-07,14785.75,14797.95,14784.3,14794.2,13:25:00,14796.721334639496,4,51
2021-05-07,14791.3,14791.65,14780.15,14785.65,13:30:00,14796.20501705478,4,52
2021-05-07,14801.6,14804.15,14789.25,14790.55,13:35:00,14796.718824954323,4,53
2021-05-07,14800.55,14804.85,14793.5,14800.7,13:40:00,14797.083698768198,4,54
2021-05-07,14817.6,14817.6,14797.7,14799.85,13:45:00,14799.037632218846,4,55
2021-05-07,14826.75,14830.8,14814.45,14818.35,13:50:00,14801.67690534086,4,56
2021-05-07,14823.9,14829.1,14813.3,14826.65,13:55:00,14803.793390546492,4,57
2021-05-07,14801.7,14837.55,14798.95,14823.5,14:00:00,14803.594020018256,4,58
2021-05-07,14824.55,14824.55,14800.7,14801.0,14:05:00,14805.589827635566,4,59
2021-05-07,14834.0,14836.55,14824.0,14824.2,14:10:00,14808.29555833694,4,60
2021-05-07,14835.1,14839.25,14827.2,14833.95,14:15:00,14810.84836230485,4,61
2021-05-07,14827.25,14835.2,14826.4,14834.6,14:20:00,14812.410423037722,4,62
2021-05-07,14821.55,14832.45,14819.65,14826.8,14:25:00,14813.280858938891,4,63
2021-05-07,14830.3,14830.8,14815.85,14821.8,14:30:00,14814.90172951614,4,64
2021-05-07,14827.9,14831.4,14821.0,14829.65,14:35:00,14816.13966003841,4,65
2021-05-07,14834.7,14836.5,14825.1,14827.55,14:40:00,14817.907311463325,4,66
2021-05-07,14838.95,14839.8,14832.35,14834.25,14:45:00,14819.911377038246,4,67
2021-05-07,14851.1,14852.0,14837.5,14837.5,14:50:00,14822.881722082222,4,68
2021-05-07,14839.1,14852.0,14837.35,14852.0,14:55:00,14824.426319979151,4,69
2021-05-07,14832.15,14843.6,14828.5,14840.1,15:00:00,14825.161908552567,4,70
2021-05-07,14830.95,14838.35,14827.7,14833.7,15:05:00,14825.713155357083,4,71
2021-05-07,14827.3,14837.05,14826.6,14829.85,15:10:00,14825.864283418316,4,72
2021-05-07,14815.8,14828.45,14813.2,14827.6,15:15:00,14824.905780235618,4,73
2021-05-07,14806.35,14821.3,14806.35,14817.05,15:20:00,14823.13856307032,4,74
2021-05-07,14810.35,14813.6,14806.75,14807.55,15:25:00,14821.920604682671,4,75
2021-05-10,14928.95,14940.55,14912.0,14933.9,09:15:00,14832.113880427178,0,1
2021-05-10,14942.1,14951.25,14928.05,14928.45,09:20:00,14842.588748957922,0,2
2021-05-10,14936.65,14943.5,14933.45,14940.15,09:25:00,14851.546963342882,0,3
2021-05-10,14912.8,14938.1,14910.45,14936.85,09:30:00,14857.380585881656,0,4
2021-05-10,14921.1,14925.4,14904.55,14912.7,09:35:00,14863.449101511971,0,5
2021-05-10,14915.85,14921.9,14912.6,14921.25,09:40:00,14868.439663272737,0,6
2021-05-10,14920.4,14931.6,14915.45,14915.45,09:45:00,14873.388266770571,0,7
2021-05-10,14901.0,14929.45,14900.35,14921.9,09:50:00,14876.017955649564,0,8
2021-05-10,14895.3,14909.25,14892.5,14900.7,09:55:00,14877.854340825796,0,9
2021-05-10,14907.95,14912.4,14894.9,14895.95,10:00:00,14880.720594080483,0,10
2021-05-10,14911.7,14912.9,14898.3,14908.15,10:05:00,14883.671013691865,0,11
2021-05-10,14920.6,14921.1,14910.3,14912.1,10:10:00,14887.188060006923,0,12
2021-05-10,14936.05,14937.55,14919.9,14920.7,10:15:00,14891.841578101505,0,13
2021-05-10,14930.0,14936.2,14928.1,14936.2,10:20:00,14895.475713520407,0,14
2021-05-10,14930.35,14934.05,14924.05,14930.1,10:25:00,14898.797074137514,0,15
2021-05-10,14939.25,14944.15,14929.85,14931.15,10:30:00,14902.649733743465,0,16
2021-05-10,14938.95,14943.0,14935.4,14939.5,10:35:00,14906.106901958374,0,17
2021-05-10,14932.5,14940.0,14930.45,14939.0,10:40:00,14908.62053034329,0,18
2021-05-10,14936.75,14941.0,14930.9,14933.15,10:45:00,14911.299527453451,0,19
2021-05-10,14931.45,14940.4,14930.95,14937.1,10:50:00,14913.218620076934,0,20
2021-05-10,14919.55,14931.25,14917.6,14931.25,10:55:00,14913.821608641036,0,21
2021-05-10,14926.3,14928.0,14916.6,14921.05,11:00:00,14915.0100268657,0,22
2021-05-10,14935.2,14936.7,14926.45,14927.05,11:05:00,14916.93288144992,0,23
2021-05-10,14932.6,14940.35,14930.6,14935.45,11:10:00,14918.424987978497,0,24
2021-05-10,14938.5,14939.25,14930.4,14933.15,11:15:00,14920.336893885307,0,25
2021-05-10,14938.5,14950.25,14931.0,14938.05,11:20:00,14922.066713515278,0,26
2021-05-10,14938.65,14939.35,14931.7,14937.25,11:25:00,14923.64607413287,0,27
2021-05-10,14938.6,14942.8,14933.8,14939.65,11:30:00,14925.070257548789,0,28
2021-05-10,14943.35,14943.55,14937.4,14938.7,11:35:00,14926.811185401284,0,29
2021-05-10,14940.7,14944.75,14939.1,14942.75,11:40:00,14928.13392964878,0,30
2021-05-10,14937.35,14941.4,14925.75,14940.95,11:45:00,14929.011650634611,0,31
2021-05-10,14935.7,14938.4,14930.7,14937.55,11:50:00,14929.64863628846,0,32
2021-05-10,14932.55,14936.25,14926.1,14935.85,11:55:00,14929.924956641938,0,33
2021-05-10,14941.9,14943.0,14930.4,14932.85,12:00:00,14931.065436961751,0,34
2021-05-10,14939.55,14942.4,14936.25,14941.8,12:05:00,14931.873490584445,0,35
2021-05-10,14940.8,14941.55,14932.8,14939.7,12:10:00,14932.723634338305,0,36
2021-05-10,14936.15,14943.95,14935.85,14939.85,12:15:00,14933.049954877511,0,37
2021-05-10,14938.85,14939.9,14933.9,14936.4,12:20:00,14933.602340127274,0,38
2021-05-10,14943.3,14944.55,14937.15,14938.65,12:25:00,14934.525926781818,0,39
2021-05-10,14944.15,14947.4,14939.25,14944.15,12:30:00,14935.44250518355,0,40
2021-05-10,14953.7,14955.45,14941.4,14944.05,12:35:00,14937.181314213689,0,41
2021-05-10,14955.95,14959.95,14951.2,14954.1,12:40:00,14938.968808098098,0,42
2021-05-10,14953.65,14957.35,14947.95,14956.35,12:45:00,14940.36701685066,0,43
2021-05-10,14952.1,14954.2,14950.2,14953.25,12:50:00,14941.484443817264,0,44
2021-05-10,14955.7,14957.85,14948.25,14952.05,12:55:00,14942.838306310858,0,45
2021-05-10,14957.35,14965.25,14955.25,14956.3,13:00:00,14944.22037237649,0,46
2021-05-10,14957.7,14960.85,14953.35,14957.6,13:05:00,14945.504146435873,0,47
2021-05-10,14934.7,14958.0,14929.4,14957.2,13:10:00,14944.475180108646,0,48
2021-05-10,14923.65,14934.05,14921.15,14934.05,13:15:00,14942.491829622108,0,49
2021-05-10,14932.45,14933.5,14922.6,14924.35,13:20:00,14941.535464896191,0,50
2021-05-10,14937.3,14940.0,14933.1,14933.45,13:25:00,14941.132087287033,0,51
2021-05-10,14941.6,14942.95,14933.8,14937.6,13:30:00,14941.176650402553,0,52
2021-05-10,14943.65,14947.8,14939.45,14941.4,13:35:00,14941.412207507072,0,53
2021-05-10,14953.85,14955.15,14942.9,14943.35,13:40:00,14942.596759173064,0,54
2021-05-10,14948.7,14954.5,14945.2,14953.35,13:45:00,14943.178020204205,0,55
2021-05-10,14950.5,14954.4,14945.65,14948.55,13:50:00,14943.875351613327,0,56
2021-05-10,14954.85,14958.75,14947.5,14950.7,13:55:00,14944.92055622158,0,57
2021-05-10,14951.35,14956.65,14949.0,14956.3,14:00:00,14945.532884200478,0,58
2021-05-10,14954.8,14957.25,14951.3,14951.9,14:05:00,14946.415466657576,0,59
2021-05-10,14946.8,14956.45,14946.3,14954.45,14:10:00,14946.452088880664,0,60
2021-05-10,14959.95,14966.9,14945.6,14946.95,14:15:00,14947.737604225362,0,61
2021-05-10,14954.2,14961.15,14953.8,14960.15,14:20:00,14948.353070489611,0,62
2021-05-10,14943.35,14954.8,14934.9,14954.8,14:25:00,14947.87658758584,0,63
2021-05-10,14943.1,14950.9,14942.4,14943.55,14:30:00,14947.421674482426,0,64
2021-05-10,14944.6,14949.65,14942.7,14943.3,14:35:00,14947.152943579338,0,65
2021-05-10,14949.1,14951.1,14944.35,14944.35,14:40:00,14947.338377524164,0,66
2021-05-10,14942.8,14950.4,14940.4,14949.25,14:45:00,14946.906151093292,0,67
2021-05-10,14941.1,14942.7,14933.85,14942.2,14:50:00,14946.353184322505,0,68
2021-05-10,14933.6,14942.3,14933.1,14940.9,14:55:00,14945.138595339407,0,69
2021-05-10,14945.55,14947.05,14931.35,14934.85,15:00:00,14945.177776735654,0,70
2021-05-10,14944.35,14948.9,14942.6,14945.7,15:05:00,14945.098940856067,0,71
2021-05-10,14941.2,14949.15,14939.35,14944.55,15:10:00,14944.72761315549,0,72
2021-05-10,14936.15,14941.45,14929.95,14941.45,15:15:00,14943.910697616871,0,73
2021-05-10,14944.1,14947.05,14929.65,14935.8,15:20:00,14943.928726415264,0,74
2021-05-10,14949.4,14952.9,14943.65,14944.7,15:25:00,14944.449800090002,0,75
2021-05-11,14809.1,14810.85,14771.4,14797.8,09:15:00,14931.559342938574,1,1
2021-05-11,14817.2,14820.1,14797.7,14806.95,09:20:00,14920.667976944424,1,2
2021-05-11,14827.05,14830.7,14809.65,14817.1,09:25:00,14911.751979140194,1,3
2021-05-11,14827.05,14835.45,14823.15,14828.45,09:30:00,14903.685123983983,1,4
2021-05-11,14819.65,14834.2,14816.8,14827.4,09:35:00,14895.681778842652,1,5
2021-05-11,14824.0,14827.85,14818.85,14819.25,09:40:00,14888.854942762398,1,6
2021-05-11,14832.25,14837.95,14818.65,14824.05,09:45:00,14883.463995832646,1,7
2021-05-11,14842.2,14847.4,14831.9,14831.9,09:50:00,14879.53409146763,1,8
2021-05-11,14840.5,14843.35,14838.0,14842.6,09:55:00,14875.816558946904,1,9
2021-05-11,14841.3,14847.8,14836.5,14841.0,10:00:00,14872.52926761863,1,10
2021-05-11,14843.65,14843.7,14835.5,14841.0,10:05:00,14869.778861178758,1,11
2021-05-11,14845.85,14846.9,14842.9,14843.05,10:10:00,14867.499922018877,1,12
2021-05-11,14837.3,14849.4,14831.75,14846.0,10:15:00,14864.623738969458,1,13
2021-05-11,14840.25,14845.65,14834.7,14836.95,10:20:00,14862.302430496176,1,14
2021-05-11,14829.1,14842.6,14826.05,14840.0,10:25:00,14859.140294258445,1,15
2021-05-11,14833.35,14836.55,14827.2,14829.65,10:30:00,14856.68407575764,1,16
2021-05-11,14839.9,14841.15,14832.25,14832.25,10:35:00,14855.085592352152,1,17
2021-05-11,14837.95,14843.3,14837.2,14840.3,10:40:00,14853.453631175757,1,18
2021-05-11,14833.25,14840.65,14832.75,14837.55,10:45:00,14851.529475825686,1,19
2021-05-11,14834.05,14837.25,14830.75,14833.9,10:50:00,14849.864763842286,1,20
2021-05-11,14839.25,14839.25,14833.55,14834.75,10:55:00,14848.853833952544,1,21
2021-05-11,14838.6,14841.8,14836.2,14839.1,11:00:00,14847.877278338015,1,22
2021-05-11,14831.2,14842.8,14830.0,14839.25,11:05:00,14846.28896611535,1,23
2021-05-11,14831.75,14832.7,14829.3,14831.85,11:10:00,14844.904302675792,1,24
2021-05-11,14842.85,14846.9,14831.35,14832.15,11:15:00,14844.708654801909,1,25
2021-05-11,14843.6,14845.8,14838.35,14842.95,11:20:00,14844.603068630297,1,26
2021-05-11,14858.2,14862.15,14843.3,14843.3,11:25:00,14845.898014475031,1,27
2021-05-11,14880.2,14885.75,14857.7,14858.55,11:30:00,14849.164870239314,1,28
2021-05-11,14881.5,14884.4,14875.9,14880.1,11:35:00,14852.244406407,1,29
2021-05-11,14875.65,14883.45,14871.35,14881.8,11:40:00,14854.473510558711,1,30
2021-05-11,14881.8,14884.45,14872.25,14875.2,11:45:00,14857.076033362644,1,31
2021-05-11,14877.75,14882.5,14876.2,14880.8,11:50:00,14859.044982566202,1,32
2021-05-11,14872.2,14877.7,14867.55,14877.4,11:55:00,14860.29784136942,1,33
2021-05-11,14874.9,14878.4,14872.35,14872.75,12:00:00,14861.68852314376,1,34
2021-05-11,14886.1,14887.0,14874.7,14875.0,12:05:00,14864.013425701498,1,35
2021-05-11,14883.45,14890.05,14882.8,14885.6,12:10:00,14865.864528015642,1,36
2021-05-11,14883.2,14888.15,14880.35,14882.9,12:15:00,14867.515525347486,1,37
2021-05-11,14890.8,14893.35,14882.15,14882.6,12:20:00,14869.73309436201,1,38
2021-05-11,14897.6,14900.0,14887.95,14891.15,12:25:00,14872.387085375154,1,39
2021-05-11,14886.45,14899.45,14886.45,14897.95,12:30:00,14873.72641057752,1,40
2021-05-11,14874.65,14886.8,14873.45,14886.8,12:35:00,14873.8143714749,1,41
2021-05-11,14876.9,14881.85,14871.75,14874.35,12:40:00,14874.108240858244,1,42
2021-05-11,14859.65,14877.9,14850.0,14876.55,12:45:00,14872.731265538412,1,43
2021-05-11,14859.0,14862.8,14852.95,14859.35,12:50:00,14871.423525963324,1,44
2021-05-11,14865.2,14868.45,14856.7,14858.8,12:55:00,14870.830809204912,1,45
2021-05-11,14850.15,14865.25,14848.95,14865.1,13:00:00,14868.861208328251,1,46
2021-05-11,14853.15,14855.45,14844.55,14851.15,13:05:00,14867.364902773184,1,47
2021-05-11,14849.3,14857.8,14846.45,14854.5,13:10:00,14865.644435842403,1,48
2021-05-11,14828.25,14847.65,14826.15,14847.65,13:15:00,14862.08306100027,1,49
2021-05-11,14812.4,14828.75,14810.05,14828.05,13:20:00,14857.351340905008,1,50
2021-05-11,14819.0,14819.0,14803.05,14812.3,13:25:00,14853.698832247388,1,51
2021-05-11,14815.35,14827.65,14814.2,14820.65,13:30:00,14850.046562509542,1,52
2021-05-11,14825.3,14826.1,14807.3,14815.05,13:35:00,14847.689747032442,1,53
2021-05-11,14824.35,14830.55,14823.25,14825.95,13:40:00,14845.466913981734,1,54
2021-05-11,14822.1,14826.7,14816.95,14824.85,13:45:00,14843.241493602522,1,55
2021-05-11,14830.6,14833.0,14822.45,14822.45,13:50:00,14842.037541830854,1,56
2021-05-11,14837.5,14839.25,14826.05,14830.35,13:55:00,14841.60539498982,1,57
2021-05-11,14840.0,14843.1,14834.95,14838.0,14:00:00,14841.452500228886,1,58
2021-05-11,14832.7,14844.55,14830.15,14839.85,14:05:00,14840.618928778516,1,59
2021-05-11,14831.0,14839.5,14830.35,14833.05,14:10:00,14839.70284032342,1,60
2021-05-11,14844.8,14845.65,14830.7,14831.45,14:15:00,14840.188284102142,1,61
2021-05-11,14841.15,14846.15,14836.7,14846.15,14:20:00,14840.279876092412,1,62
2021-05-11,14836.45,14841.3,14831.25,14841.25,14:25:00,14839.915125988373,1,63
2021-05-11,14843.3,14844.35,14823.9,14836.6,14:30:00,14840.23749494186,1,64
2021-05-11,14846.65,14852.05,14843.4,14843.85,14:35:00,14840.848209709304,1,65
2021-05-11,14838.85,14847.55,14837.8,14846.6,14:40:00,14840.657904022704,1,66
2021-05-11,14847.75,14847.75,14835.35,14838.9,14:45:00,14841.33334173483,1,67
2021-05-11,14846.25,14851.85,14845.05,14849.05,14:50:00,14841.80159490294,1,68
2021-05-11,14836.95,14846.7,14832.35,14845.45,14:55:00,14841.339538245516,1,69
2021-05-11,14855.1,14855.15,14835.75,14836.3,15:00:00,14842.65005841261,1,70
2021-05-11,14853.45,14855.6,14850.05,14855.2,15:05:00,14843.678624278076,1,71
2021-05-11,14854.75,14856.9,14849.55,14853.2,15:10:00,14844.733041013498,1,72
2021-05-11,14850.25,14855.5,14849.75,14855.05,15:15:00,14845.25846567888,1,73
2021-05-11,14849.35,14855.85,14843.1,14850.4,15:20:00,14845.648135614225,1,74
2021-05-11,14845.1,14849.9,14842.15,14849.0,15:25:00,14845.595932222392,1,75
2021-05-12,14798.4,14824.05,14782.35,14824.05,09:15:00,14841.101081534547,2,1
2021-05-12,14785.55,14794.7,14774.15,14793.35,09:20:00,14835.81050234078,2,2
2021-05-12,14775.35,14786.8,14767.35,14786.7,09:25:00,14830.052359260706,2,3
2021-05-12,14752.3,14775.4,14748.75,14775.4,09:30:00,14822.647372664447,2,4
2021-05-12,14741.3,14752.7,14728.15,14752.7,09:35:00,14814.900003839262,2,5
2021-05-12,14769.4,14770.6,14740.0,14741.1,09:40:00,14810.566670140286,2,6
2021-05-12,14763.0,14770.8,14757.6,14769.65,09:45:00,14806.036511079306,2,7
2021-05-12,14754.55,14766.1,14752.1,14762.9,09:50:00,14801.13303383366,2,8
2021-05-12,14756.7,14760.0,14748.4,14753.35,09:55:00,14796.901316325691,2,9
2021-05-12,14766.2,14767.0,14753.45,14757.4,10:00:00,14793.97738143753,2,10
2021-05-12,14759.15,14766.9,14755.45,14765.6,10:05:00,14790.660487967289,2,11
2021-05-12,14740.25,14758.4,14739.5,14757.85,10:10:00,14785.859489113262,2,12
2021-05-12,14742.7,14749.65,14736.4,14738.45,10:15:00,14781.749061578666,2,13
2021-05-12,14719.5,14742.35,14717.95,14741.6,10:20:00,14775.820579523555,2,14
2021-05-12,14718.4,14728.1,14715.3,14719.45,10:25:00,14770.351952902263,2,15
2021-05-12,14719.15,14724.0,14711.1,14718.95,10:30:00,14765.475576435383,2,16
2021-05-12,14731.6,14736.5,14717.95,14719.35,10:35:00,14762.249331060584,2,17
2021-05-12,14733.3,14733.3,14722.0,14731.55,10:40:00,14759.492251911955,2,18
2021-05-12,14738.0,14744.95,14733.9,14733.9,10:45:00,14757.445370777485,2,19
2021-05-12,14738.9,14742.05,14732.45,14738.15,10:50:00,14755.679144989152,2,20
2021-05-12,14745.15,14745.8,14736.95,14738.7,10:55:00,14754.6763692759,2,21
2021-05-12,14742.9,14745.95,14737.25,14745.95,11:00:00,14753.554810297244,2,22
2021-05-12,14728.2,14747.75,14727.5,14742.7,11:05:00,14751.140066459411,2,23
2021-05-12,14712.5,14729.1,14712.3,14728.5,11:10:00,14747.460060129944,2,24
2021-05-12,14697.45,14717.4,14695.1,14711.75,11:15:00,14742.697197260424,2,25
2021-05-12,14713.8,14714.5,14696.05,14697.75,11:20:00,14739.94508323562,2,26
2021-05-12,14723.4,14724.3,14714.25,14714.25,11:25:00,14738.369361022706,2,27
2021-05-12,14724.95,14726.3,14713.6,14722.8,11:30:00,14737.091326639593,2,28
2021-05-12,14727.95,14730.6,14722.15,14725.2,11:35:00,14736.220724102486,2,29
2021-05-12,14727.15,14733.0,14722.1,14727.1,11:40:00,14735.356845616536,2,30
2021-05-12,14731.95,14735.55,14727.2,14727.85,11:45:00,14735.032384129248,2,31
2021-05-12,14733.7,14736.6,14728.5,14731.85,11:50:00,14734.905490402653,2,32
2021-05-12,14734.85,14737.3,14727.65,14733.6,11:55:00,14734.9002056024,2,33
2021-05-12,14732.95,14739.55,14726.5,14735.0,12:00:00,14734.714471735504,2,34
2021-05-12,14755.25,14755.8,14732.65,14732.65,12:05:00,14736.670236332122,2,35
2021-05-12,14758.5,14759.05,14748.8,14756.1,12:10:00,14738.749261443349,2,36
2021-05-12,14751.45,14759.6,14745.85,14759.15,12:15:00,14739.9588555916,2,37
2021-05-12,14757.0,14758.15,14748.25,14751.7,12:20:00,14741.581821725733,2,38
2021-05-12,14771.45,14772.35,14756.0,14757.05,12:25:00,14744.426410132804,2,39
2021-05-12,14759.25,14770.7,14757.8,14770.65,12:30:00,14745.838180596347,2,40
2021-05-12,14764.35,14766.8,14752.1,14759.8,12:35:00,14747.601211015744,2,41
2021-05-12,14750.85,14767.25,14750.6,14765.35,12:40:00,14747.910619490434,2,42
2021-05-12,14754.5,14757.35,14749.95,14751.4,12:45:00,14748.538179538966,2,43
2021-05-12,14759.2,14760.05,14747.85,14754.35,12:50:00,14749.553591011443,2,44
2021-05-12,14754.8,14760.05,14749.45,14758.65,12:55:00,14750.053249010356,2,45
2021-05-12,14759.95,14763.75,14754.9,14755.95,13:00:00,14750.995796723657,2,46
2021-05-12,14772.5,14774.6,14759.35,14759.35,13:05:00,14753.04381608331,2,47
2021-05-12,14775.1,14776.7,14771.45,14771.45,13:10:00,14755.144405027757,2,48
2021-05-12,14772.35,14781.25,14771.65,14775.35,13:15:00,14756.78303312035,2,49
2021-05-12,14770.45,14774.95,14767.35,14772.1,13:20:00,14758.08464901365,2,50
2021-05-12,14762.45,14771.1,14761.9,14770.95,13:25:00,14758.500396726637,2,51
2021-05-12,14765.05,14767.3,14760.4,14763.4,13:30:00,14759.12416846696,2,52
2021-05-12,14747.15,14765.3,14746.1,14765.2,13:35:00,14757.983771470106,2,53
2021-05-12,14732.5,14747.9,14726.35,14747.2,13:40:00,14755.556745615811,2,54
2021-05-12,14741.65,14743.5,14731.25,14733.6,13:45:00,14754.2322936524,2,55
2021-05-12,14747.1,14750.0,14740.2,14741.9,13:50:00,14753.553027590267,2,56
2021-05-12,14749.9,14756.05,14745.9,14746.65,13:55:00,14753.20512020072,2,57
2021-05-12,14760.8,14763.15,14750.95,14750.95,14:00:00,14753.928442086364,2,58
2021-05-12,14751.95,14760.95,14750.45,14760.4,14:05:00,14753.740019030522,2,59
2021-05-12,14745.15,14752.35,14742.4,14752.2,14:10:00,14752.921921979994,2,60
2021-05-12,14749.45,14756.05,14745.35,14745.65,14:15:00,14752.591262743805,2,61
2021-05-12,14742.65,14750.0,14737.9,14748.9,14:20:00,14751.644475815823,2,62
2021-05-12,14738.85,14745.1,14736.8,14742.95,14:25:00,14750.425954309556,2,63
2021-05-12,14739.7,14748.75,14737.3,14740.3,14:30:00,14749.404434851502,2,64
2021-05-12,14732.0,14745.8,14724.3,14739.85,14:35:00,14747.746869627548,2,65
2021-05-12,14730.3,14732.4,14724.8,14731.4,14:40:00,14746.085262996354,2,66
2021-05-12,14719.9,14730.5,14717.25,14730.05,14:45:00,14743.591428425272,2,67
2021-05-12,14690.4,14719.8,14689.85,14719.75,14:50:00,14738.525578099056,2,68
2021-05-12,14653.3,14698.8,14649.7,14689.8,14:55:00,14730.408856375336,2,69
2021-05-12,14710.65,14710.65,14650.1,14653.55,15:00:00,14728.527060530065,2,70
2021-05-12,14700.3,14711.85,14691.1,14710.7,15:05:00,14725.83876905101,2,71
2021-05-12,14707.9,14707.9,14698.3,14700.5,15:10:00,14724.130314855676,2,72
2021-05-12,14700.55,14713.4,14699.35,14706.5,15:15:00,14721.884570583708,2,73
2021-05-12,14706.15,14708.45,14688.65,14700.6,15:20:00,14720.386040051926,2,74
2021-05-12,14699.65,14706.1,14696.15,14705.45,15:25:00,14718.4111790946,2,75
2021-05-14,14722.8,14749.65,14690.6,14749.45,09:15:00,14718.829162037971,4,1
2021-05-14,14664.3,14719.9,14655.4,14719.9,09:20:00,14713.635908510549,4,2
2021-05-14,14663.4,14693.1,14653.6,14664.05,09:25:00,14708.851536271448,4,3
2021-05-14,14632.35,14664.1,14622.15,14664.1,09:30:00,14701.565675674166,4,4
2021-05-14,14666.4,14673.25,14618.8,14630.95,09:35:00,14698.216563705197,4,5
2021-05-14,14676.7,14693.65,14661.7,14665.9,09:40:00,14696.167367161845,4,6
2021-05-14,14700.15,14703.4,14663.65,14676.1,09:45:00,14696.546665527385,4,7
2021-05-14,14715.3,14717.4,14698.55,14700.85,09:50:00,14698.332697381918,4,8
2021-05-14,14708.5,14721.85,14702.1,14716.0,09:55:00,14699.301011916974,4,9
2021-05-14,14724.8,14726.45,14702.35,14707.3,10:00:00,14701.7294869725,4,10
2021-05-14,14716.55,14728.8,14706.6,14724.75,10:05:00,14703.14096440369,4,11
2021-05-14,14685.15,14717.65,14683.05,14716.2,10:10:00,14701.427539222386,4,12
2021-05-14,14706.9,14707.05,14672.65,14685.8,10:15:00,14701.948725963111,4,13
2021-05-14,14699.55,14710.4,14698.7,14707.35,10:20:00,14701.720275871388,4,14
2021-05-14,14687.4,14699.1,14680.1,14698.8,10:25:00,14700.35644007411,4,15
2021-05-14,14702.3,14703.95,14687.35,14687.35,10:30:00,14700.541541019436,4,16
2021-05-14,14683.15,14705.3,14683.15,14701.6,10:35:00,14698.885203779488,4,17
2021-05-14,14689.75,14689.75,14678.5,14683.6,10:40:00,14698.015184371918,4,18
2021-05-14,14687.45,14695.8,14682.15,14689.85,10:45:00,14697.008976336496,4,19
2021-05-14,14681.3,14698.15,14678.3,14687.55,10:50:00,14695.512883352068,4,20
2021-05-14,14680.65,14685.2,14676.05,14680.85,10:55:00,14694.09737065187,4,21
2021-05-14,14667.9,14687.15,14667.35,14680.75,11:00:00,14691.60238297074,4,22
2021-05-14,14660.65,14669.95,14653.5,14667.5,11:05:00,14688.654536973529,4,23
2021-05-14,14663.35,14673.25,14659.4,14661.05,11:10:00,14686.244581071283,4,24
2021-05-14,14671.25,14677.0,14662.8,14663.45,11:15:00,14684.816525731165,4,25
2021-05-14,14671.85,14673.2,14658.15,14672.1,11:20:00,14683.58161851867,4,26
2021-05-14,14681.35,14685.75,14663.8,14672.3,11:25:00,14683.369083421654,4,27
2021-05-14,14671.35,14682.65,14666.0,14681.5,11:30:00,14682.224408810069,4,28
2021-05-14,14644.95,14671.1,14641.5,14670.9,11:35:00,14678.67446511387,4,29
2021-05-14,14637.85,14645.2,14633.8,14642.85,11:40:00,14674.786420817312,4,30
2021-05-14,14636.5,14637.3,14617.95,14637.0,11:45:00,14671.140095025188,4,31
2021-05-14,14625.85,14649.25,14625.05,14636.45,11:50:00,14666.82675264184,4,32
2021-05-14,14623.25,14634.8,14616.65,14624.95,11:55:00,14662.67658572357,4,33
2021-05-14,14596.5,14622.8,14592.75,14622.8,12:00:00,14656.374053749896,4,34
2021-05-14,14602.65,14621.25,14591.9,14595.55,12:05:00,14651.257477202287,4,35
2021-05-14,14623.1,14624.75,14597.75,14601.75,12:10:00,14648.575812706831,4,36
2021-05-14,14637.65,14642.65,14616.95,14623.75,12:15:00,14647.535259115704,4,37
2021-05-14,14641.6,14642.95,14627.75,14637.55,12:20:00,14646.96999634278,4,38
2021-05-14,14639.55,14646.2,14633.75,14641.4,12:25:00,14646.263330024422,4,39
2021-05-14,14624.75,14646.15,14624.3,14640.3,12:30:00,14644.214441450667,4,40
2021-05-14,14641.5,14646.85,14624.25,14625.1,12:35:00,14643.95592321727,4,41
2021-05-14,14661.6,14661.7,14637.25,14641.35,12:40:00,14645.636311482293,4,42
2021-05-14,14659.05,14661.35,14648.15,14661.3,12:45:00,14646.913805626837,4,43
2021-05-14,14657.45,14664.2,14654.5,14658.8,12:50:00,14647.917252709996,4,44
2021-05-14,14661.75,14666.6,14653.65,14657.5,12:55:00,14649.234657213809,4,45
2021-05-14,14663.5,14666.15,14655.15,14662.45,13:00:00,14650.593261288685,4,46
2021-05-14,14679.75,14682.05,14656.0,14663.15,13:05:00,14653.370093546902,4,47
2021-05-14,14666.5,14687.7,14666.1,14680.75,13:10:00,14654.620560828149,4,48
2021-05-14,14658.8,14665.4,14648.05,14665.4,13:15:00,14655.01860265404,4,49
2021-05-14,14668.8,14670.8,14649.9,14658.55,13:20:00,14656.331116686988,4,50
2021-05-14,14677.6,14678.15,14666.5,14669.0,13:25:00,14658.35672462156,4,51
2021-05-14,14690.45,14692.65,14675.4,14677.35,13:30:00,14661.413227038556,4,52
2021-05-14,14666.15,14690.8,14665.7,14690.35,13:35:00,14661.86434827298,4,53
2021-05-14,14657.25,14670.95,14655.85,14665.35,13:40:00,14661.424886532694,4,54
2021-05-14,14673.75,14674.15,14656.45,14656.5,13:45:00,14662.598706862913,4,55
2021-05-14,14672.95,14677.0,14665.3,14673.65,13:50:00,14663.58454430454,4,56
2021-05-14,14638.6,14673.55,14638.6,14673.25,13:55:00,14661.205063894584,4,57
2021-05-14,14648.15,14653.95,14629.75,14637.8,14:00:00,14659.961724476052,4,58
2021-05-14,14665.9,14667.1,14646.45,14648.6,14:05:00,14660.527274525952,4,59
2021-05-14,14659.75,14670.6,14653.8,14666.15,14:10:00,14660.453248380623,4,60
2021-05-14,14668.3,14669.9,14656.4,14660.35,14:15:00,14661.20055805866,4,61
2021-05-14,14657.4,14670.55,14657.05,14667.4,14:20:00,14660.838600148312,4,62
2021-05-14,14658.35,14662.75,14645.4,14657.3,14:25:00,14660.601590610377,4,63
2021-05-14,14669.05,14670.65,14658.7,14658.9,14:30:00,14661.406201028436,4,64
2021-05-14,14683.1,14692.55,14668.6,14668.6,14:35:00,14663.472277120964,4,65
2021-05-14,14670.35,14688.8,14669.85,14683.25,14:40:00,14664.12729834754,4,66
2021-05-14,14701.35,14711.4,14668.8,14670.5,14:45:00,14667.672317552537,4,67
2021-05-14,14689.95,14703.2,14689.9,14700.85,14:50:00,14669.79400159515,4,68
2021-05-14,14684.4,14695.2,14680.45,14690.9,14:55:00,14671.185049062278,4,69
2021-05-14,14678.45,14689.55,14667.8,14685.3,15:00:00,14671.876949151589,4,70
2021-05-14,14665.7,14679.2,14663.2,14679.05,15:05:00,14671.288668280007,4,71
2021-05-14,14672.65,14673.4,14660.85,14666.1,15:10:00,14671.418318920008,4,72
2021-05-14,14682.75,14683.35,14671.55,14673.35,15:15:00,14672.497526641911,4,73
2021-05-14,14687.95,14693.85,14674.85,14682.6,15:20:00,14673.969190771251,4,74
2021-05-14,14681.0,14688.9,14679.95,14686.85,15:25:00,14674.63879165018,4,75
2021-05-17,14757.8,14762.3,14733.05,14762.3,09:15:00,14682.558906731116,0,1
2021-05-17,14753.8,14767.35,14725.35,14758.35,09:20:00,14689.343772756723,0,2
2021-05-17,14733.2,14764.4,14732.25,14751.75,09:25:00,14693.520556303702,0,3
2021-05-17,14762.5,14763.1,14732.65,14733.65,09:30:00,14700.09002713192,0,4
2021-05-17,14758.6,14774.2,14755.25,14761.45,09:35:00,14705.66240550031,0,5
2021-05-17,14768.2,14777.5,14756.25,14757.65,09:40:00,14711.618366881234,0,6
2021-05-17,14763.8,14782.6,14759.2,14768.55,09:45:00,14716.58804622588,0,7
2021-05-17,14770.95,14774.25,14760.0,14762.95,09:50:00,14721.765375156749,0,8
2021-05-17,14774.45,14778.7,14768.7,14771.1,09:55:00,14726.782958475154,0,9
2021-05-17,14793.4,14794.9,14773.45,14774.6,10:00:00,14733.127438620377,0,10
2021-05-17,14799.7,14801.15,14784.2,14793.35,10:05:00,14739.467682561291,0,11
2021-05-17,14808.15,14811.85,14793.3,14798.75,10:10:00,14746.008855650693,0,12
2021-05-17,14821.95,14822.75,14807.7,14809.1,10:15:00,14753.241345588722,0,13
2021-05-17,14798.05,14824.7,14797.95,14822.9,10:20:00,14757.508836485034,0,14
2021-05-17,14802.9,14805.15,14794.35,14799.05,10:25:00,14761.83180443884,0,15
2021-05-17,14792.55,14806.35,14790.15,14802.85,10:30:00,14764.757346873235,0,16
2021-05-17,14812.95,14812.95,14791.75,14791.75,10:35:00,14769.347123361498,0,17
2021-05-17,14810.9,14822.45,14810.55,14813.3,10:40:00,14773.304540184212,0,18
2021-05-17,14809.05,14812.8,14804.95,14810.55,10:45:00,14776.708869690478,0,19
2021-05-17,14802.7,14812.7,14801.55,14809.1,10:50:00,14779.18421543424,0,20
2021-05-17,14800.55,14809.25,14799.15,14802.75,10:55:00,14781.21905205955,0,21
2021-05-17,14806.6,14808.35,14800.45,14801.35,11:00:00,14783.636285196735,0,22
2021-05-17,14809.95,14812.05,14806.0,14806.25,11:05:00,14786.142353273235,0,23
2021-05-17,14802.75,14812.3,14801.95,14810.1,11:10:00,14787.72403391388,0,24
2021-05-17,14808.5,14811.65,14798.15,14803.3,11:15:00,14789.702697350654,0,25
2021-05-17,14815.75,14815.75,14805.9,14809.0,11:20:00,14792.183392841069,0,26
2021-05-17,14811.7,14818.65,14810.1,14815.55,11:25:00,14794.042117332396,0,27
2021-05-17,14815.35,14817.45,14808.05,14812.3,11:30:00,14796.071439491216,0,28
2021-05-17,14811.95,14820.55,14811.95,14815.65,11:35:00,14797.583683349194,0,29
2021-05-17,14808.3,14813.0,14804.0,14812.8,11:40:00,14798.604284934983,0,30
2021-05-17,14825.55,14828.2,14807.45,14807.95,11:45:00,14801.170543512604,0,31
2021-05-17,14824.25,14830.05,14821.0,14826.15,11:50:00,14803.368586987595,0,32
2021-05-17,14821.1,14827.35,14820.05,14824.9,11:55:00,14805.057292988777,0,33
2021-05-17,14821.85,14826.6,14817.7,14821.7,12:00:00,14806.656598418418,0,34
2021-05-17,14831.45,14832.55,14822.15,14822.7,12:05:00,14809.01787475952,0,35
2021-05-17,14827.9,14835.55,14824.15,14832.1,12:10:00,14810.81617240147,0,36
2021-05-17,14836.75,14837.9,14823.95,14828.05,12:15:00,14813.286060744187,0,37
2021-05-17,14835.95,14839.2,14828.05,14837.4,12:20:00,14815.444531149504,0,38
2021-05-17,14843.35,14849.0,14834.05,14836.3,12:25:00,14818.10219484955,0,39
2021-05-17,14850.45,14854.05,14839.65,14845.25,12:30:00,14821.182938197211,0,40
2021-05-17,14845.85,14852.05,14845.35,14851.3,12:35:00,14823.532182178433,0,41
2021-05-17,14843.25,14846.8,14840.5,14846.1,12:40:00,14825.410069590009,0,42
2021-05-17,14856.7,14860.05,14842.8,14844.55,12:45:00,14828.390062962388,0,43
2021-05-17,14856.25,14857.95,14851.4,14857.1,12:50:00,14831.043390299305,0,44
2021-05-17,14847.65,14856.95,14846.9,14856.95,12:55:00,14832.62497217556,0,45
2021-05-17,14857.85,14861.0,14845.65,14847.6,13:00:00,14835.027355777887,0,46
2021-05-17,14854.3,14859.6,14851.05,14858.35,13:05:00,14836.862845703805,0,47
2021-05-17,14836.95,14862.6,14836.95,14854.15,13:10:00,14836.871146112964,0,48
2021-05-17,14847.6,14849.6,14826.75,14838.7,13:15:00,14837.892941721251,0,49
2021-05-17,14838.8,14852.35,14838.8,14849.75,13:20:00,14837.979328223992,0,50
2021-05-17,14841.3,14843.95,14836.25,14839.7,13:25:00,14838.295582678851,0,51
2021-05-17,14851.0,14855.2,14842.25,14842.7,13:30:00,14839.505527185627,0,52
2021-05-17,14860.65,14863.45,14848.85,14852.8,13:35:00,14841.51928650128,0,53
2021-05-17,14862.4,14868.15,14857.95,14861.25,13:40:00,14843.507925882112,0,54
2021-05-17,14867.9,14868.15,14858.45,14862.5,13:45:00,14845.830980560006,0,55
2021-05-17,14868.05,14872.1,14865.35,14868.85,13:50:00,14847.94707764953,0,56
2021-05-17,14869.9,14873.25,14866.95,14868.65,13:55:00,14850.037832159098,0,57
2021-05-17,14882.4,14886.0,14870.15,14870.15,14:00:00,14853.11994338204,0,58
2021-05-17,14880.1,14883.95,14875.2,14883.1,14:05:00,14855.68947258375,0,59
2021-05-17,14871.4,14884.15,14870.55,14880.4,14:10:00,14857.18571329006,0,60
2021-05-17,14866.55,14873.5,14866.2,14870.75,14:15:00,14858.077550119577,0,61
2021-05-17,14876.2,14876.65,14866.5,14867.25,14:20:00,14859.803497727236,0,62
2021-05-17,14877.0,14879.95,14874.95,14877.2,14:25:00,14861.441259848452,0,63
2021-05-17,14889.05,14889.8,14877.25,14877.9,14:30:00,14864.07066367241,0,64
2021-05-17,14898.4,14902.4,14888.9,14890.3,14:35:00,14867.340124275035,0,65
2021-05-17,14907.4,14909.5,14892.45,14898.8,14:40:00,14871.155350534556,0,66
2021-05-17,14904.25,14910.95,14897.4,14910.0,14:45:00,14874.30722191222,0,67
2021-05-17,14911.1,14911.55,14898.85,14903.75,14:50:00,14877.811296015818,0,68
2021-05-17,14919.85,14921.1,14908.3,14912.05,14:55:00,14881.81498210955,0,69
2021-05-17,14923.35,14924.3,14915.15,14920.85,15:00:00,14885.770698099115,0,70
2021-05-17,14915.35,14930.65,14915.35,14924.45,15:05:00,14888.58777447063,0,71
2021-05-17,14921.15,14921.3,14913.85,14916.25,15:10:00,14891.68893880676,0,72
2021-05-17,14926.05,14929.0,14913.9,14921.0,15:15:00,14894.961420825162,0,73
2021-05-17,14925.85,14938.0,14919.1,14926.8,15:20:00,14897.903190270385,0,74
2021-05-17,14925.15,14930.45,14919.65,14927.1,15:25:00,14900.49812453035,0,75
2021-05-18,15093.35,15105.7,15048.75,15075.4,09:15:00,14918.864969813174,1,1
2021-05-18,15094.8,15111.7,15082.9,15089.95,09:20:00,14935.620686973823,1,2
2021-05-18,15118.45,15120.45,15094.0,15094.85,09:25:00,14953.033002500128,1,3
2021-05-18,15081.7,15124.5,15073.9,15120.4,09:30:00,14965.28700226202,1,4
2021-05-18,15090.2,15094.8,15074.2,15080.55,09:35:00,14977.183478237066,1,5
2021-05-18,15089.15,15093.45,15084.45,15089.25,09:40:00,14987.8469565002,1,6
2021-05-18,15095.0,15100.8,15084.35,15088.95,09:45:00,14998.052008262088,1,7
2021-05-18,15088.0,15095.75,15088.0,15093.6,09:50:00,15006.6184836657,1,8
2021-05-18,15071.75,15089.0,15071.7,15088.65,09:55:00,15012.821485221346,1,9
2021-05-18,15075.65,15084.65,15063.95,15071.4,10:00:00,15018.805153295503,1,10
2021-05-18,15060.2,15085.2,15060.0,15075.3,10:05:00,15022.747519648312,1,11
2021-05-18,15057.35,15063.35,15043.7,15059.55,10:10:00,15026.04299396752,1,12
2021-05-18,15073.15,15077.25,15056.65,15057.0,10:15:00,15030.52937549442,1,13
2021-05-18,15069.85,15074.7,15065.1,15072.95,10:20:00,15034.274196875906,1,14
2021-05-18,15083.2,15083.2,15069.15,15069.15,10:25:00,15038.93379717344,1,15
2021-05-18,15088.7,15091.3,15082.8,15084.15,10:30:00,15043.673435537872,1,16
2021-05-18,15089.65,15091.85,15084.35,15088.25,10:35:00,15048.052155962838,1,17
2021-05-18,15097.15,15099.5,15089.4,15090.8,10:40:00,15052.728141109234,1,18
2021-05-18,15096.75,15101.15,15090.2,15096.75,10:45:00,15056.92069909883,1,19
2021-05-18,15098.25,15100.85,15094.7,15096.05,10:50:00,15060.85682299418,1,20
2021-05-18,15110.7,15112.0,15097.0,15099.1,10:55:00,15065.603792232829,1,21
2021-05-18,15122.3,15122.6,15107.55,15110.65,11:00:00,15071.003431067798,1,22
2021-05-18,15126.1,15134.4,15122.0,15122.05,11:05:00,15076.250723347055,1,23
2021-05-18,15126.25,15128.0,15115.45,15125.95,11:10:00,15081.012559218769,1,24
2021-05-18,15129.4,15130.85,15121.3,15125.75,11:15:00,15085.620886912218,1,25
2021-05-18,15120.45,15130.1,15120.25,15128.85,11:20:00,15088.93794530153,1,26
2021-05-18,15117.55,15125.2,15110.45,15121.4,11:25:00,15091.66290289186,1,27
2021-05-18,15110.65,15121.65,15109.5,15118.8,11:30:00,15093.47119785454,1,28
2021-05-18,15109.85,15111.65,15102.8,15110.15,11:35:00,15095.031083773156,1,29
2021-05-18,15112.15,15121.5,15109.6,15110.85,11:40:00,15096.66145674714,1,30
2021-05-18,15109.3,15114.9,15106.4,15112.4,11:45:00,15097.865127533129,1,31
2021-05-18,15109.35,15111.55,15104.8,15109.9,11:50:00,15098.958924910925,1,32
2021-05-18,15117.2,15120.05,15107.65,15109.4,11:55:00,15100.696170157504,1,33
2021-05-18,15120.45,15126.3,15116.3,15117.6,12:00:00,15102.57748728536,1,34
2021-05-18,15123.05,15123.7,15116.45,15120.1,12:05:00,15104.52725040104,1,35
2021-05-18,15121.6,15126.75,15118.85,15123.45,12:10:00,15106.15322655332,1,36
2021-05-18,15120.55,15124.45,15116.35,15120.5,12:15:00,15107.524347833956,1,37
2021-05-18,15112.55,15120.15,15111.45,15120.0,12:20:00,15108.002981373578,1,38
2021-05-18,15101.45,15113.25,15101.45,15113.25,12:25:00,15107.378887909428,1,39
2021-05-18,15112.35,15114.75,15098.6,15102.55,12:30:00,15107.85232715615,1,40
2021-05-18,15111.65,15114.6,15108.3,15111.8,12:35:00,15108.214010284137,1,41
2021-05-18,15110.4,15121.5,15110.1,15111.95,12:40:00,15108.422199780884,1,42
2021-05-18,15118.35,15119.45,15106.85,15111.7,12:45:00,15109.36770456366,1,43
2021-05-18,15119.4,15123.05,15115.6,15117.55,12:50:00,15110.32316127188,1,44
2021-05-18,15104.95,15120.05,15104.95,15120.05,12:55:00,15109.811431626938,1,45
2021-05-18,15106.55,15112.85,15101.2,15105.85,13:00:00,15109.50081909104,1,46
2021-05-18,15106.6,15111.45,15104.4,15107.45,13:05:00,15109.22455060618,1,47
2021-05-18,15101.2,15107.75,15087.6,15107.65,13:10:00,15108.460307691306,1,48
2021-05-18,15114.3,15114.4,15100.95,15102.25,13:15:00,15109.016468863563,1,49
2021-05-18,15113.4,15116.3,15110.65,15114.8,13:20:00,15109.433948019414,1,50
2021-05-18,15120.95,15126.8,15111.95,15113.6,13:25:00,15110.530714874709,1,51
2021-05-18,15123.15,15124.35,15116.35,15121.4,13:30:00,15111.732551553308,1,52
2021-05-18,15126.2,15128.35,15119.9,15123.4,13:35:00,15113.110403786326,1,53
2021-05-18,15132.95,15137.25,15119.25,15126.3,13:40:00,15114.99988914001,1,54
2021-05-18,15127.55,15136.85,15124.75,15134.4,13:45:00,15116.195137793344,1,55
2021-05-18,15112.55,15131.15,15109.05,15127.3,13:50:00,15115.847981813024,1,56
2021-05-18,15116.6,15117.1,15103.7,15113.8,13:55:00,15115.919602592736,1,57
2021-05-18,15112.6,15120.0,15108.55,15117.4,14:00:00,15115.603449964856,1,58
2021-05-18,15116.6,15122.45,15112.3,15112.95,14:05:00,15115.698359492011,1,59
2021-05-18,15109.35,15119.45,15107.9,15115.95,14:10:00,15115.093753826106,1,60
2021-05-18,15115.25,15118.3,15107.7,15110.2,14:15:00,15115.108634414097,1,61
2021-05-18,15105.95,15116.65,15105.75,15115.7,14:20:00,15114.236383517517,1,62
2021-05-18,15091.9,15109.8,15091.1,15107.15,14:25:00,15112.1091088968,1,63
2021-05-18,15096.4,15098.65,15074.8,15092.2,14:30:00,15110.61300328758,1,64
2021-05-18,15097.55,15101.1,15091.25,15097.9,14:35:00,15109.368907736382,1,65
2021-05-18,15102.5,15104.45,15093.05,15097.3,14:40:00,15108.714726047205,1,66
2021-05-18,15102.95,15110.4,15100.75,15103.55,14:45:00,15108.1657045189,1,67
2021-05-18,15098.85,15105.05,15096.8,15103.35,14:50:00,15107.278494564718,1,68
2021-05-18,15093.5,15101.35,15091.8,15099.1,14:55:00,15105.966256987129,1,69
2021-05-18,15107.8,15111.95,15095.05,15095.7,15:00:00,15106.14089917883,1,70
2021-05-18,15106.9,15109.6,15100.05,15108.05,15:05:00,15106.213194495132,1,71
2021-05-18,15104.6,15111.85,15104.1,15106.75,15:10:00,15106.059556924169,1,72
2021-05-18,15104.8,15109.6,15103.35,15105.2,15:15:00,15105.939599121864,1,73
2021-05-18,15113.55,15117.65,15100.35,15104.95,15:20:00,15106.664399205496,1,74
2021-05-18,15110.15,15114.0,15104.7,15113.15,15:25:00,15106.996361185924,1,75
2021-05-19,15084.5,15087.6,15049.65,15066.5,09:15:00,15102.915388635189,2,1
2021-05-19,15085.1,15092.75,15073.85,15080.9,09:20:00,15101.218684955646,2,2
2021-05-19,15103.85,15104.35,15077.8,15085.35,09:25:00,15101.46928638844,2,3
2021-05-19,15130.05,15132.7,15100.95,15102.85,09:30:00,15104.191259113351,2,4
2021-05-19,15118.4,15133.4,15115.85,15130.7,09:35:00,15105.544472531128,2,5
2021-05-19,15105.4,15118.45,15100.35,15117.2,09:40:00,15105.53071324245,2,6
2021-05-19,15112.2,15119.2,15101.95,15105.1,09:45:00,15106.165883409836,2,7
2021-05-19,15128.7,15129.45,15110.4,15111.1,09:50:00,15108.311989751755,2,8
2021-05-19,15119.65,15132.8,15119.05,15129.4,09:55:00,15109.391800251591,2,9
2021-05-19,15121.65,15124.45,15113.1,15120.55,10:00:00,15110.559247846675,2,10
2021-05-19,15118.3,15126.0,15115.1,15122.15,10:05:00,15111.29646233747,2,11
2021-05-19,15102.05,15121.1,15101.75,15118.25,10:10:00,15110.415846876758,2,12
2021-05-19,15096.6,15111.3,15093.85,15102.85,10:15:00,15109.100051936117,2,13
2021-05-19,15083.0,15096.85,15082.45,15096.55,10:20:00,15106.614332704105,2,14
2021-05-19,15093.35,15095.95,15080.85,15083.5,10:25:00,15105.351062922762,2,15
2021-05-19,15074.35,15096.55,15072.0,15094.15,10:30:00,15102.398580739642,2,16
2021-05-19,15086.4,15087.45,15069.65,15074.0,10:35:00,15100.874906383486,2,17
2021-05-19,15082.55,15091.9,15078.95,15086.65,10:40:00,15099.129677204106,2,18
2021-05-19,15087.0,15087.0,15077.1,15081.8,10:45:00,15097.974469851337,2,19
2021-05-19,15088.95,15096.45,15084.85,15086.85,10:50:00,15097.11499653216,2,20
2021-05-19,15079.95,15090.2,15079.1,15089.6,10:55:00,15095.480234957668,2,21
2021-05-19,15081.85,15082.55,15078.3,15079.8,11:00:00,15094.182117342652,2,22
2021-05-19,15087.65,15088.5,15078.9,15081.8,11:05:00,15093.560010929066,2,23
2021-05-19,15090.55,15092.8,15084.2,15088.3,11:10:00,15093.273343221535,2,24
2021-05-19,15071.05,15092.05,15069.15,15091.6,11:15:00,15091.156834343295,2,25
2021-05-19,15063.5,15072.6,15062.85,15070.95,11:20:00,15088.522850120124,2,26
2021-05-19,15071.45,15074.3,15062.65,15062.8,11:25:00,15086.8968643944,2,27
2021-05-19,15073.3,15079.75,15069.7,15071.25,11:30:00,15085.601924928264,2,28
2021-05-19,15086.7,15088.2,15072.25,15072.8,11:35:00,15085.706503506526,2,29
2021-05-19,15087.2,15087.7,15081.2,15086.05,11:40:00,15085.84874126781,2,30
2021-05-19,15082.35,15094.7,15082.35,15087.0,11:45:00,15085.515527813732,2,31
2021-05-19,15081.5,15083.4,15077.2,15082.15,11:50:00,15085.133096593378,2,32
2021-05-19,15092.0,15093.55,15081.85,15082.7,11:55:00,15085.787087394008,2,33
2021-05-19,15103.75,15104.5,15092.1,15093.35,12:00:00,15087.497840975531,2,34
2021-05-19,15110.5,15112.4,15102.6,15104.45,12:05:00,15089.688522787386,2,35
2021-05-19,15120.15,15123.4,15110.2,15110.95,12:10:00,15092.589615855257,2,36
2021-05-19,15104.2,15121.1,15103.25,15121.1,12:15:00,15093.695366726184,2,37
2021-05-19,15096.1,15104.65,15094.25,15104.45,12:20:00,15093.92437941893,2,38
2021-05-19,15102.15,15106.45,15093.2,15097.1,12:25:00,15094.70777185522,2,39
2021-05-19,15089.55,15103.1,15085.8,15103.1,12:30:00,15094.216555488058,2,40
2021-05-19,15094.5,15096.45,15083.55,15090.4,12:35:00,15094.243550203482,2,41
2021-05-19,15098.5,15100.7,15091.8,15095.6,12:40:00,15094.64892637458,2,42
2021-05-19,15098.6,15099.8,15092.45,15099.4,12:45:00,15095.025219100811,2,43
2021-05-19,15084.7,15099.35,15084.3,15099.35,12:50:00,15094.041864900732,2,44
2021-05-19,15087.65,15090.55,15083.1,15085.3,12:55:00,15093.433115862568,2,45
2021-05-19,15085.8,15091.6,15085.3,15088.8,13:00:00,15092.706152447086,2,46
2021-05-19,15084.55,15086.4,15078.7,15086.4,13:05:00,15091.929376023554,2,47
2021-05-19,15082.95,15085.35,15078.95,15084.4,13:10:00,15091.074197354645,2,48
2021-05-19,15091.5,15092.75,15081.65,15082.85,13:15:00,15091.114749987535,2,49
2021-05-19,15085.25,15092.45,15083.75,15092.45,13:20:00,15090.556202369671,2,50
2021-05-19,15069.95,15086.35,15066.1,15085.5,13:25:00,15088.593706905896,2,51
2021-05-19,15064.05,15071.6,15061.35,15071.1,13:30:00,15086.256211010095,2,52
2021-05-19,15037.2,15065.45,15031.6,15064.9,13:35:00,15081.584190913896,2,53
2021-05-19,15039.6,15049.35,15032.45,15038.8,13:40:00,15077.585696541144,2,54
2021-05-19,15038.4,15039.8,15021.8,15039.8,13:45:00,15073.853725441988,2,55
2021-05-19,15055.0,15056.6,15034.7,15038.75,13:50:00,15072.05813254275,2,56
2021-05-19,15040.55,15057.3,15040.15,15056.0,13:55:00,15069.057358014868,2,57
2021-05-19,15049.25,15054.6,15041.35,15042.05,14:00:00,15067.170942965831,2,58
2021-05-19,15047.05,15051.7,15042.15,15049.9,14:05:00,15065.254662683372,2,59
2021-05-19,15036.6,15048.35,15035.9,15047.7,14:10:00,15062.525647189716,2,60
2021-05-19,15043.6,15045.85,15035.9,15037.85,14:15:00,15060.72320460022,2,61
2021-05-19,15043.7,15047.0,15040.15,15043.7,14:20:00,15059.101947019248,2,62
2021-05-19,15038.05,15055.2,15037.45,15043.85,14:25:00,15057.09699968408,2,63
2021-05-19,15035.55,15039.35,15020.95,15037.85,14:30:00,15055.044904476072,2,64
2021-05-19,15056.5,15065.05,15035.75,15035.75,14:35:00,15055.183485002162,2,65
2021-05-19,15054.75,15062.35,15051.8,15057.45,14:40:00,15055.142200716242,2,66
2021-05-19,15055.2,15058.25,15050.2,15055.55,14:45:00,15055.147705409934,2,67
2021-05-19,15070.4,15072.4,15054.95,15055.4,14:50:00,15056.600304894702,2,68
2021-05-19,15058.1,15070.15,15057.85,15069.9,14:55:00,15056.743132999967,2,69
2021-05-19,15046.5,15059.2,15041.55,15058.05,15:00:00,15055.76759652378,2,70
2021-05-19,15044.35,15047.4,15035.55,15045.0,15:05:00,15054.680206378658,2,71
2021-05-19,15033.35,15047.85,15033.3,15043.5,15:10:00,15052.64875815212,2,72
2021-05-19,15019.85,15036.8,15019.75,15032.4,15:15:00,15049.525066899538,2,73
2021-05-19,15012.05,15027.65,15009.1,15019.4,15:20:00,15045.956012909106,2,74
2021-05-19,15019.2,15021.0,15008.85,15011.05,15:25:00,15043.407821203476,2,75
2021-05-20,15053.5,15069.8,15037.05,15049.3,09:15:00,15044.36898108886,3,1
2021-05-20,15046.65,15062.15,15033.1,15052.95,09:20:00,15044.586220985158,3,2
2021-05-20,14979.1,15048.0,14977.6,15046.8,09:25:00,15038.34943803419,3,3
2021-05-20,14965.85,14988.25,14960.5,14977.5,09:30:00,15031.444729649982,3,4
2021-05-20,14987.45,14991.35,14961.7,14964.95,09:35:00,15027.254755397604,3,5
2021-05-20,15005.25,15006.45,14987.0,14988.65,09:40:00,15025.159064407357,3,6
2021-05-20,15002.8,15012.75,14994.5,15005.55,09:45:00,15023.029629701894,3,7
2021-05-20,15009.15,15009.25,14991.0,15002.55,09:50:00,15021.707760206476,3,8
2021-05-20,15011.8,15016.6,15004.45,15008.85,09:55:00,15020.764163996331,3,9
2021-05-20,15011.05,15015.15,14999.3,15012.0,10:00:00,15019.839005520493,3,10
2021-05-20,15021.75,15022.35,15010.85,15011.9,10:05:00,15020.02100499473,3,11
2021-05-20,15024.85,15025.1,15013.8,15022.65,10:10:00,15020.480909280948,3,12
2021-05-20,15026.5,15032.7,15016.85,15025.35,10:15:00,15021.054156016096,3,13
2021-05-20,15023.35,15030.3,15019.55,15026.3,10:20:00,15021.272807824089,3,14
2021-05-20,15013.1,15023.1,15008.1,15023.0,10:25:00,15020.494445174176,3,15
2021-05-20,14990.95,15014.75,14990.95,15012.4,10:30:00,15017.680688490922,3,16
2021-05-20,14997.45,15000.65,14988.6,14990.85,10:35:00,15015.753956253691,3,17
2021-05-20,15000.5,15003.3,14993.25,14996.95,10:40:00,15014.301198515244,3,18
2021-05-20,15000.1,15002.3,14995.1,15001.0,10:45:00,15012.948703418557,3,19
2021-05-20,15003.7,15007.95,14999.8,14999.95,10:50:00,15012.067874521548,3,20
2021-05-20,15008.15,15010.55,14999.7,15003.3,10:55:00,15011.694743614737,3,21
2021-05-20,15013.5,15016.45,15006.25,15008.6,11:00:00,15011.866672794284,3,22
2021-05-20,15015.05,15018.6,15010.5,15013.2,11:05:00,15012.169846813877,3,23
2021-05-20,15013.2,15017.15,15010.65,15015.15,11:10:00,15012.267956641128,3,24
2021-05-20,15001.05,15013.85,14998.2,15013.15,11:15:00,15011.199579818163,3,25
2021-05-20,14997.7,15003.2,14995.3,15000.8,11:20:00,15009.913905549767,3,26
2021-05-20,14997.95,15001.8,14992.75,14998.0,11:25:00,15008.7744859736,3,27
2021-05-20,15004.0,15005.75,14998.75,14998.75,11:30:00,15008.319773023732,3,28
2021-05-20,15010.5,15013.25,15001.9,15003.75,11:35:00,15008.527413688138,3,29
2021-05-20,15013.9,15019.05,15011.0,15011.45,11:40:00,15009.039088574982,3,30
2021-05-20,15014.4,15016.4,15010.2,15014.25,11:45:00,15009.549651567842,3,31
2021-05-20,15012.5,15020.95,15011.85,15014.05,11:50:00,15009.830637132807,3,32
2021-05-20,15003.4,15013.15,15002.55,15012.2,11:55:00,15009.218195501113,3,33
2021-05-20,15009.8,15010.4,15000.75,15004.1,12:00:00,15009.273605453389,3,34
2021-05-20,15003.4,15010.2,15002.5,15010.0,12:05:00,15008.714214457828,3,35
2021-05-20,15011.05,15011.75,15001.95,15002.65,12:10:00,15008.936670223748,3,36
2021-05-20,14997.6,15012.05,14996.1,15012.05,12:15:00,15007.856987345296,3,37
2021-05-20,14992.1,14998.25,14987.9,14997.8,12:20:00,15006.35632188384,3,38
2021-05-20,14984.65,14993.0,14981.85,14991.85,12:25:00,15004.289053132998,3,39
2021-05-20,14993.95,14995.2,14980.7,14985.1,12:30:00,15003.304381406046,3,40
2021-05-20,14992.45,14999.65,14991.8,14994.3,12:35:00,15002.270630795949,3,41
2021-05-20,14993.55,14994.25,14988.5,14992.05,12:40:00,15001.440094529667,3,42
2021-05-20,15003.8,15005.3,14993.65,14993.95,12:45:00,15001.664847431604,3,43
2021-05-20,14999.05,15004.85,14998.35,15004.85,12:50:00,15001.41581434288,3,44
2021-05-20,14991.5,14999.75,14991.0,14999.45,12:55:00,15000.47145107213,3,45
2021-05-20,14997.75,14998.45,14990.15,14992.15,13:00:00,15000.212265255735,3,46
2021-05-20,14997.05,15001.3,14995.6,14998.3,13:05:00,14999.911097136142,3,47
2021-05-20,14987.6,14998.15,14984.1,14996.85,13:10:00,14998.738611694604,3,48
2021-05-20,14984.5,14991.15,14980.3,14987.2,13:15:00,14997.382553437978,3,49
2021-05-20,14988.1,14990.2,14984.4,14985.35,13:20:00,14996.498500729598,3,50
2021-05-20,14985.15,14989.25,14980.0,14988.9,13:25:00,14995.417691136305,3,51
2021-05-20,14977.75,14983.25,14970.05,14983.2,13:30:00,14993.735053885228,3,52
2021-05-20,14984.85,14994.2,14976.85,14977.85,13:35:00,14992.88885827711,3,53
2021-05-20,14989.75,14990.25,14984.05,14985.2,13:40:00,14992.589919393577,3,54
2021-05-20,14989.65,14997.8,14988.35,14990.1,13:45:00,14992.30992707038,3,55
2021-05-20,14986.5,14990.8,14985.65,14990.8,13:50:00,14991.756600682724,3,56
2021-05-20,14982.4,14988.3,14980.85,14986.65,13:55:00,14990.865495855798,3,57
2021-05-20,14992.3,15001.35,14977.7,14983.2,14:00:00,14991.002115298104,3,58
2021-05-20,14980.8,14993.4,14979.15,14992.05,14:05:00,14990.030485269714,3,59
2021-05-20,14968.85,14981.25,14963.55,14981.0,14:10:00,14988.013296196408,3,60
2021-05-20,14959.15,14969.4,14955.2,14969.4,14:15:00,14985.26441084437,3,61
2021-05-20,14956.5,14961.25,14952.15,14959.75,14:20:00,14982.524943144905,3,62
2021-05-20,14952.75,14957.85,14948.9,14955.9,14:25:00,14979.689234273965,3,63
2021-05-20,14931.45,14953.85,14927.1,14953.75,14:30:00,14975.095021485966,3,64
2021-05-20,14928.7,14943.15,14926.95,14932.6,14:35:00,14970.676448011112,3,65
2021-05-20,14942.05,14943.3,14926.25,14928.95,14:40:00,14967.9501196291,3,66
2021-05-20,14915.15,14942.6,14914.0,14942.6,14:45:00,14962.921536807282,3,67
2021-05-20,14899.05,14915.35,14897.65,14915.35,14:50:00,14956.838533301829,3,68
2021-05-20,14904.2,14907.55,14893.2,14898.1,14:55:00,14951.825339654037,3,69
2021-05-20,14897.3,14912.05,14884.9,14905.5,15:00:00,14946.632450163172,3,70
2021-05-20,14903.95,14906.9,14897.0,14898.3,15:05:00,14942.567454909537,3,71
2021-05-20,14906.45,14914.5,14903.4,14904.1,15:10:00,14939.127697299104,3,72
2021-05-20,14906.75,14907.4,14898.6,14906.35,15:15:00,14936.044107080144,3,73
2021-05-20,14919.9,14923.8,14903.55,14906.65,15:20:00,14934.506573072513,3,74
2021-05-20,14920.65,14921.95,14912.15,14919.85,15:25:00,14933.186899446557,3,75
2021-05-21,15010.85,15026.65,14987.55,15002.15,09:15:00,14940.583385213553,4,1
2021-05-21,14992.1,15017.55,14989.15,15011.7,09:20:00,14945.489729478926,4,2
2021-05-21,15017.45,15023.4,14985.85,14993.9,09:25:00,14952.343088576172,4,3
2021-05-21,15022.3,15029.8,15016.2,15017.95,09:30:00,14959.005651568918,4,4
2021-05-21,15033.9,15036.35,15022.15,15022.7,09:35:00,14966.138446657593,4,5
2021-05-21,15040.65,15041.5,15027.65,15033.0,09:40:00,14973.234785071152,4,6
2021-05-21,15056.6,15056.95,15040.55,15040.55,09:45:00,14981.174329350091,4,7
2021-05-21,15058.3,15069.25,15051.7,15058.15,09:50:00,14988.519631316747,4,8
2021-05-21,15065.15,15068.85,15058.45,15058.65,09:55:00,14995.817761667537,4,9
2021-05-21,15072.4,15075.25,15051.15,15065.35,10:00:00,15003.111308175388,4,10
2021-05-21,15061.75,15076.6,15060.35,15072.7,10:05:00,15008.695945492018,4,11
2021-05-21,15059.8,15065.05,15054.65,15061.3,10:10:00,15013.5629983023,4,12
2021-05-21,15081.0,15084.15,15059.55,15059.65,10:15:00,15019.985569892557,4,13
2021-05-21,15075.35,15082.15,15069.8,15082.15,10:20:00,15025.258372759932,4,14
2021-05-21,15079.2,15079.55,15069.2,15075.2,10:25:00,15030.39567059232,4,15
2021-05-21,15082.55,15089.4,15079.1,15079.1,10:30:00,15035.362749583526,4,16
2021-05-21,15096.15,15096.85,15076.6,15083.35,10:35:00,15041.152011527953,4,17
2021-05-21,15086.05,15097.15,15085.55,15095.85,10:40:00,15045.428010430052,4,18
2021-05-21,15091.0,15091.0,15081.1,15086.6,10:45:00,15049.768199912904,4,19
2021-05-21,15094.25,15101.45,15090.7,15091.2,10:50:00,15054.00456182596,4,20
2021-05-21,15098.5,15102.75,15090.2,15094.05,10:55:00,15058.242222604442,4,21
2021-05-21,15097.6,15098.75,15089.5,15098.25,11:00:00,15061.9905823564,4,22
2021-05-21,15101.75,15103.1,15092.75,15096.85,11:05:00,15065.777193560552,4,23
2021-05-21,15096.05,15102.3,15092.85,15102.2,11:10:00,15068.660317983358,4,24
2021-05-21,15104.95,15107.7,15094.25,15095.5,11:15:00,15072.11647817542,4,25
2021-05-21,15096.9,15104.7,15090.9,15104.5,11:20:00,15074.476813587284,4,26
2021-05-21,15101.1,15103.15,15096.9,15097.2,11:25:00,15077.0123551504,4,27
2021-05-21,15114.05,15117.7,15101.15,15101.15,11:30:00,15080.53974989798,4,28
2021-05-21,15116.5,15117.05,15111.9,15113.7,11:35:00,15083.96453562198,4,29
2021-05-21,15116.9,15118.8,15113.55,15115.85,11:40:00,15087.101246515129,4,30
2021-05-21,15107.05,15118.85,15106.75,15116.8,11:45:00,15089.0011277994,4,31
2021-05-21,15109.1,15109.75,15102.7,15106.5,11:50:00,15090.91530610422,4,32
2021-05-21,15098.95,15110.35,15098.9,15109.5,11:55:00,15091.680515046675,4,33
2021-05-21,15092.85,15101.0,15092.1,15099.35,12:00:00,15091.79189456604,4,34
2021-05-21,15089.3,15094.95,15083.45,15092.3,12:05:00,15091.554571274037,4,35
2021-05-21,15092.95,15096.1,15086.7,15089.6,12:10:00,15091.687469247936,4,36
2021-05-21,15095.25,15101.8,15091.4,15092.55,12:15:00,15092.02675789099,4,37
2021-05-21,15102.55,15104.65,15094.35,15095.7,12:20:00,15093.02897142518,4,38
2021-05-21,15100.1,15105.6,15096.9,15102.8,12:25:00,15093.70240271802,4,39
2021-05-21,15101.35,15105.05,15093.35,15100.7,12:30:00,15094.430745316306,4,40
2021-05-21,15097.15,15101.9,15094.85,15101.25,12:35:00,15094.689721952847,4,41
2021-05-21,15087.7,15099.8,15087.1,15097.2,12:40:00,15094.024034147811,4,42
2021-05-21,15093.65,15098.0,15087.75,15087.75,12:45:00,15093.988411848022,4,43
2021-05-21,15091.9,15097.35,15086.65,15093.5,12:50:00,15093.789515481543,4,44
2021-05-21,15095.05,15096.35,15088.55,15091.75,12:55:00,15093.90956162616,4,45
2021-05-21,15088.05,15096.55,15087.6,15096.05,13:00:00,15093.351508137956,4,46
2021-05-21,15089.3,15089.9,15083.2,15087.8,13:05:00,15092.965650220056,4,47
2021-05-21,15082.05,15090.85,15078.15,15090.85,13:10:00,15091.926064484813,4,48
2021-05-21,15085.05,15091.9,15076.1,15082.9,13:15:00,15091.271201200543,4,49
2021-05-21,15094.1,15094.95,15084.4,15084.9,13:20:00,15091.540610610016,4,50
2021-05-21,15105.15,15105.35,15093.75,15093.9,13:25:00,15092.836742932872,4,51
2021-05-21,15107.2,15111.2,15104.6,15105.8,13:30:00,15094.20467217736,4,52
2021-05-21,15100.05,15108.15,15098.35,15106.9,13:35:00,15094.761370065233,4,53
2021-05-21,15103.4,15104.55,15096.95,15100.4,13:40:00,15095.584096725685,4,54
2021-05-21,15099.7,15105.25,15084.6,15104.05,13:45:00,15095.976087513714,4,55
2021-05-21,15091.45,15100.5,15087.65,15099.9,13:50:00,15095.545031560026,4,56
2021-05-21,15101.05,15102.25,15088.2,15091.35,13:55:00,15096.069314268596,4,57
2021-05-21,15100.5,15108.7,15099.0,15101.7,14:00:00,15096.491284338254,4,58
2021-05-21,15099.2,15105.45,15098.0,15101.55,14:05:00,15096.74925725842,4,59
2021-05-21,15117.3,15117.7,15093.35,15098.05,14:10:00,15098.706470852856,4,60
2021-05-21,15121.25,15126.15,15117.95,15119.15,14:15:00,15100.853473628777,4,61
2021-05-21,15128.15,15133.1,15121.2,15121.2,14:20:00,15103.453142806986,4,62
2021-05-21,15137.6,15138.65,15121.35,15128.0,14:25:00,15106.705224444417,4,63
2021-05-21,15157.3,15160.0,15135.95,15139.35,14:30:00,15111.523774497327,4,64
2021-05-21,15154.9,15162.15,15150.85,15158.6,14:35:00,15115.65484359282,4,65
2021-05-21,15159.85,15167.2,15149.75,15154.55,14:40:00,15119.863906107788,4,66
2021-05-21,15169.75,15174.95,15160.4,15161.1,14:45:00,15124.614962668951,4,67
2021-05-21,15165.0,15171.3,15163.35,15171.3,14:50:00,15128.46115670048,4,68
2021-05-21,15168.5,15171.65,15163.2,15166.45,14:55:00,15132.274379871862,4,69
2021-05-21,15162.5,15169.65,15155.2,15169.35,15:00:00,15135.153010360256,4,70
2021-05-21,15170.0,15171.3,15158.55,15161.4,15:05:00,15138.471771278328,4,71
2021-05-21,15182.5,15183.85,15169.25,15169.25,15:10:00,15142.664935918488,4,72
2021-05-21,15177.85,15183.95,15173.95,15182.6,15:15:00,15146.015894402442,4,73
2021-05-21,15180.25,15190.0,15175.0,15177.35,15:20:00,15149.276285411734,4,74
2021-05-21,15183.1,15184.4,15174.7,15178.45,15:25:00,15152.497591562997,4,75
2021-05-24,15241.6,15243.3,15193.45,15221.65,09:15:00,15160.983535223664,0,1
2021-05-24,15247.35,15251.9,15235.9,15237.5,09:20:00,15169.20891282141,0,2
2021-05-24,15214.65,15249.05,15213.55,15248.25,09:25:00,15173.536635409848,0,3
2021-05-24,15212.8,15226.15,15183.0,15215.25,09:30:00,15177.276003466051,0,4
2021-05-24,15226.85,15230.2,15208.35,15212.4,09:35:00,15181.997336469283,0,5
2021-05-24,15205.2,15231.6,15204.65,15228.3,09:40:00,15184.2071139484,0,6
2021-05-24,15193.6,15210.15,15191.6,15206.5,09:45:00,15185.101674524743,0,7
2021-05-24,15195.6,15203.65,15190.25,15193.7,09:50:00,15186.101515046195,0,8
2021-05-24,15173.8,15202.0,15173.6,15195.0,09:55:00,15184.929942184655,0,9
2021-05-24,15149.55,15178.7,15145.45,15172.1,10:00:00,15181.560423881354,0,10
2021-05-24,15173.5,15188.2,15149.5,15150.4,10:05:00,15180.792764464082,0,11
2021-05-24,15187.3,15196.35,15172.0,15173.85,10:10:00,15181.412501181789,0,12
2021-05-24,15203.7,15205.45,15187.1,15187.1,10:15:00,15183.535120116858,0,13
2021-05-24,15214.25,15217.35,15203.1,15203.75,10:20:00,15186.460346772395,0,14
2021-05-24,15207.6,15216.9,15200.95,15214.85,10:25:00,15188.473647079789,0,15
2021-05-24,15213.1,15219.15,15206.95,15207.55,10:30:00,15190.81901402457,0,16
2021-05-24,15216.6,15220.95,15212.5,15212.85,10:35:00,15193.27434602223,0,17
2021-05-24,15203.5,15216.15,15203.2,15215.5,10:40:00,15194.248217829638,0,18
2021-05-24,15205.7,15211.1,15199.5,15203.35,10:45:00,15195.338863750623,0,19
2021-05-24,15218.35,15220.9,15204.5,15204.95,10:50:00,15197.53040053628,0,20
2021-05-24,15220.05,15223.8,15214.2,15218.5,10:55:00,15199.675124294728,0,21
2021-05-24,15217.5,15220.65,15206.75,15220.65,11:00:00,15201.372731504754,0,22
2021-05-24,15223.3,15224.2,15216.0,15216.8,11:05:00,15203.461042790015,0,23
2021-05-24,15218.5,15227.3,15216.35,15223.0,11:10:00,15204.893324429064,0,24
2021-05-24,15225.6,15229.8,15217.85,15218.15,11:15:00,15206.865388769153,0,25
2021-05-24,15225.65,15225.9,15215.8,15224.3,11:20:00,15208.654399362566,0,26
2021-05-24,15222.4,15228.75,15220.9,15226.7,11:25:00,15209.963504185178,0,27
2021-05-24,15214.45,15226.0,15214.45,15222.8,11:30:00,15210.390789500876,0,28
2021-05-24,15220.85,15221.85,15209.3,15214.7,11:35:00,15211.386904786506,0,29
2021-05-24,15220.45,15221.45,15216.95,15220.25,11:40:00,15212.2500567116,0,30
2021-05-24,15218.8,15226.05,15218.75,15220.8,11:45:00,15212.873860834305,0,31
2021-05-24,15214.1,15220.9,15213.95,15219.85,11:50:00,15212.990635992945,0,32
2021-05-24,15206.15,15213.6,15201.75,15213.6,11:55:00,15212.339146850758,0,33
2021-05-24,15209.45,15214.05,15205.5,15207.0,12:00:00,15212.063990007828,0,34
2021-05-24,15215.4,15215.4,15204.05,15209.35,12:05:00,15212.381705245178,0,35
2021-05-24,15213.7,15216.25,15207.25,15215.95,12:10:00,15212.507257126588,0,36
2021-05-24,15204.95,15214.0,15204.4,15213.85,12:15:00,15211.787518352628,0,37
2021-05-24,15206.45,15209.25,15197.3,15205.45,12:20:00,15211.279183271428,0,38
2021-05-24,15211.05,15213.6,15205.8,15206.35,12:25:00,15211.257356293196,0,39
2021-05-24,15207.4,15214.55,15207.15,15211.7,12:30:00,15210.88998902718,0,40
2021-05-24,15205.15,15211.35,15199.7,15208.45,12:35:00,15210.343323405545,0,41
2021-05-24,15192.05,15205.65,15183.9,15205.0,12:40:00,15208.601102128823,0,42
2021-05-24,15195.9,15202.55,15191.3,15191.35,12:45:00,15207.391473354652,0,43
2021-05-24,15191.05,15196.65,15180.4,15196.25,12:50:00,15205.83514255897,0,44
2021-05-24,15188.2,15196.55,15184.8,15191.35,12:55:00,15204.155605172402,0,45
2021-05-24,15213.0,15214.9,15188.2,15188.45,13:00:00,15204.997928489316,0,46
2021-05-24,15222.35,15224.0,15204.3,15213.65,13:05:00,15206.650506728429,0,47
2021-05-24,15219.4,15228.25,15216.6,15222.1,13:10:00,15207.864744182863,0,48
2021-05-24,15213.1,15220.6,15212.2,15220.2,13:15:00,15208.363339974974,0,49
2021-05-24,15212.6,15218.15,15209.55,15214.35,13:20:00,15208.76683140593,0,50
2021-05-24,15211.5,15216.25,15210.15,15212.85,13:25:00,15209.027133176794,0,51
2021-05-24,15215.05,15217.55,15208.45,15212.0,13:30:00,15209.600739540909,0,52
2021-05-24,15199.0,15215.75,15197.15,15215.75,13:35:00,15208.591145298917,0,53
2021-05-24,15202.85,15204.2,15193.85,15198.7,13:40:00,15208.044369556164,0,54
2021-05-24,15205.4,15208.75,15199.9,15202.25,13:45:00,15207.792524836528,0,55
2021-05-24,15195.8,15206.0,15189.45,15206.0,13:50:00,15206.650379614002,0,56
2021-05-24,15211.0,15211.0,15188.95,15195.6,13:55:00,15207.064629174572,0,57
2021-05-24,15196.75,15216.35,15196.6,15212.3,14:00:00,15206.0822835389,0,58
2021-05-24,15202.5,15202.85,15192.05,15197.5,14:05:00,15205.741113678052,0,59
2021-05-24,15204.95,15208.8,15197.5,15203.0,14:10:00,15205.665769518238,0,60
2021-05-24,15208.05,15210.05,15202.85,15205.25,14:15:00,15205.89283908793,0,61
2021-05-24,15205.0,15208.5,15193.0,15207.8,14:20:00,15205.807806793842,0,62
2021-05-24,15200.6,15207.0,15198.75,15205.25,14:25:00,15205.311825194429,0,63
2021-05-24,15206.1,15207.55,15200.55,15201.45,14:30:00,15205.386889461626,0,64
2021-05-24,15233.45,15233.7,15203.65,15207.05,14:35:00,15208.059566655756,0,65
2021-05-24,15232.75,15238.9,15229.9,15233.6,14:40:00,15210.411036498066,0,66
2021-05-24,15243.5,15252.4,15232.85,15232.85,14:45:00,15213.562366355392,0,67
2021-05-24,15252.9,15256.25,15241.75,15245.0,14:50:00,15217.30880765488,0,68
2021-05-24,15243.75,15252.8,15238.7,15252.5,14:55:00,15219.827016449652,0,69
2021-05-24,15217.15,15246.2,15212.5,15243.9,15:00:00,15219.572062502066,0,70
2021-05-24,15206.85,15217.95,15190.85,15216.15,15:05:00,15218.36043750187,0,71
2021-05-24,15203.2,15208.0,15194.8,15206.8,15:10:00,15216.916586311214,0,72
2021-05-24,15191.2,15202.95,15182.05,15202.95,15:15:00,15214.467387614908,0,73
2021-05-24,15183.65,15201.1,15176.55,15191.7,15:20:00,15211.53239831825,0,74
2021-05-24,15184.35,15184.4,15171.45,15183.25,15:25:00,15208.943598478416,0,75
2021-05-25,15269.1,15293.85,15260.1,15293.85,09:15:00,15214.67277957571,1,1
2021-05-25,15271.3,15278.1,15258.8,15267.8,09:20:00,15220.065848187549,1,2
2021-05-25,15273.7,15284.95,15267.7,15271.2,09:25:00,15225.173862645875,1,3
2021-05-25,15268.15,15282.55,15262.5,15273.05,09:30:00,15229.266828108171,1,4
2021-05-25,15275.05,15283.1,15261.5,15268.55,09:35:00,15233.627130193108,1,5
2021-05-25,15264.05,15275.45,15257.55,15274.75,09:40:00,15236.524546365194,1,6
2021-05-25,15254.05,15264.8,15251.05,15263.8,09:45:00,15238.193637187556,1,7
2021-05-25,15250.5,15263.35,15247.05,15253.5,09:50:00,15239.36567174112,1,8
2021-05-25,15258.8,15259.15,15248.95,15249.8,09:55:00,15241.21656014673,1,9
2021-05-25,15267.2,15269.2,15258.85,15259.75,10:00:00,15243.691173466088,1,10
2021-05-25,15263.8,15267.75,15260.4,15267.05,10:05:00,15245.60629980265,1,11
2021-05-25,15261.0,15266.85,15259.45,15263.25,10:10:00,15247.072366488112,1,12
2021-05-25,15253.75,15266.9,15249.45,15261.8,10:15:00,15247.708331584485,1,13
2021-05-25,15258.65,15259.65,15250.8,15253.8,10:20:00,15248.750395243103,1,14
2021-05-25,15273.5,15274.75,15258.9,15259.4,10:25:00,15251.107500458049,1,15
2021-05-25,15267.1,15276.3,15265.6,15274.4,10:30:00,15252.63059565252,1,16
2021-05-25,15261.65,15273.15,15261.1,15267.3,10:35:00,15253.489586542755,1,17
2021-05-25,15259.65,15265.9,15258.1,15261.15,10:40:00,15254.076292586302,1,18
2021-05-25,15241.5,15259.55,15239.85,15259.55,10:45:00,15252.878550435227,1,19
2021-05-25,15252.3,15254.35,15239.25,15242.05,10:50:00,15252.823450393778,1,20
2021-05-25,15255.25,15260.3,15251.65,15251.95,10:55:00,15253.054550356275,1,21
2021-05-25,15248.7,15256.7,15245.9,15255.7,11:00:00,15252.639831274726,1,22
2021-05-25,15245.95,15250.65,15244.15,15248.75,11:05:00,15252.002704486657,1,23
2021-05-25,15236.75,15246.35,15234.3,15246.15,11:10:00,15250.550065964118,1,24
2021-05-25,15243.9,15244.8,15223.05,15236.85,11:15:00,15249.916726348489,1,25
2021-05-25,15241.75,15244.3,15233.8,15244.1,11:20:00,15249.138942886726,1,26
2021-05-25,15248.9,15251.4,15237.55,15241.85,11:25:00,15249.116186421325,1,27
2021-05-25,15253.15,15256.65,15246.6,15249.9,11:30:00,15249.5003591431,1,28
2021-05-25,15249.85,15255.1,15249.15,15252.35,11:35:00,15249.53365827233,1,29
2021-05-25,15258.3,15259.65,15249.35,15249.9,11:40:00,15250.36854796068,1,30
2021-05-25,15256.4,15264.15,15255.35,15258.15,11:45:00,15250.942971964423,1,31
2021-05-25,15251.0,15258.4,15246.75,15256.8,11:50:00,15250.948403205908,1,32
2021-05-25,15246.8,15253.45,15246.15,15252.05,11:55:00,15250.5533171863,1,33
2021-05-25,15255.05,15256.45,15245.0,15247.1,12:00:00,15250.981572692366,1,34
2021-05-25,15242.65,15258.6,15242.65,15255.55,12:05:00,15250.188089578807,1,35
2021-05-25,15250.4,15251.2,15241.3,15243.6,12:10:00,15250.208271523685,1,36
2021-05-25,15250.4,15257.55,15249.95,15250.15,12:15:00,15250.22653137857,1,37
2021-05-25,15248.6,15253.2,15246.85,15250.7,12:20:00,15250.07162362823,1,38
2021-05-25,15250.65,15252.35,15245.85,15248.65,12:25:00,15250.126707092208,1,39
2021-05-25,15255.95,15256.25,15246.65,15251.2,12:30:00,15250.68130641676,1,40
2021-05-25,15252.1,15260.05,15250.65,15255.7,12:35:00,15250.816420091354,1,41
2021-05-25,15249.0,15253.45,15247.95,15252.45,12:40:00,15250.643427701702,1,42
2021-05-25,15245.95,15253.25,15245.95,15249.15,12:45:00,15250.196434587257,1,43
2021-05-25,15247.5,15250.05,15245.2,15245.5,12:50:00,15249.93963129323,1,44
2021-05-25,15236.3,15248.55,15236.2,15247.25,12:55:00,15248.640618789112,1,45
2021-05-25,15242.45,15244.35,15230.75,15236.95,13:00:00,15248.05103604729,1,46
2021-05-25,15236.8,15247.05,15236.0,15242.3,13:05:00,15246.979508804692,1,47
2021-05-25,15243.4,15245.75,15232.7,15237.5,13:10:00,15246.638603204245,1,48
2021-05-25,15233.2,15243.9,15233.2,15243.35,13:15:00,15245.35873623241,1,49
2021-05-25,15235.5,15237.7,15228.2,15233.5,13:20:00,15244.41980897218,1,50
2021-05-25,15216.75,15235.55,15207.05,15235.55,13:25:00,15241.78458907007,1,51
2021-05-25,15215.5,15224.8,15208.9,15216.55,13:30:00,15239.28129487292,1,52
2021-05-25,15212.9,15217.75,15209.5,15215.25,13:35:00,15236.76879059931,1,53
2021-05-25,15198.9,15224.5,15197.1,15212.15,13:40:00,15233.16223911366,1,54
2021-05-25,15200.4,15207.75,15189.85,15195.95,13:45:00,15230.04202586474,1,55
2021-05-25,15200.8,15202.45,15187.2,15200.1,13:50:00,15227.257071020478,1,56
2021-05-25,15207.9,15212.9,15201.3,15201.3,13:55:00,15225.4135404471,1,57
2021-05-25,15193.0,15211.9,15189.65,15208.5,14:00:00,15222.326536594996,1,58
2021-05-25,15199.4,15204.35,15192.15,15192.5,14:05:00,15220.143056919282,1,59
2021-05-25,15176.5,15199.3,15172.45,15199.1,14:10:00,15215.98657530792,1,60
2021-05-25,15174.8,15187.0,15170.45,15176.15,14:15:00,15212.064044326216,1,61
2021-05-25,15167.2,15182.65,15167.2,15175.75,14:20:00,15207.79127819991,1,62
2021-05-25,15176.4,15178.4,15163.4,15166.8,14:25:00,15204.80163265706,1,63
2021-05-25,15212.1,15213.6,15173.85,15178.15,14:30:00,15205.49671526115,1,64
2021-05-25,15215.3,15217.9,15205.65,15212.8,14:35:00,15206.430361426756,1,65
2021-05-25,15203.7,15222.4,15202.9,15215.95,14:40:00,15206.17032700516,1,66
2021-05-25,15209.35,15213.35,15203.85,15203.85,14:45:00,15206.473153004668,1,67
2021-05-25,15188.65,15211.1,15186.55,15208.9,14:50:00,15204.775709861366,1,68
2021-05-25,15195.7,15198.9,15186.7,15188.3,14:55:00,15203.911356541235,1,69
2021-05-25,15210.6,15210.6,15196.8,15196.8,15:00:00,15204.548370203976,1,70
2021-05-25,15202.7,15214.65,15199.15,15211.05,15:05:00,15204.372334946453,1,71
2021-05-25,15200.7,15205.95,15194.4,15202.55,15:10:00,15204.022588761076,1,72
2021-05-25,15205.95,15207.15,15200.55,15202.6,15:15:00,15204.206151736213,1,73
2021-05-25,15221.5,15222.65,15206.55,15206.55,15:20:00,15205.853184904192,1,74
2021-05-25,15219.75,15222.3,15217.0,15221.7,15:25:00,15207.176691103792,1,75
2021-05-26,15214.7,15258.6,15213.2,15258.6,09:15:00,15207.893196712954,2,1
2021-05-26,15214.65,15224.75,15194.95,15214.4,09:20:00,15208.53670178791,2,2
2021-05-26,15214.7,15225.95,15213.9,15214.0,09:25:00,15209.123682570014,2,3
2021-05-26,15215.45,15223.0,15210.05,15214.75,09:30:00,15209.72618899192,2,4
2021-05-26,15213.15,15222.4,15209.25,15214.95,09:35:00,15210.052266230785,2,5
2021-05-26,15214.75,15219.4,15202.95,15212.95,09:40:00,15210.4996694469,2,6
2021-05-26,15222.55,15223.65,15214.2,15214.2,09:45:00,15211.647319975767,2,7
2021-05-26,15227.5,15234.2,15222.8,15222.8,09:50:00,15213.157099025697,2,8
2021-05-26,15240.1,15241.75,15226.8,15227.4,09:55:00,15215.723089594678,2,9
2021-05-26,15243.75,15246.3,15237.1,15240.15,10:00:00,15218.392319157088,2,10
2021-05-26,15245.65,15249.1,15241.05,15243.85,10:05:00,15220.988288761177,2,11
2021-05-26,15241.8,15246.2,15235.65,15245.15,10:10:00,15222.970356498208,2,12
2021-05-26,15245.05,15246.9,15238.0,15242.4,10:15:00,15225.073179688854,2,13
2021-05-26,15261.6,15263.45,15243.75,15244.95,10:20:00,15228.551924480393,2,14
2021-05-26,15269.4,15272.2,15260.9,15260.9,10:25:00,15232.442217387024,2,15
2021-05-26,15268.4,15276.75,15264.8,15269.7,10:30:00,15235.866768112068,2,16
2021-05-26,15281.1,15281.1,15263.05,15267.95,10:35:00,15240.174694958538,2,17
2021-05-26,15280.2,15291.15,15280.2,15283.75,10:40:00,15243.98662877201,2,18
2021-05-26,15271.6,15280.45,15270.45,15279.55,10:45:00,15246.616473650864,2,19
2021-05-26,15283.95,15289.2,15270.7,15270.7,10:50:00,15250.172047588878,2,20
2021-05-26,15292.55,15293.2,15284.0,15284.35,10:55:00,15254.208043056604,2,21
2021-05-26,15301.85,15302.65,15290.4,15294.55,11:00:00,15258.745372289308,2,22
2021-05-26,15296.5,15302.25,15290.35,15300.75,11:05:00,15262.341051118898,2,23
2021-05-26,15301.25,15301.5,15293.15,15295.6,11:10:00,15266.04666529805,2,24
2021-05-26,15296.75,15302.85,15293.05,15300.85,11:15:00,15268.970792412523,2,25
2021-05-26,15295.75,15304.75,15289.75,15296.4,11:20:00,15271.52119313514,2,26
2021-05-26,15288.2,15300.2,15287.9,15295.85,11:25:00,15273.109650931794,2,27
2021-05-26,15291.15,15295.1,15280.2,15289.3,11:30:00,15274.82777941448,2,28
2021-05-26,15291.0,15294.7,15281.9,15290.6,11:35:00,15276.367990898814,2,29
2021-05-26,15283.75,15292.15,15283.05,15291.8,11:40:00,15277.071039384642,2,30
2021-05-26,15274.15,15286.5,15272.5,15283.55,11:45:00,15276.792845157532,2,31
2021-05-26,15277.45,15278.1,15269.2,15274.7,11:50:00,15276.855431333004,2,32
2021-05-26,15284.2,15286.7,15276.0,15277.5,11:55:00,15277.554914063194,2,33
2021-05-26,15291.1,15291.65,15284.45,15284.45,12:00:00,15278.84492224765,2,34
2021-05-26,15294.55,15299.3,15289.5,15291.05,12:05:00,15280.34064393835,2,35
2021-05-26,15297.35,15299.5,15291.65,15294.4,12:10:00,15281.96058261089,2,36
2021-05-26,15293.55,15300.6,15293.25,15297.05,12:15:00,15283.064336647947,2,37
2021-05-26,15301.05,15302.75,15290.4,15293.6,12:20:00,15284.77725696719,2,38
2021-05-26,15307.95,15309.95,15295.55,15301.3,12:25:00,15286.984184875077,2,39
2021-05-26,15306.35,15310.15,15302.8,15307.55,12:30:00,15288.828548220308,2,40
2021-05-26,15301.2,15313.5,15301.2,15306.5,12:35:00,15290.006781723136,2,41
2021-05-26,15296.4,15305.7,15296.4,15300.9,12:40:00,15290.615659654264,2,42
2021-05-26,15291.7,15298.8,15290.55,15297.55,12:45:00,15290.718930163384,2,43
2021-05-26,15296.2,15297.6,15286.35,15291.3,12:50:00,15291.240936814487,2,44
2021-05-26,15293.95,15299.6,15292.65,15295.75,12:55:00,15291.498942832157,2,45
2021-05-26,15292.0,15294.05,15286.55,15294.05,13:00:00,15291.546662562429,2,46
2021-05-26,15288.9,15296.45,15285.55,15291.5,13:05:00,15291.294599461246,2,47
2021-05-26,15289.55,15293.3,15284.9,15288.55,13:10:00,15291.128447131605,2,48
2021-05-26,15295.7,15297.85,15288.0,15289.6,13:15:00,15291.56383311907,2,49
2021-05-26,15297.75,15298.5,15292.4,15295.1,13:20:00,15292.152991869634,2,50
2021-05-26,15306.45,15308.45,15297.85,15298.0,13:25:00,15293.514611691571,2,51
2021-05-26,15304.8,15311.65,15302.5,15306.1,13:30:00,15294.58941057809,2,52
2021-05-26,15313.0,15313.0,15304.05,15304.6,13:35:00,15296.342800046845,2,53
2021-05-26,15289.7,15314.7,15280.3,15312.9,13:40:00,15295.710152423331,2,54
2021-05-26,15299.2,15300.8,15286.4,15288.7,13:45:00,15296.042518859203,2,55
2021-05-26,15299.9,15307.8,15298.7,15299.1,13:50:00,15296.409898015472,2,56
2021-05-26,15298.05,15300.9,15296.05,15299.85,13:55:00,15296.566098204476,2,57
2021-05-26,15298.25,15300.35,15288.5,15297.65,14:00:00,15296.726469804047,2,58
2021-05-26,15304.0,15306.8,15298.3,15299.0,14:05:00,15297.419186965568,2,59
2021-05-26,15301.7,15306.9,15300.1,15302.95,14:10:00,15297.826883445035,2,60
2021-05-26,15300.05,15306.15,15298.4,15301.6,14:15:00,15298.038608831224,2,61
2021-05-26,15307.75,15312.75,15298.1,15300.65,14:20:00,15298.963503228251,2,62
2021-05-26,15297.35,15313.15,15295.8,15306.95,14:25:00,15298.809836254131,2,63
2021-05-26,15307.1,15307.5,15296.8,15298.15,14:30:00,15299.5993756585,2,64
2021-05-26,15309.9,15317.2,15307.05,15307.3,14:35:00,15300.58038750055,2,65
2021-05-26,15317.9,15319.9,15309.3,15310.75,14:40:00,15302.22987440526,2,66
2021-05-26,15316.15,15319.0,15306.7,15318.95,14:45:00,15303.555600652377,2,67
2021-05-26,15311.5,15317.95,15308.4,15317.95,14:50:00,15304.312210114056,2,68
2021-05-26,15306.45,15314.8,15306.1,15313.3,14:55:00,15304.515809150813,2,69
2021-05-26,15293.45,15307.95,15280.7,15307.95,15:00:00,15303.46192256502,2,70
2021-05-26,15298.45,15300.85,15288.6,15293.9,15:05:00,15302.984596606448,2,71
2021-05-26,15302.8,15304.85,15295.3,15298.65,15:10:00,15302.96701597726,2,72
2021-05-26,15307.95,15311.1,15299.95,15303.2,15:15:00,15303.44158588419,2,73
2021-05-26,15305.2,15315.25,15300.6,15308.05,15:20:00,15303.60905389522,2,74
2021-05-26,15301.25,15308.45,15298.0,15307.2,15:25:00,15303.384382095675,2,75
2021-05-27,15300.4,15335.55,15297.15,15335.55,09:15:00,15303.10015522942,3,1
2021-05-27,15290.3,15312.0,15288.7,15300.5,09:20:00,15301.88109282662,3,2
2021-05-27,15297.25,15297.65,15280.85,15290.15,09:25:00,15301.44003636694,3,3
2021-05-27,15280.35,15297.55,15278.6,15295.2,09:30:00,15299.431461474853,3,4
2021-05-27,15289.65,15297.7,15279.5,15280.7,09:35:00,15298.49989371534,3,5
2021-05-27,15294.0,15294.5,15284.25,15288.2,09:40:00,15298.07133240912,3,6
2021-05-27,15301.55,15305.4,15286.7,15293.85,09:45:00,15298.40263408444,3,7
2021-05-27,15300.2,15304.6,15299.05,15300.6,09:50:00,15298.573811790684,3,8
2021-05-27,15306.3,15311.25,15299.3,15300.05,09:55:00,15299.30963923919,3,9
2021-05-27,15312.65,15312.65,15305.7,15306.45,10:00:00,15300.58014978784,3,10
2021-05-27,15311.95,15319.3,15310.3,15313.15,10:05:00,15301.662992665188,3,11
2021-05-27,15314.4,15317.05,15307.75,15312.5,10:10:00,15302.876040982788,3,12
2021-05-27,15320.35,15321.0,15311.55,15314.6,10:15:00,15304.540227555855,3,13
2021-05-27,15317.3,15323.95,15315.5,15320.3,10:20:00,15305.75544397911,3,14
2021-05-27,15321.25,15323.6,15316.55,15316.7,10:25:00,15307.231115981098,3,15
2021-05-27,15313.05,15321.55,15308.45,15321.55,10:30:00,15307.78529541147,3,16
2021-05-27,15312.35,15316.75,15310.7,15312.85,10:35:00,15308.220029181804,3,17
2021-05-27,15309.85,15313.1,15304.95,15311.2,10:40:00,15308.375264497825,3,18
2021-05-27,15309.85,15312.8,15307.95,15311.05,10:45:00,15308.515715498032,3,19
2021-05-27,15314.0,15318.05,15309.6,15310.95,10:50:00,15309.038028307745,3,20
2021-05-27,15320.6,15322.25,15313.45,15313.65,10:55:00,15310.139168468912,3,21
2021-05-27,15330.1,15331.45,15320.85,15321.4,11:00:00,15312.0402000433,3,22
2021-05-27,15325.0,15330.45,15323.25,15329.75,11:05:00,15313.274466705843,3,23
2021-05-27,15326.4,15329.05,15319.85,15325.8,11:10:00,15314.524517495762,3,24
2021-05-27,15323.65,15328.9,15321.9,15326.5,11:15:00,15315.393611067591,3,25
2021-05-27,15328.05,15329.0,15320.6,15323.55,11:20:00,15316.598981442106,3,26
2021-05-27,15348.1,15353.55,15328.15,15328.75,11:25:00,15319.59907844762,3,27
2021-05-27,15351.65,15356.7,15343.3,15347.1,11:30:00,15322.651547166894,3,28
2021-05-27,15349.2,15356.95,15344.95,15353.35,11:35:00,15325.179971246238,3,29
2021-05-27,15344.05,15349.65,15343.5,15349.65,11:40:00,15326.977116841836,3,30
2021-05-27,15356.6,15360.95,15343.8,15343.95,11:45:00,15329.79834380928,3,31
2021-05-27,15355.65,15365.1,15354.35,15356.2,11:50:00,15332.260406303634,3,32
2021-05-27,15353.9,15357.85,15352.35,15356.65,11:55:00,15334.321319989,3,33
2021-05-27,15357.25,15359.55,15349.1,15353.65,12:00:00,15336.505003799572,3,34
2021-05-27,15356.35,15360.45,15355.9,15357.3,12:05:00,15338.395003437709,3,35
2021-05-27,15351.75,15360.65,15350.35,15356.65,12:10:00,15339.666907872212,3,36
2021-05-27,15342.0,15353.0,15337.0,15352.15,12:15:00,15339.889107122475,3,37
2021-05-27,15341.25,15345.25,15340.6,15341.65,12:20:00,15340.018715967955,3,38
2021-05-27,15335.45,15342.7,15332.5,15340.8,12:25:00,15339.583600161484,3,39
2021-05-27,15344.7,15346.3,15334.5,15336.1,12:30:00,15340.070876336578,3,40
2021-05-27,15341.3,15345.85,15339.15,15344.8,12:35:00,15340.187935733094,3,41
2021-05-27,15333.35,15342.05,15330.6,15341.8,12:40:00,15339.536703758513,3,42
2021-05-27,15334.45,15338.25,15331.1,15333.2,12:45:00,15339.052255781511,3,43
2021-05-27,15342.8,15343.2,15333.95,15333.95,12:50:00,15339.40918380232,3,44
2021-05-27,15338.5,15342.85,15334.55,15342.65,12:55:00,15339.322594868763,3,45
2021-05-27,15347.65,15351.1,15334.85,15339.35,13:00:00,15340.115681071738,3,46
2021-05-27,15345.4,15353.85,15345.05,15348.25,13:05:00,15340.618949541098,3,47
2021-05-27,15348.25,15352.5,15342.9,15345.45,13:10:00,15341.34571625147,3,48
2021-05-27,15343.25,15350.15,15337.25,15347.25,13:15:00,15341.527076608472,3,49
2021-05-27,15345.0,15345.35,15339.05,15343.1,13:20:00,15341.857831217189,3,50
2021-05-27,15350.8,15351.45,15342.4,15345.05,13:25:00,15342.709466339362,3,51
2021-05-27,15357.8,15358.25,15346.5,15351.7,13:30:00,15344.146660021328,3,52
2021-05-27,15351.45,15358.95,15341.95,15358.15,13:35:00,15344.842216209772,3,53
2021-05-27,15349.1,15351.9,15346.9,15351.9,13:40:00,15345.24771942789,3,54
2021-05-27,15342.95,15350.35,15341.35,15349.55,13:45:00,15345.028889006187,3,55
2021-05-27,15348.0,15349.45,15340.2,15343.25,13:50:00,15345.31185195798,3,56
2021-05-27,15348.6,15349.65,15342.4,15347.7,13:55:00,15345.625008914363,3,57
2021-05-27,15345.3,15349.45,15340.15,15348.8,14:00:00,15345.594055684423,3,58
2021-05-27,15326.95,15348.55,15326.95,15344.75,14:05:00,15343.818431333528,3,59
2021-05-27,15302.25,15332.4,15300.3,15327.0,14:10:00,15339.859533111288,3,60
2021-05-27,15298.9,15310.95,15289.75,15302.7,14:15:00,15335.958625195926,3,61
2021-05-27,15305.05,15316.05,15294.5,15298.7,14:20:00,15333.014946605836,3,62
2021-05-27,15292.25,15305.35,15292.25,15304.7,14:25:00,15329.132570738617,3,63
2021-05-27,15277.0,15300.15,15273.8,15292.6,14:30:00,15324.167564001606,3,64
2021-05-27,15281.8,15295.7,15272.5,15277.25,14:35:00,15320.132557906214,3,65
2021-05-27,15308.4,15314.55,15281.65,15281.65,14:40:00,15319.015171438954,3,66
2021-05-27,15305.95,15316.1,15303.8,15309.4,14:45:00,15317.770869397147,3,67
2021-05-27,15299.6,15307.6,15298.95,15306.3,14:50:00,15316.040310406945,3,68
2021-05-27,15302.85,15303.85,15294.25,15300.3,14:55:00,15314.784090368188,3,69
2021-05-27,15329.3,15336.9,15302.1,15304.35,15:00:00,15316.166557952169,3,70
2021-05-27,15330.9,15334.55,15327.35,15329.55,15:05:00,15317.569742909103,3,71
2021-05-27,15331.75,15332.45,15324.35,15331.3,15:10:00,15318.920243584427,3,72
2021-05-27,15343.3,15343.8,15331.0,15331.15,15:15:00,15321.242125147815,3,73
2021-05-27,15345.5,15351.7,15342.0,15342.55,15:20:00,15323.552398943262,3,74
2021-05-27,15370.15,15384.55,15344.7,15344.7,15:25:00,15327.99026571057,3,75
2021-05-28,15430.75,15455.55,15412.35,15424.6,09:15:00,15337.77690707147,4,1
2021-05-28,15421.85,15439.65,15418.5,15430.7,09:20:00,15345.783868302758,4,2
2021-05-28,15434.45,15434.65,15405.45,15420.85,09:25:00,15354.228261797734,4,3
2021-05-28,15424.8,15447.65,15420.15,15437.15,09:30:00,15360.94937972176,4,4
2021-05-28,15436.65,15437.95,15422.65,15423.9,09:35:00,15368.1589626054,4,5
2021-05-28,15443.85,15449.0,15435.9,15436.35,09:40:00,15375.36763283346,4,6
2021-05-28,15446.05,15452.8,15444.3,15444.65,09:45:00,15382.09928684932,4,7
2021-05-28,15440.05,15452.7,15435.4,15446.65,09:50:00,15387.61840238748,4,8
2021-05-28,15426.25,15442.4,15425.9,15440.8,09:55:00,15391.2976021601,4,9
2021-05-28,15430.4,15436.25,15424.2,15427.1,10:00:00,15395.021640049614,4,10
2021-05-28,15441.75,15442.7,15428.6,15431.2,10:05:00,15399.471960044888,4,11
2021-05-28,15431.4,15444.2,15431.4,15441.7,10:10:00,15402.512725754896,4,12
2021-05-28,15418.8,15431.3,15411.3,15430.85,10:15:00,15404.063894730622,4,13
2021-05-28,15426.2,15433.6,15414.5,15419.9,10:20:00,15406.172095232469,4,14
2021-05-28,15436.2,15440.05,15422.65,15426.25,10:25:00,15409.031895686518,4,15
2021-05-28,15432.65,15445.7,15428.45,15437.05,10:30:00,15411.281238954469,4,16
2021-05-28,15437.55,15438.25,15429.25,15432.3,10:35:00,15413.78302572071,4,17
2021-05-28,15429.2,15437.95,15426.45,15437.8,10:40:00,15415.251308985406,4,18
2021-05-28,15418.5,15428.7,15416.7,15428.7,10:45:00,15415.560708129651,4,19
2021-05-28,15427.35,15428.25,15415.35,15417.8,10:50:00,15416.68349783159,4,20
2021-05-28,15423.25,15433.9,15422.5,15427.75,10:55:00,15417.308878990483,4,21
2021-05-28,15403.5,15423.6,15395.7,15423.55,11:00:00,15415.993747658058,4,22
2021-05-28,15411.5,15413.35,15396.45,15403.55,11:05:00,15415.565771690624,4,23
2021-05-28,15401.65,15419.65,15401.65,15411.25,11:10:00,15414.240460101042,4,24
2021-05-28,15416.75,15416.75,15394.75,15401.55,11:15:00,15414.479463900943,4,25
2021-05-28,15414.9,15420.75,15409.2,15416.35,11:20:00,15414.519514957998,4,26
2021-05-28,15418.15,15422.75,15413.75,15414.7,11:25:00,15414.865275438187,4,27
2021-05-28,15426.95,15432.15,15410.8,15418.3,11:30:00,15416.016201586932,4,28
2021-05-28,15428.85,15437.0,15426.4,15426.5,11:35:00,15417.23846810246,4,29
2021-05-28,15424.8,15431.2,15419.0,15428.75,11:40:00,15417.958613997464,4,30
2021-05-28,15424.85,15425.5,15415.5,15424.4,11:45:00,15418.614936473898,4,31
2021-05-28,15431.65,15435.15,15423.85,15423.85,11:50:00,15419.856371095431,4,32
2021-05-28,15432.5,15434.75,15426.7,15431.85,11:55:00,15421.0605262292,4,33
2021-05-28,15427.55,15438.25,15426.2,15431.8,12:00:00,15421.678571350229,4,34
2021-05-28,15435.45,15439.25,15428.6,15428.95,12:05:00,15422.990135983538,4,35
2021-05-28,15437.0,15443.45,15433.95,15435.8,12:10:00,15424.324408747012,4,36
2021-05-28,15437.25,15444.0,15435.35,15436.55,12:15:00,15425.555417437774,4,37
2021-05-28,15436.45,15442.5,15432.9,15436.8,12:20:00,15426.592996729414,4,38
2021-05-28,15428.65,15439.8,15427.7,15435.85,12:25:00,15426.788901802804,4,39
2021-05-28,15420.4,15429.0,15413.6,15428.2,12:30:00,15426.18043496444,4,40
2021-05-28,15421.0,15426.55,15417.2,15420.35,12:35:00,15425.687060205924,4,41
2021-05-28,15424.05,15426.0,15417.35,15420.85,12:40:00,15425.53114971012,4,42
2021-05-28,15438.7,15438.7,15419.45,15424.25,12:45:00,15426.785325928206,4,43
2021-05-28,15432.8,15438.5,15431.35,15438.15,12:50:00,15427.35815203028,4,44
2021-05-28,15435.05,15436.35,15428.6,15432.65,12:55:00,15428.090708979778,4,45
2021-05-28,15435.35,15443.45,15434.1,15436.0,13:00:00,15428.782070029323,4,46
2021-05-28,15434.35,15437.55,15427.75,15435.1,13:05:00,15429.31234907415,4,47
2021-05-28,15435.55,15435.9,15427.9,15434.0,13:10:00,15429.906411067086,4,48
2021-05-28,15416.3,15441.65,15415.85,15435.35,13:15:00,15428.610562394031,4,49
2021-05-28,15435.55,15436.25,15414.4,15414.4,13:20:00,15429.271461213646,4,50
2021-05-28,15437.35,15438.6,15430.85,15435.4,13:25:00,15430.040845859969,4,51
2021-05-28,15449.65,15450.75,15433.05,15437.3,13:30:00,15431.908384349494,4,52
2021-05-28,15456.55,15461.3,15449.2,15449.2,13:35:00,15434.255204887637,4,53
2021-05-28,15451.15,15460.5,15450.8,15456.9,13:40:00,15435.864232993576,4,54
2021-05-28,15464.35,15467.45,15445.35,15451.1,13:45:00,15438.577163184664,4,55
2021-05-28,15461.1,15469.65,15457.75,15464.1,13:50:00,15440.722195262317,4,56
2021-05-28,15463.8,15465.25,15457.35,15459.9,13:55:00,15442.920081427808,4,57
2021-05-28,15455.0,15466.25,15451.05,15464.8,14:00:00,15444.070549863254,4,58
2021-05-28,15450.0,15455.85,15444.0,15455.85,14:05:00,15444.635259400087,4,59
2021-05-28,15440.9,15453.25,15432.7,15450.55,14:10:00,15444.279520409602,4,60
2021-05-28,15438.75,15447.25,15428.9,15441.3,14:15:00,15443.752899418212,4,61
2021-05-28,15446.45,15448.65,15439.05,15439.1,14:20:00,15444.009766140289,4,62
2021-05-28,15456.5,15456.55,15442.05,15447.1,14:25:00,15445.199312222165,4,63
2021-05-28,15460.0,15460.0,15452.15,15456.95,14:30:00,15446.60890153434,4,64
2021-05-28,15444.25,15460.75,15443.4,15460.75,14:35:00,15446.384244245352,4,65
2021-05-28,15446.25,15449.65,15438.9,15444.6,14:40:00,15446.371459079128,4,66
2021-05-28,15430.65,15446.0,15427.7,15446.0,14:45:00,15444.874177262069,4,67
2021-05-28,15431.2,15445.65,15430.65,15431.7,14:50:00,15443.57187466568,4,68
2021-05-28,15417.15,15437.55,15417.1,15431.05,14:55:00,15441.0555056499,4,69
2021-05-28,15412.2,15434.05,15408.9,15416.55,15:00:00,15438.307362254673,4,70
2021-05-28,15429.25,15429.25,15412.05,15412.5,15:05:00,15437.444756325656,4,71
2021-05-28,15437.2,15437.5,15424.8,15429.45,15:10:00,15437.421446199403,4,72
2021-05-28,15438.3,15445.15,15435.3,15436.35,15:15:00,15437.505117989936,4,73
2021-05-28,15450.45,15458.35,15437.3,15439.85,15:20:00,15438.737963895655,4,74
2021-05-28,15454.2,15458.15,15445.9,15449.95,15:25:00,15440.210538762736,4,75
2021-05-31,15428.6,15440.55,15402.55,15440.55,09:15:00,15439.104773166286,0,1
2021-05-31,15416.45,15428.0,15412.35,15427.75,09:20:00,15436.947175721878,0,2
2021-05-31,15393.8,15416.45,15384.2,15415.85,09:25:00,15432.837920891225,0,3
2021-05-31,15383.95,15394.0,15374.0,15394.0,09:30:00,15428.181928425392,0,4
2021-05-31,15432.2,15432.45,15384.1,15384.15,09:35:00,15428.564601908687,0,5
2021-05-31,15442.95,15450.9,15433.4,15433.5,09:40:00,15429.934639822148,0,6
2021-05-31,15458.65,15461.15,15439.55,15442.85,09:45:00,15432.669436029562,0,7
2021-05-31,15462.55,15466.1,15454.45,15458.5,09:50:00,15435.515204026748,0,8
2021-05-31,15458.3,15467.75,15455.2,15463.35,09:55:00,15437.68518459563,0,9
2021-05-31,15461.25,15467.35,15457.2,15457.2,10:00:00,15439.92945272938,0,10
2021-05-31,15480.9,15486.65,15460.75,15461.15,10:05:00,15443.831409612296,0,11
2021-05-31,15496.9,15497.4,15480.9,15481.55,10:10:00,15448.885561077792,0,12
2021-05-31,15497.7,15500.9,15486.6,15497.45,10:15:00,15453.53455526086,0,13
2021-05-31,15494.45,15497.95,15488.45,15497.95,10:20:00,15457.431264283634,0,14
2021-05-31,15505.95,15506.95,15492.55,15493.75,10:25:00,15462.05209625662,0,15
2021-05-31,15501.95,15508.8,15499.65,15506.85,10:30:00,15465.851896613132,0,16
2021-05-31,15505.7,15507.1,15499.95,15502.65,10:35:00,15469.64695407855,0,17
2021-05-31,15504.4,15507.55,15500.85,15505.8,10:40:00,15472.956767975831,0,18
2021-05-31,15497.85,15505.1,15495.25,15504.7,10:45:00,15475.327551978133,0,19
2021-05-31,15505.7,15506.0,15491.45,15497.6,10:50:00,15478.220166075454,0,20
2021-05-31,15520.25,15520.85,15502.35,15505.8,10:55:00,15482.223007401602,0,21
2021-05-31,15512.2,15523.5,15507.0,15520.1,11:00:00,15485.07795907764,0,22
2021-05-31,15521.9,15521.9,15511.05,15511.05,11:05:00,15488.584820117863,0,23
2021-05-31,15518.5,15526.85,15515.45,15521.8,11:10:00,15491.433884868546,0,24
2021-05-31,15523.9,15525.95,15511.65,15518.55,11:15:00,15494.525895833449,0,25
2021-05-31,15520.75,15525.65,15511.9,15524.05,11:20:00,15497.023429563596,0,26
2021-05-31,15518.2,15521.65,15506.45,15520.2,11:25:00,15499.040245795632,0,27
2021-05-31,15529.1,15529.65,15518.9,15519.45,11:30:00,15501.903079529384,0,28
2021-05-31,15529.05,15535.85,15528.1,15528.2,11:35:00,15504.488500526586,0,29
2021-05-31,15529.3,15530.85,15523.15,15529.3,11:40:00,15506.851500476436,0,30
2021-05-31,15533.0,15534.05,15524.1,15529.4,11:45:00,15509.341833764394,0,31
2021-05-31,15528.8,15534.6,15521.7,15533.15,11:50:00,15511.194992453498,0,32
2021-05-31,15531.8,15535.55,15526.05,15528.15,11:55:00,15513.157374124594,0,33
2021-05-31,15535.3,15540.35,15529.0,15531.95,12:00:00,15515.266195636535,0,34
2021-05-31,15533.75,15536.85,15530.7,15535.6,12:05:00,15517.026557956866,0,35
2021-05-31,15536.95,15538.65,15533.3,15533.85,12:10:00,15518.924028627642,0,36
2021-05-31,15536.0,15541.1,15535.05,15537.45,12:15:00,15520.550311615483,0,37
2021-05-31,15530.2,15537.8,15529.9,15536.3,12:20:00,15521.469329556869,0,38
2021-05-31,15544.3,15548.2,15529.45,15529.45,12:25:00,15523.64367912288,0,39
2021-05-31,15555.5,15557.1,15543.4,15544.0,12:30:00,15526.677614444512,0,40
2021-05-31,15556.45,15561.2,15550.15,15555.75,12:35:00,15529.513079735512,0,41
2021-05-31,15552.3,15556.85,15549.5,15556.15,12:40:00,15531.683262617844,0,42
2021-05-31,15568.45,15570.2,15551.7,15551.7,12:45:00,15535.18485665424,0,43
2021-05-31,15559.2,15568.65,15558.9,15568.15,12:50:00,15537.472013163362,0,44
2021-05-31,15566.35,15567.55,15549.8,15558.9,12:55:00,15540.222297623994,0,45
2021-05-31,15571.15,15573.5,15564.95,15566.2,13:00:00,15543.167793088376,0,46
2021-05-31,15563.35,15571.55,15561.65,15571.35,13:05:00,15545.089908032342,0,47
2021-05-31,15558.25,15567.3,15556.6,15563.8,13:10:00,15546.3432501245,0,48
2021-05-31,15551.2,15559.9,15542.55,15558.4,13:15:00,15546.80579773169,0,49
2021-05-31,15542.15,15552.95,15539.8,15551.45,13:20:00,15546.36238842391,0,50
2021-05-31,15537.7,15547.3,15535.85,15541.85,13:25:00,15545.537399050205,0,51
2021-05-31,15538.75,15544.5,15530.35,15538.7,13:30:00,15544.89098009304,0,52
2021-05-31,15544.95,15550.0,15535.45,15539.2,13:35:00,15544.896601036562,0,53
2021-05-31,15539.35,15551.2,15536.25,15544.75,13:40:00,15544.368353318794,0,54
2021-05-31,15537.55,15546.9,15534.05,15539.25,13:45:00,15543.71898633605,0,55
2021-05-31,15531.05,15540.9,15525.6,15536.15,13:50:00,15542.512416208809,0,56
2021-05-31,15541.05,15541.65,15527.3,15531.5,13:55:00,15542.373138474635,0,57
2021-05-31,15561.4,15562.6,15543.05,15543.05,14:00:00,15544.185220524669,0,58
2021-05-31,15571.2,15572.05,15556.9,15561.5,14:05:00,15546.758056665178,0,59
2021-05-31,15569.7,15571.05,15559.85,15570.25,14:10:00,15548.943003649449,0,60
2021-05-31,15566.7,15572.2,15560.7,15570.15,14:15:00,15550.634146159024,0,61
2021-05-31,15566.2,15572.65,15562.05,15567.65,14:20:00,15552.116608429593,0,62
2021-05-31,15567.2,15569.1,15560.5,15565.35,14:25:00,15553.55312191249,0,63
2021-05-31,15573.55,15578.45,15565.5,15567.25,14:30:00,15555.457586492252,0,64
2021-05-31,15566.8,15572.5,15562.6,15572.35,14:35:00,15556.537816350132,0,65
2021-05-31,15564.65,15566.95,15559.1,15565.6,14:40:00,15557.310405269169,0,66
2021-05-31,15565.0,15568.45,15561.1,15564.1,14:45:00,15558.042747624484,0,67
2021-05-31,15554.65,15564.95,15549.15,15564.95,14:50:00,15557.719628803105,0,68
2021-05-31,15553.1,15558.05,15550.8,15554.1,14:55:00,15557.27966415519,0,69
2021-05-31,15562.1,15566.7,15550.0,15553.5,15:00:00,15557.73874375946,0,70
2021-05-31,15571.3,15577.0,15562.0,15562.65,15:05:00,15559.030291972844,0,71
2021-05-31,15585.35,15586.65,15568.05,15569.95,15:10:00,15561.536930832572,0,72
2021-05-31,15596.2,15596.8,15582.35,15584.6,15:15:00,15564.838175515184,0,73
2021-05-31,15588.9,15606.35,15585.05,15596.15,15:20:00,15567.12977784707,0,74
2021-05-31,15576.0,15590.55,15575.4,15589.6,15:25:00,15567.974560909252,0,75
2021-06-01,15602.95,15630.3,15588.65,15630.3,09:15:00,15571.305555108373,1,1
2021-06-01,15639.5,15640.25,15600.85,15601.55,09:20:00,15577.800264145671,1,2
2021-06-01,15640.0,15650.15,15636.05,15637.55,09:25:00,15583.72404851275,1,3
2021-06-01,15648.85,15655.95,15637.9,15640.6,09:30:00,15589.926520082963,1,4
2021-06-01,15647.8,15652.6,15644.55,15650.15,09:35:00,15595.43828007506,1,5
2021-06-01,15649.85,15660.75,15646.6,15646.6,09:40:00,15600.62034863934,1,6
2021-06-01,15628.85,15652.65,15628.4,15650.0,09:45:00,15603.308886864166,1,7
2021-06-01,15609.5,15630.1,15607.95,15629.8,09:50:00,15603.898516686626,1,8
2021-06-01,15600.9,15621.65,15599.8,15609.8,09:55:00,15603.612943668852,1,9
2021-06-01,15595.1,15618.5,15595.1,15601.3,10:00:00,15602.80218712896,1,10
2021-06-01,15597.7,15611.15,15594.45,15595.45,10:05:00,15602.31626454525,1,11
2021-06-01,15592.0,15602.7,15590.95,15599.0,10:10:00,15601.33376315999,1,12
2021-06-01,15567.45,15592.5,15561.8,15592.5,10:15:00,15598.106738097134,1,13
2021-06-01,15562.35,15567.25,15539.7,15567.25,10:20:00,15594.701334468837,1,14
2021-06-01,15585.55,15589.15,15556.0,15562.85,10:25:00,15593.82977880514,1,15
2021-06-01,15580.75,15591.15,15576.3,15586.25,10:30:00,15592.584085585602,1,16
2021-06-01,15575.75,15594.85,15575.3,15582.3,10:35:00,15590.980839339354,1,17
2021-06-01,15571.0,15577.65,15568.0,15574.65,10:40:00,15589.077902259416,1,18
2021-06-01,15581.15,15586.6,15560.85,15570.35,10:45:00,15588.322863948995,1,19
2021-06-01,15574.9,15585.8,15571.4,15580.9,10:50:00,15587.044495953854,1,20
2021-06-01,15572.05,15577.9,15570.2,15574.4,10:55:00,15585.616448720151,1,21
2021-06-01,15573.85,15582.5,15571.6,15571.65,11:00:00,15584.49583455633,1,22
2021-06-01,15562.55,15578.15,15562.3,15573.9,11:05:00,15582.405755074777,1,23
2021-06-01,15556.35,15564.2,15547.0,15559.6,11:10:00,15579.924254591462,1,24
2021-06-01,15554.7,15567.85,15548.75,15554.25,11:15:00,15577.52194463037,1,25
2021-06-01,15557.1,15559.05,15546.8,15554.75,11:20:00,15575.576997522716,1,26
2021-06-01,15567.3,15567.55,15555.15,15557.0,11:25:00,15574.788712044365,1,27
2021-06-01,15557.6,15570.5,15557.6,15567.8,11:30:00,15573.151691849662,1,28
2021-06-01,15540.1,15559.8,15536.1,15557.95,11:35:00,15570.003911673504,1,29
2021-06-01,15540.8,15549.2,15538.1,15540.5,11:40:00,15567.222586752216,1,30
2021-06-01,15535.6,15545.25,15528.3,15540.0,11:45:00,15564.210911823437,1,31
2021-06-01,15545.55,15546.9,15530.3,15534.85,11:50:00,15562.433682125964,1,32
2021-06-01,15546.25,15550.45,15541.6,15544.9,11:55:00,15560.892379066348,1,33
2021-06-01,15551.95,15552.0,15536.2,15546.6,12:00:00,15560.040723917173,1,34
2021-06-01,15556.8,15562.5,15551.05,15551.05,12:05:00,15559.73208354411,1,35
2021-06-01,15567.6,15568.0,15556.1,15557.1,12:10:00,15560.48140892086,1,36
2021-06-01,15574.8,15578.5,15565.35,15566.4,12:15:00,15561.845084261731,1,37
2021-06-01,15557.5,15573.8,15555.5,15573.8,12:20:00,15561.431266712994,1,38
2021-06-01,15550.2,15564.0,15549.4,15557.2,12:25:00,15560.361622264138,1,39
2021-06-01,15568.55,15569.65,15550.9,15550.9,12:30:00,15561.14146776279,1,40
2021-06-01,15581.05,15581.55,15568.1,15568.25,12:35:00,15563.037518452047,1,41
2021-06-01,15566.8,15583.4,15565.25,15581.4,12:40:00,15563.395850028044,1,42
2021-06-01,15576.5,15576.5,15566.1,15566.2,12:45:00,15564.643864311089,1,43
2021-06-01,15568.9,15581.55,15568.9,15576.45,12:50:00,15565.049210567176,1,44
2021-06-01,15576.75,15578.45,15569.95,15570.5,12:55:00,15566.16357146554,1,45
2021-06-01,15572.8,15581.0,15572.65,15578.4,13:00:00,15566.795612278343,1,46
2021-06-01,15571.8,15572.9,15562.9,15571.75,13:05:00,15567.272220632787,1,47
2021-06-01,15575.85,15576.35,15566.25,15571.2,13:10:00,15568.089152001094,1,48
2021-06-01,15575.25,15578.3,15569.25,15575.15,13:15:00,15568.7711375248,1,49
2021-06-01,15599.35,15599.8,15574.85,15574.85,13:20:00,15571.683410141486,1,50
2021-06-01,15592.6,15602.35,15590.5,15598.85,13:25:00,15573.675466318487,1,51
2021-06-01,15589.35,15599.1,15587.15,15593.7,13:30:00,15575.168279050062,1,52
2021-06-01,15587.35,15592.85,15583.95,15588.6,13:35:00,15576.328442950056,1,53
2021-06-01,15596.7,15596.7,15586.9,15586.95,13:40:00,15578.268591240529,1,54
2021-06-01,15601.0,15602.7,15590.9,15595.95,13:45:00,15580.433487312856,1,55
2021-06-01,15614.05,15615.45,15597.85,15600.3,13:50:00,15583.635059949727,1,56
2021-06-01,15593.0,15616.8,15592.25,15613.25,13:55:00,15584.526959002134,1,57
2021-06-01,15550.1,15592.25,15549.05,15592.25,14:00:00,15581.248201001932,1,58
2021-06-01,15554.25,15566.65,15540.8,15549.1,14:05:00,15578.676943763654,1,59
2021-06-01,15561.65,15566.6,15554.0,15555.0,14:10:00,15577.055330071877,1,60
2021-06-01,15569.4,15573.9,15560.35,15561.55,14:15:00,15576.326251017412,1,61
2021-06-01,15578.25,15578.35,15561.0,15568.75,14:20:00,15576.509465206227,1,62
2021-06-01,15578.7,15582.7,15575.15,15576.9,14:25:00,15576.71808756754,1,63
2021-06-01,15569.4,15589.5,15568.2,15580.7,14:30:00,15576.02112684682,1,64
2021-06-01,15577.85,15584.45,15567.9,15567.9,14:35:00,15576.19530524236,1,65
2021-06-01,15575.85,15582.95,15575.0,15578.8,14:40:00,15576.162419028802,1,66
2021-06-01,15579.45,15582.95,15572.0,15574.4,14:45:00,15576.47552197844,1,67
2021-06-01,15572.65,15579.9,15571.15,15579.3,14:50:00,15576.11118655192,1,68
2021-06-01,15572.0,15578.05,15566.4,15572.7,14:55:00,15575.719644975548,1,69
2021-06-01,15577.75,15580.2,15569.45,15573.85,15:00:00,15575.913012120733,1,70
2021-06-01,15562.1,15578.6,15555.4,15577.45,15:05:00,15574.597487156854,1,71
2021-06-01,15575.0,15579.15,15561.4,15561.4,15:10:00,15574.635821713346,1,72
2021-06-01,15580.65,15581.45,15574.85,15574.85,15:15:00,15575.208600597787,1,73
2021-06-01,15580.0,15586.45,15572.05,15580.3,15:20:00,15575.66492435038,1,74
2021-06-01,15572.0,15582.35,15567.65,15580.45,15:25:00,15575.315883936057,1,75
2021-06-02,15555.6,15564.05,15519.05,15536.4,09:15:00,15571.739306351285,2,1
2021-06-02,15512.45,15552.6,15510.45,15552.5,09:20:00,15566.0927057464,2,2
2021-06-02,15502.0,15519.35,15500.45,15511.95,09:25:00,15559.988638532455,2,3
2021-06-02,15526.5,15527.2,15491.95,15503.25,09:30:00,15556.79924438651,2,4
2021-06-02,15527.5,15536.4,15525.65,15527.2,09:35:00,15554.008840159222,2,5
2021-06-02,15519.75,15533.55,15518.35,15527.35,09:40:00,15550.746093477392,2,6
2021-06-02,15522.8,15528.9,15512.75,15520.55,09:45:00,15548.08456076526,2,7
2021-06-02,15521.05,15527.1,15520.15,15522.0,09:50:00,15545.50984069238,2,8
2021-06-02,15509.15,15523.9,15508.3,15521.55,09:55:00,15542.046998721677,2,9
2021-06-02,15506.8,15515.95,15497.15,15508.05,10:00:00,15538.690141700565,2,10
2021-06-02,15500.85,15510.75,15499.5,15506.65,10:05:00,15535.086318681462,2,11
2021-06-02,15508.4,15511.45,15494.05,15499.45,10:10:00,15532.544764521324,2,12
2021-06-02,15500.6,15508.6,15499.2,15508.6,10:15:00,15529.502405995485,2,13
2021-06-02,15496.9,15501.55,15488.5,15500.9,10:20:00,15526.397414948297,2,14
2021-06-02,15500.2,15501.1,15495.05,15496.45,10:25:00,15523.902423048456,2,15
2021-06-02,15498.25,15501.35,15492.55,15500.15,10:30:00,15521.45933513908,2,16
2021-06-02,15506.3,15507.25,15497.9,15498.5,10:35:00,15520.015588935355,2,17
2021-06-02,15502.4,15507.35,15500.25,15506.1,10:40:00,15518.337913798656,2,18
2021-06-02,15501.4,15506.55,15499.0,15502.55,10:45:00,15516.724779151164,2,19
2021-06-02,15493.05,15501.3,15492.2,15501.3,10:50:00,15514.470038279624,2,20
2021-06-02,15496.85,15498.8,15491.15,15493.2,10:55:00,15512.791939395853,2,21
2021-06-02,15504.05,15504.2,15496.1,15497.1,11:00:00,15511.959373739104,2,22
2021-06-02,15506.05,15511.6,15503.8,15504.15,11:05:00,15511.396576240142,2,23
2021-06-02,15509.15,15510.8,15503.9,15506.0,11:10:00,15511.182616598224,2,24
2021-06-02,15512.2,15514.1,15507.95,15508.85,11:15:00,15511.279510255536,2,25
2021-06-02,15506.3,15516.9,15505.85,15512.0,11:20:00,15510.80527118358,2,26
2021-06-02,15502.1,15506.4,15498.8,15505.6,11:25:00,15509.976197737524,2,27
2021-06-02,15488.15,15502.4,15486.55,15502.4,11:30:00,15507.897512238713,2,28
2021-06-02,15489.25,15493.1,15487.15,15488.1,11:35:00,15506.121558692166,2,29
2021-06-02,15490.35,15492.55,15484.85,15489.1,11:40:00,15504.619505483388,2,30
2021-06-02,15494.5,15497.35,15489.85,15489.85,11:45:00,15503.6557430564,2,31
2021-06-02,15481.8,15495.65,15478.5,15495.3,11:50:00,15501.574243717694,2,32
2021-06-02,15485.4,15486.2,15477.15,15481.5,11:55:00,15500.033839554104,2,33
2021-06-02,15481.9,15488.6,15480.85,15485.65,12:00:00,15498.306807215618,2,34
2021-06-02,15486.9,15490.15,15480.2,15481.75,12:05:00,15497.220444623654,2,35
2021-06-02,15486.55,15489.35,15484.3,15485.95,12:10:00,15496.204211802353,2,36
2021-06-02,15486.35,15486.75,15481.95,15486.4,12:15:00,15495.265715440224,2,37
2021-06-02,15498.65,15501.0,15486.45,15486.45,12:20:00,15495.58802825544,2,38
2021-06-02,15490.85,15498.7,15490.65,15498.7,12:25:00,15495.136787469208,2,39
2021-06-02,15499.25,15499.55,15488.8,15491.3,12:30:00,15495.52852199595,2,40
2021-06-02,15500.1,15502.85,15496.25,15499.2,12:35:00,15495.96390085348,2,41
2021-06-02,15499.95,15505.0,15499.15,15500.4,12:40:00,15496.343529343623,2,42
2021-06-02,15497.05,15500.15,15494.85,15500.0,12:45:00,15496.410812263275,2,43
2021-06-02,15494.55,15497.6,15490.0,15496.5,12:50:00,15496.233592047724,2,44
2021-06-02,15485.9,15496.45,15484.15,15494.8,12:55:00,15495.249440424132,2,45
2021-06-02,15478.0,15490.5,15475.45,15486.15,13:00:00,15493.606636574215,2,46
2021-06-02,15477.25,15480.45,15469.75,15477.75,13:05:00,15492.048861662386,2,47
2021-06-02,15467.85,15476.85,15466.8,15476.7,13:10:00,15489.74420817073,2,48
2021-06-02,15468.65,15468.9,15459.85,15467.25,13:15:00,15487.735235963995,2,49
2021-06-02,15478.7,15479.6,15468.4,15468.9,13:20:00,15486.874737300755,2,50
2021-06-02,15479.85,15484.65,15477.25,15478.75,13:25:00,15486.205714700684,2,51
2021-06-02,15486.15,15489.65,15477.65,15479.75,13:30:00,15486.200408538716,2,52
2021-06-02,15486.9,15488.3,15482.95,15486.1,13:35:00,15486.267036296931,2,53
2021-06-02,15484.25,15491.35,15483.85,15486.6,13:40:00,15486.074937601988,2,54
2021-06-02,15489.05,15490.2,15483.25,15484.15,13:45:00,15486.358276877989,2,55
2021-06-02,15498.05,15498.05,15488.8,15489.1,13:50:00,15487.47177431818,2,56
2021-06-02,15500.9,15502.0,15493.6,15498.3,13:55:00,15488.750652954544,2,57
2021-06-02,15490.45,15506.75,15489.95,15500.7,14:00:00,15488.9124955303,2,58
2021-06-02,15491.3,15494.25,15485.2,15490.3,14:05:00,15489.139876908368,2,59
2021-06-02,15495.85,15498.15,15490.3,15490.9,14:10:00,15489.778936250428,2,60
2021-06-02,15499.5,15502.75,15494.1,15496.1,14:15:00,15490.704751845626,2,61
2021-06-02,15510.15,15510.15,15499.8,15500.65,14:20:00,15492.55668024128,2,62
2021-06-02,15508.9,15515.85,15507.0,15509.85,14:25:00,15494.113186884966,2,63
2021-06-02,15509.95,15516.1,15508.45,15509.3,14:30:00,15495.621454800685,2,64
2021-06-02,15511.4,15514.85,15509.45,15510.3,14:35:00,15497.124173391094,2,65
2021-06-02,15506.55,15511.95,15500.9,15511.7,14:40:00,15498.02187116337,2,66
2021-06-02,15531.45,15531.45,15506.6,15506.6,14:45:00,15501.205502481143,2,67
2021-06-02,15547.95,15549.05,15531.85,15531.85,14:50:00,15505.657359387702,2,68
2021-06-02,15557.2,15558.85,15539.85,15547.65,14:55:00,15510.56618230316,2,69
2021-06-02,15551.75,15571.55,15548.1,15557.6,15:00:00,15514.48845065524,2,70
2021-06-02,15569.6,15571.5,15551.35,15552.75,15:05:00,15519.737169640455,2,71
2021-06-02,15573.05,15576.65,15568.5,15572.3,15:10:00,15524.81458205565,2,72
2021-06-02,15587.2,15591.65,15573.3,15574.15,15:15:00,15530.756050431302,2,73
2021-06-02,15590.9,15597.45,15583.8,15587.45,15:20:00,15536.484045628322,2,74
2021-06-02,15590.65,15594.25,15585.0,15591.05,15:25:00,15541.642707949435,2,75
2021-06-03,15659.3,15693.15,15646.05,15667.3,09:15:00,15552.848164335204,3,1
2021-06-03,15669.0,15670.75,15652.15,15658.9,09:20:00,15563.910243922328,3,2
2021-06-03,15670.5,15672.85,15662.05,15668.1,09:25:00,15574.061649263058,3,3
2021-06-03,15660.3,15678.95,15657.75,15671.05,09:30:00,15582.27482552372,3,4
2021-06-03,15673.9,15675.6,15654.3,15658.65,09:35:00,15591.0010326167,3,5
2021-06-03,15665.8,15676.7,15664.65,15672.8,09:40:00,15598.12474379606,3,6
2021-06-03,15663.5,15668.35,15660.0,15664.25,09:45:00,15604.350958672629,3,7
2021-06-03,15651.75,15664.9,15651.75,15663.1,09:50:00,15608.865153084758,3,8
2021-06-03,15651.95,15655.15,15645.6,15652.6,09:55:00,15612.96847183859,3,9
2021-06-03,15651.7,15653.6,15644.45,15653.6,10:00:00,15616.657188806344,3,10
2021-06-03,15661.15,15665.05,15650.95,15650.95,10:05:00,15620.894599396215,3,11
2021-06-03,15655.5,15661.75,15653.15,15661.55,10:10:00,15624.190351834672,3,12
2021-06-03,15656.9,15657.3,15648.9,15655.35,10:15:00,15627.305556421848,3,13
2021-06-03,15660.5,15663.9,15655.75,15656.4,10:20:00,15630.46693200072,3,14
2021-06-03,15653.35,15660.8,15651.25,15660.2,10:25:00,15632.646271810174,3,15
2021-06-03,15650.85,15658.65,15648.6,15653.7,10:30:00,15634.379960209204,3,16
2021-06-03,15649.0,15652.85,15645.3,15650.5,10:35:00,15635.772344951183,3,17
2021-06-03,15643.05,15655.75,15640.95,15648.7,10:40:00,15636.465454955833,3,18
2021-06-03,15646.9,15647.2,15635.3,15644.35,10:45:00,15637.459221150517,3,19
2021-06-03,15647.75,15654.4,15647.4,15647.4,10:50:00,15638.439295326656,3,20
2021-06-03,15642.5,15650.4,15642.05,15647.8,10:55:00,15638.82602910507,3,21
2021-06-03,15645.75,15647.4,15641.0,15642.3,11:00:00,15639.485454904589,3,22
2021-06-03,15643.95,15648.3,15642.7,15645.85,11:05:00,15639.91064967558,3,23
2021-06-03,15645.05,15648.2,15641.85,15643.85,11:10:00,15640.400111611238,3,24
2021-06-03,15644.2,15646.35,15639.55,15644.95,11:15:00,15640.7620057435,3,25
2021-06-03,15641.65,15645.1,15639.6,15644.15,11:20:00,15640.84657662507,3,26
2021-06-03,15640.1,15645.5,15639.35,15641.3,11:25:00,15640.775474089349,3,27
2021-06-03,15655.0,15658.9,15640.0,15640.0,11:30:00,15642.130190842743,3,28
2021-06-03,15652.7,15656.55,15649.5,15655.3,11:35:00,15643.136839333913,3,29
2021-06-03,15654.3,15657.95,15648.45,15652.6,11:40:00,15644.199997492587,3,30
2021-06-03,15663.8,15666.35,15653.35,15653.4,11:45:00,15646.066664398057,3,31
2021-06-03,15661.55,15665.95,15658.45,15665.45,11:50:00,15647.541267788718,3,32
2021-06-03,15654.55,15662.0,15653.45,15661.7,11:55:00,15648.208766094554,3,33
2021-06-03,15662.55,15663.25,15654.1,15654.7,12:00:00,15649.574597895073,3,34
2021-06-03,15656.55,15662.1,15655.25,15662.05,12:05:00,15650.238921905066,3,35
2021-06-03,15655.95,15657.6,15653.95,15656.35,12:10:00,15650.782834104582,3,36
2021-06-03,15653.65,15656.5,15651.65,15656.0,12:15:00,15651.055897523194,3,37
2021-06-03,15646.6,15653.6,15646.25,15653.55,12:20:00,15650.63152633051,3,38
2021-06-03,15650.75,15652.1,15645.05,15646.45,12:25:00,15650.642809537128,3,39
2021-06-03,15651.55,15651.85,15645.1,15650.85,12:30:00,15650.729208628827,3,40
2021-06-03,15644.2,15650.4,15644.05,15650.1,12:35:00,15650.107379235607,3,41
2021-06-03,15633.7,15645.3,15633.05,15644.05,12:40:00,15648.544771689358,3,42
2021-06-03,15638.6,15640.25,15628.9,15633.6,12:45:00,15647.597650576085,3,43
2021-06-03,15643.05,15646.9,15635.8,15638.5,12:50:00,15647.16454099741,3,44
2021-06-03,15642.85,15645.05,15634.7,15642.85,12:55:00,15646.753632330989,3,45
2021-06-03,15638.75,15643.05,15638.2,15642.6,13:00:00,15645.9913816328,3,46
2021-06-03,15640.95,15645.85,15638.4,15638.55,13:05:00,15645.511250048725,3,47
2021-06-03,15633.35,15645.4,15632.9,15641.0,13:10:00,15644.353035758368,3,48
2021-06-03,15633.25,15638.55,15630.5,15633.45,13:15:00,15643.29560378138,3,49
2021-06-03,15621.35,15636.75,15620.2,15632.9,13:20:00,15641.205546278392,3,50
2021-06-03,15630.2,15630.2,15611.0,15620.55,13:25:00,15640.157399013784,3,51
2021-06-03,15637.25,15638.6,15629.3,15630.5,13:30:00,15639.880503869614,3,52
2021-06-03,15641.35,15652.7,15636.75,15637.5,13:35:00,15640.020455882031,3,53
2021-06-03,15646.25,15650.8,15640.15,15640.15,13:40:00,15640.61374579803,3,54
2021-06-03,15642.55,15646.45,15639.55,15646.45,13:45:00,15640.79815096012,3,55
2021-06-03,15652.25,15658.55,15642.35,15642.45,13:50:00,15641.888803249632,3,56
2021-06-03,15654.9,15659.05,15650.65,15652.6,13:55:00,15643.127964844904,3,57
2021-06-03,15654.75,15658.55,15650.95,15655.75,14:00:00,15644.234825335869,3,58
2021-06-03,15655.85,15661.45,15655.45,15655.45,14:05:00,15645.341032446737,3,59
2021-06-03,15670.8,15675.5,15655.15,15656.1,14:10:00,15647.765696023238,3,60
2021-06-03,15667.85,15676.3,15659.35,15671.2,14:15:00,15649.678486878169,3,61
2021-06-03,15664.3,15673.35,15663.15,15667.7,14:20:00,15651.071011937389,3,62
2021-06-03,15671.8,15674.05,15661.05,15663.65,14:25:00,15653.045201276684,3,63
2021-06-03,15671.85,15676.2,15666.45,15672.0,14:30:00,15654.836134488429,3,64
2021-06-03,15668.55,15675.8,15667.05,15671.2,14:35:00,15656.1422169181,3,65
2021-06-03,15669.0,15675.3,15667.15,15668.7,14:40:00,15657.366767687805,3,66
2021-06-03,15655.75,15667.7,15654.3,15667.7,14:45:00,15657.212789812776,3,67
2021-06-03,15652.15,15657.95,15645.3,15657.05,14:50:00,15656.730619354415,3,68
2021-06-03,15663.8,15663.8,15648.3,15652.45,14:55:00,15657.403893701614,3,69
2021-06-03,15691.3,15691.4,15665.3,15665.3,15:00:00,15660.63209430146,3,70
2021-06-03,15694.5,15694.5,15685.5,15692.0,15:05:00,15663.857609129893,3,71
2021-06-03,15695.65,15696.55,15689.1,15695.65,15:10:00,15666.885455879426,3,72
2021-06-03,15693.35,15696.85,15682.6,15696.5,15:15:00,15669.405888652816,3,73
2021-06-03,15694.8,15705.1,15690.25,15694.5,15:20:00,15671.824375447784,3,74
2021-06-03,15686.6,15695.55,15680.8,15695.45,15:25:00,15673.231577786091,3,75
2021-06-04,15691.3,15713.2,15680.15,15713.2,09:15:00,15674.9523799017,4,1
2021-06-04,15699.6,15699.6,15684.45,15692.6,09:20:00,15677.299772292015,4,2
2021-06-04,15712.75,15715.15,15697.75,15700.7,09:25:00,15680.67598445468,4,3
2021-06-04,15708.7,15716.65,15706.6,15713.15,09:30:00,15683.34493831614,4,4
2021-06-04,15719.4,15720.55,15705.15,15708.4,09:35:00,15686.778753714603,4,5
2021-06-04,15714.2,15723.95,15714.2,15718.6,09:40:00,15689.39030097988,4,6
2021-06-04,15710.3,15715.9,15704.6,15714.6,09:45:00,15691.38170088656,4,7
2021-06-04,15707.5,15709.65,15700.25,15708.55,09:50:00,15692.916776992604,4,8
2021-06-04,15707.3,15708.65,15701.5,15707.75,09:55:00,15694.286607755212,4,9
2021-06-04,15720.55,15720.65,15706.8,15708.05,10:00:00,15696.787883207096,4,10
2021-06-04,15728.8,15731.85,15720.4,15721.05,10:05:00,15699.836656234991,4,11
2021-06-04,15728.6,15733.25,15720.0,15729.15,10:10:00,15702.57602230785,4,12
2021-06-04,15722.3,15731.55,15714.6,15728.55,10:15:00,15704.45449637377,4,13
2021-06-04,15720.6,15723.55,15713.6,15722.65,10:20:00,15705.992163385792,4,14
2021-06-04,15724.8,15733.6,15719.45,15720.0,10:25:00,15707.783385920478,4,15
2021-06-04,15704.75,15725.65,15699.25,15724.85,10:30:00,15707.494492023288,4,16
2021-06-04,15684.85,15705.85,15676.25,15705.15,10:35:00,15705.337873735356,4,17
2021-06-04,15694.85,15699.25,15682.45,15684.3,10:40:00,15704.339028617704,4,18
2021-06-04,15682.95,15694.35,15671.35,15694.35,10:45:00,15702.30197827316,4,19
2021-06-04,15687.75,15697.85,15682.15,15683.3,10:50:00,15700.91607558048,4,20
2021-06-04,15699.6,15700.0,15680.05,15688.3,10:55:00,15700.790735049008,4,21
2021-06-04,15695.4,15703.65,15690.0,15700.5,11:00:00,15700.277331711006,4,22
2021-06-04,15675.75,15695.9,15675.75,15695.9,11:05:00,15697.941395357577,4,23
2021-06-04,15670.25,15682.6,15667.8,15675.55,11:10:00,15695.304119609236,4,24
2021-06-04,15656.9,15670.3,15655.95,15670.3,11:15:00,15691.646584408356,4,25
2021-06-04,15648.25,15658.1,15645.1,15656.55,11:20:00,15687.513576369463,4,26
2021-06-04,15653.4,15656.9,15642.55,15648.75,11:25:00,15684.264664334276,4,27
2021-06-04,15653.65,15654.75,15645.15,15652.9,11:30:00,15681.348982016729,4,28
2021-06-04,15662.75,15667.0,15655.05,15655.3,11:35:00,15679.577650396088,4,29
2021-06-04,15666.75,15670.5,15662.15,15662.6,11:40:00,15678.355969405984,4,30
2021-06-04,15668.75,15674.35,15665.85,15667.3,11:45:00,15677.441115176842,4,31
2021-06-04,15666.5,15674.0,15666.35,15669.8,11:50:00,15676.399104207618,4,32
2021-06-04,15676.2,15676.65,15661.25,15666.8,11:55:00,15676.380141902133,4,33
2021-06-04,15671.8,15678.55,15667.7,15676.25,12:00:00,15675.943937911452,4,34
2021-06-04,15661.0,15673.65,15660.85,15672.2,12:05:00,15674.520705729408,4,35
2021-06-04,15664.0,15665.6,15659.25,15660.55,12:10:00,15673.518733755178,4,36
2021-06-04,15670.6,15672.2,15662.95,15663.2,12:15:00,15673.240759111828,4,37
2021-06-04,15670.8,15673.9,15666.6,15670.7,12:20:00,15673.008305863084,4,38
2021-06-04,15680.8,15681.3,15670.95,15671.15,12:25:00,15673.75037197136,4,39
2021-06-04,15679.15,15685.9,15676.0,15681.15,12:30:00,15674.264622259803,4,40
2021-06-04,15694.8,15698.3,15678.15,15678.4,12:35:00,15676.220372520776,4,41
2021-06-04,15693.6,15696.05,15687.6,15695.05,12:40:00,15677.875575137845,4,42
2021-06-04,15696.0,15703.35,15691.55,15694.0,12:45:00,15679.601710839,4,43
2021-06-04,15688.75,15700.55,15687.45,15696.45,12:50:00,15680.47297647338,4,44
2021-06-04,15686.0,15689.65,15680.15,15689.15,12:55:00,15680.999359666392,4,45
2021-06-04,15666.45,15693.65,15666.45,15686.85,13:00:00,15679.61370636483,4,46
2021-06-04,15664.65,15672.75,15658.25,15667.75,13:05:00,15678.18859147294,4,47
2021-06-04,15665.75,15669.65,15663.25,15665.4,13:10:00,15677.003963713614,4,48
2021-06-04,15665.95,15674.25,15665.15,15666.05,13:15:00,15675.9512052647,4,49
2021-06-04,15662.9,15667.5,15662.2,15666.45,13:20:00,15674.708233334728,4,50
2021-06-04,15648.1,15663.05,15644.75,15663.0,13:25:00,15672.174115874275,4,51
2021-06-04,15654.8,15659.3,15647.2,15647.7,13:30:00,15670.519438171965,4,52
2021-06-04,15649.75,15655.2,15644.3,15654.45,13:35:00,15668.541396441302,4,53
2021-06-04,15632.05,15654.05,15630.55,15649.5,13:40:00,15665.066025351654,4,54
2021-06-04,15629.05,15637.15,15623.15,15631.65,13:45:00,15661.635927699115,4,55
2021-06-04,15628.4,15631.3,15622.35,15629.4,13:50:00,15658.470601251582,4,56
2021-06-04,15650.25,15652.0,15628.9,15628.9,13:55:00,15657.68768684667,4,57
2021-06-04,15647.85,15660.0,15645.7,15650.0,14:00:00,15656.750764289844,4,58
2021-06-04,15644.95,15650.3,15641.35,15648.25,14:05:00,15655.626881976525,4,59
2021-06-04,15662.25,15662.8,15644.5,15646.35,14:10:00,15656.257655121615,4,60
2021-06-04,15656.55,15669.85,15655.95,15662.65,14:15:00,15656.285497490988,4,61
2021-06-04,15655.05,15659.7,15651.6,15656.1,14:20:00,15656.167831063276,4,62
2021-06-04,15661.05,15662.1,15655.65,15655.65,14:25:00,15656.63279953344,4,63
2021-06-04,15654.25,15667.85,15654.2,15661.2,14:30:00,15656.40586624454,4,64
2021-06-04,15653.05,15659.35,15650.05,15656.2,14:35:00,15656.086259935537,4,65
2021-06-04,15651.25,15657.05,15650.15,15653.4,14:40:00,15655.6256637512,4,66
2021-06-04,15654.25,15659.3,15652.45,15652.45,14:45:00,15655.494648155847,4,67
2021-06-04,15666.85,15669.55,15648.25,15654.95,14:50:00,15656.576110236245,4,68
2021-06-04,15665.1,15676.25,15665.1,15666.45,14:55:00,15657.387909261362,4,69
2021-06-04,15670.3,15676.35,15663.85,15667.35,15:00:00,15658.61763218885,4,70
2021-06-04,15664.35,15669.55,15656.45,15669.4,15:05:00,15659.163571980387,4,71
2021-06-04,15671.35,15672.95,15664.3,15664.6,15:10:00,15660.324184172732,4,72
2021-06-04,15667.7,15677.4,15666.0,15671.5,15:15:00,15661.026642822948,4,73
2021-06-04,15676.25,15682.0,15664.75,15666.4,15:20:00,15662.47648636362,4,74
2021-06-04,15669.25,15678.65,15666.7,15675.6,15:25:00,15663.121582900416,4,75
2021-06-07,15708.85,15728.2,15696.7,15727.95,09:15:00,15667.476670243232,0,1
2021-06-07,15693.2,15710.7,15678.1,15708.4,09:20:00,15669.92651117245,0,2
2021-06-07,15700.9,15702.9,15690.4,15690.5,09:25:00,15672.876367251263,0,3
2021-06-07,15708.1,15711.95,15694.95,15699.4,09:30:00,15676.23099894162,0,4
2021-06-07,15707.7,15710.1,15702.6,15707.95,09:35:00,15679.228046661468,0,5
2021-06-07,15705.7,15710.9,15699.35,15708.4,09:40:00,15681.74918507466,0,6
2021-06-07,15700.05,15705.35,15695.65,15705.0,09:45:00,15683.492119829454,0,7
2021-06-07,15696.5,15699.65,15680.6,15699.6,09:50:00,15684.730965559982,0,8
2021-06-07,15701.2,15702.25,15692.95,15696.25,09:55:00,15686.29944503046,0,9
2021-06-07,15704.7,15709.8,15701.7,15702.65,10:00:00,15688.051878837085,0,10
2021-06-07,15706.55,15708.2,15698.95,15704.4,10:05:00,15689.813604662122,0,11
2021-06-07,15715.6,15715.95,15705.9,15705.9,10:10:00,15692.26945183716,0,12
2021-06-07,15722.9,15723.45,15713.4,15716.9,10:15:00,15695.186646900289,0,13
2021-06-07,15720.15,15729.7,15718.9,15723.5,10:20:00,15697.56410910026,0,14
2021-06-07,15715.85,15719.85,15713.05,15719.5,10:25:00,15699.305622519283,0,15
2021-06-07,15720.0,15720.4,15715.15,15716.5,10:30:00,15701.276515612684,0,16
2021-06-07,15723.1,15724.9,15717.9,15719.65,10:35:00,15703.354942697191,0,17
2021-06-07,15718.2,15724.0,15717.7,15723.75,10:40:00,15704.768757678412,0,18
2021-06-07,15725.0,15725.0,15713.6,15717.05,10:45:00,15706.69554266142,0,19
2021-06-07,15729.7,15730.95,15723.6,15724.75,10:50:00,15708.886443360334,0,20
2021-06-07,15733.65,15737.95,15729.45,15729.75,10:55:00,15711.244877326017,0,21
2021-06-07,15737.4,15739.4,15732.9,15733.0,11:00:00,15713.735841390204,0,22
2021-06-07,15736.95,15738.6,15732.4,15737.1,11:05:00,15715.946713638756,0,23
2021-06-07,15736.25,15737.15,15732.7,15737.15,11:10:00,15717.880359958875,0,24
2021-06-07,15726.85,15736.3,15720.15,15735.65,11:15:00,15718.734611391365,0,25
2021-06-07,15723.35,15730.2,15723.35,15726.95,11:20:00,15719.174172211233,0,26
2021-06-07,15727.8,15731.95,15722.85,15723.55,11:25:00,15719.995679619688,0,27
2021-06-07,15725.95,15728.75,15721.1,15727.95,11:30:00,15720.562757751146,0,28
2021-06-07,15731.8,15733.6,15723.7,15725.65,11:35:00,15721.632971298655,0,29
2021-06-07,15733.4,15737.15,15731.25,15732.7,11:40:00,15722.753640698782,0,30
2021-06-07,15727.05,15734.5,15725.05,15734.5,11:45:00,15723.162817775088,0,31
2021-06-07,15727.3,15729.8,15725.65,15727.55,11:50:00,15723.556835129844,0,32
2021-06-07,15725.45,15731.25,15722.25,15727.45,11:55:00,15723.737136546048,0,33
2021-06-07,15721.5,15727.35,15720.6,15725.85,12:00:00,15723.524075922614,0,34
2021-06-07,15720.75,15722.4,15716.85,15721.25,12:05:00,15723.2598782157,0,35
2021-06-07,15719.55,15722.1,15717.9,15719.9,12:10:00,15722.906556480872,0,36
2021-06-07,15722.95,15723.8,15713.35,15718.25,12:15:00,15722.910693958884,0,37
2021-06-07,15721.45,15725.5,15719.65,15722.7,12:20:00,15722.771580248513,0,38
2021-06-07,15727.35,15727.65,15720.1,15721.5,12:25:00,15723.207620224845,0,39
2021-06-07,15725.2,15728.5,15722.45,15727.65,12:30:00,15723.39737067962,0,40
2021-06-07,15725.65,15733.65,15724.7,15725.4,12:35:00,15723.61190680537,0,41
2021-06-07,15716.1,15726.55,15713.35,15725.6,12:40:00,15722.89648710962,0,42
2021-06-07,15704.15,15715.9,15703.45,15715.9,12:45:00,15721.111107384895,0,43
2021-06-07,15702.2,15709.95,15702.05,15704.35,12:50:00,15719.310049538715,0,44
2021-06-07,15708.75,15711.4,15702.1,15702.65,12:55:00,15718.30433053503,0,45
2021-06-07,15712.25,15712.85,15707.25,15708.65,13:00:00,15717.72772762693,0,46
2021-06-07,15722.15,15722.8,15714.4,15714.6,13:05:00,15718.148896424364,0,47
2021-06-07,15735.4,15736.55,15720.95,15722.25,13:10:00,15719.791858669663,0,48
2021-06-07,15745.05,15745.8,15734.35,15736.95,13:15:00,15722.19739593922,0,49
2021-06-07,15742.8,15748.55,15737.45,15745.3,13:20:00,15724.159548706912,0,50
2021-06-07,15742.0,15747.2,15738.55,15743.75,13:25:00,15725.858639306254,0,51
2021-06-07,15747.45,15750.2,15740.0,15741.2,13:30:00,15727.914959372323,0,52
2021-06-07,15754.85,15756.4,15745.65,15747.2,13:35:00,15730.480201336866,0,53
2021-06-07,15760.15,15762.7,15750.75,15755.1,13:40:00,15733.305896447642,0,54
2021-06-07,15751.7,15762.25,15751.55,15760.6,13:45:00,15735.05771583358,0,55
2021-06-07,15751.5,15757.0,15750.5,15752.1,13:50:00,15736.623647658953,0,56
2021-06-07,15751.05,15757.15,15744.25,15751.45,13:55:00,15737.997585977148,0,57
2021-06-07,15752.9,15754.45,15744.65,15752.8,14:00:00,15739.416863503133,0,58
2021-06-07,15750.8,15755.4,15750.15,15753.3,14:05:00,15740.50097174093,0,59
2021-06-07,15754.5,15758.4,15748.95,15751.0,14:10:00,15741.834212527508,0,60
2021-06-07,15771.45,15772.95,15752.0,15754.45,14:15:00,15744.654763715364,0,61
2021-06-07,15761.9,15773.45,15760.05,15771.15,14:20:00,15746.297167171044,0,62
2021-06-07,15764.0,15764.65,15758.6,15761.4,14:25:00,15747.983151249991,0,63
2021-06-07,15761.15,15767.05,15759.7,15764.7,14:30:00,15749.237136845231,0,64
2021-06-07,15767.4,15771.25,15761.7,15761.75,14:35:00,15750.966933336162,0,65
2021-06-07,15759.85,15768.25,15758.75,15768.25,14:40:00,15751.8129396851,0,66
2021-06-07,15754.4,15760.5,15750.0,15759.45,14:45:00,15752.059326381755,0,67
2021-06-07,15756.4,15757.45,15753.25,15755.75,14:50:00,15752.472723869208,0,68
2021-06-07,15756.7,15763.55,15755.05,15755.75,14:55:00,15752.87532159595,0,69
2021-06-07,15763.65,15763.7,15751.4,15756.65,15:00:00,15753.901481443954,0,70
2021-06-07,15755.0,15764.15,15749.3,15763.25,15:05:00,15754.006102258816,0,71
2021-06-07,15752.55,15756.3,15747.2,15754.7,15:10:00,15753.867425853216,0,72
2021-06-07,15748.25,15752.0,15744.4,15752.0,15:15:00,15753.332432914814,0,73
2021-06-07,15746.95,15757.75,15742.2,15749.05,15:20:00,15752.724582161023,0,74
2021-06-07,15746.25,15755.25,15743.15,15747.15,15:25:00,15752.107955288544,0,75
2021-06-08,15760.15,15778.8,15734.35,15778.8,09:15:00,15752.873864308684,1,1
2021-06-08,15752.95,15769.5,15752.95,15759.25,09:20:00,15752.881115326903,1,2
2021-06-08,15741.9,15754.3,15736.1,15753.2,09:25:00,15751.83529481958,1,3
2021-06-08,15738.25,15755.55,15738.25,15740.35,09:30:00,15750.541457217714,1,4
2021-06-08,15738.45,15744.15,15732.7,15738.55,09:35:00,15749.389889863643,1,5
2021-06-08,15710.55,15738.75,15710.35,15738.65,09:40:00,15745.690852733776,1,6
2021-06-08,15711.05,15715.9,15701.95,15709.8,09:45:00,15742.391723901988,1,7
2021-06-08,15708.45,15721.65,15707.5,15710.15,09:50:00,15739.159178768465,1,8
2021-06-08,15690.35,15707.3,15687.35,15707.3,09:55:00,15734.510685552415,1,9
2021-06-08,15696.45,15700.7,15680.0,15690.5,10:00:00,15730.885858356947,1,10
2021-06-08,15704.25,15712.5,15689.9,15695.6,10:05:00,15728.349109942,1,11
2021-06-08,15695.15,15709.1,15695.15,15703.45,10:10:00,15725.187289947524,1,12
2021-06-08,15696.5,15702.0,15691.25,15695.7,10:15:00,15722.45516709538,1,13
2021-06-08,15713.65,15715.2,15695.65,15695.65,10:20:00,15721.61657975296,1,14
2021-06-08,15716.9,15719.2,15712.3,15713.4,10:25:00,15721.16738168125,1,15
2021-06-08,15716.9,15720.9,15715.05,15717.4,10:30:00,15720.760964378274,1,16
2021-06-08,15707.3,15719.95,15707.3,15716.65,10:35:00,15719.47896777082,1,17
2021-06-08,15713.25,15719.4,15707.35,15707.95,10:40:00,15718.885732745028,1,18
2021-06-08,15713.15,15719.65,15712.7,15712.7,10:45:00,15718.339472483596,1,19
2021-06-08,15712.6,15717.5,15709.8,15712.9,10:50:00,15717.792856056589,1,20
2021-06-08,15724.2,15725.6,15711.35,15712.45,10:55:00,15718.403060241675,1,21
2021-06-08,15723.95,15726.6,15721.75,15723.75,11:00:00,15718.931340218658,1,22
2021-06-08,15723.7,15725.45,15722.1,15724.4,11:05:00,15719.385498293072,1,23
2021-06-08,15719.7,15723.5,15714.75,15723.3,11:10:00,15719.415450836588,1,24
2021-06-08,15728.95,15729.9,15718.95,15719.4,11:15:00,15720.323503137866,1,25
2021-06-08,15721.35,15731.0,15721.1,15729.1,11:20:00,15720.421264743783,1,26
2021-06-08,15729.0,15729.0,15720.5,15720.75,11:25:00,15721.238287149135,1,27
2021-06-08,15731.35,15731.35,15725.1,15728.15,11:30:00,15722.201307420648,1,28
2021-06-08,15727.9,15733.15,15725.4,15730.7,11:35:00,15722.744040047251,1,29
2021-06-08,15737.4,15737.8,15725.35,15727.55,11:40:00,15724.139845757038,1,30
2021-06-08,15729.15,15741.45,15727.9,15738.2,11:45:00,15724.617003303989,1,31
2021-06-08,15727.8,15729.5,15722.15,15728.55,11:50:00,15724.920145846463,1,32
2021-06-08,15717.65,15730.75,15717.25,15727.15,11:55:00,15724.227751003944,1,33
2021-06-08,15713.3,15719.2,15711.2,15718.55,12:00:00,15723.187012813092,1,34
2021-06-08,15704.7,15713.7,15701.55,15713.05,12:05:00,15721.42634492613,1,35
2021-06-08,15713.6,15715.3,15701.05,15704.3,12:10:00,15720.68097874269,1,36
2021-06-08,15714.7,15719.55,15713.7,15714.2,12:15:00,15720.111361719575,1,37
2021-06-08,15716.7,15718.25,15712.1,15714.6,12:20:00,15719.786470127236,1,38
2021-06-08,15719.25,15720.8,15715.75,15717.1,12:25:00,15719.735377734169,1,39
2021-06-08,15717.0,15720.75,15715.0,15719.9,12:30:00,15719.47486556901,1,40
2021-06-08,15723.8,15725.15,15716.2,15716.85,12:35:00,15719.886783133865,1,41
2021-06-08,15725.65,15726.7,15723.2,15723.85,12:40:00,15720.43566093064,1,42
2021-06-08,15725.65,15729.6,15722.55,15725.05,12:45:00,15720.93226465153,1,43
2021-06-08,15724.5,15729.5,15724.1,15725.95,12:50:00,15721.272048970432,1,44
2021-06-08,15724.0,15726.4,15722.3,15724.25,12:55:00,15721.531853830393,1,45
2021-06-08,15732.3,15733.65,15724.6,15725.25,13:00:00,15722.557391560831,1,46
2021-06-08,15735.35,15737.6,15730.05,15731.35,13:05:00,15723.775735221703,1,47
2021-06-08,15727.7,15737.9,15725.95,15735.65,13:10:00,15724.1494747244,1,48
2021-06-08,15733.5,15733.8,15724.0,15726.85,13:15:00,15725.040000941122,1,49
2021-06-08,15730.25,15733.1,15727.4,15732.2,13:20:00,15725.536191327685,1,50
2021-06-08,15747.3,15752.9,15727.35,15729.95,13:25:00,15727.60893501076,1,51
2021-06-08,15751.95,15756.25,15744.8,15748.35,13:30:00,15729.927131676402,1,52
2021-06-08,15748.55,15753.3,15744.85,15751.55,13:35:00,15731.700738183412,1,53
2021-06-08,15741.45,15749.7,15739.95,15747.95,13:40:00,15732.6292393088,1,54
2021-06-08,15739.75,15742.35,15735.25,15741.3,13:45:00,15733.307406993676,1,55
2021-06-08,15737.1,15741.15,15735.05,15739.65,13:50:00,15733.66860632761,1,56
2021-06-08,15734.5,15738.4,15727.8,15736.9,13:55:00,15733.74778667736,1,57
2021-06-08,15720.9,15735.4,15715.85,15734.95,14:00:00,15732.524187946185,1,58
2021-06-08,15728.4,15729.1,15719.8,15720.6,14:05:00,15732.131408141788,1,59
2021-06-08,15732.25,15732.45,15726.9,15728.3,14:10:00,15732.142702604471,1,60
2021-06-08,15733.55,15734.05,15727.9,15732.65,14:15:00,15732.276730927855,1,61
2021-06-08,15744.15,15747.35,15732.85,15733.4,14:20:00,15733.407518458534,1,62
2021-06-08,15743.05,15744.65,15734.8,15743.7,14:25:00,15734.325850033913,1,63
2021-06-08,15738.6,15744.75,15736.75,15742.8,14:30:00,15734.732911935444,1,64
2021-06-08,15741.95,15743.0,15736.9,15738.1,14:35:00,15735.42025365588,1,65
2021-06-08,15743.6,15744.3,15739.8,15743.2,14:40:00,15736.199277117224,1,66
2021-06-08,15746.5,15750.45,15739.65,15744.75,14:45:00,15737.180298344154,1,67
2021-06-08,15750.25,15758.35,15747.05,15747.05,14:50:00,15738.425031835186,1,68
2021-06-08,15747.4,15753.05,15745.15,15749.8,14:55:00,15739.279790708026,1,69
2021-06-08,15750.95,15753.65,15739.5,15749.4,15:00:00,15740.391239212024,1,70
2021-06-08,15740.8,15751.95,15735.3,15751.95,15:05:00,15740.43016881088,1,71
2021-06-08,15737.55,15742.25,15733.65,15741.3,15:10:00,15740.155867019366,1,72
2021-06-08,15734.0,15740.25,15733.6,15738.5,15:15:00,15739.569593969904,1,73
2021-06-08,15741.4,15747.0,15734.15,15734.5,15:20:00,15739.74391835372,1,74
2021-06-08,15740.8,15745.8,15738.85,15742.05,15:25:00,15739.844497558128,1,75
2021-06-09,15753.85,15772.8,15740.75,15769.95,09:15:00,15741.178354933543,2,1
2021-06-09,15731.3,15748.25,15723.1,15748.25,09:20:00,15740.237559225588,2,2
2021-06-09,15756.55,15759.0,15730.55,15731.6,09:25:00,15741.791125013628,2,3
2021-06-09,15772.8,15774.5,15755.8,15759.2,09:30:00,15744.744351202806,2,4
2021-06-09,15771.3,15778.4,15768.2,15773.9,09:35:00,15747.27346061206,2,5
2021-06-09,15770.45,15777.3,15761.3,15772.35,09:40:00,15749.48075007758,2,6
2021-06-09,15772.8,15777.15,15768.05,15770.4,09:45:00,15751.701631022572,2,7
2021-06-09,15786.4,15788.8,15771.1,15772.75,09:50:00,15755.006237591851,2,8
2021-06-09,15786.1,15789.35,15782.4,15785.65,09:55:00,15757.96754829739,2,9
2021-06-09,15788.4,15792.95,15784.7,15786.5,10:00:00,15760.865877030972,2,10
2021-06-09,15785.6,15789.9,15784.95,15788.1,10:05:00,15763.221507789927,2,11
2021-06-09,15783.75,15787.05,15776.65,15786.15,10:10:00,15765.176602286125,2,12
2021-06-09,15778.25,15786.1,15774.9,15784.15,10:15:00,15766.421687782684,2,13
2021-06-09,15780.9,15784.75,15777.55,15777.8,10:20:00,15767.800574660523,2,14
2021-06-09,15776.3,15781.65,15775.9,15781.3,10:25:00,15768.610043740471,2,15
2021-06-09,15778.7,15780.1,15774.4,15776.9,10:30:00,15769.570991955668,2,16
2021-06-09,15775.25,15778.85,15768.85,15778.6,10:35:00,15770.11184986465,2,17
2021-06-09,15778.1,15782.7,15775.7,15775.7,10:40:00,15770.872626068016,2,18
2021-06-09,15776.25,15779.95,15775.25,15777.9,10:45:00,15771.384756918682,2,19
2021-06-09,15781.65,15782.5,15774.65,15775.45,10:50:00,15772.362399116902,2,20
2021-06-09,15774.5,15781.85,15773.9,15781.4,10:55:00,15772.56598015339,2,21
2021-06-09,15781.6,15782.65,15772.75,15774.4,11:00:00,15773.426362995924,2,22
2021-06-09,15782.35,15785.6,15779.5,15781.65,11:05:00,15774.276233186789,2,23
2021-06-09,15782.85,15785.2,15781.1,15781.75,11:10:00,15775.092782407097,2,24
2021-06-09,15775.8,15782.75,15774.5,15782.75,11:15:00,15775.160136463564,2,25
2021-06-09,15780.95,15781.65,15775.05,15775.05,11:20:00,15775.71155203846,2,26
2021-06-09,15784.95,15787.7,15780.2,15780.3,11:25:00,15776.591404225275,2,27
2021-06-09,15783.5,15788.4,15783.35,15784.75,11:30:00,15777.249365727632,2,28
2021-06-09,15782.2,15785.65,15781.2,15783.6,11:35:00,15777.720854705953,2,29
2021-06-09,15784.75,15786.0,15781.35,15782.35,11:40:00,15778.39029711491,2,30
2021-06-09,15782.8,15787.25,15781.7,15785.25,11:45:00,15778.810268818252,2,31
2021-06-09,15784.85,15785.9,15779.45,15782.9,11:50:00,15779.38548131175,2,32
2021-06-09,15788.1,15791.35,15784.8,15784.8,11:55:00,15780.215435472535,2,33
2021-06-09,15787.75,15789.05,15785.8,15788.5,12:00:00,15780.93301304658,2,34
2021-06-09,15787.75,15788.85,15784.15,15787.5,12:05:00,15781.582249899287,2,35
2021-06-09,15789.5,15794.4,15786.55,15787.85,12:10:00,15782.33632133745,2,36
2021-06-09,15796.6,15800.45,15788.2,15789.9,12:15:00,15783.69476692436,2,37
2021-06-09,15792.65,15798.7,15792.05,15796.45,12:20:00,15784.547646264897,2,38
2021-06-09,15789.4,15794.0,15788.7,15792.2,12:25:00,15785.00977519205,2,39
2021-06-09,15783.05,15794.5,15783.05,15789.65,12:30:00,15784.823129935665,2,40
2021-06-09,15783.85,15784.9,15780.7,15783.95,12:35:00,15784.730450894172,2,41
2021-06-09,15782.0,15790.0,15781.75,15783.9,12:40:00,15784.47040795187,2,42
2021-06-09,15783.65,15785.55,15781.35,15781.95,12:45:00,15784.392273861216,2,43
2021-06-09,15775.3,15784.3,15774.1,15783.5,12:50:00,15783.52634301729,2,44
2021-06-09,15777.25,15781.5,15773.45,15775.95,12:55:00,15782.928596063264,2,45
2021-06-09,15772.85,15778.95,15770.95,15777.35,13:00:00,15781.968729771525,2,46
2021-06-09,15738.25,15774.0,15736.45,15771.75,13:05:00,15777.805041221856,2,47
2021-06-09,15660.35,15739.9,15658.85,15737.55,13:10:00,15766.618846819776,2,48
2021-06-09,15663.5,15678.25,15608.4,15659.6,13:15:00,15756.79800426551,2,49
2021-06-09,15667.25,15678.7,15640.4,15660.35,13:20:00,15748.269622906892,2,50
2021-06-09,15674.1,15675.45,15664.4,15668.25,13:25:00,15741.205849296712,2,51
2021-06-09,15660.9,15673.35,15649.75,15672.35,13:30:00,15733.557673173214,2,52
2021-06-09,15687.4,15693.35,15657.5,15660.0,13:35:00,15729.161704299577,2,53
2021-06-09,15694.75,15699.05,15675.75,15686.6,13:40:00,15725.884399128186,2,54
2021-06-09,15686.15,15696.0,15681.8,15694.2,13:45:00,15722.100170639787,2,55
2021-06-09,15671.75,15692.8,15669.4,15686.4,13:50:00,15717.30491629314,2,56
2021-06-09,15680.35,15681.05,15660.85,15670.25,13:55:00,15713.7854004557,2,57
2021-06-09,15676.3,15682.35,15671.8,15681.8,14:00:00,15710.215362317062,2,58
2021-06-09,15690.75,15694.45,15673.65,15675.7,14:05:00,15708.361518286863,2,59
2021-06-09,15679.95,15690.55,15679.95,15690.45,14:10:00,15705.655659402402,2,60
2021-06-09,15692.6,15697.8,15681.85,15682.45,14:15:00,15704.41226326884,2,61
2021-06-09,15658.7,15692.7,15657.75,15692.65,14:20:00,15700.058714386092,2,62
2021-06-09,15642.7,15665.25,15637.9,15658.75,14:25:00,15694.595979682654,2,63
2021-06-09,15607.55,15648.15,15607.05,15643.45,14:30:00,15686.305886379543,2,64
2021-06-09,15620.65,15631.85,15606.2,15609.1,14:35:00,15680.052944819588,2,65
2021-06-09,15578.85,15629.2,15578.6,15621.15,14:40:00,15670.414569122484,2,66
2021-06-09,15601.65,15603.75,15566.9,15578.9,14:45:00,15663.865562539391,2,67
2021-06-09,15615.75,15617.85,15600.9,15601.95,14:50:00,15659.283128011832,2,68
2021-06-09,15608.9,15616.45,15605.35,15616.1,14:55:00,15654.484734867849,2,69
2021-06-09,15624.45,15626.75,15608.0,15608.0,15:00:00,15651.624283928051,2,70
2021-06-09,15627.7,15631.2,15616.05,15623.9,15:05:00,15649.345780696807,2,71
2021-06-09,15638.9,15646.45,15628.05,15628.05,15:10:00,15648.35094443997,2,72
2021-06-09,15644.95,15654.6,15639.15,15639.15,15:15:00,15648.027044969496,2,73
2021-06-09,15636.95,15649.6,15632.05,15645.45,15:20:00,15646.972088305734,2,74
2021-06-09,15640.25,15644.0,15636.85,15637.2,15:25:00,15646.331889419473,2,75
2021-06-10,15688.4,15696.1,15660.3,15680.7,09:15:00,15650.338376141428,3,1
2021-06-10,15686.2,15688.4,15672.35,15683.8,09:20:00,15653.753768889865,3,2
2021-06-10,15676.95,15688.5,15648.5,15685.4,09:25:00,15655.962933757495,3,3
2021-06-10,15698.15,15702.55,15677.0,15677.0,09:30:00,15659.980749590111,3,4
2021-06-10,15706.3,15708.65,15690.1,15697.05,09:35:00,15664.392106772008,3,5
2021-06-10,15700.05,15706.5,15695.4,15705.0,09:40:00,15667.788096603244,3,6
2021-06-10,15697.7,15707.05,15694.7,15699.8,09:45:00,15670.636849307695,3,7
2021-06-10,15694.05,15701.95,15685.15,15697.25,09:50:00,15672.866673183154,3,8
2021-06-10,15700.6,15700.8,15692.45,15693.8,09:55:00,15675.507942403809,3,9
2021-06-10,15689.75,15705.15,15686.1,15700.0,10:00:00,15676.86432884154,3,10
2021-06-10,15690.0,15697.25,15685.35,15689.65,10:05:00,15678.115345142343,3,11
2021-06-10,15693.25,15696.75,15686.55,15690.2,10:10:00,15679.556740843072,3,12
2021-06-10,15694.3,15699.55,15692.9,15693.6,10:15:00,15680.960860762782,3,13
2021-06-10,15708.0,15708.7,15691.05,15694.35,10:20:00,15683.536016880613,3,14
2021-06-10,15710.5,15714.0,15705.9,15708.3,10:25:00,15686.104015272937,3,15
2021-06-10,15711.05,15713.45,15707.7,15711.9,10:30:00,15688.47982334218,3,16
2021-06-10,15709.7,15710.9,15704.85,15710.5,10:35:00,15690.500792547688,3,17
2021-06-10,15715.65,15718.6,15705.5,15709.4,10:40:00,15692.895955162194,3,18
2021-06-10,15714.65,15717.6,15710.85,15715.6,10:45:00,15694.96776895627,3,19
2021-06-10,15715.55,15717.15,15709.2,15713.7,10:50:00,15696.927981436624,3,20
2021-06-10,15715.15,15716.75,15710.95,15715.75,10:55:00,15698.663411775991,3,21
2021-06-10,15705.25,15721.05,15704.5,15716.95,11:00:00,15699.290705892565,3,22
2021-06-10,15695.15,15705.8,15692.75,15704.9,11:05:00,15698.896352950416,3,23
2021-06-10,15693.05,15697.1,15689.65,15694.95,11:10:00,15698.339557431327,3,24
2021-06-10,15699.7,15700.15,15691.9,15692.95,11:15:00,15698.46912339025,3,25
2021-06-10,15703.75,15704.85,15698.65,15699.5,11:20:00,15698.97206401975,3,26
2021-06-10,15701.75,15704.8,15701.25,15702.75,11:25:00,15699.236629351202,3,27
2021-06-10,15705.05,15707.35,15701.55,15702.1,11:30:00,15699.790283698709,3,28
2021-06-10,15706.8,15711.5,15705.1,15705.2,11:35:00,15700.4578757274,3,29
2021-06-10,15708.25,15710.65,15697.2,15707.0,11:40:00,15701.19998280098,3,30
2021-06-10,15704.75,15711.25,15701.15,15707.9,11:45:00,15701.538079677077,3,31
2021-06-10,15717.05,15719.95,15703.55,15703.55,11:50:00,15703.015405422117,3,32
2021-06-10,15722.0,15723.3,15712.2,15716.25,11:55:00,15704.823462048582,3,33
2021-06-10,15727.4,15741.25,15720.4,15722.85,12:00:00,15706.973608520146,3,34
2021-06-10,15735.75,15739.25,15725.25,15727.55,12:05:00,15709.714217232511,3,35
2021-06-10,15724.1,15738.05,15722.6,15736.15,12:10:00,15711.084291781795,3,36
2021-06-10,15728.3,15728.9,15722.35,15724.75,12:15:00,15712.723883040671,3,37
2021-06-10,15724.55,15729.7,15720.05,15727.6,12:20:00,15713.850179893943,3,38
2021-06-10,15712.15,15727.1,15710.15,15724.5,12:25:00,15713.688257999282,3,39
2021-06-10,15716.35,15717.55,15711.65,15711.65,12:30:00,15713.941757237444,3,40
2021-06-10,15719.6,15724.85,15716.35,15716.85,12:35:00,15714.480637500545,3,41
2021-06-10,15697.8,15721.4,15690.4,15720.25,12:40:00,15712.892005357637,3,42
2021-06-10,15703.45,15705.15,15694.1,15698.1,12:45:00,15711.992766752144,3,43
2021-06-10,15701.75,15709.05,15701.0,15703.55,12:50:00,15711.0172651567,3,44
2021-06-10,15701.65,15709.45,15701.05,15701.85,12:55:00,15710.125144665586,3,45
2021-06-10,15709.0,15713.1,15696.55,15701.35,13:00:00,15710.01798803077,3,46
2021-06-10,15713.2,15713.45,15708.15,15709.7,13:05:00,15710.321036789745,3,47
2021-06-10,15706.9,15714.0,15705.75,15712.9,13:10:00,15709.99522376215,3,48
2021-06-10,15735.6,15736.05,15706.5,15706.6,13:15:00,15712.43377388004,3,49
2021-06-10,15734.3,15738.25,15726.7,15736.0,13:20:00,15714.516271605751,3,50
2021-06-10,15729.45,15737.55,15724.55,15735.55,13:25:00,15715.938531452824,3,51
2021-06-10,15730.1,15733.2,15725.5,15730.0,13:30:00,15717.28724274303,3,52
2021-06-10,15728.8,15732.4,15726.0,15730.6,13:35:00,15718.383695815122,3,53
2021-06-10,15716.7,15733.1,15711.0,15729.0,13:40:00,15718.223343832731,3,54
2021-06-10,15733.05,15745.85,15714.8,15716.65,13:45:00,15719.635406324853,3,55
2021-06-10,15730.75,15734.9,15723.85,15731.3,13:50:00,15720.693939055818,3,56
2021-06-10,15727.15,15733.2,15725.4,15731.25,13:55:00,15721.308802002884,3,57
2021-06-10,15722.7,15727.65,15719.05,15727.65,14:00:00,15721.441297050227,3,58
2021-06-10,15722.4,15730.2,15719.95,15722.85,14:05:00,15721.532602093064,3,59
2021-06-10,15727.55,15731.35,15722.85,15722.9,14:10:00,15722.105687608013,3,60
2021-06-10,15740.0,15742.6,15723.8,15727.7,14:15:00,15723.80990783582,3,61
2021-06-10,15737.75,15747.15,15733.95,15740.7,14:20:00,15725.13753566098,3,62
2021-06-10,15733.85,15743.8,15733.35,15738.2,14:25:00,15725.96729416946,3,63
2021-06-10,15739.65,15739.65,15729.85,15735.4,14:30:00,15727.270409010463,3,64
2021-06-10,15742.3,15746.95,15739.65,15740.15,14:35:00,15728.701798628514,3,65
2021-06-10,15743.0,15746.2,15739.95,15742.7,14:40:00,15730.063532092465,3,66
2021-06-10,15738.2,15751.25,15731.45,15743.6,14:45:00,15730.838433797944,3,67
2021-06-10,15732.95,15740.2,15731.7,15738.55,14:50:00,15731.039535340997,3,68
2021-06-10,15729.9,15734.25,15726.45,15733.3,14:55:00,15730.931008165664,3,69
2021-06-10,15742.45,15742.65,15729.45,15729.45,15:00:00,15732.02805500703,3,70
2021-06-10,15746.35,15748.7,15741.15,15743.0,15:05:00,15733.392049768265,3,71
2021-06-10,15733.35,15749.1,15733.35,15746.95,15:10:00,15733.388045028429,3,72
2021-06-10,15735.2,15737.85,15732.45,15734.35,15:15:00,15733.56061216858,3,73
2021-06-10,15741.4,15742.7,15729.55,15735.25,15:20:00,15734.307220533476,3,74
2021-06-10,15745.45,15745.95,15738.25,15741.5,15:25:00,15735.368437625526,3,75
2021-06-11,15812.1,15816.3,15781.45,15800.8,09:15:00,15742.676205470714,4,1
2021-06-11,15815.15,15824.0,15810.45,15810.75,09:20:00,15749.578471616362,4,2
2021-06-11,15808.35,15815.6,15803.35,15815.4,09:25:00,15755.17576003385,4,3
2021-06-11,15829.0,15835.55,15807.45,15807.7,09:30:00,15762.206640030625,4,4
2021-06-11,15824.8,15831.05,15820.05,15828.15,09:35:00,15768.16791240866,4,5
2021-06-11,15821.3,15826.1,15820.05,15824.35,09:40:00,15773.228111226885,4,6
2021-06-11,15821.2,15823.55,15813.05,15822.35,09:45:00,15777.796862538607,4,7
2021-06-11,15815.9,15825.1,15814.9,15821.3,09:50:00,15781.425732773025,4,8
2021-06-11,15815.3,15820.05,15812.7,15816.05,09:55:00,15784.651853461308,4,9
2021-06-11,15818.15,15824.2,15811.8,15816.45,10:00:00,15787.84215313166,4,10
2021-06-11,15818.9,15826.55,15817.25,15818.45,10:05:00,15790.800043309597,4,11
2021-06-11,15809.1,15819.4,15808.8,15818.55,10:10:00,15792.54289632773,4,12
2021-06-11,15806.4,15813.2,15802.0,15808.8,10:15:00,15793.862620486994,4,13
2021-06-11,15816.55,15818.25,15805.8,15806.45,10:20:00,15796.023323297755,4,14
2021-06-11,15821.6,15824.75,15816.4,15816.4,10:25:00,15798.4591972694,4,15
2021-06-11,15819.0,15822.0,15812.2,15821.3,10:30:00,15800.415464196123,4,16
2021-06-11,15822.2,15825.35,15817.75,15819.15,10:35:00,15802.490181891731,4,17
2021-06-11,15816.75,15825.5,15815.65,15820.75,10:40:00,15803.848259806806,4,18
2021-06-11,15819.75,15824.5,15813.6,15816.5,10:45:00,15805.362711253776,4,19
2021-06-11,15823.55,15824.9,15819.1,15819.1,10:50:00,15807.094833991512,4,20
2021-06-11,15819.2,15825.65,15817.35,15823.1,10:55:00,15808.2477069447,4,21
2021-06-11,15819.35,15820.2,15811.2,15820.0,11:00:00,15809.305068188063,4,22
2021-06-11,15824.9,15831.45,15818.3,15819.75,11:05:00,15810.7902997892,4,23
2021-06-11,15813.35,15824.7,15812.35,15824.15,11:10:00,15811.034080761656,4,24
2021-06-11,15802.75,15812.85,15798.05,15812.0,11:15:00,15810.245120689116,4,25
2021-06-11,15797.5,15806.45,15796.75,15803.4,11:20:00,15809.031299671104,4,26
2021-06-11,15789.25,15802.7,15788.4,15796.1,11:25:00,15807.147366369096,4,27
2021-06-11,15783.4,15794.5,15781.2,15788.75,11:30:00,15804.88571242918,4,28
2021-06-11,15789.3,15793.6,15780.4,15782.8,11:35:00,15803.401358864498,4,29
2021-06-11,15794.1,15795.0,15788.75,15789.4,11:40:00,15802.515515163115,4,30
2021-06-11,15792.2,15799.15,15790.55,15793.65,11:45:00,15801.53308514758,4,31
2021-06-11,15794.0,15795.6,15787.4,15791.55,11:50:00,15800.815648466858,4,32
2021-06-11,15799.2,15807.6,15793.3,15793.3,11:55:00,15800.6617771843,4,33
2021-06-11,15806.0,15807.0,15798.65,15798.95,12:00:00,15801.170179357225,4,34
2021-06-11,15797.35,15807.45,15796.0,15806.6,12:05:00,15800.806352751775,4,35
2021-06-11,15754.2,15797.45,15750.35,15797.15,12:10:00,15796.367652489702,4,36
2021-06-11,15771.6,15777.8,15749.8,15753.85,12:15:00,15794.008828443062,4,37
2021-06-11,15775.8,15780.7,15771.25,15773.1,12:20:00,15792.27465430563,4,38
2021-06-11,15780.85,15783.1,15769.8,15776.65,12:25:00,15791.186591990809,4,39
2021-06-11,15775.55,15786.9,15774.4,15781.05,12:30:00,15789.697392753587,4,40
2021-06-11,15776.5,15779.6,15773.7,15775.2,12:35:00,15788.440498205626,4,41
2021-06-11,15787.55,15788.5,15775.55,15775.75,12:40:00,15788.35568885271,4,42
2021-06-11,15794.5,15795.35,15786.85,15788.35,12:45:00,15788.940861342928,4,43
2021-06-11,15793.25,15798.7,15793.05,15794.6,12:50:00,15789.351255500744,4,44
2021-06-11,15798.9,15799.4,15791.7,15793.55,12:55:00,15790.260659738768,4,45
2021-06-11,15787.0,15799.55,15783.65,15798.75,13:00:00,15789.950120716028,4,46
2021-06-11,15781.4,15789.6,15781.4,15787.35,13:05:00,15789.135823504976,4,47
2021-06-11,15793.25,15793.55,15779.35,15781.45,13:10:00,15789.527649837835,4,48
2021-06-11,15789.15,15794.45,15786.75,15793.05,13:15:00,15789.491683186616,4,49
2021-06-11,15772.9,15790.65,15768.15,15789.3,13:20:00,15787.911522883129,4,50
2021-06-11,15764.55,15773.7,15761.05,15773.25,13:25:00,15785.686615941877,4,51
2021-06-11,15778.35,15778.65,15761.3,15764.8,13:30:00,15784.98789061408,4,52
2021-06-11,15775.05,15779.45,15773.4,15777.35,13:35:00,15784.04142484131,4,53
2021-06-11,15780.1,15785.1,15773.7,15774.75,13:40:00,15783.6660510469,4,54
2021-06-11,15792.15,15794.15,15780.45,15780.45,13:45:00,15784.47404618529,4,55
2021-06-11,15792.95,15797.7,15789.3,15792.75,13:50:00,15785.28127988193,4,56
2021-06-11,15789.35,15794.1,15785.75,15793.05,13:55:00,15785.668777036031,4,57
2021-06-11,15794.85,15797.45,15788.25,15790.4,14:00:00,15786.543179223076,4,58
2021-06-11,15806.2,15808.05,15794.65,15795.25,14:05:00,15788.41525739231,4,59
2021-06-11,15809.25,15812.2,15806.45,15806.95,14:10:00,15790.399518593042,4,60
2021-06-11,15801.15,15809.6,15801.1,15809.15,14:15:00,15791.423373965134,4,61
2021-06-11,15801.3,15803.95,15796.9,15801.2,14:20:00,15792.364005016074,4,62
2021-06-11,15807.0,15809.15,15799.9,15801.6,14:25:00,15793.757909300257,4,63
2021-06-11,15799.0,15808.45,15798.95,15806.75,14:30:00,15794.257156033564,4,64
2021-06-11,15799.25,15802.85,15786.6,15798.85,14:35:00,15794.732664982748,4,65
2021-06-11,15805.3,15805.4,15795.2,15799.6,14:40:00,15795.739077841534,4,66
2021-06-11,15795.8,15805.45,15795.3,15805.05,14:45:00,15795.744879951864,4,67
2021-06-11,15791.4,15796.9,15783.25,15796.9,14:50:00,15795.331081861212,4,68
2021-06-11,15794.6,15795.65,15787.95,15791.7,14:55:00,15795.261455017288,4,69
2021-06-11,15797.8,15799.35,15789.1,15794.5,15:00:00,15795.503221206116,4,70
2021-06-11,15790.2,15798.15,15790.2,15797.85,15:05:00,15794.99815251982,4,71
2021-06-11,15799.5,15800.4,15790.1,15790.1,15:10:00,15795.426899898885,4,72
2021-06-11,15800.9,15803.75,15795.85,15799.7,15:15:00,15795.948147527562,4,73
2021-06-11,15800.9,15806.6,15795.8,15801.0,15:20:00,15796.419752524938,4,74
2021-06-11,15805.0,15807.6,15800.65,15801.75,15:25:00,15797.236918951136,4,75
2021-06-14,15769.0,15791.9,15735.55,15791.9,09:15:00,15794.547688574836,0,1
2021-06-14,15707.1,15765.15,15706.0,15765.15,09:20:00,15786.219337281991,0,2
2021-06-14,15663.4,15705.85,15661.7,15705.8,09:25:00,15774.522257540852,0,3
2021-06-14,15610.2,15664.2,15608.5,15664.2,09:30:00,15758.872518727436,0,4
2021-06-14,15671.15,15675.75,15606.5,15607.4,09:35:00,15750.517993134346,0,5
2021-06-14,15680.45,15685.85,15657.75,15669.9,09:40:00,15743.844850931077,0,6
2021-06-14,15687.15,15688.45,15668.65,15680.1,09:45:00,15738.445341318593,0,7
2021-06-14,15696.35,15697.6,15681.7,15687.6,09:50:00,15734.43626119301,0,8
2021-06-14,15717.55,15726.55,15695.15,15697.8,09:55:00,15732.828045841294,0,9
2021-06-14,15712.1,15726.05,15697.65,15718.5,10:00:00,15730.85394623736,0,10
2021-06-14,15713.85,15719.3,15706.0,15710.8,10:05:00,15729.234522786182,0,11
2021-06-14,15733.25,15740.75,15713.25,15713.75,10:10:00,15729.6169491875,0,12
2021-06-14,15722.35,15734.85,15719.4,15731.6,10:15:00,15728.92485878869,0,13
2021-06-14,15724.1,15732.55,15722.95,15723.95,10:20:00,15728.465348427862,0,14
2021-06-14,15717.55,15729.4,15717.55,15724.2,10:25:00,15727.425791434733,0,15
2021-06-14,15720.25,15725.9,15709.45,15718.7,10:30:00,15726.742382726665,0,16
2021-06-14,15724.9,15728.75,15721.1,15721.1,10:35:00,15726.566917705077,0,17
2021-06-14,15721.0,15727.0,15718.15,15723.6,10:40:00,15726.036735066498,0,18
2021-06-14,15718.0,15721.5,15710.05,15720.2,10:45:00,15725.271331726832,0,19
2021-06-14,15713.45,15726.15,15713.45,15716.95,10:50:00,15724.14549060999,0,20
2021-06-14,15714.75,15718.35,15707.45,15712.75,10:55:00,15723.250681980468,0,21
2021-06-14,15703.4,15715.25,15701.75,15714.6,11:00:00,15721.36014083947,0,22
2021-06-14,15688.8,15704.6,15688.55,15703.1,11:05:00,15718.259175045234,0,23
2021-06-14,15704.8,15707.2,15684.15,15688.45,11:10:00,15716.97734885045,0,24
2021-06-14,15705.55,15706.75,15699.15,15704.15,11:15:00,15715.889029912312,0,25
2021-06-14,15696.45,15705.65,15694.75,15704.8,11:20:00,15714.037693730186,0,26
2021-06-14,15703.8,15706.1,15694.25,15695.75,11:25:00,15713.062675279692,0,27
2021-06-14,15711.0,15711.2,15700.8,15704.45,11:30:00,15712.86623001496,0,28
2021-06-14,15711.85,15712.9,15708.75,15710.05,11:35:00,15712.76944620401,0,29
2021-06-14,15715.0,15717.9,15711.4,15711.45,11:40:00,15712.981879898867,0,30
2021-06-14,15714.9,15719.8,15709.7,15713.95,11:45:00,15713.164558003737,0,31
2021-06-14,15716.35,15716.4,15711.15,15714.0,11:50:00,15713.467933431952,0,32
2021-06-14,15715.25,15725.4,15713.75,15715.4,11:55:00,15713.637654057478,0,33
2021-06-14,15717.75,15720.15,15713.85,15717.1,12:00:00,15714.029306052003,0,34
2021-06-14,15717.75,15721.55,15715.15,15717.55,12:05:00,15714.383657856572,0,35
2021-06-14,15719.8,15721.8,15715.55,15717.7,12:10:00,15714.899499965471,0,36
2021-06-14,15716.95,15726.25,15712.45,15719.45,12:15:00,15715.094785683046,0,37
2021-06-14,15724.1,15725.75,15717.2,15717.2,12:20:00,15715.952425141802,0,38
2021-06-14,15725.0,15727.1,15720.8,15724.25,12:25:00,15716.81409893782,0,39
2021-06-14,15734.25,15737.9,15724.35,15727.1,12:30:00,15718.474660943742,0,40
2021-06-14,15739.8,15742.8,15731.85,15734.3,12:35:00,15720.505645615767,0,41
2021-06-14,15736.1,15740.1,15731.5,15740.1,12:40:00,15721.990822223788,0,42
2021-06-14,15739.1,15742.15,15734.65,15737.05,12:45:00,15723.620267726285,0,43
2021-06-14,15742.95,15749.0,15736.25,15739.35,12:50:00,15725.461194609496,0,44
2021-06-14,15744.65,15747.35,15739.85,15743.6,12:55:00,15727.288699884784,0,45
2021-06-14,15743.25,15747.0,15740.35,15745.95,13:00:00,15728.80882370528,0,46
2021-06-14,15742.35,15746.7,15740.0,15745.3,13:05:00,15730.098459542873,0,47
2021-06-14,15723.15,15743.6,15717.05,15742.85,13:10:00,15729.43670149117,0,48
2021-06-14,15725.95,15728.1,15721.65,15723.45,13:15:00,15729.104634682488,0,49
2021-06-14,15780.35,15800.6,15725.3,15726.55,13:20:00,15733.985145665109,0,50
2021-06-14,15775.1,15785.85,15770.85,15781.25,13:25:00,15737.900846077957,0,51
2021-06-14,15780.95,15787.1,15775.9,15776.1,13:30:00,15742.000765499102,0,52
2021-06-14,15785.7,15785.7,15773.05,15781.55,13:35:00,15746.16259735633,0,53
2021-06-14,15786.5,15790.0,15774.7,15786.85,13:40:00,15750.004254750966,0,54
2021-06-14,15798.1,15798.55,15782.8,15788.15,13:45:00,15754.58480191754,0,55
2021-06-14,15803.6,15804.5,15789.4,15798.65,13:50:00,15759.252916020632,0,56
2021-06-14,15786.95,15804.3,15775.5,15803.5,13:55:00,15761.890733542476,0,57
2021-06-14,15790.2,15794.55,15786.1,15788.55,14:00:00,15764.58685415748,0,58
2021-06-14,15801.2,15802.3,15787.15,15790.6,14:05:00,15768.073820428195,0,59
2021-06-14,15798.95,15808.25,15798.5,15801.5,14:10:00,15771.014408958845,0,60
2021-06-14,15809.1,15810.95,15796.25,15800.4,14:15:00,15774.64160810562,0,61
2021-06-14,15793.15,15810.0,15789.85,15809.85,14:20:00,15776.404312095565,0,62
2021-06-14,15801.9,15806.05,15793.1,15793.8,14:25:00,15778.832472848368,0,63
2021-06-14,15794.6,15804.3,15794.05,15802.4,14:30:00,15780.334142100905,0,64
2021-06-14,15800.65,15809.15,15785.95,15795.05,14:35:00,15782.268985710343,0,65
2021-06-14,15812.0,15816.05,15802.8,15803.05,14:40:00,15785.100510880786,0,66
2021-06-14,15805.8,15813.35,15801.75,15813.35,14:45:00,15787.0718907969,0,67
2021-06-14,15807.8,15810.45,15803.05,15806.2,14:50:00,15789.04599643529,0,68
2021-06-14,15812.75,15817.35,15807.65,15808.15,14:55:00,15791.303520584312,0,69
2021-06-14,15806.4,15819.5,15804.1,15812.3,15:00:00,15792.741280528662,0,70
2021-06-14,15805.95,15807.95,15797.4,15806.6,15:05:00,15793.999253811648,0,71
2021-06-14,15808.2,15812.85,15805.6,15806.5,15:10:00,15795.351705829586,0,72
2021-06-14,15816.65,15817.25,15809.25,15809.25,15:15:00,15797.380114798198,0,73
2021-06-14,15816.5,15823.05,15808.05,15816.6,15:20:00,15799.20105624599,0,74
2021-06-14,15809.45,15817.85,15807.25,15816.6,15:25:00,15800.177146127324,0,75
2021-06-15,15873.85,15876.3,15842.4,15869.1,09:15:00,15807.193608400912,1,1
2021-06-15,15875.7,15878.75,15866.65,15866.65,09:20:00,15813.718026648445,1,2
2021-06-15,15882.35,15884.7,15872.75,15873.75,09:25:00,15820.25440506288,1,3
2021-06-15,15879.55,15889.6,15870.8,15882.8,09:30:00,15825.9016045807,1,4
2021-06-15,15886.25,15887.55,15873.55,15879.45,09:35:00,15831.64907081111,1,5
2021-06-15,15886.3,15887.8,15875.0,15886.8,09:40:00,15836.853921210051,1,6
2021-06-15,15885.65,15887.65,15874.9,15887.55,09:45:00,15841.501166809096,1,7
2021-06-15,15884.3,15891.35,15882.7,15884.1,09:50:00,15845.57724616061,1,8
2021-06-15,15886.85,15888.1,15883.5,15883.5,09:55:00,15849.507984621505,1,9
2021-06-15,15878.8,15888.5,15873.15,15887.05,10:00:00,15852.297700371835,1,10
2021-06-15,15879.95,15881.9,15875.25,15878.45,10:05:00,15854.931252717375,1,11
2021-06-15,15887.05,15887.05,15873.85,15880.1,10:10:00,15857.990181030009,1,12
2021-06-15,15891.4,15893.3,15885.85,15886.55,10:15:00,15861.17206855096,1,13
2021-06-15,15893.05,15898.65,15889.0,15890.35,10:20:00,15864.208062022297,1,14
2021-06-15,15900.8,15901.5,15890.25,15891.5,10:25:00,15867.693008496364,1,15
2021-06-15,15894.7,15901.6,15888.2,15900.9,10:30:00,15870.26510292528,1,16
2021-06-15,15885.55,15894.2,15881.4,15893.5,10:35:00,15871.720807408588,1,17
2021-06-15,15885.6,15888.2,15883.05,15885.7,10:40:00,15873.042635274434,1,18
2021-06-15,15887.05,15889.55,15884.6,15885.2,10:45:00,15874.376670010202,1,19
2021-06-15,15884.1,15887.35,15878.3,15886.5,10:50:00,15875.302701437802,1,20
2021-06-15,15890.2,15891.4,15883.3,15883.3,10:55:00,15876.72149177706,1,21
2021-06-15,15892.6,15894.25,15889.75,15890.4,11:00:00,15878.233730655436,1,22
2021-06-15,15885.25,15891.9,15882.4,15891.3,11:05:00,15878.90194678349,1,23
2021-06-15,15883.75,15887.55,15881.65,15885.1,11:10:00,15879.363666137444,1,24
2021-06-15,15883.5,15886.5,15878.65,15884.25,11:15:00,15879.757602695783,1,25
2021-06-15,15883.5,15888.45,15882.7,15883.9,11:20:00,15880.11402148666,1,26
2021-06-15,15881.55,15885.15,15878.3,15884.0,11:25:00,15880.250781345074,1,27
2021-06-15,15884.55,15884.55,15877.9,15881.65,11:30:00,15880.66023074078,1,28
2021-06-15,15880.5,15885.4,15879.3,15884.3,11:35:00,15880.64497067023,1,29
2021-06-15,15876.35,15881.3,15875.9,15879.55,11:40:00,15880.235925844494,1,30
2021-06-15,15873.85,15879.0,15867.05,15875.35,11:45:00,15879.627742430732,1,31
2021-06-15,15882.55,15884.15,15873.35,15873.35,11:50:00,15879.906052675424,1,32
2021-06-15,15878.8,15882.85,15877.6,15882.0,11:55:00,15879.800714325384,1,33
2021-06-15,15876.8,15879.35,15872.85,15878.9,12:00:00,15879.514932008678,1,34
2021-06-15,15879.3,15879.9,15875.5,15877.0,12:05:00,15879.494462293564,1,35
2021-06-15,15876.7,15880.35,15876.35,15878.55,12:10:00,15879.228323027512,1,36
2021-06-15,15889.85,15898.8,15874.55,15877.05,12:15:00,15880.239911310608,1,37
2021-06-15,15890.5,15894.7,15884.35,15889.9,12:20:00,15881.21706261436,1,38
2021-06-15,15885.85,15891.55,15881.9,15890.3,12:25:00,15881.658294746325,1,39
2021-06-15,15883.9,15886.05,15880.75,15885.45,12:30:00,15881.87179048477,1,40
2021-06-15,15889.2,15890.0,15882.8,15883.3,12:35:00,15882.569715200509,1,41
2021-06-15,15888.95,15891.3,15885.8,15888.95,12:40:00,15883.177361371889,1,42
2021-06-15,15887.75,15889.55,15881.45,15888.2,12:45:00,15883.61285076504,1,43
2021-06-15,15886.3,15888.9,15884.4,15887.4,12:50:00,15883.8687697398,1,44
2021-06-15,15889.1,15889.95,15884.1,15885.9,12:55:00,15884.366982145531,1,45
2021-06-15,15891.65,15892.7,15888.55,15888.7,13:00:00,15885.060602893578,1,46
2021-06-15,15883.5,15891.6,15881.45,15891.2,13:05:00,15884.911974046572,1,47
2021-06-15,15887.4,15889.55,15882.35,15883.05,13:10:00,15885.14892889928,1,48
2021-06-15,15889.2,15891.7,15885.1,15887.9,13:15:00,15885.534745194587,1,49
2021-06-15,15890.3,15891.4,15882.25,15888.7,13:20:00,15885.98857898558,1,50
2021-06-15,15887.85,15891.0,15886.8,15890.65,13:25:00,15886.16585717743,1,51
2021-06-15,15885.0,15887.7,15879.75,15887.65,13:30:00,15886.054823160532,1,52
2021-06-15,15862.95,15885.6,15856.5,15885.2,13:35:00,15883.85436381191,1,53
2021-06-15,15864.65,15872.55,15861.7,15861.95,13:40:00,15882.025376782203,1,54
2021-06-15,15869.95,15870.8,15858.15,15863.65,13:45:00,15880.875340898185,1,55
2021-06-15,15876.7,15876.7,15868.2,15870.05,13:50:00,15880.477689384072,1,56
2021-06-15,15883.7,15887.05,15875.4,15876.15,13:55:00,15880.784576109398,1,57
2021-06-15,15896.45,15898.95,15882.9,15883.8,14:00:00,15882.276521241836,1,58
2021-06-15,15888.45,15897.55,15887.0,15896.25,14:05:00,15882.864471599758,1,59
2021-06-15,15888.95,15891.3,15886.7,15888.05,14:10:00,15883.444045733117,1,60
2021-06-15,15886.65,15889.95,15885.6,15887.85,14:15:00,15883.749374710913,1,61
2021-06-15,15892.8,15894.65,15886.55,15886.85,14:20:00,15884.61133902416,1,62
2021-06-15,15884.4,15894.4,15884.35,15892.6,14:25:00,15884.591211498047,1,63
2021-06-15,15887.0,15891.05,15881.6,15884.95,14:30:00,15884.820619926804,1,64
2021-06-15,15882.65,15889.9,15880.1,15889.9,14:35:00,15884.61389421949,1,65
2021-06-15,15873.4,15882.3,15868.05,15882.2,14:40:00,15883.545904293824,1,66
2021-06-15,15878.7,15883.0,15872.0,15872.75,14:45:00,15883.084389599171,1,67
2021-06-15,15875.55,15880.4,15873.5,15878.85,14:50:00,15882.366828684966,1,68
2021-06-15,15869.9,15880.55,15869.9,15875.85,14:55:00,15881.17951166735,1,69
2021-06-15,15875.1,15881.5,15869.65,15869.95,15:00:00,15880.600510556173,1,70
2021-06-15,15871.05,15875.7,15866.5,15875.7,15:05:00,15879.69093812225,1,71
2021-06-15,15877.0,15877.75,15869.0,15871.2,15:10:00,15879.434658301085,1,72
2021-06-15,15871.75,15877.75,15868.05,15877.75,15:15:00,15878.702786081934,1,73
2021-06-15,15866.75,15873.45,15859.45,15871.5,15:20:00,15877.564425502702,1,74
2021-06-15,15858.05,15868.6,15854.55,15866.8,15:25:00,15875.70590878816,1,75
2021-06-16,15843.2,15854.35,15815.0,15848.9,09:15:00,15869.809145289171,2,1
2021-06-16,15869.45,15870.9,15836.65,15839.55,09:20:00,15869.774940975918,2,2
2021-06-16,15864.05,15873.05,15857.1,15869.25,09:25:00,15869.229708502022,2,3
2021-06-16,15875.85,15878.0,15861.6,15863.6,09:30:00,15869.86021245421,2,4
2021-06-16,15870.15,15880.85,15869.95,15874.95,09:35:00,15869.887811268094,2,5
2021-06-16,15850.8,15872.05,15850.8,15871.05,09:40:00,15868.069924480656,2,6
2021-06-16,15828.0,15855.05,15827.6,15851.1,09:45:00,15864.253741196784,2,7
2021-06-16,15839.6,15842.55,15827.3,15827.3,09:50:00,15861.90576584471,2,8
2021-06-16,15833.15,15840.35,15830.0,15838.65,09:55:00,15859.167121478546,2,9
2021-06-16,15828.7,15844.5,15827.45,15832.75,10:00:00,15856.265490861542,2,10
2021-06-16,15820.45,15832.2,15816.2,15829.35,10:05:00,15852.854491731872,2,11
2021-06-16,15826.1,15832.3,15816.25,15819.3,10:10:00,15850.306444900263,2,12
2021-06-16,15818.5,15826.35,15817.1,15824.9,10:15:00,15847.277259671668,2,13
2021-06-16,15800.05,15820.25,15799.1,15818.15,10:20:00,15842.779425417222,2,14
2021-06-16,15797.6,15805.85,15795.6,15798.75,10:25:00,15838.476622996532,2,15
2021-06-16,15808.85,15813.3,15792.55,15797.75,10:30:00,15835.655039854008,2,16
2021-06-16,15803.75,15810.7,15801.2,15807.35,10:35:00,15832.616464629817,2,17
2021-06-16,15808.25,15813.35,15799.4,15805.2,10:40:00,15830.295848950786,2,18
2021-06-16,15801.55,15808.55,15800.65,15808.55,10:45:00,15827.55814905071,2,19
2021-06-16,15778.4,15802.65,15777.05,15801.15,10:50:00,15822.876420569692,2,20
2021-06-16,15777.2,15780.7,15768.0,15778.05,10:55:00,15818.52628527734,2,21
2021-06-16,15790.6,15791.55,15773.85,15777.7,11:00:00,15815.866639060452,2,22
2021-06-16,15790.95,15800.5,15790.0,15790.4,11:05:00,15813.4936258166,2,23
2021-06-16,15783.8,15796.1,15782.65,15790.45,11:10:00,15810.665661453117,2,24
2021-06-16,15788.0,15788.55,15780.75,15784.3,11:15:00,15808.507027029009,2,25
2021-06-16,15789.55,15797.7,15787.4,15787.85,11:20:00,15806.701595883387,2,26
2021-06-16,15794.95,15796.4,15788.85,15790.5,11:25:00,15805.582396275448,2,27
2021-06-16,15798.6,15800.45,15794.7,15795.8,11:30:00,15804.917406153976,2,28
2021-06-16,15793.0,15802.25,15793.0,15798.65,11:35:00,15803.782415091691,2,29
2021-06-16,15781.3,15794.0,15780.05,15793.45,11:40:00,15801.641232702008,2,30
2021-06-16,15785.9,15788.8,15780.9,15780.9,11:45:00,15800.14206768277,2,31
2021-06-16,15789.55,15793.4,15785.4,15785.6,11:50:00,15799.133299332028,2,32
2021-06-16,15795.8,15797.35,15788.95,15790.05,11:55:00,15798.815842252789,2,33
2021-06-16,15790.2,15797.05,15790.15,15796.9,12:00:00,15797.995285847765,2,34
2021-06-16,15782.35,15802.75,15779.65,15789.9,12:05:00,15796.505258624167,2,35
2021-06-16,15787.65,15788.45,15781.0,15781.5,12:10:00,15795.66190065996,2,36
2021-06-16,15791.4,15792.3,15786.05,15787.55,12:15:00,15795.256005359011,2,37
2021-06-16,15791.0,15794.05,15789.05,15790.2,12:20:00,15794.850671515298,2,38
2021-06-16,15785.6,15791.15,15783.5,15790.7,12:25:00,15793.969655180508,2,39
2021-06-16,15787.05,15787.05,15783.1,15785.05,12:30:00,15793.310640401412,2,40
2021-06-16,15772.25,15795.85,15772.25,15786.75,12:35:00,15791.304865125088,2,41
2021-06-16,15764.15,15772.65,15755.1,15772.05,12:40:00,15788.718687494127,2,42
2021-06-16,15772.6,15775.75,15759.1,15762.6,12:45:00,15787.183574399449,2,43
2021-06-16,15771.5,15774.0,15769.4,15772.55,12:50:00,15785.68990064712,2,44
2021-06-16,15767.25,15774.9,15766.75,15770.95,12:55:00,15783.933719633107,2,45
2021-06-16,15776.15,15777.3,15765.0,15767.1,13:00:00,15783.192413001383,2,46
2021-06-16,15778.0,15785.95,15768.75,15776.0,13:05:00,15782.69789747744,2,47
2021-06-16,15788.65,15788.7,15776.95,15776.95,13:10:00,15783.26476438435,2,48
2021-06-16,15796.9,15799.3,15787.6,15788.5,13:15:00,15784.563358252508,2,49
2021-06-16,15793.65,15797.45,15790.8,15796.65,13:20:00,15785.428752704647,2,50
2021-06-16,15793.5,15795.6,15787.15,15793.8,13:25:00,15786.197442923254,2,51
2021-06-16,15788.85,15799.65,15785.45,15793.25,13:30:00,15786.450067406757,2,52
2021-06-16,15791.1,15793.4,15787.65,15789.5,13:35:00,15786.89291812992,2,53
2021-06-16,15796.4,15799.55,15788.4,15790.4,13:40:00,15787.7983544985,2,54
2021-06-16,15803.95,15808.1,15795.2,15795.2,13:45:00,15789.336606451025,2,55
2021-06-16,15802.7,15806.4,15800.0,15804.3,13:50:00,15790.609310598544,2,56
2021-06-16,15805.4,15812.2,15802.15,15802.15,13:55:00,15792.017947684397,2,57
2021-06-16,15807.2,15809.1,15804.55,15806.2,14:00:00,15793.46385742874,2,58
2021-06-16,15814.2,15817.45,15807.6,15808.45,14:05:00,15795.438728149811,2,59
2021-06-16,15814.3,15821.1,15814.1,15815.2,14:10:00,15797.235039754592,2,60
2021-06-16,15811.0,15818.55,15802.05,15814.2,14:15:00,15798.545988349391,2,61
2021-06-16,15815.5,15816.1,15810.05,15811.95,14:20:00,15800.16065612564,2,62
2021-06-16,15824.1,15825.7,15813.65,15815.25,14:25:00,15802.440593637484,2,63
2021-06-16,15808.55,15825.4,15808.55,15825.4,14:30:00,15803.022441862486,2,64
2021-06-16,15807.15,15811.6,15805.15,15808.25,14:35:00,15803.415542637484,2,65
2021-06-16,15811.0,15813.15,15806.7,15807.9,14:40:00,15804.137871910105,2,66
2021-06-16,15811.25,15820.65,15810.25,15811.25,14:45:00,15804.815217442476,2,67
2021-06-16,15804.05,15818.65,15804.05,15811.8,14:50:00,15804.742339590812,2,68
2021-06-16,15800.0,15808.3,15800.0,15803.35,14:55:00,15804.29068820121,2,69
2021-06-16,15783.0,15801.45,15770.6,15801.35,15:00:00,15802.263003610618,2,70
2021-06-16,15780.35,15784.45,15774.25,15782.7,15:05:00,15800.176050885795,2,71
2021-06-16,15768.25,15781.2,15764.45,15780.85,15:10:00,15797.13547461096,2,72
2021-06-16,15755.55,15775.5,15754.4,15770.05,15:15:00,15793.17495321944,2,73
2021-06-16,15760.3,15762.8,15742.6,15756.2,15:20:00,15790.04400529378,2,74
2021-06-16,15756.0,15762.1,15752.15,15760.55,15:25:00,15786.801719075323,2,75
2021-06-17,15683.3,15688.05,15644.7,15659.95,09:15:00,15776.94441249672,3,1
2021-06-17,15695.55,15696.8,15669.95,15682.25,09:20:00,15769.19256368751,3,2
2021-06-17,15709.45,15710.35,15688.25,15696.95,09:25:00,15763.50279571727,3,3
2021-06-17,15707.85,15716.25,15696.05,15711.15,09:30:00,15758.202529458482,3,4
2021-06-17,15707.8,15714.45,15705.75,15707.25,09:35:00,15753.402288557674,3,5
2021-06-17,15717.65,15719.3,15708.5,15708.5,09:40:00,15749.997308695038,3,6
2021-06-17,15715.25,15722.8,15713.9,15717.2,09:45:00,15746.688041200272,3,7
2021-06-17,15727.45,15729.1,15705.15,15715.35,09:50:00,15744.855846800248,3,8
2021-06-17,15726.7,15734.25,15722.8,15727.3,09:55:00,15743.126718533556,3,9
2021-06-17,15724.8,15730.35,15720.5,15726.5,10:00:00,15741.381316768457,3,10
2021-06-17,15726.0,15728.8,15719.45,15724.9,10:05:00,15739.916429457176,3,11
2021-06-17,15735.45,15738.25,15724.1,15725.9,10:10:00,15739.49105522316,3,12
2021-06-17,15739.9,15741.55,15733.75,15736.3,10:15:00,15739.530002344763,3,13
2021-06-17,15736.9,15744.5,15734.5,15739.85,10:20:00,15739.279525930977,3,14
2021-06-17,15738.9,15739.55,15734.6,15736.35,10:25:00,15739.243380604215,3,15
2021-06-17,15743.8,15748.1,15735.45,15737.4,10:30:00,15739.677344356196,3,16
2021-06-17,15755.85,15756.45,15743.25,15743.95,10:35:00,15741.217597274654,3,17
2021-06-17,15754.0,15769.35,15751.3,15756.75,10:40:00,15742.434968962782,3,18
2021-06-17,15746.85,15755.4,15743.15,15753.95,10:45:00,15742.855448109183,3,19
2021-06-17,15741.05,15746.95,15736.0,15746.9,10:50:00,15742.683500670211,3,20
2021-06-17,15737.8,15742.45,15732.9,15740.85,10:55:00,15742.218405368289,3,21
2021-06-17,15740.45,15741.65,15733.25,15736.65,11:00:00,15742.049985809404,3,22
2021-06-17,15741.5,15751.15,15739.7,15739.95,11:05:00,15741.997606208508,3,23
2021-06-17,15743.35,15745.9,15739.55,15741.0,11:10:00,15742.126405617222,3,24
2021-06-17,15736.0,15743.65,15734.1,15743.1,11:15:00,15741.54293841558,3,25
2021-06-17,15730.35,15736.1,15725.25,15736.1,11:20:00,15740.476944280765,3,26
2021-06-17,15730.95,15733.15,15724.85,15730.25,11:25:00,15739.569616254026,3,27
2021-06-17,15717.3,15731.3,15716.75,15731.2,11:30:00,15737.44870042031,3,28
2021-06-17,15713.85,15720.9,15710.8,15717.75,11:35:00,15735.201205142184,3,29
2021-06-17,15723.1,15724.6,15712.25,15713.55,11:40:00,15734.048709414355,3,30
2021-06-17,15717.9,15726.6,15713.1,15723.05,11:45:00,15732.510737089182,3,31
2021-06-17,15714.4,15717.95,15711.3,15717.8,11:50:00,15730.78590498545,3,32
2021-06-17,15706.8,15718.05,15701.7,15714.6,11:55:00,15728.501533082072,3,33
2021-06-17,15717.65,15717.65,15699.15,15705.95,12:00:00,15727.468053740922,3,34
2021-06-17,15716.75,15721.1,15713.65,15717.25,12:05:00,15726.447286717976,3,35
2021-06-17,15710.5,15716.55,15709.0,15716.1,12:10:00,15724.928497506742,3,36
2021-06-17,15698.75,15710.75,15692.2,15710.75,12:15:00,15722.435307268004,3,37
2021-06-17,15697.6,15709.75,15696.75,15698.5,12:20:00,15720.070039909147,3,38
2021-06-17,15698.95,15703.4,15696.35,15697.25,12:25:00,15718.058607536848,3,39
2021-06-17,15711.2,15711.2,15693.65,15698.9,12:30:00,15717.405406819053,3,40
2021-06-17,15718.75,15719.15,15709.8,15711.5,12:35:00,15717.533463312477,3,41
2021-06-17,15715.6,15718.8,15704.35,15718.5,12:40:00,15717.349323949384,3,42
2021-06-17,15723.65,15728.85,15711.9,15715.8,12:45:00,15717.949388335155,3,43
2021-06-17,15722.25,15725.9,15719.7,15723.2,12:50:00,15718.358970398476,3,44
2021-06-17,15724.2,15726.85,15721.6,15722.45,12:55:00,15718.915258931956,3,45
2021-06-17,15733.55,15734.2,15717.0,15724.5,13:00:00,15720.309043795578,3,46
2021-06-17,15732.45,15740.05,15728.0,15734.15,13:05:00,15721.465325338855,3,47
2021-06-17,15725.6,15738.95,15722.65,15731.8,13:10:00,15721.859103878012,3,48
2021-06-17,15721.15,15726.0,15718.15,15725.85,13:15:00,15721.791570175345,3,49
2021-06-17,15711.8,15722.75,15704.15,15720.7,13:20:00,15720.839992063407,3,50
2021-06-17,15708.7,15717.45,15707.55,15711.75,13:25:00,15719.683802343085,3,51
2021-06-17,15724.7,15726.95,15706.3,15708.95,13:30:00,15720.161535453266,3,52
2021-06-17,15729.3,15731.7,15722.6,15725.2,13:35:00,15721.031865410096,3,53
2021-06-17,15718.8,15730.45,15718.8,15729.45,13:40:00,15720.81930679961,3,54
2021-06-17,15719.1,15719.8,15714.0,15718.3,13:45:00,15720.655563294886,3,55
2021-06-17,15710.6,15721.75,15708.6,15718.9,13:50:00,15719.697890600137,3,56
2021-06-17,15708.7,15711.55,15702.35,15710.35,13:55:00,15718.650472447742,3,57
2021-06-17,15702.5,15709.85,15697.25,15708.4,14:00:00,15717.112332214623,3,58
2021-06-17,15684.05,15702.75,15678.55,15702.75,14:05:00,15713.963538670374,3,59
2021-06-17,15654.65,15684.55,15654.65,15684.0,14:10:00,15708.314630225575,3,60
2021-06-17,15654.85,15664.7,15640.0,15654.4,14:15:00,15703.222760680284,3,61
2021-06-17,15626.5,15656.75,15616.75,15654.65,14:20:00,15695.915831091686,3,62
2021-06-17,15650.15,15651.15,15622.55,15626.45,14:25:00,15691.557180511529,3,63
2021-06-17,15657.3,15668.2,15645.75,15650.4,14:30:00,15688.29459189138,3,64
2021-06-17,15639.15,15658.05,15638.35,15657.9,14:35:00,15683.614154568391,3,65
2021-06-17,15648.75,15656.1,15639.4,15639.45,14:40:00,15680.293758895214,3,66
2021-06-17,15659.45,15663.2,15649.0,15649.9,14:45:00,15678.308639000432,3,67
2021-06-17,15654.35,15663.1,15649.1,15659.8,14:50:00,15676.026863857533,3,68
2021-06-17,15669.15,15672.4,15653.8,15654.8,14:55:00,15675.371924442528,3,69
2021-06-17,15694.65,15696.55,15670.7,15670.7,15:00:00,15677.20793163848,3,70
2021-06-17,15696.5,15700.3,15683.65,15696.8,15:05:00,15679.045271482431,3,71
2021-06-17,15704.55,15706.95,15695.95,15697.55,15:10:00,15681.47429324601,3,72
2021-06-17,15696.6,15708.8,15695.45,15706.25,15:15:00,15682.91483674639,3,73
2021-06-17,15681.4,15703.5,15681.05,15698.75,15:20:00,15682.770566580068,3,74
2021-06-17,15680.3,15682.0,15673.2,15680.6,15:25:00,15682.535274524824,3,75
2021-06-18,15734.0,15761.5,15732.8,15761.5,09:15:00,15687.43667695103,4,1
2021-06-18,15726.85,15732.9,15683.95,15732.9,09:20:00,15691.190326765218,4,2
2021-06-18,15729.1,15744.65,15724.95,15725.0,09:25:00,15694.800771835196,4,3
2021-06-18,15709.9,15730.05,15705.95,15728.25,09:30:00,15696.238793565177,4,4
2021-06-18,15705.2,15713.05,15692.85,15709.25,09:35:00,15697.092241797063,4,5
2021-06-18,15666.7,15707.95,15662.0,15705.3,09:40:00,15694.197742578295,4,6
2021-06-18,15647.85,15676.35,15642.75,15666.6,09:45:00,15689.783671856554,4,7
2021-06-18,15627.0,15659.6,15626.6,15646.4,09:50:00,15683.804274536882,4,8
2021-06-18,15589.75,15626.15,15574.75,15625.6,09:55:00,15674.846724580988,4,9
2021-06-18,15622.35,15625.35,15569.65,15588.7,10:00:00,15669.847036525656,4,10
2021-06-18,15609.3,15633.8,15606.75,15620.25,10:05:00,15664.080652094644,4,11
2021-06-18,15622.2,15624.95,15595.85,15608.25,10:10:00,15660.09201856182,4,12
2021-06-18,15606.9,15625.3,15605.6,15621.65,10:15:00,15655.026112032125,4,13
2021-06-18,15592.8,15615.8,15590.5,15606.55,10:20:00,15649.099815648113,4,14
2021-06-18,15560.2,15593.45,15555.6,15591.95,10:25:00,15640.633166538766,4,15
2021-06-18,15570.0,15576.8,15550.25,15560.8,10:30:00,15633.90619829698,4,16
2021-06-18,15560.0,15581.15,15554.7,15571.0,10:35:00,15626.867512744886,4,17
2021-06-18,15566.25,15577.65,15556.45,15560.15,10:40:00,15621.094416292992,4,18
2021-06-18,15540.1,15572.55,15535.65,15564.9,10:45:00,15613.380662360323,4,19
2021-06-18,15518.65,15548.75,15516.2,15539.95,10:50:00,15604.358694516484,4,20
2021-06-18,15458.45,15519.95,15450.9,15518.7,10:55:00,15590.462628372055,4,21
2021-06-18,15486.2,15519.6,15459.25,15459.25,11:00:00,15580.532854241384,4,22
2021-06-18,15513.3,15518.5,15482.9,15486.5,11:05:00,15574.129725266015,4,23
2021-06-18,15538.6,15543.95,15503.9,15512.6,11:10:00,15570.745941907348,4,24
2021-06-18,15551.75,15557.0,15528.15,15538.05,11:15:00,15568.936804582838,4,25
2021-06-18,15566.85,15573.3,15552.6,15553.1,11:20:00,15568.738061289234,4,26
2021-06-18,15572.7,15579.45,15555.0,15566.15,11:25:00,15569.115388785498,4,27
2021-06-18,15547.5,15577.95,15536.75,15573.15,11:30:00,15567.056780329736,4,28
2021-06-18,15534.5,15548.25,15533.5,15546.75,11:35:00,15563.956134584048,4,29
2021-06-18,15548.9,15555.15,15529.85,15532.2,11:40:00,15562.522217004616,4,30
2021-06-18,15554.6,15554.95,15542.05,15548.85,11:45:00,15561.767720147034,4,31
2021-06-18,15558.65,15562.95,15551.7,15554.8,11:50:00,15561.470794418745,4,32
2021-06-18,15560.15,15561.25,15551.3,15557.05,11:55:00,15561.345004474102,4,33
2021-06-18,15567.2,15574.7,15559.1,15559.95,12:00:00,15561.902623095615,4,34
2021-06-18,15551.65,15573.25,15551.65,15567.5,12:05:00,15560.926182800797,4,35
2021-06-18,15558.4,15559.5,15539.0,15551.15,12:10:00,15560.685593962626,4,36
2021-06-18,15566.2,15568.5,15555.3,15558.05,12:15:00,15561.210775489995,4,37
2021-06-18,15568.25,15572.75,15562.5,15566.0,12:20:00,15561.881177824282,4,38
2021-06-18,15571.4,15574.7,15562.65,15568.3,12:25:00,15562.787732317209,4,39
2021-06-18,15574.85,15583.55,15563.45,15570.1,12:30:00,15563.936519715568,4,40
2021-06-18,15591.35,15592.25,15576.4,15576.4,12:35:00,15566.547327361704,4,41
2021-06-18,15600.45,15609.5,15591.1,15591.1,12:40:00,15569.776153327257,4,42
2021-06-18,15599.5,15603.9,15593.7,15600.2,12:45:00,15572.606995867518,4,43
2021-06-18,15590.2,15604.1,15589.8,15599.6,12:50:00,15574.282520070612,4,44
2021-06-18,15585.05,15591.45,15576.8,15589.55,12:55:00,15575.3079943496,4,45
2021-06-18,15573.9,15586.7,15569.55,15584.85,13:00:00,15575.17389964964,4,46
2021-06-18,15579.65,15585.25,15572.4,15574.2,13:05:00,15575.600194921102,4,47
2021-06-18,15584.3,15599.25,15575.7,15580.0,13:10:00,15576.42874778576,4,48
2021-06-18,15588.15,15593.75,15581.2,15583.85,13:15:00,15577.54505752045,4,49
2021-06-18,15586.05,15592.95,15582.95,15587.35,13:20:00,15578.355052042312,4,50
2021-06-18,15562.2,15586.65,15560.9,15586.5,13:25:00,15576.81647565733,4,51
2021-06-18,15564.75,15575.9,15560.95,15562.5,13:30:00,15575.66728749949,4,52
2021-06-18,15581.0,15581.8,15564.5,15564.5,13:35:00,15576.17516488049,4,53
2021-06-18,15598.4,15598.4,15581.5,15582.1,13:40:00,15578.291815844252,4,54
2021-06-18,15596.5,15611.4,15595.7,15596.85,13:45:00,15580.02592862099,4,55
2021-06-18,15594.75,15603.2,15591.2,15596.45,13:50:00,15581.428221133276,4,56
2021-06-18,15627.9,15630.5,15593.3,15595.45,13:55:00,15585.85410483487,4,57
2021-06-18,15635.85,15639.4,15621.85,15627.3,14:00:00,15590.615618660122,4,58
2021-06-18,15632.6,15639.8,15618.1,15635.65,14:05:00,15594.61413116868,4,59
2021-06-18,15625.15,15634.9,15621.05,15634.75,14:10:00,15597.522309152617,4,60
2021-06-18,15634.2,15638.15,15624.5,15627.75,14:15:00,15601.015422566654,4,61
2021-06-18,15632.4,15636.15,15620.4,15634.65,14:20:00,15604.004429941258,4,62
2021-06-18,15662.0,15662.0,15622.3,15633.8,14:25:00,15609.5278175659,4,63
2021-06-18,15665.8,15666.15,15647.6,15661.75,14:30:00,15614.887073035816,4,64
2021-06-18,15661.95,15677.95,15653.3,15667.3,14:35:00,15619.369256556214,4,65
2021-06-18,15665.4,15670.75,15658.05,15662.15,14:40:00,15623.753136884196,4,66
2021-06-18,15652.6,15673.05,15652.35,15666.0,14:45:00,15626.50045718094,4,67
2021-06-18,15668.2,15669.8,15653.55,15653.85,14:50:00,15630.471842211326,4,68
2021-06-18,15656.95,15672.7,15650.95,15668.6,14:55:00,15632.993571524532,4,69
2021-06-18,15641.35,15663.3,15617.55,15656.25,15:00:00,15633.789421855528,4,70
2021-06-18,15663.4,15666.25,15635.0,15640.8,15:05:00,15636.609476916909,4,71
2021-06-18,15683.2,15685.75,15664.9,15664.95,15:10:00,15641.046669591487,4,72
2021-06-18,15705.45,15705.7,15683.15,15683.15,15:15:00,15647.180320106583,4,73
2021-06-18,15717.15,15719.45,15702.5,15704.95,15:20:00,15653.844099144051,4,74
2021-06-18,15719.85,15729.2,15717.7,15717.7,15:25:00,15660.130375416047,4,75
2021-06-21,15541.7,15548.0,15505.65,15533.1,09:15:00,15648.85129204309,0,1
2021-06-21,15572.9,15575.55,15522.6,15541.6,09:20:00,15641.617835658031,0,2
2021-06-21,15576.2,15584.6,15563.55,15572.6,09:25:00,15635.387565595363,0,3
2021-06-21,15576.2,15585.2,15563.8,15576.6,09:30:00,15629.750654586282,0,4
2021-06-21,15576.95,15581.05,15554.7,15575.95,09:35:00,15624.72202081616,0,5
2021-06-21,15582.75,15590.5,15570.5,15577.95,09:40:00,15620.724685500336,0,6
2021-06-21,15573.85,15584.15,15569.95,15582.85,09:45:00,15616.2604297384,0,7
2021-06-21,15560.05,15576.6,15546.9,15573.05,09:50:00,15610.9070554776,0,8
2021-06-21,15573.4,15577.95,15558.45,15559.65,09:55:00,15607.334954955924,0,9
2021-06-21,15579.35,15593.45,15570.2,15573.95,10:00:00,15604.669721150598,0,10
2021-06-21,15597.55,15601.4,15578.65,15578.65,10:05:00,15603.99165246959,0,11
2021-06-21,15596.65,15609.65,15593.5,15597.75,10:10:00,15603.292447472486,0,12
2021-06-21,15611.85,15613.85,15594.55,15596.1,10:15:00,15604.107452475107,0,13
2021-06-21,15603.65,15613.2,15600.55,15611.4,10:20:00,15604.063885572716,0,14
2021-06-21,15617.6,15619.25,15595.5,15603.9,10:25:00,15605.353039327694,0,15
2021-06-21,15618.2,15626.3,15617.2,15617.2,10:30:00,15606.576559391724,0,16
2021-06-21,15612.1,15622.2,15606.45,15618.05,10:35:00,15607.102601354418,0,17
2021-06-21,15629.05,15629.95,15610.1,15611.55,10:40:00,15609.192829796855,0,18
2021-06-21,15617.4,15634.6,15610.45,15629.15,10:45:00,15609.974465054298,0,19
2021-06-21,15621.05,15621.2,15614.55,15616.5,10:50:00,15611.02927790627,0,20
2021-06-21,15609.2,15628.45,15608.4,15620.55,10:55:00,15610.855060962816,0,21
2021-06-21,15618.1,15622.5,15595.3,15610.2,11:00:00,15611.545055156836,0,22
2021-06-21,15606.35,15621.1,15604.2,15617.85,11:05:00,15611.050287999042,0,23
2021-06-21,15603.05,15613.15,15602.35,15606.7,11:10:00,15610.288355808656,0,24
2021-06-21,15600.5,15606.75,15585.15,15601.55,11:15:00,15609.356131445928,0,25
2021-06-21,15601.6,15608.5,15595.5,15600.4,11:20:00,15608.617452260602,0,26
2021-06-21,15603.4,15605.8,15600.05,15602.0,11:25:00,15608.120552045306,0,27
2021-06-21,15609.25,15615.55,15602.05,15602.3,11:30:00,15608.22811851718,0,28
2021-06-21,15618.35,15618.35,15606.55,15609.15,11:35:00,15609.192107229832,0,29
2021-06-21,15614.9,15619.7,15613.25,15617.7,11:40:00,15609.735716065086,0,30
2021-06-21,15618.05,15622.95,15614.1,15614.1,11:45:00,15610.527552630316,0,31
2021-06-21,15625.95,15626.0,15613.8,15618.0,11:50:00,15611.996357141714,0,32
2021-06-21,15614.75,15630.2,15614.75,15625.4,11:55:00,15612.258608842503,0,33
2021-06-21,15612.05,15615.2,15606.0,15615.05,12:00:00,15612.238741333693,0,34
2021-06-21,15607.7,15618.2,15606.4,15612.45,12:05:00,15611.806480254294,0,35
2021-06-21,15605.4,15611.6,15600.4,15607.4,12:10:00,15611.196339277694,0,36
2021-06-21,15601.1,15607.35,15599.75,15605.6,12:15:00,15610.234783156007,0,37
2021-06-21,15620.1,15620.45,15599.9,15600.6,12:20:00,15611.17432761734,0,38
2021-06-21,15624.85,15625.45,15619.6,15620.15,12:25:00,15612.476772606164,0,39
2021-06-21,15642.3,15642.4,15622.2,15624.4,12:30:00,15615.317079977009,0,40
2021-06-21,15638.4,15649.1,15635.5,15643.5,12:35:00,15617.51545331253,0,41
2021-06-21,15639.0,15642.65,15631.0,15638.25,12:40:00,15619.561600616098,0,42
2021-06-21,15649.5,15649.5,15635.15,15639.55,12:45:00,15622.412876747898,0,43
2021-06-21,15649.4,15658.55,15646.85,15649.75,12:50:00,15624.983078962385,0,44
2021-06-21,15652.05,15654.4,15642.7,15649.15,12:55:00,15627.560880965964,0,45
2021-06-21,15654.25,15657.55,15642.15,15654.0,13:00:00,15630.102701826348,0,46
2021-06-21,15673.75,15673.8,15653.9,15653.9,13:05:00,15634.259587366696,0,47
2021-06-21,15687.75,15693.65,15674.5,15674.85,13:10:00,15639.353912379393,0,48
2021-06-21,15678.65,15689.3,15667.45,15688.0,13:15:00,15643.096396914689,0,49
2021-06-21,15686.9,15693.75,15678.1,15678.1,13:20:00,15647.2681686371,0,50
2021-06-21,15691.35,15695.4,15681.65,15686.65,13:25:00,15651.466438290709,0,51
2021-06-21,15686.3,15693.35,15686.2,15691.7,13:30:00,15654.78392035826,0,52
2021-06-21,15688.8,15690.15,15672.7,15683.35,13:35:00,15658.023546990806,0,53
2021-06-21,15693.5,15701.8,15687.85,15687.85,13:40:00,15661.402256801206,0,54
2021-06-21,15665.35,15694.1,15661.05,15692.3,13:45:00,15661.77823234395,0,55
2021-06-21,15673.1,15677.0,15651.95,15666.1,13:50:00,15662.85649593024,0,56
2021-06-21,15683.6,15684.0,15669.5,15672.4,13:55:00,15664.832067746407,0,57
2021-06-21,15685.7,15689.9,15679.45,15683.75,14:00:00,15666.819489865797,0,58
2021-06-21,15702.15,15703.5,15678.1,15685.9,14:05:00,15670.18430035477,0,59
2021-06-21,15715.1,15716.9,15698.05,15705.95,14:10:00,15674.461986035269,0,60
2021-06-21,15710.1,15719.95,15709.15,15715.75,14:15:00,15677.856082603335,0,61
2021-06-21,15723.4,15724.0,15703.8,15710.85,14:20:00,15682.193598545877,0,62
2021-06-21,15720.1,15727.55,15715.4,15723.3,14:25:00,15685.803732017695,0,63
2021-06-21,15727.05,15732.45,15718.15,15720.3,14:30:00,15689.731948016011,0,64
2021-06-21,15737.3,15738.8,15722.35,15727.8,14:35:00,15694.262238681153,0,65
2021-06-21,15733.4,15741.3,15730.45,15737.4,14:40:00,15697.989644521042,0,66
2021-06-21,15720.8,15741.6,15719.5,15734.2,14:45:00,15700.162059328562,0,67
2021-06-21,15733.6,15737.7,15720.5,15722.05,14:50:00,15703.346625106797,0,68
2021-06-21,15730.9,15736.7,15727.15,15734.6,14:55:00,15705.970756049004,0,69
2021-06-21,15735.5,15740.55,15713.75,15731.75,15:00:00,15708.783064996718,0,70
2021-06-21,15744.6,15745.6,15732.85,15736.85,15:05:00,15712.1942016637,0,71
2021-06-21,15744.65,15747.65,15741.25,15746.05,15:10:00,15715.28523007668,0,72
2021-06-21,15749.95,15753.0,15743.95,15744.8,15:15:00,15718.586636736043,0,73
2021-06-21,15753.55,15765.15,15749.4,15749.45,15:20:00,15721.91648085642,0,74
2021-06-21,15748.6,15754.05,15743.3,15753.65,15:25:00,15724.457768393904,0,75
2021-06-22,15836.95,15837.1,15812.45,15830.1,09:15:00,15735.171314261152,1,1
2021-06-22,15852.05,15862.4,15835.75,15835.75,09:20:00,15746.302617664853,1,2
2021-06-22,15862.7,15865.95,15845.5,15851.25,09:25:00,15757.388082649151,1,3
2021-06-22,15858.25,15864.75,15853.3,15864.6,09:30:00,15766.99397953971,1,4
2021-06-22,15874.3,15875.15,15856.35,15858.2,09:35:00,15777.213600535928,1,5
2021-06-22,15873.4,15877.6,15870.0,15875.5,09:40:00,15786.374210008697,1,6
2021-06-22,15877.35,15880.95,15871.4,15874.3,09:45:00,15795.038570960249,1,7
2021-06-22,15866.15,15877.8,15866.05,15877.15,09:50:00,15801.811088011653,1,8
2021-06-22,15863.7,15873.9,15863.7,15866.2,09:55:00,15807.705270105782,1,9
2021-06-22,15874.1,15874.8,15858.65,15865.3,10:00:00,15814.028577714756,1,10
2021-06-22,15883.5,15885.5,15873.85,15874.15,10:05:00,15820.644903646684,1,11
2021-06-22,15884.4,15888.3,15881.05,15882.9,10:10:00,15826.716817585097,1,12
2021-06-22,15891.75,15893.65,15884.45,15884.65,10:15:00,15832.91045400556,1,13
2021-06-22,15885.85,15895.75,15885.05,15892.1,10:20:00,15837.95231552884,1,14
2021-06-22,15890.65,15894.15,15884.2,15885.9,10:25:00,15842.971142621333,1,15
2021-06-22,15890.15,15894.05,15886.45,15892.55,10:30:00,15847.464367133589,1,16
2021-06-22,15880.2,15892.35,15878.8,15891.2,10:35:00,15850.582046454198,1,17
2021-06-22,15875.8,15882.55,15873.25,15880.65,10:40:00,15852.983756315703,1,18
2021-06-22,15867.6,15878.25,15867.3,15875.4,10:45:00,15854.375779523732,1,19
2021-06-22,15869.1,15870.0,15864.9,15867.85,10:50:00,15855.778086235758,1,20
2021-06-22,15878.2,15878.65,15868.5,15869.7,10:55:00,15857.913506594256,1,21
2021-06-22,15875.3,15878.8,15873.2,15878.65,11:00:00,15859.569363109087,1,22
2021-06-22,15866.65,15877.15,15866.05,15874.95,11:05:00,15860.243709479651,1,23
2021-06-22,15863.95,15866.7,15859.35,15865.95,11:10:00,15860.59668952921,1,24
2021-06-22,15863.05,15865.1,15851.65,15864.6,11:15:00,15860.830338145475,1,25
2021-06-22,15855.4,15864.0,15854.5,15863.15,11:20:00,15860.313163084002,1,26
2021-06-22,15843.9,15857.75,15843.9,15855.35,11:25:00,15858.750004695048,1,27
2021-06-22,15846.25,15852.2,15842.2,15844.7,11:30:00,15857.559528057423,1,28
2021-06-22,15851.65,15854.6,15844.25,15846.05,11:35:00,15856.996715861478,1,29
2021-06-22,15859.7,15860.45,15851.25,15851.8,11:40:00,15857.25417149372,1,30
2021-06-22,15867.7,15868.45,15857.65,15859.85,11:45:00,15858.249012303842,1,31
2021-06-22,15870.0,15872.0,15866.6,15867.6,11:50:00,15859.36815398919,1,32
2021-06-22,15875.9,15878.55,15869.35,15869.6,11:55:00,15860.942615514028,1,33
2021-06-22,15869.85,15876.55,15867.45,15875.95,12:00:00,15861.790937846024,1,34
2021-06-22,15865.7,15876.4,15865.15,15869.75,12:05:00,15862.163229479736,1,35
2021-06-22,15868.9,15870.3,15861.5,15865.0,12:10:00,15862.804826672142,1,36
2021-06-22,15861.85,15869.2,15859.7,15869.0,12:15:00,15862.713890798605,1,37
2021-06-22,15849.3,15861.75,15847.9,15861.2,12:20:00,15861.436377389216,1,38
2021-06-22,15847.55,15852.95,15842.55,15850.15,12:25:00,15860.113865256908,1,39
2021-06-22,15852.05,15857.3,15838.7,15847.5,12:30:00,15859.345878089583,1,40
2021-06-22,15857.95,15864.15,15841.45,15853.25,12:35:00,15859.212937319147,1,41
2021-06-22,15852.75,15857.85,15852.15,15857.35,12:40:00,15858.597419479229,1,42
2021-06-22,15846.6,15853.5,15842.2,15852.85,12:45:00,15857.454808100256,1,43
2021-06-22,15845.1,15850.2,15837.55,15845.05,12:50:00,15856.278159709756,1,44
2021-06-22,15850.65,15853.8,15841.5,15844.9,12:55:00,15855.742144499303,1,45
2021-06-22,15854.4,15858.7,15850.15,15850.55,13:00:00,15855.614321213656,1,46
2021-06-22,15843.1,15855.35,15839.2,15854.35,13:05:00,15854.42248109807,1,47
2021-06-22,15847.05,15848.15,15828.95,15841.95,13:10:00,15853.72034004111,1,48
2021-06-22,15839.7,15851.85,15839.7,15847.95,13:15:00,15852.385069561004,1,49
2021-06-22,15829.55,15841.1,15825.5,15839.65,13:20:00,15850.210301031384,1,50
2021-06-22,15836.5,15837.7,15823.15,15827.0,13:25:00,15848.904558076014,1,51
2021-06-22,15840.8,15843.8,15836.6,15838.1,13:30:00,15848.132695402108,1,52
2021-06-22,15836.3,15841.35,15835.95,15840.7,13:35:00,15847.00577203048,1,53
2021-06-22,15830.95,15838.55,15830.05,15835.1,13:40:00,15845.47665088472,1,54
2021-06-22,15832.8,15836.3,15818.15,15829.95,13:45:00,15844.26935080046,1,55
2021-06-22,15827.35,15834.8,15826.85,15833.25,13:50:00,15842.65798405756,1,56
2021-06-22,15814.15,15830.9,15811.6,15827.8,13:55:00,15839.94293795684,1,57
2021-06-22,15818.75,15822.45,15801.3,15814.4,14:00:00,15837.92456291333,1,58
2021-06-22,15818.6,15822.25,15804.8,15818.1,14:05:00,15836.084128350154,1,59
2021-06-22,15819.0,15824.45,15813.55,15818.05,14:10:00,15834.457068507283,1,60
2021-06-22,15812.4,15819.7,15809.55,15819.2,14:15:00,15832.356395316114,1,61
2021-06-22,15818.15,15820.15,15804.3,15812.0,14:20:00,15831.003405286008,1,62
2021-06-22,15837.35,15838.05,15813.85,15818.0,14:25:00,15831.607842877816,1,63
2021-06-22,15836.05,15843.45,15830.85,15837.75,14:30:00,15832.03090546088,1,64
2021-06-22,15832.7,15836.25,15828.9,15835.9,14:35:00,15832.09462875032,1,65
2021-06-22,15830.65,15838.2,15829.95,15832.0,14:40:00,15831.957045059811,1,66
2021-06-22,15812.8,15831.25,15812.15,15830.45,14:45:00,15830.132564577929,1,67
2021-06-22,15804.35,15819.1,15797.7,15811.25,14:50:00,15827.67708223717,1,68
2021-06-22,15814.0,15818.6,15803.7,15805.0,14:55:00,15826.374502976489,1,69
2021-06-22,15798.65,15815.65,15789.45,15815.65,15:00:00,15823.734074121585,1,70
2021-06-22,15774.35,15800.35,15771.1,15799.3,15:05:00,15819.030828967148,1,71
2021-06-22,15777.9,15779.9,15760.7,15775.15,15:10:00,15815.113607160753,1,72
2021-06-22,15755.95,15780.2,15755.4,15780.2,15:15:00,15809.478977907347,1,73
2021-06-22,15762.5,15766.95,15752.1,15756.7,15:20:00,15805.004789535218,1,74
2021-06-22,15765.85,15765.85,15755.7,15762.15,15:25:00,15801.275761960436,1,75
2021-06-23,15824.0,15862.95,15812.5,15862.95,09:15:00,15803.43997510706,2,1
2021-06-23,15798.25,15825.95,15776.4,15822.85,09:20:00,15802.945691763533,2,2
2021-06-23,15803.1,15819.8,15797.4,15797.4,09:25:00,15802.960387786052,2,3
2021-06-23,15786.35,15804.8,15778.9,15804.15,09:30:00,15801.378446092143,2,4
2021-06-23,15807.75,15810.35,15781.9,15785.85,09:35:00,15801.985260750034,2,5
2021-06-23,15810.0,15815.85,15804.4,15809.1,09:40:00,15802.748569250032,2,6
2021-06-23,15802.0,15810.3,15791.7,15810.3,09:45:00,15802.677276940509,2,7
2021-06-23,15779.8,15802.15,15779.8,15802.15,09:50:00,15800.49848866046,2,8
2021-06-23,15786.0,15789.15,15768.3,15779.75,09:55:00,15799.117680216606,2,9
2021-06-23,15783.3,15796.35,15782.0,15785.85,10:00:00,15797.61123448169,2,10
2021-06-23,15781.1,15790.0,15777.85,15782.15,10:05:00,15796.038735959624,2,11
2021-06-23,15752.6,15782.35,15752.45,15781.0,10:10:00,15791.90171348728,2,12
2021-06-23,15734.9,15751.5,15726.6,15751.5,10:15:00,15786.472978869442,2,13
2021-06-23,15751.9,15752.0,15734.15,15734.6,10:20:00,15783.18031421521,2,14
2021-06-23,15750.25,15756.15,15742.9,15750.5,10:25:00,15780.04409381376,2,15
2021-06-23,15765.9,15767.0,15750.0,15750.3,10:30:00,15778.697037260068,2,16
2021-06-23,15764.5,15776.75,15763.1,15765.45,10:35:00,15777.344938473396,2,17
2021-06-23,15765.65,15766.55,15757.15,15764.7,10:40:00,15776.231134809264,2,18
2021-06-23,15774.55,15774.65,15765.3,15765.7,10:45:00,15776.07102673219,2,19
2021-06-23,15786.25,15790.8,15773.75,15773.75,10:50:00,15777.040452757696,2,20
2021-06-23,15773.9,15789.9,15773.2,15786.55,10:55:00,15776.741362018867,2,21
2021-06-23,15754.9,15776.1,15754.65,15773.3,11:00:00,15774.661232302788,2,22
2021-06-23,15771.95,15772.3,15753.45,15755.75,11:05:00,15774.403019702522,2,23
2021-06-23,15765.5,15772.6,15765.2,15772.2,11:10:00,15773.555113064189,2,24
2021-06-23,15759.65,15775.35,15756.8,15765.85,11:15:00,15772.230816581883,2,25
2021-06-23,15766.85,15769.25,15758.75,15760.4,11:20:00,15771.7183578598,2,26
2021-06-23,15762.2,15769.15,15759.85,15765.65,11:25:00,15770.811847587438,2,27
2021-06-23,15776.6,15779.95,15762.65,15762.65,11:30:00,15771.363100198158,2,28
2021-06-23,15771.3,15778.45,15769.1,15776.45,11:35:00,15771.357090655476,2,29
2021-06-23,15761.85,15771.75,15761.0,15770.95,11:40:00,15770.451653450193,2,30
2021-06-23,15752.85,15762.75,15751.0,15761.7,11:45:00,15768.775305502557,2,31
2021-06-23,15754.5,15761.35,15750.7,15751.6,11:50:00,15767.41575259755,2,32
2021-06-23,15740.65,15756.9,15739.15,15753.7,11:55:00,15764.866633302545,2,33
2021-06-23,15756.55,15758.3,15736.25,15740.85,12:00:00,15764.074572988016,2,34
2021-06-23,15753.85,15758.25,15748.4,15757.5,12:05:00,15763.100804132016,2,35
2021-06-23,15758.25,15761.0,15749.3,15753.5,12:10:00,15762.638822786108,2,36
2021-06-23,15762.95,15765.0,15756.75,15758.45,12:15:00,15762.66845871124,2,37
2021-06-23,15766.1,15767.0,15758.1,15762.7,12:20:00,15762.995272167313,2,38
2021-06-23,15756.65,15767.3,15756.65,15766.4,12:25:00,15762.39096053233,2,39
2021-06-23,15747.65,15758.4,15746.75,15757.25,12:30:00,15760.98705952925,2,40
2021-06-23,15751.05,15753.95,15743.2,15747.05,12:35:00,15760.040672907418,2,41
2021-06-23,15731.65,15751.95,15728.6,15751.35,12:40:00,15757.336799297187,2,42
2021-06-23,15739.95,15744.1,15720.3,15730.45,12:45:00,15755.680913649838,2,43
2021-06-23,15745.55,15747.7,15739.0,15740.6,12:50:00,15754.716064730805,2,44
2021-06-23,15741.0,15746.8,15735.45,15746.2,12:55:00,15753.40977285168,2,45
2021-06-23,15730.05,15745.9,15729.6,15742.2,13:00:00,15751.185032580092,2,46
2021-06-23,15732.65,15737.2,15725.6,15729.85,13:05:00,15749.41979138199,2,47
2021-06-23,15719.0,15732.55,15711.85,15732.35,13:10:00,15746.522668393229,2,48
2021-06-23,15729.1,15733.65,15702.55,15719.5,13:15:00,15744.863366641492,2,49
2021-06-23,15723.75,15729.95,15715.7,15729.45,13:20:00,15742.852569818497,2,50
2021-06-23,15740.1,15740.9,15720.9,15724.7,13:25:00,15742.590420311972,2,51
2021-06-23,15749.6,15753.5,15739.6,15739.6,13:30:00,15743.25799932988,2,52
2021-06-23,15752.5,15752.65,15743.55,15750.0,13:35:00,15744.138189869893,2,53
2021-06-23,15745.05,15751.95,15737.25,15750.9,13:40:00,15744.225028929905,2,54
2021-06-23,15758.95,15763.15,15744.7,15745.6,13:45:00,15745.627407127056,2,55
2021-06-23,15762.85,15772.6,15757.25,15759.15,13:50:00,15747.267654067336,2,56
2021-06-23,15772.55,15772.6,15758.25,15764.6,13:55:00,15749.675496537113,2,57
2021-06-23,15768.6,15778.1,15766.5,15773.75,14:00:00,15751.477830200243,2,58
2021-06-23,15778.8,15785.45,15768.3,15769.35,14:05:00,15754.079941609743,2,59
2021-06-23,15748.6,15780.15,15745.8,15779.3,14:10:00,15753.558042408817,2,60
2021-06-23,15741.05,15755.2,15736.7,15747.9,14:15:00,15752.366800274644,2,61
2021-06-23,15734.05,15750.0,15733.4,15742.15,14:20:00,15750.62234310563,2,62
2021-06-23,15726.1,15735.0,15721.3,15734.5,14:25:00,15748.286881857475,2,63
2021-06-23,15736.05,15736.3,15726.5,15727.6,14:30:00,15747.121464537717,2,64
2021-06-23,15694.7,15738.9,15691.55,15736.8,14:35:00,15742.128944105552,2,65
2021-06-23,15701.75,15706.2,15682.0,15695.05,14:40:00,15738.283330381211,2,66
2021-06-23,15705.85,15707.9,15690.95,15703.8,14:45:00,15735.194441773478,2,67
2021-06-23,15703.85,15708.8,15697.05,15705.65,14:50:00,15732.20925684267,2,68
2021-06-23,15689.7,15706.85,15688.8,15702.8,14:55:00,15728.160756190988,2,69
2021-06-23,15702.2,15703.8,15673.95,15688.95,15:00:00,15725.68830322042,2,70
2021-06-23,15684.25,15702.1,15683.5,15702.1,15:05:00,15721.741798151808,2,71
2021-06-23,15684.6,15689.45,15676.0,15683.9,15:10:00,15718.204484042111,2,72
2021-06-23,15689.6,15695.65,15684.4,15684.4,15:15:00,15715.480247466672,2,73
2021-06-23,15690.6,15691.4,15674.95,15690.1,15:20:00,15713.110700088895,2,74
2021-06-23,15696.1,15696.1,15685.1,15690.65,15:25:00,15711.490633413763,2,75
2021-06-24,15731.45,15744.35,15702.7,15744.35,09:15:00,15713.391525469597,3,1
2021-06-24,15722.35,15733.2,15717.6,15730.3,09:20:00,15714.24471352011,3,2
2021-06-24,15744.35,15746.2,15719.15,15722.25,09:25:00,15717.111883661051,3,3
2021-06-24,15751.05,15752.95,15739.65,15744.7,09:30:00,15720.344085217142,3,4
2021-06-24,15759.9,15760.35,15742.5,15751.65,09:35:00,15724.111315196464,3,5
2021-06-24,15756.9,15759.8,15754.25,15758.75,09:40:00,15727.234047082517,3,6
2021-06-24,15744.4,15762.75,15743.4,15756.35,09:45:00,15728.868899741325,3,7
2021-06-24,15741.65,15747.35,15738.25,15744.1,09:50:00,15730.086147385007,3,8
2021-06-24,15740.35,15742.15,15732.15,15741.9,09:55:00,15731.063657157863,3,9
2021-06-24,15738.8,15747.6,15737.7,15741.15,10:00:00,15731.800451714258,3,10
2021-06-24,15732.9,15741.2,15728.65,15739.15,10:05:00,15731.905170598617,3,11
2021-06-24,15731.3,15736.2,15728.2,15732.8,10:10:00,15731.84753530351,3,12
2021-06-24,15738.45,15740.5,15729.65,15730.95,10:15:00,15732.47634146508,3,13
2021-06-24,15737.25,15739.35,15732.15,15738.85,10:20:00,15732.930975611263,3,14
2021-06-24,15747.35,15749.8,15736.95,15736.95,10:25:00,15734.30421602924,3,15
2021-06-24,15744.25,15750.8,15740.4,15748.0,10:30:00,15735.251433550264,3,16
2021-06-24,15749.45,15752.9,15743.75,15743.75,10:35:00,15736.60367797405,3,17
2021-06-24,15755.95,15758.3,15749.25,15749.25,10:40:00,15738.446184833663,3,18
2021-06-24,15755.6,15758.5,15749.8,15757.0,10:45:00,15740.079881516172,3,19
2021-06-24,15754.8,15761.9,15753.15,15756.2,10:50:00,15741.481797562252,3,20
2021-06-24,15749.2,15754.7,15740.25,15752.7,10:55:00,15742.216864461085,3,21
2021-06-24,15754.9,15758.65,15750.2,15751.35,11:00:00,15743.424782131458,3,22
2021-06-24,15755.8,15756.75,15751.3,15754.45,11:05:00,15744.603374309414,3,23
2021-06-24,15753.7,15758.0,15752.4,15755.6,11:10:00,15745.46971961328,3,24
2021-06-24,15756.0,15756.35,15749.0,15754.85,11:15:00,15746.472603459635,3,25
2021-06-24,15752.95,15757.85,15752.25,15754.9,11:20:00,15747.08949836824,3,26
2021-06-24,15751.6,15756.05,15751.15,15752.55,11:25:00,15747.519069952215,3,27
2021-06-24,15744.25,15752.95,15740.3,15751.95,11:30:00,15747.207729956768,3,28
2021-06-24,15739.3,15746.85,15735.0,15743.7,11:35:00,15746.454612818028,3,29
2021-06-24,15743.05,15745.3,15735.95,15738.95,11:40:00,15746.130363978216,3,30
2021-06-24,15746.3,15749.8,15740.65,15742.95,11:45:00,15746.146519789814,3,31
2021-06-24,15745.15,15746.75,15739.35,15746.75,11:50:00,15746.051613143163,3,32
2021-06-24,15741.35,15745.1,15737.9,15743.85,11:55:00,15745.603840462863,3,33
2021-06-24,15741.2,15745.15,15737.85,15741.15,12:00:00,15745.184427085447,3,34
2021-06-24,15738.15,15742.6,15737.35,15741.25,12:05:00,15744.514481648735,3,35
2021-06-24,15763.95,15770.3,15737.35,15738.1,12:10:00,15746.365483396476,3,36
2021-06-24,15774.25,15775.15,15761.75,15764.05,12:15:00,15749.02115164443,3,37
2021-06-24,15764.5,15784.05,15763.35,15778.2,12:20:00,15750.495327678294,3,38
2021-06-24,15759.9,15766.8,15757.2,15764.45,12:25:00,15751.391010756552,3,39
2021-06-24,15769.85,15772.25,15755.1,15760.05,12:30:00,15753.14900973212,3,40
2021-06-24,15775.05,15777.45,15768.2,15770.5,12:35:00,15755.23481832906,3,41
2021-06-24,15780.3,15783.45,15771.85,15775.65,12:40:00,15757.621978488198,3,42
2021-06-24,15774.2,15784.3,15772.05,15780.75,12:45:00,15759.200837679797,3,43
2021-06-24,15777.65,15782.8,15773.7,15773.7,12:50:00,15760.95790075791,3,44
2021-06-24,15767.15,15779.85,15766.3,15778.05,12:55:00,15761.547624495252,3,45
2021-06-24,15776.5,15779.85,15763.1,15768.05,13:00:00,15762.971660257608,3,46
2021-06-24,15780.6,15782.0,15774.7,15776.55,13:05:00,15764.650549756883,3,47
2021-06-24,15789.7,15792.5,15779.8,15780.7,13:10:00,15767.0362116848,3,48
2021-06-24,15790.15,15794.95,15781.15,15791.15,13:15:00,15769.237524857675,3,49
2021-06-24,15780.6,15792.7,15780.35,15790.5,13:20:00,15770.31966534742,3,50
2021-06-24,15782.9,15788.3,15775.8,15781.5,13:25:00,15771.51779245719,3,51
2021-06-24,15786.1,15791.8,15782.6,15783.0,13:30:00,15772.906574127934,3,52
2021-06-24,15796.0,15798.1,15783.55,15787.1,13:35:00,15775.105948020511,3,53
2021-06-24,15792.3,15804.9,15791.65,15796.2,13:40:00,15776.743476780464,3,54
2021-06-24,15796.75,15799.85,15792.0,15792.4,13:45:00,15778.64885994423,3,55
2021-06-24,15787.2,15798.2,15781.85,15796.9,13:50:00,15779.463254235254,3,56
2021-06-24,15791.2,15797.5,15786.4,15788.25,13:55:00,15780.58103954618,3,57
2021-06-24,15799.3,15804.95,15789.5,15792.45,14:00:00,15782.36379768464,3,58
2021-06-24,15811.1,15812.85,15800.0,15800.0,14:05:00,15785.100578857531,3,59
2021-06-24,15805.25,15814.5,15797.05,15813.9,14:10:00,15787.01957134729,3,60
2021-06-24,15795.0,15806.4,15785.5,15806.2,14:15:00,15787.779612171356,3,61
2021-06-24,15764.95,15797.15,15763.05,15795.15,14:20:00,15785.605363393131,3,62
2021-06-24,15773.7,15776.2,15758.15,15765.55,14:25:00,15784.471519260453,3,63
2021-06-24,15789.05,15800.65,15774.3,15774.35,14:30:00,15784.907565045172,3,64
2021-06-24,15796.95,15797.05,15783.9,15790.15,14:35:00,15786.0544636123,3,65
2021-06-24,15799.15,15802.85,15784.65,15797.2,14:40:00,15787.301657553984,3,66
2021-06-24,15792.7,15801.9,15775.85,15799.5,14:45:00,15787.815785405986,3,67
2021-06-24,15814.9,15815.4,15790.85,15792.05,14:50:00,15790.39523441494,3,68
2021-06-24,15801.8,15821.4,15800.55,15814.35,14:55:00,15791.481402565898,3,69
2021-06-24,15787.35,15803.0,15785.8,15802.65,15:00:00,15791.08793565486,3,70
2021-06-24,15789.05,15793.95,15779.8,15788.35,15:05:00,15790.893846544874,3,71
2021-06-24,15793.95,15799.1,15788.45,15790.1,15:10:00,15791.184908778694,3,72
2021-06-24,15788.3,15795.8,15782.5,15795.25,15:15:00,15790.910155561676,3,73
2021-06-24,15790.8,15794.3,15779.2,15788.95,15:20:00,15790.899664555802,3,74
2021-06-24,15794.15,15795.45,15784.9,15790.75,15:25:00,15791.209220312392,3,75
2021-06-25,15822.25,15844.45,15803.2,15844.45,09:15:00,15794.165485044545,4,1
2021-06-25,15803.15,15825.45,15782.8,15822.1,09:20:00,15795.02115313554,4,2
2021-06-25,15823.65,15824.65,15799.2,15802.8,09:25:00,15797.747709979774,4,3
2021-06-25,15828.2,15832.3,15814.1,15823.85,09:30:00,15800.64792807694,4,4
2021-06-25,15833.05,15835.3,15821.4,15827.7,09:35:00,15803.73383968866,4,5
2021-06-25,15827.5,15834.05,15824.85,15832.8,09:40:00,15805.997283527837,4,6
2021-06-25,15810.05,15836.2,15810.05,15825.75,09:45:00,15806.383256525183,4,7
2021-06-25,15807.1,15814.95,15798.6,15810.8,09:50:00,15806.451517808502,4,8
2021-06-25,15794.25,15807.4,15789.0,15807.4,09:55:00,15805.289468493407,4,9
2021-06-25,15775.75,15804.35,15774.35,15793.85,10:00:00,15802.47618577975,4,10
2021-06-25,15798.65,15799.3,15772.3,15776.3,10:05:00,15802.11178713406,4,11
2021-06-25,15796.55,15803.9,15784.9,15797.15,10:10:00,15801.582093121291,4,12
2021-06-25,15783.55,15796.35,15782.7,15796.1,10:15:00,15799.864750919263,4,13
2021-06-25,15792.35,15793.3,15778.35,15782.95,10:20:00,15799.149060355525,4,14
2021-06-25,15787.65,15792.25,15783.65,15792.1,10:25:00,15798.053911750236,4,15
2021-06-25,15800.3,15808.0,15787.55,15788.9,10:30:00,15798.26782491688,4,16
2021-06-25,15794.7,15807.5,15794.2,15800.7,10:35:00,15797.928032067652,4,17
2021-06-25,15790.1,15797.8,15788.65,15795.1,10:40:00,15797.182505204066,4,18
2021-06-25,15777.9,15790.3,15773.6,15790.3,10:45:00,15795.346076137012,4,19
2021-06-25,15793.4,15794.4,15774.15,15776.25,10:50:00,15795.160735552534,4,20
2021-06-25,15802.0,15802.55,15792.55,15794.45,10:55:00,15795.812094071342,4,21
2021-06-25,15808.9,15809.65,15797.3,15802.8,11:00:00,15797.058561302643,4,22
2021-06-25,15810.65,15810.65,15803.6,15809.25,11:05:00,15798.352984035724,4,23
2021-06-25,15805.7,15810.95,15799.55,15810.6,11:10:00,15799.052699841845,4,24
2021-06-25,15796.6,15805.3,15794.1,15805.2,11:15:00,15798.819109380718,4,25
2021-06-25,15803.95,15811.0,15795.95,15796.25,11:20:00,15799.307765630174,4,26
2021-06-25,15814.45,15815.1,15801.1,15804.05,11:25:00,15800.749883189204,4,27
2021-06-25,15815.05,15817.3,15811.55,15814.9,11:30:00,15802.111799075949,4,28
2021-06-25,15813.3,15815.95,15810.9,15814.3,11:35:00,15803.177342021096,4,29
2021-06-25,15809.35,15816.05,15807.6,15813.35,11:40:00,15803.765214209565,4,30
2021-06-25,15811.65,15814.05,15808.9,15809.85,11:45:00,15804.516146189604,4,31
2021-06-25,15820.1,15824.35,15811.0,15811.5,11:50:00,15806.000322742975,4,32
2021-06-25,15820.2,15823.35,15815.8,15818.95,11:55:00,15807.352672957932,4,33
2021-06-25,15818.05,15826.45,15815.15,15820.65,12:00:00,15808.371466009556,4,34
2021-06-25,15825.2,15825.5,15817.15,15818.0,12:05:00,15809.974183532457,4,35
2021-06-25,15828.95,15831.7,15823.2,15823.2,12:10:00,15811.781404148413,4,36
2021-06-25,15834.1,15835.85,15825.95,15830.0,12:15:00,15813.906984705707,4,37
2021-06-25,15826.1,15835.75,15825.45,15834.05,12:20:00,15815.068224257544,4,38
2021-06-25,15833.55,15837.95,15826.2,15826.5,12:25:00,15816.828393375874,4,39
2021-06-25,15834.5,15836.2,15830.5,15834.15,12:30:00,15818.511403530552,4,40
2021-06-25,15838.45,15838.45,15830.8,15834.9,12:35:00,15820.410317480022,4,41
2021-06-25,15842.65,15843.9,15837.3,15837.8,12:40:00,15822.528382481923,4,42
2021-06-25,15834.3,15843.4,15832.85,15842.6,12:45:00,15823.649488912217,4,43
2021-06-25,15835.85,15837.15,15826.25,15834.5,12:50:00,15824.811442349148,4,44
2021-06-25,15845.35,15850.7,15831.9,15836.65,12:55:00,15826.767495458753,4,45
2021-06-25,15851.8,15855.8,15843.75,15848.0,13:00:00,15829.1515435103,4,46
2021-06-25,15848.6,15857.65,15842.85,15854.05,13:05:00,15831.0037774617,4,47
2021-06-25,15841.95,15851.8,15838.85,15850.3,13:10:00,15832.0462748463,4,48
2021-06-25,15848.7,15849.75,15836.0,15842.25,13:15:00,15833.632343908555,4,49
2021-06-25,15839.3,15852.5,15836.9,15847.15,13:20:00,15834.172120679172,4,50
2021-06-25,15836.7,15848.55,15835.2,15840.35,13:25:00,15834.41287109068,4,51
2021-06-25,15843.55,15847.05,15836.0,15838.0,13:30:00,15835.283073843948,4,52
2021-06-25,15841.9,15848.3,15840.45,15845.5,13:35:00,15835.913257287382,4,53
2021-06-25,15847.95,15851.15,15835.45,15843.55,13:40:00,15837.059613736204,4,54
2021-06-25,15848.6,15850.95,15843.25,15847.6,13:45:00,15838.15869814228,4,55
2021-06-25,15852.0,15859.0,15847.6,15847.65,13:50:00,15839.476917366826,4,56
2021-06-25,15855.25,15856.8,15850.0,15852.15,13:55:00,15840.979115712842,4,57
2021-06-25,15867.25,15869.55,15854.75,15856.4,14:00:00,15843.481104692572,4,58
2021-06-25,15868.7,15870.45,15863.4,15867.55,14:05:00,15845.88290424566,4,59
2021-06-25,15862.35,15870.05,15860.95,15868.8,14:10:00,15847.451199079407,4,60
2021-06-25,15856.85,15869.05,15853.15,15861.7,14:15:00,15848.346322976606,4,61
2021-06-25,15846.55,15859.1,15844.8,15855.85,14:20:00,15848.175244597882,4,62
2021-06-25,15861.75,15863.15,15844.4,15846.15,14:25:00,15849.468078445703,4,63
2021-06-25,15861.2,15866.4,15856.55,15862.2,14:30:00,15850.585404308018,4,64
2021-06-25,15857.3,15869.05,15857.3,15862.2,14:35:00,15851.224889612016,4,65
2021-06-25,15860.65,15861.6,15853.5,15857.05,14:40:00,15852.122519172775,4,66
2021-06-25,15852.7,15865.95,15848.45,15860.15,14:45:00,15852.177517346796,4,67
2021-06-25,15851.25,15856.45,15845.0,15854.5,14:50:00,15852.089182361387,4,68
2021-06-25,15856.0,15860.05,15850.95,15851.85,14:55:00,15852.461641184113,4,69
2021-06-25,15866.5,15869.8,15855.3,15855.3,15:00:00,15853.798627738008,4,70
2021-06-25,15859.5,15867.6,15856.75,15866.75,15:05:00,15854.341615572484,4,71
2021-06-25,15866.35,15870.8,15856.7,15858.95,15:10:00,15855.485271232246,4,72
2021-06-25,15862.9,15867.95,15861.0,15866.4,15:15:00,15856.191435876794,4,73
2021-06-25,15855.25,15868.45,15854.75,15862.15,15:20:00,15856.101775317098,4,74
2021-06-25,15849.35,15857.7,15842.35,15855.4,15:25:00,15855.458749096422,4,75
2021-06-28,15887.9,15915.65,15880.45,15915.65,09:15:00,15858.54839203962,0,1
2021-06-28,15866.2,15890.9,15865.4,15885.95,09:20:00,15859.277116607274,0,2
2021-06-28,15897.15,15897.7,15866.5,15867.0,09:25:00,15862.884057882771,0,3
2021-06-28,15890.25,15904.3,15888.85,15897.65,09:30:00,15865.490338084412,0,4
2021-06-28,15856.95,15890.35,15851.95,15890.35,09:35:00,15864.676972552565,0,5
2021-06-28,15860.75,15872.05,15849.25,15855.95,09:40:00,15864.302975166604,0,6
2021-06-28,15869.2,15870.75,15849.05,15860.45,09:45:00,15864.76935848407,0,7
2021-06-28,15875.4,15876.5,15865.4,15869.1,09:50:00,15865.781800533208,0,8
2021-06-28,15865.7,15877.05,15865.0,15875.65,09:55:00,15865.774010006236,0,9
2021-06-28,15865.05,15866.25,15844.35,15866.25,10:00:00,15865.70505667231,0,10
2021-06-28,15855.1,15864.5,15847.4,15864.5,10:05:00,15864.695051274946,0,11
2021-06-28,15861.6,15863.55,15849.1,15854.5,10:10:00,15864.400284486856,0,12
2021-06-28,15857.9,15864.15,15850.2,15860.8,10:15:00,15863.78120977382,0,13
2021-06-28,15860.15,15861.95,15856.5,15857.8,10:20:00,15863.435380271552,0,14
2021-06-28,15861.5,15865.0,15857.0,15860.25,10:25:00,15863.251058340928,0,15
2021-06-28,15848.25,15863.35,15848.2,15861.65,10:30:00,15861.822386117983,0,16
2021-06-28,15832.45,15850.95,15830.25,15848.0,10:35:00,15859.025016011508,0,17
2021-06-28,15830.95,15839.35,15826.7,15832.65,10:40:00,15856.351204962792,0,18
2021-06-28,15841.75,15843.45,15823.8,15830.85,10:45:00,15854.960614013957,0,19
2021-06-28,15831.4,15844.1,15828.9,15839.95,10:50:00,15852.716746012627,0,20
2021-06-28,15834.1,15837.75,15830.9,15831.9,10:55:00,15850.943722582851,0,21
2021-06-28,15840.85,15842.05,15833.75,15834.6,11:00:00,15849.9824156702,0,22
2021-06-28,15828.6,15843.05,15823.95,15839.8,11:05:00,15847.94599513018,0,23
2021-06-28,15826.2,15832.25,15817.95,15828.85,11:10:00,15845.874947974926,0,24
2021-06-28,15825.8,15829.65,15823.35,15826.35,11:15:00,15843.96304816779,0,25
2021-06-28,15835.2,15839.25,15825.9,15825.9,11:20:00,15843.128472151811,0,26
2021-06-28,15847.5,15847.5,15835.4,15835.4,11:25:00,15843.544808137352,0,27
2021-06-28,15845.6,15848.8,15840.55,15847.75,11:30:00,15843.7405406957,0,28
2021-06-28,15840.75,15846.95,15840.2,15845.0,11:35:00,15843.45572729611,0,29
2021-06-28,15840.95,15843.55,15836.2,15841.15,11:40:00,15843.217086601242,0,30
2021-06-28,15839.9,15842.0,15833.9,15840.75,11:45:00,15842.9011735916,0,31
2021-06-28,15838.9,15842.7,15837.95,15839.6,11:50:00,15842.520109440018,0,32
2021-06-28,15834.35,15839.15,15829.5,15837.9,11:55:00,15841.742003779063,0,33
2021-06-28,15824.2,15835.0,15819.3,15834.4,12:00:00,15840.071336752488,0,34
2021-06-28,15816.0,15826.1,15812.5,15823.95,12:05:00,15837.778828490344,0,35
2021-06-28,15832.75,15834.3,15813.3,15816.1,12:10:00,15837.299892443643,0,36
2021-06-28,15829.1,15835.75,15824.7,15832.05,12:15:00,15836.518950306156,0,37
2021-06-28,15825.35,15830.05,15824.1,15829.3,12:20:00,15835.455240753188,0,38
2021-06-28,15826.1,15831.85,15824.9,15825.8,12:25:00,15834.56426544336,0,39
2021-06-28,15826.05,15831.85,15823.25,15826.4,12:30:00,15833.753383020185,0,40
2021-06-28,15829.65,15829.75,15825.0,15825.9,12:35:00,15833.36258463731,0,41
2021-06-28,15832.45,15837.1,15829.15,15829.75,12:40:00,15833.27567181471,0,42
2021-06-28,15829.4,15839.2,15827.55,15832.65,12:45:00,15832.906560213309,0,43
2021-06-28,15828.6,15831.2,15821.0,15829.65,12:50:00,15832.496411621563,0,44
2021-06-28,15835.05,15835.6,15827.95,15828.8,12:55:00,15832.739610514747,0,45
2021-06-28,15833.4,15837.9,15831.45,15835.5,13:00:00,15832.802504751438,0,46
2021-06-28,15837.65,15838.4,15831.5,15833.1,13:05:00,15833.264170965587,0,47
2021-06-28,15844.05,15844.05,15837.05,15837.7,13:10:00,15834.291392778388,0,48
2021-06-28,15850.6,15854.0,15842.5,15844.0,13:15:00,15835.84459346616,0,49
2021-06-28,15845.0,15852.8,15844.45,15851.05,13:20:00,15836.716536945574,0,50
2021-06-28,15839.15,15849.05,15839.15,15845.1,13:25:00,15836.948295331713,0,51
2021-06-28,15832.9,15841.55,15832.45,15839.6,13:30:00,15836.562743395358,0,52
2021-06-28,15826.75,15835.95,15826.75,15833.1,13:35:00,15835.628196405323,0,53
2021-06-28,15829.9,15832.25,15822.6,15827.5,13:40:00,15835.082653890531,0,54
2021-06-28,15827.35,15834.1,15823.6,15829.5,13:45:00,15834.34621066286,0,55
2021-06-28,15819.3,15828.85,15818.35,15826.0,13:50:00,15832.91323821878,0,56
2021-06-28,15819.3,15825.25,15819.0,15820.2,13:55:00,15831.6167393408,0,57
2021-06-28,15827.7,15830.7,15810.85,15819.05,14:00:00,15831.24371654644,0,58
2021-06-28,15831.25,15833.2,15826.6,15827.6,14:05:00,15831.244314970589,0,59
2021-06-28,15834.0,15838.0,15828.1,15831.0,14:10:00,15831.506761163866,0,60
2021-06-28,15835.85,15837.05,15831.15,15833.05,14:15:00,15831.920402957783,0,61
2021-06-28,15838.4,15840.7,15834.35,15836.2,14:20:00,15832.537507437994,0,62
2021-06-28,15836.6,15841.0,15833.1,15838.0,14:25:00,15832.924411491518,0,63
2021-06-28,15833.8,15842.8,15832.15,15836.95,14:30:00,15833.007800873278,0,64
2021-06-28,15822.2,15835.2,15820.0,15833.25,14:35:00,15831.978486504397,0,65
2021-06-28,15827.2,15829.2,15819.4,15822.95,14:40:00,15831.523392551597,0,66
2021-06-28,15827.4,15835.05,15827.4,15827.8,14:45:00,15831.130688499064,0,67
2021-06-28,15828.9,15834.75,15825.65,15827.15,14:50:00,15830.918241975342,0,68
2021-06-28,15828.05,15833.45,15826.45,15828.35,14:55:00,15830.645076072928,0,69
2021-06-28,15813.55,15829.6,15808.65,15829.4,15:00:00,15829.01697358979,0,70
2021-06-28,15808.25,15813.7,15792.15,15813.65,15:05:00,15827.03916658124,0,71
2021-06-28,15812.6,15823.1,15808.95,15808.95,15:10:00,15825.664007859215,0,72
2021-06-28,15811.85,15817.15,15806.65,15814.4,15:15:00,15824.3483880631,0,73
2021-06-28,15824.2,15825.85,15811.75,15811.8,15:20:00,15824.334255866615,0,74
2021-06-28,15824.05,15825.0,15815.0,15824.4,15:25:00,15824.307183879318,0,75
2021-06-29,15818.5,15829.3,15787.0,15819.2,09:15:00,15823.754118747956,1,1
2021-06-29,15810.1,15826.4,15808.15,15817.8,09:20:00,15822.453726486245,1,2
2021-06-29,15816.6,15817.05,15800.95,15806.55,09:25:00,15821.89622872565,1,3
2021-06-29,15825.3,15826.85,15811.4,15815.6,09:30:00,15822.220397418443,1,4
2021-06-29,15834.95,15835.45,15821.45,15824.75,09:35:00,15823.43274052145,1,5
2021-06-29,15823.95,15835.9,15823.95,15835.0,09:40:00,15823.48200332893,1,6
2021-06-29,15802.5,15826.1,15802.45,15824.45,09:45:00,15821.483717297604,1,7
2021-06-29,15791.95,15803.45,15786.9,15801.95,09:50:00,15818.67098231688,1,8
2021-06-29,15784.45,15798.4,15781.15,15791.75,09:55:00,15815.411841143845,1,9
2021-06-29,15761.35,15784.2,15759.7,15784.2,10:00:00,15810.26309436824,1,10
2021-06-29,15760.25,15766.5,15756.3,15761.7,10:05:00,15805.499942523646,1,11
2021-06-29,15768.3,15774.85,15760.3,15760.3,10:10:00,15801.957090854728,1,12
2021-06-29,15770.0,15772.5,15762.25,15768.05,10:15:00,15798.91355839237,1,13
2021-06-29,15774.5,15776.5,15769.05,15770.75,10:20:00,15796.588457593098,1,14
2021-06-29,15767.35,15776.9,15767.1,15774.6,10:25:00,15793.803842584231,1,15
2021-06-29,15773.0,15774.15,15761.7,15768.0,10:30:00,15791.822524242874,1,16
2021-06-29,15766.55,15775.9,15766.4,15773.25,10:35:00,15789.415617172126,1,17
2021-06-29,15754.55,15766.85,15747.35,15765.95,10:40:00,15786.095082203352,1,18
2021-06-29,15755.65,15759.4,15751.45,15754.05,10:45:00,15783.195550564937,1,19
2021-06-29,15762.45,15763.3,15754.65,15755.6,10:50:00,15781.219783844466,1,20
2021-06-29,15757.25,15766.05,15755.8,15762.55,10:55:00,15778.93694728785,1,21
2021-06-29,15763.3,15767.95,15756.85,15757.15,11:00:00,15777.447714212816,1,22
2021-06-29,15767.9,15769.5,15758.85,15761.9,11:05:00,15776.53840809731,1,23
2021-06-29,15773.1,15773.2,15767.15,15768.6,11:10:00,15776.210940659472,1,24
2021-06-29,15768.45,15775.3,15767.5,15774.8,11:15:00,15775.471803453807,1,25
2021-06-29,15780.25,15780.25,15764.9,15768.6,11:20:00,15775.92686979154,1,26
2021-06-29,15778.9,15781.15,15773.4,15781.1,11:25:00,15776.210025049488,1,27
2021-06-29,15777.7,15780.95,15773.9,15780.0,11:30:00,15776.351927425729,1,28
2021-06-29,15779.2,15781.0,15773.65,15778.65,11:35:00,15776.6231724328,1,29
2021-06-29,15776.8,15780.2,15774.95,15779.9,11:40:00,15776.640013153488,1,30
2021-06-29,15772.65,15780.9,15772.45,15777.4,11:45:00,15776.260011900771,1,31
2021-06-29,15763.2,15772.85,15762.0,15772.85,11:50:00,15775.016201243556,1,32
2021-06-29,15758.2,15766.4,15757.1,15764.7,11:55:00,15773.41465826798,1,33
2021-06-29,15760.95,15766.55,15756.55,15758.05,12:00:00,15772.227547956742,1,34
2021-06-29,15759.5,15768.0,15759.45,15763.3,12:05:00,15771.01540053229,1,35
2021-06-29,15744.25,15764.05,15742.55,15760.4,12:10:00,15768.46631476731,1,36
2021-06-29,15755.15,15756.6,15745.5,15745.5,12:15:00,15767.198094313282,1,37
2021-06-29,15757.3,15760.25,15753.2,15755.25,12:20:00,15766.255418664396,1,38
2021-06-29,15758.55,15761.6,15757.55,15758.1,12:25:00,15765.521569267788,1,39
2021-06-29,15767.2,15767.55,15758.85,15759.5,12:30:00,15765.68141981371,1,40
2021-06-29,15762.3,15771.95,15760.65,15767.7,12:35:00,15765.359379831452,1,41
2021-06-29,15762.8,15766.3,15760.7,15762.1,12:40:00,15765.115629371314,1,42
2021-06-29,15766.45,15768.95,15761.0,15763.45,12:45:00,15765.242712288333,1,43
2021-06-29,15774.6,15780.45,15766.05,15767.4,12:50:00,15766.133882546586,1,44
2021-06-29,15771.1,15778.8,15770.75,15775.3,12:55:00,15766.606846113578,1,45
2021-06-29,15769.7,15771.45,15763.65,15771.45,13:00:00,15766.901432198,1,46
2021-06-29,15775.3,15778.05,15769.7,15770.1,13:05:00,15767.70129579819,1,47
2021-06-29,15772.2,15779.25,15772.2,15775.65,13:10:00,15768.12974381741,1,48
2021-06-29,15775.6,15777.4,15772.5,15772.7,13:15:00,15768.84119678718,1,49
2021-06-29,15769.05,15777.25,15769.05,15775.85,13:20:00,15768.861082807449,1,50
2021-06-29,15778.65,15781.45,15768.75,15769.25,13:25:00,15769.793360635307,1,51
2021-06-29,15785.8,15794.65,15780.5,15780.5,13:30:00,15771.317802479563,1,52
2021-06-29,15789.35,15791.5,15784.95,15785.6,13:35:00,15773.03515462437,1,53
2021-06-29,15794.15,15798.9,15786.0,15789.8,13:40:00,15775.046092279192,1,54
2021-06-29,15788.75,15799.1,15787.4,15795.3,13:45:00,15776.35122634784,1,55
2021-06-29,15786.25,15791.15,15785.65,15789.0,13:50:00,15777.293966695666,1,56
2021-06-29,15776.15,15787.1,15775.8,15787.1,13:55:00,15777.185017486556,1,57
2021-06-29,15750.8,15776.95,15734.6,15776.95,14:00:00,15774.672158678311,1,58
2021-06-29,15758.45,15759.2,15746.8,15749.85,14:05:00,15773.12719118514,1,59
2021-06-29,15765.65,15769.25,15758.2,15758.2,14:10:00,15772.415077738937,1,60
2021-06-29,15747.55,15766.9,15746.65,15766.9,14:15:00,15770.046975097132,1,61
2021-06-29,15761.7,15763.05,15747.95,15748.3,14:20:00,15769.252025087882,1,62
2021-06-29,15759.4,15765.0,15759.4,15763.6,14:25:00,15768.313736984275,1,63
2021-06-29,15740.35,15760.9,15737.25,15760.9,14:30:00,15765.650523938157,1,64
2021-06-29,15739.45,15746.25,15737.7,15740.45,14:35:00,15763.155235944045,1,65
2021-06-29,15738.9,15741.4,15724.9,15739.7,14:40:00,15760.845213473183,1,66
2021-06-29,15726.5,15743.6,15724.05,15739.4,14:45:00,15757.574240761453,1,67
2021-06-29,15739.0,15739.75,15726.25,15727.6,14:50:00,15755.80526545084,1,68
2021-06-29,15740.6,15746.3,15737.15,15738.9,14:55:00,15754.357144931711,1,69
2021-06-29,15749.65,15761.8,15741.75,15741.75,15:00:00,15753.908845414406,1,70
2021-06-29,15745.4,15751.25,15737.45,15749.55,15:05:00,15753.098479184462,1,71
2021-06-29,15744.4,15748.0,15737.55,15744.3,15:10:00,15752.270052595466,1,72
2021-06-29,15750.2,15751.1,15744.35,15744.35,15:15:00,15752.072904729232,1,73
2021-06-29,15753.6,15759.15,15740.65,15749.65,15:20:00,15752.218342374068,1,74
2021-06-29,15749.55,15755.3,15745.2,15753.0,15:25:00,15751.96421452892,1,75
2021-06-30,15804.05,15812.55,15774.25,15776.85,09:15:00,15761.412883095103,2,1
2021-06-30,15803.95,15811.35,15798.4,15804.65,09:20:00,15765.464037086043,2,2
2021-06-30,15787.45,15804.45,15781.8,15804.45,09:25:00,15767.557938315946,2,3
2021-06-30,15783.25,15786.95,15775.75,15786.85,09:30:00,15769.052420381093,2,4
2021-06-30,15789.05,15792.05,15781.15,15783.75,09:35:00,15770.95695177337,2,5
2021-06-30,15781.05,15791.55,15774.5,15788.8,09:40:00,15771.91819446162,2,6
2021-06-30,15790.05,15791.85,15779.25,15781.4,09:45:00,15773.645033084324,2,7
2021-06-30,15792.25,15793.1,15783.45,15789.5,09:50:00,15775.41693469534,2,8
2021-06-30,15793.75,15794.05,15785.95,15792.6,09:55:00,15777.162940914832,2,9
2021-06-30,15797.4,15803.45,15796.65,15803.45,10:00:00,15779.090279875323,2,10
2021-06-30,15799.45,15800.3,15792.6,15797.75,10:05:00,15781.029300839578,2,11
2021-06-30,15806.2,15807.35,15795.75,15799.35,10:10:00,15783.426510283429,2,12
2021-06-30,15808.8,15815.05,15804.85,15806.7,10:15:00,15785.84303311358,2,13
2021-06-30,15804.2,15808.65,15799.7,15808.3,10:20:00,15787.59131567419,2,14
2021-06-30,15805.5,15806.65,15801.25,15804.65,10:25:00,15789.2969046576,2,15
2021-06-30,15811.9,15812.85,15804.6,15805.6,10:30:00,15791.449580404496,2,16
2021-06-30,15823.85,15825.9,15811.6,15811.6,10:35:00,15794.535334651686,2,17
2021-06-30,15824.75,15829.95,15823.85,15824.35,10:40:00,15797.412921827716,2,18
2021-06-30,15831.45,15836.55,15825.1,15825.3,10:45:00,15800.654548320314,2,19
2021-06-30,15824.55,15832.05,15823.15,15831.15,10:50:00,15802.930305623142,2,20
2021-06-30,15826.0,15826.8,15820.65,15824.45,10:55:00,15805.12741937332,2,21
2021-06-30,15834.25,15834.25,15826.05,15826.55,11:00:00,15807.900998480622,2,22
2021-06-30,15830.05,15837.3,15825.7,15834.4,11:05:00,15810.010427196754,2,23
2021-06-30,15833.7,15834.65,15829.75,15830.3,11:10:00,15812.26657698754,2,24
2021-06-30,15833.9,15837.75,15830.75,15833.9,11:15:00,15814.326902988729,2,25
2021-06-30,15828.05,15836.7,15826.7,15834.1,11:20:00,15815.633864608848,2,26
2021-06-30,15829.95,15832.8,15824.55,15827.6,11:25:00,15816.997306074672,2,27
2021-06-30,15830.35,15831.6,15824.75,15830.4,11:30:00,15818.268991210418,2,28
2021-06-30,15827.9,15834.1,15826.15,15829.4,11:35:00,15819.18623014276,2,29
2021-06-30,15819.35,15829.35,15819.15,15827.15,11:40:00,15819.20182727202,2,30
2021-06-30,15825.9,15825.9,15817.15,15819.1,11:45:00,15819.839748484208,2,31
2021-06-30,15824.6,15827.8,15823.4,15825.75,11:50:00,15820.293105771429,2,32
2021-06-30,15829.75,15831.75,15824.55,15824.55,11:55:00,15821.193762364624,2,33
2021-06-30,15825.8,15833.8,15823.45,15829.85,12:00:00,15821.632451663232,2,34
2021-06-30,15827.6,15830.1,15824.4,15825.7,12:05:00,15822.200789600069,2,35
2021-06-30,15831.85,15833.85,15827.7,15828.35,12:10:00,15823.119762019109,2,36
2021-06-30,15838.05,15839.1,15831.1,15831.5,12:15:00,15824.54168944586,2,37
2021-06-30,15825.15,15837.8,15824.25,15837.8,12:20:00,15824.599623784348,2,38
2021-06-30,15826.6,15830.7,15823.5,15825.2,12:25:00,15824.790135804886,2,39
2021-06-30,15819.65,15831.8,15819.2,15827.85,12:30:00,15824.300599061564,2,40
2021-06-30,15820.55,15824.75,15819.1,15819.75,12:35:00,15823.94339915094,2,41
2021-06-30,15816.85,15821.75,15815.0,15820.3,12:40:00,15823.26783732704,2,42
2021-06-30,15813.85,15817.1,15809.65,15817.1,12:45:00,15822.370900438753,2,43
2021-06-30,15819.7,15819.8,15814.05,15814.2,12:50:00,15822.116528968396,2,44
2021-06-30,15825.1,15825.1,15815.35,15819.5,12:55:00,15822.400669066645,2,45
2021-06-30,15823.15,15826.4,15817.35,15825.15,13:00:00,15822.47203391744,2,46
2021-06-30,15823.15,15827.15,15821.0,15822.65,13:05:00,15822.53660211578,2,47
2021-06-30,15817.75,15826.05,15816.35,15823.2,13:10:00,15822.08073524761,2,48
2021-06-30,15823.5,15824.05,15809.9,15817.2,13:15:00,15822.215903319266,2,49
2021-06-30,15822.3,15824.85,15819.65,15823.3,13:20:00,15822.223912526955,2,50
2021-06-30,15814.45,15824.3,15814.4,15821.95,13:25:00,15821.48353990534,2,51
2021-06-30,15816.85,15816.85,15808.8,15815.1,13:30:00,15821.042250390548,2,52
2021-06-30,15805.35,15817.5,15802.65,15816.9,13:35:00,15819.547750353351,2,53
2021-06-30,15782.7,15806.65,15779.9,15805.65,13:40:00,15816.03844079589,2,54
2021-06-30,15783.5,15785.8,15774.65,15783.15,13:45:00,15812.939541672473,2,55
2021-06-30,15791.55,15796.0,15782.85,15782.95,13:50:00,15810.90244246557,2,56
2021-06-30,15791.95,15797.0,15790.0,15791.45,13:55:00,15809.09744794504,2,57
2021-06-30,15775.75,15792.45,15769.4,15791.7,14:00:00,15805.921500521705,2,58
2021-06-30,15782.6,15788.75,15775.6,15776.25,14:05:00,15803.700405233922,2,59
2021-06-30,15787.05,15788.0,15781.6,15782.7,14:10:00,15802.1146523545,2,60
2021-06-30,15791.6,15798.6,15786.6,15787.6,14:15:00,15801.113256892168,2,61
2021-06-30,15786.65,15790.3,15781.6,15790.3,14:20:00,15799.73580385482,2,62
2021-06-30,15762.65,15790.5,15762.25,15786.3,14:25:00,15796.203822535314,2,63
2021-06-30,15765.9,15767.15,15756.2,15762.55,14:30:00,15793.317744198615,2,64
2021-06-30,15758.2,15765.7,15748.5,15765.65,14:35:00,15789.973197132082,2,65
2021-06-30,15738.95,15758.1,15738.45,15757.25,14:40:00,15785.113845024263,2,66
2021-06-30,15754.15,15756.6,15738.05,15739.7,14:45:00,15782.164907402906,2,67
2021-06-30,15752.25,15757.65,15749.5,15754.55,14:50:00,15779.31586860263,2,68
2021-06-30,15742.3,15753.1,15733.7,15752.55,14:55:00,15775.790547783332,2,69
2021-06-30,15738.95,15743.35,15726.8,15743.05,15:00:00,15772.28192418492,2,70
2021-06-30,15725.25,15738.8,15724.7,15738.8,15:05:00,15767.802693310166,2,71
2021-06-30,15713.95,15725.85,15713.1,15725.5,15:10:00,15762.673865375866,2,72
2021-06-30,15716.15,15718.85,15711.2,15713.35,15:15:00,15758.243021054355,2,73
2021-06-30,15715.25,15719.3,15708.75,15716.75,15:20:00,15754.148447620606,2,74
2021-06-30,15730.65,15730.65,15714.15,15715.7,15:25:00,15751.910500228169,2,75
2021-07-01,15724.2,15755.55,15714.75,15755.55,09:15:00,15749.27140496834,3,1
2021-07-01,15728.85,15737.95,15711.1,15724.45,09:20:00,15747.32650925707,3,2
2021-07-01,15716.8,15729.75,15714.75,15729.75,09:25:00,15744.419222661158,3,3
2021-07-01,15723.7,15724.95,15709.4,15717.95,09:30:00,15742.445963360096,3,4
2021-07-01,15727.3,15736.65,15721.4,15724.0,09:35:00,15741.003490659134,3,5
2021-07-01,15741.4,15741.4,15726.05,15727.05,09:40:00,15741.0412534535,3,6
2021-07-01,15742.95,15742.95,15735.0,15740.6,09:45:00,15741.223038838882,3,7
2021-07-01,15737.4,15744.55,15734.75,15743.45,09:50:00,15740.858939901844,3,8
2021-07-01,15731.6,15740.1,15730.85,15738.35,09:55:00,15739.977136101668,3,9
2021-07-01,15717.95,15735.65,15716.35,15732.3,10:00:00,15737.879313615796,3,10
2021-07-01,15724.7,15726.8,15713.7,15717.6,10:05:00,15736.624140890484,3,11
2021-07-01,15716.65,15725.5,15706.75,15724.35,10:10:00,15734.721841758055,3,12
2021-07-01,15709.7,15716.45,15704.6,15716.0,10:15:00,15732.338809209668,3,13
2021-07-01,15720.25,15721.15,15709.0,15710.1,10:20:00,15731.187494046842,3,14
2021-07-01,15713.15,15725.2,15712.2,15720.9,10:25:00,15729.469637470953,3,15
2021-07-01,15705.45,15713.05,15703.05,15713.05,10:30:00,15727.18205294991,3,16
2021-07-01,15694.8,15707.25,15691.45,15705.7,10:35:00,15724.09804790706,3,17
2021-07-01,15695.85,15699.85,15691.0,15694.95,10:40:00,15721.4077576302,3,18
2021-07-01,15696.9,15698.9,15693.7,15695.45,10:45:00,15719.07368547494,3,19
2021-07-01,15687.1,15697.6,15685.35,15697.35,10:50:00,15716.028572572566,3,20
2021-07-01,15698.25,15701.15,15686.5,15686.5,10:55:00,15714.335375184704,3,21
2021-07-01,15709.95,15711.4,15697.45,15698.9,11:00:00,15713.917720405208,3,22
2021-07-01,15704.0,15712.0,15704.0,15709.9,11:05:00,15712.973175604711,3,23
2021-07-01,15709.65,15710.5,15703.55,15703.95,11:10:00,15712.656682689976,3,24
2021-07-01,15707.95,15713.25,15703.65,15709.1,11:15:00,15712.208427195694,3,25
2021-07-01,15701.85,15709.25,15700.2,15708.1,11:20:00,15711.221910319911,3,26
2021-07-01,15701.75,15708.35,15700.35,15701.45,11:25:00,15710.319823622778,3,27
2021-07-01,15693.15,15705.15,15692.9,15701.9,11:30:00,15708.684602325373,3,28
2021-07-01,15691.3,15697.95,15690.1,15692.8,11:35:00,15707.02892591343,3,29
2021-07-01,15701.0,15702.25,15690.0,15690.95,11:40:00,15706.454742493104,3,30
2021-07-01,15699.8,15702.6,15696.95,15701.25,11:45:00,15705.82095749376,3,31
2021-07-01,15705.45,15705.9,15699.0,15699.35,11:50:00,15705.78562820864,3,32
2021-07-01,15702.4,15705.75,15699.9,15705.5,11:55:00,15705.463187426869,3,33
2021-07-01,15699.8,15708.35,15699.4,15704.7,12:00:00,15704.923836243355,3,34
2021-07-01,15698.5,15707.2,15698.2,15700.4,12:05:00,15704.31204231542,3,35
2021-07-01,15698.75,15701.45,15695.65,15698.4,12:10:00,15703.782323999663,3,36
2021-07-01,15699.65,15702.25,15698.35,15700.1,12:15:00,15703.38876933303,3,37
2021-07-01,15696.85,15703.2,15696.85,15699.9,12:20:00,15702.766029396553,3,38
2021-07-01,15698.4,15701.95,15694.75,15696.95,12:25:00,15702.350217073072,3,39
2021-07-01,15688.55,15700.8,15688.15,15698.9,12:30:00,15701.03591068516,3,40
2021-07-01,15706.35,15708.2,15686.05,15688.35,12:35:00,15701.542014429431,3,41
2021-07-01,15706.45,15709.05,15702.75,15706.8,12:40:00,15702.00944162663,3,42
2021-07-01,15710.45,15710.85,15701.0,15705.7,12:45:00,15702.813304328856,3,43
2021-07-01,15716.1,15718.6,15707.3,15710.65,12:50:00,15704.078703916584,3,44
2021-07-01,15706.35,15717.95,15706.35,15715.95,12:55:00,15704.29501782929,3,45
2021-07-01,15705.35,15710.4,15704.45,15707.95,13:00:00,15704.39549232174,3,46
2021-07-01,15708.1,15709.6,15703.95,15706.0,13:05:00,15704.74830257681,3,47
2021-07-01,15714.35,15724.25,15707.05,15708.65,13:10:00,15705.662749950448,3,48
2021-07-01,15715.5,15719.95,15713.6,15713.7,13:15:00,15706.599630907547,3,49
2021-07-01,15727.85,15728.55,15713.35,15715.85,13:20:00,15708.62347558302,3,50
2021-07-01,15723.25,15732.95,15720.25,15727.75,13:25:00,15710.016477908448,3,51
2021-07-01,15717.95,15727.6,15717.95,15722.65,13:30:00,15710.772051440978,3,52
2021-07-01,15722.0,15724.5,15714.55,15718.05,13:35:00,15711.841379875172,3,53
2021-07-01,15721.95,15725.4,15720.7,15722.35,13:40:00,15712.804105601346,3,54
2021-07-01,15709.0,15723.5,15702.4,15722.05,13:45:00,15712.44180982979,3,55
2021-07-01,15704.8,15709.4,15697.7,15709.15,13:50:00,15711.714018417428,3,56
2021-07-01,15706.8,15707.9,15701.8,15703.95,13:55:00,15711.246016663386,3,57
2021-07-01,15698.35,15707.6,15690.35,15706.2,14:00:00,15710.017824600209,3,58
2021-07-01,15716.7,15717.0,15691.7,15698.2,14:05:00,15710.654222257332,3,59
2021-07-01,15709.3,15718.65,15708.3,15716.15,14:10:00,15710.525248709017,3,60
2021-07-01,15709.15,15710.75,15704.3,15709.05,14:15:00,15710.39427264149,3,61
2021-07-01,15705.7,15709.7,15698.7,15709.1,14:20:00,15709.947199056583,3,62
2021-07-01,15702.4,15706.15,15699.7,15706.15,14:25:00,15709.228418194054,3,63
2021-07-01,15697.5,15705.0,15694.75,15702.3,14:30:00,15708.111425985097,3,64
2021-07-01,15691.3,15697.75,15690.6,15697.75,14:35:00,15706.51033779604,3,65
2021-07-01,15696.65,15699.9,15684.45,15691.05,14:40:00,15705.57125800594,3,66
2021-07-01,15692.5,15696.9,15685.0,15696.55,14:45:00,15704.326376291086,3,67
2021-07-01,15687.2,15693.55,15686.55,15693.35,14:50:00,15702.695292834793,3,68
2021-07-01,15682.3,15688.9,15679.35,15686.25,14:55:00,15700.752883993384,3,69
2021-07-01,15673.1,15685.5,15669.7,15683.55,15:00:00,15698.119275994011,3,70
2021-07-01,15675.5,15679.15,15667.05,15674.2,15:05:00,15695.965059232678,3,71
2021-07-01,15677.35,15681.35,15669.6,15675.4,15:10:00,15694.192196448614,3,72
2021-07-01,15680.5,15681.2,15673.9,15677.8,15:15:00,15692.888177739222,3,73
2021-07-01,15691.75,15692.4,15678.95,15680.0,15:20:00,15692.779779859296,3,74
2021-07-01,15694.35,15694.9,15687.8,15692.25,15:25:00,15692.929324634602,3,75
2021-07-02,15686.2,15711.2,15676.25,15711.2,09:15:00,15692.288436574165,4,1
2021-07-02,15666.5,15687.15,15664.05,15685.2,09:20:00,15689.83239499567,4,2
2021-07-02,15674.55,15676.65,15658.15,15666.9,09:25:00,15688.376928805606,4,3
2021-07-02,15671.85,15682.9,15666.05,15674.85,09:30:00,15686.802935586024,4,4
2021-07-02,15667.15,15672.0,15662.6,15671.8,09:35:00,15684.931227434974,4,5
2021-07-02,15673.8,15675.35,15665.6,15669.15,09:40:00,15683.871110536404,4,6
2021-07-02,15657.25,15674.9,15656.05,15673.6,09:45:00,15681.335766675797,4,7
2021-07-02,15662.35,15671.55,15649.6,15656.55,09:50:00,15679.527598420957,4,8
2021-07-02,15667.3,15670.6,15662.0,15662.5,09:55:00,15678.363065238009,4,9
2021-07-02,15672.2,15673.8,15659.7,15666.75,10:00:00,15677.776106643912,4,10
2021-07-02,15677.1,15681.5,15668.9,15672.05,10:05:00,15677.711715534968,4,11
2021-07-02,15684.4,15687.95,15675.9,15676.1,10:10:00,15678.348695007828,4,12
2021-07-02,15673.2,15685.7,15669.95,15684.1,10:15:00,15677.858343102322,4,13
2021-07-02,15679.05,15680.4,15672.15,15672.95,10:20:00,15677.971834235434,4,14
2021-07-02,15677.65,15682.15,15676.9,15678.15,10:25:00,15677.941183355868,4,15
2021-07-02,15668.35,15677.7,15666.7,15677.25,10:30:00,15677.027737321976,4,16
2021-07-02,15668.8,15669.65,15663.8,15668.4,10:35:00,15676.244143291313,4,17
2021-07-02,15655.75,15668.35,15654.75,15667.9,10:40:00,15674.29232012071,4,18
2021-07-02,15641.8,15654.55,15637.95,15654.55,10:45:00,15671.197813442548,4,19
2021-07-02,15643.95,15647.5,15635.95,15641.1,10:50:00,15668.602783590875,4,20
2021-07-02,15652.5,15654.55,15642.6,15643.2,10:55:00,15667.069185153652,4,21
2021-07-02,15660.6,15662.2,15652.65,15653.6,11:00:00,15666.453072281876,4,22
2021-07-02,15662.6,15666.55,15656.85,15660.55,11:05:00,15666.086113016934,4,23
2021-07-02,15661.95,15665.55,15655.85,15663.45,11:10:00,15665.692197491511,4,24
2021-07-02,15666.4,15667.75,15655.5,15662.25,11:15:00,15665.759607254224,4,25
2021-07-02,15671.05,15672.05,15665.85,15666.3,11:20:00,15666.263454182394,4,26
2021-07-02,15667.6,15671.65,15666.45,15670.55,11:25:00,15666.39074426026,4,27
2021-07-02,15666.65,15667.55,15662.15,15667.4,11:30:00,15666.415435283092,4,28
2021-07-02,15663.8,15675.7,15662.95,15666.9,11:35:00,15666.16634620851,4,29
2021-07-02,15671.6,15672.75,15661.65,15663.15,11:40:00,15666.683837045795,4,30
2021-07-02,15674.45,15677.25,15671.7,15672.35,11:45:00,15667.42347161286,4,31
2021-07-02,15674.5,15677.9,15671.65,15673.5,11:50:00,15668.09742669735,4,32
2021-07-02,15679.8,15680.35,15672.55,15674.05,11:55:00,15669.211957488078,4,33
2021-07-02,15680.9,15683.0,15676.0,15679.4,12:00:00,15670.325104393974,4,34
2021-07-02,15673.3,15683.75,15672.3,15681.1,12:05:00,15670.608427785024,4,35
2021-07-02,15679.1,15679.55,15673.0,15673.0,12:10:00,15671.417148948356,4,36
2021-07-02,15684.2,15687.9,15678.45,15678.45,12:15:00,15672.634563334228,4,37
2021-07-02,15679.55,15683.85,15678.05,15683.3,12:20:00,15673.293176350016,4,38
2021-07-02,15683.3,15688.6,15679.25,15679.25,12:25:00,15674.246207173825,4,39
2021-07-02,15688.85,15691.4,15681.8,15683.7,12:30:00,15675.63704458584,4,40
2021-07-02,15685.4,15691.85,15684.0,15689.1,12:35:00,15676.56684986338,4,41
2021-07-02,15689.05,15691.05,15682.3,15684.45,12:40:00,15677.755721304962,4,42
2021-07-02,15694.0,15697.55,15688.6,15688.6,12:45:00,15679.302795466394,4,43
2021-07-02,15692.1,15697.0,15691.65,15693.65,12:50:00,15680.521576850548,4,44
2021-07-02,15704.65,15705.25,15679.65,15691.55,12:55:00,15682.8195219124,4,45
2021-07-02,15706.45,15711.35,15701.05,15706.1,13:00:00,15685.070043635027,4,46
2021-07-02,15700.75,15709.35,15694.7,15706.5,13:05:00,15686.563372812643,4,47
2021-07-02,15699.4,15703.3,15695.85,15700.55,13:10:00,15687.78590873525,4,48
2021-07-02,15683.75,15702.9,15683.75,15699.3,13:15:00,15687.40153647475,4,49
2021-07-02,15690.8,15693.55,15683.9,15684.5,13:20:00,15687.725199667631,4,50
2021-07-02,15694.9,15700.0,15685.05,15689.85,13:25:00,15688.408513985,4,51
2021-07-02,15697.9,15701.0,15690.2,15694.55,13:30:00,15689.312465034049,4,52
2021-07-02,15697.85,15700.75,15693.65,15697.05,13:35:00,15690.125563602232,4,53
2021-07-02,15703.65,15704.4,15695.6,15695.8,13:40:00,15691.413605163923,4,54
2021-07-02,15685.25,15704.35,15683.35,15702.65,13:45:00,15690.826595148314,4,55
2021-07-02,15683.5,15688.6,15680.0,15685.9,13:50:00,15690.128824181807,4,56
2021-07-02,15677.35,15694.0,15675.05,15684.05,13:55:00,15688.91179330735,4,57
2021-07-02,15666.4,15677.55,15665.6,15677.15,14:00:00,15686.767812992364,4,58
2021-07-02,15685.3,15687.45,15663.6,15666.0,14:05:00,15686.628021278806,4,59
2021-07-02,15687.3,15689.0,15683.6,15685.1,14:10:00,15686.692019252252,4,60
2021-07-02,15678.1,15687.8,15677.95,15687.8,14:15:00,15685.873731704418,4,61
2021-07-02,15699.35,15701.55,15673.6,15677.2,14:20:00,15687.157185827806,4,62
2021-07-02,15706.0,15708.35,15698.8,15699.4,14:25:00,15688.95173955849,4,63
2021-07-02,15701.45,15706.65,15697.45,15706.65,14:30:00,15690.142050076727,4,64
2021-07-02,15701.25,15712.65,15698.9,15701.55,14:35:00,15691.199950069422,4,65
2021-07-02,15699.05,15702.45,15692.85,15701.8,14:40:00,15691.947573872334,4,66
2021-07-02,15702.1,15707.65,15699.05,15699.25,14:45:00,15692.91447159878,4,67
2021-07-02,15700.25,15711.95,15699.45,15702.4,14:50:00,15693.613093351276,4,68
2021-07-02,15695.8,15700.2,15692.15,15699.7,14:55:00,15693.821370174965,4,69
2021-07-02,15721.3,15721.75,15695.35,15696.4,15:00:00,15696.438382539254,4,70
2021-07-02,15712.1,15720.7,15711.0,15720.7,15:05:00,15697.929965154564,4,71
2021-07-02,15722.05,15725.0,15712.35,15712.65,15:10:00,15700.22711133032,4,72
2021-07-02,15725.25,15727.0,15722.1,15722.1,15:15:00,15702.610243584577,4,73
2021-07-02,15733.05,15738.35,15725.15,15726.35,15:20:00,15705.509268005091,4,74
2021-07-02,15729.5,15736.05,15725.9,15733.2,15:25:00,15707.794099623654,4,75
2021-07-05,15790.35,15796.4,15762.05,15796.4,09:15:00,15715.656566326164,0,1
2021-07-05,15806.9,15809.15,15786.05,15790.45,09:20:00,15724.346417152245,0,2
2021-07-05,15805.9,15809.5,15794.95,15808.45,09:25:00,15732.113425042506,0,3
2021-07-05,15812.6,15820.05,15805.5,15805.5,09:30:00,15739.778813133697,0,4
2021-07-05,15815.8,15815.95,15806.65,15812.85,09:35:00,15747.018926168585,0,5
2021-07-05,15813.85,15819.9,15808.35,15815.85,09:40:00,15753.383790343005,0,6
2021-07-05,15817.3,15821.55,15811.35,15813.45,09:45:00,15759.471048405576,0,7
2021-07-05,15815.1,15821.05,15813.0,15818.45,09:50:00,15764.769043795524,0,8
2021-07-05,15815.85,15818.65,15811.25,15815.65,09:55:00,15769.633896767376,0,9
2021-07-05,15810.6,15817.0,15809.05,15816.35,10:00:00,15773.535430408578,0,10
2021-07-05,15808.0,15811.4,15801.9,15811.1,10:05:00,15776.817770369666,0,11
2021-07-05,15815.95,15816.7,15806.4,15807.6,10:10:00,15780.544649382078,0,12
2021-07-05,15825.3,15826.85,15815.65,15815.75,10:15:00,15784.80706372664,0,13
2021-07-05,15821.55,15825.45,15820.45,15824.8,10:20:00,15788.306390990769,0,14
2021-07-05,15823.85,15824.6,15819.3,15821.7,10:25:00,15791.691496610694,0,15
2021-07-05,15824.9,15827.5,15821.85,15823.95,10:30:00,15794.8542112192,0,16
2021-07-05,15821.45,15829.3,15818.35,15825.0,10:35:00,15797.387143484037,0,17
2021-07-05,15820.2,15823.2,15816.7,15821.6,10:40:00,15799.55979648556,0,18
2021-07-05,15826.85,15829.45,15819.85,15820.25,10:45:00,15802.158863486931,0,19
2021-07-05,15827.15,15828.85,15824.35,15826.9,10:50:00,15804.538971726271,0,20
2021-07-05,15825.9,15831.05,15825.15,15826.95,10:55:00,15806.57335537139,0,21
2021-07-05,15830.3,15833.2,15826.1,15826.1,11:00:00,15808.833035812211,0,22
2021-07-05,15826.5,15830.25,15825.5,15830.0,11:05:00,15810.515603830096,0,23
2021-07-05,15824.0,15825.95,15819.4,15825.85,11:10:00,15811.799832036751,0,24
2021-07-05,15821.95,15824.45,15818.2,15824.2,11:15:00,15812.76651469992,0,25
2021-07-05,15825.6,15827.95,15821.7,15821.85,11:20:00,15813.988751395167,0,26
2021-07-05,15822.5,15826.95,15820.75,15825.15,11:25:00,15814.79934650039,0,27
2021-07-05,15823.95,15824.25,15820.4,15823.75,11:30:00,15815.670837309875,0,28
2021-07-05,15826.1,15828.05,15819.25,15823.4,11:35:00,15816.66409089941,0,29
2021-07-05,15825.55,15828.05,15823.7,15825.95,11:40:00,15817.51036795661,0,30
2021-07-05,15824.45,15826.0,15821.05,15826.0,11:45:00,15818.171285294076,0,31
2021-07-05,15824.45,15826.75,15822.55,15824.4,11:50:00,15818.769258123211,0,32
2021-07-05,15826.95,15827.1,15823.35,15825.05,11:55:00,15819.548376397192,0,33
2021-07-05,15829.35,15830.6,15823.9,15828.65,12:00:00,15820.481864359364,0,34
2021-07-05,15830.0,15830.3,15823.65,15829.75,12:05:00,15821.388353467995,0,35
2021-07-05,15828.9,15831.2,15826.65,15829.65,12:10:00,15822.103748375806,0,36
2021-07-05,15810.4,15828.55,15809.4,15827.15,12:15:00,15820.989105673349,0,37
2021-07-05,15807.2,15812.05,15804.7,15809.3,12:20:00,15819.675857513985,0,38
2021-07-05,15808.35,15809.7,15803.2,15806.15,12:25:00,15818.597204417412,0,39
2021-07-05,15815.95,15816.0,15807.8,15809.3,12:30:00,15818.345089710992,0,40
2021-07-05,15815.45,15817.65,15813.3,15815.55,12:35:00,15818.069366881376,0,41
2021-07-05,15810.1,15817.1,15809.8,15815.75,12:40:00,15817.31037955934,0,42
2021-07-05,15811.75,15815.1,15804.1,15809.5,12:45:00,15816.780819601308,0,43
2021-07-05,15809.9,15814.35,15808.25,15812.15,12:50:00,15816.125503448802,0,44
2021-07-05,15810.05,15812.2,15807.65,15809.45,12:55:00,15815.546884072726,0,45
2021-07-05,15814.15,15814.2,15806.8,15810.5,13:00:00,15815.413847494372,0,46
2021-07-05,15821.65,15823.05,15814.3,15814.4,13:05:00,15816.007766780622,0,47
2021-07-05,15821.05,15822.8,15816.5,15821.35,13:10:00,15816.487979468182,0,48
2021-07-05,15821.7,15822.95,15818.85,15820.5,13:15:00,15816.984362375975,0,49
2021-07-05,15819.1,15822.05,15817.55,15821.5,13:20:00,15817.185851673505,0,50
2021-07-05,15815.65,15819.45,15814.95,15818.9,13:25:00,15817.03958008555,0,51
2021-07-05,15816.0,15827.45,15815.2,15815.3,13:30:00,15816.940572458354,0,52
2021-07-05,15821.2,15821.95,15813.85,15815.8,13:35:00,15817.346232224225,0,53
2021-07-05,15825.25,15826.0,15820.35,15821.35,13:40:00,15818.098972012393,0,54
2021-07-05,15823.75,15827.7,15819.7,15825.2,13:45:00,15818.637165154068,0,55
2021-07-05,15827.15,15828.0,15820.5,15823.4,13:50:00,15819.447911329871,0,56
2021-07-05,15826.45,15827.95,15823.25,15827.05,13:55:00,15820.114776917502,0,57
2021-07-05,15826.25,15833.9,15826.0,15827.65,14:00:00,15820.69908387774,0,58
2021-07-05,15832.8,15833.05,15825.3,15826.5,14:05:00,15821.85155207986,0,59
2021-07-05,15828.7,15835.05,15824.9,15832.95,14:10:00,15822.50378521511,0,60
2021-07-05,15823.7,15830.4,15821.9,15828.5,14:15:00,15822.61771043272,0,61
2021-07-05,15821.5,15825.7,15821.5,15823.45,14:20:00,15822.511261820078,0,62
2021-07-05,15811.7,15821.55,15811.7,15820.85,14:25:00,15821.481617837211,0,63
2021-07-05,15821.45,15822.7,15811.2,15811.2,14:30:00,15821.47860661462,0,64
2021-07-05,15827.5,15827.9,15820.65,15821.65,14:35:00,15822.052072651324,0,65
2021-07-05,15827.85,15828.85,15824.3,15827.4,14:40:00,15822.60425620834,0,66
2021-07-05,15825.65,15830.15,15823.0,15828.3,14:45:00,15822.894327045642,0,67
2021-07-05,15828.15,15830.4,15824.5,15826.15,14:50:00,15823.39486732701,0,68
2021-07-05,15830.05,15832.05,15826.1,15828.55,14:55:00,15824.028689486342,0,69
2021-07-05,15830.5,15831.65,15825.3,15831.1,15:00:00,15824.645004773356,0,70
2021-07-05,15829.95,15831.5,15827.3,15830.6,15:05:00,15825.150242413987,0,71
2021-07-05,15839.4,15840.4,15828.0,15829.8,15:10:00,15826.507362184086,0,72
2021-07-05,15840.2,15841.35,15833.5,15839.0,15:15:00,15827.811422928458,0,73
2021-07-05,15841.45,15844.95,15835.65,15840.25,15:20:00,15829.110335030511,0,74
2021-07-05,15841.75,15845.95,15833.65,15841.65,15:25:00,15830.314112646653,0,75
2021-07-06,15860.35,15864.25,15808.7,15821.85,09:15:00,15833.174673346972,1,1
2021-07-06,15855.3,15863.2,15855.25,15858.4,09:20:00,15835.281847313929,1,2
2021-07-06,15848.85,15858.55,15846.3,15856.4,09:25:00,15836.574052331647,1,3
2021-07-06,15859.25,15862.6,15848.75,15849.7,09:30:00,15838.7336663953,1,4
2021-07-06,15862.35,15866.4,15856.85,15858.75,09:35:00,15840.98284102432,1,5
2021-07-06,15861.1,15864.2,15856.6,15861.85,09:40:00,15842.898760926766,1,6
2021-07-06,15865.8,15866.1,15858.0,15861.85,09:45:00,15845.079831314692,1,7
2021-07-06,15864.85,15867.8,15862.5,15865.9,09:50:00,15846.96270452282,1,8
2021-07-06,15870.5,15873.55,15864.7,15865.95,09:55:00,15849.20435171112,1,9
2021-07-06,15865.65,15875.6,15865.1,15870.1,10:00:00,15850.77060392911,1,10
2021-07-06,15868.05,15870.05,15860.15,15865.1,10:05:00,15852.416260697766,1,11
2021-07-06,15864.65,15871.95,15864.1,15868.5,10:10:00,15853.58137872655,1,12
2021-07-06,15855.4,15865.6,15852.4,15864.25,10:15:00,15853.754580752591,1,13
2021-07-06,15849.85,15856.95,15848.45,15855.75,10:20:00,15853.382715919011,1,14
2021-07-06,15853.75,15855.65,15848.95,15849.35,10:25:00,15853.417695355298,1,15
2021-07-06,15862.95,15863.05,15853.35,15854.5,10:30:00,15854.325533892888,1,16
2021-07-06,15868.3,15868.3,15861.6,15862.6,10:35:00,15855.6564354269,1,17
2021-07-06,15868.1,15872.15,15866.55,15867.8,10:40:00,15856.841536814814,1,18
2021-07-06,15868.15,15869.65,15864.3,15867.45,10:45:00,15857.918533308644,1,19
2021-07-06,15871.15,15871.85,15862.8,15868.5,10:50:00,15859.178672993534,1,20
2021-07-06,15871.2,15872.9,15868.95,15871.3,10:55:00,15860.323561279863,1,21
2021-07-06,15870.95,15873.6,15869.05,15871.55,11:00:00,15861.335603062733,1,22
2021-07-06,15878.5,15879.4,15868.6,15870.55,11:05:00,15862.970307532947,1,23
2021-07-06,15881.85,15884.25,15878.4,15879.7,11:10:00,15864.768373482191,1,24
2021-07-06,15884.85,15885.1,15874.85,15881.1,11:15:00,15866.68090934103,1,25
2021-07-06,15885.05,15893.95,15883.9,15884.2,11:20:00,15868.430346546647,1,26
2021-07-06,15886.95,15889.55,15884.85,15885.55,11:25:00,15870.194123066014,1,27
2021-07-06,15885.5,15888.45,15885.5,15887.15,11:30:00,15871.651825631156,1,28
2021-07-06,15891.1,15893.25,15883.6,15885.8,11:35:00,15873.504032713903,1,29
2021-07-06,15896.3,15898.05,15890.8,15890.8,11:40:00,15875.67507721734,1,30
2021-07-06,15898.45,15900.6,15893.25,15896.45,11:45:00,15877.844117482357,1,31
2021-07-06,15898.1,15902.95,15897.25,15898.4,11:50:00,15879.773249150703,1,32
2021-07-06,15895.7,15899.75,15893.9,15896.95,11:55:00,15881.29008256492,1,33
2021-07-06,15903.15,15903.85,15894.3,15896.15,12:00:00,15883.371979463502,1,34
2021-07-06,15907.25,15909.75,15901.55,15901.9,12:05:00,15885.646076657456,1,35
2021-07-06,15902.4,15909.35,15900.3,15906.5,12:10:00,15887.241688404363,1,36
2021-07-06,15906.0,15908.3,15900.15,15902.55,12:15:00,15889.028194270615,1,37
2021-07-06,15899.7,15907.1,15899.7,15906.85,12:20:00,15890.044556721034,1,38
2021-07-06,15896.3,15900.9,15895.05,15900.9,12:25:00,15890.640313223792,1,39
2021-07-06,15887.2,15896.6,15884.35,15896.6,12:30:00,15890.312664345336,1,40
2021-07-06,15881.7,15887.15,15879.9,15885.95,12:35:00,15889.49241059816,1,41
2021-07-06,15885.55,15888.55,15880.7,15880.7,12:40:00,15889.116942922145,1,42
2021-07-06,15889.1,15889.1,15881.8,15883.55,12:45:00,15889.115329310513,1,43
2021-07-06,15880.9,15890.95,15879.85,15888.1,12:50:00,15888.332916995229,1,44
2021-07-06,15882.95,15884.7,15875.9,15880.5,12:55:00,15887.820258233776,1,45
2021-07-06,15889.65,15891.75,15882.4,15883.0,13:00:00,15887.994519354368,1,46
2021-07-06,15886.4,15894.8,15885.95,15889.5,13:05:00,15887.842660368238,1,47
2021-07-06,15888.45,15889.4,15874.85,15886.55,13:10:00,15887.900502237932,1,48
2021-07-06,15883.2,15890.75,15880.45,15888.75,13:15:00,15887.45283535813,1,49
2021-07-06,15889.1,15892.65,15883.0,15883.4,13:20:00,15887.609708181166,1,50
2021-07-06,15897.7,15898.1,15886.75,15888.3,13:25:00,15888.57068835439,1,51
2021-07-06,15899.0,15900.4,15891.25,15898.1,13:30:00,15889.56395613016,1,52
2021-07-06,15897.95,15900.15,15892.7,15900.15,13:35:00,15890.36262697491,1,53
2021-07-06,15897.65,15900.9,15895.8,15897.6,13:40:00,15891.056662501109,1,54
2021-07-06,15909.2,15911.1,15891.2,15898.85,13:45:00,15892.784599405762,1,55
2021-07-06,15912.05,15914.2,15906.0,15910.35,13:50:00,15894.619399462355,1,56
2021-07-06,15905.35,15913.5,15901.25,15912.65,13:55:00,15895.64136141832,1,57
2021-07-06,15905.8,15909.3,15903.25,15905.9,14:00:00,15896.608850807052,1,58
2021-07-06,15896.25,15907.2,15887.35,15907.2,14:05:00,15896.574674539712,1,59
2021-07-06,15895.8,15901.5,15894.8,15897.3,14:10:00,15896.50089601212,1,60
2021-07-06,15872.45,15897.8,15872.45,15897.0,14:15:00,15894.210334487156,1,61
2021-07-06,15868.5,15873.45,15848.4,15873.45,14:20:00,15891.761731202663,1,62
2021-07-06,15860.1,15871.0,15858.35,15867.75,14:25:00,15888.746328230984,1,63
2021-07-06,15836.4,15861.0,15831.45,15861.0,14:30:00,15883.760963637556,1,64
2021-07-06,15835.3,15849.05,15829.0,15837.75,14:35:00,15879.145633767312,1,65
2021-07-06,15847.7,15847.9,15823.55,15836.4,14:40:00,15876.15081150376,1,66
2021-07-06,15851.4,15854.0,15842.5,15849.1,14:45:00,15873.793591360543,1,67
2021-07-06,15862.55,15863.55,15852.05,15852.7,14:50:00,15872.72277313573,1,68
2021-07-06,15860.15,15868.5,15856.05,15862.5,14:55:00,15871.525366170425,1,69
2021-07-06,15838.3,15862.25,15837.6,15861.2,15:00:00,15868.361045582764,1,70
2021-07-06,15822.85,15838.25,15808.35,15838.25,15:05:00,15864.026660289168,1,71
2021-07-06,15806.2,15822.15,15803.5,15822.15,15:10:00,15858.519359309248,1,72
2021-07-06,15816.95,15817.1,15801.0,15806.85,15:15:00,15854.560372708367,1,73
2021-07-06,15811.9,15824.2,15811.35,15817.5,15:20:00,15850.497480069474,1,74
2021-07-06,15816.9,15817.7,15808.7,15812.35,15:25:00,15847.297720062856,1,75
2021-07-07,15801.65,15823.1,15779.7,15823.1,09:15:00,15842.950318152109,2,1
2021-07-07,15830.2,15830.7,15794.05,15796.45,09:20:00,15841.736002137624,2,2
2021-07-07,15840.0,15846.6,15830.1,15830.1,09:25:00,15841.570668600709,2,3
2021-07-07,15841.8,15850.95,15832.95,15841.2,09:30:00,15841.592509686354,2,4
2021-07-07,15844.5,15846.2,15835.35,15842.15,09:35:00,15841.869413525748,2,5
2021-07-07,15828.25,15844.6,15828.25,15844.45,09:40:00,15840.572326523295,2,6
2021-07-07,15811.25,15828.5,15805.15,15828.5,09:45:00,15837.77972399727,2,7
2021-07-07,15807.6,15817.45,15805.95,15809.7,09:50:00,15834.90546456896,2,8
2021-07-07,15812.7,15817.75,15795.8,15806.9,09:55:00,15832.790658419535,2,9
2021-07-07,15808.45,15813.2,15799.05,15813.2,10:00:00,15830.472500474818,2,10
2021-07-07,15818.1,15820.2,15807.85,15807.95,10:05:00,15829.294167096265,2,11
2021-07-07,15812.5,15821.65,15812.25,15817.9,10:10:00,15827.694722610906,2,12
2021-07-07,15818.95,15822.0,15812.15,15812.65,10:15:00,15826.86189188606,2,13
2021-07-07,15820.7,15821.45,15812.8,15819.15,10:20:00,15826.275045039769,2,14
2021-07-07,15824.45,15827.05,15818.2,15820.65,10:25:00,15826.101231226456,2,15
2021-07-07,15809.3,15824.55,15805.45,15824.55,10:30:00,15824.501113966797,2,16
2021-07-07,15815.4,15820.2,15808.4,15809.2,10:35:00,15823.634341208051,2,17
2021-07-07,15817.35,15821.1,15813.75,15815.45,10:40:00,15823.035832521571,2,18
2021-07-07,15811.5,15817.65,15811.1,15817.65,10:45:00,15821.937181805231,2,19
2021-07-07,15805.8,15816.4,15805.55,15811.7,10:50:00,15820.400307347589,2,20
2021-07-07,15800.9,15806.45,15795.95,15805.7,10:55:00,15818.543135219248,2,21
2021-07-07,15815.1,15815.1,15800.7,15801.1,11:00:00,15818.21521757932,2,22
2021-07-07,15818.55,15822.65,15814.85,15815.3,11:05:00,15818.247101619383,2,23
2021-07-07,15827.55,15828.45,15818.75,15819.0,11:10:00,15819.133091941349,2,24
2021-07-07,15829.7,15832.45,15827.0,15827.6,11:15:00,15820.139464137412,2,25
2021-07-07,15838.4,15839.4,15830.3,15830.75,11:20:00,15821.878562790993,2,26
2021-07-07,15827.2,15838.6,15825.4,15838.6,11:25:00,15822.385366334707,2,27
2021-07-07,15830.3,15832.9,15824.8,15827.45,11:30:00,15823.139140969495,2,28
2021-07-07,15823.85,15833.25,15823.55,15830.4,11:35:00,15823.206841829544,2,29
2021-07-07,15825.6,15829.55,15824.2,15824.4,11:40:00,15823.434761655302,2,30
2021-07-07,15835.5,15836.5,15825.85,15825.85,11:45:00,15824.583831973843,2,31
2021-07-07,15841.6,15842.95,15834.0,15835.85,11:50:00,15826.204419404909,2,32
2021-07-07,15835.35,15842.6,15834.15,15841.7,11:55:00,15827.075427080632,2,33
2021-07-07,15830.95,15843.85,15828.8,15836.15,12:00:00,15827.444434025334,2,34
2021-07-07,15832.1,15836.1,15826.55,15830.5,12:05:00,15827.887821261018,2,35
2021-07-07,15831.6,15837.4,15831.15,15832.25,12:10:00,15828.241362093302,2,36
2021-07-07,15829.3,15832.75,15825.75,15831.4,12:15:00,15828.342184751082,2,37
2021-07-07,15835.9,15839.2,15828.95,15829.15,12:20:00,15829.06197667955,2,38
2021-07-07,15840.55,15842.65,15835.3,15835.55,12:25:00,15830.15607413864,2,39
2021-07-07,15838.95,15846.0,15838.2,15841.45,12:30:00,15830.99359088734,2,40
2021-07-07,15828.75,15839.1,15826.15,15839.05,12:35:00,15830.779915564735,2,41
2021-07-07,15835.45,15835.9,15825.7,15828.9,12:40:00,15831.224685510952,2,42
2021-07-07,15834.4,15839.7,15833.95,15835.6,12:45:00,15831.527096414671,2,43
2021-07-07,15831.25,15834.5,15829.75,15833.9,12:50:00,15831.50070627994,2,44
2021-07-07,15822.15,15832.5,15821.65,15831.15,12:55:00,15830.610162824709,2,45
2021-07-07,15814.3,15823.3,15813.25,15822.05,13:00:00,15829.05681398426,2,46
2021-07-07,15826.45,15827.2,15813.15,15813.65,13:05:00,15828.80854598576,2,47
2021-07-07,15834.1,15834.35,15822.8,15826.05,13:10:00,15829.312493987116,2,48
2021-07-07,15834.25,15836.4,15832.6,15834.5,13:15:00,15829.782732655009,2,49
2021-07-07,15824.1,15834.35,15822.85,15834.2,13:20:00,15829.241520021198,2,50
2021-07-07,15824.85,15825.45,15818.9,15823.75,13:25:00,15828.82328001918,2,51
2021-07-07,15819.2,15829.05,15814.0,15824.35,13:30:00,15827.906777160211,2,52
2021-07-07,15817.0,15829.75,15816.45,15818.75,13:35:00,15826.868036478289,2,53
2021-07-07,15828.55,15828.55,15814.8,15816.55,13:40:00,15827.028223480354,2,54
2021-07-07,15834.65,15835.25,15824.6,15827.5,13:45:00,15827.754106958417,2,55
2021-07-07,15841.7,15848.4,15833.95,15834.8,13:50:00,15829.08228724809,2,56
2021-07-07,15845.5,15848.15,15838.05,15841.1,13:55:00,15830.645878938749,2,57
2021-07-07,15847.5,15854.25,15846.15,15846.35,14:00:00,15832.251033325534,2,58
2021-07-07,15848.8,15849.25,15842.9,15847.7,14:05:00,15833.82712538977,2,59
2021-07-07,15854.6,15857.0,15846.1,15848.55,14:10:00,15835.805494400269,2,60
2021-07-07,15851.7,15855.8,15846.5,15854.4,14:15:00,15837.319256838338,2,61
2021-07-07,15847.55,15853.3,15845.3,15851.8,14:20:00,15838.293613329924,2,62
2021-07-07,15848.1,15855.75,15845.1,15847.35,14:25:00,15839.227554917552,2,63
2021-07-07,15850.15,15853.15,15843.6,15848.5,14:30:00,15840.267787782546,2,64
2021-07-07,15863.25,15864.8,15848.4,15850.4,14:35:00,15842.456569898492,2,65
2021-07-07,15841.8,15863.3,15841.7,15862.85,14:40:00,15842.39403943197,2,66
2021-07-07,15843.75,15845.15,15834.15,15842.4,14:45:00,15842.523178533687,2,67
2021-07-07,15842.1,15848.55,15840.4,15843.15,14:50:00,15842.482875816191,2,68
2021-07-07,15842.15,15846.25,15839.35,15842.65,14:55:00,15842.451173357507,2,69
2021-07-07,15865.5,15866.85,15842.45,15844.2,15:00:00,15844.646299704413,2,70
2021-07-07,15876.3,15877.85,15865.9,15866.0,15:05:00,15847.6609378278,2,71
2021-07-07,15881.85,15882.95,15876.1,15876.9,15:10:00,15850.917038987058,2,72
2021-07-07,15885.7,15887.65,15880.95,15880.95,15:15:00,15854.22970194067,2,73
2021-07-07,15887.4,15888.8,15878.7,15885.65,15:20:00,15857.388777946322,2,74
2021-07-07,15880.8,15893.55,15878.05,15887.2,15:25:00,15859.61841814191,2,75
2021-07-08,15870.65,15877.55,15849.9,15867.65,09:15:00,15860.669044985538,3,1
2021-07-08,15881.45,15885.5,15859.1,15872.4,09:20:00,15862.648183558344,3,2
2021-07-08,15876.15,15885.75,15872.0,15881.2,09:25:00,15863.9340708385,3,3
2021-07-08,15873.5,15878.4,15870.2,15876.65,09:30:00,15864.845111711023,3,4
2021-07-08,15872.8,15874.4,15867.7,15873.7,09:35:00,15865.602720119496,3,5
2021-07-08,15875.6,15878.55,15869.65,15872.45,09:40:00,15866.554842012878,3,6
2021-07-08,15864.45,15875.9,15862.6,15875.55,09:45:00,15866.354380868794,3,7
2021-07-08,15851.0,15864.2,15847.75,15864.2,09:50:00,15864.892058881289,3,8
2021-07-08,15847.5,15853.5,15842.6,15849.95,09:55:00,15863.235672321163,3,9
2021-07-08,15857.55,15857.75,15847.25,15847.6,10:00:00,15862.69417971915,3,10
2021-07-08,15851.0,15857.8,15848.2,15857.05,10:05:00,15861.580448317329,3,11
2021-07-08,15853.5,15854.7,15849.5,15851.15,10:10:00,15860.810881810916,3,12
2021-07-08,15838.8,15853.95,15832.95,15853.6,10:15:00,15858.714607352736,3,13
2021-07-08,15838.2,15845.3,15836.65,15838.7,10:20:00,15856.760835223902,3,14
2021-07-08,15832.65,15841.1,15829.45,15838.15,10:25:00,15854.464565202576,3,15
2021-07-08,15831.7,15841.55,15830.35,15832.8,10:30:00,15852.29651137376,3,16
2021-07-08,15831.95,15836.65,15830.0,15831.25,10:35:00,15850.358748385785,3,17
2021-07-08,15830.55,15834.05,15822.25,15831.9,10:40:00,15848.472200920469,3,18
2021-07-08,15838.55,15841.45,15829.9,15830.7,10:45:00,15847.527229404232,3,19
2021-07-08,15835.35,15841.7,15832.7,15837.7,10:50:00,15846.367493270496,3,20
2021-07-08,15835.0,15839.7,15834.55,15835.65,10:55:00,15845.284874863784,3,21
2021-07-08,15834.25,15838.3,15833.05,15835.5,11:00:00,15844.233934400563,3,22
2021-07-08,15834.7,15838.0,15832.2,15834.3,11:05:00,15843.32594064813,3,23
2021-07-08,15833.55,15835.55,15831.0,15835.1,11:10:00,15842.394898681643,3,24
2021-07-08,15842.75,15844.75,15831.35,15833.25,11:15:00,15842.42871785482,3,25
2021-07-08,15841.25,15844.75,15840.6,15843.25,11:20:00,15842.316459011505,3,26
2021-07-08,15840.45,15843.5,15837.75,15841.1,11:25:00,15842.13870101041,3,27
2021-07-08,15837.4,15841.05,15836.0,15840.3,11:30:00,15841.687396152276,3,28
2021-07-08,15832.9,15838.35,15832.5,15837.5,11:35:00,15840.85050128063,3,29
2021-07-08,15819.45,15833.85,15818.95,15832.85,11:40:00,15838.812358301524,3,30
2021-07-08,15817.0,15819.75,15812.5,15818.75,11:45:00,15836.734990844236,3,31
2021-07-08,15816.75,15820.95,15815.65,15816.9,11:50:00,15834.83165838288,3,32
2021-07-08,15806.3,15816.5,15805.95,15816.5,11:55:00,15832.11435758451,3,33
2021-07-08,15801.35,15808.65,15801.05,15806.95,12:00:00,15829.184418766938,3,34
2021-07-08,15790.75,15802.25,15787.6,15801.7,12:05:00,15825.52399793199,3,35
2021-07-08,15793.1,15797.3,15789.35,15790.15,12:10:00,15822.435998128944,3,36
2021-07-08,15781.4,15794.35,15778.85,15793.0,12:15:00,15818.52780783095,3,37
2021-07-08,15794.1,15795.95,15779.9,15781.7,12:20:00,15816.201349942288,3,38
2021-07-08,15790.75,15799.65,15790.3,15794.35,12:25:00,15813.777411852549,3,39
2021-07-08,15782.8,15795.75,15781.4,15790.6,12:30:00,15810.827182152305,3,40
2021-07-08,15778.3,15784.0,15770.2,15782.45,12:35:00,15807.729355280657,3,41
2021-07-08,15786.15,15789.55,15777.25,15777.85,12:40:00,15805.674178587258,3,42
2021-07-08,15775.2,15786.45,15774.45,15786.05,12:45:00,15802.771875864662,3,43
2021-07-08,15757.6,15775.65,15755.9,15774.95,12:50:00,15798.46979244898,3,44
2021-07-08,15751.95,15765.45,15751.2,15757.65,12:55:00,15794.039336025267,3,45
2021-07-08,15749.8,15751.8,15739.85,15751.1,13:00:00,15789.826065927624,3,46
2021-07-08,15766.25,15766.8,15747.8,15749.15,13:05:00,15787.58072631547,3,47
2021-07-08,15753.9,15766.75,15753.1,15766.5,13:10:00,15784.37303809495,3,48
2021-07-08,15748.7,15753.5,15738.95,15753.5,13:15:00,15780.97560589543,3,49
2021-07-08,15753.25,15753.95,15740.55,15748.65,13:20:00,15778.335072000626,3,50
2021-07-08,15769.05,15769.35,15752.9,15753.15,13:25:00,15777.450779429137,3,51
2021-07-08,15764.1,15770.05,15757.05,15768.8,13:30:00,15776.179276626362,3,52
2021-07-08,15761.8,15765.15,15754.45,15763.6,13:35:00,15774.809821709568,3,53
2021-07-08,15773.55,15773.55,15758.15,15761.55,13:40:00,15774.689838689608,3,54
2021-07-08,15767.55,15773.4,15767.15,15772.95,13:45:00,15774.0098540525,3,55
2021-07-08,15738.55,15767.45,15738.3,15767.45,13:50:00,15770.63272509512,3,56
2021-07-08,15716.55,15739.05,15715.1,15737.5,13:55:00,15765.481989371774,3,57
2021-07-08,15704.85,15718.55,15700.85,15717.1,14:00:00,15759.707514193513,3,58
2021-07-08,15725.1,15725.3,15703.55,15704.95,14:05:00,15756.411560460796,3,59
2021-07-08,15724.5,15731.3,15719.85,15725.0,14:10:00,15753.372364226434,3,60
2021-07-08,15726.65,15730.35,15721.55,15724.3,14:15:00,15750.82737715725,3,61
2021-07-08,15708.7,15730.4,15708.25,15727.35,14:20:00,15746.815245999416,3,62
2021-07-08,15707.95,15714.9,15698.45,15709.6,14:25:00,15743.113793999471,3,63
2021-07-08,15697.6,15710.2,15696.0,15707.9,14:30:00,15738.779146951903,3,64
2021-07-08,15697.2,15699.05,15682.9,15697.0,14:35:00,15734.81922819458,3,65
2021-07-08,15709.65,15710.75,15692.6,15697.85,14:40:00,15732.422158842714,3,66
2021-07-08,15726.65,15727.4,15709.65,15710.05,14:45:00,15731.872429429122,3,67
2021-07-08,15717.0,15726.75,15716.15,15726.75,14:50:00,15730.45600757873,3,68
2021-07-08,15712.3,15717.9,15704.9,15716.7,14:55:00,15728.726863999804,3,69
2021-07-08,15718.7,15727.95,15713.1,15713.6,15:00:00,15727.77192457125,3,70
2021-07-08,15714.4,15720.65,15710.1,15719.45,15:05:00,15726.498407945415,3,71
2021-07-08,15738.3,15748.15,15714.85,15715.15,15:10:00,15727.622369093471,3,72
2021-07-08,15741.45,15741.5,15736.0,15739.1,15:15:00,15728.939286322668,3,73
2021-07-08,15728.7,15743.4,15724.3,15741.4,15:20:00,15728.91649714908,3,74
2021-07-08,15727.75,15730.3,15721.2,15730.1,15:25:00,15728.8054021825,3,75
2021-07-09,15676.2,15694.55,15664.1,15694.55,09:15:00,15723.795363879406,4,1
2021-07-09,15646.5,15672.25,15632.75,15672.25,09:20:00,15716.433900652795,4,2
2021-07-09,15654.15,15664.95,15633.55,15645.7,09:25:00,15710.502100590624,4,3
2021-07-09,15650.8,15669.7,15649.6,15655.0,09:30:00,15704.81618624866,4,4
2021-07-09,15656.75,15663.45,15650.25,15650.75,09:35:00,15700.238454224978,4,5
2021-07-09,15657.9,15660.55,15646.6,15656.4,09:40:00,15696.206220489266,4,6
2021-07-09,15644.8,15658.9,15640.85,15658.05,09:45:00,15691.31038996648,4,7
2021-07-09,15659.85,15661.5,15644.0,15644.0,09:50:00,15688.314162350624,4,8
2021-07-09,15674.25,15676.2,15657.0,15658.75,09:55:00,15686.974718317231,4,9
2021-07-09,15681.45,15690.6,15673.85,15673.85,10:00:00,15686.448554667972,4,10
2021-07-09,15684.25,15686.85,15679.9,15681.6,10:05:00,15686.239168509115,4,11
2021-07-09,15674.65,15684.55,15668.55,15683.65,10:10:00,15685.135438174915,4,12
2021-07-09,15689.9,15692.7,15671.05,15673.8,10:15:00,15685.58920596778,4,13
2021-07-09,15701.95,15707.0,15689.5,15689.5,10:20:00,15687.147376827992,4,14
2021-07-09,15710.55,15712.85,15702.2,15702.45,10:25:00,15689.37619808247,4,15
2021-07-09,15703.4,15710.85,15697.75,15710.85,10:30:00,15690.71179826509,4,16
2021-07-09,15724.3,15727.1,15703.9,15704.35,10:35:00,15693.910674620796,4,17
2021-07-09,15726.3,15730.25,15719.45,15724.6,10:40:00,15696.995372275958,4,18
2021-07-09,15717.05,15730.85,15716.6,15725.9,10:45:00,15698.905336821106,4,19
2021-07-09,15706.75,15719.65,15702.95,15716.75,10:50:00,15699.652447600049,4,20
2021-07-09,15696.7,15707.75,15696.45,15706.0,10:55:00,15699.37126211433,4,21
2021-07-09,15687.55,15696.4,15680.6,15695.55,11:00:00,15698.24542762725,4,22
2021-07-09,15693.6,15696.2,15680.95,15687.9,11:05:00,15697.803005948464,4,23
2021-07-09,15680.85,15695.75,15677.65,15694.4,11:10:00,15696.188433953372,4,24
2021-07-09,15671.45,15679.9,15668.15,15679.7,11:15:00,15693.83239262448,4,25
2021-07-09,15663.1,15670.65,15659.65,15669.95,11:20:00,15690.905498088816,4,26
2021-07-09,15665.35,15669.65,15661.2,15662.85,11:25:00,15688.471641127977,4,27
2021-07-09,15655.45,15665.65,15651.1,15665.65,11:30:00,15685.326722925312,4,28
2021-07-09,15661.15,15671.0,15652.0,15656.0,11:35:00,15683.024177884809,4,29
2021-07-09,15673.9,15675.55,15660.0,15661.9,11:40:00,15682.155208562444,4,30
2021-07-09,15673.85,15680.4,15673.3,15674.05,11:45:00,15681.364236318404,4,31
2021-07-09,15680.85,15681.35,15667.65,15674.0,11:50:00,15681.315261430937,4,32
2021-07-09,15671.3,15685.55,15669.4,15680.55,11:55:00,15680.36142700894,4,33
2021-07-09,15669.45,15676.0,15667.0,15670.8,12:00:00,15679.32224348428,4,34
2021-07-09,15674.0,15676.5,15666.05,15668.75,12:05:00,15678.815363152444,4,35
2021-07-09,15678.35,15679.15,15670.65,15673.6,12:10:00,15678.77104285221,4,36
2021-07-09,15667.05,15679.65,15666.65,15679.2,12:15:00,15677.654753056762,4,37
2021-07-09,15662.45,15670.7,15661.0,15666.95,12:20:00,15676.20668133707,4,38
2021-07-09,15660.8,15664.9,15657.1,15662.25,12:25:00,15674.739378352586,4,39
2021-07-09,15674.5,15675.1,15660.8,15660.9,12:30:00,15674.716580414244,4,40
2021-07-09,15680.8,15683.75,15674.5,15674.55,12:35:00,15675.295953708126,4,41
2021-07-09,15676.15,15682.2,15675.8,15681.0,12:40:00,15675.37729145021,4,42
2021-07-09,15692.95,15693.45,15675.7,15675.7,12:45:00,15677.050882740668,4,43
2021-07-09,15695.25,15701.1,15687.05,15692.25,12:50:00,15678.78413200346,4,44
2021-07-09,15677.1,15695.0,15677.1,15694.6,12:55:00,15678.62373847932,4,45
2021-07-09,15666.5,15680.35,15666.5,15677.85,13:00:00,15677.469096719384,4,46
2021-07-09,15676.95,15680.7,15666.2,15666.4,13:05:00,15677.419658936586,4,47
2021-07-09,15677.2,15679.4,15673.85,15676.9,13:10:00,15677.398739037864,4,48
2021-07-09,15671.2,15678.95,15669.75,15676.65,13:15:00,15676.80838293902,4,49
2021-07-09,15669.0,15675.15,15668.9,15671.05,13:20:00,15676.064727421017,4,50
2021-07-09,15674.7,15677.45,15667.8,15668.9,13:25:00,15675.93475338092,4,51
2021-07-09,15673.9,15685.15,15673.55,15674.9,13:30:00,15675.740967344644,4,52
2021-07-09,15676.7,15681.2,15673.65,15674.3,13:35:00,15675.83230378801,4,53
2021-07-09,15673.5,15679.7,15668.0,15675.95,13:40:00,15675.610179617724,4,54
2021-07-09,15675.7,15676.7,15668.3,15674.35,13:45:00,15675.618733939846,4,55
2021-07-09,15686.0,15686.75,15675.3,15675.65,13:50:00,15676.607425945576,4,56
2021-07-09,15675.4,15686.6,15675.1,15685.95,13:55:00,15676.492432998377,4,57
2021-07-09,15692.95,15697.05,15674.4,15676.3,14:00:00,15678.059820331866,4,58
2021-07-09,15694.15,15694.45,15686.55,15693.15,14:05:00,15679.592218395495,4,59
2021-07-09,15701.6,15707.6,15689.0,15694.0,14:10:00,15681.688197595926,4,60
2021-07-09,15691.3,15702.35,15691.1,15701.4,14:15:00,15682.603607348694,4,61
2021-07-09,15695.85,15699.65,15691.25,15691.55,14:20:00,15683.86516855358,4,62
2021-07-09,15689.25,15696.15,15686.2,15696.15,14:25:00,15684.378009643717,4,63
2021-07-09,15659.9,15691.8,15653.2,15689.9,14:30:00,15682.04677063003,4,64
2021-07-09,15667.85,15675.45,15659.9,15660.25,14:35:00,15680.694697236691,4,65
2021-07-09,15689.0,15699.9,15667.65,15667.65,14:40:00,15681.485678452244,4,66
2021-07-09,15702.0,15703.9,15688.5,15688.5,14:45:00,15683.439423361557,4,67
2021-07-09,15694.5,15703.1,15693.7,15702.2,14:50:00,15684.492811612836,4,68
2021-07-09,15693.3,15696.5,15687.55,15694.45,14:55:00,15685.331591459231,4,69
2021-07-09,15690.4,15695.0,15682.3,15693.0,15:00:00,15685.814297034543,4,70
2021-07-09,15683.4,15691.3,15681.2,15690.35,15:05:00,15685.584363983637,4,71
2021-07-09,15686.3,15693.2,15682.95,15683.6,15:10:00,15685.652519794716,4,72
2021-07-09,15691.4,15691.4,15685.0,15687.7,15:15:00,15686.199898861883,4,73
2021-07-09,15693.5,15700.35,15689.7,15690.9,15:20:00,15686.895146589324,4,74
2021-07-09,15699.65,15699.65,15686.55,15692.4,15:25:00,15688.1098945332,4,75
2021-07-12,15760.1,15779.15,15746.55,15769.6,09:15:00,15694.966095053847,0,1
2021-07-12,15771.8,15777.85,15761.9,15763.75,09:20:00,15702.283609810624,0,2
2021-07-12,15772.4,15778.2,15764.2,15772.3,09:25:00,15708.96136125723,0,3
2021-07-12,15776.3,15781.05,15768.2,15772.15,09:30:00,15715.374564947018,0,4
2021-07-12,15755.85,15777.35,15751.55,15776.35,09:35:00,15719.229368285396,0,5
2021-07-12,15756.35,15758.45,15749.5,15755.05,09:40:00,15722.76466654393,0,6
2021-07-12,15764.9,15767.2,15755.3,15756.2,09:45:00,15726.777555444509,0,7
2021-07-12,15768.75,15771.3,15760.6,15764.05,09:50:00,15730.77493111646,0,8
2021-07-12,15768.15,15777.65,15766.95,15769.25,09:55:00,15734.33446148632,0,9
2021-07-12,15758.4,15768.25,15756.6,15768.05,10:00:00,15736.62641753524,0,10
2021-07-12,15764.45,15769.35,15757.65,15759.0,10:05:00,15739.276282531884,0,11
2021-07-12,15771.8,15771.8,15758.9,15765.05,10:10:00,15742.373779433608,0,12
2021-07-12,15776.15,15783.3,15772.65,15772.7,10:15:00,15745.590562344694,0,13
2021-07-12,15776.1,15778.55,15773.95,15775.15,10:20:00,15748.496223073773,0,14
2021-07-12,15775.5,15776.45,15771.95,15775.65,10:25:00,15751.06801135246,0,15
2021-07-12,15783.35,15784.8,15774.0,15775.4,10:30:00,15754.14248646175,0,16
2021-07-12,15780.25,15789.2,15779.9,15784.3,10:35:00,15756.628916322536,0,17
2021-07-12,15782.45,15784.0,15779.55,15780.2,10:40:00,15759.08806714896,0,18
2021-07-12,15778.55,15785.05,15773.2,15782.95,10:45:00,15760.941584563348,0,19
2021-07-12,15778.75,15780.3,15773.65,15777.15,10:50:00,15762.637624128742,0,20
2021-07-12,15780.3,15781.75,15777.6,15779.05,10:55:00,15764.3197551641,0,21
2021-07-12,15779.5,15784.4,15779.15,15780.55,11:00:00,15765.765492767518,0,22
2021-07-12,15772.15,15779.7,15768.2,15779.25,11:05:00,15766.373541075372,0,23
2021-07-12,15771.75,15775.45,15769.7,15770.85,11:10:00,15766.885584782482,0,24
2021-07-12,15773.8,15775.2,15768.7,15770.95,11:15:00,15767.544100517483,0,25
2021-07-12,15772.85,15778.1,15772.35,15774.45,11:20:00,15768.049424277722,0,26
2021-07-12,15772.45,15774.1,15771.3,15772.7,11:25:00,15768.468526727464,0,27
2021-07-12,15781.3,15782.35,15771.25,15773.0,11:30:00,15769.690571801038,0,28
2021-07-12,15776.1,15782.05,15774.75,15780.9,11:35:00,15770.300993534272,0,29
2021-07-12,15771.2,15776.85,15768.8,15776.35,11:40:00,15770.386613197676,0,30
2021-07-12,15764.1,15772.8,15760.45,15770.9,11:45:00,15769.787888131232,0,31
2021-07-12,15772.0,15774.05,15763.7,15763.7,11:50:00,15769.998565452068,0,32
2021-07-12,15772.3,15775.9,15771.3,15772.1,11:55:00,15770.217749694728,0,33
2021-07-12,15770.65,15775.3,15768.0,15773.2,12:00:00,15770.258916390469,0,34
2021-07-12,15770.3,15771.75,15766.05,15769.45,12:05:00,15770.262829115183,0,35
2021-07-12,15766.5,15772.8,15765.5,15770.45,12:10:00,15769.90446443755,0,36
2021-07-12,15766.05,15767.55,15763.0,15766.15,12:15:00,15769.537372586354,0,37
2021-07-12,15765.3,15767.55,15762.15,15765.55,12:20:00,15769.133813292416,0,38
2021-07-12,15763.45,15765.1,15754.95,15764.95,12:25:00,15768.592497740756,0,39
2021-07-12,15767.5,15767.5,15756.15,15763.0,12:30:00,15768.488450336874,0,40
2021-07-12,15765.6,15771.55,15763.75,15766.7,12:35:00,15768.2133598286,0,41
2021-07-12,15756.7,15766.45,15755.85,15765.45,12:40:00,15767.116849368733,0,42
2021-07-12,15763.55,15764.4,15753.85,15756.1,12:45:00,15766.777149428854,0,43
2021-07-12,15763.6,15767.2,15761.4,15763.4,12:50:00,15766.474563768965,0,44
2021-07-12,15768.1,15770.9,15759.95,15763.5,12:55:00,15766.62936721954,0,45
2021-07-12,15762.1,15768.75,15759.6,15768.05,13:00:00,15766.197998912916,0,46
2021-07-12,15750.7,15764.75,15749.6,15761.55,13:05:00,15764.721999016449,0,47
2021-07-12,15701.7,15743.85,15693.95,15743.85,13:10:00,15758.719903872025,0,48
2021-07-12,15698.0,15698.8,15654.65,15698.8,13:15:00,15752.937055884213,0,49
2021-07-12,15686.3,15695.65,15678.0,15695.65,13:20:00,15746.590669609524,0,50
2021-07-12,15706.4,15711.2,15678.15,15685.15,13:25:00,15742.76298678957,0,51
2021-07-12,15714.65,15718.0,15702.35,15708.05,13:30:00,15740.085559476278,0,52
2021-07-12,15711.8,15722.75,15711.05,15714.75,13:35:00,15737.391696669014,0,53
2021-07-12,15723.3,15724.55,15711.65,15711.65,13:40:00,15736.049630319583,0,54
2021-07-12,15709.55,15723.2,15709.0,15721.85,13:45:00,15733.525856003434,0,55
2021-07-12,15706.7,15715.0,15706.7,15708.8,13:50:00,15730.971012574537,0,56
2021-07-12,15701.65,15712.95,15694.35,15705.8,13:55:00,15728.178535186486,0,57
2021-07-12,15705.5,15705.9,15695.95,15702.25,14:00:00,15726.018674692534,0,58
2021-07-12,15701.2,15709.75,15699.15,15704.2,14:05:00,15723.654991388485,0,59
2021-07-12,15687.9,15700.15,15682.55,15700.0,14:10:00,15720.24975411339,0,60
2021-07-12,15695.1,15697.0,15685.5,15686.85,14:15:00,15717.854539435924,0,61
2021-07-12,15684.5,15698.0,15677.5,15694.0,14:20:00,15714.677916632503,0,62
2021-07-12,15688.1,15690.85,15682.8,15683.1,14:25:00,15712.146686477026,0,63
2021-07-12,15680.25,15689.55,15678.3,15688.15,14:30:00,15709.108906812548,0,64
2021-07-12,15661.7,15679.05,15657.45,15679.05,14:35:00,15704.593772830402,0,65
2021-07-12,15647.95,15667.05,15645.15,15660.65,14:40:00,15699.199127798936,0,66
2021-07-12,15662.9,15667.4,15644.75,15647.2,14:45:00,15695.74206800856,0,67
2021-07-12,15674.7,15675.9,15659.65,15663.1,14:50:00,15693.738061531554,0,68
2021-07-12,15683.85,15684.75,15670.3,15674.25,14:55:00,15692.796341385692,0,69
2021-07-12,15702.0,15705.55,15685.7,15686.7,15:00:00,15693.67288030134,0,70
2021-07-12,15694.95,15702.6,15688.95,15702.6,15:05:00,15693.79451074883,0,71
2021-07-12,15687.0,15696.7,15683.75,15696.2,15:10:00,15693.147414487035,0,72
2021-07-12,15687.5,15690.35,15683.4,15687.8,15:15:00,15692.609565488272,0,73
2021-07-12,15701.65,15702.5,15684.8,15688.2,15:20:00,15693.470559251293,0,74
2021-07-12,15690.6,15702.35,15688.1,15702.35,15:25:00,15693.197172655931,0,75
2021-07-13,15756.8,15796.25,15751.85,15796.25,09:15:00,15699.254584783936,1,1
2021-07-13,15764.75,15765.85,15751.7,15756.1,09:20:00,15705.492243375944,1,2
2021-07-13,15763.9,15765.55,15757.6,15764.05,09:25:00,15711.054886863947,1,3
2021-07-13,15752.25,15764.85,15747.9,15764.1,09:30:00,15714.978230972143,1,4
2021-07-13,15758.2,15761.35,15752.3,15752.3,09:35:00,15719.09458992718,1,5
2021-07-13,15768.75,15769.2,15754.75,15759.6,09:40:00,15723.82367660078,1,6
2021-07-13,15763.25,15769.6,15760.45,15769.6,09:45:00,15727.578564543564,1,7
2021-07-13,15767.25,15769.1,15761.1,15763.2,09:50:00,15731.356796491797,1,8
2021-07-13,15770.6,15770.6,15765.3,15767.8,09:55:00,15735.09424444496,1,9
2021-07-13,15769.65,15777.0,15767.5,15770.7,10:00:00,15738.385268783535,1,10
2021-07-13,15760.05,15769.25,15753.9,15769.25,10:05:00,15740.448576518438,1,11
2021-07-13,15763.55,15763.6,15757.15,15759.65,10:10:00,15742.64871208811,1,12
2021-07-13,15762.35,15766.0,15759.9,15763.5,10:15:00,15744.525025222576,1,13
2021-07-13,15763.6,15770.2,15762.1,15762.4,10:20:00,15746.341689487092,1,14
2021-07-13,15768.1,15768.3,15762.85,15763.9,10:25:00,15748.41390953594,1,15
2021-07-13,15767.65,15770.45,15765.95,15768.15,10:30:00,15750.245918151564,1,16
2021-07-13,15761.95,15768.9,15761.95,15767.4,10:35:00,15751.36059261332,1,17
2021-07-13,15757.05,15762.3,15753.8,15761.55,10:40:00,15751.90244093586,1,18
2021-07-13,15751.25,15759.55,15750.55,15757.0,10:45:00,15751.840303703872,1,19
2021-07-13,15747.55,15751.95,15744.6,15750.7,10:50:00,15751.431703351123,1,20
2021-07-13,15756.05,15756.6,15746.05,15747.6,10:55:00,15751.871541127206,1,21
2021-07-13,15762.2,15763.0,15755.9,15755.9,11:00:00,15752.855203876996,1,22
2021-07-13,15764.05,15765.4,15761.85,15762.35,11:05:00,15753.92137493633,1,23
2021-07-13,15764.9,15768.0,15762.55,15764.2,11:10:00,15754.966958275729,1,24
2021-07-13,15772.65,15774.85,15763.7,15764.15,11:15:00,15756.651057487565,1,25
2021-07-13,15766.25,15773.2,15765.55,15772.6,11:20:00,15757.565242488748,1,26
2021-07-13,15764.15,15766.4,15761.2,15766.0,11:25:00,15758.192362251724,1,27
2021-07-13,15765.75,15768.75,15763.65,15763.65,11:30:00,15758.912137275369,1,28
2021-07-13,15769.25,15771.2,15764.55,15765.8,11:35:00,15759.896695630096,1,29
2021-07-13,15775.1,15775.1,15767.25,15768.6,11:40:00,15761.34462937961,1,30
2021-07-13,15775.35,15779.95,15773.55,15775.75,11:45:00,15762.678474200598,1,31
2021-07-13,15783.2,15783.35,15771.15,15774.25,11:50:00,15764.632905229111,1,32
2021-07-13,15788.7,15795.7,15781.05,15782.35,11:55:00,15766.925009493008,1,33
2021-07-13,15786.75,15789.4,15784.9,15788.9,12:00:00,15768.813103827006,1,34
2021-07-13,15791.3,15792.5,15786.3,15786.6,12:05:00,15770.95471298634,1,35
2021-07-13,15793.2,15795.7,15789.25,15791.55,12:10:00,15773.073311749544,1,36
2021-07-13,15786.95,15797.4,15786.6,15792.75,12:15:00,15774.39490110673,1,37
2021-07-13,15785.55,15791.1,15785.4,15787.7,12:20:00,15775.457291477518,1,38
2021-07-13,15790.35,15792.5,15784.7,15785.5,12:25:00,15776.875644670135,1,39
2021-07-13,15790.95,15797.3,15790.05,15790.4,12:30:00,15778.216059463455,1,40
2021-07-13,15787.1,15792.8,15785.25,15791.2,12:35:00,15779.062149038364,1,41
2021-07-13,15788.4,15788.75,15780.05,15787.4,12:40:00,15779.951468177567,1,42
2021-07-13,15787.45,15792.05,15785.85,15788.55,12:45:00,15780.66561406542,1,43
2021-07-13,15790.5,15792.1,15787.05,15787.15,12:50:00,15781.602222249663,1,44
2021-07-13,15795.45,15795.75,15788.4,15790.4,12:55:00,15782.921058225887,1,45
2021-07-13,15803.55,15805.4,15793.9,15794.9,13:00:00,15784.885719347232,1,46
2021-07-13,15803.2,15812.2,15801.6,15804.5,13:05:00,15786.629936552255,1,47
2021-07-13,15805.65,15805.9,15801.95,15803.4,13:10:00,15788.441371166327,1,48
2021-07-13,15799.45,15806.3,15797.75,15805.55,13:15:00,15789.48981200763,1,49
2021-07-13,15789.9,15801.4,15787.95,15799.55,13:20:00,15789.528877530713,1,50
2021-07-13,15792.6,15795.25,15790.2,15790.7,13:25:00,15789.821365384929,1,51
2021-07-13,15802.65,15805.4,15791.75,15792.85,13:30:00,15791.043140110174,1,52
2021-07-13,15805.05,15805.1,15800.65,15801.9,13:35:00,15792.377126766349,1,53
2021-07-13,15802.25,15805.3,15800.45,15804.95,13:40:00,15793.31740040765,1,54
2021-07-13,15797.6,15802.75,15795.55,15802.0,13:45:00,15793.725267035492,1,55
2021-07-13,15801.5,15804.9,15795.6,15797.4,13:50:00,15794.465717794015,1,56
2021-07-13,15810.5,15813.6,15798.15,15800.95,13:55:00,15795.992792289824,1,57
2021-07-13,15803.85,15815.6,15803.85,15810.75,14:00:00,15796.74109778603,1,58
2021-07-13,15792.55,15806.65,15788.4,15804.15,14:05:00,15796.341945615932,1,59
2021-07-13,15800.9,15804.05,15791.55,15792.35,14:10:00,15796.776046033465,1,60
2021-07-13,15808.8,15810.45,15800.25,15801.55,14:15:00,15797.921184506467,1,61
2021-07-13,15808.35,15809.2,15801.9,15809.2,14:20:00,15798.91440502966,1,62
2021-07-13,15801.7,15810.0,15801.15,15808.2,14:25:00,15799.17969978874,1,63
2021-07-13,15800.6,15804.25,15798.0,15801.75,14:30:00,15799.314966475526,1,64
2021-07-13,15799.7,15805.4,15795.75,15800.8,14:35:00,15799.351636335,1,65
2021-07-13,15798.2,15801.45,15796.9,15799.5,14:40:00,15799.241956684047,1,66
2021-07-13,15804.2,15806.35,15794.8,15797.95,14:45:00,15799.714151285569,1,67
2021-07-13,15802.7,15805.35,15799.9,15804.15,14:50:00,15799.9985178298,1,68
2021-07-13,15797.55,15805.05,15796.6,15802.65,14:55:00,15799.765325655531,1,69
2021-07-13,15807.55,15814.5,15797.35,15797.5,15:00:00,15800.50672321215,1,70
2021-07-13,15809.45,15810.75,15805.05,15806.75,15:05:00,15801.35846385861,1,71
2021-07-13,15816.15,15817.2,15808.55,15808.6,15:10:00,15802.76718158636,1,72
2021-07-13,15817.35,15819.1,15813.05,15815.55,15:15:00,15804.15602143528,1,73
2021-07-13,15811.4,15820.8,15809.9,15816.4,15:20:00,15804.84592415573,1,74
2021-07-13,15807.9,15813.65,15805.2,15811.15,15:25:00,15805.136788521851,1,75
2021-07-14,15789.0,15811.7,15784.25,15811.65,09:15:00,15802.20947994646,2,1
2021-07-14,15810.45,15811.5,15787.25,15788.4,09:20:00,15802.99429138013,2,2
2021-07-14,15790.25,15811.35,15784.0,15811.35,09:25:00,15801.780549343928,2,3
2021-07-14,15776.2,15791.7,15768.4,15790.8,09:30:00,15799.344306549268,2,4
2021-07-14,15780.8,15783.5,15773.15,15776.05,09:35:00,15797.578182116004,2,5
2021-07-14,15785.55,15791.6,15779.9,15781.1,09:40:00,15796.4326409621,2,6
2021-07-14,15785.3,15789.55,15780.45,15784.2,09:45:00,15795.3723894419,2,7
2021-07-14,15771.9,15786.25,15771.2,15784.95,09:50:00,15793.136923780768,2,8
2021-07-14,15770.65,15775.55,15764.55,15770.85,09:55:00,15790.995311992125,2,9
2021-07-14,15776.35,15777.25,15764.2,15769.75,10:00:00,15789.600520373826,2,10
2021-07-14,15777.6,15781.15,15775.8,15776.1,10:05:00,15788.457613671557,2,11
2021-07-14,15787.65,15787.9,15777.45,15777.45,10:10:00,15788.38069808379,2,12
2021-07-14,15785.9,15788.35,15782.1,15787.4,10:15:00,15788.14444112343,2,13
2021-07-14,15790.65,15790.9,15782.4,15784.95,10:20:00,15788.383065778342,2,14
2021-07-14,15797.55,15800.85,15790.25,15790.25,10:25:00,15789.256107132784,2,15
2021-07-14,15801.95,15802.2,15796.45,15797.6,10:30:00,15790.465049310616,2,16
2021-07-14,15812.95,15813.2,15801.25,15801.5,10:35:00,15792.606473185797,2,17
2021-07-14,15821.7,15822.5,15811.75,15813.55,10:40:00,15795.37728526334,2,18
2021-07-14,15823.25,15828.45,15821.65,15821.65,10:45:00,15798.031829523976,2,19
2021-07-14,15828.25,15829.35,15821.4,15823.7,10:50:00,15800.909750521692,2,20
2021-07-14,15826.4,15830.0,15825.55,15827.9,10:55:00,15803.33739332915,2,21
2021-07-14,15821.6,15828.8,15816.15,15826.0,11:00:00,15805.076689202564,2,22
2021-07-14,15832.0,15832.1,15821.3,15821.4,11:05:00,15807.640814040416,2,23
2021-07-14,15835.9,15838.8,15831.25,15832.3,11:10:00,15810.332165084184,2,24
2021-07-14,15832.65,15837.7,15830.95,15835.55,11:15:00,15812.457673171406,2,25
2021-07-14,15831.35,15834.35,15830.05,15831.6,11:20:00,15814.256942393176,2,26
2021-07-14,15834.45,15834.45,15830.85,15831.0,11:25:00,15816.180090736683,2,27
2021-07-14,15834.6,15835.35,15825.1,15834.8,11:30:00,15817.93436780938,2,28
2021-07-14,15830.65,15840.05,15830.45,15835.75,11:35:00,15819.14538039896,2,29
2021-07-14,15834.05,15836.35,15829.9,15829.9,11:40:00,15820.564867980012,2,30
2021-07-14,15837.0,15837.8,15831.7,15833.2,11:45:00,15822.130118648582,2,31
2021-07-14,15834.25,15839.9,15833.0,15836.6,11:50:00,15823.284393063002,2,32
2021-07-14,15838.4,15840.85,15833.0,15834.3,11:55:00,15824.72397467605,2,33
2021-07-14,15833.8,15842.45,15833.35,15838.5,12:00:00,15825.588358040235,2,34
2021-07-14,15834.9,15835.4,15825.75,15833.85,12:05:00,15826.475181084024,2,35
2021-07-14,15837.05,15839.25,15834.4,15834.45,12:10:00,15827.482306695068,2,36
2021-07-14,15843.0,15844.6,15836.6,15836.6,12:15:00,15828.960182247918,2,37
2021-07-14,15841.65,15848.1,15836.5,15842.6,12:20:00,15830.168736319543,2,38
2021-07-14,15843.3,15845.55,15837.8,15842.2,12:25:00,15831.419332860542,2,39
2021-07-14,15842.95,15848.85,15838.25,15843.8,12:30:00,15832.517491635728,2,40
2021-07-14,15846.3,15848.05,15833.5,15842.1,12:35:00,15833.830111479943,2,41
2021-07-14,15854.05,15855.05,15844.05,15846.65,12:40:00,15835.75581514852,2,42
2021-07-14,15866.4,15867.75,15853.1,15853.1,12:45:00,15838.6743089439,2,43
2021-07-14,15855.4,15866.35,15854.65,15866.15,12:50:00,15840.267231901622,2,44
2021-07-14,15861.25,15864.75,15855.25,15855.25,12:55:00,15842.265590768136,2,45
2021-07-14,15868.25,15869.6,15861.55,15862.2,13:00:00,15844.740296409263,2,46
2021-07-14,15867.8,15874.05,15867.5,15867.85,13:05:00,15846.936458656002,2,47
2021-07-14,15874.9,15877.35,15867.35,15869.15,13:10:00,15849.599653069716,2,48
2021-07-14,15861.3,15876.7,15860.55,15875.15,13:15:00,15850.713971824982,2,49
2021-07-14,15862.05,15863.2,15856.6,15860.75,13:20:00,15851.793593555936,2,50
2021-07-14,15855.1,15862.1,15853.1,15861.9,13:25:00,15852.108489407752,2,51
2021-07-14,15854.05,15857.5,15852.0,15855.15,13:30:00,15852.293395178442,2,52
2021-07-14,15852.8,15854.75,15847.4,15854.3,13:35:00,15852.341643256685,2,53
2021-07-14,15852.45,15852.75,15848.75,15852.15,13:40:00,15852.351962946525,2,54
2021-07-14,15846.75,15853.4,15840.9,15852.3,13:45:00,15851.818442665905,2,55
2021-07-14,15858.9,15861.6,15845.8,15846.9,13:50:00,15852.492876697725,2,56
2021-07-14,15856.05,15863.55,15853.5,15858.75,13:55:00,15852.83165034556,2,57
2021-07-14,15850.15,15857.8,15848.35,15856.75,14:00:00,15852.576255074551,2,58
2021-07-14,15855.9,15857.05,15848.45,15850.05,14:05:00,15852.89280221031,2,59
2021-07-14,15854.85,15856.9,15852.8,15856.9,14:10:00,15853.079201999804,2,60
2021-07-14,15848.95,15855.4,15848.5,15855.15,14:15:00,15852.68594466649,2,61
2021-07-14,15859.0,15863.95,15848.35,15848.75,14:20:00,15853.28728326968,2,62
2021-07-14,15846.9,15860.45,15846.6,15858.9,14:25:00,15852.678970577332,2,63
2021-07-14,15857.3,15858.25,15842.35,15846.55,14:30:00,15853.119068617589,2,64
2021-07-14,15860.15,15867.2,15857.35,15857.35,14:35:00,15853.788681130198,2,65
2021-07-14,15861.25,15863.5,15858.05,15860.55,14:40:00,15854.49928292732,2,66
2021-07-14,15862.1,15864.35,15856.05,15861.2,14:45:00,15855.223160743766,2,67
2021-07-14,15861.3,15864.35,15857.35,15862.25,14:50:00,15855.8019073396,2,68
2021-07-14,15860.3,15862.35,15857.7,15860.85,14:55:00,15856.23029711678,2,69
2021-07-14,15864.9,15868.6,15859.2,15859.65,15:00:00,15857.055983105656,2,70
2021-07-14,15866.1,15867.45,15861.3,15864.65,15:05:00,15857.917318047974,2,71
2021-07-14,15862.95,15867.8,15862.15,15866.5,15:10:00,15858.396621091024,2,72
2021-07-14,15850.2,15863.85,15847.85,15862.85,15:15:00,15857.615990510923,2,73
2021-07-14,15837.2,15854.8,15836.1,15850.4,15:20:00,15855.671610462265,2,74
2021-07-14,15844.85,15845.35,15834.45,15837.05,15:25:00,15854.64098089443,2,75
2021-07-15,15877.2,15886.75,15855.0,15878.15,09:15:00,15856.789458904484,3,1
2021-07-15,15879.6,15884.2,15866.9,15874.75,09:20:00,15858.961891389772,3,2
2021-07-15,15885.95,15896.15,15876.4,15879.65,09:25:00,15861.53218744789,3,3
2021-07-15,15885.8,15890.3,15880.9,15886.5,09:30:00,15863.843407690949,3,4
2021-07-15,15889.2,15892.25,15879.2,15886.6,09:35:00,15866.25832124419,3,5
2021-07-15,15891.8,15896.45,15888.0,15890.0,09:40:00,15868.690862078076,3,6
2021-07-15,15897.25,15897.45,15887.2,15892.4,09:45:00,15871.410779975402,3,7
2021-07-15,15898.65,15902.2,15893.25,15897.8,09:50:00,15874.004991406317,3,8
2021-07-15,15890.4,15899.45,15884.65,15898.75,09:55:00,15875.56642079619,3,9
2021-07-15,15886.8,15890.65,15883.45,15889.5,10:00:00,15876.636285482267,3,10
2021-07-15,15887.7,15892.95,15885.45,15885.85,10:05:00,15877.689972579194,3,11
2021-07-15,15886.8,15890.2,15883.55,15888.0,10:10:00,15878.557594238318,3,12
2021-07-15,15884.45,15888.6,15882.05,15886.55,10:15:00,15879.118775739433,3,13
2021-07-15,15890.9,15893.3,15883.95,15884.0,10:20:00,15880.24079709758,3,14
2021-07-15,15892.2,15895.5,15890.15,15890.95,10:25:00,15881.379768802572,3,15
2021-07-15,15891.65,15894.45,15886.1,15892.0,10:30:00,15882.35788605947,3,16
2021-07-15,15899.75,15901.15,15890.45,15891.3,10:35:00,15884.014277863327,3,17
2021-07-15,15911.7,15913.9,15900.35,15900.35,10:40:00,15886.651013304916,3,18
2021-07-15,15910.6,15921.1,15910.6,15911.6,10:45:00,15888.931869180638,3,19
2021-07-15,15920.8,15921.4,15907.4,15910.55,10:50:00,15891.966929258671,3,20
2021-07-15,15933.75,15936.0,15920.65,15920.9,10:55:00,15895.946269329275,3,21
2021-07-15,15930.35,15940.65,15924.1,15933.6,11:00:00,15899.22281510744,3,22
2021-07-15,15932.3,15936.65,15929.95,15930.6,11:05:00,15902.373023192446,3,23
2021-07-15,15932.5,15934.6,15928.75,15932.05,11:10:00,15905.24225907888,3,24
2021-07-15,15937.6,15939.25,15931.2,15931.85,11:15:00,15908.323948690417,3,25
2021-07-15,15938.15,15938.6,15934.55,15937.55,11:20:00,15911.164525005614,3,26
2021-07-15,15937.2,15938.5,15933.6,15937.75,11:25:00,15913.6440940527,3,27
2021-07-15,15934.55,15938.9,15932.55,15937.4,11:30:00,15915.635132714346,3,28
2021-07-15,15936.7,15939.55,15934.15,15934.65,11:35:00,15917.641310551076,3,29
2021-07-15,15931.15,15937.2,15929.4,15936.4,11:40:00,15918.927852403353,3,30
2021-07-15,15930.75,15932.95,15927.55,15931.45,11:45:00,15920.05377122208,3,31
2021-07-15,15925.5,15932.2,15924.9,15931.55,11:50:00,15920.572459677122,3,32
2021-07-15,15933.25,15933.25,15922.55,15925.95,11:55:00,15921.779844469778,3,33
2021-07-15,15936.95,15939.3,15929.0,15932.7,12:00:00,15923.224621186942,3,34
2021-07-15,15936.9,15937.7,15934.0,15936.5,12:05:00,15924.527038216756,3,35
2021-07-15,15933.3,15937.95,15932.15,15937.05,12:10:00,15925.36255838659,3,36
2021-07-15,15940.2,15941.2,15930.55,15933.25,12:15:00,15926.775648064058,3,37
2021-07-15,15944.0,15946.65,15939.75,15940.55,12:20:00,15928.416062534148,3,38
2021-07-15,15940.25,15946.15,15938.95,15944.15,12:25:00,15929.543104197564,3,39
2021-07-15,15936.85,15940.8,15933.0,15940.65,12:30:00,15930.23899903589,3,40
2021-07-15,15939.95,15941.1,15936.15,15937.2,12:35:00,15931.163856270568,3,41
2021-07-15,15934.35,15941.95,15933.7,15939.6,12:40:00,15931.467298530511,3,42
2021-07-15,15923.0,15935.0,15922.65,15935.0,12:45:00,15930.660889146651,3,43
2021-07-15,15916.25,15923.95,15913.95,15922.6,12:50:00,15929.28842351364,3,44
2021-07-15,15917.35,15918.6,15909.55,15915.85,12:55:00,15928.151430798054,3,45
2021-07-15,15925.25,15925.65,15912.5,15917.5,13:00:00,15927.875104055383,3,46
2021-07-15,15931.9,15932.45,15924.35,15925.2,13:05:00,15928.25842747868,3,47
2021-07-15,15932.4,15933.65,15929.35,15931.8,13:10:00,15928.6528629569,3,48
2021-07-15,15936.8,15938.7,15930.8,15932.45,13:15:00,15929.428780770528,3,49
2021-07-15,15932.0,15939.3,15930.85,15935.85,13:20:00,15929.673658792382,3,50
2021-07-15,15925.0,15932.5,15921.35,15932.05,13:25:00,15929.228548431203,3,51
2021-07-15,15921.2,15926.65,15914.9,15925.55,13:30:00,15928.463924771087,3,52
2021-07-15,15929.35,15931.9,15922.55,15922.55,13:35:00,15928.548312888128,3,53
2021-07-15,15933.0,15935.4,15928.5,15930.75,13:40:00,15928.972283089255,3,54
2021-07-15,15938.0,15939.7,15932.35,15932.35,13:45:00,15929.832065652185,3,55
2021-07-15,15950.65,15951.0,15936.2,15936.95,13:50:00,15931.814726066264,3,56
2021-07-15,15944.15,15951.25,15941.35,15951.0,13:55:00,15932.989514059953,3,57
2021-07-15,15944.3,15944.95,15932.1,15944.95,14:00:00,15934.0667031971,3,58
2021-07-15,15943.8,15948.45,15941.25,15945.05,14:05:00,15934.993683844996,3,59
2021-07-15,15946.3,15946.8,15940.3,15943.65,14:10:00,15936.070475859757,3,60
2021-07-15,15945.15,15947.4,15942.55,15946.05,14:15:00,15936.935192444542,3,61
2021-07-15,15951.35,15952.15,15941.15,15945.3,14:20:00,15938.308031259348,3,62
2021-07-15,15948.25,15952.35,15944.25,15951.55,14:25:00,15939.254885425124,3,63
2021-07-15,15949.3,15951.15,15945.25,15948.5,14:30:00,15940.211563003684,3,64
2021-07-15,15943.0,15950.45,15939.45,15949.25,14:35:00,15940.477128431903,3,65
2021-07-15,15939.75,15946.2,15939.05,15942.9,14:40:00,15940.407878105056,3,66
2021-07-15,15924.95,15939.85,15924.2,15939.8,14:45:00,15938.935699237907,3,67
2021-07-15,15926.5,15930.75,15920.55,15924.3,14:50:00,15937.751346929534,3,68
2021-07-15,15919.5,15926.55,15914.7,15926.1,14:55:00,15936.013123412436,3,69
2021-07-15,15930.0,15930.15,15919.1,15919.6,15:00:00,15935.440444992202,3,70
2021-07-15,15930.75,15933.75,15925.6,15930.45,15:05:00,15934.993735945329,3,71
2021-07-15,15920.3,15931.8,15919.55,15930.8,15:10:00,15933.594332521963,3,72
2021-07-15,15921.4,15924.35,15919.7,15920.9,15:15:00,15932.432967519871,3,73
2021-07-15,15921.25,15928.2,15916.8,15922.8,15:20:00,15931.367922994168,3,74
2021-07-15,15918.2,15926.35,15918.2,15921.6,15:25:00,15930.113835089962,3,75
2021-07-16,15941.05,15962.25,15930.7,15948.8,09:15:00,15931.155374605203,4,1
2021-07-16,15940.45,15942.8,15930.0,15938.2,09:20:00,15932.040577023758,4,2
2021-07-16,15956.9,15960.35,15936.35,15941.3,09:25:00,15934.408141116734,4,3
2021-07-16,15946.1,15960.8,15943.95,15957.8,09:30:00,15935.521651486568,4,4
2021-07-16,15954.8,15960.15,15945.8,15946.7,09:35:00,15937.357684678323,4,5
2021-07-16,15953.3,15959.15,15948.6,15954.0,09:40:00,15938.876000423244,4,6
2021-07-16,15953.6,15961.3,15952.55,15954.05,09:45:00,15940.27828609722,4,7
2021-07-16,15954.9,15956.45,15946.55,15953.9,09:50:00,15941.670830278435,4,8
2021-07-16,15956.35,15958.1,15949.9,15954.8,09:55:00,15943.068846442397,4,9
2021-07-16,15930.55,15956.8,15929.2,15956.5,10:00:00,15941.876575352642,4,10
2021-07-16,15929.05,15936.65,15921.95,15930.9,10:05:00,15940.654996747628,4,11
2021-07-16,15927.4,15933.85,15918.2,15928.8,10:10:00,15939.392616104997,4,12
2021-07-16,15924.05,15928.95,15921.8,15927.45,10:15:00,15937.931414571189,4,13
2021-07-16,15913.8,15924.0,15906.75,15923.85,10:20:00,15935.633184612028,4,14
2021-07-16,15923.1,15924.95,15913.45,15913.45,10:25:00,15934.43954798231,4,15
2021-07-16,15931.0,15938.45,15923.15,15923.4,10:30:00,15934.111971983995,4,16
2021-07-16,15937.75,15942.85,15930.35,15930.35,10:35:00,15934.458450842663,4,17
2021-07-16,15943.9,15946.0,15934.2,15937.6,10:40:00,15935.357646000506,4,18
2021-07-16,15937.9,15946.55,15935.6,15944.35,10:45:00,15935.599774952838,4,19
2021-07-16,15937.55,15943.25,15936.35,15938.7,10:50:00,15935.785510671616,4,20
2021-07-16,15928.15,15938.5,15923.9,15937.25,10:55:00,15935.05831917908,4,21
2021-07-16,15931.05,15932.3,15925.45,15928.3,11:00:00,15934.67657449536,4,22
2021-07-16,15933.3,15937.55,15930.7,15930.7,11:05:00,15934.545472162468,4,23
2021-07-16,15938.75,15939.15,15929.3,15933.7,11:10:00,15934.94590338509,4,24
2021-07-16,15941.7,15942.75,15934.65,15938.65,11:15:00,15935.589150681748,4,25
2021-07-16,15938.2,15944.1,15937.6,15941.2,11:20:00,15935.837802997772,4,26
2021-07-16,15936.3,15938.5,15934.55,15938.5,11:25:00,15935.88182175989,4,27
2021-07-16,15930.8,15936.6,15928.2,15936.15,11:30:00,15935.397838735138,4,28
2021-07-16,15916.5,15931.2,15916.5,15930.05,11:35:00,15933.598044569888,4,29
2021-07-16,15924.55,15925.15,15913.65,15916.8,11:40:00,15932.736326039423,4,30
2021-07-16,15919.8,15927.4,15919.65,15923.8,11:45:00,15931.504294988048,4,31
2021-07-16,15926.75,15928.5,15919.25,15919.95,11:50:00,15931.051504989187,4,32
2021-07-16,15913.2,15927.5,15912.5,15926.6,11:55:00,15929.351361656883,4,33
2021-07-16,15906.1,15914.25,15902.8,15914.1,12:00:00,15927.13694626099,4,34
2021-07-16,15904.8,15906.75,15896.0,15904.5,12:05:00,15925.009618045657,4,35
2021-07-16,15909.15,15914.55,15904.25,15904.45,12:10:00,15923.499178231785,4,36
2021-07-16,15902.25,15909.45,15898.95,15908.9,12:15:00,15921.475446971615,4,37
2021-07-16,15892.6,15903.1,15892.55,15902.0,12:20:00,15918.72540440289,4,38
2021-07-16,15899.55,15900.45,15887.9,15890.3,12:25:00,15916.89917541214,4,39
2021-07-16,15906.65,15909.95,15899.4,15899.6,12:30:00,15915.923063468126,4,40
2021-07-16,15910.85,15914.25,15903.15,15906.0,12:35:00,15915.4399145664,4,41
2021-07-16,15915.95,15918.15,15910.25,15911.4,12:40:00,15915.488494131503,4,42
2021-07-16,15913.65,15917.75,15912.7,15915.75,12:45:00,15915.313399452312,4,43
2021-07-16,15910.6,15915.5,15909.6,15913.5,12:50:00,15914.864504266376,4,44
2021-07-16,15915.75,15916.55,15910.1,15910.4,12:55:00,15914.94883719339,4,45
2021-07-16,15906.2,15916.0,15905.2,15915.4,13:00:00,15914.115614603545,4,46
2021-07-16,15921.0,15921.6,15905.25,15906.0,13:05:00,15914.771270355586,4,47
2021-07-16,15919.0,15924.7,15917.5,15920.55,13:10:00,15915.174006512198,4,48
2021-07-16,15917.4,15921.85,15916.75,15918.7,13:15:00,15915.386005891987,4,49
2021-07-16,15916.4,15920.35,15914.2,15917.0,13:20:00,15915.48257675942,4,50
2021-07-16,15913.5,15921.0,15911.85,15915.5,13:25:00,15915.293759925187,4,51
2021-07-16,15905.1,15916.2,15904.0,15912.9,13:30:00,15914.3229256466,4,52
2021-07-16,15895.9,15906.85,15893.9,15904.85,13:35:00,15912.568361299303,4,53
2021-07-16,15897.15,15904.55,15895.15,15895.6,13:40:00,15911.099945937469,4,54
2021-07-16,15900.0,15902.75,15896.75,15897.4,13:45:00,15910.042808229136,4,55
2021-07-16,15895.85,15900.7,15889.5,15899.6,13:50:00,15908.691112207314,4,56
2021-07-16,15889.55,15896.3,15889.25,15895.45,13:55:00,15906.868149139951,4,57
2021-07-16,15895.0,15901.1,15884.1,15889.15,14:00:00,15905.73784922186,4,58
2021-07-16,15885.35,15896.15,15882.6,15896.1,14:05:00,15903.796149295968,4,59
2021-07-16,15904.45,15904.45,15885.2,15885.5,14:10:00,15903.85842079159,4,60
2021-07-16,15909.65,15910.9,15902.45,15905.35,14:15:00,15904.40999976382,4,61
2021-07-16,15924.25,15927.75,15909.6,15909.9,14:20:00,15906.29952359584,4,62
2021-07-16,15924.65,15936.15,15922.75,15923.95,14:25:00,15908.047188015282,4,63
2021-07-16,15923.6,15926.65,15920.05,15925.0,14:30:00,15909.528408204302,4,64
2021-07-16,15931.3,15933.1,15923.45,15923.7,14:35:00,15911.601893137224,4,65
2021-07-16,15931.95,15935.35,15930.35,15930.85,14:40:00,15913.53980807654,4,66
2021-07-16,15931.4,15934.8,15926.25,15933.3,14:45:00,15915.240778735915,4,67
2021-07-16,15931.25,15941.6,15929.4,15931.85,14:50:00,15916.765466475352,4,68
2021-07-16,15925.0,15932.95,15923.1,15931.2,14:55:00,15917.549707763414,4,69
2021-07-16,15931.35,15931.35,15920.85,15924.0,15:00:00,15918.864021309755,4,70
2021-07-16,15932.2,15932.75,15925.6,15931.45,15:05:00,15920.13411451835,4,71
2021-07-16,15923.7,15932.95,15922.9,15932.25,15:10:00,15920.47372265946,4,72
2021-07-16,15916.6,15923.7,15915.4,15923.5,15:15:00,15920.104796691892,4,73
2021-07-16,15922.4,15925.7,15914.85,15916.3,15:20:00,15920.32338748314,4,74
2021-07-16,15921.2,15924.8,15918.05,15922.25,15:25:00,15920.406874389508,4,75
2021-07-19,15791.2,15795.45,15735.95,15755.65,09:15:00,15908.101457780982,0,1
2021-07-19,15823.65,15823.95,15788.05,15790.55,09:20:00,15900.05846180184,0,2
2021-07-19,15825.95,15828.3,15811.15,15824.1,09:25:00,15893.000513058809,0,3
2021-07-19,15812.25,15833.35,15810.05,15826.5,09:30:00,15885.309988005589,0,4
2021-07-19,15816.85,15816.85,15799.85,15812.1,09:35:00,15878.789989147914,0,5
2021-07-19,15818.55,15824.25,15815.95,15816.65,09:40:00,15873.052847324305,0,6
2021-07-19,15822.2,15822.95,15812.2,15817.3,09:45:00,15868.209719007702,0,7
2021-07-19,15822.45,15825.95,15818.95,15823.3,09:50:00,15863.851650530778,0,8
2021-07-19,15829.35,15831.55,15820.75,15822.65,09:55:00,15860.565779051656,0,9
2021-07-19,15836.2,15836.8,15823.5,15829.5,10:00:00,15858.245228665784,0,10
2021-07-19,15828.8,15836.9,15825.25,15836.9,10:05:00,15855.440921173806,0,11
2021-07-19,15825.0,15833.45,15824.1,15828.25,10:10:00,15852.54178582392,0,12
2021-07-19,15818.15,15830.25,15817.75,15824.6,10:15:00,15849.266377650214,0,13
2021-07-19,15822.8,15822.8,15815.0,15817.6,10:20:00,15846.745770254956,0,14
2021-07-19,15824.25,15826.15,15818.7,15823.15,10:25:00,15844.603315944958,0,15
2021-07-19,15822.05,15826.0,15818.95,15823.75,10:30:00,15842.455381093056,0,16
2021-07-19,15827.55,15829.55,15820.4,15821.55,10:35:00,15841.035820988956,0,17
2021-07-19,15827.45,15829.55,15825.25,15827.1,10:40:00,15839.741933275722,0,18
2021-07-19,15827.5,15829.9,15824.2,15827.2,10:45:00,15838.57603486851,0,19
2021-07-19,15824.65,15826.95,15822.2,15826.7,10:50:00,15837.249745833416,0,20
2021-07-19,15810.5,15825.0,15809.25,15824.3,10:55:00,15834.702150992138,0,21
2021-07-19,15818.4,15818.95,15809.85,15810.4,11:00:00,15833.149565183365,0,22
2021-07-19,15822.55,15823.25,15816.75,15818.15,11:05:00,15832.140082784948,0,23
2021-07-19,15821.05,15824.25,15818.65,15822.45,11:10:00,15831.083884424475,0,24
2021-07-19,15820.9,15824.8,15818.45,15819.95,11:15:00,15830.113990669764,0,25
2021-07-19,15820.15,15824.1,15819.7,15821.95,11:20:00,15829.165039177404,0,26
2021-07-19,15814.3,15823.85,15813.4,15820.45,11:25:00,15827.749321160509,0,27
2021-07-19,15818.45,15819.35,15810.75,15815.35,11:30:00,15826.863671526176,0,28
2021-07-19,15826.4,15826.7,15818.25,15818.25,11:35:00,15826.819512333206,0,29
2021-07-19,15826.25,15829.2,15824.45,15825.7,11:40:00,15826.765273063376,0,30
2021-07-19,15822.25,15826.5,15819.7,15826.0,11:45:00,15826.33524705734,0,31
2021-07-19,15819.5,15824.1,15816.65,15821.3,11:50:00,15825.684271147118,0,32
2021-07-19,15817.75,15820.85,15815.6,15820.05,11:55:00,15824.928626275963,0,33
2021-07-19,15815.1,15817.75,15812.6,15817.25,12:00:00,15823.992566630635,0,34
2021-07-19,15820.6,15821.95,15814.4,15815.3,12:05:00,15823.669465046763,0,35
2021-07-19,15820.6,15822.55,15817.55,15820.05,12:10:00,15823.377135042312,0,36
2021-07-19,15815.2,15820.9,15812.55,15820.7,12:15:00,15822.59836027638,0,37
2021-07-19,15816.25,15817.7,15814.95,15814.95,12:20:00,15821.993754535772,0,38
2021-07-19,15806.15,15816.0,15804.95,15815.3,12:25:00,15820.484825532363,0,39
2021-07-19,15803.05,15807.4,15797.3,15806.4,12:30:00,15818.824365957851,0,40
2021-07-19,15785.6,15803.9,15784.8,15803.9,12:35:00,15815.660140628534,0,41
2021-07-19,15777.9,15785.1,15775.8,15784.7,12:40:00,15812.063936759148,0,42
2021-07-19,15771.3,15782.45,15768.35,15777.4,12:45:00,15808.1816570678,0,43
2021-07-19,15759.6,15771.95,15759.2,15770.75,12:50:00,15803.554832585152,0,44
2021-07-19,15756.95,15762.05,15748.75,15757.6,12:55:00,15799.116277100851,0,45
2021-07-19,15748.2,15763.25,15748.2,15757.35,13:00:00,15794.267107853151,0,46
2021-07-19,15732.55,15748.3,15730.9,15748.3,13:05:00,15788.389288057611,0,47
2021-07-19,15755.35,15755.85,15729.45,15732.9,13:10:00,15785.242689194984,0,48
2021-07-19,15763.55,15764.5,15753.4,15756.2,13:15:00,15783.17671879546,0,49
2021-07-19,15769.5,15769.95,15761.45,15763.1,13:20:00,15781.874174148275,0,50
2021-07-19,15763.05,15770.75,15762.7,15769.8,13:25:00,15780.081395657964,0,51
2021-07-19,15763.0,15767.6,15755.8,15763.25,13:30:00,15778.454596071491,0,52
2021-07-19,15761.75,15771.75,15761.1,15762.75,13:35:00,15776.86368215992,0,53
2021-07-19,15763.2,15765.95,15753.35,15761.95,13:40:00,15775.562379097071,0,54
2021-07-19,15761.55,15766.0,15758.9,15762.5,13:45:00,15774.227866802112,0,55
2021-07-19,15759.4,15769.55,15759.1,15760.6,13:50:00,15772.815689011435,0,56
2021-07-19,15757.2,15760.5,15754.7,15759.55,13:55:00,15771.328480534155,0,57
2021-07-19,15764.2,15771.3,15753.45,15758.85,14:00:00,15770.649577626144,0,58
2021-07-19,15759.0,15766.65,15759.0,15764.15,14:05:00,15769.540094042704,0,59
2021-07-19,15754.0,15759.8,15751.95,15759.8,14:10:00,15768.060085086254,0,60
2021-07-19,15740.55,15753.35,15740.45,15753.35,14:15:00,15765.4400769828,0,61
2021-07-19,15745.95,15748.15,15735.15,15740.95,14:20:00,15763.583879174916,0,62
2021-07-19,15735.55,15746.6,15733.0,15746.2,14:25:00,15760.913985920162,0,63
2021-07-19,15730.25,15736.0,15725.7,15736.0,14:30:00,15757.99360630872,0,64
2021-07-19,15719.6,15731.05,15718.3,15730.6,14:35:00,15754.337072374556,0,65
2021-07-19,15710.8,15721.75,15710.0,15719.55,14:40:00,15750.19068452936,0,66
2021-07-19,15731.7,15734.25,15707.5,15711.25,14:45:00,15748.429666955137,0,67
2021-07-19,15736.95,15741.6,15732.4,15732.45,14:50:00,15747.33636534036,0,68
2021-07-19,15746.75,15746.75,15735.2,15737.8,14:55:00,15747.280521022229,0,69
2021-07-19,15746.4,15750.85,15734.8,15748.2,15:00:00,15747.196661877257,0,70
2021-07-19,15750.55,15753.0,15740.95,15746.7,15:05:00,15747.516027412754,0,71
2021-07-19,15751.1,15753.85,15746.8,15751.8,15:10:00,15747.857358135348,0,72
2021-07-19,15755.45,15755.6,15748.85,15750.5,15:15:00,15748.580466884365,0,73
2021-07-19,15760.15,15766.1,15751.5,15755.4,15:20:00,15749.682327181092,0,74
2021-07-19,15758.25,15764.35,15752.35,15760.05,15:25:00,15750.498296020987,0,75
2021-07-20,15689.75,15728.45,15687.9,15717.25,09:15:00,15744.712744018989,1,1
2021-07-20,15698.55,15698.6,15681.3,15690.3,09:20:00,15740.316292207655,1,2
2021-07-20,15694.0,15707.0,15688.1,15698.1,09:25:00,15735.905216759307,1,3
2021-07-20,15662.1,15693.45,15659.85,15692.25,09:30:00,15728.876148496518,1,4
2021-07-20,15652.65,15662.25,15645.4,15662.25,09:35:00,15721.616515306374,1,5
2021-07-20,15664.35,15669.45,15650.45,15652.8,09:40:00,15716.162561467672,1,6
2021-07-20,15649.9,15668.4,15649.6,15663.6,09:45:00,15709.851841327894,1,7
2021-07-20,15650.45,15653.9,15642.45,15649.2,09:50:00,15704.194523106187,1,8
2021-07-20,15656.85,15659.6,15647.8,15650.7,09:55:00,15699.6855209056,1,9
2021-07-20,15662.05,15666.8,15655.8,15656.1,10:00:00,15696.101185581256,1,10
2021-07-20,15670.0,15671.05,15658.45,15661.1,10:05:00,15693.61535838304,1,11
2021-07-20,15676.5,15682.9,15668.7,15669.9,10:10:00,15691.985324251322,1,12
2021-07-20,15660.7,15677.75,15659.85,15676.7,10:15:00,15689.00576956072,1,13
2021-07-20,15656.45,15663.3,15655.4,15660.1,10:20:00,15685.905220078746,1,14
2021-07-20,15645.0,15656.65,15635.3,15656.4,10:25:00,15682.009484833152,1,15
2021-07-20,15643.2,15649.75,15637.15,15646.0,10:30:00,15678.313343420472,1,16
2021-07-20,15633.6,15644.95,15633.5,15642.15,10:35:00,15674.05492976138,1,17
2021-07-20,15611.35,15633.8,15608.45,15632.75,10:40:00,15668.083031688866,1,18
2021-07-20,15606.75,15614.95,15597.75,15611.0,10:45:00,15662.24179057564,1,19
2021-07-20,15618.4,15619.5,15603.05,15606.2,10:50:00,15658.06638194939,1,20
2021-07-20,15614.15,15625.2,15614.15,15618.5,10:55:00,15653.88386938278,1,21
2021-07-20,15606.9,15621.1,15606.9,15615.85,11:00:00,15649.409215155849,1,22
2021-07-20,15600.95,15607.15,15592.25,15606.25,11:05:00,15644.794051807672,1,23
2021-07-20,15591.6,15600.85,15584.5,15600.85,11:10:00,15639.727951635512,1,24
2021-07-20,15598.75,15600.4,15585.45,15591.65,11:15:00,15635.825289574988,1,25
2021-07-20,15598.15,15607.2,15597.7,15598.7,11:20:00,15632.237166758325,1,26
2021-07-20,15595.25,15599.9,15585.5,15599.05,11:25:00,15628.714579448006,1,27
2021-07-20,15611.95,15617.5,15594.45,15595.65,11:30:00,15627.11795283391,1,28
2021-07-20,15602.45,15612.3,15600.5,15612.0,11:35:00,15624.768623992586,1,29
2021-07-20,15603.05,15605.95,15597.8,15600.25,11:40:00,15622.70018361234,1,30
2021-07-20,15606.75,15607.15,15598.9,15602.7,11:45:00,15621.181118506403,1,31
2021-07-20,15609.7,15611.7,15605.3,15605.7,11:50:00,15620.087678648651,1,32
2021-07-20,15596.15,15614.25,15596.05,15609.25,11:55:00,15617.807899729733,1,33
2021-07-20,15594.05,15598.6,15592.7,15596.1,12:00:00,15615.545242612616,1,34
2021-07-20,15581.75,15593.45,15578.55,15593.45,12:05:00,15612.326648078082,1,35
2021-07-20,15584.25,15588.85,15579.25,15581.55,12:10:00,15609.652681594456,1,36
2021-07-20,15587.5,15589.1,15582.85,15583.95,12:15:00,15607.542902394984,1,37
2021-07-20,15603.2,15604.65,15587.55,15587.65,12:20:00,15607.12929264308,1,38
2021-07-20,15615.2,15616.35,15603.3,15603.85,12:25:00,15607.897931438976,1,39
2021-07-20,15630.05,15637.0,15608.65,15616.0,12:30:00,15610.007652254311,1,40
2021-07-20,15626.6,15631.1,15621.2,15630.25,12:35:00,15611.58787584914,1,41
2021-07-20,15638.55,15640.35,15625.3,15625.3,12:40:00,15614.15569719684,1,42
2021-07-20,15637.5,15647.3,15637.5,15637.9,12:45:00,15616.378964130474,1,43
2021-07-20,15638.55,15642.5,15631.4,15638.2,12:50:00,15618.490491356142,1,44
2021-07-20,15657.25,15658.15,15634.3,15638.9,12:55:00,15622.181873131747,1,45
2021-07-20,15665.25,15665.5,15655.65,15656.9,13:00:00,15626.283599500151,1,46
2021-07-20,15653.85,15669.95,15652.65,15665.0,13:05:00,15628.908970976328,1,47
2021-07-20,15670.35,15670.35,15650.35,15653.3,13:10:00,15632.85573564525,1,48
2021-07-20,15670.6,15676.1,15668.45,15669.6,13:15:00,15636.450427488558,1,49
2021-07-20,15668.45,15674.65,15665.95,15670.75,13:20:00,15639.49800582298,1,50
2021-07-20,15662.45,15671.35,15658.3,15668.3,13:25:00,15641.683910030317,1,51
2021-07-20,15667.15,15669.85,15650.9,15661.9,13:30:00,15644.10925193219,1,52
2021-07-20,15658.3,15670.9,15657.5,15666.2,13:35:00,15645.460751748173,1,53
2021-07-20,15674.6,15675.8,15652.35,15658.2,13:40:00,15648.235918248343,1,54
2021-07-20,15672.1,15682.6,15672.1,15676.1,13:45:00,15650.50868793898,1,55
2021-07-20,15672.45,15676.7,15665.55,15671.1,13:50:00,15652.598336706697,1,56
2021-07-20,15667.8,15672.5,15658.85,15672.25,13:55:00,15654.0461141632,1,57
2021-07-20,15667.65,15675.4,15662.45,15667.85,14:00:00,15655.341722338131,1,58
2021-07-20,15666.55,15672.35,15662.6,15668.75,14:05:00,15656.409177353547,1,59
2021-07-20,15676.65,15677.65,15666.55,15666.65,14:10:00,15658.336874748447,1,60
2021-07-20,15641.15,15679.15,15640.2,15676.8,14:15:00,15656.70002953431,1,61
2021-07-20,15644.8,15646.45,15626.95,15640.45,14:20:00,15655.566693388186,1,62
2021-07-20,15660.4,15662.75,15639.95,15644.05,14:25:00,15656.027008303598,1,63
2021-07-20,15656.2,15667.85,15655.1,15660.55,14:30:00,15656.043483703255,1,64
2021-07-20,15647.75,15656.8,15642.3,15655.0,14:35:00,15655.253628112469,1,65
2021-07-20,15651.1,15653.85,15643.05,15647.15,14:40:00,15654.858044482711,1,66
2021-07-20,15650.8,15651.5,15639.9,15651.5,14:45:00,15654.471564055786,1,67
2021-07-20,15651.85,15659.75,15649.8,15650.6,14:50:00,15654.221891288567,1,68
2021-07-20,15647.95,15653.3,15645.75,15651.6,14:55:00,15653.624568308704,1,69
2021-07-20,15649.9,15653.0,15636.0,15649.7,15:00:00,15653.269847517398,1,70
2021-07-20,15641.1,15651.25,15638.0,15651.25,15:05:00,15652.110814420505,1,71
2021-07-20,15636.95,15643.15,15636.8,15641.4,15:10:00,15650.666927332835,1,72
2021-07-20,15621.3,15637.55,15618.3,15637.5,15:15:00,15647.87007711066,1,73
2021-07-20,15625.6,15634.9,15622.05,15622.05,15:20:00,15645.749117385836,1,74
2021-07-20,15624.5,15632.45,15617.5,15625.9,15:25:00,15643.725391920518,1,75
2021-07-22,15752.95,15755.95,15726.4,15746.75,09:15:00,15654.127735547134,3,1
2021-07-22,15748.15,15762.4,15742.25,15752.85,09:20:00,15663.082236923598,3,2
2021-07-22,15757.2,15761.25,15748.3,15749.65,09:25:00,15672.045833407064,3,3
2021-07-22,15761.5,15765.9,15753.6,15757.4,09:30:00,15680.565277844487,3,4
2021-07-22,15768.95,15770.0,15761.3,15761.6,09:35:00,15688.982870430726,3,5
2021-07-22,15765.5,15770.85,15763.45,15768.4,09:40:00,15696.27021610399,3,6
2021-07-22,15769.95,15771.85,15764.85,15765.6,09:45:00,15703.2873383798,3,7
2021-07-22,15775.35,15778.8,15770.3,15770.3,09:50:00,15710.150449010296,3,8
2021-07-22,15789.75,15790.35,15775.1,15775.5,09:55:00,15717.731358628364,3,9
2021-07-22,15785.6,15790.6,15777.9,15789.45,10:00:00,15724.195038758997,3,10
2021-07-22,15787.95,15791.25,15781.6,15785.25,10:05:00,15730.266939829567,3,11
2021-07-22,15791.1,15796.45,15786.8,15788.45,10:10:00,15736.060564607704,3,12
2021-07-22,15783.2,15799.7,15780.65,15790.95,10:15:00,15740.550034645064,3,13
2021-07-22,15784.25,15786.2,15776.4,15783.3,10:20:00,15744.711936107438,3,14
2021-07-22,15791.25,15792.55,15783.35,15784.2,10:25:00,15749.144132668634,3,15
2021-07-22,15792.65,15794.5,15788.75,15791.3,10:30:00,15753.287548604954,3,16
2021-07-22,15801.35,15803.7,15792.3,15792.7,10:35:00,15757.864924928292,3,17
2021-07-22,15801.2,15805.95,15800.7,15800.75,10:40:00,15761.99207493512,3,18
2021-07-22,15807.95,15812.3,15801.3,15801.3,10:45:00,15766.369020179394,3,19
2021-07-22,15809.95,15813.25,15808.15,15808.25,10:50:00,15770.51958968612,3,20
2021-07-22,15801.2,15810.2,15799.05,15809.65,10:55:00,15773.441533525536,3,21
2021-07-22,15806.45,15812.8,15800.65,15801.45,11:00:00,15776.585196999296,3,22
2021-07-22,15805.25,15810.7,15803.35,15806.9,11:05:00,15779.315178237455,3,23
2021-07-22,15808.0,15811.7,15805.35,15805.35,11:10:00,15782.047066024366,3,24
2021-07-22,15807.95,15815.9,15807.95,15808.05,11:15:00,15784.514012117284,3,25
2021-07-22,15805.75,15810.55,15803.55,15808.15,11:20:00,15786.536487153731,3,26
2021-07-22,15802.35,15805.3,15801.15,15805.2,11:25:00,15788.042535996236,3,27
2021-07-22,15797.75,15805.65,15795.4,15801.95,11:30:00,15788.967056377543,3,28
2021-07-22,15800.4,15802.2,15797.25,15797.3,11:35:00,15790.055908151113,3,29
2021-07-22,15808.45,15813.2,15799.4,15799.4,11:40:00,15791.807726422434,3,30
2021-07-22,15806.45,15810.9,15804.95,15808.15,11:45:00,15793.202228667917,3,31
2021-07-22,15808.85,15810.15,15806.15,15806.5,11:50:00,15794.692492604308,3,32
2021-07-22,15808.45,15811.6,15807.8,15808.65,11:55:00,15796.002731403896,3,33
2021-07-22,15811.85,15812.25,15806.35,15808.15,12:00:00,15797.511995079716,3,34
2021-07-22,15821.0,15821.6,15811.15,15811.95,12:05:00,15799.748947929267,3,35
2021-07-22,15819.35,15825.9,15818.5,15821.15,12:10:00,15801.615714793146,3,36
2021-07-22,15813.5,15822.25,15812.3,15820.6,12:15:00,15802.747551479511,3,37
2021-07-22,15811.75,15816.5,15807.8,15813.3,12:20:00,15803.604927529084,3,38
2021-07-22,15812.45,15814.9,15808.3,15811.8,12:25:00,15804.44731538346,3,39
2021-07-22,15815.8,15822.35,15811.9,15812.5,12:30:00,15805.528523442175,3,40
2021-07-22,15813.35,15816.05,15810.1,15815.35,12:35:00,15806.273425971493,3,41
2021-07-22,15811.9,15816.2,15809.4,15813.6,12:40:00,15806.809290164683,3,42
2021-07-22,15812.55,15816.0,15807.9,15811.65,12:45:00,15807.356024434714,3,43
2021-07-22,15814.75,15815.05,15805.95,15812.2,12:50:00,15808.060212583789,3,44
2021-07-22,15805.75,15815.2,15800.25,15814.05,12:55:00,15807.840192337711,3,45
2021-07-22,15798.95,15808.5,15798.3,15806.1,13:00:00,15806.993507353169,3,46
2021-07-22,15801.9,15806.1,15798.8,15799.45,13:05:00,15806.508411414772,3,47
2021-07-22,15796.25,15804.7,15796.25,15801.7,13:10:00,15805.53141985146,3,48
2021-07-22,15799.55,15802.8,15796.4,15797.15,13:15:00,15804.961760817989,3,49
2021-07-22,15820.0,15824.15,15799.6,15799.7,13:20:00,15806.39397407342,3,50
2021-07-22,15816.25,15820.8,15812.45,15819.5,13:25:00,15807.332643209284,3,51
2021-07-22,15810.2,15820.7,15809.4,15817.55,13:30:00,15807.6057248084,3,52
2021-07-22,15804.9,15811.8,15803.85,15810.25,13:35:00,15807.34803673141,3,53
2021-07-22,15803.8,15809.55,15799.35,15804.25,13:40:00,15807.010128471276,3,54
2021-07-22,15807.6,15807.6,15796.65,15804.0,13:45:00,15807.066306712106,3,55
2021-07-22,15805.35,15811.75,15805.1,15807.3,13:50:00,15806.90284893,3,56
2021-07-22,15801.3,15808.95,15800.1,15805.75,13:55:00,15806.36924427,3,57
2021-07-22,15801.0,15804.45,15795.55,15802.0,14:00:00,15805.857887672855,3,58
2021-07-22,15802.3,15807.4,15798.45,15801.45,14:05:00,15805.519041227824,3,59
2021-07-22,15807.05,15809.25,15797.75,15801.9,14:10:00,15805.664846825171,3,60
2021-07-22,15786.8,15809.0,15786.8,15806.75,14:15:00,15803.868194746585,3,61
2021-07-22,15780.4,15792.4,15776.1,15784.5,14:20:00,15801.63312858024,3,62
2021-07-22,15783.3,15789.9,15777.05,15780.6,14:25:00,15799.887116334505,3,63
2021-07-22,15781.6,15788.7,15779.2,15784.0,14:30:00,15798.145486207408,3,64
2021-07-22,15784.25,15788.55,15778.65,15782.25,14:35:00,15796.822106568608,3,65
2021-07-22,15776.8,15784.85,15773.85,15784.05,14:40:00,15794.915239276355,3,66
2021-07-22,15772.6,15781.9,15769.25,15776.45,14:45:00,15792.789978392895,3,67
2021-07-22,15781.1,15781.6,15768.85,15772.5,14:50:00,15791.67664711738,3,68
2021-07-22,15789.1,15789.7,15778.6,15781.0,14:55:00,15791.43125215382,3,69
2021-07-22,15818.6,15819.2,15790.05,15790.2,15:00:00,15794.018751948695,3,70
2021-07-22,15822.05,15827.05,15819.3,15820.2,15:05:00,15796.688394620249,3,71
2021-07-22,15819.55,15826.4,15818.85,15822.45,15:10:00,15798.8656903707,3,72
2021-07-22,15827.05,15830.7,15819.3,15820.0,15:15:00,15801.549910335398,3,73
2021-07-22,15831.55,15834.8,15826.65,15827.0,15:20:00,15804.407061732029,3,74
2021-07-22,15829.55,15832.15,15821.0,15832.0,15:25:00,15806.801627281358,3,75
2021-07-23,15868.65,15869.05,15841.3,15857.1,09:15:00,15812.691948492657,4,1
2021-07-23,15863.7,15876.45,15858.55,15869.5,09:20:00,15817.549858160024,4,2
2021-07-23,15853.85,15873.5,15853.0,15863.95,09:25:00,15821.007014525736,4,3
2021-07-23,15783.9,15852.8,15768.4,15852.4,09:30:00,15817.473013142331,4,4
2021-07-23,15805.35,15817.85,15776.3,15782.5,09:35:00,15816.31844046211,4,5
2021-07-23,15786.9,15811.25,15786.9,15805.05,09:40:00,15813.516684227625,4,6
2021-07-23,15802.75,15805.25,15776.15,15785.2,09:45:00,15812.491285729751,4,7
2021-07-23,15833.35,15833.35,15802.0,15802.0,09:50:00,15814.477829945969,4,8
2021-07-23,15844.05,15846.05,15832.65,15834.1,09:55:00,15817.294227093971,4,9
2021-07-23,15841.45,15848.6,15840.55,15843.35,10:00:00,15819.594776894548,4,10
2021-07-23,15827.7,15842.55,15827.7,15841.65,10:05:00,15820.36670290459,4,11
2021-07-23,15850.6,15850.7,15827.7,15828.35,10:10:00,15823.246064532725,4,12
2021-07-23,15846.05,15856.2,15844.25,15850.4,10:15:00,15825.41786791056,4,13
2021-07-23,15843.3,15850.3,15838.95,15846.85,10:20:00,15827.120928109554,4,14
2021-07-23,15843.9,15848.6,15839.35,15843.4,10:25:00,15828.718934956263,4,15
2021-07-23,15839.5,15844.75,15837.45,15843.6,10:30:00,15829.745703055669,4,16
2021-07-23,15816.95,15840.15,15814.0,15839.05,10:35:00,15828.527064669415,4,17
2021-07-23,15810.7,15822.7,15803.3,15815.65,10:40:00,15826.829248986613,4,18
2021-07-23,15810.45,15819.4,15807.6,15810.2,10:45:00,15825.269320511698,4,19
2021-07-23,15809.85,15810.85,15797.3,15809.85,10:50:00,15823.8008137963,4,20
2021-07-23,15821.5,15830.3,15809.4,15809.4,10:55:00,15823.58168867284,4,21
2021-07-23,15824.15,15828.6,15819.8,15822.2,11:00:00,15823.63581356114,4,22
2021-07-23,15844.95,15845.0,15824.2,15824.2,11:05:00,15825.665736079129,4,23
2021-07-23,15835.6,15846.8,15833.2,15844.85,11:10:00,15826.611856452542,4,24
2021-07-23,15829.45,15835.3,15826.95,15835.3,11:15:00,15826.882155838017,4,25
2021-07-23,15832.55,15835.15,15826.75,15828.8,11:20:00,15827.421950520107,4,26
2021-07-23,15828.25,15833.5,15826.5,15833.5,11:25:00,15827.500812375338,4,27
2021-07-23,15823.45,15831.35,15820.4,15828.65,11:30:00,15827.115020720545,4,28
2021-07-23,15822.55,15826.35,15820.2,15823.2,11:35:00,15826.680256842395,4,29
2021-07-23,15828.6,15829.85,15821.2,15822.35,11:40:00,15826.863089524077,4,30
2021-07-23,15838.1,15838.1,15828.2,15828.45,11:45:00,15827.933271474163,4,31
2021-07-23,15847.2,15850.15,15837.35,15837.6,11:50:00,15829.768198000433,4,32
2021-07-23,15843.05,15851.45,15841.4,15847.5,11:55:00,15831.033131524202,4,33
2021-07-23,15844.95,15848.85,15840.0,15843.2,12:00:00,15832.358547569516,4,34
2021-07-23,15848.75,15853.15,15843.85,15844.4,12:05:00,15833.91963827718,4,35
2021-07-23,15844.85,15853.5,15842.4,15849.05,12:10:00,15834.960625107926,4,36
2021-07-23,15855.0,15856.0,15840.6,15845.15,12:15:00,15836.86913700241,4,37
2021-07-23,15855.25,15860.65,15855.0,15856.3,12:20:00,15838.619695383131,4,38
2021-07-23,15850.7,15856.65,15845.8,15856.65,12:25:00,15839.77020058474,4,39
2021-07-23,15852.55,15853.45,15844.8,15849.45,12:30:00,15840.987324338574,4,40
2021-07-23,15859.05,15860.65,15849.8,15853.0,12:35:00,15842.70757916347,4,41
2021-07-23,15860.25,15862.05,15856.4,15860.5,12:40:00,15844.378285909806,4,42
2021-07-23,15864.95,15871.55,15860.6,15861.4,12:45:00,15846.33749677554,4,43
2021-07-23,15869.9,15872.8,15864.05,15865.65,12:50:00,15848.58154470168,4,44
2021-07-23,15866.5,15870.65,15860.75,15870.6,12:55:00,15850.2880642539,4,45
2021-07-23,15871.65,15873.2,15866.7,15867.0,13:00:00,15852.322534324958,4,46
2021-07-23,15874.95,15878.3,15870.6,15872.15,13:05:00,15854.477531055914,4,47
2021-07-23,15876.15,15885.75,15874.35,15875.25,13:10:00,15856.541575717256,4,48
2021-07-23,15868.95,15879.5,15865.95,15876.1,13:15:00,15857.723330410852,4,49
2021-07-23,15879.8,15882.3,15868.05,15870.5,13:20:00,15859.825870371724,4,50
2021-07-23,15873.6,15882.75,15871.8,15880.45,13:25:00,15861.137692241084,4,51
2021-07-23,15876.75,15879.45,15870.0,15873.35,13:30:00,15862.624578694316,4,52
2021-07-23,15885.05,15885.3,15875.5,15877.9,13:35:00,15864.76033310438,4,53
2021-07-23,15884.35,15892.5,15883.15,15885.25,13:40:00,15866.626015665866,4,54
2021-07-23,15882.0,15886.3,15881.3,15883.7,13:45:00,15868.09020465007,4,55
2021-07-23,15884.5,15885.45,15881.6,15883.0,13:50:00,15869.653042302443,4,56
2021-07-23,15884.75,15893.9,15879.95,15884.6,13:55:00,15871.09084779745,4,57
2021-07-23,15895.0,15899.8,15885.55,15886.0,14:00:00,15873.367909911978,4,58
2021-07-23,15888.3,15897.1,15886.0,15897.1,14:05:00,15874.790013729884,4,59
2021-07-23,15892.5,15894.2,15885.1,15888.7,14:10:00,15876.47667908894,4,60
2021-07-23,15874.75,15893.85,15873.0,15892.85,14:15:00,15876.312233461422,4,61
2021-07-23,15875.5,15879.2,15868.35,15876.55,14:20:00,15876.234877893668,4,62
2021-07-23,15878.25,15879.3,15868.95,15876.55,14:25:00,15876.42679428475,4,63
2021-07-23,15878.0,15880.6,15871.5,15878.6,14:30:00,15876.576623400488,4,64
2021-07-23,15883.5,15887.9,15878.4,15878.95,14:35:00,15877.23599260044,4,65
2021-07-23,15878.95,15885.0,15874.05,15884.05,14:40:00,15877.3992314004,4,66
2021-07-23,15887.85,15890.2,15877.7,15879.45,14:45:00,15878.3945426956,4,67
2021-07-23,15886.55,15894.3,15885.25,15888.85,14:50:00,15879.171252915066,4,68
2021-07-23,15882.15,15888.25,15879.4,15884.95,14:55:00,15879.454943113633,4,69
2021-07-23,15870.5,15882.35,15862.65,15882.35,15:00:00,15878.602091388526,4,70
2021-07-23,15862.55,15869.85,15861.4,15868.55,15:05:00,15877.073320780097,4,71
2021-07-23,15860.6,15866.1,15857.9,15862.4,15:10:00,15875.504433086751,4,72
2021-07-23,15854.2,15860.4,15851.0,15859.85,15:15:00,15873.47543945944,4,73
2021-07-23,15847.05,15853.45,15840.95,15853.45,15:20:00,15870.958730939494,4,74
2021-07-23,15850.4,15853.65,15844.25,15846.9,15:25:00,15869.000756564305,4,75
2021-07-26,15827.95,15849.6,15797.0,15849.6,09:15:00,15865.091160701037,0,1
2021-07-26,15849.5,15853.35,15810.25,15826.2,09:20:00,15863.606288253315,0,2
2021-07-26,15866.5,15877.15,15847.9,15847.9,09:25:00,15863.88187984824,0,3
2021-07-26,15843.9,15869.4,15832.15,15866.85,09:30:00,15861.978843672216,0,4
2021-07-26,15851.05,15856.25,15835.85,15843.7,09:35:00,15860.93800141772,0,5
2021-07-26,15848.45,15855.15,15846.0,15851.6,09:40:00,15859.748667949363,0,6
2021-07-26,15848.05,15849.35,15837.15,15849.15,09:45:00,15858.634509097044,0,7
2021-07-26,15853.95,15859.65,15849.05,15849.05,09:50:00,15858.188365373517,0,8
2021-07-26,15855.95,15857.0,15848.05,15854.7,09:55:00,15857.975187718896,0,9
2021-07-26,15871.8,15874.95,15856.55,15857.3,10:00:00,15859.291836507577,0,10
2021-07-26,15873.8,15880.8,15866.3,15872.8,10:05:00,15860.673566363996,0,11
2021-07-26,15870.8,15874.8,15860.7,15873.15,10:10:00,15861.637988615044,0,12
2021-07-26,15864.2,15874.15,15864.2,15870.7,10:15:00,15861.881989699326,0,13
2021-07-26,15867.25,15867.75,15859.35,15863.15,10:20:00,15862.39322877558,0,14
2021-07-26,15863.55,15874.5,15861.9,15867.0,10:25:00,15862.50339746362,0,15
2021-07-26,15885.2,15886.5,15863.65,15864.05,10:30:00,15864.66497865756,0,16
2021-07-26,15885.15,15893.35,15881.5,15885.7,10:35:00,15866.615933071123,0,17
2021-07-26,15881.8,15887.0,15878.8,15884.7,10:40:00,15868.062034683398,0,18
2021-07-26,15876.55,15883.15,15870.6,15881.75,10:45:00,15868.8704123326,0,19
2021-07-26,15871.0,15879.75,15869.4,15877.25,10:50:00,15869.073230205684,0,20
2021-07-26,15873.1,15875.0,15868.05,15871.85,10:55:00,15869.456732090855,0,21
2021-07-26,15881.6,15883.4,15874.4,15874.8,11:00:00,15870.61323379649,0,22
2021-07-26,15884.6,15886.0,15879.2,15881.05,11:05:00,15871.945306768252,0,23
2021-07-26,15880.65,15886.2,15879.25,15884.35,11:10:00,15872.774325171276,0,24
2021-07-26,15885.85,15886.95,15876.9,15880.95,11:15:00,15874.019627535916,0,25
2021-07-26,15881.95,15886.95,15878.3,15886.05,11:20:00,15874.774901103923,0,26
2021-07-26,15878.05,15883.0,15876.25,15881.65,11:25:00,15875.086815284503,0,27
2021-07-26,15862.5,15880.85,15859.3,15877.65,11:30:00,15873.888070971694,0,28
2021-07-26,15850.35,15866.1,15850.35,15862.4,11:35:00,15871.64634992677,0,29
2021-07-26,15851.45,15857.1,15842.0,15849.8,11:40:00,15869.722888028982,0,30
2021-07-26,15847.35,15851.85,15843.8,15851.85,11:45:00,15867.592136788127,0,31
2021-07-26,15848.65,15851.6,15844.7,15846.55,11:50:00,15865.788123760689,0,32
2021-07-26,15846.3,15850.25,15846.15,15849.05,11:55:00,15863.932111973954,0,33
2021-07-26,15854.0,15855.45,15837.5,15846.95,12:00:00,15862.986196547865,0,34
2021-07-26,15853.25,15857.55,15851.1,15854.65,12:05:00,15862.05893973378,0,35
2021-07-26,15849.8,15855.05,15847.55,15853.3,12:10:00,15860.891421663897,0,36
2021-07-26,15845.5,15851.0,15839.75,15848.2,12:15:00,15859.42557198162,0,37
2021-07-26,15845.6,15849.75,15843.6,15844.8,12:20:00,15858.108850840516,0,38
2021-07-26,15851.9,15852.6,15843.7,15846.45,12:25:00,15857.517531712849,0,39
2021-07-26,15866.6,15867.5,15852.95,15853.05,12:30:00,15858.382528692578,0,40
2021-07-26,15865.7,15867.25,15858.65,15866.75,12:35:00,15859.079430721857,0,41
2021-07-26,15859.2,15867.95,15858.05,15866.75,12:40:00,15859.09091351025,0,42
2021-07-26,15859.7,15861.55,15850.8,15859.3,12:45:00,15859.14892174737,0,43
2021-07-26,15857.4,15862.05,15854.8,15860.1,12:50:00,15858.98235777143,0,44
2021-07-26,15856.8,15860.7,15852.05,15856.6,12:55:00,15858.77451417415,0,45
2021-07-26,15859.1,15869.2,15857.3,15857.9,13:00:00,15858.805512824232,0,46
2021-07-26,15861.35,15863.7,15855.7,15859.05,13:05:00,15859.04784493621,0,47
2021-07-26,15850.95,15861.35,15849.3,15861.15,13:10:00,15858.276621608951,0,48
2021-07-26,15853.75,15856.35,15847.85,15851.5,13:15:00,15857.845514789053,0,49
2021-07-26,15852.2,15856.05,15846.6,15853.0,13:20:00,15857.307846713906,0,50
2021-07-26,15858.3,15859.6,15851.0,15853.6,13:25:00,15857.402337503056,0,51
2021-07-26,15850.55,15861.9,15845.35,15858.9,13:30:00,15856.749733931338,0,52
2021-07-26,15861.55,15862.35,15849.65,15851.1,13:35:00,15857.206902128351,0,53
2021-07-26,15860.75,15871.4,15859.05,15861.95,13:40:00,15857.54434002089,0,54
2021-07-26,15863.0,15867.0,15858.9,15860.95,13:45:00,15858.063926685569,0,55
2021-07-26,15853.7,15865.85,15851.5,15863.1,13:50:00,15857.648314620275,0,56
2021-07-26,15844.75,15854.3,15844.0,15853.9,13:55:00,15856.419903704058,0,57
2021-07-26,15854.9,15854.9,15841.1,15845.55,14:00:00,15856.275150970338,0,58
2021-07-26,15850.35,15857.7,15849.5,15855.0,14:05:00,15855.710850877924,0,59
2021-07-26,15852.1,15854.5,15846.0,15850.5,14:10:00,15855.366960318122,0,60
2021-07-26,15849.9,15856.35,15848.6,15851.85,14:15:00,15854.846297430682,0,61
2021-07-26,15853.55,15854.35,15848.85,15850.3,14:20:00,15854.722840532522,0,62
2021-07-26,15858.7,15867.95,15846.05,15853.1,14:25:00,15855.101617624665,0,63
2021-07-26,15837.65,15858.8,15830.0,15858.3,14:30:00,15853.439558803268,0,64
2021-07-26,15838.0,15842.75,15832.15,15837.7,14:35:00,15851.969124631529,0,65
2021-07-26,15832.65,15846.9,15831.2,15838.4,14:40:00,15850.129207999951,0,66
2021-07-26,15830.85,15837.5,15826.6,15832.75,14:45:00,15848.29309295234,0,67
2021-07-26,15841.3,15843.65,15831.6,15831.6,14:50:00,15847.627084099737,0,68
2021-07-26,15838.3,15840.75,15831.3,15840.45,14:55:00,15846.73879037595,0,69
2021-07-26,15829.05,15840.1,15826.0,15838.7,15:00:00,15845.054143673478,0,70
2021-07-26,15831.75,15832.25,15821.6,15829.3,15:05:00,15843.787082371242,0,71
2021-07-26,15823.25,15834.9,15822.55,15831.45,15:10:00,15841.831169764457,0,72
2021-07-26,15821.85,15826.05,15818.5,15823.15,15:15:00,15839.928201215462,0,73
2021-07-26,15824.7,15833.5,15820.4,15821.15,15:20:00,15838.4778963378,0,74
2021-07-26,15821.15,15825.15,15815.35,15824.35,15:25:00,15836.827620496104,0,75
2021-07-27,15872.25,15881.55,15851.45,15860.95,09:15:00,15840.201180448856,1,1
2021-07-27,15865.8,15877.5,15860.0,15871.85,09:20:00,15842.63916326325,1,2
2021-07-27,15867.95,15867.95,15854.65,15864.6,09:25:00,15845.04971914294,1,3
2021-07-27,15867.7,15876.2,15867.7,15868.4,09:30:00,15847.206888748377,1,4
2021-07-27,15863.1,15870.35,15861.85,15867.6,09:35:00,15848.720518391388,1,5
2021-07-27,15852.25,15864.3,15845.0,15862.6,09:40:00,15849.05665949697,1,6
2021-07-27,15854.7,15859.05,15845.95,15852.15,09:45:00,15849.59412049726,1,7
2021-07-27,15857.85,15858.2,15852.8,15854.85,09:50:00,15850.380394735615,1,8
2021-07-27,15870.2,15871.9,15857.4,15858.1,09:55:00,15852.267976189369,1,9
2021-07-27,15865.75,15873.55,15863.05,15871.4,10:00:00,15853.551978457046,1,10
2021-07-27,15871.55,15872.75,15866.0,15866.0,10:05:00,15855.266075746851,1,11
2021-07-27,15868.75,15871.6,15866.7,15871.4,10:10:00,15856.550259009056,1,12
2021-07-27,15876.15,15876.15,15868.05,15868.05,10:15:00,15858.416901008191,1,13
2021-07-27,15872.3,15878.4,15871.05,15875.95,10:20:00,15859.739100912171,1,14
2021-07-27,15875.65,15878.0,15871.1,15872.1,10:25:00,15861.254424634824,1,15
2021-07-27,15875.5,15878.55,15872.8,15876.0,10:30:00,15862.611146098176,1,16
2021-07-27,15872.9,15877.5,15871.6,15875.9,10:35:00,15863.591036945969,1,17
2021-07-27,15861.7,15872.95,15861.1,15872.95,10:40:00,15863.41093818921,1,18
2021-07-27,15856.45,15862.9,15855.15,15861.15,10:45:00,15862.747991695,1,19
2021-07-27,15852.5,15857.8,15852.15,15855.8,10:50:00,15861.771992485952,1,20
2021-07-27,15854.7,15855.4,15849.95,15852.7,10:55:00,15861.098469392053,1,21
2021-07-27,15845.5,15854.8,15845.5,15854.15,11:00:00,15859.612900878525,1,22
2021-07-27,15846.85,15850.3,15841.5,15845.9,11:05:00,15858.39738650914,1,23
2021-07-27,15850.1,15853.1,15846.6,15846.6,11:10:00,15857.607159222556,1,24
2021-07-27,15849.45,15855.4,15848.95,15849.95,11:15:00,15856.830286915649,1,25
2021-07-27,15843.6,15849.25,15839.75,15849.25,11:20:00,15855.570259590346,1,26
2021-07-27,15834.3,15843.5,15831.75,15843.5,11:25:00,15853.54452058174,1,27
2021-07-27,15838.4,15839.25,15833.65,15834.95,11:30:00,15852.102185288242,1,28
2021-07-27,15830.6,15838.05,15827.4,15838.05,11:35:00,15850.054358117934,1,29
2021-07-27,15835.75,15836.1,15828.45,15830.5,11:40:00,15848.692038297177,1,30
2021-07-27,15845.1,15847.75,15835.35,15835.7,11:45:00,15848.34993941173,1,31
2021-07-27,15850.0,15852.4,15840.85,15844.35,11:50:00,15848.507088039183,1,32
2021-07-27,15840.3,15853.0,15839.65,15850.05,11:55:00,15847.72546060688,1,33
2021-07-27,15838.95,15842.45,15836.2,15841.25,12:00:00,15846.889702453844,1,34
2021-07-27,15831.5,15841.25,15830.95,15837.95,12:05:00,15845.424016505858,1,35
2021-07-27,15834.3,15837.3,15824.25,15831.8,12:10:00,15844.364586362442,1,36
2021-07-27,15828.05,15836.55,15827.7,15835.1,12:15:00,15842.810816232684,1,37
2021-07-27,15809.55,15828.75,15804.4,15828.55,12:20:00,15839.64311944862,1,38
2021-07-27,15810.8,15814.0,15806.85,15810.75,12:25:00,15836.896155691607,1,39
2021-07-27,15793.35,15811.55,15788.25,15811.55,12:30:00,15832.748902768595,1,40
2021-07-27,15777.5,15795.1,15775.2,15792.2,12:35:00,15827.48710250492,1,41
2021-07-27,15772.25,15780.7,15767.0,15777.7,12:40:00,15822.226426075882,1,42
2021-07-27,15782.05,15790.9,15772.5,15772.85,12:45:00,15818.40009978294,1,43
2021-07-27,15769.15,15784.65,15768.15,15781.75,12:50:00,15813.709614089326,1,44
2021-07-27,15750.35,15769.45,15747.4,15769.45,12:55:00,15807.675365128438,1,45
2021-07-27,15748.0,15755.55,15742.55,15750.95,13:00:00,15801.991997020968,1,46
2021-07-27,15717.3,15748.4,15715.35,15748.4,13:05:00,15793.92609254278,1,47
2021-07-27,15715.15,15721.7,15701.0,15718.15,13:10:00,15786.423607538703,1,48
2021-07-27,15729.7,15729.7,15712.25,15715.55,13:15:00,15781.021359201684,1,49
2021-07-27,15738.05,15739.4,15728.1,15730.0,13:20:00,15776.928848801525,1,50
2021-07-27,15754.0,15754.75,15735.1,15739.1,13:25:00,15774.745148915665,1,51
2021-07-27,15751.9,15755.35,15744.15,15754.35,13:30:00,15772.569420447506,1,52
2021-07-27,15742.25,15755.7,15742.25,15752.1,13:35:00,15769.681856595362,1,53
2021-07-27,15772.5,15777.7,15740.1,15742.95,13:40:00,15769.950251205328,1,54
2021-07-27,15757.65,15773.0,15755.3,15773.0,13:45:00,15768.778798709583,1,55
2021-07-27,15747.1,15759.1,15744.8,15758.2,13:50:00,15766.714151213431,1,56
2021-07-27,15729.65,15748.25,15728.1,15748.25,13:55:00,15763.184232050247,1,57
2021-07-27,15731.15,15740.15,15724.75,15730.4,14:00:00,15760.133352807368,1,58
2021-07-27,15732.4,15738.2,15727.9,15731.6,14:05:00,15757.492081111428,1,59
2021-07-27,15724.85,15736.25,15720.4,15733.1,14:10:00,15754.383311481768,1,60
2021-07-27,15724.0,15728.3,15713.65,15725.5,14:15:00,15751.489662769218,1,61
2021-07-27,15715.25,15725.2,15712.7,15725.05,14:20:00,15748.038266315005,1,62
2021-07-27,15713.5,15723.95,15712.95,15715.9,14:25:00,15744.748907618336,1,63
2021-07-27,15715.2,15725.05,15708.75,15712.25,14:30:00,15741.934725940402,1,64
2021-07-27,15714.8,15719.75,15709.35,15715.7,14:35:00,15739.35046632703,1,65
2021-07-27,15731.7,15731.85,15715.35,15715.45,14:40:00,15738.62185048636,1,66
2021-07-27,15733.5,15738.35,15726.5,15732.0,14:45:00,15738.134055201945,1,67
2021-07-27,15731.7,15739.3,15731.0,15734.45,14:50:00,15737.521288039854,1,68
2021-07-27,15727.3,15732.55,15724.25,15731.5,14:55:00,15736.54783203606,1,69
2021-07-27,15750.75,15752.1,15729.55,15729.55,15:00:00,15737.900419461195,1,70
2021-07-27,15750.6,15752.55,15742.15,15751.7,15:05:00,15739.109903322033,1,71
2021-07-27,15745.4,15752.05,15745.4,15749.8,15:10:00,15739.708960148504,1,72
2021-07-27,15740.2,15750.3,15739.5,15745.55,15:15:00,15739.755725848643,1,73
2021-07-27,15748.15,15752.2,15739.85,15740.75,15:20:00,15740.555180529724,1,74
2021-07-27,15744.65,15750.4,15741.2,15748.4,15:25:00,15740.94516333642,1,75
2021-07-28,15670.1,15767.5,15656.1,15767.5,09:15:00,15728.093433025955,2,1
2021-07-28,15670.2,15677.2,15659.75,15670.9,09:20:00,15722.57977273777,2,2
2021-07-28,15684.55,15684.9,15660.45,15668.8,09:25:00,15718.957889619887,2,3
2021-07-28,15681.55,15686.25,15672.55,15686.25,09:30:00,15715.395233465611,2,4
2021-07-28,15666.4,15686.1,15664.75,15681.6,09:35:00,15710.7290207546,2,5
2021-07-28,15644.05,15665.95,15640.55,15665.95,09:40:00,15704.378637825592,2,6
2021-07-28,15632.05,15645.7,15629.5,15644.15,09:45:00,15697.490196127916,2,7
2021-07-28,15643.5,15644.45,15626.25,15632.4,09:50:00,15692.348272687164,2,8
2021-07-28,15651.4,15651.4,15635.65,15644.05,09:55:00,15688.448437193148,2,9
2021-07-28,15648.5,15657.7,15647.6,15651.65,10:00:00,15684.643824127132,2,10
2021-07-28,15653.85,15662.2,15647.25,15648.2,10:05:00,15681.711078972168,2,11
2021-07-28,15648.2,15656.95,15643.15,15653.65,10:10:00,15678.519547641485,2,12
2021-07-28,15641.0,15654.45,15636.8,15649.3,10:15:00,15674.946257389916,2,13
2021-07-28,15612.7,15641.8,15609.8,15640.95,10:20:00,15669.018042400396,2,14
2021-07-28,15610.0,15616.6,15604.35,15613.5,10:25:00,15663.397276457505,2,15
2021-07-28,15595.5,15610.05,15583.25,15610.05,10:30:00,15656.930869175836,2,16
2021-07-28,15585.0,15604.75,15585.0,15596.0,10:35:00,15650.080310206708,2,17
2021-07-28,15551.25,15586.6,15550.05,15585.05,10:40:00,15640.667899710832,2,18
2021-07-28,15552.7,15555.05,15513.45,15549.3,10:45:00,15632.290004500275,2,19
2021-07-28,15558.4,15568.5,15550.5,15552.35,10:50:00,15625.252861214536,2,20
2021-07-28,15548.15,15565.1,15544.15,15557.85,10:55:00,15617.909731575057,2,21
2021-07-28,15548.95,15551.0,15537.75,15548.55,11:00:00,15611.34213809172,2,22
2021-07-28,15559.5,15560.15,15548.4,15549.35,11:05:00,15606.404791606794,2,23
2021-07-28,15588.95,15589.9,15559.3,15559.65,11:10:00,15604.742430501385,2,24
2021-07-28,15596.8,15599.0,15588.25,15588.35,11:15:00,15603.98600854887,2,25
2021-07-28,15600.1,15600.5,15588.5,15597.4,11:20:00,15603.615912496598,2,26
2021-07-28,15610.7,15613.95,15598.95,15599.55,11:25:00,15604.290587496922,2,27
2021-07-28,15596.65,15612.05,15596.15,15610.75,11:30:00,15603.562912497217,2,28
2021-07-28,15587.25,15596.25,15585.55,15596.25,11:35:00,15602.009301783197,2,29
2021-07-28,15597.25,15598.0,15574.75,15587.15,11:40:00,15601.5560349467,2,30
2021-07-28,15597.65,15603.4,15592.7,15597.35,11:45:00,15601.184031618444,2,31
2021-07-28,15591.2,15598.25,15589.65,15597.75,11:50:00,15600.233171464306,2,32
2021-07-28,15597.1,15597.1,15582.85,15591.55,11:55:00,15599.934774181993,2,33
2021-07-28,15624.5,15625.7,15596.65,15597.65,12:00:00,15602.274319497992,2,34
2021-07-28,15619.2,15626.35,15615.25,15625.9,12:05:00,15603.886289069613,2,35
2021-07-28,15631.6,15632.25,15619.5,15620.0,12:10:00,15606.5256901106,2,36
2021-07-28,15629.15,15636.45,15623.7,15633.2,12:15:00,15608.680386290544,2,37
2021-07-28,15637.25,15638.35,15624.65,15629.5,12:20:00,15611.40130188192,2,38
2021-07-28,15636.6,15640.25,15632.35,15636.8,12:25:00,15613.801177893169,2,39
2021-07-28,15638.35,15638.4,15629.05,15637.0,12:30:00,15616.13916095096,2,40
2021-07-28,15646.4,15647.05,15635.9,15638.8,12:35:00,15619.0211456223,2,41
2021-07-28,15631.55,15650.25,15631.05,15647.3,12:40:00,15620.214369848749,2,42
2021-07-28,15641.45,15644.25,15630.35,15632.25,12:45:00,15622.236810815531,2,43
2021-07-28,15657.9,15660.05,15642.15,15642.4,12:50:00,15625.63330502358,2,44
2021-07-28,15643.1,15658.4,15643.1,15658.4,12:55:00,15627.296799783238,2,45
2021-07-28,15657.95,15658.65,15641.9,15644.3,13:00:00,15630.216152184836,2,46
2021-07-28,15658.05,15661.05,15651.95,15658.2,13:05:00,15632.8669948339,2,47
2021-07-28,15666.05,15666.7,15656.5,15658.8,13:10:00,15636.027281040197,2,48
2021-07-28,15674.15,15676.4,15661.75,15666.15,13:15:00,15639.658016179224,2,49
2021-07-28,15690.0,15691.0,15673.7,15675.65,13:20:00,15644.452490828822,2,50
2021-07-28,15688.85,15691.5,15683.1,15690.25,13:25:00,15648.6808250356,2,51
2021-07-28,15691.3,15691.55,15676.45,15689.6,13:30:00,15652.73979407983,2,52
2021-07-28,15687.55,15700.45,15686.75,15691.85,13:35:00,15656.055051786512,2,53
2021-07-28,15695.15,15696.25,15686.25,15688.35,13:40:00,15659.778380187796,2,54
2021-07-28,15706.9,15710.75,15695.0,15695.25,13:45:00,15664.266153503244,2,55
2021-07-28,15704.2,15711.85,15702.9,15707.65,13:50:00,15668.069376979123,2,56
2021-07-28,15698.35,15704.65,15689.05,15704.55,13:55:00,15670.953245838256,2,57
2021-07-28,15690.3,15702.35,15690.3,15699.85,14:00:00,15672.79579385366,2,58
2021-07-28,15679.95,15691.0,15679.25,15691.0,14:05:00,15673.47714681998,2,59
2021-07-28,15688.3,15691.95,15679.3,15680.65,14:10:00,15674.888847122838,2,60
2021-07-28,15687.55,15693.05,15686.8,15689.3,14:15:00,15676.094671206376,2,61
2021-07-28,15646.35,15688.2,15646.05,15688.2,14:20:00,15673.261845377196,2,62
2021-07-28,15652.6,15661.0,15645.65,15647.5,14:25:00,15671.29405057937,2,63
2021-07-28,15660.6,15664.6,15651.05,15652.85,14:30:00,15670.275569571812,2,64
2021-07-28,15654.85,15669.4,15654.85,15660.65,14:35:00,15668.80646770783,2,65
2021-07-28,15653.4,15657.65,15648.7,15656.05,14:40:00,15667.339185068988,2,66
2021-07-28,15666.25,15667.15,15653.5,15655.0,14:45:00,15667.235453157657,2,67
2021-07-28,15679.0,15682.5,15666.95,15667.6,14:50:00,15668.35588619026,2,68
2021-07-28,15684.6,15684.6,15674.7,15679.3,14:55:00,15669.902944648333,2,69
2021-07-28,15702.75,15702.75,15686.6,15686.6,15:00:00,15673.031235634204,2,70
2021-07-28,15717.0,15719.4,15702.4,15702.4,15:05:00,15677.218737002377,2,71
2021-07-28,15713.1,15719.55,15709.5,15717.2,15:10:00,15680.636000145008,2,72
2021-07-28,15714.8,15716.3,15709.05,15713.15,15:15:00,15683.889714416911,2,73
2021-07-28,15709.35,15721.9,15709.35,15714.95,15:20:00,15686.314503520063,2,74
2021-07-28,15714.65,15716.35,15708.0,15709.4,15:25:00,15689.013122232438,2,75
2021-07-29,15772.6,15783.8,15751.85,15770.9,09:15:00,15696.97377725792,3,1
2021-07-29,15767.3,15785.9,15747.1,15772.85,09:20:00,15703.671512757164,3,2
2021-07-29,15747.3,15772.4,15746.25,15766.5,09:25:00,15707.826606780292,3,3
2021-07-29,15741.9,15756.35,15737.8,15748.85,09:30:00,15711.071691848836,3,4
2021-07-29,15749.25,15754.0,15740.7,15741.8,09:35:00,15714.707721196566,3,5
2021-07-29,15748.0,15759.65,15747.1,15748.8,09:40:00,15717.87841441594,3,6
2021-07-29,15763.1,15765.65,15747.15,15748.05,09:45:00,15722.185232090613,3,7
2021-07-29,15762.4,15768.85,15756.15,15763.05,09:50:00,15726.015209986745,3,8
2021-07-29,15757.2,15764.85,15755.55,15762.65,09:55:00,15728.985189988009,3,9
2021-07-29,15772.4,15775.4,15756.85,15757.6,10:00:00,15733.119933798676,3,10
2021-07-29,15776.9,15779.6,15771.45,15772.65,10:05:00,15737.289463913086,3,11
2021-07-29,15772.65,15778.35,15770.95,15776.8,10:10:00,15740.6571340166,3,12
2021-07-29,15767.05,15782.15,15766.9,15773.4,10:15:00,15743.170740300737,3,13
2021-07-29,15763.35,15775.6,15761.55,15767.1,10:20:00,15745.092574557808,3,14
2021-07-29,15757.55,15765.35,15747.15,15763.95,10:25:00,15746.278996028494,3,15
2021-07-29,15769.85,15771.9,15758.0,15758.0,10:30:00,15748.52385354959,3,16
2021-07-29,15778.7,15781.25,15767.75,15769.9,10:35:00,15751.397772259152,3,17
2021-07-29,15790.05,15790.05,15778.05,15778.9,10:40:00,15755.0789368059,3,18
2021-07-29,15792.25,15793.85,15784.65,15790.3,10:45:00,15758.61903806248,3,19
2021-07-29,15794.75,15797.7,15787.55,15792.3,10:50:00,15762.060082056529,3,20
2021-07-29,15795.2,15798.75,15791.25,15794.55,10:55:00,15765.21626471781,3,21
2021-07-29,15792.75,15797.8,15787.0,15795.35,11:00:00,15767.838525220875,3,22
2021-07-29,15791.85,15796.75,15790.25,15792.55,11:05:00,15770.125332342695,3,23
2021-07-29,15793.85,15796.85,15790.85,15792.5,11:10:00,15772.384824500536,3,24
2021-07-29,15797.2,15797.6,15792.0,15793.4,11:15:00,15774.748174548104,3,25
2021-07-29,15799.05,15801.8,15796.15,15797.15,11:20:00,15777.062634114953,3,26
2021-07-29,15792.95,15799.0,15790.05,15799.0,11:25:00,15778.575716580195,3,27
2021-07-29,15785.3,15794.95,15783.9,15793.45,11:30:00,15779.21612452494,3,28
2021-07-29,15788.15,15788.75,15779.2,15784.9,11:35:00,15780.066969808278,3,29
2021-07-29,15793.25,15796.5,15788.05,15788.35,11:40:00,15781.322496493203,3,30
2021-07-29,15793.25,15795.3,15790.3,15793.35,11:45:00,15782.458449208138,3,31
2021-07-29,15785.25,15793.0,15782.7,15792.9,11:50:00,15782.724311188314,3,32
2021-07-29,15783.0,15787.1,15780.5,15785.2,11:55:00,15782.750567265615,3,33
2021-07-29,15788.0,15794.4,15782.7,15783.35,12:00:00,15783.25051324032,3,34
2021-07-29,15787.65,15794.0,15784.75,15788.35,12:05:00,15783.669511979338,3,35
2021-07-29,15785.5,15788.85,15780.9,15787.95,12:10:00,15783.843844171784,3,36
2021-07-29,15785.1,15787.05,15780.35,15785.4,12:15:00,15783.963478060185,3,37
2021-07-29,15770.05,15787.25,15769.4,15785.3,12:20:00,15782.638384911595,3,38
2021-07-29,15767.15,15773.85,15764.9,15770.2,12:25:00,15781.1633006343,3,39
2021-07-29,15792.75,15796.65,15766.5,15766.65,12:30:00,15782.266795811986,3,40
2021-07-29,15792.1,15793.15,15786.2,15792.9,12:35:00,15783.20329144894,3,41
2021-07-29,15792.65,15793.75,15785.85,15791.0,12:40:00,15784.10297797761,3,42
2021-07-29,15791.05,15798.8,15787.55,15792.2,12:45:00,15784.7645991226,3,43
2021-07-29,15791.3,15794.4,15788.9,15791.55,12:50:00,15785.38701825378,3,44
2021-07-29,15803.1,15804.0,15789.95,15791.6,12:55:00,15787.073968896277,3,45
2021-07-29,15805.05,15806.05,15793.5,15804.15,13:00:00,15788.785971858537,3,46
2021-07-29,15800.45,15805.6,15798.25,15805.6,13:05:00,15789.896831681534,3,47
2021-07-29,15798.5,15804.25,15794.6,15800.55,13:10:00,15790.716181045198,3,48
2021-07-29,15798.9,15799.3,15791.65,15799.05,13:15:00,15791.495592374227,3,49
2021-07-29,15804.25,15806.6,15793.15,15799.25,13:20:00,15792.710297862395,3,50
2021-07-29,15804.3,15806.65,15798.65,15805.0,13:25:00,15793.814079018355,3,51
2021-07-29,15809.25,15809.6,15800.6,15804.5,13:30:00,15795.284166730897,3,52
2021-07-29,15806.85,15812.75,15803.15,15808.3,13:35:00,15796.385674661286,3,53
2021-07-29,15806.25,15813.0,15804.05,15807.15,13:40:00,15797.325134217352,3,54
2021-07-29,15799.0,15813.45,15798.3,15806.55,13:45:00,15797.484645244273,3,55
2021-07-29,15804.9,15807.3,15794.3,15799.25,13:50:00,15798.190869506723,3,56
2021-07-29,15814.9,15817.35,15802.7,15804.95,13:55:00,15799.782215267987,3,57
2021-07-29,15809.4,15815.65,15806.2,15815.65,14:00:00,15800.698194766272,3,58
2021-07-29,15799.8,15810.15,15798.25,15810.05,14:05:00,15800.61265240758,3,59
2021-07-29,15796.5,15802.1,15793.0,15800.75,14:10:00,15800.220971225906,3,60
2021-07-29,15786.55,15800.15,15786.55,15796.95,14:15:00,15798.918973966296,3,61
2021-07-29,15787.3,15793.3,15782.55,15786.25,14:20:00,15797.812405017125,3,62
2021-07-29,15795.15,15796.75,15782.95,15788.4,14:25:00,15797.55884263454,3,63
2021-07-29,15802.75,15803.6,15791.25,15795.25,14:30:00,15798.053238574108,3,64
2021-07-29,15788.6,15803.8,15780.6,15803.2,14:35:00,15797.152930138478,3,65
2021-07-29,15791.7,15796.5,15786.85,15788.7,14:40:00,15796.633603458624,3,66
2021-07-29,15791.85,15794.6,15787.8,15792.25,14:45:00,15796.178022176851,3,67
2021-07-29,15789.4,15793.95,15783.1,15790.9,14:50:00,15795.532496255246,3,68
2021-07-29,15790.6,15793.85,15786.9,15789.1,14:55:00,15795.062734707128,3,69
2021-07-29,15784.2,15802.75,15782.3,15791.0,15:00:00,15794.028188544544,3,70
2021-07-29,15773.15,15785.55,15770.7,15785.3,15:05:00,15792.03978963554,3,71
2021-07-29,15777.15,15777.6,15767.1,15774.1,15:10:00,15790.621714432156,3,72
2021-07-29,15772.3,15777.45,15770.4,15776.7,15:15:00,15788.87678924814,3,73
2021-07-29,15781.65,15783.35,15770.65,15772.65,15:20:00,15788.18852360546,3,74
2021-07-29,15783.3,15784.85,15774.1,15782.3,15:25:00,15787.72294992875,3,75
2021-08-02,15862.0,15876.9,15834.65,15876.9,09:15:00,15794.79695469744,0,1
2021-08-02,15862.15,15869.8,15851.15,15861.2,09:20:00,15801.21153044054,0,2
2021-08-02,15863.85,15870.8,15855.8,15862.3,09:25:00,15807.177098970013,0,3
2021-08-02,15868.1,15871.8,15862.3,15865.0,09:30:00,15812.979280020489,0,4
2021-08-02,15864.4,15868.1,15860.15,15867.75,09:35:00,15817.876491447108,0,5
2021-08-02,15852.65,15864.95,15848.4,15863.5,09:40:00,15821.188254166427,0,6
2021-08-02,15856.9,15862.7,15850.25,15852.35,09:45:00,15824.589372817243,0,7
2021-08-02,15863.85,15864.9,15857.0,15857.1,09:50:00,15828.328480167984,0,8
2021-08-02,15860.7,15865.0,15858.4,15864.25,09:55:00,15831.411482056748,0,9
2021-08-02,15848.8,15861.5,15848.75,15861.5,10:00:00,15833.067531384677,0,10
2021-08-02,15860.1,15860.6,15848.0,15848.55,10:05:00,15835.642052205185,0,11
2021-08-02,15851.75,15860.2,15845.9,15859.7,10:10:00,15837.176142471357,0,12
2021-08-02,15850.95,15853.8,15849.6,15851.85,10:15:00,15838.487938426464,0,13
2021-08-02,15858.85,15859.05,15847.15,15850.8,10:20:00,15840.427182385847,0,14
2021-08-02,15854.75,15860.8,15854.1,15859.4,10:25:00,15841.791260253864,0,15
2021-08-02,15852.15,15859.55,15850.5,15856.1,10:30:00,15842.777806896353,0,16
2021-08-02,15855.3,15856.95,15849.9,15852.55,10:35:00,15843.970396715747,0,17
2021-08-02,15862.4,15863.15,15855.25,15856.0,10:40:00,15845.725597028537,0,18
2021-08-02,15867.15,15869.05,15859.8,15862.0,10:45:00,15847.76601635915,0,19
2021-08-02,15865.45,15868.0,15864.0,15867.45,10:50:00,15849.450205277326,0,20
2021-08-02,15862.95,15865.85,15860.55,15865.7,10:55:00,15850.735900012818,0,21
2021-08-02,15860.25,15865.7,15858.55,15863.3,11:00:00,15851.642004773505,0,22
2021-08-02,15869.6,15871.45,15859.4,15859.7,11:05:00,15853.352290033168,0,23
2021-08-02,15866.05,15870.5,15864.4,15869.2,11:10:00,15854.561595744295,0,24
2021-08-02,15866.25,15866.9,15862.0,15866.85,11:15:00,15855.67477710198,0,25
2021-08-02,15871.15,15871.5,15864.65,15866.2,11:20:00,15857.148607854171,0,26
2021-08-02,15877.75,15878.7,15867.05,15872.95,11:25:00,15859.110645201392,0,27
2021-08-02,15874.25,15881.45,15872.15,15877.3,11:30:00,15860.552488515546,0,28
2021-08-02,15873.5,15880.9,15872.6,15874.3,11:35:00,15861.7855848474,0,29
2021-08-02,15870.05,15876.85,15870.05,15873.65,11:40:00,15862.57267200479,0,30
2021-08-02,15872.45,15873.85,15865.1,15870.5,11:45:00,15863.513369909097,0,31
2021-08-02,15871.5,15876.25,15870.05,15873.1,11:50:00,15864.274001346324,0,32
2021-08-02,15869.85,15874.85,15868.7,15872.0,11:55:00,15864.805048837148,0,33
2021-08-02,15878.2,15878.35,15870.0,15870.9,12:00:00,15866.080758471706,0,34
2021-08-02,15872.75,15878.95,15872.75,15878.5,12:05:00,15866.715924331544,0,35
2021-08-02,15875.2,15876.05,15870.4,15873.65,12:10:00,15867.523931538062,0,36
2021-08-02,15873.6,15880.55,15872.8,15875.6,12:15:00,15868.102604724912,0,37
2021-08-02,15876.25,15878.3,15872.65,15874.45,12:20:00,15868.878547132064,0,38
2021-08-02,15876.35,15878.0,15871.8,15876.75,12:25:00,15869.590114071863,0,39
2021-08-02,15876.3,15879.3,15873.75,15877.0,12:30:00,15870.229150826925,0,40
2021-08-02,15877.25,15878.9,15873.25,15877.05,12:35:00,15870.897803129124,0,41
2021-08-02,15876.5,15883.75,15876.45,15877.45,12:40:00,15871.431345688254,0,42
2021-08-02,15876.5,15879.15,15874.75,15877.45,12:45:00,15871.914074670323,0,43
2021-08-02,15874.65,15877.8,15872.7,15876.95,12:50:00,15872.174638987435,0,44
2021-08-02,15874.0,15878.65,15872.6,15874.7,12:55:00,15872.348482893392,0,45
2021-08-02,15874.85,15879.1,15874.05,15874.25,13:00:00,15872.58672261783,0,46
2021-08-02,15880.15,15882.35,15874.4,15875.1,13:05:00,15873.307034749463,0,47
2021-08-02,15876.2,15881.2,15875.1,15881.2,13:10:00,15873.582555249515,0,48
2021-08-02,15878.6,15882.2,15875.75,15876.55,13:15:00,15874.060407130512,0,49
2021-08-02,15876.85,15879.1,15875.7,15878.9,13:20:00,15874.326082641894,0,50
2021-08-02,15868.95,15877.95,15860.1,15876.9,13:25:00,15873.81407477124,0,51
2021-08-02,15875.3,15877.7,15867.0,15870.45,13:30:00,15873.955591459691,0,52
2021-08-02,15875.65,15881.05,15875.05,15876.25,13:35:00,15874.116963701626,0,53
2021-08-02,15876.5,15882.95,15875.7,15876.35,13:40:00,15874.343919539566,0,54
2021-08-02,15880.7,15889.9,15876.25,15877.05,13:45:00,15874.9492605358,0,55
2021-08-02,15884.45,15885.3,15878.7,15881.4,13:50:00,15875.854092865722,0,56
2021-08-02,15877.8,15887.7,15877.8,15885.15,13:55:00,15876.0394173547,0,57
2021-08-02,15877.85,15881.05,15874.75,15879.3,14:00:00,15876.21185379711,0,58
2021-08-02,15885.45,15886.2,15877.6,15878.75,14:05:00,15877.091677245004,0,59
2021-08-02,15883.55,15886.85,15882.1,15886.5,14:10:00,15877.706755602623,0,60
2021-08-02,15877.75,15885.15,15877.35,15884.1,14:15:00,15877.71087411666,0,61
2021-08-02,15869.3,15881.8,15868.7,15878.75,14:20:00,15876.9098384865,0,62
2021-08-02,15872.45,15878.15,15860.95,15870.0,14:25:00,15876.485091963978,0,63
2021-08-02,15854.35,15874.25,15847.7,15874.05,14:30:00,15874.376987967407,0,64
2021-08-02,15848.25,15855.2,15847.75,15854.2,14:35:00,15871.888703399083,0,65
2021-08-02,15847.0,15852.65,15846.75,15849.0,14:40:00,15869.518350694409,0,66
2021-08-02,15843.6,15847.15,15840.55,15847.15,14:45:00,15867.04993634256,0,67
2021-08-02,15856.5,15857.95,15843.1,15843.1,14:50:00,15866.04518050041,0,68
2021-08-02,15865.85,15866.45,15853.65,15856.05,14:55:00,15866.026591881324,0,69
2021-08-02,15885.0,15887.8,15865.9,15865.9,15:00:00,15867.83358313072,0,70
2021-08-02,15884.4,15886.15,15878.85,15885.95,15:05:00,15869.41133711827,0,71
2021-08-02,15889.3,15892.5,15881.35,15884.95,15:10:00,15871.30549548796,0,72
2021-08-02,15887.1,15889.1,15885.5,15888.6,15:15:00,15872.809734012915,0,73
2021-08-02,15889.6,15891.2,15881.95,15886.7,15:20:00,15874.408806964066,0,74
2021-08-02,15887.75,15892.9,15883.05,15891.25,15:25:00,15875.679396777012,0,75
2021-08-03,15936.4,15951.6,15914.35,15951.6,09:15:00,15881.462311369678,1,1
2021-08-03,15941.5,15946.45,15937.05,15937.85,09:20:00,15887.180186477328,1,2
2021-08-03,15932.05,15943.6,15932.05,15940.75,09:25:00,15891.453502050916,1,3
2021-08-03,15931.2,15935.8,15922.55,15932.6,09:30:00,15895.238882807971,1,4
2021-08-03,15938.15,15939.55,15927.75,15931.6,09:35:00,15899.325655873878,1,5
2021-08-03,15936.0,15939.8,15933.25,15937.4,09:40:00,15902.818450552557,1,6
2021-08-03,15947.35,15949.6,15937.2,15937.35,09:45:00,15907.059550499933,1,7
2021-08-03,15941.85,15947.65,15940.9,15947.65,09:50:00,15910.372926642794,1,8
2021-08-03,15958.5,15962.1,15940.6,15941.65,09:55:00,15914.95645743872,1,9
2021-08-03,15959.25,15965.3,15953.95,15958.95,10:00:00,15919.1748900636,1,10
2021-08-03,15962.25,15963.9,15958.75,15960.45,10:05:00,15923.277281486116,1,11
2021-08-03,15969.35,15970.0,15959.6,15962.2,10:10:00,15927.66515943982,1,12
2021-08-03,15959.55,15970.65,15953.75,15968.95,10:15:00,15930.701810921742,1,13
2021-08-03,15969.55,15971.15,15958.65,15959.2,10:20:00,15934.401638453004,1,14
2021-08-03,15966.0,15969.85,15963.45,15969.65,10:25:00,15937.411006219383,1,15
2021-08-03,15967.4,15972.65,15964.8,15965.9,10:30:00,15940.267100865158,1,16
2021-08-03,15973.55,15974.0,15961.75,15967.65,10:35:00,15943.43690078276,1,17
2021-08-03,15976.25,15977.3,15970.55,15973.65,10:40:00,15946.561957851069,1,18
2021-08-03,15981.15,15982.2,15972.8,15976.05,10:45:00,15949.856057103349,1,19
2021-08-03,15977.7,15982.75,15973.95,15980.15,10:50:00,15952.507861188744,1,20
2021-08-03,15978.95,15982.4,15976.7,15977.25,10:55:00,15955.026160123149,1,21
2021-08-03,15972.7,15979.9,15972.5,15979.35,11:00:00,15956.709382968564,1,22
2021-08-03,15974.8,15980.4,15973.05,15973.15,11:05:00,15958.43229887632,1,23
2021-08-03,15972.1,15978.05,15970.8,15973.75,11:10:00,15959.733984697625,1,24
2021-08-03,15975.9,15978.45,15971.85,15971.85,11:15:00,15961.27360520261,1,25
2021-08-03,15977.95,15977.95,15973.65,15976.55,11:20:00,15962.861833278554,1,26
2021-08-03,15987.9,15987.9,15976.4,15977.45,11:25:00,15965.246420585358,1,27
2021-08-03,15988.05,15992.15,15985.2,15987.9,11:30:00,15967.41819005342,1,28
2021-08-03,15993.15,15994.2,15987.25,15987.95,11:35:00,15969.86883861976,1,29
2021-08-03,15995.0,16000.65,15991.5,15993.25,11:40:00,15972.262282560736,1,30
2021-08-03,15989.35,15995.75,15988.75,15994.55,11:45:00,15973.889684221618,1,31
2021-08-03,15996.2,15996.95,15987.55,15989.5,11:50:00,15976.014476200511,1,32
2021-08-03,15989.8,16000.1,15989.05,15996.5,11:55:00,15977.327383229036,1,33
2021-08-03,15994.2,16000.7,15990.2,15990.55,12:00:00,15978.934299111985,1,34
2021-08-03,15999.4,15999.4,15992.85,15994.45,12:05:00,15980.883413482272,1,35
2021-08-03,16006.3,16006.45,15998.9,15998.9,12:10:00,15983.304040769674,1,36
2021-08-03,16012.85,16014.7,16003.5,16005.65,12:15:00,15986.117941648752,1,37
2021-08-03,16017.4,16025.0,16012.75,16013.05,12:20:00,15989.097185301252,1,38
2021-08-03,16015.55,16021.05,16013.35,16017.65,12:25:00,15991.616500986847,1,39
2021-08-03,16018.3,16021.4,16015.95,16016.2,12:30:00,15994.157786607148,1,40
2021-08-03,16015.45,16021.15,16010.3,16018.9,12:35:00,15996.185616454086,1,41
2021-08-03,16017.95,16020.75,16014.25,16015.75,12:40:00,15998.25841488703,1,42
2021-08-03,16025.35,16026.6,16017.3,16017.3,12:45:00,16000.83856585017,1,43
2021-08-03,16019.55,16026.85,16019.55,16025.75,12:50:00,16002.620607197772,1,44
2021-08-03,16026.3,16028.85,16019.45,16020.05,12:55:00,16004.87578746465,1,45
2021-08-03,16036.0,16038.2,16025.15,16026.35,13:00:00,16007.839998182304,1,46
2021-08-03,16034.5,16038.95,16031.2,16037.3,13:05:00,16010.379045974469,1,47
2021-08-03,16036.55,16037.3,16032.4,16035.15,13:10:00,16012.87151778642,1,48
2021-08-03,16035.05,16041.5,16032.85,16036.25,13:15:00,16014.983754187717,1,49
2021-08-03,16038.85,16041.05,16029.4,16035.45,13:20:00,16017.25672997936,1,50
2021-08-03,16035.6,16043.45,16035.6,16039.5,13:25:00,16019.003708076563,1,51
2021-08-03,16034.65,16039.45,16030.3,16035.75,13:30:00,16020.493831116892,1,52
2021-08-03,16042.5,16044.8,16034.25,16035.75,13:35:00,16022.589656724807,1,53
2021-08-03,16041.95,16043.2,16038.8,16042.45,13:40:00,16024.433498941493,1,54
2021-08-03,16029.55,16043.3,16028.65,16042.35,13:45:00,16024.920784756589,1,55
2021-08-03,16033.95,16035.35,16025.2,16030.1,13:50:00,16025.780710017863,1,56
2021-08-03,16040.3,16042.65,16033.85,16034.35,13:55:00,16027.16349953997,1,57
2021-08-03,16040.6,16048.15,16038.45,16040.6,14:00:00,16028.443166250448,1,58
2021-08-03,16041.65,16044.85,16038.35,16041.55,14:05:00,16029.70095994088,1,59
2021-08-03,16030.8,16043.1,16029.7,16041.95,14:10:00,16029.805630422705,1,60
2021-08-03,16042.4,16042.6,16028.65,16030.6,14:15:00,16031.005094191967,1,61
2021-08-03,16044.15,16047.55,16040.1,16042.25,14:20:00,16032.25698998321,1,62
2021-08-03,16051.8,16051.8,16042.15,16044.55,14:25:00,16034.118229032429,1,63
2021-08-03,16070.6,16075.7,16051.9,16052.6,14:30:00,16037.592683410292,1,64
2021-08-03,16079.15,16080.0,16066.05,16071.75,14:35:00,16041.550523085503,1,65
2021-08-03,16096.2,16104.75,16075.15,16079.55,14:40:00,16046.7552351726,1,66
2021-08-03,16092.05,16106.65,16087.9,16096.05,14:45:00,16051.06902229902,1,67
2021-08-03,16095.8,16095.8,16085.75,16092.65,14:50:00,16055.3291154134,1,68
2021-08-03,16097.8,16104.15,16092.15,16093.3,14:55:00,16059.373961564504,1,69
2021-08-03,16118.75,16120.85,16097.45,16098.45,15:00:00,16065.028822367884,1,70
2021-08-03,16129.3,16130.85,16118.5,16119.4,15:05:00,16071.149886904275,1,71
2021-08-03,16125.7,16129.3,16120.6,16128.75,15:10:00,16076.345135770534,1,72
2021-08-03,16144.7,16146.05,16124.9,16125.5,15:15:00,16082.855122840008,1,73
2021-08-03,16135.45,16146.9,16132.75,16143.6,15:20:00,16087.864158760009,1,74
2021-08-03,16125.75,16141.0,16122.45,16134.8,15:25:00,16091.472334116195,1,75
2021-08-04,16228.85,16236.65,16176.15,16196.35,09:15:00,16104.555921343226,2,1
2021-08-04,16248.75,16253.1,16226.75,16229.85,09:20:00,16118.28869073911,2,2
2021-08-04,16243.3,16252.4,16242.25,16252.4,09:25:00,16130.194529716337,2,3
2021-08-04,16242.8,16253.95,16241.25,16243.2,09:30:00,16140.918860219545,2,4
2021-08-04,16246.2,16254.7,16232.75,16242.65,09:35:00,16150.945635436728,2,5
2021-08-04,16245.35,16246.85,16237.7,16246.85,09:40:00,16159.936527299897,2,6
2021-08-04,16238.2,16248.2,16235.55,16246.35,09:45:00,16167.390191366574,2,7
2021-08-04,16256.45,16257.3,16235.9,16235.9,09:50:00,16175.872077903092,2,8
2021-08-04,16258.7,16259.7,16250.95,16256.4,09:55:00,16183.760451436132,2,9
2021-08-04,16261.7,16263.8,16257.85,16258.75,10:00:00,16191.183265585072,2,10
2021-08-04,16252.65,16262.35,16248.6,16261.9,10:05:00,16197.037240291256,2,11
2021-08-04,16251.75,16256.7,16244.35,16252.3,10:10:00,16202.247979311136,2,12
2021-08-04,16264.25,16265.7,16250.5,16251.8,10:15:00,16208.152933662455,2,13
2021-08-04,16267.65,16273.65,16263.4,16263.4,10:20:00,16213.819320932698,2,14
2021-08-04,16277.3,16278.95,16267.65,16267.7,10:25:00,16219.865099891487,2,15
2021-08-04,16282.1,16285.0,16275.35,16277.35,10:30:00,16225.792233235155,2,16
2021-08-04,16276.8,16282.2,16270.05,16282.0,10:35:00,16230.650115784189,2,17
2021-08-04,16283.6,16286.65,16276.3,16277.55,10:40:00,16235.692961899978,2,18
2021-08-04,16285.6,16287.7,16279.85,16283.75,10:45:00,16240.4460131476,2,19
2021-08-04,16278.6,16290.2,16277.25,16285.45,10:50:00,16244.079726181162,2,20
2021-08-04,16284.35,16284.35,16265.1,16278.55,10:55:00,16247.914990354384,2,21
2021-08-04,16277.15,16285.9,16276.1,16283.9,11:00:00,16250.6992769873,2,22
2021-08-04,16274.1,16281.15,16273.65,16277.2,11:05:00,16252.927917274224,2,23
2021-08-04,16271.5,16275.9,16270.3,16274.45,11:10:00,16254.69668705763,2,24
2021-08-04,16254.75,16271.6,16245.8,16271.4,11:15:00,16254.701764480713,2,25
2021-08-04,16241.4,16259.35,16240.4,16254.85,11:20:00,16253.434929768264,2,26
2021-08-04,16253.7,16256.15,16239.15,16241.6,11:25:00,16253.46017455224,2,27
2021-08-04,16256.35,16266.4,16251.6,16254.6,11:30:00,16253.735396023456,2,28
2021-08-04,16241.9,16256.95,16237.2,16256.95,11:35:00,16252.608215449794,2,29
2021-08-04,16233.05,16241.85,16232.65,16241.7,11:40:00,16250.7455282641,2,30
2021-08-04,16216.0,16233.35,16204.5,16233.35,11:45:00,16247.436430334186,2,31
2021-08-04,16226.9,16231.45,16213.3,16216.45,11:50:00,16245.480579826168,2,32
2021-08-04,16213.05,16226.95,16210.45,16226.95,11:55:00,16242.391953176057,2,33
2021-08-04,16237.6,16241.5,16212.1,16213.95,12:00:00,16241.9355766831,2,34
2021-08-04,16244.2,16247.7,16237.6,16237.8,12:05:00,16242.151236046617,2,35
2021-08-04,16257.4,16259.15,16240.05,16244.05,12:10:00,16243.60349928027,2,36
2021-08-04,16263.85,16265.4,16255.35,16257.55,12:15:00,16245.531737444053,2,37
2021-08-04,16242.85,16266.8,16242.2,16263.75,12:20:00,16245.276333877951,2,38
2021-08-04,16238.7,16243.15,16232.75,16242.75,12:25:00,16244.650016365766,2,39
2021-08-04,16245.8,16245.8,16230.25,16238.8,12:30:00,16244.759538616643,2,40
2021-08-04,16251.05,16252.6,16244.75,16245.0,12:35:00,16245.358630176965,2,41
2021-08-04,16250.5,16257.65,16246.65,16250.95,12:40:00,16245.848284445825,2,42
2021-08-04,16245.3,16252.2,16240.85,16249.85,12:45:00,16245.796066879557,2,43
2021-08-04,16247.9,16253.0,16246.0,16246.0,12:50:00,16245.996441462454,2,44
2021-08-04,16228.2,16248.1,16224.5,16248.1,12:55:00,16244.301542275552,2,45
2021-08-04,16223.5,16240.15,16223.05,16228.15,13:00:00,16242.320443011216,2,46
2021-08-04,16222.7,16234.85,16219.45,16224.5,13:05:00,16240.4518293911,2,47
2021-08-04,16236.25,16237.55,16223.65,16224.3,13:10:00,16240.051655163374,2,48
2021-08-04,16246.25,16249.65,16236.55,16237.4,13:15:00,16240.641973719245,2,49
2021-08-04,16246.1,16248.6,16237.85,16246.8,13:20:00,16241.161785745982,2,50
2021-08-04,16247.4,16253.35,16242.1,16247.15,13:25:00,16241.755901389222,2,51
2021-08-04,16255.25,16260.9,16246.45,16247.2,13:30:00,16243.041053637868,2,52
2021-08-04,16249.5,16258.2,16246.5,16255.7,13:35:00,16243.656191386644,2,53
2021-08-04,16266.7,16266.7,16243.8,16250.9,13:40:00,16245.850839826013,2,54
2021-08-04,16263.55,16270.55,16259.6,16266.0,13:45:00,16247.536474128296,2,55
2021-08-04,16269.45,16270.9,16261.45,16263.15,13:50:00,16249.623476592267,2,56
2021-08-04,16270.6,16271.0,16260.7,16269.05,13:55:00,16251.621240726336,2,57
2021-08-04,16268.3,16270.75,16261.7,16270.0,14:00:00,16253.209693990497,2,58
2021-08-04,16263.3,16269.2,16260.9,16267.55,14:05:00,16254.170675515212,2,59
2021-08-04,16266.6,16266.75,16254.8,16264.75,14:10:00,16255.35442070424,2,60
2021-08-04,16280.75,16281.2,16265.6,16266.15,14:15:00,16257.773047303835,2,61
2021-08-04,16282.85,16282.95,16275.55,16280.1,14:20:00,16260.161328512992,2,62
2021-08-04,16278.9,16285.05,16274.35,16284.25,14:25:00,16261.94596389271,2,63
2021-08-04,16269.3,16280.2,16268.85,16278.25,14:30:00,16262.64634828388,2,64
2021-08-04,16260.05,16271.3,16254.55,16269.85,14:35:00,16262.399077018748,2,65
2021-08-04,16254.55,16259.7,16250.45,16259.6,14:40:00,16261.651545874103,2,66
2021-08-04,16258.0,16265.35,16248.45,16254.9,14:45:00,16261.30377960038,2,67
2021-08-04,16252.65,16259.45,16248.15,16259.45,14:50:00,16260.479610114631,2,68
2021-08-04,16254.3,16256.55,16247.25,16252.4,14:55:00,16259.891075818,2,69
2021-08-04,16266.85,16267.55,16254.35,16255.65,15:00:00,16260.553830502,2,70
2021-08-04,16262.4,16268.8,16257.9,16267.25,15:05:00,16260.729656168476,2,71
2021-08-04,16265.2,16266.45,16261.3,16262.45,15:10:00,16261.15540320005,2,72
2021-08-04,16247.85,16266.75,16246.15,16265.6,15:15:00,16259.888221942902,2,73
2021-08-04,16254.6,16256.1,16245.6,16247.45,15:20:00,16259.384581757862,2,74
2021-08-04,16253.0,16260.75,16250.7,16254.95,15:25:00,16258.77652635235,2,75
2021-08-05,16267.45,16294.65,16260.7,16293.25,09:15:00,16259.60257146165,3,1
2021-08-05,16264.1,16275.85,16256.65,16267.55,09:20:00,16260.030897989112,3,2
2021-08-05,16233.3,16268.95,16231.9,16264.0,09:25:00,16257.485098180625,3,3
2021-08-05,16218.95,16238.6,16210.3,16231.55,09:30:00,16253.815088830088,3,4
2021-08-05,16249.45,16260.65,16218.2,16218.2,09:35:00,16253.399366084366,3,5
2021-08-05,16250.8,16256.45,16246.4,16250.55,09:40:00,16253.151807409664,3,6
2021-08-05,16261.1,16267.35,16247.7,16250.85,09:45:00,16253.908778132552,3,7
2021-08-05,16274.05,16275.05,16259.6,16262.35,09:50:00,16255.826989738976,3,8
2021-08-05,16262.7,16274.45,16262.2,16273.35,09:55:00,16256.481562144789,3,9
2021-08-05,16251.7,16262.95,16246.45,16262.95,10:00:00,16256.026175273855,3,10
2021-08-05,16232.8,16254.65,16231.25,16251.25,10:05:00,16253.81415858111,3,11
2021-08-05,16240.35,16243.15,16232.15,16232.25,10:10:00,16252.531857763865,3,12
2021-08-05,16244.5,16251.5,16238.9,16239.8,10:15:00,16251.76691892921,3,13
2021-08-05,16241.1,16250.7,16240.9,16244.05,10:20:00,16250.751021888333,3,14
2021-08-05,16233.15,16241.3,16221.1,16240.2,10:25:00,16249.074734089443,3,15
2021-08-05,16234.45,16241.4,16225.05,16232.8,10:30:00,16247.6819022714,3,16
2021-08-05,16231.6,16242.65,16227.25,16234.7,10:35:00,16246.150292531269,3,17
2021-08-05,16238.1,16238.15,16225.05,16230.75,10:40:00,16245.38359800448,3,18
2021-08-05,16236.4,16239.55,16232.6,16237.45,10:45:00,16244.528017242148,3,19
2021-08-05,16243.7,16245.2,16233.55,16236.55,10:50:00,16244.44915845718,3,20
2021-08-05,16241.25,16245.0,16238.45,16244.25,10:55:00,16244.144476699354,3,21
2021-08-05,16242.05,16246.6,16238.75,16241.2,11:00:00,16243.945002727987,3,22
2021-08-05,16241.55,16249.85,16240.1,16242.65,11:05:00,16243.716907230082,3,23
2021-08-05,16239.0,16244.8,16237.45,16242.6,11:10:00,16243.267677970074,3,24
2021-08-05,16244.45,16249.7,16237.55,16239.35,11:15:00,16243.380280068162,3,25
2021-08-05,16242.85,16246.25,16241.45,16244.25,11:20:00,16243.329777204526,3,26
2021-08-05,16244.65,16245.15,16237.4,16243.6,11:25:00,16243.455512708855,3,27
2021-08-05,16242.95,16249.7,16241.85,16245.15,11:30:00,16243.407368641349,3,28
2021-08-05,16252.7,16257.9,16242.1,16242.45,11:35:00,16244.292381151696,3,29
2021-08-05,16260.3,16267.25,16251.25,16253.15,11:40:00,16245.816916280106,3,30
2021-08-05,16260.6,16269.85,16260.25,16260.4,11:45:00,16247.224829015337,3,31
2021-08-05,16268.0,16268.1,16258.45,16260.7,11:50:00,16249.20341672816,3,32
2021-08-05,16264.65,16270.25,16262.7,16267.65,11:55:00,16250.674519896906,3,33
2021-08-05,16265.1,16273.4,16264.1,16265.05,12:00:00,16252.04837514482,3,34
2021-08-05,16262.7,16266.5,16253.75,16265.35,12:05:00,16253.062815607218,3,35
2021-08-05,16278.65,16280.1,16260.95,16262.9,12:10:00,16255.499690311291,3,36
2021-08-05,16279.25,16286.7,16277.0,16279.45,12:15:00,16257.76162456736,3,37
2021-08-05,16280.2,16281.65,16274.45,16279.85,12:20:00,16259.898612703802,3,38
2021-08-05,16275.9,16283.5,16275.9,16279.85,12:25:00,16261.42255435106,3,39
2021-08-05,16286.0,16288.15,16276.95,16277.75,12:30:00,16263.763263460482,3,40
2021-08-05,16277.9,16286.85,16267.35,16286.7,12:35:00,16265.109619321389,3,41
2021-08-05,16290.4,16292.75,16278.1,16278.1,12:40:00,16267.518227005065,3,42
2021-08-05,16306.45,16311.8,16287.25,16290.45,12:45:00,16271.226014909344,3,43
2021-08-05,16322.0,16327.1,16305.25,16306.65,12:50:00,16276.061632537025,3,44
2021-08-05,16312.15,16335.4,16311.25,16322.55,12:55:00,16279.49861991445,3,45
2021-08-05,16318.65,16320.4,16305.2,16313.95,13:00:00,16283.22732277974,3,46
2021-08-05,16324.4,16326.6,16315.0,16319.45,13:05:00,16287.14853013405,3,47
2021-08-05,16328.65,16334.2,16321.15,16325.25,13:10:00,16291.101051073663,3,48
2021-08-05,16330.45,16334.85,16322.35,16329.65,13:15:00,16294.84857001903,3,49
2021-08-05,16326.85,16335.75,16321.35,16332.1,13:20:00,16297.896325255317,3,50
2021-08-05,16327.65,16333.85,16324.3,16327.4,13:25:00,16300.730008564333,3,51
2021-08-05,16331.25,16337.65,16322.75,16328.15,13:30:00,16303.63667441535,3,52
2021-08-05,16329.75,16334.6,16322.35,16332.7,13:35:00,16306.123657804364,3,53
2021-08-05,16326.9,16332.8,16324.65,16330.5,13:40:00,16308.102357061092,3,54
2021-08-05,16323.0,16329.45,16305.65,16326.95,13:45:00,16309.521180198131,3,55
2021-08-05,16323.5,16327.05,16318.5,16323.5,13:50:00,16310.852496369738,3,56
2021-08-05,16321.25,16328.0,16315.75,16324.0,13:55:00,16311.842734810714,3,57
2021-08-05,16330.95,16331.7,16317.4,16322.75,14:00:00,16313.662474352552,3,58
2021-08-05,16343.75,16346.55,16327.15,16331.5,14:05:00,16316.527952985642,3,59
2021-08-05,16337.3,16348.15,16336.55,16343.45,14:10:00,16318.506243177484,3,60
2021-08-05,16333.05,16349.45,16333.0,16338.65,14:15:00,16319.891362874869,3,61
2021-08-05,16329.05,16337.8,16326.3,16333.45,14:20:00,16320.763614029642,3,62
2021-08-05,16320.6,16331.1,16315.05,16329.0,14:25:00,16320.748031741105,3,63
2021-08-05,16313.3,16324.0,16303.95,16321.1,14:30:00,16320.038695384808,3,64
2021-08-05,16308.1,16315.35,16304.65,16315.0,14:35:00,16318.901676776732,3,65
2021-08-05,16318.9,16321.45,16304.7,16308.25,14:40:00,16318.901517083708,3,66
2021-08-05,16315.05,16320.4,16309.2,16319.45,14:45:00,16318.534705932878,3,67
2021-08-05,16315.55,16316.35,16308.6,16314.4,14:50:00,16318.250448224984,3,68
2021-08-05,16316.0,16321.75,16311.7,16316.85,14:55:00,16318.036119822604,3,69
2021-08-05,16322.95,16323.95,16304.05,16316.3,15:00:00,16318.504108410929,3,70
2021-08-05,16307.05,16325.5,16306.95,16322.9,15:05:00,16317.41324094322,3,71
2021-08-05,16283.45,16307.8,16283.45,16307.25,15:10:00,16314.178646567674,3,72
2021-08-05,16290.3,16292.2,16280.45,16283.2,15:15:00,16311.904489751703,3,73
2021-08-05,16281.1,16290.0,16280.35,16289.8,15:20:00,16308.970728822973,3,74
2021-08-05,16281.8,16285.4,16275.45,16281.85,15:25:00,16306.383040363642,3,75
2021-08-06,16316.1,16318.6,16274.85,16307.15,09:15:00,16307.308465090911,4,1
2021-08-06,16320.95,16321.8,16303.45,16317.15,09:20:00,16308.60765889178,4,2
2021-08-06,16316.1,16327.45,16309.15,16321.65,09:25:00,16309.3212151878,4,3
2021-08-06,16297.4,16322.25,16296.3,16315.9,09:30:00,16308.18586136039,4,4
2021-08-06,16301.7,16304.8,16276.35,16297.3,09:35:00,16307.568160278448,4,5
2021-08-06,16308.1,16308.1,16289.6,16302.05,09:40:00,16307.6188116805,4,6
2021-08-06,16300.35,16314.9,16296.85,16308.6,09:45:00,16306.926543901403,4,7
2021-08-06,16295.75,16303.85,16291.15,16299.4,09:50:00,16305.86211114889,4,8
2021-08-06,16303.25,16310.4,16289.55,16296.15,09:55:00,16305.61333865852,4,9
2021-08-06,16332.4,16335.2,16303.0,16303.0,10:00:00,16308.164449262473,4,10
2021-08-06,16329.0,16336.75,16327.55,16330.7,10:05:00,16310.14878742795,4,11
2021-08-06,16317.25,16334.9,16313.8,16329.3,10:10:00,16310.825093387191,4,12
2021-08-06,16325.4,16327.9,16317.0,16317.05,10:15:00,16312.213179731269,4,13
2021-08-06,16314.4,16327.1,16307.85,16325.65,10:20:00,16312.42144832829,4,14
2021-08-06,16310.3,16317.85,16310.3,16313.2,10:25:00,16312.219405630358,4,15
2021-08-06,16267.75,16313.2,16258.85,16311.25,10:30:00,16307.984224141752,4,16
2021-08-06,16249.25,16277.65,16240.1,16270.35,10:35:00,16302.390488509203,4,17
2021-08-06,16259.15,16276.2,16250.9,16251.3,10:40:00,16298.272346746422,4,18
2021-08-06,16253.1,16261.75,16247.0,16258.65,10:45:00,16293.970218484856,4,19
2021-08-06,16241.4,16252.0,16235.55,16252.0,10:50:00,16288.96353101011,4,20
2021-08-06,16253.85,16260.5,16240.5,16241.1,10:55:00,16285.619385199623,4,21
2021-08-06,16276.2,16280.7,16253.35,16254.15,11:00:00,16284.722300894897,4,22
2021-08-06,16272.0,16278.1,16270.45,16276.0,11:05:00,16283.510653190622,4,23
2021-08-06,16270.4,16279.75,16268.2,16271.85,11:10:00,16282.26201955342,4,24
2021-08-06,16282.1,16286.95,16269.35,16270.1,11:15:00,16282.24658911976,4,25
2021-08-06,16283.1,16286.9,16277.95,16281.45,11:20:00,16282.32786634645,4,26
2021-08-06,16276.8,16285.2,16272.75,16282.95,11:25:00,16281.801402884885,4,27
2021-08-06,16265.05,16277.25,16260.25,16276.75,11:30:00,16280.20603118156,4,28
2021-08-06,16247.1,16264.7,16247.1,16264.7,11:35:00,16277.053075830936,4,29
2021-08-06,16241.3,16254.8,16240.5,16248.55,11:40:00,16273.648020989896,4,30
2021-08-06,16268.55,16269.7,16240.7,16241.75,11:45:00,16273.162495181334,4,31
2021-08-06,16273.75,16279.2,16267.2,16270.75,11:50:00,16273.218448021207,4,32
2021-08-06,16271.5,16276.4,16266.4,16274.9,11:55:00,16273.0547863049,4,33
2021-08-06,16278.2,16285.8,16270.65,16272.65,12:00:00,16273.544806656815,4,34
2021-08-06,16270.55,16281.2,16268.7,16279.85,12:05:00,16273.259586975217,4,35
2021-08-06,16279.7,16281.65,16265.8,16271.45,12:10:00,16273.872959644244,4,36
2021-08-06,16272.7,16282.75,16271.45,16280.3,12:15:00,16273.761249201934,4,37
2021-08-06,16272.4,16275.75,16269.3,16272.65,12:20:00,16273.6316064208,4,38
2021-08-06,16265.3,16283.15,16263.65,16273.6,12:25:00,16272.83812009501,4,39
2021-08-06,16264.65,16270.75,16263.35,16265.75,12:30:00,16272.05829913358,4,40
2021-08-06,16273.75,16279.75,16263.9,16264.6,12:35:00,16272.21941350181,4,41
2021-08-06,16274.0,16276.85,16270.45,16275.1,12:40:00,16272.388993168304,4,42
2021-08-06,16274.35,16276.8,16272.25,16274.6,12:45:00,16272.575755723705,4,43
2021-08-06,16263.4,16276.45,16262.3,16274.9,12:50:00,16271.701874226208,4,44
2021-08-06,16247.65,16267.5,16247.65,16263.55,12:55:00,16269.411219537997,4,45
2021-08-06,16251.5,16257.4,16247.75,16248.05,13:00:00,16267.705389105806,4,46
2021-08-06,16253.25,16257.45,16250.7,16251.8,13:05:00,16266.328685381442,4,47
2021-08-06,16260.05,16264.85,16252.45,16253.0,13:10:00,16265.730715345117,4,48
2021-08-06,16255.8,16261.7,16252.9,16260.75,13:15:00,16264.784932931294,4,49
2021-08-06,16265.6,16268.8,16242.25,16255.45,13:20:00,16264.862558366409,4,50
2021-08-06,16269.4,16274.0,16265.0,16265.4,13:25:00,16265.294695664848,4,51
2021-08-06,16263.95,16271.75,16263.8,16270.4,13:30:00,16265.166629411053,4,52
2021-08-06,16257.55,16271.95,16257.25,16264.35,13:35:00,16264.44123613381,4,53
2021-08-06,16264.6,16270.85,16254.9,16258.6,13:40:00,16264.45635650202,4,54
2021-08-06,16271.0,16272.4,16263.75,16265.15,13:45:00,16265.079560644685,4,55
2021-08-06,16257.6,16271.3,16254.65,16270.2,13:50:00,16264.367221535667,4,56
2021-08-06,16249.7,16262.15,16248.6,16258.1,13:55:00,16262.970343294175,4,57
2021-08-06,16257.6,16260.95,16250.7,16250.7,14:00:00,16262.458882028064,4,58
2021-08-06,16258.45,16267.95,16257.55,16258.7,14:05:00,16262.077083739676,4,59
2021-08-06,16259.0,16261.1,16256.4,16258.7,14:10:00,16261.78402814542,4,60
2021-08-06,16262.85,16264.85,16255.55,16259.6,14:15:00,16261.88554927443,4,61
2021-08-06,16264.65,16273.2,16260.55,16263.85,14:20:00,16262.148830295911,4,62
2021-08-06,16268.45,16271.3,16263.85,16265.0,14:25:00,16262.748941696302,4,63
2021-08-06,16269.25,16270.2,16261.0,16269.3,14:30:00,16263.368090106178,4,64
2021-08-06,16262.1,16269.7,16261.45,16269.7,14:35:00,16263.247319619875,4,65
2021-08-06,16256.45,16266.7,16254.95,16262.15,14:40:00,16262.599955846554,4,66
2021-08-06,16254.55,16261.05,16249.0,16256.85,14:45:00,16261.833293384976,4,67
2021-08-06,16253.45,16259.15,16252.3,16255.75,14:50:00,16261.03488449117,4,68
2021-08-06,16246.55,16255.55,16243.7,16252.8,14:55:00,16259.655371682486,4,69
2021-08-06,16239.5,16256.4,16234.55,16246.6,15:00:00,16257.73581247463,4,70
2021-08-06,16233.45,16240.1,16229.8,16239.3,15:05:00,16255.422877953237,4,71
2021-08-06,16229.75,16234.85,16223.3,16232.15,15:10:00,16252.97784195769,4,72
2021-08-06,16235.85,16237.6,16226.95,16229.25,15:15:00,16251.3466189141,4,73
2021-08-06,16248.95,16252.5,16234.8,16235.55,15:20:00,16251.11836949371,4,74
2021-08-06,16254.7,16256.1,16248.85,16248.9,15:25:00,16251.459477160975,4,75
2021-08-09,16295.9,16304.95,16246.45,16275.05,09:15:00,16255.69190790755,0,1
2021-08-09,16288.75,16298.0,16275.85,16296.3,09:20:00,16258.84029763064,0,2
2021-08-09,16288.45,16289.55,16277.45,16288.7,09:25:00,16261.660269284865,0,3
2021-08-09,16306.1,16308.35,16283.55,16287.6,09:30:00,16265.892624591068,0,4
2021-08-09,16302.75,16305.65,16295.9,16305.65,09:35:00,16269.40285082049,0,5
2021-08-09,16303.15,16308.7,16296.15,16302.55,09:40:00,16272.616865028062,0,6
2021-08-09,16308.4,16309.7,16301.1,16302.9,09:45:00,16276.024782644436,0,7
2021-08-09,16316.2,16320.75,16305.45,16308.15,09:50:00,16279.850993821155,0,8
2021-08-09,16312.1,16318.85,16306.65,16315.9,09:55:00,16282.92232774295,0,9
2021-08-09,16313.6,16315.65,16307.3,16312.3,10:00:00,16285.84401081505,0,10
2021-08-09,16312.45,16316.85,16307.85,16314.2,10:05:00,16288.377914546949,0,11
2021-08-09,16299.3,16312.65,16295.1,16312.65,10:10:00,16289.418113161524,0,12
2021-08-09,16285.65,16299.25,16285.2,16298.95,10:15:00,16289.059245241378,0,13
2021-08-09,16302.3,16304.0,16284.25,16286.2,10:20:00,16290.320269504104,0,14
2021-08-09,16311.6,16312.45,16301.4,16302.1,10:25:00,16292.346910503717,0,15
2021-08-09,16296.1,16312.05,16295.15,16311.5,10:30:00,16292.7043475986,0,16
2021-08-09,16289.5,16298.2,16287.05,16295.3,10:35:00,16292.399171636827,0,17
2021-08-09,16289.6,16294.8,16287.9,16289.05,10:40:00,16292.13258386189,0,18
2021-08-09,16280.65,16289.8,16280.05,16289.55,10:45:00,16291.039004446471,0,19
2021-08-09,16286.25,16286.9,16271.8,16276.5,10:50:00,16290.582908784902,0,20
2021-08-09,16284.95,16293.3,16284.15,16287.1,10:55:00,16290.046441281578,0,21
2021-08-09,16283.55,16287.8,16279.7,16284.15,11:00:00,16289.427732588094,0,22
2021-08-09,16277.3,16284.55,16276.7,16284.55,11:05:00,16288.272710436848,0,23
2021-08-09,16289.45,16292.4,16276.35,16277.05,11:10:00,16288.384833252388,0,24
2021-08-09,16294.3,16298.85,16288.85,16289.65,11:15:00,16288.948182466444,0,25
2021-08-09,16295.75,16299.6,16291.3,16294.1,11:20:00,16289.5959746125,0,26
2021-08-09,16283.7,16297.2,16283.7,16296.25,11:25:00,16289.034453220833,0,27
2021-08-09,16282.7,16286.9,16281.0,16285.05,11:30:00,16288.431171961704,0,28
2021-08-09,16283.15,16290.85,16281.85,16282.75,11:35:00,16287.928203203448,0,29
2021-08-09,16277.35,16285.45,16275.55,16283.2,11:40:00,16286.92075527931,0,30
2021-08-09,16268.45,16277.75,16260.05,16277.3,11:45:00,16285.1616357289,0,31
2021-08-09,16266.75,16272.85,16264.25,16269.1,11:50:00,16283.408146611862,0,32
2021-08-09,16253.8,16267.7,16250.25,16266.9,11:55:00,16280.58832312502,0,33
2021-08-09,16256.15,16261.65,16252.65,16254.05,12:00:00,16278.26086377978,0,34
2021-08-09,16257.55,16259.1,16251.75,16255.4,12:05:00,16276.288400562658,0,35
2021-08-09,16259.0,16264.15,16253.75,16257.9,12:10:00,16274.64188622336,0,36
2021-08-09,16239.35,16259.65,16238.45,16258.95,12:15:00,16271.280754202087,0,37
2021-08-09,16239.25,16242.0,16227.9,16238.9,12:20:00,16268.23020618284,0,38
2021-08-09,16235.35,16246.9,16235.35,16237.75,12:25:00,16265.098757974953,0,39
2021-08-09,16260.0,16261.5,16235.2,16235.2,12:30:00,16264.613161977337,0,40
2021-08-09,16257.55,16261.55,16255.05,16259.1,12:35:00,16263.940479884255,0,41
2021-08-09,16263.9,16264.9,16255.2,16257.15,12:40:00,16263.936624657184,0,42
2021-08-09,16255.45,16265.1,16253.65,16264.05,12:45:00,16263.128374689832,0,43
2021-08-09,16246.15,16257.55,16245.5,16255.95,12:50:00,16261.511386624135,0,44
2021-08-09,16243.1,16246.9,16240.4,16245.7,12:55:00,16259.75792123136,0,45
2021-08-09,16249.15,16252.75,16240.4,16242.5,13:00:00,16258.74764301885,0,46
2021-08-09,16241.5,16251.1,16241.5,16249.05,13:05:00,16257.105010350388,0,47
2021-08-09,16241.65,16247.9,16224.0,16241.15,13:10:00,16255.63310460273,0,48
2021-08-09,16235.4,16245.8,16234.1,16242.5,13:15:00,16253.706142259613,0,49
2021-08-09,16238.95,16245.45,16236.3,16236.55,13:20:00,16252.300795377743,0,50
2021-08-09,16218.0,16240.3,16216.55,16238.55,13:25:00,16249.034052960818,0,51
2021-08-09,16216.15,16223.05,16211.6,16217.4,13:30:00,16245.90223839312,0,52
2021-08-09,16206.0,16216.75,16201.7,16216.75,13:35:00,16242.102025212822,0,53
2021-08-09,16196.85,16207.35,16188.15,16206.6,13:40:00,16237.792308525886,0,54
2021-08-09,16183.6,16196.2,16179.05,16196.2,13:45:00,16232.631136285325,0,55
2021-08-09,16205.05,16205.05,16180.65,16185.15,13:50:00,16230.004361401008,0,56
2021-08-09,16206.25,16212.9,16202.35,16204.15,13:55:00,16227.74204126758,0,57
2021-08-09,16215.55,16218.4,16207.15,16207.15,14:00:00,16226.580894480192,0,58
2021-08-09,16214.0,16225.55,16213.2,16215.45,14:05:00,16225.382714053509,0,59
2021-08-09,16230.75,16232.7,16207.2,16214.25,14:10:00,16225.893884143648,0,60
2021-08-09,16229.4,16235.1,16221.75,16230.2,14:15:00,16226.227799939492,0,61
2021-08-09,16222.5,16231.2,16215.25,16229.45,14:20:00,16225.872771373826,0,62
2021-08-09,16234.65,16236.35,16218.5,16222.2,14:25:00,16226.708697909651,0,63
2021-08-09,16235.4,16240.75,16231.3,16235.2,14:30:00,16227.536440965876,0,64
2021-08-09,16243.6,16244.05,16234.25,16234.25,14:35:00,16229.066303731031,0,65
2021-08-09,16222.6,16246.2,16221.75,16243.2,14:40:00,16228.450465280455,0,66
2021-08-09,16220.1,16227.85,16217.05,16223.65,14:45:00,16227.655182872795,0,67
2021-08-09,16223.4,16229.5,16219.3,16220.75,14:50:00,16227.2499273611,0,68
2021-08-09,16222.4,16225.2,16218.15,16222.6,14:55:00,16226.788029517187,0,69
2021-08-09,16254.3,16254.3,16224.1,16224.1,15:00:00,16229.408217182216,0,70
2021-08-09,16266.1,16267.7,16249.4,16254.5,15:05:00,16232.902672688671,0,71
2021-08-09,16259.9,16270.35,16258.45,16266.9,15:10:00,16235.473846718323,0,72
2021-08-09,16258.3,16263.1,16255.2,16260.75,15:15:00,16237.647766078482,0,73
2021-08-09,16262.15,16265.8,16255.65,16259.1,15:20:00,16239.981312166245,0,74
2021-08-09,16252.95,16265.4,16250.7,16261.9,15:25:00,16241.216425293267,0,75
2021-08-10,16294.2,16300.45,16261.05,16282.05,09:15:00,16246.262480027244,1,1
2021-08-10,16311.2,16311.2,16293.9,16295.7,09:20:00,16252.447005738935,1,2
2021-08-10,16317.8,16323.75,16294.15,16311.75,09:25:00,16258.671100430463,1,3
2021-08-10,16307.75,16325.35,16305.65,16319.3,09:30:00,16263.345281341848,1,4
2021-08-10,16319.6,16322.6,16307.9,16309.65,09:35:00,16268.702873595006,1,5
2021-08-10,16312.55,16327.85,16309.85,16320.45,09:40:00,16272.87879039548,1,6
2021-08-10,16318.55,16319.4,16306.0,16311.85,09:45:00,16277.228429405432,1,7
2021-08-10,16322.7,16329.75,16318.25,16318.95,09:50:00,16281.559055176343,1,8
2021-08-10,16315.1,16326.4,16314.75,16322.35,09:55:00,16284.753430873836,1,9
2021-08-10,16310.6,16316.5,16303.15,16316.5,10:00:00,16287.21500888585,1,10
2021-08-10,16305.1,16313.8,16303.4,16309.65,10:05:00,16288.918341372912,1,11
2021-08-10,16320.35,16322.0,16300.25,16304.55,10:10:00,16291.911832670732,1,12
2021-08-10,16308.65,16321.0,16305.05,16320.05,10:15:00,16293.505943844948,1,13
2021-08-10,16305.8,16310.7,16302.3,16308.15,10:20:00,16294.676806335903,1,14
2021-08-10,16305.1,16311.85,16304.3,16305.75,10:25:00,16295.669491446772,1,15
2021-08-10,16311.2,16315.0,16300.5,16305.55,10:30:00,16297.14858749946,1,16
2021-08-10,16315.7,16316.9,16311.15,16311.55,10:35:00,16298.91538868999,1,17
2021-08-10,16314.25,16317.1,16308.85,16315.15,10:40:00,16300.375827862372,1,18
2021-08-10,16320.3,16321.0,16310.35,16313.95,10:45:00,16302.273368065957,1,19
2021-08-10,16342.95,16346.75,16317.85,16320.7,10:50:00,16306.147333012055,1,20
2021-08-10,16348.3,16354.1,16336.85,16342.05,10:55:00,16310.161872725192,1,21
2021-08-10,16342.45,16347.15,16336.3,16346.65,11:00:00,16313.23693246565,1,22
2021-08-10,16344.35,16359.25,16342.35,16342.35,11:05:00,16316.200081754636,1,23
2021-08-10,16318.5,16347.9,16316.95,16344.0,11:10:00,16316.419121587527,1,24
2021-08-10,16325.65,16331.75,16317.3,16318.65,11:15:00,16317.298252864904,1,25
2021-08-10,16332.2,16333.5,16319.1,16325.5,11:20:00,16318.717466877772,1,26
2021-08-10,16335.9,16335.9,16330.2,16332.45,11:25:00,16320.353898603698,1,27
2021-08-10,16345.7,16346.0,16335.6,16336.15,11:30:00,16322.767813022394,1,28
2021-08-10,16349.25,16349.5,16342.95,16345.55,11:35:00,16325.28992606788,1,29
2021-08-10,16347.75,16349.1,16345.05,16348.3,11:40:00,16327.42898072808,1,30
2021-08-10,16348.45,16351.1,16340.35,16348.05,11:45:00,16329.4309825635,1,31
2021-08-10,16347.65,16351.0,16344.5,16348.75,11:50:00,16331.166127081262,1,32
2021-08-10,16356.7,16357.75,16344.55,16347.15,11:55:00,16333.597924502094,1,33
2021-08-10,16353.95,16359.05,16351.9,16356.1,12:00:00,16335.536217406656,1,34
2021-08-10,16351.45,16357.3,16349.15,16353.45,12:05:00,16337.05181574888,1,35
2021-08-10,16351.15,16355.3,16350.3,16351.95,12:10:00,16338.394499963271,1,36
2021-08-10,16350.8,16354.05,16346.5,16350.5,12:15:00,16339.575976157246,1,37
2021-08-10,16352.75,16354.5,16350.2,16351.35,12:20:00,16340.830645094651,1,38
2021-08-10,16344.65,16355.1,16343.3,16352.8,12:25:00,16341.194393180876,1,39
2021-08-10,16340.35,16346.3,16336.55,16344.8,12:30:00,16341.113974782696,1,40
2021-08-10,16342.2,16345.1,16339.0,16340.45,12:35:00,16341.217405755771,1,41
2021-08-10,16340.35,16343.6,16335.25,16342.3,12:40:00,16341.134795683794,1,42
2021-08-10,16338.2,16346.55,16338.1,16339.55,12:45:00,16340.855291332957,1,43
2021-08-10,16335.6,16339.05,16330.05,16339.05,12:50:00,16340.354787396484,1,44
2021-08-10,16324.4,16336.0,16324.1,16336.0,12:55:00,16338.835283834916,1,45
2021-08-10,16340.5,16342.0,16323.3,16324.7,13:00:00,16338.99382823159,1,46
2021-08-10,16334.1,16340.6,16334.05,16340.25,13:05:00,16338.527749352392,1,47
2021-08-10,16329.65,16336.9,16329.45,16333.95,13:10:00,16337.682249414069,1,48
2021-08-10,16334.6,16339.45,16322.3,16329.85,13:15:00,16337.388701850825,1,49
2021-08-10,16331.7,16335.15,16328.4,16335.15,13:20:00,16336.846920722171,1,50
2021-08-10,16333.3,16336.25,16327.55,16331.9,13:25:00,16336.509118748632,1,51
2021-08-10,16336.25,16341.6,16332.8,16334.3,13:30:00,16336.484440772572,1,52
2021-08-10,16337.1,16339.4,16335.2,16337.1,13:35:00,16336.5430654609,1,53
2021-08-10,16333.5,16337.45,16325.5,16337.45,13:40:00,16336.253249702717,1,54
2021-08-10,16326.3,16337.85,16323.4,16333.7,13:45:00,16335.305321159602,1,55
2021-08-10,16291.6,16327.7,16290.6,16326.35,13:50:00,16331.142909620592,1,56
2021-08-10,16279.3,16298.3,16279.3,16292.25,13:55:00,16326.205489656726,1,57
2021-08-10,16269.55,16280.05,16260.0,16280.05,14:00:00,16320.809728737038,1,58
2021-08-10,16243.7,16271.0,16243.5,16271.0,14:05:00,16313.465945047796,1,59
2021-08-10,16207.85,16243.85,16204.7,16243.1,14:10:00,16303.407283614672,1,60
2021-08-10,16233.7,16249.35,16202.25,16207.9,14:15:00,16296.76849469899,1,61
2021-08-10,16246.3,16255.15,16235.0,16235.0,14:20:00,16291.961971394325,1,62
2021-08-10,16249.85,16251.2,16237.7,16247.95,14:25:00,16287.95130745201,1,63
2021-08-10,16251.25,16256.5,16241.8,16251.4,14:30:00,16284.455944837531,1,64
2021-08-10,16263.6,16275.75,16249.55,16252.0,14:35:00,16282.469664376817,1,65
2021-08-10,16263.6,16269.6,16261.05,16264.6,14:40:00,16280.672553483784,1,66
2021-08-10,16270.5,16275.7,16262.3,16263.8,14:45:00,16279.70373886628,1,67
2021-08-10,16278.3,16278.65,16269.3,16270.65,14:50:00,16279.570049450442,1,68
2021-08-10,16274.0,16280.55,16270.3,16278.6,14:55:00,16279.0395685504,1,69
2021-08-10,16286.0,16294.3,16277.2,16277.2,15:00:00,16279.702466783694,1,70
2021-08-10,16289.15,16290.2,16281.85,16286.05,15:05:00,16280.602231851914,1,71
2021-08-10,16287.2,16292.15,16287.2,16289.75,15:10:00,16281.23059072316,1,72
2021-08-10,16272.25,16288.1,16269.7,16287.4,15:15:00,16280.375296368577,1,73
2021-08-10,16274.55,16280.4,16262.65,16272.1,15:20:00,16279.820506238237,1,74
2021-08-10,16268.95,16276.6,16264.65,16274.9,15:25:00,16278.78521992983,1,75
2021-08-11,16322.2,16338.75,16309.3,16327.75,09:15:00,16286.660916994711,2,1
2021-08-11,16296.4,16329.65,16292.85,16324.0,09:20:00,16287.588448709505,2,2
2021-08-11,16314.7,16315.2,16290.1,16296.9,09:25:00,16290.17050121336,2,3
2021-08-11,16309.45,16325.95,16305.45,16315.5,09:30:00,16292.006643954945,2,4
2021-08-11,16268.5,16309.95,16267.95,16309.95,09:35:00,16289.767915959234,2,5
2021-08-11,16267.6,16268.15,16247.25,16267.75,09:40:00,16287.656685867878,2,6
2021-08-11,16255.1,16288.2,16252.8,16268.15,09:45:00,16284.556049118555,2,7
2021-08-11,16231.75,16262.1,16229.7,16256.75,09:50:00,16279.526901583456,2,8
2021-08-11,16237.35,16239.8,16220.85,16230.75,09:55:00,16275.510053813605,2,9
2021-08-11,16226.75,16238.55,16224.9,16236.35,10:00:00,16270.866239164689,2,10
2021-08-11,16205.4,16227.1,16204.9,16226.15,10:05:00,16264.631359244242,2,11
2021-08-11,16218.0,16225.2,16207.05,16207.05,10:10:00,16260.190277411455,2,12
2021-08-11,16241.85,16242.0,16211.05,16218.15,10:15:00,16258.443584324652,2,13
2021-08-11,16230.4,16249.45,16225.3,16242.2,10:20:00,16255.772766769924,2,14
2021-08-11,16214.2,16235.0,16214.2,16230.2,10:25:00,16251.81345564898,2,15
2021-08-11,16203.0,16213.4,16191.4,16212.85,10:30:00,16247.16455511098,2,16
2021-08-11,16195.25,16218.35,16195.25,16201.4,10:35:00,16242.220311767076,2,17
2021-08-11,16203.8,16205.85,16182.95,16194.85,10:40:00,16238.561234455929,2,18
2021-08-11,16193.4,16216.6,16191.7,16203.65,10:45:00,16234.260164507745,2,19
2021-08-11,16195.2,16199.3,16184.0,16194.2,10:50:00,16230.54014884034,2,20
2021-08-11,16188.2,16198.45,16185.85,16195.9,10:55:00,16226.507753712687,2,21
2021-08-11,16194.15,16196.7,16182.2,16188.9,11:00:00,16223.426062882909,2,22
2021-08-11,16202.05,16207.4,16193.3,16193.3,11:05:00,16221.39024737025,2,23
2021-08-11,16181.9,16202.95,16181.8,16201.7,11:10:00,16217.629271430224,2,24
2021-08-11,16172.7,16180.9,16162.55,16180.9,11:15:00,16213.350293198777,2,25
2021-08-11,16190.85,16193.55,16163.65,16172.3,11:20:00,16211.207408132226,2,26
2021-08-11,16200.35,16200.35,16186.65,16191.2,11:25:00,16210.17336926249,2,27
2021-08-11,16202.15,16210.25,16189.45,16202.05,11:30:00,16209.409238856537,2,28
2021-08-11,16195.0,16203.4,16192.8,16201.75,11:35:00,16208.03693039401,2,29
2021-08-11,16201.2,16202.95,16190.6,16195.55,11:40:00,16207.38579416601,2,30
2021-08-11,16192.15,16201.0,16190.3,16200.8,11:45:00,16205.9347661502,2,31
2021-08-11,16181.5,16197.75,16180.9,16192.0,11:50:00,16203.607645564469,2,32
2021-08-11,16183.85,16185.0,16170.65,16181.3,11:55:00,16201.72596503452,2,33
2021-08-11,16182.85,16185.05,16175.1,16184.5,12:00:00,16199.92825407885,2,34
2021-08-11,16184.15,16189.8,16180.45,16182.55,12:05:00,16198.425563214198,2,35
2021-08-11,16188.25,16192.85,16180.05,16184.05,12:10:00,16197.456461955702,2,36
2021-08-11,16207.05,16207.75,16188.15,16188.6,12:15:00,16198.370132245636,2,37
2021-08-11,16216.65,16217.35,16207.2,16207.2,12:20:00,16200.111072031765,2,38
2021-08-11,16223.65,16229.7,16212.75,16216.8,12:25:00,16202.352874695403,2,39
2021-08-11,16233.25,16236.15,16220.25,16224.0,12:30:00,16205.295458057748,2,40
2021-08-11,16234.8,16238.95,16228.3,16231.95,12:35:00,16208.1054144332,2,41
2021-08-11,16224.95,16237.7,16223.3,16235.4,12:40:00,16209.709660677658,2,42
2021-08-11,16223.45,16230.85,16214.8,16226.5,12:45:00,16211.018264422642,2,43
2021-08-11,16233.7,16237.1,16224.6,16224.6,12:50:00,16213.178429715725,2,44
2021-08-11,16231.4,16235.35,16222.9,16233.9,12:55:00,16214.913817361848,2,45
2021-08-11,16226.2,16235.4,16225.2,16232.4,13:00:00,16215.988691898814,2,46
2021-08-11,16229.7,16232.7,16223.75,16226.9,13:05:00,16217.294530765594,2,47
2021-08-11,16232.1,16239.5,16227.85,16230.3,13:10:00,16218.704575454583,2,48
2021-08-11,16238.35,16238.85,16229.55,16233.15,13:15:00,16220.575568268432,2,49
2021-08-11,16256.1,16259.25,16238.25,16238.6,13:20:00,16223.958847480964,2,50
2021-08-11,16251.55,16260.1,16247.25,16256.6,13:25:00,16226.5865762923,2,51
2021-08-11,16261.4,16262.8,16249.1,16252.35,13:30:00,16229.902140454937,2,52
2021-08-11,16262.2,16272.55,16261.55,16261.6,13:35:00,16232.978127078277,2,53
2021-08-11,16269.7,16272.05,16261.15,16261.75,13:40:00,16236.475448308916,2,54
2021-08-11,16258.85,16273.3,16255.85,16270.05,13:45:00,16238.606357993782,2,55
2021-08-11,16269.0,16270.55,16255.2,16258.9,13:50:00,16241.500990565804,2,56
2021-08-11,16261.55,16270.3,16257.8,16269.85,13:55:00,16243.410420035729,2,57
2021-08-11,16245.25,16262.5,16238.85,16261.95,14:00:00,16243.58561812756,2,58
2021-08-11,16252.1,16252.4,16238.35,16245.8,14:05:00,16244.39651163922,2,59
2021-08-11,16253.6,16259.05,16245.1,16252.6,14:10:00,16245.273034340247,2,60
2021-08-11,16257.6,16258.95,16249.4,16254.8,14:15:00,16246.447031069749,2,61
2021-08-11,16255.2,16261.25,16252.7,16258.55,14:20:00,16247.280647158344,2,62
2021-08-11,16237.3,16256.9,16236.4,16256.25,14:25:00,16246.33010933374,2,63
2021-08-11,16240.25,16247.6,16235.9,16238.5,14:30:00,16245.751051301955,2,64
2021-08-11,16244.4,16249.9,16240.75,16241.05,14:35:00,16245.62237974939,2,65
2021-08-11,16245.25,16249.85,16241.55,16244.65,14:40:00,16245.586915011352,2,66
2021-08-11,16242.4,16253.7,16241.2,16245.3,14:45:00,16245.283399295986,2,67
2021-08-11,16240.65,16244.9,16233.75,16243.05,14:50:00,16244.84212317256,2,68
2021-08-11,16247.0,16248.0,16239.2,16240.3,14:55:00,16245.047635251363,2,69
2021-08-11,16277.3,16278.75,16247.45,16247.45,15:00:00,16248.119289036948,2,70
2021-08-11,16284.8,16290.1,16276.05,16278.4,15:05:00,16251.612690081049,2,71
2021-08-11,16282.2,16288.55,16281.2,16286.05,15:10:00,16254.525767216186,2,72
2021-08-11,16286.7,16288.05,16281.8,16283.65,15:15:00,16257.589979862263,2,73
2021-08-11,16286.7,16289.15,16280.85,16287.5,15:20:00,16260.362362732523,2,74
2021-08-11,16276.0,16287.15,16270.9,16287.15,15:25:00,16261.851661519902,2,75
2021-08-12,16323.75,16329.8,16309.2,16318.95,09:15:00,16267.74674137515,3,1
2021-08-12,16303.5,16326.5,16301.2,16325.35,09:20:00,16271.151813625136,3,2
2021-08-12,16300.75,16308.75,16286.9,16301.95,09:25:00,16273.97068851798,3,3
2021-08-12,16303.9,16314.35,16301.45,16301.6,09:30:00,16276.821099135315,3,4
2021-08-12,16303.2,16312.0,16288.6,16303.6,09:35:00,16279.333375408143,3,5
2021-08-12,16302.7,16311.75,16295.75,16303.75,09:40:00,16281.558768226416,3,6
2021-08-12,16308.4,16312.1,16301.05,16302.15,09:45:00,16284.115076014376,3,7
2021-08-12,16316.85,16322.3,16305.75,16309.2,09:50:00,16287.23268782253,3,8
2021-08-12,16316.4,16321.8,16312.15,16316.75,09:55:00,16290.010527077528,3,9
2021-08-12,16329.65,16335.95,16316.85,16317.25,10:00:00,16293.785714974909,3,10
2021-08-12,16331.3,16333.75,16326.85,16329.9,10:05:00,16297.358504024916,3,11
2021-08-12,16326.95,16332.75,16323.15,16331.65,10:10:00,16300.17674173683,3,12
2021-08-12,16322.2,16329.6,16321.65,16327.0,10:15:00,16302.27419490475,3,13
2021-08-12,16336.1,16337.45,16320.8,16321.85,10:20:00,16305.495700151918,3,14
2021-08-12,16335.1,16338.9,16333.5,16335.65,10:25:00,16308.315157280307,3,15
2021-08-12,16333.9,16338.15,16325.7,16335.45,10:30:00,16310.751808967898,3,16
2021-08-12,16334.0,16340.35,16330.25,16334.2,10:35:00,16312.965922399528,3,17
2021-08-12,16322.85,16333.7,16322.4,16333.6,10:40:00,16313.90726312338,3,18
2021-08-12,16327.05,16328.35,16318.65,16322.5,10:45:00,16315.158952349726,3,19
2021-08-12,16329.3,16332.25,16325.0,16326.65,10:50:00,16316.505718792609,3,20
2021-08-12,16331.6,16336.75,16328.75,16329.65,10:55:00,16317.943269383788,3,21
2021-08-12,16329.55,16331.15,16323.55,16330.65,11:00:00,16319.048672299616,3,22
2021-08-12,16331.7,16332.25,16326.7,16329.8,11:05:00,16320.253560652034,3,23
2021-08-12,16331.6,16335.2,16330.15,16331.45,11:10:00,16321.33417392327,3,24
2021-08-12,16336.2,16338.55,16328.8,16331.85,11:15:00,16322.74996688296,3,25
2021-08-12,16330.6,16336.8,16330.6,16336.8,11:20:00,16323.497589084582,3,26
2021-08-12,16333.25,16337.95,16329.5,16330.55,11:25:00,16324.426390124145,3,27
2021-08-12,16328.9,16335.2,16324.95,16332.8,11:30:00,16324.85244820756,3,28
2021-08-12,16329.8,16332.3,16324.2,16328.3,11:35:00,16325.323643616364,3,29
2021-08-12,16335.8,16337.1,16326.7,16330.15,11:40:00,16326.321391843378,3,30
2021-08-12,16346.8,16348.6,16333.0,16335.05,11:45:00,16328.271735477343,3,31
2021-08-12,16347.05,16348.9,16342.8,16347.9,11:50:00,16330.060141622358,3,32
2021-08-12,16347.4,16352.5,16343.7,16348.25,11:55:00,16331.711556705945,3,33
2021-08-12,16344.3,16348.8,16341.55,16347.05,12:00:00,16332.910456067282,3,34
2021-08-12,16348.5,16351.6,16338.8,16345.25,12:05:00,16334.395174537063,3,35
2021-08-12,16348.2,16350.95,16345.35,16349.05,12:10:00,16335.70991981925,3,36
2021-08-12,16342.15,16350.6,16340.95,16348.25,12:15:00,16336.323260788846,3,37
2021-08-12,16344.8,16348.55,16342.4,16343.3,12:20:00,16337.130569285146,3,38
2021-08-12,16353.6,16354.7,16337.1,16345.95,12:25:00,16338.699086496084,3,39
2021-08-12,16354.8,16361.35,16354.0,16354.6,12:30:00,16340.23250682979,3,40
2021-08-12,16353.2,16357.3,16350.2,16355.7,12:35:00,16341.467506179337,3,41
2021-08-12,16348.4,16353.7,16344.65,16353.65,12:40:00,16342.127743686066,3,42
2021-08-12,16353.45,16355.05,16348.05,16349.1,12:45:00,16343.206053811202,3,43
2021-08-12,16354.0,16358.05,16349.85,16353.15,12:50:00,16344.234048686323,3,44
2021-08-12,16354.15,16363.9,16350.2,16355.2,12:55:00,16345.178425001912,3,45
2021-08-12,16351.0,16355.55,16350.45,16355.0,13:00:00,16345.732860716016,3,46
2021-08-12,16349.85,16357.5,16348.1,16350.95,13:05:00,16346.124969219252,3,47
2021-08-12,16352.3,16357.5,16349.3,16350.3,13:10:00,16346.713067388848,3,48
2021-08-12,16352.1,16354.25,16344.3,16352.75,13:15:00,16347.22610858991,3,49
2021-08-12,16357.0,16357.95,16349.15,16351.9,13:20:00,16348.15695539087,3,50
2021-08-12,16365.8,16368.55,16357.0,16358.0,13:25:00,16349.837245353645,3,51
2021-08-12,16365.65,16375.5,16365.65,16366.5,13:30:00,16351.343221986632,3,52
2021-08-12,16366.45,16368.95,16362.1,16366.1,13:35:00,16352.78196274981,3,53
2021-08-12,16365.2,16372.7,16362.7,16368.6,13:40:00,16353.964632964116,3,54
2021-08-12,16358.75,16368.6,16354.05,16366.0,13:45:00,16354.420382205628,3,55
2021-08-12,16360.65,16362.85,16354.1,16359.7,13:50:00,16355.013679138425,3,56
2021-08-12,16361.0,16366.0,16358.45,16360.75,13:55:00,16355.583804934766,3,57
2021-08-12,16362.8,16366.35,16360.05,16362.95,14:00:00,16356.271061607646,3,58
2021-08-12,16365.25,16374.45,16361.65,16364.15,14:05:00,16357.126198597394,3,59
2021-08-12,16348.8,16366.2,16348.8,16366.2,14:10:00,16356.333227302404,3,60
2021-08-12,16346.6,16355.25,16341.9,16348.7,14:15:00,16355.406253273602,3,61
2021-08-12,16342.95,16348.45,16340.35,16346.95,14:20:00,16354.219943438022,3,62
2021-08-12,16341.95,16349.8,16341.3,16343.5,14:25:00,16353.051377396305,3,63
2021-08-12,16345.45,16346.75,16338.4,16342.55,14:30:00,16352.327436691896,3,64
2021-08-12,16351.3,16359.1,16345.85,16346.35,14:35:00,16352.22958557838,3,65
2021-08-12,16350.45,16354.35,16345.3,16352.3,14:40:00,16352.060101237585,3,66
2021-08-12,16349.7,16353.5,16345.4,16350.6,14:45:00,16351.835329691148,3,67
2021-08-12,16349.4,16352.65,16345.35,16349.95,14:50:00,16351.603393530087,3,68
2021-08-12,16360.25,16360.25,16343.5,16349.0,14:55:00,16352.426879860555,3,69
2021-08-12,16372.1,16372.1,16359.8,16359.8,15:00:00,16354.300510350027,3,70
2021-08-12,16364.15,16373.25,16363.8,16371.4,15:05:00,16355.23855698336,3,71
2021-08-12,16357.3,16365.85,16355.45,16365.85,15:10:00,16355.434884889706,3,72
2021-08-12,16368.6,16370.2,16357.5,16358.1,15:15:00,16356.6887053764,3,73
2021-08-12,16366.0,16371.65,16361.35,16368.25,15:20:00,16357.575495340552,3,74
2021-08-12,16359.9,16368.15,16356.85,16366.85,15:25:00,16357.796876736693,3,75
2021-08-13,16422.5,16422.65,16376.3,16391.6,09:15:00,16363.959078952244,4,1
2021-08-13,16426.35,16435.45,16419.75,16426.15,09:20:00,16369.901071432983,4,2
2021-08-13,16438.25,16440.55,16421.05,16426.9,09:25:00,16376.41049320127,4,3
2021-08-13,16438.95,16443.85,16432.6,16439.05,09:30:00,16382.366636705912,4,4
2021-08-13,16439.9,16442.8,16432.0,16439.55,09:35:00,16387.846004638683,4,5
2021-08-13,16441.75,16446.25,16432.0,16440.35,09:40:00,16392.979718482617,4,6
2021-08-13,16432.35,16445.9,16426.6,16442.15,09:45:00,16396.729269103318,4,7
2021-08-13,16444.35,16444.35,16430.1,16432.8,09:50:00,16401.264576807764,4,8
2021-08-13,16441.7,16447.5,16439.45,16444.5,09:55:00,16405.115569492737,4,9
2021-08-13,16439.1,16443.0,16435.9,16443.0,10:00:00,16408.352181922,4,10
2021-08-13,16436.15,16443.55,16433.65,16438.6,10:05:00,16410.999593167522,4,11
2021-08-13,16444.2,16444.2,16429.4,16435.95,10:10:00,16414.161536675376,4,12
2021-08-13,16445.05,16449.95,16442.35,16442.7,10:15:00,16417.103295087243,4,13
2021-08-13,16436.35,16447.35,16434.7,16444.65,10:20:00,16418.936314602743,4,14
2021-08-13,16440.4,16442.6,16434.1,16435.45,10:25:00,16420.98047511677,4,15
2021-08-13,16443.1,16447.9,16437.4,16440.05,10:30:00,16423.08709653422,4,16
2021-08-13,16450.9,16453.8,16440.55,16442.95,10:35:00,16425.735944483342,4,17
2021-08-13,16459.1,16461.75,16450.35,16450.4,10:40:00,16428.913473580167,4,18
2021-08-13,16455.2,16460.9,16454.2,16459.95,10:45:00,16431.416952286818,4,19
2021-08-13,16461.75,16464.4,16454.15,16455.05,10:50:00,16434.305813973788,4,20
2021-08-13,16463.65,16465.5,16455.4,16461.25,10:55:00,16437.100498357235,4,21
2021-08-13,16460.65,16466.1,16459.4,16464.75,11:00:00,16439.3433080375,4,22
2021-08-13,16466.7,16468.45,16458.05,16460.3,11:05:00,16441.948707272022,4,23
2021-08-13,16471.65,16472.55,16465.45,16467.5,11:10:00,16444.777401817544,4,24
2021-08-13,16469.15,16473.85,16465.8,16472.85,11:15:00,16447.098601644444,4,25
2021-08-13,16472.75,16478.7,16469.2,16470.2,11:20:00,16449.54159196402,4,26
2021-08-13,16468.3,16474.0,16456.2,16474.0,11:25:00,16451.328107015066,4,27
2021-08-13,16475.75,16477.2,16467.55,16468.65,11:30:00,16453.65400158506,4,28
2021-08-13,16477.1,16479.55,16474.1,16477.05,11:35:00,16455.886953815054,4,29
2021-08-13,16483.1,16487.1,16476.85,16478.3,11:40:00,16458.478672499336,4,30
2021-08-13,16485.8,16489.7,16482.05,16484.1,11:45:00,16461.080703689873,4,31
2021-08-13,16496.65,16499.05,16484.15,16486.7,11:50:00,16464.46825571941,4,32
2021-08-13,16488.85,16500.4,16485.9,16497.2,11:55:00,16466.790326603274,4,33
2021-08-13,16486.35,16490.85,16481.45,16488.7,12:00:00,16468.653152641054,4,34
2021-08-13,16487.1,16492.55,16484.75,16487.7,12:05:00,16470.409995246668,4,35
2021-08-13,16489.35,16489.9,16481.75,16488.0,12:10:00,16472.213805223175,4,36
2021-08-13,16483.9,16489.85,16480.3,16489.8,12:15:00,16473.326776154303,4,37
2021-08-13,16492.7,16495.25,16483.7,16484.95,12:20:00,16475.171845091987,4,38
2021-08-13,16495.45,16500.65,16492.1,16492.95,12:25:00,16477.10309794037,4,39
2021-08-13,16491.8,16496.75,16487.2,16496.75,12:30:00,16478.50280289843,4,40
2021-08-13,16497.3,16498.55,16489.5,16492.85,12:35:00,16480.293012146198,4,41
2021-08-13,16496.75,16502.8,16492.45,16496.85,12:40:00,16481.86034432275,4,42
2021-08-13,16505.35,16506.6,16494.1,16496.85,12:45:00,16484.09745438725,4,43
2021-08-13,16504.4,16506.85,16495.4,16505.5,12:50:00,16486.031030159895,4,44
2021-08-13,16491.75,16507.35,16489.75,16506.65,12:55:00,16486.57569395419,4,45
2021-08-13,16480.65,16493.1,16470.9,16491.2,13:00:00,16486.011342149028,4,46
2021-08-13,16469.5,16481.0,16468.85,16481.0,13:05:00,16484.43883337293,4,47
2021-08-13,16489.85,16493.3,16468.05,16470.1,13:10:00,16484.954182575508,4,48
2021-08-13,16486.25,16490.35,16482.75,16490.25,13:15:00,16485.077593758793,4,49
2021-08-13,16493.0,16499.85,16486.6,16487.9,13:20:00,16485.832108638908,4,50
2021-08-13,16486.35,16499.65,16486.35,16495.1,13:25:00,16485.88143162568,4,51
2021-08-13,16487.1,16492.0,16484.8,16487.5,13:30:00,16485.99748575657,4,52
2021-08-13,16475.55,16493.4,16474.2,16487.85,13:35:00,16485.002487113084,4,53
2021-08-13,16476.85,16486.75,16471.65,16475.4,13:40:00,16484.226059768982,4,54
2021-08-13,16493.9,16496.0,16474.75,16476.2,13:45:00,16485.14738741003,4,55
2021-08-13,16496.75,16504.9,16492.7,16494.35,13:50:00,16486.252398132885,4,56
2021-08-13,16499.3,16505.65,16496.55,16498.0,13:55:00,16487.495026882134,4,57
2021-08-13,16503.7,16505.2,16495.6,16500.65,14:00:00,16489.038357655263,4,58
2021-08-13,16503.75,16505.8,16496.8,16505.8,14:05:00,16490.43946645,4,59
2021-08-13,16519.55,16520.7,16502.35,16505.2,14:10:00,16493.21189821667,4,60
2021-08-13,16505.65,16522.25,16502.45,16520.75,14:15:00,16494.39647933889,4,61
2021-08-13,16520.0,16520.6,16505.2,16505.6,14:20:00,16496.834909878045,4,62
2021-08-13,16516.35,16520.9,16511.25,16520.35,14:25:00,16498.693489889658,4,63
2021-08-13,16511.45,16517.3,16507.4,16517.3,14:30:00,16499.908395614453,4,64
2021-08-13,16516.35,16519.45,16507.55,16511.25,14:35:00,16501.47426269879,4,65
2021-08-13,16534.9,16536.65,16516.3,16517.6,14:40:00,16504.65766625129,4,66
2021-08-13,16526.95,16538.25,16526.5,16535.3,14:45:00,16506.780745655928,4,67
2021-08-13,16524.65,16531.25,16519.95,16527.75,14:50:00,16508.482579402982,4,68
2021-08-13,16533.25,16533.25,16519.25,16524.75,14:55:00,16510.841381364604,4,69
2021-08-13,16537.05,16543.6,16532.7,16534.55,15:00:00,16513.33744028226,4,70
2021-08-13,16531.15,16538.7,16527.25,16537.45,15:05:00,16515.03387454109,4,71
2021-08-13,16524.45,16535.85,16524.45,16531.65,15:10:00,16515.930648394322,4,72
2021-08-13,16531.75,16532.35,16524.1,16526.1,15:15:00,16517.43725330915,4,73
2021-08-13,16523.15,16537.05,16519.2,16532.75,15:20:00,16517.981324422562,4,74
2021-08-13,16517.0,16525.25,16514.5,16523.7,15:25:00,16517.887864953747,4,75
2021-08-16,16547.1,16550.75,16499.2,16520.35,09:15:00,16520.66997305339,0,1
2021-08-16,16541.0,16546.1,16522.05,16545.4,09:20:00,16522.606166095924,0,2
2021-08-16,16537.2,16546.45,16531.1,16541.7,09:25:00,16523.99605503917,0,3
2021-08-16,16499.0,16542.55,16498.6,16538.1,09:30:00,16521.61547836877,0,4
2021-08-16,16488.95,16503.25,16481.6,16497.9,09:35:00,16518.50448042889,0,5
2021-08-16,16509.25,16511.5,16480.75,16488.2,09:40:00,16517.62310134042,0,6
2021-08-16,16514.1,16518.0,16493.1,16509.1,09:45:00,16517.28756787943,0,7
2021-08-16,16503.15,16514.1,16496.45,16513.75,09:50:00,16515.941132843294,0,8
2021-08-16,16529.85,16530.1,16501.15,16502.7,09:55:00,16517.265786858217,0,9
2021-08-16,16520.0,16546.25,16520.0,16531.75,10:00:00,16517.526188109816,0,10
2021-08-16,16531.1,16534.2,16515.4,16519.2,10:05:00,16518.818932099355,0,11
2021-08-16,16535.9,16539.4,16527.55,16530.8,10:10:00,16520.445700470846,0,12
2021-08-16,16540.4,16540.9,16533.3,16536.9,10:15:00,16522.346109949813,0,13
2021-08-16,16541.95,16542.95,16536.05,16540.75,10:20:00,16524.21314709745,0,14
2021-08-16,16542.8,16549.0,16540.45,16542.6,10:25:00,16525.98332356436,0,15
2021-08-16,16537.05,16546.25,16533.8,16544.6,10:30:00,16527.037292748708,0,16
2021-08-16,16528.05,16537.35,16524.65,16536.9,10:35:00,16527.133741058355,0,17
2021-08-16,16526.45,16530.7,16523.35,16528.2,10:40:00,16527.06862286232,0,18
2021-08-16,16543.0,16543.1,16524.6,16526.2,10:45:00,16528.585896875433,0,19
2021-08-16,16534.9,16546.4,16534.9,16542.6,10:50:00,16529.18724003015,0,20
2021-08-16,16532.5,16535.85,16529.05,16535.75,10:55:00,16529.50274097966,0,21
2021-08-16,16547.1,16547.55,16533.05,16533.35,11:00:00,16531.17867041017,0,22
2021-08-16,16571.65,16573.95,16547.15,16547.15,11:05:00,16535.03308275206,0,23
2021-08-16,16571.0,16575.65,16566.7,16572.15,11:10:00,16538.45850344234,0,24
2021-08-16,16574.05,16577.3,16566.4,16572.1,11:15:00,16541.848169781166,0,25
2021-08-16,16572.55,16574.4,16566.75,16574.3,11:20:00,16544.77215361153,0,26
2021-08-16,16574.6,16585.45,16568.35,16572.35,11:25:00,16547.612900886623,0,27
2021-08-16,16568.45,16577.3,16566.1,16573.65,11:30:00,16549.597386516467,0,28
2021-08-16,16567.35,16571.5,16560.55,16568.75,11:35:00,16551.288111610138,0,29
2021-08-16,16554.9,16567.45,16552.95,16567.4,11:40:00,16551.6321009806,0,30
2021-08-16,16555.85,16564.65,16551.35,16555.8,11:45:00,16552.033805649116,0,31
2021-08-16,16566.1,16569.05,16555.45,16555.45,11:50:00,16553.373443206343,0,32
2021-08-16,16556.15,16565.4,16554.05,16565.4,11:55:00,16553.63787718669,0,33
2021-08-16,16556.35,16566.7,16553.7,16556.7,12:00:00,16553.89617459748,0,34
2021-08-16,16556.6,16560.65,16553.25,16556.65,12:05:00,16554.153681778673,0,35
2021-08-16,16567.7,16567.7,16550.95,16556.5,12:10:00,16555.44380732356,0,36
2021-08-16,16561.5,16568.65,16557.35,16568.65,12:15:00,16556.02058757846,0,37
2021-08-16,16555.5,16561.1,16550.0,16560.7,12:20:00,16555.971007809083,0,38
2021-08-16,16555.8,16559.5,16554.2,16555.25,12:25:00,16555.954721351074,0,39
2021-08-16,16537.25,16556.65,16537.25,16556.5,12:30:00,16554.173319317637,0,40
2021-08-16,16539.75,16545.0,16530.4,16536.15,12:35:00,16552.799669858814,0,41
2021-08-16,16551.45,16551.5,16539.3,16539.3,12:40:00,16552.67112987226,0,42
2021-08-16,16571.6,16572.3,16548.3,16550.25,12:45:00,16554.473879408233,0,43
2021-08-16,16563.45,16572.95,16562.9,16570.65,12:50:00,16555.32874803602,0,44
2021-08-16,16555.1,16568.0,16553.5,16564.95,12:55:00,16555.30696250878,0,45
2021-08-16,16554.35,16560.05,16551.8,16556.3,13:00:00,16555.21582322223,0,46
2021-08-16,16558.55,16561.7,16554.05,16554.25,13:05:00,16555.533363867733,0,47
2021-08-16,16564.85,16564.85,16554.6,16558.2,13:10:00,16556.420662546996,0,48
2021-08-16,16565.75,16568.6,16559.05,16564.9,13:15:00,16557.309170875855,0,49
2021-08-16,16567.75,16568.15,16558.95,16563.95,13:20:00,16558.303535554347,0,50
2021-08-16,16566.2,16568.5,16560.3,16567.65,13:25:00,16559.055579787266,0,51
2021-08-16,16569.4,16570.4,16561.8,16567.6,13:30:00,16560.04076266467,0,52
2021-08-16,16565.95,16572.55,16564.9,16569.65,13:35:00,16560.603547172796,0,53
2021-08-16,16557.15,16568.9,16556.3,16565.8,13:40:00,16560.274637918243,0,54
2021-08-16,16558.8,16562.5,16552.15,16556.3,13:45:00,16560.134196211744,0,55
2021-08-16,16555.15,16557.45,16551.1,16557.3,13:50:00,16559.659510858244,0,56
2021-08-16,16571.5,16572.2,16554.45,16555.4,13:55:00,16560.78717649079,0,57
2021-08-16,16567.6,16575.95,16565.35,16573.35,14:00:00,16561.436016825,0,58
2021-08-16,16560.5,16568.2,16560.1,16568.2,14:05:00,16561.346872365473,0,59
2021-08-16,16567.15,16572.0,16558.75,16560.9,14:10:00,16561.89955118781,0,60
2021-08-16,16558.75,16570.0,16558.05,16566.7,14:15:00,16561.599593931827,0,61
2021-08-16,16562.3,16562.75,16557.45,16558.25,14:20:00,16561.666299271652,0,62
2021-08-16,16560.7,16567.3,16555.05,16562.45,14:25:00,16561.57427076959,0,63
2021-08-16,16575.8,16576.9,16557.1,16559.7,14:30:00,16562.92910212487,0,64
2021-08-16,16579.85,16580.05,16572.85,16575.65,14:35:00,16564.540616208214,0,65
2021-08-16,16580.25,16583.15,16574.65,16579.8,14:40:00,16566.036747997907,0,66
2021-08-16,16584.9,16584.9,16578.05,16581.05,14:45:00,16567.833248188585,0,67
2021-08-16,16576.1,16589.4,16575.7,16584.75,14:50:00,16568.62055788491,0,68
2021-08-16,16573.7,16579.8,16570.85,16577.1,14:55:00,16569.104314276825,0,69
2021-08-16,16571.95,16579.75,16566.15,16575.1,15:00:00,16569.375331964748,0,70
2021-08-16,16570.85,16573.85,16565.75,16572.9,15:05:00,16569.515776539534,0,71
2021-08-16,16568.3,16573.3,16565.85,16571.3,15:10:00,16569.399988297675,0,72
2021-08-16,16559.5,16571.9,16558.5,16567.85,15:15:00,16568.457132269326,0,73
2021-08-16,16555.15,16564.3,16550.95,16559.35,15:20:00,16567.189786338913,0,74
2021-08-16,16546.7,16556.2,16543.65,16554.55,15:25:00,16565.23837811616,0,75
2021-08-17,16542.2,16547.55,16516.6,16547.55,09:15:00,16563.044246867,1,1
2021-08-17,16566.0,16567.35,16526.65,16538.0,09:20:00,16563.32574716538,1,2
2021-08-17,16576.55,16591.4,16566.15,16566.95,09:25:00,16564.585199816298,1,3
2021-08-17,16573.45,16585.15,16570.45,16577.6,09:30:00,16565.42946650046,1,4
2021-08-17,16575.0,16582.45,16570.0,16572.45,09:35:00,16566.34094588137,1,5
2021-08-17,16572.75,16579.65,16567.9,16575.35,09:40:00,16566.951331987904,1,6
2021-08-17,16556.35,16573.1,16555.45,16572.25,09:45:00,16565.94168132239,1,7
2021-08-17,16546.0,16557.85,16543.55,16556.0,09:50:00,16564.0424735774,1,8
2021-08-17,16537.95,16552.6,16537.85,16545.1,09:55:00,16561.55747609384,1,9
2021-08-17,16559.7,16560.05,16537.6,16538.95,10:00:00,16561.380573608712,1,10
2021-08-17,16559.8,16570.05,16557.9,16561.0,10:05:00,16561.230042788833,1,11
2021-08-17,16561.2,16568.05,16552.65,16559.75,10:10:00,16561.22718157085,1,12
2021-08-17,16561.25,16568.5,16557.15,16561.8,10:15:00,16561.229354754578,1,13
2021-08-17,16568.0,16570.1,16560.95,16561.3,10:20:00,16561.874178111284,1,14
2021-08-17,16561.7,16569.45,16559.55,16568.35,10:25:00,16561.857589719733,1,15
2021-08-17,16575.3,16578.4,16554.8,16561.35,10:30:00,16563.137819270236,1,16
2021-08-17,16577.0,16582.4,16573.65,16575.4,10:35:00,16564.458026958782,1,17
2021-08-17,16578.45,16581.1,16573.45,16577.25,10:40:00,16565.79059581985,1,18
2021-08-17,16578.3,16584.5,16577.85,16577.85,10:45:00,16566.98196764653,1,19
2021-08-17,16570.2,16579.65,16566.7,16579.5,10:50:00,16567.28844691829,1,20
2021-08-17,16577.4,16577.4,16569.55,16570.7,10:55:00,16568.25145197369,1,21
2021-08-17,16574.4,16577.9,16569.6,16576.8,11:00:00,16568.8370279762,1,22
2021-08-17,16573.7,16576.15,16570.25,16574.8,11:05:00,16569.300168168942,1,23
2021-08-17,16577.15,16579.45,16572.6,16573.25,11:10:00,16570.047771200472,1,24
2021-08-17,16574.95,16579.35,16574.4,16577.6,11:15:00,16570.514650133762,1,25
2021-08-17,16582.75,16582.75,16574.05,16574.45,11:20:00,16571.679921549596,1,26
2021-08-17,16584.6,16584.85,16579.9,16582.45,11:25:00,16572.91040521154,1,27
2021-08-17,16576.6,16587.15,16576.5,16584.2,11:30:00,16573.261795191393,1,28
2021-08-17,16574.95,16579.0,16573.55,16576.55,11:35:00,16573.422576601737,1,29
2021-08-17,16565.55,16576.95,16563.2,16574.6,11:40:00,16572.672807401574,1,30
2021-08-17,16555.55,16567.65,16555.55,16565.8,11:45:00,16571.04206383952,1,31
2021-08-17,16555.65,16563.0,16552.75,16557.35,11:50:00,16569.57615299766,1,32
2021-08-17,16542.05,16556.7,16541.7,16555.1,11:55:00,16566.95461461693,1,33
2021-08-17,16509.05,16540.95,16507.9,16540.75,12:00:00,16561.43988941532,1,34
2021-08-17,16516.25,16519.4,16495.5,16509.1,12:05:00,16557.136090423384,1,35
2021-08-17,16525.8,16529.55,16512.4,16516.85,12:10:00,16554.151700859253,1,36
2021-08-17,16528.95,16534.2,16523.45,16525.55,12:15:00,16551.751538872657,1,37
2021-08-17,16541.45,16542.9,16528.35,16529.75,12:20:00,16550.770439932407,1,38
2021-08-17,16537.9,16543.55,16530.8,16541.05,12:25:00,16549.54468374837,1,39
2021-08-17,16541.95,16545.8,16534.05,16538.15,12:30:00,16548.82138053424,1,40
2021-08-17,16521.15,16542.3,16520.55,16542.3,12:35:00,16546.186010959547,1,41
2021-08-17,16511.35,16521.75,16506.25,16520.9,12:40:00,16542.86829563007,1,42
2021-08-17,16526.9,16529.45,16507.7,16512.7,12:45:00,16541.347505570062,1,43
2021-08-17,16517.6,16529.7,16517.3,16527.2,12:50:00,16539.085838372914,1,44
2021-08-17,16512.2,16522.15,16509.15,16519.35,12:55:00,16536.5252823374,1,45
2021-08-17,16509.8,16514.35,16495.4,16512.4,13:00:00,16533.980017352886,1,46
2021-08-17,16524.4,16530.75,16510.1,16510.1,13:05:00,16533.06763474785,1,47
2021-08-17,16530.9,16535.45,16522.3,16524.85,13:10:00,16532.861193343295,1,48
2021-08-17,16531.75,16539.9,16529.1,16531.25,13:15:00,16532.75536540584,1,49
2021-08-17,16529.5,16546.25,16528.2,16532.6,13:20:00,16532.445330605282,1,50
2021-08-17,16534.65,16537.0,16522.45,16528.9,13:25:00,16532.655299119066,1,51
2021-08-17,16556.35,16559.5,16531.35,16534.75,13:30:00,16534.911937298202,1,52
2021-08-17,16559.45,16560.65,16550.9,16557.15,13:35:00,16537.248895650755,1,53
2021-08-17,16565.35,16566.75,16553.5,16560.15,13:40:00,16539.925191303064,1,54
2021-08-17,16561.2,16572.0,16561.2,16566.15,13:45:00,16541.951363559914,1,55
2021-08-17,16562.45,16564.25,16550.7,16561.5,13:50:00,16543.903614649447,1,56
2021-08-17,16561.0,16566.75,16559.0,16562.9,13:55:00,16545.53184182569,1,57
2021-08-17,16565.05,16565.25,16557.6,16559.65,14:00:00,16547.39071403277,1,58
2021-08-17,16571.75,16574.6,16561.85,16565.25,14:05:00,16549.71064602965,1,59
2021-08-17,16576.25,16577.85,16571.9,16572.35,14:10:00,16552.238203550634,1,60
2021-08-17,16565.95,16586.0,16565.75,16576.7,14:15:00,16553.544088926763,1,61
2021-08-17,16567.4,16575.5,16553.6,16566.3,14:20:00,16554.863699505167,1,62
2021-08-17,16567.35,16577.15,16564.55,16567.45,14:25:00,16556.052870980864,1,63
2021-08-17,16565.8,16572.6,16563.4,16568.05,14:30:00,16556.981168982686,1,64
2021-08-17,16555.7,16569.35,16555.3,16565.95,14:35:00,16556.859152889097,1,65
2021-08-17,16563.65,16566.9,16555.35,16556.1,14:40:00,16557.505900232994,1,66
2021-08-17,16551.7,16565.15,16542.45,16563.25,14:45:00,16556.95295735366,1,67
2021-08-17,16564.5,16568.6,16552.2,16552.2,14:50:00,16557.671723319978,1,68
2021-08-17,16563.4,16567.3,16561.0,16565.35,14:55:00,16558.21727347998,1,69
2021-08-17,16608.35,16610.1,16564.4,16564.45,15:00:00,16562.991818862836,1,70
2021-08-17,16615.3,16619.85,16603.95,16608.6,15:05:00,16567.97355039971,1,71
2021-08-17,16622.0,16623.9,16613.9,16614.35,15:10:00,16573.11892655212,1,72
2021-08-17,16620.95,16628.55,16613.1,16622.1,15:15:00,16577.67426688049,1,73
2021-08-17,16620.05,16626.35,16615.5,16621.0,15:20:00,16581.71005098711,1,74
2021-08-17,16611.2,16624.0,16602.7,16620.4,15:25:00,16584.518617559766,1,75
2021-08-18,16675.1,16681.9,16661.95,16664.35,09:15:00,16593.145415887408,2,1
2021-08-18,16681.9,16686.95,16673.45,16677.3,09:20:00,16601.59823342194,2,2
2021-08-18,16685.25,16693.0,16677.3,16683.8,09:25:00,16609.565068334137,2,3
2021-08-18,16679.95,16691.2,16678.0,16688.1,09:30:00,16616.26839515946,2,4
2021-08-18,16659.4,16680.85,16656.35,16679.2,09:35:00,16620.376167049035,2,5
2021-08-18,16669.5,16676.45,16656.15,16658.2,09:40:00,16625.05462733008,2,6
2021-08-18,16683.95,16683.95,16668.05,16668.8,09:45:00,16630.6637104415,2,7
2021-08-18,16687.05,16688.6,16680.85,16684.4,09:50:00,16636.03383325659,2,8
2021-08-18,16685.2,16687.75,16682.45,16686.85,09:55:00,16640.716325327394,2,9
2021-08-18,16681.8,16689.0,16677.1,16685.95,10:00:00,16644.629056248592,2,10
2021-08-18,16686.15,16690.1,16672.35,16681.15,10:05:00,16648.583431843963,2,11
2021-08-18,16696.55,16698.05,16681.45,16686.0,10:10:00,16653.151676430254,2,12
2021-08-18,16692.3,16701.35,16689.3,16697.55,10:15:00,16656.8800881988,2,13
2021-08-18,16688.75,16693.3,16684.45,16693.1,10:20:00,16659.915317894152,2,14
2021-08-18,16691.6,16698.25,16688.7,16689.05,10:25:00,16662.932906666138,2,15
2021-08-18,16694.2,16701.85,16690.9,16692.55,10:30:00,16665.910725078887,2,16
2021-08-18,16694.35,16700.95,16693.75,16694.0,10:35:00,16668.619227452327,2,17
2021-08-18,16693.4,16701.25,16689.6,16694.55,10:40:00,16670.979301028296,2,18
2021-08-18,16680.65,16694.85,16677.9,16692.5,10:45:00,16671.900319977984,2,19
2021-08-18,16680.65,16683.8,16675.45,16679.9,10:50:00,16672.733622837222,2,20
2021-08-18,16676.4,16684.5,16676.4,16680.5,10:55:00,16673.08280161463,2,21
2021-08-18,16678.05,16680.55,16672.3,16677.25,11:00:00,16673.55586812752,2,22
2021-08-18,16682.0,16690.0,16677.0,16678.15,11:05:00,16674.360071162995,2,23
2021-08-18,16679.55,16683.7,16675.45,16682.1,11:10:00,16674.854350099853,2,24
2021-08-18,16667.25,16681.9,16665.8,16679.6,11:15:00,16674.13012628082,2,25
2021-08-18,16670.95,16671.85,16665.6,16667.3,11:20:00,16673.827257111217,2,26
2021-08-18,16666.95,16676.55,16666.95,16670.7,11:25:00,16673.17228024348,2,27
2021-08-18,16672.45,16676.0,16662.45,16667.35,11:30:00,16673.103491648864,2,28
2021-08-18,16671.9,16678.7,16670.75,16672.9,11:35:00,16672.988873396593,2,29
2021-08-18,16662.7,16672.55,16659.55,16672.55,11:40:00,16672.008980692157,2,30
2021-08-18,16651.25,16665.15,16649.95,16662.1,11:45:00,16670.031934911953,2,31
2021-08-18,16656.05,16658.75,16648.7,16649.9,11:50:00,16668.700322063196,2,32
2021-08-18,16667.55,16670.9,16653.75,16655.85,11:55:00,16668.590767580987,2,33
2021-08-18,16653.15,16668.75,16653.15,16666.75,12:00:00,16667.12021828756,2,34
2021-08-18,16639.85,16655.9,16639.4,16653.35,12:05:00,16664.523054641126,2,35
2021-08-18,16640.15,16651.35,16638.9,16640.15,12:10:00,16662.201811341973,2,36
2021-08-18,16650.95,16652.1,16634.7,16640.95,12:15:00,16661.130210261785,2,37
2021-08-18,16660.55,16660.55,16649.45,16651.25,12:20:00,16661.074952141615,2,38
2021-08-18,16655.2,16660.55,16653.15,16660.5,12:25:00,16660.51543289003,2,39
2021-08-18,16646.1,16655.35,16641.45,16655.35,12:30:00,16659.142534519553,2,40
2021-08-18,16626.3,16648.5,16625.05,16646.3,12:35:00,16656.014674089118,2,41
2021-08-18,16624.95,16634.55,16624.45,16624.95,12:40:00,16653.056133699676,2,42
2021-08-18,16609.35,16625.25,16609.25,16625.25,12:45:00,16648.893644775897,2,43
2021-08-18,16610.65,16611.35,16597.7,16609.4,12:50:00,16645.251392892478,2,44
2021-08-18,16591.65,16610.65,16588.8,16610.15,12:55:00,16640.14649833129,2,45
2021-08-18,16581.3,16592.45,16578.0,16592.45,13:00:00,16634.54206991879,2,46
2021-08-18,16579.85,16594.95,16568.2,16581.35,13:05:00,16629.333301355095,2,47
2021-08-18,16581.75,16589.7,16578.5,16580.55,13:10:00,16624.801558368894,2,48
2021-08-18,16592.5,16594.0,16581.3,16582.05,13:15:00,16621.72521947662,2,49
2021-08-18,16597.45,16603.0,16592.3,16592.85,13:20:00,16619.41329381218,2,50
2021-08-18,16581.6,16599.05,16579.5,16598.8,13:25:00,16615.812027734828,2,51
2021-08-18,16581.35,16582.75,16561.65,16582.75,13:30:00,16612.529929855322,2,52
2021-08-18,16572.5,16592.35,16568.95,16582.2,13:35:00,16608.717555583386,2,53
2021-08-18,16570.45,16581.15,16568.75,16572.45,13:40:00,16605.073026480208,2,54
2021-08-18,16576.0,16580.65,16569.4,16569.7,13:45:00,16602.304166815426,2,55
2021-08-18,16578.3,16582.65,16570.45,16575.85,13:50:00,16600.018055690147,2,56
2021-08-18,16581.8,16583.7,16566.45,16578.1,13:55:00,16598.283002767275,2,57
2021-08-18,16571.65,16587.2,16571.65,16582.85,14:00:00,16595.746526313247,2,58
2021-08-18,16571.9,16577.0,16568.0,16571.7,14:05:00,16593.47542856913,2,59
2021-08-18,16563.85,16575.8,16556.1,16571.55,14:10:00,16590.653959181596,2,60
2021-08-18,16566.15,16571.55,16556.2,16563.95,14:15:00,16588.320248783348,2,61
2021-08-18,16573.05,16579.6,16565.35,16566.45,14:20:00,16586.86593937541,2,62
2021-08-18,16545.6,16575.15,16540.8,16570.6,14:25:00,16582.935849911082,2,63
2021-08-18,16543.15,16559.15,16541.7,16543.3,14:30:00,16579.146721348123,2,64
2021-08-18,16551.75,16552.7,16537.8,16542.55,14:35:00,16576.537509791156,2,65
2021-08-18,16542.85,16557.2,16541.05,16552.3,14:40:00,16573.32917552533,2,66
2021-08-18,16539.45,16550.55,16535.85,16542.3,14:45:00,16570.10258738006,2,67
2021-08-18,16548.8,16552.95,16538.35,16539.9,14:50:00,16568.07376953434,2,68
2021-08-18,16563.55,16563.55,16540.0,16548.9,14:55:00,16567.642934340594,2,69
2021-08-18,16584.15,16584.15,16559.45,16565.85,15:00:00,16569.215035831967,2,70
2021-08-18,16585.85,16590.3,16577.45,16584.9,15:05:00,16570.799318133682,2,71
2021-08-18,16576.6,16586.95,16575.85,16586.15,15:10:00,16571.351764025712,2,72
2021-08-18,16560.2,16580.1,16557.5,16577.3,15:15:00,16570.289691261358,2,73
2021-08-18,16558.2,16566.5,16553.85,16560.8,15:20:00,16569.13829209361,2,74
2021-08-18,16552.05,16560.1,16545.75,16558.0,15:25:00,16567.51083570374,2,75
2021-08-20,16458.75,16459.25,16376.05,16402.65,09:15:00,16557.15266087481,4,1
2021-08-20,16453.75,16460.8,16431.75,16460.2,09:20:00,16547.304788410544,4,2
2021-08-20,16462.3,16476.95,16446.55,16453.4,09:25:00,16539.209094276204,4,3
2021-08-20,16485.4,16488.3,16454.75,16462.9,09:30:00,16534.084418630853,4,4
2021-08-20,16488.75,16495.0,16477.95,16485.6,09:35:00,16529.766854951722,4,5
2021-08-20,16490.15,16502.35,16490.1,16490.15,09:40:00,16525.993821146796,4,6
2021-08-20,16503.15,16509.55,16476.4,16489.7,09:45:00,16523.818219132816,4,7
2021-08-20,16493.45,16509.25,16487.9,16503.6,09:50:00,16520.926007786835,4,8
2021-08-20,16476.15,16498.0,16475.95,16492.85,09:55:00,16516.66162609285,4,9
2021-08-20,16469.35,16478.55,16454.7,16475.25,10:00:00,16512.15575694115,4,10
2021-08-20,16454.15,16469.7,16452.7,16469.7,10:05:00,16506.63139913723,4,11
2021-08-20,16466.35,16466.35,16447.6,16454.3,10:10:00,16502.795075409875,4,12
2021-08-20,16479.45,16481.5,16460.05,16465.7,10:15:00,16500.57173489465,4,13
2021-08-20,16452.0,16486.4,16452.0,16479.1,10:20:00,16495.945855380873,4,14
2021-08-20,16453.75,16462.55,16445.7,16452.25,10:25:00,16491.927202487455,4,15
2021-08-20,16439.1,16459.2,16435.95,16453.25,10:30:00,16486.896040345793,4,16
2021-08-20,16425.75,16440.85,16423.6,16439.2,10:35:00,16481.072607931907,4,17
2021-08-20,16437.0,16440.3,16423.35,16425.5,10:40:00,16476.875216700297,4,18
2021-08-20,16436.9,16443.55,16431.7,16436.5,10:45:00,16473.068053205032,4,19
2021-08-20,16413.75,16437.45,16411.6,16436.7,10:50:00,16467.418714804553,4,20
2021-08-20,16409.65,16423.25,16404.6,16412.6,10:55:00,16461.916932442215,4,21
2021-08-20,16412.9,16427.95,16407.7,16409.15,11:00:00,16457.248653162005,4,22
2021-08-20,16412.85,16419.15,16407.05,16413.95,11:05:00,16453.020210003717,4,23
2021-08-20,16416.4,16416.55,16405.7,16413.3,11:10:00,16449.532570955744,4,24
2021-08-20,16429.95,16438.3,16417.2,16417.2,11:15:00,16447.667564198055,4,25
2021-08-20,16453.1,16455.9,16428.3,16429.4,11:20:00,16448.184939036335,4,26
2021-08-20,16446.45,16462.35,16443.25,16453.0,11:25:00,16448.01970674716,4,27
2021-08-20,16464.25,16465.9,16445.3,16447.15,11:30:00,16449.565448961715,4,28
2021-08-20,16480.9,16484.2,16461.85,16463.8,11:35:00,16452.549691917742,4,29
2021-08-20,16472.0,16491.45,16458.75,16481.25,11:40:00,16454.40210221129,4,30
2021-08-20,16464.0,16477.95,16460.65,16471.7,11:45:00,16455.316187714976,4,31
2021-08-20,16455.2,16469.7,16455.0,16463.35,11:50:00,16455.305122218313,4,32
2021-08-20,16464.25,16465.5,16452.55,16455.75,11:55:00,16456.15701534038,4,33
2021-08-20,16463.35,16473.3,16459.05,16464.7,12:00:00,16456.84206149844,4,34
2021-08-20,16470.3,16470.8,16457.75,16463.55,12:05:00,16458.12376992716,4,35
2021-08-20,16471.1,16473.6,16467.15,16470.05,12:10:00,16459.359601362667,4,36
2021-08-20,16469.65,16473.8,16465.1,16471.7,12:15:00,16460.33963932813,4,37
2021-08-20,16477.2,16479.1,16454.9,16469.75,12:20:00,16461.945387963548,4,38
2021-08-20,16474.7,16487.75,16471.95,16477.1,12:25:00,16463.160112919402,4,39
2021-08-20,16477.65,16480.65,16470.7,16475.45,12:30:00,16464.540102165174,4,40
2021-08-20,16472.9,16478.1,16454.35,16478.1,12:35:00,16465.336282911347,4,41
2021-08-20,16472.4,16476.05,16468.05,16473.4,12:40:00,16466.00901787217,4,42
2021-08-20,16462.35,16473.45,16461.2,16472.2,12:45:00,16465.66053997958,4,43
2021-08-20,16461.45,16465.15,16457.65,16462.45,12:50:00,16465.259536172,4,44
2021-08-20,16442.1,16461.15,16435.3,16461.15,12:55:00,16463.05386606038,4,45
2021-08-20,16444.15,16449.3,16434.35,16442.6,13:00:00,16461.253497864152,4,46
2021-08-20,16432.1,16443.15,16430.2,16442.75,13:05:00,16458.476974258043,4,47
2021-08-20,16440.6,16441.5,16424.95,16432.7,13:10:00,16456.77440528109,4,48
2021-08-20,16430.7,16441.3,16428.55,16440.8,13:15:00,16454.29112858765,4,49
2021-08-20,16430.45,16441.1,16428.05,16430.9,13:20:00,16452.020544912637,4,50
2021-08-20,16456.35,16461.55,16430.35,16430.35,13:25:00,16452.432873968573,4,51
2021-08-20,16455.0,16469.45,16452.3,16457.85,13:30:00,16452.677362162045,4,52
2021-08-20,16449.55,16458.25,16446.7,16454.25,13:35:00,16452.379518146612,4,53
2021-08-20,16441.8,16454.55,16441.45,16450.15,13:40:00,16451.37194498979,4,54
2021-08-20,16450.05,16453.7,16441.95,16442.05,13:45:00,16451.246045466953,4,55
2021-08-20,16435.6,16451.05,16430.75,16449.8,13:50:00,16449.755945898673,4,56
2021-08-20,16436.8,16442.15,16433.35,16436.75,13:55:00,16448.522046289276,4,57
2021-08-20,16446.3,16453.8,16435.65,16436.75,14:00:00,16448.310422833154,4,58
2021-08-20,16447.85,16455.05,16444.4,16446.45,14:05:00,16448.26657303952,4,59
2021-08-20,16466.5,16473.7,16448.9,16448.9,14:10:00,16450.0030898929,4,60
2021-08-20,16498.75,16506.5,16463.85,16467.3,14:15:00,16454.645652760242,4,61
2021-08-20,16480.1,16505.35,16480.1,16499.55,14:20:00,16457.069876306887,4,62
2021-08-20,16486.05,16489.75,16480.5,16480.5,14:25:00,16459.829888087184,4,63
2021-08-20,16493.55,16494.15,16486.2,16486.9,14:30:00,16463.041327316976,4,64
2021-08-20,16489.25,16501.05,16486.75,16493.95,14:35:00,16465.537391382026,4,65
2021-08-20,16471.15,16490.9,16463.2,16488.35,14:40:00,16466.07192553612,4,66
2021-08-20,16468.95,16473.5,16462.35,16470.9,14:45:00,16466.34602786601,4,67
2021-08-20,16481.3,16489.35,16466.55,16468.7,14:50:00,16467.770215688295,4,68
2021-08-20,16465.8,16482.8,16460.65,16481.8,14:55:00,16467.582576098936,4,69
2021-08-20,16476.2,16487.4,16466.4,16468.2,15:00:00,16468.403283137133,4,70
2021-08-20,16469.7,16477.85,16464.7,16477.3,15:05:00,16468.526779981217,4,71
2021-08-20,16460.55,16475.4,16460.55,16470.6,15:10:00,16467.767086649674,4,72
2021-08-20,16439.45,16461.95,16438.9,16461.55,15:15:00,16465.070221254467,4,73
2021-08-20,16417.7,16451.3,16417.15,16440.35,15:20:00,16460.558771611184,4,74
2021-08-20,16415.7,16425.85,16411.4,16418.15,15:25:00,16456.286507648216,4,75
2021-08-23,16560.7,16592.5,16550.0,16592.5,09:15:00,16466.230649776957,0,1
2021-08-23,16550.25,16567.0,16542.55,16560.4,09:20:00,16474.23249265534,0,2
2021-08-23,16549.2,16565.05,16544.85,16551.75,09:25:00,16481.372255259594,0,3
2021-08-23,16557.95,16561.1,16538.7,16549.75,09:30:00,16488.6653738063,0,4
2021-08-23,16534.85,16557.45,16533.25,16556.25,09:35:00,16493.06390963427,0,5
2021-08-23,16532.15,16541.25,16527.3,16534.4,09:40:00,16496.78639443101,0,6
2021-08-23,16546.95,16550.0,16530.1,16532.4,09:45:00,16501.563880675676,0,7
2021-08-23,16505.05,16548.75,16504.6,16547.1,09:50:00,16501.895892039898,0,8
2021-08-23,16500.85,16523.25,16497.45,16502.4,09:55:00,16501.796283274194,0,9
2021-08-23,16517.35,16517.35,16489.35,16500.8,10:00:00,16503.277589629033,0,10
2021-08-23,16514.45,16524.75,16509.65,16516.8,10:05:00,16504.341628711984,0,11
2021-08-23,16501.25,16519.25,16500.35,16513.15,10:10:00,16504.047187882272,0,12
2021-08-23,16497.3,16510.2,16492.3,16501.45,10:15:00,16503.40459856015,0,13
2021-08-23,16501.5,16508.65,16496.25,16497.85,10:20:00,16503.22320822109,0,14
2021-08-23,16479.95,16505.2,16479.7,16500.05,10:25:00,16501.006712200036,0,15
2021-08-23,16424.5,16480.15,16424.0,16479.1,10:30:00,16493.720358657174,0,16
2021-08-23,16445.55,16455.3,16404.8,16422.65,10:35:00,16489.132705451728,0,17
2021-08-23,16444.65,16463.55,16436.4,16444.5,10:40:00,16484.896257313467,0,18
2021-08-23,16423.2,16445.15,16406.45,16444.95,10:45:00,16479.02042328361,0,19
2021-08-23,16430.15,16431.25,16395.7,16423.25,10:50:00,16474.366097256603,0,20
2021-08-23,16443.5,16445.1,16418.55,16430.6,10:55:00,16471.42646894645,0,21
2021-08-23,16458.65,16468.45,16443.85,16443.9,11:00:00,16470.209662380123,0,22
2021-08-23,16477.95,16489.9,16458.55,16458.55,11:05:00,16470.94683739154,0,23
2021-08-23,16463.6,16477.8,16448.2,16477.45,11:10:00,16470.247138592345,0,24
2021-08-23,16465.25,16469.75,16444.2,16465.35,11:15:00,16469.77122063117,0,25
2021-08-23,16467.2,16478.75,16460.8,16464.2,11:20:00,16469.52634247582,0,26
2021-08-23,16477.95,16481.5,16463.2,16466.65,11:25:00,16470.32859557336,0,27
2021-08-23,16484.05,16489.3,16477.85,16479.3,11:30:00,16471.635395994945,0,28
2021-08-23,16477.8,16496.35,16477.35,16483.0,11:35:00,16472.222501138283,0,29
2021-08-23,16481.35,16486.15,16471.65,16477.35,11:40:00,16473.09178674416,0,30
2021-08-23,16484.1,16491.45,16477.05,16481.9,11:45:00,16474.140188006622,0,31
2021-08-23,16496.9,16499.05,16483.15,16483.15,11:50:00,16476.30778914885,0,32
2021-08-23,16498.5,16501.8,16487.65,16495.55,11:55:00,16478.421333039438,0,33
2021-08-23,16494.8,16500.65,16487.6,16499.85,12:00:00,16479.9812060833,0,34
2021-08-23,16508.05,16508.85,16494.25,16494.25,12:05:00,16482.654424551558,0,35
2021-08-23,16513.9,16520.05,16504.75,16509.1,12:10:00,16485.630193641886,0,36
2021-08-23,16507.55,16518.05,16507.2,16514.4,12:15:00,16487.717794247423,0,37
2021-08-23,16497.6,16508.0,16489.8,16508.0,12:20:00,16488.65895670005,0,38
2021-08-23,16502.35,16504.55,16487.25,16497.45,12:25:00,16489.96286558576,0,39
2021-08-23,16506.35,16510.45,16501.45,16503.3,12:30:00,16491.523545053784,0,40
2021-08-23,16493.05,16507.95,16489.1,16507.75,12:35:00,16491.66892171533,0,41
2021-08-23,16484.7,16503.9,16483.3,16494.25,12:40:00,16491.005214885296,0,42
2021-08-23,16492.85,16495.8,16478.25,16485.7,12:45:00,16491.180908705745,0,43
2021-08-23,16480.85,16497.2,16471.75,16493.85,12:50:00,16490.19701263853,0,44
2021-08-23,16487.15,16489.3,16475.05,16482.3,12:55:00,16489.90682095867,0,45
2021-08-23,16487.8,16491.25,16480.75,16487.05,13:00:00,16489.706171343558,0,46
2021-08-23,16490.35,16492.2,16478.55,16488.75,13:05:00,16489.767488358455,0,47
2021-08-23,16496.45,16503.45,16490.05,16490.05,13:10:00,16490.403918038603,0,48
2021-08-23,16506.25,16508.15,16494.0,16497.15,13:15:00,16491.913068701593,0,49
2021-08-23,16514.0,16517.3,16502.5,16506.35,13:20:00,16494.016585968107,0,50
2021-08-23,16510.0,16515.1,16502.4,16515.1,13:25:00,16495.53881587591,0,51
2021-08-23,16506.05,16510.5,16499.1,16510.3,13:30:00,16496.539881030585,0,52
2021-08-23,16514.1,16520.4,16505.9,16506.95,13:35:00,16498.212273313387,0,53
2021-08-23,16523.1,16525.4,16512.55,16515.4,13:40:00,16500.582532997825,0,54
2021-08-23,16513.75,16530.35,16513.75,16523.75,13:45:00,16501.836577474223,0,55
2021-08-23,16510.2,16519.35,16508.0,16514.5,13:50:00,16502.63309390525,0,56
2021-08-23,16520.1,16522.95,16505.0,16510.5,13:55:00,16504.296608771416,0,57
2021-08-23,16519.5,16526.65,16514.8,16521.85,14:00:00,16505.744550793188,0,58
2021-08-23,16521.95,16524.75,16509.9,16520.6,14:05:00,16507.287926908124,0,59
2021-08-23,16527.45,16537.05,16521.4,16522.85,14:10:00,16509.208124345445,0,60
2021-08-23,16519.55,16527.4,16513.6,16527.4,14:15:00,16510.193064883973,0,61
2021-08-23,16508.85,16529.95,16505.7,16519.1,14:20:00,16510.06515394264,0,62
2021-08-23,16516.8,16523.7,16506.85,16508.7,14:25:00,16510.706567852867,0,63
2021-08-23,16508.55,16524.7,16507.9,16517.85,14:30:00,16510.501180438307,0,64
2021-08-23,16506.2,16517.4,16488.85,16509.25,14:35:00,16510.091544206087,0,65
2021-08-23,16515.85,16521.3,16505.55,16506.5,14:40:00,16510.63996856741,0,66
2021-08-23,16506.0,16520.8,16506.0,16517.5,14:45:00,16510.198066799087,0,67
2021-08-23,16492.0,16511.2,16490.0,16507.0,14:50:00,16508.464917580128,0,68
2021-08-23,16495.05,16500.3,16487.25,16492.2,14:55:00,16507.18730638202,0,69
2021-08-23,16508.95,16517.9,16495.15,16495.6,15:00:00,16507.355181964685,0,70
2021-08-23,16502.05,16508.85,16495.4,16508.8,15:05:00,16506.849926539475,0,71
2021-08-23,16497.3,16508.2,16495.45,16502.15,15:10:00,16505.94040972619,0,72
2021-08-23,16491.25,16498.7,16488.65,16497.05,15:15:00,16504.5413230856,0,73
2021-08-23,16489.25,16499.0,16485.7,16491.35,15:20:00,16503.085006601257,0,74
2021-08-23,16487.9,16498.3,16485.95,16489.85,15:25:00,16501.638815496375,0,75
2021-08-24,16530.1,16585.25,16524.45,16566.4,09:15:00,16504.34940449672,1,1
2021-08-24,16531.0,16542.2,16512.55,16531.1,09:20:00,16506.887556449412,1,2
2021-08-24,16540.75,16551.0,16524.4,16531.6,09:25:00,16510.112551073278,1,3
2021-08-24,16546.8,16554.4,16541.65,16543.1,09:30:00,16513.606593828204,1,4
2021-08-24,16540.45,16547.55,16532.4,16545.85,09:35:00,16516.16310870171,1,5
2021-08-24,16533.05,16542.6,16529.95,16539.85,09:40:00,16517.77138406345,1,6
2021-08-24,16532.55,16547.6,16532.1,16532.6,09:45:00,16519.178871295502,1,7
2021-08-24,16505.7,16534.95,16505.35,16533.4,09:50:00,16517.895169267358,1,8
2021-08-24,16517.5,16517.85,16498.85,16505.65,09:55:00,16517.85753409904,1,9
2021-08-24,16508.6,16523.75,16504.95,16517.75,10:00:00,16516.975864184846,1,10
2021-08-24,16503.15,16514.5,16495.3,16508.9,10:05:00,16515.65911521486,1,11
2021-08-24,16515.55,16521.65,16502.45,16503.1,10:10:00,16515.648723289636,1,12
2021-08-24,16539.75,16543.55,16515.2,16515.2,10:15:00,16517.944082976337,1,13
2021-08-24,16538.05,16546.2,16536.65,16539.25,10:20:00,16519.858932216684,1,14
2021-08-24,16534.85,16543.75,16529.25,16538.6,10:25:00,16521.28665295795,1,15
2021-08-24,16539.5,16542.05,16532.8,16536.35,10:30:00,16523.021257438148,1,16
2021-08-24,16538.5,16546.0,16536.85,16538.95,10:35:00,16524.49542339642,1,17
2021-08-24,16532.3,16539.7,16531.2,16538.6,10:40:00,16525.238716406282,1,18
2021-08-24,16525.9,16538.25,16522.05,16533.35,10:45:00,16525.30169579616,1,19
2021-08-24,16535.35,16535.95,16523.15,16526.15,10:50:00,16526.258677148908,1,20
2021-08-24,16532.5,16536.55,16525.5,16535.65,10:55:00,16526.853088849013,1,21
2021-08-24,16536.2,16537.75,16531.0,16533.75,11:00:00,16527.743270863393,1,22
2021-08-24,16535.35,16538.0,16530.5,16536.3,11:05:00,16528.467721257355,1,23
2021-08-24,16532.35,16536.2,16529.65,16535.75,11:10:00,16528.83746208999,1,24
2021-08-24,16538.6,16539.85,16528.5,16531.7,11:15:00,16529.76722760523,1,25
2021-08-24,16542.25,16544.9,16536.3,16538.7,11:20:00,16530.956063071397,1,26
2021-08-24,16550.95,16551.05,16539.3,16542.7,11:25:00,16532.86024754079,1,27
2021-08-24,16549.8,16553.3,16544.1,16551.85,11:30:00,16534.47355729881,1,28
2021-08-24,16547.65,16552.75,16544.7,16550.55,11:35:00,16535.728456603683,1,29
2021-08-24,16538.9,16548.35,16538.65,16546.7,11:40:00,16536.030508355714,1,30
2021-08-24,16540.95,16545.4,16537.35,16539.45,11:45:00,16536.499031369454,1,31
2021-08-24,16540.45,16545.8,16530.85,16541.4,11:50:00,16536.875314096174,1,32
2021-08-24,16546.55,16547.0,16539.55,16540.25,11:55:00,16537.79671275368,1,33
2021-08-24,16548.45,16553.85,16543.75,16546.95,12:00:00,16538.811311539044,1,34
2021-08-24,16557.7,16562.35,16545.35,16548.5,12:05:00,16540.610234249612,1,35
2021-08-24,16557.85,16560.2,16552.9,16558.05,12:10:00,16542.25211670203,1,36
2021-08-24,16561.45,16565.8,16553.25,16558.9,12:15:00,16544.080486539933,1,37
2021-08-24,16563.9,16567.3,16561.1,16562.6,12:20:00,16545.968059250416,1,38
2021-08-24,16560.45,16572.0,16556.25,16564.3,12:25:00,16547.347291702758,1,39
2021-08-24,16562.45,16563.25,16556.4,16562.0,12:30:00,16548.785644873926,1,40
2021-08-24,16573.15,16575.9,16562.55,16563.1,12:35:00,16551.10605964784,1,41
2021-08-24,16567.05,16578.3,16564.55,16573.1,12:40:00,16552.62453015757,1,42
2021-08-24,16570.35,16572.2,16564.75,16568.4,12:45:00,16554.31267014256,1,43
2021-08-24,16570.25,16575.65,16568.7,16570.3,12:50:00,16555.830511081364,1,44
2021-08-24,16570.65,16577.35,16568.45,16571.45,12:55:00,16557.241890978377,1,45
2021-08-24,16571.4,16576.25,16568.6,16571.6,13:00:00,16558.59028231377,1,46
2021-08-24,16570.95,16572.5,16562.0,16570.25,13:05:00,16559.767398283886,1,47
2021-08-24,16565.25,16571.45,16562.15,16571.3,13:10:00,16560.289550828278,1,48
2021-08-24,16574.7,16579.6,16559.9,16565.1,13:15:00,16561.66197455892,1,49
2021-08-24,16580.55,16587.3,16573.5,16575.6,13:20:00,16563.460834124737,1,50
2021-08-24,16587.2,16589.95,16574.6,16580.6,13:25:00,16565.721707065237,1,51
2021-08-24,16588.8,16592.2,16585.55,16587.9,13:30:00,16567.91963972569,1,52
2021-08-24,16604.65,16606.3,16588.3,16588.9,13:35:00,16571.417769275624,1,53
2021-08-24,16594.2,16605.3,16590.55,16605.3,13:40:00,16573.587505535088,1,54
2021-08-24,16598.65,16599.35,16585.65,16594.45,13:45:00,16575.974409769842,1,55
2021-08-24,16613.7,16614.45,16596.65,16599.0,13:50:00,16579.567323125095,1,56
2021-08-24,16613.1,16617.7,16607.9,16614.5,13:55:00,16582.760911398895,1,57
2021-08-24,16624.85,16625.8,16613.9,16614.5,14:00:00,16586.769396027572,1,58
2021-08-24,16620.1,16626.15,16614.15,16625.1,14:05:00,16589.94373926304,1,59
2021-08-24,16617.3,16623.05,16615.0,16620.2,14:10:00,16592.549097428462,1,60
2021-08-24,16618.55,16620.75,16609.55,16616.95,14:15:00,16595.025373863846,1,61
2021-08-24,16634.35,16636.95,16618.3,16618.6,14:20:00,16598.770576353003,1,62
2021-08-24,16634.5,16638.45,16631.85,16634.55,14:25:00,16602.173378605097,1,63
2021-08-24,16635.35,16640.4,16632.8,16635.3,14:30:00,16605.333056833184,1,64
2021-08-24,16633.55,16636.35,16623.55,16636.35,14:35:00,16608.020384753832,1,65
2021-08-24,16625.35,16636.15,16625.35,16634.35,14:40:00,16609.670824301087,1,66
2021-08-24,16636.85,16642.5,16626.6,16626.6,14:45:00,16612.259317224794,1,67
2021-08-24,16637.1,16641.35,16632.5,16636.8,14:50:00,16614.625096536718,1,68
2021-08-24,16638.45,16638.75,16630.4,16636.75,14:55:00,16616.894134961793,1,69
2021-08-24,16626.55,16647.1,16623.8,16638.7,15:00:00,16617.813741155907,1,70
2021-08-24,16632.3,16633.25,16623.0,16626.45,15:05:00,16619.193384855345,1,71
2021-08-24,16624.95,16633.5,16622.4,16631.15,15:10:00,16619.74163391674,1,72
2021-08-24,16628.35,16628.35,16619.0,16624.7,15:15:00,16620.561478305623,1,73
2021-08-24,16618.1,16631.1,16615.3,16627.4,15:20:00,16620.327051800326,1,74
2021-08-24,16614.35,16617.65,16608.0,16616.7,15:25:00,16619.757808771723,1,75
2021-08-25,16666.3,16673.85,16646.65,16657.25,09:15:00,16628.200836658936,2,1
2021-08-25,16691.25,16693.55,16667.7,16667.7,09:20:00,16634.205518881896,2,2
2021-08-25,16689.0,16695.0,16682.75,16691.75,09:25:00,16639.424040893144,2,3
2021-08-25,16681.8,16699.7,16677.1,16689.45,09:30:00,16643.459846522368,2,4
2021-08-25,16683.4,16687.9,16675.8,16681.6,09:35:00,16647.263670663095,2,5
2021-08-25,16668.9,16685.45,16661.55,16683.25,09:40:00,16649.324273457085,2,6
2021-08-25,16676.9,16683.55,16651.25,16667.25,09:45:00,16651.950533127838,2,7
2021-08-25,16680.9,16687.1,16676.2,16678.25,09:50:00,16654.7076252109,2,8
2021-08-25,16681.25,16686.7,16678.15,16680.95,09:55:00,16657.23547042891,2,9
2021-08-25,16682.5,16687.9,16676.55,16682.65,10:00:00,16659.641616102348,2,10
2021-08-25,16687.4,16698.15,16681.0,16682.8,10:05:00,16662.285271711648,2,11
2021-08-25,16681.15,16694.95,16679.9,16687.5,10:10:00,16664.081912501013,2,12
2021-08-25,16674.25,16687.0,16666.5,16681.75,10:15:00,16665.050301786632,2,13
2021-08-25,16671.2,16677.95,16667.05,16674.0,10:20:00,16665.635987330763,2,14
2021-08-25,16684.2,16686.05,16670.0,16670.35,10:25:00,16667.403988537357,2,15
2021-08-25,16686.2,16687.45,16679.55,16685.6,10:30:00,16669.194084867133,2,16
2021-08-25,16686.35,16692.6,16682.9,16686.65,10:35:00,16670.827981546452,2,17
2021-08-25,16686.95,16693.25,16680.6,16686.95,10:40:00,16672.36341187536,2,18
2021-08-25,16679.1,16691.0,16676.05,16687.3,10:45:00,16673.004991696755,2,19
2021-08-25,16689.3,16690.15,16677.6,16678.45,10:50:00,16674.556897249444,2,20
2021-08-25,16689.25,16692.2,16684.85,16689.45,10:55:00,16675.956240368545,2,21
2021-08-25,16683.95,16689.55,16681.4,16689.2,11:00:00,16676.717550809637,2,22
2021-08-25,16676.8,16683.85,16675.7,16683.8,11:05:00,16676.72540311348,2,23
2021-08-25,16680.85,16682.4,16676.0,16677.2,11:10:00,16677.118221864577,2,24
2021-08-25,16676.3,16681.65,16670.35,16680.95,11:15:00,16677.04029597271,2,25
2021-08-25,16701.85,16704.85,16672.75,16676.1,11:20:00,16679.403124927692,2,26
2021-08-25,16702.35,16712.45,16696.6,16703.0,11:25:00,16681.588541601246,2,27
2021-08-25,16687.05,16707.6,16685.8,16703.8,11:30:00,16682.108680496363,2,28
2021-08-25,16648.25,16687.45,16647.75,16687.45,11:35:00,16678.884044258615,2,29
2021-08-25,16646.05,16653.75,16637.15,16649.15,11:40:00,16675.75699242446,2,30
2021-08-25,16654.4,16658.4,16629.8,16644.95,11:45:00,16673.72299314594,2,31
2021-08-25,16658.0,16665.3,16653.1,16654.9,11:50:00,16672.22556522728,2,32
2021-08-25,16659.2,16665.95,16654.2,16659.55,11:55:00,16670.985035205635,2,33
2021-08-25,16670.2,16671.75,16657.75,16659.4,12:00:00,16670.910269947955,2,34
2021-08-25,16656.45,16673.95,16655.55,16671.0,12:05:00,16669.533101381483,2,35
2021-08-25,16664.9,16671.75,16657.2,16658.05,12:10:00,16669.091853630867,2,36
2021-08-25,16667.05,16672.95,16662.8,16664.1,12:15:00,16668.89739138031,2,37
2021-08-25,16671.5,16676.4,16667.95,16668.65,12:20:00,16669.1452588679,2,38
2021-08-25,16675.4,16680.9,16667.35,16671.4,12:25:00,16669.74094849953,2,39
2021-08-25,16677.7,16678.5,16666.5,16674.9,12:30:00,16670.498953404334,2,40
2021-08-25,16675.35,16680.0,16673.35,16678.15,12:35:00,16670.960957842017,2,41
2021-08-25,16670.0,16676.5,16666.55,16676.5,12:40:00,16670.86943804754,2,42
2021-08-25,16666.3,16674.85,16663.95,16669.7,12:45:00,16670.434253471583,2,43
2021-08-25,16662.65,16671.1,16657.5,16666.65,12:50:00,16669.692895998098,2,44
2021-08-25,16657.15,16666.25,16653.8,16663.45,12:55:00,16668.49833447447,2,45
2021-08-25,16663.25,16665.6,16654.15,16657.75,13:00:00,16667.998493095947,2,46
2021-08-25,16667.9,16672.4,16662.45,16664.4,13:05:00,16667.989112801097,2,47
2021-08-25,16667.2,16669.25,16660.7,16669.25,13:10:00,16667.913959200992,2,48
2021-08-25,16670.6,16672.75,16665.9,16666.65,13:15:00,16668.16977261042,2,49
2021-08-25,16675.35,16678.65,16669.55,16671.2,13:20:00,16668.85360379038,2,50
2021-08-25,16686.95,16689.75,16675.05,16676.3,13:25:00,16670.577070096057,2,51
2021-08-25,16678.0,16693.5,16677.8,16688.95,13:30:00,16671.284015801193,2,52
2021-08-25,16668.0,16679.9,16665.0,16679.05,13:35:00,16670.971252391555,2,53
2021-08-25,16675.4,16678.25,16667.0,16668.65,13:40:00,16671.393037878075,2,54
2021-08-25,16678.0,16683.0,16673.0,16676.35,13:45:00,16672.022272365877,2,55
2021-08-25,16673.5,16679.4,16671.9,16678.75,13:50:00,16672.16300833103,2,56
2021-08-25,16675.5,16683.2,16669.6,16674.7,13:55:00,16672.48081706141,2,57
2021-08-25,16670.85,16680.1,16669.7,16674.9,14:00:00,16672.325501150797,2,58
2021-08-25,16669.55,16673.45,16665.1,16670.45,14:05:00,16672.061167707863,2,59
2021-08-25,16649.8,16671.75,16649.8,16670.2,14:10:00,16669.94105649759,2,60
2021-08-25,16657.85,16664.0,16649.2,16649.75,14:15:00,16668.789527307345,2,61
2021-08-25,16650.75,16664.25,16650.75,16658.9,14:20:00,16667.071477087597,2,62
2021-08-25,16638.2,16653.4,16637.2,16652.15,14:25:00,16664.321812603062,2,63
2021-08-25,16654.6,16657.8,16632.45,16639.8,14:30:00,16663.395925688485,2,64
2021-08-25,16643.05,16655.85,16639.25,16654.65,14:35:00,16661.458218480057,2,65
2021-08-25,16630.2,16646.5,16630.05,16643.45,14:40:00,16658.48124529148,2,66
2021-08-25,16619.15,16635.9,16617.5,16629.55,14:45:00,16654.73541240658,2,67
2021-08-25,16632.8,16635.05,16618.8,16618.8,14:50:00,16652.646325510716,2,68
2021-08-25,16636.9,16642.9,16632.2,16634.1,14:55:00,16651.146675462074,2,69
2021-08-25,16640.6,16641.55,16631.15,16636.45,15:00:00,16650.142230179972,2,70
2021-08-25,16636.8,16644.15,16632.25,16639.8,15:05:00,16648.871541591405,2,71
2021-08-25,16629.4,16637.65,16625.75,16636.65,15:10:00,16647.017109058892,2,72
2021-08-25,16637.85,16638.6,16628.15,16628.15,15:15:00,16646.144051053285,2,73
2021-08-25,16641.45,16643.0,16629.75,16637.7,15:20:00,16645.69699857202,2,74
2021-08-25,16633.25,16642.05,16627.05,16640.9,15:25:00,16644.51157013659,2,75
2021-08-26,16619.8,16642.15,16611.15,16632.35,09:15:00,16642.158087266438,3,1
2021-08-26,16623.65,16631.2,16615.5,16620.25,09:20:00,16640.395412288683,3,2
2021-08-26,16654.55,16655.55,16622.4,16624.45,09:25:00,16641.74346826119,3,3
2021-08-26,16647.55,16658.15,16641.2,16654.6,09:30:00,16642.29647128393,3,4
2021-08-26,16658.05,16663.55,16646.25,16648.05,09:35:00,16643.796807352126,3,5
2021-08-26,16660.55,16663.85,16652.75,16658.4,09:40:00,16645.392349509068,3,6
2021-08-26,16667.2,16667.55,16656.35,16660.5,09:45:00,16647.469268603443,3,7
2021-08-26,16671.5,16671.9,16660.95,16668.35,09:50:00,16649.75790968883,3,8
2021-08-26,16664.0,16674.0,16664.0,16671.4,09:55:00,16651.114299242276,3,9
2021-08-26,16669.55,16670.6,16664.5,16664.7,10:00:00,16652.87008026682,3,10
2021-08-26,16666.15,16676.15,16658.2,16669.9,10:05:00,16654.134834527125,3,11
2021-08-26,16667.65,16668.05,16660.4,16666.4,10:10:00,16655.42199314359,3,12
2021-08-26,16677.6,16681.35,16666.75,16667.05,10:15:00,16657.534184272772,3,13
2021-08-26,16678.0,16683.7,16674.6,16677.1,10:20:00,16659.48330958013,3,14
2021-08-26,16670.0,16679.0,16668.5,16676.8,10:25:00,16660.484899143925,3,15
2021-08-26,16669.65,16674.45,16667.3,16670.7,10:30:00,16661.357765892124,3,16
2021-08-26,16670.05,16674.7,16665.35,16670.6,10:35:00,16662.18559771192,3,17
2021-08-26,16670.5,16674.25,16667.35,16668.7,10:40:00,16662.97744554888,3,18
2021-08-26,16667.25,16671.5,16664.5,16670.4,10:45:00,16663.384355496604,3,19
2021-08-26,16670.7,16672.2,16661.95,16667.4,10:50:00,16664.081083544548,3,20
2021-08-26,16668.15,16676.15,16668.15,16670.75,10:55:00,16664.46859939745,3,21
2021-08-26,16660.6,16670.3,16659.4,16669.7,11:00:00,16664.100161359594,3,22
2021-08-26,16661.25,16663.2,16655.45,16660.75,11:05:00,16663.828717420587,3,23
2021-08-26,16664.0,16669.8,16659.9,16660.95,11:10:00,16663.8450300472,3,24
2021-08-26,16658.75,16666.15,16656.85,16664.1,11:15:00,16663.359789090322,3,25
2021-08-26,16657.0,16661.05,16650.05,16659.1,11:20:00,16662.754094891243,3,26
2021-08-26,16661.85,16663.45,16652.1,16656.85,11:25:00,16662.667990615886,3,27
2021-08-26,16673.1,16674.1,16662.05,16662.55,11:30:00,16663.661515319134,3,28
2021-08-26,16669.9,16675.45,16668.3,16673.4,11:35:00,16664.255656717312,3,29
2021-08-26,16660.15,16670.6,16659.95,16669.5,11:40:00,16663.864641791854,3,30
2021-08-26,16663.1,16666.35,16657.8,16660.45,11:45:00,16663.791818764057,3,31
2021-08-26,16656.0,16668.7,16655.45,16663.85,11:50:00,16663.04974078653,3,32
2021-08-26,16660.2,16662.9,16655.05,16656.25,11:55:00,16662.778336902098,3,33
2021-08-26,16643.85,16661.9,16641.3,16660.55,12:00:00,16660.975638149517,3,34
2021-08-26,16652.55,16652.6,16641.2,16644.05,12:05:00,16660.17319642099,3,35
2021-08-26,16650.75,16654.7,16647.05,16652.0,12:10:00,16659.275749142802,3,36
2021-08-26,16653.9,16662.4,16646.65,16648.95,12:15:00,16658.763773033963,3,37
2021-08-26,16644.95,16655.2,16643.35,16654.95,12:20:00,16657.448175602156,3,38
2021-08-26,16640.0,16649.6,16635.5,16644.2,12:25:00,16655.786444592428,3,39
2021-08-26,16635.1,16645.25,16634.7,16640.1,12:30:00,16653.816307012195,3,40
2021-08-26,16634.85,16640.85,16630.95,16634.55,12:35:00,16652.00999205865,3,41
2021-08-26,16630.25,16636.9,16627.1,16635.2,12:40:00,16649.937611862588,3,42
2021-08-26,16617.05,16630.55,16617.05,16630.55,12:45:00,16646.805458351864,3,43
2021-08-26,16616.35,16617.85,16603.4,16617.25,12:50:00,16643.90493850883,3,44
2021-08-26,16632.35,16634.75,16614.6,16617.25,12:55:00,16642.804468174654,3,45
2021-08-26,16631.05,16642.15,16628.35,16633.25,13:00:00,16641.684995015163,3,46
2021-08-26,16641.3,16642.95,16630.3,16630.55,13:05:00,16641.64832882324,3,47
2021-08-26,16638.6,16642.95,16633.35,16641.4,13:10:00,16641.358011792454,3,48
2021-08-26,16639.25,16640.15,16628.45,16638.9,13:15:00,16641.1572487646,3,49
2021-08-26,16640.8,16644.8,16637.95,16639.7,13:20:00,16641.123225072733,3,50
2021-08-26,16648.6,16650.4,16638.9,16640.65,13:25:00,16641.83529887533,3,51
2021-08-26,16635.7,16649.65,16633.0,16649.45,13:30:00,16641.250984696726,3,52
2021-08-26,16630.15,16635.95,16630.15,16634.9,13:35:00,16640.193748058944,3,53
2021-08-26,16639.4,16640.05,16628.45,16631.05,13:40:00,16640.11815300571,3,54
2021-08-26,16632.05,16640.15,16629.45,16638.95,13:45:00,16639.34975748136,3,55
2021-08-26,16639.05,16640.9,16631.2,16632.65,13:50:00,16639.321209149803,3,56
2021-08-26,16639.7,16644.6,16635.3,16638.75,13:55:00,16639.357284468868,3,57
2021-08-26,16650.6,16653.0,16637.8,16639.55,14:00:00,16640.428019281357,3,58
2021-08-26,16647.45,16653.05,16643.5,16651.9,14:05:00,16641.0967793498,3,59
2021-08-26,16641.35,16650.9,16639.75,16646.85,14:10:00,16641.1208956022,3,60
2021-08-26,16644.5,16648.8,16636.2,16642.5,14:15:00,16641.442715068657,3,61
2021-08-26,16633.85,16645.3,16631.05,16645.2,14:20:00,16640.719599347834,3,62
2021-08-26,16632.95,16635.95,16627.4,16633.45,14:25:00,16639.979637505185,3,63
2021-08-26,16618.7,16636.7,16618.7,16633.05,14:30:00,16637.953005361833,3,64
2021-08-26,16618.75,16619.6,16607.15,16619.0,14:35:00,16636.124147708324,3,65
2021-08-26,16612.85,16620.5,16612.4,16618.1,14:40:00,16633.907562212295,3,66
2021-08-26,16624.45,16626.75,16606.75,16612.8,14:45:00,16633.0068420016,3,67
2021-08-26,16618.2,16624.95,16617.6,16624.95,14:50:00,16631.596666572877,3,68
2021-08-26,16613.85,16621.55,16611.9,16617.8,14:55:00,16629.90650785165,3,69
2021-08-26,16633.2,16633.7,16615.55,16615.95,15:00:00,16630.22017377054,3,70
2021-08-26,16640.1,16642.15,16629.6,16633.05,15:05:00,16631.16110960192,3,71
2021-08-26,16640.05,16641.6,16636.05,16640.3,15:10:00,16632.00767059221,3,72
2021-08-26,16649.5,16650.0,16640.2,16640.9,15:15:00,16633.673606726286,3,73
2021-08-26,16637.9,16650.45,16636.9,16648.9,15:20:00,16634.076120371403,3,74
2021-08-26,16633.5,16638.75,16624.55,16638.75,15:25:00,16634.021251764603,3,75
2021-08-27,16635.1,16652.7,16608.2,16646.8,09:15:00,16634.123989691783,4,1
2021-08-27,16628.5,16655.9,16616.35,16633.8,09:20:00,16633.588371625898,4,2
2021-08-27,16585.15,16636.05,16583.65,16628.45,09:25:00,16628.975193375813,4,3
2021-08-27,16581.7,16586.35,16565.6,16584.75,09:30:00,16624.472794006688,4,4
2021-08-27,16588.05,16597.1,16578.3,16582.3,09:35:00,16621.00395648224,4,5
2021-08-27,16598.35,16604.7,16582.7,16586.55,09:40:00,16618.846436817264,4,6
2021-08-27,16627.65,16633.65,16597.35,16597.35,09:45:00,16619.684871406098,4,7
2021-08-27,16631.15,16636.05,16621.45,16629.05,09:50:00,16620.77678841504,4,8
2021-08-27,16622.8,16631.3,16618.25,16631.0,09:55:00,16620.969475232658,4,9
2021-08-27,16630.6,16636.7,16617.55,16623.9,10:00:00,16621.886668067644,4,10
2021-08-27,16633.05,16635.25,16628.25,16630.35,10:05:00,16622.949842537393,4,11
2021-08-27,16636.6,16638.0,16627.5,16632.25,10:10:00,16624.249857533832,4,12
2021-08-27,16646.25,16649.7,16635.65,16636.5,10:15:00,16626.345109197275,4,13
2021-08-27,16642.85,16648.1,16640.4,16645.15,10:20:00,16627.91700355944,4,14
2021-08-27,16651.7,16652.4,16642.2,16642.5,10:25:00,16630.182050839496,4,15
2021-08-27,16663.05,16667.1,16651.3,16651.3,10:30:00,16633.312331711924,4,16
2021-08-27,16658.4,16668.1,16651.25,16663.1,10:35:00,16635.701633453646,4,17
2021-08-27,16653.8,16661.0,16653.55,16657.95,10:40:00,16637.425287410442,4,18
2021-08-27,16660.85,16667.0,16653.1,16654.1,10:45:00,16639.65621241897,4,19
2021-08-27,16658.35,16660.65,16651.85,16660.2,10:50:00,16641.43657314097,4,20
2021-08-27,16652.45,16661.95,16644.75,16658.65,10:55:00,16642.48547093707,4,21
2021-08-27,16655.45,16656.45,16648.45,16653.05,11:00:00,16643.720187990682,4,22
2021-08-27,16659.5,16661.5,16654.15,16655.7,11:05:00,16645.223027229666,4,23
2021-08-27,16667.2,16668.2,16659.85,16659.85,11:10:00,16647.316072255413,4,24
2021-08-27,16667.65,16672.1,16664.95,16667.15,11:15:00,16649.252636802517,4,25
2021-08-27,16670.7,16673.5,16666.2,16667.25,11:20:00,16651.295242821325,4,26
2021-08-27,16673.4,16674.85,16667.2,16671.5,11:25:00,16653.40045779072,4,27
2021-08-27,16686.75,16686.9,16673.5,16673.5,11:30:00,16656.576604667796,4,28
2021-08-27,16688.6,16691.85,16681.3,16686.95,11:35:00,16659.62645184229,4,29
2021-08-27,16690.3,16691.55,16684.55,16687.95,11:40:00,16662.547742143026,4,30
2021-08-27,16683.2,16695.0,16683.0,16690.2,11:45:00,16664.51462384369,4,31
2021-08-27,16685.4,16685.65,16674.45,16683.55,11:50:00,16666.50370728715,4,32
2021-08-27,16690.65,16692.6,16684.15,16684.6,11:55:00,16668.80335421218,4,33
2021-08-27,16690.15,16695.05,16689.35,16691.1,12:00:00,16670.836368096734,4,34
2021-08-27,16688.65,16695.75,16684.15,16690.55,12:05:00,16672.532904468473,4,35
2021-08-27,16689.65,16692.05,16682.2,16688.3,12:10:00,16674.163104042906,4,36
2021-08-27,16681.7,16692.45,16677.05,16689.3,12:15:00,16674.880903657868,4,37
2021-08-27,16689.3,16691.1,16681.15,16682.3,12:20:00,16676.254150928547,4,38
2021-08-27,16687.9,16690.6,16682.65,16688.75,12:25:00,16677.363279411544,4,39
2021-08-27,16690.45,16692.55,16684.35,16687.45,12:30:00,16678.6096337533,4,40
2021-08-27,16690.25,16696.1,16688.75,16690.8,12:35:00,16679.71824006251,4,41
2021-08-27,16682.65,16692.95,16682.65,16689.35,12:40:00,16679.99745529465,4,42
2021-08-27,16686.6,16688.3,16679.2,16682.8,12:45:00,16680.626269076114,4,43
2021-08-27,16693.2,16693.75,16681.4,16686.35,12:50:00,16681.823767259342,4,44
2021-08-27,16697.55,16704.65,16692.3,16692.45,12:55:00,16683.32150371083,4,45
2021-08-27,16693.95,16700.3,16693.5,16698.6,13:00:00,16684.333741452658,4,46
2021-08-27,16698.65,16698.8,16688.15,16694.2,13:05:00,16685.69719464764,4,47
2021-08-27,16699.3,16700.7,16694.1,16698.2,13:10:00,16686.992699919294,4,48
2021-08-27,16699.55,16700.5,16689.45,16698.55,13:15:00,16688.188633260314,4,49
2021-08-27,16709.05,16711.5,16700.0,16700.0,13:20:00,16690.175430092666,4,50
2021-08-27,16706.05,16711.05,16704.0,16708.85,13:25:00,16691.687293893363,4,51
2021-08-27,16710.9,16711.7,16705.8,16707.0,13:30:00,16693.517075427328,4,52
2021-08-27,16690.7,16712.6,16682.25,16710.55,13:35:00,16693.24878252949,4,53
2021-08-27,16700.2,16701.7,16690.2,16690.75,13:40:00,16693.910803240964,4,54
2021-08-27,16704.6,16709.45,16700.75,16700.8,13:45:00,16694.92882197992,4,55
2021-08-27,16692.4,16708.05,16691.85,16704.15,13:50:00,16694.687981791358,4,56
2021-08-27,16699.75,16702.95,16690.75,16692.25,13:55:00,16695.17007876361,4,57
2021-08-27,16694.75,16702.6,16691.85,16700.9,14:00:00,16695.130071262312,4,58
2021-08-27,16697.0,16697.0,16685.9,16694.5,14:05:00,16695.30815971352,4,59
2021-08-27,16695.65,16705.75,16693.9,16697.25,14:10:00,16695.34071593128,4,60
2021-08-27,16704.5,16704.6,16695.25,16695.25,14:15:00,16696.21302869973,4,61
2021-08-27,16710.75,16712.75,16701.4,16704.65,14:20:00,16697.5975021569,4,62
2021-08-27,16705.4,16713.6,16700.45,16710.55,14:25:00,16698.340597189577,4,63
2021-08-27,16708.5,16710.3,16703.85,16704.65,14:30:00,16699.308159361997,4,64
2021-08-27,16696.3,16722.05,16695.15,16707.65,14:35:00,16699.021667994188,4,65
2021-08-27,16704.85,16706.15,16695.7,16696.45,14:40:00,16699.576747232837,4,66
2021-08-27,16707.25,16710.25,16701.6,16703.75,14:45:00,16700.307533210664,4,67
2021-08-27,16698.0,16708.7,16697.95,16707.15,14:50:00,16700.08776814298,4,68
2021-08-27,16700.4,16703.4,16696.3,16697.75,14:55:00,16700.117504510315,4,69
2021-08-27,16707.7,16707.95,16700.55,16701.6,15:00:00,16700.839646937904,4,70
2021-08-27,16717.8,16717.8,16705.95,16707.4,15:05:00,16702.454918658103,4,71
2021-08-27,16711.65,16718.15,16709.9,16716.65,15:10:00,16703.330640690663,4,72
2021-08-27,16707.8,16714.25,16706.85,16711.05,15:15:00,16703.75629395822,4,73
2021-08-27,16696.05,16710.55,16693.9,16706.25,15:20:00,16703.022361200296,4,74
2021-08-27,16690.15,16698.95,16688.45,16694.05,15:25:00,16701.796422038362,4,75
2021-08-30,16810.05,16816.8,16764.85,16776.45,09:15:00,16712.106286606137,0,1
2021-08-30,16821.0,16823.9,16802.5,16810.7,09:20:00,16722.47711645317,0,2
2021-08-30,16815.7,16830.4,16809.1,16821.4,09:25:00,16731.355486314773,0,3
2021-08-30,16820.8,16826.8,16814.2,16817.3,09:30:00,16739.87401142765,0,4
2021-08-30,16829.15,16831.85,16818.8,16822.2,09:35:00,16748.37648652978,0,5
2021-08-30,16832.2,16839.05,16827.9,16829.35,09:40:00,16756.35967828885,0,6
2021-08-30,16837.75,16845.2,16835.1,16835.1,09:45:00,16764.111137499436,0,7
2021-08-30,16842.4,16848.05,16836.5,16837.55,09:50:00,16771.567219642347,0,8
2021-08-30,16849.95,16852.45,16843.55,16843.55,09:55:00,16779.03224634308,0,9
2021-08-30,16850.35,16851.6,16843.3,16851.45,10:00:00,16785.824413358023,0,10
2021-08-30,16850.2,16854.7,16846.6,16850.05,10:05:00,16791.95542160964,0,11
2021-08-30,16850.45,16852.35,16846.55,16849.7,10:10:00,16797.526333837293,0,12
2021-08-30,16852.55,16855.6,16850.0,16850.85,10:15:00,16802.766682995647,0,13
2021-08-30,16864.95,16866.4,16849.35,16853.1,10:20:00,16808.68890366273,0,14
2021-08-30,16861.2,16865.75,16860.4,16864.9,10:25:00,16813.689960456755,0,15
2021-08-30,16870.5,16872.95,16861.95,16862.2,10:30:00,16819.100440413255,0,16
2021-08-30,16876.85,16878.45,16869.3,16870.7,10:35:00,16824.600398469134,0,17
2021-08-30,16878.4,16880.4,16876.05,16877.4,10:40:00,16829.7241700435,0,18
2021-08-30,16864.3,16881.35,16862.65,16877.95,10:45:00,16833.017106229832,0,19
2021-08-30,16866.7,16873.15,16862.8,16865.5,10:50:00,16836.22500087461,0,20
2021-08-30,16857.85,16869.05,16857.15,16866.65,10:55:00,16838.284524600836,0,21
2021-08-30,16860.3,16862.55,16855.3,16858.6,11:00:00,16840.381236543613,0,22
2021-08-30,16866.95,16871.15,16860.6,16861.05,11:05:00,16842.91159496803,0,23
2021-08-30,16868.7,16874.45,16862.1,16866.7,11:10:00,16845.367633542504,0,24
2021-08-30,16872.9,16873.25,16867.15,16869.3,11:15:00,16847.989763681315,0,25
2021-08-30,16861.35,16874.15,16858.9,16871.65,11:20:00,16849.262167140238,0,26
2021-08-30,16857.3,16862.7,16856.35,16861.7,11:25:00,16850.027675031644,0,27
2021-08-30,16854.9,16860.25,16852.0,16857.95,11:30:00,16850.49170598101,0,28
2021-08-30,16851.8,16858.25,16851.6,16854.95,11:35:00,16850.61630541139,0,29
2021-08-30,16851.4,16856.1,16847.65,16850.75,11:40:00,16850.69094299126,0,30
2021-08-30,16849.7,16856.45,16849.15,16851.8,11:45:00,16850.59656746828,0,31
2021-08-30,16860.25,16862.8,16848.15,16849.75,11:50:00,16851.515941995112,0,32
2021-08-30,16858.85,16864.15,16858.0,16859.85,11:55:00,16852.214423709862,0,33
2021-08-30,16862.1,16863.8,16858.3,16859.8,12:00:00,16853.155907166067,0,34
2021-08-30,16864.0,16868.2,16861.9,16861.9,12:05:00,16854.188677912156,0,35
2021-08-30,16862.3,16865.75,16861.05,16864.45,12:10:00,16854.961184777665,0,36
2021-08-30,16861.15,16866.8,16861.15,16862.4,12:15:00,16855.55059575122,0,37
2021-08-30,16861.35,16863.4,16858.05,16861.85,12:20:00,16856.10291996539,0,38
2021-08-30,16857.85,16863.3,16857.35,16861.6,12:25:00,16856.26930854011,0,39
2021-08-30,16862.0,16866.35,16857.1,16858.35,12:30:00,16856.815088679148,0,40
2021-08-30,16865.05,16865.95,16861.1,16862.5,12:35:00,16857.5993659478,0,41
2021-08-30,16872.4,16872.85,16865.0,16865.2,12:40:00,16859.00895014325,0,42
2021-08-30,16871.15,16875.45,16870.3,16872.85,12:45:00,16860.1652406058,0,43
2021-08-30,16874.85,16875.1,16870.45,16871.25,12:50:00,16861.56378911953,0,44
2021-08-30,16875.4,16878.65,16870.35,16875.1,12:55:00,16862.881523489097,0,45
2021-08-30,16876.55,16878.15,16875.1,16875.7,13:00:00,16864.183283156803,0,46
2021-08-30,16877.0,16880.4,16872.45,16876.3,13:05:00,16865.403922856156,0,47
2021-08-30,16885.0,16885.55,16875.25,16877.1,13:10:00,16867.270215917473,0,48
2021-08-30,16882.05,16884.6,16878.9,16884.45,13:15:00,16868.677814401522,0,49
2021-08-30,16885.55,16886.2,16879.45,16881.25,13:20:00,16870.284689220425,0,50
2021-08-30,16886.25,16891.15,16882.35,16885.7,13:25:00,16871.805195008958,0,51
2021-08-30,16886.15,16890.75,16885.05,16887.1,13:30:00,16873.171366912866,0,52
2021-08-30,16883.3,16887.5,16881.2,16886.25,13:35:00,16874.13599863545,0,53
2021-08-30,16878.6,16885.1,16877.5,16883.1,13:40:00,16874.56114162255,0,54
2021-08-30,16887.9,16889.25,16874.75,16878.15,13:45:00,16875.83150908707,0,55
2021-08-30,16886.75,16890.2,16882.7,16888.1,13:50:00,16876.871365364495,0,56
2021-08-30,16883.8,16889.7,16883.05,16887.0,13:55:00,16877.53123532978,0,57
2021-08-30,16882.85,16885.75,16881.05,16885.75,14:00:00,16878.037784345994,0,58
2021-08-30,16893.55,16894.2,16879.5,16883.0,14:05:00,16879.515138217805,0,59
2021-08-30,16896.9,16898.9,16892.8,16893.7,14:10:00,16881.170839339917,0,60
2021-08-30,16897.1,16900.55,16895.05,16897.45,14:15:00,16882.687902259924,0,61
2021-08-30,16912.45,16916.6,16897.55,16897.55,14:20:00,16885.522387758978,0,62
2021-08-30,16903.5,16913.1,16902.15,16912.75,14:25:00,16887.23454130574,0,63
2021-08-30,16898.45,16904.85,16897.1,16904.4,14:30:00,16888.302680229004,0,64
2021-08-30,16904.95,16905.3,16892.25,16898.65,14:35:00,16889.888139254814,0,65
2021-08-30,16905.5,16907.3,16900.85,16904.9,14:40:00,16891.37498313531,0,66
2021-08-30,16900.7,16906.15,16895.75,16905.3,14:45:00,16892.263079979566,0,67
2021-08-30,16900.7,16901.9,16897.15,16900.6,14:50:00,16893.06659617199,0,68
2021-08-30,16910.1,16910.75,16897.75,16900.95,14:55:00,16894.68882510799,0,69
2021-08-30,16914.2,16919.55,16907.05,16909.65,15:00:00,16896.547032240564,0,70
2021-08-30,16921.9,16925.1,16911.5,16914.4,15:05:00,16898.961600598606,0,71
2021-08-30,16933.45,16934.3,16919.15,16921.2,15:10:00,16902.246210065405,0,72
2021-08-30,16947.05,16948.65,16931.1,16933.95,15:15:00,16906.513237678224,0,73
2021-08-30,16943.0,16951.5,16940.3,16947.25,15:20:00,16909.988167423155,0,74
2021-08-30,16938.5,16947.65,16930.75,16943.45,15:25:00,16912.70358004952,0,75
2021-08-31,16959.25,16974.75,16935.55,16947.8,09:15:00,16917.13657242576,1,1
2021-08-31,16993.45,16995.55,16954.45,16959.65,09:20:00,16924.40451790902,1,2
2021-08-31,16972.9,16993.75,16970.85,16993.35,09:25:00,16929.02313525102,1,3
2021-08-31,16928.55,16973.8,16928.05,16972.7,09:30:00,16928.97807475092,1,4
2021-08-31,16921.85,16947.1,16915.85,16927.4,09:35:00,16928.299210488927,1,5
2021-08-31,16925.4,16941.0,16920.6,16920.6,09:40:00,16928.023095204266,1,6
2021-08-31,16927.35,16934.9,16917.95,16924.55,09:45:00,16927.958990899097,1,7
2021-08-31,16949.55,16955.4,16927.55,16928.15,09:50:00,16930.015277480135,1,8
2021-08-31,16948.95,16958.45,16948.05,16949.85,09:55:00,16931.81858438679,1,9
2021-08-31,16942.75,16948.85,16939.4,16948.85,10:00:00,16932.85967158805,1,10
2021-08-31,16956.75,16956.75,16937.75,16942.35,10:05:00,16935.134940960615,1,11
2021-08-31,16955.15,16956.75,16946.85,16955.6,10:10:00,16937.041137059605,1,12
2021-08-31,16956.45,16964.35,16954.05,16955.1,10:15:00,16938.889600196784,1,13
2021-08-31,16956.35,16960.1,16951.5,16956.5,10:20:00,16940.552495416137,1,14
2021-08-31,16964.4,16967.55,16956.35,16956.55,10:25:00,16942.823686328888,1,15
2021-08-31,16984.95,16987.55,16963.85,16964.9,10:30:00,16946.835716202328,1,16
2021-08-31,16987.55,16987.75,16978.6,16984.8,10:35:00,16950.7132670402,1,17
2021-08-31,16987.65,16991.55,16981.95,16986.95,10:40:00,16954.23105113161,1,18
2021-08-31,16986.1,16994.5,16979.3,16988.0,10:45:00,16957.266189119076,1,19
2021-08-31,16972.8,16988.85,16971.85,16986.9,10:50:00,16958.745599679165,1,20
2021-08-31,16961.2,16973.05,16958.45,16972.7,10:55:00,16958.97935209067,1,21
2021-08-31,16969.7,16972.05,16954.1,16962.05,11:00:00,16960.000366177275,1,22
2021-08-31,16971.9,16978.25,16969.25,16970.05,11:05:00,16961.13366463658,1,23
2021-08-31,16969.4,16976.3,16969.4,16972.1,11:10:00,16961.920934671194,1,24
2021-08-31,16959.7,16969.95,16959.7,16969.35,11:15:00,16961.70941708346,1,25
2021-08-31,16959.2,16965.75,16956.4,16959.5,11:20:00,16961.470424980274,1,26
2021-08-31,16962.35,16969.6,16956.25,16958.05,11:25:00,16961.554194029773,1,27
2021-08-31,16967.2,16968.95,16956.35,16963.7,11:30:00,16962.09188983646,1,28
2021-08-31,16968.5,16969.6,16963.9,16968.3,11:35:00,16962.702186042512,1,29
2021-08-31,16973.9,16975.3,16966.75,16968.45,11:40:00,16963.768644514654,1,30
2021-08-31,16979.1,16982.1,16972.9,16973.5,11:45:00,16965.228773608498,1,31
2021-08-31,16980.45,16981.5,16975.5,16979.6,11:50:00,16966.67841421721,1,32
2021-08-31,16983.8,16987.9,16979.55,16980.6,11:55:00,16968.30904143462,1,33
2021-08-31,16978.8,16986.5,16976.8,16984.4,12:00:00,16969.308180345608,1,34
2021-08-31,16992.9,16993.5,16978.35,16978.7,12:05:00,16971.55502031269,1,35
2021-08-31,16999.25,17001.6,16990.85,16993.15,12:10:00,16974.192637425767,1,36
2021-08-31,16993.45,16999.8,16988.1,16999.8,12:15:00,16976.026671956646,1,37
2021-08-31,16995.65,16997.4,16989.35,16992.95,12:20:00,16977.895560341727,1,38
2021-08-31,17010.7,17012.3,16995.9,16995.95,12:25:00,16981.019792690135,1,39
2021-08-31,17017.75,17018.9,17004.1,17010.35,12:30:00,16984.517907672027,1,40
2021-08-31,17023.2,17024.55,17011.4,17017.0,12:35:00,16988.201916465165,1,41
2021-08-31,17016.4,17024.85,17013.15,17023.5,12:40:00,16990.887448230387,1,42
2021-08-31,17025.75,17026.05,17015.05,17016.15,12:45:00,16994.207691256066,1,43
2021-08-31,17024.8,17031.0,17018.45,17029.3,12:50:00,16997.121244469774,1,44
2021-08-31,17032.35,17035.5,17023.95,17024.9,12:55:00,17000.47636404408,1,45
2021-08-31,17036.4,17038.25,17032.25,17032.95,13:00:00,17003.89766270655,1,46
2021-08-31,17039.45,17048.8,17033.35,17036.0,13:05:00,17007.28359959164,1,47
2021-08-31,17044.65,17044.95,17036.75,17039.15,13:10:00,17010.842304392438,1,48
2021-08-31,16991.15,17052.0,16987.8,17045.25,13:15:00,17008.966846831252,1,49
2021-08-31,16999.1,17010.85,16982.9,16990.55,13:20:00,17008.027147133038,1,50
2021-08-31,17014.35,17015.65,16999.85,17000.25,13:25:00,17008.629323596557,1,51
2021-08-31,17024.55,17025.15,17010.1,17015.15,13:30:00,17010.145578492124,1,52
2021-08-31,17035.25,17036.85,17022.2,17023.8,13:35:00,17012.53647577859,1,53
2021-08-31,17035.85,17036.7,17026.2,17036.65,13:40:00,17014.756811418723,1,54
2021-08-31,17046.55,17047.15,17035.8,17035.9,13:45:00,17017.78473414075,1,55
2021-08-31,17058.6,17059.45,17044.45,17047.6,13:50:00,17021.67190231782,1,56
2021-08-31,17052.95,17060.5,17044.75,17059.05,13:55:00,17024.650768763742,1,57
2021-08-31,17041.05,17059.0,17039.85,17054.1,14:00:00,17026.212600310053,1,58
2021-08-31,17032.85,17044.65,17032.85,17042.1,14:05:00,17026.844733613856,1,59
2021-08-31,17037.75,17039.65,17017.7,17033.45,14:10:00,17027.883330412536,1,60
2021-08-31,17052.3,17053.5,17039.05,17039.05,14:15:00,17030.208727516107,1,61
2021-08-31,17058.9,17061.65,17052.9,17052.9,14:20:00,17032.94122965743,1,62
2021-08-31,17060.95,17063.45,17055.75,17059.6,14:25:00,17035.608731594817,1,63
2021-08-31,17069.55,17072.75,17061.0,17061.55,14:30:00,17038.84123334769,1,64
2021-08-31,17064.8,17078.0,17058.45,17069.5,14:35:00,17041.313496838386,1,65
2021-08-31,17070.7,17074.95,17057.35,17064.3,14:40:00,17044.112211425207,1,66
2021-08-31,17071.4,17074.4,17065.7,17070.45,14:45:00,17046.71104843233,1,67
2021-08-31,17074.1,17077.3,17065.5,17072.75,14:50:00,17049.319520010205,1,68
2021-08-31,17070.05,17078.6,17068.9,17073.3,14:55:00,17051.293851437804,1,69
2021-08-31,17110.3,17113.55,17070.95,17071.5,15:00:00,17056.913484634202,1,70
2021-08-31,17136.0,17139.3,17108.75,17110.65,15:05:00,17064.44553371666,1,71
2021-08-31,17142.35,17147.7,17131.1,17136.25,15:10:00,17071.865006696025,1,72
2021-08-31,17142.85,17148.5,17133.65,17143.6,15:15:00,17078.625482248786,1,73
2021-08-31,17134.3,17153.5,17130.55,17143.25,15:20:00,17083.92781727271,1,74
2021-08-31,17130.35,17145.75,17124.6,17134.35,15:25:00,17088.348977532452,1,75
2021-09-01,17159.05,17183.95,17150.8,17165.15,09:15:00,17095.08240824365,2,1
2021-09-01,17180.35,17182.65,17148.15,17157.7,09:20:00,17103.203131268063,2,2
2021-09-01,17189.3,17189.95,17177.85,17180.55,09:25:00,17111.402833052056,2,3
2021-09-01,17181.0,17194.35,17178.05,17187.9,09:30:00,17118.031134666147,2,4
2021-09-01,17174.65,17181.3,17158.55,17181.3,09:35:00,17123.423407555085,2,5
2021-09-01,17186.4,17188.45,17173.1,17175.15,09:40:00,17129.421178264125,2,6
2021-09-01,17191.4,17193.7,17174.1,17187.65,09:45:00,17135.32392319135,2,7
2021-09-01,17202.0,17202.75,17188.45,17190.75,09:50:00,17141.674025744556,2,8
2021-09-01,17209.85,17222.8,17197.7,17202.8,09:55:00,17148.16697567365,2,9
2021-09-01,17222.1,17225.75,17208.35,17208.35,10:00:00,17155.20821608568,2,10
2021-09-01,17215.9,17223.4,17213.6,17221.85,10:05:00,17160.98838598228,2,11
2021-09-01,17199.9,17215.85,17197.4,17215.25,10:10:00,17164.69425398397,2,12
2021-09-01,17186.6,17201.95,17172.1,17200.15,10:15:00,17166.780515509305,2,13
2021-09-01,17159.5,17185.3,17158.05,17185.3,10:20:00,17166.087133079847,2,14
2021-09-01,17150.4,17168.95,17150.4,17157.7,10:25:00,17164.593120405574,2,15
2021-09-01,17148.9,17164.85,17142.3,17150.9,10:30:00,17163.098537509806,2,16
2021-09-01,17168.7,17170.15,17144.75,17149.25,10:35:00,17163.63201012792,2,17
2021-09-01,17168.2,17175.55,17166.35,17169.25,10:40:00,17164.067056782405,2,18
2021-09-01,17165.6,17174.95,17160.85,17168.3,10:45:00,17164.213051374558,2,19
2021-09-01,17146.25,17166.2,17146.25,17165.75,10:50:00,17162.50228457698,2,20
2021-09-01,17130.25,17146.2,17123.45,17146.2,10:55:00,17159.43063842679,2,21
2021-09-01,17116.25,17142.75,17116.0,17130.95,11:00:00,17155.31819667186,2,22
2021-09-01,17098.2,17118.25,17095.25,17115.95,11:05:00,17149.878368417398,2,23
2021-09-01,17112.5,17115.25,17090.0,17098.75,11:10:00,17146.318523806214,2,24
2021-09-01,17128.65,17134.3,17112.85,17112.85,11:15:00,17144.635807253242,2,25
2021-09-01,17107.8,17129.7,17107.8,17129.7,11:20:00,17141.127635133886,2,26
2021-09-01,17106.4,17109.4,17097.05,17107.15,11:25:00,17137.820241311612,2,27
2021-09-01,17109.2,17118.65,17099.0,17107.2,11:30:00,17135.09450404384,2,28
2021-09-01,17108.8,17120.05,17108.05,17109.35,11:35:00,17132.590265563475,2,29
2021-09-01,17111.1,17119.1,17106.8,17107.3,11:40:00,17130.543573605046,2,30
2021-09-01,17107.05,17114.4,17100.0,17110.05,11:45:00,17128.306090404563,2,31
2021-09-01,17106.05,17112.7,17103.7,17107.15,11:50:00,17126.186462746988,2,32
2021-09-01,17087.85,17111.8,17085.1,17106.95,11:55:00,17122.535371056798,2,33
2021-09-01,17107.75,17109.75,17087.75,17088.45,12:00:00,17121.12724047996,2,34
2021-09-01,17096.75,17114.85,17095.35,17107.35,12:05:00,17118.805598529485,2,35
2021-09-01,17099.55,17103.55,17088.9,17096.6,12:10:00,17116.97173200287,2,36
2021-09-01,17079.85,17102.4,17078.8,17099.35,12:15:00,17113.436328954976,2,37
2021-09-01,17083.8,17087.65,17075.55,17079.8,12:20:00,17110.613821435454,2,38
2021-09-01,17093.8,17094.95,17081.1,17084.35,12:25:00,17109.01250510827,2,39
2021-09-01,17097.65,17101.85,17094.45,17095.0,12:30:00,17107.930361764622,2,40
2021-09-01,17090.8,17100.4,17090.2,17098.25,12:35:00,17106.29889873942,2,41
2021-09-01,17099.05,17099.5,17078.45,17091.1,12:40:00,17105.608527430904,2,42
2021-09-01,17117.95,17117.95,17096.5,17098.3,12:45:00,17106.78390577082,2,43
2021-09-01,17118.7,17121.85,17115.35,17116.85,12:50:00,17107.918771887882,2,44
2021-09-01,17129.8,17133.2,17113.95,17118.55,12:55:00,17110.002698374752,2,45
2021-09-01,17127.3,17138.2,17121.65,17130.1,13:00:00,17111.6500604343,2,46
2021-09-01,17123.3,17130.1,17119.15,17127.0,13:05:00,17112.759578488174,2,47
2021-09-01,17116.05,17124.75,17112.05,17123.65,13:10:00,17113.07295196549,2,48
2021-09-01,17124.25,17124.6,17114.85,17115.65,13:15:00,17114.13743273068,2,49
2021-09-01,17100.05,17125.7,17096.45,17124.35,13:20:00,17112.795772470614,2,50
2021-09-01,17107.55,17110.85,17097.85,17100.4,13:25:00,17112.296175092462,2,51
2021-09-01,17108.8,17113.35,17102.95,17108.0,13:30:00,17111.963206036038,2,52
2021-09-01,17115.2,17116.1,17105.35,17109.25,13:35:00,17112.271472127846,2,53
2021-09-01,17118.5,17127.85,17115.4,17115.55,13:40:00,17112.864665258527,2,54
2021-09-01,17121.05,17125.95,17117.3,17118.3,13:45:00,17113.64422094819,2,55
2021-09-01,17135.35,17135.65,17121.35,17121.35,13:50:00,17115.711438000744,2,56
2021-09-01,17143.4,17147.35,17131.05,17135.4,13:55:00,17118.348443905434,2,57
2021-09-01,17133.35,17144.25,17130.05,17143.8,14:00:00,17119.777163533487,2,58
2021-09-01,17135.3,17136.2,17129.25,17133.95,14:05:00,17121.25552891125,2,59
2021-09-01,17118.4,17139.1,17112.55,17135.25,14:10:00,17120.983573776844,2,60
2021-09-01,17121.7,17125.85,17116.6,17118.9,14:15:00,17121.051804845716,2,61
2021-09-01,17127.3,17127.75,17117.7,17122.15,14:20:00,17121.646871050885,2,62
2021-09-01,17119.85,17132.1,17118.85,17126.0,14:25:00,17121.47574047461,2,63
2021-09-01,17107.3,17127.55,17100.85,17120.7,14:30:00,17120.125669953217,2,64
2021-09-01,17104.7,17111.15,17098.05,17107.5,14:35:00,17118.656558529103,2,65
2021-09-01,17109.0,17111.65,17101.9,17104.75,14:40:00,17117.736886288236,2,66
2021-09-01,17098.05,17113.2,17092.6,17109.5,14:45:00,17115.861944736975,2,67
2021-09-01,17091.95,17104.9,17084.9,17098.3,14:50:00,17113.584616666787,2,68
2021-09-01,17096.75,17098.7,17086.55,17091.75,14:55:00,17111.98131984138,2,69
2021-09-01,17100.85,17111.8,17099.1,17099.1,15:00:00,17110.9211941422,2,70
2021-09-01,17078.2,17101.55,17077.95,17100.95,15:05:00,17107.804889938183,2,71
2021-09-01,17068.5,17080.8,17065.8,17078.65,15:10:00,17104.061567086927,2,72
2021-09-01,17065.75,17074.0,17063.0,17067.5,15:15:00,17100.412846411982,2,73
2021-09-01,17059.2,17070.65,17056.15,17065.6,15:20:00,17096.487813420365,2,74
2021-09-01,17058.5,17067.7,17055.05,17058.15,15:25:00,17092.86992642795,2,75
2021-09-02,17111.8,17112.05,17059.7,17102.25,09:15:00,17094.672790577668,3,1
2021-09-02,17111.85,17114.95,17099.35,17106.45,09:20:00,17096.30871528456,3,2
2021-09-02,17127.55,17132.1,17109.1,17112.15,09:25:00,17099.28407573365,3,3
2021-09-02,17122.6,17132.3,17112.45,17127.75,09:30:00,17101.504639949493,3,4
2021-09-02,17112.95,17122.65,17109.4,17122.65,09:35:00,17102.59467424002,3,5
2021-09-02,17113.5,17120.25,17109.9,17113.3,09:40:00,17103.633276693352,3,6
2021-09-02,17108.05,17114.8,17099.35,17113.85,09:45:00,17104.05391700827,3,7
2021-09-02,17120.25,17120.25,17107.6,17107.6,09:50:00,17105.59640110272,3,8
2021-09-02,17123.85,17126.8,17117.6,17119.95,09:55:00,17107.33483909294,3,9
2021-09-02,17128.25,17128.95,17120.1,17125.55,10:00:00,17109.326759179326,3,10
2021-09-02,17118.4,17129.05,17116.15,17128.6,10:05:00,17110.190877352725,3,11
2021-09-02,17127.0,17127.15,17117.6,17118.85,10:10:00,17111.791746176277,3,12
2021-09-02,17121.65,17128.05,17115.85,17127.1,10:15:00,17112.730627492823,3,13
2021-09-02,17113.95,17124.0,17111.55,17121.5,10:20:00,17112.846758207794,3,14
2021-09-02,17119.35,17120.2,17108.95,17114.1,10:25:00,17113.466114568957,3,15
2021-09-02,17117.35,17120.2,17113.55,17119.45,10:30:00,17113.836008419534,3,16
2021-09-02,17126.3,17127.6,17117.0,17117.6,10:35:00,17115.02305523672,3,17
2021-09-02,17135.7,17137.55,17126.75,17126.75,10:40:00,17116.99228807132,3,18
2021-09-02,17136.2,17143.05,17130.75,17136.05,10:45:00,17118.82159396929,3,19
2021-09-02,17138.8,17140.55,17133.05,17135.9,10:50:00,17120.724299305548,3,20
2021-09-02,17140.85,17143.35,17135.05,17138.75,10:55:00,17122.641032705018,3,21
2021-09-02,17136.4,17147.3,17135.95,17141.5,11:00:00,17123.951410542635,3,22
2021-09-02,17150.25,17150.75,17136.3,17136.3,11:05:00,17126.456038110002,3,23
2021-09-02,17150.8,17150.95,17143.7,17149.85,11:10:00,17128.774510670955,3,24
2021-09-02,17156.35,17158.25,17148.85,17150.25,11:15:00,17131.40074774991,3,25
2021-09-02,17159.6,17161.8,17152.05,17156.65,11:20:00,17134.086390821347,3,26
2021-09-02,17164.5,17166.2,17158.65,17159.45,11:25:00,17136.98292502884,3,27
2021-09-02,17158.1,17167.8,17156.55,17163.95,11:30:00,17138.99407502609,3,28
2021-09-02,17166.15,17169.9,17155.7,17157.85,11:35:00,17141.580353595033,3,29
2021-09-02,17164.4,17167.7,17162.55,17166.55,11:40:00,17143.75365325265,3,30
2021-09-02,17167.75,17168.9,17162.95,17164.35,11:45:00,17146.03901960954,3,31
2021-09-02,17173.85,17174.45,17165.5,17167.6,11:50:00,17148.68768440863,3,32
2021-09-02,17172.65,17177.9,17170.4,17173.7,11:55:00,17150.969809703045,3,33
2021-09-02,17171.85,17174.35,17168.35,17172.45,12:00:00,17152.958399255138,3,34
2021-09-02,17161.8,17172.9,17160.2,17172.45,12:05:00,17153.800456468933,3,35
2021-09-02,17174.4,17174.6,17160.95,17162.35,12:10:00,17155.762317757606,3,36
2021-09-02,17175.85,17182.45,17173.95,17173.95,12:15:00,17157.67543035212,3,37
2021-09-02,17179.65,17181.05,17171.05,17176.25,12:20:00,17159.768246509062,3,38
2021-09-02,17178.8,17183.9,17177.05,17180.5,12:25:00,17161.58079446058,3,39
2021-09-02,17175.7,17180.6,17173.05,17179.2,12:30:00,17162.92548070243,3,40
2021-09-02,17175.5,17179.6,17170.3,17175.15,12:35:00,17164.123053968866,3,41
2021-09-02,17163.15,17175.4,17161.55,17174.65,12:40:00,17164.030382162306,3,42
2021-09-02,17167.65,17168.1,17150.45,17162.7,12:45:00,17164.375107670658,3,43
2021-09-02,17184.0,17186.55,17163.8,17166.2,12:50:00,17166.244145035358,3,44
2021-09-02,17186.15,17191.95,17183.0,17184.65,12:55:00,17168.139940746278,3,45
2021-09-02,17175.65,17186.95,17174.3,17186.5,13:00:00,17168.855184484728,3,46
2021-09-02,17180.95,17182.65,17174.45,17175.9,13:05:00,17170.00707167666,3,47
2021-09-02,17189.6,17192.05,17172.6,17180.3,13:10:00,17171.87306485031,3,48
2021-09-02,17189.35,17196.8,17185.25,17189.75,13:15:00,17173.53753486457,3,49
2021-09-02,17189.25,17190.4,17184.1,17188.95,13:20:00,17175.03396011556,3,50
2021-09-02,17176.5,17189.35,17173.85,17188.95,13:25:00,17175.1735829617,3,51
2021-09-02,17176.6,17187.35,17174.65,17176.65,13:30:00,17175.30943220344,3,52
2021-09-02,17171.9,17177.5,17166.25,17177.2,13:35:00,17174.984724374543,3,53
2021-09-02,17170.7,17179.55,17166.5,17173.1,13:40:00,17174.576655386492,3,54
2021-09-02,17193.75,17194.7,17170.05,17170.1,13:45:00,17176.40268820683,3,55
2021-09-02,17197.75,17201.8,17189.3,17193.0,13:50:00,17178.435765520466,3,56
2021-09-02,17194.25,17199.85,17189.2,17197.6,13:55:00,17179.941883089945,3,57
2021-09-02,17208.65,17213.65,17194.2,17195.1,14:00:00,17182.675989462332,3,58
2021-09-02,17209.8,17216.65,17206.95,17207.6,14:05:00,17185.259228561157,3,59
2021-09-02,17216.3,17217.9,17207.45,17210.0,14:10:00,17188.215492507716,3,60
2021-09-02,17220.15,17221.4,17209.15,17217.45,14:15:00,17191.256874173647,3,61
2021-09-02,17224.4,17225.6,17218.15,17220.5,14:20:00,17194.413362347586,3,62
2021-09-02,17236.1,17241.15,17220.55,17224.6,14:25:00,17198.383518314484,3,63
2021-09-02,17230.2,17242.5,17225.55,17237.2,14:30:00,17201.41365942739,3,64
2021-09-02,17228.1,17236.65,17227.25,17231.85,14:35:00,17203.955215672402,3,65
2021-09-02,17235.8,17236.65,17226.5,17228.65,14:40:00,17206.98805227503,3,66
2021-09-02,17240.25,17245.5,17232.05,17236.85,14:45:00,17210.155856820267,3,67
2021-09-02,17236.45,17242.35,17232.65,17241.0,14:50:00,17212.660060932623,3,68
2021-09-02,17236.6,17238.85,17228.2,17237.1,14:55:00,17214.940055129515,3,69
2021-09-02,17235.25,17243.75,17231.25,17237.95,15:00:00,17216.87433559337,3,70
2021-09-02,17233.2,17239.4,17229.6,17235.75,15:05:00,17218.429160774955,3,71
2021-09-02,17231.45,17235.3,17230.5,17233.35,15:10:00,17219.66924070115,3,72
2021-09-02,17236.45,17240.5,17231.65,17232.45,15:15:00,17221.26740825342,3,73
2021-09-02,17225.35,17238.75,17224.95,17235.9,15:20:00,17221.656226515,3,74
2021-09-02,17233.15,17234.4,17223.05,17225.55,15:25:00,17222.75087160881,3,75
2021-09-03,17307.1,17311.95,17255.35,17267.3,09:15:00,17230.784121931778,4,1
2021-09-03,17290.65,17310.25,17283.15,17308.15,09:20:00,17236.485634128752,4,2
2021-09-03,17276.25,17291.4,17273.2,17291.4,09:25:00,17240.27271659268,4,3
2021-09-03,17283.9,17289.75,17272.0,17275.1,09:30:00,17244.427695964805,4,4
2021-09-03,17261.2,17284.75,17254.5,17284.75,09:35:00,17246.025058253872,4,5
2021-09-03,17274.85,17276.5,17257.55,17259.85,09:40:00,17248.770290801123,4,6
2021-09-03,17287.15,17293.0,17266.4,17274.15,09:45:00,17252.425501201018,4,7
2021-09-03,17293.15,17300.1,17284.8,17285.2,09:50:00,17256.30402489616,4,8
2021-09-03,17293.75,17301.05,17289.1,17292.85,09:55:00,17259.870308239384,4,9
2021-09-03,17302.9,17304.9,17288.45,17293.7,10:00:00,17263.96837412135,4,10
2021-09-03,17301.2,17305.85,17294.85,17301.9,10:05:00,17267.514243252648,4,11
2021-09-03,17300.45,17305.65,17291.8,17300.5,10:10:00,17270.650981990493,4,12
2021-09-03,17296.9,17309.4,17293.7,17299.8,10:15:00,17273.15088846759,4,13
2021-09-03,17290.35,17296.5,17284.6,17296.4,10:20:00,17274.788899089723,4,14
2021-09-03,17280.3,17299.75,17280.3,17289.95,10:25:00,17275.313765843082,4,15
2021-09-03,17268.15,17287.0,17260.15,17279.2,10:30:00,17274.631502429456,4,16
2021-09-03,17273.05,17281.5,17266.65,17268.2,10:35:00,17274.48088315046,4,17
2021-09-03,17238.55,17273.05,17238.2,17272.7,10:40:00,17271.058894278987,4,18
2021-09-03,17256.75,17262.3,17230.2,17237.4,10:45:00,17269.696142442896,4,19
2021-09-03,17258.35,17265.05,17248.9,17256.15,10:50:00,17268.615557448335,4,20
2021-09-03,17258.75,17264.55,17256.65,17257.85,10:55:00,17267.675980548494,4,21
2021-09-03,17241.25,17259.95,17237.95,17259.65,11:00:00,17265.159220496258,4,22
2021-09-03,17239.5,17252.85,17239.0,17240.85,11:05:00,17262.715485210898,4,23
2021-09-03,17234.75,17240.9,17225.5,17240.2,11:10:00,17260.052105667004,4,24
2021-09-03,17250.05,17252.55,17231.35,17234.1,11:15:00,17259.099524174908,4,25
2021-09-03,17238.3,17249.55,17235.5,17249.55,11:20:00,17257.11861711063,4,26
2021-09-03,17228.75,17239.0,17220.15,17238.05,11:25:00,17254.416844052477,4,27
2021-09-03,17229.4,17235.65,17225.35,17229.25,11:30:00,17252.03428747605,4,28
2021-09-03,17216.45,17229.55,17212.2,17228.05,11:35:00,17248.645307716426,4,29
2021-09-03,17229.15,17230.6,17215.8,17215.8,11:40:00,17246.788611743432,4,30
2021-09-03,17240.2,17242.95,17223.65,17229.2,11:45:00,17246.161124910723,4,31
2021-09-03,17259.7,17261.55,17239.1,17240.1,11:50:00,17247.45054158589,4,32
2021-09-03,17262.4,17268.55,17256.65,17260.0,11:55:00,17248.874299530093,4,33
2021-09-03,17260.05,17269.05,17258.1,17261.75,12:00:00,17249.9386519558,4,34
2021-09-03,17264.25,17268.95,17254.35,17260.5,12:05:00,17251.30163748382,4,35
2021-09-03,17270.45,17273.4,17261.75,17265.3,12:10:00,17253.12529105679,4,36
2021-09-03,17276.9,17279.25,17270.3,17270.3,12:15:00,17255.389549051382,4,37
2021-09-03,17278.9,17281.65,17271.1,17276.55,12:20:00,17257.628639617917,4,38
2021-09-03,17282.65,17286.75,17276.5,17278.95,12:25:00,17260.01162632097,4,39
2021-09-03,17274.5,17286.4,17272.3,17283.85,12:30:00,17261.39147143326,4,40
2021-09-03,17270.7,17281.05,17266.55,17274.55,12:35:00,17262.277997963425,4,41
2021-09-03,17262.4,17271.9,17258.8,17271.55,12:40:00,17262.289617205006,4,42
2021-09-03,17274.45,17276.25,17258.15,17261.9,12:45:00,17263.44774889977,4,43
2021-09-03,17279.0,17281.35,17274.05,17275.35,12:50:00,17264.92891567122,4,44
2021-09-03,17283.3,17287.15,17278.6,17279.15,12:55:00,17266.67854275015,4,45
2021-09-03,17274.6,17284.15,17271.1,17283.65,13:00:00,17267.432967250134,4,46
2021-09-03,17283.55,17285.4,17273.2,17275.15,13:05:00,17268.967922750122,4,47
2021-09-03,17294.6,17297.1,17282.95,17282.95,13:10:00,17271.409072964394,4,48
2021-09-03,17299.85,17300.85,17293.1,17293.8,13:15:00,17274.11773268207,4,49
2021-09-03,17298.9,17304.25,17293.2,17299.5,13:20:00,17276.47794861711,4,50
2021-09-03,17297.95,17302.1,17283.85,17298.75,13:25:00,17278.52290589167,4,51
2021-09-03,17292.05,17299.6,17288.75,17297.4,13:30:00,17279.811200568653,4,52
2021-09-03,17305.05,17306.15,17291.4,17291.4,13:35:00,17282.21489575259,4,53
2021-09-03,17313.7,17321.35,17306.4,17306.85,13:40:00,17285.213477109486,4,54
2021-09-03,17306.8,17314.15,17302.1,17313.55,13:45:00,17287.269336432393,4,55
2021-09-03,17297.1,17310.0,17284.75,17306.9,13:50:00,17288.2055901055,4,56
2021-09-03,17283.2,17299.55,17282.15,17297.35,13:55:00,17287.72886723831,4,57
2021-09-03,17242.65,17283.85,17242.35,17283.3,14:00:00,17283.435641787044,4,58
2021-09-03,17253.8,17257.3,17228.55,17241.45,14:05:00,17280.613199712086,4,59
2021-09-03,17269.6,17271.45,17253.7,17254.25,14:10:00,17279.56432354903,4,60
2021-09-03,17275.85,17277.15,17265.85,17268.75,14:15:00,17279.210578449125,4,61
2021-09-03,17272.75,17277.8,17268.25,17275.35,14:20:00,17278.595285263495,4,62
2021-09-03,17281.55,17282.85,17257.5,17271.6,14:25:00,17278.876686666972,4,63
2021-09-03,17286.4,17293.35,17282.2,17282.35,14:30:00,17279.59319269869,4,64
2021-09-03,17284.05,17293.35,17281.9,17287.3,14:35:00,17280.01765053691,4,65
2021-09-03,17281.8,17291.9,17281.8,17284.95,14:40:00,17280.187398104823,4,66
2021-09-03,17284.65,17292.55,17278.7,17281.9,14:45:00,17280.612407809127,4,67
2021-09-03,17295.3,17295.3,17285.4,17285.65,14:50:00,17282.01122611302,4,68
2021-09-03,17285.85,17295.45,17271.85,17294.45,14:55:00,17282.376823626066,4,69
2021-09-03,17320.1,17320.1,17286.5,17286.5,15:00:00,17285.96950709025,4,70
2021-09-03,17321.05,17321.95,17306.85,17321.6,15:05:00,17289.310506414986,4,71
2021-09-03,17320.6,17326.0,17318.7,17322.45,15:10:00,17292.290458184987,4,72
2021-09-03,17327.1,17327.6,17319.6,17320.15,15:15:00,17295.60565264356,4,73
2021-09-03,17336.1,17340.1,17326.95,17328.15,15:20:00,17299.462257153697,4,74
2021-09-03,17320.55,17338.4,17318.5,17337.05,15:25:00,17301.47061361525,4,75
2021-09-06,17415.3,17420.7,17379.6,17399.45,09:15:00,17312.311507556653,0,1
2021-09-06,17397.55,17421.55,17387.4,17415.7,09:20:00,17320.429459217925,0,2
2021-09-06,17416.7,17416.7,17384.55,17397.5,09:25:00,17329.59808214955,0,3
2021-09-06,17416.7,17429.55,17406.05,17416.95,09:30:00,17337.893502897212,0,4
2021-09-06,17407.9,17416.7,17399.25,17415.95,09:35:00,17344.560788335573,0,5
2021-09-06,17397.0,17419.6,17397.0,17407.35,09:40:00,17349.55499897028,0,6
2021-09-06,17397.85,17408.15,17391.5,17397.15,09:45:00,17354.154522877874,0,7
2021-09-06,17383.3,17403.3,17382.0,17397.6,09:50:00,17356.930282603793,0,8
2021-09-06,17396.25,17396.25,17379.5,17382.65,09:55:00,17360.67501759391,0,9
2021-09-06,17404.9,17415.8,17396.55,17396.55,10:00:00,17364.8869206802,0,10
2021-09-06,17397.75,17413.4,17397.6,17404.35,10:05:00,17368.016737758277,0,11
2021-09-06,17400.65,17400.95,17386.75,17397.0,10:10:00,17371.124667495584,0,12
2021-09-06,17386.75,17401.75,17384.55,17399.55,10:15:00,17372.612794400768,0,13
2021-09-06,17372.8,17388.5,17371.5,17386.4,10:20:00,17372.630623505458,0,14
2021-09-06,17373.45,17380.75,17366.65,17372.2,10:25:00,17372.70865936208,0,15
2021-09-06,17355.05,17373.1,17349.2,17373.1,10:30:00,17371.026882279977,0,16
2021-09-06,17370.9,17376.15,17353.6,17354.2,10:35:00,17371.014798253313,0,17
2021-09-06,17363.5,17371.7,17357.55,17371.15,10:40:00,17370.29910318157,0,18
2021-09-06,17356.85,17371.4,17356.85,17362.95,10:45:00,17369.018236211898,0,19
2021-09-06,17364.0,17368.85,17355.05,17357.35,10:50:00,17368.540308953623,0,20
2021-09-06,17362.55,17375.3,17360.8,17364.05,10:55:00,17367.96980333899,0,21
2021-09-06,17377.35,17377.35,17361.1,17362.95,11:00:00,17368.863155401945,0,22
2021-09-06,17375.1,17380.7,17372.35,17378.7,11:05:00,17369.457140601757,0,23
2021-09-06,17365.6,17381.55,17365.05,17375.35,11:10:00,17369.089793877778,0,24
2021-09-06,17370.25,17373.65,17365.3,17366.3,11:15:00,17369.200289698943,0,25
2021-09-06,17372.25,17377.8,17369.65,17369.7,11:20:00,17369.490738299042,0,26
2021-09-06,17369.1,17374.15,17364.45,17372.05,11:25:00,17369.453525127705,0,27
2021-09-06,17355.0,17369.75,17351.5,17369.75,11:30:00,17368.076998925066,0,28
2021-09-06,17348.8,17362.9,17345.55,17354.2,11:35:00,17366.241094265533,0,29
2021-09-06,17355.05,17360.0,17345.6,17347.4,11:40:00,17365.175275764053,0,30
2021-09-06,17359.45,17367.2,17351.95,17354.8,11:45:00,17364.630011405574,0,31
2021-09-06,17371.1,17373.45,17359.7,17359.7,11:50:00,17365.24620079552,0,32
2021-09-06,17371.3,17379.65,17370.1,17371.05,11:55:00,17365.822753100707,0,33
2021-09-06,17369.05,17377.55,17366.3,17371.6,12:00:00,17366.13010994826,0,34
2021-09-06,17373.7,17375.35,17360.35,17369.15,12:05:00,17366.85105185795,0,35
2021-09-06,17368.0,17377.25,17366.6,17373.6,12:10:00,17366.960475490527,0,36
2021-09-06,17366.4,17371.45,17365.55,17367.5,12:15:00,17366.907096872383,0,37
2021-09-06,17361.75,17367.55,17360.55,17367.05,12:20:00,17366.415944789296,0,38
2021-09-06,17368.7,17369.6,17360.4,17362.1,12:25:00,17366.633473856982,0,39
2021-09-06,17369.15,17370.65,17362.5,17369.6,12:30:00,17366.87314301346,0,40
2021-09-06,17366.95,17370.5,17364.7,17369.45,12:35:00,17366.880462726465,0,41
2021-09-06,17374.3,17378.9,17366.5,17366.8,12:40:00,17367.587085323943,0,42
2021-09-06,17374.85,17377.25,17371.05,17374.6,12:45:00,17368.278791483568,0,43
2021-09-06,17374.2,17378.85,17370.05,17374.15,12:50:00,17368.84271610418,0,44
2021-09-06,17370.6,17377.4,17366.3,17374.15,12:55:00,17369.01007647521,0,45
2021-09-06,17385.65,17390.75,17367.7,17370.15,13:00:00,17370.59483109662,0,46
2021-09-06,17388.75,17393.4,17385.45,17385.45,13:05:00,17372.323894801702,0,47
2021-09-06,17390.35,17395.1,17387.6,17388.0,13:10:00,17374.04066672535,0,48
2021-09-06,17378.35,17397.5,17378.35,17390.15,13:15:00,17374.451079418173,0,49
2021-09-06,17380.5,17386.5,17369.35,17378.1,13:20:00,17375.027167092634,0,50
2021-09-06,17385.05,17386.65,17379.15,17380.8,13:25:00,17375.98172260762,0,51
2021-09-06,17380.95,17388.15,17380.95,17386.0,13:30:00,17376.454891883084,0,52
2021-09-06,17378.95,17384.35,17375.45,17380.65,13:35:00,17376.692521227553,0,53
2021-09-06,17384.45,17388.75,17377.85,17379.2,13:40:00,17377.43132872969,0,54
2021-09-06,17366.65,17384.5,17363.65,17383.6,13:45:00,17376.404535517337,0,55
2021-09-06,17371.65,17375.35,17365.6,17366.4,13:50:00,17375.951722610924,0,56
2021-09-06,17361.0,17372.8,17360.5,17371.6,13:55:00,17374.52774902893,0,57
2021-09-06,17372.2,17373.3,17357.0,17360.55,14:00:00,17374.306058645223,0,58
2021-09-06,17387.4,17390.0,17372.6,17372.6,14:05:00,17375.55310067901,0,59
2021-09-06,17377.15,17388.2,17371.3,17386.75,14:10:00,17375.70518632863,0,60
2021-09-06,17377.5,17382.15,17371.55,17376.35,14:15:00,17375.876120964,0,61
2021-09-06,17376.4,17381.55,17371.25,17376.55,14:20:00,17375.926014205525,0,62
2021-09-06,17373.45,17380.15,17372.75,17375.35,14:25:00,17375.690203328806,0,63
2021-09-06,17381.8,17382.85,17373.7,17373.9,14:30:00,17376.272088726062,0,64
2021-09-06,17387.55,17389.1,17376.45,17380.6,14:35:00,17377.346175514056,0,65
2021-09-06,17368.9,17388.2,17368.75,17388.0,14:40:00,17376.54177784605,0,66
2021-09-06,17361.85,17376.2,17360.7,17368.15,14:45:00,17375.14256090833,0,67
2021-09-06,17376.35,17379.4,17361.95,17361.95,14:50:00,17375.257555107535,0,68
2021-09-06,17381.0,17388.6,17373.05,17376.7,14:55:00,17375.804454621102,0,69
2021-09-06,17390.6,17393.45,17379.75,17382.1,15:00:00,17377.213554180995,0,70
2021-09-06,17383.05,17391.65,17378.45,17391.65,15:05:00,17377.76940616376,0,71
2021-09-06,17375.4,17384.25,17373.95,17384.25,15:10:00,17377.543748433876,0,72
2021-09-06,17371.45,17380.55,17369.3,17376.85,15:15:00,17376.963391440175,0,73
2021-09-06,17378.4,17382.2,17370.8,17372.05,15:20:00,17377.100211303015,0,74
2021-09-06,17379.65,17380.55,17372.15,17377.9,15:25:00,17377.343048321774,0,75
2021-09-07,17376.1,17425.15,17375.45,17403.65,09:15:00,17377.22466276732,1,1
2021-09-07,17346.9,17380.9,17345.75,17375.0,09:20:00,17374.336599646624,1,2
2021-09-07,17361.7,17369.1,17342.7,17344.45,09:25:00,17373.133113965992,1,3
2021-09-07,17363.65,17365.6,17347.3,17361.4,09:30:00,17372.229960254946,1,4
2021-09-07,17374.65,17381.15,17363.1,17364.4,09:35:00,17372.460440230665,1,5
2021-09-07,17381.35,17390.65,17371.95,17374.3,09:40:00,17373.307064970602,1,6
2021-09-07,17369.15,17384.05,17368.05,17381.45,09:45:00,17372.91115402102,1,7
2021-09-07,17364.7,17369.7,17360.8,17368.95,09:50:00,17372.129139352353,1,8
2021-09-07,17351.9,17368.6,17348.45,17364.75,09:55:00,17370.20255465213,1,9
2021-09-07,17325.75,17352.65,17316.3,17352.65,10:00:00,17365.968978018594,1,10
2021-09-07,17300.8,17325.2,17299.7,17325.2,10:05:00,17359.76240868349,1,11
2021-09-07,17310.9,17313.6,17290.45,17299.1,10:10:00,17355.10884595173,1,12
2021-09-07,17299.65,17310.55,17287.0,17310.45,10:15:00,17349.827051099186,1,13
2021-09-07,17315.7,17318.95,17299.45,17300.5,10:20:00,17346.576855756404,1,14
2021-09-07,17324.45,17326.5,17314.4,17314.8,10:25:00,17344.469536160555,1,15
2021-09-07,17327.2,17328.6,17308.65,17323.5,10:30:00,17342.824818430978,1,16
2021-09-07,17320.6,17337.2,17319.85,17327.6,10:35:00,17340.708169056597,1,17
2021-09-07,17330.05,17331.35,17320.3,17320.3,10:40:00,17339.693105336923,1,18
2021-09-07,17339.35,17340.6,17329.5,17329.5,10:45:00,17339.660428638166,1,19
2021-09-07,17331.45,17341.9,17330.45,17339.8,10:50:00,17338.878483053577,1,20
2021-09-07,17325.05,17330.65,17321.6,17330.65,10:55:00,17337.561484667523,1,21
2021-09-07,17323.9,17332.9,17322.95,17325.5,11:00:00,17336.260390889664,1,22
2021-09-07,17326.55,17328.5,17320.95,17323.5,11:05:00,17335.335591757314,1,23
2021-09-07,17329.25,17329.8,17323.45,17325.85,11:10:00,17334.75601158995,1,24
2021-09-07,17319.0,17336.65,17317.35,17329.3,11:15:00,17333.255439057575,1,25
2021-09-07,17330.65,17333.1,17317.25,17318.9,11:20:00,17333.007302004473,1,26
2021-09-07,17339.7,17342.45,17328.0,17330.05,11:25:00,17333.64470181357,1,27
2021-09-07,17336.05,17352.2,17333.5,17339.4,11:30:00,17333.873777831326,1,28
2021-09-07,17334.35,17339.9,17332.5,17335.05,11:35:00,17333.91913232358,1,29
2021-09-07,17325.1,17336.9,17322.9,17333.75,11:40:00,17333.079214959427,1,30
2021-09-07,17319.15,17329.0,17317.5,17325.3,11:45:00,17331.752623058528,1,31
2021-09-07,17343.0,17343.4,17316.2,17318.95,11:50:00,17332.82380181486,1,32
2021-09-07,17350.0,17353.4,17341.8,17342.9,11:55:00,17334.459630213445,1,33
2021-09-07,17348.1,17353.7,17344.3,17349.8,12:00:00,17335.758713050258,1,34
2021-09-07,17373.05,17373.05,17347.55,17348.3,12:05:00,17339.310264188327,1,35
2021-09-07,17384.25,17386.45,17370.8,17371.7,12:10:00,17343.590239027533,1,36
2021-09-07,17395.75,17401.3,17385.35,17385.85,12:15:00,17348.557835310625,1,37
2021-09-07,17403.15,17413.3,17395.65,17395.7,12:20:00,17353.757089090566,1,38
2021-09-07,17410.0,17410.0,17393.35,17402.1,12:25:00,17359.113556796226,1,39
2021-09-07,17410.45,17412.5,17399.45,17409.3,12:30:00,17364.002741863253,1,40
2021-09-07,17420.95,17427.25,17410.5,17410.5,12:35:00,17369.42629025723,1,41
2021-09-07,17417.3,17425.3,17414.45,17420.6,12:40:00,17373.985691185113,1,42
2021-09-07,17433.3,17434.75,17412.65,17418.4,12:45:00,17379.63467297701,1,43
2021-09-07,17427.9,17436.5,17427.25,17432.4,12:50:00,17384.231370788722,1,44
2021-09-07,17415.85,17427.7,17411.8,17427.7,12:55:00,17387.242668808845,1,45
2021-09-07,17412.55,17417.55,17402.85,17416.55,13:00:00,17389.652890827052,1,46
2021-09-07,17419.15,17423.75,17411.6,17411.6,13:05:00,17392.462139319712,1,47
2021-09-07,17410.0,17418.4,17407.3,17418.4,13:10:00,17394.132411765455,1,48
2021-09-07,17418.3,17429.7,17409.6,17409.6,13:15:00,17396.434086835412,1,49
2021-09-07,17421.45,17424.35,17413.6,17418.45,13:20:00,17398.81655475585,1,50
2021-09-07,17423.55,17425.8,17419.05,17421.0,13:25:00,17401.172120969575,1,51
2021-09-07,17430.1,17431.1,17423.1,17423.75,13:30:00,17403.92715706771,1,52
2021-09-07,17423.2,17432.75,17419.6,17430.35,13:35:00,17405.762665918402,1,53
2021-09-07,17420.9,17425.95,17417.6,17423.3,13:40:00,17407.204316783318,1,54
2021-09-07,17424.7,17430.7,17419.05,17421.35,13:45:00,17408.870572327764,1,55
2021-09-07,17404.15,17428.2,17402.9,17424.9,13:50:00,17408.420994010834,1,56
2021-09-07,17393.75,17403.85,17392.7,17403.85,13:55:00,17407.023756485993,1,57
2021-09-07,17405.8,17406.3,17382.15,17395.35,14:00:00,17406.90720824923,1,58
2021-09-07,17413.65,17420.4,17403.25,17405.45,14:05:00,17407.549378892163,1,59
2021-09-07,17410.2,17418.35,17410.0,17413.1,14:10:00,17407.801818997672,1,60
2021-09-07,17406.15,17414.15,17405.65,17410.95,14:15:00,17407.644502902654,1,61
2021-09-07,17398.65,17415.15,17398.65,17406.1,14:20:00,17406.787883578592,1,62
2021-09-07,17401.65,17404.2,17392.4,17399.25,14:25:00,17406.298561333013,1,63
2021-09-07,17403.85,17408.55,17396.85,17401.6,14:30:00,17406.065365015584,1,64
2021-09-07,17386.55,17405.35,17385.8,17404.0,14:35:00,17404.206758823624,1,65
2021-09-07,17355.7,17387.25,17353.5,17386.6,14:40:00,17399.587067507087,1,66
2021-09-07,17369.15,17370.0,17346.95,17356.45,14:45:00,17396.688299173078,1,67
2021-09-07,17359.4,17371.15,17359.05,17368.95,14:50:00,17393.137032585168,1,68
2021-09-07,17382.6,17389.1,17359.1,17359.25,14:55:00,17392.133505672293,1,69
2021-09-07,17371.55,17394.55,17369.2,17382.1,15:00:00,17390.173171798742,1,70
2021-09-07,17368.65,17375.4,17362.25,17371.85,15:05:00,17388.123345913147,1,71
2021-09-07,17361.95,17370.4,17360.3,17368.4,15:10:00,17385.630646302372,1,72
2021-09-07,17349.95,17364.25,17346.05,17361.9,15:15:00,17382.23248951167,1,73
2021-09-07,17351.35,17363.15,17349.65,17349.85,15:20:00,17379.29130003437,1,74
2021-09-07,17356.3,17358.7,17351.05,17352.2,15:25:00,17377.101652412046,1,75
2021-09-08,17379.8,17379.95,17324.75,17377.05,09:15:00,17377.591148573127,2,1
2021-09-08,17353.25,17383.4,17353.1,17380.55,09:20:00,17375.272943947115,2,2
2021-09-08,17336.95,17355.55,17331.55,17351.75,09:25:00,17371.623139761676,2,3
2021-09-08,17351.95,17356.9,17324.0,17336.8,09:30:00,17369.74950740342,2,4
2021-09-08,17359.5,17361.85,17344.95,17352.65,09:35:00,17368.77336384119,2,5
2021-09-08,17368.35,17370.9,17358.3,17358.85,09:40:00,17368.73304347536,2,6
2021-09-08,17361.55,17368.35,17355.85,17367.15,09:45:00,17368.048944096754,2,7
2021-09-08,17349.9,17362.2,17348.35,17361.85,09:50:00,17366.320473230397,2,8
2021-09-08,17366.8,17368.95,17341.2,17349.3,09:55:00,17366.36614244655,2,9
2021-09-08,17347.4,17375.95,17341.75,17367.4,10:00:00,17364.559843165927,2,10
2021-09-08,17333.35,17348.4,17332.9,17347.35,10:05:00,17361.587477150126,2,11
2021-09-08,17339.15,17347.1,17327.85,17333.25,10:10:00,17359.4505745644,2,12
2021-09-08,17346.4,17349.3,17339.55,17340.2,10:15:00,17358.207662701123,2,13
2021-09-08,17357.95,17357.95,17344.5,17345.65,10:20:00,17358.183123396255,2,14
2021-09-08,17364.45,17367.5,17354.65,17357.35,10:25:00,17358.779968787087,2,15
2021-09-08,17357.05,17365.4,17352.15,17365.25,10:30:00,17358.615209854983,2,16
2021-09-08,17363.35,17366.65,17356.8,17357.5,10:35:00,17359.066142249747,2,17
2021-09-08,17373.55,17375.95,17355.8,17364.1,10:40:00,17360.44555727358,2,18
2021-09-08,17361.9,17375.6,17361.25,17372.8,10:45:00,17360.584075628478,2,19
2021-09-08,17369.9,17370.65,17359.45,17360.95,10:50:00,17361.471306521005,2,20
2021-09-08,17362.4,17374.7,17361.7,17371.05,10:55:00,17361.559753519006,2,21
2021-09-08,17369.2,17371.15,17360.3,17362.6,11:00:00,17362.287396041007,2,22
2021-09-08,17364.9,17370.9,17362.7,17370.05,11:05:00,17362.536215465672,2,23
2021-09-08,17368.2,17371.2,17363.95,17364.85,11:10:00,17363.07562351656,2,24
2021-09-08,17354.45,17367.85,17348.3,17367.5,11:15:00,17362.2541355626,2,25
2021-09-08,17358.4,17359.85,17353.75,17354.8,11:20:00,17361.88707503283,2,26
2021-09-08,17359.25,17363.85,17355.95,17358.25,11:25:00,17361.635925029703,2,27
2021-09-08,17357.8,17359.9,17350.45,17359.4,11:30:00,17361.270598836396,2,28
2021-09-08,17355.95,17358.4,17351.85,17357.95,11:35:00,17360.76387513769,2,29
2021-09-08,17354.75,17359.4,17349.7,17356.85,11:40:00,17360.191125124577,2,30
2021-09-08,17363.2,17367.25,17353.5,17354.5,11:45:00,17360.477684636524,2,31
2021-09-08,17366.6,17367.3,17361.4,17362.3,11:50:00,17361.060762290188,2,32
2021-09-08,17362.0,17369.45,17360.75,17365.2,11:55:00,17361.15021350065,2,33
2021-09-08,17369.8,17371.2,17359.55,17362.9,12:00:00,17361.974002691062,2,34
2021-09-08,17367.55,17374.2,17365.15,17369.9,12:05:00,17362.50505005382,2,35
2021-09-08,17364.6,17369.0,17361.85,17367.8,12:10:00,17362.704569096313,2,36
2021-09-08,17348.2,17366.65,17348.2,17364.8,12:15:00,17361.32318156333,2,37
2021-09-08,17325.35,17347.45,17324.35,17347.45,12:20:00,17357.897164271584,2,38
2021-09-08,17327.25,17335.35,17321.2,17324.45,12:25:00,17354.97838672191,2,39
2021-09-08,17309.65,17327.15,17304.3,17327.15,12:30:00,17350.6613975103,2,40
2021-09-08,17289.55,17310.4,17286.35,17310.4,12:35:00,17344.84126441408,2,41
2021-09-08,17288.45,17307.9,17285.75,17288.9,12:40:00,17339.470667803216,2,42
2021-09-08,17307.35,17307.4,17283.2,17287.8,12:45:00,17336.411556583862,2,43
2021-09-08,17303.8,17311.8,17298.0,17307.4,12:50:00,17333.305694052066,2,44
2021-09-08,17289.8,17304.55,17288.9,17304.55,12:55:00,17329.162294618534,2,45
2021-09-08,17266.6,17293.65,17260.6,17289.25,13:00:00,17323.20398084534,2,46
2021-09-08,17269.1,17278.2,17260.05,17266.95,13:05:00,17318.05122076483,2,47
2021-09-08,17262.25,17272.9,17254.2,17267.75,13:10:00,17312.73681878723,2,48
2021-09-08,17296.3,17299.3,17263.9,17263.9,13:15:00,17311.17140747416,2,49
2021-09-08,17310.85,17314.3,17295.6,17295.6,13:20:00,17311.140797238528,2,50
2021-09-08,17295.9,17311.0,17295.0,17310.65,13:25:00,17309.68929273962,2,51
2021-09-08,17302.05,17302.95,17280.1,17296.2,13:30:00,17308.96174105013,2,52
2021-09-08,17296.55,17304.6,17295.5,17302.6,13:35:00,17307.779670473927,2,53
2021-09-08,17283.25,17304.25,17283.25,17297.05,13:40:00,17305.443511381174,2,54
2021-09-08,17284.15,17290.65,17281.55,17283.0,13:45:00,17303.4155579163,2,55
2021-09-08,17286.6,17294.8,17283.55,17283.55,13:50:00,17301.814076209987,2,56
2021-09-08,17295.0,17295.9,17277.05,17286.75,13:55:00,17301.16511657094,2,57
2021-09-08,17301.95,17308.45,17294.85,17295.8,14:00:00,17301.239867373708,2,58
2021-09-08,17314.2,17315.95,17301.6,17301.8,14:05:00,17302.474165719068,2,59
2021-09-08,17324.9,17326.2,17313.3,17314.0,14:10:00,17304.60995946011,2,60
2021-09-08,17315.25,17332.35,17315.25,17325.15,14:15:00,17305.623296654387,2,61
2021-09-08,17304.65,17315.05,17304.3,17315.05,14:20:00,17305.53060173492,2,62
2021-09-08,17297.25,17305.0,17296.95,17304.45,14:25:00,17304.74197299826,2,63
2021-09-08,17309.5,17312.4,17296.45,17298.15,14:30:00,17305.195118427,2,64
2021-09-08,17311.6,17315.75,17307.3,17309.1,14:35:00,17305.805107148237,2,65
2021-09-08,17321.15,17324.25,17310.15,17311.5,14:40:00,17307.26652551507,2,66
2021-09-08,17318.4,17327.45,17316.65,17320.75,14:45:00,17308.326856418396,2,67
2021-09-08,17324.2,17325.65,17318.45,17319.45,14:50:00,17309.83858437855,2,68
2021-09-08,17323.05,17328.6,17317.5,17324.3,14:55:00,17311.096814437737,2,69
2021-09-08,17339.65,17343.25,17323.7,17323.7,15:00:00,17313.816165443666,2,70
2021-09-08,17348.35,17354.9,17332.05,17339.75,15:05:00,17317.10510206808,2,71
2021-09-08,17351.2,17352.05,17345.35,17348.85,15:10:00,17320.352235204453,2,72
2021-09-08,17354.0,17357.75,17350.0,17350.0,15:15:00,17323.556784232598,2,73
2021-09-08,17368.3,17369.55,17351.95,17353.5,15:20:00,17327.818042877112,2,74
2021-09-08,17368.05,17373.95,17365.2,17369.1,15:25:00,17331.649657841197,2,75
2021-09-09,17345.05,17353.7,17307.0,17319.85,09:15:00,17332.925880903942,3,1
2021-09-09,17339.3,17348.1,17333.85,17345.95,09:20:00,17333.532939865472,3,2
2021-09-09,17338.3,17347.7,17334.45,17339.75,09:25:00,17333.98694559257,3,3
2021-09-09,17315.8,17339.1,17311.5,17338.9,09:30:00,17332.25485553613,3,4
2021-09-09,17314.95,17323.45,17313.15,17315.1,09:35:00,17330.6067740565,3,5
2021-09-09,17322.5,17324.15,17308.45,17314.5,09:40:00,17329.834700336833,3,6
2021-09-09,17339.7,17342.45,17317.85,17322.9,09:45:00,17330.774252685707,3,7
2021-09-09,17328.4,17340.45,17324.5,17338.95,09:50:00,17330.548133382308,3,8
2021-09-09,17318.65,17336.65,17318.65,17328.8,09:55:00,17329.41497782209,3,9
2021-09-09,17327.9,17329.1,17317.45,17319.35,10:00:00,17329.270694219987,3,10
2021-09-09,17326.95,17336.6,17325.7,17327.7,10:05:00,17329.049675722847,3,11
2021-09-09,17324.7,17333.2,17323.1,17328.25,10:10:00,17328.6354208921,3,12
2021-09-09,17332.65,17333.25,17318.2,17324.45,10:15:00,17329.017761759518,3,13
2021-09-09,17343.35,17346.6,17330.55,17332.7,10:20:00,17330.38273683004,3,14
2021-09-09,17337.25,17344.0,17336.4,17343.85,10:25:00,17331.036761893847,3,15
2021-09-09,17351.95,17352.35,17336.0,17338.8,10:30:00,17333.028498856336,3,16
2021-09-09,17357.35,17362.65,17351.3,17351.4,10:35:00,17335.34483229859,3,17
2021-09-09,17367.3,17369.15,17349.9,17356.95,10:40:00,17338.38818160349,3,18
2021-09-09,17361.25,17368.1,17354.5,17364.35,10:45:00,17340.56549764125,3,19
2021-09-09,17357.75,17365.55,17357.15,17360.85,10:50:00,17342.20211691351,3,20
2021-09-09,17365.1,17365.85,17357.25,17357.95,10:55:00,17344.382867683653,3,21
2021-09-09,17353.5,17367.75,17353.2,17364.7,11:00:00,17345.251165999496,3,22
2021-09-09,17355.4,17357.8,17344.9,17353.75,11:05:00,17346.217721618592,3,23
2021-09-09,17349.15,17359.5,17348.95,17355.25,11:10:00,17346.496986226346,3,24
2021-09-09,17356.9,17359.55,17346.85,17349.2,11:15:00,17347.487749442884,3,25
2021-09-09,17353.9,17357.6,17350.5,17356.85,11:20:00,17348.098439972135,3,26
2021-09-09,17343.7,17354.2,17343.45,17353.5,11:25:00,17347.67954092717,3,27
2021-09-09,17342.5,17346.5,17340.4,17343.95,11:30:00,17347.18625131506,3,28
2021-09-09,17343.45,17349.85,17337.15,17342.6,11:35:00,17346.83041785648,3,29
2021-09-09,17346.85,17348.4,17343.2,17343.2,11:40:00,17346.83228282253,3,30
2021-09-09,17348.0,17349.7,17345.7,17346.75,11:45:00,17346.943493982286,3,31
2021-09-09,17349.1,17349.55,17343.95,17348.3,11:50:00,17347.148875507784,3,32
2021-09-09,17357.2,17358.75,17347.5,17349.05,11:55:00,17348.106125459424,3,33
2021-09-09,17350.7,17357.9,17350.1,17357.8,12:00:00,17348.353161129955,3,34
2021-09-09,17350.5,17352.4,17347.25,17351.0,12:05:00,17348.55762197472,3,35
2021-09-09,17347.45,17350.8,17345.05,17350.6,12:10:00,17348.452134167605,3,36
2021-09-09,17343.65,17352.4,17341.75,17347.85,12:15:00,17347.994788056403,3,37
2021-09-09,17343.75,17345.75,17336.5,17343.4,12:20:00,17347.59052252722,3,38
2021-09-09,17330.95,17344.65,17330.95,17344.0,12:25:00,17346.005710857964,3,39
2021-09-09,17323.3,17332.05,17318.75,17332.05,12:30:00,17343.843262204824,3,40
2021-09-09,17316.9,17325.05,17313.65,17322.4,12:35:00,17341.277237232935,3,41
2021-09-09,17309.15,17317.3,17302.7,17317.05,12:40:00,17338.21750035361,3,42
2021-09-09,17316.35,17319.05,17307.45,17308.75,12:45:00,17336.134881272315,3,43
2021-09-09,17324.25,17325.25,17316.35,17317.2,12:50:00,17335.00298781781,3,44
2021-09-09,17324.75,17334.6,17322.8,17324.75,12:55:00,17334.026512787543,3,45
2021-09-09,17326.45,17331.25,17324.15,17325.7,13:00:00,17333.30494014111,3,46
2021-09-09,17313.25,17327.65,17311.0,17326.85,13:05:00,17331.39494584196,3,47
2021-09-09,17318.05,17319.75,17307.6,17313.7,13:10:00,17330.123998618914,3,48
2021-09-09,17322.4,17325.25,17317.3,17318.5,13:15:00,17329.388379702825,3,49
2021-09-09,17330.2,17332.55,17320.7,17320.7,13:20:00,17329.465676873984,3,50
2021-09-09,17338.2,17341.85,17329.8,17329.8,13:25:00,17330.2975171717,3,51
2021-09-09,17334.6,17343.85,17333.85,17338.1,13:30:00,17330.707277441063,3,52
2021-09-09,17341.6,17350.85,17334.45,17334.55,13:35:00,17331.744679589534,3,53
2021-09-09,17349.15,17351.4,17341.4,17341.5,13:40:00,17333.402329152435,3,54
2021-09-09,17349.6,17353.55,17336.35,17349.55,13:45:00,17334.94496447125,3,55
2021-09-09,17345.05,17353.15,17344.7,17347.65,13:50:00,17335.907348807323,3,56
2021-09-09,17341.0,17351.0,17339.85,17345.3,13:55:00,17336.392363206625,3,57
2021-09-09,17341.0,17344.75,17337.4,17341.45,14:00:00,17336.831185758376,3,58
2021-09-09,17347.4,17348.45,17340.0,17341.65,14:05:00,17337.837739495673,3,59
2021-09-09,17344.2,17348.4,17340.35,17346.95,14:10:00,17338.443669067514,3,60
2021-09-09,17335.4,17345.5,17335.2,17344.4,14:15:00,17338.15379582299,3,61
2021-09-09,17340.7,17341.15,17333.35,17334.95,14:20:00,17338.396291458896,3,62
2021-09-09,17341.95,17345.0,17339.55,17340.1,14:25:00,17338.73473989138,3,63
2021-09-09,17336.85,17342.65,17332.55,17342.35,14:30:00,17338.555240854104,3,64
2021-09-09,17329.25,17338.6,17328.1,17336.95,14:35:00,17337.669027439428,3,65
2021-09-09,17325.85,17333.05,17320.8,17329.35,14:40:00,17336.54340577853,3,66
2021-09-09,17344.45,17346.45,17326.3,17326.55,14:45:00,17337.296414752003,3,67
2021-09-09,17344.65,17350.55,17342.85,17344.95,14:50:00,17337.996756204193,3,68
2021-09-09,17339.15,17347.55,17336.85,17344.3,14:55:00,17338.10658894665,3,69
2021-09-09,17365.3,17369.25,17339.25,17339.25,15:00:00,17340.6964376184,3,70
2021-09-09,17369.0,17375.7,17364.75,17366.55,15:05:00,17343.392014988076,3,71
2021-09-09,17364.5,17372.0,17364.5,17370.2,15:10:00,17345.402299274923,3,72
2021-09-09,17373.05,17377.55,17363.95,17365.0,15:15:00,17348.035413629692,3,73
2021-09-09,17375.4,17379.65,17369.4,17374.05,15:20:00,17350.64156471258,3,74
2021-09-09,17357.35,17376.7,17355.45,17376.7,15:25:00,17351.28046331138,3,75
2021-09-13,17338.4,17375.5,17313.25,17348.05,09:15:00,17350.053752519823,0,1
2021-09-13,17337.9,17340.0,17315.55,17338.9,09:20:00,17348.89625227984,0,2
2021-09-13,17311.35,17340.55,17304.8,17337.6,09:25:00,17345.320418729378,0,3
2021-09-13,17313.5,17322.8,17297.35,17311.45,09:30:00,17342.289902659915,0,4
2021-09-13,17317.3,17322.6,17304.55,17312.95,09:35:00,17339.9099119304,0,5
2021-09-13,17329.0,17331.15,17315.85,17317.6,09:40:00,17338.870872698935,0,6
2021-09-13,17321.75,17334.15,17317.25,17328.85,09:45:00,17337.240313394275,0,7
2021-09-13,17303.25,17321.5,17300.4,17321.45,09:50:00,17334.00314069006,0,8
2021-09-13,17308.55,17313.85,17299.55,17301.65,09:55:00,17331.579032052912,0,9
2021-09-13,17286.4,17307.85,17281.85,17307.85,10:00:00,17327.27626709549,0,10
2021-09-13,17273.25,17292.2,17272.1,17285.6,10:05:00,17322.130908324492,0,11
2021-09-13,17286.55,17288.75,17269.15,17274.35,10:10:00,17318.742250388827,0,12
2021-09-13,17304.9,17304.9,17285.8,17286.5,10:15:00,17317.423940827986,0,13
2021-09-13,17296.1,17307.65,17293.45,17304.95,10:20:00,17315.393089320558,0,14
2021-09-13,17299.55,17307.3,17293.9,17295.85,10:25:00,17313.884223670982,0,15
2021-09-13,17309.5,17310.55,17297.65,17299.25,10:30:00,17313.46667855946,0,16
2021-09-13,17293.2,17311.25,17288.95,17309.65,10:35:00,17311.536518696656,0,17
2021-09-13,17305.4,17308.35,17292.35,17292.9,10:40:00,17310.952088344595,0,18
2021-09-13,17312.55,17316.9,17303.65,17305.25,10:45:00,17311.104270407013,0,19
2021-09-13,17311.3,17313.4,17305.5,17312.3,10:50:00,17311.122911320632,0,20
2021-09-13,17313.85,17319.95,17306.75,17310.5,10:55:00,17311.382634052,0,21
2021-09-13,17319.2,17320.8,17312.75,17314.55,11:00:00,17312.127145094666,0,22
2021-09-13,17320.95,17325.15,17317.55,17318.75,11:05:00,17312.96741699041,0,23
2021-09-13,17316.15,17323.9,17313.65,17321.0,11:10:00,17313.27052013418,0,24
2021-09-13,17317.55,17321.75,17315.1,17316.3,11:15:00,17313.67808964521,0,25
2021-09-13,17310.5,17318.05,17306.75,17316.7,11:20:00,17313.375414440903,0,26
2021-09-13,17316.1,17317.25,17307.25,17309.5,11:25:00,17313.634898779866,0,27
2021-09-13,17321.1,17324.9,17316.15,17316.8,11:30:00,17314.34586080083,0,28
2021-09-13,17333.35,17334.55,17316.0,17321.2,11:35:00,17316.155778819797,0,29
2021-09-13,17327.8,17335.15,17327.1,17333.1,11:40:00,17317.26475226553,0,30
2021-09-13,17321.75,17328.7,17317.8,17326.75,11:45:00,17317.691918716435,0,31
2021-09-13,17327.65,17328.6,17321.05,17321.7,11:50:00,17318.640307410107,0,32
2021-09-13,17325.9,17328.2,17323.2,17328.1,11:55:00,17319.331706704383,0,33
2021-09-13,17333.05,17333.2,17324.9,17325.6,12:00:00,17320.638210827776,0,34
2021-09-13,17330.95,17335.4,17329.4,17332.35,12:05:00,17321.620285987035,0,35
2021-09-13,17331.3,17332.1,17326.85,17330.55,12:10:00,17322.54216351208,0,36
2021-09-13,17332.35,17335.3,17329.2,17330.6,12:15:00,17323.476243177596,0,37
2021-09-13,17332.95,17333.65,17327.65,17332.05,12:20:00,17324.37850573211,0,38
2021-09-13,17332.5,17332.8,17329.0,17331.95,12:25:00,17325.15198137667,0,39
2021-09-13,17344.75,17347.2,17331.05,17331.8,12:30:00,17327.018459340798,0,40
2021-09-13,17347.8,17348.8,17343.6,17345.7,12:35:00,17328.997653689294,0,41
2021-09-13,17348.0,17349.3,17345.6,17347.55,12:40:00,17330.80740095698,0,42
2021-09-13,17355.3,17355.3,17344.15,17347.7,12:45:00,17333.140029437265,0,43
2021-09-13,17368.0,17371.7,17353.1,17354.3,12:50:00,17336.460026633715,0,44
2021-09-13,17360.05,17370.3,17358.4,17367.9,12:55:00,17338.706690763836,0,45
2021-09-13,17359.4,17366.65,17358.95,17360.25,13:00:00,17340.677482119663,0,46
2021-09-13,17362.85,17363.3,17352.7,17359.6,13:05:00,17342.789150489218,0,47
2021-09-13,17361.15,17363.25,17355.75,17362.25,13:10:00,17344.53780282358,0,48
2021-09-13,17363.2,17363.2,17358.65,17361.55,13:15:00,17346.31515493562,0,49
2021-09-13,17366.1,17370.4,17360.35,17362.35,13:20:00,17348.19942589413,0,50
2021-09-13,17356.6,17367.4,17356.6,17366.15,13:25:00,17348.999480570877,0,51
2021-09-13,17358.45,17363.25,17356.15,17356.8,13:30:00,17349.89953004032,0,52
2021-09-13,17353.45,17362.65,17352.35,17358.7,13:35:00,17350.237670036477,0,53
2021-09-13,17347.05,17361.5,17343.9,17353.85,13:40:00,17349.934082413954,0,54
2021-09-13,17353.3,17360.55,17344.9,17347.7,13:45:00,17350.254645993577,0,55
2021-09-13,17355.5,17355.5,17349.0,17352.9,13:50:00,17350.754203517998,0,56
2021-09-13,17362.9,17363.1,17354.4,17354.6,13:55:00,17351.910946040094,0,57
2021-09-13,17359.05,17369.8,17358.15,17362.35,14:00:00,17352.590855941038,0,58
2021-09-13,17358.5,17362.3,17356.2,17358.95,14:05:00,17353.1536315657,0,59
2021-09-13,17363.0,17364.65,17357.25,17357.45,14:10:00,17354.091380940394,0,60
2021-09-13,17362.45,17363.05,17358.3,17363.05,14:15:00,17354.88743989845,0,61
2021-09-13,17365.5,17366.9,17361.55,17362.35,14:20:00,17355.898159908123,0,62
2021-09-13,17361.8,17366.25,17360.35,17365.75,14:25:00,17356.460239916873,0,63
2021-09-13,17359.65,17378.35,17356.2,17362.05,14:30:00,17356.764026591456,0,64
2021-09-13,17347.7,17359.25,17343.0,17358.7,14:35:00,17355.9007859637,0,65
2021-09-13,17343.3,17351.15,17342.15,17349.1,14:40:00,17354.700711110014,0,66
2021-09-13,17339.8,17351.75,17338.15,17343.85,14:45:00,17353.281595766202,0,67
2021-09-13,17342.95,17343.5,17336.95,17339.85,14:50:00,17352.297634264658,0,68
2021-09-13,17338.8,17342.55,17334.85,17342.55,14:55:00,17351.01214528707,0,69
2021-09-13,17358.3,17359.15,17340.15,17340.15,15:00:00,17351.7062266883,0,70
2021-09-13,17361.0,17363.6,17355.35,17358.1,15:05:00,17352.59134795608,0,71
2021-09-13,17357.7,17360.15,17355.8,17360.15,15:10:00,17353.077886245977,0,72
2021-09-13,17353.4,17358.55,17351.65,17357.8,15:15:00,17353.108563746362,0,73
2021-09-13,17355.95,17360.9,17349.4,17353.15,15:20:00,17353.379176722898,0,74
2021-09-13,17351.3,17355.3,17344.2,17354.25,15:25:00,17353.181159892145,0,75
2021-09-14,17412.65,17425.7,17389.1,17425.7,09:15:00,17358.844858950037,1,1
2021-09-14,17420.45,17421.8,17405.8,17412.6,09:20:00,17364.712015240508,1,2
2021-09-14,17417.55,17421.05,17414.55,17420.4,09:25:00,17369.744204265222,1,3
2021-09-14,17435.8,17438.55,17416.0,17418.1,09:30:00,17376.03523243044,1,4
2021-09-14,17420.65,17435.95,17420.05,17435.25,09:35:00,17380.284257913256,1,5
2021-09-14,17423.8,17426.1,17411.0,17420.5,09:40:00,17384.42861430247,1,6
2021-09-14,17411.05,17425.95,17410.45,17423.25,09:45:00,17386.9639843689,1,7
2021-09-14,17412.75,17420.35,17409.25,17410.7,09:50:00,17389.419795381385,1,8
2021-09-14,17417.05,17417.05,17404.2,17413.2,09:55:00,17392.0512434403,1,9
2021-09-14,17406.5,17417.35,17406.15,17417.25,10:00:00,17393.4273154936,1,10
2021-09-14,17410.25,17413.75,17405.15,17406.7,10:05:00,17395.029475922784,1,11
2021-09-14,17416.8,17417.8,17405.8,17410.1,10:10:00,17397.102859168233,1,12
2021-09-14,17423.55,17425.2,17415.25,17417.6,10:15:00,17399.621634485542,1,13
2021-09-14,17424.2,17427.45,17421.55,17423.1,10:20:00,17401.962431201206,1,14
2021-09-14,17427.8,17427.8,17419.1,17423.75,10:25:00,17404.423152039188,1,15
2021-09-14,17427.15,17431.9,17424.0,17427.5,10:30:00,17406.58761374974,1,16
2021-09-14,17425.7,17431.6,17425.35,17426.75,10:35:00,17408.40784101167,1,17
2021-09-14,17426.05,17427.75,17422.1,17425.85,10:40:00,17410.088046629608,1,18
2021-09-14,17424.1,17430.75,17423.95,17426.5,10:45:00,17411.422518379168,1,19
2021-09-14,17426.3,17427.6,17422.05,17424.4,10:50:00,17412.839421390676,1,20
2021-09-14,17428.5,17429.45,17424.7,17426.0,10:55:00,17414.330905067753,1,21
2021-09-14,17427.15,17432.45,17426.5,17429.2,11:00:00,17415.551771251776,1,22
2021-09-14,17428.05,17429.95,17424.25,17428.1,11:05:00,17416.742078751606,1,23
2021-09-14,17424.3,17427.95,17420.7,17427.0,11:10:00,17417.461880775263,1,24
2021-09-14,17422.9,17426.35,17421.65,17424.2,11:15:00,17417.979796891905,1,25
2021-09-14,17417.45,17424.8,17416.65,17423.25,11:20:00,17417.929340045055,1,26
2021-09-14,17410.3,17419.0,17409.35,17417.25,11:25:00,17417.20273623124,1,27
2021-09-14,17411.45,17414.15,17405.7,17411.95,11:30:00,17416.65485659017,1,28
2021-09-14,17409.15,17412.0,17403.3,17411.0,11:35:00,17415.940108343486,1,29
2021-09-14,17412.7,17415.85,17408.3,17408.75,11:40:00,17415.631526596488,1,30
2021-09-14,17418.15,17419.7,17410.05,17412.0,11:45:00,17415.871381206347,1,31
2021-09-14,17421.75,17422.75,17417.1,17418.75,11:50:00,17416.431249662885,1,32
2021-09-14,17421.05,17424.3,17418.6,17421.45,11:55:00,17416.87113064737,1,33
2021-09-14,17416.75,17423.65,17415.55,17422.05,12:00:00,17416.85959439524,1,34
2021-09-14,17413.45,17417.8,17412.05,17416.65,12:05:00,17416.5348711195,1,35
2021-09-14,17410.1,17415.25,17410.0,17413.2,12:10:00,17415.922026250977,1,36
2021-09-14,17409.75,17412.25,17406.35,17410.3,12:15:00,17415.334214227074,1,37
2021-09-14,17411.9,17413.7,17407.85,17409.8,12:20:00,17415.007146205447,1,38
2021-09-14,17417.9,17418.95,17410.6,17411.7,12:25:00,17415.282656090643,1,39
2021-09-14,17416.3,17420.2,17412.7,17418.05,12:30:00,17415.379545986772,1,40
2021-09-14,17419.85,17420.4,17416.1,17416.15,12:35:00,17415.805303511843,1,41
2021-09-14,17412.15,17420.2,17411.9,17420.15,12:40:00,17415.45717936786,1,42
2021-09-14,17413.85,17415.85,17402.85,17412.35,12:45:00,17415.304114666156,1,43
2021-09-14,17404.4,17417.25,17404.4,17414.3,12:50:00,17414.265627555094,1,44
2021-09-14,17395.05,17404.15,17392.85,17404.15,12:55:00,17412.435567787943,1,45
2021-09-14,17373.55,17395.85,17372.35,17395.55,13:00:00,17408.732180379568,1,46
2021-09-14,17381.3,17386.45,17371.3,17372.85,13:05:00,17406.11959177199,1,47
2021-09-14,17390.2,17390.85,17379.15,17382.05,13:10:00,17404.603440174655,1,48
2021-09-14,17393.05,17394.85,17386.95,17390.0,13:15:00,17403.503112538972,1,49
2021-09-14,17402.7,17405.0,17392.4,17392.8,13:20:00,17403.426625630498,1,50
2021-09-14,17401.35,17405.2,17399.7,17403.2,13:25:00,17403.228851760927,1,51
2021-09-14,17400.1,17404.25,17399.95,17401.8,13:30:00,17402.930865878934,1,52
2021-09-14,17389.6,17399.7,17387.45,17399.6,13:35:00,17401.66125960475,1,53
2021-09-14,17384.1,17390.15,17381.8,17389.25,13:40:00,17399.98875869001,1,54
2021-09-14,17381.45,17385.2,17378.95,17384.35,13:45:00,17398.223162624294,1,55
2021-09-14,17377.45,17381.65,17374.15,17380.3,13:50:00,17396.244766183885,1,56
2021-09-14,17382.0,17384.15,17376.75,17377.6,13:55:00,17394.88812178542,1,57
2021-09-14,17388.1,17390.1,17382.0,17382.95,14:00:00,17394.24163399633,1,58
2021-09-14,17394.6,17394.95,17387.3,17388.6,14:05:00,17394.27576409192,1,59
2021-09-14,17391.1,17397.55,17390.6,17393.4,14:10:00,17393.973310368878,1,60
2021-09-14,17395.5,17395.85,17387.35,17391.9,14:15:00,17394.118709381364,1,61
2021-09-14,17392.45,17397.15,17391.9,17395.65,14:20:00,17393.959784678376,1,62
2021-09-14,17383.15,17392.8,17382.95,17392.8,14:25:00,17392.930281375673,1,63
2021-09-14,17370.75,17384.75,17369.7,17383.4,14:30:00,17390.81787362561,1,64
2021-09-14,17372.15,17373.85,17367.05,17370.95,14:35:00,17389.03998089936,1,65
2021-09-14,17381.15,17383.25,17371.25,17372.1,14:40:00,17388.28855414704,1,66
2021-09-14,17376.75,17385.4,17375.05,17381.8,14:45:00,17387.189644228274,1,67
2021-09-14,17381.25,17382.55,17375.7,17376.65,14:50:00,17386.62396382558,1,68
2021-09-14,17380.05,17384.65,17379.05,17380.9,14:55:00,17385.997872032665,1,69
2021-09-14,17382.05,17388.4,17379.2,17381.95,15:00:00,17385.621884220032,1,70
2021-09-14,17378.3,17382.4,17372.25,17382.25,15:05:00,17384.92456191336,1,71
2021-09-14,17376.0,17378.4,17373.95,17378.35,15:10:00,17384.074603635898,1,72
2021-09-14,17378.4,17379.45,17375.75,17376.75,15:15:00,17383.53416519438,1,73
2021-09-14,17383.6,17385.75,17373.45,17378.8,15:20:00,17383.54043517587,1,74
2021-09-14,17381.9,17385.25,17375.8,17385.25,15:25:00,17383.384203254358,1,75
2021-09-15,17408.8,17412.55,17386.9,17404.05,09:15:00,17385.80475532537,2,1
2021-09-15,17411.85,17421.5,17405.7,17408.05,09:20:00,17388.28525481819,2,2
2021-09-15,17416.05,17418.5,17408.45,17409.75,09:25:00,17390.929516264077,2,3
2021-09-15,17418.6,17422.75,17415.25,17415.35,09:30:00,17393.564800429405,2,4
2021-09-15,17421.2,17428.15,17418.1,17418.3,09:35:00,17396.196724198035,2,5
2021-09-15,17417.2,17426.75,17417.0,17422.7,09:40:00,17398.197036179175,2,6
2021-09-15,17418.25,17423.55,17408.85,17416.45,09:45:00,17400.10684225735,2,7
2021-09-15,17436.75,17436.95,17416.75,17417.9,09:50:00,17403.59666680427,2,8
2021-09-15,17436.8,17437.95,17430.9,17436.3,09:55:00,17406.75888901339,2,9
2021-09-15,17445.55,17448.25,17436.6,17438.35,10:00:00,17410.453280535923,2,10
2021-09-15,17441.6,17448.65,17438.85,17446.45,10:05:00,17413.4196347706,2,11
2021-09-15,17447.75,17449.35,17438.9,17442.15,10:10:00,17416.689193363876,2,12
2021-09-15,17454.15,17456.15,17446.95,17447.5,10:15:00,17420.256889233984,2,13
2021-09-15,17449.6,17458.8,17449.1,17454.75,10:20:00,17423.0514712117,2,14
2021-09-15,17457.25,17457.65,17444.3,17450.1,10:25:00,17426.308473953442,2,15
2021-09-15,17458.65,17460.3,17453.8,17457.15,10:30:00,17429.38861929121,2,16
2021-09-15,17462.2,17462.2,17455.4,17457.9,10:35:00,17432.513512692047,2,17
2021-09-15,17461.85,17463.3,17456.9,17462.6,10:40:00,17435.307463864232,2,18
2021-09-15,17450.65,17462.55,17449.75,17461.1,10:45:00,17436.768657781922,2,19
2021-09-15,17448.0,17451.85,17445.3,17450.45,10:50:00,17437.83830942174,2,20
2021-09-15,17442.0,17448.5,17439.6,17447.1,10:55:00,17438.234660905382,2,21
2021-09-15,17448.4,17450.55,17441.05,17442.6,11:00:00,17439.202788438204,2,22
2021-09-15,17452.65,17454.4,17448.25,17448.95,11:05:00,17440.483475253615,2,23
2021-09-15,17452.25,17454.3,17449.7,17452.0,11:10:00,17441.604096658033,2,24
2021-09-15,17459.75,17460.1,17452.2,17452.2,11:15:00,17443.332277928697,2,25
2021-09-15,17461.45,17462.5,17453.95,17459.85,11:20:00,17445.057775268822,2,26
2021-09-15,17465.05,17467.55,17460.65,17462.6,11:25:00,17446.961796671792,2,27
2021-09-15,17463.7,17466.3,17458.55,17465.7,11:30:00,17448.555911274478,2,28
2021-09-15,17465.5,17466.05,17460.25,17464.0,11:35:00,17450.169634010243,2,29
2021-09-15,17459.75,17466.65,17455.75,17466.65,11:40:00,17451.08204981879,2,30
2021-09-15,17460.7,17464.8,17458.3,17460.1,11:45:00,17451.998045074142,2,31
2021-09-15,17471.4,17474.05,17461.05,17461.55,11:50:00,17453.845850305177,2,32
2021-09-15,17469.5,17476.25,17468.2,17472.4,11:55:00,17455.336721704683,2,33
2021-09-15,17457.35,17469.5,17456.8,17468.55,12:00:00,17455.528462494713,2,34
2021-09-15,17459.5,17460.7,17451.3,17459.5,12:05:00,17455.906704161884,2,35
2021-09-15,17468.7,17472.45,17458.95,17460.15,12:10:00,17457.125113289323,2,36
2021-09-15,17466.15,17470.85,17465.05,17469.95,12:15:00,17457.984626309386,2,37
2021-09-15,17469.3,17471.8,17464.7,17467.8,12:20:00,17459.062280946586,2,38
2021-09-15,17475.55,17479.55,17469.35,17471.4,12:25:00,17460.632539904054,2,39
2021-09-15,17485.0,17487.85,17475.8,17477.9,12:30:00,17462.953250389382,2,40
2021-09-15,17484.55,17489.0,17479.9,17485.95,12:35:00,17465.010083685633,2,41
2021-09-15,17473.65,17484.35,17472.4,17484.35,12:40:00,17465.83293285843,2,42
2021-09-15,17471.75,17475.85,17463.5,17475.85,12:45:00,17466.39646306239,2,43
2021-09-15,17479.15,17481.4,17472.15,17473.2,12:50:00,17467.611085627876,2,44
2021-09-15,17483.2,17486.35,17476.6,17480.85,12:55:00,17469.095744139508,2,45
2021-09-15,17479.8,17487.75,17479.55,17485.6,13:00:00,17470.1151970786,2,46
2021-09-15,17496.65,17500.55,17475.25,17482.1,13:05:00,17472.642321166353,2,47
2021-09-15,17494.2,17499.3,17490.6,17497.2,13:10:00,17474.695433436224,2,48
2021-09-15,17489.55,17496.4,17487.75,17495.5,13:15:00,17476.110154061345,2,49
2021-09-15,17485.15,17491.85,17483.6,17490.05,13:20:00,17476.97109176979,2,50
2021-09-15,17491.7,17492.35,17483.4,17486.9,13:25:00,17478.37384493457,2,51
2021-09-15,17506.0,17507.4,17491.55,17493.0,13:30:00,17481.004907321752,2,52
2021-09-15,17506.65,17509.4,17499.0,17506.35,13:35:00,17483.447297100633,2,53
2021-09-15,17513.6,17515.0,17506.2,17507.9,13:40:00,17486.31898309105,2,54
2021-09-15,17510.45,17515.85,17508.9,17514.1,13:45:00,17488.617175177616,2,55
2021-09-15,17505.35,17512.1,17504.7,17510.35,13:50:00,17490.21077754165,2,56
2021-09-15,17501.8,17508.85,17501.1,17506.65,13:55:00,17491.314513013876,2,57
2021-09-15,17510.25,17511.85,17500.85,17500.85,14:00:00,17493.11789272684,2,58
2021-09-15,17521.25,17522.95,17511.4,17511.5,14:05:00,17495.79714103857,2,59
2021-09-15,17521.05,17522.4,17513.05,17522.4,14:10:00,17498.20217522537,2,60
2021-09-15,17529.65,17531.2,17520.1,17521.25,14:15:00,17501.19720615629,2,61
2021-09-15,17517.4,17530.35,17515.45,17530.35,14:20:00,17502.7403293795,2,62
2021-09-15,17519.3,17523.2,17511.9,17518.05,14:25:00,17504.317440867166,2,63
2021-09-15,17520.95,17528.55,17518.6,17518.6,14:30:00,17505.901494117912,2,64
2021-09-15,17521.95,17524.25,17515.6,17522.65,14:35:00,17507.42992324954,2,65
2021-09-15,17522.95,17524.15,17518.15,17522.7,14:40:00,17508.908025797202,2,66
2021-09-15,17529.95,17532.25,17521.5,17523.3,14:45:00,17510.912023340326,2,67
2021-09-15,17527.45,17532.7,17526.25,17530.7,14:50:00,17512.487068736486,2,68
2021-09-15,17524.4,17529.8,17523.0,17528.15,14:55:00,17513.621633618724,2,69
2021-09-15,17518.25,17525.0,17512.65,17525.0,15:00:00,17514.062430416943,2,70
2021-09-15,17512.8,17521.1,17511.9,17518.3,15:05:00,17513.942198948665,2,71
2021-09-15,17513.5,17515.65,17510.5,17513.4,15:10:00,17513.900084763078,2,72
2021-09-15,17529.1,17530.6,17513.55,17514.35,15:15:00,17515.347695738023,2,73
2021-09-15,17517.5,17530.0,17516.6,17528.9,15:20:00,17515.552677096304,2,74
2021-09-15,17517.7,17530.6,17513.9,17518.45,15:25:00,17515.757184039514,2,75
2021-09-16,17567.8,17576.9,17537.3,17552.5,09:15:00,17520.713642702416,3,1
2021-09-16,17562.2,17568.7,17557.0,17568.3,09:20:00,17524.664724349805,3,2
2021-09-16,17560.15,17568.0,17553.55,17561.85,09:25:00,17528.044274411728,3,3
2021-09-16,17563.85,17574.3,17556.7,17559.8,09:30:00,17531.454343515372,3,4
2021-09-16,17561.0,17568.45,17556.85,17563.35,09:35:00,17534.268215561526,3,5
2021-09-16,17559.45,17567.85,17557.6,17560.8,09:40:00,17536.666480746142,3,6
2021-09-16,17557.45,17561.35,17553.95,17558.5,09:45:00,17538.645863532223,3,7
2021-09-16,17542.45,17559.0,17542.25,17557.25,09:50:00,17539.00816224344,3,8
2021-09-16,17520.8,17541.95,17511.5,17541.95,09:55:00,17537.27405155359,3,9
2021-09-16,17532.05,17532.25,17510.45,17522.15,10:00:00,17536.776522834203,3,10
2021-09-16,17542.75,17544.3,17524.4,17530.5,10:05:00,17537.345425421423,3,11
2021-09-16,17559.2,17560.8,17539.05,17543.75,10:10:00,17539.426813476526,3,12
2021-09-16,17559.3,17566.55,17554.35,17560.0,10:15:00,17541.319497907334,3,13
2021-09-16,17564.9,17564.9,17550.0,17559.2,10:20:00,17543.565260011397,3,14
2021-09-16,17559.9,17565.75,17555.75,17565.75,10:25:00,17545.12094953412,3,15
2021-09-16,17552.1,17564.6,17550.8,17560.85,10:30:00,17545.78562100706,3,16
2021-09-16,17546.95,17553.35,17543.2,17551.85,10:35:00,17545.896514244483,3,17
2021-09-16,17548.5,17552.75,17546.3,17549.4,10:40:00,17546.14446526882,3,18
2021-09-16,17543.6,17549.9,17540.75,17548.3,10:45:00,17545.902135243217,3,19
2021-09-16,17548.55,17549.65,17536.8,17543.25,10:50:00,17546.154312839102,3,20
2021-09-16,17548.75,17549.4,17544.45,17548.2,10:55:00,17546.401521140142,3,21
2021-09-16,17539.35,17552.15,17537.65,17549.0,11:00:00,17545.729947698223,3,22
2021-09-16,17536.15,17542.8,17530.2,17539.6,11:05:00,17544.817571726962,3,23
2021-09-16,17535.8,17539.0,17531.95,17536.55,11:10:00,17543.958755372012,3,24
2021-09-16,17537.85,17543.45,17533.85,17536.5,11:15:00,17543.376969146106,3,25
2021-09-16,17537.9,17540.75,17530.9,17537.5,11:20:00,17542.855353036954,3,26
2021-09-16,17543.1,17549.1,17536.75,17538.6,11:25:00,17542.87865274772,3,27
2021-09-16,17547.8,17550.8,17537.9,17544.05,11:30:00,17543.34735248603,3,28
2021-09-16,17549.55,17552.45,17543.0,17547.6,11:35:00,17543.938080820695,3,29
2021-09-16,17542.7,17550.35,17540.85,17549.5,11:40:00,17543.82016836158,3,30
2021-09-16,17547.5,17548.3,17535.0,17543.2,11:45:00,17544.170628517622,3,31
2021-09-16,17559.7,17561.3,17547.05,17547.05,11:50:00,17545.64961627785,3,32
2021-09-16,17561.3,17564.3,17557.55,17561.2,11:55:00,17547.140129013293,3,33
2021-09-16,17559.7,17564.4,17548.75,17561.45,12:00:00,17548.336307202502,3,34
2021-09-16,17576.75,17580.85,17559.75,17559.75,12:05:00,17551.042373183216,3,35
2021-09-16,17579.1,17579.9,17568.1,17575.95,12:10:00,17553.714528118147,3,36
2021-09-16,17586.15,17589.0,17579.6,17580.5,12:15:00,17556.80362067832,3,37
2021-09-16,17586.15,17587.95,17579.5,17586.25,12:20:00,17559.598513947054,3,38
2021-09-16,17579.35,17587.95,17572.1,17586.2,12:25:00,17561.479607856858,3,39
2021-09-16,17579.65,17583.65,17573.85,17578.75,12:30:00,17563.210121394302,3,40
2021-09-16,17584.6,17585.7,17575.25,17580.4,12:35:00,17565.247252690082,3,41
2021-09-16,17595.25,17597.85,17584.15,17584.8,12:40:00,17568.10465719579,3,42
2021-09-16,17585.5,17595.7,17577.35,17595.15,12:45:00,17569.761356510477,3,43
2021-09-16,17583.7,17588.85,17580.25,17586.15,12:50:00,17571.088846366623,3,44
2021-09-16,17575.3,17584.85,17570.85,17583.2,12:55:00,17571.48990861742,3,45
2021-09-16,17570.85,17581.4,17569.55,17576.15,13:00:00,17571.42896493957,3,46
2021-09-16,17575.5,17580.35,17569.5,17571.8,13:05:00,17571.81668256437,3,47
2021-09-16,17580.25,17581.05,17572.6,17575.85,13:10:00,17572.61985565348,3,48
2021-09-16,17570.15,17581.05,17569.9,17579.55,13:15:00,17572.38463130553,3,49
2021-09-16,17575.35,17578.75,17567.45,17568.45,13:20:00,17572.66704737167,3,50
2021-09-16,17586.4,17587.55,17575.35,17575.8,13:25:00,17573.974947621988,3,51
2021-09-16,17582.05,17590.9,17581.0,17586.05,13:30:00,17574.744000229417,3,52
2021-09-16,17585.9,17591.75,17582.25,17582.6,13:35:00,17575.806476398044,3,53
2021-09-16,17589.95,17594.4,17585.4,17585.45,13:40:00,17577.153478645847,3,54
2021-09-16,17591.15,17598.25,17588.1,17589.35,13:45:00,17578.486480679574,3,55
2021-09-16,17598.95,17600.05,17587.25,17591.45,13:50:00,17580.43538728152,3,56
2021-09-16,17600.55,17603.8,17589.35,17599.7,13:55:00,17582.35106468328,3,57
2021-09-16,17602.4,17602.95,17594.5,17599.75,14:00:00,17584.260487094398,3,58
2021-09-16,17598.15,17605.7,17596.8,17601.95,14:05:00,17585.58329784731,3,59
2021-09-16,17609.15,17611.35,17597.85,17598.0,14:10:00,17587.827745671377,3,60
2021-09-16,17614.65,17621.65,17607.85,17608.65,14:15:00,17590.382246083627,3,61
2021-09-16,17608.9,17614.85,17600.7,17613.7,14:20:00,17592.14584169471,3,62
2021-09-16,17616.05,17616.25,17607.5,17608.35,14:25:00,17594.422428199974,3,63
2021-09-16,17635.1,17636.45,17615.8,17615.8,14:30:00,17598.29648265712,3,64
2021-09-16,17633.7,17636.9,17626.1,17634.05,14:35:00,17601.668246213583,3,65
2021-09-16,17630.1,17636.4,17624.1,17632.9,14:40:00,17604.37603228848,3,66
2021-09-16,17634.0,17637.35,17625.25,17629.65,14:45:00,17607.19736254672,3,67
2021-09-16,17634.2,17636.5,17628.0,17633.5,14:50:00,17609.769042304175,3,68
2021-09-16,17640.55,17642.3,17630.2,17634.05,14:55:00,17612.70056208473,3,69
2021-09-16,17631.35,17644.6,17629.1,17641.15,15:00:00,17614.47669902904,3,70
2021-09-16,17638.35,17640.6,17629.8,17630.5,15:05:00,17616.750346740562,3,71
2021-09-16,17625.45,17640.05,17625.05,17638.55,15:10:00,17617.578885146224,3,72
2021-09-16,17622.8,17625.55,17616.45,17625.55,15:15:00,17618.076134179915,3,73
2021-09-16,17631.75,17631.75,17620.3,17623.55,15:20:00,17619.37840711516,3,74
2021-09-16,17627.55,17635.4,17624.55,17632.5,15:25:00,17620.156654056573,3,75
2021-09-17,17721.8,17734.6,17691.0,17710.65,09:15:00,17629.83697271785,4,1
2021-09-17,17736.75,17741.05,17710.2,17724.15,09:20:00,17640.019165792342,4,2
2021-09-17,17735.75,17740.15,17719.85,17738.9,09:25:00,17649.13638809783,4,3
2021-09-17,17733.1,17748.95,17726.8,17737.65,09:30:00,17657.132922564702,4,4
2021-09-17,17714.0,17739.75,17713.8,17732.6,09:35:00,17662.548834701396,4,5
2021-09-17,17726.15,17726.15,17695.65,17712.95,09:40:00,17668.60608853936,4,6
2021-09-17,17732.85,17736.75,17720.55,17726.0,09:45:00,17674.724556297515,4,7
2021-09-17,17741.05,17754.15,17731.65,17732.35,09:50:00,17681.04126522156,4,8
2021-09-17,17747.95,17748.3,17732.35,17742.1,09:55:00,17687.41352567665,4,9
2021-09-17,17749.75,17759.15,17743.75,17748.9,10:00:00,17693.350332755064,4,10
2021-09-17,17743.7,17753.25,17741.65,17749.9,10:05:00,17698.145539159344,4,11
2021-09-17,17751.55,17753.0,17736.85,17742.9,10:10:00,17703.231678287026,4,12
2021-09-17,17766.45,17770.9,17751.25,17751.25,10:15:00,17709.252470831118,4,13
2021-09-17,17770.6,17772.7,17760.05,17766.55,10:20:00,17715.095092656724,4,14
2021-09-17,17770.6,17774.95,17761.5,17769.8,10:25:00,17720.381274308464,4,15
2021-09-17,17768.65,17771.2,17761.15,17771.1,10:30:00,17724.978295802895,4,16
2021-09-17,17765.4,17769.15,17761.85,17769.15,10:35:00,17728.827981916904,4,17
2021-09-17,17776.6,17777.35,17762.8,17764.45,10:40:00,17733.377697924818,4,18
2021-09-17,17784.5,17786.8,17770.95,17774.75,10:45:00,17738.246488598645,4,19
2021-09-17,17787.35,17792.25,17779.2,17784.3,10:50:00,17742.92301349401,4,20
2021-09-17,17784.8,17787.8,17781.9,17787.0,10:55:00,17746.911297923154,4,21
2021-09-17,17777.35,17792.95,17770.55,17786.05,11:00:00,17749.81022193047,4,22
2021-09-17,17760.35,17778.85,17748.3,17777.95,11:05:00,17750.814010318045,4,23
2021-09-17,17756.45,17768.95,17755.0,17759.9,11:10:00,17751.350771240137,4,24
2021-09-17,17737.6,17756.55,17733.1,17755.6,11:15:00,17750.04117397917,4,25
2021-09-17,17738.25,17751.5,17731.05,17736.2,11:20:00,17748.918205028775,4,26
2021-09-17,17714.75,17740.1,17713.6,17737.85,11:25:00,17745.66409026413,4,27
2021-09-17,17713.2,17726.5,17700.2,17713.25,11:30:00,17742.572272143738,4,28
2021-09-17,17682.6,17724.8,17682.35,17712.75,11:35:00,17736.860627177666,4,29
2021-09-17,17658.75,17694.7,17652.65,17681.45,11:40:00,17729.421519827414,4,30
2021-09-17,17695.15,17709.45,17647.55,17659.15,11:45:00,17726.157565558136,4,31
2021-09-17,17682.45,17711.6,17677.35,17696.05,11:50:00,17721.994940266886,4,32
2021-09-17,17661.95,17686.05,17658.55,17684.85,11:55:00,17716.276374527184,4,33
2021-09-17,17638.4,17667.7,17630.15,17661.25,12:00:00,17708.859576953168,4,34
2021-09-17,17616.8,17647.05,17609.2,17641.4,12:05:00,17700.091998195723,4,35
2021-09-17,17620.85,17648.8,17612.45,17616.35,12:10:00,17692.545141224702,4,36
2021-09-17,17616.4,17620.1,17587.8,17619.9,12:15:00,17685.293223012828,4,37
2021-09-17,17627.35,17629.85,17612.5,17617.65,12:20:00,17679.77482082113,4,38
2021-09-17,17657.9,17660.05,17624.05,17627.9,12:25:00,17677.69150455245,4,39
2021-09-17,17649.65,17664.5,17635.75,17658.9,12:30:00,17675.020885071266,4,40
2021-09-17,17607.4,17650.75,17597.6,17650.2,12:35:00,17668.580800778764,4,41
2021-09-17,17611.5,17626.35,17596.9,17607.1,12:40:00,17663.14453403793,4,42
2021-09-17,17622.0,17624.45,17600.2,17611.8,12:45:00,17659.226006986697,4,43
2021-09-17,17623.05,17630.95,17616.15,17621.85,12:50:00,17655.780672987963,4,44
2021-09-17,17628.95,17629.05,17610.15,17623.15,12:55:00,17653.225370798635,4,45
2021-09-17,17634.5,17642.4,17621.85,17630.5,13:00:00,17651.442002151147,4,46
2021-09-17,17624.25,17652.7,17624.25,17634.05,13:05:00,17648.852287660564,4,47
2021-09-17,17652.65,17653.2,17621.8,17624.45,13:10:00,17649.213974550035,4,48
2021-09-17,17643.3,17661.85,17643.2,17652.95,13:15:00,17648.650738878605,4,49
2021-09-17,17642.55,17653.45,17635.85,17643.85,13:20:00,17648.069716128262,4,50
2021-09-17,17637.65,17644.85,17632.2,17642.75,13:25:00,17647.077362211287,4,51
2021-09-17,17608.05,17639.45,17607.75,17637.15,13:30:00,17643.360470572115,4,52
2021-09-17,17629.85,17635.5,17604.35,17607.6,13:35:00,17642.073759089057,4,53
2021-09-17,17644.9,17650.15,17630.2,17630.55,13:40:00,17642.342924890097,4,54
2021-09-17,17653.0,17654.8,17640.9,17643.7,13:45:00,17643.357884424375,4,55
2021-09-17,17651.9,17654.0,17643.0,17653.3,13:50:00,17644.171419241102,4,56
2021-09-17,17658.3,17658.3,17642.0,17653.75,13:55:00,17645.516998360996,4,57
2021-09-17,17640.05,17658.85,17636.65,17658.85,14:00:00,17644.996331850423,4,58
2021-09-17,17623.35,17643.75,17623.2,17639.85,14:05:00,17642.934776436097,4,59
2021-09-17,17631.7,17636.35,17619.6,17623.2,14:10:00,17641.864797727896,4,60
2021-09-17,17634.25,17647.5,17630.2,17631.3,14:15:00,17641.13957889667,4,61
2021-09-17,17583.05,17637.4,17578.75,17635.4,14:20:00,17635.607238049368,4,62
2021-09-17,17573.15,17597.95,17565.15,17582.55,14:25:00,17629.658929663714,4,63
2021-09-17,17555.25,17573.6,17537.65,17573.6,14:30:00,17622.572364933836,4,64
2021-09-17,17572.6,17580.0,17548.95,17555.35,14:35:00,17617.813092082994,4,65
2021-09-17,17575.65,17588.65,17572.65,17573.0,14:40:00,17613.797559503662,4,66
2021-09-17,17611.45,17613.4,17571.35,17575.05,14:45:00,17613.573982408077,4,67
2021-09-17,17624.85,17625.3,17608.15,17611.35,14:50:00,17614.647888845404,4,68
2021-09-17,17612.85,17626.1,17607.75,17625.6,14:55:00,17614.476661336317,4,69
2021-09-17,17581.75,17634.35,17565.75,17613.35,15:00:00,17611.359836447144,4,70
2021-09-17,17575.3,17589.1,17566.95,17582.0,15:05:00,17607.92556630932,4,71
2021-09-17,17581.8,17591.5,17569.0,17574.55,15:10:00,17605.437417137004,4,72
2021-09-17,17588.8,17591.65,17580.0,17581.45,15:15:00,17603.852901219194,4,73
2021-09-17,17583.0,17590.35,17582.0,17588.6,15:20:00,17601.86691062689,4,74
2021-09-17,17601.2,17605.4,17575.7,17582.6,15:25:00,17601.80339532909,4,75
2021-09-20,17462.55,17487.25,17425.3,17451.75,09:15:00,17588.54116720251,0,1
2021-09-20,17480.3,17480.3,17442.1,17464.75,09:20:00,17578.232484611795,0,2
2021-09-20,17507.35,17507.75,17467.05,17476.9,09:25:00,17571.481771791623,0,3
2021-09-20,17536.3,17536.4,17505.6,17508.35,09:30:00,17568.131126859087,0,4
2021-09-20,17529.6,17536.85,17503.7,17536.85,09:35:00,17564.46149572965,0,5
2021-09-20,17537.6,17544.5,17523.5,17528.45,09:40:00,17561.90325804111,0,6
2021-09-20,17520.55,17542.95,17520.4,17538.6,09:45:00,17557.964852513385,0,7
2021-09-20,17514.75,17525.55,17508.25,17519.6,09:50:00,17553.849152274015,0,8
2021-09-20,17534.65,17536.0,17508.4,17515.3,09:55:00,17552.020661581253,0,9
2021-09-20,17551.05,17553.0,17533.55,17536.4,10:00:00,17551.928217621135,0,10
2021-09-20,17550.25,17569.0,17546.4,17551.8,10:05:00,17551.768387371503,0,11
2021-09-20,17548.45,17560.55,17546.5,17550.3,10:10:00,17551.45235047898,0,12
2021-09-20,17574.35,17574.8,17542.65,17548.75,10:15:00,17553.63307900479,0,13
2021-09-20,17582.2,17588.15,17569.9,17574.75,10:20:00,17556.35373814719,0,14
2021-09-20,17574.35,17596.2,17574.35,17583.45,10:25:00,17558.067667847456,0,15
2021-09-20,17571.45,17582.05,17560.9,17574.0,10:30:00,17559.342175671507,0,16
2021-09-20,17587.2,17588.55,17564.6,17571.7,10:35:00,17561.99530179803,0,17
2021-09-20,17585.85,17597.65,17582.85,17587.75,10:40:00,17564.267177817266,0,18
2021-09-20,17577.65,17596.2,17575.8,17586.7,10:45:00,17565.54173231086,0,19
2021-09-20,17597.15,17597.8,17577.5,17577.5,10:50:00,17568.55204351935,0,20
2021-09-20,17587.85,17598.9,17587.05,17596.65,10:55:00,17570.389944136554,0,21
2021-09-20,17594.95,17596.2,17577.0,17587.45,11:00:00,17572.72899707593,0,22
2021-09-20,17605.95,17609.4,17590.75,17596.2,11:05:00,17575.89290211632,0,23
2021-09-20,17610.1,17620.65,17605.35,17606.2,11:10:00,17579.150720962385,0,24
2021-09-20,17600.1,17610.15,17589.55,17609.85,11:15:00,17581.14589039454,0,25
2021-09-20,17603.85,17603.85,17592.5,17600.7,11:20:00,17583.30818654744,0,26
2021-09-20,17611.0,17614.1,17603.3,17604.15,11:25:00,17585.94550211435,0,27
2021-09-20,17612.7,17622.75,17607.4,17611.95,11:30:00,17588.49354953203,0,28
2021-09-20,17587.65,17614.9,17585.5,17613.65,11:35:00,17588.413211481362,0,29
2021-09-20,17585.6,17598.0,17582.6,17588.1,11:40:00,17588.145286578376,0,30
2021-09-20,17567.8,17588.05,17565.95,17585.3,11:45:00,17586.20764023758,0,31
2021-09-20,17563.75,17572.65,17558.95,17568.6,11:50:00,17584.06881735781,0,32
2021-09-20,17555.3,17564.65,17548.9,17564.3,11:55:00,17581.3289299904,0,33
2021-09-20,17541.15,17556.0,17540.45,17556.0,12:00:00,17577.502365229408,0,34
2021-09-20,17504.9,17541.05,17500.55,17540.55,12:05:00,17570.58785425518,0,35
2021-09-20,17511.9,17528.95,17504.1,17505.15,12:10:00,17564.998534802307,0,36
2021-09-20,17516.95,17521.7,17501.5,17513.4,12:15:00,17560.422483868755,0,37
2021-09-20,17532.05,17537.3,17515.45,17517.65,12:20:00,17557.72034254792,0,38
2021-09-20,17538.5,17545.8,17527.1,17533.05,12:25:00,17555.889833733832,0,39
2021-09-20,17523.25,17539.15,17519.3,17539.15,12:30:00,17552.781278140134,0,40
2021-09-20,17538.0,17541.85,17522.25,17522.25,12:35:00,17551.37353736488,0,41
2021-09-20,17516.7,17543.85,17514.3,17539.15,12:40:00,17548.07129571108,0,42
2021-09-20,17520.85,17523.0,17514.65,17517.25,12:45:00,17545.478791357644,0,43
2021-09-20,17532.7,17537.3,17520.95,17521.9,12:50:00,17544.2617636093,0,44
2021-09-20,17521.8,17533.55,17519.95,17533.35,12:55:00,17542.12254802746,0,45
2021-09-20,17533.65,17535.25,17520.05,17522.3,13:00:00,17541.31563869151,0,46
2021-09-20,17537.5,17537.9,17525.9,17534.75,13:05:00,17540.952244530414,0,47
2021-09-20,17547.5,17553.2,17524.65,17537.95,13:10:00,17541.57584028942,0,48
2021-09-20,17540.7,17551.1,17540.7,17547.15,13:15:00,17541.492426928526,0,49
2021-09-20,17527.75,17542.9,17527.5,17541.35,13:20:00,17540.183624363905,0,50
2021-09-20,17527.6,17528.65,17518.75,17525.95,13:25:00,17538.985183948294,0,51
2021-09-20,17530.25,17536.85,17526.2,17526.95,13:30:00,17538.153261667503,0,52
2021-09-20,17524.25,17532.35,17521.25,17530.75,13:35:00,17536.829141508693,0,53
2021-09-20,17502.4,17526.25,17502.4,17525.85,13:40:00,17533.550175650722,0,54
2021-09-20,17526.25,17526.85,17501.55,17503.3,13:45:00,17532.854920826845,0,55
2021-09-20,17519.4,17534.05,17519.3,17526.55,13:50:00,17531.57349979572,0,56
2021-09-20,17491.95,17520.35,17480.95,17520.35,13:55:00,17527.799833148507,0,57
2021-09-20,17477.55,17497.5,17476.95,17491.35,14:00:00,17523.01413475341,0,58
2021-09-20,17485.9,17505.4,17474.05,17478.85,14:05:00,17519.479455253088,0,59
2021-09-20,17470.25,17484.9,17457.9,17484.9,14:10:00,17514.790935705176,0,60
2021-09-20,17485.45,17486.45,17461.45,17469.5,14:15:00,17511.996560876112,0,61
2021-09-20,17480.2,17488.6,17476.9,17486.8,14:20:00,17508.96831698315,0,62
2021-09-20,17478.8,17487.6,17473.8,17481.5,14:25:00,17506.09514393714,0,63
2021-09-20,17488.35,17497.9,17475.9,17480.0,14:30:00,17504.40513022884,0,64
2021-09-20,17466.35,17488.95,17464.5,17488.95,14:35:00,17500.780832111806,0,65
2021-09-20,17459.15,17470.35,17453.45,17465.55,14:40:00,17496.8159909583,0,66
2021-09-20,17463.4,17469.45,17450.6,17459.35,14:45:00,17493.63351562894,0,67
2021-09-20,17441.05,17466.85,17438.55,17464.35,14:50:00,17488.625561759516,0,68
2021-09-20,17434.4,17447.75,17423.2,17440.45,14:55:00,17483.461222544323,0,69
2021-09-20,17414.4,17436.5,17406.95,17435.55,15:00:00,17476.88396325439,0,70
2021-09-20,17389.85,17418.35,17389.35,17415.7,15:05:00,17468.59501437302,0,71
2021-09-20,17417.4,17417.4,17389.2,17389.25,15:10:00,17463.719298718446,0,72
2021-09-20,17393.1,17418.2,17392.2,17417.15,15:15:00,17456.99365122145,0,73
2021-09-20,17388.4,17405.3,17387.65,17393.85,15:20:00,17450.460922533694,0,74
2021-09-20,17366.3,17389.4,17361.8,17389.4,15:25:00,17442.445596578105,0,75
2021-09-21,17440.55,17479.9,17427.0,17427.0,09:15:00,17442.265063570667,1,1
2021-09-21,17416.45,17437.85,17390.55,17437.85,09:20:00,17439.806486087746,1,2
2021-09-21,17453.95,17467.95,17415.35,17417.7,09:25:00,17441.153487412725,1,3
2021-09-21,17433.7,17481.1,17433.65,17453.3,09:30:00,17440.443631468654,1,4
2021-09-21,17447.35,17453.8,17432.3,17433.3,09:35:00,17441.101380852593,1,5
2021-09-21,17463.8,17477.9,17446.45,17446.45,09:40:00,17443.263154104727,1,6
2021-09-21,17448.2,17468.7,17446.6,17464.05,09:45:00,17443.733329904277,1,7
2021-09-21,17450.35,17461.3,17444.45,17448.0,09:50:00,17444.36348896101,1,8
2021-09-21,17419.85,17454.75,17417.4,17449.5,09:55:00,17442.028870964725,1,9
2021-09-21,17412.3,17420.15,17387.8,17420.15,10:00:00,17439.197549920464,1,10
2021-09-21,17381.65,17415.1,17380.0,17413.65,10:05:00,17433.71683088042,1,11
2021-09-21,17373.55,17398.3,17369.25,17380.75,10:10:00,17427.986656510857,1,12
2021-09-21,17391.3,17391.3,17356.2,17372.1,10:15:00,17424.49268922411,1,13
2021-09-21,17382.95,17411.05,17382.95,17391.6,10:20:00,17420.536242631337,1,14
2021-09-21,17395.8,17398.95,17374.0,17383.05,10:25:00,17418.18040999978,1,15
2021-09-21,17394.75,17410.9,17381.3,17395.6,10:30:00,17415.948942380754,1,16
2021-09-21,17414.85,17419.65,17393.25,17393.25,10:35:00,17415.844281201633,1,17
2021-09-21,17412.0,17417.4,17401.6,17414.1,10:40:00,17415.47815918243,1,18
2021-09-21,17408.6,17426.9,17408.5,17411.35,10:45:00,17414.82309640315,1,19
2021-09-21,17387.65,17410.55,17376.5,17408.55,10:50:00,17412.235182459994,1,20
2021-09-21,17367.2,17390.7,17365.0,17387.05,10:55:00,17407.946117463805,1,21
2021-09-21,17377.6,17379.15,17361.75,17367.35,11:00:00,17405.05601103868,1,22
2021-09-21,17368.2,17384.3,17367.8,17377.45,11:05:00,17401.54591474928,1,23
2021-09-21,17345.6,17369.9,17345.25,17369.1,11:10:00,17396.217732392204,1,24
2021-09-21,17340.2,17356.5,17330.45,17345.8,11:15:00,17390.88271025961,1,25
2021-09-21,17328.4,17347.9,17326.75,17341.3,11:20:00,17384.931975949174,1,26
2021-09-21,17350.75,17351.15,17326.1,17329.25,11:25:00,17381.6765496683,1,27
2021-09-21,17370.3,17372.65,17350.35,17351.45,11:30:00,17380.59306874751,1,28
2021-09-21,17359.55,17373.75,17357.9,17371.35,11:35:00,17378.58896696203,1,29
2021-09-21,17381.45,17386.05,17359.0,17359.0,11:40:00,17378.86144629898,1,30
2021-09-21,17397.2,17397.85,17381.2,17382.05,11:45:00,17380.607975222883,1,31
2021-09-21,17400.4,17409.2,17394.75,17396.95,11:50:00,17382.492929963562,1,32
2021-09-21,17411.7,17414.6,17392.9,17400.2,11:55:00,17385.274555681317,1,33
2021-09-21,17407.85,17422.55,17406.65,17412.95,12:00:00,17387.424597997382,1,34
2021-09-21,17396.2,17415.15,17395.05,17407.65,12:05:00,17388.26035056906,1,35
2021-09-21,17381.55,17399.0,17379.45,17398.0,12:10:00,17387.621269562485,1,36
2021-09-21,17394.1,17402.1,17381.45,17382.25,12:15:00,17388.238291508915,1,37
2021-09-21,17379.35,17394.65,17379.35,17393.4,12:20:00,17387.391787555684,1,38
2021-09-21,17372.05,17379.95,17367.45,17379.9,12:25:00,17385.930664931333,1,39
2021-09-21,17389.05,17398.35,17368.85,17371.9,12:30:00,17386.22774446168,1,40
2021-09-21,17402.95,17406.0,17384.3,17387.65,12:35:00,17387.820340227234,1,41
2021-09-21,17407.45,17413.1,17401.25,17403.75,12:40:00,17389.689831634165,1,42
2021-09-21,17419.65,17424.45,17404.35,17407.75,12:45:00,17392.54318100234,1,43
2021-09-21,17439.6,17443.65,17414.65,17419.55,12:50:00,17397.02478281164,1,44
2021-09-21,17438.7,17442.35,17428.85,17440.15,12:55:00,17400.993851115294,1,45
2021-09-21,17433.8,17440.85,17427.75,17440.3,13:00:00,17404.11824624717,1,46
2021-09-21,17439.15,17442.15,17427.4,17434.7,13:05:00,17407.45460374744,1,47
2021-09-21,17454.3,17455.95,17437.5,17438.3,13:10:00,17411.916070057207,1,48
2021-09-21,17456.35,17468.8,17454.65,17454.65,13:15:00,17416.1478729089,1,49
2021-09-21,17455.75,17462.45,17446.55,17456.85,13:20:00,17419.91950406043,1,50
2021-09-21,17473.65,17475.65,17454.75,17455.55,13:25:00,17425.036694149916,1,51
2021-09-21,17461.1,17476.9,17460.2,17474.55,13:30:00,17428.471294707066,1,52
2021-09-21,17473.05,17476.45,17458.45,17460.5,13:35:00,17432.716885687343,1,53
2021-09-21,17491.95,17493.2,17470.75,17473.3,13:40:00,17438.358134669503,1,54
2021-09-21,17498.35,17503.9,17491.3,17492.2,13:45:00,17444.07164565336,1,55
2021-09-21,17453.1,17499.7,17448.4,17498.2,13:50:00,17444.931488924467,1,56
2021-09-21,17456.15,17458.05,17434.45,17452.65,13:55:00,17445.999918550708,1,57
2021-09-21,17483.65,17484.65,17456.75,17457.8,14:00:00,17449.585640593497,1,58
2021-09-21,17487.05,17488.3,17473.95,17483.4,14:05:00,17453.15367482269,1,59
2021-09-21,17483.0,17488.95,17478.8,17486.65,14:10:00,17455.996181982435,1,60
2021-09-21,17504.15,17505.4,17481.9,17483.1,14:15:00,17460.58225988887,1,61
2021-09-21,17504.85,17514.1,17498.75,17504.8,14:20:00,17464.798235137547,1,62
2021-09-21,17508.05,17510.7,17495.9,17505.45,14:25:00,17468.917450838733,1,63
2021-09-21,17513.75,17518.5,17507.2,17508.85,14:30:00,17473.18721742552,1,64
2021-09-21,17526.6,17531.7,17493.8,17514.25,14:35:00,17478.274149099278,1,65
2021-09-21,17531.2,17538.3,17520.55,17527.05,14:40:00,17483.314706327918,1,66
2021-09-21,17543.3,17544.2,17528.95,17531.25,14:45:00,17489.027591439546,1,67
2021-09-21,17540.25,17547.55,17533.1,17543.4,14:50:00,17493.905916064352,1,68
2021-09-21,17543.5,17548.2,17534.55,17543.5,14:55:00,17498.629162153462,1,69
2021-09-21,17549.9,17560.75,17543.2,17543.2,15:00:00,17503.51209909123,1,70
2021-09-21,17552.7,17558.1,17546.15,17549.5,15:05:00,17508.19666108254,1,71
2021-09-21,17548.25,17553.05,17542.1,17553.05,15:10:00,17512.011264788965,1,72
2021-09-21,17570.4,17574.25,17547.35,17548.45,15:15:00,17517.572096713826,1,73
2021-09-21,17568.2,17578.35,17567.4,17570.35,15:20:00,17522.3938017887,1,74
2021-09-21,17566.8,17571.4,17558.9,17568.45,15:25:00,17526.62296352311,1,75
2021-09-22,17589.9,17601.1,17548.3,17586.55,09:15:00,17538.101791001907,2,1
2021-09-22,17569.55,17594.35,17555.95,17591.8,09:20:00,17541.096858525536,2,2
2021-09-22,17551.35,17571.05,17539.55,17571.05,09:25:00,17542.07334818977,2,3
2021-09-22,17561.15,17577.6,17541.6,17551.4,09:30:00,17543.890172171697,2,4
2021-09-22,17537.7,17567.65,17536.8,17559.45,09:35:00,17543.30063196487,2,5
2021-09-22,17557.7,17559.9,17528.95,17535.15,09:40:00,17544.67200034917,2,6
2021-09-22,17563.15,17570.7,17553.1,17558.5,09:45:00,17546.431809839723,2,7
2021-09-22,17579.9,17583.7,17561.7,17563.3,09:50:00,17549.619256521655,2,8
2021-09-22,17583.15,17587.55,17578.6,17579.25,09:55:00,17552.81266066245,2,9
2021-09-22,17595.8,17596.0,17577.5,17584.1,10:00:00,17556.906692980312,2,10
2021-09-22,17600.65,17607.7,17589.3,17595.2,10:05:00,17561.072722220284,2,11
2021-09-22,17603.55,17606.75,17593.0,17600.6,10:10:00,17565.118177246924,2,12
2021-09-22,17592.6,17609.7,17588.1,17603.05,10:15:00,17567.735493699598,2,13
2021-09-22,17590.0,17601.6,17580.55,17593.85,10:20:00,17569.855922871066,2,14
2021-09-22,17573.05,17590.8,17573.05,17590.8,10:25:00,17570.160120692868,2,15
2021-09-22,17577.2,17579.15,17567.15,17572.6,10:30:00,17570.830585388787,2,16
2021-09-22,17590.35,17593.4,17575.85,17575.85,10:35:00,17572.68957725652,2,17
2021-09-22,17595.65,17597.45,17587.2,17590.25,10:40:00,17574.87628418447,2,18
2021-09-22,17595.25,17597.25,17586.5,17596.05,10:45:00,17576.81663807166,2,19
2021-09-22,17588.45,17602.85,17583.5,17594.85,10:50:00,17577.924577302932,2,20
2021-09-22,17601.65,17602.3,17588.25,17588.65,10:55:00,17580.18414136932,2,21
2021-09-22,17609.05,17610.45,17601.15,17602.6,11:00:00,17582.933270762718,2,22
2021-09-22,17576.65,17607.2,17576.65,17607.2,11:05:00,17582.33486402341,2,23
2021-09-22,17580.1,17589.15,17576.5,17576.75,11:10:00,17582.122019830706,2,24
2021-09-22,17553.25,17580.05,17550.5,17580.05,11:15:00,17579.372303656353,2,25
2021-09-22,17564.9,17571.6,17544.9,17551.95,11:20:00,17577.993989022416,2,26
2021-09-22,17544.95,17574.15,17543.95,17564.8,11:25:00,17574.846942448854,2,27
2021-09-22,17531.7,17550.7,17524.0,17542.85,11:30:00,17570.737709834677,2,28
2021-09-22,17547.15,17548.05,17531.05,17532.9,11:35:00,17568.491261278992,2,29
2021-09-22,17559.25,17559.35,17537.85,17545.95,11:40:00,17567.611141157184,2,30
2021-09-22,17565.7,17570.9,17557.35,17559.2,11:45:00,17567.429127713644,2,31
2021-09-22,17560.4,17565.55,17553.85,17564.9,11:50:00,17566.75968697901,2,32
2021-09-22,17572.3,17575.95,17560.35,17560.6,11:55:00,17567.28733583815,2,33
2021-09-22,17577.6,17581.05,17570.45,17573.2,12:00:00,17568.269494329757,2,34
2021-09-22,17581.4,17581.9,17571.15,17577.55,12:05:00,17569.520018679304,2,35
2021-09-22,17566.1,17581.0,17558.35,17581.0,12:10:00,17569.194302614607,2,36
2021-09-22,17577.8,17580.95,17565.65,17566.3,12:15:00,17570.013892841787,2,37
2021-09-22,17571.55,17576.55,17560.3,17576.15,12:20:00,17570.160188761616,2,38
2021-09-22,17577.55,17586.65,17569.45,17571.05,12:25:00,17570.863980308128,2,39
2021-09-22,17574.85,17584.85,17572.7,17576.7,12:30:00,17571.243601231163,2,40
2021-09-22,17581.5,17584.3,17572.85,17573.75,12:35:00,17572.22040111391,2,41
2021-09-22,17583.95,17586.85,17580.45,17581.7,12:40:00,17573.33750576973,2,42
2021-09-22,17586.75,17591.9,17580.25,17584.3,12:45:00,17574.614886172614,2,43
2021-09-22,17581.2,17593.85,17580.2,17587.15,12:50:00,17575.24203987046,2,44
2021-09-22,17599.75,17599.75,17575.7,17581.75,12:55:00,17577.57613131137,2,45
2021-09-22,17595.6,17608.7,17593.25,17599.9,13:00:00,17579.292690234095,2,46
2021-09-22,17599.15,17599.35,17589.85,17596.0,13:05:00,17581.183862592752,2,47
2021-09-22,17596.85,17604.3,17593.8,17599.35,13:10:00,17582.675875679157,2,48
2021-09-22,17592.15,17609.8,17592.15,17597.65,13:15:00,17583.578173233524,2,49
2021-09-22,17580.95,17590.9,17576.4,17590.6,13:20:00,17583.327871020807,2,50
2021-09-22,17567.15,17586.3,17566.45,17581.35,13:25:00,17581.78712139978,2,51
2021-09-22,17565.65,17573.35,17561.75,17568.4,13:30:00,17580.250252695037,2,52
2021-09-22,17566.05,17580.4,17565.25,17567.3,13:35:00,17578.89784767646,2,53
2021-09-22,17577.55,17579.55,17559.3,17566.6,13:40:00,17578.769481231084,2,54
2021-09-22,17571.55,17578.95,17565.65,17578.05,13:45:00,17578.081911590027,2,55
2021-09-22,17576.3,17582.4,17569.5,17573.25,13:50:00,17577.91220572431,2,56
2021-09-22,17571.3,17577.45,17569.15,17577.2,13:55:00,17577.282471845807,2,57
2021-09-22,17578.2,17585.2,17564.85,17571.45,14:00:00,17577.369855479537,2,58
2021-09-22,17587.3,17587.3,17573.8,17578.5,14:05:00,17578.315583529104,2,59
2021-09-22,17594.0,17598.85,17587.2,17587.9,14:10:00,17579.809337478713,2,60
2021-09-22,17587.8,17595.8,17585.2,17594.5,14:15:00,17580.570352956933,2,61
2021-09-22,17589.9,17591.65,17582.3,17587.6,14:20:00,17581.45889077056,2,62
2021-09-22,17587.3,17591.4,17581.05,17589.45,14:25:00,17582.01518688765,2,63
2021-09-22,17597.1,17601.35,17584.15,17586.95,14:30:00,17583.45183575549,2,64
2021-09-22,17573.5,17598.05,17573.4,17596.75,14:35:00,17582.504041874017,2,65
2021-09-22,17573.05,17583.4,17567.85,17574.25,14:40:00,17581.603656933636,2,66
2021-09-22,17549.0,17575.9,17539.95,17573.5,14:45:00,17578.49854674948,2,67
2021-09-22,17554.65,17563.2,17548.4,17550.25,14:50:00,17576.227256582864,2,68
2021-09-22,17579.15,17579.15,17551.95,17553.55,14:55:00,17576.505613098783,2,69
2021-09-22,17566.4,17580.6,17561.3,17580.25,15:00:00,17575.543173756043,2,70
2021-09-22,17550.3,17568.9,17550.2,17566.2,15:05:00,17573.139061969752,2,71
2021-09-22,17535.6,17549.9,17534.8,17549.9,15:10:00,17569.563913210728,2,72
2021-09-22,17547.8,17548.25,17534.35,17536.4,15:15:00,17567.49115957161,2,73
2021-09-22,17551.55,17554.9,17542.25,17549.1,15:20:00,17565.972953898123,2,74
2021-09-22,17548.35,17555.65,17541.25,17551.7,15:25:00,17564.294577336397,2,75
2021-09-23,17656.5,17675.95,17646.55,17675.95,09:15:00,17573.076046161503,3,1
2021-09-23,17679.2,17682.85,17657.4,17657.4,09:20:00,17583.183089384216,3,2
2021-09-23,17690.2,17690.6,17676.7,17677.35,09:25:00,17593.37517610953,3,3
2021-09-23,17681.75,17693.15,17672.45,17690.3,09:30:00,17601.79182600386,3,4
2021-09-23,17684.55,17700.0,17681.7,17681.7,09:35:00,17609.673556860635,3,5
2021-09-23,17683.15,17689.3,17678.95,17684.9,09:40:00,17616.671313350096,3,6
2021-09-23,17691.35,17691.85,17682.35,17682.8,09:45:00,17623.783569221516,3,7
2021-09-23,17694.85,17695.75,17688.4,17691.5,09:50:00,17630.551800724228,3,8
2021-09-23,17703.05,17704.9,17692.8,17695.45,09:55:00,17637.456391131447,3,9
2021-09-23,17712.8,17714.3,17702.05,17702.45,10:00:00,17644.63197292845,3,10
2021-09-23,17717.85,17719.1,17706.75,17713.2,10:05:00,17651.605118363837,3,11
2021-09-23,17725.9,17730.1,17715.95,17718.0,10:10:00,17658.680821376805,3,12
2021-09-23,17716.1,17732.95,17715.15,17725.65,10:15:00,17664.149314579012,3,13
2021-09-23,17722.9,17724.3,17712.55,17716.5,10:20:00,17669.74461795244,3,14
2021-09-23,17718.05,17729.75,17718.05,17722.45,10:25:00,17674.3451305284,3,15
2021-09-23,17712.6,17719.35,17706.1,17718.55,10:30:00,17677.988451430458,3,16
2021-09-23,17719.8,17721.6,17711.4,17712.75,10:35:00,17681.970503675177,3,17
2021-09-23,17723.9,17723.9,17718.3,17719.7,10:40:00,17685.963789039444,3,18
2021-09-23,17725.2,17728.45,17720.1,17724.5,10:45:00,17689.700571035686,3,19
2021-09-23,17720.85,17728.3,17717.45,17726.5,10:50:00,17692.667183318,3,20
2021-09-23,17728.15,17730.8,17720.6,17721.45,10:55:00,17696.04649919248,3,21
2021-09-23,17731.1,17734.0,17723.95,17728.25,11:00:00,17699.384927840812,3,22
2021-09-23,17734.0,17736.8,17724.3,17730.4,11:05:00,17702.681601379783,3,23
2021-09-23,17731.15,17735.0,17727.4,17734.45,11:10:00,17705.39287743885,3,24
2021-09-23,17732.4,17732.8,17726.4,17730.6,11:15:00,17707.964984349437,3,25
2021-09-23,17737.9,17741.0,17730.55,17731.15,11:20:00,17710.81593822092,3,26
2021-09-23,17739.1,17740.2,17732.95,17737.15,11:25:00,17713.509658390354,3,27
2021-09-23,17734.9,17741.45,17734.35,17739.45,11:30:00,17715.54683378175,3,28
2021-09-23,17723.95,17735.2,17723.95,17735.2,11:35:00,17716.347135326345,3,29
2021-09-23,17722.9,17727.35,17718.85,17724.55,11:40:00,17716.97121767622,3,30
2021-09-23,17732.65,17733.7,17721.3,17723.05,11:45:00,17718.464435040387,3,31
2021-09-23,17732.9,17736.85,17731.4,17732.2,11:50:00,17719.839250750825,3,32
2021-09-23,17738.1,17738.9,17731.2,17733.15,11:55:00,17721.578369726936,3,33
2021-09-23,17747.1,17751.85,17738.45,17738.95,12:00:00,17724.009001181512,3,34
2021-09-23,17755.25,17755.4,17741.55,17748.45,12:05:00,17726.98433440232,3,35
2021-09-23,17761.95,17764.1,17753.25,17755.5,12:10:00,17730.314397792576,3,36
2021-09-23,17760.3,17764.6,17757.8,17762.0,12:15:00,17733.170169431378,3,37
2021-09-23,17765.7,17770.1,17759.15,17761.2,12:20:00,17736.26824853315,3,38
2021-09-23,17766.1,17773.7,17763.25,17766.5,12:25:00,17739.10936772047,3,39
2021-09-23,17768.85,17770.3,17760.05,17766.85,12:30:00,17741.941808889947,3,40
2021-09-23,17778.6,17778.6,17769.3,17770.0,12:35:00,17745.433065186142,3,41
2021-09-23,17765.8,17781.6,17762.75,17779.05,12:40:00,17747.37277326365,3,42
2021-09-23,17771.35,17775.05,17762.45,17766.2,12:45:00,17749.656318667112,3,43
2021-09-23,17777.2,17782.35,17763.4,17772.15,12:50:00,17752.279526413102,3,44
2021-09-23,17775.0,17782.4,17770.25,17777.4,12:55:00,17754.443381040426,3,45
2021-09-23,17767.65,17780.95,17767.65,17776.4,13:00:00,17755.701154274673,3,46
2021-09-23,17762.65,17768.45,17758.85,17768.45,13:05:00,17756.362949105656,3,47
2021-09-23,17761.1,17769.85,17757.85,17762.6,13:10:00,17756.81409680988,3,48
2021-09-23,17747.1,17761.25,17742.6,17761.25,13:15:00,17755.88894473275,3,49
2021-09-23,17758.3,17763.1,17744.95,17746.8,13:20:00,17756.118569043916,3,50
2021-09-23,17778.1,17780.65,17758.85,17759.55,13:25:00,17758.21203865878,3,51
2021-09-23,17777.85,17784.5,17773.05,17778.75,13:30:00,17760.08232069128,3,52
2021-09-23,17769.5,17783.95,17769.15,17778.05,13:35:00,17760.979242530204,3,53
2021-09-23,17774.7,17775.55,17766.6,17769.45,13:40:00,17762.285981336852,3,54
2021-09-23,17765.55,17779.1,17762.2,17774.75,13:45:00,17762.596840257153,3,55
2021-09-23,17769.4,17774.15,17765.85,17766.15,13:50:00,17763.24476023266,3,56
2021-09-23,17769.55,17771.95,17764.4,17769.65,13:55:00,17763.845259258123,3,57
2021-09-23,17774.6,17786.05,17767.7,17769.9,14:00:00,17764.869520281158,3,58
2021-09-23,17773.6,17780.9,17770.15,17775.45,14:05:00,17765.700994540093,3,59
2021-09-23,17781.7,17784.8,17773.55,17774.4,14:10:00,17767.2247093458,3,60
2021-09-23,17780.9,17785.35,17777.3,17782.25,14:15:00,17768.527117979535,3,61
2021-09-23,17787.6,17790.95,17777.45,17780.85,14:20:00,17770.343582933863,3,62
2021-09-23,17793.9,17797.05,17787.05,17787.95,14:25:00,17772.587051225877,3,63
2021-09-23,17807.1,17816.3,17794.1,17794.1,14:30:00,17775.873998728173,3,64
2021-09-23,17819.4,17824.55,17807.1,17807.15,14:35:00,17780.019332182634,3,65
2021-09-23,17814.05,17822.65,17806.7,17819.15,14:40:00,17783.26034816524,3,66
2021-09-23,17820.1,17822.25,17811.45,17813.8,14:45:00,17786.768886435217,3,67
2021-09-23,17817.45,17822.95,17816.4,17820.75,14:50:00,17789.69089725091,3,68
2021-09-23,17791.95,17819.2,17791.95,17817.65,14:55:00,17789.90604989368,3,69
2021-09-23,17818.7,17818.7,17795.65,17796.3,15:00:00,17792.648330856187,3,70
2021-09-23,17832.5,17833.65,17817.2,17819.05,15:05:00,17796.443727917504,3,71
2021-09-23,17832.8,17843.9,17832.4,17833.85,15:10:00,17799.9062300206,3,72
2021-09-23,17825.5,17837.8,17824.5,17832.85,15:15:00,17802.3437319234,3,73
2021-09-23,17823.0,17825.4,17815.75,17824.95,15:20:00,17804.310995549742,3,74
2021-09-23,17826.3,17829.3,17821.75,17822.9,15:25:00,17806.405186449767,3,75
2021-09-24,17933.4,17934.3,17890.8,17902.5,09:15:00,17818.49993059741,4,1
2021-09-24,17914.7,17947.65,17898.15,17934.75,09:20:00,17827.661841969086,4,2
2021-09-24,17909.75,17922.9,17889.7,17915.0,09:25:00,17835.479761781553,4,3
2021-09-24,17920.7,17921.4,17894.65,17909.9,09:30:00,17843.595974945212,4,4
2021-09-24,17908.2,17928.8,17905.4,17919.45,09:35:00,17849.748739236144,4,5
2021-09-24,17914.95,17921.15,17902.9,17909.05,09:40:00,17855.958383118417,4,6
2021-09-24,17919.95,17924.45,17910.15,17913.45,09:45:00,17862.052822821424,4,7
2021-09-24,17886.4,17924.0,17884.95,17920.85,09:50:00,17864.371601600335,4,8
2021-09-24,17864.1,17886.6,17860.7,17886.6,09:55:00,17864.345734781255,4,9
2021-09-24,17870.15,17886.4,17857.5,17864.3,10:00:00,17864.898521944946,4,10
2021-09-24,17886.35,17902.35,17869.2,17869.25,10:05:00,17866.94151985495,4,11
2021-09-24,17877.35,17894.5,17877.35,17887.05,10:10:00,17867.932803678286,4,12
2021-09-24,17901.35,17904.4,17877.2,17877.95,10:15:00,17871.115393804164,4,13
2021-09-24,17903.0,17914.35,17900.25,17900.6,10:20:00,17874.152022965674,4,14
2021-09-24,17932.7,17934.25,17903.4,17903.65,10:25:00,17879.728020778468,4,15
2021-09-24,17925.2,17937.5,17922.55,17932.95,10:30:00,17884.058685466232,4,16
2021-09-24,17925.4,17930.2,17915.25,17924.85,10:35:00,17887.995953517067,4,17
2021-09-24,17938.55,17938.55,17923.6,17925.15,10:40:00,17892.81062461068,4,18
2021-09-24,17931.05,17939.9,17926.9,17937.2,10:45:00,17896.45246988585,4,19
2021-09-24,17919.85,17931.45,17915.45,17931.45,10:50:00,17898.6808060872,4,20
2021-09-24,17923.3,17924.9,17908.6,17920.3,10:55:00,17901.02549122175,4,21
2021-09-24,17905.6,17940.85,17893.8,17925.5,11:00:00,17901.46115872444,4,22
2021-09-24,17916.2,17927.15,17905.15,17906.25,11:05:00,17902.864857893543,4,23
2021-09-24,17910.95,17926.75,17906.5,17915.95,11:10:00,17903.63487142749,4,24
2021-09-24,17900.85,17916.35,17892.4,17911.0,11:15:00,17903.36964557725,4,25
2021-09-24,17895.25,17910.05,17890.35,17901.0,11:20:00,17902.596345998467,4,26
2021-09-24,17901.1,17903.25,17891.15,17894.65,11:25:00,17902.453836855755,4,27
2021-09-24,17900.55,17912.3,17899.15,17901.4,11:30:00,17902.27251905997,4,28
2021-09-24,17909.45,17910.85,17890.95,17900.65,11:35:00,17902.956088673305,4,29
2021-09-24,17898.95,17912.15,17898.15,17910.35,11:40:00,17902.574556418705,4,30
2021-09-24,17891.85,17906.4,17891.0,17898.9,11:45:00,17901.553170093113,4,31
2021-09-24,17882.2,17891.8,17877.25,17891.8,11:50:00,17899.710011036626,4,32
2021-09-24,17877.5,17883.65,17868.65,17882.35,11:55:00,17897.59477189028,4,33
2021-09-24,17886.45,17887.5,17867.9,17877.9,12:00:00,17896.533365043586,4,34
2021-09-24,17883.55,17892.85,17883.35,17886.9,12:05:00,17895.296854087053,4,35
2021-09-24,17880.2,17887.75,17876.45,17883.4,12:10:00,17893.859058459715,4,36
2021-09-24,17886.4,17893.45,17878.75,17879.95,12:15:00,17893.148671939744,4,37
2021-09-24,17887.15,17898.0,17884.1,17886.65,12:20:00,17892.577369850245,4,38
2021-09-24,17878.5,17887.7,17875.4,17887.7,12:25:00,17891.236667959747,4,39
2021-09-24,17850.3,17881.05,17848.8,17879.6,12:30:00,17887.33793767787,4,40
2021-09-24,17863.35,17863.35,17843.0,17851.5,12:35:00,17885.05337218474,4,41
2021-09-24,17864.4,17868.45,17854.1,17863.5,12:40:00,17883.086384357623,4,42
2021-09-24,17883.4,17883.7,17861.0,17865.5,12:45:00,17883.11625251404,4,43
2021-09-24,17887.25,17891.45,17883.0,17883.7,12:50:00,17883.509942750796,4,44
2021-09-24,17895.2,17896.1,17880.75,17888.0,12:55:00,17884.623281536435,4,45
2021-09-24,17883.8,17896.35,17883.75,17896.0,13:00:00,17884.54487377106,4,46
2021-09-24,17873.15,17883.8,17868.6,17883.4,13:05:00,17883.459647697626,4,47
2021-09-24,17862.3,17879.15,17859.75,17872.85,13:10:00,17881.444443154996,4,48
2021-09-24,17852.65,17864.05,17838.9,17861.85,13:15:00,17878.702115235472,4,49
2021-09-24,17863.35,17865.1,17850.7,17852.25,13:20:00,17877.24000902257,4,50
2021-09-24,17832.1,17865.55,17823.95,17864.95,13:25:00,17872.94096054423,4,51
2021-09-24,17843.3,17846.25,17819.4,17832.6,13:30:00,17870.11801192097,4,52
2021-09-24,17835.6,17849.8,17830.15,17843.55,13:35:00,17866.83058221421,4,53
2021-09-24,17838.7,17842.5,17830.8,17836.25,13:40:00,17864.15147914619,4,54
2021-09-24,17856.3,17856.3,17831.8,17838.8,13:45:00,17863.403719227503,4,55
2021-09-24,17859.75,17866.25,17856.3,17856.65,13:50:00,17863.05574596774,4,56
2021-09-24,17852.25,17861.45,17844.3,17860.45,13:55:00,17862.026627304145,4,57
2021-09-24,17846.15,17856.05,17845.2,17853.2,14:00:00,17860.514567560895,4,58
2021-09-24,17841.1,17846.75,17827.7,17844.8,14:05:00,17858.665561126523,4,59
2021-09-24,17850.4,17853.9,17841.25,17841.25,14:10:00,17857.87836482876,4,60
2021-09-24,17851.0,17855.65,17846.85,17851.75,14:15:00,17857.223282464118,4,61
2021-09-24,17843.65,17852.05,17843.05,17850.65,14:20:00,17855.930588896106,4,62
2021-09-24,17838.6,17862.15,17838.45,17844.15,14:25:00,17854.280056620286,4,63
2021-09-24,17853.3,17853.6,17832.0,17839.1,14:30:00,17854.186717894543,4,64
2021-09-24,17860.45,17863.65,17848.75,17853.95,14:35:00,17854.783220952206,4,65
2021-09-24,17874.8,17876.05,17859.2,17861.1,14:40:00,17856.68958086152,4,66
2021-09-24,17872.8,17875.8,17864.1,17875.4,14:45:00,17858.223906493757,4,67
2021-09-24,17875.7,17881.4,17870.7,17873.55,14:50:00,17859.888296351495,4,68
2021-09-24,17862.25,17876.7,17861.4,17874.9,14:55:00,17860.113220508498,4,69
2021-09-24,17853.05,17877.75,17840.05,17863.25,15:00:00,17859.44053284102,4,70
2021-09-24,17852.3,17856.15,17842.15,17852.8,15:05:00,17858.760482094258,4,71
2021-09-24,17866.35,17868.7,17851.3,17852.0,15:10:00,17859.483293323377,4,72
2021-09-24,17856.95,17869.65,17853.9,17866.8,15:15:00,17859.24202729258,4,73
2021-09-24,17845.1,17857.4,17844.5,17857.1,15:20:00,17857.895167550432,4,74
2021-09-24,17842.65,17846.95,17836.05,17845.7,15:25:00,17856.443246831343,4,75
2021-09-27,17909.8,17933.2,17891.75,17933.2,09:15:00,17861.524842371215,0,1
2021-09-27,17928.95,17932.5,17909.9,17911.7,09:20:00,17867.94628595491,0,2
2021-09-27,17907.55,17930.45,17907.55,17930.45,09:25:00,17871.718068244918,0,3
2021-09-27,17924.2,17928.6,17906.1,17908.2,09:30:00,17876.71634745969,0,4
2021-09-27,17926.6,17930.35,17907.7,17923.5,09:35:00,17881.467171511147,0,5
2021-09-27,17939.7,17943.5,17919.05,17928.35,09:40:00,17887.01315517675,0,6
2021-09-27,17921.6,17942.25,17916.7,17939.95,09:45:00,17890.307140398014,0,7
2021-09-27,17918.3,17924.05,17912.2,17922.75,09:50:00,17892.973127026773,0,8
2021-09-27,17887.4,17919.85,17886.7,17917.2,09:55:00,17892.442353024224,0,9
2021-09-27,17879.9,17890.05,17856.95,17890.05,10:00:00,17891.247843212393,0,10
2021-09-27,17888.05,17889.0,17871.25,17880.25,10:05:00,17890.943286715974,0,11
2021-09-27,17885.8,17898.55,17884.2,17887.35,10:10:00,17890.45344988588,0,12
2021-09-27,17855.0,17888.0,17848.65,17884.55,10:15:00,17887.07693084913,0,13
2021-09-27,17861.3,17866.95,17853.95,17855.8,10:20:00,17884.621985053975,0,14
2021-09-27,17868.05,17870.8,17858.05,17862.0,10:25:00,17883.04370076312,0,15
2021-09-27,17872.15,17881.45,17865.2,17868.85,10:30:00,17882.006205452344,0,16
2021-09-27,17851.45,17872.65,17851.45,17871.9,10:35:00,17879.09609064736,0,17
2021-09-27,17836.45,17852.45,17834.3,17851.15,10:40:00,17875.034558204752,0,18
2021-09-27,17842.1,17843.05,17822.25,17835.95,10:45:00,17871.89793361382,0,19
2021-09-27,17860.4,17862.0,17839.65,17841.25,10:50:00,17870.802892317268,0,20
2021-09-27,17856.05,17865.35,17854.05,17861.35,10:55:00,17869.397854953717,0,21
2021-09-27,17845.5,17861.55,17841.6,17856.95,11:00:00,17867.12186876765,0,22
2021-09-27,17845.3,17858.85,17845.3,17846.4,11:05:00,17865.04359555168,0,23
2021-09-27,17844.15,17846.7,17834.2,17845.7,11:10:00,17863.053729308664,0,24
2021-09-27,17836.75,17850.45,17832.9,17844.8,11:15:00,17860.548612231647,0,25
2021-09-27,17831.9,17845.25,17831.15,17836.55,11:20:00,17857.82017297149,0,26
2021-09-27,17835.05,17837.5,17829.55,17831.2,11:25:00,17855.65158506944,0,27
2021-09-27,17822.9,17837.4,17821.4,17834.55,11:30:00,17852.5323864914,0,28
2021-09-27,17803.05,17830.55,17802.9,17822.05,11:35:00,17847.819778254125,0,29
2021-09-27,17811.4,17816.1,17805.0,17805.0,11:40:00,17844.351227944207,0,30
2021-09-27,17832.05,17835.5,17811.45,17811.9,11:45:00,17843.17968242571,0,31
2021-09-27,17833.15,17838.1,17832.6,17833.95,11:50:00,17842.224474575643,0,32
2021-09-27,17847.75,17849.55,17830.2,17833.95,11:55:00,17842.75071509225,0,33
2021-09-27,17854.35,17855.9,17846.05,17848.05,12:00:00,17843.85540889299,0,34
2021-09-27,17863.85,17864.45,17854.15,17855.5,12:05:00,17845.759655665086,0,35
2021-09-27,17868.5,17873.3,17862.7,17864.6,12:10:00,17847.9254027446,0,36
2021-09-27,17873.75,17878.5,17864.9,17870.05,12:15:00,17850.384888197495,0,37
2021-09-27,17860.75,17875.35,17860.75,17874.95,12:20:00,17851.372041702496,0,38
2021-09-27,17852.3,17861.85,17846.95,17861.85,12:25:00,17851.46041868321,0,39
2021-09-27,17864.85,17865.9,17851.75,17853.55,12:30:00,17852.735616903858,0,40
2021-09-27,17858.95,17866.3,17855.95,17865.0,12:35:00,17853.327462913014,0,41
2021-09-27,17868.65,17870.4,17856.3,17859.95,12:40:00,17854.786752159394,0,42
2021-09-27,17872.15,17874.8,17869.75,17870.15,12:45:00,17856.44039481088,0,43
2021-09-27,17881.5,17883.4,17870.3,17872.35,12:50:00,17858.82702387651,0,44
2021-09-27,17872.0,17884.9,17870.85,17882.6,12:55:00,17860.08159303113,0,45
2021-09-27,17883.65,17885.05,17873.4,17873.4,13:00:00,17862.32620321864,0,46
2021-09-27,17884.35,17886.5,17879.35,17884.5,13:05:00,17864.423707674006,0,47
2021-09-27,17886.45,17890.8,17882.05,17885.7,13:10:00,17866.52144980029,0,48
2021-09-27,17880.85,17888.95,17879.95,17887.05,13:15:00,17867.886073628833,0,49
2021-09-27,17885.1,17888.75,17878.2,17881.65,13:20:00,17869.52549518799,0,50
2021-09-27,17890.15,17890.75,17884.3,17885.85,13:25:00,17871.489733741517,0,51
2021-09-27,17895.75,17896.6,17889.3,17891.0,13:30:00,17873.800235289942,0,52
2021-09-27,17885.45,17896.2,17880.5,17895.45,13:35:00,17874.9097366909,0,53
2021-09-27,17886.55,17889.4,17882.85,17886.15,13:40:00,17876.018333196527,0,54
2021-09-27,17892.4,17893.35,17881.0,17887.35,13:45:00,17877.578491939716,0,55
2021-09-27,17892.25,17895.3,17890.15,17892.75,13:50:00,17878.97577842165,0,56
2021-09-27,17886.8,17893.4,17874.75,17893.3,13:55:00,17879.720942381493,0,57
2021-09-27,17884.35,17890.05,17883.2,17888.75,14:00:00,17880.161805011827,0,58
2021-09-27,17882.2,17886.75,17880.0,17885.75,14:05:00,17880.355918820223,0,59
2021-09-27,17882.5,17887.0,17877.6,17883.2,14:10:00,17880.56011702782,0,60
2021-09-27,17880.15,17887.2,17879.1,17883.25,14:15:00,17880.521058263264,0,61
2021-09-27,17874.8,17886.1,17871.65,17881.6,14:20:00,17879.976195571526,0,62
2021-09-27,17848.75,17876.05,17847.9,17875.5,14:25:00,17877.00227218376,0,63
2021-09-27,17858.35,17862.2,17847.0,17848.65,14:30:00,17875.225865309116,0,64
2021-09-27,17858.55,17868.95,17857.25,17857.8,14:35:00,17873.63768766063,0,65
2021-09-27,17847.8,17859.35,17846.45,17859.3,14:40:00,17871.176955502477,0,66
2021-09-27,17835.6,17848.75,17831.45,17848.75,14:45:00,17867.78867402605,0,67
2021-09-27,17833.65,17838.9,17825.1,17836.85,14:50:00,17864.537371737857,0,68
2021-09-27,17847.95,17849.2,17833.9,17834.1,14:55:00,17862.957622048536,0,69
2021-09-27,17861.15,17861.15,17843.15,17848.65,15:00:00,17862.785467567723,0,70
2021-09-27,17871.8,17872.0,17857.15,17860.7,15:05:00,17863.643994466034,0,71
2021-09-27,17860.75,17872.4,17858.05,17871.45,15:10:00,17863.36837594546,0,72
2021-09-27,17852.1,17862.0,17851.6,17859.7,15:15:00,17862.295197283987,0,73
2021-09-27,17853.2,17855.3,17846.45,17852.65,15:20:00,17861.428988018844,0,74
2021-09-27,17858.2,17861.7,17844.15,17853.9,15:25:00,17861.121465350385,0,75
2021-09-28,17845.75,17912.85,17838.8,17900.45,09:15:00,17859.657516269395,1,1
2021-09-28,17850.95,17856.6,17835.9,17841.95,09:20:00,17858.82822900564,1,2
2021-09-28,17826.25,17849.55,17825.35,17849.55,09:25:00,17855.725540528914,1,3
2021-09-28,17848.9,17851.7,17814.75,17827.4,09:30:00,17855.07548904997,1,4
2021-09-28,17844.65,17870.85,17841.7,17849.0,09:35:00,17854.082585330925,1,5
2021-09-28,17860.95,17865.4,17826.05,17844.0,09:40:00,17854.736624823217,1,6
2021-09-28,17847.25,17868.6,17847.25,17861.2,09:45:00,17854.023612935292,1,7
2021-09-28,17864.45,17866.8,17840.25,17847.8,09:50:00,17855.016602179552,1,8
2021-09-28,17881.6,17882.55,17860.75,17864.95,09:55:00,17857.548354352926,1,9
2021-09-28,17870.05,17884.55,17868.95,17881.65,10:00:00,17858.738987271696,1,10
2021-09-28,17878.05,17879.15,17868.6,17868.6,10:05:00,17860.57813134106,1,11
2021-09-28,17877.3,17878.95,17868.9,17878.4,10:10:00,17862.17069026096,1,12
2021-09-28,17871.4,17883.4,17870.2,17877.5,10:15:00,17863.049672140867,1,13
2021-09-28,17846.8,17873.85,17846.8,17871.7,10:20:00,17861.502084317926,1,14
2021-09-28,17840.1,17848.6,17838.05,17846.3,10:25:00,17859.46379057336,1,15
2021-09-28,17853.25,17853.45,17833.75,17839.3,10:30:00,17858.872000994947,1,16
2021-09-28,17848.45,17858.2,17847.75,17853.45,10:35:00,17857.879429471617,1,17
2021-09-28,17832.5,17849.85,17829.1,17848.0,10:40:00,17855.46234095051,1,18
2021-09-28,17826.55,17836.5,17826.35,17833.55,10:45:00,17852.70878466951,1,19
2021-09-28,17815.3,17828.85,17815.0,17827.0,10:50:00,17849.146043272412,1,20
2021-09-28,17811.0,17819.4,17805.05,17814.25,10:55:00,17845.51308677028,1,21
2021-09-28,17801.05,17823.95,17800.9,17812.6,11:00:00,17841.27850707787,1,22
2021-09-28,17803.8,17804.0,17788.05,17800.55,11:05:00,17837.709125451405,1,23
2021-09-28,17791.05,17810.25,17790.4,17805.85,11:10:00,17833.26539921794,1,24
2021-09-28,17797.6,17798.1,17777.55,17790.6,11:15:00,17829.868694530516,1,25
2021-09-28,17806.6,17814.45,17791.55,17798.15,11:20:00,17827.652628384752,1,26
2021-09-28,17820.7,17821.05,17806.1,17806.1,11:25:00,17826.99047330049,1,27
2021-09-28,17817.35,17828.95,17816.35,17821.15,11:30:00,17826.072332986158,1,28
2021-09-28,17801.85,17818.4,17798.9,17817.3,11:35:00,17823.765444130335,1,29
2021-09-28,17794.55,17803.7,17791.85,17802.25,11:40:00,17820.983020879827,1,30
2021-09-28,17789.85,17795.4,17785.1,17793.5,11:45:00,17818.017971272224,1,31
2021-09-28,17773.8,17790.95,17773.5,17789.65,11:50:00,17813.806735912964,1,32
2021-09-28,17751.8,17777.85,17751.5,17773.4,11:55:00,17807.901332492682,1,33
2021-09-28,17757.5,17758.65,17735.7,17751.6,12:00:00,17803.101205588617,1,34
2021-09-28,17734.4,17759.0,17732.95,17757.25,12:05:00,17796.558233627795,1,35
2021-09-28,17731.75,17740.65,17729.5,17732.7,12:10:00,17790.386020901336,1,36
2021-09-28,17707.45,17733.6,17704.85,17732.35,12:15:00,17782.487352244065,1,37
2021-09-28,17691.25,17712.25,17674.45,17707.7,12:20:00,17773.798080601773,1,38
2021-09-28,17690.75,17696.2,17680.4,17690.3,12:25:00,17765.88873959208,1,39
2021-09-28,17699.3,17713.15,17691.8,17691.8,12:30:00,17759.546954869023,1,40
2021-09-28,17715.95,17720.0,17698.2,17700.0,12:35:00,17755.394863929116,1,41
2021-09-28,17699.55,17716.65,17696.55,17716.1,12:40:00,17750.076305459675,1,42
2021-09-28,17700.35,17717.75,17695.95,17699.3,12:45:00,17745.340466844467,1,43
2021-09-28,17674.1,17700.6,17664.8,17700.55,12:50:00,17738.555660478327,1,44
2021-09-28,17661.9,17673.85,17656.45,17673.8,12:55:00,17731.25512138515,1,45
2021-09-28,17655.8,17667.25,17652.0,17662.75,13:00:00,17724.068919348472,1,46
2021-09-28,17645.3,17662.7,17642.15,17655.75,13:05:00,17716.56711750576,1,47
2021-09-28,17619.25,17646.1,17616.0,17645.8,13:10:00,17707.298820600452,1,48
2021-09-28,17643.65,17645.65,17616.65,17619.5,13:15:00,17701.23702816231,1,49
2021-09-28,17670.2,17670.2,17643.15,17643.55,13:20:00,17698.281120718282,1,50
2021-09-28,17670.2,17672.6,17656.65,17670.05,13:25:00,17695.606728268922,1,51
2021-09-28,17677.9,17686.1,17665.1,17670.1,13:30:00,17693.92037319569,1,52
2021-09-28,17672.2,17689.0,17672.2,17678.05,13:35:00,17691.851766224674,1,53
2021-09-28,17646.65,17672.85,17645.55,17672.15,13:40:00,17687.54683610804,1,54
2021-09-28,17652.8,17653.75,17640.0,17646.8,13:45:00,17684.237613621557,1,55
2021-09-28,17640.0,17664.8,17638.4,17653.85,13:50:00,17680.02450756236,1,56
2021-09-28,17636.5,17648.3,17636.2,17641.85,13:55:00,17675.879316365947,1,57
2021-09-28,17638.55,17655.9,17637.65,17638.1,14:00:00,17672.32414337871,1,58
2021-09-28,17623.65,17638.75,17623.05,17638.75,14:05:00,17667.688510675976,1,59
2021-09-28,17615.5,17634.4,17609.05,17623.85,14:10:00,17662.718176325885,1,60
2021-09-28,17599.05,17614.85,17586.4,17613.95,14:15:00,17656.654540485324,1,61
2021-09-28,17582.25,17609.75,17582.2,17600.15,14:20:00,17649.56839377244,1,62
2021-09-28,17592.3,17594.3,17576.1,17581.6,14:25:00,17644.114261032206,1,63
2021-09-28,17610.4,17610.6,17587.3,17593.65,14:30:00,17640.90337902914,1,64
2021-09-28,17628.25,17632.35,17602.3,17611.35,14:35:00,17639.69829531208,1,65
2021-09-28,17635.35,17643.15,17621.0,17627.75,14:40:00,17639.284171949024,1,66
2021-09-28,17666.4,17666.7,17635.85,17636.7,14:45:00,17641.866631763405,1,67
2021-09-28,17692.6,17694.15,17663.7,17667.75,14:50:00,17646.69838111927,1,68
2021-09-28,17725.2,17726.7,17686.5,17692.1,14:55:00,17654.174725774577,1,69
2021-09-28,17739.15,17746.85,17714.6,17726.0,15:00:00,17662.26760903414,1,70
2021-09-28,17753.05,17753.65,17725.6,17741.75,15:05:00,17670.91355103089,1,71
2021-09-28,17769.7,17774.6,17751.7,17754.05,15:10:00,17680.321784266045,1,72
2021-09-28,17749.2,17777.45,17740.85,17770.7,15:15:00,17686.881614335947,1,73
2021-09-28,17751.75,17761.65,17745.3,17750.6,15:20:00,17693.059555827764,1,74
2021-09-28,17734.15,17752.95,17729.15,17752.95,15:25:00,17696.972931463213,1,75
2021-09-29,17643.7,17670.2,17613.3,17658.1,09:15:00,17691.899318942906,2,1
2021-09-29,17626.05,17660.3,17622.6,17641.6,09:20:00,17685.627955234057,2,2
2021-09-29,17644.2,17649.2,17625.3,17627.6,09:25:00,17681.682435687955,2,3
2021-09-29,17625.8,17643.55,17608.15,17643.55,09:30:00,17676.36029895577,2,4
2021-09-29,17632.65,17654.4,17617.7,17628.45,09:35:00,17672.197413340935,2,5
2021-09-29,17637.4,17648.4,17629.85,17633.25,09:40:00,17668.88337397513,2,6
2021-09-29,17672.65,17672.65,17632.1,17637.9,09:45:00,17669.242100263215,2,7
2021-09-29,17667.95,17684.05,17664.3,17672.95,09:50:00,17669.11904309529,2,8
2021-09-29,17671.1,17682.75,17661.0,17667.4,09:55:00,17669.30770565764,2,9
2021-09-29,17654.95,17675.0,17641.0,17672.2,10:00:00,17667.940305118816,2,10
2021-09-29,17646.05,17656.65,17638.45,17653.8,10:05:00,17665.85551415512,2,11
2021-09-29,17663.6,17666.55,17646.0,17646.6,10:10:00,17665.640703283203,2,12
2021-09-29,17683.55,17689.3,17664.05,17664.4,10:15:00,17667.346350589567,2,13
2021-09-29,17666.9,17683.6,17665.45,17682.85,10:20:00,17667.30384100961,2,14
2021-09-29,17645.8,17670.25,17645.8,17666.85,10:25:00,17665.25585615155,2,15
2021-09-29,17650.75,17652.2,17637.45,17646.55,10:30:00,17663.87434604188,2,16
2021-09-29,17638.7,17655.1,17636.45,17650.6,10:35:00,17661.47678927599,2,17
2021-09-29,17631.3,17644.95,17627.65,17637.9,10:40:00,17658.602809344942,2,18
2021-09-29,17618.55,17634.9,17617.75,17630.55,10:45:00,17654.788256073996,2,19
2021-09-29,17613.35,17630.2,17613.35,17619.2,10:50:00,17650.84175549552,2,20
2021-09-29,17639.55,17642.75,17612.6,17614.25,10:55:00,17649.766350210233,2,21
2021-09-29,17636.15,17652.7,17636.15,17640.85,11:00:00,17648.469554952117,2,22
2021-09-29,17653.0,17654.75,17629.4,17636.5,11:05:00,17648.901025909057,2,23
2021-09-29,17654.4,17663.7,17646.0,17652.7,11:10:00,17649.42473772724,2,24
2021-09-29,17644.25,17661.55,17644.25,17654.45,11:15:00,17648.931905562742,2,25
2021-09-29,17640.45,17651.25,17632.6,17644.35,11:20:00,17648.12410503296,2,26
2021-09-29,17637.4,17643.0,17633.5,17639.35,11:25:00,17647.102761696486,2,27
2021-09-29,17642.75,17647.9,17634.1,17639.35,11:30:00,17646.688212963487,2,28
2021-09-29,17651.2,17653.7,17642.15,17642.9,11:35:00,17647.117906966963,2,29
2021-09-29,17657.9,17661.85,17648.0,17651.25,11:40:00,17648.14477297011,2,30
2021-09-29,17675.7,17676.85,17655.95,17658.1,11:45:00,17650.76908030629,2,31
2021-09-29,17676.85,17680.35,17668.45,17676.85,11:50:00,17653.25297741998,2,32
2021-09-29,17662.15,17677.0,17662.15,17676.5,11:55:00,17654.10031290379,2,33
2021-09-29,17657.15,17665.85,17655.7,17662.2,12:00:00,17654.390759293907,2,34
2021-09-29,17658.1,17663.35,17657.25,17658.1,12:05:00,17654.744020313534,2,35
2021-09-29,17652.6,17657.85,17640.25,17657.6,12:10:00,17654.53982790272,2,36
2021-09-29,17664.8,17666.25,17647.85,17651.9,12:15:00,17655.51698715008,2,37
2021-09-29,17655.1,17672.9,17653.4,17664.45,12:20:00,17655.477274088167,2,38
2021-09-29,17663.45,17666.0,17655.55,17655.85,12:25:00,17656.236581317866,2,39
2021-09-29,17645.0,17667.6,17644.2,17664.35,12:30:00,17655.166430716163,2,40
2021-09-29,17651.55,17653.5,17638.15,17644.6,12:35:00,17654.822008743195,2,41
2021-09-29,17644.2,17652.0,17643.2,17652.0,12:40:00,17653.81038886289,2,42
2021-09-29,17646.45,17651.5,17641.6,17644.5,12:45:00,17653.109399447378,2,43
2021-09-29,17657.45,17657.6,17644.55,17646.25,12:50:00,17653.5227899762,2,44
2021-09-29,17663.25,17664.25,17652.05,17656.45,12:55:00,17654.449190930845,2,45
2021-09-29,17663.75,17671.6,17661.05,17663.95,13:00:00,17655.334982270764,2,46
2021-09-29,17683.9,17683.9,17662.7,17663.85,13:05:00,17658.05546014974,2,47
2021-09-29,17698.6,17699.2,17680.5,17684.45,13:10:00,17661.916844897383,2,48
2021-09-29,17697.15,17703.35,17687.75,17701.0,13:15:00,17665.272383478587,2,49
2021-09-29,17708.3,17714.1,17695.85,17697.9,13:20:00,17669.37025171872,2,50
2021-09-29,17719.65,17720.25,17700.0,17708.45,13:25:00,17674.158799174078,2,51
2021-09-29,17710.1,17723.4,17708.3,17719.5,13:30:00,17677.58177068131,2,52
2021-09-29,17709.25,17710.45,17699.05,17709.8,13:35:00,17680.597792521185,2,53
2021-09-29,17703.35,17716.95,17703.05,17708.8,13:40:00,17682.76466942393,2,54
2021-09-29,17711.3,17720.7,17704.1,17704.1,13:45:00,17685.482319954986,2,55
2021-09-29,17689.95,17716.05,17687.65,17711.1,13:50:00,17685.907813292608,2,56
2021-09-29,17714.65,17717.05,17689.55,17689.55,13:55:00,17688.645164407597,2,57
2021-09-29,17711.7,17720.9,17708.2,17715.45,14:00:00,17690.840863035446,2,58
2021-09-29,17711.25,17715.35,17702.95,17711.55,14:05:00,17692.784590365405,2,59
2021-09-29,17736.8,17738.8,17710.75,17710.75,14:10:00,17696.97653414013,2,60
2021-09-29,17754.4,17754.4,17735.9,17736.85,14:15:00,17702.445435650592,2,61
2021-09-29,17749.9,17766.3,17748.2,17754.6,14:20:00,17706.964917969584,2,62
2021-09-29,17758.85,17767.25,17750.75,17751.5,14:25:00,17711.906354353432,2,63
2021-09-29,17764.2,17765.75,17752.15,17759.2,14:30:00,17716.886701557865,2,64
2021-09-29,17764.7,17772.75,17760.35,17764.55,14:35:00,17721.440349028544,2,65
2021-09-29,17770.3,17775.4,17762.15,17764.9,14:40:00,17726.093649121063,2,66
2021-09-29,17761.8,17781.75,17755.5,17770.7,14:45:00,17729.494253966677,2,67
2021-09-29,17764.7,17766.5,17756.0,17762.75,14:50:00,17732.847182160327,2,68
2021-09-29,17726.9,17765.0,17721.45,17764.65,14:55:00,17732.280783859344,2,69
2021-09-29,17717.2,17747.95,17711.6,17728.85,15:00:00,17730.844518729882,2,70
2021-09-29,17716.2,17720.15,17700.25,17717.75,15:05:00,17729.44980266037,2,71
2021-09-29,17701.35,17717.3,17699.9,17716.45,15:10:00,17726.773630978427,2,72
2021-09-29,17694.8,17706.35,17693.45,17702.55,15:15:00,17723.728523266196,2,73
2021-09-29,17713.95,17715.2,17694.45,17694.45,15:20:00,17722.797235336082,2,74
2021-09-29,17709.45,17715.9,17702.8,17713.35,15:25:00,17721.52607006598,2,75
2021-09-30,17689.15,17739.9,17682.75,17727.4,09:15:00,17718.4426348216,3,1
2021-09-30,17694.8,17712.05,17680.5,17689.85,09:20:00,17716.19095531478,3,2
2021-09-30,17663.5,17695.25,17662.6,17695.2,09:25:00,17711.172769094326,3,3
2021-09-30,17680.8,17680.8,17658.45,17663.35,09:30:00,17708.280124418678,3,4
2021-09-30,17698.3,17701.25,17679.25,17680.3,09:35:00,17707.329636378803,3,5
2021-09-30,17710.05,17723.3,17699.1,17699.1,09:40:00,17707.58871862844,3,6
2021-09-30,17716.4,17731.5,17710.1,17710.85,09:45:00,17708.427888282877,3,7
2021-09-30,17697.15,17718.55,17695.25,17716.95,09:50:00,17707.353803684506,3,8
2021-09-30,17710.45,17710.7,17688.95,17697.3,09:55:00,17707.648679524078,3,9
2021-09-30,17703.95,17713.8,17693.45,17711.8,10:00:00,17707.296424331307,3,10
2021-09-30,17703.1,17710.2,17700.3,17703.4,10:05:00,17706.896764871184,3,11
2021-09-30,17703.1,17710.0,17698.05,17703.4,10:10:00,17706.535168216786,3,12
2021-09-30,17684.35,17706.0,17681.95,17702.95,10:15:00,17704.422295053282,3,13
2021-09-30,17676.7,17690.75,17676.3,17685.05,10:20:00,17701.78207647678,3,14
2021-09-30,17691.6,17694.45,17674.85,17675.35,10:25:00,17700.81235490756,3,15
2021-09-30,17696.25,17696.25,17674.15,17691.7,10:30:00,17700.377844916366,3,16
2021-09-30,17696.3,17699.8,17689.85,17695.6,10:35:00,17699.989478733853,3,17
2021-09-30,17693.35,17697.4,17686.7,17696.35,10:40:00,17699.357147425868,3,18
2021-09-30,17698.65,17706.85,17692.05,17692.7,10:45:00,17699.289800051974,3,19
2021-09-30,17693.5,17706.25,17692.5,17698.4,10:50:00,17698.738390523216,3,20
2021-09-30,17695.25,17699.35,17691.7,17692.6,10:55:00,17698.40616285434,3,21
2021-09-30,17697.7,17701.55,17686.5,17695.35,11:00:00,17698.338909249163,3,22
2021-09-30,17686.2,17701.7,17684.6,17697.75,11:05:00,17697.182822654006,3,23
2021-09-30,17690.45,17694.3,17685.0,17685.8,11:10:00,17696.541601448862,3,24
2021-09-30,17692.5,17697.0,17687.55,17690.55,11:15:00,17696.156687025163,3,25
2021-09-30,17708.35,17713.85,17692.15,17692.15,11:20:00,17697.31795492753,3,26
2021-09-30,17715.35,17718.8,17705.6,17706.75,11:25:00,17699.03529255348,3,27
2021-09-30,17716.8,17725.0,17713.8,17715.6,11:30:00,17700.72716945315,3,28
2021-09-30,17723.4,17724.0,17705.75,17716.2,11:35:00,17702.886486648087,3,29
2021-09-30,17725.95,17733.15,17722.25,17723.3,11:40:00,17705.08301172922,3,30
2021-09-30,17719.5,17732.4,17718.65,17725.35,11:45:00,17706.4560582312,3,31
2021-09-30,17724.05,17725.0,17716.25,17718.6,11:50:00,17708.13167173299,3,32
2021-09-30,17723.2,17727.15,17719.2,17722.9,11:55:00,17709.566750615562,3,33
2021-09-30,17734.05,17742.15,17724.35,17724.35,12:00:00,17711.898488652176,3,34
2021-09-30,17731.4,17738.0,17730.75,17734.4,12:05:00,17713.755775447207,3,35
2021-09-30,17729.8,17732.45,17725.85,17731.25,12:10:00,17715.283796833188,3,36
2021-09-30,17720.05,17730.4,17709.7,17730.0,12:15:00,17715.73772094431,3,37
2021-09-30,17719.35,17724.85,17718.2,17720.9,12:20:00,17716.081747521042,3,38
2021-09-30,17713.8,17726.5,17713.65,17719.7,12:25:00,17715.864438233326,3,39
2021-09-30,17672.05,17716.3,17665.4,17714.95,12:30:00,17711.691634592058,3,40
2021-09-30,17666.85,17671.95,17653.95,17671.95,12:35:00,17707.421002726147,3,41
2021-09-30,17653.65,17667.6,17630.65,17667.0,12:40:00,17702.299954847465,3,42
2021-09-30,17655.9,17663.1,17642.25,17652.5,12:45:00,17697.88091152866,3,43
2021-09-30,17674.4,17678.6,17656.25,17656.8,12:50:00,17695.644634240216,3,44
2021-09-30,17678.2,17682.95,17668.25,17674.7,12:55:00,17693.983240503054,3,45
2021-09-30,17681.5,17687.8,17671.05,17679.2,13:00:00,17692.794360455144,3,46
2021-09-30,17658.05,17683.5,17657.75,17682.8,13:05:00,17689.48537374513,3,47
2021-09-30,17652.85,17668.65,17652.75,17658.2,13:10:00,17685.996290531308,3,48
2021-09-30,17622.15,17654.8,17619.65,17652.75,13:15:00,17679.91569143309,3,49
2021-09-30,17632.1,17636.95,17604.65,17621.5,13:20:00,17675.361816058507,3,50
2021-09-30,17640.85,17642.15,17613.9,17631.8,13:25:00,17672.074976433887,3,51
2021-09-30,17629.25,17648.8,17628.7,17641.25,13:30:00,17667.996407249706,3,52
2021-09-30,17619.7,17634.2,17619.55,17628.75,13:35:00,17663.3967494164,3,53
2021-09-30,17621.45,17627.25,17614.25,17620.2,13:40:00,17659.40182090055,3,54
2021-09-30,17638.3,17642.8,17620.35,17622.2,13:45:00,17657.39212367193,3,55
2021-09-30,17661.9,17670.85,17634.2,17638.9,13:50:00,17657.821445226982,3,56
2021-09-30,17671.9,17675.65,17658.5,17661.7,13:55:00,17659.16225996727,3,57
2021-09-30,17651.2,17672.8,17650.2,17672.8,14:00:00,17658.403949494197,3,58
2021-09-30,17642.0,17660.9,17635.5,17651.9,14:05:00,17656.841668589987,3,59
2021-09-30,17636.0,17643.8,17630.45,17642.05,14:10:00,17654.856747771893,3,60
2021-09-30,17644.85,17646.8,17625.45,17636.35,14:15:00,17653.90372417457,3,61
2021-09-30,17622.85,17655.8,17621.85,17644.4,14:20:00,17650.946226634132,3,62
2021-09-30,17598.85,17628.7,17590.95,17623.55,14:25:00,17645.984681240407,3,63
2021-09-30,17605.55,17618.5,17593.15,17600.6,14:30:00,17642.13375921751,3,64
2021-09-30,17621.1,17622.55,17606.55,17607.1,14:35:00,17640.13054405394,3,65
2021-09-30,17637.15,17638.75,17619.65,17621.4,14:40:00,17639.84668271547,3,66
2021-09-30,17630.5,17644.6,17628.05,17637.85,14:45:00,17638.956522456854,3,67
2021-09-30,17642.9,17647.85,17629.85,17631.05,14:50:00,17639.332091746677,3,68
2021-09-30,17636.85,17645.65,17634.55,17645.65,14:55:00,17639.09570205652,3,69
2021-09-30,17626.3,17638.95,17616.25,17638.55,15:00:00,17637.87706376542,3,70
2021-09-30,17634.65,17636.75,17621.8,17627.0,15:05:00,17637.56972435919,3,71
2021-09-30,17629.3,17636.75,17624.25,17634.7,15:10:00,17636.782131563075,3,72
2021-09-30,17607.2,17632.45,17606.75,17629.05,15:15:00,17633.964785699925,3,73
2021-09-30,17586.15,17608.5,17585.35,17607.95,15:20:00,17629.410996585648,3,74
2021-09-30,17606.35,17608.65,17586.4,17586.65,15:25:00,17627.21471119654,3,75
2021-10-01,17487.6,17536.5,17478.35,17536.5,09:15:00,17613.91807203496,4,1
2021-10-01,17502.55,17502.55,17459.25,17485.55,09:20:00,17603.311588984012,4,2
2021-10-01,17507.6,17512.4,17487.5,17501.75,09:25:00,17594.196199556965,4,3
2021-10-01,17526.25,17529.05,17497.35,17508.05,09:30:00,17587.725132932494,4,4
2021-10-01,17515.25,17525.05,17500.95,17525.05,09:35:00,17580.822739319876,4,5
2021-10-01,17517.85,17528.55,17510.35,17514.0,09:40:00,17574.825335575126,4,6
2021-10-01,17493.85,17518.3,17490.85,17518.3,09:45:00,17567.113398853686,4,7
2021-10-01,17459.35,17492.75,17452.9,17492.75,09:50:00,17556.850218010477,4,8
2021-10-01,17483.3,17489.8,17460.0,17460.0,09:55:00,17549.845435342813,4,9
2021-10-01,17491.05,17493.85,17476.25,17485.9,10:00:00,17544.24587007207,4,10
2021-10-01,17491.85,17502.6,17486.75,17490.65,10:05:00,17539.255787208065,4,11
2021-10-01,17486.15,17498.35,17477.7,17491.55,10:10:00,17534.19809318825,4,12
2021-10-01,17510.35,17514.35,17485.1,17485.4,10:15:00,17531.926846217943,4,13
2021-10-01,17527.0,17532.75,17504.75,17510.05,10:20:00,17531.457622768616,4,14
2021-10-01,17523.85,17529.85,17510.5,17529.2,10:25:00,17530.733087266843,4,15
2021-10-01,17510.15,17524.0,17508.0,17523.0,10:30:00,17528.77279324143,4,16
2021-10-01,17516.8,17522.05,17496.0,17509.9,10:35:00,17527.632527218437,4,17
2021-10-01,17518.4,17524.05,17510.7,17516.9,10:40:00,17526.75323891192,4,18
2021-10-01,17544.0,17545.4,17514.8,17517.9,10:45:00,17528.395787586975,4,19
2021-10-01,17539.2,17545.7,17531.4,17543.9,10:50:00,17529.42476019774,4,20
2021-10-01,17544.75,17547.6,17534.75,17539.7,10:55:00,17530.884306845575,4,21
2021-10-01,17537.7,17551.95,17531.8,17546.2,11:00:00,17531.533420479333,4,22
2021-10-01,17519.6,17540.8,17518.8,17538.6,11:05:00,17530.396904243207,4,23
2021-10-01,17528.45,17529.0,17513.0,17519.95,11:10:00,17530.21148479147,4,24
2021-10-01,17522.65,17528.9,17519.6,17528.9,11:15:00,17529.49134338276,4,25
2021-10-01,17519.95,17533.55,17517.5,17523.0,11:20:00,17528.582644012975,4,26
2021-10-01,17509.9,17523.0,17500.95,17520.5,11:25:00,17526.803344583168,4,27
2021-10-01,17514.05,17526.0,17508.95,17510.55,11:30:00,17525.588740337153,4,28
2021-10-01,17518.65,17521.55,17500.2,17514.6,11:35:00,17524.92790792409,4,29
2021-10-01,17508.25,17519.3,17507.8,17518.35,11:40:00,17523.339535740844,4,30
2021-10-01,17491.0,17508.2,17487.25,17506.45,11:45:00,17520.259579956004,4,31
2021-10-01,17478.95,17489.95,17474.1,17489.95,11:50:00,17516.32533424591,4,32
2021-10-01,17480.85,17491.55,17478.5,17478.8,11:55:00,17512.946730984393,4,33
2021-10-01,17468.1,17483.45,17462.2,17480.75,12:00:00,17508.675613747782,4,34
2021-10-01,17481.0,17481.75,17457.4,17468.25,12:05:00,17506.039841009897,4,35
2021-10-01,17475.3,17484.8,17474.6,17480.5,12:10:00,17503.112237104193,4,36
2021-10-01,17485.35,17487.7,17464.45,17475.4,12:15:00,17501.42059547522,4,37
2021-10-01,17478.15,17495.1,17477.95,17483.85,12:20:00,17499.204348287105,4,38
2021-10-01,17484.0,17487.55,17468.85,17478.6,12:25:00,17497.756315116905,4,39
2021-10-01,17477.3,17490.3,17474.7,17484.6,12:30:00,17495.80809462958,4,40
2021-10-01,17468.95,17479.45,17465.9,17477.5,12:35:00,17493.250180855335,4,41
2021-10-01,17472.0,17473.1,17460.1,17468.75,12:40:00,17491.22635410721,4,42
2021-10-01,17474.7,17477.2,17465.45,17472.15,12:45:00,17489.65241562081,4,43
2021-10-01,17482.35,17484.65,17471.1,17475.0,12:50:00,17488.956947466446,4,44
2021-10-01,17497.95,17500.25,17482.7,17482.7,12:55:00,17489.813428660116,4,45
2021-10-01,17493.45,17506.55,17489.0,17497.75,13:00:00,17490.159768787726,4,46
2021-10-01,17505.0,17505.0,17492.3,17494.5,13:05:00,17491.573124141276,4,47
2021-10-01,17503.7,17520.75,17503.7,17505.2,13:10:00,17492.72806469925,4,48
2021-10-01,17499.0,17504.5,17488.85,17503.55,13:15:00,17493.325391870752,4,49
2021-10-01,17501.8,17508.9,17498.95,17498.95,13:20:00,17494.13249740687,4,50
2021-10-01,17505.8,17514.05,17502.15,17502.15,13:25:00,17495.243688130024,4,51
2021-10-01,17515.4,17515.7,17501.9,17505.6,13:30:00,17497.163336879545,4,52
2021-10-01,17491.8,17514.0,17490.85,17513.5,13:35:00,17496.652542891017,4,53
2021-10-01,17489.5,17497.25,17482.3,17492.0,13:40:00,17495.971348329967,4,54
2021-10-01,17501.75,17501.75,17488.75,17489.85,13:45:00,17496.521696108066,4,55
2021-10-01,17491.1,17503.1,17486.2,17501.85,13:50:00,17496.005344097775,4,56
2021-10-01,17498.65,17498.65,17484.55,17491.05,13:55:00,17496.257216088463,4,57
2021-10-01,17503.45,17507.9,17492.2,17498.3,14:00:00,17496.942243127654,4,58
2021-10-01,17514.75,17514.75,17503.95,17504.5,14:05:00,17498.63821997264,4,59
2021-10-01,17525.25,17526.15,17514.3,17515.15,14:10:00,17501.17267521334,4,60
2021-10-01,17523.85,17530.5,17515.5,17526.75,14:15:00,17503.332420431117,4,61
2021-10-01,17513.95,17525.1,17510.05,17523.15,14:20:00,17504.343618485298,4,62
2021-10-01,17519.15,17519.2,17506.95,17513.9,14:25:00,17505.753750058127,4,63
2021-10-01,17517.0,17536.25,17516.7,17519.95,14:30:00,17506.824821481165,4,64
2021-10-01,17516.1,17521.1,17513.55,17519.7,14:35:00,17507.70817181629,4,65
2021-10-01,17515.8,17526.0,17510.25,17516.5,14:40:00,17508.4788221195,4,66
2021-10-01,17508.65,17521.4,17508.4,17515.85,14:45:00,17508.49512477479,4,67
2021-10-01,17515.4,17516.95,17505.65,17508.5,14:50:00,17509.152731939095,4,68
2021-10-01,17523.95,17527.3,17514.4,17515.2,14:55:00,17510.561995563945,4,69
2021-10-01,17553.95,17555.6,17524.75,17524.75,15:00:00,17514.694186462617,4,70
2021-10-01,17547.95,17557.15,17542.3,17553.8,15:05:00,17517.86140679951,4,71
2021-10-01,17530.45,17549.0,17527.0,17546.7,15:10:00,17519.060320437653,4,72
2021-10-01,17519.05,17533.2,17517.1,17529.45,15:15:00,17519.059337538827,4,73
2021-10-01,17522.9,17527.9,17516.25,17517.95,15:20:00,17519.42511491608,4,74
2021-10-01,17528.05,17529.6,17519.35,17523.0,15:25:00,17520.246532543122,4,75
2021-10-04,17630.2,17636.75,17581.35,17616.25,09:15:00,17530.718291348538,0,1
2021-10-04,17626.85,17643.1,17622.7,17629.95,09:20:00,17539.873692172485,0,2
2021-10-04,17619.95,17632.65,17616.1,17626.7,09:25:00,17547.50000720368,0,3
2021-10-04,17637.0,17641.7,17614.4,17620.05,09:30:00,17556.023816041423,0,4
2021-10-04,17653.1,17655.85,17633.2,17638.65,09:35:00,17565.26916689462,0,5
2021-10-04,17652.5,17658.55,17645.35,17652.7,09:40:00,17573.57686528561,0,6
2021-10-04,17671.55,17679.45,17651.45,17652.6,09:45:00,17582.907640020312,0,7
2021-10-04,17681.45,17684.8,17671.05,17671.8,09:50:00,17592.292626685045,0,8
2021-10-04,17705.1,17709.65,17682.05,17682.05,09:55:00,17603.03618604837,0,9
2021-10-04,17696.2,17714.35,17693.3,17705.85,10:00:00,17611.90893023424,0,10
2021-10-04,17713.9,17719.6,17695.7,17695.7,10:05:00,17621.622365450028,0,11
2021-10-04,17712.4,17719.65,17705.0,17714.15,10:10:00,17630.26785445479,0,12
2021-10-04,17712.95,17722.25,17712.5,17712.8,10:15:00,17638.142344506712,0,13
2021-10-04,17724.95,17730.75,17706.15,17711.8,10:20:00,17646.409740267976,0,14
2021-10-04,17724.0,17728.8,17721.9,17724.75,10:25:00,17653.799288813883,0,15
2021-10-04,17724.45,17734.65,17722.05,17724.2,10:30:00,17660.527927974465,0,16
2021-10-04,17726.8,17727.15,17711.45,17725.1,10:35:00,17666.83955388166,0,17
2021-10-04,17736.4,17739.5,17727.3,17727.3,10:40:00,17673.464358273883,0,18
2021-10-04,17741.9,17747.85,17735.2,17736.8,10:45:00,17679.982038438273,0,19
2021-10-04,17740.7,17746.9,17733.0,17741.6,10:50:00,17685.76470144415,0,20
2021-10-04,17746.8,17750.9,17738.75,17740.25,10:55:00,17691.577587020896,0,21
2021-10-04,17733.2,17748.35,17731.95,17747.7,11:00:00,17695.541626352242,0,22
2021-10-04,17734.9,17738.35,17726.75,17733.45,11:05:00,17699.290042890123,0,23
2021-10-04,17727.0,17735.4,17721.5,17734.75,11:10:00,17701.929086424396,0,24
2021-10-04,17718.8,17728.85,17716.85,17726.65,11:15:00,17703.535840098262,0,25
2021-10-04,17720.1,17732.15,17719.05,17719.05,11:20:00,17705.11337913652,0,26
2021-10-04,17713.4,17722.3,17713.25,17719.55,11:25:00,17705.90258112352,0,27
2021-10-04,17705.0,17715.4,17703.3,17714.65,11:30:00,17705.81662101652,0,28
2021-10-04,17701.15,17708.1,17700.55,17704.05,11:35:00,17705.37218091971,0,29
2021-10-04,17692.45,17702.2,17692.05,17701.45,11:40:00,17704.141497022596,0,30
2021-10-04,17692.45,17692.45,17682.8,17691.95,11:45:00,17703.028021115682,0,31
2021-10-04,17703.45,17705.8,17691.25,17692.75,11:50:00,17703.068209580855,0,32
2021-10-04,17700.7,17711.7,17700.4,17703.0,11:55:00,17702.84266581125,0,33
2021-10-04,17704.3,17708.75,17699.75,17701.7,12:00:00,17702.981459543513,0,34
2021-10-04,17694.5,17707.2,17694.5,17704.6,12:05:00,17702.17370149175,0,35
2021-10-04,17694.4,17696.85,17686.55,17693.8,12:10:00,17701.433348968727,0,36
2021-10-04,17676.65,17695.4,17673.8,17694.2,12:15:00,17699.073030019325,0,37
2021-10-04,17658.75,17680.15,17658.75,17678.1,12:20:00,17695.232741446056,0,38
2021-10-04,17659.6,17666.7,17655.3,17659.1,12:25:00,17691.83914702262,0,39
2021-10-04,17661.3,17661.3,17647.8,17659.1,12:30:00,17688.93065682999,0,40
2021-10-04,17674.4,17676.5,17660.5,17661.8,12:35:00,17687.546784750946,0,41
2021-10-04,17680.45,17682.35,17674.0,17674.3,12:40:00,17686.87090048895,0,42
2021-10-04,17673.9,17681.65,17670.65,17681.65,12:45:00,17685.63557663286,0,43
2021-10-04,17668.85,17679.95,17667.35,17675.0,12:50:00,17684.03695028687,0,44
2021-10-04,17671.5,17673.05,17665.25,17669.85,12:55:00,17682.842955021457,0,45
2021-10-04,17664.75,17672.4,17659.35,17671.45,13:00:00,17681.119816447983,0,46
2021-10-04,17671.8,17676.25,17664.4,17666.0,13:05:00,17680.232214881507,0,47
2021-10-04,17676.55,17677.35,17667.7,17671.65,13:10:00,17679.881527749934,0,48
2021-10-04,17682.75,17691.55,17675.25,17677.5,13:15:00,17680.154715583274,0,49
2021-10-04,17689.8,17691.9,17681.4,17683.35,13:20:00,17681.07331409915,0,50
2021-10-04,17695.15,17696.55,17685.75,17689.9,13:25:00,17682.413950851613,0,51
2021-10-04,17698.95,17703.0,17696.9,17697.1,13:30:00,17683.988812675267,0,52
2021-10-04,17705.6,17711.05,17698.75,17698.75,13:35:00,17686.047020991908,0,53
2021-10-04,17706.2,17716.25,17702.9,17705.75,13:40:00,17687.966352326013,0,54
2021-10-04,17707.6,17711.2,17699.45,17706.35,13:45:00,17689.83622353306,0,55
2021-10-04,17711.25,17711.35,17701.1,17707.95,13:50:00,17691.875630815626,0,56
2021-10-04,17712.25,17715.7,17707.45,17711.45,13:55:00,17693.816046928423,0,57
2021-10-04,17704.25,17716.35,17702.25,17714.5,14:00:00,17694.809756744762,0,58
2021-10-04,17700.1,17708.9,17685.7,17704.8,14:05:00,17695.313589435737,0,59
2021-10-04,17699.45,17704.6,17696.4,17700.5,14:10:00,17695.707533299,0,60
2021-10-04,17695.95,17700.85,17693.5,17699.7,14:15:00,17695.730625365763,0,61
2021-10-04,17696.3,17697.75,17687.25,17695.7,14:20:00,17695.784851521403,0,62
2021-10-04,17698.4,17704.5,17696.35,17696.35,14:25:00,17696.03391328127,0,63
2021-10-04,17683.15,17708.55,17683.15,17698.35,14:30:00,17694.80687392115,0,64
2021-10-04,17680.85,17687.7,17679.8,17682.65,14:35:00,17693.47764783342,0,65
2021-10-04,17695.2,17696.65,17679.7,17681.5,14:40:00,17693.641681373098,0,66
2021-10-04,17698.3,17701.3,17690.6,17695.9,14:45:00,17694.085330766135,0,67
2021-10-04,17693.35,17700.4,17689.65,17698.25,14:50:00,17694.015299264596,0,68
2021-10-04,17695.65,17697.25,17689.25,17693.3,14:55:00,17694.17098504892,0,69
2021-10-04,17693.95,17703.65,17681.2,17696.3,15:00:00,17694.149938853785,0,70
2021-10-04,17689.95,17694.4,17688.2,17694.2,15:05:00,17693.749944677234,0,71
2021-10-04,17697.85,17700.15,17688.8,17688.85,15:10:00,17694.140426136546,0,72
2021-10-04,17688.9,17697.85,17686.1,17697.55,15:15:00,17693.641337933066,0,73
2021-10-04,17695.5,17695.6,17684.6,17690.1,15:20:00,17693.818353368013,0,74
2021-10-04,17699.85,17701.1,17689.85,17695.35,15:25:00,17694.392795904394,0,75
2021-10-05,17681.4,17682.85,17640.9,17665.1,09:15:00,17693.155386770643,1,1
2021-10-05,17691.0,17696.75,17667.6,17680.7,09:20:00,17692.950111840106,1,2
2021-10-05,17682.45,17695.4,17679.75,17690.05,09:25:00,17691.950101188668,1,3
2021-10-05,17665.95,17682.7,17658.45,17682.4,09:30:00,17689.47390107546,1,4
2021-10-05,17685.95,17691.2,17662.85,17665.0,09:35:00,17689.138291449228,1,5
2021-10-05,17681.65,17695.8,17679.9,17686.7,09:40:00,17688.425120835014,1,6
2021-10-05,17674.95,17684.3,17672.8,17681.1,09:45:00,17687.141775993583,1,7
2021-10-05,17673.1,17675.7,17664.95,17674.85,09:50:00,17685.804463994195,1,8
2021-10-05,17660.05,17676.7,17659.4,17673.35,09:55:00,17683.35165789951,1,9
2021-10-05,17664.25,17665.35,17651.6,17660.35,10:00:00,17681.532452385272,1,10
2021-10-05,17667.35,17671.15,17658.95,17663.05,10:05:00,17680.181742634293,1,11
2021-10-05,17683.55,17683.55,17666.55,17667.6,10:10:00,17680.502529050074,1,12
2021-10-05,17702.85,17709.0,17681.75,17682.65,10:15:00,17682.630859616733,1,13
2021-10-05,17696.75,17706.05,17693.65,17702.15,10:20:00,17683.975539653235,1,14
2021-10-05,17698.2,17700.2,17688.9,17697.55,10:25:00,17685.33025016245,1,15
2021-10-05,17691.7,17700.0,17691.5,17698.15,10:30:00,17685.93689300412,1,16
2021-10-05,17697.35,17700.05,17682.85,17691.65,10:35:00,17687.023855575157,1,17
2021-10-05,17690.95,17697.4,17686.65,17696.95,10:40:00,17687.39777409181,1,18
2021-10-05,17693.4,17694.35,17687.55,17691.4,10:45:00,17687.969414654493,1,19
2021-10-05,17686.55,17695.9,17686.45,17693.25,10:50:00,17687.834232306446,1,20
2021-10-05,17689.1,17691.5,17679.75,17686.3,10:55:00,17687.954781610595,1,21
2021-10-05,17686.5,17690.8,17681.25,17689.85,11:00:00,17687.816230981014,1,22
2021-10-05,17685.7,17688.8,17679.95,17686.9,11:05:00,17687.6146851733,1,23
2021-10-05,17686.25,17687.4,17680.3,17686.0,11:10:00,17687.484715156796,1,24
2021-10-05,17691.85,17693.15,17685.4,17686.4,11:15:00,17687.900456570434,1,25
2021-10-05,17692.8,17696.45,17692.5,17692.75,11:20:00,17688.367079754204,1,26
2021-10-05,17698.65,17698.95,17690.7,17692.6,11:25:00,17689.3464054919,1,27
2021-10-05,17704.45,17704.65,17695.55,17699.05,11:30:00,17690.7848430641,1,28
2021-10-05,17692.45,17705.8,17690.6,17705.05,11:35:00,17690.943429438947,1,29
2021-10-05,17689.0,17696.1,17686.8,17693.25,11:40:00,17690.75834092095,1,30
2021-10-05,17687.0,17694.25,17680.35,17689.9,11:45:00,17690.400403690383,1,31
2021-10-05,17682.9,17690.0,17681.75,17687.8,11:50:00,17689.686079529394,1,32
2021-10-05,17683.85,17684.5,17675.45,17683.2,11:55:00,17689.130262431358,1,33
2021-10-05,17688.95,17691.7,17684.35,17685.55,12:00:00,17689.113094580753,1,34
2021-10-05,17693.35,17694.25,17688.7,17689.75,12:05:00,17689.516609382586,1,35
2021-10-05,17695.2,17697.25,17690.5,17693.6,12:10:00,17690.05788467948,1,36
2021-10-05,17699.6,17703.25,17694.75,17696.0,12:15:00,17690.96665756715,1,37
2021-10-05,17694.15,17700.9,17691.3,17700.9,12:20:00,17691.269833036946,1,38
2021-10-05,17694.45,17697.15,17688.25,17695.6,12:25:00,17691.572706081046,1,39
2021-10-05,17694.0,17698.15,17692.0,17696.2,12:30:00,17691.80387693047,1,40
2021-10-05,17697.75,17697.9,17690.75,17694.55,12:35:00,17692.370174365664,1,41
2021-10-05,17731.4,17733.9,17697.15,17698.25,12:40:00,17696.087300616553,1,42
2021-10-05,17734.85,17744.75,17729.2,17732.15,12:45:00,17699.77898627212,1,43
2021-10-05,17748.75,17752.15,17735.7,17736.35,12:50:00,17704.44289234144,1,44
2021-10-05,17758.65,17762.45,17747.9,17750.5,12:55:00,17709.60547402321,1,45
2021-10-05,17747.45,17769.2,17745.3,17759.6,13:00:00,17713.209714592427,1,46
2021-10-05,17749.7,17750.95,17739.0,17747.8,13:05:00,17716.68497986934,1,47
2021-10-05,17756.35,17756.5,17746.4,17750.65,13:10:00,17720.462600834166,1,48
2021-10-05,17756.65,17757.2,17749.6,17757.2,13:15:00,17723.90901980234,1,49
2021-10-05,17754.95,17757.8,17751.55,17757.1,13:20:00,17726.86530363069,1,50
2021-10-05,17757.95,17758.15,17747.0,17754.65,13:25:00,17729.825750903958,1,51
2021-10-05,17769.1,17775.3,17759.05,17760.15,13:30:00,17733.56615557977,1,52
2021-10-05,17764.55,17770.15,17760.25,17770.1,13:35:00,17736.516997905506,1,53
2021-10-05,17771.45,17773.45,17759.75,17765.4,13:40:00,17739.843950485934,1,54
2021-10-05,17767.8,17773.85,17767.8,17772.2,13:45:00,17742.506431392037,1,55
2021-10-05,17760.65,17769.9,17753.4,17769.15,13:50:00,17744.23439030708,1,56
2021-10-05,17757.7,17765.2,17753.7,17761.75,13:55:00,17745.516829325454,1,57
2021-10-05,17774.6,17776.2,17758.2,17758.95,14:00:00,17748.28665510398,1,58
2021-10-05,17782.45,17784.4,17771.15,17775.95,14:05:00,17751.54030699884,1,59
2021-10-05,17793.6,17795.35,17778.8,17782.2,14:10:00,17755.54599204657,1,60
2021-10-05,17777.25,17798.55,17777.25,17795.4,14:15:00,17757.613040423086,1,61
2021-10-05,17792.0,17794.5,17776.7,17778.05,14:20:00,17760.88798895422,1,62
2021-10-05,17792.85,17795.2,17783.3,17792.6,14:25:00,17763.931990006196,1,63
2021-10-05,17805.3,17807.2,17792.75,17792.75,14:30:00,17767.871800481797,1,64
2021-10-05,17815.85,17818.1,17801.45,17806.05,14:35:00,17772.441152816864,1,65
2021-10-05,17826.2,17827.9,17814.05,17816.0,14:40:00,17777.56104302478,1,66
2021-10-05,17820.0,17827.05,17816.9,17825.6,14:45:00,17781.60284845099,1,67
2021-10-05,17822.45,17830.4,17819.85,17821.5,14:50:00,17785.49305336042,1,68
2021-10-05,17822.95,17824.05,17814.3,17823.1,14:55:00,17789.06038161181,1,69
2021-10-05,17821.2,17828.7,17811.55,17821.65,15:00:00,17792.12129764878,1,70
2021-10-05,17826.6,17828.3,17808.5,17822.7,15:05:00,17795.404983586992,1,71
2021-10-05,17827.6,17833.45,17821.35,17826.25,15:10:00,17798.471175626324,1,72
2021-10-05,17823.7,17828.9,17819.8,17828.65,15:15:00,17800.87392080477,1,73
2021-10-05,17818.2,17827.15,17817.5,17823.0,15:20:00,17802.52402358527,1,74
2021-10-05,17828.3,17831.85,17817.8,17818.95,15:25:00,17804.97887848191,1,75
2021-10-06,17870.75,17879.35,17839.8,17867.4,09:15:00,17816.91014769154,2,1
2021-10-06,17871.0,17876.0,17859.75,17870.8,09:20:00,17822.06156219711,2,2
2021-10-06,17868.7,17884.6,17864.6,17869.6,09:25:00,17826.503318178336,2,3
2021-10-06,17862.9,17877.85,17862.9,17869.4,09:30:00,17829.969668828016,2,4
2021-10-06,17850.25,17866.85,17850.25,17861.7,09:35:00,17831.901128939633,2,5
2021-10-06,17846.7,17858.2,17843.85,17850.5,09:40:00,17833.310545231096,2,6
2021-10-06,17839.5,17848.65,17834.65,17846.1,09:45:00,17833.900017113847,2,7
2021-10-06,17854.65,17857.2,17833.8,17839.05,09:50:00,17835.876205960147,2,8
2021-10-06,17863.7,17868.95,17851.75,17854.7,09:55:00,17838.5260911068,2,9
2021-10-06,17861.7,17865.5,17853.25,17862.6,10:00:00,17840.733130049008,2,10
2021-10-06,17844.65,17861.95,17844.65,17861.95,10:05:00,17841.106165282436,2,11
2021-10-06,17831.95,17849.75,17828.9,17844.3,10:10:00,17840.23414954125,2,12
2021-10-06,17794.5,17832.15,17788.1,17832.0,10:15:00,17835.878516251607,2,13
2021-10-06,17805.1,17805.5,17777.65,17795.15,10:20:00,17832.94722898955,2,14
2021-10-06,17817.05,17819.3,17802.85,17805.75,10:25:00,17831.43320718102,2,15
2021-10-06,17817.35,17821.55,17806.0,17818.1,10:30:00,17830.091949354257,2,16
2021-10-06,17823.7,17824.5,17800.35,17814.95,10:35:00,17829.4831922729,2,17
2021-10-06,17837.9,17837.9,17822.0,17822.0,10:40:00,17830.284793008814,2,18
2021-10-06,17833.05,17842.55,17827.05,17837.25,10:45:00,17830.548146055593,2,19
2021-10-06,17816.3,17835.15,17812.3,17833.95,10:50:00,17829.191179764584,2,20
2021-10-06,17827.95,17833.5,17814.3,17816.2,10:55:00,17829.072972167956,2,21
2021-10-06,17825.0,17834.05,17820.4,17828.75,11:00:00,17828.685070056723,2,22
2021-10-06,17817.2,17826.2,17814.65,17824.9,11:05:00,17827.591253860846,2,23
2021-10-06,17825.1,17825.3,17810.35,17817.1,11:10:00,17827.353991588385,2,24
2021-10-06,17835.25,17835.25,17824.9,17825.45,11:15:00,17828.10599238949,2,25
2021-10-06,17836.35,17840.35,17830.9,17835.45,11:20:00,17828.891135971444,2,26
2021-10-06,17846.25,17847.4,17836.1,17836.1,11:25:00,17830.544361117023,2,27
2021-10-06,17835.25,17847.6,17829.95,17846.2,11:30:00,17830.992517201117,2,28
2021-10-06,17836.35,17840.55,17831.55,17835.65,11:35:00,17831.502753658155,2,29
2021-10-06,17836.55,17845.25,17836.0,17836.1,11:40:00,17831.98344378595,2,30
2021-10-06,17841.85,17846.95,17836.1,17836.7,11:45:00,17832.923115806334,2,31
2021-10-06,17849.45,17853.85,17840.55,17841.55,11:50:00,17834.497104777158,2,32
2021-10-06,17851.25,17855.85,17846.75,17850.45,11:55:00,17836.092618607905,2,33
2021-10-06,17843.3,17852.3,17839.35,17852.3,12:00:00,17836.77903588334,2,34
2021-10-06,17864.95,17867.55,17842.9,17844.75,12:05:00,17839.461984846832,2,35
2021-10-06,17863.9,17868.65,17860.55,17865.55,12:10:00,17841.789414861418,2,36
2021-10-06,17861.45,17864.3,17853.0,17864.3,12:15:00,17843.66185154128,2,37
2021-10-06,17873.45,17876.4,17861.5,17862.55,12:20:00,17846.498818061158,2,38
2021-10-06,17871.9,17878.25,17868.9,17874.15,12:25:00,17848.91797824581,2,39
2021-10-06,17858.8,17874.15,17858.2,17873.7,12:30:00,17849.859123174778,2,40
2021-10-06,17832.85,17859.25,17828.4,17859.25,12:35:00,17848.23920668194,2,41
2021-10-06,17844.2,17848.5,17831.45,17833.7,12:40:00,17847.85452033128,2,42
2021-10-06,17822.8,17845.95,17820.3,17845.15,12:45:00,17845.468375537825,2,43
2021-10-06,17822.85,17827.7,17814.1,17823.25,12:50:00,17843.314244534224,2,44
2021-10-06,17831.75,17839.75,17822.4,17823.45,12:55:00,17842.21288791192,2,45
2021-10-06,17804.85,17833.7,17803.4,17833.7,13:00:00,17838.654517634594,2,46
2021-10-06,17784.6,17815.25,17784.05,17805.65,13:05:00,17833.50646833606,2,47
2021-10-06,17775.3,17793.4,17773.15,17786.4,13:10:00,17827.9629951612,2,48
2021-10-06,17724.2,17775.0,17722.2,17775.0,13:15:00,17818.080805145848,2,49
2021-10-06,17759.25,17764.05,17715.35,17723.1,13:20:00,17812.477871322433,2,50
2021-10-06,17783.4,17783.95,17757.65,17758.15,13:25:00,17809.708550244108,2,51
2021-10-06,17748.5,17787.3,17744.3,17784.55,13:30:00,17803.879164506572,2,52
2021-10-06,17724.5,17754.4,17724.5,17748.95,13:35:00,17796.319244077375,2,53
2021-10-06,17750.5,17752.5,17721.15,17725.25,13:40:00,17791.955506546197,2,54
2021-10-06,17751.8,17754.4,17738.95,17750.9,13:45:00,17788.131172589416,2,55
2021-10-06,17752.9,17757.3,17742.15,17751.85,13:50:00,17784.775822818996,2,56
2021-10-06,17758.15,17761.75,17743.55,17752.85,13:55:00,17782.240030169567,2,57
2021-10-06,17780.05,17780.65,17756.55,17758.4,14:00:00,17782.031455867702,2,58
2021-10-06,17770.15,17785.65,17768.9,17781.05,14:05:00,17780.89988864221,2,59
2021-10-06,17761.25,17770.6,17755.0,17770.6,14:10:00,17779.028470676283,2,60
2021-10-06,17708.85,17765.05,17708.45,17762.7,14:15:00,17772.34480680235,2,61
2021-10-06,17707.75,17717.55,17693.0,17709.5,14:20:00,17766.192920440222,2,62
2021-10-06,17711.05,17721.05,17697.95,17707.55,14:25:00,17760.941213731632,2,63
2021-10-06,17681.65,17712.15,17680.6,17709.15,14:30:00,17753.389669566714,2,64
2021-10-06,17684.4,17689.0,17668.7,17682.35,14:35:00,17746.819224846073,2,65
2021-10-06,17673.6,17691.1,17670.05,17683.8,14:40:00,17739.845965336925,2,66
2021-10-06,17650.8,17673.9,17644.7,17673.9,14:45:00,17731.3653972096,2,67
2021-10-06,17652.05,17662.2,17646.3,17651.65,14:50:00,17723.811549856306,2,68
2021-10-06,17648.1,17652.4,17636.35,17650.45,14:55:00,17716.600926060466,2,69
2021-10-06,17691.95,17692.0,17649.25,17650.2,15:00:00,17714.25321881661,2,70
2021-10-06,17671.05,17694.1,17664.45,17693.3,15:05:00,17710.138626548363,2,71
2021-10-06,17651.9,17673.8,17650.55,17670.3,15:10:00,17704.592090686616,2,72
2021-10-06,17636.05,17657.7,17635.4,17653.05,15:15:00,17698.064272525986,2,73
2021-10-06,17625.3,17637.2,17619.55,17634.8,15:20:00,17691.134341809226,2,74
2021-10-06,17628.8,17628.8,17613.15,17625.5,15:25:00,17685.197737827395,2,75
2021-10-07,17790.95,17814.45,17771.2,17814.45,09:15:00,17695.269381843835,3,1
2021-10-07,17783.35,17793.6,17763.8,17790.25,09:20:00,17703.658012144424,3,2
2021-10-07,17809.25,17809.35,17772.45,17782.55,09:25:00,17713.714391940193,3,3
2021-10-07,17820.15,17820.35,17803.45,17810.1,09:30:00,17723.85111651732,3,4
2021-10-07,17817.7,17828.4,17809.7,17820.5,09:35:00,17732.78910542043,3,5
2021-10-07,17817.75,17824.7,17811.0,17817.35,09:40:00,17740.880619189913,3,6
2021-10-07,17808.45,17819.05,17795.0,17817.0,09:45:00,17747.315798314685,3,7
2021-10-07,17819.55,17821.4,17805.7,17810.0,09:50:00,17754.195246094238,3,8
2021-10-07,17811.85,17821.9,17808.6,17819.9,09:55:00,17759.68617503764,3,9
2021-10-07,17794.6,17813.65,17792.2,17811.95,10:00:00,17763.01130122453,3,10
2021-10-07,17811.15,17812.4,17793.0,17793.85,10:05:00,17767.595939203147,3,11
2021-10-07,17808.45,17811.45,17799.2,17810.85,10:10:00,17771.48680213618,3,12
2021-10-07,17809.6,17817.95,17804.9,17808.05,10:15:00,17775.116630504162,3,13
2021-10-07,17805.95,17814.85,17803.3,17810.25,10:20:00,17778.05314188472,3,14
2021-10-07,17798.55,17808.3,17789.2,17806.15,10:25:00,17780.005223609984,3,15
2021-10-07,17809.05,17809.5,17791.15,17798.35,10:30:00,17782.771392789986,3,16
2021-10-07,17816.6,17817.6,17806.35,17809.3,10:35:00,17785.993164905227,3,17
2021-10-07,17816.75,17820.15,17810.5,17817.85,10:40:00,17788.922387295206,3,18
2021-10-07,17809.0,17819.65,17806.25,17816.05,10:45:00,17790.83454088614,3,19
2021-10-07,17808.55,17809.1,17801.05,17808.95,10:50:00,17792.52172746841,3,20
2021-10-07,17805.5,17810.8,17803.55,17808.5,10:55:00,17793.7577534238,3,21
2021-10-07,17801.0,17808.5,17798.6,17807.2,11:00:00,17794.44749119296,3,22
2021-10-07,17798.65,17808.55,17798.65,17801.7,11:05:00,17794.847730126963,3,23
2021-10-07,17802.9,17814.1,17799.5,17799.5,11:10:00,17795.614612972015,3,24
2021-10-07,17809.15,17811.55,17801.0,17802.3,11:15:00,17796.90369745087,3,25
2021-10-07,17805.85,17813.45,17804.4,17809.3,11:20:00,17797.755726265073,3,26
2021-10-07,17796.95,17812.75,17790.4,17805.6,11:25:00,17797.678990430304,3,27
2021-10-07,17806.9,17809.55,17792.1,17797.4,11:30:00,17798.557181817894,3,28
2021-10-07,17806.0,17807.6,17802.35,17805.8,11:35:00,17799.266021644762,3,29
2021-10-07,17825.25,17825.7,17803.5,17805.6,11:40:00,17801.740686250025,3,30
2021-10-07,17817.35,17830.25,17816.2,17826.8,11:45:00,17803.227287559544,3,31
2021-10-07,17829.0,17830.95,17817.15,17817.15,11:50:00,17805.68183160149,3,32
2021-10-07,17841.45,17842.7,17827.6,17827.95,11:55:00,17809.08832382992,3,33
2021-10-07,17843.6,17847.55,17835.85,17842.05,12:00:00,17812.375150131833,3,34
2021-10-07,17846.65,17850.25,17842.9,17844.1,12:05:00,17815.63942154785,3,35
2021-10-07,17837.95,17846.75,17836.95,17846.7,12:10:00,17817.764238543292,3,36
2021-10-07,17835.75,17845.5,17834.05,17837.7,12:15:00,17819.477168205834,3,37
2021-10-07,17836.15,17842.45,17828.35,17835.55,12:20:00,17821.065056948137,3,38
2021-10-07,17840.85,17842.6,17834.45,17835.75,12:25:00,17822.949337238788,3,39
2021-10-07,17852.4,17855.45,17839.35,17841.65,12:30:00,17825.754162263664,3,40
2021-10-07,17843.35,17853.5,17842.95,17853.0,12:35:00,17827.42995633379,3,41
2021-10-07,17845.05,17851.2,17842.45,17845.0,12:40:00,17829.108055730576,3,42
2021-10-07,17836.65,17850.55,17827.05,17845.55,12:45:00,17829.826336137186,3,43
2021-10-07,17846.1,17848.55,17830.0,17836.7,12:50:00,17831.376208886024,3,44
2021-10-07,17835.05,17847.3,17831.2,17846.25,12:55:00,17831.726093754023,3,45
2021-10-07,17838.85,17848.8,17836.0,17837.0,13:00:00,17832.404561015544,3,46
2021-10-07,17842.05,17843.0,17835.85,17838.6,13:05:00,17833.32317425216,3,47
2021-10-07,17847.75,17850.15,17839.0,17842.7,13:10:00,17834.697157656716,3,48
2021-10-07,17851.9,17857.55,17847.9,17848.5,13:15:00,17836.33552359417,3,49
2021-10-07,17837.85,17854.4,17835.9,17852.1,13:20:00,17836.479759442343,3,50
2021-10-07,17838.65,17845.15,17835.75,17837.7,13:25:00,17836.686449019264,3,51
2021-10-07,17824.95,17842.4,17818.5,17839.35,13:30:00,17835.56869196981,3,52
2021-10-07,17826.75,17833.3,17817.65,17826.05,13:35:00,17834.728816544113,3,53
2021-10-07,17832.25,17842.4,17820.35,17826.6,13:40:00,17834.492738778008,3,54
2021-10-07,17829.9,17836.5,17827.6,17832.95,13:45:00,17834.055335084864,3,55
2021-10-07,17829.3,17831.35,17818.9,17829.6,13:50:00,17833.602446029163,3,56
2021-10-07,17847.35,17847.75,17829.4,17831.1,13:55:00,17834.91173688353,3,57
2021-10-07,17848.85,17853.95,17843.5,17847.55,14:00:00,17836.23919051367,3,58
2021-10-07,17839.85,17854.6,17839.75,17849.75,14:05:00,17836.583077131414,3,59
2021-10-07,17845.5,17847.0,17839.45,17840.55,14:10:00,17837.432307880805,3,60
2021-10-07,17829.45,17845.65,17828.65,17845.65,14:15:00,17836.672088082632,3,61
2021-10-07,17837.15,17840.05,17826.5,17830.15,14:20:00,17836.717603503334,3,62
2021-10-07,17831.35,17844.15,17831.05,17837.2,14:25:00,17836.206403169683,3,63
2021-10-07,17814.55,17834.85,17814.55,17832.75,14:30:00,17834.143888582093,3,64
2021-10-07,17813.3,17815.45,17800.85,17815.45,14:35:00,17832.15875633618,3,65
2021-10-07,17807.0,17815.35,17796.05,17814.5,14:40:00,17829.76268430416,3,66
2021-10-07,17805.25,17808.3,17793.55,17808.3,14:45:00,17827.42814294186,3,67
2021-10-07,17803.85,17806.75,17792.1,17806.15,14:50:00,17825.182605518825,3,68
2021-10-07,17809.55,17811.85,17801.15,17802.9,14:55:00,17823.693785945605,3,69
2021-10-07,17790.3,17810.25,17787.4,17809.3,15:00:00,17820.51342537936,3,70
2021-10-07,17795.95,17804.15,17789.7,17792.1,15:05:00,17818.174051533704,3,71
2021-10-07,17790.75,17796.8,17788.95,17795.8,15:10:00,17815.562237101924,3,72
2021-10-07,17788.85,17791.25,17785.1,17791.25,15:15:00,17813.018214520787,3,73
2021-10-07,17788.55,17789.7,17780.55,17788.6,15:20:00,17810.687908375952,3,74
2021-10-07,17796.2,17802.35,17787.95,17788.5,15:25:00,17809.308107578243,3,75
2021-10-08,17865.8,17892.5,17864.95,17891.95,09:15:00,17814.688287808887,4,1
2021-10-08,17873.6,17883.1,17855.25,17866.75,09:20:00,17820.29892706518,4,2
2021-10-08,17876.8,17876.8,17860.85,17873.9,09:25:00,17825.6799816304,4,3
2021-10-08,17869.75,17878.05,17862.4,17877.0,09:30:00,17829.87712623703,4,4
2021-10-08,17855.15,17870.35,17848.15,17869.15,09:35:00,17832.284066595406,4,5
2021-10-08,17871.1,17871.4,17849.8,17855.0,09:40:00,17835.980822157748,4,6
2021-10-08,17905.05,17905.95,17869.8,17871.85,09:45:00,17842.558839095105,4,7
2021-10-08,17896.85,17905.65,17886.85,17905.15,09:50:00,17847.729425847952,4,8
2021-10-08,17887.35,17897.75,17879.35,17897.5,09:55:00,17851.502813862433,4,9
2021-10-08,17898.5,17904.0,17867.7,17887.8,10:00:00,17855.978736351724,4,10
2021-10-08,17898.75,17908.8,17890.45,17898.6,10:05:00,17860.052190032515,4,11
2021-10-08,17894.7,17903.75,17888.15,17898.0,10:10:00,17863.351981457992,4,12
2021-10-08,17887.95,17897.65,17880.05,17894.75,10:15:00,17865.694649890564,4,13
2021-10-08,17908.4,17909.65,17880.6,17887.7,10:20:00,17869.761826091464,4,14
2021-10-08,17936.65,17937.95,17906.6,17908.45,10:25:00,17876.132128368467,4,15
2021-10-08,17923.9,17940.85,17923.9,17936.1,10:30:00,17880.681449476233,4,16
2021-10-08,17939.1,17941.85,17923.45,17923.45,10:35:00,17886.245120954685,4,17
2021-10-08,17922.75,17941.2,17921.55,17937.4,10:40:00,17889.72177610186,4,18
2021-10-08,17916.45,17929.1,17913.55,17923.45,10:45:00,17892.267321235013,4,19
2021-10-08,17921.95,17926.45,17915.45,17915.75,10:50:00,17895.094243022155,4,20
2021-10-08,17918.35,17923.75,17910.8,17921.8,10:55:00,17897.309077020043,4,21
2021-10-08,17919.75,17925.9,17915.65,17918.85,11:00:00,17899.44630778004,4,22
2021-10-08,17891.4,17920.6,17890.35,17920.6,11:05:00,17898.67999275337,4,23
2021-10-08,17908.95,17915.3,17885.55,17890.85,11:10:00,17899.65808868162,4,24
2021-10-08,17913.9,17915.05,17900.0,17909.75,11:15:00,17901.01446118813,4,25
2021-10-08,17907.7,17924.25,17905.15,17913.6,11:20:00,17901.651179170214,4,26
2021-10-08,17913.7,17917.3,17902.15,17907.65,11:25:00,17902.798685915906,4,27
2021-10-08,17913.05,17923.3,17912.55,17913.75,11:30:00,17903.775001542963,4,28
2021-10-08,17919.1,17922.6,17911.4,17913.35,11:35:00,17905.23452520554,4,29
2021-10-08,17919.9,17921.25,17907.2,17920.3,11:40:00,17906.631237090725,4,30
2021-10-08,17912.6,17925.35,17912.6,17920.55,11:45:00,17907.19969070113,4,31
2021-10-08,17898.05,17912.95,17886.1,17912.85,11:50:00,17906.32829158674,4,32
2021-10-08,17901.5,17907.45,17892.95,17897.95,11:55:00,17905.868454292762,4,33
2021-10-08,17905.55,17911.0,17901.0,17903.2,12:00:00,17905.8381253125,4,34
2021-10-08,17891.05,17913.75,17890.8,17905.4,12:05:00,17904.429732425597,4,35
2021-10-08,17863.95,17893.5,17860.75,17892.45,12:10:00,17900.574519813636,4,36
2021-10-08,17866.4,17867.3,17840.35,17863.5,12:15:00,17897.31980364091,4,37
2021-10-08,17858.75,17874.1,17857.65,17865.7,12:20:00,17893.646489008443,4,38
2021-10-08,17858.1,17867.7,17851.35,17858.65,12:25:00,17890.261109102874,4,39
2021-10-08,17862.75,17865.45,17843.95,17858.25,12:30:00,17887.64100347403,4,40
2021-10-08,17881.4,17881.85,17855.45,17863.2,12:35:00,17887.04662219079,4,41
2021-10-08,17882.15,17889.75,17878.25,17881.95,12:40:00,17886.580277220237,4,42
2021-10-08,17872.55,17882.2,17868.55,17881.6,12:45:00,17885.24406034212,4,43
2021-10-08,17890.0,17893.55,17858.4,17872.65,12:50:00,17885.697006976203,4,44
2021-10-08,17890.05,17893.2,17883.2,17890.25,12:55:00,17886.111577740376,4,45
2021-10-08,17873.85,17890.25,17872.1,17890.25,13:00:00,17884.943808431766,4,46
2021-10-08,17872.0,17878.4,17869.5,17872.85,13:05:00,17883.711064771596,4,47
2021-10-08,17879.9,17883.55,17867.0,17872.6,13:10:00,17883.34810622192,4,48
2021-10-08,17883.25,17892.6,17879.95,17879.95,13:15:00,17883.338762772215,4,49
2021-10-08,17880.65,17892.45,17879.65,17883.15,13:20:00,17883.08269012724,4,50
2021-10-08,17891.6,17895.0,17875.9,17880.25,13:25:00,17883.893862496076,4,51
2021-10-08,17904.7,17910.65,17892.95,17892.95,13:30:00,17885.87539940121,4,52
2021-10-08,17880.95,17909.65,17878.95,17905.0,13:35:00,17885.40631374395,4,53
2021-10-08,17876.0,17888.95,17874.05,17879.85,13:40:00,17884.510474339764,4,54
2021-10-08,17890.1,17890.15,17873.95,17875.55,13:45:00,17885.04281011693,4,55
2021-10-08,17894.45,17894.5,17884.3,17889.8,13:50:00,17885.938732962935,4,56
2021-10-08,17891.3,17895.85,17883.0,17895.4,13:55:00,17886.44932982361,4,57
2021-10-08,17898.7,17906.65,17891.7,17892.15,14:00:00,17887.6160603166,4,58
2021-10-08,17901.65,17903.45,17896.2,17899.85,14:05:00,17888.952626000733,4,59
2021-10-08,17917.7,17918.85,17895.75,17901.5,14:10:00,17891.69047114352,4,60
2021-10-08,17924.1,17924.1,17908.3,17918.3,14:15:00,17894.777092939374,4,61
2021-10-08,17928.75,17932.05,17915.75,17925.1,14:20:00,17898.01260789753,4,62
2021-10-08,17934.0,17935.65,17922.95,17929.65,14:25:00,17901.439978573955,4,63
2021-10-08,17918.85,17934.7,17904.75,17934.7,14:30:00,17903.098075852628,4,64
2021-10-08,17923.05,17924.45,17915.2,17919.5,14:35:00,17904.99825910476,4,65
2021-10-08,17928.55,17930.8,17917.15,17923.9,14:40:00,17907.24128204716,4,66
2021-10-08,17924.45,17929.8,17921.0,17928.4,14:45:00,17908.88020756648,4,67
2021-10-08,17922.55,17931.65,17919.65,17925.35,14:50:00,17910.18209256015,4,68
2021-10-08,17910.15,17925.55,17910.1,17924.85,14:55:00,17910.17903612585,4,69
2021-10-08,17899.1,17911.85,17888.6,17911.7,15:00:00,17909.12388982815,4,70
2021-10-08,17895.55,17903.55,17893.75,17899.3,15:05:00,17907.831138415946,4,71
2021-10-08,17895.85,17899.3,17891.3,17894.25,15:10:00,17906.69007761443,4,72
2021-10-08,17890.95,17898.0,17888.3,17896.75,15:15:00,17905.191022603532,4,73
2021-10-08,17888.5,17899.1,17887.75,17891.8,15:20:00,17903.601401403197,4,74
2021-10-08,17907.4,17907.5,17886.45,17889.4,15:25:00,17903.96317269813,4,75
2021-10-11,17899.25,17902.4,17839.1,17867.95,09:15:00,17903.514299107832,0,1
2021-10-11,17897.35,17912.4,17890.65,17900.5,09:20:00,17902.927223002323,0,2
2021-10-11,17896.5,17910.45,17894.1,17896.6,09:25:00,17902.31510652591,0,3
2021-10-11,17923.15,17925.5,17881.55,17897.3,09:30:00,17904.299382094872,0,4
2021-10-11,17931.35,17936.3,17921.5,17923.2,09:35:00,17906.87563141917,0,5
2021-10-11,17946.55,17951.55,17930.9,17930.9,09:40:00,17910.65414271258,0,6
2021-10-11,17950.2,17951.75,17928.0,17945.45,09:45:00,17914.420414835193,0,7
2021-10-11,17967.45,17971.75,17948.45,17950.45,09:50:00,17919.470851517555,0,8
2021-10-11,17970.15,17975.7,17966.85,17966.9,09:55:00,17924.297437087313,0,9
2021-10-11,17973.5,17981.1,17962.05,17971.2,10:00:00,17928.98339545995,0,10
2021-10-11,17973.2,17976.75,17966.3,17973.75,10:05:00,17933.194500654237,0,11
2021-10-11,17979.25,17979.45,17961.8,17974.4,10:10:00,17937.580738687167,0,12
2021-10-11,17983.85,17986.55,17972.5,17978.85,10:15:00,17941.987335002676,0,13
2021-10-11,17968.8,17983.8,17962.25,17982.1,10:20:00,17944.54092214528,0,14
2021-10-11,17969.7,17973.9,17963.75,17968.5,10:25:00,17946.93702479811,0,15
2021-10-11,17973.9,17980.65,17967.2,17970.35,10:30:00,17949.50492719829,0,16
2021-10-11,17988.65,17992.3,17973.15,17973.15,10:35:00,17953.23302936988,0,17
2021-10-11,17997.4,17998.2,17982.95,17989.0,10:40:00,17957.43940752513,0,18
2021-10-11,17988.35,18000.65,17984.5,17996.55,10:45:00,17960.383273475116,0,19
2021-10-11,17984.7,17992.3,17982.4,17986.75,10:50:00,17962.69915219177,0,20
2021-10-11,17986.75,17990.95,17975.5,17985.4,10:55:00,17964.989709125886,0,21
2021-10-11,17988.55,17992.25,17985.1,17987.0,11:00:00,17967.233546351992,0,22
2021-10-11,18005.9,18006.9,17987.1,17989.25,11:05:00,17970.91606574704,0,23
2021-10-11,18016.0,18020.15,18003.3,18006.7,11:10:00,17975.20977377113,0,24
2021-10-11,18009.1,18019.4,18007.75,18016.55,11:15:00,17978.437414364358,0,25
2021-10-11,18007.55,18017.85,18005.45,18008.45,11:20:00,17981.210041567752,0,26
2021-10-11,18015.4,18015.9,18007.25,18007.45,11:25:00,17984.46622808511,0,27
2021-10-11,18027.65,18032.5,18013.85,18015.5,11:30:00,17988.578968267484,0,28
2021-10-11,18010.15,18027.75,18009.5,18027.1,11:35:00,17990.63335224201,0,29
2021-10-11,18014.25,18016.8,18008.7,18010.95,11:40:00,17992.88255679039,0,30
2021-10-11,18006.35,18015.45,18002.15,18015.45,11:45:00,17994.1651704294,0,31
2021-10-11,18003.35,18010.1,18001.45,18006.15,11:50:00,17995.039916102793,0,32
2021-10-11,17992.1,18004.25,17987.15,18003.55,11:55:00,17994.759924093003,0,33
2021-10-11,17981.85,17993.85,17975.6,17993.85,12:00:00,17993.530407512717,0,34
2021-10-11,17990.6,17993.85,17978.7,17981.45,12:05:00,17993.251321082935,0,35
2021-10-11,17998.6,18003.4,17990.6,17991.45,12:10:00,17993.760719075035,0,36
2021-10-11,18008.15,18008.7,17999.05,17999.05,12:15:00,17995.131126782173,0,37
2021-10-11,18012.15,18012.9,18007.5,18007.65,12:20:00,17996.75197185054,0,38
2021-10-11,18017.8,18020.35,18007.65,18011.85,12:25:00,17998.756545960012,0,39
2021-10-11,18006.3,18019.85,18005.05,18018.8,12:30:00,17999.474970154297,0,40
2021-10-11,18023.75,18025.5,18006.5,18006.9,12:35:00,18001.78687775865,0,41
2021-10-11,18033.25,18033.75,18021.6,18022.6,12:40:00,18004.783365591156,0,42
2021-10-11,18031.05,18037.7,18026.5,18033.3,12:45:00,18007.28494982057,0,43
2021-10-11,18032.05,18033.25,18027.1,18031.0,12:50:00,18009.643526028132,0,44
2021-10-11,18028.6,18034.5,18027.0,18032.3,12:55:00,18011.448904501645,0,45
2021-10-11,18041.0,18041.5,18017.8,18029.05,13:00:00,18014.263294549106,0,46
2021-10-11,18031.35,18041.95,18029.85,18040.2,13:05:00,18015.89059983014,0,47
2021-10-11,18013.3,18032.3,18009.65,18030.75,13:10:00,18015.6438760368,0,48
2021-10-11,18015.55,18018.7,18005.5,18014.0,13:15:00,18015.634935461865,0,49
2021-10-11,18018.9,18022.8,18013.4,18015.45,13:20:00,18015.945893989305,0,50
2021-10-11,18025.6,18026.35,18013.8,18019.4,13:25:00,18016.86533265699,0,51
2021-10-11,18032.1,18040.1,18025.1,18027.45,13:30:00,18018.316253356326,0,52
2021-10-11,18035.1,18037.25,18026.05,18031.7,13:35:00,18019.91470541763,0,53
2021-10-11,18029.4,18035.2,18022.5,18034.65,13:40:00,18020.818066806427,0,54
2021-10-11,18021.65,18030.7,18020.85,18029.2,13:45:00,18020.89729853915,0,55
2021-10-11,18009.9,18024.75,18009.45,18021.3,13:50:00,18019.84993677352,0,56
2021-10-11,17991.7,18012.1,17991.7,18008.4,13:55:00,18017.16899041413,0,57
2021-10-11,18006.8,18011.45,17983.25,17991.95,14:00:00,18016.18146751755,0,58
2021-10-11,18006.4,18010.5,17996.6,18006.85,14:05:00,18015.249899182545,0,59
2021-10-11,18013.75,18013.95,18004.9,18006.15,14:10:00,18015.10705164135,0,60
2021-10-11,17993.7,18015.85,17991.85,18014.25,14:15:00,18013.068284818364,0,61
2021-10-11,17994.15,18000.7,17990.65,17993.25,14:20:00,18011.26654340709,0,62
2021-10-11,17999.95,18002.3,17988.95,17994.5,14:25:00,18010.188777368323,0,63
2021-10-11,17998.0,18002.8,17995.8,18000.5,14:30:00,18009.02794142848,0,64
2021-10-11,17984.45,17999.75,17980.95,17998.6,14:35:00,18006.68718510196,0,65
2021-10-11,17982.8,17986.15,17974.55,17984.85,14:40:00,18004.412215092252,0,66
2021-10-11,17994.95,18000.45,17982.75,17983.1,14:45:00,18003.511051750134,0,67
2021-10-11,17988.4,17995.55,17985.15,17995.5,14:50:00,18002.071903964406,0,68
2021-10-11,17978.95,17991.35,17976.7,17988.7,14:55:00,17999.869817872557,0,69
2021-10-11,17962.1,17980.5,17953.4,17980.2,15:00:00,17996.272692360886,0,70
2021-10-11,17958.95,17964.8,17952.45,17959.6,15:05:00,17992.718150231278,0,71
2021-10-11,17951.05,17958.9,17948.3,17958.3,15:10:00,17988.749754971155,0,72
2021-10-11,17946.05,17950.5,17940.5,17950.2,15:15:00,17984.68311164057,0,73
2021-10-11,17935.3,17947.0,17930.9,17944.6,15:20:00,17979.97995815099,0,74
2021-10-11,17954.95,17954.95,17933.65,17935.15,15:25:00,17977.5961526128,0,75
2021-10-12,17972.1,17974.25,17906.8,17930.3,09:15:00,17977.072709506818,1,1
2021-10-12,17986.25,17995.75,17968.45,17973.05,09:20:00,17977.946737172835,1,2
2021-10-12,17961.55,17990.2,17955.7,17987.2,09:25:00,17976.385143156374,1,3
2021-10-12,17925.25,17963.0,17914.35,17963.0,09:30:00,17971.515129522435,1,4
2021-10-12,17938.7,17954.45,17922.4,17924.7,09:35:00,17968.389879091726,1,5
2021-10-12,17949.5,17955.4,17938.45,17938.45,09:40:00,17966.590842987753,1,6
2021-10-12,17940.1,17948.0,17926.8,17948.0,09:45:00,17964.067905560347,1,7
2021-10-12,17966.65,17968.0,17934.15,17938.75,09:50:00,17964.313819316503,1,8
2021-10-12,17962.3,17973.95,17960.0,17966.05,09:55:00,17964.122027000645,1,9
2021-10-12,17959.2,17972.45,17955.55,17961.9,10:00:00,17963.653262524393,1,10
2021-10-12,17945.65,17963.45,17945.45,17958.95,10:05:00,17961.938666093498,1,11
2021-10-12,17961.7,17962.05,17940.9,17945.05,10:10:00,17961.915935989357,1,12
2021-10-12,17956.5,17968.3,17956.2,17961.75,10:15:00,17961.4001325618,1,13
2021-10-12,17937.1,17956.6,17937.1,17956.6,10:20:00,17959.085834222584,1,14
2021-10-12,17924.1,17938.6,17920.1,17938.05,10:25:00,17955.753850010908,1,15
2021-10-12,17900.4,17923.7,17894.1,17923.7,10:30:00,17950.482054771775,1,16
2021-10-12,17898.15,17905.3,17888.75,17901.4,10:35:00,17945.498049555415,1,17
2021-10-12,17923.55,17924.45,17897.15,17900.05,10:40:00,17943.40775912157,1,18
2021-10-12,17899.35,17923.75,17898.25,17923.45,10:45:00,17939.21178206237,1,19
2021-10-12,17893.35,17904.65,17887.4,17901.1,10:50:00,17934.843993294526,1,20
2021-10-12,17916.8,17917.35,17891.05,17893.65,10:55:00,17933.125517742665,1,21
2021-10-12,17906.3,17923.05,17906.3,17917.15,11:00:00,17930.570706529077,1,22
2021-10-12,17924.15,17924.15,17906.0,17907.5,11:05:00,17929.959210669163,1,23
2021-10-12,17924.5,17926.7,17917.3,17924.8,11:10:00,17929.439285843528,1,24
2021-10-12,17927.7,17931.05,17915.2,17924.4,11:15:00,17929.273639572715,1,25
2021-10-12,17932.1,17932.1,17919.5,17928.3,11:20:00,17929.542816756268,1,26
2021-10-12,17928.25,17938.6,17925.25,17931.95,11:25:00,17929.419691350908,1,27
2021-10-12,17898.8,17929.45,17898.35,17929.45,11:30:00,17926.50353026987,1,28
2021-10-12,17894.1,17902.9,17891.05,17898.5,11:35:00,17923.417479767977,1,29
2021-10-12,17908.75,17909.1,17891.55,17894.05,11:40:00,17922.02057693293,1,30
2021-10-12,17883.75,17910.0,17881.95,17910.0,11:45:00,17918.375760082174,1,31
2021-10-12,17872.15,17885.5,17870.6,17884.3,11:50:00,17913.973306741012,1,32
2021-10-12,17887.9,17887.9,17864.95,17872.35,11:55:00,17911.49013467044,1,33
2021-10-12,17897.1,17897.55,17883.05,17889.2,12:00:00,17910.119645654206,1,34
2021-10-12,17908.05,17911.25,17894.45,17896.7,12:05:00,17909.922536544284,1,35
2021-10-12,17902.8,17915.85,17902.35,17909.15,12:10:00,17909.244199730543,1,36
2021-10-12,17895.05,17903.8,17889.25,17903.8,12:15:00,17907.89237118478,1,37
2021-10-12,17895.65,17901.05,17893.15,17894.8,12:20:00,17906.72643107194,1,38
2021-10-12,17891.7,17901.05,17891.15,17896.25,12:25:00,17905.29534239842,1,39
2021-10-12,17898.4,17901.4,17889.35,17892.7,12:30:00,17904.63864312238,1,40
2021-10-12,17906.0,17906.85,17895.85,17900.05,12:35:00,17904.768296158345,1,41
2021-10-12,17927.6,17931.65,17906.2,17908.0,12:40:00,17906.942744143264,1,42
2021-10-12,17933.4,17942.45,17927.75,17928.4,12:45:00,17909.462482796287,1,43
2021-10-12,17928.5,17938.65,17924.35,17935.05,12:50:00,17911.27557967283,1,44
2021-10-12,17911.65,17942.1,17911.35,17928.65,12:55:00,17911.31123875161,1,45
2021-10-12,17918.7,17921.9,17908.05,17912.7,13:00:00,17912.014930299076,1,46
2021-10-12,17936.1,17937.8,17918.85,17919.35,13:05:00,17914.30874646107,1,47
2021-10-12,17936.5,17937.6,17931.3,17936.75,13:10:00,17916.422199179062,1,48
2021-10-12,17931.2,17941.15,17929.5,17936.25,13:15:00,17917.829608781056,1,49
2021-10-12,17931.45,17932.35,17923.85,17931.75,13:20:00,17919.126788897145,1,50
2021-10-12,17924.05,17933.35,17920.15,17931.05,13:25:00,17919.595666145036,1,51
2021-10-12,17907.15,17932.6,17902.25,17925.4,13:30:00,17918.410364607415,1,52
2021-10-12,17920.7,17921.75,17902.8,17908.55,13:35:00,17918.628425120995,1,53
2021-10-12,17917.5,17920.45,17912.5,17920.35,13:40:00,17918.520956061853,1,54
2021-10-12,17909.7,17923.05,17908.2,17916.4,13:45:00,17917.680865008344,1,55
2021-10-12,17924.75,17926.5,17907.6,17911.2,13:50:00,17918.35411595993,1,56
2021-10-12,17931.15,17937.6,17925.2,17925.85,13:55:00,17919.572771582792,1,57
2021-10-12,17947.7,17948.6,17930.6,17931.4,14:00:00,17922.251555241575,1,58
2021-10-12,17957.4,17959.55,17946.8,17946.8,14:05:00,17925.59902617095,1,59
2021-10-12,17964.25,17965.8,17958.0,17958.3,14:10:00,17929.280071297522,1,60
2021-10-12,17975.5,17986.1,17963.85,17964.55,14:15:00,17933.681969269186,1,61
2021-10-12,17971.2,17979.75,17966.1,17977.0,14:20:00,17937.255115053074,1,62
2021-10-12,17975.25,17978.4,17966.75,17970.35,14:25:00,17940.87367552421,1,63
2021-10-12,17961.9,17981.8,17960.25,17975.7,14:30:00,17942.876182617143,1,64
2021-10-12,17968.45,17971.5,17958.8,17963.05,14:35:00,17945.311784272653,1,65
2021-10-12,17973.95,17976.65,17967.15,17968.1,14:40:00,17948.039233389543,1,66
2021-10-12,17976.45,17981.95,17970.95,17974.7,14:45:00,17950.74502068578,1,67
2021-10-12,17969.05,17979.75,17966.55,17977.95,14:50:00,17952.488352049037,1,68
2021-10-12,17968.9,17970.55,17960.9,17969.7,14:55:00,17954.051366139603,1,69
2021-10-12,17982.25,17982.25,17970.05,17971.6,15:00:00,17956.736950316783,1,70
2021-10-12,17982.0,17985.4,17977.9,17982.3,15:05:00,17959.14295504852,1,71
2021-10-12,17991.45,17991.65,17980.0,17982.15,15:10:00,17962.21981647247,1,72
2021-10-12,18004.45,18008.65,17990.75,17991.55,15:15:00,17966.241738713186,1,73
2021-10-12,18003.05,18005.55,17995.65,18003.95,15:20:00,17969.74728740717,1,74
2021-10-12,18004.05,18005.35,17997.6,18002.55,15:25:00,17973.01421241601,1,75
2021-10-13,18068.1,18098.85,18050.75,18098.85,09:15:00,17982.070001709722,2,1
2021-10-13,18072.0,18082.95,18068.8,18068.95,09:20:00,17990.634763451653,2,2
2021-10-13,18087.0,18095.5,18071.4,18071.85,09:25:00,17999.812405027686,2,3
2021-10-13,18086.85,18099.15,18079.65,18086.6,09:30:00,18008.101699786956,2,4
2021-10-13,18093.1,18098.25,18080.4,18086.1,09:35:00,18016.196775997723,2,5
2021-10-13,18089.35,18095.75,18082.8,18093.65,09:40:00,18023.163749712225,2,6
2021-10-13,18109.2,18111.85,18087.2,18089.0,09:45:00,18031.357678311066,2,7
2021-10-13,18123.6,18128.7,18105.7,18108.0,09:50:00,18040.142661329057,2,8
2021-10-13,18116.8,18126.5,18110.05,18124.85,09:55:00,18047.4433602501,2,9
2021-10-13,18111.7,18117.85,18103.55,18116.65,10:00:00,18053.563040226283,2,10
2021-10-13,18106.35,18115.75,18104.55,18112.1,10:05:00,18058.590369728543,2,11
2021-10-13,18117.65,18119.8,18101.9,18106.95,10:10:00,18064.215096421063,2,12
2021-10-13,18107.35,18122.4,18106.95,18117.3,10:15:00,18068.3231824762,2,13
2021-10-13,18106.85,18112.85,18103.6,18107.9,10:20:00,18071.99240319275,2,14
2021-10-13,18125.25,18128.85,18101.6,18106.95,10:25:00,18077.06455526964,2,15
2021-10-13,18127.15,18130.1,18119.95,18126.55,10:30:00,18081.834597624907,2,16
2021-10-13,18125.35,18128.65,18118.25,18127.25,10:35:00,18085.97892166063,2,17
2021-10-13,18126.65,18132.6,18122.35,18125.6,10:40:00,18089.85235769295,2,18
2021-10-13,18126.1,18129.25,18117.8,18124.95,10:45:00,18093.304514103147,2,19
2021-10-13,18119.4,18128.1,18117.9,18126.3,10:50:00,18095.78979847428,2,20
2021-10-13,18127.25,18127.75,18119.2,18119.65,10:55:00,18098.7860081434,2,21
2021-10-13,18138.35,18139.05,18125.15,18127.6,11:00:00,18102.55400736783,2,22
2021-10-13,18132.85,18139.1,18130.4,18138.15,11:05:00,18105.439339999462,2,23
2021-10-13,18139.1,18143.8,18132.6,18132.9,11:10:00,18108.645117142376,2,24
2021-10-13,18135.9,18138.6,18130.0,18138.0,11:15:00,18111.240820271672,2,25
2021-10-13,18136.5,18140.7,18134.85,18135.4,11:20:00,18113.64645643628,2,26
2021-10-13,18140.05,18143.1,18134.8,18136.35,11:25:00,18116.16107963282,2,27
2021-10-13,18141.0,18142.15,18135.55,18139.95,11:30:00,18118.52669109636,2,28
2021-10-13,18142.45,18146.0,18138.1,18140.85,11:35:00,18120.805101468137,2,29
2021-10-13,18141.1,18147.35,18135.6,18142.4,11:40:00,18122.737948947364,2,30
2021-10-13,18115.95,18144.4,18108.75,18140.85,11:45:00,18122.091477619044,2,31
2021-10-13,18120.0,18123.3,18106.9,18116.4,11:50:00,18121.89228927437,2,32
2021-10-13,18137.0,18141.1,18119.9,18120.6,11:55:00,18123.33111886729,2,33
2021-10-13,18140.2,18147.0,18139.05,18139.05,12:00:00,18124.93767897517,2,34
2021-10-13,18132.95,18141.3,18132.4,18140.65,12:05:00,18125.70075716801,2,35
2021-10-13,18138.35,18140.95,18131.4,18132.6,12:10:00,18126.905446961537,2,36
2021-10-13,18150.5,18151.1,18136.95,18137.9,12:15:00,18129.15254725092,2,37
2021-10-13,18157.1,18161.25,18149.3,18149.4,12:20:00,18131.81420941749,2,38
2021-10-13,18155.3,18162.7,18154.25,18158.85,12:25:00,18134.05095137773,2,39
2021-10-13,18138.75,18155.2,18138.7,18155.2,12:30:00,18134.49847981795,2,40
2021-10-13,18141.25,18143.25,18130.1,18139.95,12:35:00,18135.14148174005,2,41
2021-10-13,18140.8,18147.6,18138.8,18142.2,12:40:00,18135.680388241,2,42
2021-10-13,18147.5,18147.85,18136.9,18142.45,12:45:00,18136.80606555138,2,43
2021-10-13,18147.4,18153.5,18144.1,18148.05,12:50:00,18137.81501168934,2,44
2021-10-13,18161.1,18161.7,18148.95,18149.65,12:55:00,18140.03262962369,2,45
2021-10-13,18153.5,18162.9,18147.4,18161.3,13:00:00,18141.3152363262,2,46
2021-10-13,18160.35,18165.8,18154.4,18154.8,13:05:00,18143.1280709618,2,47
2021-10-13,18170.1,18170.9,18156.45,18161.6,13:10:00,18145.69682610829,2,48
2021-10-13,18173.1,18175.8,18159.2,18171.25,13:15:00,18148.306652193216,2,49
2021-10-13,18173.6,18177.95,18164.55,18176.05,13:20:00,18150.715542460526,2,50
2021-10-13,18165.55,18175.55,18164.05,18173.0,13:25:00,18152.12834794048,2,51
2021-10-13,18169.75,18171.6,18162.05,18165.4,13:30:00,18153.80660051757,2,52
2021-10-13,18170.65,18173.1,18156.9,18169.3,13:35:00,18155.41073380161,2,53
2021-10-13,18178.85,18183.3,18171.9,18172.3,13:40:00,18157.643044868124,2,54
2021-10-13,18189.35,18191.8,18175.9,18177.95,13:45:00,18160.662754880683,2,55
2021-10-13,18188.15,18194.1,18179.1,18191.1,13:50:00,18163.28058774919,2,56
2021-10-13,18191.45,18197.8,18187.55,18189.05,13:55:00,18165.96338891593,2,57
2021-10-13,18176.75,18194.9,18174.5,18191.95,14:00:00,18166.99068520965,2,58
2021-10-13,18170.1,18184.15,18170.1,18178.15,14:05:00,18167.28681042778,2,59
2021-10-13,18163.3,18173.5,18156.7,18171.75,14:10:00,18166.90711419656,2,60
2021-10-13,18187.0,18192.0,18162.0,18163.4,14:15:00,18168.82072236832,2,61
2021-10-13,18188.9,18189.65,18182.65,18188.95,14:20:00,18170.73303452372,2,62
2021-10-13,18181.65,18192.2,18181.65,18189.9,14:25:00,18171.77274552145,2,63
2021-10-13,18181.75,18186.2,18172.95,18183.3,14:30:00,18172.722960233696,2,64
2021-10-13,18178.95,18193.8,18178.95,18183.1,14:35:00,18173.31601164001,2,65
2021-10-13,18175.2,18186.1,18173.95,18181.2,14:40:00,18173.495439102862,2,66
2021-10-13,18174.2,18184.7,18172.7,18174.15,14:45:00,18173.562540140687,2,67
2021-10-13,18180.5,18184.65,18171.55,18176.25,14:50:00,18174.22325060348,2,68
2021-10-13,18181.55,18184.15,18175.75,18180.05,14:55:00,18174.92103626029,2,69
2021-10-13,18162.95,18182.45,18160.25,18180.7,15:00:00,18173.78093756884,2,70
2021-10-13,18155.85,18163.6,18155.85,18163.0,15:05:00,18172.073229228943,2,71
2021-10-13,18167.3,18169.65,18157.2,18157.2,15:10:00,18171.618635969044,2,72
2021-10-13,18164.2,18167.25,18159.95,18166.7,15:15:00,18170.912099210087,2,73
2021-10-13,18156.95,18163.9,18150.65,18163.9,15:20:00,18169.582375475795,2,74
2021-10-13,18165.75,18168.1,18156.4,18157.1,15:25:00,18169.21738733524,2,75
2021-10-14,18282.6,18293.35,18257.95,18286.75,09:15:00,18180.01573139855,3,1
2021-10-14,18283.75,18294.75,18276.6,18284.6,09:20:00,18189.895185551068,3,2
2021-10-14,18275.95,18283.55,18265.15,18283.55,09:25:00,18198.09088216525,3,3
2021-10-14,18270.05,18286.15,18254.95,18275.55,09:30:00,18204.944131482847,3,4
2021-10-14,18264.75,18287.25,18262.7,18267.2,09:35:00,18210.63992848448,3,5
2021-10-14,18260.45,18269.0,18254.5,18263.55,09:40:00,18215.38374481929,3,6
2021-10-14,18279.15,18281.1,18260.35,18260.35,09:45:00,18221.456721503164,3,7
2021-10-14,18275.3,18282.55,18271.25,18279.8,09:50:00,18226.584652788577,3,8
2021-10-14,18285.95,18286.9,18271.85,18273.95,09:55:00,18232.23849538014,3,9
2021-10-14,18283.05,18285.4,18275.15,18285.4,10:00:00,18237.07768629632,3,10
2021-10-14,18285.1,18289.75,18275.5,18284.15,10:05:00,18241.651239982384,3,11
2021-10-14,18275.45,18285.6,18270.4,18285.25,10:10:00,18244.87016950787,3,12
2021-10-14,18269.9,18279.7,18263.8,18273.9,10:15:00,18247.25396288808,3,13
2021-10-14,18279.75,18284.65,18269.2,18270.05,10:20:00,18250.3488235654,3,14
2021-10-14,18279.8,18283.8,18275.5,18281.1,10:25:00,18253.153697511552,3,15
2021-10-14,18277.6,18285.4,18272.7,18279.45,10:30:00,18255.48191679617,3,16
2021-10-14,18274.7,18278.6,18269.6,18276.4,10:35:00,18257.31221043463,3,17
2021-10-14,18275.0,18283.1,18274.1,18274.1,10:40:00,18258.996761821807,3,18
2021-10-14,18276.75,18282.2,18273.4,18275.7,10:45:00,18260.68754641021,3,19
2021-10-14,18285.25,18286.3,18276.75,18277.05,10:50:00,18263.026827704474,3,20
2021-10-14,18286.85,18288.4,18280.4,18285.8,10:55:00,18265.29570125643,3,21
2021-10-14,18302.1,18303.25,18284.95,18287.15,11:00:00,18268.80087256534,3,22
2021-10-14,18302.05,18303.7,18291.6,18303.4,11:05:00,18271.967456130547,3,23
2021-10-14,18299.7,18304.15,18292.65,18302.5,11:10:00,18274.60865078478,3,24
2021-10-14,18305.85,18306.65,18296.85,18298.75,11:15:00,18277.584017376703,3,25
2021-10-14,18308.2,18315.9,18302.95,18304.75,11:20:00,18280.49982524559,3,26
2021-10-14,18309.4,18313.55,18306.5,18307.25,11:25:00,18283.25222284125,3,27
2021-10-14,18314.05,18319.6,18309.4,18309.5,11:30:00,18286.185344475416,3,28
2021-10-14,18302.5,18314.5,18301.6,18313.05,11:35:00,18287.73912119204,3,29
2021-10-14,18306.1,18308.8,18300.95,18304.45,11:40:00,18289.487776316608,3,30
2021-10-14,18318.4,18319.25,18304.6,18306.95,11:45:00,18292.241321429312,3,31
2021-10-14,18318.9,18323.2,18315.3,18317.15,11:50:00,18294.78024319795,3,32
2021-10-14,18310.0,18322.15,18306.55,18319.95,11:55:00,18296.229743845764,3,33
2021-10-14,18306.1,18314.75,18304.4,18310.95,12:00:00,18297.16976824141,3,34
2021-10-14,18305.9,18307.45,18300.65,18306.45,12:05:00,18298.001218885085,3,35
2021-10-14,18309.95,18311.75,18300.35,18306.3,12:10:00,18299.139198038887,3,36
2021-10-14,18301.0,18312.45,18295.2,18310.9,12:15:00,18299.31641727328,3,37
2021-10-14,18303.4,18305.9,18299.5,18300.35,12:20:00,18299.70532991392,3,38
2021-10-14,18300.05,18305.5,18297.05,18304.15,12:25:00,18299.738155636405,3,39
2021-10-14,18293.45,18299.85,18290.8,18299.45,12:30:00,18299.13928367104,3,40
2021-10-14,18290.25,18295.4,18287.9,18293.75,12:35:00,18298.292685226173,3,41
2021-10-14,18296.2,18300.85,18289.55,18290.35,12:40:00,18298.0933818713,3,42
2021-10-14,18291.65,18302.6,18290.1,18296.1,12:45:00,18297.479726454985,3,43
2021-10-14,18288.3,18292.85,18281.7,18291.2,12:50:00,18296.605466792607,3,44
2021-10-14,18284.8,18292.6,18282.65,18288.9,12:55:00,18295.48113662189,3,45
2021-10-14,18273.65,18285.65,18267.9,18284.95,13:00:00,18293.401980753133,3,46
2021-10-14,18278.35,18280.4,18266.45,18274.6,13:05:00,18291.96845877664,3,47
2021-10-14,18283.7,18286.3,18273.7,18278.6,13:10:00,18291.1809865122,3,48
2021-10-14,18276.7,18284.2,18273.5,18283.5,13:15:00,18289.80184493961,3,49
2021-10-14,18273.55,18281.6,18272.05,18276.3,13:20:00,18288.254050183456,3,50
2021-10-14,18261.5,18275.15,18260.45,18274.55,13:25:00,18285.70604540408,3,51
2021-10-14,18267.9,18270.7,18248.7,18259.05,13:30:00,18284.01023155608,3,52
2021-10-14,18282.0,18285.65,18261.25,18268.3,13:35:00,18283.818780931688,3,53
2021-10-14,18299.45,18301.3,18281.15,18281.7,13:40:00,18285.307468462004,3,54
2021-10-14,18300.8,18308.75,18297.9,18299.35,13:45:00,18286.782947656106,3,55
2021-10-14,18297.55,18304.3,18295.05,18301.95,13:50:00,18287.80838121266,3,56
2021-10-14,18294.0,18301.15,18294.0,18298.2,13:55:00,18288.39805919241,3,57
2021-10-14,18316.4,18318.15,18293.1,18295.25,14:00:00,18291.064910697896,3,58
2021-10-14,18310.45,18316.25,18305.55,18316.25,14:05:00,18292.911109679048,3,59
2021-10-14,18308.75,18316.35,18307.75,18310.8,14:10:00,18294.4195754239,3,60
2021-10-14,18317.4,18321.85,18306.55,18309.1,14:15:00,18296.60818728829,3,61
2021-10-14,18321.45,18324.6,18315.7,18317.35,14:20:00,18298.974074213216,3,62
2021-10-14,18304.5,18325.5,18303.5,18321.75,14:25:00,18299.500352859577,3,63
2021-10-14,18313.35,18313.9,18296.75,18304.7,14:30:00,18300.819366872947,3,64
2021-10-14,18302.2,18319.7,18301.95,18313.2,14:35:00,18300.95085574219,3,65
2021-10-14,18307.5,18310.5,18300.45,18302.4,14:40:00,18301.574583766745,3,66
2021-10-14,18320.7,18320.75,18306.3,18306.4,14:45:00,18303.39605197943,3,67
2021-10-14,18331.0,18332.6,18318.45,18320.75,14:50:00,18306.02499940996,3,68
2021-10-14,18330.3,18334.9,18325.8,18333.15,14:55:00,18308.33690422806,3,69
2021-10-14,18337.95,18337.95,18324.85,18330.65,15:00:00,18311.157199063484,3,70
2021-10-14,18341.55,18343.4,18335.0,18339.0,15:05:00,18314.05175153363,3,71
2021-10-14,18340.05,18343.55,18336.3,18340.75,15:10:00,18316.527775197093,3,72
2021-10-14,18344.9,18350.75,18339.95,18339.95,15:15:00,18319.229891844992,3,73
2021-10-14,18334.7,18346.3,18332.1,18345.95,15:20:00,18320.703235478803,3,74
2021-10-14,18339.05,18339.65,18332.15,18335.65,15:25:00,18322.450546385586,3,75
2021-10-18,18449.35,18512.6,18445.3,18502.5,09:15:00,18334.53620863457,0,1
2021-10-18,18483.4,18485.35,18447.7,18452.1,09:20:00,18348.71371257414,0,2
2021-10-18,18514.5,18517.5,18482.8,18483.2,09:25:00,18364.502882805173,0,3
2021-10-18,18494.85,18521.1,18491.05,18513.25,09:30:00,18376.916893966587,0,4
2021-10-18,18490.75,18500.3,18480.15,18493.8,09:35:00,18387.758142160244,0,5
2021-10-18,18471.4,18498.45,18468.3,18491.35,09:40:00,18395.72403338308,0,6
2021-10-18,18483.05,18485.75,18461.2,18470.95,09:45:00,18404.0407921085,0,7
2021-10-18,18467.9,18491.05,18467.2,18484.2,09:50:00,18410.1226214315,0,8
2021-10-18,18464.6,18476.9,18449.9,18469.0,09:55:00,18415.31094319993,0,9
2021-10-18,18472.85,18476.15,18462.0,18466.1,10:00:00,18420.790853371363,0,10
2021-10-18,18474.55,18489.55,18468.15,18472.0,10:05:00,18425.9107720979,0,11
2021-10-18,18498.8,18501.55,18474.2,18474.95,10:10:00,18432.85260332667,0,12
2021-10-18,18492.5,18505.4,18492.15,18499.3,10:15:00,18438.53330777175,0,13
2021-10-18,18500.3,18507.05,18490.7,18492.75,10:20:00,18444.41584988873,0,14
2021-10-18,18498.4,18509.1,18498.4,18500.9,10:25:00,18449.55719751837,0,15
2021-10-18,18499.4,18503.35,18485.7,18498.6,10:30:00,18454.30413108805,0,16
2021-10-18,18507.1,18508.1,18495.15,18500.1,10:35:00,18459.332309079666,0,17
2021-10-18,18498.25,18507.8,18495.5,18506.25,10:40:00,18463.038755833983,0,18
2021-10-18,18520.05,18520.05,18499.0,18499.25,10:45:00,18468.46839813551,0,19
2021-10-18,18502.25,18524.4,18499.3,18519.25,10:50:00,18471.68569355117,0,20
2021-10-18,18499.95,18512.05,18496.3,18502.7,10:55:00,18474.377532260587,0,21
2021-10-18,18506.65,18507.1,18489.65,18500.85,11:00:00,18477.45110061672,0,22
2021-10-18,18506.2,18512.8,18503.15,18506.6,11:05:00,18480.18909103417,0,23
2021-10-18,18494.15,18509.9,18494.05,18507.3,11:10:00,18481.51870141187,0,24
2021-10-18,18494.35,18497.95,18489.85,18494.35,11:15:00,18482.740729848832,0,25
2021-10-18,18500.15,18506.35,18492.8,18493.45,11:20:00,18484.39875557752,0,26
2021-10-18,18506.35,18509.05,18498.5,18499.7,11:25:00,18486.48935028442,0,27
2021-10-18,18492.8,18510.1,18492.65,18506.45,11:30:00,18487.090364543048,0,28
2021-10-18,18494.5,18499.45,18487.65,18492.45,11:35:00,18487.79604411038,0,29
2021-10-18,18494.4,18500.0,18491.85,18494.9,11:40:00,18488.42499229034,0,30
2021-10-18,18501.5,18502.5,18493.65,18493.8,11:45:00,18489.67023111983,0,31
2021-10-18,18506.4,18512.15,18500.95,18502.0,11:50:00,18491.26354244176,0,32
2021-10-18,18500.95,18509.8,18500.6,18506.1,11:55:00,18492.186062209206,0,33
2021-10-18,18506.2,18511.15,18494.15,18501.4,12:00:00,18493.520722951187,0,34
2021-10-18,18512.05,18514.1,18503.15,18504.45,12:05:00,18495.28541600345,0,35
2021-10-18,18514.9,18521.85,18510.35,18512.35,12:10:00,18497.15347162217,0,36
2021-10-18,18512.7,18517.75,18506.2,18515.5,12:15:00,18498.63409337244,0,37
2021-10-18,18508.0,18515.05,18503.05,18513.3,12:20:00,18499.52608447983,0,38
2021-10-18,18512.7,18523.2,18507.65,18507.9,12:25:00,18500.7807431008,0,39
2021-10-18,18524.15,18524.15,18512.15,18513.65,12:30:00,18503.00638661501,0,40
2021-10-18,18526.45,18534.6,18524.0,18524.9,12:35:00,18505.23911169929,0,41
2021-10-18,18530.55,18531.9,18522.0,18526.4,12:40:00,18507.64967248984,0,42
2021-10-18,18540.25,18543.15,18530.15,18531.35,12:45:00,18510.754465586044,0,43
2021-10-18,18525.2,18540.25,18522.45,18540.2,12:50:00,18512.130230768325,0,44
2021-10-18,18507.5,18525.8,18500.6,18525.8,12:55:00,18511.68925640944,0,45
2021-10-18,18498.75,18520.15,18497.45,18507.25,13:00:00,18510.4569462752,0,46
2021-10-18,18499.15,18509.25,18495.0,18498.45,13:05:00,18509.38009424899,0,47
2021-10-18,18492.15,18510.5,18491.55,18499.3,13:10:00,18507.739132891944,0,48
2021-10-18,18477.05,18498.85,18469.0,18492.4,13:15:00,18504.81635833081,0,49
2021-10-18,18477.35,18483.9,18466.95,18476.1,13:20:00,18502.20051468025,0,50
2021-10-18,18486.05,18491.65,18470.5,18476.55,13:25:00,18500.66237042499,0,51
2021-10-18,18500.85,18504.95,18479.05,18486.85,13:30:00,18500.680239908324,0,52
2021-10-18,18500.9,18508.1,18497.25,18500.55,13:35:00,18500.701169440865,0,53
2021-10-18,18505.75,18509.85,18499.55,18499.55,13:40:00,18501.182010446497,0,54
2021-10-18,18503.0,18509.55,18495.75,18505.4,13:45:00,18501.355152308737,0,55
2021-10-18,18509.05,18515.45,18501.6,18502.55,13:50:00,18502.087994946,0,56
2021-10-18,18514.1,18516.5,18508.1,18508.75,13:55:00,18503.231995427333,0,57
2021-10-18,18520.1,18524.3,18509.45,18512.6,14:00:00,18504.8384720533,0,58
2021-10-18,18529.35,18531.5,18514.05,18519.9,14:05:00,18507.17290328632,0,59
2021-10-18,18528.95,18534.35,18523.6,18528.4,14:10:00,18509.246912497147,0,60
2021-10-18,18524.9,18533.35,18514.8,18528.3,14:15:00,18510.737682735515,0,61
2021-10-18,18510.55,18525.5,18510.55,18524.75,14:20:00,18510.71980818928,0,62
2021-10-18,18509.9,18513.85,18504.9,18510.45,14:25:00,18510.64173121887,0,63
2021-10-18,18503.0,18511.75,18501.1,18509.8,14:30:00,18509.913947293266,0,64
2021-10-18,18505.2,18510.3,18499.0,18502.25,14:35:00,18509.464999932003,0,65
2021-10-18,18486.65,18508.0,18479.9,18505.25,14:40:00,18507.292142795624,0,66
2021-10-18,18488.95,18494.1,18480.9,18486.55,14:45:00,18505.545272053183,0,67
2021-10-18,18488.0,18490.25,18478.75,18489.25,14:50:00,18503.874293762405,0,68
2021-10-18,18495.15,18497.7,18486.45,18487.8,14:55:00,18503.043408642177,0,69
2021-10-18,18494.75,18504.75,18488.1,18496.1,15:00:00,18502.253560200068,0,70
2021-10-18,18483.4,18496.05,18480.9,18495.35,15:05:00,18500.457983038155,0,71
2021-10-18,18475.0,18484.65,18470.85,18484.05,15:10:00,18498.033413225,0,72
2021-10-18,18467.15,18477.0,18466.05,18475.05,15:15:00,18495.092135775,0,73
2021-10-18,18473.85,18476.85,18461.35,18467.6,15:20:00,18493.069075225,0,74
2021-10-18,18476.6,18477.3,18468.6,18473.95,15:25:00,18491.50059187024,0,75
2021-10-19,18565.75,18604.45,18534.65,18604.45,09:15:00,18498.571964073075,1,1
2021-10-19,18572.4,18579.45,18555.5,18562.75,09:20:00,18505.603205589923,1,2
2021-10-19,18581.95,18588.45,18565.5,18573.75,09:25:00,18512.87432886708,1,3
2021-10-19,18581.75,18584.9,18565.55,18580.65,09:30:00,18519.433916594026,1,4
2021-10-19,18566.5,18583.45,18561.1,18582.6,09:35:00,18523.916400727925,1,5
2021-10-19,18574.35,18578.55,18560.75,18564.35,09:40:00,18528.7196006586,1,6
2021-10-19,18579.85,18581.95,18567.5,18573.75,09:45:00,18533.58916250064,1,7
2021-10-19,18587.2,18594.85,18576.2,18580.7,09:50:00,18538.694956548195,1,8
2021-10-19,18557.55,18591.8,18557.4,18587.85,09:55:00,18540.490674972178,1,9
2021-10-19,18497.6,18559.5,18495.9,18559.4,10:00:00,18536.40584878436,1,10
2021-10-19,18406.35,18494.8,18405.75,18494.8,10:05:00,18524.01957747156,1,11
2021-10-19,18457.85,18466.6,18400.25,18403.95,10:10:00,18517.717712950456,1,12
2021-10-19,18509.7,18510.2,18439.65,18459.45,10:15:00,18516.954121240888,1,13
2021-10-19,18484.1,18515.35,18469.4,18511.15,10:20:00,18513.825157313186,1,14
2021-10-19,18507.3,18513.45,18482.95,18483.7,10:25:00,18513.203713759547,1,15
2021-10-19,18491.8,18524.85,18491.8,18508.4,10:30:00,18511.165264830062,1,16
2021-10-19,18514.85,18521.0,18489.8,18491.75,10:35:00,18511.516191989107,1,17
2021-10-19,18520.85,18535.15,18511.55,18514.8,10:40:00,18512.40512608538,1,18
2021-10-19,18530.35,18537.75,18515.65,18521.45,10:45:00,18514.114161696296,1,19
2021-10-19,18545.25,18551.05,18533.1,18533.2,10:50:00,18517.07947962998,1,20
2021-10-19,18541.7,18546.8,18522.7,18545.75,10:55:00,18519.42429109379,1,21
2021-10-19,18541.75,18551.4,18536.5,18543.65,11:00:00,18521.55054908486,1,22
2021-10-19,18536.9,18547.5,18533.45,18542.2,11:05:00,18523.01240155297,1,23
2021-10-19,18536.55,18544.4,18530.45,18535.65,11:10:00,18524.30169664316,1,24
2021-10-19,18539.55,18543.2,18529.2,18535.35,11:15:00,18525.75391601048,1,25
2021-10-19,18565.5,18569.1,18539.6,18539.7,11:20:00,18529.53925734281,1,26
2021-10-19,18563.75,18576.0,18560.8,18565.75,11:25:00,18532.797423310167,1,27
2021-10-19,18555.9,18564.95,18552.05,18564.95,11:30:00,18534.9976687092,1,28
2021-10-19,18554.1,18562.5,18549.35,18556.05,11:35:00,18536.81693835594,1,29
2021-10-19,18565.65,18565.65,18546.95,18553.65,11:40:00,18539.562944226804,1,30
2021-10-19,18557.95,18571.2,18555.9,18565.95,11:45:00,18541.31409239568,1,31
2021-10-19,18564.15,18566.2,18557.6,18558.2,11:50:00,18543.48894073895,1,32
2021-10-19,18565.25,18571.6,18561.65,18564.05,11:55:00,18545.561422573333,1,33
2021-10-19,18567.85,18569.6,18563.4,18566.5,12:00:00,18547.68414423301,1,34
2021-10-19,18580.3,18582.35,18566.35,18568.75,12:05:00,18550.790416210824,1,35
2021-10-19,18573.5,18583.55,18572.8,18581.05,12:10:00,18552.95323371456,1,36
2021-10-19,18581.2,18581.5,18571.9,18574.15,12:15:00,18555.64340193222,1,37
2021-10-19,18583.25,18587.35,18579.2,18581.7,12:20:00,18558.2726017482,1,38
2021-10-19,18575.8,18584.65,18574.4,18583.2,12:25:00,18559.941877772177,1,39
2021-10-19,18590.0,18590.0,18568.3,18575.1,12:30:00,18562.804556079587,1,40
2021-10-19,18561.45,18590.95,18556.25,18590.4,12:35:00,18562.67555073868,1,41
2021-10-19,18552.0,18564.65,18551.35,18561.65,12:40:00,18561.6588316207,1,42
2021-10-19,18569.7,18573.05,18551.65,18553.05,12:45:00,18562.42465718064,1,43
2021-10-19,18580.6,18582.7,18563.9,18569.0,12:50:00,18564.15564221105,1,44
2021-10-19,18585.45,18585.45,18576.25,18581.1,12:55:00,18566.18367628619,1,45
2021-10-19,18580.15,18590.95,18579.9,18586.05,13:00:00,18567.51380235417,1,46
2021-10-19,18583.8,18587.8,18574.75,18580.3,13:05:00,18569.06486879663,1,47
2021-10-19,18582.25,18586.35,18572.0,18582.55,13:10:00,18570.320595577905,1,48
2021-10-19,18566.75,18584.6,18566.3,18581.0,13:15:00,18569.9805388562,1,49
2021-10-19,18576.35,18577.7,18561.85,18566.7,13:20:00,18570.58715420323,1,50
2021-10-19,18582.35,18583.55,18574.6,18576.05,13:25:00,18571.70742523149,1,51
2021-10-19,18585.8,18589.35,18581.75,18583.65,13:30:00,18573.049575209443,1,52
2021-10-19,18573.6,18585.6,18573.35,18585.55,13:35:00,18573.10199661807,1,53
2021-10-19,18568.5,18581.35,18568.45,18574.45,13:40:00,18572.663711225872,1,54
2021-10-19,18576.35,18582.65,18568.55,18568.55,13:45:00,18573.01478634722,1,55
2021-10-19,18577.95,18578.6,18568.15,18576.9,13:50:00,18573.4848066951,1,56
2021-10-19,18559.7,18585.1,18558.45,18577.1,13:55:00,18572.17196796224,1,57
2021-10-19,18530.6,18559.55,18523.05,18559.25,14:00:00,18568.21273291821,1,58
2021-10-19,18527.75,18539.9,18508.1,18528.4,14:05:00,18564.35913930695,1,59
2021-10-19,18515.15,18528.05,18505.9,18527.15,14:10:00,18559.67255461105,1,60
2021-10-19,18508.95,18525.2,18504.8,18514.6,14:15:00,18554.841835124284,1,61
2021-10-19,18474.75,18509.2,18461.65,18509.2,14:20:00,18547.214041302923,1,62
2021-10-19,18520.4,18522.5,18469.55,18473.7,14:25:00,18544.6603230836,1,63
2021-10-19,18512.9,18519.7,18504.0,18519.7,14:30:00,18541.63553040897,1,64
2021-10-19,18523.95,18537.75,18508.8,18512.45,14:35:00,18539.951194179543,1,65
2021-10-19,18499.45,18525.4,18498.35,18524.15,14:40:00,18536.093937591017,1,66
2021-10-19,18481.85,18508.75,18479.65,18498.8,14:45:00,18530.92784829664,1,67
2021-10-19,18475.9,18493.65,18475.2,18482.45,14:50:00,18525.68710083981,1,68
2021-10-19,18486.85,18492.15,18476.8,18476.8,14:55:00,18521.98832933126,1,69
2021-10-19,18457.05,18489.75,18445.4,18487.75,15:00:00,18515.803726537804,1,70
2021-10-19,18429.6,18463.95,18428.9,18457.5,15:05:00,18507.59384781992,1,71
2021-10-19,18403.9,18436.55,18394.9,18429.9,15:10:00,18497.71824326564,1,72
2021-10-19,18385.3,18415.7,18377.7,18404.4,15:15:00,18487.01174390701,1,73
2021-10-19,18418.8,18422.55,18384.6,18384.6,15:20:00,18480.51538734444,1,74
2021-10-19,18422.15,18431.2,18415.4,18417.9,15:25:00,18474.95677902592,1,75
2021-10-20,18415.55,18458.2,18396.5,18447.35,09:15:00,18464.180039066567,2,1
2021-10-20,18332.4,18421.8,18327.1,18418.3,09:20:00,18451.629559155463,2,2
2021-10-20,18375.45,18396.8,18326.95,18337.9,09:25:00,18444.374363045423,2,3
2021-10-20,18380.65,18389.35,18362.0,18376.7,09:30:00,18438.30537608872,2,4
2021-10-20,18407.2,18414.7,18371.15,18380.0,09:35:00,18435.34295931836,2,5
2021-10-20,18396.05,18423.5,18391.9,18407.0,09:40:00,18431.60077271661,2,6
2021-10-20,18387.2,18414.2,18380.55,18397.6,09:45:00,18427.372127695984,2,7
2021-10-20,18398.6,18407.3,18386.2,18388.35,09:50:00,18424.63192505827,2,8
2021-10-20,18415.55,18416.65,18391.6,18399.0,09:55:00,18423.766979814623,2,9
2021-10-20,18431.65,18436.85,18417.45,18419.2,10:00:00,18424.517743641805,2,10
2021-10-20,18454.2,18455.65,18428.7,18428.7,10:05:00,18427.344625199727,2,11
2021-10-20,18444.8,18458.3,18434.35,18454.75,10:10:00,18429.007041847373,2,12
2021-10-20,18435.9,18451.7,18434.8,18444.3,10:15:00,18429.663514052383,2,13
2021-10-20,18398.0,18434.05,18391.7,18434.0,10:20:00,18426.64794128549,2,14
2021-10-20,18421.25,18430.7,18390.15,18398.5,10:25:00,18426.133851639253,2,15
2021-10-20,18416.95,18429.95,18410.3,18423.85,10:30:00,18425.259199102184,2,16
2021-10-20,18416.9,18423.25,18405.3,18417.05,10:35:00,18424.463084901978,2,17
2021-10-20,18399.7,18416.95,18392.5,18416.75,10:40:00,18422.10469586369,2,18
2021-10-20,18388.65,18404.25,18384.8,18400.3,10:45:00,18418.918534352862,2,19
2021-10-20,18382.25,18394.15,18377.1,18388.95,10:50:00,18415.42629298593,2,20
2021-10-20,18389.05,18398.2,18379.75,18381.2,10:55:00,18412.914265082505,2,21
2021-10-20,18374.9,18391.65,18369.95,18390.2,11:00:00,18409.29385888417,2,22
2021-10-20,18383.45,18390.8,18375.35,18375.35,11:05:00,18406.83253899044,2,23
2021-10-20,18400.1,18402.9,18383.3,18383.3,11:10:00,18406.19134480088,2,24
2021-10-20,18407.55,18411.65,18396.95,18400.3,11:15:00,18406.320740534127,2,25
2021-10-20,18403.6,18409.75,18396.85,18409.3,11:20:00,18406.06162238802,2,26
2021-10-20,18419.5,18420.85,18402.25,18403.85,11:25:00,18407.34146787488,2,27
2021-10-20,18380.45,18424.8,18379.65,18419.25,11:30:00,18404.78037569632,2,28
2021-10-20,18371.95,18385.0,18370.55,18381.6,11:35:00,18401.65367324905,2,29
2021-10-20,18386.95,18391.5,18371.65,18373.7,11:40:00,18400.253323415807,2,30
2021-10-20,18339.95,18393.15,18332.45,18387.65,11:45:00,18394.51014975716,2,31
2021-10-20,18328.9,18353.9,18328.9,18342.45,11:50:00,18388.261564066,2,32
2021-10-20,18333.75,18344.2,18319.0,18329.85,11:55:00,18383.069986535906,2,33
2021-10-20,18310.85,18343.35,18303.95,18333.85,12:00:00,18376.191892580107,2,34
2021-10-20,18324.15,18334.75,18301.75,18310.45,12:05:00,18371.235521858194,2,35
2021-10-20,18302.75,18324.0,18302.6,18323.75,12:10:00,18364.71309120503,2,36
2021-10-20,18296.4,18305.0,18283.8,18301.55,12:15:00,18358.20708251884,2,37
2021-10-20,18333.3,18334.65,18295.95,18296.2,12:20:00,18355.834979421805,2,38
2021-10-20,18314.0,18332.5,18308.9,18332.5,12:25:00,18351.85069566735,2,39
2021-10-20,18318.0,18323.4,18313.1,18314.2,12:30:00,18348.626819889505,2,40
2021-10-20,18308.45,18320.65,18299.6,18319.15,12:35:00,18344.800456090503,2,41
2021-10-20,18294.15,18313.55,18290.65,18311.75,12:40:00,18339.976603129504,2,42
2021-10-20,18318.6,18324.25,18277.75,18293.9,12:45:00,18337.940736164783,2,43
2021-10-20,18334.75,18337.8,18316.15,18318.8,12:50:00,18337.636856530047,2,44
2021-10-20,18318.55,18341.0,18317.2,18335.85,12:55:00,18335.81906067004,2,45
2021-10-20,18335.15,18341.85,18318.35,18318.35,13:00:00,18335.75534060623,2,46
2021-10-20,18322.8,18337.5,18297.55,18336.1,13:05:00,18334.52149864373,2,47
2021-10-20,18345.7,18347.8,18321.45,18323.2,13:10:00,18335.58611782052,2,48
2021-10-20,18340.05,18364.25,18334.5,18346.4,13:15:00,18336.01124945666,2,49
2021-10-20,18328.3,18340.75,18325.4,18340.2,13:20:00,18335.276844746502,2,50
2021-10-20,18309.3,18328.95,18309.3,18328.95,13:25:00,18332.80285953255,2,51
2021-10-20,18293.25,18310.5,18286.25,18310.3,13:30:00,18329.035920529448,2,52
2021-10-20,18282.2,18294.4,18269.6,18294.4,13:35:00,18324.575356669506,2,53
2021-10-20,18285.15,18299.35,18277.3,18282.6,13:40:00,18320.82056079621,2,54
2021-10-20,18268.4,18287.3,18262.35,18286.2,13:45:00,18315.82812643467,2,55
2021-10-20,18265.7,18278.3,18252.25,18269.05,13:50:00,18311.054019155177,2,56
2021-10-20,18279.5,18285.65,18263.55,18264.85,13:55:00,18308.04887447373,2,57
2021-10-20,18253.2,18286.25,18251.25,18279.4,14:00:00,18302.825172142904,2,58
2021-10-20,18265.7,18269.85,18241.8,18250.65,14:05:00,18299.289441462628,2,59
2021-10-20,18254.4,18273.5,18249.55,18266.15,14:10:00,18295.014256561422,2,60
2021-10-20,18234.1,18255.55,18225.35,18255.55,14:15:00,18289.21289879367,2,61
2021-10-20,18225.6,18238.6,18211.9,18234.55,14:20:00,18283.154527479983,2,62
2021-10-20,18220.8,18235.05,18213.75,18226.0,14:25:00,18277.21600105332,2,63
2021-10-20,18236.05,18244.25,18220.8,18221.2,14:30:00,18273.29542952443,2,64
2021-10-20,18223.65,18242.35,18209.35,18241.6,14:35:00,18268.567293379245,2,65
2021-10-20,18225.7,18232.2,18209.8,18223.75,14:40:00,18264.484694009792,2,66
2021-10-20,18242.75,18248.0,18222.1,18226.15,14:45:00,18262.41472315172,2,67
2021-10-20,18250.8,18261.65,18240.15,18243.65,14:50:00,18261.30855904204,2,68
2021-10-20,18259.8,18261.7,18234.65,18251.35,14:55:00,18261.16488675232,2,69
2021-10-20,18265.7,18265.7,18251.8,18261.5,15:00:00,18261.596802299715,2,70
2021-10-20,18264.15,18286.3,18263.35,18265.6,15:05:00,18261.83996398545,2,71
2021-10-20,18259.8,18265.6,18250.75,18263.65,15:10:00,18261.645681701128,2,72
2021-10-20,18266.6,18269.1,18254.0,18259.15,15:15:00,18262.11752153912,2,73
2021-10-20,18280.8,18280.8,18263.15,18267.5,15:20:00,18263.896805202057,2,74
2021-10-20,18282.3,18285.65,18274.15,18281.15,15:25:00,18265.64949042091,2,75
2021-10-21,18335.15,18384.2,18330.25,18384.2,09:15:00,18272.2685865713,3,1
2021-10-21,18315.7,18347.1,18315.25,18339.5,09:20:00,18276.404911659745,3,2
2021-10-21,18292.45,18327.75,18288.6,18315.3,09:25:00,18277.9330153112,3,3
2021-10-21,18260.55,18299.45,18250.75,18292.6,09:30:00,18276.277490043463,3,4
2021-10-21,18269.45,18293.55,18247.55,18257.1,09:35:00,18275.62725289647,3,5
2021-10-21,18269.5,18285.4,18264.75,18266.95,09:40:00,18275.043705001568,3,6
2021-10-21,18294.75,18294.85,18252.5,18268.7,09:45:00,18276.920495001417,3,7
2021-10-21,18267.6,18293.95,18267.1,18293.35,09:50:00,18276.032828810807,3,8
2021-10-21,18278.9,18278.9,18258.25,18268.1,09:55:00,18276.305892733584,3,9
2021-10-21,18262.35,18286.8,18261.0,18280.75,10:00:00,18274.97676009229,3,10
2021-10-21,18244.05,18267.15,18235.3,18263.1,10:05:00,18272.031354369214,3,11
2021-10-21,18245.5,18256.05,18239.35,18245.05,10:10:00,18269.504558715005,3,12
2021-10-21,18229.5,18247.35,18220.05,18244.9,10:15:00,18265.69460074215,3,13
2021-10-21,18230.7,18234.85,18217.35,18229.8,10:20:00,18262.36178162385,3,14
2021-10-21,18233.05,18242.25,18230.1,18230.8,10:25:00,18259.57018337396,3,15
2021-10-21,18221.3,18234.6,18219.75,18234.6,10:30:00,18255.92540400501,3,16
2021-10-21,18206.15,18222.1,18205.35,18222.1,10:35:00,18251.18488933787,3,17
2021-10-21,18183.25,18209.05,18183.15,18205.85,10:40:00,18244.714899877123,3,18
2021-10-21,18182.3,18189.85,18167.9,18182.2,10:45:00,18238.77062369835,3,19
2021-10-21,18166.85,18188.25,18160.75,18183.5,10:50:00,18231.921040488985,3,20
2021-10-21,18143.65,18172.6,18141.95,18166.45,10:55:00,18223.51427472813,3,21
2021-10-21,18123.9,18149.5,18123.9,18143.25,11:00:00,18214.0272009445,3,22
2021-10-21,18151.4,18154.6,18118.15,18123.9,11:05:00,18208.06270561645,3,23
2021-10-21,18131.6,18159.6,18127.35,18151.05,11:10:00,18200.78054317679,3,24
2021-10-21,18132.55,18133.9,18106.65,18130.15,11:15:00,18194.28239620757,3,25
2021-10-21,18141.1,18141.1,18130.6,18132.9,11:20:00,18189.217406092564,3,26
2021-10-21,18154.75,18154.75,18139.05,18142.25,11:25:00,18185.93479598851,3,27
2021-10-21,18168.25,18180.6,18150.3,18154.25,11:30:00,18184.250529703888,3,28
2021-10-21,18181.55,18188.5,18167.65,18168.95,11:35:00,18183.993336398755,3,29
2021-10-21,18175.3,18193.95,18172.3,18183.35,11:40:00,18183.165399598875,3,30
2021-10-21,18178.0,18189.85,18168.85,18177.35,11:45:00,18182.673456779936,3,31
2021-10-21,18176.7,18189.7,18175.8,18178.7,11:50:00,18182.104556134225,3,32
2021-10-21,18160.75,18178.45,18152.15,18177.5,11:55:00,18180.070788883346,3,33
2021-10-21,18148.3,18165.8,18142.65,18162.15,12:00:00,18177.044999465885,3,34
2021-10-21,18155.1,18162.5,18146.7,18149.35,12:05:00,18174.95499951675,3,35
2021-10-21,18163.55,18164.7,18154.35,18156.55,12:10:00,18173.868809086583,3,36
2021-10-21,18153.35,18170.15,18147.05,18163.9,12:15:00,18171.914636792622,3,37
2021-10-21,18131.05,18161.7,18130.15,18154.35,12:20:00,18168.022766621896,3,38
2021-10-21,18129.1,18138.7,18120.55,18131.7,12:25:00,18164.315836467427,3,39
2021-10-21,18131.0,18146.3,18125.6,18129.3,12:30:00,18161.142899661005,3,40
2021-10-21,18127.5,18132.05,18112.8,18131.35,12:35:00,18157.938813979006,3,41
2021-10-21,18141.35,18142.75,18119.45,18127.2,12:40:00,18156.358926933382,3,42
2021-10-21,18157.15,18157.35,18138.15,18144.45,12:45:00,18156.43426722545,3,43
2021-10-21,18150.0,18170.35,18143.0,18158.45,12:50:00,18155.82147987064,3,44
2021-10-21,18171.15,18181.15,18141.45,18151.65,12:55:00,18157.281338930577,3,45
2021-10-21,18166.4,18178.25,18162.6,18171.2,13:00:00,18158.149782841952,3,46
2021-10-21,18152.2,18167.2,18147.3,18166.8,13:05:00,18157.583136857003,3,47
2021-10-21,18139.2,18153.9,18136.2,18152.25,13:10:00,18155.83236191824,3,48
2021-10-21,18127.9,18143.0,18119.0,18139.95,13:15:00,18153.172136973648,3,49
2021-10-21,18126.55,18137.05,18118.85,18128.3,13:20:00,18150.63669535711,3,50
2021-10-21,18104.35,18146.4,18102.25,18125.4,13:25:00,18146.22843865643,3,51
2021-10-21,18092.95,18116.9,18085.3,18104.6,13:30:00,18141.15430164153,3,52
2021-10-21,18094.25,18100.6,18079.75,18094.05,13:35:00,18136.68722529472,3,53
2021-10-21,18088.6,18095.95,18072.65,18095.95,13:40:00,18132.107489552367,3,54
2021-10-21,18099.7,18108.35,18084.65,18090.15,13:45:00,18129.02106197595,3,55
2021-10-21,18083.1,18118.6,18081.1,18100.75,13:50:00,18124.64762750205,3,56
2021-10-21,18095.8,18112.9,18082.3,18084.05,13:55:00,18121.900234406618,3,57
2021-10-21,18073.95,18098.15,18069.55,18096.5,14:00:00,18117.33354541551,3,58
2021-10-21,18077.75,18081.4,18064.65,18074.15,14:05:00,18113.563683947366,3,59
2021-10-21,18076.65,18091.45,18072.55,18079.45,14:10:00,18110.048095,3,60
2021-10-21,18065.95,18084.95,18061.35,18076.55,14:15:00,18105.84827642857,3,61
2021-10-21,18051.65,18068.85,18050.55,18066.5,14:20:00,18100.686535816323,3,62
2021-10-21,18101.55,18111.7,18048.0,18054.0,14:25:00,18100.768770500483,3,63
2021-10-21,18139.0,18139.7,18097.7,18101.35,14:30:00,18104.409839976623,3,64
2021-10-21,18146.4,18146.7,18122.1,18138.85,14:35:00,18108.408902836,3,65
2021-10-21,18141.8,18154.0,18127.9,18147.35,14:40:00,18111.58900732781,3,66
2021-10-21,18140.6,18150.65,18135.1,18141.95,14:45:00,18114.35195901088,3,67
2021-10-21,18147.95,18150.8,18136.75,18140.25,14:50:00,18117.55177243841,3,68
2021-10-21,18174.8,18174.8,18146.5,18147.0,14:55:00,18123.003984587136,3,69
2021-10-21,18147.25,18189.55,18134.8,18177.2,15:00:00,18125.31312891217,3,70
2021-10-21,18140.15,18147.7,18123.9,18147.7,15:05:00,18126.72616425387,3,71
2021-10-21,18168.3,18169.3,18141.35,18141.35,15:10:00,18130.68557718207,3,72
2021-10-21,18189.7,18202.95,18168.25,18169.15,15:15:00,18136.305998402822,3,73
2021-10-21,18198.4,18199.6,18184.65,18188.15,15:20:00,18142.21971284065,3,74
2021-10-21,18219.6,18222.35,18198.5,18198.95,15:25:00,18149.589263998685,3,75
2021-10-22,18251.0,18251.85,18204.2,18235.35,09:15:00,18159.247429332143,4,1
2021-10-22,18248.5,18277.0,18225.95,18253.75,09:20:00,18167.747674157654,4,2
2021-10-22,18280.05,18284.35,18250.25,18250.25,09:25:00,18178.443133761688,4,3
2021-10-22,18296.0,18296.75,18273.85,18279.8,09:30:00,18189.639025784385,4,4
2021-10-22,18298.4,18300.6,18280.35,18295.5,09:35:00,18199.99721380492,4,5
2021-10-22,18308.25,18312.95,18295.25,18299.6,09:40:00,18210.30700296636,4,6
2021-10-22,18279.8,18314.25,18269.15,18307.6,09:45:00,18216.92538363623,4,7
2021-10-22,18262.05,18286.9,18256.05,18280.45,09:50:00,18221.222966147063,4,8
2021-10-22,18259.75,18261.9,18229.35,18260.8,09:55:00,18224.8922074664,4,9
2021-10-22,18281.55,18289.05,18251.35,18261.1,10:00:00,18230.288187707687,4,10
2021-10-22,18282.3,18290.75,18270.25,18280.15,10:05:00,18235.241693640288,4,11
2021-10-22,18278.4,18290.7,18274.6,18281.85,10:10:00,18239.35200853169,4,12
2021-10-22,18246.7,18278.75,18240.45,18277.15,10:15:00,18240.051817242955,4,13
2021-10-22,18270.55,18275.15,18238.55,18245.95,10:20:00,18242.95640607696,4,14
2021-10-22,18280.7,18282.75,18264.85,18270.95,10:25:00,18246.55103406963,4,15
2021-10-22,18272.0,18282.95,18254.75,18281.15,10:30:00,18248.97474511062,4,16
2021-10-22,18282.3,18282.3,18265.65,18272.15,10:35:00,18252.148578909608,4,17
2021-10-22,18275.0,18285.35,18274.55,18281.05,10:40:00,18254.324904727742,4,18
2021-10-22,18248.4,18274.75,18247.65,18274.25,10:45:00,18253.76062808701,4,19
2021-10-22,18234.5,18260.5,18232.45,18248.55,10:50:00,18251.92628255491,4,20
2021-10-22,18254.4,18255.0,18229.65,18234.4,10:55:00,18252.16187469253,4,21
2021-10-22,18271.55,18272.05,18254.45,18255.25,11:00:00,18254.00836281706,4,22
2021-10-22,18281.45,18283.4,18268.45,18270.75,11:05:00,18256.62185207257,4,23
2021-10-22,18263.85,18287.4,18262.35,18282.85,11:10:00,18257.310247113288,4,24
2021-10-22,18248.5,18268.75,18242.4,18262.85,11:15:00,18256.471175959643,4,25
2021-10-22,18250.9,18259.8,18237.8,18247.9,11:20:00,18255.940587773013,4,26
2021-10-22,18203.3,18252.0,18190.7,18252.0,11:25:00,18250.9271984613,4,27
2021-10-22,18169.0,18218.15,18158.7,18203.8,11:30:00,18243.12460813165,4,28
2021-10-22,18168.15,18194.2,18162.0,18168.1,11:35:00,18235.984169261967,4,29
2021-10-22,18200.65,18200.65,18161.15,18168.2,11:40:00,18232.61901028464,4,30
2021-10-22,18190.95,18201.75,18176.75,18200.55,11:45:00,18228.65053311468,4,31
2021-10-22,18208.85,18221.85,18191.8,18191.8,11:50:00,18226.76476805613,4,32
2021-10-22,18180.2,18208.2,18180.2,18208.1,11:55:00,18222.330028241267,4,33
2021-10-22,18184.25,18194.8,18161.75,18181.2,12:00:00,18218.703358884955,4,34
2021-10-22,18149.65,18185.05,18147.45,18185.05,12:05:00,18212.12684851496,4,35
2021-10-22,18145.6,18164.1,18142.35,18148.7,12:10:00,18205.7909581802,4,36
2021-10-22,18154.15,18174.8,18138.1,18145.25,12:15:00,18200.87277168685,4,37
2021-10-22,18136.7,18157.4,18128.5,18152.5,12:20:00,18194.761079145243,4,38
2021-10-22,18161.95,18161.95,18132.45,18136.55,12:25:00,18191.636214464743,4,39
2021-10-22,18163.9,18171.3,18149.9,18160.05,12:30:00,18188.994670230008,4,40
2021-10-22,18152.3,18167.8,18142.0,18162.7,12:35:00,18185.49993973191,4,41
2021-10-22,18139.4,18153.2,18135.35,18152.5,12:40:00,18181.10946928125,4,42
2021-10-22,18160.45,18167.2,18139.0,18140.35,12:45:00,18179.141900778275,4,43
2021-10-22,18160.9,18161.8,18139.3,18160.0,12:50:00,18177.404576894627,4,44
2021-10-22,18110.7,18162.55,18110.55,18162.55,12:55:00,18171.05176004752,4,45
2021-10-22,18100.85,18116.4,18093.45,18110.25,13:00:00,18164.36587813824,4,46
2021-10-22,18099.95,18120.35,18098.1,18101.4,13:05:00,18158.23103260126,4,47
2021-10-22,18083.0,18118.75,18082.65,18099.6,13:10:00,18151.066172353523,4,48
2021-10-22,18071.95,18094.6,18068.6,18082.45,13:15:00,18143.53129879605,4,49
2021-10-22,18101.55,18110.0,18071.35,18072.05,13:20:00,18139.53307986309,4,50
2021-10-22,18090.1,18101.9,18078.95,18100.75,13:25:00,18134.82516749517,4,51
2021-10-22,18068.7,18090.75,18060.95,18090.75,13:30:00,18128.527532495635,4,52
2021-10-22,18076.1,18086.2,18066.4,18068.2,13:35:00,18123.53443416272,4,53
2021-10-22,18099.35,18103.15,18069.15,18074.9,13:40:00,18121.231154718647,4,54
2021-10-22,18105.35,18118.25,18097.0,18097.65,13:45:00,18119.71866379306,4,55
2021-10-22,18084.5,18106.55,18074.05,18105.75,13:50:00,18116.364505336576,4,56
2021-10-22,18090.75,18094.05,18071.15,18082.8,13:55:00,18113.925028637856,4,57
2021-10-22,18102.3,18113.95,18087.7,18092.25,14:00:00,18112.817883053296,4,58
2021-10-22,18119.1,18119.65,18084.35,18101.6,14:05:00,18113.41617990536,4,59
2021-10-22,18142.05,18148.1,18119.9,18119.9,14:10:00,18116.143210390564,4,60
2021-10-22,18129.95,18149.6,18117.1,18144.3,14:15:00,18117.45814273432,4,61
2021-10-22,18074.2,18135.2,18069.35,18130.75,14:20:00,18113.338319616767,4,62
2021-10-22,18064.8,18074.6,18034.35,18073.5,14:25:00,18108.715622510408,4,63
2021-10-22,18086.05,18091.9,18055.05,18065.6,14:30:00,18106.55699179513,4,64
2021-10-22,18068.55,18092.35,18057.85,18086.75,14:35:00,18102.93727829084,4,65
2021-10-22,18092.8,18105.15,18063.3,18069.1,14:40:00,18101.97182321552,4,66
2021-10-22,18105.45,18111.2,18089.3,18093.5,14:45:00,18102.30307814737,4,67
2021-10-22,18127.65,18129.35,18098.0,18104.8,14:50:00,18104.717070704766,4,68
2021-10-22,18100.9,18137.85,18096.5,18127.45,14:55:00,18104.353540161457,4,69
2021-10-22,18131.05,18139.1,18091.75,18102.55,15:00:00,18106.89606014608,4,70
2021-10-22,18121.65,18136.2,18121.65,18133.8,15:05:00,18108.301197275025,4,71
2021-10-22,18122.85,18127.75,18109.6,18122.05,15:10:00,18109.686797534545,4,72
2021-10-22,18107.5,18126.9,18105.5,18124.15,15:15:00,18109.478531102683,4,73
2021-10-22,18114.85,18117.45,18098.1,18107.1,15:20:00,18109.99009956909,4,74
2021-10-22,18111.7,18122.7,18109.5,18116.65,15:25:00,18110.152947229184,4,75
2021-10-25,18109.45,18241.4,18080.85,18241.4,09:15:00,18110.085999874023,0,1
2021-10-25,18080.6,18129.85,18077.0,18115.05,09:20:00,18107.277809409832,0,2
2021-10-25,18082.0,18097.15,18060.1,18075.8,09:25:00,18104.87039898985,0,3
2021-10-25,18078.8,18091.8,18049.65,18081.15,09:30:00,18102.38750384796,0,4
2021-10-25,18079.95,18102.45,18063.1,18078.5,09:35:00,18100.250598719584,0,5
2021-10-25,18057.55,18084.55,18053.65,18080.75,09:40:00,18096.183875032,0,6
2021-10-25,17997.4,18057.75,17994.5,18057.75,09:45:00,18086.77588693372,0,7
2021-10-25,18016.4,18021.75,17981.45,17993.3,09:50:00,18080.073421511457,0,8
2021-10-25,17984.1,18029.5,17973.2,18016.55,09:55:00,18070.93309565322,0,9
2021-10-25,17999.35,17999.45,17968.5,17986.5,10:00:00,18064.11565797196,0,10
2021-10-25,17996.25,18020.3,17994.1,17998.2,10:05:00,18057.652261974632,0,11
2021-10-25,18008.3,18012.2,17992.55,17998.85,10:10:00,18052.952046548475,0,12
2021-10-25,18011.15,18013.35,17992.5,18008.9,10:15:00,18048.970899258144,0,13
2021-10-25,18027.65,18042.25,18010.15,18011.3,10:20:00,18046.94033742404,0,14
2021-10-25,18022.2,18027.15,18001.75,18027.15,10:25:00,18044.584114812224,0,15
2021-10-25,18056.15,18060.7,18010.95,18023.6,10:30:00,18045.68562768725,0,16
2021-10-25,18078.2,18081.0,18046.8,18056.25,10:35:00,18048.782234574177,0,17
2021-10-25,18089.8,18096.4,18059.9,18079.5,10:40:00,18052.688688424256,0,18
2021-10-25,18103.45,18108.65,18091.5,18092.0,10:45:00,18057.52309905052,0,19
2021-10-25,18094.95,18104.6,18073.7,18104.0,10:50:00,18061.08756580761,0,20
2021-10-25,18109.15,18109.15,18078.55,18094.65,10:55:00,18065.6649404926,0,21
2021-10-25,18104.45,18111.8,18099.35,18110.0,11:00:00,18069.35875568378,0,22
2021-10-25,18109.5,18109.9,18090.45,18104.8,11:05:00,18073.181731332945,0,23
2021-10-25,18116.6,18127.75,18107.3,18110.2,11:10:00,18077.31680453933,0,24
2021-10-25,18140.95,18143.25,18115.05,18117.05,11:15:00,18083.37710886892,0,25
2021-10-25,18174.15,18174.25,18133.5,18141.15,11:20:00,18092.0221461195,0,26
2021-10-25,18127.2,18172.5,18124.05,18172.2,11:25:00,18095.37241791764,0,27
2021-10-25,18134.0,18151.95,18127.25,18129.75,11:30:00,18099.05123525882,0,28
2021-10-25,18126.5,18141.75,18118.2,18134.15,11:35:00,18101.665403329407,0,29
2021-10-25,18152.7,18153.05,18124.95,18127.35,11:40:00,18106.52584110756,0,30
2021-10-25,18153.6,18163.85,18145.6,18153.35,11:45:00,18111.00909433541,0,31
2021-10-25,18165.9,18175.6,18152.3,18154.75,11:50:00,18116.2367996368,0,32
2021-10-25,18169.05,18169.75,18159.45,18165.0,11:55:00,18121.26662824281,0,33
2021-10-25,18196.25,18206.4,18156.65,18169.2,12:00:00,18128.407901743503,0,34
2021-10-25,18175.45,18221.55,18173.15,18197.85,12:05:00,18132.888101577457,0,35
2021-10-25,18153.45,18175.3,18139.55,18174.0,12:10:00,18134.8463776177,0,36
2021-10-25,18154.7,18174.15,18139.65,18154.2,12:15:00,18136.737198796967,0,37
2021-10-25,18122.75,18169.55,18122.05,18153.3,12:20:00,18135.40508462583,0,38
2021-10-25,18148.75,18156.6,18119.05,18122.7,12:25:00,18136.67602894718,0,39
2021-10-25,18151.75,18165.0,18138.1,18149.9,12:30:00,18138.111645237925,0,40
2021-10-25,18139.75,18156.2,18139.55,18152.75,12:35:00,18138.267679024782,0,41
2021-10-25,18144.6,18156.35,18136.85,18140.7,12:40:00,18138.870757212902,0,42
2021-10-25,18151.4,18152.7,18135.85,18145.65,12:45:00,18140.064018430723,0,43
2021-10-25,18147.85,18169.5,18144.95,18150.85,12:50:00,18140.80554048494,0,44
2021-10-25,18146.7,18163.8,18145.15,18148.9,12:55:00,18141.36691758161,0,45
2021-10-25,18160.1,18160.75,18141.05,18146.65,13:00:00,18143.15102066908,0,46
2021-10-25,18160.45,18178.15,18159.9,18162.0,13:05:00,18144.79854251012,0,47
2021-10-25,18146.3,18168.2,18145.75,18161.0,13:10:00,18144.94153846153,0,48
2021-10-25,18149.65,18160.3,18143.8,18146.55,13:15:00,18145.38996336996,0,49
2021-10-25,18154.55,18161.7,18141.55,18150.45,13:20:00,18146.26234781092,0,50
2021-10-25,18159.95,18164.7,18145.35,18154.4,13:25:00,18147.565933733687,0,51
2021-10-25,18133.45,18164.35,18124.25,18160.7,13:30:00,18146.221559092384,0,52
2021-10-25,18168.05,18189.85,18130.75,18133.9,13:35:00,18148.300458226444,0,53
2021-10-25,18154.35,18177.8,18152.9,18169.7,13:40:00,18148.87660506202,0,54
2021-10-25,18140.75,18158.25,18121.9,18154.1,13:45:00,18148.102642675163,0,55
2021-10-25,18145.2,18156.3,18135.75,18141.7,13:50:00,18147.82620051562,0,56
2021-10-25,18154.1,18156.7,18140.9,18145.9,13:55:00,18148.42370522842,0,57
2021-10-25,18149.2,18167.1,18149.2,18154.25,14:00:00,18148.497638063807,0,58
2021-10-25,18147.75,18157.8,18145.85,18150.1,14:05:00,18148.426434438683,0,59
2021-10-25,18098.8,18147.6,18098.8,18147.6,14:10:00,18143.700107349287,0,60
2021-10-25,18088.1,18102.45,18063.0,18100.5,14:15:00,18138.404859030303,0,61
2021-10-25,18105.05,18107.85,18078.15,18088.9,14:20:00,18135.228205789324,0,62
2021-10-25,18096.55,18128.6,18094.5,18106.0,14:25:00,18131.54456714272,0,63
2021-10-25,18094.65,18120.55,18085.6,18097.85,14:30:00,18128.03079884341,0,64
2021-10-25,18102.85,18110.1,18089.6,18095.3,14:35:00,18125.632627524992,0,65
2021-10-25,18107.4,18120.85,18100.95,18103.8,14:40:00,18123.896186808328,0,66
2021-10-25,18120.5,18136.0,18107.1,18108.3,14:45:00,18123.57274044563,0,67
2021-10-25,18132.25,18133.45,18114.9,18122.15,14:50:00,18124.39914611748,0,68
2021-10-25,18133.55,18146.8,18122.45,18131.4,14:55:00,18125.27065601105,0,69
2021-10-25,18117.7,18134.3,18106.25,18132.7,15:00:00,18124.54964115285,0,70
2021-10-25,18131.5,18136.85,18112.55,18117.85,15:05:00,18125.21158009068,0,71
2021-10-25,18120.95,18135.55,18117.65,18132.55,15:10:00,18124.805715320133,0,72
2021-10-25,18125.8,18128.15,18115.35,18121.0,15:15:00,18124.90040909917,0,73
2021-10-25,18139.6,18140.95,18125.25,18125.7,15:20:00,18126.30037013734,0,74
2021-10-25,18135.85,18140.15,18128.1,18140.15,15:25:00,18127.20985869569,0,75
2021-10-26,18201.85,18207.65,18148.45,18160.15,09:15:00,18134.31844358181,1,1
2021-10-26,18214.75,18226.55,18197.4,18203.65,09:20:00,18141.97859181212,1,2
2021-10-26,18233.6,18239.9,18208.55,18215.1,09:25:00,18150.704440210964,1,3
2021-10-26,18244.75,18252.6,18233.4,18233.4,09:30:00,18159.66116019087,1,4
2021-10-26,18243.45,18250.45,18236.0,18245.45,09:35:00,18167.641049696504,1,5
2021-10-26,18223.75,18246.1,18221.05,18246.0,09:40:00,18172.98475924921,1,6
2021-10-26,18234.2,18241.55,18214.3,18222.8,09:45:00,18178.81478217786,1,7
2021-10-26,18253.25,18257.5,18232.8,18233.8,09:50:00,18185.903850541872,1,8
2021-10-26,18259.65,18264.85,18247.4,18253.85,09:55:00,18192.92729334741,1,9
2021-10-26,18251.5,18265.2,18237.95,18260.25,10:00:00,18198.505646361944,1,10
2021-10-26,18251.95,18256.9,18243.45,18251.85,10:05:00,18203.595584803665,1,11
2021-10-26,18234.35,18255.05,18229.35,18252.85,10:10:00,18206.524576727123,1,12
2021-10-26,18216.25,18241.5,18215.9,18234.1,10:15:00,18207.45080751501,1,13
2021-10-26,18184.55,18217.1,18171.0,18216.2,10:20:00,18205.26977822787,1,14
2021-10-26,18208.8,18212.75,18168.7,18184.1,10:25:00,18205.605989825217,1,15
2021-10-26,18196.4,18212.25,18191.25,18209.0,10:30:00,18204.72922888948,1,16
2021-10-26,18185.0,18201.2,18184.2,18197.0,10:35:00,18202.85025470953,1,17
2021-10-26,18165.1,18187.45,18161.35,18185.2,10:40:00,18199.254992356244,1,18
2021-10-26,18132.4,18165.4,18118.2,18165.3,10:45:00,18192.88785022708,1,19
2021-10-26,18139.9,18150.85,18129.0,18129.0,10:50:00,18187.841388300687,1,20
2021-10-26,18150.8,18159.2,18137.5,18139.2,10:55:00,18184.31363703396,1,21
2021-10-26,18160.0,18160.6,18148.6,18151.45,11:00:00,18181.99805255453,1,22
2021-10-26,18148.9,18169.4,18145.45,18161.1,11:05:00,18178.84585707315,1,23
2021-10-26,18163.0,18163.0,18135.85,18148.05,11:10:00,18177.33672782809,1,24
2021-10-26,18146.75,18163.25,18144.6,18163.25,11:15:00,18174.42370613017,1,25
2021-10-26,18108.85,18150.05,18099.3,18146.65,11:20:00,18168.178591260632,1,26
2021-10-26,18117.65,18121.0,18100.3,18106.15,11:25:00,18163.366344473907,1,27
2021-10-26,18127.7,18130.5,18111.9,18118.15,11:30:00,18159.969549762107,1,28
2021-10-26,18129.35,18131.8,18120.65,18126.5,11:35:00,18157.053402165715,1,29
2021-10-26,18135.1,18144.8,18128.75,18129.9,11:40:00,18154.96260195945,1,30
2021-10-26,18126.85,18145.45,18126.05,18134.45,11:45:00,18152.28521129665,1,31
2021-10-26,18134.95,18137.85,18121.95,18126.7,11:50:00,18150.63423879221,1,32
2021-10-26,18136.35,18145.25,18130.0,18134.45,11:55:00,18149.273835097712,1,33
2021-10-26,18179.0,18189.35,18134.85,18136.75,12:00:00,18152.104898421738,1,34
2021-10-26,18165.85,18187.05,18165.75,18178.8,12:05:00,18153.413955714903,1,35
2021-10-26,18159.95,18169.2,18159.1,18166.65,12:10:00,18154.03643612301,1,36
2021-10-26,18161.3,18170.15,18160.1,18160.25,12:15:00,18154.72820411129,1,37
2021-10-26,18176.0,18176.0,18155.6,18160.75,12:20:00,18156.754089434027,1,38
2021-10-26,18170.7,18183.55,18166.15,18175.0,12:25:00,18158.08227139269,1,39
2021-10-26,18177.3,18180.95,18171.35,18172.0,12:30:00,18159.91253126005,1,40
2021-10-26,18125.65,18180.55,18121.1,18177.75,12:35:00,18156.64943304481,1,41
2021-10-26,18125.05,18138.85,18108.9,18125.8,12:40:00,18153.63996323102,1,42
2021-10-26,18135.0,18141.85,18124.5,18125.1,12:45:00,18151.8647286376,1,43
2021-10-26,18151.5,18151.6,18133.8,18135.1,12:50:00,18151.82999257687,1,44
2021-10-26,18172.5,18175.65,18149.35,18149.9,12:55:00,18153.798564712408,1,45
2021-10-26,18158.3,18186.25,18155.5,18175.1,13:00:00,18154.22727283504,1,46
2021-10-26,18172.9,18173.65,18152.45,18159.15,13:05:00,18156.00562780313,1,47
2021-10-26,18163.8,18177.25,18160.45,18172.15,13:10:00,18156.74794896473,1,48
2021-10-26,18178.3,18181.9,18161.1,18165.2,13:15:00,18158.8005252538,1,49
2021-10-26,18169.0,18178.85,18165.9,18178.4,13:20:00,18159.771903801065,1,50
2021-10-26,18192.45,18196.55,18159.95,18169.3,13:25:00,18162.884103439053,1,51
2021-10-26,18189.8,18198.5,18186.8,18192.0,13:30:00,18165.447522159146,1,52
2021-10-26,18213.25,18221.2,18189.3,18189.3,13:35:00,18170.000139096366,1,53
2021-10-26,18230.6,18233.2,18208.3,18213.9,13:40:00,18175.77155442052,1,54
2021-10-26,18220.8,18236.05,18212.7,18229.95,13:45:00,18180.05997780904,1,55
2021-10-26,18224.5,18229.95,18215.5,18221.5,13:50:00,18184.29236087485,1,56
2021-10-26,18225.25,18233.8,18217.65,18225.05,13:55:00,18188.19308841057,1,57
2021-10-26,18225.45,18233.8,18218.25,18224.75,14:00:00,18191.74136570481,1,58
2021-10-26,18231.15,18232.05,18204.6,18225.75,14:05:00,18195.49456897101,1,59
2021-10-26,18246.85,18247.2,18224.2,18230.7,14:10:00,18200.385562402345,1,60
2021-10-26,18239.35,18253.6,18236.0,18245.75,14:15:00,18204.09646122117,1,61
2021-10-26,18235.35,18246.8,18230.5,18239.8,14:20:00,18207.07298872392,1,62
2021-10-26,18248.7,18253.15,18235.8,18236.1,14:25:00,18211.037465988305,1,63
2021-10-26,18247.05,18251.2,18242.15,18248.3,14:30:00,18214.46723113228,1,64
2021-10-26,18237.85,18257.75,18234.2,18247.55,14:35:00,18216.69416150064,1,65
2021-10-26,18233.15,18240.95,18213.2,18237.9,14:40:00,18218.261384214857,1,66
2021-10-26,18237.4,18241.95,18228.2,18233.05,14:45:00,18220.08410952773,1,67
2021-10-26,18242.1,18243.05,18230.1,18237.2,14:50:00,18222.18086100128,1,68
2021-10-26,18242.95,18248.8,18236.1,18241.05,14:55:00,18224.15887423925,1,69
2021-10-26,18232.7,18244.8,18229.2,18243.35,15:00:00,18224.972314787898,1,70
2021-10-26,18257.6,18259.45,18229.85,18231.95,15:05:00,18228.079713379524,1,71
2021-10-26,18263.25,18266.45,18256.85,18257.95,15:10:00,18231.42926448624,1,72
2021-10-26,18279.7,18284.1,18262.8,18264.2,15:15:00,18236.02647739231,1,73
2021-10-26,18291.0,18293.25,18279.8,18280.15,15:20:00,18241.262050974,1,74
2021-10-26,18308.1,18310.45,18290.65,18291.7,15:25:00,18247.627569928853,1,75
2021-10-27,18290.15,18322.75,18258.85,18304.6,09:15:00,18251.677325173725,2,1
2021-10-27,18301.15,18331.3,18286.55,18291.7,09:20:00,18256.389008490514,2,2
2021-10-27,18309.2,18312.6,18272.7,18300.65,09:25:00,18261.41862672951,2,3
2021-10-27,18287.7,18321.05,18285.35,18308.8,09:30:00,18263.92161466004,2,4
2021-10-27,18281.05,18306.35,18281.05,18287.55,09:35:00,18265.55288945432,2,5
2021-10-27,18292.25,18300.9,18276.75,18281.25,09:40:00,18268.09547141105,2,6
2021-10-27,18313.5,18313.5,18291.65,18292.8,09:45:00,18272.41971222905,2,7
2021-10-27,18307.2,18319.2,18302.45,18312.4,09:50:00,18275.732120588185,2,8
2021-10-27,18314.55,18318.45,18302.8,18306.9,09:55:00,18279.42906148455,2,9
2021-10-27,18302.35,18316.9,18297.4,18314.3,10:00:00,18281.61200800983,2,10
2021-10-27,18285.7,18307.45,18282.25,18302.6,10:05:00,18282.00134058032,2,11
2021-10-27,18298.25,18300.9,18283.6,18285.8,10:10:00,18283.548831953627,2,12
2021-10-27,18300.5,18306.55,18293.45,18298.3,10:15:00,18285.163228910427,2,13
2021-10-27,18304.95,18314.55,18293.0,18300.95,10:20:00,18287.04768329991,2,14
2021-10-27,18296.85,18307.05,18286.75,18303.65,10:25:00,18287.981237271342,2,15
2021-10-27,18284.8,18298.2,18278.55,18297.45,10:30:00,18287.678262293124,2,16
2021-10-27,18271.3,18290.95,18267.9,18284.2,10:35:00,18286.118427789017,2,17
2021-10-27,18295.25,18298.85,18267.55,18269.3,10:40:00,18286.98810133292,2,18
2021-10-27,18302.75,18305.0,18284.6,18294.75,10:45:00,18288.48923453931,2,19
2021-10-27,18300.1,18304.45,18295.65,18302.85,10:50:00,18289.59502172604,2,20
2021-10-27,18296.1,18299.95,18290.1,18299.85,10:55:00,18290.214543466416,2,21
2021-10-27,18303.6,18305.9,18294.75,18295.95,11:00:00,18291.48934885057,2,22
2021-10-27,18301.25,18307.95,18296.9,18303.8,11:05:00,18292.41893467433,2,23
2021-10-27,18310.4,18312.45,18299.3,18301.45,11:10:00,18294.131417086293,2,24
2021-10-27,18312.25,18314.45,18306.5,18309.8,11:15:00,18295.856996411407,2,25
2021-10-27,18311.8,18314.9,18305.25,18311.7,11:20:00,18297.37537770556,2,26
2021-10-27,18323.45,18326.15,18310.75,18311.85,11:25:00,18299.85867506693,2,27
2021-10-27,18318.8,18329.7,18317.2,18324.35,11:30:00,18301.662610774845,2,28
2021-10-27,18332.85,18333.85,18311.3,18319.4,11:35:00,18304.6328383201,2,29
2021-10-27,18337.9,18341.0,18328.35,18334.1,11:40:00,18307.80113943247,2,30
2021-10-27,18333.75,18342.05,18327.9,18339.0,11:45:00,18310.27245948652,2,31
2021-10-27,18332.8,18340.65,18332.35,18335.15,11:50:00,18312.417939535422,2,32
2021-10-27,18328.65,18334.0,18326.8,18328.35,11:55:00,18313.96385005586,2,33
2021-10-27,18308.75,18330.8,18307.95,18329.35,12:00:00,18313.467292907684,2,34
2021-10-27,18309.0,18315.6,18305.75,18309.1,12:05:00,18313.041836440287,2,35
2021-10-27,18293.05,18310.3,18293.05,18308.85,12:10:00,18311.137852017404,2,36
2021-10-27,18301.25,18304.5,18290.5,18292.8,12:15:00,18310.196151825272,2,37
2021-10-27,18306.0,18308.6,18298.5,18300.75,12:20:00,18309.796518318104,2,38
2021-10-27,18306.0,18307.8,18300.8,18306.7,12:25:00,18309.43494514496,2,39
2021-10-27,18314.05,18316.25,18304.8,18305.9,12:30:00,18309.874474178767,2,40
2021-10-27,18313.55,18317.95,18310.4,18313.9,12:35:00,18310.22452425698,2,41
2021-10-27,18295.35,18314.0,18292.05,18314.0,12:40:00,18308.80790289917,2,42
2021-10-27,18308.15,18309.7,18295.05,18295.9,12:45:00,18308.745245480208,2,43
2021-10-27,18301.9,18310.1,18298.2,18310.1,12:50:00,18308.09331733924,2,44
2021-10-27,18294.2,18302.35,18289.45,18301.8,12:55:00,18306.77014425931,2,45
2021-10-27,18310.55,18318.55,18293.55,18295.85,13:00:00,18307.130130520327,2,46
2021-10-27,18305.35,18315.05,18305.25,18310.4,13:05:00,18306.96059428029,2,47
2021-10-27,18310.7,18310.7,18292.65,18306.15,13:10:00,18307.31672815836,2,48
2021-10-27,18307.25,18315.5,18304.6,18312.5,13:15:00,18307.310373095657,2,49
2021-10-27,18307.75,18308.95,18299.85,18308.05,13:20:00,18307.35224232464,2,50
2021-10-27,18302.45,18311.6,18296.95,18308.5,13:25:00,18306.885362103243,2,51
2021-10-27,18318.7,18323.95,18300.35,18302.4,13:30:00,18308.01056571246,2,52
2021-10-27,18311.9,18319.65,18306.1,18319.65,13:35:00,18308.38098802556,2,53
2021-10-27,18302.25,18314.45,18301.4,18311.35,13:40:00,18307.79708440408,2,54
2021-10-27,18299.65,18306.6,18296.85,18302.8,13:45:00,18307.021171603687,2,55
2021-10-27,18311.95,18311.95,18299.15,18300.8,13:50:00,18307.490583831903,2,56
2021-10-27,18313.45,18317.55,18308.8,18312.05,13:55:00,18308.05814727649,2,57
2021-10-27,18306.65,18315.4,18304.75,18314.95,14:00:00,18307.92403801206,2,58
2021-10-27,18315.55,18317.4,18304.6,18306.2,14:05:00,18308.65032010615,2,59
2021-10-27,18312.5,18316.75,18310.05,18315.65,14:10:00,18309.01695628652,2,60
2021-10-27,18267.4,18321.2,18255.3,18312.8,14:15:00,18305.05343664018,2,61
2021-10-27,18258.25,18269.85,18240.8,18268.75,14:20:00,18300.595966483976,2,62
2021-10-27,18259.65,18267.5,18250.85,18257.9,14:25:00,18296.69635062836,2,63
2021-10-27,18229.05,18260.15,18210.5,18259.85,14:30:00,18290.2538410447,2,64
2021-10-27,18202.7,18228.65,18201.05,18228.45,14:35:00,18281.915379992824,2,65
2021-10-27,18221.0,18226.85,18204.5,18204.55,14:40:00,18276.113915231603,2,66
2021-10-27,18242.5,18248.95,18218.9,18222.3,14:45:00,18272.91258997145,2,67
2021-10-27,18236.05,18244.05,18234.0,18244.05,14:50:00,18269.401867117027,2,68
2021-10-27,18249.15,18250.8,18236.65,18236.65,14:55:00,18267.473117867787,2,69
2021-10-27,18214.6,18250.2,18203.5,18249.5,15:00:00,18262.43758283276,2,70
2021-10-27,18228.0,18233.9,18210.6,18212.7,15:05:00,18259.157813039164,2,71
2021-10-27,18227.2,18234.8,18226.9,18230.8,15:10:00,18256.11421179734,2,72
2021-10-27,18213.35,18228.1,18213.05,18226.9,15:15:00,18252.0414297214,2,73
2021-10-27,18185.05,18217.4,18182.05,18213.15,15:20:00,18245.66129355746,2,74
2021-10-27,18184.85,18187.2,18167.9,18184.65,15:25:00,18239.869741790084,2,75
2021-10-28,18142.3,18190.7,18134.1,18188.85,09:15:00,18230.57738542912,3,1
2021-10-28,18157.15,18157.15,18127.85,18141.7,09:20:00,18223.58430110254,3,2
2021-10-28,18129.75,18158.4,18120.8,18156.6,09:25:00,18214.64770099754,3,3
2021-10-28,18105.55,18132.05,18103.4,18130.3,09:30:00,18204.25744375968,3,4
2021-10-28,18078.7,18108.65,18074.85,18105.65,09:35:00,18192.29959197304,3,5
2021-10-28,18070.45,18098.7,18070.15,18078.35,09:40:00,18180.69486892799,3,6
2021-10-28,18098.05,18102.7,18063.45,18067.75,09:45:00,18172.823929030084,3,7
2021-10-28,18098.7,18104.35,18090.55,18096.7,09:50:00,18165.764507217697,3,8
2021-10-28,18066.5,18103.8,18053.85,18096.55,09:55:00,18156.31074462553,3,9
2021-10-28,18067.05,18076.7,18057.75,18066.7,10:00:00,18147.809721327867,3,10
2021-10-28,18080.05,18080.5,18060.55,18067.35,10:05:00,18141.356414534737,3,11
2021-10-28,18092.45,18099.05,18079.1,18079.35,10:10:00,18136.69866076952,3,12
2021-10-28,18089.45,18093.4,18072.6,18092.4,10:15:00,18132.19878831528,3,13
2021-10-28,18096.9,18099.6,18086.45,18090.45,10:20:00,18128.83699895192,3,14
2021-10-28,18084.35,18103.35,18084.35,18096.6,10:25:00,18124.60014190888,3,15
2021-10-28,18073.95,18083.4,18072.95,18083.4,10:30:00,18119.77631886993,3,16
2021-10-28,18070.3,18079.05,18065.2,18073.45,10:35:00,18115.06428850137,3,17
2021-10-28,18046.75,18072.4,18044.35,18069.55,10:40:00,18108.558165786955,3,18
2021-10-28,18028.8,18052.05,18028.1,18045.65,10:45:00,18100.96214999772,3,19
2021-10-28,18022.2,18040.1,18017.0,18028.85,10:50:00,18093.46099285508,3,20
2021-10-28,18022.7,18031.35,18019.3,18022.6,10:55:00,18086.72185067841,3,21
2021-10-28,18007.25,18032.85,18006.95,18023.35,11:00:00,18079.15310299475,3,22
2021-10-28,18019.95,18020.85,18002.85,18005.9,11:05:00,18073.514712233347,3,23
2021-10-28,18038.15,18041.7,18019.7,18020.3,11:10:00,18070.1466444016,3,24
2021-10-28,18042.15,18056.3,18035.6,18039.85,11:15:00,18067.48029731573,3,25
2021-10-28,18046.9,18053.9,18042.2,18042.65,11:20:00,18065.52026899995,3,26
2021-10-28,18038.1,18051.95,18033.0,18048.2,11:25:00,18062.90881480948,3,27
2021-10-28,18043.15,18047.05,18037.55,18038.65,11:30:00,18061.027022922863,3,28
2021-10-28,18036.9,18052.55,18029.65,18044.25,11:35:00,18058.729211215923,3,29
2021-10-28,18040.35,18045.9,18034.85,18040.8,11:40:00,18056.97881014774,3,30
2021-10-28,18074.45,18076.4,18038.85,18038.85,11:45:00,18058.64273299081,3,31
2021-10-28,18076.15,18080.9,18064.35,18072.95,11:50:00,18060.310091753592,3,32
2021-10-28,18076.25,18085.75,18063.75,18077.35,11:55:00,18061.82817825325,3,33
2021-10-28,18060.9,18077.45,18054.65,18075.7,12:00:00,18061.73978032437,3,34
2021-10-28,18046.8,18064.0,18044.35,18061.7,12:05:00,18060.316944103,3,35
2021-10-28,18023.35,18047.9,18021.8,18047.25,12:10:00,18056.796282759857,3,36
2021-10-28,18008.85,18025.2,18005.05,18024.85,12:15:00,18052.22997011606,3,37
2021-10-28,18009.4,18022.3,18006.0,18009.75,12:20:00,18048.1509253431,3,38
2021-10-28,17990.55,18010.8,17984.15,18010.45,12:25:00,18042.66512292948,3,39
2021-10-28,18001.35,18011.4,17988.4,17990.9,12:30:00,18038.730349317146,3,40
2021-10-28,18003.6,18011.95,17998.1,18002.7,12:35:00,18035.38460176313,3,41
2021-10-28,18011.3,18024.2,18001.0,18004.7,12:40:00,18033.09083016664,3,42
2021-10-28,18012.4,18015.75,18002.85,18012.5,12:45:00,18031.12027491267,3,43
2021-10-28,18031.05,18031.3,18012.25,18013.75,12:50:00,18031.113582063845,3,44
2021-10-28,18032.35,18039.25,18025.5,18031.15,12:55:00,18031.231336153003,3,45
2021-10-28,18027.8,18040.05,18019.0,18033.0,13:00:00,18030.90454223367,3,46
2021-10-28,18039.7,18047.8,18029.15,18029.25,13:05:00,18031.742204878083,3,47
2021-10-28,18007.85,18042.5,18007.35,18040.2,13:10:00,18029.466756794456,3,48
2021-10-28,18028.35,18036.05,18005.9,18007.5,13:15:00,18029.36039900451,3,49
2021-10-28,18022.8,18031.15,18013.05,18029.65,13:20:00,18028.73559909932,3,50
2021-10-28,18008.2,18030.5,18005.15,18023.5,13:25:00,18026.779827756523,3,51
2021-10-28,17990.4,18011.15,17980.55,18009.7,13:30:00,18023.315082255904,3,52
2021-10-28,17967.75,17994.15,17961.9,17991.9,13:35:00,18018.023169660104,3,53
2021-10-28,17978.85,17982.15,17966.15,17966.85,13:40:00,18014.292391597235,3,54
2021-10-28,17986.85,17990.85,17965.95,17979.7,13:45:00,18011.678830492736,3,55
2021-10-28,17952.5,17987.75,17951.35,17986.95,13:50:00,18006.042751398192,3,56
2021-10-28,17947.95,17961.5,17942.95,17952.75,13:55:00,18000.51010840789,3,57
2021-10-28,17930.4,17948.0,17928.4,17947.45,14:00:00,17993.832955226186,3,58
2021-10-28,17931.0,17944.65,17930.1,17930.3,14:05:00,17987.848864252264,3,59
2021-10-28,17950.1,17954.55,17929.75,17931.6,14:10:00,17984.253734323476,3,60
2021-10-28,17945.75,17966.55,17945.2,17951.45,14:15:00,17980.586712006952,3,61
2021-10-28,17939.4,17948.65,17933.6,17943.85,14:20:00,17976.66416800629,3,62
2021-10-28,17914.05,17944.05,17910.35,17940.15,14:25:00,17970.700913910452,3,63
2021-10-28,17919.25,17923.8,17907.7,17913.8,14:30:00,17965.80082687136,3,64
2021-10-28,17920.05,17929.1,17915.85,17920.2,14:35:00,17961.443605264565,3,65
2021-10-28,17901.65,17927.2,17895.0,17920.7,14:40:00,17955.74897619175,3,66
2021-10-28,17882.2,17903.15,17875.3,17902.15,14:45:00,17948.744311792536,3,67
2021-10-28,17871.4,17893.15,17866.4,17882.7,14:50:00,17941.378186859914,3,68
2021-10-28,17900.8,17901.25,17860.3,17873.2,14:55:00,17937.51359763516,3,69
2021-10-28,17911.7,17924.75,17878.85,17901.75,15:00:00,17935.055159765143,3,70
2021-10-28,17875.0,17916.15,17871.95,17913.55,15:05:00,17929.33562073989,3,71
2021-10-28,17853.65,17878.6,17848.7,17873.8,15:10:00,17922.12746638371,3,72
2021-10-28,17836.3,17862.45,17833.55,17854.0,15:15:00,17913.953421966213,3,73
2021-10-28,17810.45,17842.1,17799.45,17836.6,15:20:00,17904.095953207525,3,74
2021-10-28,17865.2,17866.8,17810.7,17811.15,15:25:00,17900.39157671157,3,75
2021-10-29,17695.8,17833.4,17647.0,17833.4,09:15:00,17880.9066646438,4,1
2021-10-29,17676.85,17698.0,17613.1,17698.0,09:20:00,17861.47269658249,4,2
2021-10-29,17703.4,17731.9,17634.15,17677.85,09:25:00,17846.41815405082,4,3
2021-10-29,17716.45,17740.65,17667.35,17703.1,09:30:00,17834.040234617412,4,4
2021-10-29,17739.75,17748.3,17674.7,17713.75,09:35:00,17825.060212272896,4,5
2021-10-29,17772.85,17789.5,17731.25,17739.3,09:40:00,17820.08781110405,4,6
2021-10-29,17809.35,17823.1,17767.4,17775.15,09:45:00,17819.065162427472,4,7
2021-10-29,17841.35,17864.65,17803.45,17808.25,09:50:00,17821.18752791057,4,8
2021-10-29,17813.95,17865.15,17808.65,17842.45,09:55:00,17820.498239538134,4,9
2021-10-29,17814.35,17831.85,17779.6,17813.45,10:00:00,17819.912692915455,4,10
2021-10-29,17813.55,17823.0,17774.3,17814.95,10:05:00,17819.306722161604,4,11
2021-10-29,17856.2,17857.55,17810.85,17814.0,10:10:00,17822.82036767002,4,12
2021-10-29,17870.1,17882.25,17839.85,17856.85,10:15:00,17827.323189796687,4,13
2021-10-29,17859.1,17872.7,17838.75,17871.0,10:20:00,17830.349552673193,4,14
2021-10-29,17850.8,17867.85,17847.7,17857.55,10:25:00,17832.297214323364,4,15
2021-10-29,17865.2,17871.7,17825.95,17851.5,10:30:00,17835.430812959235,4,16
2021-10-29,17868.75,17875.8,17855.65,17865.75,10:35:00,17838.60406886788,4,17
2021-10-29,17899.2,17903.55,17869.1,17869.4,10:40:00,17844.37510992808,4,18
2021-10-29,17903.95,17906.2,17876.3,17900.05,10:45:00,17850.04890898255,4,19
2021-10-29,17901.75,17911.7,17889.95,17905.4,10:50:00,17854.972822412783,4,20
2021-10-29,17894.4,17914.7,17887.75,17900.75,10:55:00,17858.727791706802,4,21
2021-10-29,17898.25,17907.1,17880.65,17896.25,11:00:00,17862.49181154425,4,22
2021-10-29,17897.5,17915.85,17894.15,17899.2,11:05:00,17865.82592473051,4,23
2021-10-29,17834.3,17898.35,17826.2,17897.2,11:10:00,17862.82345570856,4,24
2021-10-29,17847.0,17877.3,17835.4,17835.4,11:15:00,17861.31645992679,4,25
2021-10-29,17847.3,17861.95,17825.6,17847.45,11:20:00,17859.98155898138,4,26
2021-10-29,17854.15,17862.15,17843.85,17846.85,11:25:00,17859.426172411728,4,27
2021-10-29,17855.4,17872.75,17853.75,17854.85,11:30:00,17859.042727420136,4,28
2021-10-29,17836.1,17855.95,17833.15,17854.85,11:35:00,17856.857705761075,4,29
2021-10-29,17857.0,17877.55,17822.8,17832.9,11:40:00,17856.871257593353,4,30
2021-10-29,17864.6,17865.85,17850.8,17856.9,11:45:00,17857.60732829875,4,31
2021-10-29,17847.75,17865.95,17845.55,17865.45,11:50:00,17856.66853512744,4,32
2021-10-29,17831.6,17851.05,17827.85,17848.3,11:55:00,17854.28105559149,4,33
2021-10-29,17842.1,17848.55,17832.45,17833.85,12:00:00,17853.120955058967,4,34
2021-10-29,17813.65,17845.2,17810.8,17843.1,12:05:00,17849.361816481924,4,35
2021-10-29,17820.85,17836.1,17791.8,17815.05,12:10:00,17846.64640538841,4,36
2021-10-29,17812.05,17837.3,17810.8,17822.35,12:15:00,17843.351509637134,4,37
2021-10-29,17823.6,17827.7,17808.2,17812.25,12:20:00,17841.470413481216,4,38
2021-10-29,17806.1,17830.85,17804.05,17824.45,12:25:00,17838.101802673482,4,39
2021-10-29,17779.7,17807.6,17775.15,17805.65,12:30:00,17832.539726228388,4,40
2021-10-29,17787.55,17793.95,17774.55,17780.7,12:35:00,17828.254990397112,4,41
2021-10-29,17800.15,17804.85,17786.25,17787.4,12:40:00,17825.57832464501,4,42
2021-10-29,17796.7,17815.4,17785.4,17802.1,12:45:00,17822.82800801215,4,43
2021-10-29,17802.6,17805.1,17779.1,17795.65,12:50:00,17820.90153105861,4,44
2021-10-29,17805.25,17825.15,17801.5,17804.1,12:55:00,17819.41090905303,4,45
2021-10-29,17777.6,17825.55,17777.25,17806.4,13:00:00,17815.428917714646,4,46
2021-10-29,17728.6,17774.9,17727.8,17774.9,13:05:00,17807.15949697992,4,47
2021-10-29,17742.6,17748.65,17724.05,17728.05,13:10:00,17801.010973458022,4,48
2021-10-29,17723.25,17741.85,17715.45,17741.1,13:15:00,17793.60516646202,4,49
2021-10-29,17723.8,17734.2,17705.4,17722.6,13:20:00,17786.9570553704,4,50
2021-10-29,17745.15,17755.65,17700.65,17723.35,13:25:00,17782.97543104941,4,51
2021-10-29,17723.25,17757.8,17717.65,17745.1,13:30:00,17777.28729475899,4,52
2021-10-29,17727.65,17731.1,17714.7,17722.65,13:35:00,17772.559933353372,4,53
2021-10-29,17741.1,17760.0,17720.75,17727.6,13:40:00,17769.56374922448,4,54
2021-10-29,17736.0,17753.75,17729.2,17741.8,13:45:00,17766.36720167929,4,55
2021-10-29,17743.25,17753.05,17727.5,17736.6,13:50:00,17764.16556342412,4,56
2021-10-29,17719.8,17749.6,17718.05,17743.15,13:55:00,17759.940271669442,4,57
2021-10-29,17717.55,17725.2,17709.75,17720.75,14:00:00,17755.903102939017,4,58
2021-10-29,17662.0,17717.45,17662.0,17717.45,14:05:00,17746.959950278157,4,59
2021-10-29,17642.8,17673.5,17638.25,17662.2,14:10:00,17737.03995501357,4,60
2021-10-29,17633.65,17659.15,17615.3,17643.15,14:15:00,17727.193292631327,4,61
2021-10-29,17690.45,17697.7,17626.45,17635.1,14:20:00,17723.693931428345,4,62
2021-10-29,17705.1,17716.35,17665.0,17689.85,14:25:00,17721.923080816123,4,63
2021-10-29,17742.3,17753.2,17702.15,17703.2,14:30:00,17723.863739786015,4,64
2021-10-29,17750.5,17765.2,17739.85,17742.0,14:35:00,17726.400526473062,4,65
2021-10-29,17710.45,17750.8,17693.25,17749.15,14:40:00,17724.88142871372,4,66
2021-10-29,17742.85,17742.85,17709.6,17710.05,14:45:00,17726.592721217177,4,67
2021-10-29,17755.6,17764.7,17730.85,17742.8,14:50:00,17729.355319196493,4,68
2021-10-29,17740.75,17760.95,17732.6,17755.7,14:55:00,17730.440526892064,4,69
2021-10-29,17686.6,17742.0,17668.0,17742.0,15:00:00,17726.26523861663,4,70
2021-10-29,17677.25,17685.8,17645.2,17685.25,15:05:00,17721.597120653143,4,71
2021-10-29,17647.75,17679.9,17634.65,17674.45,15:10:00,17714.56406154332,4,72
2021-10-29,17651.3,17664.5,17638.45,17649.45,15:15:00,17708.538912824908,4,73
2021-10-29,17673.85,17683.6,17652.45,17652.5,15:20:00,17705.235206841582,4,74
2021-10-29,17711.5,17718.35,17674.0,17674.0,15:25:00,17705.83185380905,4,75
2021-11-01,17815.3,17833.6,17767.05,17788.1,09:15:00,17716.25739154152,0,1
2021-11-01,17706.9,17812.3,17697.1,17812.3,09:20:00,17715.366211394707,0,2
2021-11-01,17745.55,17763.6,17704.25,17705.6,09:25:00,17718.240857928544,0,3
2021-11-01,17756.5,17765.25,17735.85,17746.35,09:30:00,17721.884585744872,0,4
2021-11-01,17782.0,17783.8,17753.8,17753.8,09:35:00,17727.60986329298,0,5
2021-11-01,17765.5,17789.0,17763.05,17781.85,09:40:00,17731.218447741267,0,6
2021-11-01,17795.4,17795.4,17755.45,17765.45,09:45:00,17737.330976527814,0,7
2021-11-01,17792.9,17804.15,17786.95,17795.8,09:50:00,17742.623264477545,0,8
2021-11-01,17811.1,17811.85,17788.55,17792.4,09:55:00,17749.144858336826,0,9
2021-11-01,17807.65,17821.0,17801.6,17812.35,10:00:00,17754.71677659046,0,10
2021-11-01,17773.85,17808.4,17770.65,17808.15,10:05:00,17756.53898834375,0,11
2021-11-01,17761.15,17773.35,17753.2,17773.25,10:10:00,17756.97813231101,0,12
2021-11-01,17742.3,17777.1,17738.7,17761.45,10:15:00,17755.580214948055,0,13
2021-11-01,17762.3,17762.3,17725.45,17742.1,10:20:00,17756.220194476813,0,14
2021-11-01,17769.15,17777.8,17756.85,17763.1,10:25:00,17757.45160452664,0,15
2021-11-01,17751.9,17778.8,17747.3,17768.1,10:30:00,17756.92288028601,0,16
2021-11-01,17742.0,17754.0,17738.6,17752.15,10:35:00,17755.501653592102,0,17
2021-11-01,17741.25,17750.85,17737.05,17742.7,10:40:00,17754.144353249998,0,18
2021-11-01,17707.9,17747.35,17707.9,17742.25,10:45:00,17749.74012913095,0,19
2021-11-01,17741.35,17748.75,17701.7,17706.8,10:50:00,17748.941069213717,0,20
2021-11-01,17740.55,17752.9,17739.25,17740.4,10:55:00,17748.141919764792,0,21
2021-11-01,17736.75,17752.35,17729.95,17740.35,11:00:00,17747.056975025287,0,22
2021-11-01,17745.7,17745.7,17724.55,17738.65,11:05:00,17746.927739308594,0,23
2021-11-01,17750.1,17758.75,17743.3,17744.9,11:10:00,17747.22985937444,0,24
2021-11-01,17727.6,17756.95,17727.6,17751.05,11:15:00,17745.360348957827,0,25
2021-11-01,17752.05,17752.15,17721.85,17728.05,11:20:00,17745.997458580892,0,26
2021-11-01,17746.25,17757.05,17738.0,17748.85,11:25:00,17746.021510144616,0,27
2021-11-01,17763.05,17768.2,17742.6,17747.25,11:30:00,17747.643271083223,0,28
2021-11-01,17759.95,17772.75,17754.7,17761.8,11:35:00,17748.81534050387,0,29
2021-11-01,17768.0,17770.65,17756.8,17760.95,11:40:00,17750.64245093207,0,30
2021-11-01,17752.15,17771.7,17752.15,17768.25,11:45:00,17750.78602703378,0,31
2021-11-01,17766.15,17766.95,17753.55,17753.55,11:50:00,17752.249262554375,0,32
2021-11-01,17769.0,17772.3,17759.9,17766.2,11:55:00,17753.84457088253,0,33
2021-11-01,17758.4,17773.85,17757.9,17770.2,12:00:00,17754.27842127467,0,34
2021-11-01,17777.6,17780.9,17756.85,17757.8,12:05:00,17756.499524010414,0,35
2021-11-01,17777.55,17785.9,17774.7,17778.5,12:10:00,17758.504331247517,0,36
2021-11-01,17781.85,17785.1,17767.85,17777.65,12:15:00,17760.727728271566,0,37
2021-11-01,17786.1,17786.6,17779.0,17781.0,12:20:00,17763.144135102844,0,38
2021-11-01,17794.5,17797.75,17781.5,17785.4,12:25:00,17766.130407950193,0,39
2021-11-01,17778.7,17798.4,17778.3,17793.8,12:30:00,17767.327511954936,0,40
2021-11-01,17792.1,17792.15,17777.6,17779.3,12:35:00,17769.686796530656,0,41
2021-11-01,17784.75,17798.0,17782.7,17791.15,12:40:00,17771.12138733726,0,42
2021-11-01,17799.0,17801.65,17764.55,17785.75,12:45:00,17773.776493305144,0,43
2021-11-01,17802.5,17805.15,17787.9,17798.1,12:50:00,17776.51206537132,0,44
2021-11-01,17791.5,17806.0,17790.4,17802.4,12:55:00,17777.93948771691,0,45
2021-11-01,17788.0,17797.6,17780.75,17791.0,13:00:00,17778.897631743872,0,46
2021-11-01,17809.6,17813.2,17787.25,17787.25,13:05:00,17781.821666815886,0,47
2021-11-01,17810.7,17811.1,17797.55,17809.75,13:10:00,17784.57198426199,0,48
2021-11-01,17815.15,17820.2,17810.45,17811.25,13:15:00,17787.484176237038,0,49
2021-11-01,17812.05,17821.55,17805.3,17816.5,13:20:00,17789.823778500177,0,50
2021-11-01,17820.1,17821.2,17807.5,17812.1,13:25:00,17792.707228166826,0,51
2021-11-01,17854.1,17860.8,17819.7,17819.75,13:30:00,17798.554158817606,0,52
2021-11-01,17879.1,17889.25,17854.1,17854.3,13:35:00,17806.22519131117,0,53
2021-11-01,17894.65,17897.8,17878.8,17878.8,13:40:00,17814.646601662484,0,54
2021-11-01,17895.15,17914.95,17890.25,17894.95,13:45:00,17822.313591980343,0,55
2021-11-01,17909.55,17918.0,17890.25,17896.2,13:50:00,17830.621821315548,0,56
2021-11-01,17908.25,17915.05,17899.65,17910.05,13:55:00,17838.01498119026,0,57
2021-11-01,17917.0,17920.75,17903.5,17908.0,14:00:00,17845.537363934043,0,58
2021-11-01,17905.0,17918.05,17899.8,17917.05,14:05:00,17851.2004721308,0,59
2021-11-01,17895.05,17913.6,17882.9,17905.65,14:10:00,17855.376617642152,0,60
2021-11-01,17895.1,17903.25,17889.3,17894.25,14:15:00,17859.15979691433,0,61
2021-11-01,17914.4,17920.15,17894.15,17896.05,14:20:00,17864.420768636774,0,62
2021-11-01,17928.5,17938.05,17910.95,17914.75,14:25:00,17870.523552576127,0,63
2021-11-01,17930.9,17938.5,17925.45,17928.35,14:30:00,17876.27369042602,0,64
2021-11-01,17938.5,17954.1,17931.15,17931.15,14:35:00,17882.20000562354,0,65
2021-11-01,17926.8,17937.85,17917.05,17937.65,14:40:00,17886.447624135584,0,66
2021-11-01,17938.55,17944.05,17922.0,17927.65,14:45:00,17891.40975517029,0,67
2021-11-01,17934.7,17942.35,17900.7,17939.55,14:50:00,17895.532635630265,0,68
2021-11-01,17922.45,17934.9,17921.15,17933.15,14:55:00,17898.096194141668,0,69
2021-11-01,17916.5,17930.85,17903.1,17922.0,15:00:00,17899.848937556748,0,70
2021-11-01,17927.6,17931.4,17911.5,17916.35,15:05:00,17902.491895884676,0,71
2021-11-01,17934.35,17938.0,17919.9,17926.95,15:10:00,17905.526001038517,0,72
2021-11-01,17933.45,17936.05,17922.85,17936.0,15:15:00,17908.18542951104,0,73
2021-11-01,17946.85,17949.85,17927.55,17933.8,15:20:00,17911.867769557604,0,74
2021-11-01,17946.2,17949.35,17933.75,17947.7,15:25:00,17915.137505790215,0,75
2021-11-02,17987.4,18012.25,17969.95,17969.95,09:15:00,17922.01964809591,1,1
2021-11-02,17987.5,17995.0,17947.75,17987.6,09:20:00,17928.255872086775,1,2
2021-11-02,17973.65,17989.0,17965.45,17988.6,09:25:00,17932.579122364226,1,3
2021-11-02,17963.2,17979.65,17952.95,17973.25,09:30:00,17935.495396424776,1,4
2021-11-02,17947.95,17962.45,17925.15,17961.65,09:35:00,17936.681549146226,1,5
2021-11-02,17953.1,17968.35,17947.9,17948.1,09:40:00,17938.2452111323,1,6
2021-11-02,17953.8,17961.4,17944.15,17953.7,09:45:00,17939.72661959589,1,7
2021-11-02,17948.35,17968.9,17947.6,17953.75,09:50:00,17940.54789392009,1,8
2021-11-02,17944.4,17947.85,17933.45,17947.85,09:55:00,17940.914761165797,1,9
2021-11-02,17955.7,17961.15,17938.65,17943.45,10:00:00,17942.322879150008,1,10
2021-11-02,17938.3,17960.1,17937.85,17956.3,10:05:00,17941.93974780239,1,11
2021-11-02,17934.55,17939.4,17916.1,17939.4,10:10:00,17941.2359622974,1,12
2021-11-02,17934.95,17944.5,17927.65,17936.0,10:15:00,17940.637299221456,1,13
2021-11-02,17938.15,17950.3,17932.4,17935.65,10:20:00,17940.40041358132,1,14
2021-11-02,17932.05,17939.3,17929.4,17937.95,10:25:00,17939.605136097383,1,15
2021-11-02,17905.75,17933.5,17898.3,17931.75,10:30:00,17936.380837421442,1,16
2021-11-02,17873.4,17908.0,17872.25,17904.25,10:35:00,17930.382662428925,1,17
2021-11-02,17897.15,17897.9,17873.3,17874.15,10:40:00,17927.217646959503,1,18
2021-11-02,17895.3,17898.3,17889.45,17897.05,10:45:00,17924.177871058597,1,19
2021-11-02,17896.65,17909.25,17893.45,17894.3,10:50:00,17921.556169053016,1,20
2021-11-02,17885.0,17910.6,17883.3,17896.1,10:55:00,17918.074629143204,1,21
2021-11-02,17895.6,17899.75,17878.35,17886.15,11:00:00,17915.934188272422,1,22
2021-11-02,17912.75,17922.3,17893.0,17895.65,11:05:00,17915.630932246477,1,23
2021-11-02,17935.0,17935.55,17912.5,17912.5,11:10:00,17917.47560536586,1,24
2021-11-02,17943.85,17946.25,17929.85,17935.75,11:15:00,17919.987452473873,1,25
2021-11-02,17942.85,17947.35,17934.8,17944.4,11:20:00,17922.16483795255,1,26
2021-11-02,17951.5,17951.5,17936.55,17943.05,11:25:00,17924.958662909452,1,27
2021-11-02,17941.95,17957.7,17936.45,17952.35,11:30:00,17926.576885489507,1,28
2021-11-02,17926.25,17942.65,17920.1,17942.25,11:35:00,17926.545753538125,1,29
2021-11-02,17925.2,17938.85,17923.1,17925.85,11:40:00,17926.417586534495,1,30
2021-11-02,17918.05,17925.45,17909.65,17925.45,11:45:00,17925.620673531208,1,31
2021-11-02,17933.1,17937.35,17917.8,17917.8,11:50:00,17926.33299033776,1,32
2021-11-02,17941.35,17943.7,17927.55,17934.4,11:55:00,17927.763181734164,1,33
2021-11-02,17947.75,17954.35,17941.15,17942.55,12:00:00,17929.666688235673,1,34
2021-11-02,17938.85,17951.1,17937.15,17947.35,12:05:00,17930.541289356086,1,35
2021-11-02,17949.45,17949.75,17934.2,17938.75,12:10:00,17932.342118941222,1,36
2021-11-02,17943.9,17956.3,17938.1,17949.7,12:15:00,17933.442869518247,1,37
2021-11-02,17947.1,17948.6,17941.7,17943.95,12:20:00,17934.743548611747,1,38
2021-11-02,17916.0,17947.55,17910.4,17946.95,12:25:00,17932.95844874396,1,39
2021-11-02,17923.15,17923.15,17894.65,17916.6,12:30:00,17932.024310768345,1,40
2021-11-02,17925.5,17926.6,17912.25,17923.3,12:35:00,17931.402947838025,1,41
2021-11-02,17917.4,17926.4,17912.25,17925.55,12:40:00,17930.069333758212,1,42
2021-11-02,17915.4,17920.4,17909.7,17917.65,12:45:00,17928.672254352667,1,43
2021-11-02,17903.45,17928.0,17901.35,17915.5,12:50:00,17926.270134890507,1,44
2021-11-02,17897.1,17909.05,17881.75,17904.2,12:55:00,17923.492026805696,1,45
2021-11-02,17893.95,17905.85,17886.35,17896.95,13:00:00,17920.67850044325,1,46
2021-11-02,17912.8,17914.4,17889.6,17893.55,13:05:00,17919.9281670677,1,47
2021-11-02,17912.05,17917.3,17907.5,17912.65,13:10:00,17919.177865442205,1,48
2021-11-02,17919.9,17924.5,17910.05,17912.55,13:15:00,17919.246640161997,1,49
2021-11-02,17916.8,17924.15,17912.75,17919.8,13:20:00,17919.013626813234,1,50
2021-11-02,17913.5,17918.95,17902.25,17916.35,13:25:00,17918.48851949769,1,51
2021-11-02,17906.75,17914.15,17899.25,17913.9,13:30:00,17917.370565259815,1,52
2021-11-02,17913.1,17923.0,17904.65,17907.35,13:35:00,17916.96384475888,1,53
2021-11-02,17923.15,17925.45,17910.5,17913.75,13:40:00,17917.55300240089,1,54
2021-11-02,17919.5,17923.65,17908.8,17923.5,13:45:00,17917.738430743662,1,55
2021-11-02,17932.8,17940.8,17914.1,17920.25,13:50:00,17919.172865910932,1,56
2021-11-02,17870.35,17932.95,17856.75,17932.5,13:55:00,17914.52306915751,1,57
2021-11-02,17884.0,17884.9,17847.6,17872.15,14:00:00,17911.616110190127,1,58
2021-11-02,17896.2,17902.95,17876.7,17884.35,14:05:00,17910.14790921964,1,59
2021-11-02,17889.05,17899.5,17882.6,17896.75,14:10:00,17908.138584532055,1,60
2021-11-02,17878.6,17889.95,17869.2,17889.95,14:15:00,17905.325386005192,1,61
2021-11-02,17890.75,17894.7,17878.7,17879.45,14:20:00,17903.937254004697,1,62
2021-11-02,17893.7,17899.9,17887.15,17890.7,14:25:00,17902.96227743282,1,63
2021-11-02,17884.35,17904.35,17879.55,17895.05,14:30:00,17901.189679582076,1,64
2021-11-02,17899.15,17899.4,17884.2,17885.55,14:35:00,17900.995424383782,1,65
2021-11-02,17897.75,17903.0,17891.0,17899.6,14:40:00,17900.686336347233,1,66
2021-11-02,17900.85,17903.55,17890.9,17898.05,14:45:00,17900.701923361783,1,67
2021-11-02,17917.95,17932.95,17900.55,17901.45,14:50:00,17902.344597327326,1,68
2021-11-02,17896.7,17921.7,17896.7,17918.85,14:55:00,17901.807016629486,1,69
2021-11-02,17877.65,17905.1,17873.2,17899.2,15:00:00,17899.50634837906,1,70
2021-11-02,17887.4,17896.5,17873.95,17879.1,15:05:00,17898.353362819147,1,71
2021-11-02,17896.1,17898.8,17886.7,17888.3,15:10:00,17898.13875683637,1,72
2021-11-02,17882.4,17899.45,17882.4,17895.8,15:15:00,17896.63982761386,1,73
2021-11-02,17895.65,17898.0,17876.15,17883.35,15:20:00,17896.545558317302,1,74
2021-11-02,17889.15,17897.15,17884.4,17895.9,15:25:00,17895.841219429938,1,75
2021-11-03,17968.7,17978.55,17935.15,17950.55,09:15:00,17909.058231778246,2,1
2021-11-03,17955.0,17977.0,17941.55,17970.05,09:20:00,17913.433638275557,2,2
2021-11-03,17965.15,17969.3,17943.55,17954.45,09:25:00,17918.359006058836,2,3
2021-11-03,17969.9,17976.2,17958.0,17966.8,09:30:00,17923.26767214847,2,4
2021-11-03,17982.85,17987.85,17966.95,17971.1,09:35:00,17928.942179562902,2,5
2021-11-03,17971.7,17988.75,17968.85,17983.5,09:40:00,17933.014352937862,2,6
2021-11-03,17978.55,17984.2,17967.05,17972.35,09:45:00,17937.35108122949,2,7
2021-11-03,17982.3,17982.6,17972.65,17978.15,09:50:00,17941.631930636206,2,8
2021-11-03,17963.75,17986.8,17954.8,17983.15,09:55:00,17943.73841343276,2,9
2021-11-03,17961.3,17973.35,17955.7,17962.15,10:00:00,17945.41094548678,2,10
2021-11-03,17950.15,17966.7,17949.85,17962.25,10:05:00,17945.862284011848,2,11
2021-11-03,17961.3,17961.3,17948.0,17949.35,10:10:00,17947.332542677384,2,12
2021-11-03,17956.3,17972.45,17955.65,17962.95,10:15:00,17948.186586231917,2,13
2021-11-03,17956.6,17962.2,17948.65,17956.45,10:20:00,17948.98786373364,2,14
2021-11-03,17962.25,17963.85,17955.3,17956.65,10:25:00,17950.250924330438,2,15
2021-11-03,17964.0,17968.95,17958.45,17963.1,10:30:00,17951.56036010849,2,16
2021-11-03,17955.8,17966.3,17953.6,17963.8,10:35:00,17951.964135336253,2,17
2021-11-03,17968.7,17968.8,17952.35,17955.05,10:40:00,17953.55802720899,2,18
2021-11-03,17953.45,17968.45,17951.65,17968.3,10:45:00,17953.547738903373,2,19
2021-11-03,17966.4,17967.9,17952.35,17953.15,10:50:00,17954.771763769717,2,20
2021-11-03,17965.4,17971.4,17961.75,17966.35,10:55:00,17955.78397674403,2,21
2021-11-03,17968.9,17974.45,17961.1,17963.8,11:00:00,17957.033121816028,2,22
2021-11-03,17968.55,17975.2,17967.3,17968.3,11:05:00,17958.12996735736,2,23
2021-11-03,17976.0,17976.15,17967.65,17967.65,11:10:00,17959.831875228087,2,24
2021-11-03,17973.3,17979.2,17968.75,17975.7,11:15:00,17961.114553777792,2,25
2021-11-03,17971.1,17978.1,17967.7,17973.55,11:20:00,17962.065548656097,2,26
2021-11-03,17966.65,17971.3,17963.7,17971.0,11:25:00,17962.502163069803,2,27
2021-11-03,17945.6,17967.75,17943.45,17966.7,11:30:00,17960.89243325363,2,28
2021-11-03,17949.75,17955.25,17926.15,17944.75,11:35:00,17959.831249134237,2,29
2021-11-03,17951.1,17959.25,17948.1,17948.85,11:40:00,17958.99970159764,2,30
2021-11-03,17929.55,17951.6,17922.4,17951.6,11:45:00,17956.19496811215,2,31
2021-11-03,17927.65,17935.85,17927.4,17928.65,11:50:00,17953.47639972052,2,32
2021-11-03,17919.15,17936.6,17916.7,17928.0,11:55:00,17950.207218794756,2,33
2021-11-03,17891.2,17919.7,17886.0,17919.7,12:00:00,17944.587483671447,2,34
2021-11-03,17894.2,17910.7,17890.7,17894.0,12:05:00,17939.788675702737,2,35
2021-11-03,17897.3,17902.1,17891.7,17894.75,12:10:00,17935.74213515962,2,36
2021-11-03,17884.5,17897.05,17867.65,17897.05,12:15:00,17930.861931811087,2,37
2021-11-03,17889.55,17897.95,17883.2,17885.2,12:20:00,17926.927462114792,2,38
2021-11-03,17872.85,17894.2,17872.85,17890.1,12:25:00,17921.77722762767,2,39
2021-11-03,17871.5,17872.4,17858.25,17870.9,12:30:00,17916.98892023456,2,40
2021-11-03,17878.95,17879.9,17863.1,17871.9,12:35:00,17913.366165926505,2,41
2021-11-03,17864.5,17890.65,17862.25,17879.15,12:40:00,17908.712245362076,2,42
2021-11-03,17869.6,17871.55,17854.3,17865.9,12:45:00,17904.987269613306,2,43
2021-11-03,17860.8,17876.95,17857.65,17869.35,12:50:00,17900.778958221563,2,44
2021-11-03,17864.8,17869.9,17861.15,17862.0,12:55:00,17897.35239077189,2,45
2021-11-03,17834.7,17872.7,17832.1,17865.2,13:00:00,17891.385496412666,2,46
2021-11-03,17821.6,17844.55,17818.75,17835.15,13:05:00,17884.73925865908,2,47
2021-11-03,17808.85,17828.85,17805.4,17822.3,13:10:00,17877.511710215356,2,48
2021-11-03,17820.1,17829.1,17804.45,17809.3,13:15:00,17872.043928290084,2,49
2021-11-03,17803.1,17820.15,17792.25,17820.15,13:20:00,17865.477839881507,2,50
2021-11-03,17809.8,17822.0,17802.65,17803.25,13:25:00,17860.17518846422,2,51
2021-11-03,17809.25,17816.4,17806.3,17810.25,13:30:00,17855.325170515247,2,52
2021-11-03,17836.7,17842.9,17807.4,17808.05,13:35:00,17853.55134475189,2,53
2021-11-03,17837.65,17846.55,17826.3,17836.25,13:40:00,17852.036930965995,2,54
2021-11-03,17844.05,17854.8,17838.9,17839.0,13:45:00,17851.276270873994,2,55
2021-11-03,17867.6,17867.85,17844.55,17844.7,13:50:00,17852.830911743138,2,56
2021-11-03,17878.1,17894.65,17866.95,17868.3,13:55:00,17855.237491577125,2,57
2021-11-03,17887.55,17906.3,17878.75,17878.9,14:00:00,17858.314873331685,2,58
2021-11-03,17856.5,17894.95,17853.65,17887.6,14:05:00,17858.142028252478,2,59
2021-11-03,17857.6,17877.95,17856.1,17857.6,14:10:00,17858.090406514148,2,60
2021-11-03,17813.5,17858.15,17810.8,17858.15,14:15:00,17853.84370113185,2,61
2021-11-03,17807.4,17824.0,17807.3,17813.2,14:20:00,17849.420491500245,2,62
2021-11-03,17783.1,17813.45,17779.6,17805.75,14:25:00,17843.104254214508,2,63
2021-11-03,17788.85,17797.6,17757.95,17782.8,14:30:00,17837.937182384554,2,64
2021-11-03,17806.55,17809.7,17783.7,17789.1,14:35:00,17834.947926919358,2,65
2021-11-03,17810.1,17822.6,17798.65,17806.1,14:40:00,17832.581457688942,2,66
2021-11-03,17812.0,17816.8,17799.85,17809.4,14:45:00,17830.621318861424,2,67
2021-11-03,17787.55,17814.95,17779.0,17813.4,14:50:00,17826.51928849367,2,68
2021-11-03,17797.75,17801.55,17778.8,17787.35,14:55:00,17823.77935625618,2,69
2021-11-03,17837.4,17837.4,17800.05,17800.9,15:00:00,17825.076560422258,2,70
2021-11-03,17847.7,17847.7,17832.6,17837.8,15:05:00,17827.231173715376,2,71
2021-11-03,17820.5,17851.5,17819.25,17848.0,15:10:00,17826.590109552006,2,72
2021-11-03,17841.25,17841.25,17802.95,17820.65,15:15:00,17827.98628959467,2,73
2021-11-03,17830.0,17843.1,17827.9,17840.9,15:20:00,17828.178071538037,2,74
2021-11-03,17833.0,17834.25,17821.55,17830.05,15:25:00,17828.637302820127,2,75
2021-11-08,17943.05,18011.55,17930.0,17997.5,09:15:00,17904.05666733627,0,1
2021-11-08,17865.1,17946.35,17864.6,17946.35,09:20:00,17900.34650854234,0,2
2021-11-08,17845.45,17878.3,17841.65,17864.45,09:25:00,17895.118269633545,0,3
2021-11-08,17862.2,17892.25,17837.7,17837.7,09:30:00,17891.983196335113,0,4
2021-11-08,17882.8,17885.25,17857.75,17861.65,09:35:00,17891.10860620796,0,5
2021-11-08,17871.05,17897.1,17868.35,17882.35,09:40:00,17889.198262759583,0,6
2021-11-08,17879.9,17879.9,17860.6,17870.4,09:45:00,17888.312713925337,0,7
2021-11-08,17856.8,17879.6,17852.45,17879.45,09:50:00,17885.311503075307,0,8
2021-11-08,17865.3,17872.55,17855.35,17857.2,09:55:00,17883.405645639563,0,9
2021-11-08,17862.8,17872.15,17852.7,17865.9,10:00:00,17881.443203197698,0,10
2021-11-08,17855.4,17880.55,17854.7,17862.25,10:05:00,17878.962898131253,0,11
2021-11-08,17855.15,17868.85,17845.55,17855.6,10:10:00,17876.695003071134,0,12
2021-11-08,17872.2,17874.75,17836.1,17853.9,10:15:00,17876.26690754055,0,13
2021-11-08,17870.25,17877.4,17867.65,17871.95,10:20:00,17875.693868727165,0,14
2021-11-08,17865.75,17874.3,17863.8,17870.8,10:25:00,17874.74683361029,0,15
2021-11-08,17870.45,17883.1,17865.35,17866.5,10:30:00,17874.33761136169,0,16
2021-11-08,17871.45,17872.85,17862.95,17871.15,10:35:00,17874.062600755817,0,17
2021-11-08,17890.7,17894.95,17867.65,17871.2,10:40:00,17875.64711496955,0,18
2021-11-08,17893.95,17906.25,17889.35,17890.45,10:45:00,17877.39024687721,0,19
2021-11-08,17894.2,17902.65,17891.1,17893.75,10:50:00,17878.991175746047,0,20
2021-11-08,17889.8,17899.55,17882.9,17894.85,10:55:00,17880.02058757976,0,21
2021-11-08,17893.95,17898.85,17888.6,17891.75,11:00:00,17881.347198286447,0,22
2021-11-08,17919.15,17919.15,17893.8,17893.8,11:05:00,17884.947465116307,0,23
2021-11-08,17918.1,17921.9,17912.65,17920.05,11:10:00,17888.104849390944,0,24
2021-11-08,17906.25,17927.05,17902.7,17917.55,11:15:00,17889.83295897276,0,25
2021-11-08,17907.1,17910.05,17898.5,17905.95,11:20:00,17891.47743907059,0,26
2021-11-08,17894.85,17908.45,17893.2,17906.45,11:25:00,17891.79863534958,0,27
2021-11-08,17885.45,17895.65,17878.95,17894.4,11:30:00,17891.194003411525,0,28
2021-11-08,17864.4,17887.45,17860.95,17886.0,11:35:00,17888.64219356281,0,29
2021-11-08,17891.35,17891.8,17862.3,17865.15,11:40:00,17888.90007989016,0,30
2021-11-08,17909.85,17911.75,17891.0,17891.65,11:45:00,17890.895310376814,0,31
2021-11-08,17904.8,17920.95,17904.65,17910.2,11:50:00,17892.219566531403,0,32
2021-11-08,17911.05,17911.95,17899.6,17904.35,11:55:00,17894.01294114746,0,33
2021-11-08,17945.5,17945.5,17910.5,17910.5,12:00:00,17898.916470561988,0,34
2021-11-08,17975.4,17978.5,17945.55,17945.55,12:05:00,17906.20061622275,0,35
2021-11-08,17966.8,17985.55,17961.75,17974.8,12:10:00,17911.9719861063,0,36
2021-11-08,17965.75,17974.15,17960.05,17967.45,12:15:00,17917.093701715225,0,37
2021-11-08,17965.8,17971.7,17963.0,17965.0,12:20:00,17921.732396789965,0,38
2021-11-08,17963.1,17987.05,17954.6,17965.3,12:25:00,17925.672168524252,0,39
2021-11-08,17973.5,17974.35,17958.55,17965.05,12:30:00,17930.22720009337,0,40
2021-11-08,17975.6,17978.65,17966.75,17974.05,12:35:00,17934.548419132097,0,41
2021-11-08,17983.35,17985.1,17970.3,17975.7,12:40:00,17939.196188738566,0,42
2021-11-08,18005.65,18008.15,17978.7,17989.8,12:45:00,17945.525123144416,0,43
2021-11-08,18022.1,18025.7,17998.1,18007.4,12:50:00,17952.817968559233,0,44
2021-11-08,18012.75,18025.2,18005.9,18021.8,12:55:00,17958.525781077402,0,45
2021-11-08,18029.2,18033.15,18003.4,18013.8,13:00:00,17965.25665907003,0,46
2021-11-08,18032.85,18040.6,18022.3,18031.5,13:05:00,17971.69412011098,0,47
2021-11-08,18038.5,18038.5,18016.4,18033.55,13:10:00,17978.056584862316,0,48
2021-11-08,18023.45,18041.9,18023.05,18041.9,13:15:00,17982.37976725638,0,49
2021-11-08,18030.6,18030.6,18010.5,18024.3,13:20:00,17986.972170374822,0,50
2021-11-08,18026.4,18030.8,18016.25,18029.65,13:25:00,17990.727201767695,0,51
2021-11-08,18034.6,18035.35,18014.35,18026.55,13:30:00,17994.905563504104,0,52
2021-11-08,18020.1,18037.0,18007.7,18034.55,13:35:00,17997.30503364657,0,53
2021-11-08,18062.25,18062.6,18012.15,18018.05,13:40:00,18003.490268537375,0,54
2021-11-08,18056.7,18064.85,18050.1,18062.75,13:45:00,18008.557862010006,0,55
2021-11-08,18057.15,18060.3,18043.75,18057.25,13:50:00,18013.18568467572,0,56
2021-11-08,18053.8,18056.95,18042.45,18056.95,13:55:00,18017.0537147066,0,57
2021-11-08,18075.6,18075.6,18049.4,18054.6,14:00:00,18022.629551401213,0,58
2021-11-08,18074.75,18079.25,18070.3,18075.9,14:05:00,18027.59340364872,0,59
2021-11-08,18067.3,18079.85,18063.3,18075.25,14:10:00,18031.3749842536,0,60
2021-11-08,18061.8,18077.2,18055.45,18067.55,14:15:00,18034.27260480088,0,61
2021-11-08,18064.4,18071.95,18056.25,18060.55,14:20:00,18037.141880534127,0,62
2021-11-08,18069.55,18072.8,18063.5,18065.85,14:25:00,18040.228368102307,0,63
2021-11-08,18064.3,18078.55,18064.25,18070.25,14:30:00,18042.52090447352,0,64
2021-11-08,18075.5,18075.65,18043.15,18065.15,14:35:00,18045.66177071413,0,65
2021-11-08,18062.5,18075.85,18060.75,18075.2,14:40:00,18047.265411598502,0,66
2021-11-08,18059.9,18065.75,18054.0,18062.65,14:45:00,18048.46870573198,0,67
2021-11-08,18055.4,18073.55,18053.5,18060.75,14:50:00,18049.1288289956,0,68
2021-11-08,18064.2,18064.2,18038.6,18055.05,14:55:00,18050.564178615063,0,69
2021-11-08,18057.9,18077.65,18045.95,18062.85,15:00:00,18051.262828270774,0,70
2021-11-08,18065.5,18065.5,18053.45,18057.6,15:05:00,18052.61874938784,0,71
2021-11-08,18064.0,18067.45,18059.65,18065.3,15:10:00,18053.702678017573,0,72
2021-11-08,18068.05,18070.95,18061.0,18064.55,15:15:00,18055.069089634948,0,73
2021-11-08,18086.35,18087.5,18063.85,18068.6,15:20:00,18058.04822395543,0,74
2021-11-08,18083.35,18087.8,18068.1,18087.8,15:25:00,18060.45791691205,0,75
2021-11-09,18072.8,18092.9,18052.85,18087.9,09:15:00,18061.63335339662,1,1
2021-11-09,18076.45,18086.8,18055.4,18073.9,09:20:00,18063.044462596943,1,2
2021-11-09,18073.35,18079.3,18066.3,18075.45,09:25:00,18064.025942349617,1,3
2021-11-09,18104.4,18109.1,18067.1,18074.05,09:30:00,18067.87109069728,1,4
2021-11-09,18104.6,18112.6,18093.2,18103.9,09:35:00,18071.36908205944,1,5
2021-11-09,18099.45,18108.8,18095.1,18104.75,09:40:00,18074.043455196635,1,6
2021-11-09,18057.9,18101.65,18039.45,18099.5,09:45:00,18072.505983273142,1,7
2021-11-09,18060.1,18074.6,18058.45,18058.45,09:50:00,18071.32446105665,1,8
2021-11-09,18060.5,18067.2,18046.15,18056.8,09:55:00,18070.29356000364,1,9
2021-11-09,18070.45,18072.35,18054.6,18060.6,10:00:00,18070.30845905091,1,10
2021-11-09,18052.5,18074.35,18052.5,18069.95,10:05:00,18068.612415331776,1,11
2021-11-09,18055.1,18056.15,18048.1,18051.95,10:10:00,18067.325518633512,1,12
2021-11-09,18059.6,18065.55,18051.55,18054.45,10:15:00,18066.58975495413,1,13
2021-11-09,18044.4,18059.75,18032.35,18059.2,10:20:00,18064.47644495849,1,14
2021-11-09,18039.65,18045.1,18033.3,18044.3,10:25:00,18062.11202162912,1,15
2021-11-09,18039.0,18044.3,18035.7,18039.3,10:30:00,18059.910876712056,1,16
2021-11-09,18053.4,18057.5,18037.95,18039.9,10:35:00,18059.29079321567,1,17
2021-11-09,18051.4,18054.55,18047.4,18053.55,10:40:00,18058.53928909989,1,18
2021-11-09,18043.7,18053.5,18039.6,18052.5,10:45:00,18057.12602347133,1,19
2021-11-09,18022.75,18044.85,18015.3,18043.9,10:50:00,18053.85211647406,1,20
2021-11-09,18037.45,18039.15,18023.1,18024.0,10:55:00,18052.290010143195,1,21
2021-11-09,18037.75,18047.1,18037.6,18038.45,11:00:00,18050.90524727241,1,22
2021-11-09,18045.3,18053.15,18037.55,18037.6,11:05:00,18050.37141419885,1,23
2021-11-09,18032.4,18044.95,18030.4,18044.0,11:10:00,18048.65985094181,1,24
2021-11-09,18035.5,18035.75,18021.6,18032.0,11:15:00,18047.406531804503,1,25
2021-11-09,18041.55,18042.75,18030.75,18035.4,11:20:00,18046.84876687074,1,26
2021-11-09,18052.65,18054.35,18038.5,18041.8,11:25:00,18047.401265264,1,27
2021-11-09,18065.2,18066.85,18053.55,18053.55,11:30:00,18049.096382857904,1,28
2021-11-09,18059.5,18066.15,18058.4,18065.15,11:35:00,18050.087203538103,1,29
2021-11-09,18052.1,18059.5,18046.35,18059.2,11:40:00,18050.278898439235,1,30
2021-11-09,18061.9,18061.9,18050.1,18052.3,11:45:00,18051.38567001645,1,31
2021-11-09,18053.95,18065.8,18053.75,18061.6,11:50:00,18051.629891919645,1,32
2021-11-09,18057.75,18060.95,18051.4,18053.55,11:55:00,18052.21275935587,1,33
2021-11-09,18059.15,18060.7,18051.7,18059.0,12:00:00,18052.873448941024,1,34
2021-11-09,18039.05,18063.0,18036.9,18059.2,12:05:00,18051.55692999425,1,35
2021-11-09,18043.05,18044.35,18034.75,18039.9,12:10:00,18050.74674618528,1,36
2021-11-09,18036.2,18050.95,18036.2,18042.75,12:15:00,18049.36134178668,1,37
2021-11-09,18035.2,18044.65,18030.9,18038.2,12:20:00,18048.0126425689,1,38
2021-11-09,18025.3,18036.7,18014.7,18035.7,12:25:00,18045.84953375281,1,39
2021-11-09,18026.45,18034.6,18022.4,18026.85,12:30:00,18044.00195910969,1,40
2021-11-09,18037.8,18039.7,18024.6,18026.75,12:35:00,18043.41129633734,1,41
2021-11-09,18045.4,18048.25,18035.25,18038.75,12:40:00,18043.600696686164,1,42
2021-11-09,18048.75,18051.6,18040.8,18046.45,12:45:00,18044.09110652558,1,43
2021-11-09,18042.1,18054.6,18040.2,18050.05,12:50:00,18043.901477332667,1,44
2021-11-09,18051.35,18054.8,18037.85,18043.05,12:55:00,18044.61086044384,1,45
2021-11-09,18056.7,18058.35,18049.2,18052.45,13:00:00,18045.76220706824,1,46
2021-11-09,18038.35,18056.85,18037.8,18056.85,13:05:00,18045.05628258555,1,47
2021-11-09,18053.15,18054.15,18037.2,18040.15,13:10:00,18045.827112815496,1,48
2021-11-09,18051.75,18053.6,18042.55,18053.6,13:15:00,18046.39119730925,1,49
2021-11-09,18058.4,18062.35,18050.65,18051.65,13:20:00,18047.53489280361,1,50
2021-11-09,18053.15,18059.15,18052.05,18058.1,13:25:00,18048.069664917555,1,51
2021-11-09,18020.75,18071.8,18010.6,18052.95,13:30:00,18045.467792068262,1,52
2021-11-09,18016.65,18019.2,17983.05,18017.0,13:35:00,18042.72324044272,1,53
2021-11-09,18021.9,18033.55,18012.8,18016.95,13:40:00,18040.74007468627,1,54
2021-11-09,18010.55,18027.05,18008.55,18022.15,13:45:00,18037.86482947805,1,55
2021-11-09,18017.65,18026.8,18010.35,18010.95,13:50:00,18035.939607623,1,56
2021-11-09,18022.6,18024.55,18013.05,18018.1,13:55:00,18034.669168801764,1,57
2021-11-09,18018.4,18034.05,18009.05,18023.45,14:00:00,18033.119724153978,1,58
2021-11-09,18020.05,18029.05,18016.25,18019.05,14:05:00,18031.874988520267,1,59
2021-11-09,18018.05,18027.5,18018.05,18018.65,14:10:00,18030.55832294691,1,60
2021-11-09,18033.85,18033.85,18018.65,18019.6,14:15:00,18030.871815999584,1,61
2021-11-09,18041.4,18050.95,18032.9,18033.3,14:20:00,18031.8745001901,1,62
2021-11-09,18047.9,18052.8,18040.85,18041.3,14:25:00,18033.400738267235,1,63
2021-11-09,18037.9,18050.35,18036.75,18048.0,14:30:00,18033.82923938464,1,64
2021-11-09,18034.3,18042.65,18032.1,18038.0,14:35:00,18033.874073728963,1,65
2021-11-09,18019.9,18034.1,18019.9,18034.1,14:40:00,18032.5432095643,1,66
2021-11-09,18022.85,18027.4,18013.65,18019.8,14:45:00,18031.62004674865,1,67
2021-11-09,18003.8,18023.65,18003.8,18022.95,14:50:00,18028.97051848688,1,68
2021-11-09,18005.15,18006.0,17991.35,18003.15,14:55:00,18026.7018976786,1,69
2021-11-09,18037.7,18037.7,18007.25,18007.25,15:00:00,18027.74933599493,1,70
2021-11-09,18041.5,18043.5,18028.1,18036.95,15:05:00,18029.058923043027,1,71
2021-11-09,18043.75,18049.75,18039.45,18041.7,15:10:00,18030.458073229405,1,72
2021-11-09,18051.35,18051.5,18043.1,18044.95,15:15:00,18032.44778054089,1,73
2021-11-09,18056.3,18064.55,18048.15,18050.65,15:20:00,18034.71942048938,1,74
2021-11-09,18051.6,18057.95,18041.65,18056.4,15:25:00,18036.327094728484,1,75
2021-11-10,17931.25,17968.2,17926.6,17964.9,09:15:00,18026.31975237339,2,1
2021-11-10,17938.4,17939.85,17915.55,17930.3,09:20:00,18017.946442623543,2,2
2021-11-10,17943.9,17946.7,17924.65,17937.95,09:25:00,18010.89440046892,2,3
2021-11-10,17944.45,17955.9,17940.1,17945.35,09:30:00,18004.566362329024,2,4
2021-11-10,17953.5,17957.95,17938.05,17945.6,09:35:00,17999.702899250067,2,5
2021-11-10,17932.8,17957.2,17926.0,17954.3,09:40:00,17993.331194559585,2,6
2021-11-10,17940.05,17943.25,17915.0,17932.0,09:45:00,17988.25679507772,2,7
2021-11-10,17931.8,17949.85,17931.3,17938.8,09:50:00,17982.87995745127,2,8
2021-11-10,17941.55,17951.05,17931.4,17931.4,09:55:00,17978.943771027338,2,9
2021-11-10,17955.35,17956.7,17937.4,17941.5,10:00:00,17976.69674521521,2,10
2021-11-10,17963.15,17969.05,17951.25,17954.55,10:05:00,17975.406579004237,2,11
2021-11-10,17960.3,17967.1,17953.4,17963.5,10:10:00,17973.967857194308,2,12
2021-11-10,17957.1,17961.85,17948.4,17960.85,10:15:00,17972.361394604373,2,13
2021-11-10,17955.55,17957.55,17950.65,17957.2,10:20:00,17970.76030940396,2,14
2021-11-10,17956.05,17966.3,17953.85,17955.65,10:25:00,17969.35932755596,2,15
2021-11-10,17956.85,17969.3,17956.0,17956.25,10:30:00,17968.167963026823,2,16
2021-11-10,17952.95,17955.9,17945.05,17955.9,10:35:00,17966.718633214743,2,17
2021-11-10,17948.1,17954.0,17945.8,17951.25,10:40:00,17964.945430051434,2,18
2021-11-10,17956.35,17956.5,17939.8,17948.55,10:45:00,17964.126817665583,2,19
2021-11-10,17951.2,17956.9,17946.45,17956.65,10:50:00,17962.895692173624,2,20
2021-11-10,17952.0,17958.5,17950.45,17950.7,10:55:00,17961.858007204708,2,21
2021-11-10,17958.9,17964.05,17950.5,17953.4,11:00:00,17961.57629223283,2,22
2021-11-10,17956.4,17964.35,17954.8,17959.85,11:05:00,17961.08331202018,2,23
2021-11-10,17966.0,17967.55,17956.5,17956.5,11:10:00,17961.551568018258,2,24
2021-11-10,17969.3,17971.2,17964.3,17967.45,11:15:00,17962.28951392128,2,25
2021-11-10,17967.0,17971.55,17959.45,17968.8,11:20:00,17962.738131643066,2,26
2021-11-10,17960.15,17968.7,17956.65,17967.3,11:25:00,17962.491642915156,2,27
2021-11-10,17957.7,17960.95,17952.7,17960.2,11:30:00,17962.035295970854,2,28
2021-11-10,17963.9,17969.1,17957.8,17958.2,11:35:00,17962.212886830774,2,29
2021-11-10,17965.05,17970.1,17962.2,17964.95,11:40:00,17962.483088084984,2,30
2021-11-10,17969.0,17969.6,17961.1,17965.1,11:45:00,17963.103746362605,2,31
2021-11-10,17956.9,17969.85,17955.3,17969.85,11:50:00,17962.51291337569,2,32
2021-11-10,17952.8,17956.5,17944.0,17956.3,11:55:00,17961.587874006575,2,33
2021-11-10,17950.55,17954.15,17948.2,17952.9,12:00:00,17960.53664791071,2,34
2021-11-10,17956.9,17957.85,17947.6,17951.55,12:05:00,17960.19030049064,2,35
2021-11-10,17959.95,17962.2,17956.6,17957.15,12:10:00,17960.16741472963,2,36
2021-11-10,17961.0,17963.5,17956.45,17961.1,12:15:00,17960.246708564904,2,37
2021-11-10,17977.6,17989.95,17960.9,17961.15,12:20:00,17961.899402987296,2,38
2021-11-10,17974.0,17980.7,17970.2,17977.55,12:25:00,17963.05184079803,2,39
2021-11-10,17966.55,17974.65,17964.0,17973.75,12:30:00,17963.384998817266,2,40
2021-11-10,17975.5,17975.65,17966.8,17967.5,12:35:00,17964.538808453715,2,41
2021-11-10,17968.85,17976.05,17967.4,17975.9,12:40:00,17964.94939812479,2,42
2021-11-10,17978.2,17979.2,17965.85,17969.6,12:45:00,17966.211360208144,2,43
2021-11-10,17973.65,17979.0,17970.2,17977.9,12:50:00,17966.919802093085,2,44
2021-11-10,17954.7,17975.2,17954.25,17973.5,12:55:00,17965.756011417554,2,45
2021-11-10,17969.95,17970.6,17953.5,17953.5,13:00:00,17966.1554389016,2,46
2021-11-10,17979.0,17981.15,17968.8,17970.6,13:05:00,17967.37873043478,2,47
2021-11-10,17984.35,17984.55,17975.15,17979.4,13:10:00,17968.99504182194,2,48
2021-11-10,17980.95,17985.35,17973.3,17984.4,13:15:00,17970.133609267472,2,49
2021-11-10,17978.9,17983.95,17975.8,17980.8,13:20:00,17970.968503622953,2,50
2021-11-10,17981.4,17981.9,17973.2,17979.1,13:25:00,17971.961979468386,2,51
2021-11-10,17993.3,18014.15,17980.45,17981.95,13:30:00,17973.99417189997,2,52
2021-11-10,18016.6,18019.9,17993.35,17994.2,13:35:00,17978.05186981426,2,53
2021-11-10,18015.25,18037.7,18014.1,18018.1,13:40:00,17981.594548879566,2,54
2021-11-10,18027.4,18029.4,18017.4,18017.4,13:45:00,17985.956972795797,2,55
2021-11-10,18036.1,18049.9,18027.0,18027.05,13:50:00,17990.732499196198,2,56
2021-11-10,18035.35,18041.3,18031.1,18035.1,13:55:00,17994.981784987038,2,57
2021-11-10,18049.9,18054.45,18035.7,18036.05,14:00:00,18000.21209117875,2,58
2021-11-10,18056.95,18057.6,18046.65,18050.5,14:05:00,18005.61570154268,2,59
2021-11-10,18049.95,18061.25,18049.8,18057.65,14:10:00,18009.83801568147,2,60
2021-11-10,18043.35,18051.7,18035.35,18049.9,14:15:00,18013.029633235616,2,61
2021-11-10,18036.2,18044.8,18032.85,18042.6,14:20:00,18015.23633483222,2,62
2021-11-10,18043.7,18050.55,18034.5,18035.35,14:25:00,18017.947160086296,2,63
2021-11-10,18049.45,18053.75,18042.7,18044.75,14:30:00,18020.947430554268,2,64
2021-11-10,18029.75,18053.0,18029.0,18049.4,14:35:00,18021.78577050148,2,65
2021-11-10,18008.5,18035.2,18007.8,18029.7,14:40:00,18020.52045902515,2,66
2021-11-10,18011.85,18012.45,17996.25,18008.55,14:45:00,18019.694701022752,2,67
2021-11-10,18015.45,18016.8,18005.3,18012.45,14:50:00,18019.29044378249,2,68
2021-11-10,18011.8,18020.35,18008.0,18015.85,14:55:00,18018.57706818416,2,69
2021-11-10,18028.6,18031.85,18011.2,18012.8,15:00:00,18019.531633119004,2,70
2021-11-10,18028.9,18030.1,18024.8,18030.1,15:05:00,18020.423858536244,2,71
2021-11-10,18010.85,18029.85,18009.65,18029.85,15:10:00,18019.512062485173,2,72
2021-11-10,18015.65,18017.45,18004.6,18012.1,15:15:00,18019.1442470104,2,73
2021-11-10,18016.0,18024.7,18012.5,18016.25,15:20:00,18018.844794914166,2,74
2021-11-10,18012.35,18016.35,17999.8,18016.05,15:25:00,18018.22624301758,2,75
2021-11-11,17951.7,17971.35,17932.55,17971.35,09:15:00,18011.89041034924,3,1
2021-11-11,17951.9,17960.15,17946.95,17951.6,09:20:00,18006.177037935024,3,2
2021-11-11,17935.25,17951.45,17928.4,17951.45,09:25:00,17999.42208194121,3,3
2021-11-11,17918.75,17933.0,17910.55,17933.0,09:30:00,17991.73902651824,3,4
2021-11-11,17924.1,17935.3,17916.05,17916.35,09:35:00,17985.297214468883,3,5
2021-11-11,17926.5,17930.5,17914.25,17923.8,09:40:00,17979.69747975756,3,6
2021-11-11,17943.0,17948.3,17924.95,17924.95,09:45:00,17976.20248168541,3,7
2021-11-11,17934.35,17950.5,17933.7,17942.5,09:50:00,17972.216531048703,3,8
2021-11-11,17922.55,17936.95,17922.35,17934.15,09:55:00,17967.48638523454,3,9
2021-11-11,17888.8,17923.25,17886.75,17923.25,10:00:00,17959.99244378363,3,10
2021-11-11,17888.25,17904.85,17881.95,17886.2,10:05:00,17953.159830089953,3,11
2021-11-11,17878.1,17891.7,17873.75,17888.05,10:10:00,17946.01127484329,3,12
2021-11-11,17872.6,17880.05,17864.5,17877.3,10:15:00,17939.019724858215,3,13
2021-11-11,17863.8,17874.4,17862.35,17872.0,10:20:00,17931.855941538386,3,14
2021-11-11,17839.4,17868.3,17836.35,17864.5,10:25:00,17923.050613772826,3,15
2021-11-11,17837.85,17843.75,17826.9,17838.55,10:30:00,17914.936269603986,3,16
2021-11-11,17842.8,17854.35,17832.5,17836.25,10:35:00,17908.066148689322,3,17
2021-11-11,17858.5,17858.5,17838.9,17841.45,10:40:00,17903.34556309986,3,18
2021-11-11,17863.9,17865.2,17848.3,17857.5,10:45:00,17899.58884280464,3,19
2021-11-11,17870.35,17872.25,17854.65,17864.1,10:50:00,17896.804191108957,3,20
2021-11-11,17856.3,17871.45,17855.6,17870.25,10:55:00,17892.94664909858,3,21
2021-11-11,17864.05,17870.4,17855.45,17856.05,11:00:00,17890.194587279668,3,22
2021-11-11,17854.85,17868.15,17853.4,17864.65,11:05:00,17886.828436110176,3,23
2021-11-11,17845.55,17854.8,17839.5,17854.8,11:10:00,17882.897156480634,3,24
2021-11-11,17858.05,17858.35,17842.15,17844.95,11:15:00,17880.530760625334,3,25
2021-11-11,17853.95,17863.8,17853.85,17857.8,11:20:00,17877.999259613396,3,26
2021-11-11,17856.2,17860.1,17849.65,17854.4,11:25:00,17875.923139650215,3,27
2021-11-11,17853.7,17867.65,17852.35,17856.1,11:30:00,17873.806650159717,3,28
2021-11-11,17854.55,17858.1,17848.15,17854.2,11:35:00,17871.972683477838,3,29
2021-11-11,17859.7,17860.2,17851.95,17855.45,11:40:00,17870.80385647995,3,30
2021-11-11,17870.95,17876.1,17859.95,17860.0,11:45:00,17870.81777491043,3,31
2021-11-11,17866.85,17875.0,17862.55,17871.8,11:50:00,17870.439891585625,3,32
2021-11-11,17881.15,17884.45,17865.25,17867.35,11:55:00,17871.459901910803,3,33
2021-11-11,17886.6,17888.0,17878.1,17881.9,12:00:00,17872.901816014535,3,34
2021-11-11,17873.5,17887.4,17873.45,17886.45,12:05:00,17872.958785917912,3,35
2021-11-11,17849.0,17875.85,17849.0,17874.5,12:10:00,17870.676996782873,3,36
2021-11-11,17841.6,17855.1,17835.45,17848.65,12:15:00,17867.907758994028,3,37
2021-11-11,17858.1,17858.4,17841.6,17842.0,12:20:00,17866.97368670888,3,38
2021-11-11,17854.7,17858.55,17849.2,17858.55,12:25:00,17865.804764165176,3,39
2021-11-11,17857.8,17861.15,17855.25,17856.15,12:30:00,17865.04240567325,3,40
2021-11-11,17844.45,17857.45,17838.2,17857.05,12:35:00,17863.08122418056,3,41
2021-11-11,17836.1,17844.4,17828.45,17844.4,12:40:00,17860.511583782412,3,42
2021-11-11,17850.05,17850.2,17834.1,17836.5,12:45:00,17859.515242469803,3,43
2021-11-11,17856.85,17857.85,17849.75,17849.75,12:50:00,17859.261409853632,3,44
2021-11-11,17868.65,17869.55,17856.85,17857.05,12:55:00,17860.155561296146,3,45
2021-11-11,17860.6,17871.45,17860.6,17869.3,13:00:00,17860.19788879175,3,46
2021-11-11,17879.6,17879.85,17858.6,17861.55,13:05:00,17862.045708906822,3,47
2021-11-11,17884.05,17885.7,17876.95,17879.3,13:10:00,17864.1413556776,3,48
2021-11-11,17868.15,17884.25,17868.15,17884.25,13:15:00,17864.52313132735,3,49
2021-11-11,17876.15,17878.75,17859.55,17868.2,13:20:00,17865.630452153317,3,50
2021-11-11,17890.35,17892.5,17873.8,17875.7,13:25:00,17867.984694805382,3,51
2021-11-11,17879.2,17893.4,17872.35,17891.05,13:30:00,17869.05281910963,3,52
2021-11-11,17878.5,17885.55,17869.25,17879.85,13:35:00,17869.952550623,3,53
2021-11-11,17871.6,17880.6,17869.6,17879.2,13:40:00,17870.109450563665,3,54
2021-11-11,17874.3,17876.95,17864.5,17871.95,13:45:00,17870.50855050998,3,55
2021-11-11,17847.45,17874.6,17847.45,17874.45,13:50:00,17868.312498080457,3,56
2021-11-11,17851.7,17855.5,17843.85,17845.4,13:55:00,17866.73035540613,3,57
2021-11-11,17844.05,17855.1,17841.15,17852.05,14:00:00,17864.570321557927,3,58
2021-11-11,17832.85,17844.85,17832.05,17843.9,14:05:00,17861.54933855241,3,59
2021-11-11,17819.85,17833.4,17812.8,17832.5,14:10:00,17857.57797297599,3,60
2021-11-11,17805.3,17821.8,17798.45,17821.35,14:15:00,17852.599118406848,3,61
2021-11-11,17829.15,17829.15,17798.2,17805.65,14:20:00,17850.36586903477,3,62
2021-11-11,17834.4,17836.0,17826.35,17829.95,14:25:00,17848.84531007908,3,63
2021-11-11,17850.05,17853.0,17834.5,17834.95,14:30:00,17848.960042452498,3,64
2021-11-11,17834.95,17852.7,17832.05,17849.9,14:35:00,17847.625752695116,3,65
2021-11-11,17836.95,17852.05,17834.7,17836.1,14:40:00,17846.6090143432,3,66
2021-11-11,17839.05,17843.3,17822.25,17837.6,14:45:00,17845.889108215277,3,67
2021-11-11,17842.6,17847.45,17834.2,17839.25,14:50:00,17845.575859813824,3,68
2021-11-11,17846.05,17861.9,17840.35,17842.0,14:55:00,17845.62101602203,3,69
2021-11-11,17864.55,17864.55,17847.85,17847.85,15:00:00,17847.423776400883,3,70
2021-11-11,17865.45,17874.6,17863.45,17865.4,15:05:00,17849.140559600797,3,71
2021-11-11,17867.4,17868.15,17858.5,17866.0,15:10:00,17850.879553924533,3,72
2021-11-11,17881.25,17884.75,17868.05,17868.05,15:15:00,17853.77197736029,3,73
2021-11-11,17886.45,17886.45,17872.4,17880.95,15:20:00,17856.884169992645,3,74
2021-11-11,17886.7,17894.45,17877.9,17884.55,15:25:00,17859.723772850488,3,75
2021-11-12,17979.75,17990.7,17943.2,17979.65,09:15:00,17871.15484210282,4,1
2021-11-12,17953.95,17986.0,17948.5,17981.0,09:20:00,17879.040095235887,4,2
2021-11-12,17981.15,17993.45,17953.45,17953.9,09:25:00,17888.764848070565,4,3
2021-11-12,17997.55,17998.65,17984.35,17984.35,09:30:00,17899.12533873051,4,4
2021-11-12,17981.25,18000.85,17979.7,17997.2,09:35:00,17906.946735041893,4,5
2021-11-12,17952.35,17980.75,17952.35,17980.75,09:40:00,17911.270855514093,4,6
2021-11-12,17972.95,17976.0,17949.1,17951.9,09:45:00,17917.145059750845,4,7
2021-11-12,17973.2,17979.9,17968.85,17972.2,09:50:00,17922.483625488858,4,8
2021-11-12,17978.7,17979.0,17965.05,17972.4,09:55:00,17927.83756591849,4,9
2021-11-12,17974.35,17984.1,17973.85,17979.55,10:00:00,17932.2673215453,4,10
2021-11-12,17964.4,17979.15,17963.4,17974.3,10:05:00,17935.327576636224,4,11
2021-11-12,17952.35,17963.65,17949.9,17963.65,10:10:00,17936.948759813724,4,12
2021-11-12,17955.55,17960.0,17950.7,17951.5,10:15:00,17938.720306498133,4,13
2021-11-12,17930.0,17959.5,17918.0,17955.5,10:20:00,17937.88980111736,4,14
2021-11-12,17942.95,17945.95,17927.2,17928.85,10:25:00,17938.371724820467,4,15
2021-11-12,17937.65,17944.2,17934.7,17944.2,10:30:00,17938.30298912328,4,16
2021-11-12,17916.15,17939.2,17915.3,17938.65,10:35:00,17936.19318063535,4,17
2021-11-12,17928.9,17936.15,17914.1,17916.25,10:40:00,17935.498592003412,4,18
2021-11-12,17921.35,17931.5,17920.85,17929.35,10:45:00,17934.151107050708,4,19
2021-11-12,17918.0,17921.25,17905.9,17921.25,10:50:00,17932.61290637921,4,20
2021-11-12,17926.9,17930.0,17913.65,17917.55,10:55:00,17932.068820057382,4,21
2021-11-12,17922.15,17934.8,17922.15,17926.65,11:00:00,17931.124170528106,4,22
2021-11-12,17937.1,17939.3,17919.45,17922.2,11:05:00,17931.693297144477,4,23
2021-11-12,17939.3,17939.85,17928.35,17936.25,11:10:00,17932.417745035476,4,24
2021-11-12,17947.35,17949.4,17935.55,17939.7,11:15:00,17933.839864555906,4,25
2021-11-12,17961.0,17962.85,17945.9,17948.4,11:20:00,17936.426544122012,4,26
2021-11-12,17955.3,17961.6,17953.25,17961.2,11:25:00,17938.22401611039,4,27
2021-11-12,17966.2,17969.5,17955.65,17955.7,11:30:00,17940.888395528447,4,28
2021-11-12,17962.1,17966.0,17955.85,17966.0,11:35:00,17942.90854833526,4,29
2021-11-12,17963.95,17963.95,17953.7,17961.95,11:40:00,17944.912496112855,4,30
2021-11-12,17956.3,17965.2,17951.0,17964.9,11:45:00,17945.997020292583,4,31
2021-11-12,17968.05,17968.9,17956.3,17956.9,11:50:00,17948.097304074243,4,32
2021-11-12,17968.15,17973.95,17966.35,17969.25,11:55:00,17950.0070846386,4,33
2021-11-12,17966.65,17975.05,17966.0,17968.05,12:00:00,17951.592124196828,4,34
2021-11-12,17965.15,17969.65,17958.25,17967.7,12:05:00,17952.883350463795,4,35
2021-11-12,17961.1,17966.45,17953.75,17965.8,12:10:00,17953.66588851486,4,36
2021-11-12,17967.35,17970.75,17957.65,17961.05,12:15:00,17954.96913722773,4,37
2021-11-12,17963.8,17970.35,17962.6,17966.9,12:20:00,17955.81017177747,4,38
2021-11-12,17968.15,17971.55,17959.85,17964.25,12:25:00,17956.98539351295,4,39
2021-11-12,17977.95,17979.9,17966.85,17967.95,12:30:00,17958.982022702192,4,40
2021-11-12,17980.8,17984.9,17977.7,17978.6,12:35:00,17961.059925301983,4,41
2021-11-12,17983.55,17991.2,17980.95,17981.85,12:40:00,17963.201837177985,4,42
2021-11-12,17998.65,17998.65,17980.0,17983.6,12:45:00,17966.577852684844,4,43
2021-11-12,17999.55,18005.35,17990.7,17997.6,12:50:00,17969.71805719105,4,44
2021-11-12,17994.1,18000.8,17992.45,18000.8,12:55:00,17972.040146982377,4,45
2021-11-12,18001.65,18002.45,17992.65,17994.05,13:00:00,17974.860132984057,4,46
2021-11-12,18013.05,18019.75,18001.55,18002.15,13:05:00,17978.49726317605,4,47
2021-11-12,18020.2,18021.65,18008.3,18014.0,13:10:00,17982.46895239738,4,48
2021-11-12,18032.65,18036.3,18021.1,18021.8,13:15:00,17987.248099788107,4,49
2021-11-12,18030.6,18035.45,18027.05,18032.9,13:20:00,17991.376852189238,4,50
2021-11-12,18035.35,18035.95,18021.75,18031.35,13:25:00,17995.56477102836,4,51
2021-11-12,18038.55,18045.7,18034.45,18037.05,13:30:00,17999.65860235899,4,52
2021-11-12,18046.25,18046.75,18036.25,18038.45,13:35:00,18004.095878324802,4,53
2021-11-12,18054.3,18061.2,18047.1,18048.25,13:40:00,18008.87722324625,4,54
2021-11-12,18053.75,18067.55,18053.75,18055.5,13:45:00,18013.150821032323,4,55
2021-11-12,18057.35,18058.45,18046.1,18053.8,13:50:00,18017.36026664829,4,56
2021-11-12,18058.4,18062.5,18055.85,18058.15,13:55:00,18021.26881268179,4,57
2021-11-12,18074.15,18076.35,18045.95,18059.25,14:00:00,18026.305116235904,4,58
2021-11-12,18079.35,18081.3,18072.2,18073.45,14:05:00,18031.357009927724,4,59
2021-11-12,18090.55,18093.55,18075.95,18079.6,14:10:00,18036.99443755365,4,60
2021-11-12,18077.6,18095.35,18076.95,18092.4,14:15:00,18040.861633977114,4,61
2021-11-12,18082.05,18089.75,18075.4,18078.1,14:20:00,18044.784335503104,4,62
2021-11-12,18080.55,18087.25,18078.2,18082.65,14:25:00,18048.190589264712,4,63
2021-11-12,18088.15,18096.95,18081.15,18081.4,14:30:00,18051.99624742998,4,64
2021-11-12,18104.95,18105.0,18084.55,18087.8,14:35:00,18057.03946196046,4,65
2021-11-12,18111.85,18119.2,18104.1,18105.25,14:40:00,18062.25951320232,4,66
2021-11-12,18114.75,18117.05,18105.8,18112.55,14:45:00,18067.25860718305,4,67
2021-11-12,18118.55,18123.0,18112.7,18116.05,14:50:00,18072.14350173705,4,68
2021-11-12,18104.3,18119.55,18104.0,18119.25,14:55:00,18075.206025381136,4,69
2021-11-12,18106.45,18115.2,18103.9,18104.95,15:00:00,18078.181642011503,4,70
2021-11-12,18089.55,18107.25,18089.55,18106.95,15:05:00,18079.264342772312,4,71
2021-11-12,18096.85,18103.15,18088.5,18089.0,15:10:00,18080.93916727019,4,72
2021-11-12,18100.8,18101.6,18093.15,18097.3,15:15:00,18082.83067514922,4,73
2021-11-12,18104.8,18109.8,18100.3,18101.05,15:20:00,18084.922991801675,4,74
2021-11-12,18098.65,18112.15,18095.8,18106.0,15:25:00,18086.230325915803,4,75
2021-11-15,18197.85,18205.2,18140.55,18156.1,09:15:00,18096.86077106668,0,1
2021-11-15,18183.45,18210.15,18179.0,18200.4,09:20:00,18105.107364298427,0,2
2021-11-15,18174.05,18190.6,18174.05,18183.75,09:25:00,18111.67332960333,0,3
2021-11-15,18194.35,18195.5,18163.6,18173.05,09:30:00,18119.547298212543,0,4
2021-11-15,18176.05,18194.55,18168.95,18194.55,09:35:00,18124.928507906585,0,5
2021-11-15,18190.2,18193.6,18175.3,18177.85,09:40:00,18131.14484048691,0,6
2021-11-15,18198.4,18202.1,18185.3,18189.8,09:45:00,18137.55009377388,0,7
2021-11-15,18171.0,18200.85,18169.1,18198.55,09:50:00,18140.735799128743,0,8
2021-11-15,18177.4,18185.05,18166.85,18171.45,09:55:00,18144.227627783148,0,9
2021-11-15,18163.1,18179.65,18163.1,18179.65,10:00:00,18146.024996565706,0,10
2021-11-15,18169.6,18174.15,18150.1,18163.2,10:05:00,18148.27023498802,0,11
2021-11-15,18157.65,18170.95,18155.95,18169.85,10:10:00,18149.16354594154,0,12
2021-11-15,18135.4,18164.95,18133.45,18157.0,10:15:00,18147.85273204235,0,13
2021-11-15,18130.0,18148.35,18126.1,18135.8,10:20:00,18146.15247184784,0,14
2021-11-15,18136.65,18140.75,18120.15,18129.95,10:25:00,18145.247474529,0,15
2021-11-15,18157.0,18159.85,18130.95,18137.4,10:30:00,18146.36676266909,0,16
2021-11-15,18144.55,18159.75,18144.55,18157.05,10:35:00,18146.19373765299,0,17
2021-11-15,18148.45,18149.6,18132.2,18144.45,10:40:00,18146.40861978128,0,18
2021-11-15,18141.65,18149.9,18132.8,18149.15,10:45:00,18145.955417897345,0,19
2021-11-15,18154.85,18158.7,18138.95,18141.55,10:50:00,18146.80252095474,0,20
2021-11-15,18158.5,18158.65,18144.7,18155.35,10:55:00,18147.916566578097,0,21
2021-11-15,18150.85,18159.8,18147.8,18158.35,11:00:00,18148.195941189708,0,22
2021-11-15,18141.8,18150.65,18136.85,18150.65,11:05:00,18147.586803933544,0,23
2021-11-15,18139.4,18141.3,18134.35,18141.3,11:10:00,18146.807108320823,0,24
2021-11-15,18139.5,18148.5,18136.3,18139.1,11:15:00,18146.11119324265,0,25
2021-11-15,18125.0,18142.85,18123.55,18139.0,11:20:00,18144.100603410017,0,26
2021-11-15,18112.1,18129.65,18111.1,18125.5,11:25:00,18141.05292689478,0,27
2021-11-15,18122.85,18125.35,18106.35,18113.45,11:30:00,18139.319314809563,0,28
2021-11-15,18118.5,18123.25,18114.0,18122.3,11:35:00,18137.33652292294,0,29
2021-11-15,18102.95,18118.7,18102.55,18118.35,11:40:00,18134.06161597789,0,30
2021-11-15,18098.1,18101.2,18082.35,18100.65,11:45:00,18130.636700170475,0,31
2021-11-15,18102.65,18113.75,18098.3,18098.3,11:50:00,18127.97130015424,0,32
2021-11-15,18111.55,18112.05,18090.5,18102.35,11:55:00,18126.407366806216,0,33
2021-11-15,18108.55,18111.9,18105.7,18111.25,12:00:00,18124.706665205624,0,34
2021-11-15,18119.25,18119.7,18104.5,18108.95,12:05:00,18124.18698280509,0,35
2021-11-15,18105.1,18119.3,18105.1,18119.3,12:10:00,18122.36917491889,0,36
2021-11-15,18105.95,18109.35,18099.05,18105.5,12:15:00,18120.80544397424,0,37
2021-11-15,18111.05,18115.4,18106.1,18106.7,12:20:00,18119.876354071923,0,38
2021-11-15,18104.85,18111.05,18101.65,18110.9,12:25:00,18118.44527273174,0,39
2021-11-15,18118.15,18118.95,18105.6,18105.6,12:30:00,18118.417151519192,0,40
2021-11-15,18121.6,18128.15,18118.0,18118.3,12:35:00,18118.720279945934,0,41
2021-11-15,18116.15,18123.35,18115.7,18121.7,12:40:00,18118.475491379653,0,42
2021-11-15,18126.85,18130.05,18111.2,18116.3,12:45:00,18119.273063629207,0,43
2021-11-15,18114.7,18126.75,18110.3,18126.75,12:50:00,18118.83753375976,0,44
2021-11-15,18122.55,18124.65,18114.75,18116.0,12:55:00,18119.19110197312,0,45
2021-11-15,18120.1,18126.3,18114.2,18122.9,13:00:00,18119.27766368996,0,46
2021-11-15,18122.1,18124.45,18116.2,18120.75,13:05:00,18119.54645762425,0,47
2021-11-15,18083.05,18128.25,18071.3,18122.3,13:10:00,18116.070604517183,0,48
2021-11-15,18114.2,18114.45,18081.05,18083.6,13:15:00,18115.892451706022,0,49
2021-11-15,18095.5,18115.8,18095.5,18113.4,13:20:00,18113.95031344831,0,50
2021-11-15,18102.7,18107.85,18093.95,18096.15,13:25:00,18112.87885502466,0,51
2021-11-15,18120.85,18124.0,18102.65,18103.5,13:30:00,18113.638011688978,0,52
2021-11-15,18117.05,18121.4,18115.35,18121.0,13:35:00,18113.96296295669,0,53
2021-11-15,18114.75,18118.9,18103.4,18117.25,13:40:00,18114.037918865582,0,54
2021-11-15,18097.15,18117.25,18096.15,18115.65,13:45:00,18112.429545640287,0,55
2021-11-15,18115.05,18115.45,18097.2,18097.2,13:50:00,18112.67911272217,0,56
2021-11-15,18113.45,18119.3,18111.4,18115.35,13:55:00,18112.752530558148,0,57
2021-11-15,18122.05,18122.25,18113.75,18113.75,14:00:00,18113.638003838325,0,58
2021-11-15,18134.95,18138.8,18119.7,18122.8,14:05:00,18115.66771775849,0,59
2021-11-15,18135.45,18138.9,18132.65,18134.6,14:10:00,18117.55174463864,0,60
2021-11-15,18133.7,18136.2,18127.25,18135.5,14:15:00,18119.089673720668,0,61
2021-11-15,18139.85,18140.8,18128.95,18134.05,14:20:00,18121.06684765203,0,62
2021-11-15,18140.35,18143.95,18137.25,18140.2,14:25:00,18122.90333835184,0,63
2021-11-15,18136.55,18141.75,18131.75,18141.35,14:30:00,18124.203020413566,0,64
2021-11-15,18140.25,18141.5,18132.4,18135.65,14:35:00,18125.731304183704,0,65
2021-11-15,18128.5,18141.5,18106.9,18139.7,14:40:00,18125.99498949954,0,66
2021-11-15,18121.4,18128.7,18117.7,18128.7,14:45:00,18125.557371451963,0,67
2021-11-15,18115.15,18127.3,18112.2,18122.35,14:50:00,18124.566193218445,0,68
2021-11-15,18119.85,18122.8,18111.15,18116.4,14:55:00,18124.117031959548,0,69
2021-11-15,18122.7,18127.8,18113.65,18121.65,15:00:00,18123.98207653483,0,70
2021-11-15,18122.05,18129.05,18119.3,18121.9,15:05:00,18123.7980692458,0,71
2021-11-15,18106.45,18123.2,18105.25,18121.8,15:10:00,18122.145872174773,0,72
2021-11-15,18106.15,18111.0,18099.2,18107.3,15:15:00,18120.62245577718,0,73
2021-11-15,18106.3,18113.0,18103.2,18105.55,15:20:00,18119.25841236983,0,74
2021-11-15,18093.6,18107.8,18086.5,18106.55,15:25:00,18116.814754048894,0,75
2021-11-16,18076.4,18132.65,18063.5,18132.65,09:15:00,18112.96572985376,1,1
2021-11-16,18082.25,18088.45,18067.35,18077.05,09:20:00,18110.04042224864,1,2
2021-11-16,18091.9,18093.9,18077.0,18083.45,09:25:00,18108.312762986865,1,3
2021-11-16,18076.3,18101.1,18076.1,18092.1,09:30:00,18105.263928416687,1,4
2021-11-16,18048.8,18081.4,18043.05,18076.1,09:35:00,18099.88641142462,1,5
2021-11-16,18045.5,18051.75,18033.4,18048.0,09:40:00,18094.706753193703,1,6
2021-11-16,18049.85,18062.2,18038.4,18044.6,09:45:00,18090.43468146097,1,7
2021-11-16,18063.35,18064.2,18048.05,18050.2,09:50:00,18087.85518798849,1,8
2021-11-16,18062.6,18069.6,18057.3,18063.1,09:55:00,18085.44993198959,1,9
2021-11-16,18071.15,18071.55,18057.8,18061.9,10:00:00,18084.08803370487,1,10
2021-11-16,18073.35,18075.5,18065.6,18070.85,10:05:00,18083.065363828217,1,11
2021-11-16,18081.75,18086.45,18073.45,18073.45,10:10:00,18082.94009108268,1,12
2021-11-16,18067.3,18082.6,18064.4,18082.05,10:15:00,18081.450558598608,1,13
2021-11-16,18062.0,18067.25,18058.6,18067.2,10:20:00,18079.59812444636,1,14
2021-11-16,18064.55,18066.85,18059.9,18062.15,10:25:00,18078.164969737183,1,15
2021-11-16,18063.35,18071.7,18062.3,18064.65,10:30:00,18076.754020238404,1,16
2021-11-16,18059.1,18065.25,18052.15,18063.6,10:35:00,18075.072684977604,1,17
2021-11-16,18069.6,18070.05,18057.6,18058.85,10:40:00,18074.5514768845,1,18
2021-11-16,18071.75,18079.55,18069.45,18069.7,10:45:00,18074.284669562167,1,19
2021-11-16,18067.25,18073.7,18065.9,18071.05,10:50:00,18073.614701032435,1,20
2021-11-16,18057.15,18067.5,18055.1,18067.5,10:55:00,18072.04663426744,1,21
2021-11-16,18048.1,18058.6,18044.7,18056.95,11:00:00,18069.766002432447,1,22
2021-11-16,18039.4,18048.25,18037.95,18048.25,11:05:00,18066.874002200784,1,23
2021-11-16,18037.0,18045.75,18034.6,18039.05,11:10:00,18064.028859134043,1,24
2021-11-16,18028.35,18042.65,18023.95,18035.95,11:15:00,18060.63087254985,1,25
2021-11-16,18041.1,18043.0,18025.0,18028.2,11:20:00,18058.770789449864,1,26
2021-11-16,18049.0,18050.65,18039.85,18039.85,11:25:00,18057.840238073684,1,27
2021-11-16,18049.35,18051.75,18044.05,18048.9,11:30:00,18057.03164397143,1,28
2021-11-16,18062.0,18063.7,18048.85,18049.85,11:35:00,18057.504820736056,1,29
2021-11-16,18061.95,18066.0,18052.45,18060.95,11:40:00,18057.928171142143,1,30
2021-11-16,18062.3,18063.85,18058.7,18062.25,11:45:00,18058.34453579528,1,31
2021-11-16,18061.65,18066.75,18059.55,18062.05,11:50:00,18058.65934191001,1,32
2021-11-16,18056.55,18061.55,18052.35,18061.15,11:55:00,18058.458452204293,1,33
2021-11-16,18059.55,18060.4,18048.6,18056.75,12:00:00,18058.56240913722,1,34
2021-11-16,18080.75,18083.25,18061.05,18062.5,12:05:00,18060.67551302892,1,35
2021-11-16,18085.95,18090.1,18080.3,18080.35,12:10:00,18063.08260702616,1,36
2021-11-16,18090.4,18090.95,18083.4,18084.9,12:15:00,18065.684263499857,1,37
2021-11-16,18090.8,18098.8,18087.65,18089.25,12:20:00,18068.076238404632,1,38
2021-11-16,18082.3,18091.75,18077.7,18090.9,12:25:00,18069.43088236609,1,39
2021-11-16,18086.35,18087.45,18073.4,18082.55,12:30:00,18071.042226902657,1,40
2021-11-16,18077.75,18088.15,18077.4,18086.5,12:35:00,18071.68106243574,1,41
2021-11-16,18082.65,18085.65,18075.9,18077.65,12:40:00,18072.725723156145,1,42
2021-11-16,18076.7,18082.85,18076.35,18082.55,12:45:00,18073.1042257127,1,43
2021-11-16,18087.1,18087.25,18075.65,18076.6,12:50:00,18074.437156597207,1,44
2021-11-16,18089.85,18091.25,18082.05,18086.85,12:55:00,18075.90504644509,1,45
2021-11-16,18090.05,18092.15,18087.0,18090.5,13:00:00,18077.252184878893,1,46
2021-11-16,18105.15,18105.15,18086.1,18089.65,13:05:00,18079.909119652333,1,47
2021-11-16,18117.8,18119.8,18101.95,18105.0,13:10:00,18083.517774923537,1,48
2021-11-16,18123.8,18124.15,18116.2,18118.0,13:15:00,18087.35417731177,1,49
2021-11-16,18112.65,18123.1,18112.25,18123.05,13:20:00,18089.76330328208,1,50
2021-11-16,18107.45,18115.65,18105.75,18112.7,13:25:00,18091.44775058855,1,51
2021-11-16,18102.45,18109.1,18096.85,18107.75,13:30:00,18092.49558386583,1,52
2021-11-16,18101.1,18106.25,18097.3,18101.9,13:35:00,18093.315052069087,1,53
2021-11-16,18093.75,18102.15,18092.95,18100.35,13:40:00,18093.35647568156,1,54
2021-11-16,18097.55,18097.85,18088.9,18094.4,13:45:00,18093.75585894998,1,55
2021-11-16,18088.95,18099.0,18087.5,18098.15,13:50:00,18093.2981580976,1,56
2021-11-16,18093.55,18095.4,18087.0,18088.9,13:55:00,18093.322143040685,1,57
2021-11-16,18102.7,18106.15,18093.2,18093.4,14:00:00,18094.215272274905,1,58
2021-11-16,18080.1,18105.9,18069.65,18103.45,14:05:00,18092.87096062968,1,59
2021-11-16,18068.85,18081.35,18064.5,18079.3,14:10:00,18090.58325009352,1,60
2021-11-16,18053.2,18067.9,18048.3,18067.15,14:15:00,18087.0229405608,1,61
2021-11-16,18022.6,18052.4,18020.25,18052.4,14:20:00,18080.88742241216,1,62
2021-11-16,17993.0,18022.85,17992.4,18022.0,14:25:00,18072.51719170624,1,63
2021-11-16,18020.65,18020.95,17985.4,17991.2,14:30:00,18067.57745916278,1,64
2021-11-16,18017.7,18027.95,18017.5,18020.8,14:35:00,18062.827224956804,1,65
2021-11-16,18021.1,18026.35,18014.9,18016.65,14:40:00,18058.853203532348,1,66
2021-11-16,18012.8,18035.5,18011.3,18020.3,14:45:00,18054.46718414832,1,67
2021-11-16,18016.85,18021.4,18006.6,18012.85,14:50:00,18050.884595181808,1,68
2021-11-16,18022.65,18025.6,18016.6,18017.05,14:55:00,18048.19558611687,1,69
2021-11-16,18028.6,18040.4,18021.65,18023.35,15:00:00,18046.329339820026,1,70
2021-11-16,18028.0,18031.15,18023.0,18030.4,15:05:00,18044.583688408595,1,71
2021-11-16,18002.3,18029.25,18001.45,18028.7,15:10:00,18040.55667046492,1,72
2021-11-16,17986.0,18009.15,17984.35,18003.75,15:15:00,18035.360797087305,1,73
2021-11-16,17975.45,17989.8,17975.45,17986.45,15:20:00,18029.655006888515,1,74
2021-11-16,17962.85,17979.2,17958.8,17976.75,15:25:00,18023.292625280086,1,75
2021-11-17,17931.15,17950.45,17906.6,17944.35,09:15:00,18006.57740980977,2,1
2021-11-17,17956.0,17969.5,17930.05,17930.05,09:20:00,18001.76051363741,2,2
2021-11-17,17964.6,17967.1,17948.7,17958.25,09:25:00,17998.221417100514,2,3
2021-11-17,17960.3,17968.2,17945.95,17966.9,09:30:00,17994.609853567134,2,4
2021-11-17,17972.95,17975.5,17957.8,17959.85,09:35:00,17992.547010370265,2,5
2021-11-17,17975.1,17982.6,17969.1,17974.8,09:40:00,17990.885390335003,2,6
2021-11-17,17973.35,17993.6,17972.5,17974.3,09:45:00,17989.215353160238,2,7
2021-11-17,17971.15,17973.1,17952.1,17973.1,09:50:00,17987.494843335455,2,8
2021-11-17,17960.8,17973.7,17960.25,17970.95,09:55:00,17984.95247730351,2,9
2021-11-17,17982.35,17982.35,17955.65,17960.55,10:00:00,17984.70462232222,2,10
2021-11-17,17973.75,17990.0,17973.05,17982.3,10:05:00,17983.6613249582,2,11
2021-11-17,17974.75,17983.55,17970.2,17973.05,10:10:00,17982.812627343133,2,12
2021-11-17,17970.25,17981.3,17967.3,17973.95,10:15:00,17981.616186643787,2,13
2021-11-17,17999.65,18001.5,17970.05,17970.05,10:20:00,17983.333692677712,2,14
2021-11-17,18004.45,18007.55,17998.85,17998.85,10:25:00,17985.34476956555,2,15
2021-11-17,18011.05,18014.35,17998.8,18005.1,10:30:00,17987.792886749783,2,16
2021-11-17,18018.0,18018.7,18007.65,18010.95,10:35:00,17990.669754678376,2,17
2021-11-17,18012.25,18022.65,18011.75,18019.15,10:40:00,17992.725016137578,2,18
2021-11-17,17994.3,18014.1,17993.65,18012.9,10:45:00,17992.875014600664,2,19
2021-11-17,17992.35,17994.2,17982.9,17994.15,10:50:00,17992.825013210124,2,20
2021-11-17,17977.7,17994.1,17977.7,17992.5,10:55:00,17991.384535761543,2,21
2021-11-17,17983.3,17985.3,17973.55,17979.65,11:00:00,17990.61457997473,2,22
2021-11-17,17991.6,17994.7,17983.15,17983.45,11:05:00,17990.708429500944,2,23
2021-11-17,18003.8,18006.55,17991.5,17991.8,11:10:00,17991.95524573895,2,24
2021-11-17,17994.1,18007.0,17991.85,18003.5,11:15:00,17992.159508049528,2,25
2021-11-17,17995.8,17999.3,17991.25,17993.75,11:20:00,17992.50622156862,2,26
2021-11-17,17999.05,18002.9,17995.5,17995.85,11:25:00,17993.129438562086,2,27
2021-11-17,18000.15,18000.15,17993.65,17999.45,11:30:00,17993.798063460934,2,28
2021-11-17,17977.45,18000.2,17976.65,17999.95,11:35:00,17992.241105036082,2,29
2021-11-17,17980.05,17987.65,17976.75,17977.65,11:40:00,17991.080047413598,2,30
2021-11-17,17983.15,17988.45,17970.75,17979.25,11:45:00,17990.324804802778,2,31
2021-11-17,17968.85,17989.2,17966.75,17982.65,11:50:00,17988.27958529775,2,32
2021-11-17,17961.2,17972.6,17961.2,17967.8,11:55:00,17985.700577174153,2,33
2021-11-17,17946.45,17970.35,17946.45,17961.1,12:00:00,17981.96242696709,2,34
2021-11-17,17944.25,17954.0,17941.55,17946.5,12:05:00,17978.370767255936,2,35
2021-11-17,17955.35,17956.85,17940.95,17944.2,12:10:00,17976.17831323156,2,36
2021-11-17,17956.3,17963.05,17953.85,17955.25,12:15:00,17974.28514054284,2,37
2021-11-17,17960.1,17962.3,17952.5,17956.25,12:20:00,17972.934174776856,2,38
2021-11-17,17951.45,17961.4,17950.05,17959.7,12:25:00,17970.888062893348,2,39
2021-11-17,17949.6,17952.35,17943.2,17951.1,12:30:00,17968.860628332077,2,40
2021-11-17,17962.05,17963.8,17949.25,17949.75,12:35:00,17968.211997062357,2,41
2021-11-17,17955.75,17965.35,17953.5,17961.85,12:40:00,17967.025140199275,2,42
2021-11-17,17943.15,17957.45,17941.65,17955.95,12:45:00,17964.751317323156,2,43
2021-11-17,17932.9,17943.5,17931.8,17943.1,12:50:00,17961.717858530475,2,44
2021-11-17,17948.6,17952.5,17930.1,17932.95,12:55:00,17960.46853867043,2,45
2021-11-17,17954.85,17956.6,17947.4,17948.5,13:00:00,17959.933439749435,2,46
2021-11-17,17970.8,17980.35,17953.8,17954.15,13:05:00,17960.968350249488,2,47
2021-11-17,17984.2,17984.5,17968.85,17970.3,13:10:00,17963.180888320967,2,48
2021-11-17,17979.5,17987.9,17978.95,17984.55,13:15:00,17964.735089433256,2,49
2021-11-17,17982.25,17984.25,17972.9,17979.25,13:20:00,17966.403176153897,2,50
2021-11-17,17998.4,17998.4,17975.2,17981.75,13:25:00,17969.45049271067,2,51
2021-11-17,17989.6,18004.65,17987.95,17998.25,13:30:00,17971.36949340489,2,52
2021-11-17,17987.0,17996.35,17981.4,17989.15,13:35:00,17972.858113080616,2,53
2021-11-17,17992.95,17997.65,17985.65,17987.4,13:40:00,17974.771626120557,2,54
2021-11-17,17992.85,18002.5,17991.9,17993.55,13:45:00,17976.493376013837,2,55
2021-11-17,18002.6,18009.4,17989.45,17992.75,13:50:00,17978.979721155378,2,56
2021-11-17,17989.1,18005.85,17982.45,18002.65,13:55:00,17979.943557235816,2,57
2021-11-17,17976.45,17994.4,17974.9,17989.2,14:00:00,17979.610837499073,2,58
2021-11-17,17961.0,17978.5,17956.3,17976.55,14:05:00,17977.838376784875,2,59
2021-11-17,17969.1,17975.1,17960.05,17962.15,14:10:00,17977.00615042441,2,60
2021-11-17,17961.15,17972.8,17958.75,17968.7,14:15:00,17975.49604086018,2,61
2021-11-17,17967.85,17976.45,17961.1,17961.1,14:20:00,17974.767846492545,2,62
2021-11-17,17955.9,17974.95,17955.35,17967.5,14:25:00,17972.97090873135,2,63
2021-11-17,17949.75,17959.35,17949.75,17955.15,14:30:00,17970.759393614077,2,64
2021-11-17,17954.8,17956.85,17948.7,17949.4,14:35:00,17969.239451365116,2,65
2021-11-17,17961.65,17963.95,17954.1,17954.85,14:40:00,17968.516646473203,2,66
2021-11-17,17939.95,17961.7,17939.0,17961.3,14:45:00,17965.796013475756,2,67
2021-11-17,17933.0,17942.15,17920.7,17939.65,14:50:00,17962.672583620923,2,68
2021-11-17,17923.1,17941.35,17921.75,17932.8,14:55:00,17958.903766133215,2,69
2021-11-17,17916.85,17930.4,17909.7,17923.45,15:00:00,17954.8986455491,2,70
2021-11-17,17918.2,17918.55,17903.75,17917.2,15:05:00,17951.403536449187,2,71
2021-11-17,17894.9,17919.65,17893.65,17918.4,15:10:00,17946.02224726355,2,72
2021-11-17,17888.2,17900.25,17887.2,17895.05,15:15:00,17940.515366571784,2,73
2021-11-17,17888.7,17892.65,17880.3,17887.9,15:20:00,17935.580569755424,2,74
2021-11-17,17887.2,17893.7,17879.25,17889.2,15:25:00,17930.972896445383,2,75
2021-11-18,17934.9,17938.95,17873.1,17895.9,09:15:00,17931.34690630773,3,1
2021-11-18,17938.45,17945.6,17920.3,17936.6,09:20:00,17932.023391421277,3,2
2021-11-18,17882.05,17938.55,17882.05,17938.55,09:25:00,17927.264020809725,3,3
2021-11-18,17850.25,17884.4,17840.8,17881.8,09:30:00,17919.92935216118,3,4
2021-11-18,17862.15,17869.4,17838.6,17848.9,09:35:00,17914.42655671726,3,5
2021-11-18,17853.8,17877.85,17853.1,17861.6,09:40:00,17908.652598934663,3,6
2021-11-18,17857.9,17868.5,17853.75,17854.25,09:45:00,17903.81901808374,3,7
2021-11-18,17871.9,17873.0,17852.8,17855.8,09:50:00,17900.779111599575,3,8
2021-11-18,17856.0,17875.65,17855.05,17870.7,09:55:00,17896.514434304376,3,9
2021-11-18,17833.5,17856.5,17829.5,17856.5,10:00:00,17890.513059608722,3,10
2021-11-18,17816.55,17840.35,17816.5,17833.95,10:05:00,17883.468958693607,3,11
2021-11-18,17794.25,17817.9,17793.05,17815.6,10:10:00,17874.9719150085,3,12
2021-11-18,17761.7,17794.6,17760.9,17794.6,10:15:00,17864.18411357912,3,13
2021-11-18,17739.9,17768.25,17738.5,17760.65,10:20:00,17852.34753133349,3,14
2021-11-18,17760.0,17769.45,17735.8,17738.0,10:25:00,17843.552528349348,3,15
2021-11-18,17762.5,17772.55,17752.45,17760.65,10:30:00,17835.833239935124,3,16
2021-11-18,17739.6,17767.6,17734.8,17762.35,10:35:00,17826.668169465112,3,17
2021-11-18,17723.4,17750.1,17723.25,17737.95,10:40:00,17816.83310570653,3,18
2021-11-18,17735.3,17743.7,17719.75,17722.15,10:45:00,17809.06804802019,3,19
2021-11-18,17760.95,17766.5,17728.55,17734.55,10:50:00,17804.485376780176,3,20
2021-11-18,17760.7,17776.05,17759.85,17761.65,10:55:00,17800.315340896348,3,21
2021-11-18,17777.35,17777.35,17757.0,17760.65,11:00:00,17798.128165572885,3,22
2021-11-18,17758.95,17778.9,17758.95,17776.65,11:05:00,17794.3969117088,3,23
2021-11-18,17764.8,17768.65,17752.85,17758.55,11:10:00,17791.578158212724,3,24
2021-11-18,17748.2,17766.85,17744.65,17764.6,11:15:00,17787.446905049608,3,25
2021-11-18,17761.55,17763.75,17745.8,17747.7,11:20:00,17784.980533140122,3,26
2021-11-18,17760.35,17770.2,17759.5,17761.45,11:25:00,17782.63476807916,3,27
2021-11-18,17743.5,17760.25,17743.2,17760.25,11:30:00,17778.907647309716,3,28
2021-11-18,17729.0,17743.55,17726.05,17743.55,11:35:00,17774.154538042123,3,29
2021-11-18,17712.8,17729.9,17711.55,17728.8,11:40:00,17768.311248704777,3,30
2021-11-18,17723.85,17724.05,17709.3,17712.3,11:45:00,17764.076844066225,3,31
2021-11-18,17728.75,17738.75,17721.45,17723.8,11:50:00,17760.712382726586,3,32
2021-11-18,17733.0,17733.0,17708.4,17727.95,11:55:00,17758.073108181197,3,33
2021-11-18,17717.5,17741.35,17716.5,17735.0,12:00:00,17754.20900264013,3,34
2021-11-18,17724.45,17732.45,17716.8,17716.85,12:05:00,17751.3748119125,3,35
2021-11-18,17719.9,17728.1,17718.5,17721.8,12:10:00,17748.377210777977,3,36
2021-11-18,17700.0,17721.3,17700.0,17719.75,12:15:00,17743.76985737055,3,37
2021-11-18,17690.85,17707.75,17688.5,17699.1,12:20:00,17738.729870954307,3,38
2021-11-18,17714.25,17717.3,17690.25,17691.8,12:25:00,17736.398454672944,3,39
2021-11-18,17706.4,17715.25,17704.3,17715.1,12:30:00,17733.541458989806,3,40
2021-11-18,17702.8,17709.85,17699.05,17707.05,12:35:00,17730.613700990776,3,41
2021-11-18,17727.05,17727.9,17702.05,17703.4,12:40:00,17730.274300896417,3,42
2021-11-18,17742.1,17743.4,17727.3,17727.8,12:45:00,17731.4005579539,3,43
2021-11-18,17750.85,17752.65,17736.75,17742.65,12:50:00,17733.252885767815,3,44
2021-11-18,17730.35,17750.95,17729.3,17750.9,12:55:00,17732.976420456594,3,45
2021-11-18,17713.75,17730.7,17713.75,17729.95,13:00:00,17731.14533279406,3,46
2021-11-18,17733.4,17748.45,17709.65,17714.4,13:05:00,17731.36006300415,3,47
2021-11-18,17745.65,17746.2,17720.2,17732.4,13:10:00,17732.72100938471,3,48
2021-11-18,17764.05,17766.85,17744.45,17746.65,13:15:00,17735.70472277664,3,49
2021-11-18,17775.85,17780.5,17762.8,17763.55,13:20:00,17739.5280825122,3,50
2021-11-18,17775.35,17779.15,17768.7,17776.0,13:25:00,17742.93969370151,3,51
2021-11-18,17766.35,17776.3,17749.5,17775.3,13:30:00,17745.169246682322,3,52
2021-11-18,17795.9,17796.0,17767.2,17768.15,13:35:00,17750.000746998292,3,53
2021-11-18,17794.0,17807.3,17784.95,17797.1,13:40:00,17754.191152046074,3,54
2021-11-18,17802.85,17821.6,17793.0,17793.5,13:45:00,17758.825328041687,3,55
2021-11-18,17804.95,17813.3,17802.25,17803.25,13:50:00,17763.21815394248,3,56
2021-11-18,17806.95,17811.75,17786.2,17805.2,13:55:00,17767.383091662243,3,57
2021-11-18,17793.95,17809.75,17790.35,17807.1,14:00:00,17769.913273408696,3,58
2021-11-18,17774.4,17800.85,17771.85,17795.35,14:05:00,17770.340580703105,3,59
2021-11-18,17803.65,17803.65,17773.2,17773.2,14:10:00,17773.51290635043,3,60
2021-11-18,17805.85,17808.85,17797.7,17803.35,14:15:00,17776.59262955515,3,61
2021-11-18,17785.25,17806.0,17783.0,17805.55,14:20:00,17777.41714102609,3,62
2021-11-18,17777.55,17789.1,17761.2,17783.95,14:25:00,17777.4297942617,3,63
2021-11-18,17762.5,17780.8,17762.5,17778.45,14:30:00,17776.00790909392,3,64
2021-11-18,17756.3,17767.4,17750.3,17761.65,14:35:00,17774.130965370692,3,65
2021-11-18,17779.5,17780.2,17755.35,17755.5,14:40:00,17774.642302002056,3,66
2021-11-18,17784.65,17791.7,17776.9,17779.1,14:45:00,17775.595416097098,3,67
2021-11-18,17812.7,17813.75,17781.7,17784.1,14:50:00,17779.129185992613,3,68
2021-11-18,17819.75,17832.4,17805.5,17813.7,14:55:00,17782.997834945698,3,69
2021-11-18,17787.2,17832.2,17784.85,17820.0,15:00:00,17783.398041141347,3,70
2021-11-18,17777.75,17787.45,17766.85,17787.15,15:05:00,17782.860132461217,3,71
2021-11-18,17752.65,17780.6,17750.9,17778.5,15:10:00,17779.98297698872,3,72
2021-11-18,17759.5,17766.5,17745.15,17753.25,15:15:00,17778.032217275508,3,73
2021-11-18,17761.45,17765.2,17754.4,17762.95,15:20:00,17776.452958487364,3,74
2021-11-18,17746.2,17762.75,17737.25,17762.0,15:25:00,17773.571724345707,3,75
2021-11-22,17682.4,17805.25,17656.8,17805.25,09:15:00,17764.88870297945,0,1
2021-11-22,17634.0,17690.5,17611.35,17684.75,09:20:00,17752.4231122195,0,2
2021-11-22,17629.6,17671.55,17629.6,17636.45,09:25:00,17740.7256729605,0,3
2021-11-22,17656.9,17674.8,17627.65,17630.65,09:30:00,17732.74227553569,0,4
2021-11-22,17644.2,17669.9,17638.1,17656.5,09:35:00,17724.309677865625,0,5
2021-11-22,17652.95,17664.55,17643.8,17643.8,09:40:00,17717.5135180689,0,6
2021-11-22,17671.45,17673.1,17627.65,17652.3,09:45:00,17713.12651634805,0,7
2021-11-22,17666.6,17686.2,17664.1,17671.2,09:50:00,17708.695419552998,0,8
2021-11-22,17665.35,17682.05,17657.4,17665.85,09:55:00,17704.567284357476,0,9
2021-11-22,17640.65,17664.55,17640.4,17664.55,10:00:00,17698.47992394248,0,10
2021-11-22,17634.95,17643.95,17617.2,17640.9,10:05:00,17692.429454995578,0,11
2021-11-22,17634.45,17647.9,17620.35,17634.35,10:10:00,17686.907602138854,0,12
2021-11-22,17624.95,17645.2,17622.0,17634.05,10:15:00,17681.00687812563,0,13
2021-11-22,17602.7,17629.65,17600.75,17623.15,10:20:00,17673.549080208904,0,14
2021-11-22,17602.75,17610.6,17588.5,17602.3,10:25:00,17666.8063106652,0,15
2021-11-22,17575.35,17605.7,17574.35,17605.7,10:30:00,17658.096185839942,0,16
2021-11-22,17568.05,17590.8,17568.05,17572.1,10:35:00,17649.52035861709,0,17
2021-11-22,17586.4,17586.5,17563.2,17567.95,10:40:00,17643.508895891653,0,18
2021-11-22,17584.05,17596.85,17579.6,17587.3,10:45:00,17637.846143901974,0,19
2021-11-22,17577.75,17593.3,17570.15,17583.8,10:50:00,17632.122701625594,0,20
2021-11-22,17571.4,17587.3,17571.4,17576.6,10:55:00,17626.339587185063,0,21
2021-11-22,17555.1,17577.1,17554.45,17571.9,11:00:00,17619.554864596008,0,22
2021-11-22,17579.25,17581.3,17549.7,17555.15,11:05:00,17615.716306063056,0,23
2021-11-22,17549.3,17585.45,17549.15,17579.7,11:10:00,17609.39094358086,0,24
2021-11-22,17572.6,17573.55,17549.65,17549.65,11:15:00,17605.887044192208,0,25
2021-11-22,17585.25,17585.6,17565.15,17573.0,11:20:00,17603.921611412,0,26
2021-11-22,17571.05,17596.35,17568.75,17585.3,11:25:00,17600.790981753715,0,27
2021-11-22,17570.2,17581.5,17567.2,17571.3,11:30:00,17597.877554920025,0,28
2021-11-22,17564.4,17574.7,17563.05,17569.0,11:35:00,17594.689216356215,0,29
2021-11-22,17559.0,17567.3,17553.1,17565.15,11:40:00,17591.29024336991,0,30
2021-11-22,17546.15,17565.2,17543.85,17559.55,11:45:00,17586.991172572776,0,31
2021-11-22,17536.25,17548.0,17530.7,17547.6,11:50:00,17582.158679946795,0,32
2021-11-22,17519.85,17545.45,17517.95,17537.05,11:55:00,17576.224519951862,0,33
2021-11-22,17504.7,17525.85,17500.35,17521.7,12:00:00,17569.412660908827,0,34
2021-11-22,17432.95,17509.35,17432.0,17505.05,12:05:00,17556.41621701275,0,35
2021-11-22,17455.95,17470.6,17429.95,17430.25,12:10:00,17546.848005868676,0,36
2021-11-22,17431.4,17477.5,17431.4,17458.15,12:15:00,17535.85295769071,0,37
2021-11-22,17424.55,17447.05,17422.2,17432.4,12:20:00,17525.25267600588,0,38
2021-11-22,17442.45,17446.1,17415.45,17426.65,12:25:00,17517.366706862464,0,39
2021-11-22,17455.4,17464.15,17444.35,17444.7,12:30:00,17511.465115732706,0,40
2021-11-22,17476.5,17476.5,17444.75,17455.5,12:35:00,17508.135104710545,0,41
2021-11-22,17485.5,17489.45,17471.6,17477.5,12:40:00,17505.979380452398,0,42
2021-11-22,17490.45,17490.5,17470.45,17485.8,12:45:00,17504.500391837886,0,43
2021-11-22,17470.95,17498.05,17464.5,17490.05,12:50:00,17501.305116424755,0,44
2021-11-22,17477.85,17484.15,17464.65,17468.7,12:55:00,17499.071295812875,0,45
2021-11-22,17509.35,17510.55,17479.1,17479.65,13:00:00,17500.050220021174,0,46
2021-11-22,17485.8,17510.85,17485.05,17508.75,13:05:00,17498.693056209635,0,47
2021-11-22,17490.7,17496.2,17480.5,17485.65,13:10:00,17497.9318127611,0,48
2021-11-22,17450.4,17491.75,17450.1,17491.75,13:15:00,17493.40497345052,0,49
2021-11-22,17444.9,17464.4,17443.45,17450.7,13:20:00,17488.78545216952,0,50
2021-11-22,17428.35,17451.5,17428.35,17444.8,13:25:00,17483.02969482004,0,51
2021-11-22,17418.5,17436.65,17417.3,17428.75,13:30:00,17476.884009599085,0,52
2021-11-22,17423.25,17430.6,17407.45,17418.2,13:35:00,17471.776008684887,0,53
2021-11-22,17398.05,17427.5,17397.45,17424.15,13:40:00,17464.75448404823,0,54
2021-11-22,17409.95,17425.7,17395.4,17397.2,13:45:00,17459.53500937697,0,55
2021-11-22,17413.4,17420.15,17400.9,17409.6,13:50:00,17455.141198960115,0,56
2021-11-22,17390.1,17419.55,17386.75,17414.6,13:55:00,17448.94679905915,0,57
2021-11-22,17410.65,17419.55,17389.65,17389.65,14:00:00,17445.29948486304,0,58
2021-11-22,17401.7,17421.6,17401.7,17411.15,14:05:00,17441.147152971324,0,59
2021-11-22,17395.8,17401.95,17381.6,17401.1,14:10:00,17436.828376497862,0,60
2021-11-22,17366.3,17396.0,17360.75,17396.0,14:15:00,17430.11138825997,0,61
2021-11-22,17363.15,17383.1,17358.95,17366.8,14:20:00,17423.734113187595,0,62
2021-11-22,17306.5,17365.65,17306.3,17362.8,14:25:00,17412.56895955068,0,63
2021-11-22,17301.5,17317.5,17280.45,17305.7,14:30:00,17401.990963402997,0,64
2021-11-22,17321.3,17326.9,17300.9,17304.2,14:35:00,17394.30610974557,0,65
2021-11-22,17363.15,17365.55,17322.05,17322.35,14:40:00,17391.338861198372,0,66
2021-11-22,17370.1,17374.65,17337.6,17362.25,14:45:00,17389.316112512814,0,67
2021-11-22,17364.3,17373.1,17354.8,17371.2,14:50:00,17386.93362560683,0,68
2021-11-22,17380.5,17383.35,17356.5,17365.15,14:55:00,17386.32089935856,0,69
2021-11-22,17402.55,17402.55,17369.35,17379.95,15:00:00,17387.86652799108,0,70
2021-11-22,17415.15,17415.15,17394.45,17404.35,15:05:00,17390.46495389669,0,71
2021-11-22,17395.5,17421.8,17395.3,17417.3,15:10:00,17390.944482097006,0,72
2021-11-22,17422.6,17426.0,17397.9,17397.9,15:15:00,17393.95929332586,0,73
2021-11-22,17441.45,17441.6,17418.4,17425.55,15:20:00,17398.482217771016,0,74
2021-11-22,17441.05,17444.55,17429.95,17441.35,15:25:00,17402.536292269015,0,75
2021-11-23,17257.05,17314.5,17224.55,17314.5,09:15:00,17388.68045491006,1,1
2021-11-23,17239.55,17285.6,17216.1,17262.5,09:20:00,17374.477554442434,1,2
2021-11-23,17336.45,17340.5,17233.55,17239.95,09:25:00,17370.855882590775,1,3
2021-11-23,17344.15,17363.05,17321.5,17339.35,09:30:00,17368.312465201176,1,4
2021-11-23,17367.35,17375.0,17344.95,17344.95,09:35:00,17368.22080184868,1,5
2021-11-23,17398.3,17410.1,17364.8,17367.7,09:40:00,17371.085487386903,1,6
2021-11-23,17393.15,17419.35,17388.75,17398.5,09:45:00,17373.186869540532,1,7
2021-11-23,17380.9,17395.25,17358.75,17394.5,09:50:00,17373.921453393814,1,8
2021-11-23,17411.15,17414.5,17380.6,17382.1,09:55:00,17377.467029261068,1,9
2021-11-23,17415.3,17422.6,17400.0,17412.25,10:00:00,17381.07016933144,1,10
2021-11-23,17402.05,17420.1,17397.4,17415.15,10:05:00,17383.06824844273,1,11
2021-11-23,17338.95,17401.75,17338.75,17401.25,10:10:00,17378.866510495805,1,12
2021-11-23,17346.3,17358.95,17336.85,17339.7,10:15:00,17375.764938067634,1,13
2021-11-23,17358.8,17370.75,17341.95,17345.45,10:20:00,17374.14922968024,1,14
2021-11-23,17377.85,17379.3,17354.1,17358.35,10:25:00,17374.50168399641,1,15
2021-11-23,17385.65,17398.25,17377.9,17378.95,10:30:00,17375.563428377704,1,16
2021-11-23,17385.85,17386.7,17367.45,17385.0,10:35:00,17376.54310186554,1,17
2021-11-23,17377.3,17392.15,17374.25,17386.05,10:40:00,17376.615187402156,1,18
2021-11-23,17363.65,17378.05,17356.15,17377.1,10:45:00,17375.38040764957,1,19
2021-11-23,17369.2,17380.0,17362.9,17362.9,10:50:00,17374.79179739723,1,20
2021-11-23,17373.0,17382.95,17366.85,17369.25,10:55:00,17374.621150026065,1,21
2021-11-23,17378.0,17381.75,17371.6,17373.15,11:00:00,17374.94294526168,1,22
2021-11-23,17388.5,17389.4,17377.25,17378.5,11:05:00,17376.234093331994,1,23
2021-11-23,17384.6,17395.15,17379.3,17388.05,11:10:00,17377.030846347996,1,24
2021-11-23,17383.6,17388.3,17377.0,17383.85,11:15:00,17377.656480029138,1,25
2021-11-23,17387.7,17388.0,17381.0,17385.1,11:20:00,17378.613005740648,1,26
2021-11-23,17427.35,17428.55,17359.3,17387.55,11:25:00,17383.254624241537,1,27
2021-11-23,17448.1,17448.75,17417.95,17426.8,11:30:00,17389.43037431377,1,28
2021-11-23,17436.8,17449.0,17429.25,17447.0,11:35:00,17393.94176723627,1,29
2021-11-23,17443.05,17445.9,17429.85,17438.9,11:40:00,17398.618741785194,1,30
2021-11-23,17439.8,17445.1,17429.05,17441.65,11:45:00,17402.540766377082,1,31
2021-11-23,17436.3,17447.55,17433.65,17439.25,11:50:00,17405.755931484025,1,32
2021-11-23,17452.35,17454.9,17436.95,17436.95,11:55:00,17410.19346181888,1,33
2021-11-23,17467.2,17468.4,17452.75,17452.75,12:00:00,17415.622655931365,1,34
2021-11-23,17483.75,17486.4,17462.55,17468.65,12:05:00,17422.110974414092,1,35
2021-11-23,17455.2,17484.05,17455.2,17483.8,12:10:00,17425.26231018418,1,36
2021-11-23,17453.5,17461.45,17445.95,17454.1,12:15:00,17427.95161397616,1,37
2021-11-23,17414.2,17454.95,17406.3,17454.7,12:20:00,17426.641936454624,1,38
2021-11-23,17421.75,17434.65,17408.9,17415.1,12:25:00,17426.17603774466,1,39
2021-11-23,17421.5,17440.95,17409.65,17419.6,12:30:00,17425.730700816595,1,40
2021-11-23,17410.25,17427.55,17408.8,17421.85,12:35:00,17424.25634835787,1,41
2021-11-23,17412.15,17421.55,17408.5,17410.9,12:40:00,17423.10336279998,1,42
2021-11-23,17413.5,17417.75,17397.4,17412.95,12:45:00,17422.18875681903,1,43
2021-11-23,17433.95,17435.65,17413.3,17413.45,12:50:00,17423.30887521722,1,44
2021-11-23,17437.95,17439.7,17424.85,17433.65,12:55:00,17424.703268053672,1,45
2021-11-23,17432.95,17446.55,17422.05,17439.05,13:00:00,17425.48867109618,1,46
2021-11-23,17423.3,17433.8,17418.55,17432.15,13:05:00,17425.280226229876,1,47
2021-11-23,17435.75,17437.6,17414.3,17422.1,13:10:00,17426.277347541316,1,48
2021-11-23,17433.85,17440.05,17430.45,17436.7,13:15:00,17426.99855253738,1,49
2021-11-23,17476.05,17476.95,17428.2,17434.0,13:20:00,17431.670118962393,1,50
2021-11-23,17497.5,17498.25,17473.95,17475.1,13:25:00,17437.939631442165,1,51
2021-11-23,17511.9,17513.2,17490.3,17499.0,13:30:00,17444.98347606672,1,52
2021-11-23,17522.8,17522.95,17502.45,17513.8,13:35:00,17452.394573584177,1,53
2021-11-23,17513.5,17531.55,17504.7,17522.0,13:40:00,17458.214138004732,1,54
2021-11-23,17510.2,17519.7,17505.7,17513.55,13:45:00,17463.165172480472,1,55
2021-11-23,17533.95,17535.65,17509.85,17510.55,13:50:00,17469.90658462519,1,56
2021-11-23,17508.6,17534.95,17500.0,17534.3,13:55:00,17473.591671803744,1,57
2021-11-23,17491.0,17508.9,17467.5,17508.9,14:00:00,17475.249607822436,1,58
2021-11-23,17512.7,17514.05,17490.75,17492.7,14:05:00,17478.816311839346,1,59
2021-11-23,17528.7,17532.25,17505.7,17512.9,14:10:00,17483.56713928322,1,60
2021-11-23,17542.5,17543.85,17514.6,17529.05,14:15:00,17489.179792684816,1,61
2021-11-23,17541.25,17553.7,17538.4,17541.85,14:20:00,17494.138860048166,1,62
2021-11-23,17527.85,17541.45,17519.9,17541.45,14:25:00,17497.349444805484,1,63
2021-11-23,17524.1,17539.95,17519.25,17527.8,14:30:00,17499.89711672877,1,64
2021-11-23,17520.45,17529.2,17517.4,17522.9,14:35:00,17501.854534183174,1,65
2021-11-23,17524.45,17524.45,17513.0,17519.3,14:40:00,17504.006483308585,1,66
2021-11-23,17521.45,17529.0,17515.15,17525.4,14:45:00,17505.66777061253,1,67
2021-11-23,17543.45,17549.5,17522.05,17522.05,14:50:00,17509.26607817324,1,68
2021-11-23,17516.45,17544.0,17514.95,17544.0,14:55:00,17509.95026120436,1,69
2021-11-23,17519.3,17521.9,17491.45,17517.05,15:00:00,17510.84071251823,1,70
2021-11-23,17518.0,17523.75,17508.95,17520.95,15:05:00,17511.522549421257,1,71
2021-11-23,17504.8,17521.25,17503.6,17518.15,15:10:00,17510.88230661923,1,72
2021-11-23,17494.05,17507.15,17494.05,17505.15,15:15:00,17509.27922979835,1,73
2021-11-23,17479.75,17497.25,17477.9,17494.5,15:20:00,17506.466922198506,1,74
2021-11-23,17496.85,17500.05,17477.2,17480.3,15:25:00,17505.551024846267,1,75
2021-11-24,17493.15,17561.1,17485.05,17560.95,09:15:00,17504.36997486091,2,1
2021-11-24,17537.05,17542.3,17494.7,17494.75,09:20:00,17507.48235820749,2,2
2021-11-24,17553.0,17554.85,17525.9,17537.75,09:25:00,17511.81737171154,2,3
2021-11-24,17562.5,17572.35,17545.35,17552.95,09:30:00,17516.64428869139,2,4
2021-11-24,17548.7,17569.75,17548.7,17560.0,09:35:00,17519.697213577925,2,5
2021-11-24,17557.9,17558.3,17540.6,17549.4,09:40:00,17523.33557418955,2,6
2021-11-24,17538.0,17558.4,17532.05,17557.55,09:45:00,17524.7321861715,2,7
2021-11-24,17554.55,17560.55,17532.25,17538.1,09:50:00,17527.57197796469,2,8
2021-11-24,17551.4,17556.35,17545.05,17555.0,09:55:00,17529.841313396624,2,9
2021-11-24,17542.8,17551.5,17542.15,17551.25,10:00:00,17531.075474025518,2,10
2021-11-24,17511.0,17542.35,17508.55,17542.35,10:05:00,17529.163524118325,2,11
2021-11-24,17529.85,17532.2,17504.75,17511.1,10:10:00,17529.22890277372,2,12
2021-11-24,17542.95,17544.75,17527.4,17529.3,10:15:00,17530.535673938128,2,13
2021-11-24,17566.55,17566.95,17543.1,17543.3,10:20:00,17533.965609753544,2,14
2021-11-24,17562.5,17575.55,17562.5,17566.6,10:25:00,17536.683170729397,2,15
2021-11-24,17569.75,17571.4,17557.45,17561.65,10:30:00,17539.83239256469,2,16
2021-11-24,17556.8,17571.05,17554.65,17570.6,10:35:00,17541.448355177577,2,17
2021-11-24,17561.8,17564.4,17552.45,17556.4,10:40:00,17543.386607065426,2,18
2021-11-24,17571.1,17572.8,17556.1,17561.3,10:45:00,17546.0259778211,2,19
2021-11-24,17566.15,17571.1,17556.0,17570.3,10:50:00,17547.942551361946,2,20
2021-11-24,17568.35,17568.55,17559.8,17565.15,10:55:00,17549.886117898903,2,21
2021-11-24,17579.25,17584.45,17569.1,17569.2,11:00:00,17552.68267809901,2,22
2021-11-24,17582.25,17586.6,17575.3,17579.65,11:05:00,17555.498613518153,2,23
2021-11-24,17590.1,17591.8,17580.35,17582.8,11:10:00,17558.79398365928,2,24
2021-11-24,17578.25,17591.2,17576.7,17590.95,11:15:00,17560.64693759649,2,25
2021-11-24,17565.85,17578.9,17564.95,17578.9,11:20:00,17561.142467349207,2,26
2021-11-24,17570.8,17576.55,17565.5,17566.7,11:25:00,17562.06223236357,2,27
2021-11-24,17558.2,17576.95,17556.6,17570.3,11:30:00,17561.694400709894,2,28
2021-11-24,17539.95,17560.25,17539.95,17558.9,11:35:00,17559.62350540419,2,29
2021-11-24,17548.1,17549.2,17535.65,17541.05,11:40:00,17558.526028699027,2,30
2021-11-24,17562.95,17567.55,17548.55,17548.75,11:45:00,17558.94735929912,2,31
2021-11-24,17561.6,17574.1,17561.5,17563.05,11:50:00,17559.199991746824,2,32
2021-11-24,17556.5,17565.15,17552.6,17561.8,11:55:00,17558.9428496757,2,33
2021-11-24,17550.65,17563.05,17549.8,17557.6,12:00:00,17558.15305446849,2,34
2021-11-24,17568.1,17569.85,17547.2,17551.3,12:05:00,17559.10038261435,2,35
2021-11-24,17572.05,17575.15,17565.65,17568.3,12:10:00,17560.33367950822,2,36
2021-11-24,17564.25,17578.3,17563.25,17572.95,12:15:00,17560.7066624122,2,37
2021-11-24,17568.5,17573.0,17564.75,17565.35,12:20:00,17561.448885039612,2,38
2021-11-24,17575.2,17577.05,17566.4,17568.7,12:25:00,17562.75851503584,2,39
2021-11-24,17588.75,17589.85,17574.5,17575.1,12:30:00,17565.233894556233,2,40
2021-11-24,17579.0,17591.25,17578.6,17588.4,12:35:00,17566.544952217544,2,41
2021-11-24,17577.4,17585.75,17577.4,17580.15,12:40:00,17567.578766292063,2,42
2021-11-24,17587.05,17590.1,17569.15,17578.8,12:45:00,17569.433169502343,2,43
2021-11-24,17592.9,17600.6,17586.9,17587.15,12:50:00,17571.668105740217,2,44
2021-11-24,17570.9,17594.05,17560.15,17594.05,12:55:00,17571.59495281258,2,45
2021-11-24,17556.35,17573.55,17556.15,17571.85,13:00:00,17570.143052544714,2,46
2021-11-24,17575.35,17579.45,17555.8,17557.55,13:05:00,17570.63895230236,2,47
2021-11-24,17582.75,17584.2,17567.95,17576.05,13:10:00,17571.792385416422,2,48
2021-11-24,17586.75,17588.2,17579.45,17582.15,13:15:00,17573.216920138668,2,49
2021-11-24,17590.5,17595.75,17581.4,17586.55,13:20:00,17574.86292774451,2,50
2021-11-24,17594.85,17598.25,17588.85,17589.6,13:25:00,17576.766458435508,2,51
2021-11-24,17594.1,17599.75,17583.8,17594.4,13:30:00,17578.41727191784,2,52
2021-11-24,17575.45,17594.15,17571.05,17594.15,13:35:00,17578.13467459233,2,53
2021-11-24,17576.3,17579.95,17565.35,17575.85,13:40:00,17577.959943678776,2,54
2021-11-24,17574.55,17578.2,17570.3,17575.6,13:45:00,17577.635187137937,2,55
2021-11-24,17577.35,17578.4,17569.9,17574.4,13:50:00,17577.608026458136,2,56
2021-11-24,17551.95,17578.35,17551.95,17576.95,13:55:00,17575.164404890693,2,57
2021-11-24,17545.25,17552.55,17523.5,17552.55,14:00:00,17572.315413948723,2,58
2021-11-24,17553.6,17562.0,17544.4,17546.15,14:05:00,17570.532993572655,2,59
2021-11-24,17532.25,17556.5,17530.3,17555.2,14:10:00,17566.88699418478,2,60
2021-11-24,17496.15,17532.35,17490.85,17532.35,14:15:00,17560.150137595756,2,61
2021-11-24,17513.1,17520.85,17493.65,17496.75,14:20:00,17555.669172110447,2,62
2021-11-24,17510.6,17514.2,17502.8,17514.2,14:25:00,17551.37687000469,2,63
2021-11-24,17485.75,17511.85,17485.75,17511.05,14:30:00,17545.126691909005,2,64
2021-11-24,17497.55,17498.75,17479.1,17487.15,14:35:00,17540.595578393863,2,65
2021-11-24,17474.6,17501.15,17472.65,17498.15,14:40:00,17534.310285213494,2,66
2021-11-24,17459.35,17474.65,17458.6,17474.65,14:45:00,17527.171210431257,2,67
2021-11-24,17460.0,17465.7,17452.4,17460.1,14:50:00,17520.773952294945,2,68
2021-11-24,17475.35,17490.1,17459.95,17459.95,14:55:00,17516.447861600187,2,69
2021-11-24,17464.75,17479.4,17454.7,17475.4,15:00:00,17511.524255733504,2,70
2021-11-24,17433.75,17464.05,17433.45,17463.5,15:05:00,17504.117183758884,2,71
2021-11-24,17413.8,17435.05,17413.3,17434.45,15:10:00,17495.51554721042,2,72
2021-11-24,17409.3,17418.0,17402.55,17414.8,15:15:00,17487.30454271419,2,73
2021-11-24,17390.55,17415.2,17389.85,17410.05,15:20:00,17478.089824360457,2,74
2021-11-24,17358.6,17390.65,17354.0,17390.65,15:25:00,17466.70984108803,2,75
2021-11-25,17440.85,17443.85,17375.05,17421.5,09:15:00,17464.24699907965,3,1
2021-11-25,17438.25,17454.0,17424.85,17440.8,09:20:00,17461.771094405398,3,2
2021-11-25,17383.3,17438.3,17377.05,17438.3,09:25:00,17454.29765684298,3,3
2021-11-25,17404.5,17429.35,17382.9,17382.9,09:30:00,17449.555022857934,3,4
2021-11-25,17408.75,17415.7,17394.25,17406.15,09:35:00,17445.6688302048,3,5
2021-11-25,17419.45,17427.8,17404.15,17409.9,09:40:00,17443.171798756724,3,6
2021-11-25,17394.85,17418.85,17391.4,17418.85,09:45:00,17438.569722684657,3,7
2021-11-25,17365.25,17394.3,17363.85,17394.3,09:50:00,17431.586891952786,3,8
2021-11-25,17368.75,17378.75,17362.7,17362.7,09:55:00,17425.60242605252,3,9
2021-11-25,17360.0,17373.35,17351.7,17370.05,10:00:00,17419.35457595228,3,10
2021-11-25,17387.3,17388.9,17359.6,17359.6,10:05:00,17416.301759194917,3,11
2021-11-25,17399.75,17399.75,17386.2,17388.0,10:10:00,17414.725401176354,3,12
2021-11-25,17387.15,17414.85,17386.8,17399.7,10:15:00,17412.099172492894,3,13
2021-11-25,17397.05,17397.05,17378.85,17386.65,10:20:00,17410.66591796976,3,14
2021-11-25,17397.55,17410.25,17394.25,17397.15,10:25:00,17409.416782925022,3,15
2021-11-25,17407.2,17408.9,17397.0,17397.85,10:30:00,17409.205660741685,3,16
2021-11-25,17422.95,17427.3,17407.8,17407.8,10:35:00,17410.51464543295,3,17
2021-11-25,17414.25,17424.55,17407.15,17423.1,10:40:00,17410.870393486955,3,18
2021-11-25,17409.7,17421.35,17402.35,17415.3,10:45:00,17410.75892744058,3,19
2021-11-25,17420.4,17420.4,17405.6,17409.65,10:50:00,17411.67712482719,3,20
2021-11-25,17438.1,17441.55,17419.75,17420.8,10:55:00,17414.19358912936,3,21
2021-11-25,17440.05,17450.6,17438.9,17438.9,11:00:00,17416.656104450376,3,22
2021-11-25,17443.0,17448.0,17435.45,17438.65,11:05:00,17419.165046883674,3,23
2021-11-25,17466.25,17466.35,17442.4,17443.15,11:10:00,17423.649328132848,3,24
2021-11-25,17493.75,17495.4,17465.3,17465.3,11:15:00,17430.325582596386,3,25
2021-11-25,17475.0,17500.4,17473.0,17492.85,11:20:00,17434.58028901578,3,26
2021-11-25,17489.9,17494.2,17474.25,17475.55,11:25:00,17439.848832919037,3,27
2021-11-25,17493.1,17505.75,17485.45,17490.05,11:30:00,17444.920372641034,3,28
2021-11-25,17471.1,17495.05,17470.75,17493.45,11:35:00,17447.413670484744,3,29
2021-11-25,17473.4,17486.55,17470.6,17471.7,11:40:00,17449.888559010007,3,30
2021-11-25,17488.8,17489.75,17473.55,17473.6,11:45:00,17453.594410532864,3,31
2021-11-25,17485.6,17494.7,17481.3,17489.8,11:50:00,17456.642561910685,3,32
2021-11-25,17488.75,17495.55,17480.75,17485.05,11:55:00,17459.700413157287,3,33
2021-11-25,17499.45,17500.25,17487.85,17489.0,12:00:00,17463.486088094687,3,34
2021-11-25,17512.65,17514.1,17492.7,17499.15,12:05:00,17468.168365419002,3,35
2021-11-25,17527.05,17537.4,17511.55,17511.55,12:10:00,17473.776140141003,3,36
2021-11-25,17523.9,17534.3,17522.15,17526.95,12:15:00,17478.549841079956,3,37
2021-11-25,17536.0,17536.0,17516.95,17523.95,12:20:00,17484.021284786628,3,38
2021-11-25,17509.7,17540.8,17501.25,17535.25,12:25:00,17486.46687671171,3,39
2021-11-25,17515.8,17518.15,17504.35,17511.6,12:30:00,17489.260507501072,3,40
2021-11-25,17515.5,17517.0,17508.3,17515.45,12:35:00,17491.759506786686,3,41
2021-11-25,17495.1,17517.25,17490.5,17517.25,12:40:00,17492.077648997478,3,42
2021-11-25,17497.85,17502.0,17490.1,17495.05,12:45:00,17492.627396712003,3,43
2021-11-25,17471.6,17497.3,17470.9,17497.15,12:50:00,17490.624787501336,3,44
2021-11-25,17467.75,17474.4,17453.75,17471.55,12:55:00,17488.44623631073,3,45
2021-11-25,17499.4,17500.1,17463.3,17468.3,13:00:00,17489.489451900183,3,46
2021-11-25,17522.75,17523.0,17498.8,17499.35,13:05:00,17492.657123147783,3,47
2021-11-25,17516.95,17522.75,17510.35,17522.2,13:10:00,17494.97073046704,3,48
2021-11-25,17531.6,17532.4,17512.0,17516.5,13:15:00,17498.459232327325,3,49
2021-11-25,17501.25,17532.55,17500.9,17530.55,13:20:00,17498.725019724723,3,50
2021-11-25,17498.0,17502.55,17492.65,17501.05,13:25:00,17498.65597022713,3,51
2021-11-25,17495.3,17514.7,17483.45,17496.65,13:30:00,17498.33635401502,3,52
2021-11-25,17504.35,17513.4,17491.25,17496.0,13:35:00,17498.909082204067,3,53
2021-11-25,17504.15,17514.8,17502.1,17504.8,13:40:00,17499.408217232252,3,54
2021-11-25,17511.85,17516.75,17499.65,17503.95,13:45:00,17500.593148924418,3,55
2021-11-25,17507.6,17516.65,17507.0,17511.45,13:50:00,17501.260468074473,3,56
2021-11-25,17496.6,17513.25,17491.9,17507.95,13:55:00,17500.816613972143,3,57
2021-11-25,17494.4,17511.8,17489.15,17498.25,14:00:00,17500.20550787956,3,58
2021-11-25,17501.15,17501.7,17493.5,17494.7,14:05:00,17500.29545951008,3,59
2021-11-25,17508.7,17523.05,17492.15,17500.25,14:10:00,17501.09589193769,3,60
2021-11-25,17516.55,17520.15,17506.55,17508.25,14:15:00,17502.56771175315,3,61
2021-11-25,17531.2,17535.65,17513.6,17516.15,14:20:00,17505.29459634809,3,62
2021-11-25,17532.35,17548.35,17527.45,17531.45,14:25:00,17507.871301457795,3,63
2021-11-25,17522.75,17544.85,17521.9,17532.75,14:30:00,17509.288320366577,3,64
2021-11-25,17536.15,17536.95,17518.75,17522.15,14:35:00,17511.846575569758,3,65
2021-11-25,17543.4,17545.85,17530.55,17536.25,14:40:00,17514.851663610734,3,66
2021-11-25,17562.45,17564.2,17539.1,17543.5,14:45:00,17519.38483850495,3,67
2021-11-25,17552.85,17564.35,17545.0,17564.35,14:50:00,17522.571996742572,3,68
2021-11-25,17558.35,17558.35,17549.7,17553.4,14:55:00,17525.97942562423,3,69
2021-11-25,17529.5,17561.15,17522.85,17558.75,15:00:00,17526.314718421923,3,70
2021-11-25,17512.05,17529.65,17512.05,17528.8,15:05:00,17524.95617381031,3,71
2021-11-25,17529.75,17531.85,17509.6,17513.1,15:10:00,17525.412728685522,3,72
2021-11-25,17537.6,17539.45,17528.45,17530.7,15:15:00,17526.57342119166,3,73
2021-11-25,17552.05,17552.95,17534.5,17539.0,15:20:00,17528.999762030548,3,74
2021-11-25,17547.0,17555.8,17542.15,17552.9,15:25:00,17530.71407040859,3,75
2021-11-26,17316.05,17355.4,17293.95,17343.9,09:15:00,17510.26987322682,4,1
2021-11-26,17297.15,17328.5,17279.45,17315.15,09:20:00,17489.972742443315,4,2
2021-11-26,17296.85,17298.6,17272.0,17295.85,09:25:00,17471.580100305855,4,3
2021-11-26,17320.0,17344.95,17282.35,17292.65,09:30:00,17457.143900276726,4,4
2021-11-26,17317.25,17325.2,17302.65,17321.25,09:35:00,17443.820671678943,4,5
2021-11-26,17330.6,17338.7,17315.25,17317.8,09:40:00,17433.037750566662,4,6
2021-11-26,17302.65,17331.65,17302.65,17330.8,09:45:00,17420.619869560313,4,7
2021-11-26,17246.5,17302.85,17245.95,17302.85,09:50:00,17404.037024840283,4,8
2021-11-26,17233.2,17249.95,17224.55,17245.0,09:55:00,17387.76683199835,4,9
2021-11-26,17239.45,17257.9,17217.1,17231.2,10:00:00,17373.641419427076,4,10
2021-11-26,17257.95,17258.35,17233.6,17237.55,10:05:00,17362.623189005448,4,11
2021-11-26,17249.8,17269.8,17245.55,17257.85,10:10:00,17351.878123385883,4,12
2021-11-26,17241.15,17250.7,17231.3,17250.7,10:15:00,17341.332587825324,4,13
2021-11-26,17171.85,17240.2,17168.9,17240.2,10:20:00,17325.19138898482,4,14
2021-11-26,17159.2,17188.9,17155.1,17169.55,10:25:00,17309.38268527198,4,15
2021-11-26,17169.3,17172.3,17125.75,17156.4,10:30:00,17296.04147715084,4,16
2021-11-26,17130.6,17174.4,17125.4,17171.65,10:35:00,17280.285145993617,4,17
2021-11-26,17137.75,17145.5,17123.55,17130.65,10:40:00,17266.7103701847,4,18
2021-11-26,17130.05,17147.55,17122.05,17136.7,10:45:00,17253.695096833777,4,19
2021-11-26,17115.6,17140.2,17111.95,17130.25,10:50:00,17240.543182849608,4,20
2021-11-26,17100.35,17121.6,17095.85,17115.2,10:55:00,17227.191451149643,4,21
2021-11-26,17123.25,17127.25,17088.2,17096.7,11:00:00,17217.29226532587,4,22
2021-11-26,17129.0,17130.85,17114.75,17122.15,11:05:00,17208.883478151976,4,23
2021-11-26,17165.55,17165.8,17129.05,17129.05,11:10:00,17204.75648023274,4,24
2021-11-26,17170.4,17176.5,17161.3,17164.75,11:15:00,17201.484434496288,4,25
2021-11-26,17153.25,17169.35,17138.25,17169.35,11:20:00,17196.890678829976,4,26
2021-11-26,17179.3,17182.75,17154.0,17155.35,11:25:00,17195.215376084263,4,27
2021-11-26,17193.1,17193.1,17175.4,17180.25,11:30:00,17195.013911695285,4,28
2021-11-26,17201.85,17203.4,17186.85,17194.25,11:35:00,17195.664967724304,4,29
2021-11-26,17202.1,17206.45,17193.3,17203.65,11:40:00,17196.277827941038,4,30
2021-11-26,17187.8,17206.05,17180.2,17202.5,11:45:00,17195.470415756175,4,31
2021-11-26,17194.9,17205.5,17183.5,17188.45,11:50:00,17195.416090446062,4,32
2021-11-26,17168.45,17195.75,17160.05,17195.75,11:55:00,17192.84789135596,4,33
2021-11-26,17156.8,17168.95,17148.25,17168.95,12:00:00,17189.41475884587,4,34
2021-11-26,17148.45,17165.75,17145.0,17156.75,12:05:00,17185.513353241502,4,35
2021-11-26,17148.75,17154.6,17137.1,17150.55,12:10:00,17182.012081504217,4,36
2021-11-26,17134.55,17149.45,17133.8,17149.45,12:15:00,17177.49188326572,4,37
2021-11-26,17125.05,17138.95,17124.25,17134.4,12:20:00,17172.497418192794,4,38
2021-11-26,17147.8,17163.25,17118.65,17125.0,12:25:00,17170.145283126814,4,39
2021-11-26,17168.45,17174.35,17147.75,17148.75,12:30:00,17169.983827590928,4,40
2021-11-26,17151.8,17179.55,17147.45,17169.2,12:35:00,17168.252034487028,4,41
2021-11-26,17171.65,17177.85,17149.95,17152.2,12:40:00,17168.575650250168,4,42
2021-11-26,17189.8,17192.7,17172.55,17172.55,12:45:00,17170.597016893007,4,43
2021-11-26,17197.7,17200.85,17186.4,17188.75,12:50:00,17173.17825337939,4,44
2021-11-26,17183.9,17200.9,17177.25,17197.6,12:55:00,17174.199372105162,4,45
2021-11-26,17205.0,17210.1,17175.85,17184.0,13:00:00,17177.132765238002,4,46
2021-11-26,17184.95,17207.65,17182.2,17206.0,13:05:00,17177.877263786766,4,47
2021-11-26,17177.35,17188.55,17171.6,17185.85,13:10:00,17177.827048188028,4,48
2021-11-26,17163.7,17178.7,17160.6,17177.15,13:15:00,17176.481615027264,4,49
2021-11-26,17166.2,17176.95,17155.75,17163.35,13:20:00,17175.502413596096,4,50
2021-11-26,17154.35,17167.9,17153.55,17166.3,13:25:00,17173.487898015515,4,51
2021-11-26,17148.05,17165.35,17147.65,17154.8,13:30:00,17171.065241061657,4,52
2021-11-26,17111.2,17147.15,17107.7,17146.35,13:35:00,17165.363789531977,4,53
2021-11-26,17115.75,17123.5,17102.75,17112.05,13:40:00,17160.63866671941,4,54
2021-11-26,17099.9,17115.9,17090.3,17115.9,13:45:00,17154.85403179375,4,55
2021-11-26,17089.4,17098.85,17068.85,17098.85,13:50:00,17148.62031448006,4,56
2021-11-26,17076.4,17099.1,17070.1,17088.8,13:55:00,17141.742189291483,4,57
2021-11-26,17103.25,17103.35,17071.65,17076.05,14:00:00,17138.07626650182,4,58
2021-11-26,17130.5,17132.6,17095.2,17103.4,14:05:00,17137.35471731117,4,59
2021-11-26,17127.7,17136.3,17119.4,17131.3,14:10:00,17136.43522042439,4,60
2021-11-26,17139.95,17146.35,17121.05,17127.35,14:15:00,17136.769961336355,4,61
2021-11-26,17155.45,17158.95,17136.85,17139.6,14:20:00,17138.549012637654,4,62
2021-11-26,17154.4,17159.4,17141.05,17155.25,14:25:00,17140.058630481686,4,63
2021-11-26,17113.45,17157.3,17106.25,17155.45,14:30:00,17137.524475197715,4,64
2021-11-26,17098.8,17116.5,17093.85,17112.25,14:35:00,17133.83642994079,4,65
2021-11-26,17114.9,17120.3,17081.7,17098.55,14:40:00,17132.03296042262,4,66
2021-11-26,17108.95,17119.35,17101.25,17115.05,14:45:00,17129.834583239513,4,67
2021-11-26,17112.3,17116.2,17102.0,17109.95,14:50:00,17128.164622930988,4,68
2021-11-26,17099.2,17115.3,17097.35,17112.35,14:55:00,17125.40608741375,4,69
2021-11-26,17052.95,17112.0,17048.75,17099.4,15:00:00,17118.50550766006,4,70
2021-11-26,17006.35,17057.25,17004.45,17052.85,15:05:00,17107.824030740052,4,71
2021-11-26,17018.65,17030.1,16985.7,17006.0,15:10:00,17099.331265907666,4,72
2021-11-26,17029.45,17041.1,17017.1,17017.1,15:15:00,17092.67590724979,4,73
2021-11-26,17019.75,17031.4,17001.15,17029.2,15:20:00,17085.730582749813,4,74
2021-11-26,17006.55,17022.45,16993.55,17019.9,15:25:00,17078.18957486888,4,75
2021-11-29,16838.1,17068.8,16836.05,17068.8,09:15:00,17055.323901071843,0,1
2021-11-29,16843.8,16846.3,16782.4,16841.1,09:20:00,17035.17876763643,0,2
2021-11-29,16955.45,16955.45,16845.25,16845.25,09:25:00,17027.585551671054,0,3
2021-11-29,17004.05,17021.25,16927.1,16957.05,09:30:00,17025.344070559524,0,4
2021-11-29,16970.65,17054.5,16945.9,17008.45,09:35:00,17020.135111458618,0,5
2021-11-29,16986.25,16996.15,16945.95,16972.6,09:40:00,17016.90795798637,0,6
2021-11-29,17030.6,17045.4,16982.55,16985.6,09:45:00,17018.211961987665,0,7
2021-11-29,17023.65,17036.2,17000.2,17027.3,09:50:00,17018.729870369792,0,8
2021-11-29,17034.65,17042.6,17014.65,17025.55,09:55:00,17020.246073191716,0,9
2021-11-29,17076.3,17087.7,17035.05,17035.05,10:00:00,17025.584542411554,0,10
2021-11-29,17080.15,17091.0,17057.25,17076.55,10:05:00,17030.781252658075,0,11
2021-11-29,17086.35,17098.5,17067.75,17080.0,10:10:00,17036.073514309686,0,12
2021-11-29,17035.1,17099.7,17026.9,17089.0,10:15:00,17035.980798661145,0,13
2021-11-29,17002.45,17033.05,16970.7,17033.05,10:20:00,17032.787389264846,0,14
2021-11-29,17032.4,17040.1,17001.7,17001.7,10:25:00,17032.750495049146,0,15
2021-11-29,17012.8,17048.95,17009.55,17033.65,10:30:00,17030.85044790161,0,16
2021-11-29,17016.85,17022.25,16994.35,17012.4,10:35:00,17029.51707191098,0,17
2021-11-29,17001.4,17023.5,17000.7,17015.8,10:40:00,17026.839255538507,0,18
2021-11-29,16986.0,17013.25,16985.6,17000.6,10:45:00,17022.94980263008,0,19
2021-11-29,17023.1,17023.1,16980.8,16986.8,10:50:00,17022.9641071415,0,20
2021-11-29,17031.5,17039.15,17019.6,17023.5,10:55:00,17023.777049318498,0,21
2021-11-29,17053.25,17055.4,17017.6,17031.2,11:00:00,17026.58399700245,0,22
2021-11-29,17073.6,17077.35,17050.9,17054.5,11:05:00,17031.061711573646,0,23
2021-11-29,17094.4,17097.95,17068.8,17073.85,11:10:00,17037.093929519015,0,24
2021-11-29,17122.25,17131.55,17079.05,17094.25,11:15:00,17045.204031469584,0,25
2021-11-29,17107.3,17134.05,17101.25,17126.85,11:20:00,17051.117933234385,0,26
2021-11-29,17133.75,17135.45,17107.15,17108.55,11:25:00,17058.98765387873,0,27
2021-11-29,17142.5,17153.25,17134.15,17136.05,11:30:00,17066.94121065218,0,28
2021-11-29,17123.0,17149.0,17119.1,17143.65,11:35:00,17072.280142971023,0,29
2021-11-29,17133.3,17138.8,17124.15,17125.85,11:40:00,17078.091557926164,0,30
2021-11-29,17131.7,17143.0,17126.9,17133.4,11:45:00,17083.197123837956,0,31
2021-11-29,17099.35,17139.8,17094.0,17132.8,11:50:00,17084.735492996246,0,32
2021-11-29,17131.45,17131.45,17099.05,17099.05,11:55:00,17089.18449366327,0,33
2021-11-29,17133.5,17139.4,17127.2,17131.05,12:00:00,17093.405018076293,0,34
2021-11-29,17153.9,17159.35,17114.0,17134.25,12:05:00,17099.16644492617,0,35
2021-11-29,17154.55,17160.4,17141.6,17155.6,12:10:00,17104.441069218916,0,36
2021-11-29,17152.25,17160.7,17137.9,17156.35,12:15:00,17108.994300721875,0,37
2021-11-29,17149.95,17153.2,17141.65,17152.55,12:20:00,17112.89484351027,0,38
2021-11-29,17140.3,17157.45,17139.6,17151.5,12:25:00,17115.504858414053,0,39
2021-11-29,17128.65,17146.8,17118.7,17141.6,12:30:00,17116.756776660335,0,40
2021-11-29,17154.05,17156.35,17129.3,17129.8,12:35:00,17120.308512216492,0,41
2021-11-29,17140.55,17153.45,17128.6,17153.3,12:40:00,17122.23627295778,0,42
2021-11-29,17126.95,17141.45,17122.95,17141.0,12:45:00,17122.685199342755,0,43
2021-11-29,17128.9,17138.4,17113.0,17127.8,12:50:00,17123.277085119636,0,44
2021-11-29,17085.95,17147.4,17085.95,17129.75,12:55:00,17119.72212463205,0,45
2021-11-29,17103.35,17107.45,17062.35,17086.2,13:00:00,17118.162874667094,0,46
2021-11-29,17106.8,17119.2,17103.55,17104.75,13:05:00,17117.08069612737,0,47
2021-11-29,17089.3,17110.5,17088.8,17107.75,13:10:00,17114.43491554381,0,48
2021-11-29,17137.1,17140.2,17087.7,17089.1,13:15:00,17116.593495015826,0,49
2021-11-29,17127.85,17138.85,17118.5,17138.85,13:20:00,17117.665543109557,0,50
2021-11-29,17121.1,17132.85,17117.55,17128.3,13:25:00,17117.99263424198,0,51
2021-11-29,17111.55,17149.0,17099.55,17121.8,13:30:00,17117.379050028456,0,52
2021-11-29,17102.5,17119.95,17095.55,17112.6,13:35:00,17115.961997644794,0,53
2021-11-29,17134.85,17142.25,17095.85,17103.2,13:40:00,17117.760855011955,0,54
2021-11-29,17139.25,17142.25,17129.85,17136.5,13:45:00,17119.80744024891,0,55
2021-11-29,17142.1,17154.05,17136.8,17139.5,13:50:00,17121.930541177586,0,56
2021-11-29,17137.75,17149.05,17130.15,17143.25,13:55:00,17123.43715630353,0,57
2021-11-29,17153.15,17156.9,17138.65,17139.95,14:00:00,17126.26695094129,0,58
2021-11-29,17122.15,17154.05,17121.5,17152.7,14:05:00,17125.874860375454,0,59
2021-11-29,17128.35,17130.35,17110.1,17123.0,14:10:00,17126.11058795874,0,60
2021-11-29,17086.4,17130.9,17086.4,17128.95,14:15:00,17122.328627200768,0,61
2021-11-29,17079.15,17094.85,17067.85,17085.2,14:20:00,17118.21637699117,0,62
2021-11-29,17043.8,17079.3,17039.5,17079.3,14:25:00,17111.12910299201,0,63
2021-11-29,17049.7,17065.75,17019.45,17042.55,14:30:00,17105.278712230865,0,64
2021-11-29,17083.45,17083.45,17039.9,17050.0,14:35:00,17103.199787256497,0,65
2021-11-29,17085.1,17098.05,17073.95,17083.85,14:40:00,17101.475997993974,0,66
2021-11-29,17075.25,17096.0,17071.7,17084.3,14:45:00,17098.97828389931,0,67
2021-11-29,17088.35,17090.4,17070.2,17075.8,14:50:00,17097.96606638509,0,68
2021-11-29,17091.15,17091.9,17070.55,17088.5,14:55:00,17097.316917205557,0,69
2021-11-29,17064.7,17094.1,17037.8,17093.45,15:00:00,17094.21054413836,0,70
2021-11-29,17058.9,17066.7,17043.1,17065.8,15:05:00,17090.847635172802,0,71
2021-11-29,17053.55,17061.5,17044.0,17059.35,15:10:00,17087.29547944206,0,72
2021-11-29,17057.05,17065.3,17044.3,17054.1,15:15:00,17084.414957590434,0,73
2021-11-29,17050.2,17068.3,17049.85,17058.1,15:20:00,17081.156390200867,0,74
2021-11-29,17040.7,17055.35,17037.35,17050.85,15:25:00,17077.30340065793,0,75
2021-11-30,17162.3,17163.05,17051.05,17075.95,09:15:00,17085.398314880986,1,1
2021-11-30,17193.45,17195.85,17164.2,17165.8,09:20:00,17095.688951558986,1,2
2021-11-30,17202.5,17209.65,17173.3,17193.4,09:25:00,17105.861432362894,1,3
2021-11-30,17238.15,17241.35,17199.55,17199.55,09:30:00,17118.46034356643,1,4
2021-11-30,17244.55,17249.05,17217.4,17239.65,09:35:00,17130.46888227439,1,5
2021-11-30,17246.65,17249.15,17229.9,17246.75,09:40:00,17141.53375062921,1,6
2021-11-30,17237.65,17254.05,17234.75,17246.4,09:45:00,17150.687679140712,1,7
2021-11-30,17239.75,17245.85,17224.55,17238.25,09:50:00,17159.169804936835,1,8
2021-11-30,17249.45,17251.25,17231.4,17240.7,09:55:00,17167.767918752375,1,9
2021-11-30,17269.75,17278.15,17241.3,17250.05,10:00:00,17177.480497918816,1,10
2021-11-30,17276.7,17279.05,17262.45,17268.8,10:05:00,17186.9299743075,1,11
2021-11-30,17259.0,17278.45,17255.05,17276.45,10:10:00,17193.793786278213,1,12
2021-11-30,17253.65,17266.2,17243.9,17259.15,10:15:00,17199.49437806124,1,13
2021-11-30,17292.1,17293.6,17248.05,17253.05,10:20:00,17208.313961103027,1,14
2021-11-30,17307.75,17308.75,17290.65,17293.15,10:25:00,17217.784060045597,1,15
2021-11-30,17319.3,17324.65,17303.5,17308.8,10:30:00,17227.45224480316,1,16
2021-11-30,17303.9,17322.1,17302.15,17319.95,10:35:00,17234.732983393336,1,17
2021-11-30,17287.7,17305.75,17284.15,17303.75,10:40:00,17239.7774611654,1,18
2021-11-30,17268.4,17289.15,17264.25,17286.85,10:45:00,17242.503417244883,1,19
2021-11-30,17251.35,17277.1,17249.5,17268.05,10:50:00,17243.345948935847,1,20
2021-11-30,17230.15,17250.65,17215.3,17250.55,10:55:00,17242.089191894338,1,21
2021-11-30,17206.7,17229.75,17196.95,17229.75,11:00:00,17238.718792666306,1,22
2021-11-30,17164.65,17209.9,17160.7,17206.8,11:05:00,17231.664621936183,1,23
2021-11-30,17145.05,17166.55,17128.95,17163.3,11:10:00,17223.415610323213,1,24
2021-11-30,17110.5,17143.75,17105.45,17143.75,11:15:00,17212.661742673383,1,25
2021-11-30,17084.5,17135.3,17083.85,17110.45,11:20:00,17200.455862418774,1,26
2021-11-30,17104.75,17123.3,17081.45,17085.8,11:25:00,17191.34101837889,1,27
2021-11-30,17059.35,17112.2,17057.5,17105.95,11:30:00,17178.77044519995,1,28
2021-11-30,17016.75,17058.85,16987.5,17058.85,11:35:00,17163.33992660948,1,29
2021-11-30,17067.15,17069.9,17005.6,17007.35,11:40:00,17154.178981218098,1,30
2021-11-30,17061.7,17067.65,17027.35,17067.35,11:45:00,17145.371459197326,1,31
2021-11-30,17082.3,17105.35,17057.2,17059.1,11:50:00,17139.364653559485,1,32
2021-11-30,17090.45,17092.25,17073.15,17083.75,11:55:00,17134.70611512525,1,33
2021-11-30,17085.8,17093.05,17070.25,17090.95,12:00:00,17130.048389875225,1,34
2021-11-30,17053.15,17087.0,17037.75,17087.0,12:05:00,17122.724733696632,1,35
2021-11-30,17079.35,17080.65,17046.1,17051.45,12:10:00,17118.593806677905,1,36
2021-11-30,17091.05,17091.05,17068.35,17079.6,12:15:00,17115.970586994295,1,37
2021-11-30,17101.3,17106.55,17092.2,17092.2,12:20:00,17114.573388232933,1,38
2021-11-30,17081.95,17101.35,17076.05,17101.15,12:25:00,17111.466398877415,1,39
2021-11-30,17063.5,17082.65,17047.7,17082.65,12:30:00,17106.8981704129,1,40
2021-11-30,17097.55,17099.9,17061.1,17063.25,12:35:00,17106.007868468812,1,41
2021-11-30,17082.2,17102.1,17080.5,17097.5,12:40:00,17103.740452424165,1,42
2021-11-30,17096.05,17096.55,17077.95,17082.7,12:45:00,17103.008028383767,1,43
2021-11-30,17127.3,17143.85,17094.6,17096.4,12:50:00,17105.321549490076,1,44
2021-11-30,17112.2,17131.85,17107.0,17128.8,12:55:00,17105.97664001483,1,45
2021-11-30,17089.65,17115.25,17084.2,17111.45,13:00:00,17104.421721918177,1,46
2021-11-30,17100.9,17106.15,17084.95,17088.45,13:05:00,17104.08631983073,1,47
2021-11-30,17088.9,17102.7,17079.45,17102.3,13:10:00,17102.640003656375,1,48
2021-11-30,17097.65,17102.3,17076.6,17089.15,13:15:00,17102.16476521291,1,49
2021-11-30,17115.3,17121.6,17093.3,17098.1,13:20:00,17103.41573995454,1,50
2021-11-30,17114.55,17115.75,17104.45,17115.75,13:25:00,17104.476145673154,1,51
2021-11-30,17133.3,17133.5,17108.95,17115.8,13:30:00,17107.221274656662,1,52
2021-11-30,17140.5,17145.05,17128.05,17134.45,13:35:00,17110.390677070314,1,53
2021-11-30,17120.8,17143.35,17120.2,17140.95,13:40:00,17111.382041158857,1,54
2021-11-30,17132.45,17136.95,17097.45,17122.6,13:45:00,17113.388513429443,1,55
2021-11-30,17140.95,17142.9,17130.2,17133.3,13:50:00,17116.013416912352,1,56
2021-11-30,17160.2,17164.5,17138.15,17141.2,13:55:00,17120.2216629207,1,57
2021-11-30,17159.55,17173.25,17154.7,17160.1,14:00:00,17123.96721883301,1,58
2021-11-30,17146.05,17160.4,17133.1,17159.6,14:05:00,17126.070340848913,1,59
2021-11-30,17148.75,17152.55,17132.5,17146.2,14:10:00,17128.230308387112,1,60
2021-11-30,17134.45,17152.3,17131.8,17148.6,14:15:00,17128.82265996929,1,61
2021-11-30,17146.3,17147.3,17107.7,17134.0,14:20:00,17130.48716854364,1,62
2021-11-30,17163.75,17172.95,17146.65,17146.65,14:25:00,17133.65505725377,1,63
2021-11-30,17125.0,17166.75,17124.5,17165.5,14:30:00,17132.830766086743,1,64
2021-11-30,17093.5,17124.95,17091.0,17124.8,14:35:00,17129.084978840387,1,65
2021-11-30,17088.9,17116.05,17080.65,17094.55,14:40:00,17125.257837998444,1,66
2021-11-30,17103.8,17107.65,17079.45,17086.35,14:45:00,17123.214234379546,1,67
2021-11-30,17071.65,17103.7,17069.4,17103.5,14:50:00,17118.303354914828,1,68
2021-11-30,17084.3,17084.75,17061.05,17071.7,14:55:00,17115.064940161035,1,69
2021-11-30,17010.75,17092.3,17005.1,17082.45,15:00:00,17105.13018395522,1,70
2021-11-30,16981.25,17011.55,16978.0,17010.85,15:05:00,17093.332071197583,1,71
2021-11-30,16982.45,17020.9,16970.55,16981.3,15:10:00,17082.77187394067,1,72
2021-11-30,16958.3,16984.1,16952.4,16981.65,15:15:00,17070.917409755843,1,73
2021-11-30,16946.2,16964.75,16931.4,16957.95,15:20:00,17059.039561207668,1,74
2021-11-30,16975.15,16979.25,16938.25,16945.05,15:25:00,17051.05007918789,1,75
2021-12-01,17175.55,17190.55,17079.75,17105.05,09:15:00,17073.635098836345,2,1
2021-12-01,17173.1,17202.05,17139.95,17173.35,09:20:00,17083.10794656622,2,2
2021-12-01,17184.0,17187.65,17146.25,17169.15,09:25:00,17092.716713559912,2,3
2021-12-01,17194.15,17194.8,17168.95,17183.8,09:30:00,17102.377026554208,2,4
2021-12-01,17173.15,17197.1,17162.7,17195.25,09:35:00,17109.117309739522,2,5
2021-12-01,17123.85,17177.65,17123.1,17171.45,09:40:00,17110.520423097663,2,6
2021-12-01,17148.95,17148.95,17109.05,17123.15,09:45:00,17114.180382802646,2,7
2021-12-01,17137.5,17159.6,17132.85,17150.75,09:50:00,17116.401298726203,2,8
2021-12-01,17137.55,17146.15,17126.0,17137.95,09:55:00,17118.41546075228,2,9
2021-12-01,17160.7,17160.7,17130.45,17137.1,10:00:00,17122.442559728253,2,10
2021-12-01,17135.35,17170.35,17127.8,17157.55,10:05:00,17123.671839754134,2,11
2021-12-01,17109.45,17145.55,17103.95,17134.9,10:10:00,17122.31737882517,2,12
2021-12-01,17096.4,17125.25,17096.4,17109.65,10:15:00,17119.849057032297,2,13
2021-12-01,17121.55,17124.4,17091.75,17096.25,10:20:00,17120.01105160065,2,14
2021-12-01,17130.5,17136.2,17120.9,17120.9,10:25:00,17121.009999067253,2,15
2021-12-01,17140.05,17140.8,17126.65,17130.6,10:30:00,17122.823332489417,2,16
2021-12-01,17152.45,17157.95,17140.35,17140.35,10:35:00,17125.644919871378,2,17
2021-12-01,17156.0,17167.4,17149.3,17153.95,10:40:00,17128.535879883628,2,18
2021-12-01,17140.25,17160.7,17138.15,17156.75,10:45:00,17129.651510370903,2,19
2021-12-01,17154.1,17161.3,17140.55,17141.45,10:50:00,17131.979937954624,2,20
2021-12-01,17153.35,17164.5,17146.9,17155.45,10:55:00,17134.015181958945,2,21
2021-12-01,17169.75,17177.75,17152.6,17154.1,11:00:00,17137.418497962855,2,22
2021-12-01,17190.8,17193.5,17168.35,17170.6,11:05:00,17142.50245053782,2,23
2021-12-01,17196.15,17208.85,17186.0,17190.7,11:10:00,17147.611740962788,2,24
2021-12-01,17191.4,17199.65,17177.3,17196.4,11:15:00,17151.782051347283,2,25
2021-12-01,17212.5,17212.85,17187.9,17191.65,11:20:00,17157.564713123735,2,26
2021-12-01,17196.35,17213.05,17191.5,17213.05,11:25:00,17161.258549969094,2,27
2021-12-01,17189.55,17204.75,17173.0,17199.4,11:30:00,17163.95297378156,2,28
2021-12-01,17201.05,17202.55,17181.05,17187.9,11:35:00,17167.486023897603,2,29
2021-12-01,17192.85,17210.1,17191.55,17200.6,11:40:00,17169.90164066926,2,30
2021-12-01,17191.45,17198.85,17185.35,17193.55,11:45:00,17171.953865367428,2,31
2021-12-01,17186.5,17194.75,17183.15,17192.4,11:50:00,17173.33921152291,2,32
2021-12-01,17198.65,17199.4,17181.65,17187.45,11:55:00,17175.74976280644,2,33
2021-12-01,17190.95,17204.5,17189.95,17199.75,12:00:00,17177.197404443923,2,34
2021-12-01,17184.6,17191.15,17173.55,17190.4,12:05:00,17177.9024135445,2,35
2021-12-01,17167.65,17185.2,17162.0,17185.2,12:10:00,17176.92599320693,2,36
2021-12-01,17149.65,17169.5,17147.45,17167.95,12:15:00,17174.328279568173,2,37
2021-12-01,17157.55,17165.9,17146.55,17151.7,12:20:00,17172.73034818073,2,38
2021-12-01,17164.3,17165.15,17151.25,17156.7,12:25:00,17171.927457877802,2,39
2021-12-01,17141.8,17175.55,17139.9,17165.75,12:30:00,17169.058176175156,2,40
2021-12-01,17141.9,17150.6,17136.8,17140.95,12:35:00,17166.471683206095,2,41
2021-12-01,17156.5,17164.45,17141.5,17142.25,12:40:00,17165.52199909123,2,42
2021-12-01,17148.2,17160.3,17141.8,17156.55,12:45:00,17163.872284892066,2,43
2021-12-01,17157.1,17158.3,17144.8,17148.15,12:50:00,17163.227305378536,2,44
2021-12-01,17167.5,17173.45,17156.75,17158.2,12:55:00,17163.634228675815,2,45
2021-12-01,17158.2,17170.55,17158.2,17168.55,13:00:00,17163.116683087643,2,46
2021-12-01,17138.15,17159.1,17138.15,17159.1,13:05:00,17160.73890374596,2,47
2021-12-01,17152.35,17154.75,17130.35,17138.25,13:10:00,17159.93996053206,2,48
2021-12-01,17135.35,17154.9,17135.3,17153.9,13:15:00,17157.59805952901,2,49
2021-12-01,17143.9,17154.25,17132.65,17135.2,13:20:00,17156.293482431007,2,50
2021-12-01,17144.95,17146.25,17140.55,17145.85,13:25:00,17155.21315077091,2,51
2021-12-01,17147.45,17170.2,17109.5,17146.55,13:30:00,17154.473803078443,2,52
2021-12-01,17149.55,17154.4,17139.45,17149.55,13:35:00,17154.004869451925,2,53
2021-12-01,17132.8,17151.4,17131.45,17151.2,13:40:00,17151.98535807555,2,54
2021-12-01,17135.8,17143.35,17128.1,17132.4,13:45:00,17150.443895401688,2,55
2021-12-01,17125.0,17137.5,17121.75,17137.3,13:50:00,17148.020667268192,2,56
2021-12-01,17140.25,17142.0,17115.75,17125.75,13:55:00,17147.280603718842,2,57
2021-12-01,17122.4,17140.85,17117.95,17140.45,14:00:00,17144.911022412285,2,58
2021-12-01,17106.0,17123.65,17100.1,17123.65,14:05:00,17141.20521075397,2,59
2021-12-01,17089.9,17108.6,17084.35,17108.3,14:10:00,17136.319000205975,2,60
2021-12-01,17084.95,17090.75,17064.25,17090.75,14:15:00,17131.426714472072,2,61
2021-12-01,17114.35,17118.6,17080.1,17085.05,14:20:00,17129.800360712827,2,62
2021-12-01,17141.65,17143.55,17109.65,17115.35,14:25:00,17130.928897787795,2,63
2021-12-01,17149.3,17154.85,17133.0,17143.0,14:30:00,17132.678526569907,2,64
2021-12-01,17150.2,17156.25,17144.0,17149.7,14:35:00,17134.347238325154,2,65
2021-12-01,17145.45,17156.35,17144.8,17150.8,14:40:00,17135.40464419895,2,66
2021-12-01,17184.25,17185.85,17146.55,17146.6,14:45:00,17140.056582846668,2,67
2021-12-01,17170.8,17185.65,17167.9,17184.1,14:50:00,17142.984527337463,2,68
2021-12-01,17170.8,17180.25,17161.05,17170.3,14:55:00,17145.63361997199,2,69
2021-12-01,17157.15,17178.3,17143.6,17174.0,15:00:00,17146.7304180699,2,70
2021-12-01,17160.95,17161.95,17137.15,17157.35,15:05:00,17148.084663968002,2,71
2021-12-01,17166.95,17168.05,17159.4,17161.25,15:10:00,17149.881362637716,2,72
2021-12-01,17180.1,17180.7,17162.7,17168.0,15:15:00,17152.75932810079,2,73
2021-12-01,17171.95,17183.15,17170.25,17180.25,15:20:00,17154.58701113881,2,74
2021-12-01,17186.8,17188.15,17170.55,17172.15,15:25:00,17157.654914839877,2,75
2021-12-02,17226.3,17232.4,17149.3,17188.55,09:15:00,17164.192541997985,3,1
2021-12-02,17227.2,17241.1,17222.9,17229.9,09:20:00,17170.19325228389,3,2
2021-12-02,17234.15,17241.9,17196.8,17227.3,09:25:00,17176.284371113998,3,3
2021-12-02,17261.95,17264.45,17234.6,17234.6,09:30:00,17184.443002436474,3,4
2021-12-02,17262.25,17268.3,17248.3,17261.75,09:35:00,17191.85319268062,3,5
2021-12-02,17262.85,17277.45,17253.65,17259.55,09:40:00,17198.614793377703,3,6
2021-12-02,17271.7,17289.15,17245.45,17263.5,09:45:00,17205.57528924649,3,7
2021-12-02,17274.2,17278.5,17270.1,17272.2,09:50:00,17212.11097598492,3,8
2021-12-02,17265.25,17283.0,17257.2,17275.0,09:55:00,17217.171835414927,3,9
2021-12-02,17249.0,17267.95,17246.45,17266.1,10:00:00,17220.203089184935,3,10
2021-12-02,17268.85,17270.0,17249.15,17251.95,10:05:00,17224.83612831018,3,11
2021-12-02,17286.8,17287.0,17269.15,17269.9,10:10:00,17230.737449423497,3,12
2021-12-02,17282.25,17296.55,17281.45,17286.7,10:15:00,17235.64340662126,3,13
2021-12-02,17276.3,17288.4,17275.9,17280.8,10:20:00,17239.51546313352,3,14
2021-12-02,17286.65,17289.0,17275.5,17275.65,10:25:00,17244.004466644612,3,15
2021-12-02,17278.6,17294.95,17277.35,17286.4,10:30:00,17247.299279345127,3,16
2021-12-02,17274.0,17283.55,17269.4,17278.95,10:35:00,17249.842205121782,3,17
2021-12-02,17289.0,17294.55,17270.3,17273.5,10:40:00,17253.571518919707,3,18
2021-12-02,17289.4,17292.3,17282.05,17289.7,10:45:00,17256.983755213067,3,19
2021-12-02,17270.1,17289.2,17258.35,17288.85,10:50:00,17258.23292138325,3,20
2021-12-02,17274.7,17275.7,17261.5,17270.05,10:55:00,17259.801214584844,3,21
2021-12-02,17283.9,17285.1,17270.05,17276.55,11:00:00,17262.096337005336,3,22
2021-12-02,17278.85,17291.95,17278.85,17283.45,11:05:00,17263.69192395721,3,23
2021-12-02,17285.45,17288.6,17277.4,17278.45,11:10:00,17265.76412167557,3,24
2021-12-02,17308.35,17312.3,17283.7,17285.5,11:15:00,17269.81991961123,3,25
2021-12-02,17316.05,17320.6,17303.35,17308.1,11:20:00,17274.22278441016,3,26
2021-12-02,17321.05,17324.15,17309.75,17315.1,11:25:00,17278.68251922824,3,27
2021-12-02,17315.7,17327.45,17311.95,17323.95,11:30:00,17282.207993587457,3,28
2021-12-02,17319.35,17326.9,17313.2,17315.9,11:35:00,17285.74532753151,3,29
2021-12-02,17310.75,17323.35,17310.6,17321.0,11:40:00,17288.12672490946,3,30
2021-12-02,17307.65,17318.6,17301.65,17309.15,11:45:00,17289.98608444189,3,31
2021-12-02,17292.25,17311.05,17286.5,17307.85,11:50:00,17290.201695447424,3,32
2021-12-02,17299.9,17302.4,17283.75,17292.6,11:55:00,17291.12534350005,3,33
2021-12-02,17280.8,17299.55,17277.0,17299.55,12:00:00,17290.141977452426,3,34
2021-12-02,17290.85,17293.25,17278.2,17279.9,12:05:00,17290.209408171242,3,35
2021-12-02,17279.1,17296.6,17278.65,17290.65,12:10:00,17289.15136929779,3,36
2021-12-02,17284.1,17291.1,17274.75,17278.45,12:15:00,17288.670286507524,3,37
2021-12-02,17292.0,17292.75,17278.8,17283.6,12:20:00,17288.987402078237,3,38
2021-12-02,17297.3,17299.85,17284.9,17291.7,12:25:00,17289.779078070784,3,39
2021-12-02,17306.35,17309.4,17295.35,17297.55,12:30:00,17291.35726111166,3,40
2021-12-02,17296.1,17307.8,17295.55,17306.1,12:35:00,17291.808950529597,3,41
2021-12-02,17299.6,17299.9,17287.9,17295.6,12:40:00,17292.550955241066,3,42
2021-12-02,17308.5,17309.35,17294.6,17300.2,12:45:00,17294.069911884773,3,43
2021-12-02,17305.6,17308.85,17301.3,17308.05,12:50:00,17295.168015514795,3,44
2021-12-02,17313.5,17317.05,17305.4,17305.4,12:55:00,17296.913918799102,3,45
2021-12-02,17310.55,17320.1,17306.95,17314.2,13:00:00,17298.212593199187,3,46
2021-12-02,17325.9,17325.9,17308.85,17310.65,13:05:00,17300.84948908498,3,47
2021-12-02,17320.5,17328.25,17292.15,17326.1,13:10:00,17302.72096631498,3,48
2021-12-02,17312.6,17317.75,17307.0,17317.35,13:15:00,17303.661826665935,3,49
2021-12-02,17321.3,17322.1,17309.85,17312.4,13:20:00,17305.341652697753,3,50
2021-12-02,17312.6,17323.35,17311.55,17321.5,13:25:00,17306.032923869396,3,51
2021-12-02,17329.7,17331.3,17306.65,17313.05,13:30:00,17308.28693111993,3,52
2021-12-02,17323.05,17332.45,17320.2,17330.35,13:35:00,17309.692937679934,3,53
2021-12-02,17323.05,17326.45,17309.75,17322.85,13:40:00,17310.965038853275,3,54
2021-12-02,17335.65,17337.2,17318.8,17322.4,13:45:00,17313.315987533915,3,55
2021-12-02,17332.35,17340.85,17328.9,17335.25,13:50:00,17315.12875062592,3,56
2021-12-02,17315.45,17333.15,17312.85,17332.3,13:55:00,17315.159345804404,3,57
2021-12-02,17283.0,17317.45,17282.75,17313.45,14:00:00,17312.09655096589,3,58
2021-12-02,17298.95,17311.4,17280.65,17282.8,14:05:00,17310.84449849295,3,59
2021-12-02,17317.9,17318.15,17297.4,17299.35,14:10:00,17311.51645101743,3,60
2021-12-02,17320.8,17327.9,17316.25,17317.85,14:15:00,17312.400598539578,3,61
2021-12-02,17325.25,17326.9,17316.0,17320.9,14:20:00,17313.624351059618,3,62
2021-12-02,17339.85,17339.85,17323.2,17325.8,14:25:00,17316.122031911083,3,63
2021-12-02,17337.0,17347.55,17332.35,17340.05,14:30:00,17318.110409824316,3,64
2021-12-02,17360.25,17361.9,17333.85,17336.65,14:35:00,17322.123704126763,3,65
2021-12-02,17359.15,17369.45,17351.0,17360.55,14:40:00,17325.650018019453,3,66
2021-12-02,17356.6,17363.15,17354.95,17359.4,14:45:00,17328.597635350932,3,67
2021-12-02,17367.25,17367.8,17348.7,17356.15,14:50:00,17332.278812936558,3,68
2021-12-02,17368.15,17373.8,17361.95,17366.8,14:55:00,17335.69511646641,3,69
2021-12-02,17392.7,17398.2,17368.9,17369.15,15:00:00,17341.12415299342,3,70
2021-12-02,17387.35,17402.55,17382.95,17393.3,15:05:00,17345.526614613093,3,71
2021-12-02,17404.1,17404.9,17386.75,17387.05,15:10:00,17351.105032268988,3,72
2021-12-02,17411.3,17412.05,17399.2,17404.55,15:15:00,17356.837886338606,3,73
2021-12-02,17411.05,17420.35,17406.45,17412.4,15:20:00,17362.000944782547,3,74
2021-12-02,17404.35,17411.7,17399.3,17411.6,15:25:00,17366.03418813659,3,75
2021-12-03,17475.5,17479.55,17415.9,17433.65,09:15:00,17376.459503552152,4,1
2021-12-03,17458.1,17489.8,17456.6,17477.55,09:20:00,17384.234788928137,4,2
2021-12-03,17466.35,17470.45,17441.7,17457.65,09:25:00,17392.055285220697,4,3
2021-12-03,17468.05,17469.85,17440.55,17466.1,09:30:00,17399.29287710444,4,4
2021-12-03,17445.5,17471.95,17444.85,17467.9,09:35:00,17403.693555475445,4,5
2021-12-03,17421.15,17445.7,17403.95,17445.0,09:40:00,17405.356074001593,4,6
2021-12-03,17442.7,17443.9,17412.35,17421.8,09:45:00,17408.912638382393,4,7
2021-12-03,17383.0,17457.55,17383.0,17443.35,09:50:00,17406.44476806026,4,8
2021-12-03,17387.9,17406.4,17374.35,17381.95,09:55:00,17404.67859967357,4,9
2021-12-03,17367.0,17386.25,17364.25,17386.25,10:00:00,17401.09016160942,4,10
2021-12-03,17382.95,17402.25,17362.2,17366.45,10:05:00,17399.36252717043,4,11
2021-12-03,17393.05,17397.6,17377.15,17383.05,10:10:00,17398.761334106577,4,12
2021-12-03,17354.05,17394.75,17353.55,17393.25,10:15:00,17394.503111810714,4,13
2021-12-03,17365.05,17370.45,17353.15,17354.4,10:20:00,17391.698053543027,4,14
2021-12-03,17376.15,17382.85,17351.6,17366.6,10:25:00,17390.21728653893,4,15
2021-12-03,17376.15,17389.35,17371.95,17372.3,10:30:00,17388.877544963794,4,16
2021-12-03,17371.4,17376.05,17363.55,17376.05,10:35:00,17387.213016872003,4,17
2021-12-03,17378.15,17383.1,17367.55,17371.95,10:40:00,17386.349872408002,4,18
2021-12-03,17378.7,17391.9,17377.5,17378.45,10:45:00,17385.621313131047,4,19
2021-12-03,17389.4,17399.9,17379.8,17379.8,10:50:00,17385.98118807095,4,20
2021-12-03,17386.65,17390.1,17379.35,17390.1,10:55:00,17386.044884445146,4,21
2021-12-03,17379.95,17389.65,17376.05,17387.05,11:00:00,17385.464419259893,4,22
2021-12-03,17395.4,17395.5,17370.2,17379.9,11:05:00,17386.410665044667,4,23
2021-12-03,17406.55,17409.45,17392.9,17395.3,11:10:00,17388.328696945173,4,24
2021-12-03,17404.9,17417.2,17403.55,17407.8,11:15:00,17389.906916283726,4,25
2021-12-03,17405.2,17413.8,17394.05,17405.2,11:20:00,17391.363400447182,4,26
2021-12-03,17395.3,17405.05,17386.15,17404.3,11:25:00,17391.73831469031,4,27
2021-12-03,17391.55,17402.9,17389.55,17395.85,11:30:00,17391.720379957897,4,28
2021-12-03,17406.45,17406.95,17390.85,17391.45,11:35:00,17393.123200914288,4,29
2021-12-03,17410.65,17411.2,17401.35,17406.4,11:40:00,17394.792419874833,4,30
2021-12-03,17401.25,17413.95,17397.05,17411.0,11:45:00,17395.4074275058,4,31
2021-12-03,17397.25,17401.6,17387.4,17401.05,11:50:00,17395.582910600486,4,32
2021-12-03,17395.35,17405.6,17390.7,17398.0,11:55:00,17395.560728638535,4,33
2021-12-03,17394.0,17398.4,17382.95,17395.6,12:00:00,17395.412087815817,4,34
2021-12-03,17381.55,17394.1,17381.2,17393.9,12:05:00,17394.091888976218,4,35
2021-12-03,17382.7,17383.55,17371.35,17381.85,12:10:00,17393.006947168957,4,36
2021-12-03,17384.1,17388.95,17374.35,17382.75,12:15:00,17392.158666486197,4,37
2021-12-03,17375.4,17384.35,17373.9,17384.35,12:20:00,17390.56260301132,4,38
2021-12-03,17360.15,17375.55,17356.95,17375.3,12:25:00,17387.66616462929,4,39
2021-12-03,17337.35,17361.3,17330.8,17361.3,12:30:00,17382.874148950308,4,40
2021-12-03,17346.6,17347.65,17328.5,17337.15,12:35:00,17379.419468097898,4,41
2021-12-03,17315.95,17347.95,17315.95,17346.45,12:40:00,17373.37475685048,4,42
2021-12-03,17311.05,17324.8,17302.6,17312.75,12:45:00,17367.439065721865,4,43
2021-12-03,17315.4,17319.7,17305.4,17311.4,12:50:00,17362.482964224542,4,44
2021-12-03,17322.7,17330.4,17310.95,17315.05,12:55:00,17358.694110488872,4,45
2021-12-03,17317.55,17329.95,17317.2,17323.7,13:00:00,17354.775623775648,4,46
2021-12-03,17310.85,17327.85,17309.3,17317.8,13:05:00,17350.59223103511,4,47
2021-12-03,17289.55,17311.0,17282.7,17309.95,13:10:00,17344.77868522224,4,48
2021-12-03,17295.7,17305.05,17286.45,17289.85,13:15:00,17340.104524724884,4,49
2021-12-03,17297.1,17302.65,17291.15,17295.95,13:20:00,17336.008855703465,4,50
2021-12-03,17277.35,17297.1,17273.45,17297.05,13:25:00,17330.42229801742,4,51
2021-12-03,17266.5,17291.25,17266.5,17277.15,13:30:00,17324.334460111,4,52
2021-12-03,17276.8,17277.9,17264.55,17266.4,13:35:00,17319.807368671856,4,53
2021-12-03,17265.35,17286.55,17257.2,17277.2,13:40:00,17314.62095260787,4,54
2021-12-03,17273.6,17277.35,17255.0,17265.6,13:45:00,17310.714195216646,4,55
2021-12-03,17284.3,17285.65,17263.1,17274.3,13:50:00,17308.198557576965,4,56
2021-12-03,17280.85,17301.5,17280.5,17285.5,13:55:00,17305.593933045824,4,57
2021-12-03,17273.8,17281.85,17266.65,17281.85,14:00:00,17302.565939422413,4,58
2021-12-03,17268.05,17274.55,17265.8,17274.55,14:05:00,17299.27870709647,4,59
2021-12-03,17238.85,17268.65,17238.85,17268.45,14:10:00,17293.5235921349,4,60
2021-12-03,17224.3,17237.75,17221.85,17237.75,14:15:00,17286.930869074436,4,61
2021-12-03,17243.5,17246.35,17223.45,17224.9,14:20:00,17282.79459582925,4,62
2021-12-03,17223.25,17253.65,17220.7,17243.9,14:25:00,17277.12368194075,4,63
2021-12-03,17220.25,17232.95,17206.9,17223.5,14:30:00,17271.707140803537,4,64
2021-12-03,17208.1,17230.05,17205.25,17220.15,14:35:00,17265.649317869866,4,65
2021-12-03,17208.85,17210.0,17188.6,17209.75,14:40:00,17260.239859025118,4,66
2021-12-03,17224.15,17224.65,17193.1,17208.0,14:45:00,17256.802729594154,4,67
2021-12-03,17220.1,17225.5,17208.1,17224.45,14:50:00,17253.30723153757,4,68
2021-12-03,17243.65,17248.85,17214.0,17219.8,14:55:00,17252.38749520066,4,69
2021-12-03,17189.95,17243.55,17188.15,17243.55,15:00:00,17246.44106708631,4,70
2021-12-03,17189.35,17196.15,17181.1,17190.45,15:05:00,17241.0038226019,4,71
2021-12-03,17197.0,17198.1,17180.8,17189.3,15:10:00,17236.8129823541,4,72
2021-12-03,17192.9,17204.45,17192.3,17197.65,15:15:00,17232.63079355847,4,73
2021-12-03,17202.15,17210.0,17189.2,17193.4,15:20:00,17229.727860838615,4,74
2021-12-03,17209.55,17211.35,17196.2,17202.0,15:25:00,17227.806159806365,4,75
2021-12-06,17147.55,17216.75,17125.7,17216.75,09:15:00,17220.162716015282,0,1
2021-12-06,17187.7,17197.65,17147.3,17147.3,09:20:00,17217.071028775732,0,2
2021-12-06,17172.6,17189.15,17166.6,17188.2,09:25:00,17212.83569270185,0,3
2021-12-06,17118.85,17176.2,17115.9,17173.0,09:30:00,17203.884674349294,0,4
2021-12-06,17118.3,17133.75,17094.6,17119.2,09:35:00,17195.733752982695,0,5
2021-12-06,17149.75,17151.05,17115.45,17119.8,09:40:00,17191.354347936725,0,6
2021-12-06,17155.55,17183.05,17147.8,17148.55,09:45:00,17187.944410037988,0,7
2021-12-06,17143.7,17161.95,17135.95,17157.05,09:50:00,17183.730656701035,0,8
2021-12-06,17131.55,17144.4,17116.05,17144.4,09:55:00,17178.761070348555,0,9
2021-12-06,17127.4,17138.8,17123.8,17132.7,10:00:00,17173.86953983917,0,10
2021-12-06,17162.7,17168.35,17125.65,17127.5,10:05:00,17172.8057741402,0,11
2021-12-06,17144.55,17167.05,17142.1,17163.15,10:10:00,17170.11474803161,0,12
2021-12-06,17126.4,17144.2,17115.15,17144.05,10:15:00,17165.951438695265,0,13
2021-12-06,17129.35,17133.4,17106.1,17125.8,10:20:00,17162.465587390954,0,14
2021-12-06,17143.65,17145.05,17128.0,17129.75,10:25:00,17160.673626687054,0,15
2021-12-06,17132.05,17149.85,17130.65,17145.55,10:30:00,17157.94756700257,0,16
2021-12-06,17145.6,17145.7,17123.2,17132.35,10:35:00,17156.771608240422,0,17
2021-12-06,17151.35,17156.95,17143.35,17146.85,10:40:00,17156.255264598476,0,18
2021-12-06,17135.05,17162.4,17132.6,17152.05,10:45:00,17154.235715589097,0,19
2021-12-06,17137.45,17138.0,17126.95,17134.55,10:50:00,17152.637076009185,0,20
2021-12-06,17124.9,17137.8,17118.15,17137.55,10:55:00,17149.995449722595,0,21
2021-12-06,17100.85,17125.65,17098.15,17125.65,11:00:00,17145.314930701395,0,22
2021-12-06,17112.25,17114.45,17098.25,17101.7,11:05:00,17142.165889682215,0,23
2021-12-06,17117.55,17123.1,17101.8,17113.3,11:10:00,17139.821519236288,0,24
2021-12-06,17108.2,17119.0,17101.3,17119.0,11:15:00,17136.80994597569,0,25
2021-12-06,17087.95,17110.2,17081.0,17109.45,11:20:00,17132.15661778753,0,26
2021-12-06,17075.7,17088.45,17070.4,17088.45,11:25:00,17126.77979704586,0,27
2021-12-06,17079.65,17082.5,17063.85,17076.2,11:30:00,17122.291244946256,0,28
2021-12-06,17065.05,17085.95,17064.55,17081.75,11:35:00,17116.83969780852,0,29
2021-12-06,17069.1,17074.0,17057.7,17066.6,11:40:00,17112.29305992199,0,30
2021-12-06,17066.05,17072.1,17062.95,17069.85,11:45:00,17107.88895897704,0,31
2021-12-06,17062.65,17066.75,17059.35,17066.7,11:50:00,17103.580486693514,0,32
2021-12-06,17074.35,17081.3,17055.4,17063.65,11:55:00,17100.796630817942,0,33
2021-12-06,17077.05,17087.55,17068.65,17075.4,12:00:00,17098.53504693052,0,34
2021-12-06,17059.8,17081.7,17057.75,17077.15,12:05:00,17094.845994841897,0,35
2021-12-06,17056.95,17066.2,17056.85,17061.05,12:10:00,17091.236852476002,0,36
2021-12-06,17045.2,17061.35,17041.5,17058.25,12:15:00,17086.85239033543,0,37
2021-12-06,17038.75,17046.65,17034.65,17045.75,12:20:00,17082.271210303483,0,38
2021-12-06,17052.65,17052.95,17036.3,17038.9,12:25:00,17079.450142655533,0,39
2021-12-06,17050.1,17056.2,17046.7,17053.25,12:30:00,17076.654890974052,0,40
2021-12-06,17065.2,17068.4,17048.6,17051.3,12:35:00,17075.563948976524,0,41
2021-12-06,17074.75,17077.2,17060.7,17065.65,12:40:00,17075.48643002638,0,42
2021-12-06,17071.05,17077.95,17066.1,17074.8,12:45:00,17075.06391288101,0,43
2021-12-06,17069.75,17074.4,17061.2,17071.75,12:50:00,17074.557825939963,0,44
2021-12-06,17078.35,17089.35,17070.35,17071.55,12:55:00,17074.91898537425,0,45
2021-12-06,17082.9,17088.1,17075.45,17078.0,13:00:00,17075.679082005274,0,46
2021-12-06,17072.1,17085.1,17069.3,17082.2,13:05:00,17075.33821705239,0,47
2021-12-06,17059.45,17072.65,17059.3,17072.65,13:10:00,17073.825053523593,0,48
2021-12-06,17058.6,17060.95,17053.25,17059.65,13:15:00,17072.375048426107,0,49
2021-12-06,17071.45,17080.15,17059.25,17059.25,13:20:00,17072.286948576002,0,50
2021-12-06,17065.55,17075.75,17065.55,17072.1,13:25:00,17071.645334425906,0,51
2021-12-06,17054.65,17075.75,17053.35,17067.0,13:30:00,17070.02673114725,0,52
2021-12-06,17041.55,17055.45,17037.35,17055.15,13:35:00,17067.314661514178,0,53
2021-12-06,17049.8,17064.1,17041.15,17041.35,13:40:00,17065.646598512827,0,54
2021-12-06,17047.55,17054.9,17044.35,17048.15,13:45:00,17063.923112940178,0,55
2021-12-06,17047.15,17057.15,17030.95,17047.9,13:50:00,17062.325673612544,0,56
2021-12-06,17037.95,17048.6,17035.5,17048.3,13:55:00,17060.00418088754,0,57
2021-12-06,17033.15,17045.7,17032.9,17040.1,14:00:00,17057.44663985063,0,58
2021-12-06,17011.4,17032.9,17009.7,17032.9,14:05:00,17053.06124557914,0,59
2021-12-06,16996.2,17021.85,16995.85,17009.15,14:10:00,17047.645888857318,0,60
2021-12-06,16994.3,17010.2,16985.1,16996.35,14:15:00,17042.565328013763,0,61
2021-12-06,17001.25,17002.4,16990.3,16993.05,14:20:00,17038.630534869597,0,62
2021-12-06,16977.15,17002.75,16975.0,17002.75,14:25:00,17032.775245834397,0,63
2021-12-06,16984.95,16988.65,16971.65,16978.2,14:30:00,17028.220460516834,0,64
2021-12-06,16965.0,16984.4,16958.25,16984.4,14:35:00,17022.199464277135,0,65
2021-12-06,16953.45,16968.25,16936.5,16967.05,14:40:00,17015.65189625074,0,66
2021-12-06,16952.75,16963.5,16944.4,16954.05,14:45:00,17009.661239464956,0,67
2021-12-06,16972.4,16976.75,16951.6,16953.25,14:50:00,17006.112549992104,0,68
2021-12-06,16961.4,16973.05,16957.75,16972.55,14:55:00,17001.85421189762,0,69
2021-12-06,16930.8,16964.15,16908.4,16961.9,15:00:00,16995.087144097844,0,70
2021-12-06,16919.35,16938.75,16919.0,16932.75,15:05:00,16987.874082755192,0,71
2021-12-06,16908.6,16920.95,16907.85,16920.25,15:10:00,16980.32417011184,0,72
2021-12-06,16896.05,16918.65,16894.85,16909.85,15:15:00,16972.298058672615,0,73
2021-12-06,16908.0,16912.35,16891.7,16897.1,15:20:00,16966.17443403713,0,74
2021-12-06,16913.85,16913.85,16897.4,16908.4,15:25:00,16961.19115460502,0,75
2021-12-07,17042.5,17058.9,17011.7,17047.7,09:15:00,16968.934854166448,1,1
2021-12-07,17007.45,17052.6,17007.05,17042.1,09:20:00,16972.60296329345,1,2
2021-12-07,17004.4,17019.05,16987.75,17005.85,09:25:00,16975.631252503597,1,3
2021-12-07,17022.35,17034.15,17005.95,17005.95,09:30:00,16980.080657027065,1,4
2021-12-07,17040.75,17040.8,17019.35,17022.95,09:35:00,16985.858689691155,1,5
2021-12-07,17074.15,17078.65,17041.95,17042.45,09:40:00,16994.267385911044,1,6
2021-12-07,17068.5,17083.15,17066.45,17073.7,09:45:00,17001.33715868142,1,7
2021-12-07,17084.7,17084.8,17065.2,17068.6,09:50:00,17009.276476902236,1,8
2021-12-07,17088.7,17092.5,17079.15,17085.45,09:55:00,17016.840621959163,1,9
2021-12-07,17089.95,17101.75,17088.35,17088.35,10:00:00,17023.803419867814,1,10
2021-12-07,17076.9,17099.9,17076.75,17089.8,10:05:00,17028.860237023262,1,11
2021-12-07,17091.5,17093.05,17074.3,17076.05,10:10:00,17034.825928735332,1,12
2021-12-07,17095.0,17105.2,17092.0,17092.0,10:15:00,17040.5567926653,1,13
2021-12-07,17086.55,17103.75,17084.1,17095.85,10:20:00,17044.937098125745,1,14
2021-12-07,17095.95,17097.65,17087.15,17087.15,10:25:00,17049.795469732817,1,15
2021-12-07,17106.15,17112.9,17096.3,17096.75,10:30:00,17055.162567853502,1,16
2021-12-07,17124.95,17127.85,17104.55,17105.2,10:35:00,17061.808989962694,1,17
2021-12-07,17134.1,17137.3,17125.75,17125.8,10:40:00,17068.693848061484,1,18
2021-12-07,17145.05,17149.5,17132.05,17134.65,10:45:00,17075.96586253182,1,19
2021-12-07,17155.8,17161.6,17142.4,17145.1,10:50:00,17083.569113719263,1,20
2021-12-07,17146.85,17156.35,17142.15,17156.35,10:55:00,17089.59586479362,1,21
2021-12-07,17133.25,17147.65,17127.8,17147.65,11:00:00,17093.753401479942,1,22
2021-12-07,17145.2,17147.65,17132.7,17132.7,11:05:00,17098.653077529474,1,23
2021-12-07,17167.95,17169.75,17144.7,17145.7,11:10:00,17105.252784431428,1,24
2021-12-07,17169.05,17171.65,17158.85,17167.5,11:15:00,17111.328709723675,1,25
2021-12-07,17174.05,17175.05,17164.6,17170.05,11:20:00,17117.302165940466,1,26
2021-12-07,17172.55,17174.7,17163.4,17173.55,11:25:00,17122.563864422325,1,27
2021-12-07,17171.85,17174.15,17168.75,17173.9,11:30:00,17127.25778209639,1,28
2021-12-07,17162.05,17172.6,17154.45,17172.6,11:35:00,17130.571326658635,1,29
2021-12-07,17165.55,17172.1,17161.95,17162.2,11:40:00,17133.902628881624,1,30
2021-12-07,17169.2,17171.65,17165.45,17166.5,11:45:00,17137.26428327385,1,31
2021-12-07,17161.35,17171.0,17159.2,17171.0,11:50:00,17139.55816105729,1,32
2021-12-07,17171.15,17171.45,17155.5,17161.45,11:55:00,17142.566907623263,1,33
2021-12-07,17182.05,17187.0,17171.3,17171.7,12:00:00,17146.327202135333,1,34
2021-12-07,17191.95,17194.35,17176.85,17182.25,12:05:00,17150.672230503398,1,35
2021-12-07,17195.45,17196.45,17187.55,17192.05,12:10:00,17154.936779979267,1,36
2021-12-07,17191.2,17198.8,17186.65,17195.0,12:15:00,17158.390419981242,1,37
2021-12-07,17204.7,17210.65,17192.5,17193.25,12:20:00,17162.800856173504,1,38
2021-12-07,17187.05,17204.9,17181.3,17204.9,12:25:00,17165.110298442694,1,39
2021-12-07,17188.75,17190.9,17177.0,17189.0,12:30:00,17167.36169859101,1,40
2021-12-07,17195.0,17197.0,17188.6,17189.55,12:35:00,17169.993917772816,1,41
2021-12-07,17184.9,17197.1,17179.15,17195.25,12:40:00,17171.413544651594,1,42
2021-12-07,17172.55,17189.35,17168.2,17185.85,12:45:00,17171.521778494298,1,43
2021-12-07,17153.15,17172.4,17144.65,17172.4,12:50:00,17169.772085304365,1,44
2021-12-07,17159.4,17162.8,17142.0,17152.8,12:55:00,17168.78426765633,1,45
2021-12-07,17165.0,17170.9,17151.05,17159.95,13:00:00,17168.42386121287,1,46
2021-12-07,17164.4,17168.15,17154.4,17164.75,13:05:00,17168.040636335452,1,47
2021-12-07,17187.9,17189.45,17164.65,17164.65,13:10:00,17169.932004303504,1,48
2021-12-07,17197.75,17201.0,17186.15,17188.2,13:15:00,17172.58133722698,1,49
2021-12-07,17189.65,17198.7,17186.85,17198.25,13:20:00,17174.206924157745,1,50
2021-12-07,17194.5,17197.05,17179.9,17190.3,13:25:00,17176.139598047484,1,51
2021-12-07,17201.9,17202.15,17189.5,17195.25,13:30:00,17178.59296966201,1,52
2021-12-07,17221.2,17222.6,17198.3,17200.4,13:35:00,17182.650782075154,1,53
2021-12-07,17227.55,17228.95,17215.95,17220.6,13:40:00,17186.926898067995,1,54
2021-12-07,17228.4,17231.0,17216.6,17228.45,13:45:00,17190.876717299616,1,55
2021-12-07,17232.95,17236.35,17229.25,17229.95,13:50:00,17194.883696604415,1,56
2021-12-07,17241.0,17243.45,17230.25,17232.15,13:55:00,17199.275725499232,1,57
2021-12-07,17228.3,17241.95,17226.4,17241.95,14:00:00,17202.039942118354,1,58
2021-12-07,17228.2,17232.65,17217.4,17228.6,14:05:00,17204.53137620232,1,59
2021-12-07,17231.45,17232.1,17222.0,17228.5,14:10:00,17207.095054659243,1,60
2021-12-07,17248.9,17250.05,17229.95,17232.35,14:15:00,17211.076478025032,1,61
2021-12-07,17240.35,17251.45,17240.1,17249.2,14:20:00,17213.864432498838,1,62
2021-12-07,17242.5,17245.25,17236.95,17240.75,14:25:00,17216.591629403712,1,63
2021-12-07,17237.35,17251.65,17230.45,17243.85,14:30:00,17218.56861707955,1,64
2021-12-07,17233.4,17244.25,17230.1,17237.55,14:35:00,17219.98112973864,1,65
2021-12-07,17230.75,17241.0,17225.4,17233.25,14:40:00,17221.006736430198,1,66
2021-12-07,17223.0,17230.2,17217.7,17230.2,14:45:00,17221.196571055894,1,67
2021-12-07,17231.2,17236.8,17218.15,17223.9,14:50:00,17222.14927857438,1,68
2021-12-07,17212.15,17232.65,17208.75,17231.45,14:55:00,17221.1969663292,1,69
2021-12-07,17175.95,17213.05,17168.3,17212.45,15:00:00,17216.887731440704,1,70
2021-12-07,17158.45,17180.85,17158.45,17176.75,15:05:00,17211.322233208255,1,71
2021-12-07,17175.55,17188.15,17158.05,17158.4,15:10:00,17207.91535385509,1,72
2021-12-07,17181.55,17184.0,17171.0,17175.65,15:15:00,17205.40436777365,1,73
2021-12-07,17173.0,17187.25,17171.85,17181.3,15:20:00,17202.318237509495,1,74
2021-12-07,17179.2,17182.85,17170.0,17173.1,15:25:00,17200.116500603828,1,75
2021-12-08,17355.1,17377.15,17308.95,17319.3,09:15:00,17214.876833879654,2,1
2021-12-08,17388.3,17390.1,17353.45,17353.45,09:20:00,17231.393325891117,2,2
2021-12-08,17377.3,17389.15,17367.4,17389.15,09:25:00,17245.28919961577,2,3
2021-12-08,17371.6,17386.9,17366.65,17378.65,09:30:00,17257.318799652363,2,4
2021-12-08,17379.2,17387.7,17369.9,17370.65,09:35:00,17268.926533018806,2,5
2021-12-08,17402.6,17403.95,17375.15,17379.5,09:40:00,17281.657339397967,2,6
2021-12-08,17413.1,17424.65,17401.65,17402.25,09:45:00,17294.17568802673,2,7
2021-12-08,17401.4,17414.85,17400.65,17412.9,09:50:00,17304.387527262283,2,8
2021-12-08,17397.55,17405.8,17383.65,17401.0,09:55:00,17313.260143713494,2,9
2021-12-08,17394.65,17400.75,17384.5,17398.5,10:00:00,17321.011558597926,2,10
2021-12-08,17415.35,17415.35,17391.7,17394.05,10:05:00,17329.996172064788,2,11
2021-12-08,17405.8,17416.15,17403.95,17415.55,10:10:00,17337.215584249094,2,12
2021-12-08,17378.65,17414.95,17378.0,17406.1,10:15:00,17341.161719082513,2,13
2021-12-08,17395.65,17396.4,17353.25,17377.75,10:20:00,17346.351079169894,2,14
2021-12-08,17389.3,17395.05,17381.85,17395.05,10:25:00,17350.441452582283,2,15
2021-12-08,17400.2,17405.15,17380.1,17389.75,10:30:00,17355.180361860163,2,16
2021-12-08,17404.2,17414.15,17399.65,17399.65,10:35:00,17359.84889882586,2,17
2021-12-08,17396.9,17404.9,17386.15,17404.15,10:40:00,17363.37757512816,2,18
2021-12-08,17403.3,17406.55,17389.65,17396.75,10:45:00,17367.17971083024,2,19
2021-12-08,17398.25,17404.15,17395.35,17403.55,10:50:00,17370.138785989267,2,20
2021-12-08,17413.25,17414.0,17398.65,17399.0,10:55:00,17374.24461589505,2,21
2021-12-08,17422.65,17423.4,17412.2,17414.55,11:00:00,17378.854652476475,2,22
2021-12-08,17411.3,17423.5,17408.2,17422.3,11:05:00,17381.94468557395,2,23
2021-12-08,17409.5,17414.95,17407.6,17412.35,11:10:00,17384.569001233576,2,24
2021-12-08,17425.65,17428.75,17408.45,17409.25,11:15:00,17388.48147730657,2,25
2021-12-08,17428.0,17430.0,17420.1,17425.75,11:20:00,17392.245146134515,2,26
2021-12-08,17433.4,17433.7,17425.85,17427.95,11:25:00,17396.164656026467,2,27
2021-12-08,17426.1,17436.3,17423.8,17434.5,11:30:00,17399.015641166803,2,28
2021-12-08,17424.3,17427.8,17418.9,17426.0,11:35:00,17401.423675341393,2,29
2021-12-08,17399.7,17427.6,17394.25,17424.5,11:40:00,17401.25951578507,2,30
2021-12-08,17414.05,17414.7,17400.9,17401.65,11:45:00,17402.477657138872,2,31
2021-12-08,17410.9,17418.8,17405.05,17414.7,11:50:00,17403.27978503041,2,32
2021-12-08,17423.1,17425.7,17410.1,17410.85,11:55:00,17405.16742455132,2,33
2021-12-08,17419.05,17427.7,17418.9,17422.6,12:00:00,17406.489574594052,2,34
2021-12-08,17418.15,17420.3,17413.15,17419.2,12:05:00,17407.60009129938,2,35
2021-12-08,17423.05,17426.05,17417.15,17418.25,12:10:00,17409.07151117563,2,36
2021-12-08,17420.65,17423.7,17418.05,17423.35,12:15:00,17410.174224396997,2,37
2021-12-08,17420.75,17423.15,17407.2,17421.35,12:20:00,17411.18144112109,2,38
2021-12-08,17419.4,17421.95,17415.15,17421.05,12:25:00,17411.964161014323,2,39
2021-12-08,17429.9,17429.9,17419.15,17419.45,12:30:00,17413.672336155818,2,40
2021-12-08,17421.75,17430.9,17420.65,17430.2,12:35:00,17414.441637474312,2,41
2021-12-08,17417.4,17424.55,17415.25,17421.85,12:40:00,17414.72338628628,2,42
2021-12-08,17406.5,17419.2,17397.65,17417.65,12:45:00,17413.94020663997,2,43
2021-12-08,17413.4,17414.95,17404.75,17405.75,12:50:00,17413.888758388544,2,44
2021-12-08,17420.0,17421.6,17408.95,17412.9,12:55:00,17414.47078139916,2,45
2021-12-08,17424.85,17426.65,17420.05,17420.8,13:00:00,17415.459278408765,2,46
2021-12-08,17433.9,17434.95,17421.55,17423.8,13:05:00,17417.21553760793,2,47
2021-12-08,17433.0,17435.8,17429.05,17434.05,13:10:00,17418.71881974051,2,48
2021-12-08,17442.65,17445.3,17429.55,17433.15,13:15:00,17420.997979765223,2,49
2021-12-08,17451.35,17453.45,17438.65,17443.1,13:20:00,17423.88864835901,2,50
2021-12-08,17450.9,17455.0,17444.7,17451.05,13:25:00,17426.461158039107,2,51
2021-12-08,17445.0,17455.75,17442.35,17451.35,13:30:00,17428.22676203538,2,52
2021-12-08,17453.4,17459.55,17441.25,17446.25,13:35:00,17430.624213270108,2,53
2021-12-08,17460.9,17465.25,17453.65,17453.95,13:40:00,17433.507621530098,2,54
2021-12-08,17455.45,17463.65,17455.45,17461.6,13:45:00,17435.597371860564,2,55
2021-12-08,17452.9,17457.75,17446.1,17454.55,13:50:00,17437.245241207176,2,56
2021-12-08,17466.25,17467.9,17452.75,17453.2,13:55:00,17440.007599187444,2,57
2021-12-08,17457.6,17470.35,17455.4,17465.65,14:00:00,17441.683065931495,2,58
2021-12-08,17445.45,17458.6,17441.75,17457.2,14:05:00,17442.041821557064,2,59
2021-12-08,17453.9,17454.25,17441.4,17445.85,14:10:00,17443.171171884962,2,60
2021-12-08,17444.6,17456.2,17444.05,17453.6,14:15:00,17443.30725075306,2,61
2021-12-08,17446.5,17448.9,17440.55,17443.7,14:20:00,17443.61132210991,2,62
2021-12-08,17440.45,17448.1,17431.25,17446.7,14:25:00,17443.31024381373,2,63
2021-12-08,17447.1,17449.1,17434.3,17440.65,14:30:00,17443.671172974326,2,64
2021-12-08,17465.7,17468.65,17445.75,17447.3,14:35:00,17445.76915650058,2,65
2021-12-08,17457.95,17469.6,17456.7,17466.0,14:40:00,17446.929236833857,2,66
2021-12-08,17455.35,17460.15,17448.75,17456.4,14:45:00,17447.731214278254,2,67
2021-12-08,17459.05,17462.95,17454.45,17455.55,14:50:00,17448.809193870802,2,68
2021-12-08,17455.6,17462.9,17452.1,17459.55,14:55:00,17449.45593731168,2,69
2021-12-08,17466.35,17484.6,17454.2,17456.85,15:00:00,17451.06489566295,2,70
2021-12-08,17472.15,17472.95,17465.3,17468.1,15:05:00,17453.073000837907,2,71
2021-12-08,17472.45,17477.95,17471.15,17472.9,15:10:00,17454.918429329537,2,72
2021-12-08,17467.3,17473.9,17463.35,17473.9,15:15:00,17456.097626536248,2,73
2021-12-08,17468.8,17474.05,17463.2,17466.25,15:20:00,17457.307376389937,2,74
2021-12-08,17469.15,17474.3,17459.05,17469.7,15:25:00,17458.43524530518,2,75
2021-12-09,17505.7,17543.25,17504.9,17534.65,09:15:00,17462.93665051421,3,1
2021-12-09,17460.05,17505.3,17459.35,17504.7,09:20:00,17462.66173141762,3,2
2021-12-09,17430.15,17460.7,17427.15,17460.7,09:25:00,17459.565376044513,3,3
2021-12-09,17446.6,17458.9,17423.2,17429.6,09:30:00,17458.33057832599,3,4
2021-12-09,17482.65,17491.5,17447.05,17447.05,09:35:00,17460.646713723516,3,5
2021-12-09,17472.4,17485.8,17449.65,17483.9,09:40:00,17461.766074321276,3,6
2021-12-09,17449.05,17472.5,17447.6,17472.5,09:45:00,17460.55501962401,3,7
2021-12-09,17454.6,17468.85,17448.85,17448.85,09:50:00,17459.987874897914,3,8
2021-12-09,17434.95,17453.7,17433.75,17453.2,09:55:00,17457.603315383825,3,9
2021-12-09,17437.0,17446.75,17423.85,17434.4,10:00:00,17455.64109487108,3,10
2021-12-09,17436.15,17447.8,17429.05,17436.9,10:05:00,17453.78480012145,3,11
2021-12-09,17411.85,17436.5,17408.7,17436.3,10:10:00,17449.791009633693,3,12
2021-12-09,17394.2,17413.6,17391.9,17412.45,10:15:00,17444.496627763816,3,13
2021-12-09,17406.15,17418.5,17386.35,17393.95,10:20:00,17440.844567976786,3,14
2021-12-09,17384.2,17407.35,17382.65,17406.65,10:25:00,17435.449847217093,3,15
2021-12-09,17396.8,17396.8,17379.6,17387.2,10:30:00,17431.768909386894,3,16
2021-12-09,17397.9,17402.25,17389.05,17396.55,10:35:00,17428.543298969096,3,17
2021-12-09,17423.35,17423.35,17397.5,17397.5,10:40:00,17428.048699067276,3,18
2021-12-09,17429.2,17431.5,17409.8,17423.9,10:45:00,17428.158346775155,3,19
2021-12-09,17439.4,17443.15,17423.45,17429.7,10:50:00,17429.228980415617,3,20
2021-12-09,17435.9,17440.55,17430.75,17440.55,10:55:00,17429.86431561413,3,21
2021-12-09,17446.7,17447.15,17423.9,17437.2,11:00:00,17431.46771412707,3,22
2021-12-09,17439.55,17448.15,17435.6,17447.1,11:05:00,17432.237455638777,3,23
2021-12-09,17429.6,17444.95,17429.4,17440.25,11:10:00,17431.986269387464,3,24
2021-12-09,17419.55,17429.35,17409.6,17429.35,11:15:00,17430.80186277913,3,25
2021-12-09,17425.15,17425.15,17414.95,17420.15,11:20:00,17430.2635901335,3,26
2021-12-09,17433.2,17438.75,17425.6,17425.6,11:25:00,17430.543248216025,3,27
2021-12-09,17442.5,17444.5,17431.0,17433.3,11:30:00,17431.681986481166,3,28
2021-12-09,17430.25,17446.75,17429.75,17443.2,11:35:00,17431.545606816293,3,29
2021-12-09,17427.4,17431.85,17419.2,17430.2,11:40:00,17431.150787119503,3,30
2021-12-09,17427.7,17435.1,17426.2,17428.3,11:45:00,17430.82214072717,3,31
2021-12-09,17426.65,17431.4,17418.8,17428.4,11:50:00,17430.42479399125,3,32
2021-12-09,17440.25,17440.6,17423.05,17427.15,11:55:00,17431.360527896843,3,33
2021-12-09,17456.2,17461.1,17440.5,17440.5,12:00:00,17433.726191906666,3,34
2021-12-09,17469.15,17471.25,17450.85,17457.2,12:05:00,17437.099887915556,3,35
2021-12-09,17472.05,17472.8,17462.75,17469.1,12:10:00,17440.428470018836,3,36
2021-12-09,17486.9,17490.9,17472.45,17473.45,12:15:00,17444.854330017042,3,37
2021-12-09,17470.55,17489.85,17467.65,17487.15,12:20:00,17447.301536682084,3,38
2021-12-09,17475.75,17478.05,17469.45,17471.6,12:25:00,17450.010914140934,3,39
2021-12-09,17492.7,17498.15,17476.0,17476.7,12:30:00,17454.076541365608,3,40
2021-12-09,17505.35,17511.0,17492.65,17493.45,12:35:00,17458.959727902216,3,41
2021-12-09,17496.45,17507.3,17494.3,17506.15,12:40:00,17462.530230006767,3,42
2021-12-09,17510.5,17513.6,17497.75,17497.75,12:45:00,17467.098779529933,3,43
2021-12-09,17510.8,17512.6,17505.05,17511.5,12:50:00,17471.26080052708,3,44
2021-12-09,17517.9,17518.35,17506.85,17511.25,12:55:00,17475.70262904831,3,45
2021-12-09,17520.5,17526.75,17517.85,17518.55,13:00:00,17479.969045329424,3,46
2021-12-09,17514.85,17522.5,17511.55,17521.4,13:05:00,17483.291041012337,3,47
2021-12-09,17530.9,17537.0,17516.3,17516.3,13:10:00,17487.82522758259,3,48
2021-12-09,17524.55,17535.45,17521.5,17531.85,13:15:00,17491.322824955678,3,49
2021-12-09,17502.7,17526.1,17502.7,17525.45,13:20:00,17492.40636543609,3,50
2021-12-09,17519.7,17520.8,17493.55,17502.35,13:25:00,17495.005759204083,3,51
2021-12-09,17504.6,17521.6,17504.25,17519.8,13:30:00,17495.919496422743,3,52
2021-12-09,17484.65,17505.65,17484.0,17505.65,13:35:00,17494.84621104915,3,53
2021-12-09,17479.45,17484.45,17471.2,17484.45,13:40:00,17493.379905234946,3,54
2021-12-09,17495.05,17499.1,17473.35,17480.35,13:45:00,17493.538961879236,3,55
2021-12-09,17495.9,17497.7,17480.15,17495.55,13:50:00,17493.763822652643,3,56
2021-12-09,17503.95,17508.55,17494.15,17496.3,13:55:00,17494.733934780965,3,57
2021-12-09,17504.6,17506.35,17491.45,17504.85,14:00:00,17495.67356003992,3,58
2021-12-09,17495.35,17504.9,17494.0,17504.9,14:05:00,17495.64274479802,3,59
2021-12-09,17484.1,17495.35,17470.7,17495.05,14:10:00,17494.54343576964,3,60
2021-12-09,17473.55,17487.35,17472.95,17484.3,14:15:00,17492.544060934437,3,61
2021-12-09,17460.6,17485.15,17456.75,17473.9,14:20:00,17489.50176941687,3,62
2021-12-09,17462.25,17465.9,17445.6,17460.0,14:25:00,17486.90636280574,3,63
2021-12-09,17477.85,17482.3,17457.5,17463.55,14:30:00,17486.043852062336,3,64
2021-12-09,17475.15,17490.35,17474.95,17477.75,14:35:00,17485.006342342112,3,65
2021-12-09,17466.0,17475.1,17465.8,17474.65,14:40:00,17483.196214500007,3,66
2021-12-09,17460.4,17469.0,17458.65,17466.2,14:45:00,17481.025146452386,3,67
2021-12-09,17482.5,17483.35,17460.05,17460.5,14:50:00,17481.165608695017,3,68
2021-12-09,17490.9,17493.8,17481.4,17481.65,14:55:00,17482.092693581206,3,69
2021-12-09,17522.9,17525.15,17492.25,17492.8,15:00:00,17485.97910371633,3,70
2021-12-09,17517.2,17527.25,17516.45,17523.85,15:05:00,17488.952522410014,3,71
2021-12-09,17517.0,17518.75,17511.15,17517.15,15:10:00,17491.62371075192,3,72
2021-12-09,17519.75,17520.5,17514.75,17517.15,15:15:00,17494.302404966023,3,73
2021-12-09,17516.8,17523.75,17512.35,17520.05,15:20:00,17496.445033064498,3,74
2021-12-09,17505.65,17516.9,17500.9,17516.9,15:25:00,17497.321696582163,3,75
2021-12-10,17484.0,17496.85,17434.8,17496.85,09:15:00,17496.052963574337,4,1
2021-12-10,17522.8,17534.35,17463.0,17483.4,09:20:00,17498.60030037678,4,2
2021-12-10,17523.45,17526.3,17498.05,17524.05,09:25:00,17500.966938436133,4,3
2021-12-10,17498.45,17530.1,17493.4,17524.45,09:30:00,17500.727230013646,4,4
2021-12-10,17484.15,17499.4,17473.95,17499.4,09:35:00,17499.148446202824,4,5
2021-12-10,17476.05,17485.0,17466.25,17485.0,09:40:00,17496.94859418351,4,6
2021-12-10,17477.05,17480.95,17458.2,17474.75,09:45:00,17495.053489975555,4,7
2021-12-10,17490.05,17496.9,17473.0,17476.8,09:50:00,17494.576967120738,4,8
2021-12-10,17478.9,17497.15,17476.95,17490.6,09:55:00,17493.08392263305,4,9
2021-12-10,17464.25,17478.35,17457.55,17478.35,10:00:00,17490.337834763235,4,10
2021-12-10,17449.8,17463.8,17447.35,17463.6,10:05:00,17486.477088595308,4,11
2021-12-10,17442.95,17450.0,17436.9,17450.0,10:10:00,17482.33165158623,4,12
2021-12-10,17464.8,17464.8,17433.45,17442.6,10:15:00,17480.661970482783,4,13
2021-12-10,17462.35,17468.0,17454.5,17465.0,10:20:00,17478.917973293945,4,14
2021-12-10,17452.3,17468.25,17451.75,17462.0,10:25:00,17476.38292821833,4,15
2021-12-10,17475.1,17475.15,17450.75,17452.9,10:30:00,17476.26074457849,4,16
2021-12-10,17479.6,17483.9,17472.0,17474.9,10:35:00,17476.578768904346,4,17
2021-12-10,17475.1,17479.85,17469.05,17479.8,10:40:00,17476.437933770598,4,18
2021-12-10,17465.3,17479.2,17462.55,17474.85,10:45:00,17475.377178173396,4,19
2021-12-10,17482.4,17485.15,17464.8,17465.55,10:50:00,17476.04601834736,4,20
2021-12-10,17478.5,17486.5,17476.4,17482.1,10:55:00,17476.279730885704,4,21
2021-12-10,17471.8,17481.55,17466.2,17478.35,11:00:00,17475.85308984897,4,22
2021-12-10,17457.85,17473.15,17457.7,17471.9,11:05:00,17474.138509863355,4,23
2021-12-10,17461.1,17464.05,17457.45,17458.25,11:10:00,17472.896747019226,4,24
2021-12-10,17467.2,17471.3,17459.65,17462.0,11:15:00,17472.35419968406,4,25
2021-12-10,17456.4,17470.35,17453.15,17468.15,11:20:00,17470.834752095103,4,26
2021-12-10,17456.9,17465.4,17452.1,17457.4,11:25:00,17469.50763284795,4,27
2021-12-10,17455.85,17471.5,17451.2,17458.05,11:30:00,17468.20690591005,4,28
2021-12-10,17462.6,17463.55,17450.6,17456.45,11:35:00,17467.672914870996,4,29
2021-12-10,17459.25,17466.8,17459.0,17463.2,11:40:00,17466.87073250233,4,30
2021-12-10,17471.0,17473.6,17457.7,17459.8,11:45:00,17467.26399607354,4,31
2021-12-10,17476.45,17477.75,17467.1,17471.55,11:50:00,17468.138853590346,4,32
2021-12-10,17467.4,17477.25,17466.4,17477.25,11:55:00,17468.068486581742,4,33
2021-12-10,17455.25,17468.25,17454.85,17468.25,12:00:00,17466.847678335864,4,34
2021-12-10,17448.15,17456.65,17445.45,17454.95,12:05:00,17465.06694706578,4,35
2021-12-10,17443.1,17450.15,17438.25,17448.65,12:10:00,17462.97485686904,4,36
2021-12-10,17429.65,17451.4,17426.25,17444.4,12:15:00,17459.80106097675,4,37
2021-12-10,17428.35,17435.1,17427.85,17430.2,12:20:00,17456.80572183611,4,38
2021-12-10,17433.05,17441.15,17428.35,17430.25,12:25:00,17454.543272137435,4,39
2021-12-10,17438.3,17439.75,17428.05,17434.35,12:30:00,17452.99629383863,4,40
2021-12-10,17414.25,17441.85,17413.45,17440.15,12:35:00,17449.306170615906,4,41
2021-12-10,17415.25,17419.85,17411.0,17414.5,12:40:00,17446.062725795342,4,42
2021-12-10,17411.15,17415.55,17405.25,17415.55,12:45:00,17442.737704291023,4,43
2021-12-10,17414.65,17422.4,17411.1,17412.05,12:50:00,17440.062684834735,4,44
2021-12-10,17429.45,17431.4,17415.95,17416.4,12:55:00,17439.051952945712,4,45
2021-12-10,17425.05,17431.3,17422.65,17430.55,13:00:00,17437.71843361755,4,46
2021-12-10,17412.75,17426.55,17411.5,17425.8,13:05:00,17435.340487558733,4,47
2021-12-10,17420.6,17423.0,17413.15,17413.9,13:10:00,17433.936631600758,4,48
2021-12-10,17416.55,17428.15,17415.4,17420.8,13:15:00,17432.280761924496,4,49
2021-12-10,17410.75,17418.1,17406.85,17418.1,13:20:00,17430.230213169783,4,50
2021-12-10,17413.8,17418.25,17408.9,17412.0,13:25:00,17428.665430963138,4,51
2021-12-10,17437.45,17445.25,17410.55,17414.45,13:30:00,17429.502056585694,4,52
2021-12-10,17443.9,17447.6,17435.35,17439.05,13:35:00,17430.87328929182,4,53
2021-12-10,17440.4,17448.25,17439.1,17444.7,13:40:00,17431.78059507355,4,54
2021-12-10,17433.05,17441.5,17428.6,17441.5,13:45:00,17431.90149078083,4,55
2021-12-10,17443.5,17448.15,17432.6,17433.45,13:50:00,17433.006110706465,4,56
2021-12-10,17449.1,17453.45,17443.0,17444.4,13:55:00,17434.538862067755,4,57
2021-12-10,17453.15,17456.55,17441.85,17450.15,14:00:00,17436.311351394634,4,58
2021-12-10,17462.0,17473.5,17454.15,17454.75,14:05:00,17438.75788935705,4,59
2021-12-10,17462.15,17466.7,17453.0,17462.7,14:10:00,17440.985709418284,4,60
2021-12-10,17454.7,17462.2,17453.3,17462.0,14:15:00,17442.29183233083,4,61
2021-12-10,17453.5,17456.85,17442.0,17455.95,14:20:00,17443.35927687075,4,62
2021-12-10,17476.25,17476.55,17452.2,17453.3,14:25:00,17446.491726692584,4,63
2021-12-10,17481.25,17481.25,17464.9,17476.4,14:30:00,17449.802038436148,4,64
2021-12-10,17483.95,17488.65,17478.65,17481.45,14:35:00,17453.054225251755,4,65
2021-12-10,17488.95,17494.0,17482.9,17484.65,14:40:00,17456.472870465874,4,66
2021-12-10,17497.35,17500.25,17489.15,17489.15,14:45:00,17460.365930421503,4,67
2021-12-10,17488.3,17500.95,17482.8,17498.45,14:50:00,17463.026318000408,4,68
2021-12-10,17483.45,17490.9,17480.85,17488.0,14:55:00,17464.971430571797,4,69
2021-12-10,17512.45,17515.15,17486.95,17486.95,15:00:00,17469.493199088767,4,70
2021-12-10,17514.85,17514.85,17499.85,17512.7,15:05:00,17473.812894413648,4,71
2021-12-10,17522.35,17523.25,17510.4,17514.9,15:10:00,17478.435475898063,4,72
2021-12-10,17520.05,17530.45,17518.1,17522.9,15:15:00,17482.39876390777,4,73
2021-12-10,17499.0,17525.3,17499.0,17520.0,15:20:00,17483.979834011792,4,74
2021-12-10,17497.35,17501.6,17493.3,17499.35,15:25:00,17485.253183153527,4,75
2021-12-13,17627.9,17633.65,17600.75,17621.65,09:15:00,17498.838594281762,0,1
2021-12-13,17617.15,17639.5,17609.3,17628.85,09:20:00,17510.106347207307,0,2
2021-12-13,17633.7,17635.25,17601.7,17616.5,09:25:00,17521.877171282802,0,3
2021-12-13,17621.9,17635.1,17617.7,17633.9,09:30:00,17531.403154970154,0,4
2021-12-13,17626.65,17627.45,17612.65,17622.0,09:35:00,17540.474283068233,0,5
2021-12-13,17625.95,17631.0,17616.4,17626.15,09:40:00,17548.614827537927,0,6
2021-12-13,17616.35,17628.45,17607.1,17626.3,09:45:00,17555.06579634384,0,7
2021-12-13,17633.95,17637.75,17611.65,17615.85,09:50:00,17562.578577644425,0,8
2021-12-13,17632.7,17639.25,17627.7,17633.9,09:55:00,17569.256808344955,0,9
2021-12-13,17626.65,17634.6,17623.4,17633.65,10:00:00,17574.722826597816,0,10
2021-12-13,17627.15,17633.3,17624.0,17627.45,10:05:00,17579.715890731357,0,11
2021-12-13,17615.5,17631.55,17611.15,17627.55,10:10:00,17583.123901137893,0,12
2021-12-13,17581.9,17617.5,17578.65,17615.6,10:15:00,17583.00733912476,0,13
2021-12-13,17579.8,17590.65,17572.25,17580.85,10:20:00,17582.701878255735,0,14
2021-12-13,17609.6,17609.6,17573.25,17579.7,10:25:00,17585.26360413614,0,15
2021-12-13,17614.85,17619.95,17602.7,17609.45,10:30:00,17588.081356123173,0,16
2021-12-13,17605.35,17616.75,17600.9,17615.5,10:35:00,17589.725988873346,0,17
2021-12-13,17600.65,17609.1,17593.25,17605.15,10:40:00,17590.76637088541,0,18
2021-12-13,17592.3,17600.35,17586.5,17600.35,10:45:00,17590.912430801083,0,19
2021-12-13,17596.8,17599.15,17587.95,17591.55,10:50:00,17591.47315167717,0,20
2021-12-13,17587.9,17600.75,17586.45,17596.85,10:55:00,17591.132851517443,0,21
2021-12-13,17584.95,17591.0,17582.25,17587.0,11:00:00,17590.544008515782,0,22
2021-12-13,17582.05,17591.7,17581.55,17584.1,11:05:00,17589.735055323803,0,23
2021-12-13,17567.4,17589.05,17566.95,17581.25,11:10:00,17587.607907197726,0,24
2021-12-13,17554.85,17569.35,17553.35,17568.25,11:15:00,17584.488106512228,0,25
2021-12-13,17573.15,17574.25,17552.6,17554.3,11:20:00,17583.4082868444,0,26
2021-12-13,17575.2,17576.4,17567.35,17573.65,11:25:00,17582.62654524017,0,27
2021-12-13,17558.75,17574.9,17557.55,17574.9,11:30:00,17580.35258855063,0,28
2021-12-13,17552.4,17561.4,17547.4,17559.8,11:35:00,17577.690437260095,0,29
2021-12-13,17562.35,17562.35,17546.0,17552.2,11:40:00,17576.229443235323,0,30
2021-12-13,17552.95,17563.55,17551.8,17562.3,11:45:00,17574.01235340339,0,31
2021-12-13,17544.7,17555.9,17537.1,17552.4,11:50:00,17571.220700698304,0,32
2021-12-13,17537.6,17548.3,17535.45,17546.0,11:55:00,17568.018729203228,0,33
2021-12-13,17538.2,17544.1,17533.3,17537.4,12:00:00,17565.178850231492,0,34
2021-12-13,17554.85,17554.85,17537.2,17538.55,12:05:00,17564.195150209445,0,35
2021-12-13,17550.6,17555.0,17543.3,17554.35,12:10:00,17562.900373999022,0,36
2021-12-13,17541.35,17552.8,17541.35,17548.8,12:15:00,17560.847957427686,0,37
2021-12-13,17481.7,17540.7,17470.85,17539.45,12:20:00,17553.31005672029,0,38
2021-12-13,17454.55,17491.15,17454.05,17480.55,12:25:00,17543.904337032644,0,39
2021-12-13,17449.95,17466.2,17442.35,17455.15,12:30:00,17534.956304934298,0,40
2021-12-13,17452.9,17473.1,17446.0,17449.7,12:35:00,17527.141418750078,0,41
2021-12-13,17457.2,17461.5,17445.8,17452.65,12:40:00,17520.48033125007,0,42
2021-12-13,17421.35,17458.35,17418.5,17457.8,12:45:00,17511.039347321494,0,43
2021-12-13,17419.55,17422.85,17402.9,17422.85,12:50:00,17502.32607614802,0,44
2021-12-13,17390.6,17427.8,17385.65,17419.45,12:55:00,17491.685497467253,0,45
2021-12-13,17379.3,17398.75,17371.1,17389.9,13:00:00,17480.982116756088,0,46
2021-12-13,17401.15,17401.55,17378.1,17379.9,13:05:00,17473.37905801741,0,47
2021-12-13,17393.65,17416.75,17392.75,17401.2,13:10:00,17465.785814396706,0,48
2021-12-13,17413.1,17421.8,17383.55,17390.6,13:15:00,17460.7681177875,0,49
2021-12-13,17407.2,17431.15,17407.05,17413.2,13:20:00,17455.666392283925,0,50
2021-12-13,17412.6,17420.3,17402.85,17406.75,13:25:00,17451.56483111403,0,51
2021-12-13,17421.15,17422.25,17406.9,17412.7,13:30:00,17448.668180531742,0,52
2021-12-13,17420.85,17427.3,17404.0,17421.8,13:35:00,17446.01883000491,0,53
2021-12-13,17428.05,17448.9,17417.1,17421.95,13:40:00,17444.307512861586,0,54
2021-12-13,17421.2,17431.1,17412.55,17429.35,13:45:00,17442.10679735096,0,55
2021-12-13,17391.95,17420.55,17388.3,17420.55,13:50:00,17437.32995950801,0,56
2021-12-13,17368.6,17391.8,17359.0,17391.25,13:55:00,17430.784249078675,0,57
2021-12-13,17386.35,17386.95,17363.5,17369.15,14:00:00,17426.552415833088,0,58
2021-12-13,17377.85,17396.6,17374.75,17387.2,14:05:00,17421.914090515653,0,59
2021-12-13,17365.1,17381.2,17360.3,17380.9,14:10:00,17416.503224752258,0,60
2021-12-13,17384.6,17388.2,17357.9,17365.45,14:15:00,17413.4648223949,0,61
2021-12-13,17367.6,17387.1,17367.6,17384.5,14:20:00,17409.096744071576,0,62
2021-12-13,17379.25,17387.3,17366.65,17367.45,14:25:00,17406.25419701714,0,63
2021-12-13,17410.95,17412.35,17374.65,17380.9,14:30:00,17406.701416348842,0,64
2021-12-13,17394.6,17413.6,17393.95,17411.45,14:35:00,17405.548900506095,0,65
2021-12-13,17404.1,17408.05,17380.25,17395.0,14:40:00,17405.410909981707,0,66
2021-12-13,17413.15,17419.65,17398.7,17403.7,14:45:00,17406.147966173925,0,67
2021-12-13,17400.55,17421.8,17400.55,17413.2,14:50:00,17405.614826538313,0,68
2021-12-13,17383.0,17400.5,17383.0,17399.9,14:55:00,17403.461033534666,0,69
2021-12-13,17363.4,17387.65,17355.95,17385.05,15:00:00,17399.645697007556,0,70
2021-12-13,17365.75,17386.8,17362.25,17363.6,15:05:00,17396.417535387787,0,71
2021-12-13,17366.1,17373.45,17356.8,17365.8,15:10:00,17393.53015106514,0,72
2021-12-13,17364.25,17373.2,17358.65,17367.8,15:15:00,17390.741565249413,0,73
2021-12-13,17375.7,17377.25,17360.3,17365.15,15:20:00,17389.30903522566,0,74
2021-12-13,17385.5,17386.15,17373.85,17376.15,15:25:00,17388.946269966073,0,75
2021-12-14,17263.4,17300.55,17242.75,17300.55,09:15:00,17376.98948235026,1,1
2021-12-14,17262.75,17278.8,17257.8,17262.9,09:20:00,17366.109531650232,1,2
2021-12-14,17307.0,17313.55,17263.5,17263.5,09:25:00,17360.480052445448,1,3
2021-12-14,17333.65,17343.0,17309.7,17309.7,09:30:00,17357.924809355405,1,4
2021-12-14,17310.9,17336.75,17303.95,17333.8,09:35:00,17353.44625608346,1,5
2021-12-14,17310.95,17311.8,17291.9,17311.8,09:40:00,17349.398993599323,1,6
2021-12-14,17321.45,17330.35,17303.95,17311.45,09:45:00,17346.737184685102,1,7
2021-12-14,17325.05,17335.05,17321.05,17321.8,09:50:00,17344.671738524616,1,8
2021-12-14,17331.4,17341.5,17315.3,17325.1,09:55:00,17343.407763427032,1,9
2021-12-14,17310.45,17331.5,17307.1,17331.5,10:00:00,17340.268928814934,1,10
2021-12-14,17286.65,17311.15,17284.9,17311.15,10:05:00,17335.16236416589,1,11
2021-12-14,17279.2,17291.1,17267.85,17286.05,10:10:00,17329.832615197713,1,12
2021-12-14,17267.25,17280.95,17261.55,17280.95,10:15:00,17323.87236613126,1,13
2021-12-14,17259.0,17269.35,17253.25,17266.75,10:20:00,17317.69404554733,1,14
2021-12-14,17265.35,17275.15,17252.6,17258.7,10:25:00,17312.708898352346,1,15
2021-12-14,17246.25,17269.95,17246.25,17266.3,10:30:00,17306.379479461648,1,16
2021-12-14,17253.4,17262.45,17243.55,17246.35,10:35:00,17301.333814751015,1,17
2021-12-14,17251.3,17264.95,17249.3,17253.8,10:40:00,17296.56868953663,1,18
2021-12-14,17239.1,17250.7,17237.5,17250.5,10:45:00,17291.09548100933,1,19
2021-12-14,17228.9,17240.35,17227.85,17235.05,10:50:00,17285.172101865584,1,20
2021-12-14,17247.0,17249.2,17225.8,17228.45,10:55:00,17281.536663592673,1,21
2021-12-14,17245.0,17265.15,17239.4,17247.7,11:00:00,17278.05698134575,1,22
2021-12-14,17246.0,17252.15,17242.2,17244.8,11:05:00,17275.003935503297,1,23
2021-12-14,17268.95,17269.8,17245.2,17245.95,11:10:00,17274.42737021727,1,24
2021-12-14,17260.6,17272.2,17257.4,17269.95,11:15:00,17273.110477815622,1,25
2021-12-14,17268.6,17275.3,17258.95,17261.3,11:20:00,17272.68090849985,1,26
2021-12-14,17295.45,17295.75,17266.05,17269.0,11:25:00,17274.849393404627,1,27
2021-12-14,17287.05,17303.95,17285.4,17296.05,11:30:00,17276.01135593752,1,28
2021-12-14,17285.9,17292.0,17282.95,17287.3,11:35:00,17276.95313156252,1,29
2021-12-14,17268.3,17285.9,17261.0,17285.7,11:40:00,17276.12902379466,1,30
2021-12-14,17286.0,17288.25,17261.75,17268.85,11:45:00,17277.069116766597,1,31
2021-12-14,17311.5,17311.5,17285.05,17286.1,11:50:00,17280.348248503113,1,32
2021-12-14,17320.8,17324.65,17311.3,17312.8,11:55:00,17284.200796264722,1,33
2021-12-14,17324.9,17347.85,17322.15,17322.15,12:00:00,17288.076910906177,1,34
2021-12-14,17329.1,17335.5,17315.7,17326.65,12:05:00,17291.983871772252,1,35
2021-12-14,17339.7,17340.95,17327.25,17329.7,12:10:00,17296.528264936802,1,36
2021-12-14,17325.1,17344.9,17323.65,17340.35,12:15:00,17299.249382561866,1,37
2021-12-14,17319.45,17330.25,17314.0,17324.35,12:20:00,17301.173250889307,1,38
2021-12-14,17310.55,17324.85,17304.15,17320.4,12:25:00,17302.066274614135,1,39
2021-12-14,17333.8,17336.9,17301.35,17311.8,12:30:00,17305.088534174694,1,40
2021-12-14,17322.5,17333.85,17319.35,17333.6,12:35:00,17306.746769015197,1,41
2021-12-14,17327.2,17330.5,17317.5,17322.7,12:40:00,17308.694695775655,1,42
2021-12-14,17329.85,17343.25,17327.1,17328.2,12:45:00,17310.709486654163,1,43
2021-12-14,17328.45,17340.5,17328.25,17329.5,12:50:00,17312.399059353767,1,44
2021-12-14,17326.3,17331.45,17316.8,17327.85,12:55:00,17313.72295846293,1,45
2021-12-14,17346.4,17347.95,17326.35,17326.35,13:00:00,17316.83505765694,1,46
2021-12-14,17353.5,17357.65,17338.1,17346.5,13:05:00,17320.326956927707,1,47
2021-12-14,17347.95,17363.5,17344.45,17353.7,13:10:00,17322.957722934592,1,48
2021-12-14,17327.05,17353.7,17324.55,17349.4,13:15:00,17323.34746360749,1,49
2021-12-14,17326.5,17332.5,17316.7,17327.55,13:20:00,17323.64770516868,1,50
2021-12-14,17333.8,17337.3,17321.85,17329.6,13:25:00,17324.614590390713,1,51
2021-12-14,17364.65,17368.5,17334.5,17334.85,13:30:00,17328.42748654398,1,52
2021-12-14,17359.2,17376.2,17357.0,17366.05,13:35:00,17331.35820211122,1,53
2021-12-14,17353.85,17361.55,17347.9,17360.45,13:40:00,17333.500278100626,1,54
2021-12-14,17343.15,17357.5,17341.65,17354.85,13:45:00,17334.419299233898,1,55
2021-12-14,17313.3,17343.45,17313.3,17343.45,13:50:00,17332.4079374021,1,56
2021-12-14,17297.5,17318.6,17287.6,17313.45,13:55:00,17329.08337193523,1,57
2021-12-14,17288.7,17307.25,17288.65,17297.15,14:00:00,17325.23733651283,1,58
2021-12-14,17288.7,17296.2,17280.95,17288.6,14:05:00,17321.757590178277,1,59
2021-12-14,17296.6,17304.5,17288.8,17290.75,14:10:00,17319.361629208917,1,60
2021-12-14,17288.15,17295.75,17282.7,17295.75,14:15:00,17316.389093093785,1,61
2021-12-14,17268.45,17289.85,17268.05,17286.9,14:20:00,17311.823465180092,1,62
2021-12-14,17263.3,17277.05,17263.15,17268.95,14:25:00,17307.202182781988,1,63
2021-12-14,17280.95,17280.95,17259.95,17263.6,14:30:00,17304.70197489799,1,64
2021-12-14,17291.55,17296.7,17273.8,17281.6,14:35:00,17303.449405860087,1,65
2021-12-14,17287.65,17292.4,17280.45,17291.95,14:40:00,17301.94470054008,1,66
2021-12-14,17300.7,17302.6,17274.35,17288.0,14:45:00,17301.8261576315,1,67
2021-12-14,17297.15,17300.85,17288.9,17300.85,14:50:00,17301.380809285645,1,68
2021-12-14,17302.3,17307.85,17295.9,17296.35,14:55:00,17301.46835125844,1,69
2021-12-14,17326.25,17327.85,17303.45,17304.7,15:00:00,17303.828508281447,1,70
2021-12-14,17321.7,17333.35,17320.2,17328.4,15:05:00,17305.530555111785,1,71
2021-12-14,17321.75,17326.2,17314.75,17322.5,15:10:00,17307.07526414876,1,72
2021-12-14,17331.95,17332.65,17320.25,17322.15,15:15:00,17309.444286610782,1,73
2021-12-14,17327.2,17339.65,17326.9,17331.4,15:20:00,17311.135306933564,1,74
2021-12-14,17319.5,17328.55,17306.8,17326.95,15:25:00,17311.93194436846,1,75
2021-12-15,17312.4,17351.2,17309.55,17338.1,09:15:00,17312.016852419536,2,1
2021-12-15,17294.45,17321.0,17285.05,17317.6,09:20:00,17310.34381885577,2,2
2021-12-15,17274.9,17293.9,17262.15,17293.9,09:25:00,17306.96821705998,2,3
2021-12-15,17260.85,17278.7,17248.9,17274.2,09:30:00,17302.57600591141,2,4
2021-12-15,17272.45,17281.0,17255.5,17258.6,09:35:00,17299.70686249128,2,5
2021-12-15,17257.4,17272.3,17250.95,17271.7,09:40:00,17295.67763749211,2,6
2021-12-15,17234.0,17256.5,17227.35,17256.45,09:45:00,17289.803576778577,2,7
2021-12-15,17248.05,17258.75,17232.5,17234.75,09:50:00,17285.827045656806,2,8
2021-12-15,17250.4,17267.5,17245.85,17246.6,09:55:00,17282.45304130854,2,9
2021-12-15,17240.7,17251.1,17227.65,17250.45,10:00:00,17278.476561183918,2,10
2021-12-15,17233.45,17240.05,17228.35,17239.6,10:05:00,17274.18831726164,2,11
2021-12-15,17255.2,17255.2,17230.7,17233.55,10:10:00,17272.379906093865,2,12
2021-12-15,17251.4,17255.75,17240.7,17255.75,10:15:00,17270.38181979921,2,13
2021-12-15,17246.6,17251.55,17240.95,17250.75,10:20:00,17268.11688458024,2,14
2021-12-15,17243.8,17248.25,17237.25,17245.85,10:25:00,17265.80099081069,2,15
2021-12-15,17205.5,17243.7,17201.8,17242.75,10:30:00,17260.05803930491,2,16
2021-12-15,17198.0,17217.95,17195.65,17205.35,10:35:00,17254.1477498473,2,17
2021-12-15,17208.35,17209.0,17192.2,17198.4,10:40:00,17249.786059385653,2,18
2021-12-15,17210.8,17219.9,17205.65,17208.5,10:45:00,17246.073101348924,2,19
2021-12-15,17206.6,17217.25,17201.35,17211.2,10:50:00,17242.31375836331,2,20
2021-12-15,17213.3,17218.5,17205.35,17206.1,10:55:00,17239.55054328109,2,21
2021-12-15,17223.1,17226.65,17205.05,17213.6,11:00:00,17237.98382487337,2,22
2021-12-15,17228.55,17235.2,17218.45,17222.2,11:05:00,17237.085365361618,2,23
2021-12-15,17224.9,17228.75,17220.95,17228.0,11:10:00,17235.924854374796,2,24
2021-12-15,17237.25,17237.55,17221.9,17224.25,11:15:00,17236.051058720055,2,25
2021-12-15,17237.65,17241.8,17234.45,17237.7,11:20:00,17236.203338841955,2,26
2021-12-15,17268.1,17268.1,17223.35,17237.9,11:25:00,17239.2411160951,2,27
2021-12-15,17256.3,17287.4,17251.3,17268.25,11:30:00,17240.865771705092,2,28
2021-12-15,17252.75,17256.6,17247.85,17256.15,11:35:00,17241.997602971274,2,29
2021-12-15,17256.45,17263.45,17250.85,17252.6,11:40:00,17243.374021735915,2,30
2021-12-15,17262.9,17265.15,17253.05,17256.6,11:45:00,17245.233638713446,2,31
2021-12-15,17242.3,17263.9,17232.65,17262.75,11:50:00,17244.95424455026,2,32
2021-12-15,17246.7,17254.8,17235.35,17243.15,11:55:00,17245.120506974046,2,33
2021-12-15,17234.55,17248.35,17233.95,17247.75,12:00:00,17244.113792024138,2,34
2021-12-15,17243.05,17244.75,17225.25,17235.15,12:05:00,17244.01247849803,2,35
2021-12-15,17247.25,17252.75,17240.6,17243.3,12:10:00,17244.320813879167,2,36
2021-12-15,17242.0,17249.5,17237.85,17247.4,12:15:00,17244.099783985912,2,37
2021-12-15,17249.9,17258.35,17237.6,17241.85,12:20:00,17244.652185511062,2,38
2021-12-15,17235.3,17253.35,17233.65,17249.3,12:25:00,17243.761501176676,2,39
2021-12-15,17231.55,17238.8,17230.95,17235.5,12:30:00,17242.59850106461,2,40
2021-12-15,17221.25,17235.35,17219.85,17231.85,12:35:00,17240.56531048703,2,41
2021-12-15,17224.75,17224.9,17215.6,17220.45,12:40:00,17239.059090440645,2,42
2021-12-15,17207.8,17225.7,17206.8,17224.9,12:45:00,17236.082034208204,2,43
2021-12-15,17218.15,17219.0,17207.35,17207.35,12:50:00,17234.37422142647,2,44
2021-12-15,17226.65,17232.2,17218.6,17219.25,12:55:00,17233.63858129062,2,45
2021-12-15,17219.65,17227.7,17217.75,17227.25,13:00:00,17232.306335453417,2,46
2021-12-15,17238.95,17241.3,17218.5,17220.25,13:05:00,17232.939065410235,2,47
2021-12-15,17240.3,17246.65,17234.75,17239.7,13:10:00,17233.640106799736,2,48
2021-12-15,17247.2,17249.8,17232.4,17240.5,13:15:00,17234.93152519976,2,49
2021-12-15,17238.25,17248.4,17237.2,17248.05,13:20:00,17235.247570418833,2,50
2021-12-15,17253.0,17254.0,17237.65,17239.3,13:25:00,17236.938277997993,2,51
2021-12-15,17253.85,17262.5,17248.05,17254.55,13:30:00,17238.54891818866,2,52
2021-12-15,17263.85,17266.65,17252.8,17253.65,13:35:00,17240.958545027835,2,53
2021-12-15,17265.8,17266.35,17256.05,17264.5,13:40:00,17243.324397882327,2,54
2021-12-15,17274.2,17277.15,17261.4,17265.4,13:45:00,17246.264931417343,2,55
2021-12-15,17279.65,17282.2,17266.4,17275.75,13:50:00,17249.44446175855,2,56
2021-12-15,17261.75,17279.85,17256.95,17279.85,13:55:00,17250.616417781544,2,57
2021-12-15,17282.25,17283.35,17251.85,17260.8,14:00:00,17253.629139897588,2,58
2021-12-15,17283.35,17288.0,17276.25,17282.3,14:05:00,17256.45969800258,2,59
2021-12-15,17282.9,17292.75,17282.55,17283.3,14:10:00,17258.977822002336,2,60
2021-12-15,17275.25,17288.05,17271.0,17283.55,14:15:00,17260.52755324021,2,61
2021-12-15,17281.75,17284.75,17269.8,17275.15,14:20:00,17262.548738645903,2,62
2021-12-15,17282.5,17290.2,17279.95,17283.5,14:25:00,17264.448858774864,2,63
2021-12-15,17295.5,17299.35,17279.55,17283.4,14:30:00,17267.406110320117,2,64
2021-12-15,17308.25,17314.3,17296.15,17296.15,14:35:00,17271.296004575343,2,65
2021-12-15,17300.55,17308.95,17297.15,17308.9,14:40:00,17274.08209937769,2,66
2021-12-15,17293.6,17305.6,17286.95,17301.6,14:45:00,17275.940947056006,2,67
2021-12-15,17271.55,17297.3,17270.75,17294.85,14:50:00,17275.522761622102,2,68
2021-12-15,17256.45,17273.35,17255.35,17271.45,14:55:00,17273.706308134282,2,69
2021-12-15,17241.75,17267.05,17226.35,17257.25,15:00:00,17270.662850216733,2,70
2021-12-15,17232.0,17242.5,17222.3,17241.9,15:05:00,17266.980674005616,2,71
2021-12-15,17220.8,17234.6,17220.8,17231.45,15:10:00,17262.58251457651,2,72
2021-12-15,17212.9,17221.2,17207.4,17220.55,15:15:00,17257.850846521604,2,73
2021-12-15,17214.25,17221.65,17209.15,17213.45,15:20:00,17253.69838494812,2,74
2021-12-15,17209.55,17218.05,17200.35,17214.9,15:25:00,17249.493776857824,2,75
2021-12-16,17344.0,17379.35,17332.85,17375.9,09:15:00,17258.49436953803,3,1
2021-12-16,17327.55,17356.4,17315.4,17343.3,09:20:00,17265.071096248696,3,2
2021-12-16,17320.15,17332.1,17310.85,17328.5,09:25:00,17270.31670612977,3,3
2021-12-16,17303.55,17325.1,17282.9,17320.25,09:30:00,17273.48178173646,3,4
2021-12-16,17307.35,17315.7,17297.2,17301.7,09:35:00,17276.707326332988,3,5
2021-12-16,17300.2,17319.55,17300.2,17306.6,09:40:00,17278.944723825083,3,6
2021-12-16,17290.15,17308.4,17289.55,17301.05,09:45:00,17280.0118929846,3,7
2021-12-16,17261.35,17288.85,17260.35,17288.65,09:50:00,17278.234569843207,3,8
2021-12-16,17269.1,17274.2,17249.85,17260.55,09:55:00,17277.36461081052,3,9
2021-12-16,17249.75,17277.75,17249.75,17269.35,10:00:00,17274.734647876187,3,10
2021-12-16,17242.05,17254.85,17239.2,17248.95,10:05:00,17271.621824268932,3,11
2021-12-16,17267.4,17271.4,17240.3,17243.3,10:10:00,17271.21974576713,3,12
2021-12-16,17265.8,17284.8,17259.65,17267.35,10:15:00,17270.70357950359,3,13
2021-12-16,17272.65,17282.65,17259.2,17266.4,10:20:00,17270.888952884205,3,14
2021-12-16,17264.7,17275.15,17258.9,17272.4,10:25:00,17270.299528799995,3,15
2021-12-16,17256.3,17265.15,17252.9,17264.6,10:30:00,17268.966240342852,3,16
2021-12-16,17259.95,17278.35,17255.55,17256.2,10:35:00,17268.10755078639,3,17
2021-12-16,17272.8,17276.55,17258.95,17259.0,10:40:00,17268.554450711497,3,18
2021-12-16,17282.85,17289.05,17273.15,17273.35,10:45:00,17269.915931596115,3,19
2021-12-16,17285.2,17291.65,17280.1,17283.45,10:50:00,17271.37155715839,3,20
2021-12-16,17285.0,17286.45,17275.9,17285.0,10:55:00,17272.669504095684,3,21
2021-12-16,17292.4,17299.7,17284.0,17284.75,11:00:00,17274.548598943715,3,22
2021-12-16,17286.65,17297.55,17285.1,17292.6,11:05:00,17275.701113330026,3,23
2021-12-16,17280.75,17288.6,17274.55,17287.1,11:10:00,17276.181959679547,3,24
2021-12-16,17272.6,17294.55,17271.05,17281.65,11:15:00,17275.840820662444,3,25
2021-12-16,17245.95,17272.6,17245.65,17271.9,11:20:00,17272.99407583745,3,26
2021-12-16,17242.45,17258.95,17241.6,17245.25,11:25:00,17270.085116233884,3,27
2021-12-16,17232.45,17248.55,17232.15,17242.15,11:30:00,17266.500819449706,3,28
2021-12-16,17228.4,17239.1,17223.0,17231.6,11:35:00,17262.872169978305,3,29
2021-12-16,17242.95,17246.2,17225.45,17228.05,11:40:00,17260.974820456562,3,30
2021-12-16,17251.5,17258.6,17240.95,17242.35,11:45:00,17260.072456603557,3,31
2021-12-16,17250.85,17253.3,17245.3,17251.7,11:50:00,17259.194127403218,3,32
2021-12-16,17237.35,17252.05,17237.35,17250.55,11:55:00,17257.113734317198,3,33
2021-12-16,17222.3,17236.5,17221.65,17236.15,12:00:00,17253.7981405727,3,34
2021-12-16,17215.25,17227.45,17209.25,17222.1,12:05:00,17250.126889089588,3,35
2021-12-16,17220.85,17224.0,17208.15,17214.6,12:10:00,17247.3386139382,3,36
2021-12-16,17232.5,17244.1,17219.8,17220.35,12:15:00,17245.92541261075,3,37
2021-12-16,17225.85,17231.5,17221.3,17231.5,12:20:00,17244.013468552585,3,38
2021-12-16,17207.75,17226.45,17202.3,17225.65,12:25:00,17240.559804880908,3,39
2021-12-16,17221.3,17226.9,17195.9,17207.9,12:30:00,17238.725537749393,3,40
2021-12-16,17215.3,17232.6,17213.7,17222.4,12:35:00,17236.49453415421,3,41
2021-12-16,17221.1,17230.05,17211.3,17214.85,12:40:00,17235.028388044288,3,42
2021-12-16,17229.1,17231.75,17213.9,17220.0,12:45:00,17234.463779659116,3,43
2021-12-16,17265.75,17267.1,17225.95,17228.9,12:50:00,17237.44341969158,3,44
2021-12-16,17275.3,17276.85,17248.55,17266.25,12:55:00,17241.04880829238,3,45
2021-12-16,17266.2,17282.2,17263.5,17275.15,13:00:00,17243.444159883584,3,46
2021-12-16,17249.1,17265.5,17249.1,17265.45,13:05:00,17243.982811323243,3,47
2021-12-16,17247.45,17254.1,17239.7,17248.95,13:10:00,17244.313019768648,3,48
2021-12-16,17253.45,17254.9,17232.25,17246.7,13:15:00,17245.18320836211,3,49
2021-12-16,17249.0,17256.6,17247.15,17254.15,13:20:00,17245.54671232762,3,50
2021-12-16,17254.4,17265.5,17248.5,17249.3,13:25:00,17246.389882582134,3,51
2021-12-16,17259.2,17261.8,17245.5,17253.55,13:30:00,17247.609893764788,3,52
2021-12-16,17266.85,17268.9,17256.8,17259.4,13:35:00,17249.442284834808,3,53
2021-12-16,17259.35,17269.0,17258.7,17267.2,13:40:00,17250.385876755303,3,54
2021-12-16,17265.2,17267.85,17253.45,17258.3,13:45:00,17251.79674563575,3,55
2021-12-16,17265.0,17276.05,17259.3,17265.35,13:50:00,17253.054198432346,3,56
2021-12-16,17265.1,17271.35,17260.95,17265.25,13:55:00,17254.201417629265,3,57
2021-12-16,17248.45,17266.45,17240.05,17264.85,14:00:00,17253.653663569334,3,58
2021-12-16,17236.1,17255.1,17235.8,17249.45,14:05:00,17251.98188608654,3,59
2021-12-16,17222.8,17238.8,17216.95,17237.0,14:10:00,17249.202658840204,3,60
2021-12-16,17235.7,17235.7,17219.45,17221.9,14:15:00,17247.916691331615,3,61
2021-12-16,17233.9,17245.5,17231.8,17236.65,14:20:00,17246.581768347653,3,62
2021-12-16,17234.45,17238.95,17230.75,17234.95,14:25:00,17245.426361838352,3,63
2021-12-16,17217.5,17246.0,17217.5,17235.0,14:30:00,17242.76670832994,3,64
2021-12-16,17207.15,17217.05,17203.65,17216.75,14:35:00,17239.374640869944,3,65
2021-12-16,17193.2,17212.25,17188.7,17207.35,14:40:00,17234.97705602519,3,66
2021-12-16,17207.05,17210.15,17184.95,17191.85,14:45:00,17232.317336403743,3,67
2021-12-16,17210.0,17219.85,17206.45,17207.5,14:50:00,17230.191875793862,3,68
2021-12-16,17233.25,17237.1,17209.65,17209.65,14:55:00,17230.483125718256,3,69
2021-12-16,17233.1,17241.55,17227.9,17233.3,15:00:00,17230.732351840325,3,70
2021-12-16,17221.15,17234.1,17213.75,17234.1,15:05:00,17229.81974690315,3,71
2021-12-16,17236.85,17238.4,17220.35,17221.25,15:10:00,17230.489294817136,3,72
2021-12-16,17257.05,17257.85,17237.15,17237.15,15:15:00,17233.018885786933,3,73
2021-12-16,17277.05,17278.8,17249.0,17256.8,15:20:00,17237.212325235796,3,74
2021-12-16,17287.25,17287.95,17270.65,17277.35,15:25:00,17241.97781807048,3,75
2021-12-17,17202.55,17298.15,17199.65,17298.15,09:15:00,17238.222787778053,4,1
2021-12-17,17183.3,17212.25,17181.05,17203.5,09:20:00,17232.992046084906,4,2
2021-12-17,17154.85,17182.85,17147.95,17182.5,09:25:00,17225.549946457773,4,3
2021-12-17,17160.7,17168.85,17139.6,17154.4,09:30:00,17219.373761080842,4,4
2021-12-17,17142.0,17171.85,17138.55,17161.6,09:35:00,17212.004831454095,4,5
2021-12-17,17140.2,17154.55,17126.65,17140.85,09:40:00,17205.166276077514,4,6
2021-12-17,17142.15,17153.1,17129.35,17139.6,09:45:00,17199.164725974893,4,7
2021-12-17,17105.0,17143.2,17104.5,17142.25,09:50:00,17190.19665683443,4,8
2021-12-17,17070.55,17105.3,17065.5,17103.95,09:55:00,17178.80173713591,4,9
2021-12-17,17067.45,17092.3,17058.65,17072.05,10:00:00,17168.19680978963,4,10
2021-12-17,17080.75,17100.5,17065.4,17067.25,10:05:00,17159.86854219062,4,11
2021-12-17,17105.8,17109.7,17080.25,17080.25,10:10:00,17154.719157220083,4,12
2021-12-17,17057.2,17105.15,17054.8,17105.15,10:15:00,17145.43161843722,4,13
2021-12-17,17064.35,17070.8,17042.65,17055.35,10:20:00,17137.709559538434,4,14
2021-12-17,17082.1,17083.05,17061.0,17063.55,10:25:00,17132.413411010963,4,15
2021-12-17,17065.6,17082.75,17063.25,17082.75,10:30:00,17126.050229009918,4,16
2021-12-17,17039.6,17066.25,17038.75,17065.25,10:35:00,17117.816873866115,4,17
2021-12-17,17037.4,17056.25,17029.7,17040.0,10:40:00,17110.158123974103,4,18
2021-12-17,17022.05,17049.6,17020.4,17037.35,10:45:00,17101.766874071807,4,19
2021-12-17,17014.1,17026.5,17008.3,17022.1,10:50:00,17093.41764796973,4,20
2021-12-17,17030.5,17030.5,17013.25,17013.25,10:55:00,17087.425491020233,4,21
2021-12-17,17038.9,17042.15,17019.1,17031.5,11:00:00,17082.804015684975,4,22
2021-12-17,17037.65,17054.65,17036.65,17039.05,11:05:00,17078.503633238786,4,23
2021-12-17,17037.3,17040.65,17032.3,17037.05,11:10:00,17074.579477692234,4,24
2021-12-17,17046.0,17056.45,17036.9,17037.45,11:15:00,17071.857622673928,4,25
2021-12-17,17043.9,17053.25,17031.45,17046.4,11:20:00,17069.194991943077,4,26
2021-12-17,17057.55,17063.25,17043.75,17044.45,11:25:00,17068.085945091356,4,27
2021-12-17,17038.45,17065.2,17037.55,17057.6,11:30:00,17065.263474130275,4,28
2021-12-17,17025.0,17044.25,17023.55,17036.9,11:35:00,17061.42885754644,4,29
2021-12-17,17030.85,17033.8,17021.25,17025.9,11:40:00,17058.51658539916,4,30
2021-12-17,17014.1,17031.4,17002.1,17030.65,11:45:00,17054.286434408765,4,31
2021-12-17,17023.7,17027.5,17007.6,17013.95,11:50:00,17051.37344065555,4,32
2021-12-17,17030.9,17035.1,17019.7,17023.25,11:55:00,17049.423589164544,4,33
2021-12-17,16995.15,17031.35,16994.95,17030.2,12:00:00,17044.25467591078,4,34
2021-12-17,16994.15,17010.85,16992.05,16994.55,12:05:00,17039.482802014514,4,35
2021-12-17,17011.05,17020.45,16995.15,16995.15,12:10:00,17036.77491610837,4,36
2021-12-17,17017.3,17018.45,17006.4,17011.7,12:15:00,17034.920162193288,4,37
2021-12-17,17009.15,17022.1,17005.4,17017.9,12:20:00,17032.465861032022,4,38
2021-12-17,17022.8,17022.8,17005.1,17009.75,12:25:00,17031.545302838495,4,39
2021-12-17,17018.4,17028.3,17016.65,17022.85,12:30:00,17030.293369234827,4,40
2021-12-17,17008.25,17023.3,17007.5,17019.05,12:35:00,17028.194000736272,4,41
2021-12-17,17000.0,17015.35,16996.7,17008.3,12:40:00,17025.508857809007,4,42
2021-12-17,17019.7,17019.7,16999.65,17000.85,12:45:00,17024.95563325577,4,43
2021-12-17,17036.15,17039.0,17019.5,17019.5,12:50:00,17026.021763421886,4,44
2021-12-17,17058.9,17059.15,17036.2,17036.6,12:55:00,17029.153024048373,4,45
2021-12-17,17062.15,17073.45,17049.05,17059.15,13:00:00,17032.295593186624,4,46
2021-12-17,17052.65,17062.9,17048.55,17062.05,13:05:00,17034.234108121233,4,47
2021-12-17,17049.55,17059.1,17044.3,17053.1,13:10:00,17035.69276449064,4,48
2021-12-17,17053.0,17057.55,17049.75,17049.75,13:15:00,17037.341072634386,4,49
2021-12-17,17059.65,17066.85,17051.1,17053.2,13:20:00,17039.46573238349,4,50
2021-12-17,17076.65,17076.65,17059.15,17059.7,13:25:00,17043.007091204112,4,51
2021-12-17,17062.5,17080.4,17057.55,17076.9,13:30:00,17044.863558708483,4,52
2021-12-17,17063.85,17071.95,17062.05,17062.95,13:35:00,17046.671791212437,4,53
2021-12-17,17061.95,17069.05,17055.7,17065.2,13:40:00,17048.126858716016,4,54
2021-12-17,17073.8,17080.55,17050.9,17062.35,13:45:00,17050.57191979068,4,55
2021-12-17,17085.55,17089.8,17074.45,17075.0,13:50:00,17053.903165524902,4,56
2021-12-17,17093.95,17098.45,17081.45,17085.1,13:55:00,17057.717149760625,4,57
2021-12-17,17093.35,17107.65,17089.3,17095.65,14:00:00,17061.110754545327,4,58
2021-12-17,17082.45,17106.7,17078.75,17094.45,14:05:00,17063.14306363625,4,59
2021-12-17,17075.45,17085.8,17070.2,17082.35,14:10:00,17064.31515281375,4,60
2021-12-17,17045.65,17077.9,17043.25,17076.2,14:15:00,17062.53751921244,4,61
2021-12-17,17029.0,17046.15,17027.85,17046.15,14:20:00,17059.343469763637,4,62
2021-12-17,17042.0,17050.85,17022.4,17029.1,14:25:00,17057.691710738527,4,63
2021-12-17,17039.35,17050.95,17032.15,17042.7,14:30:00,17055.944881144384,4,64
2021-12-17,17018.7,17040.75,17018.2,17040.65,14:35:00,17052.397749606822,4,65
2021-12-17,17009.45,17028.35,16999.4,17018.4,14:40:00,17048.307487739505,4,66
2021-12-17,17008.8,17009.7,16984.3,17009.65,14:45:00,17044.54486985955,4,67
2021-12-17,16980.5,17008.3,16977.45,17008.3,14:50:00,17038.445358444354,4,68
2021-12-17,16988.75,16993.15,16973.9,16980.55,14:55:00,17033.71246716394,4,69
2021-12-17,16981.9,17020.7,16966.45,16988.8,15:00:00,17028.77794648166,4,70
2021-12-17,16990.45,16992.9,16967.85,16981.5,15:05:00,17025.12766586436,4,71
2021-12-17,16981.55,16995.2,16975.95,16990.75,15:10:00,17020.977411972515,4,72
2021-12-17,16978.65,16985.1,16970.7,16981.95,15:15:00,17016.946229879897,4,73
2021-12-17,16995.1,16999.75,16978.55,16978.95,15:20:00,17014.865636558003,4,74
2021-12-17,16995.65,16996.25,16980.7,16994.95,15:25:00,17013.03557593343,4,75
2021-12-20,16726.95,16840.1,16720.4,16840.1,09:15:00,16985.789330606436,0,1
2021-12-20,16693.65,16738.85,16658.2,16725.0,09:20:00,16957.966537215347,0,2
2021-12-20,16676.8,16720.75,16675.9,16698.6,09:25:00,16931.18877176627,0,3
2021-12-20,16689.55,16701.15,16653.15,16674.1,09:30:00,16908.175555407575,0,4
2021-12-20,16662.55,16692.9,16657.6,16691.35,09:35:00,16884.78264536876,0,5
2021-12-20,16655.15,16684.8,16635.9,16660.75,09:40:00,16862.912869619355,0,6
2021-12-20,16659.55,16672.65,16643.65,16652.35,09:45:00,16843.544977274654,0,7
2021-12-20,16673.15,16677.45,16649.3,16659.1,09:50:00,16827.316884200878,0,8
2021-12-20,16664.05,16676.4,16657.9,16674.7,09:55:00,16811.76765713413,0,9
2021-12-20,16659.1,16673.6,16653.0,16662.0,10:00:00,16797.22788026421,0,10
2021-12-20,16637.55,16665.65,16634.6,16656.3,10:05:00,16782.020463096193,0,11
2021-12-20,16600.9,16639.0,16585.5,16638.0,10:10:00,16764.77089518227,0,12
2021-12-20,16603.1,16617.2,16587.1,16600.8,10:15:00,16749.373667069674,0,13
2021-12-20,16570.3,16602.65,16568.6,16602.15,10:20:00,16732.319032110656,0,14
2021-12-20,16584.35,16590.2,16566.8,16569.45,10:25:00,16718.22674333821,0,15
2021-12-20,16606.1,16611.25,16570.25,16584.5,10:30:00,16707.54800587743,0,16
2021-12-20,16617.35,16624.65,16598.3,16606.55,10:35:00,16698.95771960339,0,17
2021-12-20,16618.25,16630.35,16609.4,16617.5,10:40:00,16691.27127011735,0,18
2021-12-20,16627.55,16629.65,16606.85,16618.55,10:45:00,16685.202577725224,0,19
2021-12-20,16596.9,16628.65,16596.9,16627.6,10:50:00,16676.79280841806,0,20
2021-12-20,16584.9,16596.8,16580.15,16596.25,10:55:00,16668.041112378247,0,21
2021-12-20,16595.6,16595.6,16571.5,16585.4,11:00:00,16661.141958818414,0,22
2021-12-20,16598.55,16615.6,16597.3,16597.3,11:05:00,16655.180819883328,0,23
2021-12-20,16593.05,16607.9,16588.45,16597.8,11:10:00,16649.26359894206,0,24
2021-12-20,16587.55,16600.25,16578.2,16592.55,11:15:00,16643.38611332853,0,25
2021-12-20,16584.7,16593.35,16574.65,16586.65,11:20:00,16637.796959678195,0,26
2021-12-20,16566.5,16597.4,16562.55,16587.5,11:25:00,16631.006773042176,0,27
2021-12-20,16548.9,16575.2,16544.15,16566.0,11:30:00,16623.187080371492,0,28
2021-12-20,16554.25,16559.15,16547.65,16549.3,11:35:00,16616.621644145634,0,29
2021-12-20,16563.5,16569.35,16549.45,16553.85,11:40:00,16611.562439941288,0,30
2021-12-20,16546.95,16573.65,16546.95,16562.1,11:45:00,16605.408874232595,0,31
2021-12-20,16561.45,16564.9,16539.35,16547.25,11:50:00,16601.222314781873,0,32
2021-12-20,16553.65,16577.55,16553.65,16562.65,11:55:00,16596.69161813598,0,33
2021-12-20,16554.5,16566.4,16546.1,16554.05,12:00:00,16592.673368789696,0,34
2021-12-20,16551.95,16560.05,16549.1,16554.35,12:05:00,16588.79495271449,0,35
2021-12-20,16546.7,16554.95,16537.35,16552.7,12:10:00,16584.785909598824,0,36
2021-12-20,16532.45,16546.35,16529.35,16546.25,12:15:00,16579.80153725608,0,37
2021-12-20,16516.15,16535.6,16515.85,16532.3,12:20:00,16573.739486088834,0,38
2021-12-20,16503.25,16519.2,16500.1,16515.2,12:25:00,16567.02620169942,0,39
2021-12-20,16493.1,16509.8,16491.2,16503.65,12:30:00,16559.98561106138,0,40
2021-12-20,16473.45,16494.25,16470.1,16493.3,12:35:00,16551.74412429363,0,41
2021-12-20,16499.9,16503.2,16471.5,16472.1,12:40:00,16546.806588646617,0,42
2021-12-20,16461.75,16500.05,16456.85,16500.05,12:45:00,16538.705961156465,0,43
2021-12-20,16425.35,16461.7,16424.05,16461.55,12:50:00,16527.91015533204,0,44
2021-12-20,16424.25,16435.2,16410.2,16423.8,12:55:00,16518.037759586132,0,45
2021-12-20,16433.8,16457.95,16426.75,16428.0,13:00:00,16510.015115816022,0,46
2021-12-20,16438.95,16459.2,16430.45,16434.0,13:05:00,16503.247009547827,0,47
2021-12-20,16444.85,16450.0,16434.0,16438.4,13:10:00,16497.685389590893,0,48
2021-12-20,16462.15,16462.6,16443.85,16445.6,13:15:00,16494.301066772714,0,49
2021-12-20,16500.95,16502.0,16457.55,16464.15,13:20:00,16494.934298508648,0,50
2021-12-20,16523.6,16532.0,16501.7,16501.7,13:25:00,16497.66436531735,0,51
2021-12-20,16523.95,16538.35,16515.9,16524.2,13:30:00,16500.16775909665,0,52
2021-12-20,16527.7,16543.55,16522.25,16524.05,13:35:00,16502.789877277923,0,53
2021-12-20,16508.95,16533.1,16505.45,16527.25,13:40:00,16503.376555632407,0,54
2021-12-20,16550.75,16550.8,16507.3,16509.4,13:45:00,16507.888312238843,0,55
2021-12-20,16536.25,16557.15,16535.05,16549.8,13:50:00,16510.589425358954,0,56
2021-12-20,16536.2,16550.4,16532.45,16535.85,13:55:00,16513.02852770572,0,57
2021-12-20,16525.3,16551.5,16522.45,16539.05,14:00:00,16514.197239352794,0,58
2021-12-20,16507.35,16528.1,16489.95,16526.8,14:05:00,16513.545121319195,0,59
2021-12-20,16524.0,16531.65,16498.65,16507.45,14:10:00,16514.5408240507,0,60
2021-12-20,16549.5,16556.55,16523.05,16523.3,14:15:00,16517.870269379204,0,61
2021-12-20,16569.55,16575.2,16541.3,16551.3,14:20:00,16522.792148485947,0,62
2021-12-20,16574.6,16580.3,16560.1,16570.7,14:25:00,16527.726229582524,0,63
2021-12-20,16573.3,16586.65,16564.1,16573.85,14:30:00,16532.066588669903,0,64
2021-12-20,16545.45,16577.0,16542.9,16572.65,14:35:00,16533.34119927277,0,65
2021-12-20,16548.75,16558.95,16540.65,16546.2,14:40:00,16534.808704103936,0,66
2021-12-20,16583.15,16586.2,16537.7,16547.8,14:45:00,16539.41263704642,0,67
2021-12-20,16575.05,16584.4,16570.9,16582.0,14:50:00,16542.806671613427,0,68
2021-12-20,16575.4,16579.35,16563.8,16575.15,14:55:00,16545.910798126435,0,69
2021-12-20,16621.35,16629.35,16575.05,16575.05,15:00:00,16553.095484019155,0,70
2021-12-20,16605.15,16628.3,16597.7,16620.4,15:05:00,16558.05305696971,0,71
2021-12-20,16619.1,16619.1,16595.7,16604.65,15:10:00,16563.867051544024,0,72
2021-12-20,16619.1,16631.5,16617.25,16620.0,15:15:00,16569.127332349355,0,73
2021-12-20,16626.3,16634.55,16615.05,16619.9,15:20:00,16574.572348316084,0,74
2021-12-20,16613.0,16627.2,16607.35,16624.9,15:25:00,16578.232124666934,0,75
2021-12-21,16777.15,16782.2,16722.95,16782.2,09:15:00,16597.176684222464,1,1
2021-12-21,16813.3,16824.7,16776.95,16777.35,09:20:00,16617.75985715366,1,2
2021-12-21,16789.45,16839.45,16784.35,16815.6,09:25:00,16634.111299329503,1,3
2021-12-21,16757.5,16799.9,16737.25,16791.1,09:30:00,16645.862604155263,1,4
2021-12-21,16745.3,16774.75,16729.5,16757.3,09:35:00,16655.332832330954,1,5
2021-12-21,16789.95,16791.55,16742.55,16746.0,09:40:00,16668.153514966103,1,6
2021-12-21,16803.8,16807.5,16782.6,16790.7,09:45:00,16681.072227826473,1,7
2021-12-21,16816.1,16817.1,16798.2,16804.6,09:50:00,16693.932015652525,1,8
2021-12-21,16827.5,16839.1,16814.25,16816.65,09:55:00,16706.65277606657,1,9
2021-12-21,16829.0,16831.0,16810.35,16827.4,10:00:00,16718.30489263166,1,10
2021-12-21,16815.5,16829.4,16812.6,16829.4,10:05:00,16727.56156952388,1,11
2021-12-21,16810.7,16824.15,16809.45,16816.3,10:10:00,16735.479515283514,1,12
2021-12-21,16830.65,16840.65,16809.8,16809.8,10:15:00,16744.543370970798,1,13
2021-12-21,16845.75,16850.45,16827.15,16830.3,10:20:00,16754.182097545006,1,14
2021-12-21,16858.95,16860.8,16846.0,16846.0,10:25:00,16764.15999301691,1,15
2021-12-21,16854.05,16862.35,16853.15,16860.95,10:30:00,16772.72094606292,1,16
2021-12-21,16866.95,16872.25,16847.45,16855.1,10:35:00,16781.695141675977,1,17
2021-12-21,16872.35,16873.0,16853.55,16868.0,10:40:00,16790.328937706836,1,18
2021-12-21,16866.2,16878.25,16865.95,16873.95,10:45:00,16797.554753163327,1,19
2021-12-21,16882.6,16883.75,16864.3,16867.35,10:50:00,16805.654300481106,1,20
2021-12-21,16888.8,16890.75,16877.05,16883.85,10:55:00,16813.572938530524,1,21
2021-12-21,16897.8,16903.25,16890.15,16890.45,11:00:00,16821.59456343238,1,22
2021-12-21,16883.8,16899.7,16868.5,16899.7,11:05:00,16827.518890724532,1,23
2021-12-21,16881.3,16888.65,16878.3,16884.55,11:10:00,16832.64090113172,1,24
2021-12-21,16861.35,16886.7,16855.8,16882.95,11:15:00,16835.375101023936,1,25
2021-12-21,16868.15,16876.55,16860.05,16861.6,11:20:00,16838.49651997404,1,26
2021-12-21,16867.3,16875.15,16862.8,16867.85,11:25:00,16841.239708547942,1,27
2021-12-21,16886.55,16887.45,16863.15,16867.6,11:30:00,16845.55497440052,1,28
2021-12-21,16880.4,16890.4,16878.6,16886.6,11:35:00,16848.873548267136,1,29
2021-12-21,16889.65,16890.55,16880.45,16880.45,11:40:00,16852.757019860743,1,30
2021-12-21,16914.65,16919.7,16889.95,16890.1,11:45:00,16858.651589397814,1,31
2021-12-21,16924.55,16927.15,16914.25,16915.9,11:50:00,16864.927628502785,1,32
2021-12-21,16912.1,16926.15,16909.0,16925.55,11:55:00,16869.42023531204,1,33
2021-12-21,16924.85,16927.25,16907.05,16913.0,12:00:00,16874.699260520418,1,34
2021-12-21,16926.5,16928.9,16919.15,16926.4,12:05:00,16879.63266428038,1,35
2021-12-21,16926.75,16928.5,16916.2,16926.55,12:10:00,16884.12002958701,1,36
2021-12-21,16912.75,16928.25,16911.45,16927.45,12:15:00,16886.846693435866,1,37
2021-12-21,16895.8,16913.15,16892.35,16913.15,12:20:00,16887.699389299116,1,38
2021-12-21,16904.2,16906.8,16887.9,16897.45,12:25:00,16889.270876032533,1,39
2021-12-21,16918.45,16923.3,16898.5,16905.45,12:30:00,16892.049840219912,1,40
2021-12-21,16922.6,16927.5,16916.75,16918.7,12:35:00,16894.959379246586,1,41
2021-12-21,16932.7,16936.4,16914.55,16923.5,12:40:00,16898.553724080244,1,42
2021-12-21,16929.4,16935.25,16922.45,16932.5,12:45:00,16901.49146464403,1,43
2021-12-21,16919.2,16931.55,16918.0,16929.45,12:50:00,16903.17799182079,1,44
2021-12-21,16927.15,16928.75,16909.95,16919.35,12:55:00,16905.46104021881,1,45
2021-12-21,16913.45,16928.2,16908.7,16926.85,13:00:00,16906.221893531303,1,46
2021-12-21,16886.7,16915.65,16877.9,16914.15,13:05:00,16904.362665575944,1,47
2021-12-21,16887.85,16893.3,16873.3,16886.9,13:10:00,16902.790030759188,1,48
2021-12-21,16889.25,16890.3,16864.85,16884.95,13:15:00,16901.500504020216,1,49
2021-12-21,16895.7,16902.05,16889.05,16890.05,13:20:00,16900.94807506591,1,50
2021-12-21,16889.3,16896.05,16879.1,16896.05,13:25:00,16899.83873458344,1,51
2021-12-21,16897.4,16898.25,16873.35,16890.65,13:30:00,16899.606474146924,1,52
2021-12-21,16882.15,16897.45,16877.75,16897.45,13:35:00,16897.943952799596,1,53
2021-12-21,16872.1,16883.35,16863.95,16883.35,13:40:00,16895.48262396154,1,54
2021-12-21,16879.95,16881.75,16861.45,16872.0,13:45:00,16894.00332644139,1,55
2021-12-21,16879.5,16882.0,16873.85,16880.1,13:50:00,16892.622057256496,1,56
2021-12-21,16856.9,16879.4,16856.6,16879.25,13:55:00,16889.2199565654,1,57
2021-12-21,16816.1,16856.7,16815.05,16856.7,14:00:00,16882.25615117822,1,58
2021-12-21,16790.7,16820.9,16786.4,16814.6,14:05:00,16873.536517732675,1,59
2021-12-21,16792.95,16816.7,16788.5,16790.6,14:10:00,16865.861611281944,1,60
2021-12-21,16764.55,16792.85,16761.6,16792.85,14:15:00,16856.21288639795,1,61
2021-12-21,16740.25,16768.45,16740.25,16767.35,14:20:00,16845.168801979096,1,62
2021-12-21,16749.5,16761.6,16733.15,16739.3,14:25:00,16836.057487504895,1,63
2021-12-21,16697.5,16755.7,16693.25,16749.55,14:30:00,16822.86153631395,1,64
2021-12-21,16705.85,16718.1,16688.25,16701.25,14:35:00,16811.717580474527,1,65
2021-12-21,16750.2,16753.5,16702.35,16705.2,14:40:00,16805.858763286476,1,66
2021-12-21,16773.45,16780.0,16744.65,16749.5,14:45:00,16802.772214402048,1,67
2021-12-21,16800.15,16803.85,16773.9,16773.9,14:50:00,16802.52247969709,1,68
2021-12-21,16788.55,16800.6,16770.6,16800.5,14:55:00,16801.191767344986,1,69
2021-12-21,16755.5,16793.55,16742.4,16790.2,15:00:00,16796.840170454987,1,70
2021-12-21,16772.15,16781.3,16751.0,16757.3,15:05:00,16794.48872564975,1,71
2021-12-21,16776.6,16783.55,16770.35,16774.15,15:10:00,16792.78503749263,1,72
2021-12-21,16773.55,16782.7,16771.8,16777.45,15:15:00,16790.95312916,1,73
2021-12-21,16777.2,16778.85,16767.25,16775.25,15:20:00,16789.64330733524,1,74
2021-12-21,16788.9,16788.9,16772.25,16777.3,15:25:00,16789.572516160453,1,75
2021-12-22,16899.25,16903.75,16851.35,16869.75,09:15:00,16800.017990811837,2,1
2021-12-22,16859.55,16910.35,16839.3,16899.2,09:20:00,16805.687705972614,2,2
2021-12-22,16873.25,16897.5,16858.4,16859.7,09:25:00,16812.122210165697,2,3
2021-12-22,16877.9,16885.95,16859.1,16873.4,09:30:00,16818.386761578487,2,4
2021-12-22,16888.4,16892.9,16877.15,16878.05,09:35:00,16825.054689047203,2,5
2021-12-22,16890.35,16900.3,16882.75,16888.0,09:40:00,16831.273290090325,2,6
2021-12-22,16899.3,16899.3,16884.45,16890.65,09:45:00,16837.752024367437,2,7
2021-12-22,16903.05,16909.45,16899.55,16900.3,09:50:00,16843.970879189586,2,8
2021-12-22,16899.5,16920.35,16895.0,16902.55,09:55:00,16849.259366885817,2,9
2021-12-22,16894.2,16912.55,16889.8,16898.8,10:00:00,16853.539427182404,2,10
2021-12-22,16867.75,16894.95,16865.55,16894.75,10:05:00,16854.892815069794,2,11
2021-12-22,16884.0,16885.65,16867.65,16867.7,10:10:00,16857.66492792029,2,12
2021-12-22,16868.95,16885.7,16860.25,16884.15,10:15:00,16858.739696689787,2,13
2021-12-22,16834.15,16871.95,16832.05,16868.7,10:20:00,16856.39782081457,2,14
2021-12-22,16825.0,16844.15,16824.6,16834.35,10:25:00,16853.407552165565,2,15
2021-12-22,16848.7,16850.0,16822.15,16824.2,10:30:00,16852.959213864084,2,16
2021-12-22,16823.55,16857.8,16819.5,16848.75,10:35:00,16850.15833635322,2,17
2021-12-22,16840.2,16843.25,16821.05,16824.05,10:40:00,16849.209923367198,2,18
2021-12-22,16829.9,16845.1,16828.0,16840.8,10:45:00,16847.37088304651,2,19
2021-12-22,16863.45,16864.3,16829.45,16829.45,10:50:00,16848.902227518272,2,20
2021-12-22,16867.3,16867.45,16855.8,16864.05,10:55:00,16850.654396326056,2,21
2021-12-22,16870.2,16877.55,16866.85,16867.1,11:00:00,16852.515882390242,2,22
2021-12-22,16876.9,16879.75,16869.5,16869.6,11:05:00,16854.838179305458,2,23
2021-12-22,16868.25,16885.4,16867.1,16875.75,11:10:00,16856.11549556208,2,24
2021-12-22,16872.55,16873.85,16859.6,16868.6,11:15:00,16857.68068646093,2,25
2021-12-22,16868.3,16880.6,16868.2,16872.45,11:20:00,16858.69204965513,2,26
2021-12-22,16868.55,16875.75,16867.75,16868.95,11:25:00,16859.630902068926,2,27
2021-12-22,16868.0,16870.95,16860.65,16869.1,11:30:00,16860.42795901474,2,28
2021-12-22,16878.25,16878.85,16867.95,16868.35,11:35:00,16862.125296251434,2,29
2021-12-22,16873.55,16884.75,16868.2,16878.85,11:40:00,16863.213363275107,2,30
2021-12-22,16880.75,16880.75,16868.3,16873.6,11:45:00,16864.883519153667,2,31
2021-12-22,16876.7,16885.7,16875.3,16881.25,11:50:00,16866.00889828189,2,32
2021-12-22,16884.6,16884.9,16872.5,16878.1,11:55:00,16867.7794793979,2,33
2021-12-22,16900.05,16904.3,16884.3,16884.3,12:00:00,16870.852862312386,2,34
2021-12-22,16897.05,16902.7,16895.15,16901.05,12:05:00,16873.347827806443,2,35
2021-12-22,16878.15,16899.9,16876.45,16896.15,12:10:00,16873.80517753916,2,36
2021-12-22,16883.2,16886.15,16869.7,16878.35,12:15:00,16874.69992253543,2,37
2021-12-22,16885.75,16889.35,16881.45,16883.6,12:20:00,16875.75231086539,2,38
2021-12-22,16880.15,16886.35,16874.9,16886.25,12:25:00,16876.17113840202,2,39
2021-12-22,16882.9,16884.6,16876.2,16881.2,12:30:00,16876.81198236373,2,40
2021-12-22,16889.2,16891.85,16882.25,16883.35,12:35:00,16877.991793567184,2,41
2021-12-22,16897.65,16897.8,16884.2,16889.9,12:40:00,16879.864003703642,2,42
2021-12-22,16895.1,16906.05,16892.5,16898.25,12:45:00,16881.315050969963,2,43
2021-12-22,16891.9,16898.7,16889.6,16894.8,12:50:00,16882.323141353776,2,44
2021-12-22,16899.15,16902.05,16889.5,16893.4,12:55:00,16883.925699320083,2,45
2021-12-22,16905.55,16905.65,16893.7,16900.05,13:00:00,16885.985156527695,2,46
2021-12-22,16913.7,16917.35,16902.75,16906.35,13:05:00,16888.62466542982,2,47
2021-12-22,16875.05,16913.5,16874.2,16913.3,13:10:00,16887.33184015079,2,48
2021-12-22,16885.55,16888.2,16859.15,16874.6,13:15:00,16887.16214108881,2,49
2021-12-22,16901.9,16901.95,16884.95,16886.1,13:20:00,16888.5657466994,2,50
2021-12-22,16891.4,16902.35,16890.85,16902.35,13:25:00,16888.83567558517,2,51
2021-12-22,16895.6,16899.65,16886.9,16891.15,13:30:00,16889.47989695801,2,52
2021-12-22,16886.3,16900.0,16879.65,16895.9,13:35:00,16889.177049628677,2,53
2021-12-22,16895.4,16898.75,16874.75,16887.1,13:40:00,16889.769711568802,2,54
2021-12-22,16883.25,16895.8,16882.1,16895.0,13:45:00,16889.14878665749,2,55
2021-12-22,16877.45,16889.9,16875.9,16883.45,13:50:00,16888.034616499634,2,56
2021-12-22,16877.6,16883.1,16874.5,16878.1,13:55:00,16887.040843499668,2,57
2021-12-22,16869.05,16879.0,16855.8,16878.3,14:00:00,16885.327429833033,2,58
2021-12-22,16857.55,16869.5,16850.6,16869.5,14:05:00,16882.681960325124,2,59
2021-12-22,16877.5,16878.4,16857.95,16858.85,14:10:00,16882.188440294158,2,60
2021-12-22,16892.0,16896.0,16869.35,16878.25,14:15:00,16883.122874551857,2,61
2021-12-22,16892.55,16898.15,16883.3,16892.95,14:20:00,16884.020696023108,2,62
2021-12-22,16901.75,16901.95,16885.65,16892.45,14:25:00,16885.709201163765,2,63
2021-12-22,16889.55,16907.55,16889.55,16902.35,14:30:00,16886.07499152912,2,64
2021-12-22,16885.7,16897.05,16882.85,16890.15,14:35:00,16886.039278050157,2,65
2021-12-22,16901.2,16901.4,16885.5,16887.05,14:40:00,16887.483156331095,2,66
2021-12-22,16916.1,16916.65,16901.7,16902.3,14:45:00,16890.20857001385,2,67
2021-12-22,16916.95,16920.45,16908.55,16917.0,14:50:00,16892.755372869673,2,68
2021-12-22,16937.15,16941.2,16917.05,16917.95,14:55:00,16896.98343259637,2,69
2021-12-22,16957.85,16962.1,16938.75,16938.75,15:00:00,16902.780248539573,2,70
2021-12-22,16951.8,16959.85,16946.85,16959.5,15:05:00,16907.448796297707,2,71
2021-12-22,16947.65,16955.45,16943.75,16952.4,15:10:00,16911.277482364592,2,72
2021-12-22,16960.9,16963.95,16946.2,16947.15,15:15:00,16916.003436425108,2,73
2021-12-22,16966.9,16969.4,16956.8,16961.4,15:20:00,16920.850728194146,2,74
2021-12-22,16966.65,16971.0,16961.95,16967.05,15:25:00,16925.212563604226,2,75
2021-12-23,17037.5,17069.7,17032.3,17069.7,09:15:00,16935.90660516573,3,1
2021-12-23,17045.95,17050.45,17031.75,17036.95,09:20:00,16946.38692848328,3,2
2021-12-23,17053.75,17059.65,17042.7,17045.5,09:25:00,16956.611982913444,3,3
2021-12-23,17057.95,17076.0,17055.05,17055.5,09:30:00,16966.263222635975,3,4
2021-12-23,17068.6,17068.9,17052.0,17057.2,09:35:00,16976.00958238493,3,5
2021-12-23,17091.5,17095.75,17065.8,17068.7,09:40:00,16987.008669776842,3,6
2021-12-23,17097.95,17099.35,17080.25,17090.75,09:45:00,16997.574510750477,3,7
2021-12-23,17104.8,17107.75,17094.45,17098.4,09:50:00,17007.786462107575,3,8
2021-12-23,17083.3,17107.85,17080.95,17106.05,09:55:00,17014.978227621137,3,9
2021-12-23,17087.85,17091.5,17076.5,17082.65,10:00:00,17021.918396419125,3,10
2021-12-23,17074.35,17088.05,17068.7,17087.0,10:05:00,17026.911882474447,3,11
2021-12-23,17057.65,17082.0,17055.95,17073.55,10:10:00,17029.839322238786,3,12
2021-12-23,17054.9,17057.3,17042.15,17057.2,10:15:00,17032.226053454142,3,13
2021-12-23,17041.85,17056.0,17034.75,17055.0,10:20:00,17033.142619791844,3,14
2021-12-23,17047.9,17050.55,17032.8,17040.2,10:25:00,17034.548084573573,3,15
2021-12-23,17050.4,17058.95,17038.8,17047.5,10:30:00,17036.05779080466,3,16
2021-12-23,17064.2,17065.5,17048.65,17049.25,10:35:00,17038.73800120422,3,17
2021-12-23,17051.65,17063.85,17051.1,17063.55,10:40:00,17039.967715375245,3,18
2021-12-23,17045.45,17054.0,17042.75,17051.0,10:45:00,17040.48983772046,3,19
2021-12-23,17061.6,17061.65,17044.8,17045.5,10:50:00,17042.50032936613,3,20
2021-12-23,17055.8,17066.0,17055.75,17060.6,10:55:00,17043.76696466459,3,21
2021-12-23,17054.25,17061.65,17053.25,17056.5,11:00:00,17044.765348982248,3,22
2021-12-23,17056.35,17060.7,17052.6,17053.6,11:05:00,17045.868649079177,3,23
2021-12-23,17040.85,17056.85,17039.55,17054.7,11:10:00,17045.39068250021,3,24
2021-12-23,17026.4,17041.1,17015.55,17041.0,11:15:00,17043.582046071617,3,25
2021-12-23,17027.7,17034.4,17026.8,17027.5,11:20:00,17042.069470255272,3,26
2021-12-23,17031.85,17039.75,17027.25,17028.45,11:25:00,17041.096187373816,3,27
2021-12-23,17031.3,17034.55,17026.0,17032.3,11:30:00,17040.16321714774,3,28
2021-12-23,17033.4,17048.95,17030.75,17032.35,11:35:00,17039.519101228907,3,29
2021-12-23,17042.4,17042.65,17031.25,17033.6,11:40:00,17039.79347254044,3,30
2021-12-23,17046.05,17050.9,17042.8,17042.8,11:45:00,17040.389332298495,3,31
2021-12-23,17057.0,17057.1,17045.95,17046.35,11:50:00,17041.971300651017,3,32
2021-12-23,17058.95,17061.9,17053.1,17057.05,11:55:00,17043.588319636634,3,33
2021-12-23,17070.6,17073.8,17060.05,17061.05,12:00:00,17046.16086062362,3,34
2021-12-23,17068.9,17072.4,17065.0,17070.9,12:05:00,17048.32649294518,3,35
2021-12-23,17070.05,17076.05,17065.75,17069.75,12:10:00,17050.395398378972,3,36
2021-12-23,17079.55,17080.25,17068.7,17070.0,12:15:00,17053.172027104785,3,37
2021-12-23,17084.1,17085.15,17072.75,17080.35,12:20:00,17056.117548332903,3,38
2021-12-23,17085.55,17088.6,17080.7,17084.4,12:25:00,17058.920638967866,3,39
2021-12-23,17088.55,17091.95,17080.75,17084.8,12:30:00,17061.74248287569,3,40
2021-12-23,17084.75,17089.2,17073.85,17088.3,12:35:00,17063.933674982763,3,41
2021-12-23,17088.55,17090.4,17082.4,17084.6,12:40:00,17066.278086889168,3,42
2021-12-23,17085.7,17090.35,17083.3,17088.9,12:45:00,17068.127792899722,3,43
2021-12-23,17085.9,17087.1,17075.7,17086.25,12:50:00,17069.82038405213,3,44
2021-12-23,17081.4,17087.5,17080.95,17086.15,12:55:00,17070.923204618593,3,45
2021-12-23,17088.4,17089.45,17078.6,17081.1,13:00:00,17072.587661321584,3,46
2021-12-23,17083.15,17088.55,17081.4,17087.8,13:05:00,17073.593598338575,3,47
2021-12-23,17085.9,17087.65,17074.3,17083.45,13:10:00,17074.765636592045,3,48
2021-12-23,17103.8,17107.9,17085.75,17085.95,13:15:00,17077.530814059468,3,49
2021-12-23,17113.15,17115.1,17102.3,17104.45,13:20:00,17080.923117482376,3,50
2021-12-23,17103.0,17118.65,17103.0,17115.25,13:25:00,17083.02567772215,3,51
2021-12-23,17097.95,17105.85,17093.75,17104.3,13:30:00,17084.447041748615,3,52
2021-12-23,17085.75,17101.0,17082.2,17097.25,13:35:00,17084.571133010653,3,53
2021-12-23,17067.6,17086.8,17062.25,17085.85,13:40:00,17082.954834628687,3,54
2021-12-23,17057.7,17079.1,17057.4,17068.15,13:45:00,17080.5496122831,3,55
2021-12-23,17062.2,17067.75,17050.8,17057.85,13:50:00,17078.8020301609,3,56
2021-12-23,17069.4,17075.95,17062.1,17062.1,13:55:00,17077.906598717003,3,57
2021-12-23,17066.05,17076.5,17066.05,17069.55,14:00:00,17076.777398839193,3,58
2021-12-23,17052.45,17066.1,17046.65,17065.95,14:05:00,17074.460503711653,3,59
2021-12-23,17049.75,17056.5,17046.5,17052.5,14:10:00,17072.10712240578,3,60
2021-12-23,17045.15,17051.95,17041.85,17049.3,14:15:00,17069.539777414753,3,61
2021-12-23,17066.9,17073.9,17043.1,17046.75,14:20:00,17069.28837004192,3,62
2021-12-23,17070.4,17071.05,17063.5,17067.4,14:25:00,17069.394239561734,3,63
2021-12-23,17070.65,17078.15,17064.95,17071.05,14:30:00,17069.51383579395,3,64
2021-12-23,17060.2,17074.95,17059.45,17070.6,14:35:00,17068.626803813575,3,65
2021-12-23,17061.8,17062.0,17048.15,17060.65,14:40:00,17067.976632021808,3,66
2021-12-23,17060.5,17063.4,17056.8,17061.95,14:45:00,17067.264571829255,3,67
2021-12-23,17052.0,17062.2,17049.05,17060.35,14:50:00,17065.810803083612,3,68
2021-12-23,17060.75,17067.9,17050.95,17052.65,14:55:00,17065.328821837553,3,69
2021-12-23,17083.6,17085.6,17059.5,17060.95,15:00:00,17067.0689340435,3,70
2021-12-23,17094.25,17094.25,17077.6,17082.55,15:05:00,17069.657606991736,3,71
2021-12-23,17087.5,17095.25,17084.4,17094.75,15:10:00,17071.35688251633,3,72
2021-12-23,17060.45,17089.35,17060.25,17088.2,15:15:00,17070.31813180049,3,73
2021-12-23,17046.95,17061.7,17043.35,17061.7,15:20:00,17068.09259543854,3,74
2021-12-23,17051.8,17057.9,17044.7,17047.55,15:25:00,17066.540919682488,3,75
2021-12-24,17054.8,17155.6,17051.4,17155.6,09:15:00,17065.422736855584,4,1
2021-12-24,17103.25,17107.35,17059.05,17059.05,09:20:00,17069.025333345526,4,2
2021-12-24,17089.75,17112.1,17071.45,17103.7,09:25:00,17070.999111122142,4,3
2021-12-24,17042.7,17094.05,17042.7,17090.6,09:30:00,17068.30395768194,4,4
2021-12-24,17006.35,17045.6,17005.0,17041.0,09:35:00,17062.403580759852,4,5
2021-12-24,16984.65,17018.6,16977.15,17006.85,09:40:00,17054.99847783034,4,6
2021-12-24,17014.7,17021.35,16966.65,16982.5,09:45:00,17051.160527560784,4,7
2021-12-24,16988.95,17014.1,16984.55,17014.1,09:50:00,17045.23571541214,4,8
2021-12-24,16999.4,17005.7,16978.75,16987.65,09:55:00,17040.87040918241,4,9
2021-12-24,16947.35,17007.2,16942.1,16999.45,10:00:00,17031.963703545993,4,10
2021-12-24,16929.5,16953.45,16928.2,16945.8,10:05:00,17022.20525558923,4,11
2021-12-24,16944.7,16950.05,16925.15,16927.55,10:10:00,17014.823802675972,4,12
2021-12-24,16953.25,16963.15,16938.1,16945.95,10:15:00,17008.959630992547,4,13
2021-12-24,16950.15,16952.75,16940.55,16952.75,10:20:00,17003.358713755162,4,14
2021-12-24,16943.45,16948.9,16938.45,16948.9,10:25:00,16997.653121968957,4,15
2021-12-24,16942.2,16955.4,16941.5,16945.4,10:30:00,16992.371872257627,4,16
2021-12-24,16921.95,16939.9,16909.6,16939.4,10:35:00,16985.66502728071,4,17
2021-12-24,16932.6,16933.85,16919.4,16921.9,10:40:00,16980.611215158737,4,18
2021-12-24,16928.1,16935.35,16923.55,16931.8,10:45:00,16975.61014704838,4,19
2021-12-24,16941.15,16942.35,16924.85,16928.05,10:50:00,16972.32822828187,4,20
2021-12-24,16927.7,16948.15,16927.7,16940.9,10:55:00,16968.077920826454,4,21
2021-12-24,16945.4,16945.45,16927.5,16928.55,11:00:00,16965.918118842983,4,22
2021-12-24,16962.6,16963.85,16943.5,16945.2,11:05:00,16965.602107524603,4,23
2021-12-24,16968.1,16977.55,16960.05,16963.55,11:10:00,16965.84000204607,4,24
2021-12-24,16948.95,16974.9,16948.95,16967.6,11:15:00,16964.231430422635,4,25
2021-12-24,16940.6,16952.35,16936.05,16949.3,11:20:00,16961.98081800143,4,26
2021-12-24,16948.8,16950.25,16929.2,16939.95,11:25:00,16960.725502001293,4,27
2021-12-24,16931.65,16948.15,16925.35,16948.15,11:30:00,16957.956406572597,4,28
2021-12-24,16946.05,16948.75,16929.6,16931.85,11:35:00,16956.822463089495,4,29
2021-12-24,16948.85,16950.55,16942.7,16945.8,11:40:00,16956.063180890495,4,30
2021-12-24,16953.3,16954.85,16938.75,16949.15,11:45:00,16955.800020805684,4,31
2021-12-24,16964.95,16966.9,16951.55,16952.55,11:50:00,16956.67144739562,4,32
2021-12-24,16969.9,16970.75,16958.35,16964.2,11:55:00,16957.931309548418,4,33
2021-12-24,16965.0,16973.95,16963.8,16969.4,12:00:00,16958.604518162854,4,34
2021-12-24,16976.55,16984.8,16965.75,16966.0,12:05:00,16960.313611671154,4,35
2021-12-24,16988.2,16990.4,16976.8,16976.8,12:10:00,16962.969458178664,4,36
2021-12-24,16985.9,16989.45,16978.45,16988.95,12:15:00,16965.153319304507,4,37
2021-12-24,16972.9,16987.5,16969.8,16987.2,12:20:00,16965.891098418364,4,38
2021-12-24,16977.5,16978.85,16966.8,16973.35,12:25:00,16966.996708092807,4,39
2021-12-24,16951.75,16977.7,16950.25,16977.7,12:30:00,16965.544640655397,4,40
2021-12-24,16951.75,16954.25,16939.5,16952.1,12:35:00,16964.230865354883,4,41
2021-12-24,16951.2,16961.45,16949.5,16951.6,12:40:00,16962.98983055918,4,42
2021-12-24,16949.65,16954.1,16943.35,16951.35,12:45:00,16961.719370505925,4,43
2021-12-24,16956.8,16957.9,16945.15,16949.55,12:50:00,16961.25085902917,4,44
2021-12-24,16959.3,16963.5,16954.5,16957.55,12:55:00,16961.065062931153,4,45
2021-12-24,16965.85,16970.2,16957.2,16960.0,13:00:00,16961.520771223426,4,46
2021-12-24,16955.6,16969.4,16955.6,16966.45,13:05:00,16960.956888249766,4,47
2021-12-24,16943.5,16956.0,16939.15,16955.95,13:10:00,16959.294327464075,4,48
2021-12-24,16948.4,16950.65,16941.5,16943.75,13:15:00,16958.256772467495,4,49
2021-12-24,16966.25,16970.2,16948.7,16948.95,13:20:00,16959.018032232496,4,50
2021-12-24,16966.75,16968.45,16956.05,16966.9,13:25:00,16959.754410115114,4,51
2021-12-24,16977.7,16994.45,16968.1,16968.2,13:30:00,16961.463513913674,4,52
2021-12-24,16985.3,16985.7,16969.65,16976.55,13:35:00,16963.733655445707,4,53
2021-12-24,16996.65,17001.5,16982.45,16985.55,13:40:00,16966.868545403257,4,54
2021-12-24,16993.25,17006.3,16988.9,16997.0,13:45:00,16969.38106488866,4,55
2021-12-24,16999.4,17001.05,16983.25,16995.4,13:50:00,16972.240011089743,4,56
2021-12-24,17010.75,17016.75,16999.4,16999.45,13:55:00,16975.907629081197,4,57
2021-12-24,17003.95,17016.7,17002.7,17010.55,14:00:00,16978.578331073466,4,58
2021-12-24,17033.8,17034.15,16998.05,17004.0,14:05:00,16983.837537637897,4,59
2021-12-24,17041.3,17046.35,17027.3,17034.0,14:10:00,16989.310153100952,4,60
2021-12-24,17057.05,17059.25,17040.4,17042.5,14:15:00,16995.761567091336,4,61
2021-12-24,17046.4,17061.55,17037.0,17057.35,14:20:00,17000.5842749874,4,62
2021-12-24,17037.6,17044.9,17023.05,17044.15,14:25:00,17004.109582131456,4,63
2021-12-24,17030.6,17045.3,17023.5,17040.0,14:30:00,17006.632479071315,4,64
2021-12-24,17034.8,17043.65,17025.85,17031.25,14:35:00,17009.31510011214,4,65
2021-12-24,17056.05,17057.8,17034.25,17036.3,14:40:00,17013.766042958603,4,66
2021-12-24,17056.65,17068.15,17048.3,17055.7,14:45:00,17017.850229343498,4,67
2021-12-24,17039.75,17056.95,17037.45,17056.95,14:50:00,17019.935921786975,4,68
2021-12-24,17008.3,17040.35,17003.25,17039.6,14:55:00,17018.827738759643,4,69
2021-12-24,17004.8,17024.55,17002.15,17008.7,15:00:00,17017.49176363968,4,70
2021-12-24,16988.4,17006.65,16983.35,17003.8,15:05:00,17014.721119483518,4,71
2021-12-24,17002.7,17011.1,16984.15,16989.2,15:10:00,17013.57625096128,4,72
2021-12-24,17010.0,17012.05,16996.4,17003.9,15:15:00,17013.235655631634,4,73
2021-12-24,17009.0,17016.1,16999.3,17010.2,15:20:00,17012.832259857194,4,74
2021-12-24,16998.05,17010.05,16994.0,17010.05,15:25:00,17011.42442558508,4,75
2021-12-27,16871.7,16949.05,16855.25,16949.05,09:15:00,16998.11733743412,0,1
2021-12-27,16871.45,16872.3,16833.2,16872.25,09:20:00,16986.05378148801,0,2
2021-12-27,16939.0,16939.0,16863.9,16870.7,09:25:00,16981.572468965343,0,3
2021-12-27,16901.15,16960.25,16898.45,16938.6,09:30:00,16973.91318620674,0,4
2021-12-27,16889.3,16900.75,16876.45,16899.3,09:35:00,16965.854787520384,0,5
2021-12-27,16912.5,16918.7,16888.7,16890.05,09:40:00,16960.77337918511,0,6
2021-12-27,16956.65,16957.1,16901.75,16910.65,09:45:00,16960.380676405577,0,7
2021-12-27,16938.35,16965.3,16935.7,16957.05,09:50:00,16958.282516747902,0,8
2021-12-27,16957.25,16957.25,16934.55,16938.3,09:55:00,16958.18418181953,0,9
2021-12-27,16957.55,16962.3,16941.25,16958.4,10:00:00,16958.123783551004,0,10
2021-12-27,16981.0,16986.95,16954.55,16957.5,10:05:00,16960.30247083186,0,11
2021-12-27,16963.65,16994.35,16952.05,16981.25,10:10:00,16960.621283133587,0,12
2021-12-27,16976.25,16976.25,16953.8,16965.55,10:15:00,16962.10973235896,0,13
2021-12-27,16978.6,16987.45,16972.7,16976.8,10:20:00,16963.680234039057,0,14
2021-12-27,16982.5,16985.25,16970.3,16979.2,10:25:00,16965.472592702004,0,15
2021-12-27,16994.2,17001.85,16983.15,16984.3,10:30:00,16968.208536254195,0,16
2021-12-27,17005.65,17007.45,16990.85,16994.8,10:35:00,16971.774389944272,0,17
2021-12-27,17015.55,17018.75,17005.75,17005.9,10:40:00,16975.943495663865,0,18
2021-12-27,17017.05,17037.5,17016.2,17016.2,10:45:00,16979.858400838737,0,19
2021-12-27,17004.6,17016.75,16991.25,17016.45,10:50:00,16982.214743616,0,20
2021-12-27,16982.75,17004.2,16981.35,17003.1,10:55:00,16982.265720414478,0,21
2021-12-27,16975.75,16990.4,16973.15,16984.5,11:00:00,16981.6451756131,0,22
2021-12-27,16994.0,17007.75,16975.4,16975.5,11:05:00,16982.821825554707,0,23
2021-12-27,17011.65,17012.5,16992.75,16993.5,11:10:00,16985.56736597807,0,24
2021-12-27,17006.5,17013.4,17003.65,17012.05,11:15:00,16987.560950170635,0,25
2021-12-27,17003.15,17009.1,17001.05,17007.6,11:20:00,16989.045621582954,0,26
2021-12-27,17003.7,17004.5,16990.6,17003.9,11:25:00,16990.44127667029,0,27
2021-12-27,17006.5,17012.45,17001.45,17004.2,11:30:00,16991.97067889217,0,28
2021-12-27,16998.2,17012.65,16996.95,17006.2,11:35:00,16992.563947569106,0,29
2021-12-27,17003.3,17005.95,16996.6,16998.45,11:40:00,16993.586428753,0,30
2021-12-27,17020.9,17021.6,17003.6,17003.8,11:45:00,16996.187721252714,0,31
2021-12-27,17015.2,17025.4,17014.35,17019.65,11:50:00,16997.99841446674,0,32
2021-12-27,17021.0,17029.5,17014.15,17014.8,11:55:00,17000.189041660386,0,33
2021-12-27,17015.45,17022.75,17009.55,17021.25,12:00:00,17001.64246626416,0,34
2021-12-27,17016.7,17020.15,17009.1,17016.6,12:05:00,17003.076517096146,0,35
2021-12-27,17020.9,17026.3,17017.2,17017.55,12:10:00,17004.773991658418,0,36
2021-12-27,17041.6,17042.65,17020.2,17021.75,12:15:00,17008.28123054809,0,37
2021-12-27,17046.3,17048.8,17038.9,17042.7,12:20:00,17011.902065733986,0,38
2021-12-27,17045.5,17048.05,17037.9,17048.05,12:25:00,17015.101868997415,0,39
2021-12-27,17047.0,17051.2,17041.65,17046.9,12:30:00,17018.13978623576,0,40
2021-12-27,17050.2,17050.2,17038.85,17048.0,12:35:00,17021.193139927593,0,41
2021-12-27,17060.25,17062.5,17048.15,17052.15,12:40:00,17024.91284088687,0,42
2021-12-27,17067.2,17072.3,17052.85,17062.6,12:45:00,17028.940189373836,0,43
2021-12-27,17062.45,17068.75,17057.5,17068.2,12:50:00,17032.131599909662,0,44
2021-12-27,17061.75,17064.25,17054.15,17063.75,12:55:00,17034.952399918267,0,45
2021-12-27,17045.75,17065.1,17042.1,17063.0,13:00:00,17035.980742783195,0,46
2021-12-27,17045.85,17052.4,17039.35,17047.0,13:05:00,17036.92067204194,0,47
2021-12-27,17040.45,17047.85,17031.4,17047.85,13:10:00,17037.256798514136,0,48
2021-12-27,17050.3,17052.15,17034.9,17041.2,13:15:00,17038.499008179457,0,49
2021-12-27,17060.75,17063.65,17048.65,17051.45,13:20:00,17040.618150257604,0,50
2021-12-27,17066.5,17069.85,17059.35,17061.5,13:25:00,17043.08308832831,0,51
2021-12-27,17088.35,17091.55,17059.6,17068.3,13:30:00,17047.394222773233,0,52
2021-12-27,17086.6,17095.35,17085.0,17091.2,13:35:00,17051.12810631864,0,53
2021-12-27,17083.1,17088.6,17075.35,17087.35,13:40:00,17054.173048574008,0,54
2021-12-27,17085.3,17093.9,17083.1,17084.15,13:45:00,17057.13752013839,0,55
2021-12-27,17077.0,17086.65,17073.6,17086.5,13:50:00,17059.029184887113,0,56
2021-12-27,17070.25,17082.9,17066.15,17077.85,13:55:00,17060.09783394548,0,57
2021-12-27,17077.0,17079.1,17059.6,17072.8,14:00:00,17061.70756404591,0,58
2021-12-27,17081.05,17085.9,17078.45,17078.8,14:05:00,17063.549700803444,0,59
2021-12-27,17079.95,17086.4,17071.75,17082.8,14:10:00,17065.11163406026,0,60
2021-12-27,17049.7,17081.4,17046.95,17081.1,14:15:00,17063.643859387856,0,61
2021-12-27,17059.45,17066.75,17050.3,17050.85,14:20:00,17063.24444420806,0,62
2021-12-27,17061.75,17067.95,17058.55,17059.95,14:25:00,17063.102116188245,0,63
2021-12-27,17072.6,17080.75,17060.5,17063.4,14:30:00,17064.00667655127,0,64
2021-12-27,17087.1,17090.55,17073.4,17073.6,14:35:00,17066.206040689245,0,65
2021-12-27,17086.5,17091.45,17081.95,17087.95,14:40:00,17068.138798718843,0,66
2021-12-27,17085.3,17087.85,17080.65,17087.5,14:45:00,17069.77319884086,0,67
2021-12-27,17107.6,17108.5,17086.15,17086.3,14:50:00,17073.375751332205,0,68
2021-12-27,17092.85,17112.05,17090.55,17106.9,14:55:00,17075.230441681517,0,69
2021-12-27,17084.75,17094.05,17069.4,17093.8,15:00:00,17076.137066283278,0,70
2021-12-27,17083.6,17094.65,17081.65,17086.05,15:05:00,17076.847821875344,0,71
2021-12-27,17087.45,17090.25,17080.1,17083.45,15:10:00,17077.857553125312,0,72
2021-12-27,17090.2,17090.7,17081.35,17087.9,15:15:00,17079.033024256234,0,73
2021-12-27,17088.8,17093.35,17079.35,17090.7,15:20:00,17079.963212422306,0,74
2021-12-27,17101.95,17101.95,17087.6,17089.45,15:25:00,17082.057192191613,0,75
2021-12-28,17199.1,17203.95,17163.65,17185.8,09:15:00,17093.204126268603,1,1
2021-12-28,17176.7,17203.8,17173.7,17199.45,09:20:00,17101.156114243022,1,2
2021-12-28,17176.85,17198.85,17175.5,17178.25,09:25:00,17108.365055743685,1,3
2021-12-28,17210.35,17210.5,17165.55,17177.3,09:30:00,17118.07790757762,1,4
2021-12-28,17204.25,17220.7,17195.6,17211.05,09:35:00,17126.28477352261,1,5
2021-12-28,17189.05,17205.8,17185.15,17204.75,09:40:00,17132.262414139503,1,6
2021-12-28,17181.1,17193.05,17175.1,17190.45,09:45:00,17136.913612792883,1,7
2021-12-28,17184.1,17194.5,17180.0,17181.6,09:50:00,17141.407554431655,1,8
2021-12-28,17194.75,17197.25,17179.7,17183.2,09:55:00,17146.487787342925,1,9
2021-12-28,17185.6,17195.85,17182.3,17195.45,10:00:00,17150.21275997693,1,10
2021-12-28,17196.55,17201.2,17183.25,17184.15,10:05:00,17154.62583045532,1,11
2021-12-28,17208.0,17210.3,17195.2,17195.5,10:10:00,17159.709084697668,1,12
2021-12-28,17199.85,17211.15,17193.8,17207.3,10:15:00,17163.532029012174,1,13
2021-12-28,17201.4,17205.25,17197.85,17199.1,10:20:00,17167.138502439586,1,14
2021-12-28,17183.55,17203.05,17175.8,17200.3,10:25:00,17168.701502207245,1,15
2021-12-28,17185.9,17188.25,17169.1,17183.75,10:30:00,17170.339454377983,1,16
2021-12-28,17187.9,17192.4,17182.35,17185.0,10:35:00,17172.011887294364,1,17
2021-12-28,17191.05,17193.75,17183.4,17187.95,10:40:00,17173.825040885375,1,18
2021-12-28,17189.15,17196.25,17187.4,17191.35,10:45:00,17175.284560801054,1,19
2021-12-28,17195.65,17203.45,17188.7,17188.9,10:50:00,17177.22412643905,1,20
2021-12-28,17191.6,17198.3,17190.2,17196.2,10:55:00,17178.59325725438,1,21
2021-12-28,17193.55,17198.05,17192.0,17192.55,11:00:00,17180.017708944437,1,22
2021-12-28,17203.7,17204.55,17189.3,17194.25,11:05:00,17182.27316523544,1,23
2021-12-28,17207.15,17209.75,17200.7,17202.5,11:10:00,17184.642387593973,1,24
2021-12-28,17208.05,17217.1,17206.75,17206.75,11:15:00,17186.871684013593,1,25
2021-12-28,17221.45,17222.1,17207.35,17207.35,11:20:00,17190.16485696468,1,26
2021-12-28,17223.2,17224.0,17214.6,17221.55,11:25:00,17193.31106106328,1,27
2021-12-28,17224.9,17230.45,17221.1,17223.75,11:30:00,17196.319531438206,1,28
2021-12-28,17225.7,17227.2,17219.5,17225.05,11:35:00,17199.117671301236,1,29
2021-12-28,17214.9,17227.3,17214.55,17225.95,11:40:00,17200.620750224927,1,30
2021-12-28,17218.0,17221.05,17214.6,17214.6,11:45:00,17202.275916870174,1,31
2021-12-28,17213.9,17220.15,17212.8,17218.95,11:50:00,17203.382972406347,1,32
2021-12-28,17228.9,17230.05,17211.05,17213.65,11:55:00,17205.813165510503,1,33
2021-12-28,17227.55,17233.05,17224.9,17229.05,12:00:00,17207.883340223787,1,34
2021-12-28,17228.6,17232.6,17224.0,17226.9,12:05:00,17209.85635544057,1,35
2021-12-28,17238.5,17239.15,17228.45,17228.55,12:10:00,17212.584321589085,1,36
2021-12-28,17230.5,17240.6,17230.5,17239.35,12:15:00,17214.29057667584,1,37
2021-12-28,17233.85,17240.65,17229.0,17230.7,12:20:00,17216.15337889719,1,38
2021-12-28,17237.9,17240.65,17232.1,17234.25,12:25:00,17218.224485668885,1,39
2021-12-28,17233.9,17238.6,17232.6,17238.25,12:30:00,17219.717391795657,1,40
2021-12-28,17241.55,17244.75,17233.45,17233.45,12:35:00,17221.79668781512,1,41
2021-12-28,17241.85,17246.55,17239.8,17241.85,12:40:00,17223.706527070823,1,42
2021-12-28,17239.05,17243.3,17236.6,17242.2,12:45:00,17225.167810206935,1,43
2021-12-28,17228.85,17239.95,17223.6,17238.65,12:50:00,17225.51849494913,1,44
2021-12-28,17234.3,17234.3,17227.25,17229.1,12:55:00,17226.3548287635,1,45
2021-12-28,17217.95,17239.6,17216.85,17233.25,13:00:00,17225.55436888126,1,46
2021-12-28,17214.55,17224.9,17214.2,17217.65,13:05:00,17224.506333749712,1,47
2021-12-28,17212.3,17217.15,17205.35,17215.35,13:10:00,17223.343825773547,1,48
2021-12-28,17205.5,17214.3,17200.7,17211.85,13:15:00,17221.644413795115,1,49
2021-12-28,17214.35,17218.4,17204.5,17204.65,13:20:00,17220.94970771939,1,50
2021-12-28,17219.45,17222.05,17211.85,17213.75,13:25:00,17220.80687841278,1,51
2021-12-28,17216.2,17222.95,17215.35,17220.25,13:30:00,17220.368128087754,1,52
2021-12-28,17214.55,17218.3,17212.35,17215.6,13:35:00,17219.814020650825,1,53
2021-12-28,17214.75,17219.2,17212.8,17214.5,13:40:00,17219.331732969797,1,54
2021-12-28,17225.75,17229.9,17214.45,17215.0,13:45:00,17219.942996496484,1,55
2021-12-28,17230.55,17233.65,17225.3,17226.5,13:50:00,17220.953187306342,1,56
2021-12-28,17233.55,17236.7,17228.75,17231.0,13:55:00,17222.15288375336,1,57
2021-12-28,17230.2,17239.45,17228.3,17235.05,14:00:00,17222.919275776847,1,58
2021-12-28,17236.3,17237.1,17227.1,17230.75,14:05:00,17224.193630464768,1,59
2021-12-28,17234.45,17242.75,17234.45,17237.75,14:10:00,17225.17042756336,1,60
2021-12-28,17243.85,17245.25,17235.7,17235.7,14:15:00,17226.949434462087,1,61
2021-12-28,17231.5,17250.25,17226.35,17245.1,14:20:00,17227.382821656174,1,62
2021-12-28,17233.85,17238.45,17231.35,17232.2,14:25:00,17227.998743403205,1,63
2021-12-28,17233.45,17242.8,17232.3,17234.9,14:30:00,17228.517910698138,1,64
2021-12-28,17210.1,17233.9,17210.0,17233.9,14:35:00,17226.763823964982,1,65
2021-12-28,17191.6,17210.4,17183.3,17210.4,14:40:00,17223.41488834927,1,66
2021-12-28,17179.15,17192.5,17161.15,17191.9,14:45:00,17219.199184696958,1,67
2021-12-28,17202.15,17202.5,17178.4,17178.65,14:50:00,17217.575452821056,1,68
2021-12-28,17199.8,17207.0,17196.4,17203.15,14:55:00,17215.882552552383,1,69
2021-12-28,17233.7,17234.05,17201.95,17201.95,15:00:00,17217.5794523093,1,70
2021-12-28,17235.75,17238.35,17225.35,17234.0,15:05:00,17219.309980660793,1,71
2021-12-28,17239.1,17239.65,17228.6,17237.35,15:10:00,17221.194744407385,1,72
2021-12-28,17238.4,17239.25,17231.25,17239.25,15:15:00,17222.833340178113,1,73
2021-12-28,17239.35,17242.65,17232.25,17238.65,15:20:00,17224.406355399246,1,74
2021-12-28,17233.35,17239.3,17232.1,17239.25,15:25:00,17225.258131075505,1,75
2021-12-29,17250.6,17252.15,17180.95,17222.95,09:15:00,17229.855295506255,2,1
2021-12-29,17244.6,17255.75,17236.65,17250.4,09:20:00,17231.25955307709,2,2
2021-12-29,17237.85,17244.4,17214.9,17244.35,09:25:00,17231.887214688795,2,3
2021-12-29,17260.55,17266.7,17238.5,17238.5,09:30:00,17234.617003766052,2,4
2021-12-29,17246.85,17262.55,17246.35,17260.45,09:35:00,17235.78205102643,2,5
2021-12-29,17263.5,17267.2,17245.4,17245.85,09:40:00,17238.42185569058,2,6
2021-12-29,17282.85,17284.5,17262.75,17265.15,09:45:00,17242.65310752957,2,7
2021-12-29,17277.3,17285.95,17274.2,17283.45,09:50:00,17245.952811574374,2,8
2021-12-29,17271.25,17277.85,17265.2,17277.5,09:55:00,17248.362067614908,2,9
2021-12-29,17267.45,17273.7,17267.2,17270.85,10:00:00,17250.1799659373,2,10
2021-12-29,17269.0,17274.15,17267.45,17267.7,10:05:00,17251.972350133747,2,11
2021-12-29,17252.65,17271.85,17251.95,17269.1,10:10:00,17252.036888216247,2,12
2021-12-29,17213.1,17252.0,17210.5,17251.65,10:15:00,17248.328613148034,2,13
2021-12-29,17245.25,17249.5,17213.6,17213.6,10:20:00,17248.035411895842,2,14
2021-12-29,17253.75,17253.75,17242.8,17244.3,10:25:00,17248.579658381954,2,15
2021-12-29,17249.0,17260.95,17248.15,17254.7,10:30:00,17248.619690917003,2,16
2021-12-29,17250.05,17255.25,17238.85,17248.35,10:35:00,17248.75591082967,2,17
2021-12-29,17250.8,17251.5,17243.5,17248.9,10:40:00,17248.95058598875,2,18
2021-12-29,17240.1,17251.05,17236.8,17250.45,10:45:00,17248.10767303744,2,19
2021-12-29,17239.4,17243.35,17235.8,17239.95,10:50:00,17247.2783708434,2,20
2021-12-29,17222.75,17239.85,17221.1,17239.85,10:55:00,17244.942335524982,2,21
2021-12-29,17219.4,17227.15,17217.45,17220.9,11:00:00,17242.50973214165,2,22
2021-12-29,17207.75,17219.65,17207.15,17218.5,11:05:00,17239.199281461493,2,23
2021-12-29,17221.7,17222.65,17201.3,17207.15,11:10:00,17237.532683227066,2,24
2021-12-29,17231.35,17232.1,17218.55,17221.55,11:15:00,17236.94385625306,2,25
2021-12-29,17231.95,17234.65,17227.5,17231.45,11:20:00,17236.468250895625,2,26
2021-12-29,17230.8,17237.15,17230.45,17231.9,11:25:00,17235.928417476993,2,27
2021-12-29,17223.7,17232.35,17218.7,17231.75,11:30:00,17234.76380628871,2,28
2021-12-29,17220.3,17224.2,17214.0,17224.2,11:35:00,17233.38630092788,2,29
2021-12-29,17216.65,17226.75,17214.95,17221.3,11:40:00,17231.792367506176,2,30
2021-12-29,17221.4,17227.1,17215.1,17217.4,11:45:00,17230.802618219874,2,31
2021-12-29,17222.1,17225.45,17215.75,17221.55,11:50:00,17229.97379743703,2,32
2021-12-29,17222.35,17227.65,17218.65,17223.0,11:55:00,17229.247721490647,2,33
2021-12-29,17218.6,17226.0,17218.6,17223.0,12:00:00,17228.23365277725,2,34
2021-12-29,17217.95,17223.5,17210.25,17219.6,12:05:00,17227.254257274653,2,35
2021-12-29,17210.25,17219.9,17209.25,17218.05,12:10:00,17225.634804200876,2,36
2021-12-29,17202.25,17210.8,17202.25,17210.45,12:15:00,17223.40767999127,2,37
2021-12-29,17206.6,17207.55,17197.4,17199.8,12:20:00,17221.806948563528,2,38
2021-12-29,17205.0,17208.75,17201.3,17207.9,12:25:00,17220.206286795572,2,39
2021-12-29,17212.95,17213.15,17201.4,17206.15,12:30:00,17219.51521186266,2,40
2021-12-29,17210.75,17218.05,17209.2,17213.5,12:35:00,17218.680429780503,2,41
2021-12-29,17216.45,17216.45,17208.65,17211.0,12:40:00,17218.468007896645,2,42
2021-12-29,17221.15,17223.25,17214.6,17216.95,12:45:00,17218.723435716012,2,43
2021-12-29,17229.05,17229.85,17219.8,17221.65,12:50:00,17219.706918028773,2,44
2021-12-29,17236.05,17237.65,17224.55,17229.2,12:55:00,17221.263402026034,2,45
2021-12-29,17224.55,17237.2,17220.85,17236.3,13:00:00,17221.576411356888,2,46
2021-12-29,17220.75,17225.85,17215.1,17224.7,13:05:00,17221.497705513375,2,47
2021-12-29,17230.1,17230.65,17220.2,17220.95,13:10:00,17222.316971654956,2,48
2021-12-29,17235.1,17236.0,17229.5,17230.45,13:15:00,17223.534402925914,2,49
2021-12-29,17239.0,17242.95,17225.65,17235.45,13:20:00,17225.00731693297,2,50
2021-12-29,17233.0,17240.9,17229.1,17239.85,13:25:00,17225.768524844116,2,51
2021-12-29,17237.45,17238.2,17232.85,17235.55,13:30:00,17226.881046287534,2,52
2021-12-29,17238.95,17239.9,17230.05,17238.55,13:35:00,17228.030470450627,2,53
2021-12-29,17235.4,17244.95,17235.4,17239.95,13:40:00,17228.73233040771,2,54
2021-12-29,17240.5,17243.3,17232.55,17236.8,13:45:00,17229.85306084507,2,55
2021-12-29,17237.2,17242.6,17236.9,17240.8,13:50:00,17230.552769336016,2,56
2021-12-29,17240.3,17240.85,17236.3,17238.55,13:55:00,17231.4810770183,2,57
2021-12-29,17220.9,17241.3,17220.3,17240.85,14:00:00,17230.47335539751,2,58
2021-12-29,17239.0,17239.0,17220.3,17221.5,14:05:00,17231.28541678822,2,59
2021-12-29,17244.85,17244.9,17236.75,17240.35,14:10:00,17232.57728185601,2,60
2021-12-29,17246.1,17251.7,17244.4,17246.3,14:15:00,17233.865159774487,2,61
2021-12-29,17251.35,17251.85,17241.6,17245.5,14:20:00,17235.530382653105,2,62
2021-12-29,17239.55,17253.3,17238.7,17251.0,14:25:00,17235.913203352808,2,63
2021-12-29,17236.5,17241.65,17226.8,17240.0,14:30:00,17235.969088747777,2,64
2021-12-29,17238.3,17242.85,17236.15,17237.35,14:35:00,17236.191080295608,2,65
2021-12-29,17246.4,17248.75,17236.65,17238.7,14:40:00,17237.163358362694,2,66
2021-12-29,17248.45,17250.9,17245.15,17246.5,14:45:00,17238.238276613865,2,67
2021-12-29,17250.9,17252.25,17245.4,17248.85,14:50:00,17239.444155031593,2,68
2021-12-29,17246.0,17251.2,17244.85,17250.85,14:55:00,17240.06852121906,2,69
2021-12-29,17243.45,17255.8,17228.15,17246.25,15:00:00,17240.39056681724,2,70
2021-12-29,17230.95,17242.65,17222.9,17242.65,15:05:00,17239.4914652156,2,71
2021-12-29,17217.9,17232.6,17217.9,17230.6,15:10:00,17237.435135195068,2,72
2021-12-29,17206.8,17221.9,17205.35,17217.55,15:15:00,17234.517503271727,2,73
2021-12-29,17186.3,17207.2,17183.15,17206.45,15:20:00,17229.925360102992,2,74
2021-12-29,17188.2,17190.3,17176.65,17185.5,15:25:00,17225.951516283658,2,75
2021-12-30,17205.0,17207.1,17146.35,17204.85,09:15:00,17223.95613378045,3,1
2021-12-30,17192.85,17217.1,17191.35,17205.4,09:20:00,17220.99364484898,3,2
2021-12-30,17208.75,17210.15,17186.0,17191.45,09:25:00,17219.82758343479,3,3
2021-12-30,17209.65,17222.9,17208.7,17208.7,09:30:00,17218.858289774336,3,4
2021-12-30,17209.5,17217.05,17201.0,17209.35,09:35:00,17217.967024081543,3,5
2021-12-30,17220.3,17223.0,17209.05,17209.05,09:40:00,17218.189212264253,3,6
2021-12-30,17233.6,17235.0,17213.65,17221.45,09:45:00,17219.656906334323,3,7
2021-12-30,17229.35,17237.5,17224.6,17235.1,09:50:00,17220.580058112006,3,8
2021-12-30,17230.15,17232.35,17225.65,17229.4,09:55:00,17221.491481148958,3,9
2021-12-30,17238.35,17241.05,17225.85,17230.9,10:00:00,17223.097054372865,3,10
2021-12-30,17240.7,17247.9,17237.05,17239.8,10:05:00,17224.77352538497,3,11
2021-12-30,17247.6,17248.4,17237.95,17240.5,10:10:00,17226.94747534831,3,12
2021-12-30,17248.85,17257.45,17247.95,17247.95,10:15:00,17229.03343007704,3,13
2021-12-30,17260.85,17263.05,17243.2,17248.9,10:20:00,17232.063579593512,3,14
2021-12-30,17257.8,17264.05,17257.15,17260.25,10:25:00,17234.51466725127,3,15
2021-12-30,17253.15,17261.4,17252.0,17258.1,10:30:00,17236.28946084639,3,16
2021-12-30,17251.5,17255.05,17244.25,17253.65,10:35:00,17237.738083622924,3,17
2021-12-30,17240.45,17251.0,17240.45,17249.15,10:40:00,17237.996361373123,3,18
2021-12-30,17243.4,17248.0,17235.15,17240.9,10:45:00,17238.510993623302,3,19
2021-12-30,17237.9,17245.5,17237.1,17243.25,10:50:00,17238.452803754415,3,20
2021-12-30,17236.8,17241.0,17235.65,17237.7,10:55:00,17238.295393873042,3,21
2021-12-30,17238.75,17247.8,17236.7,17237.6,11:00:00,17238.338689694658,3,22
2021-12-30,17240.75,17242.65,17231.85,17238.55,11:05:00,17238.568338295165,3,23
2021-12-30,17230.65,17241.45,17230.3,17241.45,11:10:00,17237.81421083848,3,24
2021-12-30,17227.8,17230.65,17223.8,17230.4,11:15:00,17236.86047647291,3,25
2021-12-30,17233.0,17236.4,17224.4,17227.65,11:20:00,17236.49281204692,3,26
2021-12-30,17229.8,17235.55,17228.8,17232.55,11:25:00,17235.855401375786,3,27
2021-12-30,17224.7,17230.3,17224.7,17229.65,11:30:00,17234.79298219714,3,28
2021-12-30,17211.95,17225.2,17211.2,17225.2,11:35:00,17232.617460083125,3,29
2021-12-30,17207.15,17211.85,17206.0,17210.8,11:40:00,17230.191987694256,3,30
2021-12-30,17216.85,17219.85,17207.65,17208.45,11:45:00,17228.921322199563,3,31
2021-12-30,17228.25,17232.35,17216.7,17218.35,11:50:00,17228.857386751988,3,32
2021-12-30,17227.25,17234.1,17226.5,17229.35,11:55:00,17228.70430229942,3,33
2021-12-30,17237.7,17238.75,17224.65,17228.0,12:00:00,17229.56103541376,3,34
2021-12-30,17234.25,17240.15,17233.3,17238.6,12:05:00,17230.007603469592,3,35
2021-12-30,17232.55,17238.3,17230.75,17235.95,12:10:00,17230.249736472488,3,36
2021-12-30,17235.0,17235.0,17228.25,17233.35,12:15:00,17230.70214252273,3,37
2021-12-30,17239.85,17241.5,17233.3,17235.55,12:20:00,17231.573367044373,3,38
2021-12-30,17246.95,17249.4,17237.9,17241.45,12:25:00,17233.03780827824,3,39
2021-12-30,17242.1,17248.8,17241.45,17248.45,12:30:00,17233.900874156505,3,40
2021-12-30,17241.3,17244.3,17237.15,17244.3,12:35:00,17234.605552808265,3,41
2021-12-30,17242.95,17245.3,17239.4,17241.95,12:40:00,17235.40026206462,3,42
2021-12-30,17237.3,17247.1,17228.5,17244.3,12:45:00,17235.58118948704,3,43
2021-12-30,17246.0,17248.0,17236.95,17239.05,12:50:00,17236.57345715494,3,44
2021-12-30,17244.05,17253.95,17242.65,17246.95,12:55:00,17237.28550885447,3,45
2021-12-30,17251.85,17252.2,17241.45,17245.75,13:00:00,17238.672603249284,3,46
2021-12-30,17251.55,17256.85,17245.85,17253.0,13:05:00,17239.899021987447,3,47
2021-12-30,17251.5,17258.55,17247.3,17252.1,13:10:00,17241.00387703626,3,48
2021-12-30,17248.55,17253.0,17246.15,17252.65,13:15:00,17241.72255541376,3,49
2021-12-30,17240.5,17251.1,17229.85,17250.3,13:20:00,17241.60612156483,3,50
2021-12-30,17240.05,17242.6,17234.35,17240.75,13:25:00,17241.45791951104,3,51
2021-12-30,17234.0,17243.65,17233.5,17241.6,13:30:00,17240.747641462367,3,52
2021-12-30,17247.15,17249.75,17227.1,17237.05,13:35:00,17241.35738989452,3,53
2021-12-30,17238.65,17252.1,17238.5,17247.9,13:40:00,17241.099543237902,3,54
2021-12-30,17237.85,17242.95,17234.55,17238.85,13:45:00,17240.79006292953,3,55
2021-12-30,17243.9,17247.6,17237.2,17239.05,13:50:00,17241.086247412433,3,56
2021-12-30,17243.15,17249.95,17239.4,17245.8,13:55:00,17241.282795277915,3,57
2021-12-30,17239.45,17244.9,17237.2,17244.9,14:00:00,17241.108243346684,3,58
2021-12-30,17230.95,17240.55,17229.05,17240.3,14:05:00,17240.14079159938,3,59
2021-12-30,17222.65,17235.6,17219.65,17232.55,14:10:00,17238.47500192325,3,60
2021-12-30,17225.0,17229.95,17212.6,17223.5,14:15:00,17237.191668406747,3,61
2021-12-30,17231.1,17233.7,17219.9,17227.05,14:20:00,17236.611509510865,3,62
2021-12-30,17225.4,17234.05,17224.8,17232.65,14:25:00,17235.543746700307,3,63
2021-12-30,17213.4,17227.25,17209.05,17226.15,14:30:00,17233.434818443136,3,64
2021-12-30,17220.4,17222.15,17210.2,17214.25,14:35:00,17232.19340716284,3,65
2021-12-30,17216.85,17222.9,17211.1,17222.15,14:40:00,17230.732130290187,3,66
2021-12-30,17219.3,17226.45,17216.1,17217.3,14:45:00,17229.643355976837,3,67
2021-12-30,17211.95,17226.4,17209.65,17220.3,14:50:00,17227.95827445523,3,68
2021-12-30,17204.5,17215.3,17204.05,17212.2,14:55:00,17225.724153078543,3,69
2021-12-30,17198.95,17207.35,17179.6,17204.05,15:00:00,17223.17423373773,3,70
2021-12-30,17202.7,17202.7,17189.1,17199.0,15:05:00,17221.22430671509,3,71
2021-12-30,17211.0,17221.0,17199.65,17201.95,15:10:00,17220.250563218415,3,72
2021-12-30,17206.4,17210.4,17197.8,17209.4,15:15:00,17218.931461959517,3,73
2021-12-30,17211.0,17217.55,17202.25,17206.1,15:20:00,17218.17608463004,3,74
2021-12-30,17230.25,17235.15,17207.75,17210.4,15:25:00,17219.32598133194,3,75
2021-12-31,17302.15,17309.4,17238.5,17247.2,09:15:00,17227.21398310985,4,1
2021-12-31,17298.7,17316.05,17293.9,17301.3,09:20:00,17234.022175194626,4,2
2021-12-31,17314.2,17314.35,17299.4,17299.4,09:25:00,17241.658158509425,4,3
2021-12-31,17339.2,17339.3,17314.4,17314.4,09:30:00,17250.947857699004,4,4
2021-12-31,17347.7,17351.45,17335.75,17339.5,09:35:00,17260.162347441958,4,5
2021-12-31,17340.15,17348.35,17338.6,17347.45,09:40:00,17267.780219114153,4,6
2021-12-31,17335.1,17359.1,17331.45,17340.6,09:45:00,17274.191626817566,4,7
2021-12-31,17337.0,17337.7,17323.05,17334.85,09:50:00,17280.173376644467,4,8
2021-12-31,17346.45,17351.95,17334.4,17336.4,09:55:00,17286.485436011662,4,9
2021-12-31,17329.5,17349.15,17327.6,17346.5,10:00:00,17290.582061153407,4,10
2021-12-31,17343.05,17344.65,17327.6,17327.6,10:05:00,17295.579007710225,4,11
2021-12-31,17350.15,17353.3,17341.3,17342.95,10:10:00,17300.776245071156,4,12
2021-12-31,17350.5,17359.3,17346.85,17350.65,10:15:00,17305.511840778665,4,13
2021-12-31,17347.2,17351.4,17338.65,17350.3,10:20:00,17309.48214165689,4,14
2021-12-31,17328.65,17347.5,17327.45,17346.75,10:25:00,17311.30765197528,4,15
2021-12-31,17338.45,17341.1,17327.2,17329.55,10:30:00,17313.892637501445,4,16
2021-12-31,17336.8,17342.4,17334.2,17337.75,10:35:00,17316.074291072735,4,17
2021-12-31,17341.9,17345.05,17336.6,17336.7,10:40:00,17318.53388239914,4,18
2021-12-31,17350.2,17350.25,17339.2,17341.35,10:45:00,17321.549703123033,4,19
2021-12-31,17343.1,17351.85,17341.75,17349.75,10:50:00,17323.60211234941,4,20
2021-12-31,17334.05,17343.0,17333.75,17342.95,10:55:00,17324.597149268513,4,21
2021-12-31,17338.9,17341.0,17325.25,17334.15,11:00:00,17325.959325528656,4,22
2021-12-31,17339.95,17345.75,17338.0,17338.6,11:05:00,17327.291770716405,4,23
2021-12-31,17351.2,17351.5,17339.9,17339.9,11:10:00,17329.56874493389,4,24
2021-12-31,17354.3,17356.6,17347.2,17350.35,11:15:00,17331.924102559235,4,25
2021-12-31,17354.0,17356.15,17350.85,17354.05,11:20:00,17334.026568982164,4,26
2021-12-31,17342.4,17355.8,17342.35,17354.05,11:25:00,17334.82403860291,4,27
2021-12-31,17346.65,17348.95,17340.55,17343.5,11:30:00,17335.950320640728,4,28
2021-12-31,17359.1,17362.65,17346.35,17346.95,11:35:00,17338.15505200828,4,29
2021-12-31,17356.75,17360.05,17351.75,17359.95,11:40:00,17339.925999436062,4,30
2021-12-31,17362.5,17365.9,17356.35,17357.65,11:45:00,17342.075904251677,4,31
2021-12-31,17361.7,17364.0,17354.55,17362.55,11:50:00,17343.944865751517,4,32
2021-12-31,17363.9,17367.8,17357.7,17362.05,11:55:00,17345.845354727564,4,33
2021-12-31,17366.0,17366.6,17361.4,17364.35,12:00:00,17347.76484475351,4,34
2021-12-31,17356.05,17366.0,17353.9,17365.65,12:05:00,17348.553907157937,4,35
2021-12-31,17359.15,17359.25,17353.05,17357.4,12:10:00,17349.56305885718,4,36
2021-12-31,17353.45,17359.8,17352.7,17359.8,12:15:00,17349.933243727926,4,37
2021-12-31,17368.15,17368.7,17353.3,17354.05,12:20:00,17351.668172896694,4,38
2021-12-31,17358.1,17369.0,17357.75,17368.4,12:25:00,17352.280727858913,4,39
2021-12-31,17366.75,17367.5,17356.0,17357.7,12:30:00,17353.658753777112,4,40
2021-12-31,17373.25,17374.65,17366.15,17367.65,12:35:00,17355.52458675072,4,41
2021-12-31,17380.75,17383.3,17370.35,17374.75,12:40:00,17357.927007060174,4,42
2021-12-31,17391.2,17393.65,17381.7,17381.7,12:45:00,17361.095863530634,4,43
2021-12-31,17387.0,17391.75,17383.25,17391.35,12:50:00,17363.562924146765,4,44
2021-12-31,17385.4,17389.4,17379.0,17387.45,12:55:00,17365.642645656597,4,45
2021-12-31,17392.1,17392.8,17384.6,17386.75,13:00:00,17368.1623936893,4,46
2021-12-31,17388.65,17393.35,17379.55,17393.0,13:05:00,17370.11359429032,4,47
2021-12-31,17396.85,17400.8,17387.65,17387.65,13:10:00,17372.65991864362,4,48
2021-12-31,17390.35,17400.55,17388.85,17397.05,13:15:00,17374.34468829661,4,49
2021-12-31,17390.15,17392.05,17380.15,17390.9,13:20:00,17375.849956077884,4,50
2021-12-31,17382.75,17396.05,17381.8,17391.25,13:25:00,17376.507103118085,4,51
2021-12-31,17391.05,17394.5,17383.05,17383.35,13:30:00,17377.892140916363,4,52
2021-12-31,17389.35,17398.1,17386.5,17391.25,13:35:00,17378.983365590993,4,53
2021-12-31,17376.9,17390.05,17375.75,17389.45,13:40:00,17378.784949820423,4,54
2021-12-31,17384.2,17389.35,17376.45,17377.7,13:45:00,17379.300668885146,4,55
2021-12-31,17373.45,17385.75,17372.9,17384.65,13:50:00,17378.743462324655,4,56
2021-12-31,17376.9,17379.75,17371.95,17374.6,13:55:00,17378.56789448421,4,57
2021-12-31,17377.55,17380.75,17376.0,17377.95,14:00:00,17378.470952152384,4,58
2021-12-31,17379.6,17384.65,17375.3,17377.45,14:05:00,17378.578480518823,4,59
2021-12-31,17354.3,17380.25,17342.85,17380.25,14:10:00,17376.266244278937,4,60
2021-12-31,17346.85,17359.65,17344.2,17354.95,14:15:00,17373.464697204752,4,61
2021-12-31,17361.1,17364.35,17343.3,17347.45,14:20:00,17372.287106994776,4,62
2021-12-31,17355.35,17362.9,17351.75,17362.9,14:25:00,17370.67404918575,4,63
2021-12-31,17358.05,17367.2,17351.4,17356.25,14:30:00,17369.471758787106,4,64
2021-12-31,17357.4,17359.8,17353.7,17358.85,14:35:00,17368.322067474048,4,65
2021-12-31,17368.55,17371.2,17357.3,17358.05,14:40:00,17368.343775333662,4,66
2021-12-31,17365.9,17377.25,17364.65,17368.75,14:45:00,17368.111034825695,4,67
2021-12-31,17366.35,17371.95,17365.1,17366.35,14:50:00,17367.94331722325,4,68
2021-12-31,17364.3,17367.7,17358.05,17366.95,14:55:00,17367.596334630558,4,69
2021-12-31,17354.15,17362.35,17341.85,17362.35,15:00:00,17366.31573133241,4,70
2021-12-31,17356.45,17357.4,17350.0,17354.35,15:05:00,17365.376137872183,4,71
2021-12-31,17351.4,17357.2,17349.65,17356.8,15:10:00,17364.045077122453,4,72
2021-12-31,17358.5,17359.35,17350.1,17352.25,15:15:00,17363.51697453936,4,73
2021-12-31,17357.9,17363.2,17352.45,17359.45,15:20:00,17362.982024583234,4,74
2021-12-31,17364.25,17365.45,17351.1,17358.35,15:25:00,17363.102784146737,4,75
2022-01-03,17470.95,17475.75,17383.3,17393.2,09:15:00,17373.373947561333,0,1
2022-01-03,17439.75,17478.6,17438.9,17472.2,09:20:00,17379.695476365017,0,2
2022-01-03,17463.2,17463.8,17436.35,17440.35,09:25:00,17387.64828813978,0,3
2022-01-03,17463.0,17473.1,17450.75,17462.7,09:30:00,17394.824641650277,0,4
2022-01-03,17473.5,17475.05,17461.4,17463.1,09:35:00,17402.31753292168,0,5
2022-01-03,17463.1,17474.35,17460.85,17473.55,09:40:00,17408.106339310092,0,6
2022-01-03,17484.9,17485.15,17461.0,17463.7,09:45:00,17415.42002128056,0,7
2022-01-03,17492.85,17499.25,17482.4,17484.4,09:50:00,17422.794304968123,0,8
2022-01-03,17496.3,17498.2,17485.25,17493.35,09:55:00,17429.79484735211,0,9
2022-01-03,17496.0,17499.45,17486.25,17496.5,10:00:00,17436.100099985244,0,10
2022-01-03,17493.2,17496.4,17486.55,17495.3,10:05:00,17441.538185700934,0,11
2022-01-03,17499.45,17502.25,17490.5,17493.3,10:10:00,17447.05359658656,0,12
2022-01-03,17491.95,17499.35,17488.0,17498.6,10:15:00,17451.329444530696,0,13
2022-01-03,17509.65,17510.85,17490.0,17492.3,10:20:00,17456.88378314682,0,14
2022-01-03,17512.8,17518.0,17509.8,17510.25,10:25:00,17462.209137132835,0,15
2022-01-03,17518.8,17526.8,17509.95,17512.65,10:30:00,17467.598743120183,0,16
2022-01-03,17506.65,17520.5,17506.65,17518.6,10:35:00,17471.31791044207,0,17
2022-01-03,17510.45,17513.2,17507.9,17508.1,10:40:00,17475.044776114253,0,18
2022-01-03,17509.15,17513.9,17506.6,17510.0,10:45:00,17478.292892674803,0,19
2022-01-03,17512.45,17518.55,17508.55,17510.0,10:50:00,17481.545950515298,0,20
2022-01-03,17517.35,17520.25,17510.55,17513.5,10:55:00,17484.95585999003,0,21
2022-01-03,17517.65,17521.05,17512.8,17518.9,11:00:00,17488.069587610025,0,22
2022-01-03,17512.1,17521.0,17511.1,17517.95,11:05:00,17490.358198313832,0,23
2022-01-03,17528.35,17528.6,17510.4,17511.55,11:10:00,17493.976465141084,0,24
2022-01-03,17525.4,17531.7,17516.45,17528.65,11:15:00,17496.969182746696,0,25
2022-01-03,17525.95,17528.8,17521.7,17525.2,11:20:00,17499.729260580345,0,26
2022-01-03,17523.4,17527.8,17522.25,17525.8,11:25:00,17501.98361671555,0,27
2022-01-03,17519.2,17524.7,17512.0,17524.7,11:30:00,17503.62327226645,0,28
2022-01-03,17519.85,17527.35,17516.05,17518.8,11:35:00,17505.16867490774,0,29
2022-01-03,17527.9,17533.25,17519.5,17520.1,11:40:00,17507.333563011765,0,30
2022-01-03,17524.0,17528.25,17521.4,17527.65,11:45:00,17508.92084272493,0,31
2022-01-03,17527.6,17528.25,17521.2,17524.3,11:50:00,17510.69981008446,0,32
2022-01-03,17530.9,17531.2,17521.2,17527.5,11:55:00,17512.623637695466,0,33
2022-01-03,17519.35,17534.1,17518.85,17531.75,12:00:00,17513.26424362923,0,34
2022-01-03,17518.5,17523.3,17516.75,17519.45,12:05:00,17513.76288709311,0,35
2022-01-03,17523.7,17527.15,17516.45,17518.8,12:10:00,17514.70927879853,0,36
2022-01-03,17537.65,17538.6,17524.5,17524.55,12:15:00,17516.894109389148,0,37
2022-01-03,17543.4,17545.1,17537.1,17538.0,12:20:00,17519.418479923515,0,38
2022-01-03,17544.55,17545.6,17540.55,17544.2,12:25:00,17521.81195802604,0,39
2022-01-03,17550.75,17556.8,17544.3,17545.5,12:30:00,17524.56796202356,0,40
2022-01-03,17561.2,17563.1,17551.05,17551.05,12:35:00,17528.056727545125,0,41
2022-01-03,17566.5,17579.2,17558.25,17562.25,12:40:00,17531.717991588448,0,42
2022-01-03,17573.4,17576.25,17565.1,17567.55,12:45:00,17535.687706675264,0,43
2022-01-03,17568.45,17574.85,17565.55,17573.85,12:50:00,17538.807925087145,0,44
2022-01-03,17570.05,17571.0,17561.85,17568.8,12:55:00,17541.78336079313,0,45
2022-01-03,17572.55,17575.5,17569.4,17570.95,13:00:00,17544.713516908072,0,46
2022-01-03,17573.3,17576.05,17568.5,17571.6,13:05:00,17547.436039107302,0,47
2022-01-03,17575.85,17579.3,17572.1,17573.55,13:10:00,17550.142130620894,0,48
2022-01-03,17580.3,17584.7,17575.9,17576.85,13:15:00,17553.014308657,0,49
2022-01-03,17584.8,17588.4,17576.65,17580.6,13:20:00,17556.04151735633,0,50
2022-01-03,17580.0,17586.25,17580.0,17585.1,13:25:00,17558.32327760811,0,51
2022-01-03,17580.35,17581.35,17569.25,17580.85,13:30:00,17560.42106069305,0,52
2022-01-03,17572.9,17581.45,17571.65,17580.15,13:35:00,17561.609531103237,0,53
2022-01-03,17576.55,17577.6,17567.95,17572.95,13:40:00,17563.032432902928,0,54
2022-01-03,17588.6,17592.1,17576.1,17576.7,13:45:00,17565.467439293127,0,55
2022-01-03,17590.75,17595.05,17587.25,17589.7,13:50:00,17567.87530221759,0,56
2022-01-03,17591.85,17593.95,17587.5,17592.75,13:55:00,17570.1586067683,0,57
2022-01-03,17595.1,17604.1,17592.8,17593.35,14:00:00,17572.53397755227,0,58
2022-01-03,17605.3,17606.75,17590.3,17595.65,14:05:00,17575.65455111872,0,59
2022-01-03,17611.5,17614.2,17604.65,17605.5,14:10:00,17579.06840339313,0,60
2022-01-03,17616.55,17616.95,17607.15,17611.55,14:15:00,17582.638079260447,0,61
2022-01-03,17625.15,17625.7,17615.7,17616.6,14:20:00,17586.686833616594,0,62
2022-01-03,17622.1,17628.2,17621.05,17625.35,14:25:00,17590.0595161293,0,63
2022-01-03,17638.5,17643.25,17616.25,17622.7,14:30:00,17594.672895545555,0,64
2022-01-03,17630.8,17646.65,17630.8,17638.1,14:35:00,17598.113572160262,0,65
2022-01-03,17634.05,17639.1,17630.35,17632.15,14:40:00,17601.53608909738,0,66
2022-01-03,17615.2,17638.35,17612.6,17634.35,14:45:00,17602.83741394525,0,67
2022-01-03,17616.1,17620.5,17610.15,17615.95,14:50:00,17604.100517379036,0,68
2022-01-03,17612.2,17623.2,17611.55,17615.7,14:55:00,17604.87189667627,0,69
2022-01-03,17631.3,17634.1,17604.8,17611.1,15:00:00,17607.38885889758,0,70
2022-01-03,17622.85,17635.35,17622.4,17631.8,15:05:00,17608.86134852638,0,71
2022-01-03,17622.15,17624.95,17617.95,17623.65,15:10:00,17610.126934381013,0,72
2022-01-03,17628.3,17629.95,17617.7,17622.6,15:15:00,17611.857702535202,0,73
2022-01-03,17624.6,17640.2,17619.9,17628.0,15:20:00,17613.07125467471,0,74
2022-01-03,17637.1,17640.55,17623.95,17625.5,15:25:00,17615.359706610452,0,75
2022-01-04,17681.2,17707.3,17647.55,17681.5,09:15:00,17621.63021074279,1,1
2022-01-04,17709.05,17715.45,17659.1,17681.7,09:20:00,17629.955904957762,1,2
2022-01-04,17691.0,17709.9,17691.0,17707.55,09:25:00,17635.76962829512,1,3
2022-01-04,17671.25,17694.8,17671.0,17688.15,09:30:00,17639.14871131463,1,4
2022-01-04,17617.0,17672.8,17610.65,17671.95,09:35:00,17637.039310237044,1,5
2022-01-04,17657.85,17657.85,17593.55,17616.2,09:40:00,17639.021280690657,1,6
2022-01-04,17676.3,17677.7,17655.0,17659.0,09:45:00,17642.571634910593,1,7
2022-01-04,17681.45,17682.55,17670.1,17675.35,09:50:00,17646.27433634768,1,8
2022-01-04,17699.7,17701.0,17677.1,17681.1,09:55:00,17651.36249479076,1,9
2022-01-04,17697.45,17702.6,17689.65,17701.9,10:00:00,17655.751781001163,1,10
2022-01-04,17714.0,17714.5,17695.55,17697.75,10:05:00,17661.299230429624,1,11
2022-01-04,17722.45,17723.1,17712.2,17714.8,10:10:00,17667.12311324585,1,12
2022-01-04,17731.45,17733.65,17722.45,17723.4,10:15:00,17673.24948341291,1,13
2022-01-04,17708.35,17731.2,17699.15,17731.2,10:20:00,17676.592389754536,1,14
2022-01-04,17711.85,17714.9,17699.25,17708.8,10:25:00,17679.950257396962,1,15
2022-01-04,17721.45,17723.25,17710.6,17711.75,10:30:00,17683.902613835347,1,16
2022-01-04,17713.15,17726.05,17712.15,17722.1,10:35:00,17686.68807918436,1,17
2022-01-04,17695.7,17714.3,17693.8,17713.55,10:40:00,17687.546357357278,1,18
2022-01-04,17686.65,17697.6,17682.0,17694.55,10:45:00,17687.46098998992,1,19
2022-01-04,17708.1,17712.8,17684.7,17687.35,10:50:00,17689.42660999088,1,20
2022-01-04,17711.45,17712.45,17703.6,17708.35,10:55:00,17691.524075706035,1,21
2022-01-04,17708.45,17717.1,17706.45,17711.5,11:00:00,17693.136068495936,1,22
2022-01-04,17704.3,17709.5,17702.55,17708.05,11:05:00,17694.19930006775,1,23
2022-01-04,17691.45,17706.3,17691.45,17704.35,11:10:00,17693.93746196606,1,24
2022-01-04,17697.45,17701.4,17681.7,17691.3,11:15:00,17694.27198939786,1,25
2022-01-04,17665.2,17698.05,17665.2,17696.85,11:20:00,17691.50322850283,1,26
2022-01-04,17684.75,17687.65,17665.95,17666.4,11:25:00,17690.860063883512,1,27
2022-01-04,17695.35,17695.8,17679.8,17685.8,11:30:00,17691.287676846987,1,28
2022-01-04,17702.65,17702.9,17690.05,17695.7,11:35:00,17692.369802861558,1,29
2022-01-04,17709.8,17711.15,17703.5,17703.5,11:40:00,17694.02982163665,1,30
2022-01-04,17703.75,17711.1,17701.1,17709.85,11:45:00,17694.95555290935,1,31
2022-01-04,17713.3,17714.4,17702.45,17704.6,11:50:00,17696.702643108456,1,32
2022-01-04,17712.45,17717.95,17710.55,17714.2,11:55:00,17698.202391383842,1,33
2022-01-04,17721.35,17722.3,17706.7,17712.7,12:00:00,17700.40692553776,1,34
2022-01-04,17728.9,17730.65,17719.4,17721.55,12:05:00,17703.12055167702,1,35
2022-01-04,17732.65,17733.35,17725.3,17729.55,12:10:00,17705.932880088734,1,36
2022-01-04,17727.55,17734.0,17717.65,17733.75,12:15:00,17707.991653413617,1,37
2022-01-04,17723.4,17728.1,17720.95,17727.6,12:20:00,17709.45911499327,1,38
2022-01-04,17724.55,17728.0,17721.95,17723.55,12:25:00,17710.89634213677,1,39
2022-01-04,17735.3,17736.95,17718.15,17725.55,12:30:00,17713.220500028507,1,40
2022-01-04,17732.1,17737.25,17727.2,17737.25,12:35:00,17715.01854764484,1,41
2022-01-04,17739.55,17742.7,17729.4,17732.65,12:40:00,17717.354876440568,1,42
2022-01-04,17725.0,17743.95,17719.3,17739.95,12:45:00,17718.082983446227,1,43
2022-01-04,17729.35,17732.65,17721.3,17725.85,12:50:00,17719.156032641826,1,44
2022-01-04,17733.75,17734.55,17727.15,17731.5,12:55:00,17720.545934294987,1,45
2022-01-04,17733.1,17735.8,17720.2,17735.35,13:00:00,17721.741559600225,1,46
2022-01-04,17725.85,17738.35,17723.45,17733.85,13:05:00,17722.1328396383,1,47
2022-01-04,17712.4,17728.95,17707.15,17726.7,13:10:00,17721.20590252989,1,48
2022-01-04,17702.85,17712.75,17697.45,17712.7,13:15:00,17719.457721336566,1,49
2022-01-04,17717.05,17720.55,17696.0,17703.45,13:20:00,17719.22841454261,1,50
2022-01-04,17716.3,17719.05,17711.45,17718.0,13:25:00,17718.949517919504,1,51
2022-01-04,17708.85,17721.65,17706.95,17717.0,13:30:00,17717.987659070026,1,52
2022-01-04,17695.8,17710.0,17694.3,17708.6,13:35:00,17715.874548682405,1,53
2022-01-04,17678.1,17702.3,17678.1,17695.2,13:40:00,17712.276972617412,1,54
2022-01-04,17684.05,17688.25,17669.95,17678.9,13:45:00,17709.58868951099,1,55
2022-01-04,17702.15,17702.3,17682.5,17684.7,13:50:00,17708.880242890897,1,56
2022-01-04,17708.5,17711.45,17699.4,17703.2,13:55:00,17708.84402928224,1,57
2022-01-04,17725.5,17726.85,17708.5,17709.2,14:00:00,17710.430312207744,1,58
2022-01-04,17727.35,17730.8,17721.9,17726.25,14:05:00,17712.0417110451,1,59
2022-01-04,17725.4,17728.8,17720.45,17727.65,14:10:00,17713.313929040807,1,60
2022-01-04,17732.7,17736.7,17725.75,17726.85,14:15:00,17715.16022151311,1,61
2022-01-04,17742.6,17742.6,17731.15,17733.35,14:20:00,17717.773533749954,1,62
2022-01-04,17741.4,17746.75,17733.6,17743.6,14:25:00,17720.023673392818,1,63
2022-01-04,17748.3,17753.0,17741.05,17742.3,14:30:00,17722.716656879216,1,64
2022-01-04,17768.15,17768.9,17746.95,17748.95,14:35:00,17727.043641938337,1,65
2022-01-04,17769.8,17771.55,17761.9,17768.25,14:40:00,17731.115676039448,1,66
2022-01-04,17768.7,17778.4,17765.5,17771.9,14:45:00,17734.695135464262,1,67
2022-01-04,17775.05,17777.3,17766.45,17769.1,14:50:00,17738.538455896236,1,68
2022-01-04,17787.85,17790.55,17774.15,17775.3,14:55:00,17743.23479342993,1,69
2022-01-04,17793.85,17798.9,17785.4,17787.2,15:00:00,17748.055289293745,1,70
2022-01-04,17792.55,17797.95,17787.7,17794.0,15:05:00,17752.29288078958,1,71
2022-01-04,17798.2,17798.95,17787.2,17793.2,15:10:00,17756.66498738105,1,72
2022-01-04,17816.65,17817.6,17793.55,17799.05,15:15:00,17762.37784572571,1,73
2022-01-04,17820.05,17827.6,17814.3,17817.0,15:20:00,17767.870431847074,1,74
2022-01-04,17806.85,17819.4,17804.7,17819.4,15:25:00,17771.58277167116,1,75
2022-01-05,17823.35,17823.95,17771.7,17823.15,09:15:00,17776.512983892953,2,1
2022-01-05,17822.7,17828.05,17804.85,17821.0,09:20:00,17780.91174733172,2,2
2022-01-05,17822.1,17829.65,17810.35,17823.55,09:25:00,17784.834438062033,2,3
2022-01-05,17781.4,17822.85,17776.95,17821.95,09:30:00,17784.507348722793,2,4
2022-01-05,17752.35,17788.1,17752.35,17781.8,09:35:00,17781.444744082528,2,5
2022-01-05,17796.4,17798.1,17748.85,17752.05,09:40:00,17782.869054169907,2,6
2022-01-05,17815.05,17826.2,17795.45,17796.05,09:45:00,17785.933906153725,2,7
2022-01-05,17819.85,17821.7,17810.3,17815.3,09:50:00,17789.16401032956,2,8
2022-01-05,17842.15,17843.3,17816.05,17819.9,09:55:00,17794.210295060082,2,9
2022-01-05,17839.55,17844.0,17833.5,17842.4,10:00:00,17798.52836219722,2,10
2022-01-05,17841.85,17843.15,17825.65,17838.7,10:05:00,17802.65423246415,2,11
2022-01-05,17845.7,17854.1,17841.7,17841.7,10:10:00,17806.753829372326,2,12
2022-01-05,17847.9,17853.45,17840.4,17847.65,10:15:00,17810.67251228925,2,13
2022-01-05,17831.7,17849.45,17826.0,17848.35,10:20:00,17812.675130166463,2,14
2022-01-05,17824.15,17841.15,17824.15,17831.75,10:25:00,17813.767974912513,2,15
2022-01-05,17824.45,17837.4,17821.1,17822.8,10:30:00,17814.785310635132,2,16
2022-01-05,17820.45,17829.3,17816.8,17823.9,10:35:00,17815.324804860356,2,17
2022-01-05,17822.7,17825.25,17814.55,17819.9,10:40:00,17816.027204397466,2,18
2022-01-05,17807.5,17823.8,17807.5,17822.5,10:45:00,17815.215089692945,2,19
2022-01-05,17803.05,17814.25,17802.9,17807.4,10:50:00,17814.056509722188,2,20
2022-01-05,17806.5,17806.5,17789.25,17802.95,10:55:00,17813.336842129596,2,21
2022-01-05,17811.9,17816.3,17804.6,17806.9,11:00:00,17813.200000022014,2,22
2022-01-05,17798.25,17816.1,17797.15,17812.35,11:05:00,17811.776190496108,2,23
2022-01-05,17798.35,17807.85,17794.8,17798.4,11:10:00,17810.497505686955,2,24
2022-01-05,17809.45,17810.4,17792.05,17798.85,11:15:00,17810.39774324058,2,25
2022-01-05,17838.75,17840.4,17809.15,17809.55,11:20:00,17813.09795817005,2,26
2022-01-05,17847.35,17851.6,17838.85,17838.85,11:25:00,17816.360057391947,2,27
2022-01-05,17835.55,17848.05,17832.5,17848.0,11:30:00,17818.187670973664,2,28
2022-01-05,17838.75,17843.9,17834.15,17835.15,11:35:00,17820.145988023793,2,29
2022-01-05,17838.25,17843.25,17835.8,17840.15,11:40:00,17821.870179640573,2,30
2022-01-05,17838.55,17839.4,17822.7,17838.5,11:45:00,17823.45873396052,2,31
2022-01-05,17840.5,17845.1,17837.3,17839.15,11:50:00,17825.081711678566,2,32
2022-01-05,17844.95,17848.05,17840.6,17841.4,11:55:00,17826.97392961394,2,33
2022-01-05,17842.45,17849.95,17839.7,17845.8,12:00:00,17828.44784107928,2,34
2022-01-05,17852.15,17853.25,17842.3,17842.6,12:05:00,17830.70518954792,2,35
2022-01-05,17863.05,17865.2,17849.3,17852.5,12:10:00,17833.78564768621,2,36
2022-01-05,17870.3,17872.2,17859.4,17864.05,12:15:00,17837.26320504943,2,37
2022-01-05,17870.05,17876.5,17869.35,17871.1,12:20:00,17840.385756949483,2,38
2022-01-05,17870.9,17874.2,17866.4,17871.2,12:25:00,17843.291875335246,2,39
2022-01-05,17883.25,17885.4,17869.95,17869.95,12:30:00,17847.097411017603,2,40
2022-01-05,17885.7,17891.25,17882.2,17884.15,12:35:00,17850.773848063545,2,41
2022-01-05,17892.2,17896.7,17884.35,17886.05,12:40:00,17854.71919586702,2,42
2022-01-05,17894.8,17895.5,17884.05,17893.3,12:45:00,17858.536415308256,2,43
2022-01-05,17910.8,17912.25,17895.25,17896.05,12:50:00,17863.513899564612,2,44
2022-01-05,17909.5,17915.95,17904.95,17913.05,12:55:00,17867.893528177505,2,45
2022-01-05,17906.35,17911.5,17899.2,17910.95,13:00:00,17871.556049303457,2,46
2022-01-05,17919.2,17919.9,17905.3,17906.9,13:05:00,17876.093568417415,2,47
2022-01-05,17925.5,17926.45,17915.65,17919.0,13:10:00,17880.798942853853,2,48
2022-01-05,17901.95,17927.85,17899.65,17925.1,13:15:00,17882.813329248725,2,49
2022-01-05,17903.4,17905.45,17879.75,17902.6,13:20:00,17884.77396455837,2,50
2022-01-05,17908.4,17911.7,17900.3,17903.5,13:25:00,17887.02406317186,2,51
2022-01-05,17918.4,17926.9,17909.4,17909.4,13:30:00,17890.012247631683,2,52
2022-01-05,17928.75,17929.65,17915.2,17918.25,13:35:00,17893.701557381046,2,53
2022-01-05,17925.75,17934.7,17922.9,17929.05,13:40:00,17896.753790011422,2,54
2022-01-05,17915.4,17933.1,17913.3,17926.25,13:45:00,17898.529619534143,2,55
2022-01-05,17928.25,17931.55,17908.95,17915.85,13:50:00,17901.360131959464,2,56
2022-01-05,17929.95,17933.3,17926.35,17929.35,13:55:00,17904.08297653475,2,57
2022-01-05,17925.15,17930.55,17921.35,17930.55,14:00:00,17906.08935972192,2,58
2022-01-05,17923.95,17926.55,17916.5,17925.85,14:05:00,17907.790373081734,2,59
2022-01-05,17912.05,17925.4,17906.5,17924.75,14:10:00,17908.196051835854,2,60
2022-01-05,17922.05,17929.9,17911.0,17912.15,14:15:00,17909.515475470533,2,61
2022-01-05,17931.7,17940.65,17918.85,17922.35,14:20:00,17911.62828733048,2,62
2022-01-05,17920.7,17933.45,17918.5,17931.8,14:25:00,17912.49225996567,2,63
2022-01-05,17930.6,17932.75,17919.9,17921.55,14:30:00,17914.216806635606,2,64
2022-01-05,17923.75,17938.35,17923.75,17931.1,14:35:00,17915.124729813168,2,65
2022-01-05,17925.65,17928.2,17916.95,17925.15,14:40:00,17916.127136497627,2,66
2022-01-05,17920.25,17932.6,17917.2,17926.65,14:45:00,17916.51979016452,2,67
2022-01-05,17901.65,17921.85,17901.65,17921.85,14:50:00,17915.10361967266,2,68
2022-01-05,17892.75,17911.95,17887.7,17901.4,14:55:00,17912.97470351336,2,69
2022-01-05,17943.65,17944.7,17893.05,17893.05,15:00:00,17915.896160321612,2,70
2022-01-05,17924.7,17943.9,17924.55,17943.25,15:05:00,17916.734621243362,2,71
2022-01-05,17935.4,17936.05,17923.45,17923.55,15:10:00,17918.512276363042,2,72
2022-01-05,17925.3,17935.85,17922.55,17934.65,15:15:00,17919.15872623323,2,73
2022-01-05,17911.5,17928.0,17907.75,17925.4,15:20:00,17918.429323734825,2,74
2022-01-05,17909.5,17920.65,17906.75,17911.8,15:25:00,17917.578911950557,2,75
2022-01-06,17747.0,17797.95,17737.35,17775.8,09:15:00,17901.3333012886,3,1
2022-01-06,17762.9,17784.25,17738.9,17745.45,09:20:00,17888.14917735635,3,2
2022-01-06,17723.25,17763.15,17722.15,17762.55,09:25:00,17872.444493798605,3,3
2022-01-06,17689.75,17720.4,17689.0,17719.85,09:30:00,17855.045018198736,3,4
2022-01-06,17704.95,17710.1,17671.95,17688.4,09:35:00,17840.75025456076,3,5
2022-01-06,17726.55,17734.5,17700.1,17705.75,09:40:00,17829.874039840688,3,6
2022-01-06,17713.75,17733.05,17710.1,17726.0,09:45:00,17818.81460747491,3,7
2022-01-06,17707.35,17722.05,17700.7,17712.15,09:50:00,17808.198930572536,3,8
2022-01-06,17714.6,17714.8,17700.3,17707.5,09:55:00,17799.284746708487,3,9
2022-01-06,17735.05,17735.05,17712.45,17714.9,10:00:00,17793.16715178387,3,10
2022-01-06,17729.2,17737.05,17727.95,17734.75,10:05:00,17787.075042090168,3,11
2022-01-06,17723.5,17727.85,17715.8,17727.7,10:10:00,17781.02027617682,3,12
2022-01-06,17720.55,17723.15,17705.75,17723.05,10:15:00,17775.261202255217,3,13
2022-01-06,17715.15,17727.15,17711.25,17721.3,10:20:00,17769.53632584996,3,14
2022-01-06,17687.55,17715.2,17687.4,17714.0,10:25:00,17761.72810434044,3,15
2022-01-06,17697.0,17698.55,17681.8,17687.65,10:30:00,17755.563522974684,3,16
2022-01-06,17694.55,17705.05,17691.3,17696.55,10:35:00,17749.75271126281,3,17
2022-01-06,17672.5,17694.95,17667.8,17694.5,10:40:00,17742.39531019016,3,18
2022-01-06,17678.85,17683.85,17661.75,17672.25,10:45:00,17736.343375886336,3,19
2022-01-06,17691.2,17691.5,17674.35,17678.9,10:50:00,17732.044006754302,3,20
2022-01-06,17693.85,17694.5,17676.05,17691.25,10:55:00,17728.40648230151,3,21
2022-01-06,17691.05,17694.55,17686.35,17693.25,11:00:00,17724.84872208232,3,22
2022-01-06,17685.55,17692.65,17684.45,17690.95,11:05:00,17721.105986645907,3,23
2022-01-06,17679.6,17687.5,17679.55,17684.65,11:10:00,17717.153035536772,3,24
2022-01-06,17699.9,17701.05,17675.75,17679.35,11:15:00,17715.509889295176,3,25
2022-01-06,17692.1,17706.6,17690.65,17700.2,11:20:00,17713.280376028968,3,26
2022-01-06,17699.5,17700.4,17691.45,17692.05,11:25:00,17711.967959264304,3,27
2022-01-06,17704.15,17706.2,17696.65,17699.1,11:30:00,17711.22339171532,3,28
2022-01-06,17685.1,17704.8,17684.1,17703.8,11:35:00,17708.735449647196,3,29
2022-01-06,17696.0,17696.3,17685.75,17686.25,11:40:00,17707.522549680798,3,30
2022-01-06,17687.15,17698.95,17687.15,17696.55,11:45:00,17705.582306854056,3,31
2022-01-06,17692.5,17693.7,17683.7,17687.1,11:50:00,17704.336372867954,3,32
2022-01-06,17697.2,17699.7,17691.9,17693.3,11:55:00,17703.656718309103,3,33
2022-01-06,17670.75,17702.9,17670.35,17697.5,12:00:00,17700.52274513681,3,34
2022-01-06,17685.9,17689.75,17663.3,17670.9,12:05:00,17699.130102742827,3,35
2022-01-06,17677.85,17689.95,17676.25,17686.6,12:10:00,17697.103426291127,3,36
2022-01-06,17668.8,17680.3,17662.15,17680.0,12:15:00,17694.407861882446,3,37
2022-01-06,17665.65,17669.65,17656.3,17669.35,12:20:00,17691.66901789364,3,38
2022-01-06,17661.2,17668.9,17660.35,17666.05,12:25:00,17688.767206665674,3,39
2022-01-06,17672.55,17673.5,17655.55,17661.45,12:30:00,17687.222710792754,3,40
2022-01-06,17675.2,17679.0,17670.45,17673.05,12:35:00,17686.07769071725,3,41
2022-01-06,17691.3,17691.3,17672.25,17675.75,12:40:00,17686.575053506087,3,42
2022-01-06,17696.7,17699.7,17689.5,17691.8,12:45:00,17687.539334124554,3,43
2022-01-06,17709.05,17709.75,17696.6,17697.35,12:50:00,17689.587968969834,3,44
2022-01-06,17713.0,17717.3,17706.05,17710.0,12:55:00,17691.8176862108,3,45
2022-01-06,17701.75,17720.15,17701.75,17713.15,13:00:00,17692.76362085739,3,46
2022-01-06,17704.45,17714.25,17697.85,17701.65,13:05:00,17693.876609347164,3,47
2022-01-06,17711.85,17716.25,17704.15,17704.95,13:10:00,17695.58836083791,3,48
2022-01-06,17710.8,17714.2,17703.4,17713.0,13:15:00,17697.037088377157,3,49
2022-01-06,17712.85,17718.95,17704.75,17710.25,13:20:00,17698.543079960284,3,50
2022-01-06,17702.75,17715.25,17688.95,17713.8,13:25:00,17698.943739011684,3,51
2022-01-06,17731.25,17732.95,17703.1,17703.1,13:30:00,17702.020525772477,3,52
2022-01-06,17745.1,17747.65,17730.7,17731.2,13:35:00,17706.123332841766,3,53
2022-01-06,17737.9,17757.2,17736.45,17745.55,13:40:00,17709.149682094932,3,54
2022-01-06,17740.45,17743.5,17734.95,17738.45,13:45:00,17712.130664752556,3,55
2022-01-06,17728.55,17741.0,17725.05,17741.0,13:50:00,17713.6944109666,3,56
2022-01-06,17710.75,17728.65,17702.8,17727.1,13:55:00,17713.413990874542,3,57
2022-01-06,17719.75,17729.8,17710.2,17710.2,14:00:00,17714.01742031506,3,58
2022-01-06,17721.25,17721.45,17709.4,17718.8,14:05:00,17714.706237427912,3,59
2022-01-06,17728.2,17735.35,17716.95,17721.75,14:10:00,17715.991357672872,3,60
2022-01-06,17731.0,17737.85,17725.95,17728.9,14:15:00,17717.420752180216,3,61
2022-01-06,17756.5,17756.95,17730.75,17731.05,14:20:00,17721.142585305908,3,62
2022-01-06,17774.15,17777.45,17752.45,17755.95,14:25:00,17726.19091051487,3,63
2022-01-06,17776.25,17790.75,17772.25,17773.9,14:30:00,17730.958442846786,3,64
2022-01-06,17772.0,17779.9,17766.3,17777.0,14:35:00,17734.867162575665,3,65
2022-01-06,17780.45,17780.9,17766.4,17773.1,14:40:00,17739.208385187507,3,66
2022-01-06,17763.05,17782.1,17762.6,17780.65,14:45:00,17741.479015169647,3,67
2022-01-06,17767.75,17772.1,17750.45,17762.15,14:50:00,17743.98101372492,3,68
2022-01-06,17757.55,17769.0,17753.25,17767.6,14:55:00,17745.27329813207,3,69
2022-01-06,17756.5,17768.3,17749.6,17758.15,15:00:00,17746.34250783378,3,70
2022-01-06,17749.55,17765.75,17742.1,17756.45,15:05:00,17746.64798327818,3,71
2022-01-06,17739.85,17751.85,17731.65,17750.05,15:10:00,17746.000556299306,3,72
2022-01-06,17751.6,17751.6,17728.55,17739.8,15:15:00,17746.533836651754,3,73
2022-01-06,17744.85,17755.3,17740.3,17751.45,15:20:00,17746.37347125635,3,74
2022-01-06,17748.35,17748.35,17736.5,17745.05,15:25:00,17746.56171208908,3,75
2022-01-07,17829.55,17842.15,17787.7,17802.7,09:15:00,17754.465358556787,4,1
2022-01-07,17841.4,17852.95,17830.5,17830.5,09:20:00,17762.744848218044,4,2
2022-01-07,17858.15,17861.15,17833.85,17842.6,09:25:00,17771.83105314966,4,3
2022-01-07,17875.0,17877.35,17858.0,17858.0,09:30:00,17781.65666713541,4,4
2022-01-07,17867.5,17881.2,17863.6,17875.2,09:35:00,17789.83222264632,4,5
2022-01-07,17886.85,17891.95,17863.25,17866.75,09:40:00,17799.07201096572,4,6
2022-01-07,17894.6,17895.6,17886.1,17886.9,09:45:00,17808.16991468327,4,7
2022-01-07,17883.8,17895.8,17876.85,17895.8,09:50:00,17815.37277995153,4,8
2022-01-07,17875.7,17891.2,17875.7,17883.95,09:55:00,17821.118229479955,4,9
2022-01-07,17895.9,17896.8,17875.2,17875.2,10:00:00,17828.240302862818,4,10
2022-01-07,17896.3,17898.0,17889.7,17895.4,10:05:00,17834.722178780645,4,11
2022-01-07,17885.1,17897.2,17882.8,17896.05,10:10:00,17839.520066515823,4,12
2022-01-07,17894.0,17898.7,17885.4,17885.4,10:15:00,17844.708631609556,4,13
2022-01-07,17884.6,17899.3,17884.1,17893.7,10:20:00,17848.507809551502,4,14
2022-01-07,17892.75,17897.9,17882.65,17884.15,10:25:00,17852.721351498978,4,15
2022-01-07,17900.95,17902.45,17889.35,17892.85,10:30:00,17857.314556118123,4,16
2022-01-07,17899.55,17905.0,17895.9,17901.8,10:35:00,17861.336979344967,4,17
2022-01-07,17882.5,17899.95,17872.2,17899.95,10:40:00,17863.35250512164,4,18
2022-01-07,17872.35,17884.85,17872.35,17882.05,10:45:00,17864.209409395768,4,19
2022-01-07,17850.55,17871.55,17850.2,17871.55,10:50:00,17862.90851326284,4,20
2022-01-07,17870.6,17871.9,17847.7,17850.25,10:55:00,17863.641035809236,4,21
2022-01-07,17844.95,17871.85,17832.6,17870.8,11:00:00,17861.860937160738,4,22
2022-01-07,17843.65,17854.2,17833.6,17844.7,11:05:00,17860.12656219305,4,23
2022-01-07,17825.05,17845.5,17823.65,17843.05,11:10:00,17856.785937222285,4,24
2022-01-07,17837.4,17837.6,17819.75,17824.45,11:15:00,17854.93965748683,4,25
2022-01-07,17828.55,17840.7,17825.85,17837.45,11:20:00,17852.426356773798,4,26
2022-01-07,17838.15,17842.6,17828.45,17828.8,11:25:00,17851.06670374772,4,27
2022-01-07,17844.05,17855.15,17838.9,17839.75,11:30:00,17850.39844624794,4,28
2022-01-07,17847.8,17852.25,17841.55,17844.45,11:35:00,17850.150975176708,4,29
2022-01-07,17833.9,17848.15,17831.45,17848.15,11:40:00,17848.603263255118,4,30
2022-01-07,17811.2,17836.5,17809.8,17834.9,11:45:00,17845.04104770701,4,31
2022-01-07,17789.75,17809.8,17778.15,17809.8,11:50:00,17839.775233639677,4,32
2022-01-07,17803.5,17807.65,17789.45,17791.15,11:55:00,17836.32044948352,4,33
2022-01-07,17809.5,17810.65,17791.75,17803.9,12:00:00,17833.76612096128,4,34
2022-01-07,17805.85,17820.95,17803.7,17809.6,12:05:00,17831.107442774493,4,35
2022-01-07,17794.6,17808.65,17793.45,17806.45,12:10:00,17827.630543462637,4,36
2022-01-07,17783.6,17796.0,17764.3,17796.0,12:15:00,17823.437158370958,4,37
2022-01-07,17791.85,17802.2,17777.2,17783.4,12:20:00,17820.428857573723,4,38
2022-01-07,17791.45,17798.65,17791.15,17792.25,12:25:00,17817.668966376226,4,39
2022-01-07,17780.65,17791.0,17777.95,17791.0,12:30:00,17814.14335053087,4,40
2022-01-07,17747.45,17780.9,17745.8,17780.9,12:35:00,17807.791602861264,4,41
2022-01-07,17728.65,17758.95,17728.05,17748.15,12:40:00,17800.254307350668,4,42
2022-01-07,17733.1,17733.1,17704.55,17728.5,12:45:00,17793.858659031557,4,43
2022-01-07,17737.55,17750.65,17729.3,17732.3,12:50:00,17788.49592959998,4,44
2022-01-07,17759.65,17762.4,17737.45,17738.5,12:55:00,17785.748698209507,4,45
2022-01-07,17752.6,17772.5,17752.55,17760.3,13:00:00,17782.59167933241,4,46
2022-01-07,17758.95,17774.8,17752.0,17752.0,13:05:00,17780.34009082456,4,47
2022-01-07,17765.85,17768.85,17755.95,17759.45,13:10:00,17778.960082174603,4,48
2022-01-07,17767.05,17767.4,17746.35,17766.05,13:15:00,17777.825788634163,4,49
2022-01-07,17772.7,17777.5,17764.1,17766.5,13:20:00,17777.337618288053,4,50
2022-01-07,17780.35,17781.5,17764.65,17772.6,13:25:00,17777.624511784426,4,51
2022-01-07,17781.75,17785.15,17770.6,17780.3,13:30:00,17778.017415424005,4,52
2022-01-07,17779.95,17789.7,17778.95,17781.95,13:35:00,17778.20147109791,4,53
2022-01-07,17792.5,17796.1,17778.9,17780.4,13:40:00,17779.563235755253,4,54
2022-01-07,17791.65,17795.2,17783.8,17793.6,13:45:00,17780.714356159515,4,55
2022-01-07,17784.15,17799.95,17784.15,17792.25,13:50:00,17781.041560334797,4,56
2022-01-07,17793.6,17793.95,17765.7,17784.75,13:55:00,17782.23760220767,4,57
2022-01-07,17775.45,17794.6,17766.55,17794.3,14:00:00,17781.59116390218,4,58
2022-01-07,17770.2,17780.15,17763.7,17778.4,14:05:00,17780.50629114959,4,59
2022-01-07,17749.55,17773.85,17749.55,17770.85,14:10:00,17777.55807294487,4,60
2022-01-07,17756.45,17760.35,17740.1,17750.15,14:15:00,17775.547780283454,4,61
2022-01-07,17758.35,17766.3,17747.1,17757.3,14:20:00,17773.909896446934,4,62
2022-01-07,17770.7,17778.45,17758.55,17759.05,14:25:00,17773.604192023417,4,63
2022-01-07,17772.9,17777.85,17764.4,17771.3,14:30:00,17773.537126116425,4,64
2022-01-07,17784.9,17787.65,17772.55,17773.1,14:35:00,17774.619304581527,4,65
2022-01-07,17777.7,17791.85,17775.0,17785.75,14:40:00,17774.91270414519,4,66
2022-01-07,17781.1,17782.45,17771.2,17778.55,14:45:00,17775.501970417077,4,67
2022-01-07,17775.2,17789.15,17775.2,17782.9,14:50:00,17775.473211329736,4,68
2022-01-07,17767.75,17774.85,17761.8,17774.85,14:55:00,17774.737667393572,4,69
2022-01-07,17804.8,17805.15,17767.6,17767.6,15:00:00,17777.600746689423,4,70
2022-01-07,17811.85,17813.6,17804.4,17805.9,15:05:00,17780.86258033805,4,71
2022-01-07,17810.2,17818.2,17803.15,17812.1,15:10:00,17783.656620305854,4,72
2022-01-07,17808.1,17818.4,17805.45,17810.4,15:15:00,17785.984561229106,4,73
2022-01-07,17826.7,17829.5,17808.25,17808.25,15:20:00,17789.862222064432,4,74
2022-01-07,17818.2,17829.4,17817.35,17825.65,15:25:00,17792.561058058294,4,75
2022-01-10,17932.0,17955.6,17893.85,17923.1,09:15:00,17805.84095729084,0,1
2022-01-10,17911.3,17945.05,17900.4,17932.75,09:20:00,17815.88467564409,0,2
2022-01-10,17888.5,17932.35,17884.65,17911.8,09:25:00,17822.800420820844,0,3
2022-01-10,17916.25,17916.25,17879.15,17888.25,09:30:00,17831.70038074267,0,4
2022-01-10,17921.35,17929.45,17905.85,17916.15,09:35:00,17840.23843971956,0,5
2022-01-10,17914.05,17921.95,17903.9,17921.95,09:40:00,17847.26811212722,0,6
2022-01-10,17917.9,17928.2,17912.05,17913.9,09:45:00,17853.994958591295,0,7
2022-01-10,17920.45,17924.65,17912.65,17918.8,09:50:00,17860.32401015403,0,8
2022-01-10,17947.65,17948.8,17919.95,17921.1,09:55:00,17868.64077109174,0,9
2022-01-10,17949.1,17962.25,17943.65,17948.95,10:00:00,17876.30355479729,0,10
2022-01-10,17958.45,17961.05,17941.9,17948.95,10:05:00,17884.127025768976,0,11
2022-01-10,17967.6,17969.8,17957.55,17958.1,10:10:00,17892.076832838597,0,12
2022-01-10,17969.95,17974.95,17960.8,17967.1,10:15:00,17899.493324949206,0,13
2022-01-10,17960.7,17978.15,17953.45,17971.4,10:20:00,17905.3225320969,0,14
2022-01-10,17972.55,17976.55,17954.75,17961.5,10:25:00,17911.725148087673,0,15
2022-01-10,17954.45,17974.0,17953.95,17972.95,10:30:00,17915.794181603134,0,16
2022-01-10,17958.15,17960.95,17944.3,17955.0,10:35:00,17919.828069069503,0,17
2022-01-10,17940.75,17958.5,17939.9,17957.7,10:40:00,17921.820633920026,0,18
2022-01-10,17951.7,17955.05,17940.7,17941.9,10:45:00,17924.666287832406,0,19
2022-01-10,17948.35,17971.3,17945.35,17951.1,10:50:00,17926.921879467413,0,20
2022-01-10,17961.25,17963.9,17947.15,17947.15,10:55:00,17930.19122428004,0,21
2022-01-10,17966.65,17967.2,17956.8,17962.5,11:00:00,17933.66348863432,0,22
2022-01-10,17972.3,17977.55,17962.35,17965.95,11:05:00,17937.343156383435,0,23
2022-01-10,17961.8,17977.45,17961.15,17971.7,11:10:00,17939.672379585012,0,24
2022-01-10,17954.85,17965.75,17954.85,17961.75,11:15:00,17941.11786724358,0,25
2022-01-10,17943.5,17956.6,17937.6,17955.95,11:20:00,17941.344737029907,0,26
2022-01-10,17932.2,17948.0,17929.8,17943.9,11:25:00,17940.473809693725,0,27
2022-01-10,17935.4,17943.25,17929.95,17932.1,11:30:00,17939.990589722896,0,28
2022-01-10,17940.5,17942.25,17933.3,17935.3,11:35:00,17940.039104987383,0,29
2022-01-10,17936.5,17944.15,17935.1,17941.1,11:40:00,17939.702047369537,0,30
2022-01-10,17918.6,17937.5,17917.7,17936.2,11:45:00,17937.69232857244,0,31
2022-01-10,17910.45,17919.85,17904.65,17919.85,11:50:00,17935.09782108935,0,32
2022-01-10,17908.8,17912.3,17901.05,17912.3,11:55:00,17932.59326669989,0,33
2022-01-10,17927.75,17930.65,17907.85,17909.95,12:00:00,17932.13200320466,0,34
2022-01-10,17937.3,17941.0,17927.7,17929.0,12:05:00,17932.624193375646,0,35
2022-01-10,17938.95,17942.2,17933.7,17939.2,12:10:00,17933.226651149394,0,36
2022-01-10,17952.4,17953.7,17936.5,17939.65,12:15:00,17935.052684373262,0,37
2022-01-10,17955.15,17958.8,17951.85,17953.1,12:20:00,17936.966714432954,0,38
2022-01-10,17949.95,17959.1,17948.0,17955.45,12:25:00,17938.203217820294,0,39
2022-01-10,17950.6,17956.7,17946.05,17950.9,12:30:00,17939.38386374217,0,40
2022-01-10,17958.3,17962.45,17950.7,17951.4,12:35:00,17941.18540052863,0,41
2022-01-10,17962.75,17964.1,17954.35,17959.1,12:40:00,17943.239171906855,0,42
2022-01-10,17967.85,17971.65,17962.95,17962.95,12:45:00,17945.583060296678,0,43
2022-01-10,17976.7,17978.65,17964.5,17969.05,12:50:00,17948.54657836366,0,44
2022-01-10,17960.0,17978.0,17960.0,17976.6,12:55:00,17949.637380424265,0,45
2022-01-10,17964.8,17971.8,17954.15,17960.85,13:00:00,17951.081439431477,0,46
2022-01-10,17956.1,17967.0,17952.95,17964.6,13:05:00,17951.55939758086,0,47
2022-01-10,17963.35,17965.05,17955.2,17957.25,13:10:00,17952.682312096968,0,48
2022-01-10,17952.6,17964.35,17951.35,17963.95,13:15:00,17952.674472849638,0,49
2022-01-10,17960.9,17963.1,17953.0,17953.0,13:20:00,17953.45785638777,0,50
2022-01-10,17954.1,17963.15,17952.15,17962.35,13:25:00,17953.51901292227,0,51
2022-01-10,17956.65,17963.85,17949.35,17955.1,13:30:00,17953.817202167767,0,52
2022-01-10,17969.95,17971.35,17956.2,17958.4,13:35:00,17955.35365910417,0,53
2022-01-10,17972.7,17973.5,17964.8,17971.2,13:40:00,17957.00569157044,0,54
2022-01-10,17969.65,17979.45,17969.3,17973.75,13:45:00,17958.209911420876,0,55
2022-01-10,17959.9,17970.65,17959.9,17970.65,13:50:00,17958.370872237934,0,56
2022-01-10,17969.95,17974.05,17953.05,17961.35,13:55:00,17959.47364631051,0,57
2022-01-10,17969.85,17981.45,17969.1,17972.15,14:00:00,17960.461870471416,0,58
2022-01-10,17960.4,17971.4,17957.85,17970.35,14:05:00,17960.455978045567,0,59
2022-01-10,17964.5,17968.7,17960.0,17961.95,14:10:00,17960.84112299361,0,60
2022-01-10,17965.55,17973.4,17962.75,17964.05,14:15:00,17961.28958747041,0,61
2022-01-10,17964.0,17972.6,17960.25,17967.05,14:20:00,17961.547721997038,0,62
2022-01-10,17976.15,17978.85,17966.0,17966.4,14:25:00,17962.93841514018,0,63
2022-01-10,17971.1,17978.95,17965.9,17977.6,14:30:00,17963.715708936354,0,64
2022-01-10,17973.45,17974.8,17966.95,17972.3,14:35:00,17964.642784275748,0,65
2022-01-10,17975.25,17978.5,17972.7,17975.3,14:40:00,17965.652995297107,0,66
2022-01-10,17985.95,17989.5,17975.05,17975.5,14:45:00,17967.58604336405,0,67
2022-01-10,17989.65,17997.95,17986.2,17987.2,14:50:00,17969.687372567474,0,68
2022-01-10,17995.3,17996.35,17982.0,17988.4,14:55:00,17972.12667041819,0,69
2022-01-10,18002.5,18002.65,17985.25,17995.5,15:00:00,17975.0193684736,0,70
2022-01-10,17996.55,18008.95,17996.1,18003.15,15:05:00,17977.069904809447,0,71
2022-01-10,18004.7,18009.75,17996.15,17997.25,15:10:00,17979.701342446642,0,72
2022-01-10,18005.65,18011.0,18002.2,18004.3,15:15:00,17982.17264316601,0,73
2022-01-10,18006.9,18007.05,17998.2,18005.3,15:20:00,17984.527629531152,0,74
2022-01-10,18005.45,18017.45,18004.95,18006.35,15:25:00,17986.52023624247,0,75
2022-01-11,18020.4,18053.9,17982.6,18006.05,09:15:00,17989.746880409853,1,1
2022-01-11,18026.15,18029.9,17985.0,18021.5,09:20:00,17993.213844180344,1,2
2022-01-11,18027.9,18037.8,18016.3,18025.1,09:25:00,17996.517287591738,1,3
2022-01-11,18024.1,18032.25,18013.25,18027.3,09:30:00,17999.144212583,1,4
2022-01-11,18003.45,18028.35,17995.75,18023.45,09:35:00,17999.554287575094,1,5
2022-01-11,17990.95,18006.65,17969.6,18005.95,09:40:00,17998.734831615562,1,6
2022-01-11,18016.55,18018.5,17982.1,17990.45,09:45:00,18000.43151431884,1,7
2022-01-11,17998.7,18023.35,17998.7,18016.75,09:50:00,18000.266608193237,1,8
2022-01-11,17994.9,18003.95,17982.7,17999.2,09:55:00,17999.755502651024,1,9
2022-01-11,17985.05,18000.0,17979.85,17995.95,10:00:00,17998.35497858902,1,10
2022-01-11,17983.55,17991.1,17978.3,17985.6,10:05:00,17996.944980628163,1,11
2022-01-11,17991.95,17993.55,17982.5,17982.95,10:10:00,17996.469268187386,1,12
2022-01-11,17975.45,17992.45,17964.4,17991.9,10:15:00,17994.46743312192,1,13
2022-01-11,18009.9,18012.25,17973.4,17976.25,10:20:00,17995.937201396024,1,14
2022-01-11,18006.8,18018.85,18006.8,18010.1,10:25:00,17996.971753644022,1,15
2022-01-11,18032.15,18033.0,18003.8,18006.75,10:30:00,18000.322062820782,1,16
2022-01-11,18034.3,18040.55,18029.6,18031.9,10:35:00,18003.55805683785,1,17
2022-01-11,18043.4,18044.55,18029.05,18035.15,10:40:00,18007.3525276152,1,18
2022-01-11,18033.3,18044.9,18032.6,18043.9,10:45:00,18009.82371546137,1,19
2022-01-11,18021.5,18036.0,18019.7,18032.75,10:50:00,18010.935742560287,1,20
2022-01-11,18023.95,18035.6,18020.25,18020.55,10:55:00,18012.175195649783,1,21
2022-01-11,18035.1,18035.5,18022.85,18024.3,11:00:00,18014.358510349804,1,22
2022-01-11,18024.7,18037.15,18022.9,18035.05,11:05:00,18015.34341412601,1,23
2022-01-11,18035.6,18039.5,18025.3,18025.45,11:10:00,18017.27261278068,1,24
2022-01-11,18034.5,18041.85,18031.75,18035.4,11:15:00,18018.91331632538,1,25
2022-01-11,18038.7,18043.2,18030.8,18034.0,11:20:00,18020.79776238963,1,26
2022-01-11,18050.85,18051.6,18039.0,18039.4,11:25:00,18023.659880257284,1,27
2022-01-11,18057.45,18058.05,18044.95,18052.2,11:30:00,18026.87798689945,1,28
2022-01-11,18053.9,18059.15,18050.75,18057.15,11:35:00,18029.45151195664,1,29
2022-01-11,18040.1,18053.65,18039.8,18053.45,11:40:00,18030.46565367505,1,30
2022-01-11,18046.2,18047.3,18030.8,18039.9,11:45:00,18031.96416284886,1,31
2022-01-11,18050.7,18055.45,18046.65,18047.55,11:50:00,18033.748528291824,1,32
2022-01-11,18048.8,18052.8,18044.55,18052.0,11:55:00,18035.18200178784,1,33
2022-01-11,18046.55,18049.8,18038.3,18049.0,12:00:00,18036.26466828424,1,34
2022-01-11,18040.1,18050.4,18038.2,18047.9,12:05:00,18036.62993797145,1,35
2022-01-11,18028.55,18041.5,18022.95,18041.45,12:10:00,18035.86042006941,1,36
2022-01-11,18029.8,18032.1,18023.5,18028.45,12:15:00,18035.28323720565,1,37
2022-01-11,18030.35,18034.55,18027.65,18030.3,12:20:00,18034.81340509083,1,38
2022-01-11,18036.2,18039.15,18024.55,18029.8,12:25:00,18034.945461748845,1,39
2022-01-11,18031.5,18038.1,18026.85,18037.15,12:30:00,18034.61732253467,1,40
2022-01-11,18037.8,18041.85,18030.1,18032.35,12:35:00,18034.920434674223,1,41
2022-01-11,18042.25,18044.2,18035.9,18037.45,12:40:00,18035.618488514778,1,42
2022-01-11,18035.95,18043.7,18035.15,18042.45,12:45:00,18035.65006103718,1,43
2022-01-11,18037.5,18040.45,18033.85,18036.35,12:50:00,18035.826245700304,1,44
2022-01-11,18045.75,18050.35,18037.6,18037.85,12:55:00,18036.77136515742,1,45
2022-01-11,18062.95,18064.3,18045.6,18046.5,13:00:00,18039.264568475763,1,46
2022-01-11,18060.9,18064.45,18056.8,18063.6,13:05:00,18041.325085763787,1,47
2022-01-11,18064.15,18065.2,18057.4,18060.8,13:10:00,18043.49888711962,1,48
2022-01-11,18062.7,18068.65,18060.2,18065.25,13:15:00,18045.3275645368,1,49
2022-01-11,18066.45,18068.2,18061.35,18063.3,13:20:00,18047.3392250571,1,50
2022-01-11,18075.7,18076.5,18064.0,18066.9,13:25:00,18050.04025124214,1,51
2022-01-11,18072.75,18081.25,18070.75,18077.0,13:30:00,18052.20308445717,1,52
2022-01-11,18072.35,18079.75,18051.0,18074.25,13:35:00,18054.121838318395,1,53
2022-01-11,18068.75,18073.05,18064.05,18073.05,13:40:00,18055.514996573787,1,54
2022-01-11,18044.8,18069.8,18043.2,18069.1,13:45:00,18054.494520709617,1,55
2022-01-11,18045.5,18053.4,18043.3,18046.45,13:50:00,18053.637899689653,1,56
2022-01-11,18044.4,18047.65,18037.4,18047.2,13:55:00,18052.75809971921,1,57
2022-01-11,18049.85,18051.45,18036.45,18044.55,14:00:00,18052.48113784119,1,58
2022-01-11,18060.3,18060.3,18048.85,18048.85,14:05:00,18053.22579138013,1,59
2022-01-11,18065.55,18065.7,18058.35,18059.8,14:10:00,18054.3995255344,1,60
2022-01-11,18072.95,18073.0,18063.9,18065.25,14:15:00,18056.16623738827,1,61
2022-01-11,18062.45,18079.0,18062.45,18071.85,14:20:00,18056.764690970336,1,62
2022-01-11,18058.55,18063.45,18052.45,18063.4,14:25:00,18056.93472040173,1,63
2022-01-11,18038.05,18061.3,18037.7,18059.25,14:30:00,18055.13617560157,1,64
2022-01-11,18029.95,18044.3,18027.35,18038.4,14:35:00,18052.737492210945,1,65
2022-01-11,18023.7,18034.6,18002.4,18031.25,14:40:00,18049.972016762284,1,66
2022-01-11,18035.15,18035.15,18007.3,18024.15,14:45:00,18048.560396118257,1,67
2022-01-11,18043.9,18046.1,18029.25,18035.55,14:50:00,18048.1165488689,1,68
2022-01-11,18035.85,18043.8,18031.55,18043.8,14:55:00,18046.94830611948,1,69
2022-01-11,18045.25,18051.8,18031.35,18032.7,15:00:00,18046.78656267953,1,70
2022-01-11,18062.3,18066.45,18044.9,18046.05,15:05:00,18048.264032900526,1,71
2022-01-11,18058.45,18067.55,18057.05,18063.6,15:10:00,18049.23412500524,1,72
2022-01-11,18047.0,18058.8,18045.95,18058.3,15:15:00,18049.021351195217,1,73
2022-01-11,18062.1,18064.35,18047.05,18047.05,15:20:00,18050.26693679568,1,74
2022-01-11,18059.15,18062.6,18050.1,18062.3,15:25:00,18051.112942815133,1,75
2022-01-12,18162.85,18184.6,18143.4,18170.5,09:15:00,18071.3827037557,2,1
2022-01-12,18158.95,18164.05,18145.2,18162.2,09:20:00,18079.72244625516,2,2
2022-01-12,18150.8,18167.45,18148.3,18157.6,09:25:00,18086.491737088,2,3
2022-01-12,18138.3,18156.15,18128.8,18152.05,09:30:00,18091.42585736533,2,4
2022-01-12,18149.65,18150.45,18134.8,18137.85,09:35:00,18096.971013806728,2,5
2022-01-12,18170.7,18173.75,18143.0,18150.2,09:40:00,18103.99282201561,2,6
2022-01-12,18161.8,18175.45,18155.95,18171.8,09:45:00,18109.49826753793,2,7
2022-01-12,18160.5,18162.3,18151.1,18162.3,09:50:00,18114.355575391462,2,8
2022-01-12,18169.05,18171.55,18157.0,18161.35,09:55:00,18119.564568211325,2,9
2022-01-12,18147.35,18169.85,18147.35,18169.5,10:00:00,18122.210799810244,2,10
2022-01-12,18153.95,18169.8,18148.0,18148.3,10:05:00,18125.2335807807,2,11
2022-01-12,18155.1,18160.75,18150.8,18153.8,10:10:00,18128.078001658727,2,12
2022-01-12,18154.0,18163.5,18149.95,18155.2,10:15:00,18130.54676340552,2,13
2022-01-12,18158.4,18158.7,18143.1,18154.05,10:20:00,18133.19945260499,2,14
2022-01-12,18183.45,18184.95,18157.95,18157.95,10:25:00,18137.98521902356,2,15
2022-01-12,18182.15,18187.35,18178.95,18182.9,10:30:00,18142.191388640367,2,16
2022-01-12,18182.1,18184.85,18176.3,18181.9,10:35:00,18145.99220876985,2,17
2022-01-12,18190.35,18190.7,18175.75,18183.05,10:40:00,18150.216760315583,2,18
2022-01-12,18183.45,18192.9,18182.65,18190.8,10:45:00,18153.38183076172,2,19
2022-01-12,18186.55,18191.35,18181.5,18184.35,10:50:00,18156.540704022507,2,20
2022-01-12,18195.05,18196.2,18184.25,18187.05,10:55:00,18160.208256020363,2,21
2022-01-12,18194.85,18199.65,18186.45,18194.85,11:00:00,18163.507469732707,2,22
2022-01-12,18193.35,18202.0,18191.1,18194.4,11:05:00,18166.34961547245,2,23
2022-01-12,18196.6,18197.55,18189.45,18194.2,11:10:00,18169.23060447508,2,24
2022-01-12,18197.2,18206.3,18193.15,18196.85,11:15:00,18171.894356429828,2,25
2022-01-12,18191.75,18200.4,18190.4,18197.45,11:20:00,18173.78537010317,2,26
2022-01-12,18193.55,18195.55,18184.15,18192.35,11:25:00,18175.66771580764,2,27
2022-01-12,18207.35,18208.6,18191.3,18192.7,11:30:00,18178.68507620691,2,28
2022-01-12,18212.2,18217.3,18205.35,18208.6,11:35:00,18181.876973711016,2,29
2022-01-12,18209.25,18221.3,18208.7,18212.15,11:40:00,18184.48392859568,2,30
2022-01-12,18201.4,18212.4,18201.4,18208.9,11:45:00,18186.09498301514,2,31
2022-01-12,18198.9,18207.05,18198.6,18202.2,11:50:00,18187.31450844227,2,32
2022-01-12,18196.0,18202.35,18189.95,18200.1,11:55:00,18188.14169811444,2,33
2022-01-12,18190.35,18197.7,18189.85,18195.45,12:00:00,18188.35201257973,2,34
2022-01-12,18190.8,18191.0,18184.2,18191.0,12:05:00,18188.585154238805,2,35
2022-01-12,18194.05,18200.85,18190.0,18191.75,12:10:00,18189.10561573987,2,36
2022-01-12,18195.65,18198.6,18191.55,18193.8,12:15:00,18189.72889043132,2,37
2022-01-12,18191.15,18198.05,18186.35,18195.7,12:20:00,18189.86423419976,2,38
2022-01-12,18183.7,18195.95,18183.15,18191.1,12:25:00,18189.277164275976,2,39
2022-01-12,18195.15,18195.15,18181.35,18182.75,12:30:00,18189.836481963976,2,40
2022-01-12,18194.75,18198.4,18193.05,18195.1,12:35:00,18190.304436062645,2,41
2022-01-12,18185.95,18194.75,18185.0,18194.4,12:40:00,18189.8897278662,2,42
2022-01-12,18192.05,18195.85,18185.05,18186.5,12:45:00,18190.09546806942,2,43
2022-01-12,18190.0,18196.3,18188.55,18191.9,12:50:00,18190.08637587233,2,44
2022-01-12,18183.35,18193.7,18176.2,18191.25,12:55:00,18189.444816265448,2,45
2022-01-12,18189.6,18192.95,18182.25,18184.85,13:00:00,18189.459595668737,2,46
2022-01-12,18198.0,18198.0,18182.4,18190.35,13:05:00,18190.272967509813,2,47
2022-01-12,18185.3,18198.15,18185.2,18197.5,13:10:00,18189.7993515565,2,48
2022-01-12,18166.0,18187.5,18161.95,18186.45,13:15:00,18187.53274664636,2,49
2022-01-12,18177.8,18178.45,18162.4,18167.0,13:20:00,18186.605818394324,2,50
2022-01-12,18173.65,18178.6,18168.5,18178.6,13:25:00,18185.3719309282,2,51
2022-01-12,18186.4,18188.25,18171.85,18172.7,13:30:00,18185.46984226837,2,52
2022-01-12,18193.75,18199.1,18186.7,18188.7,13:35:00,18186.258428719,2,53
2022-01-12,18194.3,18195.15,18188.0,18194.55,13:40:00,18187.024292650523,2,54
2022-01-12,18187.5,18195.6,18185.25,18194.15,13:45:00,18187.06959811238,2,55
2022-01-12,18185.6,18193.35,18184.85,18188.5,13:50:00,18186.92963638739,2,56
2022-01-12,18176.85,18186.9,18165.4,18186.9,13:55:00,18185.969671017163,2,57
2022-01-12,18169.25,18176.7,18167.6,18176.3,14:00:00,18184.37732139648,2,58
2022-01-12,18171.35,18175.55,18158.75,18168.85,14:05:00,18183.136624120623,2,59
2022-01-12,18170.4,18176.05,18167.8,18171.85,14:10:00,18181.92361229961,2,60
2022-01-12,18181.45,18181.7,18162.05,18171.6,14:15:00,18181.87850636632,2,61
2022-01-12,18180.1,18185.5,18175.85,18181.35,14:20:00,18181.70912480762,2,62
2022-01-12,18178.0,18182.45,18173.55,18179.9,14:25:00,18181.355874825946,2,63
2022-01-12,18182.7,18184.5,18177.65,18178.55,14:30:00,18181.483886747283,2,64
2022-01-12,18195.5,18196.0,18181.7,18183.05,14:35:00,18182.818754676115,2,65
2022-01-12,18201.15,18201.15,18193.25,18195.3,14:40:00,18184.564587564106,2,66
2022-01-12,18190.65,18201.85,18185.85,18201.5,14:45:00,18185.14415065324,2,67
2022-01-12,18203.95,18205.3,18190.25,18190.95,14:50:00,18186.93518392436,2,68
2022-01-12,18208.25,18211.8,18203.05,18203.05,14:55:00,18188.96516640776,2,69
2022-01-12,18226.05,18227.65,18209.0,18209.0,15:00:00,18192.4970553213,2,70
2022-01-12,18219.1,18227.95,18219.1,18225.95,15:05:00,18195.030669100222,2,71
2022-01-12,18215.1,18220.55,18211.4,18217.7,15:10:00,18196.942033947824,2,72
2022-01-12,18209.0,18217.6,18205.5,18216.25,15:15:00,18198.09041166708,2,73
2022-01-12,18205.5,18215.4,18203.15,18208.25,15:20:00,18198.796086746403,2,74
2022-01-12,18194.45,18208.15,18192.95,18206.35,15:25:00,18198.382173722934,2,75
2022-01-13,18238.85,18258.85,18201.75,18258.85,09:15:00,18202.236252415987,3,1
2022-01-13,18232.55,18244.0,18219.7,18237.5,09:20:00,18205.12327599542,3,2
2022-01-13,18249.95,18255.85,18226.0,18232.05,09:25:00,18209.392487805377,3,3
2022-01-13,18257.55,18260.95,18245.65,18248.8,09:30:00,18213.9789175382,3,4
2022-01-13,18265.9,18272.05,18248.4,18257.9,09:35:00,18218.923782534555,3,5
2022-01-13,18265.65,18272.25,18255.5,18265.75,09:40:00,18223.373898483645,3,6
2022-01-13,18254.9,18270.95,18252.95,18264.45,09:45:00,18226.376384342344,3,7
2022-01-13,18251.3,18258.9,18239.05,18254.65,09:50:00,18228.750062024024,3,8
2022-01-13,18242.45,18258.65,18239.1,18252.6,09:55:00,18230.054818021737,3,9
2022-01-13,18208.25,18244.2,18200.4,18244.2,10:00:00,18227.97816868633,3,10
2022-01-13,18196.85,18224.5,18196.55,18209.45,10:05:00,18225.0135811924,3,11
2022-01-13,18197.0,18212.25,18187.15,18195.5,10:10:00,18222.34562107883,3,12
2022-01-13,18208.8,18218.2,18186.45,18197.2,10:15:00,18221.055561928468,3,13
2022-01-13,18209.95,18217.35,18200.95,18208.55,10:20:00,18219.99788936385,3,14
2022-01-13,18205.65,18219.15,18200.35,18210.45,10:25:00,18218.631423710154,3,15
2022-01-13,18199.7,18205.8,18193.85,18204.15,10:30:00,18216.828430975853,3,16
2022-01-13,18171.85,18199.35,18166.2,18199.35,10:35:00,18212.54477088292,3,17
2022-01-13,18190.65,18192.45,18163.8,18172.3,10:40:00,18210.459554608355,3,18
2022-01-13,18208.6,18211.3,18187.55,18188.8,10:45:00,18210.282454169464,3,19
2022-01-13,18215.95,18220.85,18207.35,18207.35,10:50:00,18210.82222043904,3,20
2022-01-13,18214.65,18228.25,18206.05,18217.15,10:55:00,18211.186770873413,3,21
2022-01-13,18205.1,18217.55,18203.95,18214.3,11:00:00,18210.60707840928,3,22
2022-01-13,18213.55,18214.4,18204.4,18205.0,11:05:00,18210.88735665601,3,23
2022-01-13,18215.95,18220.6,18209.5,18213.65,11:10:00,18211.36951316496,3,24
2022-01-13,18222.75,18226.95,18215.1,18216.65,11:15:00,18212.45336905401,3,25
2022-01-13,18230.0,18231.7,18219.7,18222.8,11:20:00,18214.124476763154,3,26
2022-01-13,18231.9,18238.0,18229.7,18229.7,11:25:00,18215.81738373809,3,27
2022-01-13,18224.1,18235.75,18223.0,18232.0,11:30:00,18216.60620433446,3,28
2022-01-13,18222.75,18226.2,18218.8,18223.85,11:35:00,18217.19132773118,3,29
2022-01-13,18232.0,18232.95,18222.4,18223.05,11:40:00,18218.601677471062,3,30
2022-01-13,18239.85,18240.65,18230.95,18232.85,11:45:00,18220.625327235724,3,31
2022-01-13,18244.85,18245.25,18237.65,18240.4,11:50:00,18222.93243892756,3,32
2022-01-13,18245.6,18249.6,18242.2,18245.25,11:55:00,18225.09125426779,3,33
2022-01-13,18249.75,18251.05,18241.9,18246.4,12:00:00,18227.439706242287,3,34
2022-01-13,18243.85,18252.85,18242.4,18250.05,12:05:00,18229.00259136207,3,35
2022-01-13,18250.1,18250.8,18242.05,18244.0,12:10:00,18231.011868375204,3,36
2022-01-13,18248.2,18256.15,18246.4,18250.4,12:15:00,18232.64883329185,3,37
2022-01-13,18237.45,18248.5,18236.2,18248.15,12:20:00,18233.10608726406,3,38
2022-01-13,18230.85,18245.15,18230.85,18237.85,12:25:00,18232.89122181034,3,39
2022-01-13,18225.35,18235.5,18223.8,18231.05,12:30:00,18232.17301020936,3,40
2022-01-13,18218.0,18228.35,18217.3,18226.05,12:35:00,18230.823199713224,3,41
2022-01-13,18227.8,18230.2,18216.3,18218.7,12:40:00,18230.53527593101,3,42
2022-01-13,18217.35,18235.75,18212.0,18228.0,12:45:00,18229.27953536616,3,43
2022-01-13,18212.7,18221.0,18211.1,18217.6,12:50:00,18227.700531997947,3,44
2022-01-13,18214.9,18221.1,18208.8,18211.95,12:55:00,18226.48143371243,3,45
2022-01-13,18217.75,18226.65,18209.45,18214.95,13:00:00,18225.64986859696,3,46
2022-01-13,18210.3,18220.3,18204.0,18218.15,13:05:00,18224.18797634963,3,47
2022-01-13,18214.55,18220.25,18208.15,18210.65,13:10:00,18223.27007384014,3,48
2022-01-13,18201.25,18214.85,18196.95,18214.85,13:15:00,18221.1729239506,3,49
2022-01-13,18184.1,18202.4,18183.65,18201.3,13:20:00,18217.64216928864,3,50
2022-01-13,18194.95,18200.85,18183.65,18183.65,13:25:00,18215.48101030877,3,51
2022-01-13,18215.15,18216.65,18195.15,18195.9,13:30:00,18215.449485517456,3,52
2022-01-13,18224.0,18229.85,18215.15,18216.05,13:35:00,18216.26382023008,3,53
2022-01-13,18229.2,18229.4,18222.7,18224.3,13:40:00,18217.49583735102,3,54
2022-01-13,18227.7,18233.65,18224.25,18228.95,13:45:00,18218.46766236521,3,55
2022-01-13,18234.2,18235.35,18225.45,18227.9,13:50:00,18219.96598023519,3,56
2022-01-13,18234.5,18236.1,18229.0,18234.65,13:55:00,18221.350172593746,3,57
2022-01-13,18238.7,18245.05,18233.65,18235.1,14:00:00,18223.002537108623,3,58
2022-01-13,18239.65,18241.4,18234.2,18239.4,14:05:00,18224.588009764942,3,59
2022-01-13,18216.85,18239.8,18216.65,18239.8,14:10:00,18223.851056454,3,60
2022-01-13,18223.8,18228.7,18217.5,18217.65,14:15:00,18223.84619393457,3,61
2022-01-13,18218.0,18225.5,18209.25,18223.7,14:20:00,18223.289413559847,3,62
2022-01-13,18218.4,18225.0,18213.7,18218.1,14:25:00,18222.823755125573,3,63
2022-01-13,18220.25,18224.55,18218.25,18218.9,14:30:00,18222.578635589805,3,64
2022-01-13,18207.0,18222.95,18203.9,18221.1,14:35:00,18221.094956009823,3,65
2022-01-13,18220.6,18220.85,18205.5,18207.35,14:40:00,18221.04781734222,3,66
2022-01-13,18219.25,18224.05,18214.0,18220.4,14:45:00,18220.876596642964,3,67
2022-01-13,18211.45,18222.05,18211.25,18219.35,14:50:00,18219.978825534112,3,68
2022-01-13,18217.9,18221.9,18211.0,18211.0,14:55:00,18219.78084214991,3,69
2022-01-13,18252.0,18252.0,18217.8,18217.8,15:00:00,18222.849333373728,3,70
2022-01-13,18257.55,18259.05,18244.95,18252.25,15:05:00,18226.154158766705,3,71
2022-01-13,18269.15,18269.5,18256.25,18258.2,15:10:00,18230.249000788925,3,72
2022-01-13,18263.05,18269.8,18261.55,18269.2,15:15:00,18233.37290547569,3,73
2022-01-13,18263.7,18266.7,18257.75,18262.55,15:20:00,18236.261200192293,3,74
2022-01-13,18256.6,18264.35,18255.25,18263.65,15:25:00,18238.19822874541,3,75
2022-01-14,18132.7,18197.65,18119.65,18197.65,09:15:00,18228.150778388703,4,1
2022-01-14,18182.15,18182.15,18129.1,18132.8,09:20:00,18223.76975187549,4,2
2022-01-14,18182.5,18183.25,18167.8,18180.25,09:25:00,18219.839299315925,4,3
2022-01-14,18195.3,18198.05,18167.6,18186.5,09:30:00,18217.5022231906,4,4
2022-01-14,18217.25,18224.15,18194.15,18194.35,09:35:00,18217.47820193435,4,5
2022-01-14,18224.65,18228.35,18207.6,18216.9,09:40:00,18218.161230321555,4,6
2022-01-14,18228.75,18230.0,18216.8,18224.7,09:45:00,18219.16968457665,4,7
2022-01-14,18214.45,18232.1,18209.55,18228.7,09:50:00,18218.72019080744,4,8
2022-01-14,18202.05,18213.45,18201.5,18213.45,09:55:00,18217.13255358769,4,9
2022-01-14,18194.85,18201.85,18187.0,18201.65,10:00:00,18215.010405626952,4,10
2022-01-14,18184.1,18206.45,18184.1,18194.7,10:05:00,18212.066557472004,4,11
2022-01-14,18202.55,18204.85,18184.05,18184.2,10:10:00,18211.160218665147,4,12
2022-01-14,18210.9,18214.65,18196.85,18201.5,10:15:00,18211.13543593513,4,13
2022-01-14,18206.95,18217.2,18205.55,18209.7,10:20:00,18210.73682298893,4,14
2022-01-14,18192.8,18206.05,18188.2,18206.05,10:25:00,18209.02855413284,4,15
2022-01-14,18182.0,18197.6,18177.1,18192.05,10:30:00,18206.45440612019,4,16
2022-01-14,18172.4,18182.15,18171.75,18181.75,10:35:00,18203.21112934684,4,17
2022-01-14,18167.15,18173.4,18153.7,18173.05,10:40:00,18199.77673607571,4,18
2022-01-14,18181.5,18184.3,18164.35,18165.75,10:45:00,18198.03609454469,4,19
2022-01-14,18177.2,18188.4,18175.75,18181.4,10:50:00,18196.05170458805,4,20
2022-01-14,18178.8,18188.4,18177.1,18177.4,10:55:00,18194.40868510348,4,21
2022-01-14,18178.65,18182.35,18166.05,18179.15,11:00:00,18192.90785795076,4,22
2022-01-14,18185.95,18188.55,18179.2,18179.2,11:05:00,18192.2452048126,4,23
2022-01-14,18185.95,18192.75,18183.5,18186.3,11:10:00,18191.64566149711,4,24
2022-01-14,18175.25,18186.2,18170.95,18186.2,11:15:00,18190.08416992596,4,25
2022-01-14,18177.15,18181.55,18171.55,18175.5,11:20:00,18188.852344218725,4,26
2022-01-14,18164.35,18177.25,18157.8,18177.25,11:25:00,18186.518787626468,4,27
2022-01-14,18147.1,18164.25,18141.65,18163.9,11:30:00,18182.764617376328,4,28
2022-01-14,18156.75,18157.9,18147.1,18147.15,11:35:00,18180.28703476906,4,29
2022-01-14,18168.95,18178.0,18157.5,18157.7,11:40:00,18179.207317172004,4,30
2022-01-14,18179.15,18180.85,18170.05,18170.55,11:45:00,18179.20185839372,4,31
2022-01-14,18179.6,18185.65,18178.1,18180.1,11:50:00,18179.23977664193,4,32
2022-01-14,18173.05,18182.75,18170.1,18180.55,11:55:00,18178.6502741046,4,33
2022-01-14,18184.65,18187.8,18172.15,18173.9,12:00:00,18179.22167657083,4,34
2022-01-14,18184.5,18192.45,18181.2,18185.15,12:05:00,18179.72437404028,4,35
2022-01-14,18195.9,18197.9,18184.0,18185.1,12:10:00,18181.26490984596,4,36
2022-01-14,18190.6,18196.35,18188.5,18196.3,12:15:00,18182.15396605111,4,37
2022-01-14,18189.05,18193.2,18183.85,18190.95,12:20:00,18182.8107311891,4,38
2022-01-14,18195.6,18200.1,18179.85,18189.45,12:25:00,18184.02875679014,4,39
2022-01-14,18204.7,18207.55,18190.85,18196.55,12:30:00,18185.99744661965,4,40
2022-01-14,18204.45,18209.9,18202.6,18205.5,12:35:00,18187.754832655875,4,41
2022-01-14,18210.45,18215.35,18203.45,18204.5,12:40:00,18189.91627716484,4,42
2022-01-14,18220.75,18222.75,18210.45,18211.2,12:45:00,18192.85282219676,4,43
2022-01-14,18220.9,18226.5,18219.65,18221.65,12:50:00,18195.523981987542,4,44
2022-01-14,18206.3,18221.1,18205.25,18219.25,12:55:00,18196.5502694173,4,45
2022-01-14,18211.5,18217.25,18203.6,18206.7,13:00:00,18197.97405328232,4,46
2022-01-14,18220.25,18222.95,18210.5,18212.15,13:05:00,18200.095572017337,4,47
2022-01-14,18218.45,18222.1,18214.15,18221.7,13:10:00,18201.84361277759,4,48
2022-01-14,18211.45,18223.85,18211.45,18220.45,13:15:00,18202.75850679877,4,49
2022-01-14,18224.55,18225.5,18210.75,18211.7,13:20:00,18204.83388710365,4,50
2022-01-14,18217.35,18230.05,18215.75,18225.15,13:25:00,18206.025897855685,4,51
2022-01-14,18216.1,18223.9,18215.35,18218.3,13:30:00,18206.985336155143,4,52
2022-01-14,18219.4,18224.3,18215.2,18215.85,13:35:00,18208.16768509275,4,53
2022-01-14,18226.6,18230.8,18218.9,18220.2,13:40:00,18209.923143655345,4,54
2022-01-14,18240.25,18241.25,18227.55,18227.55,13:45:00,18212.81141568817,4,55
2022-01-14,18247.1,18249.75,18238.45,18240.1,13:50:00,18216.07699514644,4,56
2022-01-14,18243.4,18251.35,18242.65,18247.85,13:55:00,18218.679186084875,4,57
2022-01-14,18243.8,18247.05,18235.55,18242.65,14:00:00,18221.071644552983,4,58
2022-01-14,18229.05,18245.2,18228.05,18241.75,14:05:00,18221.83148792889,4,59
2022-01-14,18227.15,18229.4,18219.4,18229.4,14:10:00,18222.33801288804,4,60
2022-01-14,18224.9,18234.7,18221.15,18227.8,14:15:00,18222.58201166061,4,61
2022-01-14,18227.65,18231.45,18217.5,18224.5,14:20:00,18223.064677216746,4,62
2022-01-14,18237.65,18242.25,18225.0,18228.4,14:25:00,18224.45375557705,4,63
2022-01-14,18236.9,18244.1,18235.15,18238.5,14:30:00,18225.63911218876,4,64
2022-01-14,18235.6,18237.85,18228.85,18236.65,14:35:00,18226.587768170783,4,65
2022-01-14,18237.1,18238.5,18233.65,18235.95,14:40:00,18227.588933106897,4,66
2022-01-14,18250.95,18253.65,18236.35,18237.4,14:45:00,18229.81379662053,4,67
2022-01-14,18253.95,18255.65,18246.8,18250.2,14:50:00,18232.11248265667,4,68
2022-01-14,18257.55,18260.5,18252.95,18253.7,14:55:00,18234.53510335604,4,69
2022-01-14,18283.4,18283.8,18259.05,18259.05,15:00:00,18239.18890303641,4,70
2022-01-14,18259.9,18286.95,18258.3,18286.3,15:05:00,18241.161388461514,4,71
2022-01-14,18255.0,18264.3,18254.85,18260.0,15:10:00,18242.47935146518,4,72
2022-01-14,18248.1,18258.8,18246.95,18256.7,15:15:00,18243.01465132564,4,73
2022-01-14,18242.4,18250.25,18237.65,18248.4,15:20:00,18242.95611310415,4,74
2022-01-14,18234.8,18245.2,18233.15,18244.2,15:25:00,18242.179340427563,4,75
2022-01-17,18295.6,18299.45,18228.75,18246.15,09:15:00,18247.26702229161,0,1
2022-01-17,18299.45,18304.45,18282.95,18296.5,09:20:00,18252.236829692403,0,2
2022-01-17,18257.5,18300.7,18245.2,18300.7,09:25:00,18252.73808400741,0,3
2022-01-17,18255.6,18268.65,18244.9,18257.95,09:30:00,18253.01064743528,0,4
2022-01-17,18276.15,18284.25,18249.85,18252.6,09:35:00,18255.214395298583,0,5
2022-01-17,18262.25,18279.2,18253.6,18276.0,09:40:00,18255.8844528892,0,6
2022-01-17,18252.65,18261.35,18237.05,18261.35,09:45:00,18255.576409756886,0,7
2022-01-17,18257.75,18267.9,18238.5,18251.5,09:50:00,18255.783418351468,0,8
2022-01-17,18261.35,18271.3,18252.3,18257.95,09:55:00,18256.313568984664,0,9
2022-01-17,18279.6,18284.25,18261.45,18261.8,10:00:00,18258.531324319458,0,10
2022-01-17,18283.45,18288.95,18269.3,18279.8,10:05:00,18260.90453152713,0,11
2022-01-17,18288.5,18290.5,18277.55,18283.15,10:10:00,18263.532671381687,0,12
2022-01-17,18280.7,18292.9,18278.7,18289.15,10:15:00,18265.16765505962,0,13
2022-01-17,18286.7,18286.7,18271.6,18281.05,10:20:00,18267.21835457775,0,14
2022-01-17,18271.65,18294.55,18269.85,18286.0,10:25:00,18267.64041604654,0,15
2022-01-17,18277.6,18283.9,18272.2,18272.5,10:30:00,18268.58894785164,0,16
2022-01-17,18284.3,18287.1,18276.4,18276.75,10:35:00,18270.08523853243,0,17
2022-01-17,18287.55,18288.45,18279.1,18283.8,10:40:00,18271.74854914839,0,18
2022-01-17,18285.95,18294.0,18285.7,18287.05,10:45:00,18273.10106827712,0,19
2022-01-17,18288.15,18291.55,18286.15,18286.9,10:50:00,18274.53429986977,0,20
2022-01-17,18302.1,18303.3,18286.95,18288.05,10:55:00,18277.15960464408,0,21
2022-01-17,18306.2,18312.9,18292.2,18303.2,11:00:00,18279.92535658274,0,22
2022-01-17,18300.7,18307.95,18297.6,18307.0,11:05:00,18281.90389405105,0,23
2022-01-17,18299.95,18301.0,18293.7,18300.45,11:10:00,18283.622570808093,0,24
2022-01-17,18312.15,18313.85,18298.3,18299.1,11:15:00,18286.33946882637,0,25
2022-01-17,18307.55,18312.6,18305.0,18312.45,11:20:00,18288.35951941433,0,26
2022-01-17,18291.9,18308.85,18290.2,18307.6,11:25:00,18288.69670804153,0,27
2022-01-17,18291.6,18293.3,18280.7,18291.75,11:30:00,18288.97321203758,0,28
2022-01-17,18294.85,18295.45,18283.95,18290.35,11:35:00,18289.53290612924,0,29
2022-01-17,18290.55,18296.35,18289.85,18294.1,11:40:00,18289.62977221217,0,30
2022-01-17,18288.6,18293.45,18286.5,18291.4,11:45:00,18289.53169866816,0,31
2022-01-17,18302.95,18304.75,18286.95,18288.55,11:50:00,18290.80963212833,0,32
2022-01-17,18307.65,18313.4,18302.8,18302.8,11:55:00,18292.413476687536,0,33
2022-01-17,18302.1,18309.15,18301.05,18307.05,12:00:00,18293.336002717293,0,34
2022-01-17,18297.65,18306.55,18297.45,18302.3,12:05:00,18293.74685960136,0,35
2022-01-17,18295.5,18300.75,18291.1,18298.95,12:10:00,18293.91382535361,0,36
2022-01-17,18297.2,18299.75,18278.05,18295.3,12:15:00,18294.226794367554,0,37
2022-01-17,18299.55,18302.15,18294.25,18298.0,12:20:00,18294.73376633255,0,38
2022-01-17,18296.95,18302.1,18287.6,18299.65,12:25:00,18294.94483620564,0,39
2022-01-17,18295.6,18301.2,18289.0,18298.4,12:30:00,18295.007232757485,0,40
2022-01-17,18295.6,18303.75,18293.7,18296.25,12:35:00,18295.063686780584,0,41
2022-01-17,18297.45,18302.85,18295.65,18297.7,12:40:00,18295.29095470624,0,42
2022-01-17,18286.15,18301.4,18286.15,18297.8,12:45:00,18294.42038759136,0,43
2022-01-17,18290.7,18294.75,18279.95,18286.2,12:50:00,18294.06606496361,0,44
2022-01-17,18286.9,18295.85,18286.9,18290.2,12:55:00,18293.383582586124,0,45
2022-01-17,18296.1,18301.55,18286.25,18287.5,13:00:00,18293.642289006493,0,46
2022-01-17,18294.8,18304.7,18294.8,18296.35,13:05:00,18293.75254719635,0,47
2022-01-17,18295.75,18301.05,18294.15,18294.55,13:10:00,18293.942780796697,0,48
2022-01-17,18299.15,18301.2,18293.05,18296.95,13:15:00,18294.438706435107,0,49
2022-01-17,18300.05,18300.05,18291.85,18298.1,13:20:00,18294.97311534605,0,50
2022-01-17,18296.35,18302.45,18292.5,18299.75,13:25:00,18295.10424721785,0,51
2022-01-17,18293.9,18298.7,18291.25,18297.25,13:30:00,18294.98955700663,0,52
2022-01-17,18283.25,18294.5,18281.75,18293.3,13:35:00,18293.87150395838,0,53
2022-01-17,18267.35,18283.8,18267.15,18283.2,13:40:00,18291.34564643853,0,54
2022-01-17,18278.8,18280.4,18260.65,18267.6,13:45:00,18290.1508229682,0,55
2022-01-17,18290.45,18291.25,18276.3,18278.7,13:50:00,18290.179316018846,0,56
2022-01-17,18301.85,18302.55,18288.65,18291.3,13:55:00,18291.290809731338,0,57
2022-01-17,18304.85,18309.25,18303.1,18303.1,14:00:00,18292.58216118549,0,58
2022-01-17,18299.15,18309.25,18287.75,18305.45,14:05:00,18293.20766964402,0,59
2022-01-17,18298.35,18303.0,18294.1,18299.4,14:10:00,18293.69741539221,0,60
2022-01-17,18298.65,18301.3,18292.0,18299.25,14:15:00,18294.16909011676,0,61
2022-01-17,18301.75,18302.9,18295.85,18299.5,14:20:00,18294.891081534213,0,62
2022-01-17,18307.5,18311.85,18301.4,18302.75,14:25:00,18296.091930911905,0,63
2022-01-17,18307.4,18312.8,18305.85,18308.05,14:30:00,18297.168889872675,0,64
2022-01-17,18316.65,18320.35,18302.35,18307.2,14:35:00,18299.024233694327,0,65
2022-01-17,18300.9,18321.55,18293.45,18316.6,14:40:00,18299.202878104392,0,66
2022-01-17,18307.95,18316.6,18300.15,18301.35,14:45:00,18300.035937332545,0,67
2022-01-17,18298.4,18311.8,18295.45,18307.55,14:50:00,18299.880133777064,0,68
2022-01-17,18306.65,18307.15,18298.9,18298.9,14:55:00,18300.52488294116,0,69
2022-01-17,18305.1,18315.6,18295.55,18307.75,15:00:00,18300.960608375328,0,70
2022-01-17,18304.4,18308.55,18301.2,18303.95,15:05:00,18301.28816948244,0,71
2022-01-17,18304.15,18309.25,18303.1,18303.9,15:10:00,18301.560724769824,0,72
2022-01-17,18308.2,18313.05,18301.7,18304.6,15:15:00,18302.19303669651,0,73
2022-01-17,18309.6,18313.45,18302.8,18307.4,15:20:00,18302.89846177303,0,74
2022-01-17,18308.85,18314.8,18306.5,18309.15,15:25:00,18303.465274937505,0,75
2022-01-18,18349.15,18349.15,18321.7,18348.95,09:15:00,18307.816201133934,1,1
2022-01-18,18341.1,18350.95,18334.25,18349.45,09:20:00,18310.986086740224,1,2
2022-01-18,18342.95,18348.35,18332.85,18341.55,09:25:00,18314.03026895544,1,3
2022-01-18,18322.45,18342.3,18320.1,18341.8,09:30:00,18314.83214810254,1,4
2022-01-18,18271.9,18323.85,18271.35,18322.4,09:35:00,18310.743372092777,1,5
2022-01-18,18256.35,18279.25,18246.7,18269.9,09:40:00,18305.563050941084,1,6
2022-01-18,18278.1,18279.25,18246.3,18256.55,09:45:00,18302.94752228003,1,7
2022-01-18,18265.85,18288.95,18265.85,18277.3,09:50:00,18299.414424920025,1,8
2022-01-18,18218.2,18265.9,18217.35,18264.95,09:55:00,18291.679717784784,1,9
2022-01-18,18236.2,18236.2,18205.15,18219.15,10:00:00,18286.39593513861,1,10
2022-01-18,18231.75,18248.25,18230.6,18236.15,10:05:00,18281.191560363503,1,11
2022-01-18,18236.1,18244.9,18228.65,18229.3,10:10:00,18276.89712604317,1,12
2022-01-18,18196.0,18234.5,18193.15,18234.2,10:15:00,18269.192637848584,1,13
2022-01-18,18205.0,18205.8,18186.2,18196.4,10:20:00,18263.07905329157,1,14
2022-01-18,18232.65,18234.5,18204.2,18205.65,10:25:00,18260.18104821619,1,15
2022-01-18,18237.5,18241.1,18221.4,18232.95,10:30:00,18258.02094838608,1,16
2022-01-18,18229.65,18242.0,18225.6,18237.85,10:35:00,18255.31895330169,1,17
2022-01-18,18234.05,18236.15,18221.0,18230.35,10:40:00,18253.29333870153,1,18
2022-01-18,18238.3,18239.2,18222.0,18233.95,10:45:00,18251.86540168233,1,19
2022-01-18,18241.2,18244.0,18233.35,18238.45,10:50:00,18250.84964914116,1,20
2022-01-18,18238.75,18240.9,18228.95,18240.9,10:55:00,18249.69730160391,1,21
2022-01-18,18233.6,18242.3,18232.45,18239.1,11:00:00,18248.16422526068,1,22
2022-01-18,18227.8,18239.15,18227.05,18233.55,11:05:00,18246.224775235853,1,23
2022-01-18,18235.7,18237.4,18222.05,18227.9,11:10:00,18245.222415689583,1,24
2022-01-18,18238.9,18240.4,18234.7,18236.05,11:15:00,18244.620280862004,1,25
2022-01-18,18243.3,18252.75,18238.45,18238.45,11:20:00,18244.494539827527,1,26
2022-01-18,18254.85,18256.0,18236.95,18243.8,11:25:00,18245.480774129668,1,27
2022-01-18,18263.7,18264.8,18249.4,18255.25,11:30:00,18247.21593849828,1,28
2022-01-18,18262.9,18266.9,18258.05,18264.3,11:35:00,18248.70965864129,1,29
2022-01-18,18260.5,18268.7,18259.8,18264.65,11:40:00,18249.832548294504,1,30
2022-01-18,18253.05,18261.55,18252.5,18259.65,11:45:00,18250.138972266453,1,31
2022-01-18,18248.7,18256.05,18247.05,18253.6,11:50:00,18250.001927288697,1,32
2022-01-18,18256.4,18260.65,18248.65,18249.7,11:55:00,18250.61126754692,1,33
2022-01-18,18252.8,18259.1,18251.75,18258.15,12:00:00,18250.81971825673,1,34
2022-01-18,18261.55,18261.65,18253.2,18254.5,12:05:00,18251.84164985133,1,35
2022-01-18,18255.8,18263.35,18255.8,18262.05,12:10:00,18252.21863557977,1,36
2022-01-18,18265.1,18266.15,18256.2,18257.05,12:15:00,18253.445432191224,1,37
2022-01-18,18262.1,18271.65,18261.75,18265.95,12:20:00,18254.26967674444,1,38
2022-01-18,18260.95,18263.7,18257.95,18263.35,12:25:00,18254.90589800688,1,39
2022-01-18,18258.15,18269.85,18257.85,18262.0,12:30:00,18255.214860101463,1,40
2022-01-18,18255.0,18264.65,18254.8,18258.8,12:35:00,18255.194397234656,1,41
2022-01-18,18264.7,18267.6,18254.8,18256.1,12:40:00,18256.09969273612,1,42
2022-01-18,18267.85,18269.65,18260.0,18264.85,12:45:00,18257.2187696184,1,43
2022-01-18,18274.65,18283.55,18267.85,18269.5,12:50:00,18258.8788867976,1,44
2022-01-18,18284.75,18286.05,18275.2,18275.35,12:55:00,18261.342802340685,1,45
2022-01-18,18282.1,18284.6,18275.5,18284.6,13:00:00,18263.31967830824,1,46
2022-01-18,18301.55,18302.55,18279.85,18284.25,13:05:00,18266.960661326502,1,47
2022-01-18,18310.25,18317.85,18300.8,18301.45,13:10:00,18271.083455485885,1,48
2022-01-18,18312.1,18314.1,18305.65,18310.4,13:15:00,18274.98979305866,1,49
2022-01-18,18301.5,18318.05,18298.15,18313.55,13:20:00,18277.51457467212,1,50
2022-01-18,18300.35,18308.85,18293.6,18300.6,13:25:00,18279.6893770843,1,51
2022-01-18,18312.4,18316.2,18299.0,18301.25,13:30:00,18282.804674504845,1,52
2022-01-18,18296.85,18314.1,18293.3,18313.4,13:35:00,18284.142324552,1,53
2022-01-18,18278.45,18300.3,18276.6,18296.8,13:40:00,18283.60019840419,1,54
2022-01-18,18271.5,18278.8,18258.55,18278.8,13:45:00,18282.44779855617,1,55
2022-01-18,18265.6,18274.7,18261.75,18271.75,13:50:00,18280.84324631273,1,56
2022-01-18,18261.15,18270.5,18257.95,18264.75,13:55:00,18278.96769904485,1,57
2022-01-18,18246.15,18271.45,18246.15,18262.05,14:00:00,18275.84220389772,1,58
2022-01-18,18274.85,18274.85,18246.6,18247.25,14:05:00,18275.74770828841,1,59
2022-01-18,18280.75,18285.9,18273.75,18275.25,14:10:00,18276.22411702285,1,60
2022-01-18,18275.2,18282.2,18269.95,18281.05,14:15:00,18276.126582068297,1,61
2022-01-18,18257.4,18276.1,18252.8,18275.9,14:20:00,18274.343098061792,1,62
2022-01-18,18245.7,18262.35,18239.65,18257.75,14:25:00,18271.615183960672,1,63
2022-01-18,18242.3,18250.6,18232.1,18247.7,14:30:00,18268.823261678703,1,64
2022-01-18,18208.45,18242.5,18204.65,18242.5,14:35:00,18263.07342723312,1,65
2022-01-18,18212.4,18220.3,18195.85,18206.3,14:40:00,18258.247386544244,1,66
2022-01-18,18176.25,18211.65,18172.9,18211.65,14:45:00,18250.438111635267,1,67
2022-01-18,18152.8,18184.2,18132.25,18175.3,14:50:00,18241.13924386048,1,68
2022-01-18,18134.15,18156.9,18125.3,18153.7,14:55:00,18230.949792064243,1,69
2022-01-18,18134.05,18143.15,18115.9,18141.0,15:00:00,18221.72124043908,1,70
2022-01-18,18122.2,18141.1,18105.0,18136.3,15:05:00,18212.243027063927,1,71
2022-01-18,18096.55,18121.65,18088.0,18121.65,15:10:00,18201.22464353403,1,72
2022-01-18,18109.75,18111.35,18085.9,18097.3,15:15:00,18192.512772721268,1,73
2022-01-18,18127.85,18129.4,18101.7,18110.9,15:20:00,18186.35441341448,1,74
2022-01-18,18114.6,18133.7,18111.4,18127.3,15:25:00,18179.52065975596,1,75
2022-01-19,18055.25,18121.1,18022.9,18120.45,09:15:00,18167.68535882682,2,1
2022-01-19,18076.6,18087.85,18036.05,18053.6,09:20:00,18159.01056274808,2,2
2022-01-19,18079.25,18103.95,18071.1,18073.7,09:25:00,18151.414318676827,2,3
2022-01-19,18020.05,18088.15,18020.05,18081.45,09:30:00,18138.9034311838,2,4
2022-01-19,17979.5,18026.4,17965.6,18019.8,09:35:00,18123.722152023434,2,5
2022-01-19,17964.85,17984.85,17950.25,17978.45,09:40:00,18108.591470878346,2,6
2022-01-19,18021.35,18024.4,17961.3,17964.9,09:45:00,18100.282759366124,2,7
2022-01-19,18020.7,18035.95,18013.8,18021.9,09:50:00,18092.703448950306,2,8
2022-01-19,18048.5,18048.5,18019.9,18020.35,09:55:00,18088.493596669323,2,9
2022-01-19,18041.45,18054.9,18021.5,18050.45,10:00:00,18084.013254129382,2,10
2022-01-19,18042.45,18045.25,18028.2,18042.2,10:05:00,18080.054848974207,2,11
2022-01-19,18038.7,18045.8,18033.3,18042.65,10:10:00,18076.116291929044,2,12
2022-01-19,18053.7,18065.2,18039.6,18039.6,10:15:00,18073.98140698342,2,13
2022-01-19,18003.5,18060.35,18003.5,18053.65,10:20:00,18067.26889203261,2,14
2022-01-19,18003.75,18014.35,17989.15,18003.3,10:25:00,18061.2194737438,2,15
2022-01-19,18008.1,18021.45,17999.7,18003.1,10:30:00,18056.16047624439,2,16
2022-01-19,18012.5,18017.6,18004.3,18008.75,10:35:00,18052.00233564969,2,17
2022-01-19,18021.2,18029.0,18010.0,18012.8,10:40:00,18049.068779873527,2,18
2022-01-19,18007.4,18028.9,18007.35,18021.1,10:45:00,18045.10032464748,2,19
2022-01-19,17993.4,18007.6,17992.15,18007.6,10:50:00,18040.17648420486,2,20
2022-01-19,17977.65,17995.65,17976.1,17993.75,10:55:00,18034.22158094725,2,21
2022-01-19,17972.05,17985.6,17969.4,17977.35,11:00:00,18028.300477999896,2,22
2022-01-19,17985.3,17991.45,17968.05,17971.15,11:05:00,18024.20519438086,2,23
2022-01-19,17976.15,17990.35,17972.6,17984.35,11:10:00,18019.62850920173,2,24
2022-01-19,17945.25,17976.8,17944.45,17976.8,11:15:00,18012.54484165871,2,25
2022-01-19,17958.55,17961.3,17941.7,17944.3,11:20:00,18007.40247578645,2,26
2022-01-19,17976.0,17978.65,17959.5,17959.5,11:25:00,18004.411763806787,2,27
2022-01-19,17986.85,17987.05,17961.75,17976.75,11:30:00,18002.739214872807,2,28
2022-01-19,17982.25,17991.85,17976.6,17986.35,11:35:00,18000.787861075398,2,29
2022-01-19,17978.85,17989.75,17976.55,17982.4,11:40:00,17998.69854097298,2,30
2022-01-19,17991.0,17992.3,17970.05,17979.65,11:45:00,17997.9653465946,2,31
2022-01-19,17987.85,17996.3,17980.65,17991.2,11:50:00,17997.001980252255,2,32
2022-01-19,17983.85,17990.05,17976.8,17988.7,11:55:00,17995.74941070442,2,33
2022-01-19,17987.3,17996.85,17984.5,17985.0,12:00:00,17994.944704923044,2,34
2022-01-19,17969.25,17990.05,17968.05,17987.25,12:05:00,17992.497590168467,2,35
2022-01-19,17959.5,17972.3,17959.15,17970.15,12:10:00,17989.354962533376,2,36
2022-01-19,17970.7,17973.25,17955.85,17959.7,12:15:00,17987.578299434957,2,37
2022-01-19,17970.8,17974.35,17965.85,17969.65,12:20:00,17985.98036615544,2,38
2022-01-19,17951.8,17971.45,17951.25,17971.45,12:25:00,17982.725093188255,2,39
2022-01-19,17927.45,17951.75,17923.6,17951.75,12:30:00,17977.4607985989,2,40
2022-01-19,17912.0,17928.4,17911.2,17928.4,12:35:00,17971.226436827576,2,41
2022-01-19,17899.5,17918.2,17890.5,17912.7,12:40:00,17964.3953476059,2,42
2022-01-19,17888.75,17913.65,17888.45,17900.05,12:45:00,17957.19102878629,2,43
2022-01-19,17904.05,17912.0,17884.9,17888.1,12:50:00,17952.12997842569,2,44
2022-01-19,17896.65,17909.55,17888.3,17903.75,12:55:00,17946.846170956578,2,45
2022-01-19,17898.3,17909.35,17891.0,17898.6,13:00:00,17942.22272610357,2,46
2022-01-19,17920.0,17928.7,17895.6,17898.25,13:05:00,17940.106275998467,2,47
2022-01-19,17926.8,17933.95,17913.65,17919.75,13:10:00,17938.83901161766,2,48
2022-01-19,17933.35,17936.45,17913.25,17926.65,13:15:00,17938.316248606454,2,49
2022-01-19,17920.45,17937.1,17919.25,17933.0,13:20:00,17936.614701120125,2,50
2022-01-19,17919.25,17932.65,17912.9,17920.75,13:25:00,17934.960920061065,2,51
2022-01-19,17896.4,17925.85,17889.45,17920.05,13:30:00,17931.288451483822,2,52
2022-01-19,17902.75,17904.6,17886.6,17897.2,13:35:00,17928.57050372346,2,53
2022-01-19,17908.9,17917.25,17896.8,17902.95,13:40:00,17926.697122416463,2,54
2022-01-19,17889.85,17909.4,17886.6,17909.3,13:45:00,17923.187872662515,2,55
2022-01-19,17902.25,17905.8,17890.25,17891.4,13:50:00,17921.1937895518,2,56
2022-01-19,17895.9,17912.6,17895.9,17903.6,13:55:00,17918.784857213534,2,57
2022-01-19,17913.4,17917.5,17894.0,17897.6,14:00:00,17918.27201366939,2,58
2022-01-19,17918.85,17931.45,17912.55,17912.55,14:05:00,17918.32705998659,2,59
2022-01-19,17926.75,17928.95,17911.15,17919.65,14:10:00,17919.129244749773,2,60
2022-01-19,17923.05,17932.15,17917.95,17926.8,14:15:00,17919.5026500117,2,61
2022-01-19,17896.05,17929.05,17896.05,17922.45,14:20:00,17917.2690642963,2,62
2022-01-19,17917.55,17918.95,17895.55,17896.45,14:25:00,17917.295820077605,2,63
2022-01-19,17927.3,17928.2,17912.05,17919.25,14:30:00,17918.248599117833,2,64
2022-01-19,17939.85,17946.25,17919.0,17927.75,14:35:00,17920.305875392325,2,65
2022-01-19,17952.85,17960.95,17942.25,17942.25,14:40:00,17923.40531583115,2,66
2022-01-19,17953.45,17959.95,17943.7,17955.3,14:45:00,17926.26671432342,2,67
2022-01-19,17927.7,17955.0,17920.95,17954.4,14:50:00,17926.403217721192,2,68
2022-01-19,17932.55,17942.1,17925.2,17927.4,14:55:00,17926.988625557267,2,69
2022-01-19,17945.85,17948.45,17933.1,17935.45,15:00:00,17928.784946932767,2,70
2022-01-19,17944.25,17947.3,17933.35,17946.25,15:05:00,17930.257809129645,2,71
2022-01-19,17945.25,17949.7,17937.4,17944.8,15:10:00,17931.685636831586,2,72
2022-01-19,17930.25,17946.4,17929.3,17944.7,15:15:00,17931.54890951429,2,73
2022-01-19,17941.95,17941.95,17923.9,17930.15,15:20:00,17932.53948956055,2,74
2022-01-19,17943.1,17949.4,17935.95,17942.7,15:25:00,17933.545252459546,2,75
2022-01-20,17913.95,17943.7,17883.15,17943.7,09:15:00,17931.67903793959,3,1
2022-01-20,17872.85,17917.9,17865.2,17913.1,09:20:00,17926.076272421535,3,2
2022-01-20,17874.75,17882.9,17858.65,17872.8,09:25:00,17921.188056000436,3,3
2022-01-20,17902.85,17902.85,17876.45,17876.45,09:30:00,17919.441574476587,3,4
2022-01-20,17912.05,17917.75,17890.85,17903.55,09:35:00,17918.737615002625,3,5
2022-01-20,17910.65,17923.25,17907.75,17912.3,09:40:00,17917.967365954755,3,6
2022-01-20,17893.9,17910.9,17893.9,17910.5,09:45:00,17915.675235863826,3,7
2022-01-20,17865.1,17900.65,17860.75,17893.1,09:50:00,17910.858546733936,3,8
2022-01-20,17867.0,17878.0,17853.05,17865.45,09:55:00,17906.681542283084,3,9
2022-01-20,17855.45,17884.5,17854.25,17867.05,10:00:00,17901.802347779932,3,10
2022-01-20,17849.35,17859.3,17844.45,17856.25,10:05:00,17896.806886086604,3,11
2022-01-20,17843.5,17854.65,17837.1,17849.5,10:10:00,17891.73003979264,3,12
2022-01-20,17840.05,17859.6,17833.95,17843.45,10:15:00,17886.80813124096,3,13
2022-01-20,17835.2,17846.5,17831.75,17839.45,10:20:00,17881.893071122773,3,14
2022-01-20,17842.8,17845.45,17832.9,17834.9,10:25:00,17878.169921492034,3,15
2022-01-20,17827.95,17851.75,17826.15,17841.95,10:30:00,17873.387071826128,3,16
2022-01-20,17827.65,17835.95,17826.7,17827.5,10:35:00,17869.03116022364,3,17
2022-01-20,17824.6,17835.3,17821.45,17827.6,10:40:00,17864.79962115472,3,18
2022-01-20,17825.05,17829.15,17817.65,17824.05,10:45:00,17861.01394294951,3,19
2022-01-20,17830.9,17840.3,17824.85,17825.35,10:50:00,17858.14594838289,3,20
2022-01-20,17828.0,17836.0,17825.6,17831.25,10:55:00,17855.27490567976,3,21
2022-01-20,17828.05,17830.8,17820.0,17827.85,11:00:00,17852.68205751978,3,22
2022-01-20,17809.0,17827.45,17808.1,17827.45,11:05:00,17848.521861565518,3,23
2022-01-20,17809.8,17812.65,17799.5,17808.8,11:10:00,17844.834065225943,3,24
2022-01-20,17806.7,17817.75,17804.55,17809.55,11:15:00,17841.20224949014,3,25
2022-01-20,17792.2,17807.05,17790.4,17807.05,11:20:00,17836.535368586316,3,26
2022-01-20,17785.15,17793.75,17778.5,17793.05,11:25:00,17831.641523959046,3,27
2022-01-20,17794.35,17794.75,17776.75,17784.95,11:30:00,17828.08995024866,3,28
2022-01-20,17784.75,17794.6,17780.4,17794.1,11:35:00,17823.962335939264,3,29
2022-01-20,17775.7,17784.55,17768.4,17784.5,11:40:00,17819.365922992667,3,30
2022-01-20,17782.8,17787.4,17774.7,17775.6,11:45:00,17815.883454136223,3,31
2022-01-20,17782.35,17788.8,17780.35,17781.95,11:50:00,17812.689791837536,3,32
2022-01-20,17784.6,17790.65,17776.45,17783.3,11:55:00,17810.014573567292,3,33
2022-01-20,17796.3,17802.0,17784.15,17784.15,12:00:00,17808.70842370374,3,34
2022-01-20,17802.45,17809.25,17796.8,17796.8,12:05:00,17808.112383351003,3,35
2022-01-20,17787.95,17802.55,17779.05,17801.8,12:10:00,17806.192156365192,3,36
2022-01-20,17803.2,17807.65,17785.7,17787.85,12:15:00,17805.90718909232,3,37
2022-01-20,17813.9,17815.6,17803.05,17803.15,12:20:00,17806.668409178765,3,38
2022-01-20,17818.8,17825.45,17807.85,17814.0,12:25:00,17807.823798780788,3,39
2022-01-20,17822.65,17825.25,17811.15,17818.5,12:30:00,17809.235817944522,3,40
2022-01-20,17830.05,17832.5,17820.65,17822.25,12:35:00,17811.218120997422,3,41
2022-01-20,17820.35,17834.7,17819.8,17829.95,12:40:00,17812.08782375957,3,42
2022-01-20,17809.8,17821.1,17807.85,17819.95,12:45:00,17811.86993578247,3,43
2022-01-20,17817.5,17821.45,17806.2,17808.05,12:50:00,17812.406132374617,3,44
2022-01-20,17804.55,17818.25,17804.55,17817.35,12:55:00,17811.65792929132,3,45
2022-01-20,17788.45,17803.2,17778.85,17803.1,13:00:00,17809.447650311195,3,46
2022-01-20,17785.05,17793.1,17782.3,17788.15,13:05:00,17807.12406456727,3,47
2022-01-20,17769.8,17789.9,17769.8,17784.15,13:10:00,17803.569391751338,3,48
2022-01-20,17772.75,17773.6,17756.7,17769.45,13:15:00,17800.634211584544,3,49
2022-01-20,17746.15,17772.6,17745.0,17772.45,13:20:00,17795.445239052682,3,50
2022-01-20,17726.45,17748.6,17720.35,17745.6,13:25:00,17788.874263904807,3,51
2022-01-20,17713.4,17729.95,17702.2,17724.75,13:30:00,17781.686238771013,3,52
2022-01-20,17714.6,17728.15,17687.35,17714.55,13:35:00,17775.297073173773,3,53
2022-01-20,17698.35,17726.1,17697.55,17714.15,13:40:00,17767.968780490555,3,54
2022-01-20,17711.25,17712.15,17688.1,17698.0,13:45:00,17762.56699187241,3,55
2022-01-20,17699.05,17711.4,17693.65,17711.1,13:50:00,17756.517754551227,3,56
2022-01-20,17686.0,17702.55,17684.65,17700.3,13:55:00,17749.8017779273,3,57
2022-01-20,17689.55,17696.05,17670.85,17686.5,14:00:00,17744.063513362795,3,58
2022-01-20,17712.35,17720.25,17689.9,17690.7,14:05:00,17741.043178756816,3,59
2022-01-20,17705.7,17722.9,17705.7,17710.3,14:10:00,17737.677161732357,3,60
2022-01-20,17685.85,17706.95,17683.9,17706.95,14:15:00,17732.74124156737,3,61
2022-01-20,17698.7,17707.4,17685.35,17685.35,14:20:00,17729.499218560955,3,62
2022-01-20,17693.15,17707.8,17689.65,17698.9,14:25:00,17726.037388221815,3,63
2022-01-20,17675.95,17695.35,17673.9,17692.6,14:30:00,17721.26716077212,3,64
2022-01-20,17666.7,17680.35,17665.1,17676.8,14:35:00,17716.070288317635,3,65
2022-01-20,17663.45,17669.8,17648.45,17666.25,14:40:00,17711.058832287385,3,66
2022-01-20,17672.4,17677.0,17656.85,17663.85,14:45:00,17707.377038736206,3,67
2022-01-20,17683.4,17683.8,17666.95,17672.95,14:50:00,17705.09351123752,3,68
2022-01-20,17715.55,17722.65,17685.35,17685.35,14:55:00,17706.089367310135,3,69
2022-01-20,17757.9,17757.9,17718.65,17720.45,15:00:00,17711.023713280596,3,70
2022-01-20,17750.15,17760.1,17739.15,17759.35,15:05:00,17714.75002630149,3,71
2022-01-20,17764.3,17765.25,17744.35,17751.6,15:10:00,17719.469071415635,3,72
2022-01-20,17764.1,17781.8,17754.15,17765.55,15:15:00,17723.71963604272,3,73
2022-01-20,17772.3,17773.25,17753.5,17763.5,15:20:00,17728.346337371982,3,74
2022-01-20,17777.85,17783.15,17771.95,17772.7,15:25:00,17733.060971907984,3,75
2022-01-21,17569.0,17637.1,17550.35,17637.1,09:15:00,17717.436117440557,4,1
2022-01-21,17550.4,17574.85,17545.75,17566.75,09:20:00,17701.527915779552,4,2
2022-01-21,17554.35,17562.35,17525.35,17550.2,09:25:00,17687.510971419593,4,3
2022-01-21,17603.45,17605.65,17538.3,17554.05,09:30:00,17679.505164617727,4,4
2022-01-21,17592.6,17623.95,17577.2,17601.4,09:35:00,17671.22848227318,4,5
2022-01-21,17622.1,17622.55,17583.35,17591.95,09:40:00,17666.549579199545,4,6
2022-01-21,17661.9,17665.0,17613.3,17622.4,09:45:00,17666.10676213292,4,7
2022-01-21,17674.3,17678.5,17644.25,17662.1,09:50:00,17666.887070501216,4,8
2022-01-21,17668.45,17680.1,17652.6,17674.5,09:55:00,17667.035920929673,4,9
2022-01-21,17636.8,17674.15,17630.95,17669.2,10:00:00,17664.15630941256,4,10
2022-01-21,17653.45,17657.0,17628.25,17637.1,10:05:00,17663.13666089708,4,11
2022-01-21,17630.3,17661.2,17627.35,17654.3,10:10:00,17660.00935985926,4,12
2022-01-21,17604.6,17639.15,17603.8,17630.15,10:15:00,17654.7322779679,4,13
2022-01-21,17608.6,17612.4,17593.55,17604.3,10:20:00,17650.338727685245,4,14
2022-01-21,17613.8,17624.2,17597.9,17608.25,10:25:00,17646.85884885808,4,15
2022-01-21,17588.2,17626.2,17584.5,17615.05,10:30:00,17641.272291823978,4,16
2022-01-21,17575.95,17590.15,17574.85,17587.7,10:35:00,17635.051121174074,4,17
2022-01-21,17579.45,17591.25,17571.65,17577.0,10:40:00,17629.755776300353,4,18
2022-01-21,17580.95,17583.2,17560.2,17578.1,10:45:00,17625.10760712889,4,19
2022-01-21,17566.4,17582.75,17566.4,17580.4,10:50:00,17619.516406449948,4,20
2022-01-21,17578.3,17583.95,17565.5,17566.15,10:55:00,17615.591034407094,4,21
2022-01-21,17596.3,17602.85,17567.4,17578.2,11:00:00,17613.75379303499,4,22
2022-01-21,17588.75,17616.4,17588.45,17596.7,11:05:00,17611.37247941261,4,23
2022-01-21,17611.1,17616.6,17586.3,17588.0,11:10:00,17611.346528992362,4,24
2022-01-21,17611.05,17620.6,17603.45,17609.9,11:15:00,17611.318288135946,4,25
2022-01-21,17618.05,17619.2,17603.95,17611.15,11:20:00,17611.95940355157,4,26
2022-01-21,17615.95,17626.9,17610.6,17617.75,11:25:00,17612.339460356183,4,27
2022-01-21,17603.05,17619.1,17593.55,17616.2,11:30:00,17611.45474984607,4,28
2022-01-21,17601.6,17607.6,17591.95,17603.7,11:35:00,17610.516202241684,4,29
2022-01-21,17593.4,17603.8,17593.4,17601.5,11:40:00,17608.886087742478,4,30
2022-01-21,17592.55,17601.3,17592.55,17593.45,11:45:00,17607.330269862243,4,31
2022-01-21,17614.15,17614.9,17590.15,17592.4,11:50:00,17607.979767970603,4,32
2022-01-21,17628.9,17631.25,17612.1,17614.45,11:55:00,17609.97217102102,4,33
2022-01-21,17636.75,17638.95,17620.85,17629.85,12:00:00,17612.522440447592,4,34
2022-01-21,17629.3,17637.3,17627.85,17635.5,12:05:00,17614.120303262105,4,35
2022-01-21,17650.7,17652.1,17629.15,17629.15,12:10:00,17617.60408390381,4,36
2022-01-21,17660.3,17663.65,17644.45,17652.0,12:15:00,17621.670361627257,4,37
2022-01-21,17652.25,17666.15,17638.1,17660.6,12:20:00,17624.582708138947,4,38
2022-01-21,17662.4,17665.95,17651.75,17653.8,12:25:00,17628.18435498286,4,39
2022-01-21,17646.25,17665.75,17644.45,17661.6,12:30:00,17629.90489260354,4,40
2022-01-21,17645.5,17651.3,17635.75,17646.2,12:35:00,17631.39014092701,4,41
2022-01-21,17658.2,17660.15,17638.0,17646.1,12:40:00,17633.943460838724,4,42
2022-01-21,17667.65,17667.65,17647.15,17658.9,12:45:00,17637.153607425513,4,43
2022-01-21,17664.45,17674.0,17656.3,17667.2,12:50:00,17639.753263861177,4,44
2022-01-21,17668.8,17670.25,17662.4,17665.45,12:55:00,17642.51961968392,4,45
2022-01-21,17670.95,17677.6,17664.7,17669.65,13:00:00,17645.227274952118,4,46
2022-01-21,17669.7,17678.0,17668.9,17671.6,13:05:00,17647.558010670964,4,47
2022-01-21,17699.05,17707.6,17669.25,17669.9,13:10:00,17652.462009654682,4,48
2022-01-21,17678.65,17699.4,17669.55,17699.4,13:15:00,17654.956103973283,4,49
2022-01-21,17648.2,17684.25,17645.6,17678.6,13:20:00,17654.312665499638,4,50
2022-01-21,17618.85,17655.05,17616.4,17648.75,13:25:00,17650.935268785386,4,51
2022-01-21,17620.55,17638.1,17608.65,17619.45,13:30:00,17648.04143366297,4,52
2022-01-21,17613.7,17636.55,17613.7,17620.65,13:35:00,17644.77082093316,4,53
2022-01-21,17602.3,17615.3,17596.6,17613.6,13:40:00,17640.72598084429,4,54
2022-01-21,17605.0,17613.5,17597.6,17602.2,13:45:00,17637.32350647817,4,55
2022-01-21,17600.65,17611.55,17595.85,17605.2,13:50:00,17633.830791575485,4,56
2022-01-21,17627.4,17638.1,17598.5,17599.95,13:55:00,17633.218335234964,4,57
2022-01-21,17646.55,17653.65,17625.0,17628.1,14:00:00,17634.48801759354,4,58
2022-01-21,17618.95,17647.0,17616.75,17645.85,14:05:00,17633.008206394155,4,59
2022-01-21,17598.85,17620.45,17597.55,17619.45,14:10:00,17629.755043880425,4,60
2022-01-21,17575.75,17603.65,17565.85,17600.3,14:15:00,17624.611706368003,4,61
2022-01-21,17560.0,17579.85,17559.05,17576.1,14:20:00,17618.45821052343,4,62
2022-01-21,17574.8,17593.5,17559.25,17559.65,14:25:00,17614.300285711673,4,63
2022-01-21,17572.75,17586.0,17568.4,17573.65,14:30:00,17610.343115643896,4,64
2022-01-21,17538.8,17584.75,17538.3,17573.05,14:35:00,17603.529485582574,4,65
2022-01-21,17517.1,17551.5,17516.15,17538.5,14:40:00,17595.298106003283,4,66
2022-01-21,17510.0,17533.65,17506.15,17515.3,14:45:00,17587.174476860113,4,67
2022-01-21,17530.95,17542.6,17507.25,17509.45,14:50:00,17581.819764778196,4,68
2022-01-21,17497.3,17533.95,17485.85,17529.2,14:55:00,17573.77026337075,4,69
2022-01-21,17602.8,17602.8,17502.25,17502.25,15:00:00,17576.535000192584,4,70
2022-01-21,17618.9,17625.35,17594.15,17602.05,15:05:00,17580.569762079005,4,71
2022-01-21,17615.05,17631.95,17608.3,17621.4,15:10:00,17583.853594261956,4,72
2022-01-21,17636.1,17636.1,17615.1,17615.2,15:15:00,17588.829442427483,4,73
2022-01-21,17646.35,17648.5,17625.3,17636.05,15:20:00,17594.307590767723,4,74
2022-01-21,17647.25,17650.45,17642.3,17647.2,15:25:00,17599.349724980322,4,75
2022-01-24,17585.45,17598.2,17520.65,17578.95,09:15:00,17598.025941648862,0,1
2022-01-24,17530.65,17599.4,17526.85,17586.05,09:20:00,17591.609185301353,0,2
2022-01-24,17469.9,17559.55,17468.9,17530.9,09:25:00,17580.01783432027,0,3
2022-01-24,17452.8,17476.85,17433.7,17467.1,09:30:00,17567.901850099293,0,4
2022-01-24,17421.15,17450.8,17403.45,17450.8,09:35:00,17553.925483423172,0,5
2022-01-24,17470.1,17472.2,17416.25,17417.45,09:40:00,17545.942104049536,0,6
2022-01-24,17496.65,17507.55,17460.4,17470.75,09:45:00,17541.24761794958,0,7
2022-01-24,17470.45,17515.9,17470.45,17495.65,09:50:00,17534.504987668664,0,8
2022-01-24,17448.55,17471.15,17439.95,17469.0,09:55:00,17526.318798366887,0,9
2022-01-24,17436.25,17460.15,17428.45,17448.4,10:00:00,17517.74081757004,0,10
2022-01-24,17460.85,17461.6,17431.35,17437.3,10:05:00,17512.32264446813,0,11
2022-01-24,17427.15,17462.1,17427.15,17461.3,10:10:00,17504.210964042595,0,12
2022-01-24,17406.75,17431.65,17394.4,17425.45,10:15:00,17494.92896746711,0,13
2022-01-24,17401.25,17429.85,17397.8,17405.6,10:20:00,17486.00716104167,0,14
2022-01-24,17390.55,17410.9,17386.35,17401.55,10:25:00,17476.916002847225,0,15
2022-01-24,17396.9,17402.5,17381.45,17389.4,10:30:00,17469.29543114749,0,16
2022-01-24,17414.15,17414.9,17392.45,17397.75,10:35:00,17464.04348532392,0,17
2022-01-24,17411.5,17416.35,17395.1,17415.05,10:40:00,17459.039343864497,0,18
2022-01-24,17396.55,17411.15,17393.9,17411.15,10:45:00,17453.087977782165,0,19
2022-01-24,17399.3,17402.25,17382.65,17396.75,10:50:00,17447.96531323148,0,20
2022-01-24,17402.25,17412.7,17377.25,17399.65,10:55:00,17443.611473876103,0,21
2022-01-24,17416.15,17420.45,17397.9,17402.75,11:00:00,17440.996095411712,0,22
2022-01-24,17385.55,17417.15,17385.05,17414.6,11:05:00,17435.71551489631,0,23
2022-01-24,17388.95,17393.35,17367.3,17385.0,11:10:00,17431.26165633476,0,24
2022-01-24,17371.0,17393.55,17365.1,17388.75,11:15:00,17425.522450969544,0,25
2022-01-24,17375.25,17384.85,17367.25,17370.35,11:20:00,17420.734598496256,0,26
2022-01-24,17379.75,17386.85,17371.0,17376.35,11:25:00,17416.831303401374,0,27
2022-01-24,17385.45,17392.95,17374.9,17380.8,11:30:00,17413.84260783934,0,28
2022-01-24,17373.85,17391.35,17368.25,17385.0,11:35:00,17410.033788045115,0,29
2022-01-24,17354.9,17374.55,17349.85,17374.3,11:40:00,17404.782951088437,0,30
2022-01-24,17321.75,17355.9,17318.1,17355.9,11:45:00,17396.875050984778,0,31
2022-01-24,17321.95,17336.45,17308.65,17323.4,11:50:00,17389.73933184337,0,32
2022-01-24,17300.15,17323.55,17294.25,17322.95,11:55:00,17381.207014524956,0,33
2022-01-24,17298.65,17309.0,17282.7,17299.1,12:00:00,17373.344441713056,0,34
2022-01-24,17306.7,17310.7,17289.7,17298.0,12:05:00,17366.997352026097,0,35
2022-01-24,17285.2,17309.0,17280.45,17306.25,12:10:00,17359.207128023612,0,36
2022-01-24,17263.6,17292.7,17257.9,17284.95,12:15:00,17350.10168725946,0,37
2022-01-24,17235.7,17264.1,17213.25,17263.8,12:20:00,17339.206288472844,0,38
2022-01-24,17246.95,17266.05,17235.45,17236.3,12:25:00,17330.419975284953,0,39
2022-01-24,17266.75,17267.8,17241.3,17246.7,12:30:00,17324.35616811496,0,40
2022-01-24,17260.7,17268.0,17246.9,17266.9,12:35:00,17318.293675913534,0,41
2022-01-24,17218.5,17260.9,17216.85,17260.3,12:40:00,17308.78951630272,0,42
2022-01-24,17220.25,17241.45,17216.1,17218.05,12:45:00,17300.357181416748,0,43
2022-01-24,17228.9,17235.5,17210.15,17221.45,12:50:00,17293.551735567533,0,44
2022-01-24,17234.5,17241.4,17228.15,17229.2,12:55:00,17287.927760751576,0,45
2022-01-24,17268.0,17274.1,17235.3,17239.15,13:00:00,17286.029878775236,0,46
2022-01-24,17227.95,17277.5,17220.9,17268.35,13:05:00,17280.498461749023,0,47
2022-01-24,17253.9,17254.3,17221.6,17229.7,13:10:00,17277.965274915783,0,48
2022-01-24,17232.05,17256.6,17219.05,17254.15,13:15:00,17273.59239159047,0,49
2022-01-24,17200.05,17242.05,17191.4,17229.75,13:20:00,17266.588354296142,0,50
2022-01-24,17187.25,17211.55,17178.2,17201.2,13:25:00,17259.03232055365,0,51
2022-01-24,17182.55,17190.15,17154.2,17184.15,13:30:00,17251.748290024734,0,52
2022-01-24,17158.4,17187.3,17148.6,17180.9,13:35:00,17242.857976689047,0,53
2022-01-24,17168.6,17171.75,17152.35,17159.7,13:40:00,17235.785788432946,0,54
2022-01-24,17164.7,17190.7,17164.2,17168.55,13:45:00,17229.01571334409,0,55
2022-01-24,17166.35,17179.2,17163.05,17164.15,13:50:00,17223.047550168463,0,56
2022-01-24,17112.3,17168.25,17108.15,17167.3,13:55:00,17212.500164438134,0,57
2022-01-24,17093.1,17135.8,17080.0,17113.0,14:00:00,17201.128720205932,0,58
2022-01-24,17047.2,17110.85,17045.6,17094.35,14:05:00,17186.468842091082,0,59
2022-01-24,17003.5,17064.9,16997.85,17044.5,14:10:00,17169.043238082406,0,60
2022-01-24,17114.6,17131.1,17006.0,17007.65,14:15:00,17163.858167788843,0,61
2022-01-24,17152.8,17153.55,17096.3,17116.65,14:20:00,17162.80500895181,0,62
2022-01-24,17078.3,17158.0,17072.5,17154.85,14:25:00,17154.756912861165,0,63
2022-01-24,17128.85,17129.55,17070.0,17075.3,14:30:00,17152.28958782677,0,64
2022-01-24,17093.3,17138.3,17093.3,17129.05,14:35:00,17146.67153184327,0,65
2022-01-24,17057.55,17100.65,17045.3,17090.6,14:40:00,17138.183766905815,0,66
2022-01-24,17031.6,17063.6,17027.3,17058.55,14:45:00,17128.032931962403,0,67
2022-01-24,17045.2,17047.6,17015.4,17032.25,14:50:00,17120.144081299317,0,68
2022-01-24,17094.15,17098.9,17021.2,17043.95,14:55:00,17117.66845450891,0,69
2022-01-24,17138.1,17155.05,17092.75,17092.75,15:00:00,17119.61431598425,0,70
2022-01-24,17148.3,17148.6,17120.3,17139.45,15:05:00,17122.34628589051,0,71
2022-01-24,17179.6,17184.4,17139.9,17147.2,15:10:00,17127.799020567607,0,72
2022-01-24,17173.05,17182.1,17147.25,17179.2,15:15:00,17132.108637656405,0,73
2022-01-24,17143.05,17175.5,17142.95,17173.85,15:20:00,17133.15067216532,0,74
2022-01-24,17113.55,17148.05,17107.5,17143.7,15:25:00,17131.283941482907,0,75
2022-01-25,16858.7,17021.6,16836.8,17021.6,09:15:00,17105.323566103583,1,1
2022-01-25,16948.1,16967.9,16840.75,16856.95,09:20:00,17090.349893141338,1,2
2022-01-25,16978.95,17006.55,16946.4,16946.4,09:25:00,17079.74037950883,1,3
2022-01-25,16977.55,17007.6,16957.1,16982.0,09:30:00,17070.00796241275,1,4
2022-01-25,17080.0,17080.8,16968.3,16978.4,09:35:00,17070.95958504011,1,5
2022-01-25,17114.25,17114.8,17065.4,17084.2,09:40:00,17075.082481702957,1,6
2022-01-25,17105.95,17142.35,17078.95,17118.1,09:45:00,17078.022245350294,1,7
2022-01-25,17120.8,17136.4,17105.65,17105.65,09:50:00,17082.096317221694,1,8
2022-01-25,17173.45,17174.3,17120.95,17120.95,09:55:00,17090.796667962484,1,9
2022-01-25,17128.1,17201.45,17117.2,17172.6,10:00:00,17094.349366251772,1,10
2022-01-25,17101.75,17158.8,17095.85,17129.3,10:05:00,17095.054188513506,1,11
2022-01-25,17071.95,17100.2,17031.75,17100.2,10:10:00,17092.85378960746,1,12
2022-01-25,17072.95,17096.75,17054.1,17072.95,10:15:00,17090.958190597223,1,13
2022-01-25,17044.5,17091.7,17044.5,17072.2,10:20:00,17086.533601016534,1,14
2022-01-25,17055.7,17064.5,17033.15,17042.2,10:25:00,17083.597067586386,1,15
2022-01-25,17050.9,17081.6,17049.7,17054.05,10:30:00,17080.48306114959,1,16
2022-01-25,17080.9,17089.95,17043.7,17051.6,10:35:00,17080.522769611533,1,17
2022-01-25,17061.2,17086.6,17060.7,17080.85,10:40:00,17078.682505839006,1,18
2022-01-25,17015.5,17059.3,17006.85,17059.0,10:45:00,17072.66512433053,1,19
2022-01-25,17014.05,17040.2,17014.05,17014.4,10:50:00,17067.08273153715,1,20
2022-01-25,17009.25,17037.4,17009.25,17013.85,10:55:00,17061.574852343136,1,21
2022-01-25,17027.45,17039.35,17005.45,17008.75,11:00:00,17058.324866405696,1,22
2022-01-25,17047.6,17055.45,17025.5,17026.7,11:05:00,17057.303450557534,1,23
2022-01-25,17077.35,17079.3,17047.4,17047.4,11:10:00,17059.212645742533,1,24
2022-01-25,17092.25,17098.4,17066.45,17077.5,11:15:00,17062.35906043372,1,25
2022-01-25,17088.5,17095.0,17072.1,17093.35,11:20:00,17064.848673725744,1,26
2022-01-25,17107.6,17119.45,17089.25,17089.45,11:25:00,17068.920228609008,1,27
2022-01-25,17104.3,17117.2,17081.0,17106.5,11:30:00,17072.289730646244,1,28
2022-01-25,17100.9,17111.8,17094.7,17104.1,11:35:00,17075.014518203745,1,29
2022-01-25,17091.85,17104.25,17082.8,17100.5,11:40:00,17076.617897422435,1,30
2022-01-25,17111.85,17117.55,17091.3,17092.05,11:45:00,17079.973335763156,1,31
2022-01-25,17091.9,17113.6,17087.7,17112.8,11:50:00,17081.109208547616,1,32
2022-01-25,17064.75,17091.6,17057.0,17091.5,11:55:00,17079.55118868594,1,33
2022-01-25,17054.25,17073.05,17050.2,17064.4,12:00:00,17077.14155166823,1,34
2022-01-25,17091.9,17095.75,17053.9,17053.9,12:05:00,17078.547118176015,1,35
2022-01-25,17080.45,17095.9,17078.15,17092.05,12:10:00,17078.728345016396,1,36
2022-01-25,17096.85,17101.0,17077.15,17080.95,12:15:00,17080.454216919596,1,37
2022-01-25,17096.8,17101.15,17087.8,17097.9,12:20:00,17082.01095816535,1,38
2022-01-25,17099.5,17108.1,17091.85,17096.4,12:25:00,17083.676581197222,1,39
2022-01-25,17105.1,17114.7,17085.0,17099.0,12:30:00,17085.716906797486,1,40
2022-01-25,17085.7,17112.95,17079.25,17105.85,12:35:00,17085.7152966263,1,41
2022-01-25,17087.95,17103.4,17083.85,17085.65,12:40:00,17085.928125519033,1,42
2022-01-25,17064.75,17091.55,17047.0,17088.2,12:45:00,17083.911161183885,1,43
2022-01-25,17071.85,17073.8,17053.05,17065.65,12:50:00,17082.762479166373,1,44
2022-01-25,17067.7,17083.3,17060.25,17071.05,12:55:00,17081.327957341004,1,45
2022-01-25,17092.2,17094.8,17062.0,17065.1,13:00:00,17082.363389975195,1,46
2022-01-25,17108.55,17114.6,17091.2,17092.35,13:05:00,17084.8573528347,1,47
2022-01-25,17129.6,17133.05,17108.25,17108.25,13:10:00,17089.118557326634,1,48
2022-01-25,17150.3,17158.0,17131.55,17131.55,13:15:00,17094.945361390764,1,49
2022-01-25,17166.8,17168.5,17150.25,17151.95,13:20:00,17101.78866030593,1,50
2022-01-25,17156.65,17167.1,17124.3,17166.6,13:25:00,17107.013549800602,1,51
2022-01-25,17140.9,17157.05,17136.9,17156.45,13:30:00,17110.240830771974,1,52
2022-01-25,17157.7,17162.6,17129.3,17139.65,13:35:00,17114.760751650832,1,53
2022-01-25,17143.35,17159.35,17142.8,17158.35,13:40:00,17117.483537207896,1,54
2022-01-25,17187.65,17187.65,17134.4,17143.7,13:45:00,17124.166057473813,1,55
2022-01-25,17215.1,17220.6,17188.2,17188.2,13:50:00,17132.826432952497,1,56
2022-01-25,17216.0,17229.05,17204.15,17215.0,13:55:00,17140.747725052257,1,57
2022-01-25,17228.3,17231.35,17202.0,17216.5,14:00:00,17149.08603695204,1,58
2022-01-25,17206.95,17234.0,17206.95,17228.8,14:05:00,17154.596890575656,1,59
2022-01-25,17205.35,17222.75,17204.1,17207.2,14:10:00,17159.43052004464,1,60
2022-01-25,17206.3,17210.3,17180.05,17206.5,14:15:00,17163.89428004039,1,61
2022-01-25,17220.8,17229.1,17207.65,17208.9,14:20:00,17169.313872417493,1,62
2022-01-25,17205.95,17223.5,17203.6,17220.5,14:25:00,17172.80302742535,1,63
2022-01-25,17222.25,17226.1,17206.8,17207.35,14:30:00,17177.51226290865,1,64
2022-01-25,17235.4,17237.75,17214.65,17221.3,14:35:00,17183.025380726875,1,65
2022-01-25,17229.15,17250.5,17224.95,17236.55,14:40:00,17187.41820161003,1,66
2022-01-25,17258.4,17259.25,17230.2,17230.25,14:45:00,17194.178372885268,1,67
2022-01-25,17284.95,17285.6,17257.5,17259.8,14:50:00,17202.823289753338,1,68
2022-01-25,17250.3,17286.2,17249.15,17284.65,14:55:00,17207.3448812054,1,69
2022-01-25,17267.35,17277.55,17251.75,17251.75,15:00:00,17213.059654423934,1,70
2022-01-25,17268.9,17285.15,17263.5,17268.15,15:05:00,17218.377782574036,1,71
2022-01-25,17286.85,17287.5,17269.1,17269.1,15:10:00,17224.89894613841,1,72
2022-01-25,17289.3,17309.15,17286.6,17288.05,15:15:00,17231.032379839515,1,73
2022-01-25,17274.65,17291.85,17273.15,17288.3,15:20:00,17235.18643890242,1,74
2022-01-25,17267.4,17282.45,17262.4,17274.2,15:25:00,17238.25439710219,1,75
2022-01-27,16985.35,17073.15,16958.85,17070.9,09:15:00,17214.16826404484,3,1
2022-01-27,17058.75,17061.65,16975.0,16985.65,09:20:00,17199.366524612,3,2
2022-01-27,17016.9,17059.25,16995.9,17059.25,09:25:00,17181.988760363238,3,3
2022-01-27,16965.05,17017.85,16959.8,17015.6,09:30:00,17161.32792604293,3,4
2022-01-27,16940.1,16967.15,16933.6,16964.5,09:35:00,17140.258599753128,3,5
2022-01-27,16962.65,16966.1,16927.85,16939.15,09:40:00,17123.343495014735,3,6
2022-01-27,16977.15,16980.65,16937.4,16964.15,09:45:00,17109.42030501333,3,7
2022-01-27,17016.6,17025.85,16970.45,16975.75,09:50:00,17100.58027596444,3,8
2022-01-27,17036.6,17046.5,17007.25,17016.45,09:55:00,17094.48691634878,3,9
2022-01-27,17028.85,17034.8,17014.85,17034.8,10:00:00,17088.235781458417,3,10
2022-01-27,17014.45,17030.65,17001.55,17030.0,10:05:00,17081.208564176664,3,11
2022-01-27,17019.2,17021.6,16996.2,17014.3,10:10:00,17075.30298663603,3,12
2022-01-27,16998.55,17026.65,16998.55,17018.45,10:15:00,17067.99317838498,3,13
2022-01-27,16964.55,16998.45,16957.1,16998.45,10:20:00,17058.141447110218,3,14
2022-01-27,16969.3,16985.4,16959.5,16964.7,10:25:00,17049.680356909244,3,15
2022-01-27,16988.6,16992.25,16969.55,16969.55,10:30:00,17043.863180060744,3,16
2022-01-27,16989.6,17009.4,16987.55,16988.8,10:35:00,17038.695258150197,3,17
2022-01-27,16992.75,17001.2,16983.15,16989.65,10:40:00,17034.31951927875,3,18
2022-01-27,16977.2,16996.25,16975.9,16994.2,10:45:00,17028.879565061725,3,19
2022-01-27,16969.25,16979.35,16965.1,16976.8,10:50:00,17023.20055886537,3,20
2022-01-27,16957.25,16972.2,16952.2,16969.4,10:55:00,17016.919553259144,3,21
2022-01-27,16970.7,16973.55,16943.85,16957.1,11:00:00,17012.517691043988,3,22
2022-01-27,16961.15,16975.95,16957.8,16970.05,11:05:00,17007.62552999218,3,23
2022-01-27,16972.1,16978.3,16956.1,16961.5,11:10:00,17004.242146183402,3,24
2022-01-27,16962.5,16973.35,16958.65,16972.5,11:15:00,17000.266703689744,3,25
2022-01-27,16957.65,16966.35,16953.2,16961.9,11:20:00,16996.207970005005,3,26
2022-01-27,16947.85,16961.15,16945.55,16957.9,11:25:00,16991.60244905215,3,27
2022-01-27,16938.55,16953.9,16938.55,16947.3,11:30:00,16986.549834856705,3,28
2022-01-27,16933.3,16947.6,16918.55,16940.2,11:35:00,16981.47842201321,3,29
2022-01-27,16940.35,16946.05,16932.5,16933.75,11:40:00,16977.561429440524,3,30
2022-01-27,16929.65,16949.35,16928.9,16941.5,11:45:00,16972.998436160473,3,31
2022-01-27,16933.85,16937.15,16921.7,16929.85,11:50:00,16969.270013669,3,32
2022-01-27,16936.75,16937.5,16925.1,16934.65,11:55:00,16966.17286951005,3,33
2022-01-27,16907.8,16937.4,16906.1,16937.4,12:00:00,16960.61354860433,3,34
2022-01-27,16905.8,16916.65,16900.65,16908.65,12:05:00,16955.393210642014,3,35
2022-01-27,16882.8,16910.1,16881.95,16905.95,12:10:00,16948.47957153325,3,36
2022-01-27,16871.5,16887.2,16870.95,16882.75,12:15:00,16941.14818376818,3,37
2022-01-27,16883.75,16888.85,16866.75,16872.45,12:20:00,16935.68169007597,3,38
2022-01-27,16898.35,16903.65,16874.4,16883.7,12:25:00,16932.126291021115,3,39
2022-01-27,16936.55,16944.75,16898.8,16898.8,12:30:00,16932.547596638153,3,40
2022-01-27,16920.05,16946.65,16920.05,16937.0,12:35:00,16931.35734933928,3,41
2022-01-27,16924.95,16933.4,16904.95,16921.35,12:40:00,16930.747125592683,3,42
2022-01-27,16927.5,16936.65,16916.75,16926.3,12:45:00,16930.437875536238,3,43
2022-01-27,16924.25,16928.85,16912.7,16927.95,12:50:00,16929.848554056596,3,44
2022-01-27,16922.85,16930.8,16920.45,16924.7,12:55:00,16929.182025098824,3,45
2022-01-27,16962.9,16969.9,16922.55,16923.05,13:00:00,16932.3932608037,3,46
2022-01-27,16971.3,16975.75,16958.8,16963.5,13:05:00,16936.09866453668,3,47
2022-01-27,17007.45,17012.65,16970.8,16972.1,13:10:00,16942.8940298189,3,48
2022-01-27,17003.55,17029.5,16987.95,17009.75,13:15:00,16948.67078888377,3,49
2022-01-27,17013.1,17015.15,16989.4,17004.1,13:20:00,16954.806904228175,3,50
2022-01-27,16997.25,17016.95,16991.55,17013.75,13:25:00,16958.84910382549,3,51
2022-01-27,17015.7,17015.7,16992.5,16998.45,13:30:00,16964.26347488973,3,52
2022-01-27,17032.35,17035.4,17005.45,17016.6,13:35:00,16970.74790585261,3,53
2022-01-27,17044.4,17044.9,17015.5,17033.4,13:40:00,16977.762391009506,3,54
2022-01-27,17055.45,17058.95,17042.15,17045.5,13:45:00,16985.161210913364,3,55
2022-01-27,17054.5,17087.85,17041.4,17056.45,13:50:00,16991.76490511209,3,56
2022-01-27,17070.8,17074.1,17031.75,17055.45,13:55:00,16999.292057006176,3,57
2022-01-27,17072.45,17091.05,17065.75,17073.9,14:00:00,17006.259480148445,3,58
2022-01-27,17064.75,17082.15,17055.95,17073.5,14:05:00,17011.83000584859,3,59
2022-01-27,17061.1,17078.7,17053.4,17064.4,14:10:00,17016.522386243963,3,60
2022-01-27,17092.4,17099.4,17060.75,17062.5,14:15:00,17023.7488256493,3,61
2022-01-27,17118.5,17120.65,17085.45,17098.0,14:20:00,17032.772747016035,3,62
2022-01-27,17144.45,17145.0,17116.75,17118.75,14:25:00,17043.40867587165,3,63
2022-01-27,17158.3,17158.4,17127.75,17144.65,14:30:00,17054.350706741017,3,64
2022-01-27,17155.6,17180.85,17136.35,17158.8,14:35:00,17063.993496575207,3,65
2022-01-27,17171.9,17175.15,17156.25,17156.35,14:40:00,17074.270306425187,3,66
2022-01-27,17125.0,17182.5,17125.0,17172.9,14:45:00,17079.101705813264,3,67
2022-01-27,17095.6,17147.75,17094.55,17128.3,14:50:00,17080.672971926288,3,68
2022-01-27,17097.85,17109.4,17089.5,17094.85,14:55:00,17082.308879361877,3,69
2022-01-27,17078.85,17113.7,17044.8,17097.05,15:00:00,17081.979462279793,3,70
2022-01-27,17118.5,17128.85,17077.05,17079.15,15:05:00,17085.457608729335,3,71
2022-01-27,17124.05,17136.6,17117.45,17118.05,15:10:00,17089.133074564637,3,72
2022-01-27,17116.1,17135.15,17096.1,17122.8,15:15:00,17091.70135317753,3,73
2022-01-27,17122.8,17122.8,17099.55,17115.65,15:20:00,17094.663129065382,3,74
2022-01-27,17152.65,17165.0,17120.75,17122.75,15:25:00,17100.18568820201,3,75
2022-01-28,17284.15,17292.35,17206.3,17237.45,09:15:00,17117.706098849438,4,1
2022-01-28,17240.2,17301.1,17213.1,17286.85,09:20:00,17129.372184673302,4,2
2022-01-28,17268.65,17269.55,17230.5,17239.8,09:25:00,17142.636738513942,4,3
2022-01-28,17311.8,17322.25,17267.6,17269.15,09:30:00,17158.74752532214,4,4
2022-01-28,17330.9,17335.4,17285.75,17308.35,09:35:00,17175.142999100983,4,5
2022-01-28,17338.95,17348.55,17326.9,17330.6,09:40:00,17190.74366585327,4,6
2022-01-28,17318.95,17352.3,17314.95,17339.15,09:45:00,17202.953792914865,4,7
2022-01-28,17349.05,17359.7,17319.05,17319.05,09:50:00,17216.867717399164,4,8
2022-01-28,17343.2,17357.65,17338.2,17349.55,09:55:00,17228.899363361146,4,9
2022-01-28,17343.0,17351.2,17330.15,17344.45,10:00:00,17239.766090660083,4,10
2022-01-28,17350.55,17350.55,17329.45,17342.55,10:05:00,17250.316939168646,4,11
2022-01-28,17336.95,17351.25,17333.0,17349.45,10:10:00,17258.56770686687,4,12
2022-01-28,17302.0,17336.75,17298.7,17334.05,10:15:00,17262.70411573669,4,13
2022-01-28,17305.95,17321.1,17301.4,17301.4,10:20:00,17266.822771380816,4,14
2022-01-28,17330.25,17330.25,17304.15,17306.5,10:25:00,17272.863459820735,4,15
2022-01-28,17317.5,17335.65,17310.7,17329.7,10:30:00,17277.114558885427,4,16
2022-01-28,17286.75,17321.1,17286.75,17317.15,10:35:00,17278.032219943958,4,17
2022-01-28,17299.9,17303.6,17274.05,17285.4,10:40:00,17280.11486566358,4,18
2022-01-28,17304.25,17310.45,17296.25,17300.35,10:45:00,17282.4134498861,4,19
2022-01-28,17320.3,17320.3,17303.6,17304.15,10:50:00,17286.02169275409,4,20
2022-01-28,17335.65,17337.35,17319.05,17320.0,10:55:00,17290.74819820608,4,21
2022-01-28,17339.5,17343.95,17329.9,17337.0,11:00:00,17295.39122694836,4,22
2022-01-28,17330.2,17342.55,17323.4,17340.1,11:05:00,17298.706348191372,4,23
2022-01-28,17321.3,17337.6,17317.35,17329.8,11:10:00,17300.8581245541,4,24
2022-01-28,17309.8,17326.4,17309.1,17322.4,11:15:00,17301.709731739422,4,25
2022-01-28,17323.45,17323.8,17299.7,17309.95,11:20:00,17303.780233478523,4,26
2022-01-28,17328.5,17334.35,17324.0,17324.0,11:25:00,17306.134496956758,4,27
2022-01-28,17328.25,17336.85,17325.8,17329.2,11:30:00,17308.240735341828,4,28
2022-01-28,17337.4,17342.35,17321.8,17328.7,11:35:00,17311.017808166416,4,29
2022-01-28,17339.0,17340.15,17327.6,17337.5,11:40:00,17313.682778817234,4,30
2022-01-28,17348.6,17349.95,17338.7,17338.7,11:45:00,17317.008228453687,4,31
2022-01-28,17354.45,17356.9,17347.7,17347.7,11:50:00,17320.5741114581,4,32
2022-01-28,17345.6,17355.5,17342.1,17354.9,11:55:00,17322.95752941447,4,33
2022-01-28,17347.55,17353.15,17336.05,17345.8,12:00:00,17325.299669470234,4,34
2022-01-28,17354.95,17355.55,17336.05,17348.1,12:05:00,17328.12351047307,4,35
2022-01-28,17352.6,17357.1,17345.4,17354.15,12:10:00,17330.45460471373,4,36
2022-01-28,17364.5,17371.25,17342.65,17352.45,12:15:00,17333.697023312423,4,37
2022-01-28,17366.35,17373.5,17361.05,17364.9,12:20:00,17336.806830616002,4,38
2022-01-28,17358.35,17367.35,17350.6,17366.05,12:25:00,17338.858561033525,4,39
2022-01-28,17358.9,17359.55,17345.3,17358.05,12:30:00,17340.767269506523,4,40
2022-01-28,17345.1,17364.1,17329.8,17359.25,12:35:00,17341.179910505904,4,41
2022-01-28,17343.1,17357.15,17335.0,17345.95,12:40:00,17341.36277617201,4,42
2022-01-28,17355.2,17365.3,17338.4,17344.0,12:45:00,17342.68060701277,4,43
2022-01-28,17354.3,17361.15,17345.3,17354.6,12:50:00,17343.7872158687,4,44
2022-01-28,17357.8,17365.05,17348.05,17354.15,12:55:00,17345.121766738346,4,45
2022-01-28,17346.15,17359.45,17339.05,17359.1,13:00:00,17345.219693715648,4,46
2022-01-28,17350.95,17352.4,17336.7,17347.6,13:05:00,17345.7654371713,4,47
2022-01-28,17338.6,17352.65,17334.95,17351.1,13:10:00,17345.083014583557,4,48
2022-01-28,17333.4,17339.55,17312.2,17339.55,13:15:00,17343.97034652798,4,49
2022-01-28,17323.25,17335.55,17319.4,17334.25,13:20:00,17341.996980191983,4,50
2022-01-28,17336.85,17340.1,17321.35,17324.15,13:25:00,17341.50679160227,4,51
2022-01-28,17341.9,17351.1,17328.55,17338.25,13:30:00,17341.544240021103,4,52
2022-01-28,17313.25,17344.6,17302.6,17341.45,13:35:00,17338.849550495284,4,53
2022-01-28,17278.55,17314.15,17270.9,17314.15,13:40:00,17333.1067361624,4,54
2022-01-28,17252.05,17277.9,17217.65,17277.9,13:45:00,17325.38704700408,4,55
2022-01-28,17260.2,17263.4,17228.4,17254.45,13:50:00,17319.178756813213,4,56
2022-01-28,17246.15,17267.4,17243.05,17258.7,13:55:00,17312.223637116716,4,57
2022-01-28,17188.55,17246.35,17180.1,17246.35,14:00:00,17300.44519548655,4,58
2022-01-28,17153.1,17199.5,17148.2,17189.15,14:05:00,17286.412319725925,4,59
2022-01-28,17166.6,17184.45,17152.25,17152.25,14:10:00,17275.001622609172,4,60
2022-01-28,17164.95,17174.4,17106.55,17166.8,14:15:00,17264.520515694014,4,61
2022-01-28,17195.75,17207.45,17161.05,17165.85,14:20:00,17257.970942770775,4,62
2022-01-28,17146.65,17202.9,17138.45,17197.7,14:25:00,17247.368948221178,4,63
2022-01-28,17166.85,17182.35,17140.75,17145.9,14:30:00,17239.700476962018,4,64
2022-01-28,17135.2,17169.55,17134.7,17168.0,14:35:00,17229.748050584683,4,65
2022-01-28,17164.45,17179.6,17128.65,17132.8,14:40:00,17223.529188624238,4,66
2022-01-28,17163.95,17185.85,17145.9,17165.15,14:45:00,17217.854980183834,4,67
2022-01-28,17163.25,17172.45,17146.6,17165.55,14:50:00,17212.65450588061,4,68
2022-01-28,17145.9,17167.85,17137.45,17164.6,14:55:00,17206.296933891983,4,69
2022-01-28,17093.15,17167.85,17091.2,17146.25,15:00:00,17195.52103542608,4,70
2022-01-28,17108.25,17126.15,17077.1,17094.95,15:05:00,17187.209508242646,4,71
2022-01-28,17089.2,17116.0,17083.1,17112.5,15:10:00,17177.875269362394,4,72
2022-01-28,17097.65,17113.5,17082.1,17089.8,15:15:00,17170.234767518356,4,73
2022-01-28,17104.4,17108.75,17084.4,17097.0,15:20:00,17163.964789659465,4,74
2022-01-28,17104.65,17119.45,17099.55,17104.75,15:25:00,17158.31576207285,4,75
2022-01-31,17312.05,17327.3,17280.5,17308.7,09:15:00,17172.95711806591,0,1
2022-01-31,17299.15,17325.1,17295.85,17311.25,09:20:00,17184.97548777392,0,2
2022-01-31,17311.75,17336.1,17269.2,17298.7,09:25:00,17197.049250843073,0,3
2022-01-31,17327.7,17330.3,17301.2,17312.1,09:30:00,17209.492179334207,0,4
2022-01-31,17343.5,17348.15,17319.8,17326.55,09:35:00,17222.254828921425,0,5
2022-01-31,17343.95,17352.0,17333.9,17343.8,09:40:00,17233.844845214622,0,6
2022-01-31,17333.4,17361.65,17332.15,17344.45,09:45:00,17243.326288527514,0,7
2022-01-31,17319.45,17337.45,17306.15,17332.8,09:50:00,17250.57616581061,0,8
2022-01-31,17319.95,17331.5,17307.8,17319.15,09:55:00,17257.183197638173,0,9
2022-01-31,17302.4,17326.8,17294.0,17320.7,10:00:00,17261.48955976787,0,10
2022-01-31,17334.4,17335.4,17300.55,17301.55,10:05:00,17268.43341121855,0,11
2022-01-31,17337.15,17346.25,17325.2,17333.35,10:10:00,17274.977848245355,0,12
2022-01-31,17342.6,17346.85,17326.8,17336.25,10:15:00,17281.41805317437,0,13
2022-01-31,17356.05,17358.15,17332.35,17342.35,10:20:00,17288.525857633955,0,14
2022-01-31,17348.8,17359.0,17340.25,17355.0,10:25:00,17294.266252145004,0,15
2022-01-31,17353.25,17354.2,17340.15,17348.7,10:30:00,17299.883751940717,0,16
2022-01-31,17329.6,17356.45,17323.35,17353.55,10:35:00,17302.713870803505,0,17
2022-01-31,17290.85,17329.5,17282.75,17329.2,10:40:00,17301.58397834603,0,18
2022-01-31,17281.05,17290.6,17264.15,17290.0,10:45:00,17299.628361360694,0,19
2022-01-31,17314.1,17321.7,17271.85,17278.3,10:50:00,17301.006612659676,0,20
2022-01-31,17312.2,17319.85,17306.2,17314.45,10:55:00,17302.07264954923,0,21
2022-01-31,17305.9,17317.35,17296.65,17311.65,11:00:00,17302.437159115972,0,22
2022-01-31,17337.85,17338.9,17303.05,17306.0,11:05:00,17305.809810628736,0,23
2022-01-31,17339.45,17345.8,17335.25,17338.15,11:10:00,17309.013638187906,0,24
2022-01-31,17336.15,17343.65,17335.2,17339.85,11:15:00,17311.59805359858,0,25
2022-01-31,17326.85,17335.65,17322.85,17335.1,11:20:00,17313.050619922524,0,26
2022-01-31,17323.7,17338.85,17322.15,17326.5,11:25:00,17314.06484659657,0,27
2022-01-31,17318.05,17326.95,17312.1,17323.75,11:30:00,17314.444385015944,0,28
2022-01-31,17327.4,17330.2,17316.55,17316.55,11:35:00,17315.67825310966,0,29
2022-01-31,17341.25,17342.1,17326.9,17327.35,11:40:00,17318.11365757541,0,30
2022-01-31,17339.5,17343.65,17332.05,17340.6,11:45:00,17320.150452092035,0,31
2022-01-31,17349.0,17349.05,17333.65,17339.7,11:50:00,17322.89802808327,0,32
2022-01-31,17350.05,17352.5,17341.65,17348.9,11:55:00,17325.483930170576,0,33
2022-01-31,17365.65,17375.6,17350.4,17350.4,12:00:00,17329.30927015433,0,34
2022-01-31,17384.0,17384.05,17360.7,17365.85,12:05:00,17334.51791109201,0,35
2022-01-31,17386.9,17394.6,17379.05,17387.1,12:10:00,17339.5066814642,0,36
2022-01-31,17398.95,17400.6,17379.2,17386.35,12:15:00,17345.167949896182,0,37
2022-01-31,17396.6,17406.95,17395.95,17399.4,12:20:00,17350.06624038226,0,38
2022-01-31,17389.4,17395.95,17371.05,17395.95,12:25:00,17353.812312726808,0,39
2022-01-31,17368.15,17390.2,17360.95,17390.2,12:30:00,17355.177806752825,0,40
2022-01-31,17372.75,17378.2,17367.7,17368.3,12:35:00,17356.85134896684,0,41
2022-01-31,17365.7,17375.3,17349.75,17373.2,12:40:00,17357.694077636665,0,42
2022-01-31,17385.65,17392.45,17364.4,17365.15,12:45:00,17360.356546433173,0,43
2022-01-31,17388.2,17391.8,17381.15,17385.9,12:50:00,17363.00830391573,0,44
2022-01-31,17396.1,17396.1,17384.2,17387.85,12:55:00,17366.159894018994,0,45
2022-01-31,17376.15,17400.15,17373.25,17395.8,13:00:00,17367.111332683853,0,46
2022-01-31,17383.8,17394.2,17363.3,17376.3,13:05:00,17368.700729571105,0,47
2022-01-31,17391.1,17396.8,17384.25,17384.25,13:10:00,17370.833993421475,0,48
2022-01-31,17396.25,17406.3,17378.85,17390.7,13:15:00,17373.254565476574,0,49
2022-01-31,17393.95,17410.0,17392.2,17397.7,13:20:00,17375.22555924071,0,50
2022-01-31,17372.05,17394.5,17369.9,17394.5,13:25:00,17374.923125027308,0,51
2022-01-31,17351.8,17375.55,17340.0,17371.3,13:30:00,17372.720922643755,0,52
2022-01-31,17340.0,17356.15,17324.8,17351.45,13:35:00,17369.60464429673,0,53
2022-01-31,17357.85,17365.25,17335.35,17341.65,13:40:00,17368.48515436371,0,54
2022-01-31,17337.8,17369.35,17337.8,17356.65,13:45:00,17365.56275871002,0,55
2022-01-31,17335.05,17346.75,17326.95,17338.1,13:50:00,17362.656781690017,0,56
2022-01-31,17339.15,17350.85,17329.7,17334.5,13:55:00,17360.418040576682,0,57
2022-01-31,17329.8,17343.75,17328.0,17339.85,14:00:00,17357.502036712234,0,58
2022-01-31,17370.1,17370.1,17329.65,17330.55,14:05:00,17358.70184273964,0,59
2022-01-31,17379.3,17391.45,17369.25,17369.9,14:10:00,17360.66357200253,0,60
2022-01-31,17382.0,17385.65,17375.05,17380.45,14:15:00,17362.695612764193,0,61
2022-01-31,17388.65,17396.45,17376.55,17382.35,14:20:00,17365.167459167602,0,62
2022-01-31,17387.9,17407.25,17385.45,17388.9,14:25:00,17367.332463056402,0,63
2022-01-31,17397.35,17406.55,17385.65,17388.95,14:30:00,17370.19127609865,0,64
2022-01-31,17402.2,17406.45,17383.1,17396.95,14:35:00,17373.239725994015,0,65
2022-01-31,17386.95,17405.85,17370.35,17402.6,14:40:00,17374.545466375537,0,66
2022-01-31,17391.95,17401.45,17382.0,17387.85,14:45:00,17376.20304100644,0,67
2022-01-31,17389.7,17399.25,17377.45,17392.2,14:50:00,17377.488465672493,0,68
2022-01-31,17388.85,17399.75,17377.4,17389.6,14:55:00,17378.570516560827,0,69
2022-01-31,17336.65,17391.55,17335.95,17389.65,15:00:00,17374.578086412177,0,70
2022-01-31,17336.05,17355.4,17333.95,17337.45,15:05:00,17370.908744849112,0,71
2022-01-31,17339.25,17355.65,17335.1,17336.4,15:10:00,17367.893626292054,0,72
2022-01-31,17343.8,17354.2,17337.2,17339.1,15:15:00,17365.59899521662,0,73
2022-01-31,17314.45,17344.7,17314.2,17344.7,15:20:00,17360.727662338846,0,74
2022-01-31,17339.0,17339.0,17313.7,17314.3,15:25:00,17358.658361163718,0,75
2022-02-01,17498.35,17534.95,17468.5,17534.95,09:15:00,17371.962326767174,1,1
2022-02-01,17516.95,17521.75,17485.15,17498.0,09:20:00,17385.770676598873,1,2
2022-02-01,17514.4,17527.45,17502.1,17516.8,09:25:00,17398.02108835136,1,3
2022-02-01,17529.7,17533.0,17508.75,17514.8,09:30:00,17410.5619370798,1,4
2022-02-01,17530.25,17541.35,17525.35,17529.55,09:35:00,17421.96080021506,1,5
2022-02-01,17519.8,17534.95,17512.75,17529.8,09:40:00,17431.278819242198,1,6
2022-02-01,17533.7,17549.3,17518.8,17518.8,09:45:00,17441.033217409607,1,7
2022-02-01,17540.15,17543.2,17530.3,17534.8,09:50:00,17450.472910989643,1,8
2022-02-01,17549.3,17555.7,17534.8,17540.1,09:55:00,17459.885014704916,1,9
2022-02-01,17562.25,17562.75,17544.1,17549.25,10:00:00,17469.634060923494,1,10
2022-02-01,17576.15,17577.95,17560.5,17561.15,10:05:00,17479.778436073637,1,11
2022-02-01,17578.1,17584.2,17566.15,17576.6,10:10:00,17489.142394542814,1,12
2022-02-01,17563.85,17596.1,17562.1,17577.5,10:15:00,17496.257404586355,1,13
2022-02-01,17579.75,17585.25,17564.45,17564.45,10:20:00,17504.209080340035,1,14
2022-02-01,17579.15,17589.2,17574.45,17580.05,10:25:00,17511.34631078384,1,15
2022-02-01,17577.65,17587.4,17577.65,17579.4,10:30:00,17517.660947852044,1,16
2022-02-01,17545.1,17580.2,17545.1,17578.85,10:35:00,17520.274190913755,1,17
2022-02-01,17561.75,17569.15,17540.85,17543.6,10:40:00,17524.22426796959,1,18
2022-02-01,17554.9,17563.05,17540.1,17562.5,10:45:00,17527.1457662582,1,19
2022-02-01,17546.8,17557.4,17540.7,17555.3,10:50:00,17529.017598043134,1,20
2022-02-01,17559.3,17569.05,17536.85,17546.95,10:55:00,17531.90163632474,1,21
2022-02-01,17584.3,17587.05,17553.35,17560.8,11:00:00,17536.891956674765,1,22
2022-02-01,17570.55,17587.8,17562.65,17583.9,11:05:00,17540.097484610502,1,23
2022-02-01,17567.15,17570.1,17546.1,17569.65,11:10:00,17542.673914647596,1,24
2022-02-01,17568.8,17579.1,17565.85,17567.0,11:15:00,17545.162113252587,1,25
2022-02-01,17575.05,17578.55,17568.2,17568.3,11:20:00,17548.008578657103,1,26
2022-02-01,17547.15,17581.15,17519.15,17574.95,11:25:00,17547.92680926119,1,27
2022-02-01,17523.25,17546.9,17521.6,17546.9,11:30:00,17545.576636950602,1,28
2022-02-01,17511.4,17523.1,17451.65,17522.9,11:35:00,17542.32171914578,1,29
2022-02-01,17532.05,17538.2,17498.2,17508.2,11:40:00,17541.343460179516,1,30
2022-02-01,17547.8,17559.4,17520.25,17532.1,11:45:00,17541.95836873385,1,31
2022-02-01,17559.1,17560.65,17527.2,17547.25,11:50:00,17543.59090504491,1,32
2022-02-01,17586.85,17586.85,17560.0,17560.0,11:55:00,17547.71081885016,1,33
2022-02-01,17606.4,17622.4,17588.95,17588.95,12:00:00,17553.300264673955,1,34
2022-02-01,17589.4,17609.05,17566.95,17606.8,12:05:00,17556.738334705005,1,35
2022-02-01,17585.25,17602.3,17577.85,17590.6,12:10:00,17559.453731399768,1,36
2022-02-01,17558.7,17591.95,17554.05,17585.9,12:15:00,17559.38194745693,1,37
2022-02-01,17571.5,17587.0,17555.05,17557.85,12:20:00,17560.53604769913,1,38
2022-02-01,17602.6,17607.7,17566.35,17572.2,12:25:00,17564.542138394452,1,39
2022-02-01,17521.8,17614.4,17502.75,17602.55,12:30:00,17560.47145854736,1,40
2022-02-01,17584.5,17585.4,17520.75,17523.3,12:35:00,17562.759891066657,1,41
2022-02-01,17584.8,17597.9,17569.85,17585.25,12:40:00,17564.858949060308,1,42
2022-02-01,17558.35,17587.0,17542.65,17586.05,12:45:00,17564.2390491498,1,43
2022-02-01,17569.35,17587.65,17558.8,17558.85,12:50:00,17564.72580637363,1,44
2022-02-01,17535.7,17591.1,17535.25,17570.9,12:55:00,17561.961443861856,1,45
2022-02-01,17434.9,17534.45,17392.85,17534.45,13:00:00,17549.86035397025,1,46
2022-02-01,17429.05,17448.9,17404.15,17436.65,13:05:00,17538.354605973083,1,47
2022-02-01,17278.0,17444.4,17268.05,17431.6,13:10:00,17513.55892921374,1,48
2022-02-01,17394.9,17403.7,17244.55,17277.6,13:15:00,17502.258078812432,1,49
2022-02-01,17374.65,17396.1,17362.0,17395.2,13:20:00,17490.104928449342,1,50
2022-02-01,17440.6,17459.9,17372.5,17374.4,13:25:00,17485.39017335893,1,51
2022-02-01,17478.25,17481.7,17430.15,17447.25,13:30:00,17484.710156848556,1,52
2022-02-01,17451.5,17481.6,17451.5,17477.5,13:35:00,17481.54728476774,1,53
2022-02-01,17468.05,17473.0,17445.6,17450.35,13:40:00,17480.261829075574,1,54
2022-02-01,17511.7,17527.55,17466.4,17468.35,13:45:00,17483.255940592186,1,55
2022-02-01,17505.55,17525.3,17500.2,17511.3,13:50:00,17485.37918434531,1,56
2022-02-01,17500.35,17528.5,17473.75,17507.1,13:55:00,17486.804976312425,1,57
2022-02-01,17514.25,17522.3,17496.2,17501.85,14:00:00,17489.418788092196,1,58
2022-02-01,17524.25,17533.5,17497.65,17514.5,14:05:00,17492.73604636913,1,59
2022-02-01,17540.6,17555.5,17520.1,17524.85,14:10:00,17497.2945181435,1,60
2022-02-01,17544.15,17552.75,17530.4,17543.4,14:15:00,17501.756944986977,1,61
2022-02-01,17578.2,17578.2,17541.95,17543.6,14:20:00,17509.0372359406,1,62
2022-02-01,17578.45,17602.5,17575.7,17578.45,14:25:00,17515.647975374828,1,63
2022-02-01,17595.0,17607.1,17583.15,17583.15,14:30:00,17523.205311053414,1,64
2022-02-01,17582.45,17603.95,17572.95,17595.55,14:35:00,17528.84766238166,1,65
2022-02-01,17604.0,17606.45,17568.5,17584.85,14:40:00,17536.00502786912,1,66
2022-02-01,17582.05,17610.2,17576.7,17604.45,14:45:00,17540.390263310157,1,67
2022-02-01,17574.1,17585.65,17537.7,17585.05,14:50:00,17543.600714423475,1,68
2022-02-01,17553.05,17586.6,17544.5,17573.3,14:55:00,17544.500646383145,1,69
2022-02-01,17555.4,17572.65,17524.8,17553.0,15:00:00,17545.53868006094,1,70
2022-02-01,17573.25,17577.65,17557.45,17561.5,15:05:00,17548.17785338847,1,71
2022-02-01,17562.3,17575.15,17556.5,17573.05,15:10:00,17549.522819732425,1,72
2022-02-01,17584.55,17590.9,17561.55,17562.8,15:15:00,17552.85874166267,1,73
2022-02-01,17594.8,17597.1,17576.55,17584.15,15:20:00,17556.853147218604,1,74
2022-02-01,17604.1,17605.8,17593.45,17596.2,15:25:00,17561.3528474835,1,75
2022-02-02,17708.95,17723.6,17686.65,17707.55,09:15:00,17575.40971915174,2,1
2022-02-02,17714.95,17715.0,17674.8,17710.2,09:20:00,17588.69926970872,2,2
2022-02-02,17725.4,17732.55,17713.8,17715.95,09:25:00,17601.718386879318,2,3
2022-02-02,17698.75,17732.75,17696.35,17726.9,09:30:00,17610.95949289081,2,4
2022-02-02,17707.7,17713.0,17693.8,17699.55,09:35:00,17620.17287452026,2,5
2022-02-02,17729.35,17729.35,17705.2,17708.25,09:40:00,17630.57069599452,2,6
2022-02-02,17735.6,17736.8,17720.2,17729.75,09:45:00,17640.573486852183,2,7
2022-02-02,17740.3,17742.85,17731.1,17735.8,09:50:00,17650.071250009118,2,8
2022-02-02,17730.6,17745.5,17726.0,17738.65,09:55:00,17657.740654770154,2,9
2022-02-02,17744.25,17749.0,17728.55,17730.65,10:00:00,17665.97964003014,2,10
2022-02-02,17734.95,17747.2,17728.65,17744.35,10:05:00,17672.548245741553,2,11
2022-02-02,17723.45,17744.4,17722.15,17735.1,10:10:00,17677.396031861404,2,12
2022-02-02,17734.6,17734.95,17715.2,17722.25,10:15:00,17682.844028826985,2,13
2022-02-02,17740.9,17745.95,17729.9,17734.8,10:20:00,17688.3731689387,2,14
2022-02-02,17734.1,17744.6,17730.0,17742.95,10:25:00,17692.72810523025,2,15
2022-02-02,17728.05,17738.8,17724.75,17736.25,10:30:00,17696.09209520832,2,16
2022-02-02,17685.0,17729.35,17685.0,17727.2,10:35:00,17695.035705188482,2,17
2022-02-02,17692.45,17701.5,17678.15,17684.45,10:40:00,17694.789447551484,2,18
2022-02-02,17704.85,17707.45,17687.3,17693.5,10:45:00,17695.747595403725,2,19
2022-02-02,17711.9,17716.65,17703.55,17703.85,10:50:00,17697.28591965099,2,20
2022-02-02,17723.1,17727.0,17711.05,17711.1,10:55:00,17699.74440349375,2,21
2022-02-02,17731.85,17735.0,17716.4,17723.7,11:00:00,17702.802079351488,2,22
2022-02-02,17735.5,17736.8,17726.65,17731.7,11:05:00,17705.916167032297,2,23
2022-02-02,17725.2,17737.3,17723.55,17736.05,11:10:00,17707.752722553032,2,24
2022-02-02,17723.85,17731.85,17721.7,17726.15,11:15:00,17709.2857965956,2,25
2022-02-02,17730.7,17731.3,17717.55,17724.9,11:20:00,17711.325244538875,2,26
2022-02-02,17730.45,17734.05,17729.55,17730.05,11:25:00,17713.146649820887,2,27
2022-02-02,17734.75,17736.2,17729.25,17730.9,11:30:00,17715.204111742707,2,28
2022-02-02,17731.65,17742.5,17729.2,17734.3,11:35:00,17716.77038681483,2,29
2022-02-02,17740.1,17742.35,17727.25,17731.35,11:40:00,17718.99225473723,2,30
2022-02-02,17751.05,17751.2,17740.1,17740.3,11:45:00,17722.045373333684,2,31
2022-02-02,17760.55,17762.35,17749.6,17752.7,11:50:00,17725.712480635237,2,32
2022-02-02,17765.45,17768.05,17756.65,17760.45,11:55:00,17729.497006289024,2,33
2022-02-02,17760.3,17768.3,17753.5,17767.1,12:00:00,17732.430624737688,2,34
2022-02-02,17759.9,17765.35,17756.45,17761.3,12:05:00,17735.04675571505,2,35
2022-02-02,17746.6,17766.1,17746.4,17760.95,12:10:00,17736.14706469457,2,36
2022-02-02,17756.75,17759.75,17738.0,17746.1,12:15:00,17738.109249009372,2,37
2022-02-02,17743.4,17757.85,17741.05,17756.5,12:20:00,17738.6131300561,2,38
2022-02-02,17744.9,17748.45,17729.35,17743.85,12:25:00,17739.211879574566,2,39
2022-02-02,17749.6,17754.05,17744.95,17746.5,12:30:00,17740.20122437699,2,40
2022-02-02,17755.4,17757.7,17747.25,17750.8,12:35:00,17741.64872681728,2,41
2022-02-02,17760.15,17761.7,17752.85,17756.05,12:40:00,17743.41075283468,2,42
2022-02-02,17761.25,17765.15,17756.0,17759.75,12:45:00,17745.109728755186,2,43
2022-02-02,17749.2,17762.8,17744.3,17760.75,12:50:00,17745.49927839755,2,44
2022-02-02,17740.95,17749.55,17732.35,17749.55,12:55:00,17745.06601378826,2,45
2022-02-02,17748.5,17751.45,17738.0,17740.65,13:00:00,17745.39306009414,2,46
2022-02-02,17744.15,17752.6,17737.65,17748.95,13:05:00,17745.274673418506,2,47
2022-02-02,17746.05,17753.8,17740.95,17745.35,13:10:00,17745.348514045316,2,48
2022-02-02,17751.55,17752.8,17742.05,17746.4,13:15:00,17745.939131755284,2,49
2022-02-02,17745.0,17762.1,17744.1,17754.5,13:20:00,17745.849690635732,2,50
2022-02-02,17744.1,17756.5,17741.1,17747.15,13:25:00,17745.68305343233,2,51
2022-02-02,17746.4,17761.4,17739.7,17745.55,13:30:00,17745.751334057823,2,52
2022-02-02,17745.75,17752.35,17739.05,17747.15,13:35:00,17745.751207004698,2,53
2022-02-02,17751.4,17751.6,17740.4,17747.4,13:40:00,17746.289187289964,2,54
2022-02-02,17750.8,17754.25,17744.85,17750.15,13:45:00,17746.718788500442,2,55
2022-02-02,17742.7,17760.95,17738.55,17751.7,13:50:00,17746.336046738495,2,56
2022-02-02,17752.25,17752.3,17741.6,17743.3,13:55:00,17746.899280382448,2,57
2022-02-02,17764.45,17767.45,17751.5,17752.85,14:00:00,17748.57077748888,2,58
2022-02-02,17736.0,17766.75,17733.8,17763.3,14:05:00,17747.373560585176,2,59
2022-02-02,17774.45,17783.4,17725.6,17736.5,14:10:00,17749.952269100875,2,60
2022-02-02,17763.75,17781.15,17759.3,17775.95,14:15:00,17751.266338710317,2,61
2022-02-02,17765.05,17768.45,17751.75,17762.65,14:20:00,17752.579068356954,2,62
2022-02-02,17775.2,17777.05,17760.6,17765.7,14:25:00,17754.733442799148,2,63
2022-02-02,17777.4,17779.45,17764.9,17775.9,14:30:00,17756.892162532564,2,64
2022-02-02,17782.3,17788.05,17772.6,17777.7,14:35:00,17759.311956577083,2,65
2022-02-02,17773.9,17782.25,17767.55,17782.25,14:40:00,17760.70129404593,2,66
2022-02-02,17775.3,17782.0,17770.7,17773.0,14:45:00,17762.09164699394,2,67
2022-02-02,17771.4,17781.85,17768.0,17776.0,14:50:00,17762.97815680404,2,68
2022-02-02,17767.95,17778.3,17766.15,17771.35,14:55:00,17763.451665679848,2,69
2022-02-02,17769.05,17774.35,17761.45,17768.4,15:00:00,17763.984840377005,2,70
2022-02-02,17775.7,17777.7,17767.3,17771.1,15:05:00,17765.10056986491,2,71
2022-02-02,17778.35,17778.4,17770.85,17776.3,15:10:00,17766.362420353966,2,72
2022-02-02,17787.75,17788.2,17775.35,17779.05,15:15:00,17768.399332701207,2,73
2022-02-02,17787.1,17794.6,17780.6,17787.65,15:20:00,17770.180348634425,2,74
2022-02-02,17791.6,17792.0,17784.95,17787.85,15:25:00,17772.220315431146,2,75
2022-02-03,17751.35,17781.15,17718.9,17776.75,09:15:00,17770.232666342465,3,1
2022-02-03,17751.05,17761.65,17740.65,17750.7,09:20:00,17768.40574573842,3,2
2022-02-03,17740.7,17751.8,17737.15,17749.7,09:25:00,17765.76710328714,3,3
2022-02-03,17731.85,17745.8,17730.75,17741.05,09:30:00,17762.53690297408,3,4
2022-02-03,17703.7,17731.25,17702.0,17731.25,09:35:00,17756.93338840512,3,5
2022-02-03,17713.35,17729.2,17703.55,17704.45,09:40:00,17752.782589509392,3,6
2022-02-03,17692.6,17715.0,17683.4,17714.7,09:45:00,17747.05091431802,3,7
2022-02-03,17712.95,17718.7,17679.65,17692.7,09:50:00,17743.803208192494,3,8
2022-02-03,17719.05,17726.4,17706.25,17712.2,09:55:00,17741.44575979321,3,9
2022-02-03,17727.65,17728.3,17715.45,17719.0,10:00:00,17740.13187790814,3,10
2022-02-03,17702.8,17727.8,17702.25,17727.8,10:05:00,17736.57646096451,3,11
2022-02-03,17709.35,17714.15,17696.25,17701.75,10:10:00,17733.983464682173,3,12
2022-02-03,17702.85,17713.25,17701.15,17709.0,10:15:00,17731.01837280768,3,13
2022-02-03,17706.6,17709.2,17696.5,17702.3,10:20:00,17728.692813492664,3,14
2022-02-03,17689.8,17707.25,17684.85,17707.25,10:25:00,17724.98873601717,3,15
2022-02-03,17702.7,17702.8,17686.85,17689.75,10:30:00,17722.86599925363,3,16
2022-02-03,17701.55,17711.8,17699.3,17702.95,10:35:00,17720.835904086616,3,17
2022-02-03,17713.75,17715.35,17700.85,17701.7,10:40:00,17720.161056078367,3,18
2022-02-03,17715.8,17721.65,17712.2,17714.1,10:45:00,17719.745717404236,3,19
2022-02-03,17708.35,17716.25,17704.15,17715.25,10:50:00,17718.660410984783,3,20
2022-02-03,17709.45,17717.2,17707.55,17707.75,10:55:00,17717.78322898623,3,21
2022-02-03,17705.65,17713.6,17704.65,17709.25,11:00:00,17716.627683368497,3,22
2022-02-03,17701.85,17708.35,17700.65,17705.85,11:05:00,17715.220284952447,3,23
2022-02-03,17703.55,17708.3,17701.9,17702.05,11:10:00,17714.10882924269,3,24
2022-02-03,17693.85,17705.0,17688.8,17703.65,11:15:00,17712.17941693386,3,25
2022-02-03,17686.25,17698.75,17686.15,17694.35,11:20:00,17709.709948654447,3,26
2022-02-03,17691.2,17691.2,17678.2,17686.7,11:25:00,17707.947096401644,3,27
2022-02-03,17688.05,17700.9,17687.15,17690.95,11:30:00,17706.05213483958,3,28
2022-02-03,17669.2,17689.4,17665.65,17687.75,11:35:00,17702.542407712004,3,29
2022-02-03,17669.55,17673.8,17657.9,17668.15,11:40:00,17699.400273644194,3,30
2022-02-03,17658.0,17669.7,17651.55,17668.4,11:45:00,17695.457390439984,3,31
2022-02-03,17655.15,17660.25,17648.5,17657.65,11:50:00,17691.618591350463,3,32
2022-02-03,17653.85,17658.45,17644.1,17654.9,11:55:00,17688.02158265042,3,33
2022-02-03,17650.85,17654.35,17640.05,17653.55,12:00:00,17684.48143192181,3,34
2022-02-03,17654.5,17664.2,17651.0,17651.2,12:05:00,17681.626057453068,3,35
2022-02-03,17632.15,17652.25,17629.35,17652.25,12:10:00,17676.914051981345,3,36
2022-02-03,17644.45,17646.0,17624.95,17629.6,12:15:00,17673.82223750693,3,37
2022-02-03,17642.4,17648.9,17637.3,17645.3,12:20:00,17670.829643458652,3,38
2022-02-03,17647.2,17651.6,17641.7,17642.8,12:25:00,17668.579201224493,3,39
2022-02-03,17651.35,17651.75,17642.0,17647.45,12:30:00,17666.9383249174,3,40
2022-02-03,17672.6,17673.9,17650.45,17651.55,12:35:00,17667.477532068122,3,41
2022-02-03,17676.7,17686.5,17669.6,17670.4,12:40:00,17668.35586234735,3,42
2022-02-03,17681.15,17683.95,17668.9,17675.95,12:45:00,17669.574351647603,3,43
2022-02-03,17672.0,17694.7,17672.0,17680.05,12:50:00,17669.805365776403,3,44
2022-02-03,17668.0,17673.65,17663.7,17671.85,12:55:00,17669.63342617865,3,45
2022-02-03,17659.75,17668.55,17656.45,17668.05,13:00:00,17668.69214749497,3,46
2022-02-03,17665.95,17667.9,17652.7,17658.8,13:05:00,17668.43099059069,3,47
2022-02-03,17666.95,17672.65,17663.35,17666.0,13:10:00,17668.289943867767,3,48
2022-02-03,17651.65,17670.75,17649.75,17665.8,13:15:00,17666.705187308933,3,49
2022-02-03,17652.55,17654.3,17639.9,17651.7,13:20:00,17665.35707423189,3,50
2022-02-03,17647.85,17656.0,17642.05,17650.9,13:25:00,17663.689733828855,3,51
2022-02-03,17650.4,17658.85,17643.65,17646.2,13:30:00,17662.424044892774,3,52
2022-02-03,17633.45,17654.45,17631.55,17648.7,13:35:00,17659.664612045843,3,53
2022-02-03,17611.4,17633.8,17607.15,17632.1,13:40:00,17655.067982327193,3,54
2022-02-03,17599.35,17617.3,17594.05,17609.1,13:45:00,17649.76150781984,3,55
2022-02-03,17598.95,17602.25,17584.95,17597.9,13:50:00,17644.922316598902,3,56
2022-02-03,17606.05,17614.1,17598.1,17598.1,13:55:00,17641.22019120853,3,57
2022-02-03,17625.1,17626.0,17604.15,17606.8,14:00:00,17639.684934902954,3,58
2022-02-03,17629.9,17635.3,17613.65,17622.2,14:05:00,17638.753036340768,3,59
2022-02-03,17629.7,17633.9,17620.4,17627.9,14:10:00,17637.89084240355,3,60
2022-02-03,17611.8,17631.8,17606.25,17628.45,14:15:00,17635.40600026988,3,61
2022-02-03,17621.9,17622.25,17607.5,17611.15,14:20:00,17634.11971452989,3,62
2022-02-03,17627.6,17632.2,17619.5,17621.25,14:25:00,17633.49878933657,3,63
2022-02-03,17624.15,17641.35,17622.25,17627.0,14:30:00,17632.608428447373,3,64
2022-02-03,17617.25,17625.0,17613.4,17623.05,14:35:00,17631.145720976194,3,65
2022-02-03,17613.35,17619.85,17603.9,17616.85,14:40:00,17629.45089040703,3,66
2022-02-03,17620.65,17626.3,17606.65,17614.2,14:45:00,17628.612710368267,3,67
2022-02-03,17607.9,17620.05,17605.95,17618.1,14:50:00,17626.640071285576,3,68
2022-02-03,17594.65,17609.95,17585.55,17608.95,14:55:00,17623.593397829805,3,69
2022-02-03,17592.2,17615.5,17583.9,17595.1,15:00:00,17620.603550417443,3,70
2022-02-03,17581.6,17592.65,17569.55,17592.65,15:05:00,17616.888926568165,3,71
2022-02-03,17569.65,17588.45,17563.85,17581.7,15:10:00,17612.38998118072,3,72
2022-02-03,17546.75,17569.75,17545.65,17569.1,15:15:00,17606.138554401605,3,73
2022-02-03,17529.5,17549.35,17528.5,17547.5,15:20:00,17598.839644458596,3,74
2022-02-03,17520.25,17532.3,17511.15,17530.3,15:25:00,17591.35491641492,3,75
2022-02-04,17501.75,17593.9,17491.3,17593.9,09:15:00,17582.821114851595,4,1
2022-02-04,17551.1,17551.15,17480.3,17501.6,09:20:00,17579.8000562943,4,2
2022-02-04,17575.55,17594.1,17552.0,17552.0,09:25:00,17579.395289028176,4,3
2022-02-04,17567.35,17596.4,17566.4,17576.5,09:30:00,17578.24811864454,4,4
2022-02-04,17575.05,17577.6,17544.65,17567.15,09:35:00,17577.94353591649,4,5
2022-02-04,17578.65,17586.3,17564.8,17576.3,09:40:00,17578.010818210158,4,6
2022-02-04,17602.75,17604.0,17564.35,17578.8,09:45:00,17580.36693076157,4,7
2022-02-04,17616.45,17617.8,17592.0,17601.7,09:50:00,17583.803413546186,4,8
2022-02-04,17581.3,17616.55,17577.9,17616.5,09:55:00,17583.564993208453,4,9
2022-02-04,17571.65,17585.85,17565.55,17581.7,10:00:00,17582.430231950504,4,10
2022-02-04,17553.65,17571.45,17542.85,17571.35,10:05:00,17579.68925747903,4,11
2022-02-04,17545.95,17555.55,17530.3,17554.95,10:10:00,17576.47599486198,4,12
2022-02-04,17514.7,17549.15,17514.7,17546.2,10:15:00,17570.592566779887,4,13
2022-02-04,17539.15,17540.3,17512.4,17513.05,10:20:00,17567.598036610376,4,14
2022-02-04,17546.55,17553.1,17536.8,17539.75,10:25:00,17565.5934616951,4,15
2022-02-04,17562.45,17565.1,17546.95,17546.95,10:30:00,17565.294084390807,4,16
2022-02-04,17544.25,17562.25,17527.5,17561.95,10:35:00,17563.2898858774,4,17
2022-02-04,17542.95,17553.4,17537.2,17544.0,10:40:00,17561.352753889078,4,18
2022-02-04,17539.35,17541.95,17524.55,17541.95,10:45:00,17559.25725351869,4,19
2022-02-04,17545.7,17552.15,17530.55,17539.2,10:50:00,17557.96608651691,4,20
2022-02-04,17558.85,17560.3,17545.55,17545.8,10:55:00,17558.050268753395,4,21
2022-02-04,17547.1,17563.8,17543.4,17559.95,11:00:00,17557.00738601498,4,22
2022-02-04,17553.05,17556.25,17540.75,17545.95,11:05:00,17556.63049210879,4,23
2022-02-04,17568.15,17571.8,17552.6,17552.9,11:10:00,17557.72758809843,4,24
2022-02-04,17572.7,17582.7,17568.05,17568.05,11:15:00,17559.153532089054,4,25
2022-02-04,17566.65,17577.85,17564.35,17573.0,11:20:00,17559.86748141391,4,26
2022-02-04,17571.65,17577.35,17563.25,17566.9,11:25:00,17560.989626041155,4,27
2022-02-04,17559.7,17575.25,17547.7,17575.25,11:30:00,17560.866804513425,4,28
2022-02-04,17557.55,17562.6,17551.2,17560.3,11:35:00,17560.550918369292,4,29
2022-02-04,17545.4,17566.75,17542.95,17558.15,11:40:00,17559.107973762693,4,30
2022-02-04,17544.8,17550.4,17539.6,17547.35,11:45:00,17557.74530959482,4,31
2022-02-04,17527.4,17546.9,17524.55,17544.05,11:50:00,17554.855280109598,4,32
2022-02-04,17525.1,17532.85,17519.4,17527.35,11:55:00,17552.021443908685,4,33
2022-02-04,17513.65,17531.35,17513.65,17525.9,12:00:00,17548.367020679285,4,34
2022-02-04,17523.35,17526.75,17513.15,17515.1,12:05:00,17545.98444728126,4,35
2022-02-04,17517.75,17526.15,17507.1,17524.9,12:10:00,17543.29545230209,4,36
2022-02-04,17491.7,17519.0,17491.05,17518.95,12:15:00,17538.38159970189,4,37
2022-02-04,17490.9,17492.6,17468.9,17491.2,12:20:00,17533.859542587426,4,38
2022-02-04,17508.95,17513.65,17490.55,17490.55,12:25:00,17531.487205198147,4,39
2022-02-04,17522.1,17522.8,17505.35,17508.4,12:30:00,17530.593185655467,4,40
2022-02-04,17531.0,17536.85,17518.15,17523.4,12:35:00,17530.631929878757,4,41
2022-02-04,17522.45,17535.85,17522.1,17530.85,12:40:00,17529.85269846173,4,42
2022-02-04,17506.05,17525.55,17505.3,17522.5,12:45:00,17527.585774798707,4,43
2022-02-04,17489.2,17510.4,17486.95,17505.75,12:50:00,17523.92998672264,4,44
2022-02-04,17482.05,17501.3,17477.7,17490.6,12:55:00,17519.94141655858,4,45
2022-02-04,17497.7,17499.85,17465.9,17484.3,13:00:00,17517.823186410144,4,46
2022-02-04,17474.0,17498.45,17471.15,17496.55,13:05:00,17513.649549609177,4,47
2022-02-04,17479.2,17486.45,17462.75,17474.75,13:10:00,17510.36864012259,4,48
2022-02-04,17499.25,17504.9,17462.55,17480.15,13:15:00,17509.309722015674,4,49
2022-02-04,17507.55,17509.95,17498.9,17499.5,13:20:00,17509.142129442753,4,50
2022-02-04,17522.05,17525.0,17507.15,17508.6,13:25:00,17510.371450448205,4,51
2022-02-04,17530.05,17534.35,17513.65,17523.05,13:30:00,17512.24559802457,4,52
2022-02-04,17517.4,17532.65,17516.85,17530.9,13:35:00,17512.7364934508,4,53
2022-02-04,17526.2,17530.9,17517.1,17518.55,13:40:00,17514.018732169774,4,54
2022-02-04,17558.3,17566.95,17523.25,17526.35,13:45:00,17518.23599577265,4,55
2022-02-04,17548.85,17570.85,17546.5,17558.55,13:50:00,17521.151615222876,4,56
2022-02-04,17552.45,17560.0,17540.3,17549.45,13:55:00,17524.132413773077,4,57
2022-02-04,17561.7,17565.1,17544.25,17552.7,14:00:00,17527.710279128023,4,58
2022-02-04,17550.6,17563.35,17542.95,17561.85,14:05:00,17529.890252544403,4,59
2022-02-04,17545.3,17554.65,17526.85,17550.45,14:10:00,17531.357847540174,4,60
2022-02-04,17555.25,17563.8,17539.7,17545.75,14:15:00,17533.633290631587,4,61
2022-02-04,17547.0,17557.85,17528.65,17556.9,14:20:00,17534.906310571438,4,62
2022-02-04,17540.7,17552.6,17538.7,17547.65,14:25:00,17535.458090517015,4,63
2022-02-04,17525.15,17550.55,17523.75,17540.6,14:30:00,17534.476367610634,4,64
2022-02-04,17500.8,17530.0,17499.7,17528.25,14:35:00,17531.26909450486,4,65
2022-02-04,17506.85,17511.6,17489.1,17500.5,14:40:00,17528.943466456778,4,66
2022-02-04,17510.5,17520.7,17503.1,17506.5,14:45:00,17527.186945841848,4,67
2022-02-04,17501.1,17511.6,17484.95,17510.45,14:50:00,17524.702474809288,4,68
2022-02-04,17498.8,17509.95,17490.2,17500.9,14:55:00,17522.235572446498,4,69
2022-02-04,17516.4,17517.5,17500.7,17500.7,15:00:00,17521.67980364207,4,70
2022-02-04,17547.8,17548.1,17512.4,17518.65,15:05:00,17524.167441390444,4,71
2022-02-04,17529.85,17551.75,17526.2,17547.4,15:10:00,17524.708637448497,4,72
2022-02-04,17511.4,17530.4,17504.2,17529.9,15:15:00,17523.441148167687,4,73
2022-02-04,17501.95,17514.9,17500.5,17512.7,15:20:00,17521.394372151717,4,74
2022-02-04,17501.25,17505.95,17496.4,17502.35,15:25:00,17519.47586051822,4,75
2022-02-07,17528.1,17536.75,17429.45,17482.15,09:15:00,17520.297207135533,0,1
2022-02-07,17493.9,17529.05,17476.55,17529.05,09:20:00,17517.78318740834,0,2
2022-02-07,17460.55,17494.7,17417.95,17494.1,09:25:00,17512.332407655165,0,3
2022-02-07,17464.45,17472.75,17444.6,17459.6,09:30:00,17507.772178354673,0,4
2022-02-07,17434.35,17485.25,17434.2,17463.95,09:35:00,17500.779589939943,0,5
2022-02-07,17448.0,17458.1,17428.4,17433.35,09:40:00,17495.752962326613,0,6
2022-02-07,17455.95,17464.7,17439.15,17447.8,09:45:00,17491.962204009793,0,7
2022-02-07,17459.0,17468.15,17440.4,17455.3,09:50:00,17488.822946485052,0,8
2022-02-07,17408.65,17459.25,17407.8,17457.75,09:55:00,17481.18742777219,0,9
2022-02-07,17409.7,17416.65,17389.8,17410.1,10:00:00,17474.379101317696,0,10
2022-02-07,17419.4,17433.5,17405.45,17410.8,10:05:00,17469.142996430295,0,11
2022-02-07,17414.8,17420.9,17406.3,17418.45,10:10:00,17463.967472960743,0,12
2022-02-07,17416.4,17423.85,17400.35,17415.45,10:15:00,17459.437237440674,0,13
2022-02-07,17419.7,17431.5,17415.4,17417.05,10:20:00,17455.6527386368,0,14
2022-02-07,17420.4,17427.95,17404.1,17419.0,10:25:00,17452.295334957103,0,15
2022-02-07,17402.5,17426.5,17400.8,17421.0,10:30:00,17447.552922104045,0,16
2022-02-07,17396.1,17411.9,17387.1,17402.35,10:35:00,17442.652643808422,0,17
2022-02-07,17408.85,17416.45,17395.75,17396.25,10:40:00,17439.433344398094,0,18
2022-02-07,17410.4,17412.3,17402.1,17409.35,10:45:00,17436.668263979227,0,19
2022-02-07,17401.05,17418.4,17399.3,17408.85,10:50:00,17433.276048362157,0,20
2022-02-07,17380.1,17400.15,17379.6,17400.15,10:55:00,17428.211662803857,0,21
2022-02-07,17366.75,17383.3,17359.85,17380.4,11:00:00,17422.35817110825,0,22
2022-02-07,17348.6,17370.8,17346.75,17365.3,11:05:00,17415.333583383654,0,23
2022-02-07,17338.7,17348.25,17329.8,17347.5,11:10:00,17408.035146870923,0,24
2022-02-07,17318.15,17338.6,17315.4,17338.6,11:15:00,17399.47465669274,0,25
2022-02-07,17326.1,17335.05,17313.5,17317.25,11:20:00,17392.486594150574,0,26
2022-02-07,17317.8,17335.95,17303.9,17326.0,11:25:00,17385.373585183854,0,27
2022-02-07,17318.3,17327.5,17316.85,17319.15,11:30:00,17378.985624690155,0,28
2022-02-07,17325.6,17333.05,17316.65,17317.6,11:35:00,17373.901279481568,0,29
2022-02-07,17319.15,17332.15,17316.75,17325.9,11:40:00,17368.686871911894,0,30
2022-02-07,17304.55,17319.9,17304.55,17319.1,11:45:00,17362.578598396474,0,31
2022-02-07,17330.35,17330.4,17296.5,17304.95,11:50:00,17359.509208073003,0,32
2022-02-07,17316.8,17334.5,17314.65,17331.4,11:55:00,17355.441664447004,0,33
2022-02-07,17290.0,17326.5,17287.65,17316.15,12:00:00,17349.20912497586,0,34
2022-02-07,17270.25,17295.6,17267.25,17288.75,12:05:00,17341.68920831149,0,35
2022-02-07,17272.3,17282.85,17265.7,17269.6,12:10:00,17335.080712281826,0,36
2022-02-07,17288.15,17290.8,17265.7,17271.45,12:15:00,17330.61112063594,0,37
2022-02-07,17286.5,17292.25,17275.5,17287.85,12:20:00,17326.410061527753,0,38
2022-02-07,17315.85,17315.85,17284.2,17285.85,12:25:00,17325.40434138225,0,39
2022-02-07,17314.7,17319.65,17306.7,17315.65,12:30:00,17324.38488029823,0,40
2022-02-07,17306.75,17317.25,17291.15,17314.4,12:35:00,17322.705367888873,0,41
2022-02-07,17326.4,17329.2,17303.1,17306.7,12:40:00,17323.057237613742,0,42
2022-02-07,17318.9,17333.0,17316.85,17326.1,12:45:00,17322.661310221956,0,43
2022-02-07,17295.6,17324.4,17295.6,17319.05,12:50:00,17320.08404258177,0,44
2022-02-07,17273.75,17296.9,17269.55,17296.2,12:55:00,17315.6712766216,0,45
2022-02-07,17269.95,17279.1,17255.1,17272.95,13:00:00,17311.316869324306,0,46
2022-02-07,17266.85,17274.5,17261.05,17270.75,13:05:00,17307.081929388656,0,47
2022-02-07,17260.5,17280.8,17260.05,17267.8,13:10:00,17302.645555161165,0,48
2022-02-07,17272.15,17279.85,17251.35,17261.65,13:15:00,17299.741216574388,0,49
2022-02-07,17265.85,17275.7,17263.45,17273.65,13:20:00,17296.51348166254,0,50
2022-02-07,17255.55,17265.05,17248.8,17265.0,13:25:00,17292.612197694678,0,51
2022-02-07,17233.55,17259.25,17229.5,17256.6,13:30:00,17286.98722648566,0,52
2022-02-07,17212.95,17245.25,17212.45,17234.65,13:35:00,17279.936062058456,0,53
2022-02-07,17215.95,17234.6,17214.05,17214.05,13:40:00,17273.84215138622,0,54
2022-02-07,17186.4,17215.4,17179.1,17214.7,13:45:00,17265.514327444675,0,55
2022-02-07,17159.6,17196.0,17158.7,17184.0,13:50:00,17255.42724864042,0,56
2022-02-07,17127.35,17160.05,17119.4,17160.05,13:55:00,17243.22941543657,0,57
2022-02-07,17172.25,17173.65,17128.35,17128.35,14:00:00,17236.469471109278,0,58
2022-02-07,17188.5,17198.25,17164.3,17171.1,14:05:00,17231.90095005125,0,59
2022-02-07,17178.7,17192.65,17165.45,17188.4,14:10:00,17226.834192903512,0,60
2022-02-07,17180.25,17195.55,17174.35,17179.0,14:15:00,17222.397603103178,0,61
2022-02-07,17191.5,17191.55,17167.3,17179.2,14:20:00,17219.45497423621,0,62
2022-02-07,17209.85,17215.25,17190.2,17190.8,14:25:00,17218.540214785142,0,63
2022-02-07,17205.6,17214.8,17191.1,17209.55,14:30:00,17217.307813377032,0,64
2022-02-07,17188.85,17209.3,17187.1,17205.0,14:35:00,17214.59754543636,0,65
2022-02-07,17157.75,17196.3,17157.1,17188.65,14:40:00,17209.18349349004,0,66
2022-02-07,17159.0,17171.35,17156.65,17157.15,14:45:00,17204.404113157656,0,67
2022-02-07,17182.6,17187.55,17159.2,17160.55,14:50:00,17202.327530952163,0,68
2022-02-07,17187.0,17191.35,17167.95,17181.45,14:55:00,17200.867766099575,0,69
2022-02-07,17226.15,17240.35,17189.5,17189.5,15:00:00,17203.275597899614,0,70
2022-02-07,17227.95,17234.4,17223.35,17228.35,15:05:00,17205.625540956793,0,71
2022-02-07,17220.1,17230.4,17219.85,17228.75,15:10:00,17207.00406086567,0,72
2022-02-07,17193.55,17222.15,17189.85,17219.75,15:15:00,17205.722721735605,0,73
2022-02-07,17212.95,17220.85,17187.0,17194.15,15:20:00,17206.411033951263,0,74
2022-02-07,17213.95,17215.45,17206.1,17212.35,15:25:00,17207.12903071781,0,75
2022-02-08,17280.0,17306.45,17250.35,17282.4,09:15:00,17214.0691230304,1,1
2022-02-08,17227.7,17289.4,17227.2,17277.1,09:20:00,17215.36730178941,1,2
2022-02-08,17240.0,17240.0,17176.2,17226.6,09:25:00,17217.713273047564,1,3
2022-02-08,17278.95,17280.55,17238.2,17241.65,09:30:00,17223.54534228113,1,4
2022-02-08,17269.05,17300.15,17267.65,17280.8,09:35:00,17227.879119206737,1,5
2022-02-08,17236.95,17278.45,17236.95,17268.25,09:40:00,17228.743012615618,1,6
2022-02-08,17239.65,17239.65,17197.5,17235.6,09:45:00,17229.781773318893,1,7
2022-02-08,17222.05,17252.45,17210.4,17241.45,09:50:00,17229.045413955188,1,8
2022-02-08,17215.05,17244.1,17196.4,17221.6,09:55:00,17227.712517388027,1,9
2022-02-08,17218.25,17224.9,17199.6,17214.9,10:00:00,17226.811325255832,1,10
2022-02-08,17212.45,17228.35,17197.1,17217.45,10:05:00,17225.443579993374,1,11
2022-02-08,17194.4,17219.35,17184.8,17212.25,10:10:00,17222.487048565436,1,12
2022-02-08,17177.55,17198.2,17164.3,17192.35,10:15:00,17218.20732965444,1,13
2022-02-08,17169.25,17187.25,17168.85,17175.6,10:20:00,17213.54472683021,1,14
2022-02-08,17142.5,17174.45,17140.65,17167.6,10:25:00,17206.77856237019,1,15
2022-02-08,17110.7,17144.85,17102.4,17142.7,10:30:00,17197.62822309684,1,16
2022-02-08,17107.3,17132.8,17105.9,17110.75,10:35:00,17189.025535182853,1,17
2022-02-08,17090.05,17113.2,17085.65,17108.4,10:40:00,17179.599293736865,1,18
2022-02-08,17094.65,17110.95,17083.4,17090.1,10:45:00,17171.508884809544,1,19
2022-02-08,17068.6,17120.7,17068.5,17093.65,10:50:00,17161.708038637207,1,20
2022-02-08,17068.0,17080.0,17058.0,17068.75,10:55:00,17152.783463528904,1,21
2022-02-08,17061.6,17068.2,17043.65,17068.2,11:00:00,17144.099324145198,1,22
2022-02-08,17048.85,17075.0,17047.55,17060.9,11:05:00,17135.027959940893,1,23
2022-02-08,17085.7,17085.8,17047.75,17048.55,11:10:00,17130.330058994143,1,24
2022-02-08,17108.5,17111.3,17074.55,17085.85,11:15:00,17128.251005756603,1,25
2022-02-08,17101.2,17119.15,17101.1,17108.95,11:20:00,17125.67471949407,1,26
2022-02-08,17113.8,17119.45,17087.05,17099.6,11:25:00,17124.543793827965,1,27
2022-02-08,17118.85,17120.55,17102.0,17111.0,11:30:00,17124.00152774911,1,28
2022-02-08,17150.8,17158.5,17114.0,17119.25,11:35:00,17126.553763201577,1,29
2022-02-08,17161.4,17170.1,17143.2,17150.95,11:40:00,17129.872452420474,1,30
2022-02-08,17176.35,17186.85,17148.05,17162.15,11:45:00,17134.298885523287,1,31
2022-02-08,17181.55,17196.25,17176.9,17176.9,11:50:00,17138.798991663927,1,32
2022-02-08,17186.2,17192.65,17177.9,17182.6,11:55:00,17143.31337341022,1,33
2022-02-08,17202.1,17203.2,17180.55,17190.1,12:00:00,17148.912099752102,1,34
2022-02-08,17206.85,17218.05,17195.0,17202.55,12:05:00,17154.429995013805,1,35
2022-02-08,17180.65,17214.75,17180.55,17205.25,12:10:00,17156.927138345825,1,36
2022-02-08,17214.3,17214.3,17179.95,17180.4,12:15:00,17162.391220408128,1,37
2022-02-08,17235.95,17245.0,17211.65,17212.55,12:20:00,17169.3968184645,1,38
2022-02-08,17238.05,17241.65,17223.75,17235.5,12:25:00,17175.935216705973,1,39
2022-02-08,17233.3,17245.55,17226.9,17237.45,12:30:00,17181.39852940064,1,40
2022-02-08,17259.05,17260.1,17233.45,17233.45,12:35:00,17188.79390755296,1,41
2022-02-08,17259.5,17268.05,17253.6,17259.0,12:40:00,17195.527821119344,1,42
2022-02-08,17268.85,17269.35,17254.7,17261.85,12:45:00,17202.510885774645,1,43
2022-02-08,17223.6,17272.55,17223.5,17271.2,12:50:00,17204.519372843726,1,44
2022-02-08,17209.35,17233.85,17209.2,17223.9,12:55:00,17204.979432572894,1,45
2022-02-08,17176.55,17225.1,17161.0,17209.15,13:00:00,17202.271867565953,1,46
2022-02-08,17140.9,17179.7,17140.9,17174.0,13:05:00,17196.426927797766,1,47
2022-02-08,17137.35,17166.2,17128.95,17137.25,13:10:00,17190.800553721787,1,48
2022-02-08,17157.5,17157.5,17120.75,17136.1,13:15:00,17187.62907241495,1,49
2022-02-08,17177.4,17179.25,17156.6,17156.7,13:20:00,17186.6548750421,1,50
2022-02-08,17169.4,17181.8,17154.25,17175.3,13:25:00,17185.011553609518,1,51
2022-02-08,17207.6,17209.15,17154.1,17166.55,13:30:00,17187.162834218136,1,52
2022-02-08,17209.4,17220.15,17201.55,17206.0,13:35:00,17189.280659530694,1,53
2022-02-08,17191.45,17219.9,17177.2,17207.75,13:40:00,17189.487263384915,1,54
2022-02-08,17187.8,17215.5,17187.5,17193.45,13:45:00,17189.32657163397,1,55
2022-02-08,17187.75,17200.05,17176.65,17187.35,13:50:00,17189.176421954544,1,56
2022-02-08,17189.95,17197.25,17170.0,17187.25,13:55:00,17189.25009605411,1,57
2022-02-08,17183.9,17195.7,17169.45,17189.6,14:00:00,17188.740563096577,1,58
2022-02-08,17186.85,17193.15,17177.75,17181.65,14:05:00,17188.56050946833,1,59
2022-02-08,17162.9,17197.1,17159.05,17185.6,14:10:00,17186.116651423727,1,60
2022-02-08,17170.45,17173.0,17134.8,17161.15,14:15:00,17184.624589383373,1,61
2022-02-08,17172.95,17180.0,17156.9,17171.05,14:20:00,17183.512723727814,1,62
2022-02-08,17175.7,17181.6,17152.3,17170.35,14:25:00,17182.768654801355,1,63
2022-02-08,17181.95,17182.2,17171.05,17172.6,14:30:00,17182.690687677416,1,64
2022-02-08,17171.8,17187.85,17156.85,17180.45,14:35:00,17181.653479327186,1,65
2022-02-08,17194.35,17194.75,17162.6,17170.15,14:40:00,17182.862671772215,1,66
2022-02-08,17180.5,17203.65,17175.15,17193.35,14:45:00,17182.637655412957,1,67
2022-02-08,17188.9,17196.8,17177.95,17178.35,14:50:00,17183.234069183152,1,68
2022-02-08,17253.15,17256.4,17185.3,17185.3,14:55:00,17189.892729260948,1,69
2022-02-08,17276.0,17280.45,17248.5,17251.5,15:00:00,17198.093421712285,1,70
2022-02-08,17281.75,17296.5,17273.0,17277.05,15:05:00,17206.060714882544,1,71
2022-02-08,17280.0,17286.8,17268.45,17278.8,15:10:00,17213.102551560398,1,72
2022-02-08,17252.9,17284.15,17251.2,17280.5,15:15:00,17216.892784745123,1,73
2022-02-08,17251.85,17262.1,17244.05,17251.9,15:20:00,17220.222043340826,1,74
2022-02-08,17239.2,17252.85,17228.25,17251.95,15:25:00,17222.029467784556,1,75
2022-02-09,17392.35,17395.4,17339.0,17371.3,09:15:00,17252.926616485773,2,1
2022-02-09,17397.75,17410.8,17375.4,17390.1,09:20:00,17266.719319677602,2,2
2022-02-09,17410.55,17421.45,17398.2,17398.5,09:25:00,17280.417479708307,2,3
2022-02-09,17415.35,17421.5,17403.15,17413.35,09:30:00,17293.268195926565,2,4
2022-02-09,17403.65,17421.75,17394.4,17414.35,09:35:00,17303.780748695463,2,5
2022-02-09,17392.0,17409.35,17388.1,17404.05,09:40:00,17312.182582153036,2,6
2022-02-09,17435.4,17438.45,17392.75,17392.95,09:45:00,17323.917574328938,2,7
2022-02-09,17428.8,17437.75,17424.05,17435.9,09:50:00,17333.9063767738,2,8
2022-02-09,17414.4,17429.6,17412.25,17428.1,09:55:00,17341.572436128678,2,9
2022-02-09,17398.5,17419.6,17396.35,17413.7,10:00:00,17346.994108878327,2,10
2022-02-09,17425.35,17426.2,17385.2,17398.3,10:05:00,17354.456574699438,2,11
2022-02-09,17417.9,17425.65,17405.45,17424.95,10:10:00,17360.498805680443,2,12
2022-02-09,17412.35,17422.4,17407.15,17416.95,10:15:00,17365.437014663257,2,13
2022-02-09,17410.6,17413.65,17400.1,17411.2,10:20:00,17369.738251361996,2,14
2022-02-09,17391.85,17410.3,17386.8,17410.25,10:25:00,17371.844132184662,2,15
2022-02-09,17375.35,17395.05,17374.25,17391.8,10:30:00,17372.178024357552,2,16
2022-02-09,17392.25,17399.5,17365.4,17375.15,10:35:00,17374.089641085404,2,17
2022-02-09,17392.45,17395.1,17383.6,17391.4,10:40:00,17375.83824669632,2,18
2022-02-09,17408.55,17410.8,17392.3,17393.15,10:45:00,17378.95365177286,2,19
2022-02-09,17408.25,17408.9,17398.8,17408.0,10:50:00,17381.743780175446,2,20
2022-02-09,17407.75,17413.25,17404.25,17408.2,10:55:00,17384.22056301588,2,21
2022-02-09,17394.8,17408.35,17389.75,17408.3,11:00:00,17385.228128442937,2,22
2022-02-09,17387.0,17395.4,17378.05,17395.4,11:05:00,17385.39687811504,2,23
2022-02-09,17393.55,17396.25,17381.7,17387.1,11:10:00,17386.173365913608,2,24
2022-02-09,17393.5,17396.3,17385.3,17393.25,11:15:00,17386.871140588504,2,25
2022-02-09,17402.6,17404.45,17393.15,17393.15,11:20:00,17388.369127199123,2,26
2022-02-09,17398.6,17408.35,17397.9,17402.65,11:25:00,17389.3434960373,2,27
2022-02-09,17386.55,17397.7,17386.35,17396.65,11:30:00,17389.07744879565,2,28
2022-02-09,17395.9,17399.15,17386.25,17387.05,11:35:00,17389.72721557702,2,29
2022-02-09,17390.55,17399.0,17388.85,17395.15,11:40:00,17389.805575998253,2,30
2022-02-09,17403.8,17407.1,17389.15,17389.15,11:45:00,17391.138378284133,2,31
2022-02-09,17412.35,17417.3,17402.8,17403.6,11:50:00,17393.158532733265,2,32
2022-02-09,17407.55,17414.65,17407.15,17412.0,11:55:00,17394.52914866343,2,33
2022-02-09,17403.6,17410.25,17401.95,17409.35,12:00:00,17395.393039266914,2,34
2022-02-09,17420.3,17423.9,17400.55,17403.4,12:05:00,17397.765130765303,2,35
2022-02-09,17410.95,17424.1,17409.3,17421.1,12:10:00,17399.02083259718,2,36
2022-02-09,17423.15,17425.3,17410.25,17410.9,12:15:00,17401.318848540304,2,37
2022-02-09,17422.55,17432.05,17421.2,17423.9,12:20:00,17403.340862965037,2,38
2022-02-09,17425.45,17426.85,17414.4,17422.45,12:25:00,17405.446495063603,2,39
2022-02-09,17418.0,17426.8,17417.9,17426.6,12:30:00,17406.642066962308,2,40
2022-02-09,17421.7,17424.25,17410.15,17418.45,12:35:00,17408.07615582304,2,41
2022-02-09,17420.9,17425.7,17419.15,17422.0,12:40:00,17409.297474316085,2,42
2022-02-09,17417.7,17433.35,17417.15,17421.5,12:45:00,17410.09771485741,2,43
2022-02-09,17425.05,17425.1,17417.1,17419.25,12:50:00,17411.521742013847,2,44
2022-02-09,17424.2,17426.8,17419.8,17425.5,12:55:00,17412.729195155385,2,45
2022-02-09,17418.4,17426.85,17418.1,17424.6,13:00:00,17413.269271807254,2,46
2022-02-09,17381.65,17421.3,17378.9,17419.7,13:05:00,17410.257912587516,2,47
2022-02-09,17382.45,17390.5,17378.8,17382.25,13:10:00,17407.609539960133,2,48
2022-02-09,17399.35,17402.6,17374.3,17379.1,13:15:00,17406.822917106787,2,49
2022-02-09,17409.4,17417.7,17401.0,17401.0,13:20:00,17407.06835357281,2,50
2022-02-09,17406.75,17414.1,17390.5,17411.75,13:25:00,17407.038034184923,2,51
2022-02-09,17419.95,17420.4,17407.05,17409.5,13:30:00,17408.26774521493,2,52
2022-02-09,17416.8,17420.4,17409.9,17416.0,13:35:00,17409.080340908746,2,53
2022-02-09,17407.8,17419.35,17395.95,17412.5,13:40:00,17408.958403679342,2,54
2022-02-09,17414.55,17420.25,17406.6,17410.1,13:45:00,17409.490936662263,2,55
2022-02-09,17431.6,17435.75,17417.55,17417.9,13:50:00,17411.596561742048,2,56
2022-02-09,17428.3,17438.5,17414.2,17433.95,13:55:00,17413.187365385664,2,57
2022-02-09,17433.3,17438.25,17425.75,17430.5,14:00:00,17415.10285439655,2,58
2022-02-09,17429.7,17447.4,17429.7,17436.0,14:05:00,17416.493058739736,2,59
2022-02-09,17438.5,17442.85,17421.8,17431.7,14:10:00,17418.58895790738,2,60
2022-02-09,17451.95,17457.45,17435.2,17441.6,14:15:00,17421.76620001144,2,61
2022-02-09,17444.05,17461.3,17438.0,17454.3,14:20:00,17423.888466677017,2,62
2022-02-09,17443.1,17451.25,17434.55,17448.35,14:25:00,17425.718136517302,2,63
2022-02-09,17446.2,17454.65,17443.9,17445.65,14:30:00,17427.66879018232,2,64
2022-02-09,17445.5,17461.45,17445.5,17448.4,14:35:00,17429.36700064115,2,65
2022-02-09,17459.95,17461.9,17438.2,17445.55,14:40:00,17432.279667246752,2,66
2022-02-09,17452.2,17462.0,17448.95,17455.25,14:45:00,17434.17684179468,2,67
2022-02-09,17444.5,17460.7,17444.5,17454.25,14:50:00,17435.159999719,2,68
2022-02-09,17457.35,17461.1,17445.8,17447.05,14:55:00,17437.273333079094,2,69
2022-02-09,17455.55,17462.2,17453.15,17459.0,15:00:00,17439.01396802394,2,70
2022-02-09,17469.5,17472.8,17449.7,17457.7,15:05:00,17441.917399640708,2,71
2022-02-09,17463.35,17470.3,17452.0,17470.1,15:10:00,17443.958599674927,2,72
2022-02-09,17464.35,17466.6,17460.1,17460.4,15:15:00,17445.900637801125,2,73
2022-02-09,17468.05,17474.4,17464.35,17466.7,15:20:00,17448.010100867683,2,74
2022-02-09,17471.6,17477.15,17466.25,17468.2,15:25:00,17450.256757927902,2,75
2022-02-10,17500.75,17540.05,17500.1,17532.75,09:15:00,17455.065638125245,3,1
2022-02-10,17506.7,17509.55,17473.25,17501.2,09:20:00,17459.983196399033,3,2
2022-02-10,17484.25,17506.3,17481.7,17506.15,09:25:00,17462.294320551508,3,3
2022-02-10,17491.6,17495.5,17467.6,17484.7,09:30:00,17465.085337641838,3,4
2022-02-10,17476.25,17494.45,17454.6,17493.75,09:35:00,17466.148638818806,3,5
2022-02-10,17457.25,17479.3,17455.3,17477.55,09:40:00,17465.30114940749,3,6
2022-02-10,17460.25,17469.85,17445.35,17456.65,09:45:00,17464.820087559157,3,7
2022-02-10,17461.0,17464.25,17452.9,17460.7,09:50:00,17464.45626969638,3,8
2022-02-10,17433.55,17467.4,17433.5,17460.8,09:55:00,17461.512815439582,3,9
2022-02-10,17453.1,17460.75,17427.15,17433.25,10:00:00,17460.711594921526,3,10
2022-02-10,17512.3,17513.55,17450.65,17452.65,10:05:00,17465.62477635757,3,11
2022-02-10,17510.85,17515.95,17498.5,17514.2,10:10:00,17469.93194051399,3,12
2022-02-10,17505.65,17530.4,17502.25,17510.7,10:15:00,17473.33366046504,3,13
2022-02-10,17522.3,17524.85,17482.9,17505.5,10:20:00,17477.99712137313,3,14
2022-02-10,17544.1,17544.15,17522.2,17522.4,10:25:00,17484.292633623307,3,15
2022-02-10,17558.95,17567.85,17542.45,17544.45,10:30:00,17491.402858992515,3,16
2022-02-10,17571.5,17575.4,17552.9,17558.5,10:35:00,17499.031158136084,3,17
2022-02-10,17584.55,17589.05,17567.55,17572.15,10:40:00,17507.17580974217,3,18
2022-02-10,17571.35,17592.95,17560.2,17584.75,10:45:00,17513.287637385773,3,19
2022-02-10,17573.6,17574.7,17566.05,17571.65,10:50:00,17519.03167192046,3,20
2022-02-10,17576.6,17578.1,17567.95,17573.65,10:55:00,17524.514369832796,3,21
2022-02-10,17591.55,17591.7,17575.05,17576.2,11:00:00,17530.898715563006,3,22
2022-02-10,17590.15,17594.5,17585.3,17591.35,11:05:00,17536.541695033196,3,23
2022-02-10,17584.1,17590.85,17583.3,17590.3,11:10:00,17541.071057410987,3,24
2022-02-10,17581.2,17585.75,17572.35,17582.9,11:15:00,17544.892861467084,3,25
2022-02-10,17564.5,17583.0,17564.25,17581.65,11:20:00,17546.76020799403,3,26
2022-02-10,17582.0,17582.0,17558.05,17564.25,11:25:00,17550.116378661263,3,27
2022-02-10,17592.6,17595.85,17582.05,17582.05,11:30:00,17554.16243783638,3,28
2022-02-10,17601.55,17601.75,17586.8,17592.75,11:35:00,17558.67553899482,3,29
2022-02-10,17609.2,17612.05,17601.9,17602.35,11:40:00,17563.487392423885,3,30
2022-02-10,17616.05,17616.45,17606.15,17609.7,11:45:00,17568.49335505018,3,31
2022-02-10,17614.6,17622.65,17608.7,17617.05,11:50:00,17572.884464093022,3,32
2022-02-10,17611.9,17621.4,17605.9,17615.4,11:55:00,17576.600229417498,3,33
2022-02-10,17617.3,17618.2,17611.5,17613.0,12:00:00,17580.476398044404,3,34
2022-02-10,17608.5,17618.7,17602.95,17618.7,12:05:00,17583.145312516368,3,35
2022-02-10,17595.05,17608.75,17589.75,17608.75,12:10:00,17584.279092276713,3,36
2022-02-10,17586.9,17604.35,17585.55,17595.45,12:15:00,17584.528702536074,3,37
2022-02-10,17577.65,17590.2,17571.9,17585.3,12:20:00,17583.873588008828,3,38
2022-02-10,17583.95,17585.75,17570.0,17578.05,12:25:00,17583.88086534132,3,39
2022-02-10,17584.75,17590.15,17578.8,17584.65,12:30:00,17583.96364007072,3,40
2022-02-10,17587.4,17591.6,17581.5,17585.5,12:35:00,17584.290912444936,3,41
2022-02-10,17601.45,17603.2,17585.5,17588.2,12:40:00,17585.925111259705,3,42
2022-02-10,17597.75,17605.95,17591.4,17602.7,12:45:00,17587.05129113973,3,43
2022-02-10,17606.65,17607.7,17598.5,17598.5,12:50:00,17588.917834840708,3,44
2022-02-10,17616.15,17616.75,17604.4,17607.5,12:55:00,17591.511374379686,3,45
2022-02-10,17609.45,17618.6,17606.25,17616.5,13:00:00,17593.219814914955,3,46
2022-02-10,17609.95,17612.35,17599.45,17610.8,13:05:00,17594.813165875436,3,47
2022-02-10,17602.35,17611.65,17593.1,17610.4,13:10:00,17595.530959601583,3,48
2022-02-10,17585.05,17605.5,17583.2,17603.4,13:15:00,17594.53277297286,3,49
2022-02-10,17600.8,17605.45,17580.05,17584.2,13:20:00,17595.12965173735,3,50
2022-02-10,17606.25,17608.75,17599.95,17600.95,13:25:00,17596.188732524268,3,51
2022-02-10,17608.2,17618.2,17606.3,17606.55,13:30:00,17597.33266276005,3,52
2022-02-10,17622.6,17626.35,17607.05,17608.4,13:35:00,17599.739075830523,3,53
2022-02-10,17620.7,17628.9,17618.0,17622.8,13:40:00,17601.735354322853,3,54
2022-02-10,17627.65,17627.75,17619.95,17621.7,13:45:00,17604.203415815915,3,55
2022-02-10,17632.3,17636.7,17623.6,17628.3,13:50:00,17606.879280976304,3,56
2022-02-10,17613.45,17633.3,17611.95,17632.0,13:55:00,17607.505063740464,3,57
2022-02-10,17613.05,17619.2,17601.3,17613.6,14:00:00,17608.03315290804,3,58
2022-02-10,17621.0,17624.3,17612.65,17614.2,14:05:00,17609.26809072632,3,59
2022-02-10,17625.6,17625.7,17614.2,17621.95,14:10:00,17610.823510657145,3,60
2022-02-10,17636.4,17639.45,17625.7,17626.1,14:15:00,17613.259366785038,3,61
2022-02-10,17621.45,17637.85,17621.25,17637.7,14:20:00,17614.039427091226,3,62
2022-02-10,17611.8,17629.9,17611.1,17622.45,14:25:00,17613.826148320633,3,63
2022-02-10,17618.45,17625.15,17616.45,17616.65,14:30:00,17614.26651514724,3,64
2022-02-10,17622.4,17627.8,17619.25,17619.65,14:35:00,17615.041132752263,3,65
2022-02-10,17614.8,17622.35,17603.0,17622.35,14:40:00,17615.018167728238,3,66
2022-02-10,17606.4,17618.4,17603.9,17614.85,14:45:00,17614.19738984936,3,67
2022-02-10,17596.3,17616.2,17595.65,17609.9,14:50:00,17612.492876530374,3,68
2022-02-10,17616.1,17620.15,17595.2,17595.9,14:55:00,17612.83641209891,3,69
2022-02-10,17617.5,17627.55,17610.45,17614.55,15:00:00,17613.280563327586,3,70
2022-02-10,17627.85,17629.8,17617.15,17617.35,15:05:00,17614.66812872496,3,71
2022-02-10,17599.55,17628.4,17599.55,17627.9,15:10:00,17613.22830694163,3,72
2022-02-10,17601.8,17615.3,17593.75,17600.25,15:15:00,17612.13989675671,3,73
2022-02-10,17590.75,17603.9,17590.3,17602.6,15:20:00,17610.102763732262,3,74
2022-02-10,17587.45,17591.55,17581.85,17591.0,15:25:00,17607.945357662524,3,75
2022-02-11,17435.3,17454.75,17391.8,17454.75,09:15:00,17591.502942647043,4,1
2022-02-11,17404.6,17434.8,17402.2,17431.65,09:20:00,17573.702662394942,4,2
2022-02-11,17415.8,17423.3,17371.05,17404.95,09:25:00,17558.664313595425,4,3
2022-02-11,17391.45,17416.55,17391.2,17416.55,09:30:00,17542.73914087205,4,4
2022-02-11,17414.15,17426.8,17373.1,17390.35,09:35:00,17530.492556027093,4,5
2022-02-11,17405.95,17416.05,17396.35,17414.75,09:40:00,17518.63136021499,4,6
2022-02-11,17381.6,17405.7,17380.8,17405.7,09:45:00,17505.58075448023,4,7
2022-02-11,17344.4,17380.85,17341.6,17380.45,09:50:00,17490.230206434495,4,8
2022-02-11,17352.85,17368.6,17336.95,17344.25,09:55:00,17477.146377250258,4,9
2022-02-11,17357.45,17364.65,17334.05,17351.35,10:00:00,17465.74672227404,4,10
2022-02-11,17331.25,17358.6,17331.2,17358.6,10:05:00,17452.937510628894,4,11
2022-02-11,17329.3,17333.65,17313.9,17330.65,10:10:00,17441.162509616617,4,12
2022-02-11,17321.0,17327.5,17304.8,17327.5,10:15:00,17429.718461081702,4,13
2022-02-11,17334.3,17338.05,17314.75,17319.9,10:20:00,17420.63098859773,4,14
2022-02-11,17346.5,17353.2,17334.55,17334.55,10:25:00,17413.570894445566,4,15
2022-02-11,17344.65,17347.0,17331.7,17347.0,10:30:00,17407.006999736463,4,16
2022-02-11,17330.4,17345.8,17327.75,17345.2,10:35:00,17399.711094999657,4,17
2022-02-11,17344.55,17351.0,17328.3,17330.75,10:40:00,17394.45765738064,4,18
2022-02-11,17347.4,17361.9,17342.95,17344.2,10:45:00,17389.97597572534,4,19
2022-02-11,17335.6,17352.55,17334.6,17346.95,10:50:00,17384.797311370545,4,20
2022-02-11,17323.85,17336.3,17314.85,17335.9,10:55:00,17378.992805525733,4,21
2022-02-11,17310.5,17336.4,17309.65,17323.9,11:00:00,17372.46968118995,4,22
2022-02-11,17313.1,17322.35,17303.0,17309.55,11:05:00,17366.815425838526,4,23
2022-02-11,17323.85,17325.4,17308.9,17312.15,11:10:00,17362.72348052057,4,24
2022-02-11,17327.55,17333.35,17324.5,17324.65,11:15:00,17359.373625232896,4,25
2022-02-11,17319.6,17330.0,17316.45,17326.4,11:20:00,17355.585660925,4,26
2022-02-11,17328.0,17328.7,17315.55,17319.2,11:25:00,17352.95845512262,4,27
2022-02-11,17319.75,17331.6,17319.35,17327.2,11:30:00,17349.795745110943,4,28
2022-02-11,17315.55,17320.8,17303.85,17319.65,11:35:00,17346.534245576568,4,29
2022-02-11,17337.35,17338.05,17314.95,17315.8,11:40:00,17345.659555521655,4,30
2022-02-11,17343.5,17344.4,17331.25,17336.2,11:45:00,17345.453883567214,4,31
2022-02-11,17345.25,17351.1,17339.4,17343.45,11:50:00,17345.43446608462,4,32
2022-02-11,17350.8,17351.85,17343.25,17344.8,11:55:00,17345.945469314658,4,33
2022-02-11,17348.05,17358.25,17343.2,17350.55,12:00:00,17346.1459008085,4,34
2022-02-11,17342.4,17348.95,17340.4,17347.75,12:05:00,17345.78914835055,4,35
2022-02-11,17355.3,17356.85,17336.9,17341.85,12:10:00,17346.694943745733,4,36
2022-02-11,17356.7,17361.85,17353.65,17355.5,12:15:00,17347.64780624614,4,37
2022-02-11,17355.7,17358.85,17350.55,17356.4,12:20:00,17348.414681841747,4,38
2022-02-11,17362.45,17362.45,17352.05,17356.8,12:25:00,17349.7513788092,4,39
2022-02-11,17370.3,17374.5,17362.35,17362.7,12:30:00,17351.70839035118,4,40
2022-02-11,17387.0,17389.3,17369.15,17370.15,12:35:00,17355.06949603202,4,41
2022-02-11,17402.75,17402.75,17386.25,17386.25,12:40:00,17359.610496409925,4,42
2022-02-11,17395.0,17408.75,17389.1,17403.65,12:45:00,17362.980925323267,4,43
2022-02-11,17385.8,17395.75,17382.85,17394.65,12:50:00,17365.154170530575,4,44
2022-02-11,17391.35,17395.15,17385.7,17386.05,12:55:00,17367.649011432426,4,45
2022-02-11,17391.45,17400.3,17388.9,17391.65,13:00:00,17369.915772248387,4,46
2022-02-11,17391.45,17393.7,17375.25,17391.15,13:05:00,17371.966651081875,4,47
2022-02-11,17408.55,17409.5,17387.55,17391.3,13:10:00,17375.45077955027,4,48
2022-02-11,17396.1,17409.45,17392.95,17408.05,13:15:00,17377.41737197405,4,49
2022-02-11,17413.5,17414.55,17394.25,17396.2,13:20:00,17380.853812738427,4,50
2022-02-11,17414.45,17421.3,17412.35,17414.65,13:25:00,17384.053449620482,4,51
2022-02-11,17426.45,17428.2,17403.1,17414.4,13:30:00,17388.091216323293,4,52
2022-02-11,17436.75,17436.95,17424.4,17427.9,13:35:00,17392.725386197268,4,53
2022-02-11,17444.1,17446.05,17425.3,17437.15,13:40:00,17397.618206559433,4,54
2022-02-11,17428.05,17447.3,17427.0,17444.65,13:45:00,17400.516472601394,4,55
2022-02-11,17410.55,17423.55,17391.35,17423.55,13:50:00,17401.472046639356,4,56
2022-02-11,17415.05,17419.45,17404.4,17410.8,13:55:00,17402.765185054654,4,57
2022-02-11,17396.85,17411.35,17392.0,17411.35,14:00:00,17402.201834097068,4,58
2022-02-11,17368.85,17396.95,17367.4,17396.95,14:05:00,17399.025468944965,4,59
2022-02-11,17379.35,17389.1,17350.6,17365.55,14:10:00,17397.15161475973,4,60
2022-02-11,17388.95,17400.45,17376.6,17379.95,14:15:00,17396.370508592136,4,61
2022-02-11,17370.8,17391.6,17370.8,17387.25,14:20:00,17393.93522205955,4,62
2022-02-11,17371.25,17383.45,17365.35,17370.6,14:25:00,17391.774724720544,4,63
2022-02-11,17372.6,17378.6,17353.05,17368.7,14:30:00,17389.948560461446,4,64
2022-02-11,17375.75,17389.45,17368.65,17373.35,14:35:00,17388.596316607975,4,65
2022-02-11,17359.05,17375.1,17354.4,17372.15,14:40:00,17385.78238169293,4,66
2022-02-11,17357.75,17366.2,17351.05,17359.55,14:45:00,17383.11263105551,4,67
2022-02-11,17364.95,17367.6,17338.65,17355.45,14:50:00,17381.38285666927,4,68
2022-02-11,17366.7,17378.55,17364.35,17365.45,14:55:00,17379.984489367434,4,69
2022-02-11,17398.05,17398.5,17357.5,17362.9,15:00:00,17381.70501418958,4,70
2022-02-11,17393.4,17399.05,17386.65,17398.95,15:05:00,17382.818822362,4,71
2022-02-11,17386.35,17393.7,17383.65,17393.15,15:10:00,17383.15512499419,4,72
2022-02-11,17362.85,17387.5,17362.6,17386.6,15:15:00,17381.221303566173,4,73
2022-02-11,17359.05,17363.5,17352.45,17362.55,15:20:00,17379.109750845586,4,74
2022-02-11,17345.55,17359.5,17341.9,17359.5,15:25:00,17375.913584098387,4,75
2022-02-14,16945.25,17099.5,16942.85,17099.5,09:15:00,17334.898004660445,0,1
2022-02-14,17017.35,17022.75,16916.55,16946.65,09:20:00,17304.655337549924,0,2
2022-02-14,16991.2,17020.2,16990.1,17015.45,09:25:00,17274.802448259456,0,3
2022-02-14,16957.55,16993.65,16949.15,16987.6,09:30:00,17244.5879293776,0,4
2022-02-14,16960.05,16999.1,16957.9,16958.85,09:35:00,17217.489078960687,0,5
2022-02-14,16975.95,16987.0,16955.8,16958.4,09:40:00,17194.485357154907,0,6
2022-02-14,16997.25,17000.6,16948.85,16971.85,09:45:00,17175.701037425868,0,7
2022-02-14,17002.1,17014.6,16984.25,16998.5,09:50:00,17159.16760529007,0,8
2022-02-14,17030.6,17036.9,16999.6,17003.0,09:55:00,17146.92307145292,0,9
2022-02-14,17052.1,17053.65,17031.2,17032.1,10:00:00,17137.892302743116,0,10
2022-02-14,17018.85,17059.65,17014.4,17052.05,10:05:00,17126.554940577105,0,11
2022-02-14,17031.95,17038.05,17007.1,17017.2,10:10:00,17117.544946236427,0,12
2022-02-14,17024.4,17032.7,17002.1,17032.7,10:15:00,17108.673998975813,0,13
2022-02-14,17037.0,17040.15,17020.25,17023.75,10:20:00,17101.84790383526,0,14
2022-02-14,17053.3,17057.35,17031.55,17038.4,10:25:00,17097.224293946187,0,15
2022-02-14,17060.55,17074.45,17053.75,17054.9,10:30:00,17093.73150404655,0,16
2022-02-14,17055.85,17067.05,17045.6,17060.35,10:35:00,17090.123741756404,0,17
2022-02-14,17060.85,17064.75,17052.05,17055.55,10:40:00,17087.335766351032,0,18
2022-02-14,17075.25,17080.55,17057.9,17061.2,10:45:00,17086.184740984267,0,19
2022-02-14,17067.05,17082.75,17060.9,17075.3,10:50:00,17084.362384700053,0,20
2022-02-14,17066.9,17071.85,17046.55,17067.25,10:55:00,17082.699300442906,0,21
2022-02-14,17061.0,17074.7,17055.85,17066.5,11:00:00,17080.632700400725,0,22
2022-02-14,17052.65,17062.85,17051.45,17061.3,11:05:00,17077.96768131494,0,23
2022-02-14,17031.8,17056.25,17025.25,17052.05,11:10:00,17073.570759284947,0,24
2022-02-14,17023.5,17032.3,17015.95,17031.35,11:15:00,17068.802115543524,0,25
2022-02-14,17034.2,17039.1,17017.45,17024.3,11:20:00,17065.50667596795,0,26
2022-02-14,17015.25,17034.45,17013.25,17034.25,11:25:00,17060.720325875765,0,27
2022-02-14,17019.95,17021.35,17005.85,17014.75,11:30:00,17056.837437697122,0,28
2022-02-14,16995.15,17022.5,16990.9,17019.8,11:35:00,17050.96244363073,0,29
2022-02-14,17007.05,17009.85,16990.2,16995.35,11:40:00,17046.78030614209,0,30
2022-02-14,17014.65,17020.55,17000.2,17006.4,11:45:00,17043.7202769857,0,31
2022-02-14,17017.4,17020.8,17006.5,17014.75,11:50:00,17041.213583939443,0,32
2022-02-14,17022.3,17024.05,17013.75,17017.8,11:55:00,17039.412290230925,0,33
2022-02-14,17032.05,17032.95,17015.4,17022.55,12:00:00,17038.71111973274,0,34
2022-02-14,17010.5,17031.75,17007.1,17031.75,12:05:00,17036.02434642486,0,35
2022-02-14,17014.55,17015.55,17002.8,17010.8,12:10:00,17033.979170574872,0,36
2022-02-14,17020.4,17026.75,17008.7,17013.55,12:15:00,17032.685916234408,0,37
2022-02-14,17019.1,17027.9,17013.7,17022.05,12:20:00,17031.392019450177,0,38
2022-02-14,17026.15,17037.5,17019.3,17020.5,12:25:00,17030.89277950254,0,39
2022-02-14,17000.7,17026.9,16999.15,17026.9,12:30:00,17028.017276692775,0,40
2022-02-14,16976.0,17001.0,16975.8,17000.5,12:35:00,17023.06325034108,0,41
2022-02-14,16966.8,16983.1,16965.8,16977.65,12:40:00,17017.704845546694,0,42
2022-02-14,16976.85,16980.0,16959.1,16967.65,12:45:00,17013.81390787558,0,43
2022-02-14,16979.4,16990.1,16968.7,16978.1,12:50:00,17010.53639283981,0,44
2022-02-14,16989.0,16991.05,16978.75,16980.7,12:55:00,17008.48530780745,0,45
2022-02-14,16999.65,17001.3,16983.1,16990.65,13:00:00,17007.643849921027,0,46
2022-02-14,17005.35,17013.15,16998.35,17000.3,13:05:00,17007.42538802379,0,47
2022-02-14,17021.85,17022.1,17003.85,17004.6,13:10:00,17008.79916059295,0,48
2022-02-14,17025.75,17028.75,17014.35,17021.6,13:15:00,17010.413526250763,0,49
2022-02-14,17038.7,17041.75,17019.3,17026.45,13:20:00,17013.10747613164,0,50
2022-02-14,17041.55,17049.8,17037.8,17038.0,13:25:00,17015.81628792863,0,51
2022-02-14,17024.7,17042.95,17014.45,17040.75,13:30:00,17016.66235574495,0,52
2022-02-14,17029.1,17031.65,17013.15,17025.25,13:35:00,17017.84689329305,0,53
2022-02-14,17003.35,17028.05,16996.85,17028.0,13:40:00,17016.466236788947,0,54
2022-02-14,16993.25,17003.95,16981.3,17003.55,13:45:00,17014.255166618572,0,55
2022-02-14,17001.55,17008.9,16986.1,16993.7,13:50:00,17013.045150750135,0,56
2022-02-14,16978.05,17001.9,16978.05,17000.9,13:55:00,17009.71227925012,0,57
2022-02-14,16960.65,16983.05,16952.55,16980.15,14:00:00,17005.0396812263,0,58
2022-02-14,16940.9,16973.05,16940.7,16960.45,14:05:00,16998.93114015713,0,59
2022-02-14,16922.1,16942.65,16915.95,16941.05,14:10:00,16991.613888713593,0,60
2022-02-14,16940.5,16952.95,16921.7,16922.5,14:15:00,16986.7458993123,0,61
2022-02-14,16910.4,16958.25,16909.25,16940.55,14:20:00,16979.474861282557,0,62
2022-02-14,16877.65,16910.85,16875.85,16910.5,14:25:00,16969.777255446123,0,63
2022-02-14,16893.7,16902.2,16861.75,16875.65,14:30:00,16962.53180254649,0,64
2022-02-14,16908.35,16911.35,16888.5,16892.95,14:35:00,16957.371630875397,0,65
2022-02-14,16869.8,16911.25,16869.8,16909.3,14:40:00,16949.031475553933,0,66
2022-02-14,16886.6,16895.95,16865.35,16870.6,14:45:00,16943.08562073927,0,67
2022-02-14,16893.35,16898.4,16881.5,16886.1,14:50:00,16938.34889495458,0,68
2022-02-14,16893.65,16903.85,16889.8,16892.85,14:55:00,16934.091857339856,0,69
2022-02-14,16877.45,16902.15,16869.9,16895.75,15:00:00,16928.69739473606,0,70
2022-02-14,16856.25,16878.45,16835.7,16876.7,15:05:00,16921.797642856436,0,71
2022-02-14,16837.55,16865.9,16834.05,16856.5,15:10:00,16913.77405782249,0,72
2022-02-14,16837.5,16856.35,16832.35,16837.9,15:15:00,16906.509861839397,0,73
2022-02-14,16823.5,16841.35,16818.4,16838.55,15:20:00,16898.604160711835,0,74
2022-02-14,16819.7,16824.5,16809.65,16824.5,15:25:00,16891.08947873928,0,75
2022-02-15,16982.4,16988.95,16896.4,16936.3,09:15:00,16899.785718859348,1,1
2022-02-15,16958.25,16998.95,16956.55,16983.15,09:20:00,16905.35374563465,1,2
2022-02-15,16942.5,16958.9,16904.7,16956.4,09:25:00,16908.891484145635,1,3
2022-02-15,16948.75,16974.55,16940.15,16943.75,09:30:00,16912.687533274624,1,4
2022-02-15,16924.7,16959.65,16920.55,16949.9,09:35:00,16913.83157772466,1,5
2022-02-15,16881.0,16939.85,16875.35,16925.0,09:40:00,16910.7047607985,1,6
2022-02-15,16881.2,16899.9,16869.0,16879.35,09:45:00,16907.894783579595,1,7
2022-02-15,16916.1,16923.8,16880.35,16880.6,09:50:00,16908.676232762493,1,8
2022-02-15,16879.45,16916.35,16875.75,16916.35,09:55:00,16905.89278202321,1,9
2022-02-15,16860.85,16878.55,16848.55,16878.55,10:00:00,16901.602993259094,1,10
2022-02-15,16875.9,16881.4,16839.25,16859.55,10:05:00,16899.155089139178,1,11
2022-02-15,16872.0,16883.25,16862.55,16876.75,10:10:00,16896.56889017354,1,12
2022-02-15,16898.95,16906.95,16866.7,16871.9,10:15:00,16896.795662537967,1,13
2022-02-15,16901.85,16904.95,16883.9,16898.8,10:20:00,16897.27702801054,1,14
2022-02-15,16897.75,16914.75,16894.15,16901.65,10:25:00,16897.322072961917,1,15
2022-02-15,16885.65,16907.7,16885.65,16898.5,10:30:00,16896.210446965546,1,16
2022-02-15,16873.1,16885.55,16867.6,16885.55,10:35:00,16894.009452016446,1,17
2022-02-15,16881.85,16889.5,16871.4,16874.1,10:40:00,16892.85140896726,1,18
2022-02-15,16883.25,16893.95,16881.25,16881.8,10:45:00,16891.936989065616,1,19
2022-02-15,16886.8,16892.45,16868.6,16882.75,10:50:00,16891.447752011747,1,20
2022-02-15,16913.3,16913.3,16886.7,16887.3,10:55:00,16893.52891848682,1,21
2022-02-15,16939.1,16939.15,16912.2,16914.3,11:00:00,16897.869021488073,1,22
2022-02-15,16953.55,16959.7,16940.8,16941.15,11:05:00,16903.171971822543,1,23
2022-02-15,16942.2,16960.85,16940.95,16953.7,11:10:00,16906.888926887063,1,24
2022-02-15,16967.9,16968.2,16944.35,16944.35,11:15:00,16912.69950527877,1,25
2022-02-15,16970.75,16977.3,16968.15,16968.9,11:20:00,16918.22812382365,1,26
2022-02-15,16969.2,16975.2,16954.4,16972.8,11:25:00,16923.082588221398,1,27
2022-02-15,16999.55,17006.8,16970.7,16970.7,11:30:00,16930.36519886698,1,28
2022-02-15,17003.0,17003.65,16994.25,17001.15,11:35:00,16937.282798974888,1,29
2022-02-15,17003.55,17013.05,17001.7,17003.3,11:40:00,16943.59396097728,1,30
2022-02-15,17024.5,17031.8,17002.3,17002.3,11:45:00,16951.299298027065,1,31
2022-02-15,17024.75,17035.45,17017.7,17023.6,11:50:00,16958.29460297687,1,32
2022-02-15,17050.65,17054.2,17024.8,17026.85,11:55:00,16967.09035507431,1,33
2022-02-15,17059.7,17076.45,17049.9,17049.9,12:00:00,16975.910321257707,1,34
2022-02-15,17078.85,17083.55,17043.4,17058.9,12:05:00,16985.714100185545,1,35
2022-02-15,17070.85,17087.9,17069.1,17079.55,12:10:00,16993.822281120254,1,36
2022-02-15,17084.95,17086.1,17069.7,17070.35,12:15:00,17002.501111489753,1,37
2022-02-15,17079.2,17090.1,17075.6,17085.3,12:20:00,17009.80576753835,1,38
2022-02-15,17041.8,17081.95,17041.8,17078.55,12:25:00,17012.852837296603,1,39
2022-02-15,17055.15,17058.0,17030.45,17042.75,12:30:00,17016.88113850645,1,40
2022-02-15,17075.6,17084.25,17052.1,17053.85,12:35:00,17022.473411029645,1,41
2022-02-15,17076.75,17080.0,17069.8,17075.0,12:40:00,17027.6426099792,1,42
2022-02-15,17094.9,17096.35,17068.75,17076.45,12:45:00,17034.048075695468,1,43
2022-02-15,17098.55,17106.7,17094.45,17099.15,12:50:00,17040.191116105423,1,44
2022-02-15,17096.85,17107.2,17086.5,17099.65,12:55:00,17045.58720028586,1,45
2022-02-15,17115.15,17118.3,17098.35,17098.35,13:00:00,17052.212228830063,1,46
2022-02-15,17101.2,17117.65,17099.2,17116.35,13:05:00,17056.87773084625,1,47
2022-02-15,17100.35,17107.75,17087.05,17102.3,13:10:00,17061.01794695613,1,48
2022-02-15,17102.45,17109.95,17100.15,17100.15,13:15:00,17064.96385676983,1,49
2022-02-15,17072.65,17103.9,17071.5,17103.8,13:20:00,17065.6958704108,1,50
2022-02-15,17082.2,17089.35,17063.15,17074.9,13:25:00,17067.267692276437,1,51
2022-02-15,17099.7,17104.6,17075.05,17085.5,13:30:00,17070.356483488205,1,52
2022-02-15,17135.6,17139.35,17101.25,17102.25,13:35:00,17076.570151727425,1,53
2022-02-15,17163.55,17174.1,17135.4,17139.55,13:40:00,17084.853946801002,1,54
2022-02-15,17200.85,17201.8,17158.65,17167.25,13:45:00,17095.901189962813,1,55
2022-02-15,17230.5,17231.25,17181.9,17203.4,13:50:00,17108.720124252068,1,56
2022-02-15,17223.9,17242.1,17216.75,17232.95,13:55:00,17119.68963622806,1,57
2022-02-15,17253.2,17262.0,17226.15,17226.15,14:00:00,17132.404908968245,1,58
2022-02-15,17282.8,17291.35,17239.95,17255.6,14:05:00,17146.728250971268,1,59
2022-02-15,17284.95,17300.3,17273.95,17288.2,14:10:00,17159.892227069242,1,60
2022-02-15,17282.0,17306.4,17282.0,17288.95,14:15:00,17171.521538776935,1,61
2022-02-15,17266.1,17292.9,17260.15,17285.0,14:20:00,17180.529011274368,1,62
2022-02-15,17284.05,17285.65,17261.75,17268.45,14:25:00,17190.38815305776,1,63
2022-02-15,17286.8,17298.75,17281.0,17286.0,14:30:00,17199.570233718925,1,64
2022-02-15,17311.05,17313.2,17280.55,17290.3,14:35:00,17210.187354317124,1,65
2022-02-15,17315.25,17323.3,17306.35,17309.6,14:40:00,17220.193320572635,1,66
2022-02-15,17326.25,17330.75,17319.05,17319.05,14:45:00,17230.293956708574,1,67
2022-02-15,17337.45,17356.2,17328.75,17328.95,14:50:00,17240.4992941649,1,68
2022-02-15,17311.6,17340.2,17309.1,17339.65,14:55:00,17247.27078995872,1,69
2022-02-15,17337.8,17344.7,17316.5,17316.5,15:00:00,17255.892619486458,1,70
2022-02-15,17344.3,17357.05,17336.85,17336.85,15:05:00,17264.312370011558,1,71
2022-02-15,17351.6,17352.0,17334.75,17345.35,15:10:00,17272.625477629506,1,72
2022-02-15,17366.45,17369.4,17349.8,17353.5,15:15:00,17281.561146426695,1,73
2022-02-15,17361.15,17375.0,17353.85,17366.25,15:20:00,17289.1410372432,1,74
2022-02-15,17355.0,17361.4,17350.05,17361.4,15:25:00,17295.413319410512,1,75
2022-02-16,17410.5,17450.0,17396.05,17414.85,09:15:00,17306.37395565713,2,1
2022-02-16,17328.15,17414.65,17326.95,17411.95,09:20:00,17308.447864642167,2,2
2022-02-16,17391.15,17401.9,17320.4,17325.35,09:25:00,17316.32425848577,2,3
2022-02-16,17391.3,17430.2,17389.25,17389.25,09:30:00,17323.464805296648,2,4
2022-02-16,17375.4,17408.9,17352.6,17392.35,09:35:00,17328.411014316014,2,5
2022-02-16,17360.7,17386.65,17359.6,17372.8,09:40:00,17331.48615580973,2,6
2022-02-16,17368.3,17383.55,17356.75,17360.4,09:45:00,17334.9922362088,2,7
2022-02-16,17319.95,17382.7,17319.95,17367.65,09:50:00,17333.55964228415,2,8
2022-02-16,17340.4,17347.65,17315.65,17317.15,09:55:00,17334.211104923757,2,9
2022-02-16,17357.3,17377.85,17333.2,17342.3,10:00:00,17336.410047311972,2,10
2022-02-16,17336.25,17360.8,17330.8,17356.7,10:05:00,17336.39480471083,2,11
2022-02-16,17332.35,17345.25,17329.25,17335.9,10:10:00,17336.00958521456,2,12
2022-02-16,17366.2,17367.85,17328.05,17331.65,10:15:00,17338.884862813175,2,13
2022-02-16,17363.95,17375.15,17352.4,17367.35,10:20:00,17341.27201873573,2,14
2022-02-16,17350.1,17367.15,17345.3,17364.9,10:25:00,17342.112778856135,2,15
2022-02-16,17357.35,17358.8,17346.7,17349.65,10:30:00,17343.5639427746,2,16
2022-02-16,17358.0,17361.05,17340.75,17356.75,10:35:00,17344.938805367496,2,17
2022-02-16,17345.85,17361.3,17344.25,17357.15,10:40:00,17345.025585808686,2,18
2022-02-16,17341.7,17347.15,17330.8,17346.05,10:45:00,17344.708863350716,2,19
2022-02-16,17307.15,17341.75,17301.8,17341.75,10:50:00,17341.131828745885,2,20
2022-02-16,17286.8,17318.95,17270.2,17307.2,10:55:00,17335.957368865325,2,21
2022-02-16,17267.6,17290.8,17257.7,17286.0,11:00:00,17329.447143259105,2,22
2022-02-16,17283.3,17296.2,17266.7,17266.95,11:05:00,17325.05217723443,2,23
2022-02-16,17288.1,17288.1,17268.25,17282.0,11:10:00,17321.53292225972,2,24
2022-02-16,17314.8,17316.3,17287.4,17287.4,11:15:00,17320.89169156832,2,25
2022-02-16,17332.15,17336.15,17315.55,17315.55,11:20:00,17321.963911418956,2,26
2022-02-16,17328.9,17337.95,17310.3,17332.3,11:25:00,17322.624491283816,2,27
2022-02-16,17316.65,17328.95,17316.1,17328.95,11:30:00,17322.055492113926,2,28
2022-02-16,17291.35,17316.7,17288.55,17316.7,11:35:00,17319.131159531647,2,29
2022-02-16,17306.35,17317.35,17290.55,17292.6,11:40:00,17317.91390624292,2,30
2022-02-16,17321.75,17322.4,17306.65,17306.65,11:45:00,17318.2792485055,2,31
2022-02-16,17329.2,17333.55,17320.2,17321.55,11:50:00,17319.319320076404,2,32
2022-02-16,17317.65,17331.15,17312.95,17329.75,11:55:00,17319.160337211986,2,33
2022-02-16,17311.1,17320.15,17307.85,17317.85,12:00:00,17318.39268604894,2,34
2022-02-16,17325.75,17342.05,17310.4,17310.9,12:05:00,17319.09338261571,2,35
2022-02-16,17335.2,17337.95,17320.6,17324.6,12:10:00,17320.627346176116,2,36
2022-02-16,17371.25,17376.1,17335.65,17335.65,12:15:00,17325.4485513022,2,37
2022-02-16,17382.55,17394.35,17365.55,17370.55,12:20:00,17330.886784511513,2,38
2022-02-16,17383.9,17396.45,17382.7,17382.7,12:25:00,17335.935662177082,2,39
2022-02-16,17397.8,17399.05,17369.3,17384.15,12:30:00,17341.8275038745,2,40
2022-02-16,17424.25,17424.65,17395.65,17397.9,12:35:00,17349.677265410264,2,41
2022-02-16,17407.95,17426.5,17401.7,17424.15,12:40:00,17355.227049656907,2,42
2022-02-16,17418.95,17421.95,17401.4,17407.65,12:45:00,17361.295902070535,2,43
2022-02-16,17384.7,17419.2,17378.0,17417.95,12:50:00,17363.524863778104,2,44
2022-02-16,17393.9,17402.25,17383.95,17386.75,12:55:00,17366.417733894476,2,45
2022-02-16,17421.55,17421.85,17394.0,17394.3,13:00:00,17371.668425904525,2,46
2022-02-16,17418.15,17422.05,17413.0,17420.75,13:05:00,17376.095242485047,2,47
2022-02-16,17415.55,17427.75,17406.5,17417.8,13:10:00,17379.852838438852,2,48
2022-02-16,17398.95,17421.8,17394.5,17416.05,13:15:00,17381.67161573039,2,49
2022-02-16,17408.85,17415.9,17393.1,17399.7,13:20:00,17384.260033279876,2,50
2022-02-16,17430.7,17430.7,17408.15,17408.75,13:25:00,17388.68288725322,2,51
2022-02-16,17430.35,17438.25,17423.65,17432.3,13:30:00,17392.651183705297,2,52
2022-02-16,17434.35,17439.75,17425.7,17430.8,13:35:00,17396.62249954289,2,53
2022-02-16,17456.25,17457.4,17434.9,17434.9,13:40:00,17402.301309110233,2,54
2022-02-16,17474.95,17475.55,17456.55,17456.55,13:45:00,17409.220232052117,2,55
2022-02-16,17475.5,17490.6,17474.8,17474.8,13:50:00,17415.532590904295,2,56
2022-02-16,17471.15,17479.55,17463.15,17476.45,13:55:00,17420.829487008647,2,57
2022-02-16,17474.25,17478.4,17465.75,17471.2,14:00:00,17425.917154912586,2,58
2022-02-16,17472.95,17480.35,17465.35,17474.8,14:05:00,17430.39647349234,2,59
2022-02-16,17458.45,17476.15,17440.75,17475.0,14:10:00,17433.06823792164,2,60
2022-02-16,17427.1,17459.6,17427.1,17458.85,14:15:00,17432.499834310056,2,61
2022-02-16,17431.2,17435.3,17405.3,17428.75,14:20:00,17432.37604056624,2,62
2022-02-16,17445.65,17450.55,17429.75,17432.05,14:25:00,17433.640227178978,2,63
2022-02-16,17457.2,17464.0,17444.4,17444.4,14:30:00,17435.884015066695,2,64
2022-02-16,17408.95,17462.15,17407.6,17457.65,14:35:00,17433.31887077463,2,65
2022-02-16,17371.7,17408.2,17348.35,17408.2,14:40:00,17427.450406891334,2,66
2022-02-16,17335.9,17394.4,17326.05,17370.6,14:45:00,17418.731320520732,2,67
2022-02-16,17308.25,17357.5,17289.0,17338.25,14:50:00,17408.20928999495,2,68
2022-02-16,17346.75,17348.0,17303.4,17307.45,14:55:00,17402.356024281144,2,69
2022-02-16,17353.35,17372.55,17331.85,17348.5,15:00:00,17397.688783873415,2,70
2022-02-16,17347.85,17355.95,17324.05,17353.8,15:05:00,17392.942233028327,2,71
2022-02-16,17329.15,17355.5,17328.65,17350.15,15:10:00,17386.866782263725,2,72
2022-02-16,17310.55,17329.75,17301.3,17329.05,15:15:00,17379.598517286227,2,73
2022-02-16,17294.75,17315.7,17290.7,17310.65,15:20:00,17371.51770611611,2,74
2022-02-16,17293.7,17306.05,17286.0,17294.4,15:25:00,17364.106496009812,2,75
2022-02-17,17422.05,17424.25,17375.55,17399.8,09:15:00,17369.62492496126,3,1
2022-02-17,17424.9,17442.9,17412.5,17422.8,09:20:00,17374.889217822092,3,2
2022-02-17,17365.35,17423.95,17362.8,17422.5,09:25:00,17373.980720886655,3,3
2022-02-17,17319.6,17375.25,17314.3,17365.4,09:30:00,17368.801604611734,3,4
2022-02-17,17289.35,17330.8,17266.7,17317.6,09:35:00,17361.2347851249,3,5
2022-02-17,17308.8,17325.65,17274.65,17289.3,09:40:00,17356.240996065386,3,6
2022-02-17,17332.1,17332.5,17286.85,17305.9,09:45:00,17353.941853582968,3,7
2022-02-17,17341.05,17342.45,17318.4,17331.45,09:50:00,17352.71405800364,3,8
2022-02-17,17322.25,17343.1,17306.5,17341.3,09:55:00,17349.81271914615,3,9
2022-02-17,17322.75,17324.75,17308.5,17322.45,10:00:00,17347.23531732271,3,10
2022-02-17,17298.8,17336.7,17296.4,17322.9,10:05:00,17342.62242995864,3,11
2022-02-17,17313.55,17320.05,17299.15,17299.15,10:10:00,17339.853627105436,3,12
2022-02-17,17314.75,17322.95,17303.8,17313.4,10:15:00,17337.46280547635,3,13
2022-02-17,17278.0,17313.0,17275.9,17311.95,10:20:00,17331.79968114527,3,14
2022-02-17,17250.2,17290.3,17248.45,17278.8,10:25:00,17324.028282940955,3,15
2022-02-17,17265.7,17269.5,17235.85,17250.05,10:30:00,17318.473208375148,3,16
2022-02-17,17287.05,17287.05,17256.2,17266.0,10:35:00,17315.48052186323,3,17
2022-02-17,17322.75,17323.0,17284.8,17285.6,10:40:00,17316.17285311435,3,18
2022-02-17,17325.7,17343.5,17312.4,17325.7,10:45:00,17317.08020043679,3,19
2022-02-17,17332.7,17335.1,17315.2,17326.5,10:50:00,17318.56780039519,3,20
2022-02-17,17361.05,17361.95,17327.85,17332.5,10:55:00,17322.613724167077,3,21
2022-02-17,17365.25,17379.1,17357.1,17360.85,11:00:00,17326.674321865452,3,22
2022-02-17,17372.55,17377.6,17351.3,17365.2,11:05:00,17331.043434068742,3,23
2022-02-17,17363.95,17372.95,17360.3,17371.85,11:10:00,17334.177392728863,3,24
2022-02-17,17361.95,17370.45,17341.35,17363.8,11:15:00,17336.822402945163,3,25
2022-02-17,17375.75,17376.3,17353.05,17362.25,11:20:00,17340.52979314086,3,26
2022-02-17,17374.85,17385.25,17370.25,17375.6,11:25:00,17343.7983842703,3,27
2022-02-17,17379.45,17381.15,17369.5,17376.0,11:30:00,17347.193776244556,3,28
2022-02-17,17358.0,17380.65,17358.0,17379.05,11:35:00,17348.222940411742,3,29
2022-02-17,17339.7,17360.95,17324.7,17358.95,11:40:00,17347.4112318011,3,30
2022-02-17,17350.1,17352.75,17336.45,17340.6,11:45:00,17347.6673049629,3,31
2022-02-17,17347.45,17355.35,17342.4,17349.35,11:50:00,17347.646609252148,3,32
2022-02-17,17375.95,17375.95,17346.2,17347.25,11:55:00,17350.34217027575,3,33
2022-02-17,17374.15,17383.1,17361.75,17376.7,12:00:00,17352.60958263044,3,34
2022-02-17,17387.9,17392.4,17374.25,17374.8,12:05:00,17355.970574760875,3,35
2022-02-17,17383.6,17395.55,17382.05,17387.8,12:10:00,17358.601948593172,3,36
2022-02-17,17379.35,17389.25,17368.05,17382.55,12:15:00,17360.57795348906,3,37
2022-02-17,17385.4,17388.3,17373.35,17379.0,12:20:00,17362.941957918672,3,38
2022-02-17,17388.45,17397.9,17385.4,17385.7,12:25:00,17365.371295259753,3,39
2022-02-17,17409.65,17410.5,17388.35,17388.5,12:30:00,17369.588314758825,3,40
2022-02-17,17403.0,17417.75,17402.6,17410.05,12:35:00,17372.77038001989,3,41
2022-02-17,17395.75,17404.0,17389.9,17402.35,12:40:00,17374.95891525609,3,42
2022-02-17,17389.55,17399.65,17372.55,17395.65,12:45:00,17376.34854237456,3,43
2022-02-17,17382.95,17389.0,17377.3,17389.0,12:50:00,17376.9772526246,3,44
2022-02-17,17393.05,17393.5,17376.15,17382.35,12:55:00,17378.507990469876,3,45
2022-02-17,17391.3,17406.2,17390.05,17394.5,13:00:00,17379.72627709179,3,46
2022-02-17,17389.65,17394.65,17371.4,17390.35,13:05:00,17380.67139355924,3,47
2022-02-17,17382.6,17405.7,17379.05,17390.3,13:10:00,17380.855070363123,3,48
2022-02-17,17392.8,17397.95,17383.35,17383.35,13:15:00,17381.992682709493,3,49
2022-02-17,17371.8,17394.35,17371.8,17392.45,13:20:00,17381.021951022874,3,50
2022-02-17,17371.3,17378.65,17359.8,17372.45,13:25:00,17380.09605092546,3,51
2022-02-17,17384.05,17393.1,17371.05,17371.05,13:30:00,17380.472617503987,3,52
2022-02-17,17398.55,17399.0,17380.95,17383.95,13:35:00,17382.194272979796,3,53
2022-02-17,17412.6,17413.9,17396.65,17397.65,13:40:00,17385.09005650553,3,54
2022-02-17,17410.35,17415.15,17402.5,17412.9,13:45:00,17387.495765409763,3,55
2022-02-17,17396.5,17412.05,17391.25,17410.75,13:50:00,17388.353311561215,3,56
2022-02-17,17371.15,17397.05,17364.5,17396.75,13:55:00,17386.71490093634,3,57
2022-02-17,17365.65,17391.9,17365.4,17370.95,14:00:00,17384.708719894785,3,58
2022-02-17,17361.5,17370.05,17345.05,17366.65,14:05:00,17382.49836561909,3,59
2022-02-17,17329.85,17362.65,17329.45,17361.15,14:10:00,17377.48423556013,3,60
2022-02-17,17338.1,17341.8,17312.1,17329.7,14:15:00,17373.73335598297,3,61
2022-02-17,17349.75,17352.6,17335.8,17336.1,14:20:00,17371.449226841734,3,62
2022-02-17,17354.65,17361.6,17347.8,17350.7,14:25:00,17369.849300475857,3,63
2022-02-17,17346.4,17367.2,17334.1,17355.15,14:30:00,17367.616033763872,3,64
2022-02-17,17346.0,17353.2,17341.35,17346.9,14:35:00,17365.5573638816,3,65
2022-02-17,17320.1,17347.5,17311.1,17345.6,14:40:00,17361.22809113097,3,66
2022-02-17,17310.6,17322.55,17291.35,17320.35,14:45:00,17356.406368166117,3,67
2022-02-17,17326.9,17332.8,17303.65,17310.25,14:50:00,17353.59623786458,3,68
2022-02-17,17322.8,17327.8,17312.75,17327.8,14:55:00,17350.66326282986,3,69
2022-02-17,17332.35,17341.05,17314.65,17322.35,15:00:00,17348.91914256035,3,70
2022-02-17,17332.45,17345.1,17327.35,17333.25,15:05:00,17347.3506527927,3,71
2022-02-17,17284.15,17334.25,17282.8,17331.5,15:10:00,17341.331543002918,3,72
2022-02-17,17282.5,17296.1,17277.5,17283.7,15:15:00,17335.728538907402,3,73
2022-02-17,17284.45,17293.4,17275.75,17282.65,15:20:00,17330.84486853527,3,74
2022-02-17,17276.4,17286.7,17275.45,17285.05,15:25:00,17325.659642960483,3,75
2022-02-18,17264.55,17285.8,17219.2,17241.8,09:15:00,17319.839676964246,4,1
2022-02-18,17277.5,17291.0,17253.4,17268.55,09:20:00,17315.807326777176,4,2
2022-02-18,17285.5,17285.5,17261.15,17279.35,09:25:00,17312.920914703158,4,3
2022-02-18,17312.4,17321.65,17287.1,17287.7,09:30:00,17312.871303779048,4,4
2022-02-18,17291.8,17313.3,17274.95,17312.9,09:35:00,17310.864512942946,4,5
2022-02-18,17259.7,17294.1,17258.15,17291.55,09:40:00,17305.991702186475,4,6
2022-02-18,17257.2,17264.6,17238.2,17260.25,09:45:00,17301.34487340681,4,7
2022-02-18,17252.9,17271.55,17244.05,17258.25,09:50:00,17296.731075939497,4,8
2022-02-18,17273.75,17282.9,17253.3,17253.3,09:55:00,17294.542402040497,4,9
2022-02-18,17301.55,17304.1,17275.05,17276.2,10:00:00,17295.209792322355,4,10
2022-02-18,17289.85,17308.15,17285.5,17301.3,10:05:00,17294.699335910704,4,11
2022-02-18,17298.05,17311.3,17270.9,17289.8,10:10:00,17295.01844677635,4,12
2022-02-18,17283.55,17304.45,17282.7,17298.95,10:15:00,17293.92621375003,4,13
2022-02-18,17293.5,17300.15,17280.0,17284.6,10:20:00,17293.885621964313,4,14
2022-02-18,17290.1,17296.45,17280.5,17292.95,10:25:00,17293.52508653914,4,15
2022-02-18,17287.6,17295.05,17282.9,17289.5,10:30:00,17292.96079258303,4,16
2022-02-18,17275.25,17290.1,17269.55,17287.5,10:35:00,17291.274050432265,4,17
2022-02-18,17270.65,17277.95,17270.2,17273.7,10:40:00,17289.309855153002,4,18
2022-02-18,17272.5,17278.05,17263.4,17270.3,10:45:00,17287.708916567004,4,19
2022-02-18,17257.45,17273.85,17255.7,17272.15,10:50:00,17284.827114989195,4,20
2022-02-18,17285.5,17287.8,17256.4,17256.9,10:55:00,17284.89119927594,4,21
2022-02-18,17298.25,17303.1,17285.2,17285.7,11:00:00,17286.163466011563,4,22
2022-02-18,17312.45,17312.95,17298.05,17299.3,11:05:00,17288.666945439032,4,23
2022-02-18,17323.4,17324.95,17303.3,17312.5,11:10:00,17291.97485539722,4,24
2022-02-18,17318.1,17331.85,17317.0,17324.45,11:15:00,17294.46296440701,4,25
2022-02-18,17313.15,17325.05,17308.6,17318.45,11:20:00,17296.24268208253,4,26
2022-02-18,17307.05,17317.0,17299.9,17313.75,11:25:00,17297.271950455623,4,27
2022-02-18,17304.75,17313.75,17303.9,17306.5,11:30:00,17297.984145650324,4,28
2022-02-18,17321.7,17324.9,17305.05,17305.05,11:35:00,17300.24279844553,4,29
2022-02-18,17322.1,17325.9,17317.95,17321.8,11:40:00,17302.324436688814,4,30
2022-02-18,17334.55,17339.55,17322.15,17322.15,11:45:00,17305.393537956545,4,31
2022-02-18,17335.5,17336.7,17327.25,17334.2,11:50:00,17308.26082005592,4,32
2022-02-18,17326.7,17336.35,17325.05,17336.35,11:55:00,17310.016932431547,4,33
2022-02-18,17322.7,17336.7,17322.7,17329.45,12:00:00,17311.224843628544,4,34
2022-02-18,17336.35,17337.2,17315.85,17321.85,12:05:00,17313.61771566392,4,35
2022-02-18,17343.45,17347.25,17334.1,17336.75,12:10:00,17316.45888560069,4,36
2022-02-18,17353.2,17356.75,17339.35,17343.85,12:15:00,17319.958039353005,4,37
2022-02-18,17350.45,17354.0,17343.9,17353.55,12:20:00,17322.8620356051,4,38
2022-02-18,17335.8,17352.3,17335.05,17350.85,12:25:00,17324.094222690328,4,39
2022-02-18,17343.9,17346.25,17326.8,17336.3,12:30:00,17325.98048719601,4,40
2022-02-18,17349.8,17351.65,17339.4,17344.95,12:35:00,17328.249012224962,4,41
2022-02-18,17360.95,17361.75,17349.3,17350.45,12:40:00,17331.36339201306,4,42
2022-02-18,17374.4,17377.6,17360.6,17360.6,12:45:00,17335.462116583243,4,43
2022-02-18,17358.55,17380.8,17358.05,17375.95,12:50:00,17337.660962622933,4,44
2022-02-18,17362.45,17368.5,17355.4,17358.75,12:55:00,17340.02182332551,4,45
2022-02-18,17343.4,17369.3,17342.45,17364.05,13:00:00,17340.343554437368,4,46
2022-02-18,17357.3,17358.45,17341.95,17343.45,13:05:00,17341.958454014763,4,47
2022-02-18,17360.85,17374.45,17357.25,17357.75,13:10:00,17343.757648870498,4,48
2022-02-18,17363.15,17367.45,17358.95,17361.3,13:15:00,17345.60453945426,4,49
2022-02-18,17344.1,17365.0,17344.1,17362.8,13:20:00,17345.461249982425,4,50
2022-02-18,17336.55,17344.45,17324.15,17344.45,13:25:00,17344.612559507907,4,51
2022-02-18,17348.7,17353.5,17336.45,17337.4,13:30:00,17345.001839554774,4,52
2022-02-18,17343.7,17349.5,17332.05,17348.95,13:35:00,17344.87785483527,4,53
2022-02-18,17345.65,17351.05,17336.05,17344.35,13:40:00,17344.951392470008,4,54
2022-02-18,17351.75,17359.2,17341.2,17345.55,13:45:00,17345.598878901437,4,55
2022-02-18,17348.6,17362.0,17345.6,17352.85,13:50:00,17345.884699958442,4,56
2022-02-18,17351.85,17352.9,17342.5,17348.9,13:55:00,17346.452823771924,4,57
2022-02-18,17336.8,17358.5,17336.8,17352.15,14:00:00,17345.533507222215,4,58
2022-02-18,17348.45,17352.0,17330.35,17338.4,14:05:00,17345.811268439145,4,59
2022-02-18,17307.5,17349.4,17306.0,17349.0,14:10:00,17342.162576206847,4,60
2022-02-18,17280.8,17314.45,17280.35,17307.9,14:15:00,17336.318521330006,4,61
2022-02-18,17263.4,17285.0,17262.9,17281.15,14:20:00,17329.373900250957,4,62
2022-02-18,17277.95,17284.7,17259.4,17263.7,14:25:00,17324.476385941343,4,63
2022-02-18,17288.05,17295.85,17262.65,17278.85,14:30:00,17321.007206327882,4,64
2022-02-18,17286.7,17297.4,17282.3,17288.65,14:35:00,17317.739853344276,4,65
2022-02-18,17261.2,17286.4,17258.5,17285.15,14:40:00,17312.355105406725,4,66
2022-02-18,17270.7,17273.25,17246.4,17261.1,14:45:00,17308.387952510846,4,67
2022-02-18,17273.8,17273.85,17258.05,17271.95,14:50:00,17305.093861795525,4,68
2022-02-18,17272.8,17285.25,17267.55,17277.5,14:55:00,17302.01825591024,4,69
2022-02-18,17287.45,17305.65,17275.45,17275.45,15:00:00,17300.630802966407,4,70
2022-02-18,17275.5,17291.3,17274.2,17288.95,15:05:00,17298.23739316008,4,71
2022-02-18,17279.1,17285.9,17266.3,17275.4,15:10:00,17296.414784287692,4,72
2022-02-18,17266.35,17281.2,17266.35,17279.9,15:15:00,17293.551471498387,4,73
2022-02-18,17267.9,17276.1,17263.15,17267.4,15:20:00,17291.108474212826,4,74
2022-02-18,17268.75,17277.25,17263.1,17268.6,15:25:00,17288.979095716368,4,75
2022-02-21,17158.35,17231.3,17158.35,17209.0,09:15:00,17276.538229457667,0,1
2022-02-21,17142.65,17170.6,17122.8,17156.9,09:20:00,17263.786969509318,0,2
2022-02-21,17110.1,17143.6,17105.75,17143.35,09:25:00,17249.150115270335,0,3
2022-02-21,17087.7,17138.15,17085.5,17110.05,09:30:00,17233.773913816018,0,4
2022-02-21,17079.75,17102.8,17070.7,17086.4,09:35:00,17219.104969643064,0,5
2022-02-21,17109.4,17111.25,17072.75,17080.65,09:40:00,17208.656877296104,0,6
2022-02-21,17132.15,17134.1,17097.9,17109.85,09:45:00,17201.37050802981,0,7
2022-02-21,17143.65,17144.2,17119.7,17131.9,09:50:00,17195.873316788875,0,8
2022-02-21,17156.45,17165.05,17138.75,17145.25,09:55:00,17192.118715189936,0,9
2022-02-21,17125.35,17160.15,17124.1,17157.5,10:00:00,17185.759789933752,0,10
2022-02-21,17126.6,17131.2,17106.4,17125.7,10:05:00,17180.125524225776,0,11
2022-02-21,17127.25,17147.7,17125.35,17127.2,10:10:00,17175.089760013798,0,12
2022-02-21,17113.6,17127.25,17104.4,17127.1,10:15:00,17169.233592393437,0,13
2022-02-21,17117.3,17125.3,17104.85,17114.45,10:20:00,17164.287535975014,0,14
2022-02-21,17131.85,17137.2,17116.65,17117.35,10:25:00,17161.198246834538,0,15
2022-02-21,17143.3,17147.2,17131.1,17133.0,10:30:00,17159.493651897916,0,16
2022-02-21,17173.05,17173.95,17143.55,17144.35,10:35:00,17160.784732669545,0,17
2022-02-21,17189.7,17208.25,17171.6,17171.6,10:40:00,17163.538567653395,0,18
2022-02-21,17183.05,17204.95,17182.5,17189.35,10:45:00,17165.396799305454,0,19
2022-02-21,17210.8,17213.65,17175.1,17184.15,10:50:00,17169.720913657315,0,20
2022-02-21,17209.15,17225.0,17203.9,17211.15,10:55:00,17173.47606473757,0,21
2022-02-21,17205.3,17217.5,17193.85,17211.05,11:00:00,17176.506915714945,0,22
2022-02-21,17215.7,17218.2,17203.5,17203.5,11:05:00,17180.23959040876,0,23
2022-02-21,17225.15,17225.9,17215.9,17215.9,11:10:00,17184.516772274594,0,24
2022-02-21,17221.65,17238.85,17221.5,17225.5,11:15:00,17188.053270153203,0,25
2022-02-21,17228.55,17228.55,17209.7,17221.75,11:20:00,17191.910101567184,0,26
2022-02-21,17227.45,17234.35,17219.05,17228.5,11:25:00,17195.29485379888,0,27
2022-02-21,17256.45,17257.7,17227.25,17227.85,11:30:00,17201.11915343708,0,28
2022-02-21,17263.65,17264.05,17246.15,17256.85,11:35:00,17207.07447215736,0,29
2022-02-21,17266.0,17268.4,17250.5,17263.25,11:40:00,17212.686427189994,0,30
2022-02-21,17274.8,17283.75,17266.85,17266.85,11:45:00,17218.60200555285,0,31
2022-02-21,17269.5,17286.15,17266.45,17275.55,11:50:00,17223.449433595437,0,32
2022-02-21,17277.2,17277.8,17255.6,17270.45,11:55:00,17228.568535157778,0,33
2022-02-21,17298.35,17303.0,17277.0,17277.5,12:00:00,17235.214388952274,0,34
2022-02-21,17306.25,17306.6,17289.05,17299.8,12:05:00,17241.97968524253,0,35
2022-02-21,17301.25,17315.0,17300.95,17307.35,12:10:00,17247.624477124195,0,36
2022-02-21,17316.1,17327.2,17302.3,17302.3,12:15:00,17254.14595549332,0,37
2022-02-21,17302.2,17317.55,17292.1,17315.75,12:20:00,17258.722531160623,0,38
2022-02-21,17280.5,17303.7,17279.3,17303.7,12:25:00,17260.79657581199,0,39
2022-02-21,17296.45,17300.6,17269.8,17280.7,12:30:00,17264.192140020372,0,40
2022-02-21,17302.7,17306.85,17287.1,17297.05,12:35:00,17267.859555256528,0,41
2022-02-21,17296.0,17303.75,17292.15,17303.4,12:40:00,17270.53959761305,0,42
2022-02-21,17299.5,17299.95,17282.15,17296.5,12:45:00,17273.297731173712,0,43
2022-02-21,17294.8,17305.35,17290.65,17300.45,12:50:00,17275.345566300024,0,44
2022-02-21,17310.35,17313.05,17294.75,17296.65,12:55:00,17278.679321890497,0,45
2022-02-21,17319.05,17331.15,17311.15,17312.0,13:00:00,17282.524148377117,0,46
2022-02-21,17329.3,17336.05,17315.85,17319.8,13:05:00,17286.97899138882,0,47
2022-02-21,17345.1,17349.3,17328.65,17330.2,13:10:00,17292.514325542266,0,48
2022-02-21,17333.35,17351.05,17333.2,17347.8,13:15:00,17296.403437395384,0,49
2022-02-21,17330.05,17333.6,17317.15,17333.6,13:20:00,17299.607871929154,0,50
2022-02-21,17305.65,17330.4,17304.3,17330.4,13:25:00,17300.183312697805,0,51
2022-02-21,17293.0,17308.65,17292.2,17304.3,13:30:00,17299.499187678968,0,52
2022-02-21,17284.4,17301.9,17282.45,17294.05,13:35:00,17298.061169804783,0,53
2022-02-21,17305.5,17310.55,17272.05,17285.2,13:40:00,17298.769629823375,0,54
2022-02-21,17301.25,17315.3,17300.5,17307.35,13:45:00,17299.005855554482,0,55
2022-02-21,17288.2,17311.8,17286.8,17302.1,13:50:00,17297.976726454057,0,56
2022-02-21,17293.55,17301.95,17284.9,17288.7,13:55:00,17297.55513345843,0,57
2022-02-21,17296.3,17304.0,17288.65,17295.55,14:00:00,17297.43559693858,0,58
2022-02-21,17247.65,17297.95,17240.75,17297.95,14:05:00,17292.69411151586,0,59
2022-02-21,17233.85,17249.85,17231.05,17248.1,14:10:00,17287.089910419112,0,60
2022-02-21,17243.55,17255.05,17227.15,17233.5,14:15:00,17282.943252283956,0,61
2022-02-21,17251.75,17265.8,17241.0,17246.0,14:20:00,17279.972466352152,0,62
2022-02-21,17261.05,17261.3,17248.35,17251.15,14:25:00,17278.17032669957,0,63
2022-02-21,17220.65,17262.5,17215.6,17262.5,14:30:00,17272.69220034723,0,64
2022-02-21,17204.1,17220.15,17198.05,17219.7,14:35:00,17266.159609837967,0,65
2022-02-21,17194.7,17207.95,17183.9,17203.95,14:40:00,17259.353932710543,0,66
2022-02-21,17210.0,17211.95,17189.1,17193.85,14:45:00,17254.653558166683,0,67
2022-02-21,17246.1,17246.1,17209.7,17210.25,14:50:00,17253.83893357938,0,68
2022-02-21,17224.7,17252.7,17221.6,17246.25,14:55:00,17251.06379704801,0,69
2022-02-21,17224.5,17234.4,17207.4,17229.0,15:00:00,17248.533911614864,0,70
2022-02-21,17195.9,17225.7,17193.65,17225.7,15:05:00,17243.521158127733,0,71
2022-02-21,17195.9,17205.5,17195.3,17196.75,15:10:00,17238.985809734615,0,72
2022-02-21,17203.7,17203.7,17188.2,17195.05,15:15:00,17235.625256426556,0,73
2022-02-21,17213.75,17216.2,17201.1,17203.0,15:20:00,17233.541898671647,0,74
2022-02-21,17204.3,17214.95,17201.7,17214.15,15:25:00,17230.75695594101,0,75
2022-02-22,16917.35,16977.4,16843.8,16893.85,09:15:00,17200.90867442282,1,1
2022-02-22,16919.65,16948.4,16899.7,16919.65,09:20:00,17174.122134001598,1,2
2022-02-22,16918.2,16935.8,16908.85,16920.2,09:25:00,17149.748597430018,1,3
2022-02-22,16929.25,16957.0,16906.0,16917.05,09:30:00,17128.748731008112,1,4
2022-02-22,16873.75,16931.1,16873.65,16927.6,09:35:00,17104.46313757877,1,5
2022-02-22,16872.75,16885.2,16861.1,16874.0,09:40:00,17082.395219714123,1,6
2022-02-22,16884.3,16895.3,16860.85,16869.3,09:45:00,17063.529008312777,1,7
2022-02-22,16898.75,16915.35,16884.3,16885.85,09:50:00,17047.835769425845,1,8
2022-02-22,16933.85,16936.85,16891.8,16898.85,09:55:00,17036.979981861477,1,9
2022-02-22,16955.5,16955.5,16931.45,16934.0,10:00:00,17029.219983588955,1,10
2022-02-22,16932.3,16969.65,16925.0,16955.4,10:05:00,17019.989508961437,1,11
2022-02-22,16923.35,16931.35,16905.9,16931.35,10:10:00,17010.785746203204,1,12
2022-02-22,16931.0,16944.9,16915.15,16922.4,10:15:00,17003.18710370766,1,13
2022-02-22,16951.95,16956.75,16921.85,16930.55,10:20:00,16998.307379545025,1,14
2022-02-22,16958.2,16958.2,16946.25,16951.65,10:25:00,16994.487629112165,1,15
2022-02-22,16949.35,16962.15,16934.55,16957.85,10:30:00,16990.188807291957,1,16
2022-02-22,16945.45,16950.45,16934.5,16949.8,10:35:00,16985.92796850225,1,17
2022-02-22,16924.45,16950.4,16923.5,16944.8,10:40:00,16980.072923882984,1,18
2022-02-22,16948.45,16950.55,16922.15,16924.25,10:45:00,16977.061216846512,1,19
2022-02-22,16945.45,16959.1,16944.25,16948.1,10:50:00,16974.050624765892,1,20
2022-02-22,16976.75,16978.25,16946.15,16946.15,10:55:00,16974.30770812152,1,21
2022-02-22,16992.2,16997.35,16977.65,16978.3,11:00:00,16976.01173591947,1,22
2022-02-22,16998.55,17001.05,16987.0,16992.55,11:05:00,16978.15823726047,1,23
2022-02-22,16984.55,17001.3,16977.1,17000.85,11:10:00,16978.766976568997,1,24
2022-02-22,17003.65,17004.2,16973.35,16984.9,11:15:00,16981.136788324333,1,25
2022-02-22,17005.55,17010.3,16994.7,17004.65,11:20:00,16983.461856102967,1,26
2022-02-22,17006.05,17008.95,16998.95,17005.5,11:25:00,16985.613107902685,1,27
2022-02-22,17011.4,17023.6,17001.3,17006.55,11:30:00,16988.069002388143,1,28
2022-02-22,16994.25,17013.5,16992.2,17013.5,11:35:00,16988.657668827367,1,29
2022-02-22,17013.95,17014.75,16994.0,16995.8,11:40:00,16991.066462272378,1,30
2022-02-22,17006.75,17019.55,17000.65,17014.85,11:45:00,16992.56013253215,1,31
2022-02-22,16996.8,17007.4,16982.7,17007.0,11:50:00,16992.963929433852,1,32
2022-02-22,16951.45,16998.05,16948.65,16997.9,11:55:00,16989.010221868724,1,33
2022-02-22,16955.95,16966.3,16938.65,16952.4,12:00:00,16985.8616293098,1,34
2022-02-22,16980.35,16982.95,16955.75,16955.75,12:05:00,16985.336712232674,1,35
2022-02-22,16967.45,16989.1,16967.45,16981.3,12:10:00,16983.633215829563,1,36
2022-02-22,16972.1,16978.5,16958.1,16968.55,12:15:00,16982.534814321985,1,37
2022-02-22,16971.05,16979.25,16955.35,16971.85,12:20:00,16981.4410224818,1,38
2022-02-22,16958.85,16972.8,16950.3,16972.15,12:25:00,16979.28949653115,1,39
2022-02-22,16967.3,16968.7,16941.95,16958.25,12:30:00,16978.14763971866,1,40
2022-02-22,16967.2,16976.35,16964.25,16968.1,12:35:00,16977.105007364502,1,41
2022-02-22,16967.15,16978.8,16967.15,16967.85,12:40:00,16976.156911425027,1,42
2022-02-22,16954.35,16971.75,16952.25,16963.9,12:45:00,16974.08006271788,1,43
2022-02-22,16947.45,16963.05,16944.95,16956.0,12:50:00,16971.54386626856,1,44
2022-02-22,16933.5,16952.0,16932.8,16948.7,12:55:00,16967.920640909648,1,45
2022-02-22,16914.4,16938.6,16914.4,16932.05,13:00:00,16962.823437013492,1,46
2022-02-22,16922.45,16924.05,16906.1,16914.7,13:05:00,16958.97834777411,1,47
2022-02-22,16935.55,16942.9,16922.7,16924.05,13:10:00,16956.74707655753,1,48
2022-02-22,16945.8,16952.7,16932.85,16936.2,13:15:00,16955.704497837767,1,49
2022-02-22,16936.8,16948.5,16936.15,16946.45,13:20:00,16953.904069472264,1,50
2022-02-22,16923.6,16939.35,16919.65,16937.75,13:25:00,16951.017967617765,1,51
2022-02-22,16926.75,16929.3,16909.1,16924.4,13:30:00,16948.706732606548,1,52
2022-02-22,16931.65,16937.2,16919.75,16927.7,13:35:00,16947.082281882114,1,53
2022-02-22,16926.35,16935.0,16914.85,16933.1,13:40:00,16945.107778845722,1,54
2022-02-22,16936.2,16942.6,16927.25,16927.25,13:45:00,16944.259418955655,1,55
2022-02-22,16941.35,16950.4,16930.5,16937.1,13:50:00,16943.98233143607,1,56
2022-02-22,16991.6,16998.9,16938.1,16941.8,13:55:00,16948.517347489775,1,57
2022-02-22,17023.2,17046.35,16989.1,16989.1,14:00:00,16955.62998106218,1,58
2022-02-22,17043.7,17044.6,17021.6,17024.95,14:05:00,16964.017601913398,1,59
2022-02-22,17077.85,17080.0,17042.7,17045.4,14:10:00,16974.85878268355,1,60
2022-02-22,17061.95,17102.3,17061.95,17080.6,14:15:00,16983.153184332736,1,61
2022-02-22,17119.55,17124.1,17045.9,17063.9,14:20:00,16996.143357253426,1,62
2022-02-22,17112.65,17129.95,17105.05,17119.9,14:25:00,17007.239227991195,1,63
2022-02-22,17127.75,17141.1,17111.1,17111.1,14:30:00,17018.716444372985,1,64
2022-02-22,17131.4,17148.55,17103.85,17129.25,14:35:00,17029.44821157556,1,65
2022-02-22,17112.05,17133.0,17092.7,17133.0,14:40:00,17037.31504856836,1,66
2022-02-22,17116.1,17126.2,17104.65,17113.75,14:45:00,17044.818377276137,1,67
2022-02-22,17110.5,17124.7,17108.25,17117.45,14:50:00,17051.073769916504,1,68
2022-02-22,17110.25,17124.1,17099.75,17111.5,14:55:00,17056.709601353028,1,69
2022-02-22,17075.75,17120.55,17051.85,17112.95,15:00:00,17058.52297265274,1,70
2022-02-22,17103.0,17104.7,17064.55,17073.55,15:05:00,17062.758880019144,1,71
2022-02-22,17097.45,17108.65,17092.0,17104.55,15:10:00,17066.062796207796,1,72
2022-02-22,17096.25,17106.4,17092.65,17097.9,15:15:00,17068.93776799753,1,73
2022-02-22,17095.1,17109.95,17093.9,17096.65,15:20:00,17071.429409140623,1,74
2022-02-22,17078.45,17095.55,17071.3,17095.55,15:25:00,17072.098036841515,1,75
2022-02-23,17183.9,17210.6,17169.0,17202.4,09:15:00,17092.379572108362,2,1
2022-02-23,17197.2,17200.45,17160.35,17186.0,09:20:00,17102.362470002805,2,2
2022-02-23,17216.0,17220.7,17188.3,17197.05,09:25:00,17113.1850919073,2,3
2022-02-23,17190.05,17215.85,17180.1,17215.85,09:30:00,17120.5055593447,2,4
2022-02-23,17186.6,17195.65,17183.1,17190.1,09:35:00,17126.80026797854,2,5
2022-02-23,17161.75,17187.6,17161.75,17186.35,09:40:00,17130.128813885345,2,6
2022-02-23,17182.55,17189.0,17148.85,17161.3,09:45:00,17135.121307801026,2,7
2022-02-23,17191.15,17191.7,17178.5,17183.25,09:50:00,17140.457373724737,2,8
2022-02-23,17187.15,17192.5,17173.9,17190.9,09:55:00,17144.90429051286,2,9
2022-02-23,17175.85,17189.5,17174.9,17188.35,10:00:00,17147.851500940207,2,10
2022-02-23,17152.2,17178.35,17145.9,17175.7,10:05:00,17148.265643707808,2,11
2022-02-23,17148.3,17154.05,17136.7,17154.05,10:10:00,17148.268915735636,2,12
2022-02-23,17160.05,17165.25,17144.5,17147.9,10:15:00,17149.390923760813,2,13
2022-02-23,17140.85,17161.5,17138.15,17158.65,10:20:00,17148.577502450258,2,14
2022-02-23,17159.0,17162.1,17139.9,17140.4,10:25:00,17149.570121264518,2,15
2022-02-23,17130.6,17159.9,17128.9,17159.05,10:30:00,17147.76344304885,2,16
2022-02-23,17121.6,17139.85,17121.55,17129.3,10:35:00,17145.27168656801,2,17
2022-02-23,17124.8,17132.1,17120.0,17121.35,10:40:00,17143.32200213296,2,18
2022-02-23,17126.55,17136.4,17123.95,17124.15,10:45:00,17141.72466859649,2,19
2022-02-23,17141.7,17151.75,17125.1,17125.1,10:50:00,17141.722319206347,2,20
2022-02-23,17145.95,17147.9,17137.15,17141.15,10:55:00,17142.12495547241,2,21
2022-02-23,17163.5,17164.9,17144.75,17145.15,11:00:00,17144.160673998846,2,22
2022-02-23,17173.3,17174.0,17162.5,17162.5,11:05:00,17146.93584790372,2,23
2022-02-23,17166.25,17173.6,17161.3,17173.6,11:10:00,17148.775290960508,2,24
2022-02-23,17180.05,17181.6,17165.2,17166.75,11:15:00,17151.753834678555,2,25
2022-02-23,17176.5,17184.2,17176.2,17180.9,11:20:00,17154.110612328215,2,26
2022-02-23,17187.5,17188.85,17173.4,17177.85,11:25:00,17157.290554011244,2,27
2022-02-23,17197.1,17200.5,17186.6,17188.7,11:30:00,17161.0819298197,2,28
2022-02-23,17187.65,17198.45,17185.6,17198.1,11:35:00,17163.612222217824,2,29
2022-02-23,17190.8,17192.7,17183.85,17189.15,11:40:00,17166.201534387554,2,30
2022-02-23,17187.25,17194.4,17185.35,17191.3,11:45:00,17168.206150160167,2,31
2022-02-23,17179.2,17188.0,17173.3,17188.0,11:50:00,17169.253183478246,2,32
2022-02-23,17186.65,17187.75,17175.3,17179.35,11:55:00,17170.910023146986,2,33
2022-02-23,17180.15,17188.75,17178.85,17188.4,12:00:00,17171.79002094251,2,34
2022-02-23,17183.95,17190.55,17175.8,17180.85,12:05:00,17172.94811418608,2,35
2022-02-23,17169.65,17185.95,17165.95,17185.95,12:10:00,17172.63400807312,2,36
2022-02-23,17162.9,17171.1,17157.2,17170.65,12:15:00,17171.706959685205,2,37
2022-02-23,17172.5,17174.85,17160.6,17163.65,12:20:00,17171.782487334232,2,38
2022-02-23,17173.25,17178.3,17166.3,17172.45,12:25:00,17171.92225044526,2,39
2022-02-23,17157.4,17173.8,17156.1,17173.75,12:30:00,17170.539178974283,2,40
2022-02-23,17144.9,17158.95,17143.2,17157.75,12:35:00,17168.097352405304,2,41
2022-02-23,17142.5,17149.0,17139.0,17145.6,12:40:00,17165.659509319084,2,42
2022-02-23,17151.5,17153.1,17138.35,17142.85,12:45:00,17164.31098462203,2,43
2022-02-23,17148.7,17158.65,17148.7,17152.3,12:50:00,17162.824224181833,2,44
2022-02-23,17137.3,17152.75,17135.1,17149.8,12:55:00,17160.393345688324,2,45
2022-02-23,17145.9,17146.15,17132.0,17137.85,13:00:00,17159.01302705134,2,46
2022-02-23,17151.05,17155.4,17146.3,17146.3,13:05:00,17158.25464352264,2,47
2022-02-23,17163.6,17165.9,17148.8,17151.75,13:10:00,17158.76372509191,2,48
2022-02-23,17167.4,17173.45,17163.4,17163.4,13:15:00,17159.58622746411,2,49
2022-02-23,17169.6,17173.5,17165.2,17167.8,13:20:00,17160.539920086576,2,50
2022-02-23,17161.15,17171.15,17160.6,17169.45,13:25:00,17160.598022935475,2,51
2022-02-23,17152.8,17161.7,17138.15,17161.7,13:30:00,17159.855354084477,2,52
2022-02-23,17148.7,17156.75,17145.2,17153.05,13:35:00,17158.792939409763,2,53
2022-02-23,17151.6,17154.1,17143.75,17148.6,13:40:00,17158.107897561214,2,54
2022-02-23,17149.7,17157.25,17142.65,17151.15,13:45:00,17157.307145412527,2,55
2022-02-23,17153.6,17155.95,17143.05,17151.35,13:50:00,17156.954083944667,2,56
2022-02-23,17132.85,17156.0,17129.8,17153.75,13:55:00,17154.658456902318,2,57
2022-02-23,17138.35,17139.35,17108.85,17132.75,14:00:00,17153.10527053067,2,58
2022-02-23,17148.35,17154.15,17139.3,17139.3,14:05:00,17152.652387622988,2,59
2022-02-23,17146.3,17152.5,17142.4,17148.6,14:10:00,17152.047398325558,2,60
2022-02-23,17138.55,17148.85,17132.85,17146.95,14:15:00,17150.76193181836,2,61
2022-02-23,17134.25,17138.5,17123.5,17137.8,14:20:00,17149.189366883278,2,62
2022-02-23,17124.35,17136.05,17124.15,17135.2,14:25:00,17146.823712894395,2,63
2022-02-23,17125.4,17126.95,17100.8,17125.2,14:30:00,17144.783359285408,2,64
2022-02-23,17115.05,17126.9,17110.35,17124.85,14:35:00,17141.95161078204,2,65
2022-02-23,17116.2,17116.75,17103.5,17115.3,14:40:00,17139.499076421842,2,66
2022-02-23,17156.25,17158.0,17116.15,17117.3,14:45:00,17141.094402476905,2,67
2022-02-23,17156.8,17165.3,17148.5,17157.5,14:50:00,17142.59017366958,2,68
2022-02-23,17145.45,17157.8,17142.25,17157.1,14:55:00,17142.862538082,2,69
2022-02-23,17100.8,17148.2,17087.4,17146.35,15:00:00,17138.856582074193,2,70
2022-02-23,17071.55,17102.65,17066.4,17100.65,15:05:00,17132.44643140046,2,71
2022-02-23,17046.7,17073.1,17044.5,17072.55,15:10:00,17124.280104600417,2,72
2022-02-23,17035.45,17053.2,17030.85,17046.9,15:15:00,17115.82009463847,2,73
2022-02-23,17051.35,17056.2,17027.85,17035.35,15:20:00,17109.680085625285,2,74
2022-02-23,17054.15,17059.1,17047.6,17051.75,15:25:00,17104.391506041924,2,75
2022-02-24,16674.0,16705.25,16546.75,16606.5,09:15:00,17063.401838799837,3,1
2022-02-24,16647.0,16701.05,16639.0,16672.1,09:20:00,17023.7445208189,3,2
2022-02-24,16641.3,16675.95,16631.2,16646.15,09:25:00,16987.32123312186,3,3
2022-02-24,16656.2,16672.8,16635.65,16638.05,09:30:00,16955.785877586444,3,4
2022-02-24,16609.1,16655.35,16605.7,16655.35,09:35:00,16922.768174959165,3,5
2022-02-24,16549.35,16607.75,16549.35,16607.75,09:40:00,16887.204539248767,3,6
2022-02-24,16480.6,16548.6,16453.65,16548.6,09:45:00,16848.48029741555,3,7
2022-02-24,16495.2,16517.05,16472.35,16477.65,09:50:00,16814.834554804544,3,8
2022-02-24,16519.8,16525.65,16492.15,16492.15,09:55:00,16786.73602577554,3,9
2022-02-24,16546.05,16548.2,16496.85,16518.4,10:00:00,16763.81354713025,3,10
2022-02-24,16534.3,16564.25,16530.15,16546.95,10:05:00,16741.955114070224,3,11
2022-02-24,16534.35,16540.7,16516.4,16534.75,10:10:00,16722.183198444487,3,12
2022-02-24,16564.65,16564.65,16522.1,16535.75,10:15:00,16707.18003668787,3,13
2022-02-24,16588.25,16592.95,16563.1,16564.5,10:20:00,16695.85336652712,3,14
2022-02-24,16590.05,16602.2,16577.25,16588.75,10:25:00,16685.7768554293,3,15
2022-02-24,16562.05,16591.15,16555.9,16589.35,10:30:00,16673.993345388415,3,16
2022-02-24,16547.75,16567.0,16541.35,16561.55,10:35:00,16661.970169637138,3,17
2022-02-24,16586.2,16588.85,16547.2,16547.2,10:40:00,16654.75396300503,3,18
2022-02-24,16578.85,16589.75,16574.5,16586.6,10:45:00,16647.52501414741,3,19
2022-02-24,16578.9,16582.95,16566.35,16579.4,10:50:00,16640.989298514323,3,20
2022-02-24,16580.8,16585.05,16573.85,16580.65,10:55:00,16635.256984370102,3,21
2022-02-24,16571.65,16583.85,16565.5,16581.25,11:00:00,16629.199176334856,3,22
2022-02-24,16569.2,16580.15,16567.55,16571.95,11:05:00,16623.48496906487,3,23
2022-02-24,16579.1,16583.25,16568.45,16570.85,11:10:00,16619.25782915393,3,24
2022-02-24,16607.0,16613.9,16576.45,16580.65,11:15:00,16618.090416853553,3,25
2022-02-24,16628.85,16634.9,16603.1,16609.1,11:20:00,16619.115139057976,3,26
2022-02-24,16620.15,16635.0,16615.15,16631.0,11:25:00,16619.21369724293,3,27
2022-02-24,16648.7,16650.2,16616.5,16620.95,11:30:00,16622.021916553127,3,28
2022-02-24,16651.05,16656.55,16635.55,16649.7,11:35:00,16624.78649592902,3,29
2022-02-24,16630.45,16651.45,16627.25,16651.45,11:40:00,16625.32587726911,3,30
2022-02-24,16626.95,16631.65,16619.45,16629.85,11:45:00,16625.480555624436,3,31
2022-02-24,16598.8,16629.05,16597.15,16628.1,11:50:00,16622.93955032687,3,32
2022-02-24,16569.95,16606.95,16567.0,16600.0,11:55:00,16617.892926486216,3,33
2022-02-24,16561.35,16569.7,16553.2,16569.7,12:00:00,16612.50788586848,3,34
2022-02-24,16567.55,16581.35,16557.5,16561.25,12:05:00,16608.226182452432,3,35
2022-02-24,16578.2,16579.4,16556.25,16567.65,12:10:00,16605.366546028392,3,36
2022-02-24,16555.05,16580.65,16555.05,16578.7,12:15:00,16600.57449402569,3,37
2022-02-24,16546.1,16559.7,16532.3,16554.2,12:20:00,16595.386446975623,3,38
2022-02-24,16543.45,16558.6,16543.1,16547.65,12:25:00,16590.44011869223,3,39
2022-02-24,16537.4,16552.85,16534.25,16543.75,12:30:00,16585.38867881678,3,40
2022-02-24,16533.9,16548.1,16528.85,16535.5,12:35:00,16580.484995119943,3,41
2022-02-24,16506.75,16540.9,16495.25,16534.3,12:40:00,16573.462614632328,3,42
2022-02-24,16481.8,16507.8,16471.8,16507.8,12:45:00,16564.7328418102,3,43
2022-02-24,16445.35,16482.6,16443.3,16482.6,12:50:00,16553.363047352086,3,44
2022-02-24,16466.05,16471.35,16435.85,16448.5,12:55:00,16545.04751903284,3,45
2022-02-24,16516.55,16520.9,16463.9,16467.35,13:00:00,16542.33346960114,3,46
2022-02-24,16515.85,16527.0,16497.4,16517.65,13:05:00,16539.811234401033,3,47
2022-02-24,16534.0,16535.0,16500.6,16516.7,13:10:00,16539.257783505698,3,48
2022-02-24,16488.25,16537.5,16482.05,16534.85,13:15:00,16534.3998993623,3,49
2022-02-24,16467.05,16488.65,16465.65,16487.0,13:20:00,16527.98562323256,3,50
2022-02-24,16450.3,16470.2,16446.3,16466.55,13:25:00,16520.586992448505,3,51
2022-02-24,16426.7,16458.15,16423.7,16449.05,13:30:00,16511.645374120075,3,52
2022-02-24,16454.0,16472.15,16426.1,16426.1,13:35:00,16506.155338489592,3,53
2022-02-24,16420.65,16462.95,16418.75,16454.5,13:40:00,16498.011972919157,3,54
2022-02-24,16477.25,16491.65,16413.75,16418.7,13:45:00,16496.034642164952,3,55
2022-02-24,16506.8,16519.0,16477.9,16477.95,13:50:00,16497.05991433972,3,56
2022-02-24,16482.35,16520.35,16476.85,16505.35,13:55:00,16495.65897011689,3,57
2022-02-24,16470.45,16499.55,16458.25,16484.7,14:00:00,16493.25811582004,3,58
2022-02-24,16463.05,16477.4,16444.95,16471.05,14:05:00,16490.38115240861,3,59
2022-02-24,16444.2,16465.8,16442.05,16463.65,14:10:00,16485.982947417313,3,60
2022-02-24,16464.75,16471.75,16436.85,16444.3,14:15:00,16483.960761948998,3,61
2022-02-24,16411.35,16467.95,16409.15,16466.3,14:20:00,16477.045451287187,3,62
2022-02-24,16396.25,16425.3,16394.1,16412.4,14:25:00,16469.350646402694,3,63
2022-02-24,16383.1,16415.05,16381.8,16396.2,14:30:00,16461.136299126247,3,64
2022-02-24,16408.45,16427.6,16363.0,16382.8,14:35:00,16456.118556352318,3,65
2022-02-24,16390.05,16411.45,16385.1,16406.4,14:40:00,16449.826312890193,3,66
2022-02-24,16383.7,16394.3,16379.6,16391.05,14:45:00,16443.528568805414,3,67
2022-02-24,16347.15,16402.35,16346.3,16383.2,14:50:00,16434.349657490613,3,68
2022-02-24,16320.45,16354.95,16317.55,16346.2,14:55:00,16423.502071062936,3,69
2022-02-24,16260.25,16331.2,16232.75,16320.7,15:00:00,16407.954254771226,3,70
2022-02-24,16274.8,16274.8,16219.6,16257.0,15:05:00,16395.272897173967,3,71
2022-02-24,16273.15,16291.85,16265.95,16275.15,15:10:00,16383.64214506216,3,72
2022-02-24,16225.35,16278.35,16214.05,16275.65,15:15:00,16368.566702675287,3,73
2022-02-24,16215.6,16246.2,16213.95,16226.3,15:20:00,16353.99844527764,3,74
2022-02-24,16217.75,16226.85,16203.25,16214.9,15:25:00,16341.022402870243,3,75
2022-02-25,16563.7,16567.6,16478.3,16525.7,09:15:00,16362.229793073078,4,1
2022-02-25,16591.15,16597.5,16555.45,16563.3,09:20:00,16384.031717542308,4,2
2022-02-25,16585.55,16606.95,16572.35,16591.35,09:25:00,16403.22393491923,4,3
2022-02-25,16609.45,16611.5,16549.5,16585.85,09:30:00,16422.86451254597,4,4
2022-02-25,16583.1,16614.1,16581.7,16608.25,09:35:00,16438.12503516064,4,5
2022-02-25,16631.9,16634.1,16581.6,16581.6,09:40:00,16456.57979371677,4,6
2022-02-25,16658.05,16661.1,16632.85,16632.85,09:45:00,16475.767432410412,4,7
2022-02-25,16670.65,16691.45,16657.55,16659.3,09:50:00,16494.327676942754,4,8
2022-02-25,16654.85,16670.5,16633.25,16670.5,09:55:00,16509.61551723392,4,9
2022-02-25,16626.75,16665.05,16620.35,16655.85,10:00:00,16520.77118225926,4,10
2022-02-25,16612.6,16636.0,16606.3,16626.7,10:05:00,16529.516783948857,4,11
2022-02-25,16638.05,16643.0,16612.4,16613.15,10:10:00,16539.853280715633,4,12
2022-02-25,16643.4,16662.55,16629.25,16640.9,10:15:00,16549.71487302843,4,13
2022-02-25,16640.95,16655.5,16637.1,16642.25,10:20:00,16558.40393274001,4,14
2022-02-25,16666.7,16666.7,16641.2,16641.2,10:25:00,16568.717843907627,4,15
2022-02-25,16679.0,16682.25,16663.45,16666.9,10:30:00,16579.220906392613,4,16
2022-02-25,16716.55,16720.5,16668.0,16677.95,10:35:00,16592.299867688555,4,17
2022-02-25,16735.75,16739.85,16705.5,16718.25,10:40:00,16605.96178505155,4,18
2022-02-25,16728.85,16747.35,16728.25,16736.4,10:45:00,16617.66542457045,4,19
2022-02-25,16736.5,16746.8,16717.0,16727.8,10:50:00,16628.983003182788,4,20
2022-02-25,16724.4,16748.8,16723.25,16737.95,10:55:00,16638.070336212997,4,21
2022-02-25,16729.4,16733.55,16713.9,16726.9,11:00:00,16646.768399430806,4,22
2022-02-25,16723.2,16730.85,16711.3,16729.15,11:05:00,16654.047599485017,4,23
2022-02-25,16700.8,16728.85,16690.0,16723.7,11:10:00,16658.50020905787,4,24
2022-02-25,16699.75,16706.25,16690.3,16699.9,11:15:00,16662.428760576167,4,25
2022-02-25,16716.85,16716.95,16689.05,16700.6,11:20:00,16667.61173575939,4,26
2022-02-25,16715.25,16735.0,16708.5,16718.0,11:25:00,16672.148713306116,4,27
2022-02-25,16717.1,16728.4,16712.1,16715.85,11:30:00,16676.429788229343,4,28
2022-02-25,16713.7,16716.8,16700.1,16716.8,11:35:00,16679.979332207502,4,29
2022-02-25,16708.35,16721.6,16706.1,16714.35,11:40:00,16682.681300568693,4,30
2022-02-25,16707.55,16724.15,16707.55,16709.0,11:45:00,16685.04974813358,4,31
2022-02-25,16690.5,16708.05,16678.05,16708.05,11:50:00,16685.568819739907,4,32
2022-02-25,16674.5,16700.35,16669.55,16692.05,11:55:00,16684.514646431344,4,33
2022-02-25,16687.75,16692.35,16674.1,16675.65,12:00:00,16684.822775342644,4,34
2022-02-25,16669.95,16688.15,16659.3,16688.15,12:05:00,16683.406320548107,4,35
2022-02-25,16654.4,16672.3,16653.1,16671.5,12:10:00,16680.64381382924,4,36
2022-02-25,16650.9,16656.45,16645.0,16654.6,12:15:00,16677.81106965503,4,37
2022-02-25,16687.1,16688.1,16650.55,16652.4,12:20:00,16678.695729687883,4,38
2022-02-25,16703.1,16703.95,16688.45,16688.45,12:25:00,16681.019945908083,4,39
2022-02-25,16640.2,16704.3,16632.0,16703.75,12:30:00,16677.132332012075,4,40
2022-02-25,16603.15,16652.35,16600.8,16639.75,12:35:00,16670.086395629973,4,41
2022-02-25,16641.15,16650.3,16596.1,16601.8,12:40:00,16667.33054842712,4,42
2022-02-25,16644.7,16652.95,16629.7,16642.65,12:45:00,16665.175258100728,4,43
2022-02-25,16674.1,16677.05,16647.05,16647.1,12:50:00,16666.025233519707,4,44
2022-02-25,16672.3,16680.95,16664.45,16674.85,12:55:00,16666.622830327353,4,45
2022-02-25,16677.45,16684.45,16661.65,16674.7,13:00:00,16667.653989343795,4,46
2022-02-25,16659.05,16684.75,16659.05,16678.2,13:05:00,16666.834561787244,4,47
2022-02-25,16672.55,16677.35,16654.4,16660.3,13:10:00,16667.378889236075,4,48
2022-02-25,16652.65,16675.1,16649.1,16674.45,13:15:00,16665.976137880258,4,49
2022-02-25,16635.4,16657.6,16635.4,16654.05,13:20:00,16663.064124748806,4,50
2022-02-25,16647.65,16651.9,16625.7,16633.8,13:25:00,16661.596112867966,4,51
2022-02-25,16673.9,16681.4,16650.5,16651.85,13:30:00,16662.767911642448,4,52
2022-02-25,16651.6,16676.0,16647.75,16674.2,13:35:00,16661.70430100983,4,53
2022-02-25,16652.9,16661.45,16625.8,16651.35,13:40:00,16660.865796151753,4,54
2022-02-25,16616.15,16664.95,16613.6,16653.35,13:45:00,16656.607148899206,4,55
2022-02-25,16652.25,16656.1,16604.8,16620.2,13:50:00,16656.192182337378,4,56
2022-02-25,16645.7,16658.6,16642.8,16652.95,13:55:00,16655.192926876676,4,57
2022-02-25,16673.2,16673.6,16645.95,16647.75,14:00:00,16656.907886221754,4,58
2022-02-25,16664.95,16675.3,16656.75,16674.0,14:05:00,16657.67380181968,4,59
2022-02-25,16672.05,16679.05,16657.45,16665.25,14:10:00,16659.04296355114,4,60
2022-02-25,16680.75,16692.25,16669.45,16671.6,14:15:00,16661.110300355795,4,61
2022-02-25,16709.7,16712.7,16674.95,16679.8,14:20:00,16665.7378907981,4,62
2022-02-25,16701.45,16714.5,16694.95,16710.15,14:25:00,16669.139044055424,4,63
2022-02-25,16637.95,16717.8,16637.95,16703.55,14:30:00,16666.16865890729,4,64
2022-02-25,16640.05,16658.9,16627.35,16636.2,14:35:00,16663.681167582785,4,65
2022-02-25,16653.85,16662.35,16631.6,16639.9,14:40:00,16662.744865908233,4,66
2022-02-25,16696.0,16697.3,16651.4,16653.8,14:45:00,16665.91202153602,4,67
2022-02-25,16688.9,16705.05,16681.25,16696.1,14:50:00,16668.101352818303,4,68
2022-02-25,16671.55,16689.9,16658.85,16689.9,14:55:00,16668.429795407035,4,69
2022-02-25,16662.55,16680.65,16644.25,16672.75,15:00:00,16667.86981489208,4,70
2022-02-25,16659.05,16668.35,16652.0,16663.5,15:05:00,16667.029832521406,4,71
2022-02-25,16655.9,16671.65,16653.0,16663.35,15:10:00,16665.96984847175,4,72
2022-02-25,16671.4,16676.25,16648.35,16658.75,15:15:00,16666.48700576015,4,73
2022-02-25,16649.9,16671.1,16644.75,16670.3,15:20:00,16664.90729092585,4,74
2022-02-25,16669.65,16669.65,16645.3,16650.65,15:25:00,16665.35897750434,4,75
2022-02-28,16464.55,16506.1,16426.85,16506.1,09:15:00,16646.23431298012,0,1
2022-02-28,16401.2,16462.2,16397.35,16462.2,09:20:00,16622.897711743917,0,2
2022-02-28,16372.05,16410.3,16369.15,16398.95,09:25:00,16599.00745348259,0,3
2022-02-28,16407.8,16415.25,16356.3,16368.3,09:30:00,16580.79721981758,0,4
2022-02-28,16392.9,16422.3,16384.4,16407.65,09:35:00,16562.90224650162,0,5
2022-02-28,16456.8,16457.15,16389.2,16393.4,09:40:00,16552.797270644325,0,6
2022-02-28,16450.8,16462.45,16424.6,16455.4,09:45:00,16543.083244868674,0,7
2022-02-28,16426.55,16450.7,16408.95,16449.8,09:50:00,16531.98484059547,0,8
2022-02-28,16444.0,16446.8,16417.25,16425.95,09:55:00,16523.60533196733,0,9
2022-02-28,16457.1,16458.35,16426.4,16444.5,10:00:00,16517.271490827585,0,10
2022-02-28,16451.6,16460.55,16433.75,16455.95,10:05:00,16511.01706312972,0,11
2022-02-28,16450.8,16453.75,16431.5,16452.2,10:10:00,16505.282104736412,0,12
2022-02-28,16472.05,16472.05,16440.15,16450.45,10:15:00,16502.117142380564,0,13
2022-02-28,16467.15,16480.95,16466.15,16471.35,10:20:00,16498.78693834432,0,14
2022-02-28,16469.9,16474.2,16457.15,16466.55,10:25:00,16496.035801359147,0,15
2022-02-28,16508.2,16508.35,16467.8,16469.1,10:30:00,16497.1942964678,0,16
2022-02-28,16538.3,16545.3,16503.25,16505.15,10:35:00,16501.109125375628,0,17
2022-02-28,16539.15,16542.5,16522.25,16538.2,10:40:00,16504.732065816046,0,18
2022-02-28,16559.15,16561.2,16536.05,16539.9,10:45:00,16509.91472621452,0,19
2022-02-28,16574.75,16575.95,16546.8,16557.65,10:50:00,16516.08951419409,0,20
2022-02-28,16578.0,16579.2,16556.4,16573.8,10:55:00,16521.985750937507,0,21
2022-02-28,16598.65,16607.9,16575.9,16575.9,11:00:00,16529.287107991076,0,22
2022-02-28,16591.5,16600.65,16575.75,16595.9,11:05:00,16535.212145325262,0,23
2022-02-28,16591.85,16594.7,16577.7,16590.15,11:10:00,16540.606226722855,0,24
2022-02-28,16594.1,16604.3,16578.9,16593.7,11:15:00,16545.70087179687,0,25
2022-02-28,16624.5,16629.6,16588.5,16593.25,11:20:00,16553.20555067336,0,26
2022-02-28,16623.35,16642.45,16620.95,16625.8,11:25:00,16559.885974418754,0,27
2022-02-28,16618.3,16642.85,16614.3,16623.05,11:30:00,16565.449214950302,0,28
2022-02-28,16599.8,16627.15,16597.95,16617.25,11:35:00,16568.72071828837,0,29
2022-02-28,16606.45,16620.85,16594.35,16600.3,11:40:00,16572.313983213287,0,30
2022-02-28,16634.6,16638.95,16600.75,16606.7,11:45:00,16578.24598481202,0,31
2022-02-28,16667.1,16668.35,16633.8,16634.95,11:50:00,16586.70827197278,0,32
2022-02-28,16684.5,16687.45,16664.7,16668.4,11:55:00,16596.021769880135,0,33
2022-02-28,16705.75,16706.55,16664.0,16685.1,12:00:00,16606.4720775106,0,34
2022-02-28,16708.6,16717.6,16695.9,16707.8,12:05:00,16616.198546319116,0,35
2022-02-28,16673.6,16710.4,16668.3,16707.9,12:10:00,16621.66535143158,0,36
2022-02-28,16669.75,16685.35,16652.75,16673.85,12:15:00,16626.24484177143,0,37
2022-02-28,16687.5,16689.9,16667.35,16669.95,12:20:00,16632.07866636463,0,38
2022-02-28,16695.1,16706.1,16683.0,16687.85,12:25:00,16638.080698139427,0,39
2022-02-28,16726.5,16728.45,16692.45,16696.55,12:30:00,16646.50158403091,0,40
2022-02-28,16701.45,16734.0,16691.7,16726.4,12:35:00,16651.734766504156,0,41
2022-02-28,16686.65,16709.9,16679.7,16701.05,12:40:00,16655.060026837094,0,42
2022-02-28,16665.95,16707.7,16665.3,16685.05,12:45:00,16656.097167138323,0,43
2022-02-28,16674.4,16683.8,16656.2,16664.85,12:50:00,16657.84029407753,0,44
2022-02-28,16693.85,16696.6,16673.65,16674.6,12:55:00,16661.26978987967,0,45
2022-02-28,16708.8,16713.9,16694.65,16695.0,13:00:00,16665.796476557796,0,46
2022-02-28,16731.25,16732.95,16709.45,16709.45,13:05:00,16672.030145457054,0,47
2022-02-28,16718.3,16741.75,16714.35,16731.35,13:10:00,16676.436798270668,0,48
2022-02-28,16709.25,16727.5,16703.95,16719.05,13:15:00,16679.561865102034,0,49
2022-02-28,16699.1,16717.65,16684.15,16709.6,13:20:00,16681.422639854223,0,50
2022-02-28,16710.35,16712.95,16690.15,16699.9,13:25:00,16684.177626534773,0,51
2022-02-28,16722.3,16726.5,16680.85,16711.05,13:30:00,16687.808328769555,0,52
2022-02-28,16719.5,16729.75,16716.35,16724.9,13:35:00,16690.826583172453,0,53
2022-02-28,16719.85,16738.05,16708.8,16719.75,13:40:00,16693.590718108408,0,54
2022-02-28,16715.8,16727.35,16704.6,16719.9,13:45:00,16695.705887812368,0,55
2022-02-28,16701.7,16721.65,16693.7,16715.85,13:50:00,16696.276755639763,0,56
2022-02-28,16703.2,16715.25,16699.6,16702.25,13:55:00,16696.9361122455,0,57
2022-02-28,16680.45,16720.45,16675.15,16704.0,14:00:00,16695.36600631736,0,58
2022-02-28,16650.5,16686.5,16640.7,16679.65,14:05:00,16691.093053334753,0,59
2022-02-28,16698.95,16700.85,16649.95,16650.75,14:10:00,16691.84133396954,0,60
2022-02-28,16687.4,16705.8,16687.4,16699.15,14:15:00,16691.418349781965,0,61
2022-02-28,16710.85,16718.25,16683.7,16686.65,14:20:00,16693.268983136062,0,62
2022-02-28,16716.2,16716.85,16697.95,16711.05,14:25:00,16695.452889504057,0,63
2022-02-28,16706.1,16718.2,16682.95,16716.35,14:30:00,16696.46690002748,0,64
2022-02-28,16723.65,16725.05,16700.6,16705.4,14:35:00,16699.05576669153,0,65
2022-02-28,16724.2,16736.9,16716.25,16724.65,14:40:00,16701.45045557805,0,66
2022-02-28,16725.65,16733.55,16710.9,16725.1,14:45:00,16703.75517409443,0,67
2022-02-28,16736.1,16748.4,16721.7,16725.15,14:50:00,16706.835633704482,0,68
2022-02-28,16737.55,16744.3,16725.65,16736.95,14:55:00,16709.76081144691,0,69
2022-02-28,16813.95,16814.2,16736.3,16736.3,15:00:00,16719.68359130911,0,70
2022-02-28,16791.2,16815.9,16786.75,16815.9,15:05:00,16726.4946778511,0,71
2022-02-28,16798.25,16801.7,16776.2,16791.6,15:10:00,16733.328518055758,0,72
2022-02-28,16803.85,16803.85,16776.45,16798.4,15:15:00,16740.044849669495,0,73
2022-02-28,16781.8,16804.95,16781.2,16804.1,15:20:00,16744.02153065335,0,74
2022-02-28,16787.65,16792.4,16776.3,16782.6,15:25:00,16748.176622972078,0,75
2022-03-02,16612.0,16641.35,16547.4,16613.9,09:15:00,16735.20742078426,2,1
2022-03-02,16657.3,16657.55,16601.65,16613.35,09:20:00,16727.787666423854,2,2
2022-03-02,16677.25,16678.5,16652.55,16656.2,09:25:00,16722.974555335866,2,3
2022-03-02,16642.75,16676.25,16631.1,16676.25,09:30:00,16715.334121494358,2,4
2022-03-02,16641.0,16646.05,16616.65,16641.95,09:35:00,16708.25468135204,2,5
2022-03-02,16616.3,16659.9,16616.3,16642.85,09:40:00,16699.497092651844,2,6
2022-03-02,16592.85,16621.2,16582.75,16616.1,09:45:00,16689.340226685003,2,7
2022-03-02,16574.4,16608.1,16567.55,16591.9,09:50:00,16678.39353842929,2,8
2022-03-02,16588.8,16595.7,16557.95,16574.6,09:55:00,16669.860820483642,2,9
2022-03-02,16562.4,16588.15,16545.5,16587.9,10:00:00,16659.62645662806,2,10
2022-03-02,16570.55,16573.25,16554.4,16563.05,10:05:00,16651.142984568243,2,11
2022-03-02,16591.65,16604.95,16572.15,16572.4,10:10:00,16645.476986037935,2,12
2022-03-02,16621.75,16621.75,16584.65,16591.05,10:15:00,16643.21727308194,2,13
2022-03-02,16617.0,16627.85,16612.45,16622.85,10:20:00,16640.72038993128,2,14
2022-03-02,16583.45,16616.95,16582.6,16616.95,10:25:00,16635.266067080684,2,15
2022-03-02,16575.0,16585.25,16570.95,16582.9,10:30:00,16629.52644164443,2,16
2022-03-02,16566.95,16589.95,16564.15,16574.55,10:35:00,16623.566780535435,2,17
2022-03-02,16556.7,16576.75,16556.7,16566.8,10:40:00,16617.198515722535,2,18
2022-03-02,16568.75,16571.85,16549.95,16556.2,10:45:00,16612.584371368008,2,19
2022-03-02,16583.7,16583.7,16565.0,16568.5,10:50:00,16609.83347885677,2,20
2022-03-02,16575.3,16583.9,16566.05,16583.15,10:55:00,16606.544576108507,2,21
2022-03-02,16584.75,16585.95,16572.05,16574.9,11:00:00,16604.46890219341,2,22
2022-03-02,16571.7,16589.3,16571.15,16584.25,11:05:00,16601.348054365466,2,23
2022-03-02,16575.35,16580.3,16562.35,16572.1,11:10:00,16598.8720491878,2,24
2022-03-02,16574.3,16585.0,16571.8,16573.9,11:15:00,16596.53185402706,2,25
2022-03-02,16586.9,16587.7,16574.4,16574.75,11:20:00,16595.614534595912,2,26
2022-03-02,16594.15,16602.0,16587.2,16587.2,11:25:00,16595.475055110586,2,27
2022-03-02,16593.55,16607.35,16586.6,16594.45,11:30:00,16595.291716528627,2,28
2022-03-02,16565.7,16593.05,16561.6,16593.05,11:35:00,16592.473457811615,2,29
2022-03-02,16560.3,16576.8,16558.05,16565.35,11:40:00,16589.409318972415,2,30
2022-03-02,16567.75,16570.05,16559.85,16560.35,11:45:00,16587.34652668933,2,31
2022-03-02,16516.0,16573.2,16515.45,16567.8,11:50:00,16580.551619385584,2,32
2022-03-02,16527.65,16534.05,16514.7,16517.6,11:55:00,16575.51336992029,2,33
2022-03-02,16528.5,16538.8,16526.35,16527.8,12:00:00,16571.03590611836,2,34
2022-03-02,16526.65,16537.95,16522.6,16529.1,12:05:00,16566.80867696423,2,35
2022-03-02,16511.65,16531.1,16508.6,16526.55,12:10:00,16561.555469634302,2,36
2022-03-02,16519.1,16531.95,16509.9,16512.4,12:15:00,16557.51209157389,2,37
2022-03-02,16523.65,16528.05,16499.55,16519.75,12:20:00,16554.287130471617,2,38
2022-03-02,16514.75,16525.1,16502.65,16522.65,12:25:00,16550.52168947432,2,39
2022-03-02,16508.2,16520.7,16505.6,16515.7,12:30:00,16546.491052381527,2,40
2022-03-02,16501.0,16514.45,16491.3,16508.9,12:35:00,16542.158571202333,2,41
2022-03-02,16506.2,16520.75,16500.8,16502.85,12:40:00,16538.73394537354,2,42
2022-03-02,16485.85,16505.85,16478.95,16505.85,12:45:00,16533.69737914749,2,43
2022-03-02,16490.45,16496.05,16478.65,16486.2,12:50:00,16529.578581133443,2,44
2022-03-02,16530.15,16530.55,16483.9,16490.35,12:55:00,16529.633001977876,2,45
2022-03-02,16570.9,16571.25,16525.2,16529.9,13:00:00,16533.563192265698,2,46
2022-03-02,16561.85,16577.75,16559.5,16571.5,13:05:00,16536.25717395468,2,47
2022-03-02,16548.85,16565.7,16543.6,16562.9,13:10:00,16537.456490720902,2,48
2022-03-02,16555.05,16555.05,16530.8,16550.8,13:15:00,16539.132063033197,2,49
2022-03-02,16545.25,16562.95,16535.85,16555.15,13:20:00,16539.714723696703,2,50
2022-03-02,16526.4,16545.4,16515.25,16544.75,13:25:00,16538.446654773208,2,51
2022-03-02,16529.6,16543.4,16525.95,16529.75,13:30:00,16537.604116223378,2,52
2022-03-02,16531.75,16544.15,16524.6,16530.95,13:35:00,16537.04658134496,2,53
2022-03-02,16546.3,16551.8,16525.95,16532.45,13:40:00,16537.927859312105,2,54
2022-03-02,16555.1,16559.7,16546.4,16546.4,13:45:00,16539.563301282382,2,55
2022-03-02,16557.45,16561.45,16548.85,16554.2,13:50:00,16541.266796398348,2,56
2022-03-02,16545.5,16566.4,16544.7,16558.15,13:55:00,16541.669958646125,2,57
2022-03-02,16543.45,16547.95,16530.55,16545.0,14:00:00,16541.839486394114,2,58
2022-03-02,16544.2,16556.95,16538.9,16543.3,14:05:00,16542.06429721372,2,59
2022-03-02,16526.6,16547.65,16526.5,16545.1,14:10:00,16540.59150700289,2,60
2022-03-02,16508.25,16533.9,16508.0,16526.55,14:15:00,16537.511363478803,2,61
2022-03-02,16501.55,16509.05,16486.95,16509.05,14:20:00,16534.086471718918,2,62
2022-03-02,16498.95,16507.5,16484.55,16501.8,14:25:00,16530.740141079023,2,63
2022-03-02,16500.3,16518.2,16499.5,16499.5,14:30:00,16527.841080023878,2,64
2022-03-02,16504.2,16516.15,16493.6,16500.15,14:35:00,16525.589548593034,2,65
2022-03-02,16537.8,16542.5,16499.05,16504.8,14:40:00,16526.75244872703,2,66
2022-03-02,16525.9,16548.55,16520.2,16537.5,14:45:00,16526.67126313398,2,67
2022-03-02,16512.5,16533.9,16512.5,16526.85,14:50:00,16525.32161902598,2,68
2022-03-02,16529.35,16529.35,16510.15,16513.2,14:55:00,16525.70527435684,2,69
2022-03-02,16577.6,16587.25,16532.1,16532.1,15:00:00,16530.647629179995,2,70
2022-03-02,16583.85,16587.45,16572.55,16577.7,15:05:00,16535.714521639045,2,71
2022-03-02,16607.15,16612.2,16584.25,16584.25,15:10:00,16542.517900530565,2,72
2022-03-02,16626.55,16626.75,16598.35,16607.9,15:15:00,16550.52095762289,2,73
2022-03-02,16631.75,16639.15,16624.55,16626.8,15:20:00,16558.257056896902,2,74
2022-03-02,16628.75,16639.25,16625.1,16632.6,15:25:00,16564.97067052577,2,75
2022-03-03,16723.95,16768.95,16711.05,16736.0,09:15:00,16580.111559047124,3,1
2022-03-03,16705.4,16726.2,16696.3,16723.3,09:20:00,16592.043791518827,3,2
2022-03-03,16688.55,16714.5,16684.35,16704.1,09:25:00,16601.234858993223,3,3
2022-03-03,16690.0,16700.9,16674.15,16689.1,09:30:00,16609.68868194625,3,4
2022-03-03,16673.75,16691.5,16651.7,16688.9,09:35:00,16615.78975985613,3,5
2022-03-03,16658.0,16680.15,16657.15,16673.65,09:40:00,16619.809782726974,3,6
2022-03-03,16653.4,16674.1,16637.55,16657.2,09:45:00,16623.008851038692,3,7
2022-03-03,16663.65,16669.85,16649.55,16653.6,09:50:00,16626.879436654057,3,8
2022-03-03,16657.7,16672.7,16657.45,16664.05,09:55:00,16629.81472840129,3,9
2022-03-03,16650.35,16658.9,16643.45,16658.85,10:00:00,16631.770468553546,3,10
2022-03-03,16621.1,16651.8,16614.7,16650.1,10:05:00,16630.754233453208,3,11
2022-03-03,16641.85,16641.85,16610.4,16619.75,10:10:00,16631.81097312433,3,12
2022-03-03,16625.6,16649.2,16623.75,16641.8,10:15:00,16631.219451874393,3,13
2022-03-03,16629.9,16629.9,16606.25,16624.55,10:20:00,16631.093789791117,3,14
2022-03-03,16623.15,16634.5,16614.9,16629.55,10:25:00,16630.33723838244,3,15
2022-03-03,16622.05,16629.3,16615.75,16624.85,10:30:00,16629.547977584112,3,16
2022-03-03,16646.85,16652.45,16621.65,16621.65,10:35:00,16631.195789242767,3,17
2022-03-03,16637.45,16651.0,16637.05,16646.8,10:40:00,16631.791428362503,3,18
2022-03-03,16627.55,16638.3,16620.7,16637.4,10:45:00,16631.38748280417,3,19
2022-03-03,16619.2,16628.25,16615.35,16627.65,10:50:00,16630.226770156154,3,20
2022-03-03,16622.3,16628.3,16617.15,16618.95,10:55:00,16629.471839665093,3,21
2022-03-03,16628.75,16644.2,16612.3,16622.35,11:00:00,16629.403093030323,3,22
2022-03-03,16631.9,16638.95,16627.85,16628.35,11:05:00,16629.6408936941,3,23
2022-03-03,16650.7,16654.25,16630.95,16631.7,11:10:00,16631.646522866093,3,24
2022-03-03,16649.9,16659.45,16647.35,16651.85,11:15:00,16633.3849492598,3,25
2022-03-03,16653.45,16653.45,16642.7,16649.5,11:20:00,16635.29590647315,3,26
2022-03-03,16660.7,16661.8,16650.7,16653.1,11:25:00,16637.7153439519,3,27
2022-03-03,16653.85,16662.0,16647.75,16661.35,11:30:00,16639.25197786124,3,28
2022-03-03,16641.65,16660.05,16640.75,16655.4,11:35:00,16639.480360922076,3,29
2022-03-03,16643.3,16649.85,16636.9,16641.3,11:40:00,16639.844136072355,3,30
2022-03-03,16648.4,16649.55,16641.35,16642.45,11:45:00,16640.65898025594,3,31
2022-03-03,16647.1,16652.85,16643.7,16648.7,11:50:00,16641.272410707756,3,32
2022-03-03,16639.9,16647.75,16630.55,16646.9,11:55:00,16641.141704926064,3,33
2022-03-03,16654.65,16654.7,16636.95,16640.0,12:00:00,16642.42820921882,3,34
2022-03-03,16647.85,16659.2,16647.15,16654.25,12:05:00,16642.9445702456,3,35
2022-03-03,16640.4,16647.35,16638.7,16647.35,12:10:00,16642.70223022221,3,36
2022-03-03,16606.6,16640.45,16604.8,16640.45,12:15:00,16639.263922582,3,37
2022-03-03,16574.85,16605.85,16570.75,16604.65,12:20:00,16633.129263288476,3,38
2022-03-03,16571.75,16585.25,16561.85,16574.4,12:25:00,16627.283619165763,3,39
2022-03-03,16542.05,16571.15,16537.5,16571.15,12:30:00,16619.166131626167,3,40
2022-03-03,16552.0,16552.8,16534.55,16543.2,12:35:00,16612.769357185578,3,41
2022-03-03,16557.4,16564.45,16548.55,16550.65,12:40:00,16607.496085072667,3,42
2022-03-03,16563.3,16566.5,16547.9,16556.8,12:45:00,16603.286934113366,3,43
2022-03-03,16566.9,16582.8,16559.05,16562.9,12:50:00,16599.821511816855,3,44
2022-03-03,16536.05,16566.3,16524.05,16565.55,12:55:00,16593.748034500964,3,45
2022-03-03,16530.6,16536.45,16514.85,16536.45,13:00:00,16587.733935977063,3,46
2022-03-03,16513.15,16538.65,16509.85,16530.1,13:05:00,16580.63070397925,3,47
2022-03-03,16521.5,16522.8,16501.85,16512.05,13:10:00,16574.999208362176,3,48
2022-03-03,16513.15,16529.0,16505.3,16520.1,13:15:00,16569.10880756578,3,49
2022-03-03,16504.15,16514.25,16487.0,16512.8,13:20:00,16562.922254464276,3,50
2022-03-03,16488.15,16507.7,16476.9,16503.35,13:25:00,16555.80108737244,3,51
2022-03-03,16533.9,16534.2,16482.0,16487.35,13:30:00,16553.71526952745,3,52
2022-03-03,16545.05,16547.7,16528.6,16533.1,13:35:00,16552.89000576293,3,53
2022-03-03,16549.6,16550.35,16529.75,16546.2,13:40:00,16552.576671880746,3,54
2022-03-03,16570.05,16575.05,16549.1,16550.35,13:45:00,16554.240798368293,3,55
2022-03-03,16569.65,16576.1,16551.35,16569.85,13:50:00,16555.708341380836,3,56
2022-03-03,16562.15,16572.1,16554.9,16569.45,13:55:00,16556.3218326779,3,57
2022-03-03,16533.25,16563.0,16533.25,16562.8,14:00:00,16554.124515280004,3,58
2022-03-03,16520.9,16534.75,16517.4,16534.2,14:05:00,16550.96027572953,3,59
2022-03-03,16513.25,16521.85,16498.4,16521.55,14:10:00,16547.368820898144,3,60
2022-03-03,16500.95,16516.4,16489.75,16511.9,14:15:00,16542.94798081261,3,61
2022-03-03,16525.6,16529.95,16491.75,16503.35,14:20:00,16541.29579216379,3,62
2022-03-03,16532.3,16545.2,16525.05,16525.85,14:25:00,16540.439050052955,3,63
2022-03-03,16551.15,16555.95,16531.35,16532.55,14:30:00,16541.459140524104,3,64
2022-03-03,16542.75,16563.65,16537.85,16551.95,14:35:00,16541.58207952181,3,65
2022-03-03,16547.5,16551.45,16525.35,16543.55,14:40:00,16542.145690995923,3,66
2022-03-03,16525.45,16546.95,16519.65,16546.95,14:45:00,16540.555625186786,3,67
2022-03-03,16522.7,16530.3,16513.45,16526.35,14:50:00,16538.85508945471,3,68
2022-03-03,16500.6,16521.55,16500.6,16521.55,14:55:00,16535.211747601883,3,69
2022-03-03,16481.7,16509.65,16463.15,16500.5,15:00:00,16530.115390687417,3,70
2022-03-03,16455.7,16481.4,16454.4,16481.4,15:05:00,16523.02821062195,3,71
2022-03-03,16526.2,16532.15,16442.95,16453.6,15:10:00,16523.33028580081,3,72
2022-03-03,16518.25,16541.55,16502.7,16528.45,15:15:00,16522.846449057877,3,73
2022-03-03,16502.5,16524.35,16500.8,16521.0,15:20:00,16520.908692004745,3,74
2022-03-03,16508.75,16509.6,16499.85,16501.3,15:25:00,16519.750721337627,3,75
2022-03-04,16254.4,16364.85,16251.75,16362.1,09:15:00,16494.479224067378,4,1
2022-03-04,16258.75,16296.65,16253.0,16253.0,09:20:00,16472.028821775246,4,2
2022-03-04,16274.85,16315.2,16255.75,16255.85,09:25:00,16453.249886368078,4,3
2022-03-04,16280.0,16289.4,16233.5,16271.35,09:30:00,16436.749897190166,4,4
2022-03-04,16280.65,16293.2,16260.25,16279.65,09:35:00,16421.883240314914,4,5
2022-03-04,16274.2,16280.75,16257.85,16280.75,09:40:00,16407.818169808732,4,6
2022-03-04,16277.7,16300.8,16254.0,16274.65,09:45:00,16395.425963160284,4,7
2022-03-04,16264.6,16278.65,16257.75,16275.75,09:50:00,16382.966347621208,4,8
2022-03-04,16263.75,16270.1,16249.2,16264.5,09:55:00,16371.61240975252,4,9
2022-03-04,16260.1,16271.15,16242.1,16263.4,10:00:00,16360.992180252282,4,10
2022-03-04,16249.75,16261.8,16243.05,16260.4,10:05:00,16350.397686894925,4,11
2022-03-04,16219.15,16250.1,16217.9,16250.1,10:10:00,16337.897907190643,4,12
2022-03-04,16211.95,16228.5,16201.25,16218.75,10:15:00,16325.902868410582,4,13
2022-03-04,16189.85,16225.35,16187.25,16211.4,10:20:00,16312.945452371478,4,14
2022-03-04,16182.15,16197.15,16180.4,16185.45,10:25:00,16300.488742621812,4,15
2022-03-04,16172.5,16183.75,16165.8,16180.25,10:30:00,16288.299338562592,4,16
2022-03-04,16196.45,16208.85,16155.65,16171.6,10:35:00,16279.551782509012,4,17
2022-03-04,16184.5,16211.95,16178.65,16196.2,10:40:00,16270.499231793869,4,18
2022-03-04,16210.75,16210.75,16173.8,16184.45,10:45:00,16264.80882876588,4,19
2022-03-04,16182.05,16219.35,16177.45,16210.0,10:50:00,16256.927035550085,4,20
2022-03-04,16151.55,16185.7,16146.4,16183.75,10:55:00,16246.891127402456,4,21
2022-03-04,16147.6,16162.7,16133.8,16152.15,11:00:00,16237.434829554602,4,22
2022-03-04,16144.55,16155.8,16144.15,16146.8,11:05:00,16228.588655311303,4,23
2022-03-04,16159.1,16171.4,16139.8,16144.3,11:10:00,16221.9706881388,4,24
2022-03-04,16179.1,16183.95,16155.1,16159.15,11:15:00,16217.887765458916,4,25
2022-03-04,16195.1,16196.4,16164.85,16178.85,11:20:00,16215.717502081876,4,26
2022-03-04,16220.05,16220.8,16195.5,16195.65,11:25:00,16216.13012093122,4,27
2022-03-04,16219.85,16227.25,16199.55,16220.95,11:30:00,16216.484395128247,4,28
2022-03-04,16218.35,16235.25,16213.35,16220.15,11:35:00,16216.6620717827,4,29
2022-03-04,16225.15,16227.9,16198.95,16217.45,11:40:00,16217.470445898634,4,30
2022-03-04,16242.6,16242.6,16217.9,16224.0,11:45:00,16219.86373676543,4,31
2022-03-04,16240.35,16256.45,16238.45,16243.2,11:50:00,16221.814809454438,4,32
2022-03-04,16266.0,16267.9,16229.6,16240.0,11:55:00,16226.02292283973,4,33
2022-03-04,16241.35,16266.15,16236.4,16265.95,12:00:00,16227.48264447404,4,34
2022-03-04,16249.15,16250.1,16221.4,16242.0,12:05:00,16229.54620214318,4,35
2022-03-04,16254.25,16269.15,16245.15,16249.05,12:10:00,16231.89894479621,4,36
2022-03-04,16262.7,16273.45,16247.5,16253.55,12:15:00,16234.832378625144,4,37
2022-03-04,16243.15,16262.85,16239.0,16262.85,12:20:00,16235.624533041797,4,38
2022-03-04,16262.9,16264.75,16240.9,16243.0,12:25:00,16238.222196561626,4,39
2022-03-04,16288.7,16294.35,16252.45,16262.5,12:30:00,16243.0296064129,4,40
2022-03-04,16323.85,16326.9,16288.95,16288.95,12:35:00,16250.726786754529,4,41
2022-03-04,16331.95,16336.2,16317.25,16325.4,12:40:00,16258.462330873144,4,42
2022-03-04,16319.65,16351.95,16317.15,16331.3,12:45:00,16264.289727932844,4,43
2022-03-04,16343.7,16349.2,16306.9,16322.75,12:50:00,16271.852610986858,4,44
2022-03-04,16359.75,16373.3,16343.95,16344.05,12:55:00,16280.223790892873,4,45
2022-03-04,16381.85,16402.1,16361.25,16361.25,13:00:00,16289.902477474505,4,46
2022-03-04,16361.3,16387.25,16356.25,16381.65,13:05:00,16296.70224152455,4,47
2022-03-04,16358.15,16375.75,16348.65,16359.6,13:10:00,16302.5544089984,4,48
2022-03-04,16374.35,16378.7,16350.45,16357.7,13:15:00,16309.392084331888,4,49
2022-03-04,16410.65,16411.3,16373.75,16374.55,13:20:00,16319.0356953479,4,50
2022-03-04,16440.0,16441.2,16406.85,16410.25,13:25:00,16330.556105314769,4,51
2022-03-04,16414.9,16456.0,16407.7,16438.8,13:30:00,16338.588857189552,4,52
2022-03-04,16422.8,16422.8,16398.9,16412.3,13:35:00,16346.608966028642,4,53
2022-03-04,16417.2,16450.25,16412.55,16423.05,13:40:00,16353.331921644962,4,54
2022-03-04,16398.55,16416.5,16378.65,16416.5,13:45:00,16357.638405297825,4,55
2022-03-04,16442.55,16443.75,16393.45,16398.7,13:50:00,16365.725223840887,4,56
2022-03-04,16427.95,16442.25,16427.95,16442.25,13:55:00,16371.651392998898,4,57
2022-03-04,16377.95,16427.8,16376.6,16426.9,14:00:00,16372.251260332336,4,58
2022-03-04,16348.35,16385.55,16343.8,16378.05,14:05:00,16369.974949824496,4,59
2022-03-04,16342.75,16359.7,16326.0,16349.85,14:10:00,16367.38209746026,4,60
2022-03-04,16334.5,16360.9,16328.15,16342.65,14:15:00,16364.25046913071,4,61
2022-03-04,16348.0,16364.3,16328.75,16335.75,14:20:00,16362.702805403977,4,62
2022-03-04,16351.4,16358.45,16335.7,16347.65,14:25:00,16361.626347746454,4,63
2022-03-04,16358.15,16388.65,16343.25,16350.9,14:30:00,16361.295267008696,4,64
2022-03-04,16301.75,16354.8,16299.8,16354.8,14:35:00,16355.624289198344,4,65
2022-03-04,16286.15,16316.3,16286.15,16301.7,14:40:00,16349.007690227072,4,66
2022-03-04,16299.2,16312.85,16271.6,16283.8,14:45:00,16344.264100681636,4,67
2022-03-04,16296.05,16317.1,16283.9,16298.45,14:50:00,16339.6722815691,4,68
2022-03-04,16277.35,16295.25,16264.8,16295.25,14:55:00,16333.736826181566,4,69
2022-03-04,16266.1,16299.3,16258.25,16277.55,15:00:00,16327.295223688085,4,70
2022-03-04,16240.75,16269.05,16240.75,16264.75,15:05:00,16319.052821432077,4,71
2022-03-04,16245.8,16245.8,16231.95,16241.75,15:10:00,16312.076362248068,4,72
2022-03-04,16224.85,16246.35,16220.95,16246.35,15:15:00,16303.769089653017,4,73
2022-03-04,16240.75,16254.5,16225.0,16225.4,15:20:00,16297.767271590825,4,74
2022-03-04,16242.95,16256.5,16232.05,16241.05,15:25:00,16292.546579058364,4,75
2022-03-08,15806.45,15846.5,15747.4,15755.1,09:15:00,15840.674512618443,1,1
2022-03-08,15828.2,15839.25,15792.75,15806.5,09:20:00,15839.48646379764,1,2
2022-03-08,15806.45,15864.55,15806.1,15828.8,09:25:00,15836.340133912152,1,3
2022-03-08,15822.35,15826.95,15787.65,15805.0,09:30:00,15835.007740206232,1,4
2022-03-08,15805.4,15825.35,15793.25,15822.4,09:35:00,15832.187955424686,1,5
2022-03-08,15806.4,15814.45,15780.0,15805.25,09:40:00,15829.731959669954,1,6
2022-03-08,15817.5,15835.05,15806.3,15806.3,09:45:00,15828.56701112996,1,7
2022-03-08,15830.3,15841.15,15809.85,15817.4,09:50:00,15828.73205768901,1,8
2022-03-08,15836.35,15839.35,15818.6,15829.9,09:55:00,15829.457576004344,1,9
2022-03-08,15858.05,15858.05,15813.45,15835.8,10:00:00,15832.180664003929,1,10
2022-03-08,15878.15,15891.6,15851.4,15857.7,10:05:00,15836.558696003554,1,11
2022-03-08,15887.55,15896.0,15863.1,15879.9,10:10:00,15841.415010669883,1,12
2022-03-08,15860.75,15891.05,15858.15,15886.55,10:15:00,15843.256438225131,1,13
2022-03-08,15871.8,15876.8,15842.2,15862.1,10:20:00,15845.97487267988,1,14
2022-03-08,15875.95,15890.45,15871.3,15871.5,10:25:00,15848.829646710368,1,15
2022-03-08,15848.35,15877.95,15835.85,15876.2,10:30:00,15848.783966071283,1,16
2022-03-08,15813.5,15849.15,15813.5,15847.95,10:35:00,15845.42358835021,1,17
2022-03-08,15826.6,15826.9,15796.4,15812.3,10:40:00,15843.63086565019,1,18
2022-03-08,15805.25,15828.7,15802.35,15827.35,10:45:00,15839.975545112076,1,19
2022-03-08,15821.8,15825.1,15801.8,15805.4,10:50:00,15838.24454081569,1,20
2022-03-08,15790.1,15821.5,15790.1,15821.5,10:55:00,15833.659346452288,1,21
2022-03-08,15787.0,15794.95,15761.2,15790.3,11:00:00,15829.215599171115,1,22
2022-03-08,15782.6,15803.0,15776.0,15786.4,11:05:00,15824.776018297678,1,23
2022-03-08,15791.35,15796.65,15774.45,15782.2,11:10:00,15821.592587983614,1,24
2022-03-08,15754.4,15792.05,15753.8,15792.0,11:15:00,15815.193293889935,1,25
2022-03-08,15764.45,15773.5,15747.05,15755.65,11:20:00,15810.36059923375,1,26
2022-03-08,15775.8,15788.0,15764.6,15765.9,11:25:00,15807.069113592444,1,27
2022-03-08,15770.4,15779.55,15756.5,15775.55,11:30:00,15803.576817059828,1,28
2022-03-08,15783.1,15784.2,15766.5,15771.7,11:35:00,15801.62664400651,1,29
2022-03-08,15757.4,15783.5,15746.35,15782.65,11:40:00,15797.414582672558,1,30
2022-03-08,15735.1,15758.1,15730.4,15758.1,11:45:00,15791.479860513267,1,31
2022-03-08,15713.9,15742.7,15710.05,15734.6,11:50:00,15784.091302369146,1,32
2022-03-08,15699.0,15725.5,15695.75,15715.1,11:55:00,15775.98736881018,1,33
2022-03-08,15726.9,15730.9,15698.75,15699.9,12:00:00,15771.312381304448,1,34
2022-03-08,15710.95,15741.3,15708.4,15726.15,12:05:00,15765.563583084975,1,35
2022-03-08,15728.65,15731.9,15699.65,15712.05,12:10:00,15762.048003743552,1,36
2022-03-08,15724.2,15735.5,15719.55,15727.75,12:15:00,15758.44343195845,1,37
2022-03-08,15757.3,15760.5,15721.6,15724.7,12:20:00,15758.334533676694,1,38
2022-03-08,15756.95,15768.85,15751.35,15756.9,12:25:00,15758.202673326532,1,39
2022-03-08,15723.8,15764.05,15720.1,15756.15,12:30:00,15754.926228247814,1,40
2022-03-08,15701.95,15729.5,15685.95,15723.65,12:35:00,15749.880873176591,1,41
2022-03-08,15710.7,15710.7,15671.45,15700.7,12:40:00,15746.149361445488,1,42
2022-03-08,15716.5,15730.0,15697.0,15710.15,12:45:00,15743.325612736391,1,43
2022-03-08,15711.95,15725.7,15701.35,15716.7,12:50:00,15740.33745914245,1,44
2022-03-08,15714.0,15721.95,15699.1,15711.8,12:55:00,15737.829129700312,1,45
2022-03-08,15690.45,15719.6,15687.25,15713.5,13:00:00,15733.316831633616,1,46
2022-03-08,15702.95,15712.25,15673.3,15688.6,13:05:00,15730.424752430414,1,47
2022-03-08,15737.45,15741.75,15699.85,15702.4,13:10:00,15731.093823627516,1,48
2022-03-08,15728.8,15743.75,15722.15,15737.4,13:15:00,15730.87536423442,1,49
2022-03-08,15705.65,15732.1,15696.35,15728.3,13:20:00,15728.472948593046,1,50
2022-03-08,15682.9,15706.45,15681.15,15705.9,13:25:00,15724.13266777466,1,51
2022-03-08,15727.95,15730.05,15682.05,15682.85,13:30:00,15724.496223224693,1,52
2022-03-08,15758.55,15760.7,15722.9,15728.05,13:35:00,15727.739440060435,1,53
2022-03-08,15781.05,15781.1,15749.2,15758.8,13:40:00,15732.816636245156,1,54
2022-03-08,15777.4,15805.2,15766.75,15781.75,13:45:00,15737.062670888474,1,55
2022-03-08,15819.6,15820.6,15777.3,15777.3,13:50:00,15744.923368899095,1,56
2022-03-08,15835.35,15836.4,15806.3,15820.05,13:55:00,15753.535429003943,1,57
2022-03-08,15848.75,15870.4,15832.25,15834.85,14:00:00,15762.60348338452,1,58
2022-03-08,15898.95,15899.8,15842.55,15848.5,14:05:00,15775.588865919326,1,59
2022-03-08,15858.9,15911.6,15857.7,15902.0,14:10:00,15783.523259641295,1,60
2022-03-08,15843.9,15868.6,15840.7,15858.85,14:15:00,15789.273425389743,1,61
2022-03-08,15826.95,15844.5,15814.35,15843.05,14:20:00,15792.86167059072,1,62
2022-03-08,15875.6,15875.6,15823.6,15827.7,14:25:00,15800.741511486844,1,63
2022-03-08,15922.35,15926.3,15876.75,15876.75,14:30:00,15812.32327229762,1,64
2022-03-08,15927.25,15934.0,15903.45,15923.35,14:35:00,15823.268674935942,1,65
2022-03-08,15954.2,15962.15,15927.0,15927.2,14:40:00,15835.738324942044,1,66
2022-03-08,15967.45,15989.55,15955.2,15955.2,14:45:00,15848.282293995184,1,67
2022-03-08,15986.7,16000.35,15947.15,15967.3,14:50:00,15861.46493266231,1,68
2022-03-08,16008.75,16016.15,15984.4,15986.95,14:55:00,15875.492081932563,1,69
2022-03-08,16015.0,16027.5,15977.2,16008.45,15:00:00,15888.77855031994,1,70
2022-03-08,16012.0,16020.65,16004.4,16015.85,15:05:00,15900.513926479947,1,71
2022-03-08,16017.6,16026.95,15990.55,16012.75,15:10:00,15911.664981100905,1,72
2022-03-08,16026.8,16028.75,16005.95,16018.65,15:15:00,15922.630220996058,1,73
2022-03-08,16017.95,16026.0,16009.6,16025.6,15:20:00,15931.708295186909,1,74
2022-03-08,16016.7,16019.5,16006.75,16018.4,15:25:00,15939.802743264348,1,75
2022-03-09,16051.9,16094.7,15990.0,16082.1,09:15:00,15960.13784652705,2,1
2022-03-09,16097.8,16104.25,16036.7,16052.6,09:20:00,15973.248527810189,2,2
2022-03-09,16119.85,16125.45,16084.95,16096.95,09:25:00,15987.210572780648,2,3
2022-03-09,16112.75,16139.85,16112.75,16120.35,09:30:00,15999.166708706298,2,4
2022-03-09,16124.15,16136.55,16112.25,16112.45,09:35:00,16011.069879305698,2,5
2022-03-09,16124.65,16127.05,16090.4,16123.85,09:40:00,16021.887033657536,2,6
2022-03-09,16100.2,16146.7,16097.85,16125.05,09:45:00,16029.345411404438,2,7
2022-03-09,16080.2,16108.85,16072.9,16098.8,09:50:00,16034.188705556397,2,8
2022-03-09,16127.2,16127.7,16062.15,16078.9,09:55:00,16043.046924074835,2,9
2022-03-09,16134.9,16141.55,16121.8,16128.55,10:00:00,16051.794836067707,2,10
2022-03-09,16138.75,16151.15,16125.25,16134.45,10:05:00,16060.076280251737,2,11
2022-03-09,16145.35,16145.35,16121.95,16138.65,10:10:00,16068.197586894426,2,12
2022-03-09,16163.55,16166.25,16143.9,16145.0,10:15:00,16077.278769094955,2,13
2022-03-09,16171.35,16172.8,16152.25,16163.25,10:20:00,16086.237933943055,2,14
2022-03-09,16152.05,16172.05,16149.5,16171.45,10:25:00,16092.505749758004,2,15
2022-03-09,16138.8,16160.65,16133.05,16154.9,10:30:00,16096.914725971526,2,16
2022-03-09,16145.75,16155.55,16125.95,16138.9,10:35:00,16101.56570445043,2,17
2022-03-09,16142.55,16147.55,16136.2,16145.65,10:40:00,16105.468970693246,2,18
2022-03-09,16156.95,16157.15,16136.95,16141.85,10:45:00,16110.371925865318,2,19
2022-03-09,16158.2,16159.5,16146.15,16157.1,10:50:00,16114.926980544811,2,20
2022-03-09,16158.4,16162.4,16151.5,16158.65,10:55:00,16119.067268111972,2,21
2022-03-09,16144.45,16162.5,16141.6,16159.0,11:00:00,16121.484671148926,2,22
2022-03-09,16124.0,16148.75,16123.3,16143.9,11:05:00,16121.7242262776,2,23
2022-03-09,16132.25,16144.5,16122.3,16123.4,11:10:00,16122.726680917827,2,24
2022-03-09,16109.85,16138.45,16103.9,16134.05,11:15:00,16121.500330354223,2,25
2022-03-09,16113.1,16115.95,16102.25,16110.1,11:20:00,16120.70029889192,2,26
2022-03-09,16123.55,16129.45,16107.9,16113.3,11:25:00,16120.971698997451,2,27
2022-03-09,16135.0,16141.6,16124.4,16124.55,11:30:00,16122.30772766436,2,28
2022-03-09,16155.0,16155.0,16135.55,16135.75,11:35:00,16125.421277410613,2,29
2022-03-09,16158.05,16165.35,16154.95,16158.55,11:40:00,16128.52877480008,2,30
2022-03-09,16147.6,16167.2,16146.25,16158.3,11:45:00,16130.345081961976,2,31
2022-03-09,16174.8,16175.65,16147.5,16147.65,11:50:00,16134.578883679886,2,32
2022-03-09,16194.35,16195.95,16171.45,16174.95,11:55:00,16140.271370948469,2,33
2022-03-09,16186.2,16196.1,16183.6,16196.1,12:00:00,16144.645526096232,2,34
2022-03-09,16176.65,16189.75,16176.65,16186.15,12:05:00,16147.693571229924,2,35
2022-03-09,16181.3,16194.1,16172.9,16177.8,12:10:00,16150.89418349374,2,36
2022-03-09,16209.65,16210.3,16182.4,16182.9,12:15:00,16156.489975541954,2,37
2022-03-09,16220.3,16222.2,16209.05,16211.25,12:20:00,16162.567120728434,2,38
2022-03-09,16237.15,16242.55,16217.05,16220.1,12:25:00,16169.67025208763,2,39
2022-03-09,16232.45,16241.65,16225.4,16235.85,12:30:00,16175.649275698332,2,40
2022-03-09,16249.9,16251.4,16229.15,16232.35,12:35:00,16182.720773250872,2,41
2022-03-09,16249.05,16257.3,16240.65,16250.45,12:40:00,16189.037842465075,2,42
2022-03-09,16271.3,16274.4,16248.2,16249.1,12:45:00,16196.872333658876,2,43
2022-03-09,16284.9,16291.75,16271.4,16272.3,12:50:00,16205.25592092946,2,44
2022-03-09,16296.75,16298.65,16279.65,16284.6,12:55:00,16213.969642745702,2,45
2022-03-09,16299.2,16307.35,16291.8,16297.0,13:00:00,16222.086819627062,2,46
2022-03-09,16320.35,16321.3,16283.95,16299.75,13:05:00,16231.445217757817,2,47
2022-03-09,16317.85,16325.05,16313.3,16320.4,13:10:00,16239.674244638025,2,48
2022-03-09,16298.1,16320.35,16278.65,16318.55,13:15:00,16245.238602291549,2,49
2022-03-09,16306.35,16309.05,16296.35,16297.2,13:20:00,16251.058735406636,2,50
2022-03-09,16283.1,16307.75,16268.9,16305.75,13:25:00,16254.110284415528,2,51
2022-03-09,16259.2,16283.75,16248.75,16283.75,13:30:00,16254.595019233097,2,52
2022-03-09,16298.2,16299.9,16240.7,16259.95,13:35:00,16258.747874544231,2,53
2022-03-09,16310.85,16318.05,16294.7,16296.2,13:40:00,16263.709981730495,2,54
2022-03-09,16308.4,16319.65,16298.6,16311.75,13:45:00,16267.966173946636,2,55
2022-03-09,16322.7,16332.2,16306.6,16307.9,13:50:00,16273.178919285052,2,56
2022-03-09,16339.85,16344.45,16321.2,16321.2,13:55:00,16279.528546019808,2,57
2022-03-09,16352.35,16355.55,16334.75,16339.75,14:00:00,16286.46392258935,2,58
2022-03-09,16340.1,16352.9,16333.9,16352.1,14:05:00,16291.572120437984,2,59
2022-03-09,16339.85,16345.95,16332.05,16340.2,14:10:00,16296.170013729605,2,60
2022-03-09,16363.8,16367.15,16340.05,16340.95,14:15:00,16302.610964802976,2,61
2022-03-09,16367.4,16371.75,16354.75,16363.2,14:20:00,16308.781349107454,2,62
2022-03-09,16379.0,16387.0,16365.6,16367.0,14:25:00,16315.468839668649,2,63
2022-03-09,16385.4,16387.5,16372.1,16379.65,14:30:00,16322.128950176397,2,64
2022-03-09,16387.4,16399.4,16377.2,16386.45,14:35:00,16328.345240635788,2,65
2022-03-09,16365.95,16389.15,16361.8,16387.5,14:40:00,16331.926646289525,2,66
2022-03-09,16400.6,16401.7,16354.9,16365.8,14:45:00,16338.46696569052,2,67
2022-03-09,16412.9,16418.05,16399.35,16400.95,14:50:00,16345.555826100946,2,68
2022-03-09,16371.15,16413.0,16359.05,16413.0,14:55:00,16347.993366472285,2,69
2022-03-09,16346.4,16375.7,16334.3,16372.1,15:00:00,16347.841617284448,2,70
2022-03-09,16339.95,16347.4,16329.5,16345.85,15:05:00,16347.09003468593,2,71
2022-03-09,16349.65,16359.1,16337.9,16341.2,15:10:00,16347.333840906318,2,72
2022-03-09,16342.05,16350.9,16331.9,16350.2,15:15:00,16346.83061796286,2,73
2022-03-09,16348.65,16355.4,16339.5,16342.75,15:20:00,16347.003892442588,2,74
2022-03-09,16370.05,16370.05,16342.75,16348.75,15:25:00,16349.198759829009,2,75
2022-03-10,16679.1,16757.3,16593.05,16757.3,09:15:00,16380.617925559578,3,1
2022-03-10,16658.55,16690.9,16658.55,16677.7,09:20:00,16407.08764693486,3,2
2022-03-10,16644.15,16670.3,16644.15,16657.4,09:25:00,16429.665013893446,3,3
2022-03-10,16630.75,16661.9,16630.75,16643.4,09:30:00,16448.815964951213,3,4
2022-03-10,16644.9,16652.55,16624.6,16630.8,09:35:00,16467.49063495586,3,5
2022-03-10,16615.05,16646.8,16614.9,16646.35,09:40:00,16481.543907817206,3,6
2022-03-10,16667.25,16668.4,16612.35,16612.95,09:45:00,16499.230202310806,3,7
2022-03-10,16673.9,16683.55,16657.35,16666.5,09:50:00,16515.865421138347,3,8
2022-03-10,16690.3,16690.9,16665.15,16673.55,09:55:00,16532.47823817279,3,9
2022-03-10,16705.9,16705.9,16689.1,16689.35,10:00:00,16548.994596442048,3,10
2022-03-10,16724.95,16727.45,16704.45,16706.0,10:05:00,16565.752253923758,3,11
2022-03-10,16716.9,16723.85,16706.2,16722.9,10:10:00,16580.14727735959,3,12
2022-03-10,16720.9,16735.2,16716.5,16719.75,10:15:00,16593.552298563438,3,13
2022-03-10,16729.85,16733.25,16720.75,16721.05,10:20:00,16606.533032033585,3,14
2022-03-10,16748.6,16749.5,16726.35,16729.65,10:25:00,16620.063219458956,3,15
2022-03-10,16726.6,16754.25,16719.9,16748.85,10:30:00,16630.209579510483,3,16
2022-03-10,16733.75,16741.2,16726.0,16726.7,10:35:00,16640.070571938057,3,17
2022-03-10,16704.2,16735.25,16704.2,16733.6,10:40:00,16646.178136515384,3,18
2022-03-10,16720.55,16726.6,16697.55,16703.3,10:45:00,16653.261171132966,3,19
2022-03-10,16716.95,16726.25,16713.55,16720.6,10:50:00,16659.326773882207,3,20
2022-03-10,16721.7,16723.1,16713.45,16716.45,10:55:00,16665.267081131522,3,21
2022-03-10,16721.3,16734.8,16720.85,16721.75,11:00:00,16670.603549595187,3,22
2022-03-10,16729.4,16732.25,16721.15,16721.15,11:05:00,16676.203211538505,3,23
2022-03-10,16739.55,16741.35,16728.45,16730.05,11:10:00,16682.23623901103,3,24
2022-03-10,16733.15,16742.25,16729.25,16740.75,11:15:00,16687.085168629026,3,25
2022-03-10,16730.0,16735.5,16727.25,16733.8,11:20:00,16691.172295426262,3,26
2022-03-10,16718.2,16732.75,16717.35,16730.1,11:25:00,16693.746362528524,3,27
2022-03-10,16711.85,16720.9,16693.65,16719.75,11:30:00,16695.47051847819,3,28
2022-03-10,16698.25,16711.3,16693.55,16710.8,11:35:00,16695.735231004077,3,29
2022-03-10,16720.65,16720.65,16689.05,16698.85,11:40:00,16698.108066146546,3,30
2022-03-10,16716.1,16731.1,16711.15,16721.6,11:45:00,16699.821583656398,3,31
2022-03-10,16711.25,16718.85,16703.4,16716.4,11:50:00,16700.91000426055,3,32
2022-03-10,16713.85,16718.4,16706.0,16711.05,11:55:00,16702.142384807164,3,33
2022-03-10,16706.35,16720.6,16705.3,16713.8,12:00:00,16702.543110063623,3,34
2022-03-10,16707.55,16715.85,16704.1,16706.45,12:05:00,16703.01995672423,3,35
2022-03-10,16694.2,16711.75,16689.7,16708.2,12:10:00,16702.179960845733,3,36
2022-03-10,16689.2,16698.05,16673.6,16694.85,12:15:00,16700.94377409852,3,37
2022-03-10,16688.55,16691.85,16677.85,16689.45,12:20:00,16699.763414660563,3,38
2022-03-10,16703.45,16712.9,16688.4,16688.4,12:25:00,16700.114518026225,3,39
2022-03-10,16673.5,16703.35,16673.5,16702.65,12:30:00,16697.579802023727,3,40
2022-03-10,16665.25,16680.2,16654.3,16673.2,12:35:00,16694.500773259562,3,41
2022-03-10,16648.65,16674.5,16644.75,16664.7,12:40:00,16690.13403294913,3,42
2022-03-10,16624.45,16652.55,16613.8,16649.0,12:45:00,16683.878410763497,3,43
2022-03-10,16620.55,16635.65,16617.65,16623.65,12:50:00,16677.847133547926,3,44
2022-03-10,16659.15,16666.65,16614.4,16620.8,12:55:00,16676.06645416241,3,45
2022-03-10,16643.1,16659.2,16629.4,16659.2,13:00:00,16672.926791861228,3,46
2022-03-10,16622.0,16646.05,16621.0,16642.35,13:05:00,16668.076621207776,3,47
2022-03-10,16632.1,16637.1,16602.05,16623.05,13:10:00,16664.650276330845,3,48
2022-03-10,16658.05,16662.05,16631.55,16631.55,13:15:00,16664.02167858505,3,49
2022-03-10,16668.1,16673.6,16642.35,16658.55,13:20:00,16664.41009014838,3,50
2022-03-10,16654.3,16672.2,16653.9,16667.75,13:25:00,16663.44722441996,3,51
2022-03-10,16652.2,16667.15,16636.95,16653.55,13:30:00,16662.37606018949,3,52
2022-03-10,16653.65,16663.4,16645.3,16651.65,13:35:00,16661.54500683811,3,53
2022-03-10,16597.5,16657.45,16584.7,16654.4,13:40:00,16655.445482377338,3,54
2022-03-10,16558.05,16597.25,16553.9,16595.75,13:45:00,16646.169722150924,3,55
2022-03-10,16517.5,16562.3,16510.2,16557.1,13:50:00,16633.915462898454,3,56
2022-03-10,16535.35,16536.55,16502.95,16515.8,13:55:00,16624.528275955745,3,57
2022-03-10,16465.0,16534.3,16458.3,16534.3,14:00:00,16609.335106817103,3,58
2022-03-10,16496.15,16511.5,16447.9,16462.25,14:05:00,16598.55557283452,3,59
2022-03-10,16524.55,16525.35,16487.15,16495.1,14:10:00,16591.507423040755,3,60
2022-03-10,16513.6,16523.8,16494.35,16523.8,14:15:00,16584.087668465443,3,61
2022-03-10,16500.15,16514.85,16483.95,16513.75,14:20:00,16576.093604802067,3,62
2022-03-10,16501.25,16507.0,16482.7,16499.35,14:25:00,16568.965642439965,3,63
2022-03-10,16579.55,16582.05,16501.55,16501.55,14:30:00,16569.973676493304,3,64
2022-03-10,16607.7,16607.7,16568.45,16578.6,14:35:00,16573.566659684417,3,65
2022-03-10,16594.35,16615.45,16580.0,16607.65,14:40:00,16575.546025428757,3,66
2022-03-10,16569.15,16595.55,16565.95,16593.75,14:45:00,16574.936880149828,3,67
2022-03-10,16592.85,16600.5,16560.2,16568.9,14:50:00,16576.64289156413,3,68
2022-03-10,16564.25,16594.2,16559.0,16592.4,14:55:00,16575.462616177072,3,69
2022-03-10,16581.95,16613.15,16545.45,16562.55,15:00:00,16576.080462255446,3,70
2022-03-10,16606.9,16607.5,16581.05,16582.0,15:05:00,16579.015656326355,3,71
2022-03-10,16615.85,16627.05,16599.7,16608.85,15:10:00,16582.52368905718,3,72
2022-03-10,16601.95,16619.35,16592.5,16615.65,15:15:00,16584.37381390888,3,73
2022-03-10,16587.95,16602.95,16587.85,16602.15,15:20:00,16584.714403060414,3,74
2022-03-10,16566.3,16587.15,16552.0,16586.8,15:25:00,16582.96065038799,3,75
2022-03-11,16539.0,16541.3,16470.9,16536.8,09:15:00,16578.77392177961,4,1
2022-03-11,16576.65,16578.4,16532.85,16543.25,09:20:00,16578.571643514886,4,2
2022-03-11,16618.2,16618.8,16569.35,16576.45,09:25:00,16582.345772703946,4,3
2022-03-11,16635.25,16649.0,16619.75,16619.8,09:30:00,16587.384270541665,4,4
2022-03-11,16659.25,16665.65,16634.95,16635.75,09:35:00,16594.228625728174,4,5
2022-03-11,16642.15,16672.9,16641.55,16658.9,09:40:00,16598.792566135013,4,6
2022-03-11,16640.3,16655.4,16625.65,16642.35,09:45:00,16602.745655074537,4,7
2022-03-11,16675.15,16675.6,16621.35,16640.15,09:50:00,16609.6413069722,4,8
2022-03-11,16667.65,16679.55,16660.8,16673.9,09:55:00,16615.16594440342,4,9
2022-03-11,16680.85,16694.4,16658.3,16667.95,10:00:00,16621.42156874595,4,10
2022-03-11,16672.6,16685.55,16668.8,16678.5,10:05:00,16626.295705055858,4,11
2022-03-11,16640.9,16674.9,16638.05,16672.8,10:10:00,16627.686590288635,4,12
2022-03-11,16641.2,16645.9,16620.45,16640.6,10:15:00,16628.973581689716,4,13
2022-03-11,16592.75,16642.4,16592.4,16641.7,10:20:00,16625.523716766886,4,14
2022-03-11,16585.5,16608.75,16567.2,16594.25,10:25:00,16621.71193421766,4,15
2022-03-11,16605.0,16605.6,16573.15,16584.6,10:30:00,16620.120321435024,4,16
2022-03-11,16552.05,16604.75,16546.3,16604.75,10:35:00,16613.63743367931,4,17
2022-03-11,16572.85,16576.55,16542.65,16552.6,10:40:00,16609.75291618604,4,18
2022-03-11,16583.6,16599.25,16557.2,16572.45,10:45:00,16607.26216226356,4,19
2022-03-11,16580.45,16593.25,16564.35,16584.9,10:50:00,16604.708623000362,4,20
2022-03-11,16615.2,16620.9,16571.9,16580.7,10:55:00,16605.707801762233,4,21
2022-03-11,16608.5,16626.7,16605.05,16615.6,11:00:00,16605.973725403925,4,22
2022-03-11,16624.85,16625.15,16585.6,16608.05,11:05:00,16607.771465841644,4,23
2022-03-11,16606.85,16629.7,16606.85,16626.3,11:10:00,16607.68370719006,4,24
2022-03-11,16607.1,16621.15,16600.9,16607.1,11:15:00,16607.6281160291,4,25
2022-03-11,16614.8,16620.3,16594.55,16607.75,11:20:00,16608.31115259776,4,26
2022-03-11,16620.55,16625.55,16615.15,16615.6,11:25:00,16609.476757112257,4,27
2022-03-11,16638.1,16642.9,16612.95,16622.45,11:30:00,16612.202780244425,4,28
2022-03-11,16650.95,16652.4,16633.2,16638.7,11:35:00,16615.892991649718,4,29
2022-03-11,16644.65,16651.55,16640.45,16651.1,11:40:00,16618.631754349746,4,30
2022-03-11,16658.5,16660.05,16645.7,16645.9,11:45:00,16622.42873012596,4,31
2022-03-11,16640.4,16659.2,16634.8,16659.1,11:50:00,16624.140279637773,4,32
2022-03-11,16636.1,16643.1,16626.9,16640.9,11:55:00,16625.27930062465,4,33
2022-03-11,16624.85,16642.25,16618.65,16637.15,12:00:00,16625.238414850875,4,34
2022-03-11,16630.7,16638.4,16613.7,16625.05,12:05:00,16625.758565817458,4,35
2022-03-11,16640.0,16648.1,16630.95,16631.8,12:10:00,16627.114892882462,4,36
2022-03-11,16642.95,16646.7,16630.25,16640.4,12:15:00,16628.62299832223,4,37
2022-03-11,16653.2,16658.6,16642.95,16643.3,12:20:00,16630.963665148684,4,38
2022-03-11,16627.6,16655.95,16627.3,16653.9,12:25:00,16630.643316086906,4,39
2022-03-11,16652.4,16653.6,16628.2,16631.5,12:30:00,16632.715381221486,4,40
2022-03-11,16660.3,16663.1,16652.6,16653.35,12:35:00,16635.34248777182,4,41
2022-03-11,16646.8,16660.75,16639.7,16660.75,12:40:00,16636.4336794126,4,42
2022-03-11,16647.2,16658.15,16643.35,16647.4,12:45:00,16637.459043278064,4,43
2022-03-11,16614.25,16651.1,16604.1,16647.65,12:50:00,16635.248658203964,4,44
2022-03-11,16625.15,16626.55,16604.25,16614.8,12:55:00,16634.286881232158,4,45
2022-03-11,16624.85,16631.0,16611.4,16626.1,13:00:00,16633.388130638617,4,46
2022-03-11,16581.25,16625.25,16580.9,16625.25,13:05:00,16628.42259438732,4,47
2022-03-11,16586.75,16611.05,16576.35,16579.65,13:10:00,16624.45377587424,4,48
2022-03-11,16596.15,16603.7,16580.4,16587.25,13:15:00,16621.75817817193,4,49
2022-03-11,16598.85,16607.1,16591.0,16596.05,13:20:00,16619.57644691746,4,50
2022-03-11,16629.35,16629.35,16583.3,16599.7,13:25:00,16620.50726149675,4,51
2022-03-11,16600.0,16634.65,16599.5,16634.65,13:30:00,16618.55418897325,4,52
2022-03-11,16586.2,16604.6,16583.25,16599.85,13:35:00,16615.472837642465,4,53
2022-03-11,16581.75,16595.05,16577.4,16585.9,13:40:00,16612.261138819373,4,54
2022-03-11,16572.2,16582.85,16564.6,16580.95,13:45:00,16608.445792265145,4,55
2022-03-11,16591.85,16592.65,16569.45,16572.05,13:50:00,16606.865240620846,4,56
2022-03-11,16607.45,16615.95,16593.15,16593.15,13:55:00,16606.92093199029,4,57
2022-03-11,16588.6,16607.65,16587.95,16606.45,14:00:00,16605.17608132455,4,58
2022-03-11,16601.25,16607.55,16582.2,16588.65,14:05:00,16604.80216881745,4,59
2022-03-11,16614.5,16624.3,16601.4,16601.4,14:10:00,16605.725771787216,4,60
2022-03-11,16618.1,16631.4,16614.4,16614.4,14:15:00,16606.904269712242,4,61
2022-03-11,16628.5,16638.85,16618.25,16618.25,14:20:00,16608.961005930123,4,62
2022-03-11,16608.05,16630.0,16606.65,16628.85,14:25:00,16608.87424346059,4,63
2022-03-11,16612.1,16612.7,16589.35,16609.2,14:30:00,16609.181458369105,4,64
2022-03-11,16613.4,16620.0,16609.9,16611.0,14:35:00,16609.583224238715,4,65
2022-03-11,16636.9,16641.0,16605.8,16612.35,14:40:00,16612.184821930266,4,66
2022-03-11,16628.7,16645.35,16619.45,16638.95,14:45:00,16613.757696032146,4,67
2022-03-11,16634.15,16637.5,16626.15,16628.75,14:50:00,16615.69982021956,4,68
2022-03-11,16621.4,16645.8,16620.75,16635.3,14:55:00,16616.242694484365,4,69
2022-03-11,16651.9,16652.8,16609.9,16621.3,15:00:00,16619.638628342997,4,70
2022-03-11,16638.85,16652.6,16630.0,16651.75,15:05:00,16621.46828278652,4,71
2022-03-11,16628.3,16641.25,16623.15,16639.8,15:10:00,16622.11892252114,4,72
2022-03-11,16633.05,16638.5,16622.0,16628.25,15:15:00,16623.159977519124,4,73
2022-03-11,16624.5,16637.75,16621.65,16632.65,15:20:00,16623.28759870778,4,74
2022-03-11,16621.85,16627.7,16620.05,16624.65,15:25:00,16623.150684545133,4,75
2022-03-14,16663.25,16702.55,16629.1,16651.75,09:15:00,16626.969666969406,0,1
2022-03-14,16651.1,16687.25,16642.8,16664.0,09:20:00,16629.2677939247,0,2
2022-03-14,16657.35,16684.7,16643.9,16650.3,09:25:00,16631.942289741397,0,3
2022-03-14,16671.55,16679.9,16645.65,16656.7,09:30:00,16635.714452623168,0,4
2022-03-14,16628.2,16674.8,16627.45,16672.05,09:35:00,16634.99879046858,0,5
2022-03-14,16630.4,16659.0,16618.9,16628.45,09:40:00,16634.560810423955,0,6
2022-03-14,16642.6,16648.1,16606.5,16629.35,09:45:00,16635.326447526437,0,7
2022-03-14,16654.85,16655.25,16641.25,16642.35,09:50:00,16637.185833476302,0,8
2022-03-14,16673.85,16684.8,16654.9,16655.25,09:55:00,16640.67765885951,0,9
2022-03-14,16682.75,16685.0,16669.35,16673.4,10:00:00,16644.684548491936,0,10
2022-03-14,16684.4,16699.75,16679.5,16683.3,10:05:00,16648.466972445087,0,11
2022-03-14,16679.0,16689.75,16670.55,16685.05,10:10:00,16651.37487983127,0,12
2022-03-14,16655.1,16685.6,16648.85,16678.5,10:15:00,16651.72965318067,0,13
2022-03-14,16652.0,16663.95,16647.55,16655.5,10:20:00,16651.755400496797,0,14
2022-03-14,16663.65,16677.15,16651.9,16652.55,10:25:00,16652.8882194971,0,15
2022-03-14,16673.8,16677.4,16662.0,16663.75,10:30:00,16654.879817640234,0,16
2022-03-14,16691.35,16691.85,16666.85,16673.7,10:35:00,16658.353168341164,0,17
2022-03-14,16687.5,16692.55,16679.4,16691.5,10:40:00,16661.12905707058,0,18
2022-03-14,16688.6,16688.6,16679.55,16687.4,10:45:00,16663.745337349574,0,19
2022-03-14,16689.2,16689.95,16674.85,16689.1,10:50:00,16666.16959093533,0,20
2022-03-14,16710.6,16714.1,16689.7,16690.2,10:55:00,16670.401058465297,0,21
2022-03-14,16714.1,16716.9,16701.0,16710.2,11:00:00,16674.562862420982,0,22
2022-03-14,16708.25,16715.05,16690.35,16713.8,11:05:00,16677.77116123803,0,23
2022-03-14,16721.75,16727.5,16708.35,16708.35,11:10:00,16681.959622072503,0,24
2022-03-14,16724.4,16732.25,16716.4,16721.8,11:15:00,16686.001562827503,0,25
2022-03-14,16734.55,16743.5,16719.6,16723.9,11:20:00,16690.6252235106,0,26
2022-03-14,16752.3,16757.0,16736.2,16736.2,11:25:00,16696.499011747685,0,27
2022-03-14,16734.75,16752.35,16734.75,16752.25,11:30:00,16700.14196300981,0,28
2022-03-14,16757.45,16759.7,16730.6,16733.95,11:35:00,16705.59987129459,0,29
2022-03-14,16746.4,16763.0,16746.2,16758.1,11:40:00,16709.485597837964,0,30
2022-03-14,16747.65,16751.55,16731.25,16746.35,11:45:00,16713.12030280578,0,31
2022-03-14,16757.3,16762.0,16739.35,16747.9,11:50:00,16717.327893014753,0,32
2022-03-14,16750.2,16759.65,16745.5,16758.35,11:55:00,16720.45856987049,0,33
2022-03-14,16755.9,16757.35,16740.5,16751.9,12:00:00,16723.83394416854,0,34
2022-03-14,16748.45,16762.25,16745.2,16756.1,12:05:00,16726.1783304382,0,35
2022-03-14,16730.6,16758.4,16729.35,16748.85,12:10:00,16726.59944182504,0,36
2022-03-14,16737.3,16743.0,16723.65,16731.65,12:15:00,16727.61854260361,0,37
2022-03-14,16737.95,16741.05,16719.1,16736.85,12:20:00,16728.602490927075,0,38
2022-03-14,16747.95,16751.6,16736.7,16738.05,12:25:00,16730.445110838784,0,39
2022-03-14,16758.6,16758.85,16747.3,16748.95,12:30:00,16733.126528854136,0,40
2022-03-14,16761.85,16776.2,16755.25,16759.6,12:35:00,16735.862097534693,0,41
2022-03-14,16758.35,16763.1,16748.4,16763.05,12:40:00,16738.003802531388,0,42
2022-03-14,16766.4,16768.4,16752.6,16759.1,12:45:00,16740.708202290305,0,43
2022-03-14,16777.8,16779.55,16764.55,16765.8,12:50:00,16744.24075445313,0,44
2022-03-14,16768.75,16782.3,16768.3,16778.25,12:55:00,16746.574968314737,0,45
2022-03-14,16768.3,16769.4,16756.5,16769.1,13:00:00,16748.64401895143,0,46
2022-03-14,16779.15,16780.75,16766.85,16768.65,13:05:00,16751.549350479865,0,47
2022-03-14,16781.65,16786.45,16774.5,16780.65,13:10:00,16754.41607900559,0,48
2022-03-14,16771.75,16785.1,16765.75,16782.35,13:15:00,16756.066928624106,0,49
2022-03-14,16766.85,16777.4,16762.95,16772.35,13:20:00,16757.093887802763,0,50
2022-03-14,16776.6,16786.35,16759.1,16766.8,13:25:00,16758.951612773926,0,51
2022-03-14,16769.0,16781.35,16767.15,16777.4,13:30:00,16759.908602033553,0,52
2022-03-14,16783.55,16791.6,16762.95,16769.9,13:35:00,16762.160163744644,0,53
2022-03-14,16792.5,16794.6,16783.8,16783.8,13:40:00,16765.04967195944,0,54
2022-03-14,16788.85,16795.4,16788.85,16793.3,13:45:00,16767.316369868066,0,55
2022-03-14,16794.5,16800.45,16788.3,16790.2,13:50:00,16769.90528702349,0,56
2022-03-14,16792.25,16796.85,16781.45,16794.35,13:55:00,16772.03335492601,0,57
2022-03-14,16790.85,16799.85,16784.3,16792.35,14:00:00,16773.82541636163,0,58
2022-03-14,16797.3,16799.35,16785.0,16790.95,14:05:00,16776.061090993855,0,59
2022-03-14,16811.15,16812.25,16796.25,16797.55,14:10:00,16779.402891851583,0,60
2022-03-14,16829.0,16829.6,16811.1,16811.1,14:15:00,16784.126425960956,0,61
2022-03-14,16837.3,16845.25,16822.05,16830.0,14:20:00,16789.190575869437,0,62
2022-03-14,16857.55,16859.3,16837.55,16837.9,14:25:00,16795.700997215205,0,63
2022-03-14,16863.8,16865.2,16849.7,16858.15,14:30:00,16802.18661652804,0,64
2022-03-14,16851.0,16868.6,16845.7,16863.4,14:35:00,16806.835510192035,0,65
2022-03-14,16861.3,16862.75,16848.55,16851.65,14:40:00,16812.02260445946,0,66
2022-03-14,16869.45,16875.45,16859.8,16861.1,14:45:00,16817.491880225225,0,67
2022-03-14,16863.4,16877.4,16863.4,16870.35,14:50:00,16821.86408210854,0,68
2022-03-14,16876.0,16880.95,16846.6,16863.3,14:55:00,16827.01988381249,0,69
2022-03-14,16871.9,16885.15,16868.0,16875.1,15:00:00,16831.294180592253,0,70
2022-03-14,16881.85,16887.55,16865.5,16873.6,15:05:00,16836.10902053585,0,71
2022-03-14,16873.35,16884.1,16869.85,16883.2,15:10:00,16839.655780484816,0,72
2022-03-14,16866.45,16873.6,16851.8,16873.6,15:15:00,16842.207610914833,0,73
2022-03-14,16865.3,16871.15,16861.1,16867.6,15:20:00,16844.4068860658,0,74
2022-03-14,16886.4,16887.95,16864.1,16865.4,15:25:00,16848.40623025001,0,75
2022-03-15,16891.95,16927.75,16880.1,16906.25,09:15:00,16852.553255940486,1,1
2022-03-15,16877.55,16901.35,16854.2,16893.25,09:20:00,16854.933898231866,1,2
2022-03-15,16904.6,16906.15,16852.15,16876.4,09:25:00,16859.664003162165,1,3
2022-03-15,16872.7,16917.2,16869.7,16903.6,09:30:00,16860.90552667053,1,4
2022-03-15,16842.75,16884.15,16840.55,16874.2,09:35:00,16859.176428892384,1,5
2022-03-15,16845.55,16853.25,16826.45,16839.9,09:40:00,16857.878673759777,1,6
2022-03-15,16823.45,16860.3,16819.45,16846.5,09:45:00,16854.59975244932,1,7
2022-03-15,16811.15,16831.2,16810.5,16824.35,09:50:00,16850.46168078748,1,8
2022-03-15,16818.75,16833.1,16807.65,16811.75,09:55:00,16847.441520712484,1,9
2022-03-15,16858.45,16870.0,16811.2,16818.1,10:00:00,16848.489947311296,1,10
2022-03-15,16866.05,16878.95,16858.55,16858.85,10:05:00,16850.16233328165,1,11
2022-03-15,16861.2,16869.55,16850.1,16866.1,10:10:00,16851.213539635777,1,12
2022-03-15,16847.4,16872.3,16842.4,16861.25,10:15:00,16850.85034538475,1,13
2022-03-15,16879.35,16879.45,16842.05,16848.15,10:20:00,16853.564598205252,1,14
2022-03-15,16888.4,16892.45,16879.95,16879.95,10:25:00,16856.882255519038,1,15
2022-03-15,16877.85,16892.15,16870.8,16888.75,10:30:00,16858.879183564844,1,16
2022-03-15,16887.65,16887.9,16874.05,16877.65,10:35:00,16861.619261320575,1,17
2022-03-15,16875.4,16889.15,16861.3,16887.35,10:40:00,16862.931712623376,1,18
2022-03-15,16863.75,16875.3,16856.05,16875.3,10:45:00,16863.009644754482,1,19
2022-03-15,16854.05,16866.8,16846.2,16863.5,10:50:00,16862.156345254054,1,20
2022-03-15,16838.8,16854.95,16836.1,16854.4,10:55:00,16859.931931420335,1,21
2022-03-15,16860.7,16860.7,16833.2,16839.3,11:00:00,16860.005080808874,1,22
2022-03-15,16853.3,16866.95,16852.8,16860.35,11:05:00,16859.36650168422,1,23
2022-03-15,16852.85,16860.9,16842.35,16852.9,11:10:00,16858.7458824762,1,24
2022-03-15,16838.6,16852.2,16829.6,16852.2,11:15:00,16856.827227002275,1,25
2022-03-15,16846.25,16851.35,16836.35,16838.05,11:20:00,16855.819872049677,1,26
2022-03-15,16850.65,16858.1,16842.45,16846.0,11:25:00,16855.327503283042,1,27
2022-03-15,16837.15,16854.8,16836.2,16851.05,11:30:00,16853.59631249418,1,28
2022-03-15,16840.9,16842.5,16828.55,16837.2,11:35:00,16852.38713987569,1,29
2022-03-15,16837.55,16851.55,16835.4,16841.05,11:40:00,16850.97407893515,1,30
2022-03-15,16853.3,16863.45,16837.7,16837.7,11:45:00,16851.19559522704,1,31
2022-03-15,16865.5,16869.65,16853.05,16853.05,11:50:00,16852.55791949113,1,32
2022-03-15,16879.2,16879.5,16863.05,16866.45,11:55:00,16855.095260491977,1,33
2022-03-15,16883.4,16887.15,16877.15,16879.9,12:00:00,16857.79094996893,1,34
2022-03-15,16877.7,16883.9,16873.4,16883.65,12:05:00,16859.68704997189,1,35
2022-03-15,16878.3,16885.35,16871.5,16879.25,12:10:00,16861.459711879328,1,36
2022-03-15,16857.3,16878.35,16857.1,16878.35,12:15:00,16861.0635488432,1,37
2022-03-15,16872.85,16874.35,16853.45,16857.55,12:20:00,16862.186068000992,1,38
2022-03-15,16866.0,16876.55,16865.55,16873.7,12:25:00,16862.549299619946,1,39
2022-03-15,16845.6,16865.3,16841.75,16865.3,12:30:00,16860.935080608524,1,40
2022-03-15,16810.25,16845.75,16809.65,16845.75,12:35:00,16856.107930074377,1,41
2022-03-15,16779.25,16809.8,16753.9,16809.8,12:40:00,16848.78812721015,1,42
2022-03-15,16767.8,16780.1,16747.5,16780.1,12:45:00,16841.074972237755,1,43
2022-03-15,16770.0,16792.3,16761.25,16768.85,12:50:00,16834.305927262732,1,44
2022-03-15,16764.05,16782.15,16759.0,16770.95,12:55:00,16827.614886571042,1,45
2022-03-15,16736.95,16762.55,16724.5,16762.55,13:00:00,16818.98013546904,1,46
2022-03-15,16735.35,16742.5,16728.0,16738.4,13:05:00,16811.015360662463,1,47
2022-03-15,16736.55,16760.15,16730.8,16736.1,13:10:00,16803.92342155175,1,48
2022-03-15,16699.4,16737.65,16684.55,16737.65,13:15:00,16793.968809975395,1,49
2022-03-15,16705.6,16714.65,16692.75,16700.3,13:20:00,16785.552732834883,1,50
2022-03-15,16715.0,16717.8,16677.15,16706.8,13:25:00,16778.833424945846,1,51
2022-03-15,16695.8,16715.8,16686.4,16715.35,13:30:00,16770.925479712907,1,52
2022-03-15,16727.5,16740.2,16695.35,16696.25,13:35:00,16766.78971974025,1,53
2022-03-15,16723.1,16731.85,16716.45,16727.4,13:40:00,16762.628794050703,1,54
2022-03-15,16705.75,16728.65,16691.35,16722.15,13:45:00,16757.211766045875,1,55
2022-03-15,16699.25,16711.15,16690.15,16706.75,13:50:00,16751.69159785103,1,56
2022-03-15,16661.25,16710.15,16660.7,16700.0,13:55:00,16743.07811234141,1,57
2022-03-15,16642.9,16660.95,16630.35,16660.45,14:00:00,16733.537339737464,1,58
2022-03-15,16657.0,16662.45,16633.0,16643.0,14:05:00,16726.248069286277,1,59
2022-03-15,16642.8,16658.65,16642.8,16658.65,14:10:00,16718.300634116156,1,60
2022-03-15,16608.25,16643.45,16601.75,16643.45,14:15:00,16707.819621343187,1,61
2022-03-15,16580.45,16609.45,16572.85,16608.8,14:20:00,16695.689181215264,1,62
2022-03-15,16584.0,16594.45,16555.0,16581.25,14:25:00,16685.05211633762,1,63
2022-03-15,16610.95,16613.2,16582.85,16583.95,14:30:00,16677.994771924517,1,64
2022-03-15,16583.55,16611.5,16568.85,16611.5,14:35:00,16669.00003174123,1,65
2022-03-15,16604.9,16609.4,16563.6,16584.15,14:40:00,16662.895266813495,1,66
2022-03-15,16628.3,16635.0,16598.3,16605.95,14:45:00,16659.600479497924,1,67
2022-03-15,16663.15,16663.35,16627.15,16627.45,14:50:00,16659.93852906955,1,68
2022-03-15,16699.0,16700.35,16659.05,16661.85,14:55:00,16663.658669158165,1,69
2022-03-15,16658.8,16708.2,16642.85,16698.15,15:00:00,16663.19593876215,1,70
2022-03-15,16666.95,16671.25,16641.95,16659.55,15:05:00,16663.55346840385,1,71
2022-03-15,16668.1,16678.85,16664.65,16666.3,15:10:00,16663.98647141301,1,72
2022-03-15,16668.75,16678.65,16658.6,16668.75,15:15:00,16664.440140802246,1,73
2022-03-15,16653.15,16670.15,16649.9,16669.2,15:20:00,16663.36488929727,1,74
2022-03-15,16646.2,16653.3,16638.95,16653.3,15:25:00,16661.730137935625,1,75
2022-03-16,16890.8,16915.0,16837.85,16856.65,09:15:00,16683.54631527509,2,1
2022-03-16,16897.85,16902.8,16884.0,16892.8,09:20:00,16703.956190010795,2,2
2022-03-16,16929.45,16933.5,16898.15,16898.95,09:25:00,16725.431790962146,2,3
2022-03-16,16933.65,16942.6,16924.55,16930.15,09:30:00,16745.262096584796,2,4
2022-03-16,16919.6,16937.6,16898.9,16933.85,09:35:00,16761.865706433862,2,5
2022-03-16,16912.15,16921.0,16902.8,16920.1,09:40:00,16776.178496297303,2,6
2022-03-16,16894.7,16922.95,16892.3,16913.0,09:45:00,16787.466258554705,2,7
2022-03-16,16891.3,16900.15,16881.2,16895.4,09:50:00,16797.3551863114,2,8
2022-03-16,16889.95,16915.8,16888.75,16892.7,09:55:00,16806.17373999603,2,9
2022-03-16,16877.85,16907.7,16876.95,16890.0,10:00:00,16813.000050472598,2,10
2022-03-16,16874.6,16886.35,16864.85,16877.15,10:05:00,16818.86671233235,2,11
2022-03-16,16855.1,16874.8,16850.1,16874.1,10:10:00,16822.317501634032,2,12
2022-03-16,16866.35,16884.8,16855.1,16855.65,10:15:00,16826.511072906982,2,13
2022-03-16,16846.65,16871.0,16840.55,16867.2,10:20:00,16828.42906596346,2,14
2022-03-16,16862.8,16864.6,16844.95,16845.7,10:25:00,16831.702488252653,2,15
2022-03-16,16873.3,16881.05,16858.25,16862.9,10:30:00,16835.664156038114,2,16
2022-03-16,16866.55,16881.4,16862.45,16874.5,10:35:00,16838.605664986866,2,17
2022-03-16,16886.55,16888.0,16864.25,16867.2,10:40:00,16843.171792130972,2,18
2022-03-16,16893.75,16896.45,16886.3,16886.3,10:45:00,16847.988764308975,2,19
2022-03-16,16894.25,16901.05,16890.5,16894.1,10:50:00,16852.394596279548,2,20
2022-03-16,16882.35,16894.85,16878.85,16894.85,10:55:00,16855.24749187197,2,21
2022-03-16,16879.6,16885.3,16871.6,16882.45,11:00:00,16857.566778360353,2,22
2022-03-16,16873.25,16889.9,16873.25,16879.55,11:05:00,16859.06041851651,2,23
2022-03-16,16880.2,16883.9,16870.45,16873.65,11:10:00,16861.07371199113,2,24
2022-03-16,16892.2,16899.4,16876.8,16879.95,11:15:00,16864.038120372927,2,25
2022-03-16,16889.75,16894.85,16883.7,16891.65,11:20:00,16866.486870813602,2,26
2022-03-16,16885.15,16897.7,16881.95,16889.25,11:25:00,16868.264311688497,2,27
2022-03-16,16905.7,16906.2,16885.25,16885.25,11:30:00,16871.82961533721,2,28
2022-03-16,16904.85,16914.25,16904.85,16906.5,11:35:00,16874.974413876524,2,29
2022-03-16,16908.4,16915.15,16900.2,16906.7,11:40:00,16878.15780303114,2,30
2022-03-16,16920.3,16923.55,16905.05,16908.65,11:45:00,16882.171345599603,2,31
2022-03-16,16918.6,16926.1,16915.2,16919.6,11:50:00,16885.640741256786,2,32
2022-03-16,16911.2,16919.25,16907.3,16919.25,11:55:00,16888.07495637519,2,33
2022-03-16,16909.15,16912.9,16904.95,16910.7,12:00:00,16890.082103387078,2,34
2022-03-16,16909.55,16910.6,16896.4,16907.9,12:05:00,16891.936188778785,2,35
2022-03-16,16913.7,16914.4,16903.4,16910.25,12:10:00,16894.008932704615,2,36
2022-03-16,16921.8,16922.45,16910.85,16914.0,12:15:00,16896.655701018462,2,37
2022-03-16,16923.9,16924.8,16911.55,16921.55,12:20:00,16899.25039615956,2,38
2022-03-16,16907.5,16923.85,16907.5,16923.05,12:25:00,16900.036072715793,2,39
2022-03-16,16914.05,16922.75,16894.0,16907.45,12:30:00,16901.370732457144,2,40
2022-03-16,16915.9,16917.9,16913.15,16913.95,12:35:00,16902.754472223132,2,41
2022-03-16,16917.7,16921.0,16913.15,16915.95,12:40:00,16904.17785582093,2,42
2022-03-16,16921.45,16940.2,16916.7,16917.75,12:45:00,16905.822821933223,2,43
2022-03-16,16912.15,16922.05,16912.0,16921.15,12:50:00,16906.425410320535,2,44
2022-03-16,16905.7,16916.7,16903.2,16911.55,12:55:00,16906.356323623342,2,45
2022-03-16,16893.45,16906.25,16884.85,16906.25,13:00:00,16905.12714994493,2,46
2022-03-16,16897.5,16903.4,16884.45,16893.4,13:05:00,16904.40075471208,2,47
2022-03-16,16862.65,16898.15,16862.65,16897.45,13:10:00,16900.424492358547,2,48
2022-03-16,16873.2,16878.7,16848.45,16862.45,13:15:00,16897.831683562494,2,49
2022-03-16,16910.3,16912.05,16873.25,16873.25,13:20:00,16899.01914227083,2,50
2022-03-16,16904.95,16909.0,16893.3,16908.15,13:25:00,16899.583985864083,2,51
2022-03-16,16909.45,16912.65,16898.2,16904.75,13:30:00,16900.52360625798,2,52
2022-03-16,16903.85,16911.75,16898.25,16909.4,13:35:00,16900.84040566198,2,53
2022-03-16,16897.05,16911.35,16896.3,16904.15,13:40:00,16900.479414646554,2,54
2022-03-16,16908.3,16922.05,16890.3,16897.6,13:45:00,16901.224232299264,2,55
2022-03-16,16893.9,16908.25,16893.45,16908.0,13:50:00,16900.526686366,2,56
2022-03-16,16893.7,16902.1,16889.5,16893.8,13:55:00,16899.876525759715,2,57
2022-03-16,16893.45,16900.25,16882.95,16892.85,14:00:00,16899.264475687363,2,58
2022-03-16,16887.9,16906.85,16887.6,16892.4,14:05:00,16898.182144669518,2,59
2022-03-16,16878.7,16891.25,16876.3,16887.75,14:10:00,16896.32670232004,2,60
2022-03-16,16879.6,16889.95,16871.65,16879.05,14:15:00,16894.733683051465,2,61
2022-03-16,16893.25,16902.45,16879.05,16879.55,14:20:00,16894.592379903705,2,62
2022-03-16,16906.65,16909.75,16892.7,16893.55,14:25:00,16895.740724674783,2,63
2022-03-16,16891.8,16910.7,16891.6,16907.25,14:30:00,16895.365417562898,2,64
2022-03-16,16904.7,16906.85,16890.5,16892.4,14:35:00,16896.25442541405,2,65
2022-03-16,16906.95,16922.55,16896.5,16903.75,14:40:00,16897.27305156509,2,66
2022-03-16,16912.0,16913.4,16901.1,16907.0,14:45:00,16898.675618082703,2,67
2022-03-16,16914.75,16919.0,16906.75,16912.45,14:50:00,16900.206511598637,2,68
2022-03-16,16935.3,16939.85,16914.7,16914.7,14:55:00,16903.548748589244,2,69
2022-03-16,16979.35,16980.3,16935.3,16936.85,15:00:00,16910.767915390268,2,70
2022-03-16,16975.45,16987.9,16973.85,16980.55,15:05:00,16916.92811392453,2,71
2022-03-16,16978.7,16980.35,16965.9,16976.55,15:10:00,16922.811150693622,2,72
2022-03-16,16977.8,16980.4,16973.45,16979.7,15:15:00,16928.048183960895,2,73
2022-03-16,16972.8,16978.7,16966.7,16978.7,15:20:00,16932.310261678904,2,74
2022-03-16,16966.35,16976.2,16964.5,16973.95,15:25:00,16935.55214151901,2,75
2022-03-17,17219.1,17224.3,17178.3,17203.25,09:15:00,16962.55669946958,3,1
2022-03-17,17200.65,17228.85,17199.35,17219.3,09:20:00,16985.23225190105,3,2
2022-03-17,17185.25,17204.15,17181.55,17201.25,09:25:00,17004.281561243806,3,3
2022-03-17,17176.45,17198.95,17176.25,17184.9,09:30:00,17020.67855541106,3,4
2022-03-17,17206.7,17213.95,17175.75,17175.85,09:35:00,17038.39488346715,3,5
2022-03-17,17199.8,17213.3,17194.85,17207.25,09:40:00,17053.766799327423,3,6
2022-03-17,17207.35,17214.4,17199.35,17199.35,09:45:00,17068.39377082005,3,7
2022-03-17,17220.15,17220.65,17206.55,17207.6,09:50:00,17082.846745027666,3,8
2022-03-17,17240.6,17243.85,17216.9,17220.0,09:55:00,17097.87086454884,3,9
2022-03-17,17257.3,17259.7,17239.75,17240.65,10:00:00,17113.054591734664,3,10
2022-03-17,17259.45,17264.05,17253.2,17257.75,10:05:00,17126.99701156946,3,11
2022-03-17,17265.95,17266.65,17254.2,17259.7,10:10:00,17140.230629515223,3,12
2022-03-17,17262.5,17278.8,17260.3,17265.8,10:15:00,17151.875331466155,3,13
2022-03-17,17258.8,17266.5,17254.9,17263.35,10:20:00,17162.058633231285,3,14
2022-03-17,17259.1,17271.1,17257.6,17258.75,10:25:00,17171.30066816164,3,15
2022-03-17,17256.0,17266.0,17253.8,17259.9,10:30:00,17179.367271193863,3,16
2022-03-17,17250.65,17262.55,17249.6,17257.45,10:35:00,17186.156102508732,3,17
2022-03-17,17263.6,17263.6,17247.0,17251.05,10:40:00,17193.531711793614,3,18
2022-03-17,17263.0,17268.3,17260.75,17263.35,10:45:00,17200.147739241842,3,19
2022-03-17,17252.2,17264.4,17252.05,17262.15,10:50:00,17205.105097409287,3,20
2022-03-17,17263.8,17263.85,17252.0,17252.3,10:55:00,17210.695088132212,3,21
2022-03-17,17263.65,17265.35,17254.9,17263.65,11:00:00,17215.738413072002,3,22
2022-03-17,17258.35,17264.3,17252.6,17264.1,11:05:00,17219.796659446096,3,23
2022-03-17,17262.75,17264.35,17251.0,17258.0,11:10:00,17223.887453784562,3,24
2022-03-17,17257.15,17265.05,17254.15,17261.8,11:15:00,17227.05531532889,3,25
2022-03-17,17260.85,17263.25,17256.2,17256.2,11:20:00,17230.27385672614,3,26
2022-03-17,17277.05,17277.4,17257.55,17260.6,11:25:00,17234.728727514128,3,27
2022-03-17,17285.75,17290.7,17273.55,17276.45,11:30:00,17239.587896322308,3,28
2022-03-17,17287.1,17287.1,17280.15,17285.35,11:35:00,17244.112858577326,3,29
2022-03-17,17286.95,17291.8,17285.0,17287.15,11:40:00,17248.19258633187,3,30
2022-03-17,17297.65,17299.85,17285.95,17286.6,11:45:00,17252.902816205024,3,31
2022-03-17,17303.55,17304.0,17293.75,17297.85,11:50:00,17257.72635751883,3,32
2022-03-17,17295.1,17305.75,17294.65,17304.1,11:55:00,17261.285752040847,3,33
2022-03-17,17288.3,17299.2,17283.35,17296.85,12:00:00,17263.858537560765,3,34
2022-03-17,17275.65,17292.7,17273.45,17288.1,12:05:00,17264.98153398355,3,35
2022-03-17,17287.95,17288.2,17273.55,17275.45,12:10:00,17267.1690069375,3,36
2022-03-17,17275.55,17288.35,17274.9,17287.3,12:15:00,17267.967196752976,3,37
2022-03-17,17290.55,17291.45,17275.8,17275.8,12:20:00,17270.117939919357,3,38
2022-03-17,17305.75,17308.8,17290.4,17290.6,12:25:00,17273.51146945085,3,39
2022-03-17,17311.3,17314.75,17305.85,17306.25,12:30:00,17277.110377122197,3,40
2022-03-17,17328.55,17329.1,17311.15,17311.15,12:35:00,17282.009388824845,3,41
2022-03-17,17319.1,17328.75,17318.1,17328.75,12:40:00,17285.541827984383,3,42
2022-03-17,17320.1,17326.05,17315.6,17319.2,12:45:00,17288.83308246206,3,43
2022-03-17,17308.6,17320.2,17307.4,17320.2,12:50:00,17290.715646037104,3,44
2022-03-17,17303.05,17312.8,17302.45,17308.45,12:55:00,17291.890346414522,3,45
2022-03-17,17294.9,17312.05,17294.4,17303.75,13:00:00,17292.17698008933,3,46
2022-03-17,17302.2,17303.65,17290.85,17294.75,13:05:00,17293.131553414158,3,47
2022-03-17,17302.8,17303.0,17296.55,17302.15,13:10:00,17294.052357850902,3,48
2022-03-17,17299.0,17305.25,17297.55,17301.6,13:15:00,17294.523561865102,3,49
2022-03-17,17297.2,17304.6,17282.8,17298.8,13:20:00,17294.77846073509,3,50
2022-03-17,17289.6,17297.35,17283.65,17297.35,13:25:00,17294.285273998416,3,51
2022-03-17,17295.1,17300.1,17284.3,17289.15,13:30:00,17294.36286695095,3,52
2022-03-17,17290.0,17294.8,17287.4,17294.8,13:35:00,17293.947355812765,3,53
2022-03-17,17290.75,17302.85,17289.1,17289.7,13:40:00,17293.642845735358,3,54
2022-03-17,17299.55,17300.75,17278.6,17290.85,13:45:00,17294.2054318558,3,55
2022-03-17,17306.75,17310.65,17295.8,17298.9,13:50:00,17295.40015263144,3,56
2022-03-17,17311.75,17319.25,17305.5,17305.9,13:55:00,17296.957280952254,3,57
2022-03-17,17320.2,17320.2,17304.2,17311.6,14:00:00,17299.170873242518,3,58
2022-03-17,17336.8,17344.6,17319.7,17319.7,14:05:00,17302.754599600372,3,59
2022-03-17,17312.55,17340.1,17301.65,17338.15,14:10:00,17303.687494876525,3,60
2022-03-17,17307.9,17312.7,17304.25,17312.7,14:15:00,17304.088685840667,3,61
2022-03-17,17318.6,17321.2,17306.0,17309.3,14:20:00,17305.470715760603,3,62
2022-03-17,17323.0,17325.45,17311.05,17318.2,14:25:00,17307.14017140245,3,63
2022-03-17,17328.35,17332.05,17322.35,17322.8,14:30:00,17309.160155078407,3,64
2022-03-17,17313.8,17330.65,17308.5,17328.9,14:35:00,17309.60204507094,3,65
2022-03-17,17312.15,17327.0,17308.7,17313.6,14:40:00,17309.844707445136,3,66
2022-03-17,17291.9,17312.3,17290.0,17312.2,14:45:00,17308.135687688457,3,67
2022-03-17,17307.1,17311.75,17280.9,17291.35,14:50:00,17308.037050765746,3,68
2022-03-17,17322.7,17323.25,17296.85,17307.25,14:55:00,17309.43352212139,3,69
2022-03-17,17306.2,17322.85,17287.7,17322.6,15:00:00,17309.12556763364,3,70
2022-03-17,17281.95,17309.15,17281.4,17307.25,15:05:00,17306.5374183352,3,71
2022-03-17,17273.05,17281.9,17259.05,17281.9,15:10:00,17303.348140398513,3,72
2022-03-17,17292.95,17297.0,17267.15,17272.45,15:15:00,17302.35784131294,3,73
2022-03-17,17299.45,17307.3,17292.35,17292.7,15:20:00,17302.08090404504,3,74
2022-03-17,17299.4,17304.85,17284.5,17299.5,15:25:00,17301.825579850276,3,75
2022-03-21,17279.85,17353.35,17266.85,17330.6,09:15:00,17299.732667483582,0,1
2022-03-21,17303.4,17309.15,17255.7,17277.6,09:20:00,17300.08193724705,0,2
2022-03-21,17333.65,17337.8,17302.8,17304.25,09:25:00,17303.278895604475,0,3
2022-03-21,17280.35,17332.65,17280.25,17332.65,09:30:00,17301.095191261193,0,4
2022-03-21,17293.15,17304.9,17269.5,17279.5,09:35:00,17300.338506379176,0,5
2022-03-21,17281.95,17294.0,17265.9,17292.95,09:40:00,17298.58722005735,0,6
2022-03-21,17260.55,17287.5,17260.5,17281.15,09:45:00,17294.964627670935,0,7
2022-03-21,17255.6,17266.0,17250.6,17260.1,09:50:00,17291.2156155118,0,8
2022-03-21,17238.05,17269.85,17236.95,17255.85,09:55:00,17286.152223558292,0,9
2022-03-21,17244.95,17247.75,17226.25,17237.7,10:00:00,17282.228202267026,0,10
2022-03-21,17266.15,17266.55,17241.35,17244.9,10:05:00,17280.69694490826,0,11
2022-03-21,17232.75,17266.75,17230.7,17266.75,10:10:00,17276.130569202713,0,12
2022-03-21,17236.6,17238.0,17225.6,17232.95,10:15:00,17272.36575308817,0,13
2022-03-21,17223.1,17236.15,17215.35,17236.15,10:20:00,17267.67377660358,0,14
2022-03-21,17241.2,17241.4,17219.95,17223.0,10:25:00,17265.152464546096,0,15
2022-03-21,17223.65,17246.85,17223.05,17241.1,10:30:00,17261.19984887504,0,16
2022-03-21,17223.45,17232.35,17217.6,17223.2,10:35:00,17257.604625172655,0,17
2022-03-21,17236.35,17236.35,17209.05,17223.15,10:40:00,17255.580375156213,0,18
2022-03-21,17245.7,17248.05,17227.7,17236.5,10:45:00,17254.639387046096,0,19
2022-03-21,17230.45,17245.3,17226.2,17245.3,10:50:00,17252.33563589885,0,20
2022-03-21,17255.3,17255.7,17230.6,17230.6,10:55:00,17252.617956289436,0,21
2022-03-21,17267.45,17269.15,17254.25,17254.25,11:00:00,17254.03053188092,0,22
2022-03-21,17273.7,17276.8,17265.15,17267.9,11:05:00,17255.903814558926,0,23
2022-03-21,17252.7,17276.85,17250.4,17273.75,11:10:00,17255.598689362836,0,24
2022-03-21,17253.6,17254.0,17245.7,17253.0,11:15:00,17255.408337994948,0,25
2022-03-21,17266.1,17268.45,17253.05,17253.05,11:20:00,17256.426591519237,0,26
2022-03-21,17265.75,17270.7,17259.1,17264.65,11:25:00,17257.314535184072,0,27
2022-03-21,17271.95,17278.25,17263.15,17267.0,11:30:00,17258.708388976065,0,28
2022-03-21,17258.2,17276.25,17257.55,17271.55,11:35:00,17258.659970978344,0,29
2022-03-21,17258.4,17262.75,17250.65,17258.1,11:40:00,17258.63521183755,0,30
2022-03-21,17251.55,17258.9,17241.55,17258.55,11:45:00,17257.960429757783,0,31
2022-03-21,17237.2,17251.05,17233.45,17250.9,11:50:00,17255.98324597133,0,32
2022-03-21,17233.95,17237.5,17231.9,17237.1,11:55:00,17253.884841593106,0,33
2022-03-21,17234.85,17237.55,17227.5,17234.3,12:00:00,17252.07199953662,0,34
2022-03-21,17247.0,17247.1,17230.35,17235.65,12:05:00,17251.588951961705,0,35
2022-03-21,17222.8,17249.3,17222.7,17247.05,12:10:00,17248.847147012973,0,36
2022-03-21,17229.9,17230.85,17218.55,17222.5,12:15:00,17247.04265682126,0,37
2022-03-21,17224.55,17230.6,17221.05,17229.5,12:20:00,17244.90049902876,0,38
2022-03-21,17221.7,17239.25,17221.6,17224.65,12:25:00,17242.69092769269,0,39
2022-03-21,17196.6,17223.15,17195.9,17221.85,12:30:00,17238.30131553148,0,40
2022-03-21,17180.45,17195.65,17179.15,17195.2,12:35:00,17232.791666433244,0,41
2022-03-21,17162.45,17182.2,17152.55,17180.6,12:40:00,17226.09246010627,0,42
2022-03-21,17156.9,17176.15,17155.7,17161.65,12:45:00,17219.502702000907,0,43
2022-03-21,17155.05,17161.95,17140.2,17156.3,12:50:00,17213.364349429394,0,44
2022-03-21,17150.0,17160.2,17149.05,17155.35,12:55:00,17207.329649483738,0,45
2022-03-21,17139.05,17149.85,17124.05,17149.35,13:00:00,17200.826825723383,0,46
2022-03-21,17136.25,17154.55,17136.25,17138.75,13:05:00,17194.676651844966,0,47
2022-03-21,17134.9,17138.2,17127.9,17135.8,13:10:00,17188.983637383542,0,48
2022-03-21,17142.85,17149.8,17131.8,17134.1,13:15:00,17184.58995763273,0,49
2022-03-21,17125.45,17145.3,17123.8,17142.45,13:20:00,17178.957580715323,0,50
2022-03-21,17126.75,17130.15,17112.4,17125.15,13:25:00,17173.985430171007,0,51
2022-03-21,17154.0,17154.35,17123.95,17126.45,13:30:00,17172.082055869007,0,52
2022-03-21,17171.4,17171.55,17153.8,17154.15,13:35:00,17172.017098167198,0,53
2022-03-21,17152.55,17173.95,17151.1,17169.5,13:40:00,17170.163088817942,0,54
2022-03-21,17152.1,17160.3,17152.1,17152.45,13:45:00,17168.442794644805,0,55
2022-03-21,17142.2,17157.15,17142.2,17152.35,13:50:00,17165.943480869108,0,56
2022-03-21,17149.8,17149.8,17134.75,17142.15,13:55:00,17164.40600650062,0,57
2022-03-21,17164.8,17172.0,17150.95,17150.95,14:00:00,17164.443529691038,0,58
2022-03-21,17176.2,17178.6,17155.4,17164.85,14:05:00,17165.563193529986,0,59
2022-03-21,17170.9,17190.1,17170.8,17175.4,14:10:00,17166.071460812844,0,60
2022-03-21,17169.9,17175.15,17156.45,17170.55,14:15:00,17166.436083592573,0,61
2022-03-21,17147.05,17169.9,17147.05,17169.85,14:20:00,17164.58978991709,0,62
2022-03-21,17147.05,17148.85,17130.35,17145.9,14:25:00,17162.91933373451,0,63
2022-03-21,17134.4,17147.95,17129.0,17147.1,14:30:00,17160.203206712176,0,64
2022-03-21,17109.05,17134.6,17108.35,17134.1,14:35:00,17155.33147273959,0,65
2022-03-21,17121.75,17129.6,17100.65,17108.05,14:40:00,17152.13323724058,0,66
2022-03-21,17113.6,17121.35,17104.55,17121.35,14:45:00,17148.46340512243,0,67
2022-03-21,17122.85,17129.85,17113.45,17114.0,14:50:00,17146.02403320601,0,68
2022-03-21,17110.55,17123.35,17109.2,17122.45,14:55:00,17142.645553853057,0,69
2022-03-21,17110.05,17140.95,17096.4,17112.6,15:00:00,17139.541215390862,0,70
2022-03-21,17110.2,17122.55,17109.55,17111.95,15:05:00,17136.746813925067,0,71
2022-03-21,17124.2,17128.5,17110.35,17111.8,15:10:00,17135.551879265535,0,72
2022-03-21,17114.6,17129.75,17110.45,17125.05,15:15:00,17133.556462192628,0,73
2022-03-21,17126.25,17127.55,17108.3,17114.9,15:20:00,17132.860608650473,0,74
2022-03-21,17112.85,17127.0,17107.4,17126.55,15:25:00,17130.954836398047,0,75
2022-03-22,17106.2,17132.15,17062.7,17132.15,09:15:00,17128.597232931566,1,1
2022-03-22,17117.0,17143.15,17105.15,17108.9,09:20:00,17127.49273455713,1,2
2022-03-22,17066.2,17119.55,17066.2,17117.25,09:25:00,17121.655331265974,1,3
2022-03-22,17059.85,17076.8,17051.6,17066.7,09:30:00,17115.769109240642,1,4
2022-03-22,17064.4,17094.6,17057.55,17059.15,09:35:00,17110.876813122486,1,5
2022-03-22,17069.55,17085.6,17058.15,17065.0,09:40:00,17106.94092615844,1,6
2022-03-22,17069.4,17085.95,17059.75,17068.0,09:45:00,17103.365599857636,1,7
2022-03-22,17041.4,17069.15,17032.75,17069.15,09:50:00,17097.46411415691,1,8
2022-03-22,17055.8,17058.3,17029.55,17040.55,09:55:00,17093.496103284822,1,9
2022-03-22,17061.6,17069.25,17050.6,17054.4,10:00:00,17090.458379162457,1,10
2022-03-22,17066.2,17077.4,17055.8,17058.9,10:05:00,17088.14805733746,1,11
2022-03-22,17035.0,17075.2,17033.0,17066.7,10:10:00,17083.086337591034,1,12
2022-03-22,17037.05,17041.2,17022.6,17035.35,10:15:00,17078.701924487126,1,13
2022-03-22,17047.25,17051.4,17036.9,17037.5,10:20:00,17075.7065031074,1,14
2022-03-22,17056.65,17058.3,17028.7,17046.9,10:25:00,17073.891598049555,1,15
2022-03-22,17039.6,17062.5,17029.3,17055.95,10:30:00,17070.625731568645,1,16
2022-03-22,17015.0,17039.25,17013.3,17038.85,10:35:00,17065.32804284782,1,17
2022-03-22,17015.0,17023.2,17013.2,17016.05,10:40:00,17060.534895909932,1,18
2022-03-22,17026.65,17029.9,17006.3,17015.15,10:45:00,17057.307762966127,1,19
2022-03-22,17020.7,17037.45,17019.85,17025.8,10:50:00,17053.821309350307,1,20
2022-03-22,17033.95,17042.2,17019.95,17020.85,10:55:00,17051.928803697898,1,21
2022-03-22,17044.95,17054.45,17034.35,17034.35,11:00:00,17051.26415572667,1,22
2022-03-22,17063.05,17069.6,17034.9,17044.85,11:05:00,17052.386617086035,1,23
2022-03-22,17061.55,17065.25,17055.65,17063.35,11:10:00,17053.2593202207,1,24
2022-03-22,17067.8,17073.65,17058.85,17061.4,11:15:00,17054.644146866347,1,25
2022-03-22,17077.85,17078.1,17065.5,17067.6,11:20:00,17056.854228117172,1,26
2022-03-22,17072.05,17083.95,17070.8,17079.05,11:25:00,17058.301444486966,1,27
2022-03-22,17063.55,17077.3,17060.4,17071.85,11:30:00,17058.80130691678,1,28
2022-03-22,17055.65,17062.5,17052.8,17061.4,11:35:00,17058.501182448515,1,29
2022-03-22,17064.8,17068.9,17046.9,17055.95,11:40:00,17059.10106983437,1,30
2022-03-22,17048.45,17066.25,17048.45,17064.9,11:45:00,17058.086682231096,1,31
2022-03-22,17037.75,17049.5,17031.0,17048.6,11:50:00,17056.149855351945,1,32
2022-03-22,17022.6,17043.4,17021.15,17036.0,11:55:00,17052.954631032713,1,33
2022-03-22,17021.85,17029.45,17014.65,17024.6,12:00:00,17049.992285220073,1,34
2022-03-22,17035.4,17040.9,17017.85,17021.2,12:05:00,17048.602543770543,1,35
2022-03-22,17030.85,17041.5,17027.95,17036.7,12:10:00,17046.911825316205,1,36
2022-03-22,17045.7,17050.4,17028.8,17031.9,12:15:00,17046.79641338133,1,37
2022-03-22,17050.35,17050.8,17041.3,17045.8,12:20:00,17047.134850202154,1,38
2022-03-22,17057.55,17060.15,17050.3,17050.4,12:25:00,17048.12676923052,1,39
2022-03-22,17040.6,17062.05,17025.0,17058.65,12:30:00,17047.40993406571,1,40
2022-03-22,17067.0,17067.0,17032.85,17041.2,12:35:00,17049.27565463088,1,41
2022-03-22,17138.0,17155.15,17067.1,17068.25,12:40:00,17057.72559228508,1,42
2022-03-22,17147.45,17167.75,17137.5,17137.55,12:45:00,17066.270773972217,1,43
2022-03-22,17150.4,17161.9,17138.35,17147.5,12:50:00,17074.283081212958,1,44
2022-03-22,17162.95,17164.05,17142.2,17148.65,12:55:00,17082.727549668867,1,45
2022-03-22,17184.05,17188.5,17162.85,17162.85,13:00:00,17092.37730684326,1,46
2022-03-22,17194.0,17194.25,17173.5,17185.05,13:05:00,17102.055658572473,1,47
2022-03-22,17231.0,17231.5,17196.7,17197.0,13:10:00,17114.336072041762,1,48
2022-03-22,17224.05,17244.7,17215.15,17231.8,13:15:00,17124.785017561597,1,49
2022-03-22,17234.65,17236.8,17211.3,17223.6,13:20:00,17135.2483492224,1,50
2022-03-22,17243.25,17248.7,17233.9,17235.1,13:25:00,17145.534220725025,1,51
2022-03-22,17263.4,17264.9,17236.6,17241.15,13:30:00,17156.75953303693,1,52
2022-03-22,17270.9,17272.15,17257.75,17264.6,13:35:00,17167.63005370008,1,53
2022-03-22,17271.15,17277.95,17253.15,17271.9,13:40:00,17177.489096204834,1,54
2022-03-22,17268.1,17275.5,17260.75,17271.7,13:45:00,17186.11870609009,1,55
2022-03-22,17299.3,17299.7,17267.95,17267.95,13:50:00,17196.897876938652,1,56
2022-03-22,17310.1,17311.2,17297.45,17300.2,13:55:00,17207.679031515923,1,57
2022-03-22,17305.1,17320.85,17303.4,17311.5,14:00:00,17216.957218990596,1,58
2022-03-22,17293.25,17307.7,17281.35,17305.85,14:05:00,17224.223198134347,1,59
2022-03-22,17293.35,17295.0,17275.35,17294.0,14:10:00,17230.806703073933,1,60
2022-03-22,17285.05,17303.55,17280.1,17293.75,14:15:00,17235.972731352605,1,61
2022-03-22,17250.9,17284.7,17250.9,17284.7,14:20:00,17237.394375985692,1,62
2022-03-22,17258.5,17274.9,17250.0,17251.6,14:25:00,17239.404435415625,1,63
2022-03-22,17257.3,17268.25,17256.2,17258.8,14:30:00,17241.10877489985,1,64
2022-03-22,17263.4,17273.0,17231.05,17256.05,14:35:00,17243.231748718914,1,65
2022-03-22,17279.65,17282.4,17263.35,17263.45,14:40:00,17246.700153602826,1,66
2022-03-22,17276.25,17290.55,17271.85,17279.4,14:45:00,17249.51442468827,1,67
2022-03-22,17289.5,17296.55,17262.85,17276.05,14:50:00,17253.322574717957,1,68
2022-03-22,17285.0,17293.5,17282.65,17291.45,14:55:00,17256.339472363867,1,69
2022-03-22,17301.2,17305.15,17287.75,17287.75,15:00:00,17260.611903567307,1,70
2022-03-22,17302.55,17306.5,17292.6,17302.1,15:05:00,17264.606007989467,1,71
2022-03-22,17316.8,17317.45,17301.4,17302.4,15:10:00,17269.576864371422,1,72
2022-03-22,17323.3,17323.3,17312.15,17317.05,15:15:00,17274.693353478906,1,73
2022-03-22,17326.6,17330.4,17320.2,17323.3,15:20:00,17279.63684362377,1,74
2022-03-22,17328.75,17334.4,17324.95,17327.0,15:25:00,17284.314287088175,1,75
2022-03-23,17420.05,17442.4,17397.75,17414.55,09:15:00,17308.937545666286,2,1
2022-03-23,17406.5,17431.7,17404.2,17420.1,09:20:00,17318.229207983783,2,2
2022-03-23,17379.9,17412.55,17378.75,17406.1,09:25:00,17324.10261674723,2,3
2022-03-23,17378.55,17388.05,17368.15,17378.85,09:30:00,17329.288081818922,2,4
2022-03-23,17395.25,17397.75,17375.25,17377.7,09:35:00,17335.570169264738,2,5
2022-03-23,17370.65,17396.7,17358.9,17395.15,09:40:00,17338.91110552524,2,6
2022-03-23,17387.3,17389.1,17360.8,17370.85,09:45:00,17343.519571665693,2,7
2022-03-23,17385.65,17408.35,17383.85,17387.25,09:50:00,17347.531993411816,2,8
2022-03-23,17365.7,17385.6,17355.5,17384.7,09:55:00,17349.262279753548,2,9
2022-03-23,17351.15,17373.65,17351.05,17365.4,10:00:00,17349.44206263416,2,10
2022-03-23,17339.2,17358.8,17332.6,17348.7,10:05:00,17348.466628097573,2,11
2022-03-23,17359.5,17364.25,17335.35,17339.9,10:10:00,17349.517425421614,2,12
2022-03-23,17349.0,17373.35,17348.5,17360.5,10:15:00,17349.46814681003,2,13
2022-03-23,17322.55,17353.85,17321.9,17349.3,10:20:00,17346.904513780504,2,14
2022-03-23,17317.3,17326.8,17302.85,17320.25,10:25:00,17344.085036277596,2,15
2022-03-23,17340.25,17340.25,17309.7,17317.05,10:30:00,17343.71979472735,2,16
2022-03-23,17327.95,17341.65,17325.25,17340.8,10:35:00,17342.21790951522,2,17
2022-03-23,17335.1,17337.0,17318.45,17328.55,10:40:00,17341.54001337091,2,18
2022-03-23,17350.15,17352.75,17335.3,17336.55,10:45:00,17342.36001209749,2,19
2022-03-23,17366.4,17366.4,17349.65,17349.75,10:50:00,17344.649534754873,2,20
2022-03-23,17384.9,17384.9,17357.2,17366.25,10:55:00,17348.482912397267,2,21
2022-03-23,17370.2,17386.0,17369.35,17384.95,11:00:00,17350.55120645467,2,22
2022-03-23,17344.9,17372.35,17343.05,17369.4,11:05:00,17350.01299631613,2,23
2022-03-23,17324.3,17344.1,17306.55,17344.1,11:10:00,17347.56413952412,2,24
2022-03-23,17341.55,17342.5,17318.5,17324.4,11:15:00,17346.991364331345,2,25
2022-03-23,17336.8,17350.4,17336.8,17342.05,11:20:00,17346.020758204548,2,26
2022-03-23,17347.15,17347.15,17328.55,17336.65,11:25:00,17346.12830504221,2,27
2022-03-23,17347.05,17349.05,17338.45,17347.05,11:30:00,17346.21608551438,2,28
2022-03-23,17336.25,17348.15,17324.8,17346.8,11:35:00,17345.266934513013,2,29
2022-03-23,17323.1,17337.1,17322.25,17335.55,11:40:00,17343.155797892727,2,30
2022-03-23,17338.15,17339.65,17317.55,17323.25,11:45:00,17342.679055236276,2,31
2022-03-23,17335.65,17341.75,17333.05,17338.6,11:50:00,17342.00962140425,2,32
2022-03-23,17298.0,17345.1,17289.8,17336.0,11:55:00,17337.81822888956,2,33
2022-03-23,17273.25,17299.35,17262.6,17299.35,12:00:00,17331.66887375722,2,34
2022-03-23,17264.25,17274.3,17245.65,17273.8,12:05:00,17325.248028637485,2,35
2022-03-23,17284.05,17292.05,17254.75,17263.8,12:10:00,17321.324406862484,2,36
2022-03-23,17273.45,17285.15,17270.85,17284.85,12:15:00,17316.76493954225,2,37
2022-03-23,17275.5,17276.05,17256.6,17272.6,12:20:00,17312.834945300132,2,38
2022-03-23,17270.25,17293.25,17265.85,17273.75,12:25:00,17308.77923622393,2,39
2022-03-23,17231.75,17270.45,17230.05,17270.05,12:30:00,17301.443118488318,2,40
2022-03-23,17245.75,17247.4,17225.35,17232.15,12:35:00,17296.13901196562,2,41
2022-03-23,17226.15,17245.3,17215.2,17245.1,12:40:00,17289.473391778418,2,42
2022-03-23,17243.85,17243.85,17222.8,17225.0,12:45:00,17285.12830684714,2,43
2022-03-23,17235.05,17250.65,17226.65,17243.55,12:50:00,17280.358944290267,2,44
2022-03-23,17235.3,17241.1,17223.95,17234.0,12:55:00,17276.067616262622,2,45
2022-03-23,17240.35,17243.4,17225.6,17235.5,13:00:00,17272.665938523325,2,46
2022-03-23,17259.75,17266.0,17240.75,17240.75,13:05:00,17271.43584914015,2,47
2022-03-23,17259.6,17274.9,17253.75,17260.25,13:10:00,17270.308625412516,2,48
2022-03-23,17257.25,17264.15,17250.4,17258.05,13:15:00,17269.064946801802,2,49
2022-03-23,17282.8,17287.25,17242.6,17256.95,13:20:00,17270.37304710639,2,50
2022-03-23,17279.3,17291.25,17273.8,17282.3,13:25:00,17271.223233096258,2,51
2022-03-23,17279.2,17288.2,17276.3,17279.1,13:30:00,17271.98292518233,2,52
2022-03-23,17265.35,17278.45,17254.05,17278.45,13:35:00,17271.351218022108,2,53
2022-03-23,17250.55,17272.05,17248.55,17265.7,13:40:00,17269.37014963905,2,54
2022-03-23,17244.15,17251.35,17239.35,17250.75,13:45:00,17266.968230625807,2,55
2022-03-23,17212.5,17244.4,17209.05,17244.05,13:50:00,17261.780780090015,2,56
2022-03-23,17233.2,17233.9,17199.6,17211.85,13:55:00,17259.058801033825,2,57
2022-03-23,17246.2,17246.25,17233.4,17233.4,14:00:00,17257.83415331632,2,58
2022-03-23,17261.15,17264.6,17243.05,17245.15,14:05:00,17258.149948238573,2,59
2022-03-23,17247.85,17270.75,17243.4,17261.6,14:10:00,17257.169000787282,2,60
2022-03-23,17252.25,17256.2,17237.7,17247.3,14:15:00,17256.700524521828,2,61
2022-03-23,17271.7,17272.25,17250.5,17252.3,14:20:00,17258.12904599594,2,62
2022-03-23,17276.2,17279.7,17264.95,17271.85,14:25:00,17259.85008923442,2,63
2022-03-23,17296.35,17307.2,17276.5,17276.55,14:30:00,17263.326271212092,2,64
2022-03-23,17282.15,17299.25,17277.7,17296.15,14:35:00,17265.119007287132,2,65
2022-03-23,17259.1,17284.75,17240.75,17280.75,14:40:00,17264.545768497883,2,66
2022-03-23,17270.6,17278.1,17249.8,17258.7,14:45:00,17265.122361974274,2,67
2022-03-23,17259.1,17274.4,17257.55,17270.5,14:50:00,17264.54880369101,2,68
2022-03-23,17264.55,17270.15,17259.2,17259.35,14:55:00,17264.548917625198,2,69
2022-03-23,17261.55,17282.3,17254.95,17267.85,15:00:00,17264.2633064228,2,70
2022-03-23,17261.15,17266.75,17247.85,17261.9,15:05:00,17263.9668010492,2,71
2022-03-23,17254.55,17265.2,17251.4,17262.0,15:10:00,17263.06996285404,2,72
2022-03-23,17229.65,17256.1,17228.65,17255.3,15:15:00,17259.88710924889,2,73
2022-03-23,17239.25,17241.25,17217.45,17229.8,15:20:00,17257.921670272808,2,74
2022-03-23,17223.6,17239.7,17222.45,17239.7,15:25:00,17254.652939770636,2,75
2022-03-24,17156.9,17159.05,17091.15,17114.0,09:15:00,17245.343135982956,3,1
2022-03-24,17176.2,17182.75,17152.1,17159.65,09:20:00,17238.75807541315,3,2
2022-03-24,17200.9,17202.2,17166.65,17175.4,09:25:00,17235.15254442142,3,3
2022-03-24,17197.5,17207.95,17169.5,17200.35,09:30:00,17231.566587809855,3,4
2022-03-24,17197.3,17212.65,17189.55,17197.75,09:35:00,17228.303103256534,3,5
2022-03-24,17209.3,17217.7,17196.2,17198.45,09:40:00,17226.49328389877,3,6
2022-03-24,17208.8,17219.85,17194.6,17210.0,09:45:00,17224.808209241743,3,7
2022-03-24,17245.85,17247.8,17208.75,17209.6,09:50:00,17226.812189313958,3,8
2022-03-24,17256.9,17258.15,17227.5,17246.2,09:55:00,17229.677695093582,3,9
2022-03-24,17257.1,17263.4,17245.2,17257.65,10:00:00,17232.28934317991,3,10
2022-03-24,17249.25,17261.0,17232.65,17257.7,10:05:00,17233.904643829443,3,11
2022-03-24,17254.9,17256.75,17241.55,17248.65,10:10:00,17235.904201559973,3,12
2022-03-24,17226.1,17255.2,17221.75,17254.1,10:15:00,17234.97046807807,3,13
2022-03-24,17217.55,17227.65,17210.15,17226.15,10:20:00,17233.31137588016,3,14
2022-03-24,17210.85,17223.55,17205.0,17217.45,10:25:00,17231.172197224903,3,15
2022-03-24,17217.35,17230.3,17206.6,17212.3,10:30:00,17229.8557974892,3,16
2022-03-24,17221.25,17226.7,17216.85,17217.5,10:35:00,17229.03619772832,3,17
2022-03-24,17212.25,17225.55,17210.1,17221.3,10:40:00,17227.437512230386,3,18
2022-03-24,17220.25,17235.55,17212.9,17212.9,10:45:00,17226.752987256066,3,19
2022-03-24,17223.85,17226.75,17215.75,17221.15,10:50:00,17226.476512279296,3,20
2022-03-24,17227.0,17234.9,17220.9,17224.15,10:55:00,17226.526368252697,3,21
2022-03-24,17252.35,17255.8,17223.6,17227.2,11:00:00,17228.98576175244,3,22
2022-03-24,17274.4,17274.4,17250.65,17252.95,11:05:00,17233.310927299826,3,23
2022-03-24,17272.55,17278.9,17265.0,17276.8,11:10:00,17237.047981842697,3,24
2022-03-24,17261.3,17276.65,17260.55,17273.2,11:15:00,17239.35769785768,3,25
2022-03-24,17283.5,17287.25,17255.7,17261.2,11:20:00,17243.56172663314,3,26
2022-03-24,17278.1,17287.85,17274.95,17284.85,11:25:00,17246.851086001414,3,27
2022-03-24,17278.95,17285.8,17271.15,17279.0,11:30:00,17249.90812542985,3,28
2022-03-24,17281.9,17291.75,17273.05,17279.2,11:35:00,17252.954970627008,3,29
2022-03-24,17271.05,17288.25,17270.8,17281.85,11:40:00,17254.678306757767,3,30
2022-03-24,17258.05,17275.05,17251.35,17270.9,11:45:00,17254.999420399883,3,31
2022-03-24,17239.25,17259.15,17228.7,17258.1,11:50:00,17253.499475599892,3,32
2022-03-24,17232.8,17246.65,17224.0,17239.0,11:55:00,17251.52809697133,3,33
2022-03-24,17213.65,17236.8,17211.3,17231.9,12:00:00,17247.920659164538,3,34
2022-03-24,17215.15,17215.15,17198.15,17213.35,12:05:00,17244.799644006012,3,35
2022-03-24,17187.75,17221.75,17180.2,17216.25,12:10:00,17239.36634457687,3,36
2022-03-24,17181.8,17187.45,17166.45,17186.45,12:15:00,17233.883835569548,3,37
2022-03-24,17154.9,17191.45,17147.6,17182.45,12:20:00,17226.361565515304,3,38
2022-03-24,17152.1,17169.1,17151.95,17155.2,12:25:00,17219.289035466227,3,39
2022-03-24,17173.95,17175.4,17148.1,17153.2,12:30:00,17214.97103208849,3,40
2022-03-24,17169.95,17178.05,17162.9,17174.35,12:35:00,17210.68331474673,3,41
2022-03-24,17180.35,17184.95,17165.6,17170.55,12:40:00,17207.794427627992,3,42
2022-03-24,17180.35,17188.75,17170.55,17180.7,12:45:00,17205.180672615803,3,43
2022-03-24,17164.45,17187.75,17164.45,17179.85,12:50:00,17201.301560938107,3,44
2022-03-24,17172.4,17181.65,17162.55,17163.5,12:55:00,17198.549031324954,3,45
2022-03-24,17188.3,17189.95,17171.05,17173.1,13:00:00,17197.57293310353,3,46
2022-03-24,17179.55,17191.4,17177.9,17190.2,13:05:00,17195.856463284144,3,47
2022-03-24,17153.4,17180.35,17152.35,17179.95,13:10:00,17191.812990590417,3,48
2022-03-24,17173.0,17174.8,17148.9,17152.4,13:15:00,17190.021277200853,3,49
2022-03-24,17171.1,17174.6,17169.2,17172.75,13:20:00,17188.219250800772,3,50
2022-03-24,17214.3,17223.4,17163.0,17171.15,13:25:00,17190.703131676888,3,51
2022-03-24,17214.05,17221.7,17206.0,17215.4,13:30:00,17192.926642945757,3,52
2022-03-24,17194.1,17213.85,17194.1,17213.55,13:35:00,17193.038391236638,3,53
2022-03-24,17187.05,17195.25,17173.8,17193.55,13:40:00,17192.468068261718,3,54
2022-03-24,17178.9,17188.3,17167.0,17187.5,13:45:00,17191.175871284413,3,55
2022-03-24,17185.4,17187.65,17174.7,17178.45,13:50:00,17190.625788304944,3,56
2022-03-24,17180.5,17189.8,17177.0,17185.3,13:55:00,17189.661427513995,3,57
2022-03-24,17202.9,17202.9,17180.5,17180.7,14:00:00,17190.922243941233,3,58
2022-03-24,17212.55,17218.7,17198.5,17202.8,14:05:00,17192.982030232546,3,59
2022-03-24,17225.1,17229.75,17211.5,17212.7,14:10:00,17196.040884496113,3,60
2022-03-24,17203.1,17229.15,17201.35,17224.9,14:15:00,17196.71318121077,3,61
2022-03-24,17224.05,17229.15,17193.8,17202.8,14:20:00,17199.316687762126,3,62
2022-03-24,17239.1,17242.05,17219.95,17223.7,14:25:00,17203.105574641922,3,63
2022-03-24,17237.15,17248.4,17225.2,17239.45,14:30:00,17206.3479008665,3,64
2022-03-24,17231.55,17237.25,17225.55,17237.25,14:35:00,17208.748100783978,3,65
2022-03-24,17224.35,17233.6,17222.3,17230.5,14:40:00,17210.23399594741,3,66
2022-03-24,17237.75,17240.5,17221.25,17224.05,14:45:00,17212.85456776194,3,67
2022-03-24,17226.3,17246.85,17218.6,17237.25,14:50:00,17214.135085117945,3,68
2022-03-24,17228.7,17240.35,17223.1,17226.0,14:55:00,17215.522219868617,3,69
2022-03-24,17233.0,17254.2,17212.6,17230.0,15:00:00,17217.18677035732,3,70
2022-03-24,17232.45,17238.45,17222.35,17233.9,15:05:00,17218.640411275668,3,71
2022-03-24,17224.75,17240.2,17223.85,17233.2,15:10:00,17219.222276868462,3,72
2022-03-24,17222.1,17229.8,17218.85,17225.5,15:15:00,17219.49634573813,3,73
2022-03-24,17210.0,17227.1,17209.35,17222.25,15:20:00,17218.59193185831,3,74
2022-03-24,17197.95,17210.45,17192.25,17210.45,15:25:00,17216.62603358609,3,75
2022-03-25,17215.4,17294.9,17209.65,17294.9,09:15:00,17216.509268482652,4,1
2022-03-25,17203.4,17240.3,17187.3,17220.65,09:20:00,17215.2607667224,4,2
2022-03-25,17191.25,17212.4,17171.95,17202.9,09:25:00,17212.97402703455,4,3
2022-03-25,17181.0,17199.35,17180.95,17192.05,09:30:00,17209.92888160269,4,4
2022-03-25,17186.65,17194.3,17169.25,17180.8,09:35:00,17207.711845259575,4,5
2022-03-25,17201.7,17205.1,17186.1,17186.35,09:40:00,17207.139288568185,4,6
2022-03-25,17212.05,17212.05,17172.95,17201.2,09:45:00,17207.606975371215,4,7
2022-03-25,17227.85,17228.85,17209.6,17213.4,09:50:00,17209.534882478718,4,8
2022-03-25,17231.5,17238.45,17219.8,17228.95,09:55:00,17211.626798433124,4,9
2022-03-25,17231.7,17249.95,17231.35,17231.8,10:00:00,17213.538531915685,4,10
2022-03-25,17216.4,17231.5,17215.1,17231.05,10:05:00,17213.81105268562,4,11
2022-03-25,17191.4,17219.6,17189.15,17215.35,10:10:00,17211.676666715564,4,12
2022-03-25,17190.2,17192.4,17179.1,17192.4,10:15:00,17209.63126988551,4,13
2022-03-25,17199.45,17200.85,17184.0,17189.6,10:20:00,17208.66162513451,4,14
2022-03-25,17193.45,17200.75,17177.2,17197.55,10:25:00,17207.212898931222,4,15
2022-03-25,17189.75,17197.55,17186.35,17193.1,10:30:00,17205.549765699678,4,16
2022-03-25,17184.6,17192.95,17178.95,17189.7,10:35:00,17203.554549918754,4,17
2022-03-25,17195.0,17195.1,17160.05,17184.75,10:40:00,17202.739830878872,4,18
2022-03-25,17196.7,17200.75,17187.55,17194.95,10:45:00,17202.16460889041,4,19
2022-03-25,17189.35,17197.4,17188.5,17196.1,10:50:00,17200.944169948467,4,20
2022-03-25,17183.55,17190.8,17179.4,17189.55,10:55:00,17199.287582334327,4,21
2022-03-25,17174.05,17184.4,17172.7,17184.4,11:00:00,17196.88400306439,4,22
2022-03-25,17177.15,17177.15,17162.85,17173.6,11:05:00,17195.004574201117,4,23
2022-03-25,17184.4,17184.45,17173.6,17178.45,11:10:00,17193.994614753392,4,24
2022-03-25,17183.15,17184.95,17173.7,17184.75,11:15:00,17192.96179430069,4,25
2022-03-25,17184.6,17187.05,17180.85,17183.0,11:20:00,17192.165432938717,4,26
2022-03-25,17190.55,17190.6,17183.05,17184.55,11:25:00,17192.011582182648,4,27
2022-03-25,17186.7,17195.4,17184.95,17190.45,11:30:00,17191.505717212873,4,28
2022-03-25,17192.55,17192.95,17174.95,17186.4,11:35:00,17191.60517271641,4,29
2022-03-25,17191.75,17195.1,17185.6,17192.45,11:40:00,17191.618965791036,4,30
2022-03-25,17187.9,17193.05,17185.15,17191.9,11:45:00,17191.264778572844,4,31
2022-03-25,17188.75,17191.2,17184.6,17187.7,11:50:00,17191.02527585162,4,32
2022-03-25,17187.1,17192.2,17178.75,17188.7,11:55:00,17190.65144005623,4,33
2022-03-25,17160.05,17187.35,17160.0,17186.85,12:00:00,17187.737017193733,4,34
2022-03-25,17130.0,17156.15,17119.3,17153.15,12:05:00,17182.238253651474,4,35
2022-03-25,17125.9,17142.55,17122.45,17129.75,12:10:00,17176.87270568467,4,36
2022-03-25,17145.75,17145.75,17120.25,17125.6,12:15:00,17173.908638476605,4,37
2022-03-25,17146.95,17148.1,17133.75,17141.8,12:20:00,17171.34114909788,4,38
2022-03-25,17138.2,17147.4,17132.45,17146.8,12:25:00,17168.184849183795,4,39
2022-03-25,17140.15,17149.6,17131.7,17137.85,12:30:00,17165.514863547243,4,40
2022-03-25,17149.45,17152.7,17138.3,17139.25,12:35:00,17163.984876542745,4,41
2022-03-25,17159.05,17163.7,17146.55,17146.55,12:40:00,17163.51488830058,4,42
2022-03-25,17147.4,17159.45,17146.75,17158.85,12:45:00,17161.980137033857,4,43
2022-03-25,17147.9,17150.3,17139.6,17147.65,12:50:00,17160.639171602063,4,44
2022-03-25,17135.2,17148.35,17133.35,17147.7,12:55:00,17158.216393354247,4,45
2022-03-25,17147.45,17150.65,17122.3,17135.55,13:00:00,17157.191022558603,4,46
2022-03-25,17157.65,17158.75,17144.25,17147.3,13:05:00,17157.234734695878,4,47
2022-03-25,17144.6,17164.05,17133.35,17157.25,13:10:00,17156.031426629605,4,48
2022-03-25,17141.45,17147.95,17135.9,17144.55,13:15:00,17154.642719331547,4,49
2022-03-25,17130.5,17142.75,17127.3,17141.6,13:20:00,17152.34341272854,4,50
2022-03-25,17137.1,17141.0,17124.9,17130.7,13:25:00,17150.891659135345,4,51
2022-03-25,17145.8,17150.75,17128.75,17135.7,13:30:00,17150.40673921769,4,52
2022-03-25,17127.85,17147.05,17126.45,17145.0,13:35:00,17148.258478339816,4,53
2022-03-25,17108.0,17128.55,17107.55,17127.5,13:40:00,17144.424337545548,4,54
2022-03-25,17088.75,17116.1,17086.9,17108.85,13:45:00,17139.122019684066,4,55
2022-03-25,17090.2,17101.75,17088.55,17088.55,13:50:00,17134.462779714155,4,56
2022-03-25,17102.3,17104.0,17087.2,17089.2,13:55:00,17131.399657836617,4,57
2022-03-25,17097.0,17116.65,17097.0,17102.6,14:00:00,17128.123499947415,4,58
2022-03-25,17087.5,17100.5,17076.55,17096.95,14:05:00,17124.25459519052,4,59
2022-03-25,17104.35,17108.95,17085.05,17087.9,14:10:00,17122.35891945809,4,60
2022-03-25,17124.25,17126.25,17101.95,17104.75,14:15:00,17122.539022366844,4,61
2022-03-25,17121.85,17131.05,17115.3,17124.15,14:20:00,17122.47340118905,4,62
2022-03-25,17140.75,17145.75,17121.1,17121.75,14:25:00,17124.214029647235,4,63
2022-03-25,17135.45,17144.7,17126.95,17141.2,14:30:00,17125.284122061785,4,64
2022-03-25,17127.9,17138.35,17125.7,17136.2,14:35:00,17125.533253293994,4,65
2022-03-25,17111.7,17128.35,17106.25,17127.25,14:40:00,17124.215800599326,4,66
2022-03-25,17120.1,17125.6,17111.65,17112.05,14:45:00,17123.823819589867,4,67
2022-03-25,17113.35,17125.7,17113.35,17119.6,14:50:00,17122.82631296226,4,68
2022-03-25,17111.7,17117.8,17095.15,17113.75,14:55:00,17121.766664108713,4,69
2022-03-25,17127.95,17144.15,17105.65,17117.0,15:00:00,17122.355553241214,4,70
2022-03-25,17132.3,17134.2,17120.85,17128.25,15:05:00,17123.30264340872,4,71
2022-03-25,17134.8,17141.75,17130.5,17134.05,15:10:00,17124.397629750747,4,72
2022-03-25,17152.65,17162.25,17133.85,17136.6,15:15:00,17127.088331679246,4,73
2022-03-25,17194.85,17196.7,17153.2,17153.2,15:20:00,17133.54182390027,4,74
2022-03-25,17179.45,17197.9,17176.75,17195.4,15:25:00,17137.914031147862,4,75
2022-03-28,17158.25,17196.6,17124.55,17196.6,09:15:00,17139.85079008616,0,1
2022-03-28,17118.85,17169.65,17109.45,17160.65,09:20:00,17137.850714839857,0,2
2022-03-28,17083.8,17118.1,17073.15,17118.1,09:25:00,17132.70302771225,0,3
2022-03-28,17075.6,17100.55,17063.6,17082.65,09:30:00,17127.264644120605,0,4
2022-03-28,17084.7,17091.3,17057.75,17076.45,09:35:00,17123.21086849007,0,5
2022-03-28,17068.45,17089.15,17068.0,17084.05,09:40:00,17117.995547681494,0,6
2022-03-28,17055.8,17068.9,17036.5,17068.9,09:45:00,17112.07216218802,0,7
2022-03-28,17062.95,17075.85,17046.85,17056.05,09:50:00,17107.393861027256,0,8
2022-03-28,17077.6,17077.6,17056.9,17062.8,09:55:00,17104.556350453233,0,9
2022-03-28,17061.55,17082.95,17059.25,17077.75,10:00:00,17100.460507552925,0,10
2022-03-28,17062.5,17067.25,17059.0,17061.5,10:05:00,17096.845221119314,0,11
2022-03-28,17045.7,17062.6,17039.5,17062.6,10:10:00,17091.97424767938,0,12
2022-03-28,17025.75,17043.4,17023.85,17043.4,10:15:00,17085.66717647182,0,13
2022-03-28,17030.6,17041.6,17017.55,17025.9,10:20:00,17080.422683474502,0,14
2022-03-28,17027.05,17040.8,17027.05,17030.4,10:25:00,17075.339570762644,0,15
2022-03-28,17030.3,17045.6,17018.9,17026.6,10:30:00,17071.050087832868,0,16
2022-03-28,17014.35,17038.25,17012.85,17028.9,10:35:00,17065.650079467832,0,17
2022-03-28,17022.1,17025.4,17003.9,17012.75,10:40:00,17061.502452851848,0,18
2022-03-28,17017.55,17027.05,17010.85,17022.45,10:45:00,17057.316504961196,0,19
2022-03-28,17035.25,17036.1,17016.05,17016.25,10:50:00,17055.21493306013,0,20
2022-03-28,17042.3,17047.8,17034.8,17034.8,10:55:00,17053.98493943536,0,21
2022-03-28,17044.65,17054.25,17036.9,17042.8,11:00:00,17053.09589758437,0,22
2022-03-28,17035.5,17046.55,17032.2,17044.5,11:05:00,17051.420097814433,0,23
2022-03-28,17043.4,17043.7,17027.95,17034.95,11:10:00,17050.656278974962,0,24
2022-03-28,17037.55,17049.45,17033.1,17042.85,11:15:00,17049.408061929727,0,25
2022-03-28,17055.35,17056.45,17036.95,17036.95,11:20:00,17049.973960793563,0,26
2022-03-28,17053.0,17065.95,17047.7,17054.9,11:25:00,17050.2621550037,0,27
2022-03-28,17053.45,17057.3,17043.9,17052.95,11:30:00,17050.565759289064,0,28
2022-03-28,17029.9,17054.3,17028.5,17053.15,11:35:00,17048.597591737725,0,29
2022-03-28,17033.9,17034.2,17019.95,17030.4,11:40:00,17047.197821096037,0,30
2022-03-28,17027.8,17036.15,17022.5,17034.05,11:45:00,17045.35040956308,0,31
2022-03-28,17025.95,17031.05,17018.0,17026.6,11:50:00,17043.502751509455,0,32
2022-03-28,17027.85,17031.05,17020.4,17024.9,11:55:00,17042.012013270458,0,33
2022-03-28,17014.35,17029.3,17013.5,17027.6,12:00:00,17039.37753581613,0,34
2022-03-28,17008.7,17019.65,17007.85,17015.05,12:05:00,17036.455865738404,0,35
2022-03-28,17051.05,17061.0,17006.25,17009.7,12:10:00,17037.845783287128,0,36
2022-03-28,17079.25,17095.55,17050.85,17050.85,12:15:00,17041.789042021686,0,37
2022-03-28,17075.5,17090.65,17065.0,17080.0,12:20:00,17044.99960944819,0,38
2022-03-28,17077.6,17084.65,17073.1,17076.05,12:25:00,17048.104408548363,0,39
2022-03-28,17135.25,17136.25,17076.25,17076.25,12:30:00,17056.403988686616,0,40
2022-03-28,17141.0,17163.25,17138.05,17140.95,12:35:00,17064.46075166884,0,41
2022-03-28,17143.25,17143.7,17131.0,17141.2,12:40:00,17071.964489605143,0,42
2022-03-28,17161.9,17165.1,17144.65,17144.65,12:45:00,17080.529776309413,0,43
2022-03-28,17177.1,17181.75,17159.5,17162.1,12:50:00,17089.72694047042,0,44
2022-03-28,17196.65,17197.5,17173.7,17179.05,12:55:00,17099.910088997047,0,45
2022-03-28,17183.7,17205.35,17181.45,17197.15,13:00:00,17107.890080521138,0,46
2022-03-28,17212.0,17213.1,17175.25,17182.75,13:05:00,17117.805310947697,0,47
2022-03-28,17216.65,17222.75,17198.25,17212.2,13:10:00,17127.21909085744,0,48
2022-03-28,17208.65,17226.1,17206.8,17218.8,13:15:00,17134.974415537687,0,49
2022-03-28,17189.55,17211.85,17182.5,17208.95,13:20:00,17140.172090248383,0,50
2022-03-28,17200.1,17205.85,17179.3,17189.85,13:25:00,17145.879510224728,0,51
2022-03-28,17143.95,17199.2,17142.25,17199.2,13:30:00,17145.69574734618,0,52
2022-03-28,17139.4,17154.75,17136.45,17143.7,13:35:00,17145.09615236083,0,53
2022-03-28,17150.7,17151.7,17136.15,17140.45,13:40:00,17145.62985213599,0,54
2022-03-28,17165.0,17166.8,17150.1,17151.0,13:45:00,17147.47462812304,0,55
2022-03-28,17162.85,17166.35,17154.9,17164.85,13:50:00,17148.938949254178,0,56
2022-03-28,17175.85,17182.55,17163.3,17163.35,13:55:00,17151.501906468067,0,57
2022-03-28,17173.6,17193.55,17172.9,17178.3,14:00:00,17153.60648680444,0,58
2022-03-28,17166.6,17182.5,17165.6,17173.05,14:05:00,17154.84396425164,0,59
2022-03-28,17171.9,17198.15,17160.95,17166.4,14:10:00,17156.468348608625,0,60
2022-03-28,17172.55,17178.95,17166.55,17171.35,14:15:00,17157.999934455423,0,61
2022-03-28,17178.2,17179.7,17167.45,17172.85,14:20:00,17159.923750221573,0,62
2022-03-28,17188.05,17192.35,17178.35,17178.35,14:25:00,17162.60244067666,0,63
2022-03-28,17200.95,17203.35,17185.8,17188.8,14:30:00,17166.254589183645,0,64
2022-03-28,17205.8,17213.4,17198.15,17201.35,14:35:00,17170.020818785204,0,65
2022-03-28,17180.4,17206.05,17179.0,17206.05,14:40:00,17171.009312234233,0,66
2022-03-28,17168.3,17189.95,17161.35,17182.25,14:45:00,17170.75128249764,0,67
2022-03-28,17174.85,17175.9,17155.35,17167.35,14:50:00,17171.141636545482,0,68
2022-03-28,17210.15,17218.0,17179.45,17179.45,14:55:00,17174.856718779247,0,69
2022-03-28,17211.05,17217.75,17203.5,17209.9,15:00:00,17178.303697943127,0,70
2022-03-28,17230.25,17230.8,17206.0,17210.95,15:05:00,17183.250964805688,0,71
2022-03-28,17221.25,17231.2,17215.75,17231.1,15:10:00,17186.86992053848,0,72
2022-03-28,17224.2,17235.1,17216.5,17221.8,15:15:00,17190.425166201483,0,73
2022-03-28,17232.25,17232.25,17218.2,17224.65,15:20:00,17194.408483706105,0,74
2022-03-28,17215.15,17232.35,17210.15,17232.35,15:25:00,17196.383866210286,0,75
2022-04-01,17482.85,17483.35,17422.7,17437.85,09:15:00,17223.66635514264,4,1
2022-04-01,17482.1,17499.95,17477.45,17484.35,09:20:00,17248.279083224294,4,2
2022-04-01,17467.85,17481.45,17463.25,17481.45,09:25:00,17269.190599107693,4,3
2022-04-01,17485.55,17492.8,17460.3,17466.6,09:30:00,17289.796256335532,4,4
2022-04-01,17485.1,17490.3,17475.15,17485.75,09:35:00,17308.396612875003,4,5
2022-04-01,17494.7,17495.35,17477.0,17485.95,09:40:00,17326.139792601192,4,6
2022-04-01,17504.65,17507.35,17492.5,17492.5,09:45:00,17343.140764734413,4,7
2022-04-01,17503.45,17505.3,17493.55,17504.9,09:50:00,17358.40831095018,4,8
2022-04-01,17527.4,17531.85,17502.85,17503.4,09:55:00,17374.502757526356,4,9
2022-04-01,17538.4,17545.55,17526.95,17526.95,10:00:00,17390.11201871432,4,10
2022-04-01,17542.7,17542.75,17531.95,17538.15,10:05:00,17404.644207408193,4,11
2022-04-01,17526.85,17547.4,17526.0,17541.05,10:10:00,17416.282854321697,4,12
2022-04-01,17533.15,17535.65,17525.2,17526.55,10:15:00,17427.41305867201,4,13
2022-04-01,17538.45,17543.1,17534.45,17534.45,10:20:00,17437.98800546515,4,14
2022-04-01,17542.65,17546.15,17537.5,17537.6,10:25:00,17447.95581446847,4,15
2022-04-01,17537.75,17544.7,17535.05,17543.5,10:30:00,17456.50764166195,4,16
2022-04-01,17537.05,17542.0,17535.15,17537.7,10:35:00,17464.17834245605,4,17
2022-04-01,17533.8,17543.8,17527.85,17537.35,10:40:00,17470.808976507855,4,18
2022-04-01,17530.95,17543.05,17528.45,17534.15,10:45:00,17476.536693030917,4,19
2022-04-01,17531.65,17540.85,17529.4,17530.75,10:50:00,17481.785579408926,4,20
2022-04-01,17528.2,17533.8,17522.65,17531.15,10:55:00,17486.2060004176,4,21
2022-04-01,17527.0,17533.0,17517.3,17527.3,11:00:00,17490.091143234968,4,22
2022-04-01,17551.55,17552.1,17527.25,17527.25,11:05:00,17495.94436768878,4,23
2022-04-01,17548.55,17556.75,17545.35,17553.0,11:10:00,17500.954427908895,4,24
2022-04-01,17535.95,17549.65,17535.05,17548.5,11:15:00,17504.28733953662,4,25
2022-04-01,17537.1,17538.35,17530.45,17536.75,11:20:00,17507.412354818844,4,26
2022-04-01,17528.7,17535.1,17526.7,17534.15,11:25:00,17509.439749598,4,27
2022-04-01,17528.85,17530.65,17523.15,17529.1,11:30:00,17511.28834487438,4,28
2022-04-01,17532.15,17534.85,17523.0,17529.2,11:35:00,17513.27516917206,4,29
2022-04-01,17532.6,17537.35,17528.15,17532.35,11:40:00,17515.11562925091,4,30
2022-04-01,17529.5,17536.1,17525.45,17533.35,11:45:00,17516.485569322253,4,31
2022-04-01,17530.55,17533.6,17528.45,17529.2,11:50:00,17517.82503891061,4,32
2022-04-01,17530.45,17534.9,17528.9,17530.35,11:55:00,17519.02741615722,4,33
2022-04-01,17513.55,17534.5,17513.55,17529.25,12:00:00,17518.50575747558,4,34
2022-04-01,17524.35,17526.7,17511.5,17512.15,12:05:00,17519.062352001714,4,35
2022-04-01,17524.85,17529.4,17523.85,17525.05,12:10:00,17519.613556572982,4,36
2022-04-01,17522.6,17525.75,17520.3,17524.65,12:15:00,17519.897979756508,4,37
2022-04-01,17531.85,17532.85,17516.3,17522.45,12:20:00,17521.036267398744,4,38
2022-04-01,17539.8,17541.9,17532.1,17532.25,12:25:00,17522.823289551245,4,39
2022-04-01,17543.75,17545.4,17537.1,17540.95,12:30:00,17524.81630959398,4,40
2022-04-01,17537.9,17551.15,17537.5,17543.35,12:35:00,17526.062375346937,4,41
2022-04-01,17548.1,17548.85,17537.4,17539.3,12:40:00,17528.161196742465,4,42
2022-04-01,17548.1,17550.7,17541.2,17547.9,12:45:00,17530.06013038604,4,43
2022-04-01,17547.5,17550.8,17544.75,17548.45,12:50:00,17531.721070349275,4,44
2022-04-01,17540.35,17552.05,17538.05,17548.25,12:55:00,17532.54287317315,4,45
2022-04-01,17530.5,17544.85,17530.4,17542.45,13:00:00,17532.348313823328,4,46
2022-04-01,17540.7,17542.0,17530.5,17531.0,13:05:00,17533.143712506822,4,47
2022-04-01,17537.55,17545.9,17536.6,17541.8,13:10:00,17533.56335893474,4,48
2022-04-01,17547.85,17558.45,17537.35,17537.65,13:15:00,17534.92399141715,4,49
2022-04-01,17551.95,17556.75,17547.75,17548.1,13:20:00,17536.545516044087,4,50
2022-04-01,17561.5,17565.65,17550.9,17552.05,13:25:00,17538.922133563698,4,51
2022-04-01,17580.1,17580.5,17562.35,17562.35,13:30:00,17542.84383512906,4,52
2022-04-01,17579.75,17588.65,17573.85,17581.35,13:35:00,17546.35870797391,4,53
2022-04-01,17582.7,17583.45,17574.95,17580.4,13:40:00,17549.819783404968,4,54
2022-04-01,17581.3,17591.4,17581.3,17582.75,13:45:00,17552.817899271162,4,55
2022-04-01,17581.2,17584.0,17571.8,17581.2,13:50:00,17555.520956483433,4,56
2022-04-01,17579.85,17583.3,17574.55,17581.15,13:55:00,17557.838008246916,4,57
2022-04-01,17581.15,17587.8,17579.15,17579.95,14:00:00,17560.058197937688,4,58
2022-04-01,17588.4,17593.45,17580.5,17581.1,14:05:00,17562.757417181718,4,59
2022-04-01,17583.55,17591.3,17583.1,17589.45,14:10:00,17564.73766316441,4,60
2022-04-01,17594.95,17595.7,17583.7,17583.7,14:15:00,17567.615028577326,4,61
2022-04-01,17587.25,17595.2,17584.25,17594.25,14:20:00,17569.485025855676,4,62
2022-04-01,17577.15,17592.55,17573.85,17586.8,14:25:00,17570.215023393233,4,63
2022-04-01,17583.15,17583.65,17570.1,17578.05,14:30:00,17571.446925927212,4,64
2022-04-01,17583.95,17592.2,17583.0,17584.35,14:35:00,17572.637694886525,4,65
2022-04-01,17590.85,17591.5,17580.85,17583.6,14:40:00,17574.37220013543,4,66
2022-04-01,17584.9,17595.25,17583.45,17590.55,14:45:00,17575.37484774158,4,67
2022-04-01,17583.9,17586.95,17580.45,17585.15,14:50:00,17576.186767004285,4,68
2022-04-01,17592.4,17593.5,17575.7,17583.05,14:55:00,17577.730884432447,4,69
2022-04-01,17645.1,17648.1,17592.55,17592.55,15:00:00,17584.146990676974,4,70
2022-04-01,17654.3,17659.55,17645.2,17646.25,15:05:00,17590.828229660117,4,71
2022-04-01,17670.55,17672.25,17651.8,17653.15,15:10:00,17598.420779216296,4,72
2022-04-01,17690.9,17691.55,17670.75,17670.75,15:15:00,17607.228324052838,4,73
2022-04-01,17695.5,17703.7,17690.3,17691.9,15:20:00,17615.63515033352,4,74
2022-04-01,17688.35,17700.05,17685.9,17694.9,15:25:00,17622.56037411128,4,75
2022-04-04,17839.9,17916.05,17791.4,17816.25,09:15:00,17643.259386100683,0,1
2022-04-04,17877.0,17879.25,17836.05,17842.65,09:20:00,17665.520396948235,0,2
2022-04-04,17902.05,17931.85,17872.55,17877.15,09:25:00,17688.04702581031,0,3
2022-04-04,17933.9,17947.15,17902.55,17902.55,09:30:00,17711.461594780754,0,4
2022-04-04,17955.2,17971.9,17935.15,17935.4,09:35:00,17734.674776230207,0,5
2022-04-04,17977.4,17980.0,17942.45,17952.65,09:40:00,17757.791464208283,0,6
2022-04-04,17972.4,17983.1,17963.85,17978.15,09:45:00,17778.230372378923,0,7
2022-04-04,17993.35,17996.5,17968.15,17971.4,09:50:00,17798.71795596188,0,8
2022-04-04,17985.6,17995.75,17983.85,17992.0,09:55:00,17816.516245870273,0,9
2022-04-04,18025.35,18027.4,17981.95,17985.0,10:00:00,17836.405174835007,0,10
2022-04-04,18086.3,18086.65,18026.4,18027.55,10:05:00,17860.20468199358,0,11
2022-04-04,18064.8,18089.6,18061.0,18088.15,10:10:00,17879.68995037514,0,12
2022-04-04,18065.0,18072.25,18055.95,18067.7,10:15:00,17897.33852652989,0,13
2022-04-04,18063.0,18114.65,18054.25,18065.05,10:20:00,17913.11580971752,0,14
2022-04-04,18066.35,18070.5,18054.0,18063.6,10:25:00,17927.709542125376,0,15
2022-04-04,18042.95,18072.45,18042.4,18067.45,10:30:00,17938.684823827723,0,16
2022-04-04,18049.4,18051.65,18027.45,18043.1,10:35:00,17949.229126320322,0,17
2022-04-04,18030.8,18048.7,18029.05,18048.7,10:40:00,17956.99778095648,0,18
2022-04-04,18041.75,18044.0,18023.6,18030.05,10:45:00,17965.069420865388,0,19
2022-04-04,18011.35,18045.25,18003.9,18042.85,10:50:00,17969.477095068683,0,20
2022-04-04,17995.7,18010.25,17984.25,18009.75,10:55:00,17971.974514585952,0,21
2022-04-04,17994.8,18015.9,17983.95,17995.4,11:00:00,17974.148370339673,0,22
2022-04-04,17965.75,18004.45,17962.9,17994.5,11:05:00,17973.348525545418,0,23
2022-04-04,17975.05,17992.7,17965.8,17966.4,11:10:00,17973.51057073157,0,24
2022-04-04,18004.6,18006.55,17974.7,17975.6,11:15:00,17976.471468757136,0,25
2022-04-04,18014.35,18014.35,17996.25,18004.25,11:20:00,17980.078947923124,0,26
2022-04-04,18006.55,18029.8,18004.45,18015.45,11:25:00,17982.600000501876,0,27
2022-04-04,17970.8,18007.8,17968.15,18006.6,11:30:00,17981.47619093027,0,28
2022-04-04,17974.45,17983.0,17953.5,17971.7,11:35:00,17980.80702988929,0,29
2022-04-04,17972.35,17982.95,17968.6,17974.2,11:40:00,17980.001598471263,0,30
2022-04-04,17985.8,17985.8,17969.05,17972.2,11:45:00,17980.553827188287,0,31
2022-04-04,17988.6,17994.55,17977.3,17986.6,11:50:00,17981.320129360833,0,32
2022-04-04,17975.6,17990.65,17974.5,17989.0,11:55:00,17980.775355135993,0,33
2022-04-04,17974.4,17982.5,17972.05,17976.2,12:00:00,17980.168178456373,0,34
2022-04-04,17950.95,17978.35,17949.8,17975.8,12:05:00,17977.38549479386,0,35
2022-04-04,17924.45,17955.75,17923.1,17951.55,12:10:00,17972.344019099208,0,36
2022-04-04,17932.0,17938.6,17921.4,17925.15,12:15:00,17968.50173156595,0,37
2022-04-04,17924.6,17940.95,17924.6,17931.75,12:20:00,17964.320614273955,0,38
2022-04-04,17936.3,17944.3,17910.55,17924.5,12:25:00,17961.6519843431,0,39
2022-04-04,17928.25,17936.8,17922.85,17936.0,12:30:00,17958.47084297709,0,40
2022-04-04,17931.35,17934.35,17914.25,17928.2,12:35:00,17955.8879055507,0,41
2022-04-04,17917.9,17936.7,17913.95,17931.05,12:40:00,17952.270009783966,0,42
2022-04-04,17915.35,17919.65,17901.05,17918.05,12:45:00,17948.753818375968,0,43
2022-04-04,17894.6,17915.45,17888.2,17915.45,12:50:00,17943.59631186397,0,44
2022-04-04,17922.85,17928.0,17893.7,17894.95,12:55:00,17941.62047263883,0,45
2022-04-04,17938.3,17942.85,17924.5,17924.5,13:00:00,17941.30423714942,0,46
2022-04-04,17967.4,17967.4,17937.8,17937.8,13:05:00,17943.789547897093,0,47
2022-04-04,17975.2,17979.9,17953.05,17969.05,13:10:00,17946.78101952594,0,48
2022-04-04,17986.5,17986.7,17964.2,17974.5,13:15:00,17950.56377957109,0,49
2022-04-04,17977.3,17986.15,17968.4,17985.65,13:20:00,17953.110086278604,0,50
2022-04-04,17998.35,17998.9,17975.0,17977.45,13:25:00,17957.418649490166,0,51
2022-04-04,17994.3,18010.8,17988.15,17998.65,13:30:00,17960.93115906253,0,52
2022-04-04,17986.85,17998.5,17981.1,17994.6,13:35:00,17963.399620104195,0,53
2022-04-04,17984.55,18000.65,17982.25,17986.95,13:40:00,17965.413941999035,0,54
2022-04-04,17993.85,17996.6,17983.3,17984.75,13:45:00,17968.122137999126,0,55
2022-04-04,18002.95,18007.4,17986.3,17993.9,13:50:00,17971.439077237304,0,56
2022-04-04,18000.9,18003.8,17994.85,18003.45,13:55:00,17974.24487940518,0,57
2022-04-04,18014.15,18014.15,17997.75,18001.75,14:00:00,17978.04536708088,0,58
2022-04-04,17992.85,18016.7,17986.45,18014.8,14:05:00,17979.455332120793,0,59
2022-04-04,17994.45,18000.75,17990.7,17993.7,14:10:00,17980.883395728335,0,60
2022-04-04,18000.7,18005.45,17994.7,17994.75,14:15:00,17982.770691373255,0,61
2022-04-04,17995.15,18007.0,17992.0,18001.25,14:20:00,17983.94967314723,0,62
2022-04-04,18018.5,18020.35,17991.15,17995.8,14:25:00,17987.240180466542,0,63
2022-04-04,18032.6,18037.5,18018.55,18019.0,14:30:00,17991.560163279253,0,64
2022-04-04,18044.1,18045.55,18027.1,18032.85,14:35:00,17996.563957252656,0,65
2022-04-04,18058.7,18058.7,18038.6,18044.35,14:40:00,18002.481675609546,0,66
2022-04-04,18054.5,18064.1,18040.4,18059.15,14:45:00,18007.43580174197,0,67
2022-04-04,18062.05,18069.4,18046.9,18050.05,14:50:00,18012.63715395702,0,68
2022-04-04,18055.95,18064.65,18052.5,18063.6,14:55:00,18016.762186913493,0,69
2022-04-04,18048.9,18066.2,18035.4,18056.85,15:00:00,18019.82293101697,0,70
2022-04-04,18066.85,18066.85,18042.7,18050.3,15:05:00,18024.301699491545,0,71
2022-04-04,18059.2,18067.45,18057.65,18066.55,15:10:00,18027.625347159017,0,72
2022-04-04,18064.5,18064.7,18055.5,18059.6,15:15:00,18031.13721885816,0,73
2022-04-04,18045.75,18065.3,18042.4,18064.65,15:20:00,18032.52891230024,0,74
2022-04-04,18036.9,18047.2,18032.75,18045.6,15:25:00,18032.945206366883,0,75
2022-04-05,18031.3,18089.7,18020.55,18089.6,09:15:00,18032.788520046222,1,1
2022-04-05,18041.95,18045.0,18021.85,18030.65,09:20:00,18033.661041946587,1,2
2022-04-05,18064.05,18077.5,18042.4,18042.4,09:25:00,18036.555228427864,1,3
2022-04-05,18040.7,18067.85,18037.85,18065.2,09:30:00,18036.94996857759,1,4
2022-04-05,17996.8,18037.85,17989.9,18037.85,09:35:00,18033.126162046392,1,5
2022-04-05,17985.25,18018.85,17983.7,17996.05,09:40:00,18028.56652756578,1,6
2022-04-05,18001.25,18001.25,17972.3,17985.85,09:45:00,18025.9649535119,1,7
2022-04-05,17990.9,18013.2,17982.4,18000.5,09:50:00,18022.62543412981,1,8
2022-04-05,17990.25,17998.3,17981.85,17990.35,09:55:00,18019.54205945078,1,9
2022-04-05,17995.75,17999.0,17973.65,17986.75,10:00:00,18017.276149026897,1,10
2022-04-05,17988.75,18004.25,17975.35,17995.55,10:05:00,18014.559372929096,1,11
2022-04-05,17996.85,18001.75,17985.45,17988.35,10:10:00,18012.872765983466,1,12
2022-04-05,17996.35,17997.75,17984.1,17996.65,10:15:00,18011.299169223137,1,13
2022-04-05,17995.95,18001.1,17992.75,17997.55,10:20:00,18009.83734358284,1,14
2022-04-05,18010.8,18013.95,17986.55,17994.9,10:25:00,18009.92902514638,1,15
2022-04-05,18003.45,18015.75,18002.2,18011.8,10:30:00,18009.311975132438,1,16
2022-04-05,17970.35,18004.25,17969.15,18003.65,10:35:00,18005.60131083411,1,17
2022-04-05,17974.4,17982.45,17961.1,17970.0,10:40:00,18002.62975742134,1,18
2022-04-05,17992.35,17993.85,17974.7,17975.5,10:45:00,18001.650732905022,1,19
2022-04-05,17993.2,17998.65,17986.15,17991.75,10:50:00,18000.845901199784,1,20
2022-04-05,18005.6,18007.7,17989.6,17992.1,10:55:00,18001.29867251409,1,21
2022-04-05,18023.0,18023.05,18003.6,18005.55,11:00:00,18003.365465607985,1,22
2022-04-05,18016.35,18033.65,18015.5,18022.35,11:05:00,18004.602087931034,1,23
2022-04-05,18012.95,18019.2,18004.2,18016.9,11:10:00,18005.3971271757,1,24
2022-04-05,18002.25,18015.2,18001.45,18013.0,11:15:00,18005.097400778017,1,25
2022-04-05,18003.25,18009.65,17999.85,18003.45,11:20:00,18004.921457846776,1,26
2022-04-05,18012.1,18015.6,18002.2,18004.35,11:25:00,18005.605128528037,1,27
2022-04-05,18018.8,18022.3,18009.4,18012.6,11:30:00,18006.86178295394,1,28
2022-04-05,18008.35,18021.45,18006.0,18019.25,11:35:00,18007.003517910707,1,29
2022-04-05,18015.2,18016.95,18005.55,18012.35,11:40:00,18007.784135252543,1,30
2022-04-05,18015.05,18026.85,18013.55,18015.95,11:45:00,18008.476122371347,1,31
2022-04-05,18009.05,18020.95,18009.05,18015.8,11:50:00,18008.5307773836,1,32
2022-04-05,18012.8,18014.45,18007.5,18010.65,11:55:00,18008.937370013733,1,33
2022-04-05,18014.6,18015.9,18006.7,18013.55,12:00:00,18009.47666810766,1,34
2022-04-05,18016.3,18019.5,18008.7,18017.85,12:05:00,18010.126509240265,1,35
2022-04-05,18023.35,18027.15,18012.8,18016.25,12:10:00,18011.38588931262,1,36
2022-04-05,18002.05,18028.0,17997.4,18023.7,12:15:00,18010.49675699713,1,37
2022-04-05,18006.5,18008.4,17992.55,18002.75,12:20:00,18010.116113473596,1,38
2022-04-05,18001.0,18007.3,17997.35,18006.65,12:25:00,18009.247912190396,1,39
2022-04-05,18009.5,18011.7,18000.8,18002.3,12:30:00,18009.271920553216,1,40
2022-04-05,18003.85,18010.05,17997.05,18009.75,12:35:00,18008.755547167195,1,41
2022-04-05,18002.7,18007.7,17993.8,18003.9,12:40:00,18008.178828389366,1,42
2022-04-05,18009.95,18010.7,18002.4,18004.2,12:45:00,18008.3475113999,1,43
2022-04-05,18006.05,18010.05,18001.3,18010.05,12:50:00,18008.128700790385,1,44
2022-04-05,18009.05,18012.4,18003.95,18007.2,12:55:00,18008.216443572255,1,45
2022-04-05,18026.95,18028.05,18009.05,18009.55,13:00:00,18010.00059180347,1,46
2022-04-05,18050.7,18061.8,18027.45,18027.75,13:05:00,18013.876725917424,1,47
2022-04-05,18067.7,18067.7,18046.5,18052.45,13:10:00,18019.00275202053,1,48
2022-04-05,18066.9,18077.6,18056.3,18068.35,13:15:00,18023.56439468524,1,49
2022-04-05,18063.85,18068.45,18057.55,18067.85,13:20:00,18027.40111900093,1,50
2022-04-05,18082.35,18088.8,18063.6,18064.5,13:25:00,18032.634345762744,1,51
2022-04-05,18072.45,18095.45,18072.45,18082.95,13:30:00,18036.42631283296,1,52
2022-04-05,18067.0,18075.1,18055.5,18073.55,13:35:00,18039.33809256316,1,53
2022-04-05,18075.35,18080.9,18066.25,18067.85,13:40:00,18042.76779803333,1,54
2022-04-05,18071.05,18083.05,18065.75,18076.9,13:45:00,18045.46134107777,1,55
2022-04-05,18083.7,18085.15,18059.5,18071.6,13:50:00,18049.103118117982,1,56
2022-04-05,18027.75,18084.5,18027.75,18084.5,13:55:00,18047.069487821034,1,57
2022-04-05,18016.2,18030.75,17987.5,18027.25,14:00:00,18044.129536599983,1,58
2022-04-05,18011.7,18015.75,18002.45,18015.75,14:05:00,18041.041009304747,1,59
2022-04-05,18013.05,18021.1,18003.4,18011.5,14:10:00,18038.37519889477,1,60
2022-04-05,18016.3,18019.25,18007.45,18012.15,14:15:00,18036.27279900003,1,61
2022-04-05,18008.6,18027.05,18008.3,18018.0,14:20:00,18033.637294333363,1,62
2022-04-05,17991.75,18008.9,17982.15,18008.9,14:25:00,18029.64802820638,1,63
2022-04-05,18017.95,18019.3,17988.9,17991.45,14:30:00,18028.533930281963,1,64
2022-04-05,18000.25,18023.65,17996.65,18018.4,14:35:00,18025.840222636063,1,65
2022-04-05,18015.9,18017.7,17998.15,18001.8,14:40:00,18024.89353476596,1,66
2022-04-05,17996.15,18016.95,17988.5,18015.25,14:45:00,18022.15605526444,1,67
2022-04-05,18002.4,18007.75,17993.8,17996.55,14:50:00,18020.27452619164,1,68
2022-04-05,18005.35,18013.85,17991.95,18001.95,14:55:00,18018.85314274481,1,69
2022-04-05,18001.25,18015.5,17993.15,18005.5,15:00:00,18017.1766529596,1,70
2022-04-05,17974.7,18002.0,17969.15,18000.6,15:05:00,18013.131257439636,1,71
2022-04-05,17950.55,17974.95,17947.8,17973.9,15:10:00,18007.17113768348,1,72
2022-04-05,17938.5,17957.35,17935.85,17948.75,15:15:00,18000.63102933267,1,73
2022-04-05,17944.45,17947.45,17924.4,17938.85,15:20:00,17995.280455110515,1,74
2022-04-05,17931.05,17945.7,17921.55,17943.3,15:25:00,17989.163268909513,1,75
2022-04-06,17866.9,17878.4,17819.15,17852.45,09:15:00,17966.983991102796,2,1
2022-04-06,17869.7,17901.0,17863.05,17865.8,09:20:00,17957.718849093006,2,2
2022-04-06,17854.75,17869.45,17844.85,17869.45,09:25:00,17947.91229203653,2,3
2022-04-06,17877.2,17877.45,17846.95,17853.75,09:30:00,17941.177788033052,2,4
2022-04-06,17872.75,17882.35,17864.15,17875.75,09:35:00,17934.66085583943,2,5
2022-04-06,17853.65,17873.55,17853.55,17871.75,09:40:00,17926.945536235675,2,6
2022-04-06,17838.2,17856.25,17828.4,17853.45,09:45:00,17918.493580403705,2,7
2022-04-06,17836.85,17846.1,17832.5,17836.85,09:50:00,17910.718001317637,2,8
2022-04-06,17822.05,17836.9,17817.8,17836.9,09:55:00,17902.273429763576,2,9
2022-04-06,17808.65,17821.15,17805.3,17819.35,10:00:00,17893.356912643234,2,10
2022-04-06,17822.6,17833.7,17806.15,17807.0,10:05:00,17886.618159058162,2,11
2022-04-06,17831.05,17831.25,17812.7,17821.95,10:10:00,17881.325953433574,2,12
2022-04-06,17839.3,17846.15,17827.25,17830.2,10:15:00,17877.323481677995,2,13
2022-04-06,17830.6,17841.4,17829.8,17839.6,10:20:00,17872.873626280092,2,14
2022-04-06,17823.6,17832.5,17823.6,17829.7,10:25:00,17868.1808999677,2,15
2022-04-06,17826.65,17838.05,17821.6,17823.85,10:30:00,17864.225576161254,2,16
2022-04-06,17789.85,17825.45,17788.15,17825.45,10:35:00,17857.14218795542,2,17
2022-04-06,17804.7,17808.5,17779.85,17790.45,10:40:00,17852.147693864426,2,18
2022-04-06,17792.7,17813.65,17790.45,17803.25,10:45:00,17846.486008734482,2,19
2022-04-06,17805.2,17809.35,17786.1,17792.9,10:50:00,17842.554007902625,2,20
2022-04-06,17813.55,17813.55,17803.45,17805.25,10:55:00,17839.791721435708,2,21
2022-04-06,17808.5,17818.2,17803.5,17812.25,11:00:00,17836.81155748945,2,22
2022-04-06,17824.75,17827.4,17806.4,17809.15,11:05:00,17835.66283772855,2,23
2022-04-06,17827.1,17829.45,17817.5,17824.8,11:10:00,17834.84732937345,2,24
2022-04-06,17826.55,17832.85,17814.65,17827.9,11:15:00,17834.05710752836,2,25
2022-04-06,17831.55,17834.5,17822.85,17826.95,11:20:00,17833.8183353828,2,26
2022-04-06,17820.1,17833.5,17817.0,17832.5,11:25:00,17832.511827251103,2,27
2022-04-06,17820.5,17827.55,17817.45,17822.1,11:30:00,17831.367843703378,2,28
2022-04-06,17820.1,17822.2,17812.85,17821.1,11:35:00,17830.294715731627,2,29
2022-04-06,17820.4,17827.2,17813.65,17820.8,11:40:00,17829.352361852423,2,30
2022-04-06,17823.5,17825.8,17814.5,17821.2,11:45:00,17828.794994056952,2,31
2022-04-06,17824.65,17829.5,17823.1,17825.5,11:50:00,17828.400232718195,2,32
2022-04-06,17865.5,17865.5,17824.15,17824.15,11:55:00,17831.93354388789,2,33
2022-04-06,17866.3,17872.2,17852.55,17866.05,12:00:00,17835.20653970809,2,34
2022-04-06,17859.8,17872.1,17857.25,17867.05,12:05:00,17837.548774021605,2,35
2022-04-06,17857.35,17865.75,17857.35,17860.7,12:10:00,17839.434605067167,2,36
2022-04-06,17872.85,17874.3,17850.35,17857.7,12:15:00,17842.6170236322,2,37
2022-04-06,17866.3,17876.85,17866.25,17874.3,12:20:00,17844.87254519104,2,38
2022-04-06,17856.8,17867.5,17856.8,17866.7,12:25:00,17846.008493268084,2,39
2022-04-06,17871.25,17879.95,17856.3,17856.3,12:30:00,17848.41244629017,2,40
2022-04-06,17885.85,17886.85,17867.9,17870.85,12:35:00,17851.977927595868,2,41
2022-04-06,17893.7,17898.5,17883.95,17886.7,12:40:00,17855.951458301024,2,42
2022-04-06,17880.6,17896.85,17874.65,17894.55,12:45:00,17858.29893846283,2,43
2022-04-06,17874.8,17884.95,17873.75,17881.1,12:50:00,17859.87046813304,2,44
2022-04-06,17852.05,17875.8,17852.05,17875.0,12:55:00,17859.12566164418,2,45
2022-04-06,17820.5,17868.8,17820.25,17851.8,13:00:00,17855.447027201877,2,46
2022-04-06,17830.7,17831.85,17816.45,17819.25,13:05:00,17853.090167468366,2,47
2022-04-06,17840.2,17845.9,17829.9,17830.8,13:10:00,17851.86253247138,2,48
2022-04-06,17826.25,17840.5,17824.7,17840.5,13:15:00,17849.42324366458,2,49
2022-04-06,17815.35,17830.9,17815.35,17826.6,13:20:00,17846.17817283938,2,50
2022-04-06,17788.8,17819.3,17788.65,17816.05,13:25:00,17840.713584949914,2,51
2022-04-06,17816.7,17818.4,17787.45,17789.55,13:30:00,17838.426576859445,2,52
2022-04-06,17823.8,17825.7,17810.9,17818.85,13:35:00,17837.033569539497,2,53
2022-04-06,17833.05,17833.25,17819.2,17824.65,13:40:00,17836.654181964306,2,54
2022-04-06,17826.4,17842.7,17824.1,17832.45,13:45:00,17835.6775932058,2,55
2022-04-06,17818.25,17831.2,17814.2,17828.3,13:50:00,17834.017822424295,2,56
2022-04-06,17818.8,17822.95,17803.4,17819.05,13:55:00,17832.568506002935,2,57
2022-04-06,17810.9,17827.45,17808.85,17819.45,14:00:00,17830.504838764562,2,58
2022-04-06,17803.95,17818.15,17798.8,17811.75,14:05:00,17827.97580650127,2,59
2022-04-06,17798.35,17810.5,17795.35,17804.1,14:10:00,17825.154301120194,2,60
2022-04-06,17805.6,17819.1,17797.3,17798.8,14:15:00,17823.291986727796,2,61
2022-04-06,17821.9,17828.5,17806.05,17806.05,14:20:00,17823.159416563245,2,62
2022-04-06,17828.75,17832.1,17815.1,17822.75,14:25:00,17823.69185308103,2,63
2022-04-06,17821.45,17844.6,17821.45,17828.55,14:30:00,17823.47834326379,2,64
2022-04-06,17821.75,17832.7,17813.95,17822.4,14:35:00,17823.31373914343,2,65
2022-04-06,17811.8,17826.75,17806.9,17821.9,14:40:00,17822.21719255834,2,66
2022-04-06,17817.45,17820.1,17803.4,17811.3,14:45:00,17821.76317421945,2,67
2022-04-06,17811.9,17825.95,17809.9,17818.25,14:50:00,17820.823824293788,2,68
2022-04-06,17785.9,17812.5,17781.05,17812.5,14:55:00,17817.497745789617,2,69
2022-04-06,17821.35,17830.8,17785.95,17785.95,15:00:00,17817.864627142986,2,70
2022-04-06,17806.2,17821.25,17804.75,17821.0,15:05:00,17816.753710272227,2,71
2022-04-06,17811.1,17814.75,17806.35,17806.55,15:10:00,17816.21526167487,2,72
2022-04-06,17802.05,17813.75,17801.1,17810.75,15:15:00,17814.86618913441,2,73
2022-04-06,17813.25,17815.25,17795.9,17802.75,15:20:00,17814.712266359704,2,74
2022-04-06,17798.0,17813.85,17794.8,17813.45,15:25:00,17813.120621944494,2,75
2022-04-07,17736.45,17755.45,17716.3,17755.45,09:15:00,17805.81865794978,3,1
2022-04-07,17717.4,17741.25,17713.7,17736.7,09:20:00,17797.397833383136,3,2
2022-04-07,17703.7,17721.6,17700.7,17718.5,09:25:00,17788.47423020379,3,3
2022-04-07,17710.1,17716.25,17702.25,17703.75,09:30:00,17781.010017803426,3,4
2022-04-07,17707.75,17720.75,17705.85,17709.3,09:35:00,17774.03287325072,3,5
2022-04-07,17720.9,17728.4,17707.15,17708.05,09:40:00,17768.972599607794,3,6
2022-04-07,17719.45,17724.6,17715.95,17722.75,09:45:00,17764.25616154991,3,7
2022-04-07,17729.1,17732.8,17718.55,17720.25,09:50:00,17760.907955688013,3,8
2022-04-07,17723.5,17731.55,17715.7,17728.25,09:55:00,17757.345293241535,3,9
2022-04-07,17718.6,17724.6,17711.25,17723.55,10:00:00,17753.65526531377,3,10
2022-04-07,17712.7,17727.6,17711.15,17717.85,10:05:00,17749.754763855315,3,11
2022-04-07,17725.05,17725.75,17701.7,17712.9,10:10:00,17747.401929202428,3,12
2022-04-07,17727.4,17735.1,17719.9,17725.15,10:15:00,17745.496983564102,3,13
2022-04-07,17709.7,17729.1,17708.4,17727.9,10:20:00,17742.087747034187,3,14
2022-04-07,17686.8,17711.65,17686.4,17709.2,10:25:00,17736.822247316646,3,15
2022-04-07,17677.35,17692.1,17674.55,17686.4,10:30:00,17731.15822376268,3,16
2022-04-07,17680.3,17685.7,17672.3,17677.6,10:35:00,17726.314583404328,3,17
2022-04-07,17696.9,17698.6,17678.95,17680.35,10:40:00,17723.51319450868,3,18
2022-04-07,17694.05,17700.1,17690.25,17696.05,10:45:00,17720.707175984044,3,19
2022-04-07,17688.65,17695.6,17683.05,17694.55,10:50:00,17717.65411160461,3,20
2022-04-07,17679.7,17687.85,17675.85,17687.85,10:55:00,17714.039434308932,3,21
2022-04-07,17690.85,17693.4,17680.35,17680.35,11:00:00,17711.8309167557,3,22
2022-04-07,17707.95,17709.1,17688.5,17691.55,11:05:00,17711.461305636112,3,23
2022-04-07,17693.4,17709.2,17691.75,17708.9,11:10:00,17709.741181289817,3,24
2022-04-07,17696.25,17698.6,17686.9,17693.25,11:15:00,17708.456306881264,3,25
2022-04-07,17700.25,17702.0,17692.65,17695.45,11:20:00,17707.674753844953,3,26
2022-04-07,17715.6,17717.35,17699.55,17700.35,11:25:00,17708.429539193054,3,27
2022-04-07,17719.05,17720.95,17707.55,17716.25,11:30:00,17709.44101165086,3,28
2022-04-07,17723.45,17726.3,17711.55,17718.8,11:35:00,17710.775201017444,3,29
2022-04-07,17716.0,17730.4,17714.15,17722.95,11:40:00,17711.272800920546,3,30
2022-04-07,17732.5,17735.5,17716.05,17716.05,11:45:00,17713.294438928115,3,31
2022-04-07,17728.35,17741.65,17728.3,17731.55,11:50:00,17714.728301887342,3,32
2022-04-07,17752.5,17752.75,17726.75,17728.95,11:55:00,17718.3256064695,3,33
2022-04-07,17763.1,17769.65,17751.9,17752.45,12:00:00,17722.589834424787,3,34
2022-04-07,17765.8,17772.25,17748.65,17763.35,12:05:00,17726.70508828909,3,35
2022-04-07,17761.8,17772.4,17758.95,17765.45,12:10:00,17730.047460832986,3,36
2022-04-07,17742.15,17763.2,17738.5,17760.9,12:15:00,17731.200083610795,3,37
2022-04-07,17748.1,17751.85,17736.85,17743.15,12:20:00,17732.809599457385,3,38
2022-04-07,17770.15,17770.2,17748.9,17748.9,12:25:00,17736.365828080492,3,39
2022-04-07,17766.65,17776.7,17762.55,17770.85,12:30:00,17739.25003492997,3,40
2022-04-07,17770.8,17780.25,17765.8,17766.75,12:35:00,17742.25479350807,3,41
2022-04-07,17779.7,17787.5,17771.7,17772.25,12:40:00,17745.82100365016,3,42
2022-04-07,17755.55,17780.8,17755.55,17780.55,12:45:00,17746.747574731096,3,43
2022-04-07,17768.95,17772.05,17743.7,17757.1,12:50:00,17748.862091423372,3,44
2022-04-07,17762.15,17771.2,17759.1,17769.55,12:55:00,17750.127606525908,3,45
2022-04-07,17752.7,17763.65,17749.3,17763.65,13:00:00,17750.372596380585,3,46
2022-04-07,17767.05,17772.75,17747.1,17753.85,13:05:00,17751.960920534813,3,47
2022-04-07,17749.15,17767.9,17747.05,17767.9,13:10:00,17751.693213817212,3,48
2022-04-07,17749.6,17754.15,17743.6,17749.5,13:15:00,17751.493860120336,3,49
2022-04-07,17753.8,17757.0,17747.35,17750.45,13:20:00,17751.713492489827,3,50
2022-04-07,17731.85,17758.55,17731.85,17754.35,13:25:00,17749.82173130032,3,51
2022-04-07,17715.75,17732.05,17702.4,17732.05,13:30:00,17746.576804509812,3,52
2022-04-07,17716.9,17723.8,17703.35,17715.5,13:35:00,17743.750442175544,3,53
2022-04-07,17698.2,17717.2,17696.2,17717.2,13:40:00,17739.41230482549,3,54
2022-04-07,17666.0,17697.8,17663.65,17697.8,13:45:00,17732.420656746872,3,55
2022-04-07,17676.85,17677.65,17659.25,17664.4,13:50:00,17727.128213247168,3,56
2022-04-07,17671.95,17681.2,17655.55,17676.7,13:55:00,17721.873145318867,3,57
2022-04-07,17681.15,17694.35,17666.9,17673.15,14:00:00,17717.994750526595,3,58
2022-04-07,17682.85,17690.8,17677.1,17680.95,14:05:00,17714.647631428823,3,59
2022-04-07,17645.45,17683.9,17638.25,17683.9,14:10:00,17708.057380816554,3,60
2022-04-07,17634.9,17648.05,17625.95,17645.55,14:15:00,17701.09001121498,3,61
2022-04-07,17660.65,17661.35,17635.6,17635.6,14:20:00,17697.238581575457,3,62
2022-04-07,17668.25,17671.2,17646.65,17660.45,14:25:00,17694.477764282557,3,63
2022-04-07,17655.8,17670.7,17652.25,17668.95,14:30:00,17690.794167684217,3,64
2022-04-07,17658.15,17668.75,17654.4,17655.6,14:35:00,17687.685199333337,3,65
2022-04-07,17639.0,17658.55,17639.0,17658.35,14:40:00,17683.048513682545,3,66
2022-04-07,17648.0,17653.7,17638.8,17639.4,14:45:00,17679.710559998493,3,67
2022-04-07,17648.45,17660.7,17645.65,17647.7,14:50:00,17676.73336380816,3,68
2022-04-07,17642.15,17648.95,17635.5,17648.55,14:55:00,17673.439710112147,3,69
2022-04-07,17657.85,17662.1,17623.7,17645.4,15:00:00,17671.954975815752,3,70
2022-04-07,17638.0,17659.8,17632.55,17658.55,15:05:00,17668.721168595202,3,71
2022-04-07,17631.15,17642.3,17630.9,17637.2,15:10:00,17665.142962062328,3,72
2022-04-07,17634.05,17636.55,17627.0,17631.3,15:15:00,17662.181727580202,3,73
2022-04-07,17646.55,17651.8,17634.1,17634.1,15:20:00,17660.69299162018,3,74
2022-04-07,17656.45,17656.45,17642.3,17646.25,15:25:00,17660.288897180162,3,75
2022-04-08,17691.55,17723.6,17676.95,17706.25,09:15:00,17663.266145067766,4,1
2022-04-08,17672.5,17694.65,17667.4,17693.95,09:20:00,17664.145559823217,4,2
2022-04-08,17651.6,17671.5,17650.95,17671.5,09:25:00,17662.950744601956,4,3
2022-04-08,17648.85,17665.45,17632.95,17648.3,09:30:00,17661.607816544627,4,4
2022-04-08,17650.85,17661.15,17644.75,17649.3,09:35:00,17660.583262587996,4,5
2022-04-08,17649.6,17664.55,17641.1,17650.9,09:40:00,17659.537237579614,4,6
2022-04-08,17643.5,17658.8,17643.5,17650.2,09:45:00,17658.00988161965,4,7
2022-04-08,17618.35,17648.4,17618.2,17644.45,09:50:00,17654.232750036826,4,8
2022-04-08,17656.05,17673.9,17615.4,17616.35,09:55:00,17654.405821461893,4,9
2022-04-08,17652.45,17672.75,17651.65,17660.3,10:00:00,17654.219552751238,4,10
2022-04-08,17677.15,17682.6,17637.65,17651.8,10:05:00,17656.40340487017,4,11
2022-04-08,17678.8,17695.1,17677.25,17677.95,10:10:00,17658.536413930153,4,12
2022-04-08,17616.6,17682.65,17600.55,17678.55,10:15:00,17654.542469746328,4,13
2022-04-08,17610.5,17633.4,17608.55,17616.35,10:20:00,17650.347948818107,4,14
2022-04-08,17642.9,17644.35,17606.1,17609.7,10:25:00,17649.63862035924,4,15
2022-04-08,17637.55,17658.9,17631.55,17642.45,10:30:00,17648.48732318217,4,16
2022-04-08,17641.9,17644.15,17619.95,17638.15,10:35:00,17647.85995906958,4,17
2022-04-08,17642.8,17650.7,17634.7,17642.6,10:40:00,17647.37805820581,4,18
2022-04-08,17658.05,17659.85,17640.95,17643.1,10:45:00,17648.39443361478,4,19
2022-04-08,17665.1,17665.25,17655.05,17659.25,10:50:00,17649.985439937183,4,20
2022-04-08,17674.05,17679.05,17659.85,17665.2,10:55:00,17652.277302800307,4,21
2022-04-08,17665.6,17676.5,17653.7,17673.95,11:00:00,17653.54613110504,4,22
2022-04-08,17656.7,17666.65,17650.65,17666.3,11:05:00,17653.846499571224,4,23
2022-04-08,17634.6,17657.05,17632.85,17656.65,11:10:00,17652.013499612058,4,24
2022-04-08,17634.4,17641.65,17622.15,17634.8,11:15:00,17650.336023458527,4,25
2022-04-08,17636.85,17643.0,17628.7,17634.85,11:20:00,17649.051640272002,4,26
2022-04-08,17627.8,17639.75,17627.7,17636.55,11:25:00,17647.02767453181,4,27
2022-04-08,17625.15,17635.5,17624.25,17628.95,11:30:00,17644.944086481162,4,28
2022-04-08,17642.7,17644.3,17624.25,17625.75,11:35:00,17644.73036395915,4,29
2022-04-08,17645.2,17648.05,17635.65,17644.3,11:40:00,17644.775091201132,4,30
2022-04-08,17656.4,17657.85,17642.3,17645.7,11:45:00,17645.882225372454,4,31
2022-04-08,17661.35,17663.4,17656.3,17656.3,11:50:00,17647.355346765555,4,32
2022-04-08,17681.65,17687.45,17661.5,17662.05,11:55:00,17650.621504216455,4,33
2022-04-08,17698.85,17701.15,17682.2,17682.2,12:00:00,17655.214694291077,4,34
2022-04-08,17705.0,17717.65,17698.6,17698.95,12:05:00,17659.95615197764,4,35
2022-04-08,17709.2,17710.55,17694.35,17704.9,12:10:00,17664.64604226548,4,36
2022-04-08,17738.1,17739.05,17710.6,17710.6,12:15:00,17671.641657287815,4,37
2022-04-08,17739.9,17750.9,17732.8,17739.9,12:20:00,17678.142451831834,4,38
2022-04-08,17733.9,17741.6,17727.25,17740.6,12:25:00,17683.452694514515,4,39
2022-04-08,17721.75,17736.95,17712.8,17735.4,12:30:00,17687.100056941705,4,40
2022-04-08,17746.35,17747.25,17722.05,17722.45,12:35:00,17692.74290866154,4,41
2022-04-08,17737.3,17746.6,17734.55,17746.3,12:40:00,17696.986441169967,4,42
2022-04-08,17734.75,17740.8,17729.3,17739.0,12:45:00,17700.582970582353,4,43
2022-04-08,17730.3,17744.8,17724.5,17735.15,12:50:00,17703.413163860223,4,44
2022-04-08,17715.0,17730.95,17707.6,17730.95,12:55:00,17704.51667206401,4,45
2022-04-08,17708.9,17717.2,17699.8,17716.1,13:00:00,17704.934131867438,4,46
2022-04-08,17729.15,17734.0,17708.05,17709.45,13:05:00,17707.24040502292,4,47
2022-04-08,17728.8,17739.25,17725.1,17730.15,13:10:00,17709.29369978264,4,48
2022-04-08,17728.15,17732.6,17720.4,17730.35,13:15:00,17711.08953789858,4,49
2022-04-08,17724.35,17741.1,17722.9,17727.9,13:20:00,17712.352439051097,4,50
2022-04-08,17732.0,17733.45,17721.35,17724.8,13:25:00,17714.223635331946,4,51
2022-04-08,17752.45,17752.8,17724.95,17731.6,13:30:00,17717.864241490806,4,52
2022-04-08,17778.95,17781.85,17752.15,17752.95,13:35:00,17723.681932777396,4,53
2022-04-08,17772.6,17785.3,17768.4,17778.8,13:40:00,17728.340796322405,4,54
2022-04-08,17774.15,17783.95,17764.75,17772.2,13:45:00,17732.703577625034,4,55
2022-04-08,17790.35,17791.2,17773.15,17775.25,13:50:00,17738.193713089317,4,56
2022-04-08,17793.35,17797.4,17781.95,17790.95,13:55:00,17743.446692795096,4,57
2022-04-08,17818.05,17820.85,17794.1,17794.95,14:00:00,17750.551769671754,4,58
2022-04-08,17831.7,17833.25,17808.6,17818.4,14:05:00,17758.28017256016,4,59
2022-04-08,17833.0,17842.75,17828.7,17832.25,14:10:00,17765.39634660205,4,60
2022-04-08,17820.4,17836.25,17810.8,17833.65,14:15:00,17770.63478978281,4,61
2022-04-08,17815.95,17826.0,17806.65,17819.85,14:20:00,17774.95052408921,4,62
2022-04-08,17808.65,17819.8,17802.15,17815.5,14:25:00,17778.159997985476,4,63
2022-04-08,17806.5,17817.65,17800.45,17808.3,14:30:00,17780.859045796384,4,64
2022-04-08,17802.5,17821.9,17801.1,17807.9,14:35:00,17782.92008905387,4,65
2022-04-08,17805.75,17816.25,17800.05,17803.2,14:40:00,17785.094366286834,4,66
2022-04-08,17823.65,17824.95,17801.35,17806.95,14:45:00,17788.766331402374,4,67
2022-04-08,17819.55,17827.35,17816.45,17824.75,14:50:00,17791.698109364053,4,68
2022-04-08,17813.5,17823.8,17813.5,17820.15,14:55:00,17793.77447990081,4,69
2022-04-08,17786.55,17816.95,17779.1,17814.0,15:00:00,17793.08643419597,4,70
2022-04-08,17774.15,17788.05,17768.3,17786.95,15:05:00,17791.282964272545,4,71
2022-04-08,17767.35,17775.3,17764.15,17774.3,15:10:00,17789.003634341825,4,72
2022-04-08,17787.4,17787.5,17767.7,17767.8,15:15:00,17788.85090726165,4,73
2022-04-08,17788.6,17791.4,17782.05,17787.05,15:20:00,17788.82701133197,4,74
2022-04-08,17800.65,17802.15,17787.9,17789.4,15:25:00,17789.953010252735,4,75
2022-04-11,17714.3,17761.1,17701.5,17754.9,09:15:00,17782.74796165724,0,1
2022-04-11,17685.35,17712.7,17683.8,17712.7,09:20:00,17773.47196530893,0,2
2022-04-11,17684.35,17695.8,17670.05,17682.45,09:25:00,17764.984159089032,0,3
2022-04-11,17689.9,17695.2,17676.6,17682.5,09:30:00,17757.83328679484,0,4
2022-04-11,17699.2,17703.4,17683.4,17690.15,09:35:00,17752.249164242952,0,5
2022-04-11,17671.75,17699.9,17653.55,17699.75,09:40:00,17744.582577172194,0,6
2022-04-11,17677.35,17677.75,17665.1,17670.4,09:45:00,17738.179474584365,0,7
2022-04-11,17676.1,17700.6,17676.1,17677.7,09:50:00,17732.26714367157,0,8
2022-04-11,17698.85,17700.0,17667.85,17675.4,09:55:00,17729.08455855999,0,9
2022-04-11,17689.9,17704.8,17685.0,17699.2,10:00:00,17725.35269583999,0,10
2022-04-11,17708.75,17718.85,17686.7,17688.9,10:05:00,17723.771486712372,0,11
2022-04-11,17708.35,17716.3,17703.35,17709.05,10:10:00,17722.302773692147,0,12
2022-04-11,17709.05,17713.55,17692.2,17708.65,10:15:00,17721.040604769085,0,13
2022-04-11,17717.9,17718.65,17701.65,17709.15,10:20:00,17720.741499552983,0,14
2022-04-11,17719.3,17729.9,17714.65,17717.55,10:25:00,17720.60421388127,0,15
2022-04-11,17702.45,17719.75,17702.45,17718.45,10:30:00,17718.875241130674,0,16
2022-04-11,17701.6,17710.05,17697.85,17702.3,10:35:00,17717.22998007061,0,17
2022-04-11,17685.15,17701.95,17682.9,17700.95,10:40:00,17714.17474387341,0,18
2022-04-11,17682.0,17684.8,17674.5,17684.8,10:45:00,17711.110482552132,0,19
2022-04-11,17679.5,17695.9,17679.25,17683.05,10:50:00,17708.09996040431,0,20
2022-04-11,17682.65,17683.45,17667.45,17679.05,10:55:00,17705.67615465152,0,21
2022-04-11,17673.65,17686.6,17670.7,17682.2,11:00:00,17702.626044684708,0,22
2022-04-11,17684.55,17686.25,17664.85,17673.4,11:05:00,17700.904516619496,0,23
2022-04-11,17685.6,17691.25,17683.1,17684.65,11:10:00,17699.446943608116,0,24
2022-04-11,17685.8,17694.6,17679.15,17685.95,11:15:00,17698.147234693057,0,25
2022-04-11,17690.45,17691.0,17679.45,17685.95,11:20:00,17697.41416472229,0,26
2022-04-11,17694.2,17699.15,17689.9,17691.4,11:25:00,17697.108053796357,0,27
2022-04-11,17700.35,17702.95,17690.75,17694.1,11:30:00,17697.416810577655,0,28
2022-04-11,17701.8,17702.55,17691.75,17700.25,11:35:00,17697.834257189308,0,29
2022-04-11,17709.7,17713.1,17698.05,17702.3,11:40:00,17698.964327933183,0,30
2022-04-11,17712.35,17714.9,17706.2,17710.25,11:45:00,17700.239153844308,0,31
2022-04-11,17712.25,17713.8,17704.7,17712.75,11:50:00,17701.383043954374,0,32
2022-04-11,17713.0,17715.15,17705.55,17712.65,11:55:00,17702.489420720623,0,33
2022-04-11,17721.25,17729.25,17701.2,17713.7,12:00:00,17704.276142556755,0,34
2022-04-11,17719.3,17728.55,17715.9,17720.75,12:05:00,17705.70698612278,0,35
2022-04-11,17727.05,17727.35,17717.4,17720.0,12:10:00,17707.739654111087,0,36
2022-04-11,17735.1,17740.25,17722.85,17727.15,12:15:00,17710.345401338604,0,37
2022-04-11,17720.35,17736.2,17715.05,17735.4,12:20:00,17711.298220258737,0,38
2022-04-11,17702.35,17720.9,17702.35,17720.9,12:25:00,17710.446008805524,0,39
2022-04-11,17688.7,17710.1,17677.35,17705.1,12:30:00,17708.374960347857,0,40
2022-04-11,17700.6,17708.1,17689.25,17689.35,12:35:00,17707.634487933778,0,41
2022-04-11,17692.1,17702.55,17687.85,17700.5,12:40:00,17706.155012892465,0,42
2022-04-11,17701.8,17703.8,17686.1,17690.9,12:45:00,17705.74024975985,0,43
2022-04-11,17716.95,17718.2,17697.35,17700.45,12:50:00,17706.807845020816,0,44
2022-04-11,17740.35,17740.35,17713.05,17717.25,12:55:00,17710.002335971214,0,45
2022-04-11,17739.95,17749.8,17731.4,17740.4,13:00:00,17712.85449445015,0,46
2022-04-11,17736.45,17747.9,17727.65,17742.35,13:05:00,17715.101685454894,0,47
2022-04-11,17740.8,17742.2,17732.0,17736.9,13:10:00,17717.549143983,0,48
2022-04-11,17751.6,17756.25,17734.6,17741.15,13:15:00,17720.792082651285,0,49
2022-04-11,17744.65,17763.45,17744.65,17751.75,13:20:00,17723.064265255925,0,50
2022-04-11,17749.65,17754.3,17743.1,17745.3,13:25:00,17725.596239993458,0,51
2022-04-11,17770.5,17775.05,17750.2,17750.2,13:30:00,17729.87278856551,0,52
2022-04-11,17767.15,17779.05,17761.75,17770.4,13:35:00,17733.422999178318,0,53
2022-04-11,17744.45,17766.95,17744.45,17766.95,13:40:00,17734.473189732762,0,54
2022-04-11,17730.25,17751.4,17725.6,17744.75,13:45:00,17734.070981186786,0,55
2022-04-11,17739.1,17747.0,17726.7,17731.0,13:50:00,17734.54993535947,0,56
2022-04-11,17721.8,17738.95,17720.35,17738.95,13:55:00,17733.335655801427,0,57
2022-04-11,17727.75,17727.75,17708.6,17722.2,14:00:00,17732.803688582244,0,58
2022-04-11,17744.5,17746.7,17728.15,17729.15,14:05:00,17733.91762300298,0,59
2022-04-11,17739.5,17750.05,17734.5,17745.1,14:10:00,17734.44927795508,0,60
2022-04-11,17743.4,17743.7,17723.05,17739.7,14:15:00,17735.301727673643,0,61
2022-04-11,17741.5,17742.95,17731.4,17742.95,14:20:00,17735.89203932377,0,62
2022-04-11,17742.6,17747.3,17740.0,17742.2,14:25:00,17736.53089272151,0,63
2022-04-11,17732.9,17746.15,17724.9,17742.3,14:30:00,17736.185093414697,0,64
2022-04-11,17724.65,17740.05,17724.45,17733.3,14:35:00,17735.08651308949,0,65
2022-04-11,17703.0,17727.6,17701.95,17724.9,14:40:00,17732.030654700015,0,66
2022-04-11,17699.8,17701.55,17676.55,17701.55,14:45:00,17728.96106853811,0,67
2022-04-11,17704.85,17710.65,17693.25,17700.25,14:50:00,17726.664776296384,0,68
2022-04-11,17694.3,17708.3,17689.0,17705.5,14:55:00,17723.58241664911,0,69
2022-04-11,17675.6,17694.9,17650.95,17694.05,15:00:00,17719.01266268253,0,70
2022-04-11,17690.7,17691.75,17667.1,17676.05,15:05:00,17716.316218617525,0,71
2022-04-11,17682.45,17690.4,17670.5,17690.35,15:10:00,17713.090864463476,0,72
2022-04-11,17673.95,17685.95,17672.15,17681.75,15:15:00,17709.363163086004,0,73
2022-04-11,17673.5,17676.65,17664.75,17671.55,15:20:00,17705.94762374448,0,74
2022-04-11,17681.15,17681.15,17671.85,17673.15,15:25:00,17703.585945292623,0,75
2022-04-12,17564.2,17591.8,17537.25,17591.8,09:15:00,17690.311093359993,1,1
2022-04-12,17569.3,17594.4,17556.7,17564.4,09:20:00,17678.786227325705,1,2
2022-04-12,17579.95,17588.8,17566.35,17567.85,09:25:00,17669.373253294685,1,3
2022-04-12,17520.3,17581.45,17520.2,17581.45,09:30:00,17655.175800599955,1,4
2022-04-12,17538.45,17538.85,17511.05,17520.05,09:35:00,17644.059057685674,1,5
2022-04-12,17557.75,17559.25,17519.2,17537.05,09:40:00,17635.839147429895,1,6
2022-04-12,17543.0,17565.85,17542.05,17557.55,09:45:00,17626.997323865144,1,7
2022-04-12,17537.55,17546.0,17521.15,17542.95,09:50:00,17618.47853111608,1,8
2022-04-12,17516.0,17538.25,17513.8,17537.35,09:55:00,17608.71867100979,1,9
2022-04-12,17500.6,17520.7,17498.75,17516.55,10:00:00,17598.42165472314,1,10
2022-04-12,17506.75,17507.5,17493.45,17500.2,10:05:00,17589.691020939983,1,11
2022-04-12,17495.5,17515.8,17490.75,17508.05,10:10:00,17580.720447517127,1,12
2022-04-12,17484.7,17495.65,17472.0,17495.0,10:15:00,17571.575642991687,1,13
2022-04-12,17471.95,17493.0,17471.1,17485.2,10:20:00,17562.08748651629,1,14
2022-04-12,17480.05,17480.2,17462.3,17472.05,10:25:00,17554.274392562358,1,15
2022-04-12,17495.8,17501.65,17477.15,17480.55,10:30:00,17548.705402794512,1,16
2022-04-12,17499.95,17509.95,17495.0,17495.25,10:35:00,17544.0620310998,1,17
2022-04-12,17518.65,17525.95,17499.65,17500.05,10:40:00,17541.641837661722,1,18
2022-04-12,17520.35,17522.55,17510.7,17518.8,10:45:00,17539.6140435987,1,19
2022-04-12,17504.8,17521.85,17503.15,17520.4,10:50:00,17536.298420398824,1,20
2022-04-12,17501.6,17505.1,17496.05,17504.4,10:55:00,17532.993808932268,1,21
2022-04-12,17514.85,17518.2,17501.8,17502.0,11:00:00,17531.265827129195,1,22
2022-04-12,17513.0,17515.2,17505.95,17513.6,11:05:00,17529.52622454546,1,23
2022-04-12,17504.25,17514.3,17502.15,17510.7,11:10:00,17527.118965064943,1,24
2022-04-12,17507.2,17508.65,17496.3,17503.35,11:15:00,17525.221920773045,1,25
2022-04-12,17507.4,17512.2,17504.05,17507.1,11:20:00,17523.524594985138,1,26
2022-04-12,17502.85,17509.95,17501.4,17507.25,11:25:00,17521.555585938935,1,27
2022-04-12,17495.25,17507.25,17494.55,17503.35,11:30:00,17519.05029203999,1,28
2022-04-12,17510.75,17512.9,17488.15,17495.35,11:35:00,17518.25978803618,1,29
2022-04-12,17521.25,17522.55,17510.9,17510.9,11:40:00,17518.54457012797,1,30
2022-04-12,17521.5,17528.9,17512.0,17521.35,11:45:00,17518.826039639593,1,31
2022-04-12,17520.0,17525.5,17513.4,17521.6,11:50:00,17518.937845388202,1,32
2022-04-12,17526.7,17529.6,17517.25,17519.6,11:55:00,17519.677098208373,1,33
2022-04-12,17521.4,17528.35,17519.85,17526.55,12:00:00,17519.84118409329,1,34
2022-04-12,17532.05,17533.55,17519.55,17520.6,12:05:00,17521.003928465358,1,35
2022-04-12,17526.75,17533.8,17525.55,17532.3,12:10:00,17521.55117337342,1,36
2022-04-12,17525.8,17533.75,17520.0,17527.9,12:15:00,17521.955823528333,1,37
2022-04-12,17514.65,17531.05,17511.2,17527.25,12:20:00,17521.26003081135,1,38
2022-04-12,17503.7,17514.55,17502.25,17514.55,12:25:00,17519.587646924556,1,39
2022-04-12,17496.35,17505.15,17495.85,17504.9,12:30:00,17517.374537693646,1,40
2022-04-12,17501.15,17506.45,17483.1,17496.1,12:35:00,17515.829343627585,1,41
2022-04-12,17512.9,17521.65,17500.55,17502.05,12:40:00,17515.5503585202,1,42
2022-04-12,17500.0,17515.45,17497.35,17514.5,12:45:00,17514.069371994465,1,43
2022-04-12,17510.25,17512.25,17491.95,17500.4,12:50:00,17513.705622280708,1,44
2022-04-12,17511.75,17513.75,17506.1,17510.4,12:55:00,17513.51937253969,1,45
2022-04-12,17495.65,17513.8,17486.85,17512.9,13:00:00,17511.81752753591,1,46
2022-04-12,17483.7,17496.15,17483.2,17496.15,13:05:00,17509.139667770585,1,47
2022-04-12,17470.85,17491.35,17468.65,17484.2,13:10:00,17505.493032744816,1,48
2022-04-12,17468.05,17483.65,17465.95,17470.05,13:15:00,17501.927029626262,1,49
2022-04-12,17482.6,17485.65,17464.2,17467.1,13:20:00,17500.086360138048,1,50
2022-04-12,17469.15,17490.7,17469.15,17484.1,13:25:00,17497.1400401249,1,51
2022-04-12,17476.3,17480.1,17467.4,17469.7,13:30:00,17495.15527439872,1,52
2022-04-12,17469.25,17481.65,17464.2,17476.35,13:35:00,17492.688105408364,1,53
2022-04-12,17449.55,17475.35,17449.1,17469.45,13:40:00,17488.57971441709,1,54
2022-04-12,17457.3,17466.7,17442.35,17449.05,13:45:00,17485.600693996414,1,55
2022-04-12,17482.45,17483.7,17457.85,17458.05,13:50:00,17485.300627901517,1,56
2022-04-12,17494.55,17495.2,17474.15,17483.0,13:55:00,17486.181520482325,1,57
2022-04-12,17523.15,17523.15,17494.9,17496.1,14:00:00,17489.702328055435,1,58
2022-04-12,17544.55,17550.05,17522.95,17522.95,14:05:00,17494.92591585968,1,59
2022-04-12,17547.85,17553.15,17535.95,17545.3,14:10:00,17499.966304825422,1,60
2022-04-12,17549.0,17560.85,17541.35,17549.5,14:15:00,17504.636180556336,1,61
2022-04-12,17566.5,17568.8,17546.6,17550.65,14:20:00,17510.5279728843,1,62
2022-04-12,17571.1,17576.25,17557.95,17567.05,14:25:00,17516.29673737151,1,63
2022-04-12,17570.4,17581.15,17564.4,17571.35,14:30:00,17521.449429050415,1,64
2022-04-12,17577.1,17580.3,17566.1,17571.2,14:35:00,17526.749483426567,1,65
2022-04-12,17588.8,17589.65,17574.6,17577.25,14:40:00,17532.65905643356,1,66
2022-04-12,17553.5,17595.3,17548.15,17588.55,14:45:00,17534.643908201793,1,67
2022-04-12,17564.5,17564.65,17551.7,17554.65,14:50:00,17537.487345515907,1,68
2022-04-12,17567.6,17570.35,17557.25,17564.7,14:55:00,17540.355217371532,1,69
2022-04-12,17547.6,17572.6,17541.35,17567.85,15:00:00,17541.04519666948,1,70
2022-04-12,17538.6,17550.8,17529.85,17548.95,15:05:00,17540.812320796198,1,71
2022-04-12,17528.85,17539.4,17527.7,17538.7,15:10:00,17539.67305214894,1,72
2022-04-12,17516.2,17531.0,17512.3,17529.85,15:15:00,17537.43752337285,1,73
2022-04-12,17526.05,17527.7,17515.1,17516.5,15:20:00,17536.35299733734,1,74
2022-04-12,17523.25,17527.05,17512.55,17526.3,15:25:00,17535.10509282902,1,75
2022-04-13,17622.95,17628.85,17585.45,17600.35,09:15:00,17543.47127446435,2,1
2022-04-13,17635.25,17647.7,17622.25,17627.65,09:20:00,17552.21210546775,2,2
2022-04-13,17649.2,17651.55,17634.0,17634.55,09:25:00,17561.449047804155,2,3
2022-04-13,17640.55,17663.65,17640.55,17649.0,09:30:00,17568.98247182281,2,4
2022-04-13,17644.8,17653.55,17637.95,17637.95,09:35:00,17576.203188792064,2,5
2022-04-13,17625.85,17646.95,17625.85,17644.45,09:40:00,17580.931456526152,2,6
2022-04-13,17623.45,17633.45,17615.95,17625.9,09:45:00,17584.9808416189,2,7
2022-04-13,17615.15,17630.0,17613.65,17623.0,09:50:00,17587.854094798055,2,8
2022-04-13,17602.8,17617.65,17596.0,17615.7,09:55:00,17589.277514341098,2,9
2022-04-13,17584.25,17605.2,17571.35,17603.75,10:00:00,17588.79870345147,2,10
2022-04-13,17567.85,17585.35,17566.0,17583.6,10:05:00,17586.803588837043,2,11
2022-04-13,17553.0,17567.65,17552.05,17566.6,10:10:00,17583.584199423993,2,12
2022-04-13,17557.25,17572.3,17547.35,17552.55,10:15:00,17581.07618043123,2,13
2022-04-13,17555.25,17563.9,17553.75,17557.5,10:20:00,17578.616544199685,2,14
2022-04-13,17534.95,17557.4,17523.45,17555.3,10:25:00,17574.457825704478,2,15
2022-04-13,17546.6,17548.5,17529.4,17534.55,10:30:00,17571.804699446908,2,16
2022-04-13,17552.35,17563.7,17545.75,17547.05,10:35:00,17569.951870928155,2,17
2022-04-13,17541.7,17558.45,17539.4,17552.6,10:40:00,17567.261216554045,2,18
2022-04-13,17537.35,17552.55,17536.0,17542.95,10:45:00,17564.412529263183,2,19
2022-04-13,17546.3,17554.7,17536.35,17536.95,10:50:00,17562.687526476213,2,20
2022-04-13,17546.75,17550.65,17532.55,17546.4,10:55:00,17561.16966681181,2,21
2022-04-13,17548.3,17549.0,17533.15,17546.3,11:00:00,17559.9439842583,2,22
2022-04-13,17546.85,17557.05,17544.1,17549.25,11:05:00,17558.696938138462,2,23
2022-04-13,17544.4,17557.75,17541.05,17546.35,11:10:00,17557.335324982418,2,24
2022-04-13,17549.7,17550.95,17540.1,17544.65,11:15:00,17556.60815117457,2,25
2022-04-13,17547.65,17558.7,17545.1,17550.25,11:20:00,17555.754993919847,2,26
2022-04-13,17556.05,17559.45,17546.8,17547.25,11:25:00,17555.783089737004,2,27
2022-04-13,17560.4,17563.55,17548.95,17555.6,11:30:00,17556.222795476337,2,28
2022-04-13,17535.65,17563.1,17533.2,17560.15,11:35:00,17554.26348162145,2,29
2022-04-13,17516.45,17537.85,17516.3,17535.0,11:40:00,17550.6621976575,2,30
2022-04-13,17526.65,17530.45,17493.75,17513.65,11:45:00,17548.37532169012,2,31
2022-04-13,17527.25,17540.25,17522.7,17526.75,11:50:00,17546.36338629106,2,32
2022-04-13,17526.45,17532.35,17523.35,17527.9,11:55:00,17544.46687331096,2,33
2022-04-13,17508.4,17534.15,17503.2,17526.95,12:00:00,17541.031932995633,2,34
2022-04-13,17505.8,17510.2,17497.55,17509.25,12:05:00,17537.676510805573,2,35
2022-04-13,17484.9,17512.65,17484.05,17506.4,12:10:00,17532.650176443138,2,36
2022-04-13,17478.2,17494.3,17471.6,17483.25,12:15:00,17527.464445353315,2,37
2022-04-13,17486.2,17488.15,17478.9,17480.05,12:20:00,17523.534498176807,2,38
2022-04-13,17473.35,17486.5,17471.95,17486.5,12:25:00,17518.755022159967,2,39
2022-04-13,17493.5,17503.35,17457.4,17473.15,12:30:00,17516.349781954257,2,40
2022-04-13,17487.45,17496.85,17483.05,17494.35,12:35:00,17513.597421768136,2,41
2022-04-13,17492.8,17495.45,17484.05,17488.6,12:40:00,17511.616714933076,2,42
2022-04-13,17489.6,17494.75,17484.2,17494.4,12:45:00,17509.51988493945,2,43
2022-04-13,17474.0,17489.7,17469.8,17489.7,12:50:00,17506.137038754743,2,44
2022-04-13,17481.8,17486.5,17466.45,17475.35,12:55:00,17503.819225540006,2,45
2022-04-13,17474.7,17486.55,17468.0,17482.3,13:00:00,17501.045965964768,2,46
2022-04-13,17490.25,17492.85,17472.25,17475.05,13:05:00,17500.017778730027,2,47
2022-04-13,17509.05,17511.9,17487.65,17490.4,13:10:00,17500.87799027955,2,48
2022-04-13,17514.2,17519.05,17506.25,17510.55,13:15:00,17502.14675311007,2,49
2022-04-13,17506.5,17519.5,17501.55,17516.1,13:20:00,17502.56134805197,2,50
2022-04-13,17494.3,17506.15,17488.05,17505.5,13:25:00,17501.774552999403,2,51
2022-04-13,17496.25,17510.85,17489.2,17494.95,13:30:00,17501.2484050947,2,52
2022-04-13,17494.9,17507.25,17491.65,17496.1,13:35:00,17500.64379508568,2,53
2022-04-13,17491.65,17500.0,17485.3,17496.25,13:40:00,17499.78724317276,2,54
2022-04-13,17479.65,17498.55,17479.15,17492.65,13:45:00,17497.86941048964,2,55
2022-04-13,17498.55,17499.25,17475.25,17479.7,13:50:00,17497.934228538244,2,56
2022-04-13,17491.7,17499.05,17486.75,17498.8,13:55:00,17497.340492486983,2,57
2022-04-13,17501.05,17510.2,17480.6,17493.0,14:00:00,17497.693778916793,2,58
2022-04-13,17500.75,17505.65,17495.45,17501.35,14:05:00,17497.984847591382,2,59
2022-04-13,17511.35,17511.75,17498.55,17500.8,14:10:00,17499.257719249345,2,60
2022-04-13,17517.75,17528.55,17510.55,17511.9,14:15:00,17501.018888844643,2,61
2022-04-13,17506.55,17520.15,17503.3,17517.6,14:20:00,17501.54566133563,2,62
2022-04-13,17510.15,17512.65,17489.1,17506.25,14:25:00,17502.36512216081,2,63
2022-04-13,17505.05,17517.85,17501.9,17510.75,14:30:00,17502.620824812162,2,64
2022-04-13,17505.75,17512.65,17500.55,17505.5,14:35:00,17502.918841496718,2,65
2022-04-13,17515.8,17521.15,17505.25,17505.95,14:40:00,17504.14561849703,2,66
2022-04-13,17509.4,17519.5,17506.25,17515.55,14:45:00,17504.64603578303,2,67
2022-04-13,17508.6,17512.7,17505.05,17510.05,14:50:00,17505.022603803693,2,68
2022-04-13,17498.1,17515.45,17496.85,17508.35,14:55:00,17504.36330820334,2,69
2022-04-13,17486.15,17505.7,17471.6,17499.2,15:00:00,17502.62870742207,2,70
2022-04-13,17475.2,17489.85,17470.05,17487.6,15:05:00,17500.01644957235,2,71
2022-04-13,17469.85,17480.3,17467.05,17475.5,15:10:00,17497.143454374986,2,72
2022-04-13,17477.55,17481.0,17463.85,17469.75,15:15:00,17495.27741110118,2,73
2022-04-13,17476.35,17481.05,17467.8,17478.25,15:20:00,17493.474800520115,2,74
2022-04-13,17465.8,17477.1,17463.1,17476.75,15:25:00,17490.839105232484,2,75
2022-04-18,17192.0,17224.7,17160.7,17187.65,09:15:00,17462.378238067486,0,1
2022-04-18,17206.35,17213.05,17189.35,17191.2,09:20:00,17437.994596346773,0,2
2022-04-18,17226.55,17237.75,17196.05,17207.9,09:25:00,17417.857015742316,0,3
2022-04-18,17218.65,17231.15,17191.25,17226.35,09:30:00,17398.88491900495,0,4
2022-04-18,17219.2,17236.1,17209.3,17217.6,09:35:00,17381.77206957591,0,5
2022-04-18,17229.0,17234.0,17213.15,17218.8,09:40:00,17367.222348663916,0,6
2022-04-18,17201.0,17230.8,17182.95,17228.55,09:45:00,17351.391648791163,0,7
2022-04-18,17193.5,17208.1,17183.75,17201.8,09:50:00,17336.35434890629,0,8
2022-04-18,17209.05,17211.7,17185.05,17193.85,09:55:00,17324.230125200927,0,9
2022-04-18,17186.95,17213.2,17186.9,17209.3,10:00:00,17311.155827562743,0,10
2022-04-18,17152.0,17187.5,17148.2,17186.3,10:05:00,17295.998129699627,0,11
2022-04-18,17152.95,17157.55,17137.15,17153.25,10:10:00,17282.37449829966,0,12
2022-04-18,17133.15,17151.4,17130.05,17150.3,10:15:00,17268.16264131874,0,13
2022-04-18,17141.35,17151.1,17129.55,17132.95,10:20:00,17256.08524690743,0,14
2022-04-18,17136.0,17151.0,17136.0,17141.45,10:25:00,17244.64855672577,0,15
2022-04-18,17149.4,17151.55,17132.3,17137.35,10:30:00,17235.57726560903,0,16
2022-04-18,17157.9,17169.15,17147.1,17149.0,10:35:00,17228.17943078912,0,17
2022-04-18,17162.45,17170.95,17151.35,17157.5,10:40:00,17221.919484999682,0,18
2022-04-18,17148.95,17164.05,17145.25,17162.6,10:45:00,17214.97001023781,0,19
2022-04-18,17142.1,17155.1,17136.45,17148.65,10:50:00,17208.03000926278,0,20
2022-04-18,17142.45,17150.3,17134.5,17141.65,10:55:00,17201.784294094898,0,21
2022-04-18,17142.7,17149.95,17141.1,17143.1,11:00:00,17196.15721846681,0,22
2022-04-18,17149.95,17157.75,17139.9,17142.0,11:05:00,17191.75653099378,0,23
2022-04-18,17154.9,17157.55,17147.45,17149.85,11:10:00,17188.24638518485,0,24
2022-04-18,17152.5,17167.2,17152.5,17155.2,11:15:00,17184.8419675482,0,25
2022-04-18,17168.75,17175.6,17147.1,17153.1,11:20:00,17183.309399210277,0,26
2022-04-18,17170.85,17175.8,17160.15,17167.6,11:25:00,17182.122789761677,0,27
2022-04-18,17158.45,17174.45,17150.5,17171.95,11:30:00,17179.868238355804,0,28
2022-04-18,17158.6,17163.45,17152.85,17158.55,11:35:00,17177.84269184573,0,29
2022-04-18,17157.5,17162.7,17154.95,17158.8,11:40:00,17175.905292622327,0,30
2022-04-18,17159.5,17160.55,17153.5,17158.55,11:45:00,17174.342883801153,0,31
2022-04-18,17173.05,17178.4,17157.5,17159.55,11:50:00,17174.21975201057,0,32
2022-04-18,17160.2,17175.2,17158.3,17173.9,11:55:00,17172.884537533373,0,33
2022-04-18,17146.6,17162.6,17137.15,17161.15,12:00:00,17170.38124824448,0,34
2022-04-18,17142.85,17152.55,17141.4,17147.0,12:05:00,17167.75922460215,0,35
2022-04-18,17142.1,17147.85,17136.9,17142.0,12:10:00,17165.315488925753,0,36
2022-04-18,17147.15,17151.8,17135.05,17142.0,12:15:00,17163.585442361396,0,37
2022-04-18,17130.0,17148.75,17128.2,17147.5,12:20:00,17160.38682880317,0,38
2022-04-18,17126.8,17130.5,17116.6,17130.2,12:25:00,17157.188083202866,0,39
2022-04-18,17111.85,17126.35,17104.2,17126.25,12:30:00,17152.87017051688,0,40
2022-04-18,17096.3,17116.4,17096.15,17113.0,12:35:00,17147.482535229556,0,41
2022-04-18,17102.45,17107.15,17092.0,17098.05,12:40:00,17143.193722350552,0,42
2022-04-18,17107.25,17109.3,17098.95,17101.7,12:45:00,17139.770510698116,0,43
2022-04-18,17076.9,17111.15,17075.3,17107.85,12:50:00,17133.78284301258,0,44
2022-04-18,17083.65,17087.9,17075.6,17077.25,12:55:00,17129.008286535194,0,45
2022-04-18,17072.0,17097.15,17067.85,17084.0,13:00:00,17123.578925912796,0,46
2022-04-18,17081.0,17086.55,17071.7,17072.45,13:05:00,17119.523790111576,0,47
2022-04-18,17099.2,17105.4,17080.6,17081.15,13:10:00,17117.58819105333,0,48
2022-04-18,17107.1,17113.45,17099.4,17099.45,13:15:00,17116.58931571492,0,49
2022-04-18,17125.75,17127.35,17100.3,17108.3,13:20:00,17117.46176183731,0,50
2022-04-18,17113.1,17130.0,17106.9,17126.6,13:25:00,17117.04635594804,0,51
2022-04-18,17127.15,17127.15,17112.65,17113.5,13:30:00,17118.008607762513,0,52
2022-04-18,17129.8,17135.5,17120.5,17126.75,13:35:00,17119.131597499418,0,53
2022-04-18,17121.25,17130.2,17115.75,17130.2,13:40:00,17119.33335011852,0,54
2022-04-18,17144.4,17147.4,17120.95,17121.7,13:45:00,17121.720650107232,0,55
2022-04-18,17147.9,17152.6,17139.75,17144.75,13:50:00,17124.213921525592,0,56
2022-04-18,17149.0,17154.15,17141.0,17149.05,13:55:00,17126.574500427916,0,57
2022-04-18,17140.45,17161.1,17132.85,17150.45,14:00:00,17127.895976577638,0,58
2022-04-18,17151.45,17153.2,17134.6,17141.45,14:05:00,17130.139216903575,0,59
2022-04-18,17142.6,17151.05,17135.65,17151.05,14:10:00,17131.325958150854,0,60
2022-04-18,17136.35,17150.85,17123.75,17143.4,14:15:00,17131.804438326963,0,61
2022-04-18,17155.95,17164.35,17136.8,17136.8,14:20:00,17134.104015629156,0,62
2022-04-18,17147.2,17166.5,17147.2,17156.7,14:25:00,17135.351252235905,0,63
2022-04-18,17163.6,17163.6,17148.65,17148.65,14:30:00,17138.04160916582,0,64
2022-04-18,17173.5,17177.95,17164.1,17164.85,14:35:00,17141.418598769073,0,65
2022-04-18,17183.6,17187.2,17167.95,17173.6,14:40:00,17145.43587507678,0,66
2022-04-18,17181.1,17194.15,17181.1,17184.05,14:45:00,17148.8324584028,0,67
2022-04-18,17173.6,17186.9,17166.2,17182.65,14:50:00,17151.19127188825,0,68
2022-04-18,17174.9,17179.95,17168.0,17173.8,14:55:00,17153.44924599413,0,69
2022-04-18,17142.4,17178.95,17139.4,17174.05,15:00:00,17152.39693685183,0,70
2022-04-18,17148.05,17148.85,17138.1,17142.9,15:05:00,17151.982942865943,0,71
2022-04-18,17179.3,17179.85,17147.6,17148.1,15:10:00,17154.5845673549,0,72
2022-04-18,17188.4,17199.75,17180.8,17180.8,15:15:00,17157.80508474967,0,73
2022-04-18,17187.95,17199.7,17183.55,17189.3,15:20:00,17160.676029059225,0,74
2022-04-18,17185.8,17188.4,17180.35,17187.8,15:25:00,17163.06878819644,0,75
2022-04-19,17207.55,17275.65,17206.95,17259.35,09:15:00,17167.305094082494,1,1
2022-04-19,17192.65,17215.4,17176.75,17210.45,09:20:00,17169.718894646066,1,2
2022-04-19,17202.15,17205.4,17177.85,17192.05,09:25:00,17172.807571346442,1,3
2022-04-19,17190.5,17214.7,17184.65,17202.6,09:30:00,17174.492564551543,1,4
2022-04-19,17168.45,17192.6,17160.4,17189.5,09:35:00,17173.917082213302,1,5
2022-04-19,17185.9,17185.9,17152.6,17167.9,09:40:00,17175.0583124787,1,6
2022-04-19,17172.3,17187.25,17168.75,17185.6,09:45:00,17174.795616052157,1,7
2022-04-19,17174.1,17190.9,17169.95,17171.05,09:50:00,17174.729366904332,1,8
2022-04-19,17179.8,17184.75,17171.0,17174.05,09:55:00,17175.212284342015,1,9
2022-04-19,17202.95,17203.1,17180.15,17180.15,10:00:00,17177.853971547538,1,10
2022-04-19,17182.35,17207.0,17181.85,17203.15,10:05:00,17178.282164733486,1,11
2022-04-19,17193.8,17201.0,17181.75,17182.45,10:10:00,17179.760053806487,1,12
2022-04-19,17183.15,17195.15,17182.15,17193.85,10:15:00,17180.082905824915,1,13
2022-04-19,17173.1,17184.0,17167.8,17183.2,10:20:00,17179.417867174925,1,14
2022-04-19,17175.15,17180.85,17166.85,17173.25,10:25:00,17179.011403634457,1,15
2022-04-19,17175.8,17189.1,17173.05,17175.2,10:30:00,17178.705555669272,1,16
2022-04-19,17182.5,17184.0,17175.1,17176.0,10:35:00,17179.06693131982,1,17
2022-04-19,17193.55,17194.05,17181.95,17182.45,10:40:00,17180.446271194123,1,18
2022-04-19,17186.5,17195.75,17179.05,17192.6,10:45:00,17181.022816794684,1,19
2022-04-19,17179.9,17188.1,17175.0,17186.75,10:50:00,17180.915881861856,1,20
2022-04-19,17164.6,17183.45,17164.6,17180.1,10:55:00,17179.361988351204,1,21
2022-04-19,17181.9,17181.9,17162.95,17164.85,11:00:00,17179.603703746325,1,22
2022-04-19,17185.0,17191.35,17181.15,17182.15,11:05:00,17180.117636722865,1,23
2022-04-19,17194.1,17194.1,17183.15,17184.5,11:10:00,17181.449290368306,1,24
2022-04-19,17202.7,17210.75,17195.55,17195.55,11:15:00,17183.473167476084,1,25
2022-04-19,17214.8,17219.1,17198.45,17202.0,11:20:00,17186.456675335503,1,26
2022-04-19,17205.2,17214.6,17200.95,17214.55,11:25:00,17188.24175387498,1,27
2022-04-19,17207.7,17208.8,17189.9,17204.55,11:30:00,17190.0949201726,1,28
2022-04-19,17220.95,17220.95,17205.6,17208.05,11:35:00,17193.03349920378,1,29
2022-04-19,17223.35,17223.65,17214.75,17220.85,11:40:00,17195.920784993894,1,30
2022-04-19,17232.6,17236.7,17219.7,17223.4,11:45:00,17199.414043565903,1,31
2022-04-19,17239.9,17242.2,17228.55,17233.45,11:50:00,17203.26984894058,1,32
2022-04-19,17234.4,17240.6,17230.3,17240.15,11:55:00,17206.234625231955,1,33
2022-04-19,17222.95,17237.3,17221.0,17234.25,12:00:00,17207.826565686057,1,34
2022-04-19,17232.9,17233.45,17216.5,17223.25,12:05:00,17210.214511811195,1,35
2022-04-19,17238.5,17239.5,17230.0,17233.3,12:10:00,17212.908367829175,1,36
2022-04-19,17246.7,17248.3,17233.9,17238.55,12:15:00,17216.126618512113,1,37
2022-04-19,17242.75,17255.4,17242.4,17247.2,12:20:00,17218.662178653816,1,38
2022-04-19,17233.6,17245.9,17232.1,17243.15,12:25:00,17220.084828305833,1,39
2022-04-19,17230.05,17234.3,17220.8,17234.3,12:30:00,17221.033892276704,1,40
2022-04-19,17225.35,17233.0,17223.85,17231.1,12:35:00,17221.444950155113,1,41
2022-04-19,17209.05,17225.15,17206.45,17225.0,12:40:00,17220.264478711768,1,42
2022-04-19,17219.5,17223.0,17208.05,17211.05,12:45:00,17220.19167121541,1,43
2022-04-19,17208.15,17220.4,17202.5,17220.4,12:50:00,17219.044845385368,1,44
2022-04-19,17197.5,17209.85,17193.55,17208.05,12:55:00,17216.992955348665,1,45
2022-04-19,17198.3,17208.0,17191.2,17198.25,13:00:00,17215.212673886886,1,46
2022-04-19,17173.85,17204.35,17173.85,17197.25,13:05:00,17211.273371611944,1,47
2022-04-19,17181.8,17183.3,17170.3,17174.95,13:10:00,17208.466383839375,1,48
2022-04-19,17208.25,17209.75,17180.85,17181.35,13:15:00,17208.44577585467,1,49
2022-04-19,17226.8,17229.05,17209.15,17209.65,13:20:00,17210.193797201846,1,50
2022-04-19,17232.95,17239.2,17225.5,17227.45,13:25:00,17212.361054611192,1,51
2022-04-19,17240.65,17240.7,17232.8,17233.6,13:30:00,17215.055239886315,1,52
2022-04-19,17244.05,17250.75,17233.9,17242.15,13:35:00,17217.816645611427,1,53
2022-04-19,17229.25,17250.7,17224.55,17244.45,13:40:00,17218.905536505576,1,54
2022-04-19,17252.55,17252.55,17225.7,17230.05,13:45:00,17222.10977112409,1,55
2022-04-19,17250.25,17253.1,17244.55,17252.2,13:50:00,17224.789792921794,1,56
2022-04-19,17239.6,17252.15,17236.85,17250.75,13:55:00,17226.200288834003,1,57
2022-04-19,17262.75,17267.5,17238.85,17238.85,14:00:00,17229.681213706954,1,58
2022-04-19,17263.65,17265.75,17254.15,17262.8,14:05:00,17232.916336211052,1,59
2022-04-19,17245.8,17269.6,17245.35,17264.6,14:10:00,17234.14335181,1,60
2022-04-19,17238.6,17250.8,17233.25,17245.65,14:15:00,17234.56779449476,1,61
2022-04-19,17235.4,17248.25,17225.3,17239.15,14:20:00,17234.647052161927,1,62
2022-04-19,17233.55,17248.25,17230.3,17234.85,14:25:00,17234.542571003647,1,63
2022-04-19,17215.8,17234.85,17206.85,17233.3,14:30:00,17232.757564241394,1,64
2022-04-19,17227.4,17240.95,17212.75,17216.3,14:35:00,17232.247320027927,1,65
2022-04-19,17218.65,17230.9,17216.7,17227.75,14:40:00,17230.952337168124,1,66
2022-04-19,17190.75,17225.55,17190.75,17219.65,14:45:00,17227.123543152113,1,67
2022-04-19,17171.85,17202.25,17171.7,17191.1,14:50:00,17221.859396185246,1,68
2022-04-19,17133.8,17169.25,17120.7,17169.25,14:55:00,17213.472787024748,1,69
2022-04-19,17024.85,17134.65,17021.4,17134.2,15:00:00,17195.508712070012,1,70
2022-04-19,16983.8,17042.05,16928.3,17024.15,15:05:00,17175.345977587152,1,71
2022-04-19,16962.25,17031.95,16962.25,16983.65,15:10:00,17155.05112257885,1,72
2022-04-19,16910.5,16973.7,16906.25,16960.75,15:15:00,17131.760539476105,1,73
2022-04-19,16878.3,16920.25,16873.55,16912.0,15:20:00,17107.62144047838,1,74
2022-04-19,16868.9,16878.25,16824.7,16877.95,15:25:00,17084.886065194725,1,75
2022-04-20,17063.25,17065.2,16978.95,17053.55,09:15:00,17080.961155408833,2,1
2022-04-20,17076.9,17095.75,17059.7,17062.65,09:20:00,17080.57437870323,2,2
2022-04-20,17087.6,17100.65,17059.8,17079.5,09:25:00,17081.243485493396,2,3
2022-04-20,17109.3,17115.35,17088.5,17089.5,09:30:00,17083.915534494026,2,4
2022-04-20,17119.55,17128.5,17099.55,17109.5,09:35:00,17087.30929311364,2,5
2022-04-20,17102.5,17131.75,17102.5,17119.5,09:40:00,17088.75602710282,2,6
2022-04-20,17100.2,17103.85,17065.05,17102.15,09:45:00,17089.845929283503,2,7
2022-04-20,17119.55,17127.25,17099.95,17100.75,09:50:00,17092.67488839936,2,8
2022-04-20,17116.8,17124.5,17107.25,17121.0,09:55:00,17094.97251807561,2,9
2022-04-20,17114.45,17122.4,17076.15,17117.0,10:00:00,17096.827516354122,2,10
2022-04-20,17112.75,17127.6,17112.75,17114.55,10:05:00,17098.343943368014,2,11
2022-04-20,17113.35,17124.6,17105.3,17112.05,10:10:00,17099.773091618677,2,12
2022-04-20,17116.15,17137.45,17111.45,17114.35,10:15:00,17101.332797178802,2,13
2022-04-20,17114.0,17126.7,17109.7,17115.6,10:20:00,17102.539197447488,2,14
2022-04-20,17120.15,17125.4,17110.6,17114.35,10:25:00,17104.216416738203,2,15
2022-04-20,17085.05,17132.6,17084.1,17119.4,10:30:00,17102.391043715517,2,16
2022-04-20,17085.75,17100.2,17077.3,17085.75,10:35:00,17100.806182409277,2,17
2022-04-20,17086.2,17101.9,17082.4,17085.1,10:40:00,17099.415117417917,2,18
2022-04-20,17095.55,17103.25,17086.25,17087.05,10:45:00,17099.047010997165,2,19
2022-04-20,17095.0,17108.3,17087.05,17096.3,10:50:00,17098.661581378386,2,20
2022-04-20,17083.1,17095.6,17078.85,17094.55,10:55:00,17097.179526009015,2,21
2022-04-20,17101.0,17106.95,17074.55,17084.3,11:00:00,17097.543380674822,2,22
2022-04-20,17119.45,17123.05,17100.65,17100.65,11:05:00,17099.62972537246,2,23
2022-04-20,17119.3,17123.95,17115.2,17120.45,11:10:00,17101.503084860797,2,24
2022-04-20,17119.25,17131.0,17118.8,17120.3,11:15:00,17103.193267255007,2,25
2022-04-20,17120.75,17126.55,17115.45,17120.35,11:20:00,17104.865337040243,2,26
2022-04-20,17083.75,17123.1,17083.75,17121.4,11:25:00,17102.85435256022,2,27
2022-04-20,17080.2,17097.75,17078.95,17082.4,11:30:00,17100.696795173535,2,28
2022-04-20,17068.15,17086.5,17063.2,17079.55,11:35:00,17097.597100395105,2,29
2022-04-20,17081.15,17090.4,17069.3,17069.3,11:40:00,17096.03070988129,2,30
2022-04-20,17082.65,17096.05,17063.8,17083.3,11:45:00,17094.75635655926,2,31
2022-04-20,17076.35,17089.75,17073.4,17082.4,11:50:00,17093.003370220285,2,32
2022-04-20,17065.6,17079.45,17065.6,17077.4,11:55:00,17090.3935254374,2,33
2022-04-20,17077.75,17086.2,17063.0,17065.3,12:00:00,17089.189380157648,2,34
2022-04-20,17086.85,17087.75,17066.0,17078.55,12:05:00,17088.966582047397,2,35
2022-04-20,17101.55,17103.75,17085.7,17087.3,12:10:00,17090.165002804788,2,36
2022-04-20,17102.1,17113.45,17100.4,17103.35,12:15:00,17091.30166920433,2,37
2022-04-20,17110.6,17111.6,17099.8,17102.15,12:20:00,17093.139605470584,2,38
2022-04-20,17123.8,17123.95,17109.05,17112.35,12:25:00,17096.059643044813,2,39
2022-04-20,17119.3,17126.6,17095.75,17123.95,12:30:00,17098.27301037388,2,40
2022-04-20,17156.7,17157.85,17118.45,17120.05,12:35:00,17103.837485576365,2,41
2022-04-20,17160.1,17167.15,17150.3,17158.2,12:40:00,17109.195820283378,2,42
2022-04-20,17166.1,17172.3,17149.6,17162.65,12:45:00,17114.615265970675,2,43
2022-04-20,17164.4,17180.35,17158.0,17167.5,12:50:00,17119.356669211564,2,44
2022-04-20,17180.05,17182.75,17165.8,17167.1,12:55:00,17125.13698642951,2,45
2022-04-20,17169.35,17186.9,17169.35,17180.95,13:00:00,17129.347749626697,2,46
2022-04-20,17166.15,17177.75,17144.85,17170.35,13:05:00,17132.852725852725,2,47
2022-04-20,17136.85,17170.35,17136.85,17168.6,13:10:00,17133.233418628657,2,48
2022-04-20,17130.15,17138.3,17106.1,17138.3,13:15:00,17132.93975971164,2,49
2022-04-20,17143.45,17152.35,17122.8,17129.1,13:20:00,17133.940734977197,2,50
2022-04-20,17149.45,17165.15,17138.0,17145.3,13:25:00,17135.41780783651,2,51
2022-04-20,17119.85,17153.65,17112.15,17149.35,13:30:00,17133.93515947113,2,52
2022-04-20,17128.6,17136.35,17115.35,17121.95,13:35:00,17133.42704904531,2,53
2022-04-20,17134.6,17141.25,17123.45,17127.8,13:40:00,17133.53875866004,2,54
2022-04-20,17116.8,17144.15,17090.0,17135.65,13:45:00,17131.94459116861,2,55
2022-04-20,17081.2,17118.35,17078.95,17115.6,13:50:00,17127.111772962075,2,56
2022-04-20,17084.95,17091.35,17061.8,17081.3,13:55:00,17123.096366013306,2,57
2022-04-20,17099.75,17099.75,17067.45,17086.65,14:00:00,17120.87290258347,2,58
2022-04-20,17103.35,17120.55,17098.0,17100.45,14:05:00,17119.20405471838,2,59
2022-04-20,17098.15,17117.75,17098.15,17104.25,14:10:00,17117.198906649963,2,60
2022-04-20,17074.7,17099.35,17073.0,17098.35,14:15:00,17113.15139173092,2,61
2022-04-20,17095.3,17108.85,17064.4,17076.35,14:20:00,17111.451259185116,2,62
2022-04-20,17090.55,17099.05,17071.65,17096.4,14:25:00,17109.46066307225,2,63
2022-04-20,17069.1,17108.2,17067.9,17091.05,14:30:00,17105.6167903987,2,64
2022-04-20,17096.25,17103.25,17069.05,17070.05,14:35:00,17104.724715122633,2,65
2022-04-20,17133.35,17143.25,17095.65,17097.2,14:40:00,17107.45093273,2,66
2022-04-20,17151.45,17154.6,17118.95,17134.3,14:45:00,17111.641320089046,2,67
2022-04-20,17124.6,17164.45,17122.5,17153.7,14:50:00,17112.875480080565,2,68
2022-04-20,17099.0,17133.15,17092.2,17125.05,14:55:00,17111.554005787177,2,69
2022-04-20,17120.95,17133.55,17104.2,17104.2,15:00:00,17112.448862378875,2,70
2022-04-20,17139.7,17147.9,17120.5,17122.15,15:05:00,17115.04420881898,2,71
2022-04-20,17126.4,17143.35,17125.1,17141.75,15:10:00,17116.125712740984,2,72
2022-04-20,17146.05,17148.75,17123.35,17126.85,15:15:00,17118.97564486089,2,73
2022-04-20,17149.5,17152.3,17134.95,17146.5,15:20:00,17121.88272630271,2,74
2022-04-20,17149.3,17152.6,17139.4,17149.95,15:25:00,17124.49389522626,2,75
2022-04-21,17245.95,17253.8,17218.15,17242.25,09:15:00,17136.06114329995,3,1
2022-04-21,17243.75,17247.0,17230.6,17245.45,09:20:00,17146.31722489043,3,2
2022-04-21,17228.4,17243.65,17228.25,17243.2,09:25:00,17154.134632043722,3,3
2022-04-21,17238.9,17243.65,17215.5,17227.9,09:30:00,17162.207524230034,3,4
2022-04-21,17241.55,17246.55,17235.1,17238.65,09:35:00,17169.76395049384,3,5
2022-04-21,17251.45,17258.8,17235.9,17242.15,09:40:00,17177.543574256335,3,6
2022-04-21,17263.6,17270.35,17251.5,17251.5,09:45:00,17185.73942432716,3,7
2022-04-21,17255.05,17266.8,17243.2,17263.4,09:50:00,17192.340431534096,3,8
2022-04-21,17247.2,17259.45,17245.6,17254.55,09:55:00,17197.565152340372,3,9
2022-04-21,17251.65,17257.85,17246.75,17247.25,10:00:00,17202.716090212718,3,10
2022-04-21,17251.6,17261.65,17246.6,17250.85,10:05:00,17207.37170066865,3,11
2022-04-21,17262.45,17267.45,17245.8,17250.85,10:10:00,17212.61725298592,3,12
2022-04-21,17265.95,17269.7,17261.5,17262.6,10:15:00,17217.696562225356,3,13
2022-04-21,17255.3,17276.3,17255.15,17265.9,10:20:00,17221.277842013416,3,14
2022-04-21,17248.5,17258.35,17241.05,17254.75,10:25:00,17223.870428488328,3,15
2022-04-21,17258.0,17261.9,17241.55,17248.6,10:30:00,17227.12086387039,3,16
2022-04-21,17266.8,17270.35,17256.45,17256.95,10:35:00,17230.89982921607,3,17
2022-04-21,17263.05,17268.0,17259.95,17267.1,10:40:00,17233.96175024311,3,18
2022-04-21,17267.25,17274.05,17263.2,17263.2,10:45:00,17237.132059743766,3,19
2022-04-21,17282.7,17283.05,17262.5,17267.2,10:50:00,17241.47186357769,3,20
2022-04-21,17284.35,17287.15,17275.0,17281.75,10:55:00,17245.55549561791,3,21
2022-04-21,17305.1,17305.95,17283.55,17283.55,11:00:00,17251.226400797157,3,22
2022-04-21,17326.9,17328.25,17305.2,17305.3,11:05:00,17258.43341024505,3,23
2022-04-21,17338.85,17341.15,17323.9,17326.8,11:10:00,17266.092133078855,3,24
2022-04-21,17326.65,17342.55,17322.6,17339.35,11:15:00,17271.859548976106,3,25
2022-04-21,17346.15,17346.65,17325.6,17326.6,11:20:00,17278.934830026003,3,26
2022-04-21,17344.05,17350.65,17336.65,17345.2,11:25:00,17285.136274785433,3,27
2022-04-21,17335.85,17344.3,17331.15,17344.3,11:30:00,17289.966153377296,3,28
2022-04-21,17324.85,17342.35,17324.05,17337.5,11:35:00,17293.28842448422,3,29
2022-04-21,17328.7,17332.6,17321.35,17323.7,11:40:00,17296.660955485724,3,30
2022-04-21,17330.35,17332.45,17314.55,17329.0,11:45:00,17299.869435915654,3,31
2022-04-21,17332.5,17337.1,17330.25,17330.5,11:50:00,17302.97710868559,3,32
2022-04-21,17340.05,17342.75,17330.35,17332.3,11:55:00,17306.507860239344,3,33
2022-04-21,17338.45,17349.1,17335.6,17341.9,12:00:00,17309.54996878798,3,34
2022-04-21,17343.1,17345.15,17335.75,17338.65,12:05:00,17312.745209855788,3,35
2022-04-21,17342.1,17344.7,17337.8,17343.05,12:10:00,17315.540904155238,3,36
2022-04-21,17334.5,17343.45,17331.1,17342.6,12:15:00,17317.34653233093,3,37
2022-04-21,17330.9,17337.9,17328.75,17334.3,12:20:00,17318.637338775603,3,38
2022-04-21,17337.85,17341.75,17328.8,17329.85,12:25:00,17320.46711603507,3,39
2022-04-21,17347.15,17350.0,17332.45,17337.6,12:30:00,17323.00834307935,3,40
2022-04-21,17346.75,17349.95,17339.85,17347.4,12:35:00,17325.26945326227,3,41
2022-04-21,17361.6,17362.35,17343.2,17347.45,12:40:00,17328.72950533253,3,42
2022-04-21,17365.35,17367.35,17360.8,17361.35,12:45:00,17332.217171491335,3,43
2022-04-21,17346.7,17366.4,17343.95,17366.3,12:50:00,17333.59648849216,3,44
2022-04-21,17356.3,17357.5,17345.65,17346.8,12:55:00,17335.75872768338,3,45
2022-04-21,17360.2,17362.25,17353.95,17357.0,13:00:00,17338.08646790401,3,46
2022-04-21,17361.35,17363.95,17358.4,17360.9,13:05:00,17340.302042389343,3,47
2022-04-21,17357.8,17371.15,17349.3,17361.6,13:10:00,17341.96851454274,3,48
2022-04-21,17358.4,17362.1,17354.85,17358.95,13:15:00,17343.53341791962,3,49
2022-04-21,17354.1,17361.2,17348.95,17359.2,13:20:00,17344.539759070132,3,50
2022-04-21,17374.8,17376.9,17353.5,17354.7,13:25:00,17347.42168677774,3,51
2022-04-21,17366.85,17374.5,17364.75,17374.45,13:30:00,17349.272002322716,3,52
2022-04-21,17367.95,17369.2,17357.95,17368.2,13:35:00,17351.050859244362,3,53
2022-04-21,17385.55,17386.65,17361.45,17367.75,13:40:00,17354.33649169728,3,54
2022-04-21,17376.55,17388.7,17375.8,17385.45,13:45:00,17356.452063916586,3,55
2022-04-21,17372.7,17380.4,17372.35,17376.85,13:50:00,17357.99948640072,3,56
2022-04-21,17360.75,17374.65,17359.25,17373.7,13:55:00,17358.261440076843,3,57
2022-04-21,17366.5,17371.1,17357.0,17360.1,14:00:00,17359.04606483143,3,58
2022-04-21,17373.6,17374.9,17366.35,17367.25,14:05:00,17360.4321538951,3,59
2022-04-21,17382.45,17384.05,17372.65,17373.4,14:10:00,17362.529091619377,3,60
2022-04-21,17388.45,17396.85,17381.9,17383.05,14:15:00,17364.99774956039,3,61
2022-04-21,17397.85,17401.1,17383.45,17389.3,14:20:00,17368.126535316544,3,62
2022-04-21,17405.45,17405.95,17390.85,17398.45,14:25:00,17371.68115100068,3,63
2022-04-21,17391.3,17414.7,17391.3,17406.95,14:30:00,17373.54961281014,3,64
2022-04-21,17393.25,17401.95,17384.5,17390.1,14:35:00,17375.425840161555,3,65
2022-04-21,17395.4,17402.45,17391.95,17393.4,14:40:00,17377.32814109855,3,66
2022-04-21,17396.85,17399.35,17387.9,17395.25,14:45:00,17379.18736575583,3,67
2022-04-21,17401.85,17404.6,17395.75,17398.05,14:50:00,17381.345711874324,3,68
2022-04-21,17404.7,17407.7,17398.5,17401.4,14:55:00,17383.569929791054,3,69
2022-04-21,17404.65,17413.65,17396.0,17407.05,15:00:00,17385.57755552524,3,70
2022-04-21,17382.35,17406.45,17371.75,17405.5,15:05:00,17385.27016928474,3,71
2022-04-21,17388.75,17395.5,17380.15,17382.45,15:10:00,17385.601581733812,3,72
2022-04-21,17390.25,17390.7,17386.4,17389.3,15:15:00,17386.044288235353,3,73
2022-04-21,17393.35,17401.7,17388.25,17390.85,15:20:00,17386.740070308177,3,74
2022-04-21,17400.1,17401.85,17392.55,17393.8,15:25:00,17388.01244456454,3,75
2022-04-22,17210.5,17253.85,17196.05,17253.35,09:15:00,17371.106497463155,4,1
2022-04-22,17215.85,17219.2,17201.4,17210.6,09:20:00,17356.320164371427,4,2
2022-04-22,17246.4,17248.25,17212.25,17216.05,09:25:00,17345.851577288435,4,3
2022-04-22,17229.9,17247.85,17222.3,17247.0,09:30:00,17334.80856992763,4,4
2022-04-22,17230.05,17234.75,17224.7,17228.2,09:35:00,17324.831563267857,4,5
2022-04-22,17237.15,17238.55,17216.65,17230.5,09:40:00,17316.480938194727,4,6
2022-04-22,17227.75,17238.3,17225.05,17236.9,09:45:00,17308.03037265237,4,7
2022-04-22,17247.7,17259.25,17225.65,17228.4,09:50:00,17302.284622875955,4,8
2022-04-22,17235.7,17251.75,17230.05,17247.65,09:55:00,17295.943230221103,4,9
2022-04-22,17216.9,17237.05,17213.7,17237.05,10:00:00,17288.415303533377,4,10
2022-04-22,17217.95,17230.1,17212.2,17216.3,10:05:00,17281.704322244485,4,11
2022-04-22,17228.25,17228.25,17213.6,17217.05,10:10:00,17276.613434411676,4,12
2022-04-22,17227.3,17227.75,17215.8,17227.35,10:15:00,17271.91691684866,4,13
2022-04-22,17217.45,17227.7,17217.45,17226.35,10:20:00,17266.7295914345,4,14
2022-04-22,17225.85,17229.25,17217.35,17217.35,10:25:00,17262.836297012167,4,15
2022-04-22,17227.9,17235.35,17219.15,17224.5,10:30:00,17259.509030630055,4,16
2022-04-22,17233.25,17239.05,17227.4,17227.8,10:35:00,17257.00817057005,4,17
2022-04-22,17242.8,17244.0,17232.05,17233.55,10:40:00,17255.65501146814,4,18
2022-04-22,17239.55,17247.95,17235.45,17242.55,10:45:00,17254.12120085213,4,19
2022-04-22,17242.9,17245.25,17235.8,17240.4,10:50:00,17253.052515056686,4,20
2022-04-22,17261.15,17262.0,17241.3,17242.45,10:55:00,17253.823704098908,4,21
2022-04-22,17264.25,17268.55,17253.1,17261.05,11:00:00,17254.816684660917,4,22
2022-04-22,17283.15,17284.85,17262.2,17265.0,11:05:00,17257.51509564559,4,23
2022-04-22,17296.75,17301.55,17281.1,17283.3,11:10:00,17261.251753203152,4,24
2022-04-22,17305.8,17306.9,17284.75,17297.6,11:15:00,17265.494443374282,4,25
2022-04-22,17296.2,17314.0,17295.55,17305.65,11:20:00,17268.41878210054,4,26
2022-04-22,17284.1,17298.4,17281.5,17295.5,11:25:00,17269.912231424296,4,27
2022-04-22,17299.6,17305.9,17275.3,17284.85,11:30:00,17272.739637955314,4,28
2022-04-22,17292.8,17301.7,17291.45,17299.2,11:35:00,17274.650148626235,4,29
2022-04-22,17298.15,17299.75,17289.2,17292.65,11:40:00,17276.88822970945,4,30
2022-04-22,17287.9,17299.4,17287.45,17297.6,11:45:00,17277.936969737122,4,31
2022-04-22,17284.4,17288.7,17281.2,17287.25,11:50:00,17278.552496428827,4,32
2022-04-22,17304.35,17304.55,17281.85,17284.25,11:55:00,17281.009401530842,4,33
2022-04-22,17307.5,17310.5,17299.75,17304.65,12:00:00,17283.532315670764,4,34
2022-04-22,17294.9,17315.3,17294.9,17307.25,12:05:00,17284.61495227355,4,35
2022-04-22,17289.75,17297.0,17288.75,17294.15,12:10:00,17285.104004437973,4,36
2022-04-22,17295.15,17297.7,17286.1,17288.7,12:15:00,17286.060765920072,4,37
2022-04-22,17297.8,17298.45,17293.5,17295.25,12:20:00,17287.178788213398,4,38
2022-04-22,17282.55,17299.65,17282.15,17296.95,12:25:00,17286.73795124069,4,39
2022-04-22,17293.75,17295.0,17265.2,17282.8,12:30:00,17287.405765408246,4,40
2022-04-22,17301.4,17308.7,17293.4,17293.4,12:35:00,17288.738549655078,4,41
2022-04-22,17306.65,17309.25,17299.45,17301.0,12:40:00,17290.444402068882,4,42
2022-04-22,17297.4,17308.9,17296.3,17306.45,12:45:00,17291.106839967084,4,43
2022-04-22,17291.95,17299.5,17287.95,17297.55,12:50:00,17291.1871409226,4,44
2022-04-22,17280.05,17295.85,17278.85,17291.15,12:55:00,17290.126460834734,4,45
2022-04-22,17272.0,17289.25,17272.0,17281.3,13:00:00,17288.400131231425,4,46
2022-04-22,17283.45,17285.2,17263.65,17271.75,13:05:00,17287.928690161767,4,47
2022-04-22,17281.7,17285.1,17277.4,17283.35,13:10:00,17287.335481574934,4,48
2022-04-22,17274.0,17286.0,17272.95,17281.0,13:15:00,17286.065435710654,4,49
2022-04-22,17266.9,17277.0,17257.85,17273.65,13:20:00,17284.240156119162,4,50
2022-04-22,17278.25,17282.0,17267.9,17268.45,13:25:00,17283.669665060195,4,51
2022-04-22,17277.45,17283.4,17272.9,17278.45,13:30:00,17283.077316006842,4,52
2022-04-22,17300.0,17301.65,17278.15,17279.15,13:35:00,17284.689000196668,4,53
2022-04-22,17281.1,17307.55,17280.95,17299.9,13:40:00,17284.347190654127,4,54
2022-04-22,17269.55,17282.2,17262.95,17280.65,13:45:00,17282.937934401354,4,55
2022-04-22,17278.15,17282.15,17266.95,17268.3,13:50:00,17282.481940648846,4,56
2022-04-22,17268.6,17281.1,17268.0,17278.0,13:55:00,17281.15985106324,4,57
2022-04-22,17201.3,17274.2,17189.1,17269.8,14:00:00,17273.55415096198,4,58
2022-04-22,17219.45,17226.5,17192.6,17200.95,14:05:00,17268.401374679885,4,59
2022-04-22,17218.95,17230.0,17206.35,17217.8,14:10:00,17263.691719948467,4,60
2022-04-22,17221.7,17222.2,17208.85,17218.6,14:15:00,17259.692508524804,4,61
2022-04-22,17220.15,17229.7,17209.8,17220.65,14:20:00,17255.926555331967,4,62
2022-04-22,17216.55,17226.65,17209.9,17220.3,14:25:00,17252.176407205112,4,63
2022-04-22,17197.1,17216.75,17197.1,17216.25,14:30:00,17246.93103509034,4,64
2022-04-22,17182.15,17196.85,17170.15,17195.2,14:35:00,17240.761412700784,4,65
2022-04-22,17181.95,17193.85,17180.4,17181.3,14:40:00,17235.160325776902,4,66
2022-04-22,17176.75,17185.35,17156.85,17182.95,14:45:00,17229.597437607674,4,67
2022-04-22,17153.45,17177.25,17150.4,17177.25,14:50:00,17222.345300692657,4,68
2022-04-22,17165.45,17165.55,17149.2,17154.75,14:55:00,17216.92670062669,4,69
2022-04-22,17200.25,17200.25,17168.3,17170.3,15:00:00,17215.338443424145,4,70
2022-04-22,17177.4,17199.85,17177.0,17199.2,15:05:00,17211.72525833613,4,71
2022-04-22,17174.15,17179.6,17159.3,17176.65,15:10:00,17208.14666230412,4,72
2022-04-22,17167.6,17177.0,17162.45,17174.7,15:15:00,17204.28507541801,4,73
2022-04-22,17169.5,17176.4,17166.35,17167.7,15:20:00,17200.972211092485,4,74
2022-04-22,17169.5,17172.1,17161.2,17170.0,15:25:00,17197.974857655106,4,75
2022-04-25,16963.2,17013.9,16928.6,17010.8,09:15:00,17175.61534740224,0,1
2022-04-25,16975.9,16985.1,16946.4,16963.15,09:20:00,17156.594838125835,0,2
2022-04-25,16988.95,17004.25,16962.2,16974.6,09:25:00,17140.628663066233,0,3
2022-04-25,17003.6,17022.65,16969.6,16989.15,09:30:00,17127.57831420278,0,4
2022-04-25,17006.8,17020.45,17001.3,17004.2,09:35:00,17116.075617612038,0,5
2022-04-25,16994.55,17007.75,16984.7,17007.75,09:40:00,17104.501749268034,0,6
2022-04-25,16971.7,16994.85,16964.05,16994.85,09:45:00,17091.85396362346,0,7
2022-04-25,16971.15,16978.05,16955.9,16970.25,09:50:00,17080.358348040274,0,8
2022-04-25,16986.6,16990.55,16965.05,16970.85,09:55:00,17071.428981560246,0,9
2022-04-25,16980.1,16985.45,16961.5,16985.15,10:00:00,17062.730983316414,0,10
2022-04-25,17014.95,17015.75,16975.25,16979.0,10:05:00,17058.180413476755,0,11
2022-04-25,17033.15,17054.3,17015.4,17015.4,10:10:00,17055.796564574208,0,12
2022-04-25,17035.0,17044.55,17021.0,17034.0,10:15:00,17053.815939376662,0,13
2022-04-25,17005.6,17035.0,16999.55,17034.85,10:20:00,17049.223945150312,0,14
2022-04-25,17003.85,17018.95,17002.45,17005.35,10:25:00,17044.90261704076,0,15
2022-04-25,16991.1,17005.7,16987.2,17003.35,10:30:00,17039.77855827497,0,16
2022-04-25,16978.85,16998.3,16975.05,16989.95,10:35:00,17033.97583843926,0,17
2022-04-25,16997.0,16998.85,16970.65,16979.5,10:40:00,17030.454330016473,0,18
2022-04-25,17010.45,17010.45,16990.35,16995.85,10:45:00,17028.54915572919,0,19
2022-04-25,16997.05,17014.2,16994.4,17010.0,10:50:00,17025.549236135936,0,20
2022-04-25,17003.0,17006.1,16992.9,16996.7,10:55:00,17023.401689837276,0,21
2022-04-25,17023.45,17023.75,17002.7,17004.65,11:00:00,17023.406290805156,0,22
2022-04-25,17004.9,17024.4,16997.55,17023.1,11:05:00,17021.64378691895,0,23
2022-04-25,17002.95,17012.7,16998.1,17004.85,11:10:00,17019.863426260003,0,24
2022-04-25,17000.85,17004.4,16982.4,17004.4,11:15:00,17018.05262375905,0,25
2022-04-25,17005.9,17009.8,16996.1,16999.0,11:20:00,17016.89523102009,0,26
2022-04-25,17006.95,17013.4,17002.1,17004.9,11:25:00,17015.948066161036,0,27
2022-04-25,16996.1,17015.95,16994.65,17008.25,11:30:00,17014.0577741457,0,28
2022-04-25,16998.05,17000.15,16987.4,16996.55,11:35:00,17012.53322422706,0,29
2022-04-25,16980.75,17007.3,16973.9,16996.45,11:40:00,17009.506250491148,0,30
2022-04-25,16993.0,16995.2,16976.9,16979.85,11:45:00,17007.934226634847,0,31
2022-04-25,17001.9,17003.9,16992.1,16993.1,11:50:00,17007.35953838391,0,32
2022-04-25,17004.9,17011.2,16997.3,17000.9,11:55:00,17007.12529663306,0,33
2022-04-25,16999.45,17007.75,16994.7,17005.3,12:00:00,17006.39431600134,0,34
2022-04-25,16986.8,16999.55,16983.45,16998.15,12:05:00,17004.52819066788,0,35
2022-04-25,16967.6,17001.85,16966.85,16986.2,12:10:00,17001.011220128083,0,36
2022-04-25,16962.35,16974.9,16961.35,16962.85,12:15:00,16997.3291991635,0,37
2022-04-25,16928.25,16965.95,16923.15,16963.25,12:20:00,16990.750227814595,0,38
2022-04-25,16941.05,16944.05,16918.95,16925.9,12:25:00,16986.016872784632,0,39
2022-04-25,16913.15,16949.15,16910.3,16942.2,12:30:00,16979.077170614666,0,40
2022-04-25,16935.95,16939.25,16904.85,16913.5,12:35:00,16974.96982103232,0,41
2022-04-25,16931.25,16936.6,16921.05,16936.15,12:40:00,16970.806028553052,0,42
2022-04-25,16957.0,16965.65,16923.8,16930.3,12:45:00,16969.491168690856,0,43
2022-04-25,16951.55,16957.45,16944.15,16956.8,12:50:00,16967.782485958392,0,44
2022-04-25,16956.35,16964.55,16942.75,16952.1,12:55:00,16966.69367777188,0,45
2022-04-25,16959.35,16962.95,16951.25,16956.0,13:00:00,16965.994279888844,0,46
2022-04-25,16974.0,16980.1,16956.9,16958.2,13:05:00,16966.75672942324,0,47
2022-04-25,16989.75,16993.55,16960.55,16973.85,13:10:00,16968.946564716265,0,48
2022-04-25,16986.55,17008.45,16986.55,16989.1,13:15:00,16970.623082362334,0,49
2022-04-25,16979.8,16987.5,16969.35,16986.9,13:20:00,16971.4970745183,0,50
2022-04-25,16985.15,16996.7,16976.45,16980.1,13:25:00,16972.797353135607,0,51
2022-04-25,16978.25,16989.2,16977.0,16984.05,13:30:00,16973.316652836977,0,52
2022-04-25,16958.65,16989.6,16950.7,16978.45,13:35:00,16971.919828757265,0,53
2022-04-25,16953.45,16970.65,16947.3,16957.8,13:40:00,16970.16079744705,0,54
2022-04-25,16968.15,16974.35,16948.85,16952.3,13:45:00,16969.969292928283,0,55
2022-04-25,16963.3,16970.0,16955.0,16966.7,13:50:00,16969.334122173208,0,56
2022-04-25,16955.0,16971.75,16953.2,16962.95,13:55:00,16967.96896768052,0,57
2022-04-25,16979.1,16982.05,16949.25,16956.15,14:00:00,16969.029065996663,0,58
2022-04-25,16993.35,17004.85,16972.85,16978.85,14:05:00,16971.345345425554,0,59
2022-04-25,16971.5,16994.9,16971.45,16993.8,14:10:00,16971.360074432643,0,60
2022-04-25,16958.1,16970.0,16953.6,16970.0,14:15:00,16970.097210200962,0,61
2022-04-25,16922.6,16961.2,16913.2,16957.2,14:20:00,16965.5736663723,0,62
2022-04-25,16936.25,16940.55,16913.65,16919.35,14:25:00,16962.780936241605,0,63
2022-04-25,16930.25,16945.05,16927.3,16935.0,14:30:00,16959.68275183764,0,64
2022-04-25,16931.75,16933.9,16917.1,16929.5,14:35:00,16957.022489757866,0,65
2022-04-25,16891.3,16931.65,16889.65,16931.05,14:40:00,16950.763205019022,0,66
2022-04-25,16925.3,16925.3,16888.7,16890.9,14:45:00,16948.338137874354,0,67
2022-04-25,16943.55,16966.15,16925.05,16925.25,14:50:00,16947.882124743464,0,68
2022-04-25,16948.65,16954.3,16929.3,16943.05,14:55:00,16947.955255720277,0,69
2022-04-25,16955.7,16966.55,16941.2,16953.3,15:00:00,16948.692850413583,0,70
2022-04-25,16942.3,16958.05,16941.1,16955.15,15:05:00,16948.084007517053,0,71
2022-04-25,16947.15,16956.05,16940.95,16942.45,15:10:00,16947.995054420193,0,72
2022-04-25,16948.4,16951.6,16941.05,16946.8,15:15:00,16948.03362066589,0,73
2022-04-25,16960.4,16961.2,16947.5,16948.6,15:20:00,16949.21137107866,0,74
2022-04-25,16985.25,16986.3,16961.15,16961.7,15:25:00,16952.643621452124,0,75
2022-04-26,17137.75,17148.5,17110.3,17128.85,09:15:00,16970.272800361447,1,1
2022-04-26,17156.35,17163.0,17141.15,17141.25,09:20:00,16987.99443842226,1,2
2022-04-26,17157.7,17171.15,17147.1,17155.9,09:25:00,17004.156872858235,1,3
2022-04-26,17169.3,17177.25,17157.45,17157.45,09:30:00,17019.88478972888,1,4
2022-04-26,17178.65,17181.85,17167.45,17168.55,09:35:00,17035.005285945175,1,5
2022-04-26,17174.1,17179.8,17159.65,17179.0,09:40:00,17048.252401569443,1,6
2022-04-26,17167.8,17175.95,17162.05,17174.7,09:45:00,17059.63788713426,1,7
2022-04-26,17163.3,17177.0,17161.95,17168.05,09:50:00,17069.51046931195,1,8
2022-04-26,17161.2,17165.15,17157.5,17163.65,09:55:00,17078.242805567956,1,9
2022-04-26,17174.0,17180.55,17159.85,17160.0,10:00:00,17087.362538371006,1,10
2022-04-26,17171.8,17181.0,17169.3,17174.45,10:05:00,17095.40420138329,1,11
2022-04-26,17148.15,17173.1,17147.65,17171.55,10:10:00,17100.427610775358,1,12
2022-04-26,17154.3,17154.9,17145.6,17146.85,10:15:00,17105.558314511036,1,13
2022-04-26,17156.0,17159.0,17143.55,17153.75,10:20:00,17110.362284557603,1,14
2022-04-26,17145.15,17161.1,17141.7,17157.5,10:25:00,17113.675400314023,1,15
2022-04-26,17148.3,17149.35,17139.8,17145.8,10:30:00,17116.972981236497,1,16
2022-04-26,17137.6,17153.4,17137.25,17149.4,10:35:00,17118.937459213972,1,17
2022-04-26,17138.05,17144.9,17134.7,17137.85,10:40:00,17120.757701193594,1,18
2022-04-26,17143.75,17151.15,17138.4,17138.4,10:45:00,17122.94744393706,1,19
2022-04-26,17143.2,17153.05,17142.55,17143.2,10:50:00,17124.8762588002,1,20
2022-04-26,17141.3,17146.75,17136.95,17143.9,10:55:00,17126.440424628752,1,21
2022-04-26,17134.1,17143.5,17131.7,17142.1,11:00:00,17127.169907997442,1,22
2022-04-26,17129.7,17141.65,17125.0,17134.45,11:05:00,17127.410869140545,1,23
2022-04-26,17132.4,17138.7,17129.75,17130.25,11:10:00,17127.886024460495,1,24
2022-04-26,17151.0,17151.0,17132.35,17132.7,11:15:00,17130.087355464257,1,25
2022-04-26,17167.3,17167.45,17151.55,17152.1,11:20:00,17133.631416848613,1,26
2022-04-26,17164.45,17170.0,17163.5,17168.65,11:25:00,17136.566520005887,1,27
2022-04-26,17169.6,17172.45,17164.0,17164.0,11:30:00,17139.712565719612,1,28
2022-04-26,17175.35,17175.85,17165.6,17169.2,11:35:00,17143.106607079648,1,29
2022-04-26,17170.35,17178.05,17168.65,17174.9,11:40:00,17145.701215929206,1,30
2022-04-26,17162.9,17170.95,17160.6,17169.9,11:45:00,17147.33919536452,1,31
2022-04-26,17171.55,17172.6,17162.15,17162.35,11:50:00,17149.644986282183,1,32
2022-04-26,17175.25,17177.7,17166.85,17171.6,11:55:00,17152.083559017214,1,33
2022-04-26,17157.6,17177.3,17157.6,17175.8,12:00:00,17152.608934348907,1,34
2022-04-26,17145.45,17160.75,17145.25,17157.9,12:05:00,17151.927131077584,1,35
2022-04-26,17144.5,17154.95,17144.05,17145.9,12:10:00,17151.21978526067,1,36
2022-04-26,17153.9,17157.7,17143.0,17144.85,12:15:00,17151.475043807273,1,37
2022-04-26,17155.1,17159.85,17153.3,17153.65,12:20:00,17151.82027773039,1,38
2022-04-26,17149.2,17156.9,17142.5,17155.4,12:25:00,17151.570727470353,1,39
2022-04-26,17148.65,17156.4,17145.1,17150.5,12:30:00,17151.292562949366,1,40
2022-04-26,17139.4,17149.65,17134.65,17148.45,12:35:00,17150.15993790657,1,41
2022-04-26,17142.45,17146.35,17137.85,17139.3,12:40:00,17149.425658105945,1,42
2022-04-26,17103.45,17143.2,17095.3,17142.05,12:45:00,17145.047024000618,1,43
2022-04-26,17109.5,17116.0,17099.9,17102.6,12:50:00,17141.661593143417,1,44
2022-04-26,17081.1,17116.15,17075.9,17109.55,12:55:00,17135.893822367856,1,45
2022-04-26,17086.7,17093.6,17064.45,17082.25,13:00:00,17131.20869642806,1,46
2022-04-26,17090.9,17093.0,17080.2,17087.05,13:05:00,17127.369772958722,1,47
2022-04-26,17084.3,17097.45,17084.15,17090.95,13:10:00,17123.267889819796,1,48
2022-04-26,17099.4,17106.85,17083.9,17084.85,13:15:00,17120.994757456006,1,49
2022-04-26,17115.25,17122.05,17099.1,17099.65,13:20:00,17120.447637698293,1,50
2022-04-26,17125.75,17126.7,17115.15,17115.15,13:25:00,17120.95262458417,1,51
2022-04-26,17119.7,17130.45,17118.45,17125.8,13:30:00,17120.833327004726,1,52
2022-04-26,17123.65,17130.2,17117.55,17120.35,13:35:00,17121.101581575705,1,53
2022-04-26,17136.7,17145.2,17123.5,17124.0,13:40:00,17122.587145235164,1,54
2022-04-26,17147.9,17150.5,17131.8,17138.4,13:45:00,17124.997893308006,1,55
2022-04-26,17147.75,17149.1,17140.5,17148.2,13:50:00,17127.164760612006,1,56
2022-04-26,17138.6,17149.55,17137.15,17147.5,13:55:00,17128.25383102991,1,57
2022-04-26,17137.05,17143.2,17123.8,17138.45,14:00:00,17129.09156140801,1,58
2022-04-26,17141.3,17148.8,17130.9,17137.2,14:05:00,17130.254269845344,1,59
2022-04-26,17141.3,17144.6,17138.35,17140.75,14:10:00,17131.306244145788,1,60
2022-04-26,17159.35,17161.5,17141.1,17141.1,14:15:00,17133.977078036663,1,61
2022-04-26,17133.0,17163.6,17130.3,17159.25,14:20:00,17133.884022985552,1,62
2022-04-26,17130.45,17137.7,17124.7,17132.8,14:25:00,17133.556973177405,1,63
2022-04-26,17141.3,17149.05,17128.65,17130.5,14:30:00,17134.294404303364,1,64
2022-04-26,17144.6,17154.05,17139.5,17142.3,14:35:00,17135.275889607805,1,65
2022-04-26,17137.55,17146.6,17105.8,17143.8,14:40:00,17135.49247154992,1,66
2022-04-26,17134.4,17148.9,17126.4,17137.8,14:45:00,17135.388426640402,1,67
2022-04-26,17131.65,17137.7,17125.45,17134.5,14:50:00,17135.032386007984,1,68
2022-04-26,17120.1,17135.9,17119.55,17131.4,14:55:00,17133.610254007224,1,69
2022-04-26,17177.45,17177.45,17123.15,17123.15,15:00:00,17137.785467911297,1,70
2022-04-26,17199.9,17214.25,17178.05,17178.05,15:05:00,17143.70113763403,1,71
2022-04-26,17211.95,17217.0,17200.25,17200.25,15:10:00,17150.20102928793,1,72
2022-04-26,17215.45,17223.85,17211.5,17211.65,15:15:00,17156.415216974794,1,73
2022-04-26,17211.35,17215.75,17199.95,17215.3,15:20:00,17161.647101072434,1,74
2022-04-26,17201.45,17211.3,17195.2,17211.3,15:25:00,17165.43785335125,1,75
2022-04-27,17093.7,17098.35,17056.65,17077.2,09:15:00,17158.605676841606,2,1
2022-04-27,17082.9,17094.55,17070.55,17094.55,09:20:00,17151.3956123805,2,2
2022-04-27,17087.15,17109.4,17069.65,17082.4,09:25:00,17145.276982629977,2,3
2022-04-27,17079.4,17110.7,17074.35,17088.6,09:30:00,17139.002984284263,2,4
2022-04-27,17051.2,17082.45,17048.7,17079.6,09:35:00,17130.64079530481,2,5
2022-04-27,17069.45,17074.45,17039.9,17050.95,09:40:00,17124.81310051388,2,6
2022-04-27,17054.05,17069.65,17047.5,17068.85,09:45:00,17118.073757607795,2,7
2022-04-27,17077.95,17081.7,17053.9,17054.0,09:50:00,17114.252447359435,2,8
2022-04-27,17084.9,17091.3,17073.9,17077.6,09:55:00,17111.456976182348,2,9
2022-04-27,17082.75,17086.65,17072.65,17085.2,10:00:00,17108.722978450696,2,10
2022-04-27,17075.4,17086.55,17072.15,17083.05,10:05:00,17105.549361455392,2,11
2022-04-27,17076.1,17081.6,17069.4,17075.65,10:10:00,17102.744660364402,2,12
2022-04-27,17056.3,17078.0,17056.3,17075.55,10:15:00,17098.321359377318,2,13
2022-04-27,17051.25,17057.05,17044.1,17056.1,10:20:00,17093.838372769955,2,14
2022-04-27,17045.6,17052.6,17044.1,17051.05,10:25:00,17089.24424202996,2,15
2022-04-27,17042.1,17055.35,17031.45,17046.35,10:30:00,17084.754314217582,2,16
2022-04-27,17045.85,17050.2,17034.8,17042.5,10:35:00,17081.049141434956,2,17
2022-04-27,17056.35,17059.5,17043.7,17046.2,10:40:00,17078.696842250676,2,18
2022-04-27,17055.6,17060.1,17053.1,17057.05,10:45:00,17076.49714298871,2,19
2022-04-27,17047.9,17057.85,17046.9,17056.25,10:50:00,17073.77360556121,2,20
2022-04-27,17048.3,17053.4,17044.2,17047.6,10:55:00,17071.347547888716,2,21
2022-04-27,17048.8,17052.2,17044.75,17049.6,11:00:00,17069.200162375506,2,22
2022-04-27,17058.15,17058.35,17047.15,17048.3,11:05:00,17068.14776595879,2,23
2022-04-27,17066.9,17067.35,17054.65,17057.15,11:10:00,17068.02893110557,2,24
2022-04-27,17056.6,17067.0,17054.1,17067.0,11:15:00,17066.940461476468,2,25
2022-04-27,17056.55,17058.85,17050.8,17056.65,11:20:00,17065.950893716803,2,26
2022-04-27,17047.7,17059.65,17046.9,17056.1,11:25:00,17064.21271336282,2,27
2022-04-27,17024.2,17047.1,17021.9,17047.1,11:30:00,17060.401978756836,2,28
2022-04-27,17030.2,17034.55,17016.65,17024.25,11:35:00,17057.525599827615,2,29
2022-04-27,17026.65,17030.0,17021.05,17030.0,11:40:00,17054.5850665107,2,30
2022-04-27,17032.65,17035.1,17020.0,17026.05,11:45:00,17052.496012557298,2,31
2022-04-27,17047.05,17048.1,17032.6,17032.75,11:50:00,17051.9773446947,2,32
2022-04-27,17040.65,17052.8,17039.9,17047.65,11:55:00,17050.898549961872,2,33
2022-04-27,17046.4,17049.75,17040.0,17040.85,12:00:00,17050.47011663217,2,34
2022-04-27,17037.4,17047.9,17036.6,17046.75,12:05:00,17049.22534361958,2,35
2022-04-27,17029.0,17037.3,17028.2,17037.3,12:10:00,17047.299120417716,2,36
2022-04-27,17032.75,17032.75,17025.1,17028.5,12:15:00,17045.913489901744,2,37
2022-04-27,17037.1,17045.95,17032.2,17032.45,12:20:00,17045.074109911104,2,38
2022-04-27,17033.8,17039.1,17033.55,17037.05,12:25:00,17044.000385157666,2,39
2022-04-27,17030.3,17040.25,17029.25,17034.0,12:30:00,17042.695586571223,2,40
2022-04-27,17036.1,17040.4,17027.6,17030.2,12:35:00,17042.067435469202,2,41
2022-04-27,17030.55,17040.9,17029.5,17034.9,12:40:00,17040.97053685309,2,42
2022-04-27,17001.2,17032.65,16997.45,17030.6,12:45:00,17037.182866676605,2,43
2022-04-27,16988.05,17008.45,16982.3,17000.9,12:50:00,17032.503546040738,2,44
2022-04-27,16970.2,16998.7,16969.5,16987.35,12:55:00,17026.56987498924,2,45
2022-04-27,16977.9,16989.95,16958.45,16969.15,13:00:00,17021.93464879979,2,46
2022-04-27,16978.15,16982.05,16964.7,16977.25,13:05:00,17017.764682247427,2,47
2022-04-27,16979.0,16982.15,16970.2,16978.6,13:10:00,17014.072807747674,2,48
2022-04-27,16994.0,16999.45,16978.8,16978.8,13:15:00,17012.161111771704,2,49
2022-04-27,17022.05,17024.9,16993.25,16993.5,13:20:00,17013.10291065059,2,50
2022-04-27,17033.1,17042.45,17019.5,17022.85,13:25:00,17015.00739535053,2,51
2022-04-27,17042.75,17054.05,17033.95,17033.95,13:30:00,17017.64954817429,2,52
2022-04-27,17041.15,17043.5,17029.35,17043.45,13:35:00,17019.887686443406,2,53
2022-04-27,17047.15,17048.6,17035.1,17041.35,13:40:00,17022.48409725832,2,54
2022-04-27,17070.95,17079.4,17048.15,17048.15,13:45:00,17027.09989751943,2,55
2022-04-27,17068.95,17074.35,17066.2,17070.7,13:50:00,17031.0856215652,2,56
2022-04-27,17049.05,17072.1,17044.65,17069.65,13:55:00,17032.796514749465,2,57
2022-04-27,17042.1,17060.25,17041.45,17048.9,14:00:00,17033.682560963804,2,58
2022-04-27,17054.8,17058.05,17035.15,17042.3,14:05:00,17035.693745633915,2,59
2022-04-27,17061.75,17062.1,17050.9,17054.9,14:10:00,17038.17529366878,2,60
2022-04-27,17040.4,17061.6,17038.8,17061.1,14:15:00,17038.387170462232,2,61
2022-04-27,17038.0,17044.6,17019.0,17040.75,14:20:00,17038.35029708488,2,62
2022-04-27,17039.25,17045.35,17032.5,17037.85,14:25:00,17038.435983076797,2,63
2022-04-27,17050.1,17053.5,17039.7,17039.7,14:30:00,17039.546841831387,2,64
2022-04-27,17039.45,17049.95,17037.15,17049.95,14:35:00,17039.537618799826,2,65
2022-04-27,17080.15,17091.55,17038.85,17039.25,14:40:00,17043.405464628413,2,66
2022-04-27,17081.4,17086.45,17069.85,17079.55,14:45:00,17047.023991806658,2,67
2022-04-27,17079.3,17087.9,17079.3,17081.45,14:50:00,17050.09789734888,2,68
2022-04-27,17079.7,17081.45,17064.45,17079.1,14:55:00,17052.917145220417,2,69
2022-04-27,17044.6,17080.55,17041.4,17080.1,15:00:00,17052.125036151807,2,70
2022-04-27,17042.4,17046.85,17021.25,17046.85,15:05:00,17051.19884223259,2,71
2022-04-27,17035.15,17041.95,17028.55,17041.9,15:10:00,17049.67038106758,2,72
2022-04-27,17033.05,17052.95,17027.4,17036.25,15:15:00,17048.087487632572,2,73
2022-04-27,17037.1,17039.4,17024.15,17032.5,15:20:00,17047.041060238993,2,74
2022-04-27,17038.2,17041.6,17031.4,17037.2,15:25:00,17046.199054501947,2,75
2022-04-28,17121.3,17158.55,17105.25,17153.05,09:15:00,17053.351525501763,3,1
2022-04-28,17100.45,17124.75,17097.15,17121.65,09:20:00,17057.837094501596,3,2
2022-04-28,17125.7,17125.7,17097.8,17099.85,09:25:00,17064.30022835859,3,3
2022-04-28,17111.5,17129.05,17111.2,17126.55,09:30:00,17068.79544470539,3,4
2022-04-28,17106.1,17117.65,17102.0,17111.25,09:35:00,17072.348259495353,3,5
2022-04-28,17110.05,17116.9,17098.9,17105.5,09:40:00,17075.93890144818,3,6
2022-04-28,17093.65,17109.8,17088.15,17109.45,09:45:00,17077.625672738828,3,7
2022-04-28,17092.95,17103.55,17090.15,17093.85,09:50:00,17079.085132477987,3,8
2022-04-28,17106.35,17107.6,17088.05,17092.0,09:55:00,17081.681786527704,3,9
2022-04-28,17108.1,17117.75,17103.85,17106.15,10:00:00,17084.1978068584,3,10
2022-04-28,17114.45,17117.0,17105.05,17107.7,10:05:00,17087.07896810998,3,11
2022-04-28,17105.1,17115.0,17099.25,17113.9,10:10:00,17088.795256861413,3,12
2022-04-28,17106.65,17111.25,17100.8,17105.0,10:15:00,17090.495708588896,3,13
2022-04-28,17111.25,17115.8,17106.05,17106.05,10:20:00,17092.472307770906,3,14
2022-04-28,17101.55,17111.5,17100.5,17110.8,10:25:00,17093.33684988796,3,15
2022-04-28,17091.3,17103.85,17091.15,17101.4,10:30:00,17093.142864184345,3,16
2022-04-28,17095.8,17101.9,17090.3,17091.95,10:35:00,17093.395924738215,3,17
2022-04-28,17082.3,17097.4,17079.4,17095.65,10:40:00,17092.339170001243,3,18
2022-04-28,17085.1,17094.9,17071.05,17081.75,10:45:00,17091.649725239222,3,19
2022-04-28,17101.25,17101.95,17084.0,17085.0,10:50:00,17092.5640371212,3,20
2022-04-28,17109.55,17115.8,17101.65,17101.65,10:55:00,17094.18174787156,3,21
2022-04-28,17106.65,17111.2,17099.2,17109.45,11:00:00,17095.36920045522,3,22
2022-04-28,17109.45,17111.6,17104.65,17107.65,11:05:00,17096.710228983295,3,23
2022-04-28,17101.2,17109.7,17098.75,17109.65,11:10:00,17097.13782622298,3,24
2022-04-28,17114.9,17115.7,17099.75,17101.25,11:15:00,17098.829461820795,3,25
2022-04-28,17117.15,17117.35,17111.6,17115.35,11:20:00,17100.574274980718,3,26
2022-04-28,17137.5,17137.5,17116.8,17117.05,11:25:00,17104.09101069684,3,27
2022-04-28,17144.55,17147.85,17137.0,17138.25,11:30:00,17107.944247773332,3,28
2022-04-28,17144.4,17152.15,17139.8,17144.3,11:35:00,17111.41622417587,3,29
2022-04-28,17144.5,17145.65,17137.2,17144.2,11:40:00,17114.567059968645,3,30
2022-04-28,17163.85,17164.35,17144.6,17144.6,11:45:00,17119.260673304965,3,31
2022-04-28,17163.25,17170.4,17159.95,17163.1,11:50:00,17123.450132990205,3,32
2022-04-28,17165.2,17170.45,17162.45,17163.3,11:55:00,17127.426310800663,3,33
2022-04-28,17177.4,17178.85,17164.8,17164.8,12:00:00,17132.185709772028,3,34
2022-04-28,17179.95,17185.25,17174.65,17177.05,12:05:00,17136.73468979374,3,35
2022-04-28,17171.6,17181.4,17169.35,17180.3,12:10:00,17140.055195527668,3,36
2022-04-28,17185.25,17186.85,17168.45,17170.45,12:15:00,17144.359462620272,3,37
2022-04-28,17182.4,17189.15,17181.0,17185.8,12:20:00,17147.98237094215,3,38
2022-04-28,17184.55,17184.9,17171.1,17181.8,12:25:00,17151.46500228099,3,39
2022-04-28,17201.25,17201.65,17179.85,17185.45,12:30:00,17156.206430635182,3,40
2022-04-28,17204.75,17205.75,17190.9,17200.85,12:35:00,17160.829627717547,3,41
2022-04-28,17203.55,17210.3,17197.55,17204.6,12:40:00,17164.89823460159,3,42
2022-04-28,17201.7,17206.6,17197.25,17202.45,12:45:00,17168.403164639534,3,43
2022-04-28,17212.95,17214.55,17201.5,17201.8,12:50:00,17172.64572038815,3,44
2022-04-28,17221.2,17221.65,17209.45,17213.8,12:55:00,17177.269937494042,3,45
2022-04-28,17234.45,17236.35,17221.0,17221.75,13:00:00,17182.715657732704,3,46
2022-04-28,17247.85,17249.75,17232.9,17234.55,13:05:00,17188.918928424828,3,47
2022-04-28,17250.65,17252.65,17239.3,17249.6,13:10:00,17194.798078098655,3,48
2022-04-28,17244.15,17251.9,17233.35,17250.45,13:15:00,17199.49826113688,3,49
2022-04-28,17233.3,17246.45,17229.15,17243.7,13:20:00,17202.71747436194,3,50
2022-04-28,17232.1,17239.4,17229.2,17232.8,13:25:00,17205.515810136993,3,51
2022-04-28,17243.45,17248.85,17231.1,17233.3,13:30:00,17209.128590123946,3,52
2022-04-28,17249.45,17254.3,17243.0,17243.0,13:35:00,17212.968724397855,3,53
2022-04-28,17269.25,17272.5,17246.3,17249.35,13:40:00,17218.328845883774,3,54
2022-04-28,17270.75,17277.9,17265.85,17269.0,13:45:00,17223.321336751986,3,55
2022-04-28,17262.65,17272.7,17259.8,17269.55,13:50:00,17227.066923727987,3,56
2022-04-28,17285.6,17285.75,17261.5,17262.35,13:55:00,17232.64150242056,3,57
2022-04-28,17283.1,17292.6,17283.1,17285.1,14:00:00,17237.4470736186,3,58
2022-04-28,17290.65,17297.6,17282.15,17283.45,14:05:00,17242.51401898826,3,59
2022-04-28,17299.15,17301.35,17288.2,17291.4,14:10:00,17247.907921941758,3,60
2022-04-28,17290.4,17300.05,17289.8,17298.75,14:15:00,17251.954786518734,3,61
2022-04-28,17294.9,17297.15,17278.45,17287.6,14:20:00,17256.044806850285,3,62
2022-04-28,17300.8,17301.0,17285.0,17294.15,14:25:00,17260.30720619788,3,63
2022-04-28,17298.7,17305.9,17285.25,17301.5,14:30:00,17263.96366275046,3,64
2022-04-28,17305.45,17309.75,17297.75,17298.55,14:35:00,17267.914742488512,3,65
2022-04-28,17306.5,17307.5,17296.75,17306.65,14:40:00,17271.589528918175,3,66
2022-04-28,17311.05,17311.6,17303.3,17306.55,14:45:00,17275.34766902121,3,67
2022-04-28,17313.8,17322.5,17310.0,17310.4,14:50:00,17279.009795781094,3,68
2022-04-28,17292.75,17314.45,17290.35,17313.65,14:55:00,17280.318386659084,3,69
2022-04-28,17261.85,17294.5,17257.25,17293.55,15:00:00,17278.55949269155,3,70
2022-04-28,17237.3,17262.45,17235.8,17262.3,15:05:00,17274.63001719712,3,71
2022-04-28,17225.1,17242.7,17224.25,17236.8,15:10:00,17269.912872702156,3,72
2022-04-28,17247.1,17249.9,17219.8,17224.85,15:15:00,17267.740218159095,3,73
2022-04-28,17219.45,17247.6,17218.55,17247.6,15:20:00,17263.141149762992,3,74
2022-04-28,17229.5,17231.35,17217.0,17219.4,15:25:00,17259.937230737945,3,75
2022-04-29,17317.2,17333.0,17300.9,17331.7,09:15:00,17265.390827810523,4,1
2022-04-29,17341.8,17349.3,17315.95,17317.35,09:20:00,17272.66789182857,4,2
2022-04-29,17326.05,17344.5,17319.7,17338.2,09:25:00,17277.75190213061,4,3
2022-04-29,17315.35,17338.55,17315.35,17322.25,09:30:00,17281.332673356268,4,4
2022-04-29,17315.8,17318.3,17303.55,17314.9,09:35:00,17284.615275893764,4,5
2022-04-29,17302.35,17323.85,17299.8,17315.25,09:40:00,17286.304297237213,4,6
2022-04-29,17256.35,17301.55,17252.85,17301.35,09:45:00,17283.451507024143,4,7
2022-04-29,17267.05,17285.55,17240.2,17255.65,09:50:00,17281.88945873613,4,8
2022-04-29,17269.0,17277.85,17257.2,17266.8,09:55:00,17280.66189123745,4,9
2022-04-29,17278.65,17281.75,17262.35,17271.85,10:00:00,17280.47028254817,4,10
2022-04-29,17268.45,17282.25,17264.7,17278.8,10:05:00,17279.325493734057,4,11
2022-04-29,17273.75,17278.75,17266.4,17267.85,10:10:00,17278.794494330814,4,12
2022-04-29,17287.9,17287.9,17263.95,17273.9,10:15:00,17279.661685346928,4,13
2022-04-29,17295.25,17297.25,17284.1,17289.2,10:20:00,17281.14628674246,4,14
2022-04-29,17296.05,17297.5,17280.0,17295.45,10:25:00,17282.56568800508,4,15
2022-04-29,17318.7,17319.05,17296.35,17296.35,10:30:00,17286.007051052216,4,16
2022-04-29,17327.55,17330.7,17317.7,17318.5,10:35:00,17289.963522380574,4,17
2022-04-29,17312.65,17328.8,17310.25,17326.55,10:40:00,17292.12413929671,4,18
2022-04-29,17304.9,17313.85,17296.15,17313.1,10:45:00,17293.34088793512,4,19
2022-04-29,17315.8,17316.95,17302.5,17305.0,10:50:00,17295.479850988915,4,20
2022-04-29,17311.4,17317.15,17308.7,17316.1,10:55:00,17296.996055656637,4,21
2022-04-29,17314.95,17316.1,17303.8,17311.5,11:00:00,17298.705955117908,4,22
2022-04-29,17321.85,17327.2,17314.05,17314.3,11:05:00,17300.910149868585,4,23
2022-04-29,17331.9,17336.9,17316.8,17321.65,11:10:00,17303.861564166815,4,24
2022-04-29,17333.35,17339.4,17332.45,17332.45,11:15:00,17306.66998662712,4,25
2022-04-29,17336.3,17339.45,17326.15,17333.8,11:20:00,17309.49189266263,4,26
2022-04-29,17334.7,17344.55,17331.95,17336.65,11:25:00,17311.89266479,4,27
2022-04-29,17344.85,17345.05,17331.35,17334.25,11:30:00,17315.031458619524,4,28
2022-04-29,17353.05,17355.3,17345.0,17345.35,11:35:00,17318.65227208433,4,29
2022-04-29,17341.1,17357.75,17337.95,17352.95,11:40:00,17320.790150933444,4,30
2022-04-29,17354.25,17354.4,17337.5,17342.1,11:45:00,17323.976803225498,4,31
2022-04-29,17351.5,17356.8,17346.35,17354.15,11:50:00,17326.598060061166,4,32
2022-04-29,17344.5,17353.75,17342.5,17351.85,11:55:00,17328.303006722006,4,33
2022-04-29,17337.6,17348.45,17330.9,17344.35,12:00:00,17329.188434653242,4,34
2022-04-29,17353.75,17355.9,17332.85,17337.35,12:05:00,17331.527631352932,4,35
2022-04-29,17347.95,17356.3,17345.6,17353.9,12:10:00,17333.091666462176,4,36
2022-04-29,17344.3,17355.8,17344.3,17348.1,12:15:00,17334.159126799113,4,37
2022-04-29,17352.2,17352.35,17334.2,17344.35,12:20:00,17335.8773051992,4,38
2022-04-29,17345.05,17365.9,17343.2,17351.7,12:25:00,17336.75089518023,4,39
2022-04-29,17333.85,17348.85,17333.85,17345.55,12:30:00,17336.474619448778,4,40
2022-04-29,17354.0,17354.7,17332.8,17334.0,12:35:00,17338.1437033108,4,41
2022-04-29,17347.85,17357.15,17345.6,17354.25,12:40:00,17339.068112519297,4,42
2022-04-29,17356.45,17356.45,17345.25,17348.05,12:45:00,17340.723530374602,4,43
2022-04-29,17355.7,17361.85,17353.55,17356.75,12:50:00,17342.149860815116,4,44
2022-04-29,17361.8,17362.7,17352.75,17355.8,12:55:00,17344.02130264225,4,45
2022-04-29,17364.55,17369.25,17351.9,17362.35,13:00:00,17345.97641667632,4,46
2022-04-29,17372.2,17376.15,17363.05,17364.25,13:05:00,17348.473900802383,4,47
2022-04-29,17369.15,17373.4,17365.95,17372.65,13:10:00,17350.443053106916,4,48
2022-04-29,17355.8,17377.65,17355.1,17369.5,13:15:00,17350.953238525304,4,49
2022-04-29,17358.95,17361.85,17341.2,17354.85,13:20:00,17351.714834856226,4,50
2022-04-29,17365.8,17366.7,17358.3,17359.15,13:25:00,17353.056279155633,4,51
2022-04-29,17371.65,17373.25,17363.5,17365.85,13:30:00,17354.827109712238,4,52
2022-04-29,17363.25,17376.45,17352.15,17371.95,13:35:00,17355.629289739645,4,53
2022-04-29,17359.95,17368.85,17356.6,17361.45,13:40:00,17356.040785954916,4,54
2022-04-29,17361.05,17372.6,17358.85,17359.65,13:45:00,17356.51785395921,4,55
2022-04-29,17347.2,17360.7,17346.6,17360.7,13:50:00,17355.630439296427,4,56
2022-04-29,17340.95,17350.6,17323.75,17347.55,13:55:00,17354.23230222058,4,57
2022-04-29,17325.35,17342.5,17319.75,17341.85,14:00:00,17351.481606771,4,58
2022-04-29,17287.9,17325.25,17282.65,17325.25,14:05:00,17345.426215649954,4,59
2022-04-29,17293.2,17309.1,17279.7,17287.65,14:10:00,17340.452290349956,4,60
2022-04-29,17270.7,17302.35,17258.8,17294.3,14:15:00,17333.80921507853,4,61
2022-04-29,17224.85,17270.15,17216.85,17269.75,14:20:00,17323.432146975814,4,62
2022-04-29,17242.1,17245.3,17189.75,17222.35,14:25:00,17315.68622821621,4,63
2022-04-29,17272.8,17273.6,17239.2,17241.35,14:30:00,17311.601825528953,4,64
2022-04-29,17228.4,17276.3,17227.75,17273.45,14:35:00,17303.677842145244,4,65
2022-04-29,17256.0,17256.15,17227.75,17230.9,14:40:00,17299.13709527427,4,66
2022-04-29,17263.45,17268.8,17231.4,17256.1,14:45:00,17295.73832429577,4,67
2022-04-29,17275.7,17279.25,17255.1,17263.1,14:50:00,17293.829912458077,4,68
2022-04-29,17276.65,17288.5,17255.25,17273.7,14:55:00,17292.193730319214,4,69
2022-04-29,17140.3,17277.2,17128.4,17277.2,15:00:00,17277.727660765002,4,70
2022-04-29,17094.45,17151.85,17083.3,17141.7,15:05:00,17260.27264545405,4,71
2022-04-29,17072.05,17101.25,17070.4,17094.5,15:10:00,17242.346679220333,4,72
2022-04-29,17065.5,17083.35,17056.4,17074.2,15:15:00,17225.504138342207,4,73
2022-04-29,17081.15,17091.3,17053.25,17065.05,15:20:00,17211.756125166758,4,74
2022-04-29,17110.75,17112.2,17076.6,17081.7,15:25:00,17202.136494198494,4,75
2022-05-02,16986.4,16987.2,16917.25,16949.25,09:15:00,17181.590161417684,0,1
2022-05-02,16983.15,17014.35,16976.75,16991.0,09:20:00,17162.691098425523,0,2
2022-05-02,16946.6,16987.5,16945.8,16984.0,09:25:00,17142.110993813567,0,3
2022-05-02,16945.55,16965.1,16921.5,16945.0,09:30:00,17123.390899164657,0,4
2022-05-02,16984.35,16986.3,16925.5,16942.55,09:35:00,17110.148908768024,0,5
2022-05-02,17012.4,17012.4,16984.35,16985.55,09:40:00,17100.839488885355,0,6
2022-05-02,16971.7,17014.8,16968.45,17013.0,09:45:00,17088.54048994389,0,7
2022-05-02,16980.7,16988.9,16959.5,16971.8,09:50:00,17078.269967092092,0,8
2022-05-02,16974.85,16989.85,16973.1,16981.3,09:55:00,17068.420446416654,0,9
2022-05-02,16987.65,16998.0,16975.1,16975.3,10:00:00,17060.728022948402,0,10
2022-05-02,16977.95,16990.2,16961.95,16988.75,10:05:00,17052.84440171522,0,11
2022-05-02,16985.25,16991.55,16978.1,16978.1,10:10:00,17046.406839647105,0,12
2022-05-02,16998.55,17000.35,16981.95,16985.3,10:15:00,17041.849045395,0,13
2022-05-02,16988.0,17005.95,16984.65,16998.7,10:20:00,17036.72056488119,0,14
2022-05-02,16984.85,16996.95,16983.6,16987.9,10:25:00,17031.780511082983,0,15
2022-05-02,17001.3,17004.3,16977.7,16985.3,10:30:00,17028.877605265556,0,16
2022-05-02,17020.0,17022.4,16996.0,17001.0,10:35:00,17028.03211904979,0,17
2022-05-02,17020.9,17024.25,17012.45,17020.1,10:40:00,17027.352869616476,0,18
2022-05-02,17007.5,17023.5,16995.65,17021.4,10:45:00,17025.462120129192,0,19
2022-05-02,16981.25,17007.8,16979.1,17007.25,10:50:00,17021.25144202165,0,20
2022-05-02,16957.7,16986.2,16957.7,16980.9,10:55:00,17015.198923733875,0,21
2022-05-02,16972.6,16977.2,16952.85,16959.25,11:00:00,17011.141883378266,0,22
2022-05-02,16981.45,16984.65,16967.6,16973.3,11:05:00,17008.31408496129,0,23
2022-05-02,16976.85,16990.75,16976.5,16981.9,11:10:00,17005.317505441166,0,24
2022-05-02,16966.9,16977.9,16961.35,16977.35,11:15:00,17001.65869539915,0,25
2022-05-02,16987.05,16993.1,16967.4,16967.4,11:20:00,17000.26739107542,0,26
2022-05-02,16973.65,16990.5,16972.7,16986.95,11:25:00,16997.73240144919,0,27
2022-05-02,16997.25,16999.25,16971.35,16974.2,11:30:00,16997.68645845403,0,28
2022-05-02,16985.9,17007.3,16985.45,16997.1,11:35:00,16996.563938601266,0,29
2022-05-02,16984.5,16999.9,16984.15,16986.95,11:40:00,16995.414992067814,0,30
2022-05-02,16995.25,16998.05,16980.3,16984.4,11:45:00,16995.399278537545,0,31
2022-05-02,16986.5,17001.3,16985.8,16996.1,11:50:00,16994.551728200633,0,32
2022-05-02,17004.9,17007.6,16982.9,16987.1,11:55:00,16995.53727789581,0,33
2022-05-02,17004.75,17012.9,17002.45,17006.15,12:00:00,16996.414680000973,0,34
2022-05-02,17021.65,17023.45,16999.95,17006.4,12:05:00,16998.818043810403,0,35
2022-05-02,17024.35,17027.05,17013.55,17023.75,12:10:00,17001.249658685603,0,36
2022-05-02,17011.2,17025.05,17010.45,17024.95,12:15:00,17002.197310239353,0,37
2022-05-02,17021.1,17023.8,17012.25,17013.25,12:20:00,17003.997566407033,0,38
2022-05-02,17037.95,17046.25,17021.05,17022.1,12:25:00,17007.231131511126,0,39
2022-05-02,17030.95,17042.95,17022.0,17039.85,12:30:00,17009.49007136721,0,40
2022-05-02,17025.25,17035.8,17023.95,17031.65,12:35:00,17010.991016951284,0,41
2022-05-02,17032.5,17036.0,17022.55,17026.0,12:40:00,17013.039491527354,0,42
2022-05-02,16985.7,17034.1,16983.85,17033.2,12:45:00,17010.43573042951,0,43
2022-05-02,17001.85,17006.0,16984.0,16986.9,12:50:00,17009.618041817175,0,44
2022-05-02,17020.75,17023.9,17000.8,17002.65,12:55:00,17010.67822831078,0,45
2022-05-02,17013.7,17026.55,17004.6,17023.0,13:00:00,17010.966016090704,0,46
2022-05-02,17029.8,17029.95,17011.5,17013.3,13:05:00,17012.759728843972,0,47
2022-05-02,17021.65,17037.55,17018.95,17030.05,13:10:00,17013.606421335022,0,48
2022-05-02,17017.9,17026.3,17014.65,17022.5,13:15:00,17014.01533358883,0,49
2022-05-02,17021.35,17026.7,17017.0,17018.2,13:20:00,17014.713873247038,0,50
2022-05-02,16995.4,17031.1,16987.1,17022.4,13:25:00,17012.87445674732,0,51
2022-05-02,17023.55,17031.95,16994.55,16995.0,13:30:00,17013.891175152337,0,52
2022-05-02,17023.5,17030.9,17011.5,17024.95,13:35:00,17014.806301328306,0,53
2022-05-02,17009.85,17029.9,17008.0,17024.0,13:40:00,17014.33427263037,0,54
2022-05-02,17013.15,17018.55,17001.35,17009.7,13:45:00,17014.221484760812,0,55
2022-05-02,17004.05,17021.2,17000.95,17013.5,13:50:00,17013.25277192645,0,56
2022-05-02,17011.7,17023.95,16998.8,17003.2,13:55:00,17013.10488888584,0,57
2022-05-02,17006.25,17018.05,16999.0,17013.7,14:00:00,17012.452042325283,0,58
2022-05-02,16998.05,17007.9,16981.15,17006.65,14:05:00,17011.080419246686,0,59
2022-05-02,17014.05,17014.7,16997.6,17000.85,14:10:00,17011.363236461286,0,60
2022-05-02,16997.85,17016.55,16997.85,17014.65,14:15:00,17010.07626156021,0,61
2022-05-02,16992.4,17000.95,16992.15,16999.3,14:20:00,17008.392808078286,0,62
2022-05-02,16980.4,16998.0,16971.9,16993.45,14:25:00,17005.726826356546,0,63
2022-05-02,16998.75,16999.9,16979.0,16981.3,14:30:00,17005.06236670354,0,64
2022-05-02,16987.15,17004.2,16984.5,16999.35,14:35:00,17003.356427017487,0,65
2022-05-02,17002.7,17002.7,16986.1,16987.05,14:40:00,17003.293910158678,0,66
2022-05-02,17061.0,17081.95,17002.6,17004.25,14:45:00,17008.789728238804,0,67
2022-05-02,17069.75,17076.2,17047.25,17061.65,14:50:00,17014.595468406536,0,68
2022-05-02,17060.3,17072.65,17058.35,17071.9,14:55:00,17018.948280939247,0,69
2022-05-02,17068.95,17092.25,17051.55,17062.7,15:00:00,17023.710349421224,0,70
2022-05-02,17062.7,17072.4,17057.6,17070.5,15:05:00,17027.423649476346,0,71
2022-05-02,17068.55,17077.7,17062.25,17063.1,15:10:00,17031.34044476431,0,72
2022-05-02,17070.0,17072.7,17063.1,17069.65,15:15:00,17035.02230716771,0,73
2022-05-02,17072.2,17077.0,17066.9,17069.25,15:20:00,17038.563039818404,0,74
2022-05-02,17066.05,17071.95,17056.25,17071.7,15:25:00,17041.180845549985,0,75
2022-05-04,17073.35,17132.85,17062.55,17111.15,09:15:00,17047.016519826633,2,1
2022-05-04,17063.65,17076.7,17050.9,17075.1,09:20:00,17048.600660795524,2,2
2022-05-04,17068.3,17075.4,17050.65,17063.05,09:25:00,17050.47678833881,2,3
2022-05-04,17060.4,17081.5,17059.3,17066.0,09:30:00,17051.421856116067,2,4
2022-05-04,17044.05,17070.55,17039.15,17060.1,09:35:00,17050.7197745812,2,5
2022-05-04,17059.2,17063.8,17042.9,17043.75,09:40:00,17051.527415097276,2,6
2022-05-04,17063.8,17065.4,17044.55,17057.2,09:45:00,17052.696232707058,2,7
2022-05-04,17048.9,17064.65,17047.75,17064.5,09:50:00,17052.334686734957,2,8
2022-05-04,17043.8,17057.8,17041.9,17049.6,09:55:00,17051.521859426866,2,9
2022-05-04,17021.55,17050.2,17016.85,17044.05,10:00:00,17048.667396624307,2,10
2022-05-04,17021.65,17033.35,17016.4,17020.75,10:05:00,17046.094311231514,2,11
2022-05-04,17018.3,17031.9,17018.0,17021.2,10:10:00,17043.447233971372,2,12
2022-05-04,17010.75,17018.25,17006.8,17018.25,10:15:00,17040.333211688383,2,13
2022-05-04,16998.4,17014.5,16993.1,17011.1,10:20:00,17036.339572479967,2,14
2022-05-04,16978.45,16998.6,16976.4,16998.2,10:25:00,17030.826279862828,2,15
2022-05-04,16970.0,16978.8,16960.25,16978.35,10:30:00,17025.033300828272,2,16
2022-05-04,16971.8,16987.05,16965.45,16969.25,10:35:00,17019.963462654152,2,17
2022-05-04,16947.4,16971.9,16946.8,16971.9,10:40:00,17013.05265668709,2,18
2022-05-04,16926.75,16947.25,16922.35,16946.65,10:45:00,17004.833356050225,2,19
2022-05-04,16936.9,16943.95,16920.55,16926.5,10:50:00,16998.36351261687,2,20
2022-05-04,16952.3,16952.9,16930.5,16936.5,10:55:00,16993.97651141526,2,21
2022-05-04,16950.6,16955.2,16933.8,16952.75,11:00:00,16989.84541509,2,22
2022-05-04,16945.45,16952.4,16934.05,16950.9,11:05:00,16985.617280319522,2,23
2022-05-04,16939.55,16946.25,16932.2,16946.25,11:10:00,16981.229920289094,2,24
2022-05-04,16939.35,16941.9,16913.55,16939.2,11:15:00,16977.24135645204,2,25
2022-05-04,16962.15,16965.8,16940.3,16940.3,11:20:00,16975.80408440899,2,26
2022-05-04,16964.1,16969.65,16953.85,16961.6,11:25:00,16974.68940970337,2,27
2022-05-04,16941.9,16968.0,16935.65,16964.3,11:30:00,16971.566608779238,2,28
2022-05-04,16942.05,16952.5,16935.3,16941.95,11:35:00,16968.755503181215,2,29
2022-05-04,16936.6,16949.55,16932.95,16942.4,11:40:00,16965.693074306815,2,30
2022-05-04,16940.35,16943.7,16920.45,16937.2,11:45:00,16963.279448182355,2,31
2022-05-04,16948.0,16955.85,16940.45,16941.6,11:50:00,16961.824262641177,2,32
2022-05-04,16936.0,16948.65,16935.6,16948.55,11:55:00,16959.364809056304,2,33
2022-05-04,16933.1,16936.65,16925.4,16935.3,12:00:00,16956.86339866999,2,34
2022-05-04,16906.35,16938.65,16903.85,16933.05,12:05:00,16952.052598796658,2,35
2022-05-04,16908.4,16912.1,16879.85,16908.5,12:10:00,16947.89520843507,2,36
2022-05-04,16899.95,16910.35,16898.0,16907.25,12:15:00,16943.32899810792,2,37
2022-05-04,16903.9,16916.8,16895.7,16900.0,12:20:00,16939.573855430976,2,38
2022-05-04,16900.95,16912.6,16891.55,16903.75,12:25:00,16935.895393008977,2,39
2022-05-04,16872.8,16901.9,16868.5,16901.9,12:30:00,16929.886307960503,2,40
2022-05-04,16849.15,16877.7,16842.75,16872.75,12:35:00,16922.19713577379,2,41
2022-05-04,16851.75,16862.05,16844.5,16849.45,12:40:00,16915.487884747716,2,42
2022-05-04,16849.6,16851.25,16830.7,16850.15,12:45:00,16909.212848105075,2,43
2022-05-04,16843.1,16861.4,16841.3,16850.2,12:50:00,16902.91638638078,2,44
2022-05-04,16855.3,16856.0,16823.85,16844.05,12:55:00,16898.381492439752,2,45
2022-05-04,16877.6,16885.55,16845.65,16855.6,13:00:00,16896.402302683586,2,46
2022-05-04,16873.05,16880.15,16859.55,16877.95,13:05:00,16894.178273856578,2,47
2022-05-04,16879.1,16882.8,16860.95,16872.85,13:10:00,16892.742247775,2,48
2022-05-04,16898.7,16908.85,16873.15,16879.75,13:15:00,16893.309652748812,2,49
2022-05-04,16902.95,16920.0,16898.6,16899.4,13:20:00,16894.22778105845,2,50
2022-05-04,16902.0,16912.15,16894.25,16903.05,13:25:00,16894.967992386217,2,51
2022-05-04,16890.2,16904.5,16883.25,16902.65,13:30:00,16894.513897873243,2,52
2022-05-04,16892.05,16897.5,16877.65,16889.75,13:35:00,16894.279240932934,2,53
2022-05-04,16908.4,16912.55,16889.9,16892.7,13:40:00,16895.6240751298,2,54
2022-05-04,16891.2,16908.75,16883.15,16908.75,13:45:00,16895.202734641247,2,55
2022-05-04,16884.15,16891.4,16880.95,16889.8,13:50:00,16894.150093246844,2,56
2022-05-04,16885.3,16893.25,16877.75,16884.55,13:55:00,16893.307227223333,2,57
2022-05-04,16872.05,16964.15,16856.05,16886.35,14:00:00,16891.28272939254,2,58
2022-05-04,16785.25,16893.25,16773.3,16871.5,14:05:00,16881.1843742123,2,59
2022-05-04,16798.9,16804.35,16751.35,16785.15,14:10:00,16873.34776714446,2,60
2022-05-04,16786.85,16801.05,16776.5,16801.05,14:15:00,16865.10988455927,2,61
2022-05-04,16818.55,16847.4,16784.15,16787.45,14:20:00,16860.675609839338,2,62
2022-05-04,16810.55,16823.7,16797.55,16818.7,14:25:00,16855.90174223559,2,63
2022-05-04,16748.3,16816.8,16747.95,16809.0,14:30:00,16845.653957260773,2,64
2022-05-04,16725.75,16757.25,16713.9,16744.8,14:35:00,16834.234532759747,2,65
2022-05-04,16663.1,16736.8,16654.1,16724.25,14:40:00,16817.936005830248,2,66
2022-05-04,16657.85,16694.8,16652.4,16661.95,14:45:00,16802.6897195607,2,67
2022-05-04,16632.55,16666.0,16624.4,16657.2,14:50:00,16786.485936745397,2,68
2022-05-04,16670.4,16675.65,16623.95,16633.1,14:55:00,16775.430133245834,2,69
2022-05-04,16659.05,16688.6,16650.95,16670.35,15:00:00,16764.346311031946,2,70
2022-05-04,16673.95,16677.1,16642.2,16659.2,15:05:00,16755.737138552715,2,71
2022-05-04,16708.75,16725.25,16674.4,16674.4,15:10:00,16751.262172976265,2,72
2022-05-04,16675.05,16712.4,16674.35,16709.9,15:15:00,16744.00387078805,2,73
2022-05-04,16672.1,16679.55,16660.3,16674.85,15:20:00,16737.15588309395,2,74
2022-05-04,16692.75,16696.7,16672.0,16673.55,15:25:00,16732.926751370716,2,75
2022-05-05,16824.05,16863.25,16811.1,16862.75,09:15:00,16741.60515600208,3,1
2022-05-05,16789.55,16829.15,16778.85,16826.35,09:20:00,16746.171331620928,3,2
2022-05-05,16825.5,16825.5,16781.4,16787.6,09:25:00,16753.726442895124,3,3
2022-05-05,16824.35,16840.1,16816.0,16824.7,09:30:00,16760.45249595273,3,4
2022-05-05,16849.45,16851.85,16824.6,16824.75,09:35:00,16768.928448719136,3,5
2022-05-05,16836.4,16854.2,16835.7,16849.95,09:40:00,16775.354310745886,3,6
2022-05-05,16832.55,16842.3,16827.35,16836.25,09:45:00,16780.801519246277,3,7
2022-05-05,16837.4,16846.7,16829.5,16834.9,09:50:00,16786.191850746633,3,8
2022-05-05,16829.05,16840.7,16826.9,16836.2,09:55:00,16790.273579246954,3,9
2022-05-05,16868.45,16876.05,16830.2,16830.35,10:00:00,16797.718952652005,3,10
2022-05-05,16911.85,16918.8,16867.75,16867.75,10:05:00,16808.588576208957,3,11
2022-05-05,16919.5,16921.3,16902.9,16911.25,10:10:00,16819.15156895096,3,12
2022-05-05,16935.7,16945.7,16920.1,16920.7,10:15:00,16830.25141952706,3,13
2022-05-05,16912.35,16935.8,16912.35,16935.25,10:20:00,16838.070331953055,3,14
2022-05-05,16930.9,16931.4,16911.75,16912.2,10:25:00,16846.91125271943,3,15
2022-05-05,16915.1,16933.95,16913.4,16931.3,10:30:00,16853.405419127103,3,16
2022-05-05,16904.75,16919.2,16902.7,16914.8,10:35:00,16858.295379210234,3,17
2022-05-05,16889.25,16906.85,16888.65,16904.55,10:40:00,16861.24343833307,3,18
2022-05-05,16895.85,16901.2,16882.75,16888.85,10:45:00,16864.539301348967,3,19
2022-05-05,16910.95,16921.15,16884.8,16894.5,10:50:00,16868.95936788716,3,20
2022-05-05,16896.35,16911.75,16894.9,16910.7,10:55:00,16871.567999516956,3,21
2022-05-05,16907.75,16909.35,16893.65,16895.25,11:00:00,16875.013904324864,3,22
2022-05-05,16914.4,16918.6,16907.15,16907.15,11:05:00,16878.76496105583,3,23
2022-05-05,16920.1,16927.7,16909.25,16915.65,11:10:00,16882.701631431464,3,24
2022-05-05,16894.9,16920.65,16893.75,16920.65,11:15:00,16883.863380818944,3,25
2022-05-05,16898.95,16900.0,16890.05,16895.5,11:20:00,16885.30020169333,3,26
2022-05-05,16890.25,16904.85,16878.5,16899.65,11:25:00,16885.771611055872,3,27
2022-05-05,16871.4,16894.45,16871.4,16892.95,11:30:00,16884.40288619341,3,28
2022-05-05,16856.5,16873.05,16844.65,16873.05,11:35:00,16881.745468460704,3,29
2022-05-05,16860.2,16874.85,16850.35,16857.85,11:40:00,16879.693519083492,3,30
2022-05-05,16878.8,16882.35,16856.1,16861.75,11:45:00,16879.608422027923,3,31
2022-05-05,16873.0,16882.85,16868.2,16878.95,11:50:00,16878.979048501453,3,32
2022-05-05,16837.25,16874.25,16837.25,16873.4,11:55:00,16875.004853406077,3,33
2022-05-05,16836.35,16848.1,16826.25,16837.05,12:00:00,16871.323438795975,3,34
2022-05-05,16842.55,16855.1,16835.0,16836.2,12:05:00,16868.583111291595,3,35
2022-05-05,16843.25,16849.9,16831.55,16843.0,12:10:00,16866.170434025727,3,36
2022-05-05,16855.25,16860.7,16838.45,16843.35,12:15:00,16865.13039268994,3,37
2022-05-05,16850.7,16856.4,16845.55,16855.4,12:20:00,16863.756069576615,3,38
2022-05-05,16860.1,16866.95,16851.05,16851.65,12:25:00,16863.40787247408,3,39
2022-05-05,16891.8,16891.8,16852.3,16860.75,12:30:00,16866.111884619404,3,40
2022-05-05,16887.35,16896.55,16879.7,16892.6,12:35:00,16868.1345622747,3,41
2022-05-05,16873.25,16889.95,16872.75,16887.4,12:40:00,16868.621746819965,3,42
2022-05-05,16875.5,16875.65,16852.8,16871.35,12:45:00,16869.276818551396,3,43
2022-05-05,16879.3,16890.25,16876.65,16877.25,12:50:00,16870.231407260788,3,44
2022-05-05,16865.4,16879.6,16862.6,16879.6,12:55:00,16869.77127323595,3,45
2022-05-05,16856.7,16873.9,16853.7,16866.7,13:00:00,16868.526390070623,3,46
2022-05-05,16835.55,16866.15,16835.55,16857.6,13:05:00,16865.38578149247,3,47
2022-05-05,16813.4,16838.75,16811.15,16836.6,13:10:00,16860.434754683665,3,48
2022-05-05,16827.65,16830.65,16784.4,16813.25,13:15:00,16857.312397094745,3,49
2022-05-05,16827.8,16838.8,16818.95,16828.9,13:20:00,16854.50169260953,3,50
2022-05-05,16835.2,16838.0,16823.65,16827.75,13:25:00,16852.663436170526,3,51
2022-05-05,16815.45,16850.3,16815.45,16835.35,13:30:00,16849.11929939238,3,52
2022-05-05,16799.85,16822.2,16797.8,16816.15,13:35:00,16844.426985164533,3,53
2022-05-05,16758.7,16801.15,16754.75,16800.0,13:40:00,16836.262510386958,3,54
2022-05-05,16772.75,16785.4,16755.95,16759.0,13:45:00,16830.213699873915,3,55
2022-05-05,16773.5,16798.05,16769.4,16773.55,13:50:00,16824.81239512402,3,56
2022-05-05,16750.5,16783.2,16749.9,16773.7,13:55:00,16817.73502415983,3,57
2022-05-05,16721.15,16752.4,16714.6,16751.8,14:00:00,16808.53645043032,3,58
2022-05-05,16697.9,16738.95,16695.25,16721.25,14:05:00,16797.999645627435,3,59
2022-05-05,16711.65,16718.15,16684.95,16697.15,14:10:00,16789.775869853394,3,60
2022-05-05,16693.4,16713.25,16686.4,16710.85,14:15:00,16780.59721558164,3,61
2022-05-05,16682.55,16700.25,16651.85,16694.85,14:20:00,16771.259385526246,3,62
2022-05-05,16719.85,16732.5,16673.85,16683.95,14:25:00,16766.363253571366,3,63
2022-05-05,16698.4,16731.0,16690.55,16719.55,14:30:00,16759.890562755045,3,64
2022-05-05,16700.25,16708.9,16695.6,16700.25,14:35:00,16754.210509159326,3,65
2022-05-05,16699.45,16718.3,16699.45,16700.3,14:40:00,16748.995222572725,3,66
2022-05-05,16724.5,16743.75,16680.35,16700.2,14:45:00,16746.662344232467,3,67
2022-05-05,16720.05,16730.4,16716.4,16724.95,14:50:00,16744.127835257947,3,68
2022-05-05,16712.85,16734.0,16712.85,16719.8,14:55:00,16741.148993804807,3,69
2022-05-05,16678.95,16722.3,16675.3,16717.75,15:00:00,16735.22528010911,3,70
2022-05-05,16677.0,16692.25,16662.65,16680.2,15:05:00,16729.680015336813,3,71
2022-05-05,16682.95,16686.45,16672.0,16677.05,15:10:00,16725.22953768569,3,72
2022-05-05,16690.25,16699.6,16680.6,16683.15,15:15:00,16721.898153144197,3,73
2022-05-05,16673.65,16693.85,16673.3,16690.35,15:20:00,16717.303090939986,3,74
2022-05-05,16669.2,16674.2,16663.4,16673.85,15:25:00,16712.721844183798,3,75
2022-05-06,16414.7,16457.7,16382.5,16440.75,09:15:00,16684.33881140439,4,1
2022-05-06,16401.85,16420.65,16394.95,16410.7,09:20:00,16657.43511508016,4,2
2022-05-06,16438.0,16439.9,16388.75,16401.6,09:25:00,16636.536532691574,4,3
2022-05-06,16457.65,16459.35,16413.95,16436.65,09:30:00,16619.499720054282,4,4
2022-05-06,16451.8,16482.8,16451.35,16458.55,09:35:00,16603.528318144352,4,5
2022-05-06,16469.05,16471.5,16430.45,16450.2,09:40:00,16590.72085927346,4,6
2022-05-06,16450.15,16472.9,16450.15,16468.8,09:45:00,16577.333158390273,4,7
2022-05-06,16455.6,16458.55,16431.5,16448.9,09:50:00,16565.739524257864,4,8
2022-05-06,16436.85,16454.85,16428.45,16453.85,09:55:00,16553.4643314714,4,9
2022-05-06,16402.2,16436.5,16400.95,16436.5,10:00:00,16539.0582046646,4,10
2022-05-06,16413.95,16433.55,16398.95,16402.9,10:05:00,16527.143137553685,4,11
2022-05-06,16399.2,16425.85,16399.2,16413.6,10:10:00,16514.958076834286,4,12
2022-05-06,16373.7,16399.5,16357.95,16399.5,10:15:00,16501.504926659592,4,13
2022-05-06,16362.45,16382.35,16361.75,16375.35,10:20:00,16488.26160031106,4,14
2022-05-06,16386.15,16397.3,16351.85,16361.75,10:25:00,16478.53668599572,4,15
2022-05-06,16403.75,16408.4,16378.05,16386.0,10:30:00,16471.41414447232,4,16
2022-05-06,16382.0,16418.2,16378.35,16406.05,10:35:00,16462.898511665433,4,17
2022-05-06,16395.9,16417.15,16364.4,16382.3,10:40:00,16456.517701030632,4,18
2022-05-06,16395.9,16403.85,16385.45,16394.5,10:45:00,16450.744586646764,4,19
2022-05-06,16390.3,16397.6,16385.7,16395.45,10:50:00,16444.987959347072,4,20
2022-05-06,16381.85,16391.25,16370.0,16390.45,10:55:00,16438.974820361636,4,21
2022-05-06,16352.6,16382.3,16346.4,16381.9,11:00:00,16430.748646993863,4,22
2022-05-06,16375.15,16375.95,16343.35,16352.7,11:05:00,16425.45353775635,4,23
2022-05-06,16372.35,16382.7,16365.65,16375.65,11:10:00,16420.396057970032,4,24
2022-05-06,16360.55,16376.05,16354.15,16371.55,11:15:00,16414.69643340146,4,25
2022-05-06,16366.6,16374.75,16356.85,16361.8,11:20:00,16410.11582069656,4,26
2022-05-06,16354.4,16367.15,16342.85,16367.15,11:25:00,16404.809552058792,4,27
2022-05-06,16406.1,16406.1,16340.9,16354.1,11:30:00,16404.932451862715,4,28
2022-05-06,16418.55,16421.3,16396.55,16405.95,11:35:00,16406.229361209123,4,29
2022-05-06,16419.55,16430.65,16404.15,16417.8,11:40:00,16407.49799347492,4,30
2022-05-06,16393.95,16423.25,16391.0,16420.25,11:45:00,16406.20770838207,4,31
2022-05-06,16381.6,16405.7,16381.5,16393.1,11:50:00,16403.864117107587,4,32
2022-05-06,16377.35,16387.3,16373.15,16383.15,11:55:00,16401.33896309734,4,33
2022-05-06,16398.9,16400.55,16377.15,16377.7,12:00:00,16401.106680897592,4,34
2022-05-06,16407.3,16412.85,16395.15,16399.15,12:05:00,16401.696520812107,4,35
2022-05-06,16416.9,16417.1,16393.0,16407.85,12:10:00,16403.144471210955,4,36
2022-05-06,16400.6,16423.9,16400.6,16417.45,12:15:00,16402.902140619437,4,37
2022-05-06,16404.5,16414.45,16387.1,16400.15,12:20:00,16403.0543177033,4,38
2022-05-06,16373.1,16406.6,16372.75,16402.35,12:25:00,16400.20152554108,4,39
2022-05-06,16370.7,16377.7,16363.0,16374.0,12:30:00,16397.39185644193,4,40
2022-05-06,16374.55,16388.3,16359.7,16369.2,12:35:00,16395.216441542696,4,41
2022-05-06,16406.3,16407.0,16364.8,16374.3,12:40:00,16396.272018538628,4,42
2022-05-06,16415.8,16424.55,16404.95,16409.3,12:45:00,16398.131826296853,4,43
2022-05-06,16381.05,16423.65,16381.05,16417.1,12:50:00,16396.504985697153,4,44
2022-05-06,16395.05,16398.65,16382.05,16382.05,12:55:00,16396.366415630757,4,45
2022-05-06,16378.2,16403.9,16377.15,16395.35,13:00:00,16394.63628080878,4,46
2022-05-06,16372.4,16391.65,16365.55,16378.55,13:05:00,16392.518539779372,4,47
2022-05-06,16369.55,16382.65,16360.4,16372.45,13:10:00,16390.331059800385,4,48
2022-05-06,16365.25,16390.65,16364.3,16369.75,13:15:00,16387.94238743844,4,49
2022-05-06,16385.2,16386.7,16354.95,16365.65,13:20:00,16387.6812076824,4,50
2022-05-06,16439.7,16440.9,16386.2,16386.2,13:25:00,16392.635378379313,4,51
2022-05-06,16420.7,16447.5,16413.8,16439.5,13:30:00,16395.308199486048,4,52
2022-05-06,16432.05,16439.55,16415.3,16420.5,13:35:00,16398.807418582615,4,53
2022-05-06,16390.6,16434.8,16390.1,16432.85,13:40:00,16398.025759669985,4,54
2022-05-06,16413.65,16413.65,16381.05,16390.55,13:45:00,16399.51378255856,4,55
2022-05-06,16414.0,16419.9,16401.75,16414.8,13:50:00,16400.893422314886,4,56
2022-05-06,16414.25,16417.85,16406.7,16415.25,13:55:00,16402.165477332514,4,57
2022-05-06,16443.0,16461.85,16413.75,16414.9,14:00:00,16406.054479491322,4,58
2022-05-06,16458.3,16458.3,16409.8,16443.35,14:05:00,16411.03024334929,4,59
2022-05-06,16447.05,16468.15,16438.9,16458.55,14:10:00,16414.460696363643,4,60
2022-05-06,16443.6,16457.6,16437.8,16448.15,14:15:00,16417.235868138534,4,61
2022-05-06,16437.2,16484.2,16427.3,16444.15,14:20:00,16419.137214030103,4,62
2022-05-06,16422.55,16458.75,16421.8,16438.5,14:25:00,16419.46224126533,4,63
2022-05-06,16426.1,16436.75,16413.65,16421.75,14:30:00,16420.09440876387,4,64
2022-05-06,16401.3,16433.6,16401.15,16425.75,14:35:00,16418.304465072073,4,65
2022-05-06,16395.6,16417.05,16391.7,16401.5,14:40:00,16416.14213506521,4,66
2022-05-06,16390.15,16408.4,16379.75,16395.05,14:45:00,16413.66669363043,4,67
2022-05-06,16391.7,16414.55,16383.5,16392.05,14:50:00,16411.574627570386,4,68
2022-05-06,16390.85,16402.25,16388.15,16391.85,14:55:00,16409.600853516065,4,69
2022-05-06,16397.05,16423.1,16383.7,16389.5,15:00:00,16408.40553413358,4,70
2022-05-06,16386.45,16402.8,16376.8,16397.9,15:05:00,16406.314530882762,4,71
2022-05-06,16411.8,16411.8,16383.9,16386.35,15:10:00,16406.836956512976,4,72
2022-05-06,16423.95,16430.9,16409.75,16412.65,15:15:00,16408.466770178406,4,73
2022-05-06,16427.65,16431.3,16421.1,16424.4,15:20:00,16410.293744447128,4,74
2022-05-06,16438.25,16440.85,16424.55,16428.25,15:25:00,16412.956244975972,4,75
2022-05-09,16181.4,16270.2,16175.3,16254.7,09:15:00,16390.903269263974,0,1
2022-05-09,16183.4,16207.05,16162.55,16183.95,09:20:00,16371.141053143596,0,2
2022-05-09,16156.55,16184.0,16155.45,16181.0,09:25:00,16350.703809987064,0,3
2022-05-09,16160.05,16172.0,16142.1,16156.3,09:30:00,16332.54630427401,0,4
2022-05-09,16215.5,16220.65,16154.05,16159.2,09:35:00,16321.399037200295,0,5
2022-05-09,16217.45,16222.2,16191.6,16212.5,09:40:00,16311.499128895504,0,6
2022-05-09,16242.05,16246.95,16185.6,16216.55,09:45:00,16304.884926143552,0,7
2022-05-09,16238.05,16248.6,16220.1,16244.35,09:50:00,16298.51969508226,0,8
2022-05-09,16242.95,16250.35,16226.35,16236.95,09:55:00,16293.227343169665,0,9
2022-05-09,16248.75,16254.85,16223.4,16243.0,10:00:00,16288.991405724935,0,10
2022-05-09,16239.65,16270.8,16238.95,16249.6,10:05:00,16284.292224227322,0,11
2022-05-09,16237.95,16250.3,16227.6,16240.7,10:10:00,16279.878679062816,0,12
2022-05-09,16241.15,16250.2,16219.4,16236.6,10:15:00,16276.190233437785,0,13
2022-05-09,16255.2,16257.85,16226.85,16241.7,10:20:00,16274.191163586567,0,14
2022-05-09,16240.85,16260.6,16235.75,16255.15,10:25:00,16271.01581467356,0,15
2022-05-09,16230.2,16243.25,16227.75,16240.65,10:30:00,16267.12859422846,0,16
2022-05-09,16252.1,16252.1,16226.25,16229.8,10:35:00,16265.697299540036,0,17
2022-05-09,16235.8,16250.95,16225.15,16250.25,10:40:00,16262.84993767908,0,18
2022-05-09,16229.55,16245.75,16229.15,16237.25,10:45:00,16259.678515042977,0,19
2022-05-09,16233.05,16239.1,16219.2,16229.3,10:50:00,16257.142465991265,0,20
2022-05-09,16227.7,16232.25,16216.2,16232.15,10:55:00,16254.338421611144,0,21
2022-05-09,16245.05,16250.65,16227.25,16227.25,11:00:00,16253.45381002913,0,22
2022-05-09,16233.6,16245.0,16230.4,16243.85,11:05:00,16251.562970978735,0,23
2022-05-09,16237.5,16251.95,16227.3,16233.15,11:10:00,16250.223640409333,0,24
2022-05-09,16231.8,16244.3,16226.4,16237.65,11:15:00,16248.469007989395,0,25
2022-05-09,16249.8,16249.8,16230.1,16233.1,11:20:00,16248.595769133262,0,26
2022-05-09,16244.1,16254.25,16242.25,16245.6,11:25:00,16248.16760064438,0,27
2022-05-09,16272.8,16274.3,16244.0,16244.0,11:30:00,16250.513543440153,0,28
2022-05-09,16300.3,16301.35,16272.1,16272.1,11:35:00,16255.255110731568,0,29
2022-05-09,16307.85,16318.45,16295.55,16301.95,11:40:00,16260.264147804752,0,30
2022-05-09,16299.45,16325.2,16294.15,16308.0,11:45:00,16263.99613372811,0,31
2022-05-09,16295.35,16307.95,16287.1,16299.6,11:50:00,16266.982216230192,0,32
2022-05-09,16304.4,16311.8,16286.05,16295.9,11:55:00,16270.54581468446,0,33
2022-05-09,16297.7,16313.2,16288.35,16303.9,12:00:00,16273.131927571654,0,34
2022-05-09,16309.95,16310.6,16294.3,16298.25,12:05:00,16276.638410660067,0,35
2022-05-09,16323.4,16331.3,16306.5,16310.7,12:10:00,16281.09189535911,0,36
2022-05-09,16321.0,16336.5,16301.65,16323.7,12:15:00,16284.892667229671,0,37
2022-05-09,16330.9,16331.8,16311.4,16318.65,12:20:00,16289.274317969704,0,38
2022-05-09,16340.25,16354.95,16331.3,16331.3,12:25:00,16294.129144829732,0,39
2022-05-09,16346.8,16359.85,16328.35,16340.05,12:30:00,16299.14541675071,0,40
2022-05-09,16347.35,16353.0,16344.55,16347.35,12:35:00,16303.73632944112,0,41
2022-05-09,16391.8,16393.65,16341.15,16347.8,12:40:00,16312.123345684822,0,42
2022-05-09,16371.45,16403.7,16369.95,16392.5,12:45:00,16317.773503238648,0,43
2022-05-09,16363.6,16373.75,16357.3,16371.55,12:50:00,16322.137931501637,0,44
2022-05-09,16332.65,16362.8,16329.3,16362.8,12:55:00,16323.13908088243,0,45
2022-05-09,16365.95,16368.45,16320.5,16332.0,13:00:00,16327.21631127458,0,46
2022-05-09,16362.9,16371.4,16358.05,16365.3,13:05:00,16330.614757819858,0,47
2022-05-09,16338.3,16364.55,16329.25,16363.75,13:10:00,16331.346685646538,0,48
2022-05-09,16345.4,16348.75,16328.2,16337.35,13:15:00,16332.685096537343,0,49
2022-05-09,16342.2,16353.3,16330.8,16346.1,13:20:00,16333.591277819502,0,50
2022-05-09,16326.35,16342.0,16325.55,16342.0,13:25:00,16332.901632312882,0,51
2022-05-09,16300.9,16325.6,16289.6,16324.95,13:30:00,16329.853857806893,0,52
2022-05-09,16336.25,16341.2,16293.75,16300.95,13:35:00,16330.463014206238,0,53
2022-05-09,16325.45,16336.75,16314.65,16336.65,13:40:00,16329.985584281834,0,54
2022-05-09,16316.15,16335.7,16306.3,16325.6,13:45:00,16328.667909588326,0,55
2022-05-09,16314.15,16320.9,16300.25,16315.9,13:50:00,16327.285251532296,0,56
2022-05-09,16307.3,16321.2,16305.35,16309.6,13:55:00,16325.381894243506,0,57
2022-05-09,16252.75,16318.25,16250.1,16309.55,14:00:00,16318.46457098222,0,58
2022-05-09,16260.5,16264.4,16231.15,16250.55,14:05:00,16312.94413565058,0,59
2022-05-09,16251.5,16273.25,16244.2,16260.05,14:10:00,16307.092313207668,0,60
2022-05-09,16274.7,16278.1,16243.1,16250.9,14:15:00,16304.007330997414,0,61
2022-05-09,16256.7,16279.8,16255.15,16273.85,14:20:00,16299.501870902424,0,62
2022-05-09,16257.45,16267.95,16247.35,16255.65,14:25:00,16295.496930816478,0,63
2022-05-09,16318.05,16327.6,16254.65,16258.65,14:30:00,16297.64484216729,0,64
2022-05-09,16335.05,16347.2,16317.95,16318.85,14:35:00,16301.20723815136,0,65
2022-05-09,16343.8,16360.8,16327.5,16333.0,14:40:00,16305.263691660752,0,66
2022-05-09,16381.75,16381.75,16341.8,16343.15,14:45:00,16312.548101978777,0,67
2022-05-09,16360.6,16401.35,16358.3,16384.5,14:50:00,16317.124473218892,0,68
2022-05-09,16328.05,16371.2,16327.15,16360.1,14:55:00,16318.164999578998,0,69
2022-05-09,16283.8,16340.35,16276.55,16324.35,15:00:00,16314.892142476236,0,70
2022-05-09,16286.65,16298.2,16279.2,16283.6,15:05:00,16312.202414621355,0,71
2022-05-09,16306.15,16306.7,16279.55,16288.35,15:10:00,16311.625994181228,0,72
2022-05-09,16304.6,16318.7,16302.1,16308.5,15:15:00,16310.956851878254,0,73
2022-05-09,16311.3,16324.15,16304.5,16305.5,15:20:00,16310.989532651754,0,74
2022-05-09,16310.05,16314.2,16301.2,16310.05,15:25:00,16310.900053351588,0,75
2022-05-10,16345.05,16352.0,16243.5,16257.3,09:15:00,16314.152429222864,1,1
2022-05-10,16321.5,16352.5,16320.55,16345.85,09:20:00,16314.852197868306,1,2
2022-05-10,16315.05,16344.3,16313.3,16321.05,09:25:00,16314.871036166562,1,3
2022-05-10,16332.65,16332.65,16285.1,16315.1,09:30:00,16316.564270817364,1,4
2022-05-10,16295.8,16337.5,16291.35,16332.55,09:35:00,16314.586721215712,1,5
2022-05-10,16298.25,16318.15,16286.6,16295.3,09:40:00,16313.030843004692,1,6
2022-05-10,16288.85,16310.35,16269.65,16297.35,09:45:00,16310.727905575674,1,7
2022-05-10,16276.75,16290.15,16271.55,16289.35,09:50:00,16307.491914568463,1,8
2022-05-10,16279.95,16290.45,16271.65,16275.35,09:55:00,16304.868875085756,1,9
2022-05-10,16268.7,16296.4,16268.5,16280.65,10:00:00,16301.424220315685,1,10
2022-05-10,16267.1,16273.9,16253.15,16267.45,10:05:00,16298.155246952285,1,11
2022-05-10,16273.35,16273.35,16255.3,16267.3,10:10:00,16295.79284248064,1,12
2022-05-10,16273.6,16286.25,16269.0,16275.05,10:15:00,16293.679238434865,1,13
2022-05-10,16297.2,16297.4,16267.85,16273.0,10:20:00,16294.014549060115,1,14
2022-05-10,16308.4,16311.7,16287.5,16295.95,10:25:00,16295.38459200677,1,15
2022-05-10,16300.05,16316.45,16298.5,16308.15,10:30:00,16295.828916577557,1,16
2022-05-10,16310.6,16313.7,16299.5,16300.45,10:35:00,16297.235686427312,1,17
2022-05-10,16323.7,16328.75,16310.45,16310.85,10:40:00,16299.75609724376,1,18
2022-05-10,16317.85,16331.8,16315.3,16323.75,10:45:00,16301.479326077688,1,19
2022-05-10,16302.5,16318.65,16284.85,16318.65,10:50:00,16301.576533117908,1,20
2022-05-10,16315.5,16321.8,16294.3,16302.8,10:55:00,16302.90257758287,1,21
2022-05-10,16314.1,16316.45,16303.6,16315.15,11:00:00,16303.968998765456,1,22
2022-05-10,16308.05,16317.4,16305.45,16314.0,11:05:00,16304.357665549696,1,23
2022-05-10,16319.8,16320.35,16304.45,16307.25,11:10:00,16305.828364068771,1,24
2022-05-10,16315.15,16326.45,16313.45,16319.5,11:15:00,16306.716138919368,1,25
2022-05-10,16303.35,16326.35,16303.35,16313.9,11:20:00,16306.395554260382,1,26
2022-05-10,16294.4,16304.4,16287.8,16303.6,11:25:00,16305.253120521298,1,27
2022-05-10,16325.85,16326.05,16286.65,16294.5,11:30:00,16307.2147280907,1,28
2022-05-10,16313.75,16336.35,16310.55,16325.1,11:35:00,16307.837134939204,1,29
2022-05-10,16312.8,16322.6,16304.95,16312.8,11:40:00,16308.309788754515,1,30
2022-05-10,16323.55,16331.65,16305.5,16313.1,11:45:00,16309.761237444563,1,31
2022-05-10,16335.9,16336.2,16311.2,16323.6,11:50:00,16312.250643402223,1,32
2022-05-10,16355.3,16356.6,16332.85,16335.75,11:55:00,16316.35058212582,1,33
2022-05-10,16369.85,16374.45,16354.2,16355.9,12:00:00,16321.445764780505,1,34
2022-05-10,16378.25,16384.1,16360.05,16369.6,12:05:00,16326.855691944264,1,35
2022-05-10,16386.65,16389.4,16372.4,16379.15,12:10:00,16332.550387949574,1,36
2022-05-10,16373.0,16394.8,16371.85,16387.0,12:15:00,16336.402731954377,1,37
2022-05-10,16391.5,16400.05,16363.6,16373.2,12:20:00,16341.650090815863,1,38
2022-05-10,16376.4,16392.3,16374.4,16391.6,12:25:00,16344.95960597626,1,39
2022-05-10,16369.5,16377.0,16360.55,16376.6,12:30:00,16347.296786359471,1,40
2022-05-10,16378.25,16389.9,16366.8,16369.25,12:35:00,16350.244711468096,1,41
2022-05-10,16380.15,16381.3,16368.35,16377.6,12:40:00,16353.09283418542,1,42
2022-05-10,16373.55,16384.8,16359.2,16380.5,12:45:00,16355.04113569157,1,43
2022-05-10,16391.65,16392.95,16364.45,16373.25,12:50:00,16358.527694197135,1,44
2022-05-10,16390.65,16404.55,16387.45,16391.55,12:55:00,16361.586961416457,1,45
2022-05-10,16363.65,16390.3,16362.85,16390.3,13:00:00,16361.783441281554,1,46
2022-05-10,16385.6,16386.85,16358.75,16365.2,13:05:00,16364.051684969025,1,47
2022-05-10,16370.2,16390.25,16367.85,16385.4,13:10:00,16364.6372387815,1,48
2022-05-10,16334.2,16374.4,16331.4,16370.05,13:15:00,16361.738454135642,1,49
2022-05-10,16343.45,16354.95,16329.0,16335.3,13:20:00,16359.996696598915,1,50
2022-05-10,16323.2,16359.5,16323.2,16343.5,13:25:00,16356.49224930378,1,51
2022-05-10,16322.45,16330.55,16308.15,16321.3,13:30:00,16353.250130322467,1,52
2022-05-10,16341.0,16344.35,16312.7,16320.85,13:35:00,16352.083451244138,1,53
2022-05-10,16323.0,16346.15,16322.85,16341.8,13:40:00,16349.313598744697,1,54
2022-05-10,16325.95,16343.45,16323.65,16324.65,13:45:00,16347.088494102343,1,55
2022-05-10,16325.85,16339.0,16317.25,16326.5,13:50:00,16345.06578037831,1,56
2022-05-10,16328.45,16336.9,16317.45,16326.9,13:55:00,16343.483325104184,1,57
2022-05-10,16325.7,16336.2,16317.4,16326.2,14:00:00,16341.789675094264,1,58
2022-05-10,16361.65,16365.1,16319.15,16326.2,14:05:00,16343.681134609096,1,59
2022-05-10,16368.4,16385.05,16361.95,16364.25,14:10:00,16346.035312265372,1,60
2022-05-10,16364.15,16373.8,16355.8,16368.2,14:15:00,16347.760520621052,1,61
2022-05-10,16363.3,16375.25,16361.65,16364.7,14:20:00,16349.240471038094,1,62
2022-05-10,16342.6,16374.7,16323.85,16363.55,14:25:00,16348.60804522494,1,63
2022-05-10,16332.1,16353.35,16331.15,16343.2,14:30:00,16347.035850441614,1,64
2022-05-10,16350.15,16351.7,16332.4,16332.65,14:35:00,16347.332436113842,1,65
2022-05-10,16353.45,16367.65,16346.45,16350.95,14:40:00,16347.915061245858,1,66
2022-05-10,16324.85,16358.65,16322.95,16354.05,14:45:00,16345.718388746252,1,67
2022-05-10,16311.5,16332.25,16307.25,16325.85,14:50:00,16342.459494579944,1,68
2022-05-10,16278.35,16312.1,16275.65,16312.1,14:55:00,16336.353828429474,1,69
2022-05-10,16254.3,16298.2,16247.25,16280.1,15:00:00,16328.539178102856,1,70
2022-05-10,16261.95,16266.05,16224.75,16254.0,15:05:00,16322.197351616873,1,71
2022-05-10,16239.5,16262.85,16237.3,16262.8,15:10:00,16314.321413367645,1,72
2022-05-10,16229.7,16247.15,16228.7,16239.75,15:15:00,16306.262231142156,1,73
2022-05-10,16221.75,16234.8,16219.0,16230.15,15:20:00,16298.213447223854,1,74
2022-05-10,16209.2,16222.95,16197.3,16222.95,15:25:00,16289.735976059676,1,75
2022-05-11,16284.65,16305.6,16259.4,16277.4,09:15:00,16289.251597387329,2,1
2022-05-11,16279.95,16285.6,16262.6,16285.6,09:20:00,16288.365730969486,2,2
2022-05-11,16306.1,16318.75,16279.7,16279.7,09:25:00,16290.054708972391,2,3
2022-05-11,16287.6,16309.9,16287.45,16307.2,09:30:00,16289.8209271655,2,4
2022-05-11,16250.25,16290.8,16248.2,16288.6,09:35:00,16286.052267435452,2,5
2022-05-11,16217.85,16250.1,16216.55,16249.85,09:40:00,16279.55681339398,2,6
2022-05-11,16228.35,16229.5,16187.45,16218.1,09:45:00,16274.679974023124,2,7
2022-05-11,16173.15,16233.2,16170.35,16228.0,09:50:00,16265.010452687588,2,8
2022-05-11,16178.25,16185.5,16155.95,16171.75,09:55:00,16256.747552431629,2,9
2022-05-11,16176.4,16192.75,16162.4,16178.3,10:00:00,16249.095404580996,2,10
2022-05-11,16160.2,16185.95,16159.05,16176.95,10:05:00,16240.629175573282,2,11
2022-05-11,16153.0,16177.05,16141.9,16159.4,10:10:00,16232.283539804395,2,12
2022-05-11,16165.6,16183.3,16153.1,16153.4,10:15:00,16225.932726489693,2,13
2022-05-11,16171.4,16178.15,16165.15,16166.45,10:20:00,16220.739133490675,2,14
2022-05-11,16102.55,16174.05,16092.35,16171.85,10:25:00,16209.483025539184,2,15
2022-05-11,16078.85,16117.5,16071.2,16103.0,10:30:00,16197.041785011645,2,16
2022-05-11,16099.9,16106.05,16077.85,16080.3,10:35:00,16187.790186439106,2,17
2022-05-11,16089.65,16121.05,16089.65,16100.9,10:40:00,16178.443502016336,2,18
2022-05-11,16130.0,16136.75,16085.95,16088.95,10:45:00,16173.829835157638,2,19
2022-05-11,16133.05,16134.2,16120.4,16128.9,10:50:00,16169.946041333102,2,20
2022-05-11,16120.1,16142.4,16112.0,16133.4,10:55:00,16165.198799301375,2,21
2022-05-11,16124.4,16125.75,16100.65,16119.9,11:00:00,16161.313199367913,2,22
2022-05-11,16112.55,16127.75,16100.65,16124.3,11:05:00,16156.669085142395,2,23
2022-05-11,16091.55,16113.1,16085.6,16113.1,11:10:00,16150.467267509788,2,24
2022-05-11,16127.15,16137.5,16089.85,16091.85,11:15:00,16148.246575365998,2,25
2022-05-11,16124.35,16148.95,16124.15,16126.55,11:20:00,16145.970711045427,2,26
2022-05-11,16125.4,16130.95,16117.4,16124.6,11:25:00,16144.011595707769,2,27
2022-05-11,16140.6,16140.7,16108.65,16126.25,11:30:00,16143.686681830835,2,28
2022-05-11,16128.8,16145.95,16128.25,16140.8,11:35:00,16142.268902608852,2,29
2022-05-11,16143.65,16158.15,16125.15,16130.0,11:40:00,16142.400435693724,2,30
2022-05-11,16157.75,16164.0,16143.55,16143.55,11:45:00,16143.862298960988,2,31
2022-05-11,16150.1,16159.1,16140.3,16158.1,11:50:00,16144.45636572661,2,32
2022-05-11,16141.6,16153.9,16134.75,16150.0,11:55:00,16144.184330895505,2,33
2022-05-11,16143.25,16153.8,16121.65,16142.55,12:00:00,16144.095347000692,2,34
2022-05-11,16114.8,16151.95,16109.95,16144.15,12:05:00,16141.30531395301,2,35
2022-05-11,16134.0,16139.0,16115.9,16115.9,12:10:00,16140.60956976701,2,36
2022-05-11,16132.15,16143.45,16122.7,16136.0,12:15:00,16139.803896455864,2,37
2022-05-11,16130.8,16137.65,16125.75,16131.85,12:20:00,16138.946382507687,2,38
2022-05-11,16107.8,16130.45,16100.3,16130.4,12:25:00,16135.980060364098,2,39
2022-05-11,16094.35,16131.95,16094.25,16109.65,12:30:00,16132.015292710374,2,40
2022-05-11,16110.8,16113.35,16084.7,16094.85,12:35:00,16129.99478864272,2,41
2022-05-11,16071.1,16109.8,16069.1,16109.8,12:40:00,16124.385761152938,2,42
2022-05-11,16054.6,16075.05,16046.55,16071.9,12:45:00,16117.739498185992,2,43
2022-05-11,16040.4,16077.6,16036.4,16056.45,12:50:00,16110.373831692088,2,44
2022-05-11,16039.85,16051.1,16026.65,16042.6,12:55:00,16103.657276292844,2,45
2022-05-11,16017.45,16046.15,16016.2,16039.4,13:00:00,16095.447059503049,2,46
2022-05-11,16032.15,16057.8,16011.4,16019.15,13:05:00,16089.418768121806,2,47
2022-05-11,16025.6,16042.85,16024.6,16031.0,13:10:00,16083.340790205444,2,48
2022-05-11,16015.3,16035.85,16000.2,16026.95,13:15:00,16076.860714947785,2,49
2022-05-11,16021.1,16032.05,15992.6,16016.55,13:20:00,16071.55017066704,2,50
2022-05-11,16057.95,16062.05,16016.55,16021.55,13:25:00,16070.2549163178,2,51
2022-05-11,16071.25,16089.05,16054.7,16057.7,13:30:00,16070.349686192296,2,52
2022-05-11,16090.25,16099.55,16059.7,16071.95,13:35:00,16072.244954173982,2,53
2022-05-11,16071.25,16104.5,16068.05,16091.05,13:40:00,16072.150196633604,2,54
2022-05-11,16081.85,16094.8,16061.25,16071.2,13:45:00,16073.073987430404,2,55
2022-05-11,16113.15,16113.15,16082.0,16082.8,13:50:00,16076.890750532271,2,56
2022-05-11,16116.4,16128.25,16108.9,16115.1,13:55:00,16080.653536195863,2,57
2022-05-11,16159.65,16160.3,16119.05,16119.05,14:00:00,16088.177008939116,2,58
2022-05-11,16158.9,16182.1,16158.9,16161.25,14:05:00,16094.912531897297,2,59
2022-05-11,16173.9,16180.85,16139.2,16160.4,14:10:00,16102.435147907076,2,60
2022-05-11,16167.65,16179.05,16159.35,16174.85,14:15:00,16108.64608620164,2,61
2022-05-11,16173.9,16189.3,16167.3,16169.6,14:20:00,16114.860744658628,2,62
2022-05-11,16187.25,16189.1,16173.85,16176.0,14:25:00,16121.754959453045,2,63
2022-05-11,16152.8,16189.7,16125.5,16185.1,14:30:00,16124.711629981324,2,64
2022-05-11,16177.6,16178.55,16142.75,16153.0,14:35:00,16129.74861760215,2,65
2022-05-11,16214.35,16216.6,16178.25,16178.3,14:40:00,16137.805892116232,2,66
2022-05-11,16195.6,16215.4,16181.9,16215.25,14:45:00,16143.310092867068,2,67
2022-05-11,16175.45,16223.75,16175.45,16197.1,14:50:00,16146.371036403538,2,68
2022-05-11,16193.45,16207.45,16174.55,16174.55,14:55:00,16150.854747222247,2,69
2022-05-11,16145.05,16196.0,16137.6,16192.2,15:00:00,16150.301914153464,2,70
2022-05-11,16157.65,16171.15,16144.45,16144.7,15:05:00,16151.001731853135,2,71
2022-05-11,16154.6,16169.15,16147.85,16161.45,15:10:00,16151.3444240576,2,72
2022-05-11,16170.25,16170.25,16155.1,16155.25,15:15:00,16153.144955099731,2,73
2022-05-11,16190.5,16190.5,16165.35,16171.05,15:20:00,16156.702578423568,2,74
2022-05-11,16202.7,16203.5,16184.65,16191.25,15:25:00,16161.083285240373,2,75
2022-05-12,15959.6,16041.95,15933.05,16037.65,09:15:00,16141.894400931766,3,1
2022-05-12,15932.9,15961.35,15920.7,15961.35,09:20:00,16121.990172271597,3,2
2022-05-12,15909.75,15940.65,15899.85,15929.85,09:25:00,16101.776822531445,3,3
2022-05-12,15905.9,15919.3,15882.6,15910.15,09:30:00,16083.12188705226,3,4
2022-05-12,15851.85,15908.9,15848.1,15905.45,09:35:00,16061.095993047284,3,5
2022-05-12,15875.1,15875.6,15852.2,15853.55,09:40:00,16043.38208894754,3,6
2022-05-12,15886.65,15891.65,15866.9,15876.95,09:45:00,16028.455223333489,3,7
2022-05-12,15880.5,15892.9,15876.05,15886.45,09:50:00,16014.36424968268,3,8
2022-05-12,15892.0,15895.85,15872.7,15880.7,09:55:00,16002.710511617664,3,9
2022-05-12,15900.95,15910.25,15879.4,15893.1,10:00:00,15993.019034320743,3,10
2022-05-12,15892.75,15899.95,15886.55,15899.95,10:05:00,15983.469602480673,3,11
2022-05-12,15874.15,15891.9,15869.3,15891.45,10:10:00,15973.058211768228,3,12
2022-05-12,15887.85,15891.25,15858.55,15873.1,10:15:00,15964.943143980778,3,13
2022-05-12,15891.6,15902.75,15885.25,15888.3,10:20:00,15957.958082649277,3,14
2022-05-12,15904.6,15913.65,15887.65,15891.3,10:25:00,15952.8763604922,3,15
2022-05-12,15917.55,15925.95,15890.05,15904.7,10:30:00,15949.51194520723,3,16
2022-05-12,15917.35,15921.15,15899.55,15918.65,10:35:00,15946.448902806544,3,17
2022-05-12,15903.75,15920.9,15899.75,15917.65,10:40:00,15942.38234063449,3,18
2022-05-12,15896.8,15909.35,15892.65,15904.45,10:45:00,15938.041165335968,3,19
2022-05-12,15876.25,15903.4,15874.4,15897.85,10:50:00,15932.156292446827,3,20
2022-05-12,15860.15,15878.45,15844.7,15875.5,10:55:00,15925.298550309037,3,21
2022-05-12,15858.1,15867.4,15850.85,15860.3,11:00:00,15918.89868837484,3,22
2022-05-12,15854.15,15864.95,15842.25,15856.8,11:05:00,15912.732146624854,3,23
2022-05-12,15834.4,15865.0,15831.95,15853.35,11:10:00,15905.271942184392,3,24
2022-05-12,15837.95,15845.15,15826.65,15833.45,11:15:00,15898.86032864302,3,25
2022-05-12,15830.25,15840.6,15824.4,15837.9,11:20:00,15892.3260116294,3,26
2022-05-12,15842.95,15852.25,15829.05,15829.05,11:25:00,15887.623534331362,3,27
2022-05-12,15851.45,15857.6,15838.95,15842.75,11:30:00,15884.178435823613,3,28
2022-05-12,15884.15,15885.05,15851.5,15851.5,11:35:00,15884.175727649936,3,29
2022-05-12,15877.5,15889.85,15875.3,15883.5,11:40:00,15883.539944064229,3,30
2022-05-12,15848.2,15878.3,15844.75,15876.4,11:45:00,15880.17423510573,3,31
2022-05-12,15875.4,15879.8,15841.3,15847.8,11:50:00,15879.71954604804,3,32
2022-05-12,15857.75,15880.25,15855.7,15876.0,11:55:00,15877.62720832918,3,33
2022-05-12,15873.45,15874.5,15855.5,15858.15,12:00:00,15877.229378964495,3,34
2022-05-12,15869.65,15879.4,15866.35,15874.4,12:05:00,15876.50753334883,3,35
2022-05-12,15880.5,15881.75,15862.9,15869.45,12:10:00,15876.887768267989,3,36
2022-05-12,15864.8,15884.75,15854.4,15881.95,12:15:00,15875.736552242464,3,37
2022-05-12,15848.3,15870.05,15846.85,15865.8,12:20:00,15873.123547266992,3,38
2022-05-12,15835.45,15863.5,15833.8,15848.85,12:25:00,15869.53559038442,3,39
2022-05-12,15830.1,15837.25,15807.85,15836.15,12:30:00,15865.77981987162,3,40
2022-05-12,15843.5,15845.85,15818.65,15829.8,12:35:00,15863.657932264798,3,41
2022-05-12,15849.85,15850.95,15836.3,15843.65,12:40:00,15862.34289109672,3,42
2022-05-12,15838.6,15859.55,15836.9,15850.65,12:45:00,15860.081663373225,3,43
2022-05-12,15835.5,15838.2,15811.3,15838.2,12:50:00,15857.740552575777,3,44
2022-05-12,15842.45,15848.95,15830.35,15835.85,12:55:00,15856.28430947332,3,45
2022-05-12,15840.3,15845.75,15821.55,15843.3,13:00:00,15854.761994285383,3,46
2022-05-12,15815.9,15848.85,15815.9,15841.2,13:05:00,15851.060851972492,3,47
2022-05-12,15831.3,15831.3,15800.45,15813.85,13:10:00,15849.17886607035,3,48
2022-05-12,15882.45,15882.45,15830.4,15831.95,13:15:00,15852.34754549222,3,49
2022-05-12,15861.0,15883.6,15857.8,15883.6,13:20:00,15853.171588778678,3,50
2022-05-12,15873.4,15875.85,15858.9,15861.95,13:25:00,15855.098104133089,3,51
2022-05-12,15855.8,15890.05,15847.25,15874.05,13:30:00,15855.164951358507,3,52
2022-05-12,15859.25,15864.7,15849.4,15857.6,13:35:00,15855.554003610076,3,53
2022-05-12,15862.05,15869.7,15853.25,15859.2,13:40:00,15856.172669932928,3,54
2022-05-12,15846.4,15872.3,15844.75,15863.05,13:45:00,15855.241939463123,3,55
2022-05-12,15816.9,15845.75,15806.95,15844.25,13:50:00,15851.590326180922,3,56
2022-05-12,15817.5,15834.3,15811.45,15817.3,13:55:00,15848.343628449406,3,57
2022-05-12,15807.85,15834.3,15803.95,15818.5,14:00:00,15844.487092406604,3,58
2022-05-12,15792.65,15810.9,15781.7,15807.95,14:05:00,15839.550226463118,3,59
2022-05-12,15790.4,15811.35,15779.6,15793.4,14:10:00,15834.86925251425,3,60
2022-05-12,15763.35,15791.05,15757.65,15790.1,14:15:00,15828.05789513194,3,61
2022-05-12,15782.2,15794.15,15757.4,15764.05,14:20:00,15823.690476547945,3,62
2022-05-12,15777.7,15792.5,15770.85,15781.2,14:25:00,15819.310431162428,3,63
2022-05-12,15740.45,15784.1,15737.65,15777.35,14:30:00,15811.799913908862,3,64
2022-05-12,15754.85,15758.65,15735.75,15740.55,14:35:00,15806.37611258421,3,65
2022-05-12,15777.5,15784.3,15751.95,15755.05,14:40:00,15803.62600662381,3,66
2022-05-12,15800.65,15802.45,15774.85,15776.65,14:45:00,15803.342577421545,3,67
2022-05-12,15817.95,15824.8,15801.25,15801.35,14:50:00,15804.733760524254,3,68
2022-05-12,15824.4,15839.35,15805.6,15818.6,14:55:00,15806.60673571242,3,69
2022-05-12,15785.8,15823.7,15761.75,15823.65,15:00:00,15804.625141835048,3,70
2022-05-12,15790.9,15794.7,15778.9,15787.65,15:05:00,15803.317985469805,3,71
2022-05-12,15817.8,15817.8,15792.45,15792.45,15:10:00,15804.697224948872,3,72
2022-05-12,15822.1,15823.9,15803.4,15818.7,15:15:00,15806.354632096598,3,73
2022-05-12,15825.4,15828.15,15814.1,15823.8,15:20:00,15808.168476658826,3,74
2022-05-12,15821.75,15829.8,15815.3,15825.8,15:25:00,15809.461955072273,3,75
2022-05-13,15935.15,15994.4,15932.8,15994.4,09:15:00,15821.432245065387,4,1
2022-05-13,15966.05,15976.95,15923.05,15934.15,09:20:00,15835.20536458297,4,2
2022-05-13,16015.05,16015.55,15965.4,15965.4,09:25:00,15852.333425098876,4,3
2022-05-13,16015.25,16032.3,16015.25,16016.45,09:30:00,15867.849289375175,4,4
2022-05-13,15949.35,16020.05,15948.55,16014.9,09:35:00,15875.611261815637,4,5
2022-05-13,15964.35,15978.35,15929.75,15950.8,09:40:00,15884.062570214146,4,6
2022-05-13,15940.55,15963.1,15929.95,15962.4,09:45:00,15889.442325431846,4,7
2022-05-13,15949.15,15959.35,15935.75,15940.5,09:50:00,15895.128770628811,4,8
2022-05-13,15915.55,15952.65,15911.9,15949.25,09:55:00,15897.073649616545,4,9
2022-05-13,15922.65,15940.9,15909.7,15914.1,10:00:00,15899.509492510206,4,10
2022-05-13,15914.45,15938.5,15900.7,15922.3,10:05:00,15900.932397985423,4,11
2022-05-13,15892.8,15915.55,15888.85,15913.8,10:10:00,15900.157883891574,4,12
2022-05-13,15928.85,15929.45,15886.6,15891.95,10:15:00,15902.89046637809,4,13
2022-05-13,15944.6,15959.05,15928.75,15929.3,10:20:00,15906.86280291351,4,14
2022-05-13,15946.4,15957.05,15944.05,15945.05,10:25:00,15910.628250255082,4,15
2022-05-13,15971.2,15971.55,15946.2,15946.2,10:30:00,15916.396988326023,4,16
2022-05-13,15968.3,15975.3,15959.0,15970.7,10:35:00,15921.340132294974,4,17
2022-05-13,15966.0,15969.15,15953.7,15969.1,10:40:00,15925.593453028783,4,18
2022-05-13,15981.7,15981.7,15956.7,15965.9,10:45:00,15930.936933692712,4,19
2022-05-13,15995.15,15996.8,15974.8,15981.95,10:50:00,15937.052463817216,4,20
2022-05-13,15981.65,15995.8,15971.1,15995.5,10:55:00,15941.299848215574,4,21
2022-05-13,16000.6,16010.1,15981.35,15984.8,11:00:00,15946.947481718851,4,22
2022-05-13,16005.25,16007.3,15996.6,16000.45,11:05:00,15952.500102507533,4,23
2022-05-13,16003.05,16008.15,15993.85,16005.7,11:10:00,15957.314378459196,4,24
2022-05-13,15995.25,16006.6,15983.65,16003.5,11:15:00,15960.927294796416,4,25
2022-05-13,15974.9,15999.2,15969.35,15995.5,11:20:00,15962.258028625329,4,26
2022-05-13,15984.15,15994.0,15969.85,15974.8,11:25:00,15964.34297828006,4,27
2022-05-13,16005.8,16006.55,15984.0,15984.4,11:30:00,15968.291266062912,4,28
2022-05-13,16024.45,16026.95,15998.25,16006.9,11:35:00,15973.639716914064,4,29
2022-05-13,16012.05,16026.65,16008.75,16025.15,11:40:00,15977.297839112724,4,30
2022-05-13,16021.6,16022.0,16003.15,16012.5,11:45:00,15981.51709253056,4,31
2022-05-13,16037.1,16049.6,16021.75,16022.45,11:50:00,15986.810702765746,4,32
2022-05-13,16029.35,16056.55,16029.35,16037.05,11:55:00,15990.862064407103,4,33
2022-05-13,16034.75,16041.9,16018.8,16029.75,12:00:00,15995.041867796905,4,34
2022-05-13,16030.95,16042.4,16018.1,16035.55,12:05:00,15998.461689911484,4,35
2022-05-13,16026.0,16035.65,16020.05,16031.9,12:10:00,16001.08438611039,4,36
2022-05-13,16040.35,16040.35,16013.55,16027.0,12:15:00,16004.82396838559,4,37
2022-05-13,16042.8,16052.9,16037.1,16042.0,12:20:00,16008.440733301248,4,38
2022-05-13,16024.7,16045.0,16022.9,16043.25,12:25:00,16009.989234891606,4,39
2022-05-13,16007.4,16041.0,16004.55,16024.65,12:30:00,16009.742641092404,4,40
2022-05-13,16006.0,16013.25,15996.7,16006.5,12:35:00,16009.386199083605,4,41
2022-05-13,16031.1,16038.45,16008.1,16008.1,12:40:00,16011.45418012326,4,42
2022-05-13,16019.7,16041.8,16015.7,16031.95,12:45:00,16012.239496301998,4,43
2022-05-13,16042.0,16043.7,16012.4,16020.35,12:50:00,16015.07382998752,4,44
2022-05-13,16040.4,16043.0,16014.7,16040.85,12:55:00,16017.485846179185,4,45
2022-05-13,16042.5,16049.9,16033.5,16040.85,13:00:00,16019.868146543073,4,46
2022-05-13,16050.0,16050.75,16039.1,16041.65,13:05:00,16022.737846872304,4,47
2022-05-13,16076.35,16076.45,16032.4,16049.1,13:10:00,16027.843766217798,4,48
2022-05-13,16065.7,16083.6,16064.8,16075.7,13:15:00,16031.449121816102,4,49
2022-05-13,16057.6,16075.0,16042.35,16065.3,13:20:00,16033.93968164314,4,50
2022-05-13,16033.75,16067.1,16027.45,16060.75,13:25:00,16033.921616724743,4,51
2022-05-13,16058.95,16065.35,16033.45,16035.2,13:30:00,16036.305272274769,4,52
2022-05-13,16067.3,16079.15,16055.85,16059.3,13:35:00,16039.257151105743,4,53
2022-05-13,16040.05,16069.0,16040.05,16067.8,13:40:00,16039.332660524244,4,54
2022-05-13,16043.9,16052.8,16034.65,16040.8,13:45:00,16039.76764523622,4,55
2022-05-13,16040.0,16045.35,16026.85,16044.3,13:50:00,16039.789774261342,4,56
2022-05-13,16022.7,16051.95,16021.55,16042.5,13:55:00,16038.162176712643,4,57
2022-05-13,16008.65,16034.5,16001.2,16025.05,14:00:00,16035.351493216202,4,58
2022-05-13,15965.3,16029.3,15959.1,16009.35,14:05:00,16028.679922433706,4,59
2022-05-13,15935.55,15967.9,15929.05,15967.6,14:10:00,16019.810406011447,4,60
2022-05-13,15874.45,15949.55,15873.95,15934.8,14:15:00,16005.966557819882,4,61
2022-05-13,15908.05,15908.6,15860.2,15871.95,14:20:00,15996.641171360843,4,62
2022-05-13,15862.3,15905.9,15861.85,15905.9,14:25:00,15983.846774088384,4,63
2022-05-13,15857.7,15901.25,15841.1,15867.45,14:30:00,15971.832795603774,4,64
2022-05-13,15871.95,15877.95,15837.35,15857.6,14:35:00,15962.320148403414,4,65
2022-05-13,15845.85,15899.0,15845.85,15874.15,14:40:00,15951.227753317376,4,66
2022-05-13,15869.4,15878.4,15839.95,15847.9,14:45:00,15943.434633953815,4,67
2022-05-13,15847.75,15874.15,15847.5,15871.2,14:50:00,15934.321811672498,4,68
2022-05-13,15853.45,15859.95,15826.9,15848.2,14:55:00,15926.619734370355,4,69
2022-05-13,15807.25,15875.75,15790.3,15857.1,15:00:00,15915.251188239848,4,70
2022-05-13,15777.55,15807.8,15773.75,15805.25,15:05:00,15902.136789359862,4,71
2022-05-13,15753.35,15785.6,15740.85,15777.85,15:10:00,15887.966618944636,4,72
2022-05-13,15777.5,15785.85,15750.55,15754.9,15:15:00,15877.445988568958,4,73
2022-05-13,15772.7,15791.0,15768.2,15777.05,15:20:00,15867.470180133818,4,74
2022-05-13,15770.5,15776.4,15759.0,15772.95,15:25:00,15858.23492488298,4,75
2022-05-16,15781.25,15855.2,15739.65,15853.15,09:15:00,15850.903027275075,0,1
2022-05-16,15870.6,15873.5,15781.1,15781.1,09:20:00,15852.778929439355,0,2
2022-05-16,15886.6,15904.35,15864.8,15870.45,09:25:00,15855.999983778464,0,3
2022-05-16,15910.95,15912.6,15887.3,15888.8,09:30:00,15861.233318656708,0,4
2022-05-16,15937.85,15939.6,15912.35,15914.8,09:35:00,15868.530145451306,0,5
2022-05-16,15927.85,15947.9,15923.1,15938.0,09:40:00,15874.179655408328,0,6
2022-05-16,15972.3,15972.7,15915.25,15927.6,09:45:00,15883.524450131345,0,7
2022-05-16,15961.5,15976.3,15949.7,15973.0,09:50:00,15890.950692975975,0,8
2022-05-16,15939.9,15977.95,15937.9,15961.75,09:55:00,15895.612531740171,0,9
2022-05-16,15927.75,15950.35,15923.95,15940.0,10:00:00,15898.673243003012,0,10
2022-05-16,15946.3,15958.3,15928.05,15928.05,10:05:00,15903.209124621771,0,11
2022-05-16,15944.3,15962.35,15938.75,15945.15,10:10:00,15907.12254132446,0,12
2022-05-16,15922.3,15949.35,15914.6,15942.65,10:15:00,15908.568013579272,0,13
2022-05-16,15923.3,15939.05,15911.55,15922.45,10:20:00,15909.971059905056,0,14
2022-05-16,15925.4,15939.15,15921.1,15924.0,10:25:00,15911.440482771242,0,15
2022-05-16,15926.0,15929.9,15915.1,15925.7,10:30:00,15912.827103459696,0,16
2022-05-16,15938.3,15938.8,15914.0,15926.3,10:35:00,15915.25309360639,0,17
2022-05-16,15932.25,15953.7,15927.55,15939.65,10:40:00,15916.871846596256,0,18
2022-05-16,15925.9,15938.45,15920.75,15932.5,10:45:00,15917.731670729949,0,19
2022-05-16,15910.6,15934.05,15909.85,15926.85,10:50:00,15917.05246399376,0,20
2022-05-16,15911.05,15915.7,15887.55,15906.65,10:55:00,15916.48080075626,0,21
2022-05-16,15919.6,15922.15,15907.05,15912.05,11:00:00,15916.777867350902,0,22
2022-05-16,15933.05,15939.9,15918.85,15919.9,11:05:00,15918.327594269864,0,23
2022-05-16,15928.4,15939.65,15920.75,15932.75,11:10:00,15919.286871006068,0,24
2022-05-16,15922.2,15933.2,15921.35,15928.6,11:15:00,15919.564311862632,0,25
2022-05-16,15900.65,15922.8,15882.3,15922.05,11:20:00,15917.762948828096,0,26
2022-05-16,15892.55,15908.85,15888.8,15899.75,11:25:00,15915.361715606374,0,27
2022-05-16,15897.95,15905.85,15893.55,15893.55,11:30:00,15913.703456977197,0,28
2022-05-16,15872.35,15898.15,15871.4,15897.35,11:35:00,15909.765032503175,0,29
2022-05-16,15860.35,15876.75,15843.2,15873.65,11:40:00,15905.058838931443,0,30
2022-05-16,15853.5,15870.0,15848.95,15860.9,11:45:00,15900.148473318926,0,31
2022-05-16,15841.3,15866.25,15839.65,15853.65,11:50:00,15894.54385681236,0,32
2022-05-16,15843.1,15857.4,15841.25,15842.2,11:55:00,15889.64444187785,0,33
2022-05-16,15816.25,15850.8,15814.65,15842.9,12:00:00,15882.65449503234,0,34
2022-05-16,15830.9,15844.55,15804.15,15815.75,12:05:00,15877.725495505452,0,35
2022-05-16,15813.55,15832.9,15806.55,15831.5,12:10:00,15871.613543552552,0,36
2022-05-16,15843.35,15847.0,15804.9,15812.8,12:15:00,15868.921777499929,0,37
2022-05-16,15853.0,15863.3,15838.3,15842.7,12:20:00,15867.40541773803,0,38
2022-05-16,15833.15,15858.1,15826.55,15853.05,12:25:00,15864.142997001074,0,39
2022-05-16,15862.65,15862.95,15827.45,15833.0,12:30:00,15864.000806810496,0,40
2022-05-16,15824.3,15863.2,15819.95,15862.6,12:35:00,15860.21977759045,0,41
2022-05-16,15789.55,15824.4,15781.3,15824.4,12:40:00,15853.489322581836,0,42
2022-05-16,15775.25,15789.75,15767.6,15787.0,12:45:00,15846.037958526422,0,43
2022-05-16,15803.0,15811.45,15768.7,15773.65,12:50:00,15841.93910533343,0,44
2022-05-16,15830.8,15839.3,15803.0,15803.2,12:55:00,15840.878238158815,0,45
2022-05-16,15833.05,15845.8,15819.55,15836.05,13:00:00,15840.1326916675,0,46
2022-05-16,15811.8,15834.75,15811.55,15834.75,13:05:00,15837.43434008012,0,47
2022-05-16,15811.1,15822.4,15807.65,15812.1,13:10:00,15834.926307691538,0,48
2022-05-16,15833.4,15842.55,15802.85,15811.7,13:15:00,15834.780945054248,0,49
2022-05-16,15835.05,15840.25,15830.75,15833.35,13:20:00,15834.806569334796,0,50
2022-05-16,15826.75,15839.6,15820.5,15835.3,13:25:00,15834.039277017197,0,51
2022-05-16,15851.95,15858.85,15826.45,15826.45,13:30:00,15835.745060158417,0,52
2022-05-16,15855.15,15855.45,15834.85,15852.05,13:35:00,15837.593149667138,0,53
2022-05-16,15873.15,15880.2,15855.2,15855.4,13:40:00,15840.979516365507,0,54
2022-05-16,15871.15,15886.1,15868.9,15874.15,13:45:00,15843.852895759268,0,55
2022-05-16,15882.8,15882.8,15854.45,15871.45,13:50:00,15847.562143782194,0,56
2022-05-16,15872.65,15884.45,15839.75,15883.2,13:55:00,15849.951463421983,0,57
2022-05-16,15899.65,15901.25,15872.15,15872.15,14:00:00,15854.684657381797,0,58
2022-05-16,15899.65,15904.5,15888.55,15899.9,14:05:00,15858.967070964483,0,59
2022-05-16,15875.0,15900.0,15870.6,15899.95,14:10:00,15860.494016586914,0,60
2022-05-16,15878.35,15888.95,15874.95,15874.95,14:15:00,15862.19458643578,0,61
2022-05-16,15896.8,15896.8,15837.0,15877.9,14:20:00,15865.490340108565,0,62
2022-05-16,15889.3,15902.9,15883.75,15897.1,14:25:00,15867.75792676489,0,63
2022-05-16,15874.85,15894.6,15868.75,15888.05,14:30:00,15868.43336231109,0,64
2022-05-16,15874.9,15881.4,15867.2,15875.85,14:35:00,15869.049232567177,0,65
2022-05-16,15892.9,15894.95,15866.2,15875.05,14:40:00,15871.320734227444,0,66
2022-05-16,15874.7,15901.55,15869.05,15893.4,14:45:00,15871.642569062928,0,67
2022-05-16,15875.0,15881.7,15861.0,15874.9,14:50:00,15871.962324390268,0,68
2022-05-16,15853.5,15875.2,15847.1,15875.2,14:55:00,15870.204007781673,0,69
2022-05-16,15844.15,15856.85,15827.1,15854.7,15:00:00,15867.722673707229,0,70
2022-05-16,15819.8,15846.35,15819.8,15844.55,15:05:00,15863.158609544633,0,71
2022-05-16,15822.4,15830.1,15809.15,15818.85,15:10:00,15859.276837207048,0,72
2022-05-16,15856.75,15856.75,15818.8,15822.2,15:15:00,15859.036186044472,0,73
2022-05-16,15863.6,15866.95,15851.1,15857.2,15:20:00,15859.47083499262,0,74
2022-05-16,15863.4,15866.55,15855.5,15863.95,15:25:00,15859.845041183797,0,75
2022-05-17,15946.0,15954.4,15900.8,15917.4,09:15:00,15868.050275356769,1,1
2022-05-17,15961.35,15964.55,15935.45,15946.1,09:20:00,15876.935963418027,1,2
2022-05-17,15965.15,15973.2,15951.45,15961.1,09:25:00,15885.337300235358,1,3
2022-05-17,15956.65,15977.5,15954.5,15966.85,09:30:00,15892.128985927227,1,4
2022-05-17,15956.8,15960.85,15940.15,15955.7,09:35:00,15898.288130124634,1,5
2022-05-17,15964.7,15964.7,15948.5,15957.2,09:40:00,15904.613070112766,1,6
2022-05-17,15934.3,15964.75,15934.3,15964.75,09:45:00,15907.440396768692,1,7
2022-05-17,15946.75,15950.65,15922.55,15933.85,09:50:00,15911.184168505008,1,8
2022-05-17,15954.05,15955.3,15935.9,15945.85,09:55:00,15915.266628647389,1,9
2022-05-17,15951.35,15973.85,15948.15,15953.0,10:00:00,15918.703140204778,1,10
2022-05-17,15953.15,15956.85,15937.4,15950.3,10:05:00,15921.98379351861,1,11
2022-05-17,15987.45,15990.0,15952.65,15954.85,10:10:00,15928.21867032636,1,12
2022-05-17,16007.65,16008.1,15986.65,15986.65,10:15:00,15935.783558866708,1,13
2022-05-17,16024.4,16031.45,16005.95,16006.9,10:20:00,15944.223219927022,1,14
2022-05-17,16031.8,16035.3,16018.35,16024.1,10:25:00,15952.56386564826,1,15
2022-05-17,16044.6,16049.7,16027.85,16031.85,10:30:00,15961.329211776996,1,16
2022-05-17,16053.55,16060.65,16043.85,16044.0,10:35:00,15970.11214398871,1,17
2022-05-17,16071.7,16073.35,16052.0,16053.7,10:40:00,15979.787177894546,1,18
2022-05-17,16081.85,16085.65,16068.45,16071.4,10:45:00,15989.507446666496,1,19
2022-05-17,16091.05,16093.35,16069.85,16081.2,10:50:00,15999.178166031592,1,20
2022-05-17,16097.9,16111.3,16091.45,16091.9,10:55:00,16008.580245457157,1,21
2022-05-17,16086.3,16112.15,16083.35,16098.2,11:00:00,16015.982126842187,1,22
2022-05-17,16086.9,16095.35,16078.9,16084.45,11:05:00,16022.736210000076,1,23
2022-05-17,16077.8,16093.1,16075.25,16087.3,11:10:00,16027.98038047626,1,24
2022-05-17,16087.7,16090.5,16071.0,16076.05,11:15:00,16033.667963288044,1,25
2022-05-17,16107.35,16107.6,16087.85,16087.85,11:20:00,16040.685300117751,1,26
2022-05-17,16124.2,16128.35,16107.75,16107.75,11:25:00,16048.63908105892,1,27
2022-05-17,16129.25,16132.45,16120.8,16123.1,11:30:00,16056.31631143426,1,28
2022-05-17,16141.8,16141.95,16123.45,16129.5,11:35:00,16064.457615107189,1,29
2022-05-17,16143.4,16153.0,16137.5,16142.45,11:40:00,16071.975937477931,1,30
2022-05-17,16136.75,16146.9,16126.35,16143.75,11:45:00,16078.144895813368,1,31
2022-05-17,16126.15,16137.8,16125.25,16137.6,11:50:00,16082.716810497808,1,32
2022-05-17,16115.9,16132.5,16115.9,16125.5,11:55:00,16085.877114259922,1,33
2022-05-17,16115.15,16130.05,16111.05,16115.05,12:00:00,16088.66500813993,1,34
2022-05-17,16125.65,16132.45,16114.75,16114.75,12:05:00,16092.18738831708,1,35
2022-05-17,16104.8,16130.45,16103.9,16125.8,12:10:00,16093.388589429738,1,36
2022-05-17,16119.25,16127.55,16102.9,16104.35,12:15:00,16095.85158091262,1,37
2022-05-17,16125.9,16133.15,16113.15,16118.95,12:20:00,16098.713335111415,1,38
2022-05-17,16129.95,16135.2,16115.6,16126.45,12:25:00,16101.688255576995,1,39
2022-05-17,16137.75,16138.1,16123.0,16131.0,12:30:00,16105.122707426804,1,40
2022-05-17,16139.65,16147.0,16133.4,16138.5,12:35:00,16108.411021005204,1,41
2022-05-17,16138.8,16140.1,16127.95,16140.1,12:40:00,16111.3052094809,1,42
2022-05-17,16161.2,16162.65,16132.3,16139.3,12:45:00,16116.057094292242,1,43
2022-05-17,16162.7,16169.3,16154.4,16161.55,12:50:00,16120.49927578822,1,44
2022-05-17,16149.4,16167.15,16144.2,16162.4,12:55:00,16123.25172571315,1,45
2022-05-17,16153.5,16167.5,16148.65,16149.65,13:00:00,16126.132513740467,1,46
2022-05-17,16159.95,16162.0,16149.4,16153.85,13:05:00,16129.353226717563,1,47
2022-05-17,16172.35,16172.5,16154.25,16160.2,13:10:00,16133.44815750637,1,48
2022-05-17,16168.95,16182.5,16163.65,16173.75,13:15:00,16136.829285362905,1,49
2022-05-17,16147.75,16172.0,16143.4,16170.3,13:20:00,16137.86935342358,1,50
2022-05-17,16142.9,16148.7,16124.3,16148.15,13:25:00,16138.348462621334,1,51
2022-05-17,16161.45,16163.25,16141.0,16142.5,13:30:00,16140.54860903835,1,52
2022-05-17,16174.45,16175.3,16161.1,16162.6,13:35:00,16143.77731293946,1,53
2022-05-17,16161.6,16174.8,16159.6,16174.25,13:40:00,16145.474711707133,1,54
2022-05-17,16152.9,16168.25,16147.8,16162.65,13:45:00,16146.181882020735,1,55
2022-05-17,16156.5,16163.1,16145.15,16153.7,13:50:00,16147.164559923523,1,56
2022-05-17,16180.5,16184.6,16151.5,16155.4,13:55:00,16150.339363740331,1,57
2022-05-17,16194.1,16197.85,16178.55,16182.8,14:00:00,16154.50704338411,1,58
2022-05-17,16204.5,16210.25,16190.65,16193.45,14:05:00,16159.268277347528,1,59
2022-05-17,16217.0,16218.4,16194.95,16204.3,14:10:00,16164.766536647763,1,60
2022-05-17,16217.15,16219.05,16207.85,16218.55,14:15:00,16169.755437919404,1,61
2022-05-17,16224.25,16226.2,16202.05,16215.6,14:20:00,16174.945396212794,1,62
2022-05-17,16220.75,16226.55,16209.8,16224.5,14:25:00,16179.307739430624,1,63
2022-05-17,16222.8,16222.8,16207.25,16220.85,14:30:00,16183.44985948485,1,64
2022-05-17,16209.75,16225.45,16209.75,16223.45,14:35:00,16185.954634772006,1,65
2022-05-17,16234.15,16244.2,16191.4,16209.7,14:40:00,16190.544669555626,1,66
2022-05-17,16240.3,16240.3,16228.85,16235.25,14:45:00,16195.28327245509,1,67
2022-05-17,16241.35,16248.0,16232.15,16240.55,14:50:00,16199.670579840318,1,68
2022-05-17,16249.05,16252.95,16238.45,16242.1,14:55:00,16204.373381760288,1,69
2022-05-17,16259.45,16267.5,16245.05,16249.9,15:00:00,16209.618773973594,1,70
2022-05-17,16231.7,16260.15,16231.7,16259.7,15:05:00,16211.72174788087,1,71
2022-05-17,16248.1,16252.25,16226.05,16231.2,15:10:00,16215.186343320787,1,72
2022-05-17,16270.85,16272.15,16244.95,16248.55,15:15:00,16220.487643956903,1,73
2022-05-17,16273.1,16278.6,16267.3,16270.15,15:20:00,16225.498344532436,1,74
2022-05-17,16280.45,16284.25,16268.2,16272.95,15:25:00,16230.731835529346,1,75
2022-05-18,16356.45,16356.9,16278.4,16327.0,09:15:00,16253.53785175985,2,1
2022-05-18,16363.6,16369.4,16335.35,16355.55,09:20:00,16264.019961116051,2,2
2022-05-18,16368.0,16376.3,16350.8,16362.8,09:25:00,16273.922821962144,2,3
2022-05-18,16338.75,16370.7,16338.75,16369.15,09:30:00,16280.096838918127,2,4
2022-05-18,16357.3,16359.95,16326.2,16339.05,09:35:00,16287.449520925928,2,5
2022-05-18,16383.4,16392.4,16354.95,16356.85,09:40:00,16296.587661790123,2,6
2022-05-18,16394.9,16397.0,16376.55,16385.9,09:45:00,16305.950741619634,2,7
2022-05-18,16393.0,16399.8,16386.6,16395.7,09:50:00,16314.24114717967,2,8
2022-05-18,16380.65,16394.9,16380.65,16391.9,09:55:00,16320.565799829224,2,9
2022-05-18,16345.4,16382.6,16343.45,16381.65,10:00:00,16322.930961750251,2,10
2022-05-18,16310.45,16347.15,16307.6,16343.15,10:05:00,16321.742298726418,2,11
2022-05-18,16339.8,16345.1,16310.55,16311.0,10:10:00,16323.462079800092,2,12
2022-05-18,16328.0,16341.1,16302.45,16340.05,10:15:00,16323.894262676273,2,13
2022-05-18,16332.5,16342.25,16316.4,16328.25,10:20:00,16324.713856707103,2,14
2022-05-18,16331.05,16340.9,16324.25,16332.35,10:25:00,16325.317298925476,2,15
2022-05-18,16348.85,16348.85,16316.55,16331.35,10:30:00,16327.55850855162,2,16
2022-05-18,16364.5,16372.5,16348.05,16349.1,10:35:00,16331.07674583242,2,17
2022-05-18,16369.25,16373.05,16364.15,16364.3,10:40:00,16334.71229384838,2,18
2022-05-18,16363.1,16370.6,16348.35,16369.6,10:45:00,16337.41588491044,2,19
2022-05-18,16350.4,16368.3,16347.85,16362.8,10:50:00,16338.65246729992,2,20
2022-05-18,16334.9,16353.8,16333.55,16350.45,10:55:00,16338.295089461832,2,21
2022-05-18,16348.8,16348.8,16330.05,16335.6,11:00:00,16339.295557132134,2,22
2022-05-18,16322.6,16349.1,16320.8,16348.65,11:05:00,16337.705504071932,2,23
2022-05-18,16333.2,16337.2,16308.5,16322.85,11:10:00,16337.276408446032,2,24
2022-05-18,16337.35,16341.95,16324.4,16333.4,11:15:00,16337.283417165458,2,25
2022-05-18,16328.75,16341.65,16325.4,16337.95,11:20:00,16336.470710768748,2,26
2022-05-18,16350.1,16355.0,16329.3,16329.35,11:25:00,16337.768738314582,2,27
2022-05-18,16362.8,16364.95,16346.8,16350.7,11:30:00,16340.152667998907,2,28
2022-05-18,16358.05,16365.35,16352.0,16362.35,11:35:00,16341.857175808536,2,29
2022-05-18,16350.7,16355.75,16339.15,16355.45,11:40:00,16342.699349541055,2,30
2022-05-18,16350.4,16359.5,16347.25,16350.75,11:45:00,16343.43274482286,2,31
2022-05-18,16345.0,16362.35,16335.35,16349.75,11:50:00,16343.582007220682,2,32
2022-05-18,16352.25,16361.4,16345.45,16345.6,11:55:00,16344.407530342523,2,33
2022-05-18,16346.3,16357.9,16344.0,16353.05,12:00:00,16344.587765547996,2,34
2022-05-18,16346.2,16352.65,16339.95,16346.5,12:05:00,16344.741311686284,2,35
2022-05-18,16331.95,16350.25,16326.05,16345.95,12:10:00,16343.523091525683,2,36
2022-05-18,16298.05,16332.15,16297.3,16332.15,12:15:00,16339.192320904189,2,37
2022-05-18,16260.05,16298.25,16258.65,16298.25,12:20:00,16331.654957008552,2,38
2022-05-18,16247.6,16270.8,16240.45,16259.7,12:25:00,16323.649723007737,2,39
2022-05-18,16230.9,16268.6,16226.35,16248.4,12:30:00,16314.816416054618,2,40
2022-05-18,16264.4,16265.05,16219.45,16232.65,12:35:00,16310.014852620843,2,41
2022-05-18,16233.5,16264.95,16231.85,16264.5,12:40:00,16302.727723799811,2,42
2022-05-18,16234.2,16240.65,16211.2,16232.6,12:45:00,16296.201273914116,2,43
2022-05-18,16248.8,16259.7,16235.45,16235.45,12:50:00,16291.686866874676,2,44
2022-05-18,16257.05,16259.45,16245.2,16249.25,12:55:00,16288.388117648516,2,45
2022-05-18,16252.4,16271.85,16245.3,16258.0,13:00:00,16284.960677872466,2,46
2022-05-18,16236.75,16256.55,16233.75,16252.85,13:05:00,16280.369184741756,2,47
2022-05-18,16260.4,16260.4,16233.9,16238.05,13:10:00,16278.467357623496,2,48
2022-05-18,16256.7,16267.55,16253.4,16260.0,13:15:00,16276.394275945066,2,49
2022-05-18,16231.35,16257.2,16230.85,16256.95,13:20:00,16272.104344902678,2,50
2022-05-18,16258.45,16266.4,16227.4,16229.9,13:25:00,16270.803931102422,2,51
2022-05-18,16319.95,16322.2,16256.15,16259.05,13:30:00,16275.484509092666,2,52
2022-05-18,16340.25,16343.35,16319.95,16320.8,13:35:00,16281.65265108384,2,53
2022-05-18,16346.45,16354.7,16337.45,16341.2,13:40:00,16287.823827171094,2,54
2022-05-18,16324.7,16349.6,16323.0,16345.95,13:45:00,16291.33584363099,2,55
2022-05-18,16303.25,16328.9,16299.85,16325.45,13:50:00,16292.470525189943,2,56
2022-05-18,16329.9,16334.45,16302.45,16303.1,13:55:00,16296.035237076616,2,57
2022-05-18,16313.05,16330.65,16308.25,16330.15,14:00:00,16297.655690688369,2,58
2022-05-18,16265.0,16317.0,16258.8,16312.0,14:05:00,16294.545624908522,2,59
2022-05-18,16263.75,16272.9,16251.8,16266.0,14:10:00,16291.612708250566,2,60
2022-05-18,16254.1,16275.95,16237.2,16264.25,14:15:00,16288.04006936956,2,61
2022-05-18,16259.5,16284.25,16249.9,16254.8,14:20:00,16285.321967524838,2,62
2022-05-18,16273.75,16283.55,16254.1,16258.9,14:25:00,16284.219875379616,2,63
2022-05-18,16256.1,16279.35,16256.1,16272.2,14:30:00,16281.54179201013,2,64
2022-05-18,16270.9,16276.9,16253.3,16256.2,14:35:00,16280.528288009164,2,65
2022-05-18,16270.9,16281.6,16269.7,16270.85,14:40:00,16279.61130819877,2,66
2022-05-18,16237.4,16295.15,16232.6,16270.75,14:45:00,16275.59118360841,2,67
2022-05-18,16265.0,16270.6,16236.95,16237.65,14:50:00,16274.582499455228,2,68
2022-05-18,16268.4,16272.2,16259.55,16264.95,14:55:00,16273.9936899833,2,69
2022-05-18,16240.25,16264.25,16226.85,16263.8,15:00:00,16270.780005222989,2,70
2022-05-18,16245.35,16254.5,16227.05,16240.7,15:05:00,16268.358099963654,2,71
2022-05-18,16235.3,16248.95,16235.3,16246.45,15:10:00,16265.209709490926,2,72
2022-05-18,16241.25,16244.05,16233.8,16237.1,15:15:00,16262.927832396552,2,73
2022-05-18,16244.95,16246.9,16233.55,16241.1,15:20:00,16261.215657882594,2,74
2022-05-18,16256.45,16256.45,16239.75,16244.35,15:25:00,16260.7617857033,2,75
2022-05-19,15923.9,15984.75,15913.5,15942.35,09:15:00,16228.679710874414,3,1
2022-05-19,15937.25,15937.8,15904.65,15924.95,09:20:00,16200.924500314946,3,2
2022-05-19,15943.55,15960.9,15933.6,15935.6,09:25:00,16176.412643142094,3,3
2022-05-19,15943.35,15950.45,15926.1,15942.65,09:30:00,16154.216200938085,3,4
2022-05-19,15949.8,15957.65,15935.9,15943.4,09:35:00,16134.747991324934,3,5
2022-05-19,15919.4,15950.25,15911.05,15950.25,09:40:00,16114.238658817798,3,6
2022-05-19,15920.55,15926.5,15903.8,15919.7,09:45:00,16095.79211988277,3,7
2022-05-19,15932.4,15935.6,15917.8,15919.6,09:50:00,16080.23096560822,3,8
2022-05-19,15948.7,15949.7,15929.25,15934.1,09:55:00,16067.704206978864,3,9
2022-05-19,15940.65,15948.4,15931.9,15948.4,10:00:00,16055.60380631421,3,10
2022-05-19,15950.9,15966.8,15936.75,15939.85,10:05:00,16045.632015236666,3,11
2022-05-19,15951.65,15953.0,15939.2,15952.1,10:10:00,16036.681347118889,3,12
2022-05-19,15954.8,15959.7,15938.95,15951.8,10:15:00,16028.883123583755,3,13
2022-05-19,15948.9,15959.3,15945.95,15954.6,10:20:00,16021.265683242447,3,14
2022-05-19,15939.95,15949.4,15932.3,15948.8,10:25:00,16013.521332457452,3,15
2022-05-19,15945.3,15953.05,15938.5,15940.15,10:30:00,16007.0240626996,3,16
2022-05-19,15948.75,15950.6,15941.35,15944.35,10:35:00,16001.474151966304,3,17
2022-05-19,15934.3,15953.7,15930.55,15948.6,10:40:00,15995.076613683796,3,18
2022-05-19,15937.5,15939.65,15921.75,15935.15,10:45:00,15989.593126666294,3,19
2022-05-19,15940.4,15944.35,15937.3,15938.05,10:50:00,15984.90806698379,3,20
2022-05-19,15946.7,15950.2,15938.0,15941.25,10:55:00,15981.269203461525,3,21
2022-05-19,15936.9,15954.8,15934.1,15946.3,11:00:00,15977.043565036616,3,22
2022-05-19,15920.85,15937.2,15914.3,15935.45,11:05:00,15971.69179693789,3,23
2022-05-19,15927.65,15931.95,15919.6,15920.55,11:10:00,15967.497340086662,3,24
2022-05-19,15905.7,15927.95,15904.35,15927.45,11:15:00,15961.611879126029,3,25
2022-05-19,15887.1,15916.15,15883.45,15903.6,11:20:00,15954.515509685454,3,26
2022-05-19,15885.8,15896.3,15878.05,15890.25,11:25:00,15947.971175429697,3,27
2022-05-19,15877.2,15898.85,15868.0,15885.5,11:30:00,15941.23106348401,3,28
2022-05-19,15883.6,15884.55,15868.8,15879.0,11:35:00,15935.742390771247,3,29
2022-05-19,15887.35,15893.75,15874.55,15884.45,11:40:00,15931.133591650178,3,30
2022-05-19,15884.75,15890.65,15880.35,15888.45,11:45:00,15926.716106731114,3,31
2022-05-19,15870.65,15887.5,15869.55,15885.35,11:50:00,15921.376477518626,3,32
2022-05-19,15874.7,15880.25,15870.35,15871.4,11:55:00,15916.93109870733,3,33
2022-05-19,15881.7,15889.6,15867.7,15875.2,12:00:00,15913.575755973296,3,34
2022-05-19,15875.6,15884.1,15873.15,15880.7,12:05:00,15909.959017309176,3,35
2022-05-19,15860.6,15880.3,15860.25,15875.85,12:10:00,15905.258158517823,3,36
2022-05-19,15870.3,15875.5,15858.85,15859.9,12:15:00,15901.928810087556,3,37
2022-05-19,15866.1,15872.5,15860.8,15869.7,12:20:00,15898.51654246017,3,38
2022-05-19,15870.6,15887.8,15855.5,15866.55,12:25:00,15895.85782413063,3,39
2022-05-19,15855.9,15871.65,15851.3,15871.65,12:30:00,15892.052317070573,3,40
2022-05-19,15861.3,15863.3,15850.8,15858.15,12:35:00,15889.123524968612,3,41
2022-05-19,15845.7,15862.55,15843.75,15861.25,12:40:00,15884.987951162078,3,42
2022-05-19,15840.95,15853.65,15840.05,15846.25,12:45:00,15880.793860575212,3,43
2022-05-19,15842.3,15847.35,15837.1,15840.45,12:50:00,15877.127778615668,3,44
2022-05-19,15838.55,15853.35,15836.65,15843.3,12:55:00,15873.453704461794,3,45
2022-05-19,15838.65,15843.1,15831.05,15839.9,13:00:00,15870.13906594162,3,46
2022-05-19,15812.4,15839.3,15811.45,15838.2,13:05:00,15864.640107280513,3,47
2022-05-19,15823.55,15825.5,15810.35,15813.2,13:10:00,15860.726763729988,3,48
2022-05-19,15840.4,15846.8,15824.55,15824.6,13:15:00,15858.79088146999,3,49
2022-05-19,15831.65,15844.75,15829.65,15840.6,13:20:00,15856.206035615704,3,50
2022-05-19,15855.45,15861.65,15830.35,15832.15,13:25:00,15856.134032223732,3,51
2022-05-19,15836.15,15864.35,15835.45,15856.45,13:30:00,15854.230791059568,3,52
2022-05-19,15836.75,15837.95,15819.95,15836.0,13:35:00,15852.5659538158,3,53
2022-05-19,15850.75,15853.15,15834.4,15836.85,13:40:00,15852.393005833344,3,54
2022-05-19,15842.75,15858.2,15841.4,15852.45,13:45:00,15851.474624325409,3,55
2022-05-19,15850.8,15853.35,15836.4,15843.5,13:50:00,15851.410374389654,3,56
2022-05-19,15850.9,15859.95,15843.85,15851.55,13:55:00,15851.361767304925,3,57
2022-05-19,15848.2,15856.2,15845.95,15850.6,14:00:00,15851.060646609218,3,58
2022-05-19,15833.9,15851.9,15830.0,15848.4,14:05:00,15849.4262993131,3,59
2022-05-19,15815.4,15838.3,15815.4,15834.45,14:10:00,15846.18569937852,3,60
2022-05-19,15809.7,15825.75,15809.25,15816.1,14:15:00,15842.710870866282,3,61
2022-05-19,15831.65,15833.65,15806.35,15808.15,14:20:00,15841.657454593302,3,62
2022-05-19,15809.2,15835.4,15808.1,15830.7,14:25:00,15838.566268441558,3,63
2022-05-19,15806.5,15818.1,15803.5,15810.3,14:30:00,15835.512338113793,3,64
2022-05-19,15810.6,15818.65,15804.95,15806.3,14:35:00,15833.139734483906,3,65
2022-05-19,15787.4,15819.85,15786.1,15811.3,14:40:00,15828.78356929496,3,66
2022-05-19,15787.9,15797.7,15783.2,15788.9,14:45:00,15824.889896028775,3,67
2022-05-19,15797.5,15804.5,15784.9,15787.1,14:50:00,15822.281334502224,3,68
2022-05-19,15807.05,15814.25,15796.8,15797.35,14:55:00,15820.830731216298,3,69
2022-05-19,15808.55,15827.5,15799.85,15808.75,15:00:00,15819.661137767123,3,70
2022-05-19,15798.75,15813.4,15795.15,15810.45,15:05:00,15817.669600836922,3,71
2022-05-19,15784.4,15805.2,15775.2,15800.5,15:10:00,15814.501067423882,3,72
2022-05-19,15805.35,15813.3,15782.6,15785.45,15:15:00,15813.629537193036,3,73
2022-05-19,15838.7,15838.7,15804.0,15804.95,15:20:00,15816.017200317508,3,74
2022-05-19,15829.05,15839.6,15821.0,15838.15,15:25:00,15817.258419334888,3,75
2022-05-20,16072.3,16077.4,16003.85,16044.95,09:15:00,15841.548093683945,4,1
2022-05-20,16122.95,16130.2,16073.25,16073.25,09:20:00,15868.348275237857,4,2
2022-05-20,16112.65,16136.05,16101.2,16124.15,09:25:00,15891.615106167585,4,3
2022-05-20,16131.25,16140.25,16115.5,16115.5,09:30:00,15914.437477008763,4,4
2022-05-20,16128.75,16134.2,16115.45,16130.4,09:35:00,15934.848193484122,4,5
2022-05-20,16116.05,16134.0,16113.5,16129.7,09:40:00,15952.105508390396,4,6
2022-05-20,16150.0,16151.25,16116.45,16116.45,09:45:00,15970.952602829406,4,7
2022-05-20,16161.05,16165.45,16140.1,16151.6,09:50:00,15989.057116845652,4,8
2022-05-20,16167.9,16179.25,16153.35,16161.25,09:55:00,16006.08977238416,4,9
2022-05-20,16155.7,16169.15,16155.05,16167.15,10:00:00,16020.338365490432,4,10
2022-05-20,16160.35,16162.65,16149.5,16156.45,10:05:00,16033.672806872297,4,11
2022-05-20,16160.45,16165.9,16156.75,16160.45,10:10:00,16045.746825265413,4,12
2022-05-20,16155.05,16178.6,16149.2,16160.2,10:15:00,16056.15665143061,4,13
2022-05-20,16160.45,16162.75,16146.5,16155.0,10:20:00,16066.089351294362,4,14
2022-05-20,16160.4,16163.25,16156.8,16160.2,10:25:00,16075.071317837755,4,15
2022-05-20,16164.3,16169.75,16159.4,16160.7,10:30:00,16083.569287567496,4,16
2022-05-20,16167.1,16178.75,16160.7,16163.95,10:35:00,16091.52459351345,4,17
2022-05-20,16170.55,16176.35,16167.7,16168.4,10:40:00,16099.050822702644,4,18
2022-05-20,16163.65,16170.3,16152.05,16170.3,10:45:00,16105.203125302392,4,19
2022-05-20,16167.7,16172.7,16163.8,16164.15,10:50:00,16111.155208606926,4,20
2022-05-20,16174.7,16174.7,16164.15,16168.05,10:55:00,16117.207093501504,4,21
2022-05-20,16186.1,16188.65,16173.75,16174.75,11:00:00,16123.768322691838,4,22
2022-05-20,16192.45,16194.8,16182.4,16185.55,11:05:00,16130.309434816423,4,23
2022-05-20,16179.9,16193.45,16176.0,16192.8,11:10:00,16135.03234578629,4,24
2022-05-20,16173.9,16181.95,16169.4,16179.35,11:15:00,16138.734027139975,4,25
2022-05-20,16182.0,16183.25,16171.05,16174.5,11:20:00,16142.854595983788,4,26
2022-05-20,16179.0,16184.7,16177.75,16180.6,11:25:00,16146.297015413904,4,27
2022-05-20,16189.25,16190.05,16177.45,16179.95,11:30:00,16150.387775850675,4,28
2022-05-20,16189.8,16193.3,16188.05,16190.8,11:35:00,16154.141321007754,4,29
2022-05-20,16190.2,16195.85,16188.7,16190.55,11:40:00,16157.575480911775,4,30
2022-05-20,16194.15,16210.7,16184.15,16191.2,11:45:00,16161.058768443989,4,31
2022-05-20,16189.95,16194.1,16184.7,16192.95,11:50:00,16163.810314306464,4,32
2022-05-20,16171.45,16190.35,16171.45,16190.35,11:55:00,16164.537903420136,4,33
2022-05-20,16162.7,16172.2,16153.1,16172.2,12:00:00,16164.36286499917,4,34
2022-05-20,16138.3,16162.85,16136.2,16162.85,12:05:00,16161.880687380202,4,35
2022-05-20,16149.4,16156.5,16136.95,16139.4,12:10:00,16160.692050486849,4,36
2022-05-20,16134.0,16150.3,16126.55,16150.3,12:15:00,16158.149950440482,4,37
2022-05-20,16130.4,16147.85,16130.4,16133.8,12:20:00,16155.50709801758,4,38
2022-05-20,16140.85,16141.55,16123.5,16131.4,12:25:00,16154.111183920668,4,39
2022-05-20,16126.3,16141.75,16123.1,16140.55,12:30:00,16151.462499737749,4,40
2022-05-20,16158.85,16159.1,16116.1,16127.3,12:35:00,16152.166071191295,4,41
2022-05-20,16175.4,16175.85,16158.35,16158.95,12:40:00,16154.378826315931,4,42
2022-05-20,16177.45,16186.95,16175.55,16175.9,12:45:00,16156.57608095251,4,43
2022-05-20,16164.25,16178.4,16161.6,16177.55,12:50:00,16157.306930385606,4,44
2022-05-20,16175.4,16175.9,16155.35,16164.85,12:55:00,16159.030079872691,4,45
2022-05-20,16182.35,16183.55,16168.6,16176.3,13:00:00,16161.25102464672,4,46
2022-05-20,16202.9,16203.85,16183.65,16183.65,13:05:00,16165.217593727984,4,47
2022-05-20,16206.9,16216.25,16196.6,16203.35,13:10:00,16169.187346706272,4,48
2022-05-20,16211.0,16216.35,16200.1,16207.45,13:15:00,16173.169504162815,4,49
2022-05-20,16223.15,16225.05,16205.05,16212.1,13:20:00,16177.929551385403,4,50
2022-05-20,16203.7,16223.15,16199.55,16223.0,13:25:00,16180.38387982489,4,51
2022-05-20,16196.55,16208.55,16188.2,16205.55,13:30:00,16181.923510317758,4,52
2022-05-20,16199.45,16214.75,16197.3,16198.3,13:35:00,16183.592699811305,4,53
2022-05-20,16195.1,16211.55,16190.55,16201.6,13:40:00,16184.688633162608,4,54
2022-05-20,16210.3,16211.35,16195.05,16195.05,13:45:00,16187.127810956646,4,55
2022-05-20,16201.95,16215.3,16193.5,16212.7,13:50:00,16188.539448008394,4,56
2022-05-20,16200.8,16204.95,16183.65,16203.75,13:55:00,16189.707119626642,4,57
2022-05-20,16191.45,16215.55,16189.05,16202.5,14:00:00,16189.873108233627,4,58
2022-05-20,16201.2,16207.7,16190.8,16192.95,14:05:00,16190.951859830428,4,59
2022-05-20,16218.4,16218.4,16196.95,16202.6,14:10:00,16193.565968418006,4,60
2022-05-20,16229.0,16237.65,16220.25,16220.35,14:15:00,16196.940638092485,4,61
2022-05-20,16202.9,16230.0,16202.9,16230.0,14:20:00,16197.50819636939,4,62
2022-05-20,16188.3,16207.85,16183.7,16201.65,14:25:00,16196.631225286592,4,63
2022-05-20,16208.65,16212.05,16184.15,16187.95,14:30:00,16197.775870497391,4,64
2022-05-20,16207.25,16209.05,16195.55,16209.05,14:35:00,16198.67816854526,4,65
2022-05-20,16223.45,16223.45,16200.65,16208.4,14:40:00,16201.037390588568,4,66
2022-05-20,16220.65,16236.15,16220.6,16223.5,14:45:00,16202.90525815156,4,67
2022-05-20,16222.8,16226.15,16214.3,16220.45,14:50:00,16204.79999547046,4,68
2022-05-20,16248.75,16249.1,16223.3,16223.3,14:55:00,16208.98571018756,4,69
2022-05-20,16263.9,16275.1,16249.85,16250.35,15:00:00,16214.215642550647,4,70
2022-05-20,16273.4,16278.55,16262.15,16265.3,15:05:00,16219.852248022014,4,71
2022-05-20,16279.7,16281.5,16262.3,16274.1,15:10:00,16225.55203392468,4,72
2022-05-20,16263.65,16278.5,16252.75,16278.5,15:15:00,16229.18041164614,4,73
2022-05-20,16263.2,16267.05,16256.15,16263.95,15:20:00,16232.420372441746,4,74
2022-05-20,16280.9,16283.05,16260.55,16262.8,15:25:00,16237.037479828245,4,75
2022-05-23,16249.55,16349.5,16245.05,16294.75,09:15:00,16238.22914841603,0,1
2022-05-23,16279.6,16306.85,16229.75,16246.85,09:20:00,16242.169229519266,0,2
2022-05-23,16274.95,16284.05,16236.15,16278.2,09:25:00,16245.291207660288,0,3
2022-05-23,16226.2,16275.9,16225.2,16273.85,09:30:00,16243.472997406929,0,4
2022-05-23,16238.95,16247.8,16207.25,16223.65,09:35:00,16243.042235749126,0,5
2022-05-23,16273.05,16277.35,16233.95,16238.65,09:40:00,16245.900118058731,0,6
2022-05-23,16304.2,16304.9,16272.75,16273.45,09:45:00,16251.452487767425,0,7
2022-05-23,16322.35,16322.35,16289.3,16303.4,09:50:00,16258.204631789577,0,8
2022-05-23,16311.5,16321.9,16298.4,16321.9,09:55:00,16263.28038114295,0,9
2022-05-23,16316.75,16327.3,16296.5,16311.8,10:00:00,16268.372725796002,0,10
2022-05-23,16318.65,16322.75,16309.15,16316.9,10:05:00,16273.161037624954,0,11
2022-05-23,16334.0,16340.85,16313.05,16318.8,10:10:00,16278.955224517817,0,12
2022-05-23,16316.05,16336.95,16315.1,16333.95,10:15:00,16282.488060278023,0,13
2022-05-23,16305.0,16319.55,16303.6,16316.95,10:20:00,16284.63205453726,0,14
2022-05-23,16331.6,16332.95,16304.15,16304.15,10:25:00,16289.105192200375,0,15
2022-05-23,16329.1,16335.35,16320.2,16331.85,10:30:00,16292.914221514626,0,16
2022-05-23,16328.05,16336.75,16320.9,16328.95,10:35:00,16296.26048613228,0,17
2022-05-23,16331.2,16336.95,16322.7,16327.35,10:40:00,16299.588058881587,0,18
2022-05-23,16337.75,16339.55,16322.25,16330.05,10:45:00,16303.222529464294,0,19
2022-05-23,16340.9,16348.25,16334.6,16338.0,10:50:00,16306.810859991503,0,20
2022-05-23,16344.65,16357.3,16341.2,16341.25,10:55:00,16310.41458761136,0,21
2022-05-23,16340.9,16354.75,16337.4,16344.2,11:00:00,16313.317960219802,0,22
2022-05-23,16340.3,16341.7,16332.1,16341.3,11:05:00,16315.887678294106,0,23
2022-05-23,16337.35,16354.6,16335.6,16340.75,11:10:00,16317.931708932763,0,24
2022-05-23,16356.6,16357.35,16336.4,16337.45,11:15:00,16321.614403320118,0,25
2022-05-23,16366.55,16367.7,16352.9,16356.05,11:20:00,16325.893983956295,0,26
2022-05-23,16371.0,16378.55,16361.25,16367.2,11:25:00,16330.189795008078,0,27
2022-05-23,16374.55,16379.35,16364.45,16369.75,11:30:00,16334.41457643588,0,28
2022-05-23,16373.7,16378.4,16369.65,16374.2,11:35:00,16338.156045346748,0,29
2022-05-23,16366.3,16382.5,16361.15,16373.75,11:40:00,16340.836421980392,0,30
2022-05-23,16367.65,16370.75,16354.0,16365.7,11:45:00,16343.390096077495,0,31
2022-05-23,16371.2,16374.4,16364.35,16367.7,11:50:00,16346.038658355828,0,32
2022-05-23,16365.05,16373.95,16364.85,16371.35,11:55:00,16347.84926232194,0,33
2022-05-23,16376.25,16379.4,16364.0,16364.65,12:00:00,16350.554094481757,0,34
2022-05-23,16371.6,16377.65,16368.3,16376.6,12:05:00,16352.558466435874,0,35
2022-05-23,16377.55,16378.35,16358.6,16371.8,12:10:00,16354.9386124896,0,36
2022-05-23,16374.55,16385.55,16369.55,16377.7,12:15:00,16356.806363681068,0,37
2022-05-23,16391.1,16393.45,16372.45,16375.5,12:20:00,16360.07242428287,0,38
2022-05-23,16385.3,16392.7,16383.45,16391.5,12:25:00,16362.475050541643,0,39
2022-05-23,16371.95,16389.45,16367.15,16385.4,12:30:00,16363.377426680534,0,40
2022-05-23,16372.45,16373.35,16338.8,16371.8,12:35:00,16364.241481282388,0,41
2022-05-23,16354.4,16377.6,16348.0,16372.9,12:40:00,16363.304197350732,0,42
2022-05-23,16357.45,16359.8,16342.75,16354.05,12:45:00,16362.7466547459,0,43
2022-05-23,16359.1,16364.05,16350.3,16358.75,12:50:00,16362.39935429391,0,44
2022-05-23,16358.3,16372.95,16357.3,16359.5,12:55:00,16362.00893959925,0,45
2022-05-23,16365.3,16372.15,16350.65,16358.55,13:00:00,16362.322373923133,0,46
2022-05-23,16366.4,16370.8,16362.0,16366.0,13:05:00,16362.710719263789,0,47
2022-05-23,16352.45,16370.3,16350.3,16366.75,13:10:00,16361.733507905332,0,48
2022-05-23,16354.05,16363.3,16351.35,16352.7,13:15:00,16361.00174524768,0,49
2022-05-23,16358.7,16364.1,16351.9,16354.75,13:20:00,16360.782531414568,0,50
2022-05-23,16383.35,16387.85,16358.4,16358.9,13:25:00,16362.931814136991,0,51
2022-05-23,16396.35,16412.3,16382.45,16383.6,13:30:00,16366.114498504896,0,52
2022-05-23,16401.3,16404.35,16385.8,16396.2,13:35:00,16369.465498647289,0,53
2022-05-23,16372.3,16414.7,16368.6,16401.55,13:40:00,16369.735451157068,0,54
2022-05-23,16371.65,16384.5,16355.4,16372.75,13:45:00,16369.91778914211,0,55
2022-05-23,16371.25,16376.5,16364.75,16370.45,13:50:00,16370.04466636667,0,56
2022-05-23,16335.15,16376.7,16334.75,16371.15,13:55:00,16366.72136480794,0,57
2022-05-23,16287.35,16335.7,16287.35,16335.7,14:00:00,16359.162187207185,0,58
2022-05-23,16280.4,16292.65,16253.85,16286.25,14:05:00,16351.661026520784,0,59
2022-05-23,16264.3,16304.35,16264.3,16282.05,14:10:00,16343.3409287569,0,60
2022-05-23,16273.6,16282.85,16256.35,16263.5,14:15:00,16336.698935541956,0,61
2022-05-23,16267.85,16287.95,16267.5,16273.35,14:20:00,16330.14189406177,0,62
2022-05-23,16268.0,16277.55,16259.5,16268.7,14:25:00,16324.22361843684,0,63
2022-05-23,16240.1,16270.5,16233.85,16267.55,14:30:00,16316.211845252375,0,64
2022-05-23,16246.45,16257.35,16237.5,16241.8,14:35:00,16309.567859990246,0,65
2022-05-23,16251.0,16271.55,16246.05,16246.05,14:40:00,16303.989968562604,0,66
2022-05-23,16257.4,16265.15,16238.9,16249.25,14:45:00,16299.5528286995,0,67
2022-05-23,16261.2,16261.9,16248.05,16259.45,14:50:00,16295.900178347163,0,68
2022-05-23,16259.55,16277.65,16252.25,16261.5,14:55:00,16292.438256599817,0,69
2022-05-23,16213.1,16268.7,16208.65,16259.7,15:00:00,16284.882232161735,0,70
2022-05-23,16223.15,16226.45,16199.55,16213.95,15:05:00,16279.002971955855,0,71
2022-05-23,16210.1,16225.85,16205.25,16224.15,15:10:00,16272.440784150538,0,72
2022-05-23,16211.3,16219.15,16209.4,16210.65,15:15:00,16266.617852326675,0,73
2022-05-23,16205.7,16221.45,16204.15,16211.55,15:20:00,16260.816152105088,0,74
2022-05-23,16191.65,16205.7,16185.75,16205.1,15:25:00,16254.22889952365,0,75
2022-05-24,16235.9,16252.75,16193.6,16230.6,09:15:00,16252.483290045207,1,1
2022-05-24,16252.8,16262.8,16228.55,16236.35,09:20:00,16252.513452898043,1,2
2022-05-24,16186.6,16255.75,16186.4,16251.15,09:25:00,16246.23598119347,1,3
2022-05-24,16208.6,16210.75,16154.5,16185.6,09:30:00,16242.651602032183,1,4
2022-05-24,16180.2,16210.6,16178.1,16210.4,09:35:00,16236.703830410072,1,5
2022-05-24,16166.65,16184.8,16166.3,16180.55,09:40:00,16230.032037037685,1,6
2022-05-24,16170.7,16180.2,16161.0,16166.3,09:45:00,16224.38136684362,1,7
2022-05-24,16176.25,16186.5,16170.45,16172.9,09:50:00,16219.797427144227,1,8
2022-05-24,16141.65,16190.65,16141.1,16177.4,09:55:00,16212.354815035253,1,9
2022-05-24,16134.0,16155.15,16133.4,16144.3,10:00:00,16204.89245169856,1,10
2022-05-24,16143.6,16155.4,16134.15,16134.45,10:05:00,16199.055075346318,1,11
2022-05-24,16148.8,16154.6,16140.4,16143.7,10:10:00,16194.268877694289,1,12
2022-05-24,16120.1,16149.05,16119.95,16148.65,10:15:00,16187.205175056735,1,13
2022-05-24,16129.45,16142.95,16117.1,16120.25,10:20:00,16181.70468219419,1,14
2022-05-24,16152.55,16156.2,16128.0,16129.05,10:25:00,16178.928045794744,1,15
2022-05-24,16161.9,16163.55,16148.2,16151.5,10:30:00,16177.306327147626,1,16
2022-05-24,16172.7,16186.15,16159.25,16162.25,10:35:00,16176.867629324042,1,17
2022-05-24,16157.8,16180.0,16154.1,16172.5,10:40:00,16175.051664626517,1,18
2022-05-24,16168.0,16169.8,16149.95,16157.4,10:45:00,16174.380077519229,1,19
2022-05-24,16167.65,16177.45,16157.1,16167.65,10:50:00,16173.739117755493,1,20
2022-05-24,16163.2,16172.95,16159.3,16167.6,10:55:00,16172.735392254968,1,21
2022-05-24,16161.35,16167.05,16150.3,16163.0,11:00:00,16171.651069183066,1,22
2022-05-24,16169.25,16174.05,16160.15,16161.1,11:05:00,16171.422395927537,1,23
2022-05-24,16152.9,16171.15,16152.4,16169.75,11:10:00,16169.658358220153,1,24
2022-05-24,16153.25,16156.25,16144.85,16153.85,11:15:00,16168.09565743728,1,25
2022-05-24,16159.3,16165.2,16146.25,16153.95,11:20:00,16167.257975776589,1,26
2022-05-24,16166.0,16167.0,16159.85,16159.85,11:25:00,16167.13816855977,1,27
2022-05-24,16176.4,16176.85,16160.1,16166.55,11:30:00,16168.020247744556,1,28
2022-05-24,16180.85,16188.75,16176.1,16177.65,11:35:00,16169.24212891174,1,29
2022-05-24,16220.85,16220.85,16181.15,16181.25,11:40:00,16174.157164253478,1,30
2022-05-24,16226.6,16242.5,16222.3,16222.3,11:45:00,16179.15172003886,1,31
2022-05-24,16237.7,16237.7,16219.15,16226.9,11:50:00,16184.727746701828,1,32
2022-05-24,16228.3,16241.05,16227.15,16237.45,11:55:00,16188.877485111176,1,33
2022-05-24,16205.8,16227.25,16202.95,16226.8,12:00:00,16190.489153195826,1,34
2022-05-24,16185.55,16206.5,16178.6,16206.45,12:05:00,16190.018757653366,1,35
2022-05-24,16200.4,16200.4,16171.1,16185.85,12:10:00,16191.007447400663,1,36
2022-05-24,16205.25,16211.8,16193.25,16200.65,12:15:00,16192.363880981557,1,37
2022-05-24,16224.4,16229.55,16205.5,16206.5,12:20:00,16195.414939935692,1,38
2022-05-24,16214.15,16226.25,16212.85,16224.55,12:25:00,16197.199231370389,1,39
2022-05-24,16236.95,16238.05,16213.55,16214.2,12:30:00,16200.985018858924,1,40
2022-05-24,16205.3,16237.0,16202.95,16237.0,12:35:00,16201.395969443787,1,41
2022-05-24,16221.4,16229.2,16196.85,16205.05,12:40:00,16203.301115211045,1,42
2022-05-24,16221.05,16227.15,16216.75,16221.85,12:45:00,16204.991485190943,1,43
2022-05-24,16233.4,16234.45,16219.6,16221.6,12:50:00,16207.697058029902,1,44
2022-05-24,16229.4,16238.95,16216.6,16234.3,12:55:00,16209.764004884197,1,45
2022-05-24,16246.75,16261.35,16230.0,16230.0,13:00:00,16213.286480609511,1,46
2022-05-24,16161.3,16248.75,16152.5,16246.7,13:05:00,16208.335387218129,1,47
2022-05-24,16162.95,16173.15,16153.2,16160.8,13:10:00,16204.012969387832,1,48
2022-05-24,16152.4,16170.35,16145.7,16162.15,13:15:00,16199.09744849375,1,49
2022-05-24,16157.45,16163.45,16148.65,16150.45,13:20:00,16195.13102482768,1,50
2022-05-24,16189.9,16189.9,16158.55,16158.95,13:25:00,16194.632831986946,1,51
2022-05-24,16183.0,16197.85,16172.85,16190.0,13:30:00,16193.524943226284,1,52
2022-05-24,16182.2,16185.7,16171.7,16182.9,13:35:00,16192.446377204731,1,53
2022-05-24,16190.65,16192.1,16172.85,16183.05,13:40:00,16192.275293661423,1,54
2022-05-24,16169.9,16193.4,16165.95,16191.05,13:45:00,16190.144313312718,1,55
2022-05-24,16169.05,16176.0,16162.75,16169.95,13:50:00,16188.13533109246,1,56
2022-05-24,16168.1,16168.95,16156.7,16168.9,13:55:00,16186.227204321747,1,57
2022-05-24,16156.35,16184.6,16152.0,16168.9,14:00:00,16183.381756291106,1,58
2022-05-24,16151.1,16162.2,16141.05,16156.6,14:05:00,16180.307303311,1,59
2022-05-24,16148.25,16154.9,16142.0,16151.25,14:10:00,16177.254226805191,1,60
2022-05-24,16157.2,16167.9,16140.85,16148.75,14:15:00,16175.344300442792,1,61
2022-05-24,16109.65,16159.25,16105.95,16157.25,14:20:00,16169.087700400622,1,62
2022-05-24,16095.35,16115.55,16093.05,16110.1,14:25:00,16162.06506226723,1,63
2022-05-24,16092.75,16108.65,16087.0,16095.0,14:30:00,16155.463627765588,1,64
2022-05-24,16107.6,16108.85,16081.15,16092.4,14:35:00,16150.905187026008,1,65
2022-05-24,16106.1,16115.15,16100.35,16107.65,14:40:00,16146.638026356864,1,66
2022-05-24,16093.2,16109.95,16093.2,16106.05,14:45:00,16141.548690513357,1,67
2022-05-24,16100.95,16103.1,16078.6,16093.8,14:50:00,16137.6821485597,1,68
2022-05-24,16133.25,16149.15,16094.15,16101.05,14:55:00,16137.260039173065,1,69
2022-05-24,16141.15,16142.55,16124.3,16134.8,15:00:00,16137.630511632771,1,70
2022-05-24,16129.55,16146.1,16126.45,16143.1,15:05:00,16136.860939096316,1,71
2022-05-24,16112.9,16131.6,16111.65,16130.4,15:10:00,16134.578944896668,1,72
2022-05-24,16123.55,16125.5,16112.25,16113.7,15:15:00,16133.528569192222,1,73
2022-05-24,16121.55,16137.0,16121.55,16123.6,15:20:00,16132.387753078678,1,74
2022-05-24,16138.0,16139.5,16120.8,16122.0,15:25:00,16132.92225278547,1,75
2022-05-25,16205.5,16223.35,16174.25,16197.1,09:15:00,16139.834419186856,2,1
2022-05-25,16208.5,16221.5,16184.0,16205.4,09:20:00,16146.373998311916,2,2
2022-05-25,16199.65,16216.0,16186.5,16208.3,09:25:00,16151.447903234592,2,3
2022-05-25,16203.55,16207.7,16194.15,16200.25,09:30:00,16156.41000768844,2,4
2022-05-25,16184.35,16203.05,16178.15,16202.4,09:35:00,16159.07095933716,2,5
2022-05-25,16164.1,16184.15,16158.9,16183.85,09:40:00,16159.549915590764,2,6
2022-05-25,16164.5,16171.7,16147.4,16163.85,09:45:00,16160.021352201167,2,7
2022-05-25,16128.95,16164.45,16127.6,16164.05,09:50:00,16157.062175801057,2,8
2022-05-25,16135.05,16142.6,16120.45,16128.7,09:55:00,16154.965778105718,2,9
2022-05-25,16137.75,16148.5,16128.1,16135.6,10:00:00,16153.326180190888,2,10
2022-05-25,16136.4,16145.2,16128.45,16138.3,10:05:00,16151.714163029848,2,11
2022-05-25,16134.2,16140.25,16128.85,16135.65,10:10:00,16150.046147503195,2,12
2022-05-25,16131.05,16138.75,16114.3,16134.75,10:15:00,16148.23699059813,2,13
2022-05-25,16123.35,16138.7,16122.25,16130.95,10:20:00,16145.866801017355,2,14
2022-05-25,16133.25,16135.75,16117.7,16122.85,10:25:00,16144.665200920464,2,15
2022-05-25,16143.1,16143.95,16131.8,16133.1,10:30:00,16144.516134166131,2,16
2022-05-25,16139.9,16156.85,16139.1,16143.15,10:35:00,16144.076502340788,2,17
2022-05-25,16141.0,16141.1,16129.25,16139.8,10:40:00,16143.783502117856,2,18
2022-05-25,16148.5,16150.05,16135.7,16141.15,10:45:00,16144.232692392348,2,19
2022-05-25,16142.85,16155.2,16136.5,16148.45,10:50:00,16144.101007402598,2,20
2022-05-25,16138.55,16147.5,16136.65,16142.7,10:55:00,16143.572340030922,2,21
2022-05-25,16138.4,16141.6,16131.2,16139.4,11:00:00,16143.079736218451,2,22
2022-05-25,16140.4,16145.5,16136.45,16138.7,11:05:00,16142.824523245266,2,23
2022-05-25,16164.2,16164.7,16140.4,16141.05,11:10:00,16144.860282936192,2,24
2022-05-25,16148.15,16167.5,16143.3,16164.45,11:15:00,16145.173589323222,2,25
2022-05-25,16130.5,16150.45,16129.8,16148.8,11:20:00,16143.776104625773,2,26
2022-05-25,16129.9,16133.9,16122.55,16131.15,11:25:00,16142.454570851887,2,27
2022-05-25,16107.6,16134.5,16106.55,16129.3,11:30:00,16139.135087913612,2,28
2022-05-25,16098.85,16111.8,16090.15,16106.45,11:35:00,16135.298412874225,2,29
2022-05-25,16097.75,16108.8,16092.65,16098.95,11:40:00,16131.722373552868,2,30
2022-05-25,16079.1,16097.45,16072.8,16097.45,11:45:00,16126.710718928784,2,31
2022-05-25,16076.65,16081.75,16067.0,16080.85,11:50:00,16121.943031411758,2,32
2022-05-25,16072.1,16080.9,16069.2,16076.3,11:55:00,16117.196076039208,2,33
2022-05-25,16055.35,16073.1,16052.6,16073.1,12:00:00,16111.305973559283,2,34
2022-05-25,16073.95,16077.15,16054.95,16055.85,12:05:00,16107.748261791734,2,35
2022-05-25,16076.65,16082.0,16067.45,16074.15,12:10:00,16104.786522573471,2,36
2022-05-25,16098.45,16099.45,16074.55,16076.35,12:15:00,16104.18304423314,2,37
2022-05-25,16082.95,16101.8,16080.6,16098.55,12:20:00,16102.16084954427,2,38
2022-05-25,16074.95,16085.1,16067.5,16083.0,12:25:00,16099.569340063865,2,39
2022-05-25,16066.6,16075.5,16064.7,16075.5,12:30:00,16096.429402914924,2,40
2022-05-25,16090.05,16090.6,16066.6,16066.75,12:35:00,16095.821840732551,2,41
2022-05-25,16065.65,16098.95,16063.7,16089.75,12:40:00,16092.948332091357,2,42
2022-05-25,16069.9,16075.7,16050.2,16065.75,12:45:00,16090.75325284456,2,43
2022-05-25,16063.45,16070.6,16057.9,16069.7,12:50:00,16088.15294304984,2,44
2022-05-25,16058.75,16066.55,16056.65,16064.05,12:55:00,16085.352662759378,2,45
2022-05-25,16043.0,16058.65,16039.85,16058.65,13:00:00,16081.319075829912,2,46
2022-05-25,16052.8,16054.0,16035.7,16042.45,13:05:00,16078.602973369922,2,47
2022-05-25,16070.3,16070.3,16049.5,16053.1,13:10:00,16077.812214001358,2,48
2022-05-25,16057.45,16076.4,16050.4,16070.8,13:15:00,16075.872955525036,2,49
2022-05-25,16067.25,16071.85,16054.25,16057.85,13:20:00,16075.05172166551,2,50
2022-05-25,16051.55,16068.1,16048.7,16067.1,13:25:00,16072.813462459271,2,51
2022-05-25,16045.35,16053.0,16032.3,16052.7,13:30:00,16070.197894606008,2,52
2022-05-25,16024.9,16046.0,16022.4,16044.95,13:35:00,16065.883809405435,2,53
2022-05-25,16027.75,16031.25,16014.55,16025.65,13:40:00,16062.25201803349,2,54
2022-05-25,16022.5,16033.95,16008.35,16027.25,13:45:00,16058.466111554111,2,55
2022-05-25,16023.65,16039.5,16019.05,16022.65,13:50:00,16055.1502914061,2,56
2022-05-25,16031.7,16034.0,16021.9,16023.5,13:55:00,16052.916930319803,2,57
2022-05-25,16036.15,16050.7,16025.05,16031.9,14:00:00,16051.320079813157,2,58
2022-05-25,16049.1,16049.1,16032.8,16035.95,14:05:00,16051.108643640477,2,59
2022-05-25,16083.1,16092.5,16048.45,16048.65,14:10:00,16054.15543948424,2,60
2022-05-25,16094.5,16097.0,16073.4,16083.5,14:15:00,16057.997778580975,2,61
2022-05-25,16083.8,16097.55,16073.0,16094.8,14:20:00,16060.455133001837,2,62
2022-05-25,16063.3,16087.65,16061.65,16083.55,14:25:00,16060.726072715948,2,63
2022-05-25,16058.7,16069.55,16050.3,16065.3,14:30:00,16060.533113409669,2,64
2022-05-25,16066.1,16073.9,16058.2,16058.55,14:35:00,16061.063293084935,2,65
2022-05-25,16040.4,16073.65,16040.4,16066.9,14:40:00,16059.09536041018,2,66
2022-05-25,16030.2,16040.2,16022.75,16039.8,14:45:00,16056.343421323498,2,67
2022-05-25,16020.5,16036.6,16020.5,16030.4,14:50:00,16052.929762149832,2,68
2022-05-25,16032.95,16043.5,16007.85,16020.8,14:55:00,16051.026927659372,2,69
2022-05-25,16031.95,16041.0,16006.95,16035.45,15:00:00,16049.210077406098,2,70
2022-05-25,16020.6,16033.75,16017.95,16032.35,15:05:00,16046.485308129326,2,71
2022-05-25,16027.45,16029.1,16019.85,16019.85,15:10:00,16044.672421640818,2,72
2022-05-25,16030.1,16032.45,16021.2,16028.7,15:15:00,16043.28457196074,2,73
2022-05-25,16035.1,16040.6,16022.45,16031.35,15:20:00,16042.50508891686,2,74
2022-05-25,16033.9,16037.8,16027.2,16035.65,15:25:00,16041.685556639062,2,75
2022-05-26,16087.1,16129.9,16085.05,16111.6,09:15:00,16046.010741721057,3,1
2022-05-26,16087.8,16094.6,16059.1,16085.6,09:20:00,16049.990671080956,3,2
2022-05-26,16081.45,16097.05,16079.6,16088.65,09:25:00,16052.986797644671,3,3
2022-05-26,16073.65,16086.5,16062.2,16082.05,09:30:00,16054.954721678514,3,4
2022-05-26,16051.85,16077.0,16049.6,16073.8,09:35:00,16054.659033899608,3,5
2022-05-26,16036.45,16055.95,16035.45,16053.0,09:40:00,16052.924840194884,3,6
2022-05-26,16038.65,16050.15,16026.2,16037.2,09:45:00,16051.565331604894,3,7
2022-05-26,16048.75,16056.45,16034.95,16038.7,09:50:00,16051.29720478538,3,8
2022-05-26,16045.5,16064.0,16044.3,16048.3,09:55:00,16050.745090043914,3,9
2022-05-26,16030.45,16045.6,16026.0,16045.6,10:00:00,16048.812224325447,3,10
2022-05-26,16019.75,16042.0,16017.95,16030.55,10:05:00,16046.04439343731,3,11
2022-05-26,16021.1,16028.6,16013.05,16019.95,10:10:00,16043.668736919471,3,12
2022-05-26,16028.2,16035.95,16012.95,16020.3,10:15:00,16042.195523879524,3,13
2022-05-26,16019.35,16033.35,16018.85,16028.25,10:20:00,16040.01975970052,3,14
2022-05-26,15960.5,16020.45,15959.6,16019.3,10:25:00,16032.446449252851,3,15
2022-05-26,15951.95,15974.35,15948.0,15959.2,10:30:00,16024.78012075258,3,16
2022-05-26,15936.9,15956.7,15932.1,15951.7,10:35:00,16016.41058544281,3,17
2022-05-26,15944.15,15946.85,15930.85,15936.2,10:40:00,16009.528624924447,3,18
2022-05-26,15922.95,15946.1,15916.15,15943.4,10:45:00,16001.28304159831,3,19
2022-05-26,15915.55,15930.6,15910.75,15922.7,10:50:00,15993.117990017518,3,20
2022-05-26,15929.95,15932.95,15913.75,15914.7,10:55:00,15987.10199096823,3,21
2022-05-26,15929.05,15943.4,15925.7,15933.65,11:00:00,15981.573229923635,3,22
2022-05-26,15923.25,15937.8,15919.35,15928.95,11:05:00,15976.018636597575,3,23
2022-05-26,15928.2,15932.9,15919.3,15920.45,11:10:00,15971.464480731142,3,24
2022-05-26,15944.25,15951.45,15929.15,15930.15,11:15:00,15968.872625423412,3,25
2022-05-26,15925.15,15950.35,15923.5,15945.95,11:20:00,15964.70856585928,3,26
2022-05-26,15918.0,15928.45,15910.65,15924.85,11:25:00,15960.26013101554,3,27
2022-05-26,15918.55,15925.7,15906.2,15920.05,11:30:00,15956.287737585486,3,28
2022-05-26,15910.8,15928.95,15903.7,15920.2,11:35:00,15951.955572101151,3,29
2022-05-26,15915.0,15921.95,15909.8,15913.0,11:40:00,15948.435993805806,3,30
2022-05-26,15923.8,15928.65,15914.65,15916.75,11:45:00,15946.089708681442,3,31
2022-05-26,15933.0,15934.5,15920.55,15923.85,11:50:00,15944.8430697594,3,32
2022-05-26,15922.95,15938.25,15920.2,15932.0,11:55:00,15942.7580154966,3,33
2022-05-26,15934.65,15936.85,15917.45,15923.9,12:00:00,15941.985823544544,3,34
2022-05-26,15937.15,15942.25,15924.05,15934.0,12:05:00,15941.525268921254,3,35
2022-05-26,15942.75,15948.5,15932.4,15937.2,12:10:00,15941.641909976372,3,36
2022-05-26,15964.05,15964.7,15942.55,15943.15,12:15:00,15943.776013788149,3,37
2022-05-26,15957.1,15969.6,15953.75,15963.0,12:20:00,15945.044964855942,3,38
2022-05-26,15930.95,15962.75,15923.2,15958.25,12:25:00,15943.702587250616,3,39
2022-05-26,15936.25,15944.25,15925.7,15929.0,12:30:00,15942.992817036273,3,40
2022-05-26,15962.1,15967.95,15936.5,15937.25,12:35:00,15944.812548747102,3,41
2022-05-26,15969.6,15971.8,15957.3,15964.35,12:40:00,15947.173258390236,3,42
2022-05-26,15969.85,15982.15,15961.45,15969.95,12:45:00,15949.332948067356,3,43
2022-05-26,16001.6,16002.4,15967.15,15971.05,12:50:00,15954.310762537132,3,44
2022-05-26,15994.55,16002.95,15984.4,16002.95,12:55:00,15958.143070866929,3,45
2022-05-26,16069.4,16074.95,15997.4,15997.4,13:00:00,15968.7389688796,3,46
2022-05-26,16065.05,16084.3,16051.9,16068.65,13:05:00,15977.911448033925,3,47
2022-05-26,16095.7,16095.7,16062.0,16065.95,13:10:00,15989.129405364029,3,48
2022-05-26,16148.4,16154.85,16097.75,16097.75,13:15:00,16004.298033424597,3,49
2022-05-26,16137.85,16146.45,16115.1,16146.45,13:20:00,16017.017268336538,3,50
2022-05-26,16128.75,16139.45,16118.4,16138.4,13:25:00,16027.658480875914,3,51
2022-05-26,16133.05,16143.5,16126.1,16128.7,13:30:00,16037.695768411542,3,52
2022-05-26,16152.15,16163.1,16112.6,16133.7,13:35:00,16048.596171419966,3,53
2022-05-26,16142.0,16164.55,16139.85,16151.95,13:40:00,16057.491774141874,3,54
2022-05-26,16132.9,16149.0,16131.35,16144.55,13:45:00,16064.673509937886,3,55
2022-05-26,16106.05,16143.25,16104.7,16135.8,13:50:00,16068.614128039038,3,56
2022-05-26,16094.2,16107.8,16075.3,16107.3,13:55:00,16071.050877749603,3,57
2022-05-26,16084.7,16105.65,16082.65,16093.8,14:00:00,16072.350794154405,3,58
2022-05-26,16078.15,16091.1,16063.8,16084.45,14:05:00,16072.903099473033,3,59
2022-05-26,16081.1,16090.1,16069.45,16078.1,14:10:00,16073.683756666076,3,60
2022-05-26,16098.8,16104.5,16081.85,16081.85,14:15:00,16076.075779840736,3,61
2022-05-26,16131.35,16141.25,16098.85,16099.05,14:20:00,16081.339991284476,3,62
2022-05-26,16134.05,16147.75,16120.65,16131.8,14:25:00,16086.359992114523,3,63
2022-05-26,16119.6,16137.8,16109.1,16133.95,14:30:00,16089.525707151235,3,64
2022-05-26,16124.9,16125.35,16096.15,16119.8,14:35:00,16092.894687422548,3,65
2022-05-26,16143.65,16145.4,16120.4,16125.0,14:40:00,16097.72852671564,3,66
2022-05-26,16151.95,16165.2,16143.15,16143.15,14:45:00,16102.892476552244,3,67
2022-05-26,16175.25,16178.05,16150.2,16151.65,14:50:00,16109.783669261556,3,68
2022-05-26,16183.25,16186.45,16165.2,16174.6,14:55:00,16116.780462665216,3,69
2022-05-26,16156.4,16184.75,16138.25,16183.65,15:00:00,16120.553751935196,3,70
2022-05-26,16147.85,16157.4,16131.7,16157.4,15:05:00,16123.153394608034,3,71
2022-05-26,16173.0,16173.0,16147.5,16148.55,15:10:00,16127.90069035965,3,72
2022-05-26,16186.1,16187.55,16172.7,16173.1,15:15:00,16133.443481753968,3,73
2022-05-26,16197.85,16202.85,16184.6,16186.25,15:20:00,16139.577435872638,3,74
2022-05-26,16201.9,16204.45,16194.3,16196.6,15:25:00,16145.51291817048,3,75
2022-05-27,16282.8,16329.35,16275.3,16300.2,09:15:00,16158.587878344722,4,1
2022-05-27,16315.25,16319.1,16280.35,16282.1,09:20:00,16173.508080407131,4,2
2022-05-27,16315.35,16328.45,16307.85,16317.75,09:25:00,16187.016834654072,4,3
2022-05-27,16316.8,16327.5,16299.55,16316.6,09:30:00,16199.377136115589,4,4
2022-05-27,16289.1,16326.75,16287.55,16317.0,09:35:00,16207.922170771248,4,5
2022-05-27,16319.5,16325.15,16286.3,16288.95,09:40:00,16218.548630697796,4,6
2022-05-27,16308.35,16323.0,16296.45,16320.05,09:45:00,16227.10114205991,4,7
2022-05-27,16306.2,16322.4,16296.3,16308.6,09:50:00,16234.634366625633,4,8
2022-05-27,16312.3,16316.45,16276.9,16306.5,09:55:00,16242.031093613668,4,9
2022-05-27,16260.0,16312.7,16256.8,16312.1,10:00:00,16243.742418031412,4,10
2022-05-27,16267.85,16277.95,16253.5,16260.2,10:05:00,16246.038378218898,4,11
2022-05-27,16280.0,16292.75,16266.9,16267.7,10:10:00,16249.272818388528,4,12
2022-05-27,16252.65,16285.15,16249.4,16280.45,10:15:00,16249.594454732478,4,13
2022-05-27,16258.35,16271.15,16252.1,16252.7,10:20:00,16250.428316186528,4,14
2022-05-27,16263.9,16278.7,16258.25,16258.55,10:25:00,16251.711333692572,4,15
2022-05-27,16254.95,16265.6,16248.85,16265.2,10:30:00,16252.019778102804,4,16
2022-05-27,16274.6,16276.55,16234.65,16255.65,10:35:00,16254.170275426346,4,17
2022-05-27,16281.75,16292.6,16273.5,16273.65,10:40:00,16256.796915861933,4,18
2022-05-27,16275.8,16282.7,16271.4,16281.3,10:45:00,16258.60673339889,4,19
2022-05-27,16266.75,16279.65,16264.05,16275.75,10:50:00,16259.382282598996,4,20
2022-05-27,16245.7,16267.1,16242.2,16267.1,10:55:00,16258.07920806576,4,21
2022-05-27,16242.55,16258.0,16236.3,16245.35,11:00:00,16256.60023586902,4,22
2022-05-27,16257.9,16257.9,16236.8,16242.2,11:05:00,16256.724022929113,4,23
2022-05-27,16253.3,16263.2,16249.1,16258.75,11:10:00,16256.397925507292,4,24
2022-05-27,16246.15,16253.8,16236.65,16253.8,11:15:00,16255.421932601836,4,25
2022-05-27,16263.2,16270.4,16246.5,16247.9,11:20:00,16256.16270092547,4,26
2022-05-27,16273.4,16279.1,16258.45,16262.9,11:25:00,16257.80434845638,4,27
2022-05-27,16263.8,16275.5,16263.8,16274.1,11:30:00,16258.375362889105,4,28
2022-05-27,16256.95,16278.95,16256.75,16264.0,11:35:00,16258.239614042524,4,29
2022-05-27,16258.2,16265.95,16254.6,16256.6,11:40:00,16258.235841276568,4,30
2022-05-27,16258.0,16273.45,16252.8,16257.75,11:45:00,16258.21338020261,4,31
2022-05-27,16247.55,16258.55,16246.2,16257.55,11:50:00,16257.197820183314,4,32
2022-05-27,16253.0,16254.85,16241.15,16247.3,11:55:00,16256.798027784902,4,33
2022-05-27,16254.2,16261.45,16247.65,16253.7,12:00:00,16256.550596567293,4,34
2022-05-27,16260.15,16268.85,16254.3,16254.95,12:05:00,16256.893396894218,4,35
2022-05-27,16237.4,16260.6,16221.95,16259.85,12:10:00,16255.036882904293,4,36
2022-05-27,16267.0,16271.7,16230.45,16237.7,12:15:00,16256.176227389598,4,37
2022-05-27,16282.95,16287.55,16267.15,16267.15,12:20:00,16258.72611049535,4,38
2022-05-27,16284.15,16290.45,16275.85,16283.1,12:25:00,16261.147433305316,4,39
2022-05-27,16295.95,16301.1,16279.65,16284.1,12:30:00,16264.461963466716,4,40
2022-05-27,16301.8,16302.2,16294.2,16296.55,12:35:00,16268.017966946076,4,41
2022-05-27,16292.35,16303.2,16286.75,16302.0,12:40:00,16270.335303427402,4,42
2022-05-27,16282.4,16295.1,16281.7,16293.0,12:45:00,16271.484322148604,4,43
2022-05-27,16287.9,16291.05,16277.1,16282.85,12:50:00,16273.047720039212,4,44
2022-05-27,16299.55,16300.3,16285.7,16286.55,12:55:00,16275.571746702146,4,45
2022-05-27,16311.35,16312.6,16293.15,16300.05,13:00:00,16278.97919939718,4,46
2022-05-27,16314.1,16315.85,16303.25,16311.95,13:05:00,16282.32403754983,4,47
2022-05-27,16317.05,16324.2,16310.45,16314.7,13:10:00,16285.631272068891,4,48
2022-05-27,16341.9,16348.95,16309.6,16317.25,13:15:00,16290.990198538522,4,49
2022-05-27,16342.15,16347.85,16330.5,16341.8,13:20:00,16295.862560582473,4,50
2022-05-27,16347.8,16347.8,16334.95,16342.55,13:25:00,16300.80898338414,4,51
2022-05-27,16333.55,16349.9,16326.4,16349.6,13:30:00,16303.927175442794,4,52
2022-05-27,16344.4,16348.5,16323.4,16334.15,13:35:00,16307.781730162527,4,53
2022-05-27,16348.35,16350.65,16342.85,16345.1,13:40:00,16311.645374908954,4,54
2022-05-27,16346.35,16349.3,16335.45,16347.55,13:45:00,16314.950577298578,4,55
2022-05-27,16342.75,16354.65,16288.25,16346.3,13:50:00,16317.59814136538,4,56
2022-05-27,16358.7,16366.0,16331.95,16343.65,13:55:00,16321.512604092488,4,57
2022-05-27,16362.05,16370.6,16357.65,16360.4,14:00:00,16325.373308464632,4,58
2022-05-27,16346.95,16367.15,16334.95,16362.7,14:05:00,16327.428231468,4,59
2022-05-27,16339.35,16349.85,16332.9,16346.9,14:10:00,16328.563637994856,4,60
2022-05-27,16333.35,16346.8,16322.35,16340.85,14:15:00,16329.019481995349,4,61
2022-05-27,16326.7,16338.65,16318.55,16334.0,14:20:00,16328.79857894817,4,62
2022-05-27,16339.2,16344.15,16324.85,16326.9,14:25:00,16329.789190476917,4,63
2022-05-27,16306.65,16340.55,16304.5,16340.25,14:30:00,16327.585458050544,4,64
2022-05-27,16315.25,16321.05,16296.4,16306.5,14:35:00,16326.41065252192,4,65
2022-05-27,16309.15,16321.05,16304.3,16315.1,14:40:00,16324.766780853168,4,66
2022-05-27,16327.1,16337.05,16304.75,16310.4,14:45:00,16324.988992200486,4,67
2022-05-27,16340.4,16341.2,16320.7,16327.0,14:50:00,16326.456707229012,4,68
2022-05-27,16335.85,16350.6,16335.85,16341.0,14:55:00,16327.351306540531,4,69
2022-05-27,16349.25,16359.3,16326.25,16335.35,15:00:00,16329.436896393814,4,70
2022-05-27,16346.5,16352.75,16340.15,16351.55,15:05:00,16331.061953880117,4,71
2022-05-27,16346.2,16352.9,16340.3,16347.0,15:10:00,16332.5036725582,4,72
2022-05-27,16358.3,16360.8,16342.95,16347.55,15:15:00,16334.960465647891,4,73
2022-05-27,16357.45,16362.6,16353.75,16358.45,15:20:00,16337.10232606238,4,74
2022-05-27,16356.1,16366.8,16354.2,16356.8,15:25:00,16338.911628342154,4,75
2022-05-30,16541.05,16548.0,16506.15,16529.3,09:15:00,16358.162901833375,0,1
2022-05-30,16592.2,16592.6,16542.9,16543.15,09:20:00,16380.45214927782,0,2
2022-05-30,16592.95,16600.65,16584.55,16593.0,09:25:00,16400.690039822788,0,3
2022-05-30,16599.2,16612.2,16592.65,16592.65,09:30:00,16419.595750315857,0,4
2022-05-30,16597.45,16608.7,16591.75,16600.25,09:35:00,16436.534250285775,0,5
2022-05-30,16595.55,16604.45,16588.05,16597.2,09:40:00,16451.678607401416,0,6
2022-05-30,16595.95,16625.4,16593.75,16595.05,09:45:00,16465.418740029854,0,7
2022-05-30,16611.3,16620.15,16595.3,16595.3,09:50:00,16479.312193360343,0,8
2022-05-30,16610.05,16619.4,16606.8,16611.1,09:55:00,16491.76341304031,0,9
2022-05-30,16627.4,16631.2,16606.75,16608.95,10:00:00,16504.681183226945,0,10
2022-05-30,16621.5,16633.4,16619.7,16626.75,10:05:00,16515.80678482438,0,11
2022-05-30,16628.05,16630.5,16615.1,16622.35,10:10:00,16526.496614841104,0,12
2022-05-30,16622.3,16633.55,16618.35,16628.2,10:15:00,16535.620746761,0,13
2022-05-30,16616.35,16624.65,16610.0,16622.85,10:20:00,16543.309247069476,0,14
2022-05-30,16630.6,16638.85,16615.1,16616.95,10:25:00,16551.622652110476,0,15
2022-05-30,16627.1,16638.05,16624.25,16632.05,10:30:00,16558.8109709571,0,16
2022-05-30,16634.8,16639.1,16623.6,16627.95,10:35:00,16566.04802134214,0,17
2022-05-30,16637.2,16640.7,16632.15,16634.5,10:40:00,16572.824400261936,0,18
2022-05-30,16634.6,16637.8,16631.3,16637.05,10:45:00,16578.70779071318,0,19
2022-05-30,16643.8,16649.95,16630.8,16634.8,10:50:00,16584.907048740493,0,20
2022-05-30,16652.15,16655.65,16640.95,16643.75,10:55:00,16591.311139336638,0,21
2022-05-30,16656.95,16662.45,16652.55,16653.15,11:00:00,16597.562459399815,0,22
2022-05-30,16670.1,16670.7,16655.85,16656.85,11:05:00,16604.47079659983,0,23
2022-05-30,16687.6,16688.7,16669.25,16669.65,11:10:00,16612.387863590324,0,24
2022-05-30,16681.6,16691.8,16673.95,16687.7,11:15:00,16618.97949562934,0,25
2022-05-30,16670.1,16686.25,16670.1,16681.5,11:20:00,16623.848115093213,0,26
2022-05-30,16685.3,16690.35,16668.4,16670.3,11:25:00,16629.700675560525,0,27
2022-05-30,16672.15,16686.45,16672.15,16685.25,11:30:00,16633.743468364286,0,28
2022-05-30,16677.1,16678.1,16661.15,16672.65,11:35:00,16637.872661853402,0,29
2022-05-30,16693.5,16695.45,16677.2,16677.2,11:40:00,16643.17050358165,0,30
2022-05-30,16678.8,16695.5,16676.1,16694.15,11:45:00,16646.563788954823,0,31
2022-05-30,16681.35,16682.15,16668.3,16679.2,11:50:00,16649.876761435316,0,32
2022-05-30,16674.4,16680.5,16668.8,16680.5,11:55:00,16652.21230796529,0,33
2022-05-30,16673.6,16679.4,16667.2,16675.45,12:00:00,16654.249231016212,0,34
2022-05-30,16676.05,16677.6,16666.15,16673.3,12:05:00,16656.325494728953,0,35
2022-05-30,16666.25,16681.55,16658.9,16675.4,12:10:00,16657.270685707146,0,36
2022-05-30,16645.65,16666.8,16645.4,16666.8,12:15:00,16656.16395373504,0,37
2022-05-30,16655.75,16656.75,16638.45,16644.85,12:20:00,16656.124529569795,0,38
2022-05-30,16652.3,16660.55,16648.7,16655.6,12:25:00,16655.760288658388,0,39
2022-05-30,16667.45,16672.95,16652.9,16652.9,12:30:00,16656.873594500445,0,40
2022-05-30,16664.3,16668.25,16660.8,16668.25,12:35:00,16657.580871214686,0,41
2022-05-30,16664.7,16668.25,16656.2,16664.6,12:40:00,16658.258883479954,0,42
2022-05-30,16648.45,16666.3,16646.65,16665.55,12:45:00,16657.32470410091,0,43
2022-05-30,16640.7,16654.55,16640.7,16649.35,12:50:00,16655.74139894844,0,44
2022-05-30,16651.65,16659.75,16637.1,16639.85,12:55:00,16655.35174190573,0,45
2022-05-30,16649.25,16656.5,16647.05,16652.45,13:00:00,16654.770623628996,0,46
2022-05-30,16672.05,16675.25,16648.05,16650.5,13:05:00,16656.416278521472,0,47
2022-05-30,16670.2,16672.55,16664.05,16672.25,13:10:00,16657.72901390038,0,48
2022-05-30,16664.4,16669.35,16655.95,16669.35,13:15:00,16658.364345909868,0,49
2022-05-30,16668.25,16670.8,16657.5,16665.3,13:20:00,16659.305836775595,0,50
2022-05-30,16659.9,16669.3,16656.35,16668.3,13:25:00,16659.36242374935,0,51
2022-05-30,16665.4,16672.95,16656.05,16660.85,13:30:00,16659.937431011316,0,52
2022-05-30,16660.7,16672.4,16660.6,16665.75,13:35:00,16660.010056629286,0,53
2022-05-30,16660.5,16664.75,16650.65,16662.0,13:40:00,16660.056717902688,0,54
2022-05-30,16654.35,16661.05,16646.9,16660.85,13:45:00,16659.513220959572,0,55
2022-05-30,16636.4,16657.65,16634.8,16655.45,13:50:00,16657.311961820567,0,56
2022-05-30,16661.8,16661.95,16636.55,16638.25,13:55:00,16657.739394028133,0,57
2022-05-30,16650.15,16664.8,16640.5,16663.2,14:00:00,16657.01659459688,0,58
2022-05-30,16650.9,16657.6,16644.0,16649.9,14:05:00,16656.43406177813,0,59
2022-05-30,16628.5,16658.7,16625.85,16650.85,14:10:00,16653.77367494212,0,60
2022-05-30,16641.3,16645.05,16612.2,16629.2,14:15:00,16652.58570590001,0,61
2022-05-30,16637.35,16648.95,16635.35,16641.95,14:20:00,16651.134686290487,0,62
2022-05-30,16647.4,16648.55,16637.1,16637.1,14:25:00,16650.779001881867,0,63
2022-05-30,16632.4,16652.4,16631.4,16647.6,14:30:00,16649.02862075026,0,64
2022-05-30,16627.85,16641.85,16627.75,16633.3,14:35:00,16647.011609250236,0,65
2022-05-30,16628.55,16640.55,16628.55,16628.7,14:40:00,16645.253360750212,0,66
2022-05-30,16663.2,16666.1,16627.0,16629.4,14:45:00,16646.962564488287,0,67
2022-05-30,16658.6,16670.3,16656.2,16663.7,14:50:00,16648.07089167988,0,68
2022-05-30,16663.1,16663.1,16647.55,16659.5,14:55:00,16649.502235329415,0,69
2022-05-30,16663.25,16671.25,16652.85,16665.35,15:00:00,16650.81154625042,0,70
2022-05-30,16664.1,16667.0,16653.1,16661.9,15:05:00,16652.07711327419,0,71
2022-05-30,16658.9,16667.25,16653.1,16664.05,15:10:00,16652.72691200998,0,72
2022-05-30,16656.7,16661.7,16652.7,16659.75,15:15:00,16653.105301342363,0,73
2022-05-30,16664.05,16667.85,16655.4,16656.45,15:20:00,16654.14765359547,0,74
2022-05-30,16668.7,16672.7,16663.1,16664.45,15:25:00,16655.533591348285,0,75
2022-05-31,16577.75,16599.45,16554.35,16599.45,09:15:00,16648.125630267496,1,1
2022-05-31,16546.95,16581.35,16545.5,16579.4,09:20:00,16638.489855956304,1,2
2022-05-31,16544.05,16555.45,16531.45,16546.6,09:25:00,16629.495583960466,1,3
2022-05-31,16537.95,16540.0,16521.9,16539.95,09:30:00,16620.776956916612,1,4
2022-05-31,16541.4,16547.45,16532.85,16538.35,09:35:00,16613.21724673408,1,5
2022-05-31,16558.75,16564.75,16536.0,16541.55,09:40:00,16608.029889902264,1,6
2022-05-31,16564.5,16570.9,16553.05,16559.15,09:45:00,16603.88418610205,1,7
2022-05-31,16569.0,16571.15,16560.3,16564.45,09:50:00,16600.56188266376,1,8
2022-05-31,16568.7,16572.65,16560.6,16568.9,09:55:00,16597.52741764816,1,9
2022-05-31,16584.05,16587.95,16566.3,16569.0,10:00:00,16596.24385406262,1,10
2022-05-31,16586.15,16591.3,16576.1,16583.8,10:05:00,16595.282534628088,1,11
2022-05-31,16591.9,16596.9,16583.85,16586.25,10:10:00,16594.96038847303,1,12
2022-05-31,16581.8,16592.05,16578.65,16591.6,10:15:00,16593.707018142268,1,13
2022-05-31,16590.65,16592.1,16578.15,16582.45,10:20:00,16593.41587355729,1,14
2022-05-31,16605.2,16608.05,16585.1,16591.3,10:25:00,16594.53817131374,1,15
2022-05-31,16623.35,16625.7,16604.55,16604.55,10:30:00,16597.282154998145,1,16
2022-05-31,16628.85,16630.45,16613.55,16623.7,10:35:00,16600.288616426893,1,17
2022-05-31,16640.3,16642.6,16627.8,16629.3,10:40:00,16604.09922438624,1,18
2022-05-31,16634.95,16651.4,16634.2,16640.25,10:45:00,16607.037393492312,1,19
2022-05-31,16639.25,16641.1,16628.75,16635.65,10:50:00,16610.105260778757,1,20
2022-05-31,16654.85,16660.45,16639.55,16640.15,10:55:00,16614.366664514113,1,21
2022-05-31,16656.6,16662.35,16651.35,16655.25,11:00:00,16618.38888694134,1,22
2022-05-31,16649.05,16657.35,16642.15,16656.55,11:05:00,16621.308992946924,1,23
2022-05-31,16648.35,16652.95,16643.7,16648.9,11:10:00,16623.88432695198,1,24
2022-05-31,16642.3,16653.1,16632.6,16648.2,11:15:00,16625.6382005756,1,25
2022-05-31,16643.8,16656.2,16638.15,16642.45,11:20:00,16627.367895758875,1,26
2022-05-31,16639.0,16647.0,16635.75,16643.45,11:25:00,16628.47571521041,1,27
2022-05-31,16639.8,16647.8,16635.9,16639.5,11:30:00,16629.554218523703,1,28
2022-05-31,16633.45,16642.6,16630.7,16640.1,11:35:00,16629.92524533097,1,29
2022-05-31,16629.8,16642.4,16627.9,16633.95,11:40:00,16629.913317204213,1,30
2022-05-31,16621.4,16632.75,16611.05,16630.05,11:45:00,16629.102525089525,1,31
2022-05-31,16626.25,16628.35,16618.15,16622.35,11:50:00,16628.83085603338,1,32
2022-05-31,16656.75,16657.8,16626.1,16627.3,11:55:00,16631.489822125437,1,33
2022-05-31,16658.25,16670.9,16656.25,16657.7,12:00:00,16634.038410494442,1,34
2022-05-31,16660.0,16661.4,16648.1,16658.1,12:05:00,16636.510942828307,1,35
2022-05-31,16658.0,16670.25,16654.75,16660.25,12:10:00,16638.5575197018,1,36
2022-05-31,16644.75,16659.35,16643.85,16658.4,12:15:00,16639.1472797302,1,37
2022-05-31,16654.8,16656.9,16644.65,16644.65,12:20:00,16640.63801499399,1,38
2022-05-31,16659.75,16666.95,16654.75,16655.85,12:25:00,16642.45820404218,1,39
2022-05-31,16651.55,16663.65,16644.2,16659.3,12:30:00,16643.324089371497,1,40
2022-05-31,16642.6,16653.55,16633.2,16652.7,12:35:00,16643.255128478973,1,41
2022-05-31,16635.45,16643.55,16624.45,16642.95,12:40:00,16642.511782909547,1,42
2022-05-31,16624.2,16636.4,16615.5,16635.65,12:45:00,16640.76780358483,1,43
2022-05-31,16639.25,16640.75,16619.55,16624.7,12:50:00,16640.623250862463,1,44
2022-05-31,16632.75,16641.05,16627.15,16639.9,12:55:00,16639.87341744699,1,45
2022-05-31,16629.8,16641.85,16625.9,16634.0,13:00:00,16638.9140443568,1,46
2022-05-31,16621.55,16637.45,16620.95,16630.2,13:05:00,16637.260325846626,1,47
2022-05-31,16619.85,16626.9,16601.05,16621.8,13:10:00,16635.602199575518,1,48
2022-05-31,16625.35,16641.3,16614.95,16619.95,13:15:00,16634.625799615944,1,49
2022-05-31,16620.95,16630.15,16619.7,16625.8,13:20:00,16633.323342509662,1,50
2022-05-31,16621.65,16632.75,16619.0,16620.9,13:25:00,16632.21159560398,1,51
2022-05-31,16643.9,16645.5,16622.3,16622.95,13:30:00,16633.32477697503,1,52
2022-05-31,16662.75,16663.55,16643.8,16645.45,13:35:00,16636.127179167885,1,53
2022-05-31,16655.6,16667.1,16648.45,16663.35,13:40:00,16637.981733532848,1,54
2022-05-31,16661.35,16667.9,16653.35,16655.7,13:45:00,16640.207282720196,1,55
2022-05-31,16658.35,16669.5,16657.45,16662.1,13:50:00,16641.935160556368,1,56
2022-05-31,16680.9,16684.1,16655.8,16658.95,13:55:00,16645.646097646237,1,57
2022-05-31,16688.55,16690.15,16674.5,16681.35,14:00:00,16649.73218358469,1,58
2022-05-31,16677.9,16690.75,16671.1,16688.9,14:05:00,16652.4148327671,1,59
2022-05-31,16670.9,16684.25,16670.9,16679.2,14:10:00,16654.17532488452,1,60
2022-05-31,16669.8,16678.75,16662.65,16671.65,14:15:00,16655.66338918123,1,61
2022-05-31,16674.0,16681.0,16666.65,16670.45,14:20:00,16657.409733068733,1,62
2022-05-31,16675.3,16679.65,16672.25,16674.3,14:25:00,16659.113568014567,1,63
2022-05-31,16655.8,16681.8,16645.05,16675.6,14:30:00,16658.797990108418,1,64
2022-05-31,16640.6,16657.05,16639.6,16655.95,14:35:00,16657.06484819333,1,65
2022-05-31,16652.4,16653.85,16638.6,16639.95,14:40:00,16656.620576936824,1,66
2022-05-31,16656.35,16666.8,16652.4,16653.7,14:45:00,16656.594807704747,1,67
2022-05-31,16642.8,16667.35,16641.85,16655.7,14:50:00,16655.281016494773,1,68
2022-05-31,16637.25,16648.85,16636.7,16642.85,14:55:00,16653.563776828603,1,69
2022-05-31,16630.7,16637.5,16614.15,16637.5,15:00:00,16651.3862742735,1,70
2022-05-31,16611.8,16632.45,16599.5,16630.95,15:05:00,16647.616152914117,1,71
2022-05-31,16557.75,16611.65,16556.8,16611.4,15:10:00,16639.057471684202,1,72
2022-05-31,16564.25,16567.7,16553.1,16557.8,15:15:00,16631.93295057142,1,73
2022-05-31,16546.1,16568.05,16546.1,16563.7,15:20:00,16623.75838385033,1,74
2022-05-31,16581.0,16583.6,16532.45,16545.75,15:25:00,16619.686156816966,1,75
2022-06-01,16642.15,16645.5,16561.95,16602.2,09:15:00,16623.76123041026,2,1
2022-06-01,16630.75,16649.2,16620.2,16639.7,09:20:00,16624.426827514042,2,2
2022-06-01,16620.75,16635.35,16615.65,16632.15,09:25:00,16624.076653465087,2,3
2022-06-01,16625.95,16636.05,16610.55,16619.7,09:30:00,16624.255067420792,2,4
2022-06-01,16592.2,16633.15,16586.2,16626.7,09:35:00,16621.20220385691,2,5
2022-06-01,16571.95,16592.75,16569.3,16592.45,09:40:00,16616.5115177753,2,6
2022-06-01,16592.95,16593.1,16561.8,16572.05,09:45:00,16614.26756370146,2,7
2022-06-01,16553.35,16602.6,16548.0,16593.5,09:50:00,16608.46589096799,2,8
2022-06-01,16552.75,16560.25,16537.9,16553.15,09:55:00,16603.159615637705,2,9
2022-06-01,16553.35,16564.3,16547.7,16553.15,10:00:00,16598.415842719827,2,10
2022-06-01,16571.75,16571.95,16546.2,16553.1,10:05:00,16595.87623865127,2,11
2022-06-01,16584.05,16588.55,16572.2,16572.2,10:10:00,16594.749930208294,2,12
2022-06-01,16597.15,16597.4,16583.6,16583.7,10:15:00,16594.978508283693,2,13
2022-06-01,16608.35,16611.2,16587.8,16596.9,10:20:00,16596.251983685244,2,14
2022-06-01,16608.9,16619.5,16604.7,16607.65,10:25:00,16597.456556667603,2,15
2022-06-01,16616.7,16616.9,16597.9,16609.25,10:30:00,16599.289265556403,2,16
2022-06-01,16627.9,16629.0,16615.85,16616.2,10:35:00,16602.014097408173,2,17
2022-06-01,16613.05,16632.25,16604.35,16627.55,10:40:00,16603.06513575025,2,18
2022-06-01,16607.6,16616.6,16605.15,16613.35,10:45:00,16603.49702758356,2,19
2022-06-01,16602.45,16609.35,16594.65,16606.8,10:50:00,16603.39731067084,2,20
2022-06-01,16612.6,16616.8,16602.45,16602.85,10:55:00,16604.27375727362,2,21
2022-06-01,16588.1,16612.9,16587.75,16612.05,11:00:00,16602.733399438035,2,22
2022-06-01,16589.6,16593.4,16579.9,16587.05,11:05:00,16601.482599491555,2,23
2022-06-01,16587.9,16597.5,16582.9,16589.5,11:10:00,16600.189018587596,2,24
2022-06-01,16572.75,16589.95,16568.2,16587.3,11:15:00,16597.575778722112,2,25
2022-06-01,16585.55,16592.35,16569.75,16572.6,11:20:00,16596.43046646286,2,26
2022-06-01,16593.7,16593.75,16576.2,16585.6,11:25:00,16596.170422037827,2,27
2022-06-01,16608.2,16608.75,16588.45,16594.65,11:30:00,16597.316096129463,2,28
2022-06-01,16603.85,16612.45,16599.25,16607.95,11:35:00,16597.93837268856,2,29
2022-06-01,16605.0,16609.85,16601.65,16603.7,11:40:00,16598.610908622984,2,30
2022-06-01,16604.55,16608.8,16594.8,16603.2,11:45:00,16599.176536373176,2,31
2022-06-01,16606.1,16618.5,16602.6,16603.7,11:50:00,16599.835913861447,2,32
2022-06-01,16587.85,16606.25,16587.85,16606.25,11:55:00,16598.694398255597,2,33
2022-06-01,16582.3,16591.3,16577.9,16587.4,12:00:00,16597.133026993157,2,34
2022-06-01,16589.95,16594.75,16578.35,16582.0,12:05:00,16596.448929184284,2,35
2022-06-01,16586.35,16591.8,16576.45,16589.35,12:10:00,16595.487126404827,2,36
2022-06-01,16582.35,16587.1,16574.55,16585.8,12:15:00,16594.23597150913,2,37
2022-06-01,16574.9,16582.05,16570.75,16581.9,12:20:00,16592.394450413023,2,38
2022-06-01,16570.3,16587.3,16567.7,16575.4,12:25:00,16590.290217040354,2,39
2022-06-01,16571.7,16580.1,16560.85,16570.7,12:30:00,16588.519720179367,2,40
2022-06-01,16577.1,16581.95,16569.6,16571.4,12:35:00,16587.432127781332,2,41
2022-06-01,16582.35,16586.45,16572.75,16577.45,12:40:00,16586.94811561168,2,42
2022-06-01,16579.55,16585.9,16575.9,16582.45,12:45:00,16586.243533172474,2,43
2022-06-01,16569.9,16580.65,16569.25,16579.15,12:50:00,16584.687006203665,2,44
2022-06-01,16574.3,16581.2,16563.05,16569.5,12:55:00,16583.697767517602,2,45
2022-06-01,16578.3,16578.3,16569.6,16574.2,13:00:00,16583.183694420688,2,46
2022-06-01,16569.7,16583.55,16566.65,16577.45,13:05:00,16581.89953304729,2,47
2022-06-01,16542.6,16569.4,16542.6,16569.4,13:10:00,16578.15672037612,2,48
2022-06-01,16539.5,16543.85,16528.1,16542.15,13:15:00,16574.475127959344,2,49
2022-06-01,16525.4,16551.85,16523.3,16539.4,13:20:00,16569.80130624893,2,50
2022-06-01,16510.95,16535.75,16509.9,16525.6,13:25:00,16564.196419939508,2,51
2022-06-01,16526.8,16532.9,16506.15,16510.65,13:30:00,16560.634856135744,2,52
2022-06-01,16507.15,16530.65,16498.7,16528.75,13:35:00,16555.54106031329,2,53
2022-06-01,16481.9,16508.7,16481.0,16505.1,13:40:00,16548.52762599774,2,54
2022-06-01,16490.6,16499.55,16476.8,16481.75,13:45:00,16543.010709236052,2,55
2022-06-01,16495.15,16503.7,16485.3,16490.85,13:50:00,16538.452546451666,2,56
2022-06-01,16501.65,16511.8,16493.3,16495.25,13:55:00,16534.947542027698,2,57
2022-06-01,16510.5,16517.0,16497.45,16502.05,14:00:00,16532.619204691728,2,58
2022-06-01,16491.0,16521.75,16483.85,16509.05,14:05:00,16528.655470911563,2,59
2022-06-01,16466.55,16495.45,16462.55,16490.7,14:10:00,16522.74066415808,2,60
2022-06-01,16477.7,16482.65,16464.25,16466.95,14:15:00,16518.451077095404,2,61
2022-06-01,16479.1,16487.65,16467.5,16477.25,14:20:00,16514.70335546727,2,62
2022-06-01,16456.5,16478.9,16456.05,16478.9,14:25:00,16509.1601787561,2,63
2022-06-01,16469.3,16472.35,16454.8,16455.65,14:30:00,16505.36397125552,2,64
2022-06-01,16472.65,16488.0,16468.85,16469.35,14:35:00,16502.24835494547,2,65
2022-06-01,16446.85,16474.75,16440.95,16472.95,14:40:00,16496.97232114114,2,66
2022-06-01,16453.85,16457.35,16438.85,16446.6,14:45:00,16492.86543341341,2,67
2022-06-01,16460.8,16464.9,16441.0,16453.4,14:50:00,16489.811582612136,2,68
2022-06-01,16457.45,16460.85,16453.6,16460.3,14:55:00,16486.729527125266,2,69
2022-06-01,16504.8,16504.8,16461.85,16461.85,15:00:00,16488.450524541906,2,70
2022-06-01,16522.6,16523.4,16490.2,16506.05,15:05:00,16491.702855537915,2,71
2022-06-01,16529.9,16529.9,16513.8,16523.25,15:10:00,16495.34067882002,2,72
2022-06-01,16543.35,16545.65,16525.9,16529.55,15:15:00,16499.912995122875,2,73
2022-06-01,16542.45,16545.35,16532.4,16542.8,15:20:00,16503.964138444506,2,74
2022-06-01,16543.95,16549.8,16538.35,16541.75,15:25:00,16507.772315735503,2,75
2022-06-02,16460.85,16500.95,16443.05,16496.45,09:15:00,16503.303523760693,3,1
2022-06-02,16479.85,16493.5,16456.15,16463.3,09:20:00,16501.069854831105,3,2
2022-06-02,16521.9,16524.15,16473.15,16482.75,09:25:00,16503.053678180524,3,3
2022-06-02,16514.6,16529.05,16503.4,16521.3,09:30:00,16504.15332787762,3,4
2022-06-02,16495.45,16515.6,16491.4,16514.65,09:35:00,16503.324439508324,3,5
2022-06-02,16488.1,16497.85,16483.4,16494.6,09:40:00,16501.874492888484,3,6
2022-06-02,16512.0,16514.55,16486.4,16488.45,09:45:00,16502.838826899104,3,7
2022-06-02,16513.75,16514.9,16506.45,16510.9,09:50:00,16503.877986242045,3,8
2022-06-02,16524.55,16535.35,16513.2,16513.3,09:55:00,16505.846749457087,3,9
2022-06-02,16510.95,16528.9,16509.0,16524.1,10:00:00,16506.332773318318,3,10
2022-06-02,16528.2,16532.05,16510.5,16512.55,10:05:00,16508.41536633562,3,11
2022-06-02,16536.2,16544.0,16528.55,16528.55,10:10:00,16511.061521922704,3,12
2022-06-02,16543.7,16550.3,16529.7,16536.65,10:15:00,16514.169948406256,3,13
2022-06-02,16533.95,16545.75,16530.75,16542.35,10:20:00,16516.053762843756,3,14
2022-06-02,16546.1,16554.65,16518.85,16533.8,10:25:00,16518.91530923959,3,15
2022-06-02,16569.9,16580.75,16545.3,16545.3,10:30:00,16523.770994073915,3,16
2022-06-02,16571.9,16586.05,16569.1,16571.3,10:35:00,16528.35470892402,3,17
2022-06-02,16552.05,16578.15,16543.65,16573.2,10:40:00,16530.611403312207,3,18
2022-06-02,16530.25,16556.25,16522.65,16551.6,10:45:00,16530.57698394914,3,19
2022-06-02,16525.6,16529.3,16502.25,16529.3,10:50:00,16530.10298547779,3,20
2022-06-02,16518.05,16525.25,16511.15,16525.25,10:55:00,16528.955082098953,3,21
2022-06-02,16505.1,16523.95,16504.35,16518.0,11:00:00,16526.683169518103,3,22
2022-06-02,16496.75,16513.7,16494.25,16504.75,11:05:00,16523.832391468757,3,23
2022-06-02,16517.5,16521.35,16495.7,16496.0,11:10:00,16523.22930656697,3,24
2022-06-02,16516.7,16532.65,16516.4,16517.3,11:15:00,16522.607467846305,3,25
2022-06-02,16525.0,16525.7,16509.2,16516.25,11:20:00,16522.83532805142,3,26
2022-06-02,16536.8,16536.8,16516.55,16525.05,11:25:00,16524.165296808427,3,27
2022-06-02,16545.05,16555.75,16533.8,16538.15,11:30:00,16526.154316160006,3,28
2022-06-02,16556.25,16558.2,16537.05,16544.6,11:35:00,16529.020571763816,3,29
2022-06-02,16546.55,16562.2,16545.1,16555.8,11:40:00,16530.690041119644,3,30
2022-06-02,16539.25,16551.5,16529.55,16546.8,11:45:00,16531.505275298725,3,31
2022-06-02,16557.45,16557.45,16538.05,16539.05,11:50:00,16533.97620146075,3,32
2022-06-02,16552.3,16565.65,16549.15,16556.15,11:55:00,16535.721325131155,3,33
2022-06-02,16541.65,16553.8,16538.35,16552.85,12:00:00,16536.28596083295,3,34
2022-06-02,16551.35,16552.7,16540.55,16541.05,12:05:00,16537.72063122981,3,35
2022-06-02,16549.2,16556.1,16546.9,16551.6,12:10:00,16538.81390444602,3,36
2022-06-02,16560.8,16560.9,16546.6,16548.4,12:15:00,16540.907818308304,3,37
2022-06-02,16567.75,16574.2,16554.0,16561.9,12:20:00,16543.46421656466,3,38
2022-06-02,16575.75,16581.6,16563.65,16567.85,12:25:00,16546.53905308231,3,39
2022-06-02,16588.15,16592.7,16565.95,16575.95,12:30:00,16550.502000407803,3,40
2022-06-02,16577.65,16598.95,16571.0,16589.0,12:35:00,16553.08752417849,3,41
2022-06-02,16576.3,16583.6,16569.5,16578.1,12:40:00,16555.29823616149,3,42
2022-06-02,16572.95,16579.15,16562.0,16576.4,12:45:00,16556.97935652706,3,43
2022-06-02,16574.2,16576.7,16564.25,16572.25,12:50:00,16558.619417810194,3,44
2022-06-02,16586.7,16591.95,16572.35,16573.65,12:55:00,16561.29375897113,3,45
2022-06-02,16573.05,16592.7,16563.95,16586.0,13:00:00,16562.413400973877,3,46
2022-06-02,16576.15,16578.55,16560.55,16573.95,13:05:00,16563.721648500174,3,47
2022-06-02,16575.5,16576.9,16564.35,16576.9,13:10:00,16564.843396262062,3,48
2022-06-02,16555.2,16575.65,16553.35,16574.7,13:15:00,16563.924977570437,3,49
2022-06-02,16565.55,16566.3,16546.2,16554.65,13:20:00,16564.07974161135,3,50
2022-06-02,16570.15,16573.35,16559.3,16566.45,13:25:00,16564.657861457887,3,51
2022-06-02,16587.3,16587.3,16556.0,16571.4,13:30:00,16566.814255604753,3,52
2022-06-02,16574.4,16588.05,16565.85,16588.05,13:35:00,16567.53670745192,3,53
2022-06-02,16604.65,16607.7,16572.05,16575.0,13:40:00,16571.071306742215,3,54
2022-06-02,16616.65,16621.6,16597.45,16604.85,13:45:00,16575.41213467153,3,55
2022-06-02,16598.45,16619.5,16591.0,16618.0,13:50:00,16577.606217083765,3,56
2022-06-02,16610.0,16617.15,16598.7,16598.7,13:55:00,16580.691339266265,3,57
2022-06-02,16626.95,16630.05,16606.4,16610.7,14:00:00,16585.09692600281,3,58
2022-06-02,16611.95,16630.0,16610.75,16627.95,14:05:00,16587.65436162159,3,59
2022-06-02,16627.05,16627.7,16607.2,16612.1,14:10:00,16591.406327181438,3,60
2022-06-02,16629.3,16638.0,16626.9,16627.4,14:15:00,16595.01524840225,3,61
2022-06-02,16622.5,16632.9,16617.75,16630.15,14:20:00,16597.63284379251,3,62
2022-06-02,16610.85,16623.05,16608.05,16622.95,14:25:00,16598.891620574177,3,63
2022-06-02,16615.6,16620.1,16609.2,16612.75,14:30:00,16600.48289480521,3,64
2022-06-02,16632.0,16634.55,16612.55,16615.75,14:35:00,16603.484523871382,3,65
2022-06-02,16618.8,16635.5,16618.15,16632.05,14:40:00,16604.943140645537,3,66
2022-06-02,16624.1,16630.35,16615.9,16618.95,14:45:00,16606.7676034412,3,67
2022-06-02,16626.7,16627.95,16620.85,16624.0,14:50:00,16608.665926922993,3,68
2022-06-02,16633.25,16646.4,16626.35,16627.15,14:55:00,16611.007267216042,3,69
2022-06-02,16610.7,16634.9,16596.05,16634.3,15:00:00,16610.97800367166,3,70
2022-06-02,16619.95,16625.8,16609.05,16612.45,15:05:00,16611.832479512454,3,71
2022-06-02,16632.7,16640.1,16616.9,16619.8,15:10:00,16613.81986241603,3,72
2022-06-02,16633.3,16641.2,16627.25,16633.2,15:15:00,16615.675113614503,3,73
2022-06-02,16636.05,16640.6,16631.25,16634.05,15:20:00,16617.61557898455,3,74
2022-06-02,16638.8,16639.9,16629.1,16634.7,15:25:00,16619.633142890783,3,75
2022-06-03,16776.2,16787.85,16756.35,16763.75,09:15:00,16634.54427213928,4,1
2022-06-03,16781.3,16781.85,16766.65,16775.5,09:20:00,16648.521008126016,4,2
2022-06-03,16780.3,16793.85,16760.95,16780.0,09:25:00,16661.07138830449,4,3
2022-06-03,16759.0,16779.85,16753.1,16779.85,09:30:00,16670.39792275168,4,4
2022-06-03,16762.3,16770.95,16750.35,16760.25,09:35:00,16679.150501537235,4,5
2022-06-03,16765.3,16772.95,16760.15,16761.75,09:40:00,16687.355215676547,4,6
2022-06-03,16767.05,16779.6,16759.7,16765.35,09:45:00,16694.945195135922,4,7
2022-06-03,16774.1,16775.95,16765.3,16767.6,09:50:00,16702.48374798012,4,8
2022-06-03,16773.55,16777.35,16761.7,16773.8,09:55:00,16709.251962458206,4,9
2022-06-03,16763.6,16783.6,16762.4,16774.75,10:00:00,16714.427966033614,4,10
2022-06-03,16757.35,16769.85,16755.75,16763.9,10:05:00,16718.515778792316,4,11
2022-06-03,16754.3,16761.05,16743.8,16757.8,10:10:00,16721.923799859716,4,12
2022-06-03,16746.45,16755.25,16736.65,16754.9,10:15:00,16724.259628444506,4,13
2022-06-03,16749.65,16757.05,16743.15,16746.65,10:20:00,16726.67775906884,4,14
2022-06-03,16734.1,16751.5,16734.1,16749.95,10:25:00,16727.38463915752,4,15
2022-06-03,16734.6,16741.85,16728.35,16733.4,10:30:00,16728.071816380616,4,16
2022-06-03,16733.7,16751.2,16733.7,16733.75,10:35:00,16728.607833868176,4,17
2022-06-03,16720.8,16736.75,16717.05,16733.6,10:40:00,16727.864230642637,4,18
2022-06-03,16726.6,16728.05,16710.15,16720.95,10:45:00,16727.74382772429,4,19
2022-06-03,16731.2,16732.65,16721.0,16726.65,10:50:00,16728.072986988645,4,20
2022-06-03,16740.65,16742.05,16727.45,16731.05,10:55:00,16729.270797751633,4,21
2022-06-03,16726.05,16746.55,16726.0,16740.3,11:00:00,16728.96405510862,4,22
2022-06-03,16736.85,16737.9,16718.4,16724.95,11:05:00,16729.715097479228,4,23
2022-06-03,16732.75,16740.55,16730.0,16736.35,11:10:00,16730.00413581454,4,24
2022-06-03,16725.35,16733.4,16725.35,16732.0,11:15:00,16729.560884784583,4,25
2022-06-03,16730.4,16732.45,16723.4,16725.7,11:20:00,16729.640800519384,4,26
2022-06-03,16738.1,16738.65,16728.0,16729.8,11:25:00,16730.446438565155,4,27
2022-06-03,16744.95,16748.05,16737.25,16739.25,11:30:00,16731.82773013038,4,28
2022-06-03,16737.85,16749.25,16737.85,16744.85,11:35:00,16732.40127964177,4,29
2022-06-03,16755.05,16756.75,16735.25,16738.55,11:40:00,16734.55830062827,4,30
2022-06-03,16756.75,16760.55,16752.15,16756.15,11:45:00,16736.671795806527,4,31
2022-06-03,16747.6,16758.85,16745.1,16755.6,11:50:00,16737.712577158287,4,32
2022-06-03,16753.45,16758.8,16742.25,16748.35,11:55:00,16739.211379333687,4,33
2022-06-03,16757.75,16764.2,16748.95,16754.9,12:00:00,16740.976962254288,4,34
2022-06-03,16760.35,16764.2,16755.05,16757.1,12:05:00,16742.822013468165,4,35
2022-06-03,16757.25,16759.8,16745.9,16759.15,12:10:00,16744.196107423577,4,36
2022-06-03,16754.0,16764.1,16752.85,16757.35,12:15:00,16745.129811478473,4,37
2022-06-03,16731.95,16757.55,16730.35,16755.3,12:20:00,16743.874591337666,4,38
2022-06-03,16737.2,16738.3,16725.75,16731.9,12:25:00,16743.238915972175,4,39
2022-06-03,16711.45,16737.75,16706.95,16737.75,12:30:00,16740.211400165303,4,40
2022-06-03,16716.5,16716.5,16699.9,16710.9,12:35:00,16737.95317157813,4,41
2022-06-03,16729.75,16732.4,16707.2,16716.05,12:40:00,16737.171917142117,4,42
2022-06-03,16716.6,16735.9,16715.95,16730.5,12:45:00,16735.212686938106,4,43
2022-06-03,16713.7,16721.1,16712.35,16716.4,12:50:00,16733.163859610668,4,44
2022-06-03,16709.7,16714.2,16696.1,16714.1,12:55:00,16730.929206314413,4,45
2022-06-03,16711.25,16715.2,16698.6,16710.35,13:00:00,16729.054996189232,4,46
2022-06-03,16714.0,16718.9,16704.35,16711.75,13:05:00,16727.62118702835,4,47
2022-06-03,16717.65,16728.15,16713.55,16714.4,13:10:00,16726.67155016851,4,48
2022-06-03,16710.9,16718.6,16704.9,16717.95,13:15:00,16725.16949777151,4,49
2022-06-03,16708.6,16723.95,16701.15,16711.1,13:20:00,16723.5914503647,4,50
2022-06-03,16692.6,16711.6,16691.4,16708.8,13:25:00,16720.6398836633,4,51
2022-06-03,16680.0,16692.55,16671.65,16692.5,13:30:00,16716.76941855251,4,52
2022-06-03,16679.3,16687.65,16675.45,16682.15,13:35:00,16713.20090249989,4,53
2022-06-03,16676.05,16684.7,16674.5,16679.7,13:40:00,16709.662721309425,4,54
2022-06-03,16671.15,16683.5,16659.05,16675.95,13:45:00,16705.99484308948,4,55
2022-06-03,16691.2,16693.1,16668.9,16670.8,13:50:00,16704.585810414294,4,56
2022-06-03,16688.8,16700.25,16687.7,16691.95,13:55:00,16703.082399898645,4,57
2022-06-03,16692.95,16698.35,16683.05,16689.5,14:00:00,16702.117409432107,4,58
2022-06-03,16705.9,16720.0,16693.2,16693.65,14:05:00,16702.47765615286,4,59
2022-06-03,16711.6,16715.7,16700.25,16705.65,14:10:00,16703.34645080497,4,60
2022-06-03,16699.05,16719.85,16698.9,16712.45,14:15:00,16702.93726501402,4,61
2022-06-03,16654.15,16698.65,16649.4,16698.65,14:20:00,16698.29085882221,4,62
2022-06-03,16644.5,16663.75,16630.85,16653.7,14:25:00,16693.16791988676,4,63
2022-06-03,16639.2,16651.45,16628.05,16647.1,14:30:00,16688.028117992784,4,64
2022-06-03,16661.8,16662.45,16639.35,16639.35,14:35:00,16685.53020199347,4,65
2022-06-03,16655.55,16671.1,16651.45,16661.55,14:40:00,16682.67494466076,4,66
2022-06-03,16610.8,16654.8,16605.7,16654.8,14:45:00,16675.829711835926,4,67
2022-06-03,16621.2,16628.9,16608.4,16611.5,14:50:00,16670.626882137265,4,68
2022-06-03,16587.6,16624.75,16587.0,16622.9,14:55:00,16662.719560028956,4,69
2022-06-03,16582.65,16607.05,16567.9,16588.95,15:00:00,16655.093887645246,4,70
2022-06-03,16582.1,16588.05,16572.25,16584.7,15:05:00,16648.14208882189,4,71
2022-06-03,16577.0,16589.5,16569.55,16582.15,15:10:00,16641.366651791235,4,72
2022-06-03,16592.45,16594.9,16570.05,16577.05,15:15:00,16636.707923049213,4,73
2022-06-03,16590.0,16607.65,16589.95,16593.15,15:20:00,16632.25954942548,4,74
2022-06-03,16584.5,16589.4,16572.75,16589.4,15:25:00,16627.711020908766,4,75
2022-06-06,16564.95,16576.05,16529.1,16547.7,09:15:00,16621.733780822215,0,1
2022-06-06,16512.3,16579.2,16510.05,16565.85,09:20:00,16611.311515982004,0,2
2022-06-06,16471.4,16511.35,16470.15,16511.3,09:25:00,16597.986609698004,0,3
2022-06-06,16475.0,16478.6,16444.55,16469.9,09:30:00,16586.273599250577,0,4
2022-06-06,16465.8,16483.25,16461.7,16475.05,09:35:00,16574.799923131475,0,5
2022-06-06,16480.95,16483.55,16456.85,16468.15,09:40:00,16565.861835214193,0,6
2022-06-06,16530.75,16532.35,16479.45,16481.35,09:45:00,16562.51785090808,0,7
2022-06-06,16524.15,16545.15,16524.05,16531.55,09:50:00,16558.863769869215,0,8
2022-06-06,16514.95,16533.15,16511.6,16525.2,09:55:00,16554.681506072146,0,9
2022-06-06,16520.15,16540.15,16514.0,16515.6,10:00:00,16551.39279120813,0,10
2022-06-06,16509.15,16525.4,16503.25,16519.0,10:05:00,16547.36966823593,0,11
2022-06-06,16498.65,16511.65,16498.35,16508.2,10:10:00,16542.729699832507,0,12
2022-06-06,16512.5,16512.5,16485.5,16498.75,10:15:00,16539.85068080084,0,13
2022-06-06,16520.95,16521.45,16508.6,16513.25,10:20:00,16538.050615962664,0,14
2022-06-06,16512.2,16534.25,16506.0,16520.75,10:25:00,16535.588652537648,0,15
2022-06-06,16497.0,16513.9,16487.35,16511.9,10:30:00,16531.91354277216,0,16
2022-06-06,16510.75,16510.95,16490.15,16495.6,10:35:00,16529.897967270048,0,17
2022-06-06,16502.05,16510.65,16495.35,16510.05,10:40:00,16527.245779910994,0,18
2022-06-06,16507.3,16507.7,16492.15,16501.8,10:45:00,16525.346181824232,0,19
2022-06-06,16515.3,16518.95,16497.15,16508.35,10:50:00,16524.38940260288,0,20
2022-06-06,16513.7,16521.65,16507.45,16514.9,10:55:00,16523.371364259747,0,21
2022-06-06,16517.95,16523.65,16508.2,16515.25,11:00:00,16522.85504385406,0,22
2022-06-06,16513.3,16520.0,16508.3,16517.7,11:05:00,16521.94503967748,0,23
2022-06-06,16502.5,16517.55,16500.35,16514.0,11:10:00,16520.093131136768,0,24
2022-06-06,16506.0,16510.5,16493.35,16504.0,11:15:00,16518.75092817136,0,25
2022-06-06,16507.85,16509.95,16497.7,16506.95,11:20:00,16517.712744535995,0,26
2022-06-06,16506.55,16508.35,16499.0,16508.1,11:25:00,16516.64962600876,0,27
2022-06-06,16497.85,16508.05,16495.2,16506.15,11:30:00,16514.859185436497,0,28
2022-06-06,16503.45,16506.4,16482.15,16497.75,11:35:00,16513.772596347306,0,29
2022-06-06,16497.85,16506.55,16491.15,16503.5,11:40:00,16512.256158599943,0,30
2022-06-06,16502.15,16502.2,16488.3,16497.2,11:45:00,16511.29366730471,0,31
2022-06-06,16528.35,16528.75,16501.7,16501.9,11:50:00,16512.918079942356,0,32
2022-06-06,16523.9,16528.95,16515.95,16528.95,11:55:00,16513.9639770907,0,33
2022-06-06,16528.3,16533.45,16519.35,16525.3,12:00:00,16515.32931260587,0,34
2022-06-06,16546.95,16547.05,16523.75,16529.55,12:05:00,16518.340806643406,0,35
2022-06-06,16559.25,16559.8,16541.75,16548.7,12:10:00,16522.236920296415,0,36
2022-06-06,16551.1,16565.3,16548.15,16559.1,12:15:00,16524.98578503009,0,37
2022-06-06,16538.05,16553.1,16538.05,16551.7,12:20:00,16526.229995979607,0,38
2022-06-06,16549.85,16549.85,16534.45,16539.45,12:25:00,16528.479520172026,0,39
2022-06-06,16554.6,16556.25,16543.95,16549.5,12:30:00,16530.967184917547,0,40
2022-06-06,16554.25,16562.4,16546.45,16554.0,12:35:00,16533.18459587778,0,41
2022-06-06,16560.55,16562.4,16548.5,16554.35,12:40:00,16535.790824841803,0,42
2022-06-06,16579.05,16581.75,16559.2,16562.1,12:45:00,16539.91074628544,0,43
2022-06-06,16582.15,16585.6,16569.3,16578.5,12:50:00,16543.933532353494,0,44
2022-06-06,16571.95,16582.95,16562.9,16582.4,12:55:00,16546.601767367447,0,45
2022-06-06,16568.45,16575.05,16554.65,16572.3,13:00:00,16548.68255142769,0,46
2022-06-06,16567.85,16572.75,16561.95,16568.7,13:05:00,16550.508022720293,0,47
2022-06-06,16560.7,16576.65,16554.3,16568.65,13:10:00,16551.47868722312,0,48
2022-06-06,16566.4,16568.7,16551.15,16561.35,13:15:00,16552.89976463044,0,49
2022-06-06,16573.1,16587.7,16561.95,16566.1,13:20:00,16554.8235965704,0,50
2022-06-06,16579.8,16584.55,16570.6,16572.2,13:25:00,16557.202301658934,0,51
2022-06-06,16569.65,16592.3,16568.85,16580.0,13:30:00,16558.387796739036,0,52
2022-06-06,16572.5,16573.7,16562.1,16569.1,13:35:00,16559.731816097225,0,53
2022-06-06,16592.55,16593.05,16571.25,16572.3,13:40:00,16562.857357421297,0,54
2022-06-06,16585.05,16597.9,16584.1,16592.95,13:45:00,16564.970942428794,0,55
2022-06-06,16587.4,16590.55,16578.25,16584.7,13:50:00,16567.10704314986,0,56
2022-06-06,16601.3,16601.55,16581.1,16587.45,13:55:00,16570.363515230823,0,57
2022-06-06,16593.25,16609.35,16591.55,16605.0,14:00:00,16572.543180446937,0,58
2022-06-06,16598.95,16610.8,16588.45,16593.4,14:05:00,16575.058115642467,0,59
2022-06-06,16604.8,16610.95,16599.05,16599.6,14:10:00,16577.890676057472,0,60
2022-06-06,16590.95,16605.95,16581.9,16605.95,14:15:00,16579.134421194856,0,61
2022-06-06,16573.75,16595.8,16572.15,16592.3,14:20:00,16578.621619176298,0,62
2022-06-06,16582.8,16586.6,16554.25,16574.25,14:25:00,16579.019560207125,0,63
2022-06-06,16581.7,16589.55,16573.75,16584.2,14:30:00,16579.274840187398,0,64
2022-06-06,16573.4,16583.65,16569.55,16581.65,14:35:00,16578.715331598123,0,65
2022-06-06,16586.55,16589.0,16567.4,16573.25,14:40:00,16579.46149049354,0,66
2022-06-06,16582.9,16590.4,16579.25,16586.2,14:45:00,16579.788967589393,0,67
2022-06-06,16596.1,16599.05,16570.75,16583.6,14:50:00,16581.342399247547,0,68
2022-06-06,16592.9,16604.0,16592.75,16595.45,14:55:00,16582.443123128734,0,69
2022-06-06,16562.55,16596.7,16556.75,16594.0,15:00:00,16580.548539973617,0,70
2022-06-06,16563.15,16574.85,16561.15,16564.35,15:05:00,16578.891536166608,0,71
2022-06-06,16573.5,16585.05,16561.95,16563.3,15:10:00,16578.378056531692,0,72
2022-06-06,16573.7,16575.45,16567.55,16574.45,15:15:00,16577.9325273382,0,73
2022-06-06,16563.65,16578.55,16561.55,16573.15,15:20:00,16576.572286639323,0,74
2022-06-06,16565.75,16569.3,16557.75,16564.05,15:25:00,16575.54159267367,0,75
2022-06-07,16411.9,16487.25,16408.5,16487.25,09:15:00,16559.956679085702,1,1
2022-06-07,16441.85,16448.3,16410.6,16411.45,09:20:00,16548.70842393468,1,2
2022-06-07,16434.85,16455.55,16433.05,16443.35,09:25:00,16537.86476451233,1,3
2022-06-07,16436.95,16438.95,16420.1,16434.75,09:30:00,16528.253834558775,1,4
2022-06-07,16427.8,16442.35,16427.25,16436.9,09:35:00,16518.686802696033,1,5
2022-06-07,16427.7,16430.15,16413.45,16428.55,09:40:00,16510.02139291546,1,6
2022-06-07,16416.8,16426.9,16411.2,16426.9,09:45:00,16501.14316501875,1,7
2022-06-07,16404.35,16421.5,16400.75,16417.1,09:50:00,16491.924768350298,1,8
2022-06-07,16401.8,16411.35,16399.5,16403.6,09:55:00,16483.34145707884,1,9
2022-06-07,16412.05,16415.3,16382.85,16401.25,10:00:00,16476.551794499905,1,10
2022-06-07,16424.85,16425.35,16405.55,16412.45,10:05:00,16471.62781407134,1,11
2022-06-07,16428.45,16428.55,16413.4,16423.85,10:10:00,16467.51564130264,1,12
2022-06-07,16419.45,16426.85,16414.15,16426.8,10:15:00,16462.93796117858,1,13
2022-06-07,16426.3,16427.65,16416.3,16418.9,10:20:00,16459.448631542527,1,14
2022-06-07,16440.9,16442.5,16426.45,16426.45,10:25:00,16457.682095205146,1,15
2022-06-07,16424.15,16444.1,16423.1,16440.8,10:30:00,16454.488562328464,1,16
2022-06-07,16413.2,16424.45,16410.15,16424.25,10:35:00,16450.556318297182,1,17
2022-06-07,16415.4,16417.35,16407.3,16412.45,10:40:00,16447.208097506977,1,18
2022-06-07,16408.85,16424.3,16408.85,16415.3,10:45:00,16443.554945363456,1,19
2022-06-07,16395.95,16410.3,16395.6,16410.0,10:50:00,16439.021141043126,1,20
2022-06-07,16391.9,16399.35,16387.0,16395.8,10:55:00,16434.533413324734,1,21
2022-06-07,16392.8,16399.85,16388.35,16391.35,11:00:00,16430.5588025319,1,22
2022-06-07,16378.45,16397.6,16376.3,16393.6,11:05:00,16425.596059433625,1,23
2022-06-07,16374.0,16382.1,16373.2,16377.35,11:10:00,16420.682149011376,1,24
2022-06-07,16379.85,16382.85,16365.45,16373.15,11:15:00,16416.793372915054,1,25
2022-06-07,16354.7,16381.9,16351.4,16379.55,11:20:00,16410.879718351716,1,26
2022-06-07,16356.45,16364.55,16347.1,16353.45,11:25:00,16405.69593565155,1,27
2022-06-07,16372.45,16374.3,16357.4,16357.55,11:30:00,16402.52965606569,1,28
2022-06-07,16371.65,16380.5,16366.3,16372.4,11:35:00,16399.588736440386,1,29
2022-06-07,16370.9,16373.45,16363.15,16371.6,11:40:00,16396.856475827015,1,30
2022-06-07,16376.8,16380.5,16368.25,16370.25,11:45:00,16394.94633527206,1,31
2022-06-07,16390.0,16392.7,16377.1,16377.1,11:50:00,16394.47525572234,1,32
2022-06-07,16385.95,16390.7,16383.55,16390.5,11:55:00,16393.663326605925,1,33
2022-06-07,16392.15,16399.5,16386.85,16386.85,12:00:00,16393.519200262504,1,34
2022-06-07,16390.4,16394.7,16386.9,16392.3,12:05:00,16393.22213357084,1,35
2022-06-07,16382.2,16396.0,16380.7,16390.25,12:10:00,16392.172406564092,1,36
2022-06-07,16393.75,16394.1,16378.75,16383.45,12:15:00,16392.32265355799,1,37
2022-06-07,16414.45,16416.9,16391.7,16393.65,12:20:00,16394.4300198858,1,38
2022-06-07,16403.15,16415.9,16403.1,16413.8,12:25:00,16395.260494182392,1,39
2022-06-07,16397.45,16415.85,16396.95,16404.15,12:30:00,16395.469018545973,1,40
2022-06-07,16404.5,16405.2,16388.25,16398.3,12:35:00,16396.329112017786,1,41
2022-06-07,16413.45,16414.05,16401.7,16405.65,12:40:00,16397.959672777997,1,42
2022-06-07,16393.1,16414.1,16391.8,16414.1,12:45:00,16397.49684679914,1,43
2022-06-07,16391.65,16395.35,16383.75,16393.5,12:50:00,16396.94000424684,1,44
2022-06-07,16399.2,16402.25,16387.7,16391.05,12:55:00,16397.155241937617,1,45
2022-06-07,16387.35,16401.0,16387.35,16399.5,13:00:00,16396.22140937213,1,46
2022-06-07,16386.55,16391.35,16381.2,16387.9,13:05:00,16395.30032276526,1,47
2022-06-07,16395.95,16397.7,16383.75,16386.05,13:10:00,16395.362196787617,1,48
2022-06-07,16403.75,16408.45,16394.9,16395.55,13:15:00,16396.161035188794,1,49
2022-06-07,16397.55,16408.0,16392.95,16404.4,13:20:00,16396.293317551765,1,50
2022-06-07,16405.05,16412.45,16397.9,16397.9,13:25:00,16397.12728730874,1,51
2022-06-07,16410.75,16412.9,16402.95,16405.45,13:30:00,16398.424688517433,1,52
2022-06-07,16398.6,16415.0,16398.6,16411.3,13:35:00,16398.441384849106,1,53
2022-06-07,16396.2,16410.25,16387.7,16398.25,13:40:00,16398.22791962538,1,54
2022-06-07,16394.9,16400.15,16389.7,16395.8,13:45:00,16397.910974899154,1,55
2022-06-07,16393.65,16396.55,16387.15,16395.0,13:50:00,16397.505167765903,1,56
2022-06-07,16378.3,16405.7,16374.85,16393.75,13:55:00,16395.67610416915,1,57
2022-06-07,16384.85,16387.8,16377.8,16377.8,14:00:00,16394.64504662923,1,58
2022-06-07,16396.45,16399.0,16381.3,16385.2,14:05:00,16394.816946950257,1,59
2022-06-07,16380.75,16396.35,16378.3,16396.35,14:10:00,16393.4772377169,1,60
2022-06-07,16383.2,16390.4,16381.1,16381.3,14:15:00,16392.498453172433,1,61
2022-06-07,16390.6,16393.3,16377.65,16383.4,14:20:00,16392.317648108394,1,62
2022-06-07,16413.05,16425.95,16389.85,16390.55,14:25:00,16394.292157812357,1,63
2022-06-07,16400.6,16418.85,16400.6,16414.55,14:30:00,16394.89290468737,1,64
2022-06-07,16389.6,16400.25,16389.0,16400.25,14:35:00,16394.38881852667,1,65
2022-06-07,16387.65,16395.25,16384.25,16390.3,14:40:00,16393.747026286033,1,66
2022-06-07,16379.6,16391.05,16375.5,16387.95,14:45:00,16392.399690449267,1,67
2022-06-07,16385.1,16394.45,16378.65,16379.35,14:50:00,16391.70448183505,1,68
2022-06-07,16388.05,16391.45,16381.45,16385.05,14:55:00,16391.356435946,1,69
2022-06-07,16422.2,16422.2,16388.95,16388.95,15:00:00,16394.293918236857,1,70
2022-06-07,16416.3,16424.9,16410.9,16424.05,15:05:00,16396.389735547633,1,71
2022-06-07,16418.25,16426.5,16413.5,16416.55,15:10:00,16398.47166549548,1,72
2022-06-07,16421.65,16424.6,16415.15,16419.7,15:15:00,16400.679125924482,1,73
2022-06-07,16412.35,16427.3,16412.0,16422.6,15:20:00,16401.790637741196,1,74
2022-06-07,16404.85,16416.2,16402.95,16413.85,15:25:00,16402.08200557537,1,75
2022-06-08,16411.3,16485.7,16404.9,16481.55,09:15:00,16402.959909806286,2,1
2022-06-08,16399.15,16420.35,16396.3,16409.75,09:20:00,16402.597061253306,2,2
2022-06-08,16384.9,16408.05,16384.45,16398.9,09:25:00,16400.91162684823,2,3
2022-06-08,16383.05,16394.8,16378.2,16384.3,09:30:00,16399.21051952935,2,4
2022-06-08,16358.9,16384.9,16356.95,16384.35,09:35:00,16395.37142243132,2,5
2022-06-08,16364.35,16371.05,16348.9,16357.6,09:40:00,16392.417001247384,2,6
2022-06-08,16365.5,16370.25,16355.95,16364.2,09:45:00,16389.853477319062,2,7
2022-06-08,16362.7,16380.0,16361.8,16364.3,09:50:00,16387.267431860102,2,8
2022-06-08,16339.25,16364.8,16332.3,16362.85,09:55:00,16382.69434311152,2,9
2022-06-08,16333.4,16345.7,16329.6,16338.75,10:00:00,16377.999643767564,2,10
2022-06-08,16351.15,16366.7,16293.35,16334.45,10:05:00,16375.44253483732,2,11
2022-06-08,16376.05,16390.2,16345.9,16350.45,10:10:00,16375.500388662338,2,12
2022-06-08,16373.35,16396.1,16371.4,16376.95,10:15:00,16375.295589742116,2,13
2022-06-08,16369.35,16386.9,16368.0,16373.3,10:20:00,16374.72934310001,2,14
2022-06-08,16363.85,16375.4,16361.95,16369.2,10:25:00,16373.693215185724,2,15
2022-06-08,16409.7,16411.2,16361.65,16364.3,10:30:00,16377.122432787086,2,16
2022-06-08,16467.15,16469.15,16410.05,16410.05,10:35:00,16385.696486807363,2,17
2022-06-08,16492.7,16494.3,16466.8,16466.8,10:40:00,16395.887297587615,2,18
2022-06-08,16474.55,16514.3,16474.15,16494.95,10:45:00,16403.37898353165,2,19
2022-06-08,16464.05,16483.65,16460.2,16475.5,10:50:00,16409.157175576256,2,20
2022-06-08,16453.2,16469.2,16448.25,16464.85,10:55:00,16413.35173028328,2,21
2022-06-08,16453.75,16463.8,16448.45,16452.7,11:00:00,16417.199184542016,2,22
2022-06-08,16440.0,16455.85,16440.0,16455.3,11:05:00,16419.370690776108,2,23
2022-06-08,16430.35,16450.45,16424.05,16438.65,11:10:00,16420.416339273623,2,24
2022-06-08,16430.8,16434.9,16424.0,16430.25,11:15:00,16421.405259342802,2,25
2022-06-08,16444.2,16450.05,16430.1,16430.6,11:20:00,16423.57618702444,2,26
2022-06-08,16453.0,16453.0,16431.8,16443.3,11:25:00,16426.37845492687,2,27
2022-06-08,16441.0,16458.5,16437.65,16454.05,11:30:00,16427.770983029073,2,28
2022-06-08,16440.95,16448.95,16435.9,16441.65,11:35:00,16429.026127502497,2,29
2022-06-08,16435.7,16441.55,16432.65,16441.35,11:40:00,16429.661734407022,2,30
2022-06-08,16450.05,16451.15,16434.45,16438.0,11:45:00,16431.603473987307,2,31
2022-06-08,16458.55,16461.9,16445.05,16449.8,11:50:00,16434.169809798037,2,32
2022-06-08,16465.1,16468.95,16456.75,16459.0,11:55:00,16437.115542198222,2,33
2022-06-08,16471.7,16474.85,16464.2,16466.05,12:00:00,16440.409300084106,2,34
2022-06-08,16478.85,16484.65,16469.65,16473.75,12:05:00,16444.070319123715,2,35
2022-06-08,16476.35,16479.9,16470.1,16479.65,12:10:00,16447.144574445265,2,36
2022-06-08,16479.4,16482.8,16471.9,16476.6,12:15:00,16450.21651973619,2,37
2022-06-08,16471.1,16484.6,16467.3,16479.2,12:20:00,16452.20542261846,2,38
2022-06-08,16472.05,16475.3,16465.65,16472.0,12:25:00,16454.09538236908,2,39
2022-06-08,16469.45,16475.35,16465.95,16472.2,12:30:00,16455.557726905357,2,40
2022-06-08,16456.65,16470.45,16453.95,16469.75,12:35:00,16455.66175291437,2,41
2022-06-08,16465.35,16466.25,16449.85,16457.3,12:40:00,16456.584443113,2,42
2022-06-08,16458.95,16471.2,16458.7,16465.55,12:45:00,16456.809734245096,2,43
2022-06-08,16439.5,16459.4,16434.5,16458.7,12:50:00,16455.161188126516,2,44
2022-06-08,16438.75,16449.85,16438.6,16440.4,12:55:00,16453.598217828752,2,45
2022-06-08,16440.25,16444.45,16434.4,16440.25,13:00:00,16452.326958987916,2,46
2022-06-08,16421.1,16441.8,16419.8,16440.05,13:05:00,16449.35296289383,2,47
2022-06-08,16401.3,16435.45,16400.9,16420.5,13:10:00,16444.776490237276,2,48
2022-06-08,16401.75,16404.2,16387.75,16401.7,13:15:00,16440.678729262298,2,49
2022-06-08,16379.55,16403.5,16377.7,16402.9,13:20:00,16434.85694552303,2,50
2022-06-08,16379.7,16390.2,16372.7,16381.75,13:25:00,16429.603903092266,2,51
2022-06-08,16343.25,16380.1,16340.55,16380.1,13:30:00,16421.379721845384,2,52
2022-06-08,16362.55,16367.5,16327.3,16344.0,13:35:00,16415.776891193444,2,53
2022-06-08,16355.95,16379.7,16355.95,16363.05,13:40:00,16410.079092032163,2,54
2022-06-08,16359.85,16359.9,16346.4,16357.25,13:45:00,16405.295368981482,2,55
2022-06-08,16368.3,16373.85,16357.7,16360.9,13:50:00,16401.772000507055,2,56
2022-06-08,16368.2,16369.25,16354.35,16369.25,13:55:00,16398.57466712543,2,57
2022-06-08,16357.3,16373.65,16357.0,16371.15,14:00:00,16394.643746446818,2,58
2022-06-08,16352.25,16369.35,16352.25,16357.8,14:05:00,16390.606246785217,2,59
2022-06-08,16345.45,16352.85,16340.75,16352.85,14:10:00,16386.30565185329,2,60
2022-06-08,16354.55,16367.6,16333.05,16346.05,14:15:00,16383.281304057738,2,61
2022-06-08,16355.75,16362.55,16340.05,16355.35,14:20:00,16380.659275099855,2,62
2022-06-08,16335.95,16357.1,16335.95,16357.1,14:25:00,16376.40124889987,2,63
2022-06-08,16325.8,16341.1,16322.6,16337.1,14:30:00,16371.582082337978,2,64
2022-06-08,16325.25,16329.15,16311.7,16325.85,14:35:00,16367.169503067696,2,65
2022-06-08,16331.1,16340.75,16310.05,16323.65,14:40:00,16363.734312299342,2,66
2022-06-08,16334.95,16336.85,16311.05,16331.25,14:45:00,16360.992949223217,2,67
2022-06-08,16332.2,16336.65,16328.25,16335.25,14:50:00,16358.25076358291,2,68
2022-06-08,16334.65,16352.95,16330.45,16332.95,14:55:00,16356.003071813107,2,69
2022-06-08,16376.55,16376.55,16337.05,16337.05,15:00:00,16357.95992211662,2,70
2022-06-08,16351.9,16376.65,16347.25,16376.65,15:05:00,16357.382786676942,2,71
2022-06-08,16361.5,16362.3,16346.05,16351.75,15:10:00,16357.77490223152,2,72
2022-06-08,16357.65,16365.75,16354.05,16361.6,15:15:00,16357.7630067809,2,73
2022-06-08,16353.95,16359.9,16351.75,16356.75,15:20:00,16357.399863277957,2,74
2022-06-08,16340.95,16354.9,16335.4,16354.9,15:25:00,16355.833209632436,2,75
2022-06-09,16284.95,16291.9,16243.85,16279.4,09:15:00,16349.082427762682,3,1
2022-06-09,16289.35,16297.45,16271.3,16284.75,09:20:00,16343.393625118615,3,2
2022-06-09,16314.1,16319.65,16287.45,16289.8,09:25:00,16340.6037560597,3,3
2022-06-09,16306.95,16324.4,16299.7,16317.0,09:30:00,16337.398636434968,3,4
2022-06-09,16311.1,16319.65,16292.25,16307.5,09:35:00,16334.894004393544,3,5
2022-06-09,16330.45,16331.4,16308.65,16311.2,09:40:00,16334.470765879872,3,6
2022-06-09,16318.65,16335.0,16316.8,16329.45,09:45:00,16332.964026272266,3,7
2022-06-09,16323.9,16323.9,16307.9,16318.25,09:50:00,16332.100785674907,3,8
2022-06-09,16324.1,16336.85,16322.1,16323.2,09:55:00,16331.33880608682,3,9
2022-06-09,16324.55,16334.15,16316.85,16324.7,10:00:00,16330.692253126172,3,10
2022-06-09,16325.25,16328.35,16319.85,16325.55,10:05:00,16330.173943304631,3,11
2022-06-09,16306.35,16327.2,16306.15,16324.8,10:10:00,16327.904996323236,3,12
2022-06-09,16324.9,16325.9,16296.85,16305.75,10:15:00,16327.618806197215,3,13
2022-06-09,16348.75,16357.25,16324.2,16324.4,10:20:00,16329.6313008451,3,14
2022-06-09,16366.05,16368.15,16348.0,16348.0,10:25:00,16333.099748383662,3,15
2022-06-09,16368.8,16370.75,16359.75,16367.05,10:30:00,16336.499772347122,3,16
2022-06-09,16374.55,16378.45,16365.45,16366.95,10:35:00,16340.123603552158,3,17
2022-06-09,16377.25,16377.25,16369.0,16374.85,10:40:00,16343.659450832904,3,18
2022-06-09,16361.95,16381.9,16355.65,16377.0,10:45:00,16345.401407896436,3,19
2022-06-09,16360.9,16374.45,16355.5,16362.45,10:50:00,16346.877464287252,3,20
2022-06-09,16380.4,16380.4,16360.1,16360.1,10:55:00,16350.070086736085,3,21
2022-06-09,16374.95,16393.85,16374.7,16379.6,11:00:00,16352.439602285029,3,22
2022-06-09,16371.65,16379.7,16370.45,16375.1,11:05:00,16354.269163972169,3,23
2022-06-09,16364.45,16372.6,16357.8,16371.35,11:10:00,16355.23876740339,3,24
2022-06-09,16363.4,16365.65,16352.8,16365.1,11:15:00,16356.016027650689,3,25
2022-06-09,16353.7,16366.2,16353.7,16364.75,11:20:00,16355.795453588717,3,26
2022-06-09,16348.5,16354.3,16341.85,16351.05,11:25:00,16355.10064848503,3,27
2022-06-09,16345.95,16352.6,16336.85,16348.05,11:30:00,16354.229158153124,3,28
2022-06-09,16360.1,16361.15,16345.35,16346.35,11:35:00,16354.788285948063,3,29
2022-06-09,16356.5,16361.1,16350.35,16359.85,11:40:00,16354.951306333962,3,30
2022-06-09,16350.2,16357.6,16348.2,16356.2,11:45:00,16354.498800968822,3,31
2022-06-09,16345.95,16354.4,16345.75,16350.4,11:50:00,16353.684629447982,3,32
2022-06-09,16346.25,16347.45,16339.3,16345.45,11:55:00,16352.976569500555,3,33
2022-06-09,16351.2,16355.0,16345.05,16347.05,12:00:00,16352.807372405265,3,34
2022-06-09,16366.1,16369.25,16350.55,16351.4,12:05:00,16354.073336938096,3,35
2022-06-09,16369.8,16372.35,16360.75,16366.25,12:10:00,16355.571114372562,3,36
2022-06-09,16363.7,16369.7,16360.0,16369.4,12:15:00,16356.345293956128,3,37
2022-06-09,16371.05,16371.75,16362.4,16363.75,12:20:00,16357.745742150782,3,38
2022-06-09,16378.1,16385.5,16371.4,16371.4,12:25:00,16359.684242898324,3,39
2022-06-09,16389.05,16389.45,16375.05,16380.0,12:30:00,16362.480981669914,3,40
2022-06-09,16407.65,16420.4,16388.8,16388.8,12:35:00,16366.782792939446,3,41
2022-06-09,16398.35,16411.9,16396.95,16409.0,12:40:00,16369.78919361188,3,42
2022-06-09,16386.3,16400.15,16380.15,16398.85,12:45:00,16371.36165136313,3,43
2022-06-09,16370.0,16386.45,16365.75,16386.45,12:50:00,16371.231970280924,3,44
2022-06-09,16372.8,16377.75,16366.8,16371.05,12:55:00,16371.381306444646,3,45
2022-06-09,16341.75,16375.35,16339.35,16373.3,13:00:00,16368.55927725944,3,46
2022-06-09,16345.4,16350.45,16332.45,16341.55,13:05:00,16366.353631806162,3,47
2022-06-09,16348.1,16352.75,16340.5,16345.8,13:10:00,16364.615190681763,3,48
2022-06-09,16357.2,16362.15,16344.35,16348.5,13:15:00,16363.908982045406,3,49
2022-06-09,16363.45,16367.1,16356.15,16357.6,13:20:00,16363.865269469652,3,50
2022-06-09,16368.9,16375.3,16357.55,16362.95,13:25:00,16364.3447676154,3,51
2022-06-09,16366.0,16373.3,16361.45,16369.4,13:30:00,16364.502408794884,3,52
2022-06-09,16361.65,16366.1,16351.25,16366.1,13:35:00,16364.23075081442,3,53
2022-06-09,16364.8,16369.65,16360.1,16362.05,13:40:00,16364.284965022567,3,54
2022-06-09,16374.35,16380.1,16363.05,16364.9,13:45:00,16365.243539782325,3,55
2022-06-09,16366.35,16378.8,16363.75,16375.45,13:50:00,16365.348916945914,3,56
2022-06-09,16373.0,16377.0,16366.9,16368.4,13:55:00,16366.077591522491,3,57
2022-06-09,16373.7,16387.95,16368.4,16373.4,14:00:00,16366.803535187017,3,58
2022-06-09,16382.5,16387.25,16371.6,16373.85,14:05:00,16368.298436597775,3,59
2022-06-09,16389.6,16397.35,16381.1,16381.1,14:10:00,16370.327156921798,3,60
2022-06-09,16394.75,16395.9,16374.55,16389.2,14:15:00,16372.653141976863,3,61
2022-06-09,16396.6,16401.7,16392.4,16394.15,14:20:00,16374.933795121924,3,62
2022-06-09,16414.25,16421.65,16394.95,16395.1,14:25:00,16378.678195586504,3,63
2022-06-09,16414.85,16423.05,16409.6,16415.75,14:30:00,16382.123129340169,3,64
2022-06-09,16428.55,16429.85,16405.65,16414.1,14:35:00,16386.544736069674,3,65
2022-06-09,16449.25,16449.8,16427.05,16428.95,14:40:00,16392.5166659678,3,66
2022-06-09,16448.35,16457.25,16438.05,16450.5,14:45:00,16397.83412635182,3,67
2022-06-09,16455.5,16464.25,16446.1,16448.0,14:50:00,16403.32611431831,3,68
2022-06-09,16454.0,16468.8,16450.35,16455.8,14:55:00,16408.152198668948,3,69
2022-06-09,16475.25,16478.65,16454.15,16455.45,15:00:00,16414.542465462382,3,70
2022-06-09,16478.2,16479.2,16455.95,16477.15,15:05:00,16420.605087799297,3,71
2022-06-09,16477.65,16479.5,16469.65,16477.75,15:10:00,16426.037936580316,3,72
2022-06-09,16480.45,16486.25,16475.05,16477.85,15:15:00,16431.22003785838,3,73
2022-06-09,16490.25,16492.8,16474.7,16480.6,15:20:00,16436.841939014725,3,74
2022-06-09,16481.8,16491.1,16477.55,16489.7,15:25:00,16441.12365910856,3,75
2022-06-10,16309.05,16316.55,16278.1,16306.0,09:15:00,16428.545215383936,4,1
2022-06-10,16309.0,16324.7,16298.85,16307.9,09:20:00,16417.15995677594,4,2
2022-06-10,16265.55,16311.15,16263.25,16308.45,09:25:00,16402.720913273468,4,3
2022-06-10,16268.8,16278.5,16257.8,16264.1,09:30:00,16389.966540580757,4,4
2022-06-10,16277.05,16279.7,16261.55,16269.1,09:35:00,16379.212584334971,4,5
2022-06-10,16282.7,16285.35,16269.55,16276.5,09:40:00,16370.020909636403,4,6
2022-06-10,16284.8,16286.25,16268.05,16282.25,09:45:00,16361.904632528174,4,7
2022-06-10,16286.05,16294.25,16279.15,16286.75,09:50:00,16354.680381811204,4,8
2022-06-10,16272.15,16287.0,16265.05,16286.15,09:55:00,16346.820345448232,4,9
2022-06-10,16275.25,16275.45,16263.6,16271.75,10:00:00,16340.004122072209,4,10
2022-06-10,16258.4,16275.35,16252.4,16274.8,10:05:00,16332.232300922476,4,11
2022-06-10,16263.7,16265.25,16254.85,16258.3,10:10:00,16325.705415120334,4,12
2022-06-10,16275.35,16277.05,16261.2,16263.6,10:15:00,16320.909661299347,4,13
2022-06-10,16277.95,16288.05,16272.5,16275.75,10:20:00,16316.818264985124,4,14
2022-06-10,16287.1,16289.95,16277.35,16277.9,10:25:00,16313.98795403416,4,15
2022-06-10,16301.6,16301.7,16282.55,16287.9,10:30:00,16312.808148888049,4,16
2022-06-10,16289.3,16302.0,16288.75,16301.45,10:35:00,16310.569277565375,4,17
2022-06-10,16295.95,16297.6,16284.9,16289.35,10:40:00,16309.176965416294,4,18
2022-06-10,16300.9,16301.5,16293.4,16295.8,10:45:00,16308.388682995695,4,19
2022-06-10,16284.9,16300.15,16282.7,16300.15,10:50:00,16306.151665567531,4,20
2022-06-10,16281.15,16287.0,16276.2,16284.3,10:55:00,16303.770554561102,4,21
2022-06-10,16279.25,16288.8,16274.65,16281.5,11:00:00,16301.43526365052,4,22
2022-06-10,16280.1,16285.25,16274.85,16279.4,11:05:00,16299.403333779042,4,23
2022-06-10,16274.8,16284.8,16274.05,16279.55,11:10:00,16297.06015913342,4,24
2022-06-10,16271.3,16275.15,16265.75,16274.6,11:15:00,16294.606810644522,4,25
2022-06-10,16263.15,16271.65,16260.75,16271.65,11:20:00,16291.610923916473,4,26
2022-06-10,16248.95,16265.2,16247.5,16263.95,11:25:00,16287.54797878157,4,27
2022-06-10,16237.8,16251.65,16232.9,16247.7,11:30:00,16282.810076040469,4,28
2022-06-10,16241.35,16247.65,16234.55,16238.8,11:35:00,16278.861497369948,4,29
2022-06-10,16244.05,16255.55,16240.7,16242.1,11:40:00,16275.546116668049,4,30
2022-06-10,16242.2,16244.8,16237.85,16244.8,11:45:00,16272.370296032996,4,31
2022-06-10,16228.95,16242.7,16227.35,16241.9,11:50:00,16268.23502974414,4,32
2022-06-10,16244.8,16244.9,16227.85,16229.4,11:55:00,16266.00312214946,4,33
2022-06-10,16249.5,16251.55,16243.15,16245.3,12:00:00,16264.431396230462,4,34
2022-06-10,16255.25,16258.7,16250.25,16250.25,12:05:00,16263.556977541846,4,35
2022-06-10,16254.25,16256.65,16247.65,16255.85,12:10:00,16262.670598728337,4,36
2022-06-10,16240.4,16254.7,16239.15,16254.7,12:15:00,16260.54958932564,4,37
2022-06-10,16245.35,16248.45,16240.05,16241.15,12:20:00,16259.102009389864,4,38
2022-06-10,16242.55,16246.65,16239.95,16245.65,12:25:00,16257.52562754321,4,39
2022-06-10,16237.8,16249.3,16236.7,16243.3,12:30:00,16255.646996348618,4,40
2022-06-10,16225.2,16239.3,16224.8,16239.15,12:35:00,16252.747282410652,4,41
2022-06-10,16221.05,16226.55,16213.65,16222.1,12:40:00,16249.728493609638,4,42
2022-06-10,16224.05,16235.2,16220.05,16222.2,12:45:00,16247.282922789673,4,43
2022-06-10,16217.9,16224.8,16210.25,16224.4,12:50:00,16244.484549190656,4,44
2022-06-10,16209.0,16224.95,16208.05,16219.1,12:55:00,16241.105068315355,4,45
2022-06-10,16221.45,16225.25,16205.3,16209.7,13:00:00,16239.233157047229,4,46
2022-06-10,16228.35,16233.1,16222.5,16222.5,13:05:00,16238.196665899872,4,47
2022-06-10,16214.8,16230.7,16214.75,16229.6,13:10:00,16235.968412004646,4,48
2022-06-10,16212.8,16228.65,16212.15,16215.75,13:15:00,16233.76189657563,4,49
2022-06-10,16213.55,16222.65,16210.2,16213.4,13:20:00,16231.836954044618,4,50
2022-06-10,16205.2,16218.6,16204.85,16213.8,13:25:00,16229.300101278464,4,51
2022-06-10,16208.0,16211.75,16191.35,16204.8,13:30:00,16227.271520204324,4,52
2022-06-10,16202.45,16208.05,16199.55,16207.6,13:35:00,16224.907565899151,4,53
2022-06-10,16221.2,16222.75,16203.1,16203.5,13:40:00,16224.554464384946,4,54
2022-06-10,16227.8,16235.8,16221.0,16221.5,13:45:00,16224.863563014953,4,55
2022-06-10,16213.85,16228.5,16213.4,16228.5,13:50:00,16223.814652251622,4,56
2022-06-10,16213.25,16219.2,16206.7,16214.15,13:55:00,16222.808494894323,4,57
2022-06-10,16192.75,16213.6,16191.25,16213.6,14:00:00,16219.945781094864,4,58
2022-06-10,16196.15,16198.85,16182.2,16193.25,14:05:00,16217.679516228687,4,59
2022-06-10,16190.15,16198.2,16181.75,16194.8,14:10:00,16215.05765754024,4,60
2022-06-10,16188.4,16198.2,16183.1,16191.05,14:15:00,16212.518833012598,4,61
2022-06-10,16174.3,16194.05,16173.65,16189.2,14:20:00,16208.878944154256,4,62
2022-06-10,16184.7,16184.7,16172.6,16174.15,14:25:00,16206.576187568136,4,63
2022-06-10,16185.85,16197.35,16183.15,16185.15,14:30:00,16204.6022649426,4,64
2022-06-10,16181.45,16199.65,16178.2,16186.1,14:35:00,16202.39728732902,4,65
2022-06-10,16186.2,16191.3,16181.25,16182.6,14:40:00,16200.854688535775,4,66
2022-06-10,16199.35,16214.1,16186.75,16187.1,14:45:00,16200.711384865705,4,67
2022-06-10,16200.05,16207.7,16199.1,16199.25,14:50:00,16200.648395830876,4,68
2022-06-10,16200.15,16203.95,16189.7,16199.5,14:55:00,16200.600929561268,4,69
2022-06-10,16227.25,16227.65,16199.5,16199.5,15:00:00,16203.13893626972,4,70
2022-06-10,16210.4,16229.25,16209.3,16229.25,15:05:00,16203.830466148796,4,71
2022-06-10,16211.9,16217.55,16209.85,16211.5,15:10:00,16204.598993182242,4,72
2022-06-10,16183.9,16215.6,16180.35,16211.35,15:15:00,16202.62766049822,4,73
2022-06-10,16190.7,16190.85,16177.75,16184.25,15:20:00,16201.491692831723,4,74
2022-06-10,16191.45,16193.1,16183.45,16190.45,15:25:00,16200.535341133464,4,75
2022-06-13,15818.3,15886.15,15807.4,15882.5,09:15:00,16164.13197531123,0,1
2022-06-13,15805.65,15843.5,15803.75,15817.15,09:20:00,16129.990834805398,0,2
2022-06-13,15792.2,15806.75,15777.65,15803.2,09:25:00,16097.820279109645,0,3
2022-06-13,15786.95,15798.4,15773.95,15789.0,09:30:00,16068.213585861107,0,4
2022-06-13,15784.45,15795.15,15779.4,15784.55,09:35:00,16041.188482445765,0,5
2022-06-13,15780.45,15790.25,15768.45,15784.25,09:40:00,16016.356246022357,0,6
2022-06-13,15785.25,15789.6,15770.7,15778.0,09:45:00,15994.34612735356,0,7
2022-06-13,15798.6,15801.35,15782.8,15785.55,09:50:00,15975.703639034176,0,8
2022-06-13,15796.85,15800.2,15788.95,15798.2,09:55:00,15958.66995912616,0,9
2022-06-13,15779.0,15797.4,15776.45,15796.75,10:00:00,15941.558534447477,0,10
2022-06-13,15772.05,15778.55,15760.95,15778.55,10:05:00,15925.4148645001,0,11
2022-06-13,15777.55,15779.3,15766.65,15771.95,10:10:00,15911.33249645247,0,12
2022-06-13,15752.8,15777.5,15749.9,15777.2,10:15:00,15896.234163456997,0,13
2022-06-13,15758.05,15764.2,15750.8,15752.9,10:20:00,15883.073766937285,0,14
2022-06-13,15773.9,15775.9,15755.5,15757.7,10:25:00,15872.676265324208,0,15
2022-06-13,15790.4,15790.4,15770.75,15774.65,10:30:00,15864.840430531429,0,16
2022-06-13,15789.15,15793.85,15779.45,15788.8,10:35:00,15857.631818099862,0,17
2022-06-13,15785.9,15802.2,15785.25,15788.65,10:40:00,15850.800216376065,0,18
2022-06-13,15779.5,15789.75,15777.4,15785.8,10:45:00,15844.009719578344,0,19
2022-06-13,15796.5,15796.95,15776.15,15777.2,10:50:00,15839.484984380406,0,20
2022-06-13,15797.0,15800.2,15790.85,15796.15,10:55:00,15835.438795391796,0,21
2022-06-13,15805.0,15806.65,15790.45,15797.2,11:00:00,15832.53986249734,0,22
2022-06-13,15807.75,15813.75,15804.3,15805.1,11:05:00,15830.178923211875,0,23
2022-06-13,15806.8,15810.85,15801.35,15807.1,11:10:00,15827.95235909646,0,24
2022-06-13,15805.0,15812.4,15804.7,15807.75,11:15:00,15825.766420134893,0,25
2022-06-13,15814.4,15817.05,15798.35,15804.55,11:20:00,15824.68390393157,0,26
2022-06-13,15811.05,15820.3,15811.05,15814.25,11:25:00,15823.385436890469,0,27
2022-06-13,15795.45,15814.4,15794.25,15812.25,11:30:00,15820.724919091375,0,28
2022-06-13,15785.7,15796.2,15781.3,15794.55,11:35:00,15817.389212511243,0,29
2022-06-13,15783.75,15792.2,15782.9,15785.8,11:40:00,15814.185477986364,0,30
2022-06-13,15789.65,15794.95,15781.1,15784.55,11:45:00,15811.848765797187,0,31
2022-06-13,15788.6,15795.15,15783.4,15789.45,11:50:00,15809.634597626024,0,32
2022-06-13,15787.2,15795.15,15784.45,15789.15,11:55:00,15807.497969280688,0,33
2022-06-13,15789.75,15794.7,15783.6,15787.25,12:00:00,15805.807686492051,0,34
2022-06-13,15790.65,15797.7,15786.25,15788.85,12:05:00,15804.364097302332,0,35
2022-06-13,15794.65,15796.2,15788.3,15790.4,12:10:00,15803.4389451783,0,36
2022-06-13,15796.75,15796.85,15791.6,15794.35,12:15:00,15802.801902780368,0,37
2022-06-13,15804.35,15808.05,15785.6,15796.45,12:20:00,15802.949340610809,0,38
2022-06-13,15769.05,15805.45,15768.0,15803.8,12:25:00,15799.720831981209,0,39
2022-06-13,15778.15,15778.8,15767.15,15769.45,12:30:00,15797.666467030616,0,40
2022-06-13,15789.85,15791.8,15777.65,15778.35,12:35:00,15796.922041599128,0,41
2022-06-13,15774.75,15791.0,15774.6,15790.65,12:40:00,15794.810418589686,0,42
2022-06-13,15772.85,15780.65,15772.4,15774.6,12:45:00,15792.718950152574,0,43
2022-06-13,15774.65,15780.05,15767.75,15773.55,12:50:00,15790.99809775709,0,44
2022-06-13,15762.75,15775.65,15761.2,15775.65,12:55:00,15788.307802732606,0,45
2022-06-13,15747.9,15766.75,15746.1,15763.65,13:00:00,15784.459440567596,0,46
2022-06-13,15748.65,15760.15,15747.45,15747.45,13:05:00,15781.049017656396,0,47
2022-06-13,15756.35,15765.95,15749.35,15749.4,13:10:00,15778.69673026055,0,48
2022-06-13,15767.65,15772.4,15753.4,15756.15,13:15:00,15777.644660711923,0,49
2022-06-13,15770.95,15778.15,15766.2,15768.15,13:20:00,15777.007073977456,0,50
2022-06-13,15765.1,15773.5,15762.3,15770.7,13:25:00,15775.873066931985,0,51
2022-06-13,15745.15,15765.15,15738.9,15765.15,13:30:00,15772.94706055751,0,52
2022-06-13,15746.9,15762.3,15741.65,15745.5,13:35:00,15770.466388123465,0,53
2022-06-13,15735.55,15758.75,15735.25,15746.85,13:40:00,15767.14101782599,0,54
2022-06-13,15726.05,15738.85,15723.75,15737.2,13:45:00,15763.227587556848,0,55
2022-06-13,15709.05,15731.0,15707.5,15727.0,13:50:00,15758.06781731334,0,56
2022-06-13,15699.75,15710.3,15684.0,15709.85,13:55:00,15752.513739473976,0,57
2022-06-13,15711.5,15715.3,15689.9,15699.3,14:00:00,15748.607669047884,0,58
2022-06-13,15707.1,15712.95,15700.55,15712.5,14:05:00,15744.65455770999,0,59
2022-06-13,15693.15,15718.25,15689.5,15707.45,14:10:00,15739.74936173761,0,60
2022-06-13,15694.0,15703.15,15685.45,15691.2,14:15:00,15735.39227966736,0,61
2022-06-13,15700.4,15701.6,15688.85,15694.9,14:20:00,15732.0596816038,0,62
2022-06-13,15707.0,15711.15,15694.1,15700.7,14:25:00,15729.673045260584,0,63
2022-06-13,15743.7,15744.15,15706.25,15707.25,14:30:00,15731.008945711956,0,64
2022-06-13,15761.3,15763.5,15739.6,15742.35,14:35:00,15733.893808025105,0,65
2022-06-13,15752.8,15767.75,15750.5,15761.7,14:40:00,15735.694397736996,0,66
2022-06-13,15746.55,15754.55,15735.05,15754.55,14:45:00,15736.728264619189,0,67
2022-06-13,15757.15,15777.35,15747.5,15748.1,14:50:00,15738.67319179831,0,68
2022-06-13,15757.6,15761.55,15742.15,15757.65,14:55:00,15740.475744960377,0,69
2022-06-13,15761.85,15763.7,15740.25,15760.9,15:00:00,15742.511388297484,0,70
2022-06-13,15757.45,15765.8,15746.3,15765.3,15:05:00,15743.934113221534,0,71
2022-06-13,15767.85,15769.55,15757.4,15759.15,15:10:00,15746.211816724246,0,72
2022-06-13,15785.35,15787.35,15767.8,15768.65,15:15:00,15749.93926275051,0,73
2022-06-13,15796.0,15797.05,15783.8,15785.55,15:20:00,15754.325999631414,0,74
2022-06-13,15800.3,15805.1,15792.25,15795.05,15:25:00,15758.704475856994,0,75
2022-06-15,15722.7,15780.15,15692.55,15749.65,09:15:00,15752.173051665248,2,1
2022-06-15,15707.55,15732.0,15702.15,15721.05,09:20:00,15747.92323722094,2,2
2022-06-15,15700.7,15719.7,15687.55,15708.15,09:25:00,15743.42578605704,2,3
2022-06-15,15730.5,15734.45,15701.7,15701.7,09:30:00,15742.194758813512,2,4
2022-06-15,15710.6,15732.4,15709.9,15730.7,09:35:00,15739.185734164606,2,5
2022-06-15,15685.85,15710.75,15685.85,15709.6,09:40:00,15734.106140434644,2,6
2022-06-15,15700.05,15702.15,15683.3,15685.1,09:45:00,15730.862698488489,2,7
2022-06-15,15710.6,15718.95,15699.75,15700.35,09:50:00,15728.93291768006,2,8
2022-06-15,15707.7,15716.9,15700.3,15710.75,09:55:00,15726.910735043864,2,9
2022-06-15,15718.15,15721.2,15691.6,15708.55,10:00:00,15726.0763793254,2,10
2022-06-15,15733.0,15735.5,15716.1,15718.45,10:05:00,15726.7357717706,2,11
2022-06-15,15744.45,15746.3,15730.15,15731.95,10:10:00,15728.42284112578,2,12
2022-06-15,15744.0,15744.75,15728.3,15743.8,10:15:00,15729.906380066182,2,13
2022-06-15,15753.0,15756.35,15739.55,15743.25,10:20:00,15732.105772440833,2,14
2022-06-15,15734.45,15754.7,15733.1,15753.1,10:25:00,15732.32903220837,2,15
2022-06-15,15711.7,15734.95,15710.5,15733.55,10:30:00,15730.36436247424,2,16
2022-06-15,15727.2,15727.8,15705.2,15711.75,10:35:00,15730.062994619551,2,17
2022-06-15,15720.9,15731.7,15715.65,15727.3,10:40:00,15729.190328465307,2,18
2022-06-15,15713.2,15722.85,15707.45,15720.85,10:45:00,15727.667440040042,2,19
2022-06-15,15703.25,15723.05,15702.2,15713.55,10:50:00,15725.34196956004,2,20
2022-06-15,15703.65,15708.85,15698.3,15703.55,10:55:00,15723.27606769718,2,21
2022-06-15,15707.75,15709.7,15690.1,15704.45,11:00:00,15721.797394583162,2,22
2022-06-15,15714.0,15719.1,15706.85,15707.7,11:05:00,15721.05478557524,2,23
2022-06-15,15707.9,15718.85,15705.3,15713.8,11:10:00,15719.80194885379,2,24
2022-06-15,15714.0,15714.85,15701.65,15707.55,11:15:00,15719.249382296286,2,25
2022-06-15,15723.15,15727.6,15713.05,15714.15,11:20:00,15719.62086969664,2,26
2022-06-15,15721.15,15733.0,15721.15,15723.7,11:25:00,15719.7665011541,2,27
2022-06-15,15723.0,15726.65,15717.65,15719.5,11:30:00,15720.07445342514,2,28
2022-06-15,15730.35,15731.7,15721.7,15722.65,11:35:00,15721.05307690846,2,29
2022-06-15,15727.55,15739.75,15727.0,15730.85,11:40:00,15721.671831488607,2,30
2022-06-15,15739.75,15740.1,15721.35,15727.5,11:45:00,15723.393561823026,2,31
2022-06-15,15734.2,15744.55,15734.2,15738.6,11:50:00,15724.42274641131,2,32
2022-06-15,15746.35,15748.75,15731.5,15734.1,11:55:00,15726.5110562769,2,33
2022-06-15,15745.0,15749.75,15735.45,15747.8,12:00:00,15728.271908060053,2,34
2022-06-15,15747.7,15748.3,15739.05,15744.1,12:05:00,15730.12220253052,2,35
2022-06-15,15738.85,15750.75,15736.25,15747.75,12:10:00,15730.953421337135,2,36
2022-06-15,15727.25,15742.3,15724.7,15738.55,12:15:00,15730.600714543123,2,37
2022-06-15,15751.95,15755.3,15723.95,15726.75,12:20:00,15732.633979824732,2,38
2022-06-15,15748.85,15759.05,15747.8,15751.4,12:25:00,15734.178362698569,2,39
2022-06-15,15767.7,15772.25,15749.9,15750.1,12:30:00,15737.370899584415,2,40
2022-06-15,15770.25,15775.25,15763.7,15768.7,12:35:00,15740.50224248114,2,41
2022-06-15,15769.7,15776.45,15767.65,15771.1,12:40:00,15743.28298129246,2,42
2022-06-15,15778.15,15783.65,15769.05,15770.55,12:45:00,15746.603649740797,2,43
2022-06-15,15759.45,15777.45,15757.2,15777.2,12:50:00,15747.827111670244,2,44
2022-06-15,15744.8,15758.3,15736.5,15758.15,12:55:00,15747.538815320697,2,45
2022-06-15,15748.3,15752.7,15735.15,15745.3,13:00:00,15747.61130909968,2,46
2022-06-15,15760.3,15761.4,15748.75,15749.8,13:05:00,15748.819755852091,2,47
2022-06-15,15769.7,15774.95,15757.15,15760.15,13:10:00,15750.808350532843,2,48
2022-06-15,15749.8,15773.25,15742.85,15769.8,13:15:00,15750.712317148766,2,49
2022-06-15,15751.9,15756.75,15745.45,15747.3,13:20:00,15750.825429801263,2,50
2022-06-15,15744.35,15754.8,15740.95,15751.35,13:25:00,15750.208722201143,2,51
2022-06-15,15748.8,15759.3,15738.25,15744.85,13:30:00,15750.074558181988,2,52
2022-06-15,15757.6,15760.45,15746.25,15747.9,13:35:00,15750.79126692656,2,53
2022-06-15,15754.3,15762.5,15752.45,15757.5,13:40:00,15751.125431981172,2,54
2022-06-15,15748.75,15755.7,15747.45,15753.4,13:45:00,15750.899200363918,2,55
2022-06-15,15759.5,15765.95,15748.65,15748.8,13:50:00,15751.718324138785,2,56
2022-06-15,15767.3,15775.2,15755.8,15759.15,13:55:00,15753.202293268423,2,57
2022-06-15,15762.85,15768.05,15757.0,15767.15,14:00:00,15754.121122480954,2,58
2022-06-15,15757.5,15766.15,15752.35,15762.9,14:05:00,15754.442920339912,2,59
2022-06-15,15742.8,15757.7,15739.9,15757.35,14:10:00,15753.334070783729,2,60
2022-06-15,15724.8,15748.6,15721.2,15742.75,14:15:00,15750.616540232895,2,61
2022-06-15,15725.8,15726.15,15710.35,15725.0,14:20:00,15748.253060210718,2,62
2022-06-15,15734.8,15740.15,15723.95,15725.65,14:25:00,15746.971816381125,2,63
2022-06-15,15731.2,15736.55,15721.75,15736.4,14:30:00,15745.469738630542,2,64
2022-06-15,15731.0,15738.95,15723.1,15730.95,14:35:00,15744.091668284776,2,65
2022-06-15,15735.3,15737.15,15725.1,15730.95,14:40:00,15743.254366543368,2,66
2022-06-15,15718.8,15736.15,15718.55,15735.4,14:45:00,15740.925379253524,2,67
2022-06-15,15721.75,15722.9,15715.6,15719.1,14:50:00,15739.09915265795,2,68
2022-06-15,15730.55,15732.5,15718.1,15721.8,14:55:00,15738.284947642906,2,69
2022-06-15,15693.45,15729.1,15685.9,15729.1,15:00:00,15734.014952629295,2,70
2022-06-15,15684.15,15701.35,15679.65,15693.95,15:05:00,15729.265909521744,2,71
2022-06-15,15692.8,15700.7,15683.1,15683.95,15:10:00,15725.792965757768,2,72
2022-06-15,15690.75,15698.1,15690.15,15693.2,15:15:00,15722.455540447503,2,73
2022-06-15,15687.75,15695.0,15686.4,15691.05,15:20:00,15719.150250881075,2,74
2022-06-15,15682.9,15688.55,15678.9,15687.55,15:25:00,15715.69784603526,2,75
2022-06-16,15843.75,15863.15,15824.8,15843.35,09:15:00,15727.893289269996,3,1
2022-06-16,15817.55,15851.45,15814.75,15843.95,09:20:00,15736.432023625232,3,2
2022-06-16,15830.85,15833.5,15802.25,15817.65,09:25:00,15745.424211851405,3,3
2022-06-16,15826.55,15849.2,15823.85,15828.6,09:30:00,15753.150477389365,3,4
2022-06-16,15805.95,15827.2,15805.1,15826.9,09:35:00,15758.179003352285,3,5
2022-06-16,15793.25,15813.3,15786.15,15804.5,09:40:00,15761.519098271114,3,6
2022-06-16,15785.1,15808.95,15784.45,15792.15,09:45:00,15763.76489843577,3,7
2022-06-16,15781.9,15795.25,15779.15,15784.85,09:50:00,15765.492050965697,3,8
2022-06-16,15768.65,15789.65,15764.8,15781.95,09:55:00,15765.79280801658,3,9
2022-06-16,15778.6,15781.75,15759.3,15768.95,10:00:00,15767.012540586433,3,10
2022-06-16,15772.2,15783.9,15769.45,15778.4,10:05:00,15767.506584340104,3,11
2022-06-16,15757.1,15773.85,15754.1,15771.85,10:10:00,15766.515481069617,3,12
2022-06-16,15749.85,15762.4,15741.4,15756.7,10:15:00,15764.92829239632,3,13
2022-06-16,15735.8,15751.5,15730.15,15748.35,10:20:00,15762.154169310956,3,14
2022-06-16,15732.35,15740.2,15724.9,15734.95,10:25:00,15759.315676995626,3,15
2022-06-16,15737.8,15737.8,15718.3,15732.6,10:30:00,15757.266564900803,3,16
2022-06-16,15729.7,15753.0,15728.4,15739.15,10:35:00,15754.641177767397,3,17
2022-06-16,15713.35,15735.1,15710.45,15729.0,10:40:00,15750.708684646692,3,18
2022-06-16,15712.25,15721.4,15705.85,15713.5,10:45:00,15747.045952775576,3,19
2022-06-16,15726.15,15732.3,15712.45,15712.45,10:50:00,15745.055862035048,3,20
2022-06-16,15729.6,15743.35,15726.0,15726.3,10:55:00,15743.583875174569,3,21
2022-06-16,15716.55,15735.15,15716.55,15730.15,11:00:00,15741.009220396036,3,22
2022-06-16,15690.25,15720.2,15688.95,15717.35,11:05:00,15736.175008929746,3,23
2022-06-16,15695.1,15704.65,15684.05,15690.75,11:10:00,15732.26310331739,3,24
2022-06-16,15654.35,15696.5,15648.4,15696.5,11:15:00,15724.842807763353,3,25
2022-06-16,15630.05,15654.05,15619.75,15654.05,11:20:00,15715.8149213097,3,26
2022-06-16,15628.65,15642.8,15624.5,15629.15,11:25:00,15707.513500232584,3,27
2022-06-16,15649.75,15653.55,15623.7,15628.05,11:30:00,15702.012214496148,3,28
2022-06-16,15634.3,15660.2,15629.85,15649.6,11:35:00,15695.563432163182,3,29
2022-06-16,15619.45,15634.4,15600.2,15633.8,11:40:00,15688.314533861923,3,30
2022-06-16,15596.7,15625.25,15589.0,15616.85,11:45:00,15679.58934016079,3,31
2022-06-16,15601.2,15606.7,15587.75,15596.05,11:50:00,15672.123688716903,3,32
2022-06-16,15599.2,15607.4,15595.3,15600.6,11:55:00,15665.178575505772,3,33
2022-06-16,15567.55,15599.35,15567.05,15598.65,12:00:00,15655.880615933793,3,34
2022-06-16,15541.9,15575.35,15541.9,15567.8,12:05:00,15645.025319178192,3,35
2022-06-16,15573.35,15573.8,15540.85,15541.25,12:10:00,15638.199098304078,3,36
2022-06-16,15586.65,15611.35,15572.85,15573.3,12:15:00,15633.289660370356,3,37
2022-06-16,15574.65,15586.45,15568.8,15586.3,12:20:00,15627.704930811273,3,38
2022-06-16,15559.25,15576.4,15553.25,15574.2,12:25:00,15621.185413591153,3,39
2022-06-16,15573.25,15581.7,15553.3,15558.3,12:30:00,15616.62013610628,3,40
2022-06-16,15576.15,15584.75,15570.55,15572.35,12:35:00,15612.765837429492,3,41
2022-06-16,15549.45,15578.15,15531.7,15575.3,12:40:00,15606.735757674302,3,42
2022-06-16,15532.5,15548.7,15526.55,15548.7,12:45:00,15599.665685514845,3,43
2022-06-16,15516.7,15537.4,15516.45,15531.75,12:50:00,15591.764191656286,3,44
2022-06-16,15537.55,15543.55,15505.95,15516.1,12:55:00,15586.600935308068,3,45
2022-06-16,15483.95,15537.35,15474.1,15535.65,13:00:00,15576.82465575492,3,46
2022-06-16,15473.35,15488.2,15462.9,15485.15,13:05:00,15566.969926635402,3,47
2022-06-16,15468.25,15476.35,15458.95,15473.4,13:10:00,15557.568028860602,3,48
2022-06-16,15464.55,15487.8,15460.3,15469.0,13:15:00,15548.709168969115,3,49
2022-06-16,15430.0,15464.15,15423.85,15464.15,13:20:00,15537.4035338292,3,50
2022-06-16,15406.45,15435.55,15405.3,15429.0,13:25:00,15524.931768702609,3,51
2022-06-16,15451.55,15460.45,15369.8,15404.95,13:30:00,15517.943028826168,3,52
2022-06-16,15463.6,15478.9,15437.3,15453.75,13:35:00,15512.767502271296,3,53
2022-06-16,15435.6,15467.0,15420.0,15465.35,13:40:00,15505.418216340697,3,54
2022-06-16,15450.2,15459.35,15430.7,15435.65,13:45:00,15500.159338593963,3,55
2022-06-16,15438.95,15462.9,15431.1,15450.05,13:50:00,15494.32987777549,3,56
2022-06-16,15454.8,15456.0,15430.25,15440.35,13:55:00,15490.565127511158,3,57
2022-06-16,15438.55,15456.35,15432.05,15455.9,14:00:00,15485.61130584343,3,58
2022-06-16,15424.7,15438.85,15409.35,15437.45,14:05:00,15479.810229096436,3,59
2022-06-16,15401.35,15438.15,15400.65,15425.25,14:10:00,15472.337826325347,3,60
2022-06-16,15378.55,15410.25,15367.25,15400.6,14:15:00,15463.4056523896,3,61
2022-06-16,15380.85,15385.45,15363.35,15379.15,14:20:00,15455.543209304877,3,62
2022-06-16,15412.85,15426.65,15375.35,15380.45,14:25:00,15451.47718937108,3,63
2022-06-16,15384.6,15419.15,15380.8,15413.6,14:30:00,15445.1079332405,3,64
2022-06-16,15356.95,15384.4,15344.8,15384.4,14:35:00,15436.711939598546,3,65
2022-06-16,15359.95,15374.95,15345.85,15356.25,14:40:00,15429.4012786844,3,66
2022-06-16,15352.35,15376.7,15352.35,15360.3,14:45:00,15422.06306166684,3,67
2022-06-16,15368.05,15368.05,15344.15,15352.1,14:50:00,15416.918960555711,3,68
2022-06-16,15379.5,15401.6,15366.8,15366.8,14:55:00,15413.355250026596,3,69
2022-06-16,15371.3,15396.1,15364.45,15379.1,15:00:00,15409.3499881193,3,70
2022-06-16,15370.0,15376.25,15361.75,15372.7,15:05:00,15405.602370203176,3,71
2022-06-16,15359.0,15388.15,15358.5,15371.2,15:10:00,15401.164049231444,3,72
2022-06-16,15348.95,15363.3,15341.05,15359.6,15:15:00,15396.191282637974,3,73
2022-06-16,15347.85,15353.5,15335.1,15349.55,15:20:00,15391.587350958169,3,74
2022-06-16,15348.35,15351.75,15342.5,15349.0,15:25:00,15387.46950800977,3,75
2022-06-17,15281.6,15331.2,15234.9,15305.95,09:15:00,15377.386697723125,4,1
2022-06-17,15258.95,15310.45,15252.25,15283.05,09:20:00,15366.107012225684,4,2
2022-06-17,15207.45,15269.05,15204.2,15257.7,09:25:00,15350.996820585144,4,3
2022-06-17,15214.15,15225.1,15183.4,15206.05,09:30:00,15337.963790053223,4,4
2022-06-17,15255.1,15256.5,15215.5,15215.5,09:35:00,15330.072000524347,4,5
2022-06-17,15352.35,15384.5,15254.85,15254.85,09:40:00,15332.193714760124,4,6
2022-06-17,15381.25,15387.8,15334.2,15353.5,09:45:00,15336.865741925829,4,7
2022-06-17,15338.05,15400.4,15330.1,15380.35,09:50:00,15336.97852840908,4,8
2022-06-17,15354.7,15354.7,15312.85,15337.75,09:55:00,15338.666287608215,4,9
2022-06-17,15331.85,15366.45,15324.95,15356.65,10:00:00,15338.017117359816,4,10
2022-06-17,15298.4,15334.6,15293.15,15331.45,10:05:00,15334.244058563643,4,11
2022-06-17,15291.8,15320.1,15269.45,15297.35,10:10:00,15330.201767271868,4,12
2022-06-17,15300.05,15304.1,15281.7,15292.25,10:15:00,15327.330170388834,4,13
2022-06-17,15286.45,15313.8,15285.35,15298.35,10:20:00,15323.436820827992,4,14
2022-06-17,15293.7,15301.95,15281.25,15285.05,10:25:00,15320.604742653895,4,15
2022-06-17,15313.3,15313.3,15285.15,15295.95,10:30:00,15319.909052877336,4,16
2022-06-17,15336.5,15343.25,15307.75,15313.05,10:35:00,15321.489143079494,4,17
2022-06-17,15314.75,15340.85,15312.45,15338.0,10:40:00,15320.847319929066,4,18
2022-06-17,15300.3,15325.75,15297.7,15314.35,10:45:00,15318.890432316774,4,19
2022-06-17,15319.85,15329.25,15300.8,15301.7,10:50:00,15318.981819715176,4,20
2022-06-17,15318.7,15326.6,15303.95,15320.25,10:55:00,15318.954979742302,4,21
2022-06-17,15309.35,15329.1,15306.2,15318.9,11:00:00,15318.040219766845,4,22
2022-06-17,15320.0,15322.75,15309.3,15309.3,11:05:00,15318.226865503337,4,23
2022-06-17,15307.35,15331.15,15307.05,15320.25,11:10:00,15317.190973550636,4,24
2022-06-17,15303.8,15324.85,15297.55,15308.05,11:15:00,15315.91564273629,4,25
2022-06-17,15279.8,15304.45,15260.45,15304.45,11:20:00,15312.476057713788,4,26
2022-06-17,15244.7,15279.65,15244.7,15279.65,11:25:00,15306.02119507438,4,27
2022-06-17,15234.5,15252.85,15226.25,15243.1,11:30:00,15299.209652686342,4,28
2022-06-17,15241.45,15243.9,15224.2,15234.4,11:35:00,15293.708733382882,4,29
2022-06-17,15230.3,15249.85,15222.3,15242.5,11:40:00,15287.669806394037,4,30
2022-06-17,15240.7,15246.6,15229.35,15231.45,11:45:00,15283.196491499366,4,31
2022-06-17,15244.3,15244.4,15230.0,15241.55,11:50:00,15279.492063737522,4,32
2022-06-17,15259.3,15263.75,15236.45,15245.55,11:55:00,15277.569010048232,4,33
2022-06-17,15254.0,15275.65,15253.1,15259.65,12:00:00,15275.324342424592,4,34
2022-06-17,15270.55,15270.55,15245.6,15253.8,12:05:00,15274.86964314606,4,35
2022-06-17,15269.1,15271.85,15256.35,15271.5,12:10:00,15274.320153322626,4,36
2022-06-17,15282.9,15290.05,15269.25,15269.9,12:15:00,15275.137281577614,4,37
2022-06-17,15261.2,15286.9,15258.15,15281.35,12:20:00,15273.809921427366,4,38
2022-06-17,15292.0,15296.75,15254.2,15261.45,12:25:00,15275.542309862854,4,39
2022-06-17,15287.5,15318.35,15285.55,15293.15,12:30:00,15276.681137494965,4,40
2022-06-17,15288.15,15304.8,15283.15,15286.8,12:35:00,15277.773410114492,4,41
2022-06-17,15285.35,15293.0,15268.75,15288.2,12:40:00,15278.494990103589,4,42
2022-06-17,15268.8,15286.55,15248.25,15286.1,12:45:00,15277.57165771277,4,43
2022-06-17,15322.9,15324.1,15267.5,15269.1,12:50:00,15281.888642692506,4,44
2022-06-17,15280.6,15328.6,15279.45,15324.4,12:55:00,15281.765914817028,4,45
2022-06-17,15283.4,15294.95,15272.75,15280.75,13:00:00,15281.92154197731,4,46
2022-06-17,15283.75,15288.2,15269.9,15283.45,13:05:00,15282.095680836614,4,47
2022-06-17,15268.45,15284.0,15258.1,15284.0,13:10:00,15280.796092185508,4,48
2022-06-17,15286.0,15292.55,15261.4,15267.0,13:15:00,15281.291702453556,4,49
2022-06-17,15299.6,15302.05,15279.45,15286.9,13:20:00,15283.03534983893,4,50
2022-06-17,15313.3,15327.4,15299.4,15300.95,13:25:00,15285.917697473318,4,51
2022-06-17,15301.5,15313.85,15293.65,15313.65,13:30:00,15287.401726285383,4,52
2022-06-17,15305.05,15319.6,15298.05,15299.7,13:35:00,15289.082514258203,4,53
2022-06-17,15310.1,15310.4,15295.85,15305.45,13:40:00,15291.084179566946,4,54
2022-06-17,15305.45,15321.3,15304.0,15311.7,13:45:00,15292.452352941522,4,55
2022-06-17,15303.3,15314.3,15283.25,15305.15,13:50:00,15293.485462185186,4,56
2022-06-17,15316.35,15319.35,15293.9,15303.6,13:55:00,15295.66303721517,4,57
2022-06-17,15309.2,15357.1,15307.3,15320.5,14:00:00,15296.952271766106,4,58
2022-06-17,15306.65,15319.85,15291.25,15309.1,14:05:00,15297.87586493124,4,59
2022-06-17,15313.25,15318.8,15296.7,15306.25,14:10:00,15299.34006827112,4,60
2022-06-17,15266.75,15314.1,15266.75,15313.9,14:15:00,15296.2362522453,4,61
2022-06-17,15265.95,15278.45,15250.05,15266.2,14:20:00,15293.351847269556,4,62
2022-06-17,15272.9,15280.85,15259.2,15265.9,14:25:00,15291.404052291502,4,63
2022-06-17,15306.45,15318.0,15264.9,15272.55,14:30:00,15292.836999692312,4,64
2022-06-17,15324.95,15325.65,15294.4,15306.75,14:35:00,15295.895380673996,4,65
2022-06-17,15328.7,15330.9,15314.9,15325.5,14:40:00,15299.019630133616,4,66
2022-06-17,15340.9,15343.65,15318.05,15328.55,14:45:00,15303.008236787557,4,67
2022-06-17,15372.25,15372.25,15334.2,15341.3,14:50:00,15309.602690426836,4,68
2022-06-17,15379.75,15387.0,15363.55,15372.85,14:55:00,15316.28338657666,4,69
2022-06-17,15286.0,15383.2,15270.55,15378.65,15:00:00,15313.39925452174,4,70
2022-06-17,15281.9,15308.8,15279.95,15284.75,15:05:00,15310.39932551967,4,71
2022-06-17,15263.95,15286.35,15254.6,15282.0,15:10:00,15305.97558023208,4,72
2022-06-17,15269.9,15280.25,15250.45,15264.2,15:15:00,15302.539810686168,4,73
2022-06-17,15318.3,15321.55,15270.05,15270.05,15:20:00,15304.04078109701,4,74
2022-06-17,15335.1,15335.6,15311.75,15318.5,15:25:00,15306.998801944914,4,75
2022-06-20,15326.4,15363.1,15299.55,15351.9,09:15:00,15308.846535093016,0,1
2022-06-20,15290.0,15344.95,15287.2,15330.05,09:20:00,15307.05162698892,0,2
2022-06-20,15269.6,15310.25,15265.1,15290.05,09:25:00,15303.484805370928,0,3
2022-06-20,15262.05,15284.65,15247.3,15268.5,09:30:00,15299.53863343084,0,4
2022-06-20,15221.9,15269.25,15221.9,15260.0,09:35:00,15292.144477865995,0,5
2022-06-20,15202.4,15226.75,15196.45,15221.8,09:40:00,15283.597384735902,0,6
2022-06-20,15216.0,15228.9,15191.1,15202.15,09:45:00,15277.159538570577,0,7
2022-06-20,15256.75,15266.0,15214.45,15214.45,09:50:00,15275.215772992426,0,8
2022-06-20,15266.25,15278.75,15256.65,15256.65,09:55:00,15274.36188985029,0,9
2022-06-20,15305.5,15322.9,15266.95,15266.95,10:00:00,15277.327424150262,0,10
2022-06-20,15301.35,15321.35,15295.75,15307.0,10:05:00,15279.615288516903,0,11
2022-06-20,15299.25,15301.2,15274.85,15301.2,10:10:00,15281.485261039104,0,12
2022-06-20,15312.75,15332.9,15295.75,15297.85,10:15:00,15284.462855225856,0,13
2022-06-20,15284.4,15316.65,15282.5,15312.7,10:20:00,15284.456869013868,0,14
2022-06-20,15272.0,15292.35,15265.6,15284.65,10:25:00,15283.270500536357,0,15
2022-06-20,15265.75,15276.25,15252.7,15270.65,10:30:00,15281.601881437657,0,16
2022-06-20,15301.65,15303.0,15254.4,15266.2,10:35:00,15283.51122606264,0,17
2022-06-20,15306.0,15308.2,15271.6,15300.75,10:40:00,15285.653014056676,0,18
2022-06-20,15288.35,15306.15,15280.45,15306.15,10:45:00,15285.9098698608,0,19
2022-06-20,15273.65,15298.8,15272.3,15288.8,10:50:00,15284.742263207392,0,20
2022-06-20,15273.55,15280.2,15258.15,15273.55,10:55:00,15283.676333378116,0,21
2022-06-20,15284.05,15284.5,15263.4,15272.3,11:00:00,15283.71192067544,0,22
2022-06-20,15293.2,15307.25,15283.1,15284.2,11:05:00,15284.61554727778,0,23
2022-06-20,15294.55,15301.45,15285.95,15292.85,11:10:00,15285.561685632276,0,24
2022-06-20,15294.75,15295.2,15275.6,15294.0,11:15:00,15286.436763191106,0,25
2022-06-20,15312.8,15312.8,15291.05,15296.7,11:20:00,15288.947547649095,0,26
2022-06-20,15300.6,15315.35,15299.5,15312.95,11:25:00,15290.057305015853,0,27
2022-06-20,15298.85,15307.7,15289.55,15300.8,11:30:00,15290.89470453815,0,28
2022-06-20,15306.4,15309.35,15293.5,15298.3,11:35:00,15292.37139934404,0,29
2022-06-20,15318.9,15318.9,15296.55,15306.85,11:40:00,15294.897932739848,0,30
2022-06-20,15325.75,15325.75,15311.8,15319.2,11:45:00,15297.836224859864,0,31
2022-06-20,15337.5,15338.35,15322.6,15324.55,11:50:00,15301.613727254164,0,32
2022-06-20,15332.85,15349.0,15329.65,15336.45,11:55:00,15304.588610372815,0,33
2022-06-20,15352.6,15358.3,15325.4,15335.05,12:00:00,15309.16112367064,0,34
2022-06-20,15354.05,15356.65,15338.3,15352.75,12:05:00,15313.436254749628,0,35
2022-06-20,15330.55,15353.7,15330.2,15353.5,12:10:00,15315.066135249665,0,36
2022-06-20,15337.75,15348.85,15331.0,15331.0,12:15:00,15317.226503321124,0,37
2022-06-20,15366.1,15372.35,15337.35,15337.45,12:20:00,15321.881122052448,0,38
2022-06-20,15364.85,15377.35,15351.15,15365.75,12:25:00,15325.97339614269,0,39
2022-06-20,15362.95,15382.5,15356.7,15365.25,12:30:00,15329.494977462433,0,40
2022-06-20,15343.8,15370.75,15343.5,15363.8,12:35:00,15330.857360561247,0,41
2022-06-20,15363.75,15364.65,15341.5,15343.2,12:40:00,15333.989992888748,0,42
2022-06-20,15339.95,15365.6,15332.8,15363.45,12:45:00,15334.55761261363,0,43
2022-06-20,15327.05,15344.4,15323.4,15341.05,12:50:00,15333.842601888522,0,44
2022-06-20,15335.55,15346.3,15317.5,15326.4,12:55:00,15334.005211232472,0,45
2022-06-20,15329.0,15339.65,15321.7,15336.4,13:00:00,15333.528524448428,0,46
2022-06-20,15318.4,15330.05,15310.6,15328.95,13:05:00,15332.087712596196,0,47
2022-06-20,15319.3,15322.15,15301.7,15316.3,13:10:00,15330.869835206082,0,48
2022-06-20,15277.7,15320.1,15277.7,15319.4,13:15:00,15325.80604137693,0,49
2022-06-20,15288.2,15292.4,15273.15,15278.2,13:20:00,15322.224513626748,0,50
2022-06-20,15298.05,15312.3,15283.05,15288.9,13:25:00,15319.922178995628,0,51
2022-06-20,15291.5,15313.7,15289.35,15298.95,13:30:00,15317.21530480557,0,52
2022-06-20,15319.05,15324.75,15283.6,15292.0,13:35:00,15317.39003768123,0,53
2022-06-20,15295.35,15323.2,15293.8,15319.25,13:40:00,15315.290986473496,0,54
2022-06-20,15284.85,15303.4,15281.25,15296.7,13:45:00,15312.391844904592,0,55
2022-06-20,15291.0,15298.7,15281.25,15286.7,13:50:00,15310.35452634225,0,56
2022-06-20,15293.15,15293.75,15279.8,15290.6,13:55:00,15308.71600002394,0,57
2022-06-20,15286.15,15295.25,15264.1,15292.5,14:00:00,15306.566857164518,0,58
2022-06-20,15293.45,15297.15,15263.6,15285.9,14:05:00,15305.31763267266,0,59
2022-06-20,15301.8,15312.15,15292.25,15293.3,14:10:00,15304.982620037166,0,60
2022-06-20,15304.15,15317.45,15301.75,15302.5,14:15:00,15304.903322890768,0,61
2022-06-20,15292.95,15305.9,15287.05,15304.3,14:20:00,15303.764911186889,0,62
2022-06-20,15284.5,15301.9,15283.05,15293.3,14:25:00,15301.930157740517,0,63
2022-06-20,15276.85,15291.75,15271.3,15284.3,14:30:00,15299.54157128904,0,64
2022-06-20,15289.3,15301.8,15270.45,15276.95,14:35:00,15298.566183547226,0,65
2022-06-20,15273.3,15288.3,15262.9,15288.3,14:40:00,15296.159880352252,0,66
2022-06-20,15286.0,15293.45,15250.2,15273.4,14:45:00,15295.192272699656,0,67
2022-06-20,15297.5,15302.55,15282.55,15286.2,14:50:00,15295.41205625207,0,68
2022-06-20,15282.9,15307.5,15281.85,15297.8,14:55:00,15294.22043184711,0,69
2022-06-20,15320.55,15325.95,15275.1,15285.85,15:00:00,15296.728009766432,0,70
2022-06-20,15329.7,15337.05,15316.1,15321.75,15:05:00,15299.868199312488,0,71
2022-06-20,15353.05,15355.55,15325.55,15329.35,15:10:00,15304.9331327113,0,72
2022-06-20,15378.55,15379.05,15352.85,15352.85,15:15:00,15311.944262929272,0,73
2022-06-20,15362.45,15379.95,15358.35,15379.45,15:20:00,15316.754333126484,0,74
2022-06-20,15367.0,15371.45,15357.1,15361.9,15:25:00,15321.539634733486,0,75
2022-06-21,15480.85,15482.85,15441.4,15460.1,09:15:00,15336.712050473154,1,1
2022-06-21,15456.55,15489.5,15454.2,15479.95,09:20:00,15348.125188523329,1,2
2022-06-21,15439.1,15470.6,15428.45,15457.8,09:25:00,15356.789456283012,1,3
2022-06-21,15459.65,15463.75,15419.85,15438.8,09:30:00,15366.585698541772,1,4
2022-06-21,15461.35,15474.35,15450.9,15458.95,09:35:00,15375.610870109222,1,5
2022-06-21,15472.6,15478.05,15455.95,15460.8,09:40:00,15384.84793009882,1,6
2022-06-21,15516.7,15518.9,15473.2,15473.2,09:45:00,15397.405270089408,1,7
2022-06-21,15525.8,15536.1,15506.15,15516.05,09:50:00,15409.633339604705,1,8
2022-06-21,15542.75,15549.4,15525.25,15525.25,09:55:00,15422.311116785208,1,9
2022-06-21,15561.15,15562.75,15543.35,15543.35,10:00:00,15435.533867567568,1,10
2022-06-21,15562.65,15569.85,15539.75,15561.8,10:05:00,15447.640165894469,1,11
2022-06-21,15556.3,15561.9,15548.2,15561.9,10:10:00,15457.988721523565,1,12
2022-06-21,15550.1,15560.2,15543.9,15557.4,10:15:00,15466.761224235606,1,13
2022-06-21,15581.25,15586.55,15546.55,15550.2,10:20:00,15477.664917165548,1,14
2022-06-21,15575.9,15583.75,15569.9,15581.45,10:25:00,15487.020639340257,1,15
2022-06-21,15585.2,15593.3,15575.2,15576.8,10:30:00,15496.371054641184,1,16
2022-06-21,15584.55,15587.2,15570.45,15586.1,10:35:00,15504.769049437262,1,17
2022-06-21,15576.55,15590.9,15575.8,15585.2,10:40:00,15511.605330443235,1,18
2022-06-21,15568.75,15577.45,15563.5,15577.45,10:45:00,15517.047679924834,1,19
2022-06-21,15584.3,15588.85,15563.85,15569.0,10:50:00,15523.452662789136,1,20
2022-06-21,15574.8,15585.4,15573.65,15584.95,10:55:00,15528.342885380644,1,21
2022-06-21,15575.0,15579.65,15572.2,15575.3,11:00:00,15532.786420106298,1,22
2022-06-21,15575.9,15580.3,15569.55,15575.05,11:05:00,15536.892475334267,1,23
2022-06-21,15591.95,15593.6,15567.35,15574.95,11:10:00,15542.136049111958,1,24
2022-06-21,15568.75,15592.45,15568.75,15592.25,11:15:00,15544.670711101297,1,25
2022-06-21,15570.85,15571.5,15563.0,15569.7,11:20:00,15547.163976710694,1,26
2022-06-21,15575.0,15578.8,15567.15,15571.55,11:25:00,15549.81502654777,1,27
2022-06-21,15588.5,15589.8,15573.9,15575.2,11:30:00,15553.499309733696,1,28
2022-06-21,15609.45,15610.8,15581.05,15588.7,11:35:00,15558.827946901916,1,29
2022-06-21,15603.4,15615.3,15597.7,15609.55,11:40:00,15563.072904339828,1,30
2022-06-21,15609.0,15613.8,15602.9,15603.9,11:45:00,15567.44691345032,1,31
2022-06-21,15606.05,15610.8,15600.05,15607.75,11:50:00,15571.123397883624,1,32
2022-06-21,15605.6,15610.3,15597.1,15606.3,11:55:00,15574.406883799467,1,33
2022-06-21,15611.45,15615.6,15604.9,15604.9,12:00:00,15577.934799628089,1,34
2022-06-21,15596.35,15617.65,15594.25,15611.65,12:05:00,15579.688628234935,1,35
2022-06-21,15584.9,15596.0,15581.1,15595.65,12:10:00,15580.184949355418,1,36
2022-06-21,15603.1,15603.1,15583.5,15584.2,12:15:00,15582.367335131092,1,37
2022-06-21,15609.25,15610.75,15598.35,15603.45,12:20:00,15584.92758892813,1,38
2022-06-21,15615.2,15616.55,15603.1,15608.85,12:25:00,15587.81067569688,1,39
2022-06-21,15619.9,15623.8,15611.4,15615.65,12:30:00,15590.866801820986,1,40
2022-06-21,15613.15,15622.05,15612.3,15619.4,12:35:00,15592.989011171368,1,41
2022-06-21,15622.7,15623.4,15605.45,15612.9,12:40:00,15595.818629155048,1,42
2022-06-21,15648.45,15648.8,15624.35,15626.05,12:45:00,15600.831140664091,1,43
2022-06-21,15643.9,15649.45,15637.4,15648.95,12:50:00,15604.93293679132,1,44
2022-06-21,15640.75,15647.7,15633.15,15643.6,12:55:00,15608.34408566834,1,45
2022-06-21,15655.95,15658.9,15641.45,15642.2,13:00:00,15612.877982271351,1,46
2022-06-21,15666.1,15666.1,15650.2,15655.25,13:05:00,15617.946745864558,1,47
2022-06-21,15677.05,15677.6,15662.85,15666.25,13:10:00,15623.57562721079,1,48
2022-06-21,15675.9,15687.15,15663.1,15677.0,13:15:00,15628.558900809763,1,49
2022-06-21,15678.1,15683.4,15671.8,15676.5,13:20:00,15633.277100732645,1,50
2022-06-21,15691.2,15693.5,15672.2,15677.8,13:25:00,15638.793567329534,1,51
2022-06-21,15673.95,15690.85,15663.75,15690.7,13:30:00,15642.141799012436,1,52
2022-06-21,15678.55,15679.1,15659.4,15673.85,13:35:00,15645.609246725537,1,53
2022-06-21,15671.3,15683.85,15669.1,15679.7,13:40:00,15648.055985132629,1,54
2022-06-21,15670.95,15671.9,15649.75,15671.8,13:45:00,15650.236367500953,1,55
2022-06-21,15705.45,15705.45,15670.9,15671.95,13:50:00,15655.494808691335,1,56
2022-06-21,15700.35,15707.25,15691.15,15706.45,13:55:00,15659.766731673117,1,57
2022-06-21,15687.6,15705.65,15687.15,15701.25,14:00:00,15662.417519132818,1,58
2022-06-21,15681.8,15698.9,15677.8,15687.8,14:05:00,15664.263469691596,1,59
2022-06-21,15689.25,15690.25,15675.5,15683.1,14:10:00,15666.64313924478,1,60
2022-06-21,15678.9,15705.8,15677.9,15689.65,14:15:00,15667.810459316706,1,61
2022-06-21,15682.25,15689.7,15674.75,15679.6,14:20:00,15669.185653667497,1,62
2022-06-21,15693.1,15693.45,15679.25,15682.45,14:25:00,15671.463210461068,1,63
2022-06-21,15699.85,15703.75,15690.35,15694.35,14:30:00,15674.166714226682,1,64
2022-06-21,15693.9,15702.0,15685.75,15699.95,14:35:00,15676.04607477652,1,65
2022-06-21,15645.9,15694.4,15638.0,15693.45,14:40:00,15673.1750200359,1,66
2022-06-21,15654.05,15657.8,15630.35,15645.95,14:45:00,15671.35358955629,1,67
2022-06-21,15659.6,15665.25,15641.6,15652.7,14:50:00,15670.23420007474,1,68
2022-06-21,15638.35,15660.55,15626.8,15659.45,14:55:00,15667.19760959143,1,69
2022-06-21,15632.25,15645.4,15619.95,15639.25,15:00:00,15663.869265820818,1,70
2022-06-21,15640.5,15647.15,15626.6,15633.7,15:05:00,15661.64362145693,1,71
2022-06-21,15637.7,15645.05,15630.55,15640.75,15:10:00,15659.363276556269,1,72
2022-06-21,15651.2,15653.05,15633.3,15638.4,15:15:00,15658.58582164615,1,73
2022-06-21,15629.4,15651.15,15628.5,15650.7,15:20:00,15655.80621958461,1,74
2022-06-21,15631.5,15635.85,15624.7,15630.2,15:25:00,15653.491341528934,1,75
2022-06-22,15530.4,15565.4,15507.7,15563.3,09:15:00,15641.768356621416,2,1
2022-06-22,15515.2,15542.3,15514.3,15530.25,09:20:00,15629.714227419376,2,2
2022-06-22,15483.0,15514.2,15481.15,15514.2,09:25:00,15615.741443855626,2,3
2022-06-22,15464.85,15489.35,15459.9,15481.0,09:30:00,15601.37083015509,2,4
2022-06-22,15472.65,15478.1,15453.15,15466.1,09:35:00,15589.111703473654,2,5
2022-06-22,15456.1,15478.35,15448.45,15473.3,09:40:00,15576.443922190449,2,6
2022-06-22,15472.05,15474.75,15445.5,15455.9,09:45:00,15566.501643886597,2,7
2022-06-22,15460.35,15483.05,15458.8,15473.2,09:50:00,15556.391963516444,2,8
2022-06-22,15460.4,15480.35,15458.7,15460.45,09:55:00,15547.249871752972,2,9
2022-06-22,15443.7,15468.05,15440.55,15464.1,10:00:00,15537.38797920507,2,10
2022-06-22,15430.4,15452.5,15429.3,15442.85,10:05:00,15527.198647852205,2,11
2022-06-22,15445.0,15447.25,15426.6,15429.75,10:10:00,15519.370205199615,2,12
2022-06-22,15460.7,15461.35,15435.0,15445.1,10:15:00,15513.782566609176,2,13
2022-06-22,15463.95,15475.05,15459.05,15460.85,10:20:00,15509.036607884493,2,14
2022-06-22,15470.25,15471.35,15458.3,15464.15,10:25:00,15505.342645228828,2,15
2022-06-22,15509.75,15511.3,15469.3,15469.3,10:30:00,15505.762393302271,2,16
2022-06-22,15516.25,15521.7,15503.0,15512.05,10:35:00,15506.76121298777,2,17
2022-06-22,15495.5,15518.3,15495.05,15515.65,10:40:00,15505.688716512745,2,18
2022-06-22,15496.5,15498.95,15489.4,15495.15,10:45:00,15504.813600654388,2,19
2022-06-22,15516.5,15518.45,15489.8,15496.1,10:50:00,15505.926591068255,2,20
2022-06-22,15519.75,15522.05,15500.15,15514.55,10:55:00,15507.243106204613,2,21
2022-06-22,15507.95,15533.45,15507.35,15519.9,11:00:00,15507.310429423222,2,22
2022-06-22,15480.55,15507.75,15477.55,15507.1,11:05:00,15504.761817097202,2,23
2022-06-22,15487.3,15493.95,15475.25,15480.45,11:10:00,15503.098786897468,2,24
2022-06-22,15478.3,15494.0,15476.1,15487.1,11:15:00,15500.736997669135,2,25
2022-06-22,15469.7,15482.8,15468.2,15477.2,11:20:00,15497.78109312922,2,26
2022-06-22,15480.75,15485.9,15467.45,15468.2,11:25:00,15496.159084259769,2,27
2022-06-22,15493.8,15502.7,15479.3,15480.2,11:30:00,15495.934409568365,2,28
2022-06-22,15497.05,15504.85,15491.75,15494.2,11:35:00,15496.040656276138,2,29
2022-06-22,15476.85,15502.5,15476.85,15496.45,11:40:00,15494.21297472603,2,30
2022-06-22,15478.15,15483.9,15473.35,15477.05,11:45:00,15492.683167609266,2,31
2022-06-22,15470.3,15481.15,15469.15,15477.35,11:50:00,15490.551437360766,2,32
2022-06-22,15460.75,15473.95,15458.65,15471.25,11:55:00,15487.71320523117,2,33
2022-06-22,15461.5,15466.45,15452.8,15460.9,12:00:00,15485.216709494867,2,34
2022-06-22,15464.8,15468.45,15452.65,15462.15,12:05:00,15483.272260971547,2,35
2022-06-22,15465.6,15470.0,15462.2,15465.25,12:10:00,15481.589188498068,2,36
2022-06-22,15461.95,15475.85,15459.05,15465.55,12:15:00,15479.718789593488,2,37
2022-06-22,15472.1,15472.65,15459.9,15462.15,12:20:00,15478.993190584584,2,38
2022-06-22,15481.0,15481.0,15470.25,15472.65,12:25:00,15479.184315290817,2,39
2022-06-22,15448.9,15482.45,15445.8,15482.15,12:30:00,15476.30009478693,2,40
2022-06-22,15431.9,15448.75,15420.45,15448.75,12:35:00,15472.071514331032,2,41
2022-06-22,15438.9,15438.95,15423.5,15430.45,12:40:00,15468.91232248998,2,42
2022-06-22,15427.9,15447.45,15427.65,15438.6,12:45:00,15465.006387014746,2,43
2022-06-22,15420.05,15425.35,15407.5,15425.35,12:50:00,15460.724826346675,2,44
2022-06-22,15421.75,15432.4,15415.4,15422.65,12:55:00,15457.012938123184,2,45
2022-06-22,15424.55,15439.7,15412.55,15423.3,13:00:00,15453.9212297305,2,46
2022-06-22,15431.2,15433.75,15416.15,15424.4,13:05:00,15451.7573030895,2,47
2022-06-22,15420.8,15436.8,15420.25,15430.75,13:10:00,15448.808988509549,2,48
2022-06-22,15413.9,15421.6,15411.55,15421.6,13:15:00,15445.484322937207,2,49
2022-06-22,15398.75,15420.7,15390.9,15414.1,13:20:00,15441.033435038427,2,50
2022-06-22,15395.85,15408.4,15395.45,15399.1,13:25:00,15436.730250749051,2,51
2022-06-22,15393.9,15401.3,15385.95,15395.6,13:30:00,15432.651179249144,2,52
2022-06-22,15396.95,15402.25,15388.85,15393.7,13:35:00,15429.251066939702,2,53
2022-06-22,15416.05,15427.55,15396.95,15397.05,13:40:00,15427.993822469252,2,54
2022-06-22,15413.45,15423.5,15404.2,15416.15,13:45:00,15426.6086965198,2,55
2022-06-22,15414.25,15420.1,15405.1,15414.0,13:50:00,15425.43167780363,2,56
2022-06-22,15403.05,15416.55,15399.3,15415.05,13:55:00,15423.30008944138,2,57
2022-06-22,15430.5,15432.85,15400.35,15404.25,14:00:00,15423.985795208868,2,58
2022-06-22,15448.75,15463.95,15432.25,15434.15,14:05:00,15426.34429090326,2,59
2022-06-22,15446.55,15456.65,15442.25,15450.15,14:10:00,15428.268644150568,2,60
2022-06-22,15423.45,15447.95,15415.0,15447.8,14:15:00,15427.809725660038,2,61
2022-06-22,15441.9,15453.45,15424.0,15424.2,14:20:00,15429.151656549557,2,62
2022-06-22,15443.4,15453.95,15436.95,15443.05,14:25:00,15430.508641640074,2,63
2022-06-22,15449.9,15462.95,15444.65,15444.75,14:30:00,15432.355437674352,2,64
2022-06-22,15442.05,15458.55,15436.75,15450.6,14:35:00,15433.278729324413,2,65
2022-06-22,15434.7,15449.25,15432.05,15442.6,14:40:00,15433.414088436371,2,66
2022-06-22,15437.15,15439.6,15428.7,15434.95,14:45:00,15433.769889537672,2,67
2022-06-22,15456.3,15470.55,15434.55,15437.25,14:50:00,15435.915614343608,2,68
2022-06-22,15444.3,15456.25,15438.55,15456.25,14:55:00,15436.714127263263,2,69
2022-06-22,15412.85,15451.9,15408.6,15444.4,15:00:00,15434.441353238191,2,70
2022-06-22,15411.7,15423.15,15406.35,15417.1,15:05:00,15432.275510072648,2,71
2022-06-22,15420.3,15420.3,15408.3,15413.1,15:10:00,15431.134985303825,2,72
2022-06-22,15406.6,15425.6,15404.5,15421.7,15:15:00,15428.798320036793,2,73
2022-06-22,15406.1,15410.75,15399.25,15407.05,15:20:00,15426.636575271385,2,74
2022-06-22,15401.1,15409.45,15398.0,15405.7,15:25:00,15424.204520483634,2,75
2022-06-23,15469.55,15471.5,15411.55,15461.2,09:15:00,15428.52313758043,3,1
2022-06-23,15499.1,15499.1,15463.9,15469.3,09:20:00,15435.244743525152,3,2
2022-06-23,15500.15,15517.25,15491.65,15500.0,09:25:00,15441.426196522758,3,3
2022-06-23,15521.85,15526.25,15502.35,15502.35,09:30:00,15449.085606377734,3,4
2022-06-23,15526.15,15538.1,15514.1,15521.25,09:35:00,15456.425072436996,3,5
2022-06-23,15546.55,15548.35,15521.7,15527.2,09:40:00,15465.008398871569,3,6
2022-06-23,15568.75,15577.3,15547.45,15547.45,09:45:00,15474.888551359987,3,7
2022-06-23,15576.15,15577.75,15559.15,15570.4,09:50:00,15484.532498849512,3,8
2022-06-23,15562.05,15577.95,15559.95,15574.5,09:55:00,15491.915118006702,3,9
2022-06-23,15568.7,15575.9,15549.55,15561.15,10:00:00,15499.227963910826,3,10
2022-06-23,15565.15,15576.05,15561.75,15568.05,10:05:00,15505.506253062174,3,11
2022-06-23,15593.5,15595.05,15564.35,15564.35,10:10:00,15513.886609913396,3,12
2022-06-23,15590.7,15593.25,15585.15,15592.4,10:15:00,15521.202170874025,3,13
2022-06-23,15590.55,15602.85,15581.4,15591.0,10:20:00,15527.80672602888,3,14
2022-06-23,15586.2,15597.95,15586.2,15590.6,10:25:00,15533.367990216604,3,15
2022-06-23,15587.35,15593.25,15582.15,15587.05,10:30:00,15538.5091340055,3,16
2022-06-23,15595.85,15596.65,15583.65,15587.0,10:35:00,15543.970168862115,3,17
2022-06-23,15577.2,15600.4,15576.25,15595.45,10:40:00,15547.134914684772,3,18
2022-06-23,15585.85,15593.0,15572.45,15577.05,10:45:00,15550.822065667177,3,19
2022-06-23,15595.4,15598.3,15585.4,15585.4,10:50:00,15555.06758322268,3,20
2022-06-23,15607.35,15608.8,15594.5,15595.9,10:55:00,15560.046861010997,3,21
2022-06-23,15614.3,15619.75,15607.65,15607.65,11:00:00,15565.213826629,3,22
2022-06-23,15617.75,15628.2,15614.5,15614.5,11:05:00,15570.21727171195,3,23
2022-06-23,15612.95,15618.6,15608.9,15617.9,11:10:00,15574.287055358433,3,24
2022-06-23,15616.9,15622.1,15612.35,15612.9,11:15:00,15578.345431038582,3,25
2022-06-23,15614.15,15621.3,15613.9,15616.35,11:20:00,15581.755389987287,3,26
2022-06-23,15621.25,15628.45,15609.9,15614.6,11:25:00,15585.516781417067,3,27
2022-06-23,15614.2,15621.4,15602.5,15621.4,11:30:00,15588.248516520203,3,28
2022-06-23,15602.65,15614.9,15595.8,15614.9,11:35:00,15589.620086375424,3,29
2022-06-23,15581.65,15604.55,15581.65,15603.15,11:40:00,15588.861030530146,3,30
2022-06-23,15554.9,15580.1,15554.9,15580.05,11:45:00,15585.626646670133,3,31
2022-06-23,15528.9,15554.5,15523.35,15553.75,11:50:00,15580.224108892024,3,32
2022-06-23,15522.0,15540.7,15510.8,15527.95,11:55:00,15574.67895566421,3,33
2022-06-23,15511.2,15529.2,15510.55,15521.6,12:00:00,15568.633340839047,3,34
2022-06-23,15530.45,15532.85,15507.35,15510.05,12:05:00,15564.99683218771,3,35
2022-06-23,15533.8,15546.5,15526.65,15531.15,12:10:00,15562.02570531269,3,36
2022-06-23,15516.45,15536.35,15513.5,15534.05,12:15:00,15557.685161949576,3,37
2022-06-23,15479.5,15516.05,15471.6,15515.9,12:20:00,15550.238956049616,3,38
2022-06-23,15460.05,15487.4,15457.4,15478.25,12:25:00,15541.649531663938,3,39
2022-06-23,15470.95,15477.1,15458.8,15461.2,12:30:00,15534.916242934038,3,40
2022-06-23,15465.1,15484.15,15461.45,15471.05,12:35:00,15528.26707694032,3,41
2022-06-23,15468.65,15471.5,15456.85,15464.6,12:40:00,15522.589260088862,3,42
2022-06-23,15425.4,15467.65,15420.9,15467.65,12:45:00,15513.3331400804,3,43
2022-06-23,15412.0,15437.5,15411.4,15426.7,12:50:00,15503.682364834647,3,44
2022-06-23,15425.1,15428.1,15404.15,15413.9,12:55:00,15496.19833008849,3,45
2022-06-23,15433.85,15436.35,15414.35,15424.4,13:00:00,15490.260393889586,3,46
2022-06-23,15376.2,15433.0,15369.7,15433.0,13:05:00,15479.397499233435,3,47
2022-06-23,15386.3,15391.1,15367.5,15376.85,13:10:00,15470.531070735013,3,48
2022-06-23,15392.65,15415.65,15379.85,15386.35,13:15:00,15463.113825903109,3,49
2022-06-23,15397.0,15403.4,15385.0,15393.2,13:20:00,15456.817271055192,3,50
2022-06-23,15399.5,15409.7,15385.95,15397.6,13:25:00,15451.358483335647,3,51
2022-06-23,15480.1,15480.1,15389.4,15398.7,13:30:00,15454.095770637015,3,52
2022-06-23,15507.1,15533.1,15469.6,15480.05,13:35:00,15459.143792481109,3,53
2022-06-23,15544.65,15551.5,15507.35,15509.7,13:40:00,15467.28724081624,3,54
2022-06-23,15535.3,15564.2,15522.15,15544.95,13:45:00,15473.764646452788,3,55
2022-06-23,15559.95,15559.95,15533.3,15536.3,13:50:00,15481.972775362046,3,56
2022-06-23,15571.3,15579.75,15557.85,15560.55,13:55:00,15490.48013008947,3,57
2022-06-23,15543.85,15575.6,15541.05,15573.85,14:00:00,15495.562974842856,3,58
2022-06-23,15513.2,15544.0,15512.55,15543.6,14:05:00,15497.242691524489,3,59
2022-06-23,15499.35,15522.6,15498.6,15513.35,14:10:00,15497.443387569776,3,60
2022-06-23,15532.75,15540.8,15499.15,15499.15,14:15:00,15500.80592208694,3,61
2022-06-23,15510.15,15533.65,15507.55,15533.3,14:20:00,15501.695834269136,3,62
2022-06-23,15516.9,15516.9,15493.65,15509.75,14:25:00,15503.143850053028,3,63
2022-06-23,15545.35,15556.3,15513.4,15517.75,14:30:00,15507.163483381311,3,64
2022-06-23,15551.95,15563.9,15541.05,15544.5,14:35:00,15511.428865916423,3,65
2022-06-23,15585.35,15585.7,15552.1,15552.1,14:40:00,15518.468973924384,3,66
2022-06-23,15560.4,15588.3,15558.25,15587.3,14:45:00,15522.462404979204,3,67
2022-06-23,15568.8,15576.25,15559.5,15559.5,14:50:00,15526.875509266898,3,68
2022-06-23,15583.05,15591.8,15564.6,15569.45,14:55:00,15532.225460765289,3,69
2022-06-23,15557.55,15584.8,15543.9,15582.65,15:00:00,15534.637321644785,3,70
2022-06-23,15548.05,15566.65,15547.7,15558.6,15:05:00,15535.914719583376,3,71
2022-06-23,15561.5,15569.35,15546.05,15548.3,15:10:00,15538.351412956386,3,72
2022-06-23,15556.9,15566.3,15551.85,15563.25,15:15:00,15540.11794505578,3,73
2022-06-23,15563.75,15567.05,15556.45,15557.05,15:20:00,15542.36861695523,3,74
2022-06-23,15577.55,15577.55,15563.1,15564.45,15:25:00,15545.719224864251,3,75
2022-06-24,15703.6,15725.85,15650.3,15665.7,09:15:00,15560.755489162895,4,1
2022-06-24,15712.75,15749.25,15705.3,15705.3,09:20:00,15575.23115686167,4,2
2022-06-24,15704.2,15730.65,15686.45,15711.65,09:25:00,15587.513903827225,4,3
2022-06-24,15689.65,15708.2,15685.8,15703.3,09:30:00,15597.241151081776,4,4
2022-06-24,15690.75,15700.5,15679.45,15688.4,09:35:00,15606.146755740654,4,5
2022-06-24,15683.05,15692.75,15673.5,15690.8,09:40:00,15613.470874241544,4,6
2022-06-24,15686.6,15714.25,15677.25,15683.75,09:45:00,15620.435552885208,4,7
2022-06-24,15701.6,15707.4,15681.85,15685.9,09:50:00,15628.165500229472,4,8
2022-06-24,15709.7,15717.75,15699.35,15701.55,09:55:00,15635.930690683808,4,9
2022-06-24,15719.45,15720.1,15702.85,15710.2,10:00:00,15643.884910618684,4,10
2022-06-24,15685.1,15728.65,15677.2,15719.1,10:05:00,15647.810157226428,4,11
2022-06-24,15688.4,15697.15,15679.5,15685.2,10:10:00,15651.675856538195,4,12
2022-06-24,15659.9,15697.0,15659.9,15688.95,10:15:00,15652.459108296463,4,13
2022-06-24,15661.0,15673.4,15656.6,15659.6,10:20:00,15653.272526553945,4,14
2022-06-24,15673.85,15679.1,15645.95,15661.55,10:25:00,15655.232285929758,4,15
2022-06-24,15667.95,15675.35,15660.85,15675.15,10:30:00,15656.443496793592,4,16
2022-06-24,15676.0,15676.8,15660.2,15667.85,10:35:00,15658.306020908489,4,17
2022-06-24,15677.9,15683.2,15664.5,15676.3,10:40:00,15660.1721141553,4,18
2022-06-24,15666.55,15682.5,15663.65,15678.25,10:45:00,15660.779531854794,4,19
2022-06-24,15668.55,15674.1,15662.4,15666.65,10:50:00,15661.519576440052,4,20
2022-06-24,15691.0,15694.0,15664.65,15668.65,10:55:00,15664.327235826711,4,21
2022-06-24,15678.75,15692.65,15677.1,15691.45,11:00:00,15665.700832414646,4,22
2022-06-24,15676.9,15683.25,15671.9,15678.0,11:05:00,15666.767419803728,4,23
2022-06-24,15681.6,15683.55,15676.35,15677.2,11:10:00,15668.180046489088,4,24
2022-06-24,15685.95,15692.6,15680.4,15681.75,11:15:00,15669.872423013936,4,25
2022-06-24,15689.05,15695.25,15683.9,15685.5,11:20:00,15671.69885891737,4,26
2022-06-24,15667.8,15692.7,15667.15,15689.65,11:25:00,15671.327539020478,4,27
2022-06-24,15673.55,15673.65,15657.0,15666.8,11:30:00,15671.539201970909,4,28
2022-06-24,15664.95,15680.15,15664.55,15673.6,11:35:00,15670.91165892606,4,29
2022-06-24,15667.35,15667.35,15656.2,15664.65,11:40:00,15670.572453314053,4,30
2022-06-24,15653.25,15669.6,15648.55,15666.7,11:45:00,15668.922695855572,4,31
2022-06-24,15634.1,15659.05,15632.65,15653.55,11:50:00,15665.606248631231,4,32
2022-06-24,15627.35,15640.25,15621.75,15633.15,11:55:00,15661.962796380638,4,33
2022-06-24,15639.25,15648.7,15625.05,15627.75,12:00:00,15659.799672915817,4,34
2022-06-24,15654.55,15654.55,15636.75,15639.2,12:05:00,15659.29970406669,4,35
2022-06-24,15629.7,15658.35,15628.65,15654.95,12:10:00,15656.480684631768,4,36
2022-06-24,15634.95,15637.35,15619.45,15629.75,12:15:00,15654.430143238264,4,37
2022-06-24,15627.75,15635.35,15624.45,15634.75,12:20:00,15651.889177215571,4,38
2022-06-24,15639.7,15644.95,15624.4,15627.85,12:25:00,15650.728303195045,4,39
2022-06-24,15636.85,15640.25,15621.55,15639.35,12:30:00,15649.40656003361,4,40
2022-06-24,15657.45,15657.9,15629.05,15635.9,12:35:00,15650.17260193517,4,41
2022-06-24,15668.75,15671.35,15651.5,15656.75,12:40:00,15651.941877941345,4,42
2022-06-24,15666.6,15671.9,15652.3,15668.7,12:45:00,15653.337889565975,4,43
2022-06-24,15657.45,15666.9,15655.65,15666.9,12:50:00,15653.72951913112,4,44
2022-06-24,15659.2,15661.1,15653.3,15657.5,12:55:00,15654.250517309109,4,45
2022-06-24,15686.65,15688.75,15657.05,15659.6,13:00:00,15657.33618232729,4,46
2022-06-24,15684.4,15692.55,15679.8,15685.6,13:05:00,15659.91368877231,4,47
2022-06-24,15680.85,15684.65,15674.45,15684.15,13:10:00,15661.907623174948,4,48
2022-06-24,15668.2,15682.7,15663.45,15682.5,13:15:00,15662.506897158286,4,49
2022-06-24,15659.2,15671.2,15654.3,15668.1,13:20:00,15662.191954571785,4,50
2022-06-24,15661.85,15666.5,15649.05,15658.7,13:25:00,15662.159387469708,4,51
2022-06-24,15665.9,15674.4,15657.25,15662.3,13:30:00,15662.515636282118,4,52
2022-06-24,15661.85,15667.25,15659.6,15665.95,13:35:00,15662.452242350488,4,53
2022-06-24,15637.75,15663.5,15637.15,15661.9,13:40:00,15660.099647840916,4,54
2022-06-24,15679.25,15686.9,15637.7,15640.2,13:45:00,15661.923490903686,4,55
2022-06-24,15666.1,15685.75,15665.65,15678.55,13:50:00,15662.321253674763,4,56
2022-06-24,15683.45,15683.7,15662.5,15666.35,13:55:00,15664.333515229548,4,57
2022-06-24,15681.3,15689.55,15675.25,15682.9,14:00:00,15665.949370921971,4,58
2022-06-24,15698.95,15708.3,15672.0,15682.3,14:05:00,15669.092287977024,4,59
2022-06-24,15706.35,15713.5,15698.35,15698.35,14:10:00,15672.640641503023,4,60
2022-06-24,15687.0,15711.75,15686.15,15706.15,14:15:00,15674.008199455116,4,61
2022-06-24,15702.55,15705.9,15688.0,15688.0,14:20:00,15676.726466173675,4,62
2022-06-24,15715.9,15716.55,15696.4,15703.05,14:25:00,15680.45727891904,4,63
2022-06-24,15695.65,15717.05,15694.1,15717.05,14:30:00,15681.904204736276,4,64
2022-06-24,15698.0,15698.6,15676.5,15695.2,14:35:00,15683.437137618534,4,65
2022-06-24,15704.8,15711.1,15693.95,15698.3,14:40:00,15685.471695940578,4,66
2022-06-24,15694.05,15704.5,15690.25,15703.75,14:45:00,15686.28867727957,4,67
2022-06-24,15686.55,15698.75,15686.2,15693.95,14:50:00,15686.313565157709,4,68
2022-06-24,15693.1,15697.95,15682.95,15686.8,14:55:00,15686.959892285546,4,69
2022-06-24,15699.25,15703.85,15676.1,15693.2,15:00:00,15688.13037873454,4,70
2022-06-24,15700.45,15706.9,15695.35,15700.75,15:05:00,15689.303675997917,4,71
2022-06-24,15709.75,15710.45,15698.25,15700.4,15:10:00,15691.250944950496,4,72
2022-06-24,15702.7,15712.0,15698.0,15710.55,15:15:00,15692.341331145686,4,73
2022-06-24,15699.15,15707.15,15695.75,15702.9,15:20:00,15692.989775798478,4,74
2022-06-24,15697.75,15703.75,15695.7,15698.2,15:25:00,15693.443130484337,4,75
2022-06-27,15866.25,15927.45,15865.4,15914.95,09:15:00,15709.900927581068,0,1
2022-06-27,15895.65,15895.65,15862.6,15864.35,09:20:00,15727.59131543049,0,2
2022-06-27,15902.6,15926.5,15897.8,15897.85,09:25:00,15744.258809199016,0,3
2022-06-27,15916.05,15919.65,15892.1,15903.7,09:30:00,15760.619874989585,0,4
2022-06-27,15904.1,15923.9,15904.1,15915.5,09:35:00,15774.284648800098,0,5
2022-06-27,15909.85,15917.0,15890.05,15903.25,09:40:00,15787.19563462866,0,6
2022-06-27,15888.2,15913.25,15886.4,15909.2,09:45:00,15796.81509799736,0,7
2022-06-27,15889.55,15895.9,15886.75,15889.0,09:50:00,15805.646993426182,0,8
2022-06-27,15876.25,15899.65,15871.9,15889.2,09:55:00,15812.371089290356,0,9
2022-06-27,15890.95,15897.5,15875.5,15876.8,10:00:00,15819.854795072224,0,10
2022-06-27,15883.55,15895.1,15881.4,15891.4,10:05:00,15825.921005065346,0,11
2022-06-27,15868.4,15886.8,15868.4,15885.1,10:10:00,15829.966623630551,0,12
2022-06-27,15868.85,15874.55,15861.6,15867.95,10:15:00,15833.669802332402,0,13
2022-06-27,15881.55,15886.35,15866.1,15868.8,10:20:00,15838.229821157887,0,14
2022-06-27,15889.85,15892.95,15878.0,15881.85,10:25:00,15843.14602866666,0,15
2022-06-27,15885.7,15890.4,15880.05,15890.1,10:30:00,15847.198787841262,0,16
2022-06-27,15880.85,15889.3,15879.3,15886.3,10:35:00,15850.403665189711,0,17
2022-06-27,15879.15,15891.95,15878.9,15881.25,10:40:00,15853.14141136212,0,18
2022-06-27,15860.5,15881.5,15859.2,15878.3,10:45:00,15853.842229327633,0,19
2022-06-27,15866.55,15868.0,15853.05,15860.45,10:50:00,15855.052493201192,0,20
2022-06-27,15864.9,15871.85,15859.15,15867.15,10:55:00,15855.990350991557,0,21
2022-06-27,15858.3,15867.6,15853.5,15864.55,11:00:00,15856.210317563788,0,22
2022-06-27,15874.95,15875.65,15856.0,15858.2,11:05:00,15857.99504922438,0,23
2022-06-27,15871.8,15881.6,15870.05,15874.75,11:10:00,15859.309806441104,0,24
2022-06-27,15865.4,15873.85,15860.35,15871.5,11:15:00,15859.889824875285,0,25
2022-06-27,15866.3,15870.3,15861.7,15865.65,11:20:00,15860.500317744309,0,26
2022-06-27,15873.9,15874.2,15861.8,15866.95,11:25:00,15861.776477959134,0,27
2022-06-27,15871.35,15880.2,15868.1,15873.7,11:30:00,15862.688241963026,0,28
2022-06-27,15844.25,15871.85,15843.05,15871.8,11:35:00,15860.932218918928,0,29
2022-06-27,15844.55,15853.95,15844.0,15844.2,11:40:00,15859.372007593316,0,30
2022-06-27,15840.7,15845.8,15834.05,15844.3,11:45:00,15857.593721155858,0,31
2022-06-27,15836.9,15846.7,15836.7,15841.3,11:50:00,15855.622890569584,0,32
2022-06-27,15842.75,15844.75,15831.9,15836.15,11:55:00,15854.396900991527,0,33
2022-06-27,15839.7,15848.5,15838.3,15842.3,12:00:00,15852.997196135191,0,34
2022-06-27,15854.1,15857.1,15838.85,15839.4,12:05:00,15853.102225074696,0,35
2022-06-27,15848.3,15860.4,15847.3,15854.25,12:10:00,15852.64487030568,0,36
2022-06-27,15847.3,15851.1,15843.3,15848.1,12:15:00,15852.135835038473,0,37
2022-06-27,15859.75,15860.1,15844.55,15847.8,12:20:00,15852.860993606238,0,38
2022-06-27,15854.6,15860.85,15851.95,15859.35,12:25:00,15853.026613262788,0,39
2022-06-27,15880.45,15882.05,15852.15,15855.1,12:30:00,15855.638364380617,0,40
2022-06-27,15882.8,15890.15,15880.1,15881.1,12:35:00,15858.22518682056,0,41
2022-06-27,15884.55,15884.9,15874.65,15883.8,12:40:00,15860.732311885266,0,42
2022-06-27,15880.1,15888.2,15874.5,15885.05,12:45:00,15862.57685361048,0,43
2022-06-27,15884.6,15886.2,15876.55,15880.3,12:50:00,15864.674296123763,0,44
2022-06-27,15892.8,15901.0,15884.1,15884.9,12:55:00,15867.352934588169,0,45
2022-06-27,15898.25,15902.25,15892.45,15893.2,13:00:00,15870.29551224644,0,46
2022-06-27,15903.9,15911.55,15894.95,15898.6,13:05:00,15873.49593965154,0,47
2022-06-27,15889.15,15903.9,15888.8,15903.85,13:10:00,15874.986802541873,0,48
2022-06-27,15899.9,15901.05,15888.5,15888.5,13:15:00,15877.359488014074,0,49
2022-06-27,15904.35,15904.7,15895.65,15900.5,13:20:00,15879.930012965116,0,50
2022-06-27,15904.55,15908.05,15899.25,15904.6,13:25:00,15882.274773635105,0,51
2022-06-27,15889.2,15911.1,15885.25,15904.3,13:30:00,15882.93431900319,0,52
2022-06-27,15882.0,15896.6,15882.0,15889.6,13:35:00,15882.845336240982,0,53
2022-06-27,15896.4,15896.4,15881.05,15882.45,13:40:00,15884.136256598984,0,54
2022-06-27,15891.5,15902.45,15891.5,15896.65,13:45:00,15884.83756549432,0,55
2022-06-27,15883.0,15895.8,15880.0,15891.1,13:50:00,15884.662559256763,0,56
2022-06-27,15886.85,15893.4,15880.25,15882.75,13:55:00,15884.870886946595,0,57
2022-06-27,15891.2,15904.35,15888.65,15888.65,14:00:00,15885.47365961835,0,58
2022-06-27,15873.5,15907.2,15871.25,15891.3,14:05:00,15884.33331108327,0,59
2022-06-27,15882.7,15885.6,15872.65,15874.4,14:10:00,15884.177757646768,0,60
2022-06-27,15870.3,15887.4,15865.0,15882.3,14:15:00,15882.856066442317,0,61
2022-06-27,15852.15,15875.25,15849.25,15869.8,14:20:00,15879.931679162097,0,62
2022-06-27,15868.95,15868.95,15845.7,15852.4,14:25:00,15878.885804956182,0,63
2022-06-27,15870.5,15879.95,15862.85,15868.5,14:30:00,15878.087156865118,0,64
2022-06-27,15842.55,15869.5,15842.55,15869.5,14:35:00,15874.702665735103,0,65
2022-06-27,15841.35,15863.35,15840.15,15842.1,14:40:00,15871.52622137938,0,66
2022-06-27,15854.05,15854.95,15833.55,15840.95,14:45:00,15869.861819343248,0,67
2022-06-27,15853.7,15866.5,15853.0,15854.45,14:50:00,15868.322598453417,0,68
2022-06-27,15863.25,15866.6,15844.95,15853.75,14:55:00,15867.839493838805,0,69
2022-06-27,15819.4,15863.8,15815.5,15863.45,15:00:00,15863.226208711298,0,70
2022-06-27,15824.05,15831.3,15817.55,15822.45,15:05:00,15859.495141214982,0,71
2022-06-27,15835.75,15838.6,15824.6,15824.6,15:10:00,15857.233699194509,0,72
2022-06-27,15838.1,15843.9,15832.3,15837.1,15:15:00,15855.411442128365,0,73
2022-06-27,15835.2,15839.05,15824.6,15839.05,15:20:00,15853.486542878043,0,74
2022-06-27,15838.4,15843.45,15823.3,15835.0,15:25:00,15852.04972927061,0,75
2022-06-28,15771.85,15792.35,15753.45,15768.35,09:15:00,15844.411659816267,1,1
2022-06-28,15742.6,15769.6,15732.4,15769.6,09:20:00,15834.715311262336,1,2
2022-06-28,15723.9,15744.55,15721.6,15743.55,09:25:00,15824.161472094494,1,3
2022-06-28,15751.95,15751.95,15718.7,15724.0,09:30:00,15817.284189037877,1,4
2022-06-28,15745.7,15760.15,15745.3,15753.8,09:35:00,15810.466647224746,1,5
2022-06-28,15746.05,15750.15,15735.3,15745.5,09:40:00,15804.331728441435,1,6
2022-06-28,15743.75,15749.65,15738.25,15746.75,09:45:00,15798.562040018443,1,7
2022-06-28,15723.65,15749.85,15723.1,15743.65,09:50:00,15791.427560016687,1,8
2022-06-28,15717.55,15727.6,15714.3,15723.5,09:55:00,15784.39160191986,1,9
2022-06-28,15730.95,15730.95,15710.15,15717.4,10:00:00,15779.30192554654,1,10
2022-06-28,15729.55,15738.75,15723.4,15731.35,10:05:00,15774.56364692306,1,11
2022-06-28,15718.9,15730.4,15718.35,15729.6,10:10:00,15769.2623472161,1,12
2022-06-28,15732.75,15734.6,15716.75,15718.55,10:15:00,15765.784980814567,1,13
2022-06-28,15732.9,15737.25,15723.2,15732.2,10:20:00,15762.653077879846,1,14
2022-06-28,15731.5,15740.85,15730.0,15732.75,10:25:00,15759.686118081763,1,15
2022-06-28,15739.45,15744.95,15730.95,15732.6,10:30:00,15757.758868740644,1,16
2022-06-28,15739.0,15741.7,15732.85,15739.05,10:35:00,15755.972309812963,1,17
2022-06-28,15739.7,15744.65,15732.8,15738.1,10:40:00,15754.422566021254,1,18
2022-06-28,15737.65,15743.35,15734.35,15741.25,10:45:00,15752.825178781137,1,19
2022-06-28,15736.5,15742.2,15735.2,15737.4,10:50:00,15751.270399849598,1,20
2022-06-28,15731.1,15748.2,15726.0,15736.35,10:55:00,15749.349409387733,1,21
2022-06-28,15734.5,15736.25,15729.55,15730.9,11:00:00,15747.935179922231,1,22
2022-06-28,15745.35,15748.6,15735.6,15735.6,11:05:00,15747.68897231059,1,23
2022-06-28,15747.2,15758.15,15745.8,15745.9,11:10:00,15747.642403519108,1,24
2022-06-28,15751.35,15754.75,15741.5,15747.8,11:15:00,15747.995507945858,1,25
2022-06-28,15752.35,15762.45,15750.6,15752.1,11:20:00,15748.410221474824,1,26
2022-06-28,15765.85,15765.85,15752.8,15752.8,11:25:00,15750.071152762936,1,27
2022-06-28,15774.25,15774.25,15763.75,15766.65,11:30:00,15752.373900118846,1,28
2022-06-28,15781.55,15785.4,15769.3,15773.6,11:35:00,15755.152576298004,1,29
2022-06-28,15783.4,15791.25,15778.6,15782.0,11:40:00,15757.842807126764,1,30
2022-06-28,15791.1,15794.9,15781.3,15782.25,11:45:00,15761.010158828976,1,31
2022-06-28,15806.8,15810.05,15791.25,15791.75,11:50:00,15765.37109608336,1,32
2022-06-28,15802.65,15808.35,15794.9,15806.45,11:55:00,15768.921467884944,1,33
2022-06-28,15790.15,15805.55,15790.05,15803.05,12:00:00,15770.943232848284,1,34
2022-06-28,15787.3,15795.9,15781.4,15789.85,12:05:00,15772.501020196063,1,35
2022-06-28,15797.1,15799.85,15786.9,15787.4,12:10:00,15774.843780177393,1,36
2022-06-28,15788.95,15798.2,15784.05,15797.05,12:15:00,15776.187229684308,1,37
2022-06-28,15790.9,15796.8,15776.15,15789.5,12:20:00,15777.58844590485,1,38
2022-06-28,15778.55,15792.0,15778.25,15790.75,12:25:00,15777.68002248534,1,39
2022-06-28,15801.4,15802.05,15779.1,15779.55,12:30:00,15779.939067962929,1,40
2022-06-28,15816.95,15817.55,15797.2,15800.95,12:35:00,15783.463918633124,1,41
2022-06-28,15828.15,15837.8,15816.7,15816.7,12:40:00,15787.71973590616,1,42
2022-06-28,15816.6,15829.8,15816.25,15828.0,12:45:00,15790.470237248432,1,43
2022-06-28,15823.4,15826.35,15807.55,15815.8,12:50:00,15793.606405129534,1,44
2022-06-28,15804.55,15830.35,15803.45,15824.4,12:55:00,15794.648652260052,1,45
2022-06-28,15790.25,15811.9,15790.25,15804.2,13:00:00,15794.229732997192,1,46
2022-06-28,15765.25,15791.85,15764.8,15789.25,13:05:00,15791.469758426032,1,47
2022-06-28,15762.05,15770.9,15759.3,15764.4,13:10:00,15788.667876671172,1,48
2022-06-28,15766.65,15772.5,15759.0,15762.45,13:15:00,15786.570936035823,1,49
2022-06-28,15781.1,15783.95,15765.25,15766.85,13:20:00,15786.049894508602,1,50
2022-06-28,15789.25,15790.3,15771.0,15780.7,13:25:00,15786.354666460164,1,51
2022-06-28,15796.75,15802.25,15783.05,15789.35,13:30:00,15787.344698225865,1,52
2022-06-28,15804.75,15806.55,15791.65,15796.5,13:35:00,15789.002346013876,1,53
2022-06-28,15799.4,15806.1,15797.3,15805.05,13:40:00,15789.99259877446,1,54
2022-06-28,15802.15,15802.35,15785.05,15799.5,13:45:00,15791.150446510228,1,55
2022-06-28,15801.15,15815.0,15800.7,15802.3,13:50:00,15792.102784937826,1,56
2022-06-28,15798.3,15804.6,15792.55,15801.3,13:55:00,15792.692995896128,1,57
2022-06-28,15782.15,15800.35,15781.85,15798.25,14:00:00,15791.688901048878,1,58
2022-06-28,15795.55,15796.0,15780.55,15782.35,14:05:00,15792.056624758508,1,59
2022-06-28,15793.55,15799.7,15791.55,15795.15,14:10:00,15792.198850971983,1,60
2022-06-28,15795.65,15807.5,15793.9,15794.2,14:15:00,15792.527531831794,1,61
2022-06-28,15804.0,15806.8,15792.25,15796.3,14:20:00,15793.620147847814,1,62
2022-06-28,15817.0,15817.4,15798.95,15804.05,14:25:00,15795.846800433736,1,63
2022-06-28,15822.75,15830.2,15810.05,15817.15,14:30:00,15798.40900991624,1,64
2022-06-28,15832.6,15840.7,15822.85,15822.95,14:35:00,15801.66529468612,1,65
2022-06-28,15836.95,15842.25,15829.5,15832.95,14:40:00,15805.025742811253,1,66
2022-06-28,15825.35,15840.1,15814.85,15837.0,14:45:00,15806.961386353038,1,67
2022-06-28,15828.5,15830.3,15816.65,15824.8,14:50:00,15809.012682890843,1,68
2022-06-28,15822.05,15833.45,15818.6,15828.95,14:55:00,15810.254332139337,1,69
2022-06-28,15846.3,15854.0,15822.25,15823.3,15:00:00,15813.687252887968,1,70
2022-06-28,15854.15,15854.75,15840.2,15847.95,15:05:00,15817.540847851018,1,71
2022-06-28,15843.35,15855.85,15837.5,15855.85,15:10:00,15819.998862341396,1,72
2022-06-28,15858.3,15861.65,15837.75,15843.15,15:15:00,15823.646589737456,1,73
2022-06-28,15853.65,15863.2,15851.7,15857.85,15:20:00,15826.504057381506,1,74
2022-06-28,15875.1,15892.1,15851.0,15854.15,15:25:00,15831.13224239279,1,75
2022-06-29,15698.8,15728.1,15687.8,15717.65,09:15:00,15807.126393432647,2,1
2022-06-29,15708.0,15713.35,15691.8,15699.35,09:20:00,15797.6857845343,2,2
2022-06-29,15718.2,15721.75,15700.8,15708.5,09:25:00,15790.115709816748,2,3
2022-06-29,15716.7,15727.2,15704.95,15717.05,09:30:00,15783.123737453248,2,4
2022-06-29,15724.25,15732.05,15715.45,15718.7,09:35:00,15777.516714838654,2,5
2022-06-29,15742.3,15744.85,15719.15,15723.1,09:40:00,15774.162741996875,2,6
2022-06-29,15746.85,15751.45,15734.45,15743.3,09:45:00,15771.561528473369,2,7
2022-06-29,15752.75,15757.95,15741.7,15747.45,09:50:00,15769.769954333044,2,8
2022-06-29,15759.7,15759.85,15745.5,15752.7,09:55:00,15768.81091106323,2,9
2022-06-29,15760.35,15767.9,15749.35,15759.95,10:00:00,15768.00511000959,2,10
2022-06-29,15749.3,15764.6,15746.75,15760.3,10:05:00,15766.223670961055,2,11
2022-06-29,15754.9,15762.3,15745.1,15749.05,10:10:00,15765.145226107625,2,12
2022-06-29,15777.65,15778.35,15754.45,15755.15,10:15:00,15766.336156954516,2,13
2022-06-29,15782.9,15787.6,15777.4,15777.75,10:20:00,15767.913665815991,2,14
2022-06-29,15768.35,15782.95,15766.6,15782.95,10:25:00,15767.955221452565,2,15
2022-06-29,15780.95,15784.4,15766.05,15769.05,10:30:00,15769.192819409462,2,16
2022-06-29,15773.05,15781.35,15770.5,15781.35,10:35:00,15769.560169941897,2,17
2022-06-29,15764.4,15774.25,15759.55,15773.55,10:40:00,15769.068725185523,2,18
2022-06-29,15763.55,15766.2,15756.45,15764.45,10:45:00,15768.543132310711,2,19
2022-06-29,15754.2,15763.8,15753.75,15763.65,10:50:00,15767.177119709691,2,20
2022-06-29,15748.65,15755.4,15748.0,15755.4,10:55:00,15765.412632118292,2,21
2022-06-29,15763.05,15766.15,15743.35,15748.7,11:00:00,15765.187619535598,2,22
2022-06-29,15770.45,15771.85,15762.0,15763.35,11:05:00,15765.688798627449,2,23
2022-06-29,15769.2,15773.0,15763.25,15770.35,11:10:00,15766.023198758166,2,24
2022-06-29,15778.0,15778.0,15769.2,15769.7,11:15:00,15767.163846495485,2,25
2022-06-29,15782.15,15784.2,15769.7,15777.85,11:20:00,15768.591099210198,2,26
2022-06-29,15787.25,15787.7,15776.55,15781.7,11:25:00,15770.368137380654,2,27
2022-06-29,15797.65,15800.0,15783.0,15787.95,11:30:00,15772.966410011068,2,28
2022-06-29,15784.05,15800.25,15782.05,15798.0,11:35:00,15774.021990010016,2,29
2022-06-29,15790.75,15793.15,15779.95,15781.3,11:40:00,15775.615133818585,2,30
2022-06-29,15790.35,15798.9,15790.05,15790.85,11:45:00,15777.01845440729,2,31
2022-06-29,15796.15,15798.85,15785.0,15790.15,11:50:00,15778.8405063685,2,32
2022-06-29,15804.55,15807.0,15789.5,15796.0,11:55:00,15781.2890295715,2,33
2022-06-29,15818.6,15820.5,15804.25,15805.15,12:00:00,15784.842455326596,2,34
2022-06-29,15812.5,15822.8,15809.25,15818.8,12:05:00,15787.476507200254,2,35
2022-06-29,15809.1,15816.75,15804.4,15812.8,12:10:00,15789.535887466896,2,36
2022-06-29,15805.15,15814.4,15805.15,15809.2,12:15:00,15791.022945803385,2,37
2022-06-29,15792.0,15805.9,15786.7,15804.8,12:20:00,15791.115998584011,2,38
2022-06-29,15786.65,15797.1,15785.85,15792.4,12:25:00,15790.690665385537,2,39
2022-06-29,15790.45,15793.4,15779.7,15786.5,12:30:00,15790.66774487263,2,40
2022-06-29,15799.75,15810.6,15791.25,15791.25,12:35:00,15791.532721551426,2,41
2022-06-29,15795.05,15805.1,15793.45,15799.85,12:40:00,15791.86770045129,2,42
2022-06-29,15814.2,15818.2,15795.35,15795.45,12:45:00,15793.994586122595,2,43
2022-06-29,15820.2,15820.2,15812.05,15814.0,12:50:00,15796.490339825206,2,44
2022-06-29,15822.8,15830.05,15809.85,15819.65,12:55:00,15798.996021746614,2,45
2022-06-29,15816.45,15823.7,15810.3,15823.65,13:00:00,15800.658305389794,2,46
2022-06-29,15824.15,15830.15,15816.35,15816.55,13:05:00,15802.895609638384,2,47
2022-06-29,15829.55,15840.2,15824.25,15824.25,13:10:00,15805.434123006158,2,48
2022-06-29,15823.55,15831.35,15822.45,15830.5,13:15:00,15807.15944462462,2,49
2022-06-29,15833.05,15834.6,15822.6,15823.65,13:20:00,15809.625211803228,2,50
2022-06-29,15821.7,15835.3,15821.0,15832.45,13:25:00,15810.775191631492,2,51
2022-06-29,15843.0,15850.85,15815.8,15821.2,13:30:00,15813.84422099992,2,52
2022-06-29,15843.2,15853.05,15836.7,15842.2,13:35:00,15816.64000947612,2,53
2022-06-29,15837.35,15853.6,15837.35,15843.1,13:40:00,15818.612389526012,2,54
2022-06-29,15830.35,15836.95,15823.4,15836.9,13:45:00,15819.730257190202,2,55
2022-06-29,15825.6,15833.45,15822.85,15830.6,13:50:00,15820.289280314946,2,56
2022-06-29,15833.05,15839.55,15821.65,15825.55,13:55:00,15821.504586951618,2,57
2022-06-29,15839.8,15846.9,15830.2,15832.45,14:00:00,15823.24700724194,2,58
2022-06-29,15847.1,15855.45,15834.35,15840.55,14:05:00,15825.518720837948,2,59
2022-06-29,15849.95,15851.6,15843.3,15847.6,14:10:00,15827.84550932957,2,60
2022-06-29,15843.3,15859.25,15842.35,15849.45,14:15:00,15829.317365583896,2,61
2022-06-29,15844.5,15852.75,15839.7,15842.85,14:20:00,15830.763330766382,2,62
2022-06-29,15856.9,15861.6,15844.3,15844.3,14:25:00,15833.252537360058,2,63
2022-06-29,15824.7,15857.15,15822.35,15856.8,14:30:00,15832.438009992436,2,64
2022-06-29,15811.8,15824.8,15801.5,15824.8,14:35:00,15830.47248523125,2,65
2022-06-29,15826.9,15828.45,15812.05,15812.2,14:40:00,15830.13224854256,2,66
2022-06-29,15830.65,15845.45,15823.6,15827.55,14:45:00,15830.181558205171,2,67
2022-06-29,15838.6,15840.35,15830.95,15831.1,14:50:00,15830.983314566583,2,68
2022-06-29,15841.0,15843.3,15828.7,15837.4,14:55:00,15831.93728460786,2,69
2022-06-29,15816.45,15838.95,15809.25,15838.85,15:00:00,15830.462305121398,2,70
2022-06-29,15793.4,15817.2,15787.1,15816.05,15:05:00,15826.932561776504,2,71
2022-06-29,15790.25,15802.8,15787.55,15791.4,15:10:00,15823.438984464456,2,72
2022-06-29,15795.5,15797.65,15785.6,15789.35,15:15:00,15820.778128801176,2,73
2022-06-29,15793.05,15805.2,15792.8,15795.1,15:20:00,15818.137354629636,2,74
2022-06-29,15783.7,15792.1,15775.85,15791.35,15:25:00,15814.857606569672,2,75
2022-06-30,15854.75,15858.95,15769.95,15790.2,09:15:00,15818.656882134466,3,1
2022-06-30,15863.0,15869.7,15848.45,15854.2,09:20:00,15822.8800362169,3,2
2022-06-30,15850.45,15864.3,15844.45,15862.7,09:25:00,15825.505747053385,3,3
2022-06-30,15851.2,15857.0,15842.3,15851.1,09:30:00,15827.952818762584,3,4
2022-06-30,15877.0,15879.6,15850.55,15850.95,09:35:00,15832.623978880434,3,5
2022-06-30,15878.55,15883.65,15869.85,15876.6,09:40:00,15836.997885653724,3,6
2022-06-30,15874.8,15890.0,15869.9,15878.7,09:45:00,15840.598087020036,3,7
2022-06-30,15877.7,15878.35,15863.2,15875.1,09:50:00,15844.131602541936,3,8
2022-06-30,15873.2,15878.05,15865.95,15878.0,09:55:00,15846.900021347466,3,9
2022-06-30,15858.3,15876.05,15842.3,15873.15,10:00:00,15847.985733600088,3,10
2022-06-30,15848.65,15863.8,15844.35,15858.95,10:05:00,15848.048997066746,3,11
2022-06-30,15836.55,15853.3,15830.85,15849.0,10:10:00,15846.95385448896,3,12
2022-06-30,15798.15,15836.15,15798.15,15835.45,10:15:00,15842.305868347155,3,13
2022-06-30,15817.2,15817.2,15785.85,15798.25,10:20:00,15839.914833266474,3,14
2022-06-30,15811.1,15824.0,15805.6,15816.35,10:25:00,15837.170563431571,3,15
2022-06-30,15811.1,15813.5,15797.05,15810.55,10:30:00,15834.687652628569,3,16
2022-06-30,15813.75,15816.7,15804.1,15811.0,10:35:00,15832.693590473464,3,17
2022-06-30,15830.0,15830.6,15808.85,15814.0,10:40:00,15832.43705804742,3,18
2022-06-30,15834.25,15845.0,15824.7,15830.4,10:45:00,15832.60971918576,3,19
2022-06-30,15808.2,15832.65,15807.55,15831.65,10:50:00,15830.284984025213,3,20
2022-06-30,15805.0,15810.2,15786.7,15808.05,10:55:00,15827.876890308524,3,21
2022-06-30,15799.35,15805.35,15786.2,15805.05,11:00:00,15825.160043612475,3,22
2022-06-30,15801.7,15804.95,15790.7,15799.8,11:05:00,15822.92575374462,3,23
2022-06-30,15774.85,15801.95,15768.5,15801.95,11:10:00,15818.347110530844,3,24
2022-06-30,15779.8,15789.6,15765.95,15771.7,11:15:00,15814.675957146956,3,25
2022-06-30,15783.45,15790.75,15777.6,15779.85,11:20:00,15811.702056466293,3,26
2022-06-30,15807.0,15812.75,15777.2,15783.5,11:25:00,15811.25424156474,3,27
2022-06-30,15789.4,15811.9,15789.1,15807.75,11:30:00,15809.172885225242,3,28
2022-06-30,15778.15,15793.15,15777.3,15788.95,11:35:00,15806.2183247276,3,29
2022-06-30,15788.6,15791.9,15771.6,15777.65,11:40:00,15804.540389039255,3,30
2022-06-30,15785.9,15798.3,15782.8,15789.0,11:45:00,15802.76511389266,3,31
2022-06-30,15794.6,15796.35,15783.4,15786.3,11:50:00,15801.98748399812,3,32
2022-06-30,15794.0,15802.7,15787.65,15793.55,11:55:00,15801.226771236394,3,33
2022-06-30,15787.55,15794.6,15782.0,15792.45,12:00:00,15799.924221594832,3,34
2022-06-30,15777.0,15788.1,15763.15,15786.65,12:05:00,15797.740962395324,3,35
2022-06-30,15755.85,15781.95,15750.7,15777.55,12:10:00,15793.751346929104,3,36
2022-06-30,15760.35,15765.85,15747.8,15756.65,12:15:00,15790.570266269187,3,37
2022-06-30,15756.05,15766.6,15751.35,15760.4,12:20:00,15787.2826218626,3,38
2022-06-30,15749.95,15763.9,15749.95,15756.5,12:25:00,15783.72713406616,3,39
2022-06-30,15744.5,15751.75,15734.3,15751.75,12:30:00,15779.991216536053,3,40
2022-06-30,15792.3,15799.95,15734.15,15744.2,12:35:00,15781.163481627857,3,41
2022-06-30,15768.9,15820.1,15760.35,15792.85,12:40:00,15779.99553099663,3,42
2022-06-30,15759.25,15773.4,15750.15,15768.4,12:45:00,15778.019766139809,3,43
2022-06-30,15763.1,15769.2,15756.25,15760.15,12:50:00,15776.598836031257,3,44
2022-06-30,15770.75,15776.4,15758.2,15763.3,12:55:00,15776.041804028278,3,45
2022-06-30,15780.4,15780.9,15762.15,15769.95,13:00:00,15776.4568703113,3,46
2022-06-30,15790.9,15791.9,15775.75,15780.8,13:05:00,15777.83240647213,3,47
2022-06-30,15804.45,15806.05,15788.4,15791.55,13:10:00,15780.367415379547,3,48
2022-06-30,15816.8,15818.05,15797.55,15804.85,13:15:00,15783.8371853434,3,49
2022-06-30,15799.55,15819.4,15797.4,15817.3,13:20:00,15785.333643882124,3,50
2022-06-30,15807.65,15812.85,15787.2,15798.95,13:25:00,15787.459011131446,3,51
2022-06-30,15830.3,15831.1,15805.65,15808.15,13:30:00,15791.539105309404,3,52
2022-06-30,15827.85,15838.5,15821.95,15830.15,13:35:00,15794.997285756128,3,53
2022-06-30,15830.85,15835.4,15820.35,15827.3,13:40:00,15798.411829969831,3,54
2022-06-30,15812.45,15840.15,15812.45,15830.95,13:45:00,15799.748798544131,3,55
2022-06-30,15829.9,15832.95,15807.6,15811.45,13:50:00,15802.62034153993,3,56
2022-06-30,15812.55,15829.9,15809.6,15829.3,13:55:00,15803.566023298034,3,57
2022-06-30,15814.75,15825.45,15796.15,15812.1,14:00:00,15804.631163936316,3,58
2022-06-30,15822.85,15826.55,15805.5,15814.45,14:05:00,15806.366291180477,3,59
2022-06-30,15845.15,15846.65,15818.0,15822.8,14:10:00,15810.059977734714,3,60
2022-06-30,15839.65,15847.95,15831.35,15845.0,14:15:00,15812.878075093313,3,61
2022-06-30,15842.1,15852.4,15838.75,15839.85,14:20:00,15815.661115560615,3,62
2022-06-30,15837.9,15844.55,15836.0,15842.6,14:25:00,15817.779104554844,3,63
2022-06-30,15816.2,15838.45,15813.1,15837.6,14:30:00,15817.628713644855,3,64
2022-06-30,15811.0,15830.4,15809.4,15815.7,14:35:00,15816.997407583442,3,65
2022-06-30,15801.75,15809.4,15793.6,15809.05,14:40:00,15815.545273527876,3,66
2022-06-30,15815.3,15815.4,15800.5,15801.65,14:45:00,15815.521914144269,3,67
2022-06-30,15817.85,15821.1,15807.95,15814.65,14:50:00,15815.74363660672,3,68
2022-06-30,15827.85,15834.75,15810.35,15816.9,14:55:00,15816.896623596554,3,69
2022-06-30,15806.7,15828.25,15792.75,15827.25,15:00:00,15815.925516587358,3,70
2022-06-30,15790.25,15811.3,15788.45,15805.95,15:05:00,15813.480229293324,3,71
2022-06-30,15779.0,15791.3,15778.25,15789.6,15:10:00,15810.196397932055,3,72
2022-06-30,15771.15,15778.7,15762.7,15778.0,15:15:00,15806.4776933671,3,73
2022-06-30,15760.75,15773.75,15758.15,15770.8,15:20:00,15802.122674951186,3,74
2022-06-30,15734.2,15760.8,15728.85,15760.45,15:25:00,15795.65384876536,3,75
2022-07-01,15690.05,15708.3,15650.0,15708.3,09:15:00,15785.596339359134,4,1
2022-07-01,15714.5,15716.3,15683.0,15691.0,09:20:00,15778.82525942017,4,2
2022-07-01,15689.75,15719.95,15681.05,15716.15,09:25:00,15770.341901380154,4,3
2022-07-01,15699.75,15699.75,15682.1,15682.1,09:30:00,15763.618863153471,4,4
2022-07-01,15663.4,15699.6,15658.65,15699.35,09:35:00,15754.07420951981,4,5
2022-07-01,15637.55,15663.2,15628.65,15663.2,09:40:00,15742.976665756018,4,6
2022-07-01,15640.6,15647.4,15626.8,15636.8,09:45:00,15733.226507112588,4,7
2022-07-01,15617.8,15650.65,15616.3,15640.5,09:50:00,15722.233506435196,4,8
2022-07-01,15614.75,15624.6,15606.1,15617.6,09:55:00,15711.996982012795,4,9
2022-07-01,15593.1,15631.9,15591.6,15613.45,10:00:00,15700.67345991634,4,10
2022-07-01,15548.4,15597.55,15526.0,15593.55,10:05:00,15686.171225638593,4,11
2022-07-01,15554.65,15559.15,15541.45,15548.65,10:10:00,15673.645394625391,4,12
2022-07-01,15524.5,15556.95,15511.05,15554.25,10:15:00,15659.441071327736,4,13
2022-07-01,15591.95,15591.95,15523.6,15523.75,10:20:00,15653.013350248904,4,14
2022-07-01,15604.15,15606.65,15575.1,15592.45,10:25:00,15648.359697844247,4,15
2022-07-01,15609.05,15621.3,15594.3,15603.8,10:30:00,15644.615917097177,4,16
2022-07-01,15612.5,15630.2,15600.9,15606.0,10:35:00,15641.557258326016,4,17
2022-07-01,15616.0,15626.75,15606.85,15612.95,10:40:00,15639.12323372354,4,18
2022-07-01,15604.55,15618.2,15595.1,15615.75,10:45:00,15635.830544797487,4,19
2022-07-01,15620.25,15624.95,15600.8,15605.7,10:50:00,15634.346683388205,4,20
2022-07-01,15618.5,15631.05,15617.3,15619.3,10:55:00,15632.83747544647,4,21
2022-07-01,15620.6,15621.65,15607.55,15619.45,11:00:00,15631.672001594425,4,22
2022-07-01,15605.8,15621.8,15603.2,15620.95,11:05:00,15629.208001442574,4,23
2022-07-01,15626.55,15629.3,15605.65,15606.25,11:10:00,15628.954858448044,4,24
2022-07-01,15637.4,15648.55,15626.4,15626.95,11:15:00,15629.759157643468,4,25
2022-07-01,15642.45,15647.95,15638.1,15638.1,11:20:00,15630.967809296471,4,26
2022-07-01,15635.7,15648.6,15635.7,15642.95,11:25:00,15631.41849412538,4,27
2022-07-01,15617.55,15636.2,15616.75,15636.0,11:30:00,15630.097685161058,4,28
2022-07-01,15612.0,15618.25,15609.05,15617.25,11:35:00,15628.3740960981,4,29
2022-07-01,15614.15,15628.8,15609.15,15611.85,11:40:00,15627.019420279232,4,30
2022-07-01,15597.15,15614.55,15593.95,15613.9,11:45:00,15624.174713585971,4,31
2022-07-01,15602.45,15603.9,15590.6,15597.5,11:50:00,15622.105693244454,4,32
2022-07-01,15637.2,15637.2,15603.9,15603.9,11:55:00,15623.543246268791,4,33
2022-07-01,15638.9,15639.7,15628.15,15636.95,12:00:00,15625.005794243192,4,34
2022-07-01,15637.65,15645.25,15632.3,15639.75,12:05:00,15626.210004315268,4,35
2022-07-01,15631.8,15637.45,15626.85,15636.5,12:10:00,15626.74238485667,4,36
2022-07-01,15656.6,15659.4,15632.75,15632.85,12:15:00,15629.585967251274,4,37
2022-07-01,15656.6,15662.9,15649.65,15656.2,12:20:00,15632.158732274962,4,38
2022-07-01,15641.1,15656.65,15641.1,15656.3,12:25:00,15633.010281582108,4,39
2022-07-01,15634.25,15644.25,15627.35,15641.25,12:30:00,15633.12835000286,4,40
2022-07-01,15655.6,15658.25,15634.75,15634.75,12:35:00,15635.268507145443,4,41
2022-07-01,15640.4,15655.65,15639.95,15655.25,12:40:00,15635.75722075064,4,42
2022-07-01,15638.0,15643.0,15631.15,15641.3,12:45:00,15635.970818774387,4,43
2022-07-01,15648.1,15650.35,15637.65,15638.45,12:50:00,15637.125978891114,4,44
2022-07-01,15658.35,15666.2,15645.05,15648.8,12:55:00,15639.147314234817,4,45
2022-07-01,15670.5,15677.8,15658.45,15658.45,13:00:00,15642.13328430769,4,46
2022-07-01,15691.0,15697.9,15668.4,15671.35,13:05:00,15646.787257230768,4,47
2022-07-01,15683.4,15693.6,15680.05,15691.45,13:10:00,15650.27418511355,4,48
2022-07-01,15672.75,15690.05,15672.75,15684.1,13:15:00,15652.41473891226,4,49
2022-07-01,15690.4,15702.05,15671.65,15671.65,13:20:00,15656.03238282538,4,50
2022-07-01,15671.0,15690.5,15669.55,15690.0,13:25:00,15657.457870175343,4,51
2022-07-01,15666.2,15679.15,15660.0,15671.6,13:30:00,15658.290453968168,4,52
2022-07-01,15668.8,15668.8,15647.45,15665.55,13:35:00,15659.291363114056,4,53
2022-07-01,15690.4,15690.5,15667.35,15667.6,13:40:00,15662.254090436529,4,54
2022-07-01,15683.7,15691.1,15677.8,15690.0,13:45:00,15664.296558014,4,55
2022-07-01,15684.05,15695.85,15677.55,15684.1,13:50:00,15666.177838203144,4,56
2022-07-01,15666.25,15683.9,15666.25,15683.9,13:55:00,15666.184710755226,4,57
2022-07-01,15673.7,15681.9,15662.3,15665.25,14:00:00,15666.90045258806,4,58
2022-07-01,15666.5,15684.25,15665.55,15673.45,14:05:00,15666.86231424634,4,59
2022-07-01,15648.5,15674.7,15645.4,15665.45,14:10:00,15665.113522413356,4,60
2022-07-01,15653.75,15669.2,15644.1,15648.55,14:15:00,15664.031282183512,4,61
2022-07-01,15644.7,15660.1,15637.8,15653.4,14:20:00,15662.190207689844,4,62
2022-07-01,15648.65,15658.7,15643.15,15643.95,14:25:00,15660.900664100336,4,63
2022-07-01,15661.35,15670.3,15634.0,15649.3,14:30:00,15660.94345799554,4,64
2022-07-01,15680.2,15685.85,15660.65,15660.65,14:35:00,15662.777414376918,4,65
2022-07-01,15706.0,15708.85,15677.35,15680.65,14:40:00,15666.893851102925,4,66
2022-07-01,15706.55,15728.2,15703.1,15706.4,14:45:00,15670.67062718836,4,67
2022-07-01,15714.55,15723.8,15700.4,15707.1,14:50:00,15674.849615075183,4,68
2022-07-01,15703.7,15722.25,15702.1,15714.6,14:55:00,15677.59727078231,4,69
2022-07-01,15710.35,15716.35,15691.65,15703.15,15:00:00,15680.716578326852,4,70
2022-07-01,15733.45,15741.05,15711.6,15711.6,15:05:00,15685.73880896239,4,71
2022-07-01,15746.7,15760.65,15734.35,15734.75,15:10:00,15691.544636680255,4,72
2022-07-01,15771.5,15773.15,15747.9,15748.45,15:15:00,15699.159433186898,4,73
2022-07-01,15779.8,15783.25,15768.65,15771.95,15:20:00,15706.8394871691,4,74
2022-07-01,15766.6,15793.95,15757.7,15780.85,15:25:00,15712.530964581569,4,75
2022-07-04,15706.8,15797.45,15697.45,15735.65,09:15:00,15711.985158430942,0,1
2022-07-04,15754.1,15769.15,15695.05,15709.25,09:20:00,15715.996095723232,0,2
2022-07-04,15742.2,15757.6,15729.15,15752.25,09:25:00,15718.491705654353,0,3
2022-07-04,15720.05,15748.7,15708.05,15740.0,09:30:00,15718.640114639653,0,4
2022-07-04,15740.95,15744.2,15711.0,15718.4,09:35:00,15720.764865626352,0,5
2022-07-04,15716.45,15739.6,15714.75,15739.4,09:40:00,15720.35392604289,0,6
2022-07-04,15697.4,15719.45,15680.85,15714.95,09:45:00,15718.167837848328,0,7
2022-07-04,15692.6,15705.7,15678.9,15695.65,09:50:00,15715.732805672296,0,8
2022-07-04,15691.2,15701.05,15686.65,15691.95,09:55:00,15713.39634798922,0,9
2022-07-04,15673.2,15698.6,15673.1,15690.75,10:00:00,15709.5681243712,0,10
2022-07-04,15684.4,15686.85,15667.15,15671.6,10:05:00,15707.17116014537,0,11
2022-07-04,15672.35,15684.75,15662.55,15683.7,10:10:00,15703.854859179144,0,12
2022-07-04,15679.05,15685.5,15661.8,15671.4,10:15:00,15701.492491638272,0,13
2022-07-04,15698.3,15698.3,15677.0,15679.65,10:20:00,15701.18844481558,0,14
2022-07-04,15691.35,15703.1,15691.0,15698.85,10:25:00,15700.25145007124,0,15
2022-07-04,15692.55,15702.15,15678.4,15690.85,10:30:00,15699.517978635882,0,16
2022-07-04,15690.4,15697.3,15685.8,15692.65,10:35:00,15698.649599718176,0,17
2022-07-04,15703.45,15703.45,15688.35,15689.75,10:40:00,15699.1067806974,0,18
2022-07-04,15722.5,15723.2,15703.05,15703.05,10:45:00,15701.334706345266,0,19
2022-07-04,15731.2,15736.3,15722.9,15722.9,10:50:00,15704.17902002667,0,20
2022-07-04,15732.95,15735.7,15720.3,15731.85,10:55:00,15706.919113357462,0,21
2022-07-04,15727.35,15748.1,15722.0,15731.2,11:00:00,15708.864912085324,0,22
2022-07-04,15731.1,15742.75,15726.5,15727.45,11:05:00,15710.98253950577,0,23
2022-07-04,15734.35,15736.85,15728.2,15731.15,11:10:00,15713.208011933792,0,24
2022-07-04,15725.75,15737.8,15723.45,15734.3,11:15:00,15714.402486987718,0,25
2022-07-04,15730.65,15732.6,15722.8,15725.7,11:20:00,15715.949869179363,0,26
2022-07-04,15744.55,15745.5,15731.3,15731.3,11:25:00,15718.67369116228,0,27
2022-07-04,15754.6,15755.95,15742.75,15745.45,11:30:00,15722.09524438492,0,28
2022-07-04,15756.5,15757.85,15750.1,15754.3,11:35:00,15725.371887776831,0,29
2022-07-04,15763.0,15764.15,15751.8,15757.0,11:40:00,15728.955517512371,0,30
2022-07-04,15754.9,15765.8,15751.4,15763.15,11:45:00,15731.426420606433,0,31
2022-07-04,15756.45,15764.3,15753.4,15754.75,11:50:00,15733.809618643916,0,32
2022-07-04,15761.9,15763.35,15755.0,15756.2,11:55:00,15736.48489305878,0,33
2022-07-04,15762.6,15769.05,15755.05,15761.6,12:00:00,15738.972046100804,0,34
2022-07-04,15770.75,15771.85,15760.6,15761.75,12:05:00,15741.998517900727,0,35
2022-07-04,15763.6,15771.4,15762.45,15770.25,12:10:00,15744.05580191018,0,36
2022-07-04,15771.5,15778.2,15753.25,15762.75,12:15:00,15746.669535061592,0,37
2022-07-04,15769.4,15776.95,15768.85,15771.75,12:20:00,15748.834341246202,0,38
2022-07-04,15770.3,15771.3,15763.7,15768.45,12:25:00,15750.878689698944,0,39
2022-07-04,15763.4,15776.75,15763.2,15769.9,12:30:00,15752.071195441902,0,40
2022-07-04,15760.7,15765.75,15758.75,15762.15,12:35:00,15752.892986352195,0,41
2022-07-04,15765.7,15767.05,15755.7,15760.35,12:40:00,15754.112701937702,0,42
2022-07-04,15761.05,15769.65,15752.1,15765.85,12:45:00,15754.773396991252,0,43
2022-07-04,15765.0,15767.3,15753.8,15760.45,12:50:00,15755.747359182562,0,44
2022-07-04,15782.5,15782.7,15764.6,15764.9,12:55:00,15758.295229736605,0,45
2022-07-04,15790.65,15792.9,15777.4,15782.65,13:00:00,15761.376636428357,0,46
2022-07-04,15785.2,15794.75,15784.05,15791.2,13:05:00,15763.645528197085,0,47
2022-07-04,15778.1,15790.0,15775.45,15785.75,13:10:00,15765.022144559269,0,48
2022-07-04,15772.1,15779.8,15770.5,15777.3,13:15:00,15765.696226029811,0,49
2022-07-04,15760.8,15773.25,15760.35,15771.7,13:20:00,15765.229918788878,0,50
2022-07-04,15765.4,15770.55,15761.95,15761.95,13:25:00,15765.246116999462,0,51
2022-07-04,15755.25,15766.8,15752.15,15765.9,13:30:00,15764.294105856656,0,52
2022-07-04,15759.2,15759.45,15744.15,15755.15,13:35:00,15763.808952917929,0,53
2022-07-04,15759.7,15764.0,15756.95,15760.5,13:40:00,15763.4176240686,0,54
2022-07-04,15744.8,15770.0,15742.7,15759.8,13:45:00,15761.644517014449,0,55
2022-07-04,15750.5,15751.15,15735.2,15746.15,13:50:00,15760.583134441642,0,56
2022-07-04,15750.75,15762.15,15747.7,15750.55,13:55:00,15759.6466454472,0,57
2022-07-04,15749.45,15760.15,15746.0,15750.85,14:00:00,15758.67553635699,0,58
2022-07-04,15769.05,15772.45,15746.85,15749.35,14:05:00,15759.663580513468,0,59
2022-07-04,15774.75,15775.25,15764.25,15768.45,14:10:00,15761.100382369326,0,60
2022-07-04,15790.25,15791.15,15770.2,15774.5,14:15:00,15763.87653642939,0,61
2022-07-04,15786.85,15795.75,15783.5,15790.85,14:20:00,15766.064485340878,0,62
2022-07-04,15778.9,15792.25,15776.95,15786.55,14:25:00,15767.286915308414,0,63
2022-07-04,15775.65,15785.4,15769.65,15778.65,14:30:00,15768.083399564755,0,64
2022-07-04,15780.4,15782.75,15773.9,15775.75,14:35:00,15769.256409130016,0,65
2022-07-04,15789.2,15789.3,15773.55,15780.45,14:40:00,15771.155798736683,0,66
2022-07-04,15817.4,15818.85,15786.45,15787.95,14:45:00,15775.560008380808,0,67
2022-07-04,15809.85,15821.15,15805.8,15817.6,14:50:00,15778.82572186835,0,68
2022-07-04,15818.8,15826.7,15801.9,15810.05,14:55:00,15782.632795976126,0,69
2022-07-04,15832.55,15836.2,15807.5,15817.5,15:00:00,15787.386815406971,0,70
2022-07-04,15841.85,15844.45,15828.6,15833.95,15:05:00,15792.573785368211,0,71
2022-07-04,15841.1,15852.35,15839.3,15843.0,15:10:00,15797.19532961886,0,72
2022-07-04,15839.6,15843.8,15833.4,15840.45,15:15:00,15801.233869655158,0,73
2022-07-04,15830.35,15843.5,15830.1,15840.1,15:20:00,15804.006834449903,0,74
2022-07-04,15829.15,15838.0,15824.6,15831.75,15:25:00,15806.401421645152,0,75
2022-07-05,15931.1,15935.05,15891.55,15913.5,09:15:00,15818.277476726567,1,1
2022-07-05,15919.6,15933.45,15916.5,15931.45,09:20:00,15827.927240847846,1,2
2022-07-05,15921.9,15922.9,15909.85,15918.9,09:25:00,15836.877027433766,1,3
2022-07-05,15912.25,15929.6,15911.95,15920.5,09:30:00,15844.055405773408,1,4
2022-07-05,15920.65,15921.1,15905.8,15914.25,09:35:00,15851.350129033084,1,5
2022-07-05,15958.45,15960.2,15920.7,15920.7,09:40:00,15861.55011674422,1,6
2022-07-05,15959.5,15963.8,15953.2,15958.35,09:45:00,15870.878677054296,1,7
2022-07-05,15963.95,15972.35,15955.15,15959.15,09:50:00,15879.742612572934,1,8
2022-07-05,15967.5,15973.75,15960.55,15964.1,09:55:00,15888.10045899456,1,9
2022-07-05,15981.15,15982.05,15967.15,15968.2,10:00:00,15896.962320042698,1,10
2022-07-05,15970.65,15987.0,15969.75,15981.2,10:05:00,15903.980194324346,1,11
2022-07-05,15970.35,15974.05,15962.45,15970.45,10:10:00,15910.301128198218,1,12
2022-07-05,15963.35,15974.0,15962.3,15969.9,10:15:00,15915.353401703149,1,13
2022-07-05,15973.5,15974.15,15962.35,15963.4,10:20:00,15920.891172969516,1,14
2022-07-05,15981.35,15982.7,15971.35,15973.4,10:25:00,15926.649156496229,1,15
2022-07-05,15990.5,15991.7,15980.55,15981.9,10:30:00,15932.730189210872,1,16
2022-07-05,15986.7,15991.0,15982.95,15989.8,10:35:00,15937.870171190789,1,17
2022-07-05,15996.1,15999.25,15986.1,15986.45,10:40:00,15943.41586917262,1,18
2022-07-05,15989.1,15997.55,15989.1,15996.35,10:45:00,15947.766738775226,1,19
2022-07-05,15993.85,15994.7,15986.65,15988.5,10:50:00,15952.155620796631,1,20
2022-07-05,16001.45,16002.35,15994.3,15994.3,10:55:00,15956.850323577906,1,21
2022-07-05,15991.6,16002.1,15991.15,16001.35,11:00:00,15960.159816570487,1,22
2022-07-05,15993.75,16000.0,15991.45,15991.45,11:05:00,15963.358881659013,1,23
2022-07-05,15984.8,15994.15,15981.2,15993.65,11:10:00,15965.400892929583,1,24
2022-07-05,15991.9,15993.1,15982.35,15984.55,11:15:00,15967.92461741248,1,25
2022-07-05,16011.5,16011.8,15990.3,15991.65,11:20:00,15972.074653849386,1,26
2022-07-05,16011.6,16014.8,16007.85,16010.9,11:25:00,15975.838972530397,1,27
2022-07-05,16010.85,16015.35,16007.9,16010.35,11:30:00,15979.17335609893,1,28
2022-07-05,16012.85,16014.0,16005.15,16010.55,11:35:00,15982.38065551808,1,29
2022-07-05,16019.05,16020.8,16011.7,16013.05,11:40:00,15985.872974040169,1,30
2022-07-05,16012.75,16019.15,16009.9,16019.15,11:45:00,15988.432690798249,1,31
2022-07-05,16007.55,16014.3,16001.5,16012.8,11:50:00,15990.253386912698,1,32
2022-07-05,16012.1,16013.85,16006.55,16006.8,11:55:00,15992.334016730538,1,33
2022-07-05,16008.05,16014.35,16007.2,16011.55,12:00:00,15993.830777041916,1,34
2022-07-05,16017.5,16019.25,16008.1,16008.35,12:05:00,15996.08498875221,1,35
2022-07-05,16015.4,16017.8,16011.75,16017.2,12:10:00,15997.924513632952,1,36
2022-07-05,16025.0,16025.75,16013.75,16015.25,12:15:00,16000.503131382193,1,37
2022-07-05,16016.2,16024.3,16015.5,16024.3,12:20:00,16001.998071250557,1,38
2022-07-05,16020.4,16023.6,16014.4,16015.75,12:25:00,16003.75063589336,1,39
2022-07-05,16019.8,16021.65,16013.95,16019.45,12:30:00,16005.279146760658,1,40
2022-07-05,16002.85,16020.45,16000.95,16019.55,12:35:00,16005.04779945012,1,41
2022-07-05,15992.3,16002.75,15988.65,16002.3,12:40:00,16003.833723312016,1,42
2022-07-05,16003.4,16003.4,15991.0,15992.0,12:45:00,16003.792416329918,1,43
2022-07-05,16003.75,16009.9,16003.05,16003.05,12:50:00,16003.78837667945,1,44
2022-07-05,15979.65,16007.8,15979.15,16003.4,12:55:00,16001.48948366236,1,45
2022-07-05,15981.75,15983.75,15970.95,15978.75,13:00:00,15999.609532837374,1,46
2022-07-05,15966.5,15989.95,15965.3,15981.6,13:05:00,15996.45624399572,1,47
2022-07-05,15974.8,15977.15,15966.15,15966.15,13:10:00,15994.393744567556,1,48
2022-07-05,15986.65,15987.2,15971.0,15975.0,13:15:00,15993.65624508493,1,49
2022-07-05,15981.4,15987.9,15977.05,15986.35,13:20:00,15992.48898364827,1,50
2022-07-05,15971.1,15988.3,15971.1,15981.5,13:25:00,15990.45193758653,1,51
2022-07-05,15974.15,15981.15,15969.7,15970.8,13:30:00,15988.899372102098,1,52
2022-07-05,15948.2,15980.55,15947.55,15974.7,13:35:00,15985.023241425708,1,53
2022-07-05,15944.1,15952.65,15940.9,15947.4,13:40:00,15981.125789861357,1,54
2022-07-05,15918.9,15943.75,15915.15,15943.75,13:45:00,15975.199524160274,1,55
2022-07-05,15894.25,15919.8,15889.8,15918.45,13:50:00,15967.49004566882,1,56
2022-07-05,15879.65,15898.35,15858.75,15894.6,13:55:00,15959.124327033694,1,57
2022-07-05,15881.0,15893.7,15863.65,15878.85,14:00:00,15951.683914935247,1,58
2022-07-05,15867.1,15880.85,15862.6,15880.6,14:05:00,15943.628303989031,1,59
2022-07-05,15857.35,15869.55,15848.95,15866.55,14:10:00,15935.411322656744,1,60
2022-07-05,15843.25,15874.1,15840.0,15857.55,14:15:00,15926.634053832291,1,61
2022-07-05,15857.75,15862.15,15838.5,15843.5,14:20:00,15920.073667753028,1,62
2022-07-05,15870.8,15879.5,15853.45,15858.3,14:25:00,15915.380937490834,1,63
2022-07-05,15875.7,15876.7,15863.5,15870.6,14:30:00,15911.601800586946,1,64
2022-07-05,15857.05,15882.35,15855.3,15875.6,14:35:00,15906.406391007236,1,65
2022-07-05,15865.55,15868.7,15840.4,15856.5,14:40:00,15902.515306149404,1,66
2022-07-05,15846.6,15867.4,15846.6,15863.45,14:45:00,15897.19003889708,1,67
2022-07-05,15830.25,15848.55,15824.1,15847.2,14:50:00,15890.81479709736,1,68
2022-07-05,15818.9,15837.15,15816.45,15828.75,14:55:00,15883.96576880237,1,69
2022-07-05,15792.85,15820.2,15785.45,15818.6,15:00:00,15875.288076535478,1,70
2022-07-05,15832.8,15832.85,15791.45,15794.1,15:05:00,15871.24159305591,1,71
2022-07-05,15814.35,15832.75,15808.6,15831.85,15:10:00,15865.823346098205,1,72
2022-07-05,15819.8,15823.3,15813.1,15814.95,15:15:00,15861.440170279326,1,73
2022-07-05,15807.95,15821.75,15803.9,15819.95,15:20:00,15856.34586834796,1,74
2022-07-05,15799.95,15814.4,15796.55,15807.35,15:25:00,15850.974833267202,1,75
2022-07-06,15859.3,15883.15,15816.25,15830.05,09:15:00,15851.767706289373,2,1
2022-07-06,15894.55,15895.65,15859.1,15859.1,09:20:00,15855.842210452289,2,2
2022-07-06,15899.35,15903.9,15888.75,15893.7,09:25:00,15859.985809456834,2,3
2022-07-06,15880.5,15905.0,15871.2,15898.8,09:30:00,15861.939541889516,2,4
2022-07-06,15870.6,15889.15,15870.6,15880.8,09:35:00,15862.764347423848,2,5
2022-07-06,15816.85,15870.8,15814.05,15870.55,09:40:00,15858.3915524311,2,6
2022-07-06,15864.55,15864.55,15800.9,15817.2,09:45:00,15858.978071247186,2,7
2022-07-06,15896.75,15896.75,15865.0,15865.0,09:50:00,15862.575397795074,2,8
2022-07-06,15871.7,15899.3,15866.85,15897.55,09:55:00,15863.444407528876,2,9
2022-07-06,15874.4,15875.45,15860.3,15871.45,10:00:00,15864.487797288031,2,10
2022-07-06,15883.4,15884.9,15862.7,15874.35,10:05:00,15866.288959451078,2,11
2022-07-06,15880.05,15884.4,15872.8,15883.6,10:10:00,15867.599534741452,2,12
2022-07-06,15887.2,15889.65,15874.45,15880.4,10:15:00,15869.466245718457,2,13
2022-07-06,15879.2,15887.55,15865.75,15887.55,10:20:00,15870.393269935748,2,14
2022-07-06,15883.9,15889.85,15879.35,15879.35,10:25:00,15871.67962517996,2,15
2022-07-06,15881.5,15893.45,15874.3,15884.3,10:30:00,15872.614898972344,2,16
2022-07-06,15889.65,15892.05,15879.6,15881.45,10:35:00,15874.237289546409,2,17
2022-07-06,15898.7,15900.85,15888.85,15890.1,10:40:00,15876.567071494368,2,18
2022-07-06,15913.95,15914.0,15893.85,15898.5,10:45:00,15880.127350399667,2,19
2022-07-06,15916.8,15927.15,15913.6,15914.15,10:50:00,15883.619983694936,2,20
2022-07-06,15916.05,15919.55,15909.95,15917.2,10:55:00,15886.70855667637,2,21
2022-07-06,15906.4,15917.6,15904.5,15916.45,11:00:00,15888.583932231002,2,22
2022-07-06,15889.75,15908.35,15886.4,15906.15,11:05:00,15888.69498630424,2,23
2022-07-06,15891.15,15895.6,15881.25,15889.4,11:10:00,15888.928797132408,2,24
2022-07-06,15904.05,15907.65,15891.7,15892.05,11:15:00,15890.368911691226,2,25
2022-07-06,15892.65,15909.5,15891.6,15903.85,11:20:00,15890.586158196824,2,26
2022-07-06,15892.55,15898.75,15884.8,15893.65,11:25:00,15890.773190749507,2,27
2022-07-06,15864.95,15892.65,15864.95,15891.95,11:30:00,15888.313839249557,2,28
2022-07-06,15857.05,15871.35,15850.85,15864.85,11:35:00,15885.336330749597,2,29
2022-07-06,15869.8,15874.7,15854.15,15856.7,11:40:00,15883.856680202016,2,30
2022-07-06,15870.45,15875.1,15861.7,15869.2,11:45:00,15882.57985351611,2,31
2022-07-06,15871.65,15877.05,15863.8,15870.0,11:50:00,15881.538915086005,2,32
2022-07-06,15877.7,15882.75,15870.1,15871.45,11:55:00,15881.173304125432,2,33
2022-07-06,15870.25,15885.8,15862.95,15877.35,12:00:00,15880.13298944682,2,34
2022-07-06,15865.05,15876.2,15862.0,15868.65,12:05:00,15878.69651426141,2,35
2022-07-06,15883.2,15884.3,15862.75,15864.7,12:10:00,15879.125417665084,2,36
2022-07-06,15890.4,15895.1,15881.9,15883.3,12:15:00,15880.199187411266,2,37
2022-07-06,15891.15,15894.25,15882.35,15890.85,12:20:00,15881.242121943527,2,38
2022-07-06,15902.8,15905.55,15888.6,15891.2,12:25:00,15883.295253187,2,39
2022-07-06,15927.55,15942.4,15902.45,15902.45,12:30:00,15887.509990978711,2,40
2022-07-06,15922.3,15939.25,15921.8,15927.35,12:35:00,15890.823325171215,2,41
2022-07-06,15922.75,15926.2,15915.9,15922.5,12:40:00,15893.863960869196,2,42
2022-07-06,15938.5,15938.7,15922.95,15922.95,12:45:00,15898.115012214988,2,43
2022-07-06,15951.85,15961.95,15938.65,15938.65,12:50:00,15903.232630099274,2,44
2022-07-06,15973.3,15974.3,15951.45,15951.45,12:55:00,15909.905712946962,2,45
2022-07-06,15970.75,15979.35,15961.9,15975.8,13:00:00,15915.700406952014,2,46
2022-07-06,15977.1,15995.85,15965.4,15970.7,13:05:00,15921.547987242298,2,47
2022-07-06,16000.0,16000.15,15976.6,15976.6,13:10:00,15929.019607504935,2,48
2022-07-06,15981.95,16002.2,15975.1,15998.95,13:15:00,15934.06059726637,2,49
2022-07-06,15976.05,15989.8,15971.15,15982.0,13:20:00,15938.059588002909,2,50
2022-07-06,15976.9,15983.45,15969.5,15975.35,13:25:00,15941.758674859771,2,51
2022-07-06,15960.0,15986.05,15956.95,15976.1,13:30:00,15943.495943920749,2,52
2022-07-06,15986.55,15986.9,15956.1,15958.8,13:35:00,15947.596330214008,2,53
2022-07-06,15983.05,15995.4,15982.55,15986.8,13:40:00,15950.972870193626,2,54
2022-07-06,15967.65,15983.3,15964.35,15983.2,13:45:00,15952.561168270424,2,55
2022-07-06,15967.45,15973.2,15957.05,15966.85,13:50:00,15953.97915224467,2,56
2022-07-06,15962.6,15970.6,15957.95,15967.75,13:55:00,15954.800185364224,2,57
2022-07-06,15932.15,15963.35,15931.3,15962.2,14:00:00,15952.643024853349,2,58
2022-07-06,15928.7,15940.65,15924.4,15932.95,14:05:00,15950.362736772076,2,59
2022-07-06,15918.5,15929.35,15910.1,15928.25,14:10:00,15947.32819041283,2,60
2022-07-06,15943.25,15954.05,15911.95,15918.65,14:15:00,15946.939791325894,2,61
2022-07-06,15945.2,15947.45,15931.7,15942.35,14:20:00,15946.774096913903,2,62
2022-07-06,15947.65,15968.65,15945.0,15945.0,14:25:00,15946.857516255435,2,63
2022-07-06,15925.7,15947.3,15918.45,15947.3,14:30:00,15944.8425147073,2,64
2022-07-06,15940.85,15941.8,15922.55,15925.3,14:35:00,15944.462275211366,2,65
2022-07-06,15919.1,15946.7,15915.45,15941.05,14:40:00,15942.046820429332,2,66
2022-07-06,15947.0,15947.4,15907.95,15918.55,14:45:00,15942.518551817016,2,67
2022-07-06,15960.85,15962.75,15945.65,15947.55,14:50:00,15944.264404024918,2,68
2022-07-06,15977.3,15978.0,15961.6,15961.6,14:55:00,15947.41065126064,2,69
2022-07-06,15965.5,15982.7,15957.05,15977.15,15:00:00,15949.133446378672,2,70
2022-07-06,15962.8,15974.8,15961.15,15965.4,15:05:00,15950.435022914038,2,71
2022-07-06,15994.25,15994.9,15962.4,15962.4,15:10:00,15954.607877874603,2,72
2022-07-06,16001.45,16004.15,15992.0,15992.0,15:15:00,15959.06903236274,2,73
2022-07-06,16004.6,16011.05,15998.95,16000.3,15:20:00,15963.40531499486,2,74
2022-07-06,16008.05,16011.35,16002.05,16003.55,15:25:00,15967.657189757254,2,75
2022-07-07,16112.95,16139.5,16104.2,16104.2,09:15:00,15981.494600256565,3,1
2022-07-07,16101.85,16121.6,16083.95,16114.2,09:20:00,15992.957019279747,3,2
2022-07-07,16078.45,16102.8,16072.05,16102.65,09:25:00,16001.099207919771,3,3
2022-07-07,16097.25,16098.7,16076.2,16078.55,09:30:00,16010.256426213127,3,4
2022-07-07,16100.85,16112.7,16092.95,16097.6,09:35:00,16018.8843856214,3,5
2022-07-07,16085.0,16103.25,16082.0,16100.0,09:40:00,16025.181110800317,3,6
2022-07-07,16090.35,16093.25,16078.85,16083.85,09:45:00,16031.387671676475,3,7
2022-07-07,16071.7,16091.4,16065.85,16090.25,09:50:00,16035.22694104062,3,8
2022-07-07,16070.5,16076.95,16067.6,16071.45,09:55:00,16038.586279989133,3,9
2022-07-07,16093.3,16093.3,16063.75,16069.85,10:00:00,16043.79711046636,3,10
2022-07-07,16089.85,16100.6,16087.05,16092.95,10:05:00,16048.183099945754,3,11
2022-07-07,16091.8,16091.8,16080.85,16090.1,10:10:00,16052.33709042711,3,12
2022-07-07,16099.4,16103.5,16089.05,16092.05,10:15:00,16056.819272291195,3,13
2022-07-07,16101.5,16101.5,16091.0,16099.05,10:20:00,16061.074579692036,3,14
2022-07-07,16099.55,16110.9,16096.2,16100.95,10:25:00,16064.73890543565,3,15
2022-07-07,16108.95,16109.3,16100.3,16100.3,10:30:00,16068.949485870353,3,16
2022-07-07,16116.8,16119.4,16108.7,16109.1,10:35:00,16073.50667769222,3,17
2022-07-07,16124.8,16125.55,16115.15,16116.85,10:40:00,16078.391756007248,3,18
2022-07-07,16118.8,16126.15,16114.55,16125.45,10:45:00,16082.240160197034,3,19
2022-07-07,16115.0,16125.7,16113.45,16118.6,10:50:00,16085.360144940174,3,20
2022-07-07,16107.6,16115.85,16106.05,16115.15,10:55:00,16087.478226374442,3,21
2022-07-07,16098.6,16108.35,16095.45,16107.8,11:00:00,16088.53744291021,3,22
2022-07-07,16093.1,16111.0,16093.05,16098.35,11:05:00,16088.971972156856,3,23
2022-07-07,16093.65,16096.35,16089.4,16093.55,11:10:00,16089.417498618108,3,24
2022-07-07,16088.2,16097.85,16085.25,16093.55,11:15:00,16089.301546368764,3,25
2022-07-07,16088.4,16097.9,16086.35,16087.9,11:20:00,16089.215684809837,3,26
2022-07-07,16093.9,16096.65,16086.85,16088.15,11:25:00,16089.661810066042,3,27
2022-07-07,16100.35,16106.2,16094.4,16094.4,11:30:00,16090.679732916897,3,28
2022-07-07,16115.35,16115.8,16098.9,16100.45,11:35:00,16093.029282162905,3,29
2022-07-07,16104.45,16117.6,16101.25,16115.3,11:40:00,16094.116969575962,3,30
2022-07-07,16109.35,16110.9,16103.85,16104.2,11:45:00,16095.567734378252,3,31
2022-07-07,16103.6,16110.8,16101.3,16109.1,11:50:00,16096.332712056514,3,32
2022-07-07,16116.65,16118.55,16102.9,16104.2,11:55:00,16098.267691860654,3,33
2022-07-07,16107.25,16118.2,16107.2,16116.6,12:00:00,16099.123149778688,3,34
2022-07-07,16101.45,16112.25,16101.25,16107.35,12:05:00,16099.34475456167,3,35
2022-07-07,16096.75,16104.65,16094.55,16101.4,12:10:00,16099.097635079605,3,36
2022-07-07,16104.35,16106.35,16090.15,16097.4,12:15:00,16099.59786031012,3,37
2022-07-07,16108.7,16111.05,16104.05,16104.05,12:20:00,16100.464730756774,3,38
2022-07-07,16099.5,16109.8,16099.5,16109.2,12:25:00,16100.37285163708,3,39
2022-07-07,16104.05,16109.3,16100.25,16100.3,12:30:00,16100.723056243074,3,40
2022-07-07,16108.7,16110.75,16103.7,16104.15,12:35:00,16101.482765172304,3,41
2022-07-07,16092.25,16108.55,16090.95,16108.55,12:40:00,16100.603454203514,3,42
2022-07-07,16097.9,16100.2,16090.7,16093.15,12:45:00,16100.345982374609,3,43
2022-07-07,16103.95,16106.45,16093.45,16097.75,12:50:00,16100.689222148454,3,44
2022-07-07,16103.0,16105.65,16100.15,16103.5,12:55:00,16100.909296229554,3,45
2022-07-07,16123.4,16125.1,16101.9,16102.8,13:00:00,16103.051268017216,3,46
2022-07-07,16116.7,16130.65,16113.45,16123.15,13:05:00,16104.35114725367,3,47
2022-07-07,16109.15,16122.1,16109.15,16116.65,13:10:00,16104.80818084856,3,48
2022-07-07,16124.0,16129.15,16108.4,16109.7,13:15:00,16106.635973148695,3,49
2022-07-07,16122.85,16127.5,16117.05,16124.05,13:20:00,16108.180166182156,3,50
2022-07-07,16121.6,16132.2,16119.75,16122.45,13:25:00,16109.458245593378,3,51
2022-07-07,16125.75,16130.3,16121.05,16121.05,13:30:00,16111.00984125115,3,52
2022-07-07,16141.3,16141.7,16124.7,16125.7,13:35:00,16113.89461827485,3,53
2022-07-07,16131.95,16143.25,16126.45,16140.75,13:40:00,16115.61417843915,3,54
2022-07-07,16113.6,16132.45,16106.5,16132.05,13:45:00,16115.422351921135,3,55
2022-07-07,16119.3,16119.4,16111.2,16114.5,13:50:00,16115.79165173817,3,56
2022-07-07,16107.8,16122.5,16103.9,16118.55,13:55:00,16115.030542048818,3,57
2022-07-07,16089.1,16109.7,16086.0,16106.15,14:00:00,16112.560966615598,3,58
2022-07-07,16091.55,16103.35,16087.1,16090.4,14:05:00,16110.559922176017,3,59
2022-07-07,16060.1,16092.25,16058.2,16092.25,14:10:00,16105.75421530211,3,60
2022-07-07,16064.9,16069.55,16045.95,16059.5,14:15:00,16101.86333765429,3,61
2022-07-07,16093.75,16096.0,16063.0,16064.75,14:20:00,16101.090638830072,3,62
2022-07-07,16097.35,16102.2,16081.95,16094.4,14:25:00,16100.734387512925,3,63
2022-07-07,16108.55,16111.25,16092.7,16096.95,14:30:00,16101.478731559311,3,64
2022-07-07,16114.1,16114.1,16099.9,16108.05,14:35:00,16102.68075712509,3,65
2022-07-07,16118.0,16118.75,16106.1,16113.15,14:40:00,16104.139732636986,3,66
2022-07-07,16128.65,16130.1,16111.7,16116.9,14:45:00,16106.474043814414,3,67
2022-07-07,16128.6,16136.2,16117.6,16128.05,14:50:00,16108.58127773685,3,68
2022-07-07,16127.95,16138.35,16126.9,16128.05,14:55:00,16110.425917952389,3,69
2022-07-07,16135.15,16141.0,16112.35,16127.8,15:00:00,16112.780592433111,3,70
2022-07-07,16144.3,16150.5,16130.75,16135.95,15:05:00,16115.782440772817,3,71
2022-07-07,16127.4,16147.3,16127.4,16144.35,15:10:00,16116.888874984928,3,72
2022-07-07,16137.8,16137.8,16124.15,16127.95,15:15:00,16118.880410700647,3,73
2022-07-07,16133.55,16137.15,16127.8,16136.6,15:20:00,16120.277514443444,3,74
2022-07-07,16138.9,16140.7,16130.3,16132.4,15:25:00,16122.051084496448,3,75
2022-07-08,16209.35,16275.5,16205.4,16275.5,09:15:00,16130.36526692536,4,1
2022-07-08,16210.3,16215.1,16194.0,16209.6,09:20:00,16137.978098646754,4,2
2022-07-08,16188.05,16215.4,16185.2,16210.35,09:25:00,16142.746851156588,4,3
2022-07-08,16216.7,16218.55,16186.95,16187.7,09:30:00,16149.790008189297,4,4
2022-07-08,16219.75,16223.4,16212.6,16216.5,09:35:00,16156.45286455222,4,5
2022-07-08,16225.95,16226.35,16212.0,16218.5,09:40:00,16163.07163935677,4,6
2022-07-08,16224.65,16236.75,16223.9,16225.75,09:45:00,16168.936245132318,4,7
2022-07-08,16214.8,16224.9,16212.3,16223.95,09:50:00,16173.304221786382,4,8
2022-07-08,16202.7,16215.25,16202.25,16214.5,09:55:00,16176.103819711489,4,9
2022-07-08,16204.7,16204.7,16192.9,16203.35,10:00:00,16178.82726545325,4,10
2022-07-08,16184.95,16205.25,16184.45,16205.25,10:05:00,16179.41038302913,4,11
2022-07-08,16196.45,16198.35,16177.4,16185.4,10:10:00,16181.03320369302,4,12
2022-07-08,16197.05,16200.35,16190.4,16195.7,10:15:00,16182.558612865116,4,13
2022-07-08,16203.9,16203.9,16194.95,16197.5,10:20:00,16184.59112592558,4,14
2022-07-08,16200.85,16210.05,16198.05,16204.7,10:25:00,16186.139590123144,4,15
2022-07-08,16204.15,16206.15,16192.8,16200.35,10:30:00,16187.854867254273,4,16
2022-07-08,16213.55,16213.55,16203.6,16204.1,10:35:00,16190.302022753864,4,17
2022-07-08,16210.15,16217.8,16208.75,16213.7,10:40:00,16192.192306301116,4,18
2022-07-08,16210.0,16210.85,16205.5,16210.25,10:45:00,16193.88827712958,4,19
2022-07-08,16208.7,16210.65,16206.45,16210.35,10:50:00,16195.298917402954,4,20
2022-07-08,16214.45,16218.8,16208.65,16208.9,10:55:00,16197.122830031243,4,21
2022-07-08,16206.5,16218.75,16205.2,16214.35,11:00:00,16198.015893837792,4,22
2022-07-08,16206.4,16208.95,16203.3,16206.3,11:05:00,16198.814380138954,4,23
2022-07-08,16203.75,16207.5,16200.55,16206.7,11:10:00,16199.28443917334,4,24
2022-07-08,16203.6,16205.15,16198.9,16203.7,11:15:00,16199.695444966355,4,25
2022-07-08,16190.05,16206.45,16190.05,16203.5,11:20:00,16198.776831160036,4,26
2022-07-08,16186.85,16196.3,16183.2,16190.25,11:25:00,16197.640942478129,4,27
2022-07-08,16190.4,16194.5,16184.5,16186.3,11:30:00,16196.951328908784,4,28
2022-07-08,16196.4,16198.45,16185.75,16190.75,11:35:00,16196.898821393665,4,29
2022-07-08,16200.85,16207.75,16195.4,16196.3,11:40:00,16197.275124118078,4,30
2022-07-08,16193.6,16202.15,16191.15,16200.2,11:45:00,16196.92511229731,4,31
2022-07-08,16192.9,16195.65,16187.85,16193.3,11:50:00,16196.541768268991,4,32
2022-07-08,16178.25,16194.7,16178.2,16193.55,11:55:00,16194.799695100515,4,33
2022-07-08,16174.5,16182.2,16173.05,16178.45,12:00:00,16192.86639080523,4,34
2022-07-08,16182.55,16186.95,16175.25,16175.25,12:05:00,16191.883877395208,4,35
2022-07-08,16180.3,16183.15,16176.35,16182.8,12:10:00,16190.780650976618,4,36
2022-07-08,16175.45,16180.35,16174.0,16180.1,12:15:00,16189.320588978844,4,37
2022-07-08,16194.8,16196.05,16175.35,16175.35,12:20:00,16189.842437647529,4,38
2022-07-08,16198.15,16199.0,16189.35,16195.8,12:25:00,16190.633634062047,4,39
2022-07-08,16205.75,16210.95,16198.05,16199.35,12:30:00,16192.0732879609,4,40
2022-07-08,16200.95,16206.75,16196.95,16205.0,12:35:00,16192.918689107482,4,41
2022-07-08,16199.1,16207.4,16198.1,16201.25,12:40:00,16193.50738538296,4,42
2022-07-08,16204.3,16206.4,16198.75,16199.5,12:45:00,16194.535253441723,4,43
2022-07-08,16197.5,16206.35,16197.05,16204.25,12:50:00,16194.8176102568,4,44
2022-07-08,16194.9,16198.7,16188.55,16198.05,12:55:00,16194.825456899009,4,45
2022-07-08,16201.7,16204.8,16194.1,16195.15,13:00:00,16195.480175289578,4,46
2022-07-08,16203.25,16210.95,16202.05,16202.25,13:05:00,16196.220158595332,4,47
2022-07-08,16196.0,16205.0,16195.5,16202.85,13:10:00,16196.199191110063,4,48
2022-07-08,16188.7,16196.95,16186.7,16196.85,13:15:00,16195.484982432914,4,49
2022-07-08,16191.4,16191.4,16181.2,16189.25,13:20:00,16195.09593648692,4,50
2022-07-08,16201.85,16202.55,16191.6,16192.4,13:25:00,16195.739180631024,4,51
2022-07-08,16204.7,16206.3,16197.2,16202.2,13:30:00,16196.592591999495,4,52
2022-07-08,16219.6,16221.35,16203.8,16204.6,13:35:00,16198.78377371383,4,53
2022-07-08,16216.7,16226.4,16214.8,16221.0,13:40:00,16200.490080979182,4,54
2022-07-08,16206.2,16216.6,16202.95,16216.3,13:45:00,16201.033882790687,4,55
2022-07-08,16202.45,16206.55,16194.3,16206.45,13:50:00,16201.168751096338,4,56
2022-07-08,16189.7,16202.85,16180.55,16202.85,13:55:00,16200.076489087163,4,57
2022-07-08,16188.8,16193.55,16179.75,16188.75,14:00:00,16199.002537745528,4,58
2022-07-08,16186.25,16193.5,16184.35,16188.6,14:05:00,16197.788010341192,4,59
2022-07-08,16189.25,16194.05,16184.15,16186.2,14:10:00,16196.974866499177,4,60
2022-07-08,16181.3,16191.7,16175.45,16189.0,14:15:00,16195.482022070682,4,61
2022-07-08,16188.4,16190.3,16178.0,16181.55,14:20:00,16194.807543778235,4,62
2022-07-08,16166.15,16192.35,16163.8,16188.7,14:25:00,16192.078253894597,4,63
2022-07-08,16166.9,16170.1,16157.9,16165.95,14:30:00,16189.680324952253,4,64
2022-07-08,16161.05,16168.55,16159.15,16166.95,14:35:00,16186.953627337753,4,65
2022-07-08,16174.0,16174.0,16158.9,16161.2,14:40:00,16185.71994854368,4,66
2022-07-08,16181.85,16189.2,16172.85,16173.1,14:45:00,16185.351382015711,4,67
2022-07-08,16173.9,16181.5,16172.5,16181.15,14:50:00,16184.260774204691,4,68
2022-07-08,16188.45,16194.0,16173.3,16173.85,14:55:00,16184.659748089958,4,69
2022-07-08,16221.45,16222.1,16188.7,16190.1,15:00:00,16188.1635816052,4,70
2022-07-08,16222.1,16223.45,16214.65,16222.5,15:05:00,16191.395621452324,4,71
2022-07-08,16230.05,16236.55,16221.25,16222.75,15:10:00,16195.076990837815,4,72
2022-07-08,16221.7,16232.85,16214.15,16230.1,15:15:00,16197.61251551993,4,73
2022-07-08,16220.4,16224.65,16214.25,16222.55,15:20:00,16199.782752137078,4,74
2022-07-08,16217.5,16230.25,16215.7,16220.3,15:25:00,16201.470109076405,4,75
2022-07-11,16158.6,16166.75,16117.85,16152.0,09:15:00,16197.38724154532,0,1
2022-07-11,16142.0,16161.7,16140.75,16160.25,09:20:00,16192.112266160051,0,2
2022-07-11,16140.0,16153.75,16134.55,16142.5,09:25:00,16187.149193192428,0,3
2022-07-11,16127.85,16143.35,16122.0,16141.3,09:30:00,16181.501650983624,0,4
2022-07-11,16124.05,16137.65,16115.5,16127.7,09:35:00,16176.03006517566,0,5
2022-07-11,16155.0,16159.4,16123.8,16124.3,09:40:00,16174.027201825596,0,6
2022-07-11,16157.8,16167.05,16147.25,16153.9,09:45:00,16172.481754032684,0,7
2022-07-11,16146.1,16161.3,16142.95,16157.6,09:50:00,16169.969206029573,0,8
2022-07-11,16144.65,16151.65,16135.95,16145.8,09:55:00,16167.557853074377,0,9
2022-07-11,16156.9,16159.95,16143.2,16144.8,10:00:00,16166.542819448245,0,10
2022-07-11,16164.95,16165.4,16151.6,16156.3,10:05:00,16166.391122357936,0,11
2022-07-11,16167.5,16175.45,16160.6,16164.85,10:10:00,16166.496729752418,0,12
2022-07-11,16159.15,16172.45,16158.1,16167.1,10:15:00,16165.797041204569,0,13
2022-07-11,16159.75,16160.5,16152.45,16158.9,10:20:00,16165.22113251842,0,14
2022-07-11,16165.2,16166.15,16156.85,16160.15,10:25:00,16165.219119897618,0,15
2022-07-11,16152.25,16165.5,16152.15,16165.5,10:30:00,16163.983965621654,0,16
2022-07-11,16146.85,16158.25,16146.55,16152.45,10:35:00,16162.352159371972,0,17
2022-07-11,16152.0,16152.0,16143.5,16146.2,10:40:00,16161.366239431783,0,18
2022-07-11,16148.2,16155.95,16146.65,16152.25,10:45:00,16160.112311866853,0,19
2022-07-11,16161.1,16161.6,16145.5,16148.85,10:50:00,16160.20637740334,0,20
2022-07-11,16156.35,16163.7,16153.05,16161.4,10:55:00,16159.83910336493,0,21
2022-07-11,16152.25,16157.05,16149.8,16155.8,11:00:00,16159.116331615887,0,22
2022-07-11,16156.6,16158.85,16151.3,16152.9,11:05:00,16158.876680985804,0,23
2022-07-11,16160.35,16166.85,16153.85,16156.3,11:10:00,16159.016997082394,0,24
2022-07-11,16152.3,16162.2,16150.95,16160.25,11:15:00,16158.377283074546,0,25
2022-07-11,16147.6,16154.25,16146.65,16152.75,11:20:00,16157.350875162683,0,26
2022-07-11,16144.05,16154.8,16144.05,16147.75,11:25:00,16156.08412514719,0,27
2022-07-11,16154.1,16154.9,16140.8,16144.25,11:30:00,16155.895160847458,0,28
2022-07-11,16135.9,16160.4,16135.9,16155.1,11:35:00,16153.990859814368,0,29
2022-07-11,16133.9,16137.85,16128.3,16136.0,11:40:00,16152.07744459395,0,30
2022-07-11,16135.65,16140.25,16128.5,16134.7,11:45:00,16150.512926061192,0,31
2022-07-11,16139.9,16141.1,16133.8,16135.3,11:50:00,16149.50217119822,0,32
2022-07-11,16144.9,16145.3,16138.1,16139.65,11:55:00,16149.063869179345,0,33
2022-07-11,16150.85,16154.55,16144.55,16144.55,12:00:00,16149.233976876549,0,34
2022-07-11,16154.0,16156.2,16147.7,16151.05,12:05:00,16149.687883840686,0,35
2022-07-11,16146.75,16154.5,16145.2,16154.5,12:10:00,16149.408085379668,0,36
2022-07-11,16141.55,16149.5,16141.15,16146.85,12:15:00,16148.65969629589,0,37
2022-07-11,16134.75,16144.0,16133.8,16142.3,12:20:00,16147.334963315328,0,38
2022-07-11,16123.3,16134.4,16123.3,16134.4,12:25:00,16145.04591919006,0,39
2022-07-11,16127.7,16130.95,16117.2,16123.6,12:30:00,16143.393926886243,0,40
2022-07-11,16139.95,16140.3,16127.25,16128.3,12:35:00,16143.06593384946,0,41
2022-07-11,16136.85,16144.8,16136.15,16140.55,12:40:00,16142.473940149512,0,42
2022-07-11,16144.55,16145.0,16134.25,16137.15,12:45:00,16142.671660135273,0,43
2022-07-11,16146.75,16150.45,16143.5,16144.25,12:50:00,16143.06007345572,0,44
2022-07-11,16156.65,16156.9,16145.35,16146.5,12:55:00,16144.354352174223,0,45
2022-07-11,16165.6,16167.1,16150.2,16156.45,13:00:00,16146.377747205252,0,46
2022-07-11,16163.15,16167.4,16162.4,16165.65,13:05:00,16147.975104614276,0,47
2022-07-11,16169.75,16172.25,16159.65,16162.75,13:10:00,16150.04890417482,0,48
2022-07-11,16173.0,16185.6,16167.6,16169.85,13:15:00,16152.234722824836,0,49
2022-07-11,16165.55,16174.9,16163.25,16173.85,13:20:00,16153.502844460569,0,50
2022-07-11,16165.25,16171.1,16162.15,16165.2,13:25:00,16154.621621178609,0,51
2022-07-11,16167.55,16176.1,16160.6,16165.35,13:30:00,16155.852895352073,0,52
2022-07-11,16182.1,16182.65,16167.05,16167.85,13:35:00,16158.352619604257,0,53
2022-07-11,16191.35,16197.25,16181.35,16182.75,13:40:00,16161.495227260992,0,54
2022-07-11,16198.55,16200.8,16185.65,16191.5,13:45:00,16165.024253236135,0,55
2022-07-11,16203.45,16204.6,16191.4,16198.45,13:50:00,16168.68384816603,0,56
2022-07-11,16189.05,16203.8,16188.5,16203.65,13:55:00,16170.623481674029,0,57
2022-07-11,16193.0,16197.95,16188.45,16189.15,14:00:00,16172.754578657452,0,58
2022-07-11,16214.65,16226.85,16192.3,16192.65,14:05:00,16176.744618785311,0,59
2022-07-11,16211.6,16219.05,16202.0,16215.25,14:10:00,16180.064178901,0,60
2022-07-11,16218.25,16227.4,16209.15,16211.55,14:15:00,16183.70092376757,0,61
2022-07-11,16238.85,16238.9,16213.85,16217.95,14:20:00,16188.953216742086,0,62
2022-07-11,16234.85,16242.75,16227.7,16239.4,14:25:00,16193.324338957123,0,63
2022-07-11,16242.8,16244.9,16228.5,16235.45,14:30:00,16198.036306675494,0,64
2022-07-11,16239.5,16248.55,16237.65,16243.1,14:35:00,16201.985229849255,0,65
2022-07-11,16238.15,16240.05,16224.7,16239.0,14:40:00,16205.429493673137,0,66
2022-07-11,16220.95,16242.75,16220.85,16238.0,14:45:00,16206.90763713284,0,67
2022-07-11,16233.4,16234.85,16216.45,16220.65,14:50:00,16209.430719310663,0,68
2022-07-11,16227.0,16239.35,16226.6,16233.6,14:55:00,16211.10398413822,0,69
2022-07-11,16222.95,16234.5,16214.6,16224.65,15:00:00,16212.232176125057,0,70
2022-07-11,16232.5,16239.75,16223.35,16223.35,15:05:00,16214.162445065527,0,71
2022-07-11,16218.05,16232.9,16216.8,16232.9,15:10:00,16214.53268839262,0,72
2022-07-11,16208.4,16222.7,16205.85,16218.7,15:15:00,16213.948622831418,0,73
2022-07-11,16196.65,16212.7,16196.65,16208.95,15:20:00,16212.30113494271,0,74
2022-07-11,16199.05,16201.4,16194.25,16197.15,15:25:00,16211.039122091024,0,75
2022-07-12,16127.1,16134.75,16103.35,16134.75,09:15:00,16203.044919987116,1,1
2022-07-12,16146.25,16146.25,16114.35,16127.6,09:20:00,16197.635879988344,1,2
2022-07-12,16140.5,16149.75,16131.15,16146.45,09:25:00,16192.194367608505,1,3
2022-07-12,16144.45,16150.5,16132.7,16140.6,09:30:00,16187.64728497912,1,4
2022-07-12,16139.85,16153.3,16139.55,16145.15,09:35:00,16183.095162600155,1,5
2022-07-12,16131.1,16145.85,16130.8,16140.45,09:40:00,16178.143242352522,1,6
2022-07-12,16137.1,16145.15,16129.8,16131.75,09:45:00,16174.234362128473,1,7
2022-07-12,16135.7,16139.05,16133.15,16137.4,09:50:00,16170.564422878142,1,8
2022-07-12,16140.9,16149.9,16128.35,16135.65,09:55:00,16167.73923974689,1,9
2022-07-12,16146.25,16148.55,16140.55,16140.65,10:00:00,16165.692645485282,1,10
2022-07-12,16153.55,16156.85,16145.1,16146.3,10:05:00,16164.536203058113,1,11
2022-07-12,16142.2,16154.45,16141.3,16153.15,10:10:00,16162.408945624004,1,12
2022-07-12,16136.75,16142.25,16134.25,16142.0,10:15:00,16159.96523651696,1,13
2022-07-12,16141.45,16142.55,16132.6,16137.15,10:20:00,16158.2018806582,1,14
2022-07-12,16154.95,16157.5,16141.3,16141.5,10:25:00,16157.892177738371,1,15
2022-07-12,16153.1,16158.65,16151.55,16154.8,10:30:00,16157.435779858528,1,16
2022-07-12,16152.75,16158.75,16150.1,16152.55,10:35:00,16156.989515110095,1,17
2022-07-12,16144.75,16154.1,16143.8,16152.9,10:40:00,16155.823847004374,1,18
2022-07-12,16148.05,16148.35,16140.2,16145.05,10:45:00,16155.083480623003,1,19
2022-07-12,16155.45,16157.65,16147.4,16148.2,10:50:00,16155.118387230335,1,20
2022-07-12,16156.1,16157.55,16151.65,16154.7,10:55:00,16155.21187416078,1,21
2022-07-12,16149.95,16156.55,16149.3,16155.6,11:00:00,16154.710743288326,1,22
2022-07-12,16146.25,16153.6,16144.5,16150.35,11:05:00,16153.904958213248,1,23
2022-07-12,16146.15,16148.3,16142.6,16146.55,11:10:00,16153.166390764369,1,24
2022-07-12,16139.25,16146.65,16138.15,16145.9,11:15:00,16151.84102021538,1,25
2022-07-12,16137.65,16139.35,16133.55,16138.75,11:20:00,16150.48949448058,1,26
2022-07-12,16129.5,16138.45,16129.3,16137.35,11:25:00,16148.49049500624,1,27
2022-07-12,16122.9,16130.0,16116.6,16129.55,11:30:00,16146.053305005646,1,28
2022-07-12,16115.7,16124.75,16115.45,16122.6,11:35:00,16143.162514052729,1,29
2022-07-12,16115.5,16118.65,16109.1,16114.85,11:40:00,16140.527988904849,1,30
2022-07-12,16122.25,16127.65,16107.4,16114.65,11:45:00,16138.787228056768,1,31
2022-07-12,16125.25,16131.25,16122.05,16122.4,11:50:00,16137.497968241838,1,32
2022-07-12,16124.65,16130.25,16123.2,16125.65,11:55:00,16136.274352218805,1,33
2022-07-12,16125.8,16125.8,16119.8,16124.4,12:00:00,16135.276794864632,1,34
2022-07-12,16122.55,16129.95,16121.85,16125.35,12:05:00,16134.06471916324,1,35
2022-07-12,16122.8,16125.4,16118.3,16122.65,12:10:00,16132.99188876674,1,36
2022-07-12,16112.35,16122.45,16111.9,16122.45,12:15:00,16131.02599459848,1,37
2022-07-12,16088.75,16112.6,16087.65,16112.25,12:20:00,16126.999709398624,1,38
2022-07-12,16090.25,16094.55,16086.3,16089.1,12:25:00,16123.499737074944,1,39
2022-07-12,16102.25,16106.95,16082.25,16090.5,12:30:00,16121.475952591616,1,40
2022-07-12,16105.4,16113.5,16099.4,16102.8,12:35:00,16119.944909487653,1,41
2022-07-12,16104.05,16109.0,16097.45,16104.9,12:40:00,16118.431108584067,1,42
2022-07-12,16087.95,16103.7,16087.0,16103.7,12:45:00,16115.528145861776,1,43
2022-07-12,16077.5,16088.05,16070.95,16087.45,12:50:00,16111.906417684462,1,44
2022-07-12,16078.4,16085.95,16076.55,16077.65,12:55:00,16108.715330285942,1,45
2022-07-12,16070.75,16084.9,16070.25,16077.7,13:00:00,16105.099584544423,1,46
2022-07-12,16078.9,16080.7,16070.1,16070.6,13:05:00,16102.604386016385,1,47
2022-07-12,16080.65,16085.95,16073.9,16080.4,13:10:00,16100.513492110062,1,48
2022-07-12,16092.35,16093.15,16079.85,16080.5,13:15:00,16099.736016671008,1,49
2022-07-12,16089.4,16096.0,16088.8,16091.85,13:20:00,16098.751634130913,1,50
2022-07-12,16094.6,16094.6,16085.15,16089.55,13:25:00,16098.35624040416,1,51
2022-07-12,16103.05,16103.05,16086.7,16094.8,13:30:00,16098.803265127572,1,52
2022-07-12,16099.5,16108.4,16098.35,16102.85,13:35:00,16098.869620829708,1,53
2022-07-12,16106.55,16109.45,16097.9,16099.35,13:40:00,16099.601085512591,1,54
2022-07-12,16108.0,16108.0,16100.95,16106.0,13:45:00,16100.400982130444,1,55
2022-07-12,16113.85,16116.4,16101.9,16107.5,13:50:00,16101.68184097516,1,56
2022-07-12,16096.7,16115.25,16092.3,16114.75,13:55:00,16101.207379929909,1,57
2022-07-12,16107.45,16108.05,16093.3,16096.85,14:00:00,16101.801915174678,1,58
2022-07-12,16122.8,16126.1,16106.3,16107.75,14:05:00,16103.801732777089,1,59
2022-07-12,16134.95,16134.95,16121.05,16122.1,14:10:00,16106.768234417365,1,60
2022-07-12,16132.95,16136.8,16129.35,16134.8,14:15:00,16109.261735901426,1,61
2022-07-12,16122.5,16135.45,16120.9,16133.5,14:20:00,16110.522522958434,1,62
2022-07-12,16129.9,16130.2,16118.1,16121.85,14:25:00,16112.367996962392,1,63
2022-07-12,16139.85,16144.55,16129.9,16130.35,14:30:00,16114.98533058502,1,64
2022-07-12,16128.4,16141.9,16127.5,16139.95,14:35:00,16116.262918148352,1,65
2022-07-12,16118.7,16131.6,16117.7,16128.2,14:40:00,16116.49502118184,1,66
2022-07-12,16113.1,16125.05,16110.35,16119.1,14:45:00,16116.17168583119,1,67
2022-07-12,16104.2,16114.85,16101.45,16113.05,14:50:00,16115.03152527584,1,68
2022-07-12,16077.05,16106.3,16076.95,16104.95,14:55:00,16111.414237154331,1,69
2022-07-12,16086.1,16086.15,16056.25,16077.85,15:00:00,16109.003357425348,1,70
2022-07-12,16076.3,16084.35,16071.7,16084.35,15:05:00,16105.888751956269,1,71
2022-07-12,16056.3,16080.95,16056.0,16076.6,15:10:00,16101.166013674718,1,72
2022-07-12,16041.35,16057.6,16040.3,16055.75,15:15:00,16095.469250467602,1,73
2022-07-12,16045.7,16049.5,16034.45,16040.95,15:20:00,16090.72932185164,1,74
2022-07-12,16037.75,16046.5,16031.15,16045.9,15:25:00,16085.683672151485,1,75
2022-07-13,16113.45,16139.6,16105.65,16129.2,09:15:00,16090.72064772491,2,1
2022-07-13,16118.65,16119.2,16102.2,16113.1,09:20:00,16093.380586036825,2,2
2022-07-13,16119.0,16129.35,16114.45,16118.4,09:25:00,16095.820530223791,2,3
2022-07-13,16113.55,16126.45,16112.35,16118.15,09:30:00,16097.50905115486,2,4
2022-07-13,16118.2,16124.65,16111.35,16113.45,09:35:00,16099.47961771154,2,5
2022-07-13,16123.9,16124.95,16108.8,16118.1,09:40:00,16101.805368405678,2,6
2022-07-13,16127.8,16129.3,16117.8,16124.05,09:45:00,16104.281047605138,2,7
2022-07-13,16121.5,16127.65,16118.85,16127.15,09:50:00,16105.92094783322,2,8
2022-07-13,16121.45,16122.7,16114.3,16121.15,09:55:00,16107.399905182438,2,9
2022-07-13,16116.2,16124.8,16109.5,16121.95,10:00:00,16108.238009450775,2,10
2022-07-13,16130.35,16130.35,16116.0,16116.0,10:05:00,16110.343913312608,2,11
2022-07-13,16129.25,16140.0,16129.1,16130.25,10:10:00,16112.144492997122,2,12
2022-07-13,16107.65,16131.55,16107.5,16129.0,10:15:00,16111.716446045017,2,13
2022-07-13,16085.85,16107.55,16084.95,16107.55,10:20:00,16109.25297499311,2,14
2022-07-13,16090.3,16094.8,16083.85,16085.35,10:25:00,16107.44792975567,2,15
2022-07-13,16081.6,16090.45,16076.25,16090.05,10:30:00,16104.986222159892,2,16
2022-07-13,16068.95,16082.25,16064.2,16081.55,10:35:00,16101.554201001809,2,17
2022-07-13,16074.1,16077.65,16067.75,16068.9,10:40:00,16098.93951519211,2,18
2022-07-13,16073.7,16082.75,16072.6,16073.75,10:45:00,16096.535751840482,2,19
2022-07-13,16071.95,16074.7,16056.75,16073.55,10:50:00,16094.194251665198,2,20
2022-07-13,16077.6,16081.6,16071.95,16072.4,10:55:00,16092.613846744704,2,21
2022-07-13,16069.8,16078.85,16069.6,16078.2,11:00:00,16090.441099435684,2,22
2022-07-13,16071.95,16072.8,16065.3,16069.75,11:05:00,16088.68004234657,2,23
2022-07-13,16077.5,16078.5,16072.0,16072.05,11:10:00,16087.6152764088,2,24
2022-07-13,16087.1,16087.8,16075.25,16077.45,11:15:00,16087.566202465105,2,25
2022-07-13,16092.75,16094.1,16082.0,16086.85,11:20:00,16088.059897468427,2,26
2022-07-13,16091.55,16102.7,16091.25,16092.6,11:25:00,16088.39228818572,2,27
2022-07-13,16095.3,16096.3,16086.35,16092.15,11:30:00,16089.050165501363,2,28
2022-07-13,16095.45,16098.75,16092.4,16097.25,11:35:00,16089.659673548853,2,29
2022-07-13,16084.45,16095.95,16081.2,16095.9,11:40:00,16089.163514163249,2,30
2022-07-13,16085.2,16085.65,16076.05,16084.5,11:45:00,16088.786036623893,2,31
2022-07-13,16088.2,16095.0,16085.35,16085.65,11:50:00,16088.730223612092,2,32
2022-07-13,16084.55,16088.95,16077.0,16088.8,11:55:00,16088.332107077607,2,33
2022-07-13,16068.15,16084.45,16068.15,16084.45,12:00:00,16086.410001641643,2,34
2022-07-13,16072.05,16076.3,16066.1,16068.75,12:05:00,16085.042382437676,2,35
2022-07-13,16084.95,16087.4,16071.9,16072.6,12:10:00,16085.033584110275,2,36
2022-07-13,16085.05,16094.8,16082.35,16084.9,12:15:00,16085.035147528346,2,37
2022-07-13,16079.9,16089.85,16075.9,16085.15,12:20:00,16084.54608585898,2,38
2022-07-13,16073.7,16090.3,16073.35,16080.25,12:25:00,16083.513125300982,2,39
2022-07-13,16070.65,16075.05,16064.7,16074.35,12:30:00,16082.288065748508,2,40
2022-07-13,16055.6,16073.9,16054.9,16071.75,12:35:00,16079.74634520103,2,41
2022-07-13,16053.85,16064.15,16050.65,16055.75,12:40:00,16077.280026610457,2,42
2022-07-13,16036.6,16057.0,16033.1,16053.6,12:45:00,16073.405738361842,2,43
2022-07-13,16037.95,16040.9,16030.75,16036.5,12:50:00,16070.029001375,2,44
2022-07-13,16016.1,16038.8,16005.05,16037.4,12:55:00,16064.892906005953,2,45
2022-07-13,16016.9,16022.05,16007.8,16016.25,13:00:00,16060.322153053005,2,46
2022-07-13,16004.6,16018.5,16003.95,16016.95,13:05:00,16055.015281333672,2,47
2022-07-13,16001.75,16006.15,15989.95,16003.75,13:10:00,16049.942397397132,2,48
2022-07-13,16002.9,16008.85,15997.15,16001.9,13:15:00,16045.462169073597,2,49
2022-07-13,16000.6,16006.3,15996.7,16003.65,13:20:00,16041.189581542778,2,50
2022-07-13,15981.65,16001.0,15980.9,16000.15,13:25:00,16035.51914520537,2,51
2022-07-13,15987.15,15987.2,15974.75,15980.85,13:30:00,16030.912559947716,2,52
2022-07-13,15972.55,15996.55,15971.15,15986.85,13:35:00,16025.354220905076,2,53
2022-07-13,15971.05,15978.95,15968.2,15973.9,13:40:00,16020.182390342688,2,54
2022-07-13,15989.3,15990.35,15968.0,15970.75,13:45:00,16017.241210310049,2,55
2022-07-13,15981.05,16003.1,15980.0,15990.8,13:50:00,16013.79442837576,2,56
2022-07-13,15976.8,15983.8,15970.85,15981.3,13:55:00,16010.271149482827,2,57
2022-07-13,15996.85,15997.35,15974.95,15977.1,14:00:00,16008.992944770178,2,58
2022-07-13,15994.8,16007.8,15994.6,15997.55,14:05:00,16007.641235744446,2,59
2022-07-13,15981.8,15997.6,15979.85,15995.1,14:10:00,16005.180165673548,2,60
2022-07-13,15992.85,16003.25,15981.3,15981.65,14:15:00,16004.005864180828,2,61
2022-07-13,15993.15,15997.75,15987.1,15992.8,14:20:00,16002.971972354082,2,62
2022-07-13,15997.7,16007.55,15983.4,15993.5,14:25:00,16002.469879748933,2,63
2022-07-13,15996.4,16003.0,15994.35,15997.75,14:30:00,16001.89179596332,2,64
2022-07-13,15993.65,15997.0,15988.85,15995.85,14:35:00,16001.106863014433,2,65
2022-07-13,15990.15,15996.6,15984.95,15994.3,14:40:00,16000.063352251154,2,66
2022-07-13,15975.9,15994.5,15973.25,15991.1,14:45:00,15997.762080608189,2,67
2022-07-13,15977.95,15987.1,15975.05,15975.95,14:50:00,15995.87521578836,2,68
2022-07-13,15988.5,15988.5,15972.95,15977.75,14:55:00,15995.172814284708,2,69
2022-07-13,15956.6,15993.35,15950.15,15989.6,15:00:00,15991.499212924258,2,70
2022-07-13,15959.7,15965.9,15953.2,15957.15,15:05:00,15988.470716455282,2,71
2022-07-13,15959.8,15961.95,15954.3,15960.55,15:10:00,15985.74017203097,2,72
2022-07-13,15974.05,15975.6,15955.95,15959.75,15:15:00,15984.626822313736,2,73
2022-07-13,15979.15,15979.4,15964.75,15974.35,15:20:00,15984.10522018862,2,74
2022-07-13,15975.75,15982.3,15975.35,15978.7,15:25:00,15983.30948493256,2,75
2022-07-14,16025.7,16031.1,15993.7,16021.95,09:15:00,15987.346676843745,3,1
2022-07-14,16012.65,16041.35,16010.1,16026.9,09:20:00,15989.75651714434,3,2
2022-07-14,16005.4,16015.3,15997.2,16012.9,09:25:00,15991.246372654405,3,3
2022-07-14,16040.55,16047.65,16001.95,16005.5,09:30:00,15995.941956211129,3,4
2022-07-14,16035.95,16049.4,16032.1,16041.0,09:35:00,15999.752246095784,3,5
2022-07-14,16033.3,16044.3,16030.85,16036.0,09:40:00,16002.947270277136,3,6
2022-07-14,16046.4,16047.15,16033.05,16033.05,09:45:00,16007.08562548884,3,7
2022-07-14,16055.05,16058.1,16046.15,16046.95,09:50:00,16011.653661156568,3,8
2022-07-14,16066.3,16070.85,16055.3,16055.3,09:55:00,16016.858074379752,3,9
2022-07-14,16064.05,16067.25,16055.7,16066.1,10:00:00,16021.352543486442,3,10
2022-07-14,16049.6,16066.95,16049.05,16064.2,10:05:00,16024.042777440114,3,11
2022-07-14,16048.5,16049.5,16041.35,16048.7,10:10:00,16026.37203673153,3,12
2022-07-14,16046.05,16052.7,16036.4,16049.15,10:15:00,16028.246128471386,3,13
2022-07-14,16034.5,16048.15,16031.95,16045.9,10:20:00,16028.841735283637,3,14
2022-07-14,16022.3,16036.25,16019.9,16033.9,10:25:00,16028.218712875669,3,15
2022-07-14,16031.1,16033.3,16019.85,16022.5,10:30:00,16028.493121173224,3,16
2022-07-14,16022.05,16036.2,16020.25,16031.9,10:35:00,16027.879490585296,3,17
2022-07-14,16025.05,16025.5,16012.85,16022.3,10:40:00,16027.61001529146,3,18
2022-07-14,16024.45,16026.25,16018.75,16024.85,10:45:00,16027.309061454176,3,19
2022-07-14,16037.65,16038.05,16021.05,16024.55,10:50:00,16028.293912744257,3,20
2022-07-14,16034.25,16041.1,16027.45,16037.35,10:55:00,16028.861159149565,3,21
2022-07-14,16025.0,16041.85,16019.15,16034.15,11:00:00,16028.493429706748,3,22
2022-07-14,16014.4,16026.75,16013.7,16024.75,11:05:00,16027.151198306105,3,23
2022-07-14,16005.65,16016.15,16003.4,16015.0,11:10:00,16025.103465134094,3,24
2022-07-14,15984.3,16005.95,15975.5,16005.95,11:15:00,16021.217420835608,3,25
2022-07-14,15975.3,15988.7,15973.95,15984.7,11:20:00,16016.84433313698,3,26
2022-07-14,15981.95,15989.0,15974.85,15975.75,11:25:00,16013.52106331441,3,27
2022-07-14,15963.05,15984.95,15957.55,15982.35,11:30:00,16008.714295379705,3,28
2022-07-14,15972.55,15972.75,15955.55,15963.25,11:35:00,16005.270076772114,3,29
2022-07-14,15974.35,15983.5,15971.55,15972.25,11:40:00,16002.325307555722,3,30
2022-07-14,15964.65,15974.4,15959.85,15974.4,11:45:00,15998.737183026606,3,31
2022-07-14,15959.4,15971.3,15956.7,15965.6,11:50:00,15994.99078464312,3,32
2022-07-14,15964.1,15964.15,15953.45,15959.55,11:55:00,15992.0488051533,3,33
2022-07-14,15948.15,15963.95,15943.7,15963.95,12:00:00,15987.867966567272,3,34
2022-07-14,15943.75,15951.65,15937.55,15948.0,12:05:00,15983.666255465629,3,35
2022-07-14,15957.45,15959.6,15942.15,15943.45,12:10:00,15981.169469230805,3,36
2022-07-14,15973.85,15976.25,15954.5,15956.3,12:15:00,15980.47237692311,3,37
2022-07-14,15961.6,15978.55,15960.9,15973.4,12:20:00,15978.675007692336,3,38
2022-07-14,15955.45,15963.6,15950.1,15961.25,12:25:00,15976.463102197828,3,39
2022-07-14,15964.85,15972.4,15950.95,15955.3,12:30:00,15975.3570924647,3,40
2022-07-14,15952.4,15964.55,15948.7,15964.55,12:35:00,15973.170702706158,3,41
2022-07-14,15945.2,15958.6,15943.1,15952.2,12:40:00,15970.506826257952,3,42
2022-07-14,15954.7,15959.25,15942.7,15944.85,12:45:00,15969.001414233386,3,43
2022-07-14,15953.8,15962.75,15950.15,15954.9,12:50:00,15967.553660496873,3,44
2022-07-14,15983.0,15985.4,15952.4,15953.25,12:55:00,15969.024740449551,3,45
2022-07-14,15971.65,16002.15,15971.65,15981.9,13:00:00,15969.274765168644,3,46
2022-07-14,15969.05,15983.05,15967.25,15971.0,13:05:00,15969.253358962109,3,47
2022-07-14,15972.45,15975.95,15958.8,15969.0,13:10:00,15969.557800965717,3,48
2022-07-14,15955.5,15972.3,15955.2,15972.3,13:15:00,15968.218962778505,3,49
2022-07-14,15926.55,15957.0,15922.1,15955.2,13:20:00,15964.250490132932,3,50
2022-07-14,15933.65,15934.55,15924.75,15926.2,13:25:00,15961.33615773932,3,51
2022-07-14,15927.55,15941.95,15922.4,15932.85,13:30:00,15958.118428430813,3,52
2022-07-14,15930.9,15933.45,15919.4,15927.25,13:35:00,15955.526197151688,3,53
2022-07-14,15928.8,15932.1,15919.05,15929.2,13:40:00,15952.980845042002,3,54
2022-07-14,15938.3,15943.85,15929.45,15929.85,13:45:00,15951.582669323716,3,55
2022-07-14,15922.4,15940.45,15917.1,15939.5,13:50:00,15948.803367483362,3,56
2022-07-14,15906.3,15921.15,15905.95,15920.8,13:55:00,15944.755427723045,3,57
2022-07-14,15900.35,15905.75,15893.25,15905.15,14:00:00,15940.526339368467,3,58
2022-07-14,15907.95,15920.9,15900.8,15900.8,14:05:00,15937.423830857186,3,59
2022-07-14,15872.3,15908.75,15871.35,15908.3,14:10:00,15931.22156125174,3,60
2022-07-14,15888.25,15889.5,15870.9,15872.4,14:15:00,15927.129031608716,3,61
2022-07-14,15867.1,15888.3,15861.6,15888.3,14:20:00,15921.411980979314,3,62
2022-07-14,15871.95,15880.2,15858.2,15866.2,14:25:00,15916.70131612414,3,63
2022-07-14,15892.45,15892.45,15868.1,15872.85,14:30:00,15914.391666969464,3,64
2022-07-14,15908.25,15913.35,15888.65,15893.5,14:35:00,15913.806746305703,3,65
2022-07-14,15904.7,15915.8,15902.4,15908.7,14:40:00,15912.939437133731,3,66
2022-07-14,15895.5,15906.0,15891.9,15904.35,14:45:00,15911.278538359093,3,67
2022-07-14,15884.9,15901.1,15883.2,15895.4,14:50:00,15908.766296610607,3,68
2022-07-14,15898.45,15900.7,15883.25,15884.65,14:55:00,15907.783792171502,3,69
2022-07-14,15925.4,15928.9,15898.35,15898.35,15:00:00,15909.461526250408,3,70
2022-07-14,15937.35,15937.35,15923.1,15925.55,15:05:00,15912.117571369416,3,71
2022-07-14,15942.5,15954.8,15938.7,15938.7,15:10:00,15915.0111360009,3,72
2022-07-14,15949.45,15949.8,15934.5,15942.55,15:15:00,15918.29102781034,3,73
2022-07-14,15952.1,15952.7,15944.4,15950.05,15:20:00,15921.51092992364,3,74
2022-07-14,15947.95,15955.1,15942.05,15951.8,15:25:00,15924.02893659758,3,75
2022-07-15,16022.7,16041.25,15994.45,15994.45,09:15:00,15933.426180731143,4,1
2022-07-15,16006.9,16029.55,16004.4,16022.9,09:20:00,15940.42368732818,4,2
2022-07-15,15986.45,16012.0,15983.55,16007.45,09:25:00,15944.807145677876,4,3
2022-07-15,15983.9,16002.1,15982.85,15986.15,09:30:00,15948.530274660936,4,4
2022-07-15,15977.2,15995.95,15976.2,15983.6,09:35:00,15951.260724693228,4,5
2022-07-15,15980.45,15984.65,15970.75,15977.85,09:40:00,15954.040655674826,4,6
2022-07-15,15984.2,15994.6,15980.2,15980.65,09:45:00,15956.912974181983,4,7
2022-07-15,15979.2,15983.8,15970.3,15983.8,09:50:00,15959.035548069416,4,8
2022-07-15,15977.05,15981.8,15970.55,15979.4,09:55:00,15960.751210158043,4,9
2022-07-15,15967.95,15985.85,15961.7,15976.85,10:00:00,15961.43680919061,4,10
2022-07-15,15974.7,15974.85,15967.25,15968.05,10:05:00,15962.699970220076,4,11
2022-07-15,15989.95,15992.6,15974.15,15975.15,10:10:00,15965.295211151495,4,12
2022-07-15,15997.15,16002.4,15985.3,15990.95,10:15:00,15968.32900056564,4,13
2022-07-15,15979.7,15998.25,15979.0,15997.05,10:20:00,15969.411952892722,4,14
2022-07-15,15974.35,15984.6,15973.25,15979.15,10:25:00,15969.882243093416,4,15
2022-07-15,15976.85,15980.7,15973.3,15973.6,10:30:00,15970.54583898928,4,16
2022-07-15,15985.6,15988.85,15974.9,15977.4,10:35:00,15971.97956860935,4,17
2022-07-15,15982.4,15986.45,15981.5,15985.65,10:40:00,15972.971990646554,4,18
2022-07-15,15967.65,15982.4,15967.45,15982.1,10:45:00,15972.465134394502,4,19
2022-07-15,15969.65,15970.45,15959.35,15967.25,10:50:00,15972.197026356933,4,20
2022-07-15,15976.6,15981.0,15966.3,15970.1,10:55:00,15972.61635718008,4,21
2022-07-15,15950.5,15976.9,15950.3,15976.65,11:00:00,15970.510037448645,4,22
2022-07-15,15940.8,15956.0,15940.5,15950.25,11:05:00,15967.680510072583,4,23
2022-07-15,15946.4,15948.2,15934.9,15939.4,11:10:00,15965.653794827576,4,24
2022-07-15,15954.95,15957.6,15944.85,15946.25,11:15:00,15964.634385796378,4,25
2022-07-15,15957.05,15958.15,15951.15,15953.45,11:20:00,15963.91206333958,4,26
2022-07-15,15959.05,15963.7,15954.05,15956.8,11:25:00,15963.449009688193,4,27
2022-07-15,15966.45,15967.15,15956.4,15958.85,11:30:00,15963.734818289318,4,28
2022-07-15,15967.75,15974.65,15966.35,15966.9,11:35:00,15964.117216547478,4,29
2022-07-15,15965.3,15968.45,15963.35,15967.1,11:40:00,15964.229862590577,4,30
2022-07-15,15981.0,15984.8,15965.7,15965.7,11:45:00,15965.82701853433,4,31
2022-07-15,15981.65,15983.5,15973.85,15981.25,11:50:00,15967.333969150108,4,32
2022-07-15,15974.75,15982.4,15970.15,15982.4,11:55:00,15968.04025780248,4,33
2022-07-15,15954.4,15976.75,15954.3,15975.05,12:00:00,15966.741185630815,4,34
2022-07-15,15940.1,15954.9,15939.1,15954.1,12:05:00,15964.203929856452,4,35
2022-07-15,15949.35,15952.45,15935.9,15939.0,12:10:00,15962.789269870123,4,36
2022-07-15,15944.75,15957.65,15941.05,15949.45,12:15:00,15961.071244168206,4,37
2022-07-15,15942.85,15948.4,15940.8,15944.25,12:20:00,15959.33588758076,4,38
2022-07-15,15947.15,15948.9,15927.3,15942.55,12:25:00,15958.175326858782,4,39
2022-07-15,15957.75,15958.15,15945.35,15946.25,12:30:00,15958.134819538898,4,40
2022-07-15,15951.9,15959.55,15940.8,15957.35,12:35:00,15957.54102720186,4,41
2022-07-15,15946.05,15956.9,15937.8,15951.55,12:40:00,15956.446643658825,4,42
2022-07-15,15968.8,15969.4,15945.65,15945.7,12:45:00,15957.623153786555,4,43
2022-07-15,15971.6,15974.2,15963.9,15968.45,12:50:00,15958.95428199736,4,44
2022-07-15,15967.6,15972.2,15961.95,15972.2,12:55:00,15959.777683711898,4,45
2022-07-15,15964.15,15979.65,15962.6,15969.05,13:00:00,15960.194094786955,4,46
2022-07-15,15979.9,15982.3,15964.45,15964.55,13:05:00,15962.070847664389,4,47
2022-07-15,15979.5,15983.05,15970.6,15979.65,13:10:00,15963.730766934446,4,48
2022-07-15,15971.25,15986.5,15968.0,15980.05,13:15:00,15964.44688436926,4,49
2022-07-15,15967.65,15973.2,15964.2,15971.65,13:20:00,15964.75194300076,4,50
2022-07-15,15973.9,15976.2,15966.85,15968.2,13:25:00,15965.623186524495,4,51
2022-07-15,15949.15,15975.15,15948.85,15973.3,13:30:00,15964.0543116174,4,52
2022-07-15,15960.9,15961.75,15948.9,15949.45,13:35:00,15963.753900987173,4,53
2022-07-15,15951.4,15965.25,15951.2,15960.95,13:40:00,15962.577338988394,4,54
2022-07-15,15952.55,15957.65,15945.1,15951.95,13:45:00,15961.622354322832,4,55
2022-07-15,15967.95,15968.3,15950.7,15952.3,13:50:00,15962.224987244466,4,56
2022-07-15,15973.1,15976.65,15966.15,15967.75,13:55:00,15963.260702744994,4,57
2022-07-15,15962.35,15976.1,15959.15,15973.55,14:00:00,15963.173969150232,4,58
2022-07-15,15971.65,15974.55,15962.65,15962.75,14:05:00,15963.981210183543,4,59
2022-07-15,15992.25,15992.25,15971.35,15971.75,14:10:00,15966.67347588035,4,60
2022-07-15,15999.0,16000.85,15987.9,15993.65,14:15:00,15969.752192463176,4,61
2022-07-15,16003.35,16006.35,15990.95,15999.2,14:20:00,15972.951983657158,4,62
2022-07-15,16001.8,16006.1,15996.05,16002.5,14:25:00,15975.699413785049,4,63
2022-07-15,16003.45,16009.4,15999.75,16002.15,14:30:00,15978.342326757902,4,64
2022-07-15,16025.55,16026.5,15999.6,16003.3,14:35:00,15982.8382956381,4,65
2022-07-15,16017.85,16029.2,16013.05,16025.8,14:40:00,15986.172743672569,4,66
2022-07-15,16002.1,16020.65,16001.3,16018.15,14:45:00,15987.68962522756,4,67
2022-07-15,16006.05,16009.6,15998.65,16002.85,14:50:00,15989.438232348744,4,68
2022-07-15,16016.8,16018.8,16006.0,16006.1,14:55:00,15992.044114982196,4,69
2022-07-15,16043.5,16044.3,16016.55,16016.55,15:00:00,15996.944675460085,4,70
2022-07-15,16049.3,16054.3,16042.15,16043.7,15:05:00,16001.930896844837,4,71
2022-07-15,16053.25,16053.25,16045.9,16049.7,15:10:00,16006.81843047866,4,72
2022-07-15,16052.95,16066.95,16052.9,16052.9,15:15:00,16011.211913290215,4,73
2022-07-15,16055.95,16059.1,16044.1,16053.05,15:20:00,16015.472683453054,4,74
2022-07-15,16052.85,16061.75,16049.3,16055.8,15:25:00,16019.032427886095,4,75
2022-07-18,16180.65,16199.7,16142.2,16152.3,09:15:00,16034.424577611231,0,1
2022-07-18,16173.9,16186.15,16171.35,16181.15,09:20:00,16047.707951172066,0,2
2022-07-18,16172.4,16176.6,16162.75,16174.05,09:25:00,16059.583384393774,0,3
2022-07-18,16185.15,16190.65,16172.15,16172.65,09:30:00,16071.542109689606,0,4
2022-07-18,16168.25,16187.1,16167.7,16184.6,09:35:00,16080.752384957264,0,5
2022-07-18,16169.5,16174.9,16160.75,16168.95,09:40:00,16089.204538770857,0,6
2022-07-18,16164.0,16178.8,16164.0,16168.3,09:45:00,16096.327916030774,0,7
2022-07-18,16162.45,16174.45,16162.45,16164.1,09:50:00,16102.625257361176,0,8
2022-07-18,16173.95,16173.95,16160.6,16163.35,09:55:00,16109.418089993444,0,9
2022-07-18,16169.35,16176.95,16167.05,16173.75,10:00:00,16115.125890946452,0,10
2022-07-18,16188.05,16190.1,16169.3,16169.65,10:05:00,16122.071044189648,0,11
2022-07-18,16184.8,16190.65,16178.25,16187.05,10:10:00,16128.0452304573,0,12
2022-07-18,16174.35,16191.45,16173.4,16185.9,10:15:00,16132.455208508984,0,13
2022-07-18,16178.45,16184.1,16171.3,16174.15,10:20:00,16136.835664841465,0,14
2022-07-18,16185.5,16185.9,16176.3,16178.85,10:25:00,16141.47036342799,0,15
2022-07-18,16178.05,16189.8,16175.1,16186.1,10:30:00,16144.95413833961,0,16
2022-07-18,16176.5,16180.95,16173.75,16177.9,10:35:00,16147.95850611679,0,17
2022-07-18,16185.8,16186.4,16176.7,16176.7,10:40:00,16151.562457915192,0,18
2022-07-18,16183.6,16190.95,16183.3,16184.8,10:45:00,16154.61365239946,0,19
2022-07-18,16200.65,16201.05,16181.55,16183.25,10:50:00,16158.998066456654,0,20
2022-07-18,16212.3,16212.55,16200.0,16200.0,10:55:00,16164.074441079829,0,21
2022-07-18,16210.95,16214.65,16206.1,16213.3,11:00:00,16168.538780024606,0,22
2022-07-18,16212.85,16217.0,16205.5,16210.9,11:05:00,16172.75889621274,0,23
2022-07-18,16210.7,16213.65,16206.3,16212.55,11:10:00,16176.37233466867,0,24
2022-07-18,16213.95,16214.8,16207.05,16211.15,11:15:00,16179.95115993832,0,25
2022-07-18,16217.9,16220.4,16212.95,16213.6,11:20:00,16183.565335182288,0,26
2022-07-18,16211.75,16218.4,16207.55,16218.4,11:25:00,16186.249588974451,0,27
2022-07-18,16208.35,16215.75,16207.1,16211.4,11:30:00,16188.354390024504,0,28
2022-07-18,16208.0,16209.0,16202.4,16207.7,11:35:00,16190.22540049836,0,29
2022-07-18,16205.35,16209.2,16202.8,16208.2,11:40:00,16191.665838546136,0,30
2022-07-18,16211.95,16213.4,16202.4,16205.55,11:45:00,16193.597663446504,0,31
2022-07-18,16202.65,16213.9,16202.0,16212.0,11:50:00,16194.459790737314,0,32
2022-07-18,16202.2,16203.6,16191.75,16202.35,11:55:00,16195.196953524235,0,33
2022-07-18,16205.65,16206.5,16201.3,16201.9,12:00:00,16196.192481760025,0,34
2022-07-18,16210.75,16211.45,16202.65,16205.35,12:05:00,16197.578912068591,0,35
2022-07-18,16216.2,16218.75,16210.8,16211.5,12:10:00,16199.35234901444,0,36
2022-07-18,16226.85,16227.2,16215.55,16216.55,12:15:00,16201.971172917823,0,37
2022-07-18,16214.55,16227.35,16213.9,16227.25,12:20:00,16203.16915644946,0,38
2022-07-18,16219.9,16221.05,16212.4,16214.45,12:25:00,16204.762570120942,0,39
2022-07-18,16212.15,16220.2,16211.35,16220.2,12:30:00,16205.466134871329,0,40
2022-07-18,16214.5,16218.85,16210.5,16211.75,12:35:00,16206.326502978822,0,41
2022-07-18,16219.6,16221.35,16214.7,16214.7,12:40:00,16207.590645552267,0,42
2022-07-18,16215.6,16225.6,16214.65,16218.3,12:45:00,16208.353441213956,0,43
2022-07-18,16224.25,16227.75,16213.25,16215.95,12:50:00,16209.86739919358,0,44
2022-07-18,16226.15,16226.85,16216.5,16224.05,12:55:00,16211.418123079906,0,45
2022-07-18,16223.15,16227.8,16221.65,16226.8,13:00:00,16212.535444691342,0,46
2022-07-18,16214.5,16223.25,16214.2,16222.85,13:05:00,16212.72254519693,0,47
2022-07-18,16218.95,16220.9,16210.6,16214.2,13:10:00,16213.315636130556,0,48
2022-07-18,16218.4,16221.85,16216.3,16219.1,13:15:00,16213.79986126098,0,49
2022-07-18,16209.45,16220.85,16207.25,16217.8,13:20:00,16213.385588759931,0,50
2022-07-18,16204.75,16210.9,16203.0,16210.5,13:25:00,16212.563151735176,0,51
2022-07-18,16209.9,16210.4,16197.05,16204.8,13:30:00,16212.309518236589,0,52
2022-07-18,16214.8,16214.8,16206.4,16209.3,13:35:00,16212.54670697596,0,53
2022-07-18,16216.55,16219.05,16209.7,16214.4,13:40:00,16212.927972978248,0,54
2022-07-18,16218.25,16220.75,16214.65,16217.05,13:45:00,16213.434832694606,0,55
2022-07-18,16218.4,16223.15,16215.75,16218.35,13:50:00,16213.90770577131,0,56
2022-07-18,16234.85,16238.8,16217.65,16218.8,13:55:00,16215.902209983566,0,57
2022-07-18,16228.4,16237.9,16226.4,16235.1,14:00:00,16217.092475699415,0,58
2022-07-18,16233.6,16234.8,16223.05,16228.9,14:05:00,16218.6646208709,0,59
2022-07-18,16232.5,16236.0,16231.4,16233.0,14:10:00,16219.982276026052,0,60
2022-07-18,16230.4,16236.6,16230.2,16232.65,14:15:00,16220.974440214048,0,61
2022-07-18,16239.4,16241.2,16227.0,16230.35,14:20:00,16222.729255431756,0,62
2022-07-18,16237.4,16243.25,16235.8,16239.55,14:25:00,16224.12646920016,0,63
2022-07-18,16240.15,16246.85,16236.65,16237.3,14:30:00,16225.652519752526,0,64
2022-07-18,16235.7,16240.05,16229.7,16240.05,14:35:00,16226.609422633235,0,65
2022-07-18,16246.2,16246.45,16233.25,16235.2,14:40:00,16228.475191906262,0,66
2022-07-18,16251.3,16252.25,16243.45,16246.55,14:45:00,16230.648983153284,0,67
2022-07-18,16262.9,16263.6,16249.4,16251.35,14:50:00,16233.72050856726,0,68
2022-07-18,16256.05,16262.8,16253.15,16261.8,14:55:00,16235.847126798948,0,69
2022-07-18,16276.65,16281.65,16255.9,16255.9,15:00:00,16239.733114722858,0,70
2022-07-18,16280.85,16282.25,16273.45,16276.85,15:05:00,16243.649008558776,0,71
2022-07-18,16271.05,16284.15,16270.05,16280.95,15:10:00,16246.258626791274,0,72
2022-07-18,16285.0,16285.7,16266.4,16271.7,15:15:00,16249.948281382582,0,73
2022-07-18,16284.0,16287.95,16277.9,16285.05,15:20:00,16253.191302203288,0,74
2022-07-18,16281.4,16286.4,16276.65,16283.7,15:25:00,16255.877844850596,0,75
2022-07-19,16239.75,16243.1,16194.75,16205.55,09:15:00,16254.341859626727,1,1
2022-07-19,16251.6,16253.35,16233.0,16239.5,09:20:00,16254.080730138468,1,2
2022-07-19,16257.7,16259.05,16244.55,16251.75,09:25:00,16254.425422506232,1,3
2022-07-19,16253.25,16267.3,16251.3,16257.8,09:30:00,16254.31347750564,1,4
2022-07-19,16241.95,16253.6,16240.35,16253.6,09:35:00,16253.136003457485,1,5
2022-07-19,16264.55,16268.35,16240.7,16242.05,09:40:00,16254.223050747249,1,6
2022-07-19,16270.45,16279.0,16264.0,16264.7,09:45:00,16255.768474485603,1,7
2022-07-19,16284.6,16288.6,16270.65,16271.2,09:50:00,16258.514334058404,1,8
2022-07-19,16276.8,16284.25,16266.15,16284.25,09:55:00,16260.25582605284,1,9
2022-07-19,16277.9,16279.6,16271.05,16277.8,10:00:00,16261.936223571618,1,10
2022-07-19,16286.7,16288.05,16267.05,16277.55,10:05:00,16264.29467846956,1,11
2022-07-19,16294.9,16298.0,16286.55,16287.0,10:10:00,16267.209470996268,1,12
2022-07-19,16287.2,16295.4,16285.5,16294.75,10:15:00,16269.113330901384,1,13
2022-07-19,16291.45,16293.2,16275.75,16287.55,10:20:00,16271.2406327203,1,14
2022-07-19,16284.1,16292.1,16281.45,16290.7,10:25:00,16272.465334365985,1,15
2022-07-19,16288.2,16289.1,16277.55,16284.2,10:30:00,16273.963873950175,1,16
2022-07-19,16296.7,16296.85,16287.6,16287.85,10:35:00,16276.129219288254,1,17
2022-07-19,16303.8,16305.95,16297.2,16297.65,10:40:00,16278.764531736992,1,18
2022-07-19,16310.0,16310.35,16294.65,16303.7,10:45:00,16281.73933823823,1,19
2022-07-19,16306.05,16310.4,16303.05,16310.4,10:50:00,16284.0546393584,1,20
2022-07-19,16314.1,16315.65,16304.95,16306.15,10:55:00,16286.916102276648,1,21
2022-07-19,16314.45,16316.3,16310.15,16314.95,11:00:00,16289.5383782503,1,22
2022-07-19,16320.45,16322.0,16313.5,16314.85,11:05:00,16292.482342226462,1,23
2022-07-19,16323.2,16328.65,16319.85,16320.65,11:10:00,16295.40783344299,1,24
2022-07-19,16307.3,16323.3,16306.6,16323.3,11:15:00,16296.540420734134,1,25
2022-07-19,16314.5,16317.0,16307.4,16307.4,11:20:00,16298.250856854693,1,26
2022-07-19,16288.65,16314.6,16288.65,16314.6,11:25:00,16297.336489535195,1,27
2022-07-19,16295.35,16299.65,16284.8,16288.1,11:30:00,16297.147300055654,1,28
2022-07-19,16293.1,16295.9,16283.9,16295.75,11:35:00,16296.761842907496,1,29
2022-07-19,16268.5,16293.55,16268.5,16293.15,11:40:00,16294.070238821068,1,30
2022-07-19,16265.15,16276.25,16255.15,16268.6,11:45:00,16291.315930361918,1,31
2022-07-19,16267.45,16273.6,16262.7,16264.7,11:50:00,16289.042984613165,1,32
2022-07-19,16281.65,16282.2,16262.35,16267.55,11:55:00,16288.33889084048,1,33
2022-07-19,16289.45,16290.85,16280.8,16281.0,12:00:00,16288.444710760436,1,34
2022-07-19,16289.8,16295.95,16288.0,16289.55,12:05:00,16288.573785926108,1,35
2022-07-19,16304.65,16306.9,16288.45,16289.75,12:10:00,16290.104853933146,1,36
2022-07-19,16305.25,16311.0,16303.35,16303.85,12:15:00,16291.547248796656,1,37
2022-07-19,16309.45,16312.45,16298.3,16303.8,12:20:00,16293.252272720783,1,38
2022-07-19,16306.15,16310.45,16297.85,16309.1,12:25:00,16294.480627699755,1,39
2022-07-19,16315.7,16321.35,16297.5,16306.2,12:30:00,16296.50152029978,1,40
2022-07-19,16314.55,16322.25,16313.3,16315.6,12:35:00,16298.220423128372,1,41
2022-07-19,16314.9,16321.85,16311.6,16314.6,12:40:00,16299.808954259002,1,42
2022-07-19,16315.4,16321.3,16310.3,16315.25,12:45:00,16301.293815758145,1,43
2022-07-19,16300.95,16315.95,16300.25,16315.8,12:50:00,16301.261071400228,1,44
2022-07-19,16313.15,16314.65,16300.75,16300.75,12:55:00,16302.39335031449,1,45
2022-07-19,16294.8,16314.25,16293.6,16313.25,13:00:00,16301.670174094064,1,46
2022-07-19,16289.9,16297.9,16285.4,16294.1,13:05:00,16300.549205132722,1,47
2022-07-19,16272.55,16289.95,16269.05,16289.95,13:10:00,16297.8826141677,1,48
2022-07-19,16282.35,16283.95,16265.85,16271.8,13:15:00,16296.403317580302,1,49
2022-07-19,16279.8,16285.5,16277.75,16281.85,13:20:00,16294.82204923932,1,50
2022-07-19,16280.65,16281.8,16268.55,16279.95,13:25:00,16293.472330264149,1,51
2022-07-19,16282.9,16291.8,16275.95,16280.45,13:30:00,16292.465441667562,1,52
2022-07-19,16292.8,16293.6,16278.9,16283.2,13:35:00,16292.49730436589,1,53
2022-07-19,16296.8,16301.2,16292.15,16292.65,13:40:00,16292.907084902472,1,54
2022-07-19,16298.05,16299.6,16289.25,16297.2,13:45:00,16293.396886340332,1,55
2022-07-19,16297.25,16300.95,16293.0,16298.2,13:50:00,16293.763849546014,1,56
2022-07-19,16302.65,16307.05,16291.55,16296.85,13:55:00,16294.61014958925,1,57
2022-07-19,16311.6,16311.6,16300.5,16301.6,14:00:00,16296.228230580751,1,58
2022-07-19,16310.8,16315.0,16307.55,16311.9,14:05:00,16297.616018144488,1,59
2022-07-19,16298.3,16310.65,16298.3,16310.1,14:10:00,16297.681159273585,1,60
2022-07-19,16303.1,16308.25,16279.25,16297.95,14:15:00,16298.197239342766,1,61
2022-07-19,16304.65,16308.0,16300.05,16303.0,14:20:00,16298.811787976789,1,62
2022-07-19,16321.95,16325.7,16302.85,16304.3,14:25:00,16301.015427217097,1,63
2022-07-19,16331.1,16332.05,16319.45,16321.8,14:30:00,16303.880624624991,1,64
2022-07-19,16339.0,16343.05,16329.6,16331.3,14:35:00,16307.22532704166,1,65
2022-07-19,16334.95,16347.9,16331.4,16338.15,14:40:00,16309.865772085312,1,66
2022-07-19,16337.35,16337.75,16330.1,16333.85,14:45:00,16312.483317600996,1,67
2022-07-19,16349.75,16351.1,16332.85,16337.2,14:50:00,16316.03252544852,1,68
2022-07-19,16342.75,16351.5,16339.15,16348.85,14:55:00,16318.577046834376,1,69
2022-07-19,16351.8,16352.35,16340.05,16342.35,15:00:00,16321.741137612054,1,70
2022-07-19,16355.05,16355.9,16346.8,16352.15,15:05:00,16324.91341022043,1,71
2022-07-19,16350.55,16359.5,16350.2,16355.25,15:10:00,16327.354990199436,1,72
2022-07-19,16328.8,16351.65,16323.75,16349.9,15:15:00,16327.492610180445,1,73
2022-07-19,16331.55,16339.6,16327.45,16327.95,15:20:00,16327.879028258496,1,74
2022-07-19,16329.3,16335.7,16327.7,16331.85,15:25:00,16328.014358900544,1,75
2022-07-20,16521.75,16565.45,16501.55,16565.45,09:15:00,16346.465372338587,2,1
2022-07-20,16514.4,16525.25,16506.85,16521.65,09:20:00,16362.459146401578,2,2
2022-07-20,16528.5,16529.5,16510.85,16514.5,09:25:00,16378.27256103,2,3
2022-07-20,16526.0,16535.9,16521.5,16529.8,09:30:00,16392.341840931906,2,4
2022-07-20,16524.8,16532.9,16519.25,16526.05,09:35:00,16404.956903700295,2,5
2022-07-20,16538.8,16542.45,16523.95,16524.6,09:40:00,16417.703865252646,2,6
2022-07-20,16534.05,16546.25,16532.0,16539.15,09:45:00,16428.7844495143,2,7
2022-07-20,16531.85,16540.4,16530.75,16534.45,09:50:00,16438.600216227223,2,8
2022-07-20,16523.25,16537.75,16522.15,16530.75,09:55:00,16446.66210039606,2,9
2022-07-20,16527.8,16531.1,16521.8,16522.55,10:00:00,16454.38951940596,2,10
2022-07-20,16526.45,16533.45,16520.3,16527.65,10:05:00,16461.252422319678,2,11
2022-07-20,16542.45,16546.35,16524.15,16525.3,10:10:00,16468.985524955897,2,12
2022-07-20,16536.7,16543.7,16530.35,16543.1,10:15:00,16475.434522579144,2,13
2022-07-20,16541.85,16546.45,16529.2,16535.9,10:20:00,16481.759806143036,2,14
2022-07-20,16540.1,16545.35,16536.05,16542.55,10:25:00,16487.316015081793,2,15
2022-07-20,16539.25,16542.55,16530.05,16539.3,10:30:00,16492.262108883526,2,16
2022-07-20,16548.55,16553.0,16538.6,16539.6,10:35:00,16497.62286041843,2,17
2022-07-20,16549.1,16549.1,16541.15,16548.9,10:40:00,16502.525445140483,2,18
2022-07-20,16548.35,16549.65,16543.8,16549.0,10:45:00,16506.889688460436,2,19
2022-07-20,16553.65,16554.3,16545.35,16548.1,10:50:00,16511.343051464206,2,20
2022-07-20,16555.85,16556.7,16550.2,16553.25,10:55:00,16515.581808467614,2,21
2022-07-20,16554.7,16558.05,16553.7,16555.9,11:00:00,16519.307350518317,2,22
2022-07-20,16563.95,16567.45,16553.9,16554.75,11:05:00,16523.559031421333,2,23
2022-07-20,16563.25,16568.9,16562.3,16562.85,11:10:00,16527.33912366692,2,24
2022-07-20,16564.35,16567.55,16558.9,16563.05,11:15:00,16530.863969031976,2,25
2022-07-20,16559.7,16566.3,16556.05,16564.1,11:20:00,16533.610257695596,2,26
2022-07-20,16560.9,16561.75,16551.25,16558.8,11:25:00,16536.209280772207,2,27
2022-07-20,16560.15,16565.65,16558.4,16560.4,11:30:00,16538.489349270094,2,28
2022-07-20,16555.45,16562.65,16553.7,16560.45,11:35:00,16540.10464933961,2,29
2022-07-20,16559.95,16561.75,16552.65,16554.65,11:40:00,16541.99468273584,2,30
2022-07-20,16546.75,16560.65,16544.2,16559.8,11:45:00,16542.44757009433,2,31
2022-07-20,16539.25,16547.0,16539.25,16547.0,11:50:00,16542.143039609156,2,32
2022-07-20,16552.15,16552.15,16533.85,16539.35,11:55:00,16543.096083455905,2,33
2022-07-20,16553.15,16554.3,16547.95,16552.75,12:00:00,16544.053599317245,2,34
2022-07-20,16551.6,16554.15,16549.4,16553.2,12:05:00,16544.772304144175,2,35
2022-07-20,16557.45,16557.45,16550.1,16551.75,12:10:00,16545.979703749494,2,36
2022-07-20,16563.9,16565.7,16556.35,16556.85,12:15:00,16547.686398630496,2,37
2022-07-20,16569.05,16570.2,16562.35,16564.1,12:20:00,16549.721027332354,2,38
2022-07-20,16571.75,16572.45,16565.65,16568.3,12:25:00,16551.819024729273,2,39
2022-07-20,16577.15,16577.5,16560.2,16572.0,12:30:00,16554.231498564583,2,40
2022-07-20,16577.2,16580.2,16574.35,16577.65,12:35:00,16556.418974891767,2,41
2022-07-20,16580.1,16583.5,16574.9,16577.4,12:40:00,16558.67431061636,2,42
2022-07-20,16585.55,16588.0,16575.75,16580.8,12:45:00,16561.233900081468,2,43
2022-07-20,16579.35,16586.55,16577.9,16586.35,12:50:00,16562.95924293085,2,44
2022-07-20,16581.05,16582.6,16570.3,16578.7,12:55:00,16564.682172175533,2,45
2022-07-20,16564.9,16582.4,16562.6,16580.9,13:00:00,16564.702917682625,2,46
2022-07-20,16546.85,16566.25,16545.8,16565.1,13:05:00,16563.002639808088,2,47
2022-07-20,16530.4,16555.35,16530.4,16545.6,13:10:00,16559.89762649303,2,48
2022-07-20,16540.55,16540.8,16522.05,16530.65,13:15:00,16558.05499539846,2,49
2022-07-20,16542.75,16550.1,16535.3,16540.1,13:20:00,16556.597376789083,2,50
2022-07-20,16551.25,16557.3,16542.55,16542.55,13:25:00,16556.08810280917,2,51
2022-07-20,16550.45,16557.55,16548.1,16551.65,13:30:00,16555.551140636868,2,52
2022-07-20,16556.0,16558.5,16545.4,16550.7,13:35:00,16555.59388914764,2,53
2022-07-20,16555.95,16567.0,16555.95,16556.1,13:40:00,16555.627804466912,2,54
2022-07-20,16552.3,16559.25,16550.15,16555.9,13:45:00,16555.31087070816,2,55
2022-07-20,16554.25,16559.2,16551.75,16552.2,13:50:00,16555.20983540262,2,56
2022-07-20,16559.25,16559.25,16543.4,16554.2,13:55:00,16555.594612983325,2,57
2022-07-20,16560.45,16565.0,16557.0,16559.45,14:00:00,16556.057030794436,2,58
2022-07-20,16545.35,16561.2,16545.35,16560.0,14:05:00,16555.03731357592,2,59
2022-07-20,16547.05,16549.85,16536.2,16544.5,14:10:00,16554.276617044878,2,60
2022-07-20,16530.7,16547.8,16530.3,16547.45,14:15:00,16552.031224945364,2,61
2022-07-20,16524.8,16534.85,16521.5,16530.85,14:20:00,16549.43777495057,2,62
2022-07-20,16527.65,16528.15,16516.5,16523.6,14:25:00,16547.3627487648,2,63
2022-07-20,16542.65,16545.65,16525.4,16527.05,14:30:00,16546.913915549107,2,64
2022-07-20,16536.9,16545.75,16536.9,16541.9,14:35:00,16545.960209306333,2,65
2022-07-20,16519.75,16541.65,16519.3,16537.3,14:40:00,16543.463998896208,2,66
2022-07-20,16532.9,16533.0,16515.55,16520.5,14:45:00,16542.457903763236,2,67
2022-07-20,16529.55,16537.1,16524.95,16533.5,14:50:00,16541.228579595307,2,68
2022-07-20,16524.35,16532.35,16522.55,16530.0,14:55:00,16539.621095824325,2,69
2022-07-20,16531.05,16542.4,16521.95,16524.1,15:00:00,16538.80480098391,2,70
2022-07-20,16534.4,16542.35,16530.75,16530.9,15:05:00,16538.3852961283,2,71
2022-07-20,16516.2,16536.85,16516.2,16534.6,15:10:00,16536.27241078275,2,72
2022-07-20,16511.7,16521.9,16510.65,16515.8,15:15:00,16533.93218118439,2,73
2022-07-20,16509.0,16516.3,16506.1,16511.2,15:20:00,16531.55768773826,2,74
2022-07-20,16495.8,16508.5,16490.95,16506.75,15:25:00,16528.15219366795,2,75
2022-07-21,16513.75,16523.7,16483.9,16523.7,09:15:00,16526.780556175763,3,1
2022-07-21,16513.6,16515.6,16501.7,16512.6,09:20:00,16525.525265111406,3,2
2022-07-21,16515.1,16523.0,16505.2,16513.55,09:25:00,16524.532382719844,3,3
2022-07-21,16526.6,16538.3,16512.4,16514.95,09:30:00,16524.729298651288,3,4
2022-07-21,16526.8,16529.0,16519.4,16527.15,09:35:00,16524.926508303546,3,5
2022-07-21,16533.7,16533.7,16521.7,16525.8,09:40:00,16525.762078941305,3,6
2022-07-21,16548.25,16549.05,16533.3,16533.3,09:45:00,16527.9037857088,3,7
2022-07-21,16551.6,16553.25,16538.7,16548.4,09:50:00,16530.16056802225,3,8
2022-07-21,16556.95,16562.55,16552.55,16552.65,09:55:00,16532.71194249632,3,9
2022-07-21,16565.8,16565.9,16556.4,16556.9,10:00:00,16535.863186068098,3,10
2022-07-21,16568.9,16570.8,16552.35,16564.95,10:05:00,16539.009549299706,3,11
2022-07-21,16573.0,16576.05,16567.85,16567.95,10:10:00,16542.246735080687,3,12
2022-07-21,16573.85,16578.45,16567.25,16574.1,10:15:00,16545.256569834906,3,13
2022-07-21,16570.75,16575.45,16567.2,16574.55,10:20:00,16547.684515564917,3,14
2022-07-21,16562.95,16571.35,16560.5,16570.5,10:25:00,16549.138371225403,3,15
2022-07-21,16559.8,16563.85,16554.1,16562.8,10:30:00,16550.15376444203,3,16
2022-07-21,16556.6,16564.5,16553.7,16560.5,10:35:00,16550.76769163803,3,17
2022-07-21,16557.75,16562.45,16552.45,16556.4,10:40:00,16551.43267338679,3,18
2022-07-21,16566.45,16567.25,16558.05,16558.05,10:45:00,16552.862894969,3,19
2022-07-21,16571.1,16571.1,16563.9,16565.7,10:50:00,16554.59976211481,3,20
2022-07-21,16564.55,16571.2,16564.45,16570.9,10:55:00,16555.54740381816,3,21
2022-07-21,16557.3,16570.75,16555.95,16564.6,11:00:00,16555.71431774024,3,22
2022-07-21,16565.35,16566.65,16550.2,16557.95,11:05:00,16556.632001764978,3,23
2022-07-21,16569.15,16574.7,16566.1,16566.1,11:10:00,16557.824192073076,3,24
2022-07-21,16567.85,16570.35,16563.75,16569.4,11:15:00,16558.77903092326,3,25
2022-07-21,16576.15,16578.7,16566.45,16567.35,11:20:00,16560.433408930567,3,26
2022-07-21,16580.25,16582.8,16575.4,16576.45,11:25:00,16562.32070331813,3,27
2022-07-21,16581.45,16585.4,16580.2,16580.2,11:30:00,16564.142541097357,3,28
2022-07-21,16586.1,16586.5,16577.25,16581.4,11:35:00,16566.233727659514,3,29
2022-07-21,16581.9,16592.1,16580.35,16585.95,11:40:00,16567.725753596704,3,30
2022-07-21,16583.8,16584.45,16574.5,16582.0,11:45:00,16569.25663420654,3,31
2022-07-21,16577.55,16584.65,16576.55,16583.5,11:50:00,16570.046478567823,3,32
2022-07-21,16573.35,16584.4,16571.9,16578.0,11:55:00,16570.361099656602,3,33
2022-07-21,16572.2,16572.45,16564.8,16572.25,12:00:00,16570.53623302264,3,34
2022-07-21,16576.2,16577.1,16568.35,16571.75,12:05:00,16571.07563940144,3,35
2022-07-21,16573.05,16578.2,16569.8,16576.55,12:10:00,16571.263673744157,3,36
2022-07-21,16568.8,16574.25,16566.4,16573.25,12:15:00,16571.029038149474,3,37
2022-07-21,16563.25,16569.05,16558.15,16569.05,12:20:00,16570.288177373335,3,38
2022-07-21,16566.45,16569.7,16559.0,16563.2,12:25:00,16569.922636671115,3,39
2022-07-21,16569.05,16572.15,16561.85,16567.25,12:30:00,16569.839528416724,3,40
2022-07-21,16566.35,16569.8,16563.1,16569.0,12:35:00,16569.507192377034,3,41
2022-07-21,16575.6,16577.85,16565.45,16566.0,12:40:00,16570.087459769697,3,42
2022-07-21,16575.1,16575.55,16561.85,16575.55,12:45:00,16570.564844553533,3,43
2022-07-21,16582.35,16582.9,16571.85,16575.35,12:50:00,16571.68724031034,3,44
2022-07-21,16567.3,16586.35,16567.3,16582.15,12:55:00,16571.269407899832,3,45
2022-07-21,16548.15,16567.85,16540.5,16567.25,13:00:00,16569.06755952842,3,46
2022-07-21,16553.15,16553.3,16543.45,16547.85,13:05:00,16567.551601478095,3,47
2022-07-21,16542.7,16560.1,16540.1,16552.5,13:10:00,16565.184782289703,3,48
2022-07-21,16548.35,16553.35,16539.35,16542.15,13:15:00,16563.581469690685,3,49
2022-07-21,16556.0,16556.0,16547.55,16549.7,13:20:00,16562.85942495824,3,50
2022-07-21,16538.95,16557.35,16537.1,16555.55,13:25:00,16560.582336866977,3,51
2022-07-21,16540.55,16547.55,16529.95,16539.75,13:30:00,16558.6744952606,3,52
2022-07-21,16539.95,16543.6,16532.65,16540.35,13:35:00,16556.891209997684,3,53
2022-07-21,16538.4,16544.8,16534.1,16539.75,13:40:00,16555.130142378857,3,54
2022-07-21,16538.35,16547.15,16534.15,16539.0,13:45:00,16553.532033580872,3,55
2022-07-21,16518.0,16543.8,16517.7,16538.95,13:50:00,16550.148030382694,3,56
2022-07-21,16530.05,16531.85,16517.3,16517.3,13:55:00,16548.23393225101,3,57
2022-07-21,16557.85,16558.15,16528.5,16529.85,14:00:00,16549.149748227104,3,58
2022-07-21,16556.3,16564.4,16555.2,16557.2,14:05:00,16549.830724586427,3,59
2022-07-21,16560.55,16560.55,16549.0,16556.0,14:10:00,16550.85160795915,3,60
2022-07-21,16560.85,16567.95,16560.05,16560.35,14:15:00,16551.803835772564,3,61
2022-07-21,16569.6,16570.35,16556.75,16561.2,14:20:00,16553.49870855613,3,62
2022-07-21,16585.85,16587.0,16569.3,16570.1,14:25:00,16556.579783931735,3,63
2022-07-21,16594.55,16595.7,16578.45,16585.2,14:30:00,16560.195994985854,3,64
2022-07-21,16588.9,16602.0,16588.85,16593.65,14:35:00,16562.929709749107,3,65
2022-07-21,16585.05,16593.6,16579.15,16589.3,14:40:00,16565.036404058716,3,66
2022-07-21,16576.9,16585.75,16573.2,16585.3,14:45:00,16566.166270338836,3,67
2022-07-21,16571.1,16578.9,16566.1,16576.3,14:50:00,16566.636149354184,3,68
2022-07-21,16563.4,16578.65,16562.7,16571.05,14:55:00,16566.327944653785,3,69
2022-07-21,16576.8,16578.5,16558.9,16563.5,15:00:00,16567.325283258186,3,70
2022-07-21,16605.45,16606.95,16572.9,16577.3,15:05:00,16570.956208662166,3,71
2022-07-21,16611.85,16612.4,16601.2,16604.75,15:10:00,16574.850855456247,3,72
2022-07-21,16617.75,16618.7,16604.05,16610.9,15:15:00,16578.936488269937,3,73
2022-07-21,16623.7,16624.35,16612.1,16617.65,15:20:00,16583.199679863275,3,74
2022-07-21,16609.8,16626.95,16608.85,16623.65,15:25:00,16585.73304368582,3,75
2022-07-22,16684.15,16693.35,16653.45,16666.8,09:15:00,16595.106087144315,4,1
2022-07-22,16695.65,16697.75,16680.95,16682.85,09:20:00,16604.681697892476,4,2
2022-07-22,16701.6,16702.85,16690.15,16695.5,09:25:00,16613.912012378907,4,3
2022-07-22,16682.8,16704.8,16680.1,16701.3,09:30:00,16620.472773104724,4,4
2022-07-22,16672.85,16687.85,16672.85,16683.4,09:35:00,16625.461080428082,4,5
2022-07-22,16657.9,16676.35,16656.9,16673.55,09:40:00,16628.550501339694,4,6
2022-07-22,16645.3,16657.75,16639.55,16657.75,09:45:00,16630.145691688296,4,7
2022-07-22,16645.9,16647.15,16637.8,16645.45,09:50:00,16631.646102003695,4,8
2022-07-22,16632.65,16657.0,16632.35,16645.95,09:55:00,16631.741711336676,4,9
2022-07-22,16636.15,16636.65,16623.1,16633.3,10:00:00,16632.16154835223,4,10
2022-07-22,16643.55,16648.6,16635.4,16635.4,10:05:00,16633.246162794872,4,11
2022-07-22,16629.0,16644.25,16629.0,16643.85,10:10:00,16632.841766338217,4,12
2022-07-22,16634.3,16640.7,16628.4,16628.9,10:15:00,16632.980645734577,4,13
2022-07-22,16645.15,16650.05,16632.5,16634.6,10:20:00,16634.13963185509,4,14
2022-07-22,16643.45,16650.55,16639.5,16645.45,10:25:00,16635.026333583177,4,15
2022-07-22,16652.15,16652.15,16639.0,16643.75,10:30:00,16636.657158956208,4,16
2022-07-22,16620.45,16652.25,16620.2,16652.25,10:35:00,16635.113620008,4,17
2022-07-22,16622.45,16624.85,16610.9,16620.1,10:40:00,16633.90756095962,4,18
2022-07-22,16630.5,16631.7,16617.95,16622.35,10:45:00,16633.583031344417,4,19
2022-07-22,16625.3,16631.5,16622.3,16630.65,10:50:00,16632.794171216377,4,20
2022-07-22,16632.75,16635.65,16624.9,16625.35,10:55:00,16632.789964433865,4,21
2022-07-22,16627.2,16632.95,16623.05,16632.45,11:00:00,16632.257586868735,4,22
2022-07-22,16634.4,16638.25,16626.25,16627.9,11:05:00,16632.46162621457,4,23
2022-07-22,16638.25,16638.5,16629.65,16634.85,11:10:00,16633.01289990842,4,24
2022-07-22,16644.3,16645.5,16636.6,16638.05,11:15:00,16634.087861821903,4,25
2022-07-22,16639.0,16645.05,16637.25,16644.1,11:20:00,16634.555684505533,4,26
2022-07-22,16641.15,16644.65,16637.0,16639.4,11:25:00,16635.183714552622,4,27
2022-07-22,16641.15,16643.45,16637.25,16642.4,11:30:00,16635.751932214276,4,28
2022-07-22,16639.95,16648.35,16639.95,16641.6,11:35:00,16636.151748193868,4,29
2022-07-22,16653.85,16653.85,16639.9,16640.25,11:40:00,16637.83729598493,4,30
2022-07-22,16668.1,16669.85,16652.7,16653.7,11:45:00,16640.71945827208,4,31
2022-07-22,16674.1,16674.1,16664.45,16667.5,11:50:00,16643.898557484263,4,32
2022-07-22,16670.45,16674.15,16665.75,16674.15,11:55:00,16646.427266295286,4,33
2022-07-22,16673.8,16676.75,16666.35,16670.1,12:00:00,16649.034193314783,4,34
2022-07-22,16674.05,16678.55,16669.65,16673.4,12:05:00,16651.416651094325,4,35
2022-07-22,16680.5,16682.1,16670.55,16673.95,12:10:00,16654.186493847246,4,36
2022-07-22,16676.5,16681.25,16670.7,16678.5,12:15:00,16656.311589671317,4,37
2022-07-22,16680.75,16682.2,16670.5,16674.95,12:20:00,16658.639057321667,4,38
2022-07-22,16690.2,16690.65,16678.85,16680.3,12:25:00,16661.64486138627,4,39
2022-07-22,16691.65,16691.65,16685.25,16689.5,12:30:00,16664.5024936352,4,40
2022-07-22,16697.0,16698.75,16688.6,16691.25,12:35:00,16667.59749424137,4,41
2022-07-22,16693.15,16698.55,16688.85,16696.95,12:40:00,16670.031066218384,4,42
2022-07-22,16688.25,16694.9,16682.35,16692.35,12:45:00,16671.766202769013,4,43
2022-07-22,16699.65,16699.65,16687.15,16687.15,12:50:00,16674.421802505298,4,44
2022-07-22,16693.75,16707.25,16693.45,16700.7,12:55:00,16676.26258321908,4,45
2022-07-22,16683.4,16693.3,16678.0,16693.3,13:00:00,16676.942337198216,4,46
2022-07-22,16676.15,16684.8,16672.65,16683.05,13:05:00,16676.86687651267,4,47
2022-07-22,16680.4,16682.4,16670.75,16675.5,13:10:00,16677.203364463843,4,48
2022-07-22,16687.75,16688.1,16679.4,16679.55,13:15:00,16678.20780594348,4,49
2022-07-22,16674.95,16688.05,16672.55,16687.3,13:20:00,16677.897538710768,4,50
2022-07-22,16668.2,16678.5,16666.95,16673.4,13:25:00,16676.973963595457,4,51
2022-07-22,16668.15,16674.5,16664.35,16667.85,13:30:00,16676.133586110176,4,52
2022-07-22,16681.1,16683.8,16667.65,16667.65,13:35:00,16676.606577909206,4,53
2022-07-22,16700.65,16701.2,16679.55,16680.8,13:40:00,16678.89642763214,4,54
2022-07-22,16712.3,16713.5,16694.4,16700.3,13:45:00,16682.0777202386,4,55
2022-07-22,16716.45,16716.6,16706.9,16712.25,13:50:00,16685.35127069207,4,56
2022-07-22,16706.0,16718.25,16703.0,16716.05,13:55:00,16687.317816340445,4,57
2022-07-22,16720.85,16726.0,16699.2,16706.1,14:00:00,16690.511357641353,4,58
2022-07-22,16732.9,16736.8,16720.55,16720.55,14:05:00,16694.54837119932,4,59
2022-07-22,16727.8,16738.75,16725.9,16733.4,14:10:00,16697.715192989857,4,60
2022-07-22,16726.5,16738.85,16726.1,16727.85,14:15:00,16700.4566031813,4,61
2022-07-22,16742.0,16744.4,16725.3,16726.6,14:20:00,16704.413117164033,4,62
2022-07-22,16741.75,16748.0,16738.25,16741.25,14:25:00,16707.969010767458,4,63
2022-07-22,16735.0,16752.25,16731.2,16741.1,14:30:00,16710.543390694365,4,64
2022-07-22,16720.65,16742.8,16719.95,16734.8,14:35:00,16711.50592491395,4,65
2022-07-22,16717.9,16724.1,16712.05,16720.05,14:40:00,16712.114884445953,4,66
2022-07-22,16713.5,16727.65,16709.75,16717.95,14:45:00,16712.246800213004,4,67
2022-07-22,16724.5,16726.05,16712.2,16714.15,14:50:00,16713.41377162129,4,68
2022-07-22,16722.5,16725.2,16715.8,16724.65,14:55:00,16714.279126704976,4,69
2022-07-22,16726.9,16736.4,16719.4,16722.75,15:00:00,16715.481114637834,4,70
2022-07-22,16727.0,16733.0,16724.3,16726.5,15:05:00,16716.578151338992,4,71
2022-07-22,16729.05,16734.95,16727.3,16727.3,15:10:00,16717.765946449563,4,72
2022-07-22,16716.2,16729.3,16711.6,16728.9,15:15:00,16717.616808692463,4,73
2022-07-22,16707.75,16717.15,16705.95,16716.65,15:20:00,16716.677112626512,4,74
2022-07-22,16714.3,16714.6,16706.8,16707.55,15:25:00,16716.450720947796,4,75
2022-07-25,16683.3,16699.4,16649.1,16671.15,09:15:00,16713.293509428957,0,1
2022-07-25,16686.85,16706.05,16681.3,16684.65,09:20:00,16710.77507995953,0,2
2022-07-25,16677.4,16699.15,16677.4,16686.65,09:25:00,16707.596500915766,0,3
2022-07-25,16639.0,16677.35,16633.8,16677.35,09:30:00,16701.06350082855,0,4
2022-07-25,16656.35,16667.85,16638.85,16638.85,09:35:00,16696.805072178213,0,5
2022-07-25,16641.4,16662.5,16641.4,16655.45,09:40:00,16691.52839863743,0,6
2022-07-25,16629.4,16641.6,16617.4,16641.6,09:45:00,16685.611408291006,0,7
2022-07-25,16607.55,16634.4,16606.9,16629.75,09:50:00,16678.176988453768,0,8
2022-07-25,16612.55,16613.15,16590.2,16607.65,09:55:00,16671.92679907722,0,9
2022-07-25,16590.85,16620.85,16589.65,16613.25,10:00:00,16664.205199165102,0,10
2022-07-25,16603.2,16603.35,16586.5,16591.55,10:05:00,16658.395180196996,0,11
2022-07-25,16622.25,16628.2,16597.3,16602.7,10:10:00,16654.952782082997,0,12
2022-07-25,16627.8,16631.4,16615.85,16621.7,10:15:00,16652.366802836998,0,13
2022-07-25,16609.75,16627.85,16608.25,16627.85,10:20:00,16648.308059709663,0,14
2022-07-25,16601.3,16623.1,16600.5,16608.7,10:25:00,16643.831101642078,0,15
2022-07-25,16605.15,16609.2,16600.05,16601.45,10:30:00,16640.147187199975,0,16
2022-07-25,16616.4,16617.3,16604.4,16604.6,10:35:00,16637.885550323786,0,17
2022-07-25,16602.65,16619.55,16601.7,16616.65,10:40:00,16634.529783626283,0,18
2022-07-25,16607.15,16607.15,16592.0,16602.2,10:45:00,16631.922185185686,0,19
2022-07-25,16605.65,16612.4,16605.4,16607.4,10:50:00,16629.42007231086,0,20
2022-07-25,16606.3,16610.3,16603.7,16605.35,10:55:00,16627.218160662207,0,21
2022-07-25,16589.4,16607.8,16589.4,16607.25,11:00:00,16623.61643107533,0,22
2022-07-25,16579.3,16591.1,16577.35,16588.35,11:05:00,16619.395818591966,0,23
2022-07-25,16568.15,16579.5,16567.6,16577.6,11:10:00,16614.51526444035,0,24
2022-07-25,16565.1,16573.4,16564.35,16567.4,11:15:00,16609.809048779363,0,25
2022-07-25,16580.45,16585.1,16564.25,16564.25,11:20:00,16607.012948895615,0,26
2022-07-25,16584.95,16589.75,16580.55,16580.55,11:25:00,16604.911715667462,0,27
2022-07-25,16595.15,16595.15,16581.5,16585.15,11:30:00,16603.98202846104,0,28
2022-07-25,16584.75,16594.2,16583.05,16594.2,11:35:00,16602.150406702844,0,29
2022-07-25,16587.1,16591.2,16580.9,16585.15,11:40:00,16600.717034635905,0,30
2022-07-25,16606.7,16606.7,16580.9,16585.95,11:45:00,16601.286840861056,0,31
2022-07-25,16599.0,16608.35,16598.5,16606.0,11:50:00,16601.069046493336,0,32
2022-07-25,16606.75,16608.05,16596.4,16598.45,11:55:00,16601.610089684447,0,33
2022-07-25,16602.35,16610.0,16602.25,16607.35,12:00:00,16601.680557333548,0,34
2022-07-25,16589.05,16602.35,16588.7,16601.85,12:05:00,16600.477647111307,0,35
2022-07-25,16589.1,16590.05,16583.65,16589.15,12:10:00,16599.394061672134,0,36
2022-07-25,16599.45,16600.0,16588.4,16588.8,12:15:00,16599.39938913193,0,37
2022-07-25,16599.55,16604.7,16597.8,16599.6,12:20:00,16599.41373302413,0,38
2022-07-25,16598.35,16600.85,16595.35,16599.9,12:25:00,16599.31242511707,0,39
2022-07-25,16600.5,16605.45,16588.95,16598.0,12:30:00,16599.425527486874,0,40
2022-07-25,16585.25,16600.05,16581.4,16600.05,12:35:00,16598.07547725003,0,41
2022-07-25,16595.15,16596.4,16581.55,16585.55,12:40:00,16597.796860369075,0,42
2022-07-25,16592.65,16597.4,16588.6,16594.35,12:45:00,16597.30668319107,0,43
2022-07-25,16587.35,16592.05,16581.85,16592.05,12:50:00,16596.358427649062,0,44
2022-07-25,16596.65,16597.4,16586.45,16586.95,12:55:00,16596.38619644439,0,45
2022-07-25,16594.5,16599.55,16589.4,16597.1,13:00:00,16596.20655868778,0,46
2022-07-25,16597.0,16598.9,16591.65,16595.0,13:05:00,16596.28212452704,0,47
2022-07-25,16619.7,16622.65,16596.9,16598.3,13:10:00,16598.512398381605,0,48
2022-07-25,16616.25,16628.55,16610.8,16620.6,13:15:00,16600.201693773834,0,49
2022-07-25,16614.45,16622.85,16613.85,16617.75,13:20:00,16601.558675319182,0,50
2022-07-25,16606.9,16617.6,16605.45,16615.25,13:25:00,16602.06737290783,0,51
2022-07-25,16597.0,16608.1,16593.4,16608.1,13:30:00,16601.584765964228,0,52
2022-07-25,16604.25,16605.65,16590.6,16597.95,13:35:00,16601.838597777158,0,53
2022-07-25,16604.15,16610.55,16602.3,16605.05,13:40:00,16602.05873132219,0,54
2022-07-25,16612.8,16616.0,16602.35,16605.15,13:45:00,16603.081709291506,0,55
2022-07-25,16613.0,16616.2,16608.4,16612.85,13:50:00,16604.0263084066,0,56
2022-07-25,16613.45,16613.8,16606.35,16612.6,13:55:00,16604.923802844067,0,57
2022-07-25,16625.5,16628.85,16607.7,16614.45,14:00:00,16606.88344066844,0,58
2022-07-25,16645.85,16648.9,16623.9,16626.0,14:05:00,16610.59454155716,0,59
2022-07-25,16647.95,16651.8,16640.15,16646.65,14:10:00,16614.152204266,0,60
2022-07-25,16653.9,16657.95,16646.55,16647.25,14:15:00,16617.93770862162,0,61
2022-07-25,16664.25,16668.75,16649.15,16654.45,14:20:00,16622.348403038606,0,62
2022-07-25,16679.15,16680.25,16661.75,16665.15,14:25:00,16627.75807893969,0,63
2022-07-25,16674.55,16684.05,16664.55,16679.6,14:30:00,16632.214452374006,0,64
2022-07-25,16669.6,16683.25,16669.2,16674.9,14:35:00,16635.77498071934,0,65
2022-07-25,16674.15,16676.6,16660.2,16670.0,14:40:00,16639.429744460354,0,66
2022-07-25,16668.9,16674.2,16662.05,16674.1,14:45:00,16642.236435464132,0,67
2022-07-25,16661.35,16672.4,16659.65,16668.25,14:50:00,16644.05677494374,0,68
2022-07-25,16665.05,16668.7,16659.75,16662.15,14:55:00,16646.056129711003,0,69
2022-07-25,16643.8,16666.45,16639.15,16666.1,15:00:00,16645.84126021472,0,70
2022-07-25,16645.55,16657.25,16642.75,16644.05,15:05:00,16645.81352114665,0,71
2022-07-25,16632.6,16648.95,16631.3,16646.2,15:10:00,16644.555090561254,0,72
2022-07-25,16631.5,16635.15,16623.95,16633.45,15:15:00,16643.31174860304,0,73
2022-07-25,16605.3,16631.65,16605.3,16631.55,15:20:00,16639.691582069416,0,74
2022-07-25,16610.05,16612.65,16603.2,16604.7,15:25:00,16636.86857425328,0,75
2022-07-26,16553.35,16636.1,16552.3,16636.1,09:15:00,16628.914424324394,1,1
2022-07-26,16550.4,16563.25,16542.2,16553.7,09:20:00,16621.436860103022,1,2
2022-07-26,16557.7,16564.1,16544.1,16550.2,09:25:00,16615.366682950353,1,3
2022-07-26,16537.75,16569.9,16536.8,16556.15,09:30:00,16607.97461790746,1,4
2022-07-26,16533.0,16544.9,16529.45,16536.65,09:35:00,16600.83417810675,1,5
2022-07-26,16539.3,16543.2,16531.65,16533.15,09:40:00,16594.973780191824,1,6
2022-07-26,16534.5,16540.15,16526.25,16539.35,09:45:00,16589.214372554507,1,7
2022-07-26,16533.1,16539.9,16532.1,16534.95,09:50:00,16583.870146596935,1,8
2022-07-26,16523.3,16532.8,16519.25,16532.8,09:55:00,16578.101561206753,1,9
2022-07-26,16520.85,16526.9,16513.95,16523.8,10:00:00,16572.649031568017,1,10
2022-07-26,16518.7,16524.3,16514.85,16520.65,10:05:00,16567.511028561537,1,11
2022-07-26,16512.1,16518.25,16505.6,16518.25,10:10:00,16562.233787746154,1,12
2022-07-26,16526.9,16527.4,16509.6,16512.4,10:15:00,16558.868665103662,1,13
2022-07-26,16532.0,16538.6,16525.6,16526.75,10:20:00,16556.3097446176,1,14
2022-07-26,16515.75,16531.9,16515.6,16531.85,10:25:00,16552.446911796877,1,15
2022-07-26,16505.95,16516.25,16498.7,16515.5,10:30:00,16548.01863448289,1,16
2022-07-26,16503.45,16509.25,16495.55,16505.55,10:35:00,16543.774002627375,1,17
2022-07-26,16503.35,16513.45,16502.55,16503.35,10:40:00,16539.924097615243,1,18
2022-07-26,16510.45,16511.2,16501.35,16503.7,10:45:00,16537.117040699504,1,19
2022-07-26,16516.25,16516.25,16509.35,16510.05,10:50:00,16535.129703490027,1,20
2022-07-26,16522.9,16524.4,16513.2,16515.95,10:55:00,16533.96496982431,1,21
2022-07-26,16523.8,16523.85,16516.55,16522.8,11:00:00,16532.99687746009,1,22
2022-07-26,16508.15,16525.3,16506.9,16523.55,11:05:00,16530.630508178176,1,23
2022-07-26,16504.45,16509.4,16498.65,16508.7,11:10:00,16528.13712644692,1,24
2022-07-26,16511.9,16514.55,16498.95,16504.6,11:15:00,16526.590733451976,1,25
2022-07-26,16519.75,16521.35,16510.75,16512.15,11:20:00,16525.939235027978,1,26
2022-07-26,16522.45,16526.8,16520.15,16520.55,11:25:00,16525.606926930075,1,27
2022-07-26,16522.65,16525.4,16515.4,16521.9,11:30:00,16525.325314841495,1,28
2022-07-26,16517.7,16522.8,16517.15,16522.3,11:35:00,16524.5990943804,1,29
2022-07-26,16513.0,16519.55,16507.05,16517.4,11:40:00,16523.494418725124,1,30
2022-07-26,16520.15,16521.05,16508.9,16512.0,11:45:00,16523.175902656065,1,31
2022-07-26,16529.95,16530.9,16513.45,16519.35,11:50:00,16523.82105478406,1,32
2022-07-26,16533.1,16538.85,16529.1,16530.4,11:55:00,16524.704763852245,1,33
2022-07-26,16540.5,16542.7,16532.15,16533.2,12:00:00,16526.209072056794,1,34
2022-07-26,16539.55,16547.05,16538.55,16540.85,12:05:00,16527.479636622815,1,35
2022-07-26,16536.9,16540.0,16532.95,16539.6,12:10:00,16528.376814087307,1,36
2022-07-26,16541.2,16542.7,16532.4,16536.5,12:15:00,16529.598069888514,1,37
2022-07-26,16546.9,16548.3,16536.9,16540.9,12:20:00,16531.245872756277,1,38
2022-07-26,16531.75,16549.05,16530.05,16546.6,12:25:00,16531.293884874725,1,39
2022-07-26,16551.1,16557.3,16531.2,16531.7,12:30:00,16533.18018155332,1,40
2022-07-26,16554.6,16555.9,16547.75,16551.2,12:35:00,16535.22016426253,1,41
2022-07-26,16547.7,16556.3,16547.15,16554.25,12:40:00,16536.40872004705,1,42
2022-07-26,16552.5,16553.2,16542.1,16547.15,12:45:00,16537.94122289971,1,43
2022-07-26,16551.85,16553.15,16547.2,16553.15,12:50:00,16539.265868337832,1,44
2022-07-26,16552.0,16554.05,16545.5,16551.3,12:55:00,16540.478642781847,1,45
2022-07-26,16542.6,16556.35,16542.55,16553.2,13:00:00,16540.68067680262,1,46
2022-07-26,16545.25,16546.35,16535.95,16542.9,13:05:00,16541.115850440467,1,47
2022-07-26,16552.0,16553.0,16542.8,16543.55,13:10:00,16542.152436112803,1,48
2022-07-26,16553.7,16555.9,16550.45,16552.2,13:15:00,16543.25220410206,1,49
2022-07-26,16557.8,16562.8,16552.9,16553.75,13:20:00,16544.637708473292,1,50
2022-07-26,16567.05,16569.45,16555.55,16558.4,13:25:00,16546.772212428215,1,51
2022-07-26,16566.2,16572.95,16561.0,16567.55,13:30:00,16548.62247791124,1,52
2022-07-26,16558.55,16566.6,16557.25,16566.35,13:35:00,16549.567956205407,1,53
2022-07-26,16541.0,16560.95,16539.95,16558.3,13:40:00,16548.75196037632,1,54
2022-07-26,16519.0,16545.55,16516.05,16541.5,13:45:00,16545.91844034048,1,55
2022-07-26,16522.85,16525.0,16513.2,16517.35,13:50:00,16543.721446022337,1,56
2022-07-26,16510.7,16526.6,16509.2,16521.7,13:55:00,16540.57654640116,1,57
2022-07-26,16517.65,16518.45,16506.0,16510.85,14:00:00,16538.393065791526,1,58
2022-07-26,16518.5,16519.0,16509.65,16518.25,14:05:00,16536.498488097095,1,59
2022-07-26,16538.95,16538.95,16515.5,16518.1,14:10:00,16536.731965421182,1,60
2022-07-26,16543.8,16547.35,16534.3,16538.6,14:15:00,16537.405111571545,1,61
2022-07-26,16528.6,16546.45,16525.8,16543.55,14:20:00,16536.566529517113,1,62
2022-07-26,16517.5,16530.25,16513.95,16528.05,14:25:00,16534.750669563102,1,63
2022-07-26,16521.95,16522.05,16515.8,16517.3,14:30:00,16533.53155817614,1,64
2022-07-26,16511.0,16529.4,16506.3,16521.85,14:35:00,16531.385695492696,1,65
2022-07-26,16487.75,16511.6,16487.45,16511.4,14:40:00,16527.229914969583,1,66
2022-07-26,16493.85,16494.7,16483.0,16488.25,14:45:00,16524.05087544867,1,67
2022-07-26,16505.3,16505.3,16486.3,16493.35,14:50:00,16522.26507778689,1,68
2022-07-26,16495.4,16510.45,16494.45,16505.15,14:55:00,16519.706498950043,1,69
2022-07-26,16488.4,16499.95,16483.3,16495.7,15:00:00,16516.724927621468,1,70
2022-07-26,16492.6,16495.75,16487.3,16488.05,15:05:00,16514.42731546704,1,71
2022-07-26,16482.7,16496.25,16480.85,16493.0,15:10:00,16511.405666374943,1,72
2022-07-26,16478.45,16486.45,16478.3,16483.9,15:15:00,16508.267031482093,1,73
2022-07-26,16474.7,16480.9,16469.4,16478.15,15:20:00,16505.070171340943,1,74
2022-07-26,16466.55,16476.65,16463.3,16475.4,15:25:00,16501.401583594186,1,75
2022-07-27,16503.3,16512.1,16457.9,16479.9,09:15:00,16501.74596752268,2,1
2022-07-27,16452.3,16505.55,16451.1,16503.05,09:20:00,16497.036827758613,2,2
2022-07-27,16446.4,16462.5,16446.3,16450.85,09:25:00,16492.21427273398,2,3
2022-07-27,16448.05,16452.9,16438.75,16445.1,09:30:00,16488.008151521222,2,4
2022-07-27,16453.55,16464.95,16445.15,16447.7,09:35:00,16484.726422804917,2,5
2022-07-27,16454.1,16458.05,16442.7,16453.0,09:40:00,16481.80962063302,2,6
2022-07-27,16468.25,16468.45,16451.8,16453.55,09:45:00,16480.51822819178,2,7
2022-07-27,16492.4,16492.65,16467.3,16467.3,09:50:00,16481.649825506847,2,8
2022-07-27,16490.6,16499.65,16486.3,16492.2,09:55:00,16482.502223077623,2,9
2022-07-27,16511.3,16514.5,16490.6,16491.1,10:00:00,16485.2448684988,2,10
2022-07-27,16516.6,16521.25,16508.85,16511.65,10:05:00,16488.231071498914,2,11
2022-07-27,16523.2,16525.55,16516.0,16517.15,10:10:00,16491.561445641877,2,12
2022-07-27,16535.9,16541.05,16519.8,16522.75,10:15:00,16495.784165104556,2,13
2022-07-27,16524.5,16538.35,16521.3,16536.2,10:20:00,16498.519006523173,2,14
2022-07-27,16530.1,16532.95,16515.2,16524.65,10:25:00,16501.526720187634,2,15
2022-07-27,16525.25,16536.6,16524.8,16529.65,10:30:00,16503.786080169764,2,16
2022-07-27,16532.8,16535.65,16521.65,16524.65,10:35:00,16506.549310629787,2,17
2022-07-27,16538.85,16545.3,16532.95,16532.95,10:40:00,16509.62556676028,2,18
2022-07-27,16544.35,16548.5,16538.2,16538.2,10:45:00,16512.932655640256,2,19
2022-07-27,16544.2,16546.6,16535.8,16544.85,10:50:00,16515.91049796023,2,20
2022-07-27,16549.8,16550.7,16540.05,16544.35,10:55:00,16519.138069583067,2,21
2022-07-27,16552.35,16556.65,16549.45,16549.45,11:00:00,16522.301110575158,2,22
2022-07-27,16543.2,16553.8,16541.25,16551.65,11:05:00,16524.291480996573,2,23
2022-07-27,16543.65,16545.4,16535.9,16543.1,11:10:00,16526.13514947309,2,24
2022-07-27,16541.5,16547.65,16539.8,16543.4,11:15:00,16527.59846857089,2,25
2022-07-27,16542.8,16546.0,16540.2,16541.55,11:20:00,16529.0462334689,2,26
2022-07-27,16543.2,16550.55,16542.35,16544.65,11:25:00,16530.394211233768,2,27
2022-07-27,16550.1,16550.75,16539.7,16542.5,11:30:00,16532.270953021027,2,28
2022-07-27,16557.1,16560.95,16549.25,16549.25,11:35:00,16534.63562416188,2,29
2022-07-27,16565.5,16568.75,16556.15,16556.15,11:40:00,16537.575088527417,2,30
2022-07-27,16557.95,16569.0,16556.8,16564.95,11:45:00,16539.51555628671,2,31
2022-07-27,16557.9,16560.65,16554.45,16557.8,11:50:00,16541.266455687975,2,32
2022-07-27,16565.45,16566.65,16554.6,16558.5,11:55:00,16543.569650384357,2,33
2022-07-27,16559.6,16569.75,16556.65,16565.1,12:00:00,16545.09635034775,2,34
2022-07-27,16566.05,16566.75,16555.6,16559.25,12:05:00,16547.091936028915,2,35
2022-07-27,16568.5,16570.6,16560.5,16565.3,12:10:00,16549.130799264258,2,36
2022-07-27,16562.7,16572.55,16562.65,16569.05,12:15:00,16550.423104096233,2,37
2022-07-27,16554.1,16564.3,16553.1,16563.8,12:20:00,16550.773284658495,2,38
2022-07-27,16544.6,16556.6,16543.8,16553.4,12:25:00,16550.18535278626,2,39
2022-07-27,16561.05,16566.85,16544.05,16544.05,12:30:00,16551.220081092328,2,40
2022-07-27,16563.9,16567.5,16560.8,16560.8,12:35:00,16552.42769241687,2,41
2022-07-27,16556.35,16566.5,16555.65,16564.3,12:40:00,16552.801245520026,2,42
2022-07-27,16560.45,16561.3,16552.25,16556.5,12:45:00,16553.529698327642,2,43
2022-07-27,16588.0,16590.05,16560.0,16560.0,12:50:00,16556.8125842012,2,44
2022-07-27,16595.9,16598.3,16587.05,16587.65,12:55:00,16560.53519522966,2,45
2022-07-27,16599.65,16605.65,16595.8,16595.8,13:00:00,16564.260414731598,2,46
2022-07-27,16598.15,16603.75,16594.2,16598.75,13:05:00,16567.48799428097,2,47
2022-07-27,16593.9,16599.6,16588.1,16597.6,13:10:00,16570.00342339707,2,48
2022-07-27,16597.05,16597.4,16582.85,16592.8,13:15:00,16572.579287835444,2,49
2022-07-27,16594.35,16604.85,16591.35,16596.85,13:20:00,16574.652688993974,2,50
2022-07-27,16597.2,16598.55,16590.4,16593.7,13:25:00,16576.800051946928,2,51
2022-07-27,16613.9,16614.7,16596.35,16596.35,13:30:00,16580.333380332937,2,52
2022-07-27,16613.15,16617.2,16608.8,16615.6,13:35:00,16583.45877268218,2,53
2022-07-27,16599.9,16614.3,16599.9,16612.5,13:40:00,16585.024603855305,2,54
2022-07-27,16576.75,16604.05,16576.75,16599.95,13:45:00,16584.236546345277,2,55
2022-07-27,16584.15,16588.2,16575.8,16575.8,13:50:00,16584.228303836204,2,56
2022-07-27,16586.95,16593.6,16581.45,16584.1,13:55:00,16584.48751299466,2,57
2022-07-27,16595.55,16598.6,16585.85,16585.85,14:00:00,16585.541083185646,2,58
2022-07-27,16595.55,16599.05,16589.55,16595.45,14:05:00,16586.494313358442,2,59
2022-07-27,16582.0,16596.2,16579.0,16595.45,14:10:00,16586.06628351478,2,60
2022-07-27,16596.65,16598.55,16578.15,16581.6,14:15:00,16587.074256513373,2,61
2022-07-27,16606.25,16611.45,16594.4,16597.2,14:20:00,16588.900517797814,2,62
2022-07-27,16599.15,16606.25,16597.0,16606.15,14:25:00,16589.876658959925,2,63
2022-07-27,16607.15,16608.4,16598.5,16599.55,14:30:00,16591.521739058982,2,64
2022-07-27,16610.95,16612.7,16605.8,16606.9,14:35:00,16593.37204962479,2,65
2022-07-27,16601.9,16614.15,16597.6,16610.2,14:40:00,16594.18423537481,2,66
2022-07-27,16599.8,16603.45,16592.3,16601.0,14:45:00,16594.71907010102,2,67
2022-07-27,16604.55,16605.2,16595.75,16599.75,14:50:00,16595.655349139015,2,68
2022-07-27,16616.85,16617.75,16603.9,16604.35,14:55:00,16597.67388731625,2,69
2022-07-27,16634.95,16642.3,16616.55,16616.55,15:00:00,16601.22399328613,2,70
2022-07-27,16643.1,16644.5,16632.75,16635.05,15:05:00,16605.21218440174,2,71
2022-07-27,16643.65,16645.35,16637.55,16643.15,15:10:00,16608.87292874443,2,72
2022-07-27,16648.0,16649.75,16641.75,16643.35,15:15:00,16612.599316483054,2,73
2022-07-27,16644.55,16653.45,16642.8,16648.45,15:20:00,16615.642238722765,2,74
2022-07-27,16642.75,16644.85,16637.65,16644.45,15:25:00,16618.22393027298,2,75
2022-07-28,16776.0,16788.85,16751.05,16776.2,09:15:00,16633.250222627932,3,1
2022-07-28,16764.9,16776.05,16760.0,16775.9,09:20:00,16645.788296663366,3,2
2022-07-28,16781.05,16789.55,16763.6,16765.3,09:25:00,16658.67036364781,3,3
2022-07-28,16764.4,16791.75,16763.8,16782.3,09:30:00,16668.73985282421,3,4
2022-07-28,16756.7,16764.6,16746.25,16764.1,09:35:00,16677.117009698093,3,5
2022-07-28,16758.95,16762.2,16752.5,16756.8,09:40:00,16684.910627822082,3,6
2022-07-28,16784.3,16784.45,16755.7,16758.0,09:45:00,16694.376282315217,3,7
2022-07-28,16785.1,16790.05,16777.35,16784.35,09:50:00,16703.016636380435,3,8
2022-07-28,16791.65,16794.0,16778.95,16784.75,09:55:00,16711.457909106106,3,9
2022-07-28,16807.45,16811.95,16791.75,16791.75,10:00:00,16720.600013000763,3,10
2022-07-28,16816.95,16821.7,16806.55,16807.5,10:05:00,16729.776202238787,3,11
2022-07-28,16819.95,16826.45,16815.65,16817.5,10:10:00,16738.36418297795,3,12
2022-07-28,16832.35,16833.3,16812.15,16820.5,10:15:00,16747.31521317053,3,13
2022-07-28,16844.35,16847.8,16831.75,16832.7,10:20:00,16756.556621440002,3,14
2022-07-28,16845.6,16856.3,16843.35,16843.65,10:25:00,16765.036943207622,3,15
2022-07-28,16848.4,16851.25,16838.15,16845.95,10:30:00,16772.976281949752,3,16
2022-07-28,16842.6,16849.4,16838.9,16847.7,10:35:00,16779.607112240254,3,17
2022-07-28,16840.35,16848.05,16840.35,16842.55,10:40:00,16785.392149169755,3,18
2022-07-28,16840.95,16844.6,16838.25,16841.45,10:45:00,16790.68337305835,3,19
2022-07-28,16840.9,16844.85,16837.45,16841.85,10:50:00,16795.465908957554,3,20
2022-07-28,16850.95,16856.65,16840.25,16840.65,10:55:00,16800.750108104454,3,21
2022-07-28,16865.35,16868.85,16848.5,16850.05,11:00:00,16806.90247876117,3,22
2022-07-28,16872.35,16873.95,16863.5,16864.8,11:05:00,16813.13557602201,3,23
2022-07-28,16877.1,16878.85,16866.65,16872.9,11:10:00,16819.227425924677,3,24
2022-07-28,16872.45,16882.75,16871.4,16877.2,11:15:00,16824.29624250328,3,25
2022-07-28,16861.3,16874.0,16859.75,16872.1,11:20:00,16827.82040988392,3,26
2022-07-28,16866.8,16867.95,16859.55,16859.85,11:25:00,16831.532751799736,3,27
2022-07-28,16877.3,16879.35,16863.75,16867.5,11:30:00,16835.891537342617,3,28
2022-07-28,16885.8,16886.45,16874.3,16877.5,11:35:00,16840.64472426237,3,29
2022-07-28,16885.55,16889.9,16884.1,16886.8,11:40:00,16844.921417189762,3,30
2022-07-28,16885.95,16890.35,16882.05,16885.0,11:45:00,16848.828901266927,3,31
2022-07-28,16882.7,16888.2,16881.05,16885.5,11:50:00,16852.054720193886,3,32
2022-07-28,16872.8,16883.1,16871.65,16881.95,11:55:00,16854.0304611278,3,33
2022-07-28,16881.15,16882.45,16869.3,16873.15,12:00:00,16856.613274353724,3,34
2022-07-28,16892.25,16892.95,16879.0,16880.9,12:05:00,16860.0072482248,3,35
2022-07-28,16893.85,16896.5,16890.8,16892.15,12:10:00,16863.230367441487,3,36
2022-07-28,16892.15,16894.4,16882.4,16894.3,12:15:00,16865.984618161347,3,37
2022-07-28,16895.4,16897.6,16891.1,16891.4,12:20:00,16868.786083098363,3,38
2022-07-28,16899.55,16901.3,16894.6,16896.25,12:25:00,16871.715979946137,3,39
2022-07-28,16895.65,16900.95,16894.6,16900.5,12:30:00,16873.99541042746,3,40
2022-07-28,16906.85,16908.25,16892.5,16895.8,12:35:00,16877.124418958178,3,41
2022-07-28,16905.2,16908.75,16899.9,16906.15,12:40:00,16879.798283819306,3,42
2022-07-28,16912.7,16912.7,16901.6,16905.3,12:45:00,16882.931780598417,3,43
2022-07-28,16912.3,16920.45,16911.4,16912.2,12:50:00,16885.72875387476,3,44
2022-07-28,16900.6,16916.3,16900.45,16910.65,12:55:00,16887.145063029544,3,45
2022-07-28,16893.2,16901.95,16884.0,16900.4,13:00:00,16887.721723693398,3,46
2022-07-28,16908.7,16909.9,16892.35,16892.75,13:05:00,16889.719654770215,3,47
2022-07-28,16913.5,16915.35,16907.25,16907.9,13:10:00,16891.984449554006,3,48
2022-07-28,16907.0,16917.85,16904.45,16912.95,13:15:00,16893.414501977433,3,49
2022-07-28,16921.0,16922.0,16902.55,16906.95,13:20:00,16896.0416922653,3,50
2022-07-28,16917.15,16924.0,16916.65,16920.4,13:25:00,16898.05200728765,3,51
2022-07-28,16910.95,16920.0,16905.0,16916.85,13:30:00,16899.28038754597,3,52
2022-07-28,16906.1,16913.35,16899.95,16909.6,13:35:00,16899.929874446352,3,53
2022-07-28,16911.95,16917.55,16904.95,16905.8,13:40:00,16901.074648308604,3,54
2022-07-28,16924.15,16924.6,16910.25,16910.9,13:45:00,16903.27230085064,3,55
2022-07-28,16922.85,16930.55,16921.9,16923.85,13:50:00,16905.13684362677,3,56
2022-07-28,16928.0,16929.8,16919.5,16923.3,13:55:00,16907.314287090885,3,57
2022-07-28,16909.0,16928.4,16908.65,16928.1,14:00:00,16907.474831177467,3,58
2022-07-28,16906.25,16915.2,16902.1,16908.45,14:05:00,16907.358180589137,3,59
2022-07-28,16920.6,16921.9,16901.75,16907.05,14:10:00,16908.619306247314,3,60
2022-07-28,16919.0,16925.45,16912.95,16920.5,14:15:00,16909.60794374757,3,61
2022-07-28,16918.15,16920.55,16912.55,16919.8,14:20:00,16910.42147291447,3,62
2022-07-28,16921.65,16925.35,16917.5,16918.4,14:25:00,16911.490856446424,3,63
2022-07-28,16905.7,16923.0,16902.0,16921.3,14:30:00,16910.93934630867,3,64
2022-07-28,16899.45,16907.55,16897.25,16905.3,14:35:00,16909.8451228507,3,65
2022-07-28,16883.15,16900.0,16881.2,16899.6,14:40:00,16907.30273019825,3,66
2022-07-28,16891.05,16891.7,16874.05,16883.55,14:45:00,16905.75485113175,3,67
2022-07-28,16881.15,16891.85,16880.85,16890.05,14:50:00,16903.411531976344,3,68
2022-07-28,16878.25,16882.0,16869.85,16881.35,14:55:00,16901.015195597643,3,69
2022-07-28,16917.7,16918.35,16879.35,16879.35,15:00:00,16902.604224588344,3,70
2022-07-28,16941.6,16942.5,16917.4,16917.55,15:05:00,16906.31810796088,3,71
2022-07-28,16936.3,16943.75,16932.5,16943.1,15:10:00,16909.17352625032,3,72
2022-07-28,16939.15,16940.2,16934.1,16935.5,15:15:00,16912.028428512196,3,73
2022-07-28,16936.2,16947.65,16935.75,16938.7,15:20:00,16914.330482939604,3,74
2022-07-28,16922.05,16936.55,16918.3,16936.55,15:25:00,16915.065675040594,3,75
2022-07-29,17096.2,17103.2,17059.8,17064.75,09:15:00,16932.316563131964,4,1
2022-07-29,17111.5,17118.75,17090.35,17095.1,09:20:00,16949.381652357493,4,2
2022-07-29,17101.05,17113.0,17088.45,17111.05,09:25:00,16963.826256894874,4,3
2022-07-29,17104.5,17111.95,17092.05,17101.2,09:30:00,16977.22375623822,4,4
2022-07-29,17126.65,17127.05,17096.55,17104.65,09:35:00,16991.454827072677,4,5
2022-07-29,17120.4,17131.5,17118.15,17128.15,09:40:00,17003.735319732423,4,6
2022-07-29,17114.2,17121.6,17104.85,17119.15,09:45:00,17014.255765472193,4,7
2022-07-29,17136.2,17138.75,17112.4,17113.95,09:50:00,17025.86950209389,4,8
2022-07-29,17136.95,17141.4,17130.65,17136.85,09:55:00,17036.448597132567,4,9
2022-07-29,17128.9,17141.75,17126.6,17137.0,10:00:00,17045.25349264375,4,10
2022-07-29,17123.9,17134.3,17122.45,17128.65,10:05:00,17052.74363620149,4,11
2022-07-29,17109.3,17127.9,17108.45,17123.5,10:10:00,17058.12995656325,4,12
2022-07-29,17115.55,17122.35,17107.15,17108.7,10:15:00,17063.598532128657,4,13
2022-07-29,17085.15,17116.35,17083.0,17115.95,10:20:00,17065.65105287831,4,14
2022-07-29,17056.35,17084.7,17031.75,17084.7,10:25:00,17064.765238318472,4,15
2022-07-29,17021.8,17060.3,17019.65,17055.35,10:30:00,17060.67331085957,4,16
2022-07-29,17035.4,17042.35,17018.15,17023.25,10:35:00,17058.266328872945,4,17
2022-07-29,17034.95,17039.05,17022.15,17035.3,10:40:00,17056.045726123142,4,18
2022-07-29,17073.85,17073.85,17031.0,17035.7,10:45:00,17057.741371254273,4,19
2022-07-29,17069.7,17074.8,17059.9,17073.15,10:50:00,17058.880288277676,4,20
2022-07-29,17064.6,17074.0,17063.15,17070.9,10:55:00,17059.42502272742,4,21
2022-07-29,17070.2,17072.1,17048.65,17064.5,11:00:00,17060.451211039093,4,22
2022-07-29,17095.95,17097.3,17065.65,17070.65,11:05:00,17063.83204808299,4,23
2022-07-29,17098.75,17103.85,17091.2,17095.9,11:10:00,17067.15756731318,4,24
2022-07-29,17087.0,17107.65,17086.0,17098.45,11:15:00,17069.047322807164,4,25
2022-07-29,17085.0,17089.25,17074.9,17086.3,11:20:00,17070.566625396958,4,26
2022-07-29,17091.45,17096.5,17081.6,17085.4,11:25:00,17072.555518216293,4,27
2022-07-29,17095.35,17097.85,17082.55,17091.75,11:30:00,17074.72642124331,4,28
2022-07-29,17098.8,17104.65,17091.45,17095.25,11:35:00,17077.01914302966,4,29
2022-07-29,17093.45,17098.45,17083.05,17098.45,11:40:00,17078.583986550646,4,30
2022-07-29,17098.4,17107.45,17092.95,17094.1,11:45:00,17080.471225926776,4,31
2022-07-29,17097.55,17109.05,17092.15,17098.55,11:50:00,17082.097775838512,4,32
2022-07-29,17101.25,17106.35,17095.15,17097.75,11:55:00,17083.921797187224,4,33
2022-07-29,17106.85,17108.85,17097.8,17101.0,12:00:00,17086.105435550344,4,34
2022-07-29,17099.15,17108.85,17096.5,17107.15,12:05:00,17087.347775021743,4,35
2022-07-29,17101.5,17106.95,17096.55,17098.35,12:10:00,17088.695605972054,4,36
2022-07-29,17104.25,17107.4,17100.45,17101.4,12:15:00,17090.17697683186,4,37
2022-07-29,17097.65,17104.6,17092.8,17103.75,12:20:00,17090.88869332406,4,38
2022-07-29,17104.5,17104.85,17084.65,17097.6,12:25:00,17092.18500824558,4,39
2022-07-29,17092.1,17106.75,17092.1,17104.2,12:30:00,17092.17691222219,4,40
2022-07-29,17097.5,17100.2,17088.25,17092.65,12:35:00,17092.68387296293,4,41
2022-07-29,17101.7,17103.1,17094.95,17097.6,12:40:00,17093.542551728366,4,42
2022-07-29,17107.4,17108.9,17101.0,17101.65,12:45:00,17094.86230870662,4,43
2022-07-29,17116.1,17121.45,17106.75,17107.5,12:50:00,17096.884945972655,4,44
2022-07-29,17114.85,17121.95,17113.15,17116.65,12:55:00,17098.59590349907,4,45
2022-07-29,17104.4,17118.7,17099.05,17114.75,13:00:00,17099.1486745944,4,46
2022-07-29,17104.4,17109.15,17100.6,17104.15,13:05:00,17099.648800823503,4,47
2022-07-29,17106.2,17112.2,17095.85,17106.25,13:10:00,17100.272724554598,4,48
2022-07-29,17110.1,17112.9,17102.4,17106.65,13:15:00,17101.2086555494,4,49
2022-07-29,17110.05,17112.75,17106.2,17109.9,13:20:00,17102.05068835422,4,50
2022-07-29,17111.75,17115.45,17107.05,17109.75,13:25:00,17102.974432320483,4,51
2022-07-29,17099.4,17114.25,17099.3,17111.95,13:30:00,17102.634010194724,4,52
2022-07-29,17090.0,17102.55,17072.1,17099.6,13:35:00,17101.43077112856,4,53
2022-07-29,17092.65,17099.7,17088.1,17088.3,13:40:00,17100.594507211554,4,54
2022-07-29,17095.35,17100.2,17081.75,17092.95,13:45:00,17100.09503033426,4,55
2022-07-29,17096.05,17096.85,17088.75,17095.05,13:50:00,17099.709789350047,4,56
2022-07-29,17103.0,17106.4,17095.7,17095.85,13:55:00,17100.023142745278,4,57
2022-07-29,17076.85,17109.2,17075.85,17103.3,14:00:00,17097.81617676954,4,58
2022-07-29,17084.8,17098.1,17073.95,17076.55,14:05:00,17096.576540886723,4,59
2022-07-29,17079.15,17095.05,17078.95,17084.7,14:10:00,17094.916870326084,4,60
2022-07-29,17065.05,17078.7,17061.5,17078.55,14:15:00,17092.072406485502,4,61
2022-07-29,17087.4,17087.6,17064.1,17065.3,14:20:00,17091.627415391646,4,62
2022-07-29,17095.25,17097.25,17082.95,17087.7,14:25:00,17091.972423449584,4,63
2022-07-29,17094.0,17098.85,17089.7,17095.05,14:30:00,17092.165525978195,4,64
2022-07-29,17092.2,17098.4,17089.25,17094.65,14:35:00,17092.168809218365,4,65
2022-07-29,17096.9,17096.9,17076.65,17092.85,14:40:00,17092.619398816616,4,66
2022-07-29,17085.35,17102.65,17085.1,17096.35,14:45:00,17091.927075119795,4,67
2022-07-29,17091.75,17093.45,17071.6,17085.75,14:50:00,17091.910210822673,4,68
2022-07-29,17111.85,17117.45,17091.3,17091.3,14:55:00,17093.80923836337,4,69
2022-07-29,17150.15,17155.45,17110.75,17110.75,15:00:00,17099.175025185905,4,70
2022-07-29,17147.85,17151.65,17143.05,17149.9,15:05:00,17103.81073707296,4,71
2022-07-29,17159.8,17169.5,17147.4,17147.4,15:10:00,17109.143047827914,4,72
2022-07-29,17171.75,17172.8,17159.15,17159.55,15:15:00,17115.105614701446,4,73
2022-07-29,17166.45,17171.4,17164.55,17171.15,15:20:00,17119.99555615845,4,74
2022-07-29,17157.95,17168.75,17153.95,17166.55,15:25:00,17123.61026509574,4,75
2022-08-01,17180.5,17243.7,17178.0,17243.7,09:15:00,17129.028335086623,0,1
2022-08-01,17230.9,17232.7,17154.8,17180.7,09:20:00,17138.730398411706,0,2
2022-08-01,17222.75,17244.8,17220.5,17232.6,09:25:00,17146.73226522964,0,3
2022-08-01,17229.85,17232.8,17212.2,17224.0,09:30:00,17154.648239969672,0,4
2022-08-01,17227.0,17235.4,17224.9,17230.25,09:35:00,17161.538883782086,0,5
2022-08-01,17230.05,17231.5,17214.05,17227.95,09:40:00,17168.063751993315,0,6
2022-08-01,17252.35,17254.85,17225.8,17230.2,09:45:00,17176.09101370824,0,7
2022-08-01,17261.2,17263.15,17251.65,17253.65,09:50:00,17184.19663145031,0,8
2022-08-01,17252.45,17262.45,17249.55,17261.45,09:55:00,17190.696952264567,0,9
2022-08-01,17264.05,17266.45,17249.4,17252.3,10:00:00,17197.682956810797,0,10
2022-08-01,17268.05,17270.65,17255.55,17263.5,10:05:00,17204.384579971673,0,11
2022-08-01,17272.95,17275.65,17267.05,17267.05,10:10:00,17210.91461997437,0,12
2022-08-01,17271.35,17280.85,17265.1,17273.05,10:15:00,17216.670370453,0,13
2022-08-01,17276.75,17278.55,17268.8,17271.0,10:20:00,17222.39223993367,0,14
2022-08-01,17263.55,17277.45,17259.65,17277.1,10:25:00,17226.312026606654,0,15
2022-08-01,17267.4,17268.0,17255.9,17263.7,10:30:00,17230.22516692983,0,16
2022-08-01,17283.8,17285.15,17267.0,17267.25,10:35:00,17235.327531984134,0,17
2022-08-01,17284.0,17286.35,17277.8,17283.1,10:40:00,17239.963005128502,0,18
2022-08-01,17279.8,17286.95,17275.45,17284.4,10:45:00,17243.757004640072,0,19
2022-08-01,17273.0,17281.7,17269.0,17280.5,10:50:00,17246.54205181721,0,20
2022-08-01,17270.75,17280.7,17268.6,17274.05,10:55:00,17248.847570691763,0,21
2022-08-01,17278.4,17282.95,17270.2,17270.5,11:00:00,17251.66208776874,0,22
2022-08-01,17274.25,17278.25,17263.35,17277.6,11:05:00,17253.81331750505,0,23
2022-08-01,17266.0,17278.45,17266.0,17274.9,11:10:00,17254.973953933142,0,24
2022-08-01,17269.45,17270.8,17262.85,17266.95,11:15:00,17256.35262498713,0,25
2022-08-01,17262.85,17273.85,17260.05,17269.85,11:20:00,17256.971422607403,0,26
2022-08-01,17256.2,17268.4,17249.15,17263.25,11:25:00,17256.89795378765,0,27
2022-08-01,17256.7,17264.45,17252.4,17256.3,11:30:00,17256.879101045968,0,28
2022-08-01,17268.1,17268.35,17254.9,17256.5,11:35:00,17257.94775808921,0,29
2022-08-01,17266.25,17269.6,17258.95,17267.3,11:40:00,17258.738447795,0,30
2022-08-01,17274.4,17278.25,17266.0,17267.55,11:45:00,17260.230024195476,0,31
2022-08-01,17273.1,17276.7,17266.55,17274.7,11:50:00,17261.45573617686,0,32
2022-08-01,17266.95,17275.6,17265.65,17272.6,11:55:00,17261.97899939811,0,33
2022-08-01,17258.85,17268.65,17258.85,17266.75,12:00:00,17261.68099945543,0,34
2022-08-01,17253.3,17260.55,17249.75,17259.2,12:05:00,17260.882809031104,0,35
2022-08-01,17261.7,17263.05,17252.65,17252.65,12:10:00,17260.960636742428,0,36
2022-08-01,17272.3,17277.6,17261.25,17261.45,12:15:00,17262.04057610029,0,37
2022-08-01,17273.5,17275.45,17267.85,17272.15,12:20:00,17263.131949805025,0,38
2022-08-01,17282.85,17283.5,17271.4,17272.8,12:25:00,17265.009859347403,0,39
2022-08-01,17291.25,17292.35,17282.35,17282.35,12:30:00,17267.508920361935,0,40
2022-08-01,17282.15,17293.8,17281.55,17291.15,12:35:00,17268.903308898894,0,41
2022-08-01,17289.4,17289.65,17282.0,17282.45,12:40:00,17270.85537471805,0,42
2022-08-01,17292.1,17296.1,17288.8,17289.0,12:45:00,17272.87867236395,0,43
2022-08-01,17291.1,17292.45,17285.3,17291.2,12:50:00,17274.614036900715,0,44
2022-08-01,17295.1,17297.45,17284.8,17290.05,12:55:00,17276.56508100541,0,45
2022-08-01,17295.85,17300.65,17289.0,17294.85,13:00:00,17278.401739957277,0,46
2022-08-01,17289.85,17295.6,17287.75,17295.3,13:05:00,17279.492050437537,0,47
2022-08-01,17286.6,17291.8,17283.45,17291.1,13:10:00,17280.168998014913,0,48
2022-08-01,17281.3,17288.75,17279.3,17285.95,13:15:00,17280.27671248968,0,49
2022-08-01,17285.55,17287.6,17276.8,17281.15,13:20:00,17280.778930347806,0,50
2022-08-01,17294.3,17296.7,17285.7,17286.05,13:25:00,17282.06665126706,0,51
2022-08-01,17299.25,17299.25,17293.75,17294.7,13:30:00,17283.7031606702,0,52
2022-08-01,17299.6,17300.85,17287.2,17298.8,13:35:00,17285.217145368275,0,53
2022-08-01,17296.95,17304.95,17293.35,17299.45,13:40:00,17286.334560095107,0,54
2022-08-01,17295.35,17297.9,17286.85,17297.65,13:45:00,17287.193173419382,0,55
2022-08-01,17298.5,17300.45,17290.75,17294.6,13:50:00,17288.270014046106,0,56
2022-08-01,17308.35,17310.5,17297.1,17299.3,13:55:00,17290.18239366076,0,57
2022-08-01,17314.55,17318.4,17308.9,17308.9,14:00:00,17292.503118074022,0,58
2022-08-01,17315.3,17315.3,17310.35,17314.7,14:05:00,17294.67424968602,0,59
2022-08-01,17309.7,17315.6,17307.85,17314.75,14:10:00,17296.10527352545,0,60
2022-08-01,17304.55,17311.95,17299.55,17309.9,14:15:00,17296.909533189693,0,61
2022-08-01,17301.9,17305.6,17295.25,17304.4,14:20:00,17297.384815743055,0,62
2022-08-01,17310.05,17310.5,17298.75,17301.55,14:25:00,17298.591023767527,0,63
2022-08-01,17308.15,17317.1,17307.65,17308.9,14:30:00,17299.501402456335,0,64
2022-08-01,17315.8,17320.15,17301.05,17308.5,14:35:00,17301.053649841444,0,65
2022-08-01,17323.4,17326.85,17308.85,17315.2,14:40:00,17303.181873666068,0,66
2022-08-01,17324.35,17326.15,17315.3,17323.75,14:45:00,17305.19788569787,0,67
2022-08-01,17324.25,17329.7,17321.3,17324.55,14:50:00,17307.012372774265,0,68
2022-08-01,17327.95,17332.2,17319.95,17324.35,14:55:00,17309.00643251005,0,69
2022-08-01,17349.45,17351.55,17322.95,17326.6,15:00:00,17312.858200842427,0,70
2022-08-01,17350.8,17356.25,17346.7,17349.2,15:05:00,17316.4717055241,0,71
2022-08-01,17334.9,17351.0,17334.45,17350.65,15:10:00,17318.226781188474,0,72
2022-08-01,17343.4,17344.95,17330.75,17334.75,15:15:00,17320.624230599096,0,73
2022-08-01,17334.25,17348.9,17332.85,17342.65,15:20:00,17321.921922922993,0,74
2022-08-01,17332.3,17337.05,17328.6,17334.4,15:25:00,17322.91031121604,0,75
2022-08-02,17295.95,17304.65,17268.2,17294.2,09:15:00,17320.342662528798,1,1
2022-08-02,17298.35,17312.15,17280.6,17297.45,09:20:00,17318.24812324034,1,2
2022-08-02,17322.15,17331.35,17290.15,17299.0,09:25:00,17318.619730550785,1,3
2022-08-02,17321.65,17330.05,17307.25,17321.45,09:30:00,17318.908327641187,1,4
2022-08-02,17315.8,17321.95,17312.1,17321.6,09:35:00,17318.612296437263,1,5
2022-08-02,17306.95,17322.05,17294.1,17315.45,09:40:00,17317.501601538475,1,6
2022-08-02,17272.45,17307.85,17270.9,17306.15,09:45:00,17313.210972820525,1,7
2022-08-02,17258.65,17270.35,17253.5,17270.35,09:50:00,17308.014689694763,1,8
2022-08-02,17240.65,17262.15,17236.4,17259.05,09:55:00,17301.59900496193,1,9
2022-08-02,17242.45,17243.2,17227.3,17241.3,10:00:00,17295.965766394125,1,10
2022-08-02,17227.1,17247.45,17222.8,17242.8,10:05:00,17289.407121975637,1,11
2022-08-02,17226.3,17227.35,17215.85,17226.9,10:10:00,17283.396919882718,1,12
2022-08-02,17244.55,17246.75,17225.3,17225.65,10:15:00,17279.69721322722,1,13
2022-08-02,17248.7,17256.6,17234.35,17245.0,10:20:00,17276.74509768177,1,14
2022-08-02,17240.95,17251.25,17236.95,17248.5,10:25:00,17273.3360407597,1,15
2022-08-02,17254.8,17256.75,17240.25,17240.85,10:30:00,17271.57070354449,1,16
2022-08-02,17266.5,17268.7,17255.1,17255.1,10:35:00,17271.087779397396,1,17
2022-08-02,17265.1,17269.9,17259.1,17266.9,10:40:00,17270.51751469288,1,18
2022-08-02,17258.05,17273.9,17256.6,17265.65,10:45:00,17269.330132341176,1,19
2022-08-02,17268.35,17268.5,17253.55,17258.1,10:50:00,17269.236786403922,1,20
2022-08-02,17259.65,17268.95,17257.2,17268.95,10:55:00,17268.323759127357,1,21
2022-08-02,17243.85,17260.3,17241.15,17259.8,11:00:00,17265.99292492475,1,22
2022-08-02,17244.5,17248.75,17239.15,17243.45,11:05:00,17263.94597969382,1,23
2022-08-02,17254.9,17259.75,17244.5,17244.75,11:10:00,17263.08445781822,1,24
2022-08-02,17253.0,17255.35,17243.8,17254.8,11:15:00,17262.124033264103,1,25
2022-08-02,17264.9,17265.75,17253.25,17253.8,11:20:00,17262.388411048476,1,26
2022-08-02,17263.85,17267.3,17257.35,17264.5,11:25:00,17262.52760999624,1,27
2022-08-02,17281.2,17283.7,17263.35,17264.75,11:30:00,17264.305932853742,1,28
2022-08-02,17298.9,17299.45,17279.65,17281.4,11:35:00,17267.60060591529,1,29
2022-08-02,17300.5,17304.3,17288.15,17298.05,11:40:00,17270.733881542405,1,30
2022-08-02,17291.8,17303.6,17289.65,17300.4,11:45:00,17272.740178538366,1,31
2022-08-02,17289.85,17293.3,17281.75,17291.95,11:50:00,17274.369685344238,1,32
2022-08-02,17292.15,17294.85,17284.05,17291.15,11:55:00,17276.063048644784,1,33
2022-08-02,17287.1,17297.1,17285.45,17291.75,12:00:00,17277.11418686909,1,34
2022-08-02,17281.4,17287.05,17274.5,17286.9,12:05:00,17277.522359548224,1,35
2022-08-02,17292.4,17293.1,17280.4,17280.55,12:10:00,17278.939277686488,1,36
2022-08-02,17297.2,17304.45,17290.9,17292.45,12:15:00,17280.678394097296,1,37
2022-08-02,17296.9,17301.05,17294.15,17296.75,12:20:00,17282.223308945173,1,38
2022-08-02,17295.7,17302.8,17287.25,17296.35,12:25:00,17283.506803331347,1,39
2022-08-02,17292.3,17301.15,17291.05,17294.95,12:30:00,17284.344250633123,1,40
2022-08-02,17251.0,17292.4,17244.45,17292.15,12:35:00,17281.16860771568,1,41
2022-08-02,17240.85,17258.9,17237.95,17251.1,12:40:00,17277.328740314188,1,42
2022-08-02,17254.95,17255.7,17234.6,17239.7,12:45:00,17275.197431712837,1,43
2022-08-02,17267.5,17267.7,17248.6,17254.4,12:50:00,17274.46434297828,1,44
2022-08-02,17266.35,17272.95,17258.85,17266.6,12:55:00,17273.691548408922,1,45
2022-08-02,17262.35,17267.55,17252.6,17267.0,13:00:00,17272.611400941405,1,46
2022-08-02,17270.0,17272.4,17258.15,17261.5,13:05:00,17272.36269608984,1,47
2022-08-02,17263.95,17280.75,17261.35,17269.15,13:10:00,17271.561486938426,1,48
2022-08-02,17277.05,17277.05,17263.1,17263.15,13:15:00,17272.0842024681,1,49
2022-08-02,17279.2,17282.35,17275.25,17276.75,13:20:00,17272.76189747114,1,50
2022-08-02,17270.7,17283.0,17269.95,17277.95,13:25:00,17272.56552628341,1,51
2022-08-02,17280.0,17294.7,17266.8,17271.85,13:30:00,17273.273571399277,1,52
2022-08-02,17289.4,17289.7,17275.95,17280.35,13:35:00,17274.809421742204,1,53
2022-08-02,17286.75,17293.6,17283.9,17289.05,13:40:00,17275.94661967152,1,54
2022-08-02,17307.9,17308.3,17286.2,17286.2,13:45:00,17278.989798750423,1,55
2022-08-02,17320.9,17321.15,17306.85,17308.05,13:50:00,17282.981246488478,1,56
2022-08-02,17315.05,17323.5,17313.8,17321.0,13:55:00,17286.035413489575,1,57
2022-08-02,17330.6,17331.85,17310.9,17314.95,14:00:00,17290.2796598239,1,58
2022-08-02,17336.85,17343.55,17328.15,17330.8,14:05:00,17294.714930316863,1,59
2022-08-02,17322.35,17346.6,17321.45,17336.7,14:10:00,17297.346841715254,1,60
2022-08-02,17338.45,17339.7,17316.9,17322.25,14:15:00,17301.261428218564,1,61
2022-08-02,17352.3,17355.05,17338.4,17338.4,14:20:00,17306.1222445787,1,62
2022-08-02,17346.6,17356.65,17346.1,17352.85,14:25:00,17309.97726890454,1,63
2022-08-02,17352.95,17355.0,17345.8,17347.05,14:30:00,17314.06990996125,1,64
2022-08-02,17374.1,17375.5,17353.85,17353.85,14:35:00,17319.787061393512,1,65
2022-08-02,17383.55,17383.95,17373.4,17374.0,14:40:00,17325.859722213176,1,66
2022-08-02,17376.6,17390.15,17373.4,17383.4,14:45:00,17330.692129621446,1,67
2022-08-02,17361.6,17378.25,17361.6,17377.05,14:50:00,17333.635736324166,1,68
2022-08-02,17373.3,17375.4,17357.1,17360.3,14:55:00,17337.413285245675,1,69
2022-08-02,17354.85,17380.4,17340.05,17373.2,15:00:00,17339.073924746088,1,70
2022-08-02,17377.6,17380.95,17354.2,17354.2,15:05:00,17342.743074770267,1,71
2022-08-02,17364.8,17377.3,17361.5,17376.7,15:10:00,17344.843734315957,1,72
2022-08-02,17341.45,17364.6,17340.05,17364.6,15:15:00,17344.520521523962,1,73
2022-08-02,17301.85,17341.2,17299.0,17341.2,15:20:00,17340.456662331206,1,74
2022-08-02,17294.85,17302.55,17287.0,17302.55,15:25:00,17336.113170680615,1,75
2022-08-03,17359.65,17382.5,17311.8,17350.25,09:15:00,17338.354773472936,2,1
2022-08-03,17382.1,17385.0,17355.6,17362.2,09:20:00,17342.520985523133,2,2
2022-08-03,17357.6,17383.9,17357.3,17380.45,09:25:00,17343.957082139976,2,3
2022-08-03,17331.8,17358.3,17319.7,17357.1,09:30:00,17342.799264793313,2,4
2022-08-03,17302.0,17333.7,17296.3,17331.4,09:35:00,17338.913620527284,2,5
2022-08-03,17273.4,17309.9,17270.0,17301.95,09:40:00,17332.674228096115,2,6
2022-08-03,17294.9,17296.05,17262.2,17272.65,09:45:00,17329.076682563154,2,7
2022-08-03,17296.95,17325.75,17294.2,17296.05,09:50:00,17326.01699850952,2,8
2022-08-03,17317.5,17318.35,17296.1,17297.65,09:55:00,17325.205855794327,2,9
2022-08-03,17309.4,17326.4,17309.4,17317.9,10:00:00,17323.70053619487,2,10
2022-08-03,17311.85,17317.3,17303.2,17310.65,10:05:00,17322.571913700118,2,11
2022-08-03,17300.1,17315.55,17295.5,17311.55,10:10:00,17320.431731442965,2,12
2022-08-03,17297.05,17300.75,17285.1,17300.6,10:15:00,17318.204899876968,2,13
2022-08-03,17280.4,17299.05,17274.4,17297.15,10:20:00,17314.60443322202,2,14
2022-08-03,17259.0,17284.15,17257.2,17280.95,10:25:00,17309.30877291516,2,15
2022-08-03,17263.45,17264.1,17250.2,17259.5,10:30:00,17304.941270732765,2,16
2022-08-03,17265.65,17275.75,17261.65,17262.85,10:35:00,17301.19924494869,2,17
2022-08-03,17276.3,17283.65,17257.95,17266.25,10:40:00,17298.82788828691,2,18
2022-08-03,17265.45,17276.7,17263.55,17276.5,10:45:00,17295.649041783392,2,19
2022-08-03,17262.15,17268.35,17256.75,17265.15,10:50:00,17292.458656851642,2,20
2022-08-03,17261.65,17269.7,17257.3,17262.2,10:55:00,17289.524499056246,2,21
2022-08-03,17265.15,17271.05,17256.15,17261.45,11:00:00,17287.203118193745,2,22
2022-08-03,17244.6,17269.7,17235.35,17264.75,11:05:00,17283.14567836577,2,23
2022-08-03,17236.85,17247.15,17235.2,17244.05,11:10:00,17278.73656614046,2,24
2022-08-03,17232.75,17245.45,17226.85,17236.8,11:15:00,17274.3568931747,2,25
2022-08-03,17233.25,17236.9,17225.85,17232.8,11:20:00,17270.441950967586,2,26
2022-08-03,17234.65,17236.05,17227.35,17233.65,11:25:00,17267.03319373258,2,27
2022-08-03,17237.0,17242.9,17227.4,17237.0,11:30:00,17264.17288956757,2,28
2022-08-03,17254.7,17256.7,17236.2,17237.7,11:35:00,17263.270709608754,2,29
2022-08-03,17266.1,17268.65,17254.45,17254.45,11:40:00,17263.540165836494,2,30
2022-08-03,17271.7,17279.7,17266.0,17266.55,11:45:00,17264.317292899686,2,31
2022-08-03,17265.25,17276.45,17261.35,17271.95,11:50:00,17264.406122147335,2,32
2022-08-03,17253.3,17269.35,17253.1,17265.15,11:55:00,17263.348396228543,2,33
2022-08-03,17244.5,17256.55,17242.75,17252.5,12:00:00,17261.55331087344,2,34
2022-08-03,17245.85,17255.05,17243.6,17243.6,12:05:00,17260.05775745692,2,35
2022-08-03,17248.35,17251.85,17242.25,17246.25,12:10:00,17258.942732937216,2,36
2022-08-03,17239.4,17256.6,17232.75,17248.65,12:15:00,17257.08152027653,2,37
2022-08-03,17255.65,17257.7,17236.35,17238.45,12:20:00,17256.9451850121,2,38
2022-08-03,17269.35,17271.7,17256.5,17256.5,12:25:00,17258.126595963327,2,39
2022-08-03,17269.15,17270.8,17262.15,17269.25,12:30:00,17259.17644396682,2,40
2022-08-03,17269.6,17276.5,17263.5,17269.55,12:35:00,17260.169163589027,2,41
2022-08-03,17263.85,17275.6,17263.15,17269.7,12:40:00,17260.519719437692,2,42
2022-08-03,17286.85,17287.8,17260.45,17263.15,12:45:00,17263.02736520553,2,43
2022-08-03,17297.5,17301.4,17287.05,17287.05,12:50:00,17266.31047328119,2,44
2022-08-03,17294.05,17305.5,17294.05,17297.0,12:55:00,17268.952332968696,2,45
2022-08-03,17291.2,17295.1,17282.75,17294.15,13:00:00,17271.07115840025,2,46
2022-08-03,17292.05,17293.5,17285.65,17291.45,13:05:00,17273.06914331451,2,47
2022-08-03,17287.9,17293.8,17279.1,17291.65,13:10:00,17274.481605855985,2,48
2022-08-03,17285.7,17296.35,17285.65,17288.1,13:15:00,17275.55002434589,2,49
2022-08-03,17295.45,17297.9,17274.1,17285.2,13:20:00,17277.44526012247,2,50
2022-08-03,17289.95,17302.15,17289.95,17296.1,13:25:00,17278.636187729855,2,51
2022-08-03,17293.0,17296.0,17285.35,17290.3,13:30:00,17280.00416985082,2,52
2022-08-03,17286.95,17295.25,17275.2,17292.55,13:35:00,17280.665677484074,2,53
2022-08-03,17275.85,17288.35,17260.3,17287.75,13:40:00,17280.20704153321,2,54
2022-08-03,17277.7,17283.7,17270.05,17277.75,13:45:00,17279.9682756729,2,55
2022-08-03,17280.65,17282.55,17267.75,17278.45,13:50:00,17280.03320179929,2,56
2022-08-03,17288.05,17291.6,17280.05,17280.5,13:55:00,17280.796706389836,2,57
2022-08-03,17308.85,17309.55,17282.25,17288.3,14:00:00,17283.46844863842,2,58
2022-08-03,17314.45,17318.1,17302.8,17308.8,14:05:00,17286.41907257762,2,59
2022-08-03,17305.4,17314.65,17304.5,17314.65,14:10:00,17288.226779951183,2,60
2022-08-03,17307.25,17309.45,17288.55,17305.75,14:15:00,17290.038515193926,2,61
2022-08-03,17319.8,17322.3,17305.85,17307.15,14:20:00,17292.872942318314,2,62
2022-08-03,17314.9,17330.2,17314.3,17320.15,14:25:00,17294.970757335617,2,63
2022-08-03,17310.3,17318.2,17308.85,17314.15,14:30:00,17296.430685208416,2,64
2022-08-03,17308.85,17311.4,17301.2,17310.6,14:35:00,17297.613477093328,2,65
2022-08-03,17333.65,17337.0,17310.25,17310.3,14:40:00,17301.045526893962,2,66
2022-08-03,17329.75,17341.2,17325.75,17335.3,14:45:00,17303.779286237394,2,67
2022-08-03,17326.35,17336.1,17325.6,17328.7,14:50:00,17305.928878024308,2,68
2022-08-03,17335.35,17335.55,17325.4,17325.55,14:55:00,17308.73088964104,2,69
2022-08-03,17381.4,17382.15,17336.5,17336.5,15:00:00,17315.651757294276,2,70
2022-08-03,17383.65,17386.7,17374.9,17381.45,15:05:00,17322.127780409108,2,71
2022-08-03,17401.15,17403.25,17383.95,17384.15,15:10:00,17329.65370608443,2,72
2022-08-03,17388.8,17402.3,17387.6,17401.1,15:15:00,17335.28668645734,2,73
2022-08-03,17397.8,17400.3,17388.9,17388.9,15:20:00,17341.240335366165,2,74
2022-08-03,17392.9,17407.5,17390.2,17397.3,15:25:00,17346.160303426528,2,75
2022-08-04,17465.1,17490.7,17454.1,17467.55,09:15:00,17357.48789357638,3,1
2022-08-04,17453.3,17465.95,17446.95,17464.6,09:20:00,17366.612856092917,3,2
2022-08-04,17460.35,17476.5,17453.0,17453.85,09:25:00,17375.540203131684,3,3
2022-08-04,17465.55,17466.1,17449.7,17461.95,09:30:00,17384.112564738192,3,4
2022-08-04,17455.75,17465.3,17453.9,17464.35,09:35:00,17390.935177620267,3,5
2022-08-04,17464.05,17470.55,17453.3,17455.15,09:40:00,17397.898494037385,3,6
2022-08-04,17475.8,17479.85,17463.85,17464.35,09:45:00,17405.31768508144,3,7
2022-08-04,17485.8,17488.25,17474.4,17476.3,09:50:00,17412.98266745464,3,8
2022-08-04,17464.9,17486.25,17464.3,17485.7,09:55:00,17417.9271753161,3,9
2022-08-04,17459.7,17471.6,17458.2,17465.75,10:00:00,17421.90553957171,3,10
2022-08-04,17443.95,17463.7,17440.75,17460.3,10:05:00,17424.005011993453,3,11
2022-08-04,17434.3,17444.1,17428.05,17444.1,10:10:00,17424.985487041697,3,12
2022-08-04,17446.2,17447.85,17433.4,17434.9,10:15:00,17427.00591684725,3,13
2022-08-04,17433.65,17448.15,17433.65,17445.75,10:20:00,17427.638686671322,3,14
2022-08-04,17421.45,17433.85,17419.55,17433.85,10:25:00,17427.04928794072,3,15
2022-08-04,17422.7,17428.25,17413.4,17421.4,10:30:00,17426.635070041604,3,16
2022-08-04,17417.1,17428.15,17416.15,17423.05,10:35:00,17425.72696813288,3,17
2022-08-04,17416.15,17426.0,17410.0,17416.65,10:40:00,17424.814875929747,3,18
2022-08-04,17432.2,17441.9,17414.55,17416.65,10:45:00,17425.518221079295,3,19
2022-08-04,17431.65,17438.25,17426.6,17431.35,10:50:00,17426.102200024125,3,20
2022-08-04,17426.9,17436.65,17425.95,17432.9,10:55:00,17426.178180974206,3,21
2022-08-04,17423.6,17428.6,17413.35,17426.5,11:00:00,17425.932639929044,3,22
2022-08-04,17414.4,17427.65,17414.2,17424.05,11:05:00,17424.834293269138,3,23
2022-08-04,17397.25,17420.6,17396.75,17414.25,11:10:00,17422.207217719697,3,24
2022-08-04,17360.55,17396.2,17350.85,17396.15,11:15:00,17416.335101746394,3,25
2022-08-04,17352.0,17378.3,17352.0,17361.7,11:20:00,17410.207949199117,3,26
2022-08-04,17298.65,17359.2,17292.15,17354.65,11:25:00,17399.583382608726,3,27
2022-08-04,17250.25,17314.1,17248.65,17298.45,11:30:00,17385.36115569361,3,28
2022-08-04,17272.4,17284.5,17244.55,17248.6,11:35:00,17374.602950389453,3,29
2022-08-04,17233.1,17276.15,17230.9,17273.3,11:40:00,17361.12647892379,3,30
2022-08-04,17200.35,17232.75,17161.25,17232.65,11:45:00,17345.814433312,3,31
2022-08-04,17262.75,17264.85,17194.55,17198.95,11:50:00,17337.903534901332,3,32
2022-08-04,17238.3,17264.8,17237.4,17262.8,11:55:00,17328.417483958347,3,33
2022-08-04,17261.15,17261.65,17224.6,17236.6,12:00:00,17322.011056914696,3,34
2022-08-04,17295.6,17296.55,17260.1,17261.05,12:05:00,17319.495718160917,3,35
2022-08-04,17307.3,17312.55,17292.65,17295.5,12:10:00,17318.33422119321,3,36
2022-08-04,17308.1,17311.2,17293.15,17308.15,12:15:00,17317.359533460523,3,37
2022-08-04,17272.3,17314.85,17271.15,17307.15,12:20:00,17313.068149321425,3,38
2022-08-04,17287.35,17298.05,17259.6,17271.7,12:25:00,17310.618801767003,3,39
2022-08-04,17283.8,17291.3,17272.1,17287.5,12:30:00,17308.064630170145,3,40
2022-08-04,17294.7,17304.45,17283.75,17283.75,12:35:00,17306.791808249178,3,41
2022-08-04,17300.95,17302.1,17286.45,17295.5,12:40:00,17306.23544555878,3,42
2022-08-04,17301.3,17309.1,17292.25,17301.05,12:45:00,17305.76540312461,3,43
2022-08-04,17318.3,17325.85,17296.45,17301.4,12:50:00,17306.959174255597,3,44
2022-08-04,17327.6,17328.1,17313.4,17317.55,12:55:00,17308.924967183633,3,45
2022-08-04,17335.3,17348.95,17327.9,17327.9,13:00:00,17311.436875070907,3,46
2022-08-04,17303.9,17339.55,17303.9,17334.5,13:05:00,17310.71907744511,3,47
2022-08-04,17313.4,17318.6,17294.0,17303.65,13:10:00,17310.974403402717,3,48
2022-08-04,17328.15,17331.9,17312.1,17312.1,13:15:00,17312.61017450722,3,49
2022-08-04,17322.25,17336.85,17321.25,17328.2,13:20:00,17313.52825312558,3,50
2022-08-04,17332.15,17332.15,17316.2,17322.55,13:25:00,17315.301752827905,3,51
2022-08-04,17309.7,17334.05,17304.8,17331.75,13:30:00,17314.76825255858,3,52
2022-08-04,17326.15,17326.7,17292.35,17309.9,13:35:00,17315.85222850538,3,53
2022-08-04,17324.45,17332.45,17323.4,17326.35,13:40:00,17316.67106388582,3,54
2022-08-04,17329.55,17337.45,17317.0,17324.5,13:45:00,17317.89762923003,3,55
2022-08-04,17324.9,17334.25,17322.2,17329.0,13:50:00,17318.56452168431,3,56
2022-08-04,17310.4,17329.8,17305.3,17326.95,13:55:00,17317.786948190565,3,57
2022-08-04,17290.85,17311.15,17284.95,17309.8,14:00:00,17315.221524553366,3,58
2022-08-04,17268.1,17302.05,17265.2,17291.9,14:05:00,17310.733760310188,3,59
2022-08-04,17285.3,17290.05,17267.85,17267.85,14:10:00,17308.311497423503,3,60
2022-08-04,17302.45,17303.25,17278.7,17285.75,14:15:00,17307.753259573645,3,61
2022-08-04,17290.8,17302.3,17279.45,17301.75,14:20:00,17306.13866342377,3,62
2022-08-04,17289.0,17297.9,17280.9,17289.95,14:25:00,17304.506409764366,3,63
2022-08-04,17313.75,17318.15,17288.9,17288.9,14:30:00,17305.38675169157,3,64
2022-08-04,17303.15,17318.05,17300.05,17314.2,14:35:00,17305.173727720947,3,65
2022-08-04,17326.35,17330.75,17301.3,17304.3,14:40:00,17307.190515557046,3,66
2022-08-04,17336.9,17341.55,17322.9,17327.1,14:45:00,17310.0199902659,3,67
2022-08-04,17354.4,17364.15,17336.95,17336.95,14:50:00,17314.246657859625,3,68
2022-08-04,17349.2,17361.9,17340.75,17354.5,14:55:00,17317.57554758728,3,69
2022-08-04,17393.6,17396.85,17348.9,17349.05,15:00:00,17324.815971626587,3,70
2022-08-04,17394.75,17396.45,17382.0,17394.35,15:05:00,17331.4763552812,3,71
2022-08-04,17377.4,17406.7,17368.05,17394.6,15:10:00,17335.85003573061,3,72
2022-08-04,17362.3,17383.0,17355.3,17377.25,15:15:00,17338.369079946744,3,73
2022-08-04,17374.1,17385.0,17360.6,17362.1,15:20:00,17341.772024713722,3,74
2022-08-04,17364.0,17376.7,17356.45,17374.6,15:25:00,17343.888974740985,3,75
2022-08-05,17392.7,17438.45,17389.3,17416.95,09:15:00,17348.537643813273,4,1
2022-08-05,17439.35,17441.9,17392.25,17392.25,09:20:00,17357.18643964058,4,2
2022-08-05,17446.2,17446.95,17426.25,17438.9,09:25:00,17365.663921579573,4,3
2022-08-05,17440.05,17455.95,17431.95,17447.05,09:30:00,17372.748310000567,4,4
2022-08-05,17442.6,17447.8,17432.65,17439.2,09:35:00,17379.400851905273,4,5
2022-08-05,17417.85,17446.3,17417.85,17441.75,09:40:00,17383.062675533343,4,6
2022-08-05,17426.25,17426.25,17410.85,17418.35,09:45:00,17387.175754053977,4,7
2022-08-05,17434.8,17436.7,17422.35,17425.3,09:50:00,17391.711396525025,4,8
2022-08-05,17448.65,17454.55,17434.65,17435.3,09:55:00,17397.134120665498,4,9
2022-08-05,17428.15,17462.6,17428.15,17448.5,10:00:00,17400.088013935452,4,10
2022-08-05,17439.55,17449.7,17392.95,17427.65,10:05:00,17403.84629832255,4,11
2022-08-05,17432.05,17447.9,17424.2,17439.0,10:10:00,17406.532365148974,4,12
2022-08-05,17418.85,17436.35,17413.1,17432.3,10:15:00,17407.705473230024,4,13
2022-08-05,17431.7,17443.3,17414.25,17418.65,10:20:00,17409.990666255737,4,14
2022-08-05,17446.5,17447.4,17425.1,17432.0,10:25:00,17413.467745659953,4,15
2022-08-05,17451.4,17459.35,17441.3,17447.3,10:30:00,17417.080341311386,4,16
2022-08-05,17441.0,17454.2,17432.65,17451.65,10:35:00,17419.358404043636,4,17
2022-08-05,17434.1,17440.85,17429.05,17440.65,10:40:00,17420.762365563292,4,18
2022-08-05,17427.4,17437.35,17426.05,17435.05,10:45:00,17421.39452122393,4,19
2022-08-05,17446.6,17446.6,17426.55,17427.55,10:50:00,17423.795043012127,4,20
2022-08-05,17444.75,17447.15,17436.25,17446.0,10:55:00,17425.79075320145,4,21
2022-08-05,17453.85,17454.95,17442.55,17444.3,11:00:00,17428.46306242036,4,22
2022-08-05,17469.8,17472.0,17453.4,17453.75,11:05:00,17432.39991361842,4,23
2022-08-05,17466.95,17474.4,17461.0,17468.5,11:10:00,17435.690398035716,4,24
2022-08-05,17449.85,17468.7,17449.75,17467.75,11:15:00,17437.038931556126,4,25
2022-08-05,17458.3,17461.15,17446.75,17449.9,11:20:00,17439.063795217447,4,26
2022-08-05,17451.9,17461.85,17451.9,17456.95,11:25:00,17440.286290911023,4,27
2022-08-05,17457.45,17458.55,17444.75,17452.7,11:30:00,17441.920929871878,4,28
2022-08-05,17445.55,17456.9,17439.95,17456.25,11:35:00,17442.266555598366,4,29
2022-08-05,17442.05,17445.5,17427.75,17445.25,11:40:00,17442.245931255664,4,30
2022-08-05,17440.15,17442.1,17431.25,17440.7,11:45:00,17442.046318755125,4,31
2022-08-05,17433.85,17442.55,17432.4,17439.95,11:50:00,17441.265716968923,4,32
2022-08-05,17428.75,17442.35,17423.55,17433.7,11:55:00,17440.073743924266,4,33
2022-08-05,17455.45,17457.15,17425.45,17427.9,12:00:00,17441.538149264812,4,34
2022-08-05,17454.35,17460.6,17449.65,17455.4,12:05:00,17442.758325525305,4,35
2022-08-05,17451.1,17456.35,17444.8,17453.95,12:10:00,17443.552770713373,4,36
2022-08-05,17447.75,17453.55,17445.85,17451.35,12:15:00,17443.95250683591,4,37
2022-08-05,17454.1,17456.35,17447.55,17447.55,12:20:00,17444.9189347563,4,38
2022-08-05,17451.2,17455.55,17445.3,17453.65,12:25:00,17445.517131446177,4,39
2022-08-05,17437.25,17453.95,17437.05,17451.75,12:30:00,17444.72978559416,4,40
2022-08-05,17437.4,17441.45,17433.7,17436.55,12:35:00,17444.03171077567,4,41
2022-08-05,17432.8,17443.9,17430.0,17437.2,12:40:00,17442.96202403513,4,42
2022-08-05,17419.75,17432.55,17410.75,17432.55,12:45:00,17440.751355079403,4,43
2022-08-05,17427.8,17430.25,17418.75,17419.9,12:50:00,17439.51789269089,4,44
2022-08-05,17413.1,17429.7,17410.85,17427.4,12:55:00,17437.001902910804,4,45
2022-08-05,17386.6,17411.6,17381.4,17411.5,13:00:00,17432.201721681202,4,46
2022-08-05,17401.45,17406.95,17384.45,17385.0,13:05:00,17429.27298628299,4,47
2022-08-05,17408.3,17418.6,17401.6,17401.95,13:10:00,17427.275559017944,4,48
2022-08-05,17395.4,17409.85,17393.85,17407.75,13:15:00,17424.239791492426,4,49
2022-08-05,17405.25,17406.95,17391.95,17397.45,13:20:00,17422.43123992172,4,50
2022-08-05,17409.1,17416.95,17403.9,17405.35,13:25:00,17421.161598024413,4,51
2022-08-05,17415.9,17418.5,17405.75,17409.2,13:30:00,17420.66049345066,4,52
2022-08-05,17424.7,17426.15,17413.75,17415.55,13:35:00,17421.045208360123,4,53
2022-08-05,17425.45,17434.3,17419.65,17424.8,13:40:00,17421.464712325826,4,54
2022-08-05,17430.65,17432.0,17419.8,17425.55,13:45:00,17422.33950162813,4,55
2022-08-05,17428.95,17430.65,17411.5,17429.65,13:50:00,17422.96907290164,4,56
2022-08-05,17417.2,17436.25,17413.95,17429.05,13:55:00,17422.4196373872,4,57
2022-08-05,17411.95,17420.35,17400.7,17416.65,14:00:00,17421.42252906461,4,58
2022-08-05,17410.25,17419.9,17406.95,17411.75,14:05:00,17420.358478677503,4,59
2022-08-05,17380.45,17411.65,17380.2,17409.75,14:10:00,17416.557671184408,4,60
2022-08-05,17389.25,17390.25,17366.45,17379.2,14:15:00,17413.956940595417,4,61
2022-08-05,17397.3,17402.05,17387.9,17388.0,14:20:00,17412.370565300615,4,62
2022-08-05,17365.55,17399.65,17363.0,17397.1,14:25:00,17407.91146384341,4,63
2022-08-05,17377.0,17388.6,17348.75,17363.65,14:30:00,17404.967514905944,4,64
2022-08-05,17367.55,17380.7,17366.25,17375.85,14:35:00,17401.403942057757,4,65
2022-08-05,17371.75,17374.75,17362.35,17367.4,14:40:00,17398.579757099877,4,66
2022-08-05,17397.2,17403.4,17372.05,17372.05,14:45:00,17398.44835166179,4,67
2022-08-05,17398.65,17400.55,17390.6,17397.65,14:50:00,17398.46755626543,4,68
2022-08-05,17387.8,17401.6,17372.65,17398.75,14:55:00,17397.451598525866,4,69
2022-08-05,17413.65,17416.8,17388.9,17388.9,15:00:00,17398.994303428164,4,70
2022-08-05,17392.95,17414.45,17386.1,17414.1,15:05:00,17398.418655482623,4,71
2022-08-05,17398.45,17401.9,17384.85,17394.15,15:10:00,17398.421640674755,4,72
2022-08-05,17399.9,17400.35,17385.35,17398.75,15:15:00,17398.56243680097,4,73
2022-08-05,17398.25,17405.4,17392.35,17400.25,15:20:00,17398.532680915163,4,74
2022-08-05,17389.05,17398.9,17383.25,17397.5,15:25:00,17397.629568447053,4,75
2022-08-08,17367.95,17422.75,17359.75,17404.1,09:15:00,17394.802942880666,0,1
2022-08-08,17373.0,17382.55,17367.3,17368.85,09:20:00,17392.726472130125,0,2
2022-08-08,17421.95,17428.65,17371.8,17373.15,09:25:00,17395.50966526059,0,3
2022-08-08,17407.4,17425.25,17402.45,17420.55,09:30:00,17396.642078092915,0,4
2022-08-08,17422.9,17435.2,17406.0,17406.85,09:35:00,17399.142832560257,0,5
2022-08-08,17435.65,17436.0,17414.35,17423.95,09:40:00,17402.61970564976,0,6
2022-08-08,17434.85,17443.7,17426.85,17436.2,09:45:00,17405.68925749264,0,7
2022-08-08,17420.7,17436.55,17420.7,17436.2,09:50:00,17407.11885201715,0,8
2022-08-08,17425.75,17429.65,17414.5,17420.9,09:55:00,17408.893247063133,0,9
2022-08-08,17427.8,17433.45,17414.85,17425.65,10:00:00,17410.69389019998,0,10
2022-08-08,17424.05,17429.05,17416.65,17428.05,10:05:00,17411.965900657124,0,11
2022-08-08,17439.3,17439.3,17422.2,17424.4,10:10:00,17414.569148213588,0,12
2022-08-08,17440.75,17449.8,17438.65,17439.6,10:15:00,17417.06256266944,0,13
2022-08-08,17444.2,17444.35,17434.8,17440.95,10:20:00,17419.647080510444,0,14
2022-08-08,17451.85,17455.55,17441.6,17444.15,10:25:00,17422.714025223733,0,15
2022-08-08,17455.3,17455.65,17446.3,17452.95,10:30:00,17425.8174513929,0,16
2022-08-08,17464.15,17465.2,17446.55,17455.0,10:35:00,17429.46817030786,0,17
2022-08-08,17460.8,17464.7,17455.45,17464.4,10:40:00,17432.452154088063,0,18
2022-08-08,17461.65,17468.7,17454.2,17460.6,10:45:00,17435.232901317773,0,19
2022-08-08,17475.1,17479.0,17459.7,17462.75,10:50:00,17439.029767858938,0,20
2022-08-08,17462.55,17477.25,17461.85,17475.35,10:55:00,17441.26978996761,0,21
2022-08-08,17464.05,17469.1,17459.05,17462.15,11:00:00,17443.439333780218,0,22
2022-08-08,17466.65,17471.45,17462.45,17463.25,11:05:00,17445.649873420196,0,23
2022-08-08,17457.5,17466.55,17453.85,17466.55,11:10:00,17446.778456903987,0,24
2022-08-08,17450.6,17466.95,17449.75,17457.4,11:15:00,17447.14241338932,0,25
2022-08-08,17462.4,17465.8,17450.6,17451.0,11:20:00,17448.595516876052,0,26
2022-08-08,17471.2,17472.4,17460.35,17462.75,11:25:00,17450.748324792617,0,27
2022-08-08,17477.65,17485.7,17471.65,17471.65,11:30:00,17453.310389098082,0,28
2022-08-08,17481.1,17485.9,17476.7,17477.45,11:35:00,17455.957018707788,0,29
2022-08-08,17466.6,17482.0,17465.75,17481.25,11:40:00,17456.970635973714,0,30
2022-08-08,17471.65,17474.4,17464.95,17467.85,11:45:00,17458.368670642885,0,31
2022-08-08,17463.4,17476.95,17462.45,17472.15,11:50:00,17458.847844867374,0,32
2022-08-08,17471.75,17472.1,17460.9,17463.15,11:55:00,17460.076621546672,0,33
2022-08-08,17476.4,17479.25,17471.1,17472.8,12:00:00,17461.631229018418,0,34
2022-08-08,17478.55,17481.4,17473.0,17476.35,12:05:00,17463.242540540472,0,35
2022-08-08,17503.05,17504.45,17477.85,17477.85,12:10:00,17467.033727155664,0,36
2022-08-08,17505.8,17509.55,17502.75,17503.65,12:15:00,17470.72575314084,0,37
2022-08-08,17515.65,17519.9,17505.5,17505.5,12:20:00,17475.00425284171,0,38
2022-08-08,17516.55,17520.2,17510.55,17515.45,12:25:00,17478.96099066631,0,39
2022-08-08,17523.25,17525.4,17513.25,17516.4,12:30:00,17483.178991555233,0,40
2022-08-08,17523.7,17528.2,17520.3,17522.35,12:35:00,17487.03813521664,0,41
2022-08-08,17517.7,17527.7,17517.7,17523.75,12:40:00,17489.958312815055,0,42
2022-08-08,17522.85,17524.7,17512.6,17517.2,12:45:00,17493.090854451715,0,43
2022-08-08,17522.55,17528.1,17522.0,17523.5,12:50:00,17495.896487361075,0,44
2022-08-08,17518.2,17523.8,17513.45,17522.3,12:55:00,17498.020631421925,0,45
2022-08-08,17530.55,17532.6,17518.85,17519.15,13:00:00,17501.1186665246,0,46
2022-08-08,17527.15,17534.35,17525.8,17530.85,13:05:00,17503.5978411413,0,47
2022-08-08,17520.3,17530.95,17517.9,17527.4,13:10:00,17505.18852293737,0,48
2022-08-08,17520.75,17526.05,17506.35,17520.7,13:15:00,17506.670568371905,0,49
2022-08-08,17528.35,17530.25,17519.5,17521.05,13:20:00,17508.73527614601,0,50
2022-08-08,17529.1,17530.95,17522.5,17527.95,13:25:00,17510.674773655912,0,51
2022-08-08,17541.7,17545.2,17523.4,17528.95,13:30:00,17513.629557117256,0,52
2022-08-08,17539.35,17548.8,17539.0,17541.55,13:35:00,17516.07912310609,0,53
2022-08-08,17536.45,17545.1,17535.5,17538.65,13:40:00,17518.019206619796,0,54
2022-08-08,17542.1,17544.7,17531.35,17536.55,13:45:00,17520.31261551315,0,55
2022-08-08,17537.3,17547.7,17532.6,17542.75,13:50:00,17521.930461654756,0,56
2022-08-08,17536.15,17542.75,17535.5,17537.85,13:55:00,17523.28470340192,0,57
2022-08-08,17528.85,17540.9,17525.15,17536.25,14:00:00,17523.81473164936,0,58
2022-08-08,17518.3,17533.25,17518.3,17528.75,14:05:00,17523.289519111328,0,59
2022-08-08,17526.4,17527.1,17511.8,17517.35,14:10:00,17523.58575538644,0,60
2022-08-08,17531.35,17537.3,17525.7,17525.7,14:15:00,17524.3252072544,0,61
2022-08-08,17531.2,17536.5,17528.15,17531.95,14:20:00,17524.979949420645,0,62
2022-08-08,17523.45,17532.45,17515.4,17530.6,14:25:00,17524.83423995201,0,63
2022-08-08,17510.65,17523.6,17507.2,17521.7,14:30:00,17523.483359956583,0,64
2022-08-08,17510.9,17518.4,17503.8,17510.6,14:35:00,17522.28494472262,0,65
2022-08-08,17495.85,17515.4,17493.25,17510.55,14:40:00,17519.767330939514,0,66
2022-08-08,17519.25,17521.2,17485.85,17494.7,14:45:00,17519.718061326224,0,67
2022-08-08,17514.4,17527.7,17513.4,17518.95,14:50:00,17519.211579295155,0,68
2022-08-08,17519.3,17527.5,17509.7,17513.9,14:55:00,17519.220000314665,0,69
2022-08-08,17533.75,17538.75,17513.6,17517.2,15:00:00,17520.603809808505,0,70
2022-08-08,17530.4,17536.5,17528.45,17533.25,15:05:00,17521.536780302933,0,71
2022-08-08,17522.95,17531.75,17520.35,17530.65,15:10:00,17521.671372655033,0,72
2022-08-08,17518.0,17529.35,17516.3,17522.85,15:15:00,17521.32171811646,0,73
2022-08-08,17523.9,17523.95,17514.1,17517.55,15:20:00,17521.567268772033,0,74
2022-08-08,17527.85,17533.5,17520.8,17523.45,15:25:00,17522.165624127076,0,75
2022-08-10,17510.85,17561.45,17476.8,17557.2,09:15:00,17520.112903196994,2,1
2022-08-10,17535.55,17549.85,17508.25,17512.1,09:20:00,17521.58310289252,2,2
2022-08-10,17525.6,17556.25,17522.8,17536.05,09:25:00,17521.965664521802,2,3
2022-08-10,17503.15,17527.0,17496.2,17526.05,09:30:00,17520.173696472106,2,4
2022-08-10,17484.2,17503.25,17482.6,17501.6,09:35:00,17516.747630141428,2,5
2022-08-10,17507.8,17509.6,17478.15,17482.8,09:40:00,17515.895474889865,2,6
2022-08-10,17464.3,17507.9,17464.3,17507.9,09:45:00,17510.98162013845,2,7
2022-08-10,17473.85,17478.65,17459.7,17464.15,09:50:00,17507.44527536336,2,8
2022-08-10,17451.4,17474.35,17451.15,17474.35,09:55:00,17502.10763009066,2,9
2022-08-10,17452.5,17459.45,17445.7,17450.0,10:00:00,17497.383093891553,2,10
2022-08-10,17476.05,17476.05,17442.8,17452.45,10:05:00,17495.351370663786,2,11
2022-08-10,17502.95,17504.95,17473.25,17476.8,10:10:00,17496.07504964819,2,12
2022-08-10,17524.5,17524.5,17503.9,17503.9,10:15:00,17498.78218777693,2,13
2022-08-10,17521.85,17529.85,17516.85,17524.6,10:20:00,17500.979122274366,2,14
2022-08-10,17522.75,17523.25,17511.9,17521.65,10:25:00,17503.052539200617,2,15
2022-08-10,17524.8,17542.35,17521.7,17522.55,10:30:00,17505.123725943417,2,16
2022-08-10,17520.4,17528.2,17518.65,17524.9,10:35:00,17506.5786091869,2,17
2022-08-10,17522.65,17524.05,17517.45,17519.95,10:40:00,17508.10921783577,2,18
2022-08-10,17525.6,17532.35,17521.95,17522.15,10:45:00,17509.775006613312,2,19
2022-08-10,17521.5,17529.75,17520.05,17525.65,10:50:00,17510.891672650137,2,20
2022-08-10,17515.05,17525.45,17510.45,17520.85,10:55:00,17511.287703826314,2,21
2022-08-10,17514.2,17523.65,17511.55,17515.2,11:00:00,17511.565065366667,2,22
2022-08-10,17521.05,17522.0,17509.25,17514.1,11:05:00,17512.468392474602,2,23
2022-08-10,17509.2,17523.6,17506.75,17521.0,11:10:00,17512.157117000832,2,24
2022-08-10,17499.5,17508.7,17495.0,17508.7,11:15:00,17510.951677286466,2,25
2022-08-10,17491.7,17500.1,17487.25,17499.05,11:20:00,17509.118184211566,2,26
2022-08-10,17511.35,17511.85,17491.7,17492.1,11:25:00,17509.330738096178,2,27
2022-08-10,17509.5,17516.4,17506.05,17510.3,11:30:00,17509.346858277495,2,28
2022-08-10,17516.65,17518.65,17507.65,17509.3,11:35:00,17510.0423955844,2,29
2022-08-10,17510.55,17517.9,17509.2,17516.0,11:40:00,17510.090738862076,2,30
2022-08-10,17511.8,17512.6,17502.7,17510.85,11:45:00,17510.253525637116,2,31
2022-08-10,17509.55,17514.9,17507.8,17511.6,11:50:00,17510.186523195487,2,32
2022-08-10,17498.0,17509.45,17495.6,17509.1,11:55:00,17509.025901938774,2,33
2022-08-10,17501.15,17502.25,17492.45,17497.9,12:00:00,17508.275816039844,2,34
2022-08-10,17492.7,17502.4,17482.0,17500.7,12:05:00,17506.79240498843,2,35
2022-08-10,17509.0,17510.15,17492.3,17492.5,12:10:00,17507.002652132393,2,36
2022-08-10,17515.7,17519.45,17507.8,17508.9,12:15:00,17507.830970976927,2,37
2022-08-10,17520.0,17521.45,17512.75,17515.5,12:20:00,17508.989926121983,2,38
2022-08-10,17515.1,17520.1,17513.35,17519.5,12:25:00,17509.571837919888,2,39
2022-08-10,17509.2,17515.9,17502.35,17515.7,12:30:00,17509.53642478466,2,40
2022-08-10,17508.25,17515.95,17499.8,17510.05,12:35:00,17509.4139081385,2,41
2022-08-10,17519.5,17520.0,17504.05,17508.65,12:40:00,17510.374488315785,2,42
2022-08-10,17514.75,17520.4,17511.5,17520.15,12:45:00,17510.79120371428,2,43
2022-08-10,17509.2,17518.5,17509.2,17515.15,12:50:00,17510.6396605034,2,44
2022-08-10,17511.75,17514.6,17506.6,17511.0,12:55:00,17510.745407122122,2,45
2022-08-10,17510.45,17521.3,17500.35,17512.15,13:00:00,17510.71727311049,2,46
2022-08-10,17500.05,17513.2,17498.15,17510.7,13:05:00,17509.701342338063,2,47
2022-08-10,17498.35,17503.75,17494.8,17499.8,13:10:00,17508.62026211539,2,48
2022-08-10,17504.95,17508.6,17495.7,17498.2,13:15:00,17508.270713342496,2,49
2022-08-10,17499.6,17508.7,17499.6,17505.2,13:20:00,17507.4449311194,2,50
2022-08-10,17493.05,17503.6,17479.55,17500.0,13:25:00,17506.073985298506,2,51
2022-08-10,17495.4,17497.0,17488.1,17493.3,13:30:00,17505.057415270076,2,52
2022-08-10,17493.95,17496.9,17489.5,17495.7,13:35:00,17503.999566196733,2,53
2022-08-10,17500.05,17503.95,17486.7,17494.5,13:40:00,17503.623417035138,2,54
2022-08-10,17489.0,17503.75,17488.9,17500.9,13:45:00,17502.230710650838,2,55
2022-08-10,17494.05,17503.85,17489.2,17489.2,13:50:00,17501.451595350758,2,56
2022-08-10,17499.05,17500.4,17491.7,17494.7,13:55:00,17501.22287198402,2,57
2022-08-10,17510.6,17511.8,17498.9,17500.7,14:00:00,17502.115931795066,2,58
2022-08-10,17513.85,17517.0,17509.85,17511.55,14:05:00,17503.233462100296,2,59
2022-08-10,17531.25,17532.0,17512.3,17514.5,14:10:00,17505.90170380503,2,60
2022-08-10,17539.35,17543.55,17531.05,17531.7,14:15:00,17509.087255823597,2,61
2022-08-10,17537.55,17540.55,17529.5,17540.3,14:20:00,17511.797993364205,2,62
2022-08-10,17532.45,17538.95,17528.25,17538.95,14:25:00,17513.764851139043,2,63
2022-08-10,17529.25,17533.7,17522.25,17532.85,14:30:00,17515.23962722104,2,64
2022-08-10,17521.7,17534.5,17518.45,17530.0,14:35:00,17515.854900819035,2,65
2022-08-10,17527.1,17528.25,17518.5,17522.2,14:40:00,17516.925862645792,2,66
2022-08-10,17517.75,17529.6,17517.35,17527.3,14:45:00,17517.00435191762,2,67
2022-08-10,17526.6,17533.15,17513.05,17518.3,14:50:00,17517.91822316356,2,68
2022-08-10,17526.55,17529.5,17520.65,17526.8,14:55:00,17518.740297147982,2,69
2022-08-10,17537.3,17546.8,17523.5,17527.8,15:00:00,17520.507887895794,2,70
2022-08-10,17544.2,17545.0,17530.65,17537.1,15:05:00,17522.764279524767,2,71
2022-08-10,17537.65,17544.8,17537.65,17544.4,15:10:00,17524.181967189077,2,72
2022-08-10,17534.0,17540.05,17532.3,17538.7,15:15:00,17525.117017932975,2,73
2022-08-10,17537.25,17537.9,17522.05,17533.9,15:20:00,17526.272540034595,2,74
2022-08-10,17523.75,17537.15,17520.4,17536.5,15:25:00,17526.032298126538,2,75
2022-08-11,17690.5,17719.3,17684.95,17717.5,09:15:00,17541.695888781152,3,1
2022-08-11,17676.75,17697.55,17676.15,17690.0,09:20:00,17554.55818508771,3,2
2022-08-11,17673.9,17688.0,17671.7,17678.0,09:25:00,17565.924072222213,3,3
2022-08-11,17675.5,17686.8,17670.3,17674.05,09:30:00,17576.359874867718,3,4
2022-08-11,17675.4,17682.25,17668.2,17676.0,09:35:00,17585.79226773746,3,5
2022-08-11,17691.75,17693.85,17675.55,17676.3,09:40:00,17595.88348033389,3,6
2022-08-11,17694.55,17698.4,17685.95,17691.95,09:45:00,17605.28029173066,3,7
2022-08-11,17682.5,17695.2,17682.0,17694.35,09:50:00,17612.634549661074,3,8
2022-08-11,17692.05,17696.85,17682.1,17682.6,09:55:00,17620.19792588383,3,9
2022-08-11,17683.8,17698.5,17683.8,17692.95,10:00:00,17626.255266275846,3,10
2022-08-11,17683.9,17688.65,17682.75,17683.75,10:05:00,17631.745240916243,3,11
2022-08-11,17673.2,17687.6,17672.6,17683.85,10:10:00,17635.693313209937,3,12
2022-08-11,17680.7,17685.3,17672.35,17673.45,10:15:00,17639.9796643328,3,13
2022-08-11,17688.85,17688.9,17680.15,17680.55,10:20:00,17644.63398201539,3,14
2022-08-11,17685.7,17689.6,17683.25,17688.6,10:25:00,17648.545031347257,3,15
2022-08-11,17691.35,17695.0,17679.75,17686.0,10:30:00,17652.621695028472,3,16
2022-08-11,17693.4,17693.75,17685.0,17690.45,10:35:00,17656.505343121,3,17
2022-08-11,17687.05,17694.05,17686.65,17692.95,10:40:00,17659.414358061855,3,18
2022-08-11,17685.55,17689.5,17682.4,17686.95,10:45:00,17661.90346681787,3,19
2022-08-11,17689.5,17690.45,17684.05,17685.1,10:50:00,17664.531708073308,3,20
2022-08-11,17683.9,17691.15,17681.15,17689.1,10:55:00,17666.37630730442,3,21
2022-08-11,17676.0,17687.6,17674.8,17684.0,11:00:00,17667.292849465906,3,22
2022-08-11,17678.65,17679.2,17675.15,17675.65,11:05:00,17668.374482850108,3,23
2022-08-11,17680.95,17682.05,17674.25,17678.75,11:10:00,17669.5721511501,3,24
2022-08-11,17686.3,17687.9,17680.9,17680.9,11:15:00,17671.165279611996,3,25
2022-08-11,17680.4,17688.1,17679.7,17685.45,11:20:00,17672.044776791805,3,26
2022-08-11,17671.5,17681.1,17644.45,17680.3,11:25:00,17671.992893287825,3,27
2022-08-11,17662.65,17675.5,17661.85,17672.9,11:30:00,17671.10309392708,3,28
2022-08-11,17658.65,17666.85,17657.2,17662.55,11:35:00,17669.917084981644,3,29
2022-08-11,17658.75,17665.25,17652.55,17658.35,11:40:00,17668.853553078632,3,30
2022-08-11,17661.45,17662.6,17652.5,17659.0,11:45:00,17668.14845278543,3,31
2022-08-11,17661.65,17666.1,17659.15,17661.6,11:50:00,17667.52955252015,3,32
2022-08-11,17664.6,17666.9,17656.9,17661.75,11:55:00,17667.25054751823,3,33
2022-08-11,17664.15,17668.35,17661.0,17664.15,12:00:00,17666.955257278398,3,34
2022-08-11,17662.6,17664.15,17653.1,17663.95,12:05:00,17666.540470870932,3,35
2022-08-11,17659.9,17664.2,17657.95,17662.25,12:10:00,17665.908045073702,3,36
2022-08-11,17676.2,17681.2,17659.35,17660.05,12:15:00,17666.88823125716,3,37
2022-08-11,17680.45,17684.6,17676.7,17676.7,12:20:00,17668.179828280285,3,38
2022-08-11,17681.35,17682.75,17674.95,17680.4,12:25:00,17669.43413034883,3,39
2022-08-11,17673.3,17683.2,17670.75,17682.0,12:30:00,17669.802308410846,3,40
2022-08-11,17674.45,17676.7,17671.65,17673.25,12:35:00,17670.244945705053,3,41
2022-08-11,17678.9,17682.15,17672.8,17674.0,12:40:00,17671.069236590287,3,42
2022-08-11,17673.85,17682.3,17673.4,17679.25,12:45:00,17671.334071200734,3,43
2022-08-11,17672.55,17675.1,17665.55,17673.35,12:50:00,17671.449873943522,3,44
2022-08-11,17667.85,17673.45,17665.85,17672.75,12:55:00,17671.107028806044,3,45
2022-08-11,17673.45,17674.55,17658.9,17666.85,13:00:00,17671.330168919754,3,46
2022-08-11,17672.0,17678.0,17670.55,17673.8,13:05:00,17671.393962355967,3,47
2022-08-11,17671.75,17677.35,17670.9,17671.1,13:10:00,17671.427870703017,3,48
2022-08-11,17663.5,17673.0,17661.4,17671.55,13:15:00,17670.672835397967,3,49
2022-08-11,17654.05,17662.85,17645.75,17662.35,13:20:00,17669.08970821721,3,50
2022-08-11,17644.6,17656.25,17634.35,17654.65,13:25:00,17666.757355053665,3,51
2022-08-11,17646.3,17649.25,17631.95,17644.3,13:30:00,17664.809035524744,3,52
2022-08-11,17656.25,17656.25,17641.5,17644.85,13:35:00,17663.99388928429,3,53
2022-08-11,17658.85,17664.45,17654.45,17654.45,13:40:00,17663.50399506674,3,54
2022-08-11,17665.5,17669.7,17659.25,17659.85,13:45:00,17663.694090774672,3,55
2022-08-11,17665.0,17667.65,17660.95,17664.1,13:50:00,17663.818463081847,3,56
2022-08-11,17663.05,17666.65,17658.35,17664.2,13:55:00,17663.74527612167,3,57
2022-08-11,17658.1,17664.3,17654.0,17661.95,14:00:00,17663.20763077675,3,58
2022-08-11,17651.2,17659.2,17649.45,17657.4,14:05:00,17662.06404689325,3,59
2022-08-11,17644.35,17651.4,17638.7,17651.1,14:10:00,17660.37699480818,3,60
2022-08-11,17644.3,17649.35,17639.55,17644.05,14:15:00,17658.845852445495,3,61
2022-08-11,17662.3,17662.65,17643.2,17643.2,14:20:00,17659.174818879255,3,62
2022-08-11,17666.35,17671.0,17657.6,17662.0,14:25:00,17659.858169462183,3,63
2022-08-11,17668.05,17678.45,17663.1,17665.15,14:30:00,17660.638343799117,3,64
2022-08-11,17661.45,17669.1,17659.3,17668.4,14:35:00,17660.71564438968,3,65
2022-08-11,17655.55,17662.2,17651.8,17661.0,14:40:00,17660.223678257327,3,66
2022-08-11,17658.45,17658.55,17648.6,17654.0,14:45:00,17660.054756518533,3,67
2022-08-11,17659.3,17663.35,17656.45,17657.15,14:50:00,17659.98287494534,3,68
2022-08-11,17659.8,17660.0,17651.85,17656.85,14:55:00,17659.965458283878,3,69
2022-08-11,17671.8,17676.3,17659.2,17659.2,15:00:00,17661.092557494936,3,70
2022-08-11,17669.4,17673.95,17665.6,17672.15,15:05:00,17661.883742495418,3,71
2022-08-11,17652.95,17670.45,17651.7,17669.25,15:10:00,17661.032909876805,3,72
2022-08-11,17655.75,17658.25,17651.55,17652.25,15:15:00,17660.529775602823,3,73
2022-08-11,17653.8,17659.85,17649.95,17655.65,15:20:00,17659.88884459303,3,74
2022-08-11,17638.65,17654.6,17638.3,17653.0,15:25:00,17657.866097488935,3,75
2022-08-12,17642.45,17661.15,17626.9,17649.05,09:15:00,17656.397897728082,4,1
2022-08-12,17620.45,17653.45,17618.2,17643.3,09:20:00,17652.974288420646,4,2
2022-08-12,17606.2,17621.75,17602.45,17620.15,09:25:00,17648.519594285346,4,3
2022-08-12,17604.05,17615.9,17597.85,17605.85,09:30:00,17644.2843948296,4,4
2022-08-12,17622.5,17628.3,17602.4,17603.55,09:35:00,17642.209690560114,4,5
2022-08-12,17637.95,17639.4,17611.55,17622.2,09:40:00,17641.804005744863,4,6
2022-08-12,17640.55,17649.85,17636.25,17638.05,09:45:00,17641.684576626307,4,7
2022-08-12,17660.7,17663.3,17635.6,17640.5,09:50:00,17643.495569328563,4,8
2022-08-12,17655.05,17662.4,17648.0,17659.7,09:55:00,17644.595991297272,4,9
2022-08-12,17664.5,17669.9,17649.55,17655.9,10:00:00,17646.491611173722,4,10
2022-08-12,17674.65,17675.3,17663.6,17665.05,10:05:00,17649.17336249051,4,11
2022-08-12,17678.3,17680.7,17668.9,17674.35,10:10:00,17651.947327967606,4,12
2022-08-12,17676.25,17681.0,17668.1,17679.15,10:15:00,17654.261868161168,4,13
2022-08-12,17682.1,17687.9,17672.7,17676.55,10:20:00,17656.913118812485,4,14
2022-08-12,17670.65,17683.25,17669.25,17681.55,10:25:00,17658.221393211297,4,15
2022-08-12,17672.25,17676.35,17670.0,17670.0,10:30:00,17659.5574510007,4,16
2022-08-12,17657.55,17673.0,17657.25,17672.4,10:35:00,17659.366265191107,4,17
2022-08-12,17647.6,17665.65,17647.2,17657.6,10:40:00,17658.24566850624,4,18
2022-08-12,17666.85,17666.85,17647.3,17648.0,10:45:00,17659.0651286485,4,19
2022-08-12,17674.45,17675.25,17663.05,17666.8,10:50:00,17660.5303544915,4,20
2022-08-12,17675.25,17677.85,17670.2,17674.05,10:55:00,17661.93222549231,4,21
2022-08-12,17672.05,17680.75,17671.2,17674.45,11:00:00,17662.89582306447,4,22
2022-08-12,17683.25,17684.25,17671.5,17671.9,11:05:00,17664.83431610595,4,23
2022-08-12,17683.0,17684.55,17680.25,17682.75,11:10:00,17666.564381238717,4,24
2022-08-12,17676.05,17682.95,17675.2,17682.45,11:15:00,17667.467773501696,4,25
2022-08-12,17693.9,17693.95,17672.65,17676.1,11:20:00,17669.985128406297,4,26
2022-08-12,17695.1,17696.85,17690.2,17694.0,11:25:00,17672.37702093903,4,27
2022-08-12,17693.95,17697.5,17691.75,17694.6,11:30:00,17674.43159037341,4,28
2022-08-12,17690.15,17699.9,17689.55,17693.55,11:35:00,17675.92858176642,4,29
2022-08-12,17689.45,17691.25,17682.55,17689.55,11:40:00,17677.216335883903,4,30
2022-08-12,17685.55,17690.45,17683.65,17689.4,11:45:00,17678.010018180674,4,31
2022-08-12,17679.3,17687.1,17676.15,17685.05,11:50:00,17678.132873592036,4,32
2022-08-12,17676.6,17681.9,17674.85,17679.4,11:55:00,17677.98688563089,4,33
2022-08-12,17680.7,17683.4,17676.05,17676.7,12:00:00,17678.245277475566,4,34
2022-08-12,17688.3,17689.75,17680.3,17680.6,12:05:00,17679.20287009694,4,35
2022-08-12,17685.0,17691.55,17684.6,17688.7,12:10:00,17679.754977706754,4,36
2022-08-12,17673.25,17686.4,17672.55,17685.25,12:15:00,17679.135456020398,4,37
2022-08-12,17679.35,17679.35,17667.25,17673.05,12:20:00,17679.15588878036,4,38
2022-08-12,17690.1,17692.15,17678.0,17679.65,12:25:00,17680.198185086992,4,39
2022-08-12,17684.75,17691.5,17681.75,17690.3,12:30:00,17680.631691269184,4,40
2022-08-12,17690.75,17691.5,17683.85,17684.25,12:35:00,17681.595339719737,4,41
2022-08-12,17695.55,17697.25,17689.8,17690.85,12:40:00,17682.924354984523,4,42
2022-08-12,17697.8,17698.7,17691.05,17695.4,12:45:00,17684.341083081235,4,43
2022-08-12,17702.1,17706.6,17697.9,17697.9,12:50:00,17686.03240850207,4,44
2022-08-12,17707.5,17709.0,17699.35,17702.65,12:55:00,17688.076941025683,4,45
2022-08-12,17704.45,17712.05,17703.95,17707.1,13:00:00,17689.63627997562,4,46
2022-08-12,17703.45,17705.0,17691.8,17703.6,13:05:00,17690.951872358895,4,47
2022-08-12,17700.35,17705.7,17698.1,17703.05,13:10:00,17691.846932134238,4,48
2022-08-12,17698.55,17704.8,17698.55,17700.2,13:15:00,17692.485319550025,4,49
2022-08-12,17698.25,17702.4,17696.4,17698.25,13:20:00,17693.034336735738,4,50
2022-08-12,17702.9,17704.4,17690.9,17698.45,13:25:00,17693.97392371329,4,51
2022-08-12,17707.15,17708.7,17703.55,17703.55,13:30:00,17695.22878812155,4,52
2022-08-12,17702.7,17709.55,17699.25,17707.45,13:35:00,17695.94033210997,4,53
2022-08-12,17715.5,17719.5,17700.25,17702.3,13:40:00,17697.803157623308,4,54
2022-08-12,17720.9,17722.65,17709.35,17715.75,13:45:00,17700.002856897278,4,55
2022-08-12,17707.8,17724.65,17707.45,17722.35,13:50:00,17700.74544195468,4,56
2022-08-12,17706.95,17709.4,17699.7,17707.75,13:55:00,17701.33635224471,4,57
2022-08-12,17707.2,17712.55,17705.8,17706.85,14:00:00,17701.89479488807,4,58
2022-08-12,17706.35,17709.05,17700.1,17707.15,14:05:00,17702.319100136825,4,59
2022-08-12,17709.2,17711.4,17703.7,17706.15,14:10:00,17702.974423933316,4,60
2022-08-12,17698.85,17709.6,17695.35,17709.25,14:15:00,17702.581621653953,4,61
2022-08-12,17695.65,17704.4,17694.05,17698.65,14:20:00,17701.92146721072,4,62
2022-08-12,17689.6,17696.85,17681.3,17695.6,14:25:00,17700.747994143032,4,63
2022-08-12,17684.05,17697.0,17681.3,17689.5,14:30:00,17699.157708986553,4,64
2022-08-12,17685.2,17685.85,17673.55,17683.85,14:35:00,17697.828403368785,4,65
2022-08-12,17675.2,17688.15,17674.45,17685.6,14:40:00,17695.67331733366,4,66
2022-08-12,17666.2,17676.85,17665.0,17674.7,14:45:00,17692.866334730454,4,67
2022-08-12,17676.25,17683.0,17666.6,17667.1,14:50:00,17691.283826660885,4,68
2022-08-12,17670.45,17676.4,17661.9,17676.05,14:55:00,17689.299652693182,4,69
2022-08-12,17693.0,17695.4,17670.6,17670.75,15:00:00,17689.652066722403,4,70
2022-08-12,17687.15,17693.15,17681.0,17692.95,15:05:00,17689.413774653603,4,71
2022-08-12,17695.65,17695.85,17685.3,17687.35,15:10:00,17690.00770087707,4,72
2022-08-12,17709.35,17713.5,17692.4,17695.25,15:15:00,17691.849824603065,4,73
2022-08-12,17704.6,17711.4,17703.25,17709.2,15:20:00,17693.064127021822,4,74
2022-08-12,17698.65,17706.55,17695.95,17705.0,15:25:00,17693.596114924505,4,75
2022-08-16,17774.55,17800.0,17764.05,17799.65,09:15:00,17701.30600874122,1,1
2022-08-16,17793.4,17803.35,17768.85,17776.15,09:20:00,17710.07686505158,1,2
2022-08-16,17801.5,17806.95,17789.15,17792.95,09:25:00,17718.78383028476,1,3
2022-08-16,17803.0,17808.45,17796.6,17802.6,09:30:00,17726.804417876687,1,4
2022-08-16,17819.6,17819.85,17801.95,17802.6,09:35:00,17735.642092364622,1,5
2022-08-16,17816.5,17826.4,17808.95,17819.95,09:40:00,17743.342845472755,1,6
2022-08-16,17819.4,17825.1,17806.5,17815.55,09:45:00,17750.586383999158,1,7
2022-08-16,17820.15,17822.25,17815.05,17820.25,09:50:00,17757.211490284953,1,8
2022-08-16,17819.55,17822.05,17807.95,17821.0,09:55:00,17763.148491210195,1,9
2022-08-16,17829.7,17831.65,17819.9,17820.2,10:00:00,17769.48673014256,1,10
2022-08-16,17821.25,17832.95,17819.45,17829.05,10:05:00,17774.41656536708,1,11
2022-08-16,17816.5,17821.3,17811.2,17821.2,10:10:00,17778.424511522597,1,12
2022-08-16,17824.85,17826.15,17816.0,17816.0,10:15:00,17782.84598661568,1,13
2022-08-16,17827.7,17828.15,17820.05,17825.2,10:20:00,17787.11779741419,1,14
2022-08-16,17826.5,17829.85,17823.95,17827.85,10:25:00,17790.868483374743,1,15
2022-08-16,17821.7,17830.0,17818.85,17827.25,10:30:00,17793.804818291435,1,16
2022-08-16,17820.35,17823.15,17818.25,17822.05,10:35:00,17796.33293083511,1,17
2022-08-16,17820.3,17821.35,17815.0,17820.1,10:40:00,17798.615508850813,1,18
2022-08-16,17816.2,17822.8,17813.35,17819.7,10:45:00,17800.29022229359,1,19
2022-08-16,17823.95,17824.8,17815.75,17815.85,10:50:00,17802.54353445611,1,20
2022-08-16,17829.95,17832.6,17822.95,17824.5,10:55:00,17805.153674031717,1,21
2022-08-16,17830.75,17839.1,17828.9,17828.9,11:00:00,17807.59141936203,1,22
2022-08-16,17833.9,17837.75,17831.1,17831.45,11:05:00,17810.096998470406,1,23
2022-08-16,17830.95,17835.35,17827.2,17833.85,11:10:00,17812.082998616082,1,24
2022-08-16,17818.9,17832.75,17818.45,17831.45,11:15:00,17812.732236843123,1,25
2022-08-16,17803.4,17818.55,17802.95,17818.55,11:20:00,17811.843452381872,1,26
2022-08-16,17805.85,17811.25,17800.9,17802.4,11:25:00,17811.27264739312,1,27
2022-08-16,17803.7,17810.15,17799.35,17806.5,11:30:00,17810.551442879492,1,28
2022-08-16,17810.05,17810.55,17803.2,17803.75,11:35:00,17810.503686414777,1,29
2022-08-16,17805.2,17812.8,17803.75,17810.45,11:40:00,17809.998573422894,1,30
2022-08-16,17789.35,17808.6,17787.65,17804.95,11:45:00,17808.032042620714,1,31
2022-08-16,17791.4,17794.25,17787.6,17789.2,11:50:00,17806.4480385616,1,32
2022-08-16,17790.25,17792.6,17781.35,17791.55,11:55:00,17804.9053682224,1,33
2022-08-16,17794.9,17795.15,17784.7,17787.45,12:00:00,17803.952476010745,1,34
2022-08-16,17792.3,17797.4,17786.15,17794.8,12:05:00,17802.842716390674,1,35
2022-08-16,17797.7,17798.0,17791.4,17792.85,12:10:00,17802.35293387728,1,36
2022-08-16,17798.7,17802.1,17797.05,17797.85,12:15:00,17802.005035412774,1,37
2022-08-16,17805.65,17806.2,17795.0,17799.3,12:20:00,17802.352174897274,1,38
2022-08-16,17805.95,17814.15,17802.75,17805.7,12:25:00,17802.69482490706,1,39
2022-08-16,17806.25,17809.5,17805.05,17806.05,12:30:00,17803.033413011148,1,40
2022-08-16,17798.5,17808.05,17796.95,17806.75,12:35:00,17802.60165939104,1,41
2022-08-16,17797.1,17800.15,17794.7,17797.4,12:40:00,17802.07769182999,1,42
2022-08-16,17795.65,17798.55,17794.75,17797.8,12:45:00,17801.465530703324,1,43
2022-08-16,17802.6,17804.15,17795.5,17795.5,12:50:00,17801.573575398244,1,44
2022-08-16,17797.85,17803.25,17797.65,17802.15,12:55:00,17801.21894916984,1,45
2022-08-16,17805.05,17806.55,17794.45,17798.35,13:00:00,17801.583811153665,1,46
2022-08-16,17785.7,17807.9,17785.65,17805.15,13:05:00,17800.07106723427,1,47
2022-08-16,17777.1,17786.45,17776.4,17785.8,13:10:00,17797.88334654529,1,48
2022-08-16,17771.2,17782.1,17770.2,17776.5,13:15:00,17795.34207544574,1,49
2022-08-16,17774.45,17780.55,17768.2,17770.6,13:20:00,17793.35235397472,1,50
2022-08-16,17777.65,17781.05,17772.4,17774.3,13:25:00,17791.856891691412,1,51
2022-08-16,17779.6,17782.55,17776.25,17776.45,13:30:00,17790.689568673184,1,52
2022-08-16,17785.75,17786.55,17772.55,17779.45,13:35:00,17790.21913356145,1,53
2022-08-16,17788.05,17791.95,17785.3,17785.3,13:40:00,17790.012549412742,1,54
2022-08-16,17785.25,17789.6,17782.0,17788.6,13:45:00,17789.558973278195,1,55
2022-08-16,17784.85,17790.4,17780.2,17785.5,13:50:00,17789.110499632654,1,56
2022-08-16,17787.45,17792.55,17784.3,17785.2,13:55:00,17788.952356810496,1,57
2022-08-16,17793.3,17798.85,17787.4,17787.4,14:00:00,17789.36641806664,1,58
2022-08-16,17799.3,17799.55,17793.45,17794.1,14:05:00,17790.312473488862,1,59
2022-08-16,17794.75,17802.75,17793.6,17799.05,14:10:00,17790.73509506135,1,60
2022-08-16,17809.45,17810.4,17794.9,17795.15,14:15:00,17792.51746696027,1,61
2022-08-16,17807.8,17817.15,17807.0,17809.75,14:20:00,17793.97294629739,1,62
2022-08-16,17809.4,17809.85,17803.1,17807.4,14:25:00,17795.44218950716,1,63
2022-08-16,17797.05,17809.95,17796.85,17809.6,14:30:00,17795.595314316004,1,64
2022-08-16,17800.15,17805.25,17796.95,17796.95,14:35:00,17796.029093904956,1,65
2022-08-16,17800.45,17803.55,17797.15,17799.9,14:40:00,17796.450132580674,1,66
2022-08-16,17787.1,17807.9,17786.65,17800.85,14:45:00,17795.559643763467,1,67
2022-08-16,17785.2,17788.2,17782.25,17786.3,14:50:00,17794.573011024087,1,68
2022-08-16,17790.45,17792.45,17785.1,17785.25,14:55:00,17794.180343307507,1,69
2022-08-16,17817.75,17818.05,17788.7,17790.9,15:00:00,17796.425072516315,1,70
2022-08-16,17829.75,17829.75,17816.8,17817.65,15:05:00,17799.598875133808,1,71
2022-08-16,17830.35,17830.65,17824.9,17829.95,15:10:00,17802.527553692493,1,72
2022-08-16,17828.75,17831.05,17822.6,17829.95,15:15:00,17805.024929531304,1,73
2022-08-16,17832.1,17832.6,17825.75,17829.15,15:20:00,17807.60350767118,1,74
2022-08-16,17828.3,17836.65,17828.3,17831.7,15:25:00,17809.574602178687,1,75
2022-08-17,17844.05,17869.1,17833.35,17869.1,09:15:00,17812.857973399765,2,1
2022-08-17,17871.4,17877.0,17843.5,17843.95,09:20:00,17818.43340450455,2,2
2022-08-17,17880.25,17883.15,17870.15,17871.05,09:25:00,17824.32069931364,2,3
2022-08-17,17871.3,17881.2,17863.25,17880.5,09:30:00,17828.79491842663,2,4
2022-08-17,17868.85,17878.6,17863.25,17871.65,09:35:00,17832.609688100285,2,5
2022-08-17,17891.4,17893.45,17870.0,17870.0,09:40:00,17838.208765424068,2,6
2022-08-17,17895.1,17898.2,17889.4,17890.9,09:45:00,17843.626978240824,2,7
2022-08-17,17889.2,17898.8,17887.55,17894.55,09:50:00,17847.967266027412,2,8
2022-08-17,17887.65,17891.25,17880.65,17888.9,09:55:00,17851.7465740248,2,9
2022-08-17,17903.3,17904.25,17887.25,17888.05,10:00:00,17856.65642411768,2,10
2022-08-17,17904.15,17908.2,17901.35,17903.25,10:05:00,17861.179621820756,2,11
2022-08-17,17909.6,17915.4,17900.0,17904.25,10:10:00,17865.791086409256,2,12
2022-08-17,17908.25,17913.7,17904.2,17909.55,10:15:00,17869.834792465517,2,13
2022-08-17,17909.95,17914.3,17904.05,17908.55,10:20:00,17873.65528842118,2,14
2022-08-17,17907.15,17913.65,17905.7,17910.25,10:25:00,17876.845260952497,2,15
2022-08-17,17918.9,17920.1,17899.0,17907.25,10:30:00,17880.85047419512,2,16
2022-08-17,17914.2,17920.55,17912.45,17919.35,10:35:00,17884.026619509867,2,17
2022-08-17,17911.4,17918.35,17910.75,17914.3,10:40:00,17886.633608127973,2,18
2022-08-17,17912.4,17916.75,17908.35,17911.45,10:45:00,17889.087550211025,2,19
2022-08-17,17914.5,17917.45,17910.8,17912.0,10:50:00,17891.507783524263,2,20
2022-08-17,17917.5,17918.4,17912.85,17915.4,10:55:00,17893.983232712428,2,21
2022-08-17,17922.65,17925.8,17917.05,17917.05,11:00:00,17896.71340102553,2,22
2022-08-17,17926.4,17930.6,17922.7,17923.15,11:05:00,17899.540696165954,2,23
2022-08-17,17931.95,17933.3,17925.0,17927.2,11:10:00,17902.6272965311,2,24
2022-08-17,17922.05,17932.4,17921.05,17932.05,11:15:00,17904.47707781385,2,25
2022-08-17,17929.9,17930.9,17922.5,17922.8,11:20:00,17906.898308498246,2,26
2022-08-17,17935.4,17937.5,17922.75,17929.2,11:25:00,17909.61275530794,2,27
2022-08-17,17930.15,17936.0,17928.4,17934.6,11:30:00,17911.56868337385,2,28
2022-08-17,17922.55,17930.4,17920.6,17930.4,11:35:00,17912.614523052533,2,29
2022-08-17,17920.35,17922.75,17913.85,17922.4,11:40:00,17913.351235142767,2,30
2022-08-17,17914.5,17924.05,17913.65,17920.4,11:45:00,17913.46064131965,2,31
2022-08-17,17910.45,17916.3,17907.75,17914.4,11:50:00,17913.173913574923,2,32
2022-08-17,17925.1,17925.1,17910.1,17910.1,11:55:00,17914.309731329693,2,33
2022-08-17,17926.75,17933.4,17925.25,17925.55,12:00:00,17915.494518822103,2,34
2022-08-17,17923.9,17929.85,17923.4,17928.55,12:05:00,17916.295040839046,2,35
2022-08-17,17931.05,17931.75,17922.55,17926.45,12:10:00,17917.700275044852,2,36
2022-08-17,17925.95,17933.6,17922.25,17930.15,12:15:00,17918.48596313582,2,37
2022-08-17,17931.1,17934.5,17924.75,17926.8,12:20:00,17919.687299980025,2,38
2022-08-17,17937.05,17941.2,17930.3,17930.3,12:25:00,17921.34089045812,2,39
2022-08-17,17931.2,17939.35,17930.65,17936.8,12:30:00,17922.27985327163,2,40
2022-08-17,17936.6,17937.1,17928.6,17931.7,12:35:00,17923.64367676957,2,41
2022-08-17,17933.45,17937.8,17930.0,17935.75,12:40:00,17924.577612315326,2,42
2022-08-17,17936.35,17938.1,17931.75,17934.15,12:45:00,17925.69879209482,2,43
2022-08-17,17942.55,17945.1,17932.7,17935.95,12:50:00,17927.30366903817,2,44
2022-08-17,17940.35,17944.1,17938.35,17942.15,12:55:00,17928.54617674882,2,45
2022-08-17,17934.6,17944.1,17934.15,17940.25,13:00:00,17929.12273134417,2,46
2022-08-17,17936.45,17943.55,17933.75,17934.5,13:05:00,17929.820566454247,2,47
2022-08-17,17934.8,17940.35,17932.25,17936.2,13:10:00,17930.294798220508,2,48
2022-08-17,17930.75,17941.7,17930.45,17934.2,13:15:00,17930.338150770935,2,49
2022-08-17,17936.15,17938.8,17929.1,17930.9,13:20:00,17930.89166022132,2,50
2022-08-17,17935.35,17937.7,17931.0,17935.7,13:25:00,17931.316264009765,2,51
2022-08-17,17933.45,17938.0,17927.1,17934.9,13:30:00,17931.519476961217,2,52
2022-08-17,17940.7,17943.65,17931.8,17933.5,13:35:00,17932.39381248872,2,53
2022-08-17,17942.1,17943.9,17933.55,17940.95,13:40:00,17933.318211299316,2,54
2022-08-17,17923.35,17942.35,17921.8,17941.3,13:45:00,17932.368857842237,2,55
2022-08-17,17929.4,17931.55,17922.6,17923.3,13:50:00,17932.08610947631,2,56
2022-08-17,17930.05,17930.95,17919.7,17929.05,13:55:00,17931.892194288088,2,57
2022-08-17,17920.15,17934.35,17920.15,17929.7,14:00:00,17930.773890070173,2,58
2022-08-17,17920.7,17926.35,17917.1,17919.9,14:05:00,17929.814471968253,2,59
2022-08-17,17924.05,17928.5,17918.9,17920.5,14:10:00,17929.265474637945,2,60
2022-08-17,17933.0,17936.25,17916.4,17923.85,14:15:00,17929.621143720047,2,61
2022-08-17,17941.85,17942.5,17930.1,17932.75,14:20:00,17930.78579669909,2,62
2022-08-17,17937.7,17944.2,17937.2,17941.8,14:25:00,17931.444292251555,2,63
2022-08-17,17934.7,17939.65,17930.75,17936.9,14:30:00,17931.75435965617,2,64
2022-08-17,17933.95,17936.0,17930.15,17933.15,14:35:00,17931.963468260343,2,65
2022-08-17,17938.7,17945.45,17933.15,17934.25,14:40:00,17932.605042711737,2,66
2022-08-17,17948.55,17950.75,17938.0,17938.0,14:45:00,17934.123610072522,2,67
2022-08-17,17946.7,17949.85,17940.55,17948.1,14:50:00,17935.321361494185,2,68
2022-08-17,17949.9,17953.2,17946.25,17947.35,14:55:00,17936.709803256643,2,69
2022-08-17,17962.4,17965.95,17949.45,17949.45,15:00:00,17939.15648866077,2,70
2022-08-17,17958.9,17963.35,17957.3,17962.2,15:05:00,17941.036823074028,2,71
2022-08-17,17946.15,17959.7,17945.65,17958.4,15:10:00,17941.523792305074,2,72
2022-08-17,17943.7,17946.65,17936.95,17946.65,15:15:00,17941.73105018078,2,73
2022-08-17,17933.95,17944.0,17932.8,17942.95,15:20:00,17940.989997782614,2,74
2022-08-17,17929.05,17936.1,17927.4,17933.8,15:25:00,17939.85285513665,2,75
2022-08-18,17914.15,17924.85,17883.2,17916.05,09:15:00,17937.404964171255,3,1
2022-08-18,17895.3,17917.3,17894.9,17915.3,09:20:00,17933.394967583517,3,2
2022-08-18,17874.85,17895.75,17870.25,17895.75,09:25:00,17927.819256385086,3,3
2022-08-18,17882.7,17890.65,17863.45,17874.5,09:30:00,17923.52218434841,3,4
2022-08-18,17904.05,17904.95,17879.55,17880.85,09:35:00,17921.667690600945,3,5
2022-08-18,17921.1,17925.7,17901.55,17904.6,09:40:00,17921.613624829428,3,6
2022-08-18,17919.45,17929.85,17916.15,17920.7,09:45:00,17921.407565321864,3,7
2022-08-18,17935.8,17942.95,17919.55,17919.55,09:50:00,17922.778273386448,3,8
2022-08-18,17940.2,17942.2,17932.5,17935.85,09:55:00,17924.43748544488,3,9
2022-08-18,17950.1,17954.65,17939.7,17939.7,10:00:00,17926.88153445013,3,10
2022-08-18,17952.15,17952.4,17942.5,17949.2,10:05:00,17929.28805497869,3,11
2022-08-18,17940.4,17953.55,17939.1,17952.3,10:10:00,17930.34633545691,3,12
2022-08-18,17931.05,17941.15,17928.7,17938.55,10:15:00,17930.41335112768,3,13
2022-08-18,17929.3,17935.3,17922.85,17931.3,10:20:00,17930.30731768695,3,14
2022-08-18,17898.7,17929.8,17894.45,17929.5,10:25:00,17927.297096954862,3,15
2022-08-18,17892.65,17900.2,17890.2,17898.55,10:30:00,17923.99737343535,3,16
2022-08-18,17905.9,17908.0,17891.65,17893.05,10:35:00,17922.273814060558,3,17
2022-08-18,17913.4,17916.3,17901.45,17905.4,10:40:00,17921.428688911932,3,18
2022-08-18,17912.0,17917.45,17909.2,17913.15,10:45:00,17920.53071853937,3,19
2022-08-18,17915.3,17918.65,17909.55,17911.2,10:50:00,17920.03255486895,3,20
2022-08-18,17920.6,17921.2,17914.35,17915.1,10:55:00,17920.086597262383,3,21
2022-08-18,17912.45,17921.3,17909.65,17921.3,11:00:00,17919.359302285015,3,22
2022-08-18,17909.7,17915.85,17907.05,17912.2,11:05:00,17918.43936873406,3,23
2022-08-18,17903.9,17910.3,17901.5,17909.6,11:10:00,17917.054666949865,3,24
2022-08-18,17886.65,17903.95,17883.85,17903.95,11:15:00,17914.15898438321,3,25
2022-08-18,17884.7,17893.7,17882.5,17886.9,11:20:00,17911.353366822907,3,26
2022-08-18,17876.75,17886.65,17874.05,17885.3,11:25:00,17908.05780807787,3,27
2022-08-18,17869.8,17877.25,17861.5,17876.25,11:30:00,17904.414207308546,3,28
2022-08-18,17881.25,17884.65,17869.25,17869.25,11:35:00,17902.20809232678,3,29
2022-08-18,17884.25,17887.4,17879.55,17881.65,11:40:00,17900.497797819466,3,30
2022-08-18,17881.55,17884.15,17869.15,17884.15,11:45:00,17898.693245646184,3,31
2022-08-18,17875.2,17884.3,17870.9,17881.95,11:50:00,17896.45579367988,3,32
2022-08-18,17864.15,17879.9,17862.0,17875.65,11:55:00,17893.379051424654,3,33
2022-08-18,17860.75,17866.1,17852.05,17864.25,12:00:00,17890.271522717543,3,34
2022-08-18,17865.85,17872.25,17859.7,17860.25,12:05:00,17887.945663411112,3,35
2022-08-18,17870.05,17871.0,17863.45,17865.9,12:10:00,17886.241314514817,3,36
2022-08-18,17870.7,17874.45,17867.0,17870.2,12:15:00,17884.76118932293,3,37
2022-08-18,17880.85,17880.95,17870.3,17870.55,12:20:00,17884.388695101698,3,38
2022-08-18,17877.4,17885.8,17877.1,17881.35,12:25:00,17883.723105092013,3,39
2022-08-18,17886.3,17890.6,17876.4,17876.7,12:30:00,17883.96852365468,3,40
2022-08-18,17890.8,17892.0,17881.8,17885.95,12:35:00,17884.61914044947,3,41
2022-08-18,17897.8,17898.3,17886.2,17890.05,12:40:00,17885.874460406663,3,42
2022-08-18,17883.95,17898.15,17883.95,17896.9,12:45:00,17885.69117846317,3,43
2022-08-18,17887.35,17888.2,17876.95,17884.35,12:50:00,17885.84916146668,3,44
2022-08-18,17890.85,17891.3,17884.75,17887.65,12:55:00,17886.325431803183,3,45
2022-08-18,17893.65,17897.3,17890.95,17890.95,13:00:00,17887.02300972669,3,46
2022-08-18,17902.0,17902.2,17885.0,17893.5,13:05:00,17888.44938975272,3,47
2022-08-18,17900.9,17907.0,17898.4,17901.55,13:10:00,17889.635162157225,3,48
2022-08-18,17909.3,17910.5,17899.7,17901.1,13:15:00,17891.508003856536,3,49
2022-08-18,17902.55,17912.85,17902.55,17908.55,13:20:00,17892.559622536864,3,50
2022-08-18,17908.6,17910.95,17900.8,17903.7,13:25:00,17894.087277533352,3,51
2022-08-18,17905.85,17912.4,17902.55,17908.5,13:30:00,17895.20753681589,3,52
2022-08-18,17902.35,17909.25,17901.65,17906.8,13:35:00,17895.887771404854,3,53
2022-08-18,17893.65,17905.55,17891.3,17902.05,13:40:00,17895.674650318677,3,54
2022-08-18,17900.7,17903.35,17892.7,17894.9,13:45:00,17896.15325505023,3,55
2022-08-18,17893.25,17901.6,17885.25,17900.6,13:50:00,17895.876754569257,3,56
2022-08-18,17893.45,17897.05,17889.1,17893.9,13:55:00,17895.645635086472,3,57
2022-08-18,17891.3,17893.7,17884.15,17893.7,14:00:00,17895.231765078235,3,58
2022-08-18,17894.5,17909.25,17891.2,17891.2,14:05:00,17895.162073166022,3,59
2022-08-18,17915.2,17915.8,17893.15,17893.6,14:10:00,17897.07044715021,3,60
2022-08-18,17912.25,17918.7,17911.2,17915.4,14:15:00,17898.51611885019,3,61
2022-08-18,17917.3,17921.95,17912.0,17912.65,14:20:00,17900.30505991208,3,62
2022-08-18,17915.4,17919.4,17913.95,17917.95,14:25:00,17901.742673253786,3,63
2022-08-18,17924.7,17926.5,17915.45,17915.85,14:30:00,17903.929085324853,3,64
2022-08-18,17929.55,17933.6,17923.8,17924.75,14:35:00,17906.36917243677,3,65
2022-08-18,17938.55,17942.0,17929.15,17929.35,14:40:00,17909.43401315708,3,66
2022-08-18,17947.3,17949.5,17938.65,17938.65,14:45:00,17913.04029761831,3,67
2022-08-18,17940.2,17948.25,17933.75,17947.0,14:50:00,17915.626935940374,3,68
2022-08-18,17946.9,17951.85,17940.3,17940.8,14:55:00,17918.60532299367,3,69
2022-08-18,17943.9,17954.95,17940.95,17946.6,15:00:00,17921.014339851416,3,70
2022-08-18,17964.4,17964.85,17943.35,17944.0,15:05:00,17925.146307484614,3,71
2022-08-18,17957.3,17966.2,17956.0,17964.55,15:10:00,17928.20856391465,3,72
2022-08-18,17954.15,17959.65,17952.0,17956.6,15:15:00,17930.67917687516,3,73
2022-08-18,17963.85,17963.85,17946.4,17955.05,15:20:00,17933.83830288705,3,74
2022-08-18,17964.45,17968.45,17960.95,17964.3,15:25:00,17936.75370261209,3,75
2022-08-19,17968.7,17992.2,17954.0,17975.35,09:15:00,17939.796207125226,4,1
2022-08-19,17973.7,17978.6,17950.8,17965.5,09:20:00,17943.025139779966,4,2
2022-08-19,17963.1,17977.25,17959.0,17973.45,09:25:00,17944.937031229492,4,3
2022-08-19,17957.6,17979.05,17955.65,17963.25,09:30:00,17946.143028255254,4,4
2022-08-19,17937.1,17957.9,17936.15,17957.9,09:35:00,17945.28178746904,4,5
2022-08-19,17956.55,17960.5,17933.7,17937.35,09:40:00,17946.354950567227,4,6
2022-08-19,17961.6,17961.6,17941.4,17955.4,09:45:00,17947.806860037013,4,7
2022-08-19,17964.4,17972.15,17960.85,17961.2,09:50:00,17949.387159081107,4,8
2022-08-19,17952.5,17963.6,17949.25,17963.6,09:55:00,17949.683620121003,4,9
2022-08-19,17951.55,17958.45,17948.6,17952.75,10:00:00,17949.86137058567,4,10
2022-08-19,17952.45,17962.55,17950.6,17951.85,10:05:00,17950.10790672037,4,11
2022-08-19,17962.8,17969.1,17945.15,17951.95,10:10:00,17951.316677508905,4,12
2022-08-19,17962.1,17969.3,17961.55,17962.55,10:15:00,17952.343660603296,4,13
2022-08-19,17964.5,17966.25,17957.85,17962.2,10:20:00,17953.501407212505,4,14
2022-08-19,17958.2,17965.5,17953.25,17964.75,10:25:00,17953.948892239885,4,15
2022-08-19,17958.1,17960.5,17954.2,17957.4,10:30:00,17954.344235836088,4,16
2022-08-19,17956.9,17958.35,17950.55,17957.55,10:35:00,17954.58764194694,4,17
2022-08-19,17958.7,17959.15,17953.4,17956.5,10:40:00,17954.97929509485,4,18
2022-08-19,17960.9,17964.65,17956.1,17958.8,10:45:00,17955.543171752484,4,19
2022-08-19,17934.5,17960.95,17934.5,17960.25,10:50:00,17953.53906015701,4,20
2022-08-19,17924.0,17934.55,17917.3,17934.45,10:55:00,17950.725816332535,4,21
2022-08-19,17902.65,17935.5,17901.95,17923.75,11:00:00,17946.147167158008,4,22
2022-08-19,17871.15,17905.65,17857.9,17901.4,11:05:00,17939.004579809625,4,23
2022-08-19,17879.4,17887.1,17864.85,17869.75,11:10:00,17933.32795316109,4,24
2022-08-19,17891.35,17892.95,17875.0,17879.45,11:15:00,17929.330052860034,4,25
2022-08-19,17870.95,17896.2,17870.95,17890.9,11:20:00,17923.770047825747,4,26
2022-08-19,17840.5,17871.25,17827.85,17871.1,11:25:00,17915.83956708044,4,27
2022-08-19,17827.65,17841.45,17813.5,17840.95,11:30:00,17907.440560691826,4,28
2022-08-19,17803.45,17830.0,17801.55,17828.2,11:35:00,17897.536697768795,4,29
2022-08-19,17789.85,17820.85,17786.0,17803.4,11:40:00,17887.280821790817,4,30
2022-08-19,17820.5,17823.0,17783.0,17788.0,11:45:00,17880.920743525025,4,31
2022-08-19,17814.15,17834.0,17808.05,17821.05,11:50:00,17874.56162509407,4,32
2022-08-19,17815.35,17820.75,17813.35,17813.6,11:55:00,17868.92242270416,4,33
2022-08-19,17800.75,17816.5,17784.65,17815.3,12:00:00,17862.42981101805,4,34
2022-08-19,17802.95,17806.25,17791.3,17801.85,12:05:00,17856.76506711157,4,35
2022-08-19,17806.4,17808.9,17798.65,17802.1,12:10:00,17851.968394053325,4,36
2022-08-19,17791.15,17809.4,17790.7,17807.1,12:15:00,17846.176166048248,4,37
2022-08-19,17770.15,17793.5,17769.9,17791.25,12:20:00,17838.935578805558,4,38
2022-08-19,17744.7,17773.65,17741.7,17769.6,12:25:00,17829.960761776456,4,39
2022-08-19,17760.05,17760.55,17727.7,17744.1,12:30:00,17823.30259398822,4,40
2022-08-19,17787.75,17788.7,17759.8,17760.45,12:35:00,17819.916632656008,4,41
2022-08-19,17778.9,17797.95,17778.9,17787.2,12:40:00,17816.01028668877,4,42
2022-08-19,17777.7,17796.1,17775.4,17779.75,12:45:00,17812.361687956505,4,43
2022-08-19,17780.6,17783.3,17774.45,17778.65,12:50:00,17809.33676529398,4,44
2022-08-19,17772.1,17786.45,17762.15,17780.5,12:55:00,17805.790406694556,4,45
2022-08-19,17796.95,17798.9,17771.75,17771.75,13:00:00,17804.948463199835,4,46
2022-08-19,17810.4,17810.4,17792.0,17797.45,13:05:00,17805.4676571808,4,47
2022-08-19,17810.55,17816.7,17806.1,17810.15,13:10:00,17805.951689830246,4,48
2022-08-19,17804.45,17822.2,17803.75,17810.4,13:15:00,17805.808671751176,4,49
2022-08-19,17813.15,17816.45,17794.25,17804.35,13:20:00,17806.50784587011,4,50
2022-08-19,17808.75,17820.05,17806.6,17813.1,13:25:00,17806.721384358672,4,51
2022-08-19,17796.2,17810.8,17795.45,17807.8,13:30:00,17805.719347753085,4,52
2022-08-19,17763.55,17800.05,17761.2,17796.0,13:35:00,17801.703219395647,4,53
2022-08-19,17775.0,17781.55,17760.45,17761.7,13:40:00,17799.16005564368,4,54
2022-08-19,17771.15,17779.75,17763.65,17774.65,13:45:00,17796.49243129666,4,55
2022-08-19,17740.05,17772.3,17731.35,17770.4,13:50:00,17791.11696164936,4,56
2022-08-19,17750.75,17753.0,17731.9,17739.95,13:55:00,17787.27248911133,4,57
2022-08-19,17724.4,17752.3,17710.75,17750.85,14:00:00,17781.28463300549,4,58
2022-08-19,17744.8,17745.25,17722.8,17724.6,14:05:00,17777.809906052586,4,59
2022-08-19,17763.4,17774.25,17742.15,17745.2,14:10:00,17776.437534047578,4,60
2022-08-19,17776.65,17784.3,17763.5,17763.55,14:15:00,17776.45776890019,4,61
2022-08-19,17774.5,17784.25,17763.15,17778.1,14:20:00,17776.27131471922,4,62
2022-08-19,17798.2,17800.8,17771.3,17774.95,14:25:00,17778.359760936437,4,63
2022-08-19,17791.85,17800.6,17781.3,17798.65,14:30:00,17779.644545609157,4,64
2022-08-19,17784.75,17796.2,17776.3,17791.05,14:35:00,17780.130779360665,4,65
2022-08-19,17789.55,17793.7,17778.65,17784.65,14:40:00,17781.02784799298,4,66
2022-08-19,17794.6,17804.2,17786.6,17789.75,14:45:00,17782.32043389841,4,67
2022-08-19,17768.55,17794.85,17756.25,17794.85,14:50:00,17781.008964003322,4,68
2022-08-19,17775.95,17780.9,17766.05,17769.0,14:55:00,17780.527157907767,4,69
2022-08-19,17782.85,17790.55,17759.65,17775.5,15:00:00,17780.74838096417,4,70
2022-08-19,17783.35,17785.75,17771.5,17783.45,15:05:00,17780.996154205677,4,71
2022-08-19,17765.0,17785.5,17764.15,17783.1,15:10:00,17779.472710947994,4,72
2022-08-19,17759.45,17767.3,17756.6,17764.65,15:15:00,17777.5657860958,4,73
2022-08-19,17736.3,17763.9,17736.2,17760.2,15:20:00,17773.635711229534,4,74
2022-08-19,17726.95,17738.7,17725.7,17737.7,15:25:00,17769.1894530172,4,75
2022-08-22,17670.6,17690.05,17631.4,17690.05,09:15:00,17759.799981301276,0,1
2022-08-22,17629.1,17679.3,17617.85,17671.45,09:20:00,17747.352364034487,0,2
2022-08-22,17622.85,17636.1,17614.75,17629.2,09:25:00,17735.4949960312,0,3
2022-08-22,17623.35,17642.55,17607.4,17619.5,09:30:00,17724.814520218704,0,4
2022-08-22,17604.45,17627.4,17598.0,17623.4,09:35:00,17713.35123257883,0,5
2022-08-22,17606.1,17613.25,17593.75,17603.7,09:40:00,17703.136829476083,0,6
2022-08-22,17597.2,17613.55,17582.4,17606.8,09:45:00,17693.047607621218,0,7
2022-08-22,17613.35,17615.25,17585.65,17594.85,09:50:00,17685.45735927634,0,8
2022-08-22,17618.1,17630.85,17609.7,17613.95,09:55:00,17679.042372678596,0,9
2022-08-22,17591.7,17620.4,17586.25,17618.4,10:00:00,17670.724051471112,0,10
2022-08-22,17585.8,17595.35,17572.25,17590.95,10:05:00,17662.6360465691,0,11
2022-08-22,17580.25,17587.6,17574.8,17585.45,10:10:00,17654.78975641966,0,12
2022-08-22,17590.55,17592.3,17575.7,17580.7,10:15:00,17648.671684379693,0,13
2022-08-22,17578.55,17599.25,17574.8,17590.4,10:20:00,17641.993428724483,0,14
2022-08-22,17577.9,17588.1,17567.6,17578.7,10:25:00,17635.889292655484,0,15
2022-08-22,17584.2,17589.95,17575.6,17578.55,10:30:00,17630.96650287877,0,16
2022-08-22,17568.45,17585.15,17568.25,17585.15,10:35:00,17625.01255022365,0,17
2022-08-22,17556.35,17570.75,17554.75,17568.0,10:40:00,17618.47325972616,0,18
2022-08-22,17557.85,17566.55,17551.95,17555.7,10:45:00,17612.699615942718,0,19
2022-08-22,17566.0,17574.45,17555.4,17557.75,10:50:00,17608.25203347198,0,20
2022-08-22,17558.5,17569.3,17557.05,17565.05,10:55:00,17603.513744569886,0,21
2022-08-22,17572.25,17578.95,17552.9,17558.55,11:00:00,17600.536245087038,0,22
2022-08-22,17547.55,17576.6,17545.2,17573.6,11:05:00,17595.48993603113,0,23
2022-08-22,17562.15,17563.75,17544.25,17546.8,11:10:00,17592.314704028162,0,24
2022-08-22,17561.5,17566.65,17558.25,17561.7,11:15:00,17589.379970311194,0,25
2022-08-22,17560.2,17566.5,17558.8,17562.75,11:20:00,17586.60092551965,0,26
2022-08-22,17565.3,17568.3,17547.7,17560.35,11:25:00,17584.57226594635,0,27
2022-08-22,17562.2,17568.7,17560.75,17565.25,11:30:00,17582.44157395146,0,28
2022-08-22,17560.8,17565.65,17558.25,17562.4,11:35:00,17580.380471670367,0,29
2022-08-22,17561.4,17561.4,17556.75,17560.35,11:40:00,17578.572807701763,0,30
2022-08-22,17572.2,17576.05,17559.0,17561.55,11:45:00,17577.96587363493,0,31
2022-08-22,17573.7,17578.15,17569.15,17572.05,11:50:00,17577.559599955413,0,32
2022-08-22,17569.5,17573.45,17566.75,17573.45,11:55:00,17576.79201900728,0,33
2022-08-22,17570.1,17576.6,17563.5,17569.9,12:00:00,17576.15468386373,0,34
2022-08-22,17574.3,17584.75,17569.9,17569.95,12:05:00,17575.978047305278,0,35
2022-08-22,17573.85,17582.65,17573.8,17573.8,12:10:00,17575.775376133348,0,36
2022-08-22,17578.6,17585.75,17573.65,17574.15,12:15:00,17576.04438793017,0,37
2022-08-22,17578.85,17586.3,17575.6,17577.9,12:20:00,17576.31158907968,0,38
2022-08-22,17581.6,17583.85,17577.35,17579.5,12:25:00,17576.815247262566,0,39
2022-08-22,17588.9,17592.85,17578.05,17581.5,12:30:00,17577.966176094702,0,40
2022-08-22,17582.15,17597.0,17582.15,17588.7,12:35:00,17578.364635514255,0,41
2022-08-22,17565.9,17588.25,17564.95,17581.9,12:40:00,17577.17752737004,0,42
2022-08-22,17567.7,17569.65,17553.9,17565.35,12:45:00,17576.27490571575,0,43
2022-08-22,17567.9,17574.05,17564.1,17568.0,12:50:00,17575.477295647583,0,44
2022-08-22,17541.55,17569.7,17536.25,17567.95,12:55:00,17572.246124633526,0,45
2022-08-22,17543.65,17543.8,17533.55,17540.7,13:00:00,17569.522684192238,0,46
2022-08-22,17549.9,17554.15,17544.25,17544.25,13:05:00,17567.65385712631,0,47
2022-08-22,17546.25,17553.25,17539.8,17549.65,13:10:00,17565.615394542852,0,48
2022-08-22,17554.85,17559.35,17543.55,17546.0,13:15:00,17564.590118872104,0,49
2022-08-22,17558.85,17559.45,17552.35,17554.45,13:20:00,17564.043440884285,0,50
2022-08-22,17539.15,17564.45,17535.2,17558.9,13:25:00,17561.672636990545,0,51
2022-08-22,17532.2,17541.4,17525.3,17537.35,13:30:00,17558.865719181922,0,52
2022-08-22,17540.25,17545.4,17529.0,17531.35,13:35:00,17557.092793545547,0,53
2022-08-22,17533.15,17545.65,17529.9,17539.5,13:40:00,17554.812527493592,0,54
2022-08-22,17537.45,17540.7,17532.55,17532.95,13:45:00,17553.158953446582,0,55
2022-08-22,17527.45,17542.9,17525.0,17537.5,13:50:00,17550.710481689766,0,56
2022-08-22,17531.15,17540.7,17522.9,17528.0,13:55:00,17548.847578671695,0,57
2022-08-22,17530.5,17541.4,17529.6,17531.1,14:00:00,17547.10019022677,0,58
2022-08-22,17544.55,17548.35,17529.25,17530.7,14:05:00,17546.857314967077,0,59
2022-08-22,17541.15,17546.2,17534.45,17544.75,14:10:00,17546.313761160687,0,60
2022-08-22,17553.0,17560.45,17539.55,17540.25,14:15:00,17546.95054581205,0,61
2022-08-22,17554.8,17559.65,17547.45,17552.75,14:20:00,17547.69811287757,0,62
2022-08-22,17558.85,17560.05,17551.45,17554.65,14:25:00,17548.76019736542,0,63
2022-08-22,17536.55,17559.95,17532.2,17558.4,14:30:00,17547.597321425856,0,64
2022-08-22,17526.4,17542.5,17526.4,17538.35,14:35:00,17545.578528909107,0,65
2022-08-22,17518.6,17529.2,17515.95,17526.3,14:40:00,17543.00914520348,0,66
2022-08-22,17517.7,17522.65,17502.55,17520.0,14:45:00,17540.598750422196,0,67
2022-08-22,17526.0,17534.75,17516.9,17516.9,14:50:00,17539.20839323913,0,68
2022-08-22,17507.65,17528.95,17497.0,17527.05,14:55:00,17536.20283197826,0,69
2022-08-22,17469.15,17512.1,17467.35,17508.8,15:00:00,17529.816847980328,0,70
2022-08-22,17486.65,17487.9,17469.35,17469.35,15:05:00,17525.70571960125,0,71
2022-08-22,17495.3,17495.3,17483.25,17487.1,15:10:00,17522.809936782083,0,72
2022-08-22,17500.15,17503.65,17489.5,17496.25,15:15:00,17520.651847564743,0,73
2022-08-22,17491.3,17503.95,17490.35,17500.65,15:20:00,17517.85643351096,0,74
2022-08-22,17494.35,17495.55,17487.75,17491.5,15:25:00,17515.617725557535,0,75
2022-08-23,17403.75,17413.2,17345.2,17369.6,09:15:00,17504.963656456817,1,1
2022-08-23,17451.85,17454.65,17395.4,17404.5,09:20:00,17499.90521298474,1,2
2022-08-23,17482.2,17485.35,17447.35,17453.35,09:25:00,17498.21900222429,1,3
2022-08-23,17485.15,17521.15,17480.55,17483.95,09:30:00,17496.97433534579,1,4
2022-08-23,17528.6,17532.1,17479.2,17485.6,09:35:00,17499.986303408095,1,5
2022-08-23,17525.75,17537.9,17520.3,17529.35,09:40:00,17502.4399887978,1,6
2022-08-23,17546.0,17548.75,17521.5,17525.55,09:45:00,17506.588561293247,1,7
2022-08-23,17568.55,17571.95,17545.0,17547.25,09:50:00,17512.48965069389,1,8
2022-08-23,17581.45,17583.55,17561.0,17568.4,09:55:00,17519.057303008758,1,9
2022-08-23,17584.8,17588.55,17572.25,17581.7,10:00:00,17525.31851224602,1,10
2022-08-23,17562.15,17586.15,17559.75,17584.35,10:05:00,17528.826272984494,1,11
2022-08-23,17517.0,17562.65,17516.1,17562.65,10:10:00,17527.699961271686,1,12
2022-08-23,17528.0,17537.8,17487.2,17515.75,10:15:00,17527.72853638867,1,13
2022-08-23,17534.8,17538.25,17516.65,17527.6,10:20:00,17528.402009113557,1,14
2022-08-23,17509.15,17534.25,17508.55,17534.25,10:25:00,17526.568484436077,1,15
2022-08-23,17500.95,17509.55,17492.75,17509.55,10:30:00,17524.1286287755,1,16
2022-08-23,17456.7,17500.35,17456.05,17500.3,10:35:00,17517.706854606404,1,17
2022-08-23,17447.4,17461.65,17417.55,17456.5,10:40:00,17511.010963691508,1,18
2022-08-23,17442.45,17451.5,17428.05,17448.4,10:45:00,17504.48134810184,1,19
2022-08-23,17433.2,17443.15,17422.9,17442.75,10:50:00,17497.692648282617,1,20
2022-08-23,17450.9,17453.25,17433.3,17433.4,10:55:00,17493.236205589033,1,21
2022-08-23,17436.15,17462.85,17431.2,17451.75,11:00:00,17487.799424104363,1,22
2022-08-23,17412.65,17439.95,17411.7,17436.45,11:05:00,17480.642336094425,1,23
2022-08-23,17431.5,17436.55,17412.0,17412.0,11:10:00,17475.962113609243,1,24
2022-08-23,17452.25,17452.5,17425.8,17431.35,11:15:00,17473.703817075027,1,25
2022-08-23,17473.95,17474.65,17445.35,17452.1,11:20:00,17473.72726306788,1,26
2022-08-23,17463.45,17488.8,17462.9,17475.3,11:25:00,17472.748476109035,1,27
2022-08-23,17506.35,17509.0,17460.3,17464.85,11:30:00,17475.948621241507,1,28
2022-08-23,17485.9,17505.45,17482.2,17505.45,11:35:00,17476.896371599458,1,29
2022-08-23,17469.7,17486.7,17466.75,17485.95,11:40:00,17476.2110028757,1,30
2022-08-23,17477.05,17482.55,17469.9,17471.65,11:45:00,17476.29090736373,1,31
2022-08-23,17483.0,17484.75,17457.15,17477.1,11:50:00,17476.929868567186,1,32
2022-08-23,17476.05,17497.3,17474.75,17483.45,11:55:00,17476.846071560787,1,33
2022-08-23,17475.1,17480.85,17464.3,17476.8,12:00:00,17476.67977903119,1,34
2022-08-23,17458.5,17477.2,17454.9,17475.35,12:05:00,17474.94837150441,1,35
2022-08-23,17464.2,17468.9,17452.7,17458.4,12:10:00,17473.92471707542,1,36
2022-08-23,17456.15,17474.35,17453.1,17463.95,12:15:00,17472.231886877762,1,37
2022-08-23,17455.4,17460.55,17450.95,17456.45,12:20:00,17470.628850032263,1,38
2022-08-23,17458.1,17462.35,17448.6,17455.35,12:25:00,17469.435626219667,1,39
2022-08-23,17481.75,17484.05,17455.9,17460.85,12:30:00,17470.608423722555,1,40
2022-08-23,17488.9,17495.5,17481.9,17482.4,12:35:00,17472.35047860612,1,41
2022-08-23,17488.6,17494.35,17484.45,17490.0,12:40:00,17473.898052072203,1,42
2022-08-23,17502.6,17506.3,17484.45,17489.05,12:45:00,17476.63157092247,1,43
2022-08-23,17530.75,17531.6,17503.3,17503.3,12:50:00,17481.78570702509,1,44
2022-08-23,17529.1,17536.4,17517.0,17530.3,12:55:00,17486.29183016556,1,45
2022-08-23,17520.55,17534.2,17520.2,17528.75,13:00:00,17489.554513006933,1,46
2022-08-23,17525.4,17533.8,17508.1,17521.7,13:05:00,17492.968368911035,1,47
2022-08-23,17547.25,17551.5,17524.9,17524.9,13:10:00,17498.138048062367,1,48
2022-08-23,17550.8,17560.7,17546.7,17546.7,13:15:00,17503.153472056427,1,49
2022-08-23,17562.1,17563.15,17544.0,17550.35,13:20:00,17508.76742709867,1,50
2022-08-23,17559.8,17565.6,17555.9,17563.1,13:25:00,17513.627672136892,1,51
2022-08-23,17561.45,17566.0,17553.45,17559.75,13:30:00,17518.182179552427,1,52
2022-08-23,17564.1,17569.85,17557.8,17561.75,13:35:00,17522.55530530934,1,53
2022-08-23,17562.8,17577.1,17561.95,17564.5,13:40:00,17526.388133375116,1,54
2022-08-23,17559.95,17568.3,17544.65,17562.0,13:45:00,17529.584501625104,1,55
2022-08-23,17555.6,17560.55,17545.2,17559.0,13:50:00,17532.062168137,1,56
2022-08-23,17565.0,17575.3,17552.3,17556.4,13:55:00,17535.199104504904,1,57
2022-08-23,17569.15,17570.25,17553.7,17564.85,14:00:00,17538.432523123483,1,58
2022-08-23,17579.8,17582.75,17568.45,17568.9,14:05:00,17542.372282826007,1,59
2022-08-23,17573.35,17583.3,17565.45,17579.3,14:10:00,17545.322541604484,1,60
2022-08-23,17571.4,17576.95,17567.9,17573.7,14:15:00,17547.806109070723,1,61
2022-08-23,17588.8,17594.0,17570.95,17571.5,14:20:00,17551.710289159226,1,62
2022-08-23,17573.8,17589.25,17573.15,17589.25,14:25:00,17553.81407114406,1,63
2022-08-23,17554.9,17577.0,17544.85,17574.65,14:30:00,17553.917492939865,1,64
2022-08-23,17576.65,17579.85,17551.7,17555.75,14:35:00,17556.08249361226,1,65
2022-08-23,17565.85,17577.35,17565.25,17576.4,14:40:00,17557.012732315852,1,66
2022-08-23,17554.5,17570.95,17552.25,17565.95,14:45:00,17556.773424476247,1,67
2022-08-23,17552.05,17561.4,17543.9,17555.45,14:50:00,17556.323574526126,1,68
2022-08-23,17557.4,17560.8,17547.1,17552.5,14:55:00,17556.426091237925,1,69
2022-08-23,17532.75,17563.45,17525.15,17557.9,15:00:00,17554.171225405742,1,70
2022-08-23,17563.7,17563.7,17528.9,17533.0,15:05:00,17555.078727748052,1,71
2022-08-23,17571.1,17571.75,17561.9,17564.45,15:10:00,17556.604563200617,1,72
2022-08-23,17590.75,17594.3,17568.95,17571.05,15:15:00,17559.85650956246,1,73
2022-08-23,17615.4,17616.85,17590.0,17591.1,15:20:00,17565.146365794608,1,74
2022-08-23,17623.35,17625.55,17614.55,17617.25,15:25:00,17570.689569052265,1,75
2022-08-24,17575.3,17605.4,17548.35,17556.7,09:15:00,17571.525928407864,2,1
2022-08-24,17602.15,17602.95,17557.9,17574.15,09:20:00,17574.442506654734,2,2
2022-08-24,17574.25,17603.75,17573.55,17603.75,09:25:00,17574.424172687617,2,3
2022-08-24,17528.8,17574.8,17527.8,17574.8,09:30:00,17570.079013384035,2,4
2022-08-24,17511.5,17551.85,17510.35,17527.55,09:35:00,17564.500059728412,2,5
2022-08-24,17519.0,17528.2,17499.25,17511.25,09:40:00,17560.166720706657,2,6
2022-08-24,17532.1,17547.2,17509.4,17518.55,09:45:00,17557.493699686973,2,7
2022-08-24,17526.35,17549.7,17521.6,17532.75,09:50:00,17554.52763305012,2,8
2022-08-24,17536.3,17536.3,17514.1,17526.6,09:55:00,17552.791667997724,2,9
2022-08-24,17563.65,17563.65,17531.0,17536.05,10:00:00,17553.82579485508,2,10
2022-08-24,17555.5,17568.4,17552.8,17564.25,10:05:00,17553.98524296412,2,11
2022-08-24,17564.4,17574.5,17551.9,17554.15,10:10:00,17554.977124586585,2,12
2022-08-24,17575.65,17575.65,17559.65,17564.35,10:15:00,17556.945969864053,2,13
2022-08-24,17592.25,17593.85,17575.6,17575.85,10:20:00,17560.30825844843,2,14
2022-08-24,17580.9,17596.25,17580.3,17591.85,10:25:00,17562.269376691438,2,15
2022-08-24,17579.6,17587.35,17569.45,17581.1,10:30:00,17563.919912244633,2,16
2022-08-24,17573.6,17582.25,17573.25,17579.3,10:35:00,17564.841825364194,2,17
2022-08-24,17575.2,17583.85,17570.35,17572.75,10:40:00,17565.82831818665,2,18
2022-08-24,17589.35,17589.35,17574.85,17574.85,10:45:00,17568.06847835935,2,19
2022-08-24,17591.4,17599.3,17587.7,17591.25,10:50:00,17570.29052803941,2,20
2022-08-24,17587.4,17592.45,17582.6,17591.0,10:55:00,17571.92000155947,2,21
2022-08-24,17595.4,17595.95,17585.7,17587.75,11:00:00,17574.156191887138,2,22
2022-08-24,17610.05,17611.5,17595.15,17595.75,11:05:00,17577.57464980265,2,23
2022-08-24,17614.35,17616.0,17606.95,17609.75,11:10:00,17581.077064107158,2,24
2022-08-24,17614.9,17623.65,17606.35,17614.8,11:15:00,17584.298296096953,2,25
2022-08-24,17605.0,17614.65,17602.3,17614.65,11:20:00,17586.26988694486,2,26
2022-08-24,17597.0,17607.4,17597.0,17604.75,11:25:00,17587.291802473923,2,27
2022-08-24,17613.2,17613.2,17594.4,17597.55,11:30:00,17589.759249857358,2,28
2022-08-24,17613.95,17619.8,17608.0,17612.9,11:35:00,17592.063130823324,2,29
2022-08-24,17609.0,17615.2,17605.8,17614.2,11:40:00,17593.676165983008,2,30
2022-08-24,17616.45,17616.85,17605.95,17609.15,11:45:00,17595.845102556057,2,31
2022-08-24,17596.1,17616.9,17595.55,17616.4,11:50:00,17595.8693785031,2,32
2022-08-24,17569.15,17595.85,17568.2,17595.85,11:55:00,17593.32467578852,2,33
2022-08-24,17568.6,17572.2,17558.45,17568.15,12:00:00,17590.969944761044,2,34
2022-08-24,17574.0,17582.35,17568.7,17568.7,12:05:00,17589.353759545706,2,35
2022-08-24,17566.35,17575.3,17563.35,17573.8,12:10:00,17587.162925303255,2,36
2022-08-24,17563.05,17573.55,17562.2,17566.8,12:15:00,17584.866456226755,2,37
2022-08-24,17579.1,17579.1,17560.3,17563.2,12:20:00,17584.317269919444,2,38
2022-08-24,17590.1,17590.8,17578.3,17578.95,12:25:00,17584.86800611759,2,39
2022-08-24,17592.35,17598.15,17585.3,17589.85,12:30:00,17585.580576963534,2,40
2022-08-24,17587.5,17595.05,17586.6,17592.25,12:35:00,17585.763379157484,2,41
2022-08-24,17581.4,17590.65,17580.5,17587.45,12:40:00,17585.347819237726,2,42
2022-08-24,17573.45,17581.9,17567.7,17581.9,12:45:00,17584.214693596037,2,43
2022-08-24,17545.55,17574.4,17544.9,17573.55,12:50:00,17580.532341824986,2,44
2022-08-24,17538.55,17555.6,17533.25,17545.75,12:55:00,17576.53402355594,2,45
2022-08-24,17541.4,17549.7,17530.8,17537.35,13:00:00,17573.187926074424,2,46
2022-08-24,17541.85,17543.9,17534.05,17541.25,13:05:00,17570.203361686385,2,47
2022-08-24,17543.65,17549.8,17538.75,17541.4,13:10:00,17567.674470097205,2,48
2022-08-24,17534.8,17548.35,17533.7,17543.4,13:15:00,17564.543568183184,2,49
2022-08-24,17533.65,17540.15,17524.6,17534.65,13:20:00,17561.60132359431,2,50
2022-08-24,17529.6,17537.2,17524.2,17533.45,13:25:00,17558.55357849009,2,51
2022-08-24,17543.15,17550.5,17528.65,17529.65,13:30:00,17557.086571014843,2,52
2022-08-24,17549.65,17553.35,17542.85,17543.2,13:35:00,17556.378326156286,2,53
2022-08-24,17571.0,17572.1,17549.0,17550.15,13:40:00,17557.770866522354,2,54
2022-08-24,17574.85,17579.65,17565.65,17570.35,13:45:00,17559.397450663084,2,55
2022-08-24,17568.3,17575.3,17564.65,17575.3,13:50:00,17560.245312504696,2,56
2022-08-24,17551.1,17567.8,17550.05,17567.75,13:55:00,17559.374330361392,2,57
2022-08-24,17572.2,17584.95,17550.65,17551.35,14:00:00,17560.595822707928,2,58
2022-08-24,17568.55,17578.55,17566.9,17571.95,14:05:00,17561.35336340241,2,59
2022-08-24,17560.25,17568.65,17556.35,17568.65,14:10:00,17561.248281173608,2,60
2022-08-24,17568.6,17573.55,17557.65,17559.3,14:15:00,17561.94844487136,2,61
2022-08-24,17568.15,17578.5,17563.75,17568.25,14:20:00,17562.539069169325,2,62
2022-08-24,17571.2,17571.2,17558.8,17568.05,14:25:00,17563.363919724627,2,63
2022-08-24,17572.65,17579.35,17568.25,17572.05,14:30:00,17564.24830832228,2,64
2022-08-24,17573.55,17573.6,17562.25,17572.55,14:35:00,17565.134183720158,2,65
2022-08-24,17564.5,17576.7,17564.3,17573.25,14:40:00,17565.07378527062,2,66
2022-08-24,17578.65,17580.25,17564.45,17564.45,14:45:00,17566.366758101987,2,67
2022-08-24,17586.1,17589.95,17577.35,17578.25,14:50:00,17568.246114473226,2,68
2022-08-24,17584.45,17591.8,17578.8,17585.65,14:55:00,17569.789341666252,2,69
2022-08-24,17593.85,17597.45,17581.65,17584.65,15:00:00,17572.08083293613,2,70
2022-08-24,17607.0,17607.0,17593.0,17594.0,15:05:00,17575.406467894594,2,71
2022-08-24,17618.1,17622.15,17605.45,17605.45,15:10:00,17579.4725185713,2,72
2022-08-24,17608.9,17617.95,17604.8,17617.75,15:15:00,17582.275135850225,2,73
2022-08-24,17607.3,17610.15,17598.55,17610.15,15:20:00,17584.65845624544,2,74
2022-08-24,17607.55,17611.75,17597.1,17606.95,15:25:00,17586.838603269684,2,75
2022-08-25,17672.45,17690.0,17662.2,17668.25,09:15:00,17594.99206962495,3,1
2022-08-25,17684.0,17689.4,17659.25,17672.1,09:20:00,17603.469015374954,3,2
2022-08-25,17694.25,17702.9,17679.1,17683.85,09:25:00,17612.114823434484,3,3
2022-08-25,17705.85,17707.55,17688.7,17694.45,09:30:00,17621.04198310739,3,4
2022-08-25,17707.55,17709.55,17699.25,17706.2,09:35:00,17629.280841859065,3,5
2022-08-25,17703.7,17707.9,17695.6,17707.9,09:40:00,17636.36838072963,3,6
2022-08-25,17696.75,17705.9,17692.7,17703.95,09:45:00,17642.119011136332,3,7
2022-08-25,17700.25,17703.35,17692.25,17697.4,09:50:00,17647.655295790013,3,8
2022-08-25,17706.45,17707.3,17699.6,17700.15,09:55:00,17653.25479142906,3,9
2022-08-25,17711.35,17716.35,17706.3,17707.25,10:00:00,17658.787668435816,3,10
2022-08-25,17704.8,17712.65,17699.0,17711.55,10:05:00,17663.16979525145,3,11
2022-08-25,17694.35,17704.8,17690.6,17704.45,10:10:00,17666.13933856084,3,12
2022-08-25,17679.35,17695.05,17678.5,17694.2,10:15:00,17667.39749679314,3,13
2022-08-25,17693.95,17699.05,17678.5,17679.3,10:20:00,17669.926306622365,3,14
2022-08-25,17684.2,17694.55,17682.85,17694.55,10:25:00,17671.285705991664,3,15
2022-08-25,17687.3,17692.45,17680.15,17683.55,10:30:00,17672.810876849602,3,16
2022-08-25,17688.35,17696.35,17686.1,17687.8,10:35:00,17674.290793340115,3,17
2022-08-25,17686.1,17690.55,17684.15,17687.2,10:40:00,17675.415479688676,3,18
2022-08-25,17691.8,17693.95,17677.2,17685.9,10:45:00,17676.975910194516,3,19
2022-08-25,17693.0,17694.45,17688.75,17691.4,10:50:00,17678.502013985515,3,20
2022-08-25,17701.2,17702.35,17691.5,17692.65,10:55:00,17680.663726939274,3,21
2022-08-25,17691.85,17702.3,17688.35,17701.3,11:00:00,17681.729086278392,3,22
2022-08-25,17678.5,17692.8,17678.5,17692.35,11:05:00,17681.42155425188,3,23
2022-08-25,17676.85,17686.2,17676.5,17678.3,11:10:00,17680.98616813265,3,24
2022-08-25,17671.45,17677.25,17667.35,17677.25,11:15:00,17680.077961643827,3,25
2022-08-25,17646.65,17670.95,17637.7,17670.95,11:20:00,17676.894346249177,3,26
2022-08-25,17647.75,17654.05,17641.85,17645.95,11:25:00,17674.118694225446,3,27
2022-08-25,17653.7,17654.25,17644.05,17648.4,11:30:00,17672.174056680167,3,28
2022-08-25,17650.45,17654.95,17642.8,17653.75,11:35:00,17670.105098901106,3,29
2022-08-25,17674.45,17678.35,17650.25,17650.65,11:40:00,17670.51889900576,3,30
2022-08-25,17691.75,17696.4,17673.75,17674.5,11:45:00,17672.54090862426,3,31
2022-08-25,17688.0,17693.9,17684.8,17691.1,11:50:00,17674.013203041,3,32
2022-08-25,17690.55,17693.35,17686.85,17688.1,11:55:00,17675.588136084712,3,33
2022-08-25,17698.05,17701.15,17685.15,17690.35,12:00:00,17677.727361219502,3,34
2022-08-25,17696.65,17704.5,17693.75,17698.65,12:05:00,17679.529517293835,3,35
2022-08-25,17696.3,17699.0,17692.3,17697.05,12:10:00,17681.126706122992,3,36
2022-08-25,17700.25,17701.0,17692.2,17695.9,12:15:00,17682.947972206515,3,37
2022-08-25,17704.45,17708.1,17699.2,17700.05,12:20:00,17684.995784377323,3,38
2022-08-25,17695.8,17706.1,17694.0,17705.55,12:25:00,17686.02475729377,3,39
2022-08-25,17695.95,17701.2,17691.65,17696.05,12:30:00,17686.970018503886,3,40
2022-08-25,17695.3,17699.15,17692.75,17695.9,12:35:00,17687.763350074943,3,41
2022-08-25,17695.45,17700.05,17693.55,17695.0,12:40:00,17688.49541197257,3,42
2022-08-25,17712.85,17715.25,17694.6,17696.0,12:45:00,17690.81489654661,3,43
2022-08-25,17716.45,17717.75,17709.35,17713.15,12:50:00,17693.25633497074,3,44
2022-08-25,17724.35,17725.2,17713.85,17716.35,12:55:00,17696.2176364021,3,45
2022-08-25,17712.05,17726.5,17710.95,17724.65,13:00:00,17697.72548055428,3,46
2022-08-25,17704.45,17718.6,17702.55,17712.3,13:05:00,17698.36591097768,3,47
2022-08-25,17712.95,17716.1,17698.55,17703.95,13:10:00,17699.75487183695,3,48
2022-08-25,17702.25,17714.6,17700.75,17711.75,13:15:00,17699.992503090576,3,49
2022-08-25,17705.25,17708.2,17693.05,17701.95,13:20:00,17700.49321708195,3,50
2022-08-25,17704.2,17711.7,17703.4,17706.25,13:25:00,17700.846244026525,3,51
2022-08-25,17706.55,17710.05,17701.85,17705.15,13:30:00,17701.38945888114,3,52
2022-08-25,17708.1,17714.45,17705.95,17707.35,13:35:00,17702.02855803532,3,53
2022-08-25,17702.75,17709.0,17701.35,17707.9,13:40:00,17702.09726679386,3,54
2022-08-25,17698.55,17704.75,17691.75,17703.5,13:45:00,17701.75943186111,3,55
2022-08-25,17700.6,17703.55,17696.6,17699.35,13:50:00,17701.649009779103,3,56
2022-08-25,17694.6,17705.8,17694.4,17701.5,13:55:00,17700.977675514427,3,57
2022-08-25,17696.0,17699.9,17685.15,17695.1,14:00:00,17700.50361117972,3,58
2022-08-25,17683.9,17696.9,17683.9,17695.05,14:05:00,17698.92231487689,3,59
2022-08-25,17692.6,17696.3,17682.8,17684.25,14:10:00,17698.32018965052,3,60
2022-08-25,17683.35,17695.3,17683.35,17692.55,14:15:00,17696.89445730285,3,61
2022-08-25,17678.5,17684.8,17668.8,17683.7,14:20:00,17695.14260422639,3,62
2022-08-25,17664.3,17678.95,17660.85,17678.8,14:25:00,17692.205213347686,3,63
2022-08-25,17643.8,17672.2,17640.7,17664.8,14:30:00,17687.595193028857,3,64
2022-08-25,17633.5,17656.25,17629.7,17644.2,14:35:00,17682.443269883253,3,65
2022-08-25,17645.85,17648.2,17613.95,17633.7,14:40:00,17678.958196561038,3,66
2022-08-25,17644.7,17653.45,17633.75,17646.85,14:45:00,17675.69551117427,3,67
2022-08-25,17601.1,17645.8,17594.95,17644.65,14:50:00,17668.59117677672,3,68
2022-08-25,17570.05,17602.9,17566.3,17600.95,14:55:00,17659.206302797986,3,69
2022-08-25,17550.25,17577.75,17512.25,17569.35,15:00:00,17648.82951205532,3,70
2022-08-25,17565.05,17565.55,17530.65,17547.75,15:05:00,17640.850510907192,3,71
2022-08-25,17498.9,17566.5,17488.5,17564.45,15:10:00,17627.331414630316,3,72
2022-08-25,17497.05,17510.85,17487.45,17498.6,15:15:00,17614.923660856002,3,73
2022-08-25,17516.35,17518.95,17495.55,17497.7,15:20:00,17605.53569315543,3,74
2022-08-25,17508.2,17517.55,17500.85,17516.05,15:25:00,17596.265627140627,3,75
2022-08-26,17652.05,17667.55,17613.75,17628.1,09:15:00,17601.578424555806,4,1
2022-08-26,17672.85,17674.55,17651.8,17651.8,09:20:00,17608.36619364573,4,2
2022-08-26,17664.55,17685.85,17661.9,17672.4,09:25:00,17613.717032346136,4,3
2022-08-26,17662.15,17678.3,17657.9,17662.0,09:30:00,17618.329695932218,4,4
2022-08-26,17652.55,17665.85,17648.1,17662.8,09:35:00,17621.588772510102,4,5
2022-08-26,17635.75,17655.4,17633.85,17652.45,09:40:00,17622.937460842473,4,6
2022-08-26,17636.55,17642.8,17629.2,17636.0,09:45:00,17624.23389314319,4,7
2022-08-26,17664.95,17665.3,17637.05,17638.1,09:50:00,17628.111617605744,4,8
2022-08-26,17661.3,17667.9,17656.3,17664.35,09:55:00,17631.27241592901,4,9
2022-08-26,17637.4,17664.95,17637.4,17661.8,10:00:00,17631.85599536434,4,10
2022-08-26,17642.15,17649.0,17633.95,17636.9,10:05:00,17632.836376758212,4,11
2022-08-26,17634.6,17652.15,17634.15,17642.35,10:10:00,17633.004340876476,4,12
2022-08-26,17631.05,17637.9,17621.1,17633.7,10:15:00,17632.818213173956,4,13
2022-08-26,17613.75,17630.65,17609.95,17630.05,10:20:00,17631.002192871674,4,14
2022-08-26,17619.55,17629.8,17613.45,17614.0,10:25:00,17629.911507836277,4,15
2022-08-26,17624.55,17634.6,17619.7,17619.7,10:30:00,17629.400888042346,4,16
2022-08-26,17615.8,17624.4,17615.8,17624.25,10:35:00,17628.105565371647,4,17
2022-08-26,17599.25,17618.35,17596.9,17616.25,10:40:00,17625.357416288633,4,18
2022-08-26,17588.8,17607.6,17588.65,17599.35,10:45:00,17621.875757594476,4,19
2022-08-26,17602.9,17602.9,17586.95,17589.1,10:50:00,17620.06854258548,4,20
2022-08-26,17591.9,17608.05,17591.9,17603.2,10:55:00,17617.385824244004,4,21
2022-08-26,17600.95,17601.45,17588.05,17593.25,11:00:00,17615.820507649336,4,22
2022-08-26,17599.6,17606.75,17595.5,17599.85,11:05:00,17614.275697397017,4,23
2022-08-26,17586.8,17600.25,17581.3,17599.65,11:10:00,17611.658964311588,4,24
2022-08-26,17595.75,17601.65,17582.5,17586.45,11:15:00,17610.14382485334,4,25
2022-08-26,17608.0,17611.55,17595.0,17596.1,11:20:00,17609.939651057786,4,26
2022-08-26,17602.0,17610.75,17601.4,17608.55,11:25:00,17609.183493814187,4,27
2022-08-26,17608.3,17617.0,17601.7,17602.25,11:30:00,17609.09935154617,4,28
2022-08-26,17607.5,17610.8,17600.0,17608.65,11:35:00,17608.947032351298,4,29
2022-08-26,17605.1,17608.0,17590.1,17608.0,11:40:00,17608.580648317842,4,30
2022-08-26,17612.25,17617.65,17604.75,17604.75,11:45:00,17608.930110382807,4,31
2022-08-26,17608.4,17619.95,17608.05,17612.05,11:50:00,17608.879623679684,4,32
2022-08-26,17604.5,17615.05,17602.2,17608.85,11:55:00,17608.46251666257,4,33
2022-08-26,17627.85,17628.25,17604.6,17604.85,12:00:00,17610.308943647087,4,34
2022-08-26,17632.1,17635.65,17625.35,17627.8,12:05:00,17612.384282347364,4,35
2022-08-26,17624.25,17633.35,17621.25,17633.0,12:10:00,17613.514350695234,4,36
2022-08-26,17600.75,17625.7,17600.75,17624.3,12:15:00,17612.29869824807,4,37
2022-08-26,17606.9,17607.65,17587.1,17601.2,12:20:00,17611.784536510157,4,38
2022-08-26,17624.4,17625.1,17606.95,17606.95,12:25:00,17612.986009223478,4,39
2022-08-26,17612.35,17627.45,17612.25,17624.2,12:30:00,17612.925436916477,4,40
2022-08-26,17623.3,17627.45,17610.55,17612.45,12:35:00,17613.91349054348,4,41
2022-08-26,17619.3,17627.0,17613.9,17622.8,12:40:00,17614.4264914441,4,42
2022-08-26,17620.1,17623.6,17616.8,17620.05,12:45:00,17614.96682559228,4,43
2022-08-26,17625.7,17626.15,17616.35,17619.9,12:50:00,17615.98903267873,4,44
2022-08-26,17605.3,17632.3,17602.3,17625.4,12:55:00,17614.97102956647,4,45
2022-08-26,17604.9,17608.8,17596.45,17606.3,13:00:00,17614.011883893472,4,46
2022-08-26,17584.85,17604.95,17579.35,17604.95,13:05:00,17611.2345616179,4,47
2022-08-26,17586.8,17589.3,17569.05,17585.1,13:10:00,17608.907460511433,4,48
2022-08-26,17600.7,17601.35,17582.95,17587.4,13:15:00,17608.125797605582,4,49
2022-08-26,17576.1,17601.15,17573.45,17600.15,13:20:00,17605.075721643145,4,50
2022-08-26,17586.2,17586.8,17563.9,17575.65,13:25:00,17603.27803386761,4,51
2022-08-26,17577.95,17585.65,17572.55,17585.65,13:30:00,17600.86584016593,4,52
2022-08-26,17574.15,17588.35,17565.05,17578.45,13:35:00,17598.32147443584,4,53
2022-08-26,17584.95,17588.05,17568.95,17573.4,13:40:00,17597.048000680046,4,54
2022-08-26,17580.35,17592.8,17577.2,17584.8,13:45:00,17595.457714900993,4,55
2022-08-26,17585.95,17586.75,17578.3,17580.75,13:50:00,17594.552218243756,4,56
2022-08-26,17587.8,17592.65,17580.65,17586.3,13:55:00,17593.90914983959,4,57
2022-08-26,17607.95,17611.2,17580.75,17587.7,14:00:00,17595.24637366439,4,58
2022-08-26,17600.6,17608.95,17596.55,17608.75,14:05:00,17595.756242839212,4,59
2022-08-26,17596.05,17606.55,17593.45,17600.5,14:10:00,17595.78421971167,4,60
2022-08-26,17603.7,17605.25,17581.3,17596.1,14:15:00,17596.538103548653,4,61
2022-08-26,17586.25,17605.25,17586.05,17603.9,14:20:00,17595.558284163068,4,62
2022-08-26,17590.15,17590.95,17583.6,17587.85,14:25:00,17595.04320948087,4,63
2022-08-26,17585.15,17597.35,17584.55,17590.6,14:30:00,17594.10099905412,4,64
2022-08-26,17579.7,17585.6,17575.65,17585.0,14:35:00,17592.72947533468,4,65
2022-08-26,17590.8,17591.0,17573.85,17578.8,14:40:00,17592.545715778997,4,66
2022-08-26,17585.2,17594.0,17581.4,17590.55,14:45:00,17591.846123800045,4,67
2022-08-26,17584.55,17588.5,17579.65,17584.8,14:50:00,17591.15125486671,4,68
2022-08-26,17592.05,17592.35,17575.05,17584.05,14:55:00,17591.236849641307,4,69
2022-08-26,17527.6,17594.25,17519.35,17593.6,15:00:00,17585.176197294517,4,70
2022-08-26,17553.0,17556.45,17525.9,17527.75,15:05:00,17582.11179755218,4,71
2022-08-26,17555.15,17557.1,17544.55,17553.75,15:10:00,17579.544007309116,4,72
2022-08-26,17574.95,17595.75,17555.45,17555.45,15:15:00,17579.106482803487,4,73
2022-08-26,17573.85,17574.4,17555.75,17574.2,15:20:00,17578.60586539363,4,74
2022-08-26,17582.9,17582.9,17567.2,17572.8,15:25:00,17579.01483059424,4,75
2022-08-29,17190.25,17226.25,17166.2,17204.45,09:15:00,17541.989608632884,0,1
2022-08-29,17217.6,17219.25,17181.3,17192.45,09:20:00,17511.095360191655,0,2
2022-08-29,17242.7,17250.6,17214.0,17218.05,09:25:00,17485.53389731626,0,3
2022-08-29,17265.8,17272.8,17236.85,17242.4,09:30:00,17464.60685947662,0,4
2022-08-29,17261.2,17277.05,17253.25,17265.5,09:35:00,17445.234777621703,0,5
2022-08-29,17278.2,17284.1,17259.7,17261.65,09:40:00,17429.326703562492,0,6
2022-08-29,17284.25,17293.35,17267.65,17277.85,09:45:00,17415.50987465178,0,7
2022-08-29,17303.6,17308.2,17279.25,17284.4,09:50:00,17404.85179135161,0,8
2022-08-29,17315.4,17317.55,17299.6,17303.65,09:55:00,17396.33257312765,0,9
2022-08-29,17315.7,17328.85,17304.05,17315.35,10:00:00,17388.653280448823,0,10
2022-08-29,17315.3,17318.15,17300.8,17315.2,10:05:00,17381.66725373941,0,11
2022-08-29,17313.95,17318.0,17305.65,17315.0,10:10:00,17375.217991478516,0,12
2022-08-29,17316.15,17325.55,17302.25,17313.8,10:15:00,17369.59246848056,0,13
2022-08-29,17310.25,17317.95,17307.45,17315.6,10:20:00,17363.940804815746,0,14
2022-08-29,17318.65,17319.15,17305.8,17310.1,10:25:00,17359.627394833293,0,15
2022-08-29,17310.9,17326.4,17309.5,17316.8,10:30:00,17354.986690563455,0,16
2022-08-29,17306.9,17316.2,17305.25,17311.15,10:35:00,17350.40700574789,0,17
2022-08-29,17310.95,17316.95,17300.8,17307.3,10:40:00,17346.649195676662,0,18
2022-08-29,17309.05,17315.1,17307.3,17310.6,10:45:00,17343.06831989793,0,19
2022-08-29,17305.5,17311.85,17303.25,17308.4,10:50:00,17339.490384669556,0,20
2022-08-29,17305.35,17312.6,17304.0,17305.35,10:55:00,17336.238919462932,0,21
2022-08-29,17311.25,17317.8,17305.0,17305.1,11:00:00,17333.859022371224,0,22
2022-08-29,17313.3,17319.7,17309.8,17311.95,11:05:00,17331.90102024063,0,23
2022-08-29,17285.1,17314.0,17280.95,17314.0,11:10:00,17327.443780217713,0,24
2022-08-29,17300.3,17300.3,17281.2,17285.0,11:15:00,17324.858658292218,0,25
2022-08-29,17327.4,17336.9,17299.3,17300.2,11:20:00,17325.100690835814,0,26
2022-08-29,17312.25,17334.0,17311.2,17327.1,11:25:00,17323.876815518117,0,27
2022-08-29,17318.55,17327.6,17311.7,17311.7,11:30:00,17323.369499754488,0,28
2022-08-29,17336.75,17337.0,17316.95,17317.15,11:35:00,17324.643833111204,0,29
2022-08-29,17331.9,17343.2,17329.0,17337.15,11:40:00,17325.334896624423,0,30
2022-08-29,17325.4,17338.6,17325.05,17332.35,11:45:00,17325.341096945907,0,31
2022-08-29,17326.5,17328.1,17317.7,17325.3,11:50:00,17325.451468665346,0,32
2022-08-29,17328.7,17329.45,17321.3,17326.05,11:55:00,17325.76085260198,0,33
2022-08-29,17333.0,17336.25,17328.6,17328.95,12:00:00,17326.450295211314,0,34
2022-08-29,17327.3,17333.3,17321.45,17332.7,12:05:00,17326.531219476903,0,35
2022-08-29,17327.45,17329.6,17318.7,17326.4,12:10:00,17326.618722383864,0,36
2022-08-29,17339.1,17341.75,17326.8,17327.75,12:15:00,17327.807415490162,0,37
2022-08-29,17332.95,17341.15,17332.3,17339.2,12:20:00,17328.29718544348,0,38
2022-08-29,17350.25,17352.0,17331.8,17332.75,12:25:00,17330.38792968696,0,39
2022-08-29,17366.15,17370.4,17345.6,17350.85,12:30:00,17333.793841145343,0,40
2022-08-29,17357.65,17369.1,17357.6,17365.9,12:35:00,17336.06585627436,0,41
2022-08-29,17344.0,17358.05,17342.75,17356.75,12:40:00,17336.821489010134,0,42
2022-08-29,17324.2,17350.2,17324.2,17342.95,12:45:00,17335.61944243774,0,43
2022-08-29,17317.55,17328.05,17312.8,17324.7,12:50:00,17333.898543157953,0,44
2022-08-29,17324.7,17324.9,17314.5,17318.55,12:55:00,17333.022491428623,0,45
2022-08-29,17324.7,17331.15,17318.35,17323.9,13:00:00,17332.229873197324,0,46
2022-08-29,17338.95,17339.6,17325.8,17326.15,13:05:00,17332.86988527377,0,47
2022-08-29,17326.8,17339.95,17326.15,17339.35,13:10:00,17332.291800961983,0,48
2022-08-29,17336.95,17337.65,17326.45,17326.45,13:15:00,17332.735438965603,0,49
2022-08-29,17339.8,17340.7,17331.35,17336.85,13:20:00,17333.408254302212,0,50
2022-08-29,17338.75,17345.9,17335.15,17340.25,13:25:00,17333.916991987717,0,51
2022-08-29,17341.2,17350.45,17328.3,17337.3,13:30:00,17334.61061179841,0,52
2022-08-29,17343.55,17346.05,17338.55,17340.55,13:35:00,17335.461982103323,0,53
2022-08-29,17345.15,17354.6,17342.65,17343.4,13:40:00,17336.384650474436,0,54
2022-08-29,17363.1,17363.2,17343.85,17345.25,13:45:00,17338.92896947687,0,55
2022-08-29,17357.05,17380.15,17357.05,17362.7,13:50:00,17340.654781907644,0,56
2022-08-29,17361.8,17366.7,17351.2,17356.9,13:55:00,17342.668612202157,0,57
2022-08-29,17354.35,17373.5,17353.7,17361.65,14:00:00,17343.78112532576,0,58
2022-08-29,17348.0,17359.7,17335.55,17355.55,14:05:00,17344.182922913784,0,59
2022-08-29,17358.0,17359.65,17338.7,17347.95,14:10:00,17345.498835017235,0,60
2022-08-29,17355.6,17361.5,17352.7,17357.95,14:15:00,17346.46085072988,0,61
2022-08-29,17328.3,17357.4,17326.65,17355.55,14:20:00,17344.731245898463,0,62
2022-08-29,17325.35,17335.55,17319.25,17328.45,14:25:00,17342.885412955755,0,63
2022-08-29,17312.25,17338.05,17312.25,17324.8,14:30:00,17339.96775457902,0,64
2022-08-29,17323.25,17325.85,17310.9,17310.9,14:35:00,17338.375587476254,0,65
2022-08-29,17336.1,17337.0,17321.9,17323.95,14:40:00,17338.158864859466,0,66
2022-08-29,17325.1,17337.3,17320.9,17335.6,14:45:00,17336.91516344428,0,67
2022-08-29,17312.75,17329.4,17312.75,17324.65,14:50:00,17334.61371930673,0,68
2022-08-29,17304.75,17312.3,17293.2,17312.3,14:55:00,17331.76955556323,0,69
2022-08-29,17309.85,17324.7,17300.55,17304.1,15:00:00,17329.681978842924,0,70
2022-08-29,17311.05,17316.1,17305.65,17310.65,15:05:00,17327.907504667408,0,71
2022-08-29,17293.8,17314.05,17291.75,17311.15,15:10:00,17324.65917088956,0,72
2022-08-29,17311.1,17314.45,17294.15,17294.4,15:15:00,17323.36782128103,0,73
2022-08-29,17320.8,17321.55,17310.7,17310.85,15:20:00,17323.123266873314,0,74
2022-08-29,17335.8,17339.25,17319.4,17321.0,15:25:00,17324.330574790143,0,75
2022-08-30,17444.05,17459.75,17401.5,17415.35,09:15:00,17335.73242481013,1,1
2022-08-30,17464.15,17467.45,17444.0,17444.0,09:20:00,17347.962670066307,1,2
2022-08-30,17454.95,17467.6,17448.6,17464.3,09:25:00,17358.1519395838,1,3
2022-08-30,17468.1,17472.95,17449.3,17453.9,09:30:00,17368.623183432963,1,4
2022-08-30,17463.25,17471.6,17461.8,17468.95,09:35:00,17377.635261201252,1,5
2022-08-30,17463.6,17471.8,17460.5,17462.8,09:40:00,17385.822379182086,1,6
2022-08-30,17469.95,17470.3,17461.85,17463.85,09:45:00,17393.834533545698,1,7
2022-08-30,17465.35,17481.5,17463.25,17469.85,09:50:00,17400.64553035087,1,8
2022-08-30,17474.85,17475.0,17460.4,17465.0,09:55:00,17407.712622698404,1,9
2022-08-30,17471.7,17477.6,17469.55,17474.55,10:00:00,17413.80665863189,1,10
2022-08-30,17486.7,17487.55,17471.95,17472.45,10:05:00,17420.74888161933,1,11
2022-08-30,17480.85,17488.7,17479.7,17487.45,10:10:00,17426.472797655584,1,12
2022-08-30,17473.5,17483.0,17468.6,17481.85,10:15:00,17430.951578831242,1,13
2022-08-30,17473.25,17474.55,17469.4,17472.1,10:20:00,17434.97999989493,1,14
2022-08-30,17485.05,17486.95,17471.35,17473.2,10:25:00,17439.748571333508,1,15
2022-08-30,17484.85,17490.7,17482.25,17485.35,10:30:00,17444.04394549222,1,16
2022-08-30,17494.55,17495.05,17482.95,17485.15,10:35:00,17448.854045921533,1,17
2022-08-30,17518.9,17519.85,17494.2,17494.2,10:40:00,17455.525089167102,1,18
2022-08-30,17527.95,17529.7,17514.2,17518.65,10:45:00,17462.422699722618,1,19
2022-08-30,17526.1,17530.5,17522.25,17527.6,10:50:00,17468.48720451094,1,20
2022-08-30,17525.3,17531.2,17522.15,17525.9,10:55:00,17473.89794693847,1,21
2022-08-30,17528.45,17531.9,17520.4,17525.7,11:00:00,17479.093380563376,1,22
2022-08-30,17541.65,17543.9,17527.7,17528.25,11:05:00,17485.051153843055,1,23
2022-08-30,17542.7,17543.1,17535.1,17541.55,11:10:00,17490.541520143717,1,24
2022-08-30,17539.0,17547.5,17539.0,17543.15,11:15:00,17495.15661346336,1,25
2022-08-30,17540.2,17543.0,17535.55,17539.1,11:20:00,17499.446459800187,1,26
2022-08-30,17547.35,17548.7,17539.9,17540.6,11:25:00,17504.00870172398,1,27
2022-08-30,17552.2,17557.2,17546.1,17546.1,11:30:00,17508.59834917884,1,28
2022-08-30,17539.9,17553.9,17536.2,17553.4,11:35:00,17511.579458780856,1,29
2022-08-30,17553.7,17554.35,17537.75,17539.3,11:40:00,17515.590938896967,1,30
2022-08-30,17543.9,17554.5,17541.25,17554.15,11:45:00,17518.287039954397,1,31
2022-08-30,17545.8,17548.35,17540.55,17543.8,11:50:00,17520.907321863502,1,32
2022-08-30,17561.7,17565.3,17545.05,17545.3,11:55:00,17524.792338828884,1,33
2022-08-30,17569.45,17572.0,17558.7,17561.85,12:00:00,17529.045449416608,1,34
2022-08-30,17569.35,17573.2,17566.4,17569.55,12:05:00,17532.883978043596,1,35
2022-08-30,17582.0,17583.65,17569.3,17569.85,12:10:00,17537.561694420394,1,36
2022-08-30,17577.35,17585.45,17576.5,17581.95,12:15:00,17541.351056856547,1,37
2022-08-30,17589.85,17591.4,17576.95,17576.95,12:20:00,17545.97000382259,1,38
2022-08-30,17591.05,17601.6,17589.45,17590.05,12:25:00,17550.263336791868,1,39
2022-08-30,17595.7,17603.2,17588.1,17590.75,12:30:00,17554.590638049787,1,40
2022-08-30,17595.35,17600.05,17591.65,17596.25,12:35:00,17558.472482045046,1,41
2022-08-30,17599.9,17600.35,17593.35,17595.05,12:40:00,17562.41795994552,1,42
2022-08-30,17619.9,17621.25,17600.2,17600.35,12:45:00,17567.89243995071,1,43
2022-08-30,17618.1,17627.8,17615.85,17618.85,12:50:00,17572.674112336357,1,44
2022-08-30,17620.15,17621.15,17610.05,17617.8,12:55:00,17577.19562544718,1,45
2022-08-30,17631.15,17637.35,17619.1,17620.4,13:00:00,17582.334137309354,1,46
2022-08-30,17631.0,17636.15,17623.9,17631.85,13:05:00,17586.96898137513,1,47
2022-08-30,17635.45,17635.6,17627.7,17631.6,13:10:00,17591.586221244164,1,48
2022-08-30,17643.0,17647.85,17630.55,17634.85,13:15:00,17596.482771601863,1,49
2022-08-30,17639.7,17646.7,17636.95,17643.7,13:20:00,17600.59869811597,1,50
2022-08-30,17639.2,17642.7,17635.85,17639.85,13:25:00,17604.275012581114,1,51
2022-08-30,17653.7,17658.35,17638.6,17639.8,13:30:00,17608.982154240057,1,52
2022-08-30,17656.95,17659.85,17652.95,17653.2,13:35:00,17613.550520502908,1,53
2022-08-30,17667.65,17670.15,17655.7,17657.0,13:40:00,17618.702851883583,1,54
2022-08-30,17667.3,17671.25,17659.45,17667.25,13:45:00,17623.331151704195,1,55
2022-08-30,17648.6,17670.9,17644.95,17668.05,13:50:00,17625.73770868475,1,56
2022-08-30,17659.5,17664.55,17649.0,17649.0,13:55:00,17628.953165000486,1,57
2022-08-30,17660.8,17670.45,17658.3,17660.45,14:00:00,17631.9861969052,1,58
2022-08-30,17653.85,17662.15,17647.95,17660.65,14:05:00,17634.06846386661,1,59
2022-08-30,17662.6,17664.0,17648.1,17653.35,14:10:00,17636.78575302217,1,60
2022-08-30,17682.6,17686.95,17663.65,17664.1,14:15:00,17641.149014639108,1,61
2022-08-30,17679.4,17685.45,17678.9,17682.4,14:20:00,17644.79196562586,1,62
2022-08-30,17690.05,17696.15,17679.1,17680.6,14:25:00,17649.102254613874,1,63
2022-08-30,17692.85,17699.8,17690.6,17690.6,14:30:00,17653.26870655541,1,64
2022-08-30,17685.15,17694.55,17684.6,17692.9,14:35:00,17656.305020216798,1,65
2022-08-30,17693.55,17696.2,17681.15,17684.55,14:40:00,17659.85216114853,1,66
2022-08-30,17691.5,17699.25,17685.35,17694.85,14:45:00,17662.866241039148,1,67
2022-08-30,17710.3,17710.45,17690.0,17690.9,14:50:00,17667.38374189256,1,68
2022-08-30,17703.15,17718.1,17702.9,17710.5,14:55:00,17670.79005218851,1,69
2022-08-30,17760.3,17761.95,17701.65,17702.85,15:00:00,17679.314809122938,1,70
2022-08-30,17773.1,17775.55,17756.3,17759.5,15:05:00,17688.24673206361,1,71
2022-08-30,17762.8,17774.8,17759.65,17773.25,15:10:00,17695.347043295646,1,72
2022-08-30,17769.25,17769.8,17751.9,17762.95,15:15:00,17702.385420124632,1,73
2022-08-30,17772.45,17777.65,17765.05,17768.65,15:20:00,17709.05823725562,1,74
2022-08-30,17744.2,17775.0,17740.85,17772.65,15:25:00,17712.405071802703,1,75
2022-09-01,17552.8,17568.15,17485.55,17523.15,09:15:00,17697.204588773875,3,1
2022-09-01,17555.95,17574.6,17543.35,17553.85,09:20:00,17683.75177079541,3,2
2022-09-01,17556.45,17558.35,17533.75,17555.1,09:25:00,17671.62779262442,3,3
2022-09-01,17567.85,17581.8,17547.8,17556.85,09:30:00,17661.744193326853,3,4
2022-09-01,17605.4,17608.0,17564.3,17566.95,09:35:00,17656.378079676677,3,5
2022-09-01,17629.7,17631.4,17601.15,17605.25,09:40:00,17653.837310183662,3,6
2022-09-01,17615.55,17649.65,17605.65,17629.55,09:45:00,17650.19089968998,3,7
2022-09-01,17620.05,17624.6,17587.2,17613.45,09:50:00,17647.320337814745,3,8
2022-09-01,17609.7,17620.5,17604.25,17620.0,09:55:00,17643.737448499054,3,9
2022-09-01,17627.95,17631.75,17609.85,17609.85,10:00:00,17642.233881975335,3,10
2022-09-01,17642.45,17644.2,17623.15,17627.65,10:05:00,17642.25446464435,3,11
2022-09-01,17660.75,17671.15,17640.7,17643.15,10:10:00,17644.01594420203,3,12
2022-09-01,17667.65,17678.8,17659.35,17661.3,10:15:00,17646.26680665898,3,13
2022-09-01,17687.65,17688.25,17663.1,17668.0,10:20:00,17650.208063167647,3,14
2022-09-01,17686.65,17695.6,17674.3,17688.4,10:25:00,17653.678723818346,3,15
2022-09-01,17671.3,17689.0,17669.5,17686.6,10:30:00,17655.35694059755,3,16
2022-09-01,17636.65,17670.45,17631.0,17670.45,10:35:00,17653.57532720731,3,17
2022-09-01,17656.25,17663.55,17631.25,17636.6,10:40:00,17653.83005794947,3,18
2022-09-01,17654.9,17663.9,17648.2,17656.5,10:45:00,17653.93195719238,3,19
2022-09-01,17653.35,17656.25,17645.2,17654.35,10:50:00,17653.87653269787,3,20
2022-09-01,17657.95,17662.5,17648.15,17653.55,10:55:00,17654.26448196474,3,21
2022-09-01,17644.25,17660.1,17636.05,17658.65,11:00:00,17653.310721777623,3,22
2022-09-01,17637.05,17643.75,17630.9,17643.55,11:05:00,17651.762081608325,3,23
2022-09-01,17647.35,17650.5,17625.45,17636.65,11:10:00,17651.341883359913,3,24
2022-09-01,17657.6,17667.95,17643.3,17646.75,11:15:00,17651.937894468494,3,25
2022-09-01,17662.65,17665.7,17650.05,17657.65,11:20:00,17652.958094995305,3,26
2022-09-01,17660.7,17667.4,17659.3,17662.8,11:25:00,17653.695419281466,3,27
2022-09-01,17651.95,17666.15,17651.25,17660.8,11:30:00,17653.52918887371,3,28
2022-09-01,17641.9,17652.75,17640.6,17652.05,11:35:00,17652.42164707621,3,29
2022-09-01,17646.1,17650.25,17638.55,17641.85,11:40:00,17651.819585449906,3,30
2022-09-01,17611.85,17646.25,17601.1,17646.25,11:45:00,17648.0129582642,3,31
2022-09-01,17593.65,17617.35,17588.2,17611.2,11:50:00,17642.83553366761,3,32
2022-09-01,17588.9,17594.15,17568.35,17594.15,11:55:00,17637.698816175456,3,33
2022-09-01,17604.65,17609.8,17581.65,17589.6,12:00:00,17634.551309873033,3,34
2022-09-01,17602.85,17616.45,17601.8,17604.7,12:05:00,17631.53213750417,3,35
2022-09-01,17618.4,17622.4,17598.05,17603.95,12:10:00,17630.28145774187,3,36
2022-09-01,17609.35,17619.35,17608.85,17617.65,12:15:00,17628.287985575975,3,37
2022-09-01,17603.65,17617.1,17599.7,17609.9,12:20:00,17625.941510759214,3,38
2022-09-01,17598.1,17612.25,17597.8,17604.2,12:25:00,17623.289938305956,3,39
2022-09-01,17596.3,17601.4,17583.9,17598.2,12:30:00,17620.7194679911,3,40
2022-09-01,17597.3,17605.05,17590.7,17596.5,12:35:00,17618.48904246814,3,41
2022-09-01,17609.05,17609.3,17595.25,17597.55,12:40:00,17617.590086042605,3,42
2022-09-01,17595.7,17617.8,17593.6,17608.7,12:45:00,17615.50531594331,3,43
2022-09-01,17596.35,17603.95,17589.15,17595.0,12:50:00,17613.681000139182,3,44
2022-09-01,17566.5,17601.15,17563.2,17594.65,12:55:00,17609.187571554496,3,45
2022-09-01,17567.1,17573.85,17552.6,17563.95,13:00:00,17605.179231406448,3,46
2022-09-01,17557.8,17576.85,17551.05,17567.15,13:05:00,17600.666923653454,3,47
2022-09-01,17551.75,17557.95,17534.25,17557.95,13:10:00,17596.00816901979,3,48
2022-09-01,17560.95,17564.15,17543.25,17552.85,13:15:00,17592.66929577981,3,49
2022-09-01,17557.0,17581.2,17556.65,17561.1,13:20:00,17589.272219991257,3,50
2022-09-01,17566.0,17568.6,17554.2,17556.9,13:25:00,17587.055818087327,3,51
2022-09-01,17557.85,17575.65,17547.7,17566.1,13:30:00,17584.27431160282,3,52
2022-09-01,17551.0,17565.25,17551.0,17557.6,13:35:00,17581.10532954541,3,53
2022-09-01,17550.25,17551.8,17526.65,17550.75,13:40:00,17578.16672673156,3,54
2022-09-01,17534.95,17552.1,17533.05,17550.1,13:45:00,17574.050847995222,3,55
2022-09-01,17511.45,17537.8,17508.2,17534.8,13:50:00,17568.08886247187,3,56
2022-09-01,17472.45,17511.4,17469.85,17511.4,13:55:00,17558.98039937931,3,57
2022-09-01,17486.55,17496.4,17471.55,17472.65,14:00:00,17552.08226610509,3,58
2022-09-01,17488.5,17492.9,17468.45,17486.85,14:05:00,17546.02681219032,3,59
2022-09-01,17518.5,17527.7,17481.95,17488.0,14:10:00,17543.405211029338,3,60
2022-09-01,17503.4,17519.6,17492.2,17518.0,14:15:00,17539.595190931308,3,61
2022-09-01,17507.9,17512.55,17495.95,17502.5,14:20:00,17536.576601318804,3,62
2022-09-01,17530.3,17543.35,17507.6,17507.6,14:25:00,17535.978829764634,3,63
2022-09-01,17559.95,17570.8,17528.1,17529.9,14:30:00,17538.26179835848,3,64
2022-09-01,17549.85,17568.45,17545.4,17558.95,14:35:00,17539.365436610053,3,65
2022-09-01,17559.35,17565.65,17539.9,17549.3,14:40:00,17541.268728361476,3,66
2022-09-01,17543.2,17561.45,17542.45,17558.65,14:45:00,17541.452658993716,3,67
2022-09-01,17548.95,17552.45,17522.25,17542.05,14:50:00,17542.166691470506,3,68
2022-09-01,17542.9,17556.25,17540.8,17548.7,14:55:00,17542.236530378075,3,69
2022-09-01,17508.5,17542.95,17508.5,17542.85,15:00:00,17539.023527484926,3,70
2022-09-01,17534.5,17538.3,17507.65,17507.95,15:05:00,17538.592715343504,3,71
2022-09-01,17555.0,17572.05,17533.9,17533.9,15:10:00,17540.15531388222,3,72
2022-09-01,17544.25,17560.1,17542.15,17554.85,15:15:00,17540.545283988675,3,73
2022-09-01,17551.15,17551.2,17531.2,17545.15,15:20:00,17541.555256942134,3,74
2022-09-01,17563.25,17564.1,17550.05,17551.95,15:25:00,17543.621422947646,3,75
2022-09-02,17582.75,17643.85,17577.9,17605.1,09:15:00,17547.34795409549,4,1
2022-09-02,17601.9,17607.5,17568.55,17585.75,09:20:00,17552.54338703878,4,2
2022-09-02,17568.8,17603.4,17568.75,17600.45,09:25:00,17554.09163589223,4,3
2022-09-02,17550.45,17579.85,17540.6,17567.65,09:30:00,17553.744813426303,4,4
2022-09-02,17530.55,17553.15,17512.15,17549.75,09:35:00,17551.53578357618,4,5
2022-09-02,17542.2,17552.5,17528.95,17531.35,09:40:00,17550.64666133083,4,6
2022-09-02,17554.4,17578.2,17543.85,17543.85,09:45:00,17551.004122156464,4,7
2022-09-02,17519.75,17555.75,17514.55,17555.0,09:50:00,17548.027539093946,4,8
2022-09-02,17510.05,17520.9,17492.35,17519.65,09:55:00,17544.410630608807,4,9
2022-09-02,17491.85,17512.15,17485.6,17510.25,10:00:00,17539.40485626511,4,10
2022-09-02,17501.35,17511.1,17488.35,17492.5,10:05:00,17535.780584239863,4,11
2022-09-02,17496.55,17504.95,17476.45,17501.3,10:10:00,17532.04433812178,4,12
2022-09-02,17500.35,17502.95,17479.75,17495.85,10:15:00,17529.02582972923,4,13
2022-09-02,17512.65,17517.35,17494.95,17500.2,10:20:00,17527.466226897875,4,14
2022-09-02,17532.45,17535.2,17512.8,17512.8,10:25:00,17527.940871955223,4,15
2022-09-02,17534.1,17546.6,17527.45,17531.9,10:30:00,17528.527455578536,4,16
2022-09-02,17527.1,17536.1,17523.5,17534.75,10:35:00,17528.391507428198,4,17
2022-09-02,17540.45,17542.4,17516.75,17527.2,10:40:00,17529.53993529218,4,18
2022-09-02,17539.55,17549.55,17539.55,17541.1,10:45:00,17530.493274788165,4,19
2022-09-02,17526.05,17541.15,17521.35,17539.3,10:50:00,17530.070105760722,4,20
2022-09-02,17519.4,17528.9,17511.1,17526.2,10:55:00,17529.053905212084,4,21
2022-09-02,17528.5,17532.55,17511.5,17519.2,11:00:00,17529.001152334742,4,22
2022-09-02,17521.8,17528.85,17500.9,17528.3,11:05:00,17528.315328302862,4,23
2022-09-02,17532.85,17542.0,17518.25,17522.4,11:10:00,17528.74720179783,4,24
2022-09-02,17532.7,17537.1,17526.8,17533.0,11:15:00,17529.123658769466,4,25
2022-09-02,17533.15,17536.55,17525.9,17533.7,11:20:00,17529.50711983904,4,26
2022-09-02,17531.5,17535.3,17523.65,17533.55,11:25:00,17529.696917949608,4,27
2022-09-02,17518.6,17532.45,17518.0,17531.3,11:30:00,17528.640068621073,4,28
2022-09-02,17514.3,17521.0,17507.6,17519.1,11:35:00,17527.27434780002,4,29
2022-09-02,17540.35,17543.15,17514.9,17514.9,11:40:00,17528.51964800954,4,30
2022-09-02,17537.45,17542.5,17533.0,17540.2,11:45:00,17529.370157722915,4,31
2022-09-02,17539.1,17540.5,17531.55,17536.6,11:50:00,17530.296809368352,4,32
2022-09-02,17541.05,17549.35,17527.2,17539.5,11:55:00,17531.320922761843,4,33
2022-09-02,17548.8,17550.4,17538.8,17540.25,12:00:00,17532.985596784525,4,34
2022-09-02,17560.5,17562.4,17549.35,17549.35,12:05:00,17535.60601613838,4,35
2022-09-02,17555.25,17562.6,17551.0,17561.35,12:10:00,17537.47687174425,4,36
2022-09-02,17560.55,17566.1,17554.7,17554.7,12:15:00,17539.67431253051,4,37
2022-09-02,17569.05,17569.9,17556.7,17560.7,12:20:00,17542.471997051412,4,38
2022-09-02,17571.65,17574.25,17563.35,17568.65,12:25:00,17545.25085447509,4,39
2022-09-02,17565.25,17575.0,17564.2,17572.0,12:30:00,17547.15553500127,4,40
2022-09-02,17555.8,17569.25,17551.55,17565.6,12:35:00,17547.978817382103,4,41
2022-09-02,17567.3,17574.55,17554.95,17555.55,12:40:00,17549.818930012378,4,42
2022-09-02,17564.15,17570.9,17559.7,17567.55,12:45:00,17551.183793820725,4,43
2022-09-02,17571.05,17575.05,17565.1,17565.1,12:50:00,17553.075813456846,4,44
2022-09-02,17576.95,17585.5,17570.65,17570.65,12:55:00,17555.349545508576,4,45
2022-09-02,17571.65,17586.3,17571.65,17577.5,13:00:00,17556.901969745857,4,46
2022-09-02,17578.45,17579.1,17567.65,17572.5,13:05:00,17558.954163103394,4,47
2022-09-02,17585.55,17587.1,17578.15,17578.7,13:10:00,17561.48709995069,4,48
2022-09-02,17591.95,17595.1,17586.1,17586.1,13:15:00,17564.388328526813,4,49
2022-09-02,17585.45,17597.4,17583.95,17591.65,13:20:00,17566.39420200045,4,50
2022-09-02,17586.05,17588.2,17579.15,17586.0,13:25:00,17568.266182762312,4,51
2022-09-02,17590.05,17591.9,17586.25,17587.65,13:30:00,17570.340832023045,4,52
2022-09-02,17582.7,17591.55,17578.35,17589.45,13:35:00,17571.5178956399,4,53
2022-09-02,17579.5,17583.6,17572.15,17582.4,13:40:00,17572.278096055146,4,54
2022-09-02,17592.5,17595.1,17572.85,17579.55,13:45:00,17574.203991668943,4,55
2022-09-02,17588.7,17596.65,17582.55,17591.75,13:50:00,17575.58456389095,4,56
2022-09-02,17591.7,17594.6,17583.1,17589.7,13:55:00,17577.119367329906,4,57
2022-09-02,17608.4,17608.45,17591.3,17591.95,14:00:00,17580.09847520325,4,58
2022-09-02,17615.0,17618.55,17607.05,17608.85,14:05:00,17583.422429945796,4,59
2022-09-02,17612.95,17617.6,17606.3,17614.15,14:10:00,17586.234579474767,4,60
2022-09-02,17613.5,17623.55,17609.05,17612.75,14:15:00,17588.831286191456,4,61
2022-09-02,17603.25,17616.7,17602.9,17613.25,14:20:00,17590.204497030365,4,62
2022-09-02,17608.0,17610.9,17600.2,17602.75,14:25:00,17591.899306836996,4,63
2022-09-02,17581.9,17609.0,17579.7,17607.55,14:30:00,17590.94699190014,4,64
2022-09-02,17568.95,17587.75,17568.95,17582.25,14:35:00,17588.8520402906,4,65
2022-09-02,17566.05,17577.65,17565.5,17568.75,14:40:00,17586.68041740578,4,66
2022-09-02,17557.95,17565.55,17546.45,17565.45,14:45:00,17583.944187176658,4,67
2022-09-02,17547.3,17558.75,17534.0,17558.2,14:50:00,17580.454264588403,4,68
2022-09-02,17545.35,17556.2,17541.65,17547.9,14:55:00,17577.11100129427,4,69
2022-09-02,17531.8,17551.25,17526.75,17546.05,15:00:00,17572.795667837672,4,70
2022-09-02,17540.6,17541.9,17518.85,17530.05,15:05:00,17569.729413757894,4,71
2022-09-02,17550.75,17557.75,17540.2,17540.2,15:10:00,17567.921850542858,4,72
2022-09-02,17537.7,17560.6,17537.05,17551.5,15:15:00,17565.043579062585,4,73
2022-09-02,17539.25,17546.6,17532.55,17541.2,15:20:00,17562.587047723293,4,74
2022-09-02,17527.85,17539.4,17520.2,17538.55,15:25:00,17559.278757463933,4,75
2022-09-05,17612.0,17617.35,17540.35,17551.5,09:15:00,17564.299828181654,0,1
2022-09-05,17600.2,17614.6,17582.45,17613.35,09:20:00,17567.718892164354,0,2
2022-09-05,17594.7,17608.05,17571.2,17599.95,09:25:00,17570.288521482034,0,3
2022-09-05,17631.55,17632.55,17591.55,17594.8,09:30:00,17576.122948007556,0,4
2022-09-05,17626.95,17640.05,17619.65,17631.45,09:35:00,17580.963619625883,0,5
2022-09-05,17637.8,17646.2,17625.3,17626.75,09:40:00,17586.376608232942,0,6
2022-09-05,17621.6,17640.5,17619.9,17638.8,09:45:00,17589.73121697266,0,7
2022-09-05,17637.55,17638.55,17608.85,17622.15,09:50:00,17594.285386784788,0,8
2022-09-05,17634.5,17643.7,17630.45,17638.75,09:55:00,17598.11534994814,0,9
2022-09-05,17638.6,17641.65,17631.95,17634.35,10:00:00,17601.97103090546,0,10
2022-09-05,17652.35,17652.8,17636.9,17638.9,10:05:00,17606.769027962084,0,11
2022-09-05,17648.15,17657.7,17645.5,17653.5,10:10:00,17610.710072918075,0,12
2022-09-05,17642.05,17654.1,17642.05,17648.85,10:15:00,17613.69482787826,0,13
2022-09-05,17653.0,17657.15,17641.8,17642.25,10:20:00,17617.438177604137,0,14
2022-09-05,17653.75,17657.25,17649.9,17653.2,10:25:00,17620.89644640374,0,15
2022-09-05,17653.5,17654.6,17638.25,17653.15,10:30:00,17624.001546746244,0,16
2022-09-05,17632.2,17653.2,17632.2,17653.2,10:35:00,17624.78235181803,0,17
2022-09-05,17640.0,17647.35,17630.35,17632.5,10:40:00,17626.231651644885,0,18
2022-09-05,17647.0,17650.0,17640.8,17641.0,10:45:00,17628.20958958347,0,19
2022-09-05,17641.15,17649.9,17641.15,17647.05,10:50:00,17629.442009623137,0,20
2022-09-05,17626.75,17641.95,17625.25,17641.05,10:55:00,17629.185627754265,0,21
2022-09-05,17629.65,17633.75,17618.7,17627.4,11:00:00,17629.22985368243,0,22
2022-09-05,17643.0,17643.35,17628.15,17628.7,11:05:00,17630.541296188865,0,23
2022-09-05,17632.35,17643.35,17625.95,17643.25,11:10:00,17630.713553694688,0,24
2022-09-05,17624.95,17634.3,17623.75,17631.75,11:15:00,17630.164643819004,0,25
2022-09-05,17629.75,17630.95,17622.5,17624.8,11:20:00,17630.12515393148,0,26
2022-09-05,17625.15,17634.75,17618.75,17629.15,11:25:00,17629.65132974753,0,27
2022-09-05,17627.45,17627.85,17619.1,17625.45,11:30:00,17629.44167929538,0,28
2022-09-05,17627.55,17631.75,17625.35,17628.2,11:35:00,17629.261519362488,0,29
2022-09-05,17633.95,17638.3,17625.5,17626.9,11:40:00,17629.708041327965,0,30
2022-09-05,17642.25,17643.65,17631.75,17633.7,11:45:00,17630.902513582445,0,31
2022-09-05,17643.1,17645.2,17639.85,17641.8,11:50:00,17632.064178955545,0,32
2022-09-05,17641.85,17646.25,17639.95,17643.0,11:55:00,17632.99616191216,0,33
2022-09-05,17643.95,17649.85,17638.7,17642.95,12:00:00,17634.039384587195,0,34
2022-09-05,17649.65,17649.65,17638.9,17642.85,12:05:00,17635.526109864604,0,35
2022-09-05,17660.0,17662.45,17648.95,17648.95,12:10:00,17637.856956544165,0,36
2022-09-05,17667.7,17669.2,17656.45,17658.75,12:15:00,17640.699151159006,0,37
2022-09-05,17670.95,17678.3,17667.7,17669.4,12:20:00,17643.580184381957,0,38
2022-09-05,17666.6,17673.9,17664.9,17671.35,12:25:00,17645.77254777415,0,39
2022-09-05,17673.9,17680.45,17664.45,17665.85,12:30:00,17648.45135274804,0,40
2022-09-05,17673.5,17674.35,17664.65,17674.35,12:35:00,17650.83693820061,0,41
2022-09-05,17672.25,17676.75,17670.1,17674.5,12:40:00,17652.8762774196,0,42
2022-09-05,17677.4,17681.75,17668.55,17671.3,12:45:00,17655.211870046303,0,43
2022-09-05,17658.15,17678.4,17657.55,17677.15,12:50:00,17655.491691946656,0,44
2022-09-05,17656.75,17665.0,17654.75,17657.4,12:55:00,17655.611530808877,0,45
2022-09-05,17664.3,17669.45,17656.7,17656.7,13:00:00,17656.439004065174,0,46
2022-09-05,17657.45,17669.7,17656.9,17664.75,13:05:00,17656.5352893923,0,47
2022-09-05,17650.45,17660.6,17647.35,17657.75,13:10:00,17655.955738021607,0,48
2022-09-05,17645.3,17653.4,17644.5,17650.55,13:15:00,17654.940905829073,0,49
2022-09-05,17640.0,17648.8,17637.2,17644.85,13:20:00,17653.51796241678,0,50
2022-09-05,17654.7,17655.45,17638.8,17639.95,13:25:00,17653.630537424706,0,51
2022-09-05,17648.2,17656.0,17647.2,17653.4,13:30:00,17653.11334338426,0,52
2022-09-05,17646.25,17651.3,17641.5,17647.95,13:35:00,17652.459691633376,0,53
2022-09-05,17632.25,17651.35,17630.2,17646.15,13:40:00,17650.53495909686,0,54
2022-09-05,17645.6,17648.3,17629.7,17632.3,13:45:00,17650.0649629924,0,55
2022-09-05,17642.75,17649.6,17641.65,17645.3,13:50:00,17649.36829985027,0,56
2022-09-05,17655.25,17661.15,17639.2,17643.25,13:55:00,17649.92846176929,0,57
2022-09-05,17659.45,17664.1,17655.65,17655.65,14:00:00,17650.835274934117,0,58
2022-09-05,17665.4,17678.7,17660.0,17660.0,14:05:00,17652.222391607058,0,59
2022-09-05,17669.4,17671.9,17661.35,17666.1,14:10:00,17653.85835431115,0,60
2022-09-05,17665.8,17669.85,17660.95,17669.15,14:15:00,17654.99565390056,0,61
2022-09-05,17660.8,17666.8,17656.55,17665.9,14:20:00,17655.548448767175,0,62
2022-09-05,17674.1,17674.75,17660.85,17660.85,14:25:00,17657.3152631703,0,63
2022-09-05,17677.1,17683.15,17674.55,17674.85,14:30:00,17659.19952382075,0,64
2022-09-05,17659.3,17679.3,17659.3,17677.85,14:35:00,17659.209092980676,0,65
2022-09-05,17670.6,17671.2,17655.85,17659.4,14:40:00,17660.29394126823,0,66
2022-09-05,17663.75,17670.95,17661.65,17669.95,14:45:00,17660.623089718876,0,67
2022-09-05,17662.55,17668.25,17658.6,17663.2,14:50:00,17660.806604983747,0,68
2022-09-05,17654.0,17672.4,17653.4,17662.1,14:55:00,17660.158356890057,0,69
2022-09-05,17676.75,17678.15,17651.2,17654.45,15:00:00,17661.738513376717,0,70
2022-09-05,17670.2,17678.6,17665.05,17677.8,15:05:00,17662.544369245603,0,71
2022-09-05,17671.95,17680.45,17667.85,17671.5,15:10:00,17663.440143603166,0,72
2022-09-05,17666.25,17672.15,17660.1,17671.6,15:15:00,17663.707748974295,0,73
2022-09-05,17659.55,17668.2,17658.0,17666.55,15:20:00,17663.311772881505,0,74
2022-09-05,17653.9,17663.85,17652.3,17659.8,15:25:00,17662.415413559458,0,75
2022-09-06,17736.4,17764.65,17691.5,17713.55,09:15:00,17669.461564649035,1,1
2022-09-06,17742.95,17747.45,17726.8,17737.1,09:20:00,17676.46046325389,1,2
2022-09-06,17722.5,17744.35,17722.5,17743.35,09:25:00,17680.845181039233,1,3
2022-09-06,17696.85,17726.95,17695.25,17722.15,09:30:00,17682.369449511687,1,4
2022-09-06,17671.55,17717.9,17671.55,17697.95,09:35:00,17681.339025748668,1,5
2022-09-06,17676.4,17687.4,17668.9,17670.35,09:40:00,17680.868642344034,1,6
2022-09-06,17679.2,17686.3,17659.05,17676.15,09:45:00,17680.709724025553,1,7
2022-09-06,17667.75,17681.9,17665.65,17676.6,09:50:00,17679.47546459455,1,8
2022-09-06,17678.5,17678.9,17655.15,17667.85,09:55:00,17679.382563204592,1,9
2022-09-06,17669.05,17679.2,17664.3,17678.6,10:00:00,17678.39850956606,1,10
2022-09-06,17644.2,17671.65,17642.2,17669.4,10:05:00,17675.141508655008,1,11
2022-09-06,17641.15,17650.05,17632.75,17645.9,10:10:00,17671.904222116435,1,12
2022-09-06,17633.05,17642.25,17628.9,17640.45,10:15:00,17668.20382001011,1,13
2022-09-06,17614.6,17632.9,17613.45,17632.9,10:20:00,17663.09869429486,1,14
2022-09-06,17600.6,17614.8,17588.5,17614.8,10:25:00,17657.146437695348,1,15
2022-09-06,17590.1,17612.55,17589.25,17601.05,10:30:00,17650.761062676742,1,16
2022-09-06,17608.3,17609.35,17587.65,17590.2,10:35:00,17646.717151945624,1,17
2022-09-06,17605.45,17613.25,17595.6,17609.15,10:40:00,17642.78694699842,1,18
2022-09-06,17623.1,17624.0,17603.0,17605.9,10:45:00,17640.911999665237,1,19
2022-09-06,17618.15,17623.95,17612.55,17623.95,10:50:00,17638.74419017331,1,20
2022-09-06,17633.75,17634.8,17612.85,17619.1,10:55:00,17638.26855301395,1,21
2022-09-06,17635.5,17636.25,17629.2,17634.45,11:00:00,17638.004881298337,1,22
2022-09-06,17664.7,17667.7,17636.05,17636.05,11:05:00,17640.547273555636,1,23
2022-09-06,17667.45,17668.3,17656.2,17664.9,11:10:00,17643.109437978906,1,24
2022-09-06,17666.0,17675.15,17665.0,17667.65,11:15:00,17645.289491504725,1,25
2022-09-06,17655.85,17666.95,17643.9,17665.3,11:20:00,17646.29525421856,1,26
2022-09-06,17654.6,17664.75,17652.45,17655.5,11:25:00,17647.086182388222,1,27
2022-09-06,17651.5,17659.75,17647.8,17654.35,11:30:00,17647.506545970296,1,28
2022-09-06,17657.05,17657.6,17648.1,17652.15,11:35:00,17648.415446354076,1,29
2022-09-06,17672.5,17672.65,17655.7,17657.2,11:40:00,17650.709213367973,1,30
2022-09-06,17668.75,17677.3,17668.4,17672.35,11:45:00,17652.4273835234,1,31
2022-09-06,17669.45,17671.5,17661.25,17669.6,11:50:00,17654.0485850926,1,32
2022-09-06,17690.55,17691.9,17667.95,17668.8,11:55:00,17657.524910321878,1,33
2022-09-06,17693.15,17696.8,17684.55,17691.45,12:00:00,17660.91777600551,1,34
2022-09-06,17689.4,17693.85,17681.2,17692.9,12:05:00,17663.63036876689,1,35
2022-09-06,17682.6,17690.6,17682.1,17689.8,12:10:00,17665.4370003129,1,36
2022-09-06,17692.3,17693.4,17682.15,17682.15,12:15:00,17667.99538123548,1,37
2022-09-06,17700.5,17702.5,17690.1,17692.4,12:20:00,17671.091059213053,1,38
2022-09-06,17698.1,17701.6,17690.5,17701.0,12:25:00,17673.663339288,1,39
2022-09-06,17707.7,17708.85,17695.75,17698.65,12:30:00,17676.904926022475,1,40
2022-09-06,17701.8,17710.75,17701.55,17708.15,12:35:00,17679.275885448908,1,41
2022-09-06,17708.45,17708.75,17696.6,17701.3,12:40:00,17682.054372549013,1,42
2022-09-06,17702.8,17713.25,17700.45,17707.85,12:45:00,17684.030146591966,1,43
2022-09-06,17712.6,17715.7,17701.5,17703.1,12:50:00,17686.75108501178,1,44
2022-09-06,17706.1,17714.95,17705.65,17713.0,12:55:00,17688.593838820183,1,45
2022-09-06,17699.2,17708.45,17693.5,17706.05,13:00:00,17689.603949408738,1,46
2022-09-06,17684.6,17699.9,17680.6,17698.85,13:05:00,17689.127382798382,1,47
2022-09-06,17694.0,17694.2,17682.85,17684.9,13:10:00,17689.59144157949,1,48
2022-09-06,17691.25,17699.8,17690.7,17693.85,13:15:00,17689.7493995243,1,49
2022-09-06,17693.65,17694.9,17686.85,17691.05,13:20:00,17690.12088528389,1,50
2022-09-06,17697.85,17700.7,17691.1,17693.6,13:25:00,17690.856991447326,1,51
2022-09-06,17711.05,17714.4,17698.2,17698.75,13:30:00,17692.78013511901,1,52
2022-09-06,17692.9,17714.15,17682.05,17710.9,13:35:00,17692.791550821963,1,53
2022-09-06,17693.7,17695.95,17688.15,17693.3,13:40:00,17692.8780697913,1,54
2022-09-06,17679.15,17694.5,17672.3,17694.45,13:45:00,17691.57063457308,1,55
2022-09-06,17683.75,17691.05,17673.7,17678.85,13:50:00,17690.825812232786,1,56
2022-09-06,17696.25,17699.0,17680.6,17682.95,13:55:00,17691.34240154395,1,57
2022-09-06,17686.7,17698.25,17685.5,17696.1,14:00:00,17690.90026806357,1,58
2022-09-06,17692.45,17692.75,17682.7,17686.2,14:05:00,17691.047861581326,1,59
2022-09-06,17697.0,17698.05,17691.05,17692.55,14:10:00,17691.614731906913,1,60
2022-09-06,17688.1,17705.45,17688.1,17697.55,14:15:00,17691.279995534827,1,61
2022-09-06,17695.1,17695.25,17685.05,17689.0,14:20:00,17691.64380548389,1,62
2022-09-06,17703.75,17704.8,17694.65,17694.85,14:25:00,17692.796776390187,1,63
2022-09-06,17692.15,17704.65,17688.15,17704.0,14:30:00,17692.73517863874,1,64
2022-09-06,17664.95,17696.6,17663.55,17692.65,14:35:00,17690.088971149336,1,65
2022-09-06,17641.05,17668.95,17639.45,17664.05,14:40:00,17685.418592944636,1,66
2022-09-06,17661.05,17666.6,17637.5,17641.15,14:45:00,17683.097774568956,1,67
2022-09-06,17661.75,17663.8,17642.7,17660.55,14:50:00,17681.06465318144,1,68
2022-09-06,17654.5,17663.9,17650.3,17661.95,14:55:00,17678.534686211777,1,69
2022-09-06,17660.7,17667.8,17649.45,17653.55,15:00:00,17676.8361446678,1,70
2022-09-06,17671.1,17680.6,17657.9,17661.3,15:05:00,17676.289845175626,1,71
2022-09-06,17653.05,17673.65,17650.8,17671.55,15:10:00,17674.076526587472,1,72
2022-09-06,17651.6,17657.15,17648.95,17653.0,15:15:00,17671.93590500771,1,73
2022-09-06,17649.85,17653.35,17646.8,17651.3,15:20:00,17669.832485483166,1,74
2022-09-06,17651.6,17653.6,17641.5,17650.3,15:25:00,17668.096058294293,1,75
2022-09-07,17559.75,17566.8,17484.3,17542.7,09:15:00,17648.44144454476,2,1
2022-09-07,17582.55,17584.3,17548.55,17557.85,09:20:00,17642.16606887383,2,2
2022-09-07,17569.95,17593.8,17564.3,17581.4,09:25:00,17635.288348028702,2,3
2022-09-07,17553.95,17574.0,17543.85,17569.6,09:30:00,17627.541838692636,2,4
2022-09-07,17582.7,17589.55,17547.45,17552.4,09:35:00,17623.271187388575,2,5
2022-09-07,17579.15,17583.55,17567.65,17581.75,09:40:00,17619.069169542043,2,6
2022-09-07,17574.8,17583.85,17567.8,17577.4,09:45:00,17614.85305815709,2,7
2022-09-07,17576.55,17591.4,17572.65,17572.65,09:50:00,17611.205147856414,2,8
2022-09-07,17568.35,17577.25,17559.45,17575.5,09:55:00,17607.123705203423,2,9
2022-09-07,17583.25,17586.45,17564.4,17567.65,10:00:00,17604.850018993573,2,10
2022-09-07,17585.35,17585.7,17574.7,17581.1,10:05:00,17602.99287432752,2,11
2022-09-07,17579.0,17592.8,17577.05,17584.6,10:10:00,17600.70783867728,2,12
2022-09-07,17574.15,17578.5,17566.65,17577.3,10:15:00,17598.178520708014,2,13
2022-09-07,17567.6,17575.5,17567.2,17572.2,10:20:00,17595.266280640582,2,14
2022-09-07,17581.1,17585.75,17563.35,17565.05,10:25:00,17593.917111055765,2,15
2022-09-07,17577.95,17583.95,17573.35,17580.85,10:30:00,17592.39643381236,2,16
2022-09-07,17569.2,17582.3,17563.85,17577.7,10:35:00,17590.187249639755,2,17
2022-09-07,17567.1,17573.75,17565.45,17568.95,10:40:00,17587.98846395978,2,18
2022-09-07,17571.1,17573.75,17561.25,17567.2,10:45:00,17586.380038820753,2,19
2022-09-07,17554.2,17572.25,17551.5,17571.25,10:50:00,17583.315273218777,2,20
2022-09-07,17548.55,17558.8,17545.3,17553.8,10:55:00,17580.00429481699,2,21
2022-09-07,17550.9,17553.75,17541.65,17549.3,11:00:00,17577.232457215374,2,22
2022-09-07,17552.3,17559.55,17549.3,17550.95,11:05:00,17574.857937480578,2,23
2022-09-07,17538.55,17552.1,17538.55,17552.1,11:10:00,17571.400038672902,2,24
2022-09-07,17548.85,17549.3,17533.3,17538.95,11:15:00,17569.25241594215,2,25
2022-09-07,17546.8,17552.75,17539.95,17550.1,11:20:00,17567.114090614323,2,26
2022-09-07,17554.5,17558.6,17546.15,17546.9,11:25:00,17565.912748651055,2,27
2022-09-07,17566.4,17568.6,17554.75,17555.0,11:30:00,17565.95915354143,2,28
2022-09-07,17560.15,17569.6,17558.35,17566.3,11:35:00,17565.4059008232,2,29
2022-09-07,17569.05,17569.1,17556.0,17559.95,11:40:00,17565.752957887657,2,30
2022-09-07,17582.05,17583.1,17567.0,17569.0,11:45:00,17567.30505713645,2,31
2022-09-07,17603.0,17604.8,17579.9,17582.65,11:50:00,17570.70457550441,2,32
2022-09-07,17604.35,17609.2,17598.7,17603.1,11:55:00,17573.908901646846,2,33
2022-09-07,17602.1,17607.75,17599.1,17604.3,12:00:00,17576.593768156672,2,34
2022-09-07,17602.35,17605.2,17597.95,17601.8,12:05:00,17579.046742617942,2,35
2022-09-07,17614.6,17617.9,17602.55,17602.65,12:10:00,17582.43276713052,2,36
2022-09-07,17630.4,17633.7,17611.3,17614.85,12:15:00,17587.00107502285,2,37
2022-09-07,17625.2,17636.75,17624.25,17630.85,12:20:00,17590.639067877815,2,38
2022-09-07,17619.4,17628.55,17615.45,17625.6,12:25:00,17593.378204270404,2,39
2022-09-07,17625.1,17629.1,17615.45,17619.1,12:30:00,17596.39932767322,2,40
2022-09-07,17624.55,17630.8,17623.9,17625.2,12:35:00,17599.080344085298,2,41
2022-09-07,17616.1,17625.0,17615.0,17623.75,12:40:00,17600.70126369622,2,42
2022-09-07,17602.15,17617.1,17599.9,17615.6,12:45:00,17600.839238582295,2,43
2022-09-07,17613.05,17619.65,17601.75,17602.0,12:50:00,17602.002168241124,2,44
2022-09-07,17621.4,17621.4,17609.9,17612.95,12:55:00,17603.84958078959,2,45
2022-09-07,17618.35,17621.85,17610.6,17621.15,13:00:00,17605.23057309534,2,46
2022-09-07,17618.45,17621.0,17612.9,17618.15,13:05:00,17606.48956613388,2,47
2022-09-07,17617.85,17621.15,17614.9,17618.35,13:10:00,17607.571512216367,2,48
2022-09-07,17627.65,17632.85,17617.7,17617.7,13:15:00,17609.48374914814,2,49
2022-09-07,17629.8,17631.45,17624.9,17627.6,13:20:00,17611.41863018165,2,50
2022-09-07,17647.85,17648.55,17627.55,17630.1,13:25:00,17614.888284450066,2,51
2022-09-07,17647.7,17650.75,17640.3,17647.9,13:30:00,17618.013209740537,2,52
2022-09-07,17644.15,17649.05,17640.5,17648.1,13:35:00,17620.502427860487,2,53
2022-09-07,17632.65,17650.05,17632.65,17645.0,13:40:00,17621.65933949282,2,54
2022-09-07,17625.4,17638.45,17625.4,17633.4,13:45:00,17622.015592874457,2,55
2022-09-07,17634.0,17634.0,17621.45,17626.35,13:50:00,17623.156964981652,2,56
2022-09-07,17636.85,17639.8,17629.5,17633.4,13:55:00,17624.461063554827,2,57
2022-09-07,17635.2,17641.55,17627.55,17637.6,14:00:00,17625.48381940675,2,58
2022-09-07,17638.95,17646.65,17634.0,17634.95,14:05:00,17626.766312796582,2,59
2022-09-07,17628.95,17639.2,17628.95,17639.2,14:10:00,17626.97428300643,2,60
2022-09-07,17644.15,17644.15,17626.75,17628.25,14:15:00,17628.61006557725,2,61
2022-09-07,17644.0,17646.7,17639.25,17644.25,14:20:00,17630.07577361751,2,62
2022-09-07,17635.05,17644.5,17630.7,17644.5,14:25:00,17630.549509463464,2,63
2022-09-07,17602.25,17637.95,17602.25,17635.65,14:30:00,17627.854318085992,2,64
2022-09-07,17615.95,17616.3,17599.0,17603.15,14:35:00,17626.720573506373,2,65
2022-09-07,17609.75,17623.05,17609.1,17616.45,14:40:00,17625.104328410525,2,66
2022-09-07,17622.35,17624.95,17608.75,17610.3,14:45:00,17624.84201141905,2,67
2022-09-07,17609.5,17623.5,17608.65,17621.95,14:50:00,17623.380867474378,2,68
2022-09-07,17615.9,17619.05,17605.0,17610.2,14:55:00,17622.66840390539,2,69
2022-09-07,17619.65,17628.9,17610.5,17614.7,15:00:00,17622.380936866783,2,70
2022-09-07,17617.15,17624.95,17615.25,17618.9,15:05:00,17621.88275240328,2,71
2022-09-07,17617.1,17624.75,17615.3,17616.95,15:10:00,17621.427252174395,2,72
2022-09-07,17631.75,17632.25,17616.5,17617.95,15:15:00,17622.41037101493,2,73
2022-09-07,17627.75,17638.6,17625.65,17632.35,15:20:00,17622.918907108746,2,74
2022-09-07,17629.5,17632.3,17623.0,17627.4,15:25:00,17623.545677860297,2,75
2022-09-08,17733.9,17768.45,17732.55,17751.95,09:15:00,17634.055613302175,3,1
2022-09-08,17767.95,17769.4,17733.7,17733.75,09:20:00,17646.80745965435,3,2
2022-09-08,17774.5,17780.5,17768.05,17768.75,09:25:00,17658.96865397298,3,3
2022-09-08,17782.55,17786.8,17771.65,17775.35,09:30:00,17670.738305975556,3,4
2022-09-08,17774.6,17792.2,17771.5,17781.95,09:35:00,17680.629895882645,3,5
2022-09-08,17771.55,17776.35,17760.3,17775.4,09:40:00,17689.288953417632,3,6
2022-09-08,17765.25,17778.8,17761.9,17772.05,09:45:00,17696.52333880643,3,7
2022-09-08,17774.85,17778.05,17763.1,17765.45,09:50:00,17703.983020824864,3,8
2022-09-08,17766.45,17775.1,17755.5,17773.55,09:55:00,17709.932256936783,3,9
2022-09-08,17772.4,17772.75,17760.65,17766.35,10:00:00,17715.881565799948,3,10
2022-09-08,17759.15,17776.0,17755.55,17772.15,10:05:00,17720.002369057096,3,11
2022-09-08,17770.0,17771.1,17755.35,17759.2,10:10:00,17724.764048194516,3,12
2022-09-08,17777.4,17787.15,17769.95,17769.95,10:15:00,17729.776995985514,3,13
2022-09-08,17768.05,17779.4,17762.55,17777.1,10:20:00,17733.422043986895,3,14
2022-09-08,17764.5,17768.9,17763.4,17767.95,10:25:00,17736.381849321475,3,15
2022-09-08,17762.4,17764.8,17758.0,17764.8,10:30:00,17738.859768433715,3,16
2022-09-08,17762.05,17763.6,17757.0,17763.4,10:35:00,17741.068361916216,3,17
2022-09-08,17742.75,17764.3,17729.55,17762.0,10:40:00,17741.228517924195,3,18
2022-09-08,17743.35,17748.65,17734.55,17742.7,10:45:00,17741.430563836177,3,19
2022-09-08,17744.55,17749.05,17741.85,17742.9,10:50:00,17741.727652994636,3,20
2022-09-08,17750.65,17752.6,17740.4,17743.2,10:55:00,17742.57740032848,3,21
2022-09-08,17752.7,17758.0,17750.1,17750.9,11:00:00,17743.541457440053,3,22
2022-09-08,17756.25,17757.1,17750.95,17752.9,11:05:00,17744.751794826716,3,23
2022-09-08,17746.15,17757.4,17746.15,17756.65,11:10:00,17744.88495722417,3,24
2022-09-08,17731.9,17746.55,17723.55,17746.55,11:15:00,17743.64829463139,3,25
2022-09-08,17735.4,17740.1,17727.5,17732.65,11:20:00,17742.862742761736,3,26
2022-09-08,17737.2,17737.95,17722.75,17735.15,11:25:00,17742.323433927282,3,27
2022-09-08,17733.55,17738.8,17730.75,17737.25,11:30:00,17741.48786879135,3,28
2022-09-08,17732.3,17735.05,17728.85,17733.45,11:35:00,17740.612833668365,3,29
2022-09-08,17744.2,17749.15,17728.2,17731.75,11:40:00,17740.95446855709,3,30
2022-09-08,17749.05,17750.2,17743.2,17743.95,11:45:00,17741.725471551654,3,31
2022-09-08,17754.5,17756.3,17748.8,17748.9,11:50:00,17742.94209330864,3,32
2022-09-08,17751.1,17755.7,17747.95,17754.75,11:55:00,17743.719036803057,3,33
2022-09-08,17756.75,17756.9,17746.8,17751.65,12:00:00,17744.96008091705,3,34
2022-09-08,17745.75,17756.85,17741.6,17756.65,12:05:00,17745.035311305903,3,35
2022-09-08,17751.4,17751.65,17741.4,17745.4,12:10:00,17745.64147213391,3,36
2022-09-08,17750.45,17753.55,17746.95,17751.85,12:15:00,17746.099427168778,3,37
2022-09-08,17740.1,17751.5,17739.8,17750.75,12:20:00,17745.528053152706,3,38
2022-09-08,17742.2,17742.7,17731.55,17740.5,12:25:00,17745.21109570959,3,39
2022-09-08,17748.95,17750.45,17739.15,17742.85,12:30:00,17745.567181832484,3,40
2022-09-08,17759.7,17760.7,17747.1,17747.95,12:35:00,17746.913164515106,3,41
2022-09-08,17751.05,17761.55,17750.55,17760.25,12:40:00,17747.307148847,3,42
2022-09-08,17746.25,17751.55,17740.85,17750.55,12:45:00,17747.206468004428,3,43
2022-09-08,17732.6,17746.95,17728.75,17746.15,12:50:00,17745.81537581353,3,44
2022-09-08,17707.5,17739.5,17705.85,17732.7,12:55:00,17742.16629240272,3,45
2022-09-08,17711.2,17721.35,17691.95,17712.15,13:00:00,17739.217121697697,3,46
2022-09-08,17711.05,17714.15,17703.05,17711.35,13:05:00,17736.53453867887,3,47
2022-09-08,17723.2,17723.65,17707.75,17711.0,13:10:00,17735.264582614214,3,48
2022-09-08,17734.9,17737.55,17722.15,17722.95,13:15:00,17735.22986046048,3,49
2022-09-08,17737.1,17739.6,17732.2,17734.7,13:20:00,17735.407968988053,3,50
2022-09-08,17741.8,17744.0,17733.15,17736.7,13:25:00,17736.016733846332,3,51
2022-09-08,17736.6,17744.15,17735.1,17741.9,13:30:00,17736.072283003825,3,52
2022-09-08,17743.05,17749.1,17727.95,17736.75,13:35:00,17736.73682747965,3,53
2022-09-08,17742.45,17749.7,17740.9,17743.0,13:40:00,17737.280939148255,3,54
2022-09-08,17735.3,17744.55,17733.25,17742.35,13:45:00,17737.092278276992,3,55
2022-09-08,17722.25,17738.05,17722.25,17735.85,13:50:00,17735.678727964896,3,56
2022-09-08,17728.75,17734.0,17718.2,17722.15,13:55:00,17735.018849111097,3,57
2022-09-08,17750.55,17751.85,17727.8,17728.65,14:00:00,17736.49800633861,3,58
2022-09-08,17752.4,17754.9,17748.9,17751.0,14:05:00,17738.01248192541,3,59
2022-09-08,17746.75,17754.7,17739.8,17752.45,14:10:00,17738.844626503942,3,60
2022-09-08,17748.7,17749.2,17740.4,17746.45,14:15:00,17739.783233503567,3,61
2022-09-08,17759.2,17760.8,17748.4,17748.45,14:20:00,17741.63244936037,3,62
2022-09-08,17771.05,17771.7,17759.2,17759.6,14:25:00,17744.43412084986,3,63
2022-09-08,17777.0,17778.95,17764.35,17771.1,14:30:00,17747.535633149873,3,64
2022-09-08,17772.75,17780.3,17766.75,17777.25,14:35:00,17749.937001421316,3,65
2022-09-08,17779.7,17784.8,17772.65,17773.35,14:40:00,17752.771572714526,3,66
2022-09-08,17784.65,17785.5,17777.1,17780.35,14:45:00,17755.807613408382,3,67
2022-09-08,17791.35,17801.0,17783.65,17784.7,14:50:00,17759.192602607585,3,68
2022-09-08,17796.0,17805.15,17793.2,17793.55,14:55:00,17762.69806902591,3,69
2022-09-08,17798.8,17806.45,17791.3,17794.75,15:00:00,17766.1363481663,3,70
2022-09-08,17804.5,17807.65,17789.0,17799.8,15:05:00,17769.79002929332,3,71
2022-09-08,17796.35,17806.95,17792.55,17804.8,15:10:00,17772.319550313005,3,72
2022-09-08,17797.05,17800.6,17790.5,17796.1,15:15:00,17774.674831235574,3,73
2022-09-08,17796.3,17801.45,17790.25,17796.4,15:20:00,17776.7343711179,3,74
2022-09-08,17800.1,17804.5,17795.05,17796.4,15:25:00,17778.95966910667,3,75
2022-09-09,17901.85,17925.95,17889.05,17902.35,09:15:00,17790.663510144128,4,1
2022-09-09,17891.15,17905.05,17881.4,17900.5,09:20:00,17800.233652035164,4,2
2022-09-09,17891.95,17898.9,17884.2,17892.35,09:25:00,17808.96854231753,4,3
2022-09-09,17875.2,17899.65,17871.2,17891.6,09:30:00,17815.27630019205,4,4
2022-09-09,17876.25,17880.0,17868.45,17874.25,09:35:00,17821.08331922138,4,5
2022-09-09,17894.25,17894.3,17870.85,17875.3,09:40:00,17828.051574533627,4,6
2022-09-09,17883.45,17897.2,17881.05,17893.1,09:45:00,17833.327615054233,4,7
2022-09-09,17890.9,17893.35,17881.8,17883.95,09:50:00,17838.810699334783,4,8
2022-09-09,17896.1,17896.85,17883.1,17890.5,09:55:00,17844.26682320766,4,9
2022-09-09,17901.35,17903.85,17894.0,17896.25,10:00:00,17849.703316235504,4,10
2022-09-09,17905.6,17908.2,17900.8,17901.6,10:05:00,17855.02680992736,4,11
2022-09-09,17894.3,17908.75,17894.2,17905.95,10:10:00,17858.7671137438,4,12
2022-09-09,17907.9,17908.35,17891.25,17891.6,10:15:00,17863.44643624439,4,13
2022-09-09,17909.7,17914.7,17908.05,17908.05,10:20:00,17867.85153755445,4,14
2022-09-09,17903.6,17910.4,17902.8,17909.65,10:25:00,17871.256153025453,4,15
2022-09-09,17912.9,17913.5,17903.15,17903.15,10:30:00,17875.222233689696,4,16
2022-09-09,17911.65,17919.45,17909.65,17912.5,10:35:00,17878.691544766865,4,17
2022-09-09,17894.85,17912.9,17893.5,17911.9,10:40:00,17880.23044526526,4,18
2022-09-09,17890.8,17895.95,17887.25,17894.35,10:45:00,17881.237069525712,4,19
2022-09-09,17890.6,17892.35,17885.2,17891.6,10:50:00,17882.12877718993,4,20
2022-09-09,17899.5,17899.8,17890.1,17890.8,10:55:00,17883.783179362315,4,21
2022-09-09,17888.45,17899.9,17887.95,17898.5,11:00:00,17884.227638470667,4,22
2022-09-09,17886.2,17889.8,17879.8,17889.05,11:05:00,17884.41548242584,4,23
2022-09-09,17883.45,17889.25,17880.2,17886.4,11:10:00,17884.32353171862,4,24
2022-09-09,17873.6,17884.55,17867.35,17883.65,11:15:00,17883.30224298351,4,25
2022-09-09,17866.65,17876.55,17863.85,17873.85,11:20:00,17881.71631508032,4,26
2022-09-09,17880.6,17882.0,17865.2,17866.95,11:25:00,17881.609999358385,4,27
2022-09-09,17872.1,17881.8,17871.8,17880.95,11:30:00,17880.704285133776,4,28
2022-09-09,17866.75,17873.4,17860.1,17871.95,11:35:00,17879.375305597227,4,29
2022-09-09,17858.5,17867.4,17852.9,17867.05,11:40:00,17877.387181254635,4,30
2022-09-09,17853.9,17864.35,17852.35,17858.85,11:45:00,17875.15030684943,4,31
2022-09-09,17862.4,17865.2,17853.2,17853.5,11:50:00,17873.93599191139,4,32
2022-09-09,17860.9,17867.7,17859.2,17863.0,11:55:00,17872.69446887221,4,33
2022-09-09,17840.15,17862.05,17837.35,17860.7,12:00:00,17869.594995646286,4,34
2022-09-09,17841.95,17847.4,17836.45,17840.25,12:05:00,17866.96213891807,4,35
2022-09-09,17824.9,17844.55,17824.5,17841.4,12:10:00,17862.95622092587,4,36
2022-09-09,17841.95,17843.6,17821.55,17824.8,12:15:00,17860.955628456737,4,37
2022-09-09,17834.3,17842.8,17833.85,17841.8,12:20:00,17858.416997175143,4,38
2022-09-09,17825.05,17834.8,17816.05,17834.5,12:25:00,17855.239187920368,4,39
2022-09-09,17836.85,17837.7,17821.0,17824.45,12:30:00,17853.487836689856,4,40
2022-09-09,17846.65,17852.1,17836.6,17837.5,12:35:00,17852.836614147964,4,41
2022-09-09,17859.1,17859.95,17846.7,17846.7,12:40:00,17853.433127086253,4,42
2022-09-09,17850.55,17861.25,17849.95,17858.85,12:45:00,17853.15854355423,4,43
2022-09-09,17845.0,17855.95,17844.85,17850.8,12:50:00,17852.381539406208,4,44
2022-09-09,17852.8,17855.8,17844.0,17845.2,12:55:00,17852.421392796092,4,45
2022-09-09,17834.1,17860.05,17832.9,17853.2,13:00:00,17850.676498244084,4,46
2022-09-09,17838.05,17839.6,17827.25,17834.8,13:05:00,17849.473974601788,4,47
2022-09-09,17829.45,17839.95,17829.45,17838.65,13:10:00,17847.56692940162,4,48
2022-09-09,17826.4,17837.45,17820.1,17829.9,13:15:00,17845.55103136337,4,49
2022-09-09,17799.95,17829.35,17799.8,17826.35,13:20:00,17841.20807599543,4,50
2022-09-09,17812.2,17812.85,17786.0,17800.3,13:25:00,17838.445402091103,4,51
2022-09-09,17817.15,17818.3,17806.45,17812.15,13:30:00,17836.417268558616,4,52
2022-09-09,17813.75,17827.0,17807.15,17817.1,13:35:00,17834.258481076842,4,53
2022-09-09,17819.3,17820.2,17805.55,17813.5,13:40:00,17832.833863831427,4,54
2022-09-09,17837.25,17838.55,17818.5,17818.6,13:45:00,17833.254448228436,4,55
2022-09-09,17841.75,17850.0,17837.15,17837.15,13:50:00,17834.063548397156,4,56
2022-09-09,17847.55,17849.2,17836.05,17841.95,13:55:00,17835.347972359334,4,57
2022-09-09,17844.55,17855.3,17838.65,17847.9,14:00:00,17836.22435594416,4,58
2022-09-09,17842.1,17849.4,17842.1,17844.9,14:05:00,17836.783941092333,4,59
2022-09-09,17846.85,17847.6,17831.55,17842.75,14:10:00,17837.742613369253,4,60
2022-09-09,17853.5,17858.75,17841.5,17846.3,14:15:00,17839.243316857897,4,61
2022-09-09,17859.75,17861.95,17852.4,17854.05,14:20:00,17841.196334300002,4,62
2022-09-09,17855.95,17861.75,17852.7,17859.65,14:25:00,17842.60144531905,4,63
2022-09-09,17841.55,17858.5,17833.8,17856.25,14:30:00,17842.501307669616,4,64
2022-09-09,17856.1,17856.85,17842.05,17842.05,14:35:00,17843.79642122489,4,65
2022-09-09,17857.55,17862.9,17852.65,17856.4,14:40:00,17845.10628587014,4,66
2022-09-09,17856.0,17862.55,17852.15,17858.8,14:45:00,17846.143782453935,4,67
2022-09-09,17857.45,17868.3,17855.6,17855.6,14:50:00,17847.22056507737,4,68
2022-09-09,17856.95,17861.65,17848.4,17857.4,14:55:00,17848.147177927145,4,69
2022-09-09,17850.3,17867.4,17840.6,17858.9,15:00:00,17848.35220860075,4,70
2022-09-09,17851.15,17855.9,17849.1,17851.3,15:05:00,17848.61866492449,4,71
2022-09-09,17838.85,17854.4,17837.45,17851.1,15:10:00,17847.68831588406,4,72
2022-09-09,17823.45,17839.75,17820.05,17839.75,15:15:00,17845.379904847483,4,73
2022-09-09,17814.25,17823.5,17809.7,17821.65,15:20:00,17842.415152004865,4,74
2022-09-09,17829.3,17833.2,17810.4,17812.4,15:25:00,17841.166089909166,4,75
2022-09-12,17920.7,17925.75,17889.15,17897.7,09:15:00,17848.740748013053,0,1
2022-09-12,17907.3,17923.6,17892.55,17920.35,09:20:00,17854.317819630858,0,2
2022-09-12,17915.25,17921.85,17893.65,17907.45,09:25:00,17860.120884427917,0,3
2022-09-12,17914.05,17920.5,17894.15,17915.3,09:30:00,17865.25699067288,0,4
2022-09-12,17930.8,17934.35,17912.6,17913.3,09:35:00,17871.499182037365,0,5
2022-09-12,17937.05,17942.2,17929.6,17930.7,09:40:00,17877.742117081427,0,6
2022-09-12,17936.35,17946.85,17935.15,17937.0,09:45:00,17883.32382021653,0,7
2022-09-12,17950.1,17955.75,17933.55,17936.5,09:50:00,17889.683456386385,0,8
2022-09-12,17942.25,17953.7,17940.05,17949.3,09:55:00,17894.689793873396,0,9
2022-09-12,17954.75,17959.9,17940.65,17942.6,10:00:00,17900.409813504502,0,10
2022-09-12,17954.05,17960.3,17949.05,17955.1,10:05:00,17905.51840269455,0,11
2022-09-12,17967.1,17968.2,17951.75,17954.65,10:10:00,17911.38331672364,0,12
2022-09-12,17959.95,17970.6,17958.9,17967.55,10:15:00,17916.008715130913,0,13
2022-09-12,17954.25,17960.2,17948.3,17959.45,10:20:00,17919.650742261303,0,14
2022-09-12,17952.8,17958.25,17950.95,17953.75,10:25:00,17922.807814426895,0,15
2022-09-12,17937.95,17955.65,17937.95,17952.65,10:30:00,17924.24992733862,0,16
2022-09-12,17943.15,17944.55,17935.05,17938.05,10:35:00,17926.04993425875,0,17
2022-09-12,17943.3,17950.5,17941.45,17942.1,10:40:00,17927.69279766268,0,18
2022-09-12,17934.3,17944.5,17931.15,17944.05,10:45:00,17928.32205502814,0,19
2022-09-12,17939.9,17939.9,17931.8,17933.2,10:50:00,17929.424716454032,0,20
2022-09-12,17938.65,17944.0,17935.15,17940.3,10:55:00,17930.30331488698,0,21
2022-09-12,17948.7,17949.6,17938.55,17938.55,11:00:00,17932.05538013584,0,22
2022-09-12,17949.5,17953.75,17946.0,17948.15,11:05:00,17933.716772503856,0,23
2022-09-12,17946.9,17950.3,17942.5,17949.4,11:10:00,17934.97231797968,0,24
2022-09-12,17952.1,17960.55,17946.65,17947.0,11:15:00,17936.603525791135,0,25
2022-09-12,17953.0,17955.7,17950.2,17952.65,11:20:00,17938.165094763408,0,26
2022-09-12,17953.75,17958.15,17952.15,17953.8,11:25:00,17939.649371452608,0,27
2022-09-12,17953.65,17960.1,17950.65,17954.65,11:30:00,17940.982764647597,0,28
2022-09-12,17951.75,17957.4,17950.75,17954.0,11:35:00,17942.00821563354,0,29
2022-09-12,17955.95,17959.7,17951.85,17952.5,11:40:00,17943.33600462082,0,30
2022-09-12,17953.9,17959.7,17952.6,17955.05,11:45:00,17944.34209941884,0,31
2022-09-12,17957.7,17960.75,17947.55,17953.8,11:50:00,17945.61428042657,0,32
2022-09-12,17959.2,17964.9,17954.75,17957.4,11:55:00,17946.908158481183,0,33
2022-09-12,17963.1,17965.5,17957.45,17958.8,12:00:00,17948.450238625832,0,34
2022-09-12,17962.35,17966.5,17957.15,17963.65,12:05:00,17949.774025423372,0,35
2022-09-12,17968.35,17971.5,17961.05,17961.65,12:10:00,17951.543165859242,0,36
2022-09-12,17958.45,17968.45,17957.2,17968.2,12:15:00,17952.200959586935,0,37
2022-09-12,17957.3,17959.95,17953.1,17958.65,12:20:00,17952.686582483417,0,38
2022-09-12,17956.45,17959.95,17953.95,17958.2,12:25:00,17953.045003199284,0,39
2022-09-12,17955.55,17962.35,17955.4,17957.1,12:30:00,17953.283574323163,0,40
2022-09-12,17960.05,17960.5,17954.4,17958.15,12:35:00,17953.927995816193,0,41
2022-09-12,17959.8,17969.2,17959.8,17962.0,12:40:00,17954.48723430989,0,42
2022-09-12,17949.7,17962.45,17948.35,17961.4,12:45:00,17954.03130723276,0,43
2022-09-12,17959.0,17959.9,17946.6,17950.7,12:50:00,17954.504516067733,0,44
2022-09-12,17953.2,17960.35,17951.6,17959.95,12:55:00,17954.380276442233,0,45
2022-09-12,17949.55,17956.1,17948.85,17954.1,13:00:00,17953.9202501144,0,46
2022-09-12,17947.85,17952.0,17945.15,17950.05,13:05:00,17953.342131055884,0,47
2022-09-12,17952.55,17954.9,17945.25,17948.7,13:10:00,17953.266690002944,0,48
2022-09-12,17948.75,17952.15,17943.2,17952.15,13:15:00,17952.836529050284,0,49
2022-09-12,17949.95,17952.9,17945.9,17949.0,13:20:00,17952.561621521687,0,50
2022-09-12,17950.8,17955.15,17947.6,17950.3,13:25:00,17952.39384804343,0,51
2022-09-12,17950.8,17958.3,17950.8,17951.65,13:30:00,17952.242052991674,0,52
2022-09-12,17947.05,17954.3,17945.5,17951.2,13:35:00,17951.74757175437,0,53
2022-09-12,17950.9,17953.1,17943.3,17946.9,13:40:00,17951.666850634905,0,54
2022-09-12,17951.75,17954.0,17946.5,17950.95,13:45:00,17951.674769622055,0,55
2022-09-12,17945.5,17954.75,17945.5,17951.9,13:50:00,17951.086696324717,0,56
2022-09-12,17942.4,17949.2,17936.15,17946.35,13:55:00,17950.25939191284,0,57
2022-09-12,17962.85,17965.4,17942.8,17942.8,14:00:00,17951.45849744495,0,58
2022-09-12,17975.5,17976.85,17957.45,17963.3,14:05:00,17953.748164354954,0,59
2022-09-12,17977.5,17980.55,17973.8,17976.55,14:10:00,17956.010243940196,0,60
2022-09-12,17964.2,17978.4,17964.1,17977.85,14:15:00,17956.790220707797,0,61
2022-09-12,17963.3,17966.35,17957.65,17965.25,14:20:00,17957.410199688005,0,62
2022-09-12,17951.8,17962.0,17947.25,17962.0,14:25:00,17956.875894955814,0,63
2022-09-12,17957.5,17959.7,17945.15,17951.55,14:30:00,17956.93533353145,0,64
2022-09-12,17956.6,17957.85,17950.3,17956.25,14:35:00,17956.903397004648,0,65
2022-09-12,17945.5,17957.75,17943.05,17955.6,14:40:00,17955.81735919468,0,66
2022-09-12,17952.35,17953.35,17943.7,17945.55,14:45:00,17955.487134509473,0,67
2022-09-12,17958.95,17963.2,17950.95,17952.85,14:50:00,17955.816931222857,0,68
2022-09-12,17955.1,17960.9,17952.35,17957.95,14:55:00,17955.748652058777,0,69
2022-09-12,17951.1,17960.35,17950.7,17956.1,15:00:00,17955.305923291275,0,70
2022-09-12,17946.0,17952.85,17940.5,17950.3,15:05:00,17954.419644882582,0,71
2022-09-12,17933.25,17946.4,17930.85,17946.4,15:10:00,17952.403488227097,0,72
2022-09-12,17930.05,17936.35,17929.35,17932.2,15:15:00,17950.27458458642,0,73
2022-09-12,17925.5,17933.6,17924.15,17929.8,15:20:00,17947.915100340095,0,74
2022-09-12,17931.6,17931.65,17924.3,17925.45,15:25:00,17946.361281260084,0,75
2022-09-13,18028.8,18045.45,18020.35,18045.45,09:15:00,17954.21258780674,1,1
2022-09-13,18041.65,18048.65,18022.95,18029.0,09:20:00,17962.539960396578,1,2
2022-09-13,18038.0,18050.75,18036.4,18041.55,09:25:00,17969.726630835,1,3
2022-09-13,18041.95,18052.2,18037.2,18038.15,09:30:00,17976.605046945955,1,4
2022-09-13,18048.65,18051.7,18042.95,18043.25,09:35:00,17983.46647104634,1,5
2022-09-13,18055.9,18060.8,18048.7,18048.7,09:40:00,17990.36490237526,1,6
2022-09-13,18053.25,18059.45,18050.85,18055.75,09:45:00,17996.3539592919,1,7
2022-09-13,18056.15,18056.35,18046.55,18053.2,09:50:00,18002.04882031172,1,8
2022-09-13,18055.3,18063.5,18050.75,18056.0,09:55:00,18007.120361234414,1,9
2022-09-13,18054.15,18061.8,18052.45,18055.65,10:00:00,18011.599374450183,1,10
2022-09-13,18051.2,18056.65,18048.05,18053.15,10:05:00,18015.370862597785,1,11
2022-09-13,18058.8,18059.55,18050.25,18051.15,10:10:00,18019.506970921808,1,12
2022-09-13,18060.8,18065.5,18057.6,18058.5,10:15:00,18023.439640357825,1,13
2022-09-13,18052.85,18061.7,18050.9,18060.65,10:20:00,18026.240626990413,1,14
2022-09-13,18033.85,18053.15,18033.05,18052.15,10:25:00,18026.965329181803,1,15
2022-09-13,18036.35,18042.05,18015.45,18033.4,10:30:00,18027.859107354965,1,16
2022-09-13,18035.1,18040.1,18033.5,18035.7,10:35:00,18028.548716178306,1,17
2022-09-13,18045.15,18047.1,18034.7,18034.7,10:40:00,18030.12979082799,1,18
2022-09-13,18048.9,18054.5,18045.15,18045.3,10:45:00,18031.91742979675,1,19
2022-09-13,18045.25,18055.8,18045.15,18048.75,10:50:00,18033.18719838753,1,20
2022-09-13,18048.4,18048.65,18037.3,18046.25,10:55:00,18034.63603663634,1,21
2022-09-13,18043.25,18052.3,18042.3,18048.85,11:00:00,18035.456414099543,1,22
2022-09-13,18049.85,18052.25,18042.75,18043.2,11:05:00,18036.82723180436,1,23
2022-09-13,18051.75,18054.2,18045.65,18049.9,11:10:00,18038.248447822985,1,24
2022-09-13,18046.35,18051.4,18040.4,18050.7,11:15:00,18039.0200242208,1,25
2022-09-13,18054.15,18056.8,18046.25,18046.9,11:20:00,18040.46097429501,1,26
2022-09-13,18046.45,18055.8,18042.8,18053.8,11:25:00,18041.031357695483,1,27
2022-09-13,18045.8,18051.55,18042.1,18046.75,11:30:00,18041.48551410544,1,28
2022-09-13,18041.6,18049.1,18033.5,18045.4,11:35:00,18041.49641752397,1,29
2022-09-13,18051.9,18052.9,18041.1,18041.1,11:40:00,18042.48723490264,1,30
2022-09-13,18053.95,18054.95,18049.55,18052.95,11:45:00,18043.57892681668,1,31
2022-09-13,18058.55,18059.05,18049.15,18052.8,11:50:00,18045.004743310325,1,32
2022-09-13,18065.15,18072.05,18057.25,18057.25,11:55:00,18046.92333918553,1,33
2022-09-13,18067.65,18070.9,18060.45,18064.15,12:00:00,18048.897306882147,1,34
2022-09-13,18075.85,18079.1,18066.6,18068.55,12:05:00,18051.46423003623,1,35
2022-09-13,18070.95,18078.0,18068.15,18076.7,12:10:00,18053.320017651826,1,36
2022-09-13,18070.85,18072.45,18062.25,18070.8,12:15:00,18054.989539780225,1,37
2022-09-13,18066.9,18071.7,18063.1,18071.5,12:20:00,18056.123869324965,1,38
2022-09-13,18072.85,18074.95,18066.55,18067.9,12:25:00,18057.71683415116,1,39
2022-09-13,18075.85,18079.9,18072.65,18072.65,12:30:00,18059.44380232724,1,40
2022-09-13,18061.0,18080.0,18061.0,18076.05,12:35:00,18059.592011629404,1,41
2022-09-13,18061.85,18062.9,18057.2,18060.55,12:40:00,18059.80705814089,1,42
2022-09-13,18071.4,18073.25,18061.85,18061.95,12:45:00,18060.91114784176,1,43
2022-09-13,18069.25,18072.5,18064.7,18071.3,12:50:00,18061.70532423778,1,44
2022-09-13,18076.35,18076.8,18066.4,18068.3,12:55:00,18063.10005526276,1,45
2022-09-13,18077.95,18079.15,18072.5,18075.65,13:00:00,18064.51433571392,1,46
2022-09-13,18076.95,18080.75,18070.1,18078.25,13:05:00,18065.698684693547,1,47
2022-09-13,18067.35,18079.65,18067.3,18077.4,13:10:00,18065.85595281797,1,48
2022-09-13,18069.5,18075.7,18060.4,18067.1,13:15:00,18066.203004930547,1,49
2022-09-13,18064.05,18071.8,18060.9,18069.85,13:20:00,18065.99795684192,1,50
2022-09-13,18064.4,18067.1,18060.5,18064.1,13:25:00,18065.845770476026,1,51
2022-09-13,18066.55,18068.6,18063.45,18064.25,13:30:00,18065.912839954497,1,52
2022-09-13,18069.05,18071.4,18058.9,18066.1,13:35:00,18066.21161710169,1,53
2022-09-13,18064.45,18070.35,18063.05,18068.7,13:40:00,18066.043844044383,1,54
2022-09-13,18072.8,18075.7,18063.8,18064.0,13:45:00,18066.68728746873,1,55
2022-09-13,18083.4,18084.45,18072.3,18072.3,13:50:00,18068.27897437647,1,56
2022-09-13,18077.1,18086.45,18076.85,18083.2,13:55:00,18069.119072054906,1,57
2022-09-13,18072.35,18079.7,18071.55,18076.45,14:00:00,18069.426779478246,1,58
2022-09-13,18081.75,18087.2,18072.15,18072.6,14:05:00,18070.60041952794,1,59
2022-09-13,18081.95,18088.3,18080.4,18082.3,14:10:00,18071.68133195385,1,60
2022-09-13,18065.9,18083.9,18060.55,18081.2,14:15:00,18071.130728910623,1,61
2022-09-13,18071.5,18073.8,18064.65,18066.05,14:20:00,18071.165897585804,1,62
2022-09-13,18072.55,18076.25,18069.35,18071.95,14:25:00,18071.297716863348,1,63
2022-09-13,18069.8,18078.4,18069.6,18072.8,14:30:00,18071.155077162075,1,64
2022-09-13,18073.3,18074.05,18062.65,18069.7,14:35:00,18071.35935552759,1,65
2022-09-13,18077.95,18080.25,18062.25,18073.45,14:40:00,18071.98703595353,1,66
2022-09-13,18070.05,18083.2,18069.05,18077.85,14:45:00,18071.80255633892,1,67
2022-09-13,18068.05,18075.45,18066.2,18069.95,14:50:00,18071.44517002092,1,68
2022-09-13,18067.95,18073.6,18066.45,18068.1,14:55:00,18071.112296685595,1,69
2022-09-13,18082.95,18084.1,18065.35,18067.6,15:00:00,18072.23969700125,1,70
2022-09-13,18078.9,18082.8,18075.45,18082.6,15:05:00,18072.874011572563,1,71
2022-09-13,18070.0,18079.7,18067.75,18078.4,15:10:00,18072.6002961847,1,72
2022-09-13,18061.3,18070.95,18061.0,18069.65,15:15:00,18071.52407750044,1,73
2022-09-13,18064.15,18067.0,18058.45,18061.1,15:20:00,18070.82178440516,1,74
2022-09-13,18066.5,18069.2,18063.45,18063.6,15:25:00,18070.410185890385,1,75
2022-09-14,17863.95,17887.7,17778.55,17791.75,09:15:00,18050.74731104368,2,1
2022-09-14,17904.35,17905.7,17852.55,17863.25,09:20:00,18036.804709991902,2,2
2022-09-14,17916.1,17923.2,17895.1,17902.15,09:25:00,18025.309023326008,2,3
2022-09-14,17919.25,17932.6,17899.65,17916.8,09:30:00,18015.208163961623,2,4
2022-09-14,17912.4,17922.35,17910.4,17920.25,09:35:00,18005.416910250995,2,5
2022-09-14,17926.0,17929.35,17906.25,17913.35,09:40:00,17997.853394988993,2,6
2022-09-14,17942.35,17945.85,17924.3,17925.9,09:45:00,17992.567357370994,2,7
2022-09-14,17905.7,17941.95,17904.25,17941.4,09:50:00,17984.294275716613,2,8
2022-09-14,17903.45,17905.15,17883.55,17905.15,09:55:00,17976.594820886457,2,9
2022-09-14,17914.95,17919.35,17897.95,17903.75,10:00:00,17970.723885563937,2,10
2022-09-14,17924.2,17924.2,17913.2,17914.15,10:05:00,17966.293039319753,2,11
2022-09-14,17913.5,17927.4,17913.5,17923.95,10:10:00,17961.26513081311,2,12
2022-09-14,17910.05,17914.85,17903.45,17913.6,10:15:00,17956.3874993071,2,13
2022-09-14,17911.1,17916.2,17906.55,17909.4,10:20:00,17952.074404134997,2,14
2022-09-14,17914.45,17914.9,17902.8,17911.55,10:25:00,17948.49112755071,2,15
2022-09-14,17925.45,17928.35,17913.15,17915.05,10:30:00,17946.296734450643,2,16
2022-09-14,17919.85,17932.2,17917.6,17925.65,10:35:00,17943.777997836296,2,17
2022-09-14,17924.65,17926.7,17915.55,17919.3,10:40:00,17941.95628375665,2,18
2022-09-14,17926.1,17926.65,17922.15,17924.75,10:45:00,17940.44616149411,2,19
2022-09-14,17939.3,17939.7,17922.05,17926.0,10:50:00,17940.337003256576,2,20
2022-09-14,17944.5,17945.5,17933.65,17938.95,10:55:00,17940.733479136903,2,21
2022-09-14,17942.35,17947.75,17935.85,17944.95,11:00:00,17940.887433504817,2,22
2022-09-14,17957.3,17957.4,17943.15,17943.15,11:05:00,17942.450535075786,2,23
2022-09-14,17949.05,17958.2,17943.5,17957.55,11:10:00,17943.07905554476,2,24
2022-09-14,17953.7,17954.05,17946.8,17948.45,11:15:00,17944.090574064307,2,25
2022-09-14,17959.8,17964.15,17953.65,17953.65,11:20:00,17945.586709867704,2,26
2022-09-14,17952.6,17963.15,17949.9,17959.75,11:25:00,17946.254642261258,2,27
2022-09-14,17946.35,17954.75,17944.85,17952.0,11:30:00,17946.263723950662,2,28
2022-09-14,17961.1,17962.45,17945.2,17946.0,11:35:00,17947.676702622026,2,29
2022-09-14,17973.2,17974.4,17961.25,17961.7,11:40:00,17950.1074928485,2,30
2022-09-14,17974.0,17979.75,17966.45,17972.7,11:45:00,17952.38296972007,2,31
2022-09-14,17975.2,17978.7,17970.2,17973.2,11:50:00,17954.55602022292,2,32
2022-09-14,17985.1,17988.0,17971.45,17973.95,11:55:00,17957.46497067788,2,33
2022-09-14,17996.35,17997.45,17984.4,17984.4,12:00:00,17961.168306803796,2,34
2022-09-14,18007.2,18007.2,17995.3,17996.1,12:05:00,17965.552277584386,2,35
2022-09-14,18002.55,18015.0,18001.6,18005.95,12:10:00,17969.075870195396,2,36
2022-09-14,18005.55,18009.5,18001.4,18001.4,12:15:00,17972.549596843455,2,37
2022-09-14,18017.35,18018.1,18001.65,18004.8,12:20:00,17976.816301905983,2,38
2022-09-14,18017.1,18020.65,18012.15,18016.6,12:25:00,17980.652844581604,2,39
2022-09-14,18031.45,18043.55,18016.85,18016.85,12:30:00,17985.490668907165,2,40
2022-09-14,18042.0,18044.35,18028.75,18030.65,12:35:00,17990.872509963625,2,41
2022-09-14,18041.55,18046.05,18033.4,18041.9,12:40:00,17995.698937586138,2,42
2022-09-14,18018.85,18047.7,18017.8,18041.8,12:45:00,17997.90380067317,2,43
2022-09-14,18027.75,18036.7,18018.2,18018.2,12:50:00,18000.746295847155,2,44
2022-09-14,18018.95,18028.6,18016.65,18027.35,12:55:00,18002.47998195695,2,45
2022-09-14,18033.2,18036.95,18012.25,18019.1,13:00:00,18005.40569796105,2,46
2022-09-14,18046.55,18051.25,18032.5,18033.45,13:05:00,18009.32420291714,2,47
2022-09-14,18055.9,18057.65,18043.1,18046.8,13:10:00,18013.75999311551,2,48
2022-09-14,18052.15,18057.15,18049.95,18055.3,13:15:00,18017.41618424737,2,49
2022-09-14,18050.05,18052.7,18042.65,18052.35,13:20:00,18020.5241667,2,50
2022-09-14,18046.05,18056.9,18043.6,18050.65,13:25:00,18022.95519844285,2,51
2022-09-14,18056.85,18060.95,18045.3,18047.25,13:30:00,18026.18327478163,2,52
2022-09-14,18059.6,18065.05,18054.55,18057.5,13:35:00,18029.365820040523,2,53
2022-09-14,18048.85,18059.95,18045.35,18058.8,13:40:00,18031.22145622714,2,54
2022-09-14,18028.9,18051.25,18026.85,18048.65,13:45:00,18031.000365157888,2,55
2022-09-14,18018.4,18029.5,18003.95,18028.45,13:50:00,18029.800330380946,2,56
2022-09-14,18020.9,18024.0,18009.05,18018.3,13:55:00,18028.952679868475,2,57
2022-09-14,18042.4,18042.4,18019.6,18019.6,14:00:00,18030.23337702386,2,58
2022-09-14,18057.0,18059.3,18041.45,18041.5,14:05:00,18032.78257921206,2,59
2022-09-14,18072.85,18073.8,18056.5,18056.95,14:10:00,18036.598524049008,2,60
2022-09-14,18068.35,18072.15,18058.9,18072.15,14:15:00,18039.62247413957,2,61
2022-09-14,18086.2,18088.5,18069.2,18070.2,14:20:00,18044.05842898343,2,62
2022-09-14,18084.75,18091.55,18078.35,18086.65,14:25:00,18047.933816699293,2,63
2022-09-14,18074.3,18087.55,18071.85,18085.6,14:30:00,18050.44488177555,2,64
2022-09-14,18084.2,18084.2,18067.7,18074.1,14:35:00,18053.659654939784,2,65
2022-09-14,18077.0,18084.7,18073.1,18084.7,14:40:00,18055.88254494552,2,66
2022-09-14,18064.7,18082.05,18061.0,18077.8,14:45:00,18056.72230256976,2,67
2022-09-14,18068.0,18072.45,18060.25,18065.25,14:50:00,18057.79636899168,2,68
2022-09-14,18065.3,18074.45,18062.6,18068.4,14:55:00,18058.51100051628,2,69
2022-09-14,18026.45,18075.35,18020.0,18066.15,15:00:00,18055.457571895684,2,70
2022-09-14,18017.35,18031.5,18017.35,18026.1,15:05:00,18051.82827933419,2,71
2022-09-14,17980.45,18020.05,17980.45,18018.25,15:10:00,18045.03034796903,2,72
2022-09-14,17994.35,17996.5,17978.3,17980.2,15:15:00,18040.203648162456,2,73
2022-09-14,17978.9,17994.6,17971.1,17994.6,15:20:00,18034.36520548032,2,74
2022-09-14,18000.65,18003.3,17977.2,17978.25,15:25:00,18031.15423352981,2,75
2022-09-15,18083.75,18092.35,18042.9,18054.75,09:15:00,18036.163354146018,3,1
2022-09-15,18081.0,18096.15,18063.9,18083.45,09:20:00,18040.43351089401,3,2
2022-09-15,18074.65,18087.85,18072.9,18082.75,09:25:00,18043.692224142203,3,3
2022-09-15,18056.4,18078.75,18056.4,18074.9,09:30:00,18044.90248850961,3,4
2022-09-15,18018.6,18069.75,18017.15,18057.35,09:35:00,18042.397489603933,3,5
2022-09-15,18031.9,18041.7,18014.25,18016.95,09:40:00,18041.39772868928,3,6
2022-09-15,18040.7,18049.05,18031.0,18031.65,09:45:00,18041.331278337915,3,7
2022-09-15,18006.65,18042.05,18005.35,18042.05,09:50:00,18038.02829944859,3,8
2022-09-15,17976.7,18006.95,17971.8,18006.95,09:55:00,18032.18750902492,3,9
2022-09-15,17970.35,17984.0,17954.05,17975.8,10:00:00,18026.298222451114,3,10
2022-09-15,17962.55,17982.55,17956.5,17971.6,10:05:00,18020.22696317005,3,11
2022-09-15,17971.55,17975.1,17941.8,17963.0,10:10:00,18015.59106191576,3,12
2022-09-15,17982.5,17996.5,17966.1,17972.3,10:15:00,18012.439532209497,3,13
2022-09-15,17987.7,17997.0,17981.7,17982.7,10:20:00,18010.083386284783,3,14
2022-09-15,17972.85,17990.8,17957.1,17988.15,10:25:00,18006.537349495757,3,15
2022-09-15,17943.25,17974.1,17942.65,17973.0,10:30:00,18000.509982877113,3,16
2022-09-15,17933.4,17947.75,17931.55,17943.05,10:35:00,17994.118555936435,3,17
2022-09-15,17915.35,17940.1,17914.5,17933.35,10:40:00,17986.616788704392,3,18
2022-09-15,17899.0,17924.85,17896.15,17914.95,10:45:00,17978.27233263731,3,19
2022-09-15,17903.8,17905.85,17884.5,17898.5,10:50:00,17971.179729528994,3,20
2022-09-15,17914.8,17928.15,17901.75,17904.4,10:55:00,17965.810231478616,3,21
2022-09-15,17909.85,17924.3,17907.55,17914.55,11:00:00,17960.480685623508,3,22
2022-09-15,17886.55,17910.0,17884.9,17909.8,11:05:00,17953.439667945077,3,23
2022-09-15,17887.5,17889.15,17875.3,17885.8,11:10:00,17947.159699569354,3,24
2022-09-15,17898.55,17898.55,17865.1,17887.4,11:15:00,17942.530204372273,3,25
2022-09-15,17918.05,17919.1,17890.8,17897.65,11:20:00,17940.198756336817,3,26
2022-09-15,17920.35,17922.35,17907.25,17919.75,11:25:00,17938.308398590452,3,27
2022-09-15,17917.3,17921.25,17902.85,17921.25,11:30:00,17936.307598724696,3,28
2022-09-15,17937.55,17940.1,17912.85,17917.4,11:35:00,17936.425922655675,3,29
2022-09-15,17920.1,17940.75,17916.05,17938.1,11:40:00,17934.871072878945,3,30
2022-09-15,17922.7,17927.5,17914.1,17920.35,11:45:00,17933.71192308095,3,31
2022-09-15,17899.15,17925.3,17898.15,17922.9,11:50:00,17930.420311358957,3,32
2022-09-15,17897.75,17904.4,17894.4,17900.25,11:55:00,17927.308853134295,3,33
2022-09-15,17894.05,17905.75,17891.7,17898.35,12:00:00,17924.14134331198,3,34
2022-09-15,17883.3,17898.6,17883.0,17893.7,12:05:00,17920.251691567984,3,35
2022-09-15,17895.4,17898.65,17877.25,17882.8,12:10:00,17917.884863799605,3,36
2022-09-15,17885.05,17897.7,17884.4,17895.95,12:15:00,17914.757733913928,3,37
2022-09-15,17892.0,17893.2,17880.15,17884.65,12:20:00,17912.59033068403,3,38
2022-09-15,17902.4,17904.8,17890.5,17891.45,12:25:00,17911.619822999837,3,39
2022-09-15,17906.0,17908.0,17898.15,17902.05,12:30:00,17911.08460176176,3,40
2022-09-15,17910.5,17914.25,17905.6,17906.1,12:35:00,17911.028925403494,3,41
2022-09-15,17900.65,17911.95,17898.85,17910.4,12:40:00,17910.04045631745,3,42
2022-09-15,17904.8,17909.9,17899.8,17899.95,12:45:00,17909.541365239595,3,43
2022-09-15,17911.4,17912.2,17901.65,17903.85,12:50:00,17909.718378073918,3,44
2022-09-15,17914.4,17920.75,17909.85,17910.6,12:55:00,17910.164246828783,3,45
2022-09-15,17916.4,17924.4,17914.1,17914.1,13:00:00,17910.758128083184,3,46
2022-09-15,17938.2,17938.3,17915.65,17916.1,13:05:00,17913.37163969431,3,47
2022-09-15,17923.25,17941.15,17923.25,17938.9,13:10:00,17914.312435913896,3,48
2022-09-15,17930.65,17933.5,17918.35,17923.65,13:15:00,17915.868394398287,3,49
2022-09-15,17923.7,17933.1,17923.7,17930.5,13:20:00,17916.61426159845,3,50
2022-09-15,17910.6,17925.15,17899.8,17924.6,13:25:00,17916.04147477955,3,51
2022-09-15,17900.65,17919.65,17897.25,17911.0,13:30:00,17914.575620038642,3,52
2022-09-15,17884.9,17901.4,17880.8,17901.05,13:35:00,17911.749370511152,3,53
2022-09-15,17878.45,17886.05,17874.8,17885.6,13:40:00,17908.57800189104,3,54
2022-09-15,17879.8,17880.75,17862.75,17879.2,13:45:00,17905.83723980618,3,55
2022-09-15,17905.0,17905.25,17876.95,17879.6,13:50:00,17905.757502681783,3,56
2022-09-15,17906.3,17906.3,17894.95,17904.35,13:55:00,17905.80916909304,3,57
2022-09-15,17897.25,17906.5,17891.55,17906.15,14:00:00,17904.9940101318,3,58
2022-09-15,17892.9,17899.65,17884.55,17897.7,14:05:00,17903.842199643055,3,59
2022-09-15,17910.65,17915.7,17893.85,17894.1,14:10:00,17904.490561581813,3,60
2022-09-15,17913.35,17916.05,17897.85,17910.6,14:15:00,17905.33431762164,3,61
2022-09-15,17934.05,17936.4,17911.95,17913.0,14:20:00,17908.06914451482,3,62
2022-09-15,17930.75,17933.65,17922.2,17933.65,14:25:00,17910.2292259896,3,63
2022-09-15,17937.6,17937.6,17927.25,17930.4,14:30:00,17912.835966371542,3,64
2022-09-15,17953.85,17955.15,17933.15,17937.75,14:35:00,17916.742064812348,3,65
2022-09-15,17946.25,17962.4,17944.05,17954.1,14:40:00,17919.55234435403,3,66
2022-09-15,17924.85,17946.0,17913.25,17944.95,14:45:00,17920.056882986977,3,67
2022-09-15,17923.4,17934.9,17918.05,17925.2,14:50:00,17920.375275083454,3,68
2022-09-15,17912.6,17926.25,17912.6,17924.85,14:55:00,17919.634772694553,3,69
2022-09-15,17910.5,17921.35,17902.2,17912.8,15:00:00,17918.764794342693,3,70
2022-09-15,17888.0,17910.85,17873.55,17910.6,15:05:00,17915.8348139291,3,71
2022-09-15,17877.6,17891.3,17874.85,17889.3,15:10:00,17912.19340307871,3,72
2022-09-15,17865.5,17876.9,17865.2,17876.9,15:15:00,17907.74641230931,3,73
2022-09-15,17868.2,17870.45,17861.5,17865.8,15:20:00,17903.98008732747,3,74
2022-09-15,17872.3,17873.05,17863.2,17869.7,15:25:00,17900.962936153424,3,75
2022-09-16,17790.65,17820.05,17716.1,17818.6,09:15:00,17890.45694223405,4,1
2022-09-16,17767.6,17798.4,17759.5,17791.05,09:20:00,17878.7562810689,4,2
2022-09-16,17783.1,17795.2,17759.15,17768.0,09:25:00,17869.64615906234,4,3
2022-09-16,17791.6,17794.1,17766.85,17785.05,09:30:00,17862.213191532595,4,4
2022-09-16,17775.0,17794.45,17770.6,17791.3,09:35:00,17853.907173291394,4,5
2022-09-16,17745.85,17775.9,17743.85,17775.9,09:40:00,17843.61601393031,4,6
2022-09-16,17721.85,17755.05,17719.75,17746.0,09:45:00,17832.019250698853,4,7
2022-09-16,17685.15,17722.6,17683.05,17721.65,09:50:00,17818.03170301325,4,8
2022-09-16,17662.15,17689.9,17656.35,17686.75,09:55:00,17803.1858265358,4,9
2022-09-16,17672.8,17679.7,17644.5,17661.1,10:00:00,17790.768128770484,4,10
2022-09-16,17681.9,17694.5,17661.75,17672.35,10:05:00,17780.399735554245,4,11
2022-09-16,17666.35,17687.85,17666.2,17682.2,10:10:00,17769.53785597765,4,12
2022-09-16,17662.3,17666.8,17642.8,17666.8,10:15:00,17759.324726836923,4,13
2022-09-16,17683.45,17683.45,17656.0,17664.2,10:20:00,17752.098562376264,4,14
2022-09-16,17715.45,17715.45,17682.75,17683.6,10:25:00,17748.608223102336,4,15
2022-09-16,17725.2,17727.9,17707.55,17716.1,10:30:00,17746.37886852116,4,16
2022-09-16,17713.15,17725.95,17703.2,17725.75,10:35:00,17743.214214376287,4,17
2022-09-16,17697.75,17721.95,17697.0,17713.7,10:40:00,17738.884289197595,4,18
2022-09-16,17694.25,17699.55,17686.45,17698.55,10:45:00,17734.63340451211,4,19
2022-09-16,17702.85,17706.4,17688.75,17692.9,10:50:00,17731.606413606194,4,20
2022-09-16,17712.05,17714.15,17699.45,17702.95,10:55:00,17729.74389802465,4,21
2022-09-16,17704.0,17713.3,17703.2,17712.85,11:00:00,17727.29209821278,4,22
2022-09-16,17689.0,17704.2,17686.2,17704.2,11:05:00,17723.645231716324,4,23
2022-09-16,17699.85,17702.55,17682.5,17689.45,11:10:00,17721.379019171913,4,24
2022-09-16,17690.3,17700.3,17682.8,17700.1,11:15:00,17718.419112584113,4,25
2022-09-16,17686.25,17700.4,17685.9,17690.65,11:20:00,17715.355387576103,4,26
2022-09-16,17670.3,17687.85,17668.65,17686.2,11:25:00,17711.06439828314,4,27
2022-09-16,17689.6,17692.3,17666.55,17670.2,11:30:00,17709.02016987522,4,28
2022-09-16,17689.2,17695.75,17683.75,17689.55,11:35:00,17707.13253464901,4,29
2022-09-16,17682.65,17692.45,17674.9,17689.5,11:40:00,17704.800864682435,4,30
2022-09-16,17690.25,17690.95,17680.0,17682.3,11:45:00,17703.41506804601,4,31
2022-09-16,17695.7,17697.75,17689.15,17690.35,11:50:00,17702.68029966068,4,32
2022-09-16,17679.2,17697.1,17678.4,17695.85,11:55:00,17700.444080645375,4,33
2022-09-16,17660.75,17680.35,17659.55,17679.45,12:00:00,17696.66369201248,4,34
2022-09-16,17659.4,17665.2,17657.55,17662.0,12:05:00,17693.11476896367,4,35
2022-09-16,17657.8,17663.25,17652.05,17659.55,12:10:00,17689.751457633796,4,36
2022-09-16,17669.65,17671.65,17652.75,17658.25,12:15:00,17687.837033097243,4,37
2022-09-16,17674.25,17676.35,17665.25,17669.8,12:20:00,17686.543029945125,4,38
2022-09-16,17663.85,17674.5,17660.05,17674.15,12:25:00,17684.38178899797,4,39
2022-09-16,17678.9,17684.75,17661.05,17663.9,12:30:00,17683.859713855305,4,40
2022-09-16,17667.15,17679.75,17663.9,17678.65,12:35:00,17682.26831253575,4,41
2022-09-16,17665.2,17668.55,17661.85,17667.1,12:40:00,17680.64275896092,4,42
2022-09-16,17664.0,17675.8,17661.15,17665.65,12:45:00,17679.057734297974,4,43
2022-09-16,17647.5,17664.5,17646.5,17664.5,12:50:00,17676.052235793406,4,44
2022-09-16,17655.3,17656.9,17638.5,17647.35,12:55:00,17674.07583238451,4,45
2022-09-16,17648.55,17656.65,17643.35,17655.4,13:00:00,17671.64480072884,4,46
2022-09-16,17624.45,17649.45,17623.8,17648.3,13:05:00,17667.150057802286,4,47
2022-09-16,17600.4,17625.65,17599.9,17623.4,13:10:00,17660.792909440162,4,48
2022-09-16,17591.9,17609.95,17584.45,17600.65,13:15:00,17654.23167996967,4,49
2022-09-16,17595.5,17601.05,17574.8,17592.4,13:20:00,17648.638186639226,4,50
2022-09-16,17609.7,17611.8,17588.1,17596.25,13:25:00,17644.92978791168,4,51
2022-09-16,17575.2,17610.8,17571.8,17610.1,13:30:00,17638.288855729614,4,52
2022-09-16,17593.55,17594.4,17574.95,17575.0,13:35:00,17634.028012326795,4,53
2022-09-16,17571.75,17594.25,17569.1,17593.05,13:40:00,17628.096773057576,4,54
2022-09-16,17581.25,17586.0,17568.8,17571.9,13:45:00,17623.63517562352,4,55
2022-09-16,17554.25,17587.0,17551.45,17582.8,13:50:00,17617.027063659374,4,56
2022-09-16,17560.95,17565.45,17545.1,17555.65,13:55:00,17611.68639092991,4,57
2022-09-16,17547.25,17563.0,17547.25,17560.9,14:00:00,17605.54959179373,4,58
2022-09-16,17549.4,17553.45,17539.0,17547.1,14:05:00,17600.202011622896,4,59
2022-09-16,17531.2,17555.85,17522.2,17549.45,14:10:00,17593.630391468334,4,60
2022-09-16,17535.05,17551.55,17524.75,17530.55,14:15:00,17588.051306566587,4,61
2022-09-16,17511.2,17537.8,17505.15,17534.65,14:20:00,17580.732134512626,4,62
2022-09-16,17560.5,17561.0,17508.55,17511.85,14:25:00,17578.805264559043,4,63
2022-09-16,17585.65,17586.55,17560.55,17561.1,14:30:00,17579.457144124848,4,64
2022-09-16,17583.45,17592.25,17578.7,17584.65,14:35:00,17579.837416112958,4,65
2022-09-16,17598.45,17609.2,17580.15,17583.85,14:40:00,17581.61004314982,4,66
2022-09-16,17574.5,17603.25,17566.4,17599.5,14:45:00,17580.93289618317,4,67
2022-09-16,17591.95,17595.55,17567.2,17574.1,14:50:00,17581.982144165726,4,68
2022-09-16,17595.05,17596.6,17580.75,17591.75,14:55:00,17583.226701864227,4,69
2022-09-16,17525.65,17618.9,17522.8,17593.6,15:00:00,17577.743206448587,4,70
2022-09-16,17537.45,17537.85,17497.25,17525.1,15:05:00,17573.905758215387,4,71
2022-09-16,17542.35,17543.1,17521.75,17537.6,15:10:00,17570.90044790916,4,72
2022-09-16,17527.95,17550.45,17514.7,17542.85,15:15:00,17566.80992906067,4,73
2022-09-16,17524.7,17528.65,17512.35,17527.5,15:20:00,17562.79945962632,4,74
2022-09-16,17550.1,17552.05,17515.05,17524.25,15:25:00,17561.589987280957,4,75
2022-09-19,17523.4,17564.4,17474.3,17548.75,09:15:00,17557.95284563515,0,1
2022-09-19,17452.7,17525.05,17450.4,17522.15,09:20:00,17547.92876509847,0,2
2022-09-19,17465.5,17477.75,17429.7,17452.9,09:25:00,17540.078406517663,0,3
2022-09-19,17574.85,17575.75,17465.25,17465.25,09:30:00,17543.389986849314,0,4
2022-09-19,17546.3,17583.45,17543.0,17574.8,09:35:00,17543.667130958904,0,5
2022-09-19,17544.7,17548.25,17527.45,17545.6,09:40:00,17543.765499439007,0,6
2022-09-19,17581.55,17594.0,17545.1,17545.9,09:45:00,17547.364023301958,0,7
2022-09-19,17622.3,17622.65,17581.9,17581.9,09:50:00,17554.500782987485,0,8
2022-09-19,17610.85,17627.95,17607.7,17623.45,09:55:00,17559.867375083915,0,9
2022-09-19,17638.2,17642.65,17610.95,17610.95,10:00:00,17567.327625075923,0,10
2022-09-19,17647.15,17652.45,17634.8,17638.7,10:05:00,17574.929756021073,0,11
2022-09-19,17625.4,17651.05,17623.55,17646.6,10:10:00,17579.736445923827,0,12
2022-09-19,17631.55,17636.0,17614.4,17625.3,10:15:00,17584.671070121556,0,13
2022-09-19,17649.95,17660.05,17631.85,17631.85,10:20:00,17590.88811106236,0,14
2022-09-19,17644.75,17651.35,17631.55,17650.25,10:25:00,17596.017814770705,0,15
2022-09-19,17643.8,17650.55,17634.9,17644.7,10:30:00,17600.568499078257,0,16
2022-09-19,17656.05,17656.05,17633.55,17643.6,10:35:00,17605.852451546994,0,17
2022-09-19,17649.7,17666.6,17647.3,17655.45,10:40:00,17610.02840854252,0,18
2022-09-19,17636.3,17655.7,17634.35,17649.9,10:45:00,17612.530464871805,0,19
2022-09-19,17646.3,17651.1,17635.45,17635.6,10:50:00,17615.74661107449,0,20
2022-09-19,17649.4,17650.1,17629.95,17646.15,10:55:00,17618.951695734064,0,21
2022-09-19,17657.25,17657.95,17646.0,17650.0,11:00:00,17622.5991532832,0,22
2022-09-19,17629.05,17667.2,17629.05,17657.4,11:05:00,17623.213519637182,0,23
2022-09-19,17650.4,17654.6,17627.35,17628.35,11:10:00,17625.802708243165,0,24
2022-09-19,17649.7,17657.35,17646.65,17649.9,11:15:00,17628.078640791435,0,25
2022-09-19,17655.45,17662.2,17648.3,17649.75,11:20:00,17630.685436906537,0,26
2022-09-19,17640.0,17661.8,17640.0,17655.65,11:25:00,17631.572538153534,0,27
2022-09-19,17615.15,17648.1,17614.0,17640.05,11:30:00,17630.008486900817,0,28
2022-09-19,17610.4,17618.65,17600.0,17615.5,11:35:00,17628.141011957883,0,29
2022-09-19,17590.15,17609.7,17589.35,17609.7,11:40:00,17624.52282034285,0,30
2022-09-19,17614.75,17617.9,17591.1,17591.1,11:45:00,17623.59207554829,0,31
2022-09-19,17580.0,17616.45,17580.0,17614.65,11:50:00,17619.4404493056,0,32
2022-09-19,17613.75,17615.25,17579.35,17580.45,11:55:00,17618.898501752687,0,33
2022-09-19,17634.6,17635.7,17612.35,17613.15,12:00:00,17620.393882538145,0,34
2022-09-19,17637.05,17649.5,17632.2,17633.9,12:05:00,17621.980179439273,0,35
2022-09-19,17633.45,17644.35,17633.05,17637.15,12:10:00,17623.0725433022,0,36
2022-09-19,17647.05,17647.35,17631.95,17632.45,12:15:00,17625.356110606754,0,37
2022-09-19,17640.95,17654.8,17640.6,17646.8,12:20:00,17626.84124292992,0,38
2022-09-19,17644.25,17647.6,17637.3,17641.55,12:25:00,17628.49921979374,0,39
2022-09-19,17624.65,17645.5,17624.45,17644.35,12:30:00,17628.13262743243,0,40
2022-09-19,17625.2,17627.5,17611.45,17623.65,12:35:00,17627.85332958172,0,41
2022-09-19,17631.2,17631.2,17618.6,17625.5,12:40:00,17628.17206009775,0,42
2022-09-19,17641.55,17645.55,17622.25,17632.4,12:45:00,17629.44614961225,0,43
2022-09-19,17615.25,17643.1,17614.15,17641.8,12:50:00,17628.094135363466,0,44
2022-09-19,17619.2,17624.05,17608.0,17615.95,12:55:00,17627.24707485266,0,45
2022-09-19,17623.0,17626.85,17606.6,17620.5,13:00:00,17626.84259153336,0,46
2022-09-19,17624.25,17637.4,17614.5,17624.0,13:05:00,17626.595678053993,0,47
2022-09-19,17617.15,17624.95,17616.1,17624.85,13:10:00,17625.696089667897,0,48
2022-09-19,17620.7,17631.5,17617.6,17618.65,13:15:00,17625.22027160429,0,49
2022-09-19,17604.8,17624.1,17600.05,17622.2,13:20:00,17623.27548383245,0,50
2022-09-19,17593.25,17607.25,17587.5,17603.8,13:25:00,17620.415913943645,0,51
2022-09-19,17600.8,17603.0,17585.55,17593.85,13:30:00,17618.547731663297,0,52
2022-09-19,17620.05,17625.45,17601.55,17602.1,13:35:00,17618.69080483822,0,53
2022-09-19,17627.6,17630.2,17617.2,17620.55,13:40:00,17619.539299615535,0,54
2022-09-19,17649.55,17650.35,17625.7,17627.3,13:45:00,17622.397461556913,0,55
2022-09-19,17647.9,17656.2,17642.85,17650.35,13:50:00,17624.82627474197,0,56
2022-09-19,17655.95,17662.7,17648.05,17648.45,13:55:00,17627.790439052256,0,57
2022-09-19,17641.65,17664.25,17640.95,17656.15,14:00:00,17629.110397237757,0,58
2022-09-19,17634.25,17645.55,17634.25,17641.6,14:05:00,17629.599883215113,0,59
2022-09-19,17654.75,17657.85,17630.6,17633.8,14:10:00,17631.995132432723,0,60
2022-09-19,17658.15,17663.45,17649.95,17654.1,14:15:00,17634.486072201034,0,61
2022-09-19,17629.5,17660.1,17625.05,17657.95,14:20:00,17634.011208181888,0,62
2022-09-19,17614.5,17631.55,17611.3,17629.35,14:25:00,17632.15299787885,0,63
2022-09-19,17641.1,17641.4,17610.25,17615.55,14:30:00,17633.00509331896,0,64
2022-09-19,17620.6,17643.4,17620.6,17641.55,14:35:00,17631.82365586001,0,65
2022-09-19,17637.75,17638.8,17623.05,17623.05,14:40:00,17632.38806958763,0,66
2022-09-19,17626.95,17641.0,17626.45,17638.0,14:45:00,17631.870158198333,0,67
2022-09-19,17617.95,17635.4,17616.2,17627.85,14:50:00,17630.54442884611,0,68
2022-09-19,17627.75,17635.95,17617.9,17618.2,14:55:00,17630.278292765528,0,69
2022-09-19,17600.55,17629.6,17587.45,17628.5,15:00:00,17627.447026787857,0,70
2022-09-19,17616.35,17622.75,17600.2,17601.85,15:05:00,17626.390167093774,0,71
2022-09-19,17620.8,17634.75,17617.15,17617.15,15:10:00,17625.8577702277,0,72
2022-09-19,17620.1,17626.85,17617.5,17620.6,15:15:00,17625.309411158396,0,73
2022-09-19,17632.65,17635.5,17619.0,17620.75,15:20:00,17626.008514857596,0,74
2022-09-19,17631.85,17641.75,17630.7,17632.45,15:25:00,17626.56484677592,0,75
2022-09-20,17805.4,17808.7,17744.4,17770.7,09:15:00,17643.596766130595,1,1
2022-09-20,17824.9,17831.75,17798.75,17805.65,09:20:00,17660.863740784822,1,2
2022-09-20,17811.35,17825.5,17807.2,17824.05,09:25:00,17675.19576547198,1,3
2022-09-20,17824.6,17829.7,17810.5,17811.5,09:30:00,17689.424740188933,1,4
2022-09-20,17821.5,17833.35,17819.95,17824.9,09:35:00,17702.003336361417,1,5
2022-09-20,17822.6,17827.3,17813.35,17822.4,09:40:00,17713.488732898426,1,6
2022-09-20,17847.45,17850.4,17821.85,17822.25,09:45:00,17726.246948812863,1,7
2022-09-20,17846.25,17856.1,17844.8,17847.6,09:50:00,17737.675810830686,1,8
2022-09-20,17834.6,17854.95,17834.05,17845.0,09:55:00,17746.90668598967,1,9
2022-09-20,17841.55,17844.5,17833.4,17833.55,10:00:00,17755.920334943035,1,10
2022-09-20,17855.65,17855.65,17841.5,17842.15,10:05:00,17765.418398281796,1,11
2022-09-20,17855.3,17861.8,17852.7,17855.7,10:10:00,17773.97855082639,1,12
2022-09-20,17862.35,17865.95,17852.1,17854.95,10:15:00,17782.394879319112,1,13
2022-09-20,17864.7,17869.5,17860.65,17862.55,10:20:00,17790.233462241104,1,14
2022-09-20,17858.25,17865.3,17852.95,17864.8,10:25:00,17796.71122774195,1,15
2022-09-20,17864.55,17865.35,17853.95,17857.55,10:30:00,17803.1720631951,1,16
2022-09-20,17869.9,17875.4,17863.55,17864.05,10:35:00,17809.52710479557,1,17
2022-09-20,17851.25,17870.55,17850.3,17869.85,10:40:00,17813.500713862657,1,18
2022-09-20,17852.8,17857.7,17846.1,17850.6,10:45:00,17817.243503018595,1,19
2022-09-20,17861.8,17863.4,17852.6,17853.15,10:50:00,17821.486978921585,1,20
2022-09-20,17869.4,17871.3,17861.45,17862.0,10:55:00,17826.050123786194,1,21
2022-09-20,17862.1,17871.8,17861.9,17868.35,11:00:00,17829.483445330367,1,22
2022-09-20,17871.85,17872.85,17858.3,17862.2,11:05:00,17833.518355298904,1,23
2022-09-20,17871.75,17879.65,17864.45,17872.9,11:10:00,17837.159464318054,1,24
2022-09-20,17867.45,17877.95,17866.0,17871.3,11:15:00,17840.044277240144,1,25
2022-09-20,17852.25,17869.25,17852.05,17867.4,11:20:00,17841.206727026798,1,26
2022-09-20,17857.05,17858.1,17844.15,17852.0,11:25:00,17842.715610167103,1,27
2022-09-20,17852.6,17858.7,17847.65,17856.9,11:30:00,17843.656980627376,1,28
2022-09-20,17859.1,17861.9,17851.35,17852.05,11:35:00,17845.12774437715,1,29
2022-09-20,17868.4,17869.9,17858.8,17858.8,11:40:00,17847.344149674565,1,30
2022-09-20,17867.95,17873.0,17861.7,17868.65,11:45:00,17849.306611610322,1,31
2022-09-20,17861.25,17868.5,17851.1,17868.5,11:50:00,17850.444077171243,1,32
2022-09-20,17862.5,17864.7,17858.1,17860.9,11:55:00,17851.59226029779,1,33
2022-09-20,17877.55,17878.8,17861.7,17862.65,12:00:00,17854.064425983717,1,34
2022-09-20,17881.25,17884.8,17871.55,17877.15,12:05:00,17856.65352827098,1,35
2022-09-20,17882.8,17890.55,17877.4,17880.7,12:10:00,17859.14366843565,1,36
2022-09-20,17877.35,17887.1,17876.0,17882.15,12:15:00,17860.87760477511,1,37
2022-09-20,17889.2,17892.05,17874.05,17876.8,12:20:00,17863.574975748907,1,38
2022-09-20,17894.7,17894.85,17883.25,17888.75,12:25:00,17866.539263772822,1,39
2022-09-20,17909.4,17909.65,17892.2,17893.8,12:30:00,17870.6212386516,1,40
2022-09-20,17904.95,17919.3,17902.45,17908.25,12:35:00,17873.890644494306,1,41
2022-09-20,17910.5,17910.6,17897.45,17904.0,12:40:00,17877.377249780562,1,42
2022-09-20,17912.8,17915.8,17908.6,17910.1,12:45:00,17880.750845039554,1,43
2022-09-20,17917.9,17918.2,17907.9,17911.8,12:50:00,17884.288859797693,1,44
2022-09-20,17902.7,17918.0,17899.25,17917.3,12:55:00,17886.04230172172,1,45
2022-09-20,17899.0,17906.95,17896.7,17902.1,13:00:00,17887.276368224415,1,46
2022-09-20,17905.0,17905.0,17894.65,17898.95,13:05:00,17888.96433315542,1,47
2022-09-20,17913.25,17913.25,17901.95,17904.15,13:10:00,17891.277253807286,1,48
2022-09-20,17913.15,17913.85,17892.15,17912.85,13:15:00,17893.36037249231,1,49
2022-09-20,17908.55,17916.75,17905.85,17912.7,13:20:00,17894.807003683516,1,50
2022-09-20,17895.6,17910.8,17886.8,17908.0,13:25:00,17894.88252714223,1,51
2022-09-20,17893.65,17896.7,17884.45,17894.7,13:30:00,17894.765143604873,1,52
2022-09-20,17872.55,17893.7,17867.85,17892.8,13:35:00,17892.649415642503,1,53
2022-09-20,17868.9,17872.5,17859.25,17872.0,13:40:00,17890.387566533693,1,54
2022-09-20,17867.9,17870.05,17853.6,17867.8,13:45:00,17888.245893530482,1,55
2022-09-20,17881.3,17881.65,17857.85,17866.7,13:50:00,17887.584379860913,1,56
2022-09-20,17892.85,17895.35,17877.7,17880.95,13:55:00,17888.085867493206,1,57
2022-09-20,17894.6,17899.65,17889.35,17894.5,14:00:00,17888.70626106528,1,58
2022-09-20,17896.1,17903.1,17889.45,17895.4,14:05:00,17889.41042667811,1,59
2022-09-20,17883.95,17897.0,17879.85,17896.85,14:10:00,17888.890386042098,1,60
2022-09-20,17877.25,17884.95,17871.2,17884.95,14:15:00,17887.781777847613,1,61
2022-09-20,17881.1,17887.05,17876.55,17878.55,14:20:00,17887.1454180526,1,62
2022-09-20,17879.95,17887.1,17872.2,17882.5,14:25:00,17886.46014014283,1,63
2022-09-20,17866.35,17887.1,17864.65,17879.75,14:30:00,17884.544888700657,1,64
2022-09-20,17861.8,17870.2,17857.7,17866.65,14:35:00,17882.378708824403,1,65
2022-09-20,17869.3,17878.3,17861.5,17862.45,14:40:00,17881.133117507794,1,66
2022-09-20,17860.65,17873.2,17858.8,17870.15,14:45:00,17879.182344411813,1,67
2022-09-20,17843.5,17861.25,17838.9,17861.25,14:50:00,17875.784025896402,1,68
2022-09-20,17864.05,17868.95,17839.4,17843.35,14:55:00,17874.666499620555,1,69
2022-09-20,17848.4,17868.85,17845.1,17866.9,15:00:00,17872.16492822812,1,70
2022-09-20,17824.55,17848.35,17815.95,17848.35,15:05:00,17867.630173158777,1,71
2022-09-20,17804.55,17824.75,17802.85,17824.75,15:10:00,17861.622537619845,1,72
2022-09-20,17808.7,17814.8,17801.45,17804.0,15:15:00,17856.582295941764,1,73
2022-09-20,17804.6,17809.9,17801.55,17808.3,15:20:00,17851.63160109017,1,74
2022-09-20,17791.25,17805.3,17780.5,17802.2,15:25:00,17845.880972414914,1,75
2022-09-21,17790.65,17838.55,17761.2,17769.45,09:15:00,17835.86174839407,2,1
2022-09-21,17809.75,17822.15,17790.9,17792.35,09:20:00,17833.37491521368,2,2
2022-09-21,17833.2,17837.1,17803.8,17810.3,09:25:00,17833.3582566219,2,3
2022-09-21,17827.5,17838.7,17814.0,17833.55,09:30:00,17832.800327419816,2,4
2022-09-21,17804.45,17828.3,17797.55,17827.4,09:35:00,17830.10029623698,2,5
2022-09-21,17786.55,17807.3,17783.5,17804.35,09:40:00,17825.952648976312,2,6
2022-09-21,17771.05,17787.95,17760.0,17787.45,09:45:00,17820.723825264282,2,7
2022-09-21,17769.8,17788.55,17755.85,17770.5,09:50:00,17815.873937143875,2,8
2022-09-21,17770.05,17783.2,17763.4,17768.4,09:55:00,17811.509752653983,2,9
2022-09-21,17747.85,17770.35,17741.85,17770.25,10:00:00,17805.446919067886,2,10
2022-09-21,17772.4,17772.4,17738.65,17747.05,10:05:00,17802.299593442374,2,11
2022-09-21,17794.15,17795.1,17772.15,17772.65,10:10:00,17801.523441685957,2,12
2022-09-21,17786.5,17805.25,17782.55,17793.95,10:15:00,17800.092637715865,2,13
2022-09-21,17800.95,17802.2,17781.2,17786.55,10:20:00,17800.174291266736,2,14
2022-09-21,17801.8,17806.8,17795.4,17801.05,10:25:00,17800.329120669903,2,15
2022-09-21,17810.45,17812.6,17803.25,17803.25,10:30:00,17801.293013939434,2,16
2022-09-21,17804.1,17820.3,17804.1,17810.7,10:35:00,17801.5603459452,2,17
2022-09-21,17796.3,17806.9,17791.65,17801.05,10:40:00,17801.059360617088,2,18
2022-09-21,17806.8,17808.65,17794.05,17795.75,10:45:00,17801.606088177366,2,19
2022-09-21,17812.75,17816.95,17805.0,17807.05,10:50:00,17802.667413112857,2,20
2022-09-21,17810.8,17814.35,17801.8,17813.05,10:55:00,17803.441945197344,2,21
2022-09-21,17810.25,17811.7,17800.2,17811.0,11:00:00,17804.090331369025,2,22
2022-09-21,17807.9,17811.55,17803.4,17809.85,11:05:00,17804.453156952928,2,23
2022-09-21,17805.0,17808.9,17796.75,17808.05,11:10:00,17804.505237243124,2,24
2022-09-21,17812.05,17813.75,17798.45,17804.85,11:15:00,17805.223786077113,2,25
2022-09-21,17799.15,17812.4,17798.7,17812.0,11:20:00,17804.645330260246,2,26
2022-09-21,17774.2,17801.4,17773.3,17799.4,11:25:00,17801.745774997366,2,27
2022-09-21,17766.0,17774.5,17759.45,17774.3,11:30:00,17798.341415473806,2,28
2022-09-21,17768.6,17775.0,17765.6,17766.45,11:35:00,17795.508899714394,2,29
2022-09-21,17749.15,17772.65,17744.55,17768.7,11:40:00,17791.093766408263,2,30
2022-09-21,17749.25,17756.05,17739.6,17748.15,11:45:00,17787.108645797955,2,31
2022-09-21,17713.55,17756.2,17712.45,17749.1,11:50:00,17780.103060483863,2,32
2022-09-21,17698.4,17717.7,17698.1,17714.05,11:55:00,17772.321816628257,2,33
2022-09-21,17691.1,17699.05,17681.4,17699.05,12:00:00,17764.586405520804,2,34
2022-09-21,17670.55,17697.75,17670.55,17690.85,12:05:00,17755.630557375967,2,35
2022-09-21,17690.5,17693.95,17667.2,17670.55,12:10:00,17749.427647149685,2,36
2022-09-21,17702.15,17705.2,17684.4,17691.05,12:15:00,17744.92501408781,2,37
2022-09-21,17680.0,17701.1,17679.2,17700.9,12:20:00,17738.741679412782,2,38
2022-09-21,17682.7,17683.15,17663.6,17680.2,12:25:00,17733.404376611565,2,39
2022-09-21,17674.25,17690.7,17673.1,17683.3,12:30:00,17727.770626458085,2,40
2022-09-21,17690.4,17690.4,17665.65,17674.5,12:35:00,17724.211519176362,2,41
2022-09-21,17717.55,17719.45,17681.7,17689.95,12:40:00,17723.577088778613,2,42
2022-09-21,17734.5,17739.25,17714.7,17717.5,12:45:00,17724.617366037794,2,43
2022-09-21,17725.2,17733.9,17721.1,17733.9,12:50:00,17724.672854986573,2,44
2022-09-21,17737.8,17747.05,17724.3,17724.3,12:55:00,17725.923059273566,2,45
2022-09-21,17722.25,17743.55,17721.3,17738.5,13:00:00,17725.573244104653,2,46
2022-09-21,17713.8,17728.8,17713.8,17722.0,13:05:00,17724.451982761355,2,47
2022-09-21,17712.1,17716.3,17706.35,17713.9,13:10:00,17723.275603450747,2,48
2022-09-21,17723.1,17730.1,17713.45,17713.45,13:15:00,17723.25887931258,2,49
2022-09-21,17716.7,17729.65,17716.7,17723.45,13:20:00,17722.634224139954,2,50
2022-09-21,17721.0,17721.75,17708.45,17716.25,13:25:00,17722.478583745673,2,51
2022-09-21,17730.5,17731.9,17717.35,17721.4,13:30:00,17723.242528150848,2,52
2022-09-21,17749.5,17749.85,17729.6,17730.4,13:35:00,17725.743239755528,2,53
2022-09-21,17748.3,17761.1,17747.45,17750.4,13:40:00,17727.891502635954,2,54
2022-09-21,17774.5,17777.1,17748.25,17748.25,13:45:00,17732.330407146816,2,55
2022-09-21,17768.35,17778.1,17766.05,17773.75,13:50:00,17735.760844561402,2,56
2022-09-21,17757.2,17774.5,17753.75,17768.85,13:55:00,17737.80266888889,2,57
2022-09-21,17770.9,17773.6,17750.2,17757.0,14:00:00,17740.954795661375,2,58
2022-09-21,17782.65,17783.8,17769.55,17771.0,14:05:00,17744.925767503148,2,59
2022-09-21,17785.6,17793.9,17781.65,17783.15,14:10:00,17748.79950393142,2,60
2022-09-21,17778.6,17790.85,17772.4,17786.25,14:15:00,17751.63764641414,2,61
2022-09-21,17767.1,17781.05,17760.5,17778.8,14:20:00,17753.110251517555,2,62
2022-09-21,17763.8,17771.6,17755.35,17767.25,14:25:00,17754.128322801596,2,63
2022-09-21,17747.15,17770.3,17746.8,17764.55,14:30:00,17753.463720630014,2,64
2022-09-21,17738.35,17758.5,17738.35,17747.05,14:35:00,17752.02431866525,2,65
2022-09-21,17750.0,17764.3,17736.95,17738.4,14:40:00,17751.831526411417,2,66
2022-09-21,17727.6,17754.7,17724.05,17750.35,14:45:00,17749.52376199128,2,67
2022-09-21,17738.1,17742.85,17723.45,17728.35,14:50:00,17748.435784658777,2,68
2022-09-21,17734.75,17749.6,17731.8,17738.75,14:55:00,17747.132376596037,2,69
2022-09-21,17718.05,17748.05,17715.5,17735.05,15:00:00,17744.36262644403,2,70
2022-09-21,17717.05,17723.3,17712.9,17718.85,15:05:00,17741.761423925553,2,71
2022-09-21,17716.75,17725.55,17715.7,17717.25,15:10:00,17739.37938355169,2,72
2022-09-21,17722.3,17725.6,17713.45,17716.8,15:15:00,17737.75277559439,2,73
2022-09-21,17709.55,17723.05,17707.75,17723.05,15:20:00,17735.066796966352,2,74
2022-09-21,17715.9,17723.85,17709.4,17709.5,15:25:00,17733.24138773146,2,75
2022-09-22,17623.6,17639.2,17580.4,17626.4,09:15:00,17722.799350804657,3,1
2022-09-22,17659.75,17671.7,17623.3,17626.55,09:20:00,17716.79465072802,3,2
2022-09-22,17660.55,17660.7,17624.35,17659.2,09:25:00,17711.438017325352,3,3
2022-09-22,17686.75,17689.65,17654.1,17662.15,09:30:00,17709.08677758008,3,4
2022-09-22,17689.7,17697.3,17673.5,17685.85,09:35:00,17707.240417810546,3,5
2022-09-22,17658.3,17692.35,17654.6,17690.0,09:40:00,17702.579425638112,3,6
2022-09-22,17671.55,17676.85,17640.65,17659.5,09:45:00,17699.624242244005,3,7
2022-09-22,17681.25,17688.6,17667.0,17671.6,09:50:00,17697.87431441124,3,8
2022-09-22,17704.15,17708.25,17681.3,17681.3,09:55:00,17698.471998753026,3,9
2022-09-22,17694.25,17705.1,17676.85,17703.3,10:00:00,17698.069903633692,3,10
2022-09-22,17664.0,17694.65,17662.3,17694.65,10:05:00,17694.825150906676,3,11
2022-09-22,17665.45,17677.1,17651.85,17664.4,10:10:00,17692.027517486993,3,12
2022-09-22,17635.6,17666.55,17635.6,17666.55,10:15:00,17686.653468202516,3,13
2022-09-22,17638.1,17638.1,17616.5,17636.9,10:20:00,17682.029328373705,3,14
2022-09-22,17622.0,17645.95,17622.0,17637.35,10:25:00,17676.312249480972,3,15
2022-09-22,17614.45,17622.8,17597.6,17621.9,10:30:00,17670.420606673262,3,16
2022-09-22,17618.5,17619.2,17599.0,17616.7,10:35:00,17665.475786990093,3,17
2022-09-22,17611.3,17634.6,17608.55,17619.2,10:40:00,17660.31618822913,3,18
2022-09-22,17644.25,17644.5,17611.3,17611.95,10:45:00,17658.786075064454,3,19
2022-09-22,17636.2,17650.85,17634.9,17645.05,10:50:00,17656.635020296413,3,20
2022-09-22,17630.75,17636.7,17619.25,17636.7,10:55:00,17654.16978026818,3,21
2022-09-22,17643.8,17647.6,17626.95,17631.6,11:00:00,17653.1821821474,3,22
2022-09-22,17625.6,17644.2,17625.1,17644.15,11:05:00,17650.55530765717,3,23
2022-09-22,17625.95,17626.9,17612.1,17625.85,11:10:00,17648.211945023155,3,24
2022-09-22,17616.5,17626.9,17600.1,17626.65,11:15:00,17645.191759782854,3,25
2022-09-22,17585.05,17616.0,17581.85,17615.7,11:20:00,17639.463973136866,3,26
2022-09-22,17572.95,17587.15,17571.1,17585.5,11:25:00,17633.12930902859,3,27
2022-09-22,17593.35,17597.25,17567.1,17573.8,11:30:00,17629.34080340682,3,28
2022-09-22,17591.75,17604.15,17589.95,17595.5,11:35:00,17625.760726891884,3,29
2022-09-22,17579.2,17595.3,17578.05,17590.2,11:40:00,17621.3263719498,3,30
2022-09-22,17577.5,17586.2,17576.95,17578.6,11:45:00,17617.152431764105,3,31
2022-09-22,17579.6,17585.9,17571.2,17577.9,11:50:00,17613.576009691333,3,32
2022-09-22,17576.35,17580.0,17563.2,17579.4,11:55:00,17610.030675435017,3,33
2022-09-22,17553.5,17576.85,17550.2,17576.85,12:00:00,17604.646801584062,3,34
2022-09-22,17548.6,17562.6,17545.65,17554.25,12:05:00,17599.309010957008,3,35
2022-09-22,17558.3,17563.4,17544.3,17549.65,12:10:00,17595.403390865864,3,36
2022-09-22,17570.9,17574.4,17555.55,17558.85,12:15:00,17593.069734592926,3,37
2022-09-22,17554.6,17573.5,17554.45,17572.55,12:20:00,17589.40595034598,3,38
2022-09-22,17551.35,17565.1,17546.7,17554.35,12:25:00,17585.781574122553,3,39
2022-09-22,17552.3,17553.6,17542.25,17551.75,12:30:00,17582.59285277755,3,40
2022-09-22,17571.0,17573.15,17551.85,17553.25,12:35:00,17581.488771560642,3,41
2022-09-22,17550.35,17571.35,17550.35,17571.35,12:40:00,17578.52317426915,3,42
2022-09-22,17566.15,17568.05,17532.45,17550.95,12:45:00,17577.344776719707,3,43
2022-09-22,17578.4,17579.25,17559.95,17566.4,12:50:00,17577.445274174974,3,44
2022-09-22,17580.95,17593.95,17575.9,17578.3,12:55:00,17577.77905758688,3,45
2022-09-22,17592.4,17592.6,17577.65,17580.25,13:00:00,17579.17152829289,3,46
2022-09-22,17589.7,17597.85,17586.7,17592.85,13:05:00,17580.174239884043,3,47
2022-09-22,17608.25,17609.8,17590.15,17590.85,13:10:00,17582.84812179985,3,48
2022-09-22,17635.4,17637.9,17607.55,17608.0,13:15:00,17587.853062580816,3,49
2022-09-22,17637.65,17644.2,17630.35,17635.45,13:20:00,17592.595628049312,3,50
2022-09-22,17640.05,17643.35,17629.25,17637.6,13:25:00,17597.115092044616,3,51
2022-09-22,17675.45,17676.65,17640.1,17640.5,13:30:00,17604.57555946894,3,52
2022-09-22,17665.7,17681.3,17661.15,17675.1,13:35:00,17610.396934757613,3,53
2022-09-22,17661.5,17677.5,17660.25,17665.1,13:40:00,17615.263893352127,3,54
2022-09-22,17684.3,17684.3,17661.2,17661.2,13:45:00,17621.838760651925,3,55
2022-09-22,17691.4,17695.9,17685.3,17685.3,13:50:00,17628.463640589838,3,56
2022-09-22,17681.75,17696.2,17676.1,17691.6,13:55:00,17633.538531962233,3,57
2022-09-22,17705.55,17706.6,17681.35,17682.3,14:00:00,17640.396767013448,3,58
2022-09-22,17720.0,17722.4,17706.3,17706.3,14:05:00,17647.978027297882,3,59
2022-09-22,17690.0,17722.75,17689.75,17719.55,14:10:00,17651.98011993618,3,60
2022-09-22,17709.3,17719.6,17688.65,17690.3,14:15:00,17657.439156132732,3,61
2022-09-22,17708.15,17712.2,17696.7,17709.85,14:20:00,17662.268760310566,3,62
2022-09-22,17692.1,17709.6,17682.2,17708.65,14:25:00,17665.109830757177,3,63
2022-09-22,17685.95,17704.75,17675.95,17692.5,14:30:00,17667.094608780302,3,64
2022-09-22,17678.3,17688.95,17666.9,17686.05,14:35:00,17668.161788896465,3,65
2022-09-22,17678.05,17682.0,17670.45,17678.0,14:40:00,17669.10352328728,3,66
2022-09-22,17662.6,17697.15,17662.6,17678.0,14:45:00,17668.484140117063,3,67
2022-09-22,17652.7,17664.95,17652.6,17662.5,14:50:00,17666.980888677343,3,68
2022-09-22,17654.75,17662.15,17634.8,17652.5,14:55:00,17665.816042136645,3,69
2022-09-22,17649.65,17666.35,17645.55,17653.35,15:00:00,17664.276419076014,3,70
2022-09-22,17623.4,17650.2,17616.7,17649.8,15:05:00,17660.38342678306,3,71
2022-09-22,17623.3,17629.05,17612.3,17624.35,15:10:00,17656.851671851342,3,72
2022-09-22,17626.5,17631.9,17614.95,17623.45,15:15:00,17653.96103643693,3,73
2022-09-22,17624.65,17630.3,17621.3,17625.4,15:20:00,17651.169509157222,3,74
2022-09-22,17635.95,17640.2,17624.9,17625.25,15:25:00,17649.72003209463,3,75
2022-09-23,17569.7,17642.15,17539.0,17610.45,09:15:00,17642.099076657047,4,1
2022-09-23,17562.95,17570.55,17545.55,17570.55,09:20:00,17634.561069356376,4,2
2022-09-23,17541.95,17585.0,17541.95,17562.0,09:25:00,17625.740967512913,4,3
2022-09-23,17499.5,17542.55,17499.4,17542.55,09:30:00,17613.71801822597,4,4
2022-09-23,17461.15,17498.75,17460.55,17498.65,09:35:00,17599.187730775877,4,5
2022-09-23,17467.15,17489.6,17456.1,17459.7,09:40:00,17586.612708797224,4,6
2022-09-23,17437.45,17466.5,17436.35,17466.5,09:45:00,17572.406736530822,4,7
2022-09-23,17468.9,17480.4,17435.55,17438.05,09:50:00,17562.548952099314,4,8
2022-09-23,17481.25,17496.7,17461.4,17469.35,09:55:00,17554.806194756522,4,9
2022-09-23,17480.0,17497.85,17454.7,17481.65,10:00:00,17547.6817952559,4,10
2022-09-23,17471.25,17493.3,17469.65,17478.15,10:05:00,17540.4025766601,4,11
2022-09-23,17460.3,17472.6,17458.95,17470.9,10:10:00,17532.773759835327,4,12
2022-09-23,17428.25,17462.0,17419.3,17461.1,10:15:00,17522.819116041486,4,13
2022-09-23,17455.5,17459.0,17422.55,17427.3,10:20:00,17516.407771656584,4,14
2022-09-23,17453.95,17466.05,17442.6,17455.1,10:25:00,17510.459412451197,4,15
2022-09-23,17467.15,17467.85,17442.75,17454.15,10:30:00,17506.334706503465,4,16
2022-09-23,17460.8,17479.4,17458.4,17466.75,10:35:00,17501.99806778885,4,17
2022-09-23,17436.75,17462.1,17436.1,17461.3,10:40:00,17495.783966094674,4,18
2022-09-23,17444.25,17446.5,17423.7,17436.55,10:45:00,17490.87596932375,4,19
2022-09-23,17455.85,17471.0,17444.9,17444.9,10:50:00,17487.54016272149,4,20
2022-09-23,17451.85,17462.5,17451.1,17455.95,10:55:00,17484.141099605156,4,21
2022-09-23,17443.4,17457.8,17442.9,17451.95,11:00:00,17480.260994880857,4,22
2022-09-23,17436.5,17443.9,17431.4,17443.7,11:05:00,17476.093281082678,4,23
2022-09-23,17440.3,17453.6,17436.15,17436.25,11:10:00,17472.68439717004,4,24
2022-09-23,17424.4,17439.9,17413.5,17439.55,11:15:00,17468.085883153846,4,25
2022-09-23,17458.45,17458.6,17424.0,17424.1,11:20:00,17467.168179996337,4,26
2022-09-23,17456.25,17467.8,17454.2,17458.8,11:25:00,17466.12835333002,4,27
2022-09-23,17447.2,17456.4,17440.25,17456.4,11:30:00,17464.325653012875,4,28
2022-09-23,17439.35,17447.0,17434.25,17447.0,11:35:00,17461.947019392603,4,29
2022-09-23,17452.25,17453.05,17437.15,17438.65,11:40:00,17461.023493736164,4,30
2022-09-23,17471.0,17473.45,17452.15,17452.15,11:45:00,17461.97363718986,4,31
2022-09-23,17464.2,17469.1,17450.1,17469.1,11:50:00,17462.18567174321,4,32
2022-09-23,17461.9,17469.2,17454.85,17463.65,11:55:00,17462.158464910524,4,33
2022-09-23,17447.65,17466.0,17447.05,17462.5,12:00:00,17460.776706347617,4,34
2022-09-23,17453.0,17455.3,17442.5,17446.75,12:05:00,17460.036067647845,4,35
2022-09-23,17432.2,17458.0,17431.8,17454.35,12:10:00,17457.385013586147,4,36
2022-09-23,17420.85,17432.3,17415.4,17432.3,12:15:00,17453.905488482702,4,37
2022-09-23,17419.15,17421.2,17404.55,17420.65,12:20:00,17450.59544196054,4,38
2022-09-23,17443.4,17444.6,17413.9,17419.1,12:25:00,17449.910161773823,4,39
2022-09-23,17409.5,17444.35,17407.9,17443.5,12:30:00,17446.061574938223,4,40
2022-09-23,17390.0,17413.35,17389.1,17409.9,12:35:00,17440.72237732506,4,41
2022-09-23,17396.35,17411.3,17384.25,17389.5,12:40:00,17436.496436627436,4,42
2022-09-23,17412.95,17413.75,17387.75,17396.3,12:45:00,17434.253918853396,4,43
2022-09-23,17395.25,17412.9,17392.55,17412.05,12:50:00,17430.539259914978,4,44
2022-09-23,17409.55,17410.8,17393.75,17394.15,12:55:00,17428.540282780217,4,45
2022-09-23,17393.6,17408.75,17380.7,17408.05,13:00:00,17425.21263680115,4,46
2022-09-23,17387.0,17404.05,17387.0,17395.1,13:05:00,17421.573338058184,4,47
2022-09-23,17391.65,17400.6,17385.9,17386.65,13:10:00,17418.723496338356,4,48
2022-09-23,17416.55,17418.95,17386.55,17392.15,13:15:00,17418.516496687083,4,49
2022-09-23,17407.6,17417.75,17402.8,17417.6,13:20:00,17417.47683033593,4,50
2022-09-23,17392.1,17407.65,17387.85,17407.65,13:25:00,17415.059989351554,4,51
2022-09-23,17415.2,17415.8,17388.95,17392.8,13:30:00,17415.073323699024,4,52
2022-09-23,17382.6,17416.05,17379.4,17415.6,13:35:00,17411.980626203876,4,53
2022-09-23,17369.75,17393.9,17368.7,17382.7,13:40:00,17407.958661803506,4,54
2022-09-23,17382.7,17385.35,17366.7,17370.45,13:45:00,17405.55307496508,4,55
2022-09-23,17383.8,17387.4,17372.2,17382.35,13:50:00,17403.48135353983,4,56
2022-09-23,17373.85,17384.05,17366.3,17383.15,13:55:00,17400.659319869374,4,57
2022-09-23,17353.75,17373.05,17341.65,17372.9,14:00:00,17396.1917655961,4,58
2022-09-23,17364.3,17365.4,17352.65,17354.4,14:05:00,17393.154454586947,4,59
2022-09-23,17365.2,17374.75,17357.3,17364.6,14:10:00,17390.492125578665,4,60
2022-09-23,17355.9,17373.45,17353.5,17365.95,14:15:00,17387.197637428315,4,61
2022-09-23,17341.9,17356.75,17341.45,17355.35,14:20:00,17382.883576720855,4,62
2022-09-23,17324.8,17340.95,17314.1,17340.65,14:25:00,17377.351807509345,4,63
2022-09-23,17308.55,17325.6,17291.65,17324.2,14:30:00,17370.799254413218,4,64
2022-09-23,17340.1,17344.1,17308.3,17308.75,14:35:00,17367.875515897675,4,65
2022-09-23,17339.8,17343.15,17323.0,17339.45,14:40:00,17365.201657240752,4,66
2022-09-23,17330.3,17346.1,17328.05,17339.25,14:45:00,17361.877689884488,4,67
2022-09-23,17355.6,17366.6,17328.3,17330.45,14:50:00,17361.279814657395,4,68
2022-09-23,17350.7,17364.75,17349.3,17356.2,14:55:00,17360.27221326145,4,69
2022-09-23,17319.95,17355.2,17319.55,17347.55,15:00:00,17356.43200247465,4,70
2022-09-23,17323.95,17323.95,17313.1,17321.0,15:05:00,17353.338478429443,4,71
2022-09-23,17322.5,17337.7,17322.15,17324.2,15:10:00,17350.401480483783,4,72
2022-09-23,17335.5,17339.0,17320.25,17322.45,15:15:00,17348.98229186628,4,73
2022-09-23,17315.95,17338.0,17315.95,17335.9,15:20:00,17345.83635930759,4,74
2022-09-23,17332.25,17333.5,17316.35,17316.65,15:25:00,17344.542420325914,4,75
2022-09-26,17082.35,17194.35,17080.65,17182.55,09:15:00,17319.571713628207,0,1
2022-09-26,17163.85,17163.85,17072.95,17082.8,09:20:00,17304.741074235044,0,2
2022-09-26,17155.9,17196.4,17151.2,17163.6,09:25:00,17290.565733831707,0,3
2022-09-26,17143.8,17183.05,17133.25,17157.5,09:30:00,17276.588044895354,0,4
2022-09-26,17083.15,17148.7,17081.3,17145.9,09:35:00,17258.16537395294,0,5
2022-09-26,17060.95,17088.8,17058.85,17082.05,09:40:00,17239.38295738599,0,6
2022-09-26,17073.75,17087.0,17054.5,17060.5,09:45:00,17223.608390015896,0,7
2022-09-26,17075.35,17094.1,17053.65,17074.15,09:50:00,17209.488543347714,0,8
2022-09-26,17046.65,17086.35,17044.95,17075.6,09:55:00,17193.98011064793,0,9
2022-09-26,17044.65,17060.3,17027.25,17045.35,10:00:00,17179.758195348128,0,10
2022-09-26,17030.8,17047.15,17024.25,17044.95,10:05:00,17165.571700553068,0,11
2022-09-26,17046.6,17048.3,17027.15,17030.15,10:10:00,17154.241062405155,0,12
2022-09-26,17054.05,17066.4,17019.0,17046.75,10:15:00,17144.699056461806,0,13
2022-09-26,17024.8,17056.05,17023.5,17055.3,10:20:00,17133.28009870354,0,14
2022-09-26,17011.9,17035.65,17009.3,17024.15,10:25:00,17121.720089303202,0,15
2022-09-26,17016.6,17027.65,17008.05,17011.35,10:30:00,17111.708652226705,0,16
2022-09-26,17013.6,17018.55,17003.05,17018.0,10:35:00,17102.364971062256,0,17
2022-09-26,17041.5,17041.5,17011.85,17013.85,10:40:00,17096.568307151567,0,18
2022-09-26,17042.05,17054.4,17035.5,17041.9,10:45:00,17091.376087422846,0,19
2022-09-26,17042.15,17053.35,17035.45,17040.15,10:50:00,17086.687888620672,0,20
2022-09-26,17019.05,17041.55,17013.75,17041.3,10:55:00,17080.246184942513,0,21
2022-09-26,17014.4,17021.5,17006.7,17019.75,11:00:00,17073.975119709892,0,22
2022-09-26,16990.05,17022.1,16989.3,17014.2,11:05:00,17065.982251166093,0,23
2022-09-26,16996.1,16996.1,16978.3,16989.0,11:10:00,17059.326798674083,0,24
2022-09-26,17036.6,17036.6,16990.5,16996.95,11:15:00,17057.162341657506,0,25
2022-09-26,17027.55,17050.65,17027.55,17036.7,11:20:00,17054.342118642504,0,26
2022-09-26,17033.0,17039.5,17023.4,17028.4,11:25:00,17052.309535914646,0,27
2022-09-26,17049.9,17051.1,17032.45,17032.45,11:30:00,17052.080056303726,0,28
2022-09-26,17040.4,17065.65,17040.4,17050.8,11:35:00,17050.967669989088,0,29
2022-09-26,17015.45,17043.45,17014.4,17039.55,11:40:00,17047.58503475203,0,30
2022-09-26,17027.9,17030.45,17005.0,17015.2,11:45:00,17045.71026953755,0,31
2022-09-26,17042.0,17043.7,17024.8,17028.5,11:50:00,17045.356910533974,0,32
2022-09-26,17041.25,17047.5,17029.5,17041.85,11:55:00,17044.965776197405,0,33
2022-09-26,17052.25,17055.15,17034.65,17041.45,12:00:00,17045.659511797654,0,34
2022-09-26,17062.3,17065.95,17051.6,17051.7,12:05:00,17047.24432019788,0,35
2022-09-26,17065.1,17074.85,17059.05,17061.8,12:10:00,17048.944861131415,0,36
2022-09-26,17081.7,17084.15,17065.35,17065.35,12:15:00,17052.064398166516,0,37
2022-09-26,17055.1,17083.5,17047.25,17080.5,12:20:00,17052.35350310304,0,38
2022-09-26,17059.15,17066.1,17038.05,17054.5,12:25:00,17053.0007885218,0,39
2022-09-26,17077.95,17087.65,17057.9,17059.1,12:30:00,17055.376903900677,0,40
2022-09-26,17108.9,17108.9,17076.85,17078.1,12:35:00,17060.474341624424,0,41
2022-09-26,17135.1,17135.3,17101.9,17109.3,12:40:00,17067.581547184003,0,42
2022-09-26,17129.75,17136.15,17109.2,17135.0,12:45:00,17073.5023522141,0,43
2022-09-26,17146.8,17155.15,17123.85,17129.3,12:50:00,17080.48308057466,0,44
2022-09-26,17128.55,17148.75,17126.4,17146.45,12:55:00,17085.060882424692,0,45
2022-09-26,17157.7,17161.45,17125.85,17127.4,13:00:00,17091.97889362234,0,46
2022-09-26,17150.8,17163.2,17146.0,17158.2,13:05:00,17097.580903753547,0,47
2022-09-26,17161.25,17166.45,17148.55,17150.7,13:10:00,17103.64462720559,0,48
2022-09-26,17119.9,17167.35,17117.6,17161.1,13:15:00,17105.192757947916,0,49
2022-09-26,17102.8,17138.9,17101.6,17120.2,13:20:00,17104.96487623859,0,50
2022-09-26,17088.15,17112.95,17086.2,17102.95,13:25:00,17103.363459453965,0,51
2022-09-26,17087.65,17096.95,17077.8,17088.2,13:30:00,17101.86693950597,0,52
2022-09-26,17104.7,17104.7,17076.05,17088.65,13:35:00,17102.136754791118,0,53
2022-09-26,17109.15,17110.4,17093.7,17104.6,13:40:00,17102.804682906248,0,54
2022-09-26,17072.3,17109.0,17060.75,17108.85,13:45:00,17099.899475010414,0,55
2022-09-26,17094.6,17096.65,17069.5,17073.2,13:50:00,17099.39476310466,0,56
2022-09-26,17093.1,17103.75,17089.3,17095.55,13:55:00,17098.795261856598,0,57
2022-09-26,17087.0,17100.7,17083.35,17094.25,14:00:00,17097.67190358454,0,58
2022-09-26,17087.3,17093.7,17069.45,17088.3,14:05:00,17096.684103243155,0,59
2022-09-26,17070.35,17090.8,17068.05,17087.95,14:10:00,17094.17609341047,0,60
2022-09-26,17106.65,17107.3,17052.65,17070.8,14:15:00,17095.364084514236,0,61
2022-09-26,17136.6,17142.4,17106.85,17106.85,14:20:00,17099.291314560498,0,62
2022-09-26,17128.6,17140.35,17119.8,17138.2,14:25:00,17102.082617935688,0,63
2022-09-26,17104.8,17135.8,17085.65,17128.35,14:30:00,17102.34141622753,0,64
2022-09-26,17101.2,17109.05,17091.65,17105.6,14:35:00,17102.232709920147,0,65
2022-09-26,17086.35,17118.4,17086.35,17101.1,14:40:00,17100.720070880132,0,66
2022-09-26,17082.4,17101.0,17077.85,17085.85,14:45:00,17098.97530222488,0,67
2022-09-26,17077.0,17089.35,17072.35,17081.55,14:50:00,17096.8824162987,0,68
2022-09-26,17059.25,17075.7,17051.95,17075.7,14:55:00,17093.298376651204,0,69
2022-09-26,16984.9,17054.8,16984.7,17054.8,15:00:00,17082.97472173204,0,70
2022-09-26,17006.0,17022.15,16984.05,16984.65,15:05:00,17075.643795852797,0,71
2022-09-26,17021.55,17024.45,17005.65,17005.65,15:10:00,17070.49200577158,0,72
2022-09-26,17021.55,17024.1,17012.85,17020.05,15:15:00,17065.83086236476,0,73
2022-09-26,17027.3,17030.95,17021.9,17022.1,15:20:00,17062.16125642526,0,74
2022-09-26,17027.85,17029.75,17016.7,17027.95,15:25:00,17058.893517718094,0,75
2022-09-27,17131.7,17135.15,17060.4,17113.6,09:15:00,17065.827468411608,1,1
2022-09-27,17156.05,17160.45,17128.55,17131.6,09:20:00,17074.420090467647,1,2
2022-09-27,17146.1,17156.2,17128.8,17155.25,09:25:00,17081.246748518348,1,3
2022-09-27,17170.6,17176.45,17146.5,17146.5,09:30:00,17089.75658199279,1,4
2022-09-27,17112.2,17171.9,17105.25,17169.9,09:35:00,17091.89405037443,1,5
2022-09-27,17084.25,17119.75,17083.55,17111.05,09:40:00,17091.166045576865,1,6
2022-09-27,17073.8,17083.25,17051.75,17082.6,09:45:00,17089.512136474306,1,7
2022-09-27,17041.85,17103.45,17039.55,17075.6,09:50:00,17084.972885381514,1,8
2022-09-27,17058.55,17065.65,17030.8,17041.35,09:55:00,17082.456420107083,1,9
2022-09-27,17043.35,17082.5,17035.65,17058.7,10:00:00,17078.731999144504,1,10
2022-09-27,17026.4,17046.15,17025.0,17043.9,10:05:00,17073.74799922598,1,11
2022-09-27,17033.25,17037.95,17022.1,17025.0,10:10:00,17069.891046918743,1,12
2022-09-27,17039.35,17063.1,17022.05,17032.05,10:15:00,17066.982375783624,1,13
2022-09-27,17009.5,17039.45,17007.4,17039.1,10:20:00,17061.507863804232,1,14
2022-09-27,17015.8,17024.5,17007.1,17010.15,10:25:00,17057.154733918116,1,15
2022-09-27,17048.15,17051.05,17003.4,17016.95,10:30:00,17056.29714021163,1,16
2022-09-27,17056.05,17067.2,17041.4,17047.55,10:35:00,17056.27360304862,1,17
2022-09-27,17032.25,17066.65,17031.15,17056.15,10:40:00,17053.985640853512,1,18
2022-09-27,17006.8,17034.5,17003.7,17032.65,10:45:00,17049.491770296034,1,19
2022-09-27,16986.0,17011.0,16984.85,17006.35,10:50:00,17043.444935029744,1,20
2022-09-27,17014.45,17017.45,16983.5,16986.15,10:55:00,17040.68351264596,1,21
2022-09-27,16976.75,17015.75,16971.25,17014.9,11:00:00,17034.59460667968,1,22
2022-09-27,16951.35,16976.45,16946.8,16976.45,11:05:00,17026.666548900663,1,23
2022-09-27,16946.3,16962.15,16942.35,16951.0,11:10:00,17019.012591862505,1,24
2022-09-27,16956.3,16967.15,16945.85,16946.8,11:15:00,17013.039964066076,1,25
2022-09-27,16982.85,16984.8,16956.3,16957.6,11:20:00,17010.164729393116,1,26
2022-09-27,16996.8,16998.55,16977.4,16982.35,11:25:00,17008.891898022343,1,27
2022-09-27,17024.6,17029.05,16991.05,16997.15,11:30:00,17010.3879077345,1,28
2022-09-27,17014.55,17025.35,17009.9,17025.0,11:35:00,17010.78429747407,1,29
2022-09-27,17018.3,17024.7,17000.3,17013.8,11:40:00,17011.500078667017,1,30
2022-09-27,17050.9,17054.85,17018.0,17018.0,11:45:00,17015.2524521273,1,31
2022-09-27,17047.7,17063.55,17042.5,17050.65,11:50:00,17018.342694781844,1,32
2022-09-27,17045.65,17060.45,17036.6,17048.15,11:55:00,17020.943390516906,1,33
2022-09-27,17051.15,17052.9,17033.8,17046.3,12:00:00,17023.82021046768,1,34
2022-09-27,17076.3,17076.7,17046.3,17050.6,12:05:00,17028.818285661233,1,35
2022-09-27,17054.05,17078.0,17049.95,17076.65,12:10:00,17031.221306074447,1,36
2022-09-27,17029.5,17063.45,17024.85,17055.1,12:15:00,17031.057372162595,1,37
2022-09-27,17038.25,17038.4,17021.7,17029.9,12:20:00,17031.742384337587,1,38
2022-09-27,17022.7,17048.65,17022.05,17037.8,12:25:00,17030.881204876863,1,39
2022-09-27,17064.8,17064.8,17022.5,17023.1,12:30:00,17034.111566317162,1,40
2022-09-27,17049.35,17065.45,17044.8,17064.2,12:35:00,17035.562845715525,1,41
2022-09-27,17019.95,17050.9,17018.3,17048.55,12:40:00,17034.07590802833,1,42
2022-09-27,17034.3,17039.65,17014.95,17020.75,12:45:00,17034.09725012087,1,43
2022-09-27,17063.15,17063.7,17030.7,17033.9,12:50:00,17036.86417868079,1,44
2022-09-27,17087.65,17088.8,17063.5,17063.7,12:55:00,17041.700923568333,1,45
2022-09-27,17064.35,17095.6,17062.85,17087.25,13:00:00,17043.857978466585,1,46
2022-09-27,17071.4,17076.5,17050.85,17064.3,13:05:00,17046.481028136433,1,47
2022-09-27,17083.35,17086.25,17069.3,17070.85,13:10:00,17049.992358790107,1,48
2022-09-27,17099.5,17099.5,17078.65,17083.7,13:15:00,17054.70737223867,1,49
2022-09-27,17106.5,17110.45,17094.0,17100.4,13:20:00,17059.640003454035,1,50
2022-09-27,17098.9,17106.55,17081.85,17106.55,13:25:00,17063.379050744126,1,51
2022-09-27,17102.7,17118.6,17095.25,17098.7,13:30:00,17067.12390305421,1,52
2022-09-27,17098.8,17102.05,17074.55,17102.05,13:35:00,17070.1406741919,1,53
2022-09-27,17092.75,17098.35,17082.2,17097.8,13:40:00,17072.293943316483,1,54
2022-09-27,17071.4,17103.4,17070.25,17092.6,13:45:00,17072.20880585777,1,55
2022-09-27,17098.2,17100.65,17068.05,17069.9,13:50:00,17074.68415768084,1,56
2022-09-27,17087.6,17098.35,17082.95,17097.6,13:55:00,17075.914237901714,1,57
2022-09-27,17091.3,17095.8,17069.55,17087.05,14:00:00,17077.37954857774,1,58
2022-09-27,17072.15,17093.0,17067.6,17090.9,14:05:00,17076.881496332244,1,59
2022-09-27,17044.6,17074.7,17043.1,17071.0,14:10:00,17073.807068110127,1,60
2022-09-27,17057.3,17076.3,17043.8,17043.8,14:15:00,17072.234966385353,1,61
2022-09-27,17033.3,17065.2,17033.3,17057.9,14:20:00,17068.526874348652,1,62
2022-09-27,17028.75,17033.0,17012.2,17033.0,14:25:00,17064.738600601162,1,63
2022-09-27,17003.7,17028.65,16994.75,17028.15,14:30:00,17058.92540054391,1,64
2022-09-27,17009.35,17026.2,17000.6,17004.45,14:35:00,17054.203933825444,1,65
2022-09-27,16996.7,17010.05,16982.55,17009.45,14:40:00,17048.72736869921,1,66
2022-09-27,16996.85,17009.1,16982.9,16996.05,14:45:00,17043.78666691833,1,67
2022-09-27,16990.65,17011.25,16989.45,16996.55,14:50:00,17038.72603197373,1,68
2022-09-27,16991.45,16998.1,16987.0,16990.4,14:55:00,17034.223552738134,1,69
2022-09-27,16977.8,17020.45,16965.0,16995.25,15:00:00,17028.849881048787,1,70
2022-09-27,16989.6,17000.05,16977.6,16978.1,15:05:00,17025.11179713938,1,71
2022-09-27,16999.3,17004.9,16990.05,16990.05,15:10:00,17022.653530745152,1,72
2022-09-27,17025.45,17033.0,16999.65,16999.65,15:15:00,17022.919861150374,1,73
2022-09-27,17023.0,17028.7,17016.25,17024.8,15:20:00,17022.92749342177,1,74
2022-09-27,17043.45,17043.45,17022.15,17022.2,15:25:00,17024.88201785779,1,75
2022-09-28,16831.3,16890.0,16829.65,16890.0,09:15:00,17006.44563520467,2,1
2022-09-28,16858.95,16876.85,16825.4,16828.7,09:20:00,16992.39843185184,2,2
2022-09-28,16883.35,16895.1,16851.25,16859.1,09:25:00,16982.01286691357,2,3
2022-09-28,16879.2,16882.9,16850.4,16882.9,09:30:00,16972.221165302755,2,4
2022-09-28,16906.55,16914.0,16877.85,16878.5,09:35:00,16965.966768607257,2,5
2022-09-28,16899.15,16919.45,16884.2,16906.1,09:40:00,16959.603266835136,2,6
2022-09-28,16920.5,16933.25,16888.2,16899.8,09:45:00,16955.879146184172,2,7
2022-09-28,16935.05,16939.35,16906.9,16920.1,09:50:00,16953.895417976157,2,8
2022-09-28,16923.05,16950.15,16922.35,16934.5,09:55:00,16950.957759121284,2,9
2022-09-28,16957.55,16957.85,16908.3,16921.75,10:00:00,16951.58559158592,2,10
2022-09-28,16946.35,16967.3,16946.2,16956.85,10:05:00,16951.086963815833,2,11
2022-09-28,16959.55,16965.15,16934.3,16945.8,10:10:00,16951.892967261945,2,12
2022-09-28,16967.75,16968.15,16956.85,16959.7,10:15:00,16953.403160856044,2,13
2022-09-28,16950.5,16976.9,16946.2,16967.45,10:20:00,16953.126669345944,2,14
2022-09-28,16926.45,16950.45,16923.05,16948.8,10:25:00,16950.58603417014,2,15
2022-09-28,16943.05,16947.6,16923.05,16926.6,10:30:00,16949.868316630127,2,16
2022-09-28,16912.5,16946.35,16906.75,16943.0,10:35:00,16946.30942933202,2,17
2022-09-28,16906.2,16914.95,16899.7,16911.35,10:40:00,16942.48948368135,2,18
2022-09-28,16910.25,16912.75,16894.4,16906.15,10:45:00,16939.41905666408,2,19
2022-09-28,16931.15,16931.4,16910.3,16910.35,10:50:00,16938.631527457976,2,20
2022-09-28,16935.4,16937.85,16929.45,16930.8,10:55:00,16938.32376293817,2,21
2022-09-28,16940.6,16941.05,16923.65,16935.6,11:00:00,16938.54054742025,2,22
2022-09-28,16934.0,16945.0,16934.0,16940.3,11:05:00,16938.10811433261,2,23
2022-09-28,16964.65,16965.65,16931.15,16934.25,11:10:00,16940.6359129676,2,24
2022-09-28,16960.5,16971.2,16958.55,16965.3,11:15:00,16942.52773078021,2,25
2022-09-28,16968.9,16970.05,16956.9,16960.6,11:20:00,16945.039375467808,2,26
2022-09-28,16971.9,16980.65,16955.25,16969.2,11:25:00,16947.597530185158,2,27
2022-09-28,16988.95,16994.0,16971.65,16972.35,11:30:00,16951.535860643715,2,28
2022-09-28,16995.95,16996.15,16973.05,16988.85,11:35:00,16955.765778677647,2,29
2022-09-28,17000.4,17004.8,16989.9,16995.3,11:40:00,16960.016656898824,2,30
2022-09-28,16986.85,17005.45,16982.55,17000.25,11:45:00,16962.57221338465,2,31
2022-09-28,17016.6,17024.4,16986.55,16986.55,11:50:00,16967.717716871826,2,32
2022-09-28,17021.8,17033.7,17016.5,17016.8,11:55:00,16972.86841050308,2,33
2022-09-28,17025.55,17031.55,17019.1,17021.65,12:00:00,16977.885704740882,2,34
2022-09-28,17024.9,17028.4,17013.85,17026.05,12:05:00,16982.363256670324,2,35
2022-09-28,17022.05,17037.6,17022.05,17025.65,12:10:00,16986.142946511245,2,36
2022-09-28,16996.65,17023.0,16986.9,17022.25,12:15:00,16987.14361827208,2,37
2022-09-28,16992.4,17022.15,16990.9,16997.5,12:20:00,16987.64422605569,2,38
2022-09-28,16987.65,17002.5,16975.5,16993.1,12:25:00,16987.64477595515,2,39
2022-09-28,17009.0,17011.8,16987.7,16988.05,12:30:00,16989.678606816564,2,40
2022-09-28,17001.05,17015.75,17001.05,17009.65,12:35:00,16990.76159664356,2,41
2022-09-28,16987.55,17005.4,16986.1,17000.9,12:40:00,16990.45573029655,2,42
2022-09-28,16976.25,16994.65,16970.65,16986.95,12:45:00,16989.102803601643,2,43
2022-09-28,16971.75,16995.0,16971.15,16976.35,12:50:00,16987.45015563958,2,44
2022-09-28,16978.8,16983.45,16964.75,16971.7,12:55:00,16986.626331292955,2,45
2022-09-28,16977.55,16982.15,16967.05,16978.7,13:00:00,16985.761918788863,2,46
2022-09-28,16968.3,16979.0,16956.3,16977.45,13:05:00,16984.09887890421,2,47
2022-09-28,16965.2,16970.95,16955.25,16968.6,13:10:00,16982.298985675236,2,48
2022-09-28,16980.6,16985.5,16957.5,16964.9,13:15:00,16982.137177515688,2,49
2022-09-28,16991.2,16992.1,16978.9,16980.55,13:20:00,16983.000303466575,2,50
2022-09-28,17000.0,17001.25,16990.0,16991.75,13:25:00,16984.619322184044,2,51
2022-09-28,16988.5,17004.75,16987.6,16999.65,13:30:00,16984.98891054747,2,52
2022-09-28,16976.65,16994.1,16975.25,16988.7,13:35:00,16984.194728590566,2,53
2022-09-28,16957.85,16975.35,16955.4,16975.15,13:40:00,16981.685706820037,2,54
2022-09-28,16963.05,16967.3,16957.05,16957.75,13:45:00,16979.910877599083,2,55
2022-09-28,16974.15,16976.25,16961.5,16962.75,13:50:00,16979.362222589647,2,56
2022-09-28,16940.35,16977.9,16940.35,16973.7,13:55:00,16975.646772819204,2,57
2022-09-28,16952.1,16953.85,16934.55,16940.15,14:00:00,16973.404223026897,2,58
2022-09-28,16943.5,16976.5,16939.75,16952.2,14:05:00,16970.55620178624,2,59
2022-09-28,16942.85,16953.7,16937.8,16943.45,14:10:00,16967.917515901834,2,60
2022-09-28,16948.3,16957.55,16941.85,16942.65,14:15:00,16966.04918105404,2,61
2022-09-28,16946.0,16948.45,16931.3,16947.25,14:20:00,16964.139735239372,2,62
2022-09-28,16916.25,16947.5,16914.4,16945.55,14:25:00,16959.57880807372,2,63
2022-09-28,16903.95,16929.05,16903.3,16916.3,14:30:00,16954.280826352413,2,64
2022-09-28,16913.8,16917.95,16903.7,16904.25,14:35:00,16950.425509556946,2,65
2022-09-28,16894.25,16919.5,16892.95,16914.35,14:40:00,16945.07546102771,2,66
2022-09-28,16884.2,16894.3,16881.5,16894.15,14:45:00,16939.277798072693,2,67
2022-09-28,16878.3,16886.7,16874.15,16884.95,14:50:00,16933.470388732436,2,68
2022-09-28,16884.05,16887.15,16869.6,16878.5,14:55:00,16928.763685043632,2,69
2022-09-28,16880.85,16889.5,16870.05,16886.25,15:00:00,16924.20047694424,2,70
2022-09-28,16883.1,16888.6,16875.8,16880.75,15:05:00,16920.286145806695,2,71
2022-09-28,16861.0,16884.35,16860.05,16883.5,15:10:00,16914.639846206057,2,72
2022-09-28,16849.45,16863.2,16847.7,16860.3,15:15:00,16908.431289424527,2,73
2022-09-28,16841.85,16851.4,16841.55,16848.7,15:20:00,16902.090214241238,2,74
2022-09-28,16826.15,16842.9,16820.4,16841.65,15:25:00,16894.85781288493,2,75
2022-09-29,17006.7,17021.9,16982.6,17007.15,09:15:00,16905.50944975303,3,1
2022-09-29,17009.8,17026.05,17005.85,17005.95,09:20:00,16915.441883109885,3,2
2022-09-29,16970.55,17016.9,16967.0,17011.3,09:25:00,16920.690275194658,3,3
2022-09-29,16984.25,16990.45,16955.5,16971.35,09:30:00,16926.743582318977,3,4
2022-09-29,16986.9,16989.9,16967.55,16983.85,09:35:00,16932.472764955266,3,5
2022-09-29,17003.8,17013.3,16986.1,16986.1,09:40:00,16939.265834959526,3,6
2022-09-29,17010.3,17016.25,17003.0,17003.0,09:45:00,16946.03099353481,3,7
2022-09-29,16993.35,17011.0,16989.4,17011.0,09:50:00,16950.537565579114,3,8
2022-09-29,16969.6,16998.4,16968.9,16993.8,09:55:00,16952.35303552396,3,9
2022-09-29,16975.2,16975.7,16953.25,16969.75,10:00:00,16954.528936902632,3,10
2022-09-29,16968.85,16986.45,16968.85,16975.85,10:05:00,16955.89284767381,3,11
2022-09-29,16989.55,16991.15,16966.35,16968.6,10:10:00,16959.098290752496,3,12
2022-09-29,16969.85,16990.15,16967.8,16990.1,10:15:00,16960.12226306178,3,13
2022-09-29,16956.75,16970.4,16955.05,16969.8,10:20:00,16959.801095151135,3,14
2022-09-29,16951.55,16966.5,16947.5,16956.8,10:25:00,16959.01527656531,3,15
2022-09-29,16943.15,16952.05,16939.2,16951.5,10:30:00,16957.504297844807,3,16
2022-09-29,16953.9,16954.55,16940.7,16942.35,10:35:00,16957.1610313834,3,17
2022-09-29,16941.35,16955.5,16940.25,16954.2,10:40:00,16955.655218870696,3,18
2022-09-29,16950.95,16954.1,16933.9,16942.2,10:45:00,16955.207102787772,3,19
2022-09-29,16968.95,16971.7,16950.0,16950.4,10:50:00,16956.515950141318,3,20
2022-09-29,16969.3,16976.85,16966.85,16969.4,10:55:00,16957.733478699287,3,21
2022-09-29,16945.45,16970.9,16943.05,16969.55,11:00:00,16956.56362358507,3,22
2022-09-29,16937.5,16947.35,16930.55,16946.05,11:05:00,16954.74804038649,3,23
2022-09-29,16929.1,16939.6,16924.05,16938.45,11:10:00,16952.30536987349,3,24
2022-09-29,16935.1,16935.7,16922.3,16929.55,11:15:00,16950.666763218873,3,25
2022-09-29,16937.55,16940.75,16932.25,16935.4,11:20:00,16949.417547674217,3,26
2022-09-29,16938.4,16940.4,16927.85,16937.5,11:25:00,16948.36825741953,3,27
2022-09-29,16931.2,16942.65,16927.55,16939.3,11:30:00,16946.733185284334,3,28
2022-09-29,16934.95,16942.2,16928.55,16931.05,11:35:00,16945.610977162018,3,29
2022-09-29,16924.35,16939.7,16923.05,16935.65,11:40:00,16943.586122194207,3,30
2022-09-29,16903.65,16924.45,16901.2,16924.3,11:45:00,16939.782681985234,3,31
2022-09-29,16897.95,16904.95,16889.05,16903.35,11:50:00,16935.79861703426,3,32
2022-09-29,16880.2,16898.25,16878.05,16898.25,11:55:00,16930.503510650044,3,33
2022-09-29,16891.2,16892.2,16872.2,16877.4,12:00:00,16926.760319159563,3,34
2022-09-29,16882.05,16896.75,16879.5,16890.55,12:05:00,16922.502193525317,3,35
2022-09-29,16894.55,16895.6,16878.25,16882.1,12:10:00,16919.84007985624,3,36
2022-09-29,16886.45,16899.4,16886.45,16894.3,12:15:00,16916.660072250885,3,37
2022-09-29,16896.45,16897.7,16878.7,16887.25,12:20:00,16914.735303465088,3,38
2022-09-29,16899.55,16911.65,16895.6,16896.35,12:25:00,16913.28908408746,3,39
2022-09-29,16879.5,16909.7,16874.65,16899.85,12:30:00,16910.07107607913,3,40
2022-09-29,16859.45,16879.9,16853.9,16879.6,12:35:00,16905.25002121445,3,41
2022-09-29,16870.85,16879.4,16850.65,16859.55,12:40:00,16901.973828717837,3,42
2022-09-29,16854.3,16871.8,16852.3,16871.45,12:45:00,16897.433464078043,3,43
2022-09-29,16838.75,16854.25,16829.4,16853.9,12:50:00,16891.84456273728,3,44
2022-09-29,16838.7,16843.45,16831.15,16839.2,12:55:00,16886.78317580992,3,45
2022-09-29,16831.75,16840.15,16819.0,16838.55,13:00:00,16881.54192097088,3,46
2022-09-29,16814.2,16832.75,16804.05,16832.2,13:05:00,16875.12840468794,3,47
2022-09-29,16816.25,16827.75,16805.45,16814.8,13:10:00,16869.520937574805,3,48
2022-09-29,16816.5,16828.1,16808.45,16815.05,13:15:00,16864.471324472444,3,49
2022-09-29,16795.95,16818.55,16788.6,16816.6,13:20:00,16857.945484046497,3,50
2022-09-29,16818.8,16822.75,16794.85,16794.85,13:25:00,16854.217342708736,3,51
2022-09-29,16825.3,16829.95,16799.4,16818.6,13:30:00,16851.46331006981,3,52
2022-09-29,16844.5,16849.8,16823.8,16825.0,13:35:00,16850.800137682207,3,53
2022-09-29,16826.3,16845.4,16824.15,16844.6,13:40:00,16848.466791236282,3,54
2022-09-29,16836.05,16837.1,16814.25,16825.3,13:45:00,16847.28423968997,3,55
2022-09-29,16839.85,16849.8,16834.05,16836.0,13:50:00,16846.57621686235,3,56
2022-09-29,16813.5,16848.9,16811.8,16839.5,13:55:00,16843.4261009707,3,57
2022-09-29,16829.15,16829.15,16798.25,16814.25,14:00:00,16842.066472306826,3,58
2022-09-29,16820.45,16831.65,16813.65,16828.3,14:05:00,16840.00776065856,3,59
2022-09-29,16834.2,16835.75,16817.5,16820.7,14:10:00,16839.45464059584,3,60
2022-09-29,16831.25,16836.1,16823.45,16833.55,14:15:00,16838.673246253376,3,61
2022-09-29,16815.3,16832.9,16815.3,16830.95,14:20:00,16836.447222800674,3,62
2022-09-29,16839.25,16839.7,16812.45,16815.0,14:25:00,16836.714153962515,3,63
2022-09-29,16850.55,16853.45,16824.55,16839.85,14:30:00,16838.031853585133,3,64
2022-09-29,16874.35,16874.9,16849.85,16850.45,14:35:00,16841.49072467226,3,65
2022-09-29,16875.65,16883.5,16865.25,16874.65,14:40:00,16844.74398898919,3,66
2022-09-29,16850.35,16880.8,16849.6,16874.85,14:45:00,16845.277894799743,3,67
2022-09-29,16855.95,16861.3,16842.3,16849.9,14:50:00,16846.294285771197,3,68
2022-09-29,16848.5,16857.95,16847.2,16855.85,14:55:00,16846.50435379299,3,69
2022-09-29,16812.85,16852.8,16808.8,16846.75,15:00:00,16843.299177241275,3,70
2022-09-29,16792.25,16812.75,16791.9,16810.85,15:05:00,16838.437350837346,3,71
2022-09-29,16830.05,16831.15,16792.05,16792.75,15:10:00,16837.638555519505,3,72
2022-09-29,16820.5,16834.6,16818.2,16830.45,15:15:00,16836.006312136695,3,73
2022-09-29,16825.65,16829.2,16810.6,16820.15,15:20:00,16835.019996695104,3,74
2022-09-29,16842.9,16850.7,16810.45,16825.7,15:25:00,16835.770473200333,3,75
2022-09-30,16773.5,16836.15,16747.7,16808.7,09:15:00,16829.83995194316,4,1
2022-09-30,16779.05,16798.65,16764.1,16771.8,09:20:00,16825.002813662857,4,2
2022-09-30,16783.75,16801.1,16765.25,16774.55,09:25:00,16821.073974266394,4,3
2022-09-30,16770.1,16796.55,16763.75,16784.6,09:30:00,16816.219310050546,4,4
2022-09-30,16794.65,16795.3,16757.75,16769.8,09:35:00,16814.16509004573,4,5
2022-09-30,16818.4,16821.0,16793.35,16795.5,09:40:00,16814.56841480328,4,6
2022-09-30,16824.5,16836.75,16804.75,16819.45,09:45:00,16815.514280060113,4,7
2022-09-30,16810.6,16824.55,16801.95,16824.55,09:50:00,16815.04625338772,4,8
2022-09-30,16812.6,16826.35,16798.1,16810.95,09:55:00,16814.813276874604,4,9
2022-09-30,16844.1,16844.75,16793.9,16813.0,10:00:00,16817.60248860083,4,10
2022-09-30,16827.3,16847.65,16752.2,16847.65,10:05:00,16818.526061115037,4,11
2022-09-30,16851.9,16851.9,16810.65,16826.85,10:10:00,16821.704531485033,4,12
2022-09-30,16885.95,16890.2,16848.4,16852.15,10:15:00,16827.823147534076,4,13
2022-09-30,16868.1,16900.35,16858.1,16884.7,10:20:00,16831.659038245118,4,14
2022-09-30,16864.4,16879.25,16861.9,16868.45,10:25:00,16834.777225078917,4,15
2022-09-30,16904.8,16905.1,16865.3,16865.4,10:30:00,16841.446060785685,4,16
2022-09-30,16936.35,16937.7,16902.0,16905.55,10:35:00,16850.48453118705,4,17
2022-09-30,16945.15,16955.2,16933.45,16935.25,10:40:00,16859.500290121614,4,18
2022-09-30,16958.4,16969.95,16943.0,16943.0,10:45:00,16868.91931011003,4,19
2022-09-30,16948.85,16968.2,16948.85,16958.05,10:50:00,16876.53175676622,4,20
2022-09-30,16931.9,16953.15,16920.3,16949.1,10:55:00,16881.804922788484,4,21
2022-09-30,16918.05,16953.65,16918.05,16932.55,11:00:00,16885.256834903867,4,22
2022-09-30,16915.15,16929.4,16907.7,16917.8,11:05:00,16888.10380300826,4,23
2022-09-30,16941.4,16950.4,16916.1,16916.1,11:10:00,16893.179631293187,4,24
2022-09-30,16961.95,16965.7,16940.95,16940.95,11:15:00,16899.729190217648,4,25
2022-09-30,16949.45,16965.0,16943.4,16962.75,11:20:00,16904.464505435015,4,26
2022-09-30,16932.95,16951.05,16929.1,16950.0,11:25:00,16907.177409679298,4,27
2022-09-30,16956.4,16966.8,16931.8,16932.2,11:30:00,16911.865275424127,4,28
2022-09-30,16958.65,16964.9,16952.1,16955.65,11:35:00,16916.32096347897,4,29
2022-09-30,16969.3,16976.05,16957.1,16958.0,11:40:00,16921.366586004784,4,30
2022-09-30,16960.4,16976.4,16958.65,16969.85,11:45:00,16925.08405400433,4,31
2022-09-30,16961.45,16967.4,16945.1,16959.95,11:50:00,16928.547477432487,4,32
2022-09-30,16985.0,16985.9,16954.45,16960.25,11:55:00,16933.923908153203,4,33
2022-09-30,16994.0,17005.45,16985.0,16985.15,12:00:00,16939.64544071004,4,34
2022-09-30,16992.2,16998.5,16985.1,16993.9,12:05:00,16944.650636832892,4,35
2022-09-30,16994.15,16994.85,16980.45,16992.5,12:10:00,16949.36486189643,4,36
2022-09-30,17002.35,17008.45,16994.55,16994.55,12:15:00,16954.41106552534,4,37
2022-09-30,17019.65,17025.65,17002.45,17002.45,12:20:00,16960.62429738007,4,38
2022-09-30,17030.2,17030.85,17016.35,17019.0,12:25:00,16967.250554772443,4,39
2022-09-30,17051.65,17056.95,17030.15,17030.15,12:30:00,16975.288597175066,4,40
2022-09-30,17084.0,17085.45,17052.0,17052.0,12:35:00,16985.642064110772,4,41
2022-09-30,17087.3,17097.95,17080.0,17083.15,12:40:00,16995.3237722907,4,42
2022-09-30,17076.45,17090.1,17075.3,17087.0,12:45:00,17003.050079691584,4,43
2022-09-30,17100.55,17103.55,17074.45,17079.25,12:50:00,17012.335786387623,4,44
2022-09-30,17090.15,17111.9,17089.65,17101.1,12:55:00,17019.746663874517,4,45
2022-09-30,17092.9,17096.1,17079.8,17089.25,13:00:00,17026.71364826742,4,46
2022-09-30,17101.65,17102.8,17086.55,17093.2,13:05:00,17033.850443670523,4,47
2022-09-30,17071.95,17101.8,17071.65,17100.6,13:10:00,17037.478972844758,4,48
2022-09-30,17087.85,17092.8,17071.35,17071.35,13:15:00,17042.27621352621,4,49
2022-09-30,17087.2,17092.2,17080.45,17086.6,13:20:00,17046.554669380854,4,50
2022-09-30,17094.1,17101.25,17085.85,17086.6,13:25:00,17051.082796106486,4,51
2022-09-30,17106.85,17111.35,17096.8,17096.8,13:30:00,17056.393958382057,4,52
2022-09-30,17103.85,17122.6,17096.4,17106.35,13:35:00,17060.91358139329,4,53
2022-09-30,17126.3,17126.95,17104.25,17104.5,13:40:00,17067.140859355834,4,54
2022-09-30,17133.9,17140.6,17121.9,17125.6,13:45:00,17073.498872750515,4,55
2022-09-30,17140.2,17141.85,17129.8,17133.5,13:50:00,17079.85136105999,4,56
2022-09-30,17137.05,17144.65,17130.95,17139.95,13:55:00,17085.29885048285,4,57
2022-09-30,17139.8,17151.6,17133.1,17137.6,14:00:00,17090.48943615115,4,58
2022-09-30,17154.6,17155.25,17129.75,17140.3,14:05:00,17096.595204136756,4,59
2022-09-30,17162.65,17164.4,17149.45,17155.4,14:10:00,17102.886137076115,4,60
2022-09-30,17164.25,17173.85,17156.25,17163.55,14:15:00,17108.730314497436,4,61
2022-09-30,17177.1,17186.3,17163.45,17164.65,14:20:00,17115.241713116728,4,62
2022-09-30,17170.55,17187.1,17170.35,17177.7,14:25:00,17120.509169010373,4,63
2022-09-30,17139.95,17175.15,17139.95,17170.6,14:30:00,17122.36067672367,4,64
2022-09-30,17139.0,17159.0,17133.5,17139.9,14:35:00,17123.94537417856,4,65
2022-09-30,17138.85,17149.75,17134.0,17139.2,14:40:00,17125.364862352028,4,66
2022-09-30,17117.4,17151.1,17115.95,17138.7,14:45:00,17124.606304032786,4,67
2022-09-30,17129.2,17129.95,17111.05,17117.8,14:50:00,17125.043798886807,4,68
2022-09-30,17124.45,17134.2,17113.6,17129.05,14:55:00,17124.987246611872,4,69
2022-09-30,17111.45,17127.85,17095.2,17127.85,15:00:00,17123.69798502979,4,70
2022-09-30,17070.55,17110.8,17066.55,17110.8,15:05:00,17118.63627216981,4,71
2022-09-30,17066.05,17079.55,17060.8,17070.05,15:10:00,17113.628055772686,4,72
2022-09-30,17098.3,17099.9,17064.9,17066.1,15:15:00,17112.168240937193,4,73
2022-09-30,17114.05,17123.3,17094.85,17098.25,15:20:00,17112.347456086034,4,74
2022-09-30,17107.2,17117.7,17099.85,17113.55,15:25:00,17111.85722217308,4,75
2022-10-03,17071.95,17081.65,17014.95,17070.95,09:15:00,17108.056534347073,0,1
2022-10-03,17092.15,17114.65,17065.85,17072.5,09:20:00,17106.541626314018,0,2
2022-10-03,17039.45,17106.8,17037.8,17095.9,09:25:00,17100.151947617444,0,3
2022-10-03,17018.4,17061.85,17011.05,17038.4,09:30:00,17092.366047844353,0,4
2022-10-03,16986.65,17027.95,16985.65,17018.5,09:35:00,17082.297852811556,0,5
2022-10-03,16991.3,17015.05,16974.65,16986.15,09:40:00,17073.631390639028,0,6
2022-10-03,17016.2,17027.45,16976.25,16991.45,09:45:00,17068.161734387693,0,7
2022-10-03,17005.2,17027.4,17002.95,17016.25,09:50:00,17062.165378731723,0,8
2022-10-03,16980.75,17004.95,16979.8,17004.95,09:55:00,17054.411533138224,0,9
2022-10-03,16961.35,16988.35,16947.05,16980.2,10:00:00,17045.548529982203,0,10
2022-10-03,16966.55,16974.4,16954.35,16961.3,10:05:00,17038.02486046009,0,11
2022-10-03,16979.35,16985.5,16951.55,16966.2,10:10:00,17032.43677851151,0,12
2022-10-03,16975.3,16979.6,16956.55,16979.6,10:15:00,17026.99518055803,0,13
2022-10-03,16995.3,17002.45,16973.45,16974.1,10:20:00,17023.976591933457,0,14
2022-10-03,16965.75,16996.2,16965.45,16994.9,10:25:00,17018.43120222551,0,15
2022-10-03,16966.75,16971.45,16958.35,16964.05,10:30:00,17013.509182965936,0,16
2022-10-03,16969.85,16977.15,16956.6,16966.65,10:35:00,17009.351165540607,0,17
2022-10-03,16968.7,16973.25,16958.95,16969.05,10:40:00,17005.479625965312,0,18
2022-10-03,16969.8,16975.85,16962.8,16968.5,10:45:00,17002.081566349567,0,19
2022-10-03,16969.05,16971.1,16962.7,16969.95,10:50:00,16998.935702887702,0,20
2022-10-03,16964.5,16975.6,16964.5,16969.35,10:55:00,16995.656112136494,0,21
2022-10-03,16958.1,16964.2,16946.0,16964.2,11:00:00,16992.079339552067,0,22
2022-10-03,16958.35,16968.4,16952.55,16958.45,11:05:00,16988.86702149949,0,23
2022-10-03,16979.8,16981.3,16954.5,16958.95,11:10:00,16988.003495642395,0,24
2022-10-03,17011.25,17013.6,16980.5,16980.5,11:15:00,16990.217448438358,0,25
2022-10-03,17040.45,17040.45,17013.25,17013.7,11:20:00,16995.00150096804,0,26
2022-10-03,17023.1,17040.5,17015.7,17039.5,11:25:00,16997.677548494892,0,27
2022-10-03,17044.7,17053.95,17023.25,17023.25,11:30:00,17002.155877209665,0,28
2022-10-03,17050.85,17056.55,17033.05,17045.4,11:35:00,17006.79341271351,0,29
2022-10-03,17056.25,17058.3,17043.1,17051.05,11:40:00,17011.503563883653,0,30
2022-10-03,17034.0,17059.75,17032.95,17056.5,11:45:00,17013.64608160902,0,31
2022-10-03,17024.15,17033.6,17019.7,17033.1,11:50:00,17014.646454789112,0,32
2022-10-03,17034.5,17039.15,17023.75,17024.3,11:55:00,17016.53726861872,0,33
2022-10-03,17033.1,17036.9,17019.45,17035.1,12:00:00,17018.11467160741,0,34
2022-10-03,17024.55,17032.95,17022.85,17032.95,12:05:00,17018.727560025753,0,35
2022-10-03,17015.7,17025.1,17012.0,17024.3,12:10:00,17018.43922097568,0,36
2022-10-03,17006.2,17016.05,16996.05,17015.55,12:15:00,17017.27358088276,0,37
2022-10-03,17005.35,17008.95,16991.9,17005.9,12:20:00,17016.138001751067,0,38
2022-10-03,17007.45,17008.9,16992.65,17005.5,12:25:00,17015.31057301287,0,39
2022-10-03,16997.6,17008.95,16982.35,17007.55,12:30:00,17013.623851773547,0,40
2022-10-03,17011.35,17026.65,16990.85,16997.25,12:35:00,17013.40729446178,0,41
2022-10-03,17000.35,17011.4,16979.35,17011.05,12:40:00,17012.163742608278,0,42
2022-10-03,17027.05,17029.0,16997.85,17000.5,12:45:00,17013.581481407487,0,43
2022-10-03,17032.9,17045.55,17025.7,17026.8,12:50:00,17015.42134032106,0,44
2022-10-03,17023.2,17039.7,17021.6,17033.05,12:55:00,17016.16216505239,0,45
2022-10-03,17021.9,17035.65,17015.95,17022.45,13:00:00,17016.70862552359,0,46
2022-10-03,17004.95,17029.05,17004.95,17021.7,13:05:00,17015.588756426107,0,47
2022-10-03,17020.65,17025.5,17005.05,17005.05,13:10:00,17016.07077962362,0,48
2022-10-03,17035.25,17035.85,17017.55,17020.85,13:15:00,17017.897372040417,0,49
2022-10-03,17018.45,17046.25,17016.9,17034.85,13:20:00,17017.950003274662,0,50
2022-10-03,17012.1,17034.35,17010.7,17020.55,13:25:00,17017.392860105647,0,51
2022-10-03,16993.2,17015.35,16992.6,17012.85,13:30:00,17015.088778190824,0,52
2022-10-03,16984.6,16998.75,16982.85,16995.2,13:35:00,17012.185085029792,0,53
2022-10-03,16994.05,16998.5,16981.15,16985.4,13:40:00,17010.457934074573,0,54
2022-10-03,16966.65,16997.05,16965.6,16994.8,13:45:00,17006.285749876995,0,55
2022-10-03,16955.55,16971.6,16955.55,16965.2,13:50:00,17001.453773698235,0,56
2022-10-03,16954.1,16966.2,16950.1,16956.6,13:55:00,16996.943890488878,0,57
2022-10-03,16975.3,16975.65,16921.25,16954.05,14:00:00,16994.882567585173,0,58
2022-10-03,16946.65,16978.35,16940.15,16974.85,14:05:00,16990.288989719917,0,59
2022-10-03,16937.3,16948.35,16930.75,16946.95,14:10:00,16985.242419270402,0,60
2022-10-03,16949.45,16960.3,16927.65,16937.5,14:15:00,16981.833617435124,0,61
2022-10-03,16932.5,16957.35,16927.55,16950.5,14:20:00,16977.135177679396,0,62
2022-10-03,16930.3,16937.1,16918.45,16932.95,14:25:00,16972.674684567075,0,63
2022-10-03,16909.45,16933.0,16907.35,16930.75,14:30:00,16966.65328603688,0,64
2022-10-03,16911.05,16921.75,16903.75,16910.8,14:35:00,16961.357734985748,0,65
2022-10-03,16893.5,16922.2,16891.55,16911.9,14:40:00,16954.895093558534,0,66
2022-10-03,16881.2,16907.05,16880.5,16894.65,14:45:00,16947.876513219624,0,67
2022-10-03,16867.2,16887.95,16855.55,16880.45,14:50:00,16940.193035770135,0,68
2022-10-03,16888.8,16891.35,16866.1,16868.3,14:55:00,16935.298460934882,0,69
2022-10-03,16883.1,16898.25,16867.6,16892.25,15:00:00,16930.327178941083,0,70
2022-10-03,16897.9,16898.65,16878.25,16884.85,15:05:00,16927.23887618479,0,71
2022-10-03,16891.25,16901.25,16886.3,16900.55,15:10:00,16923.81136416719,0,72
2022-10-03,16895.45,16898.05,16884.8,16892.85,15:15:00,16921.110281865553,0,73
2022-10-03,16880.55,16896.25,16879.2,16896.25,15:20:00,16917.247397878356,0,74
2022-10-03,16876.0,16885.8,16874.65,16880.65,15:25:00,16913.319074270894,0,75
2022-10-04,17174.9,17183.25,17117.3,17129.45,09:15:00,16938.231543387952,1,1
2022-10-04,17213.45,17213.9,17174.45,17174.45,09:20:00,16964.44282497005,1,2
2022-10-04,17215.7,17227.55,17201.8,17214.35,09:25:00,16988.372079734807,1,3
2022-10-04,17224.8,17235.95,17211.75,17215.25,09:30:00,17010.889024521966,1,4
2022-10-04,17195.75,17228.75,17190.8,17226.9,09:35:00,17028.49483171035,1,5
2022-10-04,17181.35,17205.8,17178.1,17195.7,09:40:00,17043.052466785557,1,6
2022-10-04,17188.05,17192.7,17175.65,17181.1,09:45:00,17056.86175566312,1,7
2022-10-04,17201.8,17210.35,17187.05,17187.8,09:50:00,17070.66539798092,1,8
2022-10-04,17220.35,17220.9,17201.6,17202.1,09:55:00,17084.92107436369,1,9
2022-10-04,17245.6,17249.2,17220.4,17220.7,10:00:00,17100.223829186198,1,10
2022-10-04,17244.3,17247.45,17238.8,17245.7,10:05:00,17113.945369263703,1,11
2022-10-04,17223.25,17245.15,17221.3,17244.35,10:10:00,17124.355334095733,1,12
2022-10-04,17237.7,17237.7,17221.35,17223.7,10:15:00,17135.150064181853,1,13
2022-10-04,17239.2,17239.35,17231.05,17237.45,10:20:00,17145.05958187882,1,14
2022-10-04,17232.05,17246.25,17231.35,17239.3,10:25:00,17153.344383604646,1,15
2022-10-04,17230.15,17234.6,17222.45,17231.55,10:30:00,17160.659204213727,1,16
2022-10-04,17236.75,17237.3,17222.2,17229.45,10:35:00,17167.90594666956,1,17
2022-10-04,17253.25,17254.15,17236.5,17236.65,10:40:00,17176.03395174865,1,18
2022-10-04,17238.65,17257.55,17238.5,17253.05,10:45:00,17181.997384915445,1,19
2022-10-04,17240.5,17242.3,17230.5,17238.75,10:50:00,17187.569062542545,1,20
2022-10-04,17207.95,17241.65,17207.9,17241.3,10:55:00,17189.51010420516,1,21
2022-10-04,17202.8,17212.6,17191.4,17207.45,11:00:00,17190.775808566574,1,22
2022-10-04,17207.6,17212.7,17201.2,17202.5,11:05:00,17192.378112512615,1,23
2022-10-04,17218.95,17220.35,17200.9,17206.85,11:10:00,17194.908768463796,1,24
2022-10-04,17214.8,17223.2,17212.3,17218.85,11:15:00,17196.803171467243,1,25
2022-10-04,17208.5,17215.4,17205.25,17214.95,11:20:00,17197.91715513703,1,26
2022-10-04,17203.2,17214.5,17195.05,17208.4,11:25:00,17198.42028321922,1,27
2022-10-04,17201.95,17213.05,17200.55,17203.1,11:30:00,17198.756446722153,1,28
2022-10-04,17209.8,17213.35,17201.2,17201.4,11:35:00,17199.808213700995,1,29
2022-10-04,17218.55,17225.25,17206.0,17209.55,11:40:00,17201.593145729472,1,30
2022-10-04,17214.75,17221.2,17212.9,17218.8,11:45:00,17202.846179469525,1,31
2022-10-04,17229.55,17229.55,17214.9,17214.9,11:50:00,17205.389400472428,1,32
2022-10-04,17233.1,17238.25,17229.6,17229.6,11:55:00,17208.028505189337,1,33
2022-10-04,17231.95,17239.4,17229.65,17232.5,12:00:00,17210.30674279035,1,34
2022-10-04,17241.75,17242.5,17228.85,17232.0,12:05:00,17213.30133871508,1,35
2022-10-04,17237.15,17244.3,17230.7,17241.85,12:10:00,17215.572639789832,1,36
2022-10-04,17241.3,17245.9,17236.1,17236.1,12:15:00,17218.022864571754,1,37
2022-10-04,17239.7,17243.95,17221.55,17240.9,12:20:00,17220.087353660158,1,38
2022-10-04,17243.4,17246.65,17234.65,17239.05,12:25:00,17222.307605692524,1,39
2022-10-04,17247.5,17248.75,17240.75,17242.25,12:30:00,17224.706881340855,1,40
2022-10-04,17255.65,17262.5,17243.95,17248.1,12:35:00,17227.65384502268,1,41
2022-10-04,17255.65,17261.45,17251.35,17256.1,12:40:00,17230.32014549671,1,42
2022-10-04,17253.7,17256.9,17250.05,17255.35,12:45:00,17232.546798306546,1,43
2022-10-04,17253.15,17255.55,17245.65,17254.05,12:50:00,17234.509007991637,1,44
2022-10-04,17239.45,17259.2,17238.05,17253.4,12:55:00,17234.9795786591,1,45
2022-10-04,17247.4,17252.2,17238.7,17238.7,13:00:00,17236.16247592966,1,46
2022-10-04,17248.8,17251.05,17245.8,17247.7,13:05:00,17237.366049650645,1,47
2022-10-04,17245.9,17252.1,17241.65,17250.0,13:10:00,17238.178806826774,1,48
2022-10-04,17248.4,17249.05,17237.45,17245.7,13:15:00,17239.15225379565,1,49
2022-10-04,17246.85,17250.6,17245.95,17248.45,13:20:00,17239.88537248178,1,50
2022-10-04,17253.25,17258.75,17246.25,17247.75,13:25:00,17241.158194150183,1,51
2022-10-04,17264.55,17268.2,17253.6,17253.6,13:30:00,17243.385985183497,1,52
2022-10-04,17258.15,17265.95,17257.1,17264.75,13:35:00,17244.79208183269,1,53
2022-10-04,17251.1,17268.65,17251.1,17258.0,13:40:00,17245.39283594386,1,54
2022-10-04,17254.0,17258.8,17242.75,17251.65,13:45:00,17246.21256585397,1,55
2022-10-04,17238.6,17254.95,17237.1,17254.15,13:50:00,17245.487559582165,1,56
2022-10-04,17241.1,17242.8,17233.15,17238.5,13:55:00,17245.06969676482,1,57
2022-10-04,17258.7,17261.7,17240.8,17240.8,14:00:00,17246.367820882453,1,58
2022-10-04,17264.65,17265.75,17252.9,17258.6,14:05:00,17248.10898079841,1,59
2022-10-04,17258.9,17271.75,17255.1,17264.25,14:10:00,17249.136696912847,1,60
2022-10-04,17267.3,17268.55,17252.55,17257.85,14:15:00,17250.8665353021,1,61
2022-10-04,17252.7,17272.0,17252.7,17267.45,14:20:00,17251.041150987614,1,62
2022-10-04,17259.8,17263.0,17251.85,17252.25,14:25:00,17251.87532708403,1,63
2022-10-04,17263.1,17272.7,17260.05,17260.05,14:30:00,17252.94434355222,1,64
2022-10-04,17248.45,17266.8,17248.35,17262.65,14:35:00,17252.516310832958,1,65
2022-10-04,17237.9,17252.5,17237.9,17248.6,14:40:00,17251.12428122982,1,66
2022-10-04,17248.8,17253.95,17232.2,17237.45,14:45:00,17250.90292111269,1,67
2022-10-04,17262.2,17262.2,17246.85,17247.95,14:50:00,17251.978833387675,1,68
2022-10-04,17265.95,17268.65,17258.6,17261.15,14:55:00,17253.309420684087,1,69
2022-10-04,17270.3,17272.25,17259.95,17263.55,15:00:00,17254.927571095126,1,70
2022-10-04,17274.1,17285.15,17268.55,17270.15,15:05:00,17256.753516705114,1,71
2022-10-04,17273.75,17274.35,17263.65,17273.1,15:10:00,17258.372229399865,1,72
2022-10-04,17278.35,17279.0,17269.9,17273.4,15:15:00,17260.274874218925,1,73
2022-10-04,17279.4,17283.5,17274.65,17278.05,15:20:00,17262.096314769504,1,74
2022-10-04,17277.45,17287.3,17273.75,17279.0,15:25:00,17263.558570505742,1,75
2022-10-06,17374.7,17428.8,17366.0,17382.55,09:15:00,17274.143468552815,3,1
2022-10-06,17376.9,17392.7,17358.65,17374.5,09:20:00,17283.929804881118,3,2
2022-10-06,17394.6,17396.0,17371.9,17377.4,09:25:00,17294.469823463867,3,3
2022-10-06,17377.75,17403.8,17377.0,17393.9,09:30:00,17302.40126884826,3,4
2022-10-06,17374.15,17378.6,17354.45,17377.9,09:35:00,17309.234481338903,3,5
2022-10-06,17358.8,17376.4,17358.55,17374.65,09:40:00,17313.955006925673,3,6
2022-10-06,17383.4,17384.1,17344.75,17359.2,09:45:00,17320.568815789895,3,7
2022-10-06,17392.8,17396.5,17382.4,17383.9,09:50:00,17327.44797619086,3,8
2022-10-06,17397.9,17401.05,17388.75,17392.9,09:55:00,17334.15769274411,3,9
2022-10-06,17415.45,17415.45,17397.8,17397.8,10:00:00,17341.89981724467,3,10
2022-10-06,17412.45,17417.6,17405.6,17414.9,10:05:00,17348.618882268987,3,11
2022-10-06,17401.25,17417.4,17399.15,17413.0,10:10:00,17353.63136967194,3,12
2022-10-06,17414.1,17414.5,17400.15,17401.4,10:15:00,17359.390286846043,3,13
2022-10-06,17408.7,17416.3,17407.15,17414.0,10:20:00,17364.08645000356,3,14
2022-10-06,17410.0,17415.8,17402.7,17409.1,10:25:00,17368.45916905084,3,15
2022-10-06,17408.45,17422.75,17406.2,17409.75,10:30:00,17372.267819617424,3,16
2022-10-06,17394.95,17408.2,17389.15,17406.85,10:35:00,17374.42802727291,3,17
2022-10-06,17398.8,17404.45,17394.95,17395.55,10:40:00,17376.74916753263,3,18
2022-10-06,17391.3,17398.8,17386.65,17398.55,10:45:00,17378.134961100954,3,19
2022-10-06,17395.2,17395.2,17381.75,17390.8,10:50:00,17379.760202900863,3,20
2022-10-06,17399.7,17402.0,17393.85,17395.1,10:55:00,17381.65923119602,3,21
2022-10-06,17410.7,17415.3,17400.7,17400.85,11:00:00,17384.42501870116,3,22
2022-10-06,17408.7,17413.65,17405.5,17409.9,11:05:00,17386.736921682,3,23
2022-10-06,17399.65,17408.95,17396.75,17408.95,11:10:00,17387.966738664665,3,24
2022-10-06,17385.65,17399.35,17382.3,17399.35,11:15:00,17387.74609688708,3,25
2022-10-06,17371.0,17385.8,17370.9,17385.6,11:20:00,17386.15123051688,3,26
2022-10-06,17358.3,17371.85,17340.65,17371.3,11:25:00,17383.498732372416,3,27
2022-10-06,17357.1,17368.1,17348.75,17357.55,11:30:00,17380.984567384567,3,28
2022-10-06,17368.6,17369.25,17350.7,17356.95,11:35:00,17379.80508477651,3,29
2022-10-06,17362.75,17369.65,17354.2,17368.85,11:40:00,17378.180790988274,3,30
2022-10-06,17355.5,17363.6,17351.15,17362.8,11:45:00,17376.020715656057,3,31
2022-10-06,17370.05,17372.3,17354.05,17355.95,11:50:00,17375.452076069767,3,32
2022-10-06,17365.1,17374.3,17358.3,17369.95,11:55:00,17374.466164063124,3,33
2022-10-06,17371.45,17372.7,17361.3,17365.95,12:00:00,17374.178910342827,3,34
2022-10-06,17372.75,17381.05,17369.7,17371.4,12:05:00,17374.04282364351,3,35
2022-10-06,17384.25,17385.2,17367.9,17372.8,12:10:00,17375.014935677464,3,36
2022-10-06,17392.0,17392.0,17383.2,17384.35,12:15:00,17376.632560851038,3,37
2022-10-06,17391.65,17393.2,17385.65,17391.75,12:20:00,17378.062793150937,3,38
2022-10-06,17369.45,17394.45,17368.35,17391.35,12:25:00,17377.24252713656,3,39
2022-10-06,17373.65,17375.65,17360.05,17370.1,12:30:00,17376.900381694984,3,40
2022-10-06,17385.25,17385.8,17367.1,17374.25,12:35:00,17377.69558343832,3,41
2022-10-06,17391.75,17392.15,17383.95,17384.55,12:40:00,17379.034099301334,3,42
2022-10-06,17402.8,17404.2,17392.05,17392.4,12:45:00,17381.297518415493,3,43
2022-10-06,17392.8,17408.4,17390.8,17403.15,12:50:00,17382.392992852114,3,44
2022-10-06,17408.45,17409.1,17392.45,17393.9,12:55:00,17384.874612580483,3,45
2022-10-06,17406.0,17410.2,17400.8,17407.85,13:00:00,17386.886554239485,3,46
2022-10-06,17395.35,17406.3,17394.25,17405.85,13:05:00,17387.69259669287,3,47
2022-10-06,17397.1,17403.95,17395.65,17395.65,13:10:00,17388.588539864977,3,48
2022-10-06,17389.0,17396.2,17379.05,17395.4,13:15:00,17388.627726544502,3,49
2022-10-06,17403.9,17404.75,17389.5,17389.5,13:20:00,17390.08222877836,3,50
2022-10-06,17404.1,17407.75,17400.15,17405.05,13:25:00,17391.417254608994,3,51
2022-10-06,17408.75,17410.75,17396.55,17404.0,13:30:00,17393.067992265278,3,52
2022-10-06,17404.9,17414.95,17404.1,17408.35,13:35:00,17394.194850144773,3,53
2022-10-06,17397.6,17409.45,17392.8,17404.3,13:40:00,17394.519150130986,3,54
2022-10-06,17396.9,17404.5,17392.1,17397.65,13:45:00,17394.745897737557,3,55
2022-10-06,17383.55,17397.6,17382.65,17396.45,13:50:00,17393.679621762552,3,56
2022-10-06,17373.2,17387.05,17368.4,17383.0,13:55:00,17391.72918159469,3,57
2022-10-06,17376.6,17387.5,17370.6,17372.5,14:00:00,17390.288307157098,3,58
2022-10-06,17366.55,17384.85,17365.5,17376.35,14:05:00,17388.027515999278,3,59
2022-10-06,17356.35,17371.6,17351.3,17365.65,14:10:00,17385.01060971363,3,60
2022-10-06,17353.4,17360.75,17346.25,17356.15,14:15:00,17382.000075455187,3,61
2022-10-06,17351.6,17355.85,17341.95,17352.85,14:20:00,17379.104830173743,3,62
2022-10-06,17353.7,17354.95,17339.65,17351.05,14:25:00,17376.68532253815,3,63
2022-10-06,17338.4,17354.0,17327.55,17353.1,14:30:00,17373.039101344042,3,64
2022-10-06,17341.8,17353.2,17335.95,17337.95,14:35:00,17370.063948835086,3,65
2022-10-06,17342.4,17348.05,17332.35,17342.6,14:40:00,17367.42928704127,3,66
2022-10-06,17349.45,17359.1,17339.35,17341.75,14:45:00,17365.716973989718,3,67
2022-10-06,17355.65,17356.0,17344.05,17349.1,14:50:00,17364.758214562127,3,68
2022-10-06,17359.75,17364.1,17349.1,17356.0,14:55:00,17364.28124174669,3,69
2022-10-06,17348.5,17363.05,17346.15,17358.4,15:00:00,17362.77826634224,3,70
2022-10-06,17327.05,17348.75,17326.05,17348.55,15:05:00,17359.375574309644,3,71
2022-10-06,17331.1,17331.25,17320.7,17327.1,15:10:00,17356.68266247063,3,72
2022-10-06,17328.6,17334.45,17328.2,17332.55,15:15:00,17354.008123187712,3,73
2022-10-06,17326.4,17333.05,17324.3,17329.1,15:20:00,17351.378778122216,3,74
2022-10-06,17316.3,17327.6,17315.65,17326.65,15:25:00,17348.037942110575,3,75
2022-10-07,17312.6,17313.65,17261.85,17299.6,09:15:00,17344.662900004805,4,1
2022-10-07,17290.2,17322.4,17284.3,17312.9,09:20:00,17339.475957147206,4,2
2022-10-07,17267.7,17305.95,17267.05,17290.5,09:25:00,17332.640151704614,4,3
2022-10-07,17256.95,17267.5,17239.0,17266.15,09:30:00,17325.431565827985,4,4
2022-10-07,17257.65,17266.55,17248.8,17257.1,09:35:00,17318.97617860627,4,5
2022-10-07,17257.6,17262.25,17240.1,17257.85,09:40:00,17313.130828262816,4,6
2022-10-07,17280.55,17283.7,17258.65,17258.65,09:45:00,17310.027892237784,4,7
2022-10-07,17301.55,17302.55,17279.1,17280.0,09:50:00,17309.220473929425,4,8
2022-10-07,17325.8,17328.95,17300.55,17301.0,09:55:00,17310.799476412336,4,9
2022-10-07,17310.7,17334.65,17309.8,17325.35,10:00:00,17310.790002468304,4,10
2022-10-07,17309.45,17311.6,17297.45,17309.65,10:05:00,17310.66238318561,4,11
2022-10-07,17292.1,17311.05,17286.85,17309.85,10:10:00,17308.89453716793,4,12
2022-10-07,17287.8,17293.85,17277.9,17291.65,10:15:00,17306.885533628127,4,13
2022-10-07,17277.5,17289.35,17272.4,17287.4,10:20:00,17304.086911377828,4,14
2022-10-07,17275.1,17279.9,17267.9,17277.8,10:25:00,17301.32625315137,4,15
2022-10-07,17263.25,17276.45,17262.3,17274.6,10:30:00,17297.69994332743,4,16
2022-10-07,17263.35,17268.05,17260.85,17263.15,10:35:00,17294.428520153386,4,17
2022-10-07,17277.4,17282.8,17261.0,17262.75,10:40:00,17292.806756329253,4,18
2022-10-07,17259.85,17277.7,17259.5,17277.1,10:45:00,17289.66801763123,4,19
2022-10-07,17267.7,17267.75,17254.35,17259.6,10:50:00,17287.575825475873,4,20
2022-10-07,17255.45,17267.6,17249.75,17267.6,10:55:00,17284.5162230496,4,21
2022-10-07,17256.45,17258.45,17243.7,17255.55,11:00:00,17281.843249425827,4,22
2022-10-07,17264.05,17265.7,17254.2,17256.7,11:05:00,17280.148654242414,4,23
2022-10-07,17267.3,17272.6,17257.55,17263.7,11:10:00,17278.924972885994,4,24
2022-10-07,17273.0,17273.9,17259.7,17268.3,11:15:00,17278.360689753994,4,25
2022-10-07,17257.0,17273.95,17252.25,17273.2,11:20:00,17276.326338348852,4,26
2022-10-07,17253.05,17266.1,17252.85,17256.65,11:25:00,17274.10954422039,4,27
2022-10-07,17253.4,17259.4,17247.7,17252.75,11:30:00,17272.137206675594,4,28
2022-10-07,17264.35,17267.55,17251.25,17253.15,11:35:00,17271.395567944586,4,29
2022-10-07,17259.5,17264.8,17256.6,17264.5,11:40:00,17270.26265671177,4,30
2022-10-07,17267.4,17270.7,17253.1,17258.9,11:45:00,17269.99002273922,4,31
2022-10-07,17256.6,17270.15,17255.95,17266.75,11:50:00,17268.714782478342,4,32
2022-10-07,17247.05,17257.3,17244.8,17256.5,11:55:00,17266.651469861357,4,33
2022-10-07,17228.4,17247.6,17226.7,17247.1,12:00:00,17263.008472731704,4,34
2022-10-07,17224.4,17233.0,17221.95,17228.35,12:05:00,17259.331475328687,4,35
2022-10-07,17230.35,17232.0,17216.95,17223.8,12:10:00,17256.571334821194,4,36
2022-10-07,17240.65,17240.85,17228.6,17230.75,12:15:00,17255.055017219176,4,37
2022-10-07,17242.3,17245.6,17238.15,17240.9,12:20:00,17253.84025367449,4,38
2022-10-07,17248.7,17248.7,17238.85,17242.4,12:25:00,17253.350705705492,4,39
2022-10-07,17260.7,17261.9,17245.4,17249.1,12:30:00,17254.050638495446,4,40
2022-10-07,17264.05,17265.3,17254.05,17260.8,12:35:00,17255.002958638735,4,41
2022-10-07,17279.15,17283.6,17263.3,17263.3,12:40:00,17257.30267686362,4,42
2022-10-07,17276.9,17284.75,17273.3,17279.45,12:45:00,17259.169088590894,4,43
2022-10-07,17279.75,17283.15,17274.0,17276.75,12:50:00,17261.12917539176,4,44
2022-10-07,17266.3,17282.25,17264.55,17279.9,12:55:00,17261.621634878262,4,45
2022-10-07,17269.35,17270.35,17261.8,17266.7,13:00:00,17262.35766965176,4,46
2022-10-07,17277.45,17278.55,17265.8,17268.95,13:05:00,17263.79503444683,4,47
2022-10-07,17265.15,17278.7,17263.55,17277.35,13:10:00,17263.92407878523,4,48
2022-10-07,17261.85,17265.65,17254.85,17265.3,13:15:00,17263.72654747235,4,49
2022-10-07,17263.0,17268.25,17258.85,17261.9,13:20:00,17263.657352474984,4,50
2022-10-07,17254.6,17267.35,17253.9,17263.15,13:25:00,17262.79474747737,4,51
2022-10-07,17259.35,17262.6,17248.95,17253.9,13:30:00,17262.46667628905,4,52
2022-10-07,17261.9,17266.4,17258.05,17259.4,13:35:00,17262.412707118663,4,53
2022-10-07,17277.05,17278.2,17262.65,17262.65,13:40:00,17263.806735012124,4,54
2022-10-07,17272.7,17280.05,17271.0,17276.9,13:45:00,17264.653712630017,4,55
2022-10-07,17291.65,17292.4,17271.9,17272.55,13:50:00,17267.224787617633,4,56
2022-10-07,17280.4,17291.65,17280.4,17291.2,13:55:00,17268.47956974929,4,57
2022-10-07,17282.35,17285.6,17274.4,17280.8,14:00:00,17269.8005631065,4,58
2022-10-07,17291.1,17298.65,17280.65,17282.2,14:05:00,17271.82908090588,4,59
2022-10-07,17284.55,17297.3,17284.5,17290.5,14:10:00,17273.040597010084,4,60
2022-10-07,17301.05,17301.05,17279.45,17284.25,14:15:00,17275.7081591996,4,61
2022-10-07,17300.15,17309.45,17297.85,17301.55,14:20:00,17278.035953561543,4,62
2022-10-07,17295.85,17301.0,17291.75,17299.45,14:25:00,17279.732529412824,4,63
2022-10-07,17304.55,17310.05,17288.1,17295.9,14:30:00,17282.096098040176,4,64
2022-10-07,17309.8,17310.6,17297.35,17305.0,14:35:00,17284.734564893493,4,65
2022-10-07,17304.75,17311.6,17297.35,17309.85,14:40:00,17286.6407968084,4,66
2022-10-07,17327.7,17327.85,17302.05,17305.2,14:45:00,17290.551197112363,4,67
2022-10-07,17335.6,17337.35,17326.7,17327.85,14:50:00,17294.841559292137,4,68
2022-10-07,17323.7,17336.65,17319.3,17336.1,14:55:00,17297.589982216698,4,69
2022-10-07,17311.55,17328.1,17310.55,17323.5,15:00:00,17298.919507719867,4,70
2022-10-07,17312.6,17312.6,17301.05,17311.6,15:05:00,17300.22241174655,4,71
2022-10-07,17307.1,17315.6,17304.85,17312.15,15:10:00,17300.87742015164,4,72
2022-10-07,17310.35,17312.15,17307.15,17307.15,15:15:00,17301.779570613387,4,73
2022-10-07,17321.85,17322.1,17310.0,17310.55,15:20:00,17303.69104007878,4,74
2022-10-07,17316.15,17321.5,17312.95,17321.5,15:25:00,17304.877607690323,4,75
2022-10-10,17095.1,17149.65,17082.15,17106.2,09:15:00,17284.898787910293,0,1
2022-10-10,17096.65,17104.85,17064.7,17093.6,09:20:00,17266.970331918837,0,2
2022-10-10,17122.1,17122.35,17082.45,17095.25,09:25:00,17253.173157450376,0,3
2022-10-10,17106.05,17131.75,17106.05,17122.35,09:30:00,17239.161428169387,0,4
2022-10-10,17105.0,17107.35,17078.6,17105.45,09:35:00,17226.38414929611,0,5
2022-10-10,17108.65,17118.3,17098.35,17106.6,09:40:00,17215.171373172674,0,6
2022-10-10,17086.85,17108.1,17085.75,17108.1,09:45:00,17202.95029001337,0,7
2022-10-10,17081.35,17095.15,17077.8,17087.1,09:50:00,17191.369310012098,0,8
2022-10-10,17073.45,17083.65,17068.5,17080.65,09:55:00,17180.138899534755,0,9
2022-10-10,17083.0,17084.8,17068.35,17073.6,10:00:00,17170.88757576954,0,10
2022-10-10,17079.15,17086.95,17072.85,17082.15,10:05:00,17162.150663791486,0,11
2022-10-10,17085.9,17086.35,17071.0,17079.25,10:10:00,17154.888695811343,0,12
2022-10-10,17088.0,17090.1,17078.35,17085.75,10:15:00,17148.51834382931,0,13
2022-10-10,17104.9,17105.1,17088.25,17088.55,10:20:00,17144.364215845566,0,14
2022-10-10,17106.95,17111.55,17098.85,17105.05,10:25:00,17140.800957193605,0,15
2022-10-10,17111.1,17117.7,17108.3,17108.3,10:30:00,17137.972294603736,0,16
2022-10-10,17090.9,17111.45,17089.9,17111.45,10:35:00,17133.48921892719,0,17
2022-10-10,17095.7,17096.95,17083.45,17091.25,10:40:00,17129.890245696028,0,18
2022-10-10,17098.35,17100.25,17093.65,17095.3,10:45:00,17126.886412772597,0,19
2022-10-10,17106.35,17109.55,17097.2,17098.15,10:50:00,17124.930563937112,0,20
2022-10-10,17110.55,17113.65,17103.5,17106.6,10:55:00,17123.560986419292,0,21
2022-10-10,17102.1,17113.6,17093.55,17110.5,11:00:00,17121.517082950788,0,22
2022-10-10,17115.15,17116.35,17098.25,17101.25,11:05:00,17120.910694098333,0,23
2022-10-10,17125.75,17128.9,17115.0,17115.4,11:10:00,17121.37158037468,0,24
2022-10-10,17122.4,17129.35,17121.45,17125.95,11:15:00,17121.469525100903,0,25
2022-10-10,17120.95,17129.0,17118.0,17122.2,11:20:00,17121.420046519866,0,26
2022-10-10,17126.65,17127.0,17117.65,17121.45,11:25:00,17121.9181373275,0,27
2022-10-10,17141.15,17141.85,17125.9,17126.3,11:30:00,17123.749743296306,0,28
2022-10-10,17145.35,17148.9,17141.0,17141.0,11:35:00,17125.80691060142,0,29
2022-10-10,17167.6,17168.2,17144.1,17144.4,11:40:00,17129.787204829856,0,30
2022-10-10,17167.25,17178.25,17165.55,17168.65,11:45:00,17133.355090084155,0,31
2022-10-10,17175.15,17181.75,17161.5,17167.3,11:50:00,17137.335557695187,0,32
2022-10-10,17192.55,17192.7,17173.75,17175.6,11:55:00,17142.594076009933,0,33
2022-10-10,17189.3,17200.0,17188.95,17192.3,12:00:00,17147.042259247082,0,34
2022-10-10,17207.75,17210.4,17186.75,17189.45,12:05:00,17152.823948842597,0,35
2022-10-10,17213.25,17216.4,17202.8,17207.65,12:10:00,17158.578810857587,0,36
2022-10-10,17225.65,17234.25,17213.15,17213.15,12:15:00,17164.966543156865,0,37
2022-10-10,17203.85,17227.85,17201.2,17224.95,12:20:00,17168.669729522877,0,38
2022-10-10,17215.15,17217.2,17195.45,17203.65,12:25:00,17173.09642194927,0,39
2022-10-10,17258.0,17258.45,17216.35,17216.4,12:30:00,17181.18247700172,0,40
2022-10-10,17261.0,17271.65,17254.25,17257.4,12:35:00,17188.7841458587,0,41
2022-10-10,17266.2,17269.7,17258.6,17260.4,12:40:00,17196.157084348346,0,42
2022-10-10,17262.25,17270.85,17254.7,17266.5,12:45:00,17202.451647743743,0,43
2022-10-10,17276.95,17277.25,17258.3,17262.45,12:50:00,17209.546728911006,0,44
2022-10-10,17270.15,17280.15,17265.95,17276.35,12:55:00,17215.31846901472,0,45
2022-10-10,17243.95,17270.5,17239.1,17270.4,13:00:00,17218.04528148951,0,46
2022-10-10,17252.25,17259.2,17242.3,17242.3,13:05:00,17221.302873728604,0,47
2022-10-10,17235.45,17258.5,17227.55,17252.05,13:10:00,17222.650219087784,0,48
2022-10-10,17229.9,17241.55,17226.05,17235.25,13:15:00,17223.340674412757,0,49
2022-10-10,17218.25,17233.15,17214.0,17230.15,13:20:00,17222.85584827821,0,50
2022-10-10,17209.1,17218.6,17204.55,17217.65,13:25:00,17221.54576748981,0,51
2022-10-10,17198.0,17213.7,17195.0,17208.7,13:30:00,17219.30331344316,0,52
2022-10-10,17203.5,17207.85,17188.9,17197.05,13:35:00,17217.798235972383,0,53
2022-10-10,17225.0,17229.3,17200.55,17203.4,13:40:00,17218.484118260727,0,54
2022-10-10,17200.65,17225.5,17191.35,17224.85,13:45:00,17216.785630807324,0,55
2022-10-10,17193.85,17210.8,17192.8,17200.0,13:50:00,17214.60128501615,0,56
2022-10-10,17172.3,17196.15,17172.15,17193.65,13:55:00,17210.572591205088,0,57
2022-10-10,17157.2,17173.0,17152.2,17172.2,14:00:00,17205.489487280793,0,58
2022-10-10,17153.0,17158.25,17140.1,17156.95,14:05:00,17200.490488492145,0,59
2022-10-10,17159.35,17164.1,17142.75,17154.25,14:10:00,17196.572346730987,0,60
2022-10-10,17180.65,17181.7,17156.1,17160.1,14:15:00,17195.055932756608,0,61
2022-10-10,17182.95,17183.15,17166.1,17180.25,14:20:00,17193.902986779787,0,62
2022-10-10,17197.5,17198.75,17177.35,17182.8,14:25:00,17194.245559467425,0,63
2022-10-10,17213.9,17224.0,17198.15,17198.15,14:30:00,17196.117410946717,0,64
2022-10-10,17217.15,17221.2,17205.05,17214.75,14:35:00,17198.120514666076,0,65
2022-10-10,17197.3,17217.55,17188.65,17216.4,14:40:00,17198.042370412164,0,66
2022-10-10,17223.0,17223.0,17196.55,17197.4,14:45:00,17200.419287515768,0,67
2022-10-10,17238.4,17245.35,17220.85,17222.3,14:50:00,17204.036498228554,0,68
2022-10-10,17232.6,17237.55,17218.0,17237.3,14:55:00,17206.756831730596,0,69
2022-10-10,17222.7,17239.8,17219.85,17230.45,15:00:00,17208.275228708633,0,70
2022-10-10,17229.6,17232.7,17219.05,17222.95,15:05:00,17210.306159307813,0,71
2022-10-10,17253.2,17261.7,17229.45,17229.45,15:10:00,17214.391286992784,0,72
2022-10-10,17243.4,17257.05,17238.8,17253.45,15:15:00,17217.1540215649,0,73
2022-10-10,17245.0,17248.9,17239.3,17242.65,15:20:00,17219.8060195111,0,74
2022-10-10,17252.45,17254.7,17243.55,17244.85,15:25:00,17222.914970033853,0,75
2022-10-11,17185.5,17261.8,17172.95,17261.8,09:15:00,17219.35163955444,1,1
2022-10-11,17189.9,17205.85,17181.0,17185.75,09:20:00,17216.546721501636,1,2
2022-10-11,17191.05,17207.25,17173.85,17189.75,09:25:00,17214.118462311002,1,3
2022-10-11,17184.0,17202.05,17178.9,17192.25,09:30:00,17211.250037329002,1,4
2022-10-11,17185.35,17190.05,17165.5,17183.45,09:35:00,17208.783367107193,1,5
2022-10-11,17187.0,17204.05,17185.15,17185.15,09:40:00,17206.708760716032,1,6
2022-10-11,17180.15,17196.05,17179.15,17187.3,09:45:00,17204.179354933553,1,7
2022-10-11,17155.55,17180.7,17154.4,17180.55,09:50:00,17199.547987797025,1,8
2022-10-11,17152.05,17162.4,17150.65,17155.6,09:55:00,17195.024369911593,1,9
2022-10-11,17163.15,17166.9,17140.9,17152.1,10:00:00,17191.9887156343,1,10
2022-10-11,17162.3,17174.8,17160.2,17162.8,10:05:00,17189.161218907226,1,11
2022-10-11,17175.25,17177.95,17152.65,17162.25,10:10:00,17187.83634091606,1,12
2022-10-11,17177.2,17188.2,17174.6,17174.7,10:15:00,17186.82335606691,1,13
2022-10-11,17157.25,17180.5,17157.05,17177.65,10:20:00,17184.0068459653,1,14
2022-10-11,17134.35,17157.55,17131.8,17157.5,10:25:00,17179.277622540034,1,15
2022-10-11,17127.0,17133.5,17116.6,17133.5,10:30:00,17174.298801345747,1,16
2022-10-11,17151.35,17151.85,17127.05,17127.45,10:35:00,17172.11320121758,1,17
2022-10-11,17165.35,17168.05,17145.2,17151.05,10:40:00,17171.469086815905,1,18
2022-10-11,17170.25,17172.1,17156.7,17164.6,10:45:00,17171.35298330963,1,19
2022-10-11,17156.9,17171.15,17155.3,17170.05,10:50:00,17169.976508708714,1,20
2022-10-11,17149.25,17160.7,17144.25,17156.85,10:55:00,17168.00255549836,1,21
2022-10-11,17150.2,17152.2,17144.15,17149.6,11:00:00,17166.307074022323,1,22
2022-10-11,17151.45,17160.35,17148.4,17149.4,11:05:00,17164.892114591625,1,23
2022-10-11,17150.65,17165.25,17149.5,17151.5,11:10:00,17163.535722725755,1,24
2022-10-11,17151.0,17161.3,17149.7,17149.95,11:15:00,17162.341844370923,1,25
2022-10-11,17166.3,17166.3,17147.45,17151.25,11:20:00,17162.718811573694,1,26
2022-10-11,17177.6,17181.8,17165.95,17165.95,11:25:00,17164.136067614294,1,27
2022-10-11,17182.35,17184.0,17175.15,17177.2,11:30:00,17165.870727841506,1,28
2022-10-11,17171.7,17184.35,17170.0,17182.2,11:35:00,17166.425896618504,1,29
2022-10-11,17181.85,17181.95,17160.75,17171.3,11:40:00,17167.894858845313,1,30
2022-10-11,17192.15,17195.85,17180.5,17181.55,11:45:00,17170.204872288617,1,31
2022-10-11,17192.05,17195.45,17185.55,17191.85,11:50:00,17172.285360642083,1,32
2022-10-11,17191.95,17194.35,17185.65,17191.8,11:55:00,17174.158183438074,1,33
2022-10-11,17206.55,17212.65,17187.0,17191.45,12:00:00,17177.24311834873,1,34
2022-10-11,17210.65,17211.35,17201.35,17205.95,12:05:00,17180.424726125042,1,35
2022-10-11,17201.35,17213.35,17197.25,17210.6,12:10:00,17182.41760935123,1,36
2022-10-11,17201.7,17208.6,17200.6,17201.5,12:15:00,17184.254027508254,1,37
2022-10-11,17177.1,17202.45,17173.75,17201.8,12:20:00,17183.572691555088,1,38
2022-10-11,17150.75,17178.25,17150.4,17176.95,12:25:00,17180.446720930795,1,39
2022-10-11,17138.35,17152.85,17126.65,17149.95,12:30:00,17176.437509413576,1,40
2022-10-11,17125.6,17139.9,17114.85,17139.55,12:35:00,17171.59584185038,1,41
2022-10-11,17113.1,17127.9,17103.85,17126.1,12:40:00,17166.0248092932,1,42
2022-10-11,17135.05,17136.5,17106.4,17113.0,12:45:00,17163.074827455755,1,43
2022-10-11,17128.2,17137.1,17124.3,17134.8,12:50:00,17159.753415317115,1,44
2022-10-11,17159.8,17161.3,17127.25,17127.25,12:55:00,17159.757851953582,1,45
2022-10-11,17140.95,17165.15,17140.45,17158.95,13:00:00,17157.966627958,1,46
2022-10-11,17143.35,17153.45,17139.55,17141.45,13:05:00,17156.57456815248,1,47
2022-10-11,17124.65,17146.05,17119.1,17144.35,13:10:00,17153.53413309034,1,48
2022-10-11,17125.35,17131.0,17116.25,17123.95,13:15:00,17150.84992993888,1,49
2022-10-11,17123.5,17127.75,17109.05,17125.45,13:20:00,17148.245174706604,1,50
2022-10-11,17121.3,17123.5,17105.4,17122.9,13:25:00,17145.678967591688,1,51
2022-10-11,17125.3,17130.6,17102.2,17121.5,13:30:00,17143.738113535335,1,52
2022-10-11,17129.3,17130.8,17112.65,17124.85,13:35:00,17142.363055103397,1,53
2022-10-11,17132.75,17143.45,17128.9,17129.7,13:40:00,17141.44752604593,1,54
2022-10-11,17132.0,17139.95,17120.5,17131.15,13:45:00,17140.5477616606,1,55
2022-10-11,17121.05,17141.25,17118.45,17131.65,13:50:00,17138.690831978638,1,56
2022-10-11,17121.05,17127.65,17115.15,17120.9,13:55:00,17137.01075274258,1,57
2022-10-11,17111.9,17123.4,17107.2,17121.75,14:00:00,17134.61925248138,1,58
2022-10-11,17118.8,17118.85,17106.0,17111.65,14:05:00,17133.112657006965,1,59
2022-10-11,17135.35,17137.15,17107.5,17119.6,14:10:00,17133.325737292016,1,60
2022-10-11,17128.35,17140.75,17125.6,17134.8,14:15:00,17132.85185754992,1,61
2022-10-11,17106.95,17134.2,17106.4,17128.1,14:20:00,17130.385013973733,1,62
2022-10-11,17088.1,17111.55,17082.4,17106.25,14:25:00,17126.35786978576,1,63
2022-10-11,17086.25,17094.1,17078.6,17087.85,14:30:00,17122.53807266331,1,64
2022-10-11,17082.15,17088.4,17070.4,17086.5,14:35:00,17118.691589552516,1,65
2022-10-11,17084.2,17088.05,17077.15,17080.8,14:40:00,17115.406676261802,1,66
2022-10-11,17085.7,17092.4,17076.85,17084.15,14:45:00,17112.577468998774,1,67
2022-10-11,17040.6,17086.85,17040.2,17084.6,14:50:00,17105.72247195127,1,68
2022-10-11,17021.1,17040.4,17018.8,17039.2,14:55:00,17097.663188908293,1,69
2022-10-11,16996.95,17021.65,16993.2,17020.85,15:00:00,17088.07145663131,1,70
2022-10-11,17007.3,17017.5,16991.6,16997.75,15:05:00,17080.378936952136,1,71
2022-10-11,16980.45,17016.5,16980.2,17008.0,15:10:00,17070.861895337646,1,72
2022-10-11,16972.2,16983.65,16966.35,16982.4,15:15:00,17061.46552435311,1,73
2022-10-11,16956.1,16973.4,16953.75,16972.4,15:20:00,17051.430712509955,1,74
2022-10-11,16964.15,16966.0,16950.3,16956.0,15:25:00,17043.118263699485,1,75
2022-10-12,17011.85,17036.3,16996.4,17028.6,09:15:00,17040.140333823343,2,1
2022-10-12,17021.95,17026.35,16976.75,17012.4,09:20:00,17038.407921078262,2,2
2022-10-12,17052.25,17052.7,17021.75,17021.75,09:25:00,17039.726214308903,2,3
2022-10-12,17055.5,17064.1,17033.2,17053.45,09:30:00,17041.228479612815,2,4
2022-10-12,17056.4,17062.4,17043.45,17056.3,09:35:00,17042.673386316357,2,5
2022-10-12,17064.95,17070.6,17055.6,17056.25,09:40:00,17044.794968571943,2,6
2022-10-12,17043.7,17067.5,17041.8,17063.65,09:45:00,17044.690685850805,2,7
2022-10-12,17061.7,17071.65,17044.15,17044.3,09:50:00,17046.31062053168,2,8
2022-10-12,17055.1,17065.05,17051.4,17061.9,09:55:00,17047.147704290568,2,9
2022-10-12,17025.7,17056.9,17020.8,17054.9,10:00:00,17045.105065786705,2,10
2022-10-12,16995.2,17025.6,16992.35,17025.5,10:05:00,17040.352202378446,2,11
2022-10-12,17007.6,17010.55,16990.95,16995.05,10:10:00,17037.23294500907,2,12
2022-10-12,17019.7,17027.5,16999.8,17006.2,10:15:00,17035.56314072249,2,13
2022-10-12,17037.95,17041.05,17013.7,17019.75,10:20:00,17035.790460653683,2,14
2022-10-12,17043.2,17045.9,17029.15,17037.55,10:25:00,17036.49613106762,2,15
2022-10-12,17019.2,17046.0,17018.25,17043.3,10:30:00,17034.84888048975,2,16
2022-10-12,17006.45,17019.45,17002.15,17018.9,10:35:00,17032.14422520501,2,17
2022-10-12,17007.4,17017.35,17004.25,17006.25,10:40:00,17029.78763232834,2,18
2022-10-12,16971.85,17007.6,16971.45,17007.6,10:45:00,17024.269762582786,2,19
2022-10-12,16963.35,16974.1,16961.9,16971.2,10:50:00,17018.467880432043,2,20
2022-10-12,16971.15,16978.25,16960.05,16963.05,10:55:00,17013.96141562899,2,21
2022-10-12,16984.95,16988.3,16964.5,16971.0,11:00:00,17011.198423664322,2,22
2022-10-12,16974.95,16993.1,16974.95,16985.8,11:05:00,17007.74619283915,2,23
2022-10-12,16995.55,16995.55,16968.65,16975.7,11:10:00,17006.58465066399,2,24
2022-10-12,17007.85,17009.85,16992.45,16995.85,11:15:00,17006.705160124562,2,25
2022-10-12,17018.5,17022.85,17002.85,17007.65,11:20:00,17007.82847820794,2,26
2022-10-12,17017.95,17020.1,17010.6,17018.55,11:25:00,17008.792432664326,2,27
2022-10-12,17009.4,17029.0,17008.8,17017.9,11:30:00,17008.850296220106,2,28
2022-10-12,17033.0,17034.1,17008.95,17009.75,11:35:00,17011.150268008667,2,29
2022-10-12,17052.8,17053.45,17034.25,17034.25,11:40:00,17015.1169091507,2,30
2022-10-12,17048.9,17059.3,17048.9,17053.0,11:45:00,17018.334346374442,2,31
2022-10-12,17041.95,17050.45,17031.75,17048.45,11:50:00,17020.583456243545,2,32
2022-10-12,17064.65,17065.45,17041.3,17041.65,11:55:00,17024.780269934636,2,33
2022-10-12,17083.3,17083.3,17062.0,17064.45,12:00:00,17030.35357755991,2,34
2022-10-12,17084.25,17088.7,17081.35,17083.55,12:05:00,17035.48657017325,2,35
2022-10-12,17099.65,17101.5,17084.95,17084.95,12:10:00,17041.597373013894,2,36
2022-10-12,17095.35,17103.7,17091.25,17099.05,12:15:00,17046.716670822094,2,37
2022-10-12,17095.85,17102.6,17090.7,17094.95,12:20:00,17051.396035505702,2,38
2022-10-12,17104.45,17104.45,17091.65,17095.65,12:25:00,17056.44879402897,2,39
2022-10-12,17079.05,17105.4,17074.75,17104.55,12:30:00,17058.601289835733,2,40
2022-10-12,17079.9,17102.5,17075.0,17078.9,12:35:00,17060.629738422806,2,41
2022-10-12,17071.35,17089.8,17066.2,17080.1,12:40:00,17061.65071571587,2,42
2022-10-12,17067.3,17076.0,17065.2,17070.9,12:45:00,17062.18874279055,2,43
2022-10-12,17082.0,17085.65,17065.3,17066.95,12:50:00,17064.07552919145,2,44
2022-10-12,17058.8,17089.85,17054.05,17081.55,12:55:00,17063.573097839882,2,45
2022-10-12,17060.15,17063.8,17048.85,17059.35,13:00:00,17063.2470885218,2,46
2022-10-12,17054.9,17069.25,17050.7,17059.6,13:05:00,17062.4521277102,2,47
2022-10-12,17048.05,17061.2,17043.55,17054.4,13:10:00,17061.080496499704,2,48
2022-10-12,17051.95,17067.4,17044.4,17048.0,13:15:00,17060.21092540449,2,49
2022-10-12,17058.1,17061.0,17050.0,17052.15,13:20:00,17060.00988488978,2,50
2022-10-12,17039.7,17062.25,17038.0,17057.7,13:25:00,17058.07561013837,2,51
2022-10-12,17062.8,17064.6,17035.5,17039.8,13:30:00,17058.525552029954,2,52
2022-10-12,17059.4,17068.85,17056.55,17062.55,13:35:00,17058.608832789007,2,53
2022-10-12,17050.05,17066.0,17049.6,17059.85,13:40:00,17057.79370585672,2,54
2022-10-12,17059.3,17068.1,17049.45,17050.2,13:45:00,17057.937162441794,2,55
2022-10-12,17076.4,17078.0,17058.6,17059.65,13:50:00,17059.69552792353,2,56
2022-10-12,17085.9,17090.6,17076.7,17076.7,13:55:00,17062.19119193081,2,57
2022-10-12,17086.15,17102.05,17085.7,17085.7,14:00:00,17064.472983175496,2,58
2022-10-12,17085.2,17086.05,17077.05,17086.05,14:05:00,17066.44698477783,2,59
2022-10-12,17091.6,17100.25,17085.75,17085.75,14:10:00,17068.842510037084,2,60
2022-10-12,17102.35,17113.7,17090.3,17094.45,14:15:00,17072.033699557363,2,61
2022-10-12,17104.8,17108.4,17095.2,17102.85,14:20:00,17075.15429959952,2,62
2022-10-12,17094.6,17114.2,17086.45,17105.5,14:25:00,17077.00627106623,2,63
2022-10-12,17113.9,17120.55,17091.65,17094.05,14:30:00,17080.519959536115,2,64
2022-10-12,17105.75,17118.85,17098.45,17113.2,14:35:00,17082.922820532676,2,65
2022-10-12,17119.2,17125.65,17104.25,17105.95,14:40:00,17086.377790005754,2,66
2022-10-12,17114.55,17123.5,17110.05,17119.6,14:45:00,17089.060857624252,2,67
2022-10-12,17116.0,17121.1,17110.1,17113.5,14:50:00,17091.626490231465,2,68
2022-10-12,17125.25,17125.9,17115.8,17115.8,14:55:00,17094.82872925704,2,69
2022-10-12,17124.7,17127.15,17101.85,17127.15,15:00:00,17097.67361218494,2,70
2022-10-12,17132.75,17142.35,17123.8,17124.3,15:05:00,17101.014220548277,2,71
2022-10-12,17124.85,17134.15,17118.8,17133.05,15:10:00,17103.284294781773,2,72
2022-10-12,17122.3,17125.5,17115.8,17124.25,15:15:00,17105.095314326365,2,73
2022-10-12,17125.65,17126.6,17118.9,17122.45,15:20:00,17107.05290343814,2,74
2022-10-12,17129.05,17132.75,17124.5,17126.0,15:25:00,17109.14786501546,2,75
2022-10-13,17088.3,17112.35,17079.0,17104.45,09:15:00,17107.162354061606,3,1
2022-10-13,17099.0,17102.2,17073.35,17086.0,09:20:00,17106.384987008118,3,2
2022-10-13,17087.6,17103.6,17077.1,17098.2,09:25:00,17104.595940626394,3,3
2022-10-13,17084.7,17102.65,17069.35,17087.8,09:30:00,17102.701089138165,3,4
2022-10-13,17065.65,17085.05,17064.95,17085.05,09:35:00,17099.17241398215,3,5
2022-10-13,17062.45,17069.35,17051.55,17064.55,09:40:00,17095.675041221944,3,6
2022-10-13,17075.45,17075.9,17055.25,17062.7,09:45:00,17093.748846819853,3,7
2022-10-13,17062.95,17076.15,17060.25,17075.95,09:50:00,17090.8156233132,3,8
2022-10-13,17053.4,17062.55,17047.45,17062.55,09:55:00,17087.252230616705,3,9
2022-10-13,17054.15,17065.6,17040.8,17053.3,10:00:00,17084.099637224637,3,10
2022-10-13,17043.85,17061.75,17043.85,17053.6,10:05:00,17080.26633844134,3,11
2022-10-13,17029.05,17043.8,17026.75,17043.8,10:10:00,17075.388591923118,3,12
2022-10-13,17043.8,17043.8,17019.35,17029.85,10:15:00,17072.380154597107,3,13
2022-10-13,17023.95,17043.35,17023.8,17043.3,10:20:00,17067.767758921193,3,14
2022-10-13,17014.0,17022.95,17011.2,17022.2,10:25:00,17062.647019976317,3,15
2022-10-13,17002.15,17015.85,16997.85,17014.2,10:30:00,17056.885399026192,3,16
2022-10-13,17018.2,17023.5,16996.6,17001.85,10:35:00,17053.20107530941,3,17
2022-10-13,17026.2,17027.85,17011.35,17018.1,10:40:00,17050.629544327563,3,18
2022-10-13,17026.35,17033.3,17022.65,17026.3,10:45:00,17048.317206772557,3,19
2022-10-13,17016.75,17026.3,17013.05,17025.75,10:50:00,17045.310806127552,3,20
2022-10-13,17035.35,17041.65,17016.0,17017.9,10:55:00,17044.36215792493,3,21
2022-10-13,17036.0,17039.05,17028.1,17035.65,11:00:00,17043.56576193208,3,22
2022-10-13,17034.85,17038.05,17027.1,17035.55,11:05:00,17042.73568936712,3,23
2022-10-13,17014.25,17038.5,17014.25,17034.55,11:10:00,17040.02276657025,3,24
2022-10-13,17002.95,17014.1,17001.25,17014.1,11:15:00,17036.492026896893,3,25
2022-10-13,16995.6,17004.45,16989.5,17002.75,11:20:00,17032.597548144808,3,26
2022-10-13,17005.9,17009.25,16990.6,16996.0,11:25:00,17030.05492451197,3,27
2022-10-13,16999.4,17007.75,16993.65,17005.4,11:30:00,17027.13540789178,3,28
2022-10-13,17014.7,17014.7,16998.0,16998.8,11:35:00,17025.951083330656,3,29
2022-10-13,16989.4,17016.55,16983.3,17014.75,11:40:00,17022.470027775355,3,30
2022-10-13,16984.2,16988.95,16973.0,16988.95,11:45:00,17018.82526322532,3,31
2022-10-13,16976.0,16985.0,16970.25,16985.0,11:50:00,17014.74666672767,3,32
2022-10-13,16966.75,16975.1,16959.3,16975.1,11:55:00,17010.175555610753,3,33
2022-10-13,16977.05,16977.55,16956.95,16966.05,12:00:00,17007.020740790682,3,34
2022-10-13,16986.8,16988.7,16975.85,16976.7,12:05:00,17005.094955953475,3,35
2022-10-13,16995.05,16996.3,16980.65,16986.5,12:10:00,17004.138293481716,3,36
2022-10-13,17004.65,17009.35,16993.55,16995.85,12:15:00,17004.187027435837,3,37
2022-10-13,17013.8,17018.15,17002.75,17004.25,12:20:00,17005.102548632425,3,38
2022-10-13,16998.05,17014.4,16997.3,17013.65,12:25:00,17004.4308773341,3,39
2022-10-13,16978.35,16997.55,16970.55,16997.55,12:30:00,17001.94698425466,3,40
2022-10-13,17003.8,17006.25,16968.6,16978.3,12:35:00,17002.123461944695,3,41
2022-10-13,17011.3,17013.55,16993.25,17003.65,12:40:00,17002.997417949962,3,42
2022-10-13,17014.55,17022.75,17008.3,17012.25,12:45:00,17004.09766385949,3,43
2022-10-13,17014.05,17022.7,17004.3,17014.1,12:50:00,17005.04550539668,3,44
2022-10-13,17031.1,17037.2,17012.5,17013.6,12:55:00,17007.52688583509,3,45
2022-10-13,17022.65,17034.95,17018.2,17030.5,13:00:00,17008.967182422224,3,46
2022-10-13,17010.95,17025.35,17007.95,17022.4,13:05:00,17009.156022191535,3,47
2022-10-13,17021.6,17027.85,17007.5,17010.85,13:10:00,17010.341162935198,3,48
2022-10-13,17013.15,17028.15,17011.0,17020.85,13:15:00,17010.608671227084,3,49
2022-10-13,17019.55,17022.6,17012.1,17012.55,13:20:00,17011.460226348314,3,50
2022-10-13,17011.95,17028.1,17010.25,17019.8,13:25:00,17011.506871457997,3,51
2022-10-13,16989.4,17019.7,16987.9,17012.05,13:30:00,17009.401455128664,3,52
2022-10-13,16986.55,17003.4,16984.9,16989.45,13:35:00,17007.22512606879,3,53
2022-10-13,16992.95,16998.3,16982.6,16987.0,13:40:00,17005.865590252717,3,54
2022-10-13,16996.15,17002.05,16991.9,16992.55,13:45:00,17004.940295942935,3,55
2022-10-13,16994.55,16998.75,16983.4,16995.6,13:50:00,17003.95074394837,3,56
2022-10-13,17008.2,17009.75,16988.95,16994.8,13:55:00,17004.355435000907,3,57
2022-10-13,17011.55,17020.0,17003.0,17007.45,14:00:00,17005.04063166749,3,58
2022-10-13,17020.45,17025.0,17011.05,17012.1,14:05:00,17006.5081905563,3,59
2022-10-13,17022.85,17030.9,17020.15,17020.3,14:10:00,17008.06455336046,3,60
2022-10-13,17022.15,17035.4,17020.35,17023.25,14:15:00,17009.406024468986,3,61
2022-10-13,17038.7,17038.7,17020.65,17022.3,14:20:00,17012.19592690051,3,62
2022-10-13,17053.95,17057.95,17038.8,17038.8,14:25:00,17016.17250529094,3,63
2022-10-13,17056.05,17064.9,17050.35,17054.2,14:30:00,17019.970361929896,3,64
2022-10-13,17055.6,17061.4,17046.75,17056.2,14:35:00,17023.363660793715,3,65
2022-10-13,17074.9,17074.9,17053.45,17055.45,14:40:00,17028.271883575268,3,66
2022-10-13,17065.6,17080.25,17060.25,17074.85,14:45:00,17031.826942282387,3,67
2022-10-13,17050.1,17068.5,17046.55,17065.15,14:50:00,17033.567233493588,3,68
2022-10-13,17036.85,17050.15,17032.25,17050.05,14:55:00,17033.87987792277,3,69
2022-10-13,17007.0,17041.05,16999.95,17037.8,15:00:00,17031.319889549173,3,70
2022-10-13,17015.9,17019.95,16992.15,17007.55,15:05:00,17029.85132863973,3,71
2022-10-13,17017.85,17018.65,17005.45,17016.25,15:10:00,17028.708344959752,3,72
2022-10-13,17020.4,17028.65,17014.35,17016.95,15:15:00,17027.917074011202,3,73
2022-10-13,17023.7,17024.35,17014.35,17020.5,15:20:00,17027.5154479149,3,74
2022-10-13,17017.8,17025.75,17011.1,17023.9,15:25:00,17026.5901671611,3,75
2022-10-14,17312.55,17331.65,17293.45,17293.45,09:15:00,17053.82443695528,4,1
2022-10-14,17281.0,17319.8,17277.25,17313.25,09:20:00,17075.460204864303,4,2
2022-10-14,17291.4,17293.15,17278.45,17279.7,09:25:00,17096.02589963913,4,3
2022-10-14,17303.55,17318.45,17289.6,17289.6,09:30:00,17115.7900996735,4,4
2022-10-14,17284.9,17311.7,17279.3,17303.8,09:35:00,17131.8958044665,4,5
2022-10-14,17280.7,17292.4,17268.05,17284.25,09:40:00,17146.06763261255,4,6
2022-10-14,17287.65,17299.25,17278.15,17280.2,09:45:00,17159.55166760183,4,7
2022-10-14,17288.9,17291.65,17277.9,17287.25,09:50:00,17171.870556401656,4,8
2022-10-14,17295.95,17296.6,17286.5,17288.8,09:55:00,17183.687646268165,4,9
2022-10-14,17294.3,17308.3,17293.5,17296.4,10:00:00,17194.22215614739,4,10
2022-10-14,17305.6,17307.85,17292.75,17294.45,10:05:00,17204.82956984764,4,11
2022-10-14,17298.7,17311.25,17292.6,17304.9,10:10:00,17213.769610814532,4,12
2022-10-14,17298.45,17308.5,17297.85,17298.75,10:15:00,17221.834409784577,4,13
2022-10-14,17293.3,17303.15,17287.1,17298.35,10:20:00,17228.640656471758,4,14
2022-10-14,17268.75,17293.75,17264.75,17292.95,10:25:00,17232.46059395064,4,15
2022-10-14,17271.1,17275.0,17258.8,17269.8,10:30:00,17236.14053738391,4,16
2022-10-14,17265.15,17271.95,17261.0,17270.9,10:35:00,17238.90334334735,4,17
2022-10-14,17269.35,17269.35,17251.4,17264.95,10:40:00,17241.803024933317,4,18
2022-10-14,17280.45,17281.4,17269.15,17269.15,10:45:00,17245.48368922538,4,19
2022-10-14,17275.9,17281.0,17274.35,17280.6,10:50:00,17248.380480727727,4,20
2022-10-14,17285.65,17288.3,17268.3,17275.7,10:55:00,17251.92995875366,4,21
2022-10-14,17285.65,17287.3,17274.05,17285.25,11:00:00,17255.14139125331,4,22
2022-10-14,17291.1,17291.9,17282.95,17285.25,11:05:00,17258.566020657756,4,23
2022-10-14,17296.25,17302.1,17289.85,17289.95,11:10:00,17262.1549710713,4,24
2022-10-14,17300.95,17303.75,17292.9,17296.4,11:15:00,17265.849735731175,4,25
2022-10-14,17307.6,17308.3,17291.6,17301.3,11:20:00,17269.825951375824,4,26
2022-10-14,17305.05,17310.05,17303.75,17307.8,11:25:00,17273.180622673364,4,27
2022-10-14,17303.75,17309.6,17298.9,17303.7,11:30:00,17276.09199194257,4,28
2022-10-14,17304.05,17308.1,17302.4,17304.05,11:35:00,17278.75465937661,4,29
2022-10-14,17299.05,17305.65,17297.8,17303.8,11:40:00,17280.68754895979,4,30
2022-10-14,17309.55,17310.6,17299.3,17299.3,11:45:00,17283.436353820765,4,31
2022-10-14,17298.45,17311.65,17294.15,17309.6,11:50:00,17284.866224885453,4,32
2022-10-14,17306.45,17309.8,17297.15,17298.4,11:55:00,17286.921822515407,4,33
2022-10-14,17327.6,17328.2,17303.8,17306.0,12:00:00,17290.795934656795,4,34
2022-10-14,17336.2,17342.35,17327.8,17327.8,12:05:00,17295.120131356147,4,35
2022-10-14,17344.4,17348.55,17331.65,17336.05,12:10:00,17299.81345217937,4,36
2022-10-14,17340.55,17347.65,17338.75,17343.2,12:15:00,17303.693123400382,4,37
2022-10-14,17336.5,17342.25,17333.6,17340.75,12:20:00,17306.81758783844,4,38
2022-10-14,17331.4,17340.8,17330.45,17336.7,12:25:00,17309.158769949063,4,39
2022-10-14,17319.3,17334.05,17319.3,17331.15,12:30:00,17310.124601382486,4,40
2022-10-14,17316.65,17327.6,17315.3,17318.95,12:35:00,17310.746067917487,4,41
2022-10-14,17315.8,17317.5,17307.4,17316.9,12:40:00,17311.227394782487,4,42
2022-10-14,17299.25,17319.25,17298.1,17315.9,12:45:00,17310.086690517488,4,43
2022-10-14,17283.85,17300.65,17282.4,17299.55,12:50:00,17307.58795808725,4,44
2022-10-14,17282.35,17285.65,17272.05,17282.65,12:55:00,17305.18434303132,4,45
2022-10-14,17286.0,17292.5,17276.95,17282.5,13:00:00,17303.357262742622,4,46
2022-10-14,17284.4,17291.25,17276.0,17286.25,13:05:00,17301.551809148088,4,47
2022-10-14,17289.45,17291.05,17281.25,17284.5,13:10:00,17300.39925589589,4,48
2022-10-14,17276.65,17289.05,17268.6,17289.05,13:15:00,17298.137422001044,4,49
2022-10-14,17294.65,17294.7,17272.5,17276.6,13:20:00,17297.805286572373,4,50
2022-10-14,17300.75,17306.55,17293.95,17293.95,13:25:00,17298.085735470242,4,51
2022-10-14,17296.05,17304.6,17290.35,17300.85,13:30:00,17297.891855901646,4,52
2022-10-14,17301.9,17304.7,17291.85,17296.95,13:35:00,17298.273583911014,4,53
2022-10-14,17309.45,17311.4,17300.15,17301.55,13:40:00,17299.338004490917,4,54
2022-10-14,17294.2,17310.45,17292.85,17309.85,13:45:00,17298.848670729876,4,55
2022-10-14,17268.3,17296.45,17267.75,17293.95,13:50:00,17295.939273517506,4,56
2022-10-14,17244.1,17270.45,17242.8,17268.15,13:55:00,17291.002199849172,4,57
2022-10-14,17253.9,17256.4,17234.75,17243.0,14:00:00,17287.468657006393,4,58
2022-10-14,17269.2,17269.2,17254.35,17254.35,14:05:00,17285.728784910545,4,59
2022-10-14,17256.3,17271.7,17254.85,17269.35,14:10:00,17282.926043490494,4,60
2022-10-14,17233.2,17258.15,17233.15,17256.8,14:15:00,17278.19022982473,4,61
2022-10-14,17234.95,17237.2,17212.35,17232.2,14:20:00,17274.072112698566,4,62
2022-10-14,17230.3,17245.35,17223.25,17234.5,14:25:00,17269.903340060606,4,63
2022-10-14,17207.9,17231.15,17195.9,17230.75,14:30:00,17263.998260054832,4,64
2022-10-14,17215.3,17224.95,17203.95,17208.05,14:35:00,17259.3603305258,4,65
2022-10-14,17226.3,17235.0,17210.4,17215.4,14:40:00,17256.21172761858,4,66
2022-10-14,17233.9,17239.85,17220.1,17226.15,14:45:00,17254.086801178717,4,67
2022-10-14,17236.6,17239.9,17227.9,17233.4,14:50:00,17252.421391542648,4,68
2022-10-14,17199.1,17236.7,17199.1,17236.7,14:55:00,17247.34316377668,4,69
2022-10-14,17185.4,17201.1,17169.75,17201.05,15:00:00,17241.443814845567,4,70
2022-10-14,17186.85,17189.45,17175.35,17185.45,15:05:00,17236.244403907895,4,71
2022-10-14,17180.5,17191.15,17172.9,17187.0,15:10:00,17230.935413059524,4,72
2022-10-14,17185.55,17189.25,17171.95,17180.1,15:15:00,17226.61299276814,4,73
2022-10-14,17194.75,17196.5,17179.1,17185.95,15:20:00,17223.578422028317,4,74
2022-10-14,17200.35,17203.15,17193.5,17195.15,15:25:00,17221.366191358953,4,75
2022-10-17,17146.55,17201.0,17135.35,17155.1,09:15:00,17214.240839800957,0,1
2022-10-17,17167.65,17167.65,17132.95,17146.85,09:20:00,17209.80361696277,0,2
2022-10-17,17125.4,17170.1,17122.15,17169.25,09:25:00,17201.765177252033,0,3
2022-10-17,17112.35,17124.5,17098.55,17124.5,09:30:00,17193.24944608517,0,4
2022-10-17,17121.9,17138.75,17111.4,17112.25,09:35:00,17186.454260743725,0,5
2022-10-17,17138.3,17144.7,17107.55,17121.25,09:40:00,17181.868140672894,0,6
2022-10-17,17149.0,17153.4,17136.6,17139.0,09:45:00,17178.73784156119,0,7
2022-10-17,17161.85,17163.7,17144.6,17148.85,09:50:00,17177.129475698217,0,8
2022-10-17,17158.35,17164.25,17154.3,17162.75,09:55:00,17175.340954203148,0,9
2022-10-17,17196.95,17198.9,17159.0,17159.0,10:00:00,17177.398958564754,0,10
2022-10-17,17205.25,17208.8,17192.05,17197.5,10:05:00,17180.051438701445,0,11
2022-10-17,17219.25,17220.35,17203.0,17205.4,10:10:00,17183.784635015592,0,12
2022-10-17,17239.15,17241.05,17218.95,17219.35,10:15:00,17189.05752691887,0,13
2022-10-17,17248.85,17249.7,17229.2,17239.05,10:20:00,17194.75204816469,0,14
2022-10-17,17217.7,17249.05,17216.75,17247.8,10:25:00,17196.9375673871,0,15
2022-10-17,17238.1,17242.6,17216.75,17217.35,10:30:00,17200.857799064517,0,16
2022-10-17,17272.45,17272.95,17234.85,17239.6,10:35:00,17207.676103915517,0,17
2022-10-17,17275.25,17284.2,17266.75,17271.75,10:40:00,17214.11171306642,0,18
2022-10-17,17261.65,17284.3,17258.7,17275.95,10:45:00,17218.639168964855,0,19
2022-10-17,17254.45,17263.25,17247.05,17261.35,10:50:00,17222.049724301538,0,20
2022-10-17,17249.8,17258.2,17238.7,17253.85,10:55:00,17224.692607701392,0,21
2022-10-17,17246.35,17255.15,17238.85,17249.2,11:00:00,17226.755216491736,0,22
2022-10-17,17245.0,17255.6,17233.6,17246.9,11:05:00,17228.492814921094,0,23
2022-10-17,17263.7,17264.9,17243.5,17244.4,11:10:00,17231.845880166704,0,24
2022-10-17,17255.55,17272.15,17253.7,17264.1,11:15:00,17234.103415388923,0,25
2022-10-17,17256.5,17263.05,17248.05,17256.05,11:20:00,17236.23642344712,0,26
2022-10-17,17250.8,17262.35,17240.75,17256.3,11:25:00,17237.623430737873,0,27
2022-10-17,17246.85,17257.7,17246.45,17250.1,11:30:00,17238.50215161998,0,28
2022-10-17,17259.2,17260.8,17245.7,17247.75,11:35:00,17240.47337527522,0,29
2022-10-17,17258.2,17262.95,17250.95,17259.15,11:40:00,17242.16162524901,0,30
2022-10-17,17254.4,17265.55,17249.75,17257.4,11:45:00,17243.327184749105,0,31
2022-10-17,17236.3,17255.1,17234.15,17254.9,11:50:00,17242.657929058714,0,32
2022-10-17,17242.2,17244.25,17227.65,17236.8,11:55:00,17242.61431676741,0,33
2022-10-17,17235.05,17249.7,17234.6,17242.65,12:00:00,17241.893905646702,0,34
2022-10-17,17233.7,17241.25,17230.9,17234.8,12:05:00,17241.11353368035,0,35
2022-10-17,17271.95,17272.95,17234.4,17234.4,12:10:00,17244.050339996505,0,36
2022-10-17,17274.65,17274.8,17263.65,17272.05,12:15:00,17246.964593330173,0,37
2022-10-17,17273.75,17277.85,17261.2,17274.75,12:20:00,17249.515584441586,0,38
2022-10-17,17287.75,17291.3,17273.2,17273.2,12:25:00,17253.156957351912,0,39
2022-10-17,17303.2,17306.65,17277.7,17287.9,12:30:00,17257.922961413635,0,40
2022-10-17,17293.9,17303.95,17291.9,17303.25,12:35:00,17261.349346040908,0,41
2022-10-17,17286.05,17295.35,17280.4,17293.6,12:40:00,17263.701789275106,0,42
2022-10-17,17265.6,17293.05,17263.0,17285.5,12:45:00,17263.882571248905,0,43
2022-10-17,17273.5,17274.45,17256.2,17265.7,12:50:00,17264.798516844246,0,44
2022-10-17,17283.75,17285.15,17270.85,17273.0,12:55:00,17266.60342000194,0,45
2022-10-17,17285.35,17289.65,17273.3,17283.15,13:00:00,17268.38880857318,0,46
2022-10-17,17285.1,17292.45,17280.05,17284.95,13:05:00,17269.98035061383,0,47
2022-10-17,17298.1,17305.6,17285.7,17285.7,13:10:00,17272.658412460132,0,48
2022-10-17,17306.15,17307.75,17295.4,17296.95,13:15:00,17275.848087463928,0,49
2022-10-17,17318.6,17319.35,17301.2,17304.4,13:20:00,17279.91969818165,0,50
2022-10-17,17320.35,17325.7,17315.45,17318.05,13:25:00,17283.770203116732,0,51
2022-10-17,17313.35,17328.45,17310.45,17319.95,13:30:00,17286.587326629422,0,52
2022-10-17,17318.65,17319.8,17303.55,17313.0,13:35:00,17289.640914569478,0,53
2022-10-17,17317.2,17321.45,17307.85,17318.5,13:40:00,17292.265589372386,0,54
2022-10-17,17321.35,17321.9,17307.55,17316.9,13:45:00,17295.035533241684,0,55
2022-10-17,17305.45,17328.55,17305.45,17319.8,13:50:00,17296.027387218666,0,56
2022-10-17,17284.0,17306.0,17283.05,17304.9,13:55:00,17294.88192176927,0,57
2022-10-17,17272.15,17288.0,17271.1,17283.2,14:00:00,17292.716976838863,0,58
2022-10-17,17301.75,17301.75,17269.35,17271.45,14:05:00,17293.577264758973,0,59
2022-10-17,17292.2,17306.55,17289.9,17301.3,14:10:00,17293.44609668669,0,60
2022-10-17,17292.65,17300.45,17276.55,17291.15,14:15:00,17293.370277954626,0,61
2022-10-17,17303.25,17303.25,17291.95,17291.95,14:20:00,17294.31120386371,0,62
2022-10-17,17301.3,17307.9,17292.4,17303.35,14:25:00,17294.976803495734,0,63
2022-10-17,17304.85,17309.65,17300.1,17300.55,14:30:00,17295.917107924713,0,64
2022-10-17,17308.85,17314.25,17303.05,17304.7,14:35:00,17297.148811931882,0,65
2022-10-17,17317.25,17321.2,17301.85,17307.7,14:40:00,17299.06321079551,0,66
2022-10-17,17308.3,17320.35,17302.25,17316.8,14:45:00,17299.94290500546,0,67
2022-10-17,17304.35,17310.15,17296.65,17307.95,14:50:00,17300.362628338273,0,68
2022-10-17,17318.9,17319.7,17303.3,17303.85,14:55:00,17302.128092306055,0,69
2022-10-17,17305.55,17327.6,17305.55,17318.8,15:00:00,17302.453988276906,0,70
2022-10-17,17301.65,17314.85,17300.75,17304.75,15:05:00,17302.37741796482,0,71
2022-10-17,17298.05,17306.35,17296.4,17302.15,15:10:00,17301.96528292055,0,72
2022-10-17,17319.35,17320.4,17293.3,17298.1,15:15:00,17303.62097026145,0,73
2022-10-17,17326.25,17327.2,17315.95,17318.2,15:20:00,17305.776115950837,0,74
2022-10-17,17320.55,17326.25,17312.35,17326.0,15:25:00,17307.183152526948,0,75
2022-10-18,17464.6,17473.75,17434.05,17447.6,09:15:00,17322.175233238668,1,1
2022-10-18,17491.4,17493.1,17464.5,17464.5,09:20:00,17338.29187769213,1,2
2022-10-18,17478.5,17492.25,17472.3,17491.9,09:25:00,17351.64503219764,1,3
2022-10-18,17482.7,17495.1,17472.4,17478.6,09:30:00,17364.126457702627,1,4
2022-10-18,17467.9,17484.5,17467.55,17482.25,09:35:00,17374.009652207136,1,5
2022-10-18,17496.35,17500.25,17466.25,17469.4,09:40:00,17385.661113901693,1,6
2022-10-18,17500.1,17505.5,17496.15,17496.15,09:45:00,17396.560055434864,1,7
2022-10-18,17503.15,17507.95,17496.35,17499.95,09:50:00,17406.711478726782,1,8
2022-10-18,17513.05,17517.7,17502.95,17503.4,09:55:00,17416.83895694328,1,9
2022-10-18,17515.35,17521.55,17512.75,17513.1,10:00:00,17426.22096104392,1,10
2022-10-18,17506.85,17515.5,17505.2,17515.0,10:05:00,17433.899917134975,1,11
2022-10-18,17503.6,17508.0,17500.05,17506.25,10:10:00,17440.538020264976,1,12
2022-10-18,17507.85,17513.35,17502.9,17503.3,10:15:00,17446.948685001644,1,13
2022-10-18,17518.0,17523.6,17506.6,17507.4,10:20:00,17453.715476906247,1,14
2022-10-18,17517.75,17521.1,17514.85,17517.1,10:25:00,17459.814002915176,1,15
2022-10-18,17519.35,17527.8,17512.8,17517.6,10:30:00,17465.484097875637,1,16
2022-10-18,17495.25,17519.45,17495.25,17518.4,10:35:00,17468.318945697003,1,17
2022-10-18,17497.1,17497.95,17481.95,17495.05,10:40:00,17471.059998487763,1,18
2022-10-18,17481.5,17503.35,17480.0,17496.05,10:45:00,17472.05428434607,1,19
2022-10-18,17481.65,17487.7,17477.45,17480.7,10:50:00,17472.9681620274,1,20
2022-10-18,17473.85,17489.15,17473.15,17481.25,10:55:00,17473.05214659622,1,21
2022-10-18,17488.15,17489.05,17469.15,17473.7,11:00:00,17474.49003739658,1,22
2022-10-18,17489.35,17489.6,17481.9,17488.4,11:05:00,17475.905271930238,1,23
2022-10-18,17483.1,17490.55,17471.8,17490.0,11:10:00,17476.59048412736,1,24
2022-10-18,17474.45,17483.35,17472.7,17482.85,11:15:00,17476.38662849618,1,25
2022-10-18,17475.2,17475.55,17462.6,17474.55,11:20:00,17476.273616258448,1,26
2022-10-18,17468.65,17481.85,17467.7,17475.3,11:25:00,17475.547557567166,1,27
2022-10-18,17466.55,17474.35,17463.35,17469.45,11:30:00,17474.690647322674,1,28
2022-10-18,17460.85,17468.15,17457.2,17466.45,11:35:00,17473.3724904348,1,29
2022-10-18,17476.2,17476.2,17459.9,17460.9,11:40:00,17473.641777060056,1,30
2022-10-18,17477.25,17481.45,17472.75,17475.85,11:45:00,17473.985417340053,1,31
2022-10-18,17482.3,17488.0,17475.75,17477.5,11:50:00,17474.777282355284,1,32
2022-10-18,17495.4,17495.7,17481.25,17482.35,11:55:00,17476.7413507024,1,33
2022-10-18,17500.25,17500.9,17492.45,17493.4,12:00:00,17478.980269683125,1,34
2022-10-18,17501.05,17502.85,17494.5,17499.95,12:05:00,17481.08214876092,1,35
2022-10-18,17508.2,17508.75,17497.85,17500.85,12:10:00,17483.66480125988,1,36
2022-10-18,17500.55,17508.5,17499.8,17507.75,12:15:00,17485.27291542561,1,37
2022-10-18,17494.75,17500.95,17491.6,17500.6,12:20:00,17486.175494908883,1,38
2022-10-18,17495.05,17499.8,17488.45,17494.4,12:25:00,17487.020685869942,1,39
2022-10-18,17487.45,17495.25,17482.35,17495.25,12:30:00,17487.061572929946,1,40
2022-10-18,17478.5,17490.9,17476.3,17486.45,12:35:00,17486.246185031854,1,41
2022-10-18,17476.55,17484.65,17475.05,17479.4,12:40:00,17485.322738838346,1,42
2022-10-18,17485.35,17490.6,17476.5,17476.75,12:45:00,17485.325335139456,1,43
2022-10-18,17493.2,17493.2,17482.0,17485.6,12:50:00,17486.075303221412,1,44
2022-10-18,17494.7,17496.75,17492.1,17493.25,12:55:00,17486.89670291461,1,45
2022-10-18,17499.3,17501.15,17494.2,17494.8,13:00:00,17488.077969303697,1,46
2022-10-18,17496.75,17502.55,17493.5,17498.3,13:05:00,17488.903876989058,1,47
2022-10-18,17490.2,17499.8,17489.9,17496.45,13:10:00,17489.027317275813,1,48
2022-10-18,17491.25,17491.75,17484.8,17490.1,13:15:00,17489.239001344784,1,49
2022-10-18,17482.5,17492.8,17480.15,17491.35,13:20:00,17488.597191692897,1,50
2022-10-18,17489.75,17490.55,17480.65,17483.15,13:25:00,17488.70698296024,1,51
2022-10-18,17481.5,17494.1,17480.25,17489.8,13:30:00,17488.020603630695,1,52
2022-10-18,17476.1,17486.65,17473.75,17481.25,13:35:00,17486.885308046818,1,53
2022-10-18,17473.75,17481.4,17473.2,17475.8,13:40:00,17485.634326328072,1,54
2022-10-18,17470.55,17479.7,17463.9,17472.55,13:45:00,17484.197723820635,1,55
2022-10-18,17464.45,17470.9,17461.65,17470.5,13:50:00,17482.31698821867,1,56
2022-10-18,17479.0,17481.25,17458.85,17465.0,13:55:00,17482.0010845788,1,57
2022-10-18,17481.8,17486.75,17478.95,17479.05,14:00:00,17481.98193366653,1,58
2022-10-18,17469.65,17483.75,17467.15,17482.15,14:05:00,17480.807463793528,1,59
2022-10-18,17471.2,17476.0,17466.55,17469.9,14:10:00,17479.892467241763,1,60
2022-10-18,17484.95,17485.65,17467.6,17471.25,14:15:00,17480.374137028262,1,61
2022-10-18,17487.15,17490.85,17481.7,17485.35,14:20:00,17481.019457311286,1,62
2022-10-18,17463.05,17488.2,17463.0,17486.35,14:25:00,17479.308080424496,1,63
2022-10-18,17462.8,17462.8,17443.7,17462.75,14:30:00,17477.73588228883,1,64
2022-10-18,17452.05,17470.1,17450.1,17463.2,14:35:00,17475.289607785133,1,65
2022-10-18,17456.2,17459.55,17449.75,17451.55,14:40:00,17473.471549900834,1,66
2022-10-18,17457.55,17469.15,17453.6,17456.15,14:45:00,17471.95521181504,1,67
2022-10-18,17461.95,17461.95,17450.35,17458.95,14:50:00,17471.00233449932,1,68
2022-10-18,17469.4,17474.1,17461.85,17462.45,14:55:00,17470.84973121367,1,69
2022-10-18,17488.45,17491.1,17465.3,17471.35,15:00:00,17472.52594728856,1,70
2022-10-18,17492.85,17495.7,17489.05,17489.05,15:05:00,17474.461571356314,1,71
2022-10-18,17483.65,17492.8,17477.6,17492.25,15:10:00,17475.33665979857,1,72
2022-10-18,17491.75,17492.65,17482.3,17483.55,15:15:00,17476.899835055847,1,73
2022-10-18,17487.05,17492.4,17484.2,17491.8,15:20:00,17477.86651743148,1,74
2022-10-18,17490.6,17493.95,17485.95,17487.8,15:25:00,17479.079230057054,1,75
2022-10-19,17561.15,17585.4,17535.75,17584.55,09:15:00,17493.967351588653,2,1
2022-10-19,17571.4,17572.9,17549.8,17561.25,09:20:00,17501.341889532592,2,2
2022-10-19,17560.2,17569.75,17545.05,17569.75,09:25:00,17506.94742386282,2,3
2022-10-19,17557.8,17569.05,17553.85,17559.3,09:30:00,17511.790526352077,2,4
2022-10-19,17562.95,17567.35,17549.0,17557.35,09:35:00,17516.66285717569,2,5
2022-10-19,17572.3,17576.2,17561.95,17563.75,09:40:00,17521.961632682767,2,6
2022-10-19,17572.15,17581.45,17565.45,17571.7,09:45:00,17526.74147718917,2,7
2022-10-19,17572.85,17578.0,17567.8,17572.45,09:50:00,17531.132765075916,2,8
2022-10-19,17569.35,17573.85,17562.0,17572.7,09:55:00,17534.77250173535,2,9
2022-10-19,17581.0,17581.8,17567.75,17569.55,10:00:00,17539.1751206177,2,10
2022-10-19,17572.45,17587.5,17572.1,17581.7,10:05:00,17542.344156749346,2,11
2022-10-19,17571.8,17579.2,17567.65,17573.85,10:10:00,17545.14947515417,2,12
2022-10-19,17589.4,17591.65,17568.9,17572.7,10:15:00,17549.36381085377,2,13
2022-10-19,17579.5,17601.25,17579.5,17589.7,10:20:00,17552.233924105793,2,14
2022-10-19,17597.6,17598.9,17576.5,17578.9,10:25:00,17556.554502762385,2,15
2022-10-19,17601.2,17607.6,17593.2,17598.35,10:30:00,17560.806454880254,2,16
2022-10-19,17600.65,17601.35,17586.9,17601.35,10:35:00,17564.601078224994,2,17
2022-10-19,17602.15,17606.2,17594.1,17600.95,10:40:00,17568.17716601309,2,18
2022-10-19,17595.55,17602.05,17594.6,17601.0,10:45:00,17570.784102583275,2,19
2022-10-19,17588.25,17599.4,17587.15,17595.0,10:50:00,17572.447521384867,2,20
2022-10-19,17581.85,17590.1,17580.45,17588.0,10:55:00,17573.34299553869,2,21
2022-10-19,17570.8,17582.1,17570.8,17581.6,11:00:00,17573.100805487386,2,22
2022-10-19,17566.2,17577.05,17564.05,17570.15,11:05:00,17572.443585917157,2,23
2022-10-19,17579.35,17580.85,17562.15,17565.95,11:10:00,17573.101339639332,2,24
2022-10-19,17590.75,17592.6,17579.2,17579.2,11:15:00,17574.782164435586,2,25
2022-10-19,17586.5,17592.4,17579.9,17590.8,11:20:00,17575.898148775053,2,26
2022-10-19,17576.95,17590.5,17575.9,17586.05,11:25:00,17575.99832508219,2,27
2022-10-19,17559.1,17576.3,17558.75,17576.3,11:30:00,17574.38896078865,2,28
2022-10-19,17576.0,17576.15,17548.55,17558.6,11:35:00,17574.542393094493,2,29
2022-10-19,17571.25,17582.15,17566.95,17575.65,11:40:00,17574.2288318474,2,30
2022-10-19,17562.65,17571.0,17559.2,17571.0,11:45:00,17573.12608595717,2,31
2022-10-19,17553.95,17565.15,17548.05,17562.75,11:50:00,17571.29979205649,2,32
2022-10-19,17550.05,17558.0,17545.85,17554.0,11:55:00,17569.276002336825,2,33
2022-10-19,17548.1,17554.2,17542.75,17549.7,12:00:00,17567.259240209507,2,34
2022-10-19,17542.7,17562.65,17539.1,17547.65,12:05:00,17564.92026495146,2,35
2022-10-19,17547.45,17552.55,17537.5,17542.45,12:10:00,17563.25643019418,2,36
2022-10-19,17550.35,17557.25,17546.15,17546.95,12:15:00,17562.02724636616,2,37
2022-10-19,17552.6,17556.3,17545.3,17550.6,12:20:00,17561.12941337891,2,38
2022-10-19,17542.55,17556.95,17541.35,17552.9,12:25:00,17559.35994543806,2,39
2022-10-19,17532.7,17550.65,17530.45,17542.8,12:30:00,17556.82090301539,2,40
2022-10-19,17535.8,17538.25,17525.45,17532.35,12:35:00,17554.81891225202,2,41
2022-10-19,17530.3,17547.5,17527.6,17536.45,12:40:00,17552.483777751826,2,42
2022-10-19,17532.45,17532.45,17514.9,17530.35,12:45:00,17550.57579891832,2,43
2022-10-19,17519.25,17535.55,17519.1,17531.65,12:50:00,17547.592389497528,2,44
2022-10-19,17530.75,17532.3,17512.4,17518.9,12:55:00,17545.988352402524,2,45
2022-10-19,17506.3,17530.25,17504.7,17530.25,13:00:00,17542.20850931657,2,46
2022-10-19,17500.55,17512.7,17492.9,17505.7,13:05:00,17538.241032238802,2,47
2022-10-19,17517.5,17518.5,17499.7,17499.7,13:10:00,17536.265695835107,2,48
2022-10-19,17513.65,17520.6,17511.45,17517.75,13:15:00,17534.111820041286,2,49
2022-10-19,17547.15,17550.25,17513.2,17513.85,13:20:00,17535.353551465927,2,50
2022-10-19,17546.4,17552.15,17537.35,17547.25,13:25:00,17536.405594183456,2,51
2022-10-19,17544.4,17548.15,17533.9,17546.25,13:30:00,17537.166966165983,2,52
2022-10-19,17534.85,17545.25,17532.5,17544.1,13:35:00,17536.946302721604,2,53
2022-10-19,17527.4,17535.25,17522.85,17535.25,13:40:00,17536.037131033834,2,54
2022-10-19,17531.6,17537.15,17523.9,17527.25,13:45:00,17535.61454712585,2,55
2022-10-19,17527.0,17532.7,17522.9,17532.15,13:50:00,17534.794114066244,2,56
2022-10-19,17509.4,17528.65,17508.6,17527.45,13:55:00,17532.375627012316,2,57
2022-10-19,17516.55,17524.6,17505.7,17509.85,14:00:00,17530.86842443971,2,58
2022-10-19,17520.3,17521.9,17513.45,17516.65,14:05:00,17529.861907826406,2,59
2022-10-19,17546.45,17547.8,17519.3,17520.1,14:10:00,17531.44172612865,2,60
2022-10-19,17536.5,17550.1,17534.45,17546.7,14:15:00,17531.923466497352,2,61
2022-10-19,17551.6,17557.55,17535.6,17536.55,14:20:00,17533.797422069034,2,62
2022-10-19,17547.3,17551.85,17539.35,17551.7,14:25:00,17535.083381871984,2,63
2022-10-19,17538.25,17546.25,17532.7,17546.15,14:30:00,17535.38496455084,2,64
2022-10-19,17534.85,17548.8,17527.15,17537.9,14:35:00,17535.334015546,2,65
2022-10-19,17524.85,17534.75,17522.2,17534.75,14:40:00,17534.33553787495,2,66
2022-10-19,17516.4,17530.75,17516.4,17524.45,14:45:00,17532.627391410668,2,67
2022-10-19,17481.6,17516.4,17479.5,17516.05,14:50:00,17527.76763984775,2,68
2022-10-19,17496.55,17498.05,17472.85,17481.4,14:55:00,17524.79453129082,2,69
2022-10-19,17503.65,17515.6,17486.5,17497.0,15:00:00,17522.78076640598,2,70
2022-10-19,17506.3,17514.5,17499.85,17502.95,15:05:00,17521.211169605413,2,71
2022-10-19,17509.35,17516.7,17506.95,17507.85,15:10:00,17520.081534404897,2,72
2022-10-19,17513.05,17513.45,17500.65,17510.0,15:15:00,17519.411864461574,2,73
2022-10-19,17529.05,17529.3,17511.75,17513.25,15:20:00,17520.3297821319,2,74
2022-10-19,17518.85,17530.85,17517.4,17529.6,15:25:00,17520.18885050029,2,75
2022-10-20,17453.3,17455.0,17422.05,17442.25,09:15:00,17513.818483785977,3,1
2022-10-20,17455.4,17458.65,17444.65,17450.0,09:20:00,17508.254818663503,3,2
2022-10-20,17445.9,17469.85,17445.9,17454.9,09:25:00,17502.316264505076,3,3
2022-10-20,17434.3,17452.8,17431.3,17445.85,09:30:00,17495.8385250284,3,4
2022-10-20,17443.75,17450.3,17432.55,17435.25,09:35:00,17490.877713120935,3,5
2022-10-20,17438.65,17449.8,17428.6,17444.05,09:40:00,17485.903645204657,3,6
2022-10-20,17450.35,17454.4,17421.0,17436.55,09:45:00,17482.517583756595,3,7
2022-10-20,17473.7,17473.85,17447.1,17450.65,09:50:00,17481.677813875016,3,8
2022-10-20,17471.95,17479.5,17464.05,17473.45,09:55:00,17480.751355410728,3,9
2022-10-20,17473.1,17477.1,17460.65,17472.1,10:00:00,17480.02265489542,3,10
2022-10-20,17469.55,17478.5,17466.8,17473.5,10:05:00,17479.025259191094,3,11
2022-10-20,17473.1,17473.1,17459.15,17470.25,10:10:00,17478.46094879194,3,12
2022-10-20,17481.5,17485.1,17472.85,17473.05,10:15:00,17478.750382240327,3,13
2022-10-20,17475.5,17487.65,17475.5,17481.95,10:20:00,17478.44082202696,3,14
2022-10-20,17473.55,17475.55,17461.65,17475.55,10:25:00,17477.975029452966,3,15
2022-10-20,17462.45,17480.3,17460.05,17474.35,10:30:00,17476.49645521935,3,16
2022-10-20,17470.65,17471.45,17459.3,17462.15,10:35:00,17475.93964996036,3,17
2022-10-20,17498.45,17506.25,17468.6,17470.75,10:40:00,17478.08349282128,3,18
2022-10-20,17506.55,17517.45,17493.1,17498.65,10:45:00,17480.79458874306,3,19
2022-10-20,17496.05,17518.45,17494.15,17506.6,10:50:00,17482.247485053245,3,20
2022-10-20,17492.05,17499.5,17488.45,17496.3,10:55:00,17483.181057905316,3,21
2022-10-20,17488.3,17499.15,17486.05,17491.95,11:00:00,17483.66857620005,3,22
2022-10-20,17486.35,17496.75,17485.2,17488.15,11:05:00,17483.92394989528,3,23
2022-10-20,17480.3,17495.0,17473.85,17487.2,11:10:00,17483.578811810017,3,24
2022-10-20,17480.7,17485.35,17475.8,17480.7,11:15:00,17483.304639256683,3,25
2022-10-20,17488.45,17488.95,17470.1,17480.9,11:20:00,17483.79467361319,3,26
2022-10-20,17484.2,17489.7,17471.0,17489.35,11:25:00,17483.833276126217,3,27
2022-10-20,17482.2,17485.45,17477.2,17484.5,11:30:00,17483.67772601896,3,28
2022-10-20,17485.5,17490.75,17480.5,17481.2,11:35:00,17483.851275921916,3,29
2022-10-20,17489.35,17495.15,17481.45,17485.25,11:40:00,17484.374963929353,3,30
2022-10-20,17480.85,17494.05,17479.6,17490.2,11:45:00,17484.03925307894,3,31
2022-10-20,17480.8,17484.35,17477.35,17481.4,11:50:00,17483.73075278571,3,32
2022-10-20,17485.75,17487.95,17477.15,17480.95,11:55:00,17483.923062044214,3,33
2022-10-20,17475.4,17487.5,17468.75,17486.35,12:00:00,17483.111341849526,3,34
2022-10-20,17470.75,17475.7,17465.1,17475.65,12:05:00,17481.93407119719,3,35
2022-10-20,17476.1,17479.6,17469.3,17471.05,12:10:00,17481.378445368886,3,36
2022-10-20,17490.8,17492.5,17475.6,17475.9,12:15:00,17482.275736286134,3,37
2022-10-20,17501.6,17503.0,17490.0,17490.4,12:20:00,17484.11614235412,3,38
2022-10-20,17503.95,17509.7,17499.8,17501.15,12:25:00,17486.005081177536,3,39
2022-10-20,17498.05,17506.85,17497.05,17503.75,12:30:00,17487.152216303486,3,40
2022-10-20,17497.55,17503.4,17491.8,17497.55,12:35:00,17488.14248141744,3,41
2022-10-20,17505.2,17507.3,17494.05,17497.15,12:40:00,17489.76700699673,3,42
2022-10-20,17513.4,17513.75,17504.3,17505.05,12:45:00,17492.01776823514,3,43
2022-10-20,17510.3,17519.45,17504.85,17513.05,12:50:00,17493.758933165125,3,44
2022-10-20,17513.8,17515.45,17504.95,17510.25,12:55:00,17495.667606197017,3,45
2022-10-20,17523.3,17524.65,17507.15,17514.05,13:00:00,17498.299262749682,3,46
2022-10-20,17502.9,17523.0,17500.2,17522.75,13:05:00,17498.737428202094,3,47
2022-10-20,17506.2,17508.15,17495.5,17503.25,13:10:00,17499.448149325704,3,48
2022-10-20,17504.1,17508.7,17500.25,17505.85,13:15:00,17499.891182723255,3,49
2022-10-20,17511.25,17512.4,17497.45,17502.1,13:20:00,17500.972974844848,3,50
2022-10-20,17514.1,17514.9,17505.15,17511.05,13:25:00,17502.223167716766,3,51
2022-10-20,17507.25,17515.6,17502.75,17514.15,13:30:00,17502.701913648503,3,52
2022-10-20,17486.35,17507.9,17486.0,17506.25,13:35:00,17501.144588539122,3,53
2022-10-20,17481.65,17493.65,17478.4,17486.2,13:40:00,17499.287961059206,3,54
2022-10-20,17491.3,17495.05,17481.25,17481.9,13:45:00,17498.52720286309,3,55
2022-10-20,17480.5,17491.85,17480.5,17491.75,13:50:00,17496.81032639994,3,56
2022-10-20,17485.05,17486.0,17473.1,17480.35,13:55:00,17495.69029531423,3,57
2022-10-20,17485.95,17487.25,17468.75,17484.95,14:00:00,17494.762648141448,3,58
2022-10-20,17495.1,17499.75,17482.75,17485.35,14:05:00,17494.79477688988,3,59
2022-10-20,17506.15,17506.55,17491.35,17494.4,14:10:00,17495.876226709894,3,60
2022-10-20,17511.05,17515.3,17505.55,17506.75,14:15:00,17497.321347975616,3,61
2022-10-20,17507.2,17516.15,17504.8,17509.7,14:20:00,17498.262171977938,3,62
2022-10-20,17503.35,17510.15,17495.15,17507.0,14:25:00,17498.746727027657,3,63
2022-10-20,17520.2,17523.8,17501.65,17502.1,14:30:00,17500.789895882164,3,64
2022-10-20,17542.4,17543.1,17517.2,17519.75,14:35:00,17504.752762941007,3,65
2022-10-20,17530.45,17549.15,17530.45,17542.3,14:40:00,17507.200118851386,3,66
2022-10-20,17524.3,17539.15,17523.3,17530.35,14:45:00,17508.828678960777,3,67
2022-10-20,17522.25,17528.95,17520.6,17524.15,14:50:00,17510.10690001213,3,68
2022-10-20,17531.1,17532.3,17521.55,17522.3,14:55:00,17512.106242868118,3,69
2022-10-20,17550.35,17555.1,17524.35,17528.9,15:00:00,17515.748505452106,3,70
2022-10-20,17558.85,17560.5,17550.2,17550.2,15:05:00,17519.853409694762,3,71
2022-10-20,17567.2,17567.25,17553.1,17560.1,15:10:00,17524.36260877145,3,72
2022-10-20,17580.15,17584.15,17566.25,17567.35,15:15:00,17529.675693650363,3,73
2022-10-20,17573.4,17581.65,17571.9,17579.55,15:20:00,17533.83991330271,3,74
2022-10-20,17565.25,17575.1,17562.65,17572.8,15:25:00,17536.831350131022,3,75
2022-10-21,17627.7,17634.2,17603.7,17624.75,09:15:00,17545.4855072614,4,1
2022-10-21,17642.95,17653.6,17625.7,17628.35,09:20:00,17554.767839903172,4,2
2022-10-21,17645.1,17657.65,17633.8,17644.15,09:25:00,17563.370902769537,4,3
2022-10-21,17638.6,17650.85,17636.4,17646.0,09:30:00,17570.535578696246,4,4
2022-10-21,17633.35,17645.45,17630.2,17639.05,09:35:00,17576.5179045347,4,5
2022-10-21,17639.55,17646.65,17628.95,17631.5,09:40:00,17582.520961245682,4,6
2022-10-21,17621.9,17639.5,17618.85,17639.4,09:45:00,17586.271345888952,4,7
2022-10-21,17627.65,17634.7,17621.05,17622.65,09:50:00,17590.212170090002,4,8
2022-10-21,17633.9,17640.65,17622.4,17627.75,09:55:00,17594.372915795717,4,9
2022-10-21,17644.15,17646.75,17629.3,17633.3,10:00:00,17599.11359048184,4,10
2022-10-21,17639.8,17644.8,17632.0,17644.8,10:05:00,17602.988486626426,4,11
2022-10-21,17649.8,17650.0,17635.8,17640.5,10:10:00,17607.446725995338,4,12
2022-10-21,17632.0,17650.7,17631.55,17649.15,10:15:00,17609.7851330434,4,13
2022-10-21,17630.65,17635.2,17625.3,17632.1,10:20:00,17611.77226322974,4,14
2022-10-21,17634.2,17634.2,17623.85,17629.65,10:25:00,17613.908238160242,4,15
2022-10-21,17635.8,17640.4,17629.55,17633.8,10:30:00,17615.993167859266,4,16
2022-10-21,17635.3,17638.7,17629.65,17635.9,10:35:00,17617.83191377743,4,17
2022-10-21,17643.4,17644.45,17633.45,17635.5,10:40:00,17620.26696960815,4,18
2022-10-21,17640.15,17647.4,17639.8,17642.55,10:45:00,17622.160591550233,4,19
2022-10-21,17636.9,17642.2,17634.45,17640.75,10:50:00,17623.564344735925,4,20
2022-10-21,17629.75,17637.5,17627.9,17636.3,10:55:00,17624.153454761075,4,21
2022-10-21,17628.45,17634.3,17627.8,17629.8,11:00:00,17624.562649545736,4,22
2022-10-21,17636.1,17641.2,17625.5,17628.25,11:05:00,17625.661444827096,4,23
2022-10-21,17634.45,17640.6,17631.15,17635.6,11:10:00,17626.498450081657,4,24
2022-10-21,17634.8,17642.35,17633.55,17633.55,11:15:00,17627.289073883403,4,25
2022-10-21,17635.85,17636.7,17632.35,17634.65,11:20:00,17628.104400180222,4,26
2022-10-21,17648.05,17650.15,17634.75,17635.5,11:25:00,17630.00398111544,4,27
2022-10-21,17661.6,17664.05,17646.6,17647.25,11:30:00,17633.01312577111,4,28
2022-10-21,17664.0,17666.4,17658.9,17662.45,11:35:00,17635.96425665005,4,29
2022-10-21,17668.15,17670.15,17663.5,17664.5,11:40:00,17639.029565540524,4,30
2022-10-21,17645.55,17668.85,17645.55,17668.3,11:45:00,17639.65055929857,4,31
2022-10-21,17642.55,17652.1,17641.75,17646.55,11:50:00,17639.926696508228,4,32
2022-10-21,17642.55,17649.05,17639.45,17641.5,11:55:00,17640.176534936014,4,33
2022-10-21,17646.05,17650.85,17641.55,17642.95,12:00:00,17640.735912561155,4,34
2022-10-21,17645.3,17647.8,17640.55,17645.65,12:05:00,17641.17058755533,4,35
2022-10-21,17654.7,17658.95,17643.75,17645.1,12:10:00,17642.459103026253,4,36
2022-10-21,17646.2,17657.55,17644.15,17654.85,12:15:00,17642.815378928513,4,37
2022-10-21,17646.9,17650.75,17641.3,17646.75,12:20:00,17643.20439045913,4,38
2022-10-21,17648.7,17649.7,17643.0,17646.5,12:25:00,17643.727781843976,4,39
2022-10-21,17643.8,17649.9,17641.45,17648.6,12:30:00,17643.734659763595,4,40
2022-10-21,17631.75,17643.5,17625.35,17643.05,12:35:00,17642.593263595634,4,41
2022-10-21,17630.4,17640.1,17630.4,17631.7,12:40:00,17641.43200039605,4,42
2022-10-21,17643.25,17645.65,17630.5,17630.5,12:45:00,17641.605143215475,4,43
2022-10-21,17656.7,17657.65,17637.7,17642.8,12:50:00,17643.042748623524,4,44
2022-10-21,17657.45,17658.4,17650.1,17657.0,12:55:00,17644.414867802236,4,45
2022-10-21,17656.15,17659.1,17650.7,17656.95,13:00:00,17645.53249944012,4,46
2022-10-21,17656.9,17658.65,17648.7,17656.2,13:05:00,17646.61511854106,4,47
2022-10-21,17651.75,17656.6,17646.6,17655.7,13:10:00,17647.10415487048,4,48
2022-10-21,17648.05,17656.8,17643.4,17652.3,13:15:00,17647.194235359006,4,49
2022-10-21,17636.95,17648.1,17636.25,17648.1,13:20:00,17646.218593896243,4,50
2022-10-21,17635.5,17642.3,17631.2,17636.75,13:25:00,17645.197775429933,4,51
2022-10-21,17638.0,17643.75,17633.4,17636.05,13:30:00,17644.512273008037,4,52
2022-10-21,17613.9,17640.15,17613.25,17638.55,13:35:00,17641.596818435843,4,53
2022-10-21,17600.0,17614.8,17599.0,17614.3,13:40:00,17637.63521668005,4,54
2022-10-21,17612.55,17615.3,17597.15,17599.1,13:45:00,17635.246148424805,4,55
2022-10-21,17600.95,17611.85,17593.0,17611.85,13:50:00,17631.979848574825,4,56
2022-10-21,17602.3,17604.35,17594.5,17601.05,13:55:00,17629.153196329604,4,57
2022-10-21,17580.0,17603.9,17577.8,17602.0,14:00:00,17624.47193953631,4,58
2022-10-21,17556.05,17585.4,17555.55,17580.2,14:05:00,17617.955564342374,4,59
2022-10-21,17572.15,17572.35,17550.55,17556.4,14:10:00,17613.5931296431,4,60
2022-10-21,17582.15,17582.15,17555.6,17572.25,14:15:00,17610.598545867568,4,61
2022-10-21,17570.1,17582.4,17563.45,17581.8,14:20:00,17606.74154149923,4,62
2022-10-21,17531.0,17576.6,17527.8,17569.5,14:25:00,17599.528061356443,4,63
2022-10-21,17542.3,17546.8,17520.75,17529.5,14:30:00,17594.077769798685,4,64
2022-10-21,17546.45,17549.1,17535.0,17543.6,14:35:00,17589.54179172262,4,65
2022-10-21,17538.3,17555.75,17535.15,17546.75,14:40:00,17584.66162108237,4,66
2022-10-21,17531.95,17546.85,17531.95,17538.1,14:45:00,17579.641466693574,4,67
2022-10-21,17535.4,17541.6,17529.65,17532.25,14:50:00,17575.42799367514,4,68
2022-10-21,17550.85,17557.85,17535.45,17535.8,14:55:00,17573.087232372745,4,69
2022-10-21,17561.85,17568.9,17545.2,17550.2,15:00:00,17572.01701976582,4,70
2022-10-21,17577.6,17577.95,17562.35,17562.35,15:05:00,17572.548732169074,4,71
2022-10-21,17571.0,17580.95,17570.1,17578.0,15:10:00,17572.40123386726,4,72
2022-10-21,17578.9,17581.0,17570.75,17571.35,15:15:00,17573.02016397514,4,73
2022-10-21,17595.2,17595.2,17576.75,17579.4,15:20:00,17575.13252931084,4,74
2022-10-21,17583.75,17596.75,17581.7,17594.75,15:25:00,17575.953240805044,4,75
2022-10-25,17741.3,17811.5,17717.55,17811.5,09:15:00,17699.689482049565,1,1
2022-10-25,17744.55,17745.05,17708.75,17739.0,09:20:00,17703.96191233056,1,2
2022-10-25,17740.3,17749.25,17728.8,17744.15,09:25:00,17707.422682584795,1,3
2022-10-25,17750.9,17752.4,17732.4,17739.7,09:30:00,17711.563379481482,1,4
2022-10-25,17755.6,17762.45,17750.95,17751.3,09:35:00,17715.75734334039,1,5
2022-10-25,17752.15,17763.6,17744.0,17756.5,09:40:00,17719.223310641304,1,6
2022-10-25,17744.0,17755.25,17741.05,17751.9,09:45:00,17721.582995342134,1,7
2022-10-25,17745.8,17748.85,17740.2,17744.2,09:50:00,17723.889376738123,1,8
2022-10-25,17756.75,17760.15,17744.35,17745.55,09:55:00,17727.01895990592,1,9
2022-10-25,17768.55,17773.25,17755.15,17757.9,10:00:00,17730.974297057735,1,10
2022-10-25,17763.8,17772.8,17758.05,17768.95,10:05:00,17734.10055448081,1,11
2022-10-25,17757.2,17764.5,17756.05,17763.55,10:10:00,17736.300501673115,1,12
2022-10-25,17720.8,17758.8,17717.95,17757.45,10:15:00,17734.824263418534,1,13
2022-10-25,17724.5,17727.9,17713.1,17719.65,10:20:00,17733.841000235818,1,14
2022-10-25,17714.25,17725.1,17707.1,17724.15,10:25:00,17731.97519068955,1,15
2022-10-25,17717.55,17723.2,17710.5,17714.1,10:30:00,17730.601363004833,1,16
2022-10-25,17711.15,17721.05,17711.15,17718.15,10:35:00,17728.74885224247,1,17
2022-10-25,17701.55,17713.45,17697.95,17710.65,10:40:00,17726.158485362233,1,18
2022-10-25,17707.25,17707.5,17695.35,17702.0,10:45:00,17724.357677232496,1,19
2022-10-25,17706.05,17709.5,17701.35,17707.15,10:50:00,17722.614088924638,1,20
2022-10-25,17694.8,17707.15,17694.8,17706.0,10:55:00,17719.965128074673,1,21
2022-10-25,17696.6,17705.1,17692.75,17694.65,11:00:00,17717.739877781845,1,22
2022-10-25,17692.85,17697.9,17683.7,17697.0,11:05:00,17715.369413231194,1,23
2022-10-25,17683.1,17693.7,17678.9,17692.6,11:10:00,17712.296135780605,1,24
2022-10-25,17685.3,17690.45,17681.2,17682.8,11:15:00,17709.72507523007,1,25
2022-10-25,17677.6,17687.6,17676.2,17685.35,11:20:00,17706.66554425578,1,26
2022-10-25,17684.95,17686.95,17672.9,17677.8,11:25:00,17704.5973971838,1,27
2022-10-25,17680.9,17684.3,17676.65,17684.3,11:30:00,17702.340502213916,1,28
2022-10-25,17682.0,17684.65,17677.3,17681.2,11:35:00,17700.403311526876,1,29
2022-10-25,17666.75,17682.1,17666.45,17682.1,11:40:00,17697.198234238604,1,30
2022-10-25,17679.25,17680.6,17665.8,17666.5,11:45:00,17695.488878596832,1,31
2022-10-25,17675.7,17684.1,17675.4,17678.9,11:50:00,17693.604223492373,1,32
2022-10-25,17688.55,17689.2,17672.45,17676.0,11:55:00,17693.122868874052,1,33
2022-10-25,17698.2,17704.7,17688.5,17689.1,12:00:00,17693.606405171762,1,34
2022-10-25,17693.65,17698.7,17692.1,17698.4,12:05:00,17693.610557060165,1,35
2022-10-25,17692.05,17693.95,17686.55,17693.5,12:10:00,17693.461932578244,1,36
2022-10-25,17693.8,17697.3,17691.15,17691.8,12:15:00,17693.49412947555,1,37
2022-10-25,17684.9,17693.9,17684.6,17693.9,12:20:00,17692.675640954072,1,38
2022-10-25,17684.45,17690.2,17680.75,17684.95,12:25:00,17691.892246577492,1,39
2022-10-25,17676.2,17687.3,17674.3,17684.65,12:30:00,17690.397746903443,1,40
2022-10-25,17678.25,17682.4,17669.35,17676.55,12:35:00,17689.240818626924,1,41
2022-10-25,17667.2,17679.7,17663.3,17678.7,12:40:00,17687.141693043406,1,42
2022-10-25,17671.85,17677.75,17661.15,17667.7,12:45:00,17685.68534132499,1,43
2022-10-25,17668.8,17673.35,17666.95,17672.65,12:50:00,17684.07721357975,1,44
2022-10-25,17666.7,17669.0,17663.6,17668.65,12:55:00,17682.422240857868,1,45
2022-10-25,17671.15,17676.85,17666.6,17666.75,13:00:00,17681.3486941095,1,46
2022-10-25,17670.75,17673.4,17668.3,17671.65,13:05:00,17680.3392946705,1,47
2022-10-25,17661.1,17671.2,17653.95,17671.2,13:10:00,17678.506980892358,1,48
2022-10-25,17670.85,17670.85,17660.7,17660.75,13:15:00,17677.777744616895,1,49
2022-10-25,17684.55,17687.0,17670.2,17671.0,13:20:00,17678.422721320047,1,50
2022-10-25,17684.75,17686.75,17680.6,17684.45,13:25:00,17679.025319289565,1,51
2022-10-25,17687.35,17688.3,17679.9,17684.85,13:30:00,17679.818146023892,1,52
2022-10-25,17689.35,17692.8,17685.65,17687.25,13:35:00,17680.725941640663,1,53
2022-10-25,17692.3,17694.3,17684.15,17689.45,13:40:00,17681.82823291298,1,54
2022-10-25,17690.8,17696.35,17690.5,17692.5,13:45:00,17682.682686921267,1,55
2022-10-25,17688.0,17692.1,17683.4,17691.0,13:50:00,17683.18909769067,1,56
2022-10-25,17701.2,17702.35,17686.35,17688.1,13:55:00,17684.90442172013,1,57
2022-10-25,17711.3,17713.95,17701.1,17701.1,14:00:00,17687.418286318214,1,58
2022-10-25,17712.8,17713.8,17706.6,17711.8,14:05:00,17689.835592383148,1,59
2022-10-25,17708.0,17715.7,17705.45,17713.15,14:10:00,17691.565535965703,1,60
2022-10-25,17699.15,17707.85,17698.3,17707.85,14:15:00,17692.28786587373,1,61
2022-10-25,17697.9,17704.2,17696.8,17698.7,14:20:00,17692.82235483814,1,62
2022-10-25,17694.1,17704.1,17693.0,17697.65,14:25:00,17692.944035329747,1,63
2022-10-25,17693.0,17698.0,17686.7,17694.25,14:30:00,17692.949365298344,1,64
2022-10-25,17696.15,17700.35,17692.55,17692.6,14:35:00,17693.25418765088,1,65
2022-10-25,17708.2,17718.8,17692.75,17695.9,14:40:00,17694.677598350798,1,66
2022-10-25,17709.15,17717.7,17707.7,17707.7,14:45:00,17696.055922317388,1,67
2022-10-25,17701.6,17710.15,17698.15,17709.5,14:50:00,17696.583929715733,1,68
2022-10-25,17694.8,17704.45,17694.55,17702.15,14:55:00,17696.414031647568,1,69
2022-10-25,17668.5,17693.15,17667.6,17692.1,15:00:00,17693.755552443035,1,70
2022-10-25,17663.95,17672.3,17655.15,17667.85,15:05:00,17690.916928400842,1,71
2022-10-25,17651.7,17664.5,17650.05,17663.5,15:10:00,17687.181982838858,1,72
2022-10-25,17651.45,17656.45,17650.4,17652.95,15:15:00,17683.778936854203,1,73
2022-10-25,17643.25,17651.3,17642.15,17651.3,15:20:00,17679.919038106185,1,74
2022-10-25,17642.65,17644.8,17637.0,17642.4,15:25:00,17676.369605905595,1,75
2022-10-27,17755.95,17783.9,17745.95,17777.25,09:15:00,17683.94869105744,3,1
2022-10-27,17764.5,17783.0,17756.1,17756.1,09:20:00,17691.620244290065,3,2
2022-10-27,17766.0,17770.2,17757.4,17764.45,09:25:00,17698.704030548153,3,3
2022-10-27,17764.95,17772.1,17761.6,17764.85,09:30:00,17705.01317049595,3,4
2022-10-27,17773.4,17774.6,17763.85,17765.35,09:35:00,17711.52620187729,3,5
2022-10-27,17775.65,17777.1,17770.3,17772.55,09:40:00,17717.633230269927,3,6
2022-10-27,17756.5,17780.05,17752.5,17775.5,09:45:00,17721.334827387076,3,7
2022-10-27,17748.55,17757.75,17739.75,17756.3,09:50:00,17723.926748588307,3,8
2022-10-27,17745.45,17749.5,17738.5,17748.8,09:55:00,17725.976582056086,3,9
2022-10-27,17740.4,17753.6,17736.5,17745.3,10:00:00,17727.350240907886,3,10
2022-10-27,17731.6,17745.8,17731.25,17740.35,10:05:00,17727.754979869038,3,11
2022-10-27,17731.4,17739.45,17727.25,17730.65,10:10:00,17728.102124643414,3,12
2022-10-27,17731.45,17739.5,17718.2,17730.9,10:15:00,17728.42096991547,3,13
2022-10-27,17742.85,17743.45,17730.4,17731.2,10:20:00,17729.795163256855,3,14
2022-10-27,17738.85,17747.9,17738.85,17742.65,10:25:00,17730.657528660966,3,15
2022-10-27,17730.15,17740.9,17726.8,17739.3,10:30:00,17730.609192598018,3,16
2022-10-27,17726.15,17731.15,17722.15,17729.55,10:35:00,17730.18450758868,3,17
2022-10-27,17723.95,17729.9,17722.05,17725.95,10:40:00,17729.590744961188,3,18
2022-10-27,17727.35,17732.5,17719.65,17724.05,10:45:00,17729.37734067917,3,19
2022-10-27,17726.95,17728.05,17719.75,17726.65,10:50:00,17729.14616537639,3,20
2022-10-27,17727.6,17732.55,17726.45,17727.75,10:55:00,17728.99891153102,3,21
2022-10-27,17735.1,17738.3,17727.25,17727.9,11:00:00,17729.579967575686,3,22
2022-10-27,17731.1,17735.9,17729.2,17734.2,11:05:00,17729.724732568477,3,23
2022-10-27,17735.75,17737.6,17729.75,17731.0,11:10:00,17730.298567561953,3,24
2022-10-27,17723.25,17739.2,17722.55,17735.6,11:15:00,17729.627275413197,3,25
2022-10-27,17721.4,17725.55,17717.55,17723.0,11:20:00,17728.843725373845,3,26
2022-10-27,17722.45,17725.1,17720.4,17721.15,11:25:00,17728.234799147765,3,27
2022-10-27,17723.5,17727.9,17716.45,17722.55,11:30:00,17727.7838658956,3,28
2022-10-27,17714.65,17724.7,17714.0,17724.35,11:35:00,17726.53302152459,3,29
2022-10-27,17715.6,17718.0,17710.2,17714.7,11:40:00,17725.49178137939,3,30
2022-10-27,17718.1,17719.9,17714.6,17716.1,11:45:00,17724.7878022004,3,31
2022-10-27,17708.65,17718.75,17704.5,17718.3,11:50:00,17723.250868657506,3,32
2022-10-27,17721.9,17721.9,17708.2,17708.45,11:55:00,17723.12221449965,3,33
2022-10-27,17717.05,17727.7,17716.7,17721.75,12:00:00,17722.543908356827,3,34
2022-10-27,17706.9,17720.25,17706.9,17717.15,12:05:00,17721.054012322842,3,35
2022-10-27,17710.65,17715.3,17705.15,17707.65,12:10:00,17720.06315400638,3,36
2022-10-27,17701.4,17713.45,17701.35,17710.55,12:15:00,17718.285710767675,3,37
2022-10-27,17688.2,17702.45,17686.3,17701.15,12:20:00,17715.42040498028,3,38
2022-10-27,17687.65,17693.85,17683.75,17689.25,12:25:00,17712.77560450597,3,39
2022-10-27,17694.25,17695.9,17686.0,17687.3,12:30:00,17711.011261219686,3,40
2022-10-27,17697.65,17702.45,17694.2,17694.6,12:35:00,17709.738760151144,3,41
2022-10-27,17685.35,17699.75,17685.35,17697.7,12:40:00,17707.41602108913,3,42
2022-10-27,17680.9,17687.15,17676.75,17685.2,12:45:00,17704.89068574731,3,43
2022-10-27,17683.3,17687.85,17679.0,17680.7,12:50:00,17702.83442996185,3,44
2022-10-27,17689.0,17691.65,17681.75,17682.7,12:55:00,17701.51686520358,3,45
2022-10-27,17692.25,17697.05,17688.85,17688.85,13:00:00,17700.634306612763,3,46
2022-10-27,17687.2,17696.85,17687.2,17692.1,13:05:00,17699.35484884012,3,47
2022-10-27,17687.6,17688.0,17680.15,17687.85,13:10:00,17698.235339426778,3,48
2022-10-27,17690.7,17695.55,17686.55,17687.75,13:15:00,17697.517688052798,3,49
2022-10-27,17702.7,17703.25,17690.3,17691.3,13:20:00,17698.011241571578,3,50
2022-10-27,17702.0,17706.7,17695.25,17703.35,13:25:00,17698.391123326666,3,51
2022-10-27,17699.35,17703.1,17695.75,17702.1,13:30:00,17698.482444914604,3,52
2022-10-27,17693.75,17703.05,17693.45,17699.45,13:35:00,17698.031735875116,3,53
2022-10-27,17697.2,17697.5,17690.35,17693.4,13:40:00,17697.95252293463,3,54
2022-10-27,17701.7,17704.95,17696.5,17696.6,13:45:00,17698.309425512285,3,55
2022-10-27,17688.3,17701.35,17687.8,17701.35,13:50:00,17697.356146892067,3,56
2022-10-27,17696.05,17697.4,17683.0,17688.05,13:55:00,17697.231751949967,3,57
2022-10-27,17703.8,17704.3,17695.9,17696.1,14:00:00,17697.857299383304,3,58
2022-10-27,17707.2,17712.9,17700.35,17703.65,14:05:00,17698.74708039442,3,59
2022-10-27,17703.05,17707.6,17699.6,17707.15,14:10:00,17699.156882261617,3,60
2022-10-27,17693.4,17706.55,17691.85,17702.95,14:15:00,17698.60860776051,3,61
2022-10-27,17685.85,17693.95,17682.95,17693.0,14:20:00,17697.39350225951,3,62
2022-10-27,17681.45,17686.25,17674.25,17685.75,14:25:00,17695.87507347289,3,63
2022-10-27,17677.45,17685.8,17671.1,17681.2,14:30:00,17694.120304570708,3,64
2022-10-27,17657.95,17680.5,17657.6,17677.6,14:35:00,17690.67551365921,3,65
2022-10-27,17657.75,17666.6,17654.5,17658.35,14:40:00,17687.539750453572,3,66
2022-10-27,17670.4,17670.4,17657.1,17658.2,14:45:00,17685.90739326752,3,67
2022-10-27,17667.9,17674.95,17665.2,17670.0,14:50:00,17684.19240343252,3,68
2022-10-27,17662.65,17674.85,17661.0,17667.55,14:55:00,17682.140745962755,3,69
2022-10-27,17716.15,17716.5,17659.6,17659.6,15:00:00,17685.37972253773,3,70
2022-10-27,17726.1,17729.65,17707.55,17715.85,15:05:00,17689.257844200805,3,71
2022-10-27,17734.95,17740.1,17725.5,17726.35,15:10:00,17693.609478086444,3,72
2022-10-27,17748.8,17750.25,17734.75,17734.75,15:15:00,17698.865718268687,3,73
2022-10-27,17761.55,17763.3,17745.95,17750.2,15:20:00,17704.835649862147,3,74
2022-10-27,17758.9,17773.3,17756.0,17762.3,15:25:00,17709.98463558956,3,75
2022-10-28,17793.8,17805.8,17746.65,17760.4,09:15:00,17717.9670512477,4,1
2022-10-28,17802.05,17803.1,17786.65,17793.9,09:20:00,17725.974951128872,4,2
2022-10-28,17795.3,17805.9,17790.25,17802.5,09:25:00,17732.577336735645,4,3
2022-10-28,17808.25,17812.85,17785.75,17795.7,09:30:00,17739.784257046536,4,4
2022-10-28,17802.7,17808.7,17790.85,17808.7,09:35:00,17745.776232565913,4,5
2022-10-28,17813.65,17814.05,17798.9,17802.75,09:40:00,17752.24040089297,4,6
2022-10-28,17814.9,17823.45,17813.25,17813.75,09:45:00,17758.207981760308,4,7
2022-10-28,17779.95,17812.95,17779.85,17812.95,09:50:00,17760.278650164088,4,8
2022-10-28,17799.45,17799.8,17777.05,17779.7,09:55:00,17764.009254910365,4,9
2022-10-28,17814.15,17814.2,17787.55,17799.3,10:00:00,17768.78456396652,4,10
2022-10-28,17814.25,17820.2,17805.85,17813.75,10:05:00,17773.11460549352,4,11
2022-10-28,17833.2,17835.6,17813.5,17814.55,10:10:00,17778.837024017947,4,12
2022-10-28,17836.85,17838.9,17828.8,17832.95,10:15:00,17784.36206934957,4,13
2022-10-28,17827.05,17838.1,17823.85,17837.7,10:20:00,17788.42758655437,4,14
2022-10-28,17815.45,17829.6,17814.45,17827.35,10:25:00,17791.00114973967,4,15
2022-10-28,17824.1,17825.85,17813.25,17814.75,10:30:00,17794.153421193034,4,16
2022-10-28,17823.4,17832.55,17820.1,17823.95,10:35:00,17796.93880965084,4,17
2022-10-28,17799.95,17826.3,17798.95,17823.55,10:40:00,17797.225589684094,4,18
2022-10-28,17787.95,17800.4,17786.95,17800.4,10:45:00,17796.34220019037,4,19
2022-10-28,17793.8,17796.65,17787.1,17787.2,10:50:00,17796.100085886526,4,20
2022-10-28,17793.0,17799.35,17790.4,17793.4,10:55:00,17795.804839611617,4,21
2022-10-28,17799.65,17801.5,17784.8,17793.55,11:00:00,17796.17104536289,4,22
2022-10-28,17790.25,17803.85,17788.25,17799.05,11:05:00,17795.607136280712,4,23
2022-10-28,17785.45,17794.8,17784.2,17790.1,11:10:00,17794.639789968263,4,24
2022-10-28,17777.85,17785.3,17775.25,17785.2,11:15:00,17793.040762352237,4,25
2022-10-28,17784.0,17784.1,17773.35,17778.4,11:20:00,17792.17973736631,4,26
2022-10-28,17778.75,17788.05,17778.75,17783.35,11:25:00,17790.900714759995,4,27
2022-10-28,17784.15,17787.1,17776.35,17778.95,11:30:00,17790.257789544758,4,28
2022-10-28,17775.25,17788.0,17774.55,17784.65,11:35:00,17788.82847625478,4,29
2022-10-28,17767.8,17776.9,17764.3,17774.75,11:40:00,17786.825764230518,4,30
2022-10-28,17775.8,17777.35,17762.55,17767.6,11:45:00,17785.77569144666,4,31
2022-10-28,17778.45,17786.25,17775.45,17775.5,11:50:00,17785.078006546977,4,32
2022-10-28,17775.05,17779.55,17770.15,17778.25,11:55:00,17784.122958304408,4,33
2022-10-28,17764.45,17774.15,17756.35,17773.65,12:00:00,17782.2493432278,4,34
2022-10-28,17766.3,17770.9,17763.9,17764.4,12:05:00,17780.730358158486,4,35
2022-10-28,17773.05,17773.05,17763.0,17765.7,12:10:00,17779.998895476725,4,36
2022-10-28,17762.6,17776.3,17761.95,17772.9,12:15:00,17778.341857812276,4,37
2022-10-28,17758.3,17763.7,17747.95,17762.8,12:20:00,17776.4331094492,4,38
2022-10-28,17761.45,17767.45,17754.2,17758.4,12:25:00,17775.006146644515,4,39
2022-10-28,17765.35,17766.9,17753.95,17762.25,12:30:00,17774.08651363075,4,40
2022-10-28,17776.2,17776.35,17764.85,17765.95,12:35:00,17774.28779804687,4,41
2022-10-28,17769.5,17778.05,17768.5,17775.85,12:40:00,17773.8318172805,4,42
2022-10-28,17757.6,17770.0,17754.35,17769.05,12:45:00,17772.285929920454,4,43
2022-10-28,17747.15,17757.5,17746.9,17757.25,12:50:00,17769.89203183279,4,44
2022-10-28,17743.35,17747.3,17741.8,17747.3,12:55:00,17767.364219277286,4,45
2022-10-28,17754.9,17754.9,17736.45,17743.1,13:00:00,17766.17715077469,4,46
2022-10-28,17754.15,17758.25,17751.5,17754.45,13:05:00,17765.031707843766,4,47
2022-10-28,17752.65,17757.0,17749.2,17753.6,13:10:00,17763.85249757293,4,48
2022-10-28,17747.8,17753.05,17745.6,17752.05,13:15:00,17762.32368828027,4,49
2022-10-28,17754.25,17755.05,17747.15,17747.65,13:20:00,17761.55476558691,4,50
2022-10-28,17751.65,17758.95,17750.8,17754.7,13:25:00,17760.611454578633,4,51
2022-10-28,17740.7,17756.5,17739.7,17751.5,13:30:00,17758.715125571143,4,52
2022-10-28,17754.5,17755.4,17739.0,17741.95,13:35:00,17758.313685040557,4,53
2022-10-28,17760.15,17766.0,17753.2,17754.0,13:40:00,17758.48857217955,4,54
2022-10-28,17744.4,17760.6,17744.15,17760.35,13:45:00,17757.146803400545,4,55
2022-10-28,17725.9,17744.45,17724.9,17744.35,13:50:00,17754.170917362397,4,56
2022-10-28,17728.55,17735.3,17723.7,17725.25,13:55:00,17751.73082999455,4,57
2022-10-28,17745.15,17745.9,17726.9,17728.45,14:00:00,17751.104084280785,4,58
2022-10-28,17732.35,17745.85,17730.65,17745.1,14:05:00,17749.31798101595,4,59
2022-10-28,17733.5,17735.85,17727.8,17732.15,14:10:00,17747.81150663348,4,60
2022-10-28,17742.9,17746.55,17732.5,17733.65,14:15:00,17747.343744096957,4,61
2022-10-28,17744.05,17747.75,17734.55,17742.5,14:20:00,17747.03005418296,4,62
2022-10-28,17755.5,17758.3,17743.3,17743.3,14:25:00,17747.836715689344,4,63
2022-10-28,17761.8,17765.15,17752.85,17756.15,14:30:00,17749.166552290357,4,64
2022-10-28,17757.4,17764.35,17755.0,17761.35,14:35:00,17749.950690167465,4,65
2022-10-28,17759.95,17759.95,17746.35,17755.65,14:40:00,17750.903005389613,4,66
2022-10-28,17766.15,17766.15,17753.7,17759.4,14:45:00,17752.35510011441,4,67
2022-10-28,17772.15,17773.65,17764.2,17766.3,14:50:00,17754.240328674943,4,68
2022-10-28,17755.55,17774.9,17755.4,17771.35,14:55:00,17754.36505927733,4,69
2022-10-28,17770.3,17775.15,17749.95,17756.1,15:00:00,17755.88267267949,4,70
2022-10-28,17785.4,17785.55,17765.45,17770.05,15:05:00,17758.693846710015,4,71
2022-10-28,17791.25,17791.35,17781.8,17784.5,15:10:00,17761.79443273763,4,72
2022-10-28,17790.25,17795.0,17788.15,17790.55,15:15:00,17764.50448676262,4,73
2022-10-28,17794.75,17800.5,17789.45,17789.6,15:20:00,17767.385011832845,4,74
2022-10-28,17795.95,17797.45,17792.0,17794.7,15:25:00,17770.105486896384,4,75
2022-10-31,17941.75,17946.7,17899.9,17910.6,09:15:00,17786.45258338244,0,1
2022-10-31,17929.6,17948.35,17920.1,17943.5,09:20:00,17800.085670679353,0,2
2022-10-31,17951.9,17952.5,17928.85,17930.3,09:25:00,17814.5441782337,0,3
2022-10-31,17958.85,17961.85,17952.4,17953.15,09:30:00,17828.28758983049,0,4
2022-10-31,17970.3,17972.15,17954.95,17960.25,09:35:00,17841.812581275204,0,5
2022-10-31,17953.75,17971.4,17952.7,17970.85,09:40:00,17852.473287820423,0,6
2022-10-31,17952.35,17961.7,17948.65,17953.25,09:45:00,17861.985355647048,0,7
2022-10-31,17941.15,17958.45,17940.5,17952.65,09:50:00,17869.524845585423,0,8
2022-10-31,17940.4,17947.7,17936.75,17941.75,09:55:00,17876.274860291574,0,9
2022-10-31,17956.5,17956.7,17939.65,17940.5,10:00:00,17883.915349787614,0,10
2022-10-31,17940.3,17958.0,17940.3,17955.4,10:05:00,17889.285316474507,0,11
2022-10-31,17958.2,17958.6,17938.25,17940.55,10:10:00,17895.84861966741,0,12
2022-10-31,17955.5,17968.1,17955.45,17958.1,10:15:00,17901.529703508608,0,13
2022-10-31,17956.75,17961.2,17952.75,17956.25,10:20:00,17906.78877936493,0,14
2022-10-31,17953.05,17959.65,17952.75,17956.3,10:25:00,17911.194609901606,0,15
2022-10-31,17951.05,17957.45,17946.5,17952.9,10:30:00,17914.990361339547,0,16
2022-10-31,17953.4,17954.25,17944.95,17949.2,10:35:00,17918.64842216435,0,17
2022-10-31,17947.1,17956.85,17940.45,17954.3,10:40:00,17921.358096243937,0,18
2022-10-31,17943.75,17951.15,17940.6,17946.75,10:45:00,17923.49065850642,0,19
2022-10-31,17943.9,17949.8,17937.65,17943.95,10:50:00,17925.434405315333,0,20
2022-10-31,17949.45,17953.05,17943.5,17944.8,10:55:00,17927.72160480911,0,21
2022-10-31,17953.4,17954.2,17947.8,17950.2,11:00:00,17930.167166255862,0,22
2022-10-31,17957.85,17963.5,17952.65,17954.0,11:05:00,17932.803626612447,0,23
2022-10-31,17966.35,17967.75,17956.45,17956.45,11:10:00,17935.998519316025,0,24
2022-10-31,17974.25,17975.35,17962.3,17966.25,11:15:00,17939.641517476404,0,25
2022-10-31,17977.8,17980.9,17973.9,17974.7,11:20:00,17943.27565866913,0,26
2022-10-31,17980.3,17981.95,17972.7,17978.4,11:25:00,17946.801786414926,0,27
2022-10-31,17976.6,17981.4,17975.35,17981.1,11:30:00,17949.639711518266,0,28
2022-10-31,17979.95,17980.1,17969.8,17976.3,11:35:00,17952.526405659384,0,29
2022-10-31,17971.85,17979.45,17970.7,17979.45,11:40:00,17954.366747977536,0,30
2022-10-31,17969.25,17973.55,17966.3,17972.2,11:45:00,17955.784200551105,0,31
2022-10-31,17972.25,17972.65,17963.9,17966.5,11:50:00,17957.35237192719,0,32
2022-10-31,17982.8,17985.0,17972.35,17972.6,11:55:00,17959.775955553174,0,33
2022-10-31,17985.05,17989.6,17982.25,17982.75,12:00:00,17962.183007405252,0,34
2022-10-31,17982.15,17985.55,17976.75,17984.7,12:05:00,17964.084625747608,0,35
2022-10-31,17981.9,17983.95,17979.35,17982.5,12:10:00,17965.78132805736,0,36
2022-10-31,17977.85,17983.75,17976.05,17982.2,12:15:00,17966.93072538523,0,37
2022-10-31,17985.5,17987.45,17975.25,17977.95,12:20:00,17968.699227729496,0,38
2022-10-31,17987.55,17991.0,17985.0,17985.4,12:25:00,17970.494539374304,0,39
2022-10-31,17983.85,17990.15,17982.0,17988.45,12:30:00,17971.76648800532,0,40
2022-10-31,17970.2,17985.1,17969.55,17983.8,12:35:00,17971.61729867148,0,41
2022-10-31,17976.3,17982.45,17969.65,17970.5,12:40:00,17972.06327022658,0,42
2022-10-31,17964.1,17976.85,17963.65,17976.55,12:45:00,17971.304863538335,0,43
2022-10-31,17967.95,17969.85,17962.5,17963.6,12:50:00,17970.985352725158,0,44
2022-10-31,17976.65,17977.6,17966.7,17968.85,12:55:00,17971.52484294181,0,45
2022-10-31,17979.95,17987.05,17975.95,17977.25,13:00:00,17972.327238852115,0,46
2022-10-31,17975.5,17981.3,17972.65,17980.15,13:05:00,17972.629406580483,0,47
2022-10-31,17971.0,17982.3,17969.2,17975.65,13:10:00,17972.47422500139,0,48
2022-10-31,17979.2,17981.65,17967.55,17970.35,13:15:00,17973.11477500126,0,49
2022-10-31,17979.85,17985.35,17978.0,17978.25,13:20:00,17973.75622500114,0,50
2022-10-31,17977.2,17983.65,17976.55,17979.8,13:25:00,17974.08420357246,0,51
2022-10-31,17969.75,17977.85,17967.6,17977.55,13:30:00,17973.671422279844,0,52
2022-10-31,17970.2,17971.25,17964.25,17969.95,13:35:00,17973.340810634145,0,53
2022-10-31,17967.05,17970.55,17965.55,17970.55,13:40:00,17972.741685811845,0,54
2022-10-31,17952.5,17970.65,17949.5,17966.65,13:45:00,17970.813906210715,0,55
2022-10-31,17956.15,17958.95,17950.05,17953.05,13:50:00,17969.417343714456,0,56
2022-10-31,17956.55,17962.5,17953.05,17956.5,13:55:00,17968.19188240832,0,57
2022-10-31,17957.9,17958.7,17951.05,17956.7,14:00:00,17967.211703131336,0,58
2022-10-31,17963.95,17964.2,17956.1,17957.8,14:05:00,17966.901064737875,0,59
2022-10-31,17956.8,17964.3,17953.3,17964.1,14:10:00,17965.939058572363,0,60
2022-10-31,17956.35,17957.35,17951.5,17957.15,14:15:00,17965.025814898803,0,61
2022-10-31,17968.7,17970.95,17956.65,17957.3,14:20:00,17965.375737289392,0,62
2022-10-31,17971.2,17974.4,17967.45,17968.1,14:25:00,17965.930428976117,0,63
2022-10-31,17969.95,17974.2,17969.1,17972.25,14:30:00,17966.313245264108,0,64
2022-10-31,17976.15,17978.0,17965.65,17969.6,14:35:00,17967.250079048477,0,65
2022-10-31,17975.0,17976.65,17971.5,17975.8,14:40:00,17967.988166758147,0,66
2022-10-31,17974.2,17976.85,17971.8,17975.7,14:45:00,17968.579769924036,0,67
2022-10-31,17976.4,17981.9,17972.75,17973.45,14:50:00,17969.324553740793,0,68
2022-10-31,17979.25,17987.45,17976.4,17978.1,14:55:00,17970.26983433691,0,69
2022-10-31,18004.4,18008.55,17977.55,17979.65,15:00:00,17973.52032630482,0,70
2022-10-31,18012.5,18013.5,18001.7,18004.75,15:05:00,17977.232676180553,0,71
2022-10-31,18017.95,18022.4,18010.9,18012.85,15:10:00,17981.110516544308,0,72
2022-10-31,18016.5,18019.95,18010.6,18017.7,15:15:00,17984.480943540086,0,73
2022-10-31,18019.15,18020.2,18010.2,18017.2,15:20:00,17987.78275844103,0,74
2022-10-31,18015.7,18022.8,18010.7,18019.95,15:25:00,17990.441543351408,0,75
2022-11-01,18099.45,18120.95,18084.9,18090.85,09:15:00,18000.823301127464,1,1
2022-11-01,18109.45,18111.5,18088.65,18100.45,09:20:00,18011.168701020088,1,2
2022-11-01,18119.95,18120.5,18108.7,18109.8,09:25:00,18021.52882473246,1,3
2022-11-01,18112.15,18122.65,18109.1,18121.4,09:30:00,18030.15941285318,1,4
2022-11-01,18114.5,18116.7,18101.6,18112.1,09:35:00,18038.191849724302,1,5
2022-11-01,18123.1,18127.1,18113.7,18115.55,09:40:00,18046.278340226752,1,6
2022-11-01,18134.1,18136.8,18121.35,18121.35,09:45:00,18054.642307824204,1,7
2022-11-01,18138.45,18142.2,18131.8,18134.85,09:50:00,18062.623992793327,1,8
2022-11-01,18141.0,18142.4,18131.3,18139.25,09:55:00,18070.088374432056,1,9
2022-11-01,18142.75,18145.75,18135.4,18141.2,10:00:00,18077.00852924805,1,10
2022-11-01,18152.6,18154.4,18134.5,18143.15,10:05:00,18084.207716938712,1,11
2022-11-01,18160.95,18162.3,18151.55,18151.95,10:10:00,18091.51650580169,1,12
2022-11-01,18158.4,18164.7,18156.5,18160.65,10:15:00,18097.886362392004,1,13
2022-11-01,18149.15,18161.5,18147.4,18157.0,10:20:00,18102.768613592765,1,14
2022-11-01,18156.6,18157.1,18149.65,18149.65,10:25:00,18107.895412298218,1,15
2022-11-01,18147.35,18158.35,18144.55,18155.7,10:30:00,18111.65299207934,1,16
2022-11-01,18153.2,18157.15,18147.55,18147.65,10:35:00,18115.609849976543,1,17
2022-11-01,18167.95,18168.45,18153.4,18154.25,10:40:00,18120.59462616925,1,18
2022-11-01,18168.4,18171.75,18164.8,18167.65,10:45:00,18125.14751891504,1,19
2022-11-01,18163.55,18170.7,18162.55,18169.1,10:50:00,18128.804898065984,1,20
2022-11-01,18166.75,18175.8,18165.0,18165.4,10:55:00,18132.4187172978,1,21
2022-11-01,18155.3,18168.55,18154.65,18166.35,11:00:00,18134.59788707896,1,22
2022-11-01,18159.05,18164.45,18153.7,18155.05,11:05:00,18136.926659738107,1,23
2022-11-01,18154.75,18161.7,18147.6,18158.7,11:10:00,18138.62412071543,1,24
2022-11-01,18161.3,18161.55,18152.2,18156.25,11:15:00,18140.783728266342,1,25
2022-11-01,18152.2,18161.45,18151.7,18160.35,11:20:00,18141.870992240976,1,26
2022-11-01,18138.35,18156.25,18137.6,18152.1,11:25:00,18141.5356596466,1,27
2022-11-01,18140.75,18146.25,18135.65,18138.0,11:30:00,18141.46083491835,1,28
2022-11-01,18141.8,18143.9,18136.45,18141.05,11:35:00,18141.493136354697,1,29
2022-11-01,18138.95,18142.5,18133.55,18142.15,11:40:00,18141.250932892344,1,30
2022-11-01,18143.05,18144.1,18136.95,18140.0,11:45:00,18141.422272616885,1,31
2022-11-01,18141.1,18144.95,18140.45,18142.55,11:50:00,18141.391579986703,1,32
2022-11-01,18150.5,18151.75,18141.95,18142.25,11:55:00,18142.2590485594,1,33
2022-11-01,18136.25,18151.85,18134.05,18150.75,12:00:00,18141.68675822041,1,34
2022-11-01,18135.85,18138.15,18132.25,18135.5,12:05:00,18141.13087648513,1,35
2022-11-01,18124.5,18139.0,18123.0,18136.15,12:10:00,18139.54698348655,1,36
2022-11-01,18127.85,18127.85,18117.15,18123.8,12:15:00,18138.432985059266,1,37
2022-11-01,18126.05,18131.9,18121.55,18127.15,12:20:00,18137.25365314885,1,38
2022-11-01,18130.95,18130.95,18121.9,18126.25,12:25:00,18136.65330522992,1,39
2022-11-01,18120.55,18131.0,18120.15,18131.0,12:30:00,18135.11965711278,1,40
2022-11-01,18112.7,18121.4,18108.25,18119.6,12:35:00,18132.984451673467,1,41
2022-11-01,18123.25,18123.85,18111.1,18112.6,12:40:00,18132.0573610379,1,42
2022-11-01,18124.9,18128.55,18121.6,18123.3,12:45:00,18131.37570760572,1,43
2022-11-01,18128.95,18134.05,18123.75,18123.9,12:50:00,18131.144687833745,1,44
2022-11-01,18116.4,18129.85,18115.7,18128.55,12:55:00,18129.740431849576,1,45
2022-11-01,18081.8,18117.2,18079.85,18116.45,13:00:00,18125.17467643533,1,46
2022-11-01,18078.0,18081.45,18070.3,18081.15,13:05:00,18120.68185010816,1,47
2022-11-01,18068.5,18077.85,18060.15,18077.15,13:10:00,18115.712150097857,1,48
2022-11-01,18080.55,18083.8,18064.85,18067.65,13:15:00,18112.36337389806,1,49
2022-11-01,18089.05,18094.1,18080.3,18080.3,13:20:00,18110.14305257444,1,50
2022-11-01,18106.9,18106.9,18086.5,18088.8,13:25:00,18109.83419042449,1,51
2022-11-01,18116.25,18116.25,18103.0,18106.35,13:30:00,18110.44521990788,1,52
2022-11-01,18109.3,18123.05,18106.6,18115.7,13:35:00,18110.33615134522,1,53
2022-11-01,18109.3,18112.55,18106.05,18109.1,13:40:00,18110.23747026472,1,54
2022-11-01,18117.2,18121.4,18107.0,18109.25,13:45:00,18110.90056833475,1,55
2022-11-01,18116.25,18124.5,18111.9,18116.6,13:50:00,18111.41003801715,1,56
2022-11-01,18102.25,18116.5,18100.25,18115.05,13:55:00,18110.537653444087,1,57
2022-11-01,18108.2,18113.85,18100.75,18101.0,14:00:00,18110.315019782745,1,58
2022-11-01,18096.4,18108.35,18094.9,18108.35,14:05:00,18108.98977980344,1,59
2022-11-01,18108.1,18110.95,18095.2,18096.85,14:10:00,18108.905038869776,1,60
2022-11-01,18117.8,18120.8,18105.95,18107.65,14:15:00,18109.752178025035,1,61
2022-11-01,18111.7,18117.6,18110.8,18117.6,14:20:00,18109.937684879795,1,62
2022-11-01,18100.4,18112.6,18100.4,18111.0,14:25:00,18109.02933393886,1,63
2022-11-01,18112.15,18117.75,18098.55,18099.4,14:30:00,18109.3265402304,1,64
2022-11-01,18107.35,18120.6,18105.15,18112.05,14:35:00,18109.138298303693,1,65
2022-11-01,18118.4,18118.6,18106.0,18107.25,14:40:00,18110.02036513192,1,66
2022-11-01,18139.3,18144.55,18111.25,18117.7,14:45:00,18112.80890178601,1,67
2022-11-01,18134.1,18143.3,18129.8,18139.0,14:50:00,18114.83662542544,1,68
2022-11-01,18109.95,18136.95,18103.05,18133.65,14:55:00,18114.371232527777,1,69
2022-11-01,18145.4,18146.3,18106.95,18108.4,15:00:00,18117.32635323942,1,70
2022-11-01,18147.4,18148.85,18140.6,18145.95,15:05:00,18120.19051007376,1,71
2022-11-01,18148.3,18153.45,18145.15,18148.0,15:10:00,18122.86760435245,1,72
2022-11-01,18153.65,18154.55,18145.0,18148.95,15:15:00,18125.79926108079,1,73
2022-11-01,18148.2,18155.6,18145.25,18153.15,15:20:00,18127.932664787382,1,74
2022-11-01,18142.75,18151.05,18137.55,18147.9,15:25:00,18129.34383956953,1,75
2022-11-02,18128.85,18178.75,18109.4,18178.75,09:15:00,18129.25425416009,2,1
2022-11-02,18142.7,18144.15,18128.2,18128.2,09:20:00,18130.534801382943,2,2
2022-11-02,18134.2,18147.4,18134.2,18142.2,09:25:00,18130.8838679179,2,3
2022-11-02,18108.9,18134.7,18101.85,18134.7,09:30:00,18128.790166211435,2,4
2022-11-02,18125.55,18128.85,18103.65,18109.1,09:35:00,18128.481578953204,2,5
2022-11-02,18141.25,18141.7,18121.8,18124.95,09:40:00,18129.6976190529,2,6
2022-11-02,18144.9,18150.6,18140.45,18140.95,09:45:00,18131.14546485738,2,7
2022-11-02,18117.85,18146.6,18117.85,18145.0,09:50:00,18129.87923010905,2,8
2022-11-02,18125.65,18128.65,18107.3,18118.5,09:55:00,18129.476446289147,2,9
2022-11-02,18132.15,18133.55,18118.3,18124.75,10:00:00,18129.73107045209,2,10
2022-11-02,18127.65,18132.7,18118.55,18131.95,10:05:00,18129.532873266173,2,11
2022-11-02,18119.45,18126.9,18112.5,18126.85,10:10:00,18128.572599621777,2,12
2022-11-02,18113.45,18121.0,18111.0,18119.2,10:15:00,18127.13235203875,2,13
2022-11-02,18115.05,18118.7,18103.95,18113.6,10:20:00,18125.981651844584,2,14
2022-11-02,18120.35,18125.3,18109.15,18114.65,10:25:00,18125.445304049863,2,15
2022-11-02,18128.55,18129.8,18116.75,18120.45,10:30:00,18125.74098937845,2,16
2022-11-02,18128.1,18130.95,18124.2,18129.25,10:35:00,18125.96565705669,2,17
2022-11-02,18118.25,18129.3,18117.75,18128.15,10:40:00,18125.2308325751,2,18
2022-11-02,18127.15,18127.7,18115.4,18118.65,10:45:00,18125.413610425094,2,19
2022-11-02,18117.5,18128.95,18116.75,18127.5,10:50:00,18124.65993324176,2,20
2022-11-02,18110.2,18118.0,18105.2,18117.8,10:55:00,18123.28279674254,2,21
2022-11-02,18099.4,18113.5,18096.7,18110.3,11:00:00,18121.008244671822,2,22
2022-11-02,18108.35,18113.0,18091.9,18099.25,11:05:00,18119.80269756022,2,23
2022-11-02,18116.65,18118.7,18106.75,18108.8,11:10:00,18119.502440649725,2,24
2022-11-02,18117.05,18121.7,18114.4,18117.85,11:15:00,18119.268874873564,2,25
2022-11-02,18116.05,18120.95,18111.65,18116.4,11:20:00,18118.9623153618,2,26
2022-11-02,18112.5,18116.5,18109.05,18114.3,11:25:00,18118.34685675591,2,27
2022-11-02,18106.2,18115.6,18105.1,18113.65,11:30:00,18117.19001325535,2,28
2022-11-02,18107.05,18111.5,18103.55,18104.95,11:35:00,18116.22429770722,2,29
2022-11-02,18101.3,18110.55,18100.05,18106.8,11:40:00,18114.80293602082,2,30
2022-11-02,18097.45,18106.5,18092.0,18101.0,11:45:00,18113.15027544741,2,31
2022-11-02,18099.05,18102.8,18095.55,18097.25,11:50:00,18111.807392071467,2,32
2022-11-02,18099.85,18100.3,18090.7,18099.45,11:55:00,18110.668592826565,2,33
2022-11-02,18093.75,18104.65,18092.7,18099.95,12:00:00,18109.05729827165,2,34
2022-11-02,18086.55,18096.1,18085.55,18093.8,12:05:00,18106.913746055307,2,35
2022-11-02,18088.7,18091.15,18085.1,18086.65,12:10:00,18105.17910357385,2,36
2022-11-02,18082.15,18091.0,18081.35,18089.4,12:15:00,18102.985855614435,2,37
2022-11-02,18094.4,18095.75,18081.45,18082.3,12:20:00,18102.16815507973,2,38
2022-11-02,18085.65,18097.35,18085.65,18094.3,12:25:00,18100.59499745309,2,39
2022-11-02,18080.7,18088.9,18079.2,18086.85,12:30:00,18098.70023579089,2,40
2022-11-02,18088.2,18089.1,18080.3,18080.95,12:35:00,18097.70021333461,2,41
2022-11-02,18084.05,18092.5,18083.0,18088.6,12:40:00,18096.40019301703,2,42
2022-11-02,18073.05,18083.1,18071.85,18083.1,12:45:00,18094.176365110645,2,43
2022-11-02,18068.95,18075.95,18066.65,18073.1,12:50:00,18091.773854147727,2,44
2022-11-02,18066.15,18074.85,18065.25,18069.2,12:55:00,18089.33348708604,2,45
2022-11-02,18070.5,18071.3,18057.9,18065.8,13:00:00,18087.539821649272,2,46
2022-11-02,18075.45,18079.6,18067.2,18070.95,13:05:00,18086.388410063628,2,47
2022-11-02,18079.2,18081.5,18073.75,18076.2,13:10:00,18085.703799581377,2,48
2022-11-02,18094.45,18096.5,18079.15,18080.1,13:15:00,18086.536771049818,2,49
2022-11-02,18092.75,18099.25,18088.65,18094.55,13:20:00,18087.12850714031,2,50
2022-11-02,18091.5,18093.6,18085.5,18093.25,13:25:00,18087.54483979361,2,51
2022-11-02,18082.15,18093.25,18081.65,18091.65,13:30:00,18087.03104552756,2,52
2022-11-02,18066.15,18082.7,18063.75,18082.45,13:35:00,18085.042374524928,2,53
2022-11-02,18061.0,18071.4,18059.55,18065.7,13:40:00,18082.752624570174,2,54
2022-11-02,18074.7,18075.6,18057.15,18060.85,13:45:00,18081.985707944445,2,55
2022-11-02,18070.55,18080.3,18070.55,18074.35,13:50:00,18080.896592902114,2,56
2022-11-02,18063.6,18075.4,18063.6,18070.85,13:55:00,18079.249298340008,2,57
2022-11-02,18059.2,18070.15,18053.5,18063.9,14:00:00,18077.33984135525,2,58
2022-11-02,18054.1,18060.15,18053.25,18058.8,14:05:00,18075.126523130937,2,59
2022-11-02,18051.25,18059.45,18048.65,18054.3,14:10:00,18072.85256854704,2,60
2022-11-02,18065.15,18066.9,18051.9,18051.9,14:15:00,18072.118990590177,2,61
2022-11-02,18065.35,18076.85,18062.15,18067.0,14:20:00,18071.474324819683,2,62
2022-11-02,18065.25,18070.55,18064.4,18065.5,14:25:00,18070.88153197972,2,63
2022-11-02,18074.7,18076.75,18065.3,18065.3,14:30:00,18071.24519560069,2,64
2022-11-02,18074.9,18079.4,18071.8,18075.75,14:35:00,18071.59327221016,2,65
2022-11-02,18069.75,18077.4,18069.5,18074.95,14:40:00,18071.417722475853,2,66
2022-11-02,18068.2,18074.25,18063.95,18070.45,14:45:00,18071.111272716247,2,67
2022-11-02,18061.45,18072.5,18061.45,18068.8,14:50:00,18070.191151505176,2,68
2022-11-02,18069.45,18071.05,18056.9,18061.8,14:55:00,18070.12056564754,2,69
2022-11-02,18084.4,18090.75,18067.7,18070.2,15:00:00,18071.480511776343,2,70
2022-11-02,18089.45,18092.45,18082.8,18083.95,15:05:00,18073.19189160717,2,71
2022-11-02,18082.65,18092.05,18082.05,18090.3,15:10:00,18074.092663835057,2,72
2022-11-02,18081.7,18090.75,18081.35,18082.6,15:15:00,18074.817172041243,2,73
2022-11-02,18075.35,18082.6,18074.1,18082.25,15:20:00,18074.867917561125,2,74
2022-11-02,18072.1,18079.15,18070.7,18075.75,15:25:00,18074.60430636483,2,75
2022-11-03,18022.3,18029.95,17959.2,17972.6,09:15:00,18069.62294385389,3,1
2022-11-03,18016.0,18025.9,18008.7,18021.75,09:20:00,18064.51599682019,3,2
2022-11-03,18037.6,18038.3,18013.3,18014.65,09:25:00,18061.9525685516,3,3
2022-11-03,18064.65,18070.95,18036.5,18036.5,09:30:00,18062.20946678478,3,4
2022-11-03,18056.35,18079.75,18052.75,18065.65,09:35:00,18061.651422329087,3,5
2022-11-03,18060.5,18063.4,18044.65,18055.7,09:40:00,18061.54176305965,3,6
2022-11-03,18058.65,18076.25,18057.25,18061.6,09:45:00,18061.266357053966,3,7
2022-11-03,18072.95,18077.5,18058.0,18059.45,09:50:00,18062.379084953587,3,8
2022-11-03,18063.9,18078.6,18060.25,18072.8,09:55:00,18062.52393400563,3,9
2022-11-03,18058.2,18074.55,18054.05,18064.4,10:00:00,18062.112130767,3,10
2022-11-03,18059.15,18062.1,18045.55,18059.25,10:05:00,18061.8300230749,3,11
2022-11-03,18081.3,18081.45,18058.2,18060.4,10:10:00,18063.68430659158,3,12
2022-11-03,18088.45,18094.25,18081.7,18082.0,10:15:00,18066.042944059045,3,13
2022-11-03,18094.35,18095.9,18085.65,18089.35,10:20:00,18068.73885414865,3,14
2022-11-03,18098.35,18106.3,18094.65,18095.0,10:25:00,18071.55896327736,3,15
2022-11-03,18090.85,18100.2,18089.0,18098.6,10:30:00,18073.39620486999,3,16
2022-11-03,18096.95,18100.45,18089.5,18090.9,10:35:00,18075.6394234538,3,17
2022-11-03,18085.0,18100.95,18084.95,18097.3,10:40:00,18076.5309069344,3,18
2022-11-03,18085.3,18087.25,18078.75,18085.25,10:45:00,18077.366058654927,3,19
2022-11-03,18081.6,18089.55,18078.9,18084.95,10:50:00,18077.769291163982,3,20
2022-11-03,18082.7,18088.05,18079.6,18081.0,10:55:00,18078.2388824817,3,21
2022-11-03,18072.35,18084.45,18070.0,18082.9,11:00:00,18077.678036531062,3,22
2022-11-03,18064.3,18072.75,18062.7,18072.3,11:05:00,18076.40393781382,3,23
2022-11-03,18085.35,18088.0,18059.5,18063.45,11:10:00,18077.255943736312,3,24
2022-11-03,18090.35,18096.55,18084.85,18085.3,11:15:00,18078.502996713807,3,25
2022-11-03,18088.25,18095.8,18085.4,18089.85,11:20:00,18079.431282741065,3,26
2022-11-03,18078.9,18089.0,18078.65,18087.9,11:25:00,18079.38068438477,3,27
2022-11-03,18067.5,18079.9,18067.45,18078.95,11:30:00,18078.249190633844,3,28
2022-11-03,18052.15,18067.2,18052.15,18067.05,11:35:00,18075.76355343062,3,29
2022-11-03,18051.45,18052.2,18040.35,18052.0,11:40:00,18073.44797691342,3,30
2022-11-03,18048.85,18055.9,18040.5,18050.05,11:45:00,18071.10531244548,3,31
2022-11-03,18037.15,18048.9,18037.15,18048.8,11:50:00,18067.871473164952,3,32
2022-11-03,18048.0,18050.15,18033.2,18037.4,11:55:00,18065.978951911147,3,33
2022-11-03,18046.8,18049.95,18041.6,18047.75,12:00:00,18064.152385062465,3,34
2022-11-03,18035.4,18050.6,18035.4,18046.9,12:05:00,18061.414062675565,3,35
2022-11-03,18040.95,18044.7,18033.95,18036.0,12:10:00,18059.46510432551,3,36
2022-11-03,18037.25,18042.9,18035.1,18041.2,12:15:00,18057.349380104035,3,37
2022-11-03,18035.8,18039.55,18033.15,18038.2,12:20:00,18055.297058189364,3,38
2022-11-03,18039.55,18044.8,18029.8,18035.55,12:25:00,18053.797338361805,3,39
2022-11-03,18027.95,18043.3,18027.7,18040.85,12:30:00,18051.335687089253,3,40
2022-11-03,18026.7,18029.1,18023.7,18027.8,12:35:00,18048.98943117599,3,41
2022-11-03,18024.15,18030.7,18022.9,18027.45,12:40:00,18046.62377106399,3,42
2022-11-03,18022.55,18025.1,18021.1,18024.25,12:45:00,18044.331030962658,3,43
2022-11-03,18008.55,18023.55,18007.7,18021.8,12:50:00,18040.92331372812,3,44
2022-11-03,18009.4,18011.15,18005.75,18008.8,12:55:00,18037.92109337306,3,45
2022-11-03,18005.6,18013.8,18004.3,18009.5,13:00:00,18034.8428940042,3,46
2022-11-03,18017.35,18018.7,18002.85,18006.05,13:05:00,18033.17690409904,3,47
2022-11-03,18030.3,18030.95,18016.45,18017.0,13:10:00,18032.90291323246,3,48
2022-11-03,18027.7,18035.5,18023.0,18030.2,13:15:00,18032.40739768651,3,49
2022-11-03,18030.95,18034.55,18026.05,18028.05,13:20:00,18032.26859790684,3,50
2022-11-03,18033.1,18038.1,18030.6,18031.0,13:25:00,18032.34777905857,3,51
2022-11-03,18030.45,18035.1,18022.05,18032.95,13:30:00,18032.16703819585,3,52
2022-11-03,18041.55,18041.8,18027.65,18030.85,13:35:00,18033.060653605768,3,53
2022-11-03,18050.2,18050.85,18039.2,18041.7,13:40:00,18034.692972309986,3,54
2022-11-03,18037.3,18052.05,18036.35,18050.75,13:45:00,18034.941260661413,3,55
2022-11-03,18028.2,18037.45,18024.45,18037.2,13:50:00,18034.299235836515,3,56
2022-11-03,18015.5,18028.25,18011.45,18028.05,13:55:00,18032.50883242351,3,57
2022-11-03,18021.35,18025.95,18013.25,18015.75,14:00:00,18031.446086478416,3,58
2022-11-03,18025.1,18036.65,18022.05,18023.7,14:05:00,18030.84169729,3,59
2022-11-03,18027.2,18035.85,18021.8,18024.45,14:10:00,18030.49486897666,3,60
2022-11-03,18016.0,18029.05,18015.55,18027.6,14:15:00,18029.1144052646,3,61
2022-11-03,18010.9,18023.8,18009.6,18015.55,14:20:00,18027.379700001304,3,62
2022-11-03,18022.15,18022.15,18008.5,18011.05,14:25:00,18026.88163333452,3,63
2022-11-03,18034.0,18043.3,18020.45,18021.95,14:30:00,18027.55957301694,3,64
2022-11-03,18032.0,18037.5,18028.25,18034.05,14:35:00,18027.98247082485,3,65
2022-11-03,18033.45,18036.7,18024.2,18031.75,14:40:00,18028.50318788916,3,66
2022-11-03,18038.95,18039.9,18026.2,18033.65,14:45:00,18029.498122375902,3,67
2022-11-03,18033.8,18041.85,18032.9,18039.5,14:50:00,18029.90782500677,3,68
2022-11-03,18038.75,18041.65,18031.05,18033.65,14:55:00,18030.749936910885,3,69
2022-11-03,18057.5,18068.25,18038.85,18038.85,15:00:00,18033.29756196699,3,70
2022-11-03,18062.25,18062.75,18054.8,18058.6,15:05:00,18036.05493701775,3,71
2022-11-03,18050.4,18062.75,18049.55,18062.35,15:10:00,18037.42113349225,3,72
2022-11-03,18052.65,18053.15,18044.4,18049.9,15:15:00,18038.87150173109,3,73
2022-11-03,18052.6,18057.95,18048.1,18052.7,15:20:00,18040.178977756696,3,74
2022-11-03,18048.05,18054.45,18042.6,18052.5,15:25:00,18040.928598922725,3,75
2022-11-04,18086.35,18108.0,18050.45,18064.75,09:15:00,18045.25444664437,4,1
2022-11-04,18056.75,18091.75,18046.85,18085.5,09:20:00,18046.34926124967,4,2
2022-11-04,18084.25,18084.55,18051.2,18054.55,09:25:00,18049.958855416367,4,3
2022-11-04,18072.75,18093.7,18067.9,18084.3,09:30:00,18052.129440614808,4,4
2022-11-04,18049.75,18073.8,18045.85,18072.25,09:35:00,18051.90282722292,4,5
2022-11-04,18061.3,18062.25,18047.75,18050.0,09:40:00,18052.797796058832,4,6
2022-11-04,18041.75,18067.25,18033.8,18060.65,09:45:00,18051.74562500561,4,7
2022-11-04,18040.95,18050.15,18036.5,18041.35,09:50:00,18050.71747024317,4,8
2022-11-04,18034.9,18045.45,18028.4,18040.65,09:55:00,18049.21104450572,4,9
2022-11-04,18035.25,18036.55,18026.9,18035.8,10:00:00,18047.881421219463,4,10
2022-11-04,18042.8,18045.6,18034.4,18036.1,10:05:00,18047.39747634142,4,11
2022-11-04,18034.0,18046.25,18029.75,18042.35,10:10:00,18046.121526213665,4,12
2022-11-04,18029.05,18040.35,18027.5,18033.65,10:15:00,18044.49566657427,4,13
2022-11-04,18036.5,18040.2,18028.25,18028.25,10:20:00,18043.734174519574,4,14
2022-11-04,18028.05,18039.25,18027.55,18036.6,10:25:00,18042.240443612947,4,15
2022-11-04,18025.1,18033.8,18023.45,18027.8,10:30:00,18040.60802041172,4,16
2022-11-04,18028.25,18028.6,18021.45,18024.75,10:35:00,18039.43106608679,4,17
2022-11-04,18023.2,18032.25,18023.0,18028.3,10:40:00,18037.885250269,4,18
2022-11-04,18027.45,18029.4,18017.15,18022.55,10:45:00,18036.891416910046,4,19
2022-11-04,18022.0,18026.75,18020.0,18026.65,10:50:00,18035.473186728137,4,20
2022-11-04,18021.0,18024.85,18018.85,18021.75,10:55:00,18034.09478799213,4,21
2022-11-04,18020.15,18031.4,18017.5,18021.15,11:00:00,18032.766712945257,4,22
2022-11-04,18037.45,18039.95,18019.45,18020.45,11:05:00,18033.2127402838,4,23
2022-11-04,18038.1,18039.35,18031.75,18037.55,11:10:00,18033.678193590105,4,24
2022-11-04,18045.15,18046.35,18033.05,18038.35,11:15:00,18034.77074658152,4,25
2022-11-04,18048.75,18048.75,18042.9,18045.55,11:20:00,18036.102104049947,4,26
2022-11-04,18044.25,18053.75,18043.45,18049.15,11:25:00,18036.87809414043,4,27
2022-11-04,18036.2,18045.0,18035.05,18044.3,11:30:00,18036.813513746103,4,28
2022-11-04,18037.1,18043.25,18036.05,18036.3,11:35:00,18036.84079815124,4,29
2022-11-04,18034.25,18038.75,18031.7,18037.35,11:40:00,18036.594055470166,4,30
2022-11-04,18036.0,18040.85,18032.4,18034.3,11:45:00,18036.53747875872,4,31
2022-11-04,18040.4,18040.5,18035.0,18036.6,11:50:00,18036.90533792456,4,32
2022-11-04,18036.75,18044.05,18036.75,18040.0,11:55:00,18036.890543836504,4,33
2022-11-04,18039.65,18042.7,18030.9,18037.1,12:00:00,18037.15334918541,4,34
2022-11-04,18050.05,18051.05,18038.8,18039.55,12:05:00,18038.38160164394,4,35
2022-11-04,18046.3,18050.15,18044.6,18049.9,12:10:00,18039.13573482071,4,36
2022-11-04,18042.4,18049.8,18041.4,18046.65,12:15:00,18039.44661721874,4,37
2022-11-04,18056.1,18056.35,18038.4,18042.3,12:20:00,18041.032653674098,4,38
2022-11-04,18056.1,18063.2,18054.35,18056.0,12:25:00,18042.46763903847,4,39
2022-11-04,18061.95,18062.95,18054.25,18055.85,12:30:00,18044.32310198719,4,40
2022-11-04,18058.25,18064.2,18057.2,18062.25,12:35:00,18045.649473226506,4,41
2022-11-04,18048.8,18059.75,18048.2,18059.15,12:40:00,18045.94952339541,4,42
2022-11-04,18047.25,18050.4,18042.15,18049.0,12:45:00,18046.07337831013,4,43
2022-11-04,18045.9,18054.55,18044.25,18048.2,12:50:00,18046.056866090123,4,44
2022-11-04,18047.3,18049.45,18039.55,18046.5,12:55:00,18046.175259795826,4,45
2022-11-04,18053.4,18053.65,18044.75,18047.95,13:00:00,18046.86333029146,4,46
2022-11-04,18046.6,18056.05,18045.9,18053.6,13:05:00,18046.83825121608,4,47
2022-11-04,18053.0,18053.0,18045.95,18046.3,13:10:00,18047.4250844336,4,48
2022-11-04,18054.2,18058.8,18051.65,18053.25,13:15:00,18048.07031448754,4,49
2022-11-04,18057.25,18057.95,18051.9,18053.4,13:20:00,18048.94457025063,4,50
2022-11-04,18057.45,18059.7,18052.25,18057.35,13:25:00,18049.75461117914,4,51
2022-11-04,18056.05,18060.3,18052.4,18057.3,13:30:00,18050.354172019222,4,52
2022-11-04,18053.85,18061.2,18053.0,18056.35,13:35:00,18050.68710801739,4,53
2022-11-04,18057.15,18060.5,18053.6,18054.2,13:40:00,18051.302621539544,4,54
2022-11-04,18048.95,18057.95,18047.65,18056.3,13:45:00,18051.0785623453,4,55
2022-11-04,18056.65,18056.8,18046.2,18048.75,13:50:00,18051.60917545528,4,56
2022-11-04,18052.3,18060.6,18052.3,18056.85,13:55:00,18051.674968269057,4,57
2022-11-04,18049.9,18055.55,18048.4,18052.05,14:00:00,18051.505923672004,4,58
2022-11-04,18053.75,18057.75,18041.95,18049.1,14:05:00,18051.71964522705,4,59
2022-11-04,18056.6,18056.6,18045.05,18053.45,14:10:00,18052.184440919715,4,60
2022-11-04,18053.35,18061.9,18049.3,18056.45,14:15:00,18052.295446546406,4,61
2022-11-04,18050.6,18056.35,18047.7,18053.8,14:20:00,18052.133975446748,4,62
2022-11-04,18065.35,18066.1,18047.3,18050.65,14:25:00,18053.392644451826,4,63
2022-11-04,18063.1,18078.35,18062.95,18064.85,14:30:00,18054.31715450403,4,64
2022-11-04,18065.95,18069.15,18059.65,18062.75,14:35:00,18055.425044551263,4,65
2022-11-04,18071.05,18072.0,18065.5,18065.75,14:40:00,18056.913135546383,4,66
2022-11-04,18076.4,18080.0,18071.3,18071.3,14:45:00,18058.76902739911,4,67
2022-11-04,18079.35,18082.45,18074.45,18077.2,14:50:00,18060.729120027765,4,68
2022-11-04,18078.15,18082.5,18077.3,18079.0,14:55:00,18062.388251453693,4,69
2022-11-04,18099.7,18104.25,18075.3,18077.6,15:00:00,18065.941751315248,4,70
2022-11-04,18122.8,18123.35,18098.7,18099.15,15:05:00,18071.35682261856,4,71
2022-11-04,18124.1,18129.25,18120.7,18123.4,15:10:00,18076.37998236917,4,72
2022-11-04,18123.0,18124.0,18117.1,18123.35,15:15:00,18080.819984048296,4,73
2022-11-04,18127.0,18127.0,18117.3,18121.7,15:20:00,18085.2180808056,4,74
2022-11-04,18127.9,18135.1,18126.75,18127.05,15:25:00,18089.283025490786,4,75
2022-11-07,18216.95,18255.5,18196.4,18215.35,09:15:00,18101.44178496785,0,1
2022-11-07,18210.0,18229.75,18209.1,18215.45,09:20:00,18111.78066258996,0,2
2022-11-07,18199.7,18212.2,18198.0,18210.4,09:25:00,18120.15393281949,0,3
2022-11-07,18180.15,18205.55,18179.05,18199.25,09:30:00,18125.867843979537,0,4
2022-11-07,18170.95,18183.45,18165.35,18178.4,09:35:00,18130.16138264815,0,5
2022-11-07,18171.7,18180.5,18164.95,18172.9,09:40:00,18134.117441443566,0,6
2022-11-07,18163.45,18173.9,18155.7,18171.95,09:45:00,18136.91101844894,0,7
2022-11-07,18156.3,18164.9,18149.4,18163.0,09:50:00,18138.757588120472,0,8
2022-11-07,18151.15,18169.45,18148.45,18156.8,09:55:00,18139.937817823284,0,9
2022-11-07,18160.45,18169.45,18151.65,18154.15,10:00:00,18141.89135898297,0,10
2022-11-07,18157.35,18167.4,18155.5,18160.9,10:05:00,18143.363610508404,0,11
2022-11-07,18142.7,18157.65,18142.4,18157.05,10:10:00,18143.300409507603,0,12
2022-11-07,18137.2,18142.55,18128.9,18142.15,10:15:00,18142.71941812593,0,13
2022-11-07,18138.5,18141.9,18128.5,18136.95,10:20:00,18142.3175687806,0,14
2022-11-07,18142.0,18144.95,18135.45,18138.7,10:25:00,18142.287324134828,0,15
2022-11-07,18141.2,18151.5,18140.75,18141.9,10:30:00,18142.18376945532,0,16
2022-11-07,18143.25,18147.25,18137.0,18140.5,10:35:00,18142.28531522148,0,17
2022-11-07,18138.15,18144.4,18135.3,18143.55,10:40:00,18141.89147567658,0,18
2022-11-07,18131.3,18140.95,18124.5,18138.25,10:45:00,18140.88276370738,0,19
2022-11-07,18128.4,18132.05,18126.05,18130.9,10:50:00,18139.693929068584,0,20
2022-11-07,18117.9,18131.3,18115.5,18128.1,10:55:00,18137.618316776337,0,21
2022-11-07,18131.7,18134.55,18117.5,18118.25,11:00:00,18137.054667559543,0,22
2022-11-07,18143.05,18144.8,18129.4,18132.25,11:05:00,18137.62565160149,0,23
2022-11-07,18144.25,18145.0,18135.55,18142.7,11:10:00,18138.25654192516,0,24
2022-11-07,18146.1,18151.3,18141.75,18144.1,11:15:00,18139.00353793229,0,25
2022-11-07,18144.55,18149.5,18142.2,18145.85,11:20:00,18139.531772414928,0,26
2022-11-07,18149.35,18150.95,18144.05,18144.6,11:25:00,18140.466841708745,0,27
2022-11-07,18155.7,18155.85,18147.0,18148.95,11:30:00,18141.91761868886,0,28
2022-11-07,18154.05,18159.55,18152.6,18156.05,11:35:00,18143.07308357564,0,29
2022-11-07,18139.6,18154.95,18137.4,18154.4,11:40:00,18142.74231371129,0,30
2022-11-07,18138.5,18144.0,18133.8,18137.45,11:45:00,18142.338283834026,0,31
2022-11-07,18142.25,18150.7,18136.95,18137.05,11:50:00,18142.32987584983,0,32
2022-11-07,18143.0,18146.5,18135.65,18141.65,11:55:00,18142.39369719747,0,33
2022-11-07,18138.8,18144.35,18134.85,18142.6,12:00:00,18142.05144032152,0,34
2022-11-07,18140.5,18148.0,18135.95,18138.15,12:05:00,18141.903684100424,0,35
2022-11-07,18143.45,18147.2,18138.6,18140.55,12:10:00,18142.050952281337,0,36
2022-11-07,18144.1,18150.65,18140.9,18142.95,12:15:00,18142.24609968312,0,37
2022-11-07,18146.35,18149.0,18140.95,18144.35,12:20:00,18142.636947332343,0,38
2022-11-07,18143.95,18151.45,18142.05,18145.9,12:25:00,18142.76199996736,0,39
2022-11-07,18124.5,18146.75,18123.1,18144.1,12:30:00,18141.022761875232,0,40
2022-11-07,18117.25,18125.45,18114.3,18124.7,12:35:00,18138.758689315688,0,41
2022-11-07,18114.65,18119.65,18113.75,18117.6,12:40:00,18136.46262366657,0,42
2022-11-07,18129.0,18129.0,18114.1,18114.9,12:45:00,18135.75189760309,0,43
2022-11-07,18115.0,18129.25,18114.1,18128.75,12:50:00,18133.7755264028,0,44
2022-11-07,18114.75,18121.05,18110.9,18115.1,12:55:00,18131.96357150729,0,45
2022-11-07,18105.7,18123.9,18105.65,18114.65,13:00:00,18129.462278982788,0,46
2022-11-07,18104.25,18108.9,18102.55,18106.45,13:05:00,18127.061109555856,0,47
2022-11-07,18110.05,18114.45,18104.7,18104.9,13:10:00,18125.44100388387,0,48
2022-11-07,18115.15,18115.3,18105.05,18109.6,13:15:00,18124.46090827588,0,49
2022-11-07,18089.4,18118.2,18089.4,18114.75,13:20:00,18121.12177415437,0,50
2022-11-07,18074.25,18089.9,18073.7,18088.95,13:25:00,18116.657795663472,0,51
2022-11-07,18075.45,18078.85,18064.75,18074.65,13:30:00,18112.73324369552,0,52
2022-11-07,18079.15,18085.9,18072.25,18075.75,13:35:00,18109.534839534044,0,53
2022-11-07,18087.6,18088.65,18078.55,18079.6,13:40:00,18107.445807197462,0,54
2022-11-07,18098.3,18098.85,18086.65,18087.1,13:45:00,18106.574777940565,0,55
2022-11-07,18090.3,18100.75,18086.95,18098.65,13:50:00,18105.02479908908,0,56
2022-11-07,18108.0,18108.9,18089.25,18090.85,13:55:00,18105.30815155679,0,57
2022-11-07,18125.1,18129.25,18107.85,18107.85,14:00:00,18107.19308950376,0,58
2022-11-07,18129.9,18132.75,18118.55,18125.05,14:05:00,18109.355652408165,0,59
2022-11-07,18126.55,18135.4,18124.65,18130.25,14:10:00,18110.99320932167,0,60
2022-11-07,18138.7,18140.6,18125.5,18126.3,14:15:00,18113.63195129104,0,61
2022-11-07,18142.7,18144.4,18132.45,18138.8,14:20:00,18116.40033688236,0,62
2022-11-07,18155.9,18157.35,18137.15,18142.45,14:25:00,18120.162209560232,0,63
2022-11-07,18173.8,18174.9,18155.75,18156.4,14:30:00,18125.27057055449,0,64
2022-11-07,18173.7,18178.95,18167.65,18173.95,14:35:00,18129.88289716835,0,65
2022-11-07,18168.85,18174.7,18160.65,18173.6,14:40:00,18133.59404981898,0,66
2022-11-07,18170.2,18172.25,18163.7,18168.55,14:45:00,18137.0803307886,0,67
2022-11-07,18171.2,18178.2,18169.25,18170.15,14:50:00,18140.32982309445,0,68
2022-11-07,18166.65,18173.15,18158.2,18172.45,14:55:00,18142.836506609267,0,69
2022-11-07,18206.2,18206.2,18162.2,18162.2,15:00:00,18148.871125027432,0,70
2022-11-07,18197.45,18206.95,18191.95,18206.25,15:05:00,18153.497684548627,0,71
2022-11-07,18202.25,18204.15,18195.05,18197.25,15:10:00,18158.140762210664,0,72
2022-11-07,18204.45,18206.5,18201.0,18202.05,15:15:00,18162.551165809648,0,73
2022-11-07,18217.05,18218.6,18200.85,18203.85,15:20:00,18167.74153097064,0,74
2022-11-07,18203.35,18217.85,18197.55,18217.35,15:25:00,18171.132813735338,0,75
2022-11-09,18258.15,18296.4,18237.3,18296.4,09:15:00,18179.420164808165,2,1
2022-11-09,18240.65,18263.95,18236.3,18257.85,09:20:00,18185.25157768358,2,2
2022-11-09,18232.65,18245.3,18228.8,18240.85,09:25:00,18189.76571314229,2,3
2022-11-09,18232.5,18252.4,18231.55,18232.25,09:30:00,18193.83564522397,2,4
2022-11-09,18223.6,18240.85,18221.15,18232.25,09:35:00,18196.670345678835,2,5
2022-11-09,18233.0,18234.85,18220.75,18223.5,09:40:00,18200.130312757043,2,6
2022-11-09,18250.45,18252.65,18233.25,18233.6,09:45:00,18204.92266392304,2,7
2022-11-09,18235.45,18252.75,18235.45,18251.6,09:50:00,18207.830029263703,2,8
2022-11-09,18218.9,18236.4,18216.95,18235.0,09:55:00,18208.88431219097,2,9
2022-11-09,18223.7,18223.85,18204.95,18218.25,10:00:00,18210.295330077544,2,10
2022-11-09,18215.35,18229.45,18213.4,18223.6,10:05:00,18210.77672721301,2,11
2022-11-09,18222.95,18223.4,18207.3,18215.05,10:10:00,18211.93608652606,2,12
2022-11-09,18210.05,18227.05,18208.3,18223.5,10:15:00,18211.756459237866,2,13
2022-11-09,18210.35,18212.4,18203.25,18209.65,10:20:00,18211.622510739016,2,14
2022-11-09,18215.45,18217.7,18202.7,18211.05,10:25:00,18211.987033525776,2,15
2022-11-09,18217.65,18219.65,18210.9,18214.65,10:30:00,18212.52636366618,2,16
2022-11-09,18208.15,18222.8,18205.05,18218.1,10:35:00,18212.109567126543,2,17
2022-11-09,18209.5,18214.7,18202.2,18208.3,10:40:00,18211.861036924016,2,18
2022-11-09,18206.1,18214.75,18203.85,18208.9,10:45:00,18211.31236674077,2,19
2022-11-09,18194.6,18208.75,18193.25,18206.3,10:50:00,18209.720712765466,2,20
2022-11-09,18191.15,18200.55,18184.75,18194.3,10:55:00,18207.952073454468,2,21
2022-11-09,18194.35,18197.25,18189.1,18191.85,11:00:00,18206.656637887376,2,22
2022-11-09,18185.15,18195.65,18184.8,18194.75,11:05:00,18204.60838666001,2,23
2022-11-09,18189.4,18190.95,18182.6,18182.6,11:10:00,18203.159968882865,2,24
2022-11-09,18190.6,18196.95,18187.55,18189.2,11:15:00,18201.96378137021,2,25
2022-11-09,18188.95,18196.15,18186.5,18190.05,11:20:00,18200.724373620666,2,26
2022-11-09,18190.85,18196.5,18186.15,18188.9,11:25:00,18199.783957085365,2,27
2022-11-09,18184.55,18194.45,18178.9,18191.15,11:30:00,18198.33310402961,2,28
2022-11-09,18181.0,18186.15,18180.15,18185.1,11:35:00,18196.68233221727,2,29
2022-11-09,18181.3,18184.95,18174.2,18180.9,11:40:00,18195.217348196576,2,30
2022-11-09,18191.15,18191.35,18181.9,18181.9,11:45:00,18194.829981701663,2,31
2022-11-09,18201.75,18202.45,18190.75,18191.6,11:50:00,18195.48903106341,2,32
2022-11-09,18193.4,18202.85,18192.55,18201.3,11:55:00,18195.29007572404,2,33
2022-11-09,18185.9,18194.45,18185.8,18193.15,12:00:00,18194.39578279794,2,34
2022-11-09,18190.55,18191.05,18183.5,18186.2,12:05:00,18194.02951776957,2,35
2022-11-09,18174.65,18190.8,18167.85,18190.4,12:10:00,18192.18384941056,2,36
2022-11-09,18177.3,18181.75,18173.1,18174.5,12:15:00,18190.76633994289,2,37
2022-11-09,18177.2,18179.6,18175.7,18177.1,12:20:00,18189.474307567376,2,38
2022-11-09,18173.8,18178.15,18172.65,18177.15,12:25:00,18187.98151637048,2,39
2022-11-09,18182.65,18185.25,18173.7,18173.7,12:30:00,18187.473752906622,2,40
2022-11-09,18184.85,18188.75,18182.6,18182.6,12:35:00,18187.223871677423,2,41
2022-11-09,18192.75,18193.95,18184.5,18185.05,12:40:00,18187.750169612907,2,42
2022-11-09,18191.2,18195.55,18186.2,18193.05,12:45:00,18188.07872488787,2,43
2022-11-09,18182.6,18192.85,18180.7,18191.7,12:50:00,18187.556941565217,2,44
2022-11-09,18181.3,18186.25,18175.85,18182.7,12:55:00,18186.96104236853,2,45
2022-11-09,18186.3,18198.0,18181.05,18182.15,13:00:00,18186.89808595248,2,46
2022-11-09,18188.9,18190.9,18183.1,18187.05,13:05:00,18187.0887444332,2,47
2022-11-09,18184.0,18191.7,18180.8,18189.3,13:10:00,18186.794578296696,2,48
2022-11-09,18174.0,18184.8,18170.5,18184.1,13:15:00,18185.576047030343,2,49
2022-11-09,18176.65,18177.2,18166.1,18174.1,13:20:00,18184.725947313167,2,50
2022-11-09,18175.05,18181.55,18170.75,18176.75,13:25:00,18183.80442852144,2,51
2022-11-09,18180.05,18185.2,18175.25,18175.25,13:30:00,18183.44686390035,2,52
2022-11-09,18194.45,18197.15,18180.4,18180.75,13:35:00,18184.49478162413,2,53
2022-11-09,18191.95,18199.25,18191.95,18193.95,13:40:00,18185.204802421827,2,54
2022-11-09,18200.45,18200.45,18188.25,18192.2,13:45:00,18186.6567260007,2,55
2022-11-09,18195.6,18212.95,18194.6,18200.75,13:50:00,18187.508466381587,2,56
2022-11-09,18195.75,18197.0,18189.75,18195.3,13:55:00,18188.293374345245,2,57
2022-11-09,18190.6,18199.4,18184.4,18196.0,14:00:00,18188.51305297904,2,58
2022-11-09,18201.5,18201.7,18189.1,18190.85,14:05:00,18189.749905076267,2,59
2022-11-09,18206.7,18206.7,18201.0,18201.9,14:10:00,18191.36419983091,2,60
2022-11-09,18188.35,18212.0,18181.1,18206.95,14:15:00,18191.077133180348,2,61
2022-11-09,18195.05,18195.65,18186.3,18188.65,14:20:00,18191.455501448883,2,62
2022-11-09,18194.2,18196.05,18188.4,18195.55,14:25:00,18191.71688226328,2,63
2022-11-09,18190.1,18195.05,18186.05,18194.5,14:30:00,18191.562893476294,2,64
2022-11-09,18169.9,18195.45,18169.9,18190.05,14:35:00,18189.499760764265,2,65
2022-11-09,18144.8,18169.4,18144.45,18169.4,14:40:00,18185.24264069148,2,66
2022-11-09,18126.2,18146.85,18123.5,18144.55,14:45:00,18179.6195320542,2,67
2022-11-09,18120.75,18130.8,18117.5,18127.25,14:50:00,18174.012909953795,2,68
2022-11-09,18135.95,18142.05,18120.55,18121.5,14:55:00,18170.387870910577,2,69
2022-11-09,18175.2,18175.5,18132.15,18133.9,15:00:00,18170.84616891909,2,70
2022-11-09,18183.55,18186.9,18174.75,18175.35,15:05:00,18172.05605759347,2,71
2022-11-09,18172.45,18187.0,18170.0,18184.4,15:10:00,18172.0935759179,2,72
2022-11-09,18148.95,18174.65,18148.05,18172.7,15:15:00,18169.889425830483,2,73
2022-11-09,18144.35,18152.65,18139.6,18148.55,15:20:00,18167.45709956092,2,74
2022-11-09,18121.05,18144.8,18119.05,18143.5,15:25:00,18163.037375793207,2,75
2022-11-10,18068.8,18103.1,18040.15,18071.05,09:15:00,18154.062387622424,3,1
2022-11-10,18059.65,18081.45,18056.8,18069.65,09:20:00,18145.070731658383,3,2
2022-11-10,18061.0,18067.6,18052.95,18061.3,09:25:00,18137.063995309964,3,3
2022-11-10,18029.85,18063.35,18027.5,18061.35,09:30:00,18126.853138613777,3,4
2022-11-10,18024.85,18034.3,18020.65,18029.95,09:35:00,18117.138553983896,3,5
2022-11-10,18027.15,18030.7,18018.65,18024.8,09:40:00,18108.56821550924,3,6
2022-11-10,18013.95,18032.05,18013.65,18027.1,09:45:00,18099.556956889308,3,7
2022-11-10,18021.75,18024.75,18010.8,18012.8,09:50:00,18092.1467705189,3,8
2022-11-10,18019.25,18022.95,18015.2,18021.85,09:55:00,18085.20422094567,3,9
2022-11-10,18037.0,18040.9,18017.3,18019.6,10:00:00,18080.613342760367,3,10
2022-11-10,18032.35,18045.35,18030.1,18036.85,10:05:00,18076.016833926045,3,11
2022-11-10,18025.15,18037.45,18024.9,18031.85,10:10:00,18071.172373552137,3,12
2022-11-10,18039.35,18040.55,18020.55,18026.0,10:15:00,18068.14167130908,3,13
2022-11-10,18028.7,18044.5,18027.5,18039.3,10:20:00,18064.3853216606,3,14
2022-11-10,18035.85,18038.2,18027.4,18028.45,10:25:00,18061.66767197863,3,15
2022-11-10,18033.95,18040.2,18031.15,18035.95,10:30:00,18059.02789369495,3,16
2022-11-10,18039.05,18040.5,18031.25,18034.3,10:35:00,18057.125237152577,3,17
2022-11-10,18044.75,18047.05,18038.35,18039.35,10:40:00,18055.94664313805,3,18
2022-11-10,18038.55,18049.55,18037.15,18045.0,10:45:00,18054.28981998204,3,19
2022-11-10,18032.05,18041.7,18031.5,18039.25,10:50:00,18052.17174188852,3,20
2022-11-10,18030.25,18035.95,18030.05,18032.1,10:55:00,18050.08395694675,3,21
2022-11-10,18036.95,18038.5,18028.85,18030.4,11:00:00,18048.8331039042,3,22
2022-11-10,18036.5,18042.7,18036.3,18037.3,11:05:00,18047.65852258,3,23
2022-11-10,18035.25,18037.35,18028.75,18036.45,11:10:00,18046.47675852476,3,24
2022-11-10,18035.8,18041.25,18033.95,18035.75,11:15:00,18045.459924379546,3,25
2022-11-10,18033.7,18037.15,18032.45,18035.7,11:20:00,18044.33993158149,3,26
2022-11-10,18039.35,18040.15,18032.8,18033.8,11:25:00,18043.8647000023,3,27
2022-11-10,18056.4,18061.3,18037.15,18039.7,11:30:00,18045.05853809732,3,28
2022-11-10,18058.35,18061.05,18050.15,18056.1,11:35:00,18046.324391611863,3,29
2022-11-10,18052.7,18058.75,18050.95,18058.75,11:40:00,18046.93159241073,3,30
2022-11-10,18048.95,18054.7,18048.15,18053.05,11:45:00,18047.123821704947,3,31
2022-11-10,18049.55,18053.2,18044.4,18048.9,11:50:00,18047.35488630448,3,32
2022-11-10,18046.1,18052.55,18046.1,18050.2,11:55:00,18047.2353733231,3,33
2022-11-10,18026.0,18047.1,18020.45,18045.75,12:00:00,18045.21295681614,3,34
2022-11-10,18026.75,18027.8,18022.25,18025.7,12:05:00,18043.454579976507,3,35
2022-11-10,18013.45,18026.8,18013.45,18026.3,12:10:00,18040.597000931124,3,36
2022-11-10,18004.15,18016.4,18002.8,18013.5,12:15:00,18037.125857985306,3,37
2022-11-10,17999.45,18011.15,17997.0,18004.65,12:20:00,18033.53768103432,3,38
2022-11-10,17992.6,18005.05,17991.85,17999.75,12:25:00,18029.638854269146,3,39
2022-11-10,17999.15,18000.3,17992.65,17993.45,12:30:00,18026.73515386256,3,40
2022-11-10,18001.55,18007.5,17999.4,17999.4,12:35:00,18024.33656778041,3,41
2022-11-10,17992.55,18002.7,17991.15,18001.45,12:40:00,18021.30927561085,3,42
2022-11-10,17990.4,18000.85,17990.15,17992.7,12:45:00,18018.36553507648,3,43
2022-11-10,17982.0,17990.65,17978.35,17990.5,12:50:00,18014.902150783484,3,44
2022-11-10,17976.55,17989.1,17976.55,17982.5,12:55:00,18011.24956499458,3,45
2022-11-10,17980.35,17982.2,17973.65,17976.45,13:00:00,18008.30674928081,3,46
2022-11-10,17991.4,17992.55,17978.85,17980.2,13:05:00,18006.696582682638,3,47
2022-11-10,17994.55,17995.75,17989.0,17992.1,13:10:00,18005.53976528429,3,48
2022-11-10,18001.75,18005.05,17990.3,17994.75,13:15:00,18005.178835257215,3,49
2022-11-10,18000.95,18003.1,17994.9,18001.6,13:20:00,18004.776089042243,3,50
2022-11-10,17997.75,18004.8,17996.2,18001.6,13:25:00,18004.106937704888,3,51
2022-11-10,17999.7,18001.1,17992.35,17998.05,13:30:00,18003.687229352043,3,52
2022-11-10,17998.3,18006.7,17996.1,17998.8,13:35:00,18003.174159889943,3,53
2022-11-10,18000.75,18004.05,17996.7,17998.5,13:40:00,18002.943287519473,3,54
2022-11-10,18002.75,18003.65,17996.25,18000.3,13:45:00,18002.924879184284,3,55
2022-11-10,18002.95,18013.65,18001.6,18003.35,13:50:00,18002.927271642922,3,56
2022-11-10,17998.6,18009.55,17996.1,18003.85,13:55:00,18002.515150534073,3,57
2022-11-10,18003.7,18010.65,17998.6,17999.35,14:00:00,18002.627993340353,3,58
2022-11-10,17997.25,18007.1,17996.2,18004.2,14:05:00,18002.115803498415,3,59
2022-11-10,18001.95,18003.55,17995.15,17998.35,14:10:00,18002.100012689043,3,60
2022-11-10,17987.15,18008.25,17985.1,18002.05,14:15:00,18000.676201956754,3,61
2022-11-10,17979.05,17987.15,17969.4,17986.15,14:20:00,17998.616563675158,3,62
2022-11-10,17985.95,17991.8,17977.2,17978.7,14:25:00,17997.410224277523,3,63
2022-11-10,17983.6,17994.35,17979.6,17985.8,14:30:00,17996.09496482252,3,64
2022-11-10,17995.05,17996.25,17982.0,17983.4,14:35:00,17995.995444363234,3,65
2022-11-10,17990.25,18002.55,17989.35,17995.25,14:40:00,17995.44825918578,3,66
2022-11-10,17985.05,17996.55,17983.3,17989.65,14:45:00,17994.457948787134,3,67
2022-11-10,18001.1,18003.0,17982.85,17984.95,14:50:00,17995.09052509312,3,68
2022-11-10,18003.4,18004.9,17996.95,18000.5,14:55:00,17995.88190365568,3,69
2022-11-10,18020.45,18028.0,18001.85,18006.85,15:00:00,17998.22172235514,3,70
2022-11-10,18030.25,18030.25,18020.85,18021.25,15:05:00,18001.272034511796,3,71
2022-11-10,18027.4,18033.4,18023.6,18030.75,15:10:00,18003.76041217734,3,72
2022-11-10,18032.65,18037.2,18024.6,18028.6,15:15:00,18006.511801493783,3,73
2022-11-10,18034.95,18037.65,18025.95,18033.4,15:20:00,18009.220201351516,3,74
2022-11-10,18036.8,18040.35,18033.25,18035.1,15:25:00,18011.846848841848,3,75
2022-11-11,18270.2,18289.1,18259.35,18284.9,09:15:00,18036.45191085691,4,1
2022-11-11,18307.7,18311.65,18270.55,18270.55,09:20:00,18062.28506220387,4,2
2022-11-11,18296.95,18315.2,18292.3,18308.1,09:25:00,18084.63410389874,4,3
2022-11-11,18312.0,18332.2,18299.05,18299.05,09:30:00,18106.287998765525,4,4
2022-11-11,18308.6,18317.1,18302.6,18310.8,09:35:00,18125.555808406905,4,5
2022-11-11,18294.0,18309.25,18290.2,18309.25,09:40:00,18141.598112368152,4,6
2022-11-11,18312.2,18313.7,18286.3,18294.1,09:45:00,18157.84591119024,4,7
2022-11-11,18310.65,18323.8,18306.1,18311.05,09:50:00,18172.398681553062,4,8
2022-11-11,18293.75,18311.6,18289.85,18310.85,09:55:00,18183.955949976586,4,9
2022-11-11,18301.85,18311.75,18293.4,18293.4,10:00:00,18195.18395474072,4,10
2022-11-11,18301.3,18313.25,18297.75,18301.5,10:05:00,18205.29024476541,4,11
2022-11-11,18310.55,18315.8,18299.2,18301.95,10:10:00,18215.31498335918,4,12
2022-11-11,18307.3,18317.8,18306.6,18308.9,10:15:00,18224.075461134496,4,13
2022-11-11,18309.55,18311.15,18294.45,18306.65,10:20:00,18232.215893407403,4,14
2022-11-11,18298.4,18312.8,18296.55,18309.35,10:25:00,18238.51914165432,4,15
2022-11-11,18292.0,18299.6,18281.3,18298.25,10:30:00,18243.612556734857,4,16
2022-11-11,18288.55,18296.45,18287.4,18288.75,10:35:00,18247.89231323629,4,17
2022-11-11,18291.3,18294.1,18285.6,18288.9,10:40:00,18252.026378642364,4,18
2022-11-11,18295.6,18297.0,18282.85,18291.25,10:45:00,18256.176247343094,4,19
2022-11-11,18303.5,18304.15,18289.8,18295.7,10:50:00,18260.68327140565,4,20
2022-11-11,18310.95,18313.7,18298.55,18303.05,10:55:00,18265.47057889084,4,21
2022-11-11,18314.3,18317.95,18307.95,18309.65,11:00:00,18270.120999948853,4,22
2022-11-11,18311.2,18319.05,18306.1,18315.4,11:05:00,18274.03328566801,4,23
2022-11-11,18310.0,18317.9,18303.5,18312.35,11:10:00,18277.45868703296,4,24
2022-11-11,18312.95,18313.3,18306.1,18311.3,11:15:00,18280.83881207744,4,25
2022-11-11,18306.1,18312.75,18295.35,18311.4,11:20:00,18283.24463949864,4,26
2022-11-11,18313.0,18314.45,18303.8,18305.35,11:25:00,18286.07848335591,4,27
2022-11-11,18313.6,18314.9,18304.6,18311.25,11:30:00,18288.69958017916,4,28
2022-11-11,18309.35,18319.65,18309.35,18313.7,11:35:00,18290.66628682876,4,29
2022-11-11,18321.3,18323.8,18309.9,18309.9,11:40:00,18293.583783321257,4,30
2022-11-11,18321.25,18322.9,18312.1,18321.05,11:45:00,18296.21866110018,4,31
2022-11-11,18321.4,18326.05,18316.85,18317.95,11:50:00,18298.61688385255,4,32
2022-11-11,18326.05,18326.8,18316.9,18321.7,11:55:00,18301.22956158088,4,33
2022-11-11,18321.6,18327.55,18318.95,18325.9,12:00:00,18303.16960333508,4,34
2022-11-11,18320.7,18324.2,18318.15,18322.05,12:05:00,18304.83916492221,4,35
2022-11-11,18320.45,18324.15,18317.4,18320.25,12:10:00,18306.325911120097,4,36
2022-11-11,18332.65,18335.7,18319.45,18319.85,12:15:00,18308.832967203896,4,37
2022-11-11,18335.95,18338.75,18324.45,18333.05,12:20:00,18311.415541755905,4,38
2022-11-11,18338.2,18343.35,18332.25,18337.05,12:25:00,18313.966442541056,4,39
2022-11-11,18344.3,18346.85,18336.25,18338.15,12:30:00,18316.85535277524,4,40
2022-11-11,18342.85,18346.1,18336.25,18343.7,12:35:00,18319.33103346332,4,41
2022-11-11,18340.9,18344.25,18336.05,18342.55,12:40:00,18321.385220752523,4,42
2022-11-11,18340.6,18344.15,18334.6,18339.7,12:45:00,18323.215199728475,4,43
2022-11-11,18330.3,18348.45,18326.55,18338.95,12:50:00,18323.88994261148,4,44
2022-11-11,18321.95,18332.95,18320.05,18331.3,12:55:00,18323.70518617229,4,45
2022-11-11,18312.05,18322.7,18308.55,18321.7,13:00:00,18322.5951684416,4,46
2022-11-11,18339.1,18339.9,18310.35,18311.15,13:05:00,18324.16705716144,4,47
2022-11-11,18324.9,18341.25,18324.75,18338.8,13:10:00,18324.236861241305,4,48
2022-11-11,18334.8,18342.7,18322.7,18325.0,13:15:00,18325.24287445642,4,49
2022-11-11,18338.85,18344.45,18330.75,18334.2,13:20:00,18326.53879117485,4,50
2022-11-11,18322.95,18342.05,18319.7,18338.35,13:25:00,18326.19700153916,4,51
2022-11-11,18320.65,18328.55,18312.4,18322.15,13:30:00,18325.66871567828,4,52
2022-11-11,18317.65,18322.85,18307.25,18320.7,13:35:00,18324.905028470825,4,53
2022-11-11,18319.5,18323.5,18313.65,18317.15,13:40:00,18324.390263854555,4,54
2022-11-11,18319.6,18325.95,18316.65,18319.7,13:45:00,18323.93404824936,4,55
2022-11-11,18314.45,18319.6,18312.05,18318.3,13:50:00,18323.030805558945,4,56
2022-11-11,18340.6,18341.9,18310.55,18314.65,13:55:00,18324.70406217238,4,57
2022-11-11,18326.95,18349.55,18322.15,18341.55,14:00:00,18324.917961013107,4,58
2022-11-11,18332.95,18337.25,18325.5,18326.45,14:05:00,18325.682917107097,4,59
2022-11-11,18347.7,18347.9,18331.35,18331.35,14:10:00,18327.77978214452,4,60
2022-11-11,18346.45,18353.15,18343.6,18345.7,14:15:00,18329.55789813075,4,61
2022-11-11,18350.35,18357.7,18346.2,18346.7,14:20:00,18331.53809830877,4,62
2022-11-11,18339.7,18353.55,18339.7,18349.05,14:25:00,18332.31542227937,4,63
2022-11-11,18349.1,18351.0,18332.35,18340.1,14:30:00,18333.91395349086,4,64
2022-11-11,18344.8,18350.7,18339.7,18346.8,14:35:00,18334.95071982506,4,65
2022-11-11,18340.9,18352.5,18339.05,18344.75,14:40:00,18335.51731793696,4,66
2022-11-11,18343.25,18345.75,18329.55,18340.4,14:45:00,18336.25376384773,4,67
2022-11-11,18344.75,18344.8,18330.15,18342.0,14:50:00,18337.06292919556,4,68
2022-11-11,18340.7,18344.8,18337.25,18344.2,14:55:00,18337.409316891222,4,69
2022-11-11,18359.65,18360.65,18339.1,18339.15,15:00:00,18339.527477187297,4,70
2022-11-11,18358.05,18361.3,18352.9,18358.5,15:05:00,18341.29152697898,4,71
2022-11-11,18349.4,18357.5,18346.25,18357.5,15:10:00,18342.0637625048,4,72
2022-11-11,18346.85,18349.85,18341.2,18348.5,15:15:00,18342.5195946472,4,73
2022-11-11,18352.7,18354.5,18340.85,18348.0,15:20:00,18343.489157061747,4,74
2022-11-11,18355.3,18362.3,18351.0,18352.55,15:25:00,18344.61399924634,4,75
2022-11-14,18379.2,18387.4,18337.85,18379.0,09:15:00,18347.907904080024,0,1
2022-11-14,18387.5,18390.5,18367.25,18380.75,09:20:00,18351.67857988193,0,2
2022-11-14,18385.65,18399.45,18383.8,18387.6,09:25:00,18354.913953226507,0,3
2022-11-14,18371.3,18392.6,18369.9,18385.55,09:30:00,18356.4745291097,0,4
2022-11-14,18383.4,18385.3,18365.25,18372.2,09:35:00,18359.03885967068,0,5
2022-11-14,18384.85,18398.8,18382.75,18383.95,09:40:00,18361.497063511568,0,6
2022-11-14,18367.85,18386.8,18367.6,18385.1,09:45:00,18362.102105081893,0,7
2022-11-14,18361.35,18371.35,18355.65,18368.7,09:50:00,18362.03047602648,0,8
2022-11-14,18367.2,18372.55,18356.6,18361.1,09:55:00,18362.522811643,0,9
2022-11-14,18359.0,18371.25,18358.25,18366.6,10:00:00,18362.18730577224,0,10
2022-11-14,18351.85,18359.4,18349.8,18358.7,10:05:00,18361.2028004606,0,11
2022-11-14,18351.2,18363.05,18350.95,18351.6,10:10:00,18360.25015279768,0,12
2022-11-14,18336.05,18351.0,18330.4,18350.9,10:15:00,18357.94537634076,0,13
2022-11-14,18337.5,18346.1,18331.7,18336.7,10:20:00,18355.99819764164,0,14
2022-11-14,18330.45,18339.4,18329.55,18337.7,10:25:00,18353.56503596148,0,15
2022-11-14,18335.65,18338.8,18327.2,18329.7,10:30:00,18351.85884206039,0,16
2022-11-14,18342.5,18342.5,18332.6,18335.4,10:35:00,18350.967523768923,0,17
2022-11-14,18347.05,18348.35,18338.9,18342.3,10:40:00,18350.59442626712,0,18
2022-11-14,18358.55,18358.7,18343.8,18346.15,10:45:00,18351.35209995597,0,19
2022-11-14,18360.9,18367.8,18356.3,18358.6,10:50:00,18352.261423769683,0,20
2022-11-14,18355.6,18365.4,18354.0,18360.65,10:55:00,18352.579383410663,0,21
2022-11-14,18362.35,18363.1,18354.2,18355.8,11:00:00,18353.509918323936,0,22
2022-11-14,18349.1,18362.25,18343.05,18362.25,11:05:00,18353.08992610261,0,23
2022-11-14,18345.85,18349.35,18339.25,18349.35,11:10:00,18352.40040933093,0,24
2022-11-14,18343.45,18347.9,18339.1,18346.0,11:15:00,18351.54798939465,0,25
2022-11-14,18344.8,18349.8,18343.55,18343.6,11:20:00,18350.905323738018,0,26
2022-11-14,18341.6,18348.4,18341.25,18344.55,11:25:00,18350.01910242964,0,27
2022-11-14,18334.7,18343.85,18333.4,18342.35,11:30:00,18348.56014029348,0,28
2022-11-14,18338.7,18339.65,18333.0,18335.0,11:35:00,18347.621079313147,0,29
2022-11-14,18342.8,18346.3,18338.15,18339.0,11:40:00,18347.161928902373,0,30
2022-11-14,18332.35,18342.95,18332.05,18342.95,11:45:00,18345.75126900691,0,31
2022-11-14,18342.2,18343.3,18331.65,18331.65,11:50:00,18345.41305291101,0,32
2022-11-14,18338.05,18343.2,18335.65,18342.1,11:55:00,18344.71180977663,0,33
2022-11-14,18333.0,18341.1,18329.2,18338.45,12:00:00,18343.596399321712,0,34
2022-11-14,18330.55,18333.55,18327.25,18333.55,12:05:00,18342.3538851006,0,35
2022-11-14,18336.65,18339.9,18329.1,18330.3,12:10:00,18341.81065794816,0,36
2022-11-14,18339.35,18346.9,18335.85,18336.95,12:15:00,18341.57630957214,0,37
2022-11-14,18337.3,18345.4,18337.05,18339.4,12:20:00,18341.16904199384,0,38
2022-11-14,18339.5,18340.0,18334.5,18336.9,12:25:00,18341.01008561348,0,39
2022-11-14,18333.6,18342.1,18331.7,18339.35,12:30:00,18340.30436317409,0,40
2022-11-14,18323.6,18334.55,18320.7,18333.9,12:35:00,18338.71347144323,0,41
2022-11-14,18327.9,18329.0,18318.55,18323.0,12:40:00,18337.683617020062,0,42
2022-11-14,18325.9,18330.35,18323.1,18328.05,12:45:00,18336.56136778005,0,43
2022-11-14,18326.85,18327.75,18322.9,18325.5,12:50:00,18335.636475610525,0,44
2022-11-14,18319.6,18328.2,18314.4,18327.1,12:55:00,18334.109192219046,0,45
2022-11-14,18328.4,18330.75,18311.4,18319.8,13:00:00,18333.56545962676,0,46
2022-11-14,18336.7,18339.7,18327.7,18328.25,13:05:00,18333.86398728135,0,47
2022-11-14,18332.7,18337.55,18330.35,18336.35,13:10:00,18333.7531313498,0,48
2022-11-14,18334.35,18336.85,18330.8,18332.95,13:15:00,18333.809975983146,0,49
2022-11-14,18345.8,18348.15,18333.1,18334.5,13:20:00,18334.95188303237,0,50
2022-11-14,18346.35,18347.8,18340.0,18345.7,13:25:00,18336.03741798167,0,51
2022-11-14,18359.55,18361.95,18346.2,18346.2,13:30:00,18338.276711507227,0,52
2022-11-14,18361.0,18361.0,18352.4,18359.2,13:35:00,18340.440834220823,0,53
2022-11-14,18365.35,18368.85,18352.3,18360.2,13:40:00,18342.813135723605,0,54
2022-11-14,18360.25,18368.7,18359.35,18365.65,13:45:00,18344.473789464213,0,55
2022-11-14,18354.4,18362.75,18351.2,18360.3,13:50:00,18345.41914284857,0,56
2022-11-14,18342.9,18358.4,18339.95,18357.35,13:55:00,18345.179224482043,0,57
2022-11-14,18355.85,18358.2,18342.55,18342.55,14:00:00,18346.195488817088,0,58
2022-11-14,18361.85,18362.75,18354.25,18355.25,14:05:00,18347.68639464403,0,59
2022-11-14,18373.1,18375.05,18359.9,18362.0,14:10:00,18350.106738011265,0,60
2022-11-14,18368.95,18374.45,18366.7,18372.8,14:15:00,18351.901334391147,0,61
2022-11-14,18346.75,18369.0,18344.6,18368.9,14:20:00,18351.4107311158,0,62
2022-11-14,18362.0,18363.9,18344.45,18345.8,14:25:00,18352.419232914293,0,63
2022-11-14,18356.1,18364.6,18353.3,18361.75,14:30:00,18352.76978216055,0,64
2022-11-14,18348.55,18358.85,18343.65,18356.45,14:35:00,18352.36789814526,0,65
2022-11-14,18344.8,18352.35,18344.8,18348.25,14:40:00,18351.647145940948,0,66
2022-11-14,18339.7,18350.15,18338.4,18345.25,14:45:00,18350.509322518003,0,67
2022-11-14,18337.25,18343.2,18335.8,18340.5,14:50:00,18349.24652989724,0,68
2022-11-14,18339.6,18341.8,18330.8,18336.7,14:55:00,18348.327812764168,0,69
2022-11-14,18331.55,18354.2,18331.1,18342.15,15:00:00,18346.729925834246,0,70
2022-11-14,18330.35,18334.85,18325.75,18331.6,15:05:00,18345.16993289765,0,71
2022-11-14,18330.45,18332.7,18323.1,18330.95,15:10:00,18343.768034526445,0,72
2022-11-14,18323.85,18335.45,18322.25,18330.55,15:15:00,18341.871078857257,0,73
2022-11-14,18322.95,18324.05,18315.0,18323.8,15:20:00,18340.069071347043,0,74
2022-11-14,18320.25,18323.5,18314.7,18323.2,15:25:00,18338.181540742564,0,75
2022-11-15,18365.6,18378.15,18344.8,18370.75,09:15:00,18340.792822576605,1,1
2022-11-15,18349.1,18370.1,18339.65,18365.8,09:20:00,18341.583982331213,1,2
2022-11-15,18330.7,18349.75,18328.25,18349.75,09:25:00,18340.547412585383,1,3
2022-11-15,18330.8,18338.2,18326.5,18330.05,09:30:00,18339.61908757725,1,4
2022-11-15,18323.3,18333.7,18322.85,18330.05,09:35:00,18338.06488876037,1,5
2022-11-15,18332.75,18341.3,18322.45,18323.45,09:40:00,18337.55870887843,1,6
2022-11-15,18298.9,18334.2,18297.15,18331.9,09:45:00,18333.876927080484,1,7
2022-11-15,18291.1,18298.5,18282.7,18298.5,09:50:00,18329.8029340252,1,8
2022-11-15,18304.05,18304.95,18288.85,18290.1,09:55:00,18327.35027364185,1,9
2022-11-15,18299.85,18305.9,18292.75,18303.6,10:00:00,18324.731199961672,1,10
2022-11-15,18311.8,18313.65,18298.8,18298.8,10:05:00,18323.49965710818,1,11
2022-11-15,18307.5,18313.05,18303.8,18311.35,10:10:00,18321.97588024073,1,12
2022-11-15,18308.9,18308.9,18298.05,18308.0,10:15:00,18320.730558313047,1,13
2022-11-15,18304.6,18309.45,18300.9,18308.1,10:20:00,18319.194314664182,1,14
2022-11-15,18299.75,18305.55,18294.15,18304.65,10:25:00,18317.34247517236,1,15
2022-11-15,18292.8,18301.3,18289.65,18299.0,10:30:00,18315.005096584515,1,16
2022-11-15,18286.6,18294.4,18284.65,18293.25,10:35:00,18312.29984929075,1,17
2022-11-15,18291.75,18296.8,18285.45,18286.25,10:40:00,18310.34272078687,1,18
2022-11-15,18303.3,18304.5,18290.3,18292.15,10:45:00,18309.67198547384,1,19
2022-11-15,18302.85,18307.45,18300.95,18303.55,10:50:00,18309.022272571565,1,20
2022-11-15,18301.2,18308.0,18300.35,18302.65,10:55:00,18308.27729423141,1,21
2022-11-15,18290.05,18302.35,18288.9,18301.3,11:00:00,18306.54136144747,1,22
2022-11-15,18284.65,18291.2,18284.35,18289.45,11:05:00,18304.456469881046,1,23
2022-11-15,18285.0,18293.7,18282.0,18284.1,11:10:00,18302.60347274952,1,24
2022-11-15,18294.45,18294.7,18284.4,18285.05,11:15:00,18301.82695153528,1,25
2022-11-15,18300.3,18303.4,18293.4,18294.6,11:20:00,18301.68152757953,1,26
2022-11-15,18298.1,18301.65,18294.9,18300.05,11:25:00,18301.340429714823,1,27
2022-11-15,18298.5,18299.45,18292.6,18298.2,11:30:00,18301.069912599127,1,28
2022-11-15,18302.9,18303.05,18297.7,18298.45,11:35:00,18301.244206637308,1,29
2022-11-15,18306.8,18309.05,18302.2,18302.5,11:40:00,18301.773329814707,1,30
2022-11-15,18300.55,18306.75,18299.85,18306.65,11:45:00,18301.656822213303,1,31
2022-11-15,18298.65,18301.5,18295.15,18300.6,11:50:00,18301.370458192992,1,32
2022-11-15,18297.45,18303.2,18297.15,18299.2,11:55:00,18300.99708122223,1,33
2022-11-15,18296.55,18302.85,18296.25,18297.6,12:00:00,18300.573549677258,1,34
2022-11-15,18295.85,18298.5,18293.75,18296.65,12:05:00,18300.123687803232,1,35
2022-11-15,18294.05,18297.6,18291.25,18296.05,12:10:00,18299.545241345782,1,36
2022-11-15,18289.15,18295.75,18288.2,18294.1,12:15:00,18298.55521836047,1,37
2022-11-15,18305.2,18305.2,18287.55,18288.85,12:20:00,18299.18805470709,1,38
2022-11-15,18319.05,18321.5,18304.9,18305.1,12:25:00,18301.07966854452,1,39
2022-11-15,18318.1,18327.1,18317.6,18319.75,12:30:00,18302.70065249265,1,40
2022-11-15,18327.7,18328.75,18315.0,18318.3,12:35:00,18305.08154273145,1,41
2022-11-15,18324.75,18332.95,18324.55,18328.15,12:40:00,18306.95472913798,1,42
2022-11-15,18329.5,18331.85,18322.9,18324.85,12:45:00,18309.101897791505,1,43
2022-11-15,18339.5,18341.25,18329.45,18330.25,12:50:00,18311.99695514469,1,44
2022-11-15,18332.8,18343.9,18331.3,18338.05,12:55:00,18313.978197511864,1,45
2022-11-15,18326.55,18334.2,18325.3,18332.5,13:00:00,18315.17551203454,1,46
2022-11-15,18331.8,18334.2,18321.25,18326.9,13:05:00,18316.75879660268,1,47
2022-11-15,18330.45,18337.15,18330.25,18332.0,13:10:00,18318.06272073576,1,48
2022-11-15,18332.9,18335.1,18329.95,18330.75,13:15:00,18319.475794951395,1,49
2022-11-15,18338.1,18338.9,18329.6,18332.0,13:20:00,18321.249528765547,1,50
2022-11-15,18339.5,18342.15,18336.2,18338.2,13:25:00,18322.98766888312,1,51
2022-11-15,18330.7,18341.35,18326.5,18339.1,13:30:00,18323.72217660853,1,52
2022-11-15,18336.45,18336.45,18325.4,18332.0,13:35:00,18324.93435026486,1,53
2022-11-15,18343.4,18345.05,18334.75,18336.75,13:40:00,18326.692983572968,1,54
2022-11-15,18334.7,18344.15,18334.7,18342.85,13:45:00,18327.45555656602,1,55
2022-11-15,18327.0,18337.5,18326.75,18335.15,13:50:00,18327.4121702264,1,56
2022-11-15,18320.05,18334.25,18320.05,18326.3,13:55:00,18326.71101115722,1,57
2022-11-15,18322.9,18329.5,18318.55,18320.45,14:00:00,18326.348057713672,1,58
2022-11-15,18324.35,18325.65,18320.35,18322.95,14:05:00,18326.15776650285,1,59
2022-11-15,18320.4,18325.85,18319.3,18324.6,14:10:00,18325.60940778829,1,60
2022-11-15,18319.25,18321.3,18309.0,18320.45,14:15:00,18325.00374990369,1,61
2022-11-15,18337.95,18338.2,18316.95,18319.55,14:20:00,18326.236726103343,1,62
2022-11-15,18339.0,18345.15,18335.95,18337.65,14:25:00,18327.45227599826,1,63
2022-11-15,18342.1,18345.4,18333.85,18338.95,14:30:00,18328.84729733176,1,64
2022-11-15,18337.8,18346.85,18336.0,18341.55,14:35:00,18329.69993568112,1,65
2022-11-15,18340.9,18342.4,18329.45,18338.05,14:40:00,18330.76660847339,1,66
2022-11-15,18346.7,18349.0,18340.5,18340.5,14:45:00,18332.284074333067,1,67
2022-11-15,18340.6,18349.95,18339.0,18346.9,14:50:00,18333.07606725373,1,68
2022-11-15,18359.25,18359.25,18338.7,18340.55,14:55:00,18335.568822753376,1,69
2022-11-15,18384.15,18384.7,18362.2,18362.2,15:00:00,18340.19560153877,1,70
2022-11-15,18397.8,18398.05,18384.0,18385.6,15:05:00,18345.68173472556,1,71
2022-11-15,18406.6,18410.65,18397.35,18397.35,15:10:00,18351.483474275505,1,72
2022-11-15,18418.0,18418.95,18402.65,18406.4,15:15:00,18357.81838148736,1,73
2022-11-15,18423.65,18425.9,18411.45,18417.6,15:20:00,18364.088059440943,1,74
2022-11-15,18421.55,18427.95,18419.25,18422.65,15:25:00,18369.56062520848,1,75
2022-11-16,18379.05,18417.65,18359.0,18417.05,09:15:00,18371.282053742085,2,1
2022-11-16,18373.95,18393.35,18363.45,18379.9,09:20:00,18371.53614386189,2,2
2022-11-16,18368.45,18381.75,18366.75,18375.3,09:25:00,18371.24222539885,2,3
2022-11-16,18361.5,18368.8,18357.6,18367.85,09:30:00,18370.314394408488,2,4
2022-11-16,18378.3,18383.25,18354.7,18360.65,09:35:00,18371.074928274345,2,5
2022-11-16,18365.55,18379.9,18363.8,18378.35,09:40:00,18370.54874462917,2,6
2022-11-16,18362.2,18370.15,18357.55,18364.95,09:45:00,18369.753626093057,2,7
2022-11-16,18371.85,18380.2,18359.85,18361.65,09:50:00,18369.953280750866,2,8
2022-11-16,18376.1,18383.6,18371.6,18371.75,09:55:00,18370.538682584112,2,9
2022-11-16,18380.9,18385.25,18374.65,18376.85,10:00:00,18371.52547471896,2,10
2022-11-16,18391.85,18394.45,18380.75,18380.8,10:05:00,18373.46114379334,2,11
2022-11-16,18397.95,18400.85,18385.55,18392.25,10:10:00,18375.793415813023,2,12
2022-11-16,18406.2,18416.15,18397.4,18398.15,10:15:00,18378.68928097369,2,13
2022-11-16,18408.25,18410.3,18393.85,18406.65,10:20:00,18381.504587547624,2,14
2022-11-16,18401.65,18409.15,18398.8,18407.5,10:25:00,18383.423198257373,2,15
2022-11-16,18400.6,18408.5,18397.25,18401.8,10:30:00,18385.059084137625,2,16
2022-11-16,18416.45,18417.15,18398.4,18401.05,10:35:00,18388.04869517214,2,17
2022-11-16,18415.6,18421.45,18413.25,18416.05,10:40:00,18390.67262896527,2,18
2022-11-16,18419.15,18419.95,18415.15,18416.25,10:45:00,18393.384759540008,2,19
2022-11-16,18430.1,18434.2,18417.55,18419.05,10:50:00,18396.881449107623,2,20
2022-11-16,18435.9,18438.7,18426.3,18429.95,10:55:00,18400.597501573568,2,21
2022-11-16,18426.25,18438.3,18423.15,18436.95,11:00:00,18403.0405966618,2,22
2022-11-16,18422.05,18428.6,18420.25,18426.4,11:05:00,18404.85101602734,2,23
2022-11-16,18421.45,18424.1,18414.3,18423.55,11:10:00,18406.431871643785,2,24
2022-11-16,18431.05,18431.05,18418.65,18421.35,11:15:00,18408.77645529676,2,25
2022-11-16,18427.85,18431.9,18427.45,18430.1,11:20:00,18410.59298336373,2,26
2022-11-16,18430.35,18430.95,18423.95,18428.25,11:25:00,18412.47460399576,2,27
2022-11-16,18439.3,18442.15,18426.1,18430.3,11:30:00,18415.029403615208,2,28
2022-11-16,18431.2,18439.15,18429.65,18439.15,11:35:00,18416.56946041376,2,29
2022-11-16,18415.75,18431.0,18414.8,18430.5,11:40:00,18416.49141656483,2,30
2022-11-16,18410.05,18417.35,18408.85,18415.1,11:45:00,18415.87794832056,2,31
2022-11-16,18410.15,18413.05,18405.7,18409.8,11:50:00,18415.332429432885,2,32
2022-11-16,18406.3,18410.4,18404.35,18409.6,11:55:00,18414.472198058324,2,33
2022-11-16,18397.4,18406.0,18397.3,18406.0,12:00:00,18412.846274433723,2,34
2022-11-16,18388.7,18399.75,18388.4,18397.75,12:05:00,18410.54662924956,2,35
2022-11-16,18403.6,18405.5,18386.15,18387.95,12:10:00,18409.885045511503,2,36
2022-11-16,18409.6,18412.3,18403.3,18404.0,12:15:00,18409.857898319933,2,37
2022-11-16,18412.1,18415.7,18407.45,18410.2,12:20:00,18410.07143181328,2,38
2022-11-16,18415.4,18418.15,18411.7,18412.15,12:25:00,18410.578914497724,2,39
2022-11-16,18423.9,18424.3,18412.55,18415.7,12:30:00,18411.847589307465,2,40
2022-11-16,18411.5,18424.65,18410.45,18423.65,12:35:00,18411.814485563897,2,41
2022-11-16,18410.65,18411.35,18405.35,18410.8,12:40:00,18411.703582176862,2,42
2022-11-16,18410.95,18417.05,18408.85,18410.95,12:45:00,18411.63181244573,2,43
2022-11-16,18414.05,18416.45,18405.7,18411.95,12:50:00,18411.86211602233,2,44
2022-11-16,18416.4,18417.9,18409.3,18414.15,12:55:00,18412.294295448777,2,45
2022-11-16,18414.8,18419.25,18412.05,18416.15,13:00:00,18412.532933977465,2,46
2022-11-16,18406.85,18416.95,18406.4,18414.85,13:05:00,18411.99170217009,2,47
2022-11-16,18409.95,18411.7,18405.05,18406.7,13:10:00,18411.79725434436,2,48
2022-11-16,18412.7,18413.55,18405.85,18409.6,13:15:00,18411.88323012109,2,49
2022-11-16,18417.3,18420.45,18411.5,18412.85,13:20:00,18412.399112966697,2,50
2022-11-16,18417.1,18427.1,18415.05,18417.6,13:25:00,18412.84681649368,2,51
2022-11-16,18417.9,18422.95,18411.3,18418.25,13:30:00,18413.32807206571,2,52
2022-11-16,18433.25,18434.8,18416.9,18417.5,13:35:00,18415.22539853564,2,53
2022-11-16,18432.4,18435.25,18424.7,18432.5,13:40:00,18416.86107486558,2,54
2022-11-16,18431.75,18432.3,18424.3,18432.3,13:45:00,18418.27906773553,2,55
2022-11-16,18428.0,18437.6,18427.95,18431.8,13:50:00,18419.20487080833,2,56
2022-11-16,18425.15,18430.5,18423.05,18428.3,13:55:00,18419.77107358849,2,57
2022-11-16,18409.6,18425.45,18409.35,18425.45,14:00:00,18418.802399913395,2,58
2022-11-16,18397.4,18410.05,18390.55,18409.5,14:05:00,18416.76407611212,2,59
2022-11-16,18385.85,18400.3,18385.85,18397.3,14:10:00,18413.81987838716,2,60
2022-11-16,18372.8,18388.15,18371.95,18386.4,14:15:00,18409.91322330267,2,61
2022-11-16,18359.85,18373.35,18352.85,18373.35,14:20:00,18405.14529727384,2,62
2022-11-16,18381.1,18382.35,18359.15,18359.15,14:25:00,18402.855268962045,2,63
2022-11-16,18367.0,18382.1,18366.8,18380.6,14:30:00,18399.44048144185,2,64
2022-11-16,18364.95,18378.45,18358.25,18366.8,14:35:00,18396.15567368548,2,65
2022-11-16,18362.15,18366.65,18344.15,18364.05,14:40:00,18392.917038096388,2,66
2022-11-16,18367.1,18369.3,18356.15,18362.55,14:45:00,18390.4582725634,2,67
2022-11-16,18379.85,18383.7,18367.2,18367.4,14:50:00,18389.44796089069,2,68
2022-11-16,18399.75,18404.1,18379.5,18380.3,14:55:00,18390.429107472533,2,69
2022-11-16,18409.65,18416.25,18399.85,18401.4,15:00:00,18392.259668665625,2,70
2022-11-16,18420.55,18420.8,18403.9,18409.1,15:05:00,18394.953985935565,2,71
2022-11-16,18412.05,18423.5,18411.25,18421.75,15:10:00,18396.582177751225,2,72
2022-11-16,18403.85,18416.15,18400.05,18412.65,15:15:00,18397.27435129873,2,73
2022-11-16,18405.55,18407.1,18396.7,18404.25,15:20:00,18398.0625083179,2,74
2022-11-16,18404.85,18413.15,18396.95,18404.8,15:25:00,18398.708936097148,2,75
2022-11-17,18381.1,18382.0,18351.7,18363.65,09:15:00,18397.031894564087,3,1
2022-11-17,18385.55,18399.8,18375.0,18381.25,09:20:00,18395.93838079608,3,2
2022-11-17,18386.95,18393.65,18378.55,18385.1,09:25:00,18395.082344529783,3,3
2022-11-17,18380.3,18389.2,18372.05,18387.9,09:30:00,18393.67450219361,3,4
2022-11-17,18381.15,18385.9,18375.95,18381.1,09:35:00,18392.48169246089,3,5
2022-11-17,18374.35,18382.35,18371.95,18381.0,09:40:00,18390.754864607472,3,6
2022-11-17,18373.65,18377.3,18363.4,18374.8,09:45:00,18389.12582988295,3,7
2022-11-17,18383.7,18385.45,18366.7,18374.25,09:50:00,18388.60908417981,3,8
2022-11-17,18413.7,18417.6,18383.5,18384.35,09:55:00,18390.998695210303,3,9
2022-11-17,18389.8,18416.95,18389.4,18413.9,10:00:00,18390.884533761702,3,10
2022-11-17,18387.5,18390.5,18381.7,18389.65,10:05:00,18390.56219721297,3,11
2022-11-17,18382.1,18389.3,18379.55,18387.65,10:10:00,18389.75627366888,3,12
2022-11-17,18382.95,18389.25,18379.4,18381.9,10:15:00,18389.10805712899,3,13
2022-11-17,18375.65,18386.85,18373.85,18383.7,10:20:00,18387.826337402417,3,14
2022-11-17,18376.25,18383.25,18373.05,18375.55,10:25:00,18386.72382907837,3,15
2022-11-17,18370.2,18379.05,18370.2,18376.9,10:30:00,18385.15013107091,3,16
2022-11-17,18373.35,18373.45,18367.5,18370.8,10:35:00,18384.02630906416,3,17
2022-11-17,18374.3,18378.7,18372.2,18373.45,10:40:00,18383.09999391519,3,18
2022-11-17,18382.3,18386.5,18370.9,18374.2,10:45:00,18383.023804018507,3,19
2022-11-17,18379.8,18384.65,18377.55,18382.95,10:50:00,18382.716775064364,3,20
2022-11-17,18372.1,18382.7,18371.95,18380.35,10:55:00,18381.705653629662,3,21
2022-11-17,18363.0,18373.5,18360.9,18372.25,11:00:00,18379.924162807787,3,22
2022-11-17,18362.75,18366.4,18360.55,18363.15,11:05:00,18378.288528254663,3,23
2022-11-17,18360.3,18369.5,18360.3,18362.7,11:10:00,18376.57533508755,3,24
2022-11-17,18353.95,18362.1,18353.15,18361.2,11:15:00,18374.420541269687,3,25
2022-11-17,18354.95,18357.85,18350.3,18353.7,11:20:00,18372.566204005907,3,26
2022-11-17,18357.15,18362.55,18354.65,18355.15,11:25:00,18371.097994100583,3,27
2022-11-17,18369.5,18370.0,18354.95,18356.55,11:30:00,18370.94580418624,3,28
2022-11-17,18374.0,18380.1,18368.7,18369.25,11:35:00,18371.23667997803,3,29
2022-11-17,18369.8,18375.85,18367.65,18374.35,11:40:00,18371.09985331345,3,30
2022-11-17,18373.7,18373.7,18365.25,18370.25,11:45:00,18371.347486331226,3,31
2022-11-17,18370.6,18375.35,18369.5,18374.2,11:50:00,18371.27629715682,3,32
2022-11-17,18363.55,18370.75,18360.5,18370.75,11:55:00,18370.54045933236,3,33
2022-11-17,18365.95,18368.95,18360.95,18363.65,12:00:00,18370.10327272928,3,34
2022-11-17,18367.55,18371.65,18365.65,18366.1,12:05:00,18369.86010389792,3,35
2022-11-17,18363.25,18370.35,18360.55,18367.4,12:10:00,18369.23057019336,3,36
2022-11-17,18375.2,18383.6,18359.6,18363.85,12:15:00,18369.7990873178,3,37
2022-11-17,18372.6,18377.45,18370.75,18374.75,12:20:00,18370.06584090658,3,38
2022-11-17,18379.6,18381.55,18369.7,18373.2,12:25:00,18370.973856058336,3,39
2022-11-17,18391.05,18392.25,18379.9,18379.9,12:30:00,18372.885869767066,3,40
2022-11-17,18393.55,18394.25,18387.5,18391.2,12:35:00,18374.8538821702,3,41
2022-11-17,18397.05,18398.65,18390.0,18394.0,12:40:00,18376.96779815399,3,42
2022-11-17,18386.05,18397.6,18383.8,18396.8,12:45:00,18377.83276975837,3,43
2022-11-17,18387.45,18389.2,18385.05,18386.3,12:50:00,18378.74869644805,3,44
2022-11-17,18390.3,18391.0,18384.35,18387.15,12:55:00,18379.848820595853,3,45
2022-11-17,18391.95,18392.7,18384.3,18389.55,13:00:00,18381.001313872435,3,46
2022-11-17,18388.65,18396.95,18388.2,18391.6,13:05:00,18381.7297601703,3,47
2022-11-17,18391.35,18393.7,18385.45,18388.7,13:10:00,18382.64597348741,3,48
2022-11-17,18388.7,18391.55,18384.5,18390.5,13:15:00,18383.22254744099,3,49
2022-11-17,18393.85,18398.6,18387.45,18388.5,13:20:00,18384.234685779946,3,50
2022-11-17,18397.6,18404.15,18390.55,18394.3,13:25:00,18385.50757284852,3,51
2022-11-17,18399.4,18402.25,18395.55,18397.75,13:30:00,18386.830661148662,3,52
2022-11-17,18406.65,18409.1,18398.6,18399.7,13:35:00,18388.718217229743,3,53
2022-11-17,18393.5,18407.55,18393.1,18407.1,13:40:00,18389.173625112624,3,54
2022-11-17,18399.95,18401.95,18391.3,18393.35,13:45:00,18390.19994653047,3,55
2022-11-17,18396.25,18403.35,18395.45,18399.5,13:50:00,18390.776142098995,3,56
2022-11-17,18400.95,18404.1,18393.75,18395.75,13:55:00,18391.745080946712,3,57
2022-11-17,18391.65,18402.7,18385.15,18400.25,14:00:00,18391.73602561845,3,58
2022-11-17,18400.7,18401.15,18387.95,18391.05,14:05:00,18392.58973746432,3,59
2022-11-17,18404.85,18405.1,18399.4,18400.2,14:10:00,18393.75738151533,3,60
2022-11-17,18404.15,18406.1,18401.55,18404.65,14:15:00,18394.747154704342,3,61
2022-11-17,18395.6,18405.2,18394.8,18404.35,14:20:00,18394.82837806584,3,62
2022-11-17,18383.85,18394.7,18383.2,18394.3,14:25:00,18393.78281825004,3,63
2022-11-17,18392.65,18395.6,18381.3,18383.45,14:30:00,18393.674930797657,3,64
2022-11-17,18388.2,18393.7,18383.45,18392.8,14:35:00,18393.15350881693,3,65
2022-11-17,18396.05,18396.05,18385.3,18388.4,14:40:00,18393.42936512008,3,66
2022-11-17,18403.9,18403.9,18393.75,18395.4,14:45:00,18394.426568441977,3,67
2022-11-17,18388.85,18405.15,18383.55,18404.5,14:50:00,18393.8954666856,3,68
2022-11-17,18374.05,18391.35,18373.45,18389.6,14:55:00,18392.005422239352,3,69
2022-11-17,18386.55,18393.65,18374.7,18374.7,15:00:00,18391.485858216554,3,70
2022-11-17,18369.8,18388.0,18368.9,18387.5,15:05:00,18389.420538386406,3,71
2022-11-17,18323.15,18371.9,18320.45,18369.9,15:10:00,18383.10905854008,3,72
2022-11-17,18324.75,18341.7,18319.8,18323.75,15:15:00,18377.55105296484,3,73
2022-11-17,18328.6,18329.05,18312.95,18325.05,15:20:00,18372.88904792057,3,74
2022-11-17,18333.95,18337.2,18320.65,18328.65,15:25:00,18369.180567166222,3,75
2022-11-18,18344.75,18394.6,18343.3,18385.05,09:15:00,18366.85384648373,4,1
2022-11-18,18346.8,18351.75,18331.15,18346.15,09:20:00,18364.943956342417,4,2
2022-11-18,18326.2,18347.05,18322.45,18347.05,09:25:00,18361.254055738376,4,3
2022-11-18,18326.0,18332.3,18316.95,18325.55,09:30:00,18357.89652662044,4,4
2022-11-18,18312.8,18326.05,18306.2,18324.85,09:35:00,18353.60161932325,4,5
2022-11-18,18317.55,18324.35,18304.95,18313.25,09:40:00,18350.168131768656,4,6
2022-11-18,18316.35,18327.8,18309.55,18317.95,09:45:00,18346.9473573145,4,7
2022-11-18,18304.0,18324.55,18302.55,18315.75,09:50:00,18342.85713280836,4,8
2022-11-18,18295.05,18304.2,18291.35,18303.75,09:55:00,18338.304072540894,4,9
2022-11-18,18295.4,18297.5,18286.95,18295.25,10:00:00,18334.217970394144,4,10
2022-11-18,18292.85,18297.4,18289.1,18295.7,10:05:00,18330.27816368994,4,11
2022-11-18,18286.95,18298.5,18284.25,18292.9,10:10:00,18326.151671909945,4,12
2022-11-18,18292.4,18293.2,18282.5,18286.75,10:15:00,18322.937226966143,4,13
2022-11-18,18293.95,18297.95,18286.9,18292.8,10:20:00,18320.17653868365,4,14
2022-11-18,18296.65,18304.35,18294.05,18295.75,10:25:00,18317.935915951875,4,15
2022-11-18,18288.65,18300.3,18287.95,18296.3,10:30:00,18315.14678109932,4,16
2022-11-18,18268.75,18290.1,18262.8,18288.05,10:35:00,18310.72804004224,4,17
2022-11-18,18266.75,18271.2,18263.05,18267.8,10:40:00,18306.539655276312,4,18
2022-11-18,18268.4,18278.05,18266.35,18266.5,10:45:00,18302.90730715476,4,19
2022-11-18,18257.55,18267.25,18255.75,18267.05,10:50:00,18298.58756361621,4,20
2022-11-18,18254.8,18266.05,18249.25,18257.0,10:55:00,18294.417319462285,4,21
2022-11-18,18241.35,18256.65,18239.45,18255.4,11:00:00,18289.363289037305,4,22
2022-11-18,18233.4,18247.15,18228.15,18240.9,11:05:00,18284.03345198613,4,23
2022-11-18,18226.65,18236.25,18220.95,18234.05,11:10:00,18278.568361320788,4,24
2022-11-18,18231.55,18234.6,18225.25,18225.25,11:15:00,18274.09042214738,4,25
2022-11-18,18240.0,18243.65,18231.65,18231.8,11:20:00,18270.8437152762,4,26
2022-11-18,18246.65,18250.55,18239.5,18239.5,11:25:00,18268.539551916565,4,27
2022-11-18,18234.55,18247.55,18232.1,18246.3,11:30:00,18265.302451734035,4,28
2022-11-18,18246.65,18249.1,18232.1,18234.25,11:35:00,18263.52602775937,4,29
2022-11-18,18257.4,18260.35,18243.15,18244.3,11:40:00,18262.942596544188,4,30
2022-11-18,18255.55,18261.65,18252.0,18257.3,11:45:00,18262.238539730453,4,31
2022-11-18,18243.55,18255.9,18241.35,18255.25,11:50:00,18260.458678803745,4,32
2022-11-18,18238.55,18248.3,18236.8,18242.75,11:55:00,18258.37213796529,4,33
2022-11-18,18239.8,18241.0,18227.45,18238.7,12:00:00,18256.603362920978,4,34
2022-11-18,18243.5,18248.7,18238.25,18239.1,12:05:00,18255.35542359517,4,35
2022-11-18,18245.3,18249.2,18239.95,18242.7,12:10:00,18254.39776420516,4,36
2022-11-18,18254.55,18255.9,18243.85,18244.75,12:15:00,18254.412262852285,4,37
2022-11-18,18244.05,18256.4,18242.45,18254.45,12:20:00,18253.42538067588,4,38
2022-11-18,18240.8,18245.75,18238.1,18242.9,12:25:00,18252.22296346865,4,39
2022-11-18,18243.15,18246.6,18236.7,18240.55,12:30:00,18251.358871709734,4,40
2022-11-18,18242.85,18250.45,18240.6,18242.75,12:35:00,18250.548502975475,4,41
2022-11-18,18247.95,18248.55,18239.8,18242.1,12:40:00,18250.30102650162,4,42
2022-11-18,18258.0,18258.15,18241.5,18247.3,12:45:00,18251.03426207289,4,43
2022-11-18,18256.05,18260.15,18249.95,18257.05,12:50:00,18251.511951399283,4,44
2022-11-18,18248.95,18257.65,18248.85,18256.0,12:55:00,18251.267956027925,4,45
2022-11-18,18251.75,18254.55,18243.95,18249.5,13:00:00,18251.313864977645,4,46
2022-11-18,18257.2,18258.95,18250.85,18251.05,13:05:00,18251.874449265488,4,47
2022-11-18,18254.75,18258.4,18252.45,18257.15,13:10:00,18252.1483112402,4,48
2022-11-18,18258.85,18264.55,18254.25,18254.25,13:15:00,18252.786567312563,4,49
2022-11-18,18261.05,18263.95,18255.2,18258.65,13:20:00,18253.573560901845,4,50
2022-11-18,18269.75,18271.35,18260.0,18260.55,13:25:00,18255.11417414929,4,51
2022-11-18,18263.75,18273.5,18262.45,18268.65,13:30:00,18255.93663375412,4,52
2022-11-18,18253.85,18263.55,18253.85,18263.2,13:35:00,18255.73790672992,4,53
2022-11-18,18225.95,18253.85,18224.8,18253.6,13:40:00,18252.90096323183,4,54
2022-11-18,18228.8,18233.0,18224.55,18226.1,13:45:00,18250.605633400228,4,55
2022-11-18,18214.6,18235.05,18213.4,18229.45,13:50:00,18247.17652545735,4,56
2022-11-18,18217.15,18218.3,18209.8,18214.35,13:55:00,18244.31685636617,4,57
2022-11-18,18217.85,18221.35,18212.4,18216.8,14:00:00,18241.79620337892,4,58
2022-11-18,18228.3,18228.65,18213.55,18217.15,14:05:00,18240.510850676164,4,59
2022-11-18,18217.45,18231.95,18215.25,18227.55,14:10:00,18238.3145791832,4,60
2022-11-18,18219.85,18224.5,18210.6,18218.55,14:15:00,18236.55604783241,4,61
2022-11-18,18241.25,18242.2,18216.1,18218.25,14:20:00,18237.003090896,4,62
2022-11-18,18257.7,18259.0,18238.8,18239.7,14:25:00,18238.97422509637,4,63
2022-11-18,18256.65,18258.05,18249.45,18258.0,14:30:00,18240.657632230053,4,64
2022-11-18,18261.65,18264.0,18245.35,18256.4,14:35:00,18242.656905351003,4,65
2022-11-18,18263.65,18269.1,18257.45,18261.75,14:40:00,18244.656247698527,4,66
2022-11-18,18257.45,18265.2,18245.25,18263.25,14:45:00,18245.874700298667,4,67
2022-11-18,18265.5,18274.25,18255.95,18256.35,14:50:00,18247.7437764607,4,68
2022-11-18,18266.55,18271.45,18257.6,18265.3,14:55:00,18249.53484536921,4,69
2022-11-18,18303.95,18303.95,18264.75,18264.75,15:00:00,18254.71724104833,4,70
2022-11-18,18310.3,18316.0,18302.75,18304.4,15:05:00,18260.01083713896,4,71
2022-11-18,18322.55,18327.35,18309.55,18309.55,15:10:00,18265.96694788763,4,72
2022-11-18,18305.3,18326.45,18304.15,18323.75,15:15:00,18269.71295285072,4,73
2022-11-18,18311.5,18312.25,18297.85,18305.6,15:20:00,18273.69267162684,4,74
2022-11-18,18304.35,18311.3,18295.2,18311.05,15:25:00,18276.61241718619,4,75
2022-11-21,18211.35,18262.3,18201.85,18262.3,09:15:00,18270.396948882742,0,1
2022-11-21,18182.7,18222.8,18181.45,18210.55,09:20:00,18262.04485851296,0,2
2022-11-21,18174.05,18190.95,18172.0,18182.4,09:25:00,18253.66439579744,0,3
2022-11-21,18169.55,18178.75,18163.6,18174.45,09:30:00,18245.653500959583,0,4
2022-11-21,18156.5,18174.35,18154.45,18169.5,09:35:00,18237.162691344387,0,5
2022-11-21,18152.85,18156.65,18146.85,18156.55,09:40:00,18229.132911216348,0,6
2022-11-21,18168.75,18170.6,18152.9,18152.9,09:45:00,18223.38215776717,0,7
2022-11-21,18170.1,18171.9,18154.7,18168.85,09:50:00,18218.30766655125,0,8
2022-11-21,18172.35,18179.85,18169.45,18171.05,09:55:00,18213.93074592732,0,9
2022-11-21,18172.45,18177.55,18162.8,18172.2,10:00:00,18209.98019869615,0,10
2022-11-21,18169.6,18173.85,18163.6,18172.4,10:05:00,18206.134465487,0,11
2022-11-21,18179.05,18180.8,18169.05,18169.95,10:10:00,18203.554992583468,0,12
2022-11-21,18185.95,18189.95,18179.25,18179.35,10:15:00,18201.878326623137,0,13
2022-11-21,18162.3,18185.8,18160.7,18185.8,10:20:00,18198.10896218284,0,14
2022-11-21,18167.2,18173.75,18159.75,18162.85,10:25:00,18195.16525149876,0,15
2022-11-21,18169.55,18175.35,18167.25,18167.4,10:30:00,18192.72570373697,0,16
2022-11-21,18167.9,18168.95,18160.75,18168.95,10:35:00,18190.36135100012,0,17
2022-11-21,18153.4,18168.6,18150.7,18168.5,10:40:00,18186.84122233344,0,18
2022-11-21,18161.45,18161.45,18153.75,18154.85,10:45:00,18184.42301068264,0,19
2022-11-21,18164.95,18165.8,18154.25,18161.4,10:50:00,18182.568438236674,0,20
2022-11-21,18165.35,18169.8,18164.05,18165.1,10:55:00,18180.92858697604,0,21
2022-11-21,18175.2,18175.35,18164.1,18164.95,11:00:00,18180.38300726404,0,22
2022-11-21,18177.85,18180.35,18172.85,18175.4,11:05:00,18180.141768476984,0,23
2022-11-21,18177.7,18184.45,18175.95,18178.15,11:10:00,18179.909219098223,0,24
2022-11-21,18180.5,18181.05,18171.15,18177.25,11:15:00,18179.965483946013,0,25
2022-11-21,18181.1,18187.9,18176.4,18180.65,11:20:00,18180.07353309401,0,26
2022-11-21,18183.35,18185.35,18180.45,18181.0,11:25:00,18180.38557756125,0,27
2022-11-21,18180.5,18184.85,18177.65,18183.15,11:30:00,18180.39647493637,0,28
2022-11-21,18173.6,18181.5,18169.4,18180.45,11:35:00,18179.74919160909,0,29
2022-11-21,18171.65,18177.0,18170.5,18174.0,11:40:00,18178.97784002728,0,30
2022-11-21,18167.35,18173.3,18165.05,18171.1,11:45:00,18177.87042669135,0,31
2022-11-21,18169.75,18174.65,18166.05,18166.95,11:50:00,18177.097052720743,0,32
2022-11-21,18165.7,18171.1,18164.3,18169.8,11:55:00,18176.01161912829,0,33
2022-11-21,18161.75,18167.7,18157.75,18165.6,12:00:00,18174.6533696875,0,34
2022-11-21,18162.35,18165.55,18160.2,18161.85,12:05:00,18173.48162019345,0,35
2022-11-21,18162.45,18163.25,18158.65,18162.55,12:10:00,18172.43098969884,0,36
2022-11-21,18165.7,18169.65,18160.7,18162.8,12:15:00,18171.789943060856,0,37
2022-11-21,18153.45,18165.85,18151.75,18165.0,12:20:00,18170.043281816965,0,38
2022-11-21,18155.0,18158.05,18153.4,18153.95,12:25:00,18168.61058831059,0,39
2022-11-21,18154.1,18158.5,18145.6,18155.95,12:30:00,18167.228627519104,0,40
2022-11-21,18150.85,18158.4,18150.1,18154.25,12:35:00,18165.66875823157,0,41
2022-11-21,18150.4,18155.1,18146.3,18150.65,12:40:00,18164.214590780943,0,42
2022-11-21,18146.15,18153.15,18145.25,18150.3,12:45:00,18162.49415356371,0,43
2022-11-21,18156.95,18156.95,18146.05,18146.05,12:50:00,18161.9661389386,0,44
2022-11-21,18158.85,18162.0,18155.8,18157.3,12:55:00,18161.66936380159,0,45
2022-11-21,18156.35,18159.85,18152.2,18158.0,13:00:00,18161.162757725248,0,46
2022-11-21,18160.75,18162.9,18156.0,18156.0,13:05:00,18161.1234474657,0,47
2022-11-21,18150.25,18160.95,18146.85,18159.8,13:10:00,18160.087881040392,0,48
2022-11-21,18138.9,18151.2,18136.0,18149.95,13:15:00,18158.06998760797,0,49
2022-11-21,18139.35,18142.9,18136.3,18139.25,13:20:00,18156.28713164531,0,50
2022-11-21,18150.8,18151.75,18139.1,18139.4,13:25:00,18155.76454767909,0,51
2022-11-21,18157.9,18159.9,18151.2,18151.2,13:30:00,18155.967924090604,0,52
2022-11-21,18161.05,18166.85,18157.65,18157.65,13:35:00,18156.45193132007,0,53
2022-11-21,18158.05,18163.65,18157.35,18161.5,13:40:00,18156.604128337203,0,54
2022-11-21,18159.35,18160.7,18151.2,18158.25,13:45:00,18156.865639924137,0,55
2022-11-21,18161.05,18162.0,18157.35,18159.75,13:50:00,18157.26415040755,0,56
2022-11-21,18159.2,18162.95,18157.85,18161.45,13:55:00,18157.44851703541,0,57
2022-11-21,18162.65,18170.4,18159.25,18159.25,14:00:00,18157.943896365367,0,58
2022-11-21,18151.25,18163.75,18150.3,18162.9,14:05:00,18157.30638242581,0,59
2022-11-21,18155.5,18158.6,18148.0,18151.55,14:10:00,18157.134346004303,0,60
2022-11-21,18150.15,18158.9,18150.15,18155.4,14:15:00,18156.469170194367,0,61
2022-11-21,18145.1,18152.8,18144.45,18150.45,14:20:00,18155.38639208061,0,62
2022-11-21,18140.8,18146.85,18137.3,18144.8,14:25:00,18153.997211882463,0,63
2022-11-21,18134.6,18146.85,18133.45,18140.95,14:30:00,18152.149858369845,0,64
2022-11-21,18141.9,18146.95,18133.35,18133.9,14:35:00,18151.17368138224,0,65
2022-11-21,18143.15,18146.8,18139.4,18142.25,14:40:00,18150.4095212506,0,66
2022-11-21,18165.0,18165.3,18135.85,18143.5,14:45:00,18151.799090655302,0,67
2022-11-21,18161.35,18166.65,18152.6,18165.6,14:50:00,18152.70870106909,0,68
2022-11-21,18160.75,18164.25,18155.75,18161.4,14:55:00,18153.474539062507,0,69
2022-11-21,18159.75,18164.35,18135.4,18161.25,15:00:00,18154.07220200893,0,70
2022-11-21,18162.6,18162.9,18155.9,18160.2,15:05:00,18154.88437324618,0,71
2022-11-21,18171.3,18172.95,18162.2,18162.95,15:10:00,18156.44776627035,0,72
2022-11-21,18156.0,18173.7,18155.95,18172.5,15:15:00,18156.40512186365,0,73
2022-11-21,18160.4,18161.2,18146.05,18156.75,15:20:00,18156.785586448063,0,74
2022-11-21,18157.95,18163.7,18152.15,18161.0,15:25:00,18156.89648297682,0,75
2022-11-22,18164.7,18191.9,18152.7,18189.85,09:15:00,18157.639675074264,1,1
2022-11-22,18144.4,18164.65,18138.75,18164.65,09:20:00,18156.37875363862,1,2
2022-11-22,18153.5,18154.85,18137.7,18144.15,09:25:00,18156.104586625417,1,3
2022-11-22,18170.8,18170.9,18153.1,18153.15,09:30:00,18157.50414980395,1,4
2022-11-22,18176.6,18179.75,18164.1,18170.5,09:35:00,18159.322802203573,1,5
2022-11-22,18178.2,18178.2,18172.2,18176.8,09:40:00,18161.120630565136,1,6
2022-11-22,18184.8,18185.35,18178.4,18178.4,09:45:00,18163.37580860655,1,7
2022-11-22,18194.5,18198.4,18182.65,18185.0,09:50:00,18166.34001731069,1,8
2022-11-22,18190.45,18195.75,18188.3,18194.75,09:55:00,18168.63620613824,1,9
2022-11-22,18202.4,18206.9,18189.9,18190.3,10:00:00,18171.851805553648,1,10
2022-11-22,18205.05,18205.05,18197.15,18202.1,10:05:00,18175.01353835806,1,11
2022-11-22,18207.2,18210.6,18199.2,18204.7,10:10:00,18178.078915657294,1,12
2022-11-22,18208.75,18209.95,18203.3,18206.5,10:15:00,18180.999971308986,1,13
2022-11-22,18209.9,18212.6,18207.45,18208.4,10:20:00,18183.75235499384,1,14
2022-11-22,18212.85,18216.55,18204.6,18209.85,10:25:00,18186.52355928014,1,15
2022-11-22,18202.05,18213.8,18201.0,18213.3,10:30:00,18188.002267920125,1,16
2022-11-22,18202.0,18206.45,18196.9,18201.5,10:35:00,18189.335385261063,1,17
2022-11-22,18210.2,18214.65,18198.85,18202.4,10:40:00,18191.32249142668,1,18
2022-11-22,18211.8,18213.8,18208.4,18209.35,10:45:00,18193.27273033842,1,19
2022-11-22,18204.55,18211.8,18202.7,18211.65,10:50:00,18194.34675602048,1,20
2022-11-22,18202.55,18207.3,18200.35,18203.8,10:55:00,18195.128017351857,1,21
2022-11-22,18202.85,18208.45,18199.2,18202.6,11:00:00,18195.86344427073,1,22
2022-11-22,18200.65,18204.3,18198.85,18203.05,11:05:00,18196.319306721136,1,23
2022-11-22,18206.7,18207.05,18195.3,18200.75,11:10:00,18197.307944176267,1,24
2022-11-22,18203.55,18208.5,18201.8,18205.9,11:15:00,18197.902425683293,1,25
2022-11-22,18201.55,18204.4,18199.05,18203.6,11:20:00,18198.249813713457,1,26
2022-11-22,18201.65,18205.9,18198.35,18201.35,11:25:00,18198.573640978844,1,27
2022-11-22,18206.25,18208.1,18199.9,18201.45,11:30:00,18199.304722790384,1,28
2022-11-22,18217.45,18219.55,18203.9,18206.05,11:35:00,18201.032844429395,1,29
2022-11-22,18215.85,18220.7,18212.8,18217.3,11:40:00,18202.444002102784,1,30
2022-11-22,18212.9,18217.0,18210.0,18216.6,11:45:00,18203.439811426328,1,31
2022-11-22,18214.8,18218.2,18211.2,18212.2,11:50:00,18204.52173414763,1,32
2022-11-22,18218.7,18220.1,18210.35,18215.0,11:55:00,18205.87204518119,1,33
2022-11-22,18214.65,18220.15,18213.8,18218.85,12:00:00,18206.70804087822,1,34
2022-11-22,18217.05,18219.35,18212.0,18214.85,12:05:00,18207.69298936601,1,35
2022-11-22,18217.15,18218.65,18213.8,18217.25,12:10:00,18208.59365704544,1,36
2022-11-22,18223.8,18224.75,18217.6,18217.6,12:15:00,18210.04188018397,1,37
2022-11-22,18221.15,18226.3,18218.6,18223.25,12:20:00,18211.09979635692,1,38
2022-11-22,18220.2,18223.1,18216.15,18221.45,12:25:00,18211.966482418167,1,39
2022-11-22,18222.85,18224.35,18217.25,18220.75,12:30:00,18213.00300790216,1,40
2022-11-22,18216.45,18223.45,18210.05,18222.8,12:35:00,18213.33129286385,1,41
2022-11-22,18214.0,18218.25,18213.4,18215.75,12:40:00,18213.394979257777,1,42
2022-11-22,18204.8,18217.1,18204.2,18213.25,12:45:00,18212.576409804657,1,43
2022-11-22,18208.7,18209.95,18202.4,18203.85,12:50:00,18212.2072279185,1,44
2022-11-22,18208.65,18213.0,18206.3,18207.95,12:55:00,18211.868444307216,1,45
2022-11-22,18210.95,18212.8,18206.6,18208.15,13:00:00,18211.780973420813,1,46
2022-11-22,18212.4,18217.0,18209.9,18211.2,13:05:00,18211.83992833312,1,47
2022-11-22,18205.9,18212.45,18205.65,18211.65,13:10:00,18211.27422087282,1,48
2022-11-22,18209.8,18211.7,18205.0,18206.05,13:15:00,18211.133818884933,1,49
2022-11-22,18213.25,18215.6,18209.0,18210.15,13:20:00,18211.33535994351,1,50
2022-11-22,18213.4,18217.05,18211.2,18212.25,13:25:00,18211.53199232984,1,51
2022-11-22,18208.2,18215.15,18206.95,18212.15,13:30:00,18211.214659727,1,52
2022-11-22,18210.2,18213.45,18207.3,18207.65,13:35:00,18211.118025467284,1,53
2022-11-22,18212.6,18214.2,18208.4,18210.45,13:40:00,18211.25916589897,1,54
2022-11-22,18213.2,18214.8,18210.35,18211.8,13:45:00,18211.444007241924,1,55
2022-11-22,18205.0,18214.2,18202.15,18212.45,13:50:00,18210.830292266503,1,56
2022-11-22,18220.7,18228.75,18204.15,18204.15,13:55:00,18211.7702644316,1,57
2022-11-22,18216.4,18224.9,18213.7,18220.55,14:00:00,18212.21119162859,1,58
2022-11-22,18217.35,18220.55,18213.85,18215.7,14:05:00,18212.70060194968,1,59
2022-11-22,18208.9,18216.55,18206.95,18216.35,14:10:00,18212.33863985924,1,60
2022-11-22,18210.6,18213.65,18206.0,18208.5,14:15:00,18212.173055110736,1,61
2022-11-22,18210.8,18214.5,18209.35,18210.7,14:20:00,18212.04228795733,1,62
2022-11-22,18216.4,18217.45,18207.6,18210.15,14:25:00,18212.457308151872,1,63
2022-11-22,18208.55,18217.6,18207.65,18215.9,14:30:00,18212.08518356598,1,64
2022-11-22,18205.95,18209.15,18202.9,18208.45,14:35:00,18211.50088036922,1,65
2022-11-22,18201.6,18207.2,18197.6,18205.05,14:40:00,18210.55793938168,1,66
2022-11-22,18208.5,18208.8,18199.7,18201.25,14:45:00,18210.36194515485,1,67
2022-11-22,18215.75,18216.0,18207.85,18207.85,14:50:00,18210.87509323534,1,68
2022-11-22,18220.9,18223.65,18213.55,18214.4,14:55:00,18211.829846260545,1,69
2022-11-22,18234.8,18236.7,18220.85,18220.85,15:00:00,18214.01747995002,1,70
2022-11-22,18243.2,18244.15,18231.95,18235.15,15:05:00,18216.79676757383,1,71
2022-11-22,18249.45,18249.65,18235.9,18243.6,15:10:00,18219.906599233465,1,72
2022-11-22,18248.55,18254.0,18246.55,18249.85,15:15:00,18222.63454216361,1,73
2022-11-22,18253.45,18254.55,18244.45,18248.5,15:20:00,18225.56934767184,1,74
2022-11-22,18251.5,18261.85,18244.9,18253.9,15:25:00,18228.03893360785,1,75
2022-11-23,18301.3,18325.4,18290.05,18325.4,09:15:00,18235.016178026155,2,1
2022-11-23,18298.7,18305.05,18288.65,18301.2,09:20:00,18241.081303928426,2,2
2022-11-23,18298.35,18302.85,18295.0,18299.0,09:25:00,18246.53546545905,2,3
2022-11-23,18304.75,18306.25,18289.85,18299.25,09:30:00,18252.079706843902,2,4
2022-11-23,18291.45,18304.85,18289.65,18304.65,09:35:00,18255.82925857305,2,5
2022-11-23,18277.4,18291.9,18275.35,18291.6,09:40:00,18257.88361489943,2,6
2022-11-23,18282.75,18282.8,18267.3,18277.55,09:45:00,18260.251842051868,2,7
2022-11-23,18273.65,18288.55,18273.45,18282.45,09:50:00,18261.527857094545,2,8
2022-11-23,18269.45,18275.85,18266.5,18273.25,09:55:00,18262.282346895063,2,9
2022-11-23,18277.15,18279.7,18267.05,18272.05,10:00:00,18263.698313857443,2,10
2022-11-23,18271.05,18277.05,18269.45,18277.05,10:05:00,18264.39847444245,2,11
2022-11-23,18270.1,18273.9,18265.4,18270.5,10:10:00,18264.941476876505,2,12
2022-11-23,18262.9,18270.75,18257.95,18269.35,10:15:00,18264.74705050731,2,13
2022-11-23,18256.75,18268.85,18256.2,18263.25,10:20:00,18263.98542664948,2,14
2022-11-23,18259.9,18260.15,18251.75,18257.2,10:25:00,18263.596338397143,2,15
2022-11-23,18262.75,18268.05,18259.65,18260.3,10:30:00,18263.51573474027,2,16
2022-11-23,18269.9,18272.5,18262.9,18262.9,10:35:00,18264.1237600031,2,17
2022-11-23,18260.35,18271.5,18258.8,18270.0,10:40:00,18263.76435428852,2,18
2022-11-23,18268.25,18270.25,18258.35,18260.55,10:45:00,18264.191558642,2,19
2022-11-23,18271.05,18271.8,18265.45,18268.45,10:50:00,18264.84474353323,2,20
2022-11-23,18273.05,18275.95,18270.95,18271.15,10:55:00,18265.626196530065,2,21
2022-11-23,18270.2,18275.4,18267.95,18273.15,11:00:00,18266.061796860537,2,22
2022-11-23,18272.25,18275.85,18269.5,18270.5,11:05:00,18266.651149540485,2,23
2022-11-23,18269.5,18273.95,18266.8,18272.15,11:10:00,18266.922468631867,2,24
2022-11-23,18270.8,18272.1,18267.85,18269.3,11:15:00,18267.291757333594,2,25
2022-11-23,18268.75,18274.45,18268.6,18270.0,11:20:00,18267.43063758754,2,26
2022-11-23,18273.3,18273.3,18265.75,18268.7,11:25:00,18267.98962448396,2,27
2022-11-23,18273.85,18275.3,18270.8,18272.9,11:30:00,18268.547755485488,2,28
2022-11-23,18273.35,18277.95,18273.35,18273.75,11:35:00,18269.005112105915,2,29
2022-11-23,18272.95,18274.5,18270.1,18273.55,11:40:00,18269.380815714874,2,30
2022-11-23,18274.6,18276.8,18271.5,18273.5,11:45:00,18269.877880884887,2,31
2022-11-23,18275.85,18277.6,18273.7,18274.7,11:50:00,18270.446654133943,2,32
2022-11-23,18278.4,18279.25,18274.1,18275.9,11:55:00,18271.204115645,2,33
2022-11-23,18277.35,18280.7,18273.2,18278.2,12:00:00,18271.78943796453,2,34
2022-11-23,18277.05,18280.05,18276.0,18276.65,12:05:00,18272.29044387267,2,35
2022-11-23,18280.2,18280.65,18275.9,18275.9,12:10:00,18273.043734932417,2,36
2022-11-23,18273.55,18279.85,18272.7,18279.85,12:15:00,18273.09195065314,2,37
2022-11-23,18270.65,18275.2,18269.75,18272.95,12:20:00,18272.859383924268,2,38
2022-11-23,18268.45,18271.0,18264.65,18270.75,12:25:00,18272.439442598145,2,39
2022-11-23,18270.85,18272.75,18266.25,18268.6,12:30:00,18272.288067112608,2,40
2022-11-23,18268.95,18272.7,18268.0,18270.65,12:35:00,18271.97015595903,2,41
2022-11-23,18269.7,18271.7,18266.5,18268.1,12:40:00,18271.7539506296,2,42
2022-11-23,18272.9,18274.3,18269.1,18269.45,12:45:00,18271.863098188685,2,43
2022-11-23,18269.7,18275.75,18269.4,18272.1,12:50:00,18271.657088837383,2,44
2022-11-23,18279.9,18281.1,18269.55,18269.55,12:55:00,18272.442127995728,2,45
2022-11-23,18276.5,18281.4,18276.5,18279.4,13:00:00,18272.82859199613,2,46
2022-11-23,18271.9,18279.55,18271.85,18276.85,13:05:00,18272.74015466317,2,47
2022-11-23,18273.85,18275.6,18271.25,18271.8,13:10:00,18272.845854219056,2,48
2022-11-23,18280.5,18281.65,18271.35,18273.95,13:15:00,18273.574820483907,2,49
2022-11-23,18278.55,18284.3,18278.1,18280.7,13:20:00,18274.04864710449,2,50
2022-11-23,18271.7,18280.5,18271.7,18279.45,13:25:00,18273.82496642787,2,51
2022-11-23,18271.0,18273.75,18268.8,18272.0,13:30:00,18273.55592200617,2,52
2022-11-23,18274.95,18276.7,18269.85,18270.55,13:35:00,18273.68869133892,2,53
2022-11-23,18275.65,18280.0,18273.2,18274.9,13:40:00,18273.875482639967,2,54
2022-11-23,18276.75,18277.8,18272.8,18275.75,13:45:00,18274.149246198067,2,55
2022-11-23,18281.9,18285.5,18275.55,18276.35,13:50:00,18274.887413226825,2,56
2022-11-23,18284.55,18287.5,18280.85,18282.1,13:55:00,18275.80765958617,2,57
2022-11-23,18288.3,18289.6,18282.85,18284.3,14:00:00,18276.99740629225,2,58
2022-11-23,18288.35,18291.65,18286.25,18288.55,14:05:00,18278.07860569299,2,59
2022-11-23,18289.55,18290.65,18285.7,18288.55,14:10:00,18279.17111943652,2,60
2022-11-23,18284.4,18289.9,18284.4,18289.1,14:15:00,18279.669108061607,2,61
2022-11-23,18281.2,18287.8,18279.1,18284.3,14:20:00,18279.81490729384,2,62
2022-11-23,18293.3,18293.85,18280.35,18280.75,14:25:00,18281.09920183728,2,63
2022-11-23,18292.4,18295.85,18290.3,18293.6,14:30:00,18282.175468328973,2,64
2022-11-23,18291.4,18294.0,18289.35,18292.2,14:35:00,18283.053995154783,2,65
2022-11-23,18301.75,18303.0,18291.0,18291.7,14:40:00,18284.834567044803,2,66
2022-11-23,18299.2,18305.4,18296.1,18302.4,14:45:00,18286.202703516727,2,67
2022-11-23,18304.9,18307.6,18298.75,18299.5,14:50:00,18287.983398419896,2,68
2022-11-23,18309.95,18312.55,18304.35,18304.75,14:55:00,18290.07545571324,2,69
2022-11-23,18290.7,18312.65,18290.05,18310.8,15:00:00,18290.134936121503,2,70
2022-11-23,18264.55,18291.25,18262.4,18291.25,15:05:00,18287.698275538503,2,71
2022-11-23,18271.5,18272.55,18262.45,18264.1,15:10:00,18286.15558263008,2,72
2022-11-23,18255.9,18272.05,18250.2,18271.3,15:15:00,18283.27409857007,2,73
2022-11-23,18256.3,18257.65,18246.0,18255.4,15:20:00,18280.70513680149,2,74
2022-11-23,18253.4,18258.35,18248.65,18255.4,15:25:00,18278.104647582302,2,75
2022-11-24,18299.8,18327.0,18298.25,18327.0,09:15:00,18280.17087162208,3,1
2022-11-24,18304.85,18305.0,18294.25,18300.05,09:20:00,18282.52126480093,3,2
2022-11-24,18304.05,18306.0,18296.4,18305.7,09:25:00,18284.57162053417,3,3
2022-11-24,18322.45,18324.1,18303.25,18303.25,09:30:00,18288.179085245207,3,4
2022-11-24,18336.5,18337.5,18316.65,18321.35,09:35:00,18292.781077126616,3,5
2022-11-24,18342.85,18344.4,18331.0,18335.2,09:40:00,18297.549545971706,3,6
2022-11-24,18340.25,18346.55,18340.25,18342.95,09:45:00,18301.61625587916,3,7
2022-11-24,18342.75,18344.4,18338.35,18339.95,09:50:00,18305.53375531924,3,8
2022-11-24,18344.1,18351.5,18342.45,18343.9,09:55:00,18309.20673100312,3,9
2022-11-24,18346.95,18350.1,18344.0,18344.6,10:00:00,18312.80132805044,3,10
2022-11-24,18354.6,18355.9,18344.7,18348.05,10:05:00,18316.7821539504,3,11
2022-11-24,18351.85,18357.0,18350.3,18355.7,10:10:00,18320.121948812262,3,12
2022-11-24,18354.35,18355.0,18351.2,18352.45,10:15:00,18323.3817632111,3,13
2022-11-24,18364.9,18366.05,18352.0,18354.75,10:20:00,18327.33588100052,3,14
2022-11-24,18362.45,18369.4,18361.0,18365.6,10:25:00,18330.68008280999,3,15
2022-11-24,18367.15,18368.45,18361.45,18362.2,10:30:00,18334.153408256658,3,16
2022-11-24,18370.05,18372.65,18365.1,18367.0,10:35:00,18337.57213127984,3,17
2022-11-24,18369.0,18375.0,18365.95,18370.1,10:40:00,18340.565261634136,3,18
2022-11-24,18368.65,18372.25,18368.65,18369.3,10:45:00,18343.239998621364,3,19
2022-11-24,18371.65,18372.55,18366.8,18369.25,10:50:00,18345.94571303837,3,20
2022-11-24,18368.5,18375.95,18367.6,18371.75,10:55:00,18348.09374036806,3,21
2022-11-24,18364.45,18369.1,18361.55,18368.65,11:00:00,18349.651479380624,3,22
2022-11-24,18371.35,18372.8,18363.75,18364.1,11:05:00,18351.7180051539,3,23
2022-11-24,18365.0,18372.6,18362.15,18372.0,11:10:00,18352.982957044005,3,24
2022-11-24,18365.9,18368.6,18360.0,18365.3,11:15:00,18354.21315161125,3,25
2022-11-24,18362.7,18366.85,18362.15,18366.5,11:20:00,18355.02142288637,3,26
2022-11-24,18363.45,18366.0,18361.65,18362.75,11:25:00,18355.82414451624,3,27
2022-11-24,18361.7,18364.15,18359.2,18363.6,11:30:00,18356.383749800407,3,28
2022-11-24,18369.2,18369.95,18360.25,18361.6,11:35:00,18357.60434505752,3,29
2022-11-24,18373.8,18376.1,18367.0,18369.25,11:40:00,18359.14678838537,3,30
2022-11-24,18373.9,18377.05,18372.65,18374.3,11:45:00,18360.551856158192,3,31
2022-11-24,18369.6,18374.7,18366.15,18374.25,11:50:00,18361.413584143127,3,32
2022-11-24,18370.85,18373.55,18366.7,18369.1,11:55:00,18362.312290415208,3,33
2022-11-24,18375.15,18377.25,18368.95,18370.45,12:00:00,18363.534929423284,3,34
2022-11-24,18382.2,18384.05,18372.95,18375.4,12:05:00,18365.312555192497,3,35
2022-11-24,18384.35,18387.05,18379.85,18382.35,12:10:00,18367.125645174165,3,36
2022-11-24,18386.7,18391.75,18383.9,18384.7,12:15:00,18368.98986944329,3,37
2022-11-24,18376.45,18386.9,18376.45,18385.8,12:20:00,18369.700358067737,3,38
2022-11-24,18378.25,18384.65,18374.1,18377.3,12:25:00,18370.514609680333,3,39
2022-11-24,18380.9,18383.9,18377.4,18378.5,12:30:00,18371.50369447268,3,40
2022-11-24,18380.95,18382.5,18376.15,18381.45,12:35:00,18372.40334261814,3,41
2022-11-24,18381.4,18383.35,18377.8,18380.8,12:40:00,18373.2601671307,3,42
2022-11-24,18388.1,18389.05,18379.75,18381.3,12:45:00,18374.673484546824,3,43
2022-11-24,18390.95,18395.2,18386.45,18387.9,12:50:00,18376.223628875698,3,44
2022-11-24,18393.6,18397.3,18387.65,18389.9,12:55:00,18377.878521363727,3,45
2022-11-24,18389.9,18396.7,18386.95,18393.5,13:00:00,18379.023424090992,3,46
2022-11-24,18382.5,18390.1,18381.75,18389.75,13:05:00,18379.35452655852,3,47
2022-11-24,18380.75,18385.7,18377.6,18382.95,13:10:00,18379.48742879104,3,48
2022-11-24,18379.25,18383.2,18376.8,18380.85,13:15:00,18379.464816525226,3,49
2022-11-24,18373.75,18381.6,18373.1,18379.85,13:20:00,18378.920548284725,3,50
2022-11-24,18374.8,18376.85,18369.8,18373.6,13:25:00,18378.52811511475,3,51
2022-11-24,18370.2,18375.8,18369.3,18374.7,13:30:00,18377.734961294296,3,52
2022-11-24,18373.4,18375.1,18368.3,18370.65,13:35:00,18377.322107837696,3,53
2022-11-24,18378.15,18378.65,18372.9,18373.9,13:40:00,18377.40095471029,3,54
2022-11-24,18380.6,18383.95,18375.05,18376.9,13:45:00,18377.705625690265,3,55
2022-11-24,18384.55,18385.1,18379.7,18380.5,13:50:00,18378.357470862626,3,56
2022-11-24,18381.95,18385.45,18381.1,18384.25,13:55:00,18378.69961649476,3,57
2022-11-24,18388.45,18388.6,18379.85,18382.95,14:00:00,18379.628224447635,3,58
2022-11-24,18389.75,18391.25,18385.05,18389.0,14:05:00,18380.592203071672,3,59
2022-11-24,18401.55,18402.45,18389.5,18389.65,14:10:00,18382.58818373152,3,60
2022-11-24,18400.25,18406.3,18400.25,18401.8,14:15:00,18384.27026147137,3,61
2022-11-24,18397.3,18401.2,18393.75,18400.85,14:20:00,18385.511188950288,3,62
2022-11-24,18395.35,18400.5,18393.65,18397.4,14:25:00,18386.44821857407,3,63
2022-11-24,18394.75,18399.05,18393.2,18395.85,14:30:00,18387.23886442416,3,64
2022-11-24,18397.4,18404.9,18393.65,18395.1,14:35:00,18388.20659162186,3,65
2022-11-24,18392.45,18399.25,18387.35,18396.95,14:40:00,18388.61072575311,3,66
2022-11-24,18390.0,18395.5,18389.0,18393.05,14:45:00,18388.743037586148,3,67
2022-11-24,18393.15,18396.0,18389.75,18389.75,14:50:00,18389.16274829223,3,68
2022-11-24,18401.25,18404.15,18391.75,18393.2,14:55:00,18390.313915121544,3,69
2022-11-24,18454.25,18455.1,18401.75,18401.75,15:00:00,18396.40306606235,3,70
2022-11-24,18476.3,18480.95,18447.25,18453.7,15:05:00,18404.01229786594,3,71
2022-11-24,18482.75,18488.4,18475.75,18476.0,15:10:00,18411.51112664061,3,72
2022-11-24,18510.45,18514.9,18482.05,18482.25,15:15:00,18420.933876484363,3,73
2022-11-24,18518.2,18529.45,18510.05,18510.05,15:20:00,18430.197316819187,3,74
2022-11-24,18510.85,18529.7,18508.45,18519.65,15:25:00,18437.87852474117,3,75
2022-11-25,18468.95,18533.15,18460.1,18533.15,09:15:00,18440.83771286106,4,1
2022-11-25,18458.8,18480.0,18451.95,18469.2,09:20:00,18442.54840687429,4,2
2022-11-25,18478.7,18478.7,18457.65,18458.3,09:25:00,18445.99141574341,4,3
2022-11-25,18466.15,18499.75,18466.15,18478.95,09:30:00,18447.911280910703,4,4
2022-11-25,18461.3,18468.1,18445.1,18466.7,09:35:00,18449.186397014448,4,5
2022-11-25,18454.95,18463.1,18453.05,18462.25,09:40:00,18449.7353115845,4,6
2022-11-25,18472.1,18473.0,18450.1,18455.75,09:45:00,18451.865281909784,4,7
2022-11-25,18481.65,18492.35,18470.7,18472.3,09:50:00,18454.7019217279,4,8
2022-11-25,18463.5,18482.75,18461.95,18482.0,09:55:00,18455.53983394429,4,9
2022-11-25,18463.65,18475.05,18463.35,18464.1,10:00:00,18456.312230711505,4,10
2022-11-25,18470.05,18473.25,18462.1,18463.45,10:05:00,18457.62058969136,4,11
2022-11-25,18477.05,18478.85,18470.6,18470.85,10:10:00,18459.47100972076,4,12
2022-11-25,18468.55,18477.4,18460.25,18477.4,10:15:00,18460.33567546164,4,13
2022-11-25,18472.8,18475.4,18463.1,18468.0,10:20:00,18461.5227539891,4,14
2022-11-25,18486.65,18487.3,18469.35,18473.05,10:25:00,18463.91582503776,4,15
2022-11-25,18484.15,18487.05,18478.15,18486.8,10:30:00,18465.84288931988,4,16
2022-11-25,18485.9,18488.2,18478.35,18484.2,10:35:00,18467.75309033703,4,17
2022-11-25,18495.15,18495.2,18480.65,18485.45,10:40:00,18470.362319828742,4,18
2022-11-25,18489.7,18499.55,18489.55,18495.4,10:45:00,18472.204003654577,4,19
2022-11-25,18479.7,18489.25,18479.35,18489.25,10:50:00,18472.917908068423,4,20
2022-11-25,18477.95,18483.75,18474.5,18479.25,10:55:00,18473.39715491905,4,21
2022-11-25,18472.45,18480.6,18470.45,18478.0,11:00:00,18473.306949688664,4,22
2022-11-25,18469.05,18472.95,18468.05,18472.55,11:05:00,18472.90152590879,4,23
2022-11-25,18461.5,18470.85,18459.55,18469.2,11:10:00,18471.81566629843,4,24
2022-11-25,18471.3,18471.3,18458.85,18460.25,11:15:00,18471.766555222388,4,25
2022-11-25,18464.7,18473.2,18464.45,18470.75,11:20:00,18471.093549963112,4,26
2022-11-25,18470.15,18471.0,18464.05,18465.35,11:25:00,18471.003688061865,4,27
2022-11-25,18479.55,18480.35,18469.3,18470.5,11:30:00,18471.81762253216,4,28
2022-11-25,18479.45,18484.65,18477.85,18479.4,11:35:00,18472.544515624337,4,29
2022-11-25,18463.1,18481.25,18461.55,18479.15,11:40:00,18471.645037945826,4,30
2022-11-25,18460.1,18467.6,18453.45,18461.95,11:45:00,18470.545510522414,4,31
2022-11-25,18459.0,18461.95,18453.7,18458.95,11:50:00,18469.445938091707,4,32
2022-11-25,18452.7,18460.0,18451.2,18458.7,11:55:00,18467.85108684488,4,33
2022-11-25,18458.8,18459.1,18452.15,18452.3,12:00:00,18466.989078573937,4,34
2022-11-25,18459.2,18462.6,18455.65,18458.4,12:05:00,18466.247261566896,4,35
2022-11-25,18463.05,18465.15,18458.05,18458.85,12:10:00,18465.94276046529,4,36
2022-11-25,18469.2,18470.4,18461.05,18462.55,12:15:00,18466.25297375431,4,37
2022-11-25,18471.55,18474.1,18464.45,18468.95,12:20:00,18466.757452444373,4,38
2022-11-25,18473.15,18473.65,18467.25,18471.4,12:25:00,18467.36626649729,4,39
2022-11-25,18478.05,18478.2,18472.55,18472.9,12:30:00,18468.38376492612,4,40
2022-11-25,18474.7,18482.8,18473.15,18477.85,12:35:00,18468.98531112363,4,41
2022-11-25,18476.9,18483.0,18470.95,18474.35,12:40:00,18469.739091016618,4,42
2022-11-25,18483.95,18484.05,18469.2,18476.5,12:45:00,18471.0925109198,4,43
2022-11-25,18487.85,18488.45,18479.75,18483.6,12:50:00,18472.68846226077,4,44
2022-11-25,18489.1,18495.1,18486.1,18487.45,12:55:00,18474.251465854984,4,45
2022-11-25,18484.15,18494.8,18483.35,18488.75,13:00:00,18475.194183392607,4,46
2022-11-25,18477.35,18488.15,18472.95,18482.6,13:05:00,18475.399499259976,4,47
2022-11-25,18484.75,18487.2,18474.8,18476.2,13:10:00,18476.29002313998,4,48
2022-11-25,18482.5,18486.65,18476.45,18483.45,13:15:00,18476.8814495076,4,49
2022-11-25,18479.35,18482.4,18476.75,18482.0,13:20:00,18477.116549554496,4,50
2022-11-25,18484.6,18486.0,18475.75,18478.9,13:25:00,18477.829259120736,4,51
2022-11-25,18492.5,18492.5,18483.6,18484.0,13:30:00,18479.226472537808,4,52
2022-11-25,18491.4,18496.4,18488.9,18491.6,13:35:00,18480.38585610564,4,53
2022-11-25,18485.5,18494.2,18484.15,18491.5,13:40:00,18480.872917428907,4,54
2022-11-25,18486.25,18490.2,18484.3,18485.65,13:45:00,18481.38502053092,4,55
2022-11-25,18504.55,18506.0,18484.7,18485.9,13:50:00,18483.591209051778,4,56
2022-11-25,18501.0,18512.5,18500.3,18507.0,13:55:00,18485.249189142083,4,57
2022-11-25,18505.85,18509.9,18499.6,18501.3,14:00:00,18487.21117112855,4,58
2022-11-25,18502.6,18510.85,18501.05,18505.3,14:05:00,18488.67677387821,4,59
2022-11-25,18486.95,18503.8,18476.75,18502.35,14:10:00,18488.512319223148,4,60
2022-11-25,18468.6,18486.85,18467.9,18486.85,14:15:00,18486.615907868563,4,61
2022-11-25,18481.85,18481.95,18468.3,18469.45,14:20:00,18486.16201188108,4,62
2022-11-25,18496.15,18498.15,18480.05,18481.55,14:25:00,18487.113248844787,4,63
2022-11-25,18494.45,18501.75,18490.4,18495.85,14:30:00,18487.811987050045,4,64
2022-11-25,18506.2,18507.65,18493.9,18493.9,14:35:00,18489.563226378614,4,65
2022-11-25,18502.5,18511.4,18498.1,18506.25,14:40:00,18490.79530005684,4,66
2022-11-25,18500.95,18510.6,18496.85,18502.4,14:45:00,18491.762414337143,4,67
2022-11-25,18496.0,18508.5,18485.8,18501.85,14:50:00,18492.16599392408,4,68
2022-11-25,18513.8,18517.85,18495.8,18495.8,14:55:00,18494.22637545512,4,69
2022-11-25,18504.05,18523.1,18484.2,18511.65,15:00:00,18495.16195874511,4,70
2022-11-25,18522.3,18523.6,18504.85,18506.75,15:05:00,18497.74653410272,4,71
2022-11-25,18524.65,18534.9,18520.2,18522.2,15:10:00,18500.308768950075,4,72
2022-11-25,18510.9,18525.7,18510.6,18525.7,15:15:00,18501.3174576215,4,73
2022-11-25,18507.9,18511.9,18496.0,18511.9,15:20:00,18501.94436641945,4,74
2022-11-25,18498.4,18510.35,18494.5,18509.3,15:25:00,18501.60680771284,4,75
2022-11-28,18501.35,18508.0,18365.6,18454.7,09:15:00,18501.582349835426,0,1
2022-11-28,18504.15,18513.4,18496.85,18500.05,09:20:00,18501.82688794633,0,2
2022-11-28,18520.35,18522.75,18499.0,18504.25,09:25:00,18503.590993856204,0,3
2022-11-28,18535.05,18537.7,18517.95,18519.6,09:30:00,18506.587089679422,0,4
2022-11-28,18535.75,18540.55,18523.6,18535.65,09:35:00,18509.364509709954,0,5
2022-11-28,18538.3,18541.55,18525.0,18535.7,09:40:00,18512.12027068996,0,6
2022-11-28,18541.55,18549.55,18535.9,18538.1,09:45:00,18514.923102052817,0,7
2022-11-28,18537.65,18542.85,18534.55,18540.7,09:50:00,18517.087568523977,0,8
2022-11-28,18531.25,18540.9,18530.15,18538.3,09:55:00,18518.436371521697,0,9
2022-11-28,18533.5,18537.35,18530.75,18530.8,10:00:00,18519.871002805343,0,10
2022-11-28,18540.6,18542.55,18533.8,18534.0,10:05:00,18521.84519301436,0,11
2022-11-28,18539.75,18543.75,18537.9,18539.9,10:10:00,18523.55041272728,0,12
2022-11-28,18547.0,18547.35,18539.35,18539.9,10:15:00,18525.783706753253,0,13
2022-11-28,18554.0,18554.9,18539.4,18546.4,10:20:00,18528.47097277675,0,14
2022-11-28,18551.95,18558.95,18550.4,18554.05,10:25:00,18530.707070607536,0,15
2022-11-28,18537.25,18551.65,18536.05,18551.1,10:30:00,18531.33020674016,0,16
2022-11-28,18541.45,18541.6,18535.05,18536.6,10:35:00,18532.293996574423,0,17
2022-11-28,18539.25,18545.35,18538.7,18540.0,10:40:00,18532.956473091144,0,18
2022-11-28,18543.55,18543.55,18537.5,18539.45,10:45:00,18533.9653804158,0,19
2022-11-28,18555.45,18556.25,18543.05,18543.85,10:50:00,18536.01153466192,0,20
2022-11-28,18553.6,18562.1,18552.35,18554.9,10:55:00,18537.68662659888,0,21
2022-11-28,18557.35,18562.05,18553.55,18553.55,11:00:00,18539.559328827552,0,22
2022-11-28,18566.95,18568.0,18556.35,18557.5,11:05:00,18542.167964177308,0,23
2022-11-28,18565.2,18567.2,18562.2,18567.1,11:10:00,18544.361491398515,0,24
2022-11-28,18560.45,18565.9,18558.25,18564.7,11:15:00,18545.893730312942,0,25
2022-11-28,18563.95,18568.15,18560.2,18560.2,11:20:00,18547.613375045043,0,26
2022-11-28,18561.45,18566.85,18558.6,18563.75,11:25:00,18548.931148850275,0,27
2022-11-28,18577.05,18577.6,18559.5,18560.5,11:30:00,18551.609134674058,0,28
2022-11-28,18575.55,18580.4,18573.5,18575.9,11:35:00,18553.889217086053,0,29
2022-11-28,18579.9,18580.75,18571.65,18575.25,11:40:00,18556.366434506428,0,30
2022-11-28,18580.2,18583.25,18575.5,18579.25,11:45:00,18558.63629788677,0,31
2022-11-28,18579.5,18581.3,18576.4,18580.6,11:50:00,18560.623317135647,0,32
2022-11-28,18586.5,18586.65,18578.55,18579.4,11:55:00,18563.08776312273,0,33
2022-11-28,18587.5,18591.9,18583.7,18586.3,12:00:00,18565.412738063424,0,34
2022-11-28,18593.0,18595.25,18586.1,18587.65,12:05:00,18568.0400963431,0,35
2022-11-28,18593.75,18594.25,18588.6,18592.6,12:10:00,18570.488658596136,0,36
2022-11-28,18590.7,18597.55,18589.45,18593.6,12:15:00,18572.413548253648,0,37
2022-11-28,18589.3,18592.3,18585.1,18590.8,12:20:00,18574.0217817533,0,38
2022-11-28,18597.45,18604.35,18585.9,18588.65,12:25:00,18576.25304063394,0,39
2022-11-28,18593.45,18602.4,18592.05,18597.4,12:30:00,18577.89084628785,0,40
2022-11-28,18587.9,18597.05,18584.25,18593.3,12:35:00,18578.84409902234,0,41
2022-11-28,18579.3,18588.3,18579.0,18588.0,12:40:00,18578.88751816307,0,42
2022-11-28,18591.1,18591.75,18580.15,18580.8,12:45:00,18580.050611671348,0,43
2022-11-28,18602.35,18602.35,18589.8,18591.85,12:50:00,18582.174362940747,0,44
2022-11-28,18601.5,18603.4,18598.85,18602.2,12:55:00,18584.014899803533,0,45
2022-11-28,18605.15,18611.05,18599.1,18600.95,13:00:00,18586.02776648891,0,46
2022-11-28,18608.55,18610.25,18604.15,18604.75,13:05:00,18588.17274110901,0,47
2022-11-28,18606.85,18609.85,18600.75,18608.5,13:10:00,18589.95152767006,0,48
2022-11-28,18597.25,18608.4,18597.25,18606.25,13:15:00,18590.64662027291,0,49
2022-11-28,18594.0,18601.7,18593.35,18597.3,13:20:00,18590.965989770728,0,50
2022-11-28,18596.4,18600.8,18593.0,18593.85,13:25:00,18591.483514554468,0,51
2022-11-28,18595.95,18601.55,18594.7,18597.15,13:30:00,18591.90889412071,0,52
2022-11-28,18600.5,18601.85,18594.1,18595.9,13:35:00,18592.72709468064,0,53
2022-11-28,18611.5,18612.55,18599.7,18600.05,13:40:00,18594.51499042534,0,54
2022-11-28,18601.95,18614.25,18601.5,18610.75,13:45:00,18595.223086575308,0,55
2022-11-28,18602.9,18604.25,18594.35,18600.9,13:50:00,18595.954221187185,0,56
2022-11-28,18606.35,18610.0,18602.8,18602.8,13:55:00,18596.94429535984,0,57
2022-11-28,18590.25,18610.15,18584.9,18608.1,14:00:00,18596.3067434208,0,58
2022-11-28,18575.95,18591.8,18573.7,18590.95,14:05:00,18594.36800595216,0,59
2022-11-28,18582.15,18586.75,18575.05,18576.65,14:10:00,18593.204386337668,0,60
2022-11-28,18584.9,18588.45,18577.75,18582.95,14:15:00,18592.41349240075,0,61
2022-11-28,18596.05,18599.3,18583.3,18584.75,14:20:00,18592.75982645782,0,62
2022-11-28,18590.8,18600.05,18590.8,18595.4,14:25:00,18592.57317631898,0,63
2022-11-28,18586.5,18592.1,18584.45,18591.1,14:30:00,18591.99477857432,0,64
2022-11-28,18591.4,18591.8,18585.95,18587.0,14:35:00,18591.93813299581,0,65
2022-11-28,18599.2,18599.3,18590.65,18591.2,14:40:00,18592.62973937716,0,66
2022-11-28,18602.0,18608.5,18596.85,18598.2,14:45:00,18593.522145150764,0,67
2022-11-28,18598.45,18606.2,18594.5,18602.05,14:50:00,18593.991464660216,0,68
2022-11-28,18595.85,18601.4,18588.2,18598.2,14:55:00,18594.16846802591,0,69
2022-11-28,18579.9,18595.6,18574.0,18595.6,15:00:00,18592.809566309155,0,70
2022-11-28,18564.95,18580.85,18562.15,18580.85,15:05:00,18590.15627427971,0,71
2022-11-28,18564.7,18572.1,18555.25,18564.9,15:10:00,18587.73186720545,0,72
2022-11-28,18553.7,18568.9,18553.3,18565.8,15:15:00,18584.490736995405,0,73
2022-11-28,18549.4,18562.3,18549.05,18553.4,15:20:00,18581.14876204346,0,74
2022-11-28,18553.4,18555.35,18546.9,18549.75,15:25:00,18578.506022801223,0,75
2022-11-29,18604.95,18606.45,18552.15,18561.4,09:15:00,18581.02449682016,1,1
2022-11-29,18623.05,18624.8,18596.25,18605.1,09:20:00,18585.026925694427,1,2
2022-11-29,18623.2,18631.65,18615.8,18622.9,09:25:00,18588.662456580674,1,3
2022-11-29,18625.2,18628.0,18617.95,18624.1,09:30:00,18592.14222262061,1,4
2022-11-29,18620.65,18631.25,18620.5,18625.6,09:35:00,18594.857249037694,1,5
2022-11-29,18621.7,18626.05,18616.3,18620.4,09:40:00,18597.413701510293,1,6
2022-11-29,18612.75,18623.7,18607.5,18621.85,09:45:00,18598.874301366457,1,7
2022-11-29,18617.5,18624.5,18610.8,18612.95,09:50:00,18600.648177426792,1,8
2022-11-29,18625.55,18625.55,18615.75,18617.45,09:55:00,18603.01977957662,1,9
2022-11-29,18620.4,18627.4,18617.7,18626.2,10:00:00,18604.675038664565,1,10
2022-11-29,18622.05,18624.8,18619.1,18620.15,10:05:00,18606.32979688699,1,11
2022-11-29,18630.5,18633.8,18620.35,18621.95,10:10:00,18608.631720992988,1,12
2022-11-29,18636.95,18638.15,18629.55,18629.55,10:15:00,18611.32869994604,1,13
2022-11-29,18632.8,18637.0,18628.65,18637.0,10:20:00,18613.37358566546,1,14
2022-11-29,18637.4,18639.0,18627.95,18632.0,10:25:00,18615.661815602085,1,15
2022-11-29,18641.1,18642.65,18636.7,18636.7,10:30:00,18618.084499830456,1,16
2022-11-29,18633.85,18643.25,18633.65,18641.5,10:35:00,18619.58597603708,1,17
2022-11-29,18637.0,18639.5,18633.0,18633.95,10:40:00,18621.24445450974,1,18
2022-11-29,18643.5,18644.0,18636.75,18636.85,10:45:00,18623.36403027072,1,19
2022-11-29,18642.4,18647.15,18640.35,18643.9,10:50:00,18625.17697976874,1,20
2022-11-29,18647.95,18649.5,18641.9,18642.75,10:55:00,18627.345838838384,1,21
2022-11-29,18653.35,18654.85,18648.15,18648.55,11:00:00,18629.822425615683,1,22
2022-11-29,18652.35,18662.6,18652.35,18654.35,11:05:00,18631.96790889038,1,23
2022-11-29,18657.6,18658.65,18652.35,18652.5,11:10:00,18634.40906042463,1,24
2022-11-29,18656.7,18660.15,18655.45,18657.25,11:15:00,18636.532007050853,1,25
2022-11-29,18649.5,18659.65,18648.85,18656.45,11:20:00,18637.767053998392,1,26
2022-11-29,18646.3,18652.35,18643.4,18648.6,11:25:00,18638.57971552235,1,27
2022-11-29,18647.3,18649.0,18642.55,18646.45,11:30:00,18639.410218805937,1,28
2022-11-29,18651.95,18654.25,18646.1,18647.0,11:35:00,18640.604483681564,1,29
2022-11-29,18653.7,18653.7,18648.5,18651.8,11:40:00,18641.85167571189,1,30
2022-11-29,18643.55,18653.85,18642.65,18653.85,11:45:00,18642.013420882184,1,31
2022-11-29,18638.5,18644.35,18635.35,18643.0,11:50:00,18641.6788093696,1,32
2022-11-29,18643.2,18646.2,18635.6,18639.0,11:55:00,18641.82368466773,1,33
2022-11-29,18655.05,18657.25,18643.0,18643.35,12:00:00,18643.083333746992,1,34
2022-11-29,18663.6,18666.5,18655.1,18655.7,12:05:00,18645.037301961565,1,35
2022-11-29,18666.95,18669.15,18662.25,18663.2,12:10:00,18647.12422558428,1,36
2022-11-29,18666.8,18670.05,18660.25,18667.5,12:15:00,18648.99810886196,1,37
2022-11-29,18657.75,18668.05,18656.5,18665.95,12:20:00,18649.83162230368,1,38
2022-11-29,18664.35,18664.7,18658.05,18658.95,12:25:00,18651.214324941426,1,39
2022-11-29,18668.05,18671.6,18661.75,18663.6,12:30:00,18652.81772256605,1,40
2022-11-29,18669.5,18672.95,18665.25,18667.85,12:35:00,18654.40651089309,1,41
2022-11-29,18668.05,18669.35,18661.1,18668.25,12:40:00,18655.70589080804,1,42
2022-11-29,18662.65,18672.0,18658.9,18667.25,12:45:00,18656.367234540605,1,43
2022-11-29,18646.95,18662.6,18645.65,18661.9,12:50:00,18655.470355060548,1,44
2022-11-29,18657.5,18658.25,18645.9,18647.05,12:55:00,18655.66365457859,1,45
2022-11-29,18659.85,18660.95,18656.7,18657.6,13:00:00,18656.06235414253,1,46
2022-11-29,18662.25,18663.5,18657.55,18659.9,13:05:00,18656.65165374801,1,47
2022-11-29,18660.95,18662.9,18655.9,18662.0,13:10:00,18657.06102005772,1,48
2022-11-29,18662.15,18666.8,18660.35,18660.9,13:15:00,18657.54568481413,1,49
2022-11-29,18658.2,18665.8,18657.0,18661.9,13:20:00,18657.608000546115,1,50
2022-11-29,18659.95,18661.1,18654.7,18658.15,13:25:00,18657.831048113152,1,51
2022-11-29,18674.85,18678.1,18659.55,18659.55,13:30:00,18659.451900673805,1,52
2022-11-29,18669.7,18677.7,18666.8,18675.0,13:35:00,18660.427910133443,1,53
2022-11-29,18671.0,18675.9,18668.45,18669.1,13:40:00,18661.43477583502,1,54
2022-11-29,18670.5,18676.4,18666.65,18671.15,13:45:00,18662.2981305174,1,55
2022-11-29,18669.45,18676.5,18669.15,18670.3,13:50:00,18662.97926094432,1,56
2022-11-29,18663.25,18669.35,18659.95,18669.35,13:55:00,18663.005045616286,1,57
2022-11-29,18657.85,18664.1,18656.0,18663.6,14:00:00,18662.514088890926,1,58
2022-11-29,18660.05,18662.8,18653.45,18657.95,14:05:00,18662.27941375846,1,59
2022-11-29,18657.0,18661.55,18653.05,18660.35,14:10:00,18661.77661244813,1,60
2022-11-29,18658.15,18659.35,18654.65,18657.1,14:15:00,18661.43122078641,1,61
2022-11-29,18638.8,18662.1,18637.05,18658.05,14:20:00,18659.2758664258,1,62
2022-11-29,18640.9,18645.9,18637.05,18639.35,14:25:00,18657.52578390905,1,63
2022-11-29,18642.2,18651.75,18638.5,18640.75,14:30:00,18656.06618544152,1,64
2022-11-29,18629.2,18643.25,18624.1,18642.1,14:35:00,18653.50750111376,1,65
2022-11-29,18630.15,18633.05,18623.7,18628.7,14:40:00,18651.28297719816,1,66
2022-11-29,18628.8,18632.85,18622.05,18630.1,14:45:00,18649.141741274525,1,67
2022-11-29,18621.0,18629.7,18621.0,18629.0,14:50:00,18646.46157543885,1,68
2022-11-29,18634.05,18639.45,18619.85,18620.3,14:55:00,18645.27952063516,1,69
2022-11-29,18628.65,18639.65,18627.75,18633.5,15:00:00,18643.695756765144,1,70
2022-11-29,18625.45,18633.55,18620.9,18629.45,15:05:00,18641.95806564465,1,71
2022-11-29,18614.5,18626.65,18614.15,18626.65,15:10:00,18639.343011773733,1,72
2022-11-29,18616.1,18620.5,18614.25,18615.3,15:15:00,18637.12939160481,1,73
2022-11-29,18603.1,18618.25,18602.75,18616.0,15:20:00,18633.888497166256,1,74
2022-11-29,18603.6,18612.15,18602.7,18604.1,15:25:00,18631.00387838852,1,75
2022-11-30,18674.2,18679.55,18616.7,18634.3,09:15:00,18638.83990951985,2,1
2022-11-30,18661.2,18677.95,18661.2,18675.35,09:20:00,18640.96944194653,2,2
2022-11-30,18654.2,18667.2,18652.75,18661.1,09:25:00,18642.22949509448,2,3
2022-11-30,18664.95,18667.1,18654.8,18654.8,09:30:00,18644.393352704526,2,4
2022-11-30,18641.6,18668.2,18639.8,18665.25,09:35:00,18644.12731911362,2,5
2022-11-30,18642.8,18646.95,18638.45,18642.45,09:40:00,18644.000907769467,2,6
2022-11-30,18631.05,18645.25,18626.25,18642.6,09:45:00,18642.76748798189,2,7
2022-11-30,18619.8,18637.85,18616.55,18631.5,09:50:00,18640.580108174094,2,8
2022-11-30,18629.95,18630.0,18620.1,18620.3,09:55:00,18639.567716919417,2,9
2022-11-30,18632.15,18637.15,18624.15,18629.9,10:00:00,18638.861267689,2,10
2022-11-30,18642.75,18649.75,18632.25,18632.4,10:05:00,18639.23162314719,2,11
2022-11-30,18643.65,18647.35,18639.25,18644.05,10:10:00,18639.652420942693,2,12
2022-11-30,18632.2,18643.75,18632.15,18643.75,10:15:00,18638.9426665672,2,13
2022-11-30,18635.85,18638.7,18630.15,18632.0,10:20:00,18638.64812689413,2,14
2022-11-30,18632.6,18640.1,18632.6,18635.55,10:25:00,18638.072114808976,2,15
2022-11-30,18634.95,18637.2,18630.25,18633.25,10:30:00,18637.77477054145,2,16
2022-11-30,18631.6,18637.65,18628.3,18634.55,10:35:00,18637.18669715656,2,17
2022-11-30,18622.75,18639.15,18622.6,18631.4,10:40:00,18635.811773617832,2,18
2022-11-30,18623.9,18625.2,18617.55,18622.7,10:45:00,18634.677318987564,2,19
2022-11-30,18633.55,18633.55,18623.0,18623.0,10:50:00,18634.569955274463,2,20
2022-11-30,18632.7,18635.85,18629.75,18632.8,10:55:00,18634.391864295943,2,21
2022-11-30,18631.5,18633.55,18627.85,18632.3,11:00:00,18634.11644864871,2,22
2022-11-30,18635.1,18637.7,18632.35,18632.35,11:05:00,18634.21012020597,2,23
2022-11-30,18635.35,18641.05,18633.85,18635.05,11:10:00,18634.31868018636,2,24
2022-11-30,18641.35,18642.85,18634.55,18635.15,11:15:00,18634.98832969242,2,25
2022-11-30,18642.25,18643.05,18635.65,18641.55,11:20:00,18635.679917340763,2,26
2022-11-30,18628.8,18642.4,18625.85,18641.8,11:25:00,18635.024687117835,2,27
2022-11-30,18638.6,18639.15,18627.9,18628.95,11:30:00,18635.36519310661,2,28
2022-11-30,18645.7,18649.5,18639.85,18640.5,11:35:00,18636.349460429792,2,29
2022-11-30,18653.15,18659.8,18645.7,18647.5,11:40:00,18637.94951181743,2,30
2022-11-30,18662.75,18664.0,18652.9,18653.8,11:45:00,18640.311463072914,2,31
2022-11-30,18649.05,18663.6,18649.05,18663.4,11:50:00,18641.14370468501,2,32
2022-11-30,18647.7,18651.3,18644.4,18648.7,11:55:00,18641.768113762635,2,33
2022-11-30,18644.75,18650.1,18644.75,18646.4,12:00:00,18642.0521029281,2,34
2022-11-30,18645.65,18650.4,18644.3,18644.85,12:05:00,18642.39475979209,2,35
2022-11-30,18644.35,18655.5,18644.35,18645.8,12:10:00,18642.58097314523,2,36
2022-11-30,18644.8,18646.2,18638.9,18644.25,12:15:00,18642.79230903616,2,37
2022-11-30,18644.7,18647.4,18642.0,18644.55,12:20:00,18642.97399388986,2,38
2022-11-30,18649.0,18649.4,18643.15,18645.75,12:25:00,18643.547899233683,2,39
2022-11-30,18649.5,18653.05,18646.35,18649.6,12:30:00,18644.11476597333,2,40
2022-11-30,18651.65,18653.4,18648.3,18649.8,12:35:00,18644.832407309204,2,41
2022-11-30,18652.7,18653.4,18649.05,18652.05,12:40:00,18645.581701851184,2,42
2022-11-30,18647.25,18653.15,18647.05,18652.05,12:45:00,18645.74058738917,2,43
2022-11-30,18641.0,18647.55,18639.8,18647.55,12:50:00,18645.289102875915,2,44
2022-11-30,18655.55,18657.55,18640.85,18640.85,12:55:00,18646.266331173447,2,45
2022-11-30,18658.95,18660.65,18654.85,18656.15,13:00:00,18647.47429963312,2,46
2022-11-30,18669.8,18670.8,18657.7,18658.85,13:05:00,18649.60055681092,2,47
2022-11-30,18669.7,18670.8,18662.25,18670.4,13:10:00,18651.51478949559,2,48
2022-11-30,18662.55,18670.65,18662.55,18670.2,13:15:00,18652.565761924583,2,49
2022-11-30,18671.0,18671.05,18659.75,18662.05,13:20:00,18654.32140364605,2,50
2022-11-30,18664.2,18675.7,18661.15,18671.1,13:25:00,18655.262222346428,2,51
2022-11-30,18667.8,18671.7,18661.75,18664.4,13:30:00,18656.45629640868,2,52
2022-11-30,18659.05,18672.4,18658.75,18667.25,13:35:00,18656.70331579832,2,53
2022-11-30,18660.15,18662.9,18657.15,18658.35,13:40:00,18657.03157143658,2,54
2022-11-30,18662.45,18669.45,18659.0,18660.55,13:45:00,18657.547612252143,2,55
2022-11-30,18660.75,18662.85,18657.2,18662.5,13:50:00,18657.852601561463,2,56
2022-11-30,18663.9,18665.0,18659.5,18660.85,13:55:00,18658.428544269893,2,57
2022-11-30,18665.45,18671.7,18663.25,18664.35,14:00:00,18659.097254339427,2,58
2022-11-30,18661.6,18671.65,18661.0,18665.7,14:05:00,18659.335611069004,2,59
2022-11-30,18666.1,18669.8,18652.95,18660.95,14:10:00,18659.97983858624,2,60
2022-11-30,18666.35,18671.2,18663.1,18665.85,14:15:00,18660.58652062565,2,61
2022-11-30,18672.4,18672.4,18660.55,18665.55,14:20:00,18661.71161389939,2,62
2022-11-30,18687.3,18688.2,18671.4,18672.1,14:25:00,18664.14860305183,2,63
2022-11-30,18690.8,18701.7,18687.15,18687.15,14:30:00,18666.68683133261,2,64
2022-11-30,18695.35,18696.9,18689.95,18690.5,14:35:00,18669.41665691998,2,65
2022-11-30,18688.75,18697.65,18688.25,18695.3,14:40:00,18671.257927689505,2,66
2022-11-30,18684.8,18693.0,18681.95,18689.9,14:45:00,18672.54764886193,2,67
2022-11-30,18686.75,18691.95,18684.35,18684.4,14:50:00,18673.900253732223,2,68
2022-11-30,18675.95,18687.25,18671.15,18686.65,14:55:00,18674.09546766249,2,69
2022-11-30,18719.35,18721.55,18676.4,18676.4,15:00:00,18678.405423123204,2,70
2022-11-30,18743.2,18745.6,18718.1,18718.6,15:05:00,18684.576335206708,2,71
2022-11-30,18765.2,18767.4,18740.75,18743.25,15:10:00,18692.254779472736,2,72
2022-11-30,18782.2,18782.8,18765.0,18766.15,15:15:00,18700.820990951524,2,73
2022-11-30,18800.05,18801.45,18782.0,18783.15,15:20:00,18710.271372765663,2,74
2022-11-30,18776.95,18816.05,18772.8,18799.9,15:25:00,18716.62171821656,2,75
2022-12-01,18867.0,18874.3,18842.05,18874.3,09:15:00,18730.94345933879,3,1
2022-12-01,18868.35,18887.6,18865.55,18866.95,09:20:00,18744.02979654462,3,2
2022-12-01,18855.0,18874.45,18851.3,18867.75,09:25:00,18754.59838734989,3,3
2022-12-01,18863.3,18864.85,18853.25,18855.4,09:30:00,18764.950921888,3,4
2022-12-01,18867.9,18870.95,18859.2,18862.1,09:35:00,18774.755595993905,3,5
2022-12-01,18868.1,18882.15,18866.3,18867.8,09:40:00,18783.64553923258,3,6
2022-12-01,18840.8,18867.5,18838.75,18867.5,09:45:00,18789.08882121043,3,7
2022-12-01,18843.4,18849.45,18840.55,18842.5,09:50:00,18794.26131442848,3,8
2022-12-01,18842.85,18844.4,18832.85,18843.9,09:55:00,18798.888808292435,3,9
2022-12-01,18835.55,18845.9,18829.7,18843.0,10:00:00,18802.38035035982,3,10
2022-12-01,18838.2,18846.15,18831.55,18834.65,10:05:00,18805.791745563645,3,11
2022-12-01,18843.0,18844.1,18836.0,18837.9,10:10:00,18809.335388843298,3,12
2022-12-01,18822.6,18843.65,18821.25,18843.55,10:15:00,18810.59868514393,3,13
2022-12-01,18822.25,18824.95,18816.65,18822.3,10:20:00,18811.708334177845,3,14
2022-12-01,18834.0,18837.25,18823.25,18823.35,10:25:00,18813.83134997043,3,15
2022-12-01,18827.25,18837.25,18825.6,18835.0,10:30:00,18815.10931663991,3,16
2022-12-01,18832.15,18834.2,18824.1,18827.05,10:35:00,18816.732238864683,3,17
2022-12-01,18828.0,18831.65,18825.1,18831.05,10:40:00,18817.80535897281,3,18
2022-12-01,18832.0,18832.9,18825.75,18827.95,10:45:00,18819.15722954683,3,19
2022-12-01,18838.3,18840.15,18831.0,18831.15,10:50:00,18820.98035054237,3,20
2022-12-01,18843.2,18843.75,18836.0,18838.55,10:55:00,18823.096507633567,3,21
2022-12-01,18840.65,18844.4,18837.75,18842.95,11:00:00,18824.76826881132,3,22
2022-12-01,18841.7,18845.95,18839.7,18841.15,11:05:00,18826.38081463881,3,23
2022-12-01,18840.3,18841.95,18835.15,18841.4,11:10:00,18827.70645133988,3,24
2022-12-01,18839.1,18841.8,18837.8,18840.2,11:15:00,18828.791551212274,3,25
2022-12-01,18833.65,18839.25,18830.8,18839.25,11:20:00,18829.25426062063,3,26
2022-12-01,18834.85,18837.9,18832.25,18833.55,11:25:00,18829.78718818057,3,27
2022-12-01,18837.45,18837.75,18832.0,18834.5,11:30:00,18830.51697978242,3,28
2022-12-01,18840.2,18842.3,18834.6,18837.15,11:35:00,18831.43917218409,3,29
2022-12-01,18827.2,18840.6,18827.2,18840.6,11:40:00,18831.03544149989,3,30
2022-12-01,18826.5,18828.3,18820.15,18826.75,11:45:00,18830.603494690386,3,31
2022-12-01,18821.6,18827.65,18821.6,18826.25,11:50:00,18829.746019005583,3,32
2022-12-01,18821.35,18826.4,18817.75,18822.4,11:55:00,18828.94639814791,3,33
2022-12-01,18826.8,18828.15,18817.65,18821.85,12:00:00,18828.74197927668,3,34
2022-12-01,18831.85,18832.15,18825.9,18827.15,12:05:00,18829.03798125033,3,35
2022-12-01,18834.55,18836.6,18830.6,18831.8,12:10:00,18829.562935416965,3,36
2022-12-01,18841.55,18844.0,18832.45,18833.95,12:15:00,18830.70456061535,3,37
2022-12-01,18846.95,18855.7,18841.5,18841.5,12:20:00,18832.25174531865,3,38
2022-12-01,18846.15,18850.35,18841.5,18846.55,12:25:00,18833.57538862164,3,39
2022-12-01,18845.75,18850.75,18844.05,18847.0,12:30:00,18834.734875419577,3,40
2022-12-01,18846.45,18848.1,18842.2,18845.1,12:35:00,18835.85060157009,3,41
2022-12-01,18842.25,18848.1,18839.95,18845.8,12:40:00,18836.460068087228,3,42
2022-12-01,18846.35,18849.0,18839.95,18841.95,12:45:00,18837.401966364632,3,43
2022-12-01,18842.8,18847.85,18842.3,18845.8,12:50:00,18837.916064806097,3,44
2022-12-01,18843.3,18845.65,18837.5,18842.9,12:55:00,18838.428820538848,3,45
2022-12-01,18843.55,18846.4,18839.3,18843.25,13:00:00,18838.9165519161,3,46
2022-12-01,18843.65,18846.7,18840.7,18843.4,13:05:00,18839.36735649552,3,47
2022-12-01,18844.15,18844.4,18841.15,18843.4,13:10:00,18839.82284635309,3,48
2022-12-01,18851.5,18851.95,18843.2,18843.75,13:15:00,18840.934956224228,3,49
2022-12-01,18837.0,18853.1,18827.3,18851.4,13:20:00,18840.560198488587,3,50
2022-12-01,18816.05,18836.5,18798.85,18836.5,13:25:00,18838.225893870625,3,51
2022-12-01,18801.35,18818.5,18795.7,18813.75,13:30:00,18834.713903978183,3,52
2022-12-01,18803.85,18809.85,18791.35,18802.2,13:35:00,18831.77448455169,3,53
2022-12-01,18808.35,18817.95,18803.55,18803.55,13:40:00,18829.54358126105,3,54
2022-12-01,18803.65,18808.8,18798.1,18808.4,13:45:00,18827.077525902856,3,55
2022-12-01,18789.95,18806.25,18789.05,18803.45,13:50:00,18823.541571054964,3,56
2022-12-01,18792.75,18792.75,18778.2,18790.25,13:55:00,18820.6090404783,3,57
2022-12-01,18814.1,18816.45,18790.1,18792.45,14:00:00,18819.98913186132,3,58
2022-12-01,18811.7,18815.4,18808.6,18813.45,14:05:00,18819.199690731668,3,59
2022-12-01,18824.45,18829.7,18810.9,18811.75,14:10:00,18819.6997201858,3,60
2022-12-01,18827.0,18835.05,18820.75,18823.6,14:15:00,18820.394984930004,3,61
2022-12-01,18828.95,18831.8,18821.25,18826.9,14:20:00,18821.209748270005,3,62
2022-12-01,18834.85,18837.9,18827.75,18828.7,14:25:00,18822.50881986334,3,63
2022-12-01,18839.35,18845.3,18833.35,18834.25,14:30:00,18824.112741781115,3,64
2022-12-01,18819.45,18838.55,18810.8,18838.5,14:35:00,18823.66867113529,3,65
2022-12-01,18820.85,18827.65,18818.8,18819.6,14:40:00,18823.400226265265,3,66
2022-12-01,18831.4,18833.9,18807.35,18820.9,14:45:00,18824.162109478097,3,67
2022-12-01,18827.2,18833.7,18822.45,18830.95,14:50:00,18824.451432384943,3,68
2022-12-01,18831.85,18839.25,18823.7,18827.25,14:55:00,18825.156057872093,3,69
2022-12-01,18829.1,18838.0,18811.25,18832.5,15:00:00,18825.531671408084,3,70
2022-12-01,18805.15,18830.4,18804.15,18829.35,15:05:00,18823.59055984541,3,71
2022-12-01,18808.15,18812.65,18795.95,18804.15,15:10:00,18822.12003033632,3,72
2022-12-01,18811.5,18820.6,18806.7,18808.4,15:15:00,18821.10859887572,3,73
2022-12-01,18806.95,18812.9,18802.7,18812.25,15:20:00,18819.76016088756,3,74
2022-12-01,18800.95,18807.85,18799.55,18806.5,15:25:00,18817.968716993502,3,75
2022-12-02,18758.1,18781.95,18734.0,18775.3,09:15:00,18812.26693442269,4,1
2022-12-02,18737.9,18764.2,18732.85,18758.8,09:20:00,18805.184369239578,4,2
2022-12-02,18728.15,18740.0,18723.2,18737.55,09:25:00,18797.84776264533,4,3
2022-12-02,18736.05,18747.1,18720.4,18728.3,09:30:00,18791.96226144102,4,4
2022-12-02,18726.3,18737.85,18723.15,18736.2,09:35:00,18785.70871273235,4,5
2022-12-02,18713.05,18731.25,18712.15,18726.65,09:40:00,18778.78883532927,4,6
2022-12-02,18713.5,18716.6,18708.7,18713.15,09:45:00,18772.570851012195,4,7
2022-12-02,18713.15,18717.05,18711.45,18713.95,09:50:00,18766.911722344368,4,8
2022-12-02,18712.9,18714.15,18700.9,18713.5,09:55:00,18761.767748787763,4,9
2022-12-02,18717.4,18721.15,18708.3,18713.35,10:00:00,18757.542248903213,4,10
2022-12-02,18708.7,18716.2,18706.35,18716.2,10:05:00,18752.89060615053,4,11
2022-12-02,18703.75,18710.6,18701.1,18709.2,10:10:00,18748.210548421903,4,12
2022-12-02,18704.45,18710.05,18701.5,18704.05,10:15:00,18744.042877143627,4,13
2022-12-02,18694.25,18704.85,18692.05,18704.85,10:20:00,18739.30069836805,4,14
2022-12-02,18698.35,18702.1,18689.7,18694.05,10:25:00,18735.400631856803,4,15
2022-12-02,18705.1,18705.6,18697.75,18698.1,10:30:00,18732.51485739425,4,16
2022-12-02,18697.9,18705.9,18697.9,18705.2,10:35:00,18729.218204309083,4,17
2022-12-02,18703.5,18703.5,18691.35,18697.65,10:40:00,18726.768851517743,4,18
2022-12-02,18695.0,18703.4,18693.45,18703.05,10:45:00,18723.74324661129,4,19
2022-12-02,18698.3,18705.95,18694.05,18694.6,10:50:00,18721.32008026736,4,20
2022-12-02,18700.9,18702.6,18695.5,18697.6,10:55:00,18719.37531071809,4,21
2022-12-02,18704.55,18704.95,18697.4,18700.65,11:00:00,18717.96337636398,4,22
2022-12-02,18709.95,18711.5,18701.4,18704.2,11:05:00,18717.20019766265,4,23
2022-12-02,18699.35,18710.55,18697.75,18710.05,11:10:00,18715.500178837632,4,24
2022-12-02,18704.35,18705.55,18696.5,18699.3,11:15:00,18714.43825704357,4,25
2022-12-02,18693.9,18706.1,18692.75,18704.15,11:20:00,18712.482232563227,4,26
2022-12-02,18684.4,18695.5,18680.1,18693.45,11:25:00,18709.807734223872,4,27
2022-12-02,18675.35,18685.2,18673.75,18684.45,11:30:00,18706.526045250168,4,28
2022-12-02,18662.6,18676.45,18660.1,18674.8,11:35:00,18702.3426123692,4,29
2022-12-02,18667.8,18668.65,18656.85,18661.45,11:40:00,18699.052839762604,4,30
2022-12-02,18663.45,18668.4,18661.7,18666.95,11:45:00,18695.662093118543,4,31
2022-12-02,18650.5,18664.05,18644.6,18664.0,11:50:00,18691.36094139297,4,32
2022-12-02,18650.25,18652.7,18644.1,18651.3,11:55:00,18687.44561364126,4,33
2022-12-02,18646.95,18652.9,18642.4,18649.95,12:00:00,18683.58888853257,4,34
2022-12-02,18651.05,18656.1,18646.4,18646.4,12:05:00,18680.489946767564,4,35
2022-12-02,18646.8,18651.15,18641.45,18651.15,12:10:00,18677.28138040875,4,36
2022-12-02,18649.05,18649.9,18639.2,18646.35,12:15:00,18674.592677512675,4,37
2022-12-02,18647.3,18657.4,18644.7,18648.5,12:20:00,18671.993374892423,4,38
2022-12-02,18649.5,18650.7,18641.1,18646.55,12:25:00,18669.8511487122,4,39
2022-12-02,18650.75,18655.35,18647.9,18649.0,12:30:00,18668.031991691983,4,40
2022-12-02,18649.85,18654.55,18648.15,18650.9,12:35:00,18666.30037343561,4,41
2022-12-02,18661.45,18662.5,18648.3,18649.95,12:40:00,18665.838433108405,4,42
2022-12-02,18660.6,18663.45,18659.3,18661.05,12:45:00,18665.339534717128,4,43
2022-12-02,18666.55,18666.55,18657.35,18659.45,12:50:00,18665.45481712502,4,44
2022-12-02,18671.65,18671.65,18655.6,18665.85,12:55:00,18666.044834541684,4,45
2022-12-02,18675.5,18681.5,18671.9,18672.35,13:00:00,18666.94532649009,4,46
2022-12-02,18679.1,18681.1,18667.65,18675.45,13:05:00,18668.10291444342,4,47
2022-12-02,18681.4,18683.85,18676.4,18679.35,13:10:00,18669.36930354405,4,48
2022-12-02,18673.55,18682.05,18670.55,18681.75,13:15:00,18669.767465111283,4,49
2022-12-02,18676.3,18678.15,18666.55,18674.1,13:20:00,18670.38961129116,4,50
2022-12-02,18661.0,18676.2,18659.9,18676.15,13:25:00,18669.495362596765,4,51
2022-12-02,18668.55,18668.55,18655.9,18660.3,13:30:00,18669.40532806374,4,52
2022-12-02,18673.5,18677.4,18668.1,18668.85,13:35:00,18669.79529681958,4,53
2022-12-02,18678.7,18678.7,18672.45,18673.6,13:40:00,18670.643363789142,4,54
2022-12-02,18692.65,18692.65,18678.45,18679.55,13:45:00,18672.739233904464,4,55
2022-12-02,18692.85,18694.2,18687.55,18692.55,13:50:00,18674.65454496118,4,56
2022-12-02,18689.25,18697.25,18686.4,18692.8,13:55:00,18676.044588298213,4,57
2022-12-02,18686.3,18695.15,18682.3,18689.5,14:00:00,18677.02129417457,4,58
2022-12-02,18695.95,18697.45,18683.85,18685.75,14:05:00,18678.82402806271,4,59
2022-12-02,18687.8,18697.35,18686.0,18696.2,14:10:00,18679.678882532928,4,60
2022-12-02,18688.15,18692.85,18686.95,18688.3,14:15:00,18680.48565562503,4,61
2022-12-02,18700.7,18701.95,18677.5,18688.1,14:20:00,18682.41083127979,4,62
2022-12-02,18704.5,18705.8,18693.5,18700.1,14:25:00,18684.514561634096,4,63
2022-12-02,18703.2,18705.55,18698.0,18704.45,14:30:00,18686.294127192752,4,64
2022-12-02,18692.0,18703.75,18686.85,18703.55,14:35:00,18686.837543650585,4,65
2022-12-02,18684.8,18693.8,18675.95,18691.65,14:40:00,18686.64349187434,4,66
2022-12-02,18679.35,18691.1,18677.85,18685.2,14:45:00,18685.948873600595,4,67
2022-12-02,18680.0,18685.5,18677.1,18679.45,14:50:00,18685.382314210063,4,68
2022-12-02,18693.55,18696.1,18677.55,18680.25,14:55:00,18686.1601890472,4,69
2022-12-02,18683.15,18699.45,18679.4,18693.75,15:00:00,18685.873504376035,4,70
2022-12-02,18694.45,18694.45,18683.25,18683.35,15:05:00,18686.69031348308,4,71
2022-12-02,18694.4,18698.55,18692.0,18694.35,15:10:00,18687.424569341834,4,72
2022-12-02,18696.8,18697.5,18692.7,18694.15,15:15:00,18688.31746749976,4,73
2022-12-02,18704.9,18707.2,18691.25,18696.45,15:20:00,18689.896756309307,4,74
2022-12-02,18705.2,18708.15,18699.6,18704.7,15:25:00,18691.35420808937,4,75
2022-12-05,18668.05,18728.6,18661.75,18728.6,09:15:00,18689.13475969991,0,1
2022-12-05,18669.6,18684.1,18667.55,18667.55,09:20:00,18687.27430639516,0,2
2022-12-05,18653.8,18671.7,18652.85,18669.55,09:25:00,18684.086277214665,0,3
2022-12-05,18657.6,18659.45,18647.0,18653.95,09:30:00,18681.563774622795,0,4
2022-12-05,18663.95,18667.25,18649.2,18657.2,09:35:00,18679.886272277767,0,5
2022-12-05,18654.25,18665.6,18653.6,18665.15,09:40:00,18677.444722537024,0,6
2022-12-05,18635.25,18654.9,18632.5,18654.9,09:45:00,18673.426177533496,0,7
2022-12-05,18610.4,18637.55,18609.2,18634.5,09:50:00,18667.42368443507,0,8
2022-12-05,18602.4,18617.35,18601.35,18610.55,09:55:00,18661.230952584112,0,9
2022-12-05,18604.85,18604.85,18597.3,18603.15,10:00:00,18655.86133805229,0,10
2022-12-05,18602.25,18607.15,18595.65,18604.15,10:05:00,18650.75549633303,0,11
2022-12-05,18596.8,18603.0,18591.35,18602.9,10:10:00,18645.61687763465,0,12
2022-12-05,18611.05,18611.4,18596.1,18597.1,10:15:00,18642.3247940504,0,13
2022-12-05,18610.3,18615.95,18603.05,18610.7,10:20:00,18639.274813664644,0,14
2022-12-05,18623.7,18625.1,18608.85,18611.05,10:25:00,18637.79149807753,0,15
2022-12-05,18626.0,18627.55,18619.25,18623.45,10:30:00,18636.668498260628,0,16
2022-12-05,18624.9,18633.75,18624.7,18626.1,10:35:00,18635.547688902472,0,17
2022-12-05,18622.3,18627.1,18617.5,18624.6,10:40:00,18634.28600424509,0,18
2022-12-05,18626.25,18628.2,18621.85,18622.25,10:45:00,18633.520670507467,0,19
2022-12-05,18622.65,18628.45,18621.9,18626.3,10:50:00,18632.48536855437,0,20
2022-12-05,18626.55,18627.4,18615.35,18622.6,10:55:00,18631.92009535872,0,21
2022-12-05,18624.35,18630.2,18620.3,18626.7,11:00:00,18631.199133895985,0,22
2022-12-05,18624.7,18630.7,18624.2,18624.6,11:05:00,18630.58016876304,0,23
2022-12-05,18638.4,18639.95,18624.3,18624.9,11:10:00,18631.324914595123,0,24
2022-12-05,18641.9,18646.65,18638.8,18638.85,11:15:00,18632.332065586063,0,25
2022-12-05,18636.5,18642.5,18633.8,18641.95,11:20:00,18632.729011720727,0,26
2022-12-05,18638.9,18639.95,18632.9,18636.55,11:25:00,18633.316724890185,0,27
2022-12-05,18642.5,18645.8,18638.85,18638.85,11:30:00,18634.19132251969,0,28
2022-12-05,18642.7,18643.3,18636.8,18642.45,11:35:00,18635.001672755912,0,29
2022-12-05,18650.65,18654.5,18642.65,18643.0,11:40:00,18636.491989636303,0,30
2022-12-05,18642.5,18650.85,18642.05,18650.7,11:45:00,18637.06418109951,0,31
2022-12-05,18640.7,18643.8,18638.0,18642.75,11:50:00,18637.410449566225,0,32
2022-12-05,18646.0,18647.7,18640.2,18640.2,11:55:00,18638.228501988488,0,33
2022-12-05,18648.4,18653.8,18645.4,18645.6,12:00:00,18639.19721608482,0,34
2022-12-05,18648.25,18651.75,18647.4,18648.1,12:05:00,18640.059385981505,0,35
2022-12-05,18667.65,18668.25,18645.2,18648.45,12:10:00,18642.68706350708,0,36
2022-12-05,18670.8,18681.5,18667.55,18667.55,12:15:00,18645.36448603021,0,37
2022-12-05,18700.75,18705.05,18668.6,18670.55,12:20:00,18650.63929688448,0,38
2022-12-05,18712.2,18712.2,18699.0,18700.7,12:25:00,18656.502220990715,0,39
2022-12-05,18703.3,18719.0,18702.8,18711.85,12:30:00,18660.959152324933,0,40
2022-12-05,18693.85,18709.25,18693.85,18704.5,12:35:00,18664.09161400827,0,41
2022-12-05,18696.95,18702.6,18686.2,18695.65,12:40:00,18667.22098410272,0,42
2022-12-05,18699.55,18700.3,18691.0,18697.55,12:45:00,18670.2999379977,0,43
2022-12-05,18699.35,18706.1,18691.35,18699.0,12:50:00,18673.066610569345,0,44
2022-12-05,18683.05,18700.4,18679.25,18699.1,12:55:00,18674.01740956274,0,45
2022-12-05,18689.5,18694.05,18682.8,18682.8,13:00:00,18675.49194198534,0,46
2022-12-05,18686.3,18690.6,18680.95,18689.3,13:05:00,18676.52128084388,0,47
2022-12-05,18677.85,18687.85,18676.95,18686.2,13:10:00,18676.64782552541,0,48
2022-12-05,18672.15,18680.05,18669.5,18677.35,13:15:00,18676.21946118966,0,49
2022-12-05,18671.6,18678.45,18667.9,18672.05,13:20:00,18675.77951250493,0,50
2022-12-05,18661.8,18676.55,18660.15,18671.8,13:25:00,18674.448130361605,0,51
2022-12-05,18653.2,18665.55,18651.35,18663.25,13:30:00,18672.4244988986,0,52
2022-12-05,18642.3,18656.05,18640.95,18653.8,13:35:00,18669.55549900349,0,53
2022-12-05,18641.75,18648.75,18637.55,18643.3,13:40:00,18666.907356241256,0,54
2022-12-05,18653.65,18655.4,18635.4,18641.0,13:45:00,18665.644750884945,0,55
2022-12-05,18645.65,18654.3,18641.45,18653.5,13:50:00,18663.740488895903,0,56
2022-12-05,18643.75,18645.75,18639.4,18645.55,13:55:00,18661.836632810577,0,57
2022-12-05,18639.25,18648.5,18629.95,18643.4,14:00:00,18659.68552492385,0,58
2022-12-05,18657.85,18659.1,18638.45,18639.3,14:05:00,18659.51071302635,0,59
2022-12-05,18649.4,18664.15,18649.4,18657.65,14:10:00,18658.547787976226,0,60
2022-12-05,18647.35,18653.35,18641.65,18649.35,14:15:00,18657.481331978488,0,61
2022-12-05,18667.15,18667.15,18645.35,18646.65,14:20:00,18658.402157504344,0,62
2022-12-05,18680.7,18681.05,18666.0,18666.0,14:25:00,18660.525761551547,0,63
2022-12-05,18684.15,18688.4,18675.7,18680.6,14:30:00,18662.77568902283,0,64
2022-12-05,18667.35,18686.75,18663.0,18683.5,14:35:00,18663.21133768732,0,65
2022-12-05,18664.0,18671.6,18653.9,18666.75,14:40:00,18663.28644838377,0,66
2022-12-05,18677.55,18677.8,18663.65,18663.9,14:45:00,18664.644881871027,0,67
2022-12-05,18682.3,18685.9,18674.95,18677.25,14:50:00,18666.326321692835,0,68
2022-12-05,18673.5,18685.8,18670.75,18682.55,14:55:00,18667.009529150662,0,69
2022-12-05,18690.55,18697.65,18673.6,18673.6,15:00:00,18669.25147875536,0,70
2022-12-05,18699.7,18700.1,18686.25,18689.4,15:05:00,18672.15133792152,0,71
2022-12-05,18716.1,18723.6,18700.6,18700.6,15:10:00,18676.336924786134,0,72
2022-12-05,18707.8,18718.75,18706.25,18715.9,15:15:00,18679.333408139835,0,73
2022-12-05,18692.8,18709.2,18692.8,18708.35,15:20:00,18680.615940697942,0,74
2022-12-05,18694.05,18695.9,18685.9,18692.55,15:25:00,18681.895374917192,0,75
2022-12-06,18617.0,18637.8,18600.35,18628.6,09:15:00,18675.71486302032,1,1
2022-12-06,18584.1,18617.45,18584.0,18617.45,09:20:00,18666.989637970764,1,2
2022-12-06,18608.7,18609.2,18577.9,18583.9,09:25:00,18661.43824387831,1,3
2022-12-06,18596.9,18613.55,18596.85,18611.05,09:30:00,18655.29174446133,1,4
2022-12-06,18597.65,18601.75,18591.75,18596.05,09:35:00,18649.802054512635,1,5
2022-12-06,18593.45,18604.3,18590.95,18597.7,09:40:00,18644.43519217809,1,6
2022-12-06,18606.9,18607.7,18590.8,18593.5,09:45:00,18640.86041197065,1,7
2022-12-06,18631.2,18635.4,18605.55,18607.1,09:50:00,18639.94037273536,1,8
2022-12-06,18630.0,18640.35,18622.3,18631.55,09:55:00,18638.99367057009,1,9
2022-12-06,18621.95,18631.05,18612.7,18629.75,10:00:00,18637.370463849125,1,10
2022-12-06,18632.7,18636.2,18621.0,18622.35,10:05:00,18636.925657768257,1,11
2022-12-06,18635.75,18637.15,18627.35,18632.35,10:10:00,18636.81369036176,1,12
2022-12-06,18621.2,18637.05,18620.3,18635.2,10:15:00,18635.326672232062,1,13
2022-12-06,18628.65,18629.65,18620.35,18621.0,10:20:00,18634.690798686155,1,14
2022-12-06,18630.6,18631.6,18625.9,18627.9,10:25:00,18634.30119881128,1,15
2022-12-06,18630.4,18633.9,18628.35,18629.85,10:30:00,18633.92965606735,1,16
2022-12-06,18638.75,18640.55,18626.05,18629.85,10:35:00,18634.388736441888,1,17
2022-12-06,18634.5,18644.6,18634.3,18638.4,10:40:00,18634.399332971232,1,18
2022-12-06,18634.85,18639.8,18629.5,18634.55,10:45:00,18634.44225364064,1,19
2022-12-06,18639.5,18648.05,18633.5,18635.2,10:50:00,18634.923943770104,1,20
2022-12-06,18633.7,18641.55,18631.5,18639.2,10:55:00,18634.80737769676,1,21
2022-12-06,18619.05,18634.5,18615.0,18634.0,11:00:00,18633.30667505897,1,22
2022-12-06,18604.5,18618.6,18603.75,18618.6,11:05:00,18630.56318219621,1,23
2022-12-06,18607.1,18610.9,18602.4,18604.2,11:10:00,18628.32859341562,1,24
2022-12-06,18609.4,18616.3,18607.1,18607.2,11:15:00,18626.525870233178,1,25
2022-12-06,18616.85,18618.9,18608.5,18609.1,11:20:00,18625.6043587824,1,26
2022-12-06,18612.3,18619.0,18611.75,18616.2,11:25:00,18624.3372769936,1,27
2022-12-06,18620.85,18621.5,18609.65,18611.7,11:30:00,18624.00515537516,1,28
2022-12-06,18616.35,18624.35,18614.9,18620.8,11:35:00,18623.27609295848,1,29
2022-12-06,18608.6,18617.4,18606.85,18616.25,11:40:00,18621.878369819573,1,30
2022-12-06,18608.55,18610.35,18605.3,18608.8,11:45:00,18620.60900126533,1,31
2022-12-06,18608.2,18609.6,18604.2,18608.6,11:50:00,18619.427191621013,1,32
2022-12-06,18603.2,18612.65,18599.3,18608.15,11:55:00,18617.881744799965,1,33
2022-12-06,18609.3,18610.0,18600.5,18602.7,12:00:00,18617.0644357714,1,34
2022-12-06,18608.85,18611.9,18603.6,18609.65,12:05:00,18616.282108555075,1,35
2022-12-06,18604.5,18608.9,18602.8,18608.15,12:10:00,18615.1600029784,1,36
2022-12-06,18605.8,18607.9,18600.65,18604.4,12:15:00,18614.268574123314,1,37
2022-12-06,18604.7,18607.75,18603.6,18606.65,12:20:00,18613.357281349665,1,38
2022-12-06,18609.65,18617.35,18602.65,18604.55,12:25:00,18613.00420693541,1,39
2022-12-06,18604.95,18612.9,18603.1,18609.85,12:30:00,18612.23713960823,1,40
2022-12-06,18592.7,18605.8,18592.05,18605.35,12:35:00,18610.376459645544,1,41
2022-12-06,18594.0,18596.0,18590.35,18591.95,12:40:00,18608.81679682216,1,42
2022-12-06,18591.05,18598.2,18587.85,18594.3,12:45:00,18607.12472093433,1,43
2022-12-06,18593.25,18595.4,18585.65,18591.3,12:50:00,18605.803318940583,1,44
2022-12-06,18589.95,18595.05,18587.15,18593.3,12:55:00,18604.29347904148,1,45
2022-12-06,18605.35,18614.4,18588.75,18590.1,13:00:00,18604.39410008515,1,46
2022-12-06,18609.3,18612.75,18606.3,18606.3,13:05:00,18604.861328648465,1,47
2022-12-06,18615.15,18617.2,18607.75,18609.2,13:10:00,18605.84120211052,1,48
2022-12-06,18617.25,18619.55,18614.95,18614.95,13:15:00,18606.927754290467,1,49
2022-12-06,18608.5,18617.2,18606.5,18617.2,13:20:00,18607.07749197709,1,50
2022-12-06,18613.2,18614.1,18604.05,18608.25,13:25:00,18607.66058797928,1,51
2022-12-06,18624.55,18624.95,18610.15,18612.65,13:30:00,18609.269103409817,1,52
2022-12-06,18628.25,18632.55,18623.85,18624.3,13:35:00,18611.076807846977,1,53
2022-12-06,18627.55,18630.0,18622.05,18627.95,13:40:00,18612.64568329012,1,54
2022-12-06,18629.65,18641.1,18626.6,18626.95,13:45:00,18614.2651420244,1,55
2022-12-06,18620.25,18629.6,18611.8,18629.15,13:50:00,18614.835128498264,1,56
2022-12-06,18608.0,18621.05,18605.35,18620.55,13:55:00,18614.18416387938,1,57
2022-12-06,18606.5,18609.8,18596.5,18608.1,14:00:00,18613.45233874801,1,58
2022-12-06,18604.8,18610.5,18603.85,18606.65,14:05:00,18612.62830648629,1,59
2022-12-06,18616.75,18620.5,18604.4,18604.6,14:10:00,18613.020848725693,1,60
2022-12-06,18614.7,18627.4,18614.05,18616.65,14:15:00,18613.180767894675,1,61
2022-12-06,18607.4,18617.15,18606.55,18614.25,14:20:00,18612.630218571376,1,62
2022-12-06,18612.85,18615.7,18606.45,18608.15,14:25:00,18612.651150136007,1,63
2022-12-06,18611.65,18619.4,18610.3,18612.5,14:30:00,18612.555802504005,1,64
2022-12-06,18607.0,18615.05,18604.95,18611.25,14:35:00,18612.026678456004,1,65
2022-12-06,18605.4,18611.45,18602.7,18606.8,14:40:00,18611.3955662221,1,66
2022-12-06,18610.8,18612.85,18603.85,18605.25,14:45:00,18611.33884562952,1,67
2022-12-06,18608.35,18617.5,18605.9,18610.9,14:50:00,18611.054193664804,1,68
2022-12-06,18606.35,18609.05,18601.6,18608.15,14:55:00,18610.60617522053,1,69
2022-12-06,18644.05,18650.85,18605.85,18607.7,15:00:00,18613.791301390007,1,70
2022-12-06,18640.65,18646.0,18633.45,18644.1,15:05:00,18616.349272686195,1,71
2022-12-06,18651.55,18654.9,18638.3,18642.05,15:10:00,18619.70172290656,1,72
2022-12-06,18645.95,18652.4,18642.1,18651.45,15:15:00,18622.201558820216,1,73
2022-12-06,18644.65,18650.2,18642.3,18645.7,15:20:00,18624.339505599244,1,74
2022-12-06,18647.8,18647.8,18633.6,18644.2,15:25:00,18626.57383839932,1,75
2022-12-07,18635.5,18655.3,18616.75,18647.55,09:15:00,18627.42394902795,2,1
2022-12-07,18625.45,18645.05,18624.35,18636.65,09:20:00,18627.23595388243,2,2
2022-12-07,18620.0,18631.05,18620.0,18626.3,09:25:00,18626.54681541744,2,3
2022-12-07,18626.5,18627.9,18608.45,18618.5,09:30:00,18626.54235680625,2,4
2022-12-07,18634.5,18635.65,18620.45,18626.9,09:35:00,18627.300227586613,2,5
2022-12-07,18640.85,18646.45,18632.9,18635.3,09:40:00,18628.59068210217,2,6
2022-12-07,18648.05,18649.0,18636.8,18641.35,09:45:00,18630.4439504734,2,7
2022-12-07,18643.65,18654.35,18643.15,18648.4,09:50:00,18631.70166947593,2,8
2022-12-07,18648.55,18649.5,18632.85,18644.0,09:55:00,18633.306272382983,2,9
2022-12-07,18650.3,18651.65,18640.15,18648.6,10:00:00,18634.924722632222,2,10
2022-12-07,18654.05,18665.95,18645.75,18649.85,10:05:00,18636.74617761963,2,11
2022-12-07,18661.7,18665.7,18639.0,18654.5,10:10:00,18639.122732132044,2,12
2022-12-07,18655.35,18668.3,18655.15,18662.75,10:15:00,18640.66818621471,2,13
2022-12-07,18659.2,18664.2,18654.55,18654.7,10:20:00,18642.43312086093,2,14
2022-12-07,18654.3,18661.45,18653.2,18658.7,10:25:00,18643.56329982655,2,15
2022-12-07,18651.5,18657.85,18648.0,18654.45,10:30:00,18644.319176033543,2,16
2022-12-07,18650.1,18661.2,18650.1,18651.9,10:35:00,18644.869730697017,2,17
2022-12-07,18627.15,18650.85,18625.35,18650.85,10:40:00,18643.182137297303,2,18
2022-12-07,18614.5,18629.5,18614.05,18627.45,10:45:00,18640.45050517375,2,19
2022-12-07,18579.7,18614.7,18578.1,18613.55,10:50:00,18634.66474277625,2,20
2022-12-07,18580.65,18585.55,18567.05,18579.9,10:55:00,18629.520481559462,2,21
2022-12-07,18574.25,18580.45,18564.5,18580.45,11:00:00,18624.25662617285,2,22
2022-12-07,18578.05,18585.3,18570.8,18573.95,11:05:00,18619.855995108763,2,23
2022-12-07,18585.15,18589.8,18574.7,18577.8,11:10:00,18616.55066224126,2,24
2022-12-07,18583.3,18587.2,18578.55,18584.8,11:15:00,18613.383932504,2,25
2022-12-07,18573.65,18585.3,18573.25,18584.05,11:20:00,18609.599748456,2,26
2022-12-07,18583.05,18586.0,18570.3,18572.65,11:25:00,18607.071200984,2,27
2022-12-07,18577.8,18583.95,18575.7,18582.55,11:30:00,18604.28346755695,2,28
2022-12-07,18573.1,18583.15,18572.75,18577.85,11:35:00,18601.313613503906,2,29
2022-12-07,18579.1,18580.0,18568.35,18573.55,11:40:00,18599.19803126544,2,30
2022-12-07,18580.5,18582.3,18577.4,18579.25,11:45:00,18597.417266383018,2,31
2022-12-07,18585.9,18592.55,18580.35,18580.35,11:50:00,18596.32038387035,2,32
2022-12-07,18582.7,18587.7,18581.55,18585.85,11:55:00,18595.023204454126,2,33
2022-12-07,18589.15,18589.15,18578.05,18582.45,12:00:00,18594.46385164897,2,34
2022-12-07,18590.25,18595.85,18587.9,18589.4,12:05:00,18594.06253244431,2,35
2022-12-07,18594.4,18595.45,18588.05,18590.1,12:10:00,18594.09467221152,2,36
2022-12-07,18593.65,18597.65,18590.45,18594.0,12:15:00,18594.052322477088,2,37
2022-12-07,18587.8,18595.65,18583.45,18592.8,12:20:00,18593.456863193554,2,38
2022-12-07,18585.6,18591.45,18585.1,18587.9,12:25:00,18592.708590508453,2,39
2022-12-07,18593.35,18597.0,18585.85,18585.85,12:30:00,18592.769677126696,2,40
2022-12-07,18591.75,18597.25,18591.75,18593.9,12:35:00,18592.672565019395,2,41
2022-12-07,18572.3,18596.25,18572.3,18591.6,12:40:00,18590.73232073184,2,42
2022-12-07,18582.8,18584.75,18569.4,18571.5,12:45:00,18589.97686161452,2,43
2022-12-07,18589.7,18591.95,18580.35,18582.9,12:50:00,18589.950493841705,2,44
2022-12-07,18595.05,18597.75,18586.5,18590.0,12:55:00,18590.43616109488,2,45
2022-12-07,18600.35,18601.95,18595.1,18595.25,13:00:00,18591.3803362287,2,46
2022-12-07,18599.05,18607.0,18595.5,18599.9,13:05:00,18592.1107803974,2,47
2022-12-07,18597.1,18600.85,18593.4,18599.7,13:10:00,18592.58594416908,2,48
2022-12-07,18602.55,18607.4,18594.45,18597.5,13:15:00,18593.534901867257,2,49
2022-12-07,18601.7,18604.95,18598.5,18602.75,13:20:00,18594.31253026085,2,50
2022-12-07,18605.45,18608.2,18599.35,18601.8,13:25:00,18595.37324166458,2,51
2022-12-07,18613.55,18614.8,18604.9,18605.0,13:30:00,18597.104361506048,2,52
2022-12-07,18588.65,18613.35,18588.5,18613.35,13:35:00,18596.299184219755,2,53
2022-12-07,18592.15,18593.85,18585.45,18588.7,13:40:00,18595.904023817875,2,54
2022-12-07,18588.4,18594.8,18588.25,18591.85,13:45:00,18595.18935488284,2,55
2022-12-07,18585.3,18588.8,18579.45,18588.75,13:50:00,18594.24751156066,2,56
2022-12-07,18589.7,18593.3,18582.4,18585.4,13:55:00,18593.81441522155,2,57
2022-12-07,18581.6,18589.9,18578.6,18589.9,14:00:00,18592.651137581404,2,58
2022-12-07,18574.8,18583.95,18574.15,18581.85,14:05:00,18590.95102924032,2,59
2022-12-07,18570.55,18575.65,18566.5,18574.7,14:10:00,18589.008074074573,2,60
2022-12-07,18579.5,18580.65,18568.25,18570.9,14:15:00,18588.102543210327,2,61
2022-12-07,18588.05,18589.45,18578.15,18579.15,14:20:00,18588.09753909506,2,62
2022-12-07,18593.65,18594.2,18584.05,18588.85,14:25:00,18588.62634489553,2,63
2022-12-07,18595.45,18599.35,18591.85,18595.0,14:30:00,18589.27621681024,2,64
2022-12-07,18596.5,18602.3,18594.1,18596.7,14:35:00,18589.964196161647,2,65
2022-12-07,18598.6,18599.95,18592.25,18595.8,14:40:00,18590.78665367006,2,66
2022-12-07,18611.55,18618.95,18597.55,18598.95,14:45:00,18592.76411522529,2,67
2022-12-07,18594.05,18614.75,18593.75,18612.15,14:50:00,18592.88658044193,2,68
2022-12-07,18612.25,18613.3,18592.05,18594.0,14:55:00,18594.730715637936,2,69
2022-12-07,18581.5,18616.0,18580.7,18616.0,15:00:00,18593.470647481943,2,70
2022-12-07,18577.95,18586.1,18572.35,18581.6,15:05:00,18591.9924905789,2,71
2022-12-07,18553.6,18580.25,18550.0,18577.9,15:10:00,18588.33606290472,2,72
2022-12-07,18537.45,18556.65,18534.75,18554.75,15:15:00,18583.48977119951,2,73
2022-12-07,18540.2,18543.65,18528.4,18537.35,15:20:00,18579.36693584717,2,74
2022-12-07,18551.55,18553.9,18539.0,18539.85,15:25:00,18576.71770386173,2,75
2022-12-08,18553.95,18582.3,18543.95,18578.3,09:15:00,18574.549351113,3,1
2022-12-08,18551.05,18557.75,18536.95,18552.4,09:20:00,18572.311317673662,3,2
2022-12-08,18571.3,18571.3,18550.15,18551.1,09:25:00,18572.215001704742,3,3
2022-12-08,18569.25,18580.6,18567.7,18571.05,09:30:00,18571.932620590007,3,4
2022-12-08,18570.85,18572.2,18555.55,18569.15,09:35:00,18571.82951386715,3,5
2022-12-08,18570.4,18575.1,18568.1,18570.55,09:40:00,18571.693369689325,3,6
2022-12-08,18587.7,18590.85,18567.4,18569.85,09:45:00,18573.217810671293,3,7
2022-12-08,18592.75,18598.4,18588.35,18589.2,09:50:00,18575.07801917879,3,8
2022-12-08,18608.5,18612.15,18592.35,18592.5,09:55:00,18578.261064971284,3,9
2022-12-08,18623.5,18625.0,18607.85,18607.85,10:00:00,18582.56953497402,3,10
2022-12-08,18605.45,18623.9,18602.05,18623.35,10:05:00,18584.748626881257,3,11
2022-12-08,18601.8,18610.5,18597.3,18603.95,10:10:00,18586.37256717828,3,12
2022-12-08,18609.45,18612.4,18601.55,18602.2,10:15:00,18588.5704179232,3,13
2022-12-08,18600.1,18609.25,18599.05,18608.25,10:20:00,18589.66847335909,3,14
2022-12-08,18596.4,18604.65,18590.6,18598.85,10:25:00,18590.30957113441,3,15
2022-12-08,18593.85,18602.0,18591.25,18596.0,10:30:00,18590.64675483589,3,16
2022-12-08,18579.0,18593.5,18576.5,18593.2,10:35:00,18589.53754008962,3,17
2022-12-08,18579.2,18583.35,18574.6,18578.95,10:40:00,18588.55301246204,3,18
2022-12-08,18576.95,18585.85,18576.75,18578.95,10:45:00,18587.44796365613,3,19
2022-12-08,18575.3,18576.8,18566.55,18576.7,10:50:00,18586.291014736496,3,20
2022-12-08,18575.7,18578.1,18570.55,18575.65,10:55:00,18585.28234666636,3,21
2022-12-08,18574.35,18584.7,18574.35,18575.45,11:00:00,18584.241170793368,3,22
2022-12-08,18577.9,18580.3,18572.45,18574.55,11:05:00,18583.637249765427,3,23
2022-12-08,18576.7,18580.95,18573.85,18577.65,11:10:00,18582.976559311577,3,24
2022-12-08,18583.4,18587.9,18571.5,18577.35,11:15:00,18583.01688699619,3,25
2022-12-08,18583.2,18585.3,18581.0,18583.2,11:20:00,18583.03432632989,3,26
2022-12-08,18583.7,18588.85,18580.95,18583.35,11:25:00,18583.09772382228,3,27
2022-12-08,18578.3,18588.4,18576.9,18583.65,11:30:00,18582.640797743963,3,28
2022-12-08,18577.45,18582.45,18577.1,18578.6,11:35:00,18582.146436054063,3,29
2022-12-08,18572.15,18581.5,18570.0,18577.1,11:40:00,18581.194394525104,3,30
2022-12-08,18583.75,18587.0,18571.7,18572.7,11:45:00,18581.43778552272,3,31
2022-12-08,18576.4,18585.7,18574.6,18583.9,11:50:00,18580.95799642532,3,32
2022-12-08,18576.15,18579.85,18573.3,18576.35,11:55:00,18580.50009200386,3,33
2022-12-08,18580.45,18581.1,18568.4,18576.6,12:00:00,18580.495321336824,3,34
2022-12-08,18579.75,18583.35,18577.5,18581.55,12:05:00,18580.424338352364,3,35
2022-12-08,18579.7,18585.6,18578.95,18579.8,12:10:00,18580.35535374737,3,36
2022-12-08,18587.4,18595.85,18577.5,18579.6,12:15:00,18581.026272438103,3,37
2022-12-08,18573.95,18587.7,18568.7,18587.6,12:20:00,18580.352341729715,3,38
2022-12-08,18573.7,18577.55,18570.35,18575.0,12:25:00,18579.718785374505,3,39
2022-12-08,18575.6,18579.65,18572.85,18574.35,12:30:00,18579.32652010074,3,40
2022-12-08,18569.0,18578.3,18567.15,18575.35,12:35:00,18578.34304199591,3,41
2022-12-08,18567.45,18572.05,18566.95,18568.8,12:40:00,18577.30560942487,3,42
2022-12-08,18562.15,18568.45,18551.5,18567.4,12:45:00,18575.862218051072,3,43
2022-12-08,18567.35,18574.5,18561.0,18562.55,12:50:00,18575.051530617635,3,44
2022-12-08,18571.25,18571.8,18567.1,18567.45,12:55:00,18574.689480082623,3,45
2022-12-08,18577.4,18582.1,18570.95,18571.5,13:00:00,18574.94762483666,3,46
2022-12-08,18580.6,18581.85,18574.4,18577.7,13:05:00,18575.485946280787,3,47
2022-12-08,18584.4,18587.9,18580.7,18580.7,13:10:00,18576.334903777857,3,48
2022-12-08,18586.25,18589.05,18580.3,18584.5,13:15:00,18577.27919865616,3,49
2022-12-08,18584.05,18587.55,18579.2,18586.45,13:20:00,18577.92403687938,3,50
2022-12-08,18582.2,18585.6,18580.8,18584.3,13:25:00,18578.33127146229,3,51
2022-12-08,18593.4,18596.05,18574.4,18582.45,13:30:00,18579.766388465887,3,52
2022-12-08,18585.55,18595.35,18584.6,18593.55,13:35:00,18580.317208611992,3,53
2022-12-08,18578.05,18587.85,18576.4,18585.15,13:40:00,18580.10128398228,3,54
2022-12-08,18579.7,18583.0,18577.65,18578.3,13:45:00,18580.06306646016,3,55
2022-12-08,18577.15,18581.1,18574.9,18579.9,13:50:00,18579.78563155919,3,56
2022-12-08,18584.55,18584.55,18568.6,18577.4,13:55:00,18580.239380934505,3,57
2022-12-08,18585.0,18594.5,18577.95,18586.05,14:00:00,18580.692773226456,3,58
2022-12-08,18583.35,18589.9,18581.15,18585.05,14:05:00,18580.945842442983,3,59
2022-12-08,18588.45,18589.1,18579.9,18584.15,14:10:00,18581.66052411508,3,60
2022-12-08,18605.0,18610.65,18588.8,18588.95,14:15:00,18583.88333134221,3,61
2022-12-08,18598.9,18607.55,18597.2,18604.55,14:20:00,18585.313490262004,3,62
2022-12-08,18595.8,18602.25,18591.05,18598.5,14:25:00,18586.312205475147,3,63
2022-12-08,18597.1,18602.6,18593.85,18595.45,14:30:00,18587.339614477514,3,64
2022-12-08,18596.2,18598.35,18588.2,18597.45,14:35:00,18588.18346071775,3,65
2022-12-08,18601.3,18603.2,18594.4,18596.45,14:40:00,18589.432654935103,3,66
2022-12-08,18594.8,18602.5,18591.5,18601.5,14:45:00,18589.94383065557,3,67
2022-12-08,18591.7,18597.8,18591.4,18594.3,14:50:00,18590.111084878856,3,68
2022-12-08,18589.1,18595.45,18578.65,18592.4,14:55:00,18590.014791080863,3,69
2022-12-08,18601.8,18611.8,18587.0,18590.1,15:00:00,18591.137191930306,3,70
2022-12-08,18599.8,18608.95,18595.8,18601.9,15:05:00,18591.96222127028,3,71
2022-12-08,18613.1,18617.25,18600.6,18601.0,15:10:00,18593.975343054062,3,72
2022-12-08,18612.35,18617.5,18609.7,18613.3,15:15:00,18595.725310382244,3,73
2022-12-08,18610.8,18613.6,18606.45,18612.5,15:20:00,18597.160995107744,3,74
2022-12-08,18614.4,18620.0,18610.25,18610.75,15:25:00,18598.802805097483,3,75
2022-12-09,18650.85,18664.7,18635.5,18664.65,09:15:00,18603.759680802483,4,1
2022-12-09,18641.1,18658.0,18637.8,18651.35,09:20:00,18607.31590167844,4,2
2022-12-09,18625.7,18641.4,18623.15,18641.4,09:25:00,18609.06676818525,4,3
2022-12-09,18620.05,18630.2,18617.3,18624.95,09:30:00,18610.112790262843,4,4
2022-12-09,18624.9,18625.55,18613.4,18619.8,09:35:00,18611.52109595209,4,5
2022-12-09,18625.85,18631.8,18616.85,18625.45,09:40:00,18612.88575348047,4,6
2022-12-09,18624.45,18626.85,18616.85,18625.65,09:45:00,18613.98711029185,4,7
2022-12-09,18616.05,18624.5,18616.05,18624.3,09:50:00,18614.183575978343,4,8
2022-12-09,18626.3,18627.7,18607.4,18616.0,09:55:00,18615.337521123267,4,9
2022-12-09,18634.6,18634.6,18625.7,18626.05,10:00:00,18617.17204292105,4,10
2022-12-09,18621.65,18635.3,18619.1,18634.9,10:05:00,18617.59851502381,4,11
2022-12-09,18611.05,18621.35,18609.2,18620.7,10:10:00,18616.974846926303,4,12
2022-12-09,18602.45,18613.5,18595.15,18611.1,10:15:00,18615.59152817142,4,13
2022-12-09,18587.3,18610.1,18586.7,18602.05,10:20:00,18612.897096917,4,14
2022-12-09,18580.95,18591.8,18577.1,18584.55,10:25:00,18609.85451625824,4,15
2022-12-09,18563.95,18581.35,18562.8,18581.35,10:30:00,18605.48265756697,4,16
2022-12-09,18570.5,18574.9,18559.4,18563.5,10:35:00,18602.150975893925,4,17
2022-12-09,18568.7,18571.3,18561.25,18570.55,10:40:00,18598.96516866593,4,18
2022-12-09,18560.85,18569.3,18549.05,18569.3,10:45:00,18595.335152602514,4,19
2022-12-09,18552.15,18564.55,18552.15,18560.55,10:50:00,18591.22228092609,4,20
2022-12-09,18556.45,18562.1,18548.35,18551.95,10:55:00,18587.9106351236,4,21
2022-12-09,18564.55,18566.0,18554.35,18556.35,11:00:00,18585.68581273088,4,22
2022-12-09,18551.0,18564.15,18547.55,18564.15,11:05:00,18582.382401994604,4,23
2022-12-09,18554.25,18557.3,18550.2,18550.55,11:10:00,18579.703125614164,4,24
2022-12-09,18541.2,18555.0,18537.8,18554.35,11:15:00,18576.03616126996,4,25
2022-12-09,18543.0,18544.95,18537.45,18541.75,11:20:00,18572.88986019663,4,26
2022-12-09,18550.3,18551.8,18542.3,18542.3,11:25:00,18570.73844493981,4,27
2022-12-09,18544.65,18555.2,18543.95,18549.5,11:30:00,18568.25383113602,4,28
2022-12-09,18558.4,18558.4,18544.55,18544.55,11:35:00,18567.315371027827,4,29
2022-12-09,18555.5,18561.9,18554.3,18558.55,11:40:00,18566.190097596605,4,30
2022-12-09,18560.3,18560.95,18553.45,18555.4,11:45:00,18565.62913592074,4,31
2022-12-09,18556.05,18561.65,18554.6,18561.35,11:50:00,18564.71683726162,4,32
2022-12-09,18552.8,18556.55,18551.05,18555.8,11:55:00,18563.58190037956,4,33
2022-12-09,18563.05,18564.55,18552.0,18552.65,12:00:00,18563.53124320056,4,34
2022-12-09,18561.8,18564.25,18557.7,18562.5,12:05:00,18563.366362895744,4,35
2022-12-09,18564.9,18566.3,18559.05,18560.9,12:10:00,18563.51242357233,4,36
2022-12-09,18559.8,18568.55,18558.8,18564.7,12:15:00,18563.15885942259,4,37
2022-12-09,18559.35,18566.7,18558.3,18559.2,12:20:00,18562.796110906154,4,38
2022-12-09,18553.4,18560.2,18552.55,18558.85,12:25:00,18561.90124320081,4,39
2022-12-09,18513.7,18557.8,18508.9,18553.45,12:30:00,18557.31064861025,4,40
2022-12-09,18509.75,18515.9,18497.05,18515.45,12:35:00,18552.781063028324,4,41
2022-12-09,18490.7,18511.3,18483.85,18508.55,12:40:00,18546.86858083515,4,42
2022-12-09,18479.5,18488.65,18472.8,18488.65,12:45:00,18540.45252551752,4,43
2022-12-09,18459.65,18485.1,18454.75,18480.15,12:50:00,18532.7570468968,4,44
2022-12-09,18486.4,18486.95,18459.6,18459.6,12:55:00,18528.34209004949,4,45
2022-12-09,18494.8,18499.95,18477.15,18484.2,13:00:00,18525.14760528287,4,46
2022-12-09,18491.75,18499.5,18487.35,18494.7,13:05:00,18521.966880970213,4,47
2022-12-09,18490.4,18499.0,18482.75,18491.2,13:10:00,18518.960511354,4,48
2022-12-09,18490.6,18497.7,18487.25,18488.3,13:15:00,18516.25951027267,4,49
2022-12-09,18487.05,18491.0,18483.5,18489.9,13:20:00,18513.477652151465,4,50
2022-12-09,18492.3,18493.9,18484.45,18487.3,13:25:00,18511.460732898944,4,51
2022-12-09,18492.0,18499.0,18487.35,18493.1,13:30:00,18509.60732976572,4,52
2022-12-09,18488.95,18492.3,18485.25,18491.5,13:35:00,18507.63996502612,4,53
2022-12-09,18466.45,18489.65,18465.75,18488.6,13:40:00,18503.717111214108,4,54
2022-12-09,18469.7,18473.9,18459.3,18466.25,13:45:00,18500.477386336574,4,55
2022-12-09,18481.7,18486.05,18467.95,18470.0,13:50:00,18498.68906382833,4,56
2022-12-09,18470.75,18484.45,18470.05,18481.75,13:55:00,18496.028200606583,4,57
2022-12-09,18472.85,18479.2,18454.45,18471.55,14:00:00,18493.820752929765,4,58
2022-12-09,18462.85,18479.6,18462.3,18473.45,14:05:00,18490.871157412643,4,59
2022-12-09,18449.3,18462.9,18446.25,18462.7,14:10:00,18486.911999563818,4,60
2022-12-09,18416.25,18449.05,18415.1,18449.05,14:15:00,18480.182285319646,4,61
2022-12-09,18430.5,18433.45,18410.1,18415.95,14:20:00,18475.450639098726,4,62
2022-12-09,18436.75,18443.5,18423.3,18429.2,14:25:00,18471.764863946468,4,63
2022-12-09,18440.35,18444.8,18433.1,18436.35,14:30:00,18468.772972142044,4,64
2022-12-09,18435.8,18442.45,18423.8,18439.85,14:35:00,18465.632689080896,4,65
2022-12-09,18447.25,18452.55,18429.55,18435.65,14:40:00,18463.881956787474,4,66
2022-12-09,18461.65,18462.85,18446.75,18447.75,14:45:00,18463.66938947438,4,67
2022-12-09,18469.35,18470.05,18454.75,18461.6,14:50:00,18464.21040000063,4,68
2022-12-09,18463.8,18468.75,18454.5,18468.75,14:55:00,18464.171314286283,4,69
2022-12-09,18481.05,18492.05,18464.5,18464.5,15:00:00,18465.778808163777,4,70
2022-12-09,18497.15,18497.15,18475.0,18482.05,15:05:00,18468.76654071961,4,71
2022-12-09,18509.5,18510.95,18496.5,18498.6,15:10:00,18472.64591779393,4,72
2022-12-09,18503.05,18512.2,18501.45,18509.45,15:15:00,18475.5415446707,4,73
2022-12-09,18490.35,18507.15,18488.95,18503.35,15:20:00,18476.951873749684,4,74
2022-12-09,18493.25,18497.55,18486.15,18490.2,15:25:00,18478.50407624972,4,75
2022-12-12,18377.6,18420.25,18358.2,18415.0,09:15:00,18468.89416422593,0,1
2022-12-12,18354.65,18377.85,18349.45,18377.65,09:20:00,18458.013767632987,0,2
2022-12-12,18354.95,18358.15,18345.7,18354.0,09:25:00,18448.19817071556,0,3
2022-12-12,18413.15,18413.15,18354.55,18354.55,09:30:00,18444.86024969503,0,4
2022-12-12,18429.75,18439.8,18414.5,18414.5,09:35:00,18443.421178295503,0,5
2022-12-12,18467.35,18468.35,18428.9,18430.45,09:40:00,18445.70011369593,0,6
2022-12-12,18466.2,18475.75,18453.6,18468.65,09:45:00,18447.65248382013,0,7
2022-12-12,18477.95,18480.25,18459.05,18467.55,09:50:00,18450.537961551545,0,8
2022-12-12,18466.15,18492.95,18466.15,18478.65,09:55:00,18452.02482235616,0,9
2022-12-12,18492.8,18502.45,18463.8,18464.35,10:00:00,18455.90817260796,0,10
2022-12-12,18477.4,18500.8,18477.4,18493.4,10:05:00,18457.95501331196,0,11
2022-12-12,18477.95,18485.2,18473.15,18477.9,10:10:00,18459.85929775844,0,12
2022-12-12,18494.45,18506.35,18474.2,18478.65,10:15:00,18463.15365035287,0,13
2022-12-12,18491.2,18498.55,18484.2,18495.3,10:20:00,18465.824731271645,0,14
2022-12-12,18502.6,18503.25,18486.65,18491.45,10:25:00,18469.327137817203,0,15
2022-12-12,18495.5,18510.1,18491.9,18502.85,10:30:00,18471.819791358423,0,16
2022-12-12,18501.4,18503.3,18493.75,18495.25,10:35:00,18474.636954086192,0,17
2022-12-12,18506.2,18517.0,18500.9,18501.7,10:40:00,18477.64295845893,0,18
2022-12-12,18509.8,18512.75,18499.35,18506.0,10:45:00,18480.7055338438,0,19
2022-12-12,18516.35,18521.55,18505.0,18510.25,10:50:00,18484.10024490629,0,20
2022-12-12,18505.15,18517.65,18504.95,18516.1,10:55:00,18486.10498348665,0,21
2022-12-12,18503.8,18516.05,18500.25,18505.35,11:00:00,18487.79022315459,0,22
2022-12-12,18488.85,18506.65,18485.35,18503.7,11:05:00,18487.891154282723,0,23
2022-12-12,18512.55,18513.25,18488.25,18489.3,11:10:00,18490.239615779607,0,24
2022-12-12,18515.8,18516.9,18510.15,18513.1,11:15:00,18492.67393808631,0,25
2022-12-12,18503.95,18516.0,18502.7,18516.0,11:20:00,18493.74784874476,0,26
2022-12-12,18501.8,18505.65,18495.55,18504.5,11:25:00,18494.514720292875,0,27
2022-12-12,18491.7,18506.7,18491.7,18502.1,11:30:00,18494.24665169356,0,28
2022-12-12,18492.45,18499.15,18489.65,18491.45,11:35:00,18494.075542008453,0,29
2022-12-12,18487.35,18493.3,18486.1,18492.65,11:40:00,18493.435014198127,0,30
2022-12-12,18483.4,18492.7,18481.25,18487.3,11:45:00,18492.47929856021,0,31
2022-12-12,18484.1,18488.0,18478.85,18483.75,11:50:00,18491.681270125904,0,32
2022-12-12,18489.05,18489.95,18475.45,18484.4,11:55:00,18491.43067297105,0,33
2022-12-12,18481.75,18496.8,18481.15,18488.75,12:00:00,18490.50870411667,0,34
2022-12-12,18488.75,18493.15,18481.85,18481.85,12:05:00,18490.34120848651,0,35
2022-12-12,18487.5,18490.9,18484.45,18489.2,12:10:00,18490.07061720208,0,36
2022-12-12,18493.8,18496.1,18483.9,18486.95,12:15:00,18490.425796516167,0,37
2022-12-12,18504.1,18506.75,18492.8,18494.1,12:20:00,18491.728101609864,0,38
2022-12-12,18502.55,18511.15,18502.55,18504.6,12:25:00,18492.758758599404,0,39
2022-12-12,18491.85,18507.3,18485.3,18502.9,12:30:00,18492.672210161363,0,40
2022-12-12,18492.8,18493.2,18485.85,18491.05,12:35:00,18492.684380622188,0,41
2022-12-12,18494.9,18498.85,18492.0,18493.55,12:40:00,18492.895391991504,0,42
2022-12-12,18481.9,18502.6,18480.8,18495.1,12:45:00,18491.84821180184,0,43
2022-12-12,18488.9,18490.05,18476.35,18482.25,12:50:00,18491.56742972547,0,44
2022-12-12,18485.9,18490.1,18483.25,18489.1,12:55:00,18491.02767451352,0,45
2022-12-12,18487.7,18495.6,18484.85,18486.0,13:00:00,18490.71075313128,0,46
2022-12-12,18484.8,18486.9,18475.9,18486.9,13:05:00,18490.14782426164,0,47
2022-12-12,18481.2,18487.5,18479.6,18484.45,13:10:00,18489.295650522432,0,48
2022-12-12,18469.7,18481.85,18459.8,18481.5,13:15:00,18487.429398091725,0,49
2022-12-12,18466.55,18472.5,18463.7,18469.65,13:20:00,18485.44088398775,0,50
2022-12-12,18451.8,18466.0,18448.85,18466.0,13:25:00,18482.236990274632,0,51
2022-12-12,18446.0,18454.85,18442.6,18451.95,13:30:00,18478.78584834372,0,52
2022-12-12,18458.1,18460.65,18444.0,18446.2,13:35:00,18476.81576754908,0,53
2022-12-12,18452.4,18461.1,18451.55,18456.65,13:40:00,18474.490456353924,0,54
2022-12-12,18451.65,18460.65,18445.05,18452.65,13:45:00,18472.315174796408,0,55
2022-12-12,18446.1,18452.05,18442.5,18452.05,13:50:00,18469.818491482463,0,56
2022-12-12,18457.75,18460.2,18446.2,18446.2,13:55:00,18468.669111341274,0,57
2022-12-12,18458.45,18467.55,18457.95,18457.95,14:00:00,18467.695862642107,0,58
2022-12-12,18456.35,18459.45,18452.55,18458.8,14:05:00,18466.61530429524,0,59
2022-12-12,18457.8,18461.3,18453.35,18456.75,14:10:00,18465.77575150521,0,60
2022-12-12,18444.95,18462.35,18443.85,18458.55,14:15:00,18463.79234659996,0,61
2022-12-12,18431.0,18448.6,18427.9,18445.15,14:20:00,18460.669265971388,0,62
2022-12-12,18438.5,18439.0,18426.45,18430.5,14:25:00,18458.557907307444,0,63
2022-12-12,18441.75,18449.65,18437.45,18438.75,14:30:00,18456.957154230546,0,64
2022-12-12,18439.35,18442.75,18431.4,18441.9,14:35:00,18455.28028239906,0,65
2022-12-12,18439.65,18446.0,18434.95,18439.2,14:40:00,18453.791684075342,0,66
2022-12-12,18452.7,18459.55,18439.35,18439.8,14:45:00,18453.687714163407,0,67
2022-12-12,18450.35,18454.1,18440.3,18453.7,14:50:00,18453.369836624035,0,68
2022-12-12,18445.65,18450.75,18441.75,18450.0,14:55:00,18452.63461408841,0,69
2022-12-12,18489.8,18489.8,18446.6,18446.6,15:00:00,18456.174174651424,0,70
2022-12-12,18496.7,18508.05,18489.05,18490.7,15:05:00,18460.03377706557,0,71
2022-12-12,18497.2,18499.35,18491.65,18496.55,15:10:00,18463.573417345044,0,72
2022-12-12,18496.45,18510.3,18495.55,18497.05,15:15:00,18466.70452045504,0,73
2022-12-12,18498.6,18502.4,18494.25,18496.35,15:20:00,18469.742185173607,0,74
2022-12-12,18494.7,18506.3,18493.75,18498.2,15:25:00,18472.11911991897,0,75
2022-12-13,18536.15,18540.85,18514.9,18529.9,09:15:00,18478.217298974312,1,1
2022-12-13,18527.6,18536.75,18513.75,18535.9,09:20:00,18482.92041335771,1,2
2022-12-13,18533.95,18539.9,18521.85,18527.5,09:25:00,18487.78037399032,1,3
2022-12-13,18513.95,18538.2,18511.6,18534.05,09:30:00,18490.27271932457,1,4
2022-12-13,18507.65,18514.1,18490.2,18514.1,09:35:00,18491.92769843652,1,5
2022-12-13,18526.05,18528.4,18507.15,18507.55,09:40:00,18495.17744144256,1,6
2022-12-13,18524.15,18537.85,18522.8,18525.9,09:45:00,18497.936732733742,1,7
2022-12-13,18521.25,18529.25,18517.8,18524.75,09:50:00,18500.157043901963,1,8
2022-12-13,18508.2,18521.85,18505.95,18521.35,09:55:00,18500.923039720827,1,9
2022-12-13,18516.0,18516.9,18506.4,18508.9,10:00:00,18502.3589406998,1,10
2022-12-13,18523.9,18526.4,18511.95,18515.95,10:05:00,18504.41047015696,1,11
2022-12-13,18525.35,18529.75,18520.95,18524.15,10:10:00,18506.40471109439,1,12
2022-12-13,18528.65,18529.65,18522.15,18525.7,10:15:00,18508.523310037785,1,13
2022-12-13,18532.2,18533.65,18526.7,18529.0,10:20:00,18510.77823289133,1,14
2022-12-13,18534.9,18535.05,18527.0,18532.35,10:25:00,18513.07554404454,1,15
2022-12-13,18532.35,18536.45,18530.2,18534.75,10:30:00,18514.911206516488,1,16
2022-12-13,18524.9,18532.75,18523.95,18532.05,10:35:00,18515.862520181585,1,17
2022-12-13,18529.85,18530.95,18520.85,18523.85,10:40:00,18517.19466111667,1,18
2022-12-13,18535.25,18536.75,18528.8,18528.95,10:45:00,18518.9142172008,1,19
2022-12-13,18536.95,18538.4,18533.45,18535.5,10:50:00,18520.631910800726,1,20
2022-12-13,18543.35,18546.4,18535.55,18536.6,10:55:00,18522.795538343515,1,21
2022-12-13,18550.95,18553.6,18540.15,18543.25,11:00:00,18525.476915644133,1,22
2022-12-13,18553.4,18555.25,18547.5,18551.15,11:05:00,18528.13625701136,1,23
2022-12-13,18552.85,18558.25,18550.45,18553.55,11:10:00,18530.4899468198,1,24
2022-12-13,18562.5,18565.45,18551.95,18553.0,11:15:00,18533.53852331316,1,25
2022-12-13,18576.15,18581.6,18562.35,18562.35,11:20:00,18537.59675918809,1,26
2022-12-13,18574.65,18577.45,18572.05,18576.85,11:25:00,18541.12563926541,1,27
2022-12-13,18582.95,18587.85,18574.3,18575.85,11:30:00,18545.108911716325,1,28
2022-12-13,18576.6,18586.0,18575.65,18583.45,11:35:00,18548.10806298144,1,29
2022-12-13,18590.75,18592.7,18574.55,18576.35,11:40:00,18552.169199840348,1,30
2022-12-13,18586.55,18592.1,18581.55,18589.4,11:45:00,18555.44356176032,1,31
2022-12-13,18585.65,18588.35,18580.3,18586.5,11:50:00,18558.32036540219,1,32
2022-12-13,18583.9,18588.65,18581.75,18585.8,11:55:00,18560.75652107817,1,33
2022-12-13,18582.65,18588.95,18580.9,18584.35,12:00:00,18562.84161430882,1,34
2022-12-13,18580.35,18584.7,18576.8,18582.6,12:05:00,18564.509079612744,1,35
2022-12-13,18586.5,18586.7,18579.0,18581.1,12:10:00,18566.60345298296,1,36
2022-12-13,18581.85,18586.65,18578.85,18586.15,12:15:00,18568.05550507982,1,37
2022-12-13,18577.95,18582.3,18573.85,18582.3,12:20:00,18568.99783792936,1,38
2022-12-13,18574.15,18578.35,18572.15,18578.35,12:25:00,18569.48852003133,1,39
2022-12-13,18574.8,18577.4,18570.75,18574.55,12:30:00,18569.99437526644,1,40
2022-12-13,18580.8,18582.55,18574.15,18574.65,12:35:00,18571.02348238392,1,41
2022-12-13,18589.75,18595.2,18579.0,18581.1,12:40:00,18572.80696025212,1,42
2022-12-13,18580.7,18590.35,18578.85,18590.35,12:45:00,18573.558678323345,1,43
2022-12-13,18584.2,18584.2,18576.85,18581.65,12:50:00,18574.57213753065,1,44
2022-12-13,18588.6,18589.55,18581.0,18584.3,12:55:00,18575.908124432488,1,45
2022-12-13,18592.1,18593.4,18586.75,18589.25,13:00:00,18577.45020781987,1,46
2022-12-13,18602.45,18605.5,18589.8,18592.15,13:05:00,18579.831140408456,1,47
2022-12-13,18599.7,18608.9,18598.15,18602.9,13:10:00,18581.72341275051,1,48
2022-12-13,18599.05,18602.85,18595.2,18599.5,13:15:00,18583.37356391713,1,49
2022-12-13,18595.3,18599.7,18594.2,18599.1,13:20:00,18584.50941497264,1,50
2022-12-13,18593.75,18596.65,18590.15,18595.7,13:25:00,18585.38947068953,1,51
2022-12-13,18594.65,18599.8,18592.45,18594.0,13:30:00,18586.27142586196,1,52
2022-12-13,18591.1,18596.45,18590.3,18594.55,13:35:00,18586.73129006557,1,53
2022-12-13,18588.0,18591.4,18585.55,18591.4,13:40:00,18586.85211958314,1,54
2022-12-13,18586.55,18591.6,18583.85,18588.4,13:45:00,18586.82334628951,1,55
2022-12-13,18585.35,18588.95,18583.0,18586.5,13:50:00,18586.68302759527,1,56
2022-12-13,18593.5,18593.5,18578.5,18585.65,13:55:00,18587.332263062388,1,57
2022-12-13,18579.9,18596.9,18579.8,18594.05,14:00:00,18586.62442848501,1,58
2022-12-13,18575.45,18579.7,18570.1,18579.7,14:05:00,18585.560197200728,1,59
2022-12-13,18575.95,18581.35,18571.6,18575.65,14:10:00,18584.64494032447,1,60
2022-12-13,18576.35,18576.95,18570.05,18575.8,14:15:00,18583.85494600785,1,61
2022-12-13,18566.1,18578.75,18564.55,18576.85,14:20:00,18582.16399876901,1,62
2022-12-13,18575.75,18576.75,18563.1,18566.3,14:25:00,18581.55314174339,1,63
2022-12-13,18573.5,18580.75,18571.4,18575.2,14:30:00,18580.786175863068,1,64
2022-12-13,18576.45,18577.6,18567.65,18573.4,14:35:00,18580.373206733253,1,65
2022-12-13,18571.6,18577.35,18566.5,18576.9,14:40:00,18579.53766323485,1,66
2022-12-13,18584.9,18587.7,18572.25,18572.25,14:45:00,18580.048361974383,1,67
2022-12-13,18581.65,18590.45,18579.1,18585.45,14:50:00,18580.200898929208,1,68
2022-12-13,18582.55,18585.3,18579.1,18581.9,14:55:00,18580.42462284072,1,69
2022-12-13,18611.15,18617.25,18582.3,18583.05,15:00:00,18583.35084923684,1,70
2022-12-13,18610.05,18614.0,18606.6,18611.95,15:05:00,18585.8936255,1,71
2022-12-13,18605.85,18613.3,18605.1,18611.05,15:10:00,18587.79423259523,1,72
2022-12-13,18603.2,18605.8,18600.2,18605.8,15:15:00,18589.261448538546,1,73
2022-12-13,18611.25,18611.85,18602.95,18603.55,15:20:00,18591.355596296777,1,74
2022-12-13,18594.35,18612.05,18591.2,18611.5,15:25:00,18591.64077760185,1,75
2022-12-14,18654.3,18671.9,18651.65,18671.9,09:15:00,18603.00752996432,2,1
2022-12-14,18675.5,18680.3,18654.65,18654.65,09:20:00,18609.911574729624,2,2
2022-12-14,18674.6,18685.9,18674.35,18676.1,09:25:00,18616.072377136326,2,3
2022-12-14,18685.4,18690.25,18670.8,18674.75,09:30:00,18622.67500788525,2,4
2022-12-14,18691.2,18696.1,18683.65,18685.3,09:35:00,18629.20119761046,2,5
2022-12-14,18691.35,18694.9,18687.05,18692.45,09:40:00,18635.120131171367,2,6
2022-12-14,18685.65,18694.3,18682.4,18691.45,09:45:00,18639.932499631235,2,7
2022-12-14,18675.65,18690.7,18674.5,18685.55,09:50:00,18643.334166333025,2,8
2022-12-14,18669.3,18679.8,18667.0,18676.1,09:55:00,18645.80710287273,2,9
2022-12-14,18664.85,18669.0,18654.95,18668.8,10:00:00,18647.62071212295,2,10
2022-12-14,18659.4,18670.65,18658.8,18664.55,10:05:00,18648.74254906362,2,11
2022-12-14,18663.35,18664.7,18656.1,18659.7,10:10:00,18650.13373486709,2,12
2022-12-14,18661.5,18669.1,18657.55,18663.05,10:15:00,18651.216236308315,2,13
2022-12-14,18665.95,18667.3,18658.55,18661.65,10:20:00,18652.619451898,2,14
2022-12-14,18668.45,18669.75,18658.65,18665.45,10:25:00,18654.12712314581,2,15
2022-12-14,18672.9,18675.5,18666.4,18667.75,10:30:00,18655.915016179548,2,16
2022-12-14,18671.4,18675.65,18669.4,18672.8,10:35:00,18657.3897765434,2,17
2022-12-14,18666.85,18671.95,18664.0,18671.65,10:40:00,18658.29075020593,2,18
2022-12-14,18670.25,18670.8,18663.35,18666.35,10:45:00,18659.4297263768,2,19
2022-12-14,18672.85,18677.6,18670.1,18670.35,10:50:00,18660.707847674246,2,20
2022-12-14,18667.55,18674.8,18667.55,18672.7,10:55:00,18661.35948122908,2,21
2022-12-14,18674.05,18675.45,18665.2,18668.5,11:00:00,18662.568102064404,2,22
2022-12-14,18675.4,18676.7,18671.9,18673.55,11:05:00,18663.79018758208,2,23
2022-12-14,18679.75,18680.55,18674.65,18675.95,11:10:00,18665.31016971712,2,24
2022-12-14,18677.75,18684.9,18677.55,18679.5,11:15:00,18666.494915458345,2,25
2022-12-14,18682.65,18682.65,18676.0,18677.8,11:20:00,18668.033494938503,2,26
2022-12-14,18686.35,18686.9,18682.25,18682.25,11:25:00,18669.77792399198,2,27
2022-12-14,18684.3,18690.2,18684.2,18686.7,11:30:00,18671.160978849886,2,28
2022-12-14,18685.35,18688.9,18680.8,18683.8,11:35:00,18672.51231419752,2,29
2022-12-14,18683.6,18685.95,18682.2,18685.65,11:40:00,18673.56828427394,2,30
2022-12-14,18687.05,18687.7,18681.3,18684.25,11:45:00,18674.85225720024,2,31
2022-12-14,18682.5,18688.45,18681.8,18686.6,11:50:00,18675.580613657352,2,32
2022-12-14,18683.65,18685.35,18680.3,18683.45,11:55:00,18676.34912664237,2,33
2022-12-14,18682.85,18686.55,18680.85,18684.0,12:00:00,18676.96825743833,2,34
2022-12-14,18685.2,18686.6,18681.1,18682.55,12:05:00,18677.7522329204,2,35
2022-12-14,18687.45,18689.9,18684.9,18685.7,12:10:00,18678.67582978512,2,36
2022-12-14,18689.6,18692.3,18686.6,18687.4,12:15:00,18679.716226948443,2,37
2022-12-14,18681.15,18689.85,18680.35,18689.15,12:20:00,18679.85277676288,2,38
2022-12-14,18680.9,18684.75,18679.35,18680.55,12:25:00,18679.952512309275,2,39
2022-12-14,18672.15,18682.2,18671.75,18681.55,12:30:00,18679.20941589887,2,40
2022-12-14,18673.6,18675.1,18670.55,18672.5,12:35:00,18678.675185813263,2,41
2022-12-14,18677.45,18680.0,18672.75,18673.25,12:40:00,18678.55850145009,2,42
2022-12-14,18677.5,18682.3,18676.2,18677.25,12:45:00,18678.45769178818,2,43
2022-12-14,18676.6,18680.3,18674.3,18678.05,12:50:00,18678.28076876073,2,44
2022-12-14,18671.9,18677.05,18670.75,18676.3,12:55:00,18677.67307649781,2,45
2022-12-14,18678.7,18678.85,18669.45,18672.75,13:00:00,18677.77087873611,2,46
2022-12-14,18681.0,18682.75,18677.2,18679.8,13:05:00,18678.07841409458,2,47
2022-12-14,18679.55,18683.7,18677.25,18680.75,13:10:00,18678.2185651332,2,48
2022-12-14,18677.0,18681.55,18675.3,18678.1,13:15:00,18678.102511310983,2,49
2022-12-14,18676.55,18679.55,18674.55,18676.5,13:20:00,18677.95465309089,2,50
2022-12-14,18673.95,18678.75,18672.65,18676.9,13:25:00,18677.573257558422,2,51
2022-12-14,18669.65,18675.05,18668.35,18673.4,13:30:00,18676.818661600475,2,52
2022-12-14,18659.25,18671.0,18655.15,18670.45,13:35:00,18675.145455733764,2,53
2022-12-14,18661.75,18666.3,18658.6,18659.3,13:40:00,18673.86969804484,2,54
2022-12-14,18642.85,18662.6,18642.25,18661.6,13:45:00,18670.915441088186,2,55
2022-12-14,18643.15,18648.25,18638.55,18642.5,13:50:00,18668.2711133655,2,56
2022-12-14,18645.95,18650.4,18641.9,18643.45,13:55:00,18666.14529304497,2,57
2022-12-14,18649.9,18656.5,18645.6,18646.05,14:00:00,18664.59812227879,2,58
2022-12-14,18646.15,18651.05,18643.05,18650.3,14:05:00,18662.841158252235,2,59
2022-12-14,18634.4,18647.3,18632.9,18645.95,14:10:00,18660.13247651393,2,60
2022-12-14,18652.9,18653.45,18634.95,18634.95,14:15:00,18659.44366922689,2,61
2022-12-14,18652.05,18656.6,18650.05,18652.8,14:20:00,18658.739510252897,2,62
2022-12-14,18648.45,18655.9,18647.0,18651.95,14:25:00,18657.75955689548,2,63
2022-12-14,18646.45,18655.15,18646.45,18648.25,14:30:00,18656.682456238766,2,64
2022-12-14,18641.8,18652.65,18641.1,18646.3,14:35:00,18655.26507945412,2,65
2022-12-14,18644.75,18645.4,18639.2,18642.35,14:40:00,18654.26364331564,2,66
2022-12-14,18650.7,18654.15,18644.6,18644.6,14:45:00,18653.92424871415,2,67
2022-12-14,18661.75,18664.55,18648.15,18650.45,14:50:00,18654.66955836042,2,68
2022-12-14,18668.2,18670.2,18661.35,18661.5,14:55:00,18655.958171849903,2,69
2022-12-14,18668.3,18676.35,18660.95,18669.15,15:00:00,18657.133584054674,2,70
2022-12-14,18667.55,18668.95,18663.45,18668.95,15:05:00,18658.125623668515,2,71
2022-12-14,18667.1,18669.8,18664.4,18667.1,15:10:00,18658.980326176275,2,72
2022-12-14,18659.55,18671.35,18658.25,18667.0,15:15:00,18659.03458082615,2,73
2022-12-14,18642.25,18660.5,18640.2,18659.2,15:20:00,18657.4360493189,2,74
2022-12-14,18643.0,18649.9,18641.7,18642.6,15:25:00,18656.061187479005,2,75
2022-12-15,18630.95,18652.9,18608.35,18618.6,09:15:00,18653.66964581433,3,1
2022-12-15,18634.65,18645.8,18628.2,18631.6,09:20:00,18651.85825097488,3,2
2022-12-15,18610.6,18639.6,18610.4,18634.4,09:25:00,18647.92889373917,3,3
2022-12-15,18579.65,18612.9,18579.3,18612.2,09:30:00,18641.42614195449,3,4
2022-12-15,18588.25,18589.2,18569.25,18580.35,09:35:00,18636.36174748263,3,5
2022-12-15,18587.2,18589.05,18579.45,18588.5,09:40:00,18631.67967629381,3,6
2022-12-15,18575.4,18589.15,18575.3,18586.65,09:45:00,18626.31970712297,3,7
2022-12-15,18579.65,18586.1,18575.9,18575.9,09:50:00,18621.87497311126,3,8
2022-12-15,18576.15,18586.35,18576.15,18579.25,09:55:00,18617.52021376733,3,9
2022-12-15,18576.0,18582.45,18573.05,18576.45,10:00:00,18613.56590769425,3,10
2022-12-15,18577.6,18580.05,18574.95,18576.05,10:05:00,18610.140583151944,3,11
2022-12-15,18565.1,18578.25,18558.9,18577.65,10:10:00,18605.85100380414,3,12
2022-12-15,18578.45,18580.95,18561.0,18565.05,10:15:00,18603.24138439422,3,13
2022-12-15,18586.55,18588.65,18578.25,18578.5,10:20:00,18601.65172873763,3,14
2022-12-15,18589.5,18593.7,18586.4,18586.7,10:25:00,18600.49442123881,3,15
2022-12-15,18583.2,18590.5,18581.35,18589.0,10:30:00,18598.84733350178,3,16
2022-12-15,18582.3,18588.5,18582.2,18583.45,10:35:00,18597.2713969778,3,17
2022-12-15,18579.1,18584.4,18578.45,18582.35,10:40:00,18595.540787741826,3,18
2022-12-15,18580.8,18584.05,18577.95,18578.7,10:45:00,18594.13690319498,3,19
2022-12-15,18570.95,18583.0,18569.7,18580.3,10:50:00,18591.92862670022,3,20
2022-12-15,18570.65,18573.6,18568.8,18570.7,10:55:00,18589.902090824013,3,21
2022-12-15,18570.95,18573.0,18566.95,18570.35,11:00:00,18588.09712979316,3,22
2022-12-15,18575.2,18579.25,18570.8,18570.8,11:05:00,18586.868831717617,3,23
2022-12-15,18578.8,18584.7,18568.35,18576.6,11:10:00,18586.10037155404,3,24
2022-12-15,18572.0,18580.65,18570.95,18579.45,11:15:00,18584.75747902508,3,25
2022-12-15,18570.4,18575.2,18570.15,18572.15,11:20:00,18583.390100070308,3,26
2022-12-15,18568.9,18573.0,18567.9,18570.55,11:25:00,18582.010090539803,3,27
2022-12-15,18567.85,18572.4,18565.15,18569.1,11:30:00,18580.6615104884,3,28
2022-12-15,18569.55,18575.55,18567.85,18568.3,11:35:00,18579.60327139426,3,29
2022-12-15,18570.25,18571.85,18564.4,18569.05,11:40:00,18578.712483642423,3,30
2022-12-15,18565.2,18570.35,18561.75,18570.0,11:45:00,18577.42558043838,3,31
2022-12-15,18557.8,18566.0,18555.0,18565.15,11:50:00,18575.55647753949,3,32
2022-12-15,18552.65,18558.85,18548.95,18557.55,11:55:00,18573.37490825001,3,33
2022-12-15,18545.3,18554.15,18544.75,18552.5,12:00:00,18570.70110746429,3,34
2022-12-15,18546.1,18554.45,18543.25,18545.05,12:05:00,18568.35814484865,3,35
2022-12-15,18548.15,18550.5,18539.8,18545.7,12:10:00,18566.43355962497,3,36
2022-12-15,18547.55,18553.85,18546.5,18548.6,12:15:00,18564.63512537497,3,37
2022-12-15,18549.55,18552.3,18543.6,18548.1,12:20:00,18563.19844676784,3,38
2022-12-15,18541.0,18551.55,18540.6,18548.6,12:25:00,18561.084308980426,3,39
2022-12-15,18524.8,18541.8,18520.8,18541.25,12:30:00,18557.628660506096,3,40
2022-12-15,18527.4,18530.3,18522.55,18523.65,12:35:00,18554.749740457897,3,41
2022-12-15,18526.95,18529.0,18524.0,18527.35,12:40:00,18552.10214612857,3,42
2022-12-15,18527.65,18535.0,18521.1,18526.55,12:45:00,18549.773370306804,3,43
2022-12-15,18520.9,18528.45,18520.25,18527.75,12:50:00,18547.02352551568,3,44
2022-12-15,18521.55,18521.85,18515.35,18520.65,12:55:00,18544.59747546657,3,45
2022-12-15,18532.2,18533.45,18520.6,18521.9,13:00:00,18543.416763517373,3,46
2022-12-15,18535.1,18538.45,18531.05,18532.65,13:05:00,18542.62469080144,3,47
2022-12-15,18521.8,18535.1,18520.85,18534.6,13:10:00,18540.641386915584,3,48
2022-12-15,18521.05,18524.75,18518.7,18521.45,13:15:00,18538.775540542672,3,49
2022-12-15,18517.55,18521.8,18509.75,18519.8,13:20:00,18536.75406049099,3,50
2022-12-15,18516.0,18518.6,18513.55,18517.7,13:25:00,18534.77748330137,3,51
2022-12-15,18524.7,18524.9,18515.2,18515.9,13:30:00,18533.817722986954,3,52
2022-12-15,18526.65,18527.45,18523.25,18524.85,13:35:00,18533.135082702483,3,53
2022-12-15,18518.75,18527.55,18515.7,18526.85,13:40:00,18531.765074826057,3,54
2022-12-15,18512.9,18524.85,18507.95,18519.0,13:45:00,18529.9684010331,3,55
2022-12-15,18500.5,18513.45,18497.15,18513.05,13:50:00,18527.161886648995,3,56
2022-12-15,18504.75,18510.35,18499.1,18500.75,13:55:00,18525.02742125385,3,57
2022-12-15,18509.5,18510.25,18504.05,18505.25,14:00:00,18523.54861922968,3,58
2022-12-15,18506.3,18510.2,18502.4,18509.45,14:05:00,18521.90589358875,3,59
2022-12-15,18521.0,18522.05,18500.15,18506.25,14:10:00,18521.81961800887,3,60
2022-12-15,18525.6,18527.5,18514.65,18521.25,14:15:00,18522.179654388976,3,61
2022-12-15,18520.9,18526.45,18518.8,18525.15,14:20:00,18522.057782542408,3,62
2022-12-15,18496.9,18521.35,18496.45,18520.65,14:25:00,18519.661803252653,3,63
2022-12-15,18475.3,18497.35,18474.25,18496.25,14:30:00,18515.436869609544,3,64
2022-12-15,18468.5,18479.55,18458.75,18475.55,14:35:00,18510.966691551494,3,65
2022-12-15,18431.5,18468.8,18431.5,18468.6,14:40:00,18503.39843521325,3,66
2022-12-15,18436.95,18448.35,18426.85,18429.15,14:45:00,18497.070012812,3,67
2022-12-15,18424.3,18438.25,18409.25,18437.7,14:50:00,18490.13953540133,3,68
2022-12-15,18435.3,18444.65,18416.85,18425.85,14:55:00,18484.916722505965,3,69
2022-12-15,18436.75,18451.7,18433.2,18437.65,15:00:00,18480.32941560064,3,70
2022-12-15,18433.0,18443.15,18430.7,18437.65,15:05:00,18475.8218522101,3,71
2022-12-15,18406.8,18436.15,18406.05,18433.75,15:10:00,18469.248342475807,3,72
2022-12-15,18413.2,18415.65,18400.3,18407.0,15:15:00,18463.91040509716,3,73
2022-12-15,18388.8,18415.05,18387.7,18413.4,15:20:00,18456.757033183145,3,74
2022-12-15,18399.75,18399.75,18388.65,18388.75,15:25:00,18451.327791927604,3,75
2022-12-16,18355.7,18358.25,18299.55,18331.2,09:15:00,18442.2203831726,4,1
2022-12-16,18397.25,18399.7,18352.9,18355.9,09:20:00,18437.93748953711,4,2
2022-12-16,18404.6,18426.6,18394.2,18397.7,09:25:00,18434.762490533576,4,3
2022-12-16,18438.0,18438.7,18404.8,18404.8,09:30:00,18435.070824768474,4,4
2022-12-16,18396.85,18440.95,18396.85,18439.3,09:35:00,18431.43074621909,4,5
2022-12-16,18382.5,18399.95,18382.45,18397.1,09:40:00,18426.77067515061,4,6
2022-12-16,18376.35,18382.65,18356.65,18381.85,09:45:00,18421.968706088646,4,7
2022-12-16,18368.4,18383.65,18368.0,18376.1,09:50:00,18416.866924556394,4,8
2022-12-16,18379.25,18382.15,18364.45,18368.25,09:55:00,18413.28436031293,4,9
2022-12-16,18366.9,18389.55,18366.0,18379.45,10:00:00,18408.866802187888,4,10
2022-12-16,18345.85,18372.4,18345.85,18367.2,10:05:00,18402.86520197952,4,11
2022-12-16,18331.5,18346.8,18330.65,18345.1,10:10:00,18396.068516076703,4,12
2022-12-16,18329.65,18343.95,18328.35,18331.55,10:15:00,18389.74294311702,4,13
2022-12-16,18321.8,18329.1,18314.6,18329.1,10:20:00,18383.272186629685,4,14
2022-12-16,18320.5,18335.6,18319.7,18322.25,10:25:00,18377.293883141145,4,15
2022-12-16,18336.4,18336.4,18319.9,18320.4,10:30:00,18373.39922760389,4,16
2022-12-16,18319.9,18341.2,18318.2,18336.2,10:35:00,18368.304063070187,4,17
2022-12-16,18303.2,18322.75,18302.85,18319.95,10:40:00,18362.103676111125,4,18
2022-12-16,18283.45,18310.45,18281.6,18302.3,10:45:00,18354.61284981483,4,19
2022-12-16,18280.6,18290.65,18276.3,18283.4,10:50:00,18347.56400697532,4,20
2022-12-16,18287.35,18292.6,18277.95,18279.45,10:55:00,18341.82933964434,4,21
2022-12-16,18279.6,18289.95,18270.95,18287.2,11:00:00,18335.90273586869,4,22
2022-12-16,18281.1,18285.75,18275.7,18280.1,11:05:00,18330.68342769072,4,23
2022-12-16,18314.55,18318.3,18276.3,18281.5,11:10:00,18329.146910767795,4,24
2022-12-16,18318.05,18326.45,18310.75,18314.1,11:15:00,18328.090062123243,4,25
2022-12-16,18324.95,18330.6,18318.25,18318.4,11:20:00,18327.791008587697,4,26
2022-12-16,18334.85,18338.75,18324.65,18325.05,11:25:00,18328.46329348411,4,27
2022-12-16,18327.2,18343.8,18325.45,18335.05,11:30:00,18328.34297981896,4,28
2022-12-16,18318.6,18328.05,18310.5,18327.1,11:35:00,18327.41507697905,4,29
2022-12-16,18330.3,18335.45,18317.9,18319.15,11:40:00,18327.68983155248,4,30
2022-12-16,18326.3,18331.75,18320.7,18331.35,11:45:00,18327.55746664272,4,31
2022-12-16,18320.85,18327.95,18317.25,18325.85,11:50:00,18326.91866029579,4,32
2022-12-16,18309.85,18320.8,18304.8,18320.3,11:55:00,18325.29307360095,4,33
2022-12-16,18309.85,18311.4,18301.1,18309.7,12:00:00,18323.82230468657,4,34
2022-12-16,18326.6,18332.7,18310.3,18310.3,12:05:00,18324.08684709738,4,35
2022-12-16,18328.5,18329.35,18318.65,18326.55,12:10:00,18324.50714737382,4,36
2022-12-16,18337.4,18341.35,18328.4,18328.4,12:15:00,18325.735038100123,4,37
2022-12-16,18365.8,18367.4,18337.75,18337.75,12:20:00,18329.55074875725,4,38
2022-12-16,18375.55,18375.55,18357.55,18365.9,12:25:00,18333.931629827992,4,39
2022-12-16,18369.9,18384.85,18366.05,18375.4,12:30:00,18337.357188892,4,40
2022-12-16,18388.55,18390.1,18359.25,18369.45,12:35:00,18342.232694711805,4,41
2022-12-16,18401.8,18410.8,18387.7,18387.7,12:40:00,18347.90577140592,4,42
2022-12-16,18396.55,18410.1,18393.85,18401.15,12:45:00,18352.538555081544,4,43
2022-12-16,18396.85,18399.05,18384.6,18396.05,12:50:00,18356.758692692823,4,44
2022-12-16,18384.3,18398.25,18383.6,18396.1,12:55:00,18359.381674341123,4,45
2022-12-16,18390.3,18409.3,18384.05,18384.05,13:00:00,18362.326276784825,4,46
2022-12-16,18380.05,18402.35,18378.1,18389.75,13:05:00,18364.014250424367,4,47
2022-12-16,18376.45,18389.75,18373.65,18380.2,13:10:00,18365.19860752681,4,48
2022-12-16,18378.7,18383.75,18369.15,18375.8,13:15:00,18366.484454429017,4,49
2022-12-16,18375.35,18384.0,18371.8,18380.25,13:20:00,18367.32879210244,4,50
2022-12-16,18361.8,18376.95,18361.55,18376.15,13:25:00,18366.80224047364,4,51
2022-12-16,18374.6,18384.25,18362.2,18362.2,13:30:00,18367.544884238054,4,52
2022-12-16,18362.4,18378.8,18358.15,18375.0,13:35:00,18367.054895263,4,53
2022-12-16,18343.85,18366.2,18343.3,18363.85,13:40:00,18364.844905237955,4,54
2022-12-16,18334.2,18344.45,18334.0,18344.2,13:45:00,18361.92634283434,4,55
2022-12-16,18319.25,18341.35,18319.25,18334.55,13:50:00,18357.861929231072,4,56
2022-12-16,18319.85,18326.6,18314.75,18319.45,13:55:00,18354.24174549478,4,57
2022-12-16,18310.25,18325.05,18309.95,18320.15,14:00:00,18350.052055447657,4,58
2022-12-16,18351.55,18351.6,18309.8,18310.65,14:05:00,18350.1947168336,4,59
2022-12-16,18328.35,18356.05,18328.35,18351.85,14:10:00,18348.114267611345,4,60
2022-12-16,18313.0,18328.3,18312.6,18328.3,14:15:00,18344.77005164836,4,61
2022-12-16,18283.7,18313.75,18283.55,18313.6,14:20:00,18338.95385625328,4,62
2022-12-16,18289.45,18295.6,18283.2,18283.85,14:25:00,18334.23920327677,4,63
2022-12-16,18285.8,18301.45,18281.2,18290.5,14:30:00,18329.62594582184,4,64
2022-12-16,18288.6,18296.1,18283.8,18286.5,14:35:00,18325.718712886428,4,65
2022-12-16,18296.05,18298.1,18281.65,18288.7,14:40:00,18322.89312118296,4,66
2022-12-16,18290.15,18308.05,18286.4,18296.7,14:45:00,18319.774728689343,4,67
2022-12-16,18271.7,18290.75,18267.95,18290.75,14:50:00,18315.196183099888,4,68
2022-12-16,18275.85,18288.8,18265.55,18272.3,14:55:00,18311.44892756657,4,69
2022-12-16,18272.95,18313.9,18270.4,18276.95,15:00:00,18307.78236303641,4,70
2022-12-16,18262.55,18273.75,18257.5,18273.2,15:05:00,18303.474518937703,4,71
2022-12-16,18260.35,18268.9,18256.9,18262.8,15:10:00,18299.36742189602,4,72
2022-12-16,18273.95,18275.25,18255.6,18261.15,15:15:00,18296.946715048776,4,73
2022-12-16,18261.6,18278.3,18260.45,18274.45,15:20:00,18293.580361234606,4,74
2022-12-16,18270.1,18277.15,18255.15,18261.45,15:25:00,18291.34413635512,4,75
2022-12-19,18268.3,18306.85,18244.55,18288.25,09:15:00,18289.149456702253,0,1
2022-12-19,18281.05,18284.5,18259.3,18270.7,09:20:00,18288.378079873462,0,2
2022-12-19,18280.05,18292.7,18266.05,18281.6,09:25:00,18287.584929409328,0,3
2022-12-19,18302.5,18302.8,18266.85,18279.45,09:30:00,18289.005412322724,0,4
2022-12-19,18305.15,18313.05,18297.75,18301.95,09:35:00,18290.54299210151,0,5
2022-12-19,18298.65,18312.3,18295.1,18303.9,09:40:00,18291.315088091844,0,6
2022-12-19,18295.4,18322.15,18295.15,18298.9,09:45:00,18291.704127321194,0,7
2022-12-19,18297.15,18305.25,18281.5,18294.1,09:50:00,18292.22278186203,0,8
2022-12-19,18312.8,18318.1,18297.9,18297.95,09:55:00,18294.18251692279,0,9
2022-12-19,18337.45,18340.05,18312.45,18312.45,10:00:00,18298.30322959681,0,10
2022-12-19,18334.05,18346.85,18332.55,18337.6,10:05:00,18301.70768392092,0,11
2022-12-19,18333.55,18341.35,18326.5,18333.55,10:10:00,18304.740285452262,0,12
2022-12-19,18347.35,18352.15,18331.2,18333.75,10:15:00,18308.798353504422,0,13
2022-12-19,18344.15,18354.1,18341.75,18347.45,10:20:00,18312.1651769802,0,14
2022-12-19,18345.65,18350.15,18337.15,18344.55,10:25:00,18315.354207743985,0,15
2022-12-19,18342.8,18351.1,18342.35,18345.1,10:30:00,18317.96809272075,0,16
2022-12-19,18337.3,18345.5,18336.55,18342.5,10:35:00,18319.809226747344,0,17
2022-12-19,18350.6,18353.3,18332.4,18337.0,10:40:00,18322.741681342835,0,18
2022-12-19,18351.7,18358.85,18348.35,18350.55,10:45:00,18325.49961645304,0,19
2022-12-19,18339.75,18354.45,18337.75,18351.2,10:50:00,18326.85679583847,0,20
2022-12-19,18326.55,18341.2,18325.45,18338.95,10:55:00,18326.827577187185,0,21
2022-12-19,18327.55,18338.1,18322.95,18326.1,11:00:00,18326.89637935984,0,22
2022-12-19,18343.7,18343.9,18327.35,18327.4,11:05:00,18328.496724182707,0,23
2022-12-19,18339.45,18344.95,18335.85,18343.8,11:10:00,18329.539893308163,0,24
2022-12-19,18347.35,18347.7,18336.5,18340.0,11:15:00,18331.23609394548,0,25
2022-12-19,18351.3,18354.4,18346.3,18346.65,11:20:00,18333.14694214115,0,26
2022-12-19,18348.65,18353.5,18342.25,18352.05,11:25:00,18334.623423842,0,27
2022-12-19,18352.6,18353.9,18345.9,18348.55,11:30:00,18336.335478714183,0,28
2022-12-19,18367.9,18369.3,18351.65,18352.7,11:35:00,18339.341623598542,0,29
2022-12-19,18368.3,18372.15,18362.85,18368.1,11:40:00,18342.099564208205,0,30
2022-12-19,18365.0,18370.15,18364.15,18369.05,11:45:00,18344.28055809313,0,31
2022-12-19,18365.95,18371.55,18361.1,18364.05,11:50:00,18346.344314465223,0,32
2022-12-19,18365.95,18368.9,18363.6,18366.6,11:55:00,18348.2115226114,0,33
2022-12-19,18358.8,18368.7,18356.8,18365.4,12:00:00,18349.21994902936,0,34
2022-12-19,18356.0,18363.95,18354.45,18357.6,12:05:00,18349.86566816942,0,35
2022-12-19,18375.15,18375.95,18353.4,18355.1,12:10:00,18352.273699772333,0,36
2022-12-19,18376.05,18383.65,18374.85,18375.4,12:15:00,18354.538109317826,0,37
2022-12-19,18375.35,18379.5,18370.0,18375.3,12:20:00,18356.520194144698,0,38
2022-12-19,18381.45,18383.4,18370.85,18375.95,12:25:00,18358.89446136901,0,39
2022-12-19,18363.75,18383.25,18361.7,18380.6,12:30:00,18359.356893619584,0,40
2022-12-19,18365.75,18365.75,18354.15,18362.55,12:35:00,18359.96576089391,0,41
2022-12-19,18355.65,18365.7,18353.45,18365.65,12:40:00,18359.55473604687,0,42
2022-12-19,18344.85,18354.45,18339.85,18354.4,12:45:00,18358.154284994784,0,43
2022-12-19,18348.2,18350.6,18338.5,18343.45,12:50:00,18357.206257852424,0,44
2022-12-19,18342.45,18351.7,18339.35,18347.4,12:55:00,18355.80089996172,0,45
2022-12-19,18331.35,18341.7,18329.2,18341.7,13:00:00,18353.472242822507,0,46
2022-12-19,18329.05,18333.85,18323.25,18330.1,13:05:00,18351.14631493465,0,47
2022-12-19,18333.0,18338.6,18322.05,18328.85,13:10:00,18349.418094464683,0,48
2022-12-19,18343.3,18343.3,18327.55,18331.6,13:15:00,18348.83541880138,0,49
2022-12-19,18347.45,18349.3,18341.25,18342.0,13:20:00,18348.703474153623,0,50
2022-12-19,18350.45,18351.6,18342.15,18347.6,13:25:00,18348.86980994852,0,51
2022-12-19,18349.4,18359.95,18348.75,18350.0,13:30:00,18348.92030423913,0,52
2022-12-19,18354.75,18356.25,18348.95,18349.6,13:35:00,18349.47551335921,0,53
2022-12-19,18366.1,18366.1,18353.35,18354.45,13:40:00,18351.0587978012,0,54
2022-12-19,18365.65,18368.8,18360.6,18366.65,13:45:00,18352.44843610584,0,55
2022-12-19,18374.5,18375.65,18365.6,18365.6,13:50:00,18354.548585048145,0,56
2022-12-19,18369.25,18375.35,18365.9,18374.55,13:55:00,18355.948719805467,0,57
2022-12-19,18357.0,18370.85,18353.75,18369.2,14:00:00,18356.04884172876,0,58
2022-12-19,18365.6,18372.8,18356.45,18357.8,14:05:00,18356.958475849824,0,59
2022-12-19,18366.95,18369.65,18363.25,18365.75,14:10:00,18357.91004957841,0,60
2022-12-19,18366.15,18374.85,18359.7,18366.6,14:15:00,18358.69480676142,0,61
2022-12-19,18363.85,18366.25,18355.7,18366.25,14:20:00,18359.18577754605,0,62
2022-12-19,18363.6,18365.45,18352.25,18364.5,14:25:00,18359.60617968452,0,63
2022-12-19,18366.3,18372.3,18361.3,18362.75,14:30:00,18360.24368638124,0,64
2022-12-19,18393.5,18393.6,18363.75,18366.05,14:35:00,18363.410954344923,0,65
2022-12-19,18392.05,18400.9,18386.9,18393.4,14:40:00,18366.13848250255,0,66
2022-12-19,18389.75,18398.3,18385.15,18391.75,14:45:00,18368.38719845469,0,67
2022-12-19,18395.15,18395.7,18384.7,18389.15,14:50:00,18370.9360366971,0,68
2022-12-19,18407.6,18411.3,18393.25,18394.55,14:55:00,18374.42784272595,0,69
2022-12-19,18409.5,18426.05,18404.95,18407.3,15:00:00,18377.76804818062,0,70
2022-12-19,18419.45,18422.3,18405.85,18409.05,15:05:00,18381.737757877705,0,71
2022-12-19,18418.7,18423.6,18414.2,18419.65,15:10:00,18385.257971413164,0,72
2022-12-19,18422.6,18425.8,18416.6,18418.65,15:15:00,18388.8143550881,0,73
2022-12-19,18428.9,18431.5,18421.25,18422.15,15:20:00,18392.6320355559,0,74
2022-12-19,18426.2,18431.65,18421.85,18429.65,15:25:00,18395.82898455058,0,75
2022-12-20,18324.4,18355.2,18310.0,18355.2,09:15:00,18389.02622411719,1,1
2022-12-20,18311.45,18333.85,18304.3,18324.0,09:20:00,18381.638012296506,1,2
2022-12-20,18295.1,18310.9,18292.1,18310.85,09:25:00,18373.39629683969,1,3
2022-12-20,18258.1,18295.4,18257.2,18295.4,09:30:00,18362.41569714068,1,4
2022-12-20,18238.05,18257.3,18213.55,18256.95,09:35:00,18350.57134503204,1,5
2022-12-20,18255.9,18256.3,18230.35,18238.25,09:40:00,18341.55502645756,1,6
2022-12-20,18251.6,18264.45,18240.55,18255.65,09:45:00,18332.98788108065,1,7
2022-12-20,18245.5,18253.05,18239.25,18250.95,09:50:00,18324.655701930114,1,8
2022-12-20,18218.2,18247.65,18216.7,18244.65,09:55:00,18314.517063651056,1,9
2022-12-20,18233.15,18235.0,18210.3,18216.9,10:00:00,18306.767819493813,1,10
2022-12-20,18243.15,18250.8,18232.2,18233.4,10:05:00,18300.70897954202,1,11
2022-12-20,18232.6,18249.05,18230.85,18241.65,10:10:00,18294.22241006183,1,12
2022-12-20,18223.9,18237.8,18220.75,18231.2,10:15:00,18287.525037674983,1,13
2022-12-20,18235.25,18238.4,18217.35,18224.0,10:20:00,18282.546462658323,1,14
2022-12-20,18225.2,18240.7,18222.55,18236.2,10:25:00,18277.0848947861,1,15
2022-12-20,18232.1,18234.25,18223.6,18225.25,10:30:00,18272.800619092188,1,16
2022-12-20,18233.0,18236.0,18229.5,18231.85,10:35:00,18269.01008394056,1,17
2022-12-20,18234.9,18239.1,18224.35,18233.6,10:40:00,18265.761504517646,1,18
2022-12-20,18240.9,18241.3,18224.2,18235.45,10:45:00,18263.39374218264,1,19
2022-12-20,18237.85,18243.9,18231.4,18240.4,10:50:00,18260.96100483191,1,20
2022-12-20,18228.4,18238.8,18225.5,18238.05,10:55:00,18257.85995675268,1,21
2022-12-20,18213.65,18228.75,18211.7,18227.75,11:00:00,18253.649484681,1,22
2022-12-20,18217.9,18218.4,18202.65,18213.75,11:05:00,18250.244771854235,1,23
2022-12-20,18228.15,18236.75,18215.3,18217.4,11:10:00,18248.14050786812,1,24
2022-12-20,18231.45,18234.05,18224.25,18228.2,11:15:00,18246.5509356902,1,25
2022-12-20,18228.35,18233.7,18220.65,18233.7,11:20:00,18244.81751324352,1,26
2022-12-20,18222.15,18229.6,18220.05,18228.0,11:25:00,18242.65870245842,1,27
2022-12-20,18220.8,18226.65,18216.6,18222.3,11:30:00,18240.576921271902,1,28
2022-12-20,18215.45,18223.1,18214.75,18220.6,11:35:00,18238.18388115077,1,29
2022-12-20,18210.0,18219.45,18209.95,18215.4,11:40:00,18235.499701993554,1,30
2022-12-20,18205.75,18214.35,18204.95,18211.05,11:45:00,18232.666397041787,1,31
2022-12-20,18217.9,18217.95,18204.45,18205.55,11:50:00,18231.260073514,1,32
2022-12-20,18216.8,18223.35,18212.4,18218.45,11:55:00,18229.88292365552,1,33
2022-12-20,18221.85,18225.2,18216.5,18216.9,12:00:00,18229.11788330738,1,34
2022-12-20,18244.6,18247.05,18221.6,18221.6,12:05:00,18230.59237061144,1,35
2022-12-20,18245.45,18246.5,18238.75,18244.3,12:10:00,18232.00738293416,1,36
2022-12-20,18245.85,18248.6,18240.45,18245.35,12:15:00,18233.32572741662,1,37
2022-12-20,18265.3,18266.5,18245.95,18245.95,12:20:00,18236.37089623409,1,38
2022-12-20,18262.0,18270.8,18261.1,18265.8,12:25:00,18238.81176325941,1,39
2022-12-20,18270.5,18274.3,18261.35,18262.05,12:30:00,18241.82969056804,1,40
2022-12-20,18272.65,18276.65,18263.15,18269.8,12:35:00,18244.76495813299,1,41
2022-12-20,18275.95,18281.35,18271.55,18272.3,12:40:00,18247.734962120325,1,42
2022-12-20,18263.65,18279.15,18262.35,18276.0,12:45:00,18249.25068001363,1,43
2022-12-20,18255.55,18266.5,18252.7,18263.5,12:50:00,18249.850615250423,1,44
2022-12-20,18261.8,18261.8,18254.95,18255.15,12:55:00,18250.98865189324,1,45
2022-12-20,18284.3,18287.4,18261.55,18261.55,13:00:00,18254.16116123673,1,46
2022-12-20,18272.3,18291.9,18272.3,18285.25,13:05:00,18255.888669690383,1,47
2022-12-20,18261.0,18274.65,18261.0,18273.15,13:10:00,18256.37546305321,1,48
2022-12-20,18260.4,18266.55,18253.05,18260.55,13:15:00,18256.75875228624,1,49
2022-12-20,18270.95,18274.05,18259.3,18260.3,13:20:00,18258.110299687545,1,50
2022-12-20,18262.45,18273.25,18261.1,18269.85,13:25:00,18258.523604479207,1,51
2022-12-20,18255.45,18269.7,18254.65,18261.85,13:30:00,18258.230880243093,1,52
2022-12-20,18262.25,18265.3,18247.35,18255.4,13:35:00,18258.613653553275,1,53
2022-12-20,18275.7,18277.4,18260.85,18261.95,13:40:00,18260.24092464344,1,54
2022-12-20,18277.35,18284.05,18274.55,18274.85,13:45:00,18261.870360391684,1,55
2022-12-20,18264.05,18277.7,18262.1,18277.1,13:50:00,18262.077945116285,1,56
2022-12-20,18279.55,18280.3,18263.4,18263.4,13:55:00,18263.74195034331,1,57
2022-12-20,18285.95,18286.0,18278.3,18279.65,14:00:00,18265.85700269157,1,58
2022-12-20,18297.5,18297.5,18281.05,18285.7,14:05:00,18268.870621482845,1,59
2022-12-20,18298.85,18309.55,18298.45,18299.65,14:10:00,18271.72580038924,1,60
2022-12-20,18312.6,18317.8,18292.65,18299.0,14:15:00,18275.618581304552,1,61
2022-12-20,18326.9,18333.85,18311.1,18312.9,14:20:00,18280.50252594221,1,62
2022-12-20,18328.6,18330.35,18320.35,18327.3,14:25:00,18285.08323775724,1,63
2022-12-20,18326.0,18339.75,18319.05,18328.95,14:30:00,18288.98007225655,1,64
2022-12-20,18331.6,18333.05,18322.65,18325.9,14:35:00,18293.03911299401,1,65
2022-12-20,18331.7,18344.4,18331.0,18331.4,14:40:00,18296.72110223268,1,66
2022-12-20,18318.65,18338.35,18313.15,18331.45,14:45:00,18298.80956868672,1,67
2022-12-20,18333.9,18335.65,18318.3,18319.6,14:50:00,18302.15151452607,1,68
2022-12-20,18336.9,18341.7,18331.2,18333.6,14:55:00,18305.46089409502,1,69
2022-12-20,18368.55,18376.35,18335.05,18335.05,15:00:00,18311.469380371687,1,70
2022-12-20,18390.65,18390.9,18369.25,18369.25,15:05:00,18319.01039176486,1,71
2022-12-20,18399.6,18404.9,18390.9,18391.65,15:10:00,18326.68559254916,1,72
2022-12-20,18386.15,18401.75,18381.55,18399.5,15:15:00,18332.34886944924,1,73
2022-12-20,18388.25,18394.85,18383.55,18386.75,15:20:00,18337.672786644547,1,74
2022-12-20,18385.85,18393.55,18383.95,18387.65,15:25:00,18342.2610926784,1,75
2022-12-21,18451.65,18464.8,18432.05,18445.7,09:15:00,18352.679083851886,2,1
2022-12-21,18464.55,18473.35,18449.5,18450.85,09:20:00,18363.33345681837,2,2
2022-12-21,18453.4,18468.5,18450.05,18464.1,09:25:00,18371.91122283567,2,3
2022-12-21,18430.75,18459.35,18428.25,18453.3,09:30:00,18377.51491589894,2,4
2022-12-21,18427.4,18450.8,18412.05,18430.65,09:35:00,18382.26587628952,2,5
2022-12-21,18399.5,18433.9,18398.85,18427.9,09:40:00,18383.907221404803,2,6
2022-12-21,18409.6,18415.1,18396.5,18398.45,09:45:00,18386.354152699583,2,7
2022-12-21,18391.9,18410.5,18389.85,18410.05,09:50:00,18386.88232863296,2,8
2022-12-21,18378.95,18391.8,18368.2,18390.7,09:55:00,18386.126868763145,2,9
2022-12-21,18373.8,18382.15,18363.9,18379.1,10:00:00,18384.952881261896,2,10
2022-12-21,18394.25,18397.65,18370.3,18373.3,10:05:00,18385.83832114172,2,11
2022-12-21,18398.55,18401.15,18386.5,18394.2,10:10:00,18387.04895722345,2,12
2022-12-21,18372.8,18405.5,18372.8,18398.2,10:15:00,18385.69191367836,2,13
2022-12-21,18360.15,18372.4,18347.0,18372.4,10:20:00,18383.259350470897,2,14
2022-12-21,18351.55,18361.05,18350.2,18361.05,10:25:00,18380.23941233081,2,15
2022-12-21,18352.0,18366.8,18345.75,18351.45,10:30:00,18377.54994448978,2,16
2022-12-21,18346.1,18351.8,18342.6,18351.15,10:35:00,18374.55471168123,2,17
2022-12-21,18358.4,18358.9,18339.0,18346.55,10:40:00,18373.01616771159,2,18
2022-12-21,18348.45,18365.15,18348.45,18358.15,10:45:00,18370.67653269144,2,19
2022-12-21,18351.0,18355.1,18344.15,18349.15,10:50:00,18368.802577197017,2,20
2022-12-21,18349.2,18354.4,18348.85,18351.8,10:55:00,18366.935665083016,2,21
2022-12-21,18345.25,18351.55,18340.8,18350.25,11:00:00,18364.87036364654,2,22
2022-12-21,18358.2,18362.45,18342.35,18345.35,11:05:00,18364.2350909183,2,23
2022-12-21,18361.6,18366.15,18356.65,18358.1,11:10:00,18363.984129878463,2,24
2022-12-21,18364.5,18369.6,18356.1,18361.2,11:15:00,18364.03326036623,2,25
2022-12-21,18352.65,18367.0,18351.9,18364.55,11:20:00,18362.94914033135,2,26
2022-12-21,18360.55,18362.15,18352.65,18352.75,11:25:00,18362.720650775984,2,27
2022-12-21,18359.8,18367.35,18358.05,18360.7,11:30:00,18362.44249355922,2,28
2022-12-21,18362.35,18368.7,18357.15,18359.75,11:35:00,18362.43368464882,2,29
2022-12-21,18378.4,18379.8,18363.1,18363.35,11:40:00,18363.954286110835,2,30
2022-12-21,18373.75,18386.2,18372.7,18378.15,11:45:00,18364.88721124313,2,31
2022-12-21,18379.8,18387.05,18372.3,18374.3,11:50:00,18366.30747683903,2,32
2022-12-21,18367.65,18380.15,18367.55,18380.1,11:55:00,18366.435336187693,2,33
2022-12-21,18350.35,18367.85,18350.2,18367.6,12:00:00,18364.903399407915,2,34
2022-12-21,18351.6,18358.15,18344.2,18350.55,12:05:00,18363.63640898812,2,35
2022-12-21,18329.05,18358.2,18324.7,18352.1,12:10:00,18360.34246527496,2,36
2022-12-21,18303.7,18329.1,18302.85,18329.1,12:15:00,18354.947944772583,2,37
2022-12-21,18309.75,18311.2,18296.7,18304.35,12:20:00,18350.643378603763,2,38
2022-12-21,18314.95,18320.95,18308.15,18310.4,12:25:00,18347.24400921293,2,39
2022-12-21,18292.45,18314.65,18290.35,18314.65,12:30:00,18342.02553214503,2,40
2022-12-21,18303.8,18303.95,18289.0,18292.85,12:35:00,18338.38500527408,2,41
2022-12-21,18295.0,18308.85,18292.55,18303.1,12:40:00,18334.25310000988,2,42
2022-12-21,18290.05,18304.4,18279.75,18295.25,12:45:00,18330.043280961323,2,43
2022-12-21,18274.25,18291.5,18273.55,18289.65,12:50:00,18324.729635155483,2,44
2022-12-21,18269.8,18279.45,18267.7,18273.4,12:55:00,18319.49824133115,2,45
2022-12-21,18286.3,18291.95,18266.95,18269.95,13:00:00,18316.33650406152,2,46
2022-12-21,18295.45,18298.75,18281.0,18286.1,13:05:00,18314.34731319852,2,47
2022-12-21,18300.25,18308.25,18293.25,18294.95,13:10:00,18313.00471194152,2,48
2022-12-21,18279.9,18301.2,18278.2,18299.95,13:15:00,18309.851882232804,2,49
2022-12-21,18279.35,18283.15,18267.85,18280.45,13:20:00,18306.946941067778,2,50
2022-12-21,18270.6,18292.05,18262.95,18279.95,13:25:00,18303.485327632752,2,51
2022-12-21,18274.75,18277.75,18267.0,18270.55,13:30:00,18300.74862976297,2,52
2022-12-21,18277.75,18293.4,18268.8,18274.3,13:35:00,18298.558284071256,2,53
2022-12-21,18276.8,18281.3,18268.7,18277.15,13:40:00,18296.486066540663,2,54
2022-12-21,18270.1,18282.6,18260.45,18277.0,13:45:00,18293.973107822505,2,55
2022-12-21,18220.1,18276.85,18219.7,18270.8,13:50:00,18286.93757374417,2,56
2022-12-21,18191.25,18229.95,18162.75,18221.55,13:55:00,18277.82447148282,2,57
2022-12-21,18182.0,18211.85,18172.15,18192.9,14:00:00,18268.6983313416,2,58
2022-12-21,18223.35,18223.8,18174.25,18181.4,14:05:00,18264.3794426424,2,59
2022-12-21,18223.65,18249.85,18220.2,18224.25,14:10:00,18260.500448105027,2,60
2022-12-21,18191.75,18227.35,18187.0,18224.25,14:15:00,18253.95278638073,2,61
2022-12-21,18221.2,18222.75,18186.95,18191.15,14:20:00,18250.833473392096,2,62
2022-12-21,18249.35,18254.7,18221.5,18222.1,14:25:00,18250.692190211896,2,63
2022-12-21,18249.9,18253.35,18232.4,18249.15,14:30:00,18250.616743525046,2,64
2022-12-21,18280.75,18282.5,18246.85,18249.5,14:35:00,18253.486577475043,2,65
2022-12-21,18265.05,18284.4,18255.55,18280.8,14:40:00,18254.587855810754,2,66
2022-12-21,18263.85,18273.45,18254.65,18265.95,14:45:00,18255.46996478116,2,67
2022-12-21,18257.65,18278.55,18257.65,18263.05,14:50:00,18255.67758718296,2,68
2022-12-21,18217.9,18260.1,18204.4,18257.5,14:55:00,18252.07972173696,2,69
2022-12-21,18209.75,18240.35,18202.65,18216.6,15:00:00,18248.04831966677,2,70
2022-12-21,18197.45,18214.9,18176.95,18210.6,15:05:00,18243.229432079457,2,71
2022-12-21,18206.95,18221.6,18197.75,18199.0,15:10:00,18239.77424807189,2,72
2022-12-21,18201.9,18208.1,18190.3,18207.8,15:15:00,18236.167176826948,2,73
2022-12-21,18192.15,18204.95,18191.05,18203.1,15:20:00,18231.97506474819,2,74
2022-12-21,18207.55,18209.6,18186.55,18191.9,15:25:00,18229.648868105505,2,75
2022-12-22,18257.25,18318.75,18251.3,18291.05,09:15:00,18232.27754733356,3,1
2022-12-22,18246.45,18266.7,18237.55,18259.05,09:20:00,18233.62730473036,3,2
2022-12-22,18201.55,18247.55,18195.4,18247.55,09:25:00,18230.57232332747,3,3
2022-12-22,18211.15,18219.7,18184.7,18199.0,09:30:00,18228.722578248664,3,4
2022-12-22,18178.35,18211.7,18171.45,18208.8,09:35:00,18223.92518984403,3,5
2022-12-22,18191.8,18203.05,18172.9,18176.4,09:40:00,18220.865647954124,3,6
2022-12-22,18247.75,18258.35,18187.65,18191.75,09:45:00,18223.42606243469,3,7
2022-12-22,18246.25,18257.4,18229.8,18248.8,09:50:00,18225.59977077424,3,8
2022-12-22,18230.7,18249.9,18230.7,18246.1,09:55:00,18226.085506890977,3,9
2022-12-22,18186.85,18235.05,18182.55,18230.65,10:00:00,18222.34879194897,3,10
2022-12-22,18202.0,18204.75,18178.2,18186.3,10:05:00,18220.41081176336,3,11
2022-12-22,18158.95,18205.4,18158.2,18201.5,10:10:00,18214.55740111924,3,12
2022-12-22,18161.85,18169.85,18148.35,18161.55,10:15:00,18209.53764863169,3,13
2022-12-22,18145.05,18163.0,18144.35,18162.3,10:20:00,18203.39596780962,3,14
2022-12-22,18147.65,18150.95,18134.25,18146.2,10:25:00,18198.08682801823,3,15
2022-12-22,18124.15,18159.05,18121.9,18148.0,10:30:00,18191.045225349822,3,16
2022-12-22,18124.7,18134.45,18119.15,18125.75,10:35:00,18184.72663245937,3,17
2022-12-22,18134.25,18134.7,18120.1,18124.75,10:40:00,18179.919334129903,3,18
2022-12-22,18132.95,18149.05,18129.15,18134.15,10:45:00,18175.44606421277,3,19
2022-12-22,18130.1,18133.3,18112.65,18133.05,10:50:00,18171.127391430604,3,20
2022-12-22,18114.35,18130.5,18111.85,18130.5,10:55:00,18165.720020818168,3,21
2022-12-22,18110.6,18124.45,18108.25,18114.05,11:00:00,18160.47049502596,3,22
2022-12-22,18119.15,18136.7,18106.6,18109.95,11:05:00,18156.5352097854,3,23
2022-12-22,18142.55,18145.1,18116.15,18118.35,11:10:00,18155.20328504393,3,24
2022-12-22,18152.9,18157.55,18135.0,18141.3,11:15:00,18154.983924563552,3,25
2022-12-22,18141.2,18156.8,18134.9,18152.6,11:20:00,18153.67116984321,3,26
2022-12-22,18123.3,18146.4,18118.4,18141.35,11:25:00,18150.7786774772,3,27
2022-12-22,18110.8,18126.2,18108.45,18122.85,11:30:00,18146.97118438413,3,28
2022-12-22,18127.6,18129.5,18108.75,18111.25,11:35:00,18145.12630968088,3,29
2022-12-22,18112.15,18128.2,18108.95,18127.15,11:40:00,18141.985708758893,3,30
2022-12-22,18090.35,18114.65,18087.0,18112.1,11:45:00,18137.068022210427,3,31
2022-12-22,18090.2,18096.9,18080.65,18090.15,11:50:00,18132.60440104753,3,32
2022-12-22,18089.75,18097.35,18082.8,18088.75,11:55:00,18128.5230295192,3,33
2022-12-22,18085.95,18092.35,18077.65,18090.6,12:00:00,18124.46845527927,3,34
2022-12-22,18089.55,18093.8,18079.6,18085.7,12:05:00,18121.14288810981,3,35
2022-12-22,18080.85,18091.1,18075.4,18089.15,12:10:00,18117.305470194595,3,36
2022-12-22,18106.1,18109.05,18078.45,18080.25,12:15:00,18116.238282557017,3,37
2022-12-22,18110.35,18116.95,18104.8,18105.9,12:20:00,18115.677493742063,3,38
2022-12-22,18099.3,18116.6,18093.65,18108.85,12:25:00,18114.117732433297,3,39
2022-12-22,18108.15,18114.25,18098.55,18098.55,12:30:00,18113.54937696346,3,40
2022-12-22,18108.95,18113.75,18103.1,18107.7,12:35:00,18113.11134106218,3,41
2022-12-22,18089.15,18109.8,18087.45,18108.55,12:40:00,18110.82930858007,3,42
2022-12-22,18087.4,18091.55,18081.5,18089.05,12:45:00,18108.59794585816,3,43
2022-12-22,18072.05,18095.35,18068.6,18087.95,12:50:00,18105.11718910976,3,44
2022-12-22,18081.1,18086.65,18070.3,18071.45,12:55:00,18102.82983776597,3,45
2022-12-22,18091.2,18100.2,18075.35,18081.8,13:00:00,18101.72223416921,3,46
2022-12-22,18123.55,18123.9,18089.7,18091.0,13:05:00,18103.80106901024,3,47
2022-12-22,18113.8,18136.65,18107.5,18121.9,13:10:00,18104.753348152124,3,48
2022-12-22,18143.9,18146.05,18109.5,18113.55,13:15:00,18108.481600709063,3,49
2022-12-22,18135.7,18147.7,18127.7,18143.05,13:20:00,18111.07382921296,3,50
2022-12-22,18106.3,18136.9,18100.45,18134.65,13:25:00,18110.61917881173,3,51
2022-12-22,18110.1,18117.8,18101.85,18105.55,13:30:00,18110.56973321061,3,52
2022-12-22,18124.0,18128.95,18110.2,18111.3,13:35:00,18111.84880623817,3,53
2022-12-22,18139.3,18146.15,18123.65,18124.3,13:40:00,18114.463205644057,3,54
2022-12-22,18151.75,18151.85,18134.15,18139.2,13:45:00,18118.01432891605,3,55
2022-12-22,18148.75,18172.65,18144.85,18151.1,13:50:00,18120.94153568596,3,56
2022-12-22,18141.95,18162.5,18133.6,18149.0,13:55:00,18122.9423418111,3,57
2022-12-22,18165.55,18165.85,18138.95,18141.15,14:00:00,18127.000214019565,3,58
2022-12-22,18162.0,18172.55,18144.6,18165.65,14:05:00,18130.333526970084,3,59
2022-12-22,18167.4,18175.55,18153.6,18163.0,14:10:00,18133.863667258647,3,60
2022-12-22,18161.3,18182.75,18159.45,18167.8,14:15:00,18136.47665132925,3,61
2022-12-22,18174.85,18177.25,18161.3,18162.45,14:20:00,18140.131255964563,3,62
2022-12-22,18145.6,18174.05,18130.65,18169.75,14:25:00,18140.652088729843,3,63
2022-12-22,18150.1,18161.6,18137.45,18145.8,14:30:00,18141.55188980319,3,64
2022-12-22,18140.9,18152.0,18130.4,18150.25,14:35:00,18141.48980506003,3,65
2022-12-22,18106.2,18142.8,18106.2,18140.55,14:40:00,18138.1288712448,3,66
2022-12-22,18100.7,18116.4,18093.0,18106.7,14:45:00,18134.564216840525,3,67
2022-12-22,18116.2,18123.1,18100.55,18100.55,14:50:00,18132.81524380809,3,68
2022-12-22,18102.9,18116.4,18094.8,18115.9,14:55:00,18129.966172969227,3,69
2022-12-22,18132.85,18137.9,18098.85,18102.45,15:00:00,18130.24082316264,3,70
2022-12-22,18136.2,18137.2,18125.15,18135.8,15:05:00,18130.80836381381,3,71
2022-12-22,18142.9,18152.65,18136.2,18136.55,15:10:00,18131.959948212498,3,72
2022-12-22,18125.3,18144.95,18121.6,18143.55,15:15:00,18131.32566743036,3,73
2022-12-22,18118.05,18130.65,18116.15,18125.65,15:20:00,18130.061318151274,3,74
2022-12-22,18114.7,18121.75,18108.5,18118.25,15:25:00,18128.5983354702,3,75
2022-12-23,18006.55,18050.45,17975.65,18003.25,09:15:00,18116.97468447304,4,1
2022-12-23,17975.6,18016.2,17972.5,18006.3,09:20:00,18103.510428808942,4,2
2022-12-23,17977.95,17999.3,17965.65,17974.15,09:25:00,18091.5522927319,4,3
2022-12-23,18016.75,18034.35,17975.25,17977.25,09:30:00,18084.42826485267,4,4
2022-12-23,18019.65,18033.6,18008.75,18016.25,09:35:00,18078.25890629528,4,5
2022-12-23,18021.1,18040.75,18018.8,18020.45,09:40:00,18072.815200933823,4,6
2022-12-23,17997.95,18026.55,17991.1,18020.9,09:45:00,18065.685181797267,4,7
2022-12-23,17982.1,18010.05,17979.85,17997.75,09:50:00,18057.724688292765,4,8
2022-12-23,17975.2,17988.7,17970.7,17982.85,09:55:00,18049.865194169644,4,9
2022-12-23,17944.35,17979.0,17941.35,17973.8,10:00:00,18039.81612805825,4,10
2022-12-23,17960.4,17965.4,17936.65,17947.35,10:05:00,18032.2526872908,4,11
2022-12-23,17958.1,17967.65,17950.0,17960.9,10:10:00,18025.19052659644,4,12
2022-12-23,17930.25,17957.15,17928.0,17955.45,10:15:00,18016.148571682494,4,13
2022-12-23,17915.75,17933.4,17912.75,17929.45,10:20:00,18006.586802950827,4,14
2022-12-23,17920.2,17932.2,17915.2,17915.4,10:25:00,17998.35948838408,4,15
2022-12-23,17944.7,17951.3,17916.15,17919.9,10:30:00,17993.24906091893,4,16
2022-12-23,17935.35,17948.0,17934.8,17944.9,10:35:00,17987.734864640937,4,17
2022-12-23,17939.85,17944.0,17933.7,17935.2,10:40:00,17983.1744013418,4,18
2022-12-23,17942.4,17948.25,17938.05,17939.75,10:45:00,17979.291125023534,4,19
2022-12-23,17932.4,17951.75,17932.4,17944.35,10:50:00,17974.82530359272,4,20
2022-12-23,17946.35,17951.0,17925.9,17931.4,10:55:00,17972.11336991722,4,21
2022-12-23,17947.8,17959.8,17944.6,17947.0,11:00:00,17969.797810877484,4,22
2022-12-23,17954.75,17956.65,17940.35,17948.8,11:05:00,17968.364686032008,4,23
2022-12-23,17951.55,17958.7,17945.55,17954.45,11:10:00,17966.763287362293,4,24
2022-12-23,17941.05,17954.25,17939.05,17951.35,11:15:00,17964.3144028516,4,25
2022-12-23,17938.65,17944.2,17935.3,17940.5,11:20:00,17961.87017400859,4,26
2022-12-23,17911.15,17937.8,17910.45,17937.75,11:25:00,17957.039681245868,4,27
2022-12-23,17897.35,17913.0,17895.85,17910.0,11:30:00,17951.35494969864,4,28
2022-12-23,17916.7,17921.15,17894.85,17897.9,11:35:00,17948.05447829877,4,29
2022-12-23,17886.1,17918.55,17881.9,17916.95,11:40:00,17942.154051794125,4,30
2022-12-23,17867.65,17884.7,17861.8,17884.7,11:45:00,17935.058427813732,4,31
2022-12-23,17874.45,17877.7,17857.1,17868.0,11:50:00,17929.286196593377,4,32
2022-12-23,17870.5,17887.95,17868.8,17873.9,11:55:00,17923.68751120353,4,33
2022-12-23,17889.95,17895.35,17870.25,17870.65,12:00:00,17920.474414898432,4,34
2022-12-23,17898.05,17898.85,17883.7,17891.75,12:05:00,17918.338756336678,4,35
2022-12-23,17906.5,17911.35,17897.45,17897.75,12:10:00,17917.211255733186,4,36
2022-12-23,17925.4,17929.3,17893.35,17906.75,12:15:00,17917.99113613955,4,37
2022-12-23,17926.8,17932.0,17916.4,17926.4,12:20:00,17918.83007555483,4,38
2022-12-23,17923.25,17928.75,17907.3,17927.15,12:25:00,17919.251020740085,4,39
2022-12-23,17923.15,17933.4,17913.45,17923.35,12:30:00,17919.622352098173,4,40
2022-12-23,17908.6,17928.9,17906.05,17923.85,12:35:00,17918.5726042793,4,41
2022-12-23,17914.95,17921.5,17905.15,17909.7,12:40:00,17918.227594347936,4,42
2022-12-23,17906.5,17922.9,17905.2,17915.65,12:45:00,17917.110680600512,4,43
2022-12-23,17889.9,17913.75,17886.15,17905.25,12:50:00,17914.519187209986,4,44
2022-12-23,17897.3,17902.7,17887.05,17889.85,12:55:00,17912.87926461856,4,45
2022-12-23,17890.65,17912.85,17890.4,17897.1,13:00:00,17910.762191797745,4,46
2022-12-23,17920.5,17922.2,17890.0,17890.0,13:05:00,17911.68960210272,4,47
2022-12-23,17897.95,17921.15,17895.2,17920.15,13:10:00,17910.381068569128,4,48
2022-12-23,17893.1,17911.8,17891.2,17898.0,13:15:00,17908.735252514925,4,49
2022-12-23,17899.75,17899.75,17886.85,17892.55,13:20:00,17907.87951418017,4,50
2022-12-23,17904.25,17909.65,17898.1,17899.0,13:25:00,17907.533846163013,4,51
2022-12-23,17886.3,17907.75,17884.95,17903.0,13:30:00,17905.511575099867,4,52
2022-12-23,17863.2,17888.65,17863.2,17885.55,13:35:00,17901.48190128083,4,53
2022-12-23,17854.1,17873.2,17851.4,17862.4,13:40:00,17896.969339254083,4,54
2022-12-23,17861.55,17872.2,17852.15,17856.05,13:45:00,17893.596068848932,4,55
2022-12-23,17862.85,17866.7,17853.4,17861.2,13:50:00,17890.6678718157,4,56
2022-12-23,17863.0,17874.9,17855.55,17861.05,13:55:00,17888.032836404684,4,57
2022-12-23,17845.2,17866.6,17838.9,17863.6,14:00:00,17883.95351865186,4,58
2022-12-23,17849.4,17857.9,17841.45,17845.65,14:05:00,17880.662707351683,4,59
2022-12-23,17834.85,17852.9,17833.0,17848.85,14:10:00,17876.29959236581,4,60
2022-12-23,17843.45,17845.7,17830.45,17835.25,14:15:00,17873.17105975954,4,61
2022-12-23,17834.55,17847.3,17833.05,17844.0,14:20:00,17869.492863591968,4,62
2022-12-23,17867.25,17869.5,17834.3,17834.3,14:25:00,17869.27925753559,4,63
2022-12-23,17866.55,17876.5,17859.35,17867.95,14:30:00,17869.019328246486,4,64
2022-12-23,17865.95,17883.6,17861.85,17866.7,14:35:00,17868.727011270632,4,65
2022-12-23,17854.1,17868.3,17846.3,17864.7,14:40:00,17867.33396257819,4,66
2022-12-23,17831.3,17855.85,17830.2,17852.95,14:45:00,17863.902156618362,4,67
2022-12-23,17834.65,17840.6,17816.75,17830.05,14:50:00,17861.116236940423,4,68
2022-12-23,17820.1,17840.75,17815.4,17834.7,14:55:00,17857.209928660384,4,69
2022-12-23,17812.75,17832.2,17808.75,17819.85,15:00:00,17852.975649740347,4,70
2022-12-23,17788.9,17814.6,17779.5,17813.45,15:05:00,17846.873206907934,4,71
2022-12-23,17810.65,17810.9,17789.05,17789.05,15:10:00,17843.423377678606,4,72
2022-12-23,17803.9,17821.1,17796.55,17811.15,15:15:00,17839.659246471118,4,73
2022-12-23,17817.2,17824.0,17797.95,17803.55,15:20:00,17837.520270616726,4,74
2022-12-23,17824.1,17828.5,17814.2,17816.9,15:25:00,17836.24214960561,4,75
2022-12-26,17834.5,17867.0,17774.25,17832.9,09:15:00,17836.07623059555,0,1
2022-12-26,17880.0,17885.0,17828.7,17836.15,09:20:00,17840.259446729306,0,2
2022-12-26,17904.2,17910.6,17880.3,17880.3,09:25:00,17846.349023231276,0,3
2022-12-26,17897.75,17914.75,17881.7,17904.45,09:30:00,17851.244354352108,0,4
2022-12-26,17942.85,17948.8,17895.55,17895.7,09:35:00,17859.968701556667,0,5
2022-12-26,17943.7,17950.85,17935.15,17943.2,09:40:00,17867.94311093222,0,6
2022-12-26,17938.8,17956.7,17920.5,17943.0,09:45:00,17874.691386081533,0,7
2022-12-26,17938.35,17958.2,17936.25,17938.4,09:50:00,17880.754111216625,0,8
2022-12-26,17933.75,17950.7,17923.75,17938.3,09:55:00,17885.801338719804,0,9
2022-12-26,17929.8,17940.3,17922.75,17933.95,10:00:00,17889.991687413156,0,10
2022-12-26,17937.75,17940.1,17924.1,17930.8,10:05:00,17894.540098135712,0,11
2022-12-26,17933.45,17940.15,17931.9,17937.8,10:10:00,17898.24580307517,0,12
2022-12-26,17914.1,17934.25,17911.4,17933.5,10:15:00,17899.75572659182,0,13
2022-12-26,17923.05,17924.35,17907.45,17913.65,10:20:00,17901.974228821167,0,14
2022-12-26,17937.65,17940.7,17920.35,17923.3,10:25:00,17905.37192131439,0,15
2022-12-26,17935.65,17939.2,17927.6,17937.55,10:30:00,17908.255547855875,0,16
2022-12-26,17940.4,17947.35,17932.5,17935.85,10:35:00,17911.316924250554,0,17
2022-12-26,17934.7,17949.35,17934.7,17940.6,10:40:00,17913.543883845738,0,18
2022-12-26,17946.0,17946.35,17933.05,17937.2,10:45:00,17916.634942527096,0,19
2022-12-26,17951.0,17954.65,17944.9,17945.45,10:50:00,17919.907805143564,0,20
2022-12-26,17959.75,17961.45,17942.2,17952.1,10:55:00,17923.702299891796,0,21
2022-12-26,17956.95,17964.1,17953.9,17960.5,11:00:00,17926.868747521148,0,22
2022-12-26,17953.5,17962.05,17951.75,17957.6,11:05:00,17929.405057281037,0,23
2022-12-26,17951.7,17961.45,17950.45,17953.8,11:10:00,17931.528385159036,0,24
2022-12-26,17955.05,17955.2,17948.15,17951.55,11:15:00,17933.768538953413,0,25
2022-12-26,17975.65,17976.1,17952.1,17955.45,11:20:00,17937.757249529277,0,26
2022-12-26,17966.95,17976.95,17965.55,17975.3,11:25:00,17940.53751147887,0,27
2022-12-26,17981.6,17982.7,17967.0,17967.1,11:30:00,17944.44822467136,0,28
2022-12-26,17985.05,17985.55,17978.1,17981.85,11:35:00,17948.315060416942,0,29
2022-12-26,17997.2,17997.35,17985.65,17985.9,11:40:00,17952.970768948664,0,30
2022-12-26,17995.8,18001.95,17993.3,17998.45,11:45:00,17957.049743334508,0,31
2022-12-26,17999.0,18004.95,17993.65,17997.15,11:50:00,17961.04500587408,0,32
2022-12-26,17991.1,17999.9,17987.1,17999.9,11:55:00,17963.907386267023,0,33
2022-12-26,17994.55,17999.75,17987.3,17992.6,12:00:00,17966.82573043207,0,34
2022-12-26,17998.65,18000.95,17989.85,17995.85,12:05:00,17969.856613248063,0,35
2022-12-26,18000.25,18002.55,17995.05,17999.2,12:10:00,17972.751221510152,0,36
2022-12-26,18004.6,18005.9,17995.85,18001.1,12:15:00,17975.784438509185,0,37
2022-12-26,17991.35,18006.25,17988.4,18006.25,12:20:00,17977.26687293688,0,38
2022-12-26,17979.0,17991.6,17979.0,17991.6,12:25:00,17977.43193265718,0,39
2022-12-26,17970.3,17980.0,17963.45,17979.8,12:30:00,17976.752700975543,0,40
2022-12-26,17983.9,17984.85,17964.2,17970.2,12:35:00,17977.43339612073,0,41
2022-12-26,17979.45,17990.35,17976.05,17983.95,12:40:00,17977.62545363304,0,42
2022-12-26,17974.1,17980.25,17970.35,17980.25,12:45:00,17977.28969614418,0,43
2022-12-26,17973.4,17976.45,17964.65,17974.75,12:50:00,17976.91924889235,0,44
2022-12-26,17982.65,17986.4,17974.6,17975.4,12:55:00,17977.465034712128,0,45
2022-12-26,17996.4,17998.6,17980.35,17984.15,13:00:00,17979.268364739542,0,46
2022-12-26,17994.05,18002.15,17988.1,17996.8,13:05:00,17980.67613952625,0,47
2022-12-26,17990.5,17998.3,17988.3,17994.9,13:10:00,17981.611745285656,0,48
2022-12-26,17986.8,17997.8,17985.1,17991.4,13:15:00,17982.10586478226,0,49
2022-12-26,17977.55,17992.4,17975.9,17987.5,13:20:00,17981.671972898235,0,50
2022-12-26,17983.55,17983.55,17974.0,17979.75,13:25:00,17981.85083262221,0,51
2022-12-26,18000.3,18001.45,17984.65,17984.65,13:30:00,17983.607896182002,0,52
2022-12-26,18011.4,18014.65,17996.7,18001.45,13:35:00,17986.254763212288,0,53
2022-12-26,18003.4,18014.1,17995.1,18013.0,13:40:00,17987.887642906357,0,54
2022-12-26,17998.7,18008.25,17996.1,18003.45,13:45:00,17988.91739120099,0,55
2022-12-26,17990.45,18006.5,17990.45,17999.6,13:50:00,17989.063353943755,0,56
2022-12-26,17986.75,17991.65,17978.5,17991.65,13:55:00,17988.84303452054,0,57
2022-12-26,18004.8,18007.15,17987.05,17987.05,14:00:00,17990.362745518585,0,58
2022-12-26,18008.5,18008.5,17992.3,18006.2,14:05:00,17992.090103088245,0,59
2022-12-26,18011.15,18012.45,18004.7,18010.4,14:10:00,17993.905331365553,0,60
2022-12-26,18014.55,18014.95,18004.9,18012.65,14:15:00,17995.87149028312,0,61
2022-12-26,18026.7,18030.05,18014.3,18015.25,14:20:00,17998.807538827583,0,62
2022-12-26,18028.15,18029.4,18014.65,18027.8,14:25:00,18001.602058939243,0,63
2022-12-26,18054.5,18057.5,18027.05,18029.55,14:30:00,18006.639958087886,0,64
2022-12-26,18065.3,18068.35,18045.0,18054.75,14:35:00,18012.226628746183,0,65
2022-12-26,18063.4,18075.9,18055.0,18066.55,14:40:00,18017.100283151307,0,66
2022-12-26,18070.05,18071.55,18049.95,18062.75,14:45:00,18022.143113327373,0,67
2022-12-26,18070.9,18075.3,18063.1,18070.7,14:50:00,18026.78662634381,0,68
2022-12-26,18081.0,18084.1,18066.35,18071.85,14:55:00,18031.949804787266,0,69
2022-12-26,18061.2,18081.95,18053.9,18081.95,15:00:00,18034.735537664663,0,70
2022-12-26,18025.3,18059.05,18025.3,18059.05,15:05:00,18033.836915029937,0,71
2022-12-26,17994.85,18024.3,17984.55,18024.3,15:10:00,18030.123875503275,0,72
2022-12-26,18002.5,18010.9,17990.65,17995.7,15:15:00,18027.49303021725,0,73
2022-12-26,18003.15,18008.85,17996.8,18003.35,15:20:00,18025.17464638704,0,74
2022-12-26,18009.6,18012.85,17999.3,18003.9,15:25:00,18023.691346731128,0,75
2022-12-27,18112.2,18115.4,18063.7,18081.9,09:15:00,18032.120742280546,1,1
2022-12-27,18111.55,18134.05,18101.4,18111.45,09:20:00,18039.685433491923,1,2
2022-12-27,18062.85,18111.2,18050.15,18111.2,09:25:00,18041.891582683165,1,3
2022-12-27,18021.65,18064.0,18003.65,18064.0,09:30:00,18039.963812903818,1,4
2022-12-27,18017.6,18022.65,17983.75,18022.6,09:35:00,18037.8339259606,1,5
2022-12-27,17995.95,18045.8,17995.95,18019.35,09:40:00,18033.844980631016,1,6
2022-12-27,17971.6,18006.4,17969.65,17995.45,09:45:00,18027.916887237585,1,7
2022-12-27,17980.55,17992.1,17968.55,17972.55,09:50:00,18023.40575511972,1,8
2022-12-27,18002.2,18002.85,17967.45,17980.6,09:55:00,18021.38615939403,1,9
2022-12-27,17986.75,18004.3,17979.1,18003.1,10:00:00,18018.087477546986,1,10
2022-12-27,18007.35,18007.35,17983.7,17986.45,10:05:00,18017.064860637744,1,11
2022-12-27,18005.25,18020.15,17988.95,18009.25,10:10:00,18015.939635815103,1,12
2022-12-27,18003.25,18009.8,17993.6,18006.9,10:15:00,18014.731099070807,1,13
2022-12-27,18007.1,18015.25,18002.85,18003.2,10:20:00,18014.00432773073,1,14
2022-12-27,18033.85,18034.4,18006.2,18008.05,10:25:00,18015.894391756374,1,15
2022-12-27,18038.55,18039.15,18019.95,18033.4,10:30:00,18018.05206873196,1,16
2022-12-27,18041.5,18048.15,18029.85,18038.2,10:35:00,18020.2852050432,1,17
2022-12-27,18035.45,18045.55,18026.65,18042.35,10:40:00,18021.72947122956,1,18
2022-12-27,18038.35,18041.0,18022.65,18035.15,10:45:00,18023.31237873151,1,19
2022-12-27,18048.55,18049.1,18034.1,18038.45,10:50:00,18025.715961709466,1,20
2022-12-27,18048.6,18051.9,18040.25,18049.55,10:55:00,18027.89539392761,1,21
2022-12-27,18051.15,18052.1,18040.65,18048.45,11:00:00,18030.110118315457,1,22
2022-12-27,18055.9,18057.45,18049.35,18050.7,11:05:00,18032.566297523503,1,23
2022-12-27,18049.6,18060.2,18042.75,18055.6,11:10:00,18034.18855490222,1,24
2022-12-27,18056.05,18056.05,18030.8,18048.0,11:15:00,18036.27059729248,1,25
2022-12-27,18046.75,18062.8,18044.2,18056.65,11:20:00,18037.26863564557,1,26
2022-12-27,18044.15,18050.75,18040.8,18046.9,11:25:00,18037.92400367933,1,27
2022-12-27,18039.3,18047.65,18038.4,18044.05,11:30:00,18038.05505094797,1,28
2022-12-27,18035.0,18044.05,18033.6,18039.2,11:35:00,18037.764093714828,1,29
2022-12-27,18041.25,18044.1,18029.2,18034.65,11:40:00,18038.09608478961,1,30
2022-12-27,18040.25,18047.05,18035.65,18041.75,11:45:00,18038.30121957155,1,31
2022-12-27,18060.85,18062.7,18038.1,18040.15,11:50:00,18040.448722469497,1,32
2022-12-27,18054.55,18062.1,18053.4,18061.2,11:55:00,18041.791701281923,1,33
2022-12-27,18057.6,18065.8,18048.85,18054.7,12:00:00,18043.29725354079,1,34
2022-12-27,18055.55,18059.6,18048.05,18057.5,12:05:00,18044.464181775,1,35
2022-12-27,18054.85,18057.3,18052.35,18055.7,12:10:00,18045.45330732024,1,36
2022-12-27,18067.35,18071.6,18046.5,18054.45,12:15:00,18047.53870662308,1,37
2022-12-27,18050.0,18068.3,18043.8,18067.7,12:20:00,18047.77311551612,1,38
2022-12-27,18048.2,18052.8,18045.2,18050.75,12:25:00,18047.81377118125,1,39
2022-12-27,18042.9,18054.6,18037.65,18047.6,12:30:00,18047.34579297351,1,40
2022-12-27,18045.95,18046.5,18038.6,18042.45,12:35:00,18047.21286030937,1,41
2022-12-27,18044.55,18051.45,18038.95,18045.75,12:40:00,18046.959254565616,1,42
2022-12-27,18029.15,18047.55,18028.2,18044.35,12:45:00,18045.263135083176,1,43
2022-12-27,18034.05,18034.05,18014.85,18029.4,12:50:00,18044.195217456207,1,44
2022-12-27,18028.0,18033.65,18026.05,18033.65,12:55:00,18042.65281579371,1,45
2022-12-27,18042.75,18045.45,18022.05,18027.6,13:00:00,18042.662071432405,1,46
2022-12-27,18047.8,18053.1,18041.8,18043.4,13:05:00,18043.15139796265,1,47
2022-12-27,18055.8,18057.6,18045.9,18048.0,13:10:00,18044.35602672812,1,48
2022-12-27,18053.45,18060.7,18052.25,18055.7,13:15:00,18045.222119420672,1,49
2022-12-27,18070.7,18075.6,18048.3,18053.4,13:20:00,18047.64858423775,1,50
2022-12-27,18063.65,18073.75,18058.4,18071.1,13:25:00,18049.17252859606,1,51
2022-12-27,18064.15,18065.25,18057.4,18062.7,13:30:00,18050.598954444056,1,52
2022-12-27,18068.35,18074.2,18061.5,18063.55,13:35:00,18052.28953021129,1,53
2022-12-27,18067.0,18072.5,18063.8,18068.2,13:40:00,18053.690527334023,1,54
2022-12-27,18092.65,18096.15,18064.55,18067.45,13:45:00,18057.40095330221,1,55
2022-12-27,18108.2,18109.75,18092.8,18093.6,13:50:00,18062.23895774961,1,56
2022-12-27,18102.45,18112.05,18093.7,18108.6,13:55:00,18066.068580821084,1,57
2022-12-27,18106.0,18110.25,18095.75,18102.55,14:00:00,18069.87157312384,1,58
2022-12-27,18113.9,18117.85,18100.15,18105.4,14:05:00,18074.064756635853,1,59
2022-12-27,18122.2,18124.55,18111.6,18114.7,14:10:00,18078.64906552768,1,60
2022-12-27,18106.65,18123.85,18106.15,18122.8,14:15:00,18081.315821191707,1,61
2022-12-27,18091.8,18113.4,18090.65,18106.5,14:20:00,18082.314314411546,1,62
2022-12-27,18086.4,18094.7,18073.45,18091.55,14:25:00,18082.703427324734,1,63
2022-12-27,18087.1,18098.4,18078.85,18086.7,14:30:00,18083.1221485319,1,64
2022-12-27,18100.2,18102.05,18086.35,18087.4,14:35:00,18084.74861057648,1,65
2022-12-27,18128.7,18131.55,18098.95,18100.55,14:40:00,18088.934457188243,1,66
2022-12-27,18129.1,18136.15,18119.75,18129.6,14:45:00,18092.75974697984,1,67
2022-12-27,18137.8,18142.05,18124.7,18128.35,14:50:00,18097.04929488652,1,68
2022-12-27,18124.6,18138.3,18120.05,18138.3,14:55:00,18099.673171563994,1,69
2022-12-27,18127.55,18133.1,18106.7,18127.5,15:00:00,18102.32810760552,1,70
2022-12-27,18116.45,18128.1,18113.05,18127.15,15:05:00,18103.673049738325,1,71
2022-12-27,18132.95,18133.55,18113.5,18115.25,15:10:00,18106.46133071563,1,72
2022-12-27,18145.0,18147.0,18131.35,18131.8,15:15:00,18110.13168017128,1,73
2022-12-27,18144.05,18149.25,18138.05,18143.8,15:20:00,18113.361996345444,1,74
2022-12-27,18136.0,18145.45,18128.75,18144.4,15:25:00,18115.517996693496,1,75
2022-12-28,18095.5,18113.75,18068.35,18093.0,09:15:00,18111.88661407336,2,1
2022-12-28,18107.9,18110.25,18079.1,18096.35,09:20:00,18111.50693654256,2,2
2022-12-28,18089.8,18127.25,18081.1,18108.75,09:25:00,18109.4396092528,2,3
2022-12-28,18107.85,18120.05,18085.25,18089.4,09:30:00,18109.288217895384,2,4
2022-12-28,18122.85,18126.3,18104.0,18108.3,09:35:00,18110.57981619106,2,5
2022-12-28,18116.55,18131.25,18106.75,18122.7,09:40:00,18111.14840512525,2,6
2022-12-28,18109.95,18120.4,18105.15,18117.05,09:45:00,18111.0342713038,2,7
2022-12-28,18133.85,18134.1,18106.6,18110.0,09:50:00,18113.20719784629,2,8
2022-12-28,18132.05,18137.45,18122.05,18133.3,09:55:00,18115.00175043236,2,9
2022-12-28,18137.5,18138.4,18126.9,18131.2,10:00:00,18117.14444086737,2,10
2022-12-28,18135.25,18140.6,18129.45,18137.8,10:05:00,18118.868779832384,2,11
2022-12-28,18142.5,18146.8,18134.95,18134.95,10:10:00,18121.1193722293,2,12
2022-12-28,18133.85,18146.5,18130.2,18142.9,10:15:00,18122.331812969365,2,13
2022-12-28,18105.9,18133.45,18100.35,18132.4,10:20:00,18120.766878400857,2,14
2022-12-28,18100.45,18110.05,18089.5,18105.75,10:25:00,18118.83193760077,2,15
2022-12-28,18097.55,18111.05,18094.5,18100.05,10:30:00,18116.805086400705,2,16
2022-12-28,18106.55,18106.65,18095.3,18097.7,10:35:00,18115.8284115054,2,17
2022-12-28,18115.0,18117.7,18106.05,18106.25,10:40:00,18115.749515171552,2,18
2022-12-28,18116.5,18120.8,18115.05,18115.1,10:45:00,18115.82098991712,2,19
2022-12-28,18124.85,18125.05,18115.2,18115.85,10:50:00,18116.6808956393,2,20
2022-12-28,18127.9,18128.45,18119.9,18124.65,10:55:00,18117.74938176889,2,21
2022-12-28,18128.95,18133.1,18123.3,18127.4,11:00:00,18118.81610731471,2,22
2022-12-28,18125.2,18133.45,18121.7,18129.0,11:05:00,18119.424097094263,2,23
2022-12-28,18140.1,18141.05,18125.45,18125.45,11:10:00,18121.39323070433,2,24
2022-12-28,18138.7,18141.75,18132.2,18140.15,11:15:00,18123.041494446778,2,25
2022-12-28,18136.35,18141.4,18135.35,18138.6,11:20:00,18124.30897116613,2,26
2022-12-28,18132.2,18136.0,18126.7,18136.0,11:25:00,18125.060497721737,2,27
2022-12-28,18123.55,18133.2,18120.75,18132.15,11:30:00,18124.91664079586,2,28
2022-12-28,18125.05,18127.55,18119.05,18123.0,11:35:00,18124.929341672443,2,29
2022-12-28,18125.85,18135.3,18123.3,18125.4,11:40:00,18125.017023417924,2,30
2022-12-28,18136.1,18139.65,18123.85,18125.0,11:45:00,18126.07254499717,2,31
2022-12-28,18138.0,18141.05,18135.8,18135.9,11:50:00,18127.20849309268,2,32
2022-12-28,18146.6,18151.15,18138.25,18138.25,11:55:00,18129.05530327433,2,33
2022-12-28,18140.55,18149.9,18137.65,18145.15,12:00:00,18130.150036295825,2,34
2022-12-28,18143.4,18148.45,18139.25,18140.05,12:05:00,18131.411937600984,2,35
2022-12-28,18141.9,18144.15,18140.85,18143.15,12:10:00,18132.410800686604,2,36
2022-12-28,18146.75,18152.75,18139.5,18143.1,12:15:00,18133.776438716453,2,37
2022-12-28,18131.0,18148.15,18124.8,18148.15,12:20:00,18133.512015981552,2,38
2022-12-28,18126.25,18138.8,18125.45,18132.05,12:25:00,18132.82039541188,2,39
2022-12-28,18133.9,18135.6,18124.9,18128.0,12:30:00,18132.923214896466,2,40
2022-12-28,18143.2,18148.0,18132.45,18134.8,12:35:00,18133.901956334896,2,41
2022-12-28,18134.85,18145.05,18125.35,18145.05,12:40:00,18133.99224620776,2,42
2022-12-28,18147.05,18147.05,18130.45,18134.35,12:45:00,18135.23584180702,2,43
2022-12-28,18135.55,18146.45,18130.6,18145.9,12:50:00,18135.265761634924,2,44
2022-12-28,18138.25,18143.1,18132.8,18134.4,12:55:00,18135.54997481255,2,45
2022-12-28,18136.3,18147.95,18136.3,18138.6,13:00:00,18135.621405782786,2,46
2022-12-28,18128.05,18140.25,18125.9,18135.95,13:05:00,18134.90031951776,2,47
2022-12-28,18129.85,18136.45,18126.9,18127.85,13:10:00,18134.419336706545,2,48
2022-12-28,18122.1,18131.35,18117.7,18129.8,13:15:00,18133.24606654402,2,49
2022-12-28,18129.75,18131.0,18120.2,18121.8,13:20:00,18132.91310782554,2,50
2022-12-28,18122.3,18130.6,18115.45,18129.7,13:25:00,18131.90233565168,2,51
2022-12-28,18128.0,18130.3,18121.25,18122.5,13:30:00,18131.53068463724,2,52
2022-12-28,18136.5,18142.2,18127.35,18127.35,13:35:00,18132.003952767023,2,53
2022-12-28,18135.75,18145.0,18132.1,18136.65,13:40:00,18132.360719170163,2,54
2022-12-28,18152.1,18156.45,18135.9,18136.3,13:45:00,18134.24065067777,2,55
2022-12-28,18158.25,18166.15,18150.4,18152.25,13:50:00,18136.52725537512,2,56
2022-12-28,18157.4,18164.6,18156.5,18158.0,13:55:00,18138.515135815585,2,57
2022-12-28,18160.45,18161.4,18153.45,18157.3,14:00:00,18140.604170499813,2,58
2022-12-28,18171.15,18171.65,18158.0,18160.05,14:05:00,18143.51329711888,2,59
2022-12-28,18164.05,18173.1,18158.05,18170.85,14:10:00,18145.469173583748,2,60
2022-12-28,18153.5,18165.6,18153.25,18163.3,14:15:00,18146.234014194823,2,61
2022-12-28,18151.95,18154.75,18146.8,18153.75,14:20:00,18146.77839379532,2,62
2022-12-28,18162.75,18165.6,18151.1,18151.35,14:25:00,18148.299499148143,2,63
2022-12-28,18156.0,18165.0,18154.25,18162.9,14:30:00,18149.03288018165,2,64
2022-12-28,18156.75,18158.4,18150.7,18155.4,14:35:00,18149.76784397388,2,65
2022-12-28,18157.45,18163.2,18154.5,18157.0,14:40:00,18150.499477881127,2,66
2022-12-28,18162.15,18162.8,18156.15,18157.05,14:45:00,18151.609051416257,2,67
2022-12-28,18115.1,18163.2,18115.05,18161.6,14:50:00,18148.131998900422,2,68
2022-12-28,18117.5,18123.95,18101.85,18115.05,14:55:00,18145.21466567181,2,69
2022-12-28,18127.2,18136.05,18113.5,18113.5,15:00:00,18143.49898322688,2,70
2022-12-28,18148.7,18148.7,18124.25,18126.7,15:05:00,18143.994318157653,2,71
2022-12-28,18125.7,18149.0,18121.25,18148.25,15:10:00,18142.25200214264,2,72
2022-12-28,18119.35,18125.6,18118.75,18124.5,15:15:00,18140.07085908144,2,73
2022-12-28,18110.0,18120.8,18107.35,18119.5,15:20:00,18137.206967740345,2,74
2022-12-28,18106.9,18118.55,18106.45,18109.75,15:25:00,18134.320589860312,2,75
2022-12-29,18029.25,18061.0,18027.3,18059.8,09:15:00,18124.31386701648,3,1
2022-12-29,18040.45,18041.95,18011.8,18028.75,09:20:00,18116.326832062525,3,2
2022-12-29,18056.3,18056.3,18032.85,18041.45,09:25:00,18110.60999091372,3,3
2022-12-29,18036.3,18060.05,18035.4,18057.7,09:30:00,18103.53284892193,3,4
2022-12-29,18028.9,18040.35,18028.2,18036.9,09:35:00,18096.42495854841,3,5
2022-12-29,18010.8,18029.1,18009.8,18028.75,09:40:00,18088.27020059142,3,6
2022-12-29,18012.1,18020.1,18004.0,18010.45,09:45:00,18081.01589577319,3,7
2022-12-29,18020.1,18025.5,18011.95,18012.8,09:50:00,18075.21438189003,3,8
2022-12-29,18021.05,18027.7,18012.2,18020.9,09:55:00,18070.05586932908,3,9
2022-12-29,18015.5,18021.85,18007.95,18021.85,10:00:00,18064.86007225012,3,10
2022-12-29,17997.3,18015.7,17995.2,18015.45,10:05:00,18058.425779654863,3,11
2022-12-29,18003.55,18005.95,17996.7,17997.25,10:10:00,18053.19951492583,3,12
2022-12-29,18002.75,18009.8,18002.15,18002.95,10:15:00,18048.394799218608,3,13
2022-12-29,18008.4,18009.2,17992.8,18002.65,10:20:00,18044.5857707216,3,14
2022-12-29,18009.9,18015.4,18006.45,18007.7,10:25:00,18041.282363986207,3,15
2022-12-29,18008.65,18013.3,18007.2,18010.45,10:30:00,18038.174519797045,3,16
2022-12-29,18026.5,18026.5,18008.25,18008.95,10:35:00,18037.062660768755,3,17
2022-12-29,18022.75,18028.65,18018.9,18025.2,10:40:00,18035.69955021935,3,18
2022-12-29,18022.05,18023.8,18013.7,18022.3,10:45:00,18034.3995930556,3,19
2022-12-29,18016.25,18023.0,18015.4,18022.35,10:50:00,18032.67106038364,3,20
2022-12-29,18012.85,18018.5,18011.5,18016.5,10:55:00,18030.7833403471,3,21
2022-12-29,18018.0,18019.45,18012.4,18013.15,11:00:00,18029.565879361664,3,22
2022-12-29,18014.65,18021.65,18013.35,18017.8,11:05:00,18028.14531942246,3,23
2022-12-29,18019.35,18019.95,18014.05,18015.05,11:10:00,18027.30766995365,3,24
2022-12-29,18023.45,18026.1,18019.2,18019.2,11:15:00,18026.940272815213,3,25
2022-12-29,18017.0,18024.1,18016.85,18023.35,11:20:00,18025.993580166145,3,26
2022-12-29,18023.15,18024.3,18016.0,18017.2,11:25:00,18025.722763007463,3,27
2022-12-29,18012.95,18025.45,18011.15,18022.5,11:30:00,18024.506309387707,3,28
2022-12-29,18013.6,18017.6,18007.95,18012.05,11:35:00,18023.467613255543,3,29
2022-12-29,18033.2,18049.65,18013.0,18014.35,11:40:00,18024.394507231205,3,30
2022-12-29,18036.65,18037.9,18028.25,18031.7,11:45:00,18025.56169701871,3,31
2022-12-29,18048.15,18048.3,18034.95,18036.4,11:50:00,18027.71296396931,3,32
2022-12-29,18035.9,18050.15,18035.75,18047.3,11:55:00,18028.492681686515,3,33
2022-12-29,18036.35,18038.05,18028.05,18035.1,12:00:00,18029.24099771637,3,34
2022-12-29,18028.8,18037.6,18027.9,18036.45,12:05:00,18029.198997933858,3,35
2022-12-29,18031.45,18034.25,18022.25,18029.0,12:10:00,18029.413379083016,3,36
2022-12-29,18025.85,18031.75,18024.8,18030.9,12:15:00,18029.07400964653,3,37
2022-12-29,18023.9,18031.65,18022.9,18025.45,12:20:00,18028.58124682305,3,38
2022-12-29,18018.55,18026.45,18018.35,18023.0,12:25:00,18027.625889982766,3,39
2022-12-29,18019.4,18022.75,18015.95,18018.45,12:30:00,18026.84247188917,3,40
2022-12-29,18021.35,18028.7,18019.05,18019.05,12:35:00,18026.31937932829,3,41
2022-12-29,18017.55,18024.4,18008.35,18021.5,12:40:00,18025.484200344647,3,42
2022-12-29,18020.45,18024.95,18017.2,18017.2,12:45:00,18025.004752692774,3,43
2022-12-29,18018.7,18021.8,18013.5,18020.2,12:50:00,18024.40430005537,3,44
2022-12-29,18020.3,18024.85,18016.45,18018.45,12:55:00,18024.01341433581,3,45
2022-12-29,18044.85,18047.2,18019.9,18020.25,13:00:00,18025.99785106573,3,46
2022-12-29,18048.25,18058.75,18044.2,18045.35,13:05:00,18028.117103345183,3,47
2022-12-29,18052.35,18053.55,18045.05,18046.95,13:10:00,18030.424998264687,3,48
2022-12-29,18046.7,18053.8,18045.3,18052.6,13:15:00,18031.97499842996,3,49
2022-12-29,18042.3,18049.2,18037.5,18045.45,13:20:00,18032.958331912818,3,50
2022-12-29,18039.95,18043.1,18033.85,18041.2,13:25:00,18033.624205063978,3,51
2022-12-29,18042.25,18046.65,18035.25,18040.15,13:30:00,18034.4457093436,3,52
2022-12-29,18047.8,18048.95,18039.95,18042.05,13:35:00,18035.71754654897,3,53
2022-12-29,18062.8,18062.85,18045.5,18047.4,13:40:00,18038.29682783002,3,54
2022-12-29,18068.5,18081.75,18062.0,18063.45,13:45:00,18041.17332041764,3,55
2022-12-29,18073.8,18087.0,18067.2,18067.2,13:50:00,18044.280623235005,3,56
2022-12-29,18092.35,18093.0,18071.2,18071.2,13:55:00,18048.858659117384,3,57
2022-12-29,18089.4,18097.45,18079.6,18091.7,14:00:00,18052.71973920144,3,58
2022-12-29,18091.25,18097.5,18088.55,18089.45,14:05:00,18056.389287848924,3,59
2022-12-29,18085.05,18091.65,18077.2,18089.9,14:10:00,18059.11887948236,3,60
2022-12-29,18078.25,18088.65,18073.95,18084.55,14:15:00,18060.94089096023,3,61
2022-12-29,18080.55,18092.4,18077.55,18078.55,14:20:00,18062.808425154493,3,62
2022-12-29,18076.0,18086.75,18076.0,18079.85,14:25:00,18064.06476561597,3,63
2022-12-29,18091.65,18092.9,18073.6,18074.85,14:30:00,18066.6919307954,3,64
2022-12-29,18101.4,18103.05,18081.2,18090.75,14:35:00,18069.99746119584,3,65
2022-12-29,18127.15,18129.95,18101.3,18101.3,14:40:00,18075.44056012957,3,66
2022-12-29,18127.0,18137.9,18121.15,18126.65,14:45:00,18080.35098297437,3,67
2022-12-29,18147.8,18149.3,18126.5,18126.5,14:50:00,18086.77469888157,3,68
2022-12-29,18139.95,18157.3,18133.0,18147.05,14:55:00,18091.83901327381,3,69
2022-12-29,18175.45,18178.05,18140.85,18140.85,15:00:00,18099.801964390583,3,70
2022-12-29,18188.75,18190.9,18176.25,18177.45,15:05:00,18108.273205877194,3,71
2022-12-29,18195.65,18204.05,18187.9,18189.45,15:10:00,18116.59480531746,3,72
2022-12-29,18196.85,18198.2,18188.7,18195.9,15:15:00,18124.23815719199,3,73
2022-12-29,18205.9,18209.55,18196.4,18196.4,15:20:00,18132.01547555466,3,74
2022-12-29,18210.4,18229.7,18200.1,18206.35,15:25:00,18139.480668358978,3,75
2022-12-30,18218.45,18264.7,18210.85,18264.7,09:15:00,18147.001557086693,4,1
2022-12-30,18237.4,18245.95,18219.1,18219.1,09:20:00,18155.61093260225,4,2
2022-12-30,18252.3,18255.2,18238.1,18238.1,09:25:00,18164.81941521156,4,3
2022-12-30,18214.3,18261.95,18210.75,18251.85,09:30:00,18169.531851858075,4,4
2022-12-30,18261.6,18262.4,18211.95,18215.4,09:35:00,18178.30024691921,4,5
2022-12-30,18239.75,18265.25,18233.05,18260.85,09:40:00,18184.15260435548,4,6
2022-12-30,18238.65,18252.6,18236.5,18240.2,09:45:00,18189.34283251209,4,7
2022-12-30,18256.6,18257.1,18234.9,18238.95,09:50:00,18195.748277034752,4,8
2022-12-30,18247.8,18259.05,18247.05,18256.8,09:55:00,18200.70558398382,4,9
2022-12-30,18234.8,18247.3,18233.7,18246.85,10:00:00,18203.95267122346,4,10
2022-12-30,18228.7,18245.75,18224.9,18234.25,10:05:00,18206.309559678368,4,11
2022-12-30,18219.1,18233.05,18217.25,18228.9,10:10:00,18207.52769685186,4,12
2022-12-30,18223.8,18228.15,18217.5,18219.35,10:15:00,18209.077440008823,4,13
2022-12-30,18230.5,18234.25,18219.2,18224.55,10:20:00,18211.117683817505,4,14
2022-12-30,18235.35,18237.9,18229.1,18230.85,10:25:00,18213.42552345393,4,15
2022-12-30,18241.8,18243.45,18234.9,18235.15,10:30:00,18216.12785455356,4,16
2022-12-30,18241.85,18242.6,18231.4,18242.55,10:35:00,18218.577582691312,4,17
2022-12-30,18242.8,18252.45,18239.65,18241.55,10:40:00,18220.884479577857,4,18
2022-12-30,18239.85,18243.75,18233.05,18242.3,10:45:00,18222.69071961806,4,19
2022-12-30,18233.3,18241.15,18231.85,18240.1,10:50:00,18223.70112727348,4,20
2022-12-30,18226.65,18234.1,18223.1,18233.35,10:55:00,18223.981972295056,4,21
2022-12-30,18225.2,18233.3,18224.65,18227.9,11:00:00,18224.097974933626,4,22
2022-12-30,18228.6,18229.5,18218.45,18225.05,11:05:00,18224.526739225657,4,23
2022-12-30,18234.5,18234.5,18226.25,18228.85,11:10:00,18225.47657358512,4,24
2022-12-30,18214.2,18235.65,18213.8,18234.15,11:15:00,18224.40261419606,4,25
2022-12-30,18215.95,18221.45,18211.3,18213.85,11:20:00,18223.59760332024,4,26
2022-12-30,18220.3,18223.35,18213.85,18215.6,11:25:00,18223.28354586117,4,27
2022-12-30,18222.85,18222.85,18206.45,18219.55,11:30:00,18223.242255779154,4,28
2022-12-30,18215.9,18224.25,18215.4,18222.4,11:35:00,18222.542993324,4,29
2022-12-30,18210.0,18216.15,18203.7,18215.65,11:40:00,18221.34842253123,4,30
2022-12-30,18204.2,18212.35,18203.05,18209.85,11:45:00,18219.71523943302,4,31
2022-12-30,18205.5,18210.15,18201.25,18203.25,11:50:00,18218.361407106066,4,32
2022-12-30,18192.0,18210.05,18188.95,18205.3,11:55:00,18215.850796905484,4,33
2022-12-30,18209.0,18211.25,18184.8,18190.9,12:00:00,18215.198340057344,4,34
2022-12-30,18212.15,18220.25,18205.0,18208.0,12:05:00,18214.90802195665,4,35
2022-12-30,18206.2,18214.55,18205.7,18211.45,12:10:00,18214.078686532204,4,36
2022-12-30,18216.05,18216.3,18204.5,18205.9,12:15:00,18214.266430672,4,37
2022-12-30,18212.75,18217.05,18209.05,18216.3,12:20:00,18214.12200870323,4,38
2022-12-30,18204.85,18214.65,18204.75,18213.8,12:25:00,18213.238960255305,4,39
2022-12-30,18209.75,18212.15,18201.5,18203.45,12:30:00,18212.906678326228,4,40
2022-12-30,18228.5,18229.45,18209.45,18209.45,12:35:00,18214.39175658088,4,41
2022-12-30,18232.4,18233.65,18223.45,18227.55,12:40:00,18216.106827382697,4,42
2022-12-30,18225.45,18233.9,18219.75,18232.2,12:45:00,18216.99665334625,4,43
2022-12-30,18224.4,18228.0,18218.95,18224.75,12:50:00,18217.701733979942,4,44
2022-12-30,18217.45,18224.6,18216.7,18224.35,12:55:00,18217.677759315186,4,45
2022-12-30,18192.0,18223.45,18192.0,18217.4,13:00:00,18215.232258428023,4,46
2022-12-30,18202.3,18206.0,18182.95,18191.9,13:05:00,18214.00061476821,4,47
2022-12-30,18194.95,18201.75,18189.2,18201.25,13:10:00,18212.18627050457,4,48
2022-12-30,18200.55,18206.75,18187.7,18193.4,13:15:00,18211.078054266043,4,49
2022-12-30,18196.4,18203.05,18194.4,18199.25,13:20:00,18209.680144335944,4,50
2022-12-30,18216.85,18217.5,18194.05,18195.65,13:25:00,18210.36298773252,4,51
2022-12-30,18211.65,18218.4,18203.7,18215.6,13:30:00,18210.485560329427,4,52
2022-12-30,18204.5,18212.95,18201.45,18210.85,13:35:00,18209.91550696472,4,53
2022-12-30,18198.3,18205.15,18193.85,18204.0,13:40:00,18208.809268206176,4,54
2022-12-30,18197.05,18207.05,18194.7,18197.05,13:45:00,18207.689337900825,4,55
2022-12-30,18177.75,18197.9,18170.05,18196.8,13:50:00,18204.83797238646,4,56
2022-12-30,18170.35,18178.2,18169.65,18177.35,13:55:00,18201.55340358775,4,57
2022-12-30,18166.5,18184.8,18163.95,18169.1,14:00:00,18198.214984198443,4,58
2022-12-30,18177.8,18180.25,18166.1,18166.1,14:05:00,18196.27069998907,4,59
2022-12-30,18199.45,18201.95,18177.05,18177.05,14:10:00,18196.5734904663,4,60
2022-12-30,18189.35,18199.85,18184.6,18198.65,14:15:00,18195.88553899332,4,61
2022-12-30,18184.4,18191.0,18177.65,18187.8,14:20:00,18194.79167813681,4,62
2022-12-30,18168.15,18188.1,18167.55,18182.85,14:25:00,18192.25437545712,4,63
2022-12-30,18170.5,18177.65,18161.75,18166.7,14:30:00,18190.182530175487,4,64
2022-12-30,18173.95,18176.05,18165.15,18170.3,14:35:00,18188.63657492068,4,65
2022-12-30,18173.2,18177.75,18169.0,18174.0,14:40:00,18187.16642492824,4,66
2022-12-30,18187.8,18194.0,18172.2,18172.2,14:45:00,18187.22676541126,4,67
2022-12-30,18201.4,18201.85,18183.9,18187.5,14:50:00,18188.576597276853,4,68
2022-12-30,18191.85,18206.7,18176.9,18201.3,14:55:00,18188.88834991716,4,69
2022-12-30,18087.2,18194.1,18080.3,18191.75,15:00:00,18179.203745163137,4,70
2022-12-30,18115.85,18117.15,18084.0,18086.2,15:05:00,18173.1700551476,4,71
2022-12-30,18098.3,18119.55,18098.3,18119.3,15:10:00,18166.039573704973,4,72
2022-12-30,18081.5,18102.0,18081.05,18097.95,15:15:00,18157.98818573307,4,73
2022-12-30,18115.35,18116.55,18081.2,18082.1,15:20:00,18153.927406139443,4,74
2022-12-30,18117.05,18120.1,18109.15,18115.15,15:25:00,18150.4152722214,4,75
2023-01-02,18113.1,18153.2,18112.15,18133.65,09:15:00,18146.861436771746,0,1
2023-01-02,18131.0,18139.2,18096.6,18115.75,09:20:00,18145.350823745863,0,2
2023-01-02,18101.85,18132.95,18091.35,18130.05,09:25:00,18141.20788815102,0,3
2023-01-02,18122.85,18128.7,18086.5,18101.9,09:30:00,18139.459517850923,0,4
2023-01-02,18146.65,18146.65,18112.4,18121.2,09:35:00,18140.14432567465,0,5
2023-01-02,18150.2,18150.3,18135.0,18146.0,09:40:00,18141.10200894373,0,6
2023-01-02,18163.35,18167.45,18140.35,18149.35,09:45:00,18143.2208652348,0,7
2023-01-02,18165.3,18167.65,18156.85,18164.25,09:50:00,18145.32363997434,0,8
2023-01-02,18160.3,18171.95,18158.45,18164.95,09:55:00,18146.749959976783,0,9
2023-01-02,18162.9,18166.9,18154.7,18160.35,10:00:00,18148.28805902661,0,10
2023-01-02,18166.1,18173.85,18159.5,18163.75,10:05:00,18149.98443435741,0,11
2023-01-02,18162.9,18170.15,18160.3,18166.4,10:10:00,18151.21448822813,0,12
2023-01-02,18162.55,18165.3,18156.1,18159.4,10:15:00,18152.29406077784,0,13
2023-01-02,18165.2,18171.95,18163.15,18163.15,10:20:00,18153.52319784661,0,14
2023-01-02,18156.75,18169.7,18155.4,18165.0,10:25:00,18153.83051233741,0,15
2023-01-02,18165.5,18171.95,18157.35,18157.35,10:30:00,18154.941892114803,0,16
2023-01-02,18188.8,18189.9,18162.85,18163.95,10:35:00,18158.16647381816,0,17
2023-01-02,18183.75,18189.3,18182.25,18188.65,10:40:00,18160.603000121188,0,18
2023-01-02,18175.4,18187.35,18170.5,18184.15,10:45:00,18162.012238204883,0,19
2023-01-02,18180.6,18180.8,18170.6,18175.65,10:50:00,18163.78250123299,0,20
2023-01-02,18181.0,18183.95,18177.05,18180.3,10:55:00,18165.42226302032,0,21
2023-01-02,18192.3,18194.5,18179.3,18181.1,11:00:00,18167.982047494577,0,22
2023-01-02,18196.45,18199.35,18190.65,18190.75,11:05:00,18170.693281066524,0,23
2023-01-02,18186.5,18199.8,18183.9,18196.35,11:10:00,18172.19868286971,0,24
2023-01-02,18190.85,18191.5,18183.45,18186.1,11:15:00,18173.97499878688,0,25
2023-01-02,18183.7,18192.45,18183.6,18191.15,11:20:00,18174.90118937861,0,26
2023-01-02,18183.95,18188.75,18177.15,18184.55,11:25:00,18175.76298086636,0,27
2023-01-02,18174.85,18186.35,18174.1,18183.85,11:30:00,18175.67603030766,0,28
2023-01-02,18180.25,18181.85,18172.25,18175.15,11:35:00,18176.111646468835,0,29
2023-01-02,18186.4,18189.05,18179.3,18180.5,11:40:00,18177.09148966228,0,30
2023-01-02,18181.7,18187.7,18181.25,18186.6,11:45:00,18177.530395408725,0,31
2023-01-02,18172.75,18183.65,18171.25,18182.05,11:50:00,18177.07511965552,0,32
2023-01-02,18173.1,18176.55,18170.5,18173.55,11:55:00,18176.69653683118,0,33
2023-01-02,18178.95,18180.9,18172.05,18172.55,12:00:00,18176.911152371067,0,34
2023-01-02,18181.65,18186.0,18177.9,18178.75,12:05:00,18177.362471192868,0,35
2023-01-02,18192.05,18192.95,18181.0,18182.4,12:10:00,18178.76128346021,0,36
2023-01-02,18192.6,18197.3,18190.15,18190.65,12:15:00,18180.079256464,0,37
2023-01-02,18182.8,18195.85,18181.65,18193.1,12:20:00,18180.338374896,0,38
2023-01-02,18167.15,18182.7,18160.05,18182.7,12:25:00,18179.08233919162,0,39
2023-01-02,18181.6,18186.35,18165.25,18166.95,12:30:00,18179.322116411466,0,40
2023-01-02,18168.55,18185.0,18167.05,18180.75,12:35:00,18178.296200562752,0,41
2023-01-02,18169.9,18171.85,18164.55,18168.7,12:40:00,18177.49656241392,0,42
2023-01-02,18170.75,18172.55,18164.2,18169.05,12:45:00,18176.85403266021,0,43
2023-01-02,18162.2,18173.95,18160.45,18171.1,12:50:00,18175.4584105021,0,44
2023-01-02,18158.0,18162.05,18153.9,18162.05,12:55:00,18173.79570474,0,45
2023-01-02,18172.4,18175.1,18157.9,18158.45,13:00:00,18173.662780479044,0,46
2023-01-02,18175.9,18178.7,18171.05,18172.65,13:05:00,18173.87584900485,0,47
2023-01-02,18182.35,18185.05,18174.05,18176.5,13:10:00,18174.68291100439,0,48
2023-01-02,18186.1,18187.3,18179.85,18182.25,13:15:00,18175.770252813498,0,49
2023-01-02,18186.55,18193.45,18180.65,18185.75,13:20:00,18176.796895402687,0,50
2023-01-02,18182.3,18192.0,18180.2,18186.35,13:25:00,18177.321000602435,0,51
2023-01-02,18173.85,18185.15,18171.45,18182.9,13:30:00,18176.99042911649,0,52
2023-01-02,18180.45,18185.45,18171.85,18173.7,13:35:00,18177.319912057774,0,53
2023-01-02,18171.4,18181.95,18169.6,18180.95,13:40:00,18176.756110909413,0,54
2023-01-02,18173.65,18177.6,18169.55,18171.9,13:45:00,18176.4602908228,0,55
2023-01-02,18167.75,18173.35,18163.4,18172.9,13:50:00,18175.630739315868,0,56
2023-01-02,18163.1,18172.65,18162.45,18167.9,13:55:00,18174.4373355715,0,57
2023-01-02,18164.65,18173.05,18157.95,18162.6,14:00:00,18173.505208374216,0,58
2023-01-02,18169.55,18173.95,18158.0,18164.8,14:05:00,18173.128521862385,0,59
2023-01-02,18170.1,18176.95,18167.5,18169.8,14:10:00,18172.840091208825,0,60
2023-01-02,18136.15,18169.95,18133.0,18169.95,14:15:00,18169.345796807986,0,61
2023-01-02,18141.15,18146.0,18123.2,18135.75,14:20:00,18166.66048282627,0,62
2023-01-02,18147.35,18155.15,18138.85,18141.25,14:25:00,18164.82138922377,0,63
2023-01-02,18158.75,18158.75,18143.8,18147.5,14:30:00,18164.24316167865,0,64
2023-01-02,18155.9,18159.15,18145.85,18158.95,14:35:00,18163.44857485211,0,65
2023-01-02,18156.7,18164.05,18150.75,18155.6,14:40:00,18162.805853437625,0,66
2023-01-02,18190.2,18196.65,18153.8,18156.05,14:45:00,18165.4148197769,0,67
2023-01-02,18195.75,18206.25,18188.5,18189.65,14:50:00,18168.303884560053,0,68
2023-01-02,18181.6,18205.1,18181.2,18195.65,14:55:00,18169.57018126862,0,69
2023-01-02,18183.85,18194.15,18179.95,18183.6,15:00:00,18170.93016400494,0,70
2023-01-02,18198.35,18198.35,18171.5,18184.45,15:05:00,18173.541576956854,0,71
2023-01-02,18193.05,18201.7,18184.6,18196.9,15:10:00,18175.39952200858,0,72
2023-01-02,18204.0,18207.6,18192.1,18192.1,15:15:00,18178.123377055384,0,73
2023-01-02,18206.9,18214.05,18202.35,18203.7,15:20:00,18180.86400781201,0,74
2023-01-02,18208.95,18215.15,18206.25,18207.15,15:25:00,18183.53886421088,0,75
2023-01-03,18163.8,18191.7,18153.3,18189.6,09:15:00,18181.658972381265,1,1
2023-01-03,18173.35,18179.75,18155.35,18164.75,09:20:00,18180.867641678287,1,2
2023-01-03,18161.1,18174.6,18149.8,18174.6,09:25:00,18178.985009137497,1,3
2023-01-03,18187.45,18192.9,18161.25,18161.25,09:30:00,18179.791198743453,1,4
2023-01-03,18184.35,18197.65,18182.7,18187.1,09:35:00,18180.225370291693,1,5
2023-01-03,18193.7,18195.7,18184.65,18184.8,09:40:00,18181.50866835915,1,6
2023-01-03,18204.0,18209.0,18188.6,18193.55,09:45:00,18183.650699943995,1,7
2023-01-03,18206.1,18208.8,18199.1,18202.85,09:50:00,18185.78872852076,1,8
2023-01-03,18209.4,18210.5,18198.35,18204.95,09:55:00,18188.03742104259,1,9
2023-01-03,18203.8,18212.45,18202.9,18209.45,10:00:00,18189.538619038536,1,10
2023-01-03,18224.55,18226.2,18201.7,18203.3,10:05:00,18192.87303627296,1,11
2023-01-03,18230.25,18232.7,18221.75,18225.0,10:10:00,18196.43274710411,1,12
2023-01-03,18228.65,18235.6,18227.5,18230.1,10:15:00,18199.50105690372,1,13
2023-01-03,18221.1,18229.35,18221.1,18228.25,10:20:00,18201.558099103364,1,14
2023-01-03,18219.05,18224.35,18217.6,18220.9,10:25:00,18203.22399442685,1,15
2023-01-03,18232.45,18234.35,18218.5,18218.6,10:30:00,18206.00742352906,1,16
2023-01-03,18229.55,18238.95,18228.25,18232.95,10:35:00,18208.24957366915,1,17
2023-01-03,18223.15,18232.95,18222.9,18229.65,10:40:00,18209.668661891134,1,18
2023-01-03,18219.55,18224.65,18215.95,18223.7,10:45:00,18210.609741711025,1,19
2023-01-03,18234.25,18234.8,18219.65,18219.65,10:50:00,18212.861194881403,1,20
2023-01-03,18226.35,18236.15,18221.5,18234.55,10:55:00,18214.14584298793,1,21
2023-01-03,18229.2,18233.35,18225.85,18226.7,11:00:00,18215.579572227176,1,22
2023-01-03,18229.85,18235.25,18226.6,18230.7,11:05:00,18216.938660586493,1,23
2023-01-03,18231.25,18239.3,18228.65,18229.6,11:10:00,18218.30164529254,1,24
2023-01-03,18236.6,18240.4,18230.7,18231.1,11:15:00,18220.04434574087,1,25
2023-01-03,18225.85,18237.1,18221.85,18237.05,11:20:00,18220.59726519412,1,26
2023-01-03,18236.55,18237.3,18223.65,18225.75,11:25:00,18222.11657327087,1,27
2023-01-03,18234.05,18239.45,18232.75,18236.2,11:30:00,18223.25309010221,1,28
2023-01-03,18230.3,18239.35,18228.65,18233.55,11:35:00,18223.9242243782,1,29
2023-01-03,18230.6,18232.05,18221.9,18230.55,11:40:00,18224.560012532653,1,30
2023-01-03,18230.6,18233.1,18228.0,18230.15,11:45:00,18225.135249434305,1,31
2023-01-03,18227.65,18233.05,18226.15,18230.85,11:50:00,18225.374749488183,1,32
2023-01-03,18218.45,18228.9,18213.9,18228.05,11:55:00,18224.715249536926,1,33
2023-01-03,18212.7,18224.25,18209.75,18219.1,12:00:00,18223.57094005722,1,34
2023-01-03,18206.6,18215.8,18204.0,18214.25,12:05:00,18221.95466005177,1,35
2023-01-03,18198.2,18209.95,18195.8,18207.4,12:10:00,18219.692311475414,1,36
2023-01-03,18185.55,18198.95,18184.7,18198.35,12:15:00,18216.44066276347,1,37
2023-01-03,18169.35,18192.05,18162.5,18185.5,12:20:00,18211.95583773838,1,38
2023-01-03,18175.0,18180.7,18167.2,18168.9,12:25:00,18208.43623414425,1,39
2023-01-03,18170.5,18178.5,18168.45,18175.4,12:30:00,18204.823259463847,1,40
2023-01-03,18181.05,18184.8,18170.4,18171.35,12:35:00,18202.55913951491,1,41
2023-01-03,18181.3,18187.0,18179.15,18180.8,12:40:00,18200.53445956111,1,42
2023-01-03,18175.95,18188.4,18174.7,18181.8,12:45:00,18198.19308246005,1,43
2023-01-03,18176.85,18181.55,18170.8,18175.75,12:50:00,18196.16040794004,1,44
2023-01-03,18179.7,18185.5,18176.35,18177.25,12:55:00,18194.592750041,1,45
2023-01-03,18184.75,18187.75,18179.2,18180.6,13:00:00,18193.655345275183,1,46
2023-01-03,18176.1,18192.3,18174.35,18185.3,13:05:00,18191.983407629927,1,47
2023-01-03,18184.55,18187.45,18172.9,18177.0,13:10:00,18191.275464046124,1,48
2023-01-03,18191.4,18195.95,18184.55,18185.25,13:15:00,18191.28732461316,1,49
2023-01-03,18190.85,18195.3,18188.35,18192.25,13:20:00,18191.245674650003,1,50
2023-01-03,18194.15,18195.0,18183.6,18191.4,13:25:00,18191.522277064287,1,51
2023-01-03,18200.9,18208.5,18193.7,18194.45,13:30:00,18192.41539353436,1,52
2023-01-03,18196.15,18205.1,18194.1,18201.0,13:35:00,18192.77107034061,1,53
2023-01-03,18203.4,18204.8,18194.6,18195.35,13:40:00,18193.78334935579,1,54
2023-01-03,18210.1,18210.65,18201.15,18202.8,13:45:00,18195.33731608381,1,55
2023-01-03,18217.0,18220.5,18209.55,18209.55,13:50:00,18197.400428837733,1,56
2023-01-03,18221.15,18225.1,18212.75,18217.05,13:55:00,18199.66229275795,1,57
2023-01-03,18220.0,18224.1,18213.15,18222.9,14:00:00,18201.5992172572,1,58
2023-01-03,18218.85,18223.4,18213.25,18219.8,14:05:00,18203.24214894698,1,59
2023-01-03,18205.45,18221.25,18205.45,18218.75,14:10:00,18203.45242047584,1,60
2023-01-03,18219.45,18221.95,18205.8,18205.8,14:15:00,18204.97599947814,1,61
2023-01-03,18229.8,18232.85,18217.55,18219.9,14:20:00,18207.34019000404,1,62
2023-01-03,18227.95,18234.6,18222.5,18230.8,14:25:00,18209.30302905127,1,63
2023-01-03,18234.9,18236.8,18224.55,18228.9,14:30:00,18211.74083580829,1,64
2023-01-03,18228.55,18237.05,18225.05,18235.45,14:35:00,18213.341708588458,1,65
2023-01-03,18238.05,18239.2,18228.4,18228.7,14:40:00,18215.69487919908,1,66
2023-01-03,18242.25,18250.0,18238.65,18238.65,14:45:00,18218.22393832297,1,67
2023-01-03,18240.7,18251.95,18238.3,18243.05,14:50:00,18220.36451562555,1,68
2023-01-03,18231.65,18241.35,18229.25,18241.1,14:55:00,18221.43932366121,1,69
2023-01-03,18226.75,18235.9,18211.9,18233.0,15:00:00,18221.945102360143,1,70
2023-01-03,18231.4,18232.95,18223.15,18228.15,15:05:00,18222.84556880204,1,71
2023-01-03,18240.65,18243.0,18227.95,18232.2,15:10:00,18224.541228916125,1,72
2023-01-03,18233.65,18241.9,18231.3,18239.95,15:15:00,18225.40873092411,1,73
2023-01-03,18237.7,18241.45,18229.4,18233.95,15:20:00,18226.57932797896,1,74
2023-01-03,18234.3,18239.55,18230.8,18237.75,15:25:00,18227.3146300762,1,75
2023-01-04,18210.75,18243.0,18200.1,18237.95,09:15:00,18225.73704625941,2,1
2023-01-04,18223.4,18223.5,18207.45,18209.7,09:20:00,18225.514470425183,2,2
2023-01-04,18233.4,18235.45,18220.1,18223.15,09:25:00,18226.26547324184,2,3
2023-01-04,18225.75,18238.65,18225.55,18232.9,09:30:00,18226.21638055213,2,4
2023-01-04,18174.15,18225.35,18172.15,18224.75,09:35:00,18221.25767764241,2,5
2023-01-04,18163.85,18179.9,18161.9,18174.1,09:40:00,18215.790279771703,2,6
2023-01-04,18159.55,18166.9,18148.85,18162.95,09:45:00,18210.43406265059,2,7
2023-01-04,18155.3,18165.95,18150.6,18159.05,09:50:00,18205.18319954101,2,8
2023-01-04,18128.3,18156.9,18128.05,18156.9,09:55:00,18197.860990060915,2,9
2023-01-04,18126.65,18127.55,18113.7,18127.35,10:00:00,18191.078991007493,2,10
2023-01-04,18135.9,18139.4,18122.75,18127.25,10:05:00,18185.82384900677,2,11
2023-01-04,18129.6,18139.05,18124.2,18135.1,10:10:00,18180.469196720416,2,12
2023-01-04,18131.05,18134.25,18122.4,18129.65,10:15:00,18175.762606556567,2,13
2023-01-04,18147.65,18148.1,18129.75,18130.7,10:20:00,18173.08521545594,2,14
2023-01-04,18154.2,18157.85,18143.75,18147.5,10:25:00,18171.28662350776,2,15
2023-01-04,18163.35,18164.0,18151.2,18154.55,10:30:00,18170.530754602256,2,16
2023-01-04,18158.65,18164.5,18154.3,18162.8,10:35:00,18169.39925416395,2,17
2023-01-04,18141.9,18158.7,18135.45,18158.7,10:40:00,18166.780277576905,2,18
2023-01-04,18136.65,18142.6,18132.4,18142.0,10:45:00,18163.910727331484,2,19
2023-01-04,18127.7,18138.35,18126.5,18136.55,10:50:00,18160.462086633248,2,20
2023-01-04,18136.65,18136.9,18125.7,18127.65,10:55:00,18158.194268858653,2,21
2023-01-04,18118.75,18137.7,18117.2,18137.3,11:00:00,18154.437671824493,2,22
2023-01-04,18097.45,18118.3,18094.05,18118.3,11:05:00,18149.01027450788,2,23
2023-01-04,18096.85,18099.9,18088.0,18098.1,11:10:00,18144.04262931665,2,24
2023-01-04,18112.0,18112.0,18095.0,18096.7,11:15:00,18140.990950334108,2,25
2023-01-04,18105.65,18112.15,18103.55,18111.15,11:20:00,18137.625145540384,2,26
2023-01-04,18109.85,18109.85,18101.35,18105.7,11:25:00,18134.97989358416,2,27
2023-01-04,18096.8,18110.7,18095.25,18109.4,11:30:00,18131.343713242808,2,28
2023-01-04,18105.8,18105.95,18096.6,18096.6,11:35:00,18128.91097864825,2,29
2023-01-04,18100.2,18106.1,18098.95,18105.0,11:40:00,18126.176599729373,2,30
2023-01-04,18082.8,18100.5,18082.4,18099.65,11:45:00,18122.045494993243,2,31
2023-01-04,18075.25,18085.95,18075.05,18082.9,11:50:00,18117.588781184364,2,32
2023-01-04,18075.0,18076.1,18070.3,18074.45,11:55:00,18113.532706785856,2,33
2023-01-04,18056.4,18077.45,18055.5,18076.4,12:00:00,18108.091496615776,2,34
2023-01-04,18044.15,18064.4,18042.55,18055.95,12:05:00,18102.001830271416,2,35
2023-01-04,18040.25,18051.85,18037.85,18044.05,12:10:00,18096.1207035789,2,36
2023-01-04,18055.7,18056.95,18038.4,18038.4,12:15:00,18092.271112761864,2,37
2023-01-04,18061.4,18061.4,18052.0,18054.85,12:20:00,18089.331006784545,2,38
2023-01-04,18055.6,18064.35,18055.45,18059.9,12:25:00,18086.11852994792,2,39
2023-01-04,18049.25,18062.1,18044.45,18056.3,12:30:00,18082.60724138145,2,40
2023-01-04,18048.85,18058.95,18045.9,18049.75,12:35:00,18079.3922660118,2,41
2023-01-04,18059.05,18059.05,18047.9,18049.2,12:40:00,18077.454907344003,2,42
2023-01-04,18069.95,18073.45,18058.7,18058.7,12:45:00,18076.74015426362,2,43
2023-01-04,18062.85,18075.4,18062.5,18069.85,12:50:00,18075.417282429,2,44
2023-01-04,18056.75,18069.75,18055.5,18062.55,12:55:00,18073.639446007182,2,45
2023-01-04,18083.25,18083.25,18056.2,18057.0,13:00:00,18074.55473686364,2,46
2023-01-04,18072.7,18085.15,18072.2,18082.95,13:05:00,18074.37809525758,2,47
2023-01-04,18078.95,18082.2,18069.25,18072.65,13:10:00,18074.813514756857,2,48
2023-01-04,18071.8,18081.3,18069.7,18078.6,13:15:00,18074.52651335144,2,49
2023-01-04,18076.45,18078.25,18066.55,18072.1,13:20:00,18074.709702556065,2,50
2023-01-04,18077.5,18082.55,18074.7,18076.55,13:25:00,18074.975445169774,2,51
2023-01-04,18080.15,18081.35,18072.3,18076.45,13:30:00,18075.46825991551,2,52
2023-01-04,18089.45,18094.9,18079.95,18079.95,13:35:00,18076.799854209272,2,53
2023-01-04,18098.2,18103.25,18086.75,18089.8,13:40:00,18078.8379633322,2,54
2023-01-04,18098.1,18104.35,18095.7,18098.25,13:45:00,18080.67244301485,2,55
2023-01-04,18116.4,18119.8,18097.95,18097.95,13:50:00,18084.075067489623,2,56
2023-01-04,18114.25,18123.95,18113.75,18116.55,13:55:00,18086.94887058585,2,57
2023-01-04,18129.05,18130.65,18113.8,18114.75,14:00:00,18090.958501958627,2,58
2023-01-04,18125.7,18131.4,18122.1,18129.2,14:05:00,18094.267216057808,2,59
2023-01-04,18125.6,18127.2,18115.5,18125.25,14:10:00,18097.251290718967,2,60
2023-01-04,18122.5,18130.15,18121.9,18126.2,14:15:00,18099.65592969812,2,61
2023-01-04,18090.6,18123.9,18083.2,18121.85,14:20:00,18098.79346020305,2,62
2023-01-04,18079.45,18093.4,18072.8,18089.9,14:25:00,18096.951225898003,2,63
2023-01-04,18075.5,18082.05,18071.6,18079.6,14:30:00,18094.908252002955,2,64
2023-01-04,18080.5,18084.8,18073.8,18075.45,14:35:00,18093.536037526483,2,65
2023-01-04,18069.1,18088.4,18067.35,18080.65,14:40:00,18091.20879585729,2,66
2023-01-04,18032.05,18067.25,18030.55,18066.3,14:45:00,18085.574624823264,2,67
2023-01-04,18040.55,18043.55,18020.6,18034.45,14:50:00,18081.286565316288,2,68
2023-01-04,18056.3,18061.55,18040.65,18040.65,14:55:00,18078.906892429022,2,69
2023-01-04,18050.8,18059.95,18035.3,18055.9,15:00:00,18076.23004553101,2,70
2023-01-04,18064.35,18064.35,18046.65,18051.6,15:05:00,18075.098612623304,2,71
2023-01-04,18052.85,18068.7,18049.5,18065.95,15:10:00,18072.97969713537,2,72
2023-01-04,18034.75,18054.45,18033.35,18052.35,15:15:00,18069.33877359867,2,73
2023-01-04,18032.7,18035.25,18023.3,18034.05,15:20:00,18065.84936658927,2,74
2023-01-04,18036.85,18038.05,18029.55,18031.7,15:25:00,18063.0875221522,2,75
2023-01-05,18063.1,18094.55,18044.15,18087.45,09:15:00,18063.088710518656,3,1
2023-01-05,18043.15,18069.7,18031.15,18062.75,09:20:00,18061.18978570736,3,2
2023-01-05,18074.8,18083.5,18039.05,18042.5,09:25:00,18062.48599659237,3,3
2023-01-05,18109.95,18120.3,18071.6,18074.3,09:30:00,18067.00637786929,3,4
2023-01-05,18082.3,18115.05,18080.15,18109.55,09:35:00,18068.462913310308,3,5
2023-01-05,18034.3,18089.55,18034.1,18079.5,09:40:00,18065.20930251885,3,6
2023-01-05,18042.5,18056.55,18028.4,18033.35,09:45:00,18063.04651180277,3,7
2023-01-05,18043.3,18048.5,18027.05,18041.9,09:50:00,18061.16589163108,3,8
2023-01-05,18037.25,18052.65,18033.25,18043.25,09:55:00,18058.888187666216,3,9
2023-01-05,18045.3,18048.85,18033.1,18036.9,10:00:00,18057.59407455515,3,10
2023-01-05,18018.4,18045.05,18013.5,18045.05,10:05:00,18053.861305549897,3,11
2023-01-05,18063.25,18065.15,18014.75,18018.05,10:10:00,18054.755466926097,3,12
2023-01-05,18059.35,18084.4,18052.05,18065.0,10:15:00,18055.193041504564,3,13
2023-01-05,18063.25,18066.15,18054.35,18060.1,10:20:00,18055.96037088508,3,14
2023-01-05,18063.35,18075.7,18060.0,18063.35,10:25:00,18056.664145086503,3,15
2023-01-05,18053.55,18068.65,18040.6,18063.45,10:30:00,18056.367559840168,3,16
2023-01-05,18049.15,18054.7,18046.0,18053.35,10:35:00,18055.680173188724,3,17
2023-01-05,18052.8,18055.6,18046.3,18049.3,10:40:00,18055.40587098028,3,18
2023-01-05,18039.9,18053.35,18039.0,18053.35,10:45:00,18053.929121363104,3,19
2023-01-05,18033.35,18043.3,18028.2,18039.85,10:50:00,18051.96920504281,3,20
2023-01-05,18033.6,18036.5,18023.25,18034.4,10:55:00,18050.21975694349,3,21
2023-01-05,18027.55,18038.8,18027.35,18033.7,11:00:00,18048.060732472684,3,22
2023-01-05,18038.7,18039.3,18026.85,18027.5,11:05:00,18047.16923414195,3,23
2023-01-05,18037.1,18045.0,18037.0,18038.65,11:10:00,18046.210259461765,3,24
2023-01-05,18042.9,18045.1,18035.2,18037.3,11:15:00,18045.894996655883,3,25
2023-01-05,18021.4,18043.9,18019.55,18043.1,11:20:00,18043.562139831512,3,26
2023-01-05,18022.35,18027.3,18017.75,18021.35,11:25:00,18041.54193603804,3,27
2023-01-05,18008.0,18023.5,18007.55,18021.9,11:30:00,18038.347465939176,3,28
2023-01-05,18006.7,18012.75,18001.3,18008.3,11:35:00,18035.333421564017,3,29
2023-01-05,18015.15,18020.6,18006.0,18006.5,11:40:00,18033.41119093887,3,30
2023-01-05,18001.85,18017.6,18001.0,18015.4,11:45:00,18030.40536323041,3,31
2023-01-05,17983.05,18002.7,17973.35,18002.7,11:50:00,18025.895328637034,3,32
2023-01-05,17983.1,17986.3,17975.85,17983.2,11:55:00,18021.819583052555,3,33
2023-01-05,17974.25,17984.7,17969.7,17981.95,12:00:00,18017.28914657136,3,34
2023-01-05,17979.25,17986.4,17973.25,17973.85,12:05:00,18013.66637070742,3,35
2023-01-05,17981.1,17986.5,17977.35,17979.2,12:10:00,18010.564811592427,3,36
2023-01-05,17980.0,17985.45,17971.75,17982.9,12:15:00,18007.653877155055,3,37
2023-01-05,17963.65,17982.6,17960.25,17980.45,12:20:00,18003.463031711715,3,38
2023-01-05,17958.05,17976.85,17956.6,17963.15,12:25:00,17999.137981072505,3,39
2023-01-05,17964.0,17967.35,17956.95,17957.05,12:30:00,17995.791506684647,3,40
2023-01-05,17950.65,17965.8,17947.3,17963.7,12:35:00,17991.492315571824,3,41
2023-01-05,17940.05,17952.45,17934.75,17950.7,12:40:00,17986.593047422128,3,42
2023-01-05,17949.7,17949.7,17935.55,17940.35,12:45:00,17983.079423858115,3,43
2023-01-05,17942.55,17952.1,17931.2,17949.05,12:50:00,17979.21947872877,3,44
2023-01-05,17938.05,17947.1,17937.35,17943.0,12:55:00,17975.298575992696,3,45
2023-01-05,17943.9,17951.05,17935.2,17937.7,13:00:00,17972.308235421962,3,46
2023-01-05,17948.75,17951.75,17940.9,17943.7,13:05:00,17970.064593953204,3,47
2023-01-05,17949.15,17965.35,17940.35,17948.55,13:10:00,17968.07272786242,3,48
2023-01-05,17926.3,17951.4,17925.35,17950.8,13:15:00,17964.094372827905,3,49
2023-01-05,17907.45,17926.25,17904.75,17926.15,13:20:00,17958.69967065382,3,50
2023-01-05,17904.1,17911.7,17892.6,17907.65,13:25:00,17953.499702020123,3,51
2023-01-05,17906.1,17915.75,17899.3,17903.8,13:30:00,17948.985444684873,3,52
2023-01-05,17897.55,17914.5,17897.55,17906.6,13:35:00,17944.086830905362,3,53
2023-01-05,17906.9,17911.55,17897.7,17897.7,13:40:00,17940.545227961993,3,54
2023-01-05,17908.35,17918.5,17906.45,17906.6,13:45:00,17937.479015775138,3,55
2023-01-05,17920.4,17924.2,17898.35,17909.15,13:50:00,17935.85244284417,3,56
2023-01-05,17938.8,17939.25,17917.4,17921.3,13:55:00,17936.133162573296,3,57
2023-01-05,17939.3,17940.25,17927.5,17938.45,14:00:00,17936.434766137747,3,58
2023-01-05,17923.4,17938.85,17915.85,17938.2,14:05:00,17935.193359838915,3,59
2023-01-05,17912.35,17932.55,17911.15,17923.85,14:10:00,17933.01780175902,3,60
2023-01-05,17913.85,17920.05,17912.0,17912.3,14:15:00,17931.192296829588,3,61
2023-01-05,17925.8,17925.8,17911.25,17914.0,14:20:00,17930.678744750578,3,62
2023-01-05,17952.6,17953.9,17925.2,17927.05,14:25:00,17932.76648334576,3,63
2023-01-05,17947.15,17956.4,17944.65,17953.15,14:30:00,17934.136342074737,3,64
2023-01-05,17946.05,17954.0,17938.9,17947.3,14:35:00,17935.270976162858,3,65
2023-01-05,17945.55,17954.45,17941.95,17946.85,14:40:00,17936.249930814014,3,66
2023-01-05,17959.7,17964.6,17941.0,17946.8,14:45:00,17938.483270736488,3,67
2023-01-05,17953.75,17968.05,17948.95,17960.0,14:50:00,17939.93724495206,3,68
2023-01-05,17954.75,17960.95,17940.95,17954.0,14:55:00,17941.347983528052,3,69
2023-01-05,17984.55,17985.65,17953.4,17953.4,15:00:00,17945.462461287287,3,70
2023-01-05,17986.6,17991.05,17977.35,17984.8,15:05:00,17949.380322117067,3,71
2023-01-05,17989.45,17999.55,17983.1,17986.9,15:10:00,17953.196481915442,3,72
2023-01-05,18004.6,18004.6,17989.3,17989.3,15:15:00,17958.09205506635,3,73
2023-01-05,17990.65,18007.9,17989.55,18004.85,15:20:00,17961.192811726698,3,74
2023-01-05,17999.8,18005.35,17989.45,17990.9,15:25:00,17964.869686800346,3,75
2023-01-06,17979.3,18018.25,17977.5,18013.4,09:15:00,17966.24400234317,4,1
2023-01-06,18003.0,18005.35,17970.2,17979.4,09:20:00,17969.74457354858,4,2
2023-01-06,17990.0,18026.35,17987.9,18002.1,09:25:00,17971.67366178205,4,3
2023-01-06,18025.2,18027.25,17976.4,17990.2,09:30:00,17976.771408278997,4,4
2023-01-06,18023.25,18047.4,18023.15,18025.35,09:35:00,17981.197940823855,4,5
2023-01-06,18026.75,18031.9,18014.85,18022.8,09:40:00,17985.536232173963,4,6
2023-01-06,18004.4,18031.6,18003.5,18026.65,09:45:00,17987.332781490728,4,7
2023-01-06,18004.5,18017.55,18002.35,18004.45,09:50:00,17988.967754682086,4,8
2023-01-06,17970.9,18005.7,17970.9,18005.05,09:55:00,17987.247016140936,4,9
2023-01-06,17964.05,17977.55,17959.6,17971.45,10:00:00,17985.037776508467,4,10
2023-01-06,17959.45,17968.3,17955.65,17963.45,10:05:00,17982.600845412424,4,11
2023-01-06,17955.0,17974.55,17953.65,17959.25,10:10:00,17979.972193468384,4,12
2023-01-06,17960.75,17961.3,17943.5,17954.65,10:15:00,17978.141508376157,4,13
2023-01-06,17953.35,17968.95,17952.75,17961.45,10:20:00,17975.780412340333,4,14
2023-01-06,17945.35,17954.45,17943.8,17953.1,10:25:00,17972.88227783173,4,15
2023-01-06,17938.5,17948.9,17937.25,17946.3,10:30:00,17969.607775181088,4,16
2023-01-06,17930.05,17938.15,17925.7,17938.15,10:35:00,17965.840368020985,4,17
2023-01-06,17934.0,17934.75,17920.2,17930.25,10:40:00,17962.807952018986,4,18
2023-01-06,17940.45,17941.0,17929.2,17934.2,10:45:00,17960.678623255273,4,19
2023-01-06,17951.75,17951.75,17939.2,17941.15,10:50:00,17959.828278183344,4,20
2023-01-06,17932.0,17951.8,17930.35,17951.1,10:55:00,17957.177965975407,4,21
2023-01-06,17917.4,17932.05,17910.65,17931.65,11:00:00,17953.389588263464,4,22
2023-01-06,17921.0,17922.1,17915.1,17916.8,11:05:00,17950.304865571707,4,23
2023-01-06,17913.7,17921.55,17908.25,17920.8,11:10:00,17946.818687898212,4,24
2023-01-06,17924.05,17927.95,17913.75,17914.1,11:15:00,17944.650241431715,4,25
2023-01-06,17921.65,17926.7,17919.0,17924.35,11:20:00,17942.45974224774,4,26
2023-01-06,17906.4,17921.95,17903.8,17921.95,11:25:00,17939.02548108129,4,27
2023-01-06,17924.1,17924.6,17905.8,17906.1,11:30:00,17937.604006692596,4,28
2023-01-06,17930.4,17933.9,17923.1,17924.2,11:35:00,17936.917910817112,4,29
2023-01-06,17939.2,17941.55,17929.45,17930.15,11:40:00,17937.135252644053,4,30
2023-01-06,17931.7,17946.9,17931.5,17939.4,11:45:00,17936.617609535097,4,31
2023-01-06,17934.6,17936.65,17926.25,17931.25,11:50:00,17936.42545624604,4,32
2023-01-06,17940.05,17948.75,17930.7,17933.85,11:55:00,17936.770650889273,4,33
2023-01-06,17943.75,17944.8,17936.5,17938.85,12:00:00,17937.435350804582,4,34
2023-01-06,17935.5,17945.55,17933.55,17943.2,12:05:00,17937.25103168034,4,35
2023-01-06,17922.8,17936.15,17922.55,17933.35,12:10:00,17935.874742948876,4,36
2023-01-06,17916.4,17926.6,17915.9,17923.15,12:15:00,17934.020005525173,4,37
2023-01-06,17921.95,17921.95,17909.6,17916.15,12:20:00,17932.870481189442,4,38
2023-01-06,17898.7,17922.45,17896.15,17921.05,12:25:00,17929.61614964759,4,39
2023-01-06,17904.95,17909.7,17893.95,17898.15,12:30:00,17927.266992538294,4,40
2023-01-06,17892.3,17905.15,17887.65,17904.85,12:35:00,17923.936802772743,4,41
2023-01-06,17875.4,17892.6,17871.85,17892.6,12:40:00,17919.31425012772,4,42
2023-01-06,17865.45,17877.05,17859.55,17877.05,12:45:00,17914.18432154413,4,43
2023-01-06,17859.4,17870.65,17854.6,17865.8,12:50:00,17908.966767111357,4,44
2023-01-06,17845.05,17863.25,17841.2,17860.1,12:55:00,17902.879455957896,4,45
2023-01-06,17839.2,17851.8,17828.85,17845.9,13:00:00,17896.814745866668,4,46
2023-01-06,17829.4,17847.85,17823.6,17837.95,13:05:00,17890.394293879366,4,47
2023-01-06,17830.4,17838.15,17828.35,17830.8,13:10:00,17884.680551605143,4,48
2023-01-06,17827.85,17835.4,17822.3,17831.7,13:15:00,17879.26811811894,4,49
2023-01-06,17810.05,17829.45,17805.9,17827.0,13:20:00,17872.675916393327,4,50
2023-01-06,17801.3,17816.1,17797.2,17810.15,13:25:00,17865.878210070154,4,51
2023-01-06,17823.7,17826.3,17795.55,17799.8,13:30:00,17861.86123768252,4,52
2023-01-06,17829.0,17831.55,17818.45,17823.55,13:35:00,17858.73159599847,4,53
2023-01-06,17827.95,17830.1,17819.0,17829.3,13:40:00,17855.800015427187,4,54
2023-01-06,17849.8,17851.4,17827.05,17828.2,13:45:00,17855.228585386503,4,55
2023-01-06,17846.75,17850.45,17837.15,17850.45,13:50:00,17854.421101063977,4,56
2023-01-06,17841.15,17846.0,17837.35,17845.7,13:55:00,17853.157186676934,4,57
2023-01-06,17830.9,17853.2,17830.8,17839.45,14:00:00,17851.037454612462,4,58
2023-01-06,17814.75,17831.7,17812.4,17831.45,14:05:00,17847.581506554132,4,59
2023-01-06,17820.85,17823.85,17811.75,17813.85,14:10:00,17845.03564878707,4,60
2023-01-06,17800.75,17820.85,17798.0,17820.6,14:15:00,17840.817967950206,4,61
2023-01-06,17848.0,17851.3,17797.55,17801.4,14:20:00,17841.501971002566,4,62
2023-01-06,17839.0,17850.7,17832.55,17847.25,14:25:00,17841.26368804994,4,63
2023-01-06,17838.6,17841.85,17827.85,17840.45,14:30:00,17841.010003473755,4,64
2023-01-06,17841.65,17849.95,17834.5,17838.35,14:35:00,17841.07095552387,4,65
2023-01-06,17831.85,17841.25,17821.1,17841.25,14:40:00,17840.1927692835,4,66
2023-01-06,17846.8,17847.4,17827.9,17832.5,14:45:00,17840.82202935174,4,67
2023-01-06,17848.55,17857.75,17841.65,17846.6,14:50:00,17841.558026556337,4,68
2023-01-06,17866.15,17867.55,17843.65,17847.7,14:55:00,17843.900119265258,4,69
2023-01-06,17848.8,17876.6,17843.25,17865.25,15:00:00,17844.36677457333,4,70
2023-01-06,17863.8,17863.8,17842.95,17848.85,15:05:00,17846.217557947297,4,71
2023-01-06,17869.85,17881.1,17864.15,17864.5,15:10:00,17848.46826671422,4,72
2023-01-06,17861.25,17872.15,17859.75,17869.45,15:15:00,17849.6855746462,4,73
2023-01-06,17854.95,17862.2,17847.25,17861.0,15:20:00,17850.186948489416,4,74
2023-01-06,17865.85,17867.75,17854.0,17854.0,15:25:00,17851.6786676809,4,75
2023-01-09,17969.2,17972.75,17936.15,17963.2,09:15:00,17862.871175520813,0,1
2023-01-09,17967.55,17978.85,17955.85,17968.1,09:20:00,17872.840587375973,0,2
2023-01-09,17987.15,17988.5,17943.1,17967.3,09:25:00,17883.72719810207,0,3
2023-01-09,18030.6,18031.85,17991.3,17991.4,09:30:00,17897.71508399711,0,4
2023-01-09,18031.8,18035.75,18020.25,18031.2,09:35:00,17910.485075997385,0,5
2023-01-09,18027.65,18041.85,18025.65,18031.85,09:40:00,17921.64364018811,0,6
2023-01-09,18020.0,18034.5,18011.55,18026.85,09:45:00,17931.010912551148,0,7
2023-01-09,18036.85,18036.85,18017.05,18018.15,09:50:00,17941.090825641517,0,8
2023-01-09,18050.35,18055.25,18037.25,18037.4,09:55:00,17951.496461294704,0,9
2023-01-09,18067.8,18070.8,18051.05,18051.4,10:00:00,17962.572988790445,0,10
2023-01-09,18072.45,18078.05,18066.25,18068.05,10:05:00,17973.0374660485,0,11
2023-01-09,18059.65,18073.0,18055.05,18072.25,10:10:00,17981.286278805786,0,12
2023-01-09,18077.55,18087.05,18060.7,18060.7,10:15:00,17990.454252252854,0,13
2023-01-09,18082.6,18096.7,18077.85,18079.8,10:20:00,17999.230037752583,0,14
2023-01-09,18084.1,18088.8,18076.2,18081.85,10:25:00,18007.312891299956,0,15
2023-01-09,18079.75,18101.2,18077.95,18083.75,10:30:00,18014.211663557104,0,16
2023-01-09,18087.3,18095.05,18074.45,18080.5,10:35:00,18021.17245750405,0,17
2023-01-09,18083.15,18095.45,18082.5,18087.5,10:40:00,18027.075080598897,0,18
2023-01-09,18093.75,18094.3,18072.95,18083.3,10:45:00,18033.42507292281,0,19
2023-01-09,18085.95,18095.65,18082.2,18094.65,10:50:00,18038.427446930164,0,20
2023-01-09,18085.85,18088.9,18079.9,18086.55,10:55:00,18042.94388055586,0,21
2023-01-09,18084.45,18087.55,18079.5,18085.75,11:00:00,18046.896844312443,0,22
2023-01-09,18093.05,18100.25,18083.75,18085.4,11:05:00,18051.29238294936,0,23
2023-01-09,18105.2,18108.75,18091.95,18093.1,11:10:00,18056.426441716085,0,24
2023-01-09,18105.05,18109.35,18097.7,18106.0,11:15:00,18061.057256790744,0,25
2023-01-09,18111.35,18112.85,18103.65,18105.7,11:20:00,18065.84704185829,0,26
2023-01-09,18115.6,18118.3,18104.9,18111.1,11:25:00,18070.58541882417,0,27
2023-01-09,18131.4,18132.25,18116.05,18116.05,11:30:00,18076.377283698057,0,28
2023-01-09,18128.8,18132.5,18118.75,18130.8,11:35:00,18081.36992334586,0,29
2023-01-09,18130.25,18133.1,18123.25,18129.1,11:40:00,18086.025168741493,0,30
2023-01-09,18130.75,18132.0,18122.25,18128.45,11:45:00,18090.2846764804,0,31
2023-01-09,18135.35,18136.35,18123.6,18129.25,11:50:00,18094.576612053694,0,32
2023-01-09,18126.15,18140.55,18124.0,18135.85,11:55:00,18097.58360138192,0,33
2023-01-09,18115.15,18126.35,18113.65,18125.5,12:00:00,18099.25659172649,0,34
2023-01-09,18116.15,18123.65,18114.0,18114.9,12:05:00,18100.865487752544,0,35
2023-01-09,18130.2,18135.3,18112.9,18116.05,12:10:00,18103.65925082373,0,36
2023-01-09,18124.05,18141.4,18124.05,18130.8,12:15:00,18105.60122693576,0,37
2023-01-09,18109.65,18124.25,18109.2,18124.25,12:20:00,18105.986824370444,0,38
2023-01-09,18095.1,18109.9,18089.3,18109.9,12:25:00,18104.94998395421,0,39
2023-01-09,18098.95,18106.1,18089.8,18094.95,12:30:00,18104.37855691096,0,40
2023-01-09,18088.25,18098.85,18082.9,18098.85,12:35:00,18102.842503871816,0,41
2023-01-09,18098.8,18100.65,18083.85,18087.95,12:40:00,18102.457503503072,0,42
2023-01-09,18099.45,18101.9,18094.2,18098.55,12:45:00,18102.171074598016,0,43
2023-01-09,18097.2,18108.0,18096.45,18099.5,12:50:00,18101.69763892201,0,44
2023-01-09,18093.35,18100.35,18088.1,18097.25,12:55:00,18100.902625691346,0,45
2023-01-09,18079.7,18094.15,18077.5,18093.1,13:00:00,18098.883328006457,0,46
2023-01-09,18083.0,18083.9,18074.95,18079.05,13:05:00,18097.37063010108,0,47
2023-01-09,18075.35,18089.85,18074.55,18082.95,13:10:00,18095.273427234308,0,48
2023-01-09,18065.65,18077.35,18060.1,18074.9,13:15:00,18092.452148450087,0,49
2023-01-09,18059.55,18066.65,18057.1,18066.65,13:20:00,18089.31861050246,0,50
2023-01-09,18056.35,18065.7,18055.25,18058.55,13:25:00,18086.17874283556,0,51
2023-01-09,18047.5,18061.15,18045.7,18055.95,13:30:00,18082.495053041697,0,52
2023-01-09,18044.25,18049.95,18042.2,18045.85,13:35:00,18078.852667037725,0,53
2023-01-09,18026.35,18046.8,18025.75,18044.4,13:40:00,18073.85241303413,0,54
2023-01-09,18006.65,18030.95,18004.1,18026.85,13:45:00,18067.45218322136,0,55
2023-01-09,18009.35,18016.85,17997.4,18006.7,13:50:00,18061.91864196218,0,56
2023-01-09,18038.1,18038.55,18007.9,18009.25,13:55:00,18059.650199870543,0,57
2023-01-09,18038.7,18047.05,18037.25,18037.65,14:00:00,18057.654942740013,0,58
2023-01-09,18027.75,18038.15,18021.4,18038.15,14:05:00,18054.80685295525,0,59
2023-01-09,18053.25,18053.5,18026.15,18027.25,14:10:00,18054.658581245225,0,60
2023-01-09,18048.3,18057.85,18043.3,18053.35,14:15:00,18054.05300207901,0,61
2023-01-09,18057.6,18061.05,18045.8,18048.15,14:20:00,18054.390811404824,0,62
2023-01-09,18061.0,18066.15,18053.8,18058.0,14:25:00,18055.020257937696,0,63
2023-01-09,18071.05,18071.85,18055.2,18060.6,14:30:00,18056.54690003887,0,64
2023-01-09,18067.15,18074.1,18059.3,18071.35,14:35:00,18057.556719082782,0,65
2023-01-09,18065.2,18069.15,18060.6,18067.6,14:40:00,18058.28465059871,0,66
2023-01-09,18073.5,18078.0,18032.7,18063.9,14:45:00,18059.73373149407,0,67
2023-01-09,18059.9,18076.2,18054.5,18074.0,14:50:00,18059.749566589875,0,68
2023-01-09,18063.25,18072.85,18057.85,18060.6,14:55:00,18060.08294120036,0,69
2023-01-09,18102.05,18103.45,18063.65,18063.65,15:00:00,18064.079803943183,0,70
2023-01-09,18098.95,18105.7,18090.4,18102.85,15:05:00,18067.40077499621,0,71
2023-01-09,18106.45,18107.3,18097.35,18099.2,15:10:00,18071.119748806097,0,72
2023-01-09,18108.8,18115.7,18104.3,18106.4,15:15:00,18074.70834415789,0,73
2023-01-09,18104.0,18115.4,18103.0,18109.85,15:20:00,18077.49802566667,0,74
2023-01-09,18088.75,18103.95,18083.9,18103.95,15:25:00,18078.56964226985,0,75
2023-01-10,18052.35,18127.6,18040.85,18127.6,09:15:00,18076.07253348224,1,1
2023-01-10,18052.55,18058.7,18039.45,18053.05,09:20:00,18073.83229219821,1,2
2023-01-10,18028.3,18055.95,18026.65,18052.95,09:25:00,18069.49588341744,1,3
2023-01-10,18008.25,18031.75,18006.25,18028.6,09:30:00,18063.662942139585,1,4
2023-01-10,18019.8,18023.3,18003.6,18007.6,09:35:00,18059.48551907868,1,5
2023-01-10,18018.3,18021.75,18006.9,18019.7,09:40:00,18055.56308869023,1,6
2023-01-10,18012.25,18030.55,18008.35,18018.65,09:45:00,18051.438032624494,1,7
2023-01-10,17986.75,18012.5,17986.65,18011.4,09:50:00,18045.27726761264,1,8
2023-01-10,17983.65,17986.85,17977.1,17986.35,09:55:00,18039.40800403048,1,9
2023-01-10,17987.3,17987.65,17965.45,17983.9,10:00:00,18034.44533697996,1,10
2023-01-10,17990.8,17999.15,17982.05,17987.4,10:05:00,18030.288638219965,1,11
2023-01-10,17990.8,17993.6,17979.25,17991.45,10:10:00,18026.52781553235,1,12
2023-01-10,18004.7,18010.55,17989.55,17990.3,10:15:00,18024.44897595784,1,13
2023-01-10,17988.9,18008.5,17986.95,18004.25,10:20:00,18021.06335919995,1,14
2023-01-10,17991.05,18003.15,17988.3,17988.6,10:25:00,18018.20494403805,1,15
2023-01-10,17969.0,17992.25,17969.0,17991.4,10:30:00,18013.51875889157,1,16
2023-01-10,17975.6,17980.9,17966.15,17969.25,10:35:00,18009.907448520942,1,17
2023-01-10,17957.1,17976.7,17956.1,17975.55,10:40:00,18004.878167709423,1,18
2023-01-10,17955.5,17957.25,17947.2,17957.25,10:45:00,18000.17548507043,1,19
2023-01-10,17961.7,17963.65,17949.8,17955.9,10:50:00,17996.51115315896,1,20
2023-01-10,17970.4,17971.3,17961.4,17962.6,10:55:00,17994.024376667632,1,21
2023-01-10,17964.9,17973.85,17962.5,17971.0,11:00:00,17991.25062650881,1,22
2023-01-10,17966.6,17967.95,17956.25,17964.25,11:05:00,17988.902947793682,1,23
2023-01-10,17954.6,17968.35,17952.5,17966.3,11:10:00,17985.63600038476,1,24
2023-01-10,17964.95,17964.95,17946.15,17954.0,11:15:00,17983.665905110018,1,25
2023-01-10,17953.7,17964.7,17952.8,17964.55,11:20:00,17980.812009385256,1,26
2023-01-10,17942.15,17957.8,17940.25,17953.95,11:25:00,17977.129913253328,1,27
2023-01-10,17936.9,17942.15,17927.1,17941.05,11:30:00,17973.298492943486,1,28
2023-01-10,17933.4,17941.75,17930.4,17937.2,11:35:00,17969.49863647268,1,29
2023-01-10,17933.4,17938.45,17932.25,17933.8,11:40:00,17966.06067109433,1,30
2023-01-10,17936.25,17944.6,17932.75,17933.15,11:45:00,17963.221559561534,1,31
2023-01-10,17941.2,17941.5,17930.75,17936.5,11:50:00,17961.12426817472,1,32
2023-01-10,17940.0,17943.6,17933.45,17941.05,11:55:00,17959.112433110462,1,33
2023-01-10,17941.7,17947.4,17939.75,17939.75,12:00:00,17957.45410614756,1,34
2023-01-10,17950.35,17951.65,17941.15,17941.6,12:05:00,17956.777524609697,1,35
2023-01-10,17957.2,17963.9,17949.3,17950.45,12:10:00,17956.817760361155,1,36
2023-01-10,17957.25,17961.2,17955.6,17957.6,12:15:00,17956.858926041044,1,37
2023-01-10,17948.1,17960.8,17944.6,17958.3,12:20:00,17956.024742608563,1,38
2023-01-10,17966.1,17968.4,17945.3,17949.3,12:25:00,17956.984290931556,1,39
2023-01-10,17957.9,17974.7,17957.55,17967.1,12:30:00,17957.071501319027,1,40
2023-01-10,17939.0,17963.25,17938.5,17959.15,12:35:00,17955.35040595531,1,41
2023-01-10,17904.05,17940.5,17903.0,17938.8,12:40:00,17950.464653007184,1,42
2023-01-10,17891.95,17907.35,17889.3,17901.9,12:45:00,17944.891828911263,1,43
2023-01-10,17885.7,17895.1,17882.75,17891.5,12:50:00,17939.254511872095,1,44
2023-01-10,17881.35,17893.1,17878.15,17886.35,12:55:00,17933.739796455706,1,45
2023-01-10,17902.85,17905.3,17881.4,17881.4,13:00:00,17930.79791107897,1,46
2023-01-10,17904.0,17910.6,17893.2,17903.3,13:05:00,17928.245729071452,1,47
2023-01-10,17890.25,17905.75,17890.25,17904.5,13:10:00,17924.627088207504,1,48
2023-01-10,17897.85,17904.15,17888.55,17891.25,13:15:00,17922.076889330598,1,49
2023-01-10,17899.95,17901.3,17887.9,17898.5,13:20:00,17919.969566537206,1,50
2023-01-10,17905.65,17906.75,17898.2,17901.1,13:25:00,17918.605798295568,1,51
2023-01-10,17898.0,17910.25,17893.45,17906.5,13:30:00,17916.643341315037,1,52
2023-01-10,17887.75,17900.1,17887.6,17897.55,13:35:00,17913.891594523127,1,53
2023-01-10,17873.7,17888.0,17859.9,17887.55,13:40:00,17910.06382361616,1,54
2023-01-10,17878.25,17894.5,17868.1,17874.15,13:45:00,17907.03393565272,1,55
2023-01-10,17900.15,17902.3,17877.55,17878.7,13:50:00,17906.378322733413,1,56
2023-01-10,17904.35,17913.35,17892.9,17899.9,13:55:00,17906.185149139754,1,57
2023-01-10,17908.9,17918.85,17893.2,17904.65,14:00:00,17906.44370636454,1,58
2023-01-10,17901.9,17917.2,17899.75,17910.2,14:05:00,17906.010972425058,1,59
2023-01-10,17904.25,17912.05,17897.65,17902.2,14:10:00,17905.84326076553,1,60
2023-01-10,17891.55,17910.8,17886.2,17902.95,14:15:00,17904.48199783548,1,61
2023-01-10,17900.45,17902.15,17886.25,17891.65,14:20:00,17904.097998041623,1,62
2023-01-10,17874.9,17901.2,17872.4,17901.2,14:25:00,17901.317236323375,1,63
2023-01-10,17871.85,17883.75,17867.9,17875.85,14:30:00,17898.510832864005,1,64
2023-01-10,17865.4,17872.35,17863.4,17871.3,14:35:00,17895.35742021029,1,65
2023-01-10,17858.25,17882.2,17857.85,17866.05,14:40:00,17891.823380190264,1,66
2023-01-10,17876.9,17880.75,17856.0,17857.5,14:45:00,17890.40210588643,1,67
2023-01-10,17890.25,17893.4,17875.75,17875.75,14:50:00,17890.387619611534,1,68
2023-01-10,17892.8,17904.65,17885.75,17891.75,14:55:00,17890.61737012472,1,69
2023-01-10,17893.9,17922.4,17886.35,17894.65,15:00:00,17890.930001541416,1,70
2023-01-10,17922.5,17922.5,17891.2,17893.5,15:05:00,17893.93666806128,1,71
2023-01-10,17921.85,17927.45,17915.55,17922.3,15:10:00,17896.595080626874,1,72
2023-01-10,17919.9,17928.9,17912.05,17922.5,15:15:00,17898.81459675765,1,73
2023-01-10,17915.2,17920.2,17913.15,17919.45,15:20:00,17900.375111352158,1,74
2023-01-10,17925.35,17927.15,17914.8,17915.5,15:25:00,17902.75367217576,1,75
2023-01-11,17886.05,17936.75,17866.45,17936.75,09:15:00,17901.16284625426,2,1
2023-01-11,17842.7,17887.65,17841.25,17886.25,09:20:00,17895.59495613481,2,2
2023-01-11,17843.4,17848.0,17824.35,17845.65,09:25:00,17890.624007931496,2,3
2023-01-11,17843.7,17856.25,17825.5,17844.5,09:30:00,17886.155054795163,2,4
2023-01-11,17925.15,17938.7,17836.15,17843.45,09:35:00,17889.868859100385,2,5
2023-01-11,17870.15,17928.65,17854.7,17924.9,09:40:00,17887.990872519396,2,6
2023-01-11,17894.9,17906.75,17861.5,17869.8,09:45:00,17888.648884660408,2,7
2023-01-11,17899.35,17906.9,17888.55,17896.2,09:50:00,17889.668038502274,2,8
2023-01-11,17890.3,17902.8,17886.05,17899.45,09:55:00,17889.72822531158,2,9
2023-01-11,17908.7,17915.8,17890.75,17890.75,10:00:00,17891.535060996193,2,10
2023-01-11,17933.9,17934.35,17906.2,17909.5,10:05:00,17895.569817091797,2,11
2023-01-11,17957.05,17957.6,17930.35,17934.5,10:10:00,17901.425072606864,2,12
2023-01-11,17950.1,17965.0,17949.8,17957.55,10:15:00,17906.06077997764,2,13
2023-01-11,17951.65,17953.15,17933.35,17949.0,10:20:00,17910.40261045596,2,14
2023-01-11,17967.95,17967.95,17945.65,17951.55,10:25:00,17915.883314222057,2,15
2023-01-11,17966.4,17976.35,17963.6,17968.1,10:30:00,17920.69442715329,2,16
2023-01-11,17951.7,17967.7,17951.65,17966.15,10:35:00,17923.647338852974,2,17
2023-01-11,17950.5,17964.05,17950.1,17952.9,10:40:00,17926.20473515269,2,18
2023-01-11,17937.35,17957.4,17937.35,17950.65,10:45:00,17927.26618894767,2,19
2023-01-11,17899.65,17940.55,17899.65,17937.5,10:50:00,17924.636075714556,2,20
2023-01-11,17900.3,17906.75,17885.75,17900.6,10:55:00,17922.318354217932,2,21
2023-01-11,17890.0,17904.3,17889.8,17900.45,11:00:00,17919.240415720986,2,22
2023-01-11,17896.7,17897.55,17876.05,17889.3,11:05:00,17917.093709461846,2,23
2023-01-11,17910.2,17910.2,17895.85,17896.35,11:10:00,17916.437165703574,2,24
2023-01-11,17906.2,17911.65,17899.8,17910.25,11:15:00,17915.46219754133,2,25
2023-01-11,17891.25,17910.1,17886.75,17906.25,11:20:00,17913.156273965964,2,26
2023-01-11,17901.0,17901.0,17885.3,17891.45,11:25:00,17911.998533588252,2,27
2023-01-11,17878.9,17902.75,17878.9,17901.3,11:30:00,17908.846292294133,2,28
2023-01-11,17885.7,17894.85,17878.1,17879.25,11:35:00,17906.641883504217,2,29
2023-01-11,17881.6,17886.6,17871.0,17885.9,11:40:00,17904.2569422181,2,30
2023-01-11,17895.15,17897.2,17882.4,17882.45,11:45:00,17903.389614387805,2,31
2023-01-11,17918.95,17919.45,17893.25,17894.85,11:50:00,17904.87155587468,2,32
2023-01-11,17915.85,17924.2,17915.2,17918.4,11:55:00,17905.917121981853,2,33
2023-01-11,17910.45,17929.15,17907.15,17915.45,12:00:00,17906.348824650246,2,34
2023-01-11,17913.7,17918.7,17907.55,17910.35,12:05:00,17907.04893658832,2,35
2023-01-11,17904.55,17919.05,17901.2,17913.75,12:10:00,17906.810942627526,2,36
2023-01-11,17904.75,17908.95,17893.7,17903.95,12:15:00,17906.614662377284,2,37
2023-01-11,17913.3,17916.2,17904.4,17904.4,12:20:00,17907.251361198494,2,38
2023-01-11,17914.1,17921.05,17912.25,17913.65,12:25:00,17907.903612512924,2,39
2023-01-11,17908.05,17914.8,17898.9,17913.2,12:30:00,17907.91755417836,2,40
2023-01-11,17899.35,17908.65,17897.25,17907.65,12:35:00,17907.101596637563,2,41
2023-01-11,17897.7,17907.05,17894.5,17898.0,12:40:00,17906.206206481605,2,42
2023-01-11,17888.0,17900.15,17886.15,17897.25,12:45:00,17904.472282054787,2,43
2023-01-11,17887.15,17891.0,17881.85,17887.0,12:50:00,17902.822540906713,2,44
2023-01-11,17899.2,17904.0,17886.35,17886.5,12:55:00,17902.477537010836,2,45
2023-01-11,17907.15,17908.4,17894.95,17898.45,13:00:00,17902.922533485995,2,46
2023-01-11,17913.7,17918.0,17905.7,17906.35,13:05:00,17903.94895886828,2,47
2023-01-11,17914.35,17920.45,17912.5,17912.95,13:10:00,17904.939534214158,2,48
2023-01-11,17917.35,17928.5,17913.45,17913.45,13:15:00,17906.12148333662,2,49
2023-01-11,17921.0,17924.65,17913.15,17917.2,13:20:00,17907.538484923607,2,50
2023-01-11,17922.45,17926.0,17915.75,17919.7,13:25:00,17908.9586292166,2,51
2023-01-11,17916.3,17927.85,17913.65,17921.85,13:30:00,17909.657807386448,2,52
2023-01-11,17919.05,17931.85,17913.2,17916.1,13:35:00,17910.55230192107,2,53
2023-01-11,17914.7,17920.9,17912.75,17918.4,13:40:00,17910.94732078573,2,54
2023-01-11,17911.1,17916.3,17903.3,17913.9,13:45:00,17910.96186166328,2,55
2023-01-11,17896.9,17912.2,17895.7,17911.2,13:50:00,17909.622636742966,2,56
2023-01-11,17894.1,17899.9,17891.8,17895.7,13:55:00,17908.14429038649,2,57
2023-01-11,17888.3,17908.55,17887.1,17892.85,14:00:00,17906.25435796873,2,58
2023-01-11,17881.0,17888.1,17865.0,17888.1,14:05:00,17903.849181019326,2,59
2023-01-11,17876.05,17885.0,17871.5,17880.95,14:10:00,17901.201639969866,2,60
2023-01-11,17869.4,17881.45,17867.2,17874.85,14:15:00,17898.172912353686,2,61
2023-01-11,17877.8,17881.55,17868.55,17869.0,14:20:00,17896.23263498667,2,62
2023-01-11,17895.8,17896.65,17877.05,17877.05,14:25:00,17896.191431654606,2,63
2023-01-11,17905.45,17906.4,17890.45,17895.0,14:30:00,17897.073200068455,2,64
2023-01-11,17913.35,17917.2,17902.65,17904.2,14:35:00,17898.623371490507,2,65
2023-01-11,17916.8,17922.15,17909.2,17912.8,14:40:00,17900.3544789676,2,66
2023-01-11,17917.4,17924.3,17909.15,17915.0,14:45:00,17901.977861923067,2,67
2023-01-11,17920.55,17922.55,17916.5,17917.2,14:50:00,17903.746636978012,2,68
2023-01-11,17933.8,17939.7,17909.65,17920.0,14:55:00,17906.608862027726,2,69
2023-01-11,17904.65,17935.75,17900.85,17933.3,15:00:00,17906.42230373937,2,70
2023-01-11,17896.4,17904.95,17884.9,17903.25,15:05:00,17905.467798621336,2,71
2023-01-11,17891.85,17903.65,17891.85,17897.1,15:10:00,17904.170865419303,2,72
2023-01-11,17886.35,17896.45,17879.3,17891.2,15:15:00,17902.473640141274,2,73
2023-01-11,17892.4,17893.6,17879.75,17886.25,15:20:00,17901.514245842107,2,74
2023-01-11,17888.4,17895.9,17887.55,17892.3,15:25:00,17900.26527004762,2,75
2023-01-12,17914.25,17935.05,17895.6,17929.65,09:15:00,17901.597149090703,3,1
2023-01-12,17912.95,17929.4,17900.3,17913.8,09:20:00,17902.678372986826,3,2
2023-01-12,17904.0,17924.9,17902.15,17912.15,09:25:00,17902.804242226175,3,3
2023-01-12,17938.7,17941.4,17903.55,17903.55,09:30:00,17906.22288582368,3,4
2023-01-12,17930.85,17945.8,17922.95,17937.95,09:35:00,17908.568325269043,3,5
2023-01-12,17901.6,17935.6,17881.45,17930.9,09:40:00,17907.90467524342,3,6
2023-01-12,17885.6,17908.95,17885.6,17899.4,09:45:00,17905.78042045833,3,7
2023-01-12,17890.95,17898.15,17869.9,17886.05,09:50:00,17904.367999462298,3,8
2023-01-12,17884.25,17901.45,17882.8,17891.15,09:55:00,17902.451999513505,3,9
2023-01-12,17856.45,17889.65,17855.05,17883.55,10:00:00,17898.070856702696,3,10
2023-01-12,17846.15,17862.1,17845.0,17856.2,10:05:00,17893.126013207202,3,11
2023-01-12,17853.85,17855.7,17841.1,17846.3,10:10:00,17889.3854405208,3,12
2023-01-12,17839.4,17853.95,17827.05,17853.95,10:15:00,17884.624922375962,3,13
2023-01-12,17834.2,17844.15,17832.25,17840.15,10:20:00,17879.822548816344,3,14
2023-01-12,17829.6,17835.7,17822.25,17834.0,10:25:00,17875.039448929074,3,15
2023-01-12,17819.1,17829.7,17811.65,17829.7,10:30:00,17869.7118823644,3,16
2023-01-12,17821.05,17821.4,17812.5,17818.1,10:35:00,17865.077417377313,3,17
2023-01-12,17830.25,17833.6,17820.55,17820.75,10:40:00,17861.760520484237,3,18
2023-01-12,17826.8,17837.5,17825.95,17830.5,10:45:00,17858.430947104785,3,19
2023-01-12,17824.0,17828.75,17816.85,17827.05,10:50:00,17855.151809285282,3,20
2023-01-12,17827.9,17831.7,17821.6,17824.1,10:55:00,17852.55639887716,3,21
2023-01-12,17835.5,17835.85,17826.0,17827.55,11:00:00,17850.93197993648,3,22
2023-01-12,17821.7,17835.65,17821.15,17835.45,11:05:00,17848.14798184729,3,23
2023-01-12,17800.85,17820.45,17795.85,17820.45,11:10:00,17843.64341214755,3,24
2023-01-12,17813.95,17815.65,17798.95,17800.4,11:15:00,17840.815468133496,3,25
2023-01-12,17806.1,17815.95,17803.65,17813.2,11:20:00,17837.509233073164,3,26
2023-01-12,17804.25,17807.75,17799.25,17806.05,11:25:00,17834.341687066197,3,27
2023-01-12,17813.25,17815.25,17802.45,17803.95,11:30:00,17832.332954964655,3,28
2023-01-12,17818.55,17827.15,17812.05,17812.5,11:35:00,17831.02029258707,3,29
2023-01-12,17811.75,17819.55,17807.1,17818.8,11:40:00,17829.185026626394,3,30
2023-01-12,17806.65,17811.95,17804.25,17810.95,11:45:00,17827.03883361436,3,31
2023-01-12,17785.7,17807.3,17784.35,17806.7,11:50:00,17823.101801841563,3,32
2023-01-12,17786.45,17794.9,17780.7,17781.95,11:55:00,17819.61115404713,3,33
2023-01-12,17806.15,17807.1,17785.2,17786.4,12:00:00,17818.329139375972,3,34
2023-01-12,17811.2,17811.8,17801.0,17806.25,12:05:00,17817.65017372112,3,35
2023-01-12,17814.85,17816.1,17806.25,17811.25,12:10:00,17817.383490509583,3,36
2023-01-12,17829.1,17829.8,17811.55,17815.1,12:15:00,17818.499348556288,3,37
2023-01-12,17828.2,17835.2,17823.85,17829.95,12:20:00,17819.423220122357,3,38
2023-01-12,17823.7,17832.55,17821.25,17827.75,12:25:00,17819.83053249166,3,39
2023-01-12,17824.2,17827.75,17821.4,17824.05,12:30:00,17820.246672254358,3,40
2023-01-12,17820.7,17825.55,17813.85,17821.95,12:35:00,17820.28984632537,3,41
2023-01-12,17819.9,17828.5,17812.55,17820.55,12:40:00,17820.252718103908,3,42
2023-01-12,17824.65,17827.7,17817.35,17819.0,12:45:00,17820.671506855917,3,43
2023-01-12,17846.75,17852.3,17822.45,17823.75,12:50:00,17823.15517286964,3,44
2023-01-12,17834.25,17848.8,17831.85,17845.45,12:55:00,17824.211823072532,3,45
2023-01-12,17844.1,17849.45,17835.95,17837.2,13:00:00,17826.105935160864,3,46
2023-01-12,17846.3,17848.8,17838.4,17842.8,13:05:00,17828.029179431258,3,47
2023-01-12,17824.15,17845.85,17810.7,17845.25,13:10:00,17827.65973377114,3,48
2023-01-12,17826.6,17834.45,17817.75,17825.85,13:15:00,17827.558806745314,3,49
2023-01-12,17806.0,17826.1,17801.35,17826.1,13:20:00,17825.505587055282,3,50
2023-01-12,17788.05,17807.0,17784.9,17804.65,13:25:00,17821.938388288112,3,51
2023-01-12,17776.75,17795.2,17775.7,17786.95,13:30:00,17817.634732260674,3,52
2023-01-12,17773.45,17778.8,17764.6,17775.4,13:35:00,17813.42666252156,3,53
2023-01-12,17776.85,17776.85,17761.65,17773.65,13:40:00,17809.943170852843,3,54
2023-01-12,17782.4,17787.65,17775.65,17775.65,13:45:00,17807.320011724,3,55
2023-01-12,17796.2,17796.2,17777.9,17781.95,13:50:00,17806.26096298838,3,56
2023-01-12,17810.4,17812.9,17791.1,17794.45,13:55:00,17806.655156989487,3,57
2023-01-12,17812.85,17821.0,17809.1,17809.35,14:00:00,17807.245142038108,3,58
2023-01-12,17830.85,17830.85,17811.85,17811.85,14:05:00,17809.493223748763,3,59
2023-01-12,17829.1,17837.9,17826.55,17829.55,14:10:00,17811.360535772692,3,60
2023-01-12,17844.65,17852.9,17822.65,17828.35,14:15:00,17814.530960937198,3,61
2023-01-12,17858.95,17862.2,17841.1,17843.6,14:20:00,17818.761345609844,3,62
2023-01-12,17839.8,17859.8,17836.15,17858.75,14:25:00,17820.765026980334,3,63
2023-01-12,17828.1,17843.45,17827.8,17838.7,14:30:00,17821.463595839352,3,64
2023-01-12,17833.4,17844.55,17827.35,17827.35,14:35:00,17822.600396235604,3,65
2023-01-12,17822.85,17839.2,17821.4,17832.45,14:40:00,17822.62416802269,3,66
2023-01-12,17833.6,17836.85,17819.0,17820.9,14:45:00,17823.66948535386,3,67
2023-01-12,17826.7,17848.3,17826.25,17833.4,14:50:00,17823.95810579635,3,68
2023-01-12,17820.15,17832.0,17813.7,17825.4,14:55:00,17823.595429053843,3,69
2023-01-12,17860.2,17861.8,17819.0,17819.0,15:00:00,17827.081578667763,3,70
2023-01-12,17864.55,17864.55,17850.2,17860.0,15:05:00,17830.649999747024,3,71
2023-01-12,17858.35,17867.4,17848.5,17864.25,15:10:00,17833.28809500921,3,72
2023-01-12,17859.7,17860.75,17856.1,17858.5,15:15:00,17835.803514532145,3,73
2023-01-12,17866.35,17868.2,17855.7,17859.6,15:20:00,17838.712703624322,3,74
2023-01-12,17866.0,17869.25,17861.2,17865.35,15:25:00,17841.31149375534,3,75
2023-01-13,17816.65,17872.6,17802.05,17871.05,09:15:00,17838.962780064354,4,1
2023-01-13,17797.25,17826.0,17795.7,17816.3,09:20:00,17834.990134343938,4,2
2023-01-13,17803.6,17819.15,17788.45,17795.35,09:25:00,17832.000597739752,4,3
2023-01-13,17820.35,17823.3,17803.7,17803.9,09:30:00,17830.891017002632,4,4
2023-01-13,17824.25,17839.7,17819.05,17819.75,09:35:00,17830.25853919286,4,5
2023-01-13,17784.5,17828.4,17781.3,17824.1,09:40:00,17825.900583079252,4,6
2023-01-13,17787.45,17794.5,17775.85,17784.75,09:45:00,17822.23862278599,4,7
2023-01-13,17800.3,17813.2,17783.55,17788.0,09:50:00,17820.149230139705,4,8
2023-01-13,17782.8,17801.5,17782.15,17799.45,09:55:00,17816.59216060259,4,9
2023-01-13,17791.1,17807.8,17781.1,17781.95,10:00:00,17814.164335783295,4,10
2023-01-13,17786.0,17790.3,17774.25,17790.1,10:05:00,17811.48201808965,4,11
2023-01-13,17785.0,17792.25,17782.35,17786.35,10:10:00,17808.95992112873,4,12
2023-01-13,17798.25,17804.4,17782.1,17784.7,10:15:00,17807.93992864028,4,13
2023-01-13,17806.9,17813.1,17796.45,17798.45,10:20:00,17807.840887817398,4,14
2023-01-13,17801.75,17816.65,17799.9,17807.05,10:25:00,17807.26080326336,4,15
2023-01-13,17811.0,17812.0,17794.85,17801.8,10:30:00,17807.61691723828,4,16
2023-01-13,17818.55,17819.0,17802.95,17810.6,10:35:00,17808.658163215587,4,17
2023-01-13,17821.1,17824.65,17813.4,17818.6,10:40:00,17809.843100052196,4,18
2023-01-13,17829.55,17831.05,17812.7,17820.95,10:45:00,17811.71994766627,4,19
2023-01-13,17820.55,17833.9,17810.1,17828.85,10:50:00,17812.560905031387,4,20
2023-01-13,17811.8,17820.55,17806.2,17820.4,10:55:00,17812.48843788554,4,21
2023-01-13,17821.25,17823.55,17808.9,17812.0,11:00:00,17813.322872372628,4,22
2023-01-13,17832.85,17833.9,17821.15,17821.55,11:05:00,17815.182598813328,4,23
2023-01-13,17830.4,17835.0,17825.8,17832.55,11:10:00,17816.631875116822,4,24
2023-01-13,17821.7,17830.35,17820.6,17830.35,11:15:00,17817.114553677126,4,25
2023-01-13,17831.85,17837.65,17819.2,17821.75,11:20:00,17818.5179295174,4,26
2023-01-13,17825.2,17839.15,17825.2,17832.7,11:25:00,17819.15431718241,4,27
2023-01-13,17826.95,17827.05,17813.7,17825.4,11:30:00,17819.896763165038,4,28
2023-01-13,17828.55,17836.2,17824.45,17826.8,11:35:00,17820.720880958845,4,29
2023-01-13,17817.25,17828.95,17815.45,17828.75,11:40:00,17820.390320867526,4,30
2023-01-13,17822.9,17827.25,17813.7,17816.95,11:45:00,17820.629337927763,4,31
2023-01-13,17831.3,17831.4,17819.2,17822.35,11:50:00,17821.64559145845,4,32
2023-01-13,17831.6,17840.05,17830.75,17831.1,11:55:00,17822.59363036717,4,33
2023-01-13,17834.25,17840.15,17828.2,17831.95,12:00:00,17823.703760808392,4,34
2023-01-13,17838.15,17838.95,17832.0,17833.3,12:05:00,17825.079593112354,4,35
2023-01-13,17851.1,17853.1,17837.8,17838.7,12:10:00,17827.557727101652,4,36
2023-01-13,17865.7,17868.75,17849.35,17851.15,12:15:00,17831.190324520543,4,37
2023-01-13,17892.6,17894.8,17865.15,17866.05,12:20:00,17837.038865042396,4,38
2023-01-13,17895.25,17902.85,17885.2,17892.55,12:25:00,17842.582782657406,4,39
2023-01-13,17884.5,17898.15,17881.1,17895.3,12:30:00,17846.574898594798,4,40
2023-01-13,17892.9,17894.2,17879.45,17883.2,12:35:00,17850.98681301434,4,41
2023-01-13,17889.3,17897.2,17884.4,17893.05,12:40:00,17854.635687965354,4,42
2023-01-13,17916.25,17916.55,17884.95,17889.1,12:45:00,17860.50371768294,4,43
2023-01-13,17922.7,17932.05,17915.6,17916.7,12:50:00,17866.427173141707,4,44
2023-01-13,17932.15,17938.1,17920.85,17923.55,12:55:00,17872.686489985354,4,45
2023-01-13,17940.3,17944.4,17929.9,17931.95,13:00:00,17879.12587189151,4,46
2023-01-13,17938.45,17947.75,17936.4,17940.35,13:05:00,17884.775788854222,4,47
2023-01-13,17965.05,17965.25,17936.45,17938.25,13:10:00,17892.420951820488,4,48
2023-01-13,17963.3,17973.85,17961.5,17965.4,13:15:00,17899.171337361393,4,49
2023-01-13,17971.55,17976.4,17960.9,17963.9,13:20:00,17906.064543326975,4,50
2023-01-13,17967.55,17973.2,17960.1,17971.2,13:25:00,17911.920301105358,4,51
2023-01-13,17956.55,17970.55,17953.45,17967.15,13:30:00,17916.170748619134,4,52
2023-01-13,17948.15,17956.6,17945.15,17955.25,13:35:00,17919.216391607788,4,53
2023-01-13,17974.7,17983.0,17947.5,17948.05,13:40:00,17924.500544788,4,54
2023-01-13,17979.95,17984.5,17972.8,17974.2,13:45:00,17929.78144528438,4,55
2023-01-13,17983.6,17992.9,17974.05,17979.25,13:50:00,17934.907021923962,4,56
2023-01-13,17981.7,17984.4,17974.15,17983.45,13:55:00,17939.363496026443,4,57
2023-01-13,17990.85,17993.4,17979.1,17980.5,14:00:00,17944.266972595353,4,58
2023-01-13,17995.1,17996.8,17980.05,17991.0,14:05:00,17949.10821330056,4,59
2023-01-13,17989.75,17999.35,17986.4,17994.85,14:10:00,17952.978859652885,4,60
2023-01-13,17987.2,17992.5,17982.55,17988.2,14:15:00,17956.23801587642,4,61
2023-01-13,17968.45,17988.3,17963.2,17987.25,14:20:00,17957.40106198343,4,62
2023-01-13,17967.65,17972.1,17959.6,17967.8,14:25:00,17958.377151318342,4,63
2023-01-13,17966.45,17967.7,17944.55,17966.45,14:30:00,17959.14599404993,4,64
2023-01-13,17940.05,17968.15,17939.25,17965.55,14:35:00,17957.327327949937,4,65
2023-01-13,17954.75,17956.65,17939.1,17939.1,14:40:00,17957.081868145182,4,66
2023-01-13,17942.2,17965.2,17940.65,17954.55,14:45:00,17955.66454736945,4,67
2023-01-13,17949.5,17953.65,17942.5,17943.25,14:50:00,17955.07744761998,4,68
2023-01-13,17952.35,17958.65,17941.45,17949.85,14:55:00,17954.817690703792,4,69
2023-01-13,17957.85,17970.6,17951.0,17951.35,15:00:00,17955.106482065334,4,70
2023-01-13,17960.7,17960.95,17934.55,17957.75,15:05:00,17955.63919805911,4,71
2023-01-13,17957.8,17961.9,17953.7,17960.85,15:10:00,17955.84498872015,4,72
2023-01-13,17957.4,17958.1,17948.95,17958.1,15:15:00,17955.993085032515,4,73
2023-01-13,17962.95,17965.7,17956.2,17957.45,15:20:00,17956.65564836275,4,74
2023-01-13,17950.5,17963.05,17947.0,17962.65,15:25:00,17956.069396137726,4,75
2023-01-16,18028.05,18049.65,18011.5,18019.25,09:15:00,17962.924691743658,0,1
2023-01-16,18005.85,18033.45,17987.4,18029.3,09:20:00,17967.0128163395,0,2
2023-01-16,17997.65,18016.35,17984.95,18006.05,09:25:00,17969.930643354783,0,3
2023-01-16,17974.2,17998.9,17966.6,17998.9,09:30:00,17970.337248749565,0,4
2023-01-16,17987.5,17987.5,17957.8,17973.8,09:35:00,17971.9717964877,0,5
2023-01-16,17986.9,17995.65,17977.7,17988.75,09:40:00,17973.39353015554,0,6
2023-01-16,17956.25,17986.55,17950.2,17986.55,09:45:00,17971.76081299787,0,7
2023-01-16,17957.3,17961.5,17942.65,17955.8,09:50:00,17970.38359271236,0,8
2023-01-16,17977.95,17980.5,17956.9,17956.9,09:55:00,17971.10420293023,0,9
2023-01-16,17979.3,17986.6,17974.0,17979.2,10:00:00,17971.88475503211,0,10
2023-01-16,17981.8,17985.5,17964.55,17979.35,10:05:00,17972.82906407667,0,11
2023-01-16,17972.7,17991.3,17967.8,17982.05,10:10:00,17972.816772259845,0,12
2023-01-16,17958.75,17973.65,17957.35,17972.9,10:15:00,17971.47707966367,0,13
2023-01-16,17967.0,17968.95,17958.7,17958.9,10:20:00,17971.050691124274,0,14
2023-01-16,17972.5,17980.1,17965.75,17966.95,10:25:00,17971.18872054101,0,15
2023-01-16,17974.05,17974.4,17963.15,17972.4,10:30:00,17971.46122334663,0,16
2023-01-16,17972.55,17974.65,17966.85,17973.35,10:35:00,17971.564916361236,0,17
2023-01-16,17976.65,17980.55,17972.55,17972.6,10:40:00,17972.049210041117,0,18
2023-01-16,17973.05,17979.75,17971.05,17976.1,10:45:00,17972.144523370534,0,19
2023-01-16,17975.45,17978.45,17968.4,17972.95,10:50:00,17972.45933066858,0,20
2023-01-16,17977.55,17978.15,17968.0,17975.15,10:55:00,17972.94415631919,0,21
2023-01-16,17970.4,17978.7,17966.35,17977.3,11:00:00,17972.70185571736,0,22
2023-01-16,17972.0,17972.1,17956.4,17971.3,11:05:00,17972.635012315706,0,23
2023-01-16,17956.5,17973.95,17956.45,17971.7,11:10:00,17971.098344476115,0,24
2023-01-16,17934.5,17957.1,17933.0,17957.1,11:15:00,17967.612787859343,0,25
2023-01-16,17937.75,17940.9,17924.4,17934.15,11:20:00,17964.76871282512,0,26
2023-01-16,17947.1,17947.85,17936.8,17937.1,11:25:00,17963.085978270345,0,27
2023-01-16,17932.7,17948.25,17932.65,17946.9,11:30:00,17960.19207557793,0,28
2023-01-16,17935.45,17937.25,17928.3,17933.65,11:35:00,17957.83568742765,0,29
2023-01-16,17939.6,17941.65,17930.25,17935.85,11:40:00,17956.098955291684,0,30
2023-01-16,17932.75,17940.25,17932.75,17940.05,11:45:00,17953.875245263902,0,31
2023-01-16,17938.55,17939.45,17928.8,17931.8,11:50:00,17952.415698095912,0,32
2023-01-16,17928.35,17939.55,17924.3,17939.1,11:55:00,17950.123726848684,0,33
2023-01-16,17914.6,17930.85,17913.0,17928.75,12:00:00,17946.74051476786,0,34
2023-01-16,17927.45,17930.1,17915.3,17915.5,12:05:00,17944.903322885206,0,35
2023-01-16,17914.6,17931.15,17913.7,17927.35,12:10:00,17942.017292134235,0,36
2023-01-16,17903.7,17914.45,17900.1,17914.45,12:15:00,17938.36802621669,0,37
2023-01-16,17902.05,17905.8,17895.25,17903.6,12:20:00,17934.909166577003,0,38
2023-01-16,17904.3,17909.9,17899.95,17902.0,12:25:00,17931.994007855385,0,39
2023-01-16,17895.8,17905.4,17891.6,17904.0,12:30:00,17928.546959488205,0,40
2023-01-16,17906.55,17914.95,17894.0,17895.85,12:35:00,17926.45201096552,0,41
2023-01-16,17895.8,17906.35,17894.6,17906.35,12:40:00,17923.532771825947,0,42
2023-01-16,17892.75,17895.75,17887.35,17895.75,12:45:00,17920.601079271095,0,43
2023-01-16,17887.55,17894.3,17871.15,17892.55,12:50:00,17917.453357435752,0,44
2023-01-16,17889.8,17891.55,17882.65,17887.85,12:55:00,17914.81970434663,0,45
2023-01-16,17890.55,17898.5,17880.2,17889.95,13:00:00,17912.508303932667,0,46
2023-01-16,17913.15,17913.5,17889.55,17889.95,13:05:00,17912.569417843843,0,47
2023-01-16,17920.6,17923.1,17909.75,17912.95,13:10:00,17913.334235192047,0,48
2023-01-16,17923.4,17929.65,17919.85,17920.8,13:15:00,17914.29287945947,0,49
2023-01-16,17930.7,17934.45,17920.8,17923.25,13:20:00,17915.85546236809,0,50
2023-01-16,17927.6,17933.6,17924.35,17930.75,13:25:00,17916.973989761605,0,51
2023-01-16,17938.35,17944.3,17926.85,17926.85,13:30:00,17919.0098002605,0,52
2023-01-16,17916.35,17941.15,17914.75,17937.75,13:35:00,17918.756485949976,0,53
2023-01-16,17902.85,17924.4,17902.4,17915.75,13:40:00,17917.24158252617,0,54
2023-01-16,17903.15,17907.4,17895.8,17903.1,13:45:00,17915.899527047488,0,55
2023-01-16,17888.45,17902.55,17884.6,17902.55,13:50:00,17913.2852863763,0,56
2023-01-16,17869.35,17887.8,17863.55,17887.8,13:55:00,17909.100973388082,0,57
2023-01-16,17872.95,17873.5,17853.65,17868.25,14:00:00,17905.658023541597,0,58
2023-01-16,17873.55,17885.6,17871.1,17872.3,14:05:00,17902.600116537633,0,59
2023-01-16,17881.45,17886.75,17873.15,17873.25,14:10:00,17900.585819724525,0,60
2023-01-16,17883.85,17885.65,17875.15,17882.65,14:15:00,17898.991932131714,0,61
2023-01-16,17876.2,17884.95,17874.65,17883.0,14:20:00,17896.821271928693,0,62
2023-01-16,17869.5,17877.35,17861.9,17875.25,14:25:00,17894.219246030723,0,63
2023-01-16,17885.85,17894.45,17868.15,17869.2,14:30:00,17893.42217498018,0,64
2023-01-16,17873.35,17886.9,17868.9,17885.65,14:35:00,17891.51053926778,0,65
2023-01-16,17877.15,17879.1,17862.95,17872.15,14:40:00,17890.142868861323,0,66
2023-01-16,17868.7,17877.1,17858.95,17876.1,14:45:00,17888.10069087453,0,67
2023-01-16,17867.55,17877.55,17861.3,17868.95,14:50:00,17886.143482219813,0,68
2023-01-16,17876.5,17879.35,17865.4,17866.65,14:55:00,17885.225055341736,0,69
2023-01-16,17892.45,17902.75,17875.3,17877.8,15:00:00,17885.91314530919,0,70
2023-01-16,17894.1,17899.05,17882.5,17892.75,15:05:00,17886.692845755933,0,71
2023-01-16,17894.85,17899.05,17889.35,17894.2,15:10:00,17887.4697175887,0,72
2023-01-16,17896.75,17897.35,17889.25,17894.7,15:15:00,17888.353554008823,0,73
2023-01-16,17898.8,17904.45,17891.5,17896.25,15:20:00,17889.34845362703,0,74
2023-01-16,17891.7,17900.85,17890.85,17898.85,15:25:00,17889.572410424455,0,75
2023-01-17,17910.9,17916.95,17886.95,17905.75,09:15:00,17891.60360943165,1,1
2023-01-17,17923.05,17934.05,17911.2,17911.2,09:20:00,17894.598503771493,1,2
2023-01-17,17946.0,17959.35,17923.2,17923.5,09:25:00,17899.493884364685,1,3
2023-01-17,17974.35,17977.95,17944.1,17947.2,09:30:00,17906.623038234713,1,4
2023-01-17,17973.2,17977.7,17966.75,17974.2,09:35:00,17912.963701259978,1,5
2023-01-17,17963.2,17973.6,17956.95,17973.6,09:40:00,17917.74811066379,1,6
2023-01-17,17984.1,17984.4,17951.75,17963.4,09:45:00,17924.06733821962,1,7
2023-01-17,17997.3,17997.8,17983.65,17984.8,09:50:00,17931.041877436797,1,8
2023-01-17,18005.2,18005.5,17989.7,17997.05,09:55:00,17938.10455577615,1,9
2023-01-17,18009.8,18012.35,17998.0,18005.7,10:00:00,17944.93269332128,1,10
2023-01-17,17999.65,18016.45,17999.55,18010.3,10:05:00,17950.143865385922,1,11
2023-01-17,18004.9,18010.15,17995.0,17999.8,10:10:00,17955.358735349168,1,12
2023-01-17,18010.5,18020.0,18004.85,18005.25,10:15:00,17960.610284363534,1,13
2023-01-17,18001.95,18014.9,18001.6,18010.55,10:20:00,17964.547400138435,1,14
2023-01-17,18010.9,18011.2,17997.3,18001.35,10:25:00,17968.961933458584,1,15
2023-01-17,18028.65,18029.85,18011.6,18011.6,10:30:00,17974.646511224433,1,16
2023-01-17,18020.85,18029.95,18015.45,18028.5,10:35:00,17979.046843488773,1,17
2023-01-17,18014.1,18026.3,18013.3,18021.9,10:40:00,17982.385239346986,1,18
2023-01-17,17994.8,18021.35,17994.7,18013.95,10:45:00,17983.567597504418,1,19
2023-01-17,17997.5,17998.8,17985.9,17994.75,10:50:00,17984.894492980187,1,20
2023-01-17,17988.15,18000.1,17978.3,17997.0,10:55:00,17985.20454126779,1,21
2023-01-17,17980.55,17996.7,17978.6,17987.95,11:00:00,17984.76125162324,1,22
2023-01-17,17985.9,17986.3,17972.3,17980.85,11:05:00,17984.8697038496,1,23
2023-01-17,17986.3,17990.4,17985.05,17986.35,11:10:00,17985.00592253059,1,24
2023-01-17,17978.85,17986.45,17970.65,17986.45,11:15:00,17984.419644194342,1,25
2023-01-17,17984.75,17987.65,17976.4,17978.45,11:20:00,17984.451106652024,1,26
2023-01-17,17988.85,17988.85,17979.35,17984.7,11:25:00,17984.87004887564,1,27
2023-01-17,18001.65,18001.65,17985.95,17988.15,11:30:00,17986.468139458913,1,28
2023-01-17,17997.9,18005.15,17995.3,18002.0,11:35:00,17987.556888081876,1,29
2023-01-17,17999.5,18001.6,17993.7,17997.85,11:40:00,17988.694327312172,1,30
2023-01-17,17994.75,18002.0,17994.25,17999.05,11:45:00,17989.271058044345,1,31
2023-01-17,17998.6,17998.7,17991.4,17995.65,11:50:00,17990.15952870679,1,32
2023-01-17,18010.0,18018.5,17998.95,17999.05,11:55:00,17992.04909740138,1,33
2023-01-17,18004.4,18010.65,17999.7,18009.8,12:00:00,17993.225373839345,1,34
2023-01-17,18007.95,18007.95,17998.55,18004.45,12:05:00,17994.627719187978,1,35
2023-01-17,18008.65,18010.9,18004.3,18008.05,12:10:00,17995.96317450341,1,36
2023-01-17,18002.15,18009.55,17999.4,18009.25,12:15:00,17996.552395979277,1,37
2023-01-17,17992.8,18009.25,17991.9,18001.7,12:20:00,17996.19502493363,1,38
2023-01-17,17988.55,17998.05,17986.25,17992.9,12:25:00,17995.466927320904,1,39
2023-01-17,17983.95,17992.35,17977.7,17988.95,12:30:00,17994.370077099866,1,40
2023-01-17,17976.0,17987.3,17974.8,17983.55,12:35:00,17992.620545947495,1,41
2023-01-17,17970.95,17981.05,17968.8,17976.05,12:40:00,17990.556684428688,1,42
2023-01-17,17973.45,17973.9,17963.75,17971.15,12:45:00,17988.92747638786,1,43
2023-01-17,17961.15,17985.0,17960.15,17973.7,12:50:00,17986.282002446158,1,44
2023-01-17,17960.65,17965.6,17958.05,17962.5,12:55:00,17983.84085935605,1,45
2023-01-17,17962.0,17966.4,17958.25,17960.95,13:00:00,17981.760777512616,1,46
2023-01-17,17950.25,17968.5,17950.0,17961.9,13:05:00,17978.759751082842,1,47
2023-01-17,17947.25,17954.2,17941.45,17950.1,13:10:00,17975.758822408287,1,48
2023-01-17,17951.35,17951.45,17943.7,17948.0,13:15:00,17973.434172655117,1,49
2023-01-17,17937.8,17955.45,17937.15,17951.7,13:20:00,17970.04044192606,1,50
2023-01-17,17938.1,17939.8,17926.7,17938.15,13:25:00,17966.99849507596,1,51
2023-01-17,17966.35,17968.65,17937.45,17937.85,13:30:00,17966.936733640156,1,52
2023-01-17,17980.35,17982.45,17962.45,17968.1,13:35:00,17968.21418757919,1,53
2023-01-17,17978.05,17983.25,17976.35,17981.75,13:40:00,17969.150931619268,1,54
2023-01-17,17974.95,17981.05,17967.4,17980.05,13:45:00,17969.703223846005,1,55
2023-01-17,17987.75,17994.85,17972.65,17976.4,13:50:00,17971.4219644321,1,56
2023-01-17,17978.65,17989.1,17973.6,17988.75,13:55:00,17972.1103487719,1,57
2023-01-17,17970.7,17982.15,17963.8,17979.3,14:00:00,17971.976029841244,1,58
2023-01-17,17975.7,17981.05,17971.7,17971.7,14:05:00,17972.33069366589,1,59
2023-01-17,17989.5,17990.55,17971.95,17976.05,14:10:00,17973.965865697708,1,60
2023-01-17,17992.35,17998.2,17986.7,17990.5,14:15:00,17975.71673563126,1,61
2023-01-17,17999.1,18001.25,17990.85,17993.0,14:20:00,17977.943713190187,1,62
2023-01-17,17984.7,18001.65,17981.5,17999.3,14:25:00,17978.587169076836,1,63
2023-01-17,17995.0,17996.45,17982.25,17985.05,14:30:00,17980.150295831423,1,64
2023-01-17,18002.0,18008.3,17994.45,17995.4,14:35:00,17982.231220037953,1,65
2023-01-17,17997.65,18003.65,17992.9,18002.05,14:40:00,17983.699675272434,1,66
2023-01-17,18009.1,18012.3,17996.9,17998.5,14:45:00,17986.11875381792,1,67
2023-01-17,18006.8,18014.95,18001.9,18010.1,14:50:00,17988.08839631145,1,68
2023-01-17,17997.75,18011.95,17993.15,18007.35,14:55:00,17989.008549043694,1,69
2023-01-17,18045.0,18046.9,17999.05,17999.05,15:00:00,17994.34106818239,1,70
2023-01-17,18051.7,18053.1,18040.3,18044.55,15:05:00,17999.803823593593,1,71
2023-01-17,18059.0,18062.25,18052.25,18052.7,15:10:00,18005.441554679917,1,72
2023-01-17,18064.4,18064.5,18055.0,18058.1,15:15:00,18011.056644710403,1,73
2023-01-17,18060.15,18072.05,18058.75,18064.8,15:20:00,18015.73220235703,1,74
2023-01-17,18056.8,18060.95,18052.25,18060.05,15:25:00,18019.64342118017,1,75
2023-01-18,18069.05,18090.55,18046.85,18074.5,09:15:00,18024.348809639203,2,1
2023-01-18,18059.2,18082.9,18056.65,18069.35,09:20:00,18027.667970625946,2,2
2023-01-18,18067.55,18071.5,18032.45,18058.85,09:25:00,18031.46625913776,2,3
2023-01-18,18058.1,18086.3,18055.7,18068.1,09:30:00,18034.002805886543,2,4
2023-01-18,18079.45,18079.45,18057.85,18057.85,09:35:00,18038.331110087827,2,5
2023-01-18,18090.5,18095.25,18078.95,18078.95,09:40:00,18043.29957579375,2,6
2023-01-18,18104.15,18105.8,18089.8,18091.75,09:45:00,18049.094854289586,2,7
2023-01-18,18101.3,18116.6,18101.3,18105.25,09:50:00,18054.06677292867,2,8
2023-01-18,18113.3,18115.35,18094.9,18100.9,09:55:00,18059.70803264975,2,9
2023-01-18,18114.25,18123.3,18108.85,18113.05,10:00:00,18064.902505730726,2,10
2023-01-18,18130.4,18131.6,18107.5,18114.3,10:05:00,18071.1403623278,2,11
2023-01-18,18118.9,18131.9,18117.95,18129.75,10:10:00,18075.68889924896,2,12
2023-01-18,18112.5,18122.8,18112.5,18119.75,10:15:00,18079.194718368104,2,13
2023-01-18,18113.7,18122.5,18112.45,18112.55,10:20:00,18082.48093566638,2,14
2023-01-18,18107.55,18113.6,18104.4,18113.6,10:25:00,18084.868465602915,2,15
2023-01-18,18103.55,18111.4,18101.25,18107.6,10:30:00,18086.64765935501,2,16
2023-01-18,18108.85,18112.0,18104.05,18104.05,10:35:00,18088.762167987872,2,17
2023-01-18,18121.4,18124.3,18108.35,18108.95,10:40:00,18091.870532941408,2,18
2023-01-18,18121.3,18122.7,18112.95,18120.6,10:45:00,18094.67333932794,2,19
2023-01-18,18116.35,18121.05,18113.0,18121.05,10:50:00,18096.737783201468,2,20
2023-01-18,18116.35,18117.75,18108.5,18115.8,10:55:00,18098.60561337276,2,21
2023-01-18,18116.3,18122.9,18112.3,18116.2,11:00:00,18100.290793051543,2,22
2023-01-18,18132.7,18133.5,18116.15,18117.45,11:05:00,18103.37738418949,2,23
2023-01-18,18141.3,18141.7,18131.9,18131.9,11:10:00,18106.989061885728,2,24
2023-01-18,18149.8,18153.2,18140.55,18141.2,11:15:00,18111.06629408709,2,25
2023-01-18,18151.75,18153.5,18144.65,18149.5,11:20:00,18114.94093274546,2,26
2023-01-18,18150.1,18157.85,18149.5,18151.65,11:25:00,18118.28941534113,2,27
2023-01-18,18150.4,18152.75,18147.8,18150.5,11:30:00,18121.34756626102,2,28
2023-01-18,18166.7,18167.0,18150.0,18150.2,11:35:00,18125.66684566473,2,29
2023-01-18,18170.35,18173.35,18163.9,18166.0,11:40:00,18129.922384172856,2,30
2023-01-18,18162.8,18171.6,18160.85,18170.4,11:45:00,18133.0535856802,2,31
2023-01-18,18162.7,18166.4,18157.65,18161.85,11:50:00,18135.877053710657,2,32
2023-01-18,18160.8,18165.5,18159.35,18162.25,11:55:00,18138.250667642973,2,33
2023-01-18,18169.35,18170.0,18159.6,18160.4,12:00:00,18141.21250881984,2,34
2023-01-18,18166.15,18171.85,18162.3,18169.8,12:05:00,18143.58750797985,2,35
2023-01-18,18173.95,18177.45,18165.65,18165.85,12:10:00,18146.479173886528,2,36
2023-01-18,18164.6,18175.6,18164.45,18173.55,12:15:00,18148.20496684972,2,37
2023-01-18,18168.6,18169.75,18163.6,18164.8,12:20:00,18150.147350959265,2,38
2023-01-18,18173.45,18175.25,18168.75,18168.75,12:25:00,18152.366650867905,2,39
2023-01-18,18162.25,18175.85,18161.9,18173.5,12:30:00,18153.30792221382,2,40
2023-01-18,18153.1,18165.4,18152.15,18162.65,12:35:00,18153.288120098216,2,41
2023-01-18,18158.5,18160.9,18151.25,18152.85,12:40:00,18153.78448961267,2,42
2023-01-18,18156.05,18160.6,18152.65,18158.95,12:45:00,18154.000252506703,2,43
2023-01-18,18162.2,18165.55,18154.4,18156.35,12:50:00,18154.7811808394,2,44
2023-01-18,18150.35,18163.1,18149.25,18162.25,12:55:00,18154.3591636166,2,45
2023-01-18,18156.65,18159.85,18150.2,18150.2,13:00:00,18154.57733851025,2,46
2023-01-18,18152.5,18164.15,18152.5,18157.2,13:05:00,18154.379496747373,2,47
2023-01-18,18146.3,18156.65,18145.6,18152.65,13:10:00,18153.610020866672,2,48
2023-01-18,18152.0,18155.3,18146.25,18146.25,13:15:00,18153.45668554604,2,49
2023-01-18,18155.65,18159.95,18153.35,18153.6,13:20:00,18153.665572636888,2,50
2023-01-18,18154.55,18159.9,18152.7,18156.25,13:25:00,18153.749803814328,2,51
2023-01-18,18171.3,18172.45,18155.95,18155.95,13:30:00,18155.421251070104,2,52
2023-01-18,18169.15,18175.25,18169.0,18171.05,13:35:00,18156.728750968192,2,53
2023-01-18,18176.2,18180.05,18168.25,18170.0,13:40:00,18158.583155637887,2,54
2023-01-18,18165.3,18180.4,18165.3,18178.75,13:45:00,18159.222855100947,2,55
2023-01-18,18161.7,18168.1,18160.3,18164.8,13:50:00,18159.45877366276,2,56
2023-01-18,18160.6,18164.3,18153.15,18161.45,13:55:00,18159.567461885355,2,57
2023-01-18,18150.05,18162.95,18149.25,18160.85,14:00:00,18158.661036943893,2,58
2023-01-18,18141.55,18152.35,18137.05,18150.35,14:05:00,18157.03141437781,2,59
2023-01-18,18149.8,18155.2,18136.8,18141.8,14:10:00,18156.34270824659,2,60
2023-01-18,18153.6,18156.8,18143.55,18149.75,14:15:00,18156.0814979374,2,61
2023-01-18,18152.7,18155.85,18147.5,18154.2,14:20:00,18155.759450514783,2,62
2023-01-18,18159.9,18163.9,18152.35,18152.35,14:25:00,18156.153788561,2,63
2023-01-18,18169.9,18173.1,18160.1,18160.1,14:30:00,18157.462951555182,2,64
2023-01-18,18167.85,18172.85,18162.95,18170.45,14:35:00,18158.452194264217,2,65
2023-01-18,18175.85,18178.2,18167.4,18167.6,14:40:00,18160.109128143817,2,66
2023-01-18,18168.8,18183.75,18166.8,18176.4,14:45:00,18160.93683022536,2,67
2023-01-18,18165.25,18177.0,18164.3,18168.95,14:50:00,18161.347608299133,2,68
2023-01-18,18175.0,18176.0,18161.0,18164.25,14:55:00,18162.64783608017,2,69
2023-01-18,18167.6,18177.8,18150.65,18176.65,15:00:00,18163.1194707392,2,70
2023-01-18,18166.05,18171.05,18159.75,18167.45,15:05:00,18163.39856876404,2,71
2023-01-18,18154.85,18167.7,18154.85,18165.2,15:10:00,18162.58441935794,2,72
2023-01-18,18163.95,18165.2,18154.8,18155.05,15:15:00,18162.714474657187,2,73
2023-01-18,18167.65,18169.65,18161.8,18164.4,15:20:00,18163.18452468984,2,74
2023-01-18,18163.8,18169.6,18162.65,18168.1,15:25:00,18163.243141386047,2,75
2023-01-19,18117.05,18139.7,18097.6,18110.25,09:15:00,18158.843794587377,3,1
2023-01-19,18112.6,18123.5,18095.9,18118.2,09:20:00,18154.43962367429,3,2
2023-01-19,18082.05,18113.35,18080.9,18113.35,09:25:00,18147.54537380055,3,3
2023-01-19,18089.15,18095.6,18079.3,18083.1,09:30:00,18141.983909629067,3,4
2023-01-19,18100.45,18121.8,18090.35,18090.35,09:35:00,18138.0282991882,3,5
2023-01-19,18100.05,18116.0,18090.65,18102.0,09:40:00,18134.41131831313,3,6
2023-01-19,18107.35,18110.6,18098.45,18101.05,09:45:00,18131.83404990236,3,7
2023-01-19,18104.3,18109.35,18100.0,18107.4,09:50:00,18129.211759435468,3,8
2023-01-19,18098.2,18105.4,18092.15,18104.9,09:55:00,18126.25825853685,3,9
2023-01-19,18073.2,18101.0,18070.65,18098.0,10:00:00,18121.205091057152,3,10
2023-01-19,18067.7,18078.8,18065.8,18074.0,10:05:00,18116.10936809933,3,11
2023-01-19,18076.75,18077.85,18063.75,18068.4,10:10:00,18112.36085685177,3,12
2023-01-19,18076.15,18077.65,18070.45,18076.1,10:15:00,18108.912203818272,3,13
2023-01-19,18086.5,18091.45,18073.05,18075.6,10:20:00,18106.77770821653,3,14
2023-01-19,18100.6,18100.6,18085.9,18086.1,10:25:00,18106.18935505305,3,15
2023-01-19,18097.5,18104.3,18097.1,18100.9,10:30:00,18105.361797428952,3,16
2023-01-19,18113.9,18114.6,18095.55,18098.25,10:35:00,18106.174959578577,3,17
2023-01-19,18108.35,18117.8,18107.25,18115.15,10:40:00,18106.38210628538,3,18
2023-01-19,18114.35,18114.35,18107.0,18108.95,10:45:00,18107.140953305818,3,19
2023-01-19,18111.25,18117.6,18108.75,18113.95,10:50:00,18107.532291086216,3,20
2023-01-19,18127.65,18127.9,18110.9,18111.45,10:55:00,18109.44826336372,3,21
2023-01-19,18145.2,18155.2,18127.0,18127.6,11:00:00,18112.85319066241,3,22
2023-01-19,18126.55,18145.95,18124.75,18145.7,11:05:00,18114.157648694563,3,23
2023-01-19,18130.65,18131.05,18121.25,18126.8,11:10:00,18115.72834881889,3,24
2023-01-19,18130.65,18135.35,18128.95,18131.6,11:15:00,18117.149458455187,3,25
2023-01-19,18115.15,18131.0,18113.35,18130.8,11:20:00,18116.95903384041,3,26
2023-01-19,18122.5,18122.5,18109.3,18115.4,11:25:00,18117.486744903228,3,27
2023-01-19,18119.45,18126.45,18118.05,18122.25,11:30:00,18117.67372157911,3,28
2023-01-19,18120.3,18123.8,18117.9,18118.6,11:35:00,18117.923843333483,3,29
2023-01-19,18143.05,18143.05,18118.9,18119.9,11:40:00,18120.316810635057,3,30
2023-01-19,18139.95,18152.2,18136.05,18143.55,11:45:00,18122.18663819362,3,31
2023-01-19,18133.05,18141.0,18133.05,18140.25,11:50:00,18123.22124407994,3,32
2023-01-19,18126.0,18134.2,18121.5,18133.2,11:55:00,18123.485887500898,3,33
2023-01-19,18124.0,18134.3,18121.2,18126.05,12:00:00,18123.53485059605,3,34
2023-01-19,18126.85,18131.55,18123.1,18124.1,12:05:00,18123.85057911071,3,35
2023-01-19,18133.95,18135.9,18126.2,18126.8,12:10:00,18124.81242871921,3,36
2023-01-19,18131.55,18134.35,18123.5,18134.1,12:15:00,18125.454102174524,3,37
2023-01-19,18129.35,18139.55,18128.3,18132.3,12:20:00,18125.825140062665,3,38
2023-01-19,18136.5,18137.6,18128.4,18129.4,12:25:00,18126.84179339003,3,39
2023-01-19,18141.25,18144.3,18136.05,18136.4,12:30:00,18128.21400354336,3,40
2023-01-19,18135.4,18144.9,18133.05,18141.8,12:35:00,18128.89838415828,3,41
2023-01-19,18128.75,18138.6,18126.55,18135.35,12:40:00,18128.884252333683,3,42
2023-01-19,18110.4,18129.3,18107.4,18128.55,12:45:00,18127.12384734952,3,43
2023-01-19,18117.4,18119.1,18106.1,18110.35,12:50:00,18126.19776664957,3,44
2023-01-19,18112.55,18117.45,18110.35,18116.7,12:55:00,18124.897979349607,3,45
2023-01-19,18117.15,18119.2,18111.45,18112.6,13:00:00,18124.160076554406,3,46
2023-01-19,18123.4,18128.05,18113.65,18116.7,13:05:00,18124.08768831113,3,47
2023-01-19,18117.15,18127.65,18114.4,18122.9,13:10:00,18123.426956091025,3,48
2023-01-19,18120.9,18125.8,18104.95,18117.3,13:15:00,18123.18629360617,3,49
2023-01-19,18121.7,18125.8,18116.95,18120.95,13:20:00,18123.04474183415,3,50
2023-01-19,18119.7,18129.15,18119.7,18121.1,13:25:00,18122.726194992803,3,51
2023-01-19,18122.6,18129.2,18119.95,18119.95,13:30:00,18122.71417642206,3,52
2023-01-19,18121.0,18126.6,18116.4,18122.9,13:35:00,18122.55092152472,3,53
2023-01-19,18125.5,18128.8,18114.75,18120.65,13:40:00,18122.83178614141,3,54
2023-01-19,18114.5,18127.65,18112.5,18125.2,13:45:00,18122.038282699377,3,55
2023-01-19,18114.55,18119.7,18111.65,18114.65,13:50:00,18121.325112918486,3,56
2023-01-19,18118.1,18121.3,18111.1,18115.25,13:55:00,18121.017959307203,3,57
2023-01-19,18120.6,18125.55,18117.95,18118.45,14:00:00,18120.978153658896,3,58
2023-01-19,18125.2,18132.55,18118.15,18120.75,14:05:00,18121.38023426281,3,59
2023-01-19,18131.35,18132.2,18120.25,18124.9,14:10:00,18122.329735761592,3,60
2023-01-19,18116.8,18138.2,18116.2,18131.55,14:15:00,18121.80309426049,3,61
2023-01-19,18096.3,18120.75,18095.2,18114.85,14:20:00,18119.374228140445,3,62
2023-01-19,18096.05,18105.75,18091.1,18095.75,14:25:00,18117.152873079453,3,63
2023-01-19,18090.5,18108.9,18088.5,18095.85,14:30:00,18114.614504214744,3,64
2023-01-19,18097.0,18104.1,18088.8,18090.6,14:35:00,18112.936932384768,3,65
2023-01-19,18106.45,18111.2,18096.9,18097.4,14:40:00,18112.319129300504,3,66
2023-01-19,18100.2,18109.0,18097.35,18106.35,14:45:00,18111.16492650998,3,67
2023-01-19,18102.35,18105.35,18099.1,18099.5,14:50:00,18110.325409699504,3,68
2023-01-19,18092.55,18107.65,18087.5,18102.05,14:55:00,18108.632513537646,3,69
2023-01-19,18118.25,18119.25,18093.2,18093.2,15:00:00,18109.548464629297,3,70
2023-01-19,18120.05,18120.05,18114.1,18118.5,15:05:00,18110.54861085508,3,71
2023-01-19,18103.05,18121.6,18101.3,18119.95,15:10:00,18109.83445744031,3,72
2023-01-19,18103.75,18106.95,18100.0,18102.9,15:15:00,18109.254985303138,3,73
2023-01-19,18099.15,18108.35,18098.4,18103.4,15:20:00,18108.29260575046,3,74
2023-01-19,18089.05,18099.8,18084.95,18099.45,15:25:00,18106.45997663137,3,75
2023-01-20,18095.85,18116.3,18078.85,18116.2,09:15:00,18105.44950266648,4,1
2023-01-20,18109.9,18118.55,18087.3,18094.1,09:20:00,18105.873359555382,4,2
2023-01-20,18087.45,18108.25,18075.6,18108.25,09:25:00,18104.11875388344,4,3
2023-01-20,18098.25,18098.85,18077.35,18087.9,09:30:00,18103.559824942164,4,4
2023-01-20,18097.55,18106.0,18088.8,18097.8,09:35:00,18102.98746066196,4,5
2023-01-20,18081.7,18100.4,18073.05,18096.75,09:40:00,18100.96008345605,4,6
2023-01-20,18084.9,18086.65,18069.35,18082.3,09:45:00,18099.430551698337,4,7
2023-01-20,18083.55,18090.75,18076.2,18085.1,09:50:00,18097.91811820325,4,8
2023-01-20,18086.75,18093.7,18079.9,18083.45,09:55:00,18096.854487898185,4,9
2023-01-20,18094.35,18103.5,18086.9,18086.9,10:00:00,18096.615965241217,4,10
2023-01-20,18115.1,18115.1,18093.85,18094.95,10:05:00,18098.37634950396,4,11
2023-01-20,18117.7,18120.15,18111.15,18116.15,10:10:00,18100.216697170246,4,12
2023-01-20,18127.65,18131.5,18114.6,18117.9,10:15:00,18102.82939267784,4,13
2023-01-20,18124.5,18136.4,18122.7,18126.7,10:20:00,18104.89326004186,4,14
2023-01-20,18128.85,18132.5,18124.0,18124.45,10:25:00,18107.174854323588,4,15
2023-01-20,18124.1,18130.4,18123.3,18128.45,10:30:00,18108.78677295944,4,16
2023-01-20,18126.9,18127.75,18121.75,18124.45,10:35:00,18110.5118422014,4,17
2023-01-20,18140.75,18144.85,18125.75,18127.6,10:40:00,18113.391666753647,4,18
2023-01-20,18136.0,18145.45,18135.25,18140.55,10:45:00,18115.54484134854,4,19
2023-01-20,18129.9,18136.1,18124.6,18136.1,10:50:00,18116.911999315347,4,20
2023-01-20,18119.35,18129.75,18118.0,18128.75,10:55:00,18117.144189856743,4,21
2023-01-20,18115.55,18122.9,18111.4,18119.0,11:00:00,18116.99236225133,4,22
2023-01-20,18118.3,18122.8,18114.5,18115.15,11:05:00,18117.116899179782,4,23
2023-01-20,18104.3,18119.65,18103.85,18118.55,11:10:00,18115.896242115043,4,24
2023-01-20,18103.55,18110.65,18100.3,18104.8,11:15:00,18114.72040953266,4,25
2023-01-20,18105.05,18107.75,18099.25,18103.45,11:20:00,18113.7994181486,4,26
2023-01-20,18114.5,18118.65,18104.6,18104.95,11:25:00,18113.86614022968,4,27
2023-01-20,18112.85,18119.25,18112.75,18114.6,11:30:00,18113.76936496971,4,28
2023-01-20,18109.1,18116.5,18108.15,18112.95,11:35:00,18113.324663544023,4,29
2023-01-20,18109.4,18113.3,18108.0,18109.35,11:40:00,18112.950886063645,4,30
2023-01-20,18107.4,18112.35,18106.8,18108.75,11:45:00,18112.42223024806,4,31
2023-01-20,18097.0,18111.0,18094.85,18109.05,11:50:00,18110.95344641491,4,32
2023-01-20,18086.6,18096.35,18086.5,18096.35,11:55:00,18108.63407056588,4,33
2023-01-20,18099.4,18099.8,18084.3,18086.35,12:00:00,18107.754635273886,4,34
2023-01-20,18091.35,18101.3,18091.35,18099.25,12:05:00,18106.19228905733,4,35
2023-01-20,18096.45,18099.7,18089.25,18091.55,12:10:00,18105.26445200425,4,36
2023-01-20,18104.15,18104.45,18092.5,18096.7,12:15:00,18105.15831371813,4,37
2023-01-20,18103.85,18107.8,18101.75,18104.45,12:20:00,18105.03371241164,4,38
2023-01-20,18108.6,18110.75,18101.9,18103.5,12:25:00,18105.37335884863,4,39
2023-01-20,18108.95,18111.1,18102.65,18108.8,12:30:00,18105.713991339235,4,40
2023-01-20,18107.25,18110.4,18104.25,18108.9,12:35:00,18105.86027787836,4,41
2023-01-20,18087.45,18107.7,18086.35,18107.0,12:40:00,18104.10691808041,4,42
2023-01-20,18084.4,18088.9,18079.2,18087.25,12:45:00,18102.230068739424,4,43
2023-01-20,18085.45,18085.6,18079.5,18083.2,12:50:00,18100.63196695472,4,44
2023-01-20,18092.95,18095.95,18083.65,18084.9,12:55:00,18099.900351054268,4,45
2023-01-20,18092.75,18098.75,18090.05,18092.75,13:00:00,18099.219365239576,4,46
2023-01-20,18091.65,18094.85,18088.2,18092.9,13:05:00,18098.498473312,4,47
2023-01-20,18095.5,18097.3,18088.25,18091.95,13:10:00,18098.21290442514,4,48
2023-01-20,18104.2,18104.2,18093.9,18096.4,13:15:00,18098.78310400369,4,49
2023-01-20,18094.95,18105.95,18093.8,18104.0,13:20:00,18098.41804647953,4,50
2023-01-20,18090.9,18098.75,18089.3,18095.85,13:25:00,18097.70204205291,4,51
2023-01-20,18079.05,18092.6,18077.6,18091.2,13:30:00,18095.925657095493,4,52
2023-01-20,18084.4,18085.55,18074.45,18078.65,13:35:00,18094.82797546735,4,53
2023-01-20,18075.45,18085.45,18075.45,18084.45,13:40:00,18092.982453994267,4,54
2023-01-20,18077.85,18079.25,18071.6,18075.65,13:45:00,18091.54126789957,4,55
2023-01-20,18073.3,18084.1,18071.35,18078.05,13:50:00,18089.80400429009,4,56
2023-01-20,18056.15,18074.8,18055.15,18071.85,13:55:00,18086.59886102437,4,57
2023-01-20,18052.35,18056.8,18042.1,18056.8,14:00:00,18083.337064736334,4,58
2023-01-20,18057.85,18062.0,18046.9,18051.95,14:05:00,18080.90972523764,4,59
2023-01-20,18060.7,18061.6,18048.95,18057.4,14:10:00,18078.98498950072,4,60
2023-01-20,18050.9,18065.1,18050.2,18060.25,14:15:00,18076.31022859589,4,61
2023-01-20,18054.35,18055.1,18044.45,18050.75,14:20:00,18074.218778253424,4,62
2023-01-20,18051.95,18060.3,18049.4,18054.4,14:25:00,18072.097942229288,4,63
2023-01-20,18024.55,18053.55,18023.85,18051.5,14:30:00,18067.56956677888,4,64
2023-01-20,18023.5,18032.35,18021.1,18024.5,14:35:00,18063.37246518089,4,65
2023-01-20,18023.8,18027.05,18018.2,18023.35,14:40:00,18059.60365897319,4,66
2023-01-20,18042.05,18047.85,18023.3,18023.3,14:45:00,18057.93188192812,4,67
2023-01-20,18046.9,18056.0,18041.55,18042.95,14:50:00,18056.8812265064,4,68
2023-01-20,18049.4,18049.65,18038.85,18046.75,14:55:00,18056.168728743884,4,69
2023-01-20,18035.25,18054.25,18032.9,18050.4,15:00:00,18054.17646886352,4,70
2023-01-20,18030.95,18037.7,18020.05,18035.3,15:05:00,18051.964424209847,4,71
2023-01-20,18029.35,18032.9,18024.75,18031.15,15:10:00,18049.810669523195,4,72
2023-01-20,18025.15,18032.75,18024.85,18029.45,15:15:00,18047.46203433051,4,73
2023-01-20,18025.15,18028.7,18016.2,18025.65,15:20:00,18045.337078679982,4,74
2023-01-20,18027.3,18027.35,18019.5,18025.25,15:25:00,18043.619261662847,4,75
2023-01-23,18104.45,18118.8,18067.35,18118.8,09:15:00,18049.412665314005,0,1
2023-01-23,18072.8,18110.95,18069.1,18102.95,09:20:00,18051.6400305222,0,2
2023-01-23,18097.7,18102.15,18063.45,18074.15,09:25:00,18056.026694281984,0,3
2023-01-23,18129.85,18131.3,18098.1,18098.1,09:30:00,18063.057485302743,0,4
2023-01-23,18130.95,18139.35,18124.65,18131.35,09:35:00,18069.52343908344,0,5
2023-01-23,18125.25,18134.2,18119.85,18132.0,09:40:00,18074.8307305993,0,6
2023-01-23,18145.75,18150.85,18125.8,18126.5,09:45:00,18081.5849467327,0,7
2023-01-23,18160.0,18162.0,18145.95,18146.3,09:50:00,18089.05304704387,0,8
2023-01-23,18154.9,18160.3,18148.75,18159.05,09:55:00,18095.324185420646,0,9
2023-01-23,18154.3,18162.6,18151.7,18155.0,10:00:00,18100.9409296663,0,10
2023-01-23,18150.65,18158.25,18148.95,18154.4,10:05:00,18105.67512684094,0,11
2023-01-23,18148.65,18155.55,18142.7,18150.8,10:10:00,18109.767971903708,0,12
2023-01-23,18153.95,18156.55,18147.9,18148.3,10:15:00,18113.97578410336,0,13
2023-01-23,18148.8,18156.75,18148.5,18153.8,10:20:00,18117.292376093515,0,14
2023-01-23,18150.05,18150.95,18142.6,18149.45,10:25:00,18120.412149798893,0,15
2023-01-23,18152.8,18155.65,18148.85,18149.75,10:30:00,18123.4967069609,0,16
2023-01-23,18146.3,18153.05,18144.5,18152.55,10:35:00,18125.668449155102,0,17
2023-01-23,18137.15,18151.9,18135.5,18146.15,10:40:00,18126.76193018795,0,18
2023-01-23,18139.0,18143.0,18133.45,18137.0,10:45:00,18127.92746064624,0,19
2023-01-23,18140.05,18143.3,18136.6,18139.95,10:50:00,18129.08198820374,0,20
2023-01-23,18148.0,18148.2,18140.45,18140.65,10:55:00,18130.883703612904,0,21
2023-01-23,18146.05,18151.45,18146.05,18147.9,11:00:00,18132.328112792628,0,22
2023-01-23,18147.55,18150.45,18145.45,18146.4,11:05:00,18133.777816336187,0,23
2023-01-23,18134.3,18149.4,18134.3,18147.8,11:10:00,18133.82754811369,0,24
2023-01-23,18137.55,18138.45,18127.15,18134.6,11:15:00,18134.18206734096,0,25
2023-01-23,18137.25,18141.35,18134.25,18137.35,11:20:00,18134.474251403724,0,26
2023-01-23,18134.7,18138.2,18130.9,18136.9,11:25:00,18134.495751270035,0,27
2023-01-23,18136.05,18139.3,18131.6,18135.1,11:30:00,18134.643774958604,0,28
2023-01-23,18133.75,18135.45,18129.7,18135.15,11:35:00,18134.55865353397,0,29
2023-01-23,18139.0,18143.9,18133.8,18134.05,11:40:00,18134.981638911693,0,30
2023-01-23,18142.65,18143.85,18136.1,18139.1,11:45:00,18135.711959015345,0,31
2023-01-23,18128.45,18143.35,18128.0,18142.2,11:50:00,18135.020343871027,0,32
2023-01-23,18124.45,18130.9,18123.25,18128.5,11:55:00,18134.01364445474,0,33
2023-01-23,18124.4,18131.65,18123.4,18125.05,12:00:00,18133.098059268574,0,34
2023-01-23,18111.7,18124.3,18110.6,18124.3,12:05:00,18131.060148862045,0,35
2023-01-23,18112.75,18114.65,18108.9,18111.75,12:10:00,18129.316325160897,0,36
2023-01-23,18104.45,18116.45,18104.45,18113.3,12:15:00,18126.948103717,0,37
2023-01-23,18109.2,18112.5,18104.05,18105.25,12:20:00,18125.257808124905,0,38
2023-01-23,18110.95,18111.9,18103.25,18108.8,12:25:00,18123.895159732056,0,39
2023-01-23,18109.8,18112.05,18104.25,18111.35,12:30:00,18122.5527635671,0,40
2023-01-23,18104.8,18110.1,18103.9,18109.5,12:35:00,18120.862024179754,0,41
2023-01-23,18099.85,18109.1,18098.3,18104.85,12:40:00,18118.860879019776,0,42
2023-01-23,18101.8,18102.0,18089.15,18099.2,12:45:00,18117.236033398844,0,43
2023-01-23,18101.6,18107.1,18099.55,18100.95,12:50:00,18115.74688736086,0,44
2023-01-23,18094.55,18102.45,18093.45,18101.45,12:55:00,18113.72813618364,0,45
2023-01-23,18087.1,18096.9,18082.6,18094.1,13:00:00,18111.192123213765,0,46
2023-01-23,18082.15,18088.8,18080.8,18086.35,13:05:00,18108.426206717213,0,47
2023-01-23,18087.45,18088.0,18078.6,18082.1,13:10:00,18106.428472744145,0,48
2023-01-23,18091.1,18094.45,18086.25,18086.25,13:15:00,18104.968618197083,0,49
2023-01-23,18094.85,18098.0,18090.45,18091.0,13:20:00,18104.00494027355,0,50
2023-01-23,18104.05,18105.75,18093.35,18095.0,13:25:00,18104.009231676067,0,51
2023-01-23,18103.65,18108.4,18099.0,18104.1,13:30:00,18103.97501913549,0,52
2023-01-23,18116.4,18118.45,18102.5,18103.6,13:35:00,18105.1583506464,0,53
2023-01-23,18120.65,18122.05,18112.35,18115.55,13:40:00,18106.633745822928,0,54
2023-01-23,18111.55,18123.95,18109.45,18119.7,13:45:00,18107.101960506458,0,55
2023-01-23,18118.7,18120.6,18111.0,18111.65,13:50:00,18108.20653569632,0,56
2023-01-23,18115.15,18120.1,18113.65,18118.65,13:55:00,18108.86781801096,0,57
2023-01-23,18115.6,18127.4,18114.45,18114.45,14:00:00,18109.50897820039,0,58
2023-01-23,18126.1,18127.6,18114.25,18114.55,14:05:00,18111.08907551464,0,59
2023-01-23,18123.65,18128.2,18120.8,18126.0,14:10:00,18112.28535403705,0,60
2023-01-23,18134.65,18135.3,18108.45,18123.05,14:15:00,18114.41532031924,0,61
2023-01-23,18125.75,18136.35,18121.75,18134.15,14:20:00,18115.494813622165,0,62
2023-01-23,18126.2,18128.35,18123.15,18125.5,14:25:00,18116.51435518196,0,63
2023-01-23,18129.2,18131.55,18125.0,18125.65,14:30:00,18117.722511831293,0,64
2023-01-23,18110.9,18131.05,18110.9,18128.9,14:35:00,18117.07274879974,0,65
2023-01-23,18115.45,18119.3,18111.0,18111.0,14:40:00,18116.918201295,0,66
2023-01-23,18120.8,18128.75,18115.75,18116.25,14:45:00,18117.28789640976,0,67
2023-01-23,18115.45,18123.05,18113.8,18121.7,14:50:00,18117.11285865645,0,68
2023-01-23,18108.9,18115.85,18107.8,18115.75,14:55:00,18116.33068164156,0,69
2023-01-23,18124.9,18126.1,18100.6,18109.8,15:00:00,18117.1468071995,0,70
2023-01-23,18128.05,18129.35,18118.9,18125.45,15:05:00,18118.18520651384,0,71
2023-01-23,18123.75,18131.3,18121.8,18128.4,15:10:00,18118.71518684585,0,72
2023-01-23,18120.7,18125.8,18117.9,18124.65,15:15:00,18118.904216670053,0,73
2023-01-23,18113.7,18121.35,18110.35,18120.9,15:20:00,18118.40857698719,0,74
2023-01-23,18104.95,18115.25,18097.5,18113.25,15:25:00,18117.126807750312,0,75
2023-01-24,18168.55,18186.3,18156.55,18184.65,09:15:00,18122.02425463124,1,1
2023-01-24,18181.95,18183.15,18161.4,18169.8,09:20:00,18127.731468475875,1,2
2023-01-24,18175.45,18182.65,18173.2,18181.15,09:25:00,18132.2760905258,1,3
2023-01-24,18190.65,18196.5,18174.25,18175.55,09:30:00,18137.83551047572,1,4
2023-01-24,18196.75,18201.25,18183.6,18190.8,09:35:00,18143.446414239934,1,5
2023-01-24,18191.1,18197.5,18189.25,18197.05,09:40:00,18147.984850978988,1,6
2023-01-24,18187.9,18191.55,18181.3,18190.45,09:45:00,18151.78629374289,1,7
2023-01-24,18173.1,18194.9,18156.8,18187.2,09:50:00,18153.816170529284,1,8
2023-01-24,18166.1,18173.85,18162.05,18173.55,09:55:00,18154.986059050305,1,9
2023-01-24,18159.6,18166.55,18148.8,18166.3,10:00:00,18155.425481997896,1,10
2023-01-24,18139.7,18161.0,18137.95,18159.35,10:05:00,18153.927817045715,1,11
2023-01-24,18134.55,18146.2,18123.6,18140.2,10:10:00,18152.082310660408,1,12
2023-01-24,18144.55,18151.65,18132.1,18135.15,10:15:00,18151.364947740367,1,13
2023-01-24,18150.2,18153.05,18135.55,18144.8,10:20:00,18151.25400033652,1,14
2023-01-24,18148.9,18156.9,18148.0,18149.6,10:25:00,18151.02980982828,1,15
2023-01-24,18143.85,18149.8,18138.75,18148.5,10:30:00,18150.346018416065,1,16
2023-01-24,18157.1,18157.1,18143.6,18144.7,10:35:00,18150.98925475739,1,17
2023-01-24,18168.1,18170.95,18156.6,18157.2,10:40:00,18152.6188495424,1,18
2023-01-24,18167.15,18171.25,18163.2,18167.9,10:45:00,18154.0027686336,1,19
2023-01-24,18154.5,18168.4,18148.75,18167.5,10:50:00,18154.050124001827,1,20
2023-01-24,18165.5,18166.3,18153.3,18154.25,10:55:00,18155.140588382605,1,21
2023-01-24,18160.95,18169.0,18160.75,18165.65,11:00:00,18155.6938656795,1,22
2023-01-24,18164.05,18173.1,18160.2,18160.55,11:05:00,18156.489687995738,1,23
2023-01-24,18154.25,18164.9,18153.6,18164.8,11:10:00,18156.27638437709,1,24
2023-01-24,18144.75,18154.3,18142.85,18154.3,11:15:00,18155.17863348404,1,25
2023-01-24,18145.0,18147.5,18136.15,18145.35,11:20:00,18154.209239818887,1,26
2023-01-24,18148.95,18150.4,18143.55,18145.5,11:25:00,18153.70835983613,1,27
2023-01-24,18138.3,18152.95,18138.25,18150.35,11:30:00,18152.2408969946,1,28
2023-01-24,18136.25,18141.55,18133.3,18138.9,11:35:00,18150.71795442369,1,29
2023-01-24,18142.35,18144.4,18136.1,18136.7,11:40:00,18149.92100638333,1,30
2023-01-24,18134.75,18149.95,18134.75,18143.3,11:45:00,18148.47614863254,1,31
2023-01-24,18132.75,18139.25,18129.45,18134.8,11:50:00,18146.978420191343,1,32
2023-01-24,18129.05,18136.15,18125.4,18133.1,11:55:00,18145.27095160169,1,33
2023-01-24,18124.3,18129.45,18116.5,18129.45,12:00:00,18143.27371811582,1,34
2023-01-24,18131.0,18133.15,18120.85,18125.25,12:05:00,18142.10479258098,1,35
2023-01-24,18129.55,18133.8,18125.45,18131.45,12:10:00,18140.90909804945,1,36
2023-01-24,18131.4,18133.55,18126.2,18129.6,12:15:00,18140.003469663792,1,37
2023-01-24,18127.7,18133.0,18126.2,18132.3,12:20:00,18138.831710648195,1,38
2023-01-24,18121.15,18127.85,18115.05,18127.85,12:25:00,18137.14773820551,1,39
2023-01-24,18120.15,18125.0,18117.8,18122.1,12:30:00,18135.52890599546,1,40
2023-01-24,18121.2,18122.35,18114.2,18120.7,12:35:00,18134.16424828161,1,41
2023-01-24,18126.55,18129.0,18120.1,18121.65,12:40:00,18133.4390817786,1,42
2023-01-24,18138.1,18140.55,18125.1,18126.85,12:45:00,18133.882978752063,1,43
2023-01-24,18142.2,18143.5,18138.0,18139.3,12:50:00,18134.67507601377,1,44
2023-01-24,18140.45,18143.5,18136.4,18141.7,12:55:00,18135.225068774365,1,45
2023-01-24,18140.0,18143.55,18138.25,18141.55,13:00:00,18135.679824129187,1,46
2023-01-24,18133.2,18141.85,18133.2,18140.8,13:05:00,18135.4436504026,1,47
2023-01-24,18131.9,18134.4,18125.9,18134.4,13:10:00,18135.106159888062,1,48
2023-01-24,18131.85,18138.9,18130.45,18132.6,13:15:00,18134.79604942253,1,49
2023-01-24,18126.75,18134.85,18123.7,18132.95,13:20:00,18134.029759001336,1,50
2023-01-24,18121.9,18132.0,18120.75,18128.8,13:25:00,18132.87454385836,1,51
2023-01-24,18110.8,18125.85,18107.9,18122.4,13:30:00,18130.772206348032,1,52
2023-01-24,18105.6,18115.65,18105.0,18111.65,13:35:00,18128.374853362504,1,53
2023-01-24,18097.15,18110.3,18095.75,18106.8,13:40:00,18125.40105780417,1,54
2023-01-24,18090.2,18102.05,18089.4,18097.45,13:45:00,18122.048576108537,1,55
2023-01-24,18083.2,18094.05,18078.65,18089.55,13:50:00,18118.348711717248,1,56
2023-01-24,18094.4,18094.9,18079.15,18084.8,13:55:00,18116.067882029893,1,57
2023-01-24,18107.25,18111.5,18090.75,18094.9,14:00:00,18115.22808374133,1,58
2023-01-24,18105.65,18113.8,18105.15,18108.6,14:05:00,18114.315885289776,1,59
2023-01-24,18108.85,18113.75,18103.25,18107.15,14:10:00,18113.795324785988,1,60
2023-01-24,18109.4,18113.35,18107.15,18109.8,14:15:00,18113.37672242542,1,61
2023-01-24,18096.0,18118.05,18095.75,18110.4,14:20:00,18111.721796480146,1,62
2023-01-24,18102.45,18105.4,18096.6,18097.15,14:25:00,18110.83876824394,1,63
2023-01-24,18117.2,18118.2,18101.35,18102.8,14:30:00,18111.44459983976,1,64
2023-01-24,18116.75,18127.7,18115.45,18118.25,14:35:00,18111.94987604549,1,65
2023-01-24,18105.1,18116.8,18104.0,18116.8,14:40:00,18111.297506898303,1,66
2023-01-24,18106.3,18106.55,18098.95,18105.4,14:45:00,18110.821553860373,1,67
2023-01-24,18115.3,18115.9,18105.75,18106.95,14:50:00,18111.248072540337,1,68
2023-01-24,18122.85,18123.6,18113.45,18115.55,14:55:00,18112.353018012687,1,69
2023-01-24,18124.1,18134.4,18122.6,18123.15,15:00:00,18113.471778201954,1,70
2023-01-24,18128.85,18129.75,18119.3,18123.65,15:05:00,18114.93637075415,1,71
2023-01-24,18124.2,18129.0,18121.8,18128.4,15:10:00,18115.81862115852,1,72
2023-01-24,18110.35,18125.8,18109.65,18123.5,15:15:00,18115.2978000958,1,73
2023-01-24,18109.3,18115.95,18105.15,18110.9,15:20:00,18114.726581039053,1,74
2023-01-24,18101.15,18109.75,18099.95,18108.85,15:25:00,18113.43357332105,1,75
2023-01-25,18060.5,18100.6,18057.1,18100.6,09:15:00,18108.392280623808,2,1
2023-01-25,18047.35,18060.25,18041.6,18059.5,09:20:00,18102.578730088208,2,2
2023-01-25,18043.7,18049.2,18034.15,18047.25,09:25:00,18096.971231984568,2,3
2023-01-25,18032.8,18049.7,18024.65,18043.35,09:30:00,18090.85968608128,2,4
2023-01-25,18027.25,18033.45,18021.35,18032.25,09:35:00,18084.801620740203,2,5
2023-01-25,18017.2,18030.8,18016.25,18027.4,09:40:00,18078.363371145897,2,6
2023-01-25,18022.15,18023.05,18012.6,18017.0,09:45:00,18073.00971675105,2,7
2023-01-25,18002.15,18026.55,18000.75,18021.9,09:50:00,18066.261172298568,2,8
2023-01-25,17999.45,18004.15,17990.1,18000.5,09:55:00,18059.898203508223,2,9
2023-01-25,17989.85,18002.75,17979.9,18000.35,10:00:00,18053.226946031253,2,10
2023-01-25,17969.55,17996.85,17968.45,17989.7,10:05:00,18045.25771307589,2,11
2023-01-25,17943.6,17969.95,17938.2,17969.75,10:10:00,18035.576026116287,2,12
2023-01-25,17948.0,17955.45,17943.2,17943.7,10:15:00,18027.23545220045,2,13
2023-01-25,17962.55,17964.25,17947.6,17947.6,10:20:00,18021.074932943266,2,14
2023-01-25,17945.2,17964.45,17943.55,17963.55,10:25:00,18013.848748853427,2,15
2023-01-25,17931.3,17948.3,17930.55,17944.8,10:30:00,18005.98696324834,2,16
2023-01-25,17934.35,17938.2,17928.35,17931.4,10:35:00,17999.164395319927,2,17
2023-01-25,17917.7,17933.75,17914.5,17933.75,10:40:00,17991.405881479935,2,18
2023-01-25,17919.9,17927.6,17916.05,17917.05,10:45:00,17984.595797529466,2,19
2023-01-25,17922.6,17925.65,17915.95,17919.7,10:50:00,17978.691435859993,2,20
2023-01-25,17911.8,17922.15,17909.5,17921.55,10:55:00,17972.32082292095,2,21
2023-01-25,17934.9,17935.45,17911.55,17912.2,11:00:00,17968.756935023714,2,22
2023-01-25,17938.05,17939.85,17931.4,17934.65,11:05:00,17965.832465021456,2,23
2023-01-25,17935.3,17938.4,17929.3,17938.3,11:10:00,17962.924611209888,2,24
2023-01-25,17941.35,17943.0,17934.3,17935.25,11:15:00,17960.869886332755,2,25
2023-01-25,17881.3,17941.15,17878.3,17941.15,11:20:00,17953.29180192011,2,26
2023-01-25,17863.5,17883.55,17853.25,17882.5,11:25:00,17944.740201737244,2,27
2023-01-25,17856.4,17864.5,17846.15,17862.75,11:30:00,17936.32684919084,2,28
2023-01-25,17876.15,17879.85,17855.85,17856.3,11:35:00,17930.595720696474,2,29
2023-01-25,17884.55,17889.65,17875.25,17875.6,11:40:00,17926.210413963476,2,30
2023-01-25,17897.95,17897.95,17876.3,17884.7,11:45:00,17923.518945966953,2,31
2023-01-25,17905.45,17906.55,17896.35,17898.15,11:50:00,17921.7980939701,2,32
2023-01-25,17894.6,17906.65,17890.65,17905.75,11:55:00,17919.20779930628,2,33
2023-01-25,17908.6,17910.8,17886.9,17895.0,12:00:00,17918.197532705683,2,34
2023-01-25,17910.05,17917.25,17907.25,17909.45,12:05:00,17917.4215772099,2,35
2023-01-25,17901.0,17910.85,17897.4,17908.6,12:10:00,17915.857617475624,2,36
2023-01-25,17892.05,17906.15,17891.2,17901.6,12:15:00,17913.590225335087,2,37
2023-01-25,17888.85,17895.25,17884.45,17893.1,12:20:00,17911.23401339841,2,38
2023-01-25,17902.95,17905.05,17888.15,17888.25,12:25:00,17910.445059741418,2,39
2023-01-25,17908.45,17911.1,17899.0,17902.9,12:30:00,17910.25505405176,2,40
2023-01-25,17902.85,17909.65,17902.1,17907.15,12:35:00,17909.549810808734,2,41
2023-01-25,17897.45,17902.95,17879.85,17902.95,12:40:00,17908.39744787457,2,42
2023-01-25,17923.05,17929.05,17894.1,17897.35,12:45:00,17909.792929029372,2,43
2023-01-25,17929.5,17932.4,17923.25,17923.25,12:50:00,17911.669792931338,2,44
2023-01-25,17926.35,17932.4,17920.0,17930.05,12:55:00,17913.067907890258,2,45
2023-01-25,17922.05,17929.5,17917.6,17925.8,13:00:00,17913.92334523404,2,46
2023-01-25,17906.05,17923.95,17904.5,17922.15,13:05:00,17913.1735028308,2,47
2023-01-25,17910.25,17913.7,17904.1,17905.55,13:10:00,17912.89507398977,2,48
2023-01-25,17901.15,17912.3,17895.4,17909.2,13:15:00,17911.776495514554,2,49
2023-01-25,17908.3,17908.9,17898.75,17900.7,13:20:00,17911.445400703644,2,50
2023-01-25,17906.05,17910.4,17903.05,17907.25,13:25:00,17910.93155301758,2,51
2023-01-25,17925.25,17925.25,17893.5,17905.4,13:30:00,17912.295214634956,2,52
2023-01-25,17914.95,17926.8,17911.35,17922.85,13:35:00,17912.548051336387,2,53
2023-01-25,17919.35,17919.4,17910.7,17915.35,13:40:00,17913.19585597102,2,54
2023-01-25,17916.9,17930.55,17914.3,17919.3,13:45:00,17913.54863159283,2,55
2023-01-25,17924.75,17926.0,17912.2,17916.85,13:50:00,17914.615428583988,2,56
2023-01-25,17915.9,17925.1,17914.05,17923.55,13:55:00,17914.737768718845,2,57
2023-01-25,17934.15,17934.15,17912.45,17916.75,14:00:00,17916.586552650384,2,58
2023-01-25,17946.3,17946.3,17932.3,17934.45,14:05:00,17919.41640477892,2,59
2023-01-25,17935.0,17946.85,17933.15,17945.8,14:10:00,17920.900556704735,2,60
2023-01-25,17933.15,17936.65,17926.2,17934.6,14:15:00,17922.067170351904,2,61
2023-01-25,17922.85,17934.4,17919.15,17933.3,14:20:00,17922.141725556485,2,62
2023-01-25,17926.8,17931.1,17922.1,17923.7,14:25:00,17922.58537074158,2,63
2023-01-25,17897.85,17928.5,17886.35,17927.05,14:30:00,17920.229621147144,2,64
2023-01-25,17895.35,17903.6,17891.3,17897.95,14:35:00,17917.860133418846,2,65
2023-01-25,17893.6,17901.85,17888.45,17895.9,14:40:00,17915.549644521812,2,66
2023-01-25,17889.65,17897.0,17883.65,17892.9,14:45:00,17913.083011710212,2,67
2023-01-25,17898.9,17906.6,17889.15,17889.8,14:50:00,17911.732248690194,2,68
2023-01-25,17899.4,17902.65,17890.85,17898.35,14:55:00,17910.557748814936,2,69
2023-01-25,17877.05,17904.2,17872.95,17899.15,15:00:00,17907.366534642086,2,70
2023-01-25,17886.2,17887.55,17871.25,17878.7,15:05:00,17905.35067419998,2,71
2023-01-25,17896.5,17896.5,17885.4,17887.55,15:10:00,17904.507752847603,2,72
2023-01-25,17901.9,17903.1,17891.75,17896.45,15:15:00,17904.259395433546,2,73
2023-01-25,17906.85,17909.95,17895.5,17901.15,15:20:00,17904.50611967797,2,74
2023-01-25,17910.05,17912.8,17897.2,17906.45,15:25:00,17905.03410828007,2,75
2023-01-27,17822.15,17884.75,17747.25,17884.75,09:15:00,17897.140383681966,4,1
2023-01-27,17799.65,17831.05,17797.0,17820.95,09:20:00,17887.855585236066,4,2
2023-01-27,17738.35,17802.65,17738.3,17800.7,09:25:00,17873.616958070725,4,3
2023-01-27,17763.15,17784.55,17715.55,17736.9,09:30:00,17863.09629539732,4,4
2023-01-27,17788.7,17804.05,17757.7,17763.6,09:35:00,17856.01093393091,4,5
2023-01-27,17762.1,17788.6,17752.8,17788.6,09:40:00,17847.0670354613,4,6
2023-01-27,17755.2,17772.85,17750.1,17762.5,09:45:00,17838.317793988794,4,7
2023-01-27,17743.35,17758.65,17732.85,17755.0,09:50:00,17829.273242180338,4,8
2023-01-27,17741.85,17750.4,17730.3,17744.6,09:55:00,17820.947219115544,4,9
2023-01-27,17731.5,17748.75,17710.05,17741.75,10:00:00,17812.428436342634,4,10
2023-01-27,17711.6,17732.2,17708.1,17731.05,10:05:00,17802.825728119526,4,11
2023-01-27,17684.65,17713.45,17681.5,17711.25,10:10:00,17791.57089687005,4,12
2023-01-27,17685.35,17690.2,17678.05,17685.3,10:15:00,17781.454620977664,4,13
2023-01-27,17717.4,17718.2,17667.8,17685.4,10:20:00,17775.354180884555,4,14
2023-01-27,17704.45,17736.95,17696.05,17717.55,10:25:00,17768.601401752694,4,15
2023-01-27,17706.7,17721.85,17683.95,17704.35,10:30:00,17762.7060301572,4,16
2023-01-27,17766.4,17768.4,17706.85,17707.0,10:35:00,17763.057836808894,4,17
2023-01-27,17732.05,17781.2,17731.85,17766.65,10:40:00,17760.10470949376,4,18
2023-01-27,17703.1,17732.6,17702.2,17732.1,10:45:00,17754.675689541975,4,19
2023-01-27,17701.1,17710.6,17689.45,17702.85,10:50:00,17749.57324291893,4,20
2023-01-27,17700.5,17713.8,17694.1,17700.7,10:55:00,17744.899600736175,4,21
2023-01-27,17682.7,17700.4,17678.8,17700.4,11:00:00,17738.97582923749,4,22
2023-01-27,17681.85,17701.3,17680.15,17682.55,11:05:00,17733.535274072015,4,23
2023-01-27,17680.65,17692.55,17680.35,17682.1,11:10:00,17728.498581303254,4,24
2023-01-27,17695.8,17699.9,17680.1,17680.1,11:15:00,17725.384430702943,4,25
2023-01-27,17693.4,17699.35,17688.0,17695.75,11:20:00,17722.33829444552,4,26
2023-01-27,17674.45,17697.25,17674.45,17692.55,11:25:00,17717.77750449833,4,27
2023-01-27,17675.2,17678.75,17667.45,17674.3,11:30:00,17713.722504069916,4,28
2023-01-27,17672.75,17682.3,17669.1,17675.15,11:35:00,17709.82036082516,4,29
2023-01-27,17661.05,17673.3,17652.9,17673.15,11:40:00,17705.1755645561,4,30
2023-01-27,17647.5,17661.5,17645.55,17661.1,11:45:00,17699.682653645992,4,31
2023-01-27,17645.1,17654.05,17642.15,17646.25,11:50:00,17694.484305679707,4,32
2023-01-27,17669.05,17670.1,17633.45,17645.3,11:55:00,17692.061990853068,4,33
2023-01-27,17669.35,17670.3,17641.0,17668.1,12:00:00,17689.898944105156,4,34
2023-01-27,17642.8,17669.7,17629.55,17669.7,12:05:00,17685.413330380856,4,35
2023-01-27,17630.9,17647.1,17622.45,17642.75,12:10:00,17680.2215846303,4,36
2023-01-27,17611.9,17638.5,17605.5,17630.55,12:15:00,17673.714767046462,4,37
2023-01-27,17608.6,17624.4,17603.0,17611.1,12:20:00,17667.513360661083,4,38
2023-01-27,17604.9,17614.85,17595.6,17609.05,12:25:00,17661.550183455267,4,39
2023-01-27,17569.3,17603.4,17566.1,17603.4,12:30:00,17652.76445169762,4,40
2023-01-27,17546.05,17580.85,17537.3,17568.8,12:35:00,17642.601170583563,4,41
2023-01-27,17568.6,17574.75,17531.2,17545.35,12:40:00,17635.553440051794,4,42
2023-01-27,17548.6,17580.75,17542.0,17568.2,12:45:00,17627.27216004686,4,43
2023-01-27,17536.0,17565.35,17536.0,17549.3,12:50:00,17618.57957337573,4,44
2023-01-27,17556.5,17564.25,17531.65,17537.0,12:55:00,17612.66723305423,4,45
2023-01-27,17579.8,17587.8,17560.6,17560.6,13:00:00,17609.5370203824,4,46
2023-01-27,17567.35,17597.0,17563.6,17580.2,13:05:00,17605.51920891741,4,47
2023-01-27,17578.65,17590.85,17565.7,17568.35,13:10:00,17602.96023663956,4,48
2023-01-27,17556.4,17578.45,17551.55,17578.45,13:15:00,17598.52592838817,4,49
2023-01-27,17601.65,17606.6,17553.8,17556.0,13:20:00,17598.82345901787,4,50
2023-01-27,17551.35,17602.15,17550.5,17602.15,13:25:00,17594.302177206642,4,51
2023-01-27,17543.95,17567.65,17543.95,17550.1,13:30:00,17589.50673175839,4,52
2023-01-27,17560.2,17563.95,17539.65,17544.05,13:35:00,17586.715614448065,4,53
2023-01-27,17565.65,17571.7,17557.05,17561.7,13:40:00,17584.70936545301,4,54
2023-01-27,17549.5,17573.45,17544.3,17565.35,13:45:00,17581.356092552724,4,55
2023-01-27,17534.7,17549.95,17517.25,17549.95,13:50:00,17576.91265516675,4,56
2023-01-27,17542.1,17558.3,17533.75,17533.75,13:55:00,17573.597164198487,4,57
2023-01-27,17544.05,17549.0,17531.95,17542.0,14:00:00,17570.783148560535,4,58
2023-01-27,17517.7,17557.75,17515.75,17543.5,14:05:00,17565.72761060239,4,59
2023-01-27,17506.25,17528.0,17500.75,17517.3,14:10:00,17560.063076259306,4,60
2023-01-27,17515.6,17528.4,17506.55,17506.95,14:15:00,17555.828497567945,4,61
2023-01-27,17494.0,17518.4,17494.0,17517.0,14:20:00,17549.94006922814,4,62
2023-01-27,17510.7,17517.75,17493.55,17494.0,14:25:00,17546.202919777843,4,63
2023-01-27,17532.75,17541.2,17503.55,17510.65,14:30:00,17544.92168932281,4,64
2023-01-27,17534.3,17534.3,17514.3,17532.6,14:35:00,17543.910099863497,4,65
2023-01-27,17521.05,17535.9,17519.95,17533.4,14:40:00,17541.732947495544,4,66
2023-01-27,17531.95,17543.3,17519.9,17520.1,14:45:00,17540.801238210253,4,67
2023-01-27,17539.6,17542.85,17517.35,17531.7,14:50:00,17540.68683457118,4,68
2023-01-27,17537.25,17550.35,17524.65,17540.3,14:55:00,17540.359516992972,4,69
2023-01-27,17588.5,17589.25,17536.85,17536.85,15:00:00,17544.944324898403,4,70
2023-01-27,17607.65,17612.1,17588.35,17588.35,15:05:00,17550.9162939557,4,71
2023-01-27,17611.6,17612.5,17597.6,17607.7,15:10:00,17556.695694531347,4,72
2023-01-27,17620.3,17620.65,17604.35,17612.5,15:15:00,17562.753247433124,4,73
2023-01-27,17616.3,17633.8,17616.3,17619.1,15:20:00,17567.852938153777,4,74
2023-01-27,17607.9,17625.35,17607.9,17616.45,15:25:00,17571.666944043893,4,75
2023-01-30,17466.55,17577.45,17446.25,17577.45,09:15:00,17561.6558065159,0,1
2023-01-30,17619.75,17620.2,17466.3,17466.3,09:20:00,17567.18858684772,0,2
2023-01-30,17677.3,17677.8,17603.4,17618.6,09:25:00,17577.675388100317,0,3
2023-01-30,17705.5,17708.75,17676.2,17676.2,09:30:00,17589.84916066219,0,4
2023-01-30,17667.75,17709.15,17667.75,17704.6,09:35:00,17597.268288218173,0,5
2023-01-30,17636.4,17666.65,17601.05,17666.65,09:40:00,17600.99511791168,0,6
2023-01-30,17623.7,17640.85,17602.85,17635.9,09:45:00,17603.157487634377,0,7
2023-01-30,17616.3,17629.2,17602.8,17624.45,09:50:00,17604.40915547872,0,8
2023-01-30,17626.65,17663.15,17616.7,17616.7,09:55:00,17606.527331147412,0,9
2023-01-30,17596.4,17633.2,17591.9,17625.45,10:00:00,17605.562823419088,0,10
2023-01-30,17619.5,17642.25,17588.15,17596.05,10:05:00,17606.890173569653,0,11
2023-01-30,17618.5,17629.45,17605.75,17620.1,10:10:00,17607.995871324925,0,12
2023-01-30,17607.55,17631.9,17604.55,17619.1,10:15:00,17607.953407389217,0,13
2023-01-30,17600.8,17616.05,17593.3,17608.1,10:20:00,17607.272130495006,0,14
2023-01-30,17599.75,17600.9,17576.05,17600.9,10:25:00,17606.55573711453,0,15
2023-01-30,17587.15,17605.75,17582.35,17598.65,10:30:00,17604.70757167505,0,16
2023-01-30,17577.6,17594.25,17574.2,17587.0,10:35:00,17602.12589818219,0,17
2023-01-30,17558.4,17582.65,17556.5,17577.2,10:40:00,17597.96152692674,0,18
2023-01-30,17565.85,17569.95,17548.35,17557.8,10:45:00,17594.90328626705,0,19
2023-01-30,17555.95,17572.35,17554.75,17566.1,10:50:00,17591.19344947971,0,20
2023-01-30,17558.05,17564.4,17547.85,17555.4,10:55:00,17588.03693048164,0,21
2023-01-30,17550.4,17558.9,17538.7,17558.6,11:00:00,17584.45246091196,0,22
2023-01-30,17585.2,17589.3,17538.45,17550.8,11:05:00,17584.523655110825,0,23
2023-01-30,17551.0,17584.7,17547.15,17584.5,11:10:00,17581.33092605265,0,24
2023-01-30,17552.95,17557.05,17545.15,17551.25,11:15:00,17578.627980714304,0,25
2023-01-30,17561.7,17572.35,17552.05,17554.35,11:20:00,17577.015792074846,0,26
2023-01-30,17553.1,17567.4,17549.55,17562.15,11:25:00,17574.738097591526,0,27
2023-01-30,17558.05,17559.1,17542.0,17552.65,11:30:00,17573.14875496376,0,28
2023-01-30,17549.1,17564.2,17548.4,17558.1,11:35:00,17570.858397348165,0,29
2023-01-30,17549.5,17562.1,17548.2,17548.75,11:40:00,17568.824264267387,0,30
2023-01-30,17558.3,17565.55,17546.5,17549.65,11:45:00,17567.821953384777,0,31
2023-01-30,17593.35,17595.9,17557.7,17558.45,11:50:00,17570.25319591956,0,32
2023-01-30,17609.75,17610.95,17582.8,17593.85,11:55:00,17574.014796308173,0,33
2023-01-30,17617.6,17618.75,17597.8,17610.15,12:00:00,17578.165768088347,0,34
2023-01-30,17612.85,17623.35,17608.85,17617.3,12:05:00,17581.46902827041,0,35
2023-01-30,17594.6,17624.65,17588.75,17613.45,12:10:00,17582.719597006562,0,36
2023-01-30,17569.85,17602.7,17568.15,17593.95,12:15:00,17581.493921101177,0,37
2023-01-30,17573.65,17576.35,17566.5,17569.25,12:20:00,17580.746880996303,0,38
2023-01-30,17560.75,17576.0,17558.55,17571.3,12:25:00,17578.842416139512,0,39
2023-01-30,17530.3,17561.2,17529.95,17560.05,12:30:00,17574.21932888813,0,40
2023-01-30,17534.75,17538.1,17523.3,17528.4,12:35:00,17570.4603451845,0,41
2023-01-30,17528.5,17542.3,17525.05,17533.8,12:40:00,17566.464121833596,0,42
2023-01-30,17518.3,17531.35,17516.55,17526.55,12:45:00,17561.87706261135,0,43
2023-01-30,17502.25,17523.65,17499.8,17515.4,12:50:00,17556.198294743604,0,44
2023-01-30,17499.85,17512.0,17494.25,17500.4,12:55:00,17550.83179048231,0,45
2023-01-30,17485.3,17501.55,17478.9,17498.5,13:00:00,17544.590667579232,0,46
2023-01-30,17485.25,17494.25,17478.55,17483.85,13:05:00,17538.93917542883,0,47
2023-01-30,17461.75,17486.85,17461.15,17483.6,13:10:00,17531.58782538799,0,48
2023-01-30,17481.8,17482.15,17459.15,17459.55,13:15:00,17526.84612773199,0,49
2023-01-30,17472.75,17492.2,17472.75,17480.2,13:20:00,17521.69411556704,0,50
2023-01-30,17512.1,17518.3,17466.5,17469.5,13:25:00,17520.78039027494,0,51
2023-01-30,17482.85,17507.45,17480.15,17507.45,13:30:00,17517.16797215352,0,52
2023-01-30,17472.7,17488.65,17464.65,17480.45,13:35:00,17512.932927186517,0,53
2023-01-30,17463.15,17472.4,17448.1,17471.0,13:40:00,17508.191696025897,0,54
2023-01-30,17429.45,17466.7,17428.95,17461.1,13:45:00,17500.692486880573,0,55
2023-01-30,17422.0,17431.7,17405.55,17428.15,13:50:00,17493.197964320516,0,56
2023-01-30,17442.6,17442.7,17418.05,17418.05,13:55:00,17488.379110575705,0,57
2023-01-30,17517.9,17528.9,17439.4,17440.85,14:00:00,17491.190623854207,0,58
2023-01-30,17513.15,17534.75,17504.85,17512.8,14:05:00,17493.28199301095,0,59
2023-01-30,17536.85,17546.6,17497.4,17512.05,14:10:00,17497.43132700991,0,60
2023-01-30,17525.55,17539.45,17511.6,17534.3,14:15:00,17500.109295866107,0,61
2023-01-30,17536.9,17563.4,17518.5,17523.2,14:20:00,17503.61317245029,0,62
2023-01-30,17539.2,17549.0,17533.6,17536.65,14:25:00,17507.00239412169,0,63
2023-01-30,17553.15,17568.3,17537.75,17537.75,14:30:00,17511.397404205338,0,64
2023-01-30,17522.75,17553.0,17521.05,17551.5,14:35:00,17512.47860380483,0,65
2023-01-30,17558.2,17558.2,17520.15,17520.15,14:40:00,17516.833022490082,0,66
2023-01-30,17577.35,17585.85,17545.95,17556.3,14:45:00,17522.596544157695,0,67
2023-01-30,17576.3,17584.3,17566.25,17574.6,14:50:00,17527.71115899982,0,68
2023-01-30,17563.7,17578.6,17559.7,17575.3,14:55:00,17531.138667666502,0,69
2023-01-30,17667.75,17675.2,17560.95,17560.95,15:00:00,17544.149270745886,0,70
2023-01-30,17631.8,17669.35,17621.55,17667.15,15:05:00,17552.496959246277,0,71
2023-01-30,17656.0,17656.0,17623.5,17628.5,15:10:00,17562.354391699013,0,72
2023-01-30,17658.05,17658.45,17640.0,17654.8,15:15:00,17571.46825915625,0,73
2023-01-30,17664.65,17667.45,17651.1,17658.2,15:20:00,17580.342710665176,0,74
2023-01-30,17666.75,17672.65,17657.25,17664.8,15:25:00,17588.57197631611,0,75
2023-01-31,17612.8,17735.7,17609.65,17735.7,09:15:00,17590.879407143148,1,1
2023-01-31,17621.1,17651.35,17596.8,17614.8,09:20:00,17593.7575588438,1,2
2023-01-31,17614.1,17632.85,17590.8,17618.9,09:25:00,17595.69493419201,1,3
2023-01-31,17573.2,17616.15,17571.75,17615.75,09:30:00,17593.552559507058,1,4
2023-01-31,17597.45,17616.15,17572.4,17572.4,09:35:00,17593.92374431591,1,5
2023-01-31,17578.25,17609.1,17576.35,17596.75,09:40:00,17592.431006762014,1,6
2023-01-31,17581.9,17583.85,17563.1,17578.1,09:45:00,17591.428053737058,1,7
2023-01-31,17577.5,17594.75,17575.0,17582.5,09:50:00,17590.101572428768,1,8
2023-01-31,17563.2,17580.15,17559.05,17578.55,09:55:00,17587.539517911744,1,9
2023-01-31,17549.5,17567.15,17546.0,17563.0,10:00:00,17583.916706682052,1,10
2023-01-31,17561.85,17562.05,17542.9,17549.35,10:05:00,17581.815115569476,1,11
2023-01-31,17563.15,17565.5,17537.55,17561.05,10:10:00,17580.03748551524,1,12
2023-01-31,17559.65,17583.15,17554.9,17563.1,10:15:00,17578.095820228074,1,13
2023-01-31,17574.15,17579.45,17553.2,17559.75,10:20:00,17577.7200278254,1,14
2023-01-31,17606.95,17609.9,17573.75,17574.4,10:25:00,17580.50383469917,1,15
2023-01-31,17600.55,17607.95,17589.45,17607.3,10:30:00,17582.41299329925,1,16
2023-01-31,17583.25,17601.05,17581.0,17601.05,10:35:00,17582.49270822313,1,17
2023-01-31,17620.9,17621.2,17580.25,17584.2,10:40:00,17586.150545535213,1,18
2023-01-31,17609.3,17620.9,17604.2,17620.35,10:45:00,17588.35525548424,1,19
2023-01-31,17613.8,17615.6,17606.0,17609.55,10:50:00,17590.77856448574,1,20
2023-01-31,17599.65,17614.45,17592.2,17613.35,10:55:00,17591.623463106145,1,21
2023-01-31,17584.65,17604.0,17582.75,17599.1,11:00:00,17590.9593237627,1,22
2023-01-31,17569.05,17583.9,17562.05,17583.65,11:05:00,17588.872721499585,1,23
2023-01-31,17585.45,17590.95,17566.85,17569.2,11:10:00,17588.546748023433,1,24
2023-01-31,17592.1,17594.2,17576.3,17586.3,11:15:00,17588.885152973584,1,25
2023-01-31,17602.85,17605.05,17592.15,17593.4,11:20:00,17590.21513840467,1,26
2023-01-31,17613.65,17619.15,17601.7,17603.6,11:25:00,17592.44702998518,1,27
2023-01-31,17617.35,17620.1,17608.35,17613.3,11:30:00,17594.81874141516,1,28
2023-01-31,17614.65,17620.05,17605.2,17617.05,11:35:00,17596.707432708954,1,29
2023-01-31,17613.2,17626.95,17607.45,17614.3,11:40:00,17598.27815340334,1,30
2023-01-31,17632.95,17639.85,17612.6,17612.75,11:45:00,17601.580234031593,1,31
2023-01-31,17643.8,17645.1,17629.45,17633.0,11:50:00,17605.601164123822,1,32
2023-01-31,17643.65,17648.7,17635.45,17643.45,11:55:00,17609.224862778694,1,33
2023-01-31,17640.4,17655.05,17633.05,17643.3,12:00:00,17612.19392346644,1,34
2023-01-31,17632.45,17647.5,17632.45,17640.0,12:05:00,17614.123073612493,1,35
2023-01-31,17609.45,17633.05,17605.2,17632.95,12:10:00,17613.67801898273,1,36
2023-01-31,17600.35,17614.75,17598.35,17609.6,12:15:00,17612.408683841517,1,37
2023-01-31,17614.55,17614.55,17594.65,17601.15,12:20:00,17612.612618713752,1,38
2023-01-31,17634.9,17637.65,17613.85,17614.3,12:25:00,17614.7352264553,1,39
2023-01-31,17638.55,17641.2,17624.3,17635.05,12:30:00,17617.003300126224,1,40
2023-01-31,17639.15,17645.35,17636.3,17638.3,12:35:00,17619.112509638013,1,41
2023-01-31,17641.3,17648.1,17632.35,17639.3,12:40:00,17621.225603958203,1,42
2023-01-31,17645.1,17650.5,17641.6,17641.7,12:45:00,17623.499355962183,1,43
2023-01-31,17622.9,17649.5,17621.55,17648.0,12:50:00,17623.442274441975,1,44
2023-01-31,17620.0,17629.4,17617.05,17623.15,12:55:00,17623.114438780834,1,45
2023-01-31,17631.25,17631.25,17617.2,17619.55,13:00:00,17623.88925413504,1,46
2023-01-31,17620.25,17649.55,17613.05,17631.05,13:05:00,17623.54265850313,1,47
2023-01-31,17645.8,17647.45,17618.8,17619.65,13:10:00,17625.662405312356,1,48
2023-01-31,17668.95,17670.1,17642.45,17646.55,13:15:00,17629.785033377848,1,49
2023-01-31,17667.0,17674.9,17657.1,17669.6,13:20:00,17633.32931591329,1,50
2023-01-31,17658.45,17672.75,17656.2,17666.85,13:25:00,17635.721762016787,1,51
2023-01-31,17659.55,17666.2,17649.15,17658.3,13:30:00,17637.991118015187,1,52
2023-01-31,17669.85,17671.2,17659.25,17659.25,13:35:00,17641.025297251836,1,53
2023-01-31,17660.6,17684.6,17658.8,17669.55,13:40:00,17642.889554656424,1,54
2023-01-31,17673.8,17680.8,17652.2,17660.7,13:45:00,17645.833406593905,1,55
2023-01-31,17656.9,17680.15,17656.7,17674.05,13:50:00,17646.887367870677,1,56
2023-01-31,17657.05,17658.75,17638.45,17657.05,13:55:00,17647.85523759728,1,57
2023-01-31,17656.6,17657.4,17643.3,17657.4,14:00:00,17648.688072111825,1,58
2023-01-31,17630.9,17657.25,17627.75,17657.25,14:05:00,17646.993970005937,1,59
2023-01-31,17626.4,17635.65,17618.35,17631.4,14:10:00,17645.03263952918,1,60
2023-01-31,17610.1,17629.7,17608.0,17626.7,14:15:00,17641.705721478782,1,61
2023-01-31,17607.95,17615.9,17603.2,17612.1,14:20:00,17638.490890861754,1,62
2023-01-31,17624.25,17642.65,17608.5,17610.0,14:25:00,17637.13461554159,1,63
2023-01-31,17627.95,17640.8,17623.7,17626.0,14:30:00,17636.259890251913,1,64
2023-01-31,17621.5,17632.7,17617.7,17627.75,14:35:00,17634.854186418397,1,65
2023-01-31,17634.0,17640.3,17622.5,17622.5,14:40:00,17634.772835330932,1,66
2023-01-31,17631.85,17642.35,17624.6,17634.65,14:45:00,17634.49447006132,1,67
2023-01-31,17651.25,17655.85,17631.95,17631.95,14:50:00,17636.090234817384,1,68
2023-01-31,17662.4,17672.85,17651.9,17651.9,14:55:00,17638.595926739537,1,69
2023-01-31,17638.35,17670.7,17629.1,17662.1,15:00:00,17638.572505145294,1,70
2023-01-31,17641.35,17651.15,17629.3,17638.45,15:05:00,17638.83702846479,1,71
2023-01-31,17685.0,17685.05,17640.6,17640.9,15:10:00,17643.233501944334,1,72
2023-01-31,17684.45,17698.3,17675.5,17685.4,15:15:00,17647.15888271154,1,73
2023-01-31,17666.15,17685.0,17665.1,17684.65,15:20:00,17648.96756054854,1,74
2023-01-31,17682.55,17686.7,17664.6,17665.75,15:25:00,17652.165888115345,1,75
2023-02-01,17765.65,17811.6,17756.55,17811.6,09:15:00,17676.711985509388,2,1
2023-02-01,17793.0,17800.15,17753.95,17765.65,09:20:00,17687.787034508492,2,2
2023-02-01,17783.25,17798.2,17776.1,17792.85,09:25:00,17696.878745507685,2,3
2023-02-01,17740.5,17783.7,17740.15,17783.7,09:30:00,17701.03315069743,2,4
2023-02-01,17757.55,17759.85,17735.85,17741.0,09:35:00,17706.415707773864,2,5
2023-02-01,17768.95,17771.8,17755.25,17757.6,09:40:00,17712.371354652543,2,6
2023-02-01,17762.65,17770.9,17757.45,17769.65,09:45:00,17717.159797066586,2,7
2023-02-01,17767.9,17785.2,17761.65,17763.65,09:50:00,17721.99219734596,2,8
2023-02-01,17760.25,17767.85,17756.05,17767.3,09:55:00,17725.635797598727,2,9
2023-02-01,17781.9,17782.6,17751.2,17760.7,10:00:00,17730.994293065516,2,10
2023-02-01,17781.9,17787.55,17775.7,17782.35,10:05:00,17735.842455630707,2,11
2023-02-01,17788.3,17790.25,17775.6,17781.35,10:10:00,17740.838412237306,2,12
2023-02-01,17791.0,17795.45,17788.35,17789.35,10:15:00,17745.615706309945,2,13
2023-02-01,17800.3,17800.3,17784.0,17790.9,10:20:00,17750.823734280428,2,14
2023-02-01,17807.45,17814.45,17800.5,17800.5,10:25:00,17756.216711968005,2,15
2023-02-01,17809.45,17814.25,17802.75,17806.3,10:30:00,17761.286548923435,2,16
2023-02-01,17799.1,17812.3,17798.7,17809.3,10:35:00,17764.887829978346,2,17
2023-02-01,17803.5,17807.3,17790.8,17799.3,10:40:00,17768.565179504218,2,18
2023-02-01,17824.0,17824.6,17803.5,17803.5,10:45:00,17773.8446862181,2,19
2023-02-01,17810.0,17825.0,17803.0,17824.35,10:50:00,17777.288049435425,2,20
2023-02-01,17811.2,17821.3,17809.0,17810.75,10:55:00,17780.517759013004,2,21
2023-02-01,17826.4,17836.55,17807.2,17811.35,11:00:00,17784.88749624986,2,22
2023-02-01,17823.2,17830.8,17820.65,17826.8,11:05:00,17788.536306130824,2,23
2023-02-01,17803.4,17827.05,17790.15,17823.1,11:10:00,17789.951896023125,2,24
2023-02-01,17761.25,17805.7,17761.25,17802.75,11:15:00,17787.21838211616,2,25
2023-02-01,17768.35,17768.35,17732.15,17760.65,11:20:00,17785.421393343193,2,26
2023-02-01,17782.75,17782.75,17759.4,17770.3,11:25:00,17785.166974929554,2,27
2023-02-01,17788.35,17802.9,17782.5,17782.5,11:30:00,17785.47012017436,2,28
2023-02-01,17797.45,17801.6,17788.85,17788.85,11:35:00,17786.611061110132,2,29
2023-02-01,17799.2,17805.9,17794.85,17798.25,11:40:00,17787.810007671073,2,30
2023-02-01,17798.15,17803.0,17790.95,17798.05,11:45:00,17788.794768845255,2,31
2023-02-01,17804.0,17806.35,17789.85,17798.05,11:50:00,17790.242886098087,2,32
2023-02-01,17805.3,17818.4,17798.7,17804.15,11:55:00,17791.676896945886,2,33
2023-02-01,17798.85,17805.65,17783.35,17805.15,12:00:00,17792.360049617706,2,34
2023-02-01,17803.6,17807.4,17786.55,17798.45,12:05:00,17793.430521082686,2,35
2023-02-01,17752.95,17805.3,17748.7,17803.5,12:10:00,17789.575233360527,2,36
2023-02-01,17794.45,17799.15,17733.9,17753.45,12:15:00,17790.03949685,2,37
2023-02-01,17850.6,17850.6,17785.1,17793.75,12:20:00,17795.807163816666,2,38
2023-02-01,17858.0,17879.05,17830.65,17850.5,12:25:00,17801.73029107222,2,39
2023-02-01,17933.7,17947.3,17858.4,17858.4,12:30:00,17814.298834779627,2,40
2023-02-01,17930.35,17950.55,17919.9,17934.8,12:35:00,17825.35132670538,2,41
2023-02-01,17903.45,17937.15,17903.45,17929.55,12:40:00,17832.78929559058,2,42
2023-02-01,17934.95,17940.8,17903.4,17903.4,12:45:00,17842.518886486716,2,43
2023-02-01,17959.1,17967.6,17933.85,17934.05,12:50:00,17853.621849678457,2,44
2023-02-01,17968.45,17971.95,17946.65,17958.8,12:55:00,17864.557863994796,2,45
2023-02-01,17955.25,17972.2,17952.25,17968.5,13:00:00,17873.195210281006,2,46
2023-02-01,17928.55,17957.7,17928.35,17956.95,13:05:00,17878.46709501615,2,47
2023-02-01,17915.55,17936.95,17908.15,17928.4,13:10:00,17881.998800252706,2,48
2023-02-01,17893.85,17926.35,17886.25,17915.5,13:15:00,17883.127485942925,2,49
2023-02-01,17841.25,17892.15,17837.95,17892.15,13:20:00,17879.13915394836,2,50
2023-02-01,17808.25,17840.9,17795.3,17840.4,13:25:00,17872.38780595328,2,51
2023-02-01,17797.05,17833.9,17795.45,17806.4,13:30:00,17865.21277681487,2,52
2023-02-01,17752.95,17796.5,17728.95,17796.25,13:35:00,17854.521083784883,2,53
2023-02-01,17730.3,17757.45,17719.3,17752.45,13:40:00,17842.6905043768,2,54
2023-02-01,17765.4,17765.7,17723.75,17730.2,13:45:00,17835.32950395996,2,55
2023-02-01,17710.15,17768.4,17700.05,17765.2,13:50:00,17823.407646439966,2,56
2023-02-01,17665.95,17716.2,17664.7,17710.3,13:55:00,17808.41168011235,2,57
2023-02-01,17700.7,17724.65,17647.1,17664.7,14:00:00,17798.153424863554,2,58
2023-02-01,17712.95,17714.75,17669.0,17701.05,14:05:00,17790.038812971787,2,59
2023-02-01,17688.4,17729.4,17679.1,17713.0,14:10:00,17780.35892602209,2,60
2023-02-01,17633.25,17690.9,17629.95,17688.5,14:15:00,17766.348552115225,2,61
2023-02-01,17642.25,17646.85,17613.65,17633.15,14:20:00,17754.529642389964,2,62
2023-02-01,17603.55,17645.7,17578.45,17642.5,14:25:00,17740.150628829015,2,63
2023-02-01,17615.55,17616.15,17573.85,17602.3,14:30:00,17728.28390227387,2,64
2023-02-01,17588.5,17632.35,17581.8,17618.25,14:35:00,17714.97114967636,2,65
2023-02-01,17496.35,17597.15,17494.3,17589.25,14:40:00,17694.15008780242,2,66
2023-02-01,17420.35,17495.6,17390.8,17495.6,14:45:00,17668.073888964092,2,67
2023-02-01,17459.8,17460.25,17356.6,17419.35,14:50:00,17648.23828049132,2,68
2023-02-01,17445.55,17484.55,17412.6,17456.85,14:55:00,17628.93463473024,2,69
2023-02-01,17601.95,17608.95,17447.25,17447.25,15:00:00,17626.36466951784,2,70
2023-02-01,17669.5,17672.65,17595.7,17601.5,15:05:00,17630.472796230428,2,71
2023-02-01,17634.6,17676.5,17614.15,17669.8,15:10:00,17630.865863256102,2,72
2023-02-01,17629.65,17660.5,17628.65,17636.15,15:15:00,17630.75006675552,2,73
2023-02-01,17625.0,17646.15,17618.15,17629.55,15:20:00,17630.202441350233,2,74
2023-02-01,17605.4,17626.65,17601.65,17625.1,15:25:00,17627.84030407878,2,75
2023-02-02,17474.55,17574.45,17449.35,17528.3,09:15:00,17603.698979075827,3,1
2023-02-02,17539.45,17541.7,17459.7,17474.45,09:20:00,17597.580028687655,3,2
2023-02-02,17564.45,17590.1,17539.4,17543.05,09:25:00,17594.42478786026,3,3
2023-02-02,17557.65,17600.2,17528.15,17564.1,09:30:00,17590.92242711166,3,4
2023-02-02,17609.85,17610.0,17557.35,17558.2,09:35:00,17592.725053101025,3,5
2023-02-02,17623.4,17650.3,17597.95,17610.2,09:40:00,17595.646476615213,3,6
2023-02-02,17650.1,17650.1,17598.2,17624.0,09:45:00,17600.83252646138,3,7
2023-02-02,17582.2,17653.5,17581.5,17650.65,09:50:00,17599.05800013173,3,8
2023-02-02,17557.85,17591.9,17547.75,17582.1,09:55:00,17595.133428690613,3,9
2023-02-02,17561.7,17594.6,17540.45,17555.4,10:00:00,17591.949292624842,3,10
2023-02-02,17581.3,17601.55,17550.65,17562.25,10:05:00,17590.93507427962,3,11
2023-02-02,17573.2,17598.15,17568.9,17581.65,10:10:00,17589.246019586324,3,12
2023-02-02,17599.1,17616.95,17568.7,17572.35,10:15:00,17590.184493911434,3,13
2023-02-02,17585.65,17601.4,17572.15,17598.55,10:20:00,17589.75263734844,3,14
2023-02-02,17525.15,17585.75,17513.85,17585.65,10:25:00,17583.600005220018,3,15
2023-02-02,17525.4,17539.5,17514.8,17525.35,10:30:00,17578.057147580017,3,16
2023-02-02,17550.55,17553.25,17521.45,17526.15,10:35:00,17575.437419239064,3,17
2023-02-02,17565.85,17565.85,17542.25,17551.1,10:40:00,17574.524331692486,3,18
2023-02-02,17580.75,17599.15,17556.55,17566.7,10:45:00,17575.117252483677,3,19
2023-02-02,17581.45,17588.8,17568.75,17580.45,10:50:00,17575.720371294756,3,20
2023-02-02,17572.75,17584.0,17569.1,17580.95,10:55:00,17575.437478790493,3,21
2023-02-02,17571.85,17589.25,17570.4,17572.8,11:00:00,17575.09581414378,3,22
2023-02-02,17601.65,17606.45,17559.5,17572.0,11:05:00,17577.624784225325,3,23
2023-02-02,17596.75,17624.25,17593.5,17602.05,11:10:00,17579.446233346724,3,24
2023-02-02,17599.45,17614.15,17576.9,17596.55,11:15:00,17581.351353980368,3,25
2023-02-02,17622.0,17622.8,17596.4,17599.5,11:20:00,17585.222653601286,3,26
2023-02-02,17603.95,17622.45,17602.25,17622.45,11:25:00,17587.006210401163,3,27
2023-02-02,17603.45,17613.75,17589.55,17604.05,11:30:00,17588.572285601054,3,28
2023-02-02,17586.1,17606.85,17579.55,17603.15,11:35:00,17588.336829829525,3,29
2023-02-02,17585.2,17586.85,17571.4,17586.25,11:40:00,17588.038084131476,3,30
2023-02-02,17589.25,17597.25,17584.1,17584.9,11:45:00,17588.153504690385,3,31
2023-02-02,17626.45,17626.45,17587.3,17589.2,11:50:00,17591.800789957968,3,32
2023-02-02,17625.1,17640.4,17614.05,17625.4,11:55:00,17594.972143295305,3,33
2023-02-02,17633.25,17648.9,17619.3,17625.1,12:00:00,17598.617653457655,3,34
2023-02-02,17622.35,17634.95,17621.35,17634.35,12:05:00,17600.877876937877,3,35
2023-02-02,17619.45,17624.75,17613.25,17622.6,12:10:00,17602.64665056284,3,36
2023-02-02,17601.75,17623.0,17597.6,17620.15,12:15:00,17602.561255271143,3,37
2023-02-02,17584.1,17602.5,17575.75,17602.15,12:20:00,17600.803040483413,3,38
2023-02-02,17570.15,17594.2,17566.25,17584.9,12:25:00,17597.883703294516,3,39
2023-02-02,17563.65,17571.85,17553.65,17570.55,12:30:00,17594.6233505998,3,40
2023-02-02,17552.6,17570.9,17545.15,17565.5,12:35:00,17590.621126733153,3,41
2023-02-02,17555.1,17568.7,17545.6,17553.0,12:40:00,17587.238162282378,3,42
2023-02-02,17548.9,17565.1,17547.95,17556.3,12:45:00,17583.586908731675,3,43
2023-02-02,17560.75,17568.35,17548.0,17549.45,12:50:00,17581.411965042946,3,44
2023-02-02,17574.0,17581.6,17559.9,17562.1,12:55:00,17580.706063610283,3,45
2023-02-02,17537.45,17588.5,17531.5,17575.55,13:00:00,17576.586438504542,3,46
2023-02-02,17550.75,17561.6,17528.1,17540.1,13:05:00,17574.125825313633,3,47
2023-02-02,17553.25,17565.95,17550.5,17551.4,13:10:00,17572.137651474237,3,48
2023-02-02,17551.05,17561.95,17544.4,17553.85,13:15:00,17570.129303714788,3,49
2023-02-02,17548.0,17557.05,17544.05,17551.45,13:20:00,17568.021750980046,3,50
2023-02-02,17548.2,17558.5,17544.35,17548.85,13:25:00,17566.133965172423,3,51
2023-02-02,17548.4,17556.2,17544.05,17548.4,13:30:00,17564.445016108384,3,52
2023-02-02,17518.95,17549.05,17518.4,17549.05,13:35:00,17560.112157431395,3,53
2023-02-02,17530.2,17530.4,17500.75,17519.5,13:40:00,17557.263380533168,3,54
2023-02-02,17542.5,17548.3,17516.9,17530.9,13:45:00,17555.857344291915,3,55
2023-02-02,17518.1,17545.9,17517.6,17542.9,13:50:00,17552.261406740305,3,56
2023-02-02,17526.55,17538.05,17491.0,17519.0,13:55:00,17549.812701336465,3,57
2023-02-02,17517.7,17539.7,17506.75,17528.0,14:00:00,17546.754348828228,3,58
2023-02-02,17528.65,17535.0,17516.15,17519.4,14:05:00,17545.030125130303,3,59
2023-02-02,17543.75,17556.35,17525.8,17529.55,14:10:00,17544.908208451227,3,60
2023-02-02,17578.15,17589.4,17541.0,17547.8,14:15:00,17548.074093360632,3,61
2023-02-02,17600.1,17603.8,17575.35,17579.0,14:20:00,17553.028941612,3,62
2023-02-02,17591.95,17602.7,17578.3,17601.7,14:25:00,17556.735709077522,3,63
2023-02-02,17573.25,17592.9,17560.9,17592.1,14:30:00,17558.308498689188,3,64
2023-02-02,17584.15,17609.05,17573.65,17574.05,14:35:00,17560.769594052123,3,65
2023-02-02,17602.05,17606.85,17584.2,17584.2,14:40:00,17564.701061285254,3,66
2023-02-02,17594.9,17622.6,17580.4,17602.75,14:45:00,17567.57715068666,3,67
2023-02-02,17613.5,17614.05,17591.15,17595.95,14:50:00,17571.950755383168,3,68
2023-02-02,17587.95,17614.0,17587.05,17613.4,14:55:00,17573.474492965724,3,69
2023-02-02,17615.85,17620.5,17568.85,17590.45,15:00:00,17577.510255540416,3,70
2023-02-02,17620.9,17633.1,17611.35,17616.6,15:05:00,17581.642612155614,3,71
2023-02-02,17610.85,17624.5,17588.6,17620.85,15:10:00,17584.424268140792,3,72
2023-02-02,17616.05,17619.9,17603.8,17610.05,15:15:00,17587.436242603573,3,73
2023-02-02,17623.2,17630.05,17614.8,17615.85,15:20:00,17590.84231473657,3,74
2023-02-02,17611.75,17623.85,17603.5,17622.05,15:25:00,17592.833522856894,3,75
2023-02-03,17703.5,17725.5,17677.7,17721.75,09:15:00,17614.481636624354,4,1
2023-02-03,17672.7,17710.8,17661.7,17700.55,09:20:00,17620.02624266013,4,2
2023-02-03,17686.6,17686.6,17652.15,17674.3,09:25:00,17626.36660050202,4,3
2023-02-03,17679.6,17694.25,17652.75,17686.05,09:30:00,17631.436448073255,4,4
2023-02-03,17654.85,17681.2,17645.4,17679.65,09:35:00,17633.666310161516,4,5
2023-02-03,17659.05,17669.7,17643.0,17653.8,09:40:00,17636.083804431848,4,6
2023-02-03,17673.8,17674.3,17653.95,17658.85,09:45:00,17639.675823057387,4,7
2023-02-03,17658.6,17674.55,17646.85,17674.55,09:50:00,17641.478125623347,4,8
2023-02-03,17683.7,17683.7,17647.8,17658.45,09:55:00,17645.499256516363,4,9
2023-02-03,17669.2,17694.25,17659.6,17685.9,10:00:00,17647.756470181474,4,10
2023-02-03,17657.35,17670.0,17653.2,17669.4,10:05:00,17648.670139688,4,11
2023-02-03,17676.05,17678.65,17656.2,17657.5,10:10:00,17651.277745432002,4,12
2023-02-03,17668.15,17690.0,17667.8,17676.75,10:15:00,17652.884626819432,4,13
2023-02-03,17627.1,17667.3,17624.0,17667.0,10:20:00,17650.428948074725,4,14
2023-02-03,17642.9,17645.75,17610.75,17626.35,10:25:00,17649.71190540094,4,15
2023-02-03,17636.4,17643.3,17623.3,17642.1,10:30:00,17648.444104886566,4,16
2023-02-03,17614.0,17636.25,17614.0,17636.2,10:35:00,17645.16371394499,4,17
2023-02-03,17584.4,17618.65,17584.4,17614.85,10:40:00,17639.376693569277,4,18
2023-02-03,17633.4,17633.65,17584.35,17585.45,10:45:00,17638.80748465792,4,19
2023-02-03,17655.5,17656.65,17619.05,17635.35,10:50:00,17640.39724802383,4,20
2023-02-03,17634.85,17657.85,17633.25,17653.95,10:55:00,17639.868938688225,4,21
2023-02-03,17629.55,17645.05,17626.5,17633.8,11:00:00,17638.88618262268,4,22
2023-02-03,17621.65,17639.4,17620.7,17630.1,11:05:00,17637.24464142052,4,23
2023-02-03,17626.6,17631.3,17608.45,17621.75,11:10:00,17636.230866047135,4,24
2023-02-03,17630.7,17642.95,17626.95,17627.2,11:15:00,17635.70411689979,4,25
2023-02-03,17606.45,17631.7,17606.45,17631.2,11:20:00,17632.91801052838,4,26
2023-02-03,17604.35,17610.95,17595.35,17607.1,11:25:00,17630.197247620916,4,27
2023-02-03,17607.45,17607.45,17587.25,17602.05,11:30:00,17628.03084308559,4,28
2023-02-03,17630.55,17631.75,17605.5,17606.25,11:35:00,17628.270762791726,4,29
2023-02-03,17633.3,17641.3,17621.35,17630.2,11:40:00,17628.74973776394,4,30
2023-02-03,17655.5,17662.35,17626.0,17632.95,11:45:00,17631.297381786422,4,31
2023-02-03,17663.95,17676.1,17653.85,17655.95,11:50:00,17634.407154949622,4,32
2023-02-03,17654.15,17680.5,17653.4,17664.05,11:55:00,17636.2874259068,4,33
2023-02-03,17659.3,17663.6,17642.35,17654.4,12:00:00,17638.479099629963,4,34
2023-02-03,17670.0,17670.0,17648.2,17658.6,12:05:00,17641.481090141395,4,35
2023-02-03,17677.1,17678.95,17657.75,17670.05,12:10:00,17644.873367270786,4,36
2023-02-03,17685.85,17686.9,17677.25,17677.25,12:15:00,17648.775903721187,4,37
2023-02-03,17699.9,17705.35,17686.35,17686.6,12:20:00,17653.64486527155,4,38
2023-02-03,17689.15,17700.2,17680.2,17699.65,12:25:00,17657.026306674263,4,39
2023-02-03,17675.15,17690.4,17671.4,17689.3,12:30:00,17658.752372705287,4,40
2023-02-03,17694.5,17698.95,17672.85,17675.65,12:35:00,17662.156908638117,4,41
2023-02-03,17696.9,17707.05,17691.05,17695.35,12:40:00,17665.465774482105,4,42
2023-02-03,17716.1,17721.35,17693.95,17697.25,12:45:00,17670.288081674284,4,43
2023-02-03,17708.8,17720.8,17702.5,17716.4,12:50:00,17673.95588341959,4,44
2023-02-03,17681.95,17709.7,17680.25,17709.1,12:55:00,17674.71722785582,4,45
2023-02-03,17694.5,17701.85,17678.75,17681.15,13:00:00,17676.601301393363,4,46
2023-02-03,17694.6,17700.7,17688.6,17695.15,13:05:00,17678.31546316542,4,47
2023-02-03,17707.3,17707.3,17681.7,17695.1,13:10:00,17681.075895244907,4,48
2023-02-03,17698.0,17712.6,17695.6,17707.15,13:15:00,17682.687714745392,4,49
2023-02-03,17696.75,17706.05,17696.1,17698.25,13:20:00,17684.026980007737,4,50
2023-02-03,17696.2,17703.85,17685.4,17694.7,13:25:00,17685.186315245093,4,51
2023-02-03,17702.6,17703.0,17683.65,17696.75,13:30:00,17686.844761412227,4,52
2023-02-03,17721.85,17723.35,17699.4,17703.4,13:35:00,17690.178593658682,4,53
2023-02-03,17734.8,17740.75,17722.15,17722.9,13:40:00,17694.428251405476,4,54
2023-02-03,17728.65,17741.1,17721.5,17735.95,13:45:00,17697.687465557334,4,55
2023-02-03,17728.95,17736.8,17718.7,17729.05,13:50:00,17700.66484978997,4,56
2023-02-03,17744.65,17750.05,17721.9,17730.1,13:55:00,17704.853911714734,4,57
2023-02-03,17759.9,17762.55,17738.65,17744.9,14:00:00,17710.096396313333,4,58
2023-02-03,17749.1,17764.95,17738.65,17760.25,14:05:00,17713.811025235875,4,59
2023-02-03,17747.8,17755.65,17733.7,17749.45,14:10:00,17717.048070451507,4,60
2023-02-03,17755.85,17763.15,17749.0,17749.1,14:15:00,17720.743492313268,4,61
2023-02-03,17784.95,17788.5,17753.4,17755.85,14:20:00,17726.858397807242,4,62
2023-02-03,17795.6,17803.85,17785.8,17786.35,14:25:00,17733.405217063697,4,63
2023-02-03,17820.9,17834.65,17797.6,17797.6,14:30:00,17741.73805353382,4,64
2023-02-03,17824.75,17827.85,17798.7,17820.5,14:35:00,17749.643953197265,4,65
2023-02-03,17830.0,17842.65,17819.75,17825.0,14:40:00,17757.29691003562,4,66
2023-02-03,17829.35,17839.8,17817.75,17830.55,14:45:00,17764.159109079847,4,67
2023-02-03,17832.7,17837.2,17824.75,17829.2,14:50:00,17770.686812977005,4,68
2023-02-03,17828.0,17837.4,17821.35,17832.65,14:55:00,17776.1452117411,4,69
2023-02-03,17860.95,17869.85,17830.75,17830.75,15:00:00,17784.22185824195,4,70
2023-02-03,17851.5,17862.55,17846.75,17861.75,15:05:00,17790.629300314144,4,71
2023-02-03,17854.3,17863.45,17850.55,17851.1,15:10:00,17796.693176474702,4,72
2023-02-03,17858.9,17861.35,17849.45,17855.05,15:15:00,17802.617635858063,4,73
2023-02-03,17847.75,17861.3,17847.1,17858.5,15:20:00,17806.915956252535,4,74
2023-02-03,17830.8,17848.35,17825.75,17847.05,15:25:00,17809.190627085627,4,75
2023-02-06,17779.95,17818.55,17773.55,17818.55,09:15:00,17807.212282036082,0,1
2023-02-06,17781.35,17793.4,17769.5,17780.85,09:20:00,17804.749207556455,0,2
2023-02-06,17751.6,17782.45,17749.5,17782.45,09:25:00,17799.687378265364,0,3
2023-02-06,17726.85,17759.9,17722.75,17750.0,09:30:00,17792.750485097233,0,4
2023-02-06,17786.4,17786.4,17713.2,17727.35,09:35:00,17792.145676992735,0,5
2023-02-06,17779.75,17803.9,17774.2,17786.9,09:40:00,17790.965136326762,0,6
2023-02-06,17767.35,17794.8,17764.4,17779.7,09:45:00,17788.716075724213,0,7
2023-02-06,17761.35,17771.75,17749.8,17768.1,09:50:00,17786.109782798096,0,8
2023-02-06,17771.8,17774.45,17741.3,17762.85,09:55:00,17784.746946341136,0,9
2023-02-06,17780.4,17785.95,17762.8,17771.6,10:00:00,17784.332951451506,0,10
2023-02-06,17779.2,17782.75,17766.0,17781.05,10:05:00,17783.844098932313,0,11
2023-02-06,17774.15,17781.95,17766.4,17779.95,10:10:00,17782.92085141495,0,12
2023-02-06,17751.35,17777.45,17750.6,17774.1,10:15:00,17779.914103661144,0,13
2023-02-06,17726.05,17752.0,17722.35,17752.0,10:20:00,17774.78418902675,0,14
2023-02-06,17716.9,17740.35,17715.5,17726.2,10:25:00,17769.27140911944,0,15
2023-02-06,17721.95,17727.3,17707.3,17716.85,10:30:00,17764.76460825092,0,16
2023-02-06,17715.05,17723.6,17705.45,17721.6,10:35:00,17760.029883655596,0,17
2023-02-06,17723.2,17735.15,17715.75,17716.15,10:40:00,17756.522275688396,0,18
2023-02-06,17720.5,17725.6,17712.55,17723.55,10:45:00,17753.091582765694,0,19
2023-02-06,17712.95,17732.95,17712.7,17720.1,10:50:00,17749.26857488325,0,20
2023-02-06,17719.9,17720.0,17698.9,17714.1,10:55:00,17746.47156775151,0,21
2023-02-06,17733.2,17733.8,17711.1,17718.8,11:00:00,17745.207608918034,0,22
2023-02-06,17719.95,17735.5,17719.6,17733.45,11:05:00,17742.80212235441,0,23
2023-02-06,17718.8,17723.35,17714.1,17719.9,11:10:00,17740.516205939704,0,24
2023-02-06,17733.35,17733.7,17714.25,17718.85,11:15:00,17739.83371013592,0,25
2023-02-06,17742.7,17742.7,17724.6,17733.1,11:20:00,17740.106690122975,0,26
2023-02-06,17735.9,17746.0,17734.4,17743.55,11:25:00,17739.706052968406,0,27
2023-02-06,17735.2,17742.0,17728.75,17736.95,11:30:00,17739.276905066654,0,28
2023-02-06,17724.4,17744.0,17723.8,17735.0,11:35:00,17737.86005696507,0,29
2023-02-06,17727.95,17730.3,17715.65,17723.5,11:40:00,17736.916242016014,0,30
2023-02-06,17734.2,17735.9,17723.4,17727.6,11:45:00,17736.657552300203,0,31
2023-02-06,17733.8,17734.6,17729.35,17734.3,11:50:00,17736.38540446209,0,32
2023-02-06,17749.35,17749.35,17734.0,17734.0,11:55:00,17737.620127846654,0,33
2023-02-06,17737.85,17755.0,17735.85,17747.85,12:00:00,17737.642020432686,0,34
2023-02-06,17745.0,17758.15,17737.95,17737.95,12:05:00,17738.34278039148,0,35
2023-02-06,17728.4,17746.5,17727.4,17745.0,12:10:00,17737.395848925622,0,36
2023-02-06,17738.95,17741.3,17717.4,17728.4,12:15:00,17737.54386331366,0,37
2023-02-06,17731.1,17746.7,17731.1,17740.85,12:20:00,17736.93016204569,0,38
2023-02-06,17720.1,17731.65,17717.15,17731.65,12:25:00,17735.327289469908,0,39
2023-02-06,17724.4,17727.85,17719.05,17720.2,12:30:00,17734.28659523468,0,40
2023-02-06,17740.25,17745.3,17719.9,17723.6,12:35:00,17734.854538545664,0,41
2023-02-06,17725.7,17743.45,17725.7,17740.1,12:40:00,17733.98267773179,0,42
2023-02-06,17728.9,17731.9,17720.55,17725.95,12:45:00,17733.498613185904,0,43
2023-02-06,17729.7,17733.8,17717.75,17728.8,12:50:00,17733.13684050153,0,44
2023-02-06,17741.15,17742.75,17726.5,17729.8,12:55:00,17733.899998549005,0,45
2023-02-06,17736.8,17744.45,17734.05,17740.75,13:00:00,17734.176189163383,0,46
2023-02-06,17733.2,17739.75,17725.15,17736.95,13:05:00,17734.08321876687,0,47
2023-02-06,17721.75,17735.2,17718.95,17733.75,13:10:00,17732.90862650336,0,48
2023-02-06,17735.2,17743.1,17717.0,17721.3,13:15:00,17733.126852550657,0,49
2023-02-06,17743.05,17745.5,17734.3,17735.35,13:20:00,17734.071914212498,0,50
2023-02-06,17742.7,17751.4,17736.45,17742.6,13:25:00,17734.89363666845,0,51
2023-02-06,17747.3,17748.45,17732.6,17741.4,13:30:00,17736.07519508098,0,52
2023-02-06,17755.95,17760.05,17745.85,17747.55,13:35:00,17737.968033644695,0,53
2023-02-06,17764.9,17770.6,17754.4,17755.9,13:40:00,17740.53298282139,0,54
2023-02-06,17754.7,17763.85,17740.55,17763.35,13:45:00,17741.882222552686,0,55
2023-02-06,17760.5,17766.45,17747.45,17754.7,13:50:00,17743.655344214334,0,56
2023-02-06,17768.45,17772.3,17759.3,17760.4,13:55:00,17746.016740003444,0,57
2023-02-06,17775.15,17784.85,17765.1,17768.8,14:00:00,17748.791336193593,0,58
2023-02-06,17773.75,17784.3,17757.65,17774.75,14:05:00,17751.168351794204,0,59
2023-02-06,17773.25,17777.65,17760.0,17773.35,14:10:00,17753.27136590904,0,60
2023-02-06,17758.65,17776.5,17758.65,17773.7,14:15:00,17753.783616774846,0,61
2023-02-06,17756.65,17762.7,17746.9,17758.4,14:20:00,17754.056605653434,0,62
2023-02-06,17757.4,17761.4,17753.15,17756.25,14:25:00,17754.37502416263,0,63
2023-02-06,17752.5,17761.45,17748.0,17757.35,14:30:00,17754.196450432853,0,64
2023-02-06,17752.9,17762.3,17750.65,17752.55,14:35:00,17754.072978963057,0,65
2023-02-06,17754.8,17761.1,17747.95,17753.15,14:40:00,17754.142219061814,0,66
2023-02-06,17766.65,17770.05,17753.2,17755.25,14:45:00,17755.333436294022,0,67
2023-02-06,17740.35,17768.4,17739.4,17766.7,14:50:00,17753.906442361258,0,68
2023-02-06,17757.2,17757.2,17739.8,17739.8,14:55:00,17754.220114517328,0,69
2023-02-06,17760.95,17780.0,17756.8,17759.6,15:00:00,17754.861055991867,0,70
2023-02-06,17772.65,17772.7,17759.8,17760.95,15:05:00,17756.5552411355,0,71
2023-02-06,17761.75,17774.8,17761.75,17772.45,15:10:00,17757.049980074975,0,72
2023-02-06,17764.35,17767.5,17757.7,17762.2,15:15:00,17757.745220067834,0,73
2023-02-06,17766.75,17766.8,17756.4,17764.5,15:20:00,17758.60281815661,0,74
2023-02-06,17762.0,17767.3,17756.05,17765.85,15:25:00,17758.926359284553,0,75
2023-02-07,17790.6,17795.25,17756.5,17790.1,09:15:00,17764.629060548126,1,1
2023-02-07,17802.3,17803.05,17784.65,17791.95,09:20:00,17768.216769067352,1,2
2023-02-07,17789.7,17810.85,17785.65,17801.55,09:25:00,17770.262791060937,1,3
2023-02-07,17776.45,17808.95,17776.05,17789.6,09:30:00,17770.852049055135,1,4
2023-02-07,17763.05,17779.5,17756.25,17775.85,09:35:00,17770.108996764167,1,5
2023-02-07,17750.25,17766.7,17746.15,17762.3,09:40:00,17768.217663739008,1,6
2023-02-07,17736.75,17750.7,17731.05,17750.7,09:45:00,17765.22074338291,1,7
2023-02-07,17741.25,17747.55,17733.1,17736.8,09:50:00,17762.93781544168,1,8
2023-02-07,17751.8,17751.8,17735.45,17741.2,09:55:00,17761.877071113904,1,9
2023-02-07,17760.35,17769.3,17749.5,17751.6,10:00:00,17761.731635769724,1,10
2023-02-07,17747.65,17760.6,17742.0,17760.55,10:05:00,17760.39052760118,1,11
2023-02-07,17750.8,17753.35,17742.15,17747.8,10:10:00,17759.477144020115,1,12
2023-02-07,17739.85,17755.1,17738.95,17750.75,10:15:00,17757.607892208674,1,13
2023-02-07,17754.6,17757.7,17737.55,17738.85,10:20:00,17757.321426284037,1,14
2023-02-07,17762.15,17763.1,17754.4,17754.6,10:25:00,17757.781290447463,1,15
2023-02-07,17758.25,17767.05,17755.25,17761.9,10:30:00,17757.82592945247,1,16
2023-02-07,17778.6,17782.5,17755.35,17757.5,10:35:00,17759.80441236176,1,17
2023-02-07,17769.9,17787.05,17769.9,17779.5,10:40:00,17760.765896898734,1,18
2023-02-07,17768.35,17777.35,17764.45,17769.15,10:45:00,17761.48819243219,1,19
2023-02-07,17767.9,17773.15,17765.7,17768.45,10:50:00,17762.09884077198,1,20
2023-02-07,17758.35,17768.55,17747.4,17767.6,10:55:00,17761.741808317507,1,21
2023-02-07,17758.7,17759.45,17744.8,17758.0,11:00:00,17761.45211228727,1,22
2023-02-07,17760.7,17767.8,17757.4,17758.75,11:05:00,17761.380482545625,1,23
2023-02-07,17767.45,17769.0,17759.2,17760.1,11:10:00,17761.958531826993,1,24
2023-02-07,17754.75,17770.25,17754.75,17766.45,11:15:00,17761.272004986327,1,25
2023-02-07,17754.15,17762.85,17754.0,17755.0,11:20:00,17760.593718797154,1,26
2023-02-07,17746.4,17755.05,17743.75,17753.5,11:25:00,17759.24193605457,1,27
2023-02-07,17739.4,17746.25,17739.4,17746.25,11:30:00,17757.352227858893,1,28
2023-02-07,17742.7,17746.15,17737.75,17739.7,11:35:00,17755.95677758662,1,29
2023-02-07,17736.7,17744.8,17736.7,17742.45,11:40:00,17754.122798768847,1,30
2023-02-07,17739.3,17739.6,17727.35,17734.0,11:45:00,17752.711103648006,1,31
2023-02-07,17742.4,17747.5,17738.75,17738.75,11:50:00,17751.72909377677,1,32
2023-02-07,17731.95,17743.05,17731.1,17742.55,11:55:00,17749.84537055993,1,33
2023-02-07,17741.35,17742.25,17731.55,17731.85,12:00:00,17749.036287649462,1,34
2023-02-07,17735.75,17745.15,17735.3,17741.3,12:05:00,17747.77092692094,1,35
2023-02-07,17723.95,17735.25,17722.25,17734.8,12:10:00,17745.502267214186,1,36
2023-02-07,17707.65,17723.05,17701.6,17723.05,12:15:00,17741.897289384262,1,37
2023-02-07,17711.05,17716.15,17698.25,17706.35,12:20:00,17738.95945230005,1,38
2023-02-07,17710.45,17712.65,17703.3,17711.0,12:25:00,17736.24426636671,1,39
2023-02-07,17702.55,17709.55,17697.85,17709.3,12:30:00,17733.0352886175,1,40
2023-02-07,17694.05,17702.8,17689.75,17702.8,12:35:00,17729.322403987262,1,41
2023-02-07,17691.6,17698.55,17688.4,17695.35,12:40:00,17725.729794083712,1,42
2023-02-07,17686.35,17698.75,17683.9,17690.85,12:45:00,17721.979337504312,1,43
2023-02-07,17670.5,17687.3,17666.0,17686.2,12:50:00,17717.07654345628,1,44
2023-02-07,17677.5,17680.55,17667.25,17670.25,12:55:00,17713.307348841397,1,45
2023-02-07,17662.65,17684.2,17661.9,17676.55,13:00:00,17708.482839427932,1,46
2023-02-07,17664.8,17668.4,17656.5,17662.1,13:05:00,17704.322569006225,1,47
2023-02-07,17654.65,17675.3,17653.55,17664.5,13:10:00,17699.591848148488,1,48
2023-02-07,17660.5,17666.2,17652.55,17654.6,13:15:00,17695.86881499149,1,49
2023-02-07,17682.2,17685.7,17659.85,17660.65,13:20:00,17694.567023087537,1,50
2023-02-07,17696.6,17699.35,17681.8,17682.8,13:25:00,17694.760639936343,1,51
2023-02-07,17719.35,17727.9,17696.55,17696.55,13:30:00,17697.10248375193,1,52
2023-02-07,17719.45,17721.8,17704.2,17718.05,13:35:00,17699.2308186327,1,53
2023-02-07,17718.25,17722.95,17707.0,17718.6,13:40:00,17701.04216923911,1,54
2023-02-07,17716.65,17723.35,17709.5,17717.0,13:45:00,17702.528629311575,1,55
2023-02-07,17720.85,17728.05,17713.85,17716.15,13:50:00,17704.273521758092,1,56
2023-02-07,17704.9,17720.95,17700.5,17720.75,13:55:00,17704.33318635256,1,57
2023-02-07,17734.3,17734.3,17702.85,17704.1,14:00:00,17707.187168604698,1,58
2023-02-07,17727.75,17740.5,17725.35,17734.9,14:05:00,17709.14553349949,1,59
2023-02-07,17729.0,17735.8,17726.65,17727.5,14:10:00,17711.036435070968,1,60
2023-02-07,17735.75,17740.35,17726.2,17728.05,14:15:00,17713.39010792135,1,61
2023-02-07,17716.5,17746.6,17714.2,17735.4,14:20:00,17713.686288119316,1,62
2023-02-07,17717.1,17721.6,17709.6,17714.35,14:25:00,17714.011403536522,1,63
2023-02-07,17733.7,17734.3,17714.3,17717.0,14:30:00,17715.886507961615,1,64
2023-02-07,17751.25,17751.25,17733.95,17733.95,14:35:00,17719.254459584317,1,65
2023-02-07,17753.85,17754.1,17745.05,17751.95,14:40:00,17722.54927295724,1,66
2023-02-07,17760.2,17766.1,17753.35,17753.35,14:45:00,17726.13505648512,1,67
2023-02-07,17767.1,17770.4,17760.35,17760.35,14:50:00,17730.03647967701,1,68
2023-02-07,17763.9,17778.6,17757.85,17767.4,14:55:00,17733.26157685063,1,69
2023-02-07,17728.85,17767.2,17723.9,17765.0,15:00:00,17732.84142667438,1,70
2023-02-07,17727.05,17733.8,17724.45,17729.05,15:05:00,17732.2898622292,1,71
2023-02-07,17720.0,17731.6,17715.15,17727.15,15:10:00,17731.119399159754,1,72
2023-02-07,17716.6,17722.7,17714.2,17720.8,15:15:00,17729.73659923978,1,73
2023-02-07,17710.15,17717.2,17704.5,17716.1,15:20:00,17727.87120883599,1,74
2023-02-07,17720.4,17722.25,17705.6,17710.3,15:25:00,17727.159665137326,1,75
2023-02-08,17788.9,17793.2,17745.3,17750.3,09:15:00,17735.033648785884,2,1
2023-02-08,17806.3,17809.9,17787.4,17787.4,09:20:00,17741.820920330087,2,2
2023-02-08,17809.4,17811.7,17800.5,17804.45,09:25:00,17748.257023155795,2,3
2023-02-08,17829.35,17829.35,17808.85,17808.9,09:30:00,17755.980163807624,2,4
2023-02-08,17830.3,17838.8,17820.65,17830.0,09:35:00,17763.058243444993,2,5
2023-02-08,17839.4,17844.45,17831.05,17831.25,09:40:00,17770.32888692642,2,6
2023-02-08,17841.0,17853.35,17837.8,17839.35,09:45:00,17777.059469123906,2,7
2023-02-08,17837.55,17841.8,17821.8,17840.7,09:50:00,17782.820472064486,2,8
2023-02-08,17850.55,17854.4,17837.45,17837.8,09:55:00,17789.27090329644,2,9
2023-02-08,17848.8,17857.9,17841.0,17850.85,10:00:00,17794.94034107773,2,10
2023-02-08,17836.5,17878.4,17835.85,17849.1,10:05:00,17798.89840383223,2,11
2023-02-08,17861.7,17867.95,17816.8,17834.7,10:10:00,17804.87950822916,2,12
2023-02-08,17845.05,17867.85,17842.55,17861.2,10:15:00,17808.705269350194,2,13
2023-02-08,17853.35,17856.15,17842.15,17844.85,10:20:00,17812.9571484597,2,14
2023-02-08,17849.7,17853.75,17842.2,17853.3,10:25:00,17816.456467654014,2,15
2023-02-08,17840.1,17850.0,17832.15,17849.5,10:30:00,17818.708232639347,2,16
2023-02-08,17830.55,17843.95,17830.55,17840.2,10:35:00,17819.836020007027,2,17
2023-02-08,17812.35,17831.3,17810.45,17831.3,10:40:00,17819.123065720643,2,18
2023-02-08,17801.55,17822.1,17799.95,17812.05,10:45:00,17817.449440413915,2,19
2023-02-08,17820.85,17821.15,17801.35,17801.85,10:50:00,17817.773303231636,2,20
2023-02-08,17823.75,17831.25,17819.9,17820.5,10:55:00,17818.34251244767,2,21
2023-02-08,17834.0,17841.7,17822.05,17823.85,11:00:00,17819.833701738367,2,22
2023-02-08,17843.15,17843.4,17834.05,17834.85,11:05:00,17822.054301572807,2,23
2023-02-08,17840.7,17844.4,17836.1,17842.3,11:10:00,17823.830082375396,2,24
2023-02-08,17843.65,17846.2,17836.45,17840.85,11:15:00,17825.71769357774,2,25
2023-02-08,17851.25,17852.4,17842.25,17843.95,11:20:00,17828.14934180843,2,26
2023-02-08,17839.55,17852.2,17836.6,17851.0,11:25:00,17829.235118779055,2,27
2023-02-08,17844.95,17852.4,17836.9,17839.6,11:30:00,17830.731774133434,2,28
2023-02-08,17857.05,17862.55,17843.8,17843.8,11:35:00,17833.238271835013,2,29
2023-02-08,17874.35,17874.35,17857.25,17857.65,11:40:00,17837.15367451739,2,30
2023-02-08,17864.1,17880.4,17861.25,17873.35,11:45:00,17839.71999123002,2,31
2023-02-08,17866.8,17871.7,17862.65,17863.2,11:50:00,17842.299039684305,2,32
2023-02-08,17876.65,17877.2,17864.95,17866.6,11:55:00,17845.57055971437,2,33
2023-02-08,17865.8,17878.05,17862.35,17876.5,12:00:00,17847.49717307491,2,34
2023-02-08,17847.5,17866.75,17845.7,17866.75,12:05:00,17847.49744230587,2,35
2023-02-08,17851.75,17851.75,17831.7,17847.7,12:10:00,17847.90244780055,2,36
2023-02-08,17845.85,17852.35,17840.05,17851.0,12:15:00,17847.70697658145,2,37
2023-02-08,17833.9,17846.25,17833.0,17844.7,12:20:00,17846.392026430833,2,38
2023-02-08,17838.0,17839.6,17829.45,17833.45,12:25:00,17845.59278581837,2,39
2023-02-08,17847.15,17847.15,17830.45,17836.4,12:30:00,17845.741091930908,2,40
2023-02-08,17841.15,17855.2,17841.15,17846.85,12:35:00,17845.303845080347,2,41
2023-02-08,17845.3,17851.25,17837.95,17840.65,12:40:00,17845.30347888222,2,42
2023-02-08,17842.1,17847.6,17835.85,17845.05,12:45:00,17844.99838565534,2,43
2023-02-08,17845.7,17849.95,17840.45,17841.65,12:50:00,17845.065206069117,2,44
2023-02-08,17849.05,17849.15,17837.75,17845.6,12:55:00,17845.44471025301,2,45
2023-02-08,17861.6,17861.6,17848.15,17848.15,13:00:00,17846.983309276533,2,46
2023-02-08,17858.2,17864.75,17849.4,17861.7,13:05:00,17848.051565535912,2,47
2023-02-08,17851.8,17863.2,17850.05,17857.9,13:10:00,17848.408559294396,2,48
2023-02-08,17860.85,17860.85,17849.4,17852.1,13:15:00,17849.593458409217,2,49
2023-02-08,17872.35,17873.85,17859.55,17860.5,13:20:00,17851.76074808453,2,50
2023-02-08,17881.45,17881.55,17867.8,17872.1,13:25:00,17854.588295886002,2,51
2023-02-08,17877.6,17888.7,17877.45,17880.45,13:30:00,17856.779886754,2,52
2023-02-08,17855.6,17876.65,17845.0,17876.55,13:35:00,17856.667516586953,2,53
2023-02-08,17867.75,17868.65,17849.7,17852.85,13:40:00,17857.72299119772,2,54
2023-02-08,17872.7,17873.6,17861.15,17866.9,13:45:00,17859.149372988413,2,55
2023-02-08,17870.3,17878.7,17860.7,17872.7,13:50:00,17860.211337465706,2,56
2023-02-08,17877.3,17878.15,17868.3,17870.3,13:55:00,17861.83882913564,2,57
2023-02-08,17874.7,17883.75,17871.85,17876.6,14:00:00,17863.06370255129,2,58
2023-02-08,17879.15,17884.7,17867.75,17874.85,14:05:00,17864.59573087974,2,59
2023-02-08,17885.95,17888.75,17877.75,17879.0,14:10:00,17866.629470795957,2,60
2023-02-08,17874.35,17886.95,17869.4,17885.5,14:15:00,17867.36475929158,2,61
2023-02-08,17879.3,17890.4,17873.05,17874.3,14:20:00,17868.50144888286,2,62
2023-02-08,17886.0,17891.25,17878.3,17878.6,14:25:00,17870.167977560683,2,63
2023-02-08,17893.15,17896.2,17881.55,17885.6,14:30:00,17872.35674160252,2,64
2023-02-08,17882.1,17897.4,17881.6,17893.2,14:35:00,17873.28467097371,2,65
2023-02-08,17888.45,17889.8,17878.8,17882.1,14:40:00,17874.72898802383,2,66
2023-02-08,17890.0,17896.3,17880.95,17888.3,14:45:00,17876.1833701168,2,67
2023-02-08,17885.65,17891.8,17881.5,17890.0,14:50:00,17877.0849539152,2,68
2023-02-08,17890.15,17894.95,17883.0,17885.8,14:55:00,17878.329244018514,2,69
2023-02-08,17867.5,17898.55,17867.45,17890.7,15:00:00,17877.297887445322,2,70
2023-02-08,17870.3,17874.25,17863.45,17866.95,15:05:00,17876.63142197434,2,71
2023-02-08,17871.2,17872.45,17863.95,17870.0,15:10:00,17876.11414369107,2,72
2023-02-08,17873.8,17877.85,17868.5,17871.5,15:15:00,17875.893749053823,2,73
2023-02-08,17869.95,17875.25,17867.95,17873.7,15:20:00,17875.327677715362,2,74
2023-02-08,17862.5,17872.2,17857.65,17869.9,15:25:00,17874.105994123423,2,75
2023-02-09,17843.4,17885.5,17818.15,17885.5,09:15:00,17872.16341015546,3,1
2023-02-09,17835.9,17849.2,17823.6,17843.55,09:20:00,17868.709752045415,3,2
2023-02-09,17815.8,17839.35,17812.1,17835.1,09:25:00,17863.67072804109,3,3
2023-02-09,17805.0,17816.8,17796.25,17815.25,09:30:00,17858.083039656223,3,4
2023-02-09,17799.1,17820.0,17798.45,17805.7,09:35:00,17852.46560730801,3,5
2023-02-09,17789.7,17799.05,17783.75,17799.05,09:40:00,17846.487930421536,3,6
2023-02-09,17809.15,17817.2,17780.5,17789.8,09:45:00,17842.931937048055,3,7
2023-02-09,17829.6,17829.6,17808.75,17809.4,09:50:00,17841.662228757763,3,8
2023-02-09,17849.15,17850.5,17830.55,17831.0,09:55:00,17842.375349828453,3,9
2023-02-09,17849.6,17867.95,17848.75,17848.85,10:00:00,17843.063411749554,3,10
2023-02-09,17864.7,17864.7,17840.5,17850.05,10:05:00,17845.12403920198,3,11
2023-02-09,17855.8,17869.25,17853.3,17865.1,10:10:00,17846.14079737322,3,12
2023-02-09,17858.05,17862.65,17850.15,17856.75,10:15:00,17847.275007147196,3,13
2023-02-09,17874.5,17874.5,17858.4,17858.45,10:20:00,17849.86786360937,3,14
2023-02-09,17865.1,17878.35,17863.35,17873.25,10:25:00,17851.318543265617,3,15
2023-02-09,17872.1,17873.45,17861.45,17864.9,10:30:00,17853.297729621274,3,16
2023-02-09,17869.75,17881.25,17866.95,17871.45,10:35:00,17854.864612514488,3,17
2023-02-09,17866.75,17879.15,17864.15,17869.5,10:40:00,17855.996554179776,3,18
2023-02-09,17848.8,17867.3,17848.6,17865.95,10:45:00,17855.311168067416,3,19
2023-02-09,17852.45,17856.4,17845.65,17849.2,10:50:00,17855.038675870517,3,20
2023-02-09,17861.8,17862.9,17844.65,17852.4,10:55:00,17855.682611501896,3,21
2023-02-09,17865.95,17867.55,17855.05,17862.2,11:00:00,17856.660458025526,3,22
2023-02-09,17861.6,17870.8,17859.25,17866.0,11:05:00,17857.130890594522,3,23
2023-02-09,17865.5,17867.8,17860.35,17861.6,11:10:00,17857.92794863314,3,24
2023-02-09,17864.4,17869.3,17863.45,17865.2,11:15:00,17858.544334477603,3,25
2023-02-09,17873.8,17873.8,17861.5,17864.6,11:20:00,17859.997255003545,3,26
2023-02-09,17881.45,17885.05,17872.1,17873.25,11:25:00,17862.040373574637,3,27
2023-02-09,17874.5,17884.1,17873.2,17881.1,11:30:00,17863.227004662767,3,28
2023-02-09,17873.75,17876.0,17868.05,17874.05,11:35:00,17864.229194694883,3,29
2023-02-09,17867.0,17874.0,17861.8,17873.8,11:40:00,17864.493080914417,3,30
2023-02-09,17873.1,17875.05,17855.15,17867.2,11:45:00,17865.312787493996,3,31
2023-02-09,17858.15,17873.65,17856.9,17873.15,11:50:00,17864.630617256473,3,32
2023-02-09,17857.15,17862.85,17850.6,17857.9,11:55:00,17863.91817751776,3,33
2023-02-09,17850.75,17858.1,17846.75,17857.25,12:00:00,17862.66406537321,3,34
2023-02-09,17842.0,17856.75,17840.95,17851.4,12:05:00,17860.69605914719,3,35
2023-02-09,17833.6,17844.65,17831.0,17842.15,12:10:00,17858.11548208555,3,36
2023-02-09,17849.0,17849.25,17831.35,17833.7,12:15:00,17857.247340934548,3,37
2023-02-09,17845.4,17855.55,17840.35,17849.1,12:20:00,17856.119022750307,3,38
2023-02-09,17837.0,17846.05,17834.85,17845.05,12:25:00,17854.298163440755,3,39
2023-02-09,17834.95,17845.1,17833.05,17836.9,12:30:00,17852.4554812083,3,40
2023-02-09,17836.45,17837.75,17829.65,17835.75,12:35:00,17850.93114966465,3,41
2023-02-09,17827.4,17837.85,17822.7,17836.25,12:40:00,17848.690087791827,3,42
2023-02-09,17838.35,17840.95,17826.0,17828.2,12:45:00,17847.70531752594,3,43
2023-02-09,17839.55,17845.7,17832.6,17838.55,12:50:00,17846.928620618706,3,44
2023-02-09,17838.05,17842.45,17837.25,17839.15,12:55:00,17846.08303770264,3,45
2023-02-09,17833.45,17841.35,17831.95,17837.7,13:00:00,17844.879891254768,3,46
2023-02-09,17832.5,17837.1,17829.3,17833.35,13:05:00,17843.70085399241,3,47
2023-02-09,17831.25,17837.4,17827.5,17832.25,13:10:00,17842.515058374083,3,48
2023-02-09,17839.95,17842.55,17831.45,17831.45,13:15:00,17842.270767100363,3,49
2023-02-09,17827.5,17845.85,17826.35,17840.1,13:20:00,17840.86402737652,3,50
2023-02-09,17837.7,17838.1,17824.45,17828.15,13:25:00,17840.562691435898,3,51
2023-02-09,17857.25,17858.4,17835.6,17837.35,13:30:00,17842.151958918195,3,52
2023-02-09,17856.8,17860.65,17853.9,17857.8,13:35:00,17843.547010449798,3,53
2023-02-09,17866.4,17869.55,17854.95,17856.6,13:40:00,17845.723485645056,3,54
2023-02-09,17886.8,17888.8,17862.3,17866.45,13:45:00,17849.63553463124,3,55
2023-02-09,17896.2,17898.75,17881.75,17886.7,13:50:00,17854.070245618743,3,56
2023-02-09,17893.2,17898.95,17887.95,17895.95,13:55:00,17857.796888893146,3,57
2023-02-09,17908.1,17911.0,17890.15,17893.05,14:00:00,17862.587661379515,3,58
2023-02-09,17908.95,17915.55,17900.75,17907.7,14:05:00,17867.003122200513,3,59
2023-02-09,17899.85,17910.0,17892.2,17908.55,14:10:00,17870.131396276654,3,60
2023-02-09,17887.45,17903.2,17885.85,17900.0,14:15:00,17871.78078710745,3,61
2023-02-09,17894.75,17897.8,17879.45,17887.35,14:20:00,17873.968331192456,3,62
2023-02-09,17889.85,17897.3,17888.3,17894.95,14:25:00,17875.48087107889,3,63
2023-02-09,17893.35,17895.35,17884.75,17889.85,14:30:00,17877.1826928809,3,64
2023-02-09,17893.8,17904.1,17891.8,17893.35,14:35:00,17878.76529355891,3,65
2023-02-09,17897.8,17900.7,17890.05,17893.6,14:40:00,17880.578122743776,3,66
2023-02-09,17885.25,17900.35,17880.1,17897.9,14:45:00,17881.023063434845,3,67
2023-02-09,17881.75,17891.0,17880.8,17886.85,14:50:00,17881.09229548867,3,68
2023-02-09,17885.3,17890.8,17881.05,17882.7,14:55:00,17881.493029251655,3,69
2023-02-09,17881.85,17890.8,17876.3,17884.8,15:00:00,17881.527026465785,3,70
2023-02-09,17893.35,17893.65,17878.45,17881.0,15:05:00,17882.653023945233,3,71
2023-02-09,17893.55,17899.2,17891.5,17895.1,15:10:00,17883.690831188545,3,72
2023-02-09,17893.3,17899.75,17891.95,17893.1,15:15:00,17884.605990122967,3,73
2023-02-09,17900.4,17901.1,17890.9,17893.35,15:20:00,17886.11018153983,3,74
2023-02-09,17897.1,17904.8,17895.1,17900.85,15:25:00,17887.15683091699,3,75
2023-02-10,17844.95,17870.1,17833.25,17847.55,09:15:00,17879.72429923137,4,1
2023-02-10,17847.65,17848.85,17826.5,17845.4,09:20:00,17876.66960406648,4,2
2023-02-10,17860.3,17864.1,17831.9,17847.25,09:25:00,17875.110594155387,4,3
2023-02-10,17815.5,17860.7,17815.2,17860.7,09:30:00,17869.433394712018,4,4
2023-02-10,17813.6,17822.9,17808.7,17814.35,09:35:00,17864.11592854897,4,5
2023-02-10,17811.7,17826.15,17809.9,17813.65,09:40:00,17859.12393535383,4,6
2023-02-10,17804.55,17824.9,17801.15,17811.3,09:45:00,17853.926417701085,4,7
2023-02-10,17825.25,17831.4,17802.05,17804.65,09:50:00,17851.195330300983,4,8
2023-02-10,17824.7,17831.7,17820.6,17826.8,09:55:00,17848.671965510413,4,9
2023-02-10,17845.75,17846.95,17814.2,17823.9,10:00:00,17848.39368308085,4,10
2023-02-10,17844.2,17846.55,17836.85,17846.35,10:05:00,17847.994284692195,4,11
2023-02-10,17829.3,17845.3,17825.4,17844.55,10:10:00,17846.213876626272,4,12
2023-02-10,17831.05,17840.8,17821.8,17828.95,10:15:00,17844.76969789996,4,13
2023-02-10,17829.25,17831.75,17823.25,17830.5,10:20:00,17843.291631433298,4,14
2023-02-10,17829.1,17838.9,17822.75,17829.5,10:25:00,17841.940047487267,4,15
2023-02-10,17827.6,17831.15,17820.6,17829.5,10:30:00,17840.574328678955,4,16
2023-02-10,17838.25,17838.45,17821.65,17828.0,10:35:00,17840.352964042864,4,17
2023-02-10,17844.65,17848.6,17836.9,17838.6,10:40:00,17840.76220556259,4,18
2023-02-10,17852.2,17853.95,17844.0,17844.3,10:45:00,17841.851519318534,4,19
2023-02-10,17857.15,17861.3,17846.75,17852.55,10:50:00,17843.308517478672,4,20
2023-02-10,17852.3,17857.65,17848.9,17856.95,10:55:00,17844.164849147368,4,21
2023-02-10,17858.6,17862.6,17853.15,17853.15,11:00:00,17845.539625419045,4,22
2023-02-10,17860.7,17864.9,17857.75,17858.4,11:05:00,17846.983470617233,4,23
2023-02-10,17866.7,17867.85,17853.65,17860.65,11:10:00,17848.861235320353,4,24
2023-02-10,17866.4,17868.3,17860.6,17866.6,11:15:00,17850.531593861273,4,25
2023-02-10,17874.35,17875.0,17862.55,17866.4,11:20:00,17852.800013493532,4,26
2023-02-10,17859.9,17876.95,17859.65,17874.65,11:25:00,17853.476202684626,4,27
2023-02-10,17857.15,17864.35,17855.55,17860.5,11:30:00,17853.826088143232,4,28
2023-02-10,17860.6,17863.5,17857.15,17857.15,11:35:00,17854.47122260578,4,29
2023-02-10,17850.45,17863.3,17845.8,17860.95,11:40:00,17854.08824902428,4,30
2023-02-10,17849.15,17851.45,17844.7,17850.5,11:45:00,17853.617939593398,4,31
2023-02-10,17849.2,17856.0,17848.45,17849.15,11:50:00,17853.197183441647,4,32
2023-02-10,17847.0,17852.8,17845.05,17848.9,11:55:00,17852.606975494822,4,33
2023-02-10,17832.3,17858.55,17831.4,17847.45,12:00:00,17850.67297782865,4,34
2023-02-10,17830.3,17833.15,17820.85,17832.05,12:05:00,17848.73269422592,4,35
2023-02-10,17823.75,17830.2,17820.35,17830.2,12:10:00,17846.35339001393,4,36
2023-02-10,17833.65,17834.75,17821.8,17824.15,12:15:00,17845.143543345937,4,37
2023-02-10,17835.85,17840.3,17831.45,17833.75,12:20:00,17844.25844397966,4,38
2023-02-10,17839.45,17842.95,17834.4,17835.7,12:25:00,17843.800496933978,4,39
2023-02-10,17834.05,17840.45,17831.6,17839.4,12:30:00,17842.87187817836,4,40
2023-02-10,17832.6,17835.8,17826.45,17833.4,12:35:00,17841.893604066136,4,41
2023-02-10,17833.05,17842.0,17823.3,17833.4,12:40:00,17841.051356059837,4,42
2023-02-10,17833.8,17838.05,17830.8,17832.95,12:45:00,17840.360750720803,4,43
2023-02-10,17835.0,17838.55,17827.7,17833.4,12:50:00,17839.850203033107,4,44
2023-02-10,17825.3,17837.65,17824.8,17834.45,12:55:00,17838.46446941091,4,45
2023-02-10,17824.25,17828.6,17815.9,17825.55,13:00:00,17837.110710419394,4,46
2023-02-10,17827.05,17832.1,17822.4,17823.95,13:05:00,17836.15254752231,4,47
2023-02-10,17822.7,17828.3,17817.95,17828.3,13:10:00,17834.871352520186,4,48
2023-02-10,17821.3,17829.5,17815.1,17822.85,13:15:00,17833.57884275636,4,49
2023-02-10,17821.0,17825.15,17817.4,17820.9,13:20:00,17832.380857731943,4,50
2023-02-10,17824.05,17827.5,17817.3,17820.8,13:25:00,17831.587442709853,4,51
2023-02-10,17822.95,17835.05,17821.35,17823.85,13:30:00,17830.764829118438,4,52
2023-02-10,17833.8,17835.4,17816.05,17822.55,13:35:00,17831.05389301192,4,53
2023-02-10,17840.3,17844.8,17831.95,17833.6,13:40:00,17831.93447462983,4,54
2023-02-10,17834.95,17846.3,17834.2,17840.65,13:45:00,17832.221667522226,4,55
2023-02-10,17838.55,17839.05,17833.3,17834.7,13:50:00,17832.824365853445,4,56
2023-02-10,17843.0,17844.55,17835.6,17838.45,13:55:00,17833.7934738674,4,57
2023-02-10,17853.6,17854.8,17841.9,17842.75,14:00:00,17835.679809689555,4,58
2023-02-10,17851.5,17858.9,17847.5,17852.4,14:05:00,17837.186494481026,4,59
2023-02-10,17850.55,17859.25,17849.2,17851.3,14:10:00,17838.459209292356,4,60
2023-02-10,17852.55,17856.55,17848.1,17850.1,14:15:00,17839.80118935975,4,61
2023-02-10,17853.3,17855.55,17848.8,17852.25,14:20:00,17841.08679037311,4,62
2023-02-10,17853.85,17857.6,17850.65,17853.15,14:25:00,17842.302334147098,4,63
2023-02-10,17838.0,17857.3,17838.0,17854.2,14:30:00,17841.89258803785,4,64
2023-02-10,17844.35,17847.05,17834.5,17837.65,14:35:00,17842.126627272337,4,65
2023-02-10,17835.6,17849.2,17834.1,17844.9,14:40:00,17841.50504372259,4,66
2023-02-10,17829.7,17835.85,17823.65,17835.05,14:45:00,17840.38075384425,4,67
2023-02-10,17841.6,17842.45,17829.6,17829.6,14:50:00,17840.49687252575,4,68
2023-02-10,17834.95,17841.7,17828.05,17841.3,14:55:00,17839.96859895187,4,69
2023-02-10,17854.0,17858.0,17833.75,17834.6,15:00:00,17841.304922861214,4,70
2023-02-10,17860.45,17865.15,17850.45,17854.8,15:05:00,17843.128263541097,4,71
2023-02-10,17861.8,17864.65,17858.8,17861.05,15:10:00,17844.90652415623,4,72
2023-02-10,17856.95,17864.4,17852.45,17862.1,15:15:00,17846.05352185564,4,73
2023-02-10,17859.5,17860.8,17850.4,17855.95,15:20:00,17847.33413882177,4,74
2023-02-10,17843.35,17859.95,17840.0,17859.55,15:25:00,17846.95469702922,4,75
2023-02-13,17871.7,17879.6,17842.45,17859.1,09:15:00,17850.357926593082,0,1
2023-02-13,17854.7,17879.8,17854.7,17872.3,09:20:00,17850.77145739374,0,2
2023-02-13,17834.75,17855.35,17829.8,17855.35,09:25:00,17849.245604308624,0,3
2023-02-13,17814.4,17834.45,17806.3,17834.45,09:30:00,17845.92697532685,0,4
2023-02-13,17818.2,17820.05,17801.8,17815.25,09:35:00,17843.286311010004,0,5
2023-02-13,17830.0,17834.8,17813.25,17817.55,09:40:00,17842.02094805667,0,6
2023-02-13,17818.3,17830.9,17815.1,17830.9,09:45:00,17839.76181014651,0,7
2023-02-13,17796.1,17821.4,17794.7,17819.4,09:50:00,17835.60354251351,0,8
2023-02-13,17773.5,17795.65,17772.7,17795.65,09:55:00,17829.688919416985,0,9
2023-02-13,17767.35,17782.4,17767.15,17772.6,10:00:00,17823.75187947251,0,10
2023-02-13,17746.6,17766.85,17736.1,17766.85,10:05:00,17816.40408142751,0,11
2023-02-13,17746.25,17757.6,17742.0,17747.9,10:10:00,17809.722740339177,0,12
2023-02-13,17755.7,17759.9,17738.45,17746.15,10:15:00,17804.57771744973,0,13
2023-02-13,17748.65,17761.5,17747.85,17755.85,10:20:00,17799.251268168802,0,14
2023-02-13,17757.7,17758.5,17748.55,17749.65,10:25:00,17795.294004533676,0,15
2023-02-13,17776.55,17777.5,17756.05,17759.0,10:30:00,17793.508861244754,0,16
2023-02-13,17784.2,17787.0,17774.2,17776.8,10:35:00,17792.622303030967,0,17
2023-02-13,17779.55,17790.75,17777.2,17785.35,10:40:00,17791.37732178992,0,18
2023-02-13,17782.35,17789.85,17773.55,17779.7,10:45:00,17790.51757685755,0,19
2023-02-13,17785.65,17787.25,17780.95,17782.15,10:50:00,17790.05399810921,0,20
2023-02-13,17780.25,17786.7,17777.75,17785.45,10:55:00,17789.120284003573,0,21
2023-02-13,17786.95,17792.15,17777.7,17779.95,11:00:00,17788.913590288947,0,22
2023-02-13,17779.1,17788.5,17777.05,17787.1,11:05:00,17787.97896264238,0,23
2023-02-13,17790.15,17792.7,17778.8,17779.95,11:10:00,17788.18572810501,0,24
2023-02-13,17778.15,17794.85,17775.95,17789.5,11:15:00,17787.229944475963,0,25
2023-02-13,17780.35,17784.25,17777.35,17778.1,11:20:00,17786.574711668727,0,26
2023-02-13,17771.15,17784.9,17771.0,17780.55,11:25:00,17785.1056915098,0,27
2023-02-13,17757.05,17773.1,17754.35,17771.4,11:30:00,17782.43372088982,0,28
2023-02-13,17759.05,17761.8,17755.8,17757.2,11:35:00,17780.206699852697,0,29
2023-02-13,17766.45,17768.75,17756.9,17758.9,11:40:00,17778.896537961966,0,30
2023-02-13,17768.15,17774.15,17763.25,17766.05,11:45:00,17777.873058156063,0,31
2023-02-13,17771.15,17776.5,17760.3,17766.65,11:50:00,17777.232766903107,0,32
2023-02-13,17777.4,17778.45,17769.5,17771.55,11:55:00,17777.248693864716,0,33
2023-02-13,17760.0,17778.15,17760.0,17777.35,12:00:00,17775.605961115696,0,34
2023-02-13,17745.85,17760.4,17741.8,17759.6,12:05:00,17772.772060057057,0,35
2023-02-13,17746.85,17754.95,17741.55,17745.8,12:10:00,17770.303292432574,0,36
2023-02-13,17728.4,17747.65,17721.55,17747.6,12:15:00,17766.31250267709,0,37
2023-02-13,17725.1,17730.6,17720.25,17728.2,12:20:00,17762.38750242213,0,38
2023-02-13,17736.8,17740.6,17724.85,17725.65,12:25:00,17759.950597429546,0,39
2023-02-13,17742.65,17742.65,17728.7,17738.8,12:30:00,17758.302921483875,0,40
2023-02-13,17732.1,17742.7,17730.85,17742.0,12:35:00,17755.807405152078,0,41
2023-02-13,17738.0,17746.05,17730.65,17732.4,12:40:00,17754.11146180426,0,42
2023-02-13,17740.0,17742.95,17729.2,17736.7,12:45:00,17752.767513060997,0,43
2023-02-13,17739.6,17745.2,17737.4,17740.15,12:50:00,17751.513464198044,0,44
2023-02-13,17751.75,17760.85,17740.6,17740.6,12:55:00,17751.535991417277,0,45
2023-02-13,17752.35,17756.4,17744.45,17752.05,13:00:00,17751.613516044203,0,46
2023-02-13,17762.9,17766.35,17747.35,17753.0,13:05:00,17752.68841927809,0,47
2023-02-13,17769.35,17771.65,17759.4,17762.65,13:10:00,17754.2752364897,0,48
2023-02-13,17770.0,17779.55,17762.25,17769.0,13:15:00,17755.77283301449,0,49
2023-02-13,17772.0,17775.85,17764.85,17769.35,13:20:00,17757.3182774893,0,50
2023-02-13,17771.2,17776.6,17765.65,17771.3,13:25:00,17758.640346299842,0,51
2023-02-13,17770.85,17776.3,17762.95,17770.35,13:30:00,17759.80317046176,0,52
2023-02-13,17760.1,17772.4,17759.75,17771.25,13:35:00,17759.831439941594,0,53
2023-02-13,17766.5,17768.55,17754.05,17760.4,13:40:00,17760.46654089954,0,54
2023-02-13,17763.05,17770.95,17760.7,17767.0,13:45:00,17760.71258462339,0,55
2023-02-13,17763.5,17766.55,17759.35,17762.4,13:50:00,17760.978052754494,0,56
2023-02-13,17767.4,17770.15,17761.35,17763.55,13:55:00,17761.589666777876,0,57
2023-02-13,17770.6,17777.1,17759.85,17768.05,14:00:00,17762.447793751413,0,58
2023-02-13,17774.55,17783.9,17768.0,17769.1,14:05:00,17763.60038482271,0,59
2023-02-13,17768.7,17781.3,17759.9,17775.15,14:10:00,17764.086062458642,0,60
2023-02-13,17767.2,17772.7,17763.55,17767.3,14:15:00,17764.382627938772,0,61
2023-02-13,17772.4,17775.5,17763.95,17767.25,14:20:00,17765.146187182698,0,62
2023-02-13,17777.0,17779.8,17768.9,17771.8,14:25:00,17766.275121736726,0,63
2023-02-13,17791.15,17792.45,17773.2,17775.25,14:30:00,17768.6441577618,0,64
2023-02-13,17786.75,17795.95,17785.1,17790.7,14:35:00,17770.368523689245,0,65
2023-02-13,17797.35,17798.65,17785.65,17785.65,14:40:00,17772.938188099793,0,66
2023-02-13,17788.7,17802.05,17783.0,17796.75,14:45:00,17774.439313042672,0,67
2023-02-13,17789.45,17792.5,17786.2,17788.65,14:50:00,17775.868902276703,0,68
2023-02-13,17800.8,17802.8,17788.45,17788.45,14:55:00,17778.243292536066,0,69
2023-02-13,17777.25,17801.65,17770.75,17801.1,15:00:00,17778.148693246916,0,70
2023-02-13,17777.65,17779.4,17773.75,17776.45,15:05:00,17778.10119865197,0,71
2023-02-13,17765.05,17779.45,17764.85,17778.3,15:10:00,17776.858227351782,0,72
2023-02-13,17767.55,17770.45,17763.2,17765.2,15:15:00,17775.971729508758,0,73
2023-02-13,17765.65,17770.85,17764.05,17767.3,15:20:00,17774.98870765078,0,74
2023-02-13,17764.55,17769.0,17760.1,17765.4,15:25:00,17773.994545017373,0,75
2023-02-14,17818.05,17840.35,17802.1,17840.35,09:15:00,17783.90800623871,1,1
2023-02-14,17828.6,17830.55,17817.1,17818.1,09:20:00,17788.164386596927,1,2
2023-02-14,17818.7,17829.95,17805.8,17829.4,09:25:00,17791.072540254365,1,3
2023-02-14,17850.15,17850.3,17817.05,17820.7,09:30:00,17796.698964992047,1,4
2023-02-14,17839.45,17857.95,17839.45,17851.05,09:35:00,17800.770492135664,1,5
2023-02-14,17813.55,17840.45,17812.75,17839.85,09:40:00,17801.987588122745,1,6
2023-02-14,17824.45,17824.45,17800.45,17814.05,09:45:00,17804.12686544439,1,7
2023-02-14,17832.9,17835.15,17820.2,17824.2,09:50:00,17806.867163973497,1,8
2023-02-14,17832.6,17843.65,17832.6,17833.2,09:55:00,17809.317910261736,1,9
2023-02-14,17836.75,17839.0,17820.45,17833.2,10:00:00,17811.93049023681,1,10
2023-02-14,17841.55,17842.3,17833.45,17837.15,10:05:00,17814.751395928542,1,11
2023-02-14,17837.05,17844.55,17835.3,17841.65,10:10:00,17816.875072506777,1,12
2023-02-14,17832.7,17847.7,17832.7,17836.4,10:15:00,17818.38220845851,1,13
2023-02-14,17845.15,17845.15,17830.0,17833.05,10:20:00,17820.931521938655,1,14
2023-02-14,17841.8,17844.3,17827.9,17844.0,10:25:00,17822.918996039734,1,15
2023-02-14,17843.65,17846.2,17837.15,17841.35,10:30:00,17824.893377369284,1,16
2023-02-14,17847.25,17848.55,17841.8,17843.75,10:35:00,17827.02257952459,1,17
2023-02-14,17848.65,17848.65,17842.4,17847.75,10:40:00,17829.082333855582,1,18
2023-02-14,17834.7,17853.05,17833.8,17848.95,10:45:00,17829.61734967886,1,19
2023-02-14,17833.6,17842.45,17829.25,17834.15,10:50:00,17829.996649709447,1,20
2023-02-14,17838.2,17838.2,17831.6,17833.15,10:55:00,17830.77792116569,1,21
2023-02-14,17846.0,17846.0,17832.3,17837.45,11:00:00,17832.22764295943,1,22
2023-02-14,17853.95,17859.7,17845.05,17845.7,11:05:00,17834.296438868056,1,23
2023-02-14,17853.2,17857.5,17850.45,17853.1,11:10:00,17836.09677802348,1,24
2023-02-14,17855.4,17860.15,17850.8,17853.25,11:15:00,17837.93518011648,1,25
2023-02-14,17855.0,17858.25,17852.35,17855.05,11:20:00,17839.56040105777,1,26
2023-02-14,17849.55,17865.5,17849.15,17854.6,11:25:00,17840.51179143322,1,27
2023-02-14,17861.15,17862.9,17849.35,17851.45,11:30:00,17842.477335106247,1,28
2023-02-14,17859.85,17869.2,17856.0,17860.85,11:35:00,17844.131874619936,1,29
2023-02-14,17870.85,17871.35,17858.3,17860.35,11:40:00,17846.676457989466,1,30
2023-02-14,17873.45,17875.7,17870.1,17870.95,11:45:00,17849.226319133326,1,31
2023-02-14,17875.45,17877.85,17871.05,17873.25,11:50:00,17851.7238125492,1,32
2023-02-14,17877.45,17878.05,17874.6,17875.5,11:55:00,17854.173925639752,1,33
2023-02-14,17879.4,17880.75,17872.65,17877.85,12:00:00,17856.57640891216,1,34
2023-02-14,17899.8,17900.4,17876.15,17879.3,12:05:00,17860.692941396715,1,35
2023-02-14,17897.35,17902.3,17890.75,17899.8,12:10:00,17864.184089835122,1,36
2023-02-14,17899.75,17905.55,17895.45,17897.1,12:15:00,17867.571319374634,1,37
2023-02-14,17900.75,17901.9,17893.85,17899.95,12:20:00,17870.73119371991,1,38
2023-02-14,17896.25,17902.5,17893.0,17900.95,12:25:00,17873.161556222774,1,39
2023-02-14,17899.45,17902.2,17893.3,17897.0,12:30:00,17875.66521753489,1,40
2023-02-14,17901.5,17902.65,17896.8,17898.7,12:35:00,17878.12567300776,1,41
2023-02-14,17918.6,17918.8,17901.5,17901.75,12:40:00,17881.980370816545,1,42
2023-02-14,17920.15,17922.7,17909.05,17917.6,12:45:00,17885.615573595922,1,43
2023-02-14,17910.8,17925.9,17910.8,17920.2,12:50:00,17888.01409039631,1,44
2023-02-14,17904.2,17918.65,17904.2,17910.0,12:55:00,17889.555605596663,1,45
2023-02-14,17914.4,17915.6,17904.5,17904.5,13:00:00,17891.92173839698,1,46
2023-02-14,17915.45,17920.5,17912.85,17914.8,13:05:00,17894.162525216314,1,47
2023-02-14,17916.6,17920.15,17912.45,17915.8,13:10:00,17896.299427576665,1,48
2023-02-14,17916.2,17920.05,17912.6,17916.15,13:15:00,17898.19472018841,1,49
2023-02-14,17917.35,17918.45,17910.6,17915.3,13:20:00,17900.01903255142,1,50
2023-02-14,17910.2,17918.4,17909.05,17914.5,13:25:00,17900.988648498904,1,51
2023-02-14,17905.9,17918.2,17904.0,17910.1,13:30:00,17901.456396260914,1,52
2023-02-14,17906.75,17913.9,17895.65,17906.05,13:35:00,17901.96054899797,1,53
2023-02-14,17905.05,17909.95,17902.55,17906.45,13:40:00,17902.254782426735,1,54
2023-02-14,17916.8,17918.3,17904.85,17904.85,13:45:00,17903.640041243234,1,55
2023-02-14,17927.15,17936.35,17916.4,17916.5,13:50:00,17905.879084934353,1,56
2023-02-14,17936.35,17938.25,17926.45,17926.9,13:55:00,17908.781076845367,1,57
2023-02-14,17939.4,17954.45,17936.3,17936.3,14:00:00,17911.697164764857,1,58
2023-02-14,17934.7,17942.1,17930.95,17939.95,14:05:00,17913.887910977726,1,59
2023-02-14,17941.9,17944.1,17934.4,17934.6,14:10:00,17916.555728979845,1,60
2023-02-14,17937.9,17943.5,17930.9,17940.85,14:15:00,17918.58851669605,1,61
2023-02-14,17936.25,17945.0,17934.05,17937.35,14:20:00,17920.270562724996,1,62
2023-02-14,17936.25,17937.5,17930.9,17934.95,14:25:00,17921.792413894043,1,63
2023-02-14,17941.3,17946.1,17934.05,17936.55,14:30:00,17923.650279237467,1,64
2023-02-14,17942.4,17947.95,17936.75,17940.4,14:35:00,17925.435966929137,1,65
2023-02-14,17942.45,17946.5,17932.5,17942.35,14:40:00,17927.056351031126,1,66
2023-02-14,17939.5,17947.5,17938.65,17942.35,14:45:00,17928.241460456735,1,67
2023-02-14,17939.1,17948.4,17938.65,17939.35,14:50:00,17929.2756070799,1,68
2023-02-14,17946.4,17949.9,17938.95,17940.05,14:55:00,17930.90650164372,1,69
2023-02-14,17938.15,17948.85,17933.55,17947.05,15:00:00,17931.59635863003,1,70
2023-02-14,17932.15,17939.65,17924.7,17937.95,15:05:00,17931.64908637955,1,71
2023-02-14,17924.85,17932.8,17924.35,17932.1,15:10:00,17931.001554343402,1,72
2023-02-14,17930.4,17930.55,17921.6,17925.0,15:15:00,17930.944263453555,1,73
2023-02-14,17926.8,17930.45,17923.15,17930.4,15:20:00,17930.549571696072,1,74
2023-02-14,17921.85,17927.75,17918.95,17927.1,15:25:00,17929.72104105835,1,75
2023-02-15,17890.8,17900.3,17878.0,17896.6,09:15:00,17923.160307986538,2,1
2023-02-15,17880.7,17892.05,17865.65,17891.5,09:20:00,17919.116469130677,2,2
2023-02-15,17871.6,17883.2,17867.2,17881.85,09:25:00,17914.591091118233,2,3
2023-02-15,17863.3,17876.55,17859.6,17871.5,09:30:00,17909.70622529745,2,4
2023-02-15,17859.2,17865.65,17855.15,17863.45,09:35:00,17904.896108602457,2,5
2023-02-15,17861.4,17865.6,17853.9,17859.2,09:40:00,17900.75362206889,2,6
2023-02-15,17876.45,17884.3,17860.8,17860.8,09:45:00,17898.438991395662,2,7
2023-02-15,17874.4,17886.55,17873.05,17876.25,09:50:00,17896.149563643696,2,8
2023-02-15,17891.45,17892.35,17872.8,17874.8,09:55:00,17895.70198615382,2,9
2023-02-15,17912.6,17913.4,17891.6,17891.6,10:00:00,17897.31132080584,2,10
2023-02-15,17914.6,17929.3,17912.3,17912.85,10:05:00,17898.957861681472,2,11
2023-02-15,17923.75,17928.4,17915.2,17915.6,10:10:00,17901.31901771181,2,12
2023-02-15,17931.7,17934.8,17923.25,17923.25,10:15:00,17904.2124445964,2,13
2023-02-15,17937.1,17937.7,17931.45,17932.0,10:20:00,17907.344592730078,2,14
2023-02-15,17914.35,17939.5,17914.35,17936.95,10:25:00,17908.01177437483,2,15
2023-02-15,17921.75,17926.2,17912.2,17914.1,10:30:00,17909.320176815323,2,16
2023-02-15,17924.85,17927.05,17918.15,17921.55,10:35:00,17910.799207594817,2,17
2023-02-15,17917.75,17935.45,17916.85,17925.4,10:40:00,17911.461187823883,2,18
2023-02-15,17930.15,17931.9,17916.55,17917.1,10:45:00,17913.2410746978,2,19
2023-02-15,17928.3,17931.7,17925.8,17929.7,10:50:00,17914.675258059913,2,20
2023-02-15,17916.85,17928.3,17916.65,17928.3,10:55:00,17914.88237633992,2,21
2023-02-15,17926.25,17926.25,17917.05,17917.05,11:00:00,17915.96500716469,2,22
2023-02-15,17930.3,17931.45,17925.8,17926.0,11:05:00,17917.330244577577,2,23
2023-02-15,17940.75,17942.65,17930.55,17930.55,11:10:00,17919.56069747495,2,24
2023-02-15,17941.85,17946.9,17939.6,17941.0,11:15:00,17921.683488191622,2,25
2023-02-15,17952.15,17952.65,17941.7,17941.7,11:20:00,17924.5850607448,2,26
2023-02-15,17932.35,17959.0,17932.35,17952.25,11:25:00,17925.324578769105,2,27
2023-02-15,17942.75,17945.7,17926.65,17932.5,11:30:00,17926.984142695856,2,28
2023-02-15,17939.7,17947.0,17939.6,17942.2,11:35:00,17928.19517672482,2,29
2023-02-15,17941.95,17942.4,17934.9,17939.55,11:40:00,17929.505159893888,2,30
2023-02-15,17944.75,17947.65,17941.7,17941.95,11:45:00,17930.957049427805,2,31
2023-02-15,17940.25,17946.15,17940.0,17944.85,11:50:00,17931.84209233944,2,32
2023-02-15,17934.05,17944.3,17928.15,17940.5,11:55:00,17932.052369259494,2,33
2023-02-15,17924.3,17934.95,17919.8,17933.95,12:00:00,17931.314048377637,2,34
2023-02-15,17908.6,17924.15,17907.3,17924.15,12:05:00,17929.150805675006,2,35
2023-02-15,17915.2,17918.4,17906.4,17909.0,12:10:00,17927.822157515482,2,36
2023-02-15,17920.55,17921.1,17913.3,17915.5,12:15:00,17927.129571085436,2,37
2023-02-15,17917.6,17921.75,17915.8,17920.0,12:20:00,17926.22199288682,2,38
2023-02-15,17916.2,17919.25,17904.3,17917.35,12:25:00,17925.26751737379,2,39
2023-02-15,17929.45,17936.4,17915.05,17915.05,12:30:00,17925.66584905248,2,40
2023-02-15,17929.15,17934.3,17922.85,17928.65,12:35:00,17925.997672952242,2,41
2023-02-15,17932.05,17933.05,17925.4,17929.8,12:40:00,17926.57408505203,2,42
2023-02-15,17939.35,17940.05,17931.2,17932.55,12:45:00,17927.7908388566,2,43
2023-02-15,17934.3,17940.3,17931.65,17939.5,12:50:00,17928.410758965496,2,44
2023-02-15,17941.5,17943.1,17933.05,17934.35,12:55:00,17929.657353349736,2,45
2023-02-15,17921.25,17944.05,17920.35,17941.35,13:00:00,17928.856653030714,2,46
2023-02-15,17926.7,17932.1,17917.35,17922.15,13:05:00,17928.65125750398,2,47
2023-02-15,17923.8,17928.55,17921.0,17925.5,13:10:00,17928.189232979792,2,48
2023-02-15,17926.2,17940.25,17921.15,17923.7,13:15:00,17927.999782219813,2,49
2023-02-15,17924.35,17931.45,17916.7,17925.85,13:20:00,17927.652183913164,2,50
2023-02-15,17927.8,17931.4,17924.45,17924.65,13:25:00,17927.66626163572,2,51
2023-02-15,17918.0,17930.1,17916.0,17927.5,13:30:00,17926.74566528946,2,52
2023-02-15,17915.7,17920.8,17908.05,17916.2,13:35:00,17925.69369716666,2,53
2023-02-15,17912.55,17921.5,17911.3,17915.4,13:40:00,17924.44191648412,2,54
2023-02-15,17922.2,17923.5,17905.05,17911.9,13:45:00,17924.22840062849,2,55
2023-02-15,17927.4,17931.65,17918.85,17922.6,13:50:00,17924.53045771149,2,56
2023-02-15,17925.35,17928.85,17921.35,17927.7,13:55:00,17924.608509358015,2,57
2023-02-15,17936.15,17939.5,17925.0,17925.0,14:00:00,17925.707698942966,2,58
2023-02-15,17929.05,17937.9,17928.25,17935.55,14:05:00,17926.026013329352,2,59
2023-02-15,17935.95,17940.55,17923.85,17929.4,14:10:00,17926.97115491703,2,60
2023-02-15,17933.9,17943.65,17931.1,17935.75,14:15:00,17927.631044924936,2,61
2023-02-15,17933.45,17939.85,17930.3,17933.65,14:20:00,17928.18523112256,2,62
2023-02-15,17936.6,17949.25,17932.2,17932.2,14:25:00,17928.986637682316,2,63
2023-02-15,17951.55,17953.3,17933.35,17936.7,14:30:00,17931.13552933162,2,64
2023-02-15,17959.45,17961.1,17950.0,17951.0,14:35:00,17933.83214558575,2,65
2023-02-15,17957.3,17968.55,17955.2,17958.75,14:40:00,17936.06717933949,2,66
2023-02-15,17964.35,17964.55,17954.9,17957.0,14:45:00,17938.76078130716,2,67
2023-02-15,17963.2,17974.7,17962.95,17963.55,14:50:00,17941.088325944573,2,68
2023-02-15,17970.1,17971.6,17962.4,17963.2,14:55:00,17943.85134252128,2,69
2023-02-15,18004.55,18004.65,17970.6,17970.6,15:00:00,17949.632167043063,2,70
2023-02-15,18014.65,18019.3,18001.15,18004.65,15:05:00,17955.82434161039,2,71
2023-02-15,18015.1,18018.0,18008.8,18015.7,15:10:00,17961.4696424094,2,72
2023-02-15,18026.1,18027.0,18013.55,18014.6,15:15:00,17967.624914560885,2,73
2023-02-15,18031.95,18033.15,18025.7,18026.45,15:20:00,17973.751113174134,2,74
2023-02-15,18023.2,18033.8,18016.65,18031.85,15:25:00,17978.460530967073,2,75
2023-02-16,18097.0,18116.45,18063.4,18094.75,09:15:00,17999.770411970778,3,1
2023-02-16,18120.75,18123.4,18094.45,18096.6,09:20:00,18011.29227749737,3,2
2023-02-16,18120.5,18126.4,18113.3,18119.05,09:25:00,18021.69301297381,3,3
2023-02-16,18128.75,18133.05,18115.05,18120.35,09:30:00,18031.88891650012,3,4
2023-02-16,18129.85,18131.4,18121.6,18128.65,09:35:00,18041.2185435001,3,5
2023-02-16,18131.65,18134.0,18116.7,18128.65,09:40:00,18049.83106316676,3,6
2023-02-16,18107.25,18133.95,18105.1,18132.35,09:45:00,18055.29953334136,3,7
2023-02-16,18118.35,18126.3,18106.85,18107.65,09:50:00,18061.3043396898,3,8
2023-02-16,18122.55,18131.1,18117.45,18118.0,09:55:00,18067.13725971934,3,9
2023-02-16,18124.7,18131.75,18118.4,18121.9,10:00:00,18072.619425460354,3,10
2023-02-16,18117.75,18126.95,18113.7,18124.25,10:05:00,18076.91757541651,3,11
2023-02-16,18108.65,18118.6,18105.85,18118.6,10:10:00,18079.93971109113,3,12
2023-02-16,18113.05,18115.7,18107.5,18107.85,10:15:00,18083.093071939595,3,13
2023-02-16,18104.65,18115.6,18098.75,18113.4,10:20:00,18085.14611270725,3,14
2023-02-16,18100.05,18105.05,18098.45,18104.75,10:25:00,18086.56553054466,3,15
2023-02-16,18094.2,18100.4,18091.1,18099.4,10:30:00,18087.29262287374,3,16
2023-02-16,18107.7,18107.75,18094.7,18094.7,10:35:00,18089.23618260005,3,17
2023-02-16,18109.45,18111.3,18099.6,18107.55,10:40:00,18091.161308066712,3,18
2023-02-16,18119.6,18122.15,18109.2,18109.5,10:45:00,18093.8697549175,3,19
2023-02-16,18116.65,18121.7,18114.3,18117.4,10:50:00,18096.039302068217,3,20
2023-02-16,18118.55,18124.8,18114.55,18116.6,10:55:00,18098.18317806172,3,21
2023-02-16,18117.65,18124.5,18117.65,18118.9,11:00:00,18100.037161103464,3,22
2023-02-16,18112.85,18122.4,18108.9,18116.95,11:05:00,18101.257431474565,3,23
2023-02-16,18114.3,18118.9,18112.45,18112.65,11:10:00,18102.49958085794,3,24
2023-02-16,18113.25,18115.2,18111.0,18114.05,11:15:00,18103.52343030004,3,25
2023-02-16,18111.5,18118.75,18111.05,18113.15,11:20:00,18104.2831036048,3,26
2023-02-16,18110.8,18121.25,18109.4,18111.4,11:25:00,18104.90376040434,3,27
2023-02-16,18112.95,18115.85,18110.2,18110.25,11:30:00,18105.67006893726,3,28
2023-02-16,18104.05,18119.3,18103.75,18112.25,11:35:00,18105.51577665752,3,29
2023-02-16,18103.6,18104.1,18096.35,18103.25,11:40:00,18105.33332173776,3,30
2023-02-16,18097.7,18106.6,18094.15,18103.95,11:45:00,18104.606338715115,3,31
2023-02-16,18085.2,18102.25,18084.75,18097.0,11:50:00,18102.75811598034,3,32
2023-02-16,18095.15,18098.2,18084.0,18084.9,11:55:00,18102.033533506023,3,33
2023-02-16,18091.85,18102.4,18090.2,18094.65,12:00:00,18101.06367317212,3,34
2023-02-16,18092.6,18093.6,18086.3,18091.95,12:05:00,18100.257609060485,3,35
2023-02-16,18089.35,18095.65,18087.3,18092.0,12:10:00,18099.218789149963,3,36
2023-02-16,18090.3,18094.2,18086.45,18088.6,12:15:00,18098.36938065949,3,37
2023-02-16,18084.95,18092.8,18083.15,18089.25,12:20:00,18097.091344406203,3,38
2023-02-16,18085.0,18087.95,18080.65,18084.65,12:25:00,18095.939787796087,3,39
2023-02-16,18078.55,18088.35,18076.05,18086.6,12:30:00,18094.2836175298,3,40
2023-02-16,18064.2,18079.6,18060.95,18078.25,12:35:00,18091.418511098385,3,41
2023-02-16,18065.0,18069.7,18053.65,18064.1,12:40:00,18088.90246242235,3,42
2023-02-16,18056.45,18066.35,18055.15,18065.2,12:45:00,18085.81175171546,3,43
2023-02-16,18062.6,18064.45,18052.35,18056.0,12:50:00,18083.60110869494,3,44
2023-02-16,18060.4,18066.65,18056.75,18063.25,12:55:00,18081.391479295424,3,45
2023-02-16,18064.25,18065.65,18059.05,18061.5,13:00:00,18079.758957457765,3,46
2023-02-16,18080.35,18083.0,18061.9,18064.0,13:05:00,18079.81524722369,3,47
2023-02-16,18083.9,18084.9,18076.2,18080.2,13:10:00,18080.204271297625,3,48
2023-02-16,18088.25,18089.0,18078.7,18083.25,13:15:00,18080.970531174044,3,49
2023-02-16,18095.1,18100.15,18087.65,18087.65,13:20:00,18082.31619487176,3,50
2023-02-16,18095.85,18099.45,18092.25,18095.3,13:25:00,18083.605128693493,3,51
2023-02-16,18093.0,18100.75,18091.25,18096.4,13:30:00,18084.49987834173,3,52
2023-02-16,18089.9,18097.65,18088.8,18093.0,13:35:00,18085.01417564252,3,53
2023-02-16,18095.05,18098.95,18088.9,18089.5,13:40:00,18085.96996843847,3,54
2023-02-16,18083.7,18098.8,18080.25,18094.85,13:45:00,18085.75378096813,3,55
2023-02-16,18079.65,18087.0,18074.0,18083.0,13:50:00,18085.17246849498,3,56
2023-02-16,18077.3,18083.35,18066.0,18079.25,13:55:00,18084.422709590697,3,57
2023-02-16,18069.4,18078.85,18067.95,18077.5,14:00:00,18082.991975343964,3,58
2023-02-16,18069.7,18078.2,18066.75,18068.55,14:05:00,18081.72607293025,3,59
2023-02-16,18082.7,18084.05,18064.5,18069.85,14:10:00,18081.81882788928,3,60
2023-02-16,18082.2,18090.2,18080.7,18082.55,14:15:00,18081.85512999506,3,61
2023-02-16,18073.8,18084.2,18073.15,18082.15,14:20:00,18081.08797475744,3,62
2023-02-16,18046.2,18075.45,18038.65,18074.25,14:25:00,18077.765310494822,3,63
2023-02-16,18057.5,18061.75,18044.05,18046.05,14:30:00,18075.83528092389,3,64
2023-02-16,18056.05,18059.25,18051.9,18057.15,14:35:00,18073.950968454945,3,65
2023-02-16,18071.35,18074.6,18055.8,18055.8,14:40:00,18073.70325717352,3,66
2023-02-16,18072.25,18074.95,18068.95,18072.7,14:45:00,18073.564851728424,3,67
2023-02-16,18065.5,18080.75,18065.5,18072.25,14:50:00,18072.796770611432,3,68
2023-02-16,18072.25,18073.55,18060.8,18065.7,14:55:00,18072.744697219867,3,69
2023-02-16,18064.1,18076.5,18056.25,18073.75,15:00:00,18071.921392722736,3,70
2023-02-16,18049.6,18065.15,18045.6,18064.65,15:05:00,18069.79554579676,3,71
2023-02-16,18034.1,18052.7,18033.5,18050.0,15:10:00,18066.3959700066,3,72
2023-02-16,18024.55,18035.5,18023.5,18033.0,15:15:00,18062.41063952977,3,73
2023-02-16,18031.2,18032.6,18020.0,18024.2,15:20:00,18059.4381976698,3,74
2023-02-16,18015.25,18032.8,18001.05,18031.25,15:25:00,18055.229797891723,3,75
2023-02-17,17968.85,17982.25,17928.95,17974.85,09:15:00,18040.07700008824,4,1
2023-02-17,17964.05,17971.1,17953.8,17968.7,09:20:00,18032.836333413165,4,2
2023-02-17,17992.3,17992.7,17960.35,17964.5,09:25:00,18028.97573023096,4,3
2023-02-17,17995.75,17997.7,17985.25,17991.6,09:30:00,18025.81137497087,4,4
2023-02-17,18001.35,18008.4,17991.75,17995.65,09:35:00,18023.481720211737,4,5
2023-02-17,18003.35,18007.7,17997.45,18001.15,09:40:00,18021.564413524902,4,6
2023-02-17,18013.85,18022.95,18001.1,18004.15,09:45:00,18020.82970747492,4,7
2023-02-17,17995.0,18024.9,17994.65,18013.6,09:50:00,18018.369735334447,4,8
2023-02-17,18016.1,18033.7,17993.9,17994.7,09:55:00,18018.1535700645,4,9
2023-02-17,18008.35,18021.85,18007.35,18015.25,10:00:00,18017.219896725022,4,10
2023-02-17,18002.9,18011.55,17997.2,18008.35,10:05:00,18015.856097036925,4,11
2023-02-17,17976.45,18005.85,17974.55,18003.25,10:10:00,18012.10313541436,4,12
2023-02-17,17985.9,17985.9,17967.75,17976.85,10:15:00,18009.60759870823,4,13
2023-02-17,17993.3,17993.55,17982.55,17985.55,10:20:00,18008.05449406935,4,14
2023-02-17,17999.9,18002.15,17991.45,17993.4,10:25:00,18007.277875586555,4,15
2023-02-17,17993.95,18003.75,17987.6,18000.55,10:30:00,18006.00855410212,4,16
2023-02-17,17998.2,18000.6,17989.35,17993.5,10:35:00,18005.26488228287,4,17
2023-02-17,17998.55,18003.65,17994.0,17998.1,10:40:00,18004.6253696845,4,18
2023-02-17,18003.35,18004.7,17993.4,17998.7,10:45:00,18004.503905905025,4,19
2023-02-17,17997.7,18002.8,17992.25,17999.55,10:50:00,18003.85591486645,4,20
2023-02-17,17984.75,18002.15,17983.55,17998.5,10:55:00,18002.036303926787,4,21
2023-02-17,17991.35,17994.1,17982.55,17983.1,11:00:00,18001.018560695666,4,22
2023-02-17,17988.15,17991.1,17984.1,17989.4,11:05:00,17999.792983486554,4,23
2023-02-17,17985.0,17990.6,17977.75,17987.75,11:10:00,17998.384127916404,4,24
2023-02-17,17990.6,17992.65,17982.0,17984.15,11:15:00,17997.64278240056,4,25
2023-02-17,17989.2,17991.9,17985.95,17990.6,11:20:00,17996.83870788622,4,26
2023-02-17,17984.15,17999.85,17982.3,17988.3,11:25:00,17995.630259516107,4,27
2023-02-17,17979.7,17991.2,17974.5,17983.95,11:30:00,17994.113091943145,4,28
2023-02-17,17980.1,17986.85,17978.7,17979.65,11:35:00,17992.778511758086,4,29
2023-02-17,17985.15,17985.65,17977.8,17979.55,11:40:00,17992.051986828745,4,30
2023-02-17,17993.7,17994.6,17984.3,17984.55,11:45:00,17992.2089404641,4,31
2023-02-17,17990.2,17994.55,17983.55,17992.85,11:50:00,17992.017612800853,4,32
2023-02-17,17985.1,17991.35,17978.0,17989.2,11:55:00,17991.358792534105,4,33
2023-02-17,17990.05,17993.8,17983.3,17984.0,12:00:00,17991.234145626095,4,34
2023-02-17,17987.05,17996.5,17986.6,17989.9,12:05:00,17990.83565556647,4,35
2023-02-17,17974.05,17985.75,17971.1,17985.75,12:10:00,17989.237021702997,4,36
2023-02-17,17966.95,17972.95,17962.6,17972.5,12:15:00,17987.114448207474,4,37
2023-02-17,17955.65,17966.65,17951.55,17966.65,12:20:00,17984.117834092478,4,38
2023-02-17,17957.05,17960.35,17951.45,17953.75,12:25:00,17981.539945131288,4,39
2023-02-17,17953.2,17956.85,17938.85,17956.25,12:30:00,17978.840902737833,4,40
2023-02-17,17954.95,17966.7,17952.05,17952.05,12:35:00,17976.565578667563,4,41
2023-02-17,17945.95,17959.0,17942.5,17954.5,12:40:00,17973.649809270653,4,42
2023-02-17,17952.7,17954.75,17942.65,17944.75,12:45:00,17971.654589340116,4,43
2023-02-17,17949.6,17963.0,17949.3,17951.1,12:50:00,17969.554152260105,4,44
2023-02-17,17926.9,17948.9,17923.2,17948.9,12:55:00,17965.491852044855,4,45
2023-02-17,17927.0,17934.95,17912.35,17926.5,13:00:00,17961.825961373917,4,46
2023-02-17,17929.4,17937.5,17923.4,17926.85,13:05:00,17958.737774576402,4,47
2023-02-17,17921.05,17935.4,17917.9,17929.7,13:10:00,17955.148462711983,4,48
2023-02-17,17932.35,17937.2,17914.15,17920.75,13:15:00,17952.977180548936,4,49
2023-02-17,17919.25,17935.15,17918.25,17932.25,13:20:00,17949.765068115703,4,50
2023-02-17,17923.55,17927.95,17915.65,17919.85,13:25:00,17947.268394961826,4,51
2023-02-17,17907.9,17924.05,17898.1,17923.4,13:30:00,17943.51902401308,4,52
2023-02-17,17900.35,17913.0,17900.35,17907.85,13:35:00,17939.40768839279,4,53
2023-02-17,17889.7,17904.15,17888.25,17900.95,13:40:00,17934.67362283157,4,54
2023-02-17,17909.1,17910.8,17885.95,17890.5,13:45:00,17932.238039704753,4,55
2023-02-17,17902.5,17920.45,17899.85,17909.15,13:50:00,17929.40584544716,4,56
2023-02-17,17899.85,17903.85,17894.4,17903.25,13:55:00,17926.59100302362,4,57
2023-02-17,17904.15,17911.45,17899.85,17900.85,14:00:00,17924.453764640417,4,58
2023-02-17,17901.55,17909.3,17899.35,17904.6,14:05:00,17922.272453722282,4,59
2023-02-17,17910.15,17921.1,17892.15,17901.75,14:10:00,17921.11793432016,4,60
2023-02-17,17926.3,17930.05,17906.7,17910.45,14:15:00,17921.611464384907,4,61
2023-02-17,17923.9,17929.2,17912.45,17925.4,14:20:00,17921.829420157774,4,62
2023-02-17,17933.4,17936.9,17917.35,17923.7,14:25:00,17922.93138014275,4,63
2023-02-17,17923.9,17935.25,17923.55,17933.2,14:30:00,17923.023629652962,4,64
2023-02-17,17924.4,17926.65,17913.95,17924.3,14:35:00,17923.154712543157,4,65
2023-02-17,17906.35,17925.55,17905.3,17925.0,14:40:00,17921.554263729522,4,66
2023-02-17,17898.9,17909.5,17894.55,17905.8,14:45:00,17919.3967148029,4,67
2023-02-17,17897.4,17907.8,17895.7,17899.75,14:50:00,17917.301789583576,4,68
2023-02-17,17915.65,17916.65,17896.45,17897.7,14:55:00,17917.144476289905,4,69
2023-02-17,17931.3,17938.3,17915.45,17915.45,15:00:00,17918.492621405152,4,70
2023-02-17,17943.2,17943.2,17930.2,17930.5,15:05:00,17920.84570508085,4,71
2023-02-17,17949.45,17952.05,17943.15,17944.0,15:10:00,17923.56992364458,4,72
2023-02-17,17948.0,17953.35,17944.8,17949.0,15:15:00,17925.896597583192,4,73
2023-02-17,17944.7,17951.35,17942.45,17947.85,15:20:00,17927.687397813366,4,74
2023-02-17,17942.6,17949.75,17939.85,17944.8,15:25:00,17929.107645640666,4,75
2023-02-20,17957.7,17971.6,17918.9,17965.55,09:15:00,17934.970884526716,0,1
2023-02-20,17966.9,17978.75,17952.65,17957.95,09:20:00,17938.01175266703,0,2
2023-02-20,17932.7,17970.65,17925.4,17967.15,09:25:00,17937.505871460646,0,3
2023-02-20,17916.75,17938.5,17910.25,17933.1,09:30:00,17935.52912179773,0,4
2023-02-20,17955.95,17957.55,17903.6,17917.5,09:35:00,17937.4739673408,0,5
2023-02-20,17982.3,17983.2,17955.7,17955.7,09:40:00,17941.74311330834,0,6
2023-02-20,17972.55,17988.5,17960.4,17982.75,09:45:00,17944.67710251707,0,7
2023-02-20,17991.6,17992.65,17972.3,17973.45,09:50:00,17949.145949896396,0,8
2023-02-20,17994.3,18000.2,17985.05,17992.0,09:55:00,17953.44633562055,0,9
2023-02-20,17994.6,17997.95,17989.0,17994.05,10:00:00,17957.365732228114,0,10
2023-02-20,17996.0,18003.95,17989.35,17994.35,10:05:00,17961.045186301628,0,11
2023-02-20,17959.05,17997.9,17956.15,17996.8,10:10:00,17960.855168558614,0,12
2023-02-20,17963.8,17966.0,17942.05,17959.05,10:15:00,17961.135628695887,0,13
2023-02-20,17978.0,17978.45,17961.85,17963.6,10:20:00,17962.741759296277,0,14
2023-02-20,17953.65,17981.75,17950.55,17976.1,10:25:00,17961.875877458537,0,15
2023-02-20,17955.1,17966.75,17949.1,17954.15,10:30:00,17961.230555795817,0,16
2023-02-20,17964.45,17973.9,17952.7,17954.65,10:35:00,17961.53716952955,0,17
2023-02-20,17959.8,17969.9,17948.1,17963.4,10:40:00,17961.371724812452,0,18
2023-02-20,17956.2,17967.0,17956.2,17959.5,10:45:00,17960.87917959222,0,19
2023-02-20,17954.4,17961.35,17953.05,17955.65,10:50:00,17960.26211486915,0,20
2023-02-20,17961.25,17962.95,17953.85,17954.75,10:55:00,17960.356199167327,0,21
2023-02-20,17958.05,17965.8,17957.95,17961.05,11:00:00,17960.13656115139,0,22
2023-02-20,17960.1,17962.55,17956.4,17958.3,11:05:00,17960.133079136973,0,23
2023-02-20,17964.75,17967.7,17959.75,17960.3,11:10:00,17960.572785885834,0,24
2023-02-20,17966.95,17969.5,17963.0,17965.25,11:15:00,17961.18013961099,0,25
2023-02-20,17948.2,17966.55,17938.6,17966.55,11:20:00,17959.943935838517,0,26
2023-02-20,17933.7,17952.85,17932.65,17947.7,11:25:00,17957.444513377704,0,27
2023-02-20,17938.95,17940.15,17926.8,17932.75,11:30:00,17955.683131151254,0,28
2023-02-20,17930.6,17948.3,17929.55,17939.0,11:35:00,17953.2942615178,0,29
2023-02-20,17938.25,17938.8,17930.85,17930.85,11:40:00,17951.86147470658,0,30
2023-02-20,17945.95,17945.95,17939.15,17939.8,11:45:00,17951.298477115477,0,31
2023-02-20,17943.35,17952.25,17934.8,17945.6,11:50:00,17950.541479294956,0,32
2023-02-20,17930.75,17943.9,17926.2,17942.85,11:55:00,17948.65657650496,0,33
2023-02-20,17927.85,17930.6,17923.7,17929.9,12:00:00,17946.674997790204,0,34
2023-02-20,17929.35,17939.35,17924.2,17928.0,12:05:00,17945.02499800066,0,35
2023-02-20,17916.5,17928.15,17915.4,17928.1,12:10:00,17942.308331524408,0,36
2023-02-20,17920.75,17921.7,17909.75,17915.65,12:15:00,17940.25515709351,0,37
2023-02-20,17931.65,17931.65,17916.6,17920.25,12:20:00,17939.4356183227,0,38
2023-02-20,17917.2,17933.1,17914.1,17932.45,12:25:00,17937.317940387205,0,39
2023-02-20,17913.1,17919.45,17909.45,17917.55,12:30:00,17935.011469874138,0,40
2023-02-20,17906.3,17914.95,17905.95,17913.5,12:35:00,17932.27704417184,0,41
2023-02-20,17892.2,17913.45,17891.4,17906.25,12:40:00,17928.460182822142,0,42
2023-02-20,17898.2,17900.8,17885.1,17892.85,12:45:00,17925.578260648603,0,43
2023-02-20,17884.45,17901.15,17883.45,17898.6,12:50:00,17921.661283443973,0,44
2023-02-20,17887.6,17897.4,17883.8,17883.8,12:55:00,17918.417351687403,0,45
2023-02-20,17895.0,17896.95,17887.7,17887.75,13:00:00,17916.187127717174,0,46
2023-02-20,17904.55,17904.6,17893.3,17894.9,13:05:00,17915.07882983935,0,47
2023-02-20,17903.5,17912.65,17902.9,17904.0,13:10:00,17913.976084140362,0,48
2023-02-20,17899.55,17908.05,17898.2,17903.7,13:15:00,17912.602171365088,0,49
2023-02-20,17891.15,17901.4,17890.25,17899.8,13:20:00,17910.559107425557,0,50
2023-02-20,17878.3,17893.2,17871.25,17891.5,13:25:00,17907.486811480267,0,51
2023-02-20,17874.5,17885.05,17868.05,17877.45,13:30:00,17904.34521038691,0,52
2023-02-20,17865.3,17876.8,17864.3,17874.5,13:35:00,17900.626618921488,0,53
2023-02-20,17857.4,17867.35,17851.35,17864.5,13:40:00,17896.50979807182,0,54
2023-02-20,17868.5,17872.05,17852.05,17856.65,13:45:00,17893.842198255457,0,55
2023-02-20,17855.7,17868.25,17854.2,17868.25,13:50:00,17890.209607945413,0,56
2023-02-20,17857.15,17866.8,17849.2,17855.7,13:55:00,17887.061073855373,0,57
2023-02-20,17846.45,17866.2,17841.65,17855.95,14:00:00,17883.193352535814,0,58
2023-02-20,17849.1,17852.1,17838.0,17845.85,14:05:00,17879.94636658002,0,59
2023-02-20,17842.05,17851.65,17837.45,17848.7,14:10:00,17876.337188810496,0,60
2023-02-20,17837.05,17850.8,17831.6,17841.65,14:15:00,17872.595551780927,0,61
2023-02-20,17824.85,17843.3,17820.05,17836.4,14:20:00,17868.04835637322,0,62
2023-02-20,17825.8,17836.55,17818.75,17823.6,14:25:00,17864.024703385294,0,63
2023-02-20,17830.3,17833.5,17820.95,17825.35,14:30:00,17860.812826872407,0,64
2023-02-20,17847.7,17851.25,17828.95,17829.65,14:35:00,17859.563986217894,0,65
2023-02-20,17842.15,17849.75,17837.95,17847.35,14:40:00,17857.90551134,0,66
2023-02-20,17847.65,17848.05,17828.05,17842.15,14:45:00,17856.928795974287,0,67
2023-02-20,17851.05,17852.55,17842.6,17847.7,14:50:00,17856.368910643403,0,68
2023-02-20,17853.15,17855.9,17843.95,17851.05,14:55:00,17856.062347724983,0,69
2023-02-20,17839.3,17864.15,17838.65,17853.0,15:00:00,17854.465933655938,0,70
2023-02-20,17838.95,17843.0,17828.6,17838.7,15:05:00,17852.988225688707,0,71
2023-02-20,17843.85,17847.05,17834.85,17839.8,15:10:00,17852.11791848026,0,72
2023-02-20,17843.4,17851.5,17837.25,17845.65,15:15:00,17851.287640529757,0,73
2023-02-20,17851.8,17856.65,17836.15,17843.5,15:20:00,17851.336436669782,0,74
2023-02-20,17847.7,17853.7,17842.9,17852.3,15:25:00,17850.9901093679,0,75
2023-02-21,17870.0,17905.8,17859.45,17905.8,09:15:00,17857.523422861253,1,1
2023-02-21,17873.1,17885.3,17860.85,17871.25,09:20:00,17859.006906398277,1,2
2023-02-21,17883.1,17890.45,17867.4,17872.55,09:25:00,17861.3014867413,1,3
2023-02-21,17884.65,17897.75,17880.15,17882.55,09:30:00,17863.5251546707,1,4
2023-02-21,17848.8,17884.4,17845.3,17883.45,09:35:00,17862.122758987774,1,5
2023-02-21,17870.85,17880.3,17839.15,17848.9,09:40:00,17862.95392479846,1,6
2023-02-21,17858.3,17875.5,17849.5,17871.7,09:45:00,17862.510693865275,1,7
2023-02-21,17855.25,17868.55,17852.85,17858.3,09:50:00,17861.819199211437,1,8
2023-02-21,17860.2,17860.2,17847.85,17855.0,09:55:00,17861.66498976273,1,9
2023-02-21,17889.0,17895.0,17858.05,17860.4,10:00:00,17864.26832407104,1,10
2023-02-21,17891.1,17904.2,17886.1,17889.35,10:05:00,17866.82372177856,1,11
2023-02-21,17904.05,17906.8,17890.3,17891.2,10:10:00,17870.369081609173,1,12
2023-02-21,17908.25,17913.85,17904.15,17904.8,10:15:00,17873.976788122585,1,13
2023-02-21,17917.6,17918.5,17904.5,17907.35,10:20:00,17878.13137972996,1,14
2023-02-21,17918.0,17921.35,17912.8,17916.9,10:25:00,17881.928391184247,1,15
2023-02-21,17919.6,17924.4,17915.45,17917.95,10:30:00,17885.516163452412,1,16
2023-02-21,17900.3,17919.4,17899.05,17918.8,10:35:00,17886.924147885515,1,17
2023-02-21,17904.5,17909.75,17900.05,17901.05,10:40:00,17888.598038563086,1,18
2023-02-21,17911.65,17911.8,17899.9,17904.6,10:45:00,17890.79346346184,1,19
2023-02-21,17904.65,17911.55,17901.35,17910.8,10:50:00,17892.11313360833,1,20
2023-02-21,17898.35,17905.35,17892.6,17904.5,10:55:00,17892.707120883726,1,21
2023-02-21,17895.1,17903.65,17893.2,17898.15,11:00:00,17892.935014132894,1,22
2023-02-21,17899.9,17914.65,17892.55,17895.85,11:05:00,17893.598346120238,1,23
2023-02-21,17908.2,17911.75,17899.3,17899.3,11:10:00,17894.988979823072,1,24
2023-02-21,17906.35,17916.65,17906.2,17908.45,11:15:00,17896.070981744684,1,25
2023-02-21,17905.3,17915.25,17901.7,17906.0,11:20:00,17896.949935864235,1,26
2023-02-21,17908.1,17911.85,17903.1,17905.4,11:25:00,17898.01184673431,1,27
2023-02-21,17901.35,17911.05,17898.75,17908.15,11:30:00,17898.329766092946,1,28
2023-02-21,17894.5,17901.1,17891.85,17901.0,11:35:00,17897.965026465045,1,29
2023-02-21,17870.8,17895.05,17870.25,17894.3,11:40:00,17895.37788108742,1,30
2023-02-21,17878.55,17884.3,17870.85,17870.85,11:45:00,17893.77522574576,1,31
2023-02-21,17882.7,17882.9,17876.8,17878.8,11:50:00,17892.720442341404,1,32
2023-02-21,17891.9,17892.15,17875.75,17882.6,11:55:00,17892.642304975554,1,33
2023-02-21,17871.9,17894.8,17870.4,17891.1,12:00:00,17890.666847358836,1,34
2023-02-21,17860.9,17872.5,17860.55,17871.85,12:05:00,17887.83190951514,1,35
2023-02-21,17862.9,17863.75,17851.7,17861.1,12:10:00,17885.457441942268,1,36
2023-02-21,17849.15,17866.15,17846.95,17862.2,12:15:00,17881.99959032872,1,37
2023-02-21,17837.1,17850.0,17834.15,17848.6,12:20:00,17877.72343886884,1,38
2023-02-21,17830.1,17845.6,17829.4,17836.05,12:25:00,17873.187873262283,1,39
2023-02-21,17828.25,17832.8,17824.0,17829.05,12:30:00,17868.908075808733,1,40
2023-02-21,17821.2,17828.8,17817.5,17828.1,12:35:00,17864.364449541237,1,41
2023-02-21,17830.55,17830.85,17820.3,17821.25,12:40:00,17861.144025775407,1,42
2023-02-21,17836.75,17840.65,17828.9,17830.25,12:45:00,17858.82078522537,1,43
2023-02-21,17844.55,17844.6,17834.45,17835.65,12:50:00,17857.461662822952,1,44
2023-02-21,17843.1,17848.6,17835.1,17843.65,12:55:00,17856.093885411243,1,45
2023-02-21,17843.75,17845.15,17836.5,17842.75,13:00:00,17854.91827727684,1,46
2023-02-21,17837.0,17844.35,17836.6,17843.55,13:05:00,17853.211774679046,1,47
2023-02-21,17853.8,17856.85,17835.75,17836.15,13:10:00,17853.267796138185,1,48
2023-02-21,17853.05,17861.25,17852.75,17855.35,13:15:00,17853.247053648836,1,49
2023-02-21,17855.55,17856.0,17844.2,17852.75,13:20:00,17853.466381872757,1,50
2023-02-21,17861.4,17861.65,17847.9,17854.55,13:25:00,17854.221964551543,1,51
2023-02-21,17854.75,17862.4,17850.05,17860.0,13:30:00,17854.272253641873,1,52
2023-02-21,17870.45,17870.45,17854.05,17854.7,13:35:00,17855.812991390267,1,53
2023-02-21,17874.0,17880.0,17869.05,17869.55,13:40:00,17857.545087448336,1,54
2023-02-21,17878.85,17888.6,17872.2,17873.15,13:45:00,17859.57412673897,1,55
2023-02-21,17880.05,17882.35,17869.45,17877.5,13:50:00,17861.52420990669,1,56
2023-02-21,17880.0,17885.9,17879.05,17879.75,13:55:00,17863.283808963195,1,57
2023-02-21,17886.05,17891.15,17876.95,17881.05,14:00:00,17865.452017633368,1,58
2023-02-21,17876.0,17888.65,17868.8,17885.2,14:05:00,17866.45658738257,1,59
2023-02-21,17870.75,17879.5,17869.5,17874.9,14:10:00,17866.865483822326,1,60
2023-02-21,17867.45,17874.55,17863.1,17870.35,14:15:00,17866.921152029725,1,61
2023-02-21,17842.35,17867.3,17838.55,17866.3,14:20:00,17864.58104231261,1,62
2023-02-21,17824.25,17845.4,17821.45,17841.75,14:25:00,17860.73999066379,1,63
2023-02-21,17830.75,17833.05,17816.1,17824.2,14:30:00,17857.883801076765,1,64
2023-02-21,17830.15,17838.2,17828.75,17831.15,14:35:00,17855.2424866885,1,65
2023-02-21,17840.95,17844.05,17823.75,17829.9,14:40:00,17853.881297480075,1,66
2023-02-21,17850.2,17855.95,17839.5,17840.55,14:45:00,17853.530697720067,1,67
2023-02-21,17818.0,17850.7,17817.45,17850.1,14:50:00,17850.146821746726,1,68
2023-02-21,17813.65,17817.25,17800.6,17817.25,14:55:00,17846.670933961323,1,69
2023-02-21,17825.75,17839.2,17815.2,17815.2,15:00:00,17844.678464060245,1,70
2023-02-21,17824.5,17835.35,17817.75,17825.85,15:05:00,17842.75670557832,1,71
2023-02-21,17819.15,17827.1,17814.85,17824.5,15:10:00,17840.508447904194,1,72
2023-02-21,17825.9,17826.5,17817.15,17819.25,15:15:00,17839.117167151413,1,73
2023-02-21,17836.15,17840.0,17821.1,17826.9,15:20:00,17838.83457980366,1,74
2023-02-21,17842.1,17845.25,17834.95,17837.0,15:25:00,17839.14557220331,1,75
2023-02-22,17751.6,17771.85,17736.8,17755.35,09:15:00,17823.587418515635,2,1
2023-02-22,17742.3,17752.25,17729.8,17751.7,09:20:00,17815.845759609383,2,2
2023-02-22,17747.85,17749.3,17732.05,17741.05,09:25:00,17809.36997297992,2,3
2023-02-22,17742.75,17755.3,17737.15,17748.8,09:30:00,17803.0252136485,2,4
2023-02-22,17741.45,17750.95,17737.2,17742.35,09:35:00,17797.160907586738,2,5
2023-02-22,17716.75,17747.65,17712.1,17741.55,09:40:00,17789.50272591181,2,6
2023-02-22,17697.25,17716.75,17696.65,17716.35,09:45:00,17780.716752015447,2,7
2023-02-22,17680.4,17696.4,17676.4,17696.4,09:50:00,17771.162775633024,2,8
2023-02-22,17677.3,17687.0,17671.7,17679.6,09:55:00,17762.223463667975,2,9
2023-02-22,17686.3,17686.8,17677.1,17677.4,10:00:00,17754.992657604358,2,10
2023-02-22,17692.4,17695.95,17685.9,17685.9,10:05:00,17749.03145211823,2,11
2023-02-22,17683.3,17693.85,17678.95,17693.55,10:10:00,17742.771313821257,2,12
2023-02-22,17668.85,17683.65,17664.15,17683.0,10:15:00,17735.731188695423,2,13
2023-02-22,17669.25,17677.05,17663.8,17669.45,10:20:00,17729.399646914906,2,14
2023-02-22,17671.7,17672.7,17660.8,17669.75,10:25:00,17723.90444244682,2,15
2023-02-22,17672.2,17680.7,17667.35,17671.75,10:30:00,17718.980209832836,2,16
2023-02-22,17669.65,17677.9,17667.35,17670.65,10:35:00,17714.282094610662,2,17
2023-02-22,17656.0,17670.6,17652.6,17668.65,10:40:00,17708.731418933457,2,18
2023-02-22,17661.1,17665.6,17655.35,17656.15,10:45:00,17704.195093320748,2,19
2023-02-22,17658.65,17662.55,17651.8,17660.8,10:50:00,17699.85746538544,2,20
2023-02-22,17669.5,17674.45,17655.95,17658.2,10:55:00,17696.966278205877,2,21
2023-02-22,17662.5,17671.6,17655.8,17667.3,11:00:00,17693.683775519603,2,22
2023-02-22,17667.1,17672.35,17657.75,17661.9,11:05:00,17691.15198737488,2,23
2023-02-22,17670.05,17672.05,17661.55,17667.4,11:10:00,17689.142274291557,2,24
2023-02-22,17665.85,17672.6,17664.9,17670.05,11:15:00,17686.923962454264,2,25
2023-02-22,17665.5,17668.35,17656.7,17665.6,11:20:00,17684.883585077667,2,26
2023-02-22,17669.5,17677.4,17665.85,17665.9,11:25:00,17683.418481736935,2,27
2023-02-22,17657.0,17669.95,17651.85,17669.6,11:30:00,17680.902435857228,2,28
2023-02-22,17657.5,17658.65,17650.05,17656.55,11:35:00,17678.673632442253,2,29
2023-02-22,17650.4,17663.85,17646.75,17657.5,11:40:00,17675.98090554299,2,30
2023-02-22,17649.2,17652.75,17639.1,17650.1,11:45:00,17673.430343110325,2,31
2023-02-22,17645.4,17649.25,17643.35,17649.25,11:50:00,17670.76078662363,2,32
2023-02-22,17644.3,17658.05,17640.55,17644.95,11:55:00,17668.240711707094,2,33
2023-02-22,17643.75,17648.85,17639.95,17643.9,12:00:00,17665.908262973084,2,34
2023-02-22,17645.05,17651.7,17640.55,17643.8,12:05:00,17663.92176173755,2,35
2023-02-22,17651.65,17654.85,17640.0,17643.4,12:10:00,17662.75302252445,2,36
2023-02-22,17650.4,17656.85,17648.45,17651.05,12:15:00,17661.576544188792,2,37
2023-02-22,17642.5,17651.85,17641.75,17650.55,12:20:00,17659.759730456524,2,38
2023-02-22,17630.95,17644.3,17630.2,17643.1,12:25:00,17657.015946603522,2,39
2023-02-22,17625.85,17633.35,17620.85,17631.95,12:30:00,17654.04776121271,2,40
2023-02-22,17613.45,17626.25,17612.3,17625.9,12:35:00,17650.18130776388,2,41
2023-02-22,17615.9,17618.65,17609.0,17613.75,12:40:00,17646.916421310176,2,42
2023-02-22,17613.15,17617.55,17608.2,17615.95,12:45:00,17643.700571661586,2,43
2023-02-22,17619.2,17620.05,17606.95,17612.85,12:50:00,17641.367183884293,2,44
2023-02-22,17614.6,17620.5,17612.8,17619.75,12:55:00,17638.817928276265,2,45
2023-02-22,17623.65,17624.35,17610.4,17614.1,13:00:00,17637.373363678525,2,46
2023-02-22,17620.15,17634.35,17617.6,17623.05,13:05:00,17635.73304332819,2,47
2023-02-22,17608.85,17619.2,17606.5,17616.8,13:10:00,17633.17275348741,2,48
2023-02-22,17612.35,17612.9,17604.35,17607.35,13:15:00,17631.189634107657,2,49
2023-02-22,17611.45,17616.35,17604.85,17609.9,13:20:00,17629.30966895455,2,50
2023-02-22,17585.35,17614.4,17582.7,17609.35,13:25:00,17625.12303381602,2,51
2023-02-22,17581.2,17590.65,17577.15,17583.8,13:30:00,17620.939887738306,2,52
2023-02-22,17568.9,17582.55,17567.9,17579.3,13:35:00,17615.983707953706,2,53
2023-02-22,17566.35,17573.8,17562.55,17566.95,13:40:00,17611.25668814859,2,54
2023-02-22,17574.2,17579.85,17561.15,17564.65,13:45:00,17607.727479753485,2,55
2023-02-22,17564.85,17573.75,17558.3,17571.6,13:50:00,17603.64391025315,2,56
2023-02-22,17561.25,17565.1,17555.95,17563.5,13:55:00,17599.606394990944,2,57
2023-02-22,17567.8,17567.8,17553.15,17558.4,14:00:00,17596.577214515615,2,58
2023-02-22,17537.8,17567.85,17536.8,17565.3,14:05:00,17590.979384561746,2,59
2023-02-22,17538.2,17544.1,17535.55,17536.45,14:10:00,17585.952776508246,2,60
2023-02-22,17537.45,17538.3,17529.55,17537.15,14:15:00,17581.33346445984,2,61
2023-02-22,17554.25,17558.2,17535.8,17535.8,14:20:00,17578.754086892237,2,62
2023-02-22,17576.4,17576.4,17550.25,17551.7,14:25:00,17578.529888140594,2,63
2023-02-22,17579.9,17583.9,17573.9,17573.9,14:30:00,17578.66037498435,2,64
2023-02-22,17583.45,17584.4,17569.7,17578.05,14:35:00,17579.116529747742,2,65
2023-02-22,17576.05,17587.5,17574.75,17580.7,14:40:00,17578.824479295577,2,66
2023-02-22,17588.65,17588.65,17572.65,17574.2,14:45:00,17579.76024317219,2,67
2023-02-22,17583.1,17593.55,17581.15,17584.95,14:50:00,17580.07831525103,2,68
2023-02-22,17580.5,17588.6,17576.15,17580.5,14:55:00,17580.11847570331,2,69
2023-02-22,17559.95,17587.35,17559.95,17580.35,15:00:00,17578.19766849347,2,70
2023-02-22,17551.7,17560.6,17544.75,17559.0,15:05:00,17575.674081017904,2,71
2023-02-22,17557.7,17560.25,17549.5,17550.35,15:10:00,17573.962263778103,2,72
2023-02-22,17548.65,17559.85,17546.65,17556.3,15:15:00,17571.551571989712,2,73
2023-02-22,17549.5,17553.5,17543.05,17548.6,15:20:00,17569.451422276405,2,74
2023-02-22,17552.5,17559.3,17545.0,17549.1,15:25:00,17567.837001107222,2,75
2023-02-23,17550.85,17585.25,17532.15,17585.25,09:15:00,17566.21919147796,3,1
2023-02-23,17524.35,17554.6,17519.25,17551.85,09:20:00,17562.23164943244,3,2
2023-02-23,17504.5,17528.35,17501.7,17522.0,09:25:00,17556.73339710554,3,3
2023-02-23,17482.45,17505.1,17479.55,17503.7,09:30:00,17549.658787857396,3,4
2023-02-23,17494.65,17504.7,17482.15,17482.6,09:35:00,17544.419855680502,3,5
2023-02-23,17472.95,17500.2,17470.95,17494.75,09:40:00,17537.613202758548,3,6
2023-02-23,17479.55,17480.7,17455.4,17471.85,09:45:00,17532.0833739244,3,7
2023-02-23,17532.65,17537.15,17479.2,17479.5,09:50:00,17532.137338312554,3,8
2023-02-23,17560.75,17576.9,17532.05,17532.05,09:55:00,17534.862353711356,3,9
2023-02-23,17600.1,17600.15,17558.95,17560.6,10:00:00,17541.075462881705,3,10
2023-02-23,17593.15,17609.4,17581.4,17600.55,10:05:00,17546.034942607257,3,11
2023-02-23,17582.15,17593.4,17568.5,17592.7,10:10:00,17549.474471882757,3,12
2023-02-23,17594.2,17595.95,17581.6,17581.75,10:15:00,17553.73404598916,3,13
2023-02-23,17577.95,17596.55,17576.25,17594.9,10:20:00,17556.040327323524,3,14
2023-02-23,17609.9,17611.35,17577.2,17578.35,10:25:00,17561.16981995938,3,15
2023-02-23,17597.45,17620.05,17596.85,17610.75,10:30:00,17564.625075201344,3,16
2023-02-23,17595.9,17597.55,17587.15,17597.35,10:35:00,17567.60363946788,3,17
2023-02-23,17602.6,17603.35,17586.25,17595.5,10:40:00,17570.936626185226,3,18
2023-02-23,17598.7,17603.55,17593.85,17602.5,10:45:00,17573.580757024727,3,19
2023-02-23,17574.9,17602.5,17570.7,17599.3,10:50:00,17573.70639921285,3,20
2023-02-23,17557.15,17576.05,17555.65,17575.35,10:55:00,17572.129599287815,3,21
2023-02-23,17554.6,17566.75,17547.1,17556.2,11:00:00,17570.460113641355,3,22
2023-02-23,17562.45,17573.45,17554.75,17554.75,11:05:00,17569.69724567551,3,23
2023-02-23,17580.55,17583.1,17556.2,17560.9,11:10:00,17570.73084132546,3,24
2023-02-23,17579.65,17585.9,17576.9,17580.35,11:15:00,17571.58028500875,3,25
2023-02-23,17579.85,17587.3,17574.6,17580.8,11:20:00,17572.36787691268,3,26
2023-02-23,17591.0,17595.35,17563.45,17579.45,11:25:00,17574.142364825755,3,27
2023-02-23,17587.3,17593.45,17570.95,17593.45,11:30:00,17575.395472937587,3,28
2023-02-23,17582.35,17589.9,17570.75,17587.35,11:35:00,17576.057808848294,3,29
2023-02-23,17583.65,17586.8,17576.55,17581.1,11:40:00,17576.780874672266,3,30
2023-02-23,17580.3,17585.35,17578.15,17583.4,11:45:00,17577.116029465382,3,31
2023-02-23,17580.15,17584.15,17575.0,17579.55,11:50:00,17577.404979040108,3,32
2023-02-23,17578.6,17580.5,17574.4,17579.25,11:55:00,17577.518790560098,3,33
2023-02-23,17578.7,17584.0,17576.1,17577.95,12:00:00,17577.631286697233,3,34
2023-02-23,17554.75,17579.1,17554.25,17578.9,12:05:00,17575.45211653559,3,35
2023-02-23,17552.25,17560.6,17544.55,17555.05,12:10:00,17573.24239115125,3,36
2023-02-23,17555.0,17558.95,17547.35,17551.3,12:15:00,17571.505020565415,3,37
2023-02-23,17551.4,17556.2,17546.5,17553.95,12:20:00,17569.590256702042,3,38
2023-02-23,17551.85,17556.5,17547.05,17551.0,12:25:00,17567.900708444704,3,39
2023-02-23,17540.9,17555.3,17533.45,17551.4,12:30:00,17565.32921240235,3,40
2023-02-23,17535.3,17545.1,17530.9,17540.75,12:35:00,17562.46928741165,3,41
2023-02-23,17528.4,17536.1,17527.2,17535.05,12:40:00,17559.224593372448,3,42
2023-02-23,17532.8,17538.55,17526.3,17527.7,12:45:00,17556.707965432215,3,43
2023-02-23,17560.95,17563.75,17530.0,17532.2,12:50:00,17557.111968724384,3,44
2023-02-23,17547.5,17561.65,17543.05,17561.5,12:55:00,17556.196543131588,3,45
2023-02-23,17549.5,17554.55,17544.8,17547.3,13:00:00,17555.558777119055,3,46
2023-02-23,17574.8,17575.8,17548.6,17549.8,13:05:00,17557.391274536287,3,47
2023-02-23,17576.05,17585.8,17571.05,17574.4,13:10:00,17559.168296009022,3,48
2023-02-23,17576.2,17579.7,17567.65,17576.2,13:15:00,17560.79036305578,3,49
2023-02-23,17569.65,17577.1,17568.4,17575.95,13:20:00,17561.63413800285,3,50
2023-02-23,17555.75,17571.3,17554.75,17569.9,13:25:00,17561.07374390734,3,51
2023-02-23,17558.05,17560.25,17553.85,17555.3,13:30:00,17560.785768297115,3,52
2023-02-23,17546.3,17562.35,17543.75,17558.4,13:35:00,17559.406171316437,3,53
2023-02-23,17567.7,17568.7,17542.3,17546.75,13:40:00,17560.19605976249,3,54
2023-02-23,17575.35,17578.35,17564.35,17568.3,13:45:00,17561.639292166063,3,55
2023-02-23,17582.55,17592.0,17576.15,17576.2,13:50:00,17563.630788150247,3,56
2023-02-23,17573.85,17585.7,17568.45,17583.15,13:55:00,17564.604046421653,3,57
2023-02-23,17571.25,17584.75,17570.75,17574.0,14:00:00,17565.236994381496,3,58
2023-02-23,17567.45,17580.0,17564.05,17570.8,14:05:00,17565.44775682135,3,59
2023-02-23,17569.1,17573.7,17560.15,17567.25,14:10:00,17565.795589505033,3,60
2023-02-23,17562.5,17581.2,17561.15,17569.75,14:15:00,17565.481723837886,3,61
2023-02-23,17571.1,17573.2,17559.45,17563.2,14:20:00,17566.016797758086,3,62
2023-02-23,17556.9,17571.6,17547.7,17570.5,14:25:00,17565.148531304934,3,63
2023-02-23,17551.9,17565.85,17545.55,17555.85,14:30:00,17563.88676641875,3,64
2023-02-23,17541.0,17555.35,17538.6,17551.85,14:35:00,17561.707074378868,3,65
2023-02-23,17544.45,17551.95,17537.9,17540.75,14:40:00,17560.063543485645,3,66
2023-02-23,17548.25,17555.75,17543.3,17543.3,14:45:00,17558.93844410606,3,67
2023-02-23,17542.95,17553.65,17540.55,17549.25,14:50:00,17557.41573514358,3,68
2023-02-23,17556.65,17558.8,17542.2,17543.3,14:55:00,17557.342807987046,3,69
2023-02-23,17491.8,17560.55,17491.8,17557.05,15:00:00,17551.100635797804,3,70
2023-02-23,17516.95,17517.15,17490.4,17491.95,15:05:00,17547.848194293252,3,71
2023-02-23,17503.3,17519.8,17496.25,17517.05,15:10:00,17543.605509122466,3,72
2023-02-23,17513.6,17513.6,17499.05,17503.35,15:15:00,17540.747841586992,3,73
2023-02-23,17516.35,17521.55,17509.2,17513.65,15:20:00,17538.424237626325,3,74
2023-02-23,17523.8,17524.15,17511.5,17515.8,15:25:00,17537.031453090483,3,75
2023-02-24,17586.5,17591.35,17556.05,17591.35,09:15:00,17546.423252983368,4,1
2023-02-24,17585.75,17599.75,17563.15,17587.5,09:20:00,17550.16865746114,4,2
2023-02-24,17563.9,17596.9,17563.5,17585.7,09:25:00,17551.476404369605,4,3
2023-02-24,17565.65,17570.4,17551.85,17564.0,09:30:00,17552.82627062012,4,4
2023-02-24,17556.4,17565.1,17545.7,17565.0,09:35:00,17553.166625799156,4,5
2023-02-24,17552.45,17556.95,17546.45,17555.5,09:40:00,17553.098375723046,4,6
2023-02-24,17525.55,17552.45,17525.55,17552.45,09:45:00,17550.474720892278,4,7
2023-02-24,17541.25,17544.8,17514.15,17526.35,09:50:00,17549.596176045394,4,8
2023-02-24,17546.0,17557.7,17538.55,17541.15,09:55:00,17549.25368308869,4,9
2023-02-24,17555.6,17565.8,17538.25,17546.85,10:00:00,17549.8580942231,4,10
2023-02-24,17545.35,17563.6,17538.0,17555.85,10:05:00,17549.428751916137,4,11
2023-02-24,17548.95,17549.95,17539.1,17545.9,10:10:00,17549.38315649555,4,12
2023-02-24,17556.25,17560.3,17548.4,17549.2,10:15:00,17550.037141591212,4,13
2023-02-24,17561.3,17565.7,17556.4,17556.85,10:20:00,17551.109794773,4,14
2023-02-24,17537.4,17561.9,17537.4,17560.55,10:25:00,17549.804100032714,4,15
2023-02-24,17534.2,17556.9,17532.9,17536.2,10:30:00,17548.317995267695,4,16
2023-02-24,17533.1,17537.7,17525.4,17533.9,10:35:00,17546.868662385055,4,17
2023-02-24,17531.95,17552.85,17528.5,17532.9,10:40:00,17545.447837396,4,18
2023-02-24,17525.25,17532.95,17520.75,17532.6,10:45:00,17543.524233834476,4,19
2023-02-24,17519.45,17531.6,17517.8,17525.25,10:50:00,17541.231449659765,4,20
2023-02-24,17511.8,17525.9,17510.1,17520.05,10:55:00,17538.42845445407,4,21
2023-02-24,17511.95,17512.65,17501.95,17511.05,11:00:00,17535.906696887017,4,22
2023-02-24,17521.0,17530.2,17510.85,17511.7,11:05:00,17534.487011469206,4,23
2023-02-24,17519.45,17521.8,17506.75,17520.45,11:10:00,17533.054915138808,4,24
2023-02-24,17525.7,17525.7,17516.1,17519.75,11:15:00,17532.35444703035,4,25
2023-02-24,17520.55,17525.85,17517.5,17525.5,11:20:00,17531.230213979838,4,26
2023-02-24,17523.5,17532.1,17519.8,17520.6,11:25:00,17530.494003124615,4,27
2023-02-24,17529.9,17534.85,17522.8,17522.8,11:30:00,17530.437431398463,4,28
2023-02-24,17510.95,17533.25,17508.3,17529.85,11:35:00,17528.58148555099,4,29
2023-02-24,17499.4,17513.05,17496.15,17510.75,11:40:00,17525.802296450893,4,30
2023-02-24,17494.2,17504.05,17489.35,17499.85,11:45:00,17522.79255393176,4,31
2023-02-24,17502.8,17503.4,17487.0,17494.6,11:50:00,17520.888501176352,4,32
2023-02-24,17499.2,17507.85,17494.05,17503.55,11:55:00,17518.822929635746,4,33
2023-02-24,17502.5,17504.55,17493.2,17499.05,12:00:00,17517.268364908534,4,34
2023-02-24,17495.85,17510.5,17495.3,17502.8,12:05:00,17515.22852063153,4,35
2023-02-24,17490.0,17507.05,17488.15,17495.8,12:10:00,17512.825804380907,4,36
2023-02-24,17470.6,17489.7,17469.95,17489.7,12:15:00,17508.804299201773,4,37
2023-02-24,17461.8,17470.75,17461.45,17470.35,12:20:00,17504.327699277794,4,38
2023-02-24,17461.85,17465.55,17456.3,17462.5,12:25:00,17500.28220410848,4,39
2023-02-24,17455.3,17466.8,17453.9,17463.3,12:30:00,17495.998184669577,4,40
2023-02-24,17464.7,17469.15,17451.5,17454.9,12:35:00,17493.017405177237,4,41
2023-02-24,17459.25,17469.2,17458.5,17465.35,12:40:00,17489.801461827024,4,42
2023-02-24,17453.3,17464.7,17450.8,17458.95,12:45:00,17486.325132129212,4,43
2023-02-24,17435.0,17453.75,17434.05,17452.55,12:50:00,17481.437024307383,4,44
2023-02-24,17431.3,17438.15,17423.7,17435.5,12:55:00,17476.66206961144,4,45
2023-02-24,17433.6,17435.65,17423.0,17430.4,13:00:00,17472.560920124637,4,46
2023-02-24,17436.95,17437.85,17426.0,17434.3,13:05:00,17469.16940392229,4,47
2023-02-24,17431.55,17439.4,17429.3,17436.9,13:10:00,17465.586603548738,4,48
2023-02-24,17448.9,17454.05,17426.8,17431.85,13:15:00,17463.997403210764,4,49
2023-02-24,17439.25,17450.5,17435.7,17449.1,13:20:00,17461.64050766688,4,50
2023-02-24,17437.3,17445.4,17433.9,17439.1,13:25:00,17459.32236407956,4,51
2023-02-24,17438.55,17448.7,17434.0,17437.5,13:30:00,17457.344043691028,4,52
2023-02-24,17443.45,17448.4,17437.2,17438.3,13:35:00,17456.02080143474,4,53
2023-02-24,17457.05,17458.5,17438.85,17443.45,13:40:00,17456.118820345717,4,54
2023-02-24,17471.9,17485.45,17455.6,17456.7,13:45:00,17457.6217898366,4,55
2023-02-24,17475.55,17479.95,17457.55,17471.85,13:50:00,17459.32923842359,4,56
2023-02-24,17478.2,17484.1,17472.65,17475.25,13:55:00,17461.12645381182,4,57
2023-02-24,17462.8,17484.5,17461.2,17478.15,14:00:00,17461.285839163073,4,58
2023-02-24,17449.85,17469.35,17442.95,17462.85,14:05:00,17460.196711623732,4,59
2023-02-24,17444.8,17455.05,17439.45,17449.1,14:10:00,17458.73035813576,4,60
2023-02-24,17430.6,17446.5,17422.55,17444.85,14:15:00,17456.051276408543,4,61
2023-02-24,17439.8,17443.25,17428.05,17430.5,14:20:00,17454.503535798205,4,62
2023-02-24,17440.7,17445.15,17430.8,17439.5,14:25:00,17453.188913341233,4,63
2023-02-24,17455.3,17455.3,17439.65,17440.5,14:30:00,17453.3899692135,4,64
2023-02-24,17469.95,17471.1,17449.05,17454.8,14:35:00,17454.967115002688,4,65
2023-02-24,17454.95,17470.85,17453.5,17469.45,14:40:00,17454.96548500243,4,66
2023-02-24,17447.25,17456.85,17441.4,17455.6,14:45:00,17454.230676906962,4,67
2023-02-24,17445.2,17449.2,17438.5,17447.8,14:50:00,17453.37061243963,4,68
2023-02-24,17440.8,17449.7,17433.35,17445.7,14:55:00,17452.173411254906,4,69
2023-02-24,17462.25,17470.2,17439.6,17439.6,15:00:00,17453.133086373487,4,70
2023-02-24,17476.25,17476.25,17461.95,17463.4,15:05:00,17455.33469719506,4,71
2023-02-24,17474.15,17481.2,17466.7,17476.35,15:10:00,17457.12663079553,4,72
2023-02-24,17465.7,17476.8,17459.95,17474.4,15:15:00,17457.94314214834,4,73
2023-02-24,17471.65,17472.75,17458.1,17465.45,15:20:00,17459.24855718183,4,74
2023-02-24,17465.45,17471.3,17462.1,17471.2,15:25:00,17459.83917078356,4,75
2023-02-27,17364.05,17429.3,17364.05,17428.6,09:15:00,17448.024581979287,0,1
2023-02-27,17384.3,17384.3,17358.8,17364.15,09:20:00,17441.955574171738,0,2
2023-02-27,17437.75,17438.8,17375.8,17384.95,09:25:00,17441.555043298238,0,3
2023-02-27,17433.55,17450.75,17414.95,17438.65,09:30:00,17440.792658222214,0,4
2023-02-27,17402.7,17433.8,17402.05,17432.3,09:35:00,17437.164786010573,0,5
2023-02-27,17407.0,17407.25,17375.95,17402.15,09:40:00,17434.29194924766,0,6
2023-02-27,17389.05,17419.8,17384.85,17406.55,09:45:00,17429.983192176456,0,7
2023-02-27,17376.1,17397.3,17370.4,17388.55,09:50:00,17424.851459588222,0,8
2023-02-27,17335.55,17378.15,17334.85,17374.6,09:55:00,17416.34655867506,0,9
2023-02-27,17334.7,17345.45,17324.35,17334.95,10:00:00,17408.5706959441,0,10
2023-02-27,17324.3,17333.9,17311.1,17333.9,10:05:00,17400.544915377995,0,11
2023-02-27,17306.4,17325.1,17304.4,17324.25,10:10:00,17391.578732961043,0,12
2023-02-27,17317.7,17320.75,17301.7,17306.35,10:15:00,17384.54266315523,0,13
2023-02-27,17329.95,17332.6,17316.05,17317.8,10:20:00,17379.34336190235,0,14
2023-02-27,17324.45,17331.15,17311.55,17329.7,10:25:00,17374.115422673553,0,15
2023-02-27,17312.6,17326.5,17309.0,17325.05,10:30:00,17368.25681099036,0,16
2023-02-27,17321.55,17324.5,17308.5,17313.15,10:35:00,17363.80854327699,0,17
2023-02-27,17323.45,17324.15,17308.2,17321.15,10:40:00,17359.964872488705,0,18
2023-02-27,17311.4,17323.2,17311.4,17323.2,10:45:00,17355.3396465374,0,19
2023-02-27,17318.7,17323.9,17307.2,17310.9,10:50:00,17351.85015639098,0,20
2023-02-27,17327.1,17332.6,17316.7,17317.75,10:55:00,17349.49299863946,0,21
2023-02-27,17346.5,17346.5,17324.6,17327.25,11:00:00,17349.207951149987,0,22
2023-02-27,17353.75,17361.05,17345.85,17346.55,11:05:00,17349.64052723094,0,23
2023-02-27,17376.65,17377.35,17349.4,17353.55,11:10:00,17352.212857970848,0,24
2023-02-27,17365.75,17381.3,17353.25,17376.45,11:15:00,17353.50210959267,0,25
2023-02-27,17358.1,17369.2,17357.9,17364.65,11:20:00,17353.940003917178,0,26
2023-02-27,17351.9,17362.55,17350.6,17358.5,11:25:00,17353.74571782983,0,27
2023-02-27,17348.25,17358.75,17343.85,17352.45,11:30:00,17353.22231613175,0,28
2023-02-27,17383.15,17390.5,17347.3,17347.95,11:35:00,17356.07257173825,0,29
2023-02-27,17379.8,17394.3,17379.1,17382.7,11:40:00,17358.332326810796,0,30
2023-02-27,17374.9,17380.65,17369.75,17379.0,11:45:00,17359.910200447863,0,31
2023-02-27,17391.3,17397.3,17375.2,17375.35,11:50:00,17362.899705167114,0,32
2023-02-27,17378.1,17394.1,17377.15,17391.45,11:55:00,17364.347352294055,0,33
2023-02-27,17355.0,17379.55,17352.45,17379.0,12:00:00,17363.45712826605,0,34
2023-02-27,17346.2,17363.45,17346.2,17354.9,12:05:00,17361.813592240713,0,35
2023-02-27,17329.05,17348.4,17323.8,17346.25,12:10:00,17358.69325012255,0,36
2023-02-27,17326.35,17335.5,17324.8,17328.7,12:15:00,17355.612940587067,0,37
2023-02-27,17334.25,17335.3,17322.65,17326.2,12:20:00,17353.57837481687,0,38
2023-02-27,17336.7,17342.45,17332.25,17334.45,12:25:00,17351.970910548596,0,39
2023-02-27,17339.75,17341.1,17328.15,17336.8,12:30:00,17350.807014305872,0,40
2023-02-27,17338.6,17347.15,17337.45,17337.9,12:35:00,17349.644441514836,0,41
2023-02-27,17333.75,17338.3,17330.4,17338.3,12:40:00,17348.13068518009,0,42
2023-02-27,17336.8,17339.4,17326.65,17331.85,12:45:00,17347.051572305794,0,43
2023-02-27,17332.5,17347.9,17329.95,17337.75,12:50:00,17345.665708276672,0,44
2023-02-27,17337.8,17342.35,17329.05,17332.0,12:55:00,17344.916593202703,0,45
2023-02-27,17337.7,17341.35,17332.95,17337.55,13:00:00,17344.22929861197,0,46
2023-02-27,17323.95,17344.25,17323.55,17338.0,13:05:00,17342.2979368394,0,47
2023-02-27,17308.5,17327.7,17299.0,17325.6,13:10:00,17339.079085711837,0,48
2023-02-27,17316.85,17327.95,17304.0,17306.95,13:15:00,17336.962029929757,0,49
2023-02-27,17315.95,17327.75,17314.9,17316.65,13:20:00,17334.96088422216,0,50
2023-02-27,17320.55,17325.3,17313.85,17315.65,13:25:00,17333.588419058146,0,51
2023-02-27,17332.85,17341.65,17320.3,17320.3,13:30:00,17333.51809343356,0,52
2023-02-27,17341.8,17342.2,17317.55,17332.4,13:35:00,17334.306846439886,0,53
2023-02-27,17333.5,17341.5,17326.15,17341.45,13:40:00,17334.230003921803,0,54
2023-02-27,17330.45,17337.35,17327.0,17333.05,13:45:00,17333.870003548298,0,55
2023-02-27,17354.35,17355.05,17328.2,17330.7,13:50:00,17335.82047940084,0,56
2023-02-27,17352.05,17354.35,17340.8,17354.35,13:55:00,17337.366148029334,0,57
2023-02-27,17364.55,17365.45,17351.4,17351.9,14:00:00,17339.955086312257,0,58
2023-02-27,17360.95,17366.75,17355.45,17364.0,14:05:00,17341.954601901565,0,59
2023-02-27,17354.2,17374.15,17349.65,17359.95,14:10:00,17343.120830291893,0,60
2023-02-27,17342.1,17360.6,17336.7,17354.05,14:15:00,17343.02360835933,0,61
2023-02-27,17359.95,17363.45,17339.2,17341.2,14:20:00,17344.63564565844,0,62
2023-02-27,17348.4,17361.6,17347.4,17360.2,14:25:00,17344.99415559573,0,63
2023-02-27,17343.85,17357.4,17336.9,17347.5,14:30:00,17344.885188396136,0,64
2023-02-27,17356.55,17357.85,17341.65,17343.8,14:35:00,17345.9961228346,0,65
2023-02-27,17353.65,17357.7,17347.8,17355.6,14:40:00,17346.72506351702,0,66
2023-02-27,17347.25,17353.75,17336.1,17353.75,14:45:00,17346.77505746778,0,67
2023-02-27,17357.35,17361.0,17346.05,17347.05,14:50:00,17347.782194851803,0,68
2023-02-27,17374.4,17375.45,17352.5,17356.9,14:55:00,17350.317223913535,0,69
2023-02-27,17369.85,17380.4,17365.05,17374.35,15:00:00,17352.17748830272,0,70
2023-02-27,17388.55,17392.05,17367.8,17370.45,15:05:00,17355.641537035797,0,71
2023-02-27,17402.5,17405.3,17388.7,17388.7,15:10:00,17360.10424779429,0,72
2023-02-27,17396.35,17404.85,17388.55,17401.75,15:15:00,17363.556224194836,0,73
2023-02-27,17408.05,17409.65,17392.45,17396.1,15:20:00,17367.79372665247,0,74
2023-02-27,17406.35,17411.05,17399.3,17408.05,15:25:00,17371.46575268557,0,75
2023-02-28,17412.8,17414.75,17368.8,17383.25,09:15:00,17376.41777033898,1,1
2023-02-28,17403.7,17427.5,17380.15,17413.1,09:20:00,17379.016077925742,1,2
2023-02-28,17407.5,17413.3,17398.9,17403.2,09:25:00,17381.728832409004,1,3
2023-02-28,17432.5,17438.3,17400.6,17406.95,09:30:00,17386.564181703383,1,4
2023-02-28,17434.05,17440.2,17422.3,17432.75,09:35:00,17391.086640588775,1,5
2023-02-28,17421.6,17439.3,17421.55,17434.25,09:40:00,17393.992674818415,1,6
2023-02-28,17425.75,17430.9,17412.2,17421.2,09:45:00,17397.017181978565,1,7
2023-02-28,17407.55,17432.8,17405.9,17425.4,09:50:00,17398.020307504416,1,8
2023-02-28,17403.15,17408.3,17389.1,17407.1,09:55:00,17398.508849646852,1,9
2023-02-28,17392.1,17408.8,17383.85,17403.75,10:00:00,17397.898483013818,1,10
2023-02-28,17388.2,17397.1,17380.0,17391.55,10:05:00,17396.974817964885,1,11
2023-02-28,17380.45,17388.65,17369.9,17388.4,10:10:00,17395.401025777755,1,12
2023-02-28,17381.5,17386.55,17372.25,17380.95,10:15:00,17394.077118560825,1,13
2023-02-28,17389.35,17390.45,17375.8,17381.35,10:20:00,17393.626916793128,1,14
2023-02-28,17412.3,17413.1,17388.9,17389.25,10:25:00,17395.405305669974,1,15
2023-02-28,17411.85,17415.7,17405.45,17409.7,10:30:00,17396.97146703474,1,16
2023-02-28,17388.95,17414.0,17388.95,17411.6,10:35:00,17396.207517793333,1,17
2023-02-28,17363.35,17392.3,17363.35,17389.25,10:40:00,17393.078230384446,1,18
2023-02-28,17354.6,17362.2,17346.4,17362.2,10:45:00,17389.4136370145,1,19
2023-02-28,17362.8,17367.65,17352.35,17354.7,10:50:00,17386.87900491788,1,20
2023-02-28,17371.55,17376.8,17358.05,17362.65,10:55:00,17385.419099687606,1,21
2023-02-28,17369.8,17375.85,17367.0,17371.0,11:00:00,17383.931566384024,1,22
2023-02-28,17366.7,17373.5,17361.7,17370.15,11:05:00,17382.29046482364,1,23
2023-02-28,17375.05,17379.7,17364.1,17366.7,11:10:00,17381.6008967452,1,24
2023-02-28,17369.8,17380.95,17368.25,17374.75,11:15:00,17380.477001817086,1,25
2023-02-28,17373.05,17373.3,17367.0,17369.6,11:20:00,17379.769668310695,1,26
2023-02-28,17362.3,17372.8,17359.9,17372.8,11:25:00,17378.105890376344,1,27
2023-02-28,17355.9,17368.3,17355.2,17362.1,11:30:00,17375.991043673836,1,28
2023-02-28,17353.6,17360.8,17353.35,17355.0,11:35:00,17373.858563323945,1,29
2023-02-28,17345.35,17355.35,17343.75,17352.8,11:40:00,17371.143462055,1,30
2023-02-28,17358.05,17370.0,17344.75,17344.75,11:45:00,17369.896465668808,1,31
2023-02-28,17383.6,17385.05,17352.5,17357.25,11:50:00,17371.20156417654,1,32
2023-02-28,17376.9,17385.35,17375.2,17383.45,11:55:00,17371.744272350203,1,33
2023-02-28,17376.15,17381.45,17372.65,17376.6,12:00:00,17372.163865459708,1,34
2023-02-28,17373.05,17386.35,17372.1,17376.7,12:05:00,17372.24825922545,1,35
2023-02-28,17385.0,17385.0,17372.2,17373.15,12:10:00,17373.46271072779,1,36
2023-02-28,17391.7,17399.25,17384.85,17384.85,12:15:00,17375.19959542038,1,37
2023-02-28,17386.85,17401.15,17385.85,17391.4,12:20:00,17376.309157761298,1,38
2023-02-28,17391.7,17392.3,17373.0,17387.0,12:25:00,17377.77495226022,1,39
2023-02-28,17387.1,17397.7,17385.25,17392.0,12:30:00,17378.66305204496,1,40
2023-02-28,17372.15,17388.2,17372.15,17387.15,12:35:00,17378.042761374014,1,41
2023-02-28,17354.6,17372.2,17354.45,17372.2,12:40:00,17375.810117433633,1,42
2023-02-28,17358.05,17364.1,17354.5,17354.55,12:45:00,17374.11867767805,1,43
2023-02-28,17346.3,17359.85,17339.8,17358.3,12:50:00,17371.46927980395,1,44
2023-02-28,17354.45,17365.2,17341.45,17346.05,12:55:00,17369.848396013098,1,45
2023-02-28,17346.8,17361.2,17345.85,17354.35,13:00:00,17367.653310678517,1,46
2023-02-28,17367.75,17368.2,17346.15,17346.5,13:05:00,17367.662519185324,1,47
2023-02-28,17348.6,17368.3,17346.6,17367.25,13:10:00,17365.84704116767,1,48
2023-02-28,17350.95,17354.15,17345.15,17348.25,13:15:00,17364.42827534218,1,49
2023-02-28,17344.8,17360.9,17344.8,17350.4,13:20:00,17362.558915785783,1,50
2023-02-28,17334.95,17343.85,17331.9,17343.85,13:25:00,17359.929495234755,1,51
2023-02-28,17346.5,17346.9,17327.9,17335.35,13:30:00,17358.650495688587,1,52
2023-02-28,17338.35,17354.35,17332.15,17348.35,13:35:00,17356.717115146817,1,53
2023-02-28,17329.05,17339.35,17328.0,17338.8,13:40:00,17354.0821517995,1,54
2023-02-28,17330.45,17334.25,17317.9,17327.75,13:45:00,17351.831470675737,1,55
2023-02-28,17319.4,17332.45,17311.4,17330.95,13:50:00,17348.74275918281,1,56
2023-02-28,17310.0,17322.5,17309.35,17320.95,13:55:00,17345.05297259397,1,57
2023-02-28,17287.1,17313.75,17281.4,17309.3,14:00:00,17339.533641870737,1,58
2023-02-28,17258.6,17291.7,17255.9,17286.2,14:05:00,17331.825675978285,1,59
2023-02-28,17261.2,17270.35,17258.6,17258.75,14:10:00,17325.09942112321,1,60
2023-02-28,17282.9,17284.2,17260.9,17260.95,14:15:00,17321.080428635287,1,61
2023-02-28,17284.6,17286.75,17277.55,17283.1,14:20:00,17317.606102098594,1,62
2023-02-28,17303.05,17308.55,17284.2,17284.6,14:25:00,17316.219806660632,1,63
2023-02-28,17304.0,17315.45,17303.05,17303.05,14:30:00,17315.056015550093,1,64
2023-02-28,17294.65,17306.2,17293.25,17304.1,14:35:00,17313.112585497704,1,65
2023-02-28,17274.85,17297.85,17271.0,17296.0,14:40:00,17309.468529736016,1,66
2023-02-28,17291.1,17297.15,17275.85,17275.85,14:45:00,17307.719145951633,1,67
2023-02-28,17284.55,17291.5,17274.55,17290.75,14:50:00,17305.512560622905,1,68
2023-02-28,17312.6,17314.0,17282.1,17284.8,14:55:00,17306.187554849294,1,69
2023-02-28,17298.4,17342.1,17288.85,17314.55,15:00:00,17305.445882958884,1,70
2023-02-28,17291.35,17300.6,17286.15,17296.9,15:05:00,17304.10341791518,1,71
2023-02-28,17313.55,17313.55,17291.8,17291.8,15:10:00,17305.00309239945,1,72
2023-02-28,17312.55,17316.2,17299.35,17313.3,15:15:00,17305.721845504264,1,73
2023-02-28,17305.15,17312.85,17297.45,17312.7,15:20:00,17305.667384027667,1,74
2023-02-28,17317.2,17322.8,17296.05,17304.55,15:25:00,17306.765728405982,1,75
2023-03-01,17387.15,17392.55,17353.45,17360.1,09:15:00,17319.017070191745,2,1
2023-03-01,17386.55,17409.2,17380.95,17387.95,09:20:00,17325.44877779253,2,2
2023-03-01,17369.75,17398.8,17369.5,17387.1,09:25:00,17329.667941812288,2,3
2023-03-01,17381.75,17393.9,17362.75,17369.6,09:30:00,17334.628137830165,2,4
2023-03-01,17413.75,17415.35,17382.15,17382.15,09:35:00,17342.16355327491,2,5
2023-03-01,17405.45,17421.75,17397.3,17413.9,09:40:00,17348.190833915396,2,6
2023-03-01,17418.4,17420.65,17404.95,17405.75,09:45:00,17354.87742116155,2,7
2023-03-01,17393.5,17418.95,17384.6,17417.35,09:50:00,17358.555762003307,2,8
2023-03-01,17389.4,17402.25,17388.0,17394.05,09:55:00,17361.493308479185,2,9
2023-03-01,17406.25,17407.9,17390.4,17390.45,10:00:00,17365.755850528785,2,10
2023-03-01,17411.9,17416.1,17404.65,17406.2,10:05:00,17370.150531430805,2,11
2023-03-01,17404.15,17420.95,17404.15,17411.4,10:10:00,17373.388576056444,2,12
2023-03-01,17410.5,17411.9,17389.55,17404.6,10:15:00,17376.9229973844,2,13
2023-03-01,17402.65,17413.35,17402.35,17409.85,10:20:00,17379.373188109697,2,14
2023-03-01,17418.0,17420.5,17390.9,17402.3,10:25:00,17383.05193209925,2,15
2023-03-01,17416.25,17425.55,17415.2,17419.1,10:30:00,17386.213652851704,2,16
2023-03-01,17424.05,17425.3,17403.95,17415.7,10:35:00,17389.817114484875,2,17
2023-03-01,17418.5,17427.0,17415.2,17424.1,10:40:00,17392.548817867268,2,18
2023-03-01,17415.7,17420.35,17411.6,17418.2,10:45:00,17394.7536923561,2,19
2023-03-01,17411.9,17419.5,17409.5,17415.15,10:50:00,17396.386674036472,2,20
2023-03-01,17419.5,17420.95,17411.85,17411.85,10:55:00,17398.587943175855,2,21
2023-03-01,17414.6,17420.95,17414.6,17419.5,11:00:00,17400.11290096863,2,22
2023-03-01,17425.0,17425.8,17409.7,17414.4,11:05:00,17402.48310087638,2,23
2023-03-01,17430.5,17430.55,17411.3,17425.05,11:10:00,17405.15137698339,2,24
2023-03-01,17432.3,17436.5,17424.15,17430.85,11:15:00,17407.73696012783,2,25
2023-03-01,17427.1,17433.65,17426.4,17432.5,11:20:00,17409.581059163273,2,26
2023-03-01,17427.65,17432.45,17423.95,17426.65,11:25:00,17411.301910671533,2,27
2023-03-01,17438.4,17441.2,17419.25,17428.45,11:30:00,17413.882681083767,2,28
2023-03-01,17419.7,17440.3,17419.7,17438.05,11:35:00,17414.436711456743,2,29
2023-03-01,17429.25,17436.65,17417.5,17419.9,11:40:00,17415.847500841814,2,30
2023-03-01,17424.15,17429.45,17424.15,17429.45,11:45:00,17416.638215047355,2,31
2023-03-01,17424.95,17426.35,17421.7,17424.2,11:50:00,17417.429813614275,2,32
2023-03-01,17427.4,17428.7,17424.25,17424.65,11:55:00,17418.37935517482,2,33
2023-03-01,17430.5,17431.35,17423.15,17427.95,12:00:00,17419.53370230103,2,34
2023-03-01,17414.7,17430.5,17411.85,17430.45,12:05:00,17419.07334970093,2,35
2023-03-01,17407.8,17416.45,17406.7,17414.9,12:10:00,17417.99969734846,2,36
2023-03-01,17404.05,17414.3,17400.3,17407.55,12:15:00,17416.671154743846,2,37
2023-03-01,17413.1,17414.5,17393.6,17404.3,12:20:00,17416.33104476824,2,38
2023-03-01,17417.35,17419.55,17409.55,17413.65,12:25:00,17416.42808812365,2,39
2023-03-01,17415.0,17422.75,17414.75,17417.55,12:30:00,17416.29207973092,2,40
2023-03-01,17412.4,17416.1,17409.05,17415.6,12:35:00,17415.92140547083,2,41
2023-03-01,17417.3,17418.75,17401.75,17411.8,12:40:00,17416.052700187895,2,42
2023-03-01,17419.15,17421.3,17416.5,17417.35,12:45:00,17416.34768112238,2,43
2023-03-01,17427.3,17428.65,17418.4,17419.2,12:50:00,17417.390759110724,2,44
2023-03-01,17422.05,17429.75,17416.85,17427.4,12:55:00,17417.834496338273,2,45
2023-03-01,17415.05,17423.95,17414.15,17422.3,13:00:00,17417.56930621082,2,46
2023-03-01,17414.15,17418.0,17411.75,17414.7,13:05:00,17417.243658000265,2,47
2023-03-01,17414.75,17416.35,17410.8,17414.5,13:10:00,17417.006166762145,2,48
2023-03-01,17402.15,17420.6,17402.0,17415.2,13:15:00,17415.59129373718,2,49
2023-03-01,17410.45,17417.5,17401.8,17402.8,13:20:00,17415.101646714593,2,50
2023-03-01,17421.15,17421.45,17408.75,17410.1,13:25:00,17415.677680360823,2,51
2023-03-01,17410.75,17421.15,17408.6,17421.15,13:30:00,17415.208377469316,2,52
2023-03-01,17419.15,17421.0,17410.4,17410.45,13:35:00,17415.583770091285,2,53
2023-03-01,17420.55,17422.05,17413.25,17419.0,13:40:00,17416.056744368307,2,54
2023-03-01,17427.85,17430.6,17420.9,17420.9,13:45:00,17417.179911571326,2,55
2023-03-01,17428.6,17445.05,17428.2,17428.25,13:50:00,17418.267539040724,2,56
2023-03-01,17423.8,17430.65,17415.4,17429.15,13:55:00,17418.794440084464,2,57
2023-03-01,17438.05,17441.2,17423.0,17423.4,14:00:00,17420.62830293356,2,58
2023-03-01,17441.95,17441.95,17432.4,17438.3,14:05:00,17422.658940749414,2,59
2023-03-01,17442.9,17442.9,17436.55,17441.75,14:10:00,17424.58666067804,2,60
2023-03-01,17438.65,17443.35,17431.65,17442.4,14:15:00,17425.92602632775,2,61
2023-03-01,17435.65,17439.65,17428.25,17439.2,14:20:00,17426.85211905844,2,62
2023-03-01,17445.75,17448.2,17432.6,17435.15,14:25:00,17428.65191724335,2,63
2023-03-01,17450.6,17455.5,17446.15,17446.15,14:30:00,17430.74221083922,2,64
2023-03-01,17452.6,17456.75,17448.45,17451.75,14:35:00,17432.82390504501,2,65
2023-03-01,17465.55,17466.15,17452.55,17452.9,14:40:00,17435.940675993104,2,66
2023-03-01,17460.05,17467.5,17457.6,17465.5,14:45:00,17438.236802089,2,67
2023-03-01,17456.0,17461.3,17451.85,17460.0,14:50:00,17439.92853522338,2,68
2023-03-01,17451.1,17458.65,17450.1,17456.75,14:55:00,17440.992484249724,2,69
2023-03-01,17449.1,17461.55,17442.9,17451.2,15:00:00,17441.764628606892,2,70
2023-03-01,17450.9,17457.4,17448.1,17449.15,15:05:00,17442.634663977664,2,71
2023-03-01,17447.1,17451.7,17446.05,17451.6,15:10:00,17443.059934075027,2,72
2023-03-01,17450.3,17452.05,17447.05,17447.15,15:15:00,17443.74946416312,2,73
2023-03-01,17455.1,17456.1,17445.9,17449.65,15:20:00,17444.830467576154,2,74
2023-03-01,17457.25,17459.4,17451.65,17455.45,15:25:00,17446.013280187948,2,75
2023-03-02,17432.55,17444.55,17421.5,17421.5,09:15:00,17442.618807591494,3,1
2023-03-02,17407.45,17432.05,17403.15,17432.05,09:20:00,17439.269397344684,3,2
2023-03-02,17377.1,17406.7,17372.7,17406.05,09:25:00,17433.348502359477,3,3
2023-03-02,17372.7,17393.55,17364.15,17375.75,09:30:00,17427.572454515717,3,4
2023-03-02,17371.9,17385.8,17370.05,17372.85,09:35:00,17422.270315990412,3,5
2023-03-02,17388.15,17389.65,17372.25,17372.25,09:40:00,17419.020762086566,3,6
2023-03-02,17372.45,17393.45,17367.1,17388.75,09:45:00,17414.585451411655,3,7
2023-03-02,17365.0,17372.5,17357.55,17371.95,09:50:00,17409.863027467687,3,8
2023-03-02,17348.0,17370.15,17348.0,17365.35,09:55:00,17403.971310566,3,9
2023-03-02,17361.6,17374.2,17344.45,17346.7,10:00:00,17399.935947654954,3,10
2023-03-02,17360.1,17363.55,17345.25,17360.15,10:05:00,17396.142047878293,3,11
2023-03-02,17354.35,17366.1,17347.25,17360.7,10:10:00,17392.161852842266,3,12
2023-03-02,17352.5,17360.9,17345.7,17354.5,10:15:00,17388.384533523953,3,13
2023-03-02,17363.5,17367.85,17349.45,17353.25,10:20:00,17386.01457795024,3,14
2023-03-02,17370.75,17373.75,17361.1,17363.85,10:25:00,17384.560808621645,3,15
2023-03-02,17379.85,17385.3,17371.3,17371.4,10:30:00,17384.11216018149,3,16
2023-03-02,17386.55,17387.55,17376.0,17379.6,10:35:00,17384.3443354023,3,17
2023-03-02,17382.95,17387.4,17378.2,17385.7,10:40:00,17384.21154155446,3,18
2023-03-02,17374.5,17388.0,17368.8,17382.85,10:45:00,17383.28663283499,3,19
2023-03-02,17356.55,17374.25,17356.4,17373.9,10:50:00,17380.740286850705,3,20
2023-03-02,17365.9,17365.9,17356.15,17356.55,10:55:00,17379.326926198257,3,21
2023-03-02,17371.0,17379.25,17365.65,17365.65,11:00:00,17378.533885607947,3,22
2023-03-02,17365.1,17372.0,17358.85,17371.05,11:05:00,17377.254467931,3,23
2023-03-02,17376.1,17376.1,17358.0,17365.05,11:10:00,17377.14451860424,3,24
2023-03-02,17369.35,17380.95,17365.65,17376.05,11:15:00,17376.402183499074,3,25
2023-03-02,17364.45,17369.9,17363.0,17369.9,11:20:00,17375.26388030869,3,26
2023-03-02,17373.0,17374.0,17363.6,17365.2,11:25:00,17375.048272660242,3,27
2023-03-02,17371.75,17373.9,17369.45,17373.45,11:30:00,17374.734151454504,3,28
2023-03-02,17374.75,17379.45,17371.05,17372.4,11:35:00,17374.73566083979,3,29
2023-03-02,17376.05,17380.45,17373.95,17374.95,11:40:00,17374.860835997904,3,30
2023-03-02,17376.6,17379.35,17374.35,17375.5,11:45:00,17375.026470664772,3,31
2023-03-02,17376.8,17380.3,17373.95,17376.25,11:50:00,17375.19537822051,3,32
2023-03-02,17383.05,17384.1,17376.55,17376.7,11:55:00,17375.943437437603,3,33
2023-03-02,17389.8,17390.05,17381.25,17382.35,12:00:00,17377.263110062595,3,34
2023-03-02,17383.1,17401.8,17383.1,17389.7,12:05:00,17377.81900434235,3,35
2023-03-02,17386.8,17397.3,17383.15,17383.15,12:10:00,17378.674337262128,3,36
2023-03-02,17389.75,17391.8,17370.7,17387.35,12:15:00,17379.729162284784,3,37
2023-03-02,17379.55,17390.0,17374.6,17389.0,12:20:00,17379.712099210043,3,38
2023-03-02,17378.85,17382.7,17374.65,17378.75,12:25:00,17379.62999452337,3,39
2023-03-02,17384.55,17385.1,17377.05,17379.45,12:30:00,17380.098566473524,3,40
2023-03-02,17378.05,17386.75,17377.75,17384.5,12:35:00,17379.903464904615,3,41
2023-03-02,17377.8,17382.6,17377.3,17379.15,12:40:00,17379.7031349137,3,42
2023-03-02,17386.65,17387.2,17370.55,17377.6,12:45:00,17380.364741112397,3,43
2023-03-02,17377.25,17388.3,17377.25,17386.7,12:50:00,17380.068099101692,3,44
2023-03-02,17372.1,17380.75,17371.3,17377.8,12:55:00,17379.30923252058,3,45
2023-03-02,17356.7,17383.5,17355.85,17372.4,13:00:00,17377.155972280525,3,46
2023-03-02,17355.4,17368.8,17352.3,17357.3,13:05:00,17375.083974920475,3,47
2023-03-02,17350.6,17368.3,17350.6,17356.3,13:10:00,17372.75216778519,3,48
2023-03-02,17357.75,17360.4,17348.8,17350.75,13:15:00,17371.323389900885,3,49
2023-03-02,17360.25,17368.15,17356.4,17358.15,13:20:00,17370.268781338895,3,50
2023-03-02,17353.85,17362.35,17352.4,17361.6,13:25:00,17368.705087878046,3,51
2023-03-02,17331.15,17355.75,17330.75,17353.05,13:30:00,17365.12841284204,3,52
2023-03-02,17327.4,17332.85,17323.85,17331.3,13:35:00,17361.535230666606,3,53
2023-03-02,17316.05,17328.05,17316.05,17327.6,13:40:00,17357.203303936454,3,54
2023-03-02,17324.1,17326.75,17313.4,17316.0,13:45:00,17354.050608323458,3,55
2023-03-02,17321.45,17326.15,17317.55,17324.35,13:50:00,17350.945788483128,3,56
2023-03-02,17320.9,17325.85,17319.0,17321.05,13:55:00,17348.08428481807,3,57
2023-03-02,17313.25,17324.15,17306.5,17321.05,14:00:00,17344.766733883014,3,58
2023-03-02,17316.65,17319.9,17312.5,17313.25,14:05:00,17342.08894970368,3,59
2023-03-02,17334.3,17339.65,17316.65,17317.0,14:10:00,17341.347144969997,3,60
2023-03-02,17328.4,17335.45,17324.8,17334.45,14:15:00,17340.114083544282,3,61
2023-03-02,17337.2,17345.4,17327.7,17328.35,14:20:00,17339.83655177816,3,62
2023-03-02,17336.5,17338.0,17329.75,17337.6,14:25:00,17339.518784942145,3,63
2023-03-02,17340.3,17343.2,17329.3,17337.2,14:30:00,17339.593186376227,3,64
2023-03-02,17328.85,17340.5,17317.75,17340.25,14:35:00,17338.570025768968,3,65
2023-03-02,17323.85,17329.6,17322.05,17328.75,14:40:00,17337.168118552876,3,66
2023-03-02,17328.0,17332.25,17322.45,17323.65,14:45:00,17336.294964404984,3,67
2023-03-02,17327.05,17333.55,17314.35,17328.5,14:50:00,17335.414491604508,3,68
2023-03-02,17327.9,17329.1,17324.0,17326.8,14:55:00,17334.698825737414,3,69
2023-03-02,17327.95,17336.2,17319.65,17328.8,15:00:00,17334.05608042909,3,70
2023-03-02,17321.25,17332.3,17319.3,17327.7,15:05:00,17332.83645372156,3,71
2023-03-02,17329.4,17331.9,17320.25,17320.8,15:10:00,17332.509172414746,3,72
2023-03-02,17320.85,17330.65,17319.95,17329.95,15:15:00,17331.39877504191,3,73
2023-03-02,17318.2,17322.25,17316.45,17320.75,15:20:00,17330.141748847444,3,74
2023-03-02,17318.65,17321.05,17311.45,17318.55,15:25:00,17329.04729657626,3,75
2023-03-03,17456.9,17458.9,17430.5,17451.25,09:15:00,17351.753682684877,4,1
2023-03-03,17474.4,17474.85,17453.6,17457.05,09:20:00,17363.434284333936,4,2
2023-03-03,17466.75,17480.4,17463.95,17476.0,09:25:00,17373.273876302133,4,3
2023-03-03,17461.0,17487.0,17461.0,17467.3,09:30:00,17381.62874522574,4,4
2023-03-03,17473.15,17478.35,17453.3,17461.75,09:35:00,17390.345055204238,4,5
2023-03-03,17462.9,17476.15,17453.1,17473.65,09:40:00,17397.255049946692,4,6
2023-03-03,17473.35,17482.95,17462.4,17463.5,09:45:00,17404.502188047005,4,7
2023-03-03,17490.1,17490.1,17468.85,17473.25,09:50:00,17412.654360613957,4,8
2023-03-03,17485.95,17495.25,17484.85,17489.2,09:55:00,17419.634897698343,4,9
2023-03-03,17481.95,17492.35,17474.0,17485.75,10:00:00,17425.569669346118,4,10
2023-03-03,17493.85,17497.55,17480.55,17482.05,10:05:00,17432.07255797982,4,11
2023-03-03,17512.65,17514.3,17493.8,17494.35,10:10:00,17439.74660007698,4,12
2023-03-03,17523.3,17527.3,17508.55,17513.9,10:15:00,17447.704066736314,4,13
2023-03-03,17519.6,17525.55,17513.95,17523.4,10:20:00,17454.551298475715,4,14
2023-03-03,17521.2,17521.6,17513.05,17519.9,10:25:00,17460.89879385898,4,15
2023-03-03,17518.55,17527.5,17516.75,17520.5,10:30:00,17466.389384920032,4,16
2023-03-03,17523.7,17524.85,17516.75,17517.9,10:35:00,17471.847538737173,4,17
2023-03-03,17531.3,17533.8,17523.55,17523.55,10:40:00,17477.509677905062,4,18
2023-03-03,17546.85,17555.85,17530.5,17531.45,10:45:00,17484.11351810458,4,19
2023-03-03,17544.65,17550.4,17541.2,17546.6,10:50:00,17489.878897332714,4,20
2023-03-03,17542.1,17549.3,17540.65,17544.25,10:55:00,17494.85233568198,4,21
2023-03-03,17542.45,17548.2,17541.5,17542.6,11:00:00,17499.38544656941,4,22
2023-03-03,17553.2,17555.75,17536.5,17542.05,11:05:00,17504.510642134228,4,23
2023-03-03,17547.85,17554.2,17539.9,17553.5,11:10:00,17508.638200026206,4,24
2023-03-03,17550.05,17550.5,17534.9,17547.5,11:15:00,17512.58218097609,4,25
2023-03-03,17556.15,17563.35,17546.7,17547.45,11:20:00,17516.731497073604,4,26
2023-03-03,17561.75,17569.0,17552.8,17556.2,11:25:00,17521.018973542785,4,27
2023-03-03,17570.6,17574.15,17561.05,17562.15,11:30:00,17525.74097606252,4,28
2023-03-03,17577.15,17577.2,17567.4,17571.75,11:35:00,17530.637073580376,4,29
2023-03-03,17575.15,17578.45,17572.9,17577.15,11:40:00,17534.876399906054,4,30
2023-03-03,17574.45,17577.0,17565.95,17575.65,11:45:00,17538.645314200716,4,31
2023-03-03,17570.0,17575.85,17568.3,17574.15,11:50:00,17541.631474753027,4,32
2023-03-03,17566.6,17570.35,17563.3,17569.95,11:55:00,17544.009429538455,4,33
2023-03-03,17567.55,17568.6,17563.75,17566.3,12:00:00,17546.25138863003,4,34
2023-03-03,17576.25,17577.25,17567.65,17567.7,12:05:00,17549.108399236695,4,35
2023-03-03,17570.55,17578.05,17569.05,17576.05,12:10:00,17551.150456452247,4,36
2023-03-03,17573.45,17574.95,17569.0,17570.55,12:15:00,17553.274222504413,4,37
2023-03-03,17569.35,17575.25,17567.4,17573.1,12:20:00,17554.805248932564,4,38
2023-03-03,17560.65,17570.4,17559.55,17569.55,12:25:00,17555.361891891367,4,39
2023-03-03,17554.15,17563.95,17552.35,17559.95,12:30:00,17555.246473616,4,40
2023-03-03,17548.0,17557.95,17544.0,17553.1,12:35:00,17554.55633327162,4,41
2023-03-03,17540.2,17548.45,17535.9,17548.4,12:40:00,17553.189063436228,4,42
2023-03-03,17541.4,17550.1,17540.75,17540.9,12:45:00,17552.06629548992,4,43
2023-03-03,17546.1,17547.0,17539.9,17541.55,12:50:00,17551.498076871834,4,44
2023-03-03,17556.2,17557.85,17544.85,17546.35,12:55:00,17551.945879074516,4,45
2023-03-03,17560.6,17564.25,17556.5,17557.25,13:00:00,17552.770081067418,4,46
2023-03-03,17557.9,17565.65,17553.4,17560.3,13:05:00,17553.258644775284,4,47
2023-03-03,17561.65,17565.1,17555.05,17557.2,13:10:00,17554.057821463353,4,48
2023-03-03,17570.85,17571.7,17560.55,17561.05,13:15:00,17555.65707656208,4,49
2023-03-03,17576.7,17579.25,17565.35,17570.65,13:20:00,17557.66116450855,4,50
2023-03-03,17573.15,17578.0,17571.3,17577.55,13:25:00,17559.136291698214,4,51
2023-03-03,17589.3,17591.6,17572.7,17573.45,13:30:00,17562.009025822194,4,52
2023-03-03,17591.4,17597.3,17588.2,17589.2,13:35:00,17564.80816622008,4,53
2023-03-03,17603.2,17603.8,17591.2,17591.6,13:40:00,17568.464531341975,4,54
2023-03-03,17600.55,17606.45,17597.3,17602.7,13:45:00,17571.520290261786,4,55
2023-03-03,17602.55,17607.65,17596.7,17600.5,13:50:00,17574.475500713044,4,56
2023-03-03,17598.0,17606.8,17596.85,17602.6,13:55:00,17576.715929216563,4,57
2023-03-03,17611.4,17611.85,17596.95,17597.75,14:00:00,17580.019174053083,4,58
2023-03-03,17605.7,17613.0,17600.25,17611.35,14:05:00,17582.464967000407,4,59
2023-03-03,17609.75,17613.75,17605.1,17606.05,14:10:00,17585.063541571795,4,60
2023-03-03,17610.35,17617.9,17609.2,17609.7,14:15:00,17587.471775707814,4,61
2023-03-03,17616.45,17617.35,17609.4,17610.15,14:20:00,17590.231606592784,4,62
2023-03-03,17624.25,17628.35,17614.45,17616.35,14:25:00,17593.47145358395,4,63
2023-03-03,17623.2,17627.35,17619.3,17623.8,14:30:00,17596.30274371881,4,64
2023-03-03,17625.2,17626.3,17619.9,17622.1,14:35:00,17599.054863364636,4,65
2023-03-03,17623.6,17632.55,17621.65,17625.05,14:40:00,17601.392495425145,4,66
2023-03-03,17619.95,17624.0,17615.1,17622.85,14:45:00,17603.159876813228,4,67
2023-03-03,17638.45,17639.9,17618.65,17619.15,14:50:00,17606.520840926252,4,68
2023-03-03,17627.4,17644.7,17621.75,17638.45,14:55:00,17608.50933226661,4,69
2023-03-03,17600.25,17627.05,17600.25,17626.7,15:00:00,17607.7227291936,4,70
2023-03-03,17595.15,17601.25,17591.3,17600.25,15:05:00,17606.525326413255,4,71
2023-03-03,17591.9,17595.0,17587.2,17593.25,15:10:00,17605.13243818342,4,72
2023-03-03,17592.3,17598.35,17588.35,17592.45,15:15:00,17603.91030121357,4,73
2023-03-03,17588.3,17592.15,17586.05,17591.85,15:20:00,17602.423605859898,4,74
2023-03-03,17592.3,17592.3,17585.0,17587.5,15:25:00,17601.45945292086,4,75
2023-03-06,17728.05,17731.9,17680.35,17680.35,09:15:00,17620.31352041821,0,1
2023-03-06,17741.9,17755.25,17728.0,17728.0,09:20:00,17631.893185140285,0,2
2023-03-06,17749.8,17757.35,17731.0,17741.55,09:25:00,17643.122405603113,0,3
2023-03-06,17749.05,17765.45,17748.4,17750.75,09:30:00,17653.210747926627,0,4
2023-03-06,17763.3,17763.3,17737.6,17747.3,09:35:00,17663.69543860028,0,5
2023-03-06,17763.5,17765.15,17757.75,17763.85,09:40:00,17673.200634924062,0,6
2023-03-06,17761.5,17772.75,17753.6,17763.05,09:45:00,17681.610098264628,0,7
2023-03-06,17771.5,17777.5,17760.55,17762.35,09:50:00,17690.171041287045,0,8
2023-03-06,17767.35,17777.4,17755.45,17771.2,09:55:00,17697.521418307326,0,9
2023-03-06,17759.35,17773.55,17757.95,17767.05,10:00:00,17703.409854659007,0,10
2023-03-06,17772.4,17779.15,17754.65,17758.5,10:05:00,17709.98034469148,0,11
2023-03-06,17775.15,17778.3,17770.65,17772.85,10:10:00,17716.186978530386,0,12
2023-03-06,17785.65,17787.6,17774.25,17775.2,10:15:00,17722.802504384636,0,13
2023-03-06,17782.4,17787.9,17779.2,17785.95,10:20:00,17728.478456348003,0,14
2023-03-06,17776.45,17793.9,17775.15,17783.15,10:25:00,17733.04717479105,0,15
2023-03-06,17782.95,17786.05,17775.4,17775.9,10:30:00,17737.799824810947,0,16
2023-03-06,17784.3,17785.35,17775.65,17783.3,10:35:00,17742.22841292419,0,17
2023-03-06,17783.95,17789.1,17781.95,17783.9,10:40:00,17746.201897407598,0,18
2023-03-06,17794.7,17798.35,17783.25,17783.4,10:45:00,17750.82076432116,0,19
2023-03-06,17785.9,17796.25,17785.1,17795.9,10:50:00,17754.16164390962,0,20
2023-03-06,17776.0,17790.15,17773.0,17785.55,10:55:00,17756.2414873468,0,21
2023-03-06,17784.75,17789.6,17776.1,17776.1,11:00:00,17758.956583789964,0,22
2023-03-06,17770.85,17784.3,17763.4,17784.3,11:05:00,17760.089290095682,0,23
2023-03-06,17779.35,17779.8,17758.25,17770.5,11:10:00,17761.923643419905,0,24
2023-03-06,17766.3,17779.75,17763.5,17779.75,11:15:00,17762.340439284675,0,25
2023-03-06,17751.8,17765.05,17750.9,17765.05,11:20:00,17761.33658792423,0,26
2023-03-06,17762.7,17762.75,17750.05,17751.45,11:25:00,17761.46643669335,0,27
2023-03-06,17771.9,17774.4,17761.5,17762.4,11:30:00,17762.460109389223,0,28
2023-03-06,17775.4,17780.8,17770.0,17771.75,11:35:00,17763.692479923582,0,29
2023-03-06,17774.4,17778.6,17772.05,17775.15,11:40:00,17764.712243740385,0,30
2023-03-06,17764.55,17774.25,17762.9,17774.2,11:45:00,17764.696791955586,0,31
2023-03-06,17772.3,17780.05,17764.2,17764.2,11:50:00,17765.420907007436,0,32
2023-03-06,17784.85,17785.2,17768.5,17772.4,11:55:00,17767.271296816252,0,33
2023-03-06,17774.4,17786.85,17772.45,17785.05,12:00:00,17767.95022092899,0,34
2023-03-06,17772.45,17783.1,17771.1,17774.65,12:05:00,17768.378771316704,0,35
2023-03-06,17779.6,17781.4,17765.45,17772.35,12:10:00,17769.447459762734,0,36
2023-03-06,17775.55,17785.95,17764.7,17779.7,12:15:00,17770.028654071044,0,37
2023-03-06,17777.6,17778.4,17766.4,17774.8,12:20:00,17770.749734635705,0,38
2023-03-06,17759.5,17782.4,17751.95,17777.7,12:25:00,17769.67833133707,0,39
2023-03-06,17761.95,17772.35,17757.9,17758.5,12:30:00,17768.942299781156,0,40
2023-03-06,17760.3,17766.45,17753.7,17762.35,12:35:00,17768.11922361152,0,41
2023-03-06,17762.15,17765.3,17754.5,17760.2,12:40:00,17767.55072612471,0,42
2023-03-06,17762.85,17765.5,17760.85,17762.4,12:45:00,17767.10303792236,0,43
2023-03-06,17754.1,17763.75,17754.1,17763.1,12:50:00,17765.864653358323,0,44
2023-03-06,17759.65,17759.65,17739.4,17754.2,12:55:00,17765.27278160991,0,45
2023-03-06,17762.3,17765.9,17748.2,17761.0,13:00:00,17764.989659551826,0,46
2023-03-06,17773.6,17774.7,17757.35,17762.2,13:05:00,17765.80969197546,0,47
2023-03-06,17770.5,17776.25,17762.65,17774.0,13:10:00,17766.2563879778,0,48
2023-03-06,17766.4,17770.1,17756.7,17770.1,13:15:00,17766.27006531325,0,49
2023-03-06,17767.9,17773.8,17762.6,17765.95,13:20:00,17766.425297188176,0,50
2023-03-06,17754.25,17768.0,17754.25,17768.0,13:25:00,17765.265745075016,0,51
2023-03-06,17729.05,17753.7,17729.05,17753.7,13:30:00,17761.816626496442,0,52
2023-03-06,17742.35,17743.65,17725.5,17729.05,13:35:00,17759.96266206821,0,53
2023-03-06,17734.5,17747.1,17733.95,17741.25,13:40:00,17757.537646633144,0,54
2023-03-06,17734.35,17736.55,17730.0,17734.1,13:45:00,17755.32929933475,0,55
2023-03-06,17725.1,17734.15,17722.3,17734.15,13:50:00,17752.450318445724,0,56
2023-03-06,17733.4,17740.85,17723.85,17725.35,13:55:00,17750.636002403277,0,57
2023-03-06,17739.85,17742.05,17731.35,17733.3,14:00:00,17749.608764079156,0,58
2023-03-06,17739.45,17740.2,17730.35,17739.35,14:05:00,17748.64126273828,0,59
2023-03-06,17723.25,17739.55,17717.45,17739.55,14:10:00,17746.223047239397,0,60
2023-03-06,17731.85,17733.9,17719.95,17722.6,14:15:00,17744.85418559755,0,61
2023-03-06,17740.15,17747.1,17729.35,17732.05,14:20:00,17744.406167921592,0,62
2023-03-06,17737.95,17744.7,17735.3,17739.75,14:25:00,17743.791294786202,0,63
2023-03-06,17731.6,17742.95,17728.25,17738.05,14:30:00,17742.630219092276,0,64
2023-03-06,17725.15,17734.2,17723.7,17731.9,14:35:00,17740.96543632158,0,65
2023-03-06,17722.05,17732.45,17722.05,17725.1,14:40:00,17739.163966195716,0,66
2023-03-06,17728.8,17731.25,17714.8,17722.05,14:45:00,17738.176921796123,0,67
2023-03-06,17712.2,17729.2,17711.5,17729.2,14:50:00,17735.70292924411,0,68
2023-03-06,17717.9,17718.8,17705.55,17712.35,14:55:00,17734.007412173243,0,69
2023-03-06,17708.9,17723.8,17704.0,17718.9,15:00:00,17731.616230061507,0,70
2023-03-06,17710.5,17714.65,17704.05,17708.05,15:05:00,17729.60516053184,0,71
2023-03-06,17709.35,17713.4,17705.7,17710.6,15:10:00,17727.676097624044,0,72
2023-03-06,17714.0,17717.2,17703.45,17709.3,15:15:00,17726.37361213604,0,73
2023-03-06,17713.5,17716.45,17707.15,17713.95,15:20:00,17725.14755383737,0,74
2023-03-06,17719.85,17727.25,17713.15,17713.5,15:25:00,17724.643024900477,0,75
2023-03-08,17623.15,17665.75,17614.85,17665.75,09:15:00,17709.902340111275,2,1
2023-03-08,17626.25,17640.4,17603.55,17624.0,09:20:00,17701.935450576868,2,2
2023-03-08,17633.35,17633.65,17617.0,17625.95,09:25:00,17695.40350290288,2,3
2023-03-08,17681.0,17683.7,17612.85,17633.05,09:30:00,17694.031740721653,2,4
2023-03-08,17678.4,17692.15,17664.0,17677.55,09:35:00,17692.54300351007,2,5
2023-03-08,17666.45,17685.1,17658.8,17678.85,09:40:00,17690.05795555673,2,6
2023-03-08,17654.0,17673.8,17652.55,17666.15,09:45:00,17686.62386455133,2,7
2023-03-08,17670.05,17683.25,17652.8,17655.0,09:50:00,17685.045401260726,2,8
2023-03-08,17687.75,17688.9,17668.05,17670.15,09:55:00,17685.30298209304,2,9
2023-03-08,17693.4,17698.65,17676.6,17688.5,10:00:00,17686.074126655607,2,10
2023-03-08,17691.2,17710.4,17689.55,17693.8,10:05:00,17686.56230506936,2,11
2023-03-08,17697.2,17706.35,17680.85,17692.45,10:10:00,17687.57541887228,2,12
2023-03-08,17690.5,17698.2,17684.9,17697.6,10:15:00,17687.85395040825,2,13
2023-03-08,17696.95,17711.15,17690.5,17690.5,10:20:00,17688.72024084556,2,14
2023-03-08,17693.0,17709.15,17693.0,17698.0,10:25:00,17689.127836955508,2,15
2023-03-08,17703.45,17711.7,17690.45,17691.85,10:30:00,17690.491852483556,2,16
2023-03-08,17698.25,17706.85,17697.85,17703.45,10:35:00,17691.2307236756,2,17
2023-03-08,17693.7,17700.05,17692.0,17698.7,10:40:00,17691.46589284935,2,18
2023-03-08,17700.7,17705.15,17690.3,17693.85,10:45:00,17692.345331625605,2,19
2023-03-08,17697.9,17704.05,17686.95,17699.85,10:50:00,17692.87434766126,2,20
2023-03-08,17694.55,17705.15,17694.55,17697.4,10:55:00,17693.033933598283,2,21
2023-03-08,17691.95,17699.75,17686.4,17694.5,11:00:00,17692.93070182702,2,22
2023-03-08,17690.75,17697.9,17682.95,17690.65,11:05:00,17692.723015938733,2,23
2023-03-08,17682.2,17691.45,17681.55,17691.45,11:10:00,17691.720823944568,2,24
2023-03-08,17674.95,17688.75,17674.1,17682.8,11:15:00,17690.123602616513,2,25
2023-03-08,17676.25,17678.95,17673.05,17675.55,11:20:00,17688.802307129226,2,26
2023-03-08,17684.05,17684.3,17675.45,17676.45,11:25:00,17688.34970645025,2,27
2023-03-08,17689.65,17689.65,17673.1,17684.2,11:30:00,17688.47354393118,2,28
2023-03-08,17672.7,17694.6,17663.9,17690.4,11:35:00,17686.97130165202,2,29
2023-03-08,17666.95,17673.15,17666.2,17672.8,11:40:00,17685.064511018496,2,30
2023-03-08,17671.2,17671.7,17660.2,17666.6,11:45:00,17683.744081397686,2,31
2023-03-08,17655.8,17672.05,17653.95,17671.55,11:50:00,17681.082740312195,2,32
2023-03-08,17652.55,17656.0,17648.2,17655.85,11:55:00,17678.36533647294,2,33
2023-03-08,17652.35,17653.85,17647.9,17652.7,12:00:00,17675.88768538028,2,34
2023-03-08,17657.1,17660.0,17651.7,17654.05,12:05:00,17674.09838201073,2,35
2023-03-08,17650.75,17662.5,17650.25,17657.4,12:10:00,17671.874726581136,2,36
2023-03-08,17656.8,17663.85,17645.9,17650.7,12:15:00,17670.439038335313,2,37
2023-03-08,17654.0,17658.5,17652.55,17657.0,12:20:00,17668.87341563671,2,38
2023-03-08,17654.8,17658.05,17647.95,17654.0,12:25:00,17667.533090337976,2,39
2023-03-08,17664.25,17670.8,17655.55,17655.55,12:30:00,17667.22041506769,2,40
2023-03-08,17669.5,17673.8,17657.4,17664.45,12:35:00,17667.437518394578,2,41
2023-03-08,17661.6,17669.7,17661.15,17669.55,12:40:00,17666.88156426176,2,42
2023-03-08,17666.15,17675.4,17658.45,17661.3,12:45:00,17666.811891474925,2,43
2023-03-08,17675.7,17680.1,17666.05,17666.35,12:50:00,17667.658378001124,2,44
2023-03-08,17676.65,17678.95,17671.9,17675.5,12:55:00,17668.514722953398,2,45
2023-03-08,17680.3,17680.9,17672.45,17676.0,13:00:00,17669.63713029117,2,46
2023-03-08,17678.6,17682.2,17665.8,17680.9,13:05:00,17670.490736930104,2,47
2023-03-08,17670.95,17684.75,17669.8,17677.5,13:10:00,17670.534476270095,2,48
2023-03-08,17676.25,17676.95,17671.0,17671.0,13:15:00,17671.07881186342,2,49
2023-03-08,17685.6,17687.3,17676.1,17676.3,13:20:00,17672.46178216214,2,50
2023-03-08,17677.85,17688.85,17677.55,17685.45,13:25:00,17672.974945765745,2,51
2023-03-08,17681.75,17685.35,17677.8,17677.8,13:30:00,17673.810665216628,2,52
2023-03-08,17679.1,17681.95,17676.3,17681.45,13:35:00,17674.314411386473,2,53
2023-03-08,17681.95,17683.6,17678.0,17679.0,13:40:00,17675.041610302047,2,54
2023-03-08,17684.1,17689.2,17681.2,17681.9,13:45:00,17675.904314082803,2,55
2023-03-08,17689.9,17693.45,17680.85,17683.95,13:50:00,17677.237236551107,2,56
2023-03-08,17698.85,17699.6,17688.35,17689.45,13:55:00,17679.29559497481,2,57
2023-03-08,17713.45,17714.6,17698.15,17698.15,14:00:00,17682.5483954534,2,58
2023-03-08,17707.65,17717.3,17702.2,17713.3,14:05:00,17684.93902445784,2,59
2023-03-08,17708.65,17714.2,17697.35,17707.7,14:10:00,17687.19721260471,2,60
2023-03-08,17715.6,17716.6,17702.8,17708.3,14:15:00,17689.90223997569,2,61
2023-03-08,17709.4,17716.5,17707.35,17715.65,14:20:00,17691.759169501816,2,62
2023-03-08,17714.25,17717.2,17707.45,17709.25,14:25:00,17693.901153358787,2,63
2023-03-08,17704.95,17718.95,17697.65,17713.85,14:30:00,17694.953424467476,2,64
2023-03-08,17698.35,17711.0,17693.7,17706.25,14:35:00,17695.276907851527,2,65
2023-03-08,17700.55,17711.7,17697.9,17698.75,14:40:00,17695.779107103765,2,66
2023-03-08,17702.15,17702.15,17693.75,17700.1,14:45:00,17696.385858808168,2,67
2023-03-08,17702.65,17704.2,17697.35,17702.2,14:50:00,17696.98244368358,2,68
2023-03-08,17707.05,17710.15,17700.65,17702.9,14:55:00,17697.941258570856,2,69
2023-03-08,17743.75,17745.25,17708.35,17708.35,15:00:00,17702.303995849823,2,70
2023-03-08,17761.4,17761.6,17738.55,17743.35,15:05:00,17707.932186721267,2,71
2023-03-08,17756.6,17764.05,17753.65,17761.0,15:10:00,17712.567216557338,2,72
2023-03-08,17757.2,17757.4,17751.2,17756.15,15:15:00,17716.817957837593,2,73
2023-03-08,17765.15,17766.4,17756.15,17756.8,15:20:00,17721.42100947211,2,74
2023-03-08,17751.5,17765.0,17747.25,17763.8,15:25:00,17724.285675236668,2,75
2023-03-09,17767.85,17772.05,17742.8,17772.05,09:15:00,17732.550405352464,3,1
2023-03-09,17729.8,17770.1,17727.25,17768.05,09:20:00,17732.28846198556,3,2
2023-03-09,17733.75,17736.45,17722.2,17729.9,09:25:00,17732.427656082175,3,3
2023-03-09,17720.8,17734.3,17717.45,17733.85,09:30:00,17731.320260264823,3,4
2023-03-09,17724.1,17728.15,17718.9,17722.1,09:35:00,17730.632616430077,3,5
2023-03-09,17723.55,17724.3,17711.35,17724.0,09:40:00,17729.958081531975,3,6
2023-03-09,17721.35,17735.3,17715.9,17723.8,09:45:00,17729.138264243215,3,7
2023-03-09,17707.75,17721.4,17704.55,17721.4,09:50:00,17727.10128669624,3,8
2023-03-09,17694.0,17711.85,17693.1,17708.1,09:55:00,17723.948783201362,3,9
2023-03-09,17686.2,17694.15,17678.6,17693.75,10:00:00,17720.35366099171,3,10
2023-03-09,17692.65,17695.85,17682.65,17686.35,10:05:00,17717.715217087738,3,11
2023-03-09,17675.3,17693.15,17670.65,17693.15,10:10:00,17713.675672603193,3,12
2023-03-09,17679.75,17682.0,17668.95,17674.55,10:15:00,17710.444656164793,3,13
2023-03-09,17682.6,17689.0,17674.65,17680.15,10:20:00,17707.7927841491,3,14
2023-03-09,17703.1,17704.3,17681.1,17682.85,10:25:00,17707.345852325376,3,15
2023-03-09,17698.25,17704.7,17687.6,17703.55,10:30:00,17706.47958067534,3,16
2023-03-09,17687.7,17703.25,17686.1,17698.1,10:35:00,17704.69104918245,3,17
2023-03-09,17679.4,17694.4,17677.85,17687.75,10:40:00,17702.28237783174,3,18
2023-03-09,17692.85,17695.85,17679.9,17679.9,10:45:00,17701.38405613348,3,19
2023-03-09,17694.35,17694.9,17684.8,17692.8,10:50:00,17700.71414602553,3,20
2023-03-09,17694.4,17695.0,17689.25,17693.8,10:55:00,17700.112798785005,3,21
2023-03-09,17695.95,17697.25,17692.65,17694.0,11:00:00,17699.716341757863,3,22
2023-03-09,17700.25,17701.0,17696.05,17696.05,11:05:00,17699.76716635235,3,23
2023-03-09,17703.55,17703.9,17698.55,17700.0,11:10:00,17700.127436223556,3,24
2023-03-09,17703.55,17712.45,17692.3,17703.45,11:15:00,17700.453394678458,3,25
2023-03-09,17714.7,17715.4,17703.35,17704.25,11:20:00,17701.81021423289,3,26
2023-03-09,17715.3,17719.05,17707.85,17714.3,11:25:00,17703.09495573452,3,27
2023-03-09,17717.7,17723.4,17714.95,17715.0,11:30:00,17704.48591233123,3,28
2023-03-09,17715.45,17718.65,17709.6,17717.7,11:35:00,17705.53011115683,3,29
2023-03-09,17714.55,17723.2,17708.75,17714.95,11:40:00,17706.38914818951,3,30
2023-03-09,17708.6,17716.9,17704.05,17715.3,11:45:00,17706.599705504796,3,31
2023-03-09,17694.55,17711.9,17694.25,17708.25,11:50:00,17705.45211450434,3,32
2023-03-09,17696.4,17700.9,17693.9,17695.25,11:55:00,17704.59000836107,3,33
2023-03-09,17677.8,17698.7,17677.8,17695.85,12:00:00,17702.038578993346,3,34
2023-03-09,17683.35,17683.8,17674.7,17677.9,12:05:00,17700.258714327312,3,35
2023-03-09,17680.65,17685.75,17679.9,17683.05,12:10:00,17698.39121772471,3,36
2023-03-09,17669.7,17680.95,17669.35,17680.3,12:15:00,17695.658720798547,3,37
2023-03-09,17673.75,17676.3,17663.5,17670.75,12:20:00,17693.57217596059,3,38
2023-03-09,17664.85,17675.55,17662.65,17673.95,12:25:00,17690.83673063101,3,39
2023-03-09,17653.15,17667.6,17651.75,17665.25,12:30:00,17687.24751818996,3,40
2023-03-09,17660.35,17664.2,17651.2,17652.9,12:35:00,17684.685849790916,3,41
2023-03-09,17660.65,17670.65,17656.7,17660.7,12:40:00,17682.396721239398,3,42
2023-03-09,17645.9,17661.9,17644.65,17660.9,12:45:00,17678.92084302612,3,43
2023-03-09,17653.85,17656.25,17644.4,17645.35,12:50:00,17676.5331436903,3,44
2023-03-09,17671.7,17672.4,17652.05,17653.25,12:55:00,17676.072844291226,3,45
2023-03-09,17667.45,17677.05,17666.65,17671.4,13:00:00,17675.251621025393,3,46
2023-03-09,17662.25,17671.15,17659.55,17667.05,13:05:00,17674.013371403926,3,47
2023-03-09,17658.2,17663.45,17658.15,17662.35,13:10:00,17672.507336032122,3,48
2023-03-09,17658.0,17664.5,17653.6,17658.5,13:15:00,17671.12568498144,3,49
2023-03-09,17655.65,17670.95,17652.75,17658.1,13:20:00,17669.651810221305,3,50
2023-03-09,17666.75,17666.9,17654.05,17656.2,13:25:00,17669.375447343085,3,51
2023-03-09,17649.65,17666.7,17649.25,17666.7,13:30:00,17667.49683331041,3,52
2023-03-09,17635.7,17652.55,17634.55,17650.25,13:35:00,17664.468563471324,3,53
2023-03-09,17626.35,17640.25,17620.7,17635.95,13:40:00,17660.838224093102,3,54
2023-03-09,17625.55,17632.65,17620.05,17626.25,13:45:00,17657.477440846138,3,55
2023-03-09,17625.15,17626.45,17615.8,17626.05,13:50:00,17654.39863695603,3,56
2023-03-09,17617.8,17631.15,17615.8,17625.8,13:55:00,17650.91305248403,3,57
2023-03-09,17629.2,17630.2,17613.0,17617.3,14:00:00,17648.845142723647,3,58
2023-03-09,17624.65,17634.3,17620.65,17629.15,14:05:00,17646.540843416635,3,59
2023-03-09,17627.65,17631.7,17625.45,17625.45,14:10:00,17644.74171547219,3,60
2023-03-09,17622.45,17629.6,17619.6,17627.75,14:15:00,17642.61869495103,3,61
2023-03-09,17623.65,17628.7,17620.35,17622.5,14:20:00,17640.81215257474,3,62
2023-03-09,17621.2,17630.6,17618.65,17624.05,14:25:00,17638.944328520003,3,63
2023-03-09,17607.8,17622.35,17607.8,17622.0,14:30:00,17635.97820199429,3,64
2023-03-09,17620.55,17624.85,17607.8,17607.85,14:35:00,17634.508849423408,3,65
2023-03-09,17618.4,17623.55,17616.95,17621.1,14:40:00,17632.974673287845,3,66
2023-03-09,17609.65,17620.7,17609.65,17618.15,14:45:00,17630.75327583186,3,67
2023-03-09,17607.25,17614.65,17597.55,17609.6,14:50:00,17628.51486860978,3,68
2023-03-09,17609.65,17609.85,17602.15,17607.7,14:55:00,17626.718214456465,3,69
2023-03-09,17607.25,17610.9,17592.55,17609.8,15:00:00,17624.864098793943,3,70
2023-03-09,17601.9,17611.6,17597.1,17607.9,15:05:00,17622.67704176595,3,71
2023-03-09,17586.4,17604.7,17586.4,17602.15,15:10:00,17619.222085407288,3,72
2023-03-09,17579.75,17587.25,17579.1,17587.25,15:15:00,17615.46283917802,3,73
2023-03-09,17585.25,17586.2,17574.7,17579.35,15:20:00,17612.58542592297,3,74
2023-03-09,17582.8,17587.45,17580.15,17585.55,15:25:00,17609.74871869221,3,75
2023-03-10,17396.6,17443.8,17382.8,17443.8,09:15:00,17575.149404643736,4,1
2023-03-10,17396.55,17400.85,17381.55,17397.65,09:20:00,17558.13993753481,4,2
2023-03-10,17394.4,17407.85,17380.65,17397.95,09:25:00,17542.545657769588,4,3
2023-03-10,17374.85,17395.65,17362.5,17395.65,09:30:00,17526.57464274391,4,4
2023-03-10,17347.2,17376.35,17345.7,17374.15,09:35:00,17509.491343434966,4,5
2023-03-10,17332.4,17355.0,17325.75,17347.55,09:40:00,17492.625501203063,4,6
2023-03-10,17351.75,17362.6,17330.6,17334.15,09:45:00,17479.20878680277,4,7
2023-03-10,17358.75,17366.2,17351.2,17352.2,09:50:00,17467.73652139298,4,8
2023-03-10,17378.95,17379.7,17358.7,17358.7,09:55:00,17459.2806622127,4,9
2023-03-10,17379.95,17385.45,17371.5,17379.1,10:00:00,17451.725361049583,4,10
2023-03-10,17393.35,17394.55,17375.4,17379.85,10:05:00,17446.165802854382,4,11
2023-03-10,17392.65,17400.15,17384.4,17394.4,10:10:00,17441.069059725392,4,12
2023-03-10,17411.2,17412.6,17381.9,17393.1,10:15:00,17438.224387370592,4,13
2023-03-10,17406.9,17427.4,17406.8,17411.7,10:20:00,17435.241112382915,4,14
2023-03-10,17407.2,17417.45,17400.6,17407.05,10:25:00,17432.57053025121,4,15
2023-03-10,17407.2,17408.4,17389.85,17406.8,10:30:00,17430.154289274906,4,16
2023-03-10,17414.05,17415.1,17405.5,17406.9,10:35:00,17428.6205474392,4,17
2023-03-10,17406.85,17417.3,17406.4,17414.05,10:40:00,17426.5471619688,4,18
2023-03-10,17413.0,17419.45,17405.15,17406.8,10:45:00,17425.25695606701,4,19
2023-03-10,17408.15,17422.1,17407.7,17412.5,10:50:00,17423.627722155867,4,20
2023-03-10,17411.6,17415.85,17407.0,17407.9,10:55:00,17422.48222480769,4,21
2023-03-10,17402.25,17412.35,17396.35,17411.25,11:00:00,17420.555346254576,4,22
2023-03-10,17426.2,17426.45,17394.5,17402.45,11:05:00,17421.09293232557,4,23
2023-03-10,17418.2,17428.2,17407.4,17426.45,11:10:00,17420.81741496123,4,24
2023-03-10,17418.4,17426.5,17416.95,17419.2,11:15:00,17420.587184964923,4,25
2023-03-10,17432.25,17435.05,17415.95,17418.35,11:20:00,17421.697929253976,4,26
2023-03-10,17422.8,17431.8,17419.1,17431.65,11:25:00,17421.802888372644,4,27
2023-03-10,17418.45,17431.4,17411.55,17423.45,11:30:00,17421.48356567049,4,28
2023-03-10,17408.75,17425.4,17403.8,17419.05,11:35:00,17420.270845130442,4,29
2023-03-10,17408.5,17414.65,17407.65,17408.8,11:40:00,17419.149812260875,4,30
2023-03-10,17413.6,17415.75,17404.75,17408.15,11:45:00,17418.62125871222,4,31
2023-03-10,17411.3,17418.1,17410.95,17413.5,11:50:00,17417.923995977722,4,32
2023-03-10,17410.5,17416.65,17410.05,17411.8,11:55:00,17417.21694874175,4,33
2023-03-10,17401.7,17412.55,17397.2,17410.6,12:00:00,17415.739144099676,4,34
2023-03-10,17400.65,17404.35,17396.35,17401.35,12:05:00,17414.30208275685,4,35
2023-03-10,17395.5,17416.8,17395.3,17401.25,12:10:00,17412.51140820858,4,36
2023-03-10,17380.3,17400.0,17379.5,17394.95,12:15:00,17409.443655045856,4,37
2023-03-10,17379.9,17382.25,17376.7,17380.95,12:20:00,17406.629973612915,4,38
2023-03-10,17383.1,17390.2,17379.3,17379.85,12:25:00,17404.389023745018,4,39
2023-03-10,17385.5,17389.7,17380.05,17383.6,12:30:00,17402.590069102633,4,40
2023-03-10,17386.45,17387.3,17379.7,17384.65,12:35:00,17401.052919664286,4,41
2023-03-10,17403.85,17413.65,17382.9,17385.6,12:40:00,17401.319308267688,4,42
2023-03-10,17403.45,17411.75,17401.9,17404.05,12:45:00,17401.52223128981,4,43
2023-03-10,17404.6,17407.7,17400.2,17403.2,12:50:00,17401.815352119353,4,44
2023-03-10,17407.6,17408.45,17402.25,17405.15,12:55:00,17402.36627096513,4,45
2023-03-10,17422.15,17422.15,17409.05,17410.75,13:00:00,17404.250435635116,4,46
2023-03-10,17418.95,17425.25,17415.4,17421.5,13:05:00,17405.650394146058,4,47
2023-03-10,17417.85,17429.15,17417.85,17418.7,13:10:00,17406.812261370244,4,48
2023-03-10,17405.75,17418.9,17405.3,17418.1,13:15:00,17406.711093620695,4,49
2023-03-10,17401.8,17411.55,17399.2,17406.05,13:20:00,17406.243370418724,4,50
2023-03-10,17400.8,17405.7,17398.85,17402.1,13:25:00,17405.72495418837,4,51
2023-03-10,17389.65,17402.1,17387.0,17401.2,13:30:00,17404.19400617043,4,52
2023-03-10,17392.1,17399.35,17381.75,17389.7,13:35:00,17403.04219605896,4,53
2023-03-10,17385.15,17395.7,17382.8,17392.7,13:40:00,17401.33817738668,4,54
2023-03-10,17376.8,17385.05,17373.45,17385.05,13:45:00,17399.001208111757,4,55
2023-03-10,17389.65,17397.95,17376.55,17377.05,13:50:00,17398.110616863018,4,56
2023-03-10,17392.35,17403.05,17387.45,17391.85,13:55:00,17397.56198668559,4,57
2023-03-10,17383.0,17396.45,17376.0,17391.65,14:00:00,17396.17513081077,4,58
2023-03-10,17403.1,17403.1,17381.35,17383.4,14:05:00,17396.834642162125,4,59
2023-03-10,17394.35,17404.35,17393.45,17401.25,14:10:00,17396.598009575257,4,60
2023-03-10,17393.45,17399.95,17390.8,17394.35,14:15:00,17396.298199139517,4,61
2023-03-10,17386.1,17394.6,17385.65,17393.55,14:20:00,17395.32694207861,4,62
2023-03-10,17379.0,17389.7,17377.1,17386.95,14:25:00,17393.77199521398,4,63
2023-03-10,17386.45,17391.7,17376.95,17379.0,14:30:00,17393.074662336458,4,64
2023-03-10,17385.35,17386.95,17376.85,17385.8,14:35:00,17392.338980209173,4,65
2023-03-10,17383.25,17389.5,17377.5,17384.25,14:40:00,17391.473363046396,4,66
2023-03-10,17377.85,17383.7,17375.0,17383.7,14:45:00,17390.17589989912,4,67
2023-03-10,17371.95,17387.55,17367.15,17378.05,14:50:00,17388.440099908727,4,68
2023-03-10,17378.6,17380.35,17369.1,17371.9,14:55:00,17387.502947536468,4,69
2023-03-10,17414.3,17414.3,17380.3,17380.3,15:00:00,17390.05504777109,4,70
2023-03-10,17415.6,17416.8,17408.05,17414.55,15:05:00,17392.48790036432,4,71
2023-03-10,17409.9,17418.65,17406.45,17416.15,15:10:00,17394.146195567715,4,72
2023-03-10,17417.55,17418.95,17408.8,17410.15,15:15:00,17396.375129323173,4,73
2023-03-10,17422.55,17425.95,17414.05,17417.65,15:20:00,17398.867974149536,4,74
2023-03-10,17418.6,17423.1,17413.8,17422.7,15:25:00,17400.747214706724,4,75
2023-03-13,17503.9,17503.9,17388.5,17421.9,09:15:00,17412.393978478747,0,1
2023-03-13,17520.7,17525.4,17503.35,17505.2,09:20:00,17422.70883767125,0,2
2023-03-13,17500.55,17522.3,17491.35,17521.2,09:25:00,17430.12228170256,0,3
2023-03-13,17485.0,17529.05,17485.0,17500.25,09:30:00,17435.34873106422,0,4
2023-03-13,17469.5,17484.25,17451.75,17484.25,09:35:00,17438.60123286763,0,5
2023-03-13,17453.55,17473.55,17437.9,17470.8,09:40:00,17440.024924975474,0,6
2023-03-13,17449.75,17462.5,17432.15,17454.4,09:45:00,17440.95112259686,0,7
2023-03-13,17450.55,17455.95,17438.3,17450.2,09:50:00,17441.86530139716,0,8
2023-03-13,17455.35,17474.1,17448.8,17450.8,09:55:00,17443.149558406956,0,9
2023-03-13,17461.05,17468.75,17447.1,17455.05,10:00:00,17444.854362368198,0,10
2023-03-13,17443.15,17465.4,17442.85,17460.45,10:05:00,17444.692042142655,0,11
2023-03-13,17455.6,17482.2,17443.55,17443.55,10:10:00,17445.730895271925,0,12
2023-03-13,17460.05,17465.65,17453.0,17455.4,10:15:00,17447.09461953174,0,13
2023-03-13,17462.5,17470.35,17459.95,17460.1,10:20:00,17448.561798623956,0,14
2023-03-13,17436.4,17467.45,17436.4,17462.5,10:25:00,17447.40353208834,0,15
2023-03-13,17441.25,17447.4,17421.9,17436.35,10:30:00,17446.81748141326,0,16
2023-03-13,17429.85,17446.0,17427.9,17442.6,10:35:00,17445.201530802475,0,17
2023-03-13,17437.6,17444.7,17424.65,17429.8,10:40:00,17444.477575487952,0,18
2023-03-13,17447.2,17452.6,17434.4,17437.9,10:45:00,17444.73685401291,0,19
2023-03-13,17439.6,17449.6,17439.25,17447.05,10:50:00,17444.247629821206,0,20
2023-03-13,17432.55,17439.9,17432.3,17439.65,10:55:00,17443.13356983823,0,21
2023-03-13,17404.45,17433.55,17402.65,17432.15,11:00:00,17439.449420329827,0,22
2023-03-13,17405.5,17405.5,17383.75,17404.3,11:05:00,17436.21614220318,0,23
2023-03-13,17393.95,17410.05,17390.55,17405.7,11:10:00,17432.190795326685,0,24
2023-03-13,17398.95,17409.95,17386.45,17393.15,11:15:00,17429.025005295574,0,25
2023-03-13,17388.25,17399.7,17377.65,17398.35,11:20:00,17425.141671457903,0,26
2023-03-13,17389.65,17398.65,17379.2,17390.25,11:25:00,17421.761512271438,0,27
2023-03-13,17360.95,17391.75,17360.95,17390.0,11:30:00,17415.96993967416,0,28
2023-03-13,17373.1,17376.25,17352.5,17361.9,11:35:00,17411.88708827662,0,29
2023-03-13,17362.65,17374.75,17360.2,17373.25,11:40:00,17407.197841774087,0,30
2023-03-13,17358.0,17364.15,17350.95,17361.7,11:45:00,17402.512333033697,0,31
2023-03-13,17346.3,17366.55,17345.8,17357.7,11:50:00,17397.15877750668,0,32
2023-03-13,17364.45,17366.5,17344.4,17346.0,11:55:00,17394.043655839378,0,33
2023-03-13,17342.7,17369.55,17338.05,17364.8,12:00:00,17389.153783854676,0,34
2023-03-13,17341.05,17342.45,17330.0,17342.35,12:05:00,17384.57247110661,0,35
2023-03-13,17342.1,17343.8,17334.0,17340.35,12:10:00,17380.52747385836,0,36
2023-03-13,17332.25,17343.45,17325.9,17341.85,12:15:00,17375.929619205184,0,37
2023-03-13,17351.15,17357.8,17326.3,17332.6,12:20:00,17373.569655471358,0,38
2023-03-13,17332.05,17351.05,17327.15,17351.05,12:25:00,17369.615402569325,0,39
2023-03-13,17317.9,17333.05,17307.05,17331.5,12:30:00,17364.69012613415,0,40
2023-03-13,17309.0,17322.8,17306.95,17317.3,12:35:00,17359.386304597567,0,41
2023-03-13,17286.05,17315.4,17284.9,17308.4,12:40:00,17352.401894635896,0,42
2023-03-13,17270.4,17288.2,17259.4,17285.85,12:45:00,17344.592190384858,0,43
2023-03-13,17286.35,17291.2,17270.5,17271.4,12:50:00,17339.04531511011,0,44
2023-03-13,17261.5,17294.15,17257.4,17287.4,12:55:00,17331.660047004385,0,45
2023-03-13,17274.05,17281.35,17261.5,17262.75,13:00:00,17326.17337586111,0,46
2023-03-13,17280.95,17285.8,17271.2,17272.9,13:05:00,17321.866387683862,0,47
2023-03-13,17268.95,17282.85,17267.85,17282.85,13:10:00,17316.82673171397,0,48
2023-03-13,17284.5,17294.7,17267.45,17270.4,13:15:00,17313.74799536026,0,49
2023-03-13,17268.3,17288.7,17268.3,17283.65,13:20:00,17309.419614849758,0,50
2023-03-13,17260.4,17268.75,17251.25,17268.75,13:25:00,17304.75108010216,0,51
2023-03-13,17237.25,17265.25,17233.5,17260.4,13:30:00,17298.322405806717,0,52
2023-03-13,17211.4,17244.0,17210.5,17236.75,13:35:00,17290.04408144417,0,53
2023-03-13,17225.4,17228.85,17208.85,17210.0,13:40:00,17283.887502259015,0,54
2023-03-13,17232.0,17236.9,17217.5,17225.35,13:45:00,17278.945835377206,0,55
2023-03-13,17232.45,17240.95,17222.0,17232.8,13:50:00,17274.51766057938,0,56
2023-03-13,17211.65,17232.65,17209.75,17232.6,13:55:00,17268.530264333724,0,57
2023-03-13,17216.75,17227.1,17204.95,17211.75,14:00:00,17263.598810587653,0,58
2023-03-13,17207.05,17229.85,17192.65,17218.2,14:05:00,17258.213209579306,0,59
2023-03-13,17190.3,17208.25,17186.6,17208.25,14:10:00,17251.74528485747,0,60
2023-03-13,17183.45,17197.25,17178.35,17190.05,14:15:00,17245.2409720139,0,61
2023-03-13,17167.1,17184.35,17159.9,17184.35,14:20:00,17237.798974679245,0,62
2023-03-13,17175.05,17182.2,17162.35,17168.15,14:25:00,17231.822881852648,0,63
2023-03-13,17133.3,17178.05,17133.3,17173.65,14:30:00,17222.43975024763,0,64
2023-03-13,17124.55,17149.05,17116.35,17134.35,14:35:00,17213.116916890714,0,65
2023-03-13,17148.55,17150.6,17114.85,17124.45,14:40:00,17206.967686710646,0,66
2023-03-13,17147.25,17167.7,17138.3,17148.7,14:45:00,17201.2802879763,0,67
2023-03-13,17149.0,17153.2,17141.45,17147.8,14:50:00,17196.30121293094,0,68
2023-03-13,17140.6,17156.45,17134.6,17149.1,14:55:00,17190.996335508946,0,69
2023-03-13,17143.4,17166.85,17124.75,17140.5,15:00:00,17186.46335117476,0,70
2023-03-13,17125.1,17146.25,17114.75,17143.15,15:05:00,17180.61922249145,0,71
2023-03-13,17141.0,17146.0,17126.75,17126.75,15:10:00,17176.84596320655,0,72
2023-03-13,17158.0,17159.2,17142.3,17142.3,15:15:00,17175.05110956783,0,73
2023-03-13,17196.6,17197.4,17159.05,17159.05,15:20:00,17177.103384847083,0,74
2023-03-13,17184.6,17198.05,17183.35,17196.2,15:25:00,17177.817348194978,0,75
2023-03-15,17202.85,17210.6,17166.45,17166.45,09:15:00,17071.149670870407,2,1
2023-03-15,17172.05,17202.5,17162.6,17202.5,09:20:00,17080.759226025606,2,2
2023-03-15,17189.45,17193.0,17150.05,17172.55,09:25:00,17091.110728308882,2,3
2023-03-15,17182.85,17199.0,17158.1,17190.35,09:30:00,17099.847801803273,2,4
2023-03-15,17148.2,17192.15,17147.45,17183.65,09:35:00,17104.452773060104,2,5
2023-03-15,17149.0,17149.4,17125.35,17147.3,09:40:00,17108.695366101998,2,6
2023-03-15,17169.0,17169.0,17144.5,17149.4,09:45:00,17114.438664568475,2,7
2023-03-15,17151.5,17170.55,17150.35,17169.35,09:50:00,17117.968315561953,2,8
2023-03-15,17141.8,17155.5,17131.35,17151.5,09:55:00,17120.23799979415,2,9
2023-03-15,17142.9,17153.75,17135.35,17141.15,10:00:00,17122.39628552804,2,10
2023-03-15,17131.75,17158.4,17131.75,17142.5,10:05:00,17123.28711547775,2,11
2023-03-15,17155.7,17155.8,17129.0,17129.0,10:10:00,17126.37405686082,2,12
2023-03-15,17158.6,17168.95,17147.3,17155.7,10:15:00,17129.443194302647,2,13
2023-03-15,17157.85,17170.85,17152.15,17158.2,10:20:00,17132.14860436906,2,14
2023-03-15,17149.3,17168.45,17148.35,17157.9,10:25:00,17133.782070619625,2,15
2023-03-15,17128.2,17154.5,17126.85,17149.4,10:30:00,17133.25044484633,2,16
2023-03-15,17130.05,17137.2,17126.6,17128.65,10:35:00,17132.94564057525,2,17
2023-03-15,17119.3,17132.25,17114.8,17130.25,10:40:00,17131.64605575856,2,18
2023-03-15,17114.15,17121.6,17103.0,17119.75,10:45:00,17129.979764733936,2,19
2023-03-15,17111.4,17121.0,17109.4,17114.25,10:50:00,17128.210263330704,2,20
2023-03-15,17115.05,17118.35,17110.55,17112.35,10:55:00,17126.956904918254,2,21
2023-03-15,17108.85,17118.05,17105.7,17115.25,11:00:00,17125.232437783183,2,22
2023-03-15,17114.2,17118.7,17094.9,17108.95,11:05:00,17124.18172942288,2,23
2023-03-15,17113.35,17127.05,17106.4,17114.45,11:10:00,17123.150136144508,2,24
2023-03-15,17130.2,17131.95,17110.0,17113.75,11:15:00,17123.821551749792,2,25
2023-03-15,17141.45,17142.8,17125.15,17130.45,11:20:00,17125.500451583146,2,26
2023-03-15,17145.75,17148.05,17134.9,17141.9,11:25:00,17127.4289800038,2,27
2023-03-15,17144.5,17159.3,17144.5,17146.05,11:30:00,17129.05479143201,2,28
2023-03-15,17155.2,17155.5,17135.9,17143.6,11:35:00,17131.544811295626,2,29
2023-03-15,17142.65,17157.25,17139.65,17155.25,11:40:00,17132.60244831509,2,30
2023-03-15,17141.15,17147.15,17138.2,17142.75,11:45:00,17133.41650085651,2,31
2023-03-15,17134.2,17141.8,17128.4,17141.25,11:50:00,17133.491119822556,2,32
2023-03-15,17123.85,17142.25,17123.25,17133.95,11:55:00,17132.572917934693,2,33
2023-03-15,17112.05,17125.55,17110.25,17124.65,12:00:00,17130.618354321865,2,34
2023-03-15,17107.5,17114.05,17102.5,17112.45,12:05:00,17128.41660629121,2,35
2023-03-15,17097.1,17114.9,17096.95,17108.05,12:10:00,17125.434072358716,2,36
2023-03-15,17097.7,17106.5,17095.05,17097.75,12:15:00,17122.792732134076,2,37
2023-03-15,17098.9,17103.25,17083.6,17097.2,12:20:00,17120.51723383559,2,38
2023-03-15,17088.3,17107.9,17084.6,17099.5,12:25:00,17117.448925851248,2,39
2023-03-15,17092.5,17093.4,17077.8,17088.1,12:30:00,17115.07283767494,2,40
2023-03-15,17094.75,17097.35,17081.0,17093.4,12:35:00,17113.137329324945,2,41
2023-03-15,17101.0,17101.0,17090.95,17095.35,12:40:00,17111.98139319876,2,42
2023-03-15,17100.1,17107.35,17095.35,17100.85,12:45:00,17110.849831941734,2,43
2023-03-15,17074.7,17099.9,17069.7,17099.9,12:50:00,17107.406990804426,2,44
2023-03-15,17063.15,17082.0,17062.7,17074.05,12:55:00,17103.192039299243,2,45
2023-03-15,17055.2,17067.45,17041.9,17063.4,13:00:00,17098.62136888979,2,46
2023-03-15,17057.95,17071.55,17054.85,17055.65,13:05:00,17094.747905186003,2,47
2023-03-15,17049.15,17065.25,17048.05,17057.7,13:10:00,17090.40524754924,2,48
2023-03-15,17052.85,17056.5,17040.65,17049.35,13:15:00,17086.828557306453,2,49
2023-03-15,17051.4,17060.05,17039.65,17052.75,13:20:00,17083.454408991554,2,50
2023-03-15,17055.7,17056.9,17041.8,17050.9,13:25:00,17080.811131944738,2,51
2023-03-15,17054.1,17057.2,17042.75,17055.95,13:30:00,17078.267214616666,2,52
2023-03-15,17048.9,17057.35,17046.0,17054.9,13:35:00,17075.470337034127,2,53
2023-03-15,17074.85,17081.35,17046.65,17050.1,13:40:00,17075.41125731659,2,54
2023-03-15,17068.15,17078.0,17065.75,17078.0,13:45:00,17074.719709000725,2,55
2023-03-15,17037.4,17068.4,17034.8,17067.25,13:50:00,17071.165451000656,2,56
2023-03-15,17030.45,17038.5,17026.4,17037.95,13:55:00,17067.287789000595,2,57
2023-03-15,17042.5,17042.6,17028.6,17030.8,14:00:00,17064.927047191013,2,58
2023-03-15,17053.0,17058.8,17037.3,17042.9,14:05:00,17063.791137934724,2,59
2023-03-15,17047.7,17064.55,17046.6,17054.8,14:10:00,17062.258648607607,2,60
2023-03-15,17060.35,17061.35,17047.85,17048.85,14:15:00,17062.07687254974,2,61
2023-03-15,17037.85,17062.0,17031.2,17060.9,14:20:00,17059.769551354526,2,62
2023-03-15,17031.2,17042.1,17031.2,17038.5,14:25:00,17057.048641701716,2,63
2023-03-15,17039.45,17050.95,17029.0,17031.05,14:30:00,17055.372580587267,2,64
2023-03-15,17024.8,17040.05,17023.75,17039.8,14:35:00,17052.460906245622,2,65
2023-03-15,17019.4,17032.15,17018.6,17024.8,14:40:00,17049.312248507944,2,66
2023-03-15,17026.05,17027.5,17015.65,17019.8,14:45:00,17047.096796269092,2,67
2023-03-15,17018.45,17031.75,17016.05,17025.85,14:50:00,17044.368529957752,2,68
2023-03-15,17018.05,17022.3,17001.8,17019.05,14:55:00,17041.862003295108,2,69
2023-03-15,16998.85,17024.5,16994.8,17018.55,15:00:00,17037.765622028906,2,70
2023-03-15,16980.55,16999.5,16967.85,16999.4,15:05:00,17032.316515169012,2,71
2023-03-15,16964.45,16985.75,16960.9,16980.8,15:10:00,17025.853037533867,2,72
2023-03-15,16948.65,16970.7,16940.35,16965.05,15:15:00,17018.500367292545,2,73
2023-03-15,16964.55,16975.55,16948.55,16948.55,15:20:00,17013.36223707421,2,74
2023-03-15,16973.85,16974.65,16964.65,16964.9,15:25:00,17009.599166876666,2,75
2023-03-16,16926.7,16994.65,16921.8,16994.65,09:15:00,17000.415871298133,3,1
2023-03-16,16946.15,16971.1,16922.75,16926.1,09:20:00,16995.247693079265,3,2
2023-03-16,16913.7,16948.7,16907.9,16946.95,09:25:00,16987.481246119336,3,3
2023-03-16,16892.5,16917.65,16892.5,16913.05,09:30:00,16978.43541315559,3,4
2023-03-16,16881.0,16897.65,16876.6,16891.8,09:35:00,16969.155849997915,3,5
2023-03-16,16865.05,16893.35,16862.7,16880.2,09:40:00,16959.24100714097,3,6
2023-03-16,16867.2,16870.0,16851.0,16866.25,09:45:00,16950.475196937066,3,7
2023-03-16,16883.6,16884.5,16850.4,16866.9,09:50:00,16944.106130562108,3,8
2023-03-16,16883.3,16892.85,16875.4,16882.55,09:55:00,16938.315070508575,3,9
2023-03-16,16864.75,16882.7,16862.75,16882.2,10:00:00,16931.308873317284,3,10
2023-03-16,16867.3,16879.65,16853.2,16864.2,10:05:00,16925.21279014421,3,11
2023-03-16,16877.65,16882.8,16866.7,16867.6,10:10:00,16920.683000606667,3,12
2023-03-16,16917.65,16917.65,16869.9,16877.95,10:15:00,16920.394143406033,3,13
2023-03-16,16946.9,16960.9,16917.35,16917.35,10:20:00,16922.918510700696,3,14
2023-03-16,16940.75,16961.3,16937.55,16949.25,10:25:00,16924.61674777682,3,15
2023-03-16,16943.4,16951.9,16926.45,16940.2,10:30:00,16926.405628940935,3,16
2023-03-16,16986.8,16991.1,16938.3,16943.45,10:35:00,16932.1574738037,3,17
2023-03-16,16993.45,17009.95,16981.8,16986.85,10:40:00,16937.994857250967,3,18
2023-03-16,16979.5,16993.05,16966.7,16991.15,10:45:00,16941.94772798897,3,19
2023-03-16,17019.75,17019.75,16973.05,16979.5,10:50:00,16949.357468180497,3,20
2023-03-16,17014.25,17028.45,17011.95,17020.55,10:55:00,16955.537709306165,3,21
2023-03-16,17016.9,17029.0,17009.8,17014.65,11:00:00,16961.381736991294,3,22
2023-03-16,17039.0,17039.75,17014.75,17017.75,11:05:00,16968.773952515934,3,23
2023-03-16,17027.85,17046.15,17026.9,17040.25,11:10:00,16974.400242752512,3,24
2023-03-16,17013.1,17037.15,17001.5,17027.95,11:15:00,16978.08593391894,3,25
2023-03-16,17024.25,17028.65,17006.65,17013.5,11:20:00,16982.482511640945,3,26
2023-03-16,17023.3,17044.2,17023.3,17025.05,11:25:00,16986.369891484665,3,27
2023-03-16,17001.5,17028.55,16995.75,17023.65,11:30:00,16987.810854200412,3,28
2023-03-16,16983.75,17002.0,16976.1,17000.95,11:35:00,16987.424106181323,3,29
2023-03-16,16993.45,17001.95,16971.85,16984.35,11:40:00,16987.99800083072,3,30
2023-03-16,16972.05,17003.0,16971.2,16993.5,11:45:00,16986.479143608747,3,31
2023-03-16,16962.55,16973.75,16958.65,16972.6,11:50:00,16984.20017755077,3,32
2023-03-16,16961.9,16968.9,16955.9,16964.4,11:55:00,16982.076351117365,3,33
2023-03-16,16950.25,16972.9,16946.9,16962.25,12:00:00,16979.045270058567,3,34
2023-03-16,16944.3,16960.15,16944.3,16950.7,12:05:00,16975.736196719656,3,35
2023-03-16,16929.4,16948.45,16927.45,16944.85,12:10:00,16971.323225603497,3,36
2023-03-16,16923.35,16935.4,16916.5,16929.4,12:15:00,16966.75434697459,3,37
2023-03-16,16922.4,16932.35,16915.35,16924.7,12:20:00,16962.5301234532,3,38
2023-03-16,16923.6,16934.55,16915.95,16922.3,12:25:00,16958.822492648134,3,39
2023-03-16,16915.5,16925.45,16910.4,16923.8,12:30:00,16954.696540967358,3,40
2023-03-16,16935.5,16936.1,16916.2,16916.2,12:35:00,16952.86829897047,3,41
2023-03-16,16925.15,16949.4,16922.75,16937.65,12:40:00,16950.22846097328,3,42
2023-03-16,16929.35,16931.5,16919.95,16924.95,12:45:00,16948.240036118685,3,43
2023-03-16,16929.5,16935.95,16923.65,16930.05,12:50:00,16946.455270774048,3,44
2023-03-16,16946.0,16948.35,16928.1,16930.4,12:55:00,16946.41191165271,3,45
2023-03-16,16965.95,16970.7,16944.6,16946.35,13:00:00,16948.2726819715,3,46
2023-03-16,16942.85,16969.55,16936.25,16967.95,13:05:00,16947.75623606945,3,47
2023-03-16,16972.15,16972.2,16941.75,16942.7,13:10:00,16950.079451681882,3,48
2023-03-16,16954.65,16973.15,16950.75,16972.85,13:15:00,16950.514741997893,3,49
2023-03-16,16965.9,16971.1,16954.2,16954.2,13:20:00,16951.98000466476,3,50
2023-03-16,16968.9,16978.5,16961.9,16967.0,13:25:00,16953.591432791927,3,51
2023-03-16,16997.75,16998.25,16965.8,16968.9,13:30:00,16957.797010621267,3,52
2023-03-16,16976.35,16999.5,16968.75,16997.45,13:35:00,16959.56396199067,3,53
2023-03-16,16965.85,16983.35,16962.0,16976.5,13:40:00,16960.16263227727,3,54
2023-03-16,16949.05,16965.75,16937.95,16965.1,13:45:00,16959.104286346104,3,55
2023-03-16,16953.2,16955.1,16936.7,16948.65,13:50:00,16958.54197336076,3,56
2023-03-16,16955.6,16973.0,16950.3,16953.55,13:55:00,16958.26178542164,3,57
2023-03-16,16982.55,16984.5,16954.95,16954.95,14:00:00,16960.574948714817,3,58
2023-03-16,17000.0,17004.6,16982.25,16982.25,14:05:00,16964.32971550388,3,59
2023-03-16,17035.95,17039.5,17000.55,17000.55,14:10:00,16971.1506949797,3,60
2023-03-16,17029.2,17052.4,17023.85,17037.2,14:15:00,16976.67920021973,3,61
2023-03-16,17050.75,17050.75,17028.45,17029.5,14:20:00,16983.733562103564,3,62
2023-03-16,17054.95,17062.2,17041.9,17050.55,14:25:00,16990.516079998462,3,63
2023-03-16,17039.35,17059.25,17036.85,17054.15,14:30:00,16995.16692952242,3,64
2023-03-16,17042.25,17045.5,17024.5,17039.8,14:35:00,16999.651031472666,3,65
2023-03-16,17031.15,17052.2,17027.85,17042.35,14:40:00,17002.650933237175,3,66
2023-03-16,17005.15,17039.25,17003.55,17030.5,14:45:00,17002.88893959554,3,67
2023-03-16,16983.15,17005.15,16974.65,17005.15,14:50:00,17001.009040586443,3,68
2023-03-16,16976.4,16983.6,16967.8,16982.45,14:55:00,16998.665322435354,3,69
2023-03-16,16990.2,16991.45,16950.2,16976.45,15:00:00,16997.859101251033,3,70
2023-03-16,16971.2,16993.1,16969.55,16991.9,15:05:00,16995.320139227126,3,71
2023-03-16,16976.9,16980.75,16967.95,16971.4,15:10:00,16993.56584025311,3,72
2023-03-16,17014.25,17014.65,16973.3,16977.35,15:15:00,16995.535760229006,3,73
2023-03-16,16993.75,17014.35,16991.0,17014.0,15:20:00,16995.365687826245,3,74
2023-03-16,17010.4,17013.35,16992.2,16994.65,15:25:00,16996.79752708089,3,75
2023-03-17,17102.0,17144.4,17094.45,17111.8,09:15:00,17016.726320354195,4,1
2023-03-17,17107.7,17117.95,17088.3,17101.25,09:20:00,17025.390480320464,4,2
2023-03-17,17105.7,17122.85,17085.85,17108.05,09:25:00,17033.03900600423,4,3
2023-03-17,17082.65,17115.15,17079.55,17106.45,09:30:00,17037.763862575255,4,4
2023-03-17,17082.75,17087.85,17070.2,17082.1,09:35:00,17042.048256615708,4,5
2023-03-17,17069.3,17093.65,17069.3,17082.75,09:40:00,17044.643660747544,4,6
2023-03-17,17072.65,17078.3,17062.25,17071.55,09:45:00,17047.31093115254,4,7
2023-03-17,17099.7,17100.05,17070.9,17072.1,09:50:00,17052.30036628087,4,8
2023-03-17,17056.2,17099.8,17055.35,17099.3,09:55:00,17052.671759968405,4,9
2023-03-17,17066.4,17066.8,17049.25,17054.35,10:00:00,17053.979211399987,4,10
2023-03-17,17069.0,17073.0,17057.75,17066.35,10:05:00,17055.409762695224,4,11
2023-03-17,17081.0,17083.55,17063.2,17069.25,10:10:00,17057.846928152823,4,12
2023-03-17,17080.65,17100.45,17080.4,17080.95,10:15:00,17060.018649281126,4,13
2023-03-17,17075.75,17092.95,17074.25,17080.8,10:20:00,17061.516873159115,4,14
2023-03-17,17067.7,17083.6,17063.85,17075.05,10:25:00,17062.105742382057,4,15
2023-03-17,17067.45,17091.25,17066.6,17067.5,10:30:00,17062.61471929805,4,16
2023-03-17,17058.95,17077.8,17058.5,17067.6,10:35:00,17062.26569841252,4,17
2023-03-17,17066.45,17074.1,17056.15,17058.65,10:40:00,17062.664203325614,4,18
2023-03-17,17057.85,17069.85,17054.85,17065.45,10:45:00,17062.205707770794,4,19
2023-03-17,17054.05,17059.7,17046.3,17057.25,10:50:00,17061.428973697384,4,20
2023-03-17,17059.85,17066.4,17050.25,17053.75,10:55:00,17061.278595250013,4,21
2023-03-17,17049.65,17066.85,17049.65,17060.0,11:00:00,17060.171109988107,4,22
2023-03-17,17040.3,17051.0,17040.3,17048.05,11:05:00,17058.27862332257,4,23
2023-03-17,17028.55,17042.15,17027.35,17039.75,11:10:00,17055.44732586328,4,24
2023-03-17,17022.7,17035.6,17021.25,17028.05,11:15:00,17052.32853292392,4,25
2023-03-17,17025.4,17026.3,17015.75,17021.6,11:20:00,17049.763910740687,4,26
2023-03-17,17023.85,17039.15,17020.7,17024.6,11:25:00,17047.295919241573,4,27
2023-03-17,17009.5,17025.55,17004.55,17023.2,11:30:00,17043.69630788523,4,28
2023-03-17,16997.75,17009.05,16995.95,17009.05,11:35:00,17039.32046903902,4,29
2023-03-17,17007.85,17009.25,16991.0,16997.6,11:40:00,17036.323281511493,4,30
2023-03-17,17015.65,17028.1,17004.0,17008.05,11:45:00,17034.354397558018,4,31
2023-03-17,17036.0,17037.6,17012.75,17015.8,11:50:00,17034.51112160011,4,32
2023-03-17,17042.35,17046.95,17034.4,17037.4,11:55:00,17035.257681447718,4,33
2023-03-17,17028.05,17057.25,17027.25,17043.0,12:00:00,17034.571235595555,4,34
2023-03-17,16996.15,17033.95,16995.85,17027.95,12:05:00,17030.91207030074,4,35
2023-03-17,16985.85,16997.9,16980.1,16995.5,12:10:00,17026.62044455781,4,36
2023-03-17,16976.7,16991.7,16974.3,16985.5,12:15:00,17021.866116504687,4,37
2023-03-17,16974.0,16978.6,16964.05,16977.45,12:20:00,17017.307438742337,4,38
2023-03-17,16978.6,16983.9,16969.75,16974.05,12:25:00,17013.62101600497,4,39
2023-03-17,16971.5,16990.6,16970.9,16978.05,12:30:00,17009.609490671162,4,40
2023-03-17,16977.4,16985.35,16965.3,16970.9,12:35:00,17006.54192013105,4,41
2023-03-17,16977.55,16985.95,16974.1,16977.3,12:40:00,17003.780784880473,4,42
2023-03-17,17003.6,17006.25,16977.15,16977.15,12:45:00,17003.763567272807,4,43
2023-03-17,16979.15,17009.9,16978.65,17003.9,12:50:00,17001.41941800873,4,44
2023-03-17,16981.0,16991.5,16977.15,16978.65,12:55:00,16999.474711531708,4,45
2023-03-17,16964.3,16981.9,16958.15,16981.35,13:00:00,16996.124739004877,4,46
2023-03-17,16983.55,16989.0,16963.75,16964.15,13:05:00,16994.927144813937,4,47
2023-03-17,16985.5,16990.55,16976.15,16982.45,13:10:00,16994.029321498325,4,48
2023-03-17,16980.75,17002.9,16975.85,16984.9,13:15:00,16992.76462421277,4,49
2023-03-17,16986.3,16997.75,16977.0,16981.1,13:20:00,16992.148945716315,4,50
2023-03-17,16995.15,17004.15,16984.25,16986.6,13:25:00,16992.43476041,4,51
2023-03-17,17017.85,17021.95,16993.15,16994.9,13:30:00,16994.85525941857,4,52
2023-03-17,17017.15,17029.0,17010.95,17018.35,13:35:00,16996.978568045375,4,53
2023-03-17,17004.35,17023.3,17003.45,17016.55,13:40:00,16997.68060918391,4,54
2023-03-17,17031.1,17035.8,17004.25,17004.6,13:45:00,17000.86340830925,4,55
2023-03-17,17065.7,17069.2,17031.55,17031.55,13:50:00,17007.038321803608,4,56
2023-03-17,17068.05,17082.15,17064.95,17064.95,13:55:00,17012.848957822313,4,57
2023-03-17,17069.4,17077.45,17058.65,17068.15,14:00:00,17018.234771363044,4,58
2023-03-17,17066.8,17078.0,17059.7,17069.45,14:05:00,17022.86003123323,4,59
2023-03-17,17058.2,17071.05,17049.2,17066.8,14:10:00,17026.225742544353,4,60
2023-03-17,17045.1,17065.0,17045.1,17058.65,14:15:00,17028.02329087346,4,61
2023-03-17,17022.25,17044.9,17021.55,17044.45,14:20:00,17027.473453647417,4,62
2023-03-17,17023.55,17027.85,17008.7,17023.35,14:25:00,17027.09979139528,4,63
2023-03-17,17069.4,17069.4,17023.8,17023.8,14:30:00,17031.12838269097,4,64
2023-03-17,17061.95,17080.05,17060.35,17070.25,14:35:00,17034.06377481564,4,65
2023-03-17,17067.45,17071.35,17054.7,17063.35,14:40:00,17037.24341530939,4,66
2023-03-17,17057.65,17071.7,17052.2,17065.5,14:45:00,17039.186899565637,4,67
2023-03-17,17071.55,17072.6,17039.25,17057.25,14:50:00,17042.269099607005,4,68
2023-03-17,17090.55,17099.3,17066.6,17071.55,14:55:00,17046.867280596813,4,69
2023-03-17,17088.95,17115.25,17074.55,17092.75,15:00:00,17050.875158635212,4,70
2023-03-17,17119.6,17120.45,17077.75,17088.5,15:05:00,17057.420381622334,4,71
2023-03-17,17113.5,17124.95,17101.5,17122.05,15:10:00,17062.7612976583,4,72
2023-03-17,17091.5,17114.15,17089.55,17112.95,15:15:00,17065.49831692894,4,73
2023-03-17,17100.0,17100.0,17082.9,17091.55,15:20:00,17068.784191507137,4,74
2023-03-17,17123.7,17125.9,17091.55,17099.15,15:25:00,17074.014268506457,4,75
2023-03-20,16983.2,17057.55,16959.3,17043.9,09:15:00,17065.36529055346,0,1
2023-03-20,16968.6,16983.35,16934.65,16983.35,09:20:00,17056.14954859599,0,2
2023-03-20,16957.95,16985.4,16956.2,16969.25,09:25:00,17046.797210634468,0,3
2023-03-20,16942.85,16962.65,16932.95,16957.15,09:30:00,17036.897476288326,0,4
2023-03-20,16960.1,16967.35,16928.55,16943.55,09:35:00,17029.583430927534,0,5
2023-03-20,16950.7,16964.75,16947.55,16960.05,09:40:00,17022.07072322015,0,6
2023-03-20,16959.5,16964.75,16944.0,16950.55,09:45:00,17016.111606722992,0,7
2023-03-20,16936.45,16963.0,16936.25,16958.45,09:50:00,17008.524787035087,0,8
2023-03-20,16910.15,16942.35,16908.25,16937.55,09:55:00,16999.155759698413,0,9
2023-03-20,16929.3,16933.35,16903.85,16909.65,10:00:00,16992.502830203328,0,10
2023-03-20,16911.4,16929.05,16909.65,16929.05,10:05:00,16984.778751136342,0,11
2023-03-20,16910.15,16919.75,16902.8,16911.85,10:10:00,16977.67125102812,0,12
2023-03-20,16887.75,16911.05,16885.95,16909.85,10:15:00,16969.107322358777,0,13
2023-03-20,16890.7,16896.5,16881.55,16887.1,10:20:00,16961.63995832461,0,14
2023-03-20,16895.45,16895.55,16886.15,16890.6,10:25:00,16955.336152769883,0,15
2023-03-20,16891.45,16908.35,16882.55,16894.1,10:30:00,16949.25175726799,0,16
2023-03-20,16920.15,16920.15,16890.7,16891.4,10:35:00,16946.480161337706,0,17
2023-03-20,16907.95,16921.85,16903.05,16919.85,10:40:00,16942.810622162688,0,18
2023-03-20,16913.95,16916.45,16900.65,16907.85,10:45:00,16940.061991480525,0,19
2023-03-20,16933.2,16934.0,16913.75,16914.45,10:50:00,16939.40846848238,0,20
2023-03-20,16953.35,16955.75,16931.75,16932.95,10:55:00,16940.73623338882,0,21
2023-03-20,16954.9,16963.6,16941.9,16952.85,11:00:00,16942.085163542266,0,22
2023-03-20,16932.15,16962.5,16932.15,16955.25,11:05:00,16941.13895749062,0,23
2023-03-20,16945.25,16945.7,16929.7,16931.75,11:10:00,16941.530485348656,0,24
2023-03-20,16948.15,16949.85,16934.2,16945.3,11:15:00,16942.16091531545,0,25
2023-03-20,16939.7,16948.6,16938.1,16947.7,11:20:00,16941.926542428264,0,26
2023-03-20,16933.25,16940.5,16922.0,16939.6,11:25:00,16941.100205054143,0,27
2023-03-20,16922.1,16933.55,16919.95,16933.55,11:30:00,16939.29066171565,0,28
2023-03-20,16914.9,16923.85,16914.55,16919.75,11:35:00,16936.967741552256,0,29
2023-03-20,16912.8,16917.0,16906.7,16915.4,11:40:00,16934.666051880613,0,30
2023-03-20,16924.15,16924.55,16908.8,16913.3,11:45:00,16933.66452313008,0,31
2023-03-20,16904.95,16930.3,16904.5,16925.15,11:50:00,16930.9298066415,0,32
2023-03-20,16882.8,16906.35,16880.05,16904.9,11:55:00,16926.346015532785,0,33
2023-03-20,16890.25,16897.8,16872.95,16880.65,12:00:00,16922.908299767758,0,34
2023-03-20,16870.2,16890.8,16868.4,16890.8,12:05:00,16917.888461694638,0,35
2023-03-20,16865.65,16881.35,16863.5,16870.25,12:10:00,16912.913370104674,0,36
2023-03-20,16871.0,16879.65,16864.5,16867.4,12:15:00,16908.921620570894,0,37
2023-03-20,16866.6,16878.7,16858.95,16871.35,12:20:00,16904.890990040334,0,38
2023-03-20,16854.05,16872.95,16850.25,16866.25,12:25:00,16900.048990988875,0,39
2023-03-20,16858.45,16867.8,16850.15,16854.9,12:30:00,16896.087182323266,0,40
2023-03-20,16858.4,16861.65,16844.9,16859.45,12:35:00,16892.497926863907,0,41
2023-03-20,16884.4,16886.15,16850.65,16858.45,12:40:00,16891.72669573401,0,42
2023-03-20,16878.85,16886.45,16875.35,16885.75,12:45:00,16890.50034375934,0,43
2023-03-20,16851.75,16878.65,16850.45,16878.65,12:50:00,16886.80983482988,0,44
2023-03-20,16846.25,16853.55,16833.3,16849.1,12:55:00,16882.94699341751,0,45
2023-03-20,16839.1,16847.2,16828.35,16844.25,13:00:00,16878.77108928251,0,46
2023-03-20,16851.05,16853.85,16839.3,16839.3,13:05:00,16876.130985541316,0,47
2023-03-20,16869.75,16870.9,16846.1,16851.35,13:10:00,16875.52327263262,0,48
2023-03-20,16849.95,16869.4,16847.05,16868.9,13:15:00,16873.087722858087,0,49
2023-03-20,16863.4,16866.15,16842.8,16849.25,13:20:00,16872.16508258589,0,50
2023-03-20,16873.35,16874.8,16858.3,16863.5,13:25:00,16872.277931863424,0,51
2023-03-20,16891.95,16895.8,16872.75,16872.75,13:30:00,16874.151462162146,0,52
2023-03-20,16880.8,16901.35,16871.6,16891.45,13:35:00,16874.784656241944,0,53
2023-03-20,16858.05,16882.85,16857.0,16879.85,13:40:00,16873.190879456997,0,54
2023-03-20,16851.25,16867.2,16851.25,16858.8,13:45:00,16871.101271889664,0,55
2023-03-20,16866.45,16873.7,16846.5,16851.3,13:50:00,16870.65829361446,0,56
2023-03-20,16857.85,16876.95,16850.3,16865.85,13:55:00,16869.43845612737,0,57
2023-03-20,16867.35,16871.4,16854.3,16857.65,14:00:00,16869.23955554381,0,58
2023-03-20,16889.8,16891.3,16865.25,16865.25,14:05:00,16871.197693111066,0,59
2023-03-20,16891.35,16899.45,16888.2,16890.55,14:10:00,16873.11696043382,0,60
2023-03-20,16890.45,16904.45,16874.3,16893.3,14:15:00,16874.76772610679,0,61
2023-03-20,16911.85,16914.75,16890.7,16890.7,14:20:00,16878.29937123948,0,62
2023-03-20,16927.1,16932.0,16911.25,16911.9,14:25:00,16882.947050169052,0,63
2023-03-20,16941.6,16943.8,16927.8,16927.8,14:30:00,16888.533045391046,0,64
2023-03-20,16938.6,16948.45,16933.0,16941.65,14:35:00,16893.301326782374,0,65
2023-03-20,16928.7,16941.2,16922.55,16938.4,14:40:00,16896.672628993576,0,66
2023-03-20,16935.45,16948.6,16926.8,16928.85,14:45:00,16900.365711946568,0,67
2023-03-20,16934.8,16946.8,16931.2,16932.25,14:50:00,16903.645167951658,0,68
2023-03-20,16943.05,16945.35,16920.2,16934.35,14:55:00,16907.398009099117,0,69
2023-03-20,16968.9,16971.5,16939.15,16943.15,15:00:00,16913.25534156587,0,70
2023-03-20,16984.65,16988.55,16969.05,16969.05,15:05:00,16920.05483284531,0,71
2023-03-20,16987.3,16996.35,16984.15,16984.8,15:10:00,16926.45913447909,0,72
2023-03-20,17000.25,17001.05,16987.35,16987.35,15:15:00,16933.486835957272,0,73
2023-03-20,16999.85,17004.05,16994.85,17001.3,15:20:00,16939.807137294676,0,74
2023-03-20,17003.45,17008.45,17000.15,17000.15,15:25:00,16945.86836231423,0,75
2023-03-21,17049.25,17080.55,17032.1,17060.4,09:15:00,16965.583171871738,1,1
2023-03-21,17049.45,17054.65,17026.75,17050.15,09:20:00,16973.570488836333,1,2
2023-03-21,17076.5,17076.9,17039.0,17049.85,09:25:00,16983.373299423347,1,3
2023-03-21,17060.55,17080.3,17058.6,17077.7,09:30:00,16990.72346138303,1,4
2023-03-21,17037.25,17061.1,17031.0,17060.55,09:35:00,16995.15456029893,1,5
2023-03-21,17039.4,17044.6,17030.45,17037.8,09:40:00,16999.368411699033,1,6
2023-03-21,17019.95,17053.0,17019.95,17039.45,09:45:00,17001.32856296579,1,7
2023-03-21,17017.05,17036.0,17016.65,17019.6,09:50:00,17002.825842683334,1,8
2023-03-21,17039.5,17039.5,17016.9,17017.05,09:55:00,17006.318619570637,1,9
2023-03-21,17051.1,17058.8,17033.65,17039.45,10:00:00,17010.58351294486,1,10
2023-03-21,17050.4,17058.6,17045.8,17050.9,10:05:00,17014.375559331063,1,11
2023-03-21,17066.05,17070.2,17049.9,17050.55,10:10:00,17019.29693463287,1,12
2023-03-21,17071.85,17072.65,17061.25,17065.8,10:15:00,17024.301988477357,1,13
2023-03-21,17068.5,17082.55,17063.45,17072.1,10:20:00,17028.511322908085,1,14
2023-03-21,17079.4,17085.75,17066.8,17068.4,10:25:00,17033.357863583504,1,15
2023-03-21,17056.6,17079.95,17056.6,17079.15,10:30:00,17035.571400385074,1,16
2023-03-21,17071.25,17071.6,17055.95,17056.55,10:35:00,17038.969362253163,1,17
2023-03-21,17072.7,17074.85,17064.55,17071.55,10:40:00,17042.18180394334,1,18
2023-03-21,17073.7,17077.6,17066.95,17072.75,10:45:00,17045.183536901117,1,19
2023-03-21,17072.65,17075.4,17062.95,17074.1,10:50:00,17047.79939052958,1,20
2023-03-21,17059.05,17073.8,17057.7,17073.6,10:55:00,17048.87087714581,1,21
2023-03-21,17051.65,17059.4,17046.2,17058.9,11:00:00,17049.135555512876,1,22
2023-03-21,17062.8,17066.15,17051.55,17051.55,11:05:00,17050.436931178316,1,23
2023-03-21,17065.4,17067.7,17052.05,17062.7,11:10:00,17051.86198535181,1,24
2023-03-21,17075.55,17077.85,17060.6,17065.1,11:15:00,17054.117986746875,1,25
2023-03-21,17069.9,17079.1,17069.9,17076.35,11:20:00,17055.621035628123,1,26
2023-03-21,17065.4,17071.45,17059.75,17071.45,11:25:00,17056.552365568303,1,27
2023-03-21,17060.0,17076.1,17059.3,17065.1,11:30:00,17056.880711704653,1,28
2023-03-21,17057.45,17066.05,17054.6,17060.2,11:35:00,17056.934929637544,1,29
2023-03-21,17058.2,17060.7,17053.25,17056.95,11:40:00,17057.055412529207,1,30
2023-03-21,17055.9,17058.3,17048.05,17058.15,11:45:00,17056.945373240713,1,31
2023-03-21,17042.2,17056.55,17040.65,17056.15,11:50:00,17055.541051979693,1,32
2023-03-21,17030.95,17042.4,17022.55,17042.4,11:55:00,17053.199047029244,1,33
2023-03-21,17034.65,17040.25,17027.05,17031.1,12:00:00,17051.432471121698,1,34
2023-03-21,17041.9,17042.3,17027.95,17034.9,12:05:00,17050.524616729155,1,35
2023-03-21,17030.95,17043.9,17030.2,17041.95,12:10:00,17048.660367516855,1,36
2023-03-21,17036.4,17037.05,17028.35,17031.55,12:15:00,17047.492713467633,1,37
2023-03-21,17045.45,17050.85,17035.65,17036.35,12:20:00,17047.298169327856,1,38
2023-03-21,17053.9,17056.6,17044.85,17045.65,12:25:00,17047.926915106156,1,39
2023-03-21,17053.85,17063.65,17053.8,17054.2,12:30:00,17048.49101842938,1,40
2023-03-21,17042.85,17054.4,17041.2,17054.4,12:35:00,17047.95377857896,1,41
2023-03-21,17050.6,17052.85,17042.3,17043.65,12:40:00,17048.205799666677,1,42
2023-03-21,17069.15,17072.9,17050.2,17051.2,12:45:00,17050.200485412708,1,43
2023-03-21,17075.8,17078.9,17065.8,17069.05,12:50:00,17052.63853442102,1,44
2023-03-21,17083.2,17083.5,17071.65,17074.65,12:55:00,17055.549150190447,1,45
2023-03-21,17090.3,17100.95,17083.4,17083.4,13:00:00,17058.858754934216,1,46
2023-03-21,17098.7,17099.3,17088.1,17090.25,13:05:00,17062.653159226196,1,47
2023-03-21,17097.75,17098.95,17092.3,17097.7,13:10:00,17065.995715490368,1,48
2023-03-21,17095.0,17106.7,17085.7,17097.2,13:15:00,17068.75802830081,1,49
2023-03-21,17090.0,17100.15,17085.6,17094.5,13:20:00,17070.78107322454,1,50
2023-03-21,17077.15,17089.2,17075.55,17089.2,13:25:00,17071.38763767935,1,51
2023-03-21,17074.6,17081.3,17069.65,17076.75,13:30:00,17071.693576947982,1,52
2023-03-21,17067.8,17081.7,17067.15,17074.6,13:35:00,17071.322760095794,1,53
2023-03-21,17070.9,17076.5,17065.55,17066.7,13:40:00,17071.282497229528,1,54
2023-03-21,17096.2,17100.25,17070.0,17071.25,13:45:00,17073.655592731477,1,55
2023-03-21,17100.25,17106.0,17093.85,17096.65,13:50:00,17076.188393423716,1,56
2023-03-21,17103.1,17106.15,17096.0,17100.5,13:55:00,17078.75140357384,1,57
2023-03-21,17101.9,17110.7,17095.4,17102.75,14:00:00,17080.956031804904,1,58
2023-03-21,17092.55,17103.95,17086.1,17102.1,14:05:00,17082.060219252056,1,59
2023-03-21,17088.4,17092.3,17083.2,17092.3,14:10:00,17082.664007894717,1,60
2023-03-21,17106.7,17107.4,17085.75,17088.5,14:15:00,17084.953149999983,1,61
2023-03-21,17108.1,17113.5,17104.05,17106.75,14:20:00,17087.157611904746,1,62
2023-03-21,17101.15,17108.7,17095.65,17108.15,14:25:00,17088.49022029477,1,63
2023-03-21,17098.5,17106.35,17096.25,17100.7,14:30:00,17089.44353264765,1,64
2023-03-21,17108.0,17113.45,17094.6,17098.0,14:35:00,17091.210815252634,1,65
2023-03-21,17123.5,17126.6,17107.5,17108.1,14:40:00,17094.285975704766,1,66
2023-03-21,17119.05,17125.05,17107.95,17122.25,14:45:00,17096.644454209076,1,67
2023-03-21,17123.2,17127.1,17115.1,17119.15,14:50:00,17099.17355380821,1,68
2023-03-21,17118.4,17124.5,17112.6,17122.3,14:55:00,17101.004643921715,1,69
2023-03-21,17105.15,17122.05,17101.75,17119.15,15:00:00,17101.399439738696,1,70
2023-03-21,17117.75,17119.3,17104.3,17105.0,15:05:00,17102.95663595406,1,71
2023-03-21,17104.2,17120.05,17101.95,17117.75,15:10:00,17103.07505157748,1,72
2023-03-21,17103.05,17110.05,17101.5,17103.35,15:15:00,17103.07266571296,1,73
2023-03-21,17104.5,17106.35,17095.5,17102.3,15:20:00,17103.208602311726,1,74
2023-03-21,17106.95,17112.45,17102.7,17104.8,15:25:00,17103.564925901086,1,75
2023-03-22,17201.1,17207.15,17170.55,17177.45,09:15:00,17119.220494898622,2,1
2023-03-22,17181.4,17202.6,17179.45,17201.45,09:20:00,17125.142352527324,2,2
2023-03-22,17172.35,17196.8,17169.7,17181.1,09:25:00,17129.638318953293,2,3
2023-03-22,17148.7,17171.9,17141.55,17171.45,09:30:00,17131.45371714822,2,4
2023-03-22,17149.15,17151.55,17132.4,17149.25,09:35:00,17133.139077419815,2,5
2023-03-22,17168.65,17177.2,17149.65,17149.85,09:40:00,17136.5210700465,2,6
2023-03-22,17172.4,17172.8,17153.95,17169.0,09:45:00,17139.93811099445,2,7
2023-03-22,17163.35,17173.75,17154.85,17172.65,09:50:00,17142.167814709264,2,8
2023-03-22,17155.8,17180.3,17154.9,17163.8,09:55:00,17143.466118070286,2,9
2023-03-22,17153.65,17157.25,17142.85,17156.7,10:00:00,17144.4360115874,2,10
2023-03-22,17150.85,17165.75,17150.5,17153.85,10:05:00,17145.046867626697,2,11
2023-03-22,17140.8,17155.55,17140.8,17150.9,10:10:00,17144.642404043203,2,12
2023-03-22,17133.7,17150.8,17133.7,17141.6,10:15:00,17143.600270324805,2,13
2023-03-22,17137.85,17142.15,17132.9,17133.65,10:20:00,17143.052625531967,2,14
2023-03-22,17147.45,17148.05,17133.2,17138.0,10:25:00,17143.471423100353,2,15
2023-03-22,17140.8,17151.7,17138.05,17147.15,10:30:00,17143.2170018527,2,16
2023-03-22,17132.55,17141.2,17127.6,17140.85,10:35:00,17142.20109691435,2,17
2023-03-22,17132.3,17138.9,17130.9,17132.0,10:40:00,17141.25813530346,2,18
2023-03-22,17142.7,17143.9,17130.05,17132.6,10:45:00,17141.39545575075,2,19
2023-03-22,17141.45,17146.35,17133.75,17142.75,10:50:00,17141.400650441155,2,20
2023-03-22,17131.55,17141.25,17127.15,17141.15,10:55:00,17140.462493256284,2,21
2023-03-22,17118.5,17133.7,17112.1,17131.0,11:00:00,17138.370827231876,2,22
2023-03-22,17121.7,17123.15,17108.8,17118.3,11:05:00,17136.783129400268,2,23
2023-03-22,17129.85,17133.8,17121.7,17122.35,11:10:00,17136.122831362147,2,24
2023-03-22,17127.65,17132.25,17120.1,17129.9,11:15:00,17135.315895041942,2,25
2023-03-22,17128.8,17128.8,17119.7,17127.8,11:20:00,17134.695333609376,2,26
2023-03-22,17145.5,17145.5,17128.85,17129.05,11:25:00,17135.7243494561,2,27
2023-03-22,17134.35,17146.85,17131.65,17145.9,11:30:00,17135.59345903171,2,28
2023-03-22,17143.55,17147.15,17129.55,17134.9,11:35:00,17136.35122483821,2,29
2023-03-22,17148.75,17151.8,17139.0,17143.4,11:40:00,17137.532060567904,2,30
2023-03-22,17143.85,17153.9,17143.15,17149.1,11:45:00,17138.133769085245,2,31
2023-03-22,17142.2,17150.45,17137.85,17143.7,11:50:00,17138.521029172363,2,32
2023-03-22,17144.0,17151.25,17141.05,17142.05,11:55:00,17139.042835917855,2,33
2023-03-22,17143.65,17151.1,17138.15,17143.7,12:00:00,17139.481613449487,2,34
2023-03-22,17141.5,17149.55,17141.45,17143.45,12:05:00,17139.67384074001,2,35
2023-03-22,17138.5,17141.9,17128.0,17141.65,12:10:00,17139.56204638382,2,36
2023-03-22,17138.7,17140.1,17133.4,17138.75,12:15:00,17139.47994672822,2,37
2023-03-22,17140.75,17141.65,17132.35,17138.75,12:20:00,17139.600904182676,2,38
2023-03-22,17150.05,17150.3,17140.25,17141.0,12:25:00,17140.59605616528,2,39
2023-03-22,17154.1,17165.4,17147.3,17149.8,12:30:00,17141.8821460543,2,40
2023-03-22,17143.8,17156.15,17140.35,17154.3,12:35:00,17142.064798811032,2,41
2023-03-22,17133.0,17143.6,17130.6,17143.6,12:40:00,17141.201484638554,2,42
2023-03-22,17142.65,17144.0,17134.7,17134.7,12:45:00,17141.3394384825,2,43
2023-03-22,17136.9,17147.3,17136.9,17142.9,12:50:00,17140.9166348175,2,44
2023-03-22,17141.3,17142.9,17135.6,17136.8,12:55:00,17140.953145787258,2,45
2023-03-22,17144.2,17146.7,17140.3,17142.3,13:00:00,17141.262369997996,2,46
2023-03-22,17146.9,17149.8,17140.15,17144.3,13:05:00,17141.799287141046,2,47
2023-03-22,17134.65,17147.25,17130.8,17146.05,13:10:00,17141.118402651424,2,48
2023-03-22,17124.25,17136.5,17120.75,17135.25,13:15:00,17139.511888113193,2,49
2023-03-22,17129.75,17134.6,17121.15,17124.3,13:20:00,17138.582184483366,2,50
2023-03-22,17130.95,17135.25,17129.65,17130.55,13:25:00,17137.855309770664,2,51
2023-03-22,17130.05,17138.25,17129.5,17132.75,13:30:00,17137.11194693536,2,52
2023-03-22,17146.4,17146.4,17129.4,17129.4,13:35:00,17137.996523417707,2,53
2023-03-22,17142.7,17156.05,17135.45,17146.45,13:40:00,17138.4444735684,2,54
2023-03-22,17125.8,17146.25,17125.8,17142.75,13:45:00,17137.24023799046,2,55
2023-03-22,17130.55,17132.35,17116.7,17125.3,13:50:00,17136.60307246756,2,56
2023-03-22,17135.7,17139.8,17128.9,17130.4,13:55:00,17136.517065565884,2,57
2023-03-22,17144.85,17146.35,17131.2,17137.6,14:00:00,17137.310678369133,2,58
2023-03-22,17134.45,17149.1,17131.7,17145.15,14:05:00,17137.038232810166,2,59
2023-03-22,17142.05,17144.1,17134.7,17134.7,14:10:00,17137.5155439711,2,60
2023-03-22,17147.0,17151.15,17141.35,17144.1,14:15:00,17138.418825497665,2,61
2023-03-22,17139.05,17147.55,17137.5,17146.9,14:20:00,17138.47893735503,2,62
2023-03-22,17129.0,17142.2,17129.0,17138.85,14:25:00,17137.576181416454,2,63
2023-03-22,17133.95,17139.7,17123.1,17129.3,14:30:00,17137.230830805365,2,64
2023-03-22,17122.65,17139.0,17121.9,17134.35,14:35:00,17135.84218025247,2,65
2023-03-22,17118.5,17128.7,17110.95,17121.45,14:40:00,17134.19054403795,2,66
2023-03-22,17126.7,17126.7,17111.15,17118.0,14:45:00,17133.477158891477,2,67
2023-03-22,17132.25,17132.25,17123.9,17126.25,14:50:00,17133.360286616098,2,68
2023-03-22,17141.1,17141.8,17123.95,17131.55,14:55:00,17134.09740217647,2,69
2023-03-22,17146.0,17151.2,17134.85,17140.35,15:00:00,17135.23098292157,2,70
2023-03-22,17149.0,17154.75,17146.1,17146.1,15:05:00,17136.54231788142,2,71
2023-03-22,17160.25,17160.8,17149.25,17149.75,15:10:00,17138.800192368904,2,72
2023-03-22,17154.4,17164.3,17152.2,17160.0,15:15:00,17140.28588833377,2,73
2023-03-22,17150.7,17157.3,17149.45,17154.85,15:20:00,17141.277708492456,2,74
2023-03-22,17142.75,17153.65,17142.75,17150.8,15:25:00,17141.417926731272,2,75
2023-03-23,17077.95,17097.4,17062.2,17097.4,09:15:00,17131.580434353717,3,1
2023-03-23,17077.4,17080.05,17058.8,17078.05,09:20:00,17126.420392986696,3,2
2023-03-23,17059.95,17079.0,17048.85,17077.1,09:25:00,17120.089879368916,3,3
2023-03-23,17081.9,17086.1,17046.1,17058.75,09:30:00,17116.452748000447,3,4
2023-03-23,17071.35,17092.6,17070.35,17082.25,09:35:00,17112.15724819088,3,5
2023-03-23,17080.35,17081.05,17066.7,17071.15,09:40:00,17109.127986458414,3,6
2023-03-23,17124.0,17124.0,17080.45,17080.45,09:45:00,17110.54436870047,3,7
2023-03-23,17109.7,17130.05,17101.9,17124.75,09:50:00,17110.463952633756,3,8
2023-03-23,17125.1,17125.1,17108.95,17109.1,09:55:00,17111.85786190673,3,9
2023-03-23,17132.35,17136.3,17125.0,17125.15,10:00:00,17113.809494106088,3,10
2023-03-23,17134.45,17142.35,17128.65,17133.05,10:05:00,17115.775256572175,3,11
2023-03-23,17136.7,17140.9,17129.0,17134.4,10:10:00,17117.768089279587,3,12
2023-03-23,17146.4,17153.25,17136.95,17137.5,10:15:00,17120.494937919626,3,13
2023-03-23,17157.7,17166.35,17142.95,17146.0,10:20:00,17124.038277165375,3,14
2023-03-23,17168.35,17169.1,17149.85,17156.6,10:25:00,17128.258441244863,3,15
2023-03-23,17168.1,17171.9,17163.45,17169.0,10:30:00,17132.05287541202,3,16
2023-03-23,17153.7,17169.95,17152.65,17168.1,10:35:00,17134.11450632516,3,17
2023-03-23,17154.25,17159.5,17148.6,17153.55,10:40:00,17136.03217238943,3,18
2023-03-23,17141.6,17157.35,17136.35,17154.55,10:45:00,17136.562441685677,3,19
2023-03-23,17136.75,17147.45,17131.2,17141.55,10:50:00,17136.580304382278,3,20
2023-03-23,17140.75,17146.8,17131.65,17137.1,10:55:00,17136.977418250633,3,21
2023-03-23,17144.35,17151.85,17140.8,17140.8,11:00:00,17137.67956889343,3,22
2023-03-23,17133.45,17144.65,17125.55,17144.65,11:05:00,17137.276752808342,3,23
2023-03-23,17136.35,17139.5,17130.2,17132.9,11:10:00,17137.18849063612,3,24
2023-03-23,17134.4,17143.35,17132.75,17136.5,11:15:00,17136.922920099347,3,25
2023-03-23,17142.4,17142.75,17134.05,17134.6,11:20:00,17137.444546756553,3,26
2023-03-23,17145.3,17145.3,17134.5,17142.75,11:25:00,17138.19268516069,3,27
2023-03-23,17152.65,17152.65,17144.95,17144.95,11:30:00,17139.569572288245,3,28
2023-03-23,17152.5,17161.4,17152.0,17152.5,11:35:00,17140.801041594124,3,29
2023-03-23,17159.25,17159.25,17147.75,17152.3,11:40:00,17142.558085251825,3,30
2023-03-23,17165.85,17167.25,17158.8,17158.85,11:45:00,17144.77636284689,3,31
2023-03-23,17159.3,17171.3,17158.95,17165.95,11:50:00,17146.15956638528,3,32
2023-03-23,17167.95,17167.95,17150.8,17159.4,11:55:00,17148.23484577716,3,33
2023-03-23,17163.9,17168.85,17162.05,17167.65,12:00:00,17149.726765226955,3,34
2023-03-23,17167.85,17170.25,17160.05,17163.05,12:05:00,17151.45278758629,3,35
2023-03-23,17168.0,17168.55,17163.45,17167.6,12:10:00,17153.028712578074,3,36
2023-03-23,17161.9,17172.7,17160.2,17167.45,12:15:00,17153.873597094447,3,37
2023-03-23,17165.05,17166.5,17156.4,17160.2,12:20:00,17154.938016418786,3,38
2023-03-23,17161.75,17165.35,17159.7,17164.85,12:25:00,17155.586776759854,3,39
2023-03-23,17182.0,17182.95,17160.4,17161.3,12:30:00,17158.102321830345,3,40
2023-03-23,17192.8,17193.8,17181.8,17182.05,12:35:00,17161.406862608408,3,41
2023-03-23,17192.8,17195.4,17183.8,17192.6,12:40:00,17164.396685217132,3,42
2023-03-23,17200.85,17202.2,17192.55,17192.95,12:45:00,17167.86842948217,3,43
2023-03-23,17186.7,17205.4,17185.35,17200.95,12:50:00,17169.66191238863,3,44
2023-03-23,17185.55,17193.75,17184.45,17186.0,12:55:00,17171.17506358971,3,45
2023-03-23,17191.75,17192.25,17178.65,17184.55,13:00:00,17173.13458134307,3,46
2023-03-23,17181.85,17195.65,17181.85,17191.35,13:05:00,17173.96462121516,3,47
2023-03-23,17176.7,17182.8,17168.35,17181.3,13:10:00,17174.22513348038,3,48
2023-03-23,17176.3,17178.85,17171.45,17177.05,13:15:00,17174.42273981558,3,49
2023-03-23,17182.95,17183.2,17176.25,17176.25,13:20:00,17175.234859833145,3,50
2023-03-23,17186.45,17187.6,17176.15,17182.7,13:25:00,17176.302968420463,3,51
2023-03-23,17187.0,17193.7,17185.7,17185.7,13:30:00,17177.3217333328,3,52
2023-03-23,17191.75,17192.55,17185.45,17186.6,13:35:00,17178.695853967773,3,53
2023-03-23,17174.7,17191.3,17171.35,17190.8,13:40:00,17178.315296447032,3,54
2023-03-23,17161.5,17180.4,17159.6,17174.6,13:45:00,17176.713839642554,3,55
2023-03-23,17157.35,17165.85,17153.8,17160.25,13:50:00,17174.8696644385,3,56
2023-03-23,17160.0,17160.65,17153.55,17157.0,13:55:00,17173.45350592055,3,57
2023-03-23,17140.05,17166.75,17138.75,17159.6,14:00:00,17170.2722196424,3,58
2023-03-23,17150.75,17155.55,17139.8,17140.2,14:05:00,17168.412960628837,3,59
2023-03-23,17129.5,17152.45,17129.5,17150.95,14:10:00,17164.70696437847,3,60
2023-03-23,17129.9,17138.6,17118.8,17128.75,14:15:00,17161.392015390044,3,61
2023-03-23,17123.5,17134.2,17120.85,17128.95,14:20:00,17157.783252019562,3,62
2023-03-23,17105.9,17123.55,17104.5,17123.55,14:25:00,17152.84198992246,3,63
2023-03-23,17108.5,17110.75,17096.55,17106.45,14:30:00,17148.61894326318,3,64
2023-03-23,17106.25,17109.4,17097.9,17108.9,14:35:00,17144.583805809543,3,65
2023-03-23,17092.4,17107.15,17081.5,17106.05,14:40:00,17139.613919541967,3,66
2023-03-23,17090.75,17096.25,17086.4,17091.9,14:45:00,17134.960212918922,3,67
2023-03-23,17083.6,17096.75,17077.75,17091.35,14:50:00,17130.068764069503,3,68
2023-03-23,17098.8,17099.65,17082.75,17083.45,14:55:00,17127.090786539073,3,69
2023-03-23,17096.7,17117.5,17094.7,17094.7,15:00:00,17124.196425916303,3,70
2023-03-23,17072.2,17096.05,17057.4,17096.05,15:05:00,17119.244385352846,3,71
2023-03-23,17070.1,17073.55,17059.6,17073.55,15:10:00,17114.563967700193,3,72
2023-03-23,17072.45,17078.2,17065.75,17069.9,15:15:00,17110.55311363351,3,73
2023-03-23,17073.65,17078.3,17067.25,17072.4,15:20:00,17107.0385313827,3,74
2023-03-23,17068.45,17077.55,17061.75,17074.15,15:25:00,17103.363433155777,3,75
2023-03-24,17088.25,17108.55,17069.4,17076.2,09:15:00,17099.583445281714,4,1
2023-03-24,17052.2,17087.75,17044.25,17087.75,09:20:00,17095.070736207264,4,2
2023-03-24,17020.75,17053.85,17015.35,17052.0,09:25:00,17087.992570854192,4,3
2023-03-24,17027.75,17033.95,16995.4,17021.6,09:30:00,17082.255183153793,4,4
2023-03-24,17030.7,17052.3,17026.3,17029.1,09:35:00,17077.345165710572,4,5
2023-03-24,17037.0,17060.4,17030.9,17030.9,09:40:00,17073.502768976232,4,6
2023-03-24,17070.25,17073.25,17026.75,17037.05,09:45:00,17073.192981454686,4,7
2023-03-24,17078.25,17079.75,17055.55,17069.75,09:50:00,17073.674602268526,4,8
2023-03-24,17068.35,17078.55,17061.35,17078.3,09:55:00,17073.16749729057,4,9
2023-03-24,17052.2,17073.05,17047.6,17068.15,10:00:00,17071.170592786708,4,10
2023-03-24,17048.15,17062.3,17041.8,17053.5,10:05:00,17068.978155378452,4,11
2023-03-24,17064.15,17065.45,17035.55,17047.45,10:10:00,17068.518331056697,4,12
2023-03-24,17059.25,17087.8,17058.95,17064.8,10:15:00,17067.63563286082,4,13
2023-03-24,17050.75,17066.2,17046.6,17059.8,10:20:00,17066.027477350268,4,14
2023-03-24,17033.25,17050.6,17023.95,17050.6,10:25:00,17062.90581284072,4,15
2023-03-24,17043.15,17047.4,17026.4,17033.95,10:30:00,17061.02430685589,4,16
2023-03-24,17030.4,17046.4,17023.95,17043.05,10:35:00,17058.107706202947,4,17
2023-03-24,17017.75,17033.8,17016.25,17029.8,10:40:00,17054.264115136,4,18
2023-03-24,17027.15,17027.2,17010.8,17017.05,10:45:00,17051.68181845638,4,19
2023-03-24,17037.7,17039.95,17018.4,17026.65,10:50:00,17050.350216698633,4,20
2023-03-24,17024.6,17042.2,17024.6,17039.55,10:55:00,17047.897815108285,4,21
2023-03-24,17034.4,17042.0,17024.25,17024.75,11:00:00,17046.612308907497,4,22
2023-03-24,17038.6,17044.05,17033.55,17034.85,11:05:00,17045.849231868688,4,23
2023-03-24,17061.9,17063.5,17037.8,17038.4,11:10:00,17047.37787645262,4,24
2023-03-24,17055.7,17072.55,17055.1,17061.45,11:15:00,17048.17045964761,4,25
2023-03-24,17057.05,17059.6,17047.65,17055.55,11:20:00,17049.01613015736,4,26
2023-03-24,17046.15,17057.65,17043.2,17057.65,11:25:00,17048.74316538047,4,27
2023-03-24,17054.4,17054.4,17039.95,17047.3,11:30:00,17049.281911534712,4,28
2023-03-24,17061.95,17061.95,17047.35,17055.0,11:35:00,17050.488396150453,4,29
2023-03-24,17073.6,17075.35,17061.95,17063.8,11:40:00,17052.689501278983,4,30
2023-03-24,17063.1,17078.25,17063.1,17075.3,11:45:00,17053.680977347653,4,31
2023-03-24,17066.9,17067.85,17055.5,17065.05,11:50:00,17054.939931885972,4,32
2023-03-24,17079.85,17087.85,17067.65,17067.7,11:55:00,17057.312319325403,4,33
2023-03-24,17078.7,17083.35,17069.9,17081.0,12:00:00,17059.349241294414,4,34
2023-03-24,17076.55,17085.8,17074.85,17079.55,12:05:00,17060.987408790184,4,35
2023-03-24,17082.5,17087.25,17074.95,17077.65,12:10:00,17063.036227000644,4,36
2023-03-24,17090.5,17091.65,17078.75,17083.25,12:15:00,17065.651824429155,4,37
2023-03-24,17095.75,17097.95,17086.0,17091.3,12:20:00,17068.518317340666,4,38
2023-03-24,17077.85,17096.6,17077.85,17095.5,12:25:00,17069.407049022506,4,39
2023-03-24,17067.8,17086.05,17066.45,17081.6,12:30:00,17069.253996734646,4,40
2023-03-24,17057.1,17071.75,17051.5,17068.45,12:35:00,17068.096473236106,4,41
2023-03-24,17055.6,17061.1,17040.0,17057.65,12:40:00,17066.906332927905,4,42
2023-03-24,17044.55,17060.6,17041.25,17056.55,12:45:00,17064.777158363344,4,43
2023-03-24,17048.95,17055.1,17040.4,17046.75,12:50:00,17063.269809947786,4,44
2023-03-24,17045.35,17056.75,17043.65,17049.5,12:55:00,17061.563161381328,4,45
2023-03-24,17055.35,17057.7,17045.45,17046.9,13:00:00,17060.971431725964,4,46
2023-03-24,17066.7,17071.85,17056.3,17056.4,13:05:00,17061.517009656825,4,47
2023-03-24,17080.55,17082.15,17066.3,17067.65,13:10:00,17063.329675403795,4,48
2023-03-24,17078.7,17091.6,17076.75,17081.95,13:15:00,17064.793515841528,4,49
2023-03-24,17073.6,17083.3,17060.3,17081.95,13:20:00,17065.632228618524,4,50
2023-03-24,17071.55,17078.45,17064.9,17073.8,13:25:00,17066.195825892948,4,51
2023-03-24,17057.6,17077.95,17056.45,17073.35,13:30:00,17065.377175807906,4,52
2023-03-24,17024.55,17058.7,17022.5,17058.55,13:35:00,17061.488873350012,4,53
2023-03-24,17036.75,17036.95,17021.55,17025.2,13:40:00,17059.132790173822,4,54
2023-03-24,17031.6,17039.7,17028.9,17036.95,13:45:00,17056.510619681078,4,55
2023-03-24,17040.9,17045.75,17027.55,17032.5,13:50:00,17055.023893997164,4,56
2023-03-24,17040.0,17053.65,17036.65,17041.75,13:55:00,17053.593046949816,4,57
2023-03-24,17030.95,17043.1,17023.15,17042.0,14:00:00,17051.436566287928,4,58
2023-03-24,17026.15,17031.4,17017.45,17031.4,14:05:00,17049.028321879556,4,59
2023-03-24,17024.55,17031.05,17008.1,17027.3,14:10:00,17046.697053129123,4,60
2023-03-24,17000.75,17025.55,17000.75,17025.5,14:15:00,17042.3211433073,4,61
2023-03-24,16999.85,17007.2,16997.9,17002.55,14:20:00,17038.27627251613,4,62
2023-03-24,16983.45,17009.6,16982.8,17002.1,14:25:00,17033.054722752688,4,63
2023-03-24,16970.4,16984.1,16966.9,16984.05,14:30:00,17027.08760630005,4,64
2023-03-24,16978.95,16985.85,16970.75,16972.4,14:35:00,17022.50307236671,4,65
2023-03-24,16986.0,17007.25,16978.7,16980.45,14:40:00,17019.026589284167,4,66
2023-03-24,16983.65,16995.05,16978.7,16988.3,14:45:00,17015.657390304725,4,67
2023-03-24,16979.45,16987.65,16968.9,16984.45,14:50:00,17012.20906741856,4,68
2023-03-24,16990.75,16996.1,16972.05,16980.8,14:55:00,17010.16534671203,4,69
2023-03-24,16956.85,16999.4,16952.2,16993.35,15:00:00,17005.08769464422,4,70
2023-03-24,16969.65,16971.2,16951.0,16957.55,15:05:00,17001.712676106676,4,71
2023-03-24,16954.5,16972.0,16953.45,16970.1,15:10:00,16997.21623076318,4,72
2023-03-24,16933.25,16961.05,16932.8,16956.05,15:15:00,16991.124208785735,4,73
2023-03-24,16919.35,16935.35,16918.5,16933.3,15:20:00,16984.28856985376,4,74
2023-03-24,16932.6,16936.6,16919.8,16919.8,15:25:00,16979.365848915306,4,75
2023-03-27,16963.2,16990.3,16960.0,16984.3,09:15:00,16978.25140920278,0,1
2023-03-27,16937.0,16962.85,16919.4,16962.85,09:20:00,16974.322703564423,0,2
2023-03-27,16978.5,16987.8,16930.1,16936.75,09:25:00,16974.720541320192,0,3
2023-03-27,17010.2,17017.4,16979.5,16979.5,09:30:00,16978.099537384936,0,4
2023-03-27,17016.0,17024.6,16997.05,17010.45,09:35:00,16981.709105253038,0,5
2023-03-27,17010.85,17021.95,17009.65,17015.8,09:40:00,16984.48442856227,0,6
2023-03-27,17025.1,17034.8,16995.25,17010.4,09:45:00,16988.352578223006,0,7
2023-03-27,17022.7,17028.85,17012.4,17025.45,09:50:00,16991.623761249386,0,8
2023-03-27,17023.3,17030.55,17019.45,17022.9,09:55:00,16994.640545892304,0,9
2023-03-27,17015.55,17028.4,17005.2,17023.35,10:00:00,16996.63192247399,0,10
2023-03-27,17029.25,17035.05,17013.95,17015.2,10:05:00,16999.738406047894,0,11
2023-03-27,17030.55,17038.0,17026.1,17029.55,10:10:00,17002.672843567143,0,12
2023-03-27,17031.05,17044.85,17030.55,17031.15,10:15:00,17005.375429894084,0,13
2023-03-27,17017.55,17036.8,17017.25,17031.45,10:20:00,17006.534912761315,0,14
2023-03-27,17032.1,17032.55,17009.6,17016.8,10:25:00,17008.969682974523,0,15
2023-03-27,17019.25,17035.05,17019.25,17032.15,10:30:00,17009.948760786472,0,16
2023-03-27,16996.5,17018.9,16996.5,17018.8,10:35:00,17008.667926425856,0,17
2023-03-27,16986.1,17002.5,16985.35,16996.15,10:40:00,17006.518600099585,0,18
2023-03-27,17000.75,17003.85,16982.25,16985.3,10:45:00,17005.96920961391,0,19
2023-03-27,16990.6,17001.7,16989.1,17000.85,10:50:00,17004.505475364967,0,20
2023-03-27,17000.9,17006.0,16986.35,16990.45,10:55:00,17004.16209675878,0,21
2023-03-27,17008.6,17009.05,16988.8,17000.5,11:00:00,17004.584754210326,0,22
2023-03-27,17003.45,17010.3,16991.55,17007.95,11:05:00,17004.476682380773,0,23
2023-03-27,16996.95,17011.25,16996.05,17003.6,11:10:00,17003.759855487366,0,24
2023-03-27,16978.45,16997.6,16978.0,16997.0,11:15:00,17001.349393059998,0,25
2023-03-27,16992.9,16992.9,16975.75,16978.4,11:20:00,17000.544688959046,0,26
2023-03-27,16992.55,16998.7,16988.4,16992.85,11:25:00,16999.783290010564,0,27
2023-03-27,16993.45,16993.55,16980.95,16992.4,11:30:00,16999.18011953337,0,28
2023-03-27,17012.15,17018.8,16993.3,16993.3,11:35:00,17000.415346244477,0,29
2023-03-27,17027.65,17033.45,17011.05,17011.5,11:40:00,17003.009122792624,0,30
2023-03-27,17028.25,17030.0,17016.4,17027.75,11:45:00,17005.41301585999,0,31
2023-03-27,17026.9,17034.2,17025.05,17028.5,11:50:00,17007.459395301896,0,32
2023-03-27,17021.05,17027.7,17014.8,17026.5,11:55:00,17008.753738606476,0,33
2023-03-27,17025.35,17026.05,17016.45,17020.65,12:00:00,17010.33433492967,0,34
2023-03-27,17039.9,17040.45,17024.1,17024.9,12:05:00,17013.150112555417,0,35
2023-03-27,17034.65,17051.85,17033.9,17040.15,12:10:00,17015.197720883472,0,36
2023-03-27,17049.4,17053.8,17034.15,17035.05,12:15:00,17018.455080799333,0,37
2023-03-27,17043.85,17061.2,17042.45,17049.9,12:20:00,17020.87364453273,0,38
2023-03-27,17043.8,17048.6,17039.25,17042.6,12:25:00,17023.057106958186,0,39
2023-03-27,17047.7,17060.15,17042.95,17042.95,12:30:00,17025.404049152643,0,40
2023-03-27,17046.95,17053.4,17041.15,17047.5,12:35:00,17027.45604447144,0,41
2023-03-27,17051.65,17053.2,17045.05,17046.8,12:40:00,17029.760230712254,0,42
2023-03-27,17052.7,17056.45,17046.0,17051.85,12:45:00,17031.94497064442,0,43
2023-03-27,17031.5,17053.65,17029.05,17053.0,12:50:00,17031.90259248781,0,44
2023-03-27,17031.5,17037.3,17023.25,17031.9,12:55:00,17031.864250346116,0,45
2023-03-27,17016.55,17038.2,17016.55,17031.95,13:00:00,17030.40575031315,0,46
2023-03-27,17019.45,17025.6,17016.3,17016.4,13:05:00,17029.362345521422,0,47
2023-03-27,17010.35,17027.7,17010.35,17019.8,13:10:00,17027.551645947955,0,48
2023-03-27,17006.95,17011.7,16998.75,17009.6,13:15:00,17025.5895844291,0,49
2023-03-27,16994.45,17014.8,16989.8,17006.2,13:20:00,17022.62390972157,0,50
2023-03-27,16987.9,17002.0,16982.6,16993.5,13:25:00,17019.31687070047,0,51
2023-03-27,17009.85,17015.95,16986.85,16988.45,13:30:00,17018.41526396709,0,52
2023-03-27,17001.95,17022.7,17000.1,17009.5,13:35:00,17016.84714358927,0,53
2023-03-27,17016.95,17019.05,16996.7,17000.45,13:40:00,17016.856939437912,0,54
2023-03-27,17007.75,17024.7,17005.5,17017.1,13:45:00,17015.989611872395,0,55
2023-03-27,17034.15,17038.25,17006.95,17007.75,13:50:00,17017.71917264645,0,56
2023-03-27,17042.7,17045.4,17031.8,17034.5,13:55:00,17020.098299061076,0,57
2023-03-27,17037.55,17049.25,17033.15,17042.9,14:00:00,17021.76036581716,0,58
2023-03-27,17036.05,17046.45,17032.2,17038.25,14:05:00,17023.121283358385,0,59
2023-03-27,17039.85,17042.4,17029.75,17036.25,14:10:00,17024.71449446711,0,60
2023-03-27,17053.75,17058.0,17040.2,17040.2,14:15:00,17027.479780708338,0,61
2023-03-27,17073.25,17076.1,17047.75,17054.75,14:20:00,17031.838849212305,0,62
2023-03-27,17083.65,17089.15,17072.8,17073.3,14:25:00,17036.77324452542,0,63
2023-03-27,17074.55,17087.6,17066.25,17083.7,14:30:00,17040.371030761093,0,64
2023-03-27,17075.65,17090.75,17074.55,17074.75,14:35:00,17043.730932593367,0,65
2023-03-27,17063.25,17083.2,17063.25,17076.05,14:40:00,17045.589891394,0,66
2023-03-27,17067.2,17074.25,17060.55,17063.35,14:45:00,17047.647996975524,0,67
2023-03-27,17071.1,17072.55,17060.65,17067.4,14:50:00,17049.881521073094,0,68
2023-03-27,17055.0,17075.1,17053.55,17070.1,14:55:00,17050.36899525661,0,69
2023-03-27,16992.25,17050.25,16991.5,17050.25,15:00:00,17044.833852851218,0,70
2023-03-27,16988.25,17004.4,16982.5,16993.25,15:05:00,17039.444914484437,0,71
2023-03-27,16982.45,16991.8,16974.35,16989.15,15:10:00,17034.016827390682,0,72
2023-03-27,16965.9,16986.9,16965.25,16982.4,15:15:00,17027.529510496333,0,73
2023-03-27,16977.1,16977.85,16953.95,16965.55,15:20:00,17022.72669997287,0,74
2023-03-27,16963.45,16977.2,16958.45,16975.0,15:25:00,17017.081299975456,0,75
2023-03-28,17040.75,17044.3,17021.05,17031.75,09:15:00,17020.599431499184,1,1
2023-03-28,17024.15,17061.5,17011.7,17042.55,09:20:00,17020.937580880214,1,2
2023-03-28,17005.15,17031.75,17000.7,17024.3,09:25:00,17019.434001748767,1,3
2023-03-28,17005.9,17021.5,17003.2,17006.15,09:30:00,17018.145049201263,1,4
2023-03-28,17016.65,17023.8,17004.35,17005.9,09:35:00,17018.00266356305,1,5
2023-03-28,16986.2,17018.25,16981.65,17017.2,09:40:00,17014.973838461807,1,6
2023-03-28,16984.55,16995.6,16978.7,16986.35,09:45:00,17012.076330036874,1,7
2023-03-28,16983.4,16994.65,16974.7,16983.4,09:50:00,17009.34525098574,1,8
2023-03-28,16976.2,16992.05,16976.2,16983.05,09:55:00,17006.18856041567,1,9
2023-03-28,16980.0,16983.65,16971.45,16976.5,10:00:00,17003.694411804656,1,10
2023-03-28,16978.1,16984.15,16976.85,16980.15,10:05:00,17001.25684877564,1,11
2023-03-28,16992.5,16993.5,16971.35,16978.35,10:10:00,17000.42286317796,1,12
2023-03-28,16996.7,17000.9,16977.95,16992.15,10:15:00,17000.068304780056,1,13
2023-03-28,16989.25,16998.1,16983.4,16996.95,10:20:00,16999.037990039098,1,14
2023-03-28,16969.7,16990.55,16968.6,16989.05,10:25:00,16996.24389574966,1,15
2023-03-28,16951.95,16969.95,16947.05,16969.95,10:30:00,16992.02542948779,1,16
2023-03-28,16944.75,16952.6,16943.25,16951.4,10:35:00,16987.523007631808,1,17
2023-03-28,16946.3,16956.2,16944.85,16945.45,10:40:00,16983.59700690497,1,18
2023-03-28,16957.4,16957.4,16944.9,16946.1,10:45:00,16981.1020538664,1,19
2023-03-28,16949.4,16957.85,16946.4,16957.75,10:50:00,16978.08281064103,1,20
2023-03-28,16932.05,16949.15,16931.2,16949.15,10:55:00,16973.698733437122,1,21
2023-03-28,16944.15,16946.75,16930.35,16932.3,11:00:00,16970.884568347872,1,22
2023-03-28,16944.4,16953.35,16941.15,16945.15,11:05:00,16968.36222850522,1,23
2023-03-28,16945.85,16948.85,16931.65,16944.3,11:10:00,16966.218206742815,1,24
2023-03-28,16958.55,16960.1,16946.75,16946.75,11:15:00,16965.487901338736,1,25
2023-03-28,16956.6,16963.2,16944.55,16958.5,11:20:00,16964.64143454457,1,26
2023-03-28,16954.5,16961.95,16952.45,16955.45,11:25:00,16963.675583635562,1,27
2023-03-28,16956.2,16960.9,16947.3,16953.55,11:30:00,16962.963623289317,1,28
2023-03-28,16977.8,16979.2,16952.35,16956.15,11:35:00,16964.37661154748,1,29
2023-03-28,16982.55,16984.7,16972.3,16979.2,11:40:00,16966.10741044772,1,30
2023-03-28,16982.05,16985.75,16976.4,16982.8,11:45:00,16967.62575230984,1,31
2023-03-28,16979.05,16991.75,16978.65,16982.8,11:50:00,16968.713775899378,1,32
2023-03-28,16973.75,16981.1,16969.8,16978.65,11:55:00,16969.193416289912,1,33
2023-03-28,16964.8,16975.0,16964.35,16973.85,12:00:00,16968.774995690874,1,34
2023-03-28,16968.1,16971.05,16957.25,16964.65,12:05:00,16968.71071038698,1,35
2023-03-28,16951.1,16972.55,16950.6,16969.0,12:10:00,16967.033499873934,1,36
2023-03-28,16944.3,16959.55,16942.3,16950.35,12:15:00,16964.868404647845,1,37
2023-03-28,16947.5,16966.8,16939.05,16944.1,12:20:00,16963.21427087186,1,38
2023-03-28,16950.75,16958.3,16946.35,16947.6,12:25:00,16962.027197455493,1,39
2023-03-28,16968.9,16970.35,16950.1,16950.1,12:30:00,16962.68175007878,1,40
2023-03-28,16970.55,16972.9,16963.1,16969.65,12:35:00,16963.431107214135,1,41
2023-03-28,16953.0,16971.55,16952.5,16970.1,12:40:00,16962.437668431838,1,42
2023-03-28,16960.4,16962.6,16950.6,16953.75,12:45:00,16962.243604771662,1,43
2023-03-28,16966.4,16968.65,16959.3,16959.95,12:50:00,16962.639451936266,1,44
2023-03-28,16969.15,16969.45,16959.65,16965.05,12:55:00,16963.25950413281,1,45
2023-03-28,16963.9,16974.95,16963.4,16969.0,13:00:00,16963.320503739207,1,46
2023-03-28,16983.0,16985.05,16961.65,16963.45,13:05:00,16965.19474147833,1,47
2023-03-28,16979.85,16985.45,16972.95,16983.25,13:10:00,16966.590480385155,1,48
2023-03-28,16977.9,16985.65,16974.55,16980.5,13:15:00,16967.66757749133,1,49
2023-03-28,16957.25,16980.7,16957.1,16976.65,13:20:00,16966.67542725406,1,50
2023-03-28,16952.5,16960.4,16943.95,16957.3,13:25:00,16965.3253865632,1,51
2023-03-28,16949.65,16960.35,16946.5,16952.55,13:30:00,16963.8324926048,1,52
2023-03-28,16956.0,16956.0,16942.2,16949.25,13:35:00,16963.086540928154,1,53
2023-03-28,16962.7,16964.6,16947.7,16955.0,13:40:00,16963.049727506426,1,54
2023-03-28,16950.55,16963.2,16949.9,16962.8,13:45:00,16961.85927726772,1,55
2023-03-28,16943.55,16961.65,16943.55,16951.1,13:50:00,16960.115536575555,1,56
2023-03-28,16945.45,16951.05,16930.1,16940.2,13:55:00,16958.718818806454,1,57
2023-03-28,16946.3,16957.05,16942.5,16945.2,14:00:00,16957.53607415822,1,58
2023-03-28,16935.45,16951.75,16931.45,16946.25,14:05:00,16955.432638524104,1,59
2023-03-28,16923.7,16937.8,16914.2,16935.7,14:10:00,16952.410482474188,1,60
2023-03-28,16919.35,16931.85,16913.8,16924.05,14:15:00,16949.261865095694,1,61
2023-03-28,16927.6,16928.5,16915.7,16919.15,14:20:00,16947.198830324676,1,62
2023-03-28,16941.2,16947.15,16927.45,16927.45,14:25:00,16946.6275131509,1,63
2023-03-28,16933.5,16950.55,16931.6,16939.75,14:30:00,16945.377273803195,1,64
2023-03-28,16935.7,16945.6,16932.25,16935.4,14:35:00,16944.455628679083,1,65
2023-03-28,16946.8,16947.35,16934.05,16935.45,14:40:00,16944.678902138217,1,66
2023-03-28,16937.2,16953.85,16935.45,16946.75,14:45:00,16943.966625744102,1,67
2023-03-28,16944.35,16952.2,16937.0,16937.75,14:50:00,16944.003137577998,1,68
2023-03-28,16953.4,16956.05,16942.85,16944.1,14:55:00,16944.898076856283,1,69
2023-03-28,16940.6,16969.75,16930.65,16953.95,15:00:00,16944.488736203304,1,70
2023-03-28,16949.15,16949.15,16939.05,16941.0,15:05:00,16944.9326660887,1,71
2023-03-28,16943.2,16960.05,16942.95,16949.2,15:10:00,16944.767650270733,1,72
2023-03-28,16947.25,16951.45,16943.05,16943.05,15:15:00,16945.004064530665,1,73
2023-03-28,16963.65,16965.7,16946.15,16947.3,15:20:00,16946.779867908695,1,74
2023-03-28,16956.85,16966.0,16954.7,16963.2,15:25:00,16947.73892810787,1,75
2023-03-29,16996.85,17022.35,16977.3,16977.3,09:15:00,16954.96338559397,2,1
2023-03-29,16999.15,17006.1,16980.85,16997.2,09:20:00,16959.17163458502,2,2
2023-03-29,17001.0,17009.25,16988.3,16996.75,09:25:00,16963.155288434064,2,3
2023-03-29,17004.3,17006.4,16992.15,17000.0,09:30:00,16967.073832392725,2,4
2023-03-29,17012.1,17015.55,16994.1,17003.35,09:35:00,16971.362038831514,2,5
2023-03-29,17015.2,17016.7,17006.05,17012.3,09:40:00,16975.537082752322,2,6
2023-03-29,17021.25,17021.25,17009.9,17015.6,09:45:00,16979.89069391877,2,7
2023-03-29,17016.55,17027.85,17015.3,17021.15,09:50:00,16983.382056402694,2,8
2023-03-29,17024.7,17032.7,17014.2,17016.45,09:55:00,16987.317098650055,2,9
2023-03-29,17009.1,17025.3,17008.15,17025.1,10:00:00,16989.391660683385,2,10
2023-03-29,17011.45,17017.65,17008.8,17008.8,10:05:00,16991.492454904015,2,11
2023-03-29,17016.45,17017.8,17006.0,17011.3,10:10:00,16993.869363960774,2,12
2023-03-29,17017.85,17018.35,17010.85,17016.0,10:15:00,16996.153234059748,2,13
2023-03-29,17036.55,17042.05,17016.75,17017.9,10:20:00,17000.000545101677,2,14
2023-03-29,17043.35,17044.0,17034.55,17035.95,10:25:00,17004.1290646158,2,15
2023-03-29,17047.7,17048.25,17038.3,17043.65,10:30:00,17008.278677509534,2,16
2023-03-29,17042.0,17048.55,17041.05,17047.4,10:35:00,17011.490232032436,2,17
2023-03-29,17030.25,17042.25,17028.3,17042.2,10:40:00,17013.276876600776,2,18
2023-03-29,17032.4,17033.5,17026.3,17030.15,10:45:00,17015.098126448323,2,19
2023-03-29,17026.35,17035.2,17025.35,17031.6,10:50:00,17016.169733453244,2,20
2023-03-29,17017.3,17026.75,17016.75,17026.7,10:55:00,17016.27737788627,2,21
2023-03-29,17016.25,17026.95,17016.25,17017.55,11:00:00,17016.274770468528,2,22
2023-03-29,16983.95,17019.25,16976.6,17016.65,11:05:00,17013.196220900096,2,23
2023-03-29,16977.7,16986.25,16968.4,16984.8,11:10:00,17009.81562843342,2,24
2023-03-29,16975.85,16983.3,16968.35,16976.0,11:15:00,17006.580806677855,2,25
2023-03-29,16986.1,16986.1,16971.95,16975.25,11:20:00,17004.630253660915,2,26
2023-03-29,16987.95,16997.25,16984.3,16986.1,11:25:00,17003.041658074162,2,27
2023-03-29,16977.3,16987.45,16970.65,16987.45,11:30:00,17000.59007159091,2,28
2023-03-29,16970.25,16977.9,16968.0,16977.8,11:35:00,16997.700540963204,2,29
2023-03-29,16968.55,16972.8,16967.05,16970.6,11:40:00,16994.924298966707,2,30
2023-03-29,16974.35,16980.65,16963.35,16968.55,11:45:00,16992.964841922258,2,31
2023-03-29,16974.35,16975.55,16959.3,16973.75,11:50:00,16991.191999834424,2,32
2023-03-29,16975.1,16980.15,16971.2,16974.75,11:55:00,16989.659428421623,2,33
2023-03-29,16964.45,16977.8,16962.05,16975.15,12:00:00,16987.258530476705,2,34
2023-03-29,16945.95,16967.35,16945.0,16964.55,12:05:00,16983.32438471702,2,35
2023-03-29,16952.0,16955.45,16942.65,16945.75,12:10:00,16980.341109982066,2,36
2023-03-29,16943.8,16955.9,16941.25,16952.45,12:15:00,16976.86100426949,2,37
2023-03-29,16947.4,16953.4,16941.15,16944.45,12:20:00,16974.055194339064,2,38
2023-03-29,16951.35,16955.9,16943.75,16947.55,12:25:00,16971.8927948782,2,39
2023-03-29,16952.15,16953.0,16946.1,16951.05,12:30:00,16970.012528699324,2,40
2023-03-29,16958.15,16964.15,16951.55,16952.5,12:35:00,16968.882764061294,2,41
2023-03-29,16957.5,16960.35,16954.05,16957.85,12:40:00,16967.798691293552,2,42
2023-03-29,16968.95,16975.7,16957.15,16957.35,12:45:00,16967.908339741785,2,43
2023-03-29,16963.05,16972.45,16963.05,16969.0,12:50:00,16967.445640718757,2,44
2023-03-29,16976.45,16976.9,16958.5,16962.9,12:55:00,16968.303198745543,2,45
2023-03-29,16973.5,16988.85,16972.15,16976.05,13:00:00,16968.79813219835,2,46
2023-03-29,16982.3,16986.15,16971.15,16973.7,13:05:00,16970.084024369935,2,47
2023-03-29,16979.95,16989.2,16979.65,16982.45,13:10:00,16971.02364109661,2,48
2023-03-29,17005.75,17006.05,16979.55,16980.4,13:15:00,16974.330913373124,2,49
2023-03-29,17011.85,17018.1,17003.6,17005.6,13:20:00,16977.904159718542,2,50
2023-03-29,17018.0,17018.4,17010.0,17011.6,13:25:00,16981.722811173917,2,51
2023-03-29,17007.7,17020.15,17002.0,17017.1,13:30:00,16984.196829157354,2,52
2023-03-29,16997.3,17011.05,16992.4,17007.5,13:35:00,16985.44475018999,2,53
2023-03-29,17003.0,17007.95,16993.35,16997.05,13:40:00,16987.11667874332,2,54
2023-03-29,17001.6,17006.65,16999.35,17002.05,13:45:00,16988.49604267253,2,55
2023-03-29,17009.7,17012.0,16994.0,17000.1,13:50:00,16990.515467179906,2,56
2023-03-29,17026.55,17029.95,17008.9,17008.9,13:55:00,16993.947327448488,2,57
2023-03-29,17047.15,17048.25,17025.35,17025.45,14:00:00,16999.01424864387,2,58
2023-03-29,17043.45,17051.75,17036.85,17047.0,14:05:00,17003.246224963503,2,59
2023-03-29,17045.35,17045.35,17036.4,17041.55,14:10:00,17007.256108300313,2,60
2023-03-29,17030.8,17057.35,17024.2,17045.3,14:15:00,17009.498383700284,2,61
2023-03-29,17025.3,17031.55,17012.1,17031.55,14:20:00,17011.00329953835,2,62
2023-03-29,17018.5,17027.15,17013.7,17024.65,14:25:00,17011.71727101089,2,63
2023-03-29,16999.85,17022.3,16990.4,17019.9,14:30:00,17010.58705472414,2,64
2023-03-29,16997.65,17000.95,16992.95,16999.75,14:35:00,17009.354954274222,2,65
2023-03-29,17008.1,17009.55,16995.65,16997.4,14:40:00,17009.235434819533,2,66
2023-03-29,17013.05,17013.25,17003.05,17008.5,14:45:00,17009.598726741482,2,67
2023-03-29,17015.55,17018.05,17002.05,17012.1,14:50:00,17010.165514670865,2,68
2023-03-29,17015.4,17021.35,17008.9,17014.75,14:55:00,17010.664037083166,2,69
2023-03-29,17061.45,17065.5,17011.9,17013.9,15:00:00,17015.5007954562,2,70
2023-03-29,17071.7,17073.45,17052.7,17061.35,15:05:00,17020.85310065085,2,71
2023-03-29,17094.85,17096.6,17067.15,17071.55,15:10:00,17027.900424398387,2,72
2023-03-29,17099.85,17102.3,17087.15,17096.25,15:15:00,17034.752764931873,2,73
2023-03-29,17109.35,17115.1,17097.4,17100.2,15:20:00,17041.857263509788,2,74
2023-03-29,17115.55,17125.9,17106.35,17110.4,15:25:00,17048.875619365997,2,75
2023-03-31,17246.3,17262.55,17209.45,17210.35,09:15:00,17081.591833539966,4,1
2023-03-31,17270.9,17274.95,17246.2,17246.2,09:20:00,17099.621182726634,4,2
2023-03-31,17269.9,17276.3,17255.2,17270.75,09:25:00,17115.838212943145,4,3
2023-03-31,17253.85,17278.55,17253.3,17270.45,09:30:00,17128.982192662847,4,4
2023-03-31,17263.5,17268.6,17254.3,17254.3,09:35:00,17141.793412409243,4,5
2023-03-31,17278.25,17289.1,17264.0,17264.0,09:40:00,17154.789277894077,4,6
2023-03-31,17274.7,17282.15,17273.1,17277.9,09:45:00,17166.20934666607,4,7
2023-03-31,17279.45,17281.6,17266.45,17274.2,09:50:00,17176.99417079311,4,8
2023-03-31,17261.55,17281.1,17261.1,17279.75,09:55:00,17185.047106908052,4,9
2023-03-31,17277.35,17281.85,17259.95,17261.65,10:00:00,17193.837858631094,4,10
2023-03-31,17265.75,17277.35,17259.1,17277.35,10:05:00,17200.68663399956,4,11
2023-03-31,17256.9,17269.05,17253.65,17265.25,10:10:00,17206.040287904365,4,12
2023-03-31,17263.35,17269.6,17256.35,17256.35,10:15:00,17211.498355722997,4,13
2023-03-31,17262.55,17265.75,17253.15,17262.35,10:20:00,17216.360417082713,4,14
2023-03-31,17256.25,17265.15,17253.3,17262.0,10:25:00,17220.159424979596,4,15
2023-03-31,17240.85,17257.25,17239.95,17257.25,10:30:00,17222.12995593392,4,16
2023-03-31,17244.4,17245.75,17234.9,17240.5,10:35:00,17224.25091251164,4,17
2023-03-31,17248.2,17250.55,17233.65,17243.45,10:40:00,17226.531777986722,4,18
2023-03-31,17237.2,17248.15,17235.55,17248.15,10:45:00,17227.547799130843,4,19
2023-03-31,17252.1,17253.4,17235.55,17237.55,10:50:00,17229.886103975525,4,20
2023-03-31,17249.4,17252.25,17239.15,17252.25,10:55:00,17231.74457026357,4,21
2023-03-31,17239.75,17250.4,17237.6,17249.9,11:00:00,17232.50699214323,4,22
2023-03-31,17251.7,17257.9,17238.35,17240.15,11:05:00,17234.3348976534,4,23
2023-03-31,17245.5,17252.35,17241.8,17251.7,11:10:00,17235.39824073403,4,24
2023-03-31,17250.3,17254.6,17242.1,17245.1,11:15:00,17236.817455902215,4,25
2023-03-31,17249.4,17254.9,17249.3,17249.35,11:20:00,17238.015793435337,4,26
2023-03-31,17259.0,17259.75,17249.05,17249.05,11:25:00,17240.014289298637,4,27
2023-03-31,17264.35,17269.45,17258.6,17258.6,11:30:00,17242.3319760321,4,28
2023-03-31,17272.65,17273.9,17262.15,17264.5,11:35:00,17245.219406886186,4,29
2023-03-31,17275.5,17283.35,17272.6,17272.6,11:40:00,17248.103272897028,4,30
2023-03-31,17272.65,17278.05,17268.2,17274.75,11:45:00,17250.441056430645,4,31
2023-03-31,17280.8,17291.95,17272.7,17272.7,11:50:00,17253.332384389632,4,32
2023-03-31,17277.15,17285.8,17276.1,17280.35,11:55:00,17255.600728733476,4,33
2023-03-31,17276.15,17281.55,17274.65,17277.1,12:00:00,17257.55780218743,4,34
2023-03-31,17275.0,17280.85,17274.3,17276.8,12:05:00,17259.218963883864,4,35
2023-03-31,17278.7,17282.2,17274.15,17275.4,12:10:00,17261.07430065683,4,36
2023-03-31,17284.0,17284.4,17268.65,17279.0,12:15:00,17263.257700594273,4,37
2023-03-31,17287.75,17289.25,17282.65,17284.1,12:20:00,17265.590300537675,4,38
2023-03-31,17289.45,17289.45,17282.95,17288.15,12:25:00,17267.86265286742,4,39
2023-03-31,17311.45,17316.0,17285.75,17289.2,12:30:00,17272.01382878481,4,40
2023-03-31,17314.9,17320.7,17311.05,17312.15,12:35:00,17276.0982260434,4,41
2023-03-31,17322.25,17323.55,17313.0,17315.3,12:40:00,17280.493633086884,4,42
2023-03-31,17316.55,17323.95,17311.85,17323.25,12:45:00,17283.927572792894,4,43
2023-03-31,17313.05,17315.95,17307.1,17315.95,12:50:00,17286.70113728881,4,44
2023-03-31,17311.5,17316.0,17306.55,17313.65,12:55:00,17289.062933737492,4,45
2023-03-31,17321.25,17323.4,17308.25,17311.7,13:00:00,17292.128368619637,4,46
2023-03-31,17319.15,17324.15,17316.5,17322.55,13:05:00,17294.70185732253,4,47
2023-03-31,17316.65,17325.4,17315.05,17319.8,13:10:00,17296.792156625146,4,48
2023-03-31,17323.85,17324.9,17312.4,17317.5,13:15:00,17299.369094089416,4,49
2023-03-31,17321.35,17325.55,17313.25,17324.3,13:20:00,17301.46251369995,4,50
2023-03-31,17325.55,17329.1,17318.7,17321.7,13:25:00,17303.75656001424,4,51
2023-03-31,17328.65,17332.0,17314.35,17325.85,13:30:00,17306.12736382241,4,52
2023-03-31,17326.85,17338.4,17326.45,17329.95,13:35:00,17308.100948220275,4,53
2023-03-31,17344.35,17345.4,17325.55,17328.1,13:40:00,17311.553238865963,4,54
2023-03-31,17344.35,17350.6,17341.45,17345.95,13:45:00,17314.676739926348,4,55
2023-03-31,17355.45,17356.55,17343.45,17344.95,13:50:00,17318.55990755241,4,56
2023-03-31,17354.95,17363.75,17354.0,17356.5,13:55:00,17322.025630642656,4,57
2023-03-31,17358.25,17361.95,17349.2,17355.9,14:00:00,17325.47557058145,4,58
2023-03-31,17353.55,17365.55,17353.2,17358.15,14:05:00,17328.149325764167,4,59
2023-03-31,17360.8,17364.7,17352.95,17354.85,14:10:00,17331.258913786627,4,60
2023-03-31,17371.05,17373.6,17360.9,17361.75,14:15:00,17335.048541045042,4,61
2023-03-31,17360.55,17373.7,17356.5,17372.15,14:20:00,17337.477251421704,4,62
2023-03-31,17360.4,17362.05,17347.35,17362.05,14:25:00,17339.66037033392,4,63
2023-03-31,17354.0,17361.6,17344.15,17361.5,14:30:00,17341.026049349737,4,64
2023-03-31,17359.2,17360.6,17349.65,17354.7,14:35:00,17342.75690179262,4,65
2023-03-31,17357.75,17362.05,17353.15,17359.35,14:40:00,17344.18481590761,4,66
2023-03-31,17376.2,17376.6,17352.7,17358.7,14:45:00,17347.233881059266,4,67
2023-03-31,17359.85,17376.95,17351.65,17376.95,14:50:00,17348.43541619648,4,68
2023-03-31,17366.6,17366.75,17354.95,17361.0,14:55:00,17350.16537655872,4,69
2023-03-31,17371.05,17381.3,17361.15,17368.0,15:00:00,17352.154388315033,4,70
2023-03-31,17371.55,17380.9,17368.9,17371.4,15:05:00,17354.001589427888,4,71
2023-03-31,17363.2,17371.35,17357.05,17371.25,15:10:00,17354.877628529994,4,72
2023-03-31,17342.0,17364.1,17341.8,17362.65,15:15:00,17353.651187717613,4,73
2023-03-31,17351.35,17352.15,17337.7,17341.5,15:20:00,17353.432026982602,4,74
2023-03-31,17356.85,17367.5,17351.1,17351.25,15:25:00,17353.757548222355,4,75
2023-04-03,17380.25,17427.95,17378.05,17427.95,09:15:00,17362.67363924778,0,1
2023-04-03,17384.7,17386.6,17360.5,17377.4,09:20:00,17364.771387890847,0,2
2023-04-03,17344.45,17384.35,17337.45,17382.4,09:25:00,17362.83601761553,0,3
2023-04-03,17351.75,17359.65,17331.1,17345.35,09:30:00,17361.780206414052,0,4
2023-04-03,17337.15,17356.4,17335.85,17351.7,09:35:00,17359.434472469857,0,5
2023-04-03,17358.4,17363.05,17325.8,17336.15,09:40:00,17359.33595128225,0,6
2023-04-03,17377.0,17379.6,17357.75,17358.85,09:45:00,17361.01824163632,0,7
2023-04-03,17364.55,17379.6,17364.55,17378.25,09:50:00,17361.354599575716,0,8
2023-04-03,17374.75,17374.75,17357.35,17364.05,09:55:00,17362.630351997075,0,9
2023-04-03,17362.65,17381.9,17360.45,17374.15,10:00:00,17362.63222323545,0,10
2023-04-03,17364.75,17370.1,17357.65,17362.05,10:05:00,17362.833916260646,0,11
2023-04-03,17367.9,17376.5,17364.8,17365.35,10:10:00,17363.316400426298,0,12
2023-04-03,17357.65,17368.2,17351.4,17368.2,10:15:00,17362.77674324284,0,13
2023-04-03,17375.1,17378.45,17355.7,17357.7,10:20:00,17363.950386743523,0,14
2023-04-03,17362.7,17374.7,17361.3,17374.7,10:25:00,17363.831302291757,0,15
2023-04-03,17357.7,17365.55,17352.1,17364.05,10:30:00,17363.24736874016,0,16
2023-04-03,17358.45,17361.6,17355.45,17357.3,10:35:00,17362.790476479193,0,17
2023-04-03,17337.85,17358.65,17336.25,17358.65,10:40:00,17360.415193004985,0,18
2023-04-03,17351.25,17353.75,17335.4,17337.65,10:45:00,17359.5423174807,0,19
2023-04-03,17339.15,17351.7,17336.95,17351.7,10:50:00,17357.600192006346,0,20
2023-04-03,17338.85,17342.0,17331.65,17339.2,10:55:00,17355.814459434314,0,21
2023-04-03,17341.9,17344.85,17338.8,17338.8,11:00:00,17354.48927282152,0,22
2023-04-03,17335.4,17343.35,17334.6,17341.65,11:05:00,17352.671246838516,0,23
2023-04-03,17324.3,17334.95,17321.9,17334.95,11:10:00,17349.969223330085,0,24
2023-04-03,17326.0,17330.15,17321.75,17324.25,11:15:00,17347.68644015579,0,25
2023-04-03,17322.9,17328.3,17320.65,17326.15,11:20:00,17345.32582680762,0,26
2023-04-03,17317.9,17326.0,17315.55,17323.1,11:25:00,17342.713843302132,0,27
2023-04-03,17321.6,17322.65,17312.9,17318.3,11:30:00,17340.703001082882,0,28
2023-04-03,17332.75,17334.85,17320.55,17321.4,11:35:00,17339.94557240832,0,29
2023-04-03,17330.8,17336.25,17326.9,17333.6,11:40:00,17339.07456551229,0,30
2023-04-03,17337.0,17343.6,17330.85,17331.05,11:45:00,17338.87698784445,0,31
2023-04-03,17346.85,17350.45,17335.75,17337.35,11:50:00,17339.636322335456,0,32
2023-04-03,17345.3,17349.35,17337.3,17346.6,11:55:00,17340.17572020827,0,33
2023-04-03,17345.0,17346.55,17338.2,17344.5,12:00:00,17340.63517542653,0,34
2023-04-03,17359.2,17359.2,17344.2,17345.15,12:05:00,17342.403253957338,0,35
2023-04-03,17351.65,17363.6,17350.0,17358.3,12:10:00,17343.28389643759,0,36
2023-04-03,17362.35,17362.35,17346.7,17351.6,12:15:00,17345.099715824486,0,37
2023-04-03,17355.35,17363.0,17349.8,17360.8,12:20:00,17346.075933365013,0,38
2023-04-03,17356.95,17357.75,17343.6,17354.65,12:25:00,17347.11155875882,0,39
2023-04-03,17354.4,17358.5,17347.0,17356.85,12:30:00,17347.805696019885,0,40
2023-04-03,17348.5,17355.6,17345.3,17354.8,12:35:00,17347.871820208467,0,41
2023-04-03,17352.7,17358.05,17342.95,17348.4,12:40:00,17348.33164685528,0,42
2023-04-03,17356.0,17357.25,17348.65,17352.95,12:45:00,17349.061966202396,0,43
2023-04-03,17355.05,17362.35,17352.75,17354.75,12:50:00,17349.6322551355,0,44
2023-04-03,17344.55,17355.45,17343.7,17354.1,12:55:00,17349.14823083688,0,45
2023-04-03,17350.6,17350.6,17336.15,17344.4,13:00:00,17349.2864945667,0,46
2023-04-03,17353.7,17368.75,17346.45,17350.25,13:05:00,17349.70682841749,0,47
2023-04-03,17348.25,17354.4,17344.6,17353.0,13:10:00,17349.56808285392,0,48
2023-04-03,17350.85,17351.3,17340.7,17348.15,13:15:00,17349.690170201164,0,49
2023-04-03,17350.15,17354.65,17347.2,17350.15,13:20:00,17349.73396351534,0,50
2023-04-03,17342.7,17350.9,17338.45,17349.5,13:25:00,17349.064062228164,0,51
2023-04-03,17355.05,17356.65,17340.65,17342.15,13:30:00,17349.63415153977,0,52
2023-04-03,17345.3,17355.9,17343.3,17353.7,13:35:00,17349.221375202647,0,53
2023-04-03,17347.4,17348.45,17339.35,17344.6,13:40:00,17349.047910897632,0,54
2023-04-03,17350.3,17355.5,17341.95,17346.6,13:45:00,17349.167157478812,0,55
2023-04-03,17352.3,17352.3,17344.65,17349.0,13:50:00,17349.46552343321,0,56
2023-04-03,17348.6,17361.3,17344.65,17352.3,13:55:00,17349.383092630047,0,57
2023-04-03,17363.7,17367.65,17343.6,17347.7,14:00:00,17350.74660761766,0,58
2023-04-03,17365.4,17372.6,17357.95,17363.05,14:05:00,17352.14216879693,0,59
2023-04-03,17371.75,17371.75,17361.9,17363.95,14:10:00,17354.00958129246,0,60
2023-04-03,17367.2,17373.25,17356.75,17371.25,14:15:00,17355.26581164556,0,61
2023-04-03,17372.1,17377.65,17362.85,17366.65,14:20:00,17356.869067679316,0,62
2023-04-03,17374.0,17377.15,17367.45,17372.0,14:25:00,17358.50058504319,0,63
2023-04-03,17376.55,17381.8,17366.75,17373.15,14:30:00,17360.21957694384,0,64
2023-04-03,17379.85,17381.85,17371.3,17376.45,14:35:00,17362.089141044427,0,65
2023-04-03,17386.3,17386.9,17372.45,17379.55,14:40:00,17364.394937135436,0,66
2023-04-03,17390.75,17397.9,17380.55,17386.0,14:45:00,17366.904943122536,0,67
2023-04-03,17391.4,17394.7,17388.05,17392.05,14:50:00,17369.237805682293,0,68
2023-04-03,17382.7,17397.15,17379.3,17390.9,14:55:00,17370.519919426835,0,69
2023-04-03,17392.2,17394.45,17381.75,17383.5,15:00:00,17372.58468900523,0,70
2023-04-03,17396.75,17399.05,17386.0,17391.8,15:05:00,17374.886147195208,0,71
2023-04-03,17404.1,17404.55,17392.8,17396.6,15:10:00,17377.668418890902,0,72
2023-04-03,17399.8,17410.25,17397.6,17403.85,15:15:00,17379.77618852034,0,73
2023-04-03,17397.3,17402.65,17393.55,17400.1,15:20:00,17381.445122946974,0,74
2023-04-03,17399.7,17404.0,17395.0,17397.95,15:25:00,17383.18368266631,0,75
2023-04-05,17457.9,17457.9,17412.15,17422.3,09:15:00,17393.670089438863,2,1
2023-04-05,17459.75,17466.0,17437.4,17455.15,09:20:00,17399.96341425421,2,2
2023-04-05,17465.95,17466.3,17453.65,17458.0,09:25:00,17406.247850991902,2,3
2023-04-05,17458.6,17469.95,17454.9,17464.7,09:30:00,17411.233769945055,2,4
2023-04-05,17472.85,17473.15,17456.1,17458.35,09:35:00,17417.101982331238,2,5
2023-04-05,17457.95,17472.8,17454.35,17472.05,09:40:00,17420.992269728264,2,6
2023-04-05,17481.55,17481.55,17457.4,17458.15,09:45:00,17426.759672611286,2,7
2023-04-05,17478.95,17484.25,17472.15,17481.2,09:50:00,17431.73017998164,2,8
2023-04-05,17473.2,17482.25,17472.55,17479.55,09:55:00,17435.679686650055,2,9
2023-04-05,17483.9,17485.75,17466.95,17472.65,10:00:00,17440.27209744529,2,10
2023-04-05,17487.45,17492.25,17481.25,17485.6,10:05:00,17444.765231021927,2,11
2023-04-05,17491.65,17492.5,17485.05,17487.85,10:10:00,17449.23044711508,2,12
2023-04-05,17484.95,17501.3,17484.95,17491.15,10:15:00,17452.632309294593,2,13
2023-04-05,17492.2,17496.7,17483.9,17485.65,10:20:00,17456.400660790347,2,14
2023-04-05,17500.95,17503.1,17487.9,17491.2,10:25:00,17460.64345500079,2,15
2023-04-05,17500.35,17508.1,17498.1,17500.4,10:30:00,17464.425030715,2,16
2023-04-05,17508.6,17510.0,17499.7,17500.7,10:35:00,17468.632170646903,2,17
2023-04-05,17505.15,17513.8,17502.5,17508.6,10:40:00,17472.110059156723,2,18
2023-04-05,17491.25,17506.1,17485.65,17506.0,10:45:00,17473.932910665608,2,19
2023-04-05,17488.7,17492.9,17485.15,17491.45,10:50:00,17475.339300126027,2,20
2023-04-05,17487.7,17491.75,17480.55,17488.05,10:55:00,17476.516509637833,2,21
2023-04-05,17482.95,17488.85,17481.1,17487.75,11:00:00,17477.12922300566,2,22
2023-04-05,17480.7,17487.15,17478.15,17484.0,11:05:00,17477.469297005122,2,23
2023-04-05,17485.95,17486.45,17480.0,17480.1,11:10:00,17478.276983004635,2,24
2023-04-05,17491.45,17494.55,17484.5,17485.75,11:15:00,17479.53155605181,2,25
2023-04-05,17489.55,17498.7,17488.35,17490.75,11:20:00,17480.485693570685,2,26
2023-04-05,17495.35,17495.95,17482.25,17488.75,11:25:00,17481.901341802048,2,27
2023-04-05,17489.5,17495.95,17489.5,17495.3,11:30:00,17482.625023535187,2,28
2023-04-05,17491.5,17495.1,17487.5,17490.2,11:35:00,17483.470259388978,2,29
2023-04-05,17488.2,17494.5,17488.1,17491.1,11:40:00,17483.920710875744,2,30
2023-04-05,17494.4,17500.2,17488.7,17488.7,11:45:00,17484.918738411387,2,31
2023-04-05,17494.1,17496.65,17487.6,17493.45,11:50:00,17485.79314427697,2,32
2023-04-05,17504.2,17511.45,17492.05,17494.2,11:55:00,17487.546178155353,2,33
2023-04-05,17507.1,17508.55,17494.5,17504.0,12:00:00,17489.408446902464,2,34
2023-04-05,17499.9,17515.55,17499.25,17507.45,12:05:00,17490.407642435563,2,35
2023-04-05,17509.85,17511.5,17492.85,17500.25,12:10:00,17492.259295536936,2,36
2023-04-05,17502.25,17513.65,17499.05,17510.3,12:15:00,17493.210791200087,2,37
2023-04-05,17511.1,17513.25,17499.95,17502.15,12:20:00,17494.914525371507,2,38
2023-04-05,17507.7,17514.65,17505.6,17511.2,12:25:00,17496.13218962184,2,39
2023-04-05,17504.85,17514.25,17504.85,17507.45,12:30:00,17496.962457276903,2,40
2023-04-05,17524.8,17525.3,17504.15,17505.0,12:35:00,17499.61365182196,2,41
2023-04-05,17525.7,17527.9,17519.95,17525.55,12:40:00,17502.098065934155,2,42
2023-04-05,17531.7,17532.95,17517.0,17525.6,12:45:00,17504.91729774995,2,43
2023-04-05,17530.35,17541.25,17529.95,17532.85,12:50:00,17507.339459869003,2,44
2023-04-05,17535.25,17535.95,17520.65,17529.95,12:55:00,17509.997606548146,2,45
2023-04-05,17538.4,17542.9,17526.75,17534.4,13:00:00,17512.702596400704,2,46
2023-04-05,17538.9,17541.55,17535.5,17538.65,13:05:00,17515.197587219685,2,47
2023-04-05,17537.45,17545.15,17534.1,17539.35,13:10:00,17517.316864627333,2,48
2023-04-05,17534.3,17537.6,17528.8,17537.35,13:15:00,17518.934306091396,2,49
2023-04-05,17531.5,17537.85,17528.05,17533.4,13:20:00,17520.131038844596,2,50
2023-04-05,17540.3,17542.05,17529.5,17531.75,13:25:00,17522.051892287967,2,51
2023-04-05,17516.85,17544.7,17516.85,17540.7,13:30:00,17521.55647397483,2,52
2023-04-05,17523.95,17530.3,17513.9,17516.5,13:35:00,17521.78442883437,2,53
2023-04-05,17525.7,17530.9,17521.25,17524.3,13:40:00,17522.157340373953,2,54
2023-04-05,17529.15,17533.9,17525.3,17525.8,13:45:00,17522.823307957387,2,55
2023-04-05,17527.55,17530.05,17517.15,17529.35,13:50:00,17523.273469104304,2,56
2023-04-05,17523.6,17529.65,17518.4,17527.9,13:55:00,17523.304567284846,2,57
2023-04-05,17529.75,17531.35,17522.0,17523.9,14:00:00,17523.918418019624,2,58
2023-04-05,17527.0,17530.45,17521.5,17529.45,14:05:00,17524.211902017756,2,59
2023-04-05,17536.8,17543.35,17525.65,17526.55,14:10:00,17525.410768492256,2,60
2023-04-05,17535.85,17540.15,17529.05,17536.55,14:15:00,17526.404981016804,2,61
2023-04-05,17534.7,17539.9,17525.9,17535.3,14:20:00,17527.194982824727,2,62
2023-04-05,17539.6,17539.65,17532.55,17534.65,14:25:00,17528.376413031896,2,63
2023-04-05,17542.75,17547.55,17537.75,17539.1,14:30:00,17529.745326076478,2,64
2023-04-05,17542.5,17549.05,17538.05,17542.4,14:35:00,17530.96005692634,2,65
2023-04-05,17543.1,17543.4,17528.3,17541.7,14:40:00,17532.116241980973,2,66
2023-04-05,17540.1,17543.7,17535.65,17542.9,14:45:00,17532.876599887546,2,67
2023-04-05,17545.55,17546.0,17539.6,17540.15,14:50:00,17534.083590374445,2,68
2023-04-05,17545.4,17550.25,17542.15,17546.0,14:55:00,17535.161343672116,2,69
2023-04-05,17551.45,17551.55,17538.0,17546.6,15:00:00,17536.712644274772,2,70
2023-04-05,17559.5,17561.95,17548.85,17551.9,15:05:00,17538.882868629556,2,71
2023-04-05,17552.55,17560.6,17551.4,17560.0,15:10:00,17540.184500188647,2,72
2023-04-05,17562.95,17563.85,17549.85,17554.15,15:15:00,17542.352643027825,2,73
2023-04-05,17566.35,17569.3,17557.45,17562.45,15:20:00,17544.638105596605,2,74
2023-04-05,17561.0,17570.0,17556.55,17565.25,15:25:00,17546.19638125407,2,75
2023-04-06,17522.1,17533.85,17512.25,17533.85,09:15:00,17542.83762728508,3,1
2023-04-06,17529.35,17543.95,17517.15,17522.45,09:20:00,17541.553091353166,3,2
2023-04-06,17531.95,17540.2,17525.75,17528.7,09:25:00,17540.638511224293,3,3
2023-04-06,17522.25,17532.75,17518.15,17532.75,09:30:00,17538.887224441027,3,4
2023-04-06,17522.8,17523.95,17517.65,17522.35,09:35:00,17537.355107827596,3,5
2023-04-06,17533.2,17537.55,17521.4,17521.4,09:40:00,17536.959383272588,3,6
2023-04-06,17530.2,17535.35,17524.25,17532.9,09:45:00,17536.315632484722,3,7
2023-04-06,17513.45,17535.7,17503.6,17531.0,09:50:00,17534.13795320046,3,8
2023-04-06,17527.85,17528.4,17507.75,17513.1,09:55:00,17533.539100514703,3,9
2023-04-06,17576.45,17578.15,17520.2,17528.05,10:00:00,17537.625852846635,3,10
2023-04-06,17584.25,17600.55,17575.15,17575.9,10:05:00,17542.066247813622,3,11
2023-04-06,17588.5,17590.8,17573.85,17584.35,10:10:00,17546.48850992661,3,12
2023-04-06,17590.15,17599.9,17588.0,17588.8,10:15:00,17550.646747076455,3,13
2023-04-06,17583.9,17590.7,17577.6,17590.6,10:20:00,17553.813723545365,3,14
2023-04-06,17582.4,17590.25,17579.35,17583.85,10:25:00,17556.536226064854,3,15
2023-04-06,17587.4,17594.45,17581.15,17582.4,10:30:00,17559.475633106296,3,16
2023-04-06,17589.35,17594.95,17585.4,17587.65,10:35:00,17562.320810905698,3,17
2023-04-06,17597.25,17603.2,17588.75,17590.15,10:40:00,17565.647400343252,3,18
2023-04-06,17595.3,17596.55,17588.8,17596.4,10:45:00,17568.47145745342,3,19
2023-04-06,17597.8,17598.7,17591.05,17595.15,10:50:00,17571.264651981663,3,20
2023-04-06,17609.95,17611.85,17597.0,17598.4,10:55:00,17574.948970840553,3,21
2023-04-06,17604.25,17615.3,17602.65,17610.5,11:00:00,17577.739545046214,3,22
2023-04-06,17614.85,17617.75,17602.9,17604.7,11:05:00,17581.27387408943,3,23
2023-04-06,17618.25,17619.55,17612.25,17614.5,11:10:00,17584.795409890437,3,24
2023-04-06,17583.15,17620.55,17581.8,17617.5,11:15:00,17584.638704186586,3,25
2023-04-06,17615.3,17617.85,17580.8,17582.65,11:20:00,17587.558827597386,3,26
2023-04-06,17607.15,17614.9,17595.4,17614.45,11:25:00,17589.424653540493,3,27
2023-04-06,17615.6,17621.35,17605.05,17607.25,11:30:00,17591.917543679494,3,28
2023-04-06,17615.95,17617.6,17599.1,17615.8,11:35:00,17594.20634904335,3,29
2023-04-06,17610.25,17616.75,17606.95,17615.95,11:40:00,17595.734315801128,3,30
2023-04-06,17603.35,17617.5,17601.95,17609.9,11:45:00,17596.459619058165,3,31
2023-04-06,17600.6,17608.85,17597.85,17603.2,11:50:00,17596.853941052625,3,32
2023-04-06,17597.85,17606.95,17594.8,17600.3,11:55:00,17596.948803809515,3,33
2023-04-06,17606.15,17606.75,17596.55,17597.3,12:00:00,17597.82510820861,3,34
2023-04-06,17601.7,17608.9,17595.3,17605.65,12:05:00,17598.194145522077,3,35
2023-04-06,17602.3,17604.3,17594.95,17601.5,12:10:00,17598.58517928188,3,36
2023-04-06,17605.9,17606.35,17598.75,17602.5,12:15:00,17599.281828874082,3,37
2023-04-06,17602.45,17618.35,17601.75,17606.0,12:20:00,17599.583559457504,3,38
2023-04-06,17614.05,17615.85,17597.65,17603.3,12:25:00,17600.961315699646,3,39
2023-04-06,17607.35,17618.3,17597.8,17615.15,12:30:00,17601.569761823488,3,40
2023-04-06,17621.25,17622.55,17603.4,17606.9,12:35:00,17603.444070221252,3,41
2023-04-06,17624.8,17626.65,17607.75,17622.85,12:40:00,17605.477968295418,3,42
2023-04-06,17627.6,17629.15,17615.8,17625.7,12:45:00,17607.58482845776,3,43
2023-04-06,17629.4,17629.75,17623.75,17627.5,12:50:00,17609.662463842735,3,44
2023-04-06,17632.6,17638.7,17628.45,17628.65,12:55:00,17611.84699109581,3,45
2023-04-06,17633.8,17636.15,17626.3,17632.25,13:00:00,17613.93775384859,3,46
2023-04-06,17621.1,17634.6,17620.45,17632.95,13:05:00,17614.619872529674,3,47
2023-04-06,17618.45,17621.6,17615.5,17621.2,13:10:00,17614.984646574467,3,48
2023-04-06,17607.15,17621.35,17605.4,17618.35,13:15:00,17614.238489757852,3,49
2023-04-06,17606.7,17620.2,17603.9,17607.25,13:20:00,17613.520538352343,3,50
2023-04-06,17616.8,17618.15,17601.3,17605.05,13:25:00,17613.83286803307,3,51
2023-04-06,17609.3,17621.1,17605.45,17617.05,13:30:00,17613.401166315634,3,52
2023-04-06,17585.9,17613.45,17584.0,17609.0,13:35:00,17610.782007618905,3,53
2023-04-06,17574.2,17592.45,17572.25,17585.35,13:40:00,17607.298006893296,3,54
2023-04-06,17570.0,17576.0,17562.15,17574.05,13:45:00,17603.7458157606,3,55
2023-04-06,17555.15,17574.65,17552.0,17569.65,13:50:00,17599.11764283102,3,56
2023-04-06,17568.25,17568.3,17552.5,17555.25,13:55:00,17596.177867323306,3,57
2023-04-06,17575.05,17585.7,17564.9,17568.05,14:00:00,17594.16568948299,3,58
2023-04-06,17580.25,17585.5,17574.7,17574.7,14:05:00,17592.840385722706,3,59
2023-04-06,17575.6,17586.55,17568.5,17580.0,14:10:00,17591.198444225305,3,60
2023-04-06,17571.7,17583.5,17568.7,17576.0,14:15:00,17589.341449537184,3,61
2023-04-06,17579.05,17582.65,17571.75,17572.1,14:20:00,17588.361311486024,3,62
2023-04-06,17581.85,17588.25,17578.8,17579.0,14:25:00,17587.741186582592,3,63
2023-04-06,17600.95,17601.15,17575.1,17580.65,14:30:00,17588.99916881282,3,64
2023-04-06,17601.9,17606.95,17592.75,17601.0,14:35:00,17590.227819402076,3,65
2023-04-06,17595.9,17609.75,17594.85,17602.2,14:40:00,17590.76802707807,3,66
2023-04-06,17608.0,17608.45,17592.0,17595.9,14:45:00,17592.40916735635,3,67
2023-04-06,17600.65,17613.0,17599.95,17607.85,14:50:00,17593.194008560506,3,68
2023-04-06,17605.65,17609.85,17599.8,17600.9,14:55:00,17594.380293459504,3,69
2023-04-06,17604.6,17608.1,17597.55,17606.1,15:00:00,17595.35359884431,3,70
2023-04-06,17601.75,17606.6,17598.55,17605.35,15:05:00,17595.962779906757,3,71
2023-04-06,17591.35,17602.9,17590.7,17600.8,15:10:00,17595.523467534684,3,72
2023-04-06,17592.55,17601.95,17591.0,17591.9,15:15:00,17595.24028015043,3,73
2023-04-06,17605.7,17608.35,17590.65,17591.95,15:20:00,17596.236443945625,3,74
2023-04-06,17602.0,17606.3,17597.3,17605.6,15:25:00,17596.785354046042,3,75
2023-04-10,17635.8,17651.15,17623.15,17634.9,09:15:00,17603.785289820004,0,1
2023-04-10,17630.2,17641.05,17617.75,17636.45,09:20:00,17606.30097650381,0,2
2023-04-10,17635.05,17643.1,17627.05,17631.3,09:25:00,17609.038978741544,0,3
2023-04-10,17612.6,17635.3,17608.9,17635.3,09:30:00,17609.378123623304,0,4
2023-04-10,17630.05,17632.45,17609.8,17612.2,09:35:00,17611.346873754417,0,5
2023-04-10,17650.9,17656.2,17621.25,17631.05,09:40:00,17615.11383815876,0,6
2023-04-10,17644.2,17654.1,17641.85,17651.05,09:45:00,17617.883948810308,0,7
2023-04-10,17652.3,17660.45,17641.4,17644.2,09:50:00,17621.16166797123,0,8
2023-04-10,17628.85,17653.4,17628.35,17651.65,09:55:00,17621.89389006921,0,9
2023-04-10,17643.15,17644.0,17624.2,17629.35,10:00:00,17623.918281491187,0,10
2023-04-10,17630.8,17649.1,17630.8,17642.8,10:05:00,17624.57368325393,0,11
2023-04-10,17630.0,17638.2,17624.8,17630.6,10:10:00,17625.090475324985,0,12
2023-04-10,17626.15,17636.4,17619.35,17630.5,10:15:00,17625.191382436893,0,13
2023-04-10,17617.35,17631.2,17616.2,17627.35,10:20:00,17624.44458410957,0,14
2023-04-10,17609.3,17617.9,17606.2,17616.95,10:25:00,17623.0022427658,0,15
2023-04-10,17629.6,17631.6,17609.2,17609.2,10:30:00,17623.63060059763,0,16
2023-04-10,17621.65,17632.1,17614.0,17629.45,10:35:00,17623.44197196928,0,17
2023-04-10,17629.2,17631.95,17619.35,17621.15,10:40:00,17623.990355591253,0,18
2023-04-10,17620.6,17629.35,17620.5,17629.15,10:45:00,17623.667464582562,0,19
2023-04-10,17622.0,17623.8,17608.85,17620.6,10:50:00,17623.50865843184,0,20
2023-04-10,17623.35,17624.7,17616.35,17621.9,10:55:00,17623.493548105,0,21
2023-04-10,17628.8,17629.5,17621.55,17623.0,11:00:00,17623.998924475953,0,22
2023-04-10,17627.8,17631.55,17624.85,17628.6,11:05:00,17624.360931668718,0,23
2023-04-10,17640.0,17641.8,17627.1,17627.75,11:10:00,17625.850366747887,0,24
2023-04-10,17631.9,17640.0,17629.1,17639.05,11:15:00,17626.426522295707,0,25
2023-04-10,17629.95,17636.35,17628.85,17631.9,11:20:00,17626.76209160088,0,26
2023-04-10,17635.0,17638.4,17626.8,17630.3,11:25:00,17627.546654305555,0,27
2023-04-10,17632.9,17640.05,17632.0,17634.35,11:30:00,17628.056496752644,0,28
2023-04-10,17637.2,17638.8,17631.55,17633.1,11:35:00,17628.927306585727,0,29
2023-04-10,17647.2,17649.9,17637.45,17637.45,11:40:00,17630.66756310137,0,30
2023-04-10,17645.7,17651.95,17644.6,17647.35,11:45:00,17632.099223758385,0,31
2023-04-10,17656.3,17660.15,17645.5,17645.5,11:50:00,17634.40405959092,0,32
2023-04-10,17667.15,17668.65,17656.65,17656.65,11:55:00,17637.522720582263,0,33
2023-04-10,17673.75,17678.3,17662.75,17667.0,12:00:00,17640.972937669667,0,34
2023-04-10,17675.25,17677.85,17670.2,17673.25,12:05:00,17644.237419796365,0,35
2023-04-10,17672.1,17677.95,17671.8,17675.0,12:10:00,17646.89099886338,0,36
2023-04-10,17674.5,17675.35,17667.0,17672.0,12:15:00,17649.52042754306,0,37
2023-04-10,17684.35,17685.75,17673.65,17674.35,12:20:00,17652.837529681816,0,38
2023-04-10,17682.65,17689.0,17679.9,17683.95,12:25:00,17655.67681256926,0,39
2023-04-10,17674.35,17682.75,17673.2,17682.35,12:30:00,17657.455211372187,0,40
2023-04-10,17681.45,17682.4,17669.6,17673.75,12:35:00,17659.74042933674,0,41
2023-04-10,17677.5,17682.3,17676.35,17680.3,12:40:00,17661.431817018954,0,42
2023-04-10,17690.5,17694.1,17673.65,17676.05,12:45:00,17664.2002153981,0,43
2023-04-10,17687.6,17691.6,17682.2,17689.65,12:50:00,17666.42876631257,0,44
2023-04-10,17686.15,17688.95,17684.25,17687.65,12:55:00,17668.306979044704,0,45
2023-04-10,17683.1,17689.45,17682.45,17686.25,13:00:00,17669.715838183303,0,46
2023-04-10,17675.6,17683.8,17675.45,17682.95,13:05:00,17670.2762345468,0,47
2023-04-10,17667.5,17678.15,17666.95,17674.8,13:10:00,17670.011831256626,0,48
2023-04-10,17662.75,17674.15,17660.85,17667.8,13:15:00,17669.320228279805,0,49
2023-04-10,17666.8,17668.85,17660.4,17662.65,13:20:00,17669.08020653887,0,50
2023-04-10,17665.4,17671.8,17665.4,17666.5,13:25:00,17668.729710678028,0,51
2023-04-10,17654.7,17667.95,17654.4,17665.85,13:30:00,17667.39354775631,0,52
2023-04-10,17661.6,17664.2,17653.05,17655.2,13:35:00,17666.841781303327,0,53
2023-04-10,17659.95,17667.25,17656.1,17662.3,13:40:00,17666.1854211792,0,54
2023-04-10,17651.8,17665.1,17650.45,17661.15,13:45:00,17664.815381066895,0,55
2023-04-10,17646.1,17660.25,17646.1,17652.05,13:50:00,17663.03296382243,0,56
2023-04-10,17640.95,17650.8,17640.95,17647.45,13:55:00,17660.929824410767,0,57
2023-04-10,17638.3,17649.2,17633.5,17640.7,14:00:00,17658.774603038313,0,58
2023-04-10,17637.6,17641.6,17633.65,17638.2,14:05:00,17656.75797417752,0,59
2023-04-10,17626.5,17642.15,17622.95,17637.8,14:10:00,17653.87626235109,0,60
2023-04-10,17604.9,17629.05,17600.7,17626.75,14:15:00,17649.21185641289,0,61
2023-04-10,17613.3,17613.5,17598.25,17604.95,14:20:00,17645.791679611662,0,62
2023-04-10,17611.45,17614.95,17599.85,17612.95,14:25:00,17642.52104345817,0,63
2023-04-10,17616.6,17616.95,17601.45,17611.15,14:30:00,17640.05237265263,0,64
2023-04-10,17619.1,17627.35,17613.7,17616.1,14:35:00,17638.056908590475,0,65
2023-04-10,17628.8,17630.0,17616.55,17619.65,14:40:00,17637.175298248527,0,66
2023-04-10,17634.0,17637.7,17627.85,17627.85,14:45:00,17636.872888891525,0,67
2023-04-10,17629.95,17634.5,17620.8,17634.15,14:50:00,17636.21356613995,0,68
2023-04-10,17627.0,17633.6,17621.45,17630.2,14:55:00,17635.336083650433,0,69
2023-04-10,17634.7,17635.2,17618.2,17626.05,15:00:00,17635.27550425515,0,70
2023-04-10,17627.6,17637.1,17624.8,17633.75,15:05:00,17634.5445038499,0,71
2023-04-10,17621.3,17629.7,17620.6,17626.6,15:10:00,17633.28312253086,0,72
2023-04-10,17624.0,17627.85,17620.1,17621.35,15:15:00,17632.399015623156,0,73
2023-04-10,17622.2,17626.2,17618.2,17623.85,15:20:00,17631.427680801902,0,74
2023-04-10,17613.05,17625.9,17608.65,17623.7,15:25:00,17629.677425487436,0,75
2023-04-11,17680.2,17704.8,17669.0,17704.8,09:15:00,17640.96224626069,1,1
2023-04-11,17704.35,17705.4,17683.85,17685.6,09:20:00,17646.99917518824,1,2
2023-04-11,17697.45,17707.15,17694.4,17703.8,09:25:00,17651.804015646503,1,3
2023-04-11,17707.4,17711.3,17697.55,17698.15,09:30:00,17657.09887129922,1,4
2023-04-11,17712.5,17716.55,17703.25,17707.8,09:35:00,17662.375169270723,1,5
2023-04-11,17704.0,17716.25,17702.9,17711.25,09:40:00,17666.339438863986,1,6
2023-04-11,17714.15,17716.3,17702.95,17702.95,09:45:00,17670.892825638846,1,7
2023-04-11,17719.8,17724.55,17713.5,17713.5,09:50:00,17675.55065176848,1,8
2023-04-11,17726.6,17730.35,17718.9,17720.75,09:55:00,17680.412494457196,1,9
2023-04-11,17729.25,17737.45,17717.55,17726.0,10:00:00,17685.063685461275,1,10
2023-04-11,17735.7,17740.55,17729.15,17729.5,10:05:00,17689.88619160782,1,11
2023-04-11,17741.55,17748.6,17732.65,17736.55,10:10:00,17694.80655431184,1,12
2023-04-11,17737.6,17745.3,17736.05,17743.4,10:15:00,17698.882120567854,1,13
2023-04-11,17741.2,17744.4,17736.7,17738.7,10:20:00,17702.91239479949,1,14
2023-04-11,17722.8,17741.15,17720.2,17740.85,10:25:00,17704.80645243763,1,15
2023-04-11,17726.95,17727.9,17715.8,17723.35,10:30:00,17706.915361729287,1,16
2023-04-11,17722.2,17729.1,17721.2,17726.8,10:35:00,17708.37104156459,1,17
2023-04-11,17716.65,17722.4,17710.35,17722.4,10:40:00,17709.159513796534,1,18
2023-04-11,17716.1,17719.2,17711.15,17715.9,10:45:00,17709.820512482576,1,19
2023-04-11,17707.85,17717.55,17707.85,17715.7,10:50:00,17709.632844627093,1,20
2023-04-11,17714.2,17714.2,17705.35,17708.3,10:55:00,17710.067811805464,1,21
2023-04-11,17723.4,17726.15,17714.15,17714.15,11:00:00,17711.337544014466,1,22
2023-04-11,17726.3,17728.35,17722.75,17722.75,11:05:00,17712.762539822612,1,23
2023-04-11,17704.25,17726.5,17701.75,17726.5,11:10:00,17711.951821744267,1,24
2023-04-11,17707.35,17714.85,17700.8,17705.0,11:15:00,17711.51355300672,1,25
2023-04-11,17700.85,17707.85,17689.65,17707.6,11:20:00,17710.49797652989,1,26
2023-04-11,17704.8,17707.15,17698.0,17701.6,11:25:00,17709.95531209847,1,27
2023-04-11,17691.0,17705.35,17689.45,17704.1,11:30:00,17708.15004427957,1,28
2023-04-11,17692.25,17700.05,17686.7,17690.8,11:35:00,17706.635754348183,1,29
2023-04-11,17684.85,17691.45,17682.5,17691.1,11:40:00,17704.560920600736,1,30
2023-04-11,17680.45,17684.8,17676.25,17684.8,11:45:00,17702.264642448285,1,31
2023-04-11,17692.7,17696.75,17680.2,17680.65,11:50:00,17701.353724119876,1,32
2023-04-11,17691.85,17696.4,17687.6,17692.4,11:55:00,17700.44860753703,1,33
2023-04-11,17686.75,17691.7,17680.6,17691.45,12:00:00,17699.14397824779,1,34
2023-04-11,17684.05,17687.35,17680.9,17685.95,12:05:00,17697.706456509906,1,35
2023-04-11,17675.65,17693.1,17668.35,17684.3,12:10:00,17695.605841604203,1,36
2023-04-11,17672.1,17680.3,17671.0,17675.25,12:15:00,17693.36719002285,1,37
2023-04-11,17661.85,17674.75,17660.65,17671.65,12:20:00,17690.365552877818,1,38
2023-04-11,17665.25,17665.85,17655.3,17661.5,12:25:00,17687.973595460884,1,39
2023-04-11,17676.9,17678.35,17664.65,17665.4,12:30:00,17686.91896732175,1,40
2023-04-11,17679.95,17683.65,17676.1,17677.85,12:35:00,17686.25525614825,1,41
2023-04-11,17679.6,17683.7,17677.25,17679.4,12:40:00,17685.62142222937,1,42
2023-04-11,17673.8,17680.65,17671.4,17679.0,12:45:00,17684.49557249324,1,43
2023-04-11,17685.55,17688.2,17673.2,17674.85,12:50:00,17684.59599416055,1,44
2023-04-11,17682.8,17688.6,17681.6,17685.65,12:55:00,17684.42494709764,1,45
2023-04-11,17675.85,17682.75,17670.05,17682.0,13:00:00,17683.608285469294,1,46
2023-04-11,17667.9,17676.95,17667.9,17675.6,13:05:00,17682.112258281744,1,47
2023-04-11,17667.6,17670.4,17663.85,17668.0,13:10:00,17680.730138445386,1,48
2023-04-11,17674.0,17674.3,17665.45,17668.35,13:15:00,17680.089172879158,1,49
2023-04-11,17680.95,17681.2,17671.75,17673.7,13:20:00,17680.171156414475,1,50
2023-04-11,17683.15,17684.9,17677.9,17680.8,13:25:00,17680.45485580357,1,51
2023-04-11,17690.9,17695.65,17682.3,17682.75,13:30:00,17681.449631441326,1,52
2023-04-11,17687.8,17693.5,17686.5,17691.0,13:35:00,17682.054428446914,1,53
2023-04-11,17694.3,17695.1,17687.0,17687.7,13:40:00,17683.220673356733,1,54
2023-04-11,17698.4,17703.4,17692.4,17693.65,13:45:00,17684.666323513233,1,55
2023-04-11,17703.95,17706.45,17696.3,17698.95,13:50:00,17686.50286413102,1,56
2023-04-11,17711.45,17714.75,17701.05,17703.9,13:55:00,17688.878781832827,1,57
2023-04-11,17714.25,17715.2,17707.4,17711.1,14:00:00,17691.29508832494,1,58
2023-04-11,17708.75,17720.7,17706.95,17713.85,14:05:00,17692.957460865422,1,59
2023-04-11,17713.65,17715.8,17704.1,17707.65,14:10:00,17694.92817887824,1,60
2023-04-11,17703.9,17715.7,17703.9,17713.65,14:15:00,17695.78263803269,1,61
2023-04-11,17706.45,17711.35,17700.45,17703.7,14:20:00,17696.798577267673,1,62
2023-04-11,17705.0,17712.45,17701.85,17705.9,14:25:00,17697.579665146943,1,63
2023-04-11,17715.6,17722.75,17706.05,17706.05,14:30:00,17699.2958875139,1,64
2023-04-11,17714.25,17721.7,17714.2,17715.7,14:35:00,17700.720088703052,1,65
2023-04-11,17711.8,17724.55,17711.8,17714.15,14:40:00,17701.77531835038,1,66
2023-04-11,17722.65,17722.8,17709.85,17712.65,14:45:00,17703.76338326939,1,67
2023-04-11,17728.4,17729.85,17722.95,17722.95,14:50:00,17706.109727719926,1,68
2023-04-11,17714.4,17729.2,17711.5,17728.55,14:55:00,17706.899277460885,1,69
2023-04-11,17722.35,17724.75,17710.75,17715.1,15:00:00,17708.370774845564,1,70
2023-04-11,17725.4,17727.45,17721.0,17721.45,15:05:00,17709.992605812655,1,71
2023-04-11,17728.15,17728.4,17717.15,17724.9,15:10:00,17711.721881449546,1,72
2023-04-11,17726.75,17733.95,17725.45,17727.9,15:15:00,17713.153130835304,1,73
2023-04-11,17726.5,17729.6,17721.7,17726.65,15:20:00,17714.42426123194,1,74
2023-04-11,17722.25,17729.95,17713.05,17726.15,15:25:00,17715.16956968604,1,75
2023-04-12,17725.6,17759.55,17724.45,17759.55,09:15:00,17719.98710806499,2,1
2023-04-12,17752.3,17757.95,17717.8,17725.45,09:20:00,17723.064526344515,2,2
2023-04-12,17763.7,17775.4,17750.55,17751.7,09:25:00,17726.934571454563,2,3
2023-04-12,17772.55,17777.1,17763.85,17764.35,09:30:00,17731.2788979827,2,4
2023-04-12,17761.2,17779.4,17760.75,17773.5,09:35:00,17734.12852674625,2,5
2023-04-12,17763.75,17763.8,17755.5,17761.85,09:40:00,17736.949619437084,2,6
2023-04-12,17766.3,17767.8,17757.7,17764.4,09:45:00,17739.74489377641,2,7
2023-04-12,17764.25,17768.25,17755.8,17766.45,09:50:00,17742.07871341675,2,8
2023-04-12,17761.65,17764.2,17758.15,17763.55,09:55:00,17743.9426454723,2,9
2023-04-12,17755.85,17761.5,17748.55,17761.5,10:00:00,17745.076679236845,2,10
2023-04-12,17753.7,17761.0,17750.1,17756.05,10:05:00,17745.897947880956,2,11
2023-04-12,17751.55,17760.25,17748.75,17754.8,10:10:00,17746.43623855896,2,12
2023-04-12,17749.9,17754.95,17742.65,17751.8,10:15:00,17746.76612060096,2,13
2023-04-12,17744.4,17750.95,17743.95,17750.75,10:20:00,17746.54077578182,2,14
2023-04-12,17742.15,17744.55,17736.75,17744.4,10:25:00,17746.12260665974,2,15
2023-04-12,17750.95,17753.75,17741.35,17742.3,10:30:00,17746.58235840643,2,16
2023-04-12,17740.95,17751.8,17740.8,17750.2,10:35:00,17746.045943320103,2,17
2023-04-12,17743.55,17745.1,17735.2,17740.25,10:40:00,17745.808234432472,2,18
2023-04-12,17750.1,17752.85,17743.85,17744.25,10:45:00,17746.21697401033,2,19
2023-04-12,17753.0,17759.35,17747.0,17749.3,10:50:00,17746.862976485536,2,20
2023-04-12,17754.15,17755.4,17749.95,17753.6,10:55:00,17747.55697872501,2,21
2023-04-12,17760.8,17762.15,17753.55,17754.05,11:00:00,17748.818218846438,2,22
2023-04-12,17755.75,17764.25,17754.65,17760.2,11:05:00,17749.47838848011,2,23
2023-04-12,17754.35,17758.0,17748.9,17756.2,11:10:00,17749.942351482005,2,24
2023-04-12,17757.95,17759.75,17750.7,17753.9,11:15:00,17750.704984674194,2,25
2023-04-12,17757.0,17758.05,17750.75,17758.05,11:20:00,17751.30450994332,2,26
2023-04-12,17762.05,17762.85,17756.5,17757.2,11:25:00,17752.327889948716,2,27
2023-04-12,17763.45,17767.8,17760.95,17762.25,11:30:00,17753.38713852503,2,28
2023-04-12,17768.7,17769.2,17762.9,17763.5,11:35:00,17754.845506284553,2,29
2023-04-12,17770.45,17773.15,17766.25,17768.25,11:40:00,17756.331648543168,2,30
2023-04-12,17768.05,17770.95,17764.7,17769.75,11:45:00,17757.44768201525,2,31
2023-04-12,17768.75,17770.95,17765.8,17768.2,11:50:00,17758.524093251894,2,32
2023-04-12,17765.25,17769.7,17762.65,17768.75,11:55:00,17759.164655799334,2,33
2023-04-12,17765.2,17768.55,17762.0,17765.5,12:00:00,17759.73945048511,2,34
2023-04-12,17756.2,17766.1,17756.2,17765.5,12:05:00,17759.402359962718,2,35
2023-04-12,17761.75,17762.6,17754.3,17755.95,12:10:00,17759.625944728174,2,36
2023-04-12,17766.75,17769.05,17760.8,17760.8,12:15:00,17760.304426182633,2,37
2023-04-12,17770.0,17772.4,17766.25,17767.2,12:20:00,17761.22781416524,2,38
2023-04-12,17775.55,17776.6,17769.4,17770.2,12:25:00,17762.59183186379,2,39
2023-04-12,17771.15,17778.65,17770.95,17775.6,12:30:00,17763.40689549581,2,40
2023-04-12,17768.0,17771.9,17765.55,17771.35,12:35:00,17763.844334020017,2,41
2023-04-12,17766.25,17770.15,17765.15,17768.55,12:40:00,17764.07344506573,2,42
2023-04-12,17776.8,17778.7,17765.85,17766.2,12:45:00,17765.28549791661,2,43
2023-04-12,17776.65,17778.35,17774.3,17776.65,12:50:00,17766.367831448362,2,44
2023-04-12,17772.8,17778.0,17772.3,17776.45,12:55:00,17766.98041892947,2,45
2023-04-12,17765.7,17773.65,17764.35,17772.3,13:00:00,17766.85847426952,2,46
2023-04-12,17788.95,17789.8,17764.1,17765.45,13:05:00,17768.962429100993,2,47
2023-04-12,17792.35,17795.95,17783.9,17788.75,13:10:00,17771.189816805658,2,48
2023-04-12,17801.05,17801.9,17792.15,17792.25,13:15:00,17774.033643776547,2,49
2023-04-12,17805.3,17810.2,17800.7,17800.75,13:20:00,17777.011391988304,2,50
2023-04-12,17800.35,17811.75,17800.1,17805.45,13:25:00,17779.234116560845,2,51
2023-04-12,17808.4,17809.65,17796.1,17800.6,13:30:00,17782.011819745527,2,52
2023-04-12,17818.55,17818.95,17806.2,17808.5,13:35:00,17785.49164643643,2,53
2023-04-12,17808.2,17819.05,17807.8,17817.85,13:40:00,17787.654346775817,2,54
2023-04-12,17805.35,17812.1,17804.1,17808.7,13:45:00,17789.33964708288,2,55
2023-04-12,17801.85,17806.65,17801.85,17805.35,13:50:00,17790.531109265463,2,56
2023-04-12,17808.3,17810.8,17801.2,17801.7,13:55:00,17792.223384573514,2,57
2023-04-12,17802.75,17811.3,17800.95,17808.35,14:00:00,17793.225919376036,2,58
2023-04-12,17802.9,17806.85,17796.95,17803.9,14:05:00,17794.147260387843,2,59
2023-04-12,17807.05,17809.25,17798.1,17804.0,14:10:00,17795.376092731858,2,60
2023-04-12,17806.65,17813.0,17803.6,17806.65,14:15:00,17796.449798185968,2,61
2023-04-12,17801.95,17807.75,17796.55,17806.6,14:20:00,17796.97362693016,2,62
2023-04-12,17803.05,17803.9,17794.05,17801.5,14:25:00,17797.552329127288,2,63
2023-04-12,17790.35,17810.65,17789.2,17803.1,14:30:00,17796.866393019925,2,64
2023-04-12,17787.25,17790.6,17780.05,17789.95,14:35:00,17795.950546065647,2,65
2023-04-12,17794.65,17796.2,17785.8,17787.45,14:40:00,17795.826684535587,2,66
2023-04-12,17782.75,17795.8,17781.05,17794.45,14:45:00,17794.581286008386,2,67
2023-04-12,17772.9,17783.65,17772.85,17782.7,14:50:00,17792.516401626635,2,68
2023-04-12,17778.35,17778.4,17767.25,17773.3,14:55:00,17791.167220519335,2,69
2023-04-12,17801.8,17805.4,17778.35,17778.35,15:00:00,17792.17986618416,2,70
2023-04-12,17805.9,17808.3,17800.65,17802.65,15:05:00,17793.48654559519,2,71
2023-04-12,17811.9,17814.3,17803.35,17805.9,15:10:00,17795.240207919458,2,72
2023-04-12,17820.4,17820.8,17809.2,17812.35,15:15:00,17797.636378593794,2,73
2023-04-12,17819.55,17824.3,17817.25,17821.3,15:20:00,17799.72339015629,2,74
2023-04-12,17817.9,17822.7,17811.35,17819.6,15:25:00,17801.45449585569,2,75
2023-04-13,17790.05,17807.3,17771.4,17807.3,09:15:00,17800.8720476279,3,1
2023-04-13,17813.25,17816.35,17779.5,17789.85,09:20:00,17802.050900234768,3,2
2023-04-13,17808.9,17816.55,17797.3,17812.8,09:25:00,17802.703195450504,3,3
2023-04-13,17810.45,17819.25,17805.65,17808.75,09:30:00,17803.44098635998,3,4
2023-04-13,17822.4,17824.75,17810.25,17810.75,09:35:00,17805.24660670665,3,5
2023-04-13,17798.8,17827.25,17795.9,17822.55,09:40:00,17804.632644163157,3,6
2023-04-13,17810.85,17816.95,17798.55,17798.6,09:45:00,17805.224773290476,3,7
2023-04-13,17805.8,17813.85,17803.15,17811.05,09:50:00,17805.279556786623,3,8
2023-04-13,17799.5,17807.05,17792.05,17807.05,09:55:00,17804.729122806944,3,9
2023-04-13,17794.15,17801.6,17793.35,17799.75,10:00:00,17803.721587301523,3,10
2023-04-13,17793.25,17796.4,17786.8,17793.95,10:05:00,17802.724293272808,3,11
2023-04-13,17792.4,17794.85,17785.05,17793.6,10:10:00,17801.741027246826,3,12
2023-04-13,17785.25,17803.8,17783.6,17792.3,10:15:00,17800.17045322332,3,13
2023-04-13,17800.4,17800.5,17784.15,17784.15,10:20:00,17800.1923148211,3,14
2023-04-13,17798.4,17803.55,17794.5,17800.2,10:25:00,17800.02161817147,3,15
2023-04-13,17804.75,17805.4,17795.1,17797.65,10:30:00,17800.47194025038,3,16
2023-04-13,17803.8,17805.7,17795.5,17804.7,10:35:00,17800.78889832177,3,17
2023-04-13,17792.45,17804.2,17790.35,17802.9,10:40:00,17799.99471752922,3,18
2023-04-13,17773.4,17792.65,17771.65,17792.25,10:45:00,17797.461887288344,3,19
2023-04-13,17764.45,17774.65,17763.5,17773.95,10:50:00,17794.317898022786,3,20
2023-04-13,17759.65,17768.95,17757.15,17763.9,10:55:00,17791.016193449188,3,21
2023-04-13,17759.65,17767.0,17758.2,17759.75,11:00:00,17788.02893693022,3,22
2023-04-13,17767.25,17767.35,17754.6,17759.0,11:05:00,17786.04999055591,3,23
2023-04-13,17747.6,17767.45,17740.8,17767.0,11:10:00,17782.38808669344,3,24
2023-04-13,17751.15,17751.15,17736.75,17746.9,11:15:00,17779.413030817876,3,25
2023-04-13,17748.25,17757.25,17745.45,17751.35,11:20:00,17776.445123120935,3,26
2023-04-13,17750.55,17750.55,17743.15,17748.05,11:25:00,17773.97892091894,3,27
2023-04-13,17752.5,17759.2,17745.15,17749.7,11:30:00,17771.93330940285,3,28
2023-04-13,17759.9,17760.05,17750.95,17752.05,11:35:00,17770.787279935914,3,29
2023-04-13,17760.75,17760.95,17756.25,17759.15,11:40:00,17769.831348513446,3,30
2023-04-13,17761.05,17764.85,17758.15,17760.4,11:45:00,17768.995029607406,3,31
2023-04-13,17760.8,17764.35,17758.55,17760.65,11:50:00,17768.21455059718,3,32
2023-04-13,17769.2,17770.1,17760.2,17760.25,11:55:00,17768.30840292126,3,33
2023-04-13,17754.0,17768.75,17752.45,17768.75,12:00:00,17766.94569788114,3,34
2023-04-13,17755.0,17757.4,17749.75,17752.95,12:05:00,17765.80801236865,3,35
2023-04-13,17746.6,17755.0,17745.15,17754.45,12:10:00,17763.97867785735,3,36
2023-04-13,17737.1,17747.25,17735.8,17745.6,12:15:00,17761.418803775698,3,37
2023-04-13,17737.5,17743.95,17735.3,17736.7,12:20:00,17759.140822463727,3,38
2023-04-13,17740.6,17748.45,17736.5,17737.45,12:25:00,17757.375029848135,3,39
2023-04-13,17731.65,17740.2,17729.7,17739.75,12:30:00,17754.925027005454,3,40
2023-04-13,17741.4,17743.1,17729.65,17731.45,12:35:00,17753.63692919541,3,41
2023-04-13,17752.35,17753.35,17740.3,17741.1,12:40:00,17753.514364510134,3,42
2023-04-13,17756.75,17757.5,17747.15,17751.85,12:45:00,17753.822520271075,3,43
2023-04-13,17758.05,17758.35,17752.75,17757.3,12:50:00,17754.225137388115,3,44
2023-04-13,17776.15,17776.15,17758.5,17758.5,12:55:00,17756.31321954163,3,45
2023-04-13,17766.75,17777.6,17765.7,17775.7,13:00:00,17757.3071986329,3,46
2023-04-13,17759.55,17769.6,17757.65,17766.7,13:05:00,17757.5207987631,3,47
2023-04-13,17750.0,17759.6,17748.9,17758.2,13:10:00,17756.80453221423,3,48
2023-04-13,17755.45,17755.8,17744.9,17749.9,13:15:00,17756.67552914621,3,49
2023-04-13,17760.4,17762.05,17754.45,17755.2,13:20:00,17757.030240656095,3,50
2023-04-13,17761.35,17762.05,17752.0,17758.9,13:25:00,17757.441646307896,3,51
2023-04-13,17773.05,17774.8,17759.75,17761.3,13:30:00,17758.928156183334,3,52
2023-04-13,17771.15,17778.4,17767.65,17772.5,13:35:00,17760.09214130873,3,53
2023-04-13,17770.55,17779.6,17769.75,17771.85,13:40:00,17761.088127850755,3,54
2023-04-13,17763.15,17776.9,17762.25,17771.5,13:45:00,17761.28449662687,3,55
2023-04-13,17774.85,17776.65,17761.2,17762.9,13:50:00,17762.576449329074,3,56
2023-04-13,17782.7,17784.4,17772.45,17775.15,13:55:00,17764.4929779644,3,57
2023-04-13,17788.95,17789.5,17780.2,17782.95,14:00:00,17766.822218158268,3,58
2023-04-13,17790.05,17793.5,17784.6,17789.55,14:05:00,17769.034387857482,3,59
2023-04-13,17780.6,17790.2,17778.5,17789.65,14:10:00,17770.1358747282,3,60
2023-04-13,17797.6,17798.5,17779.95,17780.55,14:15:00,17772.751505706467,3,61
2023-04-13,17800.0,17804.7,17793.8,17798.6,14:20:00,17775.346600401088,3,62
2023-04-13,17801.7,17805.2,17792.7,17799.65,14:25:00,17777.856447981936,3,63
2023-04-13,17801.25,17810.95,17799.25,17801.7,14:30:00,17780.08440531699,3,64
2023-04-13,17798.75,17802.4,17791.3,17800.7,14:35:00,17781.862081001083,3,65
2023-04-13,17795.55,17799.15,17789.55,17798.8,14:40:00,17783.165692334314,3,66
2023-04-13,17805.3,17805.85,17793.9,17795.35,14:45:00,17785.273721635807,3,67
2023-04-13,17813.55,17814.5,17804.05,17804.75,14:50:00,17787.966700527635,3,68
2023-04-13,17819.75,17828.05,17813.35,17813.35,14:55:00,17790.993681429765,3,69
2023-04-13,17818.05,17822.95,17806.1,17818.35,15:00:00,17793.57047367455,3,70
2023-04-13,17825.7,17833.45,17817.1,17818.05,15:05:00,17796.630428562687,3,71
2023-04-13,17836.55,17837.4,17820.1,17824.7,15:10:00,17800.432292509096,3,72
2023-04-13,17838.35,17839.2,17831.75,17836.6,15:15:00,17804.043502746325,3,73
2023-04-13,17834.6,17841.5,17832.95,17838.15,15:20:00,17806.953645341913,3,74
2023-04-13,17828.15,17838.1,17826.4,17835.05,15:25:00,17808.97234578554,3,75
2023-04-17,17673.65,17863.0,17671.5,17863.0,09:15:00,17800.739947457096,0,1
2023-04-17,17662.6,17688.95,17658.6,17673.15,09:20:00,17787.58376198499,0,2
2023-04-17,17634.45,17667.7,17633.9,17664.1,09:25:00,17772.999594176898,0,3
2023-04-17,17640.15,17643.55,17620.7,17633.65,09:30:00,17760.347251874337,0,4
2023-04-17,17641.05,17646.05,17626.5,17640.8,09:35:00,17748.985608838684,0,5
2023-04-17,17636.6,17644.8,17632.25,17641.3,09:40:00,17738.282217520715,0,6
2023-04-17,17630.15,17651.95,17628.45,17635.7,09:45:00,17727.98391109017,0,7
2023-04-17,17604.5,17629.95,17604.4,17629.4,09:50:00,17716.22353860539,0,8
2023-04-17,17583.25,17608.25,17581.8,17605.25,09:55:00,17703.559392071544,0,9
2023-04-17,17581.4,17591.15,17574.35,17583.6,10:00:00,17691.925164255208,0,10
2023-04-17,17600.25,17603.35,17580.05,17580.8,10:05:00,17683.194196230903,0,11
2023-04-17,17610.3,17612.45,17597.2,17600.3,10:10:00,17676.25189182796,0,12
2023-04-17,17621.05,17623.3,17609.45,17609.9,10:15:00,17670.994568796727,0,13
2023-04-17,17644.95,17645.25,17621.7,17621.7,10:20:00,17668.514133673227,0,14
2023-04-17,17640.65,17649.05,17634.35,17644.9,10:25:00,17665.860406656728,0,15
2023-04-17,17629.2,17648.8,17625.35,17641.1,10:30:00,17662.368939356085,0,16
2023-04-17,17629.8,17637.35,17627.35,17629.55,10:35:00,17659.267135607886,0,17
2023-04-17,17645.6,17645.6,17628.0,17629.8,10:40:00,17657.96550364523,0,18
2023-04-17,17666.65,17671.15,17645.75,17645.75,10:45:00,17658.79259853616,0,19
2023-04-17,17658.3,17676.55,17657.65,17666.4,10:50:00,17658.745684389858,0,20
2023-04-17,17655.2,17669.0,17655.2,17658.65,10:55:00,17658.408000162253,0,21
2023-04-17,17646.5,17668.45,17645.3,17655.6,11:00:00,17657.273904908703,0,22
2023-04-17,17640.7,17651.0,17637.3,17645.6,11:05:00,17655.695437774542,0,23
2023-04-17,17640.95,17652.7,17640.0,17640.7,11:10:00,17654.29111036744,0,24
2023-04-17,17654.05,17656.4,17640.05,17640.95,11:15:00,17654.268147475304,0,25
2023-04-17,17644.5,17653.55,17639.85,17653.5,11:20:00,17653.337847715753,0,26
2023-04-17,17644.4,17654.0,17642.9,17644.8,11:25:00,17652.486624123776,0,27
2023-04-17,17645.55,17657.1,17644.25,17644.3,11:30:00,17651.825993254846,0,28
2023-04-17,17652.6,17654.1,17640.3,17644.95,11:35:00,17651.899708182955,0,29
2023-04-17,17657.8,17665.15,17649.25,17651.8,11:40:00,17652.461640736958,0,30
2023-04-17,17662.4,17666.95,17654.45,17657.45,11:45:00,17653.40815114296,0,31
2023-04-17,17659.65,17662.7,17650.95,17662.7,11:50:00,17654.00261293887,0,32
2023-04-17,17659.45,17662.5,17654.8,17660.25,11:55:00,17654.5214117066,0,33
2023-04-17,17648.85,17661.55,17647.35,17659.95,12:00:00,17653.98127725835,0,34
2023-04-17,17653.85,17653.85,17643.95,17648.4,12:05:00,17653.968774662317,0,35
2023-04-17,17657.2,17665.75,17653.2,17653.2,12:10:00,17654.276510408763,0,36
2023-04-17,17661.85,17666.2,17654.65,17656.7,12:15:00,17654.997795131738,0,37
2023-04-17,17670.9,17671.35,17658.9,17663.1,12:20:00,17656.512290833478,0,38
2023-04-17,17682.6,17683.85,17669.9,17670.8,12:25:00,17658.996834563623,0,39
2023-04-17,17689.8,17690.2,17673.75,17682.0,12:30:00,17661.930469367086,0,40
2023-04-17,17685.75,17693.35,17682.55,17690.2,12:35:00,17664.19899609403,0,41
2023-04-17,17677.8,17687.05,17677.8,17685.9,12:40:00,17665.49432979936,0,42
2023-04-17,17686.25,17687.4,17676.5,17677.25,12:45:00,17667.471060294658,0,43
2023-04-17,17688.55,17690.9,17681.8,17685.65,12:50:00,17669.47857836183,0,44
2023-04-17,17680.35,17691.1,17678.9,17688.35,12:55:00,17670.513951851182,0,45
2023-04-17,17658.5,17683.15,17656.6,17680.55,13:00:00,17669.369765960593,0,46
2023-04-17,17664.9,17667.0,17654.9,17657.9,13:05:00,17668.944073964347,0,47
2023-04-17,17671.25,17672.4,17663.9,17665.05,13:10:00,17669.163685967742,0,48
2023-04-17,17660.95,17671.05,17657.05,17671.05,13:15:00,17668.38143016129,0,49
2023-04-17,17664.75,17673.4,17656.2,17660.65,13:20:00,17668.03557966974,0,50
2023-04-17,17667.9,17668.2,17654.15,17666.0,13:25:00,17668.02266732024,0,51
2023-04-17,17668.05,17669.8,17658.6,17667.65,13:30:00,17668.0252704326,0,52
2023-04-17,17676.7,17677.3,17661.25,17667.95,13:35:00,17668.85143515331,0,53
2023-04-17,17680.9,17682.95,17671.65,17675.55,13:40:00,17669.99891751966,0,54
2023-04-17,17680.8,17681.2,17671.75,17680.9,13:45:00,17671.027592041595,0,55
2023-04-17,17682.8,17684.45,17676.2,17681.05,13:50:00,17672.14877375192,0,56
2023-04-17,17687.15,17688.15,17671.5,17683.2,13:55:00,17673.577461966022,0,57
2023-04-17,17683.3,17688.9,17677.9,17687.15,14:00:00,17674.50341796926,0,58
2023-04-17,17680.9,17685.4,17677.3,17682.85,14:05:00,17675.112616257902,0,59
2023-04-17,17688.2,17689.15,17679.8,17680.4,14:10:00,17676.359033757148,0,60
2023-04-17,17687.25,17693.6,17684.75,17688.15,14:15:00,17677.39626863742,0,61
2023-04-17,17689.0,17691.9,17679.15,17686.65,14:20:00,17678.501385910047,0,62
2023-04-17,17694.3,17697.2,17688.65,17688.65,14:25:00,17680.006015823375,0,63
2023-04-17,17703.2,17703.5,17693.4,17694.7,14:30:00,17682.214966697342,0,64
2023-04-17,17691.65,17703.45,17683.35,17702.35,14:35:00,17683.113541297596,0,65
2023-04-17,17687.75,17692.1,17670.3,17692.0,14:40:00,17683.555108793065,0,66
2023-04-17,17678.45,17693.9,17678.45,17687.7,14:45:00,17683.068907955632,0,67
2023-04-17,17677.5,17685.0,17676.15,17678.4,14:50:00,17682.53853576938,0,68
2023-04-17,17685.9,17692.95,17678.05,17678.25,14:55:00,17682.85867521992,0,69
2023-04-17,17706.8,17707.7,17685.5,17686.65,15:00:00,17685.13880138945,0,70
2023-04-17,17715.6,17716.15,17706.45,17706.45,15:05:00,17688.039867923788,0,71
2023-04-17,17711.3,17716.9,17706.65,17715.5,15:10:00,17690.255118597714,0,72
2023-04-17,17709.45,17715.2,17705.3,17711.65,15:15:00,17692.083202540787,0,73
2023-04-17,17707.0,17710.1,17701.4,17709.2,15:20:00,17693.503849917855,0,74
2023-04-17,17704.1,17709.85,17699.3,17707.6,15:25:00,17694.513007068534,0,75
2023-04-18,17736.1,17766.6,17719.5,17766.6,09:15:00,17704.68525068422,1,1
2023-04-18,17730.1,17740.25,17718.4,17737.9,09:20:00,17707.10570300001,1,2
2023-04-18,17739.45,17744.45,17712.9,17730.4,09:25:00,17710.1861122381,1,3
2023-04-18,17733.4,17747.9,17731.85,17739.3,09:30:00,17712.396958691617,1,4
2023-04-18,17720.2,17742.65,17718.15,17733.2,09:35:00,17713.140105482893,1,5
2023-04-18,17720.8,17731.2,17717.15,17719.95,09:40:00,17713.869619246427,1,6
2023-04-18,17699.35,17720.5,17694.05,17720.5,09:45:00,17712.486798365815,1,7
2023-04-18,17671.0,17698.95,17670.05,17698.95,09:50:00,17708.53567471193,1,8
2023-04-18,17682.75,17683.25,17663.85,17670.65,09:55:00,17706.079896167936,1,9
2023-04-18,17678.6,17684.2,17671.3,17682.75,10:00:00,17703.46276319956,1,10
2023-04-18,17674.4,17681.0,17665.3,17679.55,10:05:00,17700.69488099008,1,11
2023-04-18,17670.35,17679.75,17663.2,17673.95,10:10:00,17697.804892324355,1,12
2023-04-18,17660.0,17670.95,17652.55,17670.25,10:15:00,17694.204426388704,1,13
2023-04-18,17658.5,17663.0,17651.15,17660.25,10:20:00,17690.804004827874,1,14
2023-04-18,17669.3,17669.7,17654.45,17658.2,10:25:00,17688.75600436808,1,15
2023-04-18,17672.65,17674.2,17661.7,17668.95,10:30:00,17687.222099190167,1,16
2023-04-18,17689.35,17689.5,17670.0,17672.45,10:35:00,17687.42475641015,1,17
2023-04-18,17693.45,17694.3,17686.95,17688.35,10:40:00,17687.998589132992,1,18
2023-04-18,17685.7,17695.95,17682.4,17693.35,10:45:00,17687.77967588223,1,19
2023-04-18,17686.2,17696.35,17682.9,17687.15,10:50:00,17687.629230560113,1,20
2023-04-18,17680.4,17687.3,17678.2,17686.1,10:55:00,17686.94073241153,1,21
2023-04-18,17674.15,17686.65,17673.7,17681.15,11:00:00,17685.722567419958,1,22
2023-04-18,17678.65,17683.95,17672.5,17673.5,11:05:00,17685.048989570438,1,23
2023-04-18,17681.8,17682.8,17675.4,17677.75,11:10:00,17684.7395619923,1,24
2023-04-18,17685.15,17685.15,17677.6,17681.9,11:15:00,17684.778651326367,1,25
2023-04-18,17680.35,17686.65,17677.6,17685.15,11:20:00,17684.35687500957,1,26
2023-04-18,17686.35,17688.25,17679.9,17680.5,11:25:00,17684.546696437228,1,27
2023-04-18,17680.3,17686.65,17676.4,17685.8,11:30:00,17684.142249157492,1,28
2023-04-18,17676.5,17687.65,17673.55,17680.05,11:35:00,17683.414415904397,1,29
2023-04-18,17674.9,17680.1,17673.95,17675.65,11:40:00,17682.6035191516,1,30
2023-04-18,17660.7,17675.35,17660.55,17675.1,11:45:00,17680.51746970859,1,31
2023-04-18,17664.9,17667.5,17659.4,17660.65,11:50:00,17679.030091641107,1,32
2023-04-18,17670.2,17670.25,17663.55,17664.85,11:55:00,17678.18913053243,1,33
2023-04-18,17675.3,17677.75,17668.45,17669.8,12:00:00,17677.913975243628,1,34
2023-04-18,17680.7,17682.65,17675.05,17675.55,12:05:00,17678.179310934713,1,35
2023-04-18,17682.15,17685.8,17680.5,17680.9,12:10:00,17678.557471798074,1,36
2023-04-18,17689.15,17691.2,17679.95,17682.6,12:15:00,17679.566284007782,1,37
2023-04-18,17680.65,17689.4,17679.2,17688.75,12:20:00,17679.66949505466,1,38
2023-04-18,17688.2,17690.1,17680.25,17680.25,12:25:00,17680.481924097072,1,39
2023-04-18,17693.45,17695.0,17685.5,17685.65,12:30:00,17681.71697894497,1,40
2023-04-18,17696.6,17698.1,17690.9,17692.95,12:35:00,17683.13440952164,1,41
2023-04-18,17694.2,17698.45,17692.3,17696.65,12:40:00,17684.188275281485,1,42
2023-04-18,17695.9,17696.75,17689.65,17693.9,12:45:00,17685.30367763563,1,43
2023-04-18,17694.2,17698.65,17691.75,17695.85,12:50:00,17686.150946432237,1,44
2023-04-18,17705.95,17706.25,17694.05,17694.65,12:55:00,17688.03657058155,1,45
2023-04-18,17703.45,17709.85,17699.1,17705.55,13:00:00,17689.50451624045,1,46
2023-04-18,17702.7,17705.6,17699.65,17703.15,13:05:00,17690.761228979452,1,47
2023-04-18,17690.1,17703.35,17686.65,17702.75,13:10:00,17690.698254790936,1,48
2023-04-18,17686.65,17690.15,17677.05,17690.15,13:15:00,17690.31270671561,1,49
2023-04-18,17677.15,17686.95,17669.9,17686.7,13:20:00,17689.059115599837,1,50
2023-04-18,17664.35,17678.05,17664.35,17676.95,13:25:00,17686.70586649509,1,51
2023-04-18,17659.05,17670.3,17656.2,17665.9,13:30:00,17684.07197444794,1,52
2023-04-18,17640.75,17657.15,17639.7,17657.15,13:35:00,17679.946072119565,1,53
2023-04-18,17619.1,17639.5,17617.7,17639.2,13:40:00,17674.15120810818,1,54
2023-04-18,17618.05,17627.45,17611.85,17620.2,13:45:00,17668.8082359074,1,55
2023-04-18,17615.85,17621.4,17610.75,17618.05,13:50:00,17663.76459439241,1,56
2023-04-18,17635.25,17635.25,17610.8,17616.15,13:55:00,17661.048918735993,1,57
2023-04-18,17625.6,17641.65,17623.8,17635.15,14:00:00,17657.672831237327,1,58
2023-04-18,17624.3,17627.9,17618.05,17626.25,14:05:00,17654.49446635758,1,59
2023-04-18,17636.4,17644.2,17625.25,17625.25,14:10:00,17652.771183847337,1,60
2023-04-18,17638.7,17642.75,17632.1,17636.3,14:15:00,17651.43107109997,1,61
2023-04-18,17634.6,17642.65,17623.9,17639.55,14:20:00,17649.82811194759,1,62
2023-04-18,17642.15,17644.8,17634.3,17634.3,14:25:00,17649.096863190676,1,63
2023-04-18,17646.5,17648.65,17635.6,17642.65,14:30:00,17648.8495428868,1,64
2023-04-18,17636.35,17647.45,17626.95,17647.1,14:35:00,17647.659110230914,1,65
2023-04-18,17642.1,17644.65,17635.9,17637.95,14:40:00,17647.129671161303,1,66
2023-04-18,17650.8,17652.55,17637.85,17642.85,14:45:00,17647.4792262888,1,67
2023-04-18,17658.65,17660.95,17650.8,17651.1,14:50:00,17648.54310949939,1,68
2023-04-18,17649.2,17666.2,17648.9,17658.75,14:55:00,17648.605670499448,1,69
2023-04-18,17671.65,17673.6,17650.25,17650.25,15:00:00,17650.80036854712,1,70
2023-04-18,17656.75,17672.4,17653.5,17671.85,15:05:00,17651.36700011406,1,71
2023-04-18,17656.1,17666.55,17656.05,17657.4,15:10:00,17651.81776200796,1,72
2023-04-18,17659.95,17661.75,17650.05,17655.9,15:15:00,17652.592260864345,1,73
2023-04-18,17659.15,17663.05,17653.65,17659.9,15:20:00,17653.216807448694,1,74
2023-04-18,17661.55,17663.3,17656.6,17659.1,15:25:00,17654.010444834534,1,75
2023-04-19,17638.75,17657.3,17634.0,17653.35,09:15:00,17652.500160057294,2,1
2023-04-19,17620.8,17638.9,17612.55,17638.05,09:20:00,17649.481097194694,2,2
2023-04-19,17635.0,17644.85,17618.8,17619.85,09:25:00,17648.101945080914,2,3
2023-04-19,17650.35,17658.35,17632.95,17635.15,09:30:00,17648.3160455494,2,4
2023-04-19,17653.05,17655.9,17641.8,17650.95,09:35:00,17648.766898354217,2,5
2023-04-19,17635.05,17652.9,17629.55,17652.05,09:40:00,17647.46052708239,2,6
2023-04-19,17631.4,17640.75,17626.0,17635.5,09:45:00,17645.93095307454,2,7
2023-04-19,17638.5,17645.9,17630.85,17631.05,09:50:00,17645.22324325792,2,8
2023-04-19,17631.0,17643.1,17628.4,17638.0,09:55:00,17643.868648661926,2,9
2023-04-19,17624.2,17634.5,17623.65,17631.35,10:00:00,17641.99544402746,2,10
2023-04-19,17624.3,17625.7,17615.8,17624.7,10:05:00,17640.31016364389,2,11
2023-04-19,17628.95,17633.2,17622.5,17623.7,10:10:00,17639.228243296853,2,12
2023-04-19,17628.85,17633.95,17628.0,17629.5,10:15:00,17638.239839173344,2,13
2023-04-19,17630.35,17634.7,17628.25,17628.25,10:20:00,17637.48842591874,2,14
2023-04-19,17637.8,17639.05,17627.75,17630.55,10:25:00,17637.518099640765,2,15
2023-04-19,17640.35,17646.7,17633.5,17637.8,10:30:00,17637.787804436884,2,16
2023-04-19,17629.55,17640.45,17628.75,17639.75,10:35:00,17637.003251633374,2,17
2023-04-19,17634.95,17636.35,17626.75,17628.8,10:40:00,17636.80770385877,2,18
2023-04-19,17637.75,17639.35,17634.4,17635.05,10:45:00,17636.897446348412,2,19
2023-04-19,17639.8,17640.65,17631.85,17637.15,10:50:00,17637.173880029513,2,20
2023-04-19,17639.35,17646.85,17637.0,17639.85,10:55:00,17637.38112955051,2,21
2023-04-19,17645.1,17647.55,17639.7,17639.7,11:00:00,17638.11626006951,2,22
2023-04-19,17646.4,17650.45,17640.8,17644.55,11:05:00,17638.905187681936,2,23
2023-04-19,17649.6,17652.05,17643.55,17645.1,11:10:00,17639.923741236038,2,24
2023-04-19,17639.25,17650.6,17639.25,17648.05,11:15:00,17639.859575404036,2,25
2023-04-19,17639.4,17640.15,17633.85,17640.15,11:20:00,17639.815806317936,2,26
2023-04-19,17635.9,17642.6,17631.05,17639.6,11:25:00,17639.442872382893,2,27
2023-04-19,17640.05,17642.2,17632.1,17635.95,11:30:00,17639.500694060713,2,28
2023-04-19,17646.0,17657.3,17640.75,17640.75,11:35:00,17640.11967557874,2,29
2023-04-19,17647.25,17650.8,17640.95,17646.6,11:40:00,17640.79875409505,2,30
2023-04-19,17648.4,17653.35,17643.15,17647.6,11:45:00,17641.522682276474,2,31
2023-04-19,17646.2,17651.6,17642.15,17648.2,11:50:00,17641.968141107285,2,32
2023-04-19,17653.25,17654.1,17643.8,17646.9,11:55:00,17643.042603858972,2,33
2023-04-19,17654.75,17659.0,17648.2,17653.65,12:00:00,17644.15759396764,2,34
2023-04-19,17654.25,17660.2,17654.2,17655.35,12:05:00,17645.11877549453,2,35
2023-04-19,17654.25,17662.9,17652.9,17654.65,12:10:00,17645.988415923624,2,36
2023-04-19,17656.5,17659.05,17653.1,17654.55,12:15:00,17646.989519168994,2,37
2023-04-19,17652.8,17662.25,17652.45,17656.55,12:20:00,17647.542898295756,2,38
2023-04-19,17654.4,17655.5,17646.6,17652.85,12:25:00,17648.195955600924,2,39
2023-04-19,17662.05,17662.05,17653.3,17655.55,12:30:00,17649.515388400836,2,40
2023-04-19,17659.35,17664.45,17655.4,17662.3,12:35:00,17650.452018076947,2,41
2023-04-19,17655.25,17662.4,17653.75,17660.7,12:40:00,17650.908968736287,2,42
2023-04-19,17658.55,17666.15,17655.5,17656.1,12:45:00,17651.636685999496,2,43
2023-04-19,17658.2,17663.2,17657.6,17659.2,12:50:00,17652.261763523355,2,44
2023-04-19,17655.2,17660.2,17647.75,17658.75,12:55:00,17652.54159556875,2,45
2023-04-19,17646.3,17657.0,17645.25,17655.6,13:00:00,17651.947157895534,2,46
2023-04-19,17637.65,17648.0,17635.6,17646.4,13:05:00,17650.585523810245,2,47
2023-04-19,17633.65,17638.8,17631.5,17637.35,13:10:00,17648.9726167807,2,48
2023-04-19,17624.25,17635.35,17624.0,17633.8,13:15:00,17646.618081849203,2,49
2023-04-19,17626.95,17632.7,17623.25,17625.0,13:20:00,17644.744931196896,2,50
2023-04-19,17626.55,17635.95,17626.55,17627.55,13:25:00,17643.012080606713,2,51
2023-04-19,17619.35,17630.35,17614.3,17628.25,13:30:00,17640.75854912036,2,52
2023-04-19,17621.85,17628.7,17618.95,17620.3,13:35:00,17638.957734918422,2,53
2023-04-19,17594.1,17623.0,17594.1,17622.1,13:40:00,17634.685569688096,2,54
2023-04-19,17602.55,17604.95,17586.25,17594.75,13:45:00,17631.62503924161,2,55
2023-04-19,17597.6,17604.8,17591.3,17603.85,13:50:00,17628.38455931384,2,56
2023-04-19,17598.4,17608.0,17593.25,17598.65,13:55:00,17625.528886998236,2,57
2023-04-19,17587.65,17604.65,17587.65,17598.0,14:00:00,17621.921373950787,2,58
2023-04-19,17598.5,17598.65,17580.0,17587.6,14:05:00,17619.690766907854,2,59
2023-04-19,17595.55,17603.95,17594.75,17598.25,14:10:00,17617.391646249962,2,60
2023-04-19,17599.85,17602.0,17588.45,17594.9,14:15:00,17615.721013273775,2,61
2023-04-19,17610.6,17611.35,17599.25,17599.25,14:20:00,17615.23329772389,2,62
2023-04-19,17608.95,17613.8,17606.6,17610.6,14:25:00,17614.634888416855,2,63
2023-04-19,17611.85,17615.8,17608.85,17608.85,14:30:00,17614.36966094858,2,64
2023-04-19,17606.25,17614.0,17602.75,17611.65,14:35:00,17613.59635990586,2,65
2023-04-19,17602.05,17607.35,17594.6,17605.9,14:40:00,17612.496706581493,2,66
2023-04-19,17608.55,17609.5,17598.7,17601.95,14:45:00,17612.120829764208,2,67
2023-04-19,17599.75,17609.95,17594.15,17608.95,14:50:00,17610.94265550095,2,68
2023-04-19,17596.1,17601.65,17591.35,17600.1,14:55:00,17609.529069262764,2,69
2023-04-19,17616.95,17617.8,17593.65,17594.3,15:00:00,17610.23582457107,2,70
2023-04-19,17630.05,17632.85,17616.3,17616.3,15:05:00,17612.122888897637,2,71
2023-04-19,17628.6,17631.95,17620.45,17629.85,15:10:00,17613.692137574053,2,72
2023-04-19,17615.2,17629.35,17612.75,17628.1,15:15:00,17613.835743519383,2,73
2023-04-19,17612.0,17622.75,17610.45,17614.9,15:20:00,17613.66091080325,2,74
2023-04-19,17610.2,17619.6,17606.45,17612.45,15:25:00,17613.33130025056,2,75
2023-04-20,17653.1,17657.7,17615.2,17638.6,09:15:00,17619.296143742522,3,1
2023-04-20,17676.55,17678.5,17653.1,17653.1,09:20:00,17624.74889195752,3,2
2023-04-20,17671.8,17677.65,17664.85,17675.15,09:25:00,17629.229949866327,3,3
2023-04-20,17675.4,17681.2,17668.25,17674.9,09:30:00,17633.627097498105,3,4
2023-04-20,17679.0,17683.75,17670.75,17674.75,09:35:00,17637.94832630781,3,5
2023-04-20,17672.5,17682.0,17669.6,17678.55,09:40:00,17641.238961897543,3,6
2023-04-20,17658.8,17674.25,17654.35,17672.7,09:45:00,17642.911441716824,3,7
2023-04-20,17656.0,17659.1,17647.85,17657.75,09:50:00,17644.157971077126,3,8
2023-04-20,17644.8,17655.75,17641.95,17655.75,09:55:00,17644.219116688826,3,9
2023-04-20,17646.35,17649.55,17636.0,17645.35,10:00:00,17644.422057956555,3,10
2023-04-20,17629.1,17646.2,17628.75,17645.95,10:05:00,17642.962814341645,3,11
2023-04-20,17628.2,17638.35,17622.7,17627.9,10:10:00,17641.556832023394,3,12
2023-04-20,17641.4,17642.9,17628.2,17628.2,10:15:00,17641.541895640214,3,13
2023-04-20,17635.85,17642.0,17630.6,17642.0,10:20:00,17640.999810341145,3,14
2023-04-20,17608.7,17635.9,17606.65,17635.9,10:25:00,17637.923637927703,3,15
2023-04-20,17596.45,17610.9,17596.0,17608.75,10:30:00,17633.973767648873,3,16
2023-04-20,17596.25,17604.7,17590.35,17595.55,10:35:00,17630.38102787279,3,17
2023-04-20,17593.3,17599.25,17592.75,17596.95,10:40:00,17626.849501408717,3,18
2023-04-20,17604.5,17612.5,17592.1,17593.95,10:45:00,17624.72097746503,3,19
2023-04-20,17605.85,17608.3,17601.55,17605.1,10:50:00,17622.923741515977,3,20
2023-04-20,17614.6,17615.95,17604.8,17605.95,10:55:00,17622.13100422874,3,21
2023-04-20,17607.3,17617.3,17606.7,17614.35,11:00:00,17620.718527635527,3,22
2023-04-20,17599.4,17607.95,17598.95,17607.55,11:05:00,17618.68819167024,3,23
2023-04-20,17610.95,17613.1,17597.0,17599.45,11:10:00,17617.95122103498,3,24
2023-04-20,17620.35,17625.2,17611.35,17611.35,11:15:00,17618.179676174503,3,25
2023-04-20,17618.6,17623.15,17618.0,17620.6,11:20:00,17618.219707015025,3,26
2023-04-20,17621.5,17622.9,17618.5,17619.25,11:25:00,17618.532115870737,3,27
2023-04-20,17627.0,17629.0,17618.45,17621.65,11:30:00,17619.338581025906,3,28
2023-04-20,17629.4,17631.25,17625.4,17627.0,11:35:00,17620.29681140439,3,29
2023-04-20,17618.3,17632.8,17617.7,17628.95,11:40:00,17620.106638889687,3,30
2023-04-20,17618.0,17620.15,17610.95,17618.1,11:45:00,17619.906006614478,3,31
2023-04-20,17623.5,17631.6,17617.1,17617.9,11:50:00,17620.248291698812,3,32
2023-04-20,17626.4,17629.9,17622.15,17623.5,11:55:00,17620.834168679878,3,33
2023-04-20,17626.1,17627.85,17623.5,17626.1,12:00:00,17621.335676424653,3,34
2023-04-20,17619.6,17627.85,17617.2,17625.65,12:05:00,17621.17037390802,3,35
2023-04-20,17620.55,17625.4,17618.2,17618.9,12:10:00,17621.111290678684,3,36
2023-04-20,17616.45,17622.15,17615.7,17619.4,12:15:00,17620.667358233095,3,37
2023-04-20,17625.0,17626.65,17615.3,17616.3,12:20:00,17621.079990782324,3,38
2023-04-20,17625.25,17627.95,17618.15,17624.75,12:25:00,17621.47713451734,3,39
2023-04-20,17618.6,17625.8,17616.6,17624.7,12:30:00,17621.203121706163,3,40
2023-04-20,17608.4,17620.65,17606.9,17618.65,12:35:00,17619.983776781766,3,41
2023-04-20,17613.4,17617.3,17608.15,17608.5,12:40:00,17619.356750421597,3,42
2023-04-20,17609.15,17613.8,17603.4,17613.15,12:45:00,17618.384678952872,3,43
2023-04-20,17612.05,17613.9,17608.2,17608.6,12:50:00,17617.781376195457,3,44
2023-04-20,17611.7,17613.95,17605.4,17611.8,12:55:00,17617.202197510174,3,45
2023-04-20,17604.1,17612.35,17602.1,17611.45,13:00:00,17615.954369175874,3,46
2023-04-20,17590.1,17605.6,17586.9,17604.05,13:05:00,17613.49204830198,3,47
2023-04-20,17597.85,17598.95,17586.1,17589.05,13:10:00,17612.00232941608,3,48
2023-04-20,17602.5,17605.35,17595.65,17597.95,13:15:00,17611.097345662165,3,49
2023-04-20,17602.25,17604.35,17598.45,17602.35,13:20:00,17610.254741313387,3,50
2023-04-20,17601.95,17603.85,17596.7,17600.7,13:25:00,17609.463813569255,3,51
2023-04-20,17595.55,17602.25,17590.15,17601.9,13:30:00,17608.13868846742,3,52
2023-04-20,17597.95,17603.8,17593.9,17595.15,13:35:00,17607.168337184812,3,53
2023-04-20,17596.75,17600.8,17590.05,17597.9,13:40:00,17606.176114595783,3,54
2023-04-20,17607.3,17609.4,17593.5,17596.75,13:45:00,17606.283151300944,3,55
2023-04-20,17605.65,17607.95,17603.2,17606.75,13:50:00,17606.222851177045,3,56
2023-04-20,17593.1,17607.25,17589.5,17605.6,13:55:00,17604.97305582685,3,57
2023-04-20,17592.75,17596.85,17590.55,17592.7,14:00:00,17603.80895527191,3,58
2023-04-20,17593.3,17593.35,17584.5,17593.05,14:05:00,17602.80810238887,3,59
2023-04-20,17594.75,17599.5,17592.65,17592.8,14:10:00,17602.04066406612,3,60
2023-04-20,17607.4,17607.4,17593.65,17594.6,14:15:00,17602.551077012205,3,61
2023-04-20,17609.6,17613.75,17605.3,17606.45,14:20:00,17603.22240301104,3,62
2023-04-20,17607.75,17610.05,17600.85,17609.55,14:25:00,17603.653602724276,3,63
2023-04-20,17611.65,17611.85,17604.05,17608.4,14:30:00,17604.415164369584,3,64
2023-04-20,17610.25,17615.0,17608.15,17611.4,14:35:00,17604.970863001054,3,65
2023-04-20,17609.0,17613.25,17604.8,17609.9,14:40:00,17605.354590334286,3,66
2023-04-20,17609.2,17612.0,17603.25,17608.8,14:45:00,17605.72081982626,3,67
2023-04-20,17605.0,17610.5,17603.3,17609.05,14:50:00,17605.652170318997,3,68
2023-04-20,17610.3,17611.9,17602.45,17605.05,14:55:00,17606.094820764807,3,69
2023-04-20,17617.45,17617.8,17608.15,17611.35,15:00:00,17607.176266406255,3,70
2023-04-20,17623.95,17624.85,17616.6,17617.5,15:05:00,17608.773764843754,3,71
2023-04-20,17634.2,17634.2,17623.15,17623.15,15:10:00,17611.195311049112,3,72
2023-04-20,17629.85,17634.4,17628.15,17633.9,15:15:00,17612.971948092054,3,73
2023-04-20,17626.45,17634.05,17622.0,17630.65,15:20:00,17614.255572083286,3,74
2023-04-20,17623.9,17627.55,17620.05,17626.25,15:25:00,17615.174089027736,3,75
2023-04-21,17645.0,17660.4,17639.65,17639.75,09:15:00,17620.132304170096,4,1
2023-04-21,17647.85,17651.95,17634.15,17644.2,09:20:00,17622.772084725326,4,2
2023-04-21,17660.75,17661.75,17644.45,17647.45,09:25:00,17626.3890290372,4,3
2023-04-21,17630.75,17662.5,17629.15,17660.5,09:30:00,17626.804359605085,4,4
2023-04-21,17632.2,17634.3,17620.75,17631.6,09:35:00,17627.318230118886,4,5
2023-04-21,17621.3,17648.65,17620.95,17632.8,09:40:00,17626.745065345658,4,6
2023-04-21,17636.2,17639.1,17620.95,17620.95,09:45:00,17627.64553531274,4,7
2023-04-21,17617.4,17636.5,17616.4,17635.85,09:50:00,17626.669770044857,4,8
2023-04-21,17607.95,17622.85,17606.55,17617.0,09:55:00,17624.88693480249,4,9
2023-04-21,17608.8,17614.75,17605.7,17607.4,10:00:00,17623.35484577368,4,10
2023-04-21,17611.55,17614.95,17606.25,17608.5,10:05:00,17622.230574747617,4,11
2023-04-21,17617.65,17619.55,17608.75,17611.3,10:10:00,17621.794329533557,4,12
2023-04-21,17604.05,17620.0,17599.7,17616.75,10:15:00,17620.104393387504,4,13
2023-04-21,17602.15,17605.55,17599.65,17603.8,10:20:00,17618.394451160122,4,14
2023-04-21,17597.6,17601.2,17589.5,17601.05,10:25:00,17616.41402724011,4,15
2023-04-21,17606.2,17606.65,17595.95,17597.8,10:30:00,17615.441262741053,4,16
2023-04-21,17600.7,17613.45,17600.45,17606.6,10:35:00,17614.03733295619,4,17
2023-04-21,17597.55,17603.2,17597.55,17600.5,10:40:00,17612.46711076989,4,18
2023-04-21,17595.65,17597.9,17589.7,17597.9,10:45:00,17610.865481172757,4,19
2023-04-21,17605.65,17607.35,17592.65,17595.3,10:50:00,17610.368768680113,4,20
2023-04-21,17602.85,17605.95,17599.15,17605.05,10:55:00,17609.652695472483,4,21
2023-04-21,17604.45,17605.5,17597.0,17602.7,11:00:00,17609.15720066558,4,22
2023-04-21,17606.0,17612.2,17604.4,17604.6,11:05:00,17608.856514887906,4,23
2023-04-21,17609.25,17609.7,17601.9,17605.8,11:10:00,17608.893989660486,4,24
2023-04-21,17606.9,17612.15,17606.1,17609.75,11:15:00,17608.704085883295,4,25
2023-04-21,17600.9,17608.65,17598.6,17607.1,11:20:00,17607.960839608695,4,26
2023-04-21,17604.5,17607.1,17600.0,17600.9,11:25:00,17607.631235836438,4,27
2023-04-21,17604.05,17608.95,17598.65,17604.9,11:30:00,17607.290165756778,4,28
2023-04-21,17605.35,17607.7,17597.8,17603.75,11:35:00,17607.105388065655,4,29
2023-04-21,17607.25,17609.95,17604.65,17604.95,11:40:00,17607.11916063083,4,30
2023-04-21,17607.25,17608.65,17602.35,17608.3,11:45:00,17607.131621523135,4,31
2023-04-21,17602.35,17607.95,17601.8,17607.95,11:50:00,17606.676228997123,4,32
2023-04-21,17608.05,17612.9,17602.25,17602.8,11:55:00,17606.80706433073,4,33
2023-04-21,17605.2,17609.35,17597.9,17609.35,12:00:00,17606.654010584945,4,34
2023-04-21,17601.35,17606.7,17600.55,17605.9,12:05:00,17606.14886671971,4,35
2023-04-21,17595.35,17601.9,17591.2,17601.9,12:10:00,17605.120403222594,4,36
2023-04-21,17593.4,17598.3,17589.0,17595.45,12:15:00,17604.004174344253,4,37
2023-04-21,17593.2,17595.8,17591.6,17593.6,12:20:00,17602.975205359086,4,38
2023-04-21,17582.7,17595.55,17582.4,17594.1,12:25:00,17601.044233420125,4,39
2023-04-21,17581.95,17588.8,17577.8,17582.75,12:30:00,17599.22573499916,4,40
2023-04-21,17583.8,17587.9,17581.9,17582.9,12:35:00,17597.756617380193,4,41
2023-04-21,17587.5,17593.15,17583.4,17585.2,12:40:00,17596.779796677318,4,42
2023-04-21,17588.0,17591.5,17585.85,17588.2,12:45:00,17595.943625565193,4,43
2023-04-21,17580.95,17588.5,17579.1,17587.4,12:50:00,17594.51566122565,4,44
2023-04-21,17575.05,17588.45,17574.7,17581.25,12:55:00,17592.661788727968,4,45
2023-04-21,17563.8,17576.4,17563.2,17574.6,13:00:00,17589.91304694435,4,46
2023-04-21,17565.3,17567.2,17553.95,17563.7,13:05:00,17587.568947235366,4,47
2023-04-21,17561.05,17565.7,17558.6,17565.65,13:10:00,17585.04333321295,4,48
2023-04-21,17569.6,17570.5,17561.25,17561.75,13:15:00,17583.572539573623,4,49
2023-04-21,17574.15,17577.7,17568.5,17569.7,13:20:00,17582.675154852324,4,50
2023-04-21,17586.5,17587.7,17574.75,17574.75,13:25:00,17583.03942581877,4,51
2023-04-21,17593.9,17596.45,17584.35,17587.1,13:30:00,17584.07376621698,4,52
2023-04-21,17594.25,17596.65,17591.65,17594.25,13:35:00,17585.042931339176,4,53
2023-04-21,17592.2,17602.15,17592.1,17594.5,13:40:00,17585.72455692592,4,54
2023-04-21,17603.95,17605.25,17593.05,17593.35,13:45:00,17587.460313409167,4,55
2023-04-21,17610.15,17614.15,17604.1,17604.45,13:50:00,17589.621235941628,4,56
2023-04-21,17604.0,17613.25,17603.85,17611.35,13:55:00,17590.990642042427,4,57
2023-04-21,17606.5,17610.45,17602.95,17604.75,14:00:00,17592.46772375267,4,58
2023-04-21,17604.9,17610.55,17596.3,17607.2,14:05:00,17593.65175006194,4,59
2023-04-21,17599.85,17605.4,17597.65,17605.15,14:10:00,17594.24205957985,4,60
2023-04-21,17601.0,17602.8,17596.65,17600.7,14:15:00,17594.885672953198,4,61
2023-04-21,17614.2,17620.75,17599.1,17600.85,14:20:00,17596.72513267194,4,62
2023-04-21,17629.3,17629.45,17614.15,17614.15,14:25:00,17599.8275009889,4,63
2023-04-21,17628.65,17636.85,17627.75,17630.15,14:30:00,17602.57250089472,4,64
2023-04-21,17623.25,17628.7,17620.25,17627.8,14:35:00,17604.541786523794,4,65
2023-04-21,17615.85,17623.5,17614.8,17623.5,14:40:00,17605.618759235815,4,66
2023-04-21,17616.4,17622.65,17615.45,17616.45,14:45:00,17606.6455440705,4,67
2023-04-21,17620.85,17624.85,17616.8,17617.15,14:50:00,17607.99834939712,4,68
2023-04-21,17627.9,17632.2,17622.0,17622.55,14:55:00,17609.893744692632,4,69
2023-04-21,17630.75,17636.65,17620.95,17630.0,15:00:00,17611.880054721903,4,70
2023-04-21,17632.2,17637.5,17626.75,17630.3,15:05:00,17613.815287605532,4,71
2023-04-21,17632.5,17637.55,17629.35,17633.05,15:10:00,17615.59478402405,4,72
2023-04-21,17617.8,17631.55,17616.95,17631.55,15:15:00,17615.80480459319,4,73
2023-04-21,17618.65,17621.9,17611.15,17617.9,15:20:00,17616.075775584315,4,74
2023-04-21,17618.9,17621.95,17615.65,17618.75,15:25:00,17616.34474933819,4,75
2023-04-24,17669.7,17707.55,17653.05,17707.55,09:15:00,17629.285157621514,0,1
2023-04-24,17669.4,17675.5,17654.6,17668.7,09:20:00,17633.10561880042,0,2
2023-04-24,17657.5,17676.5,17653.95,17670.0,09:25:00,17635.42889320038,0,3
2023-04-24,17648.4,17657.85,17640.5,17657.45,09:30:00,17636.664236705106,0,4
2023-04-24,17632.6,17655.3,17629.25,17649.35,09:35:00,17636.277166542717,0,5
2023-04-24,17627.0,17644.85,17625.65,17632.9,09:40:00,17635.393626871984,0,6
2023-04-24,17646.5,17646.5,17625.15,17625.7,09:45:00,17636.451376693698,0,7
2023-04-24,17645.15,17656.85,17639.25,17646.15,09:50:00,17637.279817008584,0,8
2023-04-24,17633.65,17644.95,17625.6,17644.85,09:55:00,17636.934120150625,0,9
2023-04-24,17631.9,17637.0,17629.95,17634.35,10:00:00,17636.454680136278,0,10
2023-04-24,17622.65,17637.25,17620.4,17632.2,10:05:00,17635.139948694727,0,11
2023-04-24,17633.15,17635.15,17620.6,17623.85,10:10:00,17634.95042977142,0,12
2023-04-24,17629.95,17637.45,17621.45,17631.2,10:15:00,17634.474198364616,0,13
2023-04-24,17629.65,17633.4,17625.95,17630.45,10:20:00,17634.01475090132,0,14
2023-04-24,17625.55,17634.4,17625.55,17630.4,10:25:00,17633.20858414881,0,15
2023-04-24,17631.6,17632.5,17621.15,17625.8,10:30:00,17633.05538565845,0,16
2023-04-24,17635.85,17644.95,17631.4,17631.4,10:35:00,17633.321539405264,0,17
2023-04-24,17633.25,17642.75,17633.25,17636.4,10:40:00,17633.31472612857,0,18
2023-04-24,17635.8,17641.75,17633.15,17633.15,10:45:00,17633.55141887823,0,19
2023-04-24,17633.15,17637.7,17630.15,17636.1,10:50:00,17633.513188508874,0,20
2023-04-24,17634.85,17638.85,17629.55,17632.35,10:55:00,17633.64050388898,0,21
2023-04-24,17637.15,17639.65,17632.9,17635.0,11:00:00,17633.974741613838,0,22
2023-04-24,17627.75,17639.4,17626.75,17636.9,11:05:00,17633.381909079188,0,23
2023-04-24,17638.8,17640.45,17627.55,17627.55,11:10:00,17633.89791773831,0,24
2023-04-24,17639.0,17646.95,17633.25,17638.6,11:15:00,17634.383830334664,0,25
2023-04-24,17638.55,17640.6,17633.7,17638.6,11:20:00,17634.78060839803,0,26
2023-04-24,17627.65,17639.3,17626.75,17638.05,11:25:00,17634.10150283631,0,27
2023-04-24,17629.6,17631.8,17624.6,17626.85,11:30:00,17633.67278828047,0,28
2023-04-24,17624.85,17632.4,17621.85,17629.6,11:35:00,17632.83252272995,0,29
2023-04-24,17624.2,17632.25,17618.45,17625.4,11:40:00,17632.01037770805,0,30
2023-04-24,17620.45,17626.7,17619.65,17623.65,11:45:00,17630.909389354903,0,31
2023-04-24,17620.65,17621.35,17612.7,17620.25,11:50:00,17629.932304654438,0,32
2023-04-24,17625.25,17626.25,17620.2,17620.5,11:55:00,17629.486370877825,0,33
2023-04-24,17625.1,17630.4,17623.3,17625.65,12:00:00,17629.068621270413,0,34
2023-04-24,17631.9,17635.85,17624.8,17625.05,12:05:00,17629.338276387516,0,35
2023-04-24,17637.35,17638.65,17630.45,17632.1,12:10:00,17630.10129768394,0,36
2023-04-24,17632.6,17640.7,17632.6,17637.25,12:15:00,17630.33926933309,0,37
2023-04-24,17640.8,17641.3,17630.65,17631.75,12:20:00,17631.335529396605,0,38
2023-04-24,17644.7,17645.65,17639.5,17639.75,12:25:00,17632.60833612074,0,39
2023-04-24,17658.4,17658.4,17643.85,17643.85,12:30:00,17635.06468506162,0,40
2023-04-24,17654.65,17661.8,17650.75,17658.55,12:35:00,17636.92995315099,0,41
2023-04-24,17656.6,17657.35,17651.05,17654.2,12:40:00,17638.803290946133,0,42
2023-04-24,17668.75,17671.2,17656.55,17656.55,12:45:00,17641.655358475073,0,43
2023-04-24,17672.85,17674.05,17665.55,17669.65,12:50:00,17644.626276715542,0,44
2023-04-24,17671.05,17679.75,17669.55,17672.95,12:55:00,17647.142821790254,0,45
2023-04-24,17675.25,17680.05,17670.85,17671.25,13:00:00,17649.819695905466,0,46
2023-04-24,17681.05,17681.8,17669.6,17675.7,13:05:00,17652.794010581136,0,47
2023-04-24,17687.0,17687.7,17680.9,17681.35,13:10:00,17656.051723859124,0,48
2023-04-24,17695.05,17698.75,17687.6,17687.75,13:15:00,17659.76584539635,0,49
2023-04-24,17696.2,17699.6,17691.55,17694.6,13:20:00,17663.23576488241,0,50
2023-04-24,17698.45,17699.75,17689.1,17696.15,13:25:00,17666.589501560276,0,51
2023-04-24,17704.55,17709.4,17698.15,17698.15,13:30:00,17670.204787125964,0,52
2023-04-24,17711.7,17719.0,17704.4,17704.8,13:35:00,17674.156712161584,0,53
2023-04-24,17711.1,17711.85,17705.2,17711.5,13:40:00,17677.67512052715,0,54
2023-04-24,17702.5,17713.4,17702.15,17711.35,13:45:00,17680.039394762658,0,55
2023-04-24,17703.05,17707.1,17696.2,17702.8,13:50:00,17682.230880975738,0,56
2023-04-24,17697.2,17704.75,17696.6,17702.95,13:55:00,17683.656511359,0,57
2023-04-24,17711.15,17712.1,17696.55,17697.8,14:00:00,17686.27493884862,0,58
2023-04-24,17715.35,17718.8,17710.15,17711.3,14:05:00,17689.04399229161,0,59
2023-04-24,17716.75,17720.2,17711.55,17714.65,14:10:00,17691.682659692407,0,60
2023-04-24,17711.65,17717.5,17705.65,17716.8,14:15:00,17693.584311150273,0,61
2023-04-24,17716.5,17720.0,17711.5,17712.0,14:20:00,17695.76675770739,0,62
2023-04-24,17714.7,17718.0,17708.6,17717.25,14:25:00,17697.56992364002,0,63
2023-04-24,17706.9,17717.35,17706.8,17715.0,14:30:00,17698.458502340975,0,64
2023-04-24,17714.0,17717.35,17701.8,17706.75,14:35:00,17699.93864497517,0,65
2023-04-24,17706.7,17714.15,17704.55,17713.55,14:40:00,17700.582583548963,0,66
2023-04-24,17710.75,17715.1,17705.7,17705.95,14:45:00,17701.550908925252,0,67
2023-04-24,17727.2,17730.35,17710.1,17710.95,14:50:00,17703.9936795038,0,68
2023-04-24,17729.05,17739.1,17726.6,17727.95,14:55:00,17706.379995741532,0,69
2023-04-24,17738.45,17740.6,17729.45,17729.45,15:00:00,17709.434281861388,0,70
2023-04-24,17743.3,17743.3,17731.3,17739.1,15:05:00,17712.65958835078,0,71
2023-04-24,17747.75,17748.9,17742.0,17743.0,15:10:00,17716.001532317372,0,72
2023-04-24,17747.15,17748.95,17741.75,17747.65,15:15:00,17718.96805304905,0,73
2023-04-24,17750.6,17751.65,17740.6,17747.15,15:20:00,17721.980619425332,0,74
2023-04-24,17748.0,17754.25,17742.45,17751.1,15:25:00,17724.45865567054,0,75
2023-04-25,17728.9,17766.05,17728.15,17761.55,09:15:00,17728.077720401507,1,1
2023-04-25,17730.8,17733.2,17717.3,17728.2,09:20:00,17728.336985125174,1,2
2023-04-25,17728.7,17741.1,17724.15,17731.7,09:25:00,17728.371557970397,1,3
2023-04-25,17737.75,17739.6,17726.4,17729.0,09:30:00,17729.264742925596,1,4
2023-04-25,17746.0,17747.55,17734.0,17738.6,09:35:00,17730.858576932682,1,5
2023-04-25,17740.4,17746.25,17735.95,17745.75,09:40:00,17731.767283891473,1,6
2023-04-25,17749.35,17749.35,17735.25,17741.15,09:45:00,17733.44182828276,1,7
2023-04-25,17742.45,17751.5,17739.8,17749.85,09:50:00,17734.299749398688,1,8
2023-04-25,17737.75,17750.0,17736.65,17742.55,09:55:00,17734.62834469405,1,9
2023-04-25,17747.25,17748.4,17732.5,17737.0,10:00:00,17735.830407104142,1,10
2023-04-25,17748.05,17748.3,17735.3,17747.35,10:05:00,17736.99417785613,1,11
2023-04-25,17753.85,17756.2,17746.2,17748.7,10:10:00,17738.599494250782,1,12
2023-04-25,17761.55,17763.35,17752.05,17754.65,10:15:00,17740.78525670309,1,13
2023-04-25,17756.75,17764.4,17756.05,17761.2,10:20:00,17742.305708445652,1,14
2023-04-25,17758.9,17764.55,17755.0,17756.45,10:25:00,17743.886117165115,1,15
2023-04-25,17762.7,17768.1,17757.6,17758.45,10:30:00,17745.67791553034,1,16
2023-04-25,17767.5,17768.0,17753.8,17762.15,10:35:00,17747.756209289357,1,17
2023-04-25,17772.3,17775.6,17765.05,17766.85,10:40:00,17750.09371316656,1,18
2023-04-25,17768.75,17774.55,17765.4,17771.7,10:45:00,17751.870502388792,1,19
2023-04-25,17765.5,17770.1,17764.95,17768.75,10:50:00,17753.168549780337,1,20
2023-04-25,17765.15,17770.65,17761.7,17765.6,10:55:00,17754.30964027745,1,21
2023-04-25,17762.6,17766.15,17757.95,17765.1,11:00:00,17755.099198346263,1,22
2023-04-25,17774.2,17776.0,17761.75,17762.65,11:05:00,17756.918322313286,1,23
2023-04-25,17774.9,17782.85,17773.75,17774.6,11:10:00,17758.630863045353,1,24
2023-04-25,17780.4,17784.75,17773.95,17774.2,11:15:00,17760.704114183893,1,25
2023-04-25,17790.85,17791.9,17779.75,17780.0,11:20:00,17763.57515092828,1,26
2023-04-25,17782.2,17791.6,17782.2,17790.1,11:25:00,17765.34894607797,1,27
2023-04-25,17788.25,17789.95,17781.25,17783.1,11:30:00,17767.529998832448,1,28
2023-04-25,17785.55,17789.0,17783.65,17787.85,11:35:00,17769.24618941983,1,29
2023-04-25,17779.4,17785.9,17778.85,17785.3,11:40:00,17770.213218998895,1,30
2023-04-25,17785.1,17786.3,17776.55,17779.3,11:45:00,17771.631007665666,1,31
2023-04-25,17782.85,17789.2,17780.85,17784.35,11:50:00,17772.699483126078,1,32
2023-04-25,17784.4,17787.6,17781.5,17783.75,11:55:00,17773.813818066454,1,33
2023-04-25,17781.2,17786.6,17781.2,17784.85,12:00:00,17774.517263964888,1,34
2023-04-25,17781.55,17785.35,17779.95,17781.4,12:05:00,17775.187048349184,1,35
2023-04-25,17776.9,17781.75,17769.8,17780.85,12:10:00,17775.35018660164,1,36
2023-04-25,17775.4,17782.05,17771.0,17777.3,12:15:00,17775.35493073482,1,37
2023-04-25,17768.8,17776.3,17768.0,17775.3,12:20:00,17774.730651617218,1,38
2023-04-25,17770.7,17774.75,17767.6,17768.55,12:25:00,17774.346780034626,1,39
2023-04-25,17759.35,17770.95,17757.25,17770.2,12:30:00,17772.918515269423,1,40
2023-04-25,17749.9,17761.15,17748.9,17759.1,12:35:00,17770.726275719953,1,41
2023-04-25,17750.2,17758.9,17749.25,17750.05,12:40:00,17768.771392318053,1,42
2023-04-25,17765.25,17765.35,17749.15,17749.15,12:45:00,17768.436021621095,1,43
2023-04-25,17762.0,17766.75,17758.0,17765.1,12:50:00,17767.82306718099,1,44
2023-04-25,17770.7,17772.65,17761.75,17761.8,12:55:00,17768.097060782802,1,45
2023-04-25,17768.9,17774.8,17764.9,17771.15,13:00:00,17768.173531184442,1,46
2023-04-25,17765.8,17770.4,17763.55,17768.8,13:05:00,17767.94748059545,1,47
2023-04-25,17777.5,17778.25,17765.4,17765.4,13:10:00,17768.857244348263,1,48
2023-04-25,17778.4,17782.6,17774.85,17777.15,13:15:00,17769.766078219858,1,49
2023-04-25,17775.6,17780.4,17771.7,17778.2,13:20:00,17770.321689817967,1,50
2023-04-25,17775.05,17777.9,17770.95,17775.4,13:25:00,17770.7720050734,1,51
2023-04-25,17775.8,17776.9,17769.8,17774.7,13:30:00,17771.250861733075,1,52
2023-04-25,17786.5,17786.85,17774.85,17775.65,13:35:00,17772.703160615638,1,53
2023-04-25,17787.45,17788.3,17781.4,17786.0,13:40:00,17774.107621509385,1,54
2023-04-25,17784.2,17789.3,17783.7,17787.1,13:45:00,17775.068800413253,1,55
2023-04-25,17755.5,17784.6,17753.35,17784.6,13:50:00,17773.2051051358,1,56
2023-04-25,17761.3,17767.65,17754.75,17754.8,13:55:00,17772.071285599057,1,57
2023-04-25,17770.65,17770.8,17757.05,17761.65,14:00:00,17771.935925065813,1,58
2023-04-25,17781.45,17781.55,17768.7,17771.2,14:05:00,17772.842027440496,1,59
2023-04-25,17791.2,17791.8,17778.75,17780.5,14:10:00,17774.590405779498,1,60
2023-04-25,17798.2,17803.55,17790.95,17791.5,14:15:00,17776.838938562403,1,61
2023-04-25,17798.0,17807.25,17791.4,17798.8,14:20:00,17778.854277746937,1,62
2023-04-25,17798.7,17802.8,17796.9,17798.25,14:25:00,17780.74434653294,1,63
2023-04-25,17789.65,17802.6,17789.15,17799.0,14:30:00,17781.592504005996,1,64
2023-04-25,17799.1,17800.55,17790.15,17790.8,14:35:00,17783.259884576855,1,65
2023-04-25,17794.55,17803.55,17794.45,17799.35,14:40:00,17784.335133664772,1,66
2023-04-25,17784.6,17798.85,17784.6,17794.35,14:45:00,17784.360359030034,1,67
2023-04-25,17787.8,17791.1,17781.75,17783.9,14:50:00,17784.687943884317,1,68
2023-04-25,17780.7,17788.4,17778.55,17787.75,14:55:00,17784.30813970486,1,69
2023-04-25,17778.05,17787.05,17770.6,17782.25,15:00:00,17783.712126399634,1,70
2023-04-25,17770.25,17780.0,17768.6,17777.8,15:05:00,17782.43001912348,1,71
2023-04-25,17776.45,17778.15,17765.75,17770.2,15:10:00,17781.86049349267,1,72
2023-04-25,17761.4,17776.6,17760.25,17776.5,15:15:00,17779.911875064798,1,73
2023-04-25,17762.6,17766.8,17754.15,17760.55,15:20:00,17778.263125058627,1,74
2023-04-25,17761.95,17768.5,17757.1,17763.1,15:25:00,17776.70949410066,1,75
2023-04-26,17752.45,17773.9,17750.9,17767.3,09:15:00,17773.588270681037,2,1
2023-04-26,17756.8,17762.25,17745.65,17751.85,09:20:00,17771.989387759033,2,2
2023-04-26,17737.4,17758.7,17737.4,17756.8,09:25:00,17768.69516035341,2,3
2023-04-26,17732.5,17740.75,17728.0,17736.95,09:30:00,17765.248002224514,2,4
2023-04-26,17734.65,17740.75,17727.7,17732.9,09:35:00,17762.333906774562,2,5
2023-04-26,17733.65,17743.85,17733.25,17737.15,09:40:00,17759.602106129365,2,6
2023-04-26,17715.6,17733.3,17715.1,17733.3,09:45:00,17755.41142935514,2,7
2023-04-26,17721.15,17721.8,17711.95,17717.0,09:50:00,17752.148436083222,2,8
2023-04-26,17738.25,17738.45,17721.05,17721.05,09:55:00,17750.82477550387,2,9
2023-04-26,17738.05,17745.05,17734.25,17738.25,10:00:00,17749.608130217784,2,10
2023-04-26,17752.75,17757.75,17738.15,17738.15,10:05:00,17749.907355911328,2,11
2023-04-26,17751.55,17754.6,17747.35,17753.0,10:10:00,17750.063798205487,2,12
2023-04-26,17757.85,17758.7,17751.5,17752.0,10:15:00,17750.805341233536,2,13
2023-04-26,17761.3,17765.05,17752.75,17757.9,10:20:00,17751.80483254463,2,14
2023-04-26,17766.7,17767.2,17760.15,17760.6,10:25:00,17753.22341992133,2,15
2023-04-26,17761.75,17773.95,17761.75,17767.05,10:30:00,17754.03547516692,2,16
2023-04-26,17764.9,17766.1,17757.5,17762.05,10:35:00,17755.07019181769,2,17
2023-04-26,17760.2,17767.9,17759.95,17764.55,10:40:00,17755.55874497791,2,18
2023-04-26,17756.8,17760.4,17753.9,17760.4,10:45:00,17755.676959741915,2,19
2023-04-26,17759.5,17762.5,17751.9,17756.55,10:50:00,17756.041058814113,2,20
2023-04-26,17762.25,17763.45,17754.85,17759.65,10:55:00,17756.6323865461,2,21
2023-04-26,17769.75,17770.1,17759.45,17762.05,11:00:00,17757.88168306552,2,22
2023-04-26,17771.45,17778.25,17769.0,17769.8,11:05:00,17759.173903725947,2,23
2023-04-26,17774.05,17776.7,17767.7,17770.6,11:10:00,17760.590674799663,2,24
2023-04-26,17776.9,17781.7,17773.6,17773.85,11:15:00,17762.143943866362,2,25
2023-04-26,17772.45,17779.7,17770.2,17777.0,11:20:00,17763.125473021944,2,26
2023-04-26,17775.75,17781.4,17771.8,17772.4,11:25:00,17764.327808924616,2,27
2023-04-26,17778.05,17780.0,17772.4,17775.5,11:30:00,17765.63468426513,2,28
2023-04-26,17777.05,17778.5,17772.8,17777.4,11:35:00,17766.72185719226,2,29
2023-04-26,17776.25,17778.5,17770.75,17776.5,11:40:00,17767.629299364424,2,30
2023-04-26,17781.4,17782.4,17774.9,17776.1,11:45:00,17768.94079466305,2,31
2023-04-26,17778.7,17781.55,17774.1,17781.05,11:50:00,17769.870242790377,2,32
2023-04-26,17788.5,17789.7,17777.05,17778.4,11:55:00,17771.64450538177,2,33
2023-04-26,17788.4,17789.1,17782.9,17788.4,12:00:00,17773.240266773984,2,34
2023-04-26,17789.5,17791.45,17786.2,17788.15,12:05:00,17774.78881279551,2,35
2023-04-26,17778.9,17790.2,17776.5,17789.2,12:10:00,17775.18035443403,2,36
2023-04-26,17783.4,17784.85,17775.8,17778.3,12:15:00,17775.963177821264,2,37
2023-04-26,17788.3,17793.45,17782.2,17782.95,12:20:00,17777.138113266858,2,38
2023-04-26,17791.5,17796.15,17787.65,17788.6,12:25:00,17778.505912003347,2,39
2023-04-26,17798.0,17802.0,17790.15,17790.9,12:30:00,17780.362491812553,2,40
2023-04-26,17802.1,17803.85,17797.55,17798.25,12:35:00,17782.43273068755,2,41
2023-04-26,17803.05,17810.25,17800.8,17801.9,12:40:00,17784.39628014588,2,42
2023-04-26,17793.45,17804.8,17791.65,17803.25,12:45:00,17785.258539179606,2,43
2023-04-26,17793.35,17795.95,17788.25,17793.75,12:50:00,17786.029154495835,2,44
2023-04-26,17785.25,17792.05,17780.75,17791.75,12:55:00,17785.954949305757,2,45
2023-04-26,17779.9,17787.05,17775.85,17784.95,13:00:00,17785.378287467112,2,46
2023-04-26,17782.55,17784.15,17778.05,17779.6,13:05:00,17785.10892675596,2,47
2023-04-26,17781.3,17788.5,17780.45,17781.25,13:10:00,17784.74617182682,2,48
2023-04-26,17786.4,17787.7,17777.3,17780.8,13:15:00,17784.903679271883,2,49
2023-04-26,17771.95,17788.4,17771.05,17786.25,13:20:00,17783.669995531705,2,50
2023-04-26,17783.2,17785.45,17767.2,17772.1,13:25:00,17783.625234052495,2,51
2023-04-26,17780.6,17792.45,17777.2,17783.1,13:30:00,17783.337116523686,2,52
2023-04-26,17782.75,17782.9,17775.4,17780.8,13:35:00,17783.281200664285,2,53
2023-04-26,17780.7,17786.6,17778.05,17782.7,13:40:00,17783.035372029593,2,54
2023-04-26,17785.95,17786.95,17779.4,17780.8,13:45:00,17783.312955645823,2,55
2023-04-26,17783.8,17789.7,17780.3,17786.75,13:50:00,17783.35934082241,2,56
2023-04-26,17782.75,17788.1,17781.2,17783.65,13:55:00,17783.301308363134,2,57
2023-04-26,17788.85,17790.3,17782.3,17782.4,14:00:00,17783.829755185692,2,58
2023-04-26,17787.6,17791.45,17785.8,17788.7,14:05:00,17784.18882612039,2,59
2023-04-26,17794.7,17795.0,17781.8,17787.5,14:10:00,17785.1898902994,2,60
2023-04-26,17787.1,17800.1,17785.9,17795.0,14:15:00,17785.37180550898,2,61
2023-04-26,17784.1,17796.1,17782.55,17787.0,14:20:00,17785.25068117479,2,62
2023-04-26,17781.15,17788.7,17776.5,17783.6,14:25:00,17784.860140110526,2,63
2023-04-26,17777.95,17788.75,17777.4,17781.05,14:30:00,17784.202031528574,2,64
2023-04-26,17778.15,17781.5,17770.35,17778.1,14:35:00,17783.625647573474,2,65
2023-04-26,17782.9,17783.5,17775.8,17777.75,14:40:00,17783.55653828076,2,66
2023-04-26,17781.5,17788.0,17776.5,17782.6,14:45:00,17783.360677492117,2,67
2023-04-26,17784.0,17786.6,17779.55,17781.2,14:50:00,17783.42156535001,2,68
2023-04-26,17785.4,17785.95,17778.65,17782.85,14:55:00,17783.60998769763,2,69
2023-04-26,17799.3,17804.1,17782.8,17784.65,15:00:00,17785.10427458357,2,70
2023-04-26,17810.7,17812.1,17799.1,17799.1,15:05:00,17787.541962718467,2,71
2023-04-26,17816.4,17820.7,17811.05,17811.05,15:10:00,17790.29034722147,2,72
2023-04-26,17817.65,17821.8,17814.6,17816.0,15:15:00,17792.896028438474,2,73
2023-04-26,17825.5,17825.95,17810.25,17818.1,15:20:00,17796.00116858719,2,74
2023-04-26,17817.95,17826.8,17814.4,17825.9,15:25:00,17798.09153348365,2,75
2023-04-27,17810.9,17828.75,17798.2,17813.1,09:15:00,17800.604633985484,3,1
2023-04-27,17823.25,17828.15,17805.7,17810.65,09:20:00,17802.761335510677,3,2
2023-04-27,17830.35,17830.85,17817.95,17822.95,09:25:00,17805.3888273668,3,3
2023-04-27,17819.45,17831.0,17817.1,17829.5,09:30:00,17806.727986665202,3,4
2023-04-27,17825.3,17837.65,17807.45,17819.7,09:35:00,17808.496749839946,3,5
2023-04-27,17833.8,17834.05,17824.85,17824.85,09:40:00,17810.906583188524,3,6
2023-04-27,17832.55,17839.05,17826.7,17832.8,09:45:00,17812.967860980094,3,7
2023-04-27,17843.05,17843.95,17831.6,17832.55,09:50:00,17815.832826601036,3,8
2023-04-27,17835.85,17846.05,17833.35,17842.4,09:55:00,17817.739224067605,3,9
2023-04-27,17839.45,17841.6,17836.2,17836.35,10:00:00,17819.80691701355,3,10
2023-04-27,17839.55,17842.5,17836.4,17839.7,10:05:00,17821.68721063131,3,11
2023-04-27,17832.8,17841.35,17828.25,17839.55,10:10:00,17822.745571523566,3,12
2023-04-27,17829.35,17833.35,17824.7,17832.75,10:15:00,17823.374564711798,3,13
2023-04-27,17830.0,17836.1,17826.6,17830.75,10:20:00,17824.005558548768,3,14
2023-04-27,17842.6,17845.5,17829.2,17829.7,10:25:00,17825.7764577346,3,15
2023-04-27,17844.55,17848.15,17834.45,17843.5,10:30:00,17827.564414140827,3,16
2023-04-27,17845.85,17849.3,17838.1,17844.2,10:35:00,17829.305898508366,3,17
2023-04-27,17835.5,17846.2,17835.15,17846.2,10:40:00,17829.89581293614,3,18
2023-04-27,17835.1,17837.9,17826.35,17834.9,10:45:00,17830.391449799365,3,19
2023-04-27,17834.8,17841.05,17830.4,17834.0,10:50:00,17830.811311723235,3,20
2023-04-27,17830.2,17840.7,17829.35,17834.95,10:55:00,17830.753091559116,3,21
2023-04-27,17829.25,17832.9,17826.55,17830.4,11:00:00,17830.60993998206,3,22
2023-04-27,17832.1,17835.9,17824.55,17828.65,11:05:00,17830.751850459957,3,23
2023-04-27,17827.2,17834.15,17827.2,17832.35,11:10:00,17830.41357898758,3,24
2023-04-27,17836.0,17837.4,17824.55,17828.3,11:15:00,17830.945619084003,3,25
2023-04-27,17840.9,17843.95,17834.65,17834.95,11:20:00,17831.893655361717,3,26
2023-04-27,17843.3,17845.95,17840.7,17841.1,11:25:00,17832.979973898695,3,27
2023-04-27,17850.75,17852.45,17842.65,17843.4,11:30:00,17834.672357336913,3,28
2023-04-27,17841.7,17852.05,17841.1,17850.6,11:35:00,17835.34165663816,3,29
2023-04-27,17846.45,17848.6,17838.95,17842.6,11:40:00,17836.399594101193,3,30
2023-04-27,17846.6,17847.0,17840.95,17846.25,11:45:00,17837.37106132965,3,31
2023-04-27,17853.7,17857.95,17847.2,17847.55,11:50:00,17838.926198345875,3,32
2023-04-27,17855.65,17858.95,17850.6,17854.55,11:55:00,17840.518941360555,3,33
2023-04-27,17854.5,17858.05,17850.2,17854.4,12:00:00,17841.850470754787,3,34
2023-04-27,17854.3,17857.9,17851.15,17854.85,12:05:00,17843.036140206714,3,35
2023-04-27,17848.35,17857.4,17847.15,17854.6,12:10:00,17843.54222209179,3,36
2023-04-27,17842.35,17850.5,17836.75,17848.15,12:15:00,17843.428677130665,3,37
2023-04-27,17843.7,17846.35,17841.0,17842.75,12:20:00,17843.454517403934,3,38
2023-04-27,17847.95,17848.35,17842.3,17843.55,12:25:00,17843.88265860356,3,39
2023-04-27,17848.3,17853.35,17846.25,17848.5,12:30:00,17844.303357784174,3,40
2023-04-27,17847.0,17853.0,17841.95,17848.45,12:35:00,17844.560180852346,3,41
2023-04-27,17850.35,17853.6,17846.3,17846.85,12:40:00,17845.11159219974,3,42
2023-04-27,17853.9,17856.0,17847.8,17851.15,12:45:00,17845.948583418813,3,43
2023-04-27,17851.85,17855.05,17850.15,17853.85,12:50:00,17846.51062309321,3,44
2023-04-27,17849.3,17852.05,17843.65,17851.45,12:55:00,17846.776278036716,3,45
2023-04-27,17847.85,17852.25,17842.35,17848.9,13:00:00,17846.878537271314,3,46
2023-04-27,17843.3,17848.7,17842.65,17847.8,13:05:00,17846.537724197853,3,47
2023-04-27,17852.0,17853.65,17842.75,17842.75,13:10:00,17847.057940940915,3,48
2023-04-27,17859.9,17863.0,17851.85,17851.85,13:15:00,17848.280994184635,3,49
2023-04-27,17870.5,17875.1,17856.95,17860.2,13:20:00,17850.397089976574,3,50
2023-04-27,17872.6,17873.6,17866.3,17871.4,13:25:00,17852.511652835947,3,51
2023-04-27,17878.75,17881.05,17872.5,17873.25,13:30:00,17855.010543042048,3,52
2023-04-27,17874.35,17883.15,17873.7,17879.7,13:35:00,17856.852396085662,3,53
2023-04-27,17878.25,17879.6,17873.55,17873.9,13:40:00,17858.890263125122,3,54
2023-04-27,17873.75,17881.05,17873.75,17877.9,13:45:00,17860.305476160825,3,55
2023-04-27,17876.05,17877.25,17870.15,17873.65,13:50:00,17861.804954621697,3,56
2023-04-27,17888.5,17891.05,17876.15,17876.15,13:55:00,17864.347339895823,3,57
2023-04-27,17887.9,17891.4,17881.8,17889.05,14:00:00,17866.590450381933,3,58
2023-04-27,17889.25,17890.45,17885.6,17888.15,14:05:00,17868.74850272651,3,59
2023-04-27,17884.4,17890.25,17884.15,17889.0,14:10:00,17870.239121514463,3,60
2023-04-27,17873.45,17885.05,17871.2,17884.1,14:15:00,17870.544919465465,3,61
2023-04-27,17874.15,17874.15,17859.5,17873.7,14:20:00,17870.888260468753,3,62
2023-04-27,17875.3,17877.35,17867.9,17873.9,14:25:00,17871.308426138396,3,63
2023-04-27,17883.1,17885.15,17873.65,17874.35,14:30:00,17872.431433172835,3,64
2023-04-27,17881.7,17885.2,17877.45,17883.2,14:35:00,17873.31415382304,3,65
2023-04-27,17891.05,17891.05,17877.95,17881.35,14:40:00,17875.00328203037,3,66
2023-04-27,17887.8,17895.4,17884.45,17891.1,14:45:00,17876.2220170751,3,67
2023-04-27,17886.3,17890.75,17879.1,17887.55,14:50:00,17877.181824972708,3,68
2023-04-27,17887.7,17891.25,17880.25,17886.6,14:55:00,17878.183555927688,3,69
2023-04-27,17895.4,17898.7,17884.8,17886.3,15:00:00,17879.82321726791,3,70
2023-04-27,17907.2,17909.4,17895.3,17896.35,15:05:00,17882.43052990906,3,71
2023-04-27,17920.95,17920.95,17905.8,17905.8,15:10:00,17886.0990508701,3,72
2023-04-27,17925.9,17926.8,17914.05,17920.2,15:15:00,17889.8896174539,3,73
2023-04-27,17929.65,17930.05,17921.05,17923.95,15:20:00,17893.676320553528,3,74
2023-04-27,17923.2,17931.25,17916.35,17928.2,15:25:00,17896.48809954843,3,75
2023-04-28,17928.35,17956.9,17925.85,17950.4,09:15:00,17904.168036138286,4,1
2023-04-28,17903.55,17931.55,17902.35,17928.1,09:20:00,17904.109175553687,4,2
2023-04-28,17896.8,17908.7,17895.7,17903.4,09:25:00,17903.413063596192,4,3
2023-04-28,17915.65,17918.5,17896.75,17897.95,09:30:00,17904.57848611084,4,4
2023-04-28,17908.55,17922.5,17907.05,17916.15,09:35:00,17904.956725528857,4,5
2023-04-28,17911.75,17918.45,17907.8,17908.8,09:40:00,17905.603704049918,4,6
2023-04-28,17909.3,17914.65,17905.3,17911.7,09:45:00,17905.95573223564,4,7
2023-04-28,17919.7,17923.15,17908.5,17909.6,09:50:00,17907.26471011796,4,8
2023-04-28,17912.75,17921.55,17907.8,17919.3,09:55:00,17907.787118678156,4,9
2023-04-28,17911.6,17919.6,17909.6,17912.9,10:00:00,17908.150250232615,4,10
2023-04-28,17908.0,17915.1,17906.25,17911.8,10:05:00,17908.13594068665,4,11
2023-04-28,17889.2,17908.5,17885.8,17908.5,10:10:00,17906.332517764113,4,12
2023-04-28,17898.0,17899.2,17887.45,17889.0,10:15:00,17905.538944643722,4,13
2023-04-28,17906.1,17906.85,17896.4,17897.25,10:20:00,17905.592378487177,4,14
2023-04-28,17910.0,17910.8,17904.5,17906.2,10:25:00,17906.012151964587,4,15
2023-04-28,17910.5,17915.4,17908.15,17910.45,10:30:00,17906.4395660632,4,16
2023-04-28,17908.25,17915.45,17905.85,17910.35,10:35:00,17906.611988342895,4,17
2023-04-28,17907.35,17912.95,17906.85,17908.3,10:40:00,17906.68227516738,4,18
2023-04-28,17920.25,17921.7,17903.95,17907.2,10:45:00,17907.974439437152,4,19
2023-04-28,17925.65,17930.2,17919.55,17919.85,10:50:00,17909.65782615742,4,20
2023-04-28,17931.7,17933.4,17924.3,17925.95,10:55:00,17911.757080809097,4,21
2023-04-28,17935.6,17938.15,17930.8,17931.75,11:00:00,17914.027835017754,4,22
2023-04-28,17948.35,17948.35,17935.5,17935.85,11:05:00,17917.29661263511,4,23
2023-04-28,17946.2,17948.6,17940.7,17947.6,11:10:00,17920.049316193672,4,24
2023-04-28,17943.85,17950.8,17942.0,17946.1,11:15:00,17922.31604798475,4,25
2023-04-28,17943.25,17943.8,17935.35,17943.3,11:20:00,17924.30975770049,4,26
2023-04-28,17943.95,17948.3,17937.6,17943.4,11:25:00,17926.18025696711,4,27
2023-04-28,17940.2,17950.95,17938.1,17942.1,11:30:00,17927.51547058929,4,28
2023-04-28,17949.25,17949.25,17937.3,17939.2,11:35:00,17929.58542577126,4,29
2023-04-28,17953.5,17953.75,17944.2,17949.15,11:40:00,17931.863004269235,4,30
2023-04-28,17951.1,17955.2,17947.55,17953.65,11:45:00,17933.695099100736,4,31
2023-04-28,17953.9,17954.0,17944.55,17951.25,11:50:00,17935.619375376857,4,32
2023-04-28,17952.4,17957.5,17949.85,17953.25,11:55:00,17937.21753010287,4,33
2023-04-28,17963.45,17966.0,17951.5,17952.4,12:00:00,17939.715860569264,4,34
2023-04-28,17963.85,17971.15,17962.25,17962.8,12:05:00,17942.01435003886,4,35
2023-04-28,17963.9,17964.7,17952.75,17963.45,12:10:00,17944.098697654204,4,36
2023-04-28,17964.45,17969.0,17960.95,17963.7,12:15:00,17946.036916925234,4,37
2023-04-28,17965.35,17965.6,17955.95,17964.55,12:20:00,17947.87625817045,4,38
2023-04-28,17971.6,17977.25,17962.0,17965.3,12:25:00,17950.135662154218,4,39
2023-04-28,17966.15,17973.35,17964.2,17971.5,12:30:00,17951.66083718715,4,40
2023-04-28,17967.25,17968.5,17960.6,17965.6,12:35:00,17953.145519359805,4,41
2023-04-28,17970.55,17973.15,17965.35,17966.45,12:40:00,17954.803088944584,4,42
2023-04-28,17964.8,17972.4,17959.0,17969.55,12:45:00,17955.755175711765,4,43
2023-04-28,17969.65,17971.9,17961.4,17963.1,12:50:00,17957.078492310644,4,44
2023-04-28,17962.1,17970.05,17960.55,17969.6,12:55:00,17957.5567311382,4,45
2023-04-28,17969.9,17974.8,17960.6,17961.2,13:00:00,17958.73228055361,4,46
2023-04-28,17971.45,17975.6,17968.1,17969.1,13:05:00,17959.943491929458,4,47
2023-04-28,17973.3,17975.85,17970.85,17971.05,13:10:00,17961.215540317127,4,48
2023-04-28,17971.7,17974.5,17966.35,17973.05,13:15:00,17962.214060286926,4,49
2023-04-28,17972.55,17978.5,17970.65,17971.4,13:20:00,17963.198435497696,4,50
2023-04-28,17969.65,17979.55,17968.7,17972.2,13:25:00,17963.8128702122,4,51
2023-04-28,17972.8,17976.25,17968.25,17968.6,13:30:00,17964.66878733485,4,52
2023-04-28,17976.65,17976.65,17970.9,17972.7,13:35:00,17965.80985520772,4,53
2023-04-28,17978.9,17980.35,17973.7,17976.35,13:40:00,17967.056535664127,4,54
2023-04-28,17974.7,17979.7,17972.9,17979.7,13:45:00,17967.784484648495,4,55
2023-04-28,17973.9,17977.9,17970.9,17975.2,13:50:00,17968.36691468197,4,56
2023-04-28,17977.2,17979.2,17971.8,17973.7,13:55:00,17969.208160902734,4,57
2023-04-28,17981.15,17989.35,17975.4,17977.5,14:00:00,17970.345478911997,4,58
2023-04-28,17982.35,17982.35,17969.0,17980.9,14:05:00,17971.488766634662,4,59
2023-04-28,17981.8,17985.7,17979.0,17982.25,14:10:00,17972.470788859933,4,60
2023-04-28,17977.7,17981.55,17976.65,17981.55,14:15:00,17972.96880896851,4,61
2023-04-28,17970.95,17977.6,17968.25,17977.1,14:20:00,17972.7765414477,4,62
2023-04-28,17973.2,17975.65,17962.95,17970.2,14:25:00,17972.816870833634,4,63
2023-04-28,17988.05,17988.95,17973.2,17973.2,14:30:00,17974.267645039956,4,64
2023-04-28,17991.95,17995.45,17984.05,17988.55,14:35:00,17975.951678845675,4,65
2023-04-28,18002.4,18003.05,17991.8,17992.05,14:40:00,17978.47056657466,4,66
2023-04-28,17997.15,18004.55,17996.2,18002.8,14:45:00,17980.249560234217,4,67
2023-04-28,17996.15,18001.3,17992.75,17997.0,14:50:00,17981.76388783096,4,68
2023-04-28,17984.55,17996.5,17981.3,17994.75,14:55:00,17982.029231847057,4,69
2023-04-28,18048.65,18048.65,17985.45,17985.45,15:00:00,17988.37406690924,4,70
2023-04-28,18060.3,18060.3,18045.45,18047.8,15:05:00,17995.224155775028,4,71
2023-04-28,18064.05,18070.75,18058.75,18059.55,15:10:00,18001.77899808217,4,72
2023-04-28,18083.9,18084.1,18060.5,18063.7,15:15:00,18009.600045883868,4,73
2023-04-28,18084.05,18088.8,18083.45,18083.85,15:20:00,18016.690517704454,4,74
2023-04-28,18049.55,18083.85,18046.35,18083.8,15:25:00,18019.81999220879,4,75
2023-05-02,18135.2,18144.65,18106.2,18124.8,09:15:00,18039.854460742343,1,1
2023-05-02,18134.7,18138.5,18109.7,18135.15,09:20:00,18048.88736924307,1,2
2023-05-02,18161.05,18161.05,18130.05,18133.35,09:25:00,18059.56952455325,1,3
2023-05-02,18153.3,18170.2,18153.2,18161.45,09:30:00,18068.496236500563,1,4
2023-05-02,18163.95,18169.3,18153.25,18153.9,09:35:00,18077.58707111956,1,5
2023-05-02,18161.35,18165.6,18158.8,18163.7,09:40:00,18085.564492917696,1,6
2023-05-02,18159.25,18163.5,18149.25,18161.45,09:45:00,18092.58216025887,1,7
2023-05-02,18155.9,18158.9,18146.05,18158.9,09:50:00,18098.612430710407,1,8
2023-05-02,18161.65,18163.7,18151.05,18156.9,09:55:00,18104.616008737987,1,9
2023-05-02,18162.15,18165.1,18153.3,18161.95,10:00:00,18110.095436477222,1,10
2023-05-02,18174.7,18177.55,18161.9,18162.3,10:05:00,18116.248252050824,1,11
2023-05-02,18164.65,18179.8,18164.65,18174.8,10:10:00,18120.8579423317,1,12
2023-05-02,18162.55,18169.05,18162.1,18166.4,10:15:00,18124.828614490583,1,13
2023-05-02,18156.45,18166.0,18155.15,18162.3,10:20:00,18127.84017501529,1,14
2023-05-02,18149.95,18162.5,18148.5,18155.85,10:25:00,18129.94587263288,1,15
2023-05-02,18152.0,18152.0,18143.1,18149.25,10:30:00,18132.046265715464,1,16
2023-05-02,18160.6,18167.65,18150.15,18150.75,10:35:00,18134.765668980657,1,17
2023-05-02,18150.55,18160.2,18149.55,18160.1,10:40:00,18136.268938601545,1,18
2023-05-02,18149.85,18157.5,18148.6,18150.0,10:45:00,18137.56237302045,1,19
2023-05-02,18151.8,18153.15,18146.75,18149.4,10:50:00,18138.918337494688,1,20
2023-05-02,18154.95,18155.85,18148.0,18151.5,10:55:00,18140.445162495194,1,21
2023-05-02,18158.0,18163.4,18154.6,18154.6,11:00:00,18142.11705178137,1,22
2023-05-02,18149.5,18159.0,18149.5,18157.75,11:05:00,18142.82018970695,1,23
2023-05-02,18136.5,18150.4,18131.2,18150.3,11:10:00,18142.21826687772,1,24
2023-05-02,18146.05,18146.05,18132.75,18136.85,11:15:00,18142.583193841743,1,25
2023-05-02,18146.8,18150.25,18141.55,18145.55,11:20:00,18142.984794428245,1,26
2023-05-02,18152.05,18156.0,18144.5,18146.55,11:25:00,18143.84814733984,1,27
2023-05-02,18153.5,18153.8,18144.55,18152.0,11:30:00,18144.76737140271,1,28
2023-05-02,18150.2,18155.05,18149.0,18154.2,11:35:00,18145.284764602453,1,29
2023-05-02,18153.75,18157.05,18149.55,18150.45,11:40:00,18146.090977497457,1,30
2023-05-02,18157.1,18157.25,18150.05,18153.9,11:45:00,18147.13945583103,1,31
2023-05-02,18156.2,18159.35,18153.4,18156.3,11:50:00,18148.002364799508,1,32
2023-05-02,18155.55,18158.4,18151.5,18156.3,11:55:00,18148.72118719956,1,33
2023-05-02,18156.5,18159.75,18152.55,18155.65,12:00:00,18149.462026513884,1,34
2023-05-02,18157.5,18160.75,18154.9,18156.25,12:05:00,18150.22754779828,1,35
2023-05-02,18163.45,18164.4,18155.55,18157.85,12:10:00,18151.486828960344,1,36
2023-05-02,18159.5,18164.6,18157.2,18163.1,12:15:00,18152.24998810697,1,37
2023-05-02,18150.1,18160.45,18149.35,18159.15,12:20:00,18152.04522733489,1,38
2023-05-02,18150.65,18154.3,18148.65,18150.0,12:25:00,18151.91234854109,1,39
2023-05-02,18157.8,18158.55,18143.45,18150.95,12:30:00,18152.47307725146,1,40
2023-05-02,18154.7,18158.35,18152.35,18157.2,12:35:00,18152.685165132272,1,41
2023-05-02,18153.1,18157.35,18146.85,18155.45,12:40:00,18152.72467321491,1,42
2023-05-02,18163.9,18165.6,18153.75,18153.9,12:45:00,18153.788990051587,1,43
2023-05-02,18161.6,18165.15,18157.4,18163.8,12:50:00,18154.53289576096,1,44
2023-05-02,18169.55,18170.85,18158.45,18162.3,12:55:00,18155.96309616468,1,45
2023-05-02,18166.75,18172.6,18165.6,18169.6,13:00:00,18156.99042033948,1,46
2023-05-02,18173.65,18173.65,18166.45,18166.85,13:05:00,18158.57704697381,1,47
2023-05-02,18171.0,18175.55,18169.2,18173.2,13:10:00,18159.760185357256,1,48
2023-05-02,18174.45,18177.3,18170.8,18170.8,13:15:00,18161.15921532324,1,49
2023-05-02,18170.7,18179.5,18170.0,18174.5,13:20:00,18162.067861482927,1,50
2023-05-02,18168.0,18171.7,18166.95,18171.25,13:25:00,18162.632827055982,1,51
2023-05-02,18165.4,18169.45,18162.65,18168.05,13:30:00,18162.896367336365,1,52
2023-05-02,18160.25,18165.75,18155.2,18165.2,13:35:00,18162.64433235195,1,53
2023-05-02,18165.4,18165.95,18158.25,18159.5,13:40:00,18162.906776889857,1,54
2023-05-02,18170.1,18170.15,18161.45,18163.5,13:45:00,18163.591845757488,1,55
2023-05-02,18167.95,18173.0,18166.5,18169.8,13:50:00,18164.00690806629,1,56
2023-05-02,18170.95,18173.85,18166.8,18167.75,13:55:00,18164.668154917126,1,57
2023-05-02,18163.95,18174.7,18162.65,18169.35,14:00:00,18164.59975921073,1,58
2023-05-02,18168.55,18170.3,18155.9,18164.1,14:05:00,18164.975972619235,1,59
2023-05-02,18168.15,18168.7,18164.0,18168.1,14:10:00,18165.278260941213,1,60
2023-05-02,18167.35,18168.8,18163.4,18168.05,14:15:00,18165.475569423004,1,61
2023-05-02,18159.5,18167.95,18157.85,18167.5,14:20:00,18164.9064675732,1,62
2023-05-02,18168.15,18169.05,18157.5,18158.75,14:25:00,18165.21537542337,1,63
2023-05-02,18170.7,18176.0,18167.85,18168.15,14:30:00,18165.73772062114,1,64
2023-05-02,18170.75,18176.25,18165.35,18168.7,14:35:00,18166.215080561986,1,65
2023-05-02,18159.55,18174.25,18158.6,18169.4,14:40:00,18165.58031098465,1,66
2023-05-02,18152.2,18166.25,18151.85,18159.55,14:45:00,18164.305995652776,1,67
2023-05-02,18154.95,18156.35,18135.6,18152.2,14:50:00,18163.41494844775,1,68
2023-05-02,18149.7,18162.3,18145.65,18154.5,14:55:00,18162.108762881297,1,69
2023-05-02,18159.5,18169.45,18150.35,18151.75,15:00:00,18161.86030927356,1,70
2023-05-02,18159.2,18159.9,18150.6,18158.2,15:05:00,18161.6069464856,1,71
2023-05-02,18142.95,18164.8,18141.9,18158.55,15:10:00,18159.830094439352,1,72
2023-05-02,18135.85,18143.45,18130.55,18142.3,15:15:00,18157.54627592132,1,73
2023-05-02,18141.5,18147.55,18134.95,18135.55,15:20:00,18156.01805916691,1,74
2023-05-02,18136.05,18145.2,18132.95,18142.35,15:25:00,18154.11633924625,1,75
2023-05-03,18074.65,18113.8,18062.2,18113.8,09:15:00,18143.074146185707,2,1
2023-05-03,18068.7,18074.8,18060.1,18074.8,09:20:00,18135.99089416802,2,2
2023-05-03,18068.55,18070.6,18050.8,18069.75,09:25:00,18129.567951866306,2,3
2023-05-03,18065.2,18074.95,18056.55,18069.9,09:30:00,18123.437670736177,2,4
2023-05-03,18076.2,18077.05,18065.25,18065.3,09:35:00,18118.93884495178,2,5
2023-05-03,18078.9,18086.35,18074.2,18077.1,09:40:00,18115.12562162304,2,6
2023-05-03,18090.15,18091.2,18070.0,18077.65,09:45:00,18112.74699099228,2,7
2023-05-03,18085.3,18092.4,18084.15,18090.45,09:50:00,18110.132991850154,2,8
2023-05-03,18089.65,18089.65,18080.55,18085.15,09:55:00,18108.18223072157,2,9
2023-05-03,18084.6,18092.1,18083.95,18089.5,10:00:00,18105.93630398618,2,10
2023-05-03,18081.05,18086.75,18080.0,18084.15,10:05:00,18103.566179797017,2,11
2023-05-03,18083.75,18086.55,18081.9,18082.1,10:10:00,18101.678924578253,2,12
2023-05-03,18092.2,18094.35,18083.65,18083.65,10:15:00,18100.776169856515,2,13
2023-05-03,18092.2,18096.2,18090.5,18092.1,10:20:00,18099.959391774944,2,14
2023-05-03,18089.3,18096.3,18088.6,18092.45,10:25:00,18098.944211605904,2,15
2023-05-03,18094.1,18095.65,18089.3,18089.85,10:30:00,18098.482858119627,2,16
2023-05-03,18098.25,18101.75,18093.05,18093.3,10:35:00,18098.46068115585,2,17
2023-05-03,18107.65,18110.3,18097.95,18098.65,10:40:00,18099.335854379107,2,18
2023-05-03,18112.7,18113.5,18105.85,18107.4,10:45:00,18100.608630152525,2,19
2023-05-03,18105.8,18116.25,18102.75,18113.55,10:50:00,18101.10304632848,2,20
2023-05-03,18109.05,18112.95,18101.75,18105.75,10:55:00,18101.85989905909,2,21
2023-05-03,18094.5,18110.15,18091.9,18109.4,11:00:00,18101.15895629156,2,22
2023-05-03,18086.1,18096.6,18085.95,18095.0,11:05:00,18099.72476997808,2,23
2023-05-03,18078.9,18088.8,18078.55,18087.1,11:10:00,18097.741458551594,2,24
2023-05-03,18073.75,18079.25,18072.35,18078.9,11:15:00,18095.45655773716,2,25
2023-05-03,18082.3,18083.0,18072.8,18073.9,11:20:00,18094.20355223838,2,26
2023-05-03,18083.45,18084.4,18079.8,18082.1,11:25:00,18093.17940440616,2,27
2023-05-03,18086.05,18086.35,18080.55,18083.8,11:30:00,18092.50041351033,2,28
2023-05-03,18079.45,18087.55,18079.0,18085.5,11:35:00,18091.257516985537,2,29
2023-05-03,18070.55,18079.1,18069.45,18078.85,11:40:00,18089.285372510723,2,30
2023-05-03,18071.55,18073.4,18063.4,18070.45,11:45:00,18087.596289414465,2,31
2023-05-03,18076.25,18079.0,18069.65,18071.65,11:50:00,18086.515690422613,2,32
2023-05-03,18079.5,18079.8,18070.85,18076.45,11:55:00,18085.847529429982,2,33
2023-05-03,18083.15,18083.7,18078.8,18079.65,12:00:00,18085.590621865224,2,34
2023-05-03,18073.35,18084.25,18073.0,18083.25,12:05:00,18084.424848354247,2,35
2023-05-03,18069.55,18075.25,18068.05,18073.7,12:10:00,18083.008196130035,2,36
2023-05-03,18066.7,18072.05,18066.7,18069.1,12:15:00,18081.45503459384,2,37
2023-05-03,18065.15,18069.85,18061.65,18067.55,12:20:00,18079.902174156334,2,38
2023-05-03,18071.1,18071.5,18061.3,18064.9,12:25:00,18079.06387185573,2,39
2023-05-03,18079.5,18080.5,18067.45,18071.35,12:30:00,18079.10540786947,2,40
2023-05-03,18074.6,18085.75,18074.2,18079.8,12:35:00,18078.67632140571,2,41
2023-05-03,18074.95,18078.05,18072.4,18074.85,12:40:00,18078.321433652785,2,42
2023-05-03,18089.4,18089.4,18074.7,18075.1,12:45:00,18079.376535209663,2,43
2023-05-03,18088.35,18092.05,18086.3,18089.9,12:50:00,18080.231150903983,2,44
2023-05-03,18083.4,18088.2,18081.7,18088.2,12:55:00,18080.532946055984,2,45
2023-05-03,18089.7,18093.5,18081.6,18082.7,13:00:00,18081.405998812555,2,46
2023-05-03,18088.1,18094.95,18087.6,18089.2,13:05:00,18082.04352273517,2,47
2023-05-03,18078.85,18087.8,18076.6,18087.8,13:10:00,18081.739377712773,2,48
2023-05-03,18087.55,18088.45,18073.6,18077.9,13:15:00,18082.29277031156,2,49
2023-05-03,18086.45,18092.3,18080.6,18087.65,13:20:00,18082.68869694856,2,50
2023-05-03,18091.7,18100.55,18086.2,18086.7,13:25:00,18083.54691628679,2,51
2023-05-03,18083.35,18096.8,18080.95,18091.4,13:30:00,18083.52816235472,2,52
2023-05-03,18078.85,18083.8,18078.3,18082.7,13:35:00,18083.082623082835,2,53
2023-05-03,18078.4,18082.7,18070.8,18078.6,13:40:00,18082.63665897971,2,54
2023-05-03,18073.85,18082.1,18072.35,18078.65,13:45:00,18081.799834314977,2,55
2023-05-03,18050.8,18073.25,18048.15,18073.2,13:50:00,18078.84746914212,2,56
2023-05-03,18055.95,18059.7,18043.35,18050.05,13:55:00,18076.66675779525,2,57
2023-05-03,18071.75,18074.2,18053.95,18055.45,14:00:00,18076.198495148084,2,58
2023-05-03,18067.95,18074.0,18060.35,18072.1,14:05:00,18075.4129241816,2,59
2023-05-03,18069.0,18073.2,18062.1,18068.6,14:10:00,18074.80216949764,2,60
2023-05-03,18070.85,18070.85,18064.35,18069.35,14:15:00,18074.425772402625,2,61
2023-05-03,18070.9,18073.55,18066.85,18071.05,14:20:00,18074.08998455476,2,62
2023-05-03,18075.45,18082.8,18070.25,18071.25,14:25:00,18074.219509835257,2,63
2023-05-03,18096.7,18101.0,18073.1,18074.85,14:30:00,18076.360508898564,2,64
2023-05-03,18095.55,18101.05,18094.2,18096.85,14:35:00,18078.188079479653,2,65
2023-05-03,18081.55,18098.25,18081.1,18096.2,14:40:00,18078.50826238636,2,66
2023-05-03,18088.35,18088.85,18079.65,18081.6,14:45:00,18079.44557073051,2,67
2023-05-03,18085.45,18089.8,18081.55,18088.8,14:50:00,18080.017421137127,2,68
2023-05-03,18076.35,18084.25,18072.45,18084.25,14:55:00,18079.66814293359,2,69
2023-05-03,18085.1,18087.3,18070.15,18077.5,15:00:00,18080.1854626542,2,70
2023-05-03,18087.2,18088.0,18078.9,18086.1,15:05:00,18080.853513829992,2,71
2023-05-03,18098.0,18098.9,18085.1,18088.2,15:10:00,18082.48651251285,2,72
2023-05-03,18092.25,18098.65,18090.25,18098.1,15:15:00,18083.416368464008,2,73
2023-05-03,18094.95,18102.6,18091.5,18092.35,15:20:00,18084.51480956268,2,74
2023-05-03,18082.7,18096.25,18077.65,18095.25,15:25:00,18084.341970556707,2,75
2023-05-04,18099.3,18114.3,18066.7,18097.3,09:15:00,18085.7665447894,3,1
2023-05-04,18114.65,18117.55,18092.2,18097.6,09:20:00,18088.51735004755,3,2
2023-05-04,18117.4,18119.9,18105.95,18114.7,09:25:00,18091.26807861445,3,3
2023-05-04,18118.15,18123.45,18113.5,18118.2,09:30:00,18093.82826160355,3,4
2023-05-04,18112.0,18118.5,18105.55,18118.5,09:35:00,18095.55890335559,3,5
2023-05-04,18111.85,18114.35,18102.7,18112.75,09:40:00,18097.110436369345,3,6
2023-05-04,18115.45,18118.35,18108.55,18111.75,09:45:00,18098.857061477025,3,7
2023-05-04,18110.7,18118.75,18108.4,18116.3,09:50:00,18099.984960383976,3,8
2023-05-04,18119.0,18119.35,18106.6,18111.05,09:55:00,18101.79591653788,3,9
2023-05-04,18131.0,18134.75,18114.95,18119.25,10:00:00,18104.57725781999,3,10
2023-05-04,18130.75,18133.55,18124.9,18130.9,10:05:00,18107.06989993237,3,11
2023-05-04,18126.25,18133.5,18125.4,18130.5,10:10:00,18108.89657612929,3,12
2023-05-04,18124.55,18130.2,18122.55,18126.75,10:15:00,18110.38737840269,3,13
2023-05-04,18126.2,18126.75,18122.5,18124.45,10:20:00,18111.89334236434,3,14
2023-05-04,18132.3,18136.1,18125.8,18125.85,10:25:00,18113.836833567737,3,15
2023-05-04,18132.2,18135.75,18131.0,18132.7,10:30:00,18115.585706561287,3,16
2023-05-04,18136.3,18137.95,18132.2,18132.55,10:35:00,18117.558496412592,3,17
2023-05-04,18144.85,18147.15,18135.15,18136.2,10:40:00,18120.15768723044,3,18
2023-05-04,18140.85,18146.4,18136.9,18145.25,10:45:00,18122.128383684685,3,19
2023-05-04,18139.6,18143.5,18137.5,18141.45,10:50:00,18123.792347143284,3,20
2023-05-04,18146.35,18151.5,18139.0,18139.15,10:55:00,18125.9406950344,3,21
2023-05-04,18150.2,18151.6,18145.1,18146.15,11:00:00,18128.25110503113,3,22
2023-05-04,18146.75,18150.55,18145.65,18149.75,11:05:00,18130.01290455197,3,23
2023-05-04,18152.4,18152.8,18144.15,18146.5,11:10:00,18132.14500888036,3,24
2023-05-04,18151.45,18154.85,18151.05,18152.05,11:15:00,18133.98357946318,3,25
2023-05-04,18152.95,18158.65,18151.15,18151.2,11:20:00,18135.78990522859,3,26
2023-05-04,18148.1,18153.35,18144.55,18152.8,11:25:00,18136.962295206817,3,27
2023-05-04,18154.5,18155.8,18147.05,18147.05,11:30:00,18138.632552806168,3,28
2023-05-04,18165.05,18166.65,18154.05,18154.8,11:35:00,18141.14850015796,3,29
2023-05-04,18163.75,18167.5,18161.95,18165.2,11:40:00,18143.30102395244,3,30
2023-05-04,18156.15,18164.5,18152.5,18162.85,11:45:00,18144.52473595697,3,31
2023-05-04,18157.7,18160.95,18154.95,18155.95,11:50:00,18145.779523008685,3,32
2023-05-04,18166.0,18167.05,18154.55,18157.9,11:55:00,18147.70528272214,3,33
2023-05-04,18162.3,18168.05,18160.35,18165.9,12:00:00,18149.095255796223,3,34
2023-05-04,18157.6,18163.6,18155.95,18162.95,12:05:00,18149.90523143468,3,35
2023-05-04,18153.9,18160.5,18151.4,18157.0,12:10:00,18150.28568558376,3,36
2023-05-04,18168.85,18169.8,18151.45,18153.1,12:15:00,18152.05371552816,3,37
2023-05-04,18170.35,18173.1,18162.5,18168.7,12:20:00,18153.796218811192,3,38
2023-05-04,18166.3,18170.85,18163.0,18169.0,12:25:00,18154.987055114885,3,39
2023-05-04,18165.65,18174.0,18165.55,18165.85,12:30:00,18156.00257367537,3,40
2023-05-04,18166.35,18167.3,18162.3,18165.25,12:35:00,18156.98804284914,3,41
2023-05-04,18173.9,18176.35,18166.05,18166.05,12:40:00,18158.59870543493,3,42
2023-05-04,18174.15,18178.75,18172.55,18173.2,12:45:00,18160.0797811078,3,43
2023-05-04,18173.2,18176.4,18166.9,18174.35,12:50:00,18161.3293257642,3,44
2023-05-04,18166.9,18175.7,18162.65,18172.5,12:55:00,18161.85986616761,3,45
2023-05-04,18182.6,18183.6,18161.95,18167.4,13:00:00,18163.83511700879,3,46
2023-05-04,18176.45,18192.5,18174.3,18182.35,13:05:00,18165.036534436524,3,47
2023-05-04,18179.4,18180.2,18168.85,18175.45,13:10:00,18166.404483537808,3,48
2023-05-04,18177.8,18183.95,18172.8,18180.45,13:15:00,18167.48977081992,3,49
2023-05-04,18180.4,18181.55,18170.9,18178.65,13:20:00,18168.71931645612,3,50
2023-05-04,18181.9,18185.65,18175.45,18181.5,13:25:00,18169.974619650773,3,51
2023-05-04,18183.15,18188.3,18177.15,18182.15,13:30:00,18171.229417779272,3,52
2023-05-04,18185.6,18185.6,18175.85,18183.7,13:35:00,18172.59804465744,3,53
2023-05-04,18187.1,18188.85,18179.85,18185.95,13:40:00,18173.979183261486,3,54
2023-05-04,18182.35,18194.95,18180.7,18187.6,13:45:00,18174.77640390325,3,55
2023-05-04,18183.7,18187.5,18176.3,18182.1,13:50:00,18175.62627019818,3,56
2023-05-04,18179.95,18192.75,18179.2,18183.75,13:55:00,18176.038053988832,3,57
2023-05-04,18182.75,18186.1,18174.65,18181.3,14:00:00,18176.67728694228,3,58
2023-05-04,18180.85,18187.3,18177.9,18183.4,14:05:00,18177.074688185872,3,59
2023-05-04,18180.65,18183.7,18172.55,18181.7,14:10:00,18177.41519407293,3,60
2023-05-04,18188.65,18189.95,18178.95,18180.9,14:15:00,18178.485175589794,3,61
2023-05-04,18205.75,18206.9,18176.95,18189.0,14:20:00,18181.081825533627,3,62
2023-05-04,18198.6,18208.7,18197.7,18205.55,14:25:00,18182.75022310185,3,63
2023-05-04,18201.2,18206.4,18198.95,18199.0,14:30:00,18184.507344711204,3,64
2023-05-04,18217.25,18218.35,18199.55,18201.4,14:35:00,18187.625692833943,3,65
2023-05-04,18213.35,18221.15,18213.35,18217.1,14:40:00,18190.07562684976,3,66
2023-05-04,18221.6,18222.0,18211.7,18214.6,14:45:00,18193.077948102167,3,67
2023-05-04,18222.4,18225.35,18218.95,18221.2,14:50:00,18195.87052447339,3,68
2023-05-04,18228.85,18229.6,18221.5,18224.0,14:55:00,18199.011426904493,3,69
2023-05-04,18246.65,18252.25,18228.8,18229.05,15:00:00,18203.54843386597,3,70
2023-05-04,18263.2,18263.4,18243.6,18246.35,15:05:00,18209.229535402545,3,71
2023-05-04,18263.15,18267.45,18259.95,18262.8,15:10:00,18214.36481774516,3,72
2023-05-04,18262.05,18264.2,18255.25,18262.75,15:15:00,18218.90626367419,3,73
2023-05-04,18251.0,18263.9,18248.7,18262.95,15:20:00,18221.96280999093,3,74
2023-05-04,18238.6,18253.9,18236.85,18250.8,15:25:00,18223.547304277512,3,75
2023-05-05,18158.25,18177.4,18117.3,18117.3,09:15:00,18208.173416880232,4,1
2023-05-05,18166.3,18172.7,18158.05,18158.5,09:20:00,18204.185472415447,4,2
2023-05-05,18169.6,18181.2,18156.75,18166.8,09:25:00,18200.89161789969,4,3
2023-05-05,18182.5,18183.35,18169.8,18171.05,09:30:00,18199.14003524258,4,4
2023-05-05,18178.25,18186.15,18174.55,18181.95,09:35:00,18197.150508076626,4,5
2023-05-05,18177.25,18185.05,18170.6,18178.45,09:40:00,18195.255221593136,4,6
2023-05-05,18176.8,18181.9,18172.55,18176.6,09:45:00,18193.497581441407,4,7
2023-05-05,18179.15,18183.9,18175.3,18177.25,09:50:00,18192.131145113653,4,8
2023-05-05,18186.15,18189.8,18178.5,18179.05,09:55:00,18191.561512245687,4,9
2023-05-05,18191.65,18195.3,18186.25,18186.8,10:00:00,18191.56993965086,4,10
2023-05-05,18199.85,18204.95,18190.6,18191.85,10:05:00,18192.358516826967,4,11
2023-05-05,18199.85,18203.9,18197.25,18198.75,10:10:00,18193.07199141488,4,12
2023-05-05,18197.75,18201.6,18191.75,18199.4,10:15:00,18193.51751604203,4,13
2023-05-05,18204.2,18209.0,18198.5,18198.95,10:20:00,18194.5348954666,4,14
2023-05-05,18201.85,18205.45,18201.4,18203.65,10:25:00,18195.231572088825,4,15
2023-05-05,18198.35,18212.35,18196.95,18202.2,10:30:00,18195.528565223223,4,16
2023-05-05,18208.6,18209.05,18197.65,18198.35,10:35:00,18196.7734637734,4,17
2023-05-05,18212.5,18214.95,18205.15,18208.95,10:40:00,18198.27122912831,4,18
2023-05-05,18208.45,18215.8,18205.8,18212.9,10:45:00,18199.240635877995,4,19
2023-05-05,18212.85,18216.85,18205.65,18208.25,10:50:00,18200.53676579437,4,20
2023-05-05,18210.45,18216.55,18209.7,18212.65,10:55:00,18201.48088333777,4,21
2023-05-05,18186.85,18211.15,18185.4,18210.7,11:00:00,18200.087465877023,4,22
2023-05-05,18151.9,18186.85,18142.05,18186.05,11:05:00,18195.498183412543,4,23
2023-05-05,18160.7,18165.55,18146.05,18152.25,11:10:00,18192.18407070659,4,24
2023-05-05,18129.65,18162.05,18113.2,18162.05,11:15:00,18186.22844492501,4,25
2023-05-05,18127.4,18129.45,18114.95,18129.45,11:20:00,18180.625735884536,4,26
2023-05-05,18132.9,18138.85,18123.2,18126.3,11:25:00,18176.080427705056,4,27
2023-05-05,18138.7,18141.35,18131.4,18132.1,11:30:00,18172.52038697124,4,28
2023-05-05,18144.55,18147.0,18135.8,18138.7,11:35:00,18169.856540593028,4,29
2023-05-05,18140.8,18148.25,18133.55,18145.4,11:40:00,18167.08925101274,4,30
2023-05-05,18115.9,18141.45,18114.8,18141.45,11:45:00,18162.214084249623,4,31
2023-05-05,18108.35,18118.05,18098.85,18115.9,11:50:00,18157.084171463943,4,32
2023-05-05,18099.35,18113.75,18099.35,18108.25,11:55:00,18151.585678943567,4,33
2023-05-05,18096.05,18101.95,18085.45,18098.6,12:00:00,18146.29656666323,4,34
2023-05-05,18109.8,18116.2,18094.0,18095.65,12:05:00,18142.820703171496,4,35
2023-05-05,18137.1,18137.1,18104.25,18111.05,12:10:00,18142.27587429802,4,36
2023-05-05,18147.9,18153.8,18126.95,18137.1,12:15:00,18142.81150531726,4,37
2023-05-05,18145.2,18153.5,18137.5,18147.45,12:20:00,18143.03898100133,4,38
2023-05-05,18149.35,18150.25,18135.1,18145.5,12:25:00,18143.64003042977,4,39
2023-05-05,18147.7,18153.55,18139.6,18149.4,12:30:00,18144.02669419837,4,40
2023-05-05,18141.6,18149.8,18141.25,18148.1,12:35:00,18143.79558046519,4,41
2023-05-05,18147.35,18150.9,18134.5,18141.05,12:40:00,18144.13409661136,4,42
2023-05-05,18152.9,18157.35,18141.1,18147.15,12:45:00,18144.968944553133,4,43
2023-05-05,18160.4,18162.25,18145.05,18150.2,12:50:00,18146.438568881404,4,44
2023-05-05,18160.4,18168.4,18152.5,18160.9,12:55:00,18147.768228987938,4,45
2023-05-05,18130.45,18162.4,18130.0,18161.65,13:00:00,18146.11887384623,4,46
2023-05-05,18145.45,18153.8,18129.85,18130.8,13:05:00,18146.05517157516,4,47
2023-05-05,18153.7,18153.85,18142.75,18145.9,13:10:00,18146.783250472767,4,48
2023-05-05,18142.95,18155.0,18138.95,18154.05,13:15:00,18146.41817899917,4,49
2023-05-05,18149.1,18156.35,18142.1,18143.35,13:20:00,18146.67359052306,4,50
2023-05-05,18145.2,18152.35,18142.05,18148.8,13:25:00,18146.53324856848,4,51
2023-05-05,18139.25,18160.75,18139.05,18144.6,13:30:00,18145.839605847672,4,52
2023-05-05,18147.25,18149.15,18126.35,18140.05,13:35:00,18145.97392910028,4,53
2023-05-05,18139.95,18148.2,18131.1,18147.9,13:40:00,18145.40022156692,4,54
2023-05-05,18120.65,18140.45,18118.55,18140.45,13:45:00,18143.04305760816,4,55
2023-05-05,18111.7,18122.8,18102.95,18120.15,13:50:00,18140.05800450262,4,56
2023-05-05,18118.25,18124.95,18112.1,18112.75,13:55:00,18137.98105169285,4,57
2023-05-05,18123.35,18138.4,18118.45,18118.45,14:00:00,18136.58761819829,4,58
2023-05-05,18129.4,18139.6,18115.75,18123.85,14:05:00,18135.903083131783,4,59
2023-05-05,18140.75,18143.7,18126.2,18130.3,14:10:00,18136.36469426209,4,60
2023-05-05,18131.8,18146.6,18131.8,18140.75,14:15:00,18135.929961475224,4,61
2023-05-05,18135.9,18144.45,18131.7,18132.3,14:20:00,18135.9271080014,4,62
2023-05-05,18115.5,18137.15,18113.15,18135.8,14:25:00,18133.98166914412,4,63
2023-05-05,18116.3,18118.6,18104.85,18114.85,14:30:00,18132.2977006542,4,64
2023-05-05,18114.15,18120.2,18109.3,18116.05,14:35:00,18130.569348210945,4,65
2023-05-05,18121.45,18124.2,18113.65,18113.85,14:40:00,18129.70083885752,4,66
2023-05-05,18115.45,18124.25,18107.9,18121.1,14:45:00,18128.34361610918,4,67
2023-05-05,18104.1,18117.2,18087.8,18116.05,14:50:00,18126.03470028926,4,68
2023-05-05,18090.75,18106.4,18086.7,18103.75,14:55:00,18122.674252642664,4,69
2023-05-05,18064.3,18092.25,18064.25,18091.4,15:00:00,18117.11480001003,4,70
2023-05-05,18077.35,18078.6,18061.2,18064.4,15:05:00,18113.32767619955,4,71
2023-05-05,18071.95,18087.15,18067.45,18077.2,15:10:00,18109.38694513293,4,72
2023-05-05,18067.55,18079.25,18065.4,18071.0,15:15:00,18105.40247416789,4,73
2023-05-05,18066.35,18068.2,18055.7,18067.7,15:20:00,18101.683190913805,4,74
2023-05-05,18069.95,18072.85,18064.25,18065.4,15:25:00,18098.660982255347,4,75
2023-05-08,18159.4,18161.25,18102.4,18120.6,09:15:00,18106.33608751515,0,1
2023-05-08,18177.05,18177.9,18159.4,18159.4,09:20:00,18113.07074584704,0,2
2023-05-08,18178.45,18192.1,18169.8,18178.15,09:25:00,18119.29734148065,0,3
2023-05-08,18188.9,18191.9,18176.85,18177.9,09:30:00,18125.926166101544,0,4
2023-05-08,18185.35,18195.85,18182.1,18187.2,09:35:00,18131.58557885378,0,5
2023-05-08,18191.85,18196.25,18177.9,18185.35,09:40:00,18137.32504753437,0,6
2023-05-08,18208.0,18209.9,18191.65,18192.25,09:45:00,18144.05599538824,0,7
2023-05-08,18204.0,18218.2,18201.65,18208.65,09:50:00,18149.76494820841,0,8
2023-05-08,18211.7,18212.8,18204.2,18204.2,09:55:00,18155.663524569514,0,9
2023-05-08,18216.75,18217.7,18208.25,18210.9,10:00:00,18161.481284134323,0,10
2023-05-08,18204.65,18218.25,18201.45,18217.7,10:05:00,18165.592590407243,0,11
2023-05-08,18193.75,18205.3,18190.55,18204.75,10:10:00,18168.27424846369,0,12
2023-05-08,18205.2,18208.0,18192.75,18194.0,10:15:00,18171.790986705248,0,13
2023-05-08,18231.3,18232.4,18196.2,18204.4,10:20:00,18177.458511780937,0,14
2023-05-08,18233.6,18238.3,18226.0,18231.05,10:25:00,18182.80532018276,0,15
2023-05-08,18230.8,18235.0,18220.55,18233.35,10:30:00,18187.37624207011,0,16
2023-05-08,18239.75,18241.4,18229.25,18230.9,10:35:00,18192.364219015813,0,17
2023-05-08,18244.5,18244.65,18236.05,18239.3,10:40:00,18197.329531490497,0,18
2023-05-08,18246.1,18252.0,18242.55,18244.65,10:45:00,18201.97433801521,0,19
2023-05-08,18232.2,18247.3,18230.75,18245.9,10:50:00,18204.85297248996,0,20
2023-05-08,18234.6,18236.0,18228.2,18232.3,10:55:00,18207.686022729005,0,21
2023-05-08,18228.05,18238.85,18227.4,18234.65,11:00:00,18209.62544913577,0,22
2023-05-08,18221.3,18229.3,18219.3,18228.35,11:05:00,18210.73731112284,0,23
2023-05-08,18233.55,18234.4,18221.35,18221.4,11:10:00,18212.90994815876,0,24
2023-05-08,18237.35,18238.95,18232.35,18234.05,11:15:00,18215.23757214364,0,25
2023-05-08,18233.25,18239.2,18228.75,18238.0,11:20:00,18216.953041463294,0,26
2023-05-08,18234.35,18236.3,18228.4,18233.0,11:25:00,18218.609894657264,0,27
2023-05-08,18239.45,18242.6,18231.1,18234.6,11:30:00,18220.594666594665,0,28
2023-05-08,18251.35,18252.25,18238.4,18240.45,11:35:00,18223.5237459666,0,29
2023-05-08,18247.9,18253.65,18247.35,18251.8,11:40:00,18225.845293969785,0,30
2023-05-08,18256.7,18257.6,18247.45,18247.65,11:45:00,18228.783837401235,0,31
2023-05-08,18261.0,18264.05,18255.55,18256.85,11:50:00,18231.852043363026,0,32
2023-05-08,18258.45,18262.1,18257.0,18260.45,11:55:00,18234.38518209036,0,33
2023-05-08,18263.35,18265.25,18248.75,18259.05,12:00:00,18237.14373617699,0,34
2023-05-08,18267.95,18270.6,18259.2,18262.25,12:05:00,18240.07766606489,0,35
2023-05-08,18269.9,18277.8,18263.35,18266.95,12:10:00,18242.91788834443,0,36
2023-05-08,18266.3,18272.15,18264.55,18269.35,12:15:00,18245.14475612116,0,37
2023-05-08,18262.85,18267.65,18260.3,18265.75,12:20:00,18246.8309698239,0,38
2023-05-08,18260.9,18263.25,18257.55,18262.75,12:25:00,18248.17087745972,0,39
2023-05-08,18269.6,18271.05,18260.95,18261.2,12:30:00,18250.21174627308,0,40
2023-05-08,18268.3,18272.2,18264.9,18270.2,12:35:00,18251.934437104217,0,41
2023-05-08,18274.1,18275.85,18264.95,18268.0,12:40:00,18254.04544309429,0,42
2023-05-08,18269.8,18274.8,18269.0,18274.3,12:45:00,18255.54587708531,0,43
2023-05-08,18268.9,18272.9,18265.35,18270.5,12:50:00,18256.817698315284,0,44
2023-05-08,18265.15,18277.3,18257.8,18268.85,12:55:00,18257.611250856684,0,45
2023-05-08,18265.2,18270.05,18259.45,18265.05,13:00:00,18258.33398887033,0,46
2023-05-08,18261.95,18264.75,18259.55,18264.75,13:05:00,18258.678370882684,0,47
2023-05-08,18270.35,18270.85,18258.05,18262.4,13:10:00,18259.789954608143,0,48
2023-05-08,18277.5,18277.7,18269.35,18270.4,13:15:00,18261.476625597843,0,49
2023-05-08,18274.45,18279.85,18271.1,18278.15,13:20:00,18262.71218506472,0,50
2023-05-08,18280.05,18283.25,18271.7,18274.7,13:25:00,18264.363405534743,0,51
2023-05-08,18279.6,18281.5,18275.6,18279.8,13:30:00,18265.81450976953,0,52
2023-05-08,18272.7,18282.75,18268.05,18279.6,13:35:00,18266.470270743863,0,53
2023-05-08,18269.25,18274.2,18268.0,18272.5,13:40:00,18266.73500686349,0,54
2023-05-08,18264.15,18272.15,18260.5,18270.45,13:45:00,18266.48881573364,0,55
2023-05-08,18272.65,18272.65,18262.3,18263.45,13:50:00,18267.07559518758,0,56
2023-05-08,18283.1,18284.4,18272.85,18272.85,13:55:00,18268.60172897924,0,57
2023-05-08,18276.75,18286.5,18275.35,18282.55,14:00:00,18269.37775479074,0,58
2023-05-08,18282.6,18284.35,18275.45,18276.95,14:05:00,18270.63701623924,0,59
2023-05-08,18274.3,18286.7,18274.3,18282.85,14:10:00,18270.985871835503,0,60
2023-05-08,18273.0,18277.3,18258.5,18274.8,14:15:00,18271.177693565456,0,61
2023-05-08,18272.85,18275.45,18264.05,18272.25,14:20:00,18271.336960844936,0,62
2023-05-08,18271.65,18274.25,18266.6,18272.55,14:25:00,18271.3667740978,0,63
2023-05-08,18267.65,18278.4,18266.15,18271.9,14:30:00,18271.012795612296,0,64
2023-05-08,18271.7,18275.75,18265.9,18267.3,14:35:00,18271.078243649223,0,65
2023-05-08,18269.7,18273.95,18256.25,18272.05,14:40:00,18270.9469823493,0,66
2023-05-08,18274.05,18275.0,18269.7,18269.7,14:45:00,18271.242507839845,0,67
2023-05-08,18268.05,18274.65,18262.5,18274.3,14:50:00,18270.938459474142,0,68
2023-05-08,18265.25,18271.75,18264.3,18268.8,14:55:00,18270.39670142899,0,69
2023-05-08,18263.2,18273.0,18258.2,18265.1,15:00:00,18269.711301292893,0,70
2023-05-08,18248.65,18267.2,18246.85,18262.8,15:05:00,18267.70546307452,0,71
2023-05-08,18266.1,18266.9,18250.5,18250.5,15:10:00,18267.55256182933,0,72
2023-05-08,18274.1,18274.45,18257.3,18265.1,15:15:00,18268.176127369392,0,73
2023-05-08,18281.2,18283.7,18271.35,18274.5,15:20:00,18269.416496191352,0,74
2023-05-08,18269.75,18283.05,18268.9,18281.85,15:25:00,18269.448258458844,0,75
2023-05-09,18306.3,18318.1,18293.2,18303.4,09:15:00,18275.8834950196,1,1
2023-05-09,18303.85,18316.55,18299.1,18305.1,09:20:00,18278.5469716844,1,2
2023-05-09,18299.2,18303.7,18293.75,18302.35,09:25:00,18280.51392676208,1,3
2023-05-09,18289.55,18301.35,18277.6,18298.85,09:30:00,18281.374505165688,1,4
2023-05-09,18287.05,18294.55,18281.25,18288.0,09:35:00,18281.91502848324,1,5
2023-05-09,18314.05,18316.25,18285.75,18287.0,09:40:00,18284.975501961027,1,6
2023-05-09,18322.65,18326.95,18314.2,18316.35,09:45:00,18288.56354939331,1,7
2023-05-09,18318.6,18330.2,18315.75,18322.55,09:50:00,18291.424163736803,1,8
2023-05-09,18321.0,18324.45,18315.45,18319.25,09:55:00,18294.24091004758,1,9
2023-05-09,18319.9,18326.0,18318.7,18320.95,10:00:00,18296.6846329002,1,10
2023-05-09,18322.6,18326.85,18318.7,18320.15,10:05:00,18299.152763100174,1,11
2023-05-09,18331.2,18332.0,18320.7,18323.6,10:10:00,18302.20488090016,1,12
2023-05-09,18330.55,18334.0,18329.95,18331.2,10:15:00,18304.904416052523,1,13
2023-05-09,18331.8,18332.75,18326.9,18329.9,10:20:00,18307.465900238,1,14
2023-05-09,18330.1,18338.2,18329.35,18331.5,10:25:00,18309.621528786764,1,15
2023-05-09,18323.95,18330.6,18320.1,18329.6,10:30:00,18310.98614509279,1,16
2023-05-09,18318.65,18330.8,18318.65,18325.1,10:35:00,18311.71603603633,1,17
2023-05-09,18332.95,18334.45,18318.55,18318.6,10:40:00,18313.73831831859,1,18
2023-05-09,18332.95,18336.4,18330.9,18333.25,10:45:00,18315.568002288248,1,19
2023-05-09,18334.4,18337.3,18330.8,18332.35,10:50:00,18317.361525879845,1,20
2023-05-09,18338.8,18343.9,18333.5,18334.35,10:55:00,18319.40328531986,1,21
2023-05-09,18337.35,18341.9,18337.05,18339.1,11:00:00,18321.11249624177,1,22
2023-05-09,18336.75,18343.35,18334.05,18337.25,11:05:00,18322.60178231399,1,23
2023-05-09,18330.55,18339.1,18328.35,18336.65,11:10:00,18323.358755426943,1,24
2023-05-09,18327.95,18333.55,18325.65,18330.15,11:15:00,18323.796016814853,1,25
2023-05-09,18323.7,18331.2,18321.85,18328.35,11:20:00,18323.786872356293,1,26
2023-05-09,18326.9,18329.05,18319.75,18323.95,11:25:00,18324.08336070332,1,27
2023-05-09,18324.35,18328.75,18323.35,18326.8,11:30:00,18324.108754922047,1,28
2023-05-09,18327.15,18330.65,18315.85,18323.75,11:35:00,18324.398397310422,1,29
2023-05-09,18330.1,18337.75,18326.6,18327.1,11:40:00,18324.941407090384,1,30
2023-05-09,18324.25,18334.7,18323.85,18330.4,11:45:00,18324.875558796062,1,31
2023-05-09,18328.45,18329.85,18323.25,18323.95,11:50:00,18325.215981767866,1,32
2023-05-09,18331.95,18336.4,18326.45,18328.45,11:55:00,18325.857316837595,1,33
2023-05-09,18331.75,18334.25,18328.5,18332.0,12:00:00,18326.41852475782,1,34
2023-05-09,18332.6,18336.95,18330.3,18332.6,12:05:00,18327.007236685648,1,35
2023-05-09,18328.25,18334.1,18326.5,18333.05,12:10:00,18327.12559509654,1,36
2023-05-09,18326.7,18330.85,18325.75,18329.3,12:15:00,18327.0850622302,1,37
2023-05-09,18324.6,18327.35,18321.4,18326.85,12:20:00,18326.84838963685,1,38
2023-05-09,18324.25,18331.65,18318.45,18325.9,12:25:00,18326.60092395715,1,39
2023-05-09,18323.85,18332.2,18321.65,18323.75,12:30:00,18326.338931199323,1,40
2023-05-09,18327.7,18328.85,18319.4,18323.0,12:35:00,18326.468556799387,1,41
2023-05-09,18326.6,18329.75,18325.0,18327.85,12:40:00,18326.481075199445,1,42
2023-05-09,18321.0,18327.05,18315.3,18327.05,12:45:00,18325.95906803759,1,43
2023-05-09,18303.5,18321.8,18303.35,18321.25,12:50:00,18323.820109176868,1,44
2023-05-09,18304.75,18307.15,18294.9,18303.05,12:55:00,18322.00390830288,1,45
2023-05-09,18301.7,18306.5,18299.35,18304.6,13:00:00,18320.070202750223,1,46
2023-05-09,18295.45,18306.0,18290.75,18301.25,13:05:00,18317.72542153592,1,47
2023-05-09,18292.85,18300.8,18291.35,18296.2,13:10:00,18315.3563337706,1,48
2023-05-09,18302.5,18302.9,18287.2,18292.6,13:15:00,18314.131921030534,1,49
2023-05-09,18295.75,18305.25,18290.85,18303.95,13:20:00,18312.38126188477,1,50
2023-05-09,18282.0,18298.1,18278.95,18295.9,13:25:00,18309.487808371938,1,51
2023-05-09,18275.5,18288.95,18274.3,18282.2,13:30:00,18306.25087424128,1,52
2023-05-09,18284.05,18284.6,18274.9,18275.6,13:35:00,18304.13650526592,1,53
2023-05-09,18283.25,18288.0,18280.1,18284.35,13:40:00,18302.14731428821,1,54
2023-05-09,18276.5,18287.55,18276.45,18283.75,13:45:00,18299.704712927425,1,55
2023-05-09,18262.25,18281.9,18262.25,18276.75,13:50:00,18296.13759741053,1,56
2023-05-09,18254.95,18271.4,18254.25,18261.95,13:55:00,18292.214969085715,1,57
2023-05-09,18240.7,18254.8,18230.45,18254.8,14:00:00,18287.308781553744,1,58
2023-05-09,18254.05,18254.4,18236.65,18240.6,14:05:00,18284.141278548625,1,59
2023-05-09,18260.85,18273.0,18253.05,18254.4,14:10:00,18281.923061543992,1,60
2023-05-09,18258.75,18267.45,18253.45,18260.15,14:15:00,18279.716103301707,1,61
2023-05-09,18249.85,18264.8,18249.2,18258.35,14:20:00,18276.871712511067,1,62
2023-05-09,18270.35,18274.95,18249.3,18250.35,14:25:00,18276.25059703382,1,63
2023-05-09,18278.45,18281.9,18269.4,18270.25,14:30:00,18276.46006398298,1,64
2023-05-09,18275.1,18280.2,18266.5,18278.4,14:35:00,18276.33053407984,1,65
2023-05-09,18257.9,18276.5,18256.75,18274.4,14:40:00,18274.575245119853,1,66
2023-05-09,18257.35,18267.25,18251.2,18257.05,14:45:00,18272.93474558463,1,67
2023-05-09,18262.7,18265.5,18249.25,18257.7,14:50:00,18271.960007909904,1,68
2023-05-09,18267.25,18270.25,18257.35,18263.1,14:55:00,18271.511435728007,1,69
2023-05-09,18270.35,18279.5,18264.65,18266.7,15:00:00,18271.40082280153,1,70
2023-05-09,18267.0,18281.25,18265.95,18269.85,15:05:00,18270.981696820432,1,71
2023-05-09,18268.35,18274.5,18262.7,18267.45,15:10:00,18270.73105902801,1,72
2023-05-09,18259.55,18269.45,18254.55,18269.15,15:15:00,18269.66619626344,1,73
2023-05-09,18260.9,18265.3,18253.95,18257.8,15:20:00,18268.831320428828,1,74
2023-05-09,18258.3,18264.35,18255.4,18259.4,15:25:00,18267.82833753085,1,75
2023-05-10,18313.35,18321.5,18292.7,18307.55,09:15:00,18276.107777434547,2,1
2023-05-10,18309.65,18322.3,18305.5,18315.65,09:20:00,18279.302274821734,2,2
2023-05-10,18305.6,18314.75,18301.1,18310.05,09:25:00,18281.806820076803,2,3
2023-05-10,18273.6,18305.85,18264.0,18304.15,09:30:00,18281.025218164727,2,4
2023-05-10,18262.9,18276.5,18253.7,18273.95,09:35:00,18279.299006910944,2,5
2023-05-10,18238.75,18262.7,18237.95,18262.7,09:40:00,18275.437196728948,2,6
2023-05-10,18248.7,18249.0,18233.4,18238.7,09:45:00,18272.89079704048,2,7
2023-05-10,18238.9,18254.3,18232.0,18248.45,09:50:00,18269.65357827472,2,8
2023-05-10,18226.2,18242.75,18226.2,18239.45,09:55:00,18265.51514224855,2,9
2023-05-10,18219.7,18227.45,18217.8,18226.2,10:00:00,18261.151795367736,2,10
2023-05-10,18222.5,18223.05,18212.55,18218.75,10:05:00,18257.47067199938,2,11
2023-05-10,18226.3,18231.2,18219.3,18223.05,10:10:00,18254.502036570862,2,12
2023-05-10,18236.65,18241.95,18225.1,18226.45,10:15:00,18252.80184261173,2,13
2023-05-10,18243.7,18247.4,18232.65,18236.05,10:20:00,18251.93500045824,2,14
2023-05-10,18252.4,18254.2,18241.55,18243.45,10:25:00,18251.97928612888,2,15
2023-05-10,18258.7,18259.6,18249.9,18252.5,10:30:00,18252.619354116607,2,16
2023-05-10,18264.35,18272.8,18259.0,18259.15,10:35:00,18253.736558486453,2,17
2023-05-10,18245.0,18266.35,18241.35,18264.35,10:40:00,18252.904505297265,2,18
2023-05-10,18247.45,18253.8,18237.95,18245.85,10:45:00,18252.385028602286,2,19
2023-05-10,18251.45,18255.4,18247.2,18247.4,10:50:00,18252.29597825921,2,20
2023-05-10,18241.0,18251.15,18238.55,18250.85,10:55:00,18251.220170805955,2,21
2023-05-10,18240.4,18246.6,18239.4,18242.65,11:00:00,18250.189678348244,2,22
2023-05-10,18247.25,18253.2,18239.3,18240.7,11:05:00,18249.909708981744,2,23
2023-05-10,18256.6,18257.55,18239.35,18247.75,11:10:00,18250.54687955492,2,24
2023-05-10,18258.65,18266.6,18256.65,18257.4,11:15:00,18251.31860531159,2,25
2023-05-10,18255.65,18260.8,18253.5,18256.75,11:20:00,18251.73111909144,2,26
2023-05-10,18264.15,18265.2,18255.55,18256.25,11:25:00,18252.913869654163,2,27
2023-05-10,18266.0,18269.9,18259.05,18263.0,11:30:00,18254.16016778234,2,28
2023-05-10,18270.95,18281.65,18264.3,18265.35,11:35:00,18255.759199422115,2,29
2023-05-10,18273.4,18279.05,18270.1,18270.75,11:40:00,18257.439275667628,2,30
2023-05-10,18284.4,18290.25,18272.6,18272.6,11:45:00,18260.006963699285,2,31
2023-05-10,18283.65,18289.05,18276.7,18284.5,11:50:00,18262.25868144221,2,32
2023-05-10,18275.85,18284.3,18273.0,18283.2,11:55:00,18263.55309273343,2,33
2023-05-10,18274.6,18280.55,18268.4,18276.3,12:00:00,18264.60517913977,2,34
2023-05-10,18272.95,18278.65,18264.7,18274.15,12:05:00,18265.3999239836,2,35
2023-05-10,18276.1,18277.8,18266.25,18272.5,12:10:00,18266.418978842303,2,36
2023-05-10,18280.0,18282.95,18273.4,18275.7,12:15:00,18267.71240942876,2,37
2023-05-10,18285.05,18287.3,18275.1,18280.6,12:20:00,18269.363608530777,2,38
2023-05-10,18276.9,18285.85,18272.8,18284.85,12:25:00,18270.08136009928,2,39
2023-05-10,18278.7,18287.6,18275.65,18276.8,12:30:00,18270.902182946964,2,40
2023-05-10,18278.0,18280.75,18273.05,18277.95,12:35:00,18271.57816552344,2,41
2023-05-10,18286.3,18290.0,18278.15,18278.2,12:40:00,18272.9802449974,2,42
2023-05-10,18286.95,18290.05,18282.8,18286.95,12:45:00,18274.31069785479,2,43
2023-05-10,18291.6,18291.75,18284.75,18287.1,12:50:00,18275.957298059097,2,44
2023-05-10,18288.95,18297.25,18288.95,18292.65,12:55:00,18277.194698243944,2,45
2023-05-10,18289.85,18290.85,18282.8,18287.8,13:00:00,18278.399965077857,2,46
2023-05-10,18285.65,18293.9,18284.95,18289.95,13:05:00,18279.09044459425,2,47
2023-05-10,18292.4,18294.3,18283.75,18285.75,13:10:00,18280.35802129956,2,48
2023-05-10,18284.55,18298.95,18283.0,18292.8,13:15:00,18280.75725736627,2,49
2023-05-10,18265.7,18286.85,18265.7,18284.15,13:20:00,18279.3232328552,2,50
2023-05-10,18254.35,18265.6,18248.7,18264.75,13:25:00,18276.94482972613,2,51
2023-05-10,18257.4,18260.9,18252.9,18255.6,13:30:00,18275.083417371257,2,52
2023-05-10,18251.9,18258.6,18244.3,18257.35,13:35:00,18272.87547285971,2,53
2023-05-10,18267.15,18269.35,18246.9,18251.95,13:40:00,18272.33018973021,2,54
2023-05-10,18259.25,18268.25,18257.9,18266.9,13:45:00,18271.08445737496,2,55
2023-05-10,18268.45,18268.45,18253.2,18258.85,13:50:00,18270.833556672576,2,56
2023-05-10,18278.35,18282.25,18268.75,18268.75,13:55:00,18271.549408418046,2,57
2023-05-10,18281.6,18286.55,18278.25,18278.6,14:00:00,18272.506607616328,2,58
2023-05-10,18280.6,18281.6,18270.15,18281.4,14:05:00,18273.277406890964,2,59
2023-05-10,18288.55,18290.1,18276.8,18279.15,14:10:00,18274.731939568013,2,60
2023-05-10,18296.4,18301.2,18288.5,18288.5,14:15:00,18276.79556437106,2,61
2023-05-10,18304.9,18305.15,18288.6,18297.1,14:20:00,18279.472177288106,2,62
2023-05-10,18287.65,18304.85,18282.85,18304.65,14:25:00,18280.25101754638,2,63
2023-05-10,18280.05,18291.0,18279.05,18287.95,14:30:00,18280.23187301816,2,64
2023-05-10,18288.75,18290.7,18277.1,18280.7,14:35:00,18281.043123206902,2,65
2023-05-10,18286.55,18292.65,18284.9,18288.6,14:40:00,18281.567587663387,2,66
2023-05-10,18283.2,18288.55,18275.5,18286.05,14:45:00,18281.72305550497,2,67
2023-05-10,18278.1,18287.5,18268.55,18283.7,14:50:00,18281.378002599733,2,68
2023-05-10,18287.25,18291.25,18276.6,18276.6,14:55:00,18281.93724044738,2,69
2023-05-10,18313.0,18313.0,18283.1,18286.7,15:00:00,18284.89559850001,2,70
2023-05-10,18320.05,18323.0,18310.2,18313.3,15:05:00,18288.243636738105,2,71
2023-05-10,18319.4,18324.95,18316.35,18320.05,15:10:00,18291.21090942972,2,72
2023-05-10,18321.15,18322.65,18316.4,18319.65,15:15:00,18294.0622513888,2,73
2023-05-10,18317.8,18326.3,18315.8,18321.95,15:20:00,18296.322989351764,2,74
2023-05-10,18311.0,18318.75,18307.75,18317.1,15:25:00,18297.72079988969,2,75
2023-05-11,18323.95,18357.8,18323.95,18357.8,09:15:00,18305.395711474328,3,1
2023-05-11,18320.7,18335.2,18311.4,18324.15,09:20:00,18306.853262762485,3,2
2023-05-11,18304.45,18324.1,18300.05,18319.65,09:25:00,18306.62438059463,3,3
2023-05-11,18316.8,18327.5,18305.15,18305.35,09:30:00,18307.593487204664,3,4
2023-05-11,18295.35,18323.6,18290.4,18316.7,09:35:00,18306.427440804226,3,5
2023-05-11,18312.05,18312.6,18292.6,18295.15,09:40:00,18306.962922632392,3,6
2023-05-11,18295.6,18318.9,18295.25,18311.7,09:45:00,18305.880739524546,3,7
2023-05-11,18304.5,18305.5,18291.15,18295.6,09:50:00,18305.749240522207,3,8
2023-05-11,18306.4,18309.7,18298.4,18304.35,09:55:00,18305.81121761533,3,9
2023-05-11,18307.8,18317.6,18305.55,18307.05,10:00:00,18306.00062546149,3,10
2023-05-11,18317.5,18320.1,18306.9,18308.15,10:05:00,18307.095803988967,3,11
2023-05-11,18323.2,18330.5,18317.45,18317.85,10:10:00,18308.6295369424,3,12
2023-05-11,18332.5,18336.0,18311.6,18323.65,10:15:00,18310.902914376456,3,13
2023-05-11,18330.95,18334.3,18316.7,18332.5,10:20:00,18312.81216062632,3,14
2023-05-11,18322.9,18336.25,18322.75,18331.4,10:25:00,18313.77290723333,3,15
2023-05-11,18336.9,18340.4,18316.75,18321.7,10:30:00,18315.97548749682,3,16
2023-05-11,18343.4,18347.1,18333.6,18336.35,10:35:00,18318.587345830456,3,17
2023-05-11,18334.8,18345.45,18329.2,18344.05,10:40:00,18320.13140813232,3,18
2023-05-11,18334.65,18341.15,18331.5,18334.0,10:45:00,18321.514131167336,3,19
2023-05-11,18344.65,18350.3,18334.4,18334.4,10:50:00,18323.71754724664,3,20
2023-05-11,18335.55,18347.7,18332.7,18344.4,10:55:00,18324.84444750886,3,21
2023-05-11,18327.4,18336.25,18324.35,18335.5,11:00:00,18325.0878334604,3,22
2023-05-11,18330.0,18333.1,18322.65,18327.35,11:05:00,18325.55565884512,3,23
2023-05-11,18326.55,18332.85,18323.35,18329.7,11:10:00,18325.650358002727,3,24
2023-05-11,18327.1,18329.65,18324.05,18327.4,11:15:00,18325.788419145327,3,25
2023-05-11,18338.65,18342.1,18326.5,18327.05,11:20:00,18327.013331607675,3,26
2023-05-11,18333.3,18339.15,18329.05,18337.75,11:25:00,18327.612061930755,3,27
2023-05-11,18329.85,18333.05,18327.95,18332.9,11:30:00,18327.82519888973,3,28
2023-05-11,18329.95,18332.85,18326.0,18330.8,11:35:00,18328.027560900235,3,29
2023-05-11,18327.1,18331.55,18316.5,18330.25,11:40:00,18327.93922176688,3,30
2023-05-11,18313.45,18328.05,18308.2,18327.7,11:45:00,18326.559295884323,3,31
2023-05-11,18314.1,18318.5,18304.4,18313.0,11:50:00,18325.37269627629,3,32
2023-05-11,18304.6,18314.55,18301.9,18314.15,11:55:00,18323.394344249977,3,33
2023-05-11,18307.55,18319.0,18298.05,18303.95,12:00:00,18321.88535908331,3,34
2023-05-11,18312.65,18316.15,18307.1,18307.5,12:05:00,18321.00580107537,3,35
2023-05-11,18307.5,18313.05,18304.7,18313.05,12:10:00,18319.71953430629,3,36
2023-05-11,18322.55,18322.55,18306.3,18306.8,12:15:00,18319.9891024676,3,37
2023-05-11,18322.0,18325.6,18310.05,18321.75,12:20:00,18320.1806165183,3,38
2023-05-11,18323.75,18325.35,18316.45,18321.7,12:25:00,18320.52055780227,3,39
2023-05-11,18325.75,18329.3,18322.55,18323.95,12:30:00,18321.018599916337,3,40
2023-05-11,18324.9,18326.45,18319.45,18325.9,12:35:00,18321.388257067163,3,41
2023-05-11,18311.95,18327.4,18310.0,18325.0,12:40:00,18320.48937544172,3,42
2023-05-11,18309.25,18315.1,18307.8,18312.0,12:45:00,18319.418958732986,3,43
2023-05-11,18309.7,18310.75,18304.3,18309.15,12:50:00,18318.49334361556,3,44
2023-05-11,18315.55,18317.2,18308.55,18309.75,12:55:00,18318.21302517598,3,45
2023-05-11,18321.45,18324.05,18313.85,18315.1,13:00:00,18318.52130849256,3,46
2023-05-11,18325.95,18330.0,18318.05,18321.2,13:05:00,18319.22880292184,3,47
2023-05-11,18320.25,18328.75,18319.45,18326.65,13:10:00,18319.326059786425,3,48
2023-05-11,18319.6,18327.55,18317.65,18320.9,13:15:00,18319.35214933057,3,49
2023-05-11,18311.2,18329.9,18309.65,18320.05,13:20:00,18318.575754156234,3,50
2023-05-11,18321.85,18326.95,18310.2,18310.95,13:25:00,18318.887587093737,3,51
2023-05-11,18323.5,18326.0,18317.0,18320.7,13:30:00,18319.32686451338,3,52
2023-05-11,18328.35,18331.75,18316.35,18323.25,13:35:00,18320.1862107502,3,53
2023-05-11,18320.8,18328.15,18319.2,18328.15,13:40:00,18320.244666869225,3,54
2023-05-11,18322.6,18326.85,18305.0,18320.8,13:45:00,18320.46898431025,3,55
2023-05-11,18321.7,18328.85,18314.1,18323.45,13:50:00,18320.58622389975,3,56
2023-05-11,18319.4,18324.2,18311.3,18323.1,13:55:00,18320.473250195013,3,57
2023-05-11,18319.95,18326.15,18310.35,18319.3,14:00:00,18320.423416843107,3,58
2023-05-11,18316.3,18325.95,18315.5,18320.4,14:05:00,18320.0307104771,3,59
2023-05-11,18321.75,18325.55,18314.65,18316.25,14:10:00,18320.19445233642,3,60
2023-05-11,18339.25,18343.25,18321.15,18322.8,14:15:00,18322.00926639962,3,61
2023-05-11,18338.45,18340.4,18331.15,18339.2,14:20:00,18323.57505055204,3,62
2023-05-11,18322.35,18339.75,18311.9,18339.45,14:25:00,18323.458379070893,3,63
2023-05-11,18322.05,18322.15,18312.0,18322.05,14:30:00,18323.32424773081,3,64
2023-05-11,18323.75,18327.6,18313.7,18322.3,14:35:00,18323.36479556597,3,65
2023-05-11,18317.75,18329.6,18315.05,18324.4,14:40:00,18322.830053131114,3,66
2023-05-11,18309.35,18318.2,18303.15,18318.2,14:45:00,18321.5462385472,3,67
2023-05-11,18289.45,18309.9,18286.65,18309.55,14:50:00,18318.489453923656,3,68
2023-05-11,18289.4,18294.1,18270.8,18289.05,14:55:00,18315.71902974045,3,69
2023-05-11,18290.85,18301.0,18286.15,18291.8,15:00:00,18313.35055071755,3,70
2023-05-11,18293.0,18305.85,18288.25,18290.2,15:05:00,18311.412403030165,3,71
2023-05-11,18298.95,18304.3,18291.75,18293.15,15:10:00,18310.22550750348,3,72
2023-05-11,18293.15,18299.0,18289.9,18298.85,15:15:00,18308.599268693622,3,73
2023-05-11,18306.55,18312.15,18292.4,18293.1,15:20:00,18308.40410024661,3,74
2023-05-11,18304.5,18312.8,18304.1,18307.15,15:25:00,18308.032281175507,3,75
2023-05-12,18256.85,18273.75,18241.1,18273.75,09:15:00,18300.20374944299,4,1
2023-05-12,18223.4,18257.85,18221.7,18257.85,09:20:00,18292.889106638893,4,2
2023-05-12,18233.25,18242.8,18219.45,18222.65,09:25:00,18287.209191720904,4,3
2023-05-12,18207.4,18233.25,18195.55,18233.25,09:30:00,18279.60831631892,4,4
2023-05-12,18215.75,18217.0,18202.9,18206.65,09:35:00,18273.526571907587,4,5
2023-05-12,18204.0,18217.85,18201.75,18216.95,09:40:00,18266.90499363068,4,6
2023-05-12,18209.65,18213.75,18194.85,18203.25,09:45:00,18261.452137094417,4,7
2023-05-12,18225.75,18227.4,18209.5,18209.5,09:50:00,18258.05193356161,4,8
2023-05-12,18234.2,18244.65,18225.55,18225.9,09:55:00,18255.78032084146,4,9
2023-05-12,18245.0,18250.7,18227.75,18234.25,10:00:00,18254.75362361846,4,10
2023-05-12,18249.4,18249.85,18239.45,18244.25,10:05:00,18254.243754702416,4,11
2023-05-12,18244.2,18250.95,18242.1,18250.05,10:10:00,18253.28720663552,4,12
2023-05-12,18257.3,18257.3,18238.35,18244.95,10:15:00,18253.669377432136,4,13
2023-05-12,18253.25,18262.2,18252.2,18257.6,10:20:00,18253.62943672432,4,14
2023-05-12,18249.6,18255.4,18248.65,18252.8,10:25:00,18253.24568084581,4,15
2023-05-12,18261.8,18261.8,18249.5,18249.5,10:30:00,18254.06037790812,4,16
2023-05-12,18270.1,18271.1,18262.15,18262.15,10:35:00,18255.587960964483,4,17
2023-05-12,18270.4,18272.9,18265.5,18270.4,10:40:00,18256.99863134882,4,18
2023-05-12,18276.1,18276.1,18263.15,18270.6,10:45:00,18258.8178093156,4,19
2023-05-12,18277.3,18283.0,18275.75,18276.85,10:50:00,18260.578017952208,4,20
2023-05-12,18276.75,18278.95,18269.45,18277.35,10:55:00,18262.118206718667,4,21
2023-05-12,18282.9,18288.6,18273.0,18276.2,11:00:00,18264.09742512641,4,22
2023-05-12,18278.5,18284.05,18276.35,18282.7,11:05:00,18265.46909892389,4,23
2023-05-12,18285.0,18289.3,18275.75,18278.6,11:10:00,18267.32918474067,4,24
2023-05-12,18285.35,18288.25,18279.55,18284.85,11:15:00,18269.04545286061,4,25
2023-05-12,18271.4,18290.5,18270.45,18285.0,11:20:00,18269.26969544532,4,26
2023-05-12,18270.45,18275.3,18265.0,18271.5,11:25:00,18269.382105402903,4,27
2023-05-12,18276.8,18279.85,18266.9,18269.6,11:30:00,18270.08857155501,4,28
2023-05-12,18276.8,18280.6,18270.1,18276.0,11:35:00,18270.72775521644,4,29
2023-05-12,18273.6,18281.1,18271.9,18276.7,11:40:00,18271.00130233868,4,30
2023-05-12,18275.65,18277.85,18272.55,18272.9,11:45:00,18271.444035449284,4,31
2023-05-12,18283.1,18283.15,18273.3,18274.75,11:50:00,18272.554127311258,4,32
2023-05-12,18283.4,18284.5,18278.95,18282.7,11:55:00,18273.58706756733,4,33
2023-05-12,18278.65,18285.05,18276.35,18283.65,12:00:00,18274.069251608533,4,34
2023-05-12,18276.95,18281.9,18275.95,18277.4,12:05:00,18274.3436085982,4,35
2023-05-12,18277.8,18281.8,18275.8,18277.3,12:10:00,18274.672788731703,4,36
2023-05-12,18282.9,18285.75,18276.3,18277.5,12:15:00,18275.45633266202,4,37
2023-05-12,18285.5,18287.25,18281.95,18282.2,12:20:00,18276.41287240849,4,38
2023-05-12,18291.65,18293.2,18284.75,18285.1,12:25:00,18277.86402741721,4,39
2023-05-12,18292.7,18298.95,18289.4,18292.05,12:30:00,18279.276977187,4,40
2023-05-12,18297.75,18298.35,18290.0,18292.75,12:35:00,18281.036312693,4,41
2023-05-12,18297.95,18302.4,18293.3,18298.15,12:40:00,18282.64714005557,4,42
2023-05-12,18296.5,18303.9,18294.7,18298.05,12:45:00,18283.96646005028,4,43
2023-05-12,18300.7,18305.0,18295.3,18296.65,12:50:00,18285.560130521684,4,44
2023-05-12,18307.4,18308.35,18299.9,18300.35,12:55:00,18287.640118091047,4,45
2023-05-12,18304.35,18313.0,18303.7,18308.15,13:00:00,18289.23153541571,4,46
2023-05-12,18306.55,18307.7,18300.8,18303.1,13:05:00,18290.88091299517,4,47
2023-05-12,18301.2,18312.1,18299.95,18306.8,13:10:00,18291.863683186104,4,48
2023-05-12,18306.35,18309.35,18299.5,18301.65,13:15:00,18293.24333240648,4,49
2023-05-12,18309.55,18313.35,18305.75,18306.75,13:20:00,18294.796348367763,4,50
2023-05-12,18295.85,18311.2,18295.85,18309.45,13:25:00,18294.896696142263,4,51
2023-05-12,18300.7,18304.8,18296.3,18296.3,13:30:00,18295.449391747763,4,52
2023-05-12,18314.5,18315.85,18301.0,18301.6,13:35:00,18297.263735390832,4,53
2023-05-12,18317.0,18321.75,18313.6,18314.5,13:40:00,18299.143379639325,4,54
2023-05-12,18315.4,18319.35,18311.15,18317.5,13:45:00,18300.691629197485,4,55
2023-05-12,18331.25,18331.4,18314.7,18314.7,13:50:00,18303.601950226293,4,56
2023-05-12,18331.9,18333.95,18325.2,18330.95,13:55:00,18306.297002585696,4,57
2023-05-12,18339.95,18341.25,18331.75,18332.2,14:00:00,18309.50204995849,4,58
2023-05-12,18338.6,18342.0,18333.9,18340.1,14:05:00,18312.273283295777,4,59
2023-05-12,18329.15,18340.1,18329.0,18338.75,14:10:00,18313.88058964856,4,60
2023-05-12,18323.9,18330.7,18319.7,18329.3,14:15:00,18314.834819205844,4,61
2023-05-12,18325.0,18327.95,18322.2,18324.35,14:20:00,18315.80293166243,4,62
2023-05-12,18321.05,18333.35,18320.85,18325.7,14:25:00,18316.302652456485,4,63
2023-05-12,18314.4,18325.3,18310.95,18321.55,14:30:00,18316.12144746063,4,64
2023-05-12,18332.7,18337.55,18312.4,18314.05,14:35:00,18317.700357226287,4,65
2023-05-12,18333.0,18338.45,18330.9,18332.35,14:40:00,18319.15746606188,4,66
2023-05-12,18329.65,18337.45,18320.35,18332.5,14:45:00,18320.156755008367,4,67
2023-05-12,18324.4,18332.75,18317.7,18328.8,14:50:00,18320.560873579,4,68
2023-05-12,18331.5,18335.1,18321.7,18324.1,14:55:00,18321.602695142905,4,69
2023-05-12,18316.65,18333.45,18308.35,18327.1,15:00:00,18321.1310098912,4,70
2023-05-12,18314.55,18322.85,18313.6,18316.55,15:05:00,18320.50424704442,4,71
2023-05-12,18315.9,18320.7,18313.2,18315.25,15:10:00,18320.065747325905,4,72
2023-05-12,18313.85,18318.75,18310.25,18315.85,15:15:00,18319.473771390105,4,73
2023-05-12,18313.25,18316.65,18309.6,18314.1,15:20:00,18318.88103125771,4,74
2023-05-12,18312.2,18320.3,18308.7,18313.4,15:25:00,18318.2447425665,4,75
2023-05-15,18346.6,18362.8,18291.5,18339.3,09:15:00,18322.75952849548,0,1
2023-05-15,18350.5,18361.4,18333.95,18346.9,09:20:00,18325.401478162577,0,2
2023-05-15,18348.8,18357.25,18344.7,18351.2,09:25:00,18327.62990881376,0,3
2023-05-15,18333.15,18356.8,18332.95,18350.2,09:30:00,18328.15563178388,0,4
2023-05-15,18363.7,18365.35,18333.25,18334.0,09:35:00,18331.540809709222,0,5
2023-05-15,18364.75,18366.5,18355.25,18364.15,09:40:00,18334.70358973692,0,6
2023-05-15,18363.35,18374.6,18361.95,18363.65,09:45:00,18337.431819285783,0,7
2023-05-15,18371.65,18374.15,18361.85,18363.2,09:50:00,18340.69069363952,0,8
2023-05-15,18371.75,18373.05,18368.15,18372.55,09:55:00,18343.648722816703,0,9
2023-05-15,18383.7,18385.1,18371.5,18371.5,10:00:00,18347.463130167496,0,10
2023-05-15,18384.35,18385.1,18374.75,18384.3,10:05:00,18350.97616538964,0,11
2023-05-15,18383.45,18386.75,18379.2,18384.65,10:10:00,18354.06891154301,0,12
2023-05-15,18385.7,18390.7,18381.8,18383.75,10:15:00,18357.08139615796,0,13
2023-05-15,18376.25,18386.25,18374.35,18385.45,10:20:00,18358.90697747625,0,14
2023-05-15,18378.35,18382.0,18375.05,18376.35,10:25:00,18360.75869390708,0,15
2023-05-15,18376.85,18382.55,18375.7,18378.25,10:30:00,18362.291199249263,0,16
2023-05-15,18386.2,18386.2,18375.6,18377.6,10:35:00,18364.568227892192,0,17
2023-05-15,18384.0,18392.3,18381.7,18386.1,10:40:00,18366.41887285484,0,18
2023-05-15,18383.1,18390.6,18381.15,18384.6,10:45:00,18368.00755163057,0,19
2023-05-15,18372.0,18382.75,18370.55,18382.75,10:50:00,18368.38778480861,0,20
2023-05-15,18381.65,18382.2,18367.8,18372.05,10:55:00,18369.65085292208,0,21
2023-05-15,18384.75,18391.45,18381.6,18381.6,11:00:00,18371.0888669295,0,22
2023-05-15,18394.8,18395.55,18384.35,18384.95,11:05:00,18373.34707007907,0,23
2023-05-15,18397.85,18402.2,18393.55,18393.55,11:10:00,18375.680682452494,0,24
2023-05-15,18401.75,18402.95,18397.35,18397.65,11:15:00,18378.163474599874,0,25
2023-05-15,18411.0,18411.4,18398.8,18402.45,11:20:00,18381.29076273322,0,26
2023-05-15,18413.3,18414.7,18410.25,18410.85,11:25:00,18384.33926152053,0,27
2023-05-15,18417.9,18420.3,18411.15,18413.7,11:30:00,18387.5355223281,0,28
2023-05-15,18411.15,18418.8,18409.7,18416.75,11:35:00,18389.78452020161,0,29
2023-05-15,18415.0,18416.0,18410.15,18410.9,11:40:00,18392.185994468127,0,30
2023-05-15,18418.3,18419.05,18413.85,18415.1,11:45:00,18394.673042614017,0,31
2023-05-15,18418.35,18422.2,18413.55,18418.05,11:50:00,18396.92799093649,0,32
2023-05-15,18413.95,18419.4,18412.75,18418.5,11:55:00,18398.549134656823,0,33
2023-05-15,18414.55,18415.85,18409.15,18414.6,12:00:00,18400.07302659427,0,34
2023-05-15,18418.1,18422.9,18414.1,18414.5,12:05:00,18401.78988120434,0,35
2023-05-15,18420.0,18421.9,18417.3,18418.65,12:10:00,18403.524178232496,0,36
2023-05-15,18418.65,18421.15,18414.4,18420.15,12:15:00,18404.964732686545,0,37
2023-05-15,18422.5,18425.55,18417.2,18417.2,12:20:00,18406.63475814497,0,38
2023-05-15,18424.95,18425.95,18420.3,18423.0,12:25:00,18408.379066893067,0,39
2023-05-15,18421.4,18425.95,18419.55,18424.85,12:30:00,18409.6191557604,0,40
2023-05-15,18429.3,18429.55,18418.15,18420.9,12:35:00,18411.493521878456,0,41
2023-05-15,18432.0,18432.55,18427.7,18430.15,12:40:00,18413.4465197948,0,42
2023-05-15,18435.65,18437.0,18430.15,18431.8,12:45:00,18415.5611369572,0,43
2023-05-15,18430.75,18436.0,18427.55,18434.3,12:50:00,18417.00769534222,0,44
2023-05-15,18433.75,18435.7,18427.8,18431.1,12:55:00,18418.602200547724,0,45
2023-05-15,18435.1,18437.4,18430.1,18432.9,13:00:00,18420.17341954317,0,46
2023-05-15,18429.65,18436.3,18426.0,18434.25,13:05:00,18421.075951015257,0,47
2023-05-15,18433.8,18436.0,18428.7,18429.15,13:10:00,18422.28776520428,0,48
2023-05-15,18435.15,18436.45,18427.4,18433.2,13:15:00,18423.512739946727,0,49
2023-05-15,18436.1,18439.15,18433.55,18436.2,13:20:00,18424.711526618463,0,50
2023-05-15,18433.85,18437.25,18429.55,18435.8,13:25:00,18425.581857416702,0,51
2023-05-15,18431.1,18436.2,18430.7,18434.7,13:30:00,18426.10739480559,0,52
2023-05-15,18434.65,18436.95,18430.35,18431.6,13:35:00,18426.92097625268,0,53
2023-05-15,18444.8,18445.9,18433.4,18434.3,13:40:00,18428.62374041909,0,54
2023-05-15,18445.6,18449.55,18443.9,18444.25,13:45:00,18430.240527045844,0,55
2023-05-15,18447.15,18448.1,18443.25,18445.8,13:50:00,18431.85095304148,0,56
2023-05-15,18443.1,18449.65,18442.8,18447.2,13:55:00,18432.92229084705,0,57
2023-05-15,18442.4,18445.8,18439.3,18442.75,14:00:00,18433.824929814004,0,58
2023-05-15,18441.2,18444.9,18439.55,18442.35,14:05:00,18434.527317450764,0,59
2023-05-15,18451.9,18454.2,18439.25,18440.55,14:10:00,18436.181858645927,0,60
2023-05-15,18450.7,18455.85,18449.85,18451.9,14:15:00,18437.56453877489,0,61
2023-05-15,18442.65,18458.25,18438.1,18450.75,14:20:00,18438.04886841537,0,62
2023-05-15,18430.95,18448.8,18426.9,18441.95,14:25:00,18437.372785709147,0,63
2023-05-15,18437.6,18441.2,18426.05,18431.1,14:30:00,18437.39442516542,0,64
2023-05-15,18433.4,18438.0,18425.5,18438.0,14:35:00,18437.01400372109,0,65
2023-05-15,18435.15,18437.2,18426.75,18433.85,14:40:00,18436.836479557183,0,66
2023-05-15,18434.15,18438.95,18431.3,18434.8,14:45:00,18436.580624361264,0,67
2023-05-15,18435.55,18437.55,18432.9,18433.7,14:50:00,18436.48246966019,0,68
2023-05-15,18440.85,18444.05,18435.2,18435.4,14:55:00,18436.89842493065,0,69
2023-05-15,18403.5,18442.7,18403.5,18442.7,15:00:00,18433.7176225563,0,70
2023-05-15,18405.05,18409.5,18395.25,18403.6,15:05:00,18430.98737278904,0,71
2023-05-15,18390.0,18406.0,18389.0,18405.3,15:10:00,18427.0838134758,0,72
2023-05-15,18390.8,18396.85,18385.15,18389.6,15:15:00,18423.628212192387,0,73
2023-05-15,18389.25,18397.7,18388.85,18391.2,15:20:00,18420.35409674549,0,74
2023-05-15,18384.6,18392.25,18384.6,18388.9,15:25:00,18416.94894467449,0,75
2023-05-16,18391.8,18432.35,18391.15,18432.35,09:15:00,18415.880882148504,1,1
2023-05-16,18375.85,18391.65,18373.4,18390.9,09:20:00,18412.068417181978,1,2
2023-05-16,18391.25,18393.3,18366.95,18375.05,09:25:00,18410.085710783693,1,3
2023-05-16,18365.45,18394.05,18360.95,18391.7,09:30:00,18405.834690709053,1,4
2023-05-16,18382.1,18389.35,18360.3,18366.55,09:35:00,18403.574243974857,1,5
2023-05-16,18395.5,18399.4,18373.7,18382.25,09:40:00,18402.805268358206,1,6
2023-05-16,18403.2,18412.85,18395.75,18396.05,09:45:00,18402.8428618479,1,7
2023-05-16,18401.45,18405.85,18399.0,18403.05,09:50:00,18402.710208338576,1,8
2023-05-16,18393.8,18401.95,18393.25,18401.65,09:55:00,18401.86161706824,1,9
2023-05-16,18406.8,18411.5,18391.55,18394.05,10:00:00,18402.331939252213,1,10
2023-05-16,18405.95,18411.0,18403.65,18407.25,10:05:00,18402.67651646629,1,11
2023-05-16,18401.65,18407.05,18397.4,18406.1,10:10:00,18402.57875299331,1,12
2023-05-16,18402.3,18406.15,18401.05,18401.9,10:15:00,18402.552205089185,1,13
2023-05-16,18388.75,18404.2,18384.05,18402.75,10:20:00,18401.237709366404,1,14
2023-05-16,18385.75,18391.5,18384.4,18389.0,10:25:00,18399.762689426745,1,15
2023-05-16,18376.85,18390.25,18373.05,18385.6,10:30:00,18397.58052852896,1,16
2023-05-16,18371.9,18377.95,18363.65,18377.0,10:35:00,18395.13476390716,1,17
2023-05-16,18383.5,18385.1,18369.0,18371.65,10:40:00,18394.026691154093,1,18
2023-05-16,18381.9,18385.25,18377.1,18383.55,10:45:00,18392.87176818704,1,19
2023-05-16,18390.15,18390.15,18379.2,18381.85,10:50:00,18392.612552169223,1,20
2023-05-16,18388.95,18391.25,18382.95,18390.0,10:55:00,18392.26373767692,1,21
2023-05-16,18388.65,18393.55,18386.5,18388.75,11:00:00,18391.91957218388,1,22
2023-05-16,18383.3,18393.35,18382.8,18388.6,11:05:00,18391.098660547315,1,23
2023-05-16,18379.15,18384.25,18371.9,18382.8,11:10:00,18389.960692876142,1,24
2023-05-16,18374.2,18380.9,18373.5,18380.3,11:15:00,18388.45967450699,1,25
2023-05-16,18359.55,18376.25,18358.65,18374.25,11:20:00,18385.70637217299,1,26
2023-05-16,18362.35,18371.3,18359.3,18360.05,11:25:00,18383.48195577556,1,27
2023-05-16,18359.85,18362.4,18353.75,18361.95,11:30:00,18381.231293320747,1,28
2023-05-16,18354.75,18362.1,18347.6,18359.8,11:35:00,18378.70926538544,1,29
2023-05-16,18360.05,18362.0,18351.3,18355.4,11:40:00,18376.932192491586,1,30
2023-05-16,18366.0,18367.45,18359.25,18359.35,11:45:00,18375.89103130191,1,31
2023-05-16,18366.6,18367.55,18363.7,18366.05,11:50:00,18375.00617117792,1,32
2023-05-16,18356.0,18367.5,18355.35,18367.15,11:55:00,18373.19605963717,1,33
2023-05-16,18359.85,18363.65,18355.8,18355.8,12:00:00,18371.925006338388,1,34
2023-05-16,18358.65,18363.55,18356.65,18359.7,12:05:00,18370.66072002045,1,35
2023-05-16,18357.9,18362.25,18353.4,18359.0,12:10:00,18369.44541335184,1,36
2023-05-16,18361.95,18364.35,18356.8,18357.9,12:15:00,18368.731564461188,1,37
2023-05-16,18364.4,18365.75,18360.35,18361.4,12:20:00,18368.319034512504,1,38
2023-05-16,18366.75,18368.1,18361.95,18364.0,12:25:00,18368.16960265417,1,39
2023-05-16,18352.75,18367.65,18346.1,18366.55,12:30:00,18366.70106906806,1,40
2023-05-16,18357.3,18358.0,18346.2,18352.2,12:35:00,18365.80572915682,1,41
2023-05-16,18364.45,18368.2,18351.05,18357.6,12:40:00,18365.676612094263,1,42
2023-05-16,18360.15,18366.2,18355.2,18364.5,12:45:00,18365.150268085283,1,43
2023-05-16,18354.1,18361.8,18351.8,18360.0,12:50:00,18364.09786160097,1,44
2023-05-16,18352.15,18356.6,18349.75,18354.35,12:55:00,18362.959970019925,1,45
2023-05-16,18366.05,18367.3,18350.3,18352.25,13:00:00,18363.25425858946,1,46
2023-05-16,18362.0,18368.65,18361.55,18366.1,13:05:00,18363.134805390466,1,47
2023-05-16,18363.85,18366.05,18358.2,18361.8,13:10:00,18363.2029191628,1,48
2023-05-16,18355.3,18366.15,18354.3,18363.55,13:15:00,18362.45026019492,1,49
2023-05-16,18357.7,18360.05,18354.35,18354.95,13:20:00,18361.997854462064,1,50
2023-05-16,18361.85,18362.9,18356.8,18357.95,13:25:00,18361.983773084725,1,51
2023-05-16,18367.2,18368.5,18361.2,18361.95,13:30:00,18362.480556600465,1,52
2023-05-16,18359.15,18371.9,18355.75,18366.75,13:35:00,18362.16336073376,1,53
2023-05-16,18357.75,18364.25,18354.5,18359.15,13:40:00,18361.74304066387,1,54
2023-05-16,18364.0,18367.4,18357.45,18357.6,13:45:00,18361.957989172075,1,55
2023-05-16,18371.9,18373.1,18359.55,18364.05,13:50:00,18362.904847346163,1,56
2023-05-16,18365.4,18377.45,18365.15,18372.25,13:55:00,18363.14248093224,1,57
2023-05-16,18364.35,18372.8,18360.4,18364.65,14:00:00,18363.25748274822,1,58
2023-05-16,18356.3,18367.0,18352.35,18364.8,14:05:00,18362.594865343628,1,59
2023-05-16,18341.15,18356.6,18336.8,18356.6,14:10:00,18360.552497215664,1,60
2023-05-16,18342.5,18345.5,18328.05,18340.85,14:15:00,18358.83321176656,1,61
2023-05-16,18345.95,18350.2,18338.0,18343.6,14:20:00,18357.60623921736,1,62
2023-05-16,18344.5,18351.8,18341.1,18345.25,14:25:00,18356.35802595856,1,63
2023-05-16,18340.7,18353.6,18340.3,18344.8,14:30:00,18354.86678539108,1,64
2023-05-16,18340.45,18352.95,18338.9,18340.25,14:35:00,18353.49375821097,1,65
2023-05-16,18339.05,18349.5,18337.5,18340.15,14:40:00,18352.118162190884,1,66
2023-05-16,18336.9,18344.35,18336.5,18340.15,14:45:00,18350.6688134108,1,67
2023-05-16,18320.55,18337.35,18319.25,18336.75,14:50:00,18347.80035499072,1,68
2023-05-16,18321.4,18324.5,18311.85,18321.2,14:55:00,18345.2860354678,1,69
2023-05-16,18304.15,18321.05,18303.4,18320.35,15:00:00,18341.3683178042,1,70
2023-05-16,18296.35,18309.55,18291.8,18304.2,15:05:00,18337.0808589657,1,71
2023-05-16,18283.2,18300.05,18279.3,18296.0,15:10:00,18331.94934858801,1,72
2023-05-16,18281.65,18290.4,18277.15,18283.25,15:15:00,18327.15893443677,1,73
2023-05-16,18275.1,18282.6,18265.05,18281.65,15:20:00,18322.20094068089,1,74
2023-05-16,18276.75,18281.05,18273.65,18275.7,15:25:00,18317.872279663665,1,75
2023-05-17,18277.7,18307.4,18260.4,18300.45,09:15:00,18312.545108749626,2,1
2023-05-17,18263.25,18277.75,18258.1,18277.75,09:20:00,18307.85033648775,2,2
2023-05-17,18260.7,18284.1,18256.9,18262.2,09:25:00,18303.35982825082,2,3
2023-05-17,18257.55,18276.45,18255.85,18260.3,09:30:00,18298.996987465027,2,4
2023-05-17,18257.6,18270.5,18256.55,18257.5,09:35:00,18295.05441723026,2,5
2023-05-17,18259.9,18263.05,18249.5,18257.85,09:40:00,18291.706377494047,2,6
2023-05-17,18260.05,18263.35,18251.35,18260.4,09:45:00,18288.691484399376,2,7
2023-05-17,18263.65,18274.1,18256.6,18260.8,09:50:00,18286.306581123248,2,8
2023-05-17,18266.75,18268.45,18249.5,18263.6,09:55:00,18284.444049587702,2,9
2023-05-17,18265.1,18274.05,18263.55,18266.75,10:00:00,18282.601759150777,2,10
2023-05-17,18268.5,18272.15,18261.7,18266.35,10:05:00,18281.25873446975,2,11
2023-05-17,18268.75,18274.3,18267.05,18268.25,10:10:00,18280.06742642501,2,12
2023-05-17,18258.7,18269.45,18257.75,18267.85,10:15:00,18278.03243343216,2,13
2023-05-17,18250.4,18261.05,18240.9,18258.6,10:20:00,18275.400773105284,2,14
2023-05-17,18240.8,18252.35,18235.0,18249.6,10:25:00,18272.10546138097,2,15
2023-05-17,18246.4,18249.2,18240.65,18241.1,10:30:00,18269.65732220183,2,16
2023-05-17,18235.25,18248.7,18235.15,18245.55,10:35:00,18266.380434373084,2,17
2023-05-17,18228.65,18236.3,18228.25,18234.9,10:40:00,18262.787059670885,2,18
2023-05-17,18221.8,18228.9,18220.85,18228.35,10:45:00,18258.88353017842,2,19
2023-05-17,18221.15,18227.6,18218.45,18222.1,10:50:00,18255.28986063762,2,20
2023-05-17,18225.25,18229.0,18220.25,18220.85,10:55:00,18252.42892152928,2,21
2023-05-17,18216.3,18226.0,18213.1,18224.4,11:00:00,18248.98807185982,2,22
2023-05-17,18229.45,18232.05,18216.1,18216.45,11:05:00,18247.12730311127,2,23
2023-05-17,18231.0,18233.25,18222.45,18229.75,11:10:00,18245.591369481623,2,24
2023-05-17,18224.05,18232.3,18218.9,18231.2,11:15:00,18243.539810483373,2,25
2023-05-17,18217.55,18225.15,18216.6,18224.45,11:20:00,18241.064590437338,2,26
2023-05-17,18215.7,18218.0,18211.6,18217.3,11:25:00,18238.64891515759,2,27
2023-05-17,18204.0,18216.2,18204.0,18215.45,11:30:00,18235.34901847592,2,28
2023-05-17,18195.45,18204.7,18192.7,18204.7,11:35:00,18231.5491119544,2,29
2023-05-17,18181.9,18198.5,18181.45,18195.3,11:40:00,18226.8206251016,2,30
2023-05-17,18173.3,18184.7,18171.25,18181.7,11:45:00,18221.723422710973,2,31
2023-05-17,18158.7,18173.5,18157.35,18173.0,11:50:00,18215.7211919766,2,32
2023-05-17,18155.95,18161.65,18150.35,18158.65,11:55:00,18210.02869750264,2,33
2023-05-17,18143.7,18156.0,18137.4,18154.75,12:00:00,18203.711678692864,2,34
2023-05-17,18146.85,18147.95,18134.6,18143.65,12:05:00,18198.29628072212,2,35
2023-05-17,18147.7,18157.2,18146.35,18147.25,12:10:00,18193.47758732001,2,36
2023-05-17,18145.35,18153.9,18137.25,18148.05,12:15:00,18188.894007575243,2,37
2023-05-17,18152.55,18154.95,18145.15,18147.0,12:20:00,18185.432673520456,2,38
2023-05-17,18149.35,18155.7,18146.45,18151.9,12:25:00,18181.996228423268,2,39
2023-05-17,18158.7,18158.85,18146.15,18149.9,12:30:00,18179.777540002007,2,40
2023-05-17,18167.85,18167.85,18154.85,18158.8,12:35:00,18178.64158381134,2,41
2023-05-17,18163.1,18168.85,18160.8,18167.7,12:40:00,18177.161432972163,2,42
2023-05-17,18153.7,18169.8,18152.5,18162.95,12:45:00,18174.92701078434,2,43
2023-05-17,18145.65,18153.75,18142.35,18153.45,12:50:00,18172.138724042976,2,44
2023-05-17,18140.3,18146.1,18136.05,18145.35,12:55:00,18169.10646461031,2,45
2023-05-17,18136.4,18143.5,18134.15,18140.2,13:00:00,18165.991563218853,2,46
2023-05-17,18144.9,18146.05,18134.7,18135.95,13:05:00,18163.982842912294,2,47
2023-05-17,18132.7,18146.1,18131.95,18145.1,13:10:00,18161.00352453969,2,48
2023-05-17,18137.05,18137.8,18122.0,18131.6,13:15:00,18158.72223648829,2,49
2023-05-17,18125.95,18137.1,18125.2,18137.1,13:20:00,18155.601071108456,2,50
2023-05-17,18123.95,18128.95,18119.3,18126.15,13:25:00,18152.58668338384,2,51
2023-05-17,18118.6,18123.65,18118.25,18123.6,13:30:00,18149.349856394903,2,52
2023-05-17,18120.7,18122.75,18115.7,18117.5,13:35:00,18146.621298643007,2,53
2023-05-17,18132.7,18135.15,18120.5,18121.4,13:40:00,18145.295460677007,2,54
2023-05-17,18149.05,18149.45,18129.75,18132.4,13:45:00,18145.653035850624,2,55
2023-05-17,18148.95,18152.25,18139.3,18149.8,13:50:00,18145.96703243628,2,56
2023-05-17,18142.95,18151.2,18139.85,18148.55,13:55:00,18145.67969601378,2,57
2023-05-17,18147.0,18149.7,18141.7,18143.15,14:00:00,18145.80543925056,2,58
2023-05-17,18129.35,18147.65,18129.0,18146.95,14:05:00,18144.23825456003,2,59
2023-05-17,18138.8,18150.7,18129.0,18129.05,14:10:00,18143.72032555432,2,60
2023-05-17,18147.7,18149.75,18132.35,18138.7,14:15:00,18144.09934216819,2,61
2023-05-17,18142.2,18154.75,18137.15,18146.95,14:20:00,18143.918452437883,2,62
2023-05-17,18142.75,18150.65,18141.2,18142.6,14:25:00,18143.80717125332,2,63
2023-05-17,18154.25,18169.9,18142.1,18142.1,14:30:00,18144.80172637205,2,64
2023-05-17,18158.7,18166.9,18152.35,18154.6,14:35:00,18146.12537147948,2,65
2023-05-17,18174.7,18176.25,18154.85,18159.1,14:40:00,18148.846764671907,2,66
2023-05-17,18179.15,18185.55,18171.95,18174.85,14:45:00,18151.732787084104,2,67
2023-05-17,18165.1,18183.35,18164.2,18179.05,14:50:00,18153.005854980856,2,68
2023-05-17,18166.85,18175.35,18157.8,18164.9,14:55:00,18154.32434498268,2,69
2023-05-17,18171.3,18176.95,18162.8,18167.45,15:00:00,18155.941074031947,2,70
2023-05-17,18175.3,18178.55,18167.0,18171.2,15:05:00,18157.784781267,2,71
2023-05-17,18184.0,18185.65,18171.95,18174.35,15:10:00,18160.28146876538,2,72
2023-05-17,18188.35,18194.6,18182.65,18183.9,15:15:00,18162.954662216296,2,73
2023-05-17,18189.2,18192.15,18183.65,18187.95,15:20:00,18165.454218195697,2,74
2023-05-17,18197.95,18197.95,18187.1,18188.95,15:25:00,18168.54905455801,2,75
2023-05-18,18268.6,18287.5,18257.35,18287.5,09:15:00,18188.327457359283,3,1
2023-05-18,18291.55,18296.45,18264.1,18269.95,09:20:00,18198.158175706016,3,2
2023-05-18,18273.8,18294.15,18273.55,18291.25,09:25:00,18205.362158972108,3,3
2023-05-18,18267.4,18283.1,18264.7,18272.95,09:30:00,18211.27052478429,3,4
2023-05-18,18246.1,18268.1,18241.45,18266.5,09:35:00,18214.58761766198,3,5
2023-05-18,18260.15,18260.15,18238.55,18246.35,09:40:00,18218.92689217036,3,6
2023-05-18,18235.35,18264.9,18235.35,18260.7,09:45:00,18220.49099767795,3,7
2023-05-18,18246.05,18256.95,18237.2,18237.2,09:50:00,18222.925188375288,3,8
2023-05-18,18247.6,18250.0,18230.1,18245.25,09:55:00,18225.275170434783,3,9
2023-05-18,18221.75,18251.35,18221.6,18248.7,10:00:00,18224.939439917187,3,10
2023-05-18,18223.05,18225.15,18214.05,18221.7,10:05:00,18224.759493258407,3,11
2023-05-18,18222.25,18226.6,18214.3,18222.85,10:10:00,18224.520493900465,3,12
2023-05-18,18227.7,18232.45,18221.55,18221.9,10:15:00,18224.823304005185,3,13
2023-05-18,18236.35,18237.45,18225.4,18228.2,10:20:00,18225.921084576115,3,14
2023-05-18,18235.6,18240.2,18229.65,18235.55,10:25:00,18226.84288604506,3,15
2023-05-18,18226.75,18236.25,18225.3,18235.1,10:30:00,18226.834039755056,3,16
2023-05-18,18222.8,18226.05,18219.3,18226.05,10:35:00,18226.44984549267,3,17
2023-05-18,18234.15,18234.5,18221.35,18222.45,10:40:00,18227.183193540983,3,18
2023-05-18,18229.0,18235.65,18227.95,18234.15,10:45:00,18227.35622272756,3,19
2023-05-18,18223.75,18230.55,18223.4,18229.2,10:50:00,18227.01277294398,3,20
2023-05-18,18234.05,18237.75,18221.3,18223.95,10:55:00,18227.68298504456,3,21
2023-05-18,18233.7,18243.15,18229.95,18234.35,11:00:00,18228.256034087928,3,22
2023-05-18,18246.05,18249.85,18231.6,18233.45,11:05:00,18229.950697508128,3,23
2023-05-18,18242.45,18249.9,18238.9,18246.65,11:10:00,18231.141107269257,3,24
2023-05-18,18252.15,18256.5,18238.15,18241.7,11:15:00,18233.141954195995,3,25
2023-05-18,18245.8,18253.9,18240.6,18251.75,11:20:00,18234.347482367804,3,26
2023-05-18,18240.55,18249.25,18240.55,18245.4,11:25:00,18234.938198332777,3,27
2023-05-18,18232.75,18243.25,18231.45,18240.75,11:30:00,18234.72979849156,3,28
2023-05-18,18242.4,18245.3,18228.6,18232.8,11:35:00,18235.460293873315,3,29
2023-05-18,18235.4,18243.05,18235.4,18242.2,11:40:00,18235.454551599665,3,30
2023-05-18,18246.15,18248.3,18232.25,18236.4,11:45:00,18236.47316573303,3,31
2023-05-18,18251.0,18258.75,18246.4,18246.6,11:50:00,18237.85667375846,3,32
2023-05-18,18247.75,18253.05,18245.45,18251.05,11:55:00,18238.79889530527,3,33
2023-05-18,18242.15,18249.2,18239.85,18247.7,12:00:00,18239.11804813334,3,34
2023-05-18,18238.95,18248.75,18232.2,18241.65,12:05:00,18239.10204354921,3,35
2023-05-18,18229.5,18239.0,18221.25,18239.0,12:10:00,18238.18756321119,3,36
2023-05-18,18216.0,18230.15,18209.25,18229.45,12:15:00,18236.07446195298,3,37
2023-05-18,18202.85,18217.1,18200.05,18215.55,12:20:00,18232.910227481265,3,38
2023-05-18,18208.95,18210.8,18201.2,18202.65,12:25:00,18230.62830105448,3,39
2023-05-18,18212.95,18218.55,18206.85,18209.45,12:30:00,18228.94465333501,3,40
2023-05-18,18212.5,18214.15,18210.8,18212.5,12:35:00,18227.378495874527,3,41
2023-05-18,18202.55,18213.35,18201.95,18212.75,12:40:00,18225.013877219808,3,42
2023-05-18,18203.1,18204.95,18194.85,18202.65,12:45:00,18222.92684129411,3,43
2023-05-18,18191.55,18205.6,18190.05,18203.35,12:50:00,18219.93857069467,3,44
2023-05-18,18186.25,18191.4,18182.65,18191.4,12:55:00,18216.73013539041,3,45
2023-05-18,18197.95,18207.55,18185.85,18186.85,13:00:00,18214.94155106752,3,46
2023-05-18,18197.6,18202.75,18191.4,18197.9,13:05:00,18213.289974775376,3,47
2023-05-18,18191.75,18197.65,18188.85,18197.55,13:10:00,18211.23854860629,3,48
2023-05-18,18196.4,18197.6,18189.55,18192.05,13:15:00,18209.82535350093,3,49
2023-05-18,18203.95,18205.05,18195.35,18195.95,13:20:00,18209.26579602465,3,50
2023-05-18,18205.3,18206.8,18197.8,18203.8,13:25:00,18208.88810116516,3,51
2023-05-18,18195.2,18206.7,18191.25,18204.95,13:30:00,18207.58447248276,3,52
2023-05-18,18203.55,18207.7,18195.15,18195.7,13:35:00,18207.20023700821,3,53
2023-05-18,18194.4,18213.45,18193.0,18204.85,13:40:00,18205.98116681696,3,54
2023-05-18,18199.05,18208.4,18167.0,18194.75,13:45:00,18205.321055691533,3,55
2023-05-18,18196.5,18202.55,18188.55,18200.1,13:50:00,18204.480955149484,3,56
2023-05-18,18195.7,18203.7,18193.25,18198.4,13:55:00,18203.64467370668,3,57
2023-05-18,18190.2,18201.4,18184.15,18195.7,14:00:00,18202.36422859176,3,58
2023-05-18,18172.0,18190.85,18166.3,18190.35,14:05:00,18199.472397297304,3,59
2023-05-18,18171.9,18189.0,18171.25,18171.65,14:10:00,18196.846454697563,3,60
2023-05-18,18155.6,18186.15,18155.6,18172.1,14:15:00,18192.918220916843,3,61
2023-05-18,18164.6,18164.65,18151.3,18155.9,14:20:00,18190.2212474962,3,62
2023-05-18,18180.25,18180.6,18162.9,18164.55,14:25:00,18189.271604877507,3,63
2023-05-18,18171.7,18182.4,18158.75,18180.9,14:30:00,18187.598118698697,3,64
2023-05-18,18154.85,18174.75,18148.65,18173.45,14:35:00,18184.479250251203,3,65
2023-05-18,18159.3,18167.65,18144.3,18154.6,14:40:00,18182.081226417755,3,66
2023-05-18,18154.1,18163.1,18152.3,18158.25,14:45:00,18179.416347711303,3,67
2023-05-18,18162.0,18167.85,18148.3,18154.4,14:50:00,18177.75764792928,3,68
2023-05-18,18150.25,18167.6,18149.5,18160.7,14:55:00,18175.13787193601,3,69
2023-05-18,18133.2,18158.75,18130.15,18151.4,15:00:00,18171.14378889449,3,70
2023-05-18,18111.35,18135.55,18105.4,18132.75,15:05:00,18165.449142333106,3,71
2023-05-18,18135.2,18144.25,18112.0,18112.0,15:10:00,18162.568271634715,3,72
2023-05-18,18131.1,18136.75,18123.35,18135.05,15:15:00,18159.57129338379,3,73
2023-05-18,18132.55,18141.2,18127.0,18131.5,15:20:00,18156.99783687105,3,74
2023-05-18,18134.65,18142.0,18130.2,18132.5,15:25:00,18154.86947145476,3,75
2023-05-19,18147.35,18186.15,18142.55,18186.15,09:15:00,18156.848705657976,4,1
2023-05-19,18145.05,18146.75,18130.7,18146.75,09:20:00,18155.72501940484,4,2
2023-05-19,18142.25,18157.5,18139.65,18145.25,09:25:00,18154.44168422342,4,3
2023-05-19,18118.25,18145.8,18116.25,18143.25,09:30:00,18150.99485715452,4,4
2023-05-19,18098.2,18121.15,18098.2,18117.8,09:35:00,18145.96677552076,4,5
2023-05-19,18118.2,18122.75,18097.75,18098.1,09:40:00,18143.32232070926,4,6
2023-05-19,18101.9,18127.95,18100.95,18118.25,09:45:00,18139.37733778457,4,7
2023-05-19,18094.55,18103.9,18086.65,18102.65,09:50:00,18135.10806751937,4,8
2023-05-19,18090.3,18095.85,18084.25,18093.9,09:55:00,18130.840632517524,4,9
2023-05-19,18072.7,18094.7,18072.45,18090.8,10:00:00,18125.30342942062,4,10
2023-05-19,18069.45,18084.45,18066.8,18071.55,10:05:00,18119.984055190085,4,11
2023-05-19,18082.5,18088.25,18068.5,18069.95,10:10:00,18116.414145171984,4,12
2023-05-19,18085.05,18092.6,18079.45,18083.35,10:15:00,18113.42708372703,4,13
2023-05-19,18083.5,18087.65,18074.55,18085.05,10:20:00,18110.57688527684,4,14
2023-05-19,18091.25,18091.25,18076.6,18083.25,10:25:00,18108.736229536185,4,15
2023-05-19,18099.2,18101.5,18084.4,18091.55,10:30:00,18107.828017199405,4,16
2023-05-19,18071.95,18098.9,18070.25,18098.25,10:35:00,18104.41106318041,4,17
2023-05-19,18073.15,18077.75,18060.85,18072.25,10:40:00,18101.433819067992,4,18
2023-05-19,18082.3,18082.3,18072.45,18072.95,10:45:00,18099.611550585327,4,19
2023-05-19,18079.65,18089.55,18079.45,18081.45,10:50:00,18097.71045052958,4,20
2023-05-19,18090.05,18090.05,18078.4,18078.75,10:55:00,18096.98088381248,4,21
2023-05-19,18096.15,18097.35,18089.55,18089.55,11:00:00,18096.90175202081,4,22
2023-05-19,18092.8,18098.8,18091.3,18096.5,11:05:00,18096.51110897121,4,23
2023-05-19,18114.8,18116.55,18092.45,18093.4,11:10:00,18098.25290811681,4,24
2023-05-19,18146.45,18152.15,18111.3,18115.25,11:15:00,18102.84310734378,4,25
2023-05-19,18143.45,18157.85,18135.95,18145.65,11:20:00,18106.71043045389,4,26
2023-05-19,18135.05,18145.6,18129.25,18143.7,11:25:00,18109.40943707733,4,27
2023-05-19,18130.75,18136.25,18121.05,18135.15,11:30:00,18111.4418716414,4,28
2023-05-19,18124.35,18134.55,18118.95,18130.2,11:35:00,18112.67121719936,4,29
2023-05-19,18141.75,18142.2,18124.25,18124.25,11:40:00,18115.44062508513,4,30
2023-05-19,18139.4,18147.15,18136.7,18141.8,11:45:00,18117.72247031512,4,31
2023-05-19,18147.9,18149.2,18136.85,18138.85,11:50:00,18120.596520761297,4,32
2023-05-19,18153.05,18154.8,18146.65,18147.05,11:55:00,18123.68732830784,4,33
2023-05-19,18149.55,18158.4,18146.5,18152.65,12:00:00,18126.150439897567,4,34
2023-05-19,18147.9,18150.45,18143.6,18149.1,12:05:00,18128.221826573987,4,35
2023-05-19,18137.9,18148.65,18136.55,18146.6,12:10:00,18129.143557376465,4,36
2023-05-19,18136.65,18140.35,18132.4,18137.9,12:15:00,18129.858456673945,4,37
2023-05-19,18146.75,18148.05,18129.6,18135.95,12:20:00,18131.46717508595,4,38
2023-05-19,18139.05,18149.75,18132.25,18146.25,12:25:00,18132.18934888729,4,39
2023-05-19,18109.15,18138.9,18108.55,18138.65,12:30:00,18129.995125183737,4,40
2023-05-19,18103.25,18118.2,18102.9,18108.85,12:35:00,18127.447970404333,4,41
2023-05-19,18117.1,18118.9,18098.45,18102.0,12:40:00,18126.462449413444,4,42
2023-05-19,18120.6,18122.55,18112.3,18117.3,12:45:00,18125.90412089788,4,43
2023-05-19,18116.8,18125.2,18114.15,18120.2,12:50:00,18125.03706176475,4,44
2023-05-19,18110.8,18118.35,18108.2,18116.6,12:55:00,18123.681151120487,4,45
2023-05-19,18125.45,18127.1,18110.7,18111.25,13:00:00,18123.849612918537,4,46
2023-05-19,18117.7,18134.8,18116.3,18125.55,13:05:00,18123.263935497725,4,47
2023-05-19,18121.15,18123.2,18110.6,18117.3,13:10:00,18123.062608307464,4,48
2023-05-19,18126.05,18132.55,18120.75,18121.2,13:15:00,18123.34712180199,4,49
2023-05-19,18129.95,18139.4,18126.75,18126.75,13:20:00,18123.97596734466,4,50
2023-05-19,18126.05,18132.95,18121.4,18129.9,13:25:00,18124.17349426421,4,51
2023-05-19,18121.2,18127.6,18118.8,18125.7,13:30:00,18123.89030433429,4,52
2023-05-19,18121.6,18126.95,18116.35,18121.9,13:35:00,18123.67218011197,4,53
2023-05-19,18125.2,18128.2,18119.55,18121.25,13:40:00,18123.81768676798,4,54
2023-05-19,18120.1,18130.4,18118.65,18125.1,13:45:00,18123.463621361505,4,55
2023-05-19,18134.75,18137.55,18120.05,18120.05,13:50:00,18124.53851456517,4,56
2023-05-19,18141.65,18148.75,18134.85,18135.25,13:55:00,18126.16817984468,4,57
2023-05-19,18157.2,18162.25,18142.05,18142.05,14:00:00,18129.12359128804,4,58
2023-05-19,18157.75,18168.55,18157.3,18157.5,14:05:00,18131.849915927272,4,59
2023-05-19,18164.7,18165.15,18142.6,18157.35,14:10:00,18134.97849536277,4,60
2023-05-19,18165.15,18175.75,18161.65,18164.35,14:15:00,18137.85197199489,4,61
2023-05-19,18167.55,18176.4,18164.6,18164.6,14:20:00,18140.680355614422,4,62
2023-05-19,18167.15,18171.35,18162.6,18167.7,14:25:00,18143.201274127336,4,63
2023-05-19,18170.15,18172.95,18160.8,18168.15,14:30:00,18145.76781944854,4,64
2023-05-19,18171.8,18178.55,18166.7,18171.05,14:35:00,18148.24707473916,4,65
2023-05-19,18182.55,18190.7,18170.45,18171.25,14:40:00,18151.51402000209,4,66
2023-05-19,18183.35,18198.6,18182.4,18182.95,14:45:00,18154.54601809713,4,67
2023-05-19,18179.85,18187.95,18176.3,18183.0,14:50:00,18156.955921135504,4,68
2023-05-19,18185.2,18196.6,18179.75,18180.2,14:55:00,18159.645833408315,4,69
2023-05-19,18192.4,18194.95,18177.6,18187.7,15:00:00,18162.765277845618,4,70
2023-05-19,18199.55,18203.35,18182.05,18192.05,15:05:00,18166.26858471746,4,71
2023-05-19,18204.25,18217.0,18200.4,18200.4,15:10:00,18169.88586236342,4,72
2023-05-19,18215.0,18217.7,18204.25,18205.25,15:15:00,18174.182446900235,4,73
2023-05-19,18210.4,18217.0,18205.6,18214.85,15:20:00,18177.63173767164,4,74
2023-05-19,18205.45,18210.1,18201.45,18210.1,15:25:00,18180.281095988623,4,75
2023-05-22,18199.05,18204.2,18179.55,18201.1,09:15:00,18183.86252982289,0,1
2023-05-22,18245.3,18246.75,18190.2,18199.45,09:20:00,18189.71371745881,0,2
2023-05-22,18250.75,18258.0,18240.75,18244.7,09:25:00,18195.52669674845,0,3
2023-05-22,18257.2,18263.15,18246.8,18250.6,09:30:00,18201.400344677164,0,4
2023-05-22,18277.95,18281.1,18256.0,18256.95,09:35:00,18208.690788041244,0,5
2023-05-22,18284.1,18286.1,18264.5,18278.5,09:40:00,18215.8726177516,0,6
2023-05-22,18280.0,18288.35,18275.25,18282.7,09:45:00,18221.979987489543,0,7
2023-05-22,18288.55,18294.1,18280.75,18281.25,09:50:00,18228.31998868101,0,8
2023-05-22,18275.65,18289.35,18275.35,18288.5,09:55:00,18232.82760880663,0,9
2023-05-22,18236.35,18276.3,18231.1,18275.15,10:00:00,18233.16307463457,0,10
2023-05-22,18245.95,18248.8,18232.0,18238.45,10:05:00,18234.380877050324,0,11
2023-05-22,18270.6,18275.4,18244.65,18244.65,10:10:00,18237.830317331245,0,12
2023-05-22,18266.3,18275.7,18262.25,18270.5,10:15:00,18240.54171568065,0,13
2023-05-22,18271.75,18273.95,18262.15,18267.35,10:20:00,18243.51393323488,0,14
2023-05-22,18272.9,18278.55,18269.15,18272.1,10:25:00,18246.31260626013,0,15
2023-05-22,18280.2,18282.45,18264.85,18273.9,10:30:00,18249.539977092496,0,16
2023-05-22,18284.6,18288.35,18275.9,18279.45,10:35:00,18252.879026893213,0,17
2023-05-22,18278.65,18288.0,18278.35,18284.85,10:40:00,18255.33340528433,0,18
2023-05-22,18289.1,18292.4,18277.8,18277.8,10:45:00,18258.54927144773,0,19
2023-05-22,18288.45,18294.3,18282.65,18288.8,10:50:00,18261.39695988128,0,20
2023-05-22,18303.15,18305.2,18283.25,18288.35,10:55:00,18265.373439892588,0,21
2023-05-22,18296.35,18309.0,18295.3,18302.95,11:00:00,18268.323588474246,0,22
2023-05-22,18300.6,18307.45,18291.05,18296.9,11:05:00,18271.39753242908,0,23
2023-05-22,18296.95,18307.5,18296.95,18300.0,11:10:00,18273.831100769166,0,24
2023-05-22,18301.2,18302.0,18292.9,18296.6,11:15:00,18276.437662600674,0,25
2023-05-22,18297.5,18305.7,18294.85,18301.6,11:20:00,18278.443599495848,0,26
2023-05-22,18297.4,18306.65,18295.45,18297.7,11:25:00,18280.248970972432,0,27
2023-05-22,18291.8,18296.8,18287.7,18296.75,11:30:00,18281.34906897505,0,28
2023-05-22,18300.7,18302.5,18289.6,18291.7,11:35:00,18283.19201478696,0,29
2023-05-22,18304.05,18305.15,18295.85,18300.55,11:40:00,18285.17848956916,0,30
2023-05-22,18295.75,18310.35,18293.65,18304.35,11:45:00,18286.185300086378,0,31
2023-05-22,18306.65,18309.9,18295.75,18295.75,11:50:00,18288.13431912577,0,32
2023-05-22,18299.05,18309.95,18295.45,18306.05,11:55:00,18289.17390778046,0,33
2023-05-22,18299.9,18308.35,18297.15,18299.45,12:00:00,18290.1954403728,0,34
2023-05-22,18304.35,18306.0,18288.65,18299.75,12:05:00,18291.543493670622,0,35
2023-05-22,18316.95,18318.0,18304.3,18304.3,12:10:00,18293.96316094009,0,36
2023-05-22,18308.3,18325.05,18307.7,18317.1,12:15:00,18295.328574183888,0,37
2023-05-22,18304.25,18313.15,18301.85,18308.25,12:20:00,18296.178233785424,0,38
2023-05-22,18299.1,18309.55,18298.95,18304.15,12:25:00,18296.45649723443,0,39
2023-05-22,18293.15,18300.45,18283.55,18299.1,12:30:00,18296.14159273592,0,40
2023-05-22,18294.75,18298.3,18289.35,18293.45,12:35:00,18296.0090600944,0,41
2023-05-22,18286.45,18297.25,18285.85,18294.3,12:40:00,18295.09867341874,0,42
2023-05-22,18293.2,18294.9,18281.5,18286.95,12:45:00,18294.91784737886,0,43
2023-05-22,18299.8,18302.3,18292.1,18292.75,12:50:00,18295.38281429516,0,44
2023-05-22,18297.55,18300.7,18292.1,18299.95,12:55:00,18295.58921293371,0,45
2023-05-22,18284.0,18298.75,18283.1,18297.1,13:00:00,18294.485478368595,0,46
2023-05-22,18282.05,18288.45,18280.4,18283.6,13:05:00,18293.3011470954,0,47
2023-05-22,18295.35,18296.05,18282.05,18282.4,13:10:00,18293.496275943457,0,48
2023-05-22,18298.75,18302.35,18294.65,18295.6,13:15:00,18293.996630615507,0,49
2023-05-22,18290.5,18299.8,18286.75,18298.6,13:20:00,18293.66361817593,0,50
2023-05-22,18278.65,18291.25,18272.8,18290.65,13:25:00,18292.233749778225,0,51
2023-05-22,18259.45,18282.5,18259.15,18278.2,13:30:00,18289.111487894585,0,52
2023-05-22,18260.55,18265.55,18256.9,18258.7,13:35:00,18286.391346190336,0,53
2023-05-22,18261.85,18262.45,18250.75,18260.6,13:40:00,18284.05407512459,0,54
2023-05-22,18269.95,18270.1,18261.7,18261.7,13:45:00,18282.710829874628,0,55
2023-05-22,18280.5,18281.0,18269.35,18269.65,13:50:00,18282.50027464847,0,56
2023-05-22,18288.7,18291.1,18279.9,18280.65,13:55:00,18283.09072468195,0,57
2023-05-22,18299.85,18300.2,18289.75,18289.75,14:00:00,18284.68684614081,0,58
2023-05-22,18292.9,18300.35,18284.7,18299.6,14:05:00,18285.46905127026,0,59
2023-05-22,18304.25,18307.8,18292.55,18292.55,14:10:00,18287.257713054045,0,60
2023-05-22,18309.35,18310.85,18304.35,18305.05,14:15:00,18289.36174038223,0,61
2023-05-22,18303.65,18315.05,18302.25,18309.0,14:20:00,18290.72252701249,0,62
2023-05-22,18294.95,18304.4,18293.35,18303.5,14:25:00,18291.12514348749,0,63
2023-05-22,18300.55,18307.15,18293.15,18294.3,14:30:00,18292.02274886964,0,64
2023-05-22,18296.2,18309.3,18295.45,18301.4,14:35:00,18292.420582310628,0,65
2023-05-22,18291.4,18298.8,18289.05,18295.4,14:40:00,18292.32338399533,0,66
2023-05-22,18307.9,18308.8,18286.3,18292.2,14:45:00,18293.806871233868,0,67
2023-05-22,18318.45,18318.6,18306.8,18308.25,14:50:00,18296.15383587826,0,68
2023-05-22,18310.2,18323.05,18306.6,18318.45,14:55:00,18297.49156579461,0,69
2023-05-22,18324.85,18325.7,18310.5,18310.5,15:00:00,18300.09713095704,0,70
2023-05-22,18316.4,18334.8,18314.2,18325.8,15:05:00,18301.649785151603,0,71
2023-05-22,18309.6,18320.9,18308.0,18316.3,15:10:00,18302.4069484705,0,72
2023-05-22,18313.9,18318.1,18308.05,18308.9,15:15:00,18303.501524806645,0,73
2023-05-22,18303.25,18315.1,18297.8,18314.05,15:20:00,18303.477570063154,0,74
2023-05-22,18303.3,18312.25,18299.95,18302.2,15:25:00,18303.46065862857,0,75
2023-05-23,18381.15,18383.05,18353.25,18362.9,09:15:00,18315.981400827462,1,1
2023-05-23,18372.8,18381.65,18361.6,18381.5,09:20:00,18321.39269598676,1,2
2023-05-23,18379.65,18389.4,18369.75,18373.55,09:25:00,18326.94101065468,1,3
2023-05-23,18401.0,18405.55,18379.75,18379.75,09:30:00,18333.99424773519,1,4
2023-05-23,18396.3,18400.9,18386.45,18400.45,09:35:00,18339.928128903262,1,5
2023-05-23,18404.65,18408.7,18395.15,18396.6,09:40:00,18346.092116626765,1,6
2023-05-23,18393.35,18407.8,18387.0,18405.7,09:45:00,18350.592867424217,1,7
2023-05-23,18389.1,18395.05,18383.7,18393.35,09:50:00,18354.26021338381,1,8
2023-05-23,18397.3,18401.25,18387.7,18388.9,09:55:00,18358.359240680595,1,9
2023-05-23,18386.55,18401.9,18385.35,18397.35,10:00:00,18361.04407490149,1,10
2023-05-23,18387.45,18397.45,18383.05,18387.6,10:05:00,18363.55892491087,1,11
2023-05-23,18391.4,18395.45,18385.5,18387.9,10:10:00,18366.21045587174,1,12
2023-05-23,18385.45,18396.0,18381.15,18391.55,10:15:00,18368.042793407763,1,13
2023-05-23,18396.25,18396.35,18383.7,18385.45,10:20:00,18370.7291940356,1,14
2023-05-23,18394.0,18397.2,18391.55,18396.2,10:25:00,18372.945461270298,1,15
2023-05-23,18396.55,18397.25,18390.15,18394.25,10:30:00,18375.193512577887,1,16
2023-05-23,18400.25,18402.1,18390.0,18396.95,10:35:00,18377.579844713327,1,17
2023-05-23,18406.3,18407.15,18399.75,18399.75,10:40:00,18380.315097597773,1,18
2023-05-23,18406.75,18410.4,18402.7,18405.95,10:45:00,18382.832707350368,1,19
2023-05-23,18402.0,18407.15,18398.4,18406.2,10:50:00,18384.65816379319,1,20
2023-05-23,18401.25,18406.1,18398.9,18401.8,10:55:00,18386.238338670028,1,21
2023-05-23,18400.85,18403.65,18396.75,18401.15,11:00:00,18387.62992546336,1,22
2023-05-23,18406.1,18407.65,18399.7,18400.8,11:05:00,18389.38898018113,1,23
2023-05-23,18411.85,18412.7,18404.2,18405.7,11:10:00,18391.52812492579,1,24
2023-05-23,18407.2,18413.7,18406.7,18411.7,11:15:00,18393.020684456667,1,25
2023-05-23,18402.65,18411.05,18399.85,18407.1,11:20:00,18393.93776212746,1,26
2023-05-23,18398.45,18403.95,18393.65,18402.7,11:25:00,18394.367499067703,1,27
2023-05-23,18394.9,18399.9,18393.3,18399.0,11:30:00,18394.418213442208,1,28
2023-05-23,18400.45,18401.05,18390.7,18394.95,11:35:00,18394.99266930485,1,29
2023-05-23,18406.85,18407.95,18399.45,18400.1,11:40:00,18396.121938894867,1,30
2023-05-23,18400.9,18407.8,18400.1,18407.15,11:45:00,18396.57699233345,1,31
2023-05-23,18399.7,18402.2,18394.55,18401.0,11:50:00,18396.874421635028,1,32
2023-05-23,18400.55,18403.6,18397.0,18399.05,11:55:00,18397.22447671741,1,33
2023-05-23,18408.75,18410.0,18399.1,18400.3,12:00:00,18398.322145601465,1,34
2023-05-23,18402.65,18409.75,18400.95,18408.05,12:05:00,18398.73432221085,1,35
2023-05-23,18406.45,18406.8,18398.3,18402.15,12:10:00,18399.46914866696,1,36
2023-05-23,18408.9,18412.0,18405.2,18406.2,12:15:00,18400.3673249844,1,37
2023-05-23,18397.9,18410.3,18397.05,18409.15,12:20:00,18400.13234165255,1,38
2023-05-23,18406.9,18408.35,18394.8,18397.05,12:25:00,18400.77688054278,1,39
2023-05-23,18405.1,18408.55,18403.6,18406.8,12:30:00,18401.18860620537,1,40
2023-05-23,18402.95,18407.25,18401.6,18404.3,12:35:00,18401.356357995337,1,41
2023-05-23,18406.95,18411.55,18396.0,18403.05,12:40:00,18401.889085805306,1,42
2023-05-23,18400.75,18409.0,18398.6,18406.9,12:45:00,18401.780601442897,1,43
2023-05-23,18406.65,18407.5,18400.1,18401.0,12:50:00,18402.24435368643,1,44
2023-05-23,18416.0,18416.0,18406.9,18406.9,12:55:00,18403.554415240105,1,45
2023-05-23,18404.25,18419.75,18404.05,18416.0,13:00:00,18403.62066140772,1,46
2023-05-23,18397.55,18406.9,18396.05,18405.0,13:05:00,18403.042503178407,1,47
2023-05-23,18398.6,18403.7,18396.4,18397.0,13:10:00,18402.619407637605,1,48
2023-05-23,18396.2,18399.3,18388.9,18399.3,13:15:00,18402.00803548164,1,49
2023-05-23,18401.95,18403.8,18395.1,18396.25,13:20:00,18402.00250829292,1,50
2023-05-23,18396.3,18403.95,18394.9,18401.75,13:25:00,18401.459412265016,1,51
2023-05-23,18401.9,18405.1,18396.4,18396.9,13:30:00,18401.50137300168,1,52
2023-05-23,18399.95,18406.15,18397.65,18401.95,13:35:00,18401.353623192,1,53
2023-05-23,18396.9,18403.7,18395.35,18399.95,13:40:00,18400.92946860228,1,54
2023-05-23,18405.5,18409.0,18395.75,18397.1,13:45:00,18401.364757306827,1,55
2023-05-23,18407.35,18408.0,18402.75,18405.15,13:50:00,18401.934780420463,1,56
2023-05-23,18399.5,18409.55,18397.7,18407.7,13:55:00,18401.70289657089,1,57
2023-05-23,18404.5,18407.2,18389.9,18399.2,14:00:00,18401.969287373664,1,58
2023-05-23,18398.65,18405.0,18395.4,18403.95,14:05:00,18401.65316476665,1,59
2023-05-23,18400.35,18404.35,18396.75,18398.25,14:10:00,18401.529053836493,1,60
2023-05-23,18406.0,18406.2,18394.65,18400.8,14:15:00,18401.954858233017,1,61
2023-05-23,18400.55,18410.2,18398.1,18405.55,14:20:00,18401.821062210827,1,62
2023-05-23,18403.7,18406.7,18399.0,18399.3,14:25:00,18402.00000866694,1,63
2023-05-23,18399.95,18405.75,18395.55,18403.75,14:30:00,18401.804769746275,1,64
2023-05-23,18397.35,18402.2,18389.9,18399.15,14:35:00,18401.380505960915,1,65
2023-05-23,18379.45,18398.3,18374.1,18397.1,14:40:00,18399.2918863456,1,66
2023-05-23,18369.7,18381.35,18366.2,18380.4,14:45:00,18396.47361145553,1,67
2023-05-23,18358.65,18373.1,18357.9,18369.3,14:50:00,18392.87136274549,1,68
2023-05-23,18373.75,18376.2,18357.8,18358.4,14:55:00,18391.05028057925,1,69
2023-05-23,18358.95,18376.3,18347.5,18373.05,15:00:00,18387.99311100028,1,70
2023-05-23,18363.7,18366.45,18353.3,18359.4,15:05:00,18385.6794813812,1,71
2023-05-23,18343.9,18369.25,18343.9,18363.7,15:10:00,18381.70048315441,1,72
2023-05-23,18340.55,18346.85,18338.1,18344.25,15:15:00,18377.781389520664,1,73
2023-05-23,18325.5,18341.0,18324.45,18341.0,15:20:00,18372.802209566315,1,74
2023-05-23,18333.75,18337.65,18325.0,18325.45,15:25:00,18369.08295151238,1,75
2023-05-24,18302.1,18308.2,18274.55,18294.8,09:15:00,18356.302824253897,2,1
2023-05-24,18290.6,18303.85,18270.4,18303.85,09:20:00,18350.0454124202,2,2
2023-05-24,18303.3,18306.45,18284.25,18290.5,09:25:00,18345.59346838017,2,3
2023-05-24,18320.7,18323.6,18302.7,18302.7,09:30:00,18343.222661867778,2,4
2023-05-24,18332.6,18338.55,18312.95,18321.0,09:35:00,18342.210979785134,2,5
2023-05-24,18330.0,18333.2,18322.0,18332.8,09:40:00,18341.04802932941,2,6
2023-05-24,18343.5,18345.35,18326.85,18328.35,09:45:00,18341.28155034565,2,7
2023-05-24,18344.1,18344.4,18335.25,18343.15,09:50:00,18341.549974122256,2,8
2023-05-24,18350.6,18351.95,18339.55,18344.3,09:55:00,18342.411881348708,2,9
2023-05-24,18357.6,18358.2,18347.1,18351.25,10:00:00,18343.858368839305,2,10
2023-05-24,18359.55,18362.75,18355.5,18357.2,10:05:00,18345.352809902222,2,11
2023-05-24,18362.8,18365.45,18350.4,18359.2,10:10:00,18347.0144470544,2,12
2023-05-24,18368.45,18378.6,18361.6,18363.45,10:15:00,18349.055928287307,2,13
2023-05-24,18363.75,18369.65,18362.45,18368.95,10:20:00,18350.45536368852,2,14
2023-05-24,18353.3,18364.1,18350.35,18363.3,10:25:00,18350.726281432468,2,15
2023-05-24,18366.35,18367.45,18348.4,18353.7,10:30:00,18352.214254629376,2,16
2023-05-24,18369.75,18374.0,18363.75,18366.15,10:35:00,18353.88432561705,2,17
2023-05-24,18374.2,18374.2,18362.0,18370.0,10:40:00,18355.819151748765,2,18
2023-05-24,18379.3,18380.2,18373.45,18374.3,10:45:00,18358.05542301079,2,19
2023-05-24,18379.45,18384.85,18378.95,18379.65,10:50:00,18360.093001771667,2,20
2023-05-24,18378.85,18381.15,18374.55,18378.6,10:55:00,18361.879382555315,2,21
2023-05-24,18377.15,18387.4,18376.1,18380.95,11:00:00,18363.333727073856,2,22
2023-05-24,18374.0,18380.8,18372.3,18376.95,11:05:00,18364.34956259064,2,23
2023-05-24,18374.1,18376.0,18370.75,18374.0,11:10:00,18365.27817567724,2,24
2023-05-24,18384.4,18384.85,18368.6,18374.55,11:15:00,18367.09930180322,2,25
2023-05-24,18387.3,18392.5,18384.2,18384.9,11:20:00,18369.023177821964,2,26
2023-05-24,18386.1,18390.0,18385.8,18386.8,11:25:00,18370.64954183892,2,27
2023-05-24,18377.15,18386.45,18376.95,18386.1,11:30:00,18371.26863309236,2,28
2023-05-24,18369.45,18378.3,18367.9,18377.45,11:35:00,18371.095429940706,2,29
2023-05-24,18361.85,18372.75,18360.35,18369.55,11:40:00,18370.21491280349,2,30
2023-05-24,18352.55,18362.1,18352.55,18361.8,11:45:00,18368.532540155546,2,31
2023-05-24,18358.9,18366.9,18352.65,18352.65,11:50:00,18367.615155378822,2,32
2023-05-24,18358.55,18361.4,18356.0,18358.75,11:55:00,18366.75180724751,2,33
2023-05-24,18344.25,18359.0,18342.5,18358.1,12:00:00,18364.608777985843,2,34
2023-05-24,18357.0,18357.05,18341.25,18344.65,12:05:00,18363.88413246338,2,35
2023-05-24,18341.05,18360.45,18341.0,18357.2,12:10:00,18361.70945318116,2,36
2023-05-24,18334.25,18343.85,18332.6,18341.75,12:15:00,18359.0942671639,2,37
2023-05-24,18331.5,18340.1,18331.5,18333.15,12:20:00,18356.46624171972,2,38
2023-05-24,18331.9,18340.2,18328.2,18332.0,12:25:00,18354.126599651176,2,39
2023-05-24,18331.4,18335.95,18328.55,18333.55,12:30:00,18351.96216158916,2,40
2023-05-24,18326.7,18331.95,18318.6,18331.2,12:35:00,18349.55624143781,2,41
2023-05-24,18323.75,18330.35,18321.5,18327.45,12:40:00,18347.098504158017,2,42
2023-05-24,18321.05,18325.25,18317.0,18323.5,12:45:00,18344.617694238204,2,43
2023-05-24,18326.05,18328.0,18319.35,18320.55,12:50:00,18342.849342406,2,44
2023-05-24,18330.45,18331.7,18325.05,18325.45,12:55:00,18341.66845265304,2,45
2023-05-24,18322.85,18332.4,18321.65,18330.5,13:00:00,18339.876219067035,2,46
2023-05-24,18314.7,18326.9,18314.25,18322.65,13:05:00,18337.478483917792,2,47
2023-05-24,18302.35,18315.55,18301.85,18314.45,13:10:00,18334.13291402085,2,48
2023-05-24,18297.3,18305.1,18295.95,18302.8,13:15:00,18330.62501744744,2,49
2023-05-24,18296.65,18299.95,18292.6,18297.65,13:20:00,18327.389301500065,2,50
2023-05-24,18303.95,18303.95,18294.5,18296.2,13:25:00,18325.15698707149,2,51
2023-05-24,18316.55,18319.6,18303.55,18303.55,13:30:00,18324.337274017063,2,52
2023-05-24,18317.15,18318.65,18311.3,18316.1,13:35:00,18323.652771729725,2,53
2023-05-24,18316.25,18323.5,18314.8,18317.65,13:40:00,18322.947745850703,2,54
2023-05-24,18307.4,18315.55,18300.3,18315.55,13:45:00,18321.46700815064,2,55
2023-05-24,18308.95,18310.15,18303.5,18308.25,13:50:00,18320.27491213629,2,56
2023-05-24,18307.3,18313.05,18305.15,18308.9,13:55:00,18319.03920621855,2,57
2023-05-24,18298.75,18307.45,18296.75,18307.3,14:00:00,18317.1069008644,2,58
2023-05-24,18309.8,18311.1,18296.9,18298.45,14:05:00,18316.41100554398,2,59
2023-05-24,18312.55,18313.25,18302.7,18309.15,14:10:00,18316.043290730267,2,60
2023-05-24,18310.2,18319.5,18309.85,18312.55,14:15:00,18315.4867868512,2,61
2023-05-24,18309.35,18313.1,18306.15,18310.1,14:20:00,18314.902330960605,2,62
2023-05-24,18309.8,18312.65,18304.3,18310.15,14:25:00,18314.416394678643,2,63
2023-05-24,18320.8,18325.8,18309.15,18309.55,14:30:00,18315.0243570902,2,64
2023-05-24,18315.4,18325.35,18312.65,18320.25,14:35:00,18315.060132605417,2,65
2023-05-24,18278.7,18314.95,18274.35,18314.8,14:40:00,18311.59726283347,2,66
2023-05-24,18275.85,18279.55,18263.95,18279.55,14:45:00,18308.19276161124,2,67
2023-05-24,18270.5,18277.05,18266.05,18275.4,14:50:00,18304.60297479112,2,68
2023-05-24,18265.25,18270.5,18263.9,18270.5,14:55:00,18300.85507243006,2,69
2023-05-24,18270.55,18280.7,18264.1,18265.05,15:00:00,18297.968875055765,2,70
2023-05-24,18283.7,18286.55,18270.1,18270.1,15:05:00,18296.609934574262,2,71
2023-05-24,18289.3,18296.95,18284.3,18284.55,15:10:00,18295.91375032909,2,72
2023-05-24,18288.65,18290.3,18285.2,18289.7,15:15:00,18295.221964583467,2,73
2023-05-24,18291.35,18295.25,18289.2,18289.25,15:20:00,18294.853206051703,2,74
2023-05-24,18287.0,18293.0,18285.4,18290.5,15:25:00,18294.105281665827,2,75
2023-05-25,18291.8,18294.7,18261.7,18268.9,09:15:00,18291.71384735003,3,1
2023-05-25,18295.55,18299.25,18277.4,18292.3,09:20:00,18292.079195221457,3,2
2023-05-25,18256.8,18294.7,18252.35,18294.7,09:25:00,18288.71927186704,3,3
2023-05-25,18249.25,18259.75,18245.7,18257.15,09:30:00,18284.960293593984,3,4
2023-05-25,18244.0,18250.4,18236.5,18250.4,09:35:00,18281.0593132517,3,5
2023-05-25,18275.95,18275.95,18243.5,18244.35,09:40:00,18280.57271198964,3,6
2023-05-25,18293.1,18294.15,18275.9,18276.15,09:45:00,18281.76578703824,3,7
2023-05-25,18298.3,18303.55,18291.7,18293.1,09:50:00,18283.34047398698,3,8
2023-05-25,18277.05,18299.05,18271.95,18298.65,09:55:00,18282.74138122632,3,9
2023-05-25,18274.5,18278.4,18268.3,18277.5,10:00:00,18281.956487776195,3,10
2023-05-25,18260.0,18285.35,18254.45,18275.0,10:05:00,18279.865393702272,3,11
2023-05-25,18261.85,18264.5,18254.6,18259.55,10:10:00,18278.149641921103,3,12
2023-05-25,18256.35,18271.7,18251.15,18262.55,10:15:00,18276.073485547666,3,13
2023-05-25,18256.35,18266.35,18248.45,18256.75,10:20:00,18274.19505835265,3,14
2023-05-25,18252.85,18257.0,18247.95,18257.0,10:25:00,18272.1621956524,3,15
2023-05-25,18257.6,18257.6,18242.6,18251.1,10:30:00,18270.77531987598,3,16
2023-05-25,18260.5,18263.4,18253.45,18257.85,10:35:00,18269.796717983027,3,17
2023-05-25,18249.65,18260.35,18248.7,18260.35,10:40:00,18267.877982937025,3,18
2023-05-25,18260.75,18262.55,18245.85,18249.2,10:45:00,18267.19912741921,3,19
2023-05-25,18252.15,18261.7,18251.05,18260.85,10:50:00,18265.76587718881,3,20
2023-05-25,18257.6,18261.1,18247.85,18252.45,10:55:00,18264.9881745994,3,21
2023-05-25,18251.25,18258.8,18249.75,18258.6,11:00:00,18263.679777018504,3,22
2023-05-25,18249.75,18252.2,18247.6,18251.2,11:05:00,18262.35313158817,3,23
2023-05-25,18252.95,18256.0,18247.35,18249.45,11:10:00,18261.45759524644,3,24
2023-05-25,18229.25,18255.2,18228.25,18253.2,11:15:00,18258.390205222964,3,25
2023-05-25,18230.1,18235.55,18225.5,18229.45,11:20:00,18255.69589996364,3,26
2023-05-25,18219.35,18231.95,18217.85,18229.55,11:25:00,18252.234385681382,3,27
2023-05-25,18220.75,18223.35,18213.35,18218.55,11:30:00,18249.235872759346,3,28
2023-05-25,18228.05,18230.15,18220.1,18221.2,11:35:00,18247.21817059179,3,29
2023-05-25,18221.05,18229.35,18221.05,18227.75,11:40:00,18244.72596386876,3,30
2023-05-25,18232.9,18233.75,18218.7,18221.4,11:45:00,18243.599681595548,3,31
2023-05-25,18233.35,18235.8,18230.15,18233.0,11:50:00,18242.62352144359,3,32
2023-05-25,18236.95,18240.6,18233.55,18233.55,11:55:00,18242.08318606801,3,33
2023-05-25,18232.15,18238.55,18232.15,18237.35,12:00:00,18241.137168347246,3,34
2023-05-25,18243.7,18244.65,18228.15,18232.55,12:05:00,18241.38124755227,3,35
2023-05-25,18243.9,18247.9,18239.15,18243.5,12:10:00,18241.62112873777,3,36
2023-05-25,18251.05,18251.8,18242.25,18244.1,12:15:00,18242.51911647703,3,37
2023-05-25,18250.05,18253.55,18244.65,18250.95,12:20:00,18243.236343479217,3,38
2023-05-25,18247.1,18257.0,18246.6,18250.6,12:25:00,18243.60431076691,3,39
2023-05-25,18236.55,18248.7,18233.5,18247.2,12:30:00,18242.93247164625,3,40
2023-05-25,18236.85,18239.9,18233.85,18236.85,12:35:00,18242.35318863232,3,41
2023-05-25,18230.55,18237.9,18229.6,18234.5,12:40:00,18241.229075429244,3,42
2023-05-25,18235.6,18236.95,18230.6,18231.35,12:45:00,18240.69297300741,3,43
2023-05-25,18240.0,18245.75,18235.35,18236.15,12:50:00,18240.626975578136,3,44
2023-05-25,18231.25,18240.05,18226.8,18239.75,12:55:00,18239.73393028498,3,45
2023-05-25,18222.1,18232.25,18217.0,18230.85,13:00:00,18238.05450835308,3,46
2023-05-25,18226.45,18226.75,18214.0,18221.85,13:05:00,18236.949317081355,3,47
2023-05-25,18225.45,18227.7,18222.05,18226.95,13:10:00,18235.854144025987,3,48
2023-05-25,18216.75,18227.55,18213.4,18225.25,13:15:00,18234.0347017378,3,49
2023-05-25,18217.5,18217.9,18211.1,18216.6,13:20:00,18232.45996823896,3,50
2023-05-25,18221.4,18224.6,18217.3,18217.4,13:25:00,18231.40663793049,3,51
2023-05-25,18211.95,18224.1,18207.7,18221.7,13:30:00,18229.55362479425,3,52
2023-05-25,18211.0,18215.0,18209.8,18212.25,13:35:00,18227.786612909083,3,53
2023-05-25,18211.0,18212.4,18202.8,18211.35,13:40:00,18226.187887870125,3,54
2023-05-25,18215.55,18221.3,18210.0,18210.9,13:45:00,18225.174755692016,3,55
2023-05-25,18217.35,18222.2,18215.1,18215.45,13:50:00,18224.429540864207,3,56
2023-05-25,18214.0,18224.1,18213.75,18217.55,13:55:00,18223.43625125809,3,57
2023-05-25,18214.65,18223.2,18213.95,18214.15,14:00:00,18222.599465423988,3,58
2023-05-25,18229.8,18230.2,18214.1,18214.85,14:05:00,18223.285230621703,3,59
2023-05-25,18241.1,18242.05,18227.8,18231.1,14:10:00,18224.9818753244,3,60
2023-05-25,18237.45,18246.2,18236.05,18241.7,14:15:00,18226.169315769694,3,61
2023-05-25,18255.15,18262.1,18237.3,18238.3,14:20:00,18228.929380934485,3,62
2023-05-25,18248.2,18260.8,18247.2,18255.6,14:25:00,18230.764677988343,3,63
2023-05-25,18253.65,18258.05,18245.65,18248.7,14:30:00,18232.944232465645,3,64
2023-05-25,18246.4,18254.1,18245.3,18253.4,14:35:00,18234.225734135583,3,65
2023-05-25,18259.65,18262.1,18245.35,18246.15,14:40:00,18236.64709278934,3,66
2023-05-25,18266.5,18270.9,18249.8,18259.75,14:45:00,18239.490226809405,3,67
2023-05-25,18282.4,18284.55,18263.75,18266.0,14:50:00,18243.57687187517,3,68
2023-05-25,18296.6,18297.35,18283.8,18284.45,14:55:00,18248.62669360135,3,69
2023-05-25,18310.75,18315.85,18296.05,18297.55,15:00:00,18254.54319897265,3,70
2023-05-25,18319.65,18323.7,18302.0,18309.8,15:05:00,18260.74384668954,3,71
2023-05-25,18328.7,18337.0,18307.9,18318.95,15:10:00,18267.215861290537,3,72
2023-05-25,18332.55,18335.15,18326.25,18328.2,15:15:00,18273.43816021525,3,73
2023-05-25,18326.8,18332.5,18324.6,18331.8,15:20:00,18278.52024019475,3,74
2023-05-25,18335.9,18336.6,18325.65,18326.3,15:25:00,18283.98497922382,3,75
2023-05-26,18350.5,18372.0,18347.1,18368.35,09:15:00,18297.589291382763,4,1
2023-05-26,18336.6,18352.1,18333.25,18349.45,09:20:00,18301.30459696536,4,2
2023-05-26,18362.35,18362.45,18335.95,18336.25,09:25:00,18307.118444873417,4,3
2023-05-26,18360.55,18368.6,18357.1,18362.3,09:30:00,18312.20716440928,4,4
2023-05-26,18371.1,18371.3,18347.45,18360.95,09:35:00,18317.816005894107,4,5
2023-05-26,18381.05,18381.65,18363.7,18370.65,09:40:00,18323.838291047046,4,6
2023-05-26,18375.9,18382.75,18371.75,18380.8,09:45:00,18328.796549042563,4,7
2023-05-26,18373.9,18381.75,18369.5,18375.7,09:50:00,18333.092115800417,4,8
2023-05-26,18378.75,18382.4,18372.05,18373.9,09:55:00,18337.440485724183,4,9
2023-05-26,18385.05,18386.65,18378.4,18378.4,10:00:00,18341.974725179025,4,10
2023-05-26,18384.3,18387.45,18381.45,18384.75,10:05:00,18346.005703733405,4,11
2023-05-26,18378.4,18389.7,18376.6,18384.3,10:10:00,18349.09087480641,4,12
2023-05-26,18378.3,18381.6,18373.65,18377.75,10:15:00,18351.87269625342,4,13
2023-05-26,18387.55,18387.9,18376.9,18378.35,10:20:00,18355.27053470548,4,14
2023-05-26,18391.2,18395.35,18387.6,18387.65,10:25:00,18358.692388543048,4,15
2023-05-26,18393.35,18396.1,18388.5,18391.4,10:30:00,18361.99311344371,4,16
2023-05-26,18391.2,18400.35,18391.2,18393.4,10:35:00,18364.774721687165,4,17
2023-05-26,18391.1,18392.25,18385.8,18391.2,10:40:00,18367.28189105029,4,18
2023-05-26,18391.55,18392.95,18387.5,18390.55,10:45:00,18369.59313952169,4,19
2023-05-26,18388.8,18393.9,18387.5,18392.4,10:50:00,18371.422364329148,4,20
2023-05-26,18388.7,18390.3,18385.55,18388.75,10:55:00,18373.06785344065,4,21
2023-05-26,18392.0,18395.5,18388.3,18388.3,11:00:00,18374.87091501774,4,22
2023-05-26,18401.35,18402.75,18392.3,18392.3,11:05:00,18377.392732635097,4,23
2023-05-26,18413.85,18416.25,18401.55,18401.75,11:10:00,18380.86485333652,4,24
2023-05-26,18413.8,18417.8,18411.55,18413.6,11:15:00,18384.00153397113,4,25
2023-05-26,18415.7,18416.15,18409.35,18414.2,11:20:00,18387.020435497696,4,26
2023-05-26,18411.75,18417.55,18410.85,18416.1,11:25:00,18389.375632116964,4,27
2023-05-26,18417.1,18418.55,18410.95,18411.2,11:30:00,18392.016048105823,4,28
2023-05-26,18423.95,18425.35,18412.75,18417.55,11:35:00,18395.05737685765,4,29
2023-05-26,18430.2,18430.2,18422.65,18423.95,11:40:00,18398.4042933474,4,30
2023-05-26,18429.0,18434.0,18426.4,18430.05,11:45:00,18401.318170171457,4,31
2023-05-26,18423.85,18429.55,18421.65,18428.65,11:50:00,18403.46405872656,4,32
2023-05-26,18429.8,18431.3,18423.85,18424.15,11:55:00,18405.972243609744,4,33
2023-05-26,18435.2,18442.4,18429.95,18429.95,12:00:00,18408.75583945644,4,34
2023-05-26,18442.2,18443.25,18433.5,18434.95,12:05:00,18411.940997603444,4,35
2023-05-26,18433.55,18442.6,18432.8,18441.4,12:10:00,18413.998997831688,4,36
2023-05-26,18436.8,18440.3,18430.7,18432.05,12:15:00,18416.170521847715,4,37
2023-05-26,18432.4,18438.1,18429.55,18436.45,12:20:00,18417.71618643365,4,38
2023-05-26,18428.45,18432.0,18424.45,18431.15,12:25:00,18418.738454392347,4,39
2023-05-26,18425.15,18431.9,18422.1,18426.35,12:30:00,18419.34907778355,4,40
2023-05-26,18427.35,18430.75,18424.2,18424.9,12:35:00,18420.111070375595,4,41
2023-05-26,18434.6,18438.15,18427.3,18427.3,12:40:00,18421.490968435064,4,42
2023-05-26,18443.15,18444.3,18434.2,18434.2,12:45:00,18423.55373334601,4,43
2023-05-26,18437.75,18444.85,18435.4,18443.05,12:50:00,18424.905758741632,4,44
2023-05-26,18441.9,18442.85,18435.65,18437.25,12:55:00,18426.5242579091,4,45
2023-05-26,18446.3,18447.0,18440.0,18442.05,13:00:00,18428.40766191776,4,46
2023-05-26,18438.55,18449.75,18435.75,18446.25,13:05:00,18429.37359887797,4,47
2023-05-26,18434.55,18443.35,18433.55,18437.95,13:10:00,18429.86658946102,4,48
2023-05-26,18434.9,18436.05,18428.55,18434.3,13:15:00,18430.345961893305,4,49
2023-05-26,18435.05,18438.8,18431.6,18434.95,13:20:00,18430.79396552252,4,50
2023-05-26,18435.85,18439.6,18432.75,18434.9,13:25:00,18431.275492615605,4,51
2023-05-26,18439.3,18441.6,18433.9,18435.6,13:30:00,18432.03973141412,4,52
2023-05-26,18445.85,18447.1,18437.95,18439.3,13:35:00,18433.35499508896,4,53
2023-05-26,18451.75,18452.0,18445.35,18446.05,13:40:00,18435.106900318584,4,54
2023-05-26,18462.5,18464.15,18450.8,18451.75,13:45:00,18437.71576695491,4,55
2023-05-26,18471.2,18478.25,18462.75,18462.75,13:50:00,18440.90474153064,4,56
2023-05-26,18467.3,18472.05,18467.2,18471.05,13:55:00,18443.418575670574,4,57
2023-05-26,18472.9,18478.4,18466.35,18466.35,14:00:00,18446.22633036861,4,58
2023-05-26,18476.0,18476.95,18471.85,18473.45,14:05:00,18449.06191795256,4,59
2023-05-26,18486.15,18487.9,18474.8,18476.4,14:10:00,18452.594116242784,4,60
2023-05-26,18495.1,18497.85,18485.4,18486.1,14:15:00,18456.642295648235,4,61
2023-05-26,18496.7,18499.9,18486.8,18494.7,14:20:00,18460.457315110307,4,62
2023-05-26,18489.8,18501.15,18489.8,18496.65,14:25:00,18463.25185652837,4,63
2023-05-26,18496.85,18498.35,18490.3,18490.3,14:30:00,18466.45167971615,4,64
2023-05-26,18495.8,18499.8,18490.4,18496.7,14:35:00,18469.24675783842,4,65
2023-05-26,18483.25,18498.25,18483.05,18495.9,14:40:00,18470.580399949045,4,66
2023-05-26,18488.1,18489.2,18480.2,18483.1,14:45:00,18472.248933287232,4,67
2023-05-26,18485.2,18496.95,18482.4,18488.25,14:50:00,18473.48236821226,4,68
2023-05-26,18491.3,18494.3,18482.9,18484.2,14:55:00,18475.179285525377,4,69
2023-05-26,18503.75,18508.35,18484.5,18491.15,15:00:00,18477.90030595153,4,70
2023-05-26,18503.9,18507.05,18499.9,18504.05,15:05:00,18480.37646728948,4,71
2023-05-26,18505.0,18507.2,18499.6,18503.7,15:10:00,18482.72156564286,4,72
2023-05-26,18498.0,18505.7,18496.4,18505.1,15:15:00,18484.176654629257,4,73
2023-05-26,18495.7,18499.45,18491.85,18498.75,15:20:00,18485.274116093136,4,74
2023-05-26,18491.9,18503.1,18491.9,18496.0,15:25:00,18485.905152655698,4,75
2023-05-29,18622.6,18640.8,18596.75,18619.15,09:15:00,18510.40512496305,0,1
2023-05-29,18615.95,18635.25,18611.05,18622.45,09:20:00,18520.457017823715,0,2
2023-05-29,18629.0,18640.35,18614.9,18616.4,09:25:00,18530.794444697647,0,3
2023-05-29,18613.3,18632.8,18611.65,18629.15,09:30:00,18538.652116631205,0,4
2023-05-29,18610.05,18625.0,18608.75,18613.75,09:35:00,18545.451915047284,0,5
2023-05-29,18627.1,18627.8,18605.95,18608.95,09:40:00,18553.22792313802,0,6
2023-05-29,18613.3,18628.1,18612.6,18626.85,09:45:00,18558.94907331535,0,7
2023-05-29,18617.15,18620.7,18608.1,18613.25,09:50:00,18564.49201871389,0,8
2023-05-29,18603.0,18617.9,18597.5,18617.85,09:55:00,18568.159445503043,0,9
2023-05-29,18590.25,18605.25,18584.8,18602.7,10:00:00,18570.263307836085,0,10
2023-05-29,18593.15,18596.1,18585.45,18590.2,10:05:00,18572.44299280408,0,11
2023-05-29,18588.45,18595.25,18587.15,18593.95,10:10:00,18573.96746967988,0,12
2023-05-29,18598.15,18602.75,18585.05,18589.05,10:15:00,18576.270567805605,0,13
2023-05-29,18610.5,18611.85,18596.6,18598.9,10:20:00,18579.53051372888,0,14
2023-05-29,18607.65,18614.2,18604.2,18610.85,10:25:00,18582.208560040417,0,15
2023-05-29,18619.55,18620.8,18604.1,18606.75,10:30:00,18585.764887655616,0,16
2023-05-29,18623.1,18624.3,18612.7,18620.95,10:35:00,18589.3206126408,0,17
2023-05-29,18617.0,18626.5,18616.1,18623.75,10:40:00,18591.95674477024,0,18
2023-05-29,18623.4,18625.35,18618.75,18619.2,10:45:00,18594.95134050641,0,19
2023-05-29,18623.35,18627.2,18621.1,18623.05,10:50:00,18597.65597474389,0,20
2023-05-29,18619.7,18627.95,18614.2,18623.6,10:55:00,18599.755405720665,0,21
2023-05-29,18621.3,18624.35,18614.25,18619.8,11:00:00,18601.807271842503,0,22
2023-05-29,18627.8,18633.3,18619.35,18621.2,11:05:00,18604.282769762267,0,23
2023-05-29,18632.8,18633.65,18626.0,18627.9,11:10:00,18606.998696451574,0,24
2023-05-29,18631.1,18638.45,18629.75,18632.45,11:15:00,18609.29405869428,0,25
2023-05-29,18631.55,18633.5,18625.85,18632.05,11:20:00,18611.413672151968,0,26
2023-05-29,18631.95,18632.6,18621.65,18632.5,11:25:00,18613.3695128994,0,27
2023-05-29,18628.45,18637.7,18627.45,18632.65,11:30:00,18614.805749766125,0,28
2023-05-29,18618.3,18629.85,18617.5,18629.05,11:35:00,18615.138535502687,0,29
2023-05-29,18620.2,18626.0,18616.75,18618.9,11:40:00,18615.620579740524,0,30
2023-05-29,18618.05,18624.15,18614.6,18621.45,11:45:00,18615.85195309857,0,31
2023-05-29,18619.0,18624.95,18615.25,18619.2,11:50:00,18616.151767089184,0,32
2023-05-29,18625.55,18628.8,18619.1,18620.4,11:55:00,18617.04683689021,0,33
2023-05-29,18620.0,18626.4,18614.95,18625.9,12:00:00,18617.32809051972,0,34
2023-05-29,18615.0,18626.2,18615.0,18620.0,12:05:00,18617.10636761308,0,35
2023-05-29,18617.6,18621.2,18613.9,18616.0,12:10:00,18617.15338022136,0,36
2023-05-29,18618.45,18622.45,18617.1,18618.9,12:15:00,18617.27686781932,0,37
2023-05-29,18609.45,18619.6,18609.05,18619.2,12:20:00,18616.531451836527,0,38
2023-05-29,18611.8,18619.6,18608.45,18609.55,12:25:00,18616.080837375903,0,39
2023-05-29,18605.6,18614.25,18601.7,18611.85,12:30:00,18615.08266238772,0,40
2023-05-29,18603.05,18607.8,18598.7,18605.4,12:35:00,18613.93669454128,0,41
2023-05-29,18608.9,18612.0,18602.6,18602.9,12:40:00,18613.457009346865,0,42
2023-05-29,18598.4,18609.05,18598.35,18608.8,12:45:00,18612.023008456687,0,43
2023-05-29,18593.45,18601.4,18591.9,18598.65,12:50:00,18610.25415050843,0,44
2023-05-29,18594.4,18596.5,18587.4,18594.0,12:55:00,18608.74423141239,0,45
2023-05-29,18598.05,18599.65,18593.65,18594.8,13:00:00,18607.72573318264,0,46
2023-05-29,18597.9,18601.1,18593.55,18598.85,13:05:00,18606.789949070007,0,47
2023-05-29,18595.8,18600.55,18595.0,18598.1,13:10:00,18605.743287253816,0,48
2023-05-29,18602.2,18606.35,18595.3,18595.7,13:15:00,18605.40583132488,0,49
2023-05-29,18601.95,18604.45,18599.35,18601.85,13:20:00,18605.076704532035,0,50
2023-05-29,18604.0,18612.7,18600.9,18602.1,13:25:00,18604.97416124327,0,51
2023-05-29,18607.45,18610.45,18602.8,18604.75,13:30:00,18605.20995541058,0,52
2023-05-29,18611.65,18614.65,18606.95,18607.65,13:35:00,18605.823292990524,0,53
2023-05-29,18609.25,18613.25,18607.0,18611.75,13:40:00,18606.149646039044,0,54
2023-05-29,18610.85,18613.3,18607.05,18608.4,13:45:00,18606.59729879723,0,55
2023-05-29,18614.8,18618.5,18608.65,18610.9,13:50:00,18607.378508435588,0,56
2023-05-29,18615.45,18616.4,18611.8,18615.0,13:55:00,18608.14722191792,0,57
2023-05-29,18617.2,18621.85,18615.0,18615.0,14:00:00,18609.009391259067,0,58
2023-05-29,18620.4,18623.3,18617.1,18617.1,14:05:00,18610.09421113916,0,59
2023-05-29,18622.8,18625.65,18616.75,18620.4,14:10:00,18611.30428626876,0,60
2023-05-29,18618.8,18623.9,18617.95,18622.65,14:15:00,18612.01816376697,0,61
2023-05-29,18604.1,18620.5,18604.1,18618.9,14:20:00,18611.264052932023,0,62
2023-05-29,18591.9,18603.0,18583.35,18603.0,14:25:00,18609.41985741469,0,63
2023-05-29,18600.4,18600.65,18581.75,18592.1,14:30:00,18608.560823375195,0,64
2023-05-29,18596.15,18606.1,18595.55,18601.05,14:35:00,18607.378840196605,0,65
2023-05-29,18588.45,18601.1,18588.4,18597.35,14:40:00,18605.57609351121,0,66
2023-05-29,18594.9,18595.75,18585.6,18588.55,14:45:00,18604.55932270062,0,67
2023-05-29,18592.85,18596.2,18587.5,18594.45,14:50:00,18603.444149110084,0,68
2023-05-29,18602.6,18605.5,18588.75,18593.05,14:55:00,18603.363753956743,0,69
2023-05-29,18610.7,18611.7,18596.05,18602.25,15:00:00,18604.0624440561,0,70
2023-05-29,18609.65,18612.8,18605.8,18611.05,15:05:00,18604.594592241232,0,71
2023-05-29,18599.35,18609.45,18596.8,18608.25,15:10:00,18604.095107265875,0,72
2023-05-29,18593.6,18600.5,18591.4,18599.5,15:15:00,18603.09557324056,0,73
2023-05-29,18595.55,18596.8,18583.2,18593.1,15:20:00,18602.376947217643,0,74
2023-05-29,18601.1,18601.1,18586.3,18594.8,15:25:00,18602.25533319692,0,75
2023-05-30,18616.5,18617.2,18577.55,18606.65,09:15:00,18603.99064690269,1,1
2023-05-30,18638.9,18639.2,18613.0,18617.35,09:20:00,18607.31534719768,1,2
2023-05-30,18641.4,18649.0,18632.8,18639.65,09:25:00,18610.561504607416,1,3
2023-05-30,18633.95,18643.6,18629.6,18642.35,09:30:00,18612.78898035909,1,4
2023-05-30,18623.9,18635.7,18619.55,18634.05,09:35:00,18613.84717270585,1,5
2023-05-30,18638.9,18641.95,18622.75,18623.95,09:40:00,18616.23315625768,1,6
2023-05-30,18634.8,18642.4,18633.9,18639.55,09:45:00,18618.00142709028,1,7
2023-05-30,18641.0,18646.25,18634.4,18634.65,09:50:00,18620.191767367392,1,8
2023-05-30,18634.15,18642.5,18628.2,18640.1,09:55:00,18621.52112285621,1,9
2023-05-30,18637.3,18638.05,18632.3,18633.75,10:00:00,18623.023873060385,1,10
2023-05-30,18643.85,18644.2,18635.8,18636.95,10:05:00,18625.0073137213,1,11
2023-05-30,18652.2,18653.75,18643.0,18644.45,10:10:00,18627.59709336689,1,12
2023-05-30,18652.2,18660.1,18650.6,18653.15,10:15:00,18629.94022733196,1,13
2023-05-30,18650.35,18661.8,18649.9,18652.6,10:20:00,18631.8840152051,1,14
2023-05-30,18637.55,18650.7,18637.55,18650.7,10:25:00,18632.423632804617,1,15
2023-05-30,18633.15,18637.85,18625.75,18637.85,10:30:00,18632.492810632742,1,16
2023-05-30,18627.85,18633.9,18627.25,18632.9,10:35:00,18632.050638191533,1,17
2023-05-30,18628.35,18632.25,18624.0,18628.05,10:40:00,18631.698196459005,1,18
2023-05-30,18616.95,18631.75,18611.3,18628.3,10:45:00,18630.29360632005,1,19
2023-05-30,18607.2,18616.5,18606.3,18616.45,10:50:00,18628.09421524195,1,20
2023-05-30,18595.25,18606.75,18593.85,18606.75,10:55:00,18624.96619474272,1,21
2023-05-30,18610.8,18611.55,18591.25,18595.25,11:00:00,18623.617033338647,1,22
2023-05-30,18616.4,18620.8,18608.8,18611.95,11:05:00,18622.929696830204,1,23
2023-05-30,18606.9,18618.15,18606.45,18616.25,11:10:00,18621.40305903685,1,24
2023-05-30,18602.45,18614.6,18600.75,18606.2,11:15:00,18619.598005795247,1,25
2023-05-30,18605.6,18607.75,18599.8,18601.9,11:20:00,18618.26486238618,1,26
2023-05-30,18611.8,18611.8,18602.25,18605.75,11:25:00,18617.649161206544,1,27
2023-05-30,18619.55,18623.05,18611.55,18611.55,11:30:00,18617.830193472582,1,28
2023-05-30,18614.7,18625.1,18614.4,18620.0,11:35:00,18617.53207980853,1,29
2023-05-30,18610.95,18615.9,18604.7,18614.25,11:40:00,18616.90521506486,1,30
2023-05-30,18615.8,18619.5,18609.85,18610.35,11:45:00,18616.79995648725,1,31
2023-05-30,18609.5,18618.95,18608.2,18615.35,11:50:00,18616.104722536085,1,32
2023-05-30,18600.05,18610.45,18600.05,18609.5,11:55:00,18614.57570134217,1,33
2023-05-30,18609.7,18610.25,18598.35,18600.3,12:00:00,18614.1113488334,1,34
2023-05-30,18614.1,18615.15,18607.65,18609.75,12:05:00,18614.11026799212,1,35
2023-05-30,18620.8,18622.15,18613.05,18613.55,12:10:00,18614.7473853262,1,36
2023-05-30,18626.95,18626.95,18616.75,18620.25,12:15:00,18615.909539104658,1,37
2023-05-30,18611.1,18626.8,18609.35,18626.15,12:20:00,18615.45148776136,1,38
2023-05-30,18609.0,18612.2,18603.35,18611.05,12:25:00,18614.83706035552,1,39
2023-05-30,18606.95,18610.3,18597.8,18608.75,12:30:00,18614.085911750222,1,40
2023-05-30,18601.2,18608.05,18599.15,18607.3,12:35:00,18612.858682059727,1,41
2023-05-30,18590.2,18603.3,18589.95,18601.55,12:40:00,18610.700712339752,1,42
2023-05-30,18595.8,18598.65,18587.65,18589.75,12:45:00,18609.281596878824,1,43
2023-05-30,18603.8,18604.35,18592.2,18596.2,12:50:00,18608.75954003322,1,44
2023-05-30,18610.3,18612.25,18602.2,18603.75,12:55:00,18608.90625050625,1,45
2023-05-30,18614.05,18615.05,18609.0,18610.2,13:00:00,18609.396131410416,1,46
2023-05-30,18616.5,18617.95,18613.25,18614.0,13:05:00,18610.072690323712,1,47
2023-05-30,18611.9,18616.55,18610.0,18615.85,13:10:00,18610.24671981669,1,48
2023-05-30,18614.2,18615.4,18610.45,18611.75,13:15:00,18610.62322269129,1,49
2023-05-30,18611.25,18615.55,18606.35,18613.35,13:20:00,18610.68291576832,1,50
2023-05-30,18614.5,18619.05,18610.65,18610.9,13:25:00,18611.046447599903,1,51
2023-05-30,18613.75,18616.1,18611.5,18614.5,13:30:00,18611.303928780864,1,52
2023-05-30,18620.5,18621.95,18612.9,18613.3,13:35:00,18612.17974508745,1,53
2023-05-30,18618.55,18622.8,18616.0,18621.3,13:40:00,18612.786436031503,1,54
2023-05-30,18615.85,18619.8,18611.2,18618.25,13:45:00,18613.078204028505,1,55
2023-05-30,18619.05,18622.65,18612.7,18615.6,13:50:00,18613.64694650198,1,56
2023-05-30,18612.8,18619.45,18611.2,18619.1,13:55:00,18613.566284930366,1,57
2023-05-30,18618.2,18623.65,18608.3,18612.35,14:00:00,18614.00759112748,1,58
2023-05-30,18625.05,18625.15,18617.25,18618.0,14:05:00,18615.059249115337,1,59
2023-05-30,18627.4,18628.55,18623.05,18624.95,14:10:00,18616.2345587234,1,60
2023-05-30,18628.9,18630.15,18625.3,18627.95,14:15:00,18617.44079122593,1,61
2023-05-30,18633.4,18634.9,18626.65,18629.3,14:20:00,18618.96071587108,1,62
2023-05-30,18624.35,18634.45,18623.35,18632.9,14:25:00,18619.47398102621,1,63
2023-05-30,18642.0,18642.3,18621.8,18624.2,14:30:00,18621.61931616658,1,64
2023-05-30,18639.25,18644.85,18634.6,18641.55,14:35:00,18623.29842891262,1,65
2023-05-30,18643.35,18646.7,18636.55,18638.95,14:40:00,18625.20810234952,1,66
2023-05-30,18633.95,18643.05,18633.1,18642.9,14:45:00,18626.040664030515,1,67
2023-05-30,18633.2,18643.85,18630.8,18633.5,14:50:00,18626.722505551417,1,68
2023-05-30,18634.05,18636.9,18631.0,18633.1,14:55:00,18627.42036216557,1,69
2023-05-30,18629.75,18636.5,18621.8,18634.0,15:00:00,18627.642232435515,1,70
2023-05-30,18639.5,18639.5,18616.75,18628.3,15:05:00,18628.77154363213,1,71
2023-05-30,18633.5,18643.5,18632.8,18639.35,15:10:00,18629.221872810023,1,72
2023-05-30,18631.6,18637.05,18631.6,18634.0,15:15:00,18629.44836111383,1,73
2023-05-30,18643.8,18645.3,18630.75,18631.3,15:20:00,18630.81518386489,1,74
2023-05-30,18639.95,18647.35,18638.3,18643.45,15:25:00,18631.68516635395,1,75
2023-05-31,18571.7,18602.4,18571.45,18594.2,09:15:00,18622.742279033508,2,1
2023-05-31,18567.8,18571.0,18554.7,18571.0,09:20:00,18617.509681030315,2,2
2023-05-31,18560.3,18569.65,18552.55,18567.45,09:25:00,18612.06113997981,2,3
2023-05-31,18567.4,18567.4,18551.8,18560.2,09:30:00,18607.80769807697,2,4
2023-05-31,18557.2,18567.7,18549.65,18566.8,09:35:00,18602.98791730773,2,5
2023-05-31,18561.65,18567.45,18555.05,18556.9,09:40:00,18599.05097280224,2,6
2023-05-31,18562.55,18562.9,18550.15,18562.0,09:45:00,18595.57468967821,2,7
2023-05-31,18553.55,18565.85,18552.2,18563.3,09:50:00,18591.572338280286,2,8
2023-05-31,18557.8,18558.3,18543.7,18553.6,09:55:00,18588.355925110736,2,9
2023-05-31,18565.95,18568.95,18557.75,18558.3,10:00:00,18586.222027481144,2,10
2023-05-31,18563.75,18566.65,18561.6,18565.8,10:05:00,18584.081834387704,2,11
2023-05-31,18569.15,18576.1,18562.5,18563.75,10:10:00,18582.65975492221,2,12
2023-05-31,18560.1,18569.7,18559.6,18568.2,10:15:00,18580.511206834377,2,13
2023-05-31,18544.75,18561.55,18544.15,18560.0,10:20:00,18577.105377612057,2,14
2023-05-31,18544.6,18547.75,18538.95,18544.5,10:25:00,18574.00962736329,2,15
2023-05-31,18536.55,18548.95,18535.7,18544.3,10:30:00,18570.442043804884,2,16
2023-05-31,18534.25,18543.55,18532.8,18536.45,10:35:00,18566.995182490133,2,17
2023-05-31,18541.35,18543.5,18534.15,18534.85,10:40:00,18564.55278415774,2,18
2023-05-31,18541.65,18543.1,18538.3,18541.3,10:45:00,18562.37156661891,2,19
2023-05-31,18545.85,18548.45,18541.3,18541.75,10:50:00,18560.798084083774,2,20
2023-05-31,18547.65,18548.9,18538.65,18546.4,10:55:00,18559.545885599604,2,21
2023-05-31,18547.75,18551.55,18544.9,18548.2,11:00:00,18558.42246792345,2,22
2023-05-31,18552.5,18552.5,18547.05,18547.7,11:05:00,18557.85842335932,2,23
2023-05-31,18550.45,18555.55,18549.8,18552.75,11:10:00,18557.152859229856,2,24
2023-05-31,18555.55,18555.65,18548.05,18550.65,11:15:00,18557.00020596987,2,25
2023-05-31,18550.85,18558.8,18550.4,18555.45,11:20:00,18556.41447206798,2,26
2023-05-31,18542.7,18552.2,18541.05,18550.65,11:25:00,18555.10833187103,2,27
2023-05-31,18526.4,18542.55,18526.4,18542.2,11:30:00,18552.37420502617,2,28
2023-05-31,18520.2,18528.4,18517.3,18526.35,11:35:00,18549.30999502368,2,29
2023-05-31,18520.95,18523.0,18518.7,18520.1,11:40:00,18546.609043116663,2,30
2023-05-31,18510.05,18520.75,18507.25,18520.6,11:45:00,18543.127229486505,2,31
2023-05-31,18493.15,18510.85,18490.35,18509.75,11:50:00,18538.367493344933,2,32
2023-05-31,18505.6,18505.6,18492.15,18493.4,11:55:00,18535.24677969304,2,33
2023-05-31,18500.95,18507.45,18499.25,18504.95,12:00:00,18531.98041972227,2,34
2023-05-31,18498.0,18503.0,18495.45,18500.45,12:05:00,18528.74418927253,2,35
2023-05-31,18498.7,18501.5,18496.3,18497.95,12:10:00,18525.88283791324,2,36
2023-05-31,18509.4,18509.65,18492.0,18498.65,12:15:00,18524.313043826263,2,37
2023-05-31,18502.4,18509.85,18501.65,18509.45,12:20:00,18522.22608727138,2,38
2023-05-31,18498.1,18503.15,18497.2,18502.65,12:25:00,18519.928364674102,2,39
2023-05-31,18489.25,18501.5,18483.85,18497.75,12:30:00,18517.006615657527,2,40
2023-05-31,18500.7,18503.05,18488.65,18489.0,12:35:00,18515.453604642524,2,41
2023-05-31,18511.15,18511.15,18499.25,18500.6,12:40:00,18515.04373753372,2,42
2023-05-31,18507.95,18515.9,18506.0,18510.85,12:45:00,18514.368143482883,2,43
2023-05-31,18495.2,18508.15,18491.0,18507.6,12:50:00,18512.542606008323,2,44
2023-05-31,18507.3,18507.4,18489.0,18495.3,12:55:00,18512.043310198005,2,45
2023-05-31,18491.9,18508.05,18490.55,18507.25,13:00:00,18510.12489970296,2,46
2023-05-31,18496.9,18497.25,18488.45,18492.0,13:05:00,18508.865385445533,2,47
2023-05-31,18495.5,18503.0,18494.5,18495.55,13:10:00,18507.59249159358,2,48
2023-05-31,18493.45,18498.1,18490.05,18494.8,13:15:00,18506.24558763229,2,49
2023-05-31,18500.15,18500.2,18493.0,18493.1,13:20:00,18505.66505547683,2,50
2023-05-31,18506.95,18506.95,18498.45,18500.0,13:25:00,18505.787431145705,2,51
2023-05-31,18507.7,18508.2,18498.75,18507.05,13:30:00,18505.9695805604,2,52
2023-05-31,18512.45,18519.95,18507.55,18507.75,13:35:00,18506.58676336417,2,53
2023-05-31,18515.1,18518.55,18507.85,18512.3,13:40:00,18507.39754780568,2,54
2023-05-31,18513.0,18522.8,18511.9,18514.75,13:45:00,18507.93111468133,2,55
2023-05-31,18513.55,18513.9,18507.6,18512.25,13:50:00,18508.466246616445,2,56
2023-05-31,18520.4,18521.4,18512.9,18513.3,13:55:00,18509.602794557733,2,57
2023-05-31,18514.15,18526.05,18512.7,18520.75,14:00:00,18510.035861742712,2,58
2023-05-31,18505.85,18515.9,18505.2,18513.65,14:05:00,18509.637208243406,2,59
2023-05-31,18509.95,18516.1,18500.5,18505.25,14:10:00,18509.66699793451,2,60
2023-05-31,18519.3,18519.3,18506.8,18509.65,14:15:00,18510.58442670265,2,61
2023-05-31,18526.7,18527.7,18517.5,18519.2,14:20:00,18512.11924320716,2,62
2023-05-31,18530.8,18533.05,18522.9,18526.7,14:25:00,18513.89836290172,2,63
2023-05-31,18534.4,18538.4,18530.35,18530.35,14:30:00,18515.850899768226,2,64
2023-05-31,18540.3,18540.6,18529.9,18534.2,14:35:00,18518.179385504583,2,65
2023-05-31,18537.5,18542.35,18536.1,18539.5,14:40:00,18520.01944402796,2,66
2023-05-31,18545.55,18547.05,18537.15,18537.25,14:45:00,18522.450925549103,2,67
2023-05-31,18539.05,18545.25,18537.55,18545.25,14:50:00,18524.03178978252,2,68
2023-05-31,18543.75,18544.15,18530.7,18539.1,14:55:00,18525.909714565136,2,69
2023-05-31,18517.35,18556.95,18517.1,18543.35,15:00:00,18525.09450365417,2,70
2023-05-31,18525.45,18528.45,18508.0,18517.7,15:05:00,18525.12836044901,2,71
2023-05-31,18525.9,18539.9,18525.05,18525.05,15:10:00,18525.20184993005,2,72
2023-05-31,18562.85,18564.1,18525.05,18525.05,15:15:00,18528.78738803196,2,73
2023-05-31,18545.0,18566.7,18537.4,18562.35,15:20:00,18530.331446314623,2,74
2023-05-31,18521.3,18546.6,18509.55,18545.65,15:25:00,18529.471308570373,2,75
2023-06-01,18559.95,18579.4,18528.8,18579.4,09:15:00,18536.676286607493,3,1
2023-06-01,18538.7,18563.35,18534.6,18560.0,09:20:00,18536.869021216306,3,2
2023-06-01,18518.95,18538.95,18518.3,18538.95,09:25:00,18535.16244776713,3,3
2023-06-01,18556.8,18560.3,18514.75,18518.75,09:30:00,18537.223167027405,3,4
2023-06-01,18556.7,18562.45,18552.9,18557.55,09:35:00,18539.078103500982,3,5
2023-06-01,18565.6,18569.4,18547.5,18556.45,09:40:00,18541.60399840565,3,6
2023-06-01,18571.2,18572.55,18558.85,18566.0,09:45:00,18544.422665224167,3,7
2023-06-01,18576.7,18577.55,18565.6,18571.2,09:50:00,18547.49669710758,3,8
2023-06-01,18571.4,18579.1,18571.15,18576.55,09:55:00,18549.77320214496,3,9
2023-06-01,18575.75,18575.75,18565.3,18572.0,10:00:00,18552.24718289305,3,10
2023-06-01,18567.85,18578.1,18560.35,18575.8,10:05:00,18553.733165474667,3,11
2023-06-01,18559.3,18567.5,18559.1,18567.5,10:10:00,18554.263340191366,3,12
2023-06-01,18554.6,18559.65,18552.5,18558.0,10:15:00,18554.295403030283,3,13
2023-06-01,18556.0,18563.2,18549.9,18555.0,10:20:00,18554.45774559883,3,14
2023-06-01,18562.45,18568.0,18554.25,18556.1,10:25:00,18555.218912684653,3,15
2023-06-01,18566.9,18568.0,18556.7,18563.0,10:30:00,18556.33139719088,3,16
2023-06-01,18571.2,18573.05,18565.2,18566.9,10:35:00,18557.74745460127,3,17
2023-06-01,18567.6,18576.6,18567.1,18570.9,10:40:00,18558.685792258293,3,18
2023-06-01,18562.9,18569.15,18560.15,18568.4,10:45:00,18559.08714537656,3,19
2023-06-01,18573.2,18573.85,18561.05,18563.7,10:50:00,18560.431226769266,3,20
2023-06-01,18567.4,18573.2,18559.7,18573.2,10:55:00,18561.094919457908,3,21
2023-06-01,18563.1,18569.9,18560.65,18568.15,11:00:00,18561.28587950953,3,22
2023-06-01,18563.3,18564.95,18557.65,18561.6,11:05:00,18561.47770050864,3,23
2023-06-01,18569.0,18571.35,18562.05,18562.8,11:10:00,18562.194109984,3,24
2023-06-01,18575.75,18580.05,18565.2,18568.85,11:15:00,18563.48514712838,3,25
2023-06-01,18573.15,18576.3,18570.7,18575.45,11:20:00,18564.405609306632,3,26
2023-06-01,18556.95,18575.2,18556.7,18572.45,11:25:00,18563.69555127743,3,27
2023-06-01,18565.35,18566.05,18554.55,18556.65,11:30:00,18563.85311782244,3,28
2023-06-01,18564.25,18567.0,18561.65,18564.65,11:35:00,18563.89091612506,3,29
2023-06-01,18559.25,18566.4,18557.15,18564.4,11:40:00,18563.44892411315,3,30
2023-06-01,18569.1,18569.65,18556.0,18559.65,11:45:00,18563.98712181666,3,31
2023-06-01,18566.85,18572.8,18557.75,18569.65,11:50:00,18564.25977688174,3,32
2023-06-01,18556.7,18567.35,18556.7,18567.15,11:55:00,18563.539798131096,3,33
2023-06-01,18540.65,18561.25,18530.7,18558.0,12:00:00,18561.359817356704,3,34
2023-06-01,18536.9,18549.1,18535.8,18541.85,12:05:00,18559.03031094178,3,35
2023-06-01,18537.3,18538.55,18533.6,18537.1,12:10:00,18556.960757518755,3,36
2023-06-01,18544.55,18545.05,18531.25,18537.25,12:15:00,18555.778780612207,3,37
2023-06-01,18554.3,18554.5,18544.15,18544.8,12:20:00,18555.637944363425,3,38
2023-06-01,18553.45,18559.6,18551.85,18554.45,12:25:00,18555.42956870977,3,39
2023-06-01,18554.65,18555.05,18547.4,18553.5,12:30:00,18555.35532407074,3,40
2023-06-01,18555.1,18561.25,18554.5,18554.5,12:35:00,18555.331007492576,3,41
2023-06-01,18552.05,18556.05,18548.35,18556.05,12:40:00,18555.01853058852,3,42
2023-06-01,18546.1,18554.3,18544.05,18552.75,12:45:00,18554.169146722947,3,43
2023-06-01,18549.45,18550.95,18542.8,18546.05,12:50:00,18553.719704177904,3,44
2023-06-01,18548.4,18551.8,18546.9,18549.5,12:55:00,18553.21306568477,3,45
2023-06-01,18544.55,18550.65,18543.5,18548.3,13:00:00,18552.38801181003,3,46
2023-06-01,18544.5,18549.45,18543.9,18545.5,13:05:00,18551.63677259003,3,47
2023-06-01,18550.8,18551.0,18543.9,18544.25,13:10:00,18551.557079962407,3,48
2023-06-01,18552.4,18559.0,18549.6,18551.25,13:15:00,18551.637358061227,3,49
2023-06-01,18562.4,18565.3,18552.6,18553.75,13:20:00,18552.662371579205,3,50
2023-06-01,18559.75,18563.5,18558.7,18563.1,13:25:00,18553.33738380976,3,51
2023-06-01,18554.8,18561.0,18552.85,18560.25,13:30:00,18553.47668058977,3,52
2023-06-01,18549.6,18557.75,18546.7,18554.6,13:35:00,18553.107472914555,3,53
2023-06-01,18550.15,18555.6,18549.05,18549.8,13:40:00,18552.825808827456,3,54
2023-06-01,18539.05,18550.75,18537.95,18550.2,13:45:00,18551.513827034363,3,55
2023-06-01,18523.6,18543.0,18523.6,18539.4,13:50:00,18548.855367316806,3,56
2023-06-01,18528.2,18535.6,18519.95,18524.75,13:55:00,18546.888189477108,3,57
2023-06-01,18538.1,18538.1,18527.2,18527.9,14:00:00,18546.051219050714,3,58
2023-06-01,18540.45,18542.25,18536.3,18538.3,14:05:00,18545.517769617312,3,59
2023-06-01,18524.0,18543.0,18520.2,18541.0,14:10:00,18543.468458225187,3,60
2023-06-01,18527.25,18530.05,18522.25,18524.2,14:15:00,18541.92384315612,3,61
2023-06-01,18513.85,18527.45,18513.15,18527.45,14:20:00,18539.25014380792,3,62
2023-06-01,18529.65,18530.55,18509.9,18514.3,14:25:00,18538.335844397643,3,63
2023-06-01,18516.85,18531.4,18514.05,18529.95,14:30:00,18536.28957350263,3,64
2023-06-01,18516.55,18517.55,18509.75,18516.95,14:35:00,18534.409614121425,3,65
2023-06-01,18512.4,18520.2,18511.1,18516.6,14:40:00,18532.313460395573,3,66
2023-06-01,18506.75,18522.75,18504.95,18512.35,14:45:00,18529.878845119805,3,67
2023-06-01,18516.75,18518.55,18506.15,18507.25,14:50:00,18528.62847891792,3,68
2023-06-01,18523.7,18530.15,18514.6,18517.05,14:55:00,18528.15909997336,3,69
2023-06-01,18505.15,18524.9,18505.15,18523.1,15:00:00,18525.96775711876,3,70
2023-06-01,18493.7,18509.25,18492.55,18505.45,15:05:00,18522.89463739316,3,71
2023-06-01,18491.35,18503.15,18491.3,18493.1,15:10:00,18519.890386212857,3,72
2023-06-01,18468.4,18490.75,18467.9,18490.75,15:15:00,18514.98653990688,3,73
2023-06-01,18485.55,18487.4,18465.2,18468.85,15:20:00,18512.183059915744,3,74
2023-06-01,18486.1,18489.2,18479.9,18485.6,15:25:00,18509.698958971385,3,75
2023-06-02,18568.45,18571.35,18541.45,18550.85,09:15:00,18518.84019090401,4,1
2023-06-02,18559.25,18573.25,18556.9,18568.3,09:20:00,18522.68874415125,4,2
2023-06-02,18551.85,18563.15,18548.15,18560.0,09:25:00,18525.466006613035,4,3
2023-06-02,18561.2,18567.05,18551.65,18551.65,09:30:00,18528.86924407846,4,4
2023-06-02,18547.65,18562.95,18546.35,18561.05,09:35:00,18530.65788749956,4,5
2023-06-02,18551.55,18557.25,18544.1,18546.8,09:40:00,18532.6476124996,4,6
2023-06-02,18534.8,18556.1,18533.3,18552.6,09:45:00,18532.852601785355,4,7
2023-06-02,18520.8,18537.45,18519.1,18534.25,09:50:00,18531.704734948653,4,8
2023-06-02,18503.75,18527.9,18503.75,18521.4,09:55:00,18529.042379239258,4,9
2023-06-02,18498.55,18505.05,18494.3,18504.35,10:00:00,18526.138343121234,4,10
2023-06-02,18502.35,18502.9,18485.85,18498.85,10:05:00,18523.872786633496,4,11
2023-06-02,18492.3,18502.25,18486.8,18501.75,10:10:00,18520.865854573163,4,12
2023-06-02,18491.4,18493.45,18482.4,18492.4,10:15:00,18518.05958270905,4,13
2023-06-02,18479.75,18491.5,18479.65,18491.2,10:20:00,18514.411051022475,4,14
2023-06-02,18487.15,18488.35,18478.5,18479.95,10:25:00,18511.814760448902,4,15
2023-06-02,18495.4,18496.0,18484.25,18486.85,10:30:00,18510.25144992996,4,16
2023-06-02,18504.3,18506.7,18495.1,18495.1,10:35:00,18509.68464517473,4,17
2023-06-02,18505.2,18508.55,18501.0,18504.15,10:40:00,18509.25753611047,4,18
2023-06-02,18510.9,18513.05,18502.75,18505.35,10:45:00,18509.413961242804,4,19
2023-06-02,18513.65,18517.0,18508.75,18510.65,10:50:00,18509.8173935054,4,20
2023-06-02,18507.8,18519.7,18506.3,18514.0,10:55:00,18509.6252607906,4,21
2023-06-02,18500.8,18514.0,18500.1,18507.35,11:00:00,18508.78475976292,4,22
2023-06-02,18505.2,18507.5,18500.25,18501.4,11:05:00,18508.443354071216,4,23
2023-06-02,18515.25,18515.8,18505.2,18505.8,11:10:00,18509.09160606444,4,24
2023-06-02,18507.05,18516.5,18503.75,18515.15,11:15:00,18508.89716739163,4,25
2023-06-02,18513.55,18515.0,18504.1,18506.3,11:20:00,18509.34029430672,4,26
2023-06-02,18511.3,18514.4,18508.65,18513.85,11:25:00,18509.526932944173,4,27
2023-06-02,18525.05,18525.7,18509.45,18511.95,11:30:00,18511.005320282824,4,28
2023-06-02,18522.95,18530.0,18521.75,18525.15,11:35:00,18512.142908827314,4,29
2023-06-02,18521.75,18524.5,18518.55,18523.55,11:40:00,18513.05786989138,4,30
2023-06-02,18520.65,18523.8,18516.9,18521.8,11:45:00,18513.780929901724,4,31
2023-06-02,18526.7,18528.0,18520.25,18520.25,11:50:00,18515.01131753013,4,32
2023-06-02,18533.0,18535.25,18525.2,18526.75,11:55:00,18516.724525384405,4,33
2023-06-02,18534.1,18537.75,18530.1,18533.1,12:00:00,18518.37933249065,4,34
2023-06-02,18533.35,18535.2,18528.3,18533.15,12:05:00,18519.805110348687,4,35
2023-06-02,18528.15,18534.7,18527.5,18533.7,12:10:00,18520.59986174405,4,36
2023-06-02,18527.1,18531.85,18521.15,18527.55,12:15:00,18521.21892253033,4,37
2023-06-02,18519.25,18528.1,18519.25,18526.8,12:20:00,18521.03140609887,4,38
2023-06-02,18521.4,18523.4,18515.2,18519.55,12:25:00,18521.06651027993,4,39
2023-06-02,18531.5,18531.5,18520.3,18521.45,12:30:00,18522.06017596756,4,40
2023-06-02,18534.75,18537.35,18530.25,18531.6,12:35:00,18523.268730637315,4,41
2023-06-02,18528.8,18537.15,18527.45,18534.8,12:40:00,18523.795518195668,4,42
2023-06-02,18533.2,18535.45,18527.0,18528.45,12:45:00,18524.691183129413,4,43
2023-06-02,18531.45,18534.2,18528.65,18533.6,12:50:00,18525.33487997423,4,44
2023-06-02,18534.65,18534.9,18529.9,18531.7,12:55:00,18526.2220342624,4,45
2023-06-02,18536.6,18542.8,18534.5,18534.5,13:00:00,18527.21041195169,4,46
2023-06-02,18548.6,18548.9,18529.45,18536.3,13:05:00,18529.247515575345,4,47
2023-06-02,18545.3,18553.25,18540.75,18548.15,13:10:00,18530.776323615784,4,48
2023-06-02,18545.95,18547.35,18541.65,18544.9,13:15:00,18532.221435652376,4,49
2023-06-02,18541.55,18549.9,18541.55,18545.55,13:20:00,18533.10987035215,4,50
2023-06-02,18554.05,18555.6,18541.3,18541.6,13:25:00,18535.104168413847,4,51
2023-06-02,18560.1,18561.25,18554.5,18554.5,13:30:00,18537.484723803,4,52
2023-06-02,18552.75,18560.65,18551.6,18560.35,13:35:00,18538.93855963129,4,53
2023-06-02,18560.85,18564.15,18552.65,18552.65,13:40:00,18541.02536347593,4,54
2023-06-02,18565.55,18566.6,18558.45,18561.25,13:45:00,18543.36104314489,4,55
2023-06-02,18556.35,18567.5,18554.5,18565.4,13:50:00,18544.5980866549,4,56
2023-06-02,18554.4,18559.05,18551.05,18556.4,13:55:00,18545.531602211577,4,57
2023-06-02,18558.55,18563.6,18554.2,18555.3,14:00:00,18546.77144962,4,58
2023-06-02,18546.7,18562.95,18545.85,18558.85,14:05:00,18546.764644894283,4,59
2023-06-02,18540.8,18547.55,18535.15,18547.55,14:10:00,18546.19658347578,4,60
2023-06-02,18522.25,18540.95,18521.1,18540.95,14:15:00,18543.91595647809,4,61
2023-06-02,18509.0,18526.45,18505.15,18522.1,14:20:00,18540.590627289697,4,62
2023-06-02,18521.45,18522.65,18508.75,18510.0,14:25:00,18538.767710404965,4,63
2023-06-02,18505.75,18523.7,18505.1,18521.4,14:30:00,18535.62316655688,4,64
2023-06-02,18513.6,18515.0,18495.55,18505.85,14:35:00,18533.52572212289,4,65
2023-06-02,18514.3,18521.6,18508.75,18512.75,14:40:00,18531.694700968324,4,66
2023-06-02,18526.3,18526.7,18514.05,18514.5,14:45:00,18531.180919923725,4,67
2023-06-02,18514.25,18526.35,18514.1,18526.2,14:50:00,18529.56845135956,4,68
2023-06-02,18529.7,18531.25,18514.1,18514.1,14:55:00,18529.58097980151,4,69
2023-06-02,18547.7,18547.7,18528.35,18529.0,15:00:00,18531.3066007728,4,70
2023-06-02,18555.7,18555.9,18538.1,18546.9,15:05:00,18533.62978165158,4,71
2023-06-02,18537.25,18556.1,18537.25,18554.65,15:10:00,18533.97456435143,4,72
2023-06-02,18519.4,18538.5,18518.05,18537.55,15:15:00,18532.58651060368,4,73
2023-06-02,18526.4,18526.4,18511.95,18519.45,15:20:00,18531.99731911761,4,74
2023-06-02,18525.85,18529.5,18519.75,18526.1,15:25:00,18531.41186015403,4,75
2023-06-05,18618.05,18635.05,18612.65,18614.4,09:15:00,18546.607214321102,0,1
2023-06-05,18616.6,18619.1,18600.5,18617.85,09:20:00,18553.27319390957,0,2
2023-06-05,18612.0,18617.7,18602.8,18616.55,09:25:00,18558.86622306104,0,3
2023-06-05,18588.95,18617.25,18588.95,18611.8,09:30:00,18561.73134467427,0,4
2023-06-05,18604.7,18609.7,18583.3,18589.65,09:35:00,18565.82359756244,0,5
2023-06-05,18605.3,18606.25,18598.6,18605.25,09:40:00,18569.583254937443,0,6
2023-06-05,18616.9,18619.0,18604.8,18605.0,09:45:00,18574.089611610067,0,7
2023-06-05,18612.35,18620.7,18606.4,18616.4,09:50:00,18577.73345812339,0,8
2023-06-05,18619.35,18622.5,18610.8,18611.95,09:55:00,18581.69693830212,0,9
2023-06-05,18618.05,18623.9,18615.9,18620.35,10:00:00,18585.1591346543,0,10
2023-06-05,18615.45,18622.35,18614.6,18619.65,10:05:00,18588.04397897294,0,11
2023-06-05,18618.3,18622.55,18612.7,18616.25,10:10:00,18590.92550478504,0,12
2023-06-05,18624.75,18625.9,18616.75,18617.75,10:15:00,18594.146885281705,0,13
2023-06-05,18624.25,18629.8,18623.6,18624.55,10:20:00,18597.01384858821,0,14
2023-06-05,18618.5,18630.25,18617.8,18624.6,10:25:00,18599.060148722667,0,15
2023-06-05,18615.1,18618.75,18612.75,18618.65,10:30:00,18600.58775360622,0,16
2023-06-05,18612.6,18618.3,18612.5,18614.95,10:35:00,18601.73177707229,0,17
2023-06-05,18615.05,18615.45,18609.2,18611.8,10:40:00,18603.000179255883,0,18
2023-06-05,18617.75,18621.55,18614.9,18615.8,10:45:00,18604.404924088656,0,19
2023-06-05,18615.0,18618.0,18614.2,18617.35,10:50:00,18605.413978937355,0,20
2023-06-05,18620.5,18622.1,18615.25,18615.35,10:55:00,18606.85074284808,0,21
2023-06-05,18624.8,18625.5,18621.35,18621.75,11:00:00,18608.56019591017,0,22
2023-06-05,18630.2,18630.7,18624.35,18624.75,11:05:00,18610.62112963301,0,23
2023-06-05,18631.5,18636.35,18627.95,18630.4,11:10:00,18612.60959347749,0,24
2023-06-05,18635.25,18638.5,18631.05,18631.3,11:15:00,18614.765822670102,0,25
2023-06-05,18638.2,18639.4,18634.3,18634.75,11:20:00,18616.99764908248,0,26
2023-06-05,18636.6,18639.2,18634.7,18637.85,11:25:00,18618.86453964605,0,27
2023-06-05,18625.55,18637.15,18625.1,18636.55,11:30:00,18619.50125015595,0,28
2023-06-05,18628.8,18629.2,18622.05,18625.2,11:35:00,18620.386845379195,0,29
2023-06-05,18625.65,18629.75,18623.4,18628.2,11:40:00,18620.888098200223,0,30
2023-06-05,18630.0,18631.1,18624.15,18625.3,11:45:00,18621.75589837163,0,31
2023-06-05,18624.2,18631.75,18623.85,18629.7,11:50:00,18621.988669955284,0,32
2023-06-05,18619.0,18624.7,18617.85,18624.2,11:55:00,18621.70403472145,0,33
2023-06-05,18620.95,18624.85,18616.2,18618.4,12:00:00,18621.632221890835,0,34
2023-06-05,18623.15,18624.2,18617.4,18620.85,12:05:00,18621.77677218695,0,35
2023-06-05,18625.9,18628.9,18622.55,18622.9,12:10:00,18622.1694605501,0,36
2023-06-05,18622.25,18629.3,18620.85,18626.4,12:15:00,18622.17713097389,0,37
2023-06-05,18619.95,18624.6,18614.85,18622.35,12:20:00,18621.9650232621,0,38
2023-06-05,18618.15,18619.6,18613.65,18619.4,12:25:00,18621.60168771333,0,39
2023-06-05,18611.05,18619.3,18609.5,18617.9,12:30:00,18620.59676507397,0,40
2023-06-05,18609.85,18614.7,18609.8,18610.95,12:35:00,18619.573263638347,0,41
2023-06-05,18611.1,18614.55,18606.25,18609.45,12:40:00,18618.76628614898,0,42
2023-06-05,18611.5,18615.9,18610.1,18610.9,12:45:00,18618.074258896697,0,43
2023-06-05,18608.5,18614.25,18607.05,18611.2,12:50:00,18617.16242471605,0,44
2023-06-05,18613.45,18614.15,18607.35,18608.4,12:55:00,18616.808860457382,0,45
2023-06-05,18613.85,18615.2,18610.35,18613.25,13:00:00,18616.527064223348,0,46
2023-06-05,18611.05,18614.1,18610.05,18614.1,13:05:00,18616.00543905922,0,47
2023-06-05,18606.55,18613.45,18602.95,18610.65,13:10:00,18615.10492105358,0,48
2023-06-05,18614.7,18615.4,18605.25,18606.4,13:15:00,18615.066357143714,0,49
2023-06-05,18617.05,18618.3,18612.5,18614.5,13:20:00,18615.25527551098,0,50
2023-06-05,18613.4,18619.65,18611.45,18617.1,13:25:00,18615.07858260517,0,51
2023-06-05,18615.5,18616.3,18611.5,18613.05,13:30:00,18615.11871759516,0,52
2023-06-05,18614.1,18616.05,18611.85,18615.65,13:35:00,18615.02169687181,0,53
2023-06-05,18610.1,18615.45,18607.55,18613.55,13:40:00,18614.552963836395,0,54
2023-06-05,18608.45,18612.55,18606.75,18610.25,13:45:00,18613.97172918531,0,55
2023-06-05,18623.85,18624.1,18606.1,18607.3,13:50:00,18614.91251688195,0,56
2023-06-05,18624.15,18626.65,18621.85,18623.7,13:55:00,18615.792277178905,0,57
2023-06-05,18621.3,18629.65,18619.25,18624.4,14:00:00,18616.316822209486,0,58
2023-06-05,18619.8,18625.35,18616.35,18620.65,14:05:00,18616.64855342763,0,59
2023-06-05,18617.9,18621.6,18612.9,18621.6,14:10:00,18616.76773881548,0,60
2023-06-05,18621.3,18624.55,18617.75,18618.6,14:15:00,18617.199382737814,0,61
2023-06-05,18619.3,18622.85,18616.1,18621.65,14:20:00,18617.39944152469,0,62
2023-06-05,18618.9,18622.35,18614.25,18619.25,14:25:00,18617.54235185567,0,63
2023-06-05,18615.7,18623.95,18610.95,18619.0,14:30:00,18617.36688977418,0,64
2023-06-05,18614.45,18618.8,18612.6,18615.85,14:35:00,18617.089090748068,0,65
2023-06-05,18617.1,18622.2,18613.35,18614.7,14:40:00,18617.09012972444,0,66
2023-06-05,18616.5,18621.25,18613.15,18617.05,14:45:00,18617.033926893542,0,67
2023-06-05,18616.6,18619.3,18614.65,18615.7,14:50:00,18616.992600522728,0,68
2023-06-05,18610.3,18619.2,18601.5,18616.3,14:55:00,18616.35520999676,0,69
2023-06-05,18596.25,18610.3,18591.95,18609.8,15:00:00,18614.4404280923,0,70
2023-06-05,18591.5,18596.4,18588.0,18595.9,15:05:00,18612.25562541684,0,71
2023-06-05,18593.25,18593.8,18585.95,18591.65,15:10:00,18610.445565853333,0,72
2023-06-05,18593.35,18603.6,18588.85,18593.55,15:15:00,18608.817416724443,0,73
2023-06-05,18598.3,18600.2,18585.45,18592.7,15:20:00,18607.81575798878,0,74
2023-06-05,18599.9,18600.45,18594.2,18598.75,15:25:00,18607.06187627557,0,75
2023-06-06,18599.65,18604.85,18583.85,18600.8,09:15:00,18605.816411191565,1,1
2023-06-06,18591.55,18602.5,18589.05,18598.85,09:20:00,18604.457705363795,1,2
2023-06-06,18603.25,18603.4,18584.15,18592.05,09:25:00,18604.34268580534,1,3
2023-06-06,18602.9,18606.55,18598.75,18602.8,09:30:00,18604.20528715721,1,4
2023-06-06,18611.75,18617.75,18600.6,18602.65,09:35:00,18604.92383123748,1,5
2023-06-06,18610.15,18613.4,18604.6,18611.05,09:40:00,18605.421561595813,1,6
2023-06-06,18598.25,18612.65,18598.25,18610.55,09:45:00,18604.738555729546,1,7
2023-06-06,18585.6,18601.4,18585.05,18597.35,09:50:00,18602.915836136253,1,8
2023-06-06,18584.85,18588.6,18581.3,18585.55,09:55:00,18601.19528031376,1,9
2023-06-06,18578.4,18588.85,18578.25,18584.5,10:00:00,18599.02430123625,1,10
2023-06-06,18582.95,18583.6,18571.5,18578.5,10:05:00,18597.49341540423,1,11
2023-06-06,18580.6,18590.35,18579.85,18582.95,10:10:00,18595.884518699066,1,12
2023-06-06,18575.4,18581.5,18572.1,18580.6,10:15:00,18593.933612156296,1,13
2023-06-06,18575.35,18577.8,18573.65,18574.95,10:20:00,18592.163744331887,1,14
2023-06-06,18566.1,18577.6,18565.65,18575.95,10:25:00,18589.681482966946,1,15
2023-06-06,18571.5,18572.4,18565.9,18566.35,10:30:00,18587.94991316057,1,16
2023-06-06,18574.3,18576.5,18570.7,18571.35,10:35:00,18586.64992143099,1,17
2023-06-06,18565.1,18576.25,18564.8,18574.4,10:40:00,18584.597547961373,1,18
2023-06-06,18558.35,18568.7,18558.05,18564.95,10:45:00,18582.09778148886,1,19
2023-06-06,18557.05,18558.8,18551.5,18558.8,10:50:00,18579.71227848992,1,20
2023-06-06,18559.15,18559.15,18553.55,18557.95,10:55:00,18577.753966252785,1,21
2023-06-06,18555.4,18559.45,18551.6,18558.6,11:00:00,18575.62501708585,1,22
2023-06-06,18551.1,18556.95,18550.4,18555.55,11:05:00,18573.28930117292,1,23
2023-06-06,18551.4,18552.15,18545.7,18551.45,11:10:00,18571.20460582312,1,24
2023-06-06,18545.15,18553.0,18542.05,18550.8,11:15:00,18568.723214792342,1,25
2023-06-06,18550.1,18550.35,18540.45,18545.5,11:20:00,18566.949575288312,1,26
2023-06-06,18558.45,18560.0,18549.35,18550.15,11:25:00,18566.14009192752,1,27
2023-06-06,18553.6,18558.5,18550.65,18558.5,11:30:00,18564.94579745824,1,28
2023-06-06,18550.5,18555.4,18548.65,18553.15,11:35:00,18563.57000722412,1,29
2023-06-06,18546.05,18550.6,18539.65,18550.4,11:40:00,18561.90143510753,1,30
2023-06-06,18545.5,18547.85,18542.65,18545.8,11:45:00,18560.33939366872,1,31
2023-06-06,18541.15,18547.0,18538.4,18545.7,11:50:00,18558.511832366938,1,32
2023-06-06,18543.0,18547.85,18540.8,18541.05,11:55:00,18557.034514998657,1,33
2023-06-06,18542.45,18544.0,18539.25,18542.45,12:00:00,18555.645513570213,1,34
2023-06-06,18534.1,18542.15,18531.95,18542.15,12:05:00,18553.59355989686,1,35
2023-06-06,18541.6,18546.75,18533.95,18534.6,12:10:00,18552.45131609716,1,36
2023-06-06,18540.1,18541.3,18536.2,18541.1,12:15:00,18551.275000278383,1,37
2023-06-06,18537.2,18541.65,18534.3,18539.7,12:20:00,18549.934524061395,1,38
2023-06-06,18544.7,18544.7,18535.3,18536.75,12:25:00,18549.43599796031,1,39
2023-06-06,18547.75,18552.85,18543.4,18544.55,12:30:00,18549.275426725995,1,40
2023-06-06,18552.9,18555.1,18547.7,18547.85,12:35:00,18549.620624180665,1,41
2023-06-06,18547.0,18553.15,18546.15,18552.55,12:40:00,18549.37104092536,1,42
2023-06-06,18545.45,18549.2,18544.15,18546.55,12:45:00,18548.99760845628,1,43
2023-06-06,18542.95,18546.25,18540.55,18545.2,12:50:00,18548.42164574616,1,44
2023-06-06,18555.65,18557.1,18542.05,18542.65,12:55:00,18549.110060437,1,45
2023-06-06,18556.9,18559.25,18553.9,18555.55,13:00:00,18549.851959443,1,46
2023-06-06,18550.6,18558.45,18547.4,18556.95,13:05:00,18549.92320140081,1,47
2023-06-06,18556.65,18557.95,18547.9,18549.1,13:10:00,18550.56384888645,1,48
2023-06-06,18550.25,18557.5,18548.05,18556.95,13:15:00,18550.53395851631,1,49
2023-06-06,18549.2,18550.2,18546.15,18549.5,13:20:00,18550.40691484809,1,50
2023-06-06,18549.5,18550.1,18543.55,18548.55,13:25:00,18550.32054200541,1,51
2023-06-06,18561.75,18563.7,18548.95,18549.05,13:30:00,18551.40906181442,1,52
2023-06-06,18559.45,18566.7,18558.15,18561.55,13:35:00,18552.17486545114,1,53
2023-06-06,18558.4,18560.1,18553.1,18559.4,13:40:00,18552.76773540817,1,54
2023-06-06,18556.7,18563.2,18555.7,18558.1,13:45:00,18553.14223679788,1,55
2023-06-06,18559.1,18562.9,18555.45,18556.6,13:50:00,18553.709642817124,1,56
2023-06-06,18559.75,18565.5,18558.0,18558.5,13:55:00,18554.284914929776,1,57
2023-06-06,18546.8,18561.35,18546.7,18559.2,14:00:00,18553.57206588884,1,58
2023-06-06,18546.55,18550.2,18542.95,18546.6,14:05:00,18552.903297708952,1,59
2023-06-06,18551.55,18552.0,18544.7,18546.0,14:10:00,18552.77441221286,1,60
2023-06-06,18554.55,18555.7,18549.95,18551.15,14:15:00,18552.94351581164,1,61
2023-06-06,18556.3,18558.8,18552.7,18554.6,14:20:00,18553.26318097244,1,62
2023-06-06,18558.05,18559.15,18553.45,18555.15,14:25:00,18553.71906849887,1,63
2023-06-06,18559.2,18564.2,18556.8,18558.2,14:30:00,18554.241061975168,1,64
2023-06-06,18557.15,18558.85,18552.6,18558.25,14:35:00,18554.51810369182,1,65
2023-06-06,18551.15,18558.8,18550.1,18556.85,14:40:00,18554.197331911644,1,66
2023-06-06,18558.7,18560.7,18549.75,18551.1,14:45:00,18554.62615744387,1,67
2023-06-06,18554.15,18559.35,18549.5,18558.45,14:50:00,18554.58080911588,1,68
2023-06-06,18558.05,18562.2,18552.75,18553.6,14:55:00,18554.9112082477,1,69
2023-06-06,18577.25,18582.6,18558.9,18558.9,15:00:00,18557.038712224108,1,70
2023-06-06,18596.85,18597.15,18576.3,18576.7,15:05:00,18560.830263440857,1,71
2023-06-06,18608.6,18613.15,18596.8,18597.3,15:10:00,18565.379762160777,1,72
2023-06-06,18611.1,18613.25,18604.25,18609.3,15:15:00,18569.734070526418,1,73
2023-06-06,18620.0,18620.6,18608.9,18611.1,15:20:00,18574.521301904853,1,74
2023-06-06,18617.1,18622.05,18614.95,18619.25,15:25:00,18578.57641600916,1,75
2023-06-07,18650.65,18675.4,18649.85,18665.6,09:15:00,18592.9391976855,2,1
2023-06-07,18655.4,18656.7,18637.05,18648.8,09:20:00,18598.887845524976,2,2
2023-06-07,18652.9,18657.2,18644.85,18655.3,09:25:00,18604.03186023688,2,3
2023-06-07,18656.7,18659.3,18652.3,18652.75,09:30:00,18609.047873547654,2,4
2023-06-07,18647.85,18664.05,18645.45,18656.95,09:35:00,18612.74331416216,2,5
2023-06-07,18662.55,18662.75,18644.1,18647.1,09:40:00,18617.48680805148,2,6
2023-06-07,18660.8,18663.35,18653.75,18663.35,09:45:00,18621.61187395134,2,7
2023-06-07,18649.6,18661.35,18646.2,18659.8,09:50:00,18624.2774097655,2,8
2023-06-07,18658.45,18661.3,18647.45,18649.65,09:55:00,18627.531942168785,2,9
2023-06-07,18647.9,18658.55,18646.05,18658.55,10:00:00,18629.47175720033,2,10
2023-06-07,18653.25,18654.55,18647.0,18647.95,10:05:00,18631.73635175268,2,11
2023-06-07,18661.2,18661.5,18652.1,18653.4,10:10:00,18634.54241349052,2,12
2023-06-07,18662.25,18664.15,18657.45,18660.9,10:15:00,18637.18123125333,2,13
2023-06-07,18663.95,18665.2,18659.55,18662.3,10:20:00,18639.73063780063,2,14
2023-06-07,18662.75,18666.4,18660.7,18664.25,10:25:00,18641.92295801009,2,15
2023-06-07,18658.0,18665.8,18656.9,18663.45,10:30:00,18643.45410486628,2,16
2023-06-07,18654.0,18658.5,18653.1,18658.1,10:35:00,18644.45847583139,2,17
2023-06-07,18646.25,18655.5,18646.2,18654.0,10:40:00,18644.62909718078,2,18
2023-06-07,18642.95,18648.05,18636.5,18646.25,10:45:00,18644.46918316356,2,19
2023-06-07,18643.5,18646.35,18641.35,18642.8,10:50:00,18644.37688000513,2,20
2023-06-07,18654.2,18657.5,18642.55,18643.65,10:55:00,18645.31241524273,2,21
2023-06-07,18658.3,18658.5,18651.9,18653.7,11:00:00,18646.549328076755,2,22
2023-06-07,18659.85,18663.55,18657.95,18657.95,11:05:00,18647.81605873611,2,23
2023-06-07,18661.6,18665.8,18659.1,18659.65,11:10:00,18649.128815046955,2,24
2023-06-07,18664.2,18667.95,18661.1,18661.25,11:15:00,18650.564165994863,2,25
2023-06-07,18661.1,18665.4,18659.55,18663.95,11:20:00,18651.56757875725,2,26
2023-06-07,18652.65,18659.3,18651.25,18658.7,11:25:00,18651.67066649466,2,27
2023-06-07,18649.75,18658.15,18648.75,18652.75,11:30:00,18651.48774587612,2,28
2023-06-07,18651.9,18653.35,18647.25,18649.8,11:35:00,18651.52700817364,2,29
2023-06-07,18653.9,18656.4,18650.9,18652.45,11:40:00,18651.7530073952,2,30
2023-06-07,18657.2,18660.1,18652.8,18653.4,11:45:00,18652.27176859565,2,31
2023-06-07,18657.15,18658.7,18655.95,18657.0,11:50:00,18652.736362062737,2,32
2023-06-07,18664.15,18664.9,18654.05,18656.25,11:55:00,18653.82337519962,2,33
2023-06-07,18664.25,18666.95,18661.5,18664.7,12:00:00,18654.816387085368,2,34
2023-06-07,18658.25,18666.95,18656.7,18663.8,12:05:00,18655.143397839143,2,35
2023-06-07,18657.7,18664.15,18656.05,18658.65,12:10:00,18655.386883759227,2,36
2023-06-07,18656.35,18660.3,18656.0,18656.85,12:15:00,18655.47860911549,2,37
2023-06-07,18661.85,18662.05,18655.4,18655.4,12:20:00,18656.085408247345,2,38
2023-06-07,18662.2,18664.05,18658.45,18661.65,12:25:00,18656.667750319026,2,39
2023-06-07,18662.9,18664.8,18657.95,18661.35,12:30:00,18657.26129790769,2,40
2023-06-07,18663.55,18665.5,18662.0,18662.65,12:35:00,18657.86022191648,2,41
2023-06-07,18669.2,18670.65,18661.75,18663.6,12:40:00,18658.94020078158,2,42
2023-06-07,18684.05,18686.05,18668.55,18669.6,12:45:00,18661.331610230955,2,43
2023-06-07,18680.4,18685.2,18677.55,18684.45,12:50:00,18663.147647351816,2,44
2023-06-07,18676.7,18683.25,18676.4,18680.1,12:55:00,18664.438347604024,2,45
2023-06-07,18679.95,18680.9,18675.7,18676.65,13:00:00,18665.91564783221,2,46
2023-06-07,18682.4,18684.4,18679.6,18680.1,13:05:00,18667.485586133906,2,47
2023-06-07,18682.65,18683.1,18676.25,18682.1,13:10:00,18668.92981602592,2,48
2023-06-07,18684.4,18684.65,18681.25,18682.3,13:15:00,18670.403166880587,2,49
2023-06-07,18682.15,18684.8,18680.9,18684.75,13:20:00,18671.52191289196,2,50
2023-06-07,18676.8,18682.25,18676.55,18682.0,13:25:00,18672.02458785463,2,51
2023-06-07,18677.8,18681.5,18676.15,18677.5,13:30:00,18672.57462710657,2,52
2023-06-07,18667.75,18676.75,18666.95,18676.75,13:35:00,18672.115138810703,2,53
2023-06-07,18669.85,18674.45,18664.05,18667.9,13:40:00,18671.89941130492,2,54
2023-06-07,18673.45,18674.8,18665.8,18670.0,13:45:00,18672.047086418737,2,55
2023-06-07,18680.2,18680.5,18671.7,18673.5,13:50:00,18672.823554378858,2,56
2023-06-07,18681.1,18681.25,18676.65,18679.65,13:55:00,18673.61178729516,2,57
2023-06-07,18686.35,18687.05,18679.75,18680.8,14:00:00,18674.824950409908,2,58
2023-06-07,18692.4,18693.8,18684.4,18685.5,14:05:00,18676.498764656582,2,59
2023-06-07,18685.65,18693.1,18684.65,18692.95,14:10:00,18677.370310879764,2,60
2023-06-07,18697.05,18697.85,18684.25,18685.85,14:15:00,18679.244566986454,2,61
2023-06-07,18698.8,18706.95,18696.45,18697.2,14:20:00,18681.106989178217,2,62
2023-06-07,18698.85,18702.8,18696.3,18699.3,14:25:00,18682.79679973267,2,63
2023-06-07,18704.45,18707.0,18697.05,18698.5,14:30:00,18684.859009281943,2,64
2023-06-07,18705.9,18710.45,18704.8,18705.2,14:35:00,18686.862913159854,2,65
2023-06-07,18715.0,18716.5,18702.9,18705.95,14:40:00,18689.54263571606,2,66
2023-06-07,18711.25,18716.25,18709.35,18715.05,14:45:00,18691.610003743102,2,67
2023-06-07,18709.75,18715.7,18705.1,18710.85,14:50:00,18693.33762243424,2,68
2023-06-07,18714.4,18718.25,18708.5,18709.6,14:55:00,18695.343563154784,2,69
2023-06-07,18719.7,18724.95,18712.0,18713.95,15:00:00,18697.663223806707,2,70
2023-06-07,18726.3,18729.95,18719.5,18719.8,15:05:00,18700.39053582512,2,71
2023-06-07,18726.95,18728.3,18722.95,18725.95,15:10:00,18702.92000860368,2,72
2023-06-07,18723.2,18727.1,18718.55,18727.1,15:15:00,18704.851436355708,2,73
2023-06-07,18737.85,18738.75,18722.35,18724.75,15:20:00,18707.99415670278,2,74
2023-06-07,18730.35,18738.25,18723.6,18738.25,15:25:00,18710.12328463585,2,75
2023-06-08,18745.6,18750.85,18724.6,18725.35,09:15:00,18714.814072003493,3,1
2023-06-08,18739.35,18746.15,18732.9,18745.25,09:20:00,18717.15082705078,3,2
2023-06-08,18746.4,18752.05,18733.45,18739.85,09:25:00,18719.93646256976,3,3
2023-06-08,18734.3,18749.65,18731.7,18746.4,09:30:00,18721.30441851549,3,4
2023-06-08,18749.2,18750.0,18731.3,18735.65,09:35:00,18723.96114056164,3,5
2023-06-08,18740.85,18750.0,18739.3,18750.0,09:40:00,18725.56960336529,3,6
2023-06-08,18750.45,18754.4,18739.95,18739.95,09:45:00,18727.93916494955,3,7
2023-06-08,18756.35,18759.25,18749.45,18749.9,09:50:00,18730.644958763874,3,8
2023-06-08,18748.95,18756.9,18748.5,18756.6,09:55:00,18732.38829602445,3,9
2023-06-08,18753.4,18756.7,18743.05,18749.4,10:00:00,18734.3894106888,3,10
2023-06-08,18748.65,18760.65,18743.4,18754.2,10:05:00,18735.747562051765,3,11
2023-06-08,18753.3,18755.8,18748.6,18749.3,10:10:00,18737.41922280874,3,12
2023-06-08,18767.4,18767.9,18752.8,18753.35,10:15:00,18740.274534922195,3,13
2023-06-08,18772.05,18775.35,18766.15,18767.95,10:20:00,18743.30076969151,3,14
2023-06-08,18769.1,18771.6,18764.05,18771.6,10:25:00,18745.7578392447,3,15
2023-06-08,18763.65,18770.85,18762.95,18769.85,10:30:00,18747.461854554727,3,16
2023-06-08,18771.45,18771.5,18761.85,18764.0,10:35:00,18749.74643983523,3,17
2023-06-08,18770.3,18771.75,18767.75,18771.75,10:40:00,18751.70392175569,3,18
2023-06-08,18776.5,18777.8,18769.55,18769.6,10:45:00,18754.06545301705,3,19
2023-06-08,18769.9,18777.05,18764.55,18776.25,10:50:00,18755.573505110664,3,20
2023-06-08,18771.5,18774.7,18765.9,18770.25,10:55:00,18757.090314147743,3,21
2023-06-08,18769.4,18774.25,18767.85,18771.6,11:00:00,18758.26266518129,3,22
2023-06-08,18769.75,18773.95,18768.6,18769.55,11:05:00,18759.356697068783,3,23
2023-06-08,18765.85,18774.4,18764.6,18769.8,11:10:00,18759.97510687176,3,24
2023-06-08,18766.3,18770.65,18763.7,18766.0,11:15:00,18760.57747764588,3,25
2023-06-08,18760.9,18766.75,18759.5,18766.45,11:20:00,18760.60819406056,3,26
2023-06-08,18764.5,18766.85,18755.15,18761.5,11:25:00,18760.978842245266,3,27
2023-06-08,18755.9,18770.35,18753.4,18764.9,11:30:00,18760.49514298381,3,28
2023-06-08,18756.9,18759.2,18752.15,18756.25,11:35:00,18760.15274841392,3,29
2023-06-08,18727.65,18757.35,18727.65,18756.85,11:40:00,18757.05724856497,3,30
2023-06-08,18723.35,18736.3,18723.35,18727.7,11:45:00,18753.84703441593,3,31
2023-06-08,18703.8,18725.15,18703.8,18724.2,11:50:00,18749.08065018584,3,32
2023-06-08,18697.8,18710.4,18697.8,18703.9,11:55:00,18744.196778739573,3,33
2023-06-08,18691.55,18698.15,18685.25,18698.15,12:00:00,18739.182799811995,3,34
2023-06-08,18694.0,18696.9,18688.4,18690.55,12:05:00,18734.879676020377,3,35
2023-06-08,18701.35,18701.9,18691.55,18694.1,12:10:00,18731.686373542245,3,36
2023-06-08,18698.85,18706.5,18698.85,18700.9,12:15:00,18728.559099871552,3,37
2023-06-08,18702.95,18706.0,18692.7,18697.95,12:20:00,18726.120137979025,3,38
2023-06-08,18703.25,18708.9,18701.95,18702.95,12:25:00,18723.94202960007,3,39
2023-06-08,18694.45,18706.8,18693.6,18703.5,12:30:00,18721.13326487626,3,40
2023-06-08,18688.0,18694.25,18681.9,18694.25,12:35:00,18717.977715840425,3,41
2023-06-08,18697.3,18698.15,18687.5,18687.5,12:40:00,18716.00840956991,3,42
2023-06-08,18693.25,18699.25,18689.6,18697.0,12:45:00,18713.84094199182,3,43
2023-06-08,18686.6,18694.4,18685.6,18693.0,12:50:00,18711.24656656403,3,44
2023-06-08,18698.8,18698.85,18684.55,18686.45,12:55:00,18710.061179272216,3,45
2023-06-08,18700.2,18700.65,18696.55,18698.85,13:00:00,18709.12201934153,3,46
2023-06-08,18684.2,18700.05,18684.15,18699.6,13:05:00,18706.74849368996,3,47
2023-06-08,18684.4,18687.75,18676.4,18683.45,13:10:00,18704.62006571949,3,48
2023-06-08,18691.25,18691.6,18680.95,18684.7,13:15:00,18703.34672612715,3,49
2023-06-08,18690.0,18698.6,18687.3,18691.35,13:20:00,18702.07560935313,3,50
2023-06-08,18691.6,18692.35,18684.95,18689.8,13:25:00,18701.077932271888,3,51
2023-06-08,18687.55,18698.7,18684.4,18691.5,13:30:00,18699.789557769804,3,52
2023-06-08,18687.35,18688.95,18682.35,18687.35,13:35:00,18698.6048379822,3,53
2023-06-08,18702.9,18702.9,18686.65,18687.15,13:40:00,18699.01390103152,3,54
2023-06-08,18712.6,18713.85,18701.85,18703.0,13:45:00,18700.307815219,3,55
2023-06-08,18709.6,18712.2,18703.15,18712.2,13:50:00,18701.19278519813,3,56
2023-06-08,18717.95,18719.5,18708.6,18709.2,13:55:00,18702.788710417364,3,57
2023-06-08,18720.8,18723.75,18714.0,18718.25,14:00:00,18704.50407133,3,58
2023-06-08,18697.85,18722.7,18694.5,18720.5,14:05:00,18703.87035025095,3,59
2023-06-08,18692.65,18697.5,18682.0,18697.5,14:10:00,18702.801745465145,3,60
2023-06-08,18687.7,18695.7,18686.4,18692.5,14:15:00,18701.363483992274,3,61
2023-06-08,18691.9,18691.9,18675.4,18687.35,14:20:00,18700.462199802536,3,62
2023-06-08,18679.95,18693.25,18677.6,18691.3,14:25:00,18698.5086569642,3,63
2023-06-08,18688.4,18690.35,18674.75,18679.75,14:30:00,18697.545927729512,3,64
2023-06-08,18685.0,18690.3,18684.7,18689.85,14:35:00,18696.35107746956,3,65
2023-06-08,18683.75,18692.45,18680.95,18685.65,14:40:00,18695.15097485341,3,66
2023-06-08,18645.45,18685.5,18645.35,18684.0,14:45:00,18690.41754867689,3,67
2023-06-08,18649.65,18656.55,18642.95,18645.3,14:50:00,18686.534924993382,3,68
2023-06-08,18638.9,18654.9,18634.45,18648.95,14:55:00,18681.998265470207,3,69
2023-06-08,18646.35,18649.05,18633.55,18641.35,15:00:00,18678.60319256828,3,70
2023-06-08,18632.75,18652.75,18628.95,18645.1,15:05:00,18674.23622184749,3,71
2023-06-08,18624.6,18642.3,18624.25,18633.4,15:10:00,18669.50896262392,3,72
2023-06-08,18621.5,18628.9,18615.95,18624.5,15:15:00,18664.93668046926,3,73
2023-06-08,18637.95,18639.7,18619.55,18621.35,15:20:00,18662.36652042457,3,74
2023-06-08,18646.9,18651.6,18636.45,18637.35,15:25:00,18660.893518479374,3,75
2023-06-09,18663.65,18671.9,18644.9,18655.9,09:15:00,18660.725760025067,4,1
2023-06-09,18665.4,18676.25,18655.5,18665.1,09:20:00,18661.17092573697,4,2
2023-06-09,18649.3,18671.3,18649.0,18665.25,09:25:00,18660.040361381063,4,3
2023-06-09,18636.05,18656.25,18636.05,18649.75,09:30:00,18657.75556505905,4,4
2023-06-09,18620.5,18637.5,18610.45,18637.5,09:35:00,18654.20741600581,4,5
2023-06-09,18623.75,18626.05,18609.75,18620.55,09:40:00,18651.306709719545,4,6
2023-06-09,18654.75,18654.75,18623.95,18624.05,09:45:00,18651.63464212721,4,7
2023-06-09,18652.6,18662.05,18650.7,18654.05,09:50:00,18651.72658097224,4,8
2023-06-09,18658.05,18660.6,18649.35,18652.3,09:55:00,18652.32881135584,4,9
2023-06-09,18657.25,18663.8,18651.9,18658.65,10:00:00,18652.79749598861,4,10
2023-06-09,18660.25,18665.3,18657.45,18657.45,10:05:00,18653.50725827541,4,11
2023-06-09,18641.2,18661.25,18633.65,18660.7,10:10:00,18652.335138439656,4,12
2023-06-09,18628.8,18641.8,18628.55,18640.4,10:15:00,18650.0936966835,4,13
2023-06-09,18628.85,18632.9,18625.2,18628.65,10:20:00,18648.07048747555,4,14
2023-06-09,18619.65,18638.15,18619.65,18629.6,10:25:00,18645.36377438264,4,15
2023-06-09,18628.2,18629.25,18617.95,18619.7,10:30:00,18643.72912920334,4,16
2023-06-09,18635.2,18639.25,18628.15,18628.45,10:35:00,18642.91683118397,4,17
2023-06-09,18627.0,18636.65,18624.0,18635.3,10:40:00,18641.400942499786,4,18
2023-06-09,18626.25,18627.05,18617.3,18626.65,10:45:00,18639.957995595047,4,19
2023-06-09,18619.8,18627.3,18614.5,18626.2,10:50:00,18638.03818649076,4,20
2023-06-09,18613.05,18623.7,18607.85,18620.05,10:55:00,18635.65835920592,4,21
2023-06-09,18608.7,18614.65,18606.8,18612.95,11:00:00,18633.090896424404,4,22
2023-06-09,18610.6,18610.75,18600.5,18609.5,11:05:00,18630.948906288748,4,23
2023-06-09,18612.05,18619.55,18609.65,18610.55,11:10:00,18629.14901045172,4,24
2023-06-09,18622.95,18624.3,18612.1,18612.1,11:15:00,18628.55862850393,4,25
2023-06-09,18627.7,18629.05,18621.65,18623.1,11:20:00,18628.476854360702,4,26
2023-06-09,18625.45,18629.8,18624.05,18628.15,11:25:00,18628.188582516825,4,27
2023-06-09,18627.75,18629.95,18624.85,18624.9,11:30:00,18628.146812753315,4,28
2023-06-09,18619.5,18627.75,18618.55,18627.25,11:35:00,18627.32330677681,4,29
2023-06-09,18624.2,18625.25,18618.3,18619.1,11:40:00,18627.025848988545,4,30
2023-06-09,18629.9,18634.65,18623.75,18624.2,11:45:00,18627.2995776563,4,31
2023-06-09,18624.7,18632.7,18624.1,18629.95,11:50:00,18627.05199883189,4,32
2023-06-09,18627.7,18628.6,18619.3,18624.5,11:55:00,18627.113713228853,4,33
2023-06-09,18629.85,18634.7,18627.75,18627.75,12:00:00,18627.37431196896,4,34
2023-06-09,18632.3,18632.75,18625.8,18630.0,12:05:00,18627.843425114774,4,35
2023-06-09,18634.75,18638.45,18631.1,18631.95,12:10:00,18628.501194151464,4,36
2023-06-09,18629.1,18635.75,18628.05,18634.65,12:15:00,18628.55822327989,4,37
2023-06-09,18631.55,18633.7,18623.25,18628.35,12:20:00,18628.843154396098,4,38
2023-06-09,18630.7,18632.95,18626.45,18632.05,12:25:00,18629.01999683456,4,39
2023-06-09,18620.6,18646.1,18618.7,18630.6,12:30:00,18628.218092374125,4,40
2023-06-09,18625.0,18630.9,18621.5,18621.5,12:35:00,18627.91160738611,4,41
2023-06-09,18616.8,18628.35,18615.95,18625.1,12:40:00,18626.853359063625,4,42
2023-06-09,18606.75,18616.95,18606.75,18616.9,12:45:00,18624.93875343852,4,43
2023-06-09,18607.15,18612.8,18604.4,18606.6,12:50:00,18623.244586444373,4,44
2023-06-09,18605.95,18611.8,18604.0,18606.6,12:55:00,18621.59748297348,4,45
2023-06-09,18605.85,18609.15,18603.5,18606.0,13:00:00,18620.09772269029,4,46
2023-06-09,18609.2,18609.45,18596.0,18606.2,13:05:00,18619.05984433884,4,47
2023-06-09,18610.5,18614.6,18607.85,18608.8,13:10:00,18618.24462106847,4,48
2023-06-09,18603.6,18615.5,18603.6,18609.65,13:15:00,18616.849895252424,4,49
2023-06-09,18596.1,18603.75,18595.5,18602.95,13:20:00,18614.8737147522,4,50
2023-06-09,18588.85,18598.5,18587.35,18596.45,13:25:00,18612.395265728173,4,51
2023-06-09,18588.4,18592.85,18587.3,18588.7,13:30:00,18610.110002325488,4,52
2023-06-09,18589.75,18591.65,18584.8,18588.6,13:35:00,18608.170954484965,4,53
2023-06-09,18599.3,18603.95,18589.5,18590.35,13:40:00,18607.32610167688,4,54
2023-06-09,18602.9,18603.9,18597.95,18599.7,13:45:00,18606.90456818384,4,55
2023-06-09,18577.65,18602.65,18576.65,18602.3,13:50:00,18604.118418833,4,56
2023-06-09,18583.45,18585.35,18574.25,18577.35,13:55:00,18602.14999799176,4,57
2023-06-09,18578.1,18586.6,18576.35,18582.9,14:00:00,18599.85952199254,4,58
2023-06-09,18574.6,18581.45,18570.4,18577.65,14:05:00,18597.453853231345,4,59
2023-06-09,18575.35,18581.25,18573.45,18574.9,14:10:00,18595.34872435217,4,60
2023-06-09,18567.85,18575.55,18561.9,18573.85,14:15:00,18592.72979822339,4,61
2023-06-09,18559.95,18569.0,18558.3,18567.75,14:20:00,18589.607912678304,4,62
2023-06-09,18565.15,18566.2,18555.4,18560.15,14:25:00,18587.27858766132,4,63
2023-06-09,18587.3,18587.6,18565.3,18565.65,14:30:00,18587.28062693167,4,64
2023-06-09,18579.65,18592.65,18579.65,18586.9,14:35:00,18586.55390055723,4,65
2023-06-09,18572.65,18581.55,18568.65,18580.9,14:40:00,18585.22971955178,4,66
2023-06-09,18571.4,18575.0,18565.8,18572.7,14:45:00,18583.91260340399,4,67
2023-06-09,18575.45,18578.8,18565.4,18571.95,14:50:00,18583.10664117504,4,68
2023-06-09,18572.95,18577.65,18567.45,18576.5,14:55:00,18582.13934201551,4,69
2023-06-09,18564.75,18577.6,18560.4,18573.8,15:00:00,18580.48321420451,4,70
2023-06-09,18574.95,18574.95,18564.5,18565.4,15:05:00,18579.95624142313,4,71
2023-06-09,18564.35,18576.9,18561.3,18574.8,15:10:00,18578.46993271616,4,72
2023-06-09,18563.35,18571.35,18559.95,18564.25,15:15:00,18577.029939124142,4,73
2023-06-09,18558.85,18565.65,18557.25,18563.5,15:20:00,18575.298516350416,4,74
2023-06-09,18567.3,18567.55,18557.25,18559.3,15:25:00,18574.53675288847,4,75
2023-06-12,18578.05,18622.95,18574.0,18595.05,09:15:00,18576.638929235232,0,1
2023-06-12,18586.3,18586.9,18560.8,18578.7,09:20:00,18577.559031212822,0,2
2023-06-12,18594.3,18595.2,18574.65,18585.9,09:25:00,18579.15340919256,0,3
2023-06-12,18595.7,18607.7,18591.95,18595.45,09:30:00,18580.729274983743,0,4
2023-06-12,18576.4,18603.7,18571.6,18594.65,09:35:00,18580.31696308053,0,5
2023-06-12,18582.0,18591.25,18573.6,18575.55,09:40:00,18580.47725231096,0,6
2023-06-12,18584.45,18586.3,18577.2,18583.45,09:45:00,18580.855609233724,0,7
2023-06-12,18580.4,18590.9,18579.4,18584.5,09:50:00,18580.81221787813,0,8
2023-06-12,18578.9,18582.2,18569.55,18579.65,09:55:00,18580.63010188974,0,9
2023-06-12,18579.55,18584.25,18576.0,18578.55,10:00:00,18580.527235043097,0,10
2023-06-12,18573.55,18581.45,18568.8,18579.3,10:05:00,18579.862736467567,0,11
2023-06-12,18578.35,18581.0,18572.75,18574.1,10:10:00,18579.7186663278,0,12
2023-06-12,18595.75,18597.25,18575.0,18579.0,10:15:00,18581.245460010865,0,13
2023-06-12,18598.6,18599.1,18592.6,18595.9,10:20:00,18582.89827334316,0,14
2023-06-12,18604.05,18612.1,18597.5,18597.9,10:25:00,18584.912723500955,0,15
2023-06-12,18605.6,18607.15,18600.7,18603.95,10:30:00,18586.88294031039,0,16
2023-06-12,18604.65,18611.25,18604.25,18605.45,10:35:00,18588.575041233205,0,17
2023-06-12,18593.85,18607.15,18592.8,18605.1,10:40:00,18589.077418258614,0,18
2023-06-12,18595.65,18600.35,18590.1,18593.7,10:45:00,18589.70337842446,0,19
2023-06-12,18601.75,18603.55,18594.7,18595.95,10:50:00,18590.850675717367,0,20
2023-06-12,18602.35,18606.25,18599.3,18601.9,10:55:00,18591.94584945857,0,21
2023-06-12,18603.15,18603.65,18597.1,18601.95,11:00:00,18593.0129114149,0,22
2023-06-12,18609.6,18609.9,18603.65,18603.85,11:05:00,18594.592634137287,0,23
2023-06-12,18610.3,18611.1,18607.1,18609.5,11:10:00,18596.08857374326,0,24
2023-06-12,18607.6,18610.9,18604.35,18610.55,11:15:00,18597.184900053428,0,25
2023-06-12,18605.15,18613.8,18602.45,18608.05,11:20:00,18597.94348100072,0,26
2023-06-12,18601.9,18609.8,18600.6,18605.7,11:25:00,18598.320292333985,0,27
2023-06-12,18608.05,18610.35,18601.5,18601.8,11:30:00,18599.24693115932,0,28
2023-06-12,18606.8,18609.4,18599.0,18607.0,11:35:00,18599.966271048903,0,29
2023-06-12,18609.6,18611.9,18602.1,18607.35,11:40:00,18600.88376904425,0,30
2023-06-12,18610.0,18612.0,18607.15,18609.3,11:45:00,18601.751981516223,0,31
2023-06-12,18605.75,18610.85,18605.35,18610.05,11:50:00,18602.132745181345,0,32
2023-06-12,18615.95,18617.05,18605.4,18605.6,11:55:00,18603.448674211693,0,33
2023-06-12,18607.7,18620.75,18607.55,18616.4,12:00:00,18603.85356238201,0,34
2023-06-12,18606.2,18611.8,18606.2,18607.5,12:05:00,18604.077032631343,0,35
2023-06-12,18605.9,18608.5,18603.95,18606.45,12:10:00,18604.25064857121,0,36
2023-06-12,18602.45,18607.5,18601.95,18605.9,12:15:00,18604.0791582311,0,37
2023-06-12,18588.4,18601.95,18588.05,18601.95,12:20:00,18602.58590506624,0,38
2023-06-12,18583.25,18589.8,18578.85,18588.75,12:25:00,18600.74439029802,0,39
2023-06-12,18593.25,18595.6,18582.55,18583.55,12:30:00,18600.030638841065,0,40
2023-06-12,18592.6,18595.0,18586.75,18593.0,12:35:00,18599.32295895144,0,41
2023-06-12,18591.75,18594.35,18589.15,18592.7,12:40:00,18598.60172476559,0,42
2023-06-12,18593.55,18597.95,18586.75,18592.05,12:45:00,18598.120608121248,0,43
2023-06-12,18590.75,18597.15,18590.4,18593.6,12:50:00,18597.418645443035,0,44
2023-06-12,18590.4,18592.2,18586.95,18590.55,12:55:00,18596.75020301989,0,45
2023-06-12,18598.95,18600.7,18589.4,18590.35,13:00:00,18596.959707494185,0,46
2023-06-12,18596.15,18601.3,18595.6,18599.75,13:05:00,18596.882592494738,0,47
2023-06-12,18600.75,18603.55,18595.5,18596.45,13:10:00,18597.25091701905,0,48
2023-06-12,18610.3,18612.95,18600.85,18600.85,13:15:00,18598.49368682676,0,49
2023-06-12,18608.8,18611.45,18607.75,18609.25,13:20:00,18599.475240462307,0,50
2023-06-12,18605.05,18610.2,18604.35,18608.25,13:25:00,18600.006169942088,0,51
2023-06-12,18610.65,18613.4,18604.45,18604.9,13:30:00,18601.019868042844,0,52
2023-06-12,18607.45,18613.0,18604.75,18609.15,13:35:00,18601.632261562576,0,53
2023-06-12,18605.55,18609.8,18605.1,18607.0,13:40:00,18602.005379509,0,54
2023-06-12,18614.15,18617.65,18600.8,18605.15,13:45:00,18603.162010031952,0,55
2023-06-12,18616.0,18619.2,18612.55,18613.6,13:50:00,18604.3846757432,0,56
2023-06-12,18613.5,18617.8,18612.85,18615.35,13:55:00,18605.25280186289,0,57
2023-06-12,18616.2,18618.65,18612.85,18612.85,14:00:00,18606.295392161668,0,58
2023-06-12,18614.75,18616.8,18611.6,18615.45,14:05:00,18607.100592908177,0,59
2023-06-12,18620.65,18620.65,18605.1,18613.85,14:10:00,18608.391012631208,0,60
2023-06-12,18610.4,18625.1,18607.45,18620.6,14:15:00,18608.58234476157,0,61
2023-06-12,18596.8,18610.2,18591.4,18609.3,14:20:00,18607.46021668904,0,62
2023-06-12,18599.35,18602.05,18595.25,18597.3,14:25:00,18606.6878150996,0,63
2023-06-12,18601.0,18603.7,18595.5,18600.35,14:30:00,18606.14611842345,0,64
2023-06-12,18605.7,18607.85,18599.7,18601.25,14:35:00,18606.10363095456,0,65
2023-06-12,18606.15,18609.2,18604.05,18605.6,14:40:00,18606.10804705412,0,66
2023-06-12,18608.9,18613.95,18604.7,18606.55,14:45:00,18606.37394733468,0,67
2023-06-12,18608.55,18613.1,18608.4,18609.9,14:50:00,18606.581190445664,0,68
2023-06-12,18621.15,18621.15,18607.75,18608.85,14:55:00,18607.968696117507,0,69
2023-06-12,18605.3,18623.75,18604.8,18620.7,15:00:00,18607.71453458251,0,70
2023-06-12,18598.5,18605.45,18594.0,18605.15,15:05:00,18606.836959860364,0,71
2023-06-12,18596.7,18602.85,18593.85,18598.45,15:10:00,18605.87153511176,0,72
2023-06-12,18599.65,18599.7,18595.15,18597.25,15:15:00,18605.27900795826,0,73
2023-06-12,18605.85,18607.4,18593.8,18599.4,15:20:00,18605.33338815271,0,74
2023-06-12,18614.9,18615.55,18604.2,18606.55,15:25:00,18606.244494042927,0,75
2023-06-13,18672.6,18678.45,18631.8,18631.8,09:15:00,18614.766127776635,1,1
2023-06-13,18681.8,18683.55,18666.95,18671.7,09:20:00,18621.150306083626,1,2
2023-06-13,18680.35,18683.8,18677.6,18680.8,09:25:00,18626.788372170897,1,3
2023-06-13,18691.1,18693.15,18675.35,18679.75,09:30:00,18632.913289107,1,4
2023-06-13,18695.15,18698.05,18691.55,18691.95,09:35:00,18638.84059490633,1,5
2023-06-13,18697.35,18697.85,18691.9,18695.1,09:40:00,18644.41291920097,1,6
2023-06-13,18697.85,18699.9,18693.25,18697.65,09:45:00,18649.502164991354,1,7
2023-06-13,18695.9,18703.4,18695.8,18698.45,09:50:00,18653.921006420747,1,8
2023-06-13,18688.65,18696.1,18687.25,18695.7,09:55:00,18657.22852961877,1,9
2023-06-13,18691.6,18695.1,18687.6,18688.8,10:00:00,18660.50200298841,1,10
2023-06-13,18695.0,18695.8,18690.35,18692.05,10:05:00,18663.78752651333,1,11
2023-06-13,18698.55,18699.25,18694.25,18694.7,10:10:00,18667.09823827396,1,12
2023-06-13,18694.65,18699.3,18693.9,18698.2,10:15:00,18669.7222155812,1,13
2023-06-13,18693.25,18696.5,18692.4,18694.55,10:20:00,18671.96295695442,1,14
2023-06-13,18695.1,18699.55,18693.2,18693.5,10:25:00,18674.166484863523,1,15
2023-06-13,18699.45,18699.45,18692.25,18695.05,10:30:00,18676.57443868605,1,16
2023-06-13,18700.75,18703.9,18697.8,18699.7,10:35:00,18678.8768730969,1,17
2023-06-13,18701.45,18703.8,18697.8,18701.15,10:40:00,18681.02669470672,1,18
2023-06-13,18697.45,18702.0,18695.85,18701.6,10:45:00,18682.590819020363,1,19
2023-06-13,18697.05,18698.15,18690.05,18698.15,10:50:00,18683.967883875568,1,20
2023-06-13,18697.05,18697.7,18694.45,18696.4,10:55:00,18685.213799696943,1,21
2023-06-13,18707.2,18708.55,18694.6,18696.8,11:00:00,18687.30772353533,1,22
2023-06-13,18703.35,18711.4,18702.0,18707.45,11:05:00,18688.835559389103,1,23
2023-06-13,18707.5,18708.3,18702.45,18702.85,11:10:00,18690.613125161573,1,24
2023-06-13,18707.2,18709.55,18705.8,18707.05,11:15:00,18692.19282752714,1,25
2023-06-13,18711.95,18713.2,18706.8,18707.7,11:20:00,18694.074463000743,1,26
2023-06-13,18713.75,18718.4,18709.9,18711.65,11:25:00,18695.94832366734,1,27
2023-06-13,18709.85,18717.0,18709.5,18714.1,11:30:00,18697.27229284188,1,28
2023-06-13,18712.7,18713.25,18708.4,18709.65,11:35:00,18698.74159828552,1,29
2023-06-13,18709.85,18714.3,18708.85,18712.1,11:40:00,18699.79954130594,1,30
2023-06-13,18701.25,18710.65,18699.85,18710.0,11:45:00,18699.937680229184,1,31
2023-06-13,18709.85,18711.55,18701.05,18701.5,11:50:00,18700.88171068355,1,32
2023-06-13,18709.55,18713.1,18707.1,18709.4,11:55:00,18701.707262047017,1,33
2023-06-13,18706.65,18709.85,18704.05,18709.2,12:00:00,18702.17799899492,1,34
2023-06-13,18708.7,18710.05,18703.05,18705.4,12:05:00,18702.799141947784,1,35
2023-06-13,18709.45,18713.55,18704.05,18708.65,12:10:00,18703.43255700037,1,36
2023-06-13,18708.35,18714.4,18708.35,18709.85,12:15:00,18703.900884905102,1,37
2023-06-13,18708.05,18710.7,18705.1,18708.65,12:20:00,18704.296038723664,1,38
2023-06-13,18709.45,18712.25,18705.75,18707.4,12:25:00,18704.786892178552,1,39
2023-06-13,18702.95,18710.35,18702.95,18709.25,12:30:00,18704.611950066308,1,40
2023-06-13,18704.6,18708.5,18702.85,18702.85,12:35:00,18704.610811964754,1,41
2023-06-13,18709.6,18710.35,18703.5,18704.4,12:40:00,18705.085972730016,1,42
2023-06-13,18713.2,18714.75,18707.15,18709.85,12:45:00,18705.85873723192,1,43
2023-06-13,18711.85,18713.55,18709.2,18713.15,12:50:00,18706.42933368602,1,44
2023-06-13,18707.6,18713.25,18707.4,18711.65,12:55:00,18706.540825715925,1,45
2023-06-13,18707.85,18712.4,18705.7,18707.1,13:00:00,18706.66550898108,1,46
2023-06-13,18705.45,18710.3,18704.3,18707.6,13:05:00,18706.54974622097,1,47
2023-06-13,18712.6,18712.6,18702.15,18706.45,13:10:00,18707.1259608666,1,48
2023-06-13,18709.9,18714.4,18709.75,18711.8,13:15:00,18707.39015506978,1,49
2023-06-13,18707.7,18711.15,18705.95,18710.3,13:20:00,18707.41966411076,1,50
2023-06-13,18704.35,18713.0,18701.2,18707.1,13:25:00,18707.127315147824,1,51
2023-06-13,18708.0,18708.55,18703.9,18704.4,13:30:00,18707.21042799089,1,52
2023-06-13,18708.0,18709.35,18704.55,18708.25,13:35:00,18707.28562532509,1,53
2023-06-13,18709.8,18711.7,18706.3,18707.35,13:40:00,18707.525089579845,1,54
2023-06-13,18711.85,18715.05,18708.3,18709.85,13:45:00,18707.93698581033,1,55
2023-06-13,18702.5,18713.8,18701.6,18711.7,13:50:00,18707.419177637923,1,56
2023-06-13,18685.6,18704.95,18685.5,18702.55,13:55:00,18705.341160720025,1,57
2023-06-13,18690.05,18694.45,18683.4,18685.7,14:00:00,18703.884859699072,1,58
2023-06-13,18688.25,18691.8,18686.2,18690.55,14:05:00,18702.395825442018,1,59
2023-06-13,18694.9,18695.85,18685.5,18688.4,14:10:00,18701.68193730468,1,60
2023-06-13,18693.55,18698.8,18687.7,18694.2,14:15:00,18700.907467085188,1,61
2023-06-13,18692.6,18694.2,18689.55,18693.2,14:20:00,18700.116279743743,1,62
2023-06-13,18693.4,18700.1,18686.8,18692.55,14:25:00,18699.476634053863,1,63
2023-06-13,18691.1,18699.7,18689.5,18693.85,14:30:00,18698.678859382064,1,64
2023-06-13,18692.3,18695.25,18689.55,18691.35,14:35:00,18698.071348964724,1,65
2023-06-13,18691.6,18696.2,18686.4,18692.45,14:40:00,18697.455030015703,1,66
2023-06-13,18698.9,18700.7,18690.1,18692.05,14:45:00,18697.592646204685,1,67
2023-06-13,18698.05,18706.25,18697.65,18699.3,14:50:00,18697.636203709,1,68
2023-06-13,18708.35,18709.65,18697.5,18698.8,14:55:00,18698.656565260524,1,69
2023-06-13,18712.8,18715.5,18705.6,18708.05,15:00:00,18700.00355904524,1,70
2023-06-13,18713.75,18715.6,18707.15,18712.35,15:05:00,18701.31274389808,1,71
2023-06-13,18719.35,18722.45,18714.2,18714.35,15:10:00,18703.030577812544,1,72
2023-06-13,18722.85,18724.6,18716.3,18718.7,15:15:00,18704.9181418304,1,73
2023-06-13,18721.95,18727.75,18719.5,18723.8,15:20:00,18706.540223560834,1,74
2023-06-13,18718.65,18727.45,18714.0,18722.6,15:25:00,18707.69353560266,1,75
2023-06-14,18725.45,18745.7,18725.45,18744.6,09:15:00,18712.564776309664,2,1
2023-06-14,18709.5,18731.2,18709.5,18725.1,09:20:00,18712.2728928516,2,2
2023-06-14,18718.25,18721.05,18706.85,18709.05,09:25:00,18712.84214115145,2,3
2023-06-14,18715.1,18724.4,18710.6,18718.4,09:30:00,18713.0571753275,2,4
2023-06-14,18692.15,18717.75,18690.6,18715.1,09:35:00,18711.0660157725,2,5
2023-06-14,18701.6,18702.95,18690.65,18691.45,09:40:00,18710.16449046084,2,6
2023-06-14,18709.25,18717.4,18696.9,18700.1,09:45:00,18710.07739613123,2,7
2023-06-14,18708.2,18716.15,18698.1,18708.6,09:50:00,18709.898596499683,2,8
2023-06-14,18702.8,18708.35,18696.5,18707.9,09:55:00,18709.22253969019,2,9
2023-06-14,18706.0,18707.6,18696.65,18702.5,10:00:00,18708.915631148266,2,10
2023-06-14,18705.75,18709.25,18702.6,18707.45,10:05:00,18708.61414246748,2,11
2023-06-14,18707.55,18710.6,18701.65,18705.65,10:10:00,18708.512795565817,2,12
2023-06-14,18704.2,18712.3,18704.2,18707.75,10:15:00,18708.102053130977,2,13
2023-06-14,18710.6,18713.9,18702.5,18705.15,10:20:00,18708.33995283279,2,14
2023-06-14,18709.6,18713.95,18708.25,18710.9,10:25:00,18708.459957324903,2,15
2023-06-14,18711.05,18720.8,18709.7,18709.7,10:30:00,18708.706628055865,2,16
2023-06-14,18712.0,18716.45,18710.65,18710.65,10:35:00,18709.020282526733,2,17
2023-06-14,18717.35,18719.75,18711.2,18712.8,10:40:00,18709.81358895276,2,18
2023-06-14,18732.55,18733.8,18717.4,18717.55,10:45:00,18711.978961433448,2,19
2023-06-14,18739.4,18741.35,18731.25,18732.0,10:50:00,18714.590488915976,2,20
2023-06-14,18738.4,18740.8,18736.35,18739.85,10:55:00,18716.85806140017,2,21
2023-06-14,18731.6,18740.8,18731.25,18738.25,11:00:00,18718.26205555253,2,22
2023-06-14,18721.5,18733.3,18721.2,18732.15,11:05:00,18718.5704312142,2,23
2023-06-14,18726.4,18728.35,18719.25,18721.6,11:10:00,18719.31610443189,2,24
2023-06-14,18726.5,18730.35,18724.9,18727.1,11:15:00,18720.000284962192,2,25
2023-06-14,18732.05,18733.25,18726.7,18727.1,11:20:00,18721.14787687056,2,26
2023-06-14,18726.6,18733.95,18726.55,18732.65,11:25:00,18721.66712669241,2,27
2023-06-14,18729.05,18730.95,18725.65,18726.0,11:30:00,18722.37025748361,2,28
2023-06-14,18731.8,18733.35,18728.35,18728.85,11:35:00,18723.268328199458,2,29
2023-06-14,18727.0,18733.45,18723.65,18731.8,11:40:00,18723.6237255138,2,30
2023-06-14,18729.8,18731.55,18725.95,18727.8,11:45:00,18724.21194213153,2,31
2023-06-14,18730.1,18732.6,18727.85,18730.45,11:50:00,18724.77270954757,2,32
2023-06-14,18740.15,18742.9,18729.85,18730.4,11:55:00,18726.237213400185,2,33
2023-06-14,18738.85,18743.4,18737.2,18739.75,12:00:00,18727.4384311716,2,34
2023-06-14,18736.05,18741.45,18734.0,18738.75,12:05:00,18728.258580583824,2,35
2023-06-14,18743.95,18745.6,18735.85,18735.85,12:10:00,18729.753001480603,2,36
2023-06-14,18746.75,18748.65,18740.3,18744.15,12:15:00,18731.37176324436,2,37
2023-06-14,18747.4,18749.6,18743.35,18747.3,12:20:00,18732.89826198299,2,38
2023-06-14,18740.75,18747.8,18737.85,18747.45,12:25:00,18733.64604655604,2,39
2023-06-14,18739.9,18746.4,18738.6,18741.2,12:30:00,18734.241661169748,2,40
2023-06-14,18746.75,18747.05,18737.45,18740.05,12:35:00,18735.43293153453,2,41
2023-06-14,18738.2,18748.85,18738.2,18746.85,12:40:00,18735.69646186458,2,42
2023-06-14,18745.05,18748.0,18738.65,18739.05,12:45:00,18736.58727502033,2,43
2023-06-14,18743.35,18748.3,18741.65,18745.15,12:50:00,18737.23134406601,2,44
2023-06-14,18741.95,18744.9,18740.65,18743.7,12:55:00,18737.68073986925,2,45
2023-06-14,18744.65,18749.75,18741.65,18742.65,13:00:00,18738.344478929324,2,46
2023-06-14,18746.75,18749.25,18744.9,18744.95,13:05:00,18739.14500474558,2,47
2023-06-14,18757.6,18758.8,18746.3,18747.35,13:10:00,18740.90262334124,2,48
2023-06-14,18753.85,18758.15,18751.2,18757.4,13:15:00,18742.13570683255,2,49
2023-06-14,18757.4,18760.2,18754.1,18754.1,13:20:00,18743.589449038973,2,50
2023-06-14,18759.2,18762.45,18755.5,18757.0,13:25:00,18745.07616817812,2,51
2023-06-14,18760.65,18763.05,18757.8,18759.45,13:30:00,18746.559390256392,2,52
2023-06-14,18763.4,18768.0,18759.4,18761.1,13:35:00,18748.16325785102,2,53
2023-06-14,18762.1,18768.6,18759.6,18763.2,13:40:00,18749.49056662711,2,54
2023-06-14,18759.0,18763.5,18755.0,18763.35,13:45:00,18750.39622694833,2,55
2023-06-14,18761.95,18763.3,18756.9,18759.25,13:50:00,18751.49658628659,2,56
2023-06-14,18762.25,18764.3,18759.95,18762.0,13:55:00,18752.52072092596,2,57
2023-06-14,18764.7,18767.35,18761.4,18762.6,14:00:00,18753.680652266343,2,58
2023-06-14,18762.75,18766.3,18760.4,18764.25,14:05:00,18754.54439966955,2,59
2023-06-14,18766.05,18767.9,18762.0,18763.25,14:10:00,18755.640171129595,2,60
2023-06-14,18764.25,18767.6,18759.75,18766.75,14:15:00,18756.460154831537,2,61
2023-06-14,18758.1,18767.6,18757.6,18764.5,14:20:00,18756.61633056187,2,62
2023-06-14,18753.5,18758.3,18748.25,18758.15,14:25:00,18756.319537175023,2,63
2023-06-14,18756.55,18764.15,18752.55,18753.05,14:30:00,18756.34148601549,2,64
2023-06-14,18758.95,18761.2,18755.15,18757.15,14:35:00,18756.58991591878,2,65
2023-06-14,18757.75,18762.05,18755.05,18759.6,14:40:00,18756.70040011699,2,66
2023-06-14,18754.55,18761.25,18751.1,18757.85,14:45:00,18756.495600105853,2,67
2023-06-14,18760.15,18760.35,18750.05,18754.3,14:50:00,18756.84363819101,2,68
2023-06-14,18757.7,18763.05,18754.8,18760.5,14:55:00,18756.92519645853,2,69
2023-06-14,18756.8,18769.5,18755.95,18757.9,15:00:00,18756.91327298629,2,70
2023-06-14,18755.2,18758.05,18753.15,18756.45,15:05:00,18756.750104130453,2,71
2023-06-14,18758.4,18759.65,18754.7,18755.2,15:10:00,18756.90723707041,2,72
2023-06-14,18757.0,18760.7,18754.3,18758.55,15:15:00,18756.916071635133,2,73
2023-06-14,18750.65,18757.2,18749.25,18756.75,15:20:00,18756.319302907978,2,74
2023-06-14,18749.65,18752.3,18745.1,18750.95,15:25:00,18755.68413120245,2,75
2023-06-15,18732.05,18774.45,18725.75,18774.45,09:15:00,18755.050275202007,3,1
2023-06-15,18730.2,18743.15,18722.85,18731.7,09:20:00,18752.683582325622,3,2
2023-06-15,18749.5,18749.5,18722.25,18729.65,09:25:00,18752.380384008902,3,3
2023-06-15,18736.15,18749.3,18733.9,18748.75,09:30:00,18750.83463315092,3,4
2023-06-15,18732.25,18740.45,18730.3,18736.35,09:35:00,18749.06466808892,3,5
2023-06-15,18742.0,18742.6,18728.3,18732.25,09:40:00,18748.391842556644,3,6
2023-06-15,18763.25,18765.5,18741.05,18742.5,09:45:00,18749.8069051703,3,7
2023-06-15,18767.65,18767.65,18757.1,18762.75,09:50:00,18751.506247535035,3,8
2023-06-15,18772.1,18777.1,18765.0,18767.75,09:55:00,18753.467557293603,3,9
2023-06-15,18776.5,18779.4,18767.55,18772.05,10:00:00,18755.66112326564,3,10
2023-06-15,18780.0,18783.2,18776.65,18777.05,10:05:00,18757.97911152605,3,11
2023-06-15,18776.4,18780.5,18775.85,18779.85,10:10:00,18759.733481856903,3,12
2023-06-15,18783.3,18784.2,18772.85,18775.65,10:15:00,18761.97791215625,3,13
2023-06-15,18792.25,18792.65,18783.35,18783.35,10:20:00,18764.860968141365,3,14
2023-06-15,18788.15,18793.9,18786.65,18792.3,10:25:00,18767.07897117552,3,15
2023-06-15,18782.85,18792.25,18782.65,18787.7,10:30:00,18768.580973920707,3,16
2023-06-15,18784.45,18785.45,18778.3,18783.2,10:35:00,18770.09230973778,3,17
2023-06-15,18781.8,18786.4,18781.25,18784.4,10:40:00,18771.207327857992,3,18
2023-06-15,18783.5,18786.1,18780.35,18781.65,10:45:00,18772.378058538183,3,19
2023-06-15,18776.75,18787.95,18776.75,18783.55,10:50:00,18772.794433915504,3,20
2023-06-15,18777.35,18782.3,18773.85,18776.45,10:55:00,18773.22829735212,3,21
2023-06-15,18776.9,18784.45,18773.35,18776.8,11:00:00,18773.577983318584,3,22
2023-06-15,18761.7,18778.9,18761.4,18776.65,11:05:00,18772.446746812053,3,23
2023-06-15,18762.3,18772.4,18759.9,18761.4,11:10:00,18771.480389972807,3,24
2023-06-15,18752.4,18762.6,18750.9,18762.4,11:15:00,18769.6632099754,3,25
2023-06-15,18738.85,18751.6,18734.6,18751.6,11:20:00,18766.72861854917,3,26
2023-06-15,18738.9,18742.6,18736.15,18738.55,11:25:00,18764.078273925443,3,27
2023-06-15,18718.25,18740.4,18717.2,18739.6,11:30:00,18759.713676408734,3,28
2023-06-15,18723.75,18726.6,18714.55,18718.45,11:35:00,18756.288564369806,3,29
2023-06-15,18721.75,18731.1,18721.2,18723.35,11:40:00,18752.99917728697,3,30
2023-06-15,18717.2,18722.1,18710.65,18721.6,11:45:00,18749.589731831067,3,31
2023-06-15,18718.5,18721.95,18715.7,18717.5,11:50:00,18746.62880499001,3,32
2023-06-15,18728.65,18730.1,18717.9,18718.3,11:55:00,18744.91653784811,3,33
2023-06-15,18716.55,18734.45,18715.5,18728.75,12:00:00,18742.21496281496,3,34
2023-06-15,18728.5,18729.8,18715.8,18716.1,12:05:00,18740.9087758802,3,35
2023-06-15,18727.1,18732.9,18723.0,18728.9,12:10:00,18739.5936543678,3,36
2023-06-15,18732.8,18733.3,18723.85,18726.55,12:15:00,18738.946639666105,3,37
2023-06-15,18742.15,18743.15,18732.35,18732.6,12:20:00,18739.251721602668,3,38
2023-06-15,18729.7,18746.35,18728.4,18742.25,12:25:00,18738.342033830984,3,39
2023-06-15,18732.2,18739.95,18730.0,18730.0,12:30:00,18737.757078228035,3,40
2023-06-15,18731.3,18733.7,18721.1,18732.4,12:35:00,18737.1421183968,3,41
2023-06-15,18724.15,18735.1,18720.2,18731.45,12:40:00,18735.904773787577,3,42
2023-06-15,18735.35,18735.8,18723.65,18723.65,12:45:00,18735.85193818876,3,43
2023-06-15,18736.25,18740.5,18734.75,18735.25,12:50:00,18735.88984883745,3,44
2023-06-15,18735.85,18739.5,18734.0,18735.75,12:55:00,18735.88605371008,3,45
2023-06-15,18728.0,18740.15,18728.0,18735.35,13:00:00,18735.13500097578,3,46
2023-06-15,18722.3,18728.35,18719.75,18728.35,13:05:00,18733.912619930463,3,47
2023-06-15,18723.3,18724.15,18715.4,18722.35,13:10:00,18732.901894222803,3,48
2023-06-15,18727.75,18729.9,18723.0,18723.5,13:15:00,18732.41123763016,3,49
2023-06-15,18717.6,18728.65,18717.6,18727.3,13:20:00,18731.000643570136,3,50
2023-06-15,18732.0,18734.15,18717.15,18718.55,13:25:00,18731.09582037298,3,51
2023-06-15,18746.65,18749.85,18731.6,18731.6,13:30:00,18732.57717081365,3,52
2023-06-15,18754.45,18755.85,18744.4,18745.9,13:35:00,18734.66029740283,3,53
2023-06-15,18740.15,18757.35,18740.15,18754.9,13:40:00,18735.183126221607,3,54
2023-06-15,18737.35,18748.7,18734.1,18739.9,13:45:00,18735.38949515288,3,55
2023-06-15,18741.25,18743.2,18734.0,18737.65,13:50:00,18735.94763847165,3,56
2023-06-15,18736.95,18748.25,18734.95,18741.55,13:55:00,18736.043101474355,3,57
2023-06-15,18721.6,18744.4,18721.55,18737.15,14:00:00,18734.66756800061,3,58
2023-06-15,18720.15,18727.95,18717.95,18722.1,14:05:00,18733.28494247674,3,59
2023-06-15,18705.8,18728.7,18703.35,18719.85,14:10:00,18730.66732890753,3,60
2023-06-15,18702.4,18714.1,18698.55,18705.15,14:15:00,18727.975202344907,3,61
2023-06-15,18697.15,18711.7,18693.25,18703.05,14:20:00,18725.03946878825,3,62
2023-06-15,18702.75,18710.7,18696.95,18697.4,14:25:00,18722.91666223699,3,63
2023-06-15,18699.6,18705.5,18698.85,18703.55,14:30:00,18720.696027738228,3,64
2023-06-15,18687.6,18701.75,18682.35,18700.05,14:35:00,18717.544025096493,3,65
2023-06-15,18689.8,18694.95,18682.65,18687.5,14:40:00,18714.901736992066,3,66
2023-06-15,18679.2,18697.15,18677.75,18689.4,14:45:00,18711.50157156425,3,67
2023-06-15,18677.4,18690.6,18674.4,18678.65,14:50:00,18708.253802843847,3,68
2023-06-15,18677.5,18679.6,18669.05,18677.5,14:55:00,18705.32486923967,3,69
2023-06-15,18696.05,18696.05,18676.7,18676.7,15:00:00,18704.4415483597,3,70
2023-06-15,18700.35,18701.45,18680.4,18695.95,15:05:00,18704.05187708735,3,71
2023-06-15,18682.65,18702.45,18682.65,18701.45,15:10:00,18702.01360307903,3,72
2023-06-15,18683.35,18690.25,18682.5,18684.1,15:15:00,18700.2361170715,3,73
2023-06-15,18682.9,18687.3,18682.0,18683.6,15:20:00,18698.585058302782,3,74
2023-06-15,18682.15,18688.45,18678.85,18683.4,15:25:00,18697.0198146549,3,75
2023-06-16,18744.75,18750.75,18712.7,18723.3,09:15:00,18703.83005235923,4,1
2023-06-16,18744.95,18747.6,18734.95,18746.1,09:20:00,18707.746237848827,4,2
2023-06-16,18752.05,18754.7,18744.55,18745.5,09:25:00,18711.965643767988,4,3
2023-06-16,18766.6,18767.35,18751.85,18751.85,09:30:00,18717.168915790084,4,4
2023-06-16,18766.1,18769.65,18760.8,18767.15,09:35:00,18721.82901904817,4,5
2023-06-16,18768.3,18770.85,18763.15,18766.35,09:40:00,18726.25482675787,4,6
2023-06-16,18771.0,18775.2,18768.15,18768.35,09:45:00,18730.51627182855,4,7
2023-06-16,18770.8,18771.85,18759.65,18771.2,09:50:00,18734.35281736869,4,8
2023-06-16,18757.3,18772.0,18753.6,18771.05,09:55:00,18736.53826333358,4,9
2023-06-16,18754.4,18760.95,18753.95,18757.15,10:00:00,18738.239381111336,4,10
2023-06-16,18747.05,18757.9,18746.15,18753.85,10:05:00,18739.078487672163,4,11
2023-06-16,18765.05,18766.25,18746.2,18747.05,10:10:00,18741.55196503672,4,12
2023-06-16,18768.75,18771.45,18765.05,18765.05,10:15:00,18744.14225408084,4,13
2023-06-16,18769.6,18771.0,18767.3,18768.6,10:20:00,18746.56680131124,4,14
2023-06-16,18782.55,18783.6,18769.65,18769.65,10:25:00,18749.99377261493,4,15
2023-06-16,18778.6,18785.3,18776.7,18781.75,10:30:00,18752.71817522303,4,16
2023-06-16,18772.65,18779.7,18770.75,18778.5,10:35:00,18754.61644424941,4,17
2023-06-16,18777.5,18779.9,18772.2,18772.55,10:40:00,18756.79583051137,4,18
2023-06-16,18766.8,18777.15,18765.25,18776.5,10:45:00,18757.748608557908,4,19
2023-06-16,18766.9,18769.6,18763.35,18767.0,10:50:00,18758.62016964763,4,20
2023-06-16,18771.7,18773.55,18765.45,18766.6,10:55:00,18759.86586777643,4,21
2023-06-16,18762.1,18772.65,18761.45,18771.85,11:00:00,18760.07864227391,4,22
2023-06-16,18763.25,18765.1,18759.1,18762.45,11:05:00,18760.380676343066,4,23
2023-06-16,18762.3,18766.0,18760.0,18763.5,11:10:00,18760.56346907229,4,24
2023-06-16,18767.25,18770.8,18761.0,18762.9,11:15:00,18761.2002815416,4,25
2023-06-16,18751.4,18768.2,18750.9,18766.95,11:20:00,18760.266921394777,4,26
2023-06-16,18760.35,18760.35,18747.75,18751.3,11:25:00,18760.274833642896,4,27
2023-06-16,18758.5,18763.25,18756.6,18760.05,11:30:00,18760.105801867383,4,28
2023-06-16,18759.45,18761.6,18751.55,18759.1,11:35:00,18760.04334454668,4,29
2023-06-16,18766.9,18767.7,18756.95,18759.45,11:40:00,18760.69635935176,4,30
2023-06-16,18771.7,18772.7,18765.25,18766.5,11:45:00,18761.744325127776,4,31
2023-06-16,18770.3,18774.05,18769.55,18771.9,11:50:00,18762.559151306086,4,32
2023-06-16,18772.45,18772.45,18767.2,18770.35,11:55:00,18763.501136895982,4,33
2023-06-16,18777.9,18777.9,18768.05,18771.95,12:00:00,18764.872457191603,4,34
2023-06-16,18768.75,18777.9,18765.1,18776.55,12:05:00,18765.24174698288,4,35
2023-06-16,18765.2,18769.35,18763.75,18768.3,12:10:00,18765.23777107975,4,36
2023-06-16,18767.05,18768.35,18763.25,18765.15,12:15:00,18765.410364310246,4,37
2023-06-16,18761.0,18768.0,18759.7,18766.25,12:20:00,18764.99032961404,4,38
2023-06-16,18757.85,18762.95,18756.55,18760.95,12:25:00,18764.310298222223,4,39
2023-06-16,18756.7,18761.45,18749.15,18758.0,12:30:00,18763.585507915344,4,40
2023-06-16,18748.9,18757.4,18747.35,18756.75,12:35:00,18762.18688811388,4,41
2023-06-16,18750.45,18751.3,18747.45,18748.4,12:40:00,18761.06908924589,4,42
2023-06-16,18758.85,18759.25,18747.9,18751.25,12:45:00,18760.85774741295,4,43
2023-06-16,18758.15,18762.75,18757.2,18758.15,12:50:00,18760.599866706954,4,44
2023-06-16,18759.5,18759.6,18751.1,18757.4,12:55:00,18760.49511749677,4,45
2023-06-16,18764.85,18764.95,18759.3,18759.65,13:00:00,18760.90986821136,4,46
2023-06-16,18758.75,18766.5,18757.95,18764.9,13:05:00,18760.704166476942,4,47
2023-06-16,18764.4,18765.25,18756.55,18758.35,13:10:00,18761.056150622,4,48
2023-06-16,18760.6,18766.9,18760.4,18764.05,13:15:00,18761.012707705617,4,49
2023-06-16,18765.35,18766.4,18757.55,18760.1,13:20:00,18761.425783162227,4,50
2023-06-16,18762.25,18768.6,18760.7,18764.85,13:25:00,18761.504280003923,4,51
2023-06-16,18763.35,18768.25,18758.25,18761.4,13:30:00,18761.68006286069,4,52
2023-06-16,18763.55,18768.75,18760.15,18763.3,13:35:00,18761.85815211205,4,53
2023-06-16,18767.9,18770.2,18762.85,18762.85,13:40:00,18762.43356619662,4,54
2023-06-16,18765.1,18770.65,18763.5,18769.05,13:45:00,18762.687512273136,4,55
2023-06-16,18757.25,18767.2,18756.0,18765.2,13:50:00,18762.16965396141,4,56
2023-06-16,18766.4,18767.05,18757.0,18757.0,13:55:00,18762.572544060324,4,57
2023-06-16,18768.5,18772.35,18764.3,18765.75,14:00:00,18763.13706367363,4,58
2023-06-16,18773.5,18777.85,18767.35,18767.5,14:05:00,18764.124009990428,4,59
2023-06-16,18789.85,18790.95,18773.15,18773.65,14:10:00,18766.574104277053,4,60
2023-06-16,18804.35,18806.2,18790.05,18790.05,14:15:00,18770.171808631618,4,61
2023-06-16,18805.75,18809.75,18802.15,18804.65,14:20:00,18773.56020780956,4,62
2023-06-16,18808.2,18811.8,18800.85,18805.4,14:25:00,18776.85923563722,4,63
2023-06-16,18806.8,18808.85,18802.2,18806.55,14:30:00,18779.7107370051,4,64
2023-06-16,18820.3,18821.35,18803.55,18805.2,14:35:00,18783.57638109985,4,65
2023-06-16,18823.9,18826.15,18818.0,18820.55,14:40:00,18787.41672575701,4,66
2023-06-16,18836.75,18839.1,18823.0,18824.45,14:45:00,18792.115132827774,4,67
2023-06-16,18845.45,18864.7,18836.75,18837.1,14:50:00,18797.19464398704,4,68
2023-06-16,18851.9,18856.15,18843.85,18844.35,14:55:00,18802.40467789303,4,69
2023-06-16,18837.3,18854.5,18837.05,18853.55,15:00:00,18805.728041903218,4,70
2023-06-16,18825.25,18838.95,18823.05,18837.55,15:05:00,18807.587276007675,4,71
2023-06-16,18823.0,18826.75,18819.65,18823.75,15:10:00,18809.055154483136,4,72
2023-06-16,18814.7,18826.0,18807.4,18823.05,15:15:00,18809.59275881808,4,73
2023-06-16,18821.7,18824.95,18807.75,18814.5,15:20:00,18810.74582940683,4,74
2023-06-16,18823.6,18827.5,18817.6,18821.7,15:25:00,18811.97003612999,4,75
2023-06-19,18875.5,18879.0,18847.7,18873.3,09:15:00,18823.30517696809,0,1
2023-06-19,18863.75,18875.8,18863.5,18873.85,09:20:00,18827.15706487589,0,2
2023-06-19,18854.65,18863.5,18844.35,18863.3,09:25:00,18829.775439649617,0,3
2023-06-19,18843.2,18857.0,18839.25,18855.0,09:30:00,18831.0539692068,0,4
2023-06-19,18835.85,18847.3,18834.55,18842.2,09:35:00,18831.51073404424,0,5
2023-06-19,18840.85,18846.3,18834.2,18836.25,09:40:00,18832.40018794479,0,6
2023-06-19,18844.15,18844.65,18835.85,18840.65,09:45:00,18833.519217664336,0,7
2023-06-19,18838.6,18843.6,18827.7,18843.3,09:50:00,18834.003101696304,0,8
2023-06-19,18838.05,18840.5,18835.35,18839.2,09:55:00,18834.388520582368,0,9
2023-06-19,18822.4,18840.9,18821.15,18838.25,10:00:00,18833.24675671738,0,10
2023-06-19,18823.45,18828.15,18816.05,18821.75,10:05:00,18832.313732268107,0,11
2023-06-19,18827.05,18831.05,18822.65,18822.65,10:10:00,18831.81242443305,0,12
2023-06-19,18812.5,18828.35,18812.5,18827.05,10:15:00,18829.973145915617,0,13
2023-06-19,18805.85,18812.95,18802.55,18811.75,10:20:00,18827.67570344746,0,14
2023-06-19,18804.25,18806.5,18798.15,18805.7,10:25:00,18825.44468407151,0,15
2023-06-19,18792.95,18808.6,18792.6,18805.1,10:30:00,18822.349952255176,0,16
2023-06-19,18800.2,18800.25,18789.9,18792.95,10:35:00,18820.240432992778,0,17
2023-06-19,18799.6,18804.8,18793.2,18799.8,10:40:00,18818.274677469657,0,18
2023-06-19,18789.45,18800.4,18785.8,18800.4,10:45:00,18815.529470091595,0,19
2023-06-19,18791.65,18796.0,18787.65,18789.55,10:50:00,18813.25523484478,0,20
2023-06-19,18787.3,18792.55,18785.15,18792.1,10:55:00,18810.783307716705,0,21
2023-06-19,18775.45,18788.8,18774.95,18786.9,11:00:00,18807.418230791307,0,22
2023-06-19,18770.8,18775.35,18767.7,18775.1,11:05:00,18803.93078023976,0,23
2023-06-19,18779.25,18780.5,18769.35,18770.75,11:10:00,18801.58022974073,0,24
2023-06-19,18778.25,18784.85,18774.75,18779.35,11:15:00,18799.35830309876,0,25
2023-06-19,18784.0,18784.85,18774.3,18777.5,11:20:00,18797.895607565544,0,26
2023-06-19,18778.5,18786.6,18776.9,18784.55,11:25:00,18796.048406845017,0,27
2023-06-19,18776.1,18779.2,18773.45,18779.1,11:30:00,18794.148558574063,0,28
2023-06-19,18774.9,18781.25,18769.5,18776.5,11:35:00,18792.315362519388,0,29
2023-06-19,18779.1,18781.3,18772.6,18773.7,11:40:00,18791.05675656516,0,30
2023-06-19,18767.4,18780.8,18766.8,18779.55,11:45:00,18788.803732130385,0,31
2023-06-19,18770.25,18772.65,18762.2,18767.15,11:50:00,18787.03671002273,0,32
2023-06-19,18771.1,18775.45,18769.0,18770.1,11:55:00,18785.518928115805,0,33
2023-06-19,18773.75,18775.45,18765.35,18772.3,12:00:00,18784.398077819063,0,34
2023-06-19,18774.05,18777.3,18770.85,18773.4,12:05:00,18783.4125465982,0,35
2023-06-19,18780.45,18785.85,18771.8,18773.6,12:10:00,18783.13039930313,0,36
2023-06-19,18792.7,18793.3,18779.65,18780.1,12:15:00,18784.04178984569,0,37
2023-06-19,18786.3,18796.45,18784.05,18792.8,12:20:00,18784.256857479435,0,38
2023-06-19,18786.15,18789.2,18784.35,18786.9,12:25:00,18784.437156767108,0,39
2023-06-19,18788.25,18792.55,18783.55,18787.9,12:30:00,18784.800284694047,0,40
2023-06-19,18782.2,18789.55,18781.55,18789.55,12:35:00,18784.55263853271,0,41
2023-06-19,18781.15,18786.6,18780.65,18782.9,12:40:00,18784.22857772008,0,42
2023-06-19,18781.95,18783.3,18776.3,18781.6,12:45:00,18784.01157031816,0,43
2023-06-19,18777.0,18783.35,18774.8,18781.75,12:50:00,18783.34380171644,0,44
2023-06-19,18779.3,18781.9,18774.55,18776.3,12:55:00,18782.95867774344,0,45
2023-06-19,18793.2,18793.45,18777.4,18779.35,13:00:00,18783.93404176788,0,46
2023-06-19,18779.2,18796.5,18779.2,18794.5,13:05:00,18783.483180647127,0,47
2023-06-19,18759.25,18779.7,18755.3,18778.3,13:10:00,18781.17525868073,0,48
2023-06-19,18740.65,18762.5,18738.45,18759.0,13:15:00,18777.315710234947,0,49
2023-06-19,18737.2,18744.7,18733.2,18739.65,13:20:00,18773.49516640305,0,50
2023-06-19,18735.9,18739.65,18732.45,18736.85,13:25:00,18769.914674364663,0,51
2023-06-19,18723.4,18738.35,18719.15,18735.95,13:30:00,18765.484705377552,0,52
2023-06-19,18737.35,18740.8,18723.35,18723.85,13:35:00,18762.80520962731,0,53
2023-06-19,18733.0,18740.45,18725.8,18738.05,13:40:00,18759.96661823423,0,54
2023-06-19,18733.7,18739.0,18731.3,18734.65,13:45:00,18757.465035545258,0,55
2023-06-19,18739.25,18739.6,18729.75,18733.55,13:50:00,18755.73027025524,0,56
2023-06-19,18735.75,18747.85,18731.5,18740.25,13:55:00,18753.82738737378,0,57
2023-06-19,18732.9,18738.05,18726.3,18736.2,14:00:00,18751.834302862,0,58
2023-06-19,18731.05,18737.9,18730.0,18732.05,14:05:00,18749.854845446567,0,59
2023-06-19,18734.1,18736.2,18725.1,18731.4,14:10:00,18748.354383975467,0,60
2023-06-19,18734.8,18738.1,18728.95,18734.2,14:15:00,18747.06349026352,0,61
2023-06-19,18733.9,18739.3,18733.2,18734.5,14:20:00,18745.80982452413,0,62
2023-06-19,18732.5,18744.3,18731.3,18734.5,14:25:00,18744.542222188506,0,63
2023-06-19,18740.85,18740.85,18729.45,18731.85,14:30:00,18744.19058198007,0,64
2023-06-19,18763.1,18767.95,18739.2,18739.75,14:35:00,18745.99147893435,0,65
2023-06-19,18768.35,18773.85,18752.7,18763.15,14:40:00,18748.120861892985,0,66
2023-06-19,18765.25,18774.0,18765.25,18770.4,14:45:00,18749.75220837937,0,67
2023-06-19,18774.45,18776.95,18765.4,18765.65,14:50:00,18752.104379009907,0,68
2023-06-19,18771.1,18786.0,18769.0,18774.2,14:55:00,18753.913485770867,0,69
2023-06-19,18750.8,18780.85,18749.55,18771.15,15:00:00,18753.616963316497,0,70
2023-06-19,18755.0,18755.0,18746.9,18750.95,15:05:00,18753.74868109588,0,71
2023-06-19,18760.5,18763.8,18751.75,18754.45,15:10:00,18754.39166384865,0,72
2023-06-19,18755.9,18763.65,18753.4,18761.1,15:15:00,18754.53531491069,0,73
2023-06-19,18754.2,18758.7,18747.15,18755.9,15:20:00,18754.50338015729,0,74
2023-06-19,18754.2,18755.85,18746.85,18755.1,15:25:00,18754.474486808977,0,75
2023-06-20,18713.6,18758.65,18711.05,18752.35,09:15:00,18750.39861618604,1,1
2023-06-20,18691.95,18715.05,18689.85,18714.6,09:20:00,18744.83208131117,1,2
2023-06-20,18677.85,18695.4,18675.3,18692.2,09:25:00,18738.452835472013,1,3
2023-06-20,18675.8,18680.8,18669.4,18677.85,09:30:00,18732.485898760395,1,4
2023-06-20,18697.95,18699.85,18675.4,18676.55,09:35:00,18729.19676554512,1,5
2023-06-20,18688.2,18703.8,18684.1,18699.1,09:40:00,18725.29231168368,1,6
2023-06-20,18700.75,18700.85,18688.8,18689.4,09:45:00,18722.954948666185,1,7
2023-06-20,18699.75,18708.0,18694.5,18700.55,09:50:00,18720.74495355512,1,8
2023-06-20,18696.9,18703.85,18692.8,18699.4,09:55:00,18718.47400559749,1,9
2023-06-20,18708.95,18712.35,18697.05,18697.05,10:00:00,18717.56695744535,1,10
2023-06-20,18702.65,18711.85,18701.0,18709.2,10:05:00,18716.14629483151,1,11
2023-06-20,18695.55,18704.25,18695.5,18702.85,10:10:00,18714.184742942794,1,12
2023-06-20,18689.25,18695.4,18688.2,18695.05,10:15:00,18711.81000551968,1,13
2023-06-20,18685.1,18694.15,18684.55,18689.5,10:20:00,18709.26619547018,1,14
2023-06-20,18668.4,18684.85,18668.4,18684.5,10:25:00,18705.374176853973,1,15
2023-06-20,18667.15,18669.65,18661.15,18668.3,10:30:00,18701.733779058355,1,16
2023-06-20,18665.8,18668.75,18663.8,18666.3,10:35:00,18698.31151438613,1,17
2023-06-20,18672.1,18674.5,18665.85,18665.95,10:40:00,18695.81517968269,1,18
2023-06-20,18674.2,18678.35,18671.55,18671.9,10:45:00,18693.75659114148,1,19
2023-06-20,18672.95,18677.35,18670.55,18673.45,10:50:00,18691.77501103277,1,20
2023-06-20,18688.45,18688.55,18673.25,18674.05,10:55:00,18691.45834331536,1,21
2023-06-20,18691.95,18693.65,18683.35,18687.85,11:00:00,18691.50516776152,1,22
2023-06-20,18695.55,18696.1,18689.5,18691.5,11:05:00,18691.89038987947,1,23
2023-06-20,18699.9,18701.75,18694.05,18695.0,11:10:00,18692.653209890952,1,24
2023-06-20,18706.15,18706.9,18696.0,18699.1,11:15:00,18693.938618472766,1,25
2023-06-20,18701.35,18708.6,18697.3,18705.7,11:20:00,18694.6444643325,1,26
2023-06-20,18712.4,18712.4,18699.8,18700.8,11:25:00,18696.33546772941,1,27
2023-06-20,18720.45,18720.45,18709.4,18710.65,11:30:00,18698.63208985042,1,28
2023-06-20,18724.55,18727.1,18713.9,18720.65,11:35:00,18701.100462245617,1,29
2023-06-20,18721.45,18729.9,18720.15,18724.3,11:40:00,18703.03851346032,1,30
2023-06-20,18727.25,18728.3,18719.45,18720.55,11:45:00,18705.344369321243,1,31
2023-06-20,18720.0,18731.25,18719.3,18726.6,11:50:00,18706.7401436716,1,32
2023-06-20,18717.85,18720.35,18711.25,18720.1,11:55:00,18707.798225226685,1,33
2023-06-20,18711.9,18718.45,18709.9,18717.75,12:00:00,18708.18887044319,1,34
2023-06-20,18710.65,18715.7,18707.8,18711.1,12:05:00,18708.42326373432,1,35
2023-06-20,18717.25,18720.95,18708.35,18710.0,12:10:00,18709.263905283427,1,36
2023-06-20,18717.0,18718.75,18712.5,18716.65,12:15:00,18710.000676208816,1,37
2023-06-20,18719.5,18723.2,18715.05,18716.8,12:20:00,18710.905373712736,1,38
2023-06-20,18720.25,18724.2,18716.2,18719.85,12:25:00,18711.795338121046,1,39
2023-06-20,18720.65,18723.65,18715.0,18719.6,12:30:00,18712.63863925238,1,40
2023-06-20,18725.65,18729.5,18720.6,18720.6,12:35:00,18713.87781646644,1,41
2023-06-20,18727.0,18728.2,18720.1,18725.0,12:40:00,18715.12754823154,1,42
2023-06-20,18724.6,18729.6,18721.4,18726.65,12:45:00,18716.029686495203,1,43
2023-06-20,18735.05,18735.65,18720.05,18724.35,12:50:00,18717.84114492423,1,44
2023-06-20,18732.1,18740.65,18729.75,18735.2,12:55:00,18719.199131121924,1,45
2023-06-20,18741.5,18744.55,18732.5,18732.55,13:00:00,18721.323023396028,1,46
2023-06-20,18749.15,18753.5,18740.9,18741.65,13:05:00,18723.97321164403,1,47
2023-06-20,18743.45,18753.8,18742.5,18748.2,13:10:00,18725.828143868406,1,48
2023-06-20,18745.55,18746.05,18735.85,18743.05,13:15:00,18727.706415880937,1,49
2023-06-20,18745.1,18750.95,18742.85,18745.75,13:20:00,18729.3629477018,1,50
2023-06-20,18757.4,18758.65,18743.5,18745.65,13:25:00,18732.033143158773,1,51
2023-06-20,18752.0,18763.75,18751.25,18757.95,13:30:00,18733.934748572225,1,52
2023-06-20,18753.95,18754.2,18744.75,18752.2,13:35:00,18735.84096299392,1,53
2023-06-20,18748.6,18757.45,18745.35,18753.5,13:40:00,18737.056109375448,1,54
2023-06-20,18753.7,18755.75,18748.1,18748.5,13:45:00,18738.64124181588,1,55
2023-06-20,18755.8,18758.25,18751.8,18753.75,13:50:00,18740.275409261987,1,56
2023-06-20,18739.15,18757.35,18733.35,18756.35,13:55:00,18740.16822742751,1,57
2023-06-20,18750.8,18754.5,18733.25,18739.45,14:00:00,18741.18077719632,1,58
2023-06-20,18747.95,18753.2,18740.9,18751.15,14:05:00,18741.825465082387,1,59
2023-06-20,18752.5,18754.3,18747.95,18748.9,14:10:00,18742.84208745549,1,60
2023-06-20,18754.2,18756.9,18748.75,18752.0,14:15:00,18743.923793412112,1,61
2023-06-20,18752.1,18755.0,18743.9,18754.35,14:20:00,18744.70247975381,1,62
2023-06-20,18763.25,18769.45,18751.2,18752.75,14:25:00,18746.46891025345,1,63
2023-06-20,18770.95,18777.35,18762.9,18762.9,14:30:00,18748.800442610267,1,64
2023-06-20,18768.95,18771.2,18764.05,18771.0,14:35:00,18750.71944807596,1,65
2023-06-20,18757.6,18770.3,18757.1,18769.35,14:40:00,18751.37473873539,1,66
2023-06-20,18764.7,18766.0,18755.15,18757.7,14:45:00,18752.64381123678,1,67
2023-06-20,18771.4,18772.75,18764.35,18765.05,14:50:00,18754.43011492852,1,68
2023-06-20,18763.45,18774.3,18760.1,18772.0,14:55:00,18755.28915160199,1,69
2023-06-20,18795.45,18795.45,18763.55,18763.55,15:00:00,18759.113994306565,1,70
2023-06-20,18810.85,18810.95,18788.55,18795.15,15:05:00,18764.04123294404,1,71
2023-06-20,18820.4,18825.25,18809.9,18811.0,15:10:00,18769.408734568413,1,72
2023-06-20,18829.15,18829.15,18819.5,18819.5,15:15:00,18775.09837889524,1,73
2023-06-20,18835.3,18836.15,18826.05,18829.2,15:20:00,18780.831866619494,1,74
2023-06-20,18833.7,18838.35,18830.55,18836.3,15:25:00,18785.86692694145,1,75
2023-06-21,18812.8,18849.4,18812.0,18849.4,09:15:00,18793.906486679964,2,1
2023-06-21,18852.85,18853.8,18809.15,18811.55,09:20:00,18799.52015461521,2,2
2023-06-21,18855.85,18858.05,18845.25,18853.05,09:25:00,18804.88490179471,2,3
2023-06-21,18862.05,18864.25,18855.3,18855.9,09:30:00,18810.32919686188,2,4
2023-06-21,18843.7,18863.1,18843.6,18861.8,09:35:00,18813.50736858932,2,5
2023-06-21,18852.9,18856.75,18840.35,18843.6,09:40:00,18817.25904777129,2,6
2023-06-21,18866.6,18867.4,18851.05,18853.75,09:45:00,18821.958186078788,2,7
2023-06-21,18873.6,18875.15,18862.15,18866.05,09:50:00,18826.876454071284,2,8
2023-06-21,18872.65,18875.65,18868.5,18874.05,09:55:00,18831.23583939783,2,9
2023-06-21,18866.85,18875.1,18862.35,18872.85,10:00:00,18834.62766421708,2,10
2023-06-21,18862.65,18868.85,18861.3,18867.05,10:05:00,18837.29645810117,2,11
2023-06-21,18869.5,18872.25,18861.7,18862.15,10:10:00,18840.363462091533,2,12
2023-06-21,18850.15,18870.75,18844.55,18870.75,10:15:00,18841.29551332091,2,13
2023-06-21,18858.5,18859.85,18845.75,18849.75,10:20:00,18842.934035861777,2,14
2023-06-21,18852.7,18862.2,18852.25,18858.65,10:25:00,18843.864127684465,2,15
2023-06-21,18849.9,18853.3,18837.95,18852.15,10:30:00,18844.438972666896,2,16
2023-06-21,18837.5,18857.25,18836.8,18849.8,10:35:00,18843.77811812719,2,17
2023-06-21,18828.85,18840.25,18828.65,18837.95,10:40:00,18842.356392591268,2,18
2023-06-21,18836.1,18836.4,18825.8,18828.05,10:45:00,18841.76054567781,2,19
2023-06-21,18831.75,18836.25,18827.65,18835.8,10:50:00,18840.807160375167,2,20
2023-06-21,18819.55,18833.25,18817.3,18832.25,10:55:00,18838.782668910862,2,21
2023-06-21,18822.2,18822.25,18815.75,18819.8,11:00:00,18837.203367109825,2,22
2023-06-21,18807.65,18822.7,18807.05,18822.7,11:05:00,18834.38876071841,2,23
2023-06-21,18800.9,18807.6,18800.1,18807.4,11:10:00,18831.199354935707,2,24
2023-06-21,18802.35,18803.15,18794.9,18801.55,11:15:00,18828.451797322785,2,25
2023-06-21,18817.35,18818.35,18801.8,18802.4,11:20:00,18827.39448329204,2,26
2023-06-21,18820.1,18823.45,18816.5,18818.25,11:25:00,18826.69977059756,2,27
2023-06-21,18827.25,18832.15,18820.1,18820.25,11:30:00,18826.752173397792,2,28
2023-06-21,18813.5,18826.15,18812.5,18826.05,11:35:00,18825.49006164562,2,29
2023-06-21,18823.75,18825.0,18812.75,18814.25,11:40:00,18825.324341488897,2,30
2023-06-21,18828.3,18830.1,18824.2,18824.35,11:45:00,18825.60773753757,2,31
2023-06-21,18823.95,18828.35,18820.4,18828.35,11:50:00,18825.44985777209,2,32
2023-06-21,18824.4,18826.15,18819.0,18824.85,11:55:00,18825.349871317605,2,33
2023-06-21,18830.6,18834.5,18823.6,18824.95,12:00:00,18825.84988357307,2,34
2023-06-21,18830.85,18835.95,18827.7,18830.9,12:05:00,18826.32608513754,2,35
2023-06-21,18830.15,18832.3,18823.45,18830.85,12:10:00,18826.6902675054,2,36
2023-06-21,18823.95,18830.3,18820.0,18830.3,12:15:00,18826.42928964774,2,37
2023-06-21,18830.85,18831.45,18822.95,18824.35,12:20:00,18826.85030968129,2,38
2023-06-21,18834.0,18835.35,18827.6,18830.95,12:25:00,18827.531232568785,2,39
2023-06-21,18824.2,18834.5,18822.65,18834.5,12:30:00,18827.21397232413,2,40
2023-06-21,18826.35,18827.85,18820.75,18824.0,12:35:00,18827.13168924565,2,41
2023-06-21,18842.15,18842.6,18825.2,18826.8,12:40:00,18828.562004555588,2,42
2023-06-21,18845.25,18847.95,18841.6,18842.8,12:45:00,18830.151337455056,2,43
2023-06-21,18843.55,18847.1,18838.15,18845.2,12:50:00,18831.42740055457,2,44
2023-06-21,18849.35,18849.35,18840.8,18843.75,12:55:00,18833.134314787472,2,45
2023-06-21,18852.15,18853.45,18848.75,18849.4,13:00:00,18834.945332426763,2,46
2023-06-21,18852.55,18853.4,18845.6,18851.6,13:05:00,18836.621967433737,2,47
2023-06-21,18853.4,18856.8,18850.45,18852.6,13:10:00,18838.21987529719,2,48
2023-06-21,18853.1,18856.3,18848.0,18853.55,13:15:00,18839.63703003079,2,49
2023-06-21,18852.15,18854.0,18847.4,18853.45,13:20:00,18840.82874145643,2,50
2023-06-21,18849.55,18858.0,18848.4,18852.4,13:25:00,18841.6593375082,2,51
2023-06-21,18855.3,18856.85,18848.4,18850.05,13:30:00,18842.958448221703,2,52
2023-06-21,18854.55,18857.25,18849.2,18856.1,13:35:00,18844.062405533925,2,53
2023-06-21,18849.2,18856.55,18847.55,18854.15,13:40:00,18844.55170024498,2,54
2023-06-21,18856.0,18856.05,18844.15,18849.6,13:45:00,18845.642014507364,2,55
2023-06-21,18855.95,18858.3,18852.8,18856.1,13:50:00,18846.623727411425,2,56
2023-06-21,18856.0,18864.4,18853.35,18855.6,13:55:00,18847.516705753194,2,57
2023-06-21,18850.5,18858.35,18847.45,18856.2,14:00:00,18847.800829014795,2,58
2023-06-21,18862.25,18862.9,18848.0,18852.3,14:05:00,18849.1769405372,2,59
2023-06-21,18865.25,18868.3,18861.45,18862.2,14:10:00,18850.707708105085,2,60
2023-06-21,18856.85,18865.8,18854.75,18865.8,14:15:00,18851.29268828556,2,61
2023-06-21,18848.3,18859.5,18838.2,18858.05,14:20:00,18851.0076703536,2,62
2023-06-21,18844.95,18850.25,18840.75,18848.55,14:25:00,18850.43074936754,2,63
2023-06-21,18830.7,18848.35,18829.6,18846.4,14:30:00,18848.55163038016,2,64
2023-06-21,18838.15,18838.15,18826.95,18831.4,14:35:00,18847.56099891537,2,65
2023-06-21,18841.75,18853.5,18832.7,18838.65,14:40:00,18847.007570447247,2,66
2023-06-21,18848.6,18850.55,18839.8,18842.25,14:45:00,18847.15923040465,2,67
2023-06-21,18844.05,18854.9,18842.0,18849.35,14:50:00,18846.86311322325,2,68
2023-06-21,18847.15,18850.9,18841.5,18845.1,14:55:00,18846.89043577342,2,69
2023-06-21,18848.4,18853.45,18840.05,18849.05,15:00:00,18847.034203795,2,70
2023-06-21,18864.45,18865.75,18848.2,18848.65,15:05:00,18848.692851052616,2,71
2023-06-21,18861.15,18866.1,18855.6,18865.1,15:10:00,18849.879246190463,2,72
2023-06-21,18860.45,18865.9,18856.1,18861.7,15:15:00,18850.88598464852,2,73
2023-06-21,18853.55,18860.55,18849.7,18860.05,15:20:00,18851.13970039628,2,74
2023-06-21,18862.1,18863.3,18852.55,18852.85,15:25:00,18852.18353845377,2,75
2023-06-22,18846.0,18855.95,18833.35,18853.6,09:15:00,18851.716683405462,3,1
2023-06-22,18859.2,18861.9,18835.55,18846.8,09:20:00,18852.429380223988,3,2
2023-06-22,18874.5,18875.5,18858.95,18858.95,09:25:00,18854.53134401218,3,3
2023-06-22,18872.2,18881.5,18870.8,18874.2,09:30:00,18856.214073153875,3,4
2023-06-22,18856.7,18873.85,18856.7,18871.25,09:35:00,18856.260351901125,3,5
2023-06-22,18862.5,18867.6,18851.85,18856.4,09:40:00,18856.85460410102,3,6
2023-06-22,18861.0,18868.0,18857.05,18863.3,09:45:00,18857.249403710444,3,7
2023-06-22,18857.5,18862.2,18857.05,18861.35,09:50:00,18857.273270023736,3,8
2023-06-22,18847.2,18858.2,18846.5,18857.9,09:55:00,18856.31391097385,3,9
2023-06-22,18855.5,18856.95,18845.4,18847.6,10:00:00,18856.236395643013,3,10
2023-06-22,18862.0,18862.0,18852.35,18855.9,10:05:00,18856.78531034368,3,11
2023-06-22,18862.75,18866.55,18859.8,18861.8,10:10:00,18857.35337602524,3,12
2023-06-22,18858.7,18871.55,18857.75,18863.85,10:15:00,18857.4816259276,3,13
2023-06-22,18872.8,18872.8,18858.7,18858.7,10:20:00,18858.9405186964,3,14
2023-06-22,18869.25,18886.05,18868.4,18872.55,10:25:00,18859.92237405864,3,15
2023-06-22,18875.9,18880.3,18865.0,18869.3,10:30:00,18861.44405271973,3,16
2023-06-22,18873.5,18876.75,18869.45,18876.5,10:35:00,18862.59223817499,3,17
2023-06-22,18868.6,18874.55,18867.25,18874.25,10:40:00,18863.16440596785,3,18
2023-06-22,18866.15,18870.4,18864.35,18868.55,10:45:00,18863.448748256626,3,19
2023-06-22,18858.7,18866.4,18854.85,18866.4,10:50:00,18862.9964865179,3,20
2023-06-22,18848.25,18863.1,18848.1,18858.65,10:55:00,18861.59205923048,3,21
2023-06-22,18850.35,18853.5,18845.85,18848.15,11:00:00,18860.521386922814,3,22
2023-06-22,18848.15,18856.75,18847.15,18850.3,11:05:00,18859.343159596832,3,23
2023-06-22,18852.3,18858.0,18845.45,18847.3,11:10:00,18858.67238249237,3,24
2023-06-22,18837.8,18856.8,18836.45,18852.05,11:15:00,18856.68453654072,3,25
2023-06-22,18838.65,18845.05,18834.9,18836.65,11:20:00,18854.96696163208,3,26
2023-06-22,18830.45,18840.5,18829.05,18838.7,11:25:00,18852.63201290521,3,27
2023-06-22,18828.9,18834.05,18827.7,18830.35,11:30:00,18850.371821199955,3,28
2023-06-22,18836.85,18839.6,18828.3,18828.3,11:35:00,18849.08402870472,3,29
2023-06-22,18835.6,18840.4,18833.15,18837.1,11:40:00,18847.799835494745,3,30
2023-06-22,18837.25,18840.05,18833.55,18834.9,11:45:00,18846.79508925715,3,31
2023-06-22,18837.2,18837.9,18830.25,18836.95,11:50:00,18845.88127123265,3,32
2023-06-22,18836.7,18840.95,18834.55,18836.95,11:55:00,18845.006864448595,3,33
2023-06-22,18830.95,18839.5,18830.15,18836.25,12:00:00,18843.668115453493,3,34
2023-06-22,18815.0,18830.95,18813.8,18830.4,12:05:00,18840.93781874364,3,35
2023-06-22,18812.25,18816.35,18806.55,18814.5,12:10:00,18838.20564552996,3,36
2023-06-22,18814.1,18815.3,18801.85,18812.0,12:15:00,18835.9098697652,3,37
2023-06-22,18815.3,18816.6,18807.8,18814.1,12:20:00,18833.94702502566,3,38
2023-06-22,18826.4,18827.5,18810.7,18815.25,12:25:00,18833.228260737505,3,39
2023-06-22,18829.95,18830.6,18819.95,18826.35,12:30:00,18832.916045429167,3,40
2023-06-22,18827.35,18833.1,18822.5,18830.2,12:35:00,18832.385945864484,3,41
2023-06-22,18813.5,18827.75,18810.5,18827.55,12:40:00,18830.58728435358,3,42
2023-06-22,18815.75,18817.75,18811.9,18813.8,12:45:00,18829.17420965324,3,43
2023-06-22,18802.4,18815.4,18800.7,18815.4,12:50:00,18826.62428492436,3,44
2023-06-22,18795.95,18801.6,18792.9,18801.6,12:55:00,18823.70292445537,3,45
2023-06-22,18786.8,18798.3,18783.3,18796.05,13:00:00,18820.18836022153,3,46
2023-06-22,18792.8,18792.8,18778.0,18786.6,13:05:00,18817.579944962337,3,47
2023-06-22,18803.3,18803.3,18789.95,18792.05,13:10:00,18816.21995020402,3,48
2023-06-22,18811.5,18814.25,18798.8,18803.25,13:15:00,18815.77043113697,3,49
2023-06-22,18818.05,18823.5,18810.65,18811.7,13:20:00,18815.98753293345,3,50
2023-06-22,18815.9,18819.65,18807.75,18818.1,13:25:00,18815.9791964636,3,51
2023-06-22,18828.0,18828.85,18813.95,18815.95,13:30:00,18817.12403489564,3,52
2023-06-22,18847.9,18854.75,18825.7,18827.05,13:35:00,18820.05507919129,3,53
2023-06-22,18856.15,18860.35,18842.6,18849.3,13:40:00,18823.49269069688,3,54
2023-06-22,18856.25,18862.55,18850.95,18857.6,13:45:00,18826.61243444004,3,55
2023-06-22,18851.6,18861.05,18848.05,18856.55,13:50:00,18828.992202588604,3,56
2023-06-22,18852.85,18861.6,18850.55,18851.8,13:55:00,18831.26437377064,3,57
2023-06-22,18843.9,18854.9,18837.7,18853.2,14:00:00,18832.467766744867,3,58
2023-06-22,18842.35,18851.95,18839.5,18842.8,14:05:00,18833.408931816783,3,59
2023-06-22,18835.95,18845.25,18831.1,18843.3,14:10:00,18833.650938310424,3,60
2023-06-22,18816.95,18836.7,18815.85,18836.7,14:15:00,18832.06037275705,3,61
2023-06-22,18802.1,18817.75,18797.75,18817.75,14:20:00,18829.20700392305,3,62
2023-06-22,18785.0,18805.75,18779.0,18802.45,14:25:00,18824.99681307323,3,63
2023-06-22,18772.15,18794.45,18770.05,18785.35,14:30:00,18819.96378325673,3,64
2023-06-22,18784.5,18788.1,18770.2,18773.65,14:35:00,18816.586280089425,3,65
2023-06-22,18801.95,18802.4,18782.8,18784.85,14:40:00,18815.192348652337,3,66
2023-06-22,18808.65,18816.95,18798.1,18802.65,14:45:00,18814.569267828305,3,67
2023-06-22,18805.1,18811.7,18800.7,18809.05,14:50:00,18813.66743279704,3,68
2023-06-22,18788.3,18806.4,18787.7,18806.4,14:55:00,18811.251486816367,3,69
2023-06-22,18785.0,18800.75,18774.1,18788.1,15:00:00,18808.75134521481,3,70
2023-06-22,18773.6,18787.85,18771.05,18785.0,15:05:00,18805.403598051493,3,71
2023-06-22,18766.4,18776.4,18763.2,18774.15,15:10:00,18801.68896966564,3,72
2023-06-22,18763.1,18771.55,18760.6,18766.3,15:15:00,18798.01382969748,3,73
2023-06-22,18772.8,18772.8,18762.85,18763.4,15:20:00,18795.61251258344,3,74
2023-06-22,18779.35,18779.65,18770.1,18772.75,15:25:00,18794.063701861203,3,75
2023-06-23,18703.05,18751.2,18699.35,18741.85,09:15:00,18780.89659041246,4,1
2023-06-23,18684.05,18713.55,18684.0,18702.3,09:20:00,18771.67310561128,4,2
2023-06-23,18676.9,18689.55,18671.5,18684.4,09:25:00,18762.647095553057,4,3
2023-06-23,18682.3,18683.0,18671.75,18677.45,09:30:00,18754.99499121467,4,4
2023-06-23,18658.2,18699.25,18655.7,18682.55,09:35:00,18745.7764206228,4,5
2023-06-23,18655.45,18662.0,18647.45,18658.95,09:40:00,18737.17390437301,4,6
2023-06-23,18687.2,18688.0,18656.7,18656.7,09:45:00,18732.41448490892,4,7
2023-06-23,18698.0,18699.0,18678.55,18687.05,09:50:00,18729.136914917588,4,8
2023-06-23,18700.35,18707.05,18685.25,18700.75,09:55:00,18726.39530397305,4,9
2023-06-23,18698.4,18705.45,18694.25,18699.4,10:00:00,18723.72908454705,4,10
2023-06-23,18687.3,18698.9,18684.85,18698.6,10:05:00,18720.25964792352,4,11
2023-06-23,18690.5,18692.0,18684.3,18687.4,10:10:00,18717.425395740327,4,12
2023-06-23,18702.55,18703.85,18685.95,18691.2,10:15:00,18716.008691384108,4,13
2023-06-23,18707.7,18715.55,18701.75,18703.05,10:20:00,18715.217387442764,4,14
2023-06-23,18719.6,18720.2,18704.15,18708.0,10:25:00,18715.63477911488,4,15
2023-06-23,18727.55,18729.2,18718.0,18720.05,10:30:00,18716.76956205632,4,16
2023-06-23,18714.5,18727.6,18714.5,18727.6,10:35:00,18716.55341328905,4,17
2023-06-23,18709.25,18718.1,18706.4,18714.95,10:40:00,18715.857850118664,4,18
2023-06-23,18700.95,18711.95,18698.4,18709.05,10:45:00,18714.438054869268,4,19
2023-06-23,18692.15,18702.85,18688.5,18700.55,10:50:00,18712.31538297696,4,20
2023-06-23,18699.5,18702.9,18691.1,18691.7,10:55:00,18711.09487031249,4,21
2023-06-23,18691.2,18701.0,18687.15,18700.3,11:00:00,18709.20012075892,4,22
2023-06-23,18692.05,18692.05,18681.65,18690.55,11:05:00,18707.566775924734,4,23
2023-06-23,18708.4,18708.4,18691.3,18692.1,11:10:00,18707.64613059857,4,24
2023-06-23,18708.5,18709.0,18701.85,18708.8,11:15:00,18707.72745149394,4,25
2023-06-23,18707.8,18712.1,18705.65,18709.1,11:20:00,18707.73436087547,4,26
2023-06-23,18693.05,18709.65,18691.5,18707.65,11:25:00,18706.335850315903,4,27
2023-06-23,18705.05,18705.1,18690.1,18692.05,11:30:00,18706.213388381057,4,28
2023-06-23,18710.2,18710.9,18704.65,18704.8,11:35:00,18706.5930656781,4,29
2023-06-23,18708.4,18717.6,18705.15,18710.4,11:40:00,18706.765154661138,4,30
2023-06-23,18711.3,18715.9,18707.4,18709.85,11:45:00,18707.19704469341,4,31
2023-06-23,18721.0,18721.15,18710.75,18711.65,11:50:00,18708.511611865462,4,32
2023-06-23,18718.3,18725.0,18713.55,18721.25,11:55:00,18709.44383930685,4,33
2023-06-23,18723.65,18724.75,18707.35,18718.35,12:00:00,18710.796806991915,4,34
2023-06-23,18725.9,18728.2,18722.0,18723.6,12:05:00,18712.23520632602,4,35
2023-06-23,18717.0,18728.65,18714.5,18725.8,12:10:00,18712.68899619973,4,36
2023-06-23,18713.15,18724.4,18713.15,18717.35,12:15:00,18712.732901323565,4,37
2023-06-23,18717.95,18727.05,18713.85,18713.85,12:20:00,18713.22976786418,4,38
2023-06-23,18719.05,18722.05,18716.7,18717.85,12:25:00,18713.78407568664,4,39
2023-06-23,18730.8,18730.8,18717.7,18719.35,12:30:00,18715.40463990696,4,40
2023-06-23,18735.4,18739.75,18729.5,18730.65,12:35:00,18717.308959915816,4,41
2023-06-23,18744.6,18746.45,18733.65,18735.4,12:40:00,18719.9081065905,4,42
2023-06-23,18737.45,18747.6,18736.85,18745.35,12:45:00,18721.57876310569,4,43
2023-06-23,18740.55,18747.95,18737.45,18737.45,12:50:00,18723.385547571816,4,44
2023-06-23,18733.2,18743.0,18728.45,18738.25,12:55:00,18724.32025732688,4,45
2023-06-23,18710.95,18734.2,18709.3,18731.9,13:00:00,18723.046899486224,4,46
2023-06-23,18716.25,18716.25,18703.9,18711.35,13:05:00,18722.39957572563,4,47
2023-06-23,18718.0,18722.65,18712.1,18715.95,13:10:00,18721.980568513667,4,48
2023-06-23,18718.85,18722.3,18712.5,18718.7,13:15:00,18721.68241913141,4,49
2023-06-23,18711.4,18723.6,18709.9,18719.0,13:20:00,18720.70314111889,4,50
2023-06-23,18709.95,18722.2,18705.8,18711.6,13:25:00,18719.679032440905,4,51
2023-06-23,18706.1,18710.05,18700.4,18709.45,13:30:00,18718.385791256056,4,52
2023-06-23,18710.05,18719.65,18704.85,18706.05,13:35:00,18717.591906374528,4,53
2023-06-23,18709.15,18715.35,18706.35,18710.3,13:40:00,18716.78791529124,4,54
2023-06-23,18716.15,18720.3,18708.25,18709.45,13:45:00,18716.72716145398,4,55
2023-06-23,18714.55,18725.0,18708.5,18716.6,13:50:00,18716.519812744074,4,56
2023-06-23,18705.4,18717.3,18705.4,18715.15,13:55:00,18715.46078295893,4,57
2023-06-23,18693.25,18708.4,18691.8,18705.35,14:00:00,18713.34547029617,4,58
2023-06-23,18699.9,18705.35,18690.9,18692.1,14:05:00,18712.064949315583,4,59
2023-06-23,18689.6,18700.0,18683.95,18699.7,14:10:00,18709.925430333147,4,60
2023-06-23,18693.15,18696.05,18685.8,18688.95,14:15:00,18708.327770301417,4,61
2023-06-23,18678.4,18693.9,18669.1,18692.8,14:20:00,18705.47750646319,4,62
2023-06-23,18691.25,18691.25,18672.5,18679.25,14:25:00,18704.12250584765,4,63
2023-06-23,18683.8,18706.15,18681.15,18692.05,14:30:00,18702.187029100256,4,64
2023-06-23,18689.65,18689.65,18679.05,18682.9,14:35:00,18700.993026328804,4,65
2023-06-23,18691.55,18698.3,18689.15,18689.95,14:40:00,18700.093690487967,4,66
2023-06-23,18695.0,18698.0,18682.4,18690.85,14:45:00,18699.60857710816,4,67
2023-06-23,18696.95,18698.1,18692.2,18694.35,14:50:00,18699.355379288336,4,68
2023-06-23,18702.85,18705.45,18690.7,18696.35,14:55:00,18699.68820030849,4,69
2023-06-23,18678.0,18703.0,18669.3,18702.25,15:00:00,18697.62265742197,4,70
2023-06-23,18678.65,18680.6,18667.9,18677.75,15:05:00,18695.815737667497,4,71
2023-06-23,18666.85,18681.7,18666.85,18679.1,15:10:00,18693.05709598488,4,72
2023-06-23,18663.65,18671.1,18662.05,18666.7,15:15:00,18690.2564201768,4,73
2023-06-23,18656.95,18663.65,18652.35,18663.25,15:20:00,18687.084380159955,4,74
2023-06-23,18668.55,18668.55,18654.45,18657.6,15:25:00,18685.319201097103,4,75
2023-06-26,18668.4,18689.45,18657.9,18682.35,09:15:00,18683.451999084024,0,1
2023-06-26,18680.05,18685.15,18661.55,18668.7,09:20:00,18683.12799917125,0,2
2023-06-26,18699.7,18704.5,18672.55,18678.45,09:25:00,18684.70628496447,0,3
2023-06-26,18715.6,18718.15,18694.6,18700.35,09:30:00,18687.64854353929,0,4
2023-06-26,18701.6,18721.75,18701.3,18716.65,09:35:00,18688.9772536784,0,5
2023-06-26,18710.6,18711.1,18698.75,18701.1,09:40:00,18691.03656285189,0,6
2023-06-26,18713.35,18716.25,18702.85,18710.9,09:45:00,18693.16165210409,0,7
2023-06-26,18688.05,18715.35,18687.05,18713.15,09:50:00,18692.674828094176,0,8
2023-06-26,18663.9,18687.75,18663.0,18687.75,09:55:00,18689.934368275684,0,9
2023-06-26,18662.25,18668.65,18658.1,18663.65,10:00:00,18687.29776177324,0,10
2023-06-26,18669.75,18671.35,18660.8,18661.85,10:05:00,18685.62654636626,0,11
2023-06-26,18672.05,18681.15,18668.85,18669.65,10:10:00,18684.333541950426,0,12
2023-06-26,18670.75,18674.7,18667.25,18672.1,10:15:00,18683.03987128848,0,13
2023-06-26,18676.0,18682.05,18667.45,18670.9,10:20:00,18682.369407356247,0,14
2023-06-26,18671.1,18680.0,18669.8,18676.8,10:25:00,18681.296130465176,0,15
2023-06-26,18670.65,18678.05,18668.45,18672.15,10:30:00,18680.282213278017,0,16
2023-06-26,18663.0,18670.9,18662.05,18670.5,10:35:00,18678.63628820392,0,17
2023-06-26,18659.45,18666.85,18656.6,18662.65,10:40:00,18676.80902266069,0,18
2023-06-26,18662.5,18663.65,18658.0,18659.5,10:45:00,18675.446258597767,0,19
2023-06-26,18658.15,18662.7,18654.45,18661.9,10:50:00,18673.79899587417,0,20
2023-06-26,18668.45,18668.7,18653.05,18657.8,10:55:00,18673.28956769568,0,21
2023-06-26,18676.8,18676.8,18666.05,18667.8,11:00:00,18673.623894581804,0,22
2023-06-26,18672.65,18680.6,18671.15,18675.45,11:05:00,18673.53114271687,0,23
2023-06-26,18667.0,18672.45,18665.55,18672.2,11:10:00,18672.909129124782,0,24
2023-06-26,18671.8,18672.45,18661.9,18667.55,11:15:00,18672.80349777957,0,25
2023-06-26,18677.2,18682.35,18672.05,18672.05,11:20:00,18673.22221227676,0,26
2023-06-26,18677.8,18684.85,18673.35,18676.55,11:25:00,18673.65819205992,0,27
2023-06-26,18684.5,18686.35,18676.35,18678.05,11:30:00,18674.69074519707,0,28
2023-06-26,18686.7,18691.45,18681.2,18684.2,11:35:00,18675.83448374973,0,29
2023-06-26,18680.4,18691.15,18678.8,18686.5,11:40:00,18676.269294821184,0,30
2023-06-26,18681.4,18685.15,18674.6,18680.7,11:45:00,18676.757933409644,0,31
2023-06-26,18681.2,18683.6,18676.5,18680.95,11:50:00,18677.18098737064,0,32
2023-06-26,18681.95,18686.6,18679.55,18681.25,11:55:00,18677.635179049623,0,33
2023-06-26,18683.1,18689.35,18680.8,18683.1,12:00:00,18678.15563818776,0,34
2023-06-26,18681.35,18682.95,18678.85,18682.95,12:05:00,18678.45986312225,0,35
2023-06-26,18685.5,18686.15,18677.65,18681.4,12:10:00,18679.130352348704,0,36
2023-06-26,18685.25,18688.7,18680.6,18685.3,12:15:00,18679.713175934543,0,37
2023-06-26,18683.9,18686.75,18678.95,18684.65,12:20:00,18680.11192108364,0,38
2023-06-26,18691.1,18692.45,18681.15,18684.85,12:25:00,18681.15840478996,0,39
2023-06-26,18683.5,18692.15,18682.0,18691.45,12:30:00,18681.381413857576,0,40
2023-06-26,18684.25,18685.85,18674.9,18683.15,12:35:00,18681.654612537808,0,41
2023-06-26,18673.6,18685.55,18671.95,18684.0,12:40:00,18680.88750658183,0,42
2023-06-26,18671.4,18673.95,18667.8,18673.8,12:45:00,18679.98393452641,0,43
2023-06-26,18667.0,18674.6,18663.55,18671.35,12:50:00,18678.74736933342,0,44
2023-06-26,18660.45,18667.95,18659.2,18666.6,12:55:00,18677.00476273024,0,45
2023-06-26,18659.3,18664.45,18655.1,18660.9,13:00:00,18675.31859485117,0,46
2023-06-26,18649.7,18660.25,18647.65,18659.25,13:05:00,18672.87872867487,0,47
2023-06-26,18662.6,18662.95,18648.65,18650.45,13:10:00,18671.89980213441,0,48
2023-06-26,18666.7,18668.3,18661.2,18662.35,13:15:00,18671.40458288351,0,49
2023-06-26,18671.1,18674.2,18665.55,18666.8,13:20:00,18671.375574989845,0,50
2023-06-26,18672.9,18678.75,18670.75,18671.35,13:25:00,18671.520758324143,0,51
2023-06-26,18670.3,18673.9,18666.65,18673.0,13:30:00,18671.404495626604,0,52
2023-06-26,18666.95,18675.1,18666.35,18670.2,13:35:00,18670.98025794788,0,53
2023-06-26,18661.15,18667.7,18660.7,18667.15,13:40:00,18670.044042905225,0,54
2023-06-26,18662.3,18666.2,18658.95,18662.2,13:45:00,18669.306515009488,0,55
2023-06-26,18653.9,18665.1,18653.05,18662.8,13:50:00,18667.839227865727,0,56
2023-06-26,18656.7,18657.7,18649.9,18654.3,13:55:00,18666.77834902137,0,57
2023-06-26,18655.25,18662.9,18655.25,18656.35,14:00:00,18665.680411019337,0,58
2023-06-26,18667.75,18668.05,18649.15,18655.7,14:05:00,18665.87751473178,0,59
2023-06-26,18666.15,18672.0,18663.85,18668.5,14:10:00,18665.903465709707,0,60
2023-06-26,18653.95,18667.15,18649.2,18667.15,14:15:00,18664.76504040402,0,61
2023-06-26,18659.65,18662.5,18653.6,18653.65,14:20:00,18664.27789369888,0,62
2023-06-26,18668.75,18669.9,18659.2,18660.5,14:25:00,18664.70380858469,0,63
2023-06-26,18671.75,18673.85,18662.95,18668.4,14:30:00,18665.37487443377,0,64
2023-06-26,18671.55,18677.0,18667.5,18673.4,14:35:00,18665.96298163056,0,65
2023-06-26,18664.0,18676.7,18662.55,18671.1,14:40:00,18665.77603099908,0,66
2023-06-26,18670.2,18673.8,18663.85,18663.85,14:45:00,18666.19736138012,0,67
2023-06-26,18671.15,18673.65,18665.9,18670.8,14:50:00,18666.66904124868,0,68
2023-06-26,18671.0,18675.95,18669.35,18670.85,14:55:00,18667.08151351071,0,69
2023-06-26,18705.55,18706.15,18664.55,18672.1,15:00:00,18670.745178890644,0,70
2023-06-26,18696.7,18705.75,18692.15,18705.6,15:05:00,18673.217066615347,0,71
2023-06-26,18696.35,18698.25,18692.0,18697.45,15:10:00,18675.42020312817,0,72
2023-06-26,18683.3,18697.25,18675.25,18696.65,15:15:00,18676.170659973104,0,73
2023-06-26,18692.0,18693.05,18681.5,18683.75,15:20:00,18677.678216166143,0,74
2023-06-26,18694.7,18702.35,18689.1,18692.5,15:25:00,18679.299338436034,0,75
2023-06-27,18752.5,18762.95,18740.45,18748.55,09:15:00,18692.238007200474,1,1
2023-06-27,18759.4,18762.15,18743.25,18753.05,09:20:00,18698.634387467093,1,2
2023-06-27,18741.2,18760.75,18739.85,18760.25,09:25:00,18702.688255327368,1,3
2023-06-27,18740.65,18743.45,18731.45,18741.45,09:30:00,18706.303659581903,1,4
2023-06-27,18747.65,18748.3,18738.25,18740.15,09:35:00,18710.241406288387,1,5
2023-06-27,18735.35,18748.2,18735.35,18745.6,09:40:00,18712.63270092759,1,6
2023-06-27,18729.25,18737.65,18728.1,18735.4,09:45:00,18714.215300839245,1,7
2023-06-27,18725.15,18735.45,18724.25,18728.8,09:50:00,18715.25670075932,1,8
2023-06-27,18731.3,18731.3,18724.25,18724.95,09:55:00,18716.784634020336,1,9
2023-06-27,18735.15,18736.75,18727.1,18730.85,10:00:00,18718.53371649459,1,10
2023-06-27,18727.25,18735.05,18726.3,18735.05,10:05:00,18719.3638387332,1,11
2023-06-27,18730.7,18733.4,18725.55,18727.45,10:10:00,18720.44347313956,1,12
2023-06-27,18735.2,18736.5,18729.4,18730.85,10:15:00,18721.84885665008,1,13
2023-06-27,18729.9,18736.0,18728.05,18735.4,10:20:00,18722.615632207213,1,14
2023-06-27,18734.3,18735.65,18728.0,18729.9,10:25:00,18723.72842913986,1,15
2023-06-27,18723.6,18734.75,18722.7,18734.45,10:30:00,18723.71619779321,1,16
2023-06-27,18718.9,18726.45,18716.75,18723.35,10:35:00,18723.25751228909,1,17
2023-06-27,18723.45,18724.5,18716.35,18718.5,10:40:00,18723.27584445204,1,18
2023-06-27,18724.1,18727.0,18722.35,18722.95,10:45:00,18723.354335456606,1,19
2023-06-27,18718.5,18724.85,18718.1,18724.85,10:50:00,18722.892017794074,1,20
2023-06-27,18720.35,18724.0,18716.45,18719.1,10:55:00,18722.649920861302,1,21
2023-06-27,18721.25,18722.8,18717.0,18719.95,11:00:00,18722.51659506499,1,22
2023-06-27,18716.9,18721.6,18714.5,18721.05,11:05:00,18721.981681249275,1,23
2023-06-27,18722.3,18723.55,18715.0,18716.35,11:10:00,18722.011997320773,1,24
2023-06-27,18726.05,18727.65,18721.15,18722.3,11:15:00,18722.39656900451,1,25
2023-06-27,18724.05,18726.35,18721.1,18726.35,11:20:00,18722.55403862313,1,26
2023-06-27,18735.55,18737.0,18723.5,18723.5,11:25:00,18723.791749230448,1,27
2023-06-27,18740.55,18740.6,18734.4,18736.35,11:30:00,18725.38777311326,1,28
2023-06-27,18736.05,18741.3,18735.05,18739.95,11:35:00,18726.403223292946,1,29
2023-06-27,18736.05,18740.05,18735.1,18736.1,11:40:00,18727.32196393171,1,30
2023-06-27,18740.35,18745.4,18735.45,18735.7,11:45:00,18728.562729271547,1,31
2023-06-27,18744.4,18745.3,18732.7,18739.75,11:50:00,18730.071040769497,1,32
2023-06-27,18742.75,18748.5,18739.35,18745.3,11:55:00,18731.27856069621,1,33
2023-06-27,18750.45,18751.5,18742.5,18742.5,12:00:00,18733.10441205848,1,34
2023-06-27,18750.45,18752.15,18745.2,18750.65,12:05:00,18734.75637281481,1,35
2023-06-27,18750.6,18751.95,18747.85,18750.55,12:10:00,18736.26528968959,1,36
2023-06-27,18746.1,18752.3,18744.7,18750.35,12:15:00,18737.201928766768,1,37
2023-06-27,18745.15,18749.05,18743.4,18746.75,12:20:00,18737.95888793184,1,38
2023-06-27,18745.55,18750.4,18742.6,18744.75,12:25:00,18738.681850985948,1,39
2023-06-27,18749.75,18751.2,18744.0,18745.5,12:30:00,18739.73596041586,1,40
2023-06-27,18747.7,18749.95,18745.9,18749.2,12:35:00,18740.494440376253,1,41
2023-06-27,18746.95,18750.45,18743.95,18747.95,12:40:00,18741.109255578514,1,42
2023-06-27,18739.5,18751.35,18739.5,18747.0,12:45:00,18740.955993142463,1,43
2023-06-27,18738.6,18742.0,18736.1,18739.85,12:50:00,18740.73161284318,1,44
2023-06-27,18733.7,18739.15,18732.3,18737.8,12:55:00,18740.061935429545,1,45
2023-06-27,18732.3,18735.4,18729.3,18733.85,13:00:00,18739.322703483875,1,46
2023-06-27,18734.4,18736.0,18730.95,18731.2,13:05:00,18738.853874580647,1,47
2023-06-27,18742.95,18744.9,18733.2,18733.7,13:10:00,18739.243981763444,1,48
2023-06-27,18744.9,18746.65,18741.85,18743.1,13:15:00,18739.78265016693,1,49
2023-06-27,18749.65,18751.7,18740.45,18744.6,13:20:00,18740.72239777008,1,50
2023-06-27,18744.9,18751.05,18743.7,18750.2,13:25:00,18741.12026464912,1,51
2023-06-27,18743.8,18747.5,18742.75,18745.6,13:30:00,18741.37547753968,1,52
2023-06-27,18744.85,18750.7,18743.4,18743.8,13:35:00,18741.706384440666,1,53
2023-06-27,18749.6,18752.55,18744.3,18746.15,13:40:00,18742.45815735108,1,54
2023-06-27,18751.4,18752.75,18744.2,18749.1,13:45:00,18743.30976141288,1,55
2023-06-27,18759.8,18761.05,18751.8,18752.75,13:50:00,18744.88026032594,1,56
2023-06-27,18758.05,18761.45,18755.4,18759.3,13:55:00,18746.13452124728,1,57
2023-06-27,18761.95,18763.5,18754.7,18757.75,14:00:00,18747.640757318964,1,58
2023-06-27,18767.3,18768.65,18759.95,18762.0,14:05:00,18749.51306614573,1,59
2023-06-27,18775.4,18775.55,18766.65,18767.8,14:10:00,18751.978488417568,1,60
2023-06-27,18794.55,18800.55,18774.4,18774.95,14:15:00,18756.032918092085,1,61
2023-06-27,18785.85,18794.75,18778.55,18793.9,14:20:00,18758.87264017856,1,62
2023-06-27,18778.85,18787.9,18778.85,18785.35,14:25:00,18760.77524587584,1,63
2023-06-27,18788.45,18788.45,18778.9,18778.9,14:30:00,18763.410936744804,1,64
2023-06-27,18792.0,18792.0,18780.75,18788.2,14:35:00,18766.13370467387,1,65
2023-06-27,18772.25,18791.8,18771.75,18791.8,14:40:00,18766.71620899064,1,66
2023-06-27,18777.15,18780.35,18770.35,18772.3,14:45:00,18767.709903372484,1,67
2023-06-27,18797.55,18798.75,18776.65,18776.65,14:50:00,18770.55181733701,1,68
2023-06-27,18797.3,18800.4,18793.3,18797.55,14:55:00,18773.09926330492,1,69
2023-06-27,18816.65,18816.65,18797.3,18798.0,15:00:00,18777.246952513968,1,70
2023-06-27,18824.3,18824.3,18808.4,18816.9,15:05:00,18781.728195131684,1,71
2023-06-27,18824.8,18829.15,18819.55,18824.85,15:10:00,18785.83027178581,1,72
2023-06-27,18817.15,18825.45,18813.5,18824.95,15:15:00,18788.813103044304,1,73
2023-06-27,18817.2,18819.2,18811.1,18815.8,15:20:00,18791.516617040084,1,74
2023-06-27,18818.6,18823.5,18814.3,18815.1,15:25:00,18794.09598684579,1,75
2023-06-28,18869.5,18908.15,18863.15,18908.15,09:15:00,18811.1051048783,2,1
2023-06-28,18867.65,18875.35,18864.6,18868.8,09:20:00,18816.49033298513,2,2
2023-06-28,18871.05,18871.95,18864.9,18867.9,09:25:00,18821.68649174845,2,3
2023-06-28,18878.25,18879.0,18861.45,18871.2,09:30:00,18827.07349253432,2,4
2023-06-28,18884.3,18890.95,18877.5,18877.5,09:35:00,18832.52363610248,2,5
2023-06-28,18870.15,18885.45,18868.35,18884.8,09:40:00,18836.10709933081,2,6
2023-06-28,18882.7,18884.45,18868.65,18869.75,09:45:00,18840.54451844216,2,7
2023-06-28,18893.05,18897.1,18883.0,18883.7,09:50:00,18845.545040495286,2,8
2023-06-28,18889.05,18894.1,18885.0,18892.4,09:55:00,18849.68836997193,2,9
2023-06-28,18886.05,18893.0,18885.7,18888.8,10:00:00,18853.151382355554,2,10
2023-06-28,18880.3,18887.2,18878.6,18886.55,10:05:00,18855.73696498836,2,11
2023-06-28,18888.3,18890.55,18878.85,18879.9,10:10:00,18858.83820641804,2,12
2023-06-28,18891.35,18893.9,18884.95,18888.3,10:15:00,18861.934567711563,2,13
2023-06-28,18885.7,18894.9,18884.6,18890.8,10:20:00,18864.197942215225,2,14
2023-06-28,18898.75,18900.85,18883.5,18885.7,10:25:00,18867.488614385205,2,15
2023-06-28,18904.0,18909.55,18895.1,18899.2,10:30:00,18870.96588920566,2,16
2023-06-28,18911.55,18912.6,18903.5,18903.5,10:35:00,18874.831042614645,2,17
2023-06-28,18920.35,18922.45,18911.05,18911.5,10:40:00,18879.166181413253,2,18
2023-06-28,18928.3,18931.4,18918.55,18920.3,10:45:00,18883.84559270723,2,19
2023-06-28,18921.25,18930.15,18920.15,18928.25,10:50:00,18887.4079172113,2,20
2023-06-28,18917.4,18926.0,18915.3,18920.85,10:55:00,18890.26430604832,2,21
2023-06-28,18921.8,18923.15,18915.3,18917.1,11:00:00,18893.267705472288,2,22
2023-06-28,18926.45,18927.75,18920.95,18922.6,11:05:00,18896.427923998737,2,23
2023-06-28,18939.5,18940.2,18925.4,18926.95,11:10:00,18900.530026475048,2,24
2023-06-28,18935.6,18941.15,18934.3,18939.3,11:15:00,18903.87002395361,2,25
2023-06-28,18948.95,18951.85,18933.85,18935.45,11:20:00,18908.16335500565,2,26
2023-06-28,18953.45,18955.0,18945.25,18948.35,11:25:00,18912.47636881464,2,27
2023-06-28,18958.05,18959.05,18951.4,18953.2,11:30:00,18916.816714641813,2,28
2023-06-28,18959.05,18961.1,18955.45,18958.0,11:35:00,18920.838932294973,2,29
2023-06-28,18956.85,18961.4,18947.85,18958.85,11:40:00,18924.26855779069,2,30
2023-06-28,18966.3,18967.5,18956.05,18956.05,11:45:00,18928.271552286817,2,31
2023-06-28,18966.55,18970.45,18962.15,18964.5,11:50:00,18931.91711873569,2,32
2023-06-28,18971.5,18971.7,18961.6,18966.85,11:55:00,18935.686916951337,2,33
2023-06-28,18978.95,18980.15,18971.4,18971.4,12:00:00,18939.80721057501,2,34
2023-06-28,18977.8,18981.15,18975.15,18979.1,12:05:00,18943.425571472635,2,35
2023-06-28,18956.6,18978.85,18956.1,18977.65,12:10:00,18944.68027895144,2,36
2023-06-28,18962.95,18963.9,18953.35,18957.0,12:15:00,18946.42025238463,2,37
2023-06-28,18958.45,18967.5,18958.45,18962.45,12:20:00,18947.56594263371,2,38
2023-06-28,18973.65,18976.3,18958.9,18959.25,12:25:00,18950.05013857336,2,39
2023-06-28,18971.0,18974.85,18968.25,18973.1,12:30:00,18952.04536347113,2,40
2023-06-28,18968.6,18972.25,18965.65,18971.25,12:35:00,18953.621995521506,2,41
2023-06-28,18961.0,18970.05,18957.75,18968.15,12:40:00,18954.32466261469,2,42
2023-06-28,18969.65,18970.35,18958.05,18960.9,12:45:00,18955.78421855615,2,43
2023-06-28,18978.85,18984.15,18970.0,18970.25,12:50:00,18957.98095964604,2,44
2023-06-28,18980.65,18984.6,18973.05,18978.45,12:55:00,18960.139915870222,2,45
2023-06-28,18984.05,18989.4,18975.7,18980.35,13:00:00,18962.41706673973,2,46
2023-06-28,18981.0,18989.75,18981.0,18984.6,13:05:00,18964.18686990737,2,47
2023-06-28,18994.9,18994.9,18977.4,18979.9,13:10:00,18967.111929916195,2,48
2023-06-28,18997.25,18998.05,18991.35,18994.2,13:15:00,18969.982222305127,2,49
2023-06-28,18994.8,19002.9,18990.85,18997.7,13:20:00,18972.345820180828,2,50
2023-06-28,18994.25,18995.3,18986.15,18994.05,13:25:00,18974.43193254456,2,51
2023-06-28,18996.65,18999.1,18990.75,18993.7,13:30:00,18976.547938968888,2,52
2023-06-28,19001.25,19003.15,18993.4,18996.65,13:35:00,18978.90051620995,2,53
2023-06-28,19008.15,19010.1,18993.55,19001.4,13:40:00,18981.68618133281,2,54
2023-06-28,19007.9,19010.4,18997.1,19009.6,13:45:00,18984.18273549159,2,55
2023-06-28,19001.45,19009.45,18997.85,19007.5,13:50:00,18985.827236873345,2,56
2023-06-28,18991.25,19003.05,18986.35,19001.05,13:55:00,18986.34369050445,2,57
2023-06-28,18997.95,19000.1,18990.3,18991.5,14:00:00,18987.44905331356,2,58
2023-06-28,18989.5,19004.55,18988.3,18997.35,14:05:00,18987.644381569407,2,59
2023-06-28,18979.55,18998.1,18977.95,18990.15,14:10:00,18986.873488086607,2,60
2023-06-28,18985.65,18991.4,18970.35,18979.75,14:15:00,18986.75696541169,2,61
2023-06-28,18993.95,18997.9,18980.45,18984.95,14:20:00,18987.442016324865,2,62
2023-06-28,18999.2,19007.95,18993.5,18993.5,14:25:00,18988.561824293927,2,63
2023-06-28,18993.5,19004.75,18991.0,18999.65,14:30:00,18989.032126742128,2,64
2023-06-28,18989.05,18996.5,18986.2,18993.15,14:35:00,18989.033828957163,2,65
2023-06-28,18977.8,18991.2,18971.05,18988.65,14:40:00,18987.963940485053,2,66
2023-06-28,18980.75,18985.25,18974.5,18978.5,14:45:00,18987.27689853409,2,67
2023-06-28,18978.3,18988.85,18978.25,18980.5,14:50:00,18986.421955816564,2,68
2023-06-28,18980.65,18985.5,18975.75,18977.95,14:55:00,18985.8722457388,2,69
2023-06-28,18953.0,18989.35,18950.95,18981.05,15:00:00,18982.741555668435,2,70
2023-06-28,18965.5,18967.6,18944.75,18951.8,15:05:00,18981.09950274763,2,71
2023-06-28,18972.95,18977.2,18963.2,18965.1,15:10:00,18980.32335962881,2,72
2023-06-28,18976.9,18977.85,18965.55,18973.5,15:15:00,18979.997325378445,2,73
2023-06-28,18984.05,18988.5,18976.45,18977.75,15:20:00,18980.38329439002,2,74
2023-06-28,18993.0,18995.9,18981.2,18984.15,15:25:00,18981.58488540049,2,75
2023-06-30,19071.7,19080.7,19028.15,19076.85,09:15:00,18998.376062652103,4,1
2023-06-30,19083.8,19084.95,19067.8,19071.6,09:20:00,19006.51167573285,4,2
2023-06-30,19087.45,19092.65,19082.0,19083.9,09:25:00,19014.22008756782,4,3
2023-06-30,19103.7,19104.6,19083.5,19086.7,09:30:00,19022.74198398993,4,4
2023-06-30,19104.55,19104.85,19094.4,19103.6,09:35:00,19030.533223609946,4,5
2023-06-30,19102.95,19107.45,19099.25,19104.7,09:40:00,19037.43005945661,4,6
2023-06-30,19082.15,19104.0,19079.7,19104.0,09:45:00,19041.689101413125,4,7
2023-06-30,19085.8,19089.15,19075.4,19081.55,09:50:00,19045.89013937378,4,8
2023-06-30,19078.1,19085.85,19076.3,19085.85,09:55:00,19048.957745147705,4,9
2023-06-30,19087.0,19091.15,19077.7,19077.7,10:00:00,19052.5808170384,4,10
2023-06-30,19086.9,19093.15,19084.4,19087.85,10:05:00,19055.84931065379,4,11
2023-06-30,19090.25,19093.05,19085.85,19086.9,10:10:00,19059.125566782,4,12
2023-06-30,19095.0,19095.0,19088.45,19090.75,10:15:00,19062.542179469427,4,13
2023-06-30,19086.3,19098.15,19085.5,19094.95,10:20:00,19064.804829043765,4,14
2023-06-30,19086.05,19086.45,19079.95,19086.45,10:25:00,19066.828178658645,4,15
2023-06-30,19083.95,19087.4,19081.35,19085.65,10:30:00,19068.4588283102,4,16
2023-06-30,19075.4,19085.2,19075.4,19084.15,10:35:00,19069.11989228066,4,17
2023-06-30,19089.8,19090.35,19075.4,19076.2,10:40:00,19071.08942634917,4,18
2023-06-30,19092.05,19095.95,19087.65,19089.45,10:45:00,19073.08567145877,4,19
2023-06-30,19094.65,19097.75,19090.6,19091.75,10:50:00,19075.139417034126,4,20
2023-06-30,19102.2,19102.6,19091.4,19094.05,10:55:00,19077.716615411828,4,21
2023-06-30,19091.75,19102.3,19089.9,19102.05,11:00:00,19079.05312822975,4,22
2023-06-30,19090.5,19093.6,19086.7,19092.0,11:05:00,19080.143306493585,4,23
2023-06-30,19095.8,19096.9,19087.85,19089.65,11:10:00,19081.634420160863,4,24
2023-06-30,19099.1,19100.35,19094.75,19094.75,11:15:00,19083.29780871697,4,25
2023-06-30,19096.65,19102.65,19095.75,19098.95,11:20:00,19084.569445982022,4,26
2023-06-30,19096.65,19097.3,19092.35,19096.75,11:25:00,19085.71997493612,4,27
2023-06-30,19099.35,19101.05,19094.95,19096.5,11:30:00,19087.018072561248,4,28
2023-06-30,19106.0,19108.0,19095.7,19099.55,11:35:00,19088.82587517446,4,29
2023-06-30,19117.1,19118.55,19104.95,19105.65,11:40:00,19091.51864896737,4,30
2023-06-30,19114.0,19120.65,19113.25,19118.55,11:45:00,19093.659730018106,4,31
2023-06-30,19108.0,19114.15,19105.8,19113.7,11:50:00,19095.02547001638,4,32
2023-06-30,19101.9,19109.05,19101.0,19108.4,11:55:00,19095.680187157675,4,33
2023-06-30,19118.2,19120.15,19100.2,19101.8,12:00:00,19097.824931237898,4,34
2023-06-30,19115.05,19121.05,19112.6,19118.5,12:05:00,19099.465413977145,4,35
2023-06-30,19118.3,19119.65,19110.7,19115.65,12:10:00,19101.25918407456,4,36
2023-06-30,19113.6,19122.85,19113.55,19118.15,12:15:00,19102.43449987698,4,37
2023-06-30,19120.95,19121.7,19111.05,19113.65,12:20:00,19104.19788084108,4,38
2023-06-30,19123.15,19125.55,19119.95,19121.35,12:25:00,19106.0028445705,4,39
2023-06-30,19123.1,19129.45,19121.75,19123.05,12:30:00,19107.631145087595,4,40
2023-06-30,19134.95,19135.7,19122.2,19122.35,12:35:00,19110.23294079354,4,41
2023-06-30,19130.9,19138.1,19130.3,19135.35,12:40:00,19112.201232146537,4,42
2023-06-30,19129.05,19132.6,19125.75,19130.8,12:45:00,19113.80587670401,4,43
2023-06-30,19131.45,19131.45,19123.25,19130.2,12:50:00,19115.486269398865,4,44
2023-06-30,19134.1,19138.65,19130.2,19131.0,12:55:00,19117.259005646592,4,45
2023-06-30,19144.45,19145.1,19133.95,19133.95,13:00:00,19119.84862415644,4,46
2023-06-30,19148.5,19150.5,19142.85,19144.2,13:05:00,19122.57732661773,4,47
2023-06-30,19145.4,19151.05,19145.1,19148.3,13:10:00,19124.7509145589,4,48
2023-06-30,19147.7,19154.3,19143.4,19145.7,13:15:00,19126.93654174377,4,49
2023-06-30,19146.05,19150.1,19144.15,19147.5,13:20:00,19128.756871101505,4,50
2023-06-30,19155.6,19159.6,19146.1,19146.1,13:25:00,19131.313359568023,4,51
2023-06-30,19152.35,19156.5,19149.75,19154.95,13:30:00,19133.31684913297,4,52
2023-06-30,19143.65,19153.0,19141.1,19152.05,13:35:00,19134.30095873936,4,53
2023-06-30,19149.2,19151.6,19142.6,19143.75,13:40:00,19135.719915049896,4,54
2023-06-30,19144.55,19150.75,19143.5,19149.6,13:45:00,19136.560875521336,4,55
2023-06-30,19154.25,19154.9,19142.15,19144.3,13:50:00,19138.245554043115,4,56
2023-06-30,19153.05,19158.6,19150.85,19154.8,13:55:00,19139.655501277102,4,57
2023-06-30,19149.05,19158.65,19145.85,19153.6,14:00:00,19140.550215441188,4,58
2023-06-30,19143.6,19151.05,19137.7,19149.8,14:05:00,19140.840671113456,4,59
2023-06-30,19144.75,19150.9,19141.45,19143.8,14:10:00,19141.21298815027,4,60
2023-06-30,19151.35,19153.85,19141.2,19145.2,14:15:00,19142.17841785025,4,61
2023-06-30,19150.45,19152.5,19147.5,19151.2,14:20:00,19142.9661875788,4,62
2023-06-30,19154.9,19158.55,19145.05,19151.55,14:25:00,19144.10274114272,4,63
2023-06-30,19158.55,19160.7,19152.6,19155.9,14:30:00,19145.47867055769,4,64
2023-06-30,19161.8,19169.85,19156.7,19158.35,14:35:00,19147.033082885537,4,65
2023-06-30,19167.2,19169.75,19157.4,19161.55,14:40:00,19148.953741658344,4,66
2023-06-30,19169.35,19169.35,19159.5,19167.95,14:45:00,19150.89624245279,4,67
2023-06-30,19171.85,19175.1,19164.8,19169.7,14:50:00,19152.89183840967,4,68
2023-06-30,19169.25,19173.35,19168.1,19172.5,14:55:00,19154.44975856113,4,69
2023-06-30,19174.9,19179.2,19169.6,19169.6,15:00:00,19156.39740060293,4,70
2023-06-30,19186.3,19186.3,19174.7,19174.7,15:05:00,19159.245267212176,4,71
2023-06-30,19194.25,19194.6,19182.1,19186.2,15:10:00,19162.579051287208,4,72
2023-06-30,19199.3,19201.1,19190.6,19194.45,15:15:00,19166.07628449795,4,73
2023-06-30,19196.25,19200.75,19194.05,19199.4,15:20:00,19168.949971688624,4,74
2023-06-30,19183.2,19199.55,19181.2,19197.0,15:25:00,19170.30711724209,4,75
2023-07-03,19275.85,19278.65,19234.4,19253.3,09:15:00,19180.35882036189,0,1
2023-07-03,19290.9,19292.05,19270.6,19273.45,09:20:00,19190.886551756,0,2
2023-07-03,19284.2,19292.65,19279.55,19290.65,09:25:00,19199.77354682685,0,3
2023-07-03,19304.05,19310.0,19281.25,19282.4,09:30:00,19209.70463760525,0,4
2023-07-03,19301.55,19318.0,19300.05,19304.45,09:35:00,19218.45181497618,0,5
2023-07-03,19305.55,19309.3,19288.95,19300.75,09:40:00,19226.746880216542,0,6
2023-07-03,19314.05,19315.15,19298.15,19306.95,09:45:00,19235.06146305306,0,7
2023-07-03,19329.0,19330.35,19307.15,19311.8,09:50:00,19244.00799038134,0,8
2023-07-03,19310.45,19331.15,19304.75,19329.55,09:55:00,19250.33580082121,0,9
2023-07-03,19303.85,19316.8,19300.55,19309.4,10:00:00,19255.43239121919,0,10
2023-07-03,19306.85,19314.75,19298.95,19302.3,10:05:00,19260.329306341173,0,11
2023-07-03,19323.4,19324.8,19305.45,19305.45,10:10:00,19266.336039070586,0,12
2023-07-03,19317.85,19327.1,19312.5,19323.35,10:15:00,19271.24213058767,0,13
2023-07-03,19315.3,19319.3,19308.2,19317.15,10:20:00,19275.43811815075,0,14
2023-07-03,19333.45,19335.1,19314.3,19314.4,10:25:00,19280.96305927925,0,15
2023-07-03,19316.15,19335.65,19315.55,19333.45,10:30:00,19284.31419649075,0,16
2023-07-03,19316.55,19318.5,19310.25,19316.35,10:35:00,19287.384273015443,0,17
2023-07-03,19310.45,19316.7,19303.0,19316.7,10:40:00,19289.581008918733,0,18
2023-07-03,19306.9,19314.3,19302.55,19309.55,10:45:00,19291.23043664076,0,19
2023-07-03,19298.55,19309.15,19294.2,19306.55,10:50:00,19291.927537913067,0,20
2023-07-03,19298.75,19308.55,19296.2,19298.8,10:55:00,19292.577296207062,0,21
2023-07-03,19294.85,19300.35,19289.25,19298.85,11:00:00,19292.79374418734,0,22
2023-07-03,19284.35,19296.7,19283.9,19294.55,11:05:00,19291.98957807426,0,23
2023-07-03,19267.1,19285.25,19265.65,19284.4,11:10:00,19289.619142067186,0,24
2023-07-03,19271.1,19272.0,19260.75,19267.5,11:15:00,19287.855414251266,0,25
2023-07-03,19257.95,19272.8,19254.75,19271.15,11:20:00,19285.007279560665,0,26
2023-07-03,19269.65,19270.1,19253.55,19259.0,11:25:00,19283.54468150727,0,27
2023-07-03,19276.2,19277.15,19267.15,19269.95,11:30:00,19282.845188030384,0,28
2023-07-03,19282.3,19286.3,19275.3,19275.95,11:35:00,19282.793265360822,0,29
2023-07-03,19289.75,19290.1,19278.2,19282.2,11:40:00,19283.45581151693,0,30
2023-07-03,19297.8,19297.8,19285.2,19289.7,11:45:00,19284.8219247058,0,31
2023-07-03,19292.85,19300.3,19292.75,19296.75,11:50:00,19285.58650330525,0,32
2023-07-03,19299.7,19301.25,19291.0,19293.2,11:55:00,19286.93064584761,0,33
2023-07-03,19295.1,19307.05,19294.5,19299.75,12:00:00,19287.708679576404,0,34
2023-07-03,19286.55,19302.5,19284.8,19295.3,12:05:00,19287.59832914056,0,35
2023-07-03,19303.3,19304.2,19286.95,19287.35,12:10:00,19289.093726365267,0,36
2023-07-03,19309.6,19312.4,19301.0,19304.35,12:15:00,19291.04670480667,0,37
2023-07-03,19306.3,19312.7,19301.3,19309.6,12:20:00,19292.499399586988,0,38
2023-07-03,19304.55,19308.6,19299.6,19307.05,12:25:00,19293.6470758168,0,39
2023-07-03,19318.15,19319.6,19301.15,19305.35,12:30:00,19295.98068764377,0,40
2023-07-03,19313.1,19320.85,19310.1,19318.85,12:35:00,19297.61109834436,0,41
2023-07-03,19319.2,19322.15,19309.45,19313.8,12:40:00,19299.667184216327,0,42
2023-07-03,19318.05,19320.2,19311.5,19320.2,12:45:00,19301.41792857668,0,43
2023-07-03,19313.35,19318.85,19310.25,19318.85,12:50:00,19302.55431633128,0,44
2023-07-03,19320.1,19320.85,19307.45,19313.85,12:55:00,19304.22533382353,0,45
2023-07-03,19327.1,19328.65,19316.55,19320.7,13:00:00,19306.40387345939,0,46
2023-07-03,19321.2,19329.2,19320.85,19327.25,13:05:00,19307.81302836802,0,47
2023-07-03,19319.3,19323.15,19314.75,19320.7,13:10:00,19308.907025666304,0,48
2023-07-03,19324.0,19327.1,19318.9,19320.3,13:15:00,19310.344451793324,0,49
2023-07-03,19315.0,19325.1,19308.9,19325.1,13:20:00,19310.78783733682,0,50
2023-07-03,19302.2,19316.5,19301.0,19315.85,13:25:00,19309.96994806665,0,51
2023-07-03,19316.45,19317.8,19300.75,19301.75,13:30:00,19310.587095869825,0,52
2023-07-03,19321.05,19322.2,19315.6,19316.65,13:35:00,19311.58356292984,0,53
2023-07-03,19320.0,19324.3,19314.95,19321.8,13:40:00,19312.38512836509,0,54
2023-07-03,19317.45,19320.4,19315.6,19320.4,13:45:00,19312.86749709223,0,55
2023-07-03,19321.0,19324.05,19315.25,19317.65,13:50:00,19313.642021178683,0,56
2023-07-03,19324.0,19327.1,19315.1,19320.45,13:55:00,19314.62849535214,0,57
2023-07-03,19316.6,19324.65,19310.7,19324.45,14:00:00,19314.81625769956,0,58
2023-07-03,19320.8,19322.65,19314.95,19315.65,14:05:00,19315.38613791865,0,59
2023-07-03,19304.6,19324.6,19302.75,19320.8,14:10:00,19314.358886688296,0,60
2023-07-03,19316.35,19317.55,19304.2,19304.2,14:15:00,19314.54851652751,0,61
2023-07-03,19322.4,19327.1,19313.85,19316.45,14:20:00,19315.296276858226,0,62
2023-07-03,19320.4,19323.5,19309.25,19322.0,14:25:00,19315.78234572887,0,63
2023-07-03,19323.85,19329.85,19317.85,19320.75,14:30:00,19316.55069375469,0,64
2023-07-03,19320.3,19325.4,19317.25,19323.95,14:35:00,19316.90777053996,0,65
2023-07-03,19312.45,19324.15,19310.65,19320.0,14:40:00,19316.483220964725,0,66
2023-07-03,19295.35,19315.75,19295.35,19312.95,14:45:00,19314.4705332538,0,67
2023-07-03,19306.1,19307.55,19288.6,19296.2,14:50:00,19313.67333961058,0,68
2023-07-03,19317.05,19317.25,19306.25,19307.15,14:55:00,19313.99492631433,0,69
2023-07-03,19311.5,19319.15,19300.15,19318.7,15:00:00,19313.7573142844,0,70
2023-07-03,19312.25,19318.7,19308.15,19311.65,15:05:00,19313.61376054303,0,71
2023-07-03,19316.55,19318.45,19306.9,19314.15,15:10:00,19313.89340239608,0,72
2023-07-03,19328.3,19329.6,19314.75,19316.4,15:15:00,19315.265459310736,0,73
2023-07-03,19335.55,19337.05,19322.9,19328.85,15:20:00,19317.197320328763,0,74
2023-07-03,19329.8,19345.1,19328.45,19336.05,15:25:00,19318.39757553555,0,75
2023-07-04,19404.95,19412.35,19374.6,19406.6,09:15:00,19334.24087249055,1,1
2023-07-04,19386.35,19405.9,19381.85,19405.9,09:20:00,19339.20364653907,1,2
2023-07-04,19378.95,19394.7,19375.7,19387.0,09:25:00,19342.98901353535,1,3
2023-07-04,19375.15,19385.4,19371.7,19377.85,09:30:00,19346.051964627222,1,4
2023-07-04,19359.95,19375.9,19346.85,19375.9,09:35:00,19347.37558704368,1,5
2023-07-04,19348.15,19364.65,19348.15,19360.7,09:40:00,19347.449340658564,1,6
2023-07-04,19354.6,19362.6,19342.15,19346.8,09:45:00,19348.13035583394,1,7
2023-07-04,19332.1,19357.2,19332.1,19352.65,09:50:00,19346.603655278326,1,8
2023-07-04,19308.65,19335.4,19308.4,19331.7,09:55:00,19342.989021442296,1,9
2023-07-04,19322.9,19323.15,19300.25,19308.45,10:00:00,19341.07578130493,1,10
2023-07-04,19322.55,19337.75,19317.0,19323.9,10:05:00,19339.311421180657,1,11
2023-07-04,19325.35,19326.55,19314.05,19323.45,10:10:00,19337.9817620206,1,12
2023-07-04,19319.55,19329.4,19314.95,19326.8,10:15:00,19336.22635611387,1,13
2023-07-04,19331.7,19334.85,19318.9,19319.55,10:20:00,19335.795274579217,1,14
2023-07-04,19326.75,19332.2,19323.35,19332.2,10:25:00,19334.93381985739,1,15
2023-07-04,19321.9,19330.45,19319.8,19325.75,10:30:00,19333.692503680497,1,16
2023-07-04,19327.8,19329.95,19316.5,19321.8,10:35:00,19333.131312853784,1,17
2023-07-04,19344.05,19344.45,19326.6,19328.05,10:40:00,19334.17118782009,1,18
2023-07-04,19346.95,19349.6,19342.25,19343.3,10:45:00,19335.38821755151,1,19
2023-07-04,19332.25,19348.45,19332.0,19347.1,10:50:00,19335.089339689464,1,20
2023-07-04,19335.4,19342.15,19331.3,19331.85,10:55:00,19335.118926385705,1,21
2023-07-04,19333.35,19337.65,19326.7,19335.2,11:00:00,19334.950457206112,1,22
2023-07-04,19342.9,19343.55,19332.35,19333.95,11:05:00,19335.707556519817,1,23
2023-07-04,19340.75,19346.85,19340.3,19343.05,11:10:00,19336.18778923221,1,24
2023-07-04,19347.5,19348.85,19341.4,19341.6,11:15:00,19337.26514263867,1,25
2023-07-04,19346.1,19348.9,19339.45,19347.55,11:20:00,19338.106557625462,1,26
2023-07-04,19345.3,19350.8,19345.3,19346.85,11:25:00,19338.79164737542,1,27
2023-07-04,19335.5,19348.7,19334.2,19345.95,11:30:00,19338.47815714919,1,28
2023-07-04,19339.15,19340.3,19333.3,19334.95,11:35:00,19338.5421421826,1,29
2023-07-04,19348.8,19350.45,19338.1,19339.15,11:40:00,19339.51908102236,1,30
2023-07-04,19346.75,19356.15,19345.05,19349.5,11:45:00,19340.207739972604,1,31
2023-07-04,19353.55,19354.85,19343.3,19347.65,11:50:00,19341.478431403782,1,32
2023-07-04,19349.6,19356.2,19347.6,19353.4,11:55:00,19342.251914127235,1,33
2023-07-04,19359.5,19362.8,19348.65,19348.65,12:00:00,19343.89458897226,1,34
2023-07-04,19367.55,19374.75,19358.1,19360.05,12:05:00,19346.14748526061,1,35
2023-07-04,19377.0,19378.5,19367.4,19368.4,12:10:00,19349.0858199977,1,36
2023-07-04,19388.3,19389.85,19375.0,19376.2,12:15:00,19352.820503807445,1,37
2023-07-04,19384.05,19392.9,19381.75,19390.15,12:20:00,19355.794741540067,1,38
2023-07-04,19385.5,19391.95,19380.5,19384.0,12:25:00,19358.623813774346,1,39
2023-07-04,19387.45,19391.55,19380.1,19385.75,12:30:00,19361.36916484345,1,40
2023-07-04,19391.4,19391.65,19383.8,19387.35,12:35:00,19364.22924438217,1,41
2023-07-04,19398.55,19398.55,19390.95,19390.95,12:40:00,19367.49788777435,1,42
2023-07-04,19390.4,19401.05,19385.25,19398.05,12:45:00,19369.67904131965,1,43
2023-07-04,19395.95,19398.9,19388.85,19390.45,12:50:00,19372.18103738445,1,44
2023-07-04,19400.75,19400.95,19395.95,19396.4,12:55:00,19374.90189096688,1,45
2023-07-04,19385.75,19402.15,19384.95,19400.1,13:00:00,19375.93504420813,1,46
2023-07-04,19391.6,19392.0,19383.8,19384.9,13:05:00,19377.426944759736,1,47
2023-07-04,19392.9,19396.35,19389.05,19391.25,13:10:00,19378.900569068333,1,48
2023-07-04,19411.4,19412.9,19389.4,19393.0,13:15:00,19381.995752966588,1,49
2023-07-04,19419.75,19419.75,19406.9,19410.1,13:20:00,19385.5913955412,1,50
2023-07-04,19432.5,19432.5,19416.35,19419.35,13:25:00,19390.058881680136,1,51
2023-07-04,19422.8,19433.55,19418.45,19431.4,13:30:00,19393.177083424885,1,52
2023-07-04,19422.7,19424.9,19418.5,19420.45,13:35:00,19395.98878976537,1,53
2023-07-04,19420.7,19428.05,19417.2,19421.65,13:40:00,19398.342238359142,1,54
2023-07-04,19418.05,19429.75,19416.65,19420.0,13:45:00,19400.219168039228,1,55
2023-07-04,19419.35,19424.75,19410.7,19417.35,13:50:00,19402.041152035494,1,56
2023-07-04,19415.75,19422.95,19410.9,19417.9,13:55:00,19403.34675660354,1,57
2023-07-04,19405.5,19418.1,19404.9,19415.3,14:00:00,19403.551827403204,1,58
2023-07-04,19388.05,19412.15,19385.9,19404.55,14:05:00,19402.075462888613,1,59
2023-07-04,19372.65,19392.45,19372.3,19386.8,14:10:00,19399.273037851603,1,60
2023-07-04,19378.85,19386.75,19367.1,19372.0,14:15:00,19397.32798662764,1,61
2023-07-04,19383.25,19383.8,19373.7,19377.6,14:20:00,19395.98722599644,1,62
2023-07-04,19364.1,19382.4,19364.05,19381.35,14:25:00,19392.95034733011,1,63
2023-07-04,19377.3,19377.3,19358.7,19363.8,14:30:00,19391.45983806057,1,64
2023-07-04,19387.65,19391.5,19369.95,19376.05,14:35:00,19391.09699634052,1,65
2023-07-04,19390.9,19398.8,19384.1,19387.75,14:40:00,19391.078234784283,1,66
2023-07-04,19378.0,19391.8,19377.45,19390.8,14:45:00,19389.83268861435,1,67
2023-07-04,19385.9,19390.5,19370.0,19378.05,14:50:00,19389.45814684156,1,68
2023-07-04,19387.7,19396.45,19382.2,19386.7,14:55:00,19389.29070428522,1,69
2023-07-04,19389.75,19389.95,19378.3,19387.25,15:00:00,19389.33444673425,1,70
2023-07-04,19398.6,19399.5,19385.8,19389.4,15:05:00,19390.216880378608,1,71
2023-07-04,19389.95,19400.5,19387.75,19398.6,15:10:00,19390.19146319969,1,72
2023-07-04,19394.1,19395.6,19379.65,19389.65,15:15:00,19390.56370479972,1,73
2023-07-04,19384.95,19395.9,19378.7,19394.05,15:20:00,19390.02906624737,1,74
2023-07-04,19385.55,19394.3,19385.3,19385.3,15:25:00,19389.602488509525,1,75
2023-07-05,19381.05,19405.95,19349.55,19405.95,09:15:00,19390.196594902354,2,1
2023-07-05,19401.7,19409.0,19370.45,19377.95,09:20:00,19391.29215729261,2,2
2023-07-05,19403.8,19414.75,19393.05,19403.2,09:25:00,19392.4833804076,2,3
2023-07-05,19403.25,19421.25,19396.95,19405.05,09:30:00,19393.50877274973,2,4
2023-07-05,19385.55,19413.35,19384.75,19403.8,09:35:00,19392.75079439261,2,5
2023-07-05,19378.65,19387.75,19367.7,19385.85,09:40:00,19391.40786159332,2,6
2023-07-05,19372.7,19379.75,19371.4,19378.2,09:45:00,19389.62616048919,2,7
2023-07-05,19379.05,19379.05,19367.35,19372.85,09:50:00,19388.618907109267,2,8
2023-07-05,19374.2,19398.15,19372.3,19380.15,09:55:00,19387.245677860767,2,9
2023-07-05,19380.0,19384.4,19374.2,19374.2,10:00:00,19386.5556133026,2,10
2023-07-05,19383.7,19389.95,19378.7,19380.45,10:05:00,19386.283650130925,2,11
2023-07-05,19389.05,19389.95,19378.95,19383.0,10:10:00,19386.547112023218,2,12
2023-07-05,19384.7,19393.0,19384.4,19389.15,10:15:00,19386.37119659244,2,13
2023-07-05,19379.3,19385.0,19375.85,19384.7,10:20:00,19385.69774929792,2,14
2023-07-05,19371.35,19379.25,19369.75,19378.85,10:25:00,19384.33129698383,2,15
2023-07-05,19365.95,19372.7,19363.65,19371.5,10:30:00,19382.580697271085,2,16
2023-07-05,19370.75,19376.35,19360.65,19365.75,10:35:00,19381.453964197648,2,17
2023-07-05,19376.8,19377.65,19366.45,19370.3,10:40:00,19381.01072951216,2,18
2023-07-05,19379.8,19383.35,19374.25,19376.35,10:45:00,19380.89542193957,2,19
2023-07-05,19386.15,19389.65,19376.65,19379.25,10:50:00,19381.39585794533,2,20
2023-07-05,19378.9,19390.55,19376.05,19386.1,10:55:00,19381.158157188627,2,21
2023-07-05,19370.35,19380.4,19366.05,19379.3,11:00:00,19380.128808884947,2,22
2023-07-05,19380.5,19381.0,19367.95,19370.55,11:05:00,19380.16416041972,2,23
2023-07-05,19374.0,19382.45,19372.85,19380.7,11:10:00,19379.5770975226,2,24
2023-07-05,19374.85,19380.45,19371.5,19373.15,11:15:00,19379.126897758542,2,25
2023-07-05,19368.45,19379.95,19367.85,19374.3,11:20:00,19378.110050352967,2,26
2023-07-05,19383.25,19384.95,19368.0,19368.45,11:25:00,19378.59956936697,2,27
2023-07-05,19397.0,19402.25,19382.8,19383.8,11:30:00,19380.35199133202,2,28
2023-07-05,19396.1,19403.5,19392.75,19396.8,11:35:00,19381.85180168135,2,29
2023-07-05,19393.7,19398.45,19393.35,19396.25,11:40:00,19382.980201521223,2,30
2023-07-05,19389.4,19398.0,19387.7,19393.9,11:45:00,19383.591610900152,2,31
2023-07-05,19394.75,19394.75,19384.65,19390.05,11:50:00,19384.654314623946,2,32
2023-07-05,19397.3,19397.65,19391.65,19395.2,11:55:00,19385.85866561214,2,33
2023-07-05,19395.5,19403.7,19393.4,19397.65,12:00:00,19386.7768879348,2,34
2023-07-05,19397.55,19404.5,19394.85,19395.2,12:05:00,19387.802898607668,2,35
2023-07-05,19392.65,19402.2,19389.85,19397.55,12:10:00,19388.2645273117,2,36
2023-07-05,19390.55,19395.15,19390.1,19392.6,12:15:00,19388.48219137725,2,37
2023-07-05,19394.5,19394.5,19383.1,19390.6,12:20:00,19389.05531600799,2,38
2023-07-05,19385.7,19396.15,19385.15,19394.45,12:25:00,19388.735762102468,2,39
2023-07-05,19383.2,19387.4,19378.65,19386.1,12:30:00,19388.208546664137,2,40
2023-07-05,19384.25,19388.85,19380.55,19383.6,12:35:00,19387.83154221993,2,41
2023-07-05,19383.7,19388.95,19382.1,19384.0,12:40:00,19387.438062008507,2,42
2023-07-05,19375.35,19388.0,19373.1,19382.95,12:45:00,19386.28681800769,2,43
2023-07-05,19388.2,19390.45,19374.25,19375.5,12:50:00,19386.469025816485,2,44
2023-07-05,19377.7,19388.9,19376.6,19387.95,12:55:00,19385.63388050063,2,45
2023-07-05,19381.5,19383.25,19374.25,19377.8,13:00:00,19385.24017759581,2,46
2023-07-05,19383.0,19384.6,19377.95,19381.75,13:05:00,19385.026827348585,2,47
2023-07-05,19388.55,19389.5,19380.1,19382.45,13:10:00,19385.3623676011,2,48
2023-07-05,19387.2,19390.0,19384.3,19388.85,13:15:00,19385.53738021052,2,49
2023-07-05,19383.7,19388.1,19378.9,19386.35,13:20:00,19385.36239161904,2,50
2023-07-05,19370.05,19385.7,19369.15,19382.85,13:25:00,19383.904068607702,2,51
2023-07-05,19355.35,19374.0,19355.2,19369.0,13:30:00,19381.18463350221,2,52
2023-07-05,19361.45,19362.9,19349.65,19355.65,13:35:00,19379.30514459724,2,53
2023-07-05,19379.45,19383.05,19360.8,19361.4,13:40:00,19379.31894034988,2,54
2023-07-05,19370.35,19378.6,19367.05,19378.6,13:45:00,19378.46475555465,2,55
2023-07-05,19385.0,19386.8,19368.05,19370.7,13:50:00,19379.087159787545,2,56
2023-07-05,19386.8,19386.8,19375.9,19385.35,13:55:00,19379.82171599825,2,57
2023-07-05,19381.7,19390.35,19380.9,19386.8,14:00:00,19380.000600188898,2,58
2023-07-05,19376.55,19381.8,19372.3,19381.6,14:05:00,19379.67197159948,2,59
2023-07-05,19380.85,19382.3,19374.35,19376.7,14:10:00,19379.78416478048,2,60
2023-07-05,19381.85,19384.8,19374.35,19381.0,14:15:00,19379.980910991864,2,61
2023-07-05,19377.65,19385.2,19376.8,19382.25,14:20:00,19379.75891946883,2,62
2023-07-05,19380.1,19383.45,19374.1,19377.3,14:25:00,19379.79140332894,2,63
2023-07-05,19375.7,19382.75,19372.15,19380.05,14:30:00,19379.401745869043,2,64
2023-07-05,19348.0,19376.55,19347.8,19375.85,14:35:00,19376.411103405328,2,65
2023-07-05,19345.9,19353.7,19340.55,19347.6,14:40:00,19373.505284033392,2,66
2023-07-05,19353.95,19362.9,19342.95,19345.5,14:45:00,19371.64287603021,2,67
2023-07-05,19349.8,19358.3,19347.55,19354.05,14:50:00,19369.562602122573,2,68
2023-07-05,19357.5,19358.0,19346.85,19348.85,14:55:00,19368.4137828728,2,69
2023-07-05,19362.25,19371.75,19353.4,19353.4,15:00:00,19367.826755932536,2,70
2023-07-05,19392.0,19392.0,19361.6,19361.75,15:05:00,19370.128969653244,2,71
2023-07-05,19410.65,19410.65,19391.2,19391.2,15:10:00,19373.98811540056,2,72
2023-07-05,19407.45,19420.05,19404.4,19409.95,15:15:00,19377.17496155288,2,73
2023-07-05,19416.1,19416.85,19406.1,19406.95,15:20:00,19380.88210807166,2,74
2023-07-05,19415.3,19417.7,19408.8,19415.4,15:25:00,19384.160002541023,2,75
2023-07-06,19399.25,19404.8,19374.9,19385.7,09:15:00,19385.72984334991,3,1
2023-07-06,19415.0,19416.0,19389.5,19400.9,09:20:00,19388.517477316585,3,2
2023-07-06,19415.95,19419.95,19410.95,19415.65,09:25:00,19391.130098524533,3,3
2023-07-06,19385.85,19423.35,19384.3,19415.5,09:30:00,19390.627231998387,3,4
2023-07-06,19405.3,19406.05,19384.7,19384.7,09:35:00,19392.02463847473,3,5
2023-07-06,19404.3,19410.3,19399.4,19406.45,09:40:00,19393.19372052476,3,6
2023-07-06,19412.75,19415.75,19404.4,19404.4,09:45:00,19395.05622333192,3,7
2023-07-06,19413.6,19415.1,19408.35,19411.3,09:50:00,19396.82229730031,3,8
2023-07-06,19425.6,19427.45,19406.5,19410.9,09:55:00,19399.56303089076,3,9
2023-07-06,19419.8,19429.35,19419.5,19425.5,10:00:00,19401.490361282114,3,10
2023-07-06,19444.15,19444.65,19417.2,19419.75,10:05:00,19405.55318401715,3,11
2023-07-06,19449.85,19452.9,19441.25,19444.0,10:10:00,19409.77192839647,3,12
2023-07-06,19447.3,19452.45,19440.05,19449.7,10:15:00,19413.346030453948,3,13
2023-07-06,19449.4,19449.7,19439.0,19447.5,10:20:00,19416.779741839284,3,14
2023-07-06,19457.75,19463.6,19448.65,19449.75,10:25:00,19420.68167118792,3,15
2023-07-06,19446.55,19459.95,19443.25,19457.8,10:30:00,19423.14532155097,3,16
2023-07-06,19445.15,19455.3,19444.7,19446.55,10:35:00,19425.24100521279,3,17
2023-07-06,19440.95,19445.65,19433.1,19445.25,10:40:00,19426.73709995443,3,18
2023-07-06,19449.55,19450.0,19440.5,19443.45,10:45:00,19428.909757101625,3,19
2023-07-06,19448.8,19451.75,19446.55,19449.8,10:50:00,19430.804065949087,3,20
2023-07-06,19455.65,19456.5,19447.65,19449.7,10:55:00,19433.17034538251,3,21
2023-07-06,19463.35,19463.35,19452.7,19456.3,11:00:00,19436.044598203225,3,22
2023-07-06,19450.35,19466.6,19450.15,19463.3,11:05:00,19437.407017421967,3,23
2023-07-06,19457.7,19458.5,19445.7,19450.45,11:10:00,19439.3396824294,3,24
2023-07-06,19451.8,19460.7,19450.6,19457.2,11:15:00,19440.52637934088,3,25
2023-07-06,19452.2,19461.55,19449.25,19452.65,11:20:00,19441.638152736985,3,26
2023-07-06,19456.2,19460.1,19452.55,19452.95,11:25:00,19443.024995333464,3,27
2023-07-06,19466.15,19466.55,19454.65,19455.2,11:30:00,19445.22737673028,3,28
2023-07-06,19465.65,19471.95,19461.85,19465.9,11:35:00,19447.17238847025,3,29
2023-07-06,19463.1,19469.85,19460.4,19465.05,11:40:00,19448.68930385404,3,30
2023-07-06,19457.0,19472.05,19454.7,19463.4,11:45:00,19449.48079872508,3,31
2023-07-06,19459.3,19470.65,19456.55,19456.55,11:50:00,19450.415960751263,3,32
2023-07-06,19462.5,19466.4,19456.65,19458.6,11:55:00,19451.566821632096,3,33
2023-07-06,19456.2,19464.55,19450.2,19462.6,12:00:00,19452.008076714752,3,34
2023-07-06,19451.95,19457.15,19447.35,19456.1,12:05:00,19452.00254559906,3,35
2023-07-06,19450.2,19457.75,19448.2,19452.35,12:10:00,19451.83087458963,3,36
2023-07-06,19455.5,19458.2,19449.8,19450.1,12:15:00,19452.180315104903,3,37
2023-07-06,19451.9,19458.55,19450.95,19456.3,12:20:00,19452.153618428245,3,38
2023-07-06,19447.6,19455.5,19439.1,19452.65,12:25:00,19451.7199404827,3,39
2023-07-06,19444.25,19452.2,19443.4,19448.65,12:30:00,19451.008517579587,3,40
2023-07-06,19443.15,19446.2,19440.95,19444.95,12:35:00,19450.26008733391,3,41
2023-07-06,19437.25,19450.55,19437.25,19443.5,12:40:00,19449.021031397348,3,42
2023-07-06,19445.85,19451.3,19437.65,19439.35,12:45:00,19448.71902840713,3,43
2023-07-06,19454.65,19455.45,19441.05,19447.05,12:50:00,19449.283882844546,3,44
2023-07-06,19460.5,19462.6,19449.25,19455.1,12:55:00,19450.352084478392,3,45
2023-07-06,19462.95,19463.75,19457.45,19461.0,13:00:00,19451.55188595664,3,46
2023-07-06,19463.9,19465.75,19459.05,19463.55,13:05:00,19452.72789681792,3,47
2023-07-06,19450.2,19465.9,19450.2,19463.85,13:10:00,19452.48714474002,3,48
2023-07-06,19448.7,19456.75,19444.8,19450.95,13:15:00,19452.126464288587,3,49
2023-07-06,19450.25,19453.6,19441.75,19450.45,13:20:00,19451.94775340396,3,50
2023-07-06,19456.0,19457.85,19447.55,19451.2,13:25:00,19452.33368165121,3,51
2023-07-06,19449.0,19461.15,19447.2,19457.2,13:30:00,19452.01618816061,3,52
2023-07-06,19452.5,19454.1,19448.2,19451.7,13:35:00,19452.06226547865,3,53
2023-07-06,19448.7,19455.15,19441.25,19453.15,13:40:00,19451.742049718778,3,54
2023-07-06,19448.6,19455.75,19447.6,19449.7,13:45:00,19451.44280688842,3,55
2023-07-06,19455.2,19464.05,19449.75,19449.75,13:50:00,19451.80063480381,3,56
2023-07-06,19452.3,19456.9,19440.1,19456.9,13:55:00,19451.84819339392,3,57
2023-07-06,19448.7,19461.8,19448.6,19453.1,14:00:00,19451.548365451643,3,58
2023-07-06,19452.45,19456.3,19446.7,19449.25,14:05:00,19451.634235408623,3,59
2023-07-06,19458.0,19463.6,19450.75,19452.8,14:10:00,19452.24049870305,3,60
2023-07-06,19483.95,19484.85,19457.85,19458.9,14:15:00,19455.26045120752,3,61
2023-07-06,19456.9,19490.15,19456.9,19484.5,14:20:00,19455.416598711563,3,62
2023-07-06,19467.4,19469.9,19447.8,19458.2,14:25:00,19456.557875024748,3,63
2023-07-06,19480.15,19482.5,19466.5,19468.05,14:30:00,19458.80474407001,3,64
2023-07-06,19474.15,19484.7,19471.5,19480.8,14:35:00,19460.266197015724,3,65
2023-07-06,19486.95,19490.55,19474.6,19474.75,14:40:00,19462.80751158565,3,66
2023-07-06,19494.65,19502.1,19483.35,19487.05,14:45:00,19465.84012952988,3,67
2023-07-06,19499.4,19500.85,19487.15,19494.8,14:50:00,19469.03630766989,3,68
2023-07-06,19489.75,19500.15,19489.75,19499.7,14:55:00,19471.00904027276,3,69
2023-07-06,19491.2,19497.85,19483.7,19490.25,15:00:00,19472.93198881821,3,70
2023-07-06,19498.45,19498.45,19485.8,19491.65,15:05:00,19475.36227559743,3,71
2023-07-06,19505.45,19511.95,19496.35,19498.4,15:10:00,19478.22777315958,3,72
2023-07-06,19503.85,19506.15,19500.2,19505.8,15:15:00,19480.66798523962,3,73
2023-07-06,19494.8,19504.6,19492.0,19503.95,15:20:00,19482.01389140728,3,74
2023-07-06,19486.25,19498.35,19483.25,19494.95,15:25:00,19482.41733032087,3,75
2023-07-07,19451.65,19462.9,19422.8,19422.8,09:15:00,19474.350014162887,4,1
2023-07-07,19474.55,19475.25,19443.65,19450.6,09:20:00,19474.369060433088,4,2
2023-07-07,19485.15,19486.4,19474.2,19474.75,09:25:00,19475.39581658232,4,3
2023-07-07,19489.45,19493.6,19480.45,19485.9,09:30:00,19476.734310241147,4,4
2023-07-07,19492.95,19495.7,19485.1,19489.1,09:35:00,19478.27866164676,4,5
2023-07-07,19491.3,19500.9,19489.5,19493.75,09:40:00,19479.518789108966,4,6
2023-07-07,19486.2,19492.4,19484.7,19491.1,09:45:00,19480.15509490811,4,7
2023-07-07,19503.25,19506.3,19485.85,19486.1,09:50:00,19482.35460967877,4,8
2023-07-07,19521.7,19521.7,19503.4,19503.4,09:55:00,19486.10178970936,4,9
2023-07-07,19507.2,19523.45,19506.75,19520.75,10:00:00,19488.11114307037,4,10
2023-07-07,19510.05,19510.7,19504.75,19507.05,10:05:00,19490.20055801605,4,11
2023-07-07,19496.55,19511.65,19488.45,19510.6,10:10:00,19490.805266776428,4,12
2023-07-07,19485.6,19496.5,19485.4,19496.1,10:15:00,19490.309527083435,4,13
2023-07-07,19484.25,19494.95,19479.15,19485.65,10:20:00,19489.732429265965,4,14
2023-07-07,19471.15,19484.9,19470.55,19484.0,10:25:00,19487.96267409778,4,15
2023-07-07,19470.1,19473.15,19464.35,19470.75,10:30:00,19486.261467040847,4,16
2023-07-07,19467.75,19475.4,19464.1,19471.05,10:35:00,19484.498470179813,4,17
2023-07-07,19445.7,19467.4,19445.45,19467.4,10:40:00,19480.803377781736,4,18
2023-07-07,19420.15,19445.55,19416.65,19445.55,10:45:00,19475.02686561205,4,19
2023-07-07,19407.35,19432.05,19406.4,19419.3,10:50:00,19468.58144983947,4,20
2023-07-07,19425.55,19425.55,19407.5,19407.5,10:55:00,19464.483216521425,4,21
2023-07-07,19412.05,19424.9,19410.9,19424.9,11:00:00,19459.48957685272,4,22
2023-07-07,19425.8,19432.1,19412.05,19412.15,11:05:00,19456.281045723885,4,23
2023-07-07,19426.75,19427.8,19417.9,19426.1,11:10:00,19453.468565178755,4,24
2023-07-07,19433.1,19440.75,19426.55,19426.75,11:15:00,19451.5287018284,4,25
2023-07-07,19414.0,19434.95,19413.95,19433.2,11:20:00,19447.954539749506,4,26
2023-07-07,19394.3,19414.3,19390.45,19413.9,11:25:00,19442.84458358288,4,27
2023-07-07,19398.7,19403.6,19394.55,19395.5,11:30:00,19438.64033752737,4,28
2023-07-07,19387.3,19403.9,19386.8,19398.5,11:35:00,19433.750781572384,4,29
2023-07-07,19389.6,19391.6,19380.7,19387.9,11:40:00,19429.54594523216,4,30
2023-07-07,19388.6,19390.9,19380.5,19390.1,11:45:00,19425.646331400523,4,31
2023-07-07,19396.55,19398.1,19386.3,19387.95,11:50:00,19422.87525221952,4,32
2023-07-07,19382.45,19401.2,19382.4,19396.7,11:55:00,19419.02522819861,4,33
2023-07-07,19363.95,19383.15,19363.25,19382.65,12:00:00,19413.77996837017,4,34
2023-07-07,19371.7,19377.35,19362.55,19363.0,12:05:00,19409.77235233492,4,35
2023-07-07,19380.5,19381.15,19371.25,19371.5,12:10:00,19406.9845092554,4,36
2023-07-07,19385.7,19385.7,19380.05,19380.65,12:15:00,19404.95741313584,4,37
2023-07-07,19374.7,19385.85,19371.2,19385.85,12:20:00,19402.07575474195,4,38
2023-07-07,19366.7,19376.95,19366.55,19374.95,12:25:00,19398.70663524272,4,39
2023-07-07,19361.7,19369.2,19361.6,19366.5,12:30:00,19395.18219379103,4,40
2023-07-07,19361.95,19366.05,19358.2,19361.6,12:35:00,19392.01722295379,4,41
2023-07-07,19359.6,19362.2,19350.4,19362.05,12:40:00,19388.92986838676,4,42
2023-07-07,19371.05,19375.35,19359.25,19359.85,12:45:00,19387.22702377849,4,43
2023-07-07,19365.5,19371.2,19363.7,19370.85,12:50:00,19385.15778341864,4,44
2023-07-07,19371.1,19371.55,19363.8,19365.7,12:55:00,19383.81894690257,4,45
2023-07-07,19369.25,19373.5,19367.4,19370.75,13:00:00,19382.43142814995,4,46
2023-07-07,19361.25,19369.65,19358.0,19369.55,13:05:00,19380.414149278527,4,47
2023-07-07,19355.9,19361.2,19354.3,19361.2,13:10:00,19378.07946839486,4,48
2023-07-07,19360.7,19362.15,19353.6,19355.9,13:15:00,19376.42428092868,4,49
2023-07-07,19365.8,19366.75,19360.15,19361.45,13:20:00,19375.41244464976,4,50
2023-07-07,19380.3,19380.55,19365.25,19366.25,13:25:00,19375.877926111687,4,51
2023-07-07,19373.95,19384.1,19371.5,19380.35,13:30:00,19375.69431410105,4,52
2023-07-07,19360.35,19374.9,19359.95,19374.4,13:35:00,19374.232950853333,4,53
2023-07-07,19358.05,19360.85,19355.05,19360.35,13:40:00,19372.691717438727,4,54
2023-07-07,19363.65,19364.4,19345.5,19357.75,13:45:00,19371.830601492184,4,55
2023-07-07,19369.95,19372.8,19360.1,19363.95,13:50:00,19371.651496588165,4,56
2023-07-07,19369.65,19375.1,19362.25,19370.7,13:55:00,19371.460877865484,4,57
2023-07-07,19358.05,19371.15,19354.95,19369.3,14:00:00,19370.1836514021,4,58
2023-07-07,19367.45,19368.7,19357.3,19358.25,14:05:00,19369.92330364952,4,59
2023-07-07,19372.1,19376.2,19361.95,19367.65,14:10:00,19370.130608063853,4,60
2023-07-07,19379.5,19380.6,19368.75,19372.4,14:15:00,19371.02293110539,4,61
2023-07-07,19371.45,19385.65,19371.3,19379.15,14:20:00,19371.063604333453,4,62
2023-07-07,19381.6,19382.85,19369.9,19371.15,14:25:00,19372.067070587407,4,63
2023-07-07,19392.9,19394.9,19377.55,19381.9,14:30:00,19374.05115910289,4,64
2023-07-07,19404.2,19408.85,19382.7,19393.35,14:35:00,19376.92247728357,4,65
2023-07-07,19415.5,19417.25,19402.25,19403.5,14:40:00,19380.596527066085,4,66
2023-07-07,19408.0,19418.9,19406.45,19415.15,14:45:00,19383.206381631226,4,67
2023-07-07,19389.9,19408.8,19387.8,19407.25,14:50:00,19383.843869094915,4,68
2023-07-07,19391.95,19407.95,19389.15,19389.75,14:55:00,19384.615881562066,4,69
2023-07-07,19358.75,19394.4,19347.0,19392.45,15:00:00,19382.152464270443,4,70
2023-07-07,19341.65,19359.35,19332.55,19357.75,15:05:00,19378.295086720875,4,71
2023-07-07,19325.65,19343.95,19324.3,19341.45,15:10:00,19373.28126893793,4,72
2023-07-07,19309.6,19327.55,19309.2,19325.65,15:15:00,19367.216386181943,4,73
2023-07-07,19320.05,19320.85,19304.95,19309.45,15:20:00,19362.72434940271,4,74
2023-07-07,19324.65,19327.15,19319.6,19320.35,15:25:00,19359.09822088817,4,75
2023-07-10,19381.85,19406.35,19363.85,19400.35,09:15:00,19364.81963206492,0,1
2023-07-10,19365.9,19383.65,19359.5,19383.3,09:20:00,19364.922524249218,0,2
2023-07-10,19386.35,19398.45,19363.6,19365.9,09:25:00,19366.96323622548,0,3
2023-07-10,19358.55,19397.75,19352.95,19385.55,09:30:00,19366.16197563257,0,4
2023-07-10,19363.95,19371.15,19347.3,19357.35,09:35:00,19365.95131128662,0,5
2023-07-10,19395.2,19403.0,19360.4,19364.05,09:40:00,19368.73690068789,0,6
2023-07-10,19403.5,19411.3,19395.65,19395.65,09:45:00,19372.04767205096,0,7
2023-07-10,19409.55,19414.65,19401.75,19403.25,09:50:00,19375.61932233181,0,8
2023-07-10,19397.15,19410.7,19397.15,19409.45,09:55:00,19377.66986306212,0,9
2023-07-10,19387.05,19400.8,19385.45,19397.4,10:00:00,19378.56320943716,0,10
2023-07-10,19404.65,19404.8,19383.5,19386.6,10:05:00,19381.047665681235,0,11
2023-07-10,19413.15,19416.15,19403.1,19405.4,10:10:00,19384.10503085445,0,12
2023-07-10,19417.85,19417.85,19407.05,19413.25,10:15:00,19387.31883743974,0,13
2023-07-10,19427.1,19427.95,19408.95,19417.55,10:20:00,19391.10751958833,0,14
2023-07-10,19428.3,19435.75,19422.55,19425.75,10:25:00,19394.64966057992,0,15
2023-07-10,19407.6,19430.35,19407.35,19428.3,10:30:00,19395.88302623897,0,16
2023-07-10,19423.6,19425.1,19406.6,19408.05,10:35:00,19398.52273802574,0,17
2023-07-10,19431.25,19431.3,19422.85,19422.85,10:40:00,19401.639620118523,0,18
2023-07-10,19425.2,19433.1,19421.75,19429.6,10:45:00,19403.88346582152,0,19
2023-07-10,19417.55,19426.25,19415.3,19425.85,10:50:00,19405.185040505185,0,20
2023-07-10,19421.9,19432.15,19417.75,19417.75,10:55:00,19406.77694140945,0,21
2023-07-10,19412.4,19423.85,19412.4,19421.75,11:00:00,19407.31247079903,0,22
2023-07-10,19409.85,19412.9,19400.2,19412.35,11:05:00,19407.55414024674,0,23
2023-07-10,19389.8,19410.9,19387.0,19409.5,11:10:00,19405.86326974705,0,24
2023-07-10,19384.2,19389.8,19378.35,19389.8,11:15:00,19403.80010119971,0,25
2023-07-10,19380.8,19386.75,19372.8,19385.1,11:20:00,19401.60961537117,0,26
2023-07-10,19367.75,19381.95,19367.75,19380.55,11:25:00,19398.38489009772,0,27
2023-07-10,19365.85,19370.45,19362.7,19368.2,11:30:00,19395.28632913603,0,28
2023-07-10,19347.25,19366.6,19344.75,19366.45,11:35:00,19390.711440646883,0,29
2023-07-10,19358.15,19359.1,19340.3,19348.1,11:40:00,19387.610351061467,0,30
2023-07-10,19365.65,19366.75,19357.1,19358.35,11:45:00,19385.518889055613,0,31
2023-07-10,19347.0,19365.9,19346.1,19365.9,11:50:00,19381.850423431268,0,32
2023-07-10,19345.0,19349.95,19340.25,19346.85,11:55:00,19378.34085929496,0,33
2023-07-10,19342.7,19353.95,19340.9,19345.85,12:00:00,19374.946491743056,0,34
2023-07-10,19335.45,19345.65,19332.85,19342.55,12:05:00,19371.18492110086,0,35
2023-07-10,19350.4,19351.5,19332.75,19335.6,12:10:00,19369.20540480554,0,36
2023-07-10,19369.7,19371.65,19349.15,19351.25,12:15:00,19369.25250910977,0,37
2023-07-10,19358.15,19384.9,19358.15,19370.15,12:20:00,19368.1951272898,0,38
2023-07-10,19359.45,19361.0,19351.6,19360.05,12:25:00,19367.362258024103,0,39
2023-07-10,19371.9,19374.45,19359.45,19359.45,12:30:00,19367.79442392657,0,40
2023-07-10,19381.55,19382.6,19370.0,19372.65,12:35:00,19369.104478790705,0,41
2023-07-10,19377.0,19383.55,19372.7,19381.65,12:40:00,19369.85643319159,0,42
2023-07-10,19377.45,19383.55,19375.3,19377.9,12:45:00,19370.579630030486,0,43
2023-07-10,19377.5,19392.9,19377.1,19378.8,12:50:00,19371.23871288473,0,44
2023-07-10,19376.35,19381.45,19370.7,19377.15,12:55:00,19371.7255021338,0,45
2023-07-10,19373.3,19383.2,19373.25,19376.7,13:00:00,19371.87545431153,0,46
2023-07-10,19377.65,19381.75,19370.85,19374.45,13:05:00,19372.42541104377,0,47
2023-07-10,19393.05,19394.1,19376.55,19378.5,13:10:00,19374.38965761103,0,48
2023-07-10,19396.2,19397.6,19387.75,19394.1,13:15:00,19376.466833076647,0,49
2023-07-10,19392.85,19399.3,19387.55,19398.35,13:20:00,19378.0271346884,0,50
2023-07-10,19379.55,19396.15,19379.25,19392.8,13:25:00,19378.17216947997,0,51
2023-07-10,19395.95,19397.9,19378.2,19381.0,13:30:00,19379.86529619617,0,52
2023-07-10,19400.55,19402.85,19392.2,19396.6,13:35:00,19381.83526798701,0,53
2023-07-10,19396.95,19402.25,19391.85,19400.7,13:40:00,19383.27476627396,0,54
2023-07-10,19391.4,19403.05,19391.4,19398.0,13:45:00,19384.04859805739,0,55
2023-07-10,19400.25,19404.9,19389.85,19392.9,13:50:00,19385.591588718595,0,56
2023-07-10,19398.05,19405.4,19394.75,19401.45,13:55:00,19386.77810407873,0,57
2023-07-10,19382.85,19400.95,19382.85,19398.6,14:00:00,19386.403998928374,0,58
2023-07-10,19387.2,19389.6,19378.05,19383.6,14:05:00,19386.47980855425,0,59
2023-07-10,19397.0,19397.95,19387.0,19388.2,14:10:00,19387.48173154908,0,60
2023-07-10,19372.8,19398.55,19372.8,19398.55,14:15:00,19386.083471401547,0,61
2023-07-10,19389.05,19389.65,19369.45,19371.7,14:20:00,19386.36599793473,0,62
2023-07-10,19383.0,19390.4,19381.45,19389.5,14:25:00,19386.04542670285,0,63
2023-07-10,19378.95,19387.35,19377.45,19383.35,14:30:00,19385.36967177877,0,64
2023-07-10,19375.9,19388.7,19375.4,19379.85,14:35:00,19384.46779827603,0,65
2023-07-10,19358.1,19378.55,19356.8,19376.6,14:40:00,19381.9565793926,0,66
2023-07-10,19354.55,19358.85,19348.8,19357.95,14:45:00,19379.34642897425,0,67
2023-07-10,19359.9,19369.7,19354.05,19355.25,14:50:00,19377.494388119565,0,68
2023-07-10,19357.5,19363.6,19349.1,19360.85,14:55:00,19375.590160679607,0,69
2023-07-10,19340.7,19359.25,19327.4,19357.95,15:00:00,19372.26728823393,0,70
2023-07-10,19354.25,19355.55,19339.2,19341.15,15:05:00,19370.551356021177,0,71
2023-07-10,19355.8,19361.55,19351.7,19355.2,15:10:00,19369.14646497154,0,72
2023-07-10,19355.8,19361.65,19353.9,19356.35,15:15:00,19367.87537306949,0,73
2023-07-10,19360.25,19366.65,19353.75,19356.2,15:20:00,19367.14914706287,0,74
2023-07-10,19367.85,19372.15,19357.35,19360.1,15:25:00,19367.21589496165,0,75
2023-07-11,19449.05,19450.3,19408.8,19427.1,09:15:00,19380.16970086429,1,1
2023-07-11,19450.0,19458.0,19448.4,19449.8,09:20:00,19386.82020554389,1,2
2023-07-11,19448.6,19454.9,19441.6,19451.55,09:25:00,19392.70399549209,1,3
2023-07-11,19457.8,19466.35,19448.05,19448.8,09:30:00,19398.90361496904,1,4
2023-07-11,19456.35,19464.45,19446.55,19457.3,09:35:00,19404.374699257696,1,5
2023-07-11,19469.6,19469.6,19452.3,19455.7,09:40:00,19410.586632661725,1,6
2023-07-11,19475.35,19477.8,19469.2,19469.35,09:45:00,19416.754572408227,1,7
2023-07-11,19483.85,19485.35,19473.4,19474.9,09:50:00,19423.14461313125,1,8
2023-07-11,19475.5,19487.65,19474.8,19484.95,09:55:00,19428.13084045208,1,9
2023-07-11,19472.3,19485.8,19471.45,19475.6,10:00:00,19432.33742707569,1,10
2023-07-11,19476.9,19476.95,19471.3,19472.45,10:05:00,19436.581481639914,1,11
2023-07-11,19473.15,19480.2,19471.45,19475.9,10:10:00,19440.064197674208,1,12
2023-07-11,19477.2,19477.4,19470.55,19472.7,10:15:00,19443.60094075285,1,13
2023-07-11,19470.45,19477.55,19465.6,19476.75,10:20:00,19446.157994014487,1,14
2023-07-11,19475.35,19475.7,19463.0,19470.85,10:25:00,19448.938185060728,1,15
2023-07-11,19481.95,19485.2,19470.45,19475.15,10:30:00,19452.0821674359,1,16
2023-07-11,19487.55,19488.9,19481.15,19482.6,10:35:00,19455.46005625153,1,17
2023-07-11,19493.95,19495.95,19485.25,19487.65,10:40:00,19459.12576517996,1,18
2023-07-11,19490.55,19493.45,19484.35,19493.25,10:45:00,19462.11854944853,1,19
2023-07-11,19492.65,19497.25,19488.75,19490.75,10:50:00,19465.026306643907,1,20
2023-07-11,19488.1,19493.15,19485.65,19492.45,10:55:00,19467.22380124925,1,21
2023-07-11,19491.25,19492.65,19486.8,19488.25,11:00:00,19469.51201065408,1,22
2023-07-11,19491.95,19494.8,19484.75,19491.7,11:05:00,19471.64896202036,1,23
2023-07-11,19500.55,19501.3,19490.25,19492.55,11:10:00,19474.401441827944,1,24
2023-07-11,19500.7,19503.3,19497.2,19500.65,11:15:00,19476.90606641576,1,25
2023-07-11,19501.6,19503.9,19497.0,19500.75,11:20:00,19479.25786961426,1,26
2023-07-11,19494.5,19503.85,19492.55,19500.9,11:25:00,19480.709501079567,1,27
2023-07-11,19497.4,19499.35,19491.45,19493.35,11:30:00,19482.299072405323,1,28
2023-07-11,19494.9,19498.65,19486.75,19495.65,11:35:00,19483.49916074768,1,29
2023-07-11,19499.55,19502.2,19488.6,19493.95,11:40:00,19485.02781210504,1,30
2023-07-11,19493.3,19500.3,19489.3,19496.05,11:45:00,19485.815639523607,1,31
2023-07-11,19499.5,19502.25,19491.0,19492.0,11:50:00,19487.11891194993,1,32
2023-07-11,19511.1,19511.55,19496.05,19498.45,11:55:00,19489.40282509756,1,33
2023-07-11,19509.1,19513.95,19506.5,19509.65,12:00:00,19491.27874651684,1,34
2023-07-11,19509.0,19510.7,19501.7,19507.8,12:05:00,19492.966484943805,1,35
2023-07-11,19493.35,19508.9,19490.85,19508.4,12:10:00,19493.00301018725,1,36
2023-07-11,19479.3,19492.5,19474.1,19492.0,12:15:00,19491.69796159799,1,37
2023-07-11,19485.1,19485.3,19475.45,19478.1,12:20:00,19491.069584302943,1,38
2023-07-11,19479.5,19488.55,19477.7,19484.95,12:25:00,19489.96771913124,1,39
2023-07-11,19478.7,19485.2,19475.05,19479.0,12:30:00,19488.8946030235,1,40
2023-07-11,19487.5,19490.0,19477.7,19478.75,12:35:00,19488.76178368793,1,41
2023-07-11,19484.75,19488.95,19479.9,19487.8,12:40:00,19488.379709050983,1,42
2023-07-11,19478.75,19484.95,19476.25,19484.1,12:45:00,19487.46259390327,1,43
2023-07-11,19487.25,19488.8,19477.25,19477.55,12:50:00,19487.442346864864,1,44
2023-07-11,19493.55,19494.25,19481.4,19487.55,12:55:00,19488.02402811583,1,45
2023-07-11,19486.8,19498.55,19485.75,19493.0,13:00:00,19487.90745400956,1,46
2023-07-11,19483.9,19487.25,19478.05,19486.35,13:05:00,19487.525791722936,1,47
2023-07-11,19486.65,19491.7,19481.45,19483.35,13:10:00,19487.44238298742,1,48
2023-07-11,19490.4,19492.55,19482.75,19486.4,13:15:00,19487.724060798144,1,49
2023-07-11,19491.4,19491.95,19487.05,19490.6,13:20:00,19488.07415024594,1,50
2023-07-11,19474.65,19491.6,19472.9,19490.7,13:25:00,19486.795659746327,1,51
2023-07-11,19481.3,19482.65,19468.85,19474.15,13:30:00,19486.27226358001,1,52
2023-07-11,19484.7,19486.4,19475.85,19480.4,13:35:00,19486.12252419144,1,53
2023-07-11,19469.0,19486.95,19466.7,19484.5,13:40:00,19484.49180760178,1,54
2023-07-11,19474.55,19477.45,19465.1,19468.95,13:45:00,19483.54496878256,1,55
2023-07-11,19456.8,19476.3,19454.3,19473.9,13:50:00,19480.997828898508,1,56
2023-07-11,19465.75,19467.75,19455.2,19456.7,13:55:00,19479.54565471769,1,57
2023-07-11,19474.75,19475.85,19465.05,19465.75,14:00:00,19479.08892569696,1,58
2023-07-11,19462.6,19475.05,19461.3,19474.1,14:05:00,19477.51855182106,1,59
2023-07-11,19459.0,19465.6,19457.2,19462.3,14:10:00,19475.75488021905,1,60
2023-07-11,19446.6,19458.7,19442.8,19458.15,14:15:00,19472.978224960098,1,61
2023-07-11,19437.6,19446.25,19434.6,19446.25,14:20:00,19469.608870201995,1,62
2023-07-11,19448.3,19449.25,19433.95,19436.5,14:25:00,19467.579453992283,1,63
2023-07-11,19448.8,19455.6,19439.1,19447.95,14:30:00,19465.790934564448,1,64
2023-07-11,19444.1,19450.75,19443.2,19448.4,14:35:00,19463.7251312726,1,65
2023-07-11,19437.0,19447.05,19433.4,19444.2,14:40:00,19461.179880675205,1,66
2023-07-11,19446.85,19448.15,19434.65,19437.1,14:45:00,19459.81513013471,1,67
2023-07-11,19451.15,19453.3,19444.25,19447.35,14:50:00,19458.98987964569,1,68
2023-07-11,19449.75,19455.85,19445.3,19451.3,14:55:00,19458.109891108004,1,69
2023-07-11,19448.15,19460.1,19447.15,19450.75,15:00:00,19457.1613300501,1,70
2023-07-11,19420.9,19450.15,19419.9,19448.55,15:05:00,19453.707870045328,1,71
2023-07-11,19428.15,19430.45,19419.3,19421.65,15:10:00,19451.27378718387,1,72
2023-07-11,19444.35,19444.35,19427.1,19428.3,15:15:00,19450.614378880644,1,73
2023-07-11,19445.85,19448.25,19439.75,19444.1,15:20:00,19450.160628511057,1,74
2023-07-11,19448.15,19453.05,19443.75,19445.45,15:25:00,19449.96914008144,1,75
2023-07-12,19476.0,19497.45,19465.3,19497.45,09:15:00,19456.53959086032,2,1
2023-07-12,19444.45,19479.5,19442.15,19475.85,09:20:00,19455.38820125457,2,2
2023-07-12,19463.85,19468.9,19434.85,19444.1,09:25:00,19456.194086849373,2,3
2023-07-12,19461.95,19469.3,19454.05,19463.6,09:30:00,19456.7422690542,2,4
2023-07-12,19464.45,19464.45,19451.4,19461.95,09:35:00,19457.47633866808,2,5
2023-07-12,19468.6,19470.75,19464.2,19465.2,09:40:00,19458.53573498541,2,6
2023-07-12,19455.95,19469.5,19448.85,19469.25,09:45:00,19458.28947451061,2,7
2023-07-12,19458.6,19460.3,19450.05,19456.45,09:50:00,19458.31904836674,2,8
2023-07-12,19479.45,19480.3,19457.45,19458.95,09:55:00,19460.33151995086,2,9
2023-07-12,19475.25,19483.95,19471.85,19479.95,10:00:00,19461.752327574588,2,10
2023-07-12,19471.15,19480.35,19469.25,19475.0,10:05:00,19462.647343996057,2,11
2023-07-12,19464.95,19475.8,19464.45,19471.15,10:10:00,19462.86664456786,2,12
2023-07-12,19438.75,19464.65,19438.65,19464.65,10:15:00,19460.569821275683,2,13
2023-07-12,19433.1,19438.35,19423.55,19437.55,10:20:00,19457.953647820857,2,14
2023-07-12,19442.15,19443.4,19433.3,19433.3,10:25:00,19456.44853850459,2,15
2023-07-12,19458.15,19458.15,19441.2,19442.4,10:30:00,19456.61058245653,2,16
2023-07-12,19461.55,19465.9,19457.95,19458.05,10:35:00,19457.08100317496,2,17
2023-07-12,19465.95,19468.2,19460.35,19460.65,10:40:00,19457.92566953925,2,18
2023-07-12,19470.55,19475.7,19465.7,19465.7,10:45:00,19459.127986725987,2,19
2023-07-12,19472.1,19472.7,19465.75,19470.05,10:50:00,19460.36341656161,2,20
2023-07-12,19474.4,19474.4,19468.8,19472.0,10:55:00,19461.70023403193,2,21
2023-07-12,19476.7,19479.2,19469.8,19473.35,11:00:00,19463.12878317176,2,22
2023-07-12,19469.0,19476.75,19468.3,19476.5,11:05:00,19463.687946679205,2,23
2023-07-12,19454.9,19469.95,19454.45,19469.35,11:10:00,19462.850999376424,2,24
2023-07-12,19454.15,19458.9,19451.55,19454.4,11:15:00,19462.022332769146,2,25
2023-07-12,19441.95,19454.5,19441.3,19454.15,11:20:00,19460.110682029223,2,26
2023-07-12,19456.65,19457.85,19437.75,19442.1,11:25:00,19459.781093264537,2,27
2023-07-12,19441.6,19456.7,19435.2,19456.3,11:30:00,19458.04956057268,2,28
2023-07-12,19429.45,19442.65,19428.3,19440.3,11:35:00,19455.32579289909,2,29
2023-07-12,19418.6,19430.6,19417.75,19428.5,11:40:00,19451.828098337275,2,30
2023-07-12,19413.9,19421.35,19410.0,19417.35,11:45:00,19448.21589849563,2,31
2023-07-12,19424.4,19424.65,19410.6,19411.6,11:50:00,19445.94771768652,2,32
2023-07-12,19412.2,19424.25,19411.9,19423.75,11:55:00,19442.733649335423,2,33
2023-07-12,19402.45,19412.1,19401.95,19411.35,12:00:00,19438.89711130348,2,34
2023-07-12,19415.2,19418.55,19401.8,19402.25,12:05:00,19436.64024356029,2,35
2023-07-12,19419.75,19420.4,19411.9,19414.65,12:10:00,19435.031648935503,2,36
2023-07-12,19408.45,19420.7,19404.15,19419.3,12:15:00,19432.5000633226,2,37
2023-07-12,19407.8,19411.1,19405.7,19408.25,12:20:00,19430.147676339493,2,38
2023-07-12,19417.3,19419.75,19402.65,19407.25,12:25:00,19428.924088116684,2,39
2023-07-12,19417.2,19419.55,19409.9,19416.85,12:30:00,19427.80750829605,2,40
2023-07-12,19421.1,19422.5,19414.7,19417.15,12:35:00,19427.16869798214,2,41
2023-07-12,19430.9,19431.5,19420.15,19420.55,12:40:00,19427.52406007908,2,42
2023-07-12,19431.1,19432.1,19416.7,19431.4,12:45:00,19427.86462578583,2,43
2023-07-12,19427.1,19440.0,19426.15,19431.0,12:50:00,19427.79180428242,2,44
2023-07-12,19439.3,19439.55,19425.4,19426.7,12:55:00,19428.88782292219,2,45
2023-07-12,19441.4,19444.65,19438.15,19439.4,13:00:00,19430.07945883436,2,46
2023-07-12,19446.2,19448.6,19438.9,19440.65,13:05:00,19431.614748469183,2,47
2023-07-12,19453.1,19454.85,19445.65,19446.35,13:10:00,19433.66096290069,2,48
2023-07-12,19444.5,19455.05,19444.15,19452.1,13:15:00,19434.69325214824,2,49
2023-07-12,19454.5,19455.8,19442.85,19444.15,13:20:00,19436.579609086504,2,50
2023-07-12,19449.3,19455.5,19445.95,19454.85,13:25:00,19437.791074887788,2,51
2023-07-12,19445.95,19450.75,19444.1,19449.75,13:30:00,19438.568115374663,2,52
2023-07-12,19434.15,19446.35,19432.3,19446.2,13:35:00,19438.14734248184,2,53
2023-07-12,19448.6,19449.6,19433.8,19434.85,13:40:00,19439.142833674046,2,54
2023-07-12,19450.2,19452.7,19445.85,19448.6,13:45:00,19440.195897133664,2,55
2023-07-12,19453.1,19454.65,19446.7,19449.55,13:50:00,19441.424859311413,2,56
2023-07-12,19449.85,19462.15,19449.7,19452.65,13:55:00,19442.227253662702,2,57
2023-07-12,19454.4,19456.6,19448.85,19449.15,14:00:00,19443.386562837684,2,58
2023-07-12,19453.75,19456.15,19450.55,19453.45,14:05:00,19444.373556853145,2,59
2023-07-12,19443.05,19456.2,19442.9,19453.6,14:10:00,19444.24750381951,2,60
2023-07-12,19436.1,19445.7,19436.05,19442.6,14:15:00,19443.4715510748,2,61
2023-07-12,19451.55,19451.85,19434.0,19434.95,14:20:00,19444.24092716291,2,62
2023-07-12,19444.0,19451.8,19439.55,19450.5,14:25:00,19444.217981718823,2,63
2023-07-12,19454.3,19455.6,19443.6,19443.6,14:30:00,19445.17817393608,2,64
2023-07-12,19456.7,19462.0,19453.4,19455.4,14:35:00,19446.27549070407,2,65
2023-07-12,19446.35,19461.95,19442.75,19457.15,14:40:00,19446.28258682749,2,66
2023-07-12,19456.15,19457.05,19442.7,19445.75,14:45:00,19447.22234046297,2,67
2023-07-12,19447.6,19455.9,19447.0,19455.25,14:50:00,19447.258308037926,2,68
2023-07-12,19438.35,19453.8,19438.35,19448.05,14:55:00,19446.4098977486,2,69
2023-07-12,19400.95,19443.5,19400.95,19437.15,15:00:00,19442.080383677305,2,70
2023-07-12,19380.9,19401.95,19374.25,19401.95,15:05:00,19436.25368046994,2,71
2023-07-12,19371.7,19384.75,19366.75,19381.65,15:10:00,19430.10571090138,2,72
2023-07-12,19372.15,19381.95,19368.8,19371.45,15:15:00,19424.58611938696,2,73
2023-07-12,19371.95,19379.3,19369.4,19371.95,15:20:00,19419.573155635822,2,74
2023-07-12,19384.75,19386.5,19362.65,19372.45,15:25:00,19416.256664622888,2,75
2023-07-13,19484.35,19495.45,19451.6,19495.2,09:15:00,19429.544117752524,3,1
2023-07-13,19481.85,19492.15,19472.75,19484.9,09:20:00,19434.525630347525,3,2
2023-07-13,19487.8,19490.0,19476.2,19482.85,09:25:00,19439.59937983824,3,3
2023-07-13,19492.45,19495.65,19483.95,19488.15,09:30:00,19444.6327722346,3,4
2023-07-13,19496.85,19506.8,19492.6,19493.25,09:35:00,19449.605841545585,3,5
2023-07-13,19524.0,19524.05,19494.75,19495.25,09:40:00,19456.690999493625,3,6
2023-07-13,19534.05,19536.65,19522.4,19523.15,09:45:00,19464.058523351378,3,7
2023-07-13,19532.7,19539.8,19528.75,19533.9,09:50:00,19470.595806841724,3,8
2023-07-13,19543.4,19547.6,19532.85,19533.3,09:55:00,19477.529539523464,3,9
2023-07-13,19547.75,19548.5,19535.2,19543.35,10:00:00,19484.217202426,3,10
2023-07-13,19561.0,19562.25,19542.25,19547.7,10:05:00,19491.529849814,3,11
2023-07-13,19560.4,19566.0,19558.3,19561.95,10:10:00,19498.08891173647,3,12
2023-07-13,19548.75,19565.35,19543.5,19559.85,10:15:00,19502.91377728538,3,13
2023-07-13,19558.9,19560.85,19547.05,19548.5,10:20:00,19508.245798496297,3,14
2023-07-13,19561.85,19566.45,19554.85,19559.7,10:25:00,19513.350960544267,3,15
2023-07-13,19549.1,19564.15,19546.05,19563.8,10:30:00,19516.755630968622,3,16
2023-07-13,19548.4,19555.25,19536.95,19549.3,10:35:00,19519.769380400183,3,17
2023-07-13,19549.6,19551.85,19544.65,19547.45,10:40:00,19522.61039179064,3,18
2023-07-13,19541.5,19558.3,19541.05,19549.05,10:45:00,19524.40940209629,3,19
2023-07-13,19550.45,19551.8,19539.45,19541.9,10:50:00,19526.889459039503,3,20
2023-07-13,19548.95,19551.25,19537.9,19550.7,10:55:00,19528.990462940503,3,21
2023-07-13,19547.9,19554.95,19546.25,19549.25,11:00:00,19530.791371231884,3,22
2023-07-13,19537.4,19549.45,19537.4,19547.45,11:05:00,19531.420764447896,3,23
2023-07-13,19553.65,19556.55,19536.9,19536.9,11:10:00,19533.53783450048,3,24
2023-07-13,19557.15,19565.5,19553.15,19554.65,11:15:00,19535.786612167096,3,25
2023-07-13,19553.5,19558.0,19545.55,19556.85,11:20:00,19537.473601484515,3,26
2023-07-13,19555.4,19556.75,19549.0,19553.5,11:25:00,19539.18087753361,3,27
2023-07-13,19555.85,19558.6,19551.35,19555.0,11:30:00,19540.7684130066,3,28
2023-07-13,19552.0,19560.05,19546.4,19555.5,11:35:00,19541.83808795836,3,29
2023-07-13,19554.1,19556.35,19550.6,19552.15,11:40:00,19543.005889105178,3,30
2023-07-13,19561.95,19563.65,19554.45,19554.45,11:45:00,19544.81009014278,3,31
2023-07-13,19545.2,19566.4,19544.5,19562.2,11:50:00,19544.84722441489,3,32
2023-07-13,19549.05,19553.65,19543.45,19545.4,11:55:00,19545.247488756333,3,33
2023-07-13,19545.4,19550.15,19543.15,19549.5,12:00:00,19545.26201363668,3,34
2023-07-13,19550.75,19554.6,19542.6,19546.2,12:05:00,19545.784679004617,3,35
2023-07-13,19548.85,19554.7,19544.1,19552.05,12:10:00,19546.07661433751,3,36
2023-07-13,19549.8,19551.3,19541.1,19549.55,12:15:00,19546.43122249584,3,37
2023-07-13,19539.8,19555.9,19539.35,19551.55,12:20:00,19545.79967749624,3,38
2023-07-13,19532.3,19544.05,19529.8,19540.05,12:25:00,19544.513993925168,3,39
2023-07-13,19537.85,19539.2,19527.05,19533.6,12:30:00,19543.879327837058,3,40
2023-07-13,19540.1,19545.3,19535.9,19538.8,12:35:00,19543.519391852577,3,41
2023-07-13,19536.3,19541.35,19531.25,19540.9,12:40:00,19542.83183072376,3,42
2023-07-13,19531.8,19540.45,19531.75,19536.65,12:45:00,19541.78118017864,3,43
2023-07-13,19539.55,19540.3,19531.15,19532.25,12:50:00,19541.568686828294,3,44
2023-07-13,19541.7,19544.15,19537.6,19539.55,12:55:00,19541.58119284465,3,45
2023-07-13,19546.3,19548.15,19537.3,19541.15,13:00:00,19542.03060304992,3,46
2023-07-13,19542.3,19550.1,19539.2,19547.0,13:05:00,19542.056259902307,3,47
2023-07-13,19545.95,19549.2,19535.3,19544.1,13:10:00,19542.427092292564,3,48
2023-07-13,19540.15,19549.15,19540.15,19546.75,13:15:00,19542.21022635994,3,49
2023-07-13,19538.05,19546.6,19536.65,19540.9,13:20:00,19541.81401432566,3,50
2023-07-13,19525.75,19538.15,19523.0,19538.15,13:25:00,19540.284108199405,3,51
2023-07-13,19534.1,19534.25,19517.25,19527.35,13:30:00,19539.695145513742,3,52
2023-07-13,19526.05,19534.55,19520.15,19534.55,13:35:00,19538.395607845767,3,53
2023-07-13,19516.15,19531.65,19515.7,19527.05,13:40:00,19536.276978527123,3,54
2023-07-13,19524.3,19525.75,19513.5,19515.05,13:45:00,19535.13631390549,3,55
2023-07-13,19498.15,19525.0,19497.9,19524.6,13:50:00,19531.613807819256,3,56
2023-07-13,19491.05,19505.5,19489.15,19498.65,13:55:00,19527.750588026945,3,57
2023-07-13,19482.85,19496.25,19476.75,19490.9,14:00:00,19523.47434154819,3,58
2023-07-13,19454.3,19490.05,19454.3,19483.65,14:05:00,19516.886309019792,3,59
2023-07-13,19450.3,19462.2,19444.8,19453.95,14:10:00,19510.54475577981,3,60
2023-07-13,19443.35,19450.3,19433.25,19450.3,14:15:00,19504.14525522936,3,61
2023-07-13,19457.8,19474.25,19442.6,19442.8,14:20:00,19499.731421397988,3,62
2023-07-13,19471.4,19481.0,19459.0,19459.0,14:25:00,19497.033190788658,3,63
2023-07-13,19462.75,19473.6,19456.25,19471.95,14:30:00,19493.76812499926,3,64
2023-07-13,19441.25,19463.75,19438.8,19463.75,14:35:00,19488.766398808853,3,65
2023-07-13,19415.95,19442.75,19412.4,19441.1,14:40:00,19481.831503684203,3,66
2023-07-13,19428.05,19431.05,19405.65,19413.25,14:45:00,19476.70945571428,3,67
2023-07-13,19393.7,19431.5,19393.7,19428.35,14:50:00,19468.8037932653,3,68
2023-07-13,19388.4,19401.15,19386.85,19394.6,14:55:00,19461.146289144795,3,69
2023-07-13,19397.5,19397.5,19386.6,19387.25,15:00:00,19455.084737797675,3,70
2023-07-13,19401.3,19413.95,19391.9,19398.4,15:05:00,19449.962381816946,3,71
2023-07-13,19418.45,19418.95,19401.4,19401.4,15:10:00,19446.961202596285,3,72
2023-07-13,19425.85,19428.35,19415.4,19418.45,15:15:00,19444.950611872828,3,73
2023-07-13,19432.0,19433.25,19417.6,19425.7,15:20:00,19443.71722026589,3,74
2023-07-13,19443.2,19445.3,19432.4,19432.5,15:25:00,19443.66796119296,3,75
2023-07-14,19493.2,19519.6,19490.85,19493.45,09:15:00,19452.67490700829,4,1
2023-07-14,19464.0,19497.25,19463.25,19492.75,09:20:00,19453.753487293216,4,2
2023-07-14,19476.4,19476.4,19451.65,19464.85,09:25:00,19455.9102980272,4,3
2023-07-14,19464.6,19489.85,19454.75,19476.45,09:30:00,19456.73788869128,4,4
2023-07-14,19467.65,19470.35,19456.8,19464.65,09:35:00,19457.777137387344,4,5
2023-07-14,19464.3,19478.5,19460.15,19467.55,09:40:00,19458.398362398075,4,6
2023-07-14,19469.85,19474.7,19461.85,19463.05,09:45:00,19459.48899455064,4,7
2023-07-14,19468.0,19471.95,19458.7,19470.0,09:50:00,19460.2995664982,4,8
2023-07-14,19454.1,19470.5,19454.1,19468.1,09:55:00,19459.70913159361,4,9
2023-07-14,19455.45,19460.35,19447.55,19453.25,10:00:00,19459.303500013262,4,10
2023-07-14,19445.2,19456.3,19444.85,19455.8,10:05:00,19457.96030953581,4,11
2023-07-14,19451.9,19455.35,19441.45,19445.15,10:10:00,19457.38313719907,4,12
2023-07-14,19438.5,19456.7,19437.3,19452.35,10:15:00,19455.584743180112,4,13
2023-07-14,19438.45,19443.6,19436.45,19439.0,10:20:00,19453.95286287724,4,14
2023-07-14,19459.4,19460.4,19434.15,19438.3,10:25:00,19454.47163784132,4,15
2023-07-14,19456.75,19465.6,19455.45,19459.3,10:30:00,19454.68862471357,4,16
2023-07-14,19466.65,19473.3,19456.1,19457.5,10:35:00,19455.82780331228,4,17
2023-07-14,19465.15,19470.45,19464.7,19466.8,10:40:00,19456.71563156825,4,18
2023-07-14,19451.1,19465.9,19447.6,19465.9,10:45:00,19456.18080951413,4,19
2023-07-14,19447.35,19452.45,19438.85,19450.45,10:50:00,19455.3397800366,4,20
2023-07-14,19456.4,19462.9,19446.95,19446.95,10:55:00,19455.44075336644,4,21
2023-07-14,19457.65,19465.05,19452.5,19455.8,11:00:00,19455.65115780773,4,22
2023-07-14,19468.05,19468.5,19452.15,19457.65,11:05:00,19456.83199992128,4,23
2023-07-14,19472.5,19475.4,19467.85,19468.2,11:10:00,19458.324190404965,4,24
2023-07-14,19486.4,19486.45,19472.0,19472.0,11:15:00,19460.998077033066,4,25
2023-07-14,19486.05,19488.65,19477.85,19486.2,11:20:00,19463.383974458484,4,26
2023-07-14,19492.85,19492.85,19480.15,19485.85,11:25:00,19466.19026260529,4,27
2023-07-14,19486.55,19494.45,19486.1,19492.95,11:30:00,19468.129285214312,4,28
2023-07-14,19476.55,19487.0,19475.7,19486.0,11:35:00,19468.931258051045,4,29
2023-07-14,19463.95,19477.6,19462.25,19476.55,11:40:00,19468.456852522373,4,30
2023-07-14,19462.3,19463.9,19452.6,19463.6,11:45:00,19467.87048561548,4,31
2023-07-14,19464.35,19464.65,19454.5,19462.1,11:50:00,19467.53520127115,4,32
2023-07-14,19471.0,19472.3,19463.55,19464.0,11:55:00,19467.86518210247,4,33
2023-07-14,19470.0,19476.8,19461.1,19471.6,12:00:00,19468.06849809271,4,34
2023-07-14,19478.2,19481.85,19467.85,19470.4,12:05:00,19469.03340303626,4,35
2023-07-14,19485.3,19486.25,19474.65,19478.2,12:10:00,19470.58260274709,4,36
2023-07-14,19478.35,19486.35,19477.05,19485.4,12:15:00,19471.322354866417,4,37
2023-07-14,19479.5,19486.4,19476.0,19478.4,12:20:00,19472.10117821248,4,38
2023-07-14,19471.45,19481.4,19468.9,19480.1,12:25:00,19472.03916123986,4,39
2023-07-14,19479.75,19484.85,19472.05,19472.35,12:30:00,19472.773526836063,4,40
2023-07-14,19488.7,19491.85,19478.45,19479.65,12:35:00,19474.290333804056,4,41
2023-07-14,19492.1,19493.7,19485.85,19489.65,12:40:00,19475.986492489385,4,42
2023-07-14,19483.5,19493.3,19478.0,19492.45,12:45:00,19476.702064633253,4,43
2023-07-14,19480.2,19488.15,19478.05,19484.1,12:50:00,19477.03520133485,4,44
2023-07-14,19479.05,19483.0,19473.75,19480.75,12:55:00,19477.22708692201,4,45
2023-07-14,19478.8,19483.65,19475.1,19479.35,13:00:00,19477.37688816753,4,46
2023-07-14,19487.75,19489.65,19478.75,19479.25,13:05:00,19478.36480358015,4,47
2023-07-14,19501.4,19503.25,19486.65,19488.45,13:10:00,19480.55863181061,4,48
2023-07-14,19494.45,19508.15,19494.3,19501.55,13:15:00,19481.88161925722,4,49
2023-07-14,19501.65,19502.4,19493.85,19496.0,13:20:00,19483.764322185103,4,50
2023-07-14,19494.85,19507.2,19494.05,19502.0,13:25:00,19484.82010102462,4,51
2023-07-14,19477.95,19498.1,19477.2,19495.45,13:30:00,19484.16580568894,4,52
2023-07-14,19484.55,19485.45,19467.3,19478.35,13:35:00,19484.202395623328,4,53
2023-07-14,19499.0,19501.65,19483.0,19484.6,13:40:00,19485.61169127825,4,54
2023-07-14,19480.15,19499.15,19477.35,19499.15,13:45:00,19485.09153020413,4,55
2023-07-14,19486.15,19493.25,19478.2,19480.5,13:50:00,19485.19233685136,4,56
2023-07-14,19495.7,19499.55,19484.75,19486.2,13:55:00,19486.19306667504,4,57
2023-07-14,19511.6,19511.6,19495.15,19496.4,14:00:00,19488.612774610745,4,58
2023-07-14,19505.4,19520.05,19500.25,19512.25,14:05:00,19490.21155798115,4,59
2023-07-14,19512.2,19516.35,19498.65,19505.8,14:10:00,19492.30569531628,4,60
2023-07-14,19507.15,19517.6,19506.75,19512.3,14:15:00,19493.71943861949,4,61
2023-07-14,19502.2,19508.7,19499.75,19507.55,14:20:00,19494.52711113192,4,62
2023-07-14,19507.85,19513.2,19500.35,19502.8,14:25:00,19495.79595769078,4,63
2023-07-14,19502.7,19520.4,19502.4,19507.7,14:30:00,19496.45348552976,4,64
2023-07-14,19494.8,19502.9,19487.5,19502.9,14:35:00,19496.2960107174,4,65
2023-07-14,19502.2,19502.2,19492.25,19495.45,14:40:00,19496.85829541098,4,66
2023-07-14,19498.15,19512.65,19496.75,19503.05,14:45:00,19496.98131489565,4,67
2023-07-14,19499.75,19506.65,19494.75,19498.6,14:50:00,19497.2449991913,4,68
2023-07-14,19508.0,19509.15,19482.95,19499.85,14:55:00,19498.26928498261,4,69
2023-07-14,19542.35,19543.65,19508.75,19508.75,15:00:00,19502.4674483176,4,70
2023-07-14,19551.5,19552.8,19537.45,19542.4,15:05:00,19507.13721514449,4,71
2023-07-14,19566.45,19567.85,19547.3,19551.5,15:10:00,19512.7860517974,4,72
2023-07-14,19582.15,19582.15,19563.8,19567.4,15:15:00,19519.39214210241,4,73
2023-07-14,19593.75,19593.75,19580.65,19581.6,15:20:00,19526.47384285456,4,74
2023-07-14,19587.35,19594.55,19583.7,19593.75,15:25:00,19532.271572106503,4,75
2023-07-17,19580.2,19612.15,19571.4,19612.15,09:15:00,19543.719132722104,0,1
2023-07-17,19577.7,19601.8,19572.2,19580.35,09:20:00,19546.95540579619,0,2
2023-07-17,19570.75,19579.1,19563.7,19577.75,09:25:00,19549.22155762513,0,3
2023-07-17,19585.0,19591.25,19568.95,19571.35,09:30:00,19552.62902832749,0,4
2023-07-17,19587.15,19587.35,19570.25,19585.45,09:35:00,19555.916739915352,0,5
2023-07-17,19586.75,19595.2,19581.95,19586.45,09:40:00,19558.8532408758,0,6
2023-07-17,19605.85,19605.85,19587.1,19587.45,09:45:00,19563.32912269715,0,7
2023-07-17,19607.15,19614.7,19601.35,19607.2,09:50:00,19567.502539583133,0,8
2023-07-17,19602.25,19608.8,19590.6,19607.7,09:55:00,19570.8118215276,0,9
2023-07-17,19621.4,19621.7,19598.6,19601.65,10:00:00,19575.62974328688,0,10
2023-07-17,19624.9,19628.8,19620.05,19621.2,10:05:00,19580.322148688123,0,11
2023-07-17,19631.4,19631.65,19621.6,19624.9,10:10:00,19585.186705955923,0,12
2023-07-17,19634.65,19641.05,19628.55,19632.6,10:15:00,19589.897495864883,0,13
2023-07-17,19610.55,19635.95,19609.1,19634.4,10:20:00,19591.86440102061,0,14
2023-07-17,19603.5,19615.95,19601.15,19611.4,10:25:00,19592.972553304364,0,15
2023-07-17,19622.7,19625.45,19603.65,19603.65,10:30:00,19595.803738703948,0,16
2023-07-17,19620.85,19625.05,19606.6,19622.3,10:35:00,19598.189096922622,0,17
2023-07-17,19615.05,19623.4,19609.8,19621.05,10:40:00,19599.794897215703,0,18
2023-07-17,19621.7,19622.2,19611.05,19615.95,10:45:00,19601.88109748088,0,19
2023-07-17,19625.0,19626.6,19616.75,19621.15,10:50:00,19604.0828977208,0,20
2023-07-17,19625.7,19632.15,19620.9,19626.5,10:55:00,19606.14166936643,0,21
2023-07-17,19625.5,19627.65,19619.25,19625.45,11:00:00,19607.98531990296,0,22
2023-07-17,19623.75,19627.8,19622.4,19624.95,11:05:00,19609.48671800744,0,23
2023-07-17,19620.15,19625.0,19619.55,19624.65,11:10:00,19610.5022686734,0,24
2023-07-17,19607.9,19621.35,19606.3,19619.8,11:15:00,19610.254433561648,0,25
2023-07-17,19603.65,19608.3,19598.85,19607.9,11:20:00,19609.62543988911,0,26
2023-07-17,19625.0,19625.0,19601.25,19603.15,11:25:00,19611.0896837092,0,27
2023-07-17,19615.8,19626.6,19613.9,19624.55,11:30:00,19611.5382852607,0,28
2023-07-17,19615.5,19617.8,19611.15,19615.7,11:35:00,19611.91559142635,0,29
2023-07-17,19617.4,19619.45,19609.2,19615.0,11:40:00,19612.43791605241,0,30
2023-07-17,19615.65,19618.4,19611.45,19617.65,11:45:00,19612.743828809325,0,31
2023-07-17,19613.9,19630.3,19613.1,19616.15,11:50:00,19612.85394035129,0,32
2023-07-17,19617.15,19619.5,19605.35,19613.9,11:55:00,19613.263088889267,0,33
2023-07-17,19619.5,19622.75,19614.65,19617.5,12:00:00,19613.857080423622,0,34
2023-07-17,19627.2,19630.35,19619.1,19620.0,12:05:00,19615.12783466899,0,35
2023-07-17,19628.95,19634.5,19622.2,19626.45,12:10:00,19616.444231367183,0,36
2023-07-17,19634.75,19638.8,19629.25,19629.25,12:15:00,19618.18763790364,0,37
2023-07-17,19634.0,19639.95,19625.0,19634.9,12:20:00,19619.693577150912,0,38
2023-07-17,19629.15,19641.1,19628.4,19632.45,12:25:00,19620.594188850828,0,39
2023-07-17,19641.1,19651.75,19628.8,19628.8,12:30:00,19622.547123245982,0,40
2023-07-17,19625.35,19643.45,19625.3,19640.45,12:35:00,19622.814063889226,0,41
2023-07-17,19624.85,19630.05,19618.85,19624.8,12:40:00,19623.00796256644,0,42
2023-07-17,19642.65,19645.2,19623.1,19625.75,12:45:00,19624.87863279821,0,43
2023-07-17,19641.05,19655.5,19635.75,19641.8,12:50:00,19626.418763007903,0,44
2023-07-17,19639.85,19647.25,19632.15,19640.0,12:55:00,19627.69792843572,0,45
2023-07-17,19637.75,19647.9,19632.7,19640.6,13:00:00,19628.655268584705,0,46
2023-07-17,19643.6,19647.2,19637.65,19637.95,13:05:00,19630.07857633854,0,47
2023-07-17,19646.9,19653.0,19640.05,19643.4,13:10:00,19631.68061668725,0,48
2023-07-17,19653.1,19661.65,19637.55,19647.45,13:15:00,19633.720557955134,0,49
2023-07-17,19660.5,19661.5,19644.0,19652.1,13:20:00,19636.270981007023,0,50
2023-07-17,19648.1,19662.5,19643.35,19660.75,13:25:00,19637.397554244453,0,51
2023-07-17,19640.1,19654.75,19638.2,19647.55,13:30:00,19637.65493003069,0,52
2023-07-17,19649.35,19649.7,19640.4,19641.05,13:35:00,19638.768746218248,0,53
2023-07-17,19661.1,19666.4,19647.3,19649.55,13:40:00,19640.8955322927,0,54
2023-07-17,19664.2,19665.4,19656.6,19660.6,13:45:00,19643.11500540768,0,55
2023-07-17,19669.65,19673.05,19661.05,19663.85,13:50:00,19645.642147749804,0,56
2023-07-17,19661.55,19669.95,19648.3,19669.7,13:55:00,19647.157181297443,0,57
2023-07-17,19668.15,19672.1,19661.5,19663.15,14:00:00,19649.156497364354,0,58
2023-07-17,19661.45,19673.05,19659.8,19668.45,14:05:00,19650.327307139178,0,59
2023-07-17,19648.3,19662.2,19647.35,19662.0,14:10:00,19650.13423026878,0,60
2023-07-17,19662.15,19662.3,19648.6,19649.3,14:15:00,19651.2785892908,0,61
2023-07-17,19663.7,19671.4,19660.95,19662.15,14:20:00,19652.46158078692,0,62
2023-07-17,19658.1,19667.05,19655.5,19664.15,14:25:00,19652.99857309293,0,63
2023-07-17,19658.65,19661.35,19653.6,19658.2,14:30:00,19653.536804226933,0,64
2023-07-17,19670.35,19675.25,19658.3,19659.1,14:35:00,19655.138060967223,0,65
2023-07-17,19671.7,19673.65,19664.6,19670.6,14:40:00,19656.715388494154,0,66
2023-07-17,19668.7,19674.0,19654.95,19672.2,14:45:00,19657.85678006614,0,67
2023-07-17,19680.1,19684.05,19667.4,19668.85,14:50:00,19659.975181964604,0,68
2023-07-17,19672.85,19680.8,19667.65,19680.1,14:55:00,19661.201355110832,0,69
2023-07-17,19689.05,19691.65,19672.25,19672.25,15:00:00,19663.85360700504,0,70
2023-07-17,19705.5,19706.3,19688.1,19688.9,15:05:00,19667.819930147416,0,71
2023-07-17,19730.15,19730.15,19704.95,19704.95,15:10:00,19673.756127276232,0,72
2023-07-17,19722.2,19731.55,19719.25,19730.25,15:15:00,19678.3698294404,0,73
2023-07-17,19725.65,19726.45,19712.9,19722.05,15:20:00,19682.87270282703,0,74
2023-07-17,19719.1,19726.85,19716.0,19725.75,15:25:00,19686.32292160541,0,75
2023-07-18,19779.65,19810.2,19774.5,19787.5,09:15:00,19703.929421087418,1,1
2023-07-18,19793.0,19796.75,19770.4,19778.1,09:20:00,19712.41233336481,1,2
2023-07-18,19789.55,19798.6,19782.35,19793.0,09:25:00,19719.75877780625,1,3
2023-07-18,19752.15,19793.4,19752.15,19788.9,09:30:00,19722.843656110424,1,4
2023-07-18,19760.4,19766.2,19741.0,19751.3,09:35:00,19726.42045076657,1,5
2023-07-18,19749.4,19761.65,19741.65,19760.25,09:40:00,19728.608979265,1,6
2023-07-18,19757.9,19764.3,19748.55,19749.5,09:45:00,19731.39860028738,1,7
2023-07-18,19771.7,19777.6,19756.85,19758.65,09:50:00,19735.23682883144,1,8
2023-07-18,19765.4,19777.95,19764.9,19771.65,09:55:00,19738.10951179988,1,9
2023-07-18,19765.7,19769.85,19754.4,19765.0,10:00:00,19740.737177342744,1,10
2023-07-18,19758.5,19767.45,19750.0,19766.75,10:05:00,19742.428874738674,1,11
2023-07-18,19763.6,19770.35,19757.25,19758.95,10:10:00,19744.44517238261,1,12
2023-07-18,19770.6,19770.95,19758.8,19762.5,10:15:00,19746.936108346174,1,13
2023-07-18,19770.75,19772.7,19765.35,19770.15,10:20:00,19749.20409802749,1,14
2023-07-18,19775.9,19785.35,19769.95,19770.9,10:25:00,19751.74656488201,1,15
2023-07-18,19772.8,19777.75,19766.6,19775.9,10:30:00,19753.75165394087,1,16
2023-07-18,19767.05,19773.4,19764.95,19772.2,10:35:00,19755.01816308936,1,17
2023-07-18,19769.7,19773.7,19766.0,19767.15,10:40:00,19756.416433271326,1,18
2023-07-18,19776.25,19776.25,19764.4,19769.8,10:45:00,19758.305344388344,1,19
2023-07-18,19790.35,19791.9,19771.95,19775.7,10:50:00,19761.35721635136,1,20
2023-07-18,19792.75,19793.3,19783.9,19788.6,10:55:00,19764.34700527028,1,21
2023-07-18,19797.85,19799.9,19790.2,19792.6,11:00:00,19767.537766673107,1,22
2023-07-18,19810.25,19817.75,19797.2,19798.4,11:05:00,19771.60559841853,1,23
2023-07-18,19806.95,19813.25,19802.05,19809.8,11:10:00,19774.97173190248,1,24
2023-07-18,19777.7,19807.95,19777.45,19807.4,11:15:00,19775.231566959385,1,25
2023-07-18,19791.4,19794.15,19775.6,19777.25,11:20:00,19776.77141772516,1,26
2023-07-18,19794.35,19798.5,19790.7,19791.0,11:25:00,19778.445568418003,1,27
2023-07-18,19774.65,19795.7,19772.4,19795.0,11:30:00,19778.084085711525,1,28
2023-07-18,19749.75,19779.1,19744.9,19774.9,11:35:00,19775.385601358048,1,29
2023-07-18,19707.6,19752.7,19701.25,19750.15,11:40:00,19768.92982980014,1,30
2023-07-18,19728.4,19732.95,19695.15,19707.55,11:45:00,19765.069846009654,1,31
2023-07-18,19724.15,19730.5,19714.0,19726.9,11:50:00,19761.17271781826,1,32
2023-07-18,19722.75,19725.65,19717.05,19724.5,11:55:00,19757.513411359378,1,33
2023-07-18,19698.75,19723.4,19698.25,19722.1,12:00:00,19751.916895991817,1,34
2023-07-18,19703.05,19707.55,19691.1,19699.65,12:05:00,19747.26290589736,1,35
2023-07-18,19702.9,19707.85,19690.25,19704.0,12:10:00,19743.037867240462,1,36
2023-07-18,19707.45,19719.3,19699.1,19704.0,12:15:00,19739.6485465509,1,37
2023-07-18,19704.6,19708.7,19691.75,19708.65,12:20:00,19736.310589736528,1,38
2023-07-18,19725.9,19727.85,19703.8,19704.95,12:25:00,19735.31910499972,1,39
2023-07-18,19742.2,19746.85,19725.55,19726.55,12:30:00,19735.97442833308,1,40
2023-07-18,19748.45,19756.0,19739.55,19743.75,12:35:00,19737.162578015643,1,41
2023-07-18,19748.9,19751.45,19741.5,19749.75,12:40:00,19738.28042772844,1,42
2023-07-18,19759.95,19761.3,19737.25,19749.55,12:45:00,19740.34419651621,1,43
2023-07-18,19749.9,19760.4,19748.0,19760.2,12:50:00,19741.25427303848,1,44
2023-07-18,19725.9,19754.3,19725.9,19750.05,12:55:00,19739.791961320527,1,45
2023-07-18,19710.75,19728.95,19707.7,19726.05,13:00:00,19737.02606024238,1,46
2023-07-18,19712.7,19724.65,19708.7,19710.85,13:05:00,19734.70929260025,1,47
2023-07-18,19717.9,19729.9,19711.7,19712.55,13:10:00,19733.108407590706,1,48
2023-07-18,19718.3,19719.7,19706.7,19718.15,13:15:00,19731.69808305825,1,49
2023-07-18,19740.65,19742.25,19717.65,19718.8,13:20:00,19732.55064657652,1,50
2023-07-18,19722.85,19739.85,19722.85,19739.75,13:25:00,19731.62677547399,1,51
2023-07-18,19731.25,19735.45,19711.6,19723.95,13:30:00,19731.590892095515,1,52
2023-07-18,19726.95,19738.75,19722.1,19730.85,13:35:00,19731.148902372133,1,53
2023-07-18,19738.65,19741.95,19726.05,19727.35,13:40:00,19731.86329262241,1,54
2023-07-18,19747.65,19754.2,19737.45,19739.65,13:45:00,19733.366788563133,1,55
2023-07-18,19745.0,19749.85,19737.65,19747.25,13:50:00,19734.47471346188,1,56
2023-07-18,19769.35,19772.7,19739.5,19743.95,13:55:00,19737.796169322653,1,57
2023-07-18,19776.1,19777.95,19756.55,19769.25,14:00:00,19741.444153196688,1,58
2023-07-18,19771.95,19778.6,19763.65,19775.7,14:05:00,19744.34947193986,1,59
2023-07-18,19760.3,19771.6,19753.3,19771.6,14:10:00,19745.86856985035,1,60
2023-07-18,19735.35,19763.7,19729.0,19760.2,14:15:00,19744.86680129317,1,61
2023-07-18,19725.45,19735.35,19720.55,19735.35,14:20:00,19743.0175821224,1,62
2023-07-18,19745.95,19747.05,19723.15,19724.4,14:25:00,19743.296860015496,1,63
2023-07-18,19733.85,19747.7,19725.35,19747.0,14:30:00,19742.39715906164,1,64
2023-07-18,19757.7,19758.0,19729.8,19733.85,14:35:00,19743.854572484342,1,65
2023-07-18,19743.8,19758.8,19740.65,19757.65,14:40:00,19743.84937510488,1,66
2023-07-18,19732.05,19744.15,19720.35,19743.65,14:45:00,19742.72562509489,1,67
2023-07-18,19729.35,19734.35,19714.05,19731.6,14:50:00,19741.45175603824,1,68
2023-07-18,19732.75,19732.75,19720.55,19730.35,14:55:00,19740.62301736793,1,69
2023-07-18,19747.0,19762.25,19733.5,19733.5,15:00:00,19741.23034904717,1,70
2023-07-18,19751.2,19751.3,19738.6,19748.65,15:05:00,19742.17983961411,1,71
2023-07-18,19743.55,19757.3,19741.7,19751.6,15:10:00,19742.310331079432,1,72
2023-07-18,19758.6,19759.95,19741.6,19742.55,15:15:00,19743.86172811949,1,73
2023-07-18,19751.4,19758.9,19741.6,19758.9,15:20:00,19744.57965877477,1,74
2023-07-18,19751.55,19752.95,19742.1,19751.45,15:25:00,19745.24350079622,1,75
2023-07-19,19790.3,19828.75,19787.95,19802.95,09:15:00,19754.507038066746,2,1
2023-07-19,19804.65,19808.15,19790.05,19790.3,09:20:00,19759.282558250867,2,2
2023-07-19,19821.65,19822.1,19801.45,19803.3,09:25:00,19765.222314607927,2,3
2023-07-19,19815.65,19828.75,19806.15,19820.95,09:30:00,19770.02495131193,2,4
2023-07-19,19810.45,19815.7,19800.4,19815.2,09:35:00,19773.874955948893,2,5
2023-07-19,19805.3,19812.15,19796.95,19809.75,09:40:00,19776.867817287093,2,6
2023-07-19,19814.1,19820.7,19804.45,19805.4,09:45:00,19780.413739450225,2,7
2023-07-19,19830.25,19831.25,19814.1,19814.8,09:50:00,19785.16004997877,2,8
2023-07-19,19836.45,19841.15,19826.05,19830.8,09:55:00,19790.044807123653,2,9
2023-07-19,19821.65,19838.55,19817.85,19836.85,10:00:00,19793.05482549283,2,10
2023-07-19,19826.85,19829.95,19815.3,19822.7,10:05:00,19796.27341354113,2,11
2023-07-19,19826.15,19835.7,19825.05,19826.45,10:10:00,19799.11880272769,2,12
2023-07-19,19820.5,19825.85,19812.2,19825.85,10:15:00,19801.155107229817,2,13
2023-07-19,19825.7,19827.9,19812.25,19820.75,10:20:00,19803.49271606508,2,14
2023-07-19,19817.35,19826.75,19812.8,19825.55,10:25:00,19804.812457392207,2,15
2023-07-19,19807.9,19820.35,19805.2,19816.85,10:30:00,19805.10650906914,2,16
2023-07-19,19789.4,19808.8,19789.4,19807.6,10:35:00,19803.61065106256,2,17
2023-07-19,19780.0,19796.25,19776.65,19790.45,10:40:00,19801.362017628027,2,18
2023-07-19,19781.6,19783.2,19773.05,19780.6,10:45:00,19799.47992071108,2,19
2023-07-19,19775.65,19788.5,19772.1,19782.05,10:50:00,19797.21040445288,2,20
2023-07-19,19768.25,19778.1,19760.45,19775.25,10:55:00,19794.452270695463,2,21
2023-07-19,19760.9,19769.15,19760.6,19767.55,11:00:00,19791.25681634352,2,22
2023-07-19,19756.8,19761.0,19751.7,19760.65,11:05:00,19787.975214786988,2,23
2023-07-19,19746.15,19762.4,19745.25,19757.3,11:10:00,19783.99186099775,2,24
2023-07-19,19737.9,19748.05,19731.55,19745.7,11:15:00,19779.602159950344,2,25
2023-07-19,19747.05,19752.3,19735.3,19737.05,11:20:00,19776.50195424079,2,26
2023-07-19,19759.8,19760.2,19741.75,19746.85,11:25:00,19774.91129193214,2,27
2023-07-19,19737.25,19760.8,19737.25,19759.15,11:30:00,19771.32450222432,2,28
2023-07-19,19747.75,19747.9,19733.3,19737.35,11:35:00,19769.079311536287,2,29
2023-07-19,19749.75,19761.15,19747.95,19747.95,11:40:00,19767.23842472331,2,30
2023-07-19,19742.25,19752.65,19740.35,19749.75,11:45:00,19764.85857474966,2,31
2023-07-19,19736.2,19748.9,19732.1,19742.45,11:50:00,19762.129186678267,2,32
2023-07-19,19732.6,19740.0,19727.55,19738.45,11:55:00,19759.316883185096,2,33
2023-07-19,19753.45,19755.25,19731.6,19731.6,12:00:00,19758.758132405565,2,34
2023-07-19,19748.0,19754.0,19742.15,19752.9,12:05:00,19757.733548366938,2,35
2023-07-19,19736.6,19747.8,19730.3,19747.05,12:10:00,19755.72082947485,2,36
2023-07-19,19754.7,19756.2,19735.9,19736.8,12:15:00,19755.623607620106,2,37
2023-07-19,19759.85,19761.85,19747.75,19754.35,12:20:00,19756.02612118009,2,38
2023-07-19,19755.25,19761.05,19751.1,19759.8,12:25:00,19755.952204877223,2,39
2023-07-19,19769.6,19769.95,19751.6,19755.2,12:30:00,19757.25199488892,2,40
2023-07-19,19778.85,19779.8,19768.85,19768.85,12:35:00,19759.30894775664,2,41
2023-07-19,19777.8,19780.9,19771.5,19778.35,12:40:00,19761.070000351243,2,42
2023-07-19,19771.95,19783.45,19770.65,19778.15,12:45:00,19762.10619079398,2,43
2023-07-19,19789.4,19789.4,19772.45,19773.3,12:50:00,19764.70560119456,2,44
2023-07-19,19778.0,19790.9,19778.0,19788.5,12:55:00,19765.97173441412,2,45
2023-07-19,19783.75,19789.45,19777.6,19777.6,13:00:00,19767.66490256516,2,46
2023-07-19,19782.65,19788.4,19774.85,19782.6,13:05:00,19769.092054701807,2,47
2023-07-19,19788.95,19790.25,19782.35,19782.5,13:10:00,19770.98328758735,2,48
2023-07-19,19788.55,19798.55,19782.95,19788.5,13:15:00,19772.656307817124,2,49
2023-07-19,19777.5,19793.1,19777.05,19787.6,13:20:00,19773.11761183454,2,50
2023-07-19,19769.85,19784.5,19769.85,19777.5,13:25:00,19772.80641070744,2,51
2023-07-19,19773.05,19774.5,19763.9,19769.65,13:30:00,19772.829609687684,2,52
2023-07-19,19780.95,19781.1,19770.3,19773.0,13:35:00,19773.60298019362,2,53
2023-07-19,19785.3,19792.1,19779.3,19779.9,13:40:00,19774.716982079943,2,54
2023-07-19,19795.45,19795.7,19784.3,19785.0,13:45:00,19776.691555215188,2,55
2023-07-19,19784.7,19796.5,19782.4,19794.85,13:50:00,19777.45426424231,2,56
2023-07-19,19786.05,19787.85,19774.65,19784.45,13:55:00,19778.27290574304,2,57
2023-07-19,19784.05,19801.5,19784.0,19785.55,14:00:00,19778.823105196087,2,58
2023-07-19,19791.1,19792.95,19779.95,19783.5,14:05:00,19779.992333272647,2,59
2023-07-19,19781.1,19794.25,19779.45,19790.15,14:10:00,19780.09782534192,2,60
2023-07-19,19775.5,19782.0,19768.9,19780.8,14:15:00,19779.65993721412,2,61
2023-07-19,19767.05,19777.55,19758.75,19774.95,14:20:00,19778.45899081277,2,62
2023-07-19,19776.55,19784.1,19764.75,19765.4,14:25:00,19778.27718216394,2,63
2023-07-19,19779.7,19779.75,19771.75,19775.85,14:30:00,19778.41268862452,2,64
2023-07-19,19774.2,19786.0,19772.9,19779.05,14:35:00,19778.011480184086,2,65
2023-07-19,19773.3,19780.65,19769.5,19774.15,14:40:00,19777.562767785603,2,66
2023-07-19,19784.4,19784.85,19765.5,19771.85,14:45:00,19778.213932758405,2,67
2023-07-19,19784.85,19791.85,19782.6,19783.55,14:50:00,19778.84593916237,2,68
2023-07-19,19801.7,19803.45,19783.75,19783.75,14:55:00,19781.022516385,2,69
2023-07-19,19810.7,19820.75,19802.6,19802.6,15:00:00,19783.84894339595,2,70
2023-07-19,19834.5,19834.5,19810.5,19810.9,15:05:00,19788.67285354872,2,71
2023-07-19,19833.2,19838.2,19825.6,19834.0,15:10:00,19792.913534163126,2,72
2023-07-19,19839.85,19840.65,19832.2,19833.4,15:15:00,19797.38367376664,2,73
2023-07-19,19837.9,19843.6,19835.8,19838.25,15:20:00,19801.242371503147,2,74
2023-07-19,19847.15,19849.2,19836.25,19837.65,15:25:00,19805.614526598085,2,75
2023-07-20,19798.5,19840.45,19798.25,19831.7,09:15:00,19807.1846805032,3,1
2023-07-20,19816.35,19817.65,19784.55,19799.35,09:20:00,19808.05756807432,3,2
2023-07-20,19813.35,19818.05,19805.05,19815.65,09:25:00,19808.561609210097,3,3
2023-07-20,19817.05,19818.0,19797.55,19813.5,09:30:00,19809.370027380563,3,4
2023-07-20,19813.2,19837.45,19813.2,19817.1,09:35:00,19809.73478667765,3,5
2023-07-20,19781.8,19814.55,19778.8,19812.95,09:40:00,19807.07433080359,3,6
2023-07-20,19770.8,19782.35,19766.3,19782.35,09:45:00,19803.61963263182,3,7
2023-07-20,19765.8,19772.55,19759.65,19771.25,09:50:00,19800.01776285736,3,8
2023-07-20,19760.1,19779.8,19758.85,19765.5,09:55:00,19796.21607115666,3,9
2023-07-20,19799.3,19818.0,19758.45,19758.45,10:00:00,19796.50977866556,3,10
2023-07-20,19776.45,19801.35,19772.45,19799.7,10:05:00,19794.59932355455,3,11
2023-07-20,19787.35,19789.65,19777.5,19777.6,10:10:00,19793.90891178745,3,12
2023-07-20,19816.2,19816.2,19782.7,19786.95,10:15:00,19796.0318725696,3,13
2023-07-20,19824.65,19825.45,19807.05,19815.1,10:20:00,19798.75740851535,3,14
2023-07-20,19831.75,19834.9,19820.15,19823.25,10:25:00,19801.89956008532,3,15
2023-07-20,19843.35,19843.6,19830.3,19831.6,10:30:00,19805.84722102957,3,16
2023-07-20,19833.65,19847.25,19825.5,19843.65,10:35:00,19808.49510474104,3,17
2023-07-20,19829.85,19835.4,19826.45,19833.2,10:40:00,19810.52890428952,3,18
2023-07-20,19825.7,19829.55,19820.55,19829.35,10:45:00,19811.97377054765,3,19
2023-07-20,19829.5,19829.5,19819.45,19825.3,10:50:00,19813.6429352574,3,20
2023-07-20,19830.55,19838.8,19829.15,19829.6,10:55:00,19815.25313189956,3,21
2023-07-20,19835.75,19837.35,19826.35,19830.9,11:00:00,19817.205214575784,3,22
2023-07-20,19835.45,19840.75,19831.9,19835.55,11:05:00,19818.94281318761,3,23
2023-07-20,19830.8,19837.3,19830.4,19835.6,11:10:00,19820.072069074507,3,24
2023-07-20,19817.15,19831.1,19816.9,19831.1,11:15:00,19819.79377678169,3,25
2023-07-20,19822.5,19822.5,19814.9,19817.45,11:20:00,19820.05151232629,3,26
2023-07-20,19833.65,19833.95,19821.3,19822.4,11:25:00,19821.346606390456,3,27
2023-07-20,19839.0,19839.4,19829.85,19833.2,11:30:00,19823.02788197232,3,28
2023-07-20,19843.4,19845.1,19834.45,19838.5,11:35:00,19824.96808368924,3,29
2023-07-20,19841.2,19845.25,19837.5,19842.9,11:40:00,19826.51398048074,3,30
2023-07-20,19836.5,19842.9,19833.75,19840.8,11:45:00,19827.465029958767,3,31
2023-07-20,19841.9,19841.9,19835.1,19836.0,11:50:00,19828.839789010315,3,32
2023-07-20,19849.85,19853.05,19840.0,19842.4,11:55:00,19830.840761485524,3,33
2023-07-20,19849.35,19852.15,19846.0,19850.15,12:00:00,19832.60354610595,3,34
2023-07-20,19866.5,19869.1,19846.45,19849.3,12:05:00,19835.831779810145,3,35
2023-07-20,19860.15,19869.4,19858.35,19866.8,12:10:00,19838.147800780607,3,36
2023-07-20,19856.1,19862.1,19851.9,19860.5,12:15:00,19839.857534039595,3,37
2023-07-20,19865.85,19870.6,19855.15,19856.6,12:20:00,19842.333006988207,3,38
2023-07-20,19872.95,19874.0,19863.75,19866.4,12:25:00,19845.24891108457,3,39
2023-07-20,19878.7,19881.1,19872.8,19873.15,12:30:00,19848.43472907652,3,40
2023-07-20,19884.3,19887.25,19877.5,19880.1,12:35:00,19851.85046916447,3,41
2023-07-20,19881.3,19885.45,19878.15,19882.15,12:40:00,19854.655186386903,3,42
2023-07-20,19885.7,19890.55,19880.5,19881.5,12:45:00,19857.61183530244,3,43
2023-07-20,19891.9,19894.0,19883.75,19885.7,12:50:00,19860.87737479744,3,44
2023-07-20,19893.05,19898.45,19889.65,19891.65,12:55:00,19863.94143434054,3,45
2023-07-20,19893.6,19896.25,19888.1,19893.4,13:00:00,19866.76605964144,3,46
2023-07-20,19890.95,19902.45,19889.2,19893.85,13:05:00,19869.06929205654,3,47
2023-07-20,19899.3,19901.15,19889.25,19889.8,13:10:00,19871.94840709878,3,48
2023-07-20,19911.25,19917.8,19897.7,19898.05,13:15:00,19875.691415946512,3,49
2023-07-20,19910.65,19915.25,19905.3,19912.8,13:20:00,19879.020804903987,3,50
2023-07-20,19912.4,19918.7,19907.25,19911.8,13:25:00,19882.199775865512,3,51
2023-07-20,19920.7,19926.1,19910.15,19912.75,13:30:00,19885.866463878323,3,52
2023-07-20,19889.85,19921.9,19887.7,19920.95,13:35:00,19886.245848270864,3,53
2023-07-20,19904.55,19906.1,19891.3,19891.3,13:40:00,19887.989100816496,3,54
2023-07-20,19912.7,19916.3,19905.3,19905.3,13:45:00,19890.342519786354,3,55
2023-07-20,19919.6,19921.15,19903.4,19911.75,13:50:00,19893.128946473367,3,56
2023-07-20,19929.05,19932.25,19918.85,19919.95,13:55:00,19896.54999919019,3,57
2023-07-20,19943.6,19945.1,19927.15,19929.35,14:00:00,19901.030951648267,3,58
2023-07-20,19934.25,19947.2,19934.25,19943.05,14:05:00,19904.19467053891,3,59
2023-07-20,19942.25,19944.4,19934.55,19934.55,14:10:00,19907.81898763044,3,60
2023-07-20,19946.55,19949.6,19941.15,19943.15,14:15:00,19911.507655475165,3,61
2023-07-20,19952.55,19958.3,19941.8,19945.8,14:20:00,19915.416450191817,3,62
2023-07-20,19960.5,19967.5,19950.4,19952.95,14:25:00,19919.71012160212,3,63
2023-07-20,19961.9,19972.25,19961.75,19961.75,14:30:00,19923.72820525906,3,64
2023-07-20,19977.7,19982.1,19958.9,19963.5,14:35:00,19928.86837618677,3,65
2023-07-20,19949.9,19977.6,19949.9,19977.25,14:40:00,19930.871387978503,3,66
2023-07-20,19937.45,19958.05,19937.45,19949.45,14:45:00,19931.497922456743,3,67
2023-07-20,19949.35,19955.55,19935.45,19938.8,14:50:00,19933.198120318008,3,68
2023-07-20,19956.1,19960.7,19947.6,19948.95,14:55:00,19935.37925171629,3,69
2023-07-20,19965.8,19977.25,19957.3,19957.7,15:00:00,19938.27646583855,3,70
2023-07-20,19982.85,19987.25,19965.35,19965.35,15:05:00,19942.52156433012,3,71
2023-07-20,19987.05,19990.8,19980.8,19983.05,15:10:00,19946.76236772725,3,72
2023-07-20,19981.1,19987.55,19975.7,19987.2,15:15:00,19950.032618419893,3,73
2023-07-20,19980.65,19986.15,19975.95,19981.3,15:20:00,19952.948559522763,3,74
2023-07-20,19969.95,19983.95,19965.4,19980.8,15:25:00,19954.56774433012,3,75
2023-07-21,19826.15,19830.65,19780.7,19800.45,09:15:00,19929.057495925565,4,1
2023-07-21,19876.9,19877.3,19818.15,19824.5,09:20:00,19924.090115361225,4,2
2023-07-21,19846.1,19886.25,19842.95,19875.65,09:25:00,19916.662485326822,4,3
2023-07-21,19820.3,19863.75,19820.3,19845.7,09:30:00,19907.485105771888,4,4
2023-07-21,19822.6,19837.5,19809.85,19821.05,09:35:00,19899.400809984087,4,5
2023-07-21,19823.8,19829.0,19807.4,19822.9,09:40:00,19892.200732842743,4,6
2023-07-21,19842.2,19845.35,19816.2,19823.25,09:45:00,19887.43875828629,4,7
2023-07-21,19865.2,19870.95,19840.5,19842.25,09:50:00,19885.320781306647,4,8
2023-07-21,19868.45,19876.1,19851.4,19864.9,09:55:00,19883.714040229825,4,9
2023-07-21,19860.7,19869.1,19845.5,19867.8,10:00:00,19881.522226874604,4,10
2023-07-21,19846.1,19867.05,19840.25,19860.95,10:05:00,19878.148681457973,4,11
2023-07-21,19843.7,19848.05,19826.65,19846.8,10:10:00,19874.867854652453,4,12
2023-07-21,19823.45,19844.6,19809.5,19844.6,10:15:00,19869.970916114125,4,13
2023-07-21,19809.4,19823.2,19808.5,19823.2,10:20:00,19864.202257436587,4,14
2023-07-21,19810.45,19811.2,19799.05,19810.05,10:25:00,19859.08299482358,4,15
2023-07-21,19800.15,19818.15,19799.8,19811.1,10:30:00,19853.470328649903,4,16
2023-07-21,19804.45,19812.4,19794.15,19800.05,10:35:00,19848.801725921345,4,17
2023-07-21,19808.55,19813.45,19799.0,19804.75,10:40:00,19844.96822821455,4,18
2023-07-21,19796.5,19813.45,19795.9,19809.2,10:45:00,19840.35220647983,4,19
2023-07-21,19813.3,19814.45,19794.3,19796.3,10:50:00,19837.775805862704,4,20
2023-07-21,19809.3,19819.1,19804.8,19813.85,10:55:00,19835.063824351968,4,21
2023-07-21,19801.55,19809.65,19799.05,19809.65,11:00:00,19831.87203155654,4,22
2023-07-21,19794.65,19807.1,19794.65,19800.95,11:05:00,19828.327076170204,4,23
2023-07-21,19780.0,19798.95,19778.75,19795.55,11:10:00,19823.72449748733,4,24
2023-07-21,19788.05,19794.1,19778.6,19779.9,11:15:00,19820.326926298058,4,25
2023-07-21,19778.25,19793.8,19778.25,19787.9,11:20:00,19816.31959998396,4,26
2023-07-21,19773.9,19777.7,19763.15,19777.7,11:25:00,19812.279638080727,4,27
2023-07-21,19775.35,19776.35,19768.3,19773.65,11:30:00,19808.762529692085,4,28
2023-07-21,19781.1,19784.75,19764.95,19775.1,11:35:00,19806.128003054742,4,29
2023-07-21,19798.6,19799.8,19779.65,19781.55,11:40:00,19805.411050382863,4,30
2023-07-21,19774.1,19800.15,19769.45,19798.85,11:45:00,19802.429045584497,4,31
2023-07-21,19787.55,19790.9,19773.75,19774.65,11:50:00,19801.01199362407,4,32
2023-07-21,19768.15,19788.85,19759.55,19788.5,11:55:00,19797.88227994559,4,33
2023-07-21,19763.15,19772.9,19759.25,19768.65,12:00:00,19794.57444376029,4,34
2023-07-21,19777.75,19781.5,19762.8,19763.5,12:05:00,19792.972115783123,4,35
2023-07-21,19767.9,19778.7,19763.1,19778.4,12:10:00,19790.58429523235,4,36
2023-07-21,19756.8,19770.9,19756.8,19768.1,12:15:00,19787.36674330545,4,37
2023-07-21,19750.05,19768.3,19749.3,19757.3,12:20:00,19783.81276775256,4,38
2023-07-21,19745.65,19750.5,19733.4,19750.35,12:25:00,19780.17821844279,4,39
2023-07-21,19762.65,19765.05,19745.4,19745.4,12:30:00,19778.508864305382,4,40
2023-07-21,19756.0,19769.4,19755.15,19762.7,12:35:00,19776.36516294297,4,41
2023-07-21,19751.3,19758.05,19746.35,19755.65,12:40:00,19773.978004567445,4,42
2023-07-21,19768.25,19773.45,19750.4,19752.35,12:45:00,19773.43248032293,4,43
2023-07-21,19775.55,19775.6,19765.25,19768.0,12:50:00,19773.634148863603,4,44
2023-07-21,19777.05,19778.45,19767.15,19775.05,12:55:00,19773.95946801945,4,45
2023-07-21,19777.0,19791.0,19776.0,19777.4,13:00:00,19774.249042493782,4,46
2023-07-21,19769.1,19777.15,19762.45,19776.55,13:05:00,19773.75865749437,4,47
2023-07-21,19791.35,19791.95,19769.15,19769.35,13:10:00,19775.43402344729,4,48
2023-07-21,19801.85,19802.55,19787.2,19791.15,13:15:00,19777.949830738027,4,49
2023-07-21,19810.15,19817.35,19802.3,19802.3,13:20:00,19781.016513524883,4,50
2023-07-21,19814.25,19815.1,19799.85,19810.95,13:25:00,19784.181607474893,4,51
2023-07-21,19814.55,19821.95,19811.0,19814.7,13:30:00,19787.073835334424,4,52
2023-07-21,19807.9,19820.1,19804.55,19814.9,13:35:00,19789.05727958829,4,53
2023-07-21,19804.0,19815.2,19794.5,19808.45,13:40:00,19790.480395817976,4,54
2023-07-21,19814.55,19816.05,19801.55,19804.0,13:45:00,19792.772739073407,4,55
2023-07-21,19810.15,19818.9,19807.1,19815.0,13:50:00,19794.42771630451,4,56
2023-07-21,19810.5,19812.4,19806.45,19810.65,13:55:00,19795.9584099898,4,57
2023-07-21,19777.8,19820.4,19775.95,19811.95,14:00:00,19794.229037609817,4,58
2023-07-21,19790.25,19792.45,19766.15,19778.05,14:05:00,19793.85008164698,4,59
2023-07-21,19779.4,19796.8,19778.75,19792.05,14:10:00,19792.473883394887,4,60
2023-07-21,19771.1,19786.3,19770.25,19779.75,14:15:00,19790.43827545252,4,61
2023-07-21,19748.2,19773.35,19745.6,19772.1,14:20:00,19786.41558255228,4,62
2023-07-21,19760.8,19761.7,19745.3,19749.55,14:25:00,19783.976003261585,4,63
2023-07-21,19760.35,19763.4,19752.3,19760.35,14:30:00,19781.725907712866,4,64
2023-07-21,19762.3,19765.15,19754.35,19760.1,14:35:00,19779.875821264017,4,65
2023-07-21,19739.05,19765.35,19739.05,19761.85,14:40:00,19775.987647810303,4,66
2023-07-21,19736.75,19750.0,19735.7,19739.15,14:45:00,19772.250728971227,4,67
2023-07-21,19721.65,19738.65,19720.85,19736.65,14:50:00,19767.43161192635,4,68
2023-07-21,19708.05,19728.5,19704.95,19722.3,14:55:00,19761.77622031432,4,69
2023-07-21,19719.8,19734.5,19700.1,19707.85,15:00:00,19757.778485046285,4,70
2023-07-21,19730.35,19730.75,19705.25,19720.2,15:05:00,19755.166248375208,4,71
2023-07-21,19743.25,19745.9,19721.8,19731.7,15:10:00,19754.03136757757,4,72
2023-07-21,19767.7,19768.7,19740.05,19743.3,15:15:00,19755.333142094,4,73
2023-07-21,19772.35,19775.8,19758.65,19767.45,15:20:00,19756.9537952279,4,74
2023-07-21,19780.9,19780.9,19768.55,19772.75,15:25:00,19759.234386158576,4,75
2023-07-24,19722.3,19755.0,19705.55,19748.45,09:15:00,19754.78755873752,0,1
2023-07-24,19711.2,19742.7,19709.2,19723.45,09:20:00,19750.63636266728,0,2
2023-07-24,19718.55,19721.25,19705.2,19710.65,09:25:00,19747.580518603725,0,3
2023-07-24,19741.4,19743.0,19719.35,19719.35,09:30:00,19746.991897784326,0,4
2023-07-24,19737.75,19744.9,19727.85,19741.75,09:35:00,19746.11171704296,0,5
2023-07-24,19716.55,19743.4,19711.75,19737.15,09:40:00,19743.296315419822,0,6
2023-07-24,19718.0,19723.3,19710.55,19716.15,09:45:00,19740.887142522697,0,7
2023-07-24,19726.7,19727.7,19715.1,19718.05,09:50:00,19739.535986091963,0,8
2023-07-24,19718.8,19728.75,19714.5,19727.25,09:55:00,19737.561130273683,0,9
2023-07-24,19733.9,19735.5,19715.25,19719.0,10:00:00,19737.2124512,0,10
2023-07-24,19733.65,19745.05,19732.7,19734.65,10:05:00,19736.87317013333,0,11
2023-07-24,19748.55,19751.15,19732.8,19733.45,10:10:00,19737.98524916825,0,12
2023-07-24,19758.8,19767.15,19747.8,19748.55,10:15:00,19739.967606390324,0,13
2023-07-24,19756.45,19763.9,19751.4,19758.7,10:20:00,19741.53735816268,0,14
2023-07-24,19772.0,19775.1,19756.0,19757.7,10:25:00,19744.43856214718,0,15
2023-07-24,19775.15,19782.15,19768.8,19773.05,10:30:00,19747.363460990306,0,16
2023-07-24,19777.85,19780.85,19772.8,19774.05,10:35:00,19750.26694089599,0,17
2023-07-24,19775.7,19781.95,19767.75,19778.2,10:40:00,19752.689137001133,0,18
2023-07-24,19766.45,19776.5,19765.4,19775.7,10:45:00,19753.99969538197,0,19
2023-07-24,19769.25,19780.45,19765.1,19767.0,10:50:00,19755.4521053456,0,20
2023-07-24,19763.4,19772.45,19758.65,19769.2,10:55:00,19756.20904769364,0,21
2023-07-24,19769.9,19770.25,19760.55,19763.85,11:00:00,19757.51294791329,0,22
2023-07-24,19769.8,19774.5,19763.75,19768.8,11:05:00,19758.68314335012,0,23
2023-07-24,19764.2,19772.7,19760.8,19769.4,11:10:00,19759.208558269154,0,24
2023-07-24,19759.7,19765.3,19755.65,19764.15,11:15:00,19759.255362243523,0,25
2023-07-24,19765.9,19766.8,19759.6,19759.6,11:20:00,19759.888184887,0,26
2023-07-24,19752.9,19768.3,19752.9,19764.95,11:25:00,19759.222643469187,0,27
2023-07-24,19754.2,19760.4,19747.65,19753.6,11:30:00,19758.74429647212,0,28
2023-07-24,19735.35,19756.7,19735.35,19754.25,11:35:00,19756.51626823668,0,29
2023-07-24,19715.05,19735.75,19709.05,19735.65,11:40:00,19752.567099833184,0,30
2023-07-24,19703.75,19714.75,19696.8,19714.5,11:45:00,19747.917852230024,0,31
2023-07-24,19685.05,19707.15,19685.05,19703.15,11:50:00,19741.930437731928,0,32
2023-07-24,19671.25,19688.0,19670.95,19683.85,11:55:00,19735.198967471744,0,33
2023-07-24,19699.35,19700.25,19671.45,19671.45,12:00:00,19731.78478009348,0,34
2023-07-24,19688.35,19703.9,19687.45,19699.0,12:05:00,19727.64813437029,0,35
2023-07-24,19709.15,19710.75,19687.7,19687.7,12:10:00,19725.88640728741,0,36
2023-07-24,19709.2,19717.1,19707.4,19708.4,12:15:00,19724.297225640985,0,37
2023-07-24,19715.25,19719.35,19708.6,19709.35,12:20:00,19723.43558510375,0,38
2023-07-24,19713.8,19718.7,19707.05,19714.2,12:25:00,19722.517910331964,0,39
2023-07-24,19719.1,19721.75,19708.45,19713.05,12:30:00,19722.19239506225,0,40
2023-07-24,19721.4,19727.9,19717.6,19718.75,12:35:00,19722.11692886585,0,41
2023-07-24,19733.2,19733.2,19719.3,19719.85,12:40:00,19723.17245945005,0,42
2023-07-24,19739.75,19742.85,19731.15,19731.65,12:45:00,19724.75127283576,0,43
2023-07-24,19746.55,19748.1,19738.7,19739.75,12:50:00,19726.8273420895,0,44
2023-07-24,19761.0,19761.4,19745.3,19746.6,12:55:00,19730.08188093812,0,45
2023-07-24,19752.95,19768.9,19752.95,19760.95,13:00:00,19732.25979703925,0,46
2023-07-24,19749.2,19753.25,19734.45,19753.25,13:05:00,19733.87314970218,0,47
2023-07-24,19760.7,19762.5,19746.85,19748.2,13:10:00,19736.42808782578,0,48
2023-07-24,19757.55,19762.7,19750.25,19761.3,13:15:00,19738.439698509043,0,49
2023-07-24,19760.15,19761.05,19749.4,19757.15,13:20:00,19740.50734627009,0,50
2023-07-24,19750.2,19765.5,19749.25,19760.75,13:25:00,19741.430456149126,0,51
2023-07-24,19747.1,19751.3,19740.85,19750.4,13:30:00,19741.970412706352,0,52
2023-07-24,19742.05,19750.65,19740.9,19747.0,13:35:00,19741.977992448607,0,53
2023-07-24,19752.75,19760.05,19740.5,19742.4,13:40:00,19743.00389792969,0,54
2023-07-24,19751.55,19756.6,19745.5,19753.85,13:45:00,19743.817812412577,0,55
2023-07-24,19759.85,19760.65,19749.65,19751.6,13:50:00,19745.344687420904,0,56
2023-07-24,19760.15,19765.45,19754.3,19760.2,13:55:00,19746.754717190342,0,57
2023-07-24,19769.75,19772.7,19758.55,19760.5,14:00:00,19748.9447441246,0,58
2023-07-24,19737.2,19770.7,19734.8,19770.2,14:05:00,19747.826197065107,0,59
2023-07-24,19749.65,19776.0,19731.25,19737.75,14:10:00,19747.99989258272,0,60
2023-07-24,19719.4,19750.55,19699.25,19750.55,14:15:00,19745.276093289125,0,61
2023-07-24,19721.0,19732.85,19712.6,19719.55,14:20:00,19742.964084404448,0,62
2023-07-24,19713.85,19729.6,19709.5,19720.5,14:25:00,19740.191314461168,0,63
2023-07-24,19723.45,19736.05,19711.0,19714.25,14:30:00,19738.596903560105,0,64
2023-07-24,19728.6,19730.1,19716.15,19724.7,14:35:00,19737.644817506764,0,65
2023-07-24,19736.55,19740.45,19725.7,19729.2,14:40:00,19737.540549172787,0,66
2023-07-24,19720.9,19741.45,19719.95,19736.0,14:45:00,19735.955734965857,0,67
2023-07-24,19717.75,19723.85,19703.1,19720.35,14:50:00,19734.2218554453,0,68
2023-07-24,19701.7,19719.3,19701.7,19717.15,14:55:00,19731.12453587908,0,69
2023-07-24,19678.2,19701.8,19674.9,19701.8,15:00:00,19726.0841038906,0,70
2023-07-24,19690.35,19690.35,19664.5,19679.0,15:05:00,19722.680855901017,0,71
2023-07-24,19670.9,19692.05,19670.65,19689.7,15:10:00,19717.74934581521,0,72
2023-07-24,19665.7,19675.4,19663.7,19671.35,15:15:00,19712.79226526137,0,73
2023-07-24,19668.35,19677.05,19664.1,19665.45,15:20:00,19708.55966856982,0,74
2023-07-24,19665.4,19671.5,19659.6,19668.5,15:25:00,19704.449223944124,0,75
2023-07-25,19691.6,19710.05,19687.95,19698.3,09:15:00,19703.07476155064,1,1
2023-07-25,19687.7,19697.15,19679.5,19690.95,09:20:00,19701.61049854581,1,2
2023-07-25,19677.25,19698.45,19673.95,19687.9,09:25:00,19699.29045106526,1,3
2023-07-25,19703.2,19704.2,19675.55,19676.8,09:30:00,19699.662789059043,1,4
2023-07-25,19681.85,19704.1,19679.35,19701.65,09:35:00,19697.96633295818,1,5
2023-07-25,19688.4,19696.75,19682.25,19683.75,09:40:00,19697.05525362883,1,6
2023-07-25,19673.3,19689.75,19671.3,19688.0,09:45:00,19694.792848521323,1,7
2023-07-25,19674.0,19674.65,19663.2,19673.6,09:50:00,19692.81257723358,1,8
2023-07-25,19676.5,19685.4,19671.1,19673.8,09:55:00,19691.25899844943,1,9
2023-07-25,19677.85,19683.45,19670.75,19677.3,10:00:00,19689.981950978054,1,10
2023-07-25,19686.25,19687.6,19677.6,19678.4,10:05:00,19689.62652707538,1,11
2023-07-25,19678.75,19691.3,19678.05,19686.85,10:10:00,19688.59066735392,1,12
2023-07-25,19668.45,19679.95,19667.6,19678.2,10:15:00,19686.672508558306,1,13
2023-07-25,19669.6,19671.85,19666.4,19668.5,10:20:00,19685.046555362274,1,14
2023-07-25,19660.35,19674.65,19657.8,19669.3,10:25:00,19682.69450247063,1,15
2023-07-25,19667.4,19669.95,19660.2,19660.2,10:30:00,19681.23788318771,1,16
2023-07-25,19673.45,19673.45,19665.85,19668.15,10:35:00,19680.496180026978,1,17
2023-07-25,19678.35,19684.75,19673.0,19674.05,10:40:00,19680.29178192917,1,18
2023-07-25,19684.75,19685.65,19677.95,19679.35,10:45:00,19680.71637412639,1,19
2023-07-25,19679.4,19685.25,19676.7,19684.0,10:50:00,19680.59100516197,1,20
2023-07-25,19670.95,19682.3,19669.25,19679.65,10:55:00,19679.672814194168,1,21
2023-07-25,19662.15,19674.05,19662.15,19670.95,11:00:00,19678.003974747106,1,22
2023-07-25,19666.6,19668.1,19652.3,19661.15,11:05:00,19676.917881914043,1,23
2023-07-25,19673.15,19680.45,19665.8,19666.85,11:10:00,19676.55903601747,1,24
2023-07-25,19668.1,19674.85,19666.55,19673.4,11:15:00,19675.753413539616,1,25
2023-07-25,19668.55,19670.8,19664.5,19667.5,11:20:00,19675.067374154893,1,26
2023-07-25,19669.95,19675.1,19666.15,19668.55,11:25:00,19674.58000518776,1,27
2023-07-25,19661.55,19672.7,19658.9,19669.95,11:30:00,19673.33905231273,1,28
2023-07-25,19668.55,19670.4,19661.5,19661.55,11:35:00,19672.88295209248,1,29
2023-07-25,19659.4,19669.35,19657.3,19668.65,11:40:00,19671.598861417,1,30
2023-07-25,19657.95,19663.95,19648.3,19658.85,11:45:00,19670.29896985348,1,31
2023-07-25,19663.2,19665.15,19658.05,19658.05,11:50:00,19669.62287748648,1,32
2023-07-25,19665.3,19674.55,19662.0,19662.4,11:55:00,19669.21117486872,1,33
2023-07-25,19666.0,19667.7,19660.75,19665.55,12:00:00,19668.905348690743,1,34
2023-07-25,19667.3,19669.65,19663.5,19665.6,12:05:00,19668.752458339244,1,35
2023-07-25,19676.7,19678.6,19665.75,19667.15,12:10:00,19669.50936706884,1,36
2023-07-25,19684.6,19687.3,19674.75,19676.25,12:15:00,19670.946570205146,1,37
2023-07-25,19685.75,19689.65,19679.4,19684.65,12:20:00,19672.3564206618,1,38
2023-07-25,19680.1,19686.15,19677.2,19685.25,12:25:00,19673.09390440829,1,39
2023-07-25,19701.0,19701.1,19680.9,19681.3,12:30:00,19675.751627797978,1,40
2023-07-25,19703.8,19703.8,19695.25,19700.65,12:35:00,19678.422901341022,1,41
2023-07-25,19686.7,19707.45,19685.5,19703.4,12:40:00,19679.211196451404,1,42
2023-07-25,19677.2,19694.85,19675.65,19685.9,12:45:00,19679.019653932224,1,43
2023-07-25,19684.2,19688.2,19677.4,19677.55,12:50:00,19679.5130202244,1,44
2023-07-25,19689.55,19690.5,19683.25,19684.55,12:55:00,19680.468923060165,1,45
2023-07-25,19690.5,19694.7,19687.6,19689.25,13:00:00,19681.424263721103,1,46
2023-07-25,19686.3,19696.9,19685.7,19690.7,13:05:00,19681.88861955719,1,47
2023-07-25,19667.25,19687.65,19666.75,19687.65,13:10:00,19680.494465313648,1,48
2023-07-25,19652.95,19669.85,19649.15,19667.1,13:15:00,19677.871182902825,1,49
2023-07-25,19635.4,19658.55,19631.1,19653.45,13:20:00,19673.826308340653,1,50
2023-07-25,19637.4,19643.25,19627.4,19636.75,13:25:00,19670.35713611773,1,51
2023-07-25,19621.45,19639.7,19621.3,19636.55,13:30:00,19665.69931363033,1,52
2023-07-25,19639.6,19643.4,19616.65,19620.95,13:35:00,19663.21366471316,1,53
2023-07-25,19653.55,19655.3,19629.75,19639.8,13:40:00,19662.29331569286,1,54
2023-07-25,19664.95,19666.7,19650.9,19653.3,13:45:00,19662.54633324592,1,55
2023-07-25,19644.9,19666.45,19638.55,19665.65,13:50:00,19660.86573007964,1,56
2023-07-25,19653.95,19659.55,19643.5,19644.95,13:55:00,19660.207089119674,1,57
2023-07-25,19660.1,19660.1,19649.95,19655.05,14:00:00,19660.19689015589,1,58
2023-07-25,19653.75,19667.4,19652.45,19660.65,14:05:00,19659.582900617235,1,59
2023-07-25,19659.7,19665.05,19651.8,19653.85,14:10:00,19659.594052939403,1,60
2023-07-25,19677.85,19684.0,19660.65,19660.95,14:15:00,19661.33271456422,1,61
2023-07-25,19686.3,19695.1,19677.9,19678.3,14:20:00,19663.7105512724,1,62
2023-07-25,19684.1,19694.0,19676.75,19687.0,14:25:00,19665.652403532167,1,63
2023-07-25,19696.85,19698.2,19677.55,19682.9,14:30:00,19668.623603195767,1,64
2023-07-25,19693.35,19701.85,19687.15,19696.75,14:35:00,19670.9784981295,1,65
2023-07-25,19693.05,19699.0,19688.1,19693.05,14:40:00,19673.08054592669,1,66
2023-07-25,19684.25,19692.5,19671.55,19692.4,14:45:00,19674.144303457484,1,67
2023-07-25,19699.6,19699.6,19678.1,19684.15,14:50:00,19676.568655509152,1,68
2023-07-25,19701.7,19706.05,19691.5,19700.4,14:55:00,19678.96211688924,1,69
2023-07-25,19691.0,19705.2,19688.0,19701.3,15:00:00,19680.1085819474,1,70
2023-07-25,19677.3,19691.5,19674.95,19690.45,15:05:00,19679.84109795241,1,71
2023-07-25,19674.65,19680.15,19666.4,19676.15,15:10:00,19679.346707671222,1,72
2023-07-25,19676.35,19678.75,19673.4,19674.05,15:15:00,19679.061306940635,1,73
2023-07-25,19679.55,19683.05,19671.25,19675.75,15:20:00,19679.10784913677,1,74
2023-07-25,19678.85,19681.45,19669.0,19679.25,15:25:00,19679.083292076124,1,75
2023-07-26,19724.8,19744.8,19716.75,19733.35,09:15:00,19688.113307119,2,1
2023-07-26,19748.7,19750.45,19717.95,19724.35,09:20:00,19693.88346834576,2,2
2023-07-26,19753.9,19762.25,19745.5,19748.35,09:25:00,19699.599328503307,2,3
2023-07-26,19756.8,19761.0,19747.15,19753.35,09:30:00,19705.04701150299,2,4
2023-07-26,19753.05,19765.7,19751.3,19756.85,09:35:00,19709.61872469318,2,5
2023-07-26,19762.9,19764.15,19746.3,19752.65,09:40:00,19714.69313186526,2,6
2023-07-26,19769.0,19773.45,19755.1,19762.8,09:45:00,19719.86521454476,2,7
2023-07-26,19789.15,19790.5,19765.35,19768.65,09:50:00,19726.4637655405,2,8
2023-07-26,19796.15,19804.05,19783.0,19789.5,09:55:00,19733.100549774736,2,9
2023-07-26,19794.05,19800.15,19791.15,19795.8,10:00:00,19738.90525932,2,10
2023-07-26,19805.9,19814.15,19794.3,19794.45,10:05:00,19745.28571081333,2,11
2023-07-26,19815.7,19819.1,19800.9,19807.6,10:10:00,19751.991833593016,2,12
2023-07-26,19800.0,19818.1,19799.85,19815.85,10:15:00,19756.56403991749,2,13
2023-07-26,19815.2,19815.6,19800.6,19800.6,10:20:00,19762.14841706821,2,14
2023-07-26,19819.5,19819.75,19810.7,19815.9,10:25:00,19767.61047258552,2,15
2023-07-26,19818.1,19819.85,19807.7,19819.5,10:30:00,19772.41899900595,2,16
2023-07-26,19812.5,19825.1,19810.25,19818.6,10:35:00,19776.23623719586,2,17
2023-07-26,19808.9,19815.8,19807.95,19813.05,10:40:00,19779.347071748634,2,18
2023-07-26,19808.9,19811.55,19803.3,19808.75,10:45:00,19782.161636344,2,19
2023-07-26,19802.4,19813.6,19801.05,19808.95,10:50:00,19784.089099549336,2,20
2023-07-26,19800.45,19806.0,19796.55,19802.85,10:55:00,19785.64728054464,2,21
2023-07-26,19808.85,19810.35,19796.4,19800.9,11:00:00,19787.857063349908,2,22
2023-07-26,19809.6,19812.65,19808.15,19809.25,11:05:00,19789.927819221342,2,23
2023-07-26,19804.4,19811.0,19803.4,19809.15,11:10:00,19791.306122152644,2,24
2023-07-26,19794.45,19805.25,19791.9,19804.85,11:15:00,19791.605539090488,2,25
2023-07-26,19807.15,19807.15,19793.8,19795.9,11:20:00,19793.08596393901,2,26
2023-07-26,19797.25,19806.95,19795.7,19806.1,11:25:00,19793.482538801967,2,27
2023-07-26,19794.0,19801.0,19793.15,19797.3,11:30:00,19793.53182082083,2,28
2023-07-26,19800.25,19803.4,19792.15,19794.2,11:35:00,19794.171647409323,2,29
2023-07-26,19795.9,19803.35,19795.2,19800.25,11:40:00,19794.33625241796,2,30
2023-07-26,19800.0,19801.05,19788.25,19796.95,11:45:00,19794.87565694958,2,31
2023-07-26,19804.2,19807.15,19799.6,19800.7,11:50:00,19795.76368962105,2,32
2023-07-26,19806.2,19808.45,19801.3,19805.0,11:55:00,19796.757623942853,2,33
2023-07-26,19814.4,19815.85,19802.0,19805.45,12:00:00,19798.437850234008,2,34
2023-07-26,19811.0,19817.8,19809.85,19814.9,12:05:00,19799.63424544981,2,35
2023-07-26,19812.4,19814.6,19807.1,19810.9,12:10:00,19800.85003159745,2,36
2023-07-26,19817.5,19818.3,19810.65,19812.5,12:15:00,19802.435742873888,2,37
2023-07-26,19812.4,19819.05,19811.4,19817.6,12:20:00,19803.384719743044,2,38
2023-07-26,19814.35,19815.55,19808.9,19812.05,12:25:00,19804.429032148462,2,39
2023-07-26,19809.05,19816.2,19804.1,19814.35,12:30:00,19804.869124324803,2,40
2023-07-26,19799.6,19809.15,19797.6,19808.85,12:35:00,19804.36730296053,2,41
2023-07-26,19796.45,19804.15,19794.2,19799.85,12:40:00,19803.61327410716,2,42
2023-07-26,19805.85,19806.1,19794.35,19796.85,12:45:00,19803.82629562076,2,43
2023-07-26,19802.35,19808.9,19800.6,19806.05,12:50:00,19803.68569603783,2,44
2023-07-26,19793.7,19803.2,19793.45,19803.05,12:55:00,19802.73467736756,2,45
2023-07-26,19788.65,19793.6,19777.9,19793.35,13:00:00,19801.393279523032,2,46
2023-07-26,19782.55,19791.7,19780.8,19789.1,13:05:00,19799.59868147322,2,47
2023-07-26,19790.95,19790.95,19782.85,19783.1,13:10:00,19798.77499752339,2,48
2023-07-26,19801.45,19805.55,19790.25,19790.25,13:15:00,19799.029759664016,2,49
2023-07-26,19801.85,19811.3,19799.75,19803.1,13:20:00,19799.29835398173,2,50
2023-07-26,19805.6,19811.35,19801.45,19801.6,13:25:00,19799.898510745374,2,51
2023-07-26,19801.9,19806.6,19798.2,19805.1,13:30:00,19800.089128769625,2,52
2023-07-26,19803.2,19810.1,19800.9,19800.9,13:35:00,19800.385402220138,2,53
2023-07-26,19800.5,19803.55,19797.55,19802.85,13:40:00,19800.39631629441,2,54
2023-07-26,19795.8,19802.1,19791.25,19800.3,13:45:00,19799.958571885418,2,55
2023-07-26,19790.7,19802.35,19788.85,19793.65,13:50:00,19799.076803134423,2,56
2023-07-26,19799.8,19799.8,19788.2,19790.5,13:55:00,19799.145679026384,2,57
2023-07-26,19797.1,19801.95,19790.35,19799.25,14:00:00,19798.950852452443,2,58
2023-07-26,19801.1,19805.2,19795.7,19797.35,14:05:00,19799.15553317125,2,59
2023-07-26,19792.7,19802.1,19790.6,19801.6,14:10:00,19798.54072048828,2,60
2023-07-26,19801.9,19803.15,19791.0,19791.85,14:15:00,19798.86065187035,2,61
2023-07-26,19814.15,19818.15,19801.45,19801.45,14:20:00,19800.31678026365,2,62
2023-07-26,19822.85,19822.95,19810.55,19814.5,14:25:00,19802.462801190923,2,63
2023-07-26,19813.9,19824.9,19812.95,19822.95,14:30:00,19803.55205822036,2,64
2023-07-26,19791.5,19815.3,19790.6,19814.05,14:35:00,19802.404243151752,2,65
2023-07-26,19791.95,19793.0,19780.7,19791.2,14:40:00,19801.408600946823,2,66
2023-07-26,19774.8,19793.7,19772.3,19791.25,14:45:00,19798.874448475697,2,67
2023-07-26,19757.45,19775.05,19757.4,19774.65,14:50:00,19794.929262906586,2,68
2023-07-26,19763.65,19766.1,19747.4,19757.75,14:55:00,19791.95028548691,2,69
2023-07-26,19779.35,19785.45,19764.8,19766.45,15:00:00,19790.75025829768,2,70
2023-07-26,19775.9,19779.1,19770.05,19779.0,15:05:00,19789.33594798361,2,71
2023-07-26,19784.7,19784.75,19773.75,19775.95,15:10:00,19788.894429128035,2,72
2023-07-26,19779.6,19785.75,19776.9,19784.35,15:15:00,19788.00924540156,2,73
2023-07-26,19778.15,19784.4,19777.35,19779.3,15:20:00,19787.070269649023,2,74
2023-07-26,19773.1,19778.85,19769.4,19777.65,15:25:00,19785.739767777693,2,75
2023-07-27,19855.9,19857.55,19825.05,19850.9,09:15:00,19798.036408543645,3,1
2023-07-27,19848.45,19863.65,19843.65,19857.35,09:20:00,19802.83770296806,3,2
2023-07-27,19844.4,19858.1,19839.9,19848.2,09:25:00,19806.796016971104,3,3
2023-07-27,19847.1,19848.65,19839.65,19841.9,09:30:00,19810.634491545286,3,4
2023-07-27,19866.55,19867.15,19847.5,19847.55,09:35:00,19815.959778064785,3,5
2023-07-27,19855.65,19867.5,19855.1,19866.75,09:40:00,19819.73979920147,3,6
2023-07-27,19831.65,19857.2,19831.45,19856.15,09:45:00,19820.874104039427,3,7
2023-07-27,19832.25,19836.2,19821.55,19833.2,09:50:00,19821.95752270233,3,8
2023-07-27,19815.3,19842.45,19812.4,19831.6,09:55:00,19821.323472921165,3,9
2023-07-27,19811.2,19819.05,19809.35,19814.15,10:00:00,19820.35933264296,3,10
2023-07-27,19803.9,19823.3,19802.75,19810.7,10:05:00,19818.79177715315,3,11
2023-07-27,19806.65,19809.9,19798.8,19804.7,10:10:00,19817.63541742428,3,12
2023-07-27,19813.0,19820.1,19805.25,19807.3,10:15:00,19817.19394909816,3,13
2023-07-27,19810.3,19813.15,19807.05,19810.85,10:20:00,19816.53738251738,3,14
2023-07-27,19815.35,19820.6,19808.7,19810.15,10:25:00,19816.424298468108,3,15
2023-07-27,19804.05,19817.3,19798.4,19815.0,10:30:00,19815.245793852097,3,16
2023-07-27,19804.65,19806.6,19800.2,19804.5,10:35:00,19814.236670628088,3,17
2023-07-27,19801.65,19807.35,19792.85,19804.9,10:40:00,19813.03794009208,3,18
2023-07-27,19800.7,19806.25,19798.7,19801.5,10:45:00,19811.862898178548,3,19
2023-07-27,19801.0,19814.15,19797.5,19801.0,10:50:00,19810.82833644725,3,20
2023-07-27,19795.3,19812.2,19791.8,19800.85,10:55:00,19809.349447261804,3,21
2023-07-27,19779.2,19798.15,19779.2,19796.3,11:00:00,19806.47807133211,3,22
2023-07-27,19787.9,19794.1,19778.7,19779.9,11:05:00,19804.70873120524,3,23
2023-07-27,19780.6,19790.6,19780.4,19788.8,11:10:00,19802.412661566643,3,24
2023-07-27,19765.15,19781.05,19757.6,19781.05,11:15:00,19798.86383665553,3,25
2023-07-27,19747.95,19767.25,19745.8,19764.8,11:20:00,19794.0148998312,3,26
2023-07-27,19735.7,19749.25,19729.8,19747.4,11:25:00,19788.461099847274,3,27
2023-07-27,19726.35,19746.9,19725.45,19737.5,11:30:00,19782.54575700468,3,28
2023-07-27,19739.2,19740.2,19724.25,19726.05,11:35:00,19778.417589670906,3,29
2023-07-27,19735.3,19747.7,19733.1,19739.45,11:40:00,19774.31115255939,3,30
2023-07-27,19726.4,19738.75,19726.4,19735.75,11:45:00,19769.74818564897,3,31
2023-07-27,19736.95,19736.95,19719.1,19726.65,11:50:00,19766.6245489205,3,32
2023-07-27,19753.55,19754.25,19736.55,19737.25,11:55:00,19765.37935378521,3,33
2023-07-27,19742.4,19755.95,19742.2,19754.1,12:00:00,19763.19084390091,3,34
2023-07-27,19741.7,19748.75,19737.1,19743.6,12:05:00,19761.14409686273,3,35
2023-07-27,19740.05,19746.7,19738.0,19741.15,12:10:00,19759.135135256754,3,36
2023-07-27,19738.1,19741.35,19731.45,19739.8,12:15:00,19757.131789041825,3,37
2023-07-27,19744.85,19745.8,19738.25,19738.5,12:20:00,19755.962094847368,3,38
2023-07-27,19737.75,19745.65,19735.0,19745.65,12:25:00,19754.22760962381,3,39
2023-07-27,19724.25,19738.3,19722.65,19737.85,12:30:00,19751.372599183447,3,40
2023-07-27,19718.8,19731.45,19718.8,19724.3,12:35:00,19748.270446880266,3,41
2023-07-27,19729.3,19733.05,19716.15,19717.95,12:40:00,19746.46373765357,3,42
2023-07-27,19735.85,19737.55,19722.5,19730.25,12:45:00,19745.452905496088,3,43
2023-07-27,19730.0,19739.9,19728.7,19735.85,12:50:00,19743.981200210743,3,44
2023-07-27,19721.85,19730.3,19718.35,19730.3,12:55:00,19741.87346685734,3,45
2023-07-27,19700.45,19726.7,19700.15,19722.4,13:00:00,19737.92837477569,3,46
2023-07-27,19715.55,19715.75,19699.1,19700.35,13:05:00,19735.79710098753,3,47
2023-07-27,19731.25,19732.2,19712.45,19715.1,13:10:00,19735.364043750626,3,48
2023-07-27,19736.85,19738.85,19725.4,19731.8,13:15:00,19735.50556339342,3,49
2023-07-27,19728.85,19746.0,19724.15,19736.7,13:20:00,19734.87170021309,3,50
2023-07-27,19704.4,19733.4,19704.4,19729.85,13:25:00,19731.96963352613,3,51
2023-07-27,19691.6,19707.65,19686.35,19706.05,13:30:00,19728.12490652364,3,52
2023-07-27,19699.4,19704.55,19691.3,19691.5,13:35:00,19725.38920114044,3,53
2023-07-27,19700.95,19704.25,19691.55,19699.3,13:40:00,19723.061658174684,3,54
2023-07-27,19683.4,19706.1,19681.95,19700.55,13:45:00,19719.28435739614,3,55
2023-07-27,19694.3,19696.15,19682.65,19682.65,13:50:00,19716.904894786985,3,56
2023-07-27,19707.8,19710.85,19690.95,19694.2,13:55:00,19716.03776195013,3,57
2023-07-27,19690.7,19707.45,19688.05,19705.7,14:00:00,19713.624641764403,3,58
2023-07-27,19690.3,19692.7,19682.05,19689.65,14:05:00,19711.40324731065,3,59
2023-07-27,19695.95,19702.35,19688.75,19690.1,14:10:00,19709.93150947154,3,60
2023-07-27,19681.8,19705.95,19679.8,19697.85,14:15:00,19707.2523180933,3,61
2023-07-27,19671.35,19683.95,19665.5,19682.3,14:20:00,19703.833049703466,3,62
2023-07-27,19664.2,19674.5,19662.9,19671.15,14:25:00,19700.058473541227,3,63
2023-07-27,19658.1,19667.1,19651.75,19665.2,14:30:00,19696.062428442063,3,64
2023-07-27,19620.8,19658.9,19618.8,19657.85,14:35:00,19688.89457811425,3,65
2023-07-27,19629.7,19630.8,19615.8,19621.05,14:40:00,19683.256999246227,3,66
2023-07-27,19634.95,19637.65,19626.85,19630.5,14:45:00,19678.65633265135,3,67
2023-07-27,19614.85,19639.7,19612.65,19634.15,14:50:00,19672.579539065508,3,68
2023-07-27,19606.3,19621.7,19603.85,19615.35,14:55:00,19666.267202011648,3,69
2023-07-27,19632.1,19637.1,19605.6,19605.95,15:00:00,19663.013182772444,3,70
2023-07-27,19650.3,19652.4,19631.6,19631.6,15:05:00,19661.802403460784,3,71
2023-07-27,19664.7,19665.95,19645.45,19649.45,15:10:00,19662.078365035948,3,72
2023-07-27,19677.05,19678.75,19657.2,19664.65,15:15:00,19663.504235032524,3,73
2023-07-27,19695.65,19697.95,19666.8,19677.35,15:20:00,19666.565736458,3,74
2023-07-27,19700.2,19708.65,19694.15,19695.3,15:25:00,19669.768999652475,3,75
2023-07-28,19629.2,19692.05,19619.15,19659.75,09:15:00,19665.04197023706,4,1
2023-07-28,19617.6,19632.8,19600.0,19630.45,09:20:00,19660.523687357338,4,2
2023-07-28,19609.8,19618.45,19599.45,19616.5,09:25:00,19655.69285998997,4,3
2023-07-28,19633.6,19638.65,19608.9,19609.65,09:30:00,19653.58877808616,4,4
2023-07-28,19650.4,19653.0,19616.45,19633.7,09:35:00,19653.28508493509,4,5
2023-07-28,19636.2,19651.85,19633.85,19650.75,09:40:00,19651.657933988896,4,6
2023-07-28,19642.25,19648.45,19631.8,19637.0,09:45:00,19650.761940275668,4,7
2023-07-28,19663.15,19663.9,19641.7,19642.35,09:50:00,19651.94175548751,4,8
2023-07-28,19645.9,19666.1,19644.2,19664.8,09:55:00,19651.366350202985,4,9
2023-07-28,19622.45,19648.95,19621.5,19646.35,10:00:00,19648.612412088416,4,10
2023-07-28,19611.9,19624.7,19607.9,19622.0,10:05:00,19645.11599188952,4,11
2023-07-28,19618.5,19624.2,19609.9,19610.5,10:10:00,19642.58113551909,4,12
2023-07-28,19625.3,19628.25,19612.7,19618.65,10:15:00,19640.9353130887,4,13
2023-07-28,19609.8,19626.2,19596.05,19625.95,10:20:00,19637.970045175487,4,14
2023-07-28,19616.6,19624.7,19608.15,19608.95,10:25:00,19635.93480277782,4,15
2023-07-28,19626.8,19627.2,19608.65,19616.9,10:30:00,19635.064821560885,4,16
2023-07-28,19630.75,19631.85,19622.25,19625.65,10:35:00,19634.65388617413,4,17
2023-07-28,19630.35,19639.65,19629.2,19630.5,10:40:00,19634.243992252785,4,18
2023-07-28,19637.1,19641.05,19622.65,19630.3,10:45:00,19634.51599299061,4,19
2023-07-28,19636.45,19642.25,19633.1,19637.25,10:50:00,19634.700184134366,4,20
2023-07-28,19615.75,19636.0,19612.2,19636.0,10:55:00,19632.895404693,4,21
2023-07-28,19619.75,19623.25,19612.65,19615.1,11:00:00,19631.643461388907,4,22
2023-07-28,19623.45,19626.4,19616.05,19619.6,11:05:00,19630.86313173282,4,23
2023-07-28,19607.7,19623.4,19607.7,19623.2,11:10:00,19628.65711918684,4,24
2023-07-28,19592.65,19607.75,19587.8,19607.5,11:15:00,19625.22786974048,4,25
2023-07-28,19601.2,19610.9,19592.4,19592.65,11:20:00,19622.93950119376,4,26
2023-07-28,19607.45,19616.3,19594.55,19601.5,11:25:00,19621.46431060388,4,27
2023-07-28,19605.45,19609.3,19601.6,19607.65,11:30:00,19619.939138165413,4,28
2023-07-28,19596.0,19609.65,19595.6,19605.45,11:35:00,19617.659220244896,4,29
2023-07-28,19584.25,19597.4,19581.9,19596.35,11:40:00,19614.47738974538,4,30
2023-07-28,19593.55,19593.6,19579.5,19584.5,11:45:00,19612.484305007725,4,31
2023-07-28,19600.95,19603.35,19591.2,19594.1,11:50:00,19611.385799768894,4,32
2023-07-28,19599.05,19603.65,19594.5,19601.95,11:55:00,19610.210961695662,4,33
2023-07-28,19583.7,19600.55,19582.6,19599.2,12:00:00,19607.68610820084,4,34
2023-07-28,19588.0,19588.65,19573.85,19583.15,12:05:00,19605.81124075314,4,35
2023-07-28,19579.95,19588.55,19575.35,19587.75,12:10:00,19603.34826544332,4,36
2023-07-28,19574.7,19580.45,19565.25,19579.6,12:15:00,19600.61985921062,4,37
2023-07-28,19578.55,19590.4,19573.0,19574.8,12:20:00,19598.517967857224,4,38
2023-07-28,19584.9,19587.75,19577.7,19578.6,12:25:00,19597.22101853749,4,39
2023-07-28,19584.25,19592.8,19581.7,19585.5,12:30:00,19595.98568343868,4,40
2023-07-28,19600.2,19600.5,19583.5,19585.3,12:35:00,19596.38704692072,4,41
2023-07-28,19604.85,19609.05,19596.4,19598.6,12:40:00,19597.193042452072,4,42
2023-07-28,19584.9,19605.55,19584.8,19604.9,12:45:00,19596.022276504256,4,43
2023-07-28,19587.85,19591.55,19583.95,19584.85,12:50:00,19595.24396445624,4,44
2023-07-28,19587.7,19590.75,19582.2,19588.45,12:55:00,19594.52549165088,4,45
2023-07-28,19603.75,19604.1,19587.9,19587.9,13:00:00,19595.40401625556,4,46
2023-07-28,19603.9,19611.2,19601.7,19603.6,13:05:00,19596.21315756455,4,47
2023-07-28,19607.75,19609.85,19599.6,19603.7,13:10:00,19597.311904463168,4,48
2023-07-28,19603.4,19608.05,19595.35,19608.05,13:15:00,19597.89172308572,4,49
2023-07-28,19585.75,19604.3,19584.8,19603.0,13:20:00,19596.735368506128,4,50
2023-07-28,19590.9,19591.15,19583.2,19585.2,13:25:00,19596.179619124592,4,51
2023-07-28,19596.95,19598.5,19587.35,19591.15,13:30:00,19596.25298873177,4,52
2023-07-28,19582.1,19597.3,19581.05,19597.15,13:35:00,19594.905085043032,4,53
2023-07-28,19565.6,19583.05,19564.5,19581.5,13:40:00,19592.114124562744,4,54
2023-07-28,19570.75,19573.1,19563.6,19565.6,13:45:00,19590.07944603296,4,55
2023-07-28,19580.7,19582.7,19570.75,19570.85,13:50:00,19589.186165458388,4,56
2023-07-28,19588.05,19588.2,19573.25,19580.55,13:55:00,19589.07795922425,4,57
2023-07-28,19581.35,19589.55,19578.7,19588.9,14:00:00,19588.34196310766,4,58
2023-07-28,19593.6,19598.95,19581.35,19581.85,14:05:00,19588.84272852598,4,59
2023-07-28,19597.45,19598.2,19585.35,19593.55,14:10:00,19589.662468666364,4,60
2023-07-28,19602.55,19606.35,19595.5,19597.7,14:15:00,19590.8898526029,4,61
2023-07-28,19621.75,19624.5,19599.6,19602.0,14:20:00,19593.828914259768,4,62
2023-07-28,19618.35,19628.45,19613.45,19621.6,14:25:00,19596.16425575884,4,63
2023-07-28,19586.95,19622.4,19585.65,19618.4,14:30:00,19595.28670759133,4,64
2023-07-28,19598.0,19601.6,19581.6,19586.75,14:35:00,19595.54511639216,4,65
2023-07-28,19589.85,19605.45,19583.85,19597.45,14:40:00,19595.00272435481,4,66
2023-07-28,19622.0,19625.8,19588.8,19589.8,14:45:00,19597.57389346388,4,67
2023-07-28,19615.05,19627.3,19613.55,19620.7,14:50:00,19599.238284562554,4,68
2023-07-28,19626.05,19626.7,19604.65,19615.1,14:55:00,19601.791781270884,4,69
2023-07-28,19650.65,19653.95,19624.85,19625.85,15:00:00,19606.44494495937,4,70
2023-07-28,19660.1,19663.55,19650.75,19652.0,15:05:00,19611.55495020134,4,71
2023-07-28,19651.8,19662.85,19646.55,19658.55,15:10:00,19615.387812086923,4,72
2023-07-28,19652.0,19656.25,19647.3,19650.95,15:15:00,19618.874687126263,4,73
2023-07-28,19638.45,19652.65,19636.55,19651.7,15:20:00,19620.739002638045,4,74
2023-07-28,19638.0,19643.6,19634.0,19638.4,15:25:00,19622.38290714871,4,75
2023-07-31,19613.8,19676.05,19605.1,19666.35,09:15:00,19625.35403510359,0,1
2023-07-31,19617.65,19623.0,19599.15,19614.5,09:20:00,19624.62031747468,0,2
2023-07-31,19632.1,19633.3,19616.65,19616.65,09:25:00,19625.33266819137,0,3
2023-07-31,19645.3,19646.5,19620.25,19632.3,09:30:00,19627.23431883981,0,4
2023-07-31,19647.95,19648.8,19635.8,19645.15,09:35:00,19629.20724085507,0,5
2023-07-31,19644.3,19656.8,19644.3,19648.15,09:40:00,19630.64464648792,0,6
2023-07-31,19654.45,19655.1,19639.95,19644.05,09:45:00,19632.91182301288,0,7
2023-07-31,19657.65,19662.3,19652.2,19653.95,09:50:00,19635.2678398688,0,8
2023-07-31,19657.05,19658.0,19648.15,19657.7,09:55:00,19637.34233130986,0,9
2023-07-31,19667.4,19668.15,19657.05,19657.75,10:00:00,19640.204966423207,0,10
2023-07-31,19665.5,19672.0,19663.85,19667.3,10:05:00,19642.614017240045,0,11
2023-07-31,19672.95,19674.45,19665.05,19666.1,10:10:00,19645.50315845528,0,12
2023-07-31,19668.0,19677.55,19667.75,19673.15,10:15:00,19647.64571479288,0,13
2023-07-31,19672.5,19677.5,19663.95,19668.35,10:20:00,19650.012789574503,0,14
2023-07-31,19676.35,19676.8,19669.75,19672.75,10:25:00,19652.52109532932,0,15
2023-07-31,19662.9,19678.3,19661.15,19676.55,10:30:00,19653.50956244081,0,16
2023-07-31,19682.0,19682.95,19660.0,19663.4,10:35:00,19656.222937446448,0,17
2023-07-31,19684.9,19691.85,19681.45,19682.05,10:40:00,19658.95408626107,0,18
2023-07-31,19692.55,19692.55,19678.8,19685.05,10:45:00,19662.15369709335,0,19
2023-07-31,19691.3,19693.5,19688.0,19691.6,10:50:00,19664.92953546541,0,20
2023-07-31,19691.25,19693.75,19683.95,19691.0,10:55:00,19667.436246373465,0,21
2023-07-31,19698.05,19699.2,19691.05,19691.55,11:00:00,19670.351841956945,0,22
2023-07-31,19692.8,19698.75,19690.25,19698.75,11:05:00,19672.48976177057,0,23
2023-07-31,19693.5,19697.2,19691.65,19692.95,11:10:00,19674.49073684004,0,24
2023-07-31,19689.15,19693.6,19686.15,19692.95,11:15:00,19675.886857140988,0,25
2023-07-31,19700.5,19701.7,19689.55,19690.35,11:20:00,19678.230965984705,0,26
2023-07-31,19715.3,19716.0,19699.85,19700.1,11:25:00,19681.76135017664,0,27
2023-07-31,19702.65,19719.7,19702.65,19715.75,11:30:00,19683.750745397912,0,28
2023-07-31,19709.15,19709.15,19700.75,19702.5,11:35:00,19686.169722026683,0,29
2023-07-31,19709.7,19711.2,19704.6,19709.1,11:40:00,19688.410700881283,0,30
2023-07-31,19704.55,19713.7,19700.8,19710.5,11:45:00,19689.947776987825,0,31
2023-07-31,19692.15,19706.6,19688.05,19703.95,11:50:00,19690.1575125128,0,32
2023-07-31,19698.75,19701.35,19691.65,19691.65,11:55:00,19690.97584465444,0,33
2023-07-31,19697.3,19700.0,19693.95,19698.65,12:00:00,19691.57814516353,0,34
2023-07-31,19694.6,19700.7,19691.05,19698.2,12:05:00,19691.865940862248,0,35
2023-07-31,19707.6,19710.25,19693.45,19694.3,12:10:00,19693.36442268489,0,36
2023-07-31,19700.05,19711.45,19693.55,19708.1,12:15:00,19694.00114433395,0,37
2023-07-31,19694.65,19703.65,19694.65,19700.35,12:20:00,19694.06294011167,0,38
2023-07-31,19687.75,19696.4,19685.65,19695.55,12:25:00,19693.46170772008,0,39
2023-07-31,19684.65,19691.9,19680.9,19687.2,12:30:00,19692.622497461027,0,40
2023-07-31,19677.65,19685.15,19677.35,19684.35,12:35:00,19691.19654532188,0,41
2023-07-31,19683.65,19688.0,19676.95,19676.95,12:40:00,19690.4778267198,0,42
2023-07-31,19687.35,19689.2,19674.25,19684.3,12:45:00,19690.17993846077,0,43
2023-07-31,19698.75,19699.75,19685.45,19687.2,12:50:00,19690.99613479784,0,44
2023-07-31,19698.35,19703.55,19694.45,19699.55,12:55:00,19691.69650291233,0,45
2023-07-31,19695.65,19699.6,19690.8,19697.9,13:00:00,19692.07302644449,0,46
2023-07-31,19691.2,19696.55,19685.7,19696.3,13:05:00,19691.989881068825,0,47
2023-07-31,19700.55,19701.75,19685.15,19691.2,13:10:00,19692.80513049084,0,48
2023-07-31,19703.75,19707.7,19696.85,19700.3,13:15:00,19693.847499015523,0,49
2023-07-31,19705.3,19708.0,19699.85,19703.55,13:20:00,19694.938213395,0,50
2023-07-31,19708.8,19710.35,19696.85,19705.3,13:25:00,19696.25838354785,0,51
2023-07-31,19711.1,19717.55,19707.7,19708.5,13:30:00,19697.67187082901,0,52
2023-07-31,19717.7,19717.8,19708.45,19711.1,13:35:00,19699.57931170244,0,53
2023-07-31,19712.8,19719.65,19709.9,19717.1,13:40:00,19700.83842487364,0,54
2023-07-31,19715.55,19719.2,19710.95,19712.5,13:45:00,19702.239527266625,0,55
2023-07-31,19714.65,19716.5,19710.3,19715.8,13:50:00,19703.42147705076,0,56
2023-07-31,19702.85,19714.9,19697.5,19714.9,13:55:00,19703.36705066497,0,57
2023-07-31,19722.25,19723.65,19701.95,19703.3,14:00:00,19705.16542679212,0,58
2023-07-31,19715.75,19726.9,19714.1,19722.85,14:05:00,19706.173481383343,0,59
2023-07-31,19703.6,19716.1,19699.9,19716.1,14:10:00,19705.928387918266,0,60
2023-07-31,19719.05,19719.95,19703.8,19703.8,14:15:00,19707.178065259384,0,61
2023-07-31,19711.9,19722.75,19707.5,19719.6,14:20:00,19707.62777332992,0,62
2023-07-31,19715.9,19716.35,19709.45,19712.1,14:25:00,19708.41560444136,0,63
2023-07-31,19717.05,19723.7,19712.5,19716.4,14:30:00,19709.23792782789,0,64
2023-07-31,19718.55,19720.3,19714.55,19717.05,14:35:00,19710.12479184428,0,65
2023-07-31,19724.55,19728.3,19715.8,19718.0,14:40:00,19711.498621192444,0,66
2023-07-31,19708.35,19725.1,19707.35,19724.75,14:45:00,19711.19875250745,0,67
2023-07-31,19710.1,19714.7,19703.25,19708.45,14:50:00,19711.094109411504,0,68
2023-07-31,19720.7,19720.7,19707.9,19710.3,14:55:00,19712.00895613422,0,69
2023-07-31,19761.6,19764.7,19720.65,19720.65,15:00:00,19716.731912692867,0,70
2023-07-31,19746.35,19761.85,19742.1,19761.85,15:05:00,19719.552682912592,0,71
2023-07-31,19760.0,19767.25,19746.55,19746.55,15:10:00,19723.40480834949,0,72
2023-07-31,19755.65,19760.15,19745.3,19759.75,15:15:00,19726.47577898288,0,73
2023-07-31,19759.6,19772.25,19755.35,19756.15,15:20:00,19729.63046669879,0,74
2023-07-31,19740.75,19761.2,19737.5,19761.2,15:25:00,19730.689469870333,0,75
2023-08-01,19771.95,19793.7,19750.9,19784.0,09:15:00,19739.212695290684,1,1
2023-08-01,19766.95,19776.05,19760.2,19773.3,09:20:00,19741.85434335824,1,2
2023-08-01,19769.5,19771.35,19762.0,19768.3,09:25:00,19744.487263038405,1,3
2023-08-01,19777.7,19780.65,19769.65,19769.65,09:30:00,19747.65038084427,1,4
2023-08-01,19770.5,19777.6,19770.1,19777.5,09:35:00,19749.82653504958,1,5
2023-08-01,19765.65,19770.1,19755.7,19770.1,09:40:00,19751.333531711523,1,6
2023-08-01,19781.2,19782.45,19763.35,19765.2,09:45:00,19754.177957262807,1,7
2023-08-01,19782.2,19787.9,19780.05,19781.15,09:50:00,19756.846723237777,1,8
2023-08-01,19778.75,19785.1,19772.8,19783.1,09:55:00,19758.93274959609,1,9
2023-08-01,19778.65,19783.65,19775.55,19778.5,10:00:00,19760.81058296789,1,10
2023-08-01,19782.6,19789.45,19777.65,19779.3,10:05:00,19762.88576554237,1,11
2023-08-01,19779.55,19786.1,19777.6,19783.3,10:10:00,19764.47283549072,1,12
2023-08-01,19778.2,19782.1,19774.8,19780.25,10:15:00,19765.780184491607,1,13
2023-08-01,19762.45,19780.8,19760.6,19778.45,10:20:00,19765.46302406384,1,14
2023-08-01,19754.3,19765.35,19751.15,19762.35,10:25:00,19764.399878914897,1,15
2023-08-01,19743.95,19757.05,19740.1,19754.4,10:30:00,19762.45227139919,1,16
2023-08-01,19731.15,19746.4,19730.6,19744.4,10:35:00,19759.471102694508,1,17
2023-08-01,19734.85,19737.85,19727.1,19730.85,10:40:00,19757.126235771226,1,18
2023-08-01,19721.15,19734.65,19718.65,19734.65,10:45:00,19753.69992760253,1,19
2023-08-01,19733.5,19734.55,19715.05,19721.3,10:50:00,19751.776124973723,1,20
2023-08-01,19745.25,19746.4,19733.0,19733.2,10:55:00,19751.15458926194,1,21
2023-08-01,19733.55,19746.95,19731.5,19745.15,11:00:00,19749.477961713183,1,22
2023-08-01,19726.05,19734.15,19721.4,19732.95,11:05:00,19747.24672726431,1,23
2023-08-01,19730.4,19733.25,19723.75,19726.15,11:10:00,19745.64227704866,1,24
2023-08-01,19738.5,19739.25,19730.35,19730.9,11:15:00,19744.96206018688,1,25
2023-08-01,19735.85,19739.0,19730.55,19737.85,11:20:00,19744.094244930988,1,26
2023-08-01,19740.4,19741.3,19733.65,19736.05,11:25:00,19743.742412080417,1,27
2023-08-01,19737.95,19743.1,19736.4,19740.45,11:30:00,19743.190753787043,1,28
2023-08-01,19728.75,19737.75,19727.8,19737.75,11:35:00,19741.815443902564,1,29
2023-08-01,19748.0,19748.9,19727.2,19729.05,11:40:00,19742.404449245176,1,30
2023-08-01,19742.4,19753.4,19742.4,19748.8,11:45:00,19742.40402550754,1,31
2023-08-01,19743.55,19746.1,19737.55,19743.45,11:50:00,19742.5131659354,1,32
2023-08-01,19737.75,19744.2,19732.25,19742.85,11:55:00,19742.059531084404,1,33
2023-08-01,19738.9,19742.55,19732.7,19738.15,12:00:00,19741.75862336208,1,34
2023-08-01,19722.45,19740.85,19722.45,19739.0,12:05:00,19739.919706851408,1,35
2023-08-01,19729.3,19729.85,19722.15,19722.85,12:10:00,19738.908306198893,1,36
2023-08-01,19731.75,19732.0,19718.2,19728.2,12:15:00,19738.22656275138,1,37
2023-08-01,19731.45,19733.85,19728.35,19731.85,12:20:00,19737.58117582268,1,38
2023-08-01,19720.25,19732.9,19720.25,19732.25,12:25:00,19735.930587649087,1,39
2023-08-01,19723.5,19732.05,19720.05,19720.05,12:30:00,19734.7467221587,1,40
2023-08-01,19711.85,19727.45,19710.25,19723.85,12:35:00,19732.566081953108,1,41
2023-08-01,19712.05,19714.9,19707.7,19712.7,12:40:00,19730.612169386142,1,42
2023-08-01,19706.0,19714.8,19706.0,19712.5,12:45:00,19728.26815325413,1,43
2023-08-01,19722.25,19723.5,19704.85,19705.9,12:50:00,19727.69499580136,1,44
2023-08-01,19718.6,19726.35,19716.15,19722.5,12:55:00,19726.82880572504,1,45
2023-08-01,19719.45,19723.6,19715.0,19718.6,13:00:00,19726.12606232265,1,46
2023-08-01,19726.75,19729.4,19717.85,19719.4,13:05:00,19726.18548495859,1,47
2023-08-01,19738.0,19738.0,19725.7,19728.0,13:10:00,19727.31067686729,1,48
2023-08-01,19742.2,19744.1,19735.7,19738.9,13:15:00,19728.72870764184,1,49
2023-08-01,19747.2,19751.95,19737.8,19741.95,13:20:00,19730.487878342617,1,50
2023-08-01,19751.65,19751.7,19741.25,19748.9,13:25:00,19732.50331850046,1,51
2023-08-01,19759.2,19760.55,19751.5,19751.5,13:30:00,19735.04585959565,1,52
2023-08-01,19760.1,19765.75,19754.75,19759.15,13:35:00,19737.4319682056,1,53
2023-08-01,19747.85,19760.8,19745.9,19760.6,13:40:00,19738.424161709823,1,54
2023-08-01,19761.8,19764.6,19744.55,19749.1,13:45:00,19740.65043202317,1,55
2023-08-01,19752.15,19764.1,19749.45,19762.15,13:50:00,19741.74562897335,1,56
2023-08-01,19734.45,19752.75,19733.3,19752.2,13:55:00,19741.050807166364,1,57
2023-08-01,19736.1,19742.7,19732.65,19734.25,14:00:00,19740.579301721948,1,58
2023-08-01,19738.2,19744.25,19730.65,19736.65,14:05:00,19740.35270155796,1,59
2023-08-01,19737.55,19742.6,19734.35,19738.2,14:10:00,19740.08577760005,1,60
2023-08-01,19741.35,19745.85,19734.55,19737.8,14:15:00,19740.206179733377,1,61
2023-08-01,19750.1,19753.1,19739.7,19741.85,14:20:00,19741.1484483302,1,62
2023-08-01,19758.35,19760.2,19745.65,19750.1,14:25:00,19742.78669134637,1,63
2023-08-01,19755.45,19760.5,19753.15,19758.6,14:30:00,19743.99272074196,1,64
2023-08-01,19759.85,19761.75,19750.7,19755.0,14:35:00,19745.502937814148,1,65
2023-08-01,19756.6,19762.8,19754.6,19759.6,14:40:00,19746.559800879462,1,66
2023-08-01,19743.65,19758.05,19742.3,19757.15,14:45:00,19746.282676986182,1,67
2023-08-01,19726.6,19746.85,19722.7,19744.45,14:50:00,19744.40813632083,1,68
2023-08-01,19734.95,19736.2,19724.9,19726.4,14:55:00,19743.50736143313,1,69
2023-08-01,19739.95,19745.9,19724.5,19732.7,15:00:00,19743.16856510617,1,70
2023-08-01,19725.4,19743.15,19721.05,19740.0,15:05:00,19741.476320810343,1,71
2023-08-01,19736.15,19736.15,19725.45,19725.45,15:10:00,19740.96905216174,1,72
2023-08-01,19732.9,19736.65,19727.4,19735.8,15:15:00,19740.20057100348,1,73
2023-08-01,19738.0,19742.7,19727.65,19732.8,15:20:00,19739.99099281268,1,74
2023-08-01,19736.1,19739.4,19732.3,19737.35,15:25:00,19739.62042206861,1,75
2023-08-02,19654.2,19673.4,19639.35,19655.4,09:15:00,19724.228055253443,2,1
2023-08-02,19645.9,19654.4,19639.95,19653.0,09:20:00,19716.7682404674,2,2
2023-08-02,19628.35,19648.55,19623.25,19645.5,09:25:00,19708.34745566098,2,3
2023-08-02,19637.15,19640.2,19628.15,19628.85,09:30:00,19701.56674559803,2,4
2023-08-02,19627.7,19637.9,19625.6,19636.7,09:35:00,19694.53181744584,2,5
2023-08-02,19620.8,19633.35,19620.7,19628.0,09:40:00,19687.509739593854,2,6
2023-08-02,19619.4,19621.1,19615.7,19620.9,09:45:00,19681.02309772777,2,7
2023-08-02,19633.25,19633.25,19619.0,19619.65,09:50:00,19676.47327889656,2,8
2023-08-02,19635.6,19638.65,19630.95,19633.05,09:55:00,19672.58058566831,2,9
2023-08-02,19621.65,19638.7,19621.2,19635.7,10:00:00,19667.7300536999,2,10
2023-08-02,19628.5,19628.7,19620.5,19621.5,10:05:00,19663.993858109432,2,11
2023-08-02,19610.7,19629.05,19609.1,19629.05,10:10:00,19658.9182525752,2,12
2023-08-02,19606.35,19614.15,19602.9,19609.55,10:15:00,19653.911752329943,2,13
2023-08-02,19604.75,19610.9,19602.8,19605.8,10:20:00,19649.22968067947,2,14
2023-08-02,19601.15,19604.7,19595.75,19604.7,10:25:00,19644.6506634719,2,15
2023-08-02,19575.25,19601.8,19573.6,19601.0,10:30:00,19638.041076474576,2,16
2023-08-02,19571.4,19584.05,19571.0,19574.2,10:35:00,19631.69430728652,2,17
2023-08-02,19577.0,19580.2,19570.0,19570.5,10:40:00,19626.485325640188,2,18
2023-08-02,19573.15,19580.95,19568.0,19577.25,10:45:00,19621.40577081731,2,19
2023-08-02,19571.9,19574.1,19569.4,19573.0,10:50:00,19616.69093550137,2,20
2023-08-02,19563.0,19572.7,19558.9,19572.45,10:55:00,19611.577513072672,2,21
2023-08-02,19534.3,19563.9,19532.2,19562.65,11:00:00,19604.217749922896,2,22
2023-08-02,19533.15,19535.4,19524.6,19532.9,11:05:00,19597.44939278738,2,23
2023-08-02,19555.05,19556.4,19527.9,19533.25,11:10:00,19593.41135537906,2,24
2023-08-02,19547.85,19556.2,19543.35,19555.45,11:15:00,19589.07217867629,2,25
2023-08-02,19551.75,19555.15,19544.45,19548.15,11:20:00,19585.517685469025,2,26
2023-08-02,19537.95,19558.0,19537.15,19551.95,11:25:00,19580.987429710072,2,27
2023-08-02,19528.35,19540.3,19523.6,19538.2,11:30:00,19575.974341166253,2,28
2023-08-02,19521.55,19528.05,19517.9,19527.7,11:35:00,19570.79107057899,2,29
2023-08-02,19538.2,19542.25,19519.35,19520.5,11:40:00,19567.68715909528,2,30
2023-08-02,19537.25,19540.05,19532.7,19539.7,11:45:00,19564.788382038583,2,31
2023-08-02,19535.05,19541.8,19534.9,19537.5,11:50:00,19561.95615517777,2,32
2023-08-02,19536.3,19538.45,19528.2,19534.25,11:55:00,19559.5127118275,2,33
2023-08-02,19535.95,19537.55,19523.45,19536.4,12:00:00,19557.268644034404,2,34
2023-08-02,19543.45,19546.0,19535.25,19535.25,12:05:00,19555.952582697795,2,35
2023-08-02,19540.55,19545.65,19537.0,19543.3,12:10:00,19554.48567005991,2,36
2023-08-02,19536.95,19540.55,19534.6,19540.2,12:15:00,19552.81560624468,2,37
2023-08-02,19542.85,19542.85,19533.05,19536.05,12:20:00,19551.866500888045,2,38
2023-08-02,19536.45,19543.35,19535.3,19542.0,12:25:00,19550.39826270823,2,39
2023-08-02,19539.8,19541.7,19535.5,19537.35,12:30:00,19549.388904355063,2,40
2023-08-02,19552.15,19554.3,19538.85,19540.45,12:35:00,19549.65186584506,2,41
2023-08-02,19552.85,19556.3,19549.0,19551.3,12:40:00,19549.956450050293,2,42
2023-08-02,19555.6,19556.9,19549.7,19552.95,12:45:00,19550.493930997884,2,43
2023-08-02,19524.4,19555.75,19524.4,19554.8,12:50:00,19548.00879471237,2,44
2023-08-02,19512.65,19524.95,19511.2,19523.65,12:55:00,19544.64129045405,2,45
2023-08-02,19517.45,19522.9,19511.4,19512.2,13:00:00,19542.05164374414,2,46
2023-08-02,19527.5,19528.3,19515.8,19515.8,13:05:00,19540.665772911365,2,47
2023-08-02,19512.05,19528.95,19511.35,19526.95,13:10:00,19537.94046120552,2,48
2023-08-02,19505.95,19512.5,19500.8,19511.65,13:15:00,19534.89375061452,2,49
2023-08-02,19485.5,19506.05,19484.55,19505.8,13:20:00,19530.18958388933,2,50
2023-08-02,19478.45,19490.05,19476.4,19485.7,13:25:00,19525.262004471297,2,51
2023-08-02,19483.0,19487.7,19473.5,19477.85,13:30:00,19521.237051664502,2,52
2023-08-02,19465.75,19487.15,19464.7,19482.15,13:35:00,19515.9525705536,2,53
2023-08-02,19443.5,19467.1,19442.1,19465.1,13:40:00,19509.05232573897,2,54
2023-08-02,19444.95,19453.05,19438.35,19443.3,13:45:00,19502.94734233526,2,55
2023-08-02,19463.05,19463.15,19444.3,19444.3,13:50:00,19499.147595446186,2,56
2023-08-02,19448.75,19468.45,19445.2,19462.85,13:55:00,19494.34782445131,2,57
2023-08-02,19452.25,19463.45,19442.55,19448.4,14:00:00,19490.3385078369,2,58
2023-08-02,19450.6,19454.0,19445.45,19452.15,14:05:00,19486.55388804291,2,59
2023-08-02,19429.85,19452.35,19424.7,19450.6,14:10:00,19481.153517753108,2,60
2023-08-02,19428.8,19437.6,19425.1,19429.95,14:15:00,19476.167468443287,2,61
2023-08-02,19433.4,19443.3,19426.7,19428.75,14:20:00,19472.0943762106,2,62
2023-08-02,19443.35,19444.2,19428.45,19432.9,14:25:00,19469.35681657149,2,63
2023-08-02,19448.95,19452.3,19442.8,19442.8,14:30:00,19467.413310231343,2,64
2023-08-02,19466.8,19467.0,19444.6,19449.05,14:35:00,19467.354899733124,2,65
2023-08-02,19462.4,19468.7,19454.35,19466.65,14:40:00,19466.883004520445,2,66
2023-08-02,19468.7,19469.7,19455.35,19461.0,14:45:00,19467.056051708976,2,67
2023-08-02,19484.5,19484.5,19467.55,19467.55,14:50:00,19468.717380117647,2,68
2023-08-02,19491.5,19494.95,19482.7,19484.15,14:55:00,19470.887153439773,2,69
2023-08-02,19513.85,19516.1,19490.7,19490.7,15:00:00,19474.978853112178,2,70
2023-08-02,19511.3,19516.0,19506.4,19513.2,15:05:00,19478.43800995864,2,71
2023-08-02,19542.6,19543.25,19510.9,19510.9,15:10:00,19484.548675676862,2,72
2023-08-02,19544.75,19545.25,19530.65,19542.5,15:15:00,19490.28213513621,2,73
2023-08-02,19534.25,19545.65,19533.0,19543.9,15:20:00,19494.469550837526,2,74
2023-08-02,19514.8,19538.25,19514.45,19534.05,15:25:00,19496.405784091094,2,75
2023-08-03,19486.5,19488.1,19439.25,19463.75,09:15:00,19492.648498995204,3,1
2023-08-03,19514.85,19527.05,19485.65,19487.45,09:20:00,19494.762927662327,3,2
2023-08-03,19521.45,19525.55,19500.8,19515.7,09:25:00,19497.30455359925,3,3
2023-08-03,19506.65,19536.65,19505.1,19522.3,09:30:00,19498.194596113608,3,4
2023-08-03,19488.2,19506.95,19479.05,19506.35,09:35:00,19497.24272981708,3,5
2023-08-03,19496.4,19508.35,19486.35,19487.85,09:40:00,19497.162469834493,3,6
2023-08-03,19520.9,19526.9,19485.6,19496.4,09:45:00,19499.42318699312,3,7
2023-08-03,19515.95,19536.8,19509.75,19521.25,09:50:00,19500.997169184247,3,8
2023-08-03,19500.3,19519.65,19494.3,19515.45,09:55:00,19500.93077211908,3,9
2023-08-03,19494.0,19500.4,19488.8,19500.4,10:00:00,19500.27069858393,3,10
2023-08-03,19479.2,19496.95,19474.0,19494.25,10:05:00,19498.26396538546,3,11
2023-08-03,19479.8,19486.6,19475.15,19477.3,10:10:00,19496.505492491608,3,12
2023-08-03,19492.8,19496.6,19475.55,19481.45,10:15:00,19496.152588444787,3,13
2023-08-03,19485.7,19494.15,19478.05,19494.15,10:20:00,19495.157103831,3,14
2023-08-03,19479.0,19486.15,19468.2,19485.7,10:25:00,19493.61833203757,3,15
2023-08-03,19471.55,19491.15,19470.35,19479.4,10:30:00,19491.51658612924,3,16
2023-08-03,19475.25,19477.35,19462.5,19472.2,10:35:00,19489.96738745026,3,17
2023-08-03,19475.75,19485.0,19469.75,19475.15,10:40:00,19488.61335055024,3,18
2023-08-03,19469.85,19481.55,19469.4,19477.35,10:45:00,19486.826364783545,3,19
2023-08-03,19487.4,19487.4,19470.75,19470.85,10:50:00,19486.88099670892,3,20
2023-08-03,19498.9,19505.4,19487.2,19487.55,10:55:00,19488.025663689023,3,21
2023-08-03,19503.15,19505.3,19489.9,19500.45,11:00:00,19489.466076671026,3,22
2023-08-03,19508.05,19510.95,19499.7,19503.2,11:05:00,19491.235974130926,3,23
2023-08-03,19499.4,19515.8,19494.7,19508.6,11:10:00,19492.01350040417,3,24
2023-08-03,19493.7,19501.25,19485.35,19498.8,11:15:00,19492.174119413296,3,25
2023-08-03,19491.9,19496.05,19484.7,19493.95,11:20:00,19492.148012802507,3,26
2023-08-03,19492.85,19497.15,19487.2,19491.45,11:25:00,19492.21486872608,3,27
2023-08-03,19492.1,19506.8,19490.85,19492.5,11:30:00,19492.203928847404,3,28
2023-08-03,19499.1,19499.4,19487.4,19492.2,11:35:00,19492.8606975286,3,29
2023-08-03,19500.3,19501.65,19494.95,19499.1,11:40:00,19493.56920252588,3,30
2023-08-03,19490.05,19505.25,19489.85,19500.25,11:45:00,19493.23404038056,3,31
2023-08-03,19489.5,19492.75,19479.75,19489.65,11:50:00,19492.878417487173,3,32
2023-08-03,19486.5,19490.15,19479.95,19489.3,11:55:00,19492.27094915506,3,33
2023-08-03,19472.1,19488.45,19470.05,19486.95,12:00:00,19490.34990637839,3,34
2023-08-03,19476.2,19482.45,19468.55,19471.85,12:05:00,19489.002296247112,3,35
2023-08-03,19458.55,19478.2,19458.45,19476.55,12:10:00,19486.102077556912,3,36
2023-08-03,19451.8,19458.95,19447.1,19458.95,12:15:00,19482.835213027683,3,37
2023-08-03,19431.3,19454.05,19429.4,19452.75,12:20:00,19477.92709750124,3,38
2023-08-03,19418.1,19431.8,19416.35,19431.15,12:25:00,19472.2292786916,3,39
2023-08-03,19413.3,19422.05,19405.5,19417.15,12:30:00,19466.61696643525,3,40
2023-08-03,19400.25,19416.65,19397.15,19413.1,12:35:00,19460.296302965227,3,41
2023-08-03,19398.45,19409.2,19398.3,19400.7,12:40:00,19454.4061788733,3,42
2023-08-03,19374.9,19398.9,19371.25,19398.9,12:45:00,19446.83416183775,3,43
2023-08-03,19370.75,19390.65,19368.85,19376.05,12:50:00,19439.588051186533,3,44
2023-08-03,19363.9,19370.5,19355.4,19370.25,12:55:00,19432.379665359244,3,45
2023-08-03,19348.7,19366.9,19345.65,19364.7,13:00:00,19424.410173420267,3,46
2023-08-03,19358.15,19369.65,19347.8,19349.2,13:05:00,19418.09968071357,3,47
2023-08-03,19359.45,19366.5,19350.25,19359.4,13:10:00,19412.513996836093,3,48
2023-08-03,19346.95,19366.65,19346.95,19359.65,13:15:00,19406.269806661225,3,49
2023-08-03,19343.1,19351.0,19337.1,19347.8,13:20:00,19400.25363459825,3,50
2023-08-03,19339.0,19350.85,19331.45,19342.5,13:25:00,19394.419955112706,3,51
2023-08-03,19341.0,19348.1,19337.3,19338.85,13:30:00,19389.332340340065,3,52
2023-08-03,19346.95,19360.15,19337.4,19341.0,13:35:00,19385.295926974344,3,53
2023-08-03,19333.5,19350.85,19333.4,19347.05,13:40:00,19380.362981548216,3,54
2023-08-03,19336.3,19339.0,19324.6,19334.7,13:45:00,19376.166507115053,3,55
2023-08-03,19335.6,19348.4,19333.35,19335.75,13:50:00,19372.303030246952,3,56
2023-08-03,19315.15,19336.85,19314.55,19336.85,13:55:00,19366.859884509147,3,57
2023-08-03,19322.8,19334.7,19313.05,19314.5,14:00:00,19362.66370503209,3,58
2023-08-03,19305.9,19323.6,19301.45,19322.1,14:05:00,19357.25763788617,3,59
2023-08-03,19310.9,19312.25,19297.85,19306.5,14:10:00,19352.84262475416,3,60
2023-08-03,19312.5,19316.15,19304.5,19311.4,14:15:00,19349.000470015668,3,61
2023-08-03,19322.1,19329.55,19312.75,19313.4,14:20:00,19346.438520490366,3,62
2023-08-03,19337.35,19341.65,19313.9,19322.2,14:25:00,19345.572947110333,3,63
2023-08-03,19336.3,19344.85,19329.35,19339.05,14:30:00,19344.6898092903,3,64
2023-08-03,19345.25,19348.25,19331.55,19335.1,14:35:00,19344.743160786464,3,65
2023-08-03,19317.4,19351.45,19316.15,19346.55,14:40:00,19342.13905023537,3,66
2023-08-03,19309.4,19328.1,19303.45,19316.95,14:45:00,19339.02104545105,3,67
2023-08-03,19323.55,19323.55,19303.25,19309.6,14:50:00,19337.547612550952,3,68
2023-08-03,19346.4,19346.4,19318.1,19323.85,14:55:00,19338.39069706991,3,69
2023-08-03,19359.25,19370.4,19346.15,19346.4,15:00:00,19340.377297348965,3,70
2023-08-03,19369.6,19369.6,19347.25,19359.25,15:05:00,19343.16041188716,3,71
2023-08-03,19390.1,19390.1,19369.05,19369.05,15:10:00,19347.630848850287,3,72
2023-08-03,19406.25,19406.25,19389.05,19389.55,15:15:00,19353.21362515026,3,73
2023-08-03,19400.35,19406.5,19394.4,19404.95,15:20:00,19357.70280370738,3,74
2023-08-03,19394.45,19402.65,19386.45,19398.9,15:25:00,19361.20253668763,3,75
2023-08-04,19482.85,19486.6,19450.9,19462.8,09:15:00,19381.54243932933,4,1
2023-08-04,19481.65,19487.15,19469.9,19483.35,09:20:00,19391.076492726537,4,2
2023-08-04,19480.85,19493.15,19468.9,19482.15,09:25:00,19399.626350562103,4,3
2023-08-04,19493.95,19494.7,19473.85,19481.4,09:30:00,19408.609555270472,4,4
2023-08-04,19466.2,19498.1,19464.1,19495.0,09:35:00,19414.094359530427,4,5
2023-08-04,19443.25,19466.8,19442.6,19465.75,09:40:00,19416.871087194195,4,6
2023-08-04,19452.25,19455.1,19436.45,19443.95,09:45:00,19420.24050746141,4,7
2023-08-04,19458.35,19459.55,19439.65,19453.0,09:50:00,19423.86998294128,4,8
2023-08-04,19456.7,19460.9,19451.6,19459.3,09:55:00,19426.99665123259,4,9
2023-08-04,19453.8,19460.4,19447.6,19455.9,10:00:00,19429.5493511152,4,10
2023-08-04,19472.45,19473.45,19450.5,19452.35,10:05:00,19433.635127199464,4,11
2023-08-04,19478.4,19481.8,19471.6,19472.95,10:10:00,19437.89844841856,4,12
2023-08-04,19488.9,19490.95,19474.5,19479.05,10:15:00,19442.75573904536,4,13
2023-08-04,19479.4,19490.85,19475.2,19488.85,10:20:00,19446.24566866009,4,14
2023-08-04,19470.4,19484.45,19469.9,19479.9,10:25:00,19448.54608116865,4,15
2023-08-04,19457.75,19472.45,19456.1,19469.75,10:30:00,19449.42264486687,4,16
2023-08-04,19453.65,19457.75,19439.7,19457.75,10:35:00,19449.825250117647,4,17
2023-08-04,19466.95,19467.0,19454.25,19454.25,10:40:00,19451.456178677872,4,18
2023-08-04,19456.15,19467.65,19450.7,19467.0,10:45:00,19451.90320927998,4,19
2023-08-04,19450.0,19463.75,19446.25,19455.6,10:50:00,19451.721951253312,4,20
2023-08-04,19470.0,19470.0,19449.6,19449.8,10:55:00,19453.462717800616,4,21
2023-08-04,19484.05,19485.15,19470.15,19470.15,11:00:00,19456.375792295792,4,22
2023-08-04,19476.3,19489.0,19476.2,19484.5,11:05:00,19458.273335886668,4,23
2023-08-04,19471.65,19482.8,19470.4,19475.6,11:10:00,19459.547303897463,4,24
2023-08-04,19498.2,19498.35,19469.85,19472.5,11:15:00,19463.22851305009,4,25
2023-08-04,19501.4,19508.05,19495.05,19499.35,11:20:00,19466.8638927596,4,26
2023-08-04,19517.45,19518.95,19500.55,19501.75,11:25:00,19471.681617258684,4,27
2023-08-04,19517.5,19522.75,19510.1,19517.55,11:30:00,19476.045272757856,4,28
2023-08-04,19514.35,19523.0,19510.8,19517.95,11:35:00,19479.69334201901,4,29
2023-08-04,19510.9,19516.7,19504.2,19514.9,11:40:00,19482.665404683867,4,30
2023-08-04,19525.65,19531.7,19510.85,19510.85,11:45:00,19486.75917566636,4,31
2023-08-04,19514.35,19528.05,19513.85,19526.15,11:50:00,19489.38687322193,4,32
2023-08-04,19517.05,19519.5,19510.85,19515.7,11:55:00,19492.02145672461,4,33
2023-08-04,19505.2,19520.0,19504.4,19517.0,12:00:00,19493.276556084173,4,34
2023-08-04,19506.15,19511.55,19498.45,19506.6,12:05:00,19494.50259836188,4,35
2023-08-04,19525.65,19525.65,19505.65,19506.55,12:10:00,19497.4690175655,4,36
2023-08-04,19531.85,19538.3,19526.45,19526.85,12:15:00,19500.74339684498,4,37
2023-08-04,19531.8,19538.45,19529.6,19533.1,12:20:00,19503.70116857404,4,38
2023-08-04,19531.9,19536.5,19525.95,19531.0,12:25:00,19506.386771566984,4,39
2023-08-04,19511.85,19531.4,19511.1,19531.4,12:30:00,19506.907079036795,4,40
2023-08-04,19496.5,19513.5,19493.25,19512.15,12:35:00,19505.91592865234,4,41
2023-08-04,19521.0,19522.7,19496.2,19496.35,12:40:00,19507.352506875926,4,42
2023-08-04,19523.7,19525.3,19515.05,19521.2,12:45:00,19508.909410982986,4,43
2023-08-04,19528.25,19529.35,19522.1,19524.2,12:50:00,19510.751371841743,4,44
2023-08-04,19508.65,19530.25,19507.1,19528.15,12:55:00,19510.55124119015,4,45
2023-08-04,19511.05,19514.95,19505.7,19508.7,13:00:00,19510.598742029186,4,46
2023-08-04,19517.2,19526.8,19509.55,19511.4,13:05:00,19511.227433264503,4,47
2023-08-04,19514.95,19522.55,19513.85,19516.95,13:10:00,19511.581963429788,4,48
2023-08-04,19518.4,19519.35,19510.7,19515.45,13:15:00,19512.231300246,4,49
2023-08-04,19508.0,19524.5,19507.15,19518.3,13:20:00,19511.8283192702,4,50
2023-08-04,19506.95,19512.0,19500.9,19508.5,13:25:00,19511.36371743493,4,51
2023-08-04,19481.1,19515.1,19480.3,19507.1,13:30:00,19508.48145863161,4,52
2023-08-04,19497.9,19499.1,19467.8,19479.95,13:35:00,19507.47370066669,4,53
2023-08-04,19494.95,19506.65,19484.55,19497.65,13:40:00,19506.280967269864,4,54
2023-08-04,19490.7,19496.6,19484.1,19494.8,13:45:00,19504.79706562512,4,55
2023-08-04,19483.65,19492.05,19477.9,19490.0,13:50:00,19502.783059375102,4,56
2023-08-04,19462.75,19489.55,19461.6,19484.0,13:55:00,19498.970387053665,4,57
2023-08-04,19463.15,19469.35,19450.7,19461.45,14:00:00,19495.558921619984,4,58
2023-08-04,19471.55,19475.3,19461.25,19463.75,14:05:00,19493.272357656177,4,59
2023-08-04,19482.45,19487.65,19469.1,19470.85,14:10:00,19492.241656927017,4,60
2023-08-04,19477.85,19482.85,19464.45,19482.45,14:15:00,19490.871022933967,4,61
2023-08-04,19477.35,19487.7,19475.1,19478.25,14:20:00,19489.583306464065,4,62
2023-08-04,19481.6,19485.5,19472.6,19477.8,14:25:00,19488.822991562723,4,63
2023-08-04,19482.1,19485.8,19468.35,19481.0,14:30:00,19488.182706651987,4,64
2023-08-04,19506.1,19506.1,19474.15,19481.9,14:35:00,19489.889115542275,4,65
2023-08-04,19506.65,19514.6,19500.8,19506.6,14:40:00,19491.485390252536,4,66
2023-08-04,19511.75,19518.2,19503.25,19506.35,14:45:00,19493.415353085627,4,67
2023-08-04,19509.1,19525.9,19504.75,19512.05,14:50:00,19494.909128982235,4,68
2023-08-04,19506.95,19515.75,19500.8,19509.7,14:55:00,19496.055878602976,4,69
2023-08-04,19500.05,19530.45,19486.7,19508.85,15:00:00,19496.43627111698,4,70
2023-08-04,19518.25,19524.5,19499.3,19500.15,15:05:00,19498.51376910584,4,71
2023-08-04,19530.9,19532.25,19512.55,19519.7,15:10:00,19501.59817204814,4,72
2023-08-04,19519.0,19537.65,19507.15,19531.65,15:15:00,19503.255488995936,4,73
2023-08-04,19516.75,19524.6,19513.55,19519.2,15:20:00,19504.54068052013,4,74
2023-08-04,19510.05,19516.85,19507.25,19515.3,15:25:00,19505.06537761345,4,75
2023-08-07,19568.85,19582.45,19541.05,19576.85,09:15:00,19517.325626572463,0,1
2023-08-07,19550.5,19570.7,19546.5,19570.7,09:20:00,19520.48509070842,0,2
2023-08-07,19553.55,19562.35,19542.85,19550.35,09:25:00,19523.63412968857,0,3
2023-08-07,19540.3,19551.6,19525.55,19551.6,09:30:00,19525.22135543252,0,4
2023-08-07,19561.85,19562.6,19534.9,19540.55,09:35:00,19528.70979777228,0,5
2023-08-07,19557.35,19568.4,19553.6,19561.95,09:40:00,19531.43743607968,0,6
2023-08-07,19558.95,19565.1,19541.0,19556.65,09:45:00,19534.05768026257,0,7
2023-08-07,19547.25,19560.4,19546.6,19559.65,09:50:00,19535.31409166613,0,8
2023-08-07,19544.9,19556.1,19540.05,19548.1,09:55:00,19536.227035316977,0,9
2023-08-07,19556.75,19556.9,19540.65,19546.6,10:00:00,19538.181603382025,0,10
2023-08-07,19558.1,19562.6,19553.1,19557.2,10:05:00,19540.07859353612,0,11
2023-08-07,19565.35,19568.25,19557.15,19558.55,10:10:00,19542.485394151725,0,12
2023-08-07,19574.15,19575.15,19564.95,19566.05,10:15:00,19545.50107089918,0,13
2023-08-07,19577.4,19577.9,19561.2,19575.3,10:20:00,19548.53906414688,0,14
2023-08-07,19582.55,19584.3,19572.15,19577.3,10:25:00,19551.778200894794,0,15
2023-08-07,19578.15,19585.95,19573.2,19583.05,10:30:00,19554.289800809576,0,16
2023-08-07,19578.15,19582.5,19569.45,19578.0,10:35:00,19556.56220073247,0,17
2023-08-07,19574.25,19578.75,19571.05,19576.6,10:40:00,19558.246753043662,0,18
2023-08-07,19557.55,19576.15,19552.85,19574.9,10:45:00,19558.180395610936,0,19
2023-08-07,19547.75,19561.55,19544.55,19556.65,10:50:00,19557.18702460037,0,20
2023-08-07,19542.2,19549.2,19537.7,19547.8,10:55:00,19555.759688924147,0,21
2023-08-07,19539.7,19548.0,19538.0,19541.75,11:00:00,19554.230194740896,0,22
2023-08-07,19535.25,19545.25,19534.15,19538.65,11:05:00,19552.422557146525,0,23
2023-08-07,19538.2,19541.8,19532.35,19535.85,11:10:00,19551.068027894475,0,24
2023-08-07,19542.5,19543.4,19535.35,19537.3,11:15:00,19550.25202523786,0,25
2023-08-07,19552.45,19554.6,19541.1,19541.55,11:20:00,19550.46135616759,0,26
2023-08-07,19551.25,19552.1,19546.85,19551.75,11:25:00,19550.53646510401,0,27
2023-08-07,19533.25,19553.2,19530.6,19550.85,11:30:00,19548.890135094105,0,28
2023-08-07,19535.8,19538.8,19529.1,19532.95,11:35:00,19547.64345556133,0,29
2023-08-07,19545.95,19549.5,19534.4,19535.3,11:40:00,19547.4821740793,0,30
2023-08-07,19546.9,19550.9,19541.6,19546.8,11:45:00,19547.42672892889,0,31
2023-08-07,19539.75,19549.3,19537.6,19547.2,11:50:00,19546.695611888044,0,32
2023-08-07,19545.15,19548.35,19537.0,19539.05,11:55:00,19546.54841075585,0,33
2023-08-07,19547.85,19550.4,19543.05,19545.35,12:00:00,19546.672371636247,0,34
2023-08-07,19535.95,19552.85,19535.8,19548.15,12:05:00,19545.651193385176,0,35
2023-08-07,19535.25,19540.4,19533.2,19536.3,12:10:00,19544.66060353897,0,36
2023-08-07,19539.2,19544.3,19532.6,19535.9,12:15:00,19544.14054605907,0,37
2023-08-07,19560.05,19564.05,19538.8,19540.0,12:20:00,19545.65573214868,0,38
2023-08-07,19561.1,19561.1,19554.0,19560.2,12:25:00,19547.126614801185,0,39
2023-08-07,19570.8,19571.45,19560.8,19561.5,12:30:00,19549.381222915355,0,40
2023-08-07,19574.5,19576.85,19568.65,19569.9,12:35:00,19551.77348739961,0,41
2023-08-07,19572.95,19575.6,19566.9,19574.3,12:40:00,19553.79029812345,0,42
2023-08-07,19578.35,19580.0,19572.0,19573.2,12:45:00,19556.12931734979,0,43
2023-08-07,19591.1,19593.95,19577.1,19578.35,12:50:00,19559.45985855457,0,44
2023-08-07,19573.45,19590.65,19573.45,19590.3,12:55:00,19560.792252977943,0,45
2023-08-07,19580.2,19581.15,19571.55,19573.75,13:00:00,19562.640609837188,0,46
2023-08-07,19588.1,19588.1,19578.05,19580.15,13:05:00,19565.065313662217,0,47
2023-08-07,19584.55,19589.3,19582.35,19588.15,13:10:00,19566.92099807534,0,48
2023-08-07,19593.8,19595.8,19578.55,19584.85,13:15:00,19569.480903020543,0,49
2023-08-07,19595.55,19596.45,19589.4,19593.0,13:20:00,19571.963674161445,0,50
2023-08-07,19608.7,19610.3,19594.35,19595.1,13:25:00,19575.462371860354,0,51
2023-08-07,19598.2,19609.4,19598.2,19608.9,13:30:00,19577.627860254608,0,52
2023-08-07,19610.55,19611.4,19598.15,19598.15,13:35:00,19580.76330213512,0,53
2023-08-07,19615.05,19619.85,19608.35,19610.85,13:40:00,19584.028701931777,0,54
2023-08-07,19606.6,19615.5,19604.75,19614.15,13:45:00,19586.178349366844,0,55
2023-08-07,19600.95,19606.85,19596.6,19606.3,13:50:00,19587.58517323667,0,56
2023-08-07,19591.35,19607.3,19588.35,19601.55,13:55:00,19587.94372816651,0,57
2023-08-07,19598.65,19599.8,19590.5,19590.7,14:00:00,19588.96337310303,0,58
2023-08-07,19588.15,19598.15,19580.0,19598.15,14:05:00,19588.88590899797,0,59
2023-08-07,19585.7,19587.6,19576.9,19586.95,14:10:00,19588.58248909341,0,60
2023-08-07,19582.9,19591.9,19572.75,19585.9,14:15:00,19588.041299655943,0,61
2023-08-07,19593.85,19595.15,19578.45,19581.55,14:20:00,19588.59450921252,0,62
2023-08-07,19597.9,19601.6,19591.45,19593.55,14:25:00,19589.48074643037,0,63
2023-08-07,19592.2,19605.15,19584.05,19598.1,14:30:00,19589.73972296081,0,64
2023-08-07,19595.5,19595.5,19587.05,19592.25,14:35:00,19590.28832077407,0,65
2023-08-07,19596.1,19597.5,19590.6,19595.35,14:40:00,19590.841814033683,0,66
2023-08-07,19600.1,19607.65,19593.85,19595.9,14:45:00,19591.72354603048,0,67
2023-08-07,19591.8,19600.95,19582.7,19600.05,14:50:00,19591.73082736091,0,68
2023-08-07,19590.25,19596.2,19585.45,19592.0,14:55:00,19591.58979618368,0,69
2023-08-07,19589.65,19603.7,19586.6,19590.65,15:00:00,19591.40505369,0,70
2023-08-07,19599.7,19600.6,19587.45,19590.9,15:05:00,19592.195048576665,0,71
2023-08-07,19598.1,19601.55,19595.65,19599.05,15:10:00,19592.7574249027,0,72
2023-08-07,19602.5,19603.65,19594.3,19598.0,15:15:00,19593.68528919768,0,73
2023-08-07,19599.9,19605.0,19598.35,19602.6,15:20:00,19594.277166416952,0,74
2023-08-07,19597.95,19602.05,19592.95,19598.4,15:25:00,19594.62696009153,0,75
2023-08-08,19610.4,19631.55,19608.9,19627.2,09:15:00,19598.935901571527,1,1
2023-08-08,19603.0,19611.25,19591.4,19609.35,09:20:00,19599.32295856472,1,2
2023-08-08,19602.45,19605.3,19593.15,19603.7,09:25:00,19599.620772034745,1,3
2023-08-08,19589.0,19609.0,19585.75,19604.55,09:30:00,19598.609269936194,1,4
2023-08-08,19593.3,19593.3,19578.9,19588.2,09:35:00,19598.103625180367,1,5
2023-08-08,19592.85,19596.8,19584.65,19592.75,09:40:00,19597.603279925093,1,6
2023-08-08,19582.3,19596.5,19581.65,19592.9,09:45:00,19596.145824694133,1,7
2023-08-08,19587.4,19587.4,19576.6,19581.7,09:50:00,19595.31288900898,1,8
2023-08-08,19587.1,19592.75,19585.35,19587.45,09:55:00,19594.530709103365,1,9
2023-08-08,19602.1,19604.35,19583.5,19586.4,10:00:00,19595.251593950663,1,10
2023-08-08,19593.25,19603.3,19591.0,19601.0,10:05:00,19595.060965955363,1,11
2023-08-08,19590.5,19600.75,19590.15,19592.45,10:10:00,19594.62658824533,1,12
2023-08-08,19596.15,19597.6,19589.45,19590.4,10:15:00,19594.771675079108,1,13
2023-08-08,19602.65,19607.25,19594.95,19597.1,10:20:00,19595.52199173824,1,14
2023-08-08,19602.45,19610.85,19597.45,19602.65,10:25:00,19596.181802048886,1,15
2023-08-08,19603.95,19605.85,19594.8,19602.9,10:30:00,19596.921630425182,1,16
2023-08-08,19607.35,19609.5,19602.2,19604.15,10:35:00,19597.914808479924,1,17
2023-08-08,19598.8,19607.8,19596.65,19607.6,10:40:00,19597.999112434216,1,18
2023-08-08,19590.2,19599.1,19587.7,19599.1,10:45:00,19597.25633982144,1,19
2023-08-08,19593.15,19593.15,19584.3,19589.95,10:50:00,19596.86525983844,1,20
2023-08-08,19591.2,19599.95,19590.45,19593.35,10:55:00,19596.3257112824,1,21
2023-08-08,19577.1,19593.05,19575.45,19591.45,11:00:00,19594.494691160264,1,22
2023-08-08,19572.2,19580.0,19568.8,19576.8,11:05:00,19592.37138724024,1,23
2023-08-08,19560.85,19571.4,19559.85,19571.4,11:10:00,19589.36935036021,1,24
2023-08-08,19551.5,19560.95,19550.3,19560.95,11:15:00,19585.762745564003,1,25
2023-08-08,19555.25,19557.4,19547.6,19551.0,11:20:00,19582.85676979601,1,26
2023-08-08,19543.55,19556.2,19542.8,19554.5,11:25:00,19579.11326791067,1,27
2023-08-08,19536.05,19547.0,19536.0,19542.95,11:30:00,19575.01200430013,1,28
2023-08-08,19544.6,19545.65,19533.45,19535.1,11:35:00,19572.11562293821,1,29
2023-08-08,19554.65,19554.95,19544.7,19545.35,11:40:00,19570.452230277428,1,30
2023-08-08,19557.95,19559.75,19551.2,19555.1,11:45:00,19569.26154167957,1,31
2023-08-08,19565.35,19567.35,19553.35,19557.4,11:50:00,19568.88901390057,1,32
2023-08-08,19556.2,19568.35,19555.4,19565.7,11:55:00,19567.68053638623,1,33
2023-08-08,19554.65,19558.45,19551.6,19555.4,12:00:00,19566.439532920875,1,34
2023-08-08,19566.6,19567.85,19554.05,19555.85,12:05:00,19566.45481549984,1,35
2023-08-08,19575.5,19576.1,19565.65,19565.95,12:10:00,19567.31626164271,1,36
2023-08-08,19573.9,19577.25,19570.25,19575.0,12:15:00,19567.943284343408,1,37
2023-08-08,19575.05,19576.8,19569.4,19573.65,12:20:00,19568.62011440594,1,38
2023-08-08,19571.3,19575.25,19566.25,19574.5,12:25:00,19568.875341605377,1,39
2023-08-08,19574.95,19575.9,19568.4,19570.95,12:30:00,19569.453880500103,1,40
2023-08-08,19564.75,19576.15,19563.1,19575.4,12:35:00,19569.005891881046,1,41
2023-08-08,19565.05,19568.2,19558.45,19564.4,12:40:00,19568.62914027333,1,42
2023-08-08,19573.7,19573.9,19562.45,19564.35,12:45:00,19569.112079294915,1,43
2023-08-08,19571.5,19574.45,19565.7,19573.45,12:50:00,19569.339500314447,1,44
2023-08-08,19561.75,19571.1,19559.0,19570.95,12:55:00,19568.61669076069,1,45
2023-08-08,19570.75,19572.6,19557.3,19562.3,13:00:00,19568.8198630692,1,46
2023-08-08,19570.55,19574.7,19565.55,19570.35,13:05:00,19568.984638014987,1,47
2023-08-08,19579.55,19580.1,19565.35,19570.5,13:10:00,19569.99086296594,1,48
2023-08-08,19582.05,19582.05,19573.3,19579.85,13:15:00,19571.13935220728,1,49
2023-08-08,19583.75,19586.5,19579.9,19581.85,13:20:00,19572.340366282777,1,50
2023-08-08,19580.3,19588.0,19579.9,19583.15,13:25:00,19573.0984266368,1,51
2023-08-08,19580.25,19581.65,19575.65,19580.2,13:30:00,19573.77952886186,1,52
2023-08-08,19577.6,19585.0,19570.9,19579.8,13:35:00,19574.14338325597,1,53
2023-08-08,19571.0,19576.95,19568.4,19576.95,13:40:00,19573.84401342207,1,54
2023-08-08,19567.75,19574.9,19566.35,19571.0,13:45:00,19573.2636311914,1,55
2023-08-08,19575.7,19575.7,19567.2,19567.85,13:50:00,19573.495666316023,1,56
2023-08-08,19575.85,19580.75,19572.1,19575.85,13:55:00,19573.71988857164,1,57
2023-08-08,19574.75,19583.3,19573.05,19575.5,14:00:00,19573.81799442196,1,58
2023-08-08,19574.9,19578.3,19570.85,19575.15,14:05:00,19573.92104257225,1,59
2023-08-08,19576.6,19579.8,19573.75,19574.85,14:10:00,19574.176181374893,1,60
2023-08-08,19573.3,19581.1,19572.3,19576.7,14:15:00,19574.092735529663,1,61
2023-08-08,19589.8,19591.8,19570.6,19574.45,14:20:00,19575.58866547922,1,62
2023-08-08,19594.95,19595.05,19586.6,19589.45,14:25:00,19577.43260210025,1,63
2023-08-08,19590.45,19597.25,19587.65,19594.1,14:30:00,19578.67235428117,1,64
2023-08-08,19581.15,19597.0,19580.65,19590.85,14:35:00,19578.90832054011,1,65
2023-08-08,19567.9,19580.85,19567.45,19579.8,14:40:00,19577.8599090601,1,66
2023-08-08,19557.6,19570.7,19557.3,19567.05,14:45:00,19575.93039391152,1,67
2023-08-08,19563.55,19568.05,19548.55,19557.15,14:50:00,19574.75130877709,1,68
2023-08-08,19559.6,19568.25,19555.75,19563.45,14:55:00,19573.30832698879,1,69
2023-08-08,19573.45,19576.05,19560.2,19560.2,15:00:00,19573.321819656525,1,70
2023-08-08,19576.4,19579.9,19567.55,19574.3,15:05:00,19573.61497968924,1,71
2023-08-08,19566.1,19580.45,19566.1,19577.0,15:10:00,19572.899267337885,1,72
2023-08-08,19573.15,19576.35,19564.8,19566.5,15:15:00,19572.92314663904,1,73
2023-08-08,19571.2,19576.7,19569.2,19573.55,15:20:00,19572.75903743532,1,74
2023-08-08,19570.8,19576.3,19564.85,19569.25,15:25:00,19572.57246244148,1,75
2023-08-09,19546.1,19578.8,19540.25,19578.8,09:15:00,19570.587888755952,2,1
2023-08-09,19545.5,19552.65,19541.6,19544.75,09:20:00,19568.19856601729,2,2
2023-08-09,19523.75,19546.0,19522.3,19544.95,09:25:00,19563.96536925374,2,3
2023-08-09,19520.0,19528.9,19506.8,19524.45,09:30:00,19559.77819122957,2,4
2023-08-09,19513.4,19519.6,19508.85,19519.5,09:35:00,19555.36122063628,2,5
2023-08-09,19505.25,19514.15,19501.85,19514.15,09:40:00,19550.58872343283,2,6
2023-08-09,19504.1,19517.25,19498.2,19506.8,09:45:00,19546.161225963035,2,7
2023-08-09,19505.15,19506.5,19498.65,19502.75,09:50:00,19542.25539491894,2,8
2023-08-09,19509.5,19514.3,19496.65,19505.05,09:55:00,19539.135833498087,2,9
2023-08-09,19514.65,19515.0,19502.0,19509.7,10:00:00,19536.80384935541,2,10
2023-08-09,19516.45,19516.8,19507.25,19514.5,10:05:00,19534.86538751204,2,11
2023-08-09,19508.8,19516.9,19505.3,19516.9,10:10:00,19532.38296965375,2,12
2023-08-09,19485.7,19509.8,19485.25,19508.8,10:15:00,19527.93697254387,2,13
2023-08-09,19483.65,19486.6,19469.35,19485.45,10:20:00,19523.719165634928,2,14
2023-08-09,19480.0,19487.5,19478.6,19483.6,10:25:00,19519.555435574457,2,15
2023-08-09,19479.05,19480.65,19472.1,19479.6,10:30:00,19515.69777504356,2,16
2023-08-09,19487.85,19490.35,19479.65,19479.65,10:35:00,19513.045605991792,2,17
2023-08-09,19492.55,19493.65,19483.65,19487.7,10:40:00,19511.093643516386,2,18
2023-08-09,19490.05,19493.9,19488.8,19492.15,10:45:00,19509.08948699101,2,19
2023-08-09,19482.1,19491.65,19481.9,19489.9,10:50:00,19506.51905965853,2,20
2023-08-09,19495.95,19497.05,19481.45,19482.8,10:55:00,19505.5124825482,2,21
2023-08-09,19480.45,19497.1,19479.6,19495.65,11:00:00,19503.125579448373,2,22
2023-08-09,19477.7,19481.55,19472.2,19479.9,11:05:00,19500.704095691384,2,23
2023-08-09,19480.2,19480.7,19468.25,19477.95,11:10:00,19498.75132467316,2,24
2023-08-09,19486.7,19489.45,19474.55,19479.05,11:15:00,19497.603579466188,2,25
2023-08-09,19478.4,19489.9,19477.35,19486.6,11:20:00,19495.77466713608,2,26
2023-08-09,19481.35,19484.15,19477.3,19478.1,11:25:00,19494.400889313587,2,27
2023-08-09,19487.05,19489.95,19479.45,19480.35,11:30:00,19493.700804617056,2,28
2023-08-09,19489.6,19491.5,19483.85,19486.55,11:35:00,19493.310251796385,2,29
2023-08-09,19489.5,19492.1,19487.0,19490.0,11:40:00,19492.94737067292,2,30
2023-08-09,19484.35,19492.65,19483.55,19488.65,11:45:00,19492.12857346598,2,31
2023-08-09,19483.35,19485.9,19479.55,19484.05,11:50:00,19491.29251885017,2,32
2023-08-09,19491.15,19492.1,19478.4,19481.85,11:55:00,19491.278945626345,2,33
2023-08-09,19487.15,19494.3,19484.6,19490.55,12:00:00,19490.88571270955,2,34
2023-08-09,19484.85,19486.75,19481.45,19486.1,12:05:00,19490.31088292769,2,35
2023-08-09,19489.05,19489.05,19482.85,19484.85,12:10:00,19490.190798839336,2,36
2023-08-09,19487.05,19491.45,19483.8,19487.8,12:15:00,19489.891675140352,2,37
2023-08-09,19486.3,19487.45,19478.65,19486.6,12:20:00,19489.54961084127,2,38
2023-08-09,19488.6,19492.5,19484.85,19485.65,12:25:00,19489.45917171353,2,39
2023-08-09,19498.75,19499.5,19485.55,19488.25,12:30:00,19490.34401250272,2,40
2023-08-09,19503.45,19503.45,19493.75,19498.65,12:35:00,19491.59220178817,2,41
2023-08-09,19489.7,19503.75,19486.55,19502.55,12:40:00,19491.411992094065,2,42
2023-08-09,19492.75,19496.1,19488.7,19489.3,12:45:00,19491.53942141844,2,43
2023-08-09,19499.6,19499.6,19489.45,19492.2,12:50:00,19492.307095569064,2,44
2023-08-09,19496.05,19500.95,19492.15,19499.25,12:55:00,19492.663562657723,2,45
2023-08-09,19508.65,19509.05,19494.3,19495.1,13:00:00,19494.186080499843,2,46
2023-08-09,19503.85,19510.9,19501.6,19508.0,13:05:00,19495.10645378557,2,47
2023-08-09,19505.65,19505.65,19498.0,19502.35,13:10:00,19496.11060104409,2,48
2023-08-09,19493.25,19506.95,19491.5,19504.75,13:15:00,19495.838162849413,2,49
2023-08-09,19495.75,19495.75,19489.2,19492.7,13:20:00,19495.829766387564,2,50
2023-08-09,19496.7,19497.85,19492.7,19495.75,13:25:00,19495.912645779223,2,51
2023-08-09,19503.35,19503.35,19494.4,19495.7,13:30:00,19496.62096522882,2,52
2023-08-09,19504.95,19506.5,19501.1,19502.7,13:35:00,19497.4142066356,2,53
2023-08-09,19511.05,19511.15,19503.2,19504.35,13:40:00,19498.712853622685,2,54
2023-08-09,19513.35,19516.6,19508.95,19510.25,13:45:00,19500.106867563383,2,55
2023-08-09,19517.6,19518.6,19508.15,19512.2,13:50:00,19501.772880176395,2,56
2023-08-09,19521.1,19521.6,19514.95,19516.75,13:55:00,19503.61355825484,2,57
2023-08-09,19527.15,19528.1,19519.7,19519.8,14:00:00,19505.855124135327,2,58
2023-08-09,19527.6,19528.0,19521.6,19526.25,14:05:00,19507.926064693867,2,59
2023-08-09,19527.95,19529.55,19524.8,19527.15,14:10:00,19509.8331061516,2,60
2023-08-09,19527.35,19529.2,19517.6,19527.1,14:15:00,19511.501381756203,2,61
2023-08-09,19524.5,19528.15,19520.4,19525.75,14:20:00,19512.73934539847,2,62
2023-08-09,19534.15,19535.2,19524.0,19524.05,14:25:00,19514.778455360523,2,63
2023-08-09,19544.45,19546.5,19531.75,19533.1,14:30:00,19517.60431675476,2,64
2023-08-09,19559.05,19559.15,19543.3,19544.2,14:35:00,19521.55152468288,2,65
2023-08-09,19574.2,19574.7,19558.75,19558.75,14:40:00,19526.56566518927,2,66
2023-08-09,19564.6,19580.6,19564.55,19573.6,14:45:00,19530.18798279029,2,67
2023-08-09,19593.2,19594.0,19564.55,19564.55,14:50:00,19536.189127286456,2,68
2023-08-09,19597.5,19603.15,19592.25,19592.25,14:55:00,19542.02825802108,2,69
2023-08-09,19616.4,19618.6,19596.8,19596.8,15:00:00,19549.111281066693,2,70
2023-08-09,19630.2,19631.2,19615.6,19616.25,15:05:00,19556.8340162032,2,71
2023-08-09,19639.0,19641.05,19624.15,19630.0,15:10:00,19564.659347993365,2,72
2023-08-09,19641.05,19645.2,19636.3,19638.6,15:15:00,19571.93464818448,2,73
2023-08-09,19638.15,19643.55,19635.0,19641.45,15:20:00,19578.240872166905,2,74
2023-08-09,19630.95,19640.7,19623.55,19637.7,15:25:00,19583.260789103388,2,75
2023-08-10,19575.1,19615.5,19574.85,19605.55,09:15:00,19584.40418337035,3,1
2023-08-10,19580.7,19587.5,19568.35,19576.25,09:20:00,19584.051404001744,3,2
2023-08-10,19585.0,19589.95,19577.4,19580.15,09:25:00,19584.14174647777,3,3
2023-08-10,19600.05,19602.9,19571.2,19583.4,09:30:00,19585.6568182418,3,4
2023-08-10,19592.1,19600.55,19590.1,19600.25,09:35:00,19586.27045459972,3,5
2023-08-10,19590.45,19594.35,19584.0,19592.8,09:40:00,19586.668506542603,3,6
2023-08-10,19578.9,19594.65,19575.3,19590.5,09:45:00,19585.92864877664,3,7
2023-08-10,19582.75,19587.45,19577.25,19578.95,09:50:00,19585.625920321723,3,8
2023-08-10,19582.45,19584.65,19578.2,19583.6,09:55:00,19585.32345171965,3,9
2023-08-10,19596.75,19605.45,19570.95,19582.45,10:00:00,19586.41169441302,3,10
2023-08-10,19610.85,19621.95,19598.15,19598.15,10:05:00,19588.73915208797,3,11
2023-08-10,19617.8,19619.35,19601.05,19611.2,10:10:00,19591.50685188912,3,12
2023-08-10,19616.7,19621.95,19605.0,19617.35,10:15:00,19593.906199328245,3,13
2023-08-10,19557.8,19621.3,19549.6,19617.5,10:20:00,19590.467513677937,3,14
2023-08-10,19539.6,19555.75,19534.8,19555.45,10:25:00,19585.622988565752,3,15
2023-08-10,19514.2,19540.2,19507.55,19538.45,10:30:00,19578.82079917854,3,16
2023-08-10,19508.0,19522.95,19503.05,19514.8,10:35:00,19572.075961161536,3,17
2023-08-10,19505.9,19510.05,19496.3,19506.95,10:40:00,19565.77348866996,3,18
2023-08-10,19526.3,19537.75,19503.5,19506.3,10:45:00,19562.01410879664,3,19
2023-08-10,19550.55,19560.6,19522.05,19526.2,10:50:00,19560.92228891124,3,20
2023-08-10,19545.8,19557.1,19539.2,19551.35,10:55:00,19559.482070919694,3,21
2023-08-10,19543.0,19547.8,19531.85,19545.75,11:00:00,19557.912349879723,3,22
2023-08-10,19538.9,19554.1,19537.55,19542.75,11:05:00,19556.101649891178,3,23
2023-08-10,19534.6,19544.95,19534.6,19538.9,11:10:00,19554.053873711066,3,24
2023-08-10,19539.55,19541.05,19531.7,19533.8,11:15:00,19552.672552405253,3,25
2023-08-10,19539.6,19544.1,19531.75,19539.25,11:20:00,19551.42754741428,3,26
2023-08-10,19537.1,19539.55,19530.2,19539.55,11:25:00,19550.06301908911,3,27
2023-08-10,19538.7,19540.2,19529.35,19535.4,11:30:00,19548.98082679491,3,28
2023-08-10,19536.05,19542.3,19536.05,19538.75,11:35:00,19547.749319481107,3,29
2023-08-10,19544.75,19544.75,19532.1,19536.85,11:40:00,19547.46367000672,3,30
2023-08-10,19542.85,19551.5,19537.95,19545.35,11:45:00,19547.024272863226,3,31
2023-08-10,19565.3,19565.5,19540.45,19542.0,11:50:00,19548.76481830482,3,32
2023-08-10,19575.1,19579.65,19563.85,19565.35,11:55:00,19551.27293084721,3,33
2023-08-10,19579.0,19580.8,19572.25,19575.2,12:00:00,19553.913604099864,3,34
2023-08-10,19580.4,19581.75,19575.55,19577.9,12:05:00,19556.43611799512,3,35
2023-08-10,19551.15,19579.3,19548.2,19578.35,12:10:00,19555.93267818606,3,36
2023-08-10,19553.1,19556.65,19542.9,19550.55,12:15:00,19555.662899311195,3,37
2023-08-10,19560.8,19561.05,19546.45,19553.1,12:20:00,19556.15214699585,3,38
2023-08-10,19560.35,19562.8,19551.1,19559.7,12:25:00,19556.55194252005,3,39
2023-08-10,19545.05,19561.45,19545.05,19561.0,12:30:00,19555.456519422907,3,40
2023-08-10,19557.4,19561.0,19545.75,19546.65,12:35:00,19555.6416128112,3,41
2023-08-10,19565.65,19567.45,19556.3,19558.75,12:40:00,19556.594792543467,3,42
2023-08-10,19564.85,19569.5,19558.6,19566.15,12:45:00,19557.38100277742,3,43
2023-08-10,19566.25,19569.25,19561.95,19564.3,12:50:00,19558.22566917957,3,44
2023-08-10,19559.65,19569.45,19556.7,19567.15,12:55:00,19558.361319733896,3,45
2023-08-10,19579.1,19579.1,19557.35,19559.2,13:00:00,19560.3364321402,3,46
2023-08-10,19578.9,19588.2,19577.0,19578.35,13:05:00,19562.104390983983,3,47
2023-08-10,19585.0,19587.45,19576.1,19577.8,13:10:00,19564.284925175987,3,48
2023-08-10,19578.25,19599.0,19578.25,19586.05,13:15:00,19565.614932302084,3,49
2023-08-10,19566.5,19581.7,19564.55,19577.1,13:20:00,19565.69922446379,3,50
2023-08-10,19543.6,19565.8,19536.8,19565.15,13:25:00,19563.59453641962,3,51
2023-08-10,19553.7,19554.05,19536.0,19543.5,13:30:00,19562.65219961775,3,52
2023-08-10,19547.95,19554.7,19544.25,19553.1,13:35:00,19561.251990130346,3,53
2023-08-10,19546.0,19554.85,19541.35,19547.2,13:40:00,19559.799419641746,3,54
2023-08-10,19540.75,19550.25,19531.8,19545.2,13:45:00,19557.98518919967,3,55
2023-08-10,19514.3,19540.2,19506.55,19540.05,13:50:00,19553.824694990177,3,56
2023-08-10,19513.8,19530.25,19512.35,19514.0,13:55:00,19550.012819276828,3,57
2023-08-10,19514.4,19520.9,19503.1,19513.95,14:00:00,19546.621122202843,3,58
2023-08-10,19547.35,19548.3,19512.1,19513.05,14:05:00,19546.690539135907,3,59
2023-08-10,19543.75,19550.15,19536.2,19547.15,14:10:00,19546.410487789628,3,60
2023-08-10,19542.15,19558.2,19540.5,19543.55,14:15:00,19546.00472704776,3,61
2023-08-10,19543.4,19547.7,19535.8,19541.65,14:20:00,19545.75665780512,3,62
2023-08-10,19540.85,19547.2,19538.8,19542.15,14:25:00,19545.28935706177,3,63
2023-08-10,19555.95,19557.8,19532.35,19538.4,14:30:00,19546.30465638922,3,64
2023-08-10,19545.05,19556.05,19541.5,19555.45,14:35:00,19546.18516530453,3,65
2023-08-10,19542.85,19547.25,19533.9,19543.7,14:40:00,19545.867530513628,3,66
2023-08-10,19535.05,19546.25,19530.65,19542.35,14:45:00,19544.83728951233,3,67
2023-08-10,19533.15,19534.95,19523.7,19534.95,14:50:00,19543.72421432068,3,68
2023-08-10,19528.05,19546.8,19527.6,19532.45,14:55:00,19542.231432004424,3,69
2023-08-10,19526.15,19536.65,19517.95,19527.85,15:00:00,19540.699867051622,3,70
2023-08-10,19549.15,19550.85,19523.95,19525.9,15:05:00,19541.50464161813,3,71
2023-08-10,19545.95,19551.65,19542.35,19548.6,15:10:00,19541.92800908308,3,72
2023-08-10,19535.8,19551.8,19535.3,19546.35,15:15:00,19541.3443891704,3,73
2023-08-10,19549.7,19549.7,19535.3,19535.45,15:20:00,19542.140161630363,3,74
2023-08-10,19549.2,19554.75,19543.8,19549.3,15:25:00,19542.812527189373,3,75
2023-08-11,19495.8,19555.15,19490.85,19554.25,09:15:00,19539.320685522365,4,1
2023-08-11,19485.5,19500.75,19480.1,19494.85,09:20:00,19534.194905948807,4,2
2023-08-11,19490.45,19491.85,19479.35,19485.95,09:25:00,19530.028724429874,4,3
2023-08-11,19486.85,19498.75,19483.5,19490.65,09:30:00,19525.916464960363,4,4
2023-08-11,19471.6,19489.95,19471.1,19486.35,09:35:00,19520.74346829747,4,5
2023-08-11,19476.35,19479.15,19465.6,19472.0,09:40:00,19516.515518935805,4,6
2023-08-11,19470.4,19478.75,19468.7,19476.6,09:45:00,19512.12356475144,4,7
2023-08-11,19466.3,19471.45,19461.3,19471.05,09:50:00,19507.75941572749,4,8
2023-08-11,19466.65,19469.9,19459.1,19466.25,09:55:00,19503.844233277257,4,9
2023-08-11,19468.25,19478.7,19465.55,19467.3,10:00:00,19500.45430629847,4,10
2023-08-11,19459.45,19469.65,19453.35,19468.45,10:05:00,19496.549134270044,4,11
2023-08-11,19459.6,19464.15,19456.25,19460.15,10:10:00,19493.03016910147,4,12
2023-08-11,19471.2,19471.2,19454.15,19459.45,10:15:00,19490.95110537752,4,13
2023-08-11,19469.75,19474.95,19467.55,19470.9,10:20:00,19488.931952484425,4,14
2023-08-11,19471.05,19473.75,19463.8,19470.6,10:25:00,19487.22890939068,4,15
2023-08-11,19475.85,19479.05,19470.7,19471.05,10:30:00,19486.145203734417,4,16
2023-08-11,19468.85,19476.2,19465.8,19475.05,10:35:00,19484.498041474,4,17
2023-08-11,19470.45,19472.6,19464.8,19468.0,10:40:00,19483.160132762187,4,18
2023-08-11,19475.6,19476.75,19468.95,19470.5,10:45:00,19482.440120118168,4,19
2023-08-11,19467.15,19477.8,19464.95,19475.8,10:50:00,19480.98391820216,4,20
2023-08-11,19460.65,19468.65,19459.9,19466.9,10:55:00,19479.047354563856,4,21
2023-08-11,19449.25,19460.9,19442.0,19460.7,11:00:00,19476.20951127206,4,22
2023-08-11,19456.4,19457.4,19447.95,19449.7,11:05:00,19474.32289115091,4,23
2023-08-11,19463.95,19468.85,19454.95,19456.5,11:10:00,19473.334996755588,4,24
2023-08-11,19458.3,19464.3,19458.3,19463.35,11:15:00,19471.90309230268,4,25
2023-08-11,19470.65,19472.5,19457.8,19457.8,11:20:00,19471.783750178613,4,26
2023-08-11,19465.85,19472.2,19462.65,19470.9,11:25:00,19471.21863111398,4,27
2023-08-11,19452.8,19467.7,19450.75,19465.8,11:30:00,19469.4644757698,4,28
2023-08-11,19447.25,19453.0,19441.15,19452.5,11:35:00,19467.348811410764,4,29
2023-08-11,19442.6,19447.5,19437.9,19446.5,11:40:00,19464.9917817526,4,30
2023-08-11,19443.0,19447.35,19440.6,19443.2,11:45:00,19462.89732634759,4,31
2023-08-11,19444.0,19445.9,19440.25,19442.1,11:50:00,19461.09758098115,4,32
2023-08-11,19450.3,19450.4,19435.25,19443.3,11:55:00,19460.06923993533,4,33
2023-08-11,19444.45,19454.4,19443.15,19450.0,12:00:00,19458.58169327482,4,34
2023-08-11,19454.85,19457.4,19443.25,19445.15,12:05:00,19458.22629391531,4,35
2023-08-11,19449.95,19455.45,19447.1,19454.7,12:10:00,19457.438075447182,4,36
2023-08-11,19445.25,19450.75,19444.15,19449.35,12:15:00,19456.27730635698,4,37
2023-08-11,19451.95,19454.45,19444.95,19445.7,12:20:00,19455.86518194203,4,38
2023-08-11,19446.2,19455.25,19444.9,19451.8,12:25:00,19454.94468842374,4,39
2023-08-11,19451.8,19454.6,19443.45,19446.4,12:30:00,19454.645194288147,4,40
2023-08-11,19453.95,19457.4,19445.85,19452.55,12:35:00,19454.57898530832,4,41
2023-08-11,19454.15,19457.45,19444.85,19453.85,12:40:00,19454.53812956468,4,42
2023-08-11,19453.2,19462.4,19451.85,19454.15,12:45:00,19454.410688653752,4,43
2023-08-11,19437.95,19454.05,19437.8,19452.8,12:50:00,19452.843004020066,4,44
2023-08-11,19437.85,19449.45,19436.25,19438.95,12:55:00,19451.41509887529,4,45
2023-08-11,19477.85,19478.75,19437.45,19438.65,13:00:00,19453.932708506218,4,46
2023-08-11,19475.15,19488.3,19469.65,19477.3,13:05:00,19455.9534029342,4,47
2023-08-11,19482.2,19484.25,19473.0,19475.25,13:10:00,19458.453078845225,4,48
2023-08-11,19480.3,19488.45,19477.1,19482.6,13:15:00,19460.53373800282,4,49
2023-08-11,19488.55,19492.65,19479.6,19479.6,13:20:00,19463.20195343112,4,50
2023-08-11,19482.35,19489.75,19478.25,19486.9,13:25:00,19465.025576913875,4,51
2023-08-11,19482.7,19483.25,19472.45,19482.1,13:30:00,19466.70885530303,4,52
2023-08-11,19464.25,19483.4,19462.2,19481.85,13:35:00,19466.474678607505,4,53
2023-08-11,19467.5,19468.35,19457.35,19462.1,13:40:00,19466.572328263934,4,54
2023-08-11,19481.2,19482.45,19463.45,19467.7,13:45:00,19467.96543985784,4,55
2023-08-11,19476.75,19484.9,19470.95,19481.85,13:50:00,19468.802064633288,4,56
2023-08-11,19482.95,19486.5,19475.7,19476.35,13:55:00,19470.14948704917,4,57
2023-08-11,19480.3,19485.35,19474.95,19482.8,14:00:00,19471.116202568293,4,58
2023-08-11,19471.95,19481.2,19463.5,19481.2,14:05:00,19471.195611847503,4,59
2023-08-11,19470.7,19476.05,19466.7,19471.65,14:10:00,19471.148410719168,4,60
2023-08-11,19470.3,19479.5,19468.8,19470.8,14:15:00,19471.067609698293,4,61
2023-08-11,19477.25,19480.9,19464.9,19471.05,14:20:00,19471.65640877465,4,62
2023-08-11,19479.05,19481.95,19475.3,19476.55,14:25:00,19472.36056031992,4,63
2023-08-11,19479.45,19486.0,19478.05,19479.35,14:30:00,19473.03574505136,4,64
2023-08-11,19468.95,19484.55,19468.95,19479.9,14:35:00,19472.64662647504,4,65
2023-08-11,19455.7,19469.55,19450.25,19469.55,14:40:00,19471.032662048845,4,66
2023-08-11,19453.85,19462.3,19452.05,19455.75,14:45:00,19469.396218044192,4,67
2023-08-11,19454.75,19461.35,19449.0,19454.25,14:50:00,19468.00134013522,4,68
2023-08-11,19465.6,19470.65,19449.25,19454.65,14:55:00,19467.77264107472,4,69
2023-08-11,19425.75,19468.65,19420.8,19466.9,15:00:00,19463.77048478189,4,70
2023-08-11,19419.7,19433.95,19416.6,19426.2,15:05:00,19459.573295755043,4,71
2023-08-11,19415.85,19426.6,19415.15,19420.15,15:10:00,19455.4091723498,4,72
2023-08-11,19429.95,19430.9,19415.9,19415.9,15:15:00,19452.984489268867,4,73
2023-08-11,19432.55,19439.1,19425.25,19430.4,15:20:00,19451.038347433736,4,74
2023-08-11,19424.25,19435.0,19413.8,19433.1,15:25:00,19448.48707624957,4,75
2023-08-14,19303.7,19389.8,19298.45,19383.95,09:15:00,19429.136812984343,0,1
2023-08-14,19269.9,19306.1,19269.75,19302.65,09:20:00,19413.97140222393,0,2
2023-08-14,19289.0,19290.55,19269.75,19271.85,09:25:00,19402.06936391689,0,3
2023-08-14,19264.4,19288.7,19261.85,19288.4,09:30:00,19388.957995924804,0,4
2023-08-14,19290.7,19292.25,19258.2,19265.1,09:35:00,19379.60009155101,0,5
2023-08-14,19304.95,19308.3,19284.65,19291.15,09:40:00,19372.490559022342,0,6
2023-08-14,19314.85,19316.6,19303.95,19305.75,09:45:00,19367.0009819726,0,7
2023-08-14,19299.7,19318.6,19297.9,19315.95,09:50:00,19360.59136464188,0,8
2023-08-14,19309.8,19312.3,19296.1,19298.75,09:55:00,19355.75409181884,0,9
2023-08-14,19319.4,19321.0,19299.4,19310.85,10:00:00,19352.291797359903,0,10
2023-08-14,19316.45,19321.3,19306.05,19319.45,10:05:00,19348.87829284944,0,11
2023-08-14,19319.8,19324.1,19312.75,19316.7,10:10:00,19346.10893162568,0,12
2023-08-14,19319.4,19322.45,19312.8,19320.5,10:15:00,19343.56522385181,0,13
2023-08-14,19311.6,19321.55,19309.75,19319.75,10:20:00,19340.520916818303,0,14
2023-08-14,19313.15,19314.8,19308.1,19311.6,10:25:00,19337.914162835605,0,15
2023-08-14,19305.35,19322.2,19303.3,19312.75,10:30:00,19334.81281399412,0,16
2023-08-14,19305.3,19312.9,19303.15,19305.45,10:35:00,19332.002069804203,0,17
2023-08-14,19310.7,19314.2,19301.0,19305.75,10:40:00,19329.97330125142,0,18
2023-08-14,19308.85,19314.9,19305.2,19312.25,10:45:00,19327.961558275096,0,19
2023-08-14,19311.4,19314.1,19302.8,19307.95,10:50:00,19326.3842670108,0,20
2023-08-14,19317.1,19318.7,19308.05,19311.9,10:55:00,19325.500051105013,0,21
2023-08-14,19319.75,19320.9,19310.4,19315.3,11:00:00,19324.95242719025,0,22
2023-08-14,19317.5,19323.55,19314.7,19319.7,11:05:00,19324.242672219752,0,23
2023-08-14,19316.45,19322.35,19315.85,19318.45,11:10:00,19323.50051296073,0,24
2023-08-14,19331.0,19332.65,19316.0,19317.05,11:15:00,19324.21474982161,0,25
2023-08-14,19349.9,19350.1,19328.6,19330.8,11:20:00,19326.66096412432,0,26
2023-08-14,19349.6,19353.3,19344.8,19349.75,11:25:00,19328.845634207715,0,27
2023-08-14,19353.65,19355.45,19343.6,19350.4,11:30:00,19331.207954759364,0,28
2023-08-14,19349.75,19356.6,19347.25,19352.95,11:35:00,19332.9738638299,0,29
2023-08-14,19354.15,19357.0,19345.2,19349.8,11:40:00,19334.99063870324,0,30
2023-08-14,19344.9,19358.4,19342.6,19353.85,11:45:00,19335.93438739817,0,31
2023-08-14,19355.4,19356.65,19341.15,19344.3,11:50:00,19337.78825526501,0,32
2023-08-14,19355.4,19357.1,19351.8,19355.35,11:55:00,19339.46556428739,0,33
2023-08-14,19362.0,19365.95,19352.1,19355.0,12:00:00,19341.611701021924,0,34
2023-08-14,19365.0,19368.0,19360.85,19362.2,12:05:00,19343.83915806745,0,35
2023-08-14,19379.0,19379.8,19360.6,19364.75,12:10:00,19347.18780968008,0,36
2023-08-14,19378.2,19385.35,19377.55,19379.8,12:15:00,19350.141351615304,0,37
2023-08-14,19370.35,19378.75,19369.75,19378.45,12:20:00,19352.0659847948,0,38
2023-08-14,19374.1,19374.1,19362.35,19370.05,12:25:00,19354.16446243339,0,39
2023-08-14,19367.6,19377.55,19365.55,19374.4,12:30:00,19355.44403743973,0,40
2023-08-14,19367.0,19368.15,19359.95,19368.15,12:35:00,19356.544605302617,0,41
2023-08-14,19364.75,19372.5,19363.3,19366.75,12:40:00,19357.32607146427,0,42
2023-08-14,19353.1,19365.15,19351.2,19365.15,12:45:00,19356.923588467675,0,43
2023-08-14,19354.65,19355.25,19345.95,19352.95,12:50:00,19356.70705623266,0,44
2023-08-14,19353.05,19359.3,19350.1,19354.85,12:55:00,19356.358765162884,0,45
2023-08-14,19361.75,19366.65,19351.3,19352.85,13:00:00,19356.87221609976,0,46
2023-08-14,19364.35,19370.6,19361.95,19362.85,13:05:00,19357.58438599501,0,47
2023-08-14,19362.15,19366.3,19350.1,19364.05,13:10:00,19358.01920637644,0,48
2023-08-14,19361.75,19365.9,19357.15,19361.75,13:15:00,19358.37452005488,0,49
2023-08-14,19364.05,19364.05,19351.6,19361.55,13:20:00,19358.915041954413,0,50
2023-08-14,19372.75,19373.8,19362.35,19362.85,13:25:00,19360.23265700637,0,51
2023-08-14,19387.45,19387.45,19367.15,19372.6,13:30:00,19362.82478491053,0,52
2023-08-14,19392.2,19393.7,19383.9,19386.9,13:35:00,19365.62242444286,0,53
2023-08-14,19386.65,19393.45,19384.3,19391.75,13:40:00,19367.625050686394,0,54
2023-08-14,19401.8,19401.8,19385.8,19386.35,13:45:00,19370.87980776388,0,55
2023-08-14,19401.85,19405.05,19398.45,19401.7,13:50:00,19373.82934988161,0,56
2023-08-14,19403.8,19407.1,19399.7,19402.5,13:55:00,19376.68369751193,0,57
2023-08-14,19411.45,19415.5,19403.25,19403.7,14:00:00,19379.994773939365,0,58
2023-08-14,19420.35,19420.85,19405.1,19411.8,14:05:00,19383.838128802283,0,59
2023-08-14,19430.35,19434.15,19418.95,19420.6,14:10:00,19388.267830821114,0,60
2023-08-14,19434.05,19437.0,19426.6,19429.85,14:15:00,19392.628037409577,0,61
2023-08-14,19422.65,19433.0,19417.75,19433.0,14:20:00,19395.487271942,0,62
2023-08-14,19421.4,19423.35,19407.05,19423.35,14:25:00,19397.955150804668,0,63
2023-08-14,19428.2,19428.6,19418.0,19421.1,14:30:00,19400.8356126328,0,64
2023-08-14,19425.0,19432.9,19420.65,19428.25,14:35:00,19403.136982858243,0,65
2023-08-14,19433.0,19433.2,19419.85,19424.6,14:40:00,19405.981079728885,0,66
2023-08-14,19453.8,19453.8,19431.75,19433.15,14:45:00,19410.535262611847,0,67
2023-08-14,19449.0,19454.35,19444.85,19453.55,14:50:00,19414.198570934528,0,68
2023-08-14,19458.45,19458.45,19445.95,19449.05,14:55:00,19418.412992750287,0,69
2023-08-14,19451.55,19465.3,19448.85,19459.05,15:00:00,19421.56889820264,0,70
2023-08-14,19438.8,19461.45,19435.75,19451.9,15:05:00,19423.209955516675,0,71
2023-08-14,19430.95,19441.9,19428.9,19439.25,15:10:00,19423.947102610324,0,72
2023-08-14,19427.8,19437.1,19422.55,19431.15,15:15:00,19424.314045218864,0,73
2023-08-14,19420.55,19428.85,19413.75,19428.45,15:20:00,19423.95556472183,0,74
2023-08-14,19413.65,19426.2,19408.4,19421.5,15:25:00,19422.97408236737,0,75
2023-08-16,19358.25,19384.35,19319.25,19369.0,09:15:00,19412.159056087577,2,1
2023-08-16,19358.75,19369.75,19347.2,19357.55,09:20:00,19407.07247931733,2,2
2023-08-16,19364.4,19365.25,19347.15,19358.55,09:25:00,19403.008433668063,2,3
2023-08-16,19344.95,19367.25,19344.15,19365.2,09:30:00,19397.47905903301,2,4
2023-08-16,19369.25,19372.1,19340.7,19344.25,09:35:00,19394.79057722034,2,5
2023-08-16,19367.9,19377.65,19360.65,19369.25,09:40:00,19392.229569866024,2,6
2023-08-16,19368.3,19376.75,19366.2,19367.8,09:45:00,19389.950563212115,2,7
2023-08-16,19373.95,19379.35,19366.35,19368.15,09:50:00,19388.42670004905,2,8
2023-08-16,19370.95,19375.45,19366.15,19374.25,09:55:00,19386.76225242534,2,9
2023-08-16,19365.75,19372.8,19360.95,19368.55,10:00:00,19384.761085527687,2,10
2023-08-16,19376.25,19380.5,19363.75,19365.85,10:05:00,19383.95050595362,2,11
2023-08-16,19377.95,19379.2,19369.65,19376.4,10:10:00,19383.37902919613,2,12
2023-08-16,19395.25,19395.45,19376.9,19378.15,10:15:00,19384.509597844124,2,13
2023-08-16,19391.2,19399.9,19387.85,19395.45,10:20:00,19385.146779001825,2,14
2023-08-16,19389.75,19397.25,19388.4,19391.5,10:25:00,19385.58518100165,2,15
2023-08-16,19388.65,19394.0,19386.95,19389.9,10:30:00,19385.877068525304,2,16
2023-08-16,19387.7,19389.6,19381.8,19388.55,10:35:00,19386.050681046705,2,17
2023-08-16,19400.35,19401.25,19386.2,19386.9,10:40:00,19387.412520947026,2,18
2023-08-16,19401.6,19407.7,19400.4,19400.95,10:45:00,19388.76370942825,2,19
2023-08-16,19392.7,19403.15,19386.95,19402.25,10:50:00,19389.13859424461,2,20
2023-08-16,19379.4,19397.4,19378.25,19393.2,10:55:00,19388.21110907846,2,21
2023-08-16,19389.15,19389.5,19378.45,19379.5,11:00:00,19388.300527261465,2,22
2023-08-16,19384.55,19391.0,19381.85,19388.95,11:05:00,19387.943334188945,2,23
2023-08-16,19378.9,19386.05,19376.0,19385.25,11:10:00,19387.082064266186,2,24
2023-08-16,19384.25,19384.85,19377.2,19378.6,11:15:00,19386.81234385988,2,25
2023-08-16,19385.7,19389.4,19382.9,19384.15,11:20:00,19386.70640634941,2,26
2023-08-16,19386.6,19388.4,19383.65,19385.05,11:25:00,19386.696272411376,2,27
2023-08-16,19394.4,19394.4,19385.2,19386.15,11:30:00,19387.42996075315,2,28
2023-08-16,19379.75,19394.1,19379.75,19394.1,11:35:00,19386.69853591952,2,29
2023-08-16,19362.45,19380.35,19359.9,19379.5,11:40:00,19384.389151546227,2,30
2023-08-16,19373.5,19373.5,19361.0,19362.4,11:45:00,19383.352089494205,2,31
2023-08-16,19370.65,19375.2,19368.85,19373.4,11:50:00,19382.14236668523,2,32
2023-08-16,19386.3,19388.25,19369.85,19370.25,11:55:00,19382.53833176283,2,33
2023-08-16,19385.8,19391.4,19383.55,19385.8,12:00:00,19382.84896683304,2,34
2023-08-16,19390.75,19392.15,19384.85,19385.45,12:05:00,19383.60144618227,2,35
2023-08-16,19387.2,19394.35,19382.7,19391.05,12:10:00,19383.94416559349,2,36
2023-08-16,19382.0,19389.0,19380.55,19388.15,12:15:00,19383.75900696553,2,37
2023-08-16,19387.95,19391.4,19379.7,19381.45,12:20:00,19384.15814915929,2,38
2023-08-16,19386.5,19389.3,19382.0,19388.2,12:25:00,19384.38118257269,2,39
2023-08-16,19401.25,19401.3,19386.45,19386.45,12:30:00,19385.98773661339,2,40
2023-08-16,19404.95,19406.9,19397.85,19401.1,12:35:00,19387.793666459733,2,41
2023-08-16,19407.95,19408.95,19399.25,19404.65,12:40:00,19389.71331727309,2,42
2023-08-16,19401.3,19413.0,19401.1,19408.05,12:45:00,19390.81681086613,2,43
2023-08-16,19399.7,19408.85,19398.8,19401.55,12:50:00,19391.66282887888,2,44
2023-08-16,19407.45,19407.45,19397.85,19399.2,12:55:00,19393.16636898565,2,45
2023-08-16,19405.35,19410.35,19400.7,19407.25,13:00:00,19394.32671479653,2,46
2023-08-16,19421.8,19424.35,19405.3,19405.55,13:05:00,19396.94321814925,2,47
2023-08-16,19425.6,19426.9,19418.95,19421.9,13:10:00,19399.67243546837,2,48
2023-08-16,19436.0,19437.7,19419.7,19425.15,13:15:00,19403.132203519,2,49
2023-08-16,19430.45,19438.05,19426.55,19435.95,13:20:00,19405.73389842195,2,50
2023-08-16,19420.15,19433.25,19420.15,19430.3,13:25:00,19407.106860477,2,51
2023-08-16,19426.45,19427.25,19420.3,19420.5,13:30:00,19408.949064241096,2,52
2023-08-16,19426.7,19429.8,19425.05,19426.25,13:35:00,19410.63962955147,2,53
2023-08-16,19419.95,19426.45,19414.2,19426.25,13:40:00,19411.52633149895,2,54
2023-08-16,19427.45,19428.75,19414.55,19420.0,13:45:00,19413.042871356192,2,55
2023-08-16,19419.65,19429.15,19415.95,19427.35,13:50:00,19413.67212170322,2,56
2023-08-16,19430.6,19431.25,19418.55,19419.6,13:55:00,19415.284300588628,2,57
2023-08-16,19421.85,19430.7,19420.45,19430.6,14:00:00,19415.90960529448,2,58
2023-08-16,19419.55,19424.75,19413.8,19421.25,14:05:00,19416.256309552144,2,59
2023-08-16,19422.9,19424.15,19413.75,19419.45,14:10:00,19416.889041975748,2,60
2023-08-16,19438.6,19443.55,19422.75,19423.05,14:15:00,19418.95675226377,2,61
2023-08-16,19436.65,19439.55,19427.9,19438.7,14:20:00,19420.641823476744,2,62
2023-08-16,19436.5,19442.25,19433.05,19436.85,14:25:00,19422.15212600277,2,63
2023-08-16,19427.0,19442.8,19425.15,19435.8,14:30:00,19422.613828288217,2,64
2023-08-16,19433.8,19435.4,19426.2,19426.6,14:35:00,19423.679177975053,2,65
2023-08-16,19437.95,19442.7,19430.0,19433.15,14:40:00,19425.0383038822,2,66
2023-08-16,19432.35,19437.8,19428.4,19437.0,14:45:00,19425.73465589341,2,67
2023-08-16,19422.4,19433.9,19421.3,19432.7,14:50:00,19425.41706961785,2,68
2023-08-16,19430.75,19430.75,19416.95,19422.75,14:55:00,19425.924967749484,2,69
2023-08-16,19476.05,19477.0,19431.55,19431.55,15:00:00,19430.69878034477,2,70
2023-08-16,19473.35,19482.1,19468.4,19475.9,15:05:00,19434.76080126432,2,71
2023-08-16,19461.75,19474.0,19461.75,19473.2,15:10:00,19437.331201143905,2,72
2023-08-16,19471.5,19471.5,19458.0,19462.55,15:15:00,19440.58537246353,2,73
2023-08-16,19462.45,19473.35,19459.4,19471.75,15:20:00,19442.6677179432,2,74
2023-08-16,19447.0,19463.15,19442.35,19461.45,15:25:00,19443.08031623432,2,75
2023-08-17,19445.35,19455.5,19425.2,19450.55,09:15:00,19443.94012281313,3,1
2023-08-17,19439.25,19448.8,19432.65,19446.1,09:20:00,19443.49344444997,3,2
2023-08-17,19412.1,19440.35,19410.0,19439.75,09:25:00,19440.5035925976,3,3
2023-08-17,19397.75,19412.85,19394.55,19411.7,09:30:00,19436.43182187402,3,4
2023-08-17,19399.65,19410.15,19397.4,19398.2,09:35:00,19432.92879121935,3,5
2023-08-17,19405.35,19406.0,19388.85,19399.8,09:40:00,19430.30223967465,3,6
2023-08-17,19403.15,19409.9,19399.3,19403.75,09:45:00,19427.716312086588,3,7
2023-08-17,19397.3,19409.5,19395.2,19403.1,09:50:00,19424.81952045929,3,8
2023-08-17,19383.3,19396.65,19381.4,19396.15,09:55:00,19420.86528041555,3,9
2023-08-17,19393.4,19393.4,19377.55,19383.5,10:00:00,19418.249539423592,3,10
2023-08-17,19399.85,19402.8,19392.2,19392.3,10:05:00,19416.49720233563,3,11
2023-08-17,19399.3,19403.5,19394.75,19400.2,10:10:00,19414.85937354176,3,12
2023-08-17,19397.9,19400.5,19390.1,19398.95,10:15:00,19413.24419510921,3,13
2023-08-17,19391.75,19406.0,19391.6,19397.4,10:20:00,19411.19712890833,3,14
2023-08-17,19387.45,19395.65,19385.45,19391.75,10:25:00,19408.93549758373,3,15
2023-08-17,19401.8,19403.9,19387.3,19388.15,10:30:00,19408.25592638528,3,16
2023-08-17,19404.0,19411.4,19398.6,19403.15,10:35:00,19407.85060006287,3,17
2023-08-17,19399.05,19414.15,19399.05,19404.65,10:40:00,19407.01244767593,3,18
2023-08-17,19395.4,19403.65,19394.35,19400.05,10:45:00,19405.906500278223,3,19
2023-08-17,19401.3,19404.9,19392.7,19395.7,10:50:00,19405.46778596601,3,20
2023-08-17,19406.8,19409.2,19400.15,19402.3,10:55:00,19405.59466349306,3,21
2023-08-17,19412.0,19415.05,19406.95,19407.15,11:00:00,19406.20469554134,3,22
2023-08-17,19411.05,19415.25,19407.95,19413.35,11:05:00,19406.666153108832,3,23
2023-08-17,19400.45,19413.6,19400.45,19412.4,11:10:00,19406.07413852704,3,24
2023-08-17,19370.8,19401.05,19367.4,19401.05,11:15:00,19402.71469676256,3,25
2023-08-17,19374.7,19379.75,19368.25,19372.05,11:20:00,19400.04663040422,3,26
2023-08-17,19366.05,19376.5,19363.3,19375.6,11:25:00,19396.80885608001,3,27
2023-08-17,19362.05,19368.5,19357.25,19365.9,11:30:00,19393.49848883429,3,28
2023-08-17,19368.1,19373.05,19361.25,19362.8,11:35:00,19391.07958513579,3,29
2023-08-17,19373.35,19376.45,19366.35,19367.95,11:40:00,19389.391053218096,3,30
2023-08-17,19374.2,19377.4,19367.9,19375.1,11:45:00,19387.944286244947,3,31
2023-08-17,19365.25,19377.15,19364.15,19373.25,11:50:00,19385.78292565019,3,32
2023-08-17,19359.7,19367.4,19358.45,19364.9,11:55:00,19383.29883749303,3,33
2023-08-17,19360.8,19367.4,19356.55,19359.7,12:00:00,19381.156091065124,3,34
2023-08-17,19355.55,19362.05,19352.7,19361.15,12:05:00,19378.717415725587,3,35
2023-08-17,19356.1,19357.8,19344.25,19354.6,12:10:00,19376.563376132675,3,36
2023-08-17,19350.8,19357.1,19345.6,19355.85,12:15:00,19374.1097212629,3,37
2023-08-17,19352.7,19356.9,19345.0,19350.35,12:20:00,19372.07070019024,3,38
2023-08-17,19361.1,19362.65,19349.05,19352.5,12:25:00,19371.025871600697,3,39
2023-08-17,19356.8,19364.7,19355.6,19360.8,12:30:00,19369.671026686345,3,40
2023-08-17,19346.8,19358.75,19345.65,19356.6,12:35:00,19367.492833668595,3,41
2023-08-17,19341.4,19348.85,19341.2,19346.35,12:40:00,19365.007801890635,3,42
2023-08-17,19349.7,19350.4,19336.9,19341.15,12:45:00,19363.54991599629,3,43
2023-08-17,19339.55,19352.55,19337.9,19349.35,12:50:00,19361.264209710927,3,44
2023-08-17,19332.45,19341.9,19330.35,19337.95,12:55:00,19358.51999926227,3,45
2023-08-17,19332.95,19334.65,19326.65,19332.05,13:00:00,19356.084761237293,3,46
2023-08-17,19339.55,19341.6,19329.65,19332.45,13:05:00,19354.51002207184,3,47
2023-08-17,19329.95,19339.3,19329.1,19338.7,13:10:00,19352.17097235071,3,48
2023-08-17,19339.3,19343.55,19327.35,19329.55,13:15:00,19350.945165460165,3,49
2023-08-17,19335.6,19339.3,19332.2,19339.2,13:20:00,19349.483721130626,3,50
2023-08-17,19335.95,19340.35,19331.4,19335.2,13:25:00,19348.19479530866,3,51
2023-08-17,19348.0,19348.35,19334.15,19335.7,13:30:00,19348.176243374503,3,52
2023-08-17,19346.2,19356.05,19345.35,19347.3,13:35:00,19347.98802971979,3,53
2023-08-17,19360.4,19360.65,19344.3,19345.95,13:40:00,19349.170122127427,3,54
2023-08-17,19360.5,19364.85,19358.4,19360.0,13:45:00,19350.24915811529,3,55
2023-08-17,19363.9,19372.8,19359.15,19360.25,13:50:00,19351.54923829479,3,56
2023-08-17,19361.65,19369.6,19360.35,19363.95,13:55:00,19352.511215600047,3,57
2023-08-17,19358.35,19361.75,19349.2,19361.75,14:00:00,19353.067290304807,3,58
2023-08-17,19358.65,19367.6,19355.05,19358.15,14:05:00,19353.598976942445,3,59
2023-08-17,19364.1,19365.25,19354.25,19358.1,14:10:00,19354.5990743765,3,60
2023-08-17,19360.9,19368.45,19352.15,19363.5,14:15:00,19355.19916253112,3,61
2023-08-17,19354.15,19362.75,19352.25,19360.05,14:20:00,19355.09924229006,3,62
2023-08-17,19350.85,19358.55,19346.15,19353.45,14:25:00,19354.69455254815,3,63
2023-08-17,19376.85,19376.85,19350.95,19350.95,14:30:00,19356.80459516261,3,64
2023-08-17,19379.45,19383.7,19374.5,19376.25,14:35:00,19358.96130038522,3,65
2023-08-17,19378.7,19384.25,19376.0,19379.35,14:40:00,19360.84117653901,3,66
2023-08-17,19377.0,19381.0,19369.45,19378.1,14:45:00,19362.380112106723,3,67
2023-08-17,19381.8,19387.35,19372.45,19376.1,14:50:00,19364.22962523941,3,68
2023-08-17,19378.1,19385.7,19376.0,19381.2,14:55:00,19365.55061331185,3,69
2023-08-17,19371.45,19379.95,19364.0,19377.7,15:00:00,19366.112459663105,3,70
2023-08-17,19372.65,19383.3,19366.4,19371.8,15:05:00,19366.73508255233,3,71
2023-08-17,19362.2,19374.85,19360.5,19372.5,15:10:00,19366.3031699283,3,72
2023-08-17,19361.0,19363.5,19353.3,19361.95,15:15:00,19365.798106125603,3,73
2023-08-17,19362.65,19366.05,19353.9,19360.5,15:20:00,19365.498286494592,3,74
2023-08-17,19346.2,19366.05,19342.6,19362.65,15:25:00,19363.66035444749,3,75
2023-08-18,19307.05,19315.65,19279.45,19301.75,09:15:00,19352.93421305112,4,1
2023-08-18,19315.2,19315.2,19293.0,19306.85,09:20:00,19349.340478474824,4,2
2023-08-18,19326.25,19329.65,19315.2,19315.95,09:25:00,19347.141385286744,4,3
2023-08-18,19316.15,19327.8,19311.25,19325.75,09:30:00,19344.189824783247,4,4
2023-08-18,19294.3,19320.3,19291.3,19316.4,09:35:00,19339.43841289913,4,5
2023-08-18,19283.95,19294.9,19279.45,19293.7,09:40:00,19334.153802146822,4,6
2023-08-18,19287.9,19289.45,19281.85,19283.65,09:45:00,19329.748678132844,4,7
2023-08-18,19274.55,19292.6,19272.45,19287.45,09:50:00,19324.491661167813,4,8
2023-08-18,19267.65,19278.3,19266.2,19275.1,09:55:00,19319.07816962802,4,9
2023-08-18,19271.9,19274.7,19262.4,19267.4,10:00:00,19314.58501061583,4,10
2023-08-18,19271.5,19271.85,19263.8,19271.85,10:05:00,19310.48167627146,4,11
2023-08-18,19266.35,19272.9,19258.55,19272.5,10:10:00,19306.2786594837,4,12
2023-08-18,19286.3,19286.95,19262.0,19265.75,10:15:00,19304.375930009064,4,13
2023-08-18,19279.95,19286.45,19274.65,19285.6,10:20:00,19302.049650960584,4,14
2023-08-18,19271.95,19281.35,19271.65,19279.4,10:25:00,19299.183017535768,4,15
2023-08-18,19276.7,19277.5,19269.6,19273.05,10:30:00,19297.041777770457,4,16
2023-08-18,19268.35,19280.25,19266.55,19276.85,10:35:00,19294.309227506605,4,17
2023-08-18,19261.45,19268.65,19260.85,19268.6,10:40:00,19291.17977726788,4,18
2023-08-18,19266.9,19268.1,19253.6,19261.5,10:45:00,19288.867417528083,4,19
2023-08-18,19263.0,19276.7,19262.7,19267.45,10:50:00,19286.40385395398,4,20
2023-08-18,19271.4,19275.15,19259.3,19262.95,10:55:00,19284.97491548217,4,21
2023-08-18,19272.6,19276.25,19267.2,19271.55,11:00:00,19283.79635210292,4,22
2023-08-18,19274.75,19277.55,19270.55,19273.55,11:05:00,19282.93479475978,4,23
2023-08-18,19276.65,19279.7,19269.9,19275.6,11:10:00,19282.3362428779,4,24
2023-08-18,19274.7,19279.35,19273.5,19276.95,11:15:00,19281.60898165144,4,25
2023-08-18,19275.35,19281.0,19271.85,19274.8,11:20:00,19281.01288816082,4,26
2023-08-18,19285.55,19287.0,19273.75,19275.7,11:25:00,19281.444994050267,4,27
2023-08-18,19297.1,19298.5,19286.0,19286.3,11:30:00,19282.93594699786,4,28
2023-08-18,19298.8,19303.3,19291.6,19297.6,11:35:00,19284.44680918854,4,29
2023-08-18,19302.1,19303.7,19296.55,19299.3,11:40:00,19286.12806545629,4,30
2023-08-18,19302.45,19305.35,19297.2,19302.0,11:45:00,19287.68253541284,4,31
2023-08-18,19297.65,19303.5,19296.0,19303.15,11:50:00,19288.631817754474,4,32
2023-08-18,19304.85,19306.25,19297.05,19298.7,11:55:00,19290.17640653976,4,33
2023-08-18,19313.25,19315.75,19303.45,19305.05,12:00:00,19292.37389163121,4,34
2023-08-18,19308.45,19313.95,19301.7,19313.55,12:05:00,19293.904949571097,4,35
2023-08-18,19304.55,19310.8,19303.4,19309.8,12:10:00,19294.91876389766,4,36
2023-08-18,19290.7,19307.25,19288.6,19305.15,12:15:00,19294.516976859788,4,37
2023-08-18,19287.55,19294.8,19285.5,19291.6,12:20:00,19293.85345525409,4,38
2023-08-18,19293.55,19294.95,19282.4,19288.05,12:25:00,19293.824554753704,4,39
2023-08-18,19295.95,19301.25,19290.1,19294.5,12:30:00,19294.02697811049,4,40
2023-08-18,19296.65,19300.7,19293.75,19296.2,12:35:00,19294.276789719017,4,41
2023-08-18,19296.8,19300.8,19293.95,19297.5,12:40:00,19294.51709546006,4,42
2023-08-18,19292.45,19298.25,19292.0,19296.75,12:45:00,19294.32022922577,4,43
2023-08-18,19286.55,19298.5,19285.95,19293.2,12:50:00,19293.580207394745,4,44
2023-08-18,19290.7,19293.0,19284.75,19287.1,12:55:00,19293.30590192858,4,45
2023-08-18,19294.9,19300.85,19290.15,19290.15,13:00:00,19293.45772079252,4,46
2023-08-18,19273.15,19295.45,19272.9,19295.45,13:05:00,19291.523652145614,4,47
2023-08-18,19268.55,19278.1,19266.65,19273.95,13:10:00,19289.3356852746,4,48
2023-08-18,19276.75,19279.35,19264.2,19269.0,13:15:00,19288.137048581782,4,49
2023-08-18,19274.5,19279.45,19273.1,19277.35,13:20:00,19286.838282050187,4,50
2023-08-18,19275.15,19277.1,19267.35,19275.0,13:25:00,19285.72511233112,4,51
2023-08-18,19279.4,19285.0,19274.9,19276.6,13:30:00,19285.12272068054,4,52
2023-08-18,19263.0,19281.3,19261.4,19279.65,13:35:00,19283.015794901443,4,53
2023-08-18,19263.6,19273.05,19260.35,19265.1,13:40:00,19281.16667157749,4,54
2023-08-18,19280.55,19280.9,19262.65,19263.95,13:45:00,19281.107940951068,4,55
2023-08-18,19288.75,19293.3,19278.65,19280.35,13:50:00,19281.835756098582,4,56
2023-08-18,19304.5,19308.95,19284.4,19289.35,13:55:00,19283.99425551777,4,57
2023-08-18,19341.15,19341.15,19303.45,19305.6,14:00:00,19289.43765975417,4,58
2023-08-18,19334.75,19342.9,19328.7,19341.05,14:05:00,19293.75312072997,4,59
2023-08-18,19353.8,19356.7,19334.7,19335.25,14:10:00,19299.47187113664,4,60
2023-08-18,19369.55,19373.45,19352.85,19353.35,14:15:00,19306.14597864744,4,61
2023-08-18,19355.45,19370.5,19352.95,19370.5,14:20:00,19310.84159972864,4,62
2023-08-18,19362.2,19365.75,19352.15,19356.2,14:25:00,19315.73287594496,4,63
2023-08-18,19361.6,19367.9,19353.2,19363.8,14:30:00,19320.10117347401,4,64
2023-08-18,19344.3,19363.1,19340.3,19362.45,14:35:00,19322.40582361934,4,65
2023-08-18,19348.5,19356.45,19342.35,19345.55,14:40:00,19324.890983274643,4,66
2023-08-18,19344.2,19357.8,19341.7,19348.35,14:45:00,19326.729937248485,4,67
2023-08-18,19338.65,19351.35,19335.15,19345.1,14:50:00,19327.865181320056,4,68
2023-08-18,19337.3,19351.0,19334.8,19339.6,14:55:00,19328.763735480054,4,69
2023-08-18,19325.1,19351.85,19318.15,19339.2,15:00:00,19328.41480829148,4,70
2023-08-18,19312.45,19327.25,19306.5,19324.65,15:05:00,19326.894350358954,4,71
2023-08-18,19316.35,19322.75,19310.3,19312.85,15:10:00,19325.890126515245,4,72
2023-08-18,19308.35,19316.75,19296.95,19316.75,15:15:00,19324.219638275696,4,73
2023-08-18,19297.55,19310.45,19288.1,19310.45,15:20:00,19321.67967272563,4,74
2023-08-18,19281.5,19304.5,19277.0,19297.5,15:25:00,19317.85303722795,4,75
2023-08-21,19344.55,19351.45,19305.75,19320.65,09:15:00,19320.63661324102,0,1
2023-08-21,19355.05,19355.95,19339.15,19345.8,09:20:00,19323.91407864664,0,2
2023-08-21,19362.6,19363.65,19352.85,19355.55,09:25:00,19327.598452108858,0,3
2023-08-21,19355.45,19367.55,19355.45,19363.25,09:30:00,19330.250980479446,0,4
2023-08-21,19360.7,19362.1,19352.5,19355.2,09:35:00,19333.150887100448,0,5
2023-08-21,19352.35,19361.6,19349.45,19361.2,09:40:00,19334.97937404326,0,6
2023-08-21,19332.95,19359.3,19327.5,19352.25,09:45:00,19334.78610032485,0,7
2023-08-21,19314.45,19334.0,19314.45,19333.35,09:50:00,19332.849328865344,0,8
2023-08-21,19323.7,19324.95,19313.0,19314.5,09:55:00,19331.9779642115,0,9
2023-08-21,19318.3,19323.7,19305.75,19323.7,10:00:00,19330.67530095326,0,10
2023-08-21,19305.25,19319.2,19303.0,19318.75,10:05:00,19328.253843719613,0,11
2023-08-21,19303.85,19315.2,19296.55,19305.7,10:10:00,19325.929668127268,0,12
2023-08-21,19314.5,19317.55,19301.2,19302.75,10:15:00,19324.841128305623,0,13
2023-08-21,19322.05,19322.05,19312.35,19315.2,10:20:00,19324.57530656223,0,14
2023-08-21,19338.6,19339.4,19318.65,19321.65,10:25:00,19325.91099165154,0,15
2023-08-21,19349.3,19350.85,19338.7,19338.7,10:30:00,19328.13851625616,0,16
2023-08-21,19350.5,19354.4,19347.0,19349.55,10:35:00,19330.26818137462,0,17
2023-08-21,19345.3,19351.8,19342.6,19350.45,10:40:00,19331.699783148462,0,18
2023-08-21,19348.0,19348.45,19340.0,19345.75,10:45:00,19333.25218475337,0,19
2023-08-21,19359.25,19359.3,19344.25,19348.25,10:50:00,19335.728167157817,0,20
2023-08-21,19361.6,19367.9,19358.15,19358.75,10:55:00,19338.192151238025,0,21
2023-08-21,19364.1,19365.05,19358.05,19362.45,11:00:00,19340.65956540584,0,22
2023-08-21,19370.5,19372.6,19361.75,19363.65,11:05:00,19343.501511557657,0,23
2023-08-21,19374.4,19379.65,19371.55,19371.7,11:10:00,19346.444224742645,0,24
2023-08-21,19371.5,19377.15,19366.7,19374.4,11:15:00,19348.83048905287,0,25
2023-08-21,19378.8,19379.4,19370.8,19370.8,11:20:00,19351.68472819069,0,26
2023-08-21,19370.2,19379.15,19369.5,19378.35,11:25:00,19353.448087410627,0,27
2023-08-21,19364.25,19370.85,19357.5,19369.55,11:30:00,19354.476840990566,0,28
2023-08-21,19365.95,19367.9,19361.55,19364.6,11:35:00,19355.569522800983,0,29
2023-08-21,19373.35,19373.75,19363.05,19366.15,11:40:00,19357.26290158184,0,30
2023-08-21,19383.1,19384.35,19372.0,19373.75,11:45:00,19359.723577621666,0,31
2023-08-21,19384.1,19387.85,19380.4,19383.3,11:50:00,19362.04514165769,0,32
2023-08-21,19378.3,19384.25,19374.95,19383.55,11:55:00,19363.593223404583,0,33
2023-08-21,19375.7,19382.75,19372.55,19378.3,12:00:00,19364.746249747004,0,34
2023-08-21,19382.8,19385.8,19371.9,19375.7,12:05:00,19366.465654533004,0,35
2023-08-21,19373.3,19388.4,19371.35,19383.4,12:10:00,19367.11654457748,0,36
2023-08-21,19371.3,19377.05,19369.65,19373.55,12:15:00,19367.51496890343,0,37
2023-08-21,19379.6,19383.15,19370.1,19371.9,12:20:00,19368.66592424596,0,38
2023-08-21,19378.15,19382.8,19376.5,19380.45,12:25:00,19369.56916955587,0,39
2023-08-21,19380.5,19385.4,19376.3,19378.0,12:30:00,19370.61020102674,0,40
2023-08-21,19386.4,19387.4,19379.4,19379.95,12:35:00,19372.113991405145,0,41
2023-08-21,19396.45,19402.0,19385.8,19386.15,12:40:00,19374.43170650941,0,42
2023-08-21,19392.35,19401.4,19390.6,19396.65,12:45:00,19376.138210651377,0,43
2023-08-21,19385.2,19393.9,19384.55,19392.45,12:50:00,19377.00123820839,0,44
2023-08-21,19394.8,19395.4,19384.0,19384.55,12:55:00,19378.69635837902,0,45
2023-08-21,19399.35,19399.65,19392.9,19394.35,13:00:00,19380.663371866733,0,46
2023-08-21,19400.25,19406.9,19397.45,19398.6,13:05:00,19382.528765022285,0,47
2023-08-21,19403.25,19407.45,19398.35,19400.15,13:10:00,19384.502215972545,0,48
2023-08-21,19405.8,19411.9,19401.75,19403.65,13:15:00,19386.530576356112,0,49
2023-08-21,19393.8,19406.4,19393.8,19405.2,13:20:00,19387.22290241744,0,50
2023-08-21,19389.1,19397.5,19387.8,19394.05,13:25:00,19387.40167361577,0,51
2023-08-21,19397.7,19401.15,19387.25,19389.55,13:30:00,19388.382466604748,0,52
2023-08-21,19396.9,19403.05,19393.85,19398.45,13:35:00,19389.19366026144,0,53
2023-08-21,19398.4,19399.05,19392.35,19396.95,13:40:00,19390.07045452225,0,54
2023-08-21,19407.35,19409.8,19395.4,19399.8,13:45:00,19391.71612552013,0,55
2023-08-21,19407.25,19411.0,19404.7,19407.6,13:50:00,19393.195542137262,0,56
2023-08-21,19408.75,19410.2,19403.6,19407.9,13:55:00,19394.676919076574,0,57
2023-08-21,19412.25,19414.9,19407.6,19408.25,14:00:00,19396.350545831185,0,58
2023-08-21,19398.0,19413.35,19396.85,19413.35,14:05:00,19396.50763670441,0,59
2023-08-21,19389.4,19402.55,19384.8,19398.35,14:10:00,19395.83071892304,0,60
2023-08-21,19392.15,19395.2,19386.75,19389.8,14:15:00,19395.4801742637,0,61
2023-08-21,19399.05,19403.5,19389.75,19391.9,14:20:00,19395.82015766716,0,62
2023-08-21,19395.85,19399.85,19393.9,19399.45,14:25:00,19395.82299979409,0,63
2023-08-21,19393.85,19403.55,19392.6,19395.3,14:30:00,19395.6350950518,0,64
2023-08-21,19396.15,19404.85,19392.15,19393.4,14:35:00,19395.68413361829,0,65
2023-08-21,19401.5,19402.0,19387.2,19395.7,14:40:00,19396.23802565465,0,66
2023-08-21,19407.8,19409.95,19400.45,19401.1,14:45:00,19397.33916606849,0,67
2023-08-21,19405.05,19410.65,19403.85,19406.75,14:50:00,19398.073531204824,0,68
2023-08-21,19417.45,19417.45,19403.7,19404.65,14:55:00,19399.918909185315,0,69
2023-08-21,19404.45,19425.4,19399.75,19416.8,15:00:00,19400.35044164385,0,70
2023-08-21,19398.4,19403.65,19390.7,19403.45,15:05:00,19400.164685296822,0,71
2023-08-21,19397.8,19399.7,19394.0,19397.35,15:10:00,19399.93947717332,0,72
2023-08-21,19389.75,19397.75,19389.4,19396.65,15:15:00,19398.96905077586,0,73
2023-08-21,19382.5,19390.1,19376.6,19390.0,15:20:00,19397.40056974959,0,74
2023-08-21,19380.15,19387.55,19376.45,19382.35,15:25:00,19395.757658344868,0,75
2023-08-22,19407.95,19425.1,19404.9,19417.1,09:15:00,19398.757856377542,1,1
2023-08-22,19402.35,19409.6,19390.05,19406.45,09:20:00,19399.099965293968,1,2
2023-08-22,19428.25,19428.55,19398.0,19402.7,09:25:00,19401.87615907549,1,3
2023-08-22,19425.7,19433.0,19422.8,19428.05,09:30:00,19404.1450963064,1,4
2023-08-22,19435.8,19436.2,19426.45,19428.85,09:35:00,19407.15984903912,1,5
2023-08-22,19439.9,19440.85,19431.3,19436.35,09:40:00,19410.27795865445,1,6
2023-08-22,19429.15,19443.05,19428.55,19440.75,09:45:00,19412.075295925453,1,7
2023-08-22,19389.25,19430.5,19389.25,19429.0,09:50:00,19409.901458218264,1,8
2023-08-22,19395.75,19408.85,19382.2,19390.05,09:55:00,19408.55370029272,1,9
2023-08-22,19398.95,19403.45,19389.45,19395.0,10:00:00,19407.6390621696,1,10
2023-08-22,19408.5,19408.5,19389.95,19398.25,10:05:00,19407.721056248687,1,11
2023-08-22,19400.6,19407.8,19398.45,19407.4,10:10:00,19407.04286041548,1,12
2023-08-22,19417.45,19418.5,19401.2,19401.2,10:15:00,19408.034016566387,1,13
2023-08-22,19408.75,19418.8,19408.1,19418.15,10:20:00,19408.102205464827,1,14
2023-08-22,19412.6,19414.7,19403.15,19408.45,10:25:00,19408.530566849127,1,15
2023-08-22,19421.85,19421.85,19410.65,19412.8,10:30:00,19409.79908429207,1,16
2023-08-22,19422.75,19425.9,19419.25,19422.65,10:35:00,19411.032504835683,1,17
2023-08-22,19419.25,19422.45,19415.85,19422.45,10:40:00,19411.815123422763,1,18
2023-08-22,19417.65,19419.5,19411.6,19418.65,10:45:00,19412.370825953927,1,19
2023-08-22,19420.0,19420.7,19415.55,19417.1,10:50:00,19413.09741395832,1,20
2023-08-22,19409.9,19420.6,19408.9,19419.7,10:55:00,19412.79289834324,1,21
2023-08-22,19413.65,19415.8,19406.1,19409.35,11:00:00,19412.87452707245,1,22
2023-08-22,19416.95,19418.1,19411.8,19413.55,11:05:00,19413.262667351268,1,23
2023-08-22,19414.95,19420.35,19409.55,19417.15,11:10:00,19413.423365698767,1,24
2023-08-22,19414.15,19419.2,19410.15,19415.75,11:15:00,19413.49256896555,1,25
2023-08-22,19416.7,19420.8,19412.15,19412.8,11:20:00,19413.79803858788,1,26
2023-08-22,19420.75,19422.95,19414.0,19414.8,11:25:00,19414.46013015094,1,27
2023-08-22,19421.55,19425.8,19417.35,19421.4,11:30:00,19415.135355850853,1,28
2023-08-22,19423.05,19424.7,19418.1,19421.55,11:35:00,19415.889131484106,1,29
2023-08-22,19425.35,19427.6,19420.6,19422.0,11:40:00,19416.790166580857,1,30
2023-08-22,19424.7,19428.2,19419.75,19425.1,11:45:00,19417.543484049347,1,31
2023-08-22,19430.05,19434.15,19424.65,19424.85,11:50:00,19418.73458080655,1,32
2023-08-22,19428.85,19432.75,19426.9,19429.95,11:55:00,19419.697954063067,1,33
2023-08-22,19434.4,19436.3,19428.45,19429.9,12:00:00,19421.098148914207,1,34
2023-08-22,19428.85,19440.45,19427.5,19435.05,12:05:00,19421.836420446187,1,35
2023-08-22,19431.8,19434.0,19426.65,19428.85,12:10:00,19422.78533278465,1,36
2023-08-22,19420.65,19434.6,19418.5,19432.95,12:15:00,19422.58196775753,1,37
2023-08-22,19423.75,19426.65,19417.45,19421.2,12:20:00,19422.693208923483,1,38
2023-08-22,19425.65,19428.95,19418.75,19424.3,12:25:00,19422.974808073628,1,39
2023-08-22,19426.55,19429.3,19420.5,19425.85,12:30:00,19423.315302542807,1,40
2023-08-22,19425.1,19429.55,19423.3,19427.75,12:35:00,19423.48527372921,1,41
2023-08-22,19423.9,19429.6,19422.85,19425.95,12:40:00,19423.52477146928,1,42
2023-08-22,19426.55,19428.05,19422.3,19422.5,12:45:00,19423.81288847221,1,43
2023-08-22,19428.9,19433.2,19425.3,19427.6,12:50:00,19424.297375284383,1,44
2023-08-22,19431.4,19433.8,19424.75,19430.05,12:55:00,19424.973815733487,1,45
2023-08-22,19420.95,19434.95,19420.95,19432.8,13:00:00,19424.59059518744,1,46
2023-08-22,19420.8,19423.6,19413.7,19422.3,13:05:00,19424.229586121965,1,47
2023-08-22,19424.15,19428.5,19418.15,19421.4,13:10:00,19424.2220064913,1,48
2023-08-22,19425.0,19426.15,19418.8,19424.45,13:15:00,19424.296101111177,1,49
2023-08-22,19421.8,19428.75,19419.8,19424.6,13:20:00,19424.058377195823,1,50
2023-08-22,19422.65,19425.1,19418.5,19422.1,13:25:00,19423.92424603432,1,51
2023-08-22,19427.25,19430.0,19421.2,19423.05,13:30:00,19424.240984507243,1,52
2023-08-22,19422.25,19430.65,19418.25,19428.05,13:35:00,19424.051366935124,1,53
2023-08-22,19419.45,19426.05,19416.5,19422.95,13:40:00,19423.61314151273,1,54
2023-08-22,19411.1,19420.1,19407.2,19419.65,13:45:00,19422.421413749616,1,55
2023-08-22,19414.0,19418.35,19410.35,19411.15,13:50:00,19421.619374344893,1,56
2023-08-22,19409.05,19416.7,19406.9,19413.1,13:55:00,19420.42229107395,1,57
2023-08-22,19405.55,19411.45,19399.8,19410.3,14:00:00,19419.005882400244,1,58
2023-08-22,19410.7,19411.6,19403.3,19406.05,14:05:00,19418.214845981176,1,59
2023-08-22,19413.95,19418.9,19408.1,19410.05,14:10:00,19417.808670173446,1,60
2023-08-22,19412.5,19416.95,19409.05,19413.2,14:15:00,19417.30308253788,1,61
2023-08-22,19407.6,19417.4,19405.5,19411.75,14:20:00,19416.378979439032,1,62
2023-08-22,19407.6,19413.25,19405.85,19407.75,14:25:00,19415.542886159124,1,63
2023-08-22,19406.9,19414.55,19405.15,19407.65,14:30:00,19414.71975414397,1,64
2023-08-22,19396.2,19407.7,19394.5,19407.25,14:35:00,19412.95596803502,1,65
2023-08-22,19401.9,19404.95,19395.9,19395.9,14:40:00,19411.90301869835,1,66
2023-08-22,19398.5,19403.9,19395.4,19401.75,14:45:00,19410.62654072708,1,67
2023-08-22,19391.95,19400.75,19382.25,19397.5,14:50:00,19408.847822562595,1,68
2023-08-22,19393.4,19401.35,19390.3,19391.0,14:55:00,19407.37660136616,1,69
2023-08-22,19408.3,19412.55,19387.75,19394.45,15:00:00,19407.4645440932,1,70
2023-08-22,19399.25,19411.7,19384.6,19408.35,15:05:00,19406.68220656051,1,71
2023-08-22,19391.45,19399.7,19386.95,19398.45,15:10:00,19405.23152022141,1,72
2023-08-22,19402.75,19406.4,19387.05,19390.65,15:15:00,19404.99518496223,1,73
2023-08-22,19390.45,19403.5,19389.7,19402.5,15:20:00,19403.609929251543,1,74
2023-08-22,19390.05,19399.0,19384.95,19389.8,15:25:00,19402.318507418066,1,75
2023-08-23,19418.4,19441.6,19406.15,19439.2,09:15:00,19407.02807523338,2,1
2023-08-23,19411.45,19419.7,19406.0,19419.05,09:20:00,19407.44921092544,2,2
2023-08-23,19393.85,19415.2,19393.85,19410.95,09:25:00,19406.15404798016,2,3
2023-08-23,19402.3,19402.4,19387.2,19394.2,09:30:00,19405.78699579157,2,4
2023-08-23,19408.0,19411.6,19401.6,19401.6,09:35:00,19405.99775809714,2,5
2023-08-23,19407.25,19414.95,19404.35,19408.7,09:40:00,19406.117019230744,2,6
2023-08-23,19404.65,19410.35,19403.35,19407.45,09:45:00,19405.97730311353,2,7
2023-08-23,19372.3,19404.2,19371.65,19404.0,09:50:00,19402.769940912243,2,8
2023-08-23,19383.3,19383.45,19366.85,19373.05,09:55:00,19400.91566082536,2,9
2023-08-23,19376.4,19389.9,19376.15,19383.55,10:00:00,19398.58083598485,2,10
2023-08-23,19381.8,19382.65,19370.25,19376.3,10:05:00,19396.98266112915,2,11
2023-08-23,19388.3,19388.65,19381.55,19382.0,10:10:00,19396.15574102161,2,12
2023-08-23,19387.05,19390.85,19380.05,19388.2,10:15:00,19395.28852759098,2,13
2023-08-23,19373.35,19387.5,19370.35,19386.7,10:20:00,19393.199144010887,2,14
2023-08-23,19379.5,19379.5,19371.75,19373.45,10:25:00,19391.89446362889,2,15
2023-08-23,19381.9,19384.8,19376.2,19379.8,10:30:00,19390.94260994996,2,16
2023-08-23,19386.95,19387.5,19377.55,19381.4,10:35:00,19390.56236138329,2,17
2023-08-23,19384.9,19391.95,19384.05,19387.05,10:40:00,19390.0230888706,2,18
2023-08-23,19383.5,19388.8,19381.4,19385.1,10:45:00,19389.40184231149,2,19
2023-08-23,19387.75,19392.6,19383.75,19383.75,10:50:00,19389.24452399612,2,20
2023-08-23,19393.75,19395.05,19385.5,19387.7,10:55:00,19389.67361694887,2,21
2023-08-23,19395.7,19397.9,19391.7,19393.7,11:00:00,19390.24755819184,2,22
2023-08-23,19411.05,19411.1,19395.5,19395.65,11:05:00,19392.228743125943,2,23
2023-08-23,19408.5,19412.65,19407.3,19411.2,11:10:00,19393.77838663776,2,24
2023-08-23,19410.25,19412.35,19406.35,19409.3,11:15:00,19395.34711171988,2,25
2023-08-23,19420.95,19421.1,19408.3,19409.85,11:20:00,19397.78548203227,2,26
2023-08-23,19422.25,19429.65,19417.2,19420.55,11:25:00,19400.11543612444,2,27
2023-08-23,19422.65,19427.2,19420.6,19421.55,11:30:00,19402.261585064964,2,28
2023-08-23,19422.5,19424.95,19417.95,19423.0,11:35:00,19404.189053154016,2,29
2023-08-23,19429.0,19430.55,19421.8,19422.35,11:40:00,19406.55200047268,2,30
2023-08-23,19425.85,19430.0,19422.05,19428.8,11:45:00,19408.389905189564,2,31
2023-08-23,19419.35,19427.65,19417.8,19426.25,11:50:00,19409.43372374294,2,32
2023-08-23,19421.1,19424.55,19416.35,19420.15,11:55:00,19410.54479767218,2,33
2023-08-23,19423.25,19425.85,19418.65,19422.15,12:00:00,19411.75481694149,2,34
2023-08-23,19424.25,19429.3,19421.35,19423.75,12:05:00,19412.94483437564,2,35
2023-08-23,19421.95,19427.65,19421.45,19424.3,12:10:00,19413.80246919701,2,36
2023-08-23,19420.65,19423.55,19417.65,19422.65,12:15:00,19414.454614987768,2,37
2023-08-23,19432.4,19434.2,19418.15,19420.75,12:20:00,19416.163699274646,2,38
2023-08-23,19442.55,19442.65,19430.3,19433.05,12:25:00,19418.67668029611,2,39
2023-08-23,19436.45,19444.15,19432.35,19441.55,12:30:00,19420.369377410767,2,40
2023-08-23,19450.65,19452.8,19432.45,19437.05,12:35:00,19423.25324622879,2,41
2023-08-23,19448.55,19458.15,19445.25,19451.45,12:40:00,19425.662460873667,2,42
2023-08-23,19454.6,19461.05,19447.7,19448.2,12:45:00,19428.418416980938,2,43
2023-08-23,19446.1,19455.95,19441.85,19454.8,12:50:00,19430.102377268468,2,44
2023-08-23,19447.8,19453.45,19446.15,19447.05,12:55:00,19431.787865147664,2,45
2023-08-23,19446.3,19449.95,19442.8,19448.1,13:00:00,19433.16997322884,2,46
2023-08-23,19443.9,19449.3,19439.55,19446.8,13:05:00,19434.191880540377,2,47
2023-08-23,19439.45,19446.7,19438.6,19444.65,13:10:00,19434.692653822247,2,48
2023-08-23,19444.05,19445.45,19433.15,19439.65,13:15:00,19435.58382964869,2,49
2023-08-23,19449.3,19454.0,19444.55,19444.55,13:20:00,19436.890131586915,2,50
2023-08-23,19444.65,19456.2,19443.7,19449.85,13:25:00,19437.62916667388,2,51
2023-08-23,19445.5,19448.0,19440.65,19444.6,13:30:00,19438.3787698478,2,52
2023-08-23,19449.45,19454.95,19444.95,19445.8,13:35:00,19439.43317271944,2,53
2023-08-23,19453.25,19456.45,19446.65,19449.4,13:40:00,19440.749061031867,2,54
2023-08-23,19452.3,19453.65,19445.25,19452.8,13:45:00,19441.8491504574,2,55
2023-08-23,19457.3,19458.65,19450.15,19451.3,13:50:00,19443.320659937646,2,56
2023-08-23,19463.55,19464.7,19456.85,19458.5,13:55:00,19445.24726375311,2,57
2023-08-23,19458.75,19471.45,19457.3,19464.7,14:00:00,19446.53323863377,2,58
2023-08-23,19459.4,19464.05,19451.2,19459.8,14:05:00,19447.75864447817,2,59
2023-08-23,19461.1,19463.6,19458.15,19460.05,14:10:00,19449.029249765965,2,60
2023-08-23,19453.7,19461.95,19453.15,19461.5,14:15:00,19449.474083121582,2,61
2023-08-23,19451.95,19455.0,19448.65,19454.75,14:20:00,19449.70988472905,2,62
2023-08-23,19450.1,19456.0,19449.0,19453.1,14:25:00,19449.747038564383,2,63
2023-08-23,19458.35,19458.4,19449.35,19451.5,14:30:00,19450.56636822492,2,64
2023-08-23,19462.05,19464.15,19454.4,19458.6,14:35:00,19451.6600474416,2,65
2023-08-23,19458.65,19464.05,19456.25,19461.75,14:40:00,19452.325757209062,2,66
2023-08-23,19458.35,19462.9,19453.75,19460.3,14:45:00,19452.899494617723,2,67
2023-08-23,19461.75,19462.2,19457.05,19458.85,14:50:00,19453.742399892224,2,68
2023-08-23,19457.0,19466.1,19453.6,19462.15,14:55:00,19454.052647521534,2,69
2023-08-23,19447.95,19467.05,19441.0,19457.25,15:00:00,19453.47144299568,2,70
2023-08-23,19443.55,19452.4,19441.15,19448.85,15:05:00,19452.526543662752,2,71
2023-08-23,19442.75,19445.55,19437.0,19444.8,15:10:00,19451.595444266302,2,72
2023-08-23,19439.45,19443.4,19436.25,19443.4,15:15:00,19450.43873528856,2,73
2023-08-23,19447.2,19448.6,19437.0,19440.15,15:20:00,19450.130284308696,2,74
2023-08-23,19442.3,19448.9,19437.05,19446.9,15:25:00,19449.384542945965,2,75
2023-08-24,19534.1,19535.15,19510.15,19535.15,09:15:00,19464.84290250225,3,1
2023-08-24,19538.3,19544.95,19533.6,19534.9,09:20:00,19471.83881654965,3,2
2023-08-24,19551.95,19553.65,19538.7,19538.7,09:25:00,19479.468453068734,3,3
2023-08-24,19547.25,19554.4,19543.7,19551.85,09:30:00,19485.92383849076,3,4
2023-08-24,19559.4,19562.35,19547.05,19548.25,09:35:00,19492.92156815831,3,5
2023-08-24,19567.45,19567.65,19555.95,19557.45,09:40:00,19500.019514047992,3,6
2023-08-24,19579.8,19582.7,19567.45,19567.45,09:45:00,19507.617655567232,3,7
2023-08-24,19581.8,19583.75,19575.45,19579.45,09:50:00,19514.682640751307,3,8
2023-08-24,19570.8,19584.0,19570.35,19583.6,09:55:00,19520.027151155948,3,9
2023-08-24,19557.15,19572.0,19555.45,19571.45,10:00:00,19523.562660569667,3,10
2023-08-24,19552.75,19561.0,19549.1,19557.2,10:05:00,19526.34240718208,3,11
2023-08-24,19562.1,19564.2,19548.85,19552.1,10:10:00,19529.74789221236,3,12
2023-08-24,19562.7,19566.75,19561.35,19562.95,10:15:00,19532.886188192133,3,13
2023-08-24,19551.95,19564.1,19547.1,19563.2,10:20:00,19534.70178931669,3,14
2023-08-24,19540.95,19553.7,19540.2,19551.55,10:25:00,19535.296857000816,3,15
2023-08-24,19538.1,19542.45,19532.65,19540.95,10:30:00,19535.56382300074,3,16
2023-08-24,19526.5,19539.3,19525.3,19538.7,10:35:00,19534.70060176257,3,17
2023-08-24,19524.85,19527.25,19518.75,19525.75,10:40:00,19533.76244921376,3,18
2023-08-24,19525.95,19526.5,19516.7,19524.65,10:45:00,19533.018406431493,3,19
2023-08-24,19521.6,19530.2,19519.75,19525.9,10:50:00,19531.930939152306,3,20
2023-08-24,19498.6,19522.25,19496.7,19522.05,10:55:00,19528.75656399494,3,21
2023-08-24,19503.8,19504.1,19493.15,19498.5,11:00:00,19526.379748376374,3,22
2023-08-24,19483.7,19508.85,19483.45,19503.6,11:05:00,19522.315010435766,3,23
2023-08-24,19487.05,19489.65,19479.9,19483.85,11:10:00,19518.956438013312,3,24
2023-08-24,19475.05,19487.3,19474.3,19487.3,11:15:00,19514.77487248824,3,25
2023-08-24,19470.85,19481.9,19464.5,19475.2,11:20:00,19510.59155129888,3,26
2023-08-24,19473.3,19479.25,19465.6,19470.45,11:25:00,19507.0399749847,3,27
2023-08-24,19475.4,19476.35,19465.25,19472.35,11:30:00,19504.026644033773,3,28
2023-08-24,19473.85,19481.05,19471.9,19475.45,11:35:00,19501.15267793532,3,29
2023-08-24,19487.05,19487.45,19471.7,19473.45,11:40:00,19499.80956575101,3,30
2023-08-24,19483.0,19489.3,19480.75,19486.6,11:45:00,19498.2086547271,3,31
2023-08-24,19469.9,19486.9,19469.9,19481.9,11:50:00,19495.51259237214,3,32
2023-08-24,19470.15,19474.85,19459.15,19469.7,11:55:00,19493.09710738432,3,33
2023-08-24,19453.1,19474.25,19447.95,19469.45,12:00:00,19489.287859062,3,34
2023-08-24,19452.25,19455.65,19449.45,19451.95,12:05:00,19485.76044391324,3,35
2023-08-24,19457.9,19458.45,19440.85,19451.05,12:10:00,19483.10706830245,3,36
2023-08-24,19456.6,19459.3,19451.85,19456.7,12:15:00,19480.58258560698,3,37
2023-08-24,19456.05,19459.85,19452.2,19455.6,12:20:00,19478.246148882507,3,38
2023-08-24,19440.2,19457.0,19438.9,19456.3,12:25:00,19474.62270613179,3,39
2023-08-24,19463.3,19463.6,19437.55,19439.5,12:30:00,19473.54435316686,3,40
2023-08-24,19468.3,19469.95,19458.05,19462.9,12:35:00,19473.044890960493,3,41
2023-08-24,19466.2,19469.25,19460.5,19467.8,12:40:00,19472.392996583305,3,42
2023-08-24,19448.2,19470.35,19444.85,19465.4,12:45:00,19470.08890167061,3,43
2023-08-24,19445.5,19453.45,19443.65,19448.05,12:50:00,19467.747101511504,3,44
2023-08-24,19446.1,19454.95,19440.3,19444.85,12:55:00,19465.68547279612,3,45
2023-08-24,19451.75,19453.95,19441.15,19446.9,13:00:00,19464.358284910777,3,46
2023-08-24,19434.05,19452.9,19431.9,19451.35,13:05:00,19461.47178158594,3,47
2023-08-24,19430.2,19437.45,19426.65,19434.65,13:10:00,19458.493516673,3,48
2023-08-24,19420.3,19435.05,19418.2,19430.2,13:15:00,19454.856038894613,3,49
2023-08-24,19421.6,19429.4,19418.0,19419.95,13:20:00,19451.68879709513,3,50
2023-08-24,19418.25,19423.05,19411.2,19422.15,13:25:00,19448.50414975273,3,51
2023-08-24,19434.15,19436.5,19416.1,19418.0,13:30:00,19447.137087871524,3,52
2023-08-24,19415.75,19436.5,19413.75,19433.65,13:35:00,19444.14784140757,3,53
2023-08-24,19419.95,19420.3,19406.8,19414.05,13:40:00,19441.84328508304,3,54
2023-08-24,19427.9,19435.15,19417.25,19419.2,13:45:00,19440.51535317037,3,55
2023-08-24,19435.95,19435.95,19425.9,19427.7,13:50:00,19440.08055763033,3,56
2023-08-24,19417.05,19436.0,19414.7,19434.85,13:55:00,19437.887171189348,3,57
2023-08-24,19424.95,19425.9,19413.25,19414.55,14:00:00,19436.655059647503,3,58
2023-08-24,19427.15,19431.7,19421.95,19423.05,14:05:00,19435.74981587156,3,59
2023-08-24,19440.75,19441.85,19425.7,19427.45,14:10:00,19436.226023883788,3,60
2023-08-24,19423.55,19441.0,19421.9,19439.25,14:15:00,19435.0187835139,3,61
2023-08-24,19411.7,19425.35,19411.7,19422.5,14:20:00,19432.79794698877,3,62
2023-08-24,19437.55,19437.75,19405.7,19409.6,14:25:00,19433.25052346603,3,63
2023-08-24,19431.35,19438.9,19423.75,19436.55,14:30:00,19433.06952123117,3,64
2023-08-24,19418.5,19430.15,19414.25,19430.05,14:35:00,19431.681947780584,3,65
2023-08-24,19419.0,19427.3,19414.85,19417.65,14:40:00,19430.47414323005,3,66
2023-08-24,19403.7,19419.45,19398.35,19418.65,14:45:00,19427.92422482719,3,67
2023-08-24,19403.0,19406.85,19390.0,19403.55,14:50:00,19425.550489129364,3,68
2023-08-24,19398.6,19403.9,19390.45,19402.4,14:55:00,19422.983775878947,3,69
2023-08-24,19402.5,19404.45,19384.4,19398.2,15:00:00,19421.03294008095,3,70
2023-08-24,19396.75,19405.25,19393.2,19402.0,15:05:00,19418.72027912086,3,71
2023-08-24,19397.05,19400.2,19391.3,19395.8,15:10:00,19416.656443014108,3,72
2023-08-24,19375.15,19397.45,19369.5,19397.05,15:15:00,19412.70344844133,3,73
2023-08-24,19373.6,19384.55,19369.35,19375.45,15:20:00,19408.97931049454,3,74
2023-08-24,19380.4,19386.5,19373.3,19375.2,15:25:00,19406.257471399826,3,75
2023-08-25,19272.2,19301.15,19261.7,19297.4,09:15:00,19384.11008429781,4,1
2023-08-25,19314.5,19315.85,19265.6,19272.45,09:20:00,19377.480552459925,4,2
2023-08-25,19326.2,19326.5,19303.5,19315.05,09:25:00,19372.596690320883,4,3
2023-08-25,19304.85,19332.15,19303.95,19328.0,09:30:00,19366.144624576034,4,4
2023-08-25,19313.85,19316.4,19302.3,19304.8,09:35:00,19361.164184140223,4,5
2023-08-25,19317.5,19331.3,19313.7,19313.9,09:40:00,19357.00569041258,4,6
2023-08-25,19297.2,19325.3,19295.9,19317.2,09:45:00,19351.30991037329,4,7
2023-08-25,19320.55,19322.2,19285.75,19296.1,09:50:00,19348.38039509964,4,8
2023-08-25,19333.55,19336.75,19316.35,19320.0,09:55:00,19346.96797651872,4,9
2023-08-25,19332.75,19338.15,19317.1,19333.65,10:00:00,19345.613883516937,4,10
2023-08-25,19320.15,19339.55,19320.15,19333.0,10:05:00,19343.18875175342,4,11
2023-08-25,19305.0,19322.65,19301.35,19319.65,10:10:00,19339.551727776903,4,12
2023-08-25,19285.0,19305.6,19282.15,19303.05,10:15:00,19334.356325131484,4,13
2023-08-25,19275.0,19286.15,19266.55,19285.2,10:20:00,19328.70334178563,4,14
2023-08-25,19256.4,19278.8,19256.25,19275.1,10:25:00,19321.81730923462,4,15
2023-08-25,19237.75,19256.45,19230.65,19256.4,10:30:00,19313.81089883132,4,16
2023-08-25,19261.35,19262.3,19234.6,19238.0,10:35:00,19308.81462275215,4,17
2023-08-25,19256.4,19269.45,19255.75,19261.15,10:40:00,19303.82275391861,4,18
2023-08-25,19258.1,19262.1,19254.45,19256.6,10:45:00,19299.46820592636,4,19
2023-08-25,19257.25,19261.85,19251.6,19258.4,10:50:00,19295.447424409565,4,20
2023-08-25,19248.35,19259.6,19243.35,19257.05,10:55:00,19290.96195541818,4,21
2023-08-25,19261.2,19261.2,19243.8,19248.45,11:00:00,19288.127483473592,4,22
2023-08-25,19271.8,19278.6,19260.7,19261.05,11:05:00,19286.57248504753,4,23
2023-08-25,19265.45,19274.5,19264.3,19271.35,11:10:00,19284.56081980492,4,24
2023-08-25,19275.25,19276.35,19251.3,19264.65,11:15:00,19283.67407506159,4,25
2023-08-25,19308.05,19309.7,19276.6,19276.6,11:20:00,19285.99559172239,4,26
2023-08-25,19312.75,19316.65,19304.2,19308.6,11:25:00,19288.54363060597,4,27
2023-08-25,19310.4,19313.8,19305.5,19312.2,11:30:00,19290.62518959588,4,28
2023-08-25,19304.75,19310.2,19296.8,19310.2,11:35:00,19291.970409634367,4,29
2023-08-25,19316.6,19318.05,19304.3,19305.4,11:40:00,19294.316084907285,4,30
2023-08-25,19323.0,19329.05,19314.1,19316.5,11:45:00,19297.047886344684,4,31
2023-08-25,19313.5,19323.85,19311.25,19322.2,11:50:00,19298.614754311857,4,32
2023-08-25,19308.15,19317.55,19305.05,19314.3,11:55:00,19299.522872948823,4,33
2023-08-25,19308.4,19314.85,19307.1,19307.7,12:00:00,19300.368313620365,4,34
2023-08-25,19293.8,19311.15,19293.75,19309.45,12:05:00,19299.74275994224,4,35
2023-08-25,19283.6,19309.85,19283.6,19293.95,12:10:00,19298.20535423345,4,36
2023-08-25,19281.35,19285.85,19278.8,19284.2,12:15:00,19296.60008240169,4,37
2023-08-25,19290.8,19294.1,19281.7,19281.7,12:20:00,19296.047693601533,4,38
2023-08-25,19291.45,19296.4,19290.75,19291.25,12:25:00,19295.609818020435,4,39
2023-08-25,19307.0,19307.85,19291.95,19291.95,12:30:00,19296.694597256585,4,40
2023-08-25,19305.05,19311.0,19302.65,19306.85,12:35:00,19297.490349898813,4,41
2023-08-25,19295.5,19310.15,19293.75,19305.2,12:40:00,19297.3007927656,4,42
2023-08-25,19290.65,19298.55,19287.8,19295.45,12:45:00,19296.667383930777,4,43
2023-08-25,19283.15,19291.6,19278.75,19290.85,12:50:00,19295.38001403261,4,44
2023-08-25,19298.05,19303.05,19282.75,19283.3,12:55:00,19295.634298410456,4,45
2023-08-25,19286.95,19304.4,19286.9,19299.3,13:00:00,19294.807222371364,4,46
2023-08-25,19290.05,19298.25,19283.6,19287.9,13:05:00,19294.35415357409,4,47
2023-08-25,19294.3,19295.7,19282.6,19290.35,13:10:00,19294.348996090845,4,48
2023-08-25,19310.55,19311.7,19294.9,19295.3,13:15:00,19295.89194884409,4,49
2023-08-25,19303.4,19311.9,19303.25,19310.05,13:20:00,19296.60700133513,4,50
2023-08-25,19298.4,19304.8,19298.15,19302.8,13:25:00,19296.777763112743,4,51
2023-08-25,19299.0,19302.6,19294.5,19298.3,13:30:00,19296.98940472105,4,52
2023-08-25,19294.1,19301.7,19290.05,19299.25,13:35:00,19296.71422331905,4,53
2023-08-25,19304.5,19308.25,19292.5,19295.3,13:40:00,19297.45572586009,4,54
2023-08-25,19300.35,19305.45,19297.8,19304.65,13:45:00,19297.73137101627,4,55
2023-08-25,19297.15,19303.95,19294.3,19302.45,13:50:00,19297.676002348053,4,56
2023-08-25,19298.2,19302.75,19294.65,19298.7,13:55:00,19297.72590688633,4,57
2023-08-25,19301.25,19303.1,19286.3,19299.8,14:00:00,19298.061534801924,4,58
2023-08-25,19290.85,19309.0,19290.85,19301.55,14:05:00,19297.37472196365,4,59
2023-08-25,19273.65,19293.35,19272.65,19291.7,14:10:00,19295.115224633773,4,60
2023-08-25,19262.45,19275.05,19257.95,19274.2,14:15:00,19292.00425085913,4,61
2023-08-25,19265.45,19269.55,19256.75,19263.4,14:20:00,19289.47527458683,4,62
2023-08-25,19277.85,19285.65,19265.9,19265.9,14:25:00,19288.368105578564,4,63
2023-08-25,19263.75,19282.2,19261.7,19278.5,14:30:00,19286.023524094893,4,64
2023-08-25,19260.75,19271.35,19260.75,19262.8,14:35:00,19283.61652180014,4,65
2023-08-25,19263.1,19265.2,19257.9,19260.4,14:40:00,19281.662567342984,4,66
2023-08-25,19263.8,19274.8,19263.2,19263.3,14:45:00,19279.961370453177,4,67
2023-08-25,19277.2,19278.55,19263.95,19264.7,14:50:00,19279.69838279097,4,68
2023-08-25,19281.05,19282.8,19274.0,19277.65,14:55:00,19279.82710823945,4,69
2023-08-25,19291.85,19296.1,19276.4,19282.05,15:00:00,19280.97214554998,4,70
2023-08-25,19285.35,19300.15,19274.7,19292.5,15:05:00,19281.38908406903,4,71
2023-08-25,19263.15,19285.4,19258.3,19284.75,15:10:00,19279.652028443405,4,72
2023-08-25,19255.5,19267.35,19251.95,19263.65,15:15:00,19277.35183525832,4,73
2023-08-25,19247.2,19256.15,19245.05,19255.6,15:20:00,19274.48023190038,4,74
2023-08-25,19244.3,19248.95,19235.0,19247.35,15:25:00,19271.605924100342,4,75
2023-08-28,19294.1,19326.7,19290.5,19298.35,09:15:00,19276.052695238603,0,1
2023-08-28,19272.25,19294.35,19257.85,19294.15,09:20:00,19275.690533787307,0,2
2023-08-28,19269.6,19278.45,19264.9,19273.3,09:25:00,19275.110482950426,0,3
2023-08-28,19282.75,19285.8,19250.25,19270.05,09:30:00,19275.838056002765,0,4
2023-08-28,19279.45,19290.95,19275.2,19282.3,09:35:00,19276.18205066917,0,5
2023-08-28,19298.0,19298.8,19273.0,19278.95,09:40:00,19278.25995060544,0,6
2023-08-28,19283.3,19314.65,19283.3,19298.6,09:45:00,19278.739955309684,0,7
2023-08-28,19282.0,19287.55,19272.9,19283.6,09:50:00,19279.050435756384,0,8
2023-08-28,19278.6,19288.15,19274.1,19282.45,09:55:00,19279.00753711292,0,9
2023-08-28,19279.7,19283.05,19274.8,19278.25,10:00:00,19279.073485959307,0,10
2023-08-28,19282.5,19286.9,19277.2,19279.45,10:05:00,19279.39982062985,0,11
2023-08-28,19291.6,19292.8,19281.95,19283.1,10:10:00,19280.561742474623,0,12
2023-08-28,19301.75,19306.2,19291.25,19291.25,10:15:00,19282.57967176276,0,13
2023-08-28,19293.55,19304.75,19293.55,19301.8,10:20:00,19283.624464928205,0,14
2023-08-28,19307.9,19307.9,19290.7,19294.4,10:25:00,19285.936420649326,0,15
2023-08-28,19317.65,19317.65,19307.05,19308.2,10:30:00,19288.956761539863,0,16
2023-08-28,19321.35,19324.0,19315.15,19318.0,10:35:00,19292.041831869403,0,17
2023-08-28,19310.55,19322.1,19307.2,19320.6,10:40:00,19293.804514548505,0,18
2023-08-28,19313.35,19314.6,19306.5,19310.15,10:45:00,19295.66598935341,0,19
2023-08-28,19310.9,19314.7,19308.95,19313.85,10:50:00,19297.116847510228,0,20
2023-08-28,19308.3,19313.3,19307.2,19310.65,10:55:00,19298.18190965212,0,21
2023-08-28,19316.4,19319.85,19306.8,19308.0,11:00:00,19299.916965875724,0,22
2023-08-28,19315.95,19318.05,19313.1,19317.15,11:05:00,19301.443921506605,0,23
2023-08-28,19316.55,19318.55,19313.15,19315.55,11:10:00,19302.88259564884,0,24
2023-08-28,19324.25,19328.7,19316.3,19316.45,11:15:00,19304.91758653942,0,25
2023-08-28,19316.75,19324.95,19314.8,19324.95,11:20:00,19306.04448305948,0,26
2023-08-28,19320.35,19324.8,19314.0,19315.6,11:25:00,19307.40691324429,0,27
2023-08-28,19323.5,19324.2,19316.8,19321.0,11:30:00,19308.9395881734,0,28
2023-08-28,19317.75,19325.45,19317.75,19323.35,11:35:00,19309.77867501403,0,29
2023-08-28,19321.1,19321.7,19314.15,19318.5,11:40:00,19310.856896441263,0,30
2023-08-28,19320.15,19322.35,19316.7,19321.85,11:45:00,19311.741953923047,0,31
2023-08-28,19304.25,19321.6,19304.1,19320.4,11:50:00,19311.028434501804,0,32
2023-08-28,19310.65,19311.4,19303.4,19304.6,11:55:00,19310.99239312068,0,33
2023-08-28,19314.45,19317.25,19310.05,19311.3,12:00:00,19311.32168901395,0,34
2023-08-28,19318.5,19318.5,19310.0,19314.8,12:05:00,19312.00533767929,0,35
2023-08-28,19315.7,19319.05,19314.7,19318.8,12:10:00,19312.357210281258,0,36
2023-08-28,19318.6,19319.35,19311.1,19315.5,12:15:00,19312.95176168304,0,37
2023-08-28,19319.3,19323.9,19317.45,19318.8,12:20:00,19313.55635580847,0,38
2023-08-28,19322.6,19324.95,19318.6,19319.8,12:25:00,19314.41765525528,0,39
2023-08-28,19337.1,19342.8,19321.85,19325.3,12:30:00,19316.5778785643,0,40
2023-08-28,19339.55,19345.0,19335.55,19337.6,12:35:00,19318.765699653413,0,41
2023-08-28,19337.15,19341.25,19333.1,19340.35,12:40:00,19320.51658540071,0,42
2023-08-28,19338.45,19343.25,19334.8,19336.8,12:45:00,19322.22452964826,0,43
2023-08-28,19341.15,19342.45,19336.75,19338.75,12:50:00,19324.02695539605,0,44
2023-08-28,19341.1,19345.15,19339.55,19340.8,12:55:00,19325.65295964404,0,45
2023-08-28,19339.65,19341.85,19332.9,19340.55,13:00:00,19326.98601110652,0,46
2023-08-28,19336.65,19344.25,19333.4,19339.2,13:05:00,19327.90639100113,0,47
2023-08-28,19333.5,19339.0,19331.75,19336.8,13:10:00,19328.43911566769,0,48
2023-08-28,19343.35,19344.85,19330.7,19333.4,13:15:00,19329.85919988981,0,49
2023-08-28,19350.5,19351.75,19340.55,19342.9,13:20:00,19331.824990376503,0,50
2023-08-28,19349.55,19353.6,19341.75,19350.95,13:25:00,19333.51308653112,0,51
2023-08-28,19346.15,19350.45,19345.15,19348.2,13:30:00,19334.716602099583,0,52
2023-08-28,19350.85,19354.9,19345.9,19346.6,13:35:00,19336.25311618534,0,53
2023-08-28,19350.15,19356.35,19349.7,19351.55,13:40:00,19337.5766289296,0,54
2023-08-28,19347.95,19353.3,19343.85,19350.15,13:45:00,19338.56456903154,0,55
2023-08-28,19342.85,19349.1,19338.45,19346.95,13:50:00,19338.97270531425,0,56
2023-08-28,19341.65,19346.75,19338.75,19342.7,13:55:00,19339.22768576052,0,57
2023-08-28,19363.25,19363.75,19340.65,19340.95,14:00:00,19341.515525211893,0,58
2023-08-28,19353.65,19366.8,19353.05,19362.75,14:05:00,19342.671189477427,0,59
2023-08-28,19336.05,19357.05,19324.55,19352.8,14:10:00,19342.040600003387,0,60
2023-08-28,19332.3,19340.35,19330.25,19335.45,14:15:00,19341.11292381259,0,61
2023-08-28,19315.55,19335.15,19314.35,19332.8,14:20:00,19338.67835963996,0,62
2023-08-28,19325.35,19327.3,19310.45,19314.4,14:25:00,19337.408992055203,0,63
2023-08-28,19320.65,19329.2,19319.65,19325.2,14:30:00,19335.81289757376,0,64
2023-08-28,19316.5,19325.95,19315.5,19320.75,14:35:00,19333.973573995303,0,65
2023-08-28,19319.7,19323.1,19313.55,19316.45,14:40:00,19332.61418599575,0,66
2023-08-28,19331.35,19331.35,19318.7,19319.8,14:45:00,19332.493787329488,0,67
2023-08-28,19328.1,19338.1,19317.25,19332.1,14:50:00,19332.075331393346,0,68
2023-08-28,19331.95,19333.3,19324.15,19328.1,14:55:00,19332.06339507017,0,69
2023-08-28,19320.5,19334.5,19318.6,19331.75,15:00:00,19330.9621193492,0,70
2023-08-28,19301.8,19322.6,19295.55,19322.6,15:05:00,19328.18477464928,0,71
2023-08-28,19300.85,19311.45,19298.6,19301.8,15:10:00,19325.58146277792,0,72
2023-08-28,19307.2,19308.85,19298.65,19300.75,15:15:00,19323.83084727525,0,73
2023-08-28,19305.45,19309.95,19300.4,19306.85,15:20:00,19322.0802903919,0,74
2023-08-28,19302.65,19305.8,19290.05,19305.8,15:25:00,19320.22978654505,0,75
2023-08-29,19332.9,19374.85,19329.6,19374.85,09:15:00,19326.142977194475,1,1
2023-08-29,19342.35,19343.5,19329.35,19332.1,09:20:00,19327.68650317595,1,2
2023-08-29,19323.6,19344.85,19323.2,19341.5,09:25:00,19327.297312397288,1,3
2023-08-29,19339.75,19339.95,19321.05,19322.5,09:30:00,19328.483282645167,1,4
2023-08-29,19353.1,19353.8,19337.3,19339.45,09:35:00,19330.82773191706,1,5
2023-08-29,19349.45,19356.5,19348.35,19352.9,09:40:00,19332.60128125829,1,6
2023-08-29,19342.55,19351.25,19342.5,19348.4,09:45:00,19333.548778281314,1,7
2023-08-29,19354.55,19355.4,19340.1,19342.1,09:50:00,19335.548894635474,1,8
2023-08-29,19338.55,19354.7,19336.65,19354.0,09:55:00,19335.834714194,1,9
2023-08-29,19330.7,19340.15,19329.2,19338.15,10:00:00,19335.34569379457,1,10
2023-08-29,19334.65,19335.15,19328.6,19331.45,10:05:00,19335.27943724271,1,11
2023-08-29,19340.25,19340.5,19331.95,19334.7,10:10:00,19335.752824171977,1,12
2023-08-29,19325.25,19340.75,19324.1,19340.3,10:15:00,19334.752555203217,1,13
2023-08-29,19318.05,19327.25,19317.4,19324.8,10:20:00,19333.16183566005,1,14
2023-08-29,19318.6,19322.3,19314.25,19319.15,10:25:00,19331.774994168616,1,15
2023-08-29,19331.65,19331.95,19318.55,19319.05,10:30:00,19331.76308996208,1,16
2023-08-29,19335.0,19335.55,19329.25,19331.35,10:35:00,19332.071367108547,1,17
2023-08-29,19335.95,19336.5,19331.7,19335.0,10:40:00,19332.44076071725,1,18
2023-08-29,19335.85,19339.0,19329.75,19335.5,10:45:00,19332.76545017276,1,19
2023-08-29,19330.05,19336.4,19329.6,19335.55,10:50:00,19332.50683587059,1,20
2023-08-29,19342.1,19342.5,19326.85,19329.85,10:55:00,19333.42047054958,1,21
2023-08-29,19337.95,19344.2,19336.3,19342.05,11:00:00,19333.85185430676,1,22
2023-08-29,19328.75,19339.7,19327.5,19338.5,11:05:00,19333.3659634204,1,23
2023-08-29,19326.4,19332.05,19324.75,19328.35,11:10:00,19332.702538332745,1,24
2023-08-29,19325.25,19327.0,19322.4,19326.3,11:15:00,19331.99277277724,1,25
2023-08-29,19332.05,19332.05,19324.45,19325.25,11:20:00,19331.998222988936,1,26
2023-08-29,19332.75,19335.8,19329.1,19331.6,11:25:00,19332.06982079952,1,27
2023-08-29,19333.1,19337.45,19330.6,19332.45,11:30:00,19332.167933104323,1,28
2023-08-29,19331.3,19334.9,19327.5,19333.15,11:35:00,19332.085272808672,1,29
2023-08-29,19340.3,19340.3,19328.95,19331.1,11:40:00,19332.86762777928,1,30
2023-08-29,19337.45,19343.5,19332.05,19339.95,11:45:00,19333.30404418125,1,31
2023-08-29,19332.85,19338.0,19330.7,19337.65,11:50:00,19333.26080187828,1,32
2023-08-29,19331.25,19333.0,19323.2,19331.4,11:55:00,19333.069296937487,1,33
2023-08-29,19338.95,19339.95,19329.4,19329.4,12:00:00,19333.62936389582,1,34
2023-08-29,19346.55,19347.3,19335.9,19338.8,12:05:00,19334.859900667645,1,35
2023-08-29,19345.1,19348.7,19342.15,19346.25,12:10:00,19335.83514822311,1,36
2023-08-29,19349.5,19350.6,19342.85,19344.9,12:15:00,19337.13656267805,1,37
2023-08-29,19350.4,19353.55,19346.9,19347.65,12:20:00,19338.399747184903,1,38
2023-08-29,19356.1,19357.7,19346.9,19349.6,12:25:00,19340.085485548247,1,39
2023-08-29,19349.4,19358.0,19345.7,19355.25,12:30:00,19340.9725821627,1,40
2023-08-29,19336.3,19354.0,19335.55,19348.2,12:35:00,19340.52757433768,1,41
2023-08-29,19342.15,19344.1,19332.45,19334.05,12:40:00,19340.682091067425,1,42
2023-08-29,19341.2,19343.3,19337.35,19340.95,12:45:00,19340.73141572767,1,43
2023-08-29,19346.4,19346.55,19338.15,19338.15,12:50:00,19341.271280896464,1,44
2023-08-29,19353.1,19353.1,19344.25,19344.25,12:55:00,19342.397825573,1,45
2023-08-29,19354.5,19360.4,19350.7,19352.05,13:00:00,19343.55041361366,1,46
2023-08-29,19360.25,19360.7,19353.0,19354.0,13:05:00,19345.14085041236,1,47
2023-08-29,19352.75,19361.0,19350.7,19360.0,13:10:00,19345.865531325464,1,48
2023-08-29,19354.75,19356.15,19349.55,19352.45,13:15:00,19346.711671199228,1,49
2023-08-29,19348.25,19357.2,19347.15,19354.25,13:20:00,19346.858178704064,1,50
2023-08-29,19361.35,19361.35,19341.85,19348.3,13:25:00,19348.23835216082,1,51
2023-08-29,19358.65,19361.85,19354.35,19361.35,13:30:00,19349.229937669315,1,52
2023-08-29,19357.8,19359.1,19353.65,19358.35,13:35:00,19350.04613408176,1,53
2023-08-29,19358.6,19361.65,19355.35,19356.85,13:40:00,19350.860787978738,1,54
2023-08-29,19358.8,19359.3,19351.6,19357.85,13:45:00,19351.616903409336,1,55
2023-08-29,19350.9,19358.7,19347.65,19358.15,13:50:00,19351.548626894164,1,56
2023-08-29,19344.7,19355.7,19342.65,19350.3,13:55:00,19350.896376713765,1,57
2023-08-29,19354.05,19354.9,19341.65,19343.45,14:00:00,19351.196721788645,1,58
2023-08-29,19354.65,19355.95,19346.75,19353.45,14:05:00,19351.52560542782,1,59
2023-08-29,19330.4,19354.9,19328.45,19354.6,14:10:00,19349.513643006125,1,60
2023-08-29,19329.85,19331.9,19322.15,19330.1,14:15:00,19347.64091510078,1,61
2023-08-29,19314.85,19331.8,19310.15,19329.1,14:20:00,19344.517970805467,1,62
2023-08-29,19319.8,19319.8,19309.95,19313.95,14:25:00,19342.163878347805,1,63
2023-08-29,19329.45,19330.0,19313.9,19319.7,14:30:00,19340.953032790872,1,64
2023-08-29,19323.6,19333.15,19321.35,19328.95,14:35:00,19339.300363001264,1,65
2023-08-29,19323.5,19325.6,19320.1,19324.5,14:40:00,19337.79556652496,1,66
2023-08-29,19322.15,19330.15,19319.1,19323.8,14:45:00,19336.3055125702,1,67
2023-08-29,19328.35,19330.4,19319.85,19322.35,14:50:00,19335.54784470637,1,68
2023-08-29,19314.0,19329.65,19309.95,19328.2,14:55:00,19333.49566902005,1,69
2023-08-29,19334.4,19336.9,19313.5,19315.8,15:00:00,19333.581795780046,1,70
2023-08-29,19343.15,19343.15,19334.5,19334.6,15:05:00,19334.493053324804,1,71
2023-08-29,19341.4,19344.1,19333.4,19343.5,15:10:00,19335.150857770062,1,72
2023-08-29,19340.5,19344.25,19336.65,19342.15,15:15:00,19335.6602998872,1,73
2023-08-29,19355.2,19357.0,19339.3,19341.35,15:20:00,19337.521223707467,1,74
2023-08-29,19352.95,19357.3,19349.15,19356.15,15:25:00,19338.990630973425,1,75
2023-08-30,19423.9,19433.45,19412.65,19433.45,09:15:00,19355.21659360863,2,1
2023-08-30,19418.75,19426.15,19416.25,19424.65,09:20:00,19361.26739421733,2,2
2023-08-30,19434.1,19437.05,19418.2,19418.2,09:25:00,19368.203832863303,2,3
2023-08-30,19428.6,19440.1,19425.9,19433.4,09:30:00,19373.955848781083,2,4
2023-08-30,19422.8,19431.1,19421.8,19429.15,09:35:00,19378.60767270669,2,5
2023-08-30,19422.6,19425.1,19417.5,19422.3,09:40:00,19382.7974181632,2,6
2023-08-30,19429.05,19430.35,19419.15,19422.6,09:45:00,19387.202425957177,2,7
2023-08-30,19435.2,19435.35,19426.7,19428.95,09:50:00,19391.773623485067,2,8
2023-08-30,19430.4,19435.85,19425.85,19435.5,09:55:00,19395.45232601029,2,9
2023-08-30,19429.95,19435.1,19427.05,19431.3,10:00:00,19398.737818771224,2,10
2023-08-30,19436.6,19436.6,19427.1,19429.6,10:05:00,19402.34374079301,2,11
2023-08-30,19440.55,19443.15,19434.45,19437.15,10:10:00,19405.98243214606,2,12
2023-08-30,19436.85,19442.8,19435.55,19440.25,10:15:00,19408.922200513098,2,13
2023-08-30,19435.7,19442.0,19434.9,19436.85,10:20:00,19411.472467130898,2,14
2023-08-30,19437.0,19443.65,19434.8,19436.25,10:25:00,19413.90366073748,2,15
2023-08-30,19432.95,19438.2,19432.5,19437.2,10:30:00,19415.7175978101,2,16
2023-08-30,19433.8,19434.75,19430.6,19433.1,10:35:00,19417.439731351995,2,17
2023-08-30,19443.2,19443.4,19432.5,19433.95,10:40:00,19419.893090270853,2,18
2023-08-30,19445.55,19446.35,19438.85,19443.15,10:45:00,19422.33660548316,2,19
2023-08-30,19437.4,19446.15,19436.1,19445.35,10:50:00,19423.77121448476,2,20
2023-08-30,19443.9,19444.8,19435.7,19437.2,10:55:00,19425.68824167669,2,21
2023-08-30,19445.8,19446.4,19440.4,19444.3,11:00:00,19427.603647231288,2,22
2023-08-30,19444.05,19450.15,19443.05,19446.2,11:05:00,19429.169966542595,2,23
2023-08-30,19447.7,19449.95,19444.2,19445.75,11:10:00,19430.934731633777,2,24
2023-08-30,19449.1,19451.95,19446.9,19447.45,11:15:00,19432.664757192462,2,25
2023-08-30,19445.15,19449.2,19444.3,19448.45,11:20:00,19433.853827936044,2,26
2023-08-30,19448.3,19448.55,19440.7,19445.1,11:25:00,19435.22965384689,2,27
2023-08-30,19445.3,19451.85,19444.0,19447.9,11:30:00,19436.188734432908,2,28
2023-08-30,19444.25,19449.2,19443.75,19444.85,11:35:00,19436.956474010723,2,29
2023-08-30,19443.15,19446.95,19442.85,19443.95,11:40:00,19437.54633362875,2,30
2023-08-30,19443.4,19445.55,19441.0,19443.65,11:45:00,19438.103825664108,2,31
2023-08-30,19446.45,19448.8,19442.05,19442.05,11:50:00,19438.898699410383,2,32
2023-08-30,19446.95,19448.55,19444.05,19444.95,11:55:00,19439.665489942727,2,33
2023-08-30,19445.7,19448.1,19444.55,19446.0,12:00:00,19440.24020518628,2,34
2023-08-30,19445.05,19447.65,19442.45,19444.8,12:05:00,19440.698280882825,2,35
2023-08-30,19448.05,19448.55,19443.0,19444.75,12:10:00,19441.398444608272,2,36
2023-08-30,19447.75,19448.6,19444.05,19447.9,12:15:00,19442.00335464558,2,37
2023-08-30,19442.3,19448.1,19439.85,19447.3,12:20:00,19442.0316065841,2,38
2023-08-30,19444.2,19446.0,19440.9,19442.0,12:25:00,19442.23812024276,2,39
2023-08-30,19444.45,19445.75,19441.75,19444.05,12:30:00,19442.44877545773,2,40
2023-08-30,19441.5,19445.6,19438.5,19443.8,12:35:00,19442.35841589033,2,41
2023-08-30,19437.8,19442.05,19434.55,19441.3,12:40:00,19441.92428104363,2,42
2023-08-30,19431.95,19438.35,19431.1,19437.1,12:45:00,19440.974349515665,2,43
2023-08-30,19437.4,19438.7,19427.7,19431.3,12:50:00,19440.63393527608,2,44
2023-08-30,19438.15,19440.25,19435.0,19438.25,12:55:00,19440.39737001169,2,45
2023-08-30,19432.15,19438.4,19430.45,19437.95,13:00:00,19439.61190620105,2,46
2023-08-30,19437.3,19438.2,19431.0,19432.25,13:05:00,19439.391724658097,2,47
2023-08-30,19443.95,19443.95,19435.05,19437.45,13:10:00,19439.82584611923,2,48
2023-08-30,19441.1,19445.85,19440.15,19443.5,13:15:00,19439.94719410788,2,49
2023-08-30,19440.7,19441.7,19435.5,19440.65,13:20:00,19440.018889907125,2,50
2023-08-30,19440.9,19441.4,19437.85,19440.95,13:25:00,19440.102805154067,2,51
2023-08-30,19442.5,19442.75,19437.7,19440.85,13:30:00,19440.33110942511,2,52
2023-08-30,19439.1,19444.05,19437.75,19442.5,13:35:00,19440.213860908432,2,53
2023-08-30,19432.65,19440.05,19431.4,19438.95,13:40:00,19439.493493202863,2,54
2023-08-30,19430.7,19433.1,19428.6,19432.6,13:45:00,19438.65601765973,2,55
2023-08-30,19436.75,19437.2,19429.1,19431.0,13:50:00,19438.47449216833,2,56
2023-08-30,19434.2,19438.0,19432.85,19436.1,13:55:00,19438.06739767611,2,57
2023-08-30,19426.6,19435.2,19424.75,19434.35,14:00:00,19436.975264564106,2,58
2023-08-30,19429.7,19430.0,19421.6,19427.0,14:05:00,19436.282382224665,2,59
2023-08-30,19412.85,19430.85,19410.7,19429.45,14:10:00,19434.05072677469,2,60
2023-08-30,19410.75,19412.85,19408.55,19412.1,14:15:00,19431.83160993901,2,61
2023-08-30,19412.0,19413.6,19405.8,19410.05,14:20:00,19429.942885182914,2,62
2023-08-30,19408.75,19413.65,19407.8,19411.85,14:25:00,19427.92451516549,2,63
2023-08-30,19395.1,19412.65,19393.9,19408.65,14:30:00,19424.79837086402,2,64
2023-08-30,19392.8,19396.0,19387.55,19395.7,14:35:00,19421.75090697221,2,65
2023-08-30,19391.05,19399.6,19387.55,19393.1,14:40:00,19418.82701107009,2,66
2023-08-30,19392.5,19392.5,19383.6,19391.15,14:45:00,19416.31967668247,2,67
2023-08-30,19376.2,19396.85,19375.9,19392.05,14:50:00,19412.49875509366,2,68
2023-08-30,19371.0,19380.15,19370.85,19377.7,14:55:00,19408.546492703783,2,69
2023-08-30,19367.4,19376.25,19364.05,19372.9,15:00:00,19404.62777911295,2,70
2023-08-30,19351.2,19369.7,19351.2,19366.65,15:05:00,19399.53941919744,2,71
2023-08-30,19344.5,19352.65,19335.65,19352.2,15:10:00,19394.29756975006,2,72
2023-08-30,19334.85,19346.1,19334.85,19345.65,15:15:00,19388.63589644053,2,73
2023-08-30,19343.85,19348.3,19335.9,19335.9,15:20:00,19384.37057297,2,74
2023-08-30,19342.0,19352.5,19339.75,19344.2,15:25:00,19380.33528030619,2,75
2023-08-31,19376.05,19382.7,19346.95,19375.55,09:15:00,19379.514821293727,3,1
2023-08-31,19352.55,19375.95,19351.0,19375.7,09:20:00,19376.94674307528,3,2
2023-08-31,19319.85,19354.75,19319.85,19352.6,09:25:00,19371.50895802049,3,3
2023-08-31,19334.35,19336.05,19318.4,19321.95,09:30:00,19367.970009637585,3,4
2023-08-31,19371.65,19373.3,19335.2,19335.2,09:35:00,19368.3204849102,3,5
2023-08-31,19367.75,19374.0,19360.55,19372.0,09:40:00,19368.26615301399,3,6
2023-08-31,19379.7,19383.6,19363.85,19368.0,09:45:00,19369.35509082218,3,7
2023-08-31,19386.9,19386.9,19370.4,19380.0,09:50:00,19371.026034553404,3,8
2023-08-31,19382.5,19388.0,19379.9,19385.25,09:55:00,19372.118793167367,3,9
2023-08-31,19376.95,19382.9,19370.0,19382.75,10:00:00,19372.57890810381,3,10
2023-08-31,19345.0,19376.1,19343.55,19376.1,10:05:00,19369.952345427257,3,11
2023-08-31,19347.3,19348.25,19335.3,19344.8,10:10:00,19367.79497919609,3,12
2023-08-31,19351.8,19360.55,19340.8,19347.45,10:15:00,19366.27164784408,3,13
2023-08-31,19348.4,19350.9,19344.25,19350.9,10:20:00,19364.569586144647,3,14
2023-08-31,19334.35,19348.35,19333.3,19348.05,10:25:00,19361.691530321343,3,15
2023-08-31,19332.7,19337.3,19331.1,19333.75,10:30:00,19358.930432195502,3,16
2023-08-31,19320.25,19335.25,19316.3,19333.3,10:35:00,19355.24658151022,3,17
2023-08-31,19321.6,19326.25,19316.25,19320.55,10:40:00,19352.04214517592,3,18
2023-08-31,19320.35,19325.1,19320.05,19322.25,10:45:00,19349.02384563535,3,19
2023-08-31,19322.4,19324.85,19318.85,19320.7,10:50:00,19346.488241289127,3,20
2023-08-31,19325.05,19329.0,19315.35,19323.1,10:55:00,19344.446504023497,3,21
2023-08-31,19311.65,19326.35,19307.5,19325.35,11:00:00,19341.32302744983,3,22
2023-08-31,19309.8,19313.9,19305.4,19311.2,11:05:00,19338.32083435937,3,23
2023-08-31,19313.55,19316.85,19308.3,19309.95,11:10:00,19335.96170727753,3,24
2023-08-31,19323.1,19323.9,19311.75,19314.1,11:15:00,19334.736782774908,3,25
2023-08-31,19324.75,19327.55,19315.4,19322.65,11:20:00,19333.78566060587,3,26
2023-08-31,19327.25,19330.2,19324.65,19324.65,11:25:00,19333.163216738645,3,27
2023-08-31,19338.7,19338.7,19321.55,19327.25,11:30:00,19333.6905294302,3,28
2023-08-31,19334.6,19339.1,19332.8,19338.8,11:35:00,19333.777145674947,3,29
2023-08-31,19330.0,19336.95,19327.6,19334.85,11:40:00,19333.41741751543,3,30
2023-08-31,19322.0,19333.8,19321.3,19329.65,11:45:00,19332.330044418723,3,31
2023-08-31,19319.65,19324.9,19317.85,19321.95,11:50:00,19331.12242114075,3,32
2023-08-31,19315.3,19325.85,19315.3,19319.65,11:55:00,19329.61552388925,3,33
2023-08-31,19315.6,19317.6,19303.75,19315.1,12:00:00,19328.28071209028,3,34
2023-08-31,19312.25,19316.9,19309.5,19315.9,12:05:00,19326.753977605484,3,35
2023-08-31,19305.25,19313.5,19301.0,19311.95,12:10:00,19324.705979738294,3,36
2023-08-31,19311.9,19313.1,19300.65,19305.15,12:15:00,19323.48636262036,3,37
2023-08-31,19299.7,19312.95,19294.75,19312.2,12:20:00,19321.220994751755,3,38
2023-08-31,19305.5,19305.9,19292.95,19299.75,12:25:00,19319.72375715635,3,39
2023-08-31,19302.0,19308.4,19301.4,19305.75,12:30:00,19318.03578028432,3,40
2023-08-31,19300.7,19304.6,19297.9,19303.1,12:35:00,19316.384753590573,3,41
2023-08-31,19308.95,19311.85,19297.05,19302.5,12:40:00,19315.676681820045,3,42
2023-08-31,19308.05,19317.95,19302.55,19309.65,12:45:00,19314.95033117052,3,43
2023-08-31,19314.1,19315.4,19307.65,19307.65,12:50:00,19314.869347249514,3,44
2023-08-31,19311.25,19316.15,19305.85,19314.15,12:55:00,19314.524647511465,3,45
2023-08-31,19304.9,19313.5,19302.65,19311.9,13:00:00,19313.60801441513,3,46
2023-08-31,19310.4,19311.7,19301.75,19303.55,13:05:00,19313.30248923274,3,47
2023-08-31,19279.4,19310.05,19278.6,19309.15,13:10:00,19310.073680734386,3,48
2023-08-31,19276.6,19280.6,19273.2,19278.8,13:15:00,19306.885711140632,3,49
2023-08-31,19281.05,19281.4,19272.8,19276.45,13:20:00,19304.42516722248,3,50
2023-08-31,19285.5,19288.2,19279.4,19281.65,13:25:00,19302.622770344147,3,51
2023-08-31,19294.95,19294.95,19285.2,19285.2,13:30:00,19301.89203031137,3,52
2023-08-31,19308.55,19315.85,19295.25,19295.25,13:35:00,19302.526122662668,3,53
2023-08-31,19318.9,19320.05,19304.3,19307.95,13:40:00,19304.08553955194,3,54
2023-08-31,19306.95,19319.85,19306.2,19318.5,13:45:00,19304.358345308898,3,55
2023-08-31,19297.95,19309.5,19294.35,19305.7,13:50:00,19303.748026708054,3,56
2023-08-31,19295.1,19301.75,19292.8,19297.6,13:55:00,19302.92440511681,3,57
2023-08-31,19295.25,19297.5,19288.4,19294.4,14:00:00,19302.1935093914,3,58
2023-08-31,19296.2,19297.65,19293.15,19295.5,14:05:00,19301.622698973173,3,59
2023-08-31,19284.1,19296.95,19281.1,19295.7,14:10:00,19299.953870499536,3,60
2023-08-31,19278.3,19286.25,19277.55,19283.25,14:15:00,19297.89159711863,3,61
2023-08-31,19280.4,19285.2,19273.65,19279.65,14:20:00,19296.22573072638,3,62
2023-08-31,19271.2,19283.75,19271.05,19278.1,14:25:00,19293.842327800056,3,63
2023-08-31,19268.0,19275.75,19260.15,19272.2,14:30:00,19291.38115372385,3,64
2023-08-31,19268.05,19272.8,19264.75,19269.4,14:35:00,19289.15913908349,3,65
2023-08-31,19263.85,19269.65,19260.15,19267.75,14:40:00,19286.748744885062,3,66
2023-08-31,19256.85,19273.25,19254.75,19263.5,14:45:00,19283.901245372203,3,67
2023-08-31,19256.3,19263.85,19254.35,19256.75,14:50:00,19281.27255533676,3,68
2023-08-31,19270.9,19271.25,19255.4,19256.45,14:55:00,19280.28469292373,3,69
2023-08-31,19248.3,19285.85,19247.55,19270.5,15:00:00,19277.2385316929,3,70
2023-08-31,19247.5,19248.8,19233.4,19248.65,15:05:00,19274.40629057929,3,71
2023-08-31,19280.55,19281.85,19247.6,19247.6,15:10:00,19274.99140576221,3,72
2023-08-31,19250.9,19282.6,19250.5,19281.0,15:15:00,19272.69698616581,3,73
2023-08-31,19232.1,19251.35,19224.6,19250.2,15:20:00,19268.830606530973,3,74
2023-08-31,19279.55,19288.6,19232.65,19232.65,15:25:00,19269.85150114708,3,75
2023-09-01,19293.75,19302.95,19258.15,19258.15,09:15:00,19271.119256041027,4,1
2023-09-01,19291.1,19300.7,19286.95,19295.2,09:20:00,19273.02218403712,4,2
2023-09-01,19293.3,19294.6,19285.0,19290.85,09:25:00,19274.95340460501,4,3
2023-09-01,19312.2,19312.2,19290.45,19293.75,09:30:00,19278.500699404536,4,4
2023-09-01,19312.4,19315.7,19306.9,19310.85,09:35:00,19281.72920422316,4,5
2023-09-01,19317.6,19318.45,19309.35,19312.7,09:40:00,19285.145470487616,4,6
2023-09-01,19331.35,19333.5,19316.3,19316.85,09:45:00,19289.545901869747,4,7
2023-09-01,19312.0,19332.05,19304.65,19331.7,09:50:00,19291.684387405963,4,8
2023-09-01,19309.2,19318.4,19305.75,19312.9,09:55:00,19293.352540986347,4,9
2023-09-01,19296.75,19310.3,19296.25,19309.65,10:00:00,19293.676108511456,4,10
2023-09-01,19292.7,19298.1,19288.65,19297.3,10:05:00,19293.58314579608,4,11
2023-09-01,19304.5,19305.45,19291.65,19293.15,10:10:00,19294.622846196453,4,12
2023-09-01,19314.75,19317.25,19302.25,19303.85,10:15:00,19296.539717987267,4,13
2023-09-01,19316.9,19321.45,19313.25,19315.6,10:20:00,19298.47879246467,4,14
2023-09-01,19334.9,19338.0,19316.9,19316.95,10:25:00,19301.947478896607,4,15
2023-09-01,19331.6,19339.15,19329.25,19335.25,10:30:00,19304.7715285255,4,16
2023-09-01,19322.75,19333.75,19318.85,19331.55,10:35:00,19306.483763904023,4,17
2023-09-01,19310.75,19337.6,19310.4,19322.45,10:40:00,19306.89007210364,4,18
2023-09-01,19315.8,19317.8,19306.25,19310.15,10:45:00,19307.738636665195,4,19
2023-09-01,19328.7,19329.35,19315.55,19315.65,10:50:00,19309.7349569828,4,20
2023-09-01,19334.75,19337.4,19327.95,19329.05,10:55:00,19312.117342032056,4,21
2023-09-01,19339.2,19344.55,19332.45,19333.15,11:00:00,19314.696642790903,4,22
2023-09-01,19339.8,19350.15,19332.35,19340.4,11:05:00,19317.087438715585,4,23
2023-09-01,19327.95,19340.45,19323.3,19340.3,11:10:00,19318.12196836172,4,24
2023-09-01,19339.0,19344.9,19326.4,19328.6,11:15:00,19320.11035232727,4,25
2023-09-01,19339.75,19345.15,19337.0,19339.25,11:20:00,19321.980794962765,4,26
2023-09-01,19341.85,19342.85,19334.75,19339.6,11:25:00,19323.873100204404,4,27
2023-09-01,19337.55,19344.9,19336.95,19341.25,11:30:00,19325.1756620897,4,28
2023-09-01,19330.1,19338.3,19326.9,19337.6,11:35:00,19325.644646652585,4,29
2023-09-01,19329.8,19338.55,19327.9,19330.3,11:40:00,19326.04039459044,4,30
2023-09-01,19333.25,19337.4,19326.4,19329.65,11:45:00,19326.72702367706,4,31
2023-09-01,19335.5,19340.55,19332.45,19333.05,11:50:00,19327.562545231627,4,32
2023-09-01,19334.45,19342.45,19334.45,19335.6,11:55:00,19328.218493304805,4,33
2023-09-01,19334.95,19340.6,19331.45,19334.45,12:00:00,19328.85958918053,4,34
2023-09-01,19336.95,19338.85,19328.85,19335.8,12:05:00,19329.630104496675,4,35
2023-09-01,19333.8,19339.25,19332.7,19336.6,12:10:00,19330.02723740175,4,36
2023-09-01,19326.8,19335.35,19323.5,19333.2,12:15:00,19329.71988145873,4,37
2023-09-01,19343.15,19343.8,19326.9,19326.9,12:20:00,19330.998940367423,4,38
2023-09-01,19337.95,19348.15,19335.65,19342.85,12:25:00,19331.660946046715,4,39
2023-09-01,19347.0,19349.75,19334.25,19337.25,12:30:00,19333.12180832798,4,40
2023-09-01,19366.55,19369.7,19345.8,19346.3,12:35:00,19336.30544563008,4,41
2023-09-01,19366.7,19372.75,19363.8,19367.6,12:40:00,19339.20016509388,4,42
2023-09-01,19371.75,19377.25,19366.3,19367.25,12:45:00,19342.30014937065,4,43
2023-09-01,19374.0,19382.5,19369.95,19371.85,12:50:00,19345.319182763928,4,44
2023-09-01,19378.5,19379.95,19371.7,19374.85,12:55:00,19348.479260595934,4,45
2023-09-01,19392.55,19399.4,19377.45,19379.45,13:00:00,19352.67647387252,4,46
2023-09-01,19396.25,19400.35,19389.95,19392.85,13:05:00,19356.826333503705,4,47
2023-09-01,19391.15,19399.45,19388.75,19396.75,13:10:00,19360.0952541224,4,48
2023-09-01,19388.0,19396.6,19386.1,19392.1,13:15:00,19362.752848967884,4,49
2023-09-01,19400.55,19401.0,19384.4,19388.4,13:20:00,19366.35257763761,4,50
2023-09-01,19394.7,19403.4,19392.95,19399.95,13:25:00,19369.052332148312,4,51
2023-09-01,19389.05,19400.0,19387.1,19394.85,13:30:00,19370.956871943712,4,52
2023-09-01,19391.5,19394.4,19385.95,19389.5,13:35:00,19372.913360330025,4,53
2023-09-01,19401.0,19406.85,19388.95,19392.15,13:40:00,19375.588278393832,4,54
2023-09-01,19413.05,19419.0,19399.15,19401.2,13:45:00,19379.15606140394,4,55
2023-09-01,19408.5,19416.25,19403.6,19413.7,13:50:00,19381.950722222613,4,56
2023-09-01,19416.5,19417.75,19404.8,19409.45,13:55:00,19385.241129629983,4,57
2023-09-01,19425.5,19428.7,19415.75,19416.65,14:00:00,19389.07530776046,4,58
2023-09-01,19436.55,19439.95,19424.2,19425.5,14:05:00,19393.596707021366,4,59
2023-09-01,19435.95,19439.7,19431.55,19436.4,14:10:00,19397.630353971712,4,60
2023-09-01,19432.4,19439.0,19425.9,19436.05,14:15:00,19400.94174883155,4,61
2023-09-01,19453.3,19458.5,19430.95,19432.35,14:20:00,19405.92824894283,4,62
2023-09-01,19437.9,19456.05,19435.75,19453.2,14:25:00,19408.973177614946,4,63
2023-09-01,19442.55,19443.7,19433.45,19437.75,14:30:00,19412.170970223044,4,64
2023-09-01,19446.5,19448.6,19436.3,19443.85,14:35:00,19415.44040163037,4,65
2023-09-01,19439.85,19447.05,19434.3,19447.05,14:40:00,19417.765125284623,4,66
2023-09-01,19435.15,19447.35,19434.75,19440.05,14:45:00,19419.420827638467,4,67
2023-09-01,19440.95,19445.95,19425.2,19435.15,14:50:00,19421.47122500624,4,68
2023-09-01,19439.75,19444.9,19429.7,19440.7,14:55:00,19423.212060719925,4,69
2023-09-01,19438.45,19450.3,19427.9,19439.7,15:00:00,19424.66329303232,4,70
2023-09-01,19442.75,19443.85,19430.5,19438.85,15:05:00,19426.385836553047,4,71
2023-09-01,19435.15,19447.0,19433.95,19442.25,15:10:00,19427.22051878609,4,72
2023-09-01,19426.85,19436.35,19421.9,19435.15,15:15:00,19427.18523128265,4,73
2023-09-01,19436.15,19441.35,19424.05,19426.7,15:20:00,19428.039018779546,4,74
2023-09-01,19423.35,19439.2,19422.65,19436.45,15:25:00,19427.59244556244,4,75
2023-09-04,19509.0,19525.05,19494.3,19525.05,09:15:00,19443.74324908853,0,1
2023-09-04,19515.6,19520.8,19499.3,19508.8,09:20:00,19450.58674917533,0,2
2023-09-04,19515.0,19520.65,19506.7,19514.0,09:25:00,19456.72134449197,0,3
2023-09-04,19499.05,19515.55,19496.95,19513.9,09:30:00,19460.752645016542,0,4
2023-09-04,19482.4,19499.5,19470.1,19498.55,09:35:00,19462.81429787211,0,5
2023-09-04,19468.75,19482.9,19466.9,19481.45,09:40:00,19463.37960283668,0,6
2023-09-04,19489.5,19492.9,19464.55,19468.2,09:45:00,19465.86725970937,0,7
2023-09-04,19489.05,19494.75,19485.4,19488.35,09:50:00,19468.075139737048,0,8
2023-09-04,19485.85,19493.7,19482.9,19490.35,09:55:00,19469.76798357161,0,9
2023-09-04,19464.45,19495.75,19464.3,19485.7,10:00:00,19469.261508945747,0,10
2023-09-04,19460.8,19469.75,19455.3,19464.35,10:05:00,19468.45565095092,0,11
2023-09-04,19458.05,19464.75,19453.6,19460.65,10:10:00,19467.46463657464,0,12
2023-09-04,19449.45,19459.9,19443.4,19458.4,10:15:00,19465.748956900865,0,13
2023-09-04,19462.6,19462.7,19449.7,19450.3,10:20:00,19465.44905624364,0,14
2023-09-04,19455.55,19466.2,19453.6,19462.55,10:25:00,19464.506288982346,0,15
2023-09-04,19454.4,19457.05,19443.9,19456.2,10:30:00,19463.543785269736,0,16
2023-09-04,19434.05,19456.95,19433.8,19454.9,10:35:00,19460.734853339283,0,17
2023-09-04,19443.95,19445.95,19433.15,19434.6,10:40:00,19459.1362958784,0,18
2023-09-04,19441.7,19442.75,19434.85,19442.75,10:45:00,19457.47569627093,0,19
2023-09-04,19459.25,19462.05,19440.25,19441.1,10:50:00,19457.64467757846,0,20
2023-09-04,19442.25,19461.8,19441.9,19458.7,10:55:00,19456.178517809087,0,21
2023-09-04,19467.25,19467.6,19435.85,19442.35,11:00:00,19457.23294468441,0,22
2023-09-04,19463.7,19469.75,19460.3,19467.8,11:05:00,19457.84885471447,0,23
2023-09-04,19473.05,19473.05,19459.25,19463.85,11:10:00,19459.2965828369,0,24
2023-09-04,19470.8,19478.35,19464.85,19472.6,11:15:00,19460.39214637624,0,25
2023-09-04,19472.1,19476.7,19468.7,19470.05,11:20:00,19461.50718005469,0,26
2023-09-04,19463.8,19474.3,19457.8,19474.3,11:25:00,19461.72554385901,0,27
2023-09-04,19461.2,19467.5,19459.6,19463.0,11:30:00,19461.67549206292,0,28
2023-09-04,19471.2,19472.5,19459.35,19461.05,11:35:00,19462.58258805693,0,29
2023-09-04,19470.75,19471.45,19461.1,19471.0,11:40:00,19463.36043681341,0,30
2023-09-04,19476.25,19476.9,19467.75,19469.35,11:45:00,19464.58801425976,0,31
2023-09-04,19485.25,19486.4,19472.85,19476.1,11:50:00,19466.55582242549,0,32
2023-09-04,19480.95,19487.35,19479.3,19484.7,11:55:00,19467.926696480205,0,33
2023-09-04,19491.8,19493.35,19479.8,19480.3,12:00:00,19470.20034443447,0,34
2023-09-04,19486.6,19492.05,19480.6,19491.6,12:05:00,19471.76221639309,0,35
2023-09-04,19490.25,19491.05,19478.75,19487.15,12:10:00,19473.522957688987,0,36
2023-09-04,19499.3,19503.2,19489.4,19490.45,12:15:00,19475.97791409956,0,37
2023-09-04,19506.1,19508.7,19496.1,19498.9,12:20:00,19478.846684185315,0,38
2023-09-04,19505.15,19506.4,19495.45,19505.8,12:25:00,19481.35176188196,0,39
2023-09-04,19508.5,19511.65,19501.95,19504.15,12:30:00,19483.937308369383,0,40
2023-09-04,19510.0,19514.7,19502.5,19507.5,12:35:00,19486.419469477063,0,41
2023-09-04,19505.05,19510.9,19503.05,19509.65,12:40:00,19488.193805717343,0,42
2023-09-04,19505.65,19507.75,19500.85,19505.15,12:45:00,19489.85630041093,0,43
2023-09-04,19501.45,19509.0,19494.4,19505.7,12:50:00,19490.960462276555,0,44
2023-09-04,19499.8,19505.45,19495.55,19501.85,12:55:00,19491.80232301212,0,45
2023-09-04,19508.15,19508.55,19500.2,19500.2,13:00:00,19493.359244630014,0,46
2023-09-04,19517.45,19517.95,19505.8,19508.35,13:05:00,19495.653602284296,0,47
2023-09-04,19512.85,19519.3,19512.05,19517.7,13:10:00,19497.29135444769,0,48
2023-09-04,19506.0,19516.25,19505.35,19513.45,13:15:00,19498.1207492622,0,49
2023-09-04,19516.05,19517.2,19506.4,19506.4,13:20:00,19499.82829695152,0,50
2023-09-04,19512.35,19518.35,19512.15,19516.15,13:25:00,19501.02084009899,0,51
2023-09-04,19512.8,19520.1,19509.1,19512.5,13:30:00,19502.142664851464,0,52
2023-09-04,19517.45,19518.65,19511.35,19513.9,13:35:00,19503.60050629418,0,53
2023-09-04,19511.9,19519.65,19511.0,19517.65,13:40:00,19504.390934266165,0,54
2023-09-04,19511.9,19515.35,19504.25,19512.55,13:45:00,19505.10608338367,0,55
2023-09-04,19508.6,19517.0,19508.6,19512.0,13:50:00,19505.43883734713,0,56
2023-09-04,19501.3,19511.3,19494.85,19509.75,13:55:00,19505.044662361688,0,57
2023-09-04,19502.9,19509.85,19495.65,19501.0,14:00:00,19504.84040880344,0,58
2023-09-04,19504.35,19506.85,19494.7,19503.2,14:05:00,19504.793703203104,0,59
2023-09-04,19508.05,19514.45,19500.45,19505.5,14:10:00,19505.10382670757,0,60
2023-09-04,19499.75,19509.0,19498.6,19508.9,14:15:00,19504.593938449707,0,61
2023-09-04,19500.1,19508.7,19495.95,19499.95,14:20:00,19504.16594431164,0,62
2023-09-04,19505.9,19508.35,19496.75,19501.85,14:25:00,19504.33109247244,0,63
2023-09-04,19500.5,19511.25,19500.5,19507.75,14:30:00,19503.966226522683,0,64
2023-09-04,19509.25,19515.2,19498.65,19502.0,14:35:00,19504.46944304433,0,65
2023-09-04,19531.05,19531.05,19504.45,19510.85,14:40:00,19507.00092465916,0,66
2023-09-04,19528.55,19535.25,19524.95,19531.4,14:45:00,19509.05321754876,0,67
2023-09-04,19524.25,19530.3,19523.7,19528.05,14:50:00,19510.500530163165,0,68
2023-09-04,19522.7,19525.55,19516.05,19524.1,14:55:00,19511.662384433337,0,69
2023-09-04,19519.1,19529.95,19513.55,19522.6,15:00:00,19512.37072877302,0,70
2023-09-04,19533.2,19534.05,19518.3,19519.2,15:05:00,19514.35446888988,0,71
2023-09-04,19530.45,19535.05,19525.55,19533.05,15:10:00,19515.88737661465,0,72
2023-09-04,19528.25,19531.3,19521.55,19530.05,15:15:00,19517.06476931801,0,73
2023-09-04,19533.7,19535.1,19521.55,19528.05,15:20:00,19518.64907700201,0,74
2023-09-04,19534.8,19543.75,19527.6,19534.05,15:25:00,19520.18726014468,0,75
2023-09-05,19535.7,19564.65,19535.7,19564.65,09:15:00,19525.49592043589,1,1
2023-09-05,19539.65,19553.8,19533.1,19535.05,09:20:00,19526.843928013423,1,2
2023-09-05,19550.2,19552.8,19536.0,19540.0,09:25:00,19529.068315821674,1,3
2023-09-05,19551.7,19556.7,19545.1,19550.3,09:30:00,19531.22371431485,1,4
2023-09-05,19557.7,19560.85,19545.95,19550.9,09:35:00,19533.745265332484,1,5
2023-09-05,19568.4,19569.35,19557.2,19557.9,09:40:00,19537.0457162532,1,6
2023-09-05,19577.2,19578.3,19566.8,19568.8,09:45:00,19540.869933752896,1,7
2023-09-05,19577.7,19580.95,19571.05,19577.25,09:50:00,19544.37755910976,1,8
2023-09-05,19575.1,19579.4,19571.45,19576.45,09:55:00,19547.30350586121,1,9
2023-09-05,19579.25,19583.15,19573.45,19573.45,10:00:00,19550.346029112527,1,10
2023-09-05,19578.75,19582.1,19577.05,19578.4,10:05:00,19553.05116919705,1,11
2023-09-05,19580.75,19581.3,19574.85,19578.9,10:10:00,19555.689153083043,1,12
2023-09-05,19555.1,19583.7,19553.75,19580.1,10:15:00,19555.63304326561,1,13
2023-09-05,19569.95,19569.95,19550.5,19554.75,10:20:00,19556.9965629546,1,14
2023-09-05,19561.9,19574.3,19561.75,19570.8,10:25:00,19557.463556958923,1,15
2023-09-05,19563.1,19564.35,19553.15,19561.95,10:30:00,19558.000361058075,1,16
2023-09-05,19573.35,19573.65,19562.15,19563.15,10:35:00,19559.462231433496,1,17
2023-09-05,19574.4,19576.3,19569.9,19574.35,10:40:00,19560.88487605888,1,18
2023-09-05,19573.95,19577.6,19569.85,19574.35,10:45:00,19562.12917357708,1,19
2023-09-05,19573.85,19575.8,19569.25,19574.4,10:50:00,19563.245442760217,1,20
2023-09-05,19564.2,19574.4,19561.3,19574.05,10:55:00,19563.33635297353,1,21
2023-09-05,19573.55,19576.8,19560.7,19564.7,11:00:00,19564.309081261767,1,22
2023-09-05,19569.85,19577.55,19563.35,19573.65,11:05:00,19564.836787808264,1,23
2023-09-05,19577.9,19582.4,19569.95,19571.45,11:10:00,19566.080903255097,1,24
2023-09-05,19581.45,19582.9,19575.7,19578.6,11:15:00,19567.54462675461,1,25
2023-09-05,19573.3,19585.95,19571.95,19582.1,11:20:00,19568.092757539885,1,26
2023-09-05,19576.45,19582.0,19572.55,19573.5,11:25:00,19568.88868539323,1,27
2023-09-05,19573.65,19578.95,19571.8,19577.15,11:30:00,19569.34214392721,1,28
2023-09-05,19573.7,19577.6,19571.85,19573.75,11:35:00,19569.757177838907,1,29
2023-09-05,19575.2,19578.3,19572.55,19575.45,11:40:00,19570.275541854247,1,30
2023-09-05,19576.45,19579.65,19574.1,19576.25,11:45:00,19570.86358548718,1,31
2023-09-05,19582.3,19585.2,19575.5,19576.2,11:50:00,19571.95276782173,1,32
2023-09-05,19581.3,19586.9,19580.65,19583.8,11:55:00,19572.84298041014,1,33
2023-09-05,19568.1,19583.1,19567.75,19581.75,12:00:00,19572.39126799013,1,34
2023-09-05,19573.85,19580.35,19565.6,19568.65,12:05:00,19572.53019484821,1,35
2023-09-05,19568.6,19573.95,19560.5,19572.1,12:10:00,19572.15589057696,1,36
2023-09-05,19563.5,19571.45,19562.1,19567.7,12:15:00,19571.33152004582,1,37
2023-09-05,19568.9,19571.7,19561.45,19564.0,12:20:00,19571.099946708124,1,38
2023-09-05,19563.1,19576.2,19563.0,19569.4,12:25:00,19570.33804702164,1,39
2023-09-05,19551.3,19564.45,19544.2,19562.4,12:30:00,19568.524899686243,1,40
2023-09-05,19545.9,19556.5,19544.8,19551.05,12:35:00,19566.37014733517,1,41
2023-09-05,19536.55,19546.65,19535.55,19546.55,12:40:00,19563.530133303248,1,42
2023-09-05,19539.3,19541.25,19532.05,19537.1,12:45:00,19561.22250156008,1,43
2023-09-05,19544.6,19549.75,19540.05,19540.05,12:50:00,19559.639406173403,1,44
2023-09-05,19549.2,19555.3,19544.45,19544.9,12:55:00,19558.64517701403,1,45
2023-09-05,19543.95,19552.6,19543.95,19549.15,13:00:00,19557.245636346022,1,46
2023-09-05,19546.55,19549.95,19544.6,19545.25,13:05:00,19556.22700431307,1,47
2023-09-05,19555.65,19557.25,19545.2,19545.8,13:10:00,19556.17205152135,1,48
2023-09-05,19545.15,19557.35,19545.15,19556.55,13:15:00,19555.12233232884,1,49
2023-09-05,19527.7,19547.35,19527.7,19545.35,13:20:00,19552.51068163085,1,50
2023-09-05,19534.8,19537.1,19526.7,19528.45,13:25:00,19550.823950046964,1,51
2023-09-05,19535.45,19547.3,19534.5,19536.65,13:30:00,19549.359764328205,1,52
2023-09-05,19545.5,19549.8,19536.0,19537.1,13:35:00,19548.99216772552,1,53
2023-09-05,19543.65,19549.15,19542.75,19545.9,13:40:00,19548.483389846897,1,54
2023-09-05,19552.45,19556.05,19542.75,19543.4,13:45:00,19548.861162242432,1,55
2023-09-05,19544.1,19553.95,19544.0,19552.95,13:50:00,19548.407718219343,1,56
2023-09-05,19547.05,19549.95,19541.3,19543.9,13:55:00,19548.27841172226,1,57
2023-09-05,19548.9,19557.05,19547.3,19547.45,14:00:00,19548.337610605857,1,58
2023-09-05,19554.5,19560.4,19549.5,19549.5,14:05:00,19548.92450483387,1,59
2023-09-05,19550.7,19558.25,19550.7,19554.1,14:10:00,19549.0935996116,1,60
2023-09-05,19554.85,19558.2,19547.3,19551.05,14:15:00,19549.641828220017,1,61
2023-09-05,19566.2,19566.2,19551.35,19554.65,14:20:00,19551.21879696097,1,62
2023-09-05,19556.5,19568.0,19556.5,19566.35,14:25:00,19551.721768678974,1,63
2023-09-05,19545.85,19561.65,19545.45,19556.65,14:30:00,19551.16255261431,1,64
2023-09-05,19554.05,19556.55,19545.85,19545.85,14:35:00,19551.437547603426,1,65
2023-09-05,19558.95,19560.6,19548.4,19553.6,14:40:00,19552.15301926024,1,66
2023-09-05,19566.45,19568.1,19557.9,19559.55,14:45:00,19553.514636473552,1,67
2023-09-05,19563.45,19567.75,19559.7,19564.05,14:50:00,19554.46086157131,1,68
2023-09-05,19569.3,19573.55,19562.05,19562.2,14:55:00,19555.87411285024,1,69
2023-09-05,19570.65,19579.15,19567.35,19569.25,15:00:00,19557.281340197827,1,70
2023-09-05,19570.95,19575.5,19566.2,19570.05,15:05:00,19558.583117321847,1,71
2023-09-05,19577.0,19577.0,19566.35,19569.6,15:10:00,19560.337106148338,1,72
2023-09-05,19573.8,19581.1,19571.8,19576.75,15:15:00,19561.619286515164,1,73
2023-09-05,19582.55,19583.8,19569.95,19574.5,15:20:00,19563.61268779944,1,74
2023-09-05,19577.65,19584.1,19577.65,19583.35,15:25:00,19564.94957467568,1,75
2023-09-06,19588.75,19599.0,19569.15,19581.2,09:15:00,19568.616545256056,2,1
2023-09-06,19568.75,19589.05,19563.35,19588.3,09:20:00,19568.62925523167,2,2
2023-09-06,19577.25,19580.85,19568.3,19568.3,09:25:00,19569.45027854294,2,3
2023-09-06,19577.15,19578.15,19564.1,19577.55,09:30:00,19570.18358534837,2,4
2023-09-06,19594.95,19594.95,19577.15,19577.15,09:35:00,19572.54229150568,2,5
2023-09-06,19592.6,19604.1,19589.25,19594.3,09:40:00,19574.45254945752,2,6
2023-09-06,19592.4,19597.25,19585.85,19592.2,09:45:00,19576.16183046156,2,7
2023-09-06,19578.55,19592.45,19576.1,19590.15,09:50:00,19576.389275179507,2,8
2023-09-06,19565.3,19578.95,19564.85,19577.15,09:55:00,19575.33315373384,2,9
2023-09-06,19562.75,19565.55,19557.4,19565.35,10:00:00,19574.13475814014,2,10
2023-09-06,19570.9,19574.95,19562.15,19563.15,10:05:00,19573.82668593632,2,11
2023-09-06,19573.25,19573.45,19564.75,19571.05,10:10:00,19573.77176346619,2,12
2023-09-06,19574.15,19577.45,19567.0,19572.7,10:15:00,19573.80778599322,2,13
2023-09-06,19574.95,19580.25,19572.4,19575.2,10:20:00,19573.91656827958,2,14
2023-09-06,19576.6,19579.7,19569.75,19576.45,10:25:00,19574.17213320533,2,15
2023-09-06,19581.15,19583.35,19571.5,19575.95,10:30:00,19574.836691947683,2,16
2023-09-06,19581.9,19587.1,19578.45,19581.65,10:35:00,19575.509387952665,2,17
2023-09-06,19580.55,19588.75,19577.95,19583.3,10:40:00,19575.98944624289,2,18
2023-09-06,19580.5,19589.15,19578.25,19580.95,10:45:00,19576.419022791182,2,19
2023-09-06,19577.95,19582.85,19573.5,19579.9,10:50:00,19576.5648301444,2,20
2023-09-06,19564.4,19579.25,19564.4,19579.15,10:55:00,19575.40627489256,2,21
2023-09-06,19566.85,19570.6,19560.2,19564.6,11:00:00,19574.59139156945,2,22
2023-09-06,19572.5,19575.45,19566.35,19566.35,11:05:00,19574.39221141998,2,23
2023-09-06,19570.9,19574.65,19565.8,19573.35,11:10:00,19574.059619856176,2,24
2023-09-06,19565.25,19573.35,19564.7,19571.2,11:15:00,19573.2206084413,2,25
2023-09-06,19561.85,19566.95,19559.9,19565.55,11:20:00,19572.13769335165,2,26
2023-09-06,19566.9,19569.7,19557.85,19560.9,11:25:00,19571.6388654134,2,27
2023-09-06,19562.9,19571.65,19559.9,19566.7,11:30:00,19570.806592516885,2,28
2023-09-06,19557.55,19563.45,19551.55,19561.75,11:35:00,19569.544059896227,2,29
2023-09-06,19544.7,19557.65,19543.75,19557.1,11:40:00,19567.17795895373,2,30
2023-09-06,19541.15,19546.7,19534.4,19544.8,11:45:00,19564.69910572004,2,31
2023-09-06,19542.25,19546.35,19539.05,19541.75,11:50:00,19562.561095651465,2,32
2023-09-06,19544.05,19547.0,19538.5,19542.75,11:55:00,19560.798134160847,2,33
2023-09-06,19538.45,19548.5,19538.45,19543.9,12:00:00,19558.66974043124,2,34
2023-09-06,19543.35,19543.4,19536.6,19538.55,12:05:00,19557.210717533027,2,35
2023-09-06,19552.05,19554.1,19542.8,19543.3,12:10:00,19556.71922062512,2,36
2023-09-06,19551.75,19556.15,19549.55,19552.65,12:15:00,19556.245961517965,2,37
2023-09-06,19540.15,19553.85,19540.15,19551.8,12:20:00,19554.71301280197,2,38
2023-09-06,19545.45,19546.15,19538.2,19540.5,12:25:00,19553.830821106545,2,39
2023-09-06,19540.8,19547.45,19539.5,19544.35,12:30:00,19552.58979052497,2,40
2023-09-06,19530.5,19543.8,19530.5,19540.85,12:35:00,19550.48600095116,2,41
2023-09-06,19511.6,19531.55,19509.25,19530.5,12:40:00,19546.782572289147,2,42
2023-09-06,19507.25,19514.95,19502.35,19511.5,12:45:00,19543.017565404465,2,43
2023-09-06,19507.55,19510.6,19503.4,19507.5,12:50:00,19539.63970203261,2,44
2023-09-06,19506.65,19509.55,19500.3,19507.4,12:55:00,19536.497825648552,2,45
2023-09-06,19508.9,19513.65,19505.95,19506.75,13:00:00,19533.86946130107,2,46
2023-09-06,19507.4,19517.95,19507.1,19508.25,13:05:00,19531.34856022478,2,47
2023-09-06,19509.75,19516.6,19507.2,19507.3,13:10:00,19529.29155448909,2,48
2023-09-06,19513.95,19515.3,19509.95,19510.55,13:15:00,19527.83045406156,2,49
2023-09-06,19497.45,19518.8,19496.85,19513.85,13:20:00,19524.937077484265,2,50
2023-09-06,19500.85,19503.25,19494.25,19497.75,13:25:00,19522.64307010481,2,51
2023-09-06,19496.7,19510.2,19495.3,19501.55,13:30:00,19520.1723015234,2,52
2023-09-06,19500.6,19503.1,19491.8,19496.1,13:35:00,19518.308272806888,2,53
2023-09-06,19511.35,19516.4,19500.2,19500.75,13:40:00,19517.645580158613,2,54
2023-09-06,19514.3,19517.65,19504.8,19511.6,13:45:00,19517.32695347684,2,55
2023-09-06,19511.9,19518.15,19507.05,19514.8,13:50:00,19516.81010076476,2,56
2023-09-06,19501.05,19515.65,19499.95,19513.1,13:55:00,19515.309138787165,2,57
2023-09-06,19506.85,19514.45,19501.2,19501.2,14:00:00,19514.50350652172,2,58
2023-09-06,19510.45,19512.65,19502.95,19507.15,14:05:00,19514.11745828156,2,59
2023-09-06,19506.0,19511.95,19503.85,19510.1,14:10:00,19513.34436701665,2,60
2023-09-06,19522.1,19524.35,19504.95,19505.85,14:15:00,19514.178236824588,2,61
2023-09-06,19520.55,19524.05,19518.3,19522.7,14:20:00,19514.78507141272,2,62
2023-09-06,19525.6,19534.1,19520.3,19520.3,14:25:00,19515.815064611503,2,63
2023-09-06,19540.0,19544.15,19525.25,19525.6,14:30:00,19518.11839179136,2,64
2023-09-06,19539.7,19542.75,19534.7,19540.75,14:35:00,19520.17378304933,2,65
2023-09-06,19547.35,19548.0,19537.05,19540.5,14:40:00,19522.76199418749,2,66
2023-09-06,19540.65,19550.95,19537.9,19548.4,14:45:00,19524.46561378868,2,67
2023-09-06,19536.35,19547.25,19534.6,19540.5,14:50:00,19525.59746009452,2,68
2023-09-06,19545.0,19546.5,19531.45,19536.95,14:55:00,19527.4453210379,2,69
2023-09-06,19594.75,19599.55,19544.85,19544.85,15:00:00,19533.855290462863,2,70
2023-09-06,19622.5,19625.6,19593.95,19594.65,15:05:00,19542.29764375212,2,71
2023-09-06,19615.25,19625.3,19614.1,19622.95,15:10:00,19549.24548720429,2,72
2023-09-06,19623.45,19625.5,19615.0,19615.0,15:15:00,19556.312583661027,2,73
2023-09-06,19626.0,19627.4,19617.55,19622.55,15:20:00,19562.949480455216,2,74
2023-09-06,19618.9,19636.05,19605.55,19625.9,15:25:00,19568.278101364245,2,75
2023-09-07,19575.6,19608.55,19573.05,19598.65,09:15:00,19571.59250474488,3,1
2023-09-07,19559.35,19580.25,19558.55,19576.45,09:20:00,19570.42655191203,3,2
2023-09-07,19569.25,19569.25,19555.95,19558.0,09:25:00,19570.31449934898,3,3
2023-09-07,19554.5,19569.0,19552.7,19566.2,09:30:00,19568.80835655384,3,4
2023-09-07,19550.5,19560.6,19550.25,19554.35,09:35:00,19567.06470354872,3,5
2023-09-07,19563.85,19565.05,19551.0,19551.0,09:40:00,19566.75854130598,3,6
2023-09-07,19581.1,19583.55,19562.6,19564.5,09:45:00,19568.124394514933,3,7
2023-09-07,19589.35,19592.1,19581.65,19582.2,09:50:00,19570.145880751606,3,8
2023-09-07,19586.7,19597.6,19585.35,19590.6,09:55:00,19571.722463537168,3,9
2023-09-07,19583.5,19592.3,19582.25,19586.6,10:00:00,19572.844133676484,3,10
2023-09-07,19575.95,19587.95,19575.0,19583.6,10:05:00,19573.1399304692,3,11
2023-09-07,19592.4,19593.9,19573.0,19576.0,10:10:00,19574.97422280547,3,12
2023-09-07,19587.35,19600.25,19587.25,19593.6,10:15:00,19576.15286825257,3,13
2023-09-07,19591.4,19595.05,19583.2,19587.1,10:20:00,19577.60497603804,3,14
2023-09-07,19594.0,19597.0,19590.35,19591.2,10:25:00,19579.16640689156,3,15
2023-09-07,19590.85,19595.75,19588.0,19593.95,10:30:00,19580.279130044742,3,16
2023-09-07,19605.75,19609.6,19585.35,19590.9,10:35:00,19582.70492718334,3,17
2023-09-07,19610.05,19610.8,19601.4,19605.75,10:40:00,19585.309219832543,3,18
2023-09-07,19612.0,19614.25,19607.95,19610.0,10:45:00,19587.85119889611,3,19
2023-09-07,19611.95,19614.15,19607.55,19611.7,10:50:00,19590.146322810768,3,20
2023-09-07,19619.5,19619.5,19611.3,19611.95,10:55:00,19592.941911114503,3,21
2023-09-07,19621.45,19627.9,19618.6,19619.25,11:00:00,19595.65696719884,3,22
2023-09-07,19626.0,19626.25,19616.7,19621.05,11:05:00,19598.54677984657,3,23
2023-09-07,19638.0,19638.8,19624.8,19626.45,11:10:00,19602.30422938499,3,24
2023-09-07,19638.7,19641.8,19635.7,19638.2,11:15:00,19605.770493253087,3,25
2023-09-07,19635.8,19640.05,19630.55,19638.6,11:20:00,19608.6304462766,3,26
2023-09-07,19627.15,19637.1,19626.1,19636.05,11:25:00,19610.39421329788,3,27
2023-09-07,19614.95,19630.15,19614.5,19627.35,11:30:00,19610.828097745696,3,28
2023-09-07,19596.8,19617.4,19596.7,19614.45,11:35:00,19609.492088436586,3,29
2023-09-07,19599.25,19605.4,19591.45,19595.1,11:40:00,19608.51665144262,3,30
2023-09-07,19600.45,19606.45,19594.7,19598.4,11:45:00,19607.74839892428,3,31
2023-09-07,19610.6,19611.65,19595.8,19599.2,11:50:00,19608.019979979108,3,32
2023-09-07,19617.1,19619.4,19607.35,19610.95,11:55:00,19608.884743790622,3,33
2023-09-07,19616.4,19619.85,19614.9,19617.45,12:00:00,19609.60048247723,3,34
2023-09-07,19613.05,19617.6,19608.9,19616.95,12:05:00,19609.92900795559,3,35
2023-09-07,19613.85,19616.05,19611.4,19612.95,12:10:00,19610.302435769343,3,36
2023-09-07,19605.7,19613.9,19604.85,19613.45,12:15:00,19609.86410855321,3,37
2023-09-07,19609.35,19612.45,19603.6,19605.9,12:20:00,19609.81514583386,3,38
2023-09-07,19603.8,19615.5,19601.85,19609.4,12:25:00,19609.242274802065,3,39
2023-09-07,19615.0,19618.85,19602.0,19604.5,12:30:00,19609.79062958282,3,40
2023-09-07,19615.75,19620.25,19613.95,19614.8,12:35:00,19610.35818867017,3,41
2023-09-07,19615.2,19617.75,19610.3,19616.3,12:40:00,19610.819313558724,3,42
2023-09-07,19630.15,19631.6,19613.4,19614.6,12:45:00,19612.66033131504,3,43
2023-09-07,19612.95,19631.5,19612.8,19629.8,12:50:00,19612.68791880885,3,44
2023-09-07,19616.2,19617.75,19606.9,19613.35,12:55:00,19613.02240273181,3,45
2023-09-07,19614.4,19617.45,19611.75,19616.05,13:00:00,19613.15360247164,3,46
2023-09-07,19621.45,19624.55,19614.05,19615.4,13:05:00,19613.94373556958,3,47
2023-09-07,19618.35,19626.2,19614.45,19621.35,13:10:00,19614.36337980105,3,48
2023-09-07,19633.35,19635.8,19617.95,19618.75,13:15:00,19616.171629343808,3,49
2023-09-07,19628.1,19637.7,19626.3,19633.35,13:20:00,19617.307664644395,3,50
2023-09-07,19635.95,19639.4,19626.6,19628.45,13:25:00,19619.08312515445,3,51
2023-09-07,19632.1,19636.3,19626.95,19634.95,13:30:00,19620.322827520693,3,52
2023-09-07,19639.4,19641.3,19630.5,19632.1,13:35:00,19622.13970109016,3,53
2023-09-07,19650.5,19651.3,19637.55,19640.3,13:40:00,19624.84068193871,3,54
2023-09-07,19650.2,19655.15,19646.65,19651.3,13:45:00,19627.25585508741,3,55
2023-09-07,19650.1,19651.85,19641.3,19649.65,13:50:00,19629.431487936225,3,56
2023-09-07,19646.2,19651.2,19643.6,19649.8,13:55:00,19631.028489085154,3,57
2023-09-07,19666.6,19667.6,19645.65,19645.9,14:00:00,19634.416252029427,3,58
2023-09-07,19668.4,19668.9,19656.45,19667.05,14:05:00,19637.6527994552,3,59
2023-09-07,19672.6,19674.75,19664.2,19668.95,14:10:00,19640.981104268987,3,60
2023-09-07,19682.4,19682.9,19671.75,19672.35,14:15:00,19644.92576100528,3,61
2023-09-07,19675.5,19684.0,19671.65,19682.95,14:20:00,19647.83759329049,3,62
2023-09-07,19686.1,19687.05,19675.9,19676.05,14:25:00,19651.481632024723,3,63
2023-09-07,19696.55,19698.4,19686.4,19686.4,14:30:00,19655.773857546177,3,64
2023-09-07,19726.9,19735.85,19696.0,19696.4,14:35:00,19662.54777587511,3,65
2023-09-07,19727.25,19735.8,19720.9,19727.45,14:40:00,19668.709892458435,3,66
2023-09-07,19718.5,19729.05,19711.65,19728.55,14:45:00,19673.4518074624,3,67
2023-09-07,19723.95,19733.5,19718.3,19718.3,14:50:00,19678.26115913265,3,68
2023-09-07,19730.15,19733.0,19715.65,19724.95,14:55:00,19683.202953500964,3,69
2023-09-07,19731.25,19735.45,19718.55,19730.85,15:00:00,19687.77886269135,3,70
2023-09-07,19727.45,19731.55,19715.7,19730.95,15:05:00,19691.55706624456,3,71
2023-09-07,19712.9,19736.9,19712.65,19725.85,15:10:00,19693.58972660221,3,72
2023-09-07,19721.7,19730.5,19712.3,19713.0,15:15:00,19696.266895497243,3,73
2023-09-07,19728.4,19730.95,19718.95,19721.95,15:20:00,19699.32719116417,3,74
2023-09-07,19723.25,19729.1,19716.9,19728.2,15:25:00,19701.605553910445,3,75
2023-09-08,19764.4,19774.8,19741.5,19774.8,09:15:00,19713.892981772497,4,1
2023-09-08,19765.95,19771.4,19758.7,19764.3,09:20:00,19718.85079303226,4,2
2023-09-08,19781.15,19781.15,19761.55,19766.25,09:25:00,19724.78405083872,4,3
2023-09-08,19789.9,19791.1,19779.05,19781.7,09:30:00,19730.985569806453,4,4
2023-09-08,19777.9,19792.55,19777.4,19790.3,09:35:00,19735.453610777266,4,5
2023-09-08,19776.35,19780.7,19757.5,19779.15,09:40:00,19739.34850498896,4,6
2023-09-08,19781.05,19781.05,19770.6,19777.2,09:45:00,19743.3200759424,4,7
2023-09-08,19771.25,19782.2,19766.2,19780.85,09:50:00,19745.980068709785,4,8
2023-09-08,19776.0,19778.35,19770.55,19770.75,09:55:00,19748.839109785044,4,9
2023-09-08,19772.25,19781.85,19771.1,19775.55,10:00:00,19751.068718376944,4,10
2023-09-08,19779.2,19784.15,19770.65,19772.65,10:05:00,19753.74788805533,4,11
2023-09-08,19777.8,19785.0,19773.75,19778.85,10:10:00,19756.038565383395,4,12
2023-09-08,19761.35,19781.45,19759.45,19777.0,10:15:00,19756.54441629926,4,13
2023-09-08,19751.6,19763.15,19743.5,19761.25,10:20:00,19756.073519508853,4,14
2023-09-08,19755.65,19757.75,19748.05,19751.2,10:25:00,19756.033184317534,4,15
2023-09-08,19733.3,19757.75,19729.15,19755.75,10:30:00,19753.86811914444,4,16
2023-09-08,19733.75,19741.05,19728.7,19732.05,10:35:00,19751.952107797348,4,17
2023-09-08,19742.15,19743.0,19730.75,19732.85,10:40:00,19751.01857372141,4,18
2023-09-08,19763.45,19766.05,19741.8,19742.35,10:45:00,19752.20251908128,4,19
2023-09-08,19756.85,19765.3,19754.25,19763.5,10:50:00,19752.645136311632,4,20
2023-09-08,19752.5,19758.6,19752.2,19757.15,10:55:00,19752.631313805763,4,21
2023-09-08,19758.65,19758.65,19745.7,19753.2,11:00:00,19753.204522014737,4,22
2023-09-08,19753.6,19760.6,19752.1,19758.0,11:05:00,19753.24218658476,4,23
2023-09-08,19746.8,19753.8,19744.15,19753.8,11:10:00,19752.62864500526,4,24
2023-09-08,19747.0,19751.85,19741.7,19746.75,11:15:00,19752.092583576192,4,25
2023-09-08,19764.6,19766.3,19746.2,19747.15,11:20:00,19753.283766092743,4,26
2023-09-08,19775.25,19778.75,19764.25,19764.6,11:25:00,19755.375788369623,4,27
2023-09-08,19793.65,19794.0,19770.75,19775.4,11:30:00,19759.02095138204,4,28
2023-09-08,19813.6,19815.05,19791.05,19794.3,11:35:00,19764.21895601232,4,29
2023-09-08,19808.95,19822.55,19807.45,19813.95,11:40:00,19768.479055439715,4,30
2023-09-08,19801.3,19814.35,19799.95,19808.0,11:45:00,19771.60485968355,4,31
2023-09-08,19806.85,19812.85,19801.2,19801.7,11:50:00,19774.961539713688,4,32
2023-09-08,19819.35,19819.35,19802.75,19806.75,11:55:00,19779.189012121908,4,33
2023-09-08,19810.45,19823.2,19806.8,19819.45,12:00:00,19782.16624906268,4,34
2023-09-08,19815.75,19817.8,19811.0,19811.1,12:05:00,19785.3647015329,4,35
2023-09-08,19820.05,19821.25,19812.0,19815.75,12:10:00,19788.66806329167,4,36
2023-09-08,19817.35,19822.4,19813.1,19820.6,12:15:00,19791.399676311503,4,37
2023-09-08,19812.8,19818.45,19809.6,19816.65,12:20:00,19793.43780237708,4,38
2023-09-08,19804.4,19817.7,19802.5,19813.3,12:25:00,19794.48182119831,4,39
2023-09-08,19810.9,19812.9,19804.5,19804.6,12:30:00,19796.045457274664,4,40
2023-09-08,19827.8,19829.25,19810.15,19811.0,12:35:00,19799.06969943898,4,41
2023-09-08,19827.2,19830.0,19824.6,19827.6,12:40:00,19801.748775682885,4,42
2023-09-08,19834.4,19835.2,19823.05,19826.45,12:45:00,19804.85841609404,4,43
2023-09-08,19834.1,19838.25,19831.05,19833.95,12:50:00,19807.64332884699,4,44
2023-09-08,19819.75,19834.1,19815.95,19833.45,12:55:00,19808.796345147275,4,45
2023-09-08,19814.05,19822.1,19809.05,19819.85,13:00:00,19809.296693228487,4,46
2023-09-08,19819.15,19821.3,19807.55,19813.85,13:05:00,19810.2351033972,4,47
2023-09-08,19810.4,19821.9,19810.4,19819.0,13:10:00,19810.250807835564,4,48
2023-09-08,19823.6,19823.6,19794.85,19810.55,13:15:00,19811.522159470274,4,49
2023-09-08,19823.7,19829.55,19817.55,19823.35,13:20:00,19812.68195380644,4,50
2023-09-08,19817.7,19827.15,19817.3,19823.05,13:25:00,19813.159862967736,4,51
2023-09-08,19811.0,19820.7,19807.95,19818.55,13:30:00,19812.954161732712,4,52
2023-09-08,19832.2,19835.3,19810.6,19810.6,13:35:00,19814.78709871055,4,53
2023-09-08,19829.75,19832.7,19819.3,19832.2,13:40:00,19816.212136928592,4,54
2023-09-08,19820.6,19830.25,19819.3,19829.65,13:45:00,19816.63002864968,4,55
2023-09-08,19821.6,19825.3,19818.3,19820.5,13:50:00,19817.10335925448,4,56
2023-09-08,19827.1,19829.25,19819.1,19821.75,13:55:00,19818.05542027785,4,57
2023-09-08,19825.8,19830.0,19822.65,19827.6,14:00:00,19818.79299929901,4,58
2023-09-08,19832.2,19836.1,19825.8,19826.0,14:05:00,19820.06985650863,4,59
2023-09-08,19840.85,19841.85,19831.05,19832.45,14:10:00,19822.048917793523,4,60
2023-09-08,19858.95,19866.75,19840.95,19841.3,14:15:00,19825.56330657509,4,61
2023-09-08,19862.95,19865.05,19850.95,19859.2,14:20:00,19829.12394404413,4,62
2023-09-08,19859.9,19861.9,19850.7,19861.9,14:25:00,19832.054996992312,4,63
2023-09-08,19836.65,19865.8,19831.4,19861.85,14:30:00,19832.492616326377,4,64
2023-09-08,19819.8,19837.6,19816.5,19837.6,14:35:00,19831.283795723863,4,65
2023-09-08,19816.85,19831.8,19815.3,19820.5,14:40:00,19829.909148512063,4,66
2023-09-08,19824.9,19825.15,19810.3,19816.45,14:45:00,19829.43208674901,4,67
2023-09-08,19821.1,19827.3,19814.5,19826.1,14:50:00,19828.63855467768,4,68
2023-09-08,19820.7,19823.0,19811.05,19821.25,14:55:00,19827.88250185124,4,69
2023-09-08,19831.0,19834.95,19802.35,19820.7,15:00:00,19828.17940643683,4,70
2023-09-08,19829.8,19835.1,19814.15,19831.0,15:05:00,19828.33374868094,4,71
2023-09-08,19817.25,19834.9,19816.8,19831.0,15:10:00,19827.278153568463,4,72
2023-09-08,19831.4,19832.35,19817.15,19817.35,15:15:00,19827.67071037147,4,73
2023-09-08,19820.45,19832.45,19816.05,19832.0,15:20:00,19826.983023669425,4,74
2023-09-08,19820.5,19821.8,19816.8,19819.7,15:25:00,19826.36559284377,4,75
2023-09-11,19899.1,19900.2,19873.7,19890.0,09:15:00,19838.775916137416,0,1
2023-09-11,19908.45,19914.55,19895.0,19899.2,09:20:00,19845.411543171947,0,2
2023-09-11,19893.55,19907.95,19888.15,19907.75,09:25:00,19849.99615810795,0,3
2023-09-11,19891.85,19900.45,19887.8,19893.9,09:30:00,19853.982238288147,0,4
2023-09-11,19910.35,19910.45,19889.35,19891.75,09:35:00,19859.350596546417,0,5
2023-09-11,19897.25,19913.2,19894.8,19908.8,09:40:00,19862.960063542,0,6
2023-09-11,19904.05,19905.05,19884.7,19897.35,09:45:00,19866.873390823708,0,7
2023-09-11,19906.25,19911.5,19900.7,19903.15,09:50:00,19870.6235440786,0,8
2023-09-11,19927.3,19930.7,19901.1,19905.05,09:55:00,19876.0213017854,0,9
2023-09-11,19928.05,19929.25,19920.1,19926.8,10:00:00,19880.97641590107,0,10
2023-09-11,19932.95,19938.8,19928.2,19929.25,10:05:00,19885.926281053347,0,11
2023-09-11,19929.0,19939.0,19923.65,19933.15,10:10:00,19890.028540000647,0,12
2023-09-11,19930.95,19936.6,19928.05,19929.45,10:15:00,19893.925821905348,0,13
2023-09-11,19928.55,19934.2,19926.9,19931.5,10:20:00,19897.223362676268,0,14
2023-09-11,19924.15,19929.45,19921.1,19928.8,10:25:00,19899.787804326148,0,15
2023-09-11,19928.2,19934.4,19922.55,19924.55,10:30:00,19902.49372772366,0,16
2023-09-11,19938.6,19939.25,19928.55,19928.65,10:35:00,19905.93242032141,0,17
2023-09-11,19941.9,19942.15,19934.65,19938.4,10:40:00,19909.35790410032,0,18
2023-09-11,19931.2,19945.6,19929.1,19941.6,10:45:00,19911.438103709814,0,19
2023-09-11,19931.9,19931.95,19924.45,19931.7,10:50:00,19913.38685573745,0,20
2023-09-11,19929.9,19937.4,19927.2,19932.4,10:55:00,19914.959536143408,0,21
2023-09-11,19931.4,19933.8,19927.7,19930.35,11:00:00,19916.52529460594,0,22
2023-09-11,19917.2,19936.4,19917.1,19931.75,11:05:00,19916.58955226252,0,23
2023-09-11,19929.45,19929.45,19916.9,19917.7,11:10:00,19917.814356808947,0,24
2023-09-11,19942.7,19946.25,19929.45,19929.45,11:15:00,19920.18441806524,0,25
2023-09-11,19938.75,19942.65,19936.15,19942.4,11:20:00,19921.95256872569,0,26
2023-09-11,19941.3,19944.7,19937.2,19938.95,11:25:00,19923.795181228008,0,27
2023-09-11,19939.8,19941.85,19936.15,19941.85,11:30:00,19925.319449682484,0,28
2023-09-11,19933.5,19947.35,19931.05,19939.7,11:35:00,19926.09854971273,0,29
2023-09-11,19940.5,19942.65,19932.2,19934.05,11:40:00,19927.470116406752,0,30
2023-09-11,19940.0,19942.75,19936.6,19941.4,11:45:00,19928.663438653726,0,31
2023-09-11,19934.85,19941.75,19932.0,19939.75,11:50:00,19929.252634972418,0,32
2023-09-11,19936.7,19938.25,19930.8,19936.6,11:55:00,19929.96190783219,0,33
2023-09-11,19934.0,19940.8,19932.65,19937.2,12:00:00,19930.346488038645,0,34
2023-09-11,19942.45,19943.65,19932.7,19934.6,12:05:00,19931.499203463536,0,35
2023-09-11,19939.3,19946.55,19937.9,19943.35,12:10:00,19932.242136467008,0,36
2023-09-11,19941.05,19943.45,19935.9,19939.55,12:15:00,19933.08098061301,0,37
2023-09-11,19941.85,19943.5,19938.4,19941.85,12:20:00,19933.916125316533,0,38
2023-09-11,19947.05,19950.75,19940.4,19942.0,12:25:00,19935.16697052448,0,39
2023-09-11,19945.4,19954.35,19944.4,19947.2,12:30:00,19936.141544760245,0,40
2023-09-11,19957.6,19960.45,19945.5,19946.1,12:35:00,19938.18520716403,0,41
2023-09-11,19951.4,19959.8,19949.75,19956.6,12:40:00,19939.443758862697,0,42
2023-09-11,19947.45,19954.25,19942.5,19952.25,12:45:00,19940.206258018632,0,43
2023-09-11,19947.75,19951.1,19944.65,19948.65,12:50:00,19940.924709635903,0,44
2023-09-11,19940.0,19952.4,19940.0,19949.9,12:55:00,19940.83664205153,0,45
2023-09-11,19946.25,19948.5,19940.4,19942.35,13:00:00,19941.352199951387,0,46
2023-09-11,19945.6,19953.55,19945.6,19947.4,13:05:00,19941.75675233697,0,47
2023-09-11,19949.1,19949.75,19943.1,19945.55,13:10:00,19942.45610925726,0,48
2023-09-11,19949.05,19952.1,19947.15,19948.1,13:15:00,19943.084098851807,0,49
2023-09-11,19942.8,19953.0,19941.7,19947.55,13:20:00,19943.0570418183,0,50
2023-09-11,19945.25,19950.35,19940.5,19941.7,13:25:00,19943.265894978464,0,51
2023-09-11,19948.2,19949.5,19945.05,19945.05,13:30:00,19943.73580974242,0,52
2023-09-11,19939.1,19956.0,19933.35,19947.3,13:35:00,19943.294304052662,0,53
2023-09-11,19934.5,19945.7,19934.2,19938.2,13:40:00,19942.456751285747,0,54
2023-09-11,19943.5,19947.75,19930.9,19933.95,13:45:00,19942.556108306155,0,55
2023-09-11,19945.45,19949.85,19942.65,19943.35,13:50:00,19942.831717038905,0,56
2023-09-11,19946.95,19949.65,19942.55,19945.6,13:55:00,19943.223934463767,0,57
2023-09-11,19947.8,19952.9,19945.15,19946.35,14:00:00,19943.65975022912,0,58
2023-09-11,19946.05,19949.2,19941.05,19947.95,14:05:00,19943.887393064444,0,59
2023-09-11,19944.55,19952.15,19941.9,19946.2,14:10:00,19943.95049848688,0,60
2023-09-11,19949.65,19952.15,19943.65,19946.0,14:15:00,19944.4933081548,0,61
2023-09-11,19956.1,19956.35,19945.45,19949.35,14:20:00,19945.598707378147,0,62
2023-09-11,19960.95,19964.35,19953.95,19955.7,14:25:00,19947.06073524689,0,63
2023-09-11,19961.75,19968.0,19959.15,19961.1,14:30:00,19948.459712842425,0,64
2023-09-11,19961.45,19965.2,19958.7,19962.1,14:35:00,19949.696883047905,0,65
2023-09-11,19965.45,19966.6,19955.75,19961.7,14:40:00,19951.19717990049,0,66
2023-09-11,19971.95,19972.2,19964.7,19965.5,14:45:00,19953.17363895758,0,67
2023-09-11,19970.25,19975.95,19966.05,19972.15,14:50:00,19954.79995905686,0,68
2023-09-11,19968.45,19970.4,19963.3,19969.85,14:55:00,19956.099962956207,0,69
2023-09-11,19991.1,19992.4,19968.0,19968.0,15:00:00,19959.433299817523,0,70
2023-09-11,19999.8,20001.75,19987.05,19990.45,15:05:00,19963.27774745395,0,71
2023-09-11,19997.65,20000.2,19995.75,19999.55,15:10:00,19966.55129531548,0,72
2023-09-11,20006.85,20007.65,19996.5,19997.7,15:15:00,19970.3892671902,0,73
2023-09-11,20004.1,20007.4,20001.35,20006.9,15:20:00,19973.599813172084,0,74
2023-09-11,20000.0,20007.7,19996.85,20004.05,15:25:00,19976.114116679502,0,75
2023-09-12,20064.75,20110.15,20064.75,20110.15,09:15:00,19996.105206624263,1,1
2023-09-12,20079.8,20079.8,20063.1,20064.45,09:20:00,20004.07613932672,1,2
2023-09-12,20055.55,20080.95,20050.8,20079.15,09:25:00,20008.97841177179,1,3
2023-09-12,20055.25,20063.35,20048.6,20055.75,09:30:00,20013.385229698288,1,4
2023-09-12,20027.9,20054.85,20024.35,20054.7,09:35:00,20014.76758877464,1,5
2023-09-12,20036.9,20047.2,20011.5,20027.7,09:40:00,20016.87543746277,1,6
2023-09-12,19992.25,20036.15,19991.95,20036.15,09:45:00,20014.53015770441,1,7
2023-09-12,19942.25,19992.25,19934.45,19992.25,09:50:00,20007.64633316113,1,8
2023-09-12,19970.2,19972.75,19914.8,19941.15,09:55:00,20004.080015717216,1,9
2023-09-12,19982.2,19982.2,19960.55,19972.85,10:00:00,20001.996204696527,1,10
2023-09-12,20013.8,20019.55,19981.15,19981.15,10:05:00,20003.12037567781,1,11
2023-09-12,19969.75,20015.0,19969.75,20014.15,10:10:00,19999.94224466088,1,12
2023-09-12,19959.85,19971.7,19949.5,19969.4,10:15:00,19996.12393564555,1,13
2023-09-12,19950.5,19973.7,19950.3,19958.95,10:20:00,19991.778798917403,1,14
2023-09-12,19951.4,19951.85,19932.7,19950.5,10:25:00,19987.93319902051,1,15
2023-09-12,19942.55,19955.35,19938.0,19950.9,10:30:00,19983.610989589983,1,16
2023-09-12,19950.85,19957.9,19941.95,19943.65,10:35:00,19980.49089534332,1,17
2023-09-12,19965.6,19966.35,19944.35,19951.35,10:40:00,19979.07271483443,1,18
2023-09-12,19979.35,19980.25,19959.15,19965.8,10:45:00,19979.09912294544,1,19
2023-09-12,19982.7,19987.2,19973.2,19979.55,10:50:00,19979.44206361729,1,20
2023-09-12,19992.45,19994.7,19975.7,19983.3,10:55:00,19980.680914701363,1,21
2023-09-12,19976.05,19995.7,19972.6,19992.6,11:00:00,19980.239875206,1,22
2023-09-12,20001.3,20008.65,19975.35,19976.25,11:05:00,19982.245601376853,1,23
2023-09-12,20001.5,20007.2,19997.55,20002.0,11:10:00,19984.07935362668,1,24
2023-09-12,20003.75,20004.2,19991.6,20000.95,11:15:00,19985.952748519376,1,25
2023-09-12,20009.55,20015.8,20004.0,20004.0,11:20:00,19988.200105803247,1,26
2023-09-12,20016.85,20016.85,20007.75,20010.6,11:25:00,19990.92866715532,1,27
2023-09-12,20019.15,20026.8,20015.25,20016.95,11:30:00,19993.616413140524,1,28
2023-09-12,20027.0,20027.0,20003.3,20019.2,11:35:00,19996.795802365235,1,29
2023-09-12,20036.95,20037.45,20023.7,20026.25,11:40:00,20000.620011663785,1,30
2023-09-12,20021.6,20039.2,20021.2,20037.5,11:45:00,20002.618105791043,1,31
2023-09-12,20031.75,20032.4,20021.3,20021.5,11:50:00,20005.39257190618,1,32
2023-09-12,20034.5,20039.7,20027.6,20031.4,11:55:00,20008.164707915115,1,33
2023-09-12,20030.05,20036.2,20019.75,20033.7,12:00:00,20010.24902144701,1,34
2023-09-12,20025.2,20032.75,20002.3,20030.15,12:05:00,20011.67292416634,1,35
2023-09-12,20010.0,20025.2,20001.6,20024.85,12:10:00,20011.513598055262,1,36
2023-09-12,19972.55,20013.5,19972.2,20011.4,12:15:00,20007.80277919285,1,37
2023-09-12,19979.35,19984.0,19970.5,19972.9,12:20:00,20005.0929906983,1,38
2023-09-12,19978.25,19998.4,19977.55,19980.05,12:25:00,20002.536515393705,1,39
2023-09-12,19980.1,19986.35,19971.85,19978.25,12:30:00,20000.399704403822,1,40
2023-09-12,19973.2,19979.95,19969.75,19979.95,12:35:00,19997.809256365363,1,41
2023-09-12,19956.95,19976.2,19951.35,19972.9,12:40:00,19993.91789861628,1,42
2023-09-12,19975.15,19980.5,19950.8,19955.35,12:45:00,19992.130479700445,1,43
2023-09-12,19955.45,19980.1,19950.45,19975.05,12:50:00,19988.63710068136,1,44
2023-09-12,19959.5,19964.25,19949.7,19954.6,12:55:00,19985.862138711705,1,45
2023-09-12,19976.1,19977.15,19948.3,19959.0,13:00:00,19984.932411215348,1,46
2023-09-12,19970.95,19988.8,19968.65,19975.45,13:05:00,19983.600753004364,1,47
2023-09-12,19986.15,19987.9,19968.9,19970.9,13:10:00,19983.84353843252,1,48
2023-09-12,19987.7,19995.95,19982.45,19985.6,13:15:00,19984.210820486565,1,49
2023-09-12,20008.3,20009.65,19986.65,19989.2,13:20:00,19986.50502805928,1,50
2023-09-12,19998.3,20012.5,19992.75,20007.8,13:25:00,19987.62835872029,1,51
2023-09-12,19996.6,20012.2,19984.2,19998.2,13:30:00,19988.482800746933,1,52
2023-09-12,19994.85,19998.9,19984.5,19996.15,13:35:00,19989.0892006758,1,53
2023-09-12,19999.65,20001.2,19991.5,19993.45,13:40:00,19990.094991087622,1,54
2023-09-12,19987.55,19999.55,19986.3,19999.55,13:45:00,19989.85261098404,1,55
2023-09-12,19995.85,20003.7,19984.45,19986.95,13:50:00,19990.423790890323,1,56
2023-09-12,19984.1,20002.55,19983.2,19995.1,13:55:00,19989.821525091244,1,57
2023-09-12,19983.25,19995.9,19978.85,19984.0,14:00:00,19989.195665558746,1,58
2023-09-12,19999.1,20000.3,19979.05,19981.1,14:05:00,19990.138935505533,1,59
2023-09-12,20011.2,20013.95,19998.3,19999.95,14:10:00,19992.144751171672,1,60
2023-09-12,20009.85,20016.75,20006.8,20011.7,14:15:00,19993.8309653458,1,61
2023-09-12,20013.9,20015.85,20002.15,20009.95,14:20:00,19995.74230197953,1,62
2023-09-12,19999.4,20016.45,19998.15,20014.75,14:25:00,19996.09065417196,1,63
2023-09-12,20014.05,20018.95,19999.15,19999.85,14:30:00,19997.801068060344,1,64
2023-09-12,20017.25,20019.2,20006.8,20013.75,14:35:00,19999.653347292693,1,65
2023-09-12,20007.55,20018.8,20006.3,20017.7,14:40:00,20000.405409455296,1,66
2023-09-12,19982.3,20009.85,19982.3,20008.0,14:45:00,19998.681084745265,1,67
2023-09-12,19992.0,19995.55,19977.2,19982.4,14:50:00,19998.04479096,1,68
2023-09-12,20004.65,20005.5,19983.6,19993.1,14:55:00,19998.673858487626,1,69
2023-09-12,19999.55,20014.6,19997.4,20005.45,15:00:00,19998.75730053642,1,70
2023-09-12,19984.7,20001.2,19981.55,19998.55,15:05:00,19997.41851000914,1,71
2023-09-12,19985.1,19991.2,19981.5,19984.8,15:10:00,19996.2453185797,1,72
2023-09-12,19985.55,19997.4,19982.75,19984.9,15:15:00,19995.226716810204,1,73
2023-09-12,19989.55,19998.55,19983.85,19983.85,15:20:00,19994.686077113995,1,74
2023-09-12,19985.65,19992.3,19980.5,19989.7,15:25:00,19993.82549834124,1,75
2023-09-13,19985.2,19995.55,19945.5,19989.5,09:15:00,19992.63130363081,2,1
2023-09-13,20013.35,20014.9,19981.75,19984.6,09:20:00,19994.604512808823,2,2
2023-09-13,20012.55,20021.15,20000.15,20014.1,09:25:00,19996.313606827032,2,3
2023-09-13,19971.4,20019.1,19966.75,20013.4,09:30:00,19993.940882367315,2,4
2023-09-13,19957.75,19975.15,19953.7,19970.7,09:35:00,19990.494131665662,2,5
2023-09-13,19972.45,19975.55,19947.1,19959.05,09:40:00,19988.775642935605,2,6
2023-09-13,19997.3,19999.15,19969.5,19972.15,09:45:00,19989.58748646555,2,7
2023-09-13,19991.2,20002.5,19988.8,19998.2,09:50:00,19989.74105918312,2,8
2023-09-13,19983.2,20000.15,19979.55,19991.55,09:55:00,19989.11810116568,2,9
2023-09-13,19991.9,19991.9,19975.0,19984.6,10:00:00,19989.383043911806,2,10
2023-09-13,19988.0,19995.0,19984.25,19990.1,10:05:00,19989.251325444013,2,11
2023-09-13,19978.1,19988.05,19976.1,19987.55,10:10:00,19988.189294449345,2,12
2023-09-13,19955.35,19979.45,19955.0,19978.05,10:15:00,19985.061742597027,2,13
2023-09-13,19978.25,19979.6,19955.4,19955.55,10:20:00,19984.41300520684,2,14
2023-09-13,19987.2,19997.9,19976.05,19978.95,10:25:00,19984.678433282374,2,15
2023-09-13,19982.0,19991.65,19973.5,19987.1,10:30:00,19984.423344398336,2,16
2023-09-13,19976.3,19983.85,19967.25,19982.25,10:35:00,19983.64969255088,2,17
2023-09-13,19970.55,19977.65,19969.0,19975.7,10:40:00,19982.402102784126,2,18
2023-09-13,19982.45,19987.55,19967.9,19971.65,10:45:00,19982.40666442373,2,19
2023-09-13,19983.3,19986.6,19977.1,19983.2,10:50:00,19982.491744002426,2,20
2023-09-13,19979.8,19989.9,19978.8,19982.4,10:55:00,19982.235387430766,2,21
2023-09-13,19994.45,19994.7,19976.0,19980.0,11:00:00,19983.398683865933,2,22
2023-09-13,20004.65,20009.7,19992.5,19994.1,11:05:00,19985.422618735844,2,23
2023-09-13,20006.9,20009.95,19996.35,20004.45,11:10:00,19987.468083618147,2,24
2023-09-13,20001.85,20009.15,19994.45,20006.7,11:15:00,19988.83778994023,2,25
2023-09-13,20022.2,20022.2,19999.35,20002.05,11:20:00,19992.01514327925,2,26
2023-09-13,20026.15,20026.75,20012.6,20021.7,11:25:00,19995.266082014565,2,27
2023-09-13,20018.85,20029.9,20016.0,20027.2,11:30:00,19997.512169441747,2,28
2023-09-13,20032.2,20035.4,20016.3,20019.25,11:35:00,20000.815772352056,2,29
2023-09-13,20021.85,20033.55,20020.65,20031.55,11:40:00,20002.81903212805,2,30
2023-09-13,20021.75,20027.3,20016.7,20022.0,11:45:00,20004.621981449185,2,31
2023-09-13,20028.6,20032.6,20017.0,20021.25,11:50:00,20006.90560226355,2,32
2023-09-13,20023.95,20029.75,20022.0,20029.25,11:55:00,20008.52887823845,2,33
2023-09-13,20023.55,20027.75,20020.95,20023.45,12:00:00,20009.95946126336,2,34
2023-09-13,20039.0,20040.15,20022.05,20023.5,12:05:00,20012.725226857325,2,35
2023-09-13,20043.15,20047.95,20037.95,20038.6,12:10:00,20015.622824299484,2,36
2023-09-13,20047.95,20048.45,20037.1,20042.7,12:15:00,20018.70160293763,2,37
2023-09-13,20051.45,20051.65,20043.25,20047.05,12:20:00,20021.82049789595,2,38
2023-09-13,20058.5,20060.6,20047.05,20050.5,12:25:00,20025.313783810623,2,39
2023-09-13,20058.25,20062.95,20054.85,20059.1,12:30:00,20028.450566304848,2,40
2023-09-13,20044.4,20060.2,20041.95,20056.7,12:35:00,20029.9695599901,2,41
2023-09-13,20058.85,20059.15,20043.65,20044.8,12:40:00,20032.72007808628,2,42
2023-09-13,20059.3,20061.25,20052.3,20058.5,12:45:00,20035.25149922092,2,43
2023-09-13,20065.8,20067.05,20056.55,20059.7,12:50:00,20038.1608802475,2,44
2023-09-13,20064.8,20074.75,20062.1,20065.65,12:55:00,20040.697939271548,2,45
2023-09-13,20071.65,20074.35,20064.65,20064.65,13:00:00,20043.64575457901,2,46
2023-09-13,20080.65,20082.3,20070.75,20072.25,13:05:00,20047.16996842864,2,47
2023-09-13,20084.4,20092.6,20079.1,20080.8,13:10:00,20050.715685721145,2,48
2023-09-13,20086.3,20090.95,20079.8,20084.95,13:15:00,20054.10466803342,2,49
2023-09-13,20074.0,20086.6,20071.75,20086.3,13:20:00,20055.999461554045,2,50
2023-09-13,20057.65,20076.0,20056.7,20073.7,13:25:00,20056.15665569176,2,51
2023-09-13,20069.4,20073.0,20057.2,20057.75,13:30:00,20057.41792657826,2,52
2023-09-13,20067.6,20072.55,20065.6,20069.2,13:35:00,20058.38764785652,2,53
2023-09-13,20065.75,20067.55,20057.4,20067.55,13:40:00,20059.08882425114,2,54
2023-09-13,20062.55,20070.55,20059.9,20065.25,13:45:00,20059.418460036744,2,55
2023-09-13,20075.9,20079.1,20060.65,20062.75,13:50:00,20060.988130509435,2,56
2023-09-13,20074.0,20084.4,20071.15,20075.05,13:55:00,20062.2273561752,2,57
2023-09-13,20080.8,20081.55,20069.45,20073.75,14:00:00,20063.99617939661,2,58
2023-09-13,20070.7,20084.2,20068.8,20080.15,14:05:00,20064.63463850169,2,59
2023-09-13,20080.0,20080.8,20067.05,20069.9,14:10:00,20066.09800626344,2,60
2023-09-13,20076.8,20082.65,20076.7,20081.2,14:15:00,20067.11724376216,2,61
2023-09-13,20087.3,20087.9,20075.8,20076.9,14:20:00,20069.039411022903,2,62
2023-09-13,20086.35,20090.15,20082.75,20087.45,14:25:00,20070.688038544533,2,63
2023-09-13,20087.1,20096.05,20084.0,20087.25,14:30:00,20072.251082492672,2,64
2023-09-13,20092.5,20094.75,20084.45,20087.2,14:35:00,20074.179550826702,2,65
2023-09-13,20085.9,20094.75,20083.15,20093.0,14:40:00,20075.295784081303,2,66
2023-09-13,20081.15,20091.85,20080.25,20086.3,14:45:00,20075.853328454512,2,67
2023-09-13,20081.3,20084.2,20076.0,20081.45,14:50:00,20076.37205907789,2,68
2023-09-13,20087.85,20090.55,20079.65,20079.65,14:55:00,20077.465196308567,2,69
2023-09-13,20078.65,20095.7,20074.7,20088.05,15:00:00,20077.57803475537,2,70
2023-09-13,20074.7,20081.55,20066.75,20078.7,15:05:00,20077.30393620724,2,71
2023-09-13,20067.65,20076.9,20067.65,20075.4,15:10:00,20076.38451371131,2,72
2023-09-13,20059.0,20071.05,20056.8,20068.2,15:15:00,20074.72884573881,2,73
2023-09-13,20065.0,20068.05,20054.75,20059.0,15:20:00,20073.80228900178,2,74
2023-09-13,20063.35,20069.45,20053.4,20064.75,15:25:00,20072.80683290637,2,75
2023-09-14,20130.9,20139.25,20110.2,20127.95,09:15:00,20083.09108090522,3,1
2023-09-14,20134.9,20144.25,20124.05,20131.5,09:20:00,20088.025263676147,3,2
2023-09-14,20148.15,20153.4,20128.3,20134.0,09:25:00,20093.751429040327,3,3
2023-09-14,20155.0,20158.15,20137.8,20149.35,09:30:00,20099.58462627458,3,4
2023-09-14,20161.3,20164.4,20151.8,20155.15,09:35:00,20105.462280915093,3,5
2023-09-14,20156.25,20166.6,20155.5,20161.15,09:40:00,20110.29920654223,3,6
2023-09-14,20161.3,20167.0,20136.5,20157.35,09:45:00,20115.15642496678,3,7
2023-09-14,20157.15,20162.35,20148.55,20162.35,09:50:00,20119.155813065183,3,8
2023-09-14,20141.2,20159.45,20137.7,20157.65,09:55:00,20121.255259439928,3,9
2023-09-14,20125.65,20147.7,20117.55,20139.45,10:00:00,20121.67380615993,3,10
2023-09-14,20114.9,20134.85,20101.6,20126.45,10:05:00,20121.02868176376,3,11
2023-09-14,20111.85,20116.9,20096.7,20113.9,10:10:00,20120.154521595778,3,12
2023-09-14,20084.9,20123.8,20078.55,20113.1,10:15:00,20116.796948110463,3,13
2023-09-14,20081.8,20087.35,20070.55,20080.8,10:20:00,20113.46390543328,3,14
2023-09-14,20092.1,20103.05,20081.0,20082.3,10:25:00,20111.429247772965,3,15
2023-09-14,20093.95,20096.95,20083.55,20088.75,10:30:00,20109.764557508875,3,16
2023-09-14,20090.9,20100.75,20084.25,20091.65,10:35:00,20107.967932984226,3,17
2023-09-14,20082.05,20091.8,20064.3,20091.3,10:40:00,20105.499558414296,3,18
2023-09-14,20074.2,20089.3,20070.05,20082.6,10:45:00,20102.518648089124,3,19
2023-09-14,20078.05,20081.65,20066.2,20075.95,10:50:00,20100.188300652066,3,20
2023-09-14,20082.95,20093.9,20077.5,20078.5,10:55:00,20098.54655773282,3,21
2023-09-14,20104.25,20104.25,20081.45,20083.4,11:00:00,20099.08974271065,3,22
2023-09-14,20103.05,20114.4,20095.75,20104.3,11:05:00,20099.46691007154,3,23
2023-09-14,20097.5,20105.55,20086.95,20102.9,11:10:00,20099.279585302826,3,24
2023-09-14,20096.4,20103.5,20090.05,20097.0,11:15:00,20099.005339083506,3,25
2023-09-14,20095.9,20103.15,20093.95,20095.55,11:20:00,20098.709592504125,3,26
2023-09-14,20095.5,20105.9,20086.25,20096.1,11:25:00,20098.40391702754,3,27
2023-09-14,20098.4,20099.1,20091.3,20096.2,11:30:00,20098.4035439773,3,28
2023-09-14,20080.95,20098.55,20070.3,20098.55,11:35:00,20096.741301693743,3,29
2023-09-14,20079.3,20086.45,20073.35,20078.0,11:40:00,20095.08022534196,3,30
2023-09-14,20077.25,20080.15,20069.25,20078.2,11:45:00,20093.382108642723,3,31
2023-09-14,20082.8,20092.05,20076.1,20078.4,11:50:00,20092.37428877199,3,32
2023-09-14,20084.1,20090.7,20078.65,20083.8,11:55:00,20091.58626126989,3,33
2023-09-14,20085.85,20089.3,20082.85,20085.05,12:00:00,20091.039950672763,3,34
2023-09-14,20094.75,20100.0,20074.95,20086.55,12:05:00,20091.393288703926,3,35
2023-09-14,20096.2,20099.2,20090.8,20095.7,12:10:00,20091.85107073213,3,36
2023-09-14,20084.9,20102.45,20082.85,20098.35,12:15:00,20091.18906399573,3,37
2023-09-14,20077.55,20087.95,20076.6,20086.15,12:20:00,20089.89010551995,3,38
2023-09-14,20076.2,20082.7,20071.4,20078.85,12:25:00,20088.58628594662,3,39
2023-09-14,20059.2,20081.35,20054.15,20078.2,12:30:00,20085.787592046945,3,40
2023-09-14,20060.6,20066.55,20050.6,20059.8,12:35:00,20083.38877375676,3,41
2023-09-14,20075.45,20082.5,20059.2,20061.5,12:40:00,20082.63270006564,3,42
2023-09-14,20083.05,20084.1,20074.55,20077.15,12:45:00,20082.672442916533,3,43
2023-09-14,20078.45,20082.9,20070.4,20082.7,12:50:00,20082.27030549592,3,44
2023-09-14,20078.9,20081.45,20073.3,20079.0,12:55:00,20081.94932402011,3,45
2023-09-14,20080.1,20081.4,20069.7,20079.7,13:00:00,20081.77319792296,3,46
2023-09-14,20091.25,20092.45,20075.8,20080.45,13:05:00,20082.675750501723,3,47
2023-09-14,20091.1,20095.3,20083.95,20091.5,13:10:00,20083.47805997775,3,48
2023-09-14,20086.55,20094.0,20082.75,20091.8,13:15:00,20083.77062569416,3,49
2023-09-14,20097.85,20108.25,20086.45,20087.5,13:20:00,20085.111518485188,3,50
2023-09-14,20090.85,20097.95,20087.25,20097.7,13:25:00,20085.658040534217,3,51
2023-09-14,20096.05,20096.05,20084.45,20090.75,13:30:00,20086.64775095953,3,52
2023-09-14,20089.2,20097.2,20085.65,20096.45,13:35:00,20086.89082229672,3,53
2023-09-14,20082.25,20089.35,20074.9,20089.35,13:40:00,20086.44883922084,3,54
2023-09-14,20081.95,20087.45,20078.4,20082.45,13:45:00,20086.020378342662,3,55
2023-09-14,20074.75,20082.95,20071.85,20082.95,13:50:00,20084.9470089767,3,56
2023-09-14,20063.2,20075.65,20062.45,20075.65,13:55:00,20082.875865264632,3,57
2023-09-14,20057.1,20073.4,20056.4,20064.3,14:00:00,20080.42102095372,3,58
2023-09-14,20053.65,20059.9,20044.7,20058.4,14:05:00,20077.871399910506,3,59
2023-09-14,20067.5,20071.8,20050.0,20053.85,14:10:00,20076.88364753808,3,60
2023-09-14,20079.3,20085.5,20061.95,20067.5,14:15:00,20077.11377634397,3,61
2023-09-14,20077.95,20089.95,20074.0,20081.6,14:20:00,20077.193416692164,3,62
2023-09-14,20077.75,20081.85,20071.8,20079.6,14:25:00,20077.24642462625,3,63
2023-09-14,20084.75,20087.35,20074.75,20078.6,14:30:00,20077.96105085232,3,64
2023-09-14,20072.0,20087.4,20072.0,20085.75,14:35:00,20077.393331723524,3,65
2023-09-14,20077.3,20085.75,20070.15,20073.35,14:40:00,20077.38444298795,3,66
2023-09-14,20079.8,20085.65,20074.95,20077.75,14:45:00,20077.61449603672,3,67
2023-09-14,20083.75,20089.8,20072.7,20080.35,14:50:00,20078.198829747507,3,68
2023-09-14,20096.3,20105.7,20082.25,20084.65,14:55:00,20079.922750723937,3,69
2023-09-14,20102.5,20114.7,20090.6,20098.5,15:00:00,20082.072964940704,3,70
2023-09-14,20101.55,20107.8,20095.85,20103.35,15:05:00,20083.92792066064,3,71
2023-09-14,20102.1,20111.05,20096.05,20102.4,15:10:00,20085.65859488344,3,72
2023-09-14,20107.55,20112.2,20101.35,20101.55,15:15:00,20087.74349060882,3,73
2023-09-14,20103.8,20112.3,20101.95,20107.6,15:20:00,20089.27268197941,3,74
2023-09-14,20101.85,20113.2,20099.75,20104.5,15:25:00,20090.470521790896,3,75
2023-09-15,20155.2,20173.15,20149.65,20156.45,09:15:00,20102.32054051364,4,1
2023-09-15,20168.6,20172.75,20154.9,20155.8,09:20:00,20108.632869988527,4,2
2023-09-15,20157.9,20169.65,20149.95,20169.65,09:25:00,20113.324977608667,4,3
2023-09-15,20144.15,20163.95,20139.0,20158.65,09:30:00,20116.26069402689,4,4
2023-09-15,20139.65,20149.1,20136.9,20142.4,09:35:00,20118.488246976707,4,5
2023-09-15,20156.45,20156.45,20139.05,20140.2,09:40:00,20122.103652026544,4,6
2023-09-15,20138.8,20167.6,20136.8,20156.0,09:45:00,20123.69378040497,4,7
2023-09-15,20147.8,20148.6,20130.0,20138.4,09:50:00,20125.9896108426,4,8
2023-09-15,20150.3,20153.15,20144.95,20147.15,09:55:00,20128.30488600044,4,9
2023-09-15,20157.1,20161.55,20146.6,20149.55,10:00:00,20131.047277809925,4,10
2023-09-15,20159.25,20162.0,20155.15,20156.4,10:05:00,20133.73325135184,4,11
2023-09-15,20160.85,20164.1,20156.5,20159.05,10:10:00,20136.315798842137,4,12
2023-09-15,20155.85,20161.85,20151.0,20160.45,10:15:00,20138.17619895241,4,13
2023-09-15,20151.0,20161.95,20147.2,20155.75,10:20:00,20139.39751333789,4,14
2023-09-15,20149.65,20153.85,20147.1,20149.75,10:25:00,20140.37394063905,4,15
2023-09-15,20146.7,20150.3,20142.3,20150.3,10:30:00,20140.97642248295,4,16
2023-09-15,20143.7,20151.3,20143.45,20146.85,10:35:00,20141.235810817907,4,17
2023-09-15,20151.5,20154.45,20143.5,20143.5,10:40:00,20142.21335264477,4,18
2023-09-15,20148.8,20154.0,20148.35,20150.75,10:45:00,20142.84065239289,4,19
2023-09-15,20158.05,20160.7,20144.75,20148.6,10:50:00,20144.289161688805,4,20
2023-09-15,20167.65,20168.45,20156.1,20158.35,10:55:00,20146.514003432727,4,21
2023-09-15,20177.0,20180.1,20168.15,20168.15,11:00:00,20149.417431677222,4,22
2023-09-15,20184.2,20184.85,20176.4,20177.6,11:05:00,20152.730057231776,4,23
2023-09-15,20182.5,20186.25,20179.0,20183.95,11:10:00,20155.56528987637,4,24
2023-09-15,20176.0,20182.95,20172.4,20182.95,11:15:00,20157.51145274529,4,25
2023-09-15,20185.8,20187.5,20172.15,20175.45,11:20:00,20160.20560010288,4,26
2023-09-15,20182.9,20190.9,20181.0,20186.85,11:25:00,20162.366971521653,4,27
2023-09-15,20179.25,20184.05,20174.75,20183.2,11:30:00,20163.97487899578,4,28
2023-09-15,20179.8,20180.95,20173.65,20179.6,11:35:00,20165.48203337713,4,29
2023-09-15,20174.05,20182.7,20173.95,20179.45,11:40:00,20166.29803019836,4,30
2023-09-15,20179.0,20179.35,20170.35,20173.9,11:45:00,20167.50774160804,4,31
2023-09-15,20177.1,20183.15,20175.85,20179.1,11:50:00,20168.42129002632,4,32
2023-09-15,20181.0,20181.0,20176.0,20176.7,11:55:00,20169.619262404765,4,33
2023-09-15,20184.95,20188.2,20178.2,20179.95,12:00:00,20171.07933265193,4,34
2023-09-15,20192.6,20195.0,20183.35,20184.35,12:05:00,20173.12892001841,4,35
2023-09-15,20188.15,20195.9,20188.1,20192.6,12:10:00,20174.55949906428,4,36
2023-09-15,20172.9,20190.65,20162.65,20188.35,12:15:00,20174.40145153435,4,37
2023-09-15,20170.05,20172.7,20163.3,20171.6,12:20:00,20173.9870275787,4,38
2023-09-15,20167.1,20177.65,20167.1,20169.9,12:25:00,20173.33112019025,4,39
2023-09-15,20139.55,20165.2,20139.55,20165.05,12:30:00,20170.113870648325,4,40
2023-09-15,20153.05,20155.05,20134.15,20139.25,12:35:00,20168.488740110388,4,41
2023-09-15,20146.6,20153.4,20141.45,20152.75,12:40:00,20166.404098195115,4,42
2023-09-15,20154.0,20154.15,20145.4,20145.4,12:45:00,20165.222755509865,4,43
2023-09-15,20157.7,20163.75,20154.45,20155.3,12:50:00,20164.506302604164,4,44
2023-09-15,20151.85,20157.65,20148.65,20157.65,12:55:00,20163.300940451387,4,45
2023-09-15,20154.7,20158.9,20146.55,20152.45,13:00:00,20162.481803265546,4,46
2023-09-15,20159.9,20164.45,20152.85,20155.0,13:05:00,20162.23591724025,4,47
2023-09-15,20169.0,20169.9,20159.45,20160.1,13:10:00,20162.880115598324,4,48
2023-09-15,20165.2,20173.95,20164.3,20168.85,13:15:00,20163.10105696992,4,49
2023-09-15,20168.65,20168.95,20159.5,20164.85,13:20:00,20163.629527734684,4,50
2023-09-15,20175.95,20180.7,20168.35,20168.45,13:25:00,20164.802906045665,4,51
2023-09-15,20171.2,20177.6,20170.0,20175.8,13:30:00,20165.41215308893,4,52
2023-09-15,20156.45,20171.65,20156.15,20171.0,13:35:00,20164.55861469952,4,53
2023-09-15,20162.7,20164.4,20151.55,20156.6,13:40:00,20164.38160377576,4,54
2023-09-15,20165.75,20174.5,20162.35,20162.6,13:45:00,20164.51192722568,4,55
2023-09-15,20161.2,20166.3,20157.75,20165.85,13:50:00,20164.19650558514,4,56
2023-09-15,20169.4,20172.0,20158.6,20160.75,13:55:00,20164.692076481795,4,57
2023-09-15,20180.0,20182.55,20169.4,20169.45,14:00:00,20166.14997395972,4,58
2023-09-15,20180.7,20186.55,20178.15,20180.2,14:05:00,20167.53569072546,4,59
2023-09-15,20181.5,20187.7,20172.9,20180.5,14:10:00,20168.86562494208,4,60
2023-09-15,20186.15,20188.9,20179.35,20181.75,14:15:00,20170.51175589998,4,61
2023-09-15,20180.1,20185.6,20175.25,20184.85,14:20:00,20171.424922004742,4,62
2023-09-15,20185.1,20186.95,20178.35,20182.1,14:25:00,20172.72731038525,4,63
2023-09-15,20188.9,20191.45,20182.65,20185.1,14:30:00,20174.267566539034,4,64
2023-09-15,20191.35,20193.65,20183.0,20189.05,14:35:00,20175.894464963887,4,65
2023-09-15,20195.75,20200.05,20189.35,20191.35,14:40:00,20177.785468300663,4,66
2023-09-15,20191.4,20202.4,20186.4,20196.55,14:45:00,20179.082090367265,4,67
2023-09-15,20197.7,20199.4,20191.2,20192.15,14:50:00,20180.855224618,4,68
2023-09-15,20197.05,20202.95,20192.95,20198.15,14:55:00,20182.39758417819,4,69
2023-09-15,20215.35,20221.25,20198.1,20198.1,15:00:00,20185.535909494552,4,70
2023-09-15,20202.9,20217.0,20201.1,20216.5,15:05:00,20187.18963239984,4,71
2023-09-15,20185.75,20207.55,20185.05,20203.7,15:10:00,20187.05252455223,4,72
2023-09-15,20182.85,20186.95,20178.15,20186.35,15:15:00,20186.652284118685,4,73
2023-09-15,20167.5,20184.75,20167.1,20182.9,15:20:00,20184.82825705976,4,74
2023-09-15,20169.0,20174.55,20165.4,20167.55,15:25:00,20183.32080400645,4,75
2023-09-18,20141.3,20156.0,20123.35,20155.95,09:15:00,20176.960340694623,0,1
2023-09-18,20137.0,20152.15,20133.35,20140.3,09:20:00,20173.1545939618,0,2
2023-09-18,20151.4,20156.15,20128.4,20135.55,09:25:00,20171.0827278702,0,3
2023-09-18,20147.3,20153.5,20142.45,20151.45,09:30:00,20168.81770616828,0,4
2023-09-18,20154.85,20162.55,20147.3,20148.35,09:35:00,20167.487448437965,0,5
2023-09-18,20173.75,20175.85,20147.95,20155.9,09:40:00,20168.08388192006,0,6
2023-09-18,20172.3,20177.05,20163.4,20173.7,09:45:00,20168.48541697529,0,7
2023-09-18,20170.2,20182.55,20170.2,20172.05,09:50:00,20168.64871059669,0,8
2023-09-18,20177.65,20179.2,20160.65,20170.2,09:55:00,20169.50597625416,0,9
2023-09-18,20172.2,20180.85,20167.95,20177.95,10:00:00,20169.76254994424,0,10
2023-09-18,20183.4,20185.65,20170.4,20172.6,10:05:00,20171.06135471145,0,11
2023-09-18,20178.65,20187.8,20177.3,20183.4,10:10:00,20171.78408283417,0,12
2023-09-18,20178.35,20178.95,20174.55,20178.45,10:15:00,20172.40940827853,0,13
2023-09-18,20178.75,20179.6,20170.95,20178.95,10:20:00,20173.01327415677,0,14
2023-09-18,20181.15,20181.85,20175.5,20178.9,10:25:00,20173.78820042756,0,15
2023-09-18,20185.65,20186.8,20177.25,20179.9,10:30:00,20174.91789562493,0,16
2023-09-18,20176.4,20187.0,20176.4,20186.1,10:35:00,20175.05904842256,0,17
2023-09-18,20177.9,20180.6,20174.8,20177.25,10:40:00,20175.32961523945,0,18
2023-09-18,20175.45,20179.05,20171.35,20177.45,10:45:00,20175.341080454746,0,19
2023-09-18,20177.1,20178.0,20172.0,20174.9,10:50:00,20175.50859660191,0,20
2023-09-18,20178.7,20182.35,20176.25,20177.35,10:55:00,20175.81253978268,0,21
2023-09-18,20173.15,20180.8,20172.65,20180.0,11:00:00,20175.558964565284,0,22
2023-09-18,20171.2,20174.05,20161.9,20172.3,11:05:00,20175.14382508288,0,23
2023-09-18,20174.85,20178.2,20170.15,20170.9,11:10:00,20175.11584174165,0,24
2023-09-18,20184.4,20186.35,20174.3,20175.2,11:15:00,20176.000047290065,0,25
2023-09-18,20185.8,20190.8,20183.2,20185.05,11:20:00,20176.933376119585,0,26
2023-09-18,20182.0,20187.3,20179.2,20185.0,11:25:00,20177.415911727243,0,27
2023-09-18,20187.3,20188.8,20180.4,20183.85,11:30:00,20178.357253467504,0,28
2023-09-18,20190.55,20192.6,20186.3,20188.35,11:35:00,20179.518467422982,0,29
2023-09-18,20187.65,20192.75,20187.6,20190.3,11:40:00,20180.292899096985,0,30
2023-09-18,20190.15,20194.35,20187.45,20188.6,11:45:00,20181.23167061156,0,31
2023-09-18,20186.5,20192.5,20185.4,20191.0,11:50:00,20181.7334162676,0,32
2023-09-18,20186.85,20191.8,20184.3,20187.6,11:55:00,20182.2207099564,0,33
2023-09-18,20181.7,20187.8,20177.35,20187.1,12:00:00,20182.17111853198,0,34
2023-09-18,20183.6,20185.5,20179.95,20181.3,12:05:00,20182.307202481315,0,35
2023-09-18,20174.65,20185.65,20172.35,20184.35,12:10:00,20181.577945102144,0,36
2023-09-18,20164.3,20174.5,20162.0,20174.5,12:15:00,20179.93242652099,0,37
2023-09-18,20178.1,20178.25,20163.05,20164.1,12:20:00,20179.757909709468,0,38
2023-09-18,20175.0,20178.9,20170.8,20178.9,12:25:00,20179.304775451423,0,39
2023-09-18,20174.95,20178.6,20171.2,20174.75,12:30:00,20178.89003493224,0,40
2023-09-18,20171.1,20176.1,20169.4,20175.5,12:35:00,20178.14812684345,0,41
2023-09-18,20173.95,20180.0,20167.85,20170.4,12:40:00,20177.748305239315,0,42
2023-09-18,20165.35,20174.95,20163.15,20174.1,12:45:00,20176.56751426414,0,43
2023-09-18,20162.95,20167.8,20160.4,20165.9,12:50:00,20175.270608143743,0,44
2023-09-18,20163.9,20170.0,20160.8,20161.85,12:55:00,20174.18769308244,0,45
2023-09-18,20165.55,20167.75,20162.1,20164.1,13:00:00,20173.36505564601,0,46
2023-09-18,20169.0,20169.0,20163.5,20166.0,13:05:00,20172.94933606068,0,47
2023-09-18,20169.35,20173.55,20165.25,20170.25,13:10:00,20172.606542150133,0,48
2023-09-18,20168.85,20175.25,20167.25,20171.15,13:15:00,20172.24877623107,0,49
2023-09-18,20170.7,20172.4,20167.0,20168.65,13:20:00,20172.101273732875,0,50
2023-09-18,20173.85,20174.9,20166.15,20171.8,13:25:00,20172.26781909165,0,51
2023-09-18,20169.2,20177.25,20167.3,20174.25,13:30:00,20171.975645844825,0,52
2023-09-18,20159.5,20172.05,20159.15,20170.35,13:35:00,20170.7874890977,0,53
2023-09-18,20162.3,20163.7,20155.2,20160.5,13:40:00,20169.97915680268,0,54
2023-09-18,20152.75,20165.15,20150.05,20163.05,13:45:00,20168.33828472624,0,55
2023-09-18,20155.45,20156.3,20149.8,20153.15,13:50:00,20167.11082903802,0,56
2023-09-18,20146.05,20159.05,20143.85,20156.0,13:55:00,20165.105035796307,0,57
2023-09-18,20154.0,20156.15,20144.35,20146.95,14:00:00,20164.04741333952,0,58
2023-09-18,20159.25,20160.5,20150.15,20156.15,14:05:00,20163.590516830995,0,59
2023-09-18,20154.85,20162.2,20152.25,20160.0,14:10:00,20162.758086656613,0,60
2023-09-18,20152.25,20156.85,20150.5,20155.35,14:15:00,20161.75731649884,0,61
2023-09-18,20153.95,20156.0,20148.3,20153.8,14:20:00,20161.01376254657,0,62
2023-09-18,20146.0,20157.0,20144.0,20155.5,14:25:00,20159.58388039928,0,63
2023-09-18,20154.75,20156.75,20146.55,20147.3,14:30:00,20159.12351083744,0,64
2023-09-18,20155.2,20159.5,20152.7,20155.95,14:35:00,20158.74984313864,0,65
2023-09-18,20158.35,20162.55,20154.7,20157.0,14:40:00,20158.71176283972,0,66
2023-09-18,20156.8,20162.35,20156.7,20159.3,14:45:00,20158.52969018832,0,67
2023-09-18,20152.05,20159.5,20152.05,20156.2,14:50:00,20157.912576837047,0,68
2023-09-18,20146.15,20153.1,20142.0,20152.8,14:55:00,20156.792331424,0,69
2023-09-18,20139.85,20147.2,20136.85,20145.25,15:00:00,20155.17877605028,0,70
2023-09-18,20149.85,20151.8,20140.5,20140.5,15:05:00,20154.6712735693,0,71
2023-09-18,20127.25,20151.55,20127.25,20151.0,15:10:00,20152.059723705555,0,72
2023-09-18,20128.3,20134.2,20117.8,20126.95,15:15:00,20149.796892876457,0,73
2023-09-18,20127.6,20131.75,20123.8,20128.55,15:20:00,20147.6829030787,0,74
2023-09-18,20123.65,20131.9,20118.65,20127.85,15:25:00,20145.39405516644,0,75
2023-09-20,20013.15,20015.0,19979.35,19980.75,09:15:00,20118.61236715439,2,1
2023-09-20,20032.05,20049.5,20012.85,20013.3,09:20:00,20110.368332187303,2,2
2023-09-20,20031.05,20038.5,19991.85,20033.2,09:25:00,20102.814205312323,2,3
2023-09-20,20021.6,20039.2,20017.85,20032.0,09:30:00,20095.0795190921,2,4
2023-09-20,20019.7,20026.55,20014.2,20020.65,09:35:00,20087.900517273807,2,5
2023-09-20,20004.5,20026.75,20004.2,20019.6,09:40:00,20079.95761086678,2,6
2023-09-20,19995.1,20006.9,19991.1,20005.25,09:45:00,20071.87593364137,2,7
2023-09-20,20005.55,20009.05,19992.7,19995.15,09:50:00,20065.55917805648,2,8
2023-09-20,20009.25,20017.3,20004.55,20005.4,09:55:00,20060.19639919396,2,9
2023-09-20,19987.25,20010.9,19976.0,20009.45,10:00:00,20053.249123080248,2,10
2023-09-20,19967.2,19986.65,19962.8,19986.65,10:05:00,20045.05396850118,2,11
2023-09-20,19969.35,19977.1,19964.25,19967.35,10:10:00,20037.84406673916,2,12
2023-09-20,19969.6,19972.2,19962.8,19968.45,10:15:00,20031.344631811626,2,13
2023-09-20,19970.85,19977.65,19968.55,19969.15,10:20:00,20025.58323830576,2,14
2023-09-20,19959.45,19971.25,19955.45,19970.55,10:25:00,20019.28483465759,2,15
2023-09-20,19969.25,19973.05,19953.05,19959.05,10:30:00,20014.519612309246,2,16
2023-09-20,19965.75,19975.35,19965.75,19968.7,10:35:00,20009.874887327413,2,17
2023-09-20,19966.8,19971.4,19962.25,19965.55,10:40:00,20005.77251710576,2,18
2023-09-20,19963.45,19971.55,19962.6,19966.55,10:45:00,20001.74180119092,2,19
2023-09-20,19967.2,19973.55,19956.2,19962.8,10:50:00,19998.45210583941,2,20
2023-09-20,19970.5,19970.7,19963.2,19966.65,10:55:00,19995.790000521367,2,21
2023-09-20,19952.3,19970.9,19951.95,19970.65,11:00:00,19991.64809570981,2,22
2023-09-20,19952.75,19957.5,19945.7,19952.15,11:05:00,19987.94351516602,2,23
2023-09-20,19958.3,19958.75,19951.65,19952.05,11:10:00,19985.120323245446,2,24
2023-09-20,19960.35,19964.1,19956.4,19958.45,11:15:00,19982.76124484112,2,25
2023-09-20,19962.4,19963.85,19952.95,19960.25,11:20:00,19980.822078665777,2,26
2023-09-20,19953.55,19963.75,19952.85,19962.65,11:25:00,19978.224737840465,2,27
2023-09-20,19954.0,19956.95,19949.4,19953.0,11:30:00,19975.91761995089,2,28
2023-09-20,19949.55,19954.6,19944.85,19954.4,11:35:00,19973.40641805081,2,29
2023-09-20,19943.5,19950.65,19943.1,19950.55,11:40:00,19970.55818776026,2,30
2023-09-20,19942.95,19948.55,19938.85,19943.65,11:45:00,19967.928836545,2,31
2023-09-20,19931.65,19944.4,19928.3,19942.5,11:50:00,19964.473709255,2,32
2023-09-20,19940.1,19942.85,19929.85,19931.4,11:55:00,19962.152403611664,2,33
2023-09-20,19943.65,19946.7,19939.3,19940.15,12:00:00,19960.390269934363,2,34
2023-09-20,19951.2,19955.5,19940.0,19943.8,12:05:00,19959.51500613109,2,35
2023-09-20,19956.3,19962.65,19949.6,19951.65,12:10:00,19959.208815070982,2,36
2023-09-20,19950.4,19956.1,19948.6,19956.1,12:15:00,19958.36988030232,2,37
2023-09-20,19955.2,19956.3,19947.9,19951.2,12:20:00,19958.0679869402,2,38
2023-09-20,19947.45,19957.9,19945.3,19955.1,12:25:00,19957.05675008875,2,39
2023-09-20,19949.85,19952.95,19944.9,19947.95,12:30:00,19956.37039293744,2,40
2023-09-20,19954.35,19957.95,19948.85,19951.0,12:35:00,19956.177974562444,2,41
2023-09-20,19953.15,19957.4,19950.65,19955.35,12:40:00,19955.889596032688,2,42
2023-09-20,19951.7,19955.05,19942.8,19953.95,12:45:00,19955.49058688672,2,43
2023-09-20,19948.35,19953.85,19943.85,19952.05,12:50:00,19954.810530992745,2,44
2023-09-20,19946.9,19952.2,19944.15,19950.0,12:55:00,19954.057147088675,2,45
2023-09-20,19935.1,19946.6,19932.0,19946.5,13:00:00,19952.2517045088,2,46
2023-09-20,19936.85,19939.7,19931.7,19935.7,13:05:00,19950.78487550796,2,47
2023-09-20,19934.45,19941.4,19933.2,19937.8,13:10:00,19949.22917307863,2,48
2023-09-20,19932.0,19936.2,19925.9,19935.3,13:15:00,19947.58829945209,2,49
2023-09-20,19932.3,19939.0,19930.5,19932.75,13:20:00,19946.132270932845,2,50
2023-09-20,19932.25,19935.0,19926.6,19933.45,13:25:00,19944.810149891626,2,51
2023-09-20,19925.55,19936.6,19922.25,19933.4,13:30:00,19942.975849901944,2,52
2023-09-20,19926.3,19929.75,19923.8,19927.0,13:35:00,19941.38767372081,2,53
2023-09-20,19919.2,19929.65,19919.2,19927.25,13:40:00,19939.27456193788,2,54
2023-09-20,19909.7,19922.45,19901.7,19920.45,13:45:00,19936.45793699141,2,55
2023-09-20,19892.8,19909.85,19890.3,19908.55,13:50:00,19932.30003823032,2,56
2023-09-20,19900.95,19903.05,19879.55,19891.55,13:55:00,19929.314320303623,2,57
2023-09-20,19896.2,19906.5,19889.8,19899.55,14:00:00,19926.160575512804,2,58
2023-09-20,19897.3,19906.5,19893.85,19894.3,14:05:00,19923.41194927349,2,59
2023-09-20,19908.0,19912.15,19895.05,19896.2,14:10:00,19921.94414458077,2,60
2023-09-20,19913.1,19916.45,19905.65,19909.45,14:15:00,19921.10184509689,2,61
2023-09-20,19901.35,19917.0,19901.35,19913.9,14:20:00,19919.220716992422,2,62
2023-09-20,19897.25,19902.85,19893.8,19902.65,14:25:00,19917.128267755048,2,63
2023-09-20,19915.7,19916.4,19895.8,19896.0,14:30:00,19916.992242254568,2,64
2023-09-20,19908.7,19921.15,19907.3,19915.8,14:35:00,19916.202504896988,2,65
2023-09-20,19909.4,19913.7,19906.85,19910.1,14:40:00,19915.55464728776,2,66
2023-09-20,19913.5,19918.3,19910.2,19910.75,14:45:00,19915.35896659368,2,67
2023-09-20,19904.4,19914.15,19900.6,19913.25,14:50:00,19914.315255489524,2,68
2023-09-20,19899.15,19911.45,19893.15,19903.8,14:55:00,19912.870945442904,2,69
2023-09-20,19898.25,19901.05,19885.75,19899.3,15:00:00,19911.47847444834,2,70
2023-09-20,19902.3,19906.1,19895.95,19898.45,15:05:00,19910.60433402469,2,71
2023-09-20,19902.55,19906.3,19900.7,19901.85,15:10:00,19909.837254593767,2,72
2023-09-20,19904.65,19905.7,19898.75,19902.85,15:15:00,19909.34323034674,2,73
2023-09-20,19908.1,19913.35,19900.45,19903.8,15:20:00,19909.22482745657,2,74
2023-09-20,19909.55,19911.95,19903.9,19908.15,15:25:00,19909.25579627024,2,75
2023-09-21,19822.3,19842.6,19815.15,19840.55,09:15:00,19895.054064520533,3,1
2023-09-21,19814.0,19822.0,19802.6,19821.9,09:20:00,19887.33462980429,3,2
2023-09-21,19820.9,19822.65,19809.95,19814.4,09:25:00,19881.007522203883,3,3
2023-09-21,19822.85,19825.1,19808.6,19821.9,09:30:00,19875.468710565416,3,4
2023-09-21,19823.55,19826.95,19814.35,19821.7,09:35:00,19870.524071463948,3,5
2023-09-21,19808.15,19825.4,19803.15,19823.65,09:40:00,19864.58368370548,3,6
2023-09-21,19788.35,19812.2,19786.75,19807.25,09:45:00,19857.32333287638,3,7
2023-09-21,19787.75,19791.65,19776.45,19789.3,09:50:00,19850.69730117387,3,8
2023-09-21,19782.25,19792.7,19777.35,19787.15,09:55:00,19844.178510585883,3,9
2023-09-21,19767.45,19784.5,19763.65,19783.45,10:00:00,19836.871033387222,3,10
2023-09-21,19742.4,19771.95,19742.4,19766.85,10:05:00,19827.87379211225,3,11
2023-09-21,19749.0,19756.85,19739.7,19743.7,10:10:00,19820.362002387275,3,12
2023-09-21,19759.55,19761.65,19747.1,19750.8,10:15:00,19814.570383112296,3,13
2023-09-21,19763.1,19767.95,19751.95,19760.15,10:20:00,19809.668441863505,3,14
2023-09-21,19752.4,19766.05,19752.4,19762.45,10:25:00,19804.214304543173,3,15
2023-09-21,19756.5,19759.1,19748.65,19750.65,10:30:00,19799.67008506287,3,16
2023-09-21,19761.15,19765.05,19752.35,19755.45,10:35:00,19796.00150553308,3,17
2023-09-21,19755.35,19765.55,19753.25,19762.1,10:40:00,19792.129933577544,3,18
2023-09-21,19754.2,19759.35,19750.15,19755.45,10:45:00,19788.51755895111,3,19
2023-09-21,19755.75,19758.8,19753.1,19754.1,10:50:00,19785.396839051005,3,20
2023-09-21,19750.3,19758.95,19747.85,19755.15,10:55:00,19782.05428295091,3,21
2023-09-21,19756.45,19756.65,19745.45,19752.05,11:00:00,19779.615779812728,3,22
2023-09-21,19783.6,19785.35,19756.5,19757.85,11:05:00,19779.995229354376,3,23
2023-09-21,19785.25,19787.25,19779.45,19784.6,11:10:00,19780.49568370157,3,24
2023-09-21,19775.8,19787.25,19774.55,19785.25,11:15:00,19780.04847573,3,25
2023-09-21,19768.8,19775.95,19762.4,19775.95,11:20:00,19778.977192327144,3,26
2023-09-21,19773.15,19777.0,19765.8,19768.75,11:25:00,19778.422221629324,3,27
2023-09-21,19766.4,19779.15,19765.1,19773.15,11:30:00,19777.277248140817,3,28
2023-09-21,19753.0,19769.55,19751.4,19766.45,11:35:00,19774.965129270266,3,29
2023-09-21,19756.25,19757.75,19749.35,19753.5,11:40:00,19773.182736006427,3,30
2023-09-21,19756.6,19764.35,19752.25,19755.9,11:45:00,19771.60342781534,3,31
2023-09-21,19758.85,19762.1,19755.75,19756.7,11:50:00,19770.388815642447,3,32
2023-09-21,19761.7,19763.65,19751.4,19758.15,11:55:00,19769.561309390785,3,33
2023-09-21,19735.75,19764.35,19735.2,19761.4,12:00:00,19766.3411846869,3,34
2023-09-21,19731.9,19739.6,19726.65,19736.05,12:05:00,19763.06107185957,3,35
2023-09-21,19733.4,19734.4,19728.2,19730.95,12:10:00,19760.23620787295,3,36
2023-09-21,19729.05,19740.35,19723.9,19732.2,12:15:00,19757.26609283743,3,37
2023-09-21,19727.15,19731.7,19723.75,19726.85,12:20:00,19754.39789351958,3,38
2023-09-21,19735.5,19738.55,19726.2,19726.9,12:25:00,19752.598094136763,3,39
2023-09-21,19734.4,19737.05,19730.25,19734.95,12:30:00,19750.864942314216,3,40
2023-09-21,19736.3,19744.2,19730.7,19733.0,12:35:00,19749.47780495096,3,41
2023-09-21,19741.65,19742.2,19730.95,19735.95,12:40:00,19748.732299717536,3,42
2023-09-21,19738.75,19746.5,19733.65,19741.05,12:45:00,19747.781604506345,3,43
2023-09-21,19734.15,19738.9,19731.75,19738.9,12:50:00,19746.483356458124,3,44
2023-09-21,19726.0,19739.5,19721.05,19734.65,12:55:00,19744.53256060497,3,45
2023-09-21,19735.3,19736.55,19722.45,19725.75,13:00:00,19743.653269118782,3,46
2023-09-21,19738.1,19740.45,19731.7,19735.7,13:05:00,19743.124386345564,3,47
2023-09-21,19745.0,19750.6,19733.5,19735.9,13:10:00,19743.30301621741,3,48
2023-09-21,19754.75,19754.9,19742.25,19745.8,13:15:00,19744.39320514909,3,49
2023-09-21,19748.95,19760.05,19741.6,19753.55,13:20:00,19744.82718561108,3,50
2023-09-21,19746.8,19751.6,19744.1,19748.55,13:25:00,19745.01507269574,3,51
2023-09-21,19732.5,19754.05,19729.7,19747.5,13:30:00,19743.82316101043,3,52
2023-09-21,19734.05,19736.45,19728.65,19732.25,13:35:00,19742.892383771345,3,53
2023-09-21,19737.85,19740.3,19732.65,19734.55,13:40:00,19742.4121567455,3,54
2023-09-21,19738.1,19742.7,19729.05,19736.75,13:45:00,19742.00147515069,3,55
2023-09-21,19738.65,19742.4,19734.15,19738.35,13:50:00,19741.68228704109,3,56
2023-09-21,19741.3,19745.65,19735.3,19737.95,13:55:00,19741.645878751468,3,57
2023-09-21,19739.15,19749.05,19734.6,19743.05,14:00:00,19741.408176013232,3,58
2023-09-21,19743.25,19744.45,19735.35,19739.0,14:05:00,19741.583587821497,3,59
2023-09-21,19733.0,19743.45,19729.0,19742.75,14:10:00,19740.766103267066,3,60
2023-09-21,19733.1,19736.2,19724.85,19730.6,14:15:00,19740.03599819401,3,61
2023-09-21,19727.75,19736.8,19727.45,19732.25,14:20:00,19738.86590312792,3,62
2023-09-21,19733.2,19733.25,19717.2,19726.15,14:25:00,19738.326293306207,3,63
2023-09-21,19737.95,19738.45,19726.45,19730.95,14:30:00,19738.29045584848,3,64
2023-09-21,19734.3,19737.25,19730.55,19737.05,14:35:00,19737.91041243433,3,65
2023-09-21,19724.65,19734.65,19719.35,19731.95,14:40:00,19736.647516012014,3,66
2023-09-21,19719.3,19726.3,19718.45,19724.2,14:45:00,19734.99537162992,3,67
2023-09-21,19717.45,19722.85,19711.0,19720.1,14:50:00,19733.32438385564,3,68
2023-09-21,19727.4,19729.3,19716.55,19718.3,14:55:00,19732.760156821765,3,69
2023-09-21,19737.2,19739.95,19721.1,19727.15,15:00:00,19733.182999029217,3,70
2023-09-21,19736.9,19738.8,19723.85,19738.8,15:05:00,19733.536999121672,3,71
2023-09-21,19747.0,19747.0,19732.65,19736.85,15:10:00,19734.819189681515,3,72
2023-09-21,19747.4,19751.15,19741.35,19745.75,15:15:00,19736.0173620928,3,73
2023-09-21,19750.1,19754.75,19745.95,19747.45,15:20:00,19737.35856570301,3,74
2023-09-21,19748.85,19754.4,19745.8,19750.2,15:25:00,19738.45298801701,3,75
2023-09-22,19776.3,19777.4,19729.2,19744.85,09:15:00,19742.60868180077,4,1
2023-09-22,19785.75,19791.35,19768.45,19776.3,09:20:00,19746.71737877213,4,2
2023-09-22,19756.65,19790.3,19754.9,19785.8,09:25:00,19747.6633426986,4,3
2023-09-22,19730.4,19756.75,19721.95,19754.55,09:30:00,19746.019214822536,4,4
2023-09-22,19756.9,19763.25,19726.0,19730.4,09:35:00,19747.05548007753,4,5
2023-09-22,19736.65,19758.1,19734.5,19756.55,09:40:00,19746.06448197491,4,6
2023-09-22,19743.05,19745.35,19728.15,19736.6,09:45:00,19745.77738845349,4,7
2023-09-22,19714.7,19743.8,19707.6,19743.35,09:50:00,19742.817637172204,4,8
2023-09-22,19678.0,19725.15,19677.3,19714.85,09:55:00,19736.64452887009,4,9
2023-09-22,19676.6,19684.45,19665.45,19677.75,10:00:00,19730.92600231104,4,10
2023-09-22,19691.5,19696.35,19672.4,19677.75,10:05:00,19727.17114494808,4,11
2023-09-22,19684.2,19700.45,19684.2,19691.85,10:10:00,19723.078654953024,4,12
2023-09-22,19673.75,19692.05,19672.85,19684.75,10:15:00,19718.38068781464,4,13
2023-09-22,19696.45,19697.8,19672.0,19673.5,10:20:00,19716.292050879914,4,14
2023-09-22,19712.7,19714.75,19694.35,19695.45,10:25:00,19715.949950796115,4,15
2023-09-22,19718.95,19725.7,19710.55,19712.75,10:30:00,19716.23566976792,4,16
2023-09-22,19731.5,19731.5,19711.65,19719.15,10:35:00,19717.689415504305,4,17
2023-09-22,19749.25,19749.6,19730.9,19731.3,10:40:00,19720.695185456272,4,18
2023-09-22,19742.7,19757.35,19740.75,19749.1,10:45:00,19722.790882079484,4,19
2023-09-22,19749.7,19751.45,19740.2,19742.9,10:50:00,19725.35365521477,4,20
2023-09-22,19767.3,19769.0,19748.25,19750.2,10:55:00,19729.34854519432,4,21
2023-09-22,19761.65,19769.3,19758.9,19766.6,11:00:00,19732.424874223427,4,22
2023-09-22,19761.75,19768.2,19761.45,19762.65,11:05:00,19735.217743345005,4,23
2023-09-22,19763.25,19765.75,19756.65,19761.85,11:10:00,19737.887482074053,4,24
2023-09-22,19762.2,19766.75,19757.75,19762.65,11:15:00,19740.20295997176,4,25
2023-09-22,19758.7,19765.9,19755.45,19761.2,11:20:00,19741.96458283159,4,26
2023-09-22,19745.25,19758.25,19741.1,19757.65,11:25:00,19742.27747970477,4,27
2023-09-22,19751.2,19752.75,19736.6,19744.85,11:30:00,19743.12724354241,4,28
2023-09-22,19753.85,19757.25,19747.35,19751.7,11:35:00,19744.14845844313,4,29
2023-09-22,19745.15,19753.9,19744.9,19753.9,11:40:00,19744.24384335332,4,30
2023-09-22,19746.35,19747.4,19740.0,19744.6,11:45:00,19744.444429700616,4,31
2023-09-22,19758.35,19759.5,19745.65,19746.8,11:50:00,19745.76876972913,4,32
2023-09-22,19771.8,19775.75,19755.65,19757.75,11:55:00,19748.247934516832,4,33
2023-09-22,19782.8,19784.35,19771.05,19771.4,12:00:00,19751.53860741999,4,34
2023-09-22,19784.4,19785.9,19777.15,19783.05,12:05:00,19754.66826385618,4,35
2023-09-22,19782.5,19788.75,19780.05,19783.7,12:10:00,19757.318905393688,4,36
2023-09-22,19787.9,19792.9,19781.4,19783.0,12:15:00,19760.231390594286,4,37
2023-09-22,19787.2,19792.5,19785.65,19787.2,12:20:00,19762.799829585307,4,38
2023-09-22,19781.0,19790.4,19767.75,19787.6,12:25:00,19764.533179148613,4,39
2023-09-22,19789.7,19791.2,19772.5,19781.05,12:30:00,19766.930019229698,4,40
2023-09-22,19789.95,19798.2,19788.9,19790.2,12:35:00,19769.12239835068,4,41
2023-09-22,19788.85,19789.65,19778.25,19789.65,12:40:00,19771.00121755538,4,42
2023-09-22,19785.95,19789.25,19780.7,19788.6,12:45:00,19772.42491112153,4,43
2023-09-22,19780.6,19788.15,19780.0,19785.7,12:50:00,19773.20349101472,4,44
2023-09-22,19765.65,19780.3,19754.65,19779.9,12:55:00,19772.48411091808,4,45
2023-09-22,19769.6,19778.3,19764.1,19765.3,13:00:00,19772.20943368779,4,46
2023-09-22,19763.25,19772.55,19762.9,19768.65,13:05:00,19771.35615428895,4,47
2023-09-22,19769.15,19771.25,19762.3,19763.05,13:10:00,19771.14604435667,4,48
2023-09-22,19771.25,19776.6,19763.3,19768.85,13:15:00,19771.15594489413,4,49
2023-09-22,19756.75,19772.6,19756.75,19771.15,13:20:00,19769.783950142308,4,50
2023-09-22,19738.85,19766.3,19738.85,19757.25,13:25:00,19766.837859652565,4,51
2023-09-22,19711.7,19739.5,19711.7,19738.55,13:30:00,19761.586634923748,4,52
2023-09-22,19705.15,19717.85,19698.45,19711.75,13:35:00,19756.21171731196,4,53
2023-09-22,19709.1,19716.9,19703.9,19705.45,13:40:00,19751.724887091776,4,54
2023-09-22,19715.3,19716.0,19702.35,19708.25,13:45:00,19748.25585022589,4,55
2023-09-22,19699.95,19718.05,19688.95,19715.05,13:50:00,19743.655293061525,4,56
2023-09-22,19705.35,19706.8,19694.85,19699.2,13:55:00,19740.00716991281,4,57
2023-09-22,19709.9,19711.7,19702.05,19705.35,14:00:00,19737.139820397304,4,58
2023-09-22,19708.8,19715.7,19705.25,19708.55,14:05:00,19734.44078988328,4,59
2023-09-22,19709.5,19712.15,19701.7,19709.25,14:10:00,19732.06547656106,4,60
2023-09-22,19686.1,19710.95,19684.35,19708.7,14:15:00,19727.68781212667,4,61
2023-09-22,19706.45,19707.7,19681.45,19686.65,14:20:00,19725.6651633527,4,62
2023-09-22,19716.15,19719.75,19704.1,19707.1,14:25:00,19724.75895731911,4,63
2023-09-22,19720.35,19722.6,19708.35,19715.9,14:30:00,19724.33905662205,4,64
2023-09-22,19708.5,19719.65,19701.95,19719.6,14:35:00,19722.830575039,4,65
2023-09-22,19703.4,19708.4,19694.8,19707.8,14:40:00,19720.980044082906,4,66
2023-09-22,19694.3,19703.9,19687.65,19702.85,14:45:00,19718.43908750358,4,67
2023-09-22,19680.95,19695.5,19675.7,19695.15,14:50:00,19714.86869821752,4,68
2023-09-22,19680.2,19686.6,19672.5,19680.9,14:55:00,19711.5669174349,4,69
2023-09-22,19681.8,19693.85,19666.9,19680.2,15:00:00,19708.73197291729,4,70
2023-09-22,19675.95,19682.4,19661.5,19681.65,15:05:00,19705.6098802585,4,71
2023-09-22,19663.65,19682.2,19663.65,19677.25,15:10:00,19701.613701186263,4,72
2023-09-22,19663.9,19672.45,19658.5,19664.35,15:15:00,19698.021920120904,4,73
2023-09-22,19682.65,19684.9,19664.5,19664.5,15:20:00,19696.55792772844,4,74
2023-09-22,19684.6,19690.95,19675.8,19683.6,15:25:00,19695.41907746859,4,75
2023-09-25,19642.75,19713.65,19634.55,19688.85,09:15:00,19690.40297485253,0,1
2023-09-25,19657.55,19688.45,19642.95,19644.0,09:20:00,19687.27412010468,0,2
2023-09-25,19654.9,19673.1,19651.9,19658.55,09:25:00,19684.190870570896,0,3
2023-09-25,19671.55,19675.75,19643.15,19655.5,09:30:00,19682.986978135574,0,4
2023-09-25,19681.3,19685.05,19669.85,19671.7,09:35:00,19682.826313551235,0,5
2023-09-25,19686.2,19688.25,19669.9,19681.05,09:40:00,19683.147617022543,0,6
2023-09-25,19672.2,19686.5,19663.45,19684.55,09:45:00,19682.10498682992,0,7
2023-09-25,19673.0,19684.25,19669.95,19672.2,09:50:00,19681.237845227068,0,8
2023-09-25,19676.8,19678.85,19669.15,19672.9,09:55:00,19680.81519330068,0,9
2023-09-25,19650.0,19679.3,19649.85,19676.05,10:00:00,19677.88041298633,0,10
2023-09-25,19638.45,19650.9,19635.6,19649.8,10:05:00,19674.12513555906,0,11
2023-09-25,19619.0,19645.65,19618.25,19640.4,10:10:00,19668.875122648675,0,12
2023-09-25,19632.65,19635.45,19614.85,19618.9,10:15:00,19665.425110967848,0,13
2023-09-25,19625.95,19633.95,19621.4,19632.1,10:20:00,19661.66557658996,0,14
2023-09-25,19621.2,19630.35,19618.05,19626.8,10:25:00,19657.811712152823,0,15
2023-09-25,19629.35,19631.0,19612.4,19620.65,10:30:00,19655.10107290017,0,16
2023-09-25,19644.1,19644.45,19627.5,19628.65,10:35:00,19654.053351671584,0,17
2023-09-25,19638.2,19644.7,19636.0,19643.65,10:40:00,19652.54350865524,0,18
2023-09-25,19640.5,19644.0,19631.75,19638.45,10:45:00,19651.39650783093,0,19
2023-09-25,19638.1,19640.5,19631.8,19640.05,10:50:00,19650.1301737518,0,20
2023-09-25,19624.6,19641.25,19621.9,19637.5,10:55:00,19647.69872863258,0,21
2023-09-25,19621.2,19625.95,19618.7,19625.0,11:00:00,19645.17504019138,0,22
2023-09-25,19619.9,19626.75,19617.6,19621.6,11:05:00,19642.767893506487,0,23
2023-09-25,19612.1,19622.8,19611.7,19621.65,11:10:00,19639.847141743965,0,24
2023-09-25,19618.05,19620.35,19611.65,19613.7,11:15:00,19637.771223482632,0,25
2023-09-25,19613.25,19624.05,19608.65,19619.05,11:20:00,19635.43586886524,0,26
2023-09-25,19608.05,19614.8,19602.05,19613.05,11:25:00,19632.827690878075,0,27
2023-09-25,19618.55,19620.35,19605.5,19607.4,11:30:00,19631.46791079445,0,28
2023-09-25,19618.3,19620.55,19613.05,19618.45,11:35:00,19630.213824052124,0,29
2023-09-25,19617.1,19620.45,19614.1,19618.7,11:40:00,19628.964888428112,0,30
2023-09-25,19622.95,19625.25,19616.9,19617.05,11:45:00,19628.39204191115,0,31
2023-09-25,19640.4,19642.9,19620.45,19622.55,11:50:00,19629.53565696723,0,32
2023-09-25,19645.5,19651.45,19638.65,19639.95,11:55:00,19631.0560705894,0,33
2023-09-25,19647.05,19653.6,19645.05,19645.05,12:00:00,19632.57930196184,0,34
2023-09-25,19640.3,19651.55,19633.3,19647.55,12:05:00,19633.314606536904,0,35
2023-09-25,19653.25,19654.55,19639.45,19640.3,12:10:00,19635.21321543815,0,36
2023-09-25,19665.3,19668.1,19652.2,19653.5,12:15:00,19638.07862349166,0,37
2023-09-25,19676.8,19678.6,19661.55,19664.6,12:20:00,19641.76637363531,0,38
2023-09-25,19677.9,19688.9,19676.75,19676.95,12:25:00,19645.207671384327,0,39
2023-09-25,19706.15,19712.5,19677.75,19677.75,12:30:00,19651.01170268106,0,40
2023-09-25,19708.5,19715.55,19696.5,19706.5,12:35:00,19656.4867786162,0,41
2023-09-25,19714.7,19715.4,19706.2,19708.35,12:40:00,19662.030894938463,0,42
2023-09-25,19726.0,19726.35,19711.2,19713.7,12:45:00,19668.12319065861,0,43
2023-09-25,19722.35,19725.55,19719.15,19725.1,12:50:00,19673.287648691123,0,44
2023-09-25,19725.0,19726.05,19717.8,19722.35,12:55:00,19678.212634530064,0,45
2023-09-25,19729.2,19733.9,19722.95,19724.5,13:00:00,19683.06857409863,0,46
2023-09-25,19708.1,19729.5,19706.3,19728.25,13:05:00,19685.45251942257,0,47
2023-09-25,19714.5,19715.7,19705.85,19707.9,13:10:00,19688.218946144232,0,48
2023-09-25,19704.65,19718.65,19701.0,19714.2,13:15:00,19689.78380841621,0,49
2023-09-25,19705.15,19712.2,19701.25,19706.2,13:20:00,19691.24725523372,0,50
2023-09-25,19709.9,19711.65,19703.15,19705.25,13:25:00,19693.023707116223,0,51
2023-09-25,19711.95,19713.05,19704.65,19709.95,13:30:00,19694.82621120039,0,52
2023-09-25,19724.15,19725.25,19710.55,19711.35,13:35:00,19697.61895299083,0,53
2023-09-25,19717.25,19729.95,19714.95,19723.9,13:40:00,19699.488576515512,0,54
2023-09-25,19680.05,19717.95,19677.75,19716.75,13:45:00,19697.63728351404,0,55
2023-09-25,19678.3,19683.95,19670.75,19679.9,13:50:00,19695.79563746508,0,56
2023-09-25,19678.2,19686.0,19669.6,19677.75,13:55:00,19694.119862468404,0,57
2023-09-25,19675.35,19680.85,19672.3,19678.6,14:00:00,19692.332256519032,0,58
2023-09-25,19651.85,19677.75,19650.45,19676.4,14:05:00,19688.476803517216,0,59
2023-09-25,19637.6,19653.75,19636.95,19651.7,14:10:00,19683.63139365844,0,60
2023-09-25,19643.15,19644.9,19627.0,19637.9,14:15:00,19679.77602283382,0,61
2023-09-25,19642.9,19649.05,19637.65,19643.5,14:20:00,19676.26402065917,0,62
2023-09-25,19647.65,19651.75,19642.7,19643.1,14:25:00,19673.53887583449,0,63
2023-09-25,19673.8,19676.65,19647.3,19647.3,14:30:00,19673.563744802635,0,64
2023-09-25,19673.7,19680.7,19670.35,19674.7,14:35:00,19673.5767214881,0,65
2023-09-25,19661.0,19674.95,19656.7,19673.5,14:40:00,19672.37893848924,0,66
2023-09-25,19667.2,19668.0,19658.8,19659.25,14:45:00,19671.885706252167,0,67
2023-09-25,19685.5,19687.95,19667.4,19667.4,14:50:00,19673.182305656723,0,68
2023-09-25,19701.3,19702.55,19684.75,19686.25,14:55:00,19675.860181308464,0,69
2023-09-25,19673.25,19704.65,19671.1,19701.4,15:00:00,19675.611592612426,0,70
2023-09-25,19678.4,19684.25,19672.7,19673.6,15:05:00,19675.877155220765,0,71
2023-09-25,19679.8,19684.35,19675.65,19679.25,15:10:00,19676.25075948545,0,72
2023-09-25,19672.1,19681.65,19672.0,19679.35,15:15:00,19675.85544905827,0,73
2023-09-25,19669.3,19674.9,19666.45,19671.9,15:20:00,19675.23112057653,0,74
2023-09-25,19674.85,19679.1,19668.9,19669.85,15:25:00,19675.194823378763,0,75
2023-09-26,19681.55,19693.1,19668.25,19682.8,09:15:00,19676.455399636587,1,1
2023-09-26,19684.5,19697.3,19682.05,19682.05,09:20:00,19677.22155205215,1,2
2023-09-26,19664.7,19685.45,19659.35,19685.45,09:25:00,19676.02902328528,1,3
2023-09-26,19665.45,19672.7,19650.1,19665.05,09:30:00,19675.02149725812,1,4
2023-09-26,19669.05,19677.75,19657.85,19665.85,09:35:00,19674.45278323353,1,5
2023-09-26,19680.35,19681.15,19665.95,19668.5,09:40:00,19675.01442292557,1,6
2023-09-26,19684.1,19689.1,19680.1,19680.75,09:45:00,19675.87971598028,1,7
2023-09-26,19680.2,19690.25,19672.75,19684.95,09:50:00,19676.29117160121,1,8
2023-09-26,19685.45,19688.05,19677.3,19680.0,09:55:00,19677.16344097252,1,9
2023-09-26,19697.55,19698.1,19679.85,19685.15,10:00:00,19679.10501802276,1,10
2023-09-26,19696.45,19698.8,19692.0,19697.65,10:05:00,19680.75692106821,1,11
2023-09-26,19692.3,19697.25,19689.85,19696.8,10:10:00,19681.856261918856,1,12
2023-09-26,19689.05,19693.1,19683.3,19692.6,10:15:00,19682.54137983135,1,13
2023-09-26,19688.0,19696.2,19686.85,19689.7,10:20:00,19683.06124841884,1,14
2023-09-26,19685.9,19692.8,19683.75,19687.85,10:25:00,19683.331605712283,1,15
2023-09-26,19673.0,19696.4,19671.7,19686.8,10:30:00,19682.347643263493,1,16
2023-09-26,19684.25,19692.45,19672.0,19673.15,10:35:00,19682.52882009554,1,17
2023-09-26,19678.85,19684.55,19676.95,19684.2,10:40:00,19682.17845627692,1,18
2023-09-26,19675.05,19682.55,19674.6,19679.25,10:45:00,19681.499555679115,1,19
2023-09-26,19676.7,19680.4,19671.35,19674.7,10:50:00,19681.04245513825,1,20
2023-09-26,19670.8,19678.1,19669.7,19677.05,10:55:00,19680.06698322032,1,21
2023-09-26,19667.4,19673.55,19664.45,19670.65,11:00:00,19678.860603866004,1,22
2023-09-26,19682.05,19682.15,19666.6,19668.35,11:05:00,19679.164355878765,1,23
2023-09-26,19688.05,19689.05,19681.15,19681.6,11:10:00,19680.010607699835,1,24
2023-09-26,19681.75,19691.95,19680.4,19687.45,11:15:00,19680.176264109374,1,25
2023-09-26,19683.2,19686.9,19677.9,19681.7,11:20:00,19680.464238956098,1,26
2023-09-26,19688.55,19689.3,19679.8,19682.9,11:25:00,19681.234311436467,1,27
2023-09-26,19686.8,19691.7,19684.5,19688.25,11:30:00,19681.764377013948,1,28
2023-09-26,19681.3,19686.8,19680.35,19686.6,11:35:00,19681.720150631667,1,29
2023-09-26,19679.7,19686.3,19675.35,19681.45,11:40:00,19681.527755333413,1,30
2023-09-26,19671.9,19680.7,19670.65,19679.55,11:45:00,19680.61082625404,1,31
2023-09-26,19671.15,19675.3,19663.1,19671.55,11:50:00,19679.70979518223,1,32
2023-09-26,19673.4,19675.65,19669.5,19671.7,11:55:00,19679.10886230773,1,33
2023-09-26,19677.05,19678.7,19672.9,19673.5,12:00:00,19678.91278018319,1,34
2023-09-26,19678.55,19683.4,19677.2,19677.2,12:05:00,19678.878229689555,1,35
2023-09-26,19681.9,19682.95,19675.45,19679.0,12:10:00,19679.166017338168,1,36
2023-09-26,19678.35,19683.5,19677.75,19681.8,12:15:00,19679.0883014012,1,37
2023-09-26,19682.5,19685.0,19678.25,19678.9,12:20:00,19679.41322507727,1,38
2023-09-26,19677.3,19683.7,19677.05,19682.25,12:25:00,19679.211965546103,1,39
2023-09-26,19668.1,19679.25,19666.8,19678.05,12:30:00,19678.15368311314,1,40
2023-09-26,19660.65,19668.1,19656.2,19668.1,12:35:00,19676.4866656738,1,41
2023-09-26,19653.3,19660.35,19651.6,19660.35,12:40:00,19674.2784118001,1,42
2023-09-26,19642.7,19657.15,19641.05,19653.1,12:45:00,19671.27094400961,1,43
2023-09-26,19649.25,19650.15,19640.25,19642.7,12:50:00,19669.1737112468,1,44
2023-09-26,19642.65,19649.75,19640.1,19649.75,12:55:00,19666.647643509004,1,45
2023-09-26,19644.45,19645.3,19637.85,19642.65,13:00:00,19664.53358222244,1,46
2023-09-26,19654.75,19656.7,19643.8,19645.0,13:05:00,19663.60181248697,1,47
2023-09-26,19661.55,19661.65,19650.35,19655.1,13:10:00,19663.40640177392,1,48
2023-09-26,19656.2,19666.05,19654.0,19661.15,13:15:00,19662.720077795453,1,49
2023-09-26,19659.45,19660.6,19653.15,19656.15,13:20:00,19662.40864181493,1,50
2023-09-26,19665.55,19666.0,19656.4,19660.25,13:25:00,19662.707818784944,1,51
2023-09-26,19675.8,19676.15,19663.15,19664.95,13:30:00,19663.95469318638,1,52
2023-09-26,19676.9,19682.75,19674.0,19675.2,13:35:00,19665.187579549583,1,53
2023-09-26,19681.0,19682.4,19674.65,19677.45,13:40:00,19666.693524354385,1,54
2023-09-26,19680.15,19686.0,19677.0,19680.95,13:45:00,19667.97509346349,1,55
2023-09-26,19675.85,19684.7,19672.85,19680.3,13:50:00,19668.725084562204,1,56
2023-09-26,19674.45,19679.2,19672.7,19675.85,13:55:00,19669.2703146039,1,57
2023-09-26,19674.95,19677.2,19666.7,19674.55,14:00:00,19669.81123702257,1,58
2023-09-26,19674.75,19679.05,19671.4,19674.95,14:05:00,19670.28159540138,1,59
2023-09-26,19673.95,19677.35,19669.7,19675.4,14:10:00,19670.63096726792,1,60
2023-09-26,19670.2,19676.45,19670.1,19674.85,14:15:00,19670.58992276621,1,61
2023-09-26,19669.2,19672.05,19664.9,19669.9,14:20:00,19670.457549169427,1,62
2023-09-26,19678.15,19680.2,19669.35,19670.0,14:25:00,19671.19016353424,1,63
2023-09-26,19674.7,19681.7,19671.4,19677.8,14:30:00,19671.52443367384,1,64
2023-09-26,19669.5,19680.6,19667.6,19675.55,14:35:00,19671.331630466804,1,65
2023-09-26,19672.9,19673.9,19664.7,19669.8,14:40:00,19671.48099899377,1,66
2023-09-26,19670.0,19675.7,19668.9,19673.2,14:45:00,19671.33995147056,1,67
2023-09-26,19672.9,19674.3,19667.6,19670.25,14:50:00,19671.48852752097,1,68
2023-09-26,19671.75,19677.55,19668.75,19672.45,14:55:00,19671.51342966184,1,69
2023-09-26,19663.05,19671.8,19657.25,19671.35,15:00:00,19670.707388741663,1,70
2023-09-26,19663.5,19666.95,19658.6,19663.0,15:05:00,19670.020970766265,1,71
2023-09-26,19665.45,19669.4,19661.2,19663.2,15:10:00,19669.585640217098,1,72
2023-09-26,19667.1,19668.75,19663.0,19666.1,15:15:00,19669.34891257737,1,73
2023-09-26,19666.7,19670.8,19661.9,19667.45,15:20:00,19669.096635189053,1,74
2023-09-26,19673.6,19673.6,19661.85,19666.75,15:25:00,19669.52552707581,1,75
2023-09-27,19627.6,19647.0,19617.1,19637.05,09:15:00,19662.73427499857,2,1
2023-09-27,19608.55,19629.3,19608.55,19626.4,09:20:00,19657.573867855845,2,2
2023-09-27,19608.65,19624.55,19604.85,19608.2,09:25:00,19652.914451869576,2,3
2023-09-27,19604.95,19612.45,19597.45,19608.9,09:30:00,19648.34640883438,2,4
2023-09-27,19610.4,19615.35,19605.85,19605.85,09:35:00,19644.73246513587,2,5
2023-09-27,19609.05,19615.8,19602.6,19610.5,09:40:00,19641.33413512293,2,6
2023-09-27,19616.05,19616.15,19605.95,19608.75,09:45:00,19638.92612225408,2,7
2023-09-27,19619.2,19624.15,19615.4,19616.3,09:50:00,19637.047443944164,2,8
2023-09-27,19605.25,19624.3,19605.25,19619.35,09:55:00,19634.019115949483,2,9
2023-09-27,19583.7,19603.95,19576.7,19602.4,10:00:00,19629.226819192387,2,10
2023-09-27,19572.0,19585.05,19564.95,19583.65,10:05:00,19623.77664593597,2,11
2023-09-27,19562.25,19575.5,19559.15,19571.95,10:10:00,19617.91696537064,2,12
2023-09-27,19571.5,19571.95,19559.8,19561.95,10:15:00,19613.496302002008,2,13
2023-09-27,19564.35,19576.5,19563.65,19572.25,10:20:00,19608.81570181134,2,14
2023-09-27,19561.85,19566.05,19559.7,19564.6,10:25:00,19604.342777829308,2,15
2023-09-27,19560.2,19570.65,19560.2,19561.45,10:30:00,19600.13870375033,2,16
2023-09-27,19566.15,19569.3,19554.55,19559.4,10:35:00,19596.90168434554,2,17
2023-09-27,19576.05,19576.3,19564.5,19566.05,10:40:00,19594.915809645965,2,18
2023-09-27,19576.0,19580.25,19566.4,19576.0,10:45:00,19593.1143039654,2,19
2023-09-27,19575.0,19578.85,19573.45,19576.0,10:50:00,19591.38913215917,2,20
2023-09-27,19586.8,19587.0,19573.7,19574.95,10:55:00,19590.952071953536,2,21
2023-09-27,19591.6,19594.0,19585.6,19585.6,11:00:00,19591.01377938653,2,22
2023-09-27,19607.1,19607.15,19590.95,19591.35,11:05:00,19592.545800397336,2,23
2023-09-27,19627.4,19630.8,19607.3,19607.3,11:10:00,19595.86524797854,2,24
2023-09-27,19628.25,19634.2,19620.95,19628.85,11:15:00,19598.94951007582,2,25
2023-09-27,19624.55,19633.55,19623.15,19628.4,11:20:00,19601.387651973364,2,26
2023-09-27,19619.35,19625.65,19617.2,19624.9,11:25:00,19603.098351785426,2,27
2023-09-27,19629.25,19630.35,19617.0,19618.15,11:30:00,19605.58898494872,2,28
2023-09-27,19653.15,19656.95,19628.4,19628.5,11:35:00,19610.1186054298,2,29
2023-09-27,19650.3,19653.95,19646.65,19653.3,11:40:00,19613.94540491268,2,30
2023-09-27,19651.9,19656.0,19650.1,19650.1,11:45:00,19617.56012825432,2,31
2023-09-27,19638.25,19653.3,19631.6,19652.5,11:50:00,19619.530592230098,2,32
2023-09-27,19636.85,19643.2,19632.45,19638.6,11:55:00,19621.18005963676,2,33
2023-09-27,19640.55,19648.0,19634.05,19636.75,12:00:00,19623.024815861827,2,34
2023-09-27,19658.5,19660.6,19640.1,19640.85,12:05:00,19626.403404827368,2,35
2023-09-27,19648.9,19663.3,19648.85,19658.8,12:10:00,19628.54593770095,2,36
2023-09-27,19663.2,19663.8,19648.5,19648.95,12:15:00,19631.84632458657,2,37
2023-09-27,19659.7,19665.1,19650.9,19660.55,12:20:00,19634.49905557833,2,38
2023-09-27,19651.85,19661.15,19651.2,19657.75,12:25:00,19636.15152647563,2,39
2023-09-27,19656.6,19661.2,19647.25,19650.85,12:30:00,19638.09900014462,2,40
2023-09-27,19652.7,19657.4,19646.4,19655.4,12:35:00,19639.489571559418,2,41
2023-09-27,19655.9,19656.8,19647.05,19652.45,12:40:00,19641.05246950614,2,42
2023-09-27,19669.2,19669.9,19654.15,19656.1,12:45:00,19643.73318669603,2,43
2023-09-27,19667.55,19669.45,19661.15,19669.15,12:50:00,19646.00145462974,2,44
2023-09-27,19669.4,19671.8,19665.55,19667.6,12:55:00,19648.229887522142,2,45
2023-09-27,19669.85,19671.15,19663.8,19670.3,13:00:00,19650.28894585337,2,46
2023-09-27,19682.0,19684.85,19667.15,19670.15,13:05:00,19653.309046248287,2,47
2023-09-27,19683.35,19686.0,19679.3,19682.6,13:10:00,19656.170089462736,2,48
2023-09-27,19678.7,19684.3,19674.95,19683.75,13:15:00,19658.31579522819,2,49
2023-09-27,19690.75,19691.55,19677.15,19678.85,13:20:00,19661.40476711122,2,50
2023-09-27,19697.15,19699.4,19688.2,19690.95,13:25:00,19664.8090750054,2,51
2023-09-27,19712.7,19712.8,19692.2,19696.8,13:30:00,19669.37011548107,2,52
2023-09-27,19692.95,19714.6,19691.95,19714.6,13:35:00,19671.615818768587,2,53
2023-09-27,19682.95,19695.55,19680.85,19693.15,13:40:00,19672.69526460015,2,54
2023-09-27,19694.65,19700.05,19681.7,19683.0,13:45:00,19674.786191781088,2,55
2023-09-27,19702.5,19704.5,19694.35,19695.5,13:50:00,19677.425602087653,2,56
2023-09-27,19698.8,19707.3,19690.05,19702.0,13:55:00,19679.461259031686,2,57
2023-09-27,19701.95,19707.6,19698.25,19700.75,14:00:00,19681.60304388581,2,58
2023-09-27,19696.95,19704.15,19694.75,19701.85,14:05:00,19683.064658753832,2,59
2023-09-27,19692.6,19699.0,19687.8,19697.5,14:10:00,19683.97278649156,2,60
2023-09-27,19682.5,19696.4,19681.65,19693.85,14:15:00,19683.832521111413,2,61
2023-09-27,19686.5,19688.8,19675.35,19683.7,14:20:00,19684.08656671985,2,62
2023-09-27,19701.4,19703.0,19685.75,19687.4,14:25:00,19685.735465127484,2,63
2023-09-27,19696.25,19702.7,19690.75,19702.45,14:30:00,19686.73684940105,2,64
2023-09-27,19692.15,19697.45,19689.25,19697.45,14:35:00,19687.252387553337,2,65
2023-09-27,19715.85,19716.55,19691.8,19693.05,14:40:00,19689.97596969112,2,66
2023-09-27,19713.3,19720.9,19709.45,19717.0,14:45:00,19692.19730591101,2,67
2023-09-27,19721.2,19721.55,19710.6,19714.55,14:50:00,19694.95946725282,2,68
2023-09-27,19725.7,19727.3,19717.75,19721.15,14:55:00,19697.887137038266,2,69
2023-09-27,19713.95,19730.45,19708.7,19727.4,15:00:00,19699.416933510813,2,70
2023-09-27,19719.7,19721.6,19710.5,19713.6,15:05:00,19701.34865412883,2,71
2023-09-27,19709.35,19718.9,19709.35,19718.3,15:10:00,19702.11068706894,2,72
2023-09-27,19714.2,19715.5,19708.15,19709.7,15:15:00,19703.26205020523,2,73
2023-09-27,19721.35,19722.35,19713.8,19713.8,15:20:00,19704.98471209045,2,74
2023-09-27,19727.65,19730.05,19721.85,19722.0,15:25:00,19707.143310938976,2,75
2023-09-28,19751.85,19766.15,19739.15,19761.8,09:15:00,19716.110737526007,3,1
2023-09-28,19754.2,19754.55,19729.6,19750.85,09:20:00,19719.738286333053,3,2
2023-09-28,19732.3,19754.8,19726.05,19754.8,09:25:00,19720.93464001562,3,3
2023-09-28,19731.9,19736.95,19720.5,19732.35,09:30:00,19721.97896001413,3,4
2023-09-28,19704.65,19734.5,19700.3,19733.0,09:35:00,19720.328582869934,3,5
2023-09-28,19686.95,19716.1,19686.95,19704.65,09:40:00,19717.14967021565,3,6
2023-09-28,19698.85,19706.15,19674.7,19687.6,09:45:00,19715.40684448083,3,7
2023-09-28,19691.05,19702.3,19682.75,19700.6,09:50:00,19713.087145006462,3,8
2023-09-28,19680.8,19693.95,19675.15,19692.55,09:55:00,19710.01217881537,3,9
2023-09-28,19700.55,19706.4,19677.9,19680.4,10:00:00,19709.1110189282,3,10
2023-09-28,19727.3,19731.75,19698.7,19700.35,10:05:00,19710.843302839792,3,11
2023-09-28,19732.2,19738.1,19719.4,19727.9,10:10:00,19712.877273997907,3,12
2023-09-28,19734.95,19737.6,19727.4,19732.2,10:15:00,19714.979438379058,3,13
2023-09-28,19719.1,19749.9,19709.85,19734.5,10:20:00,19715.37187281915,3,14
2023-09-28,19713.25,19732.55,19697.85,19720.9,10:25:00,19715.169789693515,3,15
2023-09-28,19712.15,19718.2,19699.65,19714.15,10:30:00,19714.88219067508,3,16
2023-09-28,19705.8,19717.45,19702.95,19710.05,10:35:00,19714.0172201346,3,17
2023-09-28,19688.1,19710.15,19687.2,19706.05,10:40:00,19711.54891345512,3,18
2023-09-28,19702.2,19706.55,19688.1,19689.0,10:45:00,19710.658540745106,3,19
2023-09-28,19696.5,19706.15,19694.6,19702.05,10:50:00,19709.31010829319,3,20
2023-09-28,19692.0,19696.8,19688.0,19696.8,10:55:00,19707.661526550983,3,21
2023-09-28,19685.45,19692.1,19683.25,19691.8,11:00:00,19705.546143069936,3,22
2023-09-28,19673.9,19699.4,19671.6,19685.7,11:05:00,19702.532224682323,3,23
2023-09-28,19659.05,19675.65,19659.05,19674.65,11:10:00,19698.391060426864,3,24
2023-09-28,19667.85,19668.55,19658.35,19659.7,11:15:00,19695.482388005257,3,25
2023-09-28,19651.9,19668.45,19643.5,19665.65,11:20:00,19691.331684385703,3,26
2023-09-28,19640.9,19660.8,19640.9,19651.75,11:25:00,19686.52866682516,3,27
2023-09-28,19635.45,19652.75,19634.05,19639.95,11:30:00,19681.66403188943,3,28
2023-09-28,19641.25,19641.55,19631.3,19634.95,11:35:00,19677.81507647139,3,29
2023-09-28,19637.3,19648.1,19634.15,19641.1,11:40:00,19673.95649775983,3,30
2023-09-28,19640.4,19650.1,19637.1,19637.75,11:45:00,19670.76064083032,3,31
2023-09-28,19647.55,19654.6,19639.55,19640.55,11:50:00,19668.550103608388,3,32
2023-09-28,19628.5,19648.05,19626.95,19648.05,11:55:00,19664.735808026635,3,33
2023-09-28,19625.05,19631.75,19620.9,19627.9,12:00:00,19660.956207262192,3,34
2023-09-28,19621.15,19635.4,19621.15,19625.7,12:05:00,19657.16513990389,3,35
2023-09-28,19629.8,19633.95,19620.35,19622.0,12:10:00,19654.55893610352,3,36
2023-09-28,19631.9,19636.65,19628.65,19629.7,12:15:00,19652.4009421889,3,37
2023-09-28,19625.2,19633.95,19622.35,19632.6,12:20:00,19649.810376266145,3,38
2023-09-28,19616.55,19626.7,19610.6,19625.1,12:25:00,19646.64272138365,3,39
2023-09-28,19621.0,19626.3,19614.5,19616.2,12:30:00,19644.20055744236,3,40
2023-09-28,19605.75,19621.95,19604.6,19621.45,12:35:00,19640.538599590705,3,41
2023-09-28,19612.75,19613.55,19598.4,19604.65,12:40:00,19637.89206629635,3,42
2023-09-28,19609.65,19617.5,19603.85,19612.35,12:45:00,19635.202345696696,3,43
2023-09-28,19610.3,19613.0,19606.2,19609.25,12:50:00,19632.830693725584,3,44
2023-09-28,19613.5,19620.95,19602.3,19610.1,12:55:00,19630.98967527553,3,45
2023-09-28,19609.3,19619.8,19606.05,19613.7,13:00:00,19628.923991915955,3,46
2023-09-28,19597.5,19615.95,19596.4,19609.3,13:05:00,19625.931230781105,3,47
2023-09-28,19591.4,19599.6,19587.1,19597.7,13:10:00,19622.642542135283,3,48
2023-09-28,19577.4,19592.85,19574.55,19591.05,13:15:00,19618.33372859859,3,49
2023-09-28,19573.8,19584.2,19572.0,19577.1,13:20:00,19614.09242111301,3,50
2023-09-28,19567.45,19577.1,19562.6,19573.3,13:25:00,19609.65028576892,3,51
2023-09-28,19563.35,19567.4,19557.9,19566.55,13:30:00,19605.240734743307,3,52
2023-09-28,19570.75,19583.3,19563.0,19563.45,13:35:00,19601.955902863,3,53
2023-09-28,19583.0,19586.6,19568.25,19570.55,13:40:00,19600.15057878081,3,54
2023-09-28,19569.3,19583.8,19567.8,19583.8,13:45:00,19597.212428420728,3,55
2023-09-28,19557.25,19575.8,19557.05,19570.5,13:50:00,19593.406482856848,3,56
2023-09-28,19559.45,19562.0,19553.8,19556.1,13:55:00,19590.172532108576,3,57
2023-09-28,19545.95,19563.25,19543.2,19560.05,14:00:00,19585.96086238395,3,58
2023-09-28,19542.2,19551.2,19540.6,19547.95,14:05:00,19581.793161204525,3,59
2023-09-28,19551.4,19553.35,19540.2,19542.15,14:10:00,19578.89857442314,3,60
2023-09-28,19575.5,19575.5,19548.2,19551.25,14:15:00,19578.574900668555,3,61
2023-09-28,19549.5,19578.45,19549.5,19573.55,14:20:00,19575.80586250964,3,62
2023-09-28,19545.95,19558.05,19542.4,19549.8,14:25:00,19572.962447032533,3,63
2023-09-28,19542.55,19549.0,19536.9,19545.0,14:30:00,19570.066023505624,3,64
2023-09-28,19542.6,19550.5,19539.1,19541.65,14:35:00,19567.450211743184,3,65
2023-09-28,19537.2,19551.4,19534.95,19541.5,14:40:00,19564.56923919621,3,66
2023-09-28,19535.25,19539.95,19526.4,19537.0,14:45:00,19561.776930701337,3,67
2023-09-28,19533.4,19540.85,19529.65,19534.2,14:50:00,19559.07436587264,3,68
2023-09-28,19521.7,19532.95,19518.15,19532.9,14:55:00,19555.5149024562,3,69
2023-09-28,19514.35,19522.25,19506.2,19522.25,15:00:00,19551.59443555561,3,70
2023-09-28,19506.35,19516.0,19504.75,19514.85,15:05:00,19547.28544169317,3,71
2023-09-28,19500.85,19508.85,19493.1,19506.95,15:10:00,19542.86301867477,3,72
2023-09-28,19535.7,19539.55,19499.8,19499.85,15:15:00,19542.18082642003,3,73
2023-09-28,19549.35,19549.5,19531.4,19536.4,15:20:00,19542.86360485621,3,74
2023-09-28,19553.3,19557.5,19545.05,19547.9,15:25:00,19543.85754725086,3,75
2023-09-29,19581.9,19599.6,19566.7,19581.2,09:15:00,19550.69835500581,4,1
2023-09-29,19571.9,19581.8,19562.1,19581.8,09:20:00,19552.71755929097,4,2
2023-09-29,19565.35,19577.1,19557.55,19570.2,09:25:00,19553.920648882304,4,3
2023-09-29,19564.0,19570.6,19551.3,19565.8,09:30:00,19554.88058708399,4,4
2023-09-29,19567.3,19568.7,19557.35,19564.65,09:35:00,19556.063388314084,4,5
2023-09-29,19579.95,19580.1,19564.4,19565.75,09:40:00,19558.338303712742,4,6
2023-09-29,19591.35,19594.15,19579.5,19579.5,09:45:00,19561.48227478772,4,7
2023-09-29,19593.7,19596.9,19588.35,19592.35,09:50:00,19564.55062956984,4,8
2023-09-29,19581.9,19595.35,19581.1,19592.95,09:55:00,19566.20295056319,4,9
2023-09-29,19599.4,19602.5,19576.25,19582.65,10:00:00,19569.364574319075,4,10
2023-09-29,19597.35,19607.75,19594.5,19598.9,10:05:00,19572.029852955355,4,11
2023-09-29,19596.75,19599.7,19590.3,19597.35,10:10:00,19574.38415267389,4,12
2023-09-29,19598.7,19607.75,19597.45,19597.45,10:15:00,19576.69994765733,4,13
2023-09-29,19596.05,19603.8,19591.4,19599.2,10:20:00,19578.5428097852,4,14
2023-09-29,19584.25,19595.0,19575.2,19595.0,10:25:00,19579.086351710423,4,15
2023-09-29,19588.65,19591.6,19582.75,19584.7,10:30:00,19579.997175357046,4,16
2023-09-29,19588.9,19601.9,19587.45,19588.9,10:35:00,19580.84506341828,4,17
2023-09-29,19588.85,19591.95,19583.65,19587.55,10:40:00,19581.607438330822,4,18
2023-09-29,19586.8,19592.15,19582.7,19588.85,10:45:00,19582.1019680136,4,19
2023-09-29,19582.25,19592.45,19574.25,19586.4,10:50:00,19582.116066298026,4,20
2023-09-29,19584.65,19584.85,19577.9,19582.55,10:55:00,19582.35739331726,4,21
2023-09-29,19587.05,19595.85,19579.95,19584.9,11:00:00,19582.804308239425,4,22
2023-09-29,19589.75,19589.75,19583.65,19585.85,11:05:00,19583.46580269281,4,23
2023-09-29,19608.2,19610.6,19589.2,19589.35,11:10:00,19585.8214405316,4,24
2023-09-29,19606.8,19608.8,19602.9,19607.75,11:15:00,19587.819398576205,4,25
2023-09-29,19616.05,19616.25,19602.2,19606.6,11:20:00,19590.508027283235,4,26
2023-09-29,19614.0,19615.95,19610.7,19615.65,11:25:00,19592.745358018165,4,27
2023-09-29,19632.9,19635.55,19612.85,19614.15,11:30:00,19596.56960963548,4,28
2023-09-29,19648.65,19650.65,19632.15,19633.25,11:35:00,19601.52964681305,4,29
2023-09-29,19666.8,19667.85,19645.15,19649.0,11:40:00,19607.745870926097,4,30
2023-09-29,19671.6,19675.8,19665.5,19665.75,11:45:00,19613.827216552185,4,31
2023-09-29,19665.2,19676.55,19661.3,19670.5,11:50:00,19618.71986259484,4,32
2023-09-29,19663.8,19667.8,19658.5,19663.95,11:55:00,19623.01320901437,4,33
2023-09-29,19668.6,19673.45,19663.15,19663.75,12:00:00,19627.354808155866,4,34
2023-09-29,19674.4,19675.75,19666.45,19668.5,12:05:00,19631.83530261721,4,35
2023-09-29,19666.75,19676.7,19662.8,19674.3,12:10:00,19635.16051189176,4,36
2023-09-29,19665.55,19678.55,19663.65,19666.05,12:15:00,19638.05474885445,4,37
2023-09-29,19671.0,19676.75,19665.0,19665.7,12:20:00,19641.192391820696,4,38
2023-09-29,19676.85,19680.4,19669.75,19669.9,12:25:00,19644.58835450444,4,39
2023-09-29,19678.75,19682.95,19669.95,19676.45,12:30:00,19647.84184455164,4,40
2023-09-29,19676.45,19684.2,19674.0,19677.8,12:35:00,19650.566430784816,4,41
2023-09-29,19673.65,19678.6,19667.1,19675.05,12:40:00,19652.764865948167,4,42
2023-09-29,19669.2,19675.1,19665.1,19673.1,12:45:00,19654.330116810248,4,43
2023-09-29,19664.2,19669.3,19652.2,19667.75,12:50:00,19655.270105685464,4,44
2023-09-29,19658.75,19667.2,19655.2,19662.1,12:55:00,19655.60152419161,4,45
2023-09-29,19671.25,19671.25,19658.25,19658.65,13:00:00,19657.09185522098,4,46
2023-09-29,19666.25,19673.2,19663.65,19672.5,13:05:00,19657.96405948565,4,47
2023-09-29,19667.6,19669.1,19657.65,19666.3,13:10:00,19658.881768106065,4,48
2023-09-29,19666.85,19670.0,19661.3,19667.85,13:15:00,19659.640647334058,4,49
2023-09-29,19668.1,19671.85,19658.95,19666.75,13:20:00,19660.44629996891,4,50
2023-09-29,19677.35,19677.95,19666.7,19668.0,13:25:00,19662.056176162347,4,51
2023-09-29,19680.85,19683.8,19675.4,19676.8,13:30:00,19663.846064146885,4,52
2023-09-29,19685.2,19689.35,19677.3,19680.9,13:35:00,19665.879772323373,4,53
2023-09-29,19677.15,19686.7,19674.75,19684.5,13:40:00,19666.953127340195,4,54
2023-09-29,19688.45,19689.4,19676.7,19677.55,13:45:00,19669.00044854589,4,55
2023-09-29,19696.1,19699.7,19686.6,19687.7,13:50:00,19671.581358208183,4,56
2023-09-29,19700.25,19703.75,19691.85,19696.3,13:55:00,19674.3117050455,4,57
2023-09-29,19713.15,19718.25,19699.5,19699.95,14:00:00,19678.010590279264,4,58
2023-09-29,19710.05,19715.5,19704.4,19713.65,14:05:00,19681.061962633623,4,59
2023-09-29,19710.55,19716.35,19707.15,19709.7,14:10:00,19683.870347144708,4,60
2023-09-29,19712.85,19713.7,19702.55,19709.55,14:15:00,19686.630314083308,4,61
2023-09-29,19716.5,19720.65,19711.5,19712.4,14:20:00,19689.47504607537,4,62
2023-09-29,19714.65,19716.5,19704.3,19715.75,14:25:00,19691.87266073486,4,63
2023-09-29,19722.9,19725.95,19714.7,19714.7,14:30:00,19694.827645426783,4,64
2023-09-29,19721.85,19725.5,19714.15,19722.55,14:35:00,19697.401203005185,4,65
2023-09-29,19707.0,19724.0,19705.15,19721.4,14:40:00,19698.315374147547,4,66
2023-09-29,19690.75,19710.25,19689.4,19706.15,14:45:00,19697.59486232397,4,67
2023-09-29,19681.75,19694.25,19680.15,19689.95,14:50:00,19696.085827816925,4,68
2023-09-29,19683.4,19688.5,19674.95,19681.5,14:55:00,19694.87765373912,4,69
2023-09-29,19645.45,19685.3,19644.95,19682.25,15:00:00,19690.17025814492,4,70
2023-09-29,19632.0,19657.5,19631.65,19644.8,15:05:00,19684.63023355969,4,71
2023-09-29,19623.8,19636.4,19623.75,19632.45,15:10:00,19678.836877982576,4,72
2023-09-29,19634.15,19635.0,19618.55,19624.35,15:15:00,19674.58098484138,4,73
2023-09-29,19626.05,19641.55,19625.55,19634.7,15:20:00,19669.95898628506,4,74
2023-09-29,19638.2,19640.9,19623.7,19626.45,15:25:00,19666.93432092457,4,75
2023-10-03,19534.25,19622.4,19531.1,19622.4,09:15:00,19650.460294453,1,1
2023-10-03,19530.55,19544.8,19526.7,19532.95,09:20:00,19639.04026640986,1,2
2023-10-03,19530.8,19537.9,19522.05,19528.6,09:25:00,19628.73166960892,1,3
2023-10-03,19516.65,19535.55,19516.65,19530.25,09:30:00,19618.05722488425,1,4
2023-10-03,19509.95,19518.85,19509.95,19516.3,09:35:00,19607.761298704805,1,5
2023-10-03,19525.65,19531.3,19498.4,19510.25,09:40:00,19599.94117501864,1,6
2023-10-03,19511.15,19526.45,19506.7,19526.35,09:45:00,19591.48487263591,1,7
2023-10-03,19495.15,19517.75,19495.15,19509.75,09:50:00,19582.31012286106,1,8
2023-10-03,19500.45,19507.1,19493.9,19496.05,09:55:00,19574.513920683818,1,9
2023-10-03,19485.95,19503.55,19483.3,19500.3,10:00:00,19566.07926157107,1,10
2023-10-03,19486.1,19489.95,19480.1,19485.85,10:05:00,19558.46218904049,1,11
2023-10-03,19488.65,19497.55,19483.45,19486.65,10:10:00,19551.81340913187,1,12
2023-10-03,19514.6,19520.45,19488.1,19489.25,10:15:00,19548.26927492884,1,13
2023-10-03,19511.15,19516.1,19503.6,19514.4,10:20:00,19544.734105888,1,14
2023-10-03,19527.8,19528.5,19510.4,19511.05,10:25:00,19543.12133389866,1,15
2023-10-03,19518.7,19529.6,19517.45,19527.0,10:30:00,19540.79549257498,1,16
2023-10-03,19514.05,19521.25,19506.75,19518.05,10:35:00,19538.248302805936,1,17
2023-10-03,19502.8,19519.3,19502.8,19514.85,10:40:00,19534.87227396728,1,18
2023-10-03,19500.0,19507.15,19497.75,19503.75,10:45:00,19531.55110501801,1,19
2023-10-03,19514.75,19514.8,19499.3,19499.9,10:50:00,19529.950999778204,1,20
2023-10-03,19511.3,19517.4,19509.4,19514.8,10:55:00,19528.17471408504,1,21
2023-10-03,19506.35,19515.1,19505.75,19511.6,11:00:00,19526.096169886467,1,22
2023-10-03,19511.65,19516.2,19504.75,19506.0,11:05:00,19524.720344182995,1,23
2023-10-03,19510.35,19513.45,19509.0,19511.7,11:10:00,19523.35173997509,1,24
2023-10-03,19516.15,19518.9,19509.8,19510.95,11:15:00,19522.665859977464,1,25
2023-10-03,19527.3,19531.0,19510.85,19516.75,11:20:00,19523.10720664628,1,26
2023-10-03,19527.55,19538.45,19525.95,19528.35,11:25:00,19523.53032982282,1,27
2023-10-03,19530.55,19534.95,19528.4,19529.5,11:30:00,19524.198869839696,1,28
2023-10-03,19530.75,19532.5,19516.6,19530.9,11:35:00,19524.82278699782,1,29
2023-10-03,19526.25,19536.1,19526.25,19530.65,11:40:00,19524.958712045645,1,30
2023-10-03,19511.0,19527.6,19504.15,19527.0,11:45:00,19523.629310898443,1,31
2023-10-03,19514.95,19515.1,19505.95,19509.3,11:50:00,19522.80270986049,1,32
2023-10-03,19509.25,19515.1,19509.25,19513.75,11:55:00,19521.511975588062,1,33
2023-10-03,19513.5,19515.45,19507.3,19508.7,12:00:00,19520.748930293965,1,34
2023-10-03,19524.2,19526.1,19513.6,19513.6,12:05:00,19521.077603599304,1,35
2023-10-03,19522.85,19526.8,19519.45,19524.65,12:10:00,19521.24640325651,1,36
2023-10-03,19536.15,19537.1,19520.75,19523.4,12:15:00,19522.665793422555,1,37
2023-10-03,19527.15,19540.25,19525.8,19535.95,12:20:00,19523.09286071565,1,38
2023-10-03,19529.6,19535.0,19526.4,19527.9,12:25:00,19523.71258826654,1,39
2023-10-03,19525.0,19536.3,19524.7,19530.25,12:30:00,19523.835198907826,1,40
2023-10-03,19529.15,19531.7,19521.65,19525.2,12:35:00,19524.34137044041,1,41
2023-10-03,19532.6,19535.55,19529.1,19529.7,12:40:00,19525.127906588943,1,42
2023-10-03,19539.15,19542.15,19532.7,19533.1,12:45:00,19526.46334405666,1,43
2023-10-03,19536.55,19541.45,19532.75,19539.95,12:50:00,19527.423977956027,1,44
2023-10-03,19538.65,19538.65,19528.35,19537.05,12:55:00,19528.4931229126,1,45
2023-10-03,19534.5,19543.45,19533.7,19538.85,13:00:00,19529.065206444728,1,46
2023-10-03,19543.6,19543.6,19530.55,19532.4,13:05:00,19530.44947249761,1,47
2023-10-03,19550.55,19552.6,19542.55,19543.9,13:10:00,19532.36380845022,1,48
2023-10-03,19553.45,19555.85,19542.75,19550.9,13:15:00,19534.372017169248,1,49
2023-10-03,19551.5,19554.55,19548.7,19553.2,13:20:00,19536.00325362932,1,50
2023-10-03,19537.9,19552.1,19537.5,19551.6,13:25:00,19536.18389614081,1,51
2023-10-03,19545.5,19546.3,19535.95,19538.35,13:30:00,19537.0711441274,1,52
2023-10-03,19542.0,19548.2,19539.85,19544.8,13:35:00,19537.54055897241,1,53
2023-10-03,19553.15,19553.6,19540.3,19543.0,13:40:00,19539.02717240361,1,54
2023-10-03,19560.15,19562.15,19553.2,19553.3,13:45:00,19541.03887026993,1,55
2023-10-03,19564.55,19567.5,19554.15,19560.6,13:50:00,19543.278025482323,1,56
2023-10-03,19557.1,19565.95,19551.55,19565.9,13:55:00,19544.59440400781,1,57
2023-10-03,19548.6,19558.65,19545.5,19557.6,14:00:00,19544.975889340403,1,58
2023-10-03,19525.5,19550.4,19524.5,19548.4,14:05:00,19543.121042736555,1,59
2023-10-03,19518.85,19533.7,19517.7,19525.9,14:10:00,19540.809514856883,1,60
2023-10-03,19522.45,19523.4,19505.7,19521.05,14:15:00,19539.060989632417,1,61
2023-10-03,19532.45,19535.05,19519.3,19521.9,14:20:00,19538.431371572187,1,62
2023-10-03,19530.35,19534.3,19520.8,19532.95,14:25:00,19537.66171713674,1,63
2023-10-03,19525.45,19534.6,19525.0,19531.05,14:30:00,19536.49869645705,1,64
2023-10-03,19527.75,19529.8,19521.5,19525.4,14:35:00,19535.665487270664,1,65
2023-10-03,19524.8,19529.65,19520.35,19527.55,14:40:00,19534.630678959173,1,66
2023-10-03,19530.35,19533.7,19522.85,19524.5,14:45:00,19534.222995248776,1,67
2023-10-03,19530.65,19533.6,19525.35,19530.6,14:50:00,19533.88270998699,1,68
2023-10-03,19530.15,19534.0,19525.25,19530.4,14:55:00,19533.52721379775,1,69
2023-10-03,19535.1,19542.9,19531.1,19531.25,15:00:00,19533.67700295987,1,70
2023-10-03,19529.6,19535.15,19529.6,19534.7,15:05:00,19533.28871696369,1,71
2023-10-03,19528.65,19531.95,19525.45,19530.6,15:10:00,19532.84693439572,1,72
2023-10-03,19530.25,19532.2,19525.95,19529.7,15:15:00,19532.59960731041,1,73
2023-10-03,19517.05,19531.75,19514.9,19531.75,15:20:00,19531.118692328462,1,74
2023-10-03,19522.95,19531.15,19516.5,19517.15,15:25:00,19530.34072163052,1,75
2023-10-04,19405.25,19450.75,19399.45,19446.3,09:15:00,19511.18571543904,2,1
2023-10-04,19393.3,19406.0,19376.9,19406.0,09:20:00,19499.958504444843,2,2
2023-10-04,19396.9,19405.8,19391.25,19394.9,09:25:00,19490.143408783428,2,3
2023-10-04,19379.3,19396.1,19375.7,19396.1,09:30:00,19479.5868936612,2,4
2023-10-04,19394.5,19396.9,19376.85,19379.0,09:35:00,19471.483379979178,2,5
2023-10-04,19394.2,19404.9,19394.15,19394.6,09:40:00,19464.1230580764,2,6
2023-10-04,19411.75,19413.5,19392.5,19394.15,09:45:00,19459.135147783407,2,7
2023-10-04,19406.95,19414.0,19406.6,19411.55,09:50:00,19454.1651337088,2,8
2023-10-04,19400.65,19406.7,19398.15,19406.35,09:55:00,19449.06845430796,2,9
2023-10-04,19395.35,19402.5,19389.15,19400.7,10:00:00,19443.952411040536,2,10
2023-10-04,19393.95,19398.05,19391.6,19395.5,10:05:00,19439.19027665572,2,11
2023-10-04,19392.95,19398.55,19385.65,19394.2,10:10:00,19434.786440783748,2,12
2023-10-04,19392.6,19394.65,19385.3,19392.6,10:15:00,19430.76868451863,2,13
2023-10-04,19407.3,19411.75,19389.6,19393.1,10:20:00,19428.53357170733,2,14
2023-10-04,19405.1,19417.8,19405.1,19408.8,10:25:00,19426.301802973296,2,15
2023-10-04,19425.6,19429.1,19404.5,19405.5,10:30:00,19426.234964594885,2,16
2023-10-04,19420.8,19426.8,19417.3,19426.0,10:35:00,19425.71734891918,2,17
2023-10-04,19411.8,19426.95,19410.9,19419.85,10:40:00,19424.39188711736,2,18
2023-10-04,19412.85,19414.5,19406.8,19411.8,10:45:00,19423.292659772844,2,19
2023-10-04,19420.8,19420.95,19405.35,19413.0,10:50:00,19423.055263604,2,20
2023-10-04,19419.45,19423.45,19414.6,19420.3,10:55:00,19422.711905165525,2,21
2023-10-04,19421.05,19422.75,19416.6,19419.7,11:00:00,19422.55362848309,2,22
2023-10-04,19423.1,19423.75,19414.6,19420.9,11:05:00,19422.605663865656,2,23
2023-10-04,19420.25,19424.3,19414.0,19422.2,11:10:00,19422.381314926068,2,24
2023-10-04,19422.35,19424.55,19417.45,19420.85,11:15:00,19422.37833255216,2,25
2023-10-04,19416.05,19424.55,19416.05,19422.25,11:20:00,19421.77563421386,2,26
2023-10-04,19402.0,19417.3,19393.65,19417.3,11:25:00,19419.892240479207,2,27
2023-10-04,19405.75,19406.85,19394.85,19401.85,11:30:00,19418.54536043357,2,28
2023-10-04,19402.0,19407.9,19398.85,19405.85,11:35:00,19416.96961182085,2,29
2023-10-04,19395.95,19405.05,19394.05,19401.95,11:40:00,19414.96774402839,2,30
2023-10-04,19378.3,19397.2,19378.3,19397.1,11:45:00,19411.475577930447,2,31
2023-10-04,19360.8,19380.75,19360.8,19376.95,11:50:00,19406.64933241326,2,32
2023-10-04,19362.0,19365.55,19355.6,19360.25,11:55:00,19402.39701504057,2,33
2023-10-04,19371.65,19376.2,19357.05,19362.8,12:00:00,19399.46872789385,2,34
2023-10-04,19364.85,19375.35,19364.85,19371.25,12:05:00,19396.171706189674,2,35
2023-10-04,19370.7,19373.45,19361.2,19365.3,12:10:00,19393.745829409705,2,36
2023-10-04,19373.55,19378.95,19366.45,19370.8,12:15:00,19391.82241708497,2,37
2023-10-04,19369.55,19373.85,19362.05,19373.25,12:20:00,19389.70123450545,2,38
2023-10-04,19361.4,19371.8,19359.85,19369.7,12:25:00,19387.005878838267,2,39
2023-10-04,19352.65,19361.9,19347.6,19361.4,12:30:00,19383.73389037748,2,40
2023-10-04,19357.45,19364.1,19351.45,19353.2,12:35:00,19381.23066272248,2,41
2023-10-04,19362.7,19365.25,19356.0,19357.55,12:40:00,19379.46583770129,2,42
2023-10-04,19360.45,19368.75,19358.75,19362.1,12:45:00,19377.65480553926,2,43
2023-10-04,19358.35,19364.2,19355.6,19360.9,12:50:00,19375.81625263076,2,44
2023-10-04,19353.45,19360.65,19352.95,19358.65,12:55:00,19373.686133332594,2,45
2023-10-04,19345.15,19355.2,19341.2,19353.65,13:00:00,19370.96840634854,2,46
2023-10-04,19342.3,19345.95,19334.55,19343.6,13:05:00,19368.2380819344,2,47
2023-10-04,19357.0,19358.85,19341.85,19342.7,13:10:00,19367.16778841683,2,48
2023-10-04,19367.2,19367.85,19352.95,19357.3,13:15:00,19367.17085618665,2,49
2023-10-04,19359.35,19368.95,19354.9,19367.3,13:20:00,19366.42601274031,2,50
2023-10-04,19350.8,19359.8,19349.25,19358.95,13:25:00,19364.93782105076,2,51
2023-10-04,19344.9,19355.55,19343.1,19350.45,13:30:00,19363.02945714116,2,52
2023-10-04,19351.95,19356.65,19343.55,19343.55,13:35:00,19361.974270746763,2,53
2023-10-04,19352.1,19357.55,19348.55,19351.85,13:40:00,19361.033864008976,2,54
2023-10-04,19352.85,19358.3,19348.65,19351.7,13:45:00,19360.25444838907,2,55
2023-10-04,19354.4,19356.15,19347.4,19351.3,13:50:00,19359.696881875825,2,56
2023-10-04,19355.05,19360.7,19351.0,19354.3,13:55:00,19359.25432169717,2,57
2023-10-04,19361.35,19362.0,19346.45,19354.4,14:00:00,19359.453910106968,2,58
2023-10-04,19374.2,19375.6,19360.45,19360.45,14:05:00,19360.85829962059,2,59
2023-10-04,19383.7,19388.1,19372.75,19374.4,14:10:00,19363.033699656724,2,60
2023-10-04,19386.5,19388.4,19379.2,19383.4,14:15:00,19365.2685854037,2,61
2023-10-04,19389.1,19394.35,19385.2,19386.65,14:20:00,19367.53824393668,2,62
2023-10-04,19394.4,19398.45,19385.7,19389.0,14:25:00,19370.0965064189,2,63
2023-10-04,19384.5,19402.65,19384.25,19394.3,14:30:00,19371.468267712346,2,64
2023-10-04,19398.6,19399.1,19382.3,19383.85,14:35:00,19374.05224221593,2,65
2023-10-04,19418.0,19418.0,19396.6,19398.1,14:40:00,19378.23774295727,2,66
2023-10-04,19425.15,19427.8,19417.3,19418.1,14:45:00,19382.70557696134,2,67
2023-10-04,19422.35,19425.0,19413.5,19425.0,14:50:00,19386.48123629836,2,68
2023-10-04,19408.15,19424.85,19400.65,19422.5,14:55:00,19388.544928079464,2,69
2023-10-04,19432.1,19432.8,19394.15,19407.9,15:00:00,19392.69303016713,2,70
2023-10-04,19440.05,19440.05,19426.7,19432.95,15:05:00,19397.203217770264,2,71
2023-10-04,19444.55,19446.7,19437.25,19440.75,15:10:00,19401.712435125475,2,72
2023-10-04,19444.95,19445.4,19438.15,19444.35,15:15:00,19405.83029844686,2,73
2023-10-04,19446.2,19446.65,19435.0,19445.0,15:20:00,19409.67503192812,2,74
2023-10-04,19446.15,19452.15,19436.8,19444.85,15:25:00,19413.14883841115,2,75
2023-10-05,19536.4,19540.35,19510.85,19521.85,09:15:00,19434.25358427761,3,1
2023-10-05,19531.55,19544.45,19520.85,19536.95,09:20:00,19443.519909584506,3,2
2023-10-05,19522.45,19535.65,19521.75,19531.4,09:25:00,19451.037061052648,3,3
2023-10-05,19535.2,19535.2,19513.8,19523.75,09:30:00,19459.052579047635,3,4
2023-10-05,19533.0,19546.3,19531.8,19534.35,09:35:00,19466.095190566903,3,5
2023-10-05,19543.75,19545.55,19532.65,19532.65,09:40:00,19473.490886703392,3,6
2023-10-05,19537.55,19547.55,19537.2,19543.7,09:45:00,19479.591754636403,3,7
2023-10-05,19535.3,19541.75,19531.0,19537.55,09:50:00,19484.89730181389,3,8
2023-10-05,19536.05,19541.6,19531.7,19535.0,09:55:00,19489.768987355423,3,9
2023-10-05,19528.15,19537.45,19526.35,19536.15,10:00:00,19493.424321893,3,10
2023-10-05,19529.05,19533.45,19527.05,19527.95,10:05:00,19496.81724361748,3,11
2023-10-05,19525.05,19541.6,19522.25,19529.65,10:10:00,19499.50607755867,3,12
2023-10-05,19524.2,19528.0,19519.95,19524.55,10:15:00,19501.85787969594,3,13
2023-10-05,19523.25,19531.1,19523.0,19523.4,10:20:00,19503.8952244868,3,14
2023-10-05,19497.8,19526.6,19493.65,19522.75,10:25:00,19503.31472691663,3,15
2023-10-05,19497.4,19501.6,19490.05,19498.6,10:30:00,19502.75141959124,3,16
2023-10-05,19494.45,19501.9,19493.7,19497.15,10:35:00,19501.960808201595,3,17
2023-10-05,19494.6,19504.3,19488.8,19494.25,10:40:00,19501.25977884906,3,18
2023-10-05,19526.25,19528.2,19487.95,19495.15,10:45:00,19503.639799911056,3,19
2023-10-05,19539.6,19544.4,19521.85,19525.95,10:50:00,19507.06458087191,3,20
2023-10-05,19561.35,19563.3,19540.2,19541.1,10:55:00,19512.23462078887,3,21
2023-10-05,19568.4,19569.05,19559.35,19560.6,11:00:00,19517.583704523266,3,22
2023-10-05,19564.4,19568.85,19563.7,19567.95,11:05:00,19522.04239933057,3,23
2023-10-05,19571.55,19573.35,19563.6,19563.85,11:10:00,19526.75740891814,3,24
2023-10-05,19569.55,19572.55,19564.95,19571.7,11:15:00,19530.83289378308,3,25
2023-10-05,19573.65,19576.45,19568.1,19569.3,11:20:00,19534.910713422785,3,26
2023-10-05,19567.55,19576.3,19563.6,19573.4,11:25:00,19538.01921690633,3,27
2023-10-05,19563.5,19570.5,19559.2,19566.5,11:30:00,19540.44595815335,3,28
2023-10-05,19566.65,19570.8,19557.5,19564.15,11:35:00,19542.94158118636,3,29
2023-10-05,19556.25,19568.0,19550.85,19565.25,11:40:00,19544.209049644804,3,30
2023-10-05,19556.75,19559.95,19549.35,19556.25,11:45:00,19545.403425869103,3,31
2023-10-05,19551.95,19560.95,19549.85,19556.6,11:50:00,19546.026909119668,3,32
2023-10-05,19556.75,19556.85,19545.3,19551.15,11:55:00,19547.048155870176,3,33
2023-10-05,19559.7,19567.45,19553.0,19556.0,12:00:00,19548.253093406347,3,34
2023-10-05,19556.95,19564.2,19553.8,19561.15,12:05:00,19549.08137022479,3,35
2023-10-05,19554.8,19558.15,19548.95,19556.75,12:10:00,19549.62600163195,3,36
2023-10-05,19533.65,19554.2,19530.35,19554.05,12:15:00,19548.104477667,3,37
2023-10-05,19531.15,19538.0,19524.15,19533.6,12:20:00,19546.48976550824,3,38
2023-10-05,19533.7,19536.25,19528.25,19531.9,12:25:00,19545.27169260269,3,39
2023-10-05,19541.1,19543.2,19528.6,19533.1,12:30:00,19544.874388545293,3,40
2023-10-05,19540.35,19547.6,19534.9,19540.85,12:35:00,19544.44349439812,3,41
2023-10-05,19531.7,19540.2,19531.35,19539.25,12:40:00,19543.229828264968,3,42
2023-10-05,19536.35,19542.5,19529.0,19532.35,12:45:00,19542.57460652545,3,43
2023-10-05,19544.65,19549.55,19536.75,19536.75,12:50:00,19542.772263046834,3,44
2023-10-05,19543.35,19548.6,19540.4,19544.6,12:55:00,19542.827285613803,3,45
2023-10-05,19536.7,19546.0,19534.4,19544.5,13:00:00,19542.24373460297,3,46
2023-10-05,19524.4,19538.4,19519.7,19538.05,13:05:00,19540.544331307447,3,47
2023-10-05,19529.35,19529.55,19520.75,19524.55,13:10:00,19539.47820451626,3,48
2023-10-05,19534.65,19534.7,19523.0,19529.15,13:15:00,19539.01837551471,3,49
2023-10-05,19534.55,19541.1,19531.75,19534.55,13:20:00,19538.592815941884,3,50
2023-10-05,19543.8,19544.0,19530.75,19534.05,13:25:00,19539.08873823313,3,51
2023-10-05,19551.15,19552.1,19541.1,19543.6,13:30:00,19540.237429829976,3,52
2023-10-05,19555.9,19558.3,19549.35,19550.5,13:35:00,19541.729103179503,3,53
2023-10-05,19559.2,19560.35,19552.15,19556.1,13:40:00,19543.39299811479,3,54
2023-10-05,19558.15,19560.15,19549.35,19558.05,13:45:00,19544.798426865764,3,55
2023-10-05,19552.85,19558.6,19551.25,19557.2,13:50:00,19545.56524335474,3,56
2023-10-05,19555.6,19560.25,19547.3,19551.85,13:55:00,19546.520934463813,3,57
2023-10-05,19557.5,19559.95,19551.8,19556.8,14:00:00,19547.566559752973,3,58
2023-10-05,19550.65,19560.0,19546.65,19557.05,14:05:00,19547.86022072888,3,59
2023-10-05,19551.6,19555.55,19546.6,19550.1,14:10:00,19548.21639018328,3,60
2023-10-05,19546.3,19554.1,19544.9,19550.05,14:15:00,19548.033876832487,3,61
2023-10-05,19547.7,19552.1,19540.25,19544.0,14:20:00,19548.00207903892,3,62
2023-10-05,19546.95,19550.1,19544.95,19546.6,14:25:00,19547.90188103521,3,63
2023-10-05,19547.45,19550.65,19544.4,19546.2,14:30:00,19547.858844746144,3,64
2023-10-05,19554.3,19561.65,19534.95,19546.45,14:35:00,19548.47228810365,3,65
2023-10-05,19563.0,19563.45,19551.0,19551.75,14:40:00,19549.85587971283,3,66
2023-10-05,19555.25,19564.75,19553.0,19561.05,14:45:00,19550.369605454467,3,67
2023-10-05,19557.4,19561.65,19549.25,19554.05,14:50:00,19551.03916683976,3,68
2023-10-05,19560.25,19564.4,19554.4,19556.8,14:55:00,19551.91638904549,3,69
2023-10-05,19541.75,19558.95,19532.4,19558.95,15:00:00,19550.94816151735,3,70
2023-10-05,19540.3,19550.65,19535.75,19541.65,15:05:00,19549.93405089665,3,71
2023-10-05,19540.2,19551.4,19537.55,19539.05,15:10:00,19549.0069984303,3,72
2023-10-05,19548.7,19553.9,19538.3,19539.35,15:15:00,19548.97776048456,3,73
2023-10-05,19547.05,19549.6,19540.5,19548.4,15:20:00,19548.79416424793,3,74
2023-10-05,19546.6,19551.8,19541.55,19546.7,15:25:00,19548.58519622432,3,75
2023-10-06,19604.8,19621.2,19599.4,19621.2,09:15:00,19560.19604498181,4,1
2023-10-06,19611.7,19616.9,19601.9,19604.1,09:20:00,19565.101183554973,4,2
2023-10-06,19611.85,19617.25,19608.3,19611.45,09:25:00,19569.55345178784,4,3
2023-10-06,19609.0,19619.95,19606.1,19612.5,09:30:00,19573.31026590328,4,4
2023-10-06,19606.15,19617.7,19605.85,19609.75,09:35:00,19576.43785962677,4,5
2023-10-06,19592.2,19607.3,19590.85,19607.3,09:40:00,19577.9390158528,4,6
2023-10-06,19611.3,19612.15,19589.7,19592.25,09:45:00,19581.116252438245,4,7
2023-10-06,19604.5,19616.1,19599.2,19611.7,09:50:00,19583.34327601556,4,8
2023-10-06,19605.15,19609.4,19596.9,19604.65,09:55:00,19585.420106871217,4,9
2023-10-06,19605.05,19614.75,19595.0,19604.7,10:00:00,19587.28962050253,4,10
2023-10-06,19608.25,19614.8,19603.3,19604.65,10:05:00,19589.28584712134,4,11
2023-10-06,19603.45,19616.45,19599.45,19609.05,10:10:00,19590.634814062167,4,12
2023-10-06,19606.5,19611.05,19601.3,19602.45,10:15:00,19592.14578415148,4,13
2023-10-06,19595.25,19611.95,19593.2,19606.4,10:20:00,19592.441423756103,4,14
2023-10-06,19599.65,19606.6,19593.9,19595.35,10:25:00,19593.127954826952,4,15
2023-10-06,19616.8,19619.55,19596.8,19599.85,10:30:00,19595.382435319625,4,16
2023-10-06,19614.35,19616.75,19609.8,19616.35,10:35:00,19597.18887005109,4,17
2023-10-06,19640.45,19640.75,19611.75,19613.85,10:40:00,19601.30897766527,4,18
2023-10-06,19636.8,19649.05,19636.55,19641.25,10:45:00,19604.689075030485,4,19
2023-10-06,19649.55,19653.45,19636.05,19636.1,10:50:00,19608.9615440752,4,20
2023-10-06,19651.45,19658.0,19644.9,19650.45,10:55:00,19613.008063687088,4,21
2023-10-06,19645.9,19654.7,19643.8,19651.3,11:00:00,19616.140629050224,4,22
2023-10-06,19643.15,19647.35,19642.15,19645.9,11:05:00,19618.71295009306,4,23
2023-10-06,19642.45,19647.45,19641.15,19642.8,11:10:00,19620.97362151277,4,24
2023-10-06,19626.75,19644.15,19626.05,19643.55,11:15:00,19621.523752797268,4,25
2023-10-06,19609.8,19628.75,19609.55,19627.9,11:20:00,19620.40720491181,4,26
2023-10-06,19606.5,19616.1,19604.35,19611.45,11:25:00,19619.082709205923,4,27
2023-10-06,19612.9,19614.45,19604.75,19606.15,11:30:00,19618.49387975774,4,28
2023-10-06,19620.15,19624.7,19612.0,19613.3,11:35:00,19618.6516054951,4,29
2023-10-06,19621.65,19626.95,19618.6,19621.05,11:40:00,19618.93716687652,4,30
2023-10-06,19621.0,19623.95,19612.65,19621.35,11:45:00,19619.133627174,4,31
2023-10-06,19622.65,19625.4,19617.35,19621.0,11:50:00,19619.46851982409,4,32
2023-10-06,19624.25,19628.5,19620.85,19622.2,11:55:00,19619.923898888464,4,33
2023-10-06,19619.7,19624.85,19618.75,19624.0,12:00:00,19619.9025751848,4,34
2023-10-06,19621.9,19622.9,19615.0,19620.25,12:05:00,19620.092806119585,4,35
2023-10-06,19624.75,19627.65,19621.35,19621.55,12:10:00,19620.53634839391,4,36
2023-10-06,19619.9,19626.3,19619.2,19624.35,12:15:00,19620.47574378497,4,37
2023-10-06,19620.4,19626.15,19613.25,19619.55,12:20:00,19620.46853009116,4,38
2023-10-06,19632.05,19632.05,19616.4,19618.85,12:25:00,19621.571527225336,4,39
2023-10-06,19634.1,19638.0,19626.6,19631.05,12:30:00,19622.76471510864,4,40
2023-10-06,19640.6,19640.6,19632.05,19633.2,12:35:00,19624.46331366972,4,41
2023-10-06,19638.35,19639.95,19633.9,19639.95,12:40:00,19625.78585522498,4,42
2023-10-06,19635.5,19637.45,19628.75,19636.7,12:45:00,19626.711011870226,4,43
2023-10-06,19643.5,19643.5,19634.25,19634.9,12:50:00,19628.309963120675,4,44
2023-10-06,19638.15,19644.55,19636.6,19642.9,12:55:00,19629.24710949013,4,45
2023-10-06,19635.2,19642.6,19632.95,19637.1,13:00:00,19629.814051443453,4,46
2023-10-06,19644.0,19644.0,19633.9,19634.25,13:05:00,19631.165094163123,4,47
2023-10-06,19648.4,19649.95,19641.3,19643.05,13:10:00,19632.806513766634,4,48
2023-10-06,19649.15,19654.55,19645.25,19647.25,13:15:00,19634.363036265047,4,49
2023-10-06,19651.85,19654.4,19647.25,19648.95,13:20:00,19636.02846138266,4,50
2023-10-06,19656.85,19656.85,19649.7,19651.25,13:25:00,19638.0114650605,4,51
2023-10-06,19653.5,19657.3,19646.55,19655.0,13:30:00,19639.486563626167,4,52
2023-10-06,19653.35,19657.85,19649.65,19655.05,13:35:00,19640.806890899865,4,53
2023-10-06,19653.1,19655.0,19647.8,19652.8,13:40:00,19641.97766319512,4,54
2023-10-06,19654.55,19655.15,19649.2,19651.85,13:45:00,19643.175028605103,4,55
2023-10-06,19655.4,19657.9,19649.7,19653.0,13:50:00,19644.339311595093,4,56
2023-10-06,19657.75,19658.25,19652.9,19654.5,13:55:00,19645.61652001461,4,57
2023-10-06,19663.25,19668.4,19656.5,19657.15,14:00:00,19647.29589906084,4,58
2023-10-06,19664.6,19667.85,19661.55,19662.6,14:05:00,19648.94390867409,4,59
2023-10-06,19664.8,19666.95,19659.9,19662.85,14:10:00,19650.45401260989,4,60
2023-10-06,19664.25,19668.1,19661.1,19664.9,14:15:00,19651.76791617085,4,61
2023-10-06,19653.0,19665.6,19647.65,19663.5,14:20:00,19651.88525748792,4,62
2023-10-06,19658.5,19658.65,19650.95,19652.75,14:25:00,19652.51523296526,4,63
2023-10-06,19662.8,19664.85,19656.25,19658.95,14:30:00,19653.494734587617,4,64
2023-10-06,19665.8,19666.75,19658.05,19662.55,14:35:00,19654.666664626893,4,65
2023-10-06,19664.35,19668.4,19659.05,19665.3,14:40:00,19655.588887043377,4,66
2023-10-06,19658.45,19664.95,19653.15,19662.5,14:45:00,19655.86137399163,4,67
2023-10-06,19660.0,19664.75,19653.25,19658.45,14:50:00,19656.25552884957,4,68
2023-10-06,19673.6,19673.6,19659.2,19659.65,14:55:00,19657.90738324485,4,69
2023-10-06,19665.15,19674.9,19658.8,19673.8,15:00:00,19658.59715626916,4,70
2023-10-06,19659.7,19664.65,19653.8,19663.95,15:05:00,19658.702189005424,4,71
2023-10-06,19660.25,19661.35,19654.55,19659.75,15:10:00,19658.849599576337,4,72
2023-10-06,19648.25,19662.15,19647.95,19660.95,15:15:00,19657.8401139024,4,73
2023-10-06,19655.9,19656.5,19640.5,19648.75,15:20:00,19657.65534114979,4,74
2023-10-06,19649.9,19656.3,19646.6,19656.15,15:25:00,19656.916737230764,4,75
2023-10-09,19505.25,19542.8,19504.75,19539.45,09:15:00,19632.350435692308,0,1
2023-10-09,19499.55,19508.95,19480.9,19504.5,09:20:00,19619.70277515018,0,2
2023-10-09,19507.55,19512.0,19486.4,19498.2,09:25:00,19609.02155846921,0,3
2023-10-09,19537.6,19542.95,19506.35,19506.9,09:30:00,19602.219505281664,0,4
2023-10-09,19538.3,19540.95,19529.9,19537.95,09:35:00,19596.13193335008,0,5
2023-10-09,19550.05,19552.85,19536.55,19539.4,09:40:00,19591.743177792927,0,6
2023-10-09,19561.15,19577.95,19549.6,19550.35,09:45:00,19588.829541812647,0,7
2023-10-09,19578.2,19585.2,19562.0,19562.0,09:50:00,19587.817204497154,0,8
2023-10-09,19571.3,19581.9,19567.5,19578.55,09:55:00,19586.244137402187,0,9
2023-10-09,19564.15,19577.7,19561.65,19572.1,10:00:00,19584.13993384008,0,10
2023-10-09,19580.25,19583.1,19559.5,19562.9,10:05:00,19583.769463950543,0,11
2023-10-09,19574.7,19587.35,19573.7,19580.9,10:10:00,19582.90570547906,0,12
2023-10-09,19582.55,19583.35,19566.6,19573.95,10:15:00,19582.87182876677,0,13
2023-10-09,19568.85,19588.6,19567.7,19582.65,10:20:00,19581.53641650327,0,14
2023-10-09,19575.15,19579.55,19566.75,19568.05,10:25:00,19580.9281863601,0,15
2023-10-09,19571.0,19578.65,19568.8,19575.65,10:30:00,19579.982644802,0,16
2023-10-09,19556.15,19573.3,19554.4,19570.1,10:35:00,19577.712869106566,0,17
2023-10-09,19556.95,19558.35,19544.55,19555.95,10:40:00,19575.73545300118,0,18
2023-10-09,19565.7,19567.15,19550.9,19557.1,10:45:00,19574.7796955725,0,19
2023-10-09,19563.8,19565.95,19560.25,19565.55,10:50:00,19573.73401027988,0,20
2023-10-09,19575.5,19575.6,19562.85,19563.4,10:55:00,19573.902199777032,0,21
2023-10-09,19573.95,19576.15,19568.1,19574.95,11:00:00,19573.90675217922,0,22
2023-10-09,19573.45,19575.6,19569.7,19573.95,11:05:00,19573.86325197168,0,23
2023-10-09,19558.2,19576.4,19556.45,19574.35,11:10:00,19572.37151368866,0,24
2023-10-09,19559.6,19560.75,19552.9,19558.6,11:15:00,19571.15517905165,0,25
2023-10-09,19559.9,19559.9,19554.55,19559.25,11:20:00,19570.0832572372,0,26
2023-10-09,19566.05,19566.45,19557.75,19559.5,11:25:00,19569.699137500327,0,27
2023-10-09,19561.7,19566.9,19560.8,19565.9,11:30:00,19568.93731488125,0,28
2023-10-09,19565.65,19569.0,19554.7,19561.5,11:35:00,19568.62423727351,0,29
2023-10-09,19567.4,19568.35,19560.3,19565.25,11:40:00,19568.50764324746,0,30
2023-10-09,19566.55,19569.45,19564.05,19567.3,11:45:00,19568.321201033417,0,31
2023-10-09,19558.9,19566.8,19557.3,19565.4,11:50:00,19567.42394379214,0,32
2023-10-09,19554.95,19562.2,19554.15,19559.15,11:55:00,19566.235949145263,0,33
2023-10-09,19556.25,19558.85,19549.5,19554.3,12:00:00,19565.28490636953,0,34
2023-10-09,19553.05,19560.65,19552.7,19556.5,12:05:00,19564.11967719148,0,35
2023-10-09,19551.65,19554.35,19548.2,19553.25,12:10:00,19562.93208888753,0,36
2023-10-09,19535.05,19553.85,19533.55,19551.5,12:15:00,19560.27665185062,0,37
2023-10-09,19533.1,19544.95,19533.1,19534.4,12:20:00,19557.68839929342,0,38
2023-10-09,19536.65,19545.3,19530.4,19533.65,12:25:00,19555.68474221785,0,39
2023-10-09,19537.5,19541.1,19531.4,19536.1,12:30:00,19553.95286200664,0,40
2023-10-09,19524.15,19547.65,19524.15,19537.25,12:35:00,19551.11449419648,0,41
2023-10-09,19515.1,19527.45,19515.1,19522.3,12:40:00,19547.68454236824,0,42
2023-10-09,19517.3,19522.55,19512.5,19513.15,12:45:00,19544.790776428406,0,43
2023-10-09,19514.5,19518.85,19503.25,19517.95,12:50:00,19541.905940578083,0,44
2023-10-09,19513.35,19517.4,19507.85,19514.05,12:55:00,19539.18632718969,0,45
2023-10-09,19505.8,19514.05,19504.3,19513.05,13:00:00,19536.00667698116,0,46
2023-10-09,19514.95,19525.4,19505.95,19507.4,13:05:00,19534.001279173423,0,47
2023-10-09,19510.55,19514.55,19506.2,19514.55,13:10:00,19531.76782401405,0,48
2023-10-09,19517.3,19518.5,19507.15,19510.15,13:15:00,19530.389936012714,0,49
2023-10-09,19523.9,19526.55,19518.0,19518.15,13:20:00,19529.771846868647,0,50
2023-10-09,19518.9,19527.65,19517.05,19524.2,13:25:00,19528.73643288116,0,51
2023-10-09,19528.0,19529.7,19518.65,19518.65,13:30:00,19528.66629641628,0,52
2023-10-09,19524.85,19534.25,19522.1,19528.35,13:35:00,19528.30283961473,0,53
2023-10-09,19529.65,19532.7,19524.75,19525.2,13:40:00,19528.431140603803,0,54
2023-10-09,19522.55,19530.5,19519.75,19530.0,13:45:00,19527.871031974868,0,55
2023-10-09,19516.35,19526.75,19516.0,19522.5,13:50:00,19526.77379083441,0,56
2023-10-09,19517.25,19524.15,19515.05,19516.6,13:55:00,19525.86676313589,0,57
2023-10-09,19516.65,19520.2,19510.0,19517.0,14:00:00,19524.988976170567,0,58
2023-10-09,19514.05,19520.25,19507.5,19516.45,14:05:00,19523.947168916227,0,59
2023-10-09,19513.2,19519.2,19508.85,19513.7,14:10:00,19522.92362901945,0,60
2023-10-09,19500.05,19515.95,19499.2,19514.4,14:15:00,19520.74518816045,0,61
2023-10-09,19517.9,19519.65,19498.2,19500.5,14:20:00,19520.474217859457,0,62
2023-10-09,19528.55,19530.15,19513.3,19518.0,14:25:00,19521.24333996808,0,63
2023-10-09,19517.05,19530.25,19515.35,19527.45,14:30:00,19520.84397425684,0,64
2023-10-09,19523.2,19527.0,19516.2,19516.35,14:35:00,19521.068357660944,0,65
2023-10-09,19521.15,19525.65,19518.7,19523.05,14:40:00,19521.07613312181,0,66
2023-10-09,19530.1,19532.7,19519.3,19520.4,14:45:00,19521.93554901497,0,67
2023-10-09,19534.35,19537.3,19530.35,19530.35,14:50:00,19523.11787768021,0,68
2023-10-09,19533.05,19537.3,19531.5,19534.25,14:55:00,19524.063794091624,0,69
2023-10-09,19528.2,19540.9,19526.1,19533.0,15:00:00,19524.45771846385,0,70
2023-10-09,19520.95,19532.5,19516.25,19528.35,15:05:00,19524.123650038724,0,71
2023-10-09,19512.7,19523.8,19512.3,19521.45,15:10:00,19523.03568336837,0,72
2023-10-09,19506.05,19513.3,19505.6,19512.35,15:15:00,19521.41799923805,0,73
2023-10-09,19502.2,19508.4,19500.75,19506.35,15:20:00,19519.587713596327,0,74
2023-10-09,19497.5,19503.75,19495.65,19501.5,15:25:00,19517.48412182525,0,75
2023-10-10,19599.9,19606.95,19565.6,19565.6,09:15:00,19529.4792924692,1,1
2023-10-10,19597.3,19606.55,19591.85,19600.85,09:20:00,19535.93840747213,1,2
2023-10-10,19591.65,19598.65,19585.2,19597.5,09:25:00,19541.244273427168,1,3
2023-10-10,19592.6,19594.8,19583.5,19591.4,09:30:00,19546.135295005533,1,4
2023-10-10,19600.2,19600.5,19587.6,19592.15,09:35:00,19551.284314528817,1,5
2023-10-10,19595.2,19603.65,19594.3,19600.35,09:40:00,19555.466760764168,1,6
2023-10-10,19597.9,19602.15,19595.3,19595.55,09:45:00,19559.50802164377,1,7
2023-10-10,19595.7,19608.0,19594.75,19598.2,09:50:00,19562.95487672532,1,8
2023-10-10,19596.65,19603.8,19595.15,19596.85,09:55:00,19566.16393608481,1,9
2023-10-10,19603.35,19606.15,19597.1,19597.5,10:00:00,19569.705465981493,1,10
2023-10-10,19611.35,19614.05,19602.45,19603.35,10:05:00,19573.67161207849,1,11
2023-10-10,19617.7,19619.1,19610.05,19611.2,10:10:00,19577.86479188054,1,12
2023-10-10,19614.5,19626.45,19614.4,19618.15,10:15:00,19581.353859320487,1,13
2023-10-10,19614.5,19618.8,19613.25,19614.75,10:20:00,19584.510634623297,1,14
2023-10-10,19612.05,19616.7,19611.6,19614.8,10:25:00,19587.13343132584,1,15
2023-10-10,19613.15,19617.15,19608.25,19612.3,10:30:00,19589.611199771,1,16
2023-10-10,19621.6,19621.75,19611.75,19613.65,10:35:00,19592.65775217376,1,17
2023-10-10,19621.9,19625.55,19620.5,19622.05,10:40:00,19595.44272815721,1,18
2023-10-10,19622.5,19627.0,19621.75,19622.15,10:45:00,19598.01961118985,1,19
2023-10-10,19620.15,19625.35,19619.5,19622.9,10:50:00,19600.12726726701,1,20
2023-10-10,19610.75,19620.6,19610.35,19620.6,10:55:00,19601.138956098723,1,21
2023-10-10,19617.4,19618.45,19610.8,19611.5,11:00:00,19602.687626946463,1,22
2023-10-10,19621.55,19621.9,19614.3,19617.4,11:05:00,19604.48404342776,1,23
2023-10-10,19622.8,19624.55,19619.45,19622.05,11:10:00,19606.22842024416,1,24
2023-10-10,19624.9,19625.55,19621.05,19622.8,11:15:00,19608.00666593519,1,25
2023-10-10,19624.4,19627.4,19623.65,19625.4,11:20:00,19609.567935846124,1,26
2023-10-10,19628.3,19631.45,19622.85,19624.65,11:25:00,19611.35194195601,1,27
2023-10-10,19627.0,19629.35,19624.5,19628.45,11:30:00,19612.8422331983,1,28
2023-10-10,19612.15,19628.55,19612.15,19626.65,11:35:00,19612.77630622703,1,29
2023-10-10,19621.8,19622.25,19611.7,19611.85,11:40:00,19613.63570563398,1,30
2023-10-10,19623.7,19627.15,19621.15,19621.95,11:45:00,19614.594209859315,1,31
2023-10-10,19620.75,19625.0,19618.75,19622.95,11:50:00,19615.180475587,1,32
2023-10-10,19622.6,19624.1,19618.75,19620.65,11:55:00,19615.887096959665,1,33
2023-10-10,19629.6,19636.15,19620.5,19621.1,12:00:00,19617.193087725413,1,34
2023-10-10,19646.2,19646.2,19628.55,19628.8,12:05:00,19619.955650799184,1,35
2023-10-10,19652.45,19657.0,19642.75,19645.65,12:10:00,19623.05035072307,1,36
2023-10-10,19649.75,19655.15,19644.35,19652.5,12:15:00,19625.59317446373,1,37
2023-10-10,19666.7,19668.75,19646.75,19649.7,12:20:00,19629.508110229093,1,38
2023-10-10,19666.1,19668.65,19659.1,19666.7,12:25:00,19632.99305211204,1,39
2023-10-10,19660.7,19666.7,19658.45,19665.8,12:30:00,19635.63180905375,1,40
2023-10-10,19668.75,19673.85,19660.5,19660.5,12:35:00,19638.785922477204,1,41
2023-10-10,19671.35,19674.55,19665.65,19668.9,12:40:00,19641.88726319366,1,42
2023-10-10,19668.9,19673.15,19664.75,19670.55,12:45:00,19644.459904794265,1,43
2023-10-10,19668.45,19671.9,19664.9,19668.25,12:50:00,19646.74467576624,1,44
2023-10-10,19670.35,19671.9,19661.5,19668.4,12:55:00,19648.99280188373,1,45
2023-10-10,19675.9,19684.1,19668.75,19669.25,13:00:00,19651.55539218053,1,46
2023-10-10,19682.35,19685.75,19675.25,19676.5,13:05:00,19654.488211972857,1,47
2023-10-10,19676.5,19681.7,19675.45,19681.7,13:10:00,19656.58457273735,1,48
2023-10-10,19678.75,19683.95,19675.35,19676.65,13:15:00,19658.695565809983,1,49
2023-10-10,19679.9,19680.9,19673.25,19678.8,13:20:00,19660.715035732843,1,50
2023-10-10,19690.4,19695.2,19678.6,19679.8,13:25:00,19663.542175186856,1,51
2023-10-10,19696.2,19698.3,19688.25,19689.7,13:30:00,19666.65244421668,1,52
2023-10-10,19694.3,19701.1,19688.1,19696.15,13:35:00,19669.28554476747,1,53
2023-10-10,19700.75,19703.75,19691.85,19692.5,13:40:00,19672.28215955152,1,54
2023-10-10,19694.15,19702.15,19691.75,19700.7,13:45:00,19674.36481102281,1,55
2023-10-10,19693.2,19699.9,19692.1,19694.25,13:50:00,19676.158638544443,1,56
2023-10-10,19699.2,19702.65,19692.3,19692.3,13:55:00,19678.35305392116,1,57
2023-10-10,19704.4,19707.45,19696.45,19699.2,14:00:00,19680.83371545248,1,58
2023-10-10,19695.15,19705.95,19691.75,19704.7,14:05:00,19682.19717112367,1,59
2023-10-10,19696.05,19699.25,19690.5,19693.5,14:10:00,19683.51648815951,1,60
2023-10-10,19710.15,19711.95,19695.45,19696.4,14:15:00,19686.05301309669,1,61
2023-10-10,19714.0,19717.1,19709.7,19710.1,14:20:00,19688.71463089701,1,62
2023-10-10,19714.6,19717.0,19713.1,19714.15,14:25:00,19691.17990414492,1,63
2023-10-10,19704.05,19714.55,19702.7,19714.55,14:30:00,19692.405627559685,1,64
2023-10-10,19711.3,19713.1,19702.6,19703.0,14:35:00,19694.20509160162,1,65
2023-10-10,19698.25,19711.75,19696.4,19711.15,14:40:00,19694.590320972893,1,66
2023-10-10,19697.85,19703.3,19696.3,19698.4,14:45:00,19694.90076659452,1,67
2023-10-10,19704.6,19708.45,19697.55,19698.6,14:50:00,19695.82450310933,1,68
2023-10-10,19702.6,19707.4,19701.15,19704.55,14:55:00,19696.469788527487,1,69
2023-10-10,19692.6,19705.8,19683.7,19703.65,15:00:00,19696.10123723916,1,70
2023-10-10,19688.4,19695.4,19686.35,19692.65,15:05:00,19695.36778607352,1,71
2023-10-10,19688.3,19693.1,19685.8,19688.55,15:10:00,19694.69466359033,1,72
2023-10-10,19691.5,19691.65,19682.9,19689.1,15:15:00,19694.39040991506,1,73
2023-10-10,19693.65,19694.35,19686.7,19691.4,15:20:00,19694.319894685053,1,74
2023-10-10,19691.5,19695.75,19688.85,19694.15,15:25:00,19694.05133328648,1,75
2023-10-11,19790.25,19799.8,19762.45,19767.0,09:15:00,19709.49893722544,2,1
2023-10-11,19797.85,19805.4,19788.2,19790.3,09:20:00,19717.91332415635,2,2
2023-10-11,19800.55,19801.1,19787.6,19797.95,09:25:00,19725.783483760508,2,3
2023-10-11,19816.4,19818.35,19798.0,19800.8,09:30:00,19734.413628164268,2,4
2023-10-11,19815.5,19822.15,19812.7,19816.7,09:35:00,19742.13613976767,2,5
2023-10-11,19809.0,19817.85,19807.3,19815.25,09:40:00,19748.504126456464,2,6
2023-10-11,19815.4,19831.5,19807.0,19808.6,09:45:00,19754.87516203204,2,7
2023-10-11,19814.1,19824.1,19810.0,19815.15,09:50:00,19760.51562279089,2,8
2023-10-11,19806.1,19821.35,19804.6,19814.4,09:55:00,19764.856992048903,2,9
2023-10-11,19809.85,19815.4,19805.15,19805.15,10:00:00,19769.1420404252,2,10
2023-10-11,19797.1,19812.4,19796.45,19808.6,10:05:00,19771.804703241847,2,11
2023-10-11,19810.4,19810.5,19795.1,19795.75,10:10:00,19775.480445790243,2,12
2023-10-11,19811.4,19819.7,19808.5,19810.3,10:15:00,19778.90135571498,2,13
2023-10-11,19813.45,19815.15,19806.2,19811.95,10:20:00,19782.191702789743,2,14
2023-10-11,19818.05,19820.85,19812.5,19813.3,10:25:00,19785.60677871453,2,15
2023-10-11,19822.5,19826.75,19817.6,19818.15,10:30:00,19789.120418836952,2,16
2023-10-11,19835.7,19835.7,19822.45,19822.45,10:35:00,19793.55656942391,2,17
2023-10-11,19832.75,19838.9,19830.85,19835.15,10:40:00,19797.28927709782,2,18
2023-10-11,19836.15,19836.85,19830.6,19832.75,10:45:00,19800.9902983266,2,19
2023-10-11,19821.85,19836.95,19821.65,19836.15,10:50:00,19802.97693658121,2,20
2023-10-11,19823.7,19826.15,19813.6,19821.4,10:55:00,19804.95056166872,2,21
2023-10-11,19819.9,19826.8,19818.8,19823.6,11:00:00,19806.37431770026,2,22
2023-10-11,19814.85,19820.65,19813.4,19819.55,11:05:00,19807.18152553833,2,23
2023-10-11,19808.35,19814.65,19802.0,19813.4,11:10:00,19807.292808820395,2,24
2023-10-11,19808.9,19810.9,19800.2,19806.75,11:15:00,19807.445874647023,2,25
2023-10-11,19814.45,19814.5,19807.1,19808.65,11:20:00,19808.112934204448,2,26
2023-10-11,19816.2,19819.3,19813.4,19813.95,11:25:00,19808.88313094688,2,27
2023-10-11,19817.5,19820.5,19814.7,19816.45,11:30:00,19809.703785142417,2,28
2023-10-11,19818.25,19823.15,19816.85,19816.95,11:35:00,19810.51771036695,2,29
2023-10-11,19813.2,19822.2,19812.75,19818.25,11:40:00,19810.77316652248,2,30
2023-10-11,19808.4,19815.8,19806.6,19813.45,11:45:00,19810.547150663195,2,31
2023-10-11,19808.6,19811.4,19804.9,19809.2,11:50:00,19810.36170774289,2,32
2023-10-11,19815.95,19817.5,19807.95,19808.9,11:55:00,19810.89392605309,2,33
2023-10-11,19817.8,19817.8,19812.3,19815.85,12:00:00,19811.55164738137,2,34
2023-10-11,19813.15,19822.85,19812.7,19818.15,12:05:00,19811.703871440288,2,35
2023-10-11,19809.85,19820.6,19809.85,19813.05,12:10:00,19811.5273122555,2,36
2023-10-11,19796.5,19810.35,19791.3,19810.35,12:15:00,19810.09613965974,2,37
2023-10-11,19798.95,19799.75,19793.15,19796.1,12:20:00,19809.034602549287,2,38
2023-10-11,19799.65,19804.85,19797.75,19799.05,12:25:00,19808.14083087793,2,39
2023-10-11,19805.8,19808.5,19798.3,19799.55,12:30:00,19807.91789460384,2,40
2023-10-11,19802.45,19806.5,19799.0,19805.9,12:35:00,19807.39714273681,2,41
2023-10-11,19788.45,19803.15,19783.8,19802.55,12:40:00,19805.59265295235,2,42
2023-10-11,19792.75,19794.2,19782.05,19787.55,12:45:00,19804.369543147364,2,43
2023-10-11,19793.95,19798.2,19790.0,19792.1,12:50:00,19803.37720570476,2,44
2023-10-11,19786.4,19799.75,19786.4,19793.7,12:55:00,19801.760328970977,2,45
2023-10-11,19798.55,19800.85,19786.25,19786.25,13:00:00,19801.45458335469,2,46
2023-10-11,19807.25,19809.0,19797.75,19798.4,13:05:00,19802.006527797104,2,47
2023-10-11,19814.85,19818.6,19805.8,19807.05,13:10:00,19803.22971562595,2,48
2023-10-11,19805.15,19815.95,19802.4,19814.25,13:15:00,19803.41259985205,2,49
2023-10-11,19808.0,19813.1,19805.45,19805.6,13:20:00,19803.84949510424,2,50
2023-10-11,19807.0,19810.25,19799.55,19807.9,13:25:00,19804.149543189546,2,51
2023-10-11,19803.55,19809.25,19802.05,19806.7,13:30:00,19804.09244383816,2,52
2023-10-11,19806.3,19809.35,19802.1,19803.15,13:35:00,19804.302687282143,2,53
2023-10-11,19808.65,19811.2,19804.05,19806.1,13:40:00,19804.716717064795,2,54
2023-10-11,19807.75,19811.0,19804.75,19808.45,13:45:00,19805.00560115386,2,55
2023-10-11,19794.5,19809.65,19793.55,19806.75,13:50:00,19804.00506771064,2,56
2023-10-11,19793.45,19798.0,19788.7,19794.95,13:55:00,19802.999823166767,2,57
2023-10-11,19799.9,19800.5,19789.5,19793.25,14:00:00,19802.70460191279,2,58
2023-10-11,19797.25,19801.8,19795.8,19799.2,14:05:00,19802.18511601633,2,59
2023-10-11,19803.2,19803.95,19793.5,19797.2,14:10:00,19802.281771633825,2,60
2023-10-11,19803.3,19806.9,19799.0,19803.9,14:15:00,19802.378745763937,2,61
2023-10-11,19797.75,19808.55,19796.4,19803.5,14:20:00,19801.93791283404,2,62
2023-10-11,19804.65,19808.15,19796.55,19797.65,14:25:00,19802.196206849843,2,63
2023-10-11,19806.25,19811.45,19802.5,19804.65,14:30:00,19802.58228238796,2,64
2023-10-11,19811.5,19815.95,19802.15,19806.35,14:35:00,19803.4315888272,2,65
2023-10-11,19820.35,19823.3,19810.55,19812.1,14:40:00,19805.04286608175,2,66
2023-10-11,19815.85,19824.2,19814.3,19820.2,14:45:00,19806.072116931107,2,67
2023-10-11,19825.7,19826.95,19815.0,19815.0,14:50:00,19807.941439128143,2,68
2023-10-11,19823.1,19828.45,19817.55,19825.1,14:55:00,19809.38511159213,2,69
2023-10-11,19819.05,19827.2,19818.3,19822.55,15:00:00,19810.305577154788,2,70
2023-10-11,19812.75,19822.35,19807.15,19819.05,15:05:00,19810.538379330523,2,71
2023-10-11,19809.85,19813.25,19807.35,19812.8,15:10:00,19810.472819394283,2,72
2023-10-11,19804.85,19810.5,19804.45,19809.8,15:15:00,19809.937312785303,2,73
2023-10-11,19807.65,19809.0,19803.1,19805.15,15:20:00,19809.71947347241,2,74
2023-10-11,19808.5,19812.15,19804.1,19807.25,15:25:00,19809.60333314172,2,75
2023-10-12,19826.8,19841.8,19818.95,19822.7,09:15:00,19812.3696219142,3,1
2023-10-12,19823.1,19831.65,19821.5,19826.15,09:20:00,19813.39156268427,3,2
2023-10-12,19821.15,19823.95,19800.85,19823.1,09:25:00,19814.130461476245,3,3
2023-10-12,19817.15,19822.5,19806.6,19820.85,09:30:00,19814.418036573745,3,4
2023-10-12,19809.65,19816.85,19799.45,19816.45,09:35:00,19813.96393785244,3,5
2023-10-12,19813.35,19815.1,19806.4,19809.95,09:40:00,19813.90546758078,3,6
2023-10-12,19789.75,19814.4,19785.85,19813.45,09:45:00,19811.6049468588,3,7
2023-10-12,19793.3,19795.35,19785.8,19789.4,09:50:00,19809.86161858653,3,8
2023-10-12,19779.9,19798.7,19778.25,19794.25,09:55:00,19807.0081311021,3,9
2023-10-12,19786.15,19788.15,19773.65,19780.0,10:00:00,19805.02164242571,3,10
2023-10-12,19786.3,19792.45,19782.65,19786.9,10:05:00,19803.23862886136,3,11
2023-10-12,19794.95,19796.4,19782.65,19786.35,10:10:00,19802.449235636464,3,12
2023-10-12,19790.55,19798.35,19789.35,19795.45,10:15:00,19801.315975099656,3,13
2023-10-12,19791.75,19795.2,19786.3,19791.5,10:20:00,19800.40492985208,3,14
2023-10-12,19788.7,19794.0,19786.05,19790.2,10:25:00,19799.29017462807,3,15
2023-10-12,19784.6,19793.2,19780.25,19788.05,10:30:00,19797.89111037778,3,16
2023-10-12,19780.9,19787.75,19779.1,19784.7,10:35:00,19796.27290938942,3,17
2023-10-12,19813.85,19816.0,19778.3,19780.8,10:40:00,19797.946918019,3,18
2023-10-12,19808.65,19820.95,19806.0,19814.0,10:45:00,19798.966259160046,3,19
2023-10-12,19816.9,19820.65,19807.95,19808.6,10:50:00,19800.674234478138,3,20
2023-10-12,19813.5,19820.3,19812.35,19817.1,10:55:00,19801.89573595641,3,21
2023-10-12,19814.9,19822.15,19813.75,19813.75,11:00:00,19803.1342372939,3,22
2023-10-12,19823.3,19827.45,19815.25,19815.25,11:05:00,19805.05478612305,3,23
2023-10-12,19824.45,19827.05,19815.45,19823.1,11:10:00,19806.901949349427,3,24
2023-10-12,19817.55,19824.8,19814.95,19824.5,11:15:00,19807.91604941139,3,25
2023-10-12,19811.9,19818.3,19811.9,19817.95,11:20:00,19808.29547327697,3,26
2023-10-12,19805.8,19812.4,19803.45,19811.9,11:25:00,19808.05780915535,3,27
2023-10-12,19816.55,19817.25,19804.75,19805.35,11:30:00,19808.8665892358,3,28
2023-10-12,19815.05,19817.4,19811.8,19816.75,11:35:00,19809.455485499053,3,29
2023-10-12,19818.8,19819.2,19813.05,19815.2,11:40:00,19810.345439261047,3,30
2023-10-12,19818.5,19820.8,19814.55,19819.25,11:45:00,19811.122064093328,3,31
2023-10-12,19826.25,19827.65,19815.15,19819.8,11:50:00,19812.562819893963,3,32
2023-10-12,19829.55,19831.2,19824.75,19826.15,11:55:00,19814.180646570727,3,33
2023-10-12,19821.6,19833.35,19818.2,19829.6,12:00:00,19814.887251659227,3,34
2023-10-12,19821.6,19824.25,19816.95,19820.9,12:05:00,19815.526561025014,3,35
2023-10-12,19819.85,19822.35,19814.6,19822.2,12:10:00,19815.938317117867,3,36
2023-10-12,19813.2,19825.15,19812.2,19820.6,12:15:00,19815.677525011404,3,37
2023-10-12,19814.2,19818.25,19809.15,19813.5,12:20:00,19815.53680834365,3,38
2023-10-12,19814.8,19818.75,19810.1,19813.85,12:25:00,19815.466636120444,3,39
2023-10-12,19817.25,19819.65,19810.1,19814.95,12:30:00,19815.636480299447,3,40
2023-10-12,19814.75,19818.05,19811.05,19817.35,12:35:00,19815.55205360426,3,41
2023-10-12,19811.45,19819.25,19805.7,19815.25,12:40:00,19815.161381832422,3,42
2023-10-12,19817.2,19818.6,19806.55,19811.6,12:45:00,19815.35553594362,3,43
2023-10-12,19814.25,19825.6,19813.35,19817.8,12:50:00,19815.25024680613,3,44
2023-10-12,19807.55,19818.0,19806.5,19815.0,12:55:00,19814.516889967454,3,45
2023-10-12,19809.3,19814.25,19801.45,19806.8,13:00:00,19814.020043303884,3,46
2023-10-12,19811.3,19815.05,19807.1,19809.5,13:05:00,19813.76099156065,3,47
2023-10-12,19802.3,19813.05,19796.75,19811.25,13:10:00,19812.66946855488,3,48
2023-10-12,19803.9,19809.7,19800.0,19801.85,13:15:00,19811.83428107346,3,49
2023-10-12,19810.1,19810.1,19801.7,19804.3,13:20:00,19811.66911144742,3,50
2023-10-12,19807.65,19810.1,19800.0,19810.1,13:25:00,19811.286338928618,3,51
2023-10-12,19811.85,19812.55,19804.7,19808.45,13:30:00,19811.34002093541,3,52
2023-10-12,19812.2,19817.45,19807.85,19810.35,13:35:00,19811.42192370347,3,53
2023-10-12,19812.7,19813.8,19806.4,19811.2,13:40:00,19811.54364525552,3,54
2023-10-12,19813.8,19816.05,19809.05,19812.7,13:45:00,19811.758536183566,3,55
2023-10-12,19805.4,19817.85,19802.65,19812.95,13:50:00,19811.15296130894,3,56
2023-10-12,19803.05,19807.6,19799.45,19806.75,13:55:00,19810.381250708087,3,57
2023-10-12,19797.8,19805.2,19793.7,19804.3,14:00:00,19809.18303635493,3,58
2023-10-12,19799.0,19803.85,19794.75,19799.6,14:05:00,19808.21322336875,3,59
2023-10-12,19803.05,19804.6,19796.75,19799.3,14:10:00,19807.721487809824,3,60
2023-10-12,19800.35,19805.15,19798.4,19801.7,14:15:00,19807.019441351746,3,61
2023-10-12,19795.15,19802.3,19794.3,19801.6,14:20:00,19805.889018365862,3,62
2023-10-12,19799.65,19800.75,19793.25,19794.3,14:25:00,19805.294826140547,3,63
2023-10-12,19802.05,19806.2,19798.05,19798.65,14:30:00,19804.985795079545,3,64
2023-10-12,19796.7,19804.95,19792.65,19802.2,14:35:00,19804.19667173864,3,65
2023-10-12,19793.25,19798.95,19788.3,19797.2,14:40:00,19803.154131573054,3,66
2023-10-12,19794.15,19796.65,19787.15,19794.7,14:45:00,19802.296595232765,3,67
2023-10-12,19793.3,19795.9,19788.85,19794.5,14:50:00,19801.439776639167,3,68
2023-10-12,19794.1,19796.1,19788.3,19793.3,14:55:00,19800.74075029258,3,69
2023-10-12,19782.55,19795.0,19778.4,19795.0,15:00:00,19799.008297883764,3,70
2023-10-12,19802.1,19807.3,19777.1,19782.5,15:05:00,19799.30274570436,3,71
2023-10-12,19799.2,19805.7,19794.1,19804.15,15:10:00,19799.292960399183,3,72
2023-10-12,19794.7,19802.5,19794.0,19799.85,15:15:00,19798.85553559926,3,73
2023-10-12,19793.95,19800.1,19792.9,19795.9,15:20:00,19798.388341732665,3,74
2023-10-12,19782.9,19795.0,19779.75,19794.35,15:25:00,19796.91326156765,3,75
2023-10-13,19714.9,19718.0,19648.7,19654.55,09:15:00,19776.83534563701,4,1
2023-10-13,19720.8,19723.1,19709.05,19714.6,09:20:00,19771.49864605253,4,2
2023-10-13,19724.7,19734.15,19717.65,19721.8,09:25:00,19767.04163214277,4,3
2023-10-13,19728.1,19736.25,19716.9,19724.5,09:30:00,19763.332905272026,4,4
2023-10-13,19721.55,19729.4,19717.7,19726.6,09:35:00,19759.353580960404,4,5
2023-10-13,19708.4,19725.1,19706.95,19722.6,09:40:00,19754.500858964177,4,6
2023-10-13,19701.05,19711.2,19699.35,19707.55,09:45:00,19749.41030096759,4,7
2023-10-13,19701.45,19708.45,19696.65,19701.4,09:50:00,19744.84265325639,4,8
2023-10-13,19711.45,19713.0,19700.15,19701.55,09:55:00,19741.662400565307,4,9
2023-10-13,19697.25,19713.2,19692.45,19711.75,10:00:00,19737.43264813052,4,10
2023-10-13,19697.35,19699.05,19690.45,19696.4,10:05:00,19733.61525307047,4,11
2023-10-13,19692.55,19699.4,19691.7,19698.35,10:10:00,19729.70427658757,4,12
2023-10-13,19688.05,19696.15,19686.45,19693.3,10:15:00,19725.73720262685,4,13
2023-10-13,19687.35,19691.75,19682.55,19690.05,10:20:00,19722.08127856715,4,14
2023-10-13,19685.2,19689.4,19683.4,19687.0,10:25:00,19718.56877584647,4,15
2023-10-13,19697.1,19704.0,19682.25,19685.1,10:30:00,19716.52413052776,4,16
2023-10-13,19694.45,19700.7,19690.95,19698.75,10:35:00,19714.42183238226,4,17
2023-10-13,19685.25,19694.75,19682.45,19693.7,10:40:00,19711.64356263157,4,18
2023-10-13,19677.55,19686.65,19674.5,19685.9,10:45:00,19708.396556666656,4,19
2023-10-13,19675.35,19680.85,19674.35,19677.2,10:50:00,19705.249265555543,4,20
2023-10-13,19677.2,19680.05,19674.35,19675.85,10:55:00,19702.577906931205,4,21
2023-10-13,19678.9,19681.7,19670.55,19676.35,11:00:00,19700.32286817585,4,22
2023-10-13,19679.5,19683.1,19675.1,19678.45,11:05:00,19698.33973787339,4,23
2023-10-13,19678.85,19682.05,19677.4,19678.85,11:10:00,19696.48357236164,4,24
2023-10-13,19687.2,19688.5,19675.6,19678.35,11:15:00,19695.59942261291,4,25
2023-10-13,19688.95,19690.2,19686.1,19687.65,11:20:00,19694.966144268827,4,26
2023-10-13,19693.35,19696.5,19688.5,19689.35,11:25:00,19694.81222576704,4,27
2023-10-13,19692.45,19695.25,19686.65,19694.35,11:30:00,19694.58725188446,4,28
2023-10-13,19696.4,19700.9,19692.15,19693.9,11:35:00,19694.75989456213,4,29
2023-10-13,19693.6,19699.0,19691.85,19698.9,11:40:00,19694.649428413355,4,30
2023-10-13,19693.5,19700.3,19691.35,19695.5,11:45:00,19694.53995904065,4,31
2023-10-13,19698.6,19702.65,19690.35,19694.35,11:50:00,19694.92662960821,4,32
2023-10-13,19692.7,19701.55,19692.7,19700.95,11:55:00,19694.714569645523,4,33
2023-10-13,19695.3,19698.25,19692.1,19694.7,12:00:00,19694.77032491738,4,34
2023-10-13,19683.4,19698.3,19681.65,19697.5,12:05:00,19693.68743683001,4,35
2023-10-13,19683.2,19687.6,19681.25,19686.55,12:10:00,19692.68863332239,4,36
2023-10-13,19687.5,19690.75,19682.9,19685.5,12:15:00,19692.19447776788,4,37
2023-10-13,19704.0,19706.85,19688.15,19690.15,12:20:00,19693.31881321856,4,38
2023-10-13,19709.7,19712.3,19703.45,19706.35,12:25:00,19694.87892624536,4,39
2023-10-13,19708.8,19711.7,19705.2,19710.35,12:30:00,19696.20474279342,4,40
2023-10-13,19711.75,19715.2,19708.0,19711.45,12:35:00,19697.68524347976,4,41
2023-10-13,19718.85,19721.95,19711.5,19713.8,12:40:00,19699.70093457693,4,42
2023-10-13,19715.05,19722.55,19714.9,19720.5,12:45:00,19701.162750331503,4,43
2023-10-13,19714.65,19721.95,19713.05,19716.7,12:50:00,19702.44725029993,4,44
2023-10-13,19719.9,19721.4,19714.55,19716.6,12:55:00,19704.10941693803,4,45
2023-10-13,19729.45,19730.55,19720.15,19721.8,13:00:00,19706.52280580108,4,46
2023-10-13,19738.55,19742.6,19730.65,19730.9,13:05:00,19709.573014772403,4,47
2023-10-13,19743.95,19749.0,19738.1,19740.5,13:10:00,19712.847013365503,4,48
2023-10-13,19745.45,19750.2,19739.95,19746.1,13:15:00,19715.95205971165,4,49
2023-10-13,19739.8,19750.1,19734.9,19747.4,13:20:00,19718.223292120063,4,50
2023-10-13,19732.25,19741.7,19729.8,19741.15,13:25:00,19719.55916906101,4,51
2023-10-13,19755.45,19755.85,19733.25,19735.25,13:30:00,19722.977343436152,4,52
2023-10-13,19748.55,19757.7,19747.55,19755.75,13:35:00,19725.41283453747,4,53
2023-10-13,19749.85,19752.05,19739.65,19750.3,13:40:00,19727.74018362914,4,54
2023-10-13,19744.6,19754.05,19743.6,19751.75,13:45:00,19729.345880426365,4,55
2023-10-13,19750.25,19760.55,19745.25,19746.65,13:50:00,19731.336748957187,4,56
2023-10-13,19749.95,19755.2,19748.55,19752.9,13:55:00,19733.10943953269,4,57
2023-10-13,19759.8,19763.6,19751.5,19752.45,14:00:00,19735.65139767244,4,58
2023-10-13,19776.65,19780.1,19760.05,19762.45,14:05:00,19739.55602646554,4,59
2023-10-13,19776.6,19783.75,19767.5,19780.0,14:10:00,19743.08402394501,4,60
2023-10-13,19791.15,19795.1,19779.15,19779.7,14:15:00,19747.66173595025,4,61
2023-10-13,19798.5,19804.9,19789.55,19795.35,14:20:00,19752.50347538356,4,62
2023-10-13,19798.85,19803.5,19791.25,19801.6,14:25:00,19756.91743010893,4,63
2023-10-13,19791.8,19803.75,19788.1,19801.9,14:30:00,19760.239579622365,4,64
2023-10-13,19785.6,19795.65,19783.25,19792.05,14:35:00,19762.654857753565,4,65
2023-10-13,19778.45,19790.55,19778.45,19787.55,14:40:00,19764.15915701513,4,66
2023-10-13,19768.15,19782.5,19763.75,19782.5,14:45:00,19764.539237299407,4,67
2023-10-13,19764.6,19772.15,19762.65,19768.25,14:50:00,19764.54502422328,4,68
2023-10-13,19761.75,19768.3,19756.85,19767.35,14:55:00,19764.278831440104,4,69
2023-10-13,19766.2,19766.85,19759.75,19762.15,15:00:00,19764.46179987438,4,70
2023-10-13,19756.85,19766.75,19751.45,19766.65,15:05:00,19763.73686655301,4,71
2023-10-13,19755.6,19760.4,19745.65,19758.2,15:10:00,19762.961926881297,4,72
2023-10-13,19751.45,19756.1,19747.55,19755.55,15:15:00,19761.8655528926,4,73
2023-10-13,19750.15,19754.0,19739.3,19751.4,15:20:00,19760.749785950447,4,74
2023-10-13,19733.75,19747.9,19729.35,19747.9,15:25:00,19758.17837776469,4,75
2023-10-16,19704.6,19737.25,19703.35,19737.25,09:15:00,19751.272322841392,0,1
2023-10-16,19714.0,19719.15,19691.95,19703.95,09:20:00,19747.72257780888,0,2
2023-10-16,19721.8,19727.05,19706.85,19714.05,09:25:00,19745.2537608747,0,3
2023-10-16,19697.7,19724.7,19697.7,19719.95,09:30:00,19740.724831267587,0,4
2023-10-16,19720.75,19720.75,19694.75,19697.8,09:35:00,19738.82246638496,0,5
2023-10-16,19715.3,19720.9,19705.55,19720.6,09:40:00,19736.58223149116,0,6
2023-10-16,19716.95,19729.5,19710.55,19715.5,09:45:00,19734.712495158667,0,7
2023-10-16,19731.65,19736.85,19717.4,19717.7,09:50:00,19734.42082895308,0,8
2023-10-16,19730.05,19738.5,19725.85,19731.7,09:55:00,19734.004559528978,0,9
2023-10-16,19730.85,19734.65,19724.55,19730.2,10:00:00,19733.70412528812,0,10
2023-10-16,19749.5,19750.85,19728.05,19731.3,10:05:00,19735.208494308303,0,11
2023-10-16,19749.3,19754.0,19746.35,19750.1,10:10:00,19736.55054246942,0,12
2023-10-16,19752.75,19767.55,19749.35,19750.0,10:15:00,19738.093347948525,0,13
2023-10-16,19754.35,19757.2,19739.1,19752.4,10:20:00,19739.64160052485,0,14
2023-10-16,19753.65,19757.7,19747.15,19754.8,10:25:00,19740.9757338082,0,15
2023-10-16,19756.5,19761.45,19752.15,19753.45,10:30:00,19742.45423535028,0,16
2023-10-16,19754.1,19761.3,19752.15,19756.8,10:35:00,19743.563355793107,0,17
2023-10-16,19764.95,19765.95,19751.9,19754.05,10:40:00,19745.600179050904,0,18
2023-10-16,19755.45,19766.5,19755.45,19764.3,10:45:00,19746.53825723653,0,19
2023-10-16,19755.45,19757.25,19751.25,19755.3,10:50:00,19747.386994642577,0,20
2023-10-16,19750.0,19756.4,19742.9,19756.0,10:55:00,19747.635852295665,0,21
2023-10-16,19754.2,19754.85,19749.7,19750.15,11:00:00,19748.261009219885,0,22
2023-10-16,19750.3,19763.85,19748.35,19754.3,11:05:00,19748.455198817992,0,23
2023-10-16,19742.45,19752.0,19726.25,19749.05,11:10:00,19747.88327512104,0,24
2023-10-16,19741.25,19742.35,19731.3,19742.35,11:15:00,19747.25153463332,0,25
2023-10-16,19745.25,19750.0,19738.1,19741.45,11:20:00,19747.06091228729,0,26
2023-10-16,19748.35,19749.7,19743.7,19745.45,11:25:00,19747.18368254564,0,27
2023-10-16,19758.75,19759.75,19747.75,19749.0,11:30:00,19748.285236588912,0,28
2023-10-16,19762.75,19762.75,19751.45,19759.25,11:35:00,19749.662833104256,0,29
2023-10-16,19773.25,19775.55,19755.65,19762.7,11:40:00,19751.90922995147,0,30
2023-10-16,19771.4,19780.5,19768.65,19773.35,11:45:00,19753.76549376561,0,31
2023-10-16,19765.05,19771.55,19765.05,19771.05,11:50:00,19754.84020864508,0,32
2023-10-16,19766.7,19768.25,19759.85,19765.15,11:55:00,19755.969712583643,0,33
2023-10-16,19760.35,19773.15,19757.55,19766.35,12:00:00,19756.38688281377,0,34
2023-10-16,19767.4,19768.7,19757.3,19760.0,12:05:00,19757.435751117224,0,35
2023-10-16,19762.0,19768.75,19760.5,19767.8,12:10:00,19757.87044148701,0,36
2023-10-16,19759.45,19762.45,19755.5,19761.05,12:15:00,19758.020875631104,0,37
2023-10-16,19765.75,19767.3,19758.5,19760.0,12:20:00,19758.756982713858,0,38
2023-10-16,19766.5,19770.35,19765.35,19765.9,12:25:00,19759.494412931585,0,39
2023-10-16,19771.25,19772.9,19765.8,19766.85,12:30:00,19760.613992652387,0,40
2023-10-16,19768.4,19774.65,19766.8,19772.4,12:35:00,19761.355517161683,0,41
2023-10-16,19764.65,19769.85,19757.15,19768.95,12:40:00,19761.669277432,0,42
2023-10-16,19769.75,19771.8,19765.25,19765.25,12:45:00,19762.43887005752,0,43
2023-10-16,19773.55,19775.45,19765.9,19770.2,12:50:00,19763.497072909184,0,44
2023-10-16,19770.05,19777.75,19765.35,19774.0,12:55:00,19764.121161203544,0,45
2023-10-16,19769.65,19781.2,19769.35,19770.7,13:00:00,19764.6477172794,0,46
2023-10-16,19764.4,19773.45,19762.2,19770.1,13:05:00,19764.62412515755,0,47
2023-10-16,19754.7,19767.65,19751.65,19763.85,13:10:00,19763.67897038064,0,48
2023-10-16,19745.7,19761.7,19744.4,19753.7,13:15:00,19761.96668748725,0,49
2023-10-16,19748.55,19758.65,19744.45,19745.4,13:20:00,19760.688907726555,0,50
2023-10-16,19759.7,19760.1,19746.9,19749.3,13:25:00,19760.59472603831,0,51
2023-10-16,19757.0,19761.75,19748.9,19758.95,13:30:00,19760.25237117752,0,52
2023-10-16,19764.4,19771.95,19756.7,19756.7,13:35:00,19760.647383446325,0,53
2023-10-16,19761.95,19767.85,19761.35,19765.45,13:40:00,19760.77144216572,0,54
2023-10-16,19758.35,19763.75,19755.65,19761.65,13:45:00,19760.54082862613,0,55
2023-10-16,19758.45,19762.0,19757.05,19757.9,13:50:00,19760.341702090307,0,56
2023-10-16,19766.75,19770.05,19758.0,19758.35,13:55:00,19760.952016176943,0,57
2023-10-16,19762.4,19771.75,19761.05,19767.0,14:00:00,19761.08991939819,0,58
2023-10-16,19754.05,19766.75,19753.5,19762.8,14:05:00,19760.41945088408,0,59
2023-10-16,19754.2,19761.2,19752.5,19753.9,14:10:00,19759.82712222845,0,60
2023-10-16,19762.35,19764.7,19747.65,19754.45,14:15:00,19760.067396301925,0,61
2023-10-16,19765.6,19768.9,19760.4,19762.6,14:20:00,19760.59431093984,0,62
2023-10-16,19764.4,19769.15,19760.2,19766.0,14:25:00,19760.956757517,0,63
2023-10-16,19755.7,19771.5,19755.05,19763.75,14:30:00,19760.45611394395,0,64
2023-10-16,19762.75,19767.4,19755.6,19755.85,14:35:00,19760.674579282622,0,65
2023-10-16,19757.65,19766.3,19757.65,19762.75,14:40:00,19760.38652411285,0,66
2023-10-16,19759.45,19766.55,19757.2,19758.0,14:45:00,19760.2973313402,0,67
2023-10-16,19753.85,19761.7,19753.3,19761.6,14:50:00,19759.683299783985,0,68
2023-10-16,19749.3,19757.7,19749.3,19754.05,14:55:00,19758.69441409027,0,69
2023-10-16,19736.5,19760.15,19735.7,19749.1,15:00:00,19756.58066036739,0,70
2023-10-16,19740.55,19746.7,19732.15,19737.4,15:05:00,19755.05393080859,0,71
2023-10-16,19730.45,19744.6,19730.45,19741.65,15:10:00,19752.71069930301,0,72
2023-10-16,19723.45,19731.45,19723.25,19730.85,15:15:00,19749.92396603605,0,73
2023-10-16,19725.35,19726.3,19718.8,19723.6,15:20:00,19747.58358831833,0,74
2023-10-16,19730.95,19731.8,19719.1,19724.9,15:25:00,19745.999437049923,0,75
2023-10-17,19815.6,19843.2,19812.1,19843.2,09:15:00,19761.00362080504,1,1
2023-10-17,19819.95,19826.7,19810.2,19815.4,09:20:00,19766.617561680745,1,2
2023-10-17,19817.85,19825.4,19812.65,19820.75,09:25:00,19771.496841520675,1,3
2023-10-17,19818.6,19824.4,19815.7,19818.55,09:30:00,19775.982856613944,1,4
2023-10-17,19819.2,19827.75,19814.65,19819.6,09:35:00,19780.098775031664,1,5
2023-10-17,19827.0,19829.85,19817.65,19819.3,09:40:00,19784.56555836198,1,6
2023-10-17,19828.05,19834.3,19826.8,19827.4,09:45:00,19788.706933756075,1,7
2023-10-17,19831.65,19833.55,19823.65,19827.9,09:50:00,19792.79674958883,1,8
2023-10-17,19831.35,19836.5,19827.55,19831.75,09:55:00,19796.46848772323,1,9
2023-10-17,19833.35,19835.05,19828.0,19831.15,10:00:00,19799.981012701966,1,10
2023-10-17,19821.25,19834.3,19818.95,19833.1,10:05:00,19802.00663053988,1,11
2023-10-17,19821.35,19826.05,19816.85,19821.45,10:10:00,19803.848856202745,1,12
2023-10-17,19826.4,19830.7,19820.65,19821.75,10:15:00,19805.99658418344,1,13
2023-10-17,19825.0,19826.9,19819.2,19825.65,10:20:00,19807.806433308822,1,14
2023-10-17,19817.6,19826.05,19814.8,19824.6,10:25:00,19808.73915394608,1,15
2023-10-17,19823.8,19825.8,19814.5,19817.55,10:30:00,19810.17352023693,1,16
2023-10-17,19837.15,19839.25,19823.75,19824.2,10:35:00,19812.7427087858,1,17
2023-10-17,19832.9,19840.4,19831.5,19837.45,10:40:00,19814.6624508062,1,18
2023-10-17,19833.55,19837.55,19830.4,19833.15,10:45:00,19816.46126501513,1,19
2023-10-17,19837.95,19840.0,19833.2,19833.95,10:50:00,19818.507811204163,1,20
2023-10-17,19830.6,19841.5,19830.35,19838.5,10:55:00,19819.65944823233,1,21
2023-10-17,19826.1,19832.1,19825.05,19830.8,11:00:00,19820.27283411497,1,22
2023-10-17,19825.7,19828.4,19824.25,19826.55,11:05:00,19820.789707056403,1,23
2023-10-17,19834.55,19834.55,19825.3,19825.85,11:10:00,19822.10021114627,1,24
2023-10-17,19835.15,19835.95,19830.45,19834.0,11:15:00,19823.34304817996,1,25
2023-10-17,19834.45,19836.2,19826.9,19835.25,11:20:00,19824.4008531152,1,26
2023-10-17,19830.25,19835.8,19829.1,19834.7,11:25:00,19824.95791472328,1,27
2023-10-17,19829.0,19831.35,19825.3,19829.85,11:30:00,19825.342875225822,1,28
2023-10-17,19834.5,19834.6,19827.45,19829.25,11:35:00,19826.214982347174,1,29
2023-10-17,19829.6,19834.55,19827.35,19834.55,11:40:00,19826.537364980777,1,30
2023-10-17,19826.55,19834.45,19825.9,19829.85,11:45:00,19826.53856831594,1,31
2023-10-17,19826.35,19828.55,19821.0,19826.35,11:50:00,19826.52060942871,1,32
2023-10-17,19828.8,19830.4,19824.6,19826.45,11:55:00,19826.737694245025,1,33
2023-10-17,19831.1,19832.1,19824.5,19829.25,12:00:00,19827.15315193597,1,34
2023-10-17,19831.6,19834.1,19829.0,19830.6,12:05:00,19827.576661275405,1,35
2023-10-17,19833.65,19834.55,19828.95,19831.95,12:10:00,19828.15507448728,1,36
2023-10-17,19830.35,19834.5,19829.15,19833.0,12:15:00,19828.364115012293,1,37
2023-10-17,19828.5,19833.7,19827.05,19830.0,12:20:00,19828.37705643969,1,38
2023-10-17,19827.5,19830.25,19825.35,19828.3,12:25:00,19828.29352725496,1,39
2023-10-17,19828.4,19829.15,19823.65,19826.8,12:30:00,19828.3036675164,1,40
2023-10-17,19839.9,19839.95,19828.2,19828.45,12:35:00,19829.40808013388,1,41
2023-10-17,19843.1,19843.1,19836.1,19839.55,12:40:00,19830.712072502083,1,42
2023-10-17,19843.85,19844.5,19838.6,19842.05,12:45:00,19831.96330369236,1,43
2023-10-17,19845.75,19846.65,19840.15,19843.85,12:50:00,19833.276322388327,1,44
2023-10-17,19843.2,19848.0,19838.9,19845.6,12:55:00,19834.22143454181,1,45
2023-10-17,19837.7,19844.6,19834.35,19843.2,13:00:00,19834.552726490216,1,46
2023-10-17,19837.2,19838.3,19832.9,19836.75,13:05:00,19834.80484777686,1,47
2023-10-17,19841.6,19843.9,19835.85,19836.4,13:10:00,19835.452005131447,1,48
2023-10-17,19840.4,19842.9,19837.55,19841.25,13:15:00,19835.923242737976,1,49
2023-10-17,19846.0,19848.05,19839.6,19840.4,13:20:00,19836.882933905785,1,50
2023-10-17,19840.9,19847.8,19840.0,19845.7,13:25:00,19837.26551162904,1,51
2023-10-17,19838.5,19843.05,19834.25,19840.15,13:30:00,19837.383081950087,1,52
2023-10-17,19817.5,19839.55,19817.3,19837.85,13:35:00,19835.489455097697,1,53
2023-10-17,19825.85,19829.1,19815.75,19817.2,13:40:00,19834.57141175506,1,54
2023-10-17,19826.6,19829.65,19821.2,19825.8,13:45:00,19833.81222968315,1,55
2023-10-17,19825.35,19829.7,19819.4,19826.45,13:50:00,19833.00630304666,1,56
2023-10-17,19817.4,19825.9,19816.6,19825.2,13:55:00,19831.519988470784,1,57
2023-10-17,19805.95,19819.0,19804.9,19817.55,14:00:00,19829.084751473565,1,58
2023-10-17,19798.5,19814.35,19797.8,19806.05,14:05:00,19826.17191799989,1,59
2023-10-17,19782.3,19799.55,19775.85,19798.4,14:10:00,19821.993640095137,1,60
2023-10-17,19794.5,19798.25,19779.65,19781.6,14:15:00,19819.375198181315,1,61
2023-10-17,19792.85,19803.35,19792.25,19795.05,14:20:00,19816.848988830712,1,62
2023-10-17,19789.05,19793.35,19786.6,19792.95,14:25:00,19814.20146608493,1,63
2023-10-17,19792.15,19801.1,19788.3,19789.1,14:30:00,19812.1013264578,1,64
2023-10-17,19792.25,19794.85,19787.75,19792.05,14:35:00,19810.21072393801,1,65
2023-10-17,19794.05,19796.85,19790.95,19792.8,14:40:00,19808.67160737248,1,66
2023-10-17,19792.3,19795.35,19786.1,19794.35,14:45:00,19807.11240667034,1,67
2023-10-17,19795.2,19801.0,19792.15,19793.15,14:50:00,19805.97789174936,1,68
2023-10-17,19796.2,19797.05,19792.75,19794.9,14:55:00,19805.0466639637,1,69
2023-10-17,19805.2,19805.2,19794.9,19796.1,15:00:00,19805.06126739573,1,70
2023-10-17,19818.9,19819.05,19805.7,19805.7,15:05:00,19806.37924192947,1,71
2023-10-17,19810.4,19821.75,19810.15,19819.1,15:10:00,19806.76217126952,1,72
2023-10-17,19809.75,19812.3,19806.75,19810.1,15:15:00,19807.04672638671,1,73
2023-10-17,19818.25,19818.25,19804.8,19809.3,15:20:00,19808.11370482607,1,74
2023-10-17,19818.35,19823.35,19813.5,19817.3,15:25:00,19809.088590080733,1,75
2023-10-18,19787.5,19821.55,19779.8,19820.45,09:15:00,19808.01152158536,2,1
2023-10-18,19791.7,19795.1,19775.35,19786.3,09:20:00,19806.45804333914,2,2
2023-10-18,19791.2,19794.5,19785.0,19791.3,09:25:00,19805.00489635446,2,3
2023-10-18,19796.55,19797.15,19786.5,19792.45,09:30:00,19804.199668130223,2,4
2023-10-18,19806.05,19810.45,19795.95,19796.45,09:35:00,19804.37589021306,2,5
2023-10-18,19816.25,19818.9,19805.6,19806.55,09:40:00,19805.506757811818,2,6
2023-10-18,19810.65,19821.95,19802.3,19817.15,09:45:00,19805.99659040117,2,7
2023-10-18,19804.85,19812.9,19804.0,19810.55,09:50:00,19805.887391315344,2,8
2023-10-18,19813.65,19814.2,19804.2,19804.45,09:55:00,19806.62668738055,2,9
2023-10-18,19826.35,19827.0,19812.55,19813.35,10:00:00,19808.50509810621,2,10
2023-10-18,19836.1,19840.2,19824.45,19826.6,10:05:00,19811.13318400086,2,11
2023-10-18,19832.7,19837.25,19827.7,19836.55,10:10:00,19813.187166476968,2,12
2023-10-18,19828.5,19836.25,19827.4,19832.7,10:15:00,19814.6455315744,2,13
2023-10-18,19832.35,19834.6,19827.05,19828.2,10:20:00,19816.331671424457,2,14
2023-10-18,19830.55,19836.9,19830.05,19832.95,10:25:00,19817.68579795546,2,15
2023-10-18,19830.25,19831.85,19826.85,19830.4,10:30:00,19818.882388626367,2,16
2023-10-18,19823.1,19831.15,19822.55,19830.65,10:35:00,19819.284065900047,2,17
2023-10-18,19787.5,19823.25,19787.3,19822.8,10:40:00,19816.257012004804,2,18
2023-10-18,19771.9,19788.45,19760.2,19788.45,10:45:00,19812.03253467101,2,19
2023-10-18,19763.65,19771.95,19758.9,19771.95,10:50:00,19807.42467422616,2,20
2023-10-18,19768.45,19770.6,19762.05,19763.15,10:55:00,19803.712800490328,2,21
2023-10-18,19763.5,19768.8,19760.5,19767.9,11:00:00,19799.88300996744,2,22
2023-10-18,19746.2,19764.65,19745.45,19763.55,11:05:00,19794.77034235149,2,23
2023-10-18,19724.9,19746.7,19717.75,19745.2,11:10:00,19788.116024032304,2,24
2023-10-18,19730.55,19738.95,19719.8,19725.25,11:15:00,19782.633545553035,2,25
2023-10-18,19743.65,19745.7,19729.05,19731.4,11:20:00,19778.92082692893,2,26
2023-10-18,19738.8,19745.35,19734.85,19743.15,11:25:00,19775.09979579285,2,27
2023-10-18,19742.1,19745.1,19733.9,19738.45,11:30:00,19771.956958098293,2,28
2023-10-18,19746.55,19751.05,19741.1,19741.9,11:35:00,19769.53724780321,2,29
2023-10-18,19733.05,19749.45,19730.1,19747.3,11:40:00,19766.06227182196,2,30
2023-10-18,19730.5,19733.5,19721.65,19733.5,11:45:00,19762.675388791293,2,31
2023-10-18,19729.5,19730.95,19725.05,19730.5,11:50:00,19759.515827954023,2,32
2023-10-18,19697.55,19729.25,19695.3,19729.25,11:55:00,19753.61432052984,2,33
2023-10-18,19694.9,19706.8,19690.0,19697.35,12:00:00,19748.022480479376,2,34
2023-10-18,19708.65,19710.3,19694.0,19694.2,12:05:00,19744.27272043372,2,35
2023-10-18,19700.8,19709.75,19699.25,19708.05,12:10:00,19740.1324613448,2,36
2023-10-18,19696.55,19700.8,19687.6,19700.6,12:15:00,19735.981750740528,2,37
2023-10-18,19695.9,19698.0,19689.95,19696.35,12:20:00,19732.1644411462,2,38
2023-10-18,19703.25,19708.45,19692.95,19697.15,12:25:00,19729.41068484656,2,39
2023-10-18,19677.3,19703.5,19674.0,19703.5,12:30:00,19724.447762480217,2,40
2023-10-18,19688.4,19688.45,19674.05,19677.3,12:35:00,19721.014642244005,2,41
2023-10-18,19696.05,19698.0,19684.4,19688.25,12:40:00,19718.637057268385,2,42
2023-10-18,19685.95,19696.6,19685.0,19695.45,12:45:00,19715.5240041952,2,43
2023-10-18,19684.9,19690.05,19682.75,19686.1,12:50:00,19712.607432367087,2,44
2023-10-18,19690.9,19690.95,19681.25,19684.05,12:55:00,19710.54005785593,2,45
2023-10-18,19699.0,19700.6,19689.0,19690.8,13:00:00,19709.4410047268,2,46
2023-10-18,19703.3,19705.5,19698.1,19699.4,13:05:00,19708.856147133767,2,47
2023-10-18,19709.65,19710.55,19701.15,19702.25,13:10:00,19708.931752168646,2,48
2023-10-18,19701.8,19709.95,19698.5,19708.8,13:15:00,19708.25253767639,2,49
2023-10-18,19702.65,19703.9,19691.95,19701.4,13:20:00,19707.7189626596,2,50
2023-10-18,19705.7,19706.85,19700.6,19702.25,13:25:00,19707.52668050153,2,51
2023-10-18,19702.1,19709.45,19699.65,19704.75,13:30:00,19707.00985378711,2,52
2023-10-18,19701.0,19706.3,19699.1,19701.9,13:35:00,19706.437486759765,2,53
2023-10-18,19700.5,19701.7,19690.2,19700.65,13:40:00,19705.872011830263,2,54
2023-10-18,19700.55,19704.5,19696.4,19700.25,13:45:00,19705.36515356072,2,55
2023-10-18,19709.7,19710.2,19700.35,19701.35,13:50:00,19705.777996078737,2,56
2023-10-18,19716.1,19717.4,19709.45,19709.9,13:55:00,19706.76104407124,2,57
2023-10-18,19719.25,19721.75,19714.25,19716.55,14:00:00,19707.950468445404,2,58
2023-10-18,19721.75,19723.6,19710.05,19719.35,14:05:00,19709.26470954584,2,59
2023-10-18,19719.45,19725.4,19718.05,19720.8,14:10:00,19710.234737208146,2,60
2023-10-18,19710.4,19719.75,19706.0,19719.35,14:15:00,19710.25047652165,2,61
2023-10-18,19703.2,19712.95,19700.55,19710.05,14:20:00,19709.57900256721,2,62
2023-10-18,19703.55,19704.35,19695.05,19702.5,14:25:00,19709.004811846524,2,63
2023-10-18,19702.0,19706.65,19699.25,19704.6,14:30:00,19708.33768690876,2,64
2023-10-18,19691.2,19703.8,19677.85,19703.8,14:35:00,19706.705526250786,2,65
2023-10-18,19684.0,19694.25,19682.15,19691.0,14:40:00,19704.54309517928,2,66
2023-10-18,19690.8,19692.0,19683.05,19683.45,14:45:00,19703.23422897173,2,67
2023-10-18,19691.9,19695.25,19689.6,19690.45,14:50:00,19702.15477859347,2,68
2023-10-18,19684.2,19693.75,19682.2,19692.65,14:55:00,19700.444799679808,2,69
2023-10-18,19687.05,19698.6,19673.2,19683.05,15:00:00,19699.169104472207,2,70
2023-10-18,19672.4,19688.95,19669.5,19686.8,15:05:00,19696.61966595104,2,71
2023-10-18,19672.05,19673.3,19660.6,19672.7,15:10:00,19694.27969776523,2,72
2023-10-18,19667.3,19672.1,19663.05,19672.05,15:15:00,19691.710202739967,2,73
2023-10-18,19664.5,19669.4,19663.5,19666.85,15:20:00,19689.11875485997,2,74
2023-10-18,19668.45,19668.65,19661.6,19664.8,15:25:00,19687.150302016165,2,75
2023-10-19,19538.7,19568.7,19534.6,19545.2,09:15:00,19660.78063271618,3,1
2023-10-19,19549.5,19553.1,19539.0,19539.0,09:20:00,19650.1824772194,3,2
2023-10-19,19553.5,19557.3,19541.45,19550.1,09:25:00,19640.974622246125,3,3
2023-10-19,19535.15,19556.1,19526.75,19553.7,09:30:00,19630.89608679412,3,4
2023-10-19,19530.4,19537.2,19513.35,19535.4,09:35:00,19621.32503090896,3,5
2023-10-19,19542.6,19544.3,19529.8,19531.05,09:40:00,19613.82740891763,3,6
2023-10-19,19546.1,19546.25,19536.85,19541.6,09:45:00,19607.377179496903,3,7
2023-10-19,19572.8,19575.35,19540.65,19545.35,09:50:00,19604.084114782912,3,8
2023-10-19,19588.7,19592.85,19566.85,19571.15,09:55:00,19602.618960994063,3,9
2023-10-19,19584.9,19592.5,19582.05,19589.05,10:00:00,19600.931440899392,3,10
2023-10-19,19582.25,19587.15,19572.95,19584.7,10:05:00,19599.15225605183,3,11
2023-10-19,19575.4,19586.4,19567.15,19583.1,10:10:00,19596.890136427846,3,12
2023-10-19,19566.35,19578.45,19562.8,19574.3,10:15:00,19593.981552006146,3,13
2023-10-19,19584.85,19591.3,19560.8,19566.6,10:20:00,19593.11188038652,3,14
2023-10-19,19584.95,19589.5,19580.8,19585.3,10:25:00,19592.33455844494,3,15
2023-10-19,19571.75,19589.0,19565.25,19584.2,10:30:00,19590.374124307327,3,16
2023-10-19,19558.75,19573.4,19555.65,19571.45,10:35:00,19587.362302944726,3,17
2023-10-19,19563.75,19567.1,19555.0,19558.0,10:40:00,19585.113512188087,3,18
2023-10-19,19570.4,19578.25,19561.25,19563.6,10:45:00,19583.71222531303,3,19
2023-10-19,19566.6,19573.45,19558.05,19568.9,10:50:00,19582.082489568933,3,20
2023-10-19,19559.8,19568.85,19558.9,19565.95,10:55:00,19579.960347705222,3,21
2023-10-19,19567.15,19569.9,19555.1,19559.05,11:00:00,19578.74031459044,3,22
2023-10-19,19573.1,19578.3,19565.65,19567.1,11:05:00,19578.2031417723,3,23
2023-10-19,19574.85,19581.45,19568.85,19572.95,11:10:00,19577.883794936843,3,24
2023-10-19,19580.1,19585.45,19574.2,19574.2,11:15:00,19578.09486208572,3,25
2023-10-19,19580.8,19582.4,19575.25,19580.05,11:20:00,19578.352494268027,3,26
2023-10-19,19640.85,19645.1,19579.75,19581.25,11:25:00,19584.30463767107,3,27
2023-10-19,19645.85,19653.4,19632.8,19640.9,11:30:00,19590.16610075001,3,28
2023-10-19,19646.5,19660.5,19641.1,19644.05,11:35:00,19595.53123401192,3,29
2023-10-19,19641.95,19649.05,19634.45,19646.4,11:40:00,19599.95206886793,3,30
2023-10-19,19647.3,19651.05,19641.45,19641.45,11:45:00,19604.46139564241,3,31
2023-10-19,19638.8,19656.4,19635.15,19646.8,11:50:00,19607.73173891456,3,32
2023-10-19,19637.25,19645.25,19636.85,19638.65,11:55:00,19610.54300187508,3,33
2023-10-19,19647.1,19648.6,19637.45,19637.45,12:00:00,19614.024620744123,3,34
2023-10-19,19660.45,19660.45,19641.05,19647.3,12:05:00,19618.44608543516,3,35
2023-10-19,19661.3,19664.65,19655.0,19658.95,12:10:00,19622.52741063181,3,36
2023-10-19,19653.5,19664.15,19649.85,19661.0,12:15:00,19625.477181047827,3,37
2023-10-19,19635.7,19655.7,19633.85,19652.75,12:20:00,19626.4507828528,3,38
2023-10-19,19649.0,19649.6,19634.6,19634.95,12:25:00,19628.598327343007,3,39
2023-10-19,19650.25,19655.2,19645.1,19648.85,12:30:00,19630.660391405578,3,40
2023-10-19,19639.55,19652.6,19639.55,19650.4,12:35:00,19631.507020795525,3,41
2023-10-19,19645.9,19649.15,19637.6,19637.6,12:40:00,19632.87778071976,3,42
2023-10-19,19651.65,19654.75,19640.75,19646.15,12:45:00,19634.6656111274,3,43
2023-10-19,19661.6,19663.35,19648.9,19651.9,12:50:00,19637.23079102003,3,44
2023-10-19,19652.35,19663.9,19650.05,19661.2,12:55:00,19638.670715684788,3,45
2023-10-19,19650.55,19656.4,19649.35,19651.5,13:00:00,19639.80207609576,3,46
2023-10-19,19639.6,19652.1,19638.0,19649.7,13:05:00,19639.78283075331,3,47
2023-10-19,19643.7,19647.7,19634.25,19639.9,13:10:00,19640.155894491087,3,48
2023-10-19,19626.35,19647.35,19626.35,19643.05,13:15:00,19638.84104739669,3,49
2023-10-19,19633.15,19633.15,19618.35,19626.1,13:20:00,19638.299042882725,3,50
2023-10-19,19642.95,19645.9,19633.55,19633.85,13:25:00,19638.74199117961,3,51
2023-10-19,19645.25,19652.5,19641.4,19642.6,13:30:00,19639.36180154346,3,52
2023-10-19,19644.9,19650.05,19642.75,19645.45,13:35:00,19639.889249015512,3,53
2023-10-19,19651.8,19656.85,19639.65,19645.4,13:40:00,19641.02360625213,3,54
2023-10-19,19652.0,19657.2,19647.65,19652.05,13:45:00,19642.06897708526,3,55
2023-10-19,19651.65,19657.4,19647.8,19651.35,13:50:00,19642.98145545809,3,56
2023-10-19,19656.35,19661.9,19646.25,19650.8,13:55:00,19644.254650176368,3,57
2023-10-19,19675.35,19676.5,19651.05,19656.2,14:00:00,19647.21611206433,3,58
2023-10-19,19666.0,19681.75,19666.0,19675.6,14:05:00,19649.005053772493,3,59
2023-10-19,19657.65,19672.9,19656.75,19665.9,14:10:00,19649.82838198464,3,60
2023-10-19,19644.8,19660.6,19640.25,19657.7,14:15:00,19649.34948846229,3,61
2023-10-19,19645.05,19649.95,19639.55,19644.4,14:20:00,19648.940013370648,3,62
2023-10-19,19641.35,19646.75,19637.2,19644.05,14:25:00,19648.2171549544,3,63
2023-10-19,19643.85,19646.6,19628.65,19641.95,14:30:00,19647.801235434927,3,64
2023-10-19,19646.3,19648.6,19639.65,19644.0,14:35:00,19647.6582606316,3,65
2023-10-19,19644.15,19652.55,19643.05,19646.3,14:40:00,19647.32414057145,3,66
2023-10-19,19642.3,19647.2,19634.1,19644.45,14:45:00,19646.84565099322,3,67
2023-10-19,19645.5,19646.85,19637.2,19642.45,14:50:00,19646.71749375577,3,68
2023-10-19,19641.3,19646.95,19638.2,19645.45,14:55:00,19646.2015419695,3,69
2023-10-19,19640.6,19643.9,19628.1,19641.95,15:00:00,19645.66806178193,3,70
2023-10-19,19635.45,19648.0,19633.05,19640.5,15:05:00,19644.694913040792,3,71
2023-10-19,19622.1,19635.6,19621.1,19634.6,15:10:00,19642.54301656072,3,72
2023-10-19,19617.1,19631.25,19616.8,19621.95,15:15:00,19640.119872126364,3,73
2023-10-19,19612.65,19620.9,19610.35,19618.05,15:20:00,19637.50369382861,3,74
2023-10-19,19611.9,19614.6,19601.6,19612.9,15:25:00,19635.06524679732,3,75
2023-10-20,19562.35,19565.8,19520.0,19542.15,09:15:00,19620.13368275245,4,1
2023-10-20,19583.9,19585.95,19558.75,19562.9,09:20:00,19616.68285582365,4,2
2023-10-20,19576.7,19583.1,19570.7,19582.4,09:25:00,19612.874964792827,4,3
2023-10-20,19566.45,19593.65,19562.3,19577.05,09:30:00,19608.453539574464,4,4
2023-10-20,19573.35,19580.0,19560.45,19566.45,09:35:00,19605.110345329274,4,5
2023-10-20,19561.95,19576.2,19561.6,19574.65,09:40:00,19600.999836250296,4,6
2023-10-20,19579.5,19584.9,19561.15,19562.2,09:45:00,19598.95223279789,4,7
2023-10-20,19570.65,19579.75,19570.25,19579.75,09:50:00,19596.25678205524,4,8
2023-10-20,19551.75,19571.05,19550.9,19570.2,09:55:00,19592.01804090712,4,9
2023-10-20,19579.3,19583.2,19548.75,19551.45,10:00:00,19590.806798915964,4,10
2023-10-20,19574.3,19583.8,19574.0,19578.35,10:05:00,19589.23472282873,4,11
2023-10-20,19570.6,19576.8,19566.3,19572.1,10:10:00,19587.45998732123,4,12
2023-10-20,19559.05,19578.9,19557.65,19572.35,10:15:00,19584.754274243016,4,13
2023-10-20,19554.15,19563.2,19550.95,19559.15,10:20:00,19581.839581457967,4,14
2023-10-20,19558.25,19562.35,19553.55,19553.55,10:25:00,19579.59295465245,4,15
2023-10-20,19554.6,19558.7,19545.85,19558.3,10:30:00,19577.21267325697,4,16
2023-10-20,19557.05,19557.55,19546.65,19553.1,10:35:00,19575.29241866108,4,17
2023-10-20,19554.25,19560.3,19549.9,19556.5,10:40:00,19573.288378788588,4,18
2023-10-20,19566.55,19568.3,19551.25,19553.95,10:45:00,19572.64662842777,4,19
2023-10-20,19555.15,19567.2,19551.2,19566.4,10:50:00,19570.980282863224,4,20
2023-10-20,19549.15,19557.7,19547.9,19554.7,10:55:00,19568.901208304826,4,21
2023-10-20,19553.0,19553.95,19545.35,19549.15,11:00:00,19567.38680751389,4,22
2023-10-20,19558.35,19561.7,19552.4,19553.1,11:05:00,19566.52615917924,4,23
2023-10-20,19567.25,19569.15,19556.25,19558.25,11:10:00,19566.59509640026,4,24
2023-10-20,19572.9,19575.25,19563.1,19567.65,11:15:00,19567.19556340976,4,25
2023-10-20,19564.75,19573.1,19562.15,19573.1,11:20:00,19566.96265260883,4,26
2023-10-20,19560.4,19566.5,19556.35,19564.5,11:25:00,19566.337638074656,4,27
2023-10-20,19554.25,19565.25,19554.05,19560.2,11:30:00,19565.186434448497,4,28
2023-10-20,19557.25,19560.35,19553.8,19555.05,11:35:00,19564.43058354864,4,29
2023-10-20,19541.7,19557.85,19540.65,19557.5,11:40:00,19562.26576606781,4,30
2023-10-20,19537.35,19547.35,19531.55,19542.15,11:45:00,19559.89283596612,4,31
2023-10-20,19543.2,19545.0,19531.3,19537.55,11:50:00,19558.303042064585,4,32
2023-10-20,19539.2,19542.85,19527.35,19542.0,11:55:00,19556.4837047251,4,33
2023-10-20,19532.1,19542.55,19531.8,19539.35,12:00:00,19554.161447132232,4,34
2023-10-20,19538.0,19539.8,19530.6,19532.1,12:05:00,19552.622261691067,4,35
2023-10-20,19546.95,19557.05,19538.4,19538.4,12:10:00,19552.08204629192,4,36
2023-10-20,19552.85,19557.8,19544.7,19546.75,12:15:00,19552.15518474031,4,37
2023-10-20,19552.65,19553.15,19541.0,19553.15,12:20:00,19552.20231000314,4,38
2023-10-20,19546.1,19554.95,19545.85,19552.7,12:25:00,19551.62113762189,4,39
2023-10-20,19544.8,19547.0,19540.0,19546.2,12:30:00,19550.971505467423,4,40
2023-10-20,19529.05,19546.05,19528.7,19544.65,12:35:00,19548.883743041955,4,41
2023-10-20,19532.95,19535.15,19527.6,19528.6,12:40:00,19547.366243704622,4,42
2023-10-20,19532.4,19535.05,19528.25,19533.35,12:45:00,19545.94088716133,4,43
2023-10-20,19539.6,19540.15,19525.75,19532.55,12:50:00,19545.336993145967,4,44
2023-10-20,19531.0,19543.2,19528.9,19539.75,12:55:00,19543.971565227304,4,45
2023-10-20,19536.05,19541.25,19527.45,19529.9,13:00:00,19543.21713044375,4,46
2023-10-20,19536.65,19543.35,19534.55,19536.5,13:05:00,19542.59168944911,4,47
2023-10-20,19533.6,19537.4,19529.85,19537.25,13:10:00,19541.735338073,4,48
2023-10-20,19563.6,19566.3,19533.1,19533.1,13:15:00,19543.817686827955,4,49
2023-10-20,19556.5,19564.05,19554.1,19563.75,13:20:00,19545.02552617768,4,50
2023-10-20,19554.8,19561.3,19554.8,19557.15,13:25:00,19545.956428446465,4,51
2023-10-20,19542.0,19555.2,19535.85,19555.2,13:30:00,19545.57962573728,4,52
2023-10-20,19541.95,19544.95,19534.5,19540.95,13:35:00,19545.23394709564,4,53
2023-10-20,19542.95,19548.6,19540.25,19541.5,13:40:00,19545.016428324623,4,54
2023-10-20,19532.75,19543.8,19531.65,19543.1,13:45:00,19543.848197055613,4,55
2023-10-20,19543.8,19546.85,19532.4,19532.65,13:50:00,19543.84360685984,4,56
2023-10-20,19543.25,19549.3,19541.25,19544.25,13:55:00,19543.787072873187,4,57
2023-10-20,19545.65,19547.95,19538.45,19543.4,14:00:00,19543.96449450431,4,58
2023-10-20,19545.45,19546.85,19539.5,19545.2,14:05:00,19544.105971218185,4,59
2023-10-20,19541.05,19550.1,19540.15,19546.85,14:10:00,19543.814926340263,4,60
2023-10-20,19548.7,19549.95,19538.3,19540.85,14:15:00,19544.280171450715,4,61
2023-10-20,19547.8,19552.3,19543.3,19547.85,14:20:00,19544.615393217315,4,62
2023-10-20,19539.45,19550.3,19538.85,19547.3,14:25:00,19544.123451006144,4,63
2023-10-20,19541.45,19545.15,19534.0,19540.25,14:30:00,19543.86883662461,4,64
2023-10-20,19538.9,19541.55,19531.55,19541.55,14:35:00,19543.395614088928,4,65
2023-10-20,19542.9,19545.95,19537.7,19539.95,14:40:00,19543.348412747124,4,66
2023-10-20,19545.95,19547.25,19538.2,19542.4,14:45:00,19543.596182961683,4,67
2023-10-20,19544.65,19550.6,19539.75,19545.9,14:50:00,19543.696546489144,4,68
2023-10-20,19538.05,19547.8,19535.95,19544.45,14:55:00,19543.15878015685,4,69
2023-10-20,19542.1,19549.25,19529.1,19536.5,15:00:00,19543.05794395144,4,70
2023-10-20,19549.45,19555.05,19541.6,19541.7,15:05:00,19543.66671119416,4,71
2023-10-20,19546.4,19550.8,19539.35,19549.7,15:10:00,19543.92702441376,4,72
2023-10-20,19531.25,19546.45,19526.5,19546.45,15:15:00,19542.719688755304,4,73
2023-10-20,19539.55,19546.5,19532.65,19532.65,15:20:00,19542.41781363575,4,74
2023-10-20,19541.75,19545.0,19536.2,19539.1,15:25:00,19542.354212337108,4,75
2023-10-23,19547.8,19551.6,19519.15,19521.6,09:15:00,19541.08451395396,0,1
2023-10-23,19548.4,19556.05,19538.55,19548.1,09:20:00,19541.781226910727,0,2
2023-10-23,19546.45,19556.35,19539.0,19548.65,09:25:00,19542.22587196685,0,3
2023-10-23,19527.25,19550.15,19525.1,19546.3,09:30:00,19540.7995984462,0,4
2023-10-23,19530.65,19532.65,19524.0,19526.95,09:35:00,19539.832970022748,0,5
2023-10-23,19539.0,19541.3,19527.55,19530.2,09:40:00,19539.75363954439,0,6
2023-10-23,19540.4,19547.0,19536.3,19540.05,09:45:00,19539.81519768302,0,7
2023-10-23,19535.8,19541.9,19530.7,19539.9,09:50:00,19539.432797903683,0,8
2023-10-23,19539.3,19543.05,19534.15,19536.1,09:55:00,19539.42015048429,0,9
2023-10-23,19541.6,19544.9,19539.85,19539.85,10:00:00,19539.62775520007,0,10
2023-10-23,19510.3,19541.5,19508.7,19540.75,10:05:00,19536.834635657204,0,11
2023-10-23,19484.85,19514.25,19482.55,19510.3,10:10:00,19531.883717975565,0,12
2023-10-23,19484.45,19490.1,19471.3,19485.7,10:15:00,19527.36622102552,0,13
2023-10-23,19474.9,19485.85,19472.0,19485.6,10:20:00,19522.369438070706,0,14
2023-10-23,19471.8,19475.95,19460.75,19474.9,10:25:00,19517.553301111588,0,15
2023-10-23,19472.75,19476.25,19463.85,19471.85,10:30:00,19513.28632005334,0,16
2023-10-23,19476.55,19480.35,19470.25,19472.6,10:35:00,19509.787622905405,0,17
2023-10-23,19468.1,19479.3,19467.25,19476.65,10:40:00,19505.81737310489,0,18
2023-10-23,19464.85,19469.3,19462.85,19467.5,10:45:00,19501.91571852347,0,19
2023-10-23,19479.9,19480.4,19464.55,19465.2,10:50:00,19499.818983426,0,20
2023-10-23,19483.3,19488.1,19479.7,19479.7,10:55:00,19498.24574690924,0,21
2023-10-23,19489.05,19489.55,19479.05,19483.1,11:00:00,19497.36996148931,0,22
2023-10-23,19488.95,19490.4,19477.1,19488.6,11:05:00,19496.56806039509,0,23
2023-10-23,19484.85,19489.4,19482.55,19489.05,11:10:00,19495.45205464317,0,24
2023-10-23,19485.45,19488.1,19481.2,19484.75,11:15:00,19494.49947801049,0,25
2023-10-23,19473.5,19485.5,19472.4,19485.15,11:20:00,19492.499527723776,0,26
2023-10-23,19479.4,19481.4,19469.0,19473.9,11:25:00,19491.25195365485,0,27
2023-10-23,19478.5,19480.8,19475.8,19479.3,11:30:00,19490.0374818782,0,28
2023-10-23,19476.65,19480.2,19474.35,19478.6,11:35:00,19488.76248360408,0,29
2023-10-23,19463.55,19477.2,19462.85,19476.7,11:40:00,19486.36129468941,0,30
2023-10-23,19460.2,19463.8,19444.95,19459.85,11:45:00,19483.869742814222,0,31
2023-10-23,19474.6,19474.6,19457.75,19461.2,11:50:00,19482.98691016525,0,32
2023-10-23,19480.25,19482.2,19472.45,19474.3,11:55:00,19482.726252054275,0,33
2023-10-23,19466.6,19482.15,19465.9,19479.7,12:00:00,19481.190418525297,0,34
2023-10-23,19458.0,19471.3,19454.8,19466.45,12:05:00,19478.98180723717,0,35
2023-10-23,19459.45,19466.7,19456.85,19458.4,12:10:00,19477.121635119347,0,36
2023-10-23,19462.75,19463.85,19452.0,19460.6,12:15:00,19475.75290796512,0,37
2023-10-23,19466.1,19469.8,19461.25,19463.05,12:20:00,19474.833583397016,0,38
2023-10-23,19460.65,19468.0,19459.8,19465.7,12:25:00,19473.48276593064,0,39
2023-10-23,19458.75,19462.1,19452.45,19460.45,12:30:00,19472.07964536581,0,40
2023-10-23,19451.55,19463.9,19448.8,19457.3,12:35:00,19470.12444104526,0,41
2023-10-23,19459.35,19459.65,19447.2,19450.25,12:40:00,19469.098303802853,0,42
2023-10-23,19452.1,19460.55,19449.8,19457.3,12:45:00,19467.47941772639,0,43
2023-10-23,19451.15,19452.9,19447.15,19450.15,12:50:00,19465.924235085786,0,44
2023-10-23,19453.8,19455.65,19445.65,19449.95,12:55:00,19464.769546029995,0,45
2023-10-23,19442.85,19454.05,19438.3,19452.45,13:00:00,19462.68197021761,0,46
2023-10-23,19436.95,19448.7,19436.4,19442.1,13:05:00,19460.231306387366,0,47
2023-10-23,19432.8,19442.65,19430.0,19436.7,13:10:00,19457.618801017143,0,48
2023-10-23,19444.95,19446.7,19430.85,19433.35,13:15:00,19456.41224853932,0,49
2023-10-23,19440.85,19446.15,19432.35,19444.95,13:20:00,19454.93012963081,0,50
2023-10-23,19433.55,19440.6,19430.9,19440.4,13:25:00,19452.893926808832,0,51
2023-10-23,19407.65,19435.05,19406.0,19434.1,13:30:00,19448.584981398468,0,52
2023-10-23,19418.7,19423.2,19405.5,19406.7,13:35:00,19445.738792693854,0,53
2023-10-23,19418.2,19421.35,19405.75,19418.1,13:40:00,19443.11605053253,0,54
2023-10-23,19431.75,19431.75,19413.65,19417.85,13:45:00,19442.033569529434,0,55
2023-10-23,19436.65,19439.3,19427.35,19431.75,13:50:00,19441.52084862187,0,56
2023-10-23,19432.95,19439.9,19429.1,19436.5,13:55:00,19440.704577324548,0,57
2023-10-23,19429.2,19434.5,19422.9,19432.35,14:00:00,19439.60890329364,0,58
2023-10-23,19439.35,19440.1,19428.5,19428.85,14:05:00,19439.5842458371,0,59
2023-10-23,19437.75,19440.5,19431.65,19439.05,14:10:00,19439.40955575738,0,60
2023-10-23,19431.35,19437.75,19431.35,19436.8,14:15:00,19438.64197901858,0,61
2023-10-23,19424.5,19433.05,19421.75,19431.6,14:20:00,19437.295123873955,0,62
2023-10-23,19429.9,19430.65,19418.1,19424.1,14:25:00,19436.59082636215,0,63
2023-10-23,19412.7,19432.5,19409.65,19429.05,14:30:00,19434.31550956576,0,64
2023-10-23,19405.65,19417.1,19401.5,19412.3,14:35:00,19431.585461035684,0,65
2023-10-23,19392.15,19412.2,19391.3,19404.65,14:40:00,19427.82970284181,0,66
2023-10-23,19389.45,19399.25,19388.35,19391.1,14:45:00,19424.17449304735,0,67
2023-10-23,19371.3,19389.4,19369.15,19386.75,14:50:00,19419.138827042843,0,68
2023-10-23,19341.8,19371.8,19320.75,19369.85,14:55:00,19411.77322446733,0,69
2023-10-23,19316.15,19341.75,19276.75,19341.75,15:00:00,19402.666250708546,0,70
2023-10-23,19286.05,19320.2,19284.1,19316.2,15:05:00,19391.55994111725,0,71
2023-10-23,19272.7,19289.2,19269.55,19286.65,15:10:00,19380.23994672513,0,72
2023-10-23,19281.7,19282.85,19271.55,19273.55,15:15:00,19370.85518989417,0,73
2023-10-23,19261.65,19283.15,19258.6,19282.0,15:20:00,19360.454695618537,0,74
2023-10-23,19278.45,19279.9,19257.95,19260.05,15:25:00,19352.64472460725,0,75
2023-10-25,19319.1,19335.55,19286.45,19286.45,09:15:00,19343.746135109333,2,1
2023-10-25,19320.3,19329.4,19316.5,19320.35,09:20:00,19341.513169860824,2,2
2023-10-25,19281.25,19320.05,19260.5,19320.05,09:25:00,19335.773820350267,2,3
2023-10-25,19287.95,19313.65,19271.6,19280.3,09:30:00,19331.21917079309,2,4
2023-10-25,19320.7,19320.7,19286.2,19287.75,09:35:00,19330.21734500328,2,5
2023-10-25,19326.25,19328.9,19310.6,19320.65,09:40:00,19329.839502622013,2,6
2023-10-25,19320.9,19327.5,19316.05,19325.5,09:45:00,19328.98812141992,2,7
2023-10-25,19342.8,19343.7,19320.1,19322.0,09:50:00,19330.303538427543,2,8
2023-10-25,19331.75,19346.7,19331.25,19342.4,09:55:00,19330.441296672536,2,9
2023-10-25,19289.1,19333.8,19284.35,19331.7,10:00:00,19326.50403032277,2,10
2023-10-25,19294.2,19303.15,19287.95,19287.95,10:05:00,19323.42745600632,2,11
2023-10-25,19315.3,19315.95,19291.15,19293.2,10:10:00,19322.65341257714,2,12
2023-10-25,19314.0,19315.35,19303.4,19314.05,10:15:00,19321.829278045985,2,13
2023-10-25,19318.05,19318.5,19305.9,19314.35,10:20:00,19321.46934680351,2,14
2023-10-25,19298.75,19320.4,19298.75,19319.15,10:25:00,19319.305599488893,2,15
2023-10-25,19307.75,19312.95,19294.65,19299.4,10:30:00,19318.205066204235,2,16
2023-10-25,19308.65,19312.15,19302.3,19307.65,10:35:00,19317.295059899072,2,17
2023-10-25,19293.7,19310.8,19291.55,19308.4,10:40:00,19315.047911337257,2,18
2023-10-25,19278.95,19293.9,19278.95,19293.65,10:45:00,19311.61001501942,2,19
2023-10-25,19294.45,19295.65,19270.75,19277.65,10:50:00,19309.97572787472,2,20
2023-10-25,19281.05,19296.2,19279.85,19295.05,10:55:00,19307.22089664855,2,21
2023-10-25,19275.65,19286.75,19275.55,19280.9,11:00:00,19304.214144586786,2,22
2023-10-25,19286.4,19287.4,19261.45,19275.4,11:05:00,19302.51755938804,2,23
2023-10-25,19274.05,19289.7,19269.05,19286.9,11:10:00,19299.806363255844,2,24
2023-10-25,19275.0,19278.05,19266.25,19273.7,11:15:00,19297.44385246957,2,25
2023-10-25,19260.6,19280.0,19256.85,19276.2,11:20:00,19293.934914139136,2,26
2023-10-25,19256.1,19265.6,19247.75,19260.4,11:25:00,19290.33158898303,2,27
2023-10-25,19237.8,19257.35,19234.15,19256.45,11:30:00,19285.328580508456,2,28
2023-10-25,19229.25,19241.35,19221.65,19237.75,11:35:00,19279.98776331717,2,29
2023-10-25,19212.15,19233.95,19212.15,19230.1,11:40:00,19273.52702395364,2,30
2023-10-25,19233.15,19235.1,19210.45,19212.55,11:45:00,19269.681593100908,2,31
2023-10-25,19233.55,19238.9,19231.5,19233.25,11:50:00,19266.24048899606,2,32
2023-10-25,19251.15,19253.6,19231.35,19231.85,11:55:00,19264.803299567862,2,33
2023-10-25,19230.95,19252.15,19230.35,19250.8,12:00:00,19261.5791757995,2,34
2023-10-25,19222.1,19237.95,19222.1,19230.75,12:05:00,19257.819254294787,2,35
2023-10-25,19228.4,19233.85,19220.25,19221.4,12:10:00,19255.017420552427,2,36
2023-10-25,19224.2,19234.75,19221.0,19229.45,12:15:00,19252.08242811886,2,37
2023-10-25,19217.25,19224.8,19210.4,19224.0,12:20:00,19248.765054012303,2,38
2023-10-25,19204.0,19219.6,19202.15,19217.15,12:25:00,19244.50171553494,2,39
2023-10-25,19184.5,19205.0,19184.0,19204.35,12:30:00,19238.78726643637,2,40
2023-10-25,19186.65,19191.75,19182.35,19184.65,12:35:00,19233.82181249005,2,41
2023-10-25,19145.2,19189.1,19144.75,19186.85,12:40:00,19225.38163987195,2,42
2023-10-25,19150.0,19166.1,19144.95,19144.95,12:45:00,19218.20243607462,2,43
2023-10-25,19113.95,19151.9,19100.4,19150.55,12:50:00,19208.273632638942,2,44
2023-10-25,19090.55,19122.85,19080.85,19113.35,12:55:00,19197.0618581019,2,45
2023-10-25,19109.05,19115.85,19086.85,19090.8,13:00:00,19188.67977637791,2,46
2023-10-25,19096.95,19117.75,19091.7,19109.35,13:05:00,19179.94360719906,2,47
2023-10-25,19080.8,19100.55,19080.8,19096.25,13:10:00,19170.501358894388,2,48
2023-10-25,19127.55,19136.25,19075.1,19080.65,13:15:00,19166.4107532854,2,49
2023-10-25,19113.55,19126.8,19112.15,19125.95,13:20:00,19161.376395829648,2,50
2023-10-25,19131.1,19139.55,19112.7,19113.05,13:25:00,19158.49292956016,2,51
2023-10-25,19118.7,19143.15,19116.9,19132.85,13:30:00,19154.703126744906,2,52
2023-10-25,19133.7,19134.15,19110.6,19118.05,13:35:00,19152.702828959675,2,53
2023-10-25,19118.0,19134.5,19111.7,19133.25,13:40:00,19149.397797630183,2,54
2023-10-25,19104.95,19130.5,19103.45,19117.65,13:45:00,19145.164674046355,2,55
2023-10-25,19133.4,19137.1,19101.85,19103.7,13:50:00,19144.04422889908,2,56
2023-10-25,19154.85,19160.15,19130.75,19133.4,13:55:00,19145.07334995631,2,57
2023-10-25,19144.15,19157.25,19138.95,19154.35,14:00:00,19144.98541186524,2,58
2023-10-25,19143.25,19153.0,19139.1,19144.0,14:05:00,19144.82013454473,2,59
2023-10-25,19174.35,19175.45,19142.35,19142.35,14:10:00,19147.63250268333,2,60
2023-10-25,19155.35,19177.2,19154.75,19173.85,14:15:00,19148.367502427773,2,61
2023-10-25,19130.65,19162.9,19129.35,19154.75,14:20:00,19146.68012124417,2,62
2023-10-25,19145.6,19146.0,19130.35,19130.55,14:25:00,19146.577252554256,2,63
2023-10-25,19137.45,19146.85,19132.25,19145.75,14:30:00,19145.70799040623,2,64
2023-10-25,19127.55,19147.0,19118.1,19137.2,14:35:00,19143.97865798659,2,65
2023-10-25,19145.75,19151.9,19126.0,19126.15,14:40:00,19144.147357225964,2,66
2023-10-25,19154.5,19160.95,19143.0,19144.65,14:45:00,19145.133323204445,2,67
2023-10-25,19166.65,19167.6,19151.25,19153.55,14:50:00,19147.18253051831,2,68
2023-10-25,19148.35,19165.2,19145.75,19165.2,14:55:00,19147.293718088,2,69
2023-10-25,19132.35,19156.0,19132.25,19149.45,15:00:00,19145.87050684152,2,70
2023-10-25,19123.25,19137.35,19121.1,19132.55,15:05:00,19143.716172856613,2,71
2023-10-25,19129.5,19132.7,19123.0,19123.0,15:10:00,19142.36225163217,2,72
2023-10-25,19109.8,19135.6,19109.8,19129.3,15:15:00,19139.261084810063,2,73
2023-10-25,19112.95,19117.1,19102.3,19109.75,15:20:00,19136.755267209104,2,74
2023-10-25,19125.65,19129.95,19112.75,19114.45,15:25:00,19135.697622713,2,75
2023-10-26,19008.2,19034.6,18995.2,19027.25,09:15:00,19114.21029886484,3,1
2023-10-26,18975.0,19009.5,18963.7,19008.0,09:20:00,19100.952175163424,3,2
2023-10-26,18962.95,18985.85,18961.35,18975.2,09:25:00,19087.809110862145,3,3
2023-10-26,18971.0,18972.7,18957.55,18961.0,09:30:00,19076.68443363718,3,4
2023-10-26,18970.2,18976.95,18966.95,18971.25,09:35:00,19066.543059005067,3,5
2023-10-26,18932.05,18969.25,18927.05,18969.25,09:40:00,19053.73419624268,3,6
2023-10-26,18942.4,18944.0,18920.9,18932.9,09:45:00,19043.130939457664,3,7
2023-10-26,18935.35,18943.6,18925.15,18942.9,09:50:00,19032.86608808074,3,8
2023-10-26,18933.95,18938.35,18924.0,18935.15,09:55:00,19023.44550826353,3,9
2023-10-26,18944.95,18949.25,18924.6,18935.15,10:00:00,19015.969745571765,3,10
2023-10-26,18939.25,18946.0,18933.5,18944.85,10:05:00,19008.66310313636,3,11
2023-10-26,18914.2,18945.9,18908.75,18940.45,10:10:00,18999.66661712337,3,12
2023-10-26,18910.8,18920.2,18909.45,18913.6,10:15:00,18991.20312977829,3,13
2023-10-26,18892.7,18910.2,18888.4,18910.2,10:20:00,18981.82187932321,3,14
2023-10-26,18891.45,18897.3,18884.4,18892.5,10:25:00,18973.215033673383,3,15
2023-10-26,18897.8,18906.0,18890.05,18890.5,10:30:00,18966.03264951401,3,16
2023-10-26,18904.2,18906.6,18897.0,18898.35,10:35:00,18960.143825750776,3,17
2023-10-26,18903.35,18906.7,18890.45,18904.55,10:40:00,18954.734889964988,3,18
2023-10-26,18902.6,18907.25,18895.25,18903.6,10:45:00,18949.76966234928,3,19
2023-10-26,18897.8,18904.15,18893.25,18902.7,10:50:00,18944.820170696963,3,20
2023-10-26,18877.5,18899.3,18872.4,18897.1,10:55:00,18938.40872586868,3,21
2023-10-26,18870.7,18878.95,18864.25,18877.05,11:00:00,18931.960275785947,3,22
2023-10-26,18878.85,18882.4,18866.45,18869.85,11:05:00,18926.902154282525,3,23
2023-10-26,18861.9,18880.85,18860.45,18878.7,11:10:00,18920.71147292228,3,24
2023-10-26,18861.1,18864.45,18851.25,18862.1,11:15:00,18915.034189786824,3,25
2023-10-26,18858.05,18863.8,18854.3,18861.8,11:20:00,18909.60712409284,3,26
2023-10-26,18853.3,18860.35,18851.25,18859.5,11:25:00,18904.244540845903,3,27
2023-10-26,18854.45,18867.6,18850.3,18853.85,11:30:00,18899.502203622484,3,28
2023-10-26,18859.15,18867.45,18853.65,18854.25,11:35:00,18895.65913661082,3,29
2023-10-26,18875.5,18880.1,18857.05,18859.0,11:40:00,18893.73921883836,3,30
2023-10-26,18880.1,18896.85,18872.25,18875.55,11:45:00,18892.440245615657,3,31
2023-10-26,18878.1,18884.55,18876.7,18880.2,11:50:00,18891.074507937978,3,32
2023-10-26,18875.15,18888.3,18874.25,18877.65,11:55:00,18889.55788813436,3,33
2023-10-26,18881.8,18884.05,18872.3,18874.6,12:00:00,18888.819041645373,3,34
2023-10-26,18864.3,18880.35,18864.2,18880.35,12:05:00,18886.483894822,3,35
2023-10-26,18858.7,18866.5,18856.2,18865.35,12:10:00,18883.83780960086,3,36
2023-10-26,18886.6,18891.7,18857.4,18859.45,12:15:00,18884.10087535316,3,37
2023-10-26,18873.35,18889.8,18872.6,18886.85,12:20:00,18883.076982462386,3,38
2023-10-26,18869.9,18879.05,18868.2,18874.05,12:25:00,18881.822031751683,3,39
2023-10-26,18863.25,18871.5,18858.25,18869.75,12:30:00,18880.05326682295,3,40
2023-10-26,18866.7,18871.7,18862.7,18862.7,12:35:00,18878.781527125524,3,41
2023-10-26,18868.15,18871.05,18863.65,18866.3,12:40:00,18877.769000732616,3,42
2023-10-26,18868.75,18880.9,18866.6,18867.85,12:45:00,18876.91004828189,3,43
2023-10-26,18871.35,18878.65,18865.45,18868.8,12:50:00,18876.38051987409,3,44
2023-10-26,18872.25,18878.65,18867.35,18871.2,12:55:00,18875.98713702894,3,45
2023-10-26,18879.8,18892.6,18871.6,18872.35,13:00:00,18876.350266835707,3,46
2023-10-26,18882.4,18885.45,18876.6,18878.8,13:05:00,18876.926431898974,3,47
2023-10-26,18891.65,18903.8,18881.9,18882.0,13:10:00,18878.328676480025,3,48
2023-10-26,18894.75,18899.1,18883.3,18891.05,13:15:00,18879.89261205336,3,49
2023-10-26,18869.0,18896.6,18863.8,18894.7,13:20:00,18878.85522042923,3,50
2023-10-26,18852.55,18867.65,18845.55,18867.65,13:25:00,18876.34996134073,3,51
2023-10-26,18858.95,18864.65,18844.9,18852.5,13:30:00,18874.69282216542,3,52
2023-10-26,18859.65,18862.85,18850.2,18860.05,13:35:00,18873.26017243538,3,53
2023-10-26,18855.85,18870.5,18851.4,18858.85,13:40:00,18871.60206077487,3,54
2023-10-26,18854.9,18859.35,18844.45,18859.35,13:45:00,18870.01138832012,3,55
2023-10-26,18861.5,18861.75,18845.05,18852.9,13:50:00,18869.20077990868,3,56
2023-10-26,18854.05,18866.25,18853.2,18861.45,13:55:00,18867.757848488804,3,57
2023-10-26,18861.55,18865.25,18850.0,18853.9,14:00:00,18867.166624823203,3,58
2023-10-26,18867.6,18870.2,18856.95,18861.2,14:05:00,18867.207898649565,3,59
2023-10-26,18871.8,18874.1,18865.95,18867.5,14:10:00,18867.64524163532,3,60
2023-10-26,18863.35,18871.9,18857.45,18871.5,14:15:00,18867.236171003384,3,61
2023-10-26,18865.05,18866.65,18857.75,18861.0,14:20:00,18867.02796424116,3,62
2023-10-26,18871.75,18871.95,18863.4,18864.7,14:25:00,18867.47768193248,3,63
2023-10-26,18873.7,18876.85,18855.95,18871.4,14:30:00,18868.0702836532,3,64
2023-10-26,18873.6,18879.3,18865.55,18870.65,14:35:00,18868.59692330527,3,65
2023-10-26,18872.1,18876.1,18867.25,18872.55,14:40:00,18868.93054965715,3,66
2023-10-26,18890.9,18890.9,18871.8,18871.8,14:45:00,18871.022878261232,3,67
2023-10-26,18881.05,18897.1,18878.5,18889.0,14:50:00,18871.977842236352,3,68
2023-10-26,18873.3,18881.6,18869.9,18880.9,14:55:00,18872.10376202337,3,69
2023-10-26,18851.2,18875.25,18850.2,18872.85,15:00:00,18870.11292754495,3,70
2023-10-26,18858.35,18858.35,18843.55,18852.1,15:05:00,18868.992648731142,3,71
2023-10-26,18859.55,18866.9,18855.45,18858.15,15:10:00,18868.09334885199,3,72
2023-10-26,18861.0,18865.1,18859.45,18859.9,15:15:00,18867.41779181847,3,73
2023-10-26,18857.7,18865.25,18852.15,18861.8,15:20:00,18866.49228783576,3,74
2023-10-26,18848.5,18862.1,18839.45,18857.3,15:25:00,18864.7787366133,3,75
2023-10-27,18939.0,18959.05,18927.55,18928.75,09:15:00,18877.35969142268,4,1
2023-10-27,18977.25,18980.05,18930.6,18937.1,09:20:00,18886.87305414433,4,2
2023-10-27,18968.1,18987.8,18967.6,18977.3,09:25:00,18894.60895374963,4,3
2023-10-27,18992.55,18993.75,18967.25,18967.25,09:30:00,18903.93667244014,4,4
2023-10-27,18996.95,19002.85,18989.45,18991.8,09:35:00,18912.7950845887,4,5
2023-10-27,18992.1,19001.4,18984.75,18996.85,09:40:00,18920.34793367549,4,6
2023-10-27,19015.15,19016.75,18991.45,18991.45,09:45:00,18929.376701896872,4,7
2023-10-27,19010.2,19025.7,19010.05,19016.3,09:50:00,18937.074158859075,4,8
2023-10-27,19003.9,19011.85,19002.5,19009.55,09:55:00,18943.438524682024,4,9
2023-10-27,19015.5,19020.75,19001.6,19001.6,10:00:00,18950.30152233136,4,10
2023-10-27,19028.8,19029.5,19013.95,19014.85,10:05:00,18957.777567823607,4,11
2023-10-27,18992.15,19029.7,18990.2,19029.1,10:10:00,18961.051132792785,4,12
2023-10-27,18992.1,18997.6,18981.75,18992.2,10:15:00,18964.0081677649,4,13
2023-10-27,18981.15,19000.1,18974.35,18991.85,10:20:00,18965.640723215864,4,14
2023-10-27,18991.4,18996.75,18976.35,18981.5,10:25:00,18968.09398767149,4,15
2023-10-27,19005.7,19009.3,18989.5,18991.55,10:30:00,18971.67551265516,4,16
2023-10-27,19002.15,19008.15,18994.8,19005.85,10:35:00,18974.57784478324,4,17
2023-10-27,19000.5,19007.9,18999.6,19002.55,10:40:00,18977.046621470552,4,18
2023-10-27,19010.2,19012.5,18993.35,19000.2,10:45:00,18980.204086092406,4,19
2023-10-27,19008.75,19010.75,19004.0,19010.1,10:50:00,18982.9227445598,4,20
2023-10-27,19009.65,19010.65,19003.6,19008.65,10:55:00,18985.46819745886,4,21
2023-10-27,19022.15,19023.0,19008.4,19009.85,11:00:00,18988.96170246278,4,22
2023-10-27,19012.4,19022.55,19010.0,19021.45,11:05:00,18991.19392127585,4,23
2023-10-27,19011.2,19015.5,19005.2,19012.25,11:10:00,18993.099262106723,4,24
2023-10-27,19014.05,19017.5,19009.3,19012.15,11:15:00,18995.09457047751,4,25
2023-10-27,19035.3,19036.15,19012.75,19013.65,11:20:00,18998.923659003463,4,26
2023-10-27,19030.4,19036.7,19024.9,19035.75,11:25:00,19001.92140576504,4,27
2023-10-27,19032.9,19035.35,19026.05,19030.55,11:30:00,19004.87174807313,4,28
2023-10-27,19030.2,19037.15,19029.05,19032.75,11:35:00,19007.28396254236,4,29
2023-10-27,19021.0,19031.85,19019.8,19031.25,11:40:00,19008.59025182404,4,30
2023-10-27,19036.45,19036.45,19020.6,19020.6,11:45:00,19011.24356117413,4,31
2023-10-27,19048.4,19049.1,19035.75,19036.7,11:50:00,19014.78226963374,4,32
2023-10-27,19051.3,19055.25,19043.2,19048.0,11:55:00,19018.260148716243,4,33
2023-10-27,19053.1,19056.5,19050.4,19051.45,12:00:00,19021.578229790885,4,34
2023-10-27,19048.3,19057.65,19047.6,19052.4,12:05:00,19024.12316028699,4,35
2023-10-27,19048.8,19052.0,19044.45,19048.55,12:10:00,19026.473335497754,4,36
2023-10-27,19039.6,19053.05,19038.65,19049.1,12:15:00,19027.72349402178,4,37
2023-10-27,19040.7,19041.8,19035.05,19038.3,12:20:00,19028.959351734,4,38
2023-10-27,19023.4,19045.9,19021.1,19040.5,12:25:00,19028.42988966409,4,39
2023-10-27,19021.75,19029.9,19014.3,19023.15,12:30:00,19027.79370969608,4,40
2023-10-27,19030.3,19034.9,19020.85,19021.8,12:35:00,19028.03240401074,4,41
2023-10-27,19031.15,19032.8,19024.45,19029.85,12:40:00,19028.32931791448,4,42
2023-10-27,19032.5,19043.7,19027.05,19031.45,12:45:00,19028.726525732145,4,43
2023-10-27,19034.95,19039.25,19031.3,19032.6,12:50:00,19029.31923756718,4,44
2023-10-27,19019.55,19034.35,19019.45,19034.35,12:55:00,19028.38883398936,4,45
2023-10-27,19030.7,19031.5,19018.8,19019.65,13:00:00,19028.608945037988,4,46
2023-10-27,19032.7,19033.1,19026.3,19030.05,13:05:00,19028.998569320087,4,47
2023-10-27,19027.85,19035.95,19019.25,19033.55,13:10:00,19028.8891817658,4,48
2023-10-27,19042.1,19043.85,19026.9,19028.0,13:15:00,19030.14735493096,4,49
2023-10-27,19036.4,19047.5,19036.4,19041.95,13:20:00,19030.742844937533,4,50
2023-10-27,19041.45,19046.0,19034.75,19037.2,13:25:00,19031.7625739911,4,51
2023-10-27,19051.95,19052.25,19040.95,19041.55,13:30:00,19033.68518599195,4,52
2023-10-27,19038.5,19052.15,19036.35,19051.4,13:35:00,19034.143739707004,4,53
2023-10-27,19053.35,19053.65,19038.45,19038.7,13:40:00,19035.97290735396,4,54
2023-10-27,19064.55,19069.05,19053.75,19054.6,13:45:00,19038.694535225008,4,55
2023-10-27,19063.2,19069.0,19058.15,19064.05,13:50:00,19041.028389013103,4,56
2023-10-27,19073.15,19073.4,19054.2,19062.5,13:55:00,19044.08759005948,4,57
2023-10-27,19054.35,19073.5,19049.9,19073.15,14:00:00,19045.06496243476,4,58
2023-10-27,19053.95,19057.1,19045.8,19054.25,14:05:00,19045.9111564886,4,59
2023-10-27,19059.3,19060.95,19051.5,19053.9,14:10:00,19047.18628444206,4,60
2023-10-27,19057.8,19065.9,19054.0,19059.5,14:15:00,19048.1971144952,4,61
2023-10-27,19057.35,19058.6,19051.85,19057.45,14:20:00,19049.068817876607,4,62
2023-10-27,19057.8,19060.2,19050.25,19057.35,14:25:00,19049.900359031217,4,63
2023-10-27,19072.65,19075.1,19056.6,19057.8,14:30:00,19052.066991504435,4,64
2023-10-27,19070.95,19075.0,19068.0,19072.9,14:35:00,19053.865373265915,4,65
2023-10-27,19065.5,19075.7,19062.75,19070.85,14:40:00,19054.97343295488,4,66
2023-10-27,19051.9,19068.35,19049.75,19066.2,14:45:00,19054.68072505441,4,67
2023-10-27,19065.9,19066.6,19048.85,19051.85,14:50:00,19055.74922743018,4,68
2023-10-27,19066.55,19071.65,19054.9,19065.8,14:55:00,19056.77787243683,4,69
2023-10-27,19048.8,19067.0,19041.75,19065.7,15:00:00,19056.018075061893,4,70
2023-10-27,19047.8,19057.1,19043.6,19048.55,15:05:00,19055.235401246475,4,71
2023-10-27,19036.85,19049.3,19036.85,19047.65,15:10:00,19053.48441065157,4,72
2023-10-27,19041.7,19046.1,19035.85,19037.4,15:15:00,19052.36208582761,4,73
2023-10-27,19045.7,19048.25,19033.7,19042.2,15:20:00,19051.727601463084,4,74
2023-10-27,19060.5,19060.5,19046.0,19046.3,15:25:00,19052.56306799041,4,75
2023-10-30,19032.25,19079.35,18998.05,19053.4,09:15:00,19050.70060667696,0,1
2023-10-30,19016.2,19044.35,19014.55,19032.6,09:20:00,19047.41483461248,0,2
2023-10-30,19013.55,19029.45,19010.4,19016.4,09:25:00,19044.18961226844,0,3
2023-10-30,18974.15,19012.55,18965.9,19012.55,09:30:00,19037.519173004774,0,4
2023-10-30,18979.6,18981.25,18964.75,18973.15,09:35:00,19032.00306129004,0,5
2023-10-30,18946.5,18984.35,18941.55,18979.45,09:40:00,19023.859912595744,0,6
2023-10-30,18967.65,18971.6,18940.15,18947.15,09:45:00,19018.506587586628,0,7
2023-10-30,18958.35,18965.9,18948.6,18965.9,09:50:00,19012.777388768853,0,8
2023-10-30,18960.25,18966.45,18953.6,18959.1,09:55:00,19007.77478031468,0,9
2023-10-30,18980.4,18985.65,18957.3,18960.35,10:00:00,19005.16765837995,0,10
2023-10-30,18984.55,18985.0,18974.25,18981.6,10:05:00,19003.20407186757,0,11
2023-10-30,19010.9,19015.35,18983.65,18984.2,10:10:00,19003.93701740399,0,12
2023-10-30,19035.4,19042.25,19000.1,19011.5,10:15:00,19006.933491936947,0,13
2023-10-30,19052.3,19056.7,19031.1,19035.65,10:20:00,19011.254111752474,0,14
2023-10-30,19058.65,19063.3,19040.1,19052.9,10:25:00,19015.768005871283,0,15
2023-10-30,19064.25,19067.1,19054.15,19058.6,10:30:00,19020.385338645447,0,16
2023-10-30,19047.7,19064.95,19043.75,19063.7,10:35:00,19022.98673496493,0,17
2023-10-30,19064.6,19065.55,19043.7,19046.85,10:40:00,19026.94990306351,0,18
2023-10-30,19092.8,19098.7,19063.8,19064.6,10:45:00,19033.22134086698,0,19
2023-10-30,19087.3,19094.9,19083.0,19093.9,10:50:00,19038.37168935584,0,20
2023-10-30,19087.1,19097.85,19084.4,19086.45,10:55:00,19043.01248084576,0,21
2023-10-30,19073.6,19092.65,19064.5,19087.7,11:00:00,19045.925577908067,0,22
2023-10-30,19081.35,19087.4,19072.05,19074.8,11:05:00,19049.299332393013,0,23
2023-10-30,19075.6,19088.6,19074.35,19081.0,11:10:00,19051.8041578794,0,24
2023-10-30,19074.75,19082.15,19068.35,19075.35,11:15:00,19053.9894761766,0,25
2023-10-30,19094.75,19094.8,19073.05,19073.35,11:20:00,19057.871430826443,0,26
2023-10-30,19104.4,19106.8,19089.35,19095.2,11:25:00,19062.302723128687,0,27
2023-10-30,19112.5,19117.8,19100.25,19104.05,11:30:00,19067.08341616405,0,28
2023-10-30,19114.0,19114.0,19104.4,19112.55,11:35:00,19071.551662243663,0,29
2023-10-30,19110.6,19115.7,19101.7,19113.65,11:40:00,19075.27055155379,0,30
2023-10-30,19104.4,19111.05,19096.95,19111.05,11:45:00,19078.044784739144,0,31
2023-10-30,19108.4,19110.25,19097.7,19102.8,11:50:00,19080.93575762113,0,32
2023-10-30,19114.25,19117.3,19099.6,19107.6,11:55:00,19084.1085426096,0,33
2023-10-30,19127.25,19128.9,19114.0,19114.05,12:00:00,19088.21725283725,0,34
2023-10-30,19118.35,19128.9,19117.05,19126.0,12:05:00,19091.087038281323,0,35
2023-10-30,19108.8,19121.2,19106.2,19118.35,12:10:00,19092.77398701644,0,36
2023-10-30,19090.95,19107.65,19086.6,19107.65,12:15:00,19092.60027396725,0,37
2023-10-30,19109.25,19110.75,19088.45,19090.95,12:20:00,19094.18596216085,0,38
2023-10-30,19104.35,19111.4,19098.65,19108.7,12:25:00,19095.153965764577,0,39
2023-10-30,19101.5,19113.7,19092.05,19104.35,12:30:00,19095.75834997748,0,40
2023-10-30,19109.55,19116.95,19101.0,19101.85,12:35:00,19097.071840455814,0,41
2023-10-30,19112.65,19112.65,19101.0,19108.05,12:40:00,19098.55547469812,0,42
2023-10-30,19118.85,19119.35,19112.0,19112.0,12:45:00,19100.48828663163,0,43
2023-10-30,19112.7,19124.5,19112.5,19119.3,12:50:00,19101.651306952423,0,44
2023-10-30,19116.9,19121.4,19107.9,19111.3,12:55:00,19103.10356343315,0,45
2023-10-30,19124.1,19126.1,19108.25,19115.2,13:00:00,19105.103224058563,0,46
2023-10-30,19115.7,19124.9,19113.75,19123.05,13:05:00,19106.11244081489,0,47
2023-10-30,19127.85,19128.65,19114.7,19114.7,13:10:00,19108.18268454681,0,48
2023-10-30,19126.55,19129.85,19118.75,19126.35,13:15:00,19109.931952685205,0,49
2023-10-30,19125.35,19133.1,19122.35,19125.2,13:20:00,19111.40033814376,0,50
2023-10-30,19125.0,19130.15,19122.45,19124.4,13:25:00,19112.69554403483,0,51
2023-10-30,19135.95,19139.35,19117.85,19123.35,13:30:00,19114.91025412675,0,52
2023-10-30,19130.95,19141.3,19129.1,19134.9,13:35:00,19116.437848971826,0,53
2023-10-30,19122.6,19134.0,19119.35,19130.15,13:40:00,19117.02472049832,0,54
2023-10-30,19119.75,19130.8,19116.85,19121.7,13:45:00,19117.28427092705,0,55
2023-10-30,19119.45,19121.35,19107.45,19118.45,13:50:00,19117.490530838764,0,56
2023-10-30,19119.55,19120.2,19108.1,19117.1,13:55:00,19117.686670758885,0,57
2023-10-30,19106.65,19126.95,19106.2,19119.0,14:00:00,19116.63555925804,0,58
2023-10-30,19117.0,19117.85,19104.35,19105.2,14:05:00,19116.67026790013,0,59
2023-10-30,19119.6,19123.8,19114.85,19116.05,14:10:00,19116.949290004883,0,60
2023-10-30,19110.6,19121.05,19105.2,19118.25,14:15:00,19116.344595718703,0,61
2023-10-30,19107.5,19117.6,19105.4,19111.1,14:20:00,19115.502253269304,0,62
2023-10-30,19112.1,19113.95,19100.8,19106.75,14:25:00,19115.17822914842,0,63
2023-10-30,19120.4,19120.4,19111.25,19111.3,14:30:00,19115.675540658096,0,64
2023-10-30,19121.3,19126.45,19118.75,19119.75,14:35:00,19116.211203452563,0,65
2023-10-30,19127.25,19128.9,19118.85,19122.05,14:40:00,19117.262517409465,0,66
2023-10-30,19128.75,19130.55,19122.75,19126.75,14:45:00,19118.356563370467,0,67
2023-10-30,19131.85,19135.15,19125.4,19128.8,14:50:00,19119.64165257328,0,68
2023-10-30,19129.8,19131.85,19121.05,19131.7,14:55:00,19120.609114232968,0,69
2023-10-30,19144.2,19146.8,19125.3,19128.65,15:00:00,19122.8558652584,0,70
2023-10-30,19146.6,19154.45,19142.15,19143.15,15:05:00,19125.117211424265,0,71
2023-10-30,19138.4,19148.3,19137.65,19145.6,15:10:00,19126.38223890767,0,72
2023-10-30,19135.5,19145.05,19135.35,19138.45,15:15:00,19127.25059710694,0,73
2023-10-30,19141.95,19142.6,19134.65,19135.75,15:20:00,19128.65054023961,0,74
2023-10-30,19148.85,19157.35,19141.3,19142.7,15:25:00,19130.57429831203,0,75
2023-10-31,19175.15,19232.95,19169.35,19232.95,09:15:00,19143.64109226903,1,1
2023-10-31,19164.05,19189.05,19147.7,19173.95,09:20:00,19145.58479776722,1,2
2023-10-31,19161.55,19167.0,19146.8,19165.5,09:25:00,19147.105293217963,1,3
2023-10-31,19123.8,19161.15,19110.9,19161.15,09:30:00,19144.88574148292,1,4
2023-10-31,19162.85,19165.8,19123.75,19123.75,09:35:00,19146.59662324645,1,5
2023-10-31,19164.9,19170.1,19155.4,19163.0,09:40:00,19148.339801984883,1,6
2023-10-31,19134.65,19165.2,19119.7,19165.2,09:45:00,19147.03601131965,1,7
2023-10-31,19122.5,19135.05,19118.5,19134.8,09:50:00,19144.69924833683,1,8
2023-10-31,19124.15,19124.15,19107.75,19122.2,09:55:00,19142.74217706665,1,9
2023-10-31,19139.1,19139.4,19121.5,19125.6,10:00:00,19142.395303060308,1,10
2023-10-31,19108.3,19139.75,19105.45,19139.75,10:05:00,19139.14813134028,1,11
2023-10-31,19103.35,19109.7,19094.85,19108.6,10:10:00,19135.738785498343,1,12
2023-10-31,19104.25,19116.65,19098.7,19103.4,10:15:00,19132.73985354612,1,13
2023-10-31,19099.5,19113.75,19089.95,19103.7,10:20:00,19129.5741532084,1,14
2023-10-31,19103.5,19111.8,19096.05,19099.95,10:25:00,19127.090900521885,1,15
2023-10-31,19095.9,19106.2,19081.55,19103.65,10:30:00,19124.120338567423,1,16
2023-10-31,19109.25,19110.75,19093.75,19095.85,10:35:00,19122.70411584672,1,17
2023-10-31,19066.4,19109.5,19066.4,19109.25,10:40:00,19117.34181909941,1,18
2023-10-31,19080.6,19082.2,19064.8,19067.25,10:45:00,19113.8425982328,1,19
2023-10-31,19083.1,19087.15,19078.3,19080.8,10:50:00,19110.91473173444,1,20
2023-10-31,19097.65,19098.0,19082.0,19082.35,10:55:00,19109.651423950207,1,21
2023-10-31,19097.6,19098.75,19082.8,19097.6,11:00:00,19108.50366928828,1,22
2023-10-31,19099.4,19102.7,19091.35,19097.25,11:05:00,19107.636653165588,1,23
2023-10-31,19095.95,19099.75,19091.25,19099.25,11:10:00,19106.52363857839,1,24
2023-10-31,19093.85,19101.15,19092.9,19095.95,11:15:00,19105.31662538045,1,25
2023-10-31,19113.0,19113.0,19089.45,19093.65,11:20:00,19106.048375344213,1,26
2023-10-31,19116.1,19116.75,19107.95,19113.05,11:25:00,19107.00567293048,1,27
2023-10-31,19104.0,19116.6,19101.65,19116.5,11:30:00,19106.719418365672,1,28
2023-10-31,19103.15,19110.55,19100.35,19104.1,11:35:00,19106.37947375941,1,29
2023-10-31,19090.25,19103.75,19083.2,19103.75,11:40:00,19104.84333340137,1,30
2023-10-31,19076.65,19093.45,19074.0,19090.1,11:45:00,19102.15825402981,1,31
2023-10-31,19073.1,19082.0,19071.55,19075.5,11:50:00,19099.39080126507,1,32
2023-10-31,19079.2,19080.3,19068.0,19072.75,11:55:00,19097.46786781125,1,33
2023-10-31,19086.25,19086.25,19076.25,19079.15,12:00:00,19096.39949944828,1,34
2023-10-31,19089.05,19089.55,19081.3,19086.4,12:05:00,19095.69954711987,1,35
2023-10-31,19078.8,19089.45,19078.2,19088.0,12:10:00,19094.09006644179,1,36
2023-10-31,19097.35,19099.95,19074.9,19078.6,12:15:00,19094.400536304474,1,37
2023-10-31,19096.35,19097.1,19089.6,19096.65,12:20:00,19094.58619951357,1,38
2023-10-31,19085.15,19097.45,19083.5,19095.7,12:25:00,19093.687513845616,1,39
2023-10-31,19088.35,19089.45,19083.7,19084.15,12:30:00,19093.17917919365,1,40
2023-10-31,19102.65,19102.7,19088.15,19089.55,12:35:00,19094.08116212759,1,41
2023-10-31,19101.15,19108.15,19094.05,19102.15,12:40:00,19094.754384782107,1,42
2023-10-31,19091.65,19102.45,19089.1,19101.45,12:45:00,19094.45872908857,1,43
2023-10-31,19094.65,19097.0,19089.85,19092.25,12:50:00,19094.47694536585,1,44
2023-10-31,19096.25,19101.85,19093.35,19093.35,12:55:00,19094.64580771196,1,45
2023-10-31,19101.55,19103.65,19093.4,19096.05,13:00:00,19095.30334983463,1,46
2023-10-31,19110.05,19111.25,19099.25,19101.75,13:05:00,19096.70779270752,1,47
2023-10-31,19105.05,19113.9,19103.05,19108.6,13:10:00,19097.50228864014,1,48
2023-10-31,19109.25,19111.45,19104.65,19104.65,13:15:00,19098.62111829346,1,49
2023-10-31,19090.9,19110.9,19090.8,19109.55,13:20:00,19097.885773694084,1,50
2023-10-31,19118.9,19118.9,19083.85,19089.95,13:25:00,19099.88712858036,1,51
2023-10-31,19091.65,19132.45,19091.65,19119.55,13:30:00,19099.102640144138,1,52
2023-10-31,19099.2,19099.2,19088.9,19092.15,13:35:00,19099.11191251136,1,53
2023-10-31,19104.25,19104.65,19093.3,19098.8,13:40:00,19099.60125417695,1,54
2023-10-31,19105.0,19113.8,19101.15,19104.6,13:45:00,19100.11542044581,1,55
2023-10-31,19105.65,19108.4,19102.25,19104.25,13:50:00,19100.642523260496,1,56
2023-10-31,19100.1,19107.8,19097.45,19105.85,13:55:00,19100.590854378544,1,57
2023-10-31,19104.05,19106.65,19096.45,19099.95,14:00:00,19100.920296818684,1,58
2023-10-31,19108.45,19112.4,19103.9,19104.15,14:05:00,19101.63741140738,1,59
2023-10-31,19110.6,19115.25,19106.15,19107.55,14:10:00,19102.490991273346,1,60
2023-10-31,19127.5,19128.9,19108.85,19110.2,14:15:00,19104.872801628266,1,61
2023-10-31,19133.6,19136.25,19120.9,19127.05,14:20:00,19107.60872528272,1,62
2023-10-31,19135.55,19135.6,19122.95,19133.3,14:25:00,19110.26979906532,1,63
2023-10-31,19142.9,19145.9,19134.65,19135.5,14:30:00,19113.37743724957,1,64
2023-10-31,19127.75,19144.75,19126.25,19142.55,14:35:00,19114.746252749614,1,65
2023-10-31,19130.9,19133.85,19123.5,19127.2,14:40:00,19116.2847048687,1,66
2023-10-31,19138.75,19142.65,19130.55,19130.9,14:45:00,19118.42425678597,1,67
2023-10-31,19125.2,19142.9,19125.2,19138.2,14:50:00,19119.069565663493,1,68
2023-10-31,19116.25,19126.9,19110.05,19124.05,14:55:00,19118.801035600303,1,69
2023-10-31,19075.4,19117.15,19066.15,19115.9,15:00:00,19114.66760363837,1,70
2023-10-31,19074.05,19075.2,19056.65,19075.15,15:05:00,19110.79926043472,1,71
2023-10-31,19091.2,19097.4,19074.55,19074.55,15:10:00,19108.932664202835,1,72
2023-10-31,19084.75,19091.4,19078.75,19091.4,15:15:00,19106.629553326373,1,73
2023-10-31,19078.7,19084.8,19075.55,19084.5,15:20:00,19103.96959586672,1,74
2023-10-31,19086.55,19091.65,19075.25,19078.55,15:25:00,19102.31058673656,1,75
2023-11-01,19074.75,19085.55,19033.2,19064.05,09:15:00,19096.388938348973,2,1
2023-11-01,19082.15,19091.85,19067.25,19077.25,09:20:00,19095.0328489824,2,2
2023-11-01,19070.65,19083.2,19063.15,19082.15,09:25:00,19092.71067288884,2,3
2023-11-01,19088.45,19095.95,19065.8,19071.25,09:30:00,19092.304894518475,2,4
2023-11-01,19083.95,19092.2,19079.2,19088.2,09:35:00,19091.50919027862,2,5
2023-11-01,19078.35,19090.1,19065.45,19082.75,09:40:00,19090.255934061606,2,6
2023-11-01,19054.95,19078.45,19046.55,19077.7,09:45:00,19086.893464150977,2,7
2023-11-01,19047.0,19054.45,19040.95,19054.4,09:50:00,19083.09408661279,2,8
2023-11-01,19038.5,19051.05,19033.9,19047.1,09:55:00,19078.847030744902,2,9
2023-11-01,19026.15,19041.45,19020.4,19037.3,10:00:00,19073.82826591206,2,10
2023-11-01,19036.0,19042.15,19023.55,19026.9,10:05:00,19070.22557392044,2,11
2023-11-01,19044.1,19046.1,19030.25,19036.05,10:10:00,19067.737424023253,2,12
2023-11-01,19059.85,19061.95,19044.2,19045.15,10:15:00,19066.986240782942,2,13
2023-11-01,19052.9,19060.95,19046.05,19059.85,10:20:00,19065.644694041708,2,14
2023-11-01,19052.3,19055.15,19045.05,19052.65,10:25:00,19064.37377079964,2,15
2023-11-01,19043.85,19055.1,19041.45,19052.5,10:30:00,19062.41912596158,2,16
2023-11-01,19037.25,19044.1,19032.8,19043.95,10:35:00,19060.02206634619,2,17
2023-11-01,19049.7,19049.7,19037.2,19037.3,10:40:00,19059.03901240846,2,18
2023-11-01,19049.0,19050.8,19043.65,19050.6,10:45:00,19058.082915988605,2,19
2023-11-01,19052.2,19056.2,19048.6,19049.7,10:50:00,19057.522638275404,2,20
2023-11-01,19052.45,19058.85,19043.55,19052.55,10:55:00,19057.039529868223,2,21
2023-11-01,19049.65,19054.65,19047.85,19053.05,11:00:00,19056.335765118867,2,22
2023-11-01,19037.55,19049.5,19036.3,19049.5,11:05:00,19054.546644631355,2,23
2023-11-01,19046.65,19047.15,19031.35,19037.25,11:10:00,19053.794583237894,2,24
2023-11-01,19043.05,19051.05,19041.75,19046.7,11:15:00,19052.77128959619,2,25
2023-11-01,19045.3,19048.25,19037.4,19043.85,11:20:00,19052.05973820608,2,26
2023-11-01,19041.4,19050.75,19041.4,19045.25,11:25:00,19051.04452504359,2,27
2023-11-01,19044.25,19045.15,19030.25,19041.45,11:30:00,19050.3974274204,2,28
2023-11-01,19038.1,19046.4,19036.95,19044.6,11:35:00,19049.22624385655,2,29
2023-11-01,19045.25,19045.6,19033.3,19037.9,11:40:00,19048.847553965446,2,30
2023-11-01,19047.5,19054.1,19044.6,19044.6,11:45:00,19048.719215492547,2,31
2023-11-01,19046.3,19047.3,19039.45,19047.3,11:50:00,19048.488814017062,2,32
2023-11-01,19048.2,19055.05,19044.9,19047.05,11:55:00,19048.461307920203,2,33
2023-11-01,19043.2,19052.0,19041.3,19048.45,12:00:00,19047.960230975423,2,34
2023-11-01,19048.25,19049.25,19042.4,19043.3,12:05:00,19047.98782802538,2,35
2023-11-01,19051.5,19052.85,19047.9,19048.7,12:10:00,19048.3223205944,2,36
2023-11-01,19054.35,19063.0,19048.65,19051.5,12:15:00,19048.89638529969,2,37
2023-11-01,19057.4,19059.25,19051.95,19054.45,12:20:00,19049.706253366385,2,38
2023-11-01,19059.0,19065.45,19054.5,19056.65,12:25:00,19050.5913720934,2,39
2023-11-01,19046.2,19059.15,19041.6,19059.15,12:30:00,19050.173146179743,2,40
2023-11-01,19041.55,19051.8,19037.3,19046.0,12:35:00,19049.351894162624,2,41
2023-11-01,19038.0,19042.3,19028.15,19041.55,12:40:00,19048.27076138524,2,42
2023-11-01,19036.55,19039.15,19029.15,19038.35,12:45:00,19047.15449839616,2,43
2023-11-01,19041.05,19044.15,19032.0,19036.75,12:50:00,19046.573117596527,2,44
2023-11-01,19037.95,19043.9,19036.2,19040.7,12:55:00,19045.75186830162,2,45
2023-11-01,19034.35,19039.4,19020.85,19038.6,13:00:00,19044.66597608242,2,46
2023-11-01,19023.3,19035.95,19022.6,19034.25,13:05:00,19042.631121217422,2,47
2023-11-01,19002.95,19025.5,18996.1,19024.05,13:10:00,19038.851966815764,2,48
2023-11-01,19006.85,19009.25,18986.25,19001.95,13:15:00,19035.80416045236,2,49
2023-11-01,19001.65,19012.65,18998.65,19006.9,13:20:00,19032.551383266426,2,50
2023-11-01,19012.5,19014.15,18996.35,19003.05,13:25:00,19030.64172771724,2,51
2023-11-01,19011.75,19019.6,19006.35,19013.0,13:30:00,19028.842515553697,2,52
2023-11-01,19017.75,19018.2,19009.2,19011.85,13:35:00,19027.786085500964,2,53
2023-11-01,19033.45,19033.45,19012.0,19017.55,13:40:00,19028.32550592945,2,54
2023-11-01,19028.15,19036.0,19027.45,19033.6,13:45:00,19028.308791079024,2,55
2023-11-01,19022.75,19030.45,19020.7,19028.6,13:50:00,19027.77938240483,2,56
2023-11-01,19016.9,19025.6,19015.45,19022.8,13:55:00,19026.74325074723,2,57
2023-11-01,19019.8,19027.8,19015.55,19016.8,14:00:00,19026.081988771304,2,58
2023-11-01,19024.45,19026.9,19011.55,19019.75,14:05:00,19025.926561269272,2,59
2023-11-01,19015.1,19026.5,19010.45,19024.85,14:10:00,19024.89546019601,2,60
2023-11-01,19017.6,19020.0,19005.55,19014.75,14:15:00,19024.200654463057,2,61
2023-11-01,19014.45,19021.2,19011.9,19018.35,14:20:00,19023.27202070468,2,62
2023-11-01,19013.65,19016.05,19009.0,19014.75,14:25:00,19022.355637780416,2,63
2023-11-01,19014.75,19018.1,18999.1,19013.4,14:30:00,19021.63129132514,2,64
2023-11-01,19010.35,19017.15,19006.75,19014.95,14:35:00,19020.556882627505,2,65
2023-11-01,19004.7,19011.0,19001.9,19009.75,14:40:00,19019.046703329648,2,66
2023-11-01,19014.15,19014.15,19001.35,19003.85,14:45:00,19018.580350631582,2,67
2023-11-01,19008.4,19015.7,19006.6,19013.9,14:50:00,19017.610793428576,2,68
2023-11-01,19009.55,19024.25,19007.45,19008.85,14:55:00,19016.84309881633,2,69
2023-11-01,18992.5,19012.45,18988.5,19011.5,15:00:00,19014.52470845287,2,70
2023-11-01,18997.15,19000.15,18991.3,18992.05,15:05:00,19012.8699743145,2,71
2023-11-01,18990.6,19003.2,18989.55,18997.25,15:10:00,19010.749024379784,2,72
2023-11-01,18979.4,18990.65,18977.95,18990.4,15:15:00,19007.76340301028,2,73
2023-11-01,18982.05,18983.75,18974.2,18980.2,15:20:00,19005.314507485487,2,74
2023-11-01,18990.4,18994.7,18982.4,18982.65,15:25:00,19003.894078201152,2,75
2023-11-02,19142.15,19149.5,19113.45,19120.0,09:15:00,19027.06590074969,3,1
2023-11-02,19161.9,19167.75,19142.45,19142.85,09:20:00,19039.90724353544,3,2
2023-11-02,19158.1,19168.55,19156.4,19162.95,09:25:00,19051.16369653206,3,3
2023-11-02,19160.1,19166.0,19154.5,19159.85,09:30:00,19061.538582576628,3,4
2023-11-02,19170.85,19174.45,19152.0,19160.0,09:35:00,19071.949193759807,3,5
2023-11-02,19165.05,19174.95,19161.2,19172.15,09:40:00,19080.815937211253,3,6
2023-11-02,19155.65,19164.15,19148.15,19163.2,09:45:00,19087.94299081018,3,7
2023-11-02,19154.5,19158.95,19136.35,19155.05,09:50:00,19094.281753590163,3,8
2023-11-02,19138.55,19155.5,19134.0,19151.4,09:55:00,19098.497777057768,3,9
2023-11-02,19143.0,19145.0,19135.8,19139.55,10:00:00,19102.73608400465,3,10
2023-11-02,19146.35,19147.8,19137.65,19138.8,10:05:00,19106.889790289923,3,11
2023-11-02,19124.6,19150.0,19119.1,19145.0,10:10:00,19108.57647692897,3,12
2023-11-02,19126.7,19133.7,19121.05,19124.9,10:15:00,19110.30252674526,3,13
2023-11-02,19122.0,19130.25,19118.35,19127.3,10:20:00,19111.416571817143,3,14
2023-11-02,19123.1,19126.45,19114.4,19121.05,10:25:00,19112.52927926313,3,15
2023-11-02,19125.3,19132.7,19120.95,19123.45,10:30:00,19113.74553838093,3,16
2023-11-02,19119.8,19126.5,19115.7,19125.75,10:35:00,19114.32215377322,3,17
2023-11-02,19121.9,19124.95,19115.7,19120.4,10:40:00,19115.043853413867,3,18
2023-11-02,19121.75,19126.4,19117.7,19122.95,10:45:00,19115.68253404112,3,19
2023-11-02,19115.9,19124.1,19109.35,19121.7,10:50:00,19115.70324508482,3,20
2023-11-02,19114.45,19118.95,19111.15,19115.5,10:55:00,19115.58388841008,3,21
2023-11-02,19118.9,19119.45,19106.9,19114.15,11:00:00,19115.899708561497,3,22
2023-11-02,19118.65,19121.4,19114.25,19118.3,11:05:00,19116.16164107945,3,23
2023-11-02,19127.85,19129.9,19117.75,19119.2,11:10:00,19117.274818119506,3,24
2023-11-02,19122.2,19130.0,19122.15,19128.05,11:15:00,19117.743883060502,3,25
2023-11-02,19115.5,19124.05,19114.0,19123.75,11:20:00,19117.53017991188,3,26
2023-11-02,19115.05,19118.25,19111.15,19115.3,11:25:00,19117.293972301228,3,27
2023-11-02,19115.45,19119.1,19112.85,19115.55,11:30:00,19117.118355891587,3,28
2023-11-02,19110.75,19115.2,19102.5,19114.85,11:35:00,19116.51184580667,3,29
2023-11-02,19091.05,19110.75,19084.3,19110.5,11:40:00,19114.0869081108,3,30
2023-11-02,19077.15,19094.1,19076.45,19087.95,11:45:00,19110.569107338342,3,31
2023-11-02,19075.05,19084.8,19071.75,19077.45,11:50:00,19107.18633521088,3,32
2023-11-02,19076.5,19085.15,19072.65,19073.6,11:55:00,19104.26382709556,3,33
2023-11-02,19076.0,19080.15,19073.35,19076.7,12:00:00,19101.57203403884,3,34
2023-11-02,19071.25,19080.8,19069.95,19076.15,12:05:00,19098.68422127324,3,35
2023-11-02,19079.2,19091.95,19065.85,19071.85,12:10:00,19096.82858115197,3,36
2023-11-02,19088.65,19091.1,19076.95,19079.2,12:15:00,19096.049668661308,3,37
2023-11-02,19094.0,19094.25,19081.45,19088.7,12:20:00,19095.854462122137,3,38
2023-11-02,19094.35,19097.4,19092.8,19094.95,12:25:00,19095.711180015267,3,39
2023-11-02,19088.15,19095.95,19083.85,19094.6,12:30:00,19094.99106763286,3,40
2023-11-02,19079.7,19089.45,19079.7,19088.5,12:35:00,19093.53477547735,3,41
2023-11-02,19098.4,19110.75,19081.25,19081.5,12:40:00,19093.998130193795,3,42
2023-11-02,19096.55,19105.2,19095.85,19098.15,12:45:00,19094.24116541344,3,43
2023-11-02,19098.0,19101.9,19094.45,19096.65,12:50:00,19094.59914965977,3,44
2023-11-02,19101.4,19107.15,19096.05,19097.8,12:55:00,19095.246849692176,3,45
2023-11-02,19103.5,19111.9,19102.1,19103.4,13:00:00,19096.032864007204,3,46
2023-11-02,19105.45,19108.75,19103.25,19104.0,13:05:00,19096.929734101755,3,47
2023-11-02,19112.75,19112.75,19101.95,19105.5,13:10:00,19098.436426092063,3,48
2023-11-02,19107.7,19114.65,19105.2,19112.65,13:15:00,19099.318671226152,3,49
2023-11-02,19098.5,19109.85,19094.85,19108.0,13:20:00,19099.240702537947,3,50
2023-11-02,19098.4,19117.25,19095.35,19096.8,13:25:00,19099.16063562957,3,51
2023-11-02,19103.3,19115.75,19091.7,19098.95,13:30:00,19099.554860807708,3,52
2023-11-02,19108.05,19109.95,19101.9,19102.9,13:35:00,19100.363921683165,3,53
2023-11-02,19112.4,19113.05,19105.55,19107.6,13:40:00,19101.5102148562,3,54
2023-11-02,19114.25,19115.75,19107.8,19111.85,13:45:00,19102.72352772704,3,55
2023-11-02,19126.35,19129.45,19112.85,19113.45,13:50:00,19104.97366794351,3,56
2023-11-02,19132.2,19134.6,19125.35,19125.5,13:55:00,19107.566651948888,3,57
2023-11-02,19124.45,19136.05,19122.1,19131.0,14:00:00,19109.17458985852,3,58
2023-11-02,19125.15,19127.8,19118.35,19124.5,14:05:00,19110.69605749104,3,59
2023-11-02,19125.8,19131.45,19122.75,19125.2,14:10:00,19112.134528206177,3,60
2023-11-02,19127.2,19140.7,19121.5,19125.95,14:15:00,19113.569335043685,3,61
2023-11-02,19120.25,19129.85,19114.9,19126.6,14:20:00,19114.20558884905,3,62
2023-11-02,19113.8,19125.5,19113.3,19120.5,14:25:00,19114.16696133961,3,63
2023-11-02,19115.55,19119.05,19112.4,19116.85,14:30:00,19114.29867930727,3,64
2023-11-02,19115.35,19119.85,19111.75,19115.2,14:35:00,19114.39880508753,3,65
2023-11-02,19111.6,19119.1,19109.9,19114.3,14:40:00,19114.13225222205,3,66
2023-11-02,19110.75,19116.75,19106.95,19111.65,14:45:00,19113.81013296281,3,67
2023-11-02,19125.35,19125.35,19108.9,19110.65,14:50:00,19114.909167918737,3,68
2023-11-02,19132.55,19138.65,19121.9,19124.75,14:55:00,19116.58924716457,3,69
2023-11-02,19131.95,19141.85,19130.55,19134.75,15:00:00,19118.052176006044,3,70
2023-11-02,19129.9,19138.0,19127.0,19131.4,15:05:00,19119.180540195943,3,71
2023-11-02,19120.45,19131.0,19116.6,19129.85,15:10:00,19119.301441129664,3,72
2023-11-02,19134.5,19135.0,19119.7,19121.2,15:15:00,19120.74892292684,3,73
2023-11-02,19143.4,19144.85,19128.6,19134.2,15:20:00,19122.90616836238,3,74
2023-11-02,19144.85,19147.75,19142.1,19143.65,15:25:00,19124.99605708977,3,75
2023-11-03,19247.8,19257.75,19235.1,19241.0,09:15:00,19146.687475304778,4,1
2023-11-03,19246.15,19255.05,19243.2,19248.35,09:20:00,19156.160096704323,4,2
2023-11-03,19248.55,19253.8,19242.2,19245.95,09:25:00,19164.95913511344,4,3
2023-11-03,19249.7,19264.9,19248.45,19248.6,09:30:00,19173.02969367406,4,4
2023-11-03,19260.45,19262.1,19244.55,19249.75,09:35:00,19181.355437133672,4,5
2023-11-03,19250.2,19260.45,19248.3,19260.45,09:40:00,19187.91206216856,4,6
2023-11-03,19237.1,19254.65,19234.35,19249.65,09:45:00,19192.59662767632,4,7
2023-11-03,19249.15,19250.05,19230.95,19237.65,09:50:00,19197.98266313572,4,8
2023-11-03,19250.95,19254.8,19247.2,19249.15,09:55:00,19203.027171408503,4,9
2023-11-03,19268.1,19270.7,19247.15,19250.75,10:00:00,19209.224583655312,4,10
2023-11-03,19267.4,19270.15,19260.8,19268.25,10:05:00,19214.765099497665,4,11
2023-11-03,19264.9,19269.3,19255.45,19267.65,10:10:00,19219.53985192646,4,12
2023-11-03,19262.5,19267.2,19257.05,19264.85,10:15:00,19223.63129460013,4,13
2023-11-03,19260.45,19270.9,19254.15,19262.95,10:20:00,19227.137837971542,4,14
2023-11-03,19259.1,19263.7,19254.7,19258.85,10:25:00,19230.181853402828,4,15
2023-11-03,19256.35,19261.25,19250.65,19259.55,10:30:00,19232.674057840653,4,16
2023-11-03,19254.65,19259.65,19251.5,19256.7,10:35:00,19234.76700471297,4,17
2023-11-03,19255.4,19259.0,19252.0,19254.35,10:40:00,19236.73205188317,4,18
2023-11-03,19263.7,19265.05,19250.95,19253.45,10:45:00,19239.300427894294,4,19
2023-11-03,19263.25,19268.05,19260.75,19263.75,10:50:00,19241.581339523407,4,20
2023-11-03,19270.45,19273.4,19259.05,19263.55,10:55:00,19244.33073575927,4,21
2023-11-03,19272.45,19273.0,19268.25,19269.7,11:00:00,19247.00876092505,4,22
2023-11-03,19269.6,19275.8,19266.4,19272.05,11:05:00,19249.160307503626,4,23
2023-11-03,19268.5,19273.15,19266.45,19269.5,11:10:00,19251.002182979468,4,24
2023-11-03,19265.45,19274.05,19263.9,19268.7,11:15:00,19252.37816555285,4,25
2023-11-03,19265.05,19269.1,19260.4,19265.85,11:20:00,19253.58500692877,4,26
2023-11-03,19253.95,19266.45,19252.95,19264.95,11:25:00,19253.61976817365,4,27
2023-11-03,19256.6,19258.15,19248.35,19252.35,11:30:00,19253.90359977616,4,28
2023-11-03,19258.65,19260.45,19252.5,19256.95,11:35:00,19254.35563789272,4,29
2023-11-03,19250.9,19262.4,19250.8,19259.3,11:40:00,19254.026529521983,4,30
2023-11-03,19251.75,19260.35,19246.0,19250.45,11:45:00,19253.80971718656,4,31
2023-11-03,19246.5,19251.45,19242.2,19250.1,11:50:00,19253.11355364498,4,32
2023-11-03,19240.9,19249.0,19240.25,19247.35,11:55:00,19251.950358059745,4,33
2023-11-03,19239.7,19244.25,19236.15,19241.3,12:00:00,19250.783657292148,4,34
2023-11-03,19244.05,19244.9,19235.95,19239.6,12:05:00,19250.14235659766,4,35
2023-11-03,19245.65,19248.7,19237.85,19243.25,12:10:00,19249.71451311217,4,36
2023-11-03,19250.0,19251.7,19243.75,19245.3,12:15:00,19249.74170233958,4,37
2023-11-03,19246.3,19251.1,19244.45,19248.9,12:20:00,19249.41392116438,4,38
2023-11-03,19247.55,19250.25,19243.85,19245.85,12:25:00,19249.23640486301,4,39
2023-11-03,19245.0,19248.25,19238.3,19246.9,12:30:00,19248.8329377332,4,40
2023-11-03,19248.95,19250.05,19240.35,19244.6,12:35:00,19248.84408652052,4,41
2023-11-03,19252.0,19259.05,19246.95,19248.95,12:40:00,19249.14464970904,4,42
2023-11-03,19252.2,19257.1,19248.55,19251.15,12:45:00,19249.43563545103,4,43
2023-11-03,19248.1,19252.8,19242.9,19252.05,12:50:00,19249.308432074744,4,44
2023-11-03,19252.95,19254.4,19247.35,19248.65,12:55:00,19249.655248067626,4,45
2023-11-03,19255.5,19259.35,19252.2,19253.55,13:00:00,19250.211891108804,4,46
2023-11-03,19259.4,19259.55,19251.3,19255.1,13:05:00,19251.08694909844,4,47
2023-11-03,19253.9,19262.9,19252.05,19258.0,13:10:00,19251.35485870812,4,48
2023-11-03,19257.55,19260.25,19249.75,19254.0,13:15:00,19251.944872164484,4,49
2023-11-03,19260.7,19262.75,19255.15,19256.3,13:20:00,19252.778693863103,4,50
2023-11-03,19259.15,19267.6,19258.1,19260.2,13:25:00,19253.38548492376,4,51
2023-11-03,19257.35,19261.95,19254.65,19259.05,13:30:00,19253.763057788165,4,52
2023-11-03,19258.35,19260.65,19253.45,19256.6,13:35:00,19254.199909427385,4,53
2023-11-03,19258.7,19266.25,19252.0,19258.55,13:40:00,19254.62848948192,4,54
2023-11-03,19253.5,19261.2,19250.75,19258.4,13:45:00,19254.52101429317,4,55
2023-11-03,19257.4,19258.65,19251.55,19252.15,13:50:00,19254.795203408103,4,56
2023-11-03,19251.55,19256.9,19250.2,19256.4,13:55:00,19254.486136416854,4,57
2023-11-03,19259.7,19259.95,19250.75,19251.45,14:00:00,19254.982694853345,4,58
2023-11-03,19255.1,19261.05,19253.45,19258.5,14:05:00,19254.993866772074,4,59
2023-11-03,19254.95,19257.5,19249.15,19253.9,14:10:00,19254.989688984257,4,60
2023-11-03,19259.0,19260.55,19253.0,19254.0,14:15:00,19255.37162336671,4,61
2023-11-03,19259.05,19262.85,19256.05,19258.15,14:20:00,19255.72194495084,4,62
2023-11-03,19267.75,19269.0,19245.7,19258.35,14:25:00,19256.86747400313,4,63
2023-11-03,19250.25,19267.45,19247.3,19267.05,14:30:00,19256.237238383783,4,64
2023-11-03,19242.5,19256.6,19238.8,19249.65,14:35:00,19254.92892996628,4,65
2023-11-03,19238.3,19241.8,19233.9,19240.9,14:40:00,19253.345222350446,4,66
2023-11-03,19233.35,19238.35,19217.35,19237.05,14:45:00,19251.440915459927,4,67
2023-11-03,19232.4,19236.15,19211.4,19232.95,14:50:00,19249.62749493993,4,68
2023-11-03,19241.05,19242.7,19227.35,19233.15,14:55:00,19248.81059065994,4,69
2023-11-03,19238.15,19249.95,19238.15,19241.9,15:00:00,19247.79529631137,4,70
2023-11-03,19233.05,19239.6,19221.35,19238.5,15:05:00,19246.39098237696,4,71
2023-11-03,19227.85,19236.45,19222.35,19233.95,15:10:00,19244.62517453153,4,72
2023-11-03,19227.7,19229.1,19224.2,19228.35,15:15:00,19243.01325314758,4,73
2023-11-03,19228.25,19231.05,19220.2,19227.35,15:20:00,19241.607229038287,4,74
2023-11-03,19226.85,19230.25,19220.95,19229.35,15:25:00,19240.201778653685,4,75
2023-11-06,19331.65,19345.85,19313.15,19345.85,09:15:00,19258.01460792285,0,1
2023-11-06,19349.7,19356.4,19331.65,19331.65,09:20:00,19266.74655002544,0,2
2023-11-06,19341.2,19349.6,19337.35,19348.95,09:25:00,19273.83735478492,0,3
2023-11-06,19339.7,19347.55,19335.15,19341.65,09:30:00,19280.109987662552,0,4
2023-11-06,19340.15,19343.6,19334.45,19339.5,09:35:00,19285.828084075645,0,5
2023-11-06,19339.5,19344.65,19336.65,19339.55,09:40:00,19290.93969511606,0,6
2023-11-06,19332.7,19342.5,19332.6,19339.6,09:45:00,19294.916867009768,0,7
2023-11-06,19333.5,19337.4,19324.4,19332.1,09:50:00,19298.59145110408,0,8
2023-11-06,19347.65,19349.05,19333.6,19333.6,09:55:00,19303.26369385607,0,9
2023-11-06,19349.8,19352.25,19344.05,19347.8,10:00:00,19307.695723012635,0,10
2023-11-06,19352.4,19352.45,19345.75,19349.05,10:05:00,19311.953273201907,0,11
2023-11-06,19354.85,19355.6,19347.4,19351.55,10:10:00,19316.038675754105,0,12
2023-11-06,19367.2,19367.2,19355.25,19355.4,10:15:00,19320.911182825144,0,13
2023-11-06,19363.75,19370.75,19360.6,19366.6,10:20:00,19324.99107017513,0,14
2023-11-06,19363.35,19364.5,19360.05,19363.6,10:25:00,19328.644301587025,0,15
2023-11-06,19354.75,19364.7,19353.35,19363.05,10:30:00,19331.13055857873,0,16
2023-11-06,19347.45,19355.65,19347.25,19354.85,10:35:00,19332.68479109504,0,17
2023-11-06,19346.55,19350.1,19343.2,19348.05,10:40:00,19334.00528718123,0,18
2023-11-06,19340.25,19347.45,19338.9,19346.4,10:45:00,19334.6000217354,0,19
2023-11-06,19334.15,19340.1,19328.55,19339.9,10:50:00,19334.557162522506,0,20
2023-11-06,19341.85,19342.75,19332.15,19334.3,10:55:00,19335.25171847274,0,21
2023-11-06,19324.6,19346.35,19324.45,19342.1,11:00:00,19334.237269094385,0,22
2023-11-06,19324.4,19325.05,19310.75,19325.05,11:05:00,19333.30038632349,0,23
2023-11-06,19332.05,19333.8,19321.85,19324.0,11:10:00,19333.181301911733,0,24
2023-11-06,19337.7,19338.2,19327.8,19332.3,11:15:00,19333.611654110617,0,25
2023-11-06,19333.75,19338.5,19332.55,19337.8,11:20:00,19333.624829909604,0,26
2023-11-06,19339.7,19340.0,19330.85,19333.7,11:25:00,19334.20341753726,0,27
2023-11-06,19340.8,19343.3,19338.05,19340.0,11:30:00,19334.831663486093,0,28
2023-11-06,19341.95,19344.15,19338.85,19340.95,11:35:00,19335.50960029694,0,29
2023-11-06,19342.55,19342.55,19335.75,19341.6,11:40:00,19336.180114554376,0,30
2023-11-06,19347.55,19347.55,19339.6,19342.65,11:45:00,19337.26296078729,0,31
2023-11-06,19344.75,19348.7,19341.7,19347.75,11:50:00,19337.97601214088,0,32
2023-11-06,19340.8,19349.0,19339.9,19344.45,11:55:00,19338.24496336556,0,33
2023-11-06,19345.2,19345.75,19339.5,19340.25,12:00:00,19338.907347806937,0,34
2023-11-06,19345.65,19348.5,19343.7,19345.1,12:05:00,19339.54950515866,0,35
2023-11-06,19346.9,19352.7,19341.4,19344.75,12:10:00,19340.249552286405,0,36
2023-11-06,19342.95,19349.2,19339.95,19346.6,12:15:00,19340.50673778294,0,37
2023-11-06,19344.2,19350.35,19340.45,19343.05,12:20:00,19340.858477041707,0,38
2023-11-06,19344.85,19348.5,19342.15,19343.85,12:25:00,19341.23862208535,0,39
2023-11-06,19354.75,19354.85,19342.55,19344.0,12:30:00,19342.525419981983,0,40
2023-11-06,19357.6,19357.6,19351.2,19354.0,12:35:00,19343.961094269413,0,41
2023-11-06,19355.05,19357.7,19350.55,19357.2,12:40:00,19345.017180529467,0,42
2023-11-06,19351.45,19354.3,19347.9,19354.3,12:45:00,19345.62983000285,0,43
2023-11-06,19357.3,19360.15,19350.25,19350.95,12:50:00,19346.74127476448,0,44
2023-11-06,19353.3,19358.6,19351.65,19356.95,12:55:00,19347.365915263104,0,45
2023-11-06,19353.9,19355.6,19347.5,19352.25,13:00:00,19347.98820904757,0,46
2023-11-06,19346.85,19358.35,19346.5,19353.25,13:05:00,19347.87980818589,0,47
2023-11-06,19355.8,19358.1,19343.45,19346.25,13:10:00,19348.63411216819,0,48
2023-11-06,19352.35,19358.9,19350.6,19354.95,13:15:00,19348.98800624741,0,49
2023-11-06,19355.85,19356.1,19349.85,19351.55,13:20:00,19349.641529461944,0,50
2023-11-06,19356.05,19359.55,19353.15,19355.4,13:25:00,19350.251859989377,0,51
2023-11-06,19362.45,19362.45,19355.05,19355.8,13:30:00,19351.41358760944,0,52
2023-11-06,19361.35,19362.5,19355.95,19361.9,13:35:00,19352.35991259901,0,53
2023-11-06,19362.95,19362.95,19357.3,19360.45,13:40:00,19353.36849235149,0,54
2023-11-06,19360.3,19364.9,19357.0,19362.25,13:45:00,19354.02863593706,0,55
2023-11-06,19358.65,19361.7,19355.3,19359.45,13:50:00,19354.46876584781,0,56
2023-11-06,19358.45,19361.25,19355.0,19357.9,13:55:00,19354.84793100517,0,57
2023-11-06,19361.5,19362.05,19352.85,19358.2,14:00:00,19355.48146138563,0,58
2023-11-06,19362.4,19364.3,19358.85,19359.7,14:05:00,19356.14036982509,0,59
2023-11-06,19374.0,19374.1,19358.9,19361.65,14:10:00,19357.841286984607,0,60
2023-11-06,19379.85,19380.45,19370.85,19373.7,14:15:00,19359.93735489084,0,61
2023-11-06,19379.95,19385.15,19374.35,19379.2,14:20:00,19361.84332109171,0,62
2023-11-06,19376.65,19380.85,19372.95,19379.55,14:25:00,19363.25348098774,0,63
2023-11-06,19386.15,19386.15,19374.4,19376.15,14:30:00,19365.43410184605,0,64
2023-11-06,19376.8,19385.5,19375.35,19385.5,14:35:00,19366.516568336905,0,65
2023-11-06,19380.1,19382.2,19374.75,19376.2,14:40:00,19367.81022849529,0,66
2023-11-06,19372.4,19380.45,19371.5,19379.2,14:45:00,19368.24734959098,0,67
2023-11-06,19382.95,19384.3,19369.6,19371.7,14:50:00,19369.64760201089,0,68
2023-11-06,19385.1,19385.1,19379.15,19382.5,14:55:00,19371.11925896223,0,69
2023-11-06,19407.85,19412.7,19385.6,19385.6,15:00:00,19374.617424775348,0,70
2023-11-06,19412.4,19413.65,19407.55,19407.8,15:05:00,19378.215765272933,0,71
2023-11-06,19416.5,19416.65,19409.95,19412.15,15:10:00,19381.86188286599,0,72
2023-11-06,19415.9,19418.15,19412.95,19416.85,15:15:00,19385.103608307327,0,73
2023-11-06,19416.7,19416.7,19409.4,19415.7,15:20:00,19388.11278846853,0,74
2023-11-06,19411.85,19421.55,19406.75,19416.7,15:25:00,19390.373475281056,0,75
2023-11-07,19364.7,19407.15,19349.45,19404.05,09:15:00,19389.106858450024,1,1
2023-11-07,19382.1,19382.45,19364.4,19365.65,09:20:00,19388.43953859764,1,2
2023-11-07,19370.25,19384.1,19368.1,19382.4,09:25:00,19386.707201588342,1,3
2023-11-07,19367.05,19374.95,19364.9,19370.7,09:30:00,19384.83508715136,1,4
2023-11-07,19360.6,19370.9,19358.35,19367.0,09:35:00,19382.52698361313,1,5
2023-11-07,19366.5,19368.4,19358.6,19360.35,09:40:00,19381.000604221405,1,6
2023-11-07,19363.6,19370.0,19355.35,19367.25,09:45:00,19379.343403819366,1,7
2023-11-07,19363.85,19364.35,19357.6,19362.75,09:50:00,19377.86784155085,1,8
2023-11-07,19358.05,19374.65,19353.5,19363.7,09:55:00,19375.98042806982,1,9
2023-11-07,19350.75,19363.35,19350.05,19358.2,10:00:00,19373.577530158407,1,10
2023-11-07,19357.6,19358.25,19347.8,19350.8,10:05:00,19372.05586061951,1,11
2023-11-07,19366.2,19366.3,19355.6,19356.35,10:10:00,19371.49815960813,1,12
2023-11-07,19369.55,19369.55,19361.65,19366.65,10:15:00,19371.31262059784,1,13
2023-11-07,19365.9,19378.4,19363.55,19368.75,10:20:00,19370.79713292185,1,14
2023-11-07,19370.65,19374.2,19363.7,19366.45,10:25:00,19370.783120262626,1,15
2023-11-07,19375.5,19378.65,19369.7,19371.45,10:30:00,19371.23234690428,1,16
2023-11-07,19385.3,19386.7,19373.9,19375.75,10:35:00,19372.572123389586,1,17
2023-11-07,19393.05,19393.05,19384.05,19385.2,10:40:00,19374.522397352484,1,18
2023-11-07,19391.4,19396.4,19386.55,19392.65,10:45:00,19376.12978808082,1,19
2023-11-07,19385.0,19392.25,19381.45,19391.6,10:50:00,19376.97457016836,1,20
2023-11-07,19381.05,19386.25,19379.9,19384.8,10:55:00,19377.362706342803,1,21
2023-11-07,19386.8,19388.25,19380.1,19380.1,11:00:00,19378.26149621492,1,22
2023-11-07,19393.95,19394.5,19384.95,19386.75,11:05:00,19379.755639432544,1,23
2023-11-07,19392.85,19396.95,19389.65,19394.75,11:10:00,19381.00272139135,1,24
2023-11-07,19396.5,19398.0,19388.95,19392.85,11:15:00,19382.47865268741,1,25
2023-11-07,19390.65,19397.4,19388.5,19396.4,11:20:00,19383.256876241,1,26
2023-11-07,19389.85,19392.15,19387.0,19390.5,11:25:00,19383.88479278947,1,27
2023-11-07,19388.05,19391.85,19385.3,19390.25,11:30:00,19384.281479190475,1,28
2023-11-07,19390.15,19396.3,19387.1,19388.5,11:35:00,19384.84038593424,1,29
2023-11-07,19354.7,19390.65,19353.9,19390.15,11:40:00,19381.96987298812,1,30
2023-11-07,19336.95,19355.55,19334.7,19353.7,11:45:00,19377.68226603687,1,31
2023-11-07,19330.95,19346.9,19330.75,19336.65,11:50:00,19373.23157403336,1,32
2023-11-07,19344.9,19346.1,19329.75,19332.55,11:55:00,19370.533328887323,1,33
2023-11-07,19339.9,19345.95,19335.05,19345.95,12:00:00,19367.615868993293,1,34
2023-11-07,19350.45,19352.1,19338.85,19340.2,12:05:00,19365.981024327262,1,35
2023-11-07,19352.45,19353.65,19343.95,19350.7,12:10:00,19364.692355343715,1,36
2023-11-07,19359.15,19359.25,19349.8,19352.65,12:15:00,19364.164511977648,1,37
2023-11-07,19355.55,19362.9,19350.4,19359.65,12:20:00,19363.34408226549,1,38
2023-11-07,19353.4,19357.35,19350.35,19356.3,12:25:00,19362.39702681163,1,39
2023-11-07,19365.15,19365.2,19348.5,19353.95,12:30:00,19362.659214734333,1,40
2023-11-07,19365.7,19368.6,19362.0,19365.6,12:35:00,19362.948813331062,1,41
2023-11-07,19363.45,19368.0,19361.55,19366.1,12:40:00,19362.996545394773,1,42
2023-11-07,19371.85,19373.0,19361.25,19363.75,12:45:00,19363.83973154765,1,43
2023-11-07,19364.45,19371.4,19362.35,19370.25,12:50:00,19363.89785235264,1,44
2023-11-07,19366.85,19369.6,19359.8,19364.5,12:55:00,19364.17900927144,1,45
2023-11-07,19370.0,19372.5,19364.95,19366.25,13:00:00,19364.733389340825,1,46
2023-11-07,19367.5,19371.7,19365.75,19369.8,13:05:00,19364.99687607027,1,47
2023-11-07,19366.8,19369.1,19359.4,19367.15,13:10:00,19365.16860215881,1,48
2023-11-07,19362.15,19367.8,19360.3,19367.4,13:15:00,19364.88111623893,1,49
2023-11-07,19361.15,19362.5,19353.65,19362.5,13:20:00,19364.525771835222,1,50
2023-11-07,19355.35,19365.9,19354.85,19361.35,13:25:00,19363.65188880329,1,51
2023-11-07,19370.85,19371.85,19353.45,19355.25,13:30:00,19364.337423202986,1,52
2023-11-07,19368.9,19375.8,19365.4,19370.35,13:35:00,19364.77195432651,1,53
2023-11-07,19372.95,19376.35,19368.05,19369.6,13:40:00,19365.55081581922,1,54
2023-11-07,19373.55,19377.35,19366.35,19373.25,13:45:00,19366.31264288405,1,55
2023-11-07,19395.4,19395.75,19372.95,19375.45,13:50:00,19369.08286737129,1,56
2023-11-07,19393.8,19402.95,19392.15,19394.5,13:55:00,19371.436880002595,1,57
2023-11-07,19405.25,19407.35,19392.1,19393.85,14:00:00,19374.657177145204,1,58
2023-11-07,19397.75,19410.1,19397.45,19405.95,14:05:00,19376.856493607567,1,59
2023-11-07,19401.15,19404.55,19393.7,19397.85,14:10:00,19379.17016088304,1,60
2023-11-07,19400.55,19405.5,19396.15,19400.9,14:15:00,19381.20633603704,1,61
2023-11-07,19390.0,19406.9,19389.8,19399.55,14:20:00,19382.04382784304,1,62
2023-11-07,19388.45,19393.95,19384.15,19389.6,14:25:00,19382.65393947703,1,63
2023-11-07,19388.65,19398.35,19387.15,19388.45,14:30:00,19383.22499286017,1,64
2023-11-07,19381.3,19393.45,19380.15,19389.15,14:35:00,19383.04166020681,1,65
2023-11-07,19382.95,19389.05,19379.15,19381.9,14:40:00,19383.03293066331,1,66
2023-11-07,19390.7,19392.4,19380.75,19383.85,14:45:00,19383.763127743,1,67
2023-11-07,19395.6,19400.65,19389.05,19391.05,14:50:00,19384.89044891033,1,68
2023-11-07,19399.05,19403.3,19395.1,19396.35,14:55:00,19386.238977585537,1,69
2023-11-07,19405.0,19409.95,19398.15,19400.05,15:00:00,19388.02574162501,1,70
2023-11-07,19397.85,19411.3,19395.85,19405.3,15:05:00,19388.96138527977,1,71
2023-11-07,19398.05,19400.85,19393.75,19398.75,15:10:00,19389.82696763408,1,72
2023-11-07,19411.5,19411.85,19395.2,19398.15,15:15:00,19391.891065954645,1,73
2023-11-07,19417.75,19419.65,19410.25,19411.3,15:20:00,19394.353821578014,1,74
2023-11-07,19417.2,19422.55,19410.2,19418.1,15:25:00,19396.529648094394,1,75
2023-11-08,19414.7,19453.6,19410.65,19449.6,09:15:00,19402.83311329269,2,1
2023-11-08,19421.65,19425.6,19403.85,19414.7,09:20:00,19404.625197741007,2,2
2023-11-08,19434.6,19436.5,19418.8,19422.7,09:25:00,19407.479940813293,2,3
2023-11-08,19417.6,19440.4,19416.5,19434.25,09:30:00,19408.44375597393,2,4
2023-11-08,19418.45,19424.35,19412.3,19419.6,09:35:00,19409.39673159545,2,5
2023-11-08,19425.35,19428.55,19417.45,19418.9,09:40:00,19410.91609049113,2,6
2023-11-08,19420.85,19431.4,19419.35,19425.95,09:45:00,19411.86217711102,2,7
2023-11-08,19429.55,19430.05,19420.25,19421.5,09:50:00,19413.546731671875,2,8
2023-11-08,19444.0,19449.35,19428.3,19428.3,09:55:00,19416.44704294122,2,9
2023-11-08,19450.05,19451.45,19442.9,19443.9,10:00:00,19419.647324565864,2,10
2023-11-08,19429.8,19453.25,19429.6,19450.3,10:05:00,19420.61424603578,2,11
2023-11-08,19427.2,19437.2,19427.2,19430.1,10:10:00,19421.24146069904,2,12
2023-11-08,19433.85,19437.15,19427.55,19427.85,10:15:00,19422.4422739658,2,13
2023-11-08,19445.25,19446.35,19432.75,19433.8,10:20:00,19424.614438350007,2,14
2023-11-08,19424.85,19446.5,19421.95,19444.8,10:25:00,19424.636872792864,2,15
2023-11-08,19425.2,19431.9,19416.55,19424.0,10:30:00,19424.690503955448,2,16
2023-11-08,19434.8,19438.1,19425.05,19425.1,10:35:00,19425.65331310255,2,17
2023-11-08,19433.35,19437.1,19428.9,19435.55,10:40:00,19426.386330902307,2,18
2023-11-08,19435.7,19436.7,19431.25,19433.7,10:45:00,19427.27334700685,2,19
2023-11-08,19435.5,19438.35,19433.65,19435.85,10:50:00,19428.0568377681,2,20
2023-11-08,19428.65,19436.05,19423.1,19435.65,10:55:00,19428.113329409232,2,21
2023-11-08,19426.55,19429.7,19419.2,19428.2,11:00:00,19427.96444089407,2,22
2023-11-08,19422.5,19429.25,19421.35,19427.05,11:05:00,19427.444017951777,2,23
2023-11-08,19408.2,19423.1,19401.65,19421.7,11:10:00,19425.611254337324,2,24
2023-11-08,19409.25,19412.85,19404.65,19407.95,11:15:00,19424.053039638533,2,25
2023-11-08,19422.55,19424.2,19409.35,19409.35,11:20:00,19423.90989300629,2,26
2023-11-08,19432.4,19432.4,19418.95,19422.7,11:25:00,19424.71847462474,2,27
2023-11-08,19427.0,19435.7,19426.5,19432.15,11:30:00,19424.93576275572,2,28
2023-11-08,19435.45,19437.3,19425.6,19426.5,11:35:00,19425.937118683745,2,29
2023-11-08,19438.45,19440.45,19432.0,19435.5,11:40:00,19427.128821666247,2,30
2023-11-08,19436.8,19440.65,19433.55,19438.65,11:45:00,19428.04988626946,2,31
2023-11-08,19430.75,19443.75,19428.5,19436.9,11:50:00,19428.30703995808,2,32
2023-11-08,19431.5,19432.0,19426.8,19430.7,11:55:00,19428.61113139064,2,33
2023-11-08,19432.7,19437.0,19430.55,19431.3,12:00:00,19429.000547448675,2,34
2023-11-08,19437.5,19439.95,19431.2,19432.65,12:05:00,19429.810019120232,2,35
2023-11-08,19439.6,19439.75,19432.85,19437.4,12:10:00,19430.74239825164,2,36
2023-11-08,19435.65,19441.2,19432.45,19438.75,12:15:00,19431.209788894343,2,37
2023-11-08,19432.7,19437.95,19426.25,19436.15,12:20:00,19431.35171376155,2,38
2023-11-08,19434.8,19437.45,19430.25,19432.55,12:25:00,19431.680121974736,2,39
2023-11-08,19431.65,19439.9,19430.45,19435.3,12:30:00,19431.67725321524,2,40
2023-11-08,19428.9,19433.25,19424.65,19431.45,12:35:00,19431.412752909026,2,41
2023-11-08,19430.7,19434.4,19427.0,19428.55,12:40:00,19431.3448716796,2,42
2023-11-08,19432.95,19435.75,19428.5,19430.8,12:45:00,19431.49774104344,2,43
2023-11-08,19432.3,19438.55,19431.1,19433.0,12:50:00,19431.57414665836,2,44
2023-11-08,19437.5,19438.6,19421.1,19432.15,12:55:00,19432.13851364328,2,45
2023-11-08,19436.9,19439.65,19435.55,19437.4,13:00:00,19432.59198853439,2,46
2023-11-08,19441.15,19442.55,19434.2,19437.0,13:05:00,19433.4070372454,2,47
2023-11-08,19448.05,19448.15,19439.15,19441.25,13:10:00,19434.80160512679,2,48
2023-11-08,19452.9,19456.7,19446.05,19447.7,13:15:00,19436.525261781386,2,49
2023-11-08,19453.25,19463.2,19451.4,19451.95,13:20:00,19438.11809399268,2,50
2023-11-08,19452.75,19456.25,19443.25,19452.9,13:25:00,19439.511608850524,2,51
2023-11-08,19452.5,19456.5,19448.15,19453.2,13:30:00,19440.74859848381,2,52
2023-11-08,19458.15,19461.65,19451.15,19451.5,13:35:00,19442.405874818684,2,53
2023-11-08,19454.35,19459.1,19450.85,19458.9,13:40:00,19443.543410550235,2,54
2023-11-08,19453.4,19459.55,19450.35,19454.7,13:45:00,19444.482133354977,2,55
2023-11-08,19458.45,19459.1,19451.05,19452.95,13:50:00,19445.81240636879,2,56
2023-11-08,19461.6,19461.6,19454.9,19458.25,13:55:00,19447.31598671462,2,57
2023-11-08,19462.85,19464.3,19457.75,19461.35,14:00:00,19448.79541655132,2,58
2023-11-08,19455.7,19463.55,19447.25,19463.1,14:05:00,19449.45299592739,2,59
2023-11-08,19441.4,19457.9,19440.65,19455.1,14:10:00,19448.686043934304,2,60
2023-11-08,19436.2,19448.3,19431.2,19441.0,14:15:00,19447.49689689294,2,61
2023-11-08,19433.05,19439.8,19428.8,19435.45,14:20:00,19446.12100195076,2,62
2023-11-08,19430.75,19435.4,19428.15,19433.05,14:25:00,19444.657097003063,2,63
2023-11-08,19421.95,19433.15,19414.7,19430.95,14:30:00,19442.494516336104,2,64
2023-11-08,19427.4,19430.0,19418.6,19422.0,14:35:00,19441.05694335172,2,65
2023-11-08,19424.4,19430.1,19422.5,19427.45,14:40:00,19439.47056779441,2,66
2023-11-08,19423.8,19430.55,19421.0,19425.25,14:45:00,19437.978132766373,2,67
2023-11-08,19431.0,19434.2,19422.65,19423.4,14:50:00,19437.313548693382,2,68
2023-11-08,19433.35,19434.6,19425.95,19430.65,14:55:00,19436.936067865445,2,69
2023-11-08,19442.75,19449.2,19430.05,19430.05,15:00:00,19437.489775687784,2,70
2023-11-08,19439.45,19445.75,19437.1,19442.7,15:05:00,19437.67646371752,2,71
2023-11-08,19449.3,19450.15,19439.8,19440.05,15:10:00,19438.783467172994,2,72
2023-11-08,19448.4,19450.65,19444.85,19449.65,15:15:00,19439.699327442235,2,73
2023-11-08,19440.75,19449.3,19438.6,19448.65,15:20:00,19439.799391495355,2,74
2023-11-08,19436.45,19445.65,19430.25,19440.4,15:25:00,19439.48040182913,2,75
2023-11-09,19413.3,19457.4,19412.95,19457.4,09:15:00,19438.531122585744,3,1
2023-11-09,19427.45,19428.7,19409.85,19413.3,09:20:00,19437.47577757758,3,2
2023-11-09,19440.85,19440.85,19422.2,19427.75,09:25:00,19437.797132094,3,3
2023-11-09,19420.3,19444.85,19417.7,19441.05,09:30:00,19436.13073856124,3,4
2023-11-09,19426.7,19428.95,19420.25,19420.3,09:35:00,19435.23257298398,3,5
2023-11-09,19427.45,19427.75,19417.45,19426.15,09:40:00,19434.491375556936,3,6
2023-11-09,19423.2,19432.4,19421.65,19427.8,09:45:00,19433.416006456275,3,7
2023-11-09,19436.0,19437.25,19403.65,19423.2,09:50:00,19433.662101079488,3,8
2023-11-09,19437.5,19442.85,19431.5,19435.9,09:55:00,19434.0276152624,3,9
2023-11-09,19448.95,19449.25,19436.3,19437.9,10:00:00,19435.44879476121,3,10
2023-11-09,19445.85,19452.2,19439.85,19449.25,10:05:00,19436.439385736336,3,11
2023-11-09,19447.65,19448.2,19442.25,19445.05,10:10:00,19437.50706328526,3,12
2023-11-09,19444.75,19451.7,19439.15,19447.3,10:15:00,19438.196866781906,3,13
2023-11-09,19447.15,19448.15,19440.65,19443.6,10:20:00,19439.049546136004,3,14
2023-11-09,19425.05,19446.55,19416.65,19446.55,10:25:00,19437.71625602781,3,15
2023-11-09,19416.25,19429.2,19416.25,19425.2,10:30:00,19435.67185069183,3,16
2023-11-09,19424.0,19431.85,19414.75,19416.6,10:35:00,19434.56024586404,3,17
2023-11-09,19423.85,19431.2,19413.7,19424.6,10:40:00,19433.540222448413,3,18
2023-11-09,19425.2,19426.35,19418.45,19424.5,10:45:00,19432.745915548563,3,19
2023-11-09,19426.5,19430.95,19421.45,19425.0,10:50:00,19432.151066448703,3,20
2023-11-09,19429.2,19431.7,19423.95,19426.4,10:55:00,19431.87001250121,3,21
2023-11-09,19434.35,19434.85,19425.85,19429.2,11:00:00,19432.10620178681,3,22
2023-11-09,19436.95,19438.75,19428.45,19434.2,11:05:00,19432.567515902352,3,23
2023-11-09,19431.7,19438.0,19431.0,19436.3,11:10:00,19432.484895340225,3,24
2023-11-09,19431.65,19440.4,19427.25,19433.6,11:15:00,19432.4053814983,3,25
2023-11-09,19438.2,19439.6,19431.1,19431.8,11:20:00,19432.95724992704,3,26
2023-11-09,19452.6,19453.65,19437.05,19438.35,11:25:00,19434.82798802922,3,27
2023-11-09,19451.1,19454.9,19445.6,19452.15,11:30:00,19436.37770345501,3,28
2023-11-09,19446.5,19452.4,19444.8,19451.4,11:35:00,19437.34173169739,3,29
2023-11-09,19451.4,19452.4,19445.05,19447.5,11:40:00,19438.68061439288,3,30
2023-11-09,19459.05,19459.05,19433.15,19451.75,11:45:00,19440.62055587927,3,31
2023-11-09,19454.95,19459.75,19449.8,19459.75,11:50:00,19441.985264843148,3,32
2023-11-09,19454.9,19457.65,19442.85,19454.95,11:55:00,19443.21523961999,3,33
2023-11-09,19450.05,19458.2,19440.1,19454.15,12:00:00,19443.86616918,3,34
2023-11-09,19450.7,19456.45,19438.2,19450.65,12:05:00,19444.51701021047,3,35
2023-11-09,19445.35,19453.15,19443.15,19451.15,12:10:00,19444.59634257137,3,36
2023-11-09,19444.95,19448.2,19442.25,19445.55,12:15:00,19444.63002423125,3,37
2023-11-09,19448.45,19453.5,19444.5,19445.4,12:20:00,19444.99383144732,3,38
2023-11-09,19437.3,19449.95,19434.65,19448.9,12:25:00,19444.2610855952,3,39
2023-11-09,19443.85,19450.55,19437.3,19438.05,12:30:00,19444.22193458613,3,40
2023-11-09,19444.75,19446.0,19441.55,19444.25,12:35:00,19444.27222653031,3,41
2023-11-09,19438.35,19445.5,19436.55,19444.2,12:40:00,19443.708204956,3,42
2023-11-09,19435.0,19443.65,19431.35,19437.85,12:45:00,19442.878852103044,3,43
2023-11-09,19437.45,19441.8,19434.05,19434.05,12:50:00,19442.36181856942,3,44
2023-11-09,19435.95,19439.7,19431.5,19437.1,12:55:00,19441.75116918185,3,45
2023-11-09,19434.65,19441.8,19434.65,19435.95,13:00:00,19441.07486735501,3,46
2023-11-09,19426.2,19437.0,19425.55,19433.9,13:05:00,19439.658213321203,3,47
2023-11-09,19430.8,19437.4,19422.95,19428.35,13:10:00,19438.81457395728,3,48
2023-11-09,19429.75,19432.65,19428.25,19430.75,13:15:00,19437.951281199443,3,49
2023-11-09,19432.6,19439.65,19427.8,19430.1,13:20:00,19437.441635370924,3,50
2023-11-09,19433.55,19436.45,19430.95,19432.55,13:25:00,19437.07100343084,3,51
2023-11-09,19428.7,19437.8,19425.75,19434.15,13:30:00,19436.27376500885,3,52
2023-11-09,19429.3,19433.05,19426.5,19428.85,13:35:00,19435.60959691277,3,53
2023-11-09,19420.7,19429.75,19414.45,19428.0,13:40:00,19434.18963530203,3,54
2023-11-09,19416.0,19421.3,19415.9,19420.95,13:45:00,19432.45728908279,3,55
2023-11-09,19417.8,19422.75,19414.9,19415.75,13:50:00,19431.061356789192,3,56
2023-11-09,19418.05,19418.95,19414.6,19417.5,13:55:00,19429.822179952127,3,57
2023-11-09,19417.25,19431.4,19406.25,19417.05,14:00:00,19428.624829480497,3,58
2023-11-09,19424.75,19425.65,19410.5,19417.3,14:05:00,19428.255798101403,3,59
2023-11-09,19421.6,19424.6,19415.3,19423.0,14:10:00,19427.62191256793,3,60
2023-11-09,19415.85,19423.5,19411.65,19421.9,14:15:00,19426.50077803765,3,61
2023-11-09,19395.7,19416.8,19395.7,19413.6,14:20:00,19423.567370605502,3,62
2023-11-09,19401.95,19401.95,19394.3,19395.75,14:25:00,19421.50857340498,3,63
2023-11-09,19393.45,19406.05,19390.35,19401.5,14:30:00,19418.83632831879,3,64
2023-11-09,19398.75,19402.35,19392.85,19393.0,14:35:00,19416.923344669383,3,65
2023-11-09,19395.85,19399.9,19390.0,19398.55,14:40:00,19414.91635946277,3,66
2023-11-09,19397.45,19407.05,19384.6,19395.3,14:45:00,19413.2528966568,3,67
2023-11-09,19396.15,19405.75,19383.6,19397.4,14:50:00,19411.62404935616,3,68
2023-11-09,19397.5,19397.5,19390.0,19395.9,14:55:00,19410.278901798425,3,69
2023-11-09,19396.95,19399.2,19381.4,19393.8,15:00:00,19409.009482579528,3,70
2023-11-09,19393.75,19400.45,19388.55,19394.5,15:05:00,19407.556198524333,3,71
2023-11-09,19393.1,19399.4,19389.55,19392.95,15:10:00,19406.17941771249,3,72
2023-11-09,19398.45,19400.6,19389.75,19392.55,15:15:00,19405.443282692257,3,73
2023-11-09,19400.45,19403.35,19391.6,19398.1,15:20:00,19404.967731959663,3,74
2023-11-09,19404.0,19406.5,19395.4,19400.6,15:25:00,19404.875567011124,3,75
2023-11-10,19352.65,19361.55,19331.25,19351.85,09:15:00,19395.332607009103,4,1
2023-11-10,19353.65,19354.55,19335.3,19353.85,09:20:00,19391.362834913,4,2
2023-11-10,19352.95,19359.0,19351.6,19353.35,09:25:00,19387.704469683194,4,3
2023-11-10,19340.5,19354.65,19338.25,19353.8,09:30:00,19383.208805903843,4,4
2023-11-10,19350.45,19351.9,19334.7,19341.8,09:35:00,19380.088919627287,4,5
2023-11-10,19352.0,19354.85,19345.1,19350.5,09:40:00,19377.413784424687,4,6
2023-11-10,19343.2,19355.45,19343.2,19352.9,09:45:00,19374.155328765195,4,7
2023-11-10,19346.8,19347.6,19339.6,19343.55,09:50:00,19371.550059358982,4,8
2023-11-10,19337.2,19350.65,19335.9,19346.95,09:55:00,19368.278625134324,4,9
2023-11-10,19342.85,19344.8,19333.9,19336.35,10:00:00,19365.856851312008,4,10
2023-11-10,19343.65,19351.15,19338.75,19343.0,10:05:00,19363.741913091817,4,11
2023-11-10,19349.1,19349.75,19342.15,19343.55,10:10:00,19362.34744517831,4,12
2023-11-10,19357.8,19361.4,19348.9,19348.9,10:15:00,19361.914355161327,4,13
2023-11-10,19360.8,19361.55,19355.05,19357.8,10:20:00,19361.808226098343,4,14
2023-11-10,19356.4,19360.6,19355.25,19360.3,10:25:00,19361.29315694612,4,15
2023-11-10,19367.2,19367.5,19351.4,19356.95,10:30:00,19361.855713427445,4,16
2023-11-10,19373.9,19380.8,19365.3,19367.2,10:35:00,19363.00278833912,4,17
2023-11-10,19372.4,19377.85,19369.4,19374.2,10:40:00,19363.89776087825,4,18
2023-11-10,19380.05,19384.75,19371.15,19371.85,10:45:00,19365.43606936604,4,19
2023-11-10,19375.7,19384.15,19375.05,19379.8,10:50:00,19366.41358656928,4,20
2023-11-10,19369.05,19378.6,19367.95,19376.0,10:55:00,19366.66467356268,4,21
2023-11-10,19359.5,19370.25,19359.05,19369.6,11:00:00,19365.982323699565,4,22
2023-11-10,19357.55,19364.3,19353.9,19358.65,11:05:00,19365.179245251988,4,23
2023-11-10,19359.95,19361.95,19354.2,19357.75,11:10:00,19364.68122189465,4,24
2023-11-10,19358.6,19362.95,19356.8,19359.85,11:15:00,19364.10205790469,4,25
2023-11-10,19369.7,19370.8,19357.15,19357.15,11:20:00,19364.6351952471,4,26
2023-11-10,19373.95,19374.6,19365.35,19368.6,11:25:00,19365.522319509284,4,27
2023-11-10,19372.15,19375.2,19360.7,19373.05,11:30:00,19366.153527175065,4,28
2023-11-10,19379.15,19379.65,19371.45,19371.45,11:35:00,19367.39128649173,4,29
2023-11-10,19376.55,19379.85,19372.2,19378.35,11:40:00,19368.263544921087,4,30
2023-11-10,19375.2,19377.3,19371.1,19375.75,11:45:00,19368.92415969051,4,31
2023-11-10,19375.55,19377.6,19371.7,19375.05,11:50:00,19369.555192100936,4,32
2023-11-10,19373.15,19377.5,19372.2,19376.05,11:55:00,19369.89755475799,4,33
2023-11-10,19379.95,19383.65,19372.7,19373.45,12:00:00,19370.854930495327,4,34
2023-11-10,19384.75,19385.75,19378.9,19379.8,12:05:00,19372.17827044816,4,35
2023-11-10,19385.05,19390.25,19383.05,19384.5,12:10:00,19373.40414945309,4,36
2023-11-10,19385.1,19387.35,19379.75,19386.0,12:15:00,19374.518039981373,4,37
2023-11-10,19379.4,19385.35,19377.65,19384.65,12:20:00,19374.982988554577,4,38
2023-11-10,19378.9,19380.6,19376.1,19379.45,12:25:00,19375.356037263664,4,39
2023-11-10,19383.05,19389.2,19378.1,19378.1,12:30:00,19376.088795619504,4,40
2023-11-10,19388.8,19394.35,19382.0,19382.25,12:35:00,19377.299386512885,4,41
2023-11-10,19396.7,19396.7,19387.7,19387.95,12:40:00,19379.147063987846,4,42
2023-11-10,19404.8,19407.8,19394.6,19396.45,12:45:00,19381.590200750907,4,43
2023-11-10,19408.6,19409.8,19401.95,19404.0,12:50:00,19384.162562584155,4,44
2023-11-10,19398.25,19409.2,19397.8,19407.8,12:55:00,19385.504223290427,4,45
2023-11-10,19402.6,19407.55,19395.9,19398.15,13:00:00,19387.132392500866,4,46
2023-11-10,19403.5,19404.5,19398.85,19402.3,13:05:00,19388.691212262685,4,47
2023-11-10,19391.5,19404.5,19390.8,19402.5,13:10:00,19388.95871585672,4,48
2023-11-10,19406.8,19407.8,19390.6,19390.6,13:15:00,19390.657885775123,4,49
2023-11-10,19401.25,19408.8,19399.55,19404.85,13:20:00,19391.666658558446,4,50
2023-11-10,19398.3,19403.45,19394.15,19400.35,13:25:00,19392.29840536241,4,51
2023-11-10,19402.0,19408.7,19397.85,19398.7,13:30:00,19393.22236675646,4,52
2023-11-10,19410.85,19410.85,19399.7,19401.85,13:35:00,19394.90118897013,4,53
2023-11-10,19408.95,19413.45,19406.45,19410.6,13:40:00,19396.23917097297,4,54
2023-11-10,19404.9,19410.35,19404.9,19408.6,13:45:00,19397.06401183269,4,55
2023-11-10,19399.9,19406.65,19396.55,19404.7,13:50:00,19397.334105943864,4,56
2023-11-10,19391.45,19401.15,19385.25,19399.7,13:55:00,19396.773714901592,4,57
2023-11-10,19390.9,19394.5,19386.35,19391.05,14:00:00,19396.2143134824,4,58
2023-11-10,19393.1,19396.55,19386.75,19390.2,14:05:00,19395.91771219836,4,59
2023-11-10,19391.75,19395.05,19387.5,19392.95,14:10:00,19395.520787227084,4,60
2023-11-10,19383.95,19393.3,19375.75,19391.5,14:15:00,19394.41880749117,4,61
2023-11-10,19378.15,19387.95,19375.85,19383.95,14:20:00,19392.869397253915,4,62
2023-11-10,19374.8,19378.5,19367.05,19377.95,14:25:00,19391.148502277352,4,63
2023-11-10,19374.9,19375.2,19363.3,19375.2,14:30:00,19389.601025869983,4,64
2023-11-10,19385.4,19388.0,19369.9,19373.85,14:35:00,19389.200928168084,4,65
2023-11-10,19378.05,19385.9,19375.25,19384.55,14:40:00,19388.138935009218,4,66
2023-11-10,19377.35,19384.1,19375.75,19377.2,14:45:00,19387.111417389293,4,67
2023-11-10,19383.0,19394.35,19375.45,19375.45,14:50:00,19386.719853828406,4,68
2023-11-10,19399.05,19399.75,19381.9,19382.4,14:55:00,19387.8941534638,4,69
2023-11-10,19415.15,19423.45,19397.25,19397.25,15:00:00,19390.489948372004,4,70
2023-11-10,19409.35,19421.95,19406.9,19413.95,15:05:00,19392.286143765145,4,71
2023-11-10,19425.4,19425.4,19408.35,19408.35,15:10:00,19395.43984435894,4,72
2023-11-10,19428.5,19430.4,19421.2,19425.45,15:15:00,19398.58843061047,4,73
2023-11-10,19439.05,19441.55,19427.6,19428.75,15:20:00,19402.44191340947,4,74
2023-11-10,19443.45,19450.8,19437.75,19439.1,15:25:00,19406.34744546571,4,75
2023-11-13,19458.7,19489.6,19450.65,19486.75,09:15:00,19505.02336540425,0,1
2023-11-13,19449.2,19458.85,19443.45,19458.5,09:20:00,19499.70685441337,0,2
2023-11-13,19448.65,19459.8,19446.5,19448.95,09:25:00,19494.84429685019,0,3
2023-11-13,19452.95,19453.2,19442.4,19448.9,09:30:00,19490.85436381684,0,4
2023-11-13,19449.2,19452.65,19446.9,19452.65,09:35:00,19486.88728154857,0,5
2023-11-13,19444.85,19456.35,19441.8,19448.9,09:40:00,19482.8837309249,0,6
2023-11-13,19457.35,19461.3,19444.1,19444.6,09:45:00,19480.45194702729,0,7
2023-11-13,19455.05,19461.55,19448.2,19458.2,09:50:00,19478.03271397707,0,8
2023-11-13,19463.1,19465.85,19449.8,19455.1,09:55:00,19476.61055074116,0,9
2023-11-13,19477.1,19477.9,19462.7,19462.7,10:00:00,19476.657164956283,0,10
2023-11-13,19473.0,19479.15,19465.35,19476.4,10:05:00,19476.308863531875,0,11
2023-11-13,19469.45,19473.35,19467.9,19473.1,10:10:00,19475.6556384336,0,12
2023-11-13,19441.45,19476.55,19439.45,19469.7,10:15:00,19472.39795858278,0,13
2023-11-13,19424.0,19441.8,19422.55,19441.8,10:20:00,19467.788629193947,0,14
2023-11-13,19427.45,19430.3,19423.0,19423.7,10:25:00,19463.946854985,0,15
2023-11-13,19426.1,19428.4,19415.15,19427.4,10:30:00,19460.342392605475,0,16
2023-11-13,19423.3,19427.35,19417.75,19425.95,10:35:00,19456.814545690668,0,17
2023-11-13,19423.75,19425.45,19418.9,19423.3,10:40:00,19453.66554133917,0,18
2023-11-13,19424.4,19427.6,19419.75,19423.8,10:45:00,19450.878346925925,0,19
2023-11-13,19424.55,19431.9,19423.65,19425.05,10:50:00,19448.37088531393,0,20
2023-11-13,19427.45,19429.05,19421.4,19425.0,10:55:00,19446.378420045938,0,21
2023-11-13,19421.15,19430.1,19419.2,19427.4,11:00:00,19443.975713374897,0,22
2023-11-13,19424.25,19426.1,19420.1,19421.15,11:05:00,19442.097074005866,0,23
2023-11-13,19421.7,19425.6,19419.75,19423.9,11:10:00,19440.15449552912,0,24
2023-11-13,19436.7,19438.4,19420.0,19421.7,11:15:00,19439.825495954912,0,25
2023-11-13,19436.55,19442.4,19434.65,19437.3,11:20:00,19439.513543959205,0,26
2023-11-13,19439.75,19441.8,19432.1,19436.5,11:25:00,19439.53606358213,0,27
2023-11-13,19449.1,19453.95,19439.5,19439.5,11:30:00,19440.446914669552,0,28
2023-11-13,19446.8,19454.25,19446.8,19449.25,11:35:00,19441.05197041531,0,29
2023-11-13,19446.45,19448.7,19443.8,19447.15,11:40:00,19441.566068470995,0,30
2023-11-13,19438.4,19447.05,19436.85,19447.05,11:45:00,19441.26453814042,0,31
2023-11-13,19437.15,19445.25,19435.65,19438.45,11:50:00,19440.872677365143,0,32
2023-11-13,19437.95,19439.9,19433.25,19435.95,11:55:00,19440.594327139894,0,33
2023-11-13,19435.15,19440.25,19432.45,19438.7,12:00:00,19440.07581979324,0,34
2023-11-13,19435.8,19439.9,19431.15,19435.2,12:05:00,19439.66859886055,0,35
2023-11-13,19437.55,19439.1,19432.55,19435.8,12:10:00,19439.4668275405,0,36
2023-11-13,19438.3,19439.5,19435.6,19437.5,12:15:00,19439.35570110807,0,37
2023-11-13,19434.5,19439.25,19430.55,19437.55,12:20:00,19438.89325338349,0,38
2023-11-13,19443.95,19446.4,19434.3,19434.6,12:25:00,19439.37484829935,0,39
2023-11-13,19442.15,19450.15,19440.5,19443.8,12:30:00,19439.63914846132,0,40
2023-11-13,19439.35,19446.8,19438.75,19442.25,12:35:00,19439.61161051262,0,41
2023-11-13,19442.55,19444.8,19437.15,19439.1,12:40:00,19439.891457130467,0,42
2023-11-13,19445.95,19447.35,19442.35,19443.05,12:45:00,19440.46846121328,0,43
2023-11-13,19444.15,19448.9,19440.85,19445.2,12:50:00,19440.81908395488,0,44
2023-11-13,19442.35,19445.6,19439.4,19443.85,12:55:00,19440.964885482983,0,45
2023-11-13,19442.9,19444.05,19438.3,19442.55,13:00:00,19441.14918210365,0,46
2023-11-13,19442.85,19446.8,19440.65,19443.4,13:05:00,19441.31116476045,0,47
2023-11-13,19440.15,19446.4,19438.75,19443.05,13:10:00,19441.200577640404,0,48
2023-11-13,19438.0,19441.7,19435.85,19440.25,13:15:00,19440.89576072227,0,49
2023-11-13,19441.85,19443.0,19436.05,19437.85,13:20:00,19440.98664065348,0,50
2023-11-13,19448.15,19449.95,19440.7,19441.7,13:25:00,19441.66886535316,0,51
2023-11-13,19449.25,19454.6,19447.25,19448.1,13:30:00,19442.390878176662,0,52
2023-11-13,19448.85,19451.5,19445.55,19448.8,13:35:00,19443.00603263603,0,53
2023-11-13,19444.05,19450.7,19442.7,19448.5,13:40:00,19443.105458099264,0,54
2023-11-13,19444.05,19447.7,19438.75,19444.2,13:45:00,19443.195414470763,0,55
2023-11-13,19441.55,19444.95,19437.35,19443.6,13:50:00,19443.03870833069,0,56
2023-11-13,19446.4,19449.35,19440.05,19441.15,13:55:00,19443.358831346814,0,57
2023-11-13,19452.4,19452.8,19445.25,19446.7,14:00:00,19444.21989502807,0,58
2023-11-13,19454.05,19454.9,19448.4,19451.3,14:05:00,19445.156095501585,0,59
2023-11-13,19455.35,19459.8,19451.1,19453.45,14:10:00,19446.12694354905,0,60
2023-11-13,19450.65,19457.3,19448.45,19455.1,14:15:00,19446.557710830097,0,61
2023-11-13,19453.9,19454.4,19448.85,19450.65,14:20:00,19447.256976465327,0,62
2023-11-13,19454.25,19457.7,19449.6,19453.9,14:25:00,19447.922978706723,0,63
2023-11-13,19455.5,19457.8,19451.85,19453.6,14:30:00,19448.64459978228,0,64
2023-11-13,19450.1,19460.05,19448.3,19456.0,14:35:00,19448.783209326823,0,65
2023-11-13,19450.95,19455.25,19446.75,19450.25,14:40:00,19448.98957034332,0,66
2023-11-13,19450.2,19452.7,19447.45,19449.05,14:45:00,19449.10484935824,0,67
2023-11-13,19447.45,19450.4,19445.1,19449.8,14:50:00,19448.94724465746,0,68
2023-11-13,19448.35,19454.2,19445.85,19447.2,14:55:00,19448.89036421389,0,69
2023-11-13,19445.15,19452.15,19437.1,19449.95,15:00:00,19448.534139050666,0,70
2023-11-13,19452.2,19455.05,19444.4,19444.95,15:05:00,19448.88326866489,0,71
2023-11-13,19441.4,19452.0,19439.3,19452.0,15:10:00,19448.170576411085,0,72
2023-11-13,19442.6,19444.65,19441.2,19441.65,15:15:00,19447.640045324315,0,73
2023-11-13,19443.25,19446.5,19440.6,19442.4,15:20:00,19447.22194576962,0,74
2023-11-13,19440.15,19443.95,19436.5,19443.35,15:25:00,19446.548427124893,0,75
2023-11-15,19613.65,19651.4,19580.45,19651.4,09:15:00,19480.1144720909,2,1
2023-11-15,19609.65,19620.65,19607.05,19613.35,09:20:00,19492.451189034626,2,2
2023-11-15,19628.65,19629.25,19609.6,19609.65,09:25:00,19505.42250436466,2,3
2023-11-15,19629.0,19639.95,19626.05,19628.5,09:30:00,19517.191789663266,2,4
2023-11-15,19627.5,19633.95,19623.25,19629.5,09:35:00,19527.697333504857,2,5
2023-11-15,19623.8,19630.0,19621.3,19627.8,09:40:00,19536.84996840916,2,6
2023-11-15,19627.95,19635.1,19623.15,19624.45,09:45:00,19545.526161894,2,7
2023-11-15,19624.1,19632.6,19622.35,19627.25,09:50:00,19553.00938457076,2,8
2023-11-15,19633.3,19634.95,19622.5,19624.1,09:55:00,19560.656109849733,2,9
2023-11-15,19631.8,19637.3,19630.0,19633.05,10:00:00,19567.43171843548,2,10
2023-11-15,19633.0,19639.2,19631.15,19631.65,10:05:00,19573.67631667972,2,11
2023-11-15,19630.5,19641.7,19630.5,19632.85,10:10:00,19579.08809604355,2,12
2023-11-15,19632.2,19634.25,19628.4,19629.55,10:15:00,19584.14637261083,2,13
2023-11-15,19632.3,19633.6,19627.3,19632.1,10:20:00,19588.73243236218,2,14
2023-11-15,19628.75,19637.0,19627.7,19632.65,10:25:00,19592.54362928007,2,15
2023-11-15,19638.35,19640.2,19627.4,19628.7,10:30:00,19596.90614077721,2,16
2023-11-15,19632.3,19638.7,19627.9,19637.95,10:35:00,19600.27698451271,2,17
2023-11-15,19631.65,19635.25,19629.05,19631.95,10:40:00,19603.2648907496,2,18
2023-11-15,19626.9,19633.0,19625.2,19631.35,10:45:00,19605.51585353535,2,19
2023-11-15,19619.65,19630.8,19617.2,19627.55,10:50:00,19606.86196272246,2,20
2023-11-15,19620.55,19621.9,19615.75,19618.2,10:55:00,19608.16558532032,2,21
2023-11-15,19626.45,19630.7,19620.8,19620.8,11:00:00,19609.90695814696,2,22
2023-11-15,19630.3,19632.1,19626.55,19626.7,11:05:00,19611.84915260915,2,23
2023-11-15,19623.7,19632.15,19623.7,19630.4,11:10:00,19612.97780474161,2,24
2023-11-15,19624.1,19626.8,19621.35,19624.2,11:15:00,19614.03706143289,2,25
2023-11-15,19622.9,19627.1,19619.55,19625.45,11:20:00,19614.881150820227,2,26
2023-11-15,19618.45,19624.9,19618.1,19623.85,11:25:00,19615.2210412183,2,27
2023-11-15,19620.9,19623.4,19617.3,19617.3,11:30:00,19615.761894435607,2,28
2023-11-15,19623.85,19624.35,19619.6,19620.25,11:35:00,19616.532190203645,2,29
2023-11-15,19617.4,19624.35,19615.4,19623.4,11:40:00,19616.61483875568,2,30
2023-11-15,19623.45,19624.25,19614.35,19617.6,11:45:00,19617.26580649324,2,31
2023-11-15,19626.75,19628.05,19623.15,19623.2,11:50:00,19618.16906301769,2,32
2023-11-15,19622.9,19628.15,19622.55,19626.45,11:55:00,19618.619628444576,2,33
2023-11-15,19627.95,19629.05,19621.35,19623.1,12:00:00,19619.50823525937,2,34
2023-11-15,19629.9,19632.05,19627.4,19628.25,12:05:00,19620.49792713944,2,35
2023-11-15,19631.65,19632.2,19627.7,19629.85,12:10:00,19621.560029316635,2,36
2023-11-15,19631.75,19634.1,19628.95,19631.75,12:15:00,19622.530502715053,2,37
2023-11-15,19636.95,19639.55,19631.25,19632.05,12:20:00,19623.903788170763,2,38
2023-11-15,19637.8,19639.3,19635.8,19637.1,12:25:00,19625.22723691641,2,39
2023-11-15,19630.65,19638.65,19628.95,19637.45,12:30:00,19625.74369054341,2,40
2023-11-15,19635.75,19637.45,19629.45,19630.85,12:35:00,19626.69667239642,2,41
2023-11-15,19636.05,19641.2,19635.3,19636.35,12:40:00,19627.58746550152,2,42
2023-11-15,19635.0,19637.45,19631.65,19635.95,12:45:00,19628.293421168044,2,43
2023-11-15,19635.5,19637.85,19633.4,19635.55,12:50:00,19628.97976200918,2,44
2023-11-15,19635.35,19638.15,19633.65,19635.35,12:55:00,19629.58645134164,2,45
2023-11-15,19634.8,19642.0,19634.4,19634.8,13:00:00,19630.082979785293,2,46
2023-11-15,19638.35,19639.25,19634.1,19634.25,13:05:00,19630.87031504384,2,47
2023-11-15,19651.6,19654.45,19637.55,19638.35,13:10:00,19632.844570753943,2,48
2023-11-15,19654.65,19657.1,19651.3,19651.95,13:15:00,19634.92127830119,2,49
2023-11-15,19659.65,19662.25,19653.2,19654.75,13:20:00,19637.27639465345,2,50
2023-11-15,19671.2,19673.3,19651.8,19659.35,13:25:00,19640.50721421028,2,51
2023-11-15,19670.4,19671.85,19664.85,19671.7,13:30:00,19643.35414619025,2,52
2023-11-15,19661.45,19671.2,19660.45,19669.95,13:35:00,19645.0775608388,2,53
2023-11-15,19661.9,19667.55,19659.6,19663.9,13:40:00,19646.679697901767,2,54
2023-11-15,19657.85,19663.2,19656.55,19662.1,13:45:00,19647.74353619684,2,55
2023-11-15,19661.05,19663.65,19657.15,19658.15,13:50:00,19649.010818463805,2,56
2023-11-15,19657.25,19663.15,19656.5,19661.35,13:55:00,19649.79550241963,2,57
2023-11-15,19665.4,19667.85,19656.3,19657.4,14:00:00,19651.281645046336,2,58
2023-11-15,19661.0,19667.45,19661.0,19665.4,14:05:00,19652.20720266097,2,59
2023-11-15,19659.0,19666.55,19650.9,19660.85,14:10:00,19652.85413574088,2,60
2023-11-15,19659.0,19664.45,19657.1,19658.75,14:15:00,19653.43945614651,2,61
2023-11-15,19658.55,19662.4,19654.75,19658.65,14:20:00,19653.926174608747,2,62
2023-11-15,19658.7,19661.1,19656.0,19656.8,14:25:00,19654.38082464601,2,63
2023-11-15,19666.25,19668.85,19657.45,19659.45,14:30:00,19655.51122229877,2,64
2023-11-15,19675.1,19677.35,19665.6,19667.15,14:35:00,19657.376820175075,2,65
2023-11-15,19668.9,19675.45,19665.2,19675.25,14:40:00,19658.474265872686,2,66
2023-11-15,19661.4,19670.6,19660.0,19668.4,14:45:00,19658.752907218142,2,67
2023-11-15,19657.65,19662.1,19656.0,19661.45,14:50:00,19658.647868435462,2,68
2023-11-15,19646.25,19661.1,19645.15,19657.95,14:55:00,19657.46711906066,2,69
2023-11-15,19666.65,19670.4,19643.7,19643.7,15:00:00,19658.34167915012,2,70
2023-11-15,19671.7,19672.0,19664.2,19666.25,15:05:00,19659.613900183445,2,71
2023-11-15,19677.4,19677.4,19669.6,19671.8,15:10:00,19661.307814451688,2,72
2023-11-15,19681.85,19681.85,19672.55,19676.95,15:15:00,19663.264213075337,2,73
2023-11-15,19689.5,19689.85,19681.25,19681.5,15:20:00,19665.762859449114,2,74
2023-11-15,19676.8,19691.2,19671.6,19689.6,15:25:00,19666.814015692056,2,75
2023-11-16,19635.45,19674.7,19635.4,19674.7,09:15:00,19664.50648450075,3,1
2023-11-16,19641.05,19643.1,19627.6,19636.6,09:20:00,19662.272533595915,3,2
2023-11-16,19642.25,19646.75,19633.1,19641.2,09:25:00,19660.3656256344,3,3
2023-11-16,19643.15,19647.85,19639.4,19642.3,09:30:00,19658.726042240647,3,4
2023-11-16,19682.6,19685.8,19638.25,19643.75,09:35:00,19660.99975250344,3,5
2023-11-16,19696.6,19699.3,19681.85,19684.05,09:40:00,19664.390252265017,3,6
2023-11-16,19699.95,19709.75,19693.75,19697.7,09:45:00,19667.776894906445,3,7
2023-11-16,19694.85,19703.05,19693.0,19700.4,09:50:00,19670.355285867736,3,8
2023-11-16,19694.3,19698.0,19690.3,19693.25,09:55:00,19672.635734832715,3,9
2023-11-16,19695.15,19695.15,19685.25,19694.85,10:00:00,19674.779950562934,3,10
2023-11-16,19717.4,19720.05,19696.65,19696.65,10:05:00,19678.839002890272,3,11
2023-11-16,19713.75,19719.05,19712.2,19717.7,10:10:00,19682.163859757864,3,12
2023-11-16,19721.3,19728.15,19713.65,19715.55,10:15:00,19685.891111209497,3,13
2023-11-16,19720.7,19721.95,19716.45,19721.65,10:20:00,19689.206243475262,3,14
2023-11-16,19710.1,19721.85,19707.75,19720.9,10:25:00,19691.19612504905,3,15
2023-11-16,19712.0,19716.3,19705.75,19710.45,10:30:00,19693.17744647295,3,16
2023-11-16,19718.45,19720.9,19711.2,19711.8,10:35:00,19695.58435633267,3,17
2023-11-16,19718.05,19720.85,19715.8,19718.75,10:40:00,19697.723941443848,3,18
2023-11-16,19713.7,19719.45,19711.0,19718.4,10:45:00,19699.24547083015,3,19
2023-11-16,19716.1,19718.3,19711.35,19713.25,10:50:00,19700.85066408442,3,20
2023-11-16,19713.65,19719.95,19711.05,19715.7,10:55:00,19702.06964845733,3,21
2023-11-16,19762.55,19765.9,19711.8,19713.95,11:00:00,19707.82968193759,3,22
2023-11-16,19779.0,19780.55,19761.4,19762.75,11:05:00,19714.607807467342,3,23
2023-11-16,19795.5,19795.55,19773.45,19778.9,11:10:00,19722.311825803787,3,24
2023-11-16,19794.2,19798.8,19784.55,19795.05,11:15:00,19729.15831858438,3,25
2023-11-16,19790.35,19794.3,19788.15,19793.95,11:20:00,19734.98609776682,3,26
2023-11-16,19786.7,19791.15,19782.45,19791.15,11:25:00,19739.91123131284,3,27
2023-11-16,19788.05,19802.2,19784.45,19787.3,11:30:00,19744.49587594971,3,28
2023-11-16,19793.2,19793.2,19782.05,19787.7,11:35:00,19749.134363954498,3,29
2023-11-16,19788.2,19792.75,19785.05,19792.75,11:40:00,19752.854900720733,3,30
2023-11-16,19787.1,19791.2,19782.65,19787.9,11:45:00,19756.11633874733,3,31
2023-11-16,19796.95,19798.4,19784.0,19786.7,11:50:00,19760.00525886664,3,32
2023-11-16,19798.75,19808.1,19794.4,19796.9,11:55:00,19763.695234212668,3,33
2023-11-16,19796.5,19804.4,19793.15,19798.35,12:00:00,19766.819497620985,3,34
2023-11-16,19793.9,19799.95,19791.55,19796.3,12:05:00,19769.39859308565,3,35
2023-11-16,19800.95,19802.9,19792.5,19793.75,12:10:00,19772.40348898225,3,36
2023-11-16,19802.15,19803.6,19798.35,19800.35,12:15:00,19775.23649003157,3,37
2023-11-16,19806.05,19809.0,19800.5,19801.95,12:20:00,19778.17111002856,3,38
2023-11-16,19804.85,19809.8,19796.45,19806.4,12:25:00,19780.71195669251,3,39
2023-11-16,19789.95,19804.95,19788.9,19804.2,12:30:00,19781.59177034084,3,40
2023-11-16,19801.2,19803.25,19787.25,19789.15,12:35:00,19783.45922078457,3,41
2023-11-16,19810.2,19810.45,19798.5,19800.9,12:40:00,19786.00596166223,3,42
2023-11-16,19808.75,19812.6,19804.65,19810.9,12:45:00,19788.17206055154,3,43
2023-11-16,19806.0,19809.65,19800.6,19808.55,12:50:00,19789.86995954663,3,44
2023-11-16,19809.4,19811.2,19804.6,19806.7,12:55:00,19791.72996339933,3,45
2023-11-16,19802.45,19811.6,19801.4,19808.85,13:00:00,19792.750919266065,3,46
2023-11-16,19805.3,19807.3,19800.4,19802.6,13:05:00,19793.94606981215,3,47
2023-11-16,19803.65,19807.95,19800.3,19804.85,13:10:00,19794.870253639565,3,48
2023-11-16,19798.6,19805.4,19795.95,19803.8,13:15:00,19795.225467578653,3,49
2023-11-16,19798.7,19805.45,19794.95,19798.55,13:20:00,19795.556375428303,3,50
2023-11-16,19800.1,19805.2,19796.85,19799.35,13:25:00,19795.98910157799,3,51
2023-11-16,19799.05,19804.75,19793.65,19799.2,13:30:00,19796.28061571342,3,52
2023-11-16,19799.15,19802.9,19798.0,19798.85,13:35:00,19796.55389040738,3,53
2023-11-16,19806.65,19806.95,19795.5,19799.9,13:40:00,19797.51542465429,3,54
2023-11-16,19800.35,19811.05,19799.3,19807.3,13:45:00,19797.78538421103,3,55
2023-11-16,19802.9,19805.1,19799.25,19799.75,13:50:00,19798.272490476647,3,56
2023-11-16,19812.95,19815.75,19802.6,19802.6,13:55:00,19799.67034852649,3,57
2023-11-16,19814.45,19818.5,19811.8,19812.4,14:00:00,19801.077934381112,3,58
2023-11-16,19815.65,19819.55,19810.6,19815.15,14:05:00,19802.46575015434,3,59
2023-11-16,19817.6,19820.05,19813.65,19816.2,14:10:00,19803.90710728249,3,60
2023-11-16,19830.2,19833.7,19816.1,19818.7,14:15:00,19806.41119230321,3,61
2023-11-16,19829.45,19835.0,19827.3,19831.55,14:20:00,19808.60536446481,3,62
2023-11-16,19846.55,19846.55,19829.3,19829.5,14:25:00,19812.219139277688,3,63
2023-11-16,19845.05,19847.9,19837.8,19844.25,14:30:00,19815.34588791791,3,64
2023-11-16,19844.9,19849.5,19839.3,19844.5,14:35:00,19818.160565259062,3,65
2023-11-16,19858.8,19861.7,19843.5,19843.5,14:40:00,19822.03098761534,3,66
2023-11-16,19858.0,19874.75,19857.95,19857.95,14:45:00,19825.45660784245,3,67
2023-11-16,19849.75,19863.05,19845.7,19855.95,14:50:00,19827.77026423841,3,68
2023-11-16,19845.65,19853.7,19843.1,19849.95,14:55:00,19829.473096215705,3,69
2023-11-16,19808.85,19847.0,19805.9,19845.65,15:00:00,19827.508991814208,3,70
2023-11-16,19768.6,19810.25,19762.65,19810.25,15:05:00,19821.898611641427,3,71
2023-11-16,19730.65,19768.6,19722.8,19768.6,15:10:00,19813.20826767557,3,72
2023-11-16,19745.3,19753.45,19725.25,19730.05,15:15:00,19806.740813611235,3,73
2023-11-16,19742.75,19749.45,19740.45,19745.45,15:20:00,19800.646450410164,3,74
2023-11-16,19761.15,19767.9,19741.65,19744.2,15:25:00,19796.884883704435,3,75
2023-11-17,19740.15,19744.55,19669.6,19674.75,09:15:00,19780.957467159413,4,1
2023-11-17,19758.6,19761.2,19730.7,19739.25,09:20:00,19778.8281845728,4,2
2023-11-17,19761.85,19768.85,19747.45,19758.4,09:25:00,19777.21121461349,4,3
2023-11-17,19756.4,19765.7,19752.65,19762.55,09:30:00,19775.229194174102,4,4
2023-11-17,19770.6,19771.35,19753.45,19756.5,09:35:00,19774.78831853848,4,5
2023-11-17,19779.25,19779.4,19761.55,19769.75,09:40:00,19775.21324058244,4,6
2023-11-17,19778.85,19786.3,19776.6,19779.9,09:45:00,19775.559598622203,4,7
2023-11-17,19772.8,19780.55,19770.0,19779.0,09:50:00,19775.2967797058,4,8
2023-11-17,19793.05,19793.6,19771.75,19772.8,09:55:00,19776.987562590963,4,9
2023-11-17,19800.7,19805.75,19792.65,19793.4,10:00:00,19779.24588996325,4,10
2023-11-17,19786.1,19803.75,19779.45,19800.7,10:05:00,19779.898662347703,4,11
2023-11-17,19778.7,19794.3,19778.7,19787.7,10:10:00,19779.78450402888,4,12
2023-11-17,19775.35,19777.25,19748.5,19777.25,10:15:00,19779.36217031184,4,13
2023-11-17,19780.45,19784.5,19772.55,19774.65,10:20:00,19779.46577313928,4,14
2023-11-17,19784.1,19788.6,19778.75,19781.05,10:25:00,19779.9071280784,4,15
2023-11-17,19792.95,19793.95,19781.05,19784.4,10:30:00,19781.149306356645,4,16
2023-11-17,19791.8,19794.2,19785.8,19792.7,10:35:00,19782.163658132205,4,17
2023-11-17,19799.55,19801.6,19789.95,19792.25,10:40:00,19783.819500214853,4,18
2023-11-17,19790.55,19801.3,19788.2,19799.4,10:45:00,19784.46050019439,4,19
2023-11-17,19796.65,19797.95,19785.8,19789.3,10:50:00,19785.62140493778,4,20
2023-11-17,19789.75,19799.7,19789.75,19797.9,10:55:00,19786.01460446752,4,21
2023-11-17,19784.4,19796.6,19782.8,19790.15,11:00:00,19785.860832613467,4,22
2023-11-17,19782.55,19786.45,19776.05,19783.75,11:05:00,19785.545515221707,4,23
2023-11-17,19765.85,19782.8,19765.45,19782.25,11:10:00,19783.66975186726,4,24
2023-11-17,19757.7,19771.8,19755.75,19766.05,11:15:00,19781.196442165616,4,25
2023-11-17,19765.05,19765.75,19754.75,19757.5,11:20:00,19779.65868576889,4,26
2023-11-17,19761.85,19769.75,19757.9,19765.5,11:25:00,19777.962620457565,4,27
2023-11-17,19759.45,19767.55,19750.05,19762.0,11:30:00,19776.19951374732,4,28
2023-11-17,19769.35,19769.45,19759.2,19759.95,11:35:00,19775.54717910472,4,29
2023-11-17,19775.8,19778.6,19767.3,19769.65,11:40:00,19775.57125728522,4,30
2023-11-17,19764.25,19776.25,19764.0,19776.1,11:45:00,19774.49304230568,4,31
2023-11-17,19755.7,19765.2,19755.05,19764.0,11:50:00,19772.703228752755,4,32
2023-11-17,19761.35,19767.45,19756.2,19757.55,11:55:00,19771.62196887154,4,33
2023-11-17,19761.45,19765.2,19757.6,19761.1,12:00:00,19770.65320993139,4,34
2023-11-17,19765.65,19766.3,19758.35,19761.85,12:05:00,19770.17671374745,4,35
2023-11-17,19761.6,19773.0,19758.75,19765.75,12:10:00,19769.35988386674,4,36
2023-11-17,19759.35,19763.9,19758.3,19761.6,12:15:00,19768.406561593714,4,37
2023-11-17,19754.0,19760.15,19754.0,19759.7,12:20:00,19767.0345081086,4,38
2023-11-17,19764.65,19765.15,19743.15,19754.6,12:25:00,19766.807412098253,4,39
2023-11-17,19769.75,19770.05,19764.45,19764.45,12:30:00,19767.087658565084,4,40
2023-11-17,19768.15,19773.9,19766.5,19769.6,12:35:00,19767.18883393984,4,41
2023-11-17,19771.25,19772.05,19764.4,19768.8,12:40:00,19767.575611659857,4,42
2023-11-17,19763.6,19779.4,19762.75,19771.6,12:45:00,19767.19698197797,4,43
2023-11-17,19757.55,19767.75,19756.8,19763.75,12:50:00,19766.27822178959,4,44
2023-11-17,19759.95,19765.85,19757.1,19757.65,12:55:00,19765.675534000107,4,45
2023-11-17,19765.45,19766.6,19759.05,19760.05,13:00:00,19765.654054571525,4,46
2023-11-17,19771.85,19775.0,19765.0,19765.7,13:05:00,19766.24414461233,4,47
2023-11-17,19763.65,19771.8,19761.95,19771.45,13:10:00,19765.99708322068,4,48
2023-11-17,19755.5,19766.8,19754.75,19763.65,13:15:00,19764.997361009184,4,49
2023-11-17,19759.0,19759.35,19748.45,19755.4,13:20:00,19764.42618377021,4,50
2023-11-17,19754.25,19759.9,19752.5,19758.2,13:25:00,19763.457023411145,4,51
2023-11-17,19760.7,19762.55,19751.75,19754.4,13:30:00,19763.19444975294,4,52
2023-11-17,19755.8,19762.9,19754.4,19760.05,13:35:00,19762.490216443137,4,53
2023-11-17,19755.2,19761.25,19742.75,19755.55,13:40:00,19761.79591011522,4,54
2023-11-17,19748.5,19762.7,19746.8,19755.55,13:45:00,19760.52963296139,4,55
2023-11-17,19747.9,19755.95,19746.35,19747.75,13:50:00,19759.32681077459,4,56
2023-11-17,19737.55,19748.4,19727.55,19747.05,13:55:00,19757.252828796056,4,57
2023-11-17,19750.6,19752.5,19737.3,19737.4,14:00:00,19756.61922605357,4,58
2023-11-17,19763.75,19764.45,19749.3,19750.65,14:05:00,19757.29834738181,4,59
2023-11-17,19756.8,19771.1,19756.65,19763.6,14:10:00,19757.2508857264,4,60
2023-11-17,19763.0,19763.15,19754.05,19756.7,14:15:00,19757.79842041912,4,61
2023-11-17,19752.85,19763.45,19750.7,19760.75,14:20:00,19757.327142283964,4,62
2023-11-17,19747.65,19754.9,19747.6,19753.25,14:25:00,19756.405509685494,4,63
2023-11-17,19736.6,19749.55,19734.95,19747.6,14:30:00,19754.519270667828,4,64
2023-11-17,19741.75,19743.2,19732.85,19737.2,14:35:00,19753.303149651845,4,65
2023-11-17,19749.25,19750.4,19735.5,19741.3,14:40:00,19752.91713539929,4,66
2023-11-17,19736.0,19750.4,19734.25,19749.45,14:45:00,19751.30597964697,4,67
2023-11-17,19731.0,19736.9,19726.55,19735.55,14:50:00,19749.372076823453,4,68
2023-11-17,19730.45,19740.7,19729.25,19730.9,14:55:00,19747.56997426884,4,69
2023-11-17,19741.95,19747.15,19722.85,19725.9,15:00:00,19747.03473862419,4,70
2023-11-17,19744.75,19745.7,19738.5,19741.6,15:05:00,19746.817144469504,4,71
2023-11-17,19740.95,19746.15,19737.5,19746.15,15:10:00,19746.25836880574,4,72
2023-11-17,19727.0,19745.55,19726.9,19740.5,15:15:00,19744.424238443287,4,73
2023-11-17,19719.45,19732.15,19718.9,19727.45,15:20:00,19742.04573954393,4,74
2023-11-17,19719.7,19724.5,19715.35,19720.45,15:25:00,19739.91757387308,4,75
2023-11-20,19746.55,19747.5,19723.8,19731.15,09:15:00,19739.79375094825,0,1
2023-11-20,19721.75,19752.15,19717.4,19747.8,09:20:00,19738.07529847699,0,2
2023-11-20,19732.0,19734.15,19716.75,19721.95,09:25:00,19737.49669862204,0,3
2023-11-20,19714.8,19733.15,19707.75,19732.0,09:30:00,19735.33510827708,0,4
2023-11-20,19720.1,19721.7,19708.25,19715.45,09:35:00,19733.884145584027,0,5
2023-11-20,19717.2,19723.15,19715.05,19720.65,09:40:00,19732.29517933793,0,6
2023-11-20,19716.35,19719.1,19707.95,19716.75,09:45:00,19730.776590829555,0,7
2023-11-20,19709.7,19723.1,19706.7,19716.85,09:50:00,19728.76929646484,0,8
2023-11-20,19714.0,19718.25,19704.9,19709.05,09:55:00,19727.36269680152,0,9
2023-11-20,19704.0,19720.1,19701.6,19714.65,10:00:00,19725.137678058512,0,10
2023-11-20,19705.8,19711.1,19701.85,19703.75,10:05:00,19723.29599443389,0,11
2023-11-20,19714.8,19716.25,19705.5,19705.9,10:10:00,19722.486852106853,0,12
2023-11-20,19733.05,19733.05,19713.7,19715.35,10:15:00,19723.492866191915,0,13
2023-11-20,19749.7,19749.7,19727.75,19733.1,10:20:00,19725.98878369745,0,14
2023-11-20,19752.25,19752.25,19740.75,19749.85,10:25:00,19728.48985191674,0,15
2023-11-20,19747.1,19755.55,19745.25,19753.3,10:30:00,19730.26224697229,0,16
2023-11-20,19748.4,19749.75,19740.8,19746.55,10:35:00,19731.989652022545,0,17
2023-11-20,19736.65,19748.95,19734.25,19748.5,10:40:00,19732.433494687062,0,18
2023-11-20,19744.3,19745.25,19736.1,19736.15,10:45:00,19733.563638050204,0,19
2023-11-20,19741.0,19747.3,19740.45,19744.75,10:50:00,19734.2718629978,0,20
2023-11-20,19743.1,19743.65,19730.85,19740.85,10:55:00,19735.11263795039,0,21
2023-11-20,19722.4,19744.95,19722.4,19743.6,11:00:00,19733.901910526543,0,22
2023-11-20,19705.85,19725.85,19705.85,19722.05,11:05:00,19731.230300000207,0,23
2023-11-20,19678.0,19710.05,19677.8,19707.5,11:10:00,19726.16074761924,0,24
2023-11-20,19685.75,19687.4,19673.8,19678.05,11:15:00,19722.31210498883,0,25
2023-11-20,19677.3,19691.8,19676.35,19685.9,11:20:00,19718.02523784704,0,26
2023-11-20,19687.6,19688.2,19675.5,19676.55,11:25:00,19715.12759614732,0,27
2023-11-20,19678.5,19690.1,19678.5,19687.85,11:30:00,19711.6392536571,0,28
2023-11-20,19678.45,19680.95,19673.25,19678.6,11:35:00,19708.478372356425,0,29
2023-11-20,19682.9,19684.1,19674.65,19678.35,11:40:00,19706.04233689391,0,30
2023-11-20,19681.9,19684.8,19678.15,19683.6,11:45:00,19703.743066713538,0,31
2023-11-20,19685.75,19685.75,19678.8,19681.65,11:50:00,19702.029441312246,0,32
2023-11-20,19678.75,19685.85,19677.7,19685.2,11:55:00,19699.812351663462,0,33
2023-11-20,19681.7,19681.7,19671.2,19678.45,12:00:00,19698.08736579076,0,34
2023-11-20,19692.9,19695.05,19680.85,19681.4,12:05:00,19697.59333095354,0,35
2023-11-20,19697.5,19700.6,19687.0,19692.7,12:10:00,19697.5844422913,0,36
2023-11-20,19687.25,19701.25,19685.45,19697.35,12:15:00,19696.60020969213,0,37
2023-11-20,19695.0,19698.95,19686.35,19686.9,12:20:00,19696.44780876907,0,38
2023-11-20,19690.9,19698.75,19690.9,19696.9,12:25:00,19695.91944602916,0,39
2023-11-20,19689.2,19696.05,19686.9,19691.7,12:30:00,19695.279498788288,0,40
2023-11-20,19687.4,19691.45,19683.2,19689.6,12:35:00,19694.52907033226,0,41
2023-11-20,19690.65,19693.55,19683.0,19687.3,12:40:00,19694.15963506252,0,42
2023-11-20,19692.4,19692.7,19686.75,19690.0,12:45:00,19693.992050770856,0,43
2023-11-20,19698.2,19700.1,19690.5,19690.5,12:50:00,19694.392807840297,0,44
2023-11-20,19685.05,19698.1,19683.0,19695.75,12:55:00,19693.50301661741,0,45
2023-11-20,19695.95,19695.95,19683.7,19684.1,13:00:00,19693.736062653847,0,46
2023-11-20,19710.9,19712.05,19692.85,19695.75,13:05:00,19695.37072335348,0,47
2023-11-20,19706.2,19711.7,19702.95,19710.5,13:10:00,19696.4020830341,0,48
2023-11-20,19704.6,19709.8,19701.45,19706.35,13:15:00,19697.18283703085,0,49
2023-11-20,19702.0,19708.8,19699.95,19705.25,13:20:00,19697.641614456486,0,50
2023-11-20,19709.45,19712.9,19697.3,19698.55,13:25:00,19698.766222603488,0,51
2023-11-20,19701.1,19712.85,19698.7,19708.6,13:30:00,19698.98848711744,0,52
2023-11-20,19701.8,19706.05,19697.15,19701.4,13:35:00,19699.25625024911,0,53
2023-11-20,19707.75,19711.65,19699.85,19701.35,13:40:00,19700.065178796813,0,54
2023-11-20,19702.0,19711.85,19699.65,19707.55,13:45:00,19700.249447482827,0,55
2023-11-20,19696.2,19702.95,19695.25,19701.7,13:50:00,19699.8637858178,0,56
2023-11-20,19692.1,19702.95,19687.45,19695.5,13:55:00,19699.12437764467,0,57
2023-11-20,19692.85,19697.2,19690.4,19692.55,14:00:00,19698.526817868988,0,58
2023-11-20,19695.25,19696.3,19683.2,19693.45,14:05:00,19698.214739976705,0,59
2023-11-20,19692.9,19701.85,19690.3,19694.75,14:10:00,19697.70857426464,0,60
2023-11-20,19693.45,19698.9,19690.75,19693.45,14:15:00,19697.30299576324,0,61
2023-11-20,19705.45,19706.7,19692.25,19693.15,14:20:00,19698.078900928645,0,62
2023-11-20,19709.15,19710.75,19704.2,19705.75,14:25:00,19699.1332913164,0,63
2023-11-20,19700.85,19710.15,19700.25,19709.85,14:30:00,19699.2967873815,0,64
2023-11-20,19701.2,19702.65,19696.6,19701.15,14:35:00,19699.47804572612,0,65
2023-11-20,19710.0,19714.6,19701.0,19701.0,14:40:00,19700.48013660935,0,66
2023-11-20,19718.3,19718.45,19709.45,19709.75,14:45:00,19702.17726645608,0,67
2023-11-20,19711.5,19719.0,19710.55,19718.25,14:50:00,19703.06514584121,0,68
2023-11-20,19702.85,19714.0,19701.55,19711.55,14:55:00,19703.0446557611,0,69
2023-11-20,19692.2,19707.0,19687.65,19702.9,15:00:00,19702.0118314029,0,70
2023-11-20,19695.75,19697.1,19689.8,19691.85,15:05:00,19701.415466507384,0,71
2023-11-20,19690.65,19698.15,19687.95,19696.2,15:10:00,19700.390183982872,0,72
2023-11-20,19695.45,19695.5,19687.7,19690.85,15:15:00,19699.919690270217,0,73
2023-11-20,19694.15,19696.95,19689.55,19695.7,15:20:00,19699.37019595877,0,74
2023-11-20,19693.65,19703.1,19693.0,19694.5,15:25:00,19698.825415391268,0,75
2023-11-21,19763.6,19772.7,19754.6,19770.9,09:15:00,19711.20493187358,1,1
2023-11-21,19772.3,19778.75,19762.95,19762.95,09:20:00,19717.023509790382,1,2
2023-11-21,19777.35,19785.35,19772.25,19772.7,09:25:00,19722.768889810344,1,3
2023-11-21,19780.65,19786.95,19776.8,19776.8,09:30:00,19728.28137649508,1,4
2023-11-21,19779.35,19781.55,19773.4,19780.2,09:35:00,19733.14505492412,1,5
2023-11-21,19788.35,19789.65,19770.6,19778.8,09:40:00,19738.402668740862,1,6
2023-11-21,19774.4,19789.35,19771.6,19788.75,09:45:00,19741.83098600364,1,7
2023-11-21,19770.8,19776.7,19766.65,19774.95,09:50:00,19744.58993971757,1,8
2023-11-21,19771.45,19779.15,19767.3,19770.9,09:55:00,19747.14804069685,1,9
2023-11-21,19765.9,19775.8,19764.1,19771.55,10:00:00,19748.93394158287,1,10
2023-11-21,19762.0,19770.95,19759.55,19766.2,10:05:00,19750.178328098784,1,11
2023-11-21,19766.95,19771.3,19762.65,19763.55,10:10:00,19751.775630184613,1,12
2023-11-21,19776.7,19777.65,19764.35,19767.4,10:15:00,19754.14937969084,1,13
2023-11-21,19771.05,19776.7,19767.25,19776.7,10:20:00,19755.758962577427,1,14
2023-11-21,19777.05,19777.7,19770.35,19771.35,10:25:00,19757.786680427194,1,15
2023-11-21,19781.1,19783.85,19776.65,19777.2,10:30:00,19760.006996576987,1,16
2023-11-21,19774.65,19781.65,19774.05,19781.5,10:35:00,19761.40156833156,1,17
2023-11-21,19779.25,19779.55,19771.1,19774.75,10:40:00,19763.10141896665,1,18
2023-11-21,19773.45,19779.2,19768.8,19778.85,10:45:00,19764.086998112685,1,19
2023-11-21,19767.75,19775.35,19767.55,19773.6,10:50:00,19764.435855435288,1,20
2023-11-21,19774.6,19776.15,19766.95,19767.5,10:55:00,19765.40386920336,1,21
2023-11-21,19777.55,19778.65,19771.75,19774.35,11:00:00,19766.56064356494,1,22
2023-11-21,19777.1,19779.8,19774.2,19778.3,11:05:00,19767.56439179685,1,23
2023-11-21,19777.0,19780.55,19776.35,19777.2,11:10:00,19768.463021149528,1,24
2023-11-21,19782.05,19782.05,19773.75,19777.15,11:15:00,19769.75701913529,1,25
2023-11-21,19780.15,19785.5,19779.4,19780.4,11:20:00,19770.746826836687,1,26
2023-11-21,19781.4,19781.8,19777.6,19780.7,11:25:00,19771.761414757,1,27
2023-11-21,19787.0,19789.3,19779.1,19780.35,11:30:00,19773.21270858967,1,28
2023-11-21,19784.3,19787.25,19778.05,19787.05,11:35:00,19774.26864110494,1,29
2023-11-21,19781.15,19785.25,19779.1,19783.85,11:40:00,19774.92400861876,1,30
2023-11-21,19781.3,19782.9,19778.7,19781.45,11:45:00,19775.53124589316,1,31
2023-11-21,19783.05,19783.7,19777.15,19781.05,11:50:00,19776.24731771286,1,32
2023-11-21,19784.95,19786.5,19781.85,19782.55,11:55:00,19777.076144597348,1,33
2023-11-21,19787.35,19788.0,19783.4,19785.05,12:00:00,19778.05460701665,1,34
2023-11-21,19783.85,19788.05,19782.3,19787.3,12:05:00,19778.606549205542,1,35
2023-11-21,19797.75,19798.05,19782.15,19784.3,12:10:00,19780.42973499549,1,36
2023-11-21,19809.85,19811.2,19792.9,19798.05,12:15:00,19783.23166499592,1,37
2023-11-21,19824.1,19825.7,19808.9,19809.0,12:20:00,19787.123887377264,1,38
2023-11-21,19816.95,19828.2,19814.8,19825.2,12:25:00,19789.96446953181,1,39
2023-11-21,19804.7,19820.9,19803.35,19816.3,12:30:00,19791.367853385924,1,40
2023-11-21,19804.25,19809.4,19800.2,19804.2,12:35:00,19792.594724492024,1,41
2023-11-21,19802.95,19807.1,19801.0,19804.15,12:40:00,19793.58094120707,1,42
2023-11-21,19810.2,19811.9,19802.25,19802.7,12:45:00,19795.16370871116,1,43
2023-11-21,19811.4,19812.5,19805.65,19810.75,12:50:00,19796.71002216724,1,44
2023-11-21,19808.8,19811.5,19804.15,19810.8,12:55:00,19797.8614486275,1,45
2023-11-21,19808.35,19809.65,19806.1,19808.25,13:00:00,19798.860358282025,1,46
2023-11-21,19780.85,19811.5,19775.9,19808.85,13:05:00,19797.145086064687,1,47
2023-11-21,19775.85,19783.5,19770.35,19780.25,13:10:00,19795.11698262996,1,48
2023-11-21,19783.25,19785.0,19772.35,19775.55,13:15:00,19793.986793808053,1,49
2023-11-21,19784.6,19790.3,19782.15,19784.0,13:20:00,19793.092813445382,1,50
2023-11-21,19791.7,19792.05,19781.6,19784.5,13:25:00,19792.960164545824,1,51
2023-11-21,19805.25,19806.95,19789.6,19790.75,13:30:00,19794.13062506527,1,52
2023-11-21,19803.35,19811.85,19801.4,19805.95,13:35:00,19795.00866077334,1,53
2023-11-21,19801.1,19808.25,19798.95,19804.0,13:40:00,19795.58878831873,1,54
2023-11-21,19801.65,19804.7,19797.7,19800.5,13:45:00,19796.166046574093,1,55
2023-11-21,19794.65,19801.85,19793.85,19801.85,13:50:00,19796.021661186085,1,56
2023-11-21,19799.0,19801.4,19794.4,19794.8,13:55:00,19796.305312501696,1,57
2023-11-21,19793.95,19803.0,19793.1,19798.6,14:00:00,19796.080997025347,1,58
2023-11-21,19795.4,19797.1,19790.8,19794.05,14:05:00,19796.01614016579,1,59
2023-11-21,19794.8,19800.9,19793.5,19795.1,14:10:00,19795.900317292857,1,60
2023-11-21,19791.75,19795.55,19790.15,19795.05,14:15:00,19795.50504897925,1,61
2023-11-21,19795.9,19796.9,19789.5,19791.9,14:20:00,19795.54266336218,1,62
2023-11-21,19785.45,19798.05,19784.35,19795.85,14:25:00,19794.581457327684,1,63
2023-11-21,19784.65,19791.6,19782.85,19785.45,14:30:00,19793.63560424886,1,64
2023-11-21,19787.3,19787.6,19781.85,19785.1,14:35:00,19793.032213368017,1,65
2023-11-21,19789.05,19793.6,19785.05,19787.45,14:40:00,19792.652954952016,1,66
2023-11-21,19784.05,19789.85,19782.15,19788.75,14:45:00,19791.833625908966,1,67
2023-11-21,19788.95,19791.1,19783.55,19783.7,14:50:00,19791.55899487001,1,68
2023-11-21,19783.45,19789.65,19780.6,19788.95,14:55:00,19790.786709644304,1,69
2023-11-21,19787.9,19790.25,19782.95,19782.95,15:00:00,19790.511784916274,1,70
2023-11-21,19786.65,19788.95,19783.75,19787.5,15:05:00,19790.14399587663,1,71
2023-11-21,19783.65,19787.65,19780.55,19785.9,15:10:00,19789.52552007886,1,72
2023-11-21,19781.3,19786.65,19780.85,19782.25,15:15:00,19788.74213721421,1,73
2023-11-21,19785.0,19786.25,19775.1,19781.45,15:20:00,19788.38574319381,1,74
2023-11-21,19780.8,19786.95,19777.6,19784.8,15:25:00,19787.663291461067,1,75
2023-11-22,19803.1,19803.55,19768.4,19784.0,09:15:00,19788.81779641144,2,1
2023-11-22,19806.55,19808.05,19792.0,19803.0,09:20:00,19790.506577705582,2,2
2023-11-22,19789.2,19807.25,19786.7,19806.45,09:25:00,19790.382141733626,2,3
2023-11-22,19800.15,19801.85,19789.95,19790.85,09:30:00,19791.312413949472,2,4
2023-11-22,19806.95,19807.5,19795.6,19800.3,09:35:00,19792.80170785905,2,5
2023-11-22,19805.1,19812.7,19801.6,19807.1,09:40:00,19793.97297377724,2,6
2023-11-22,19809.9,19812.4,19804.3,19804.3,09:45:00,19795.4898334175,2,7
2023-11-22,19818.85,19819.9,19809.4,19810.1,09:50:00,19797.714611187264,2,8
2023-11-22,19808.95,19822.1,19806.9,19820.9,09:55:00,19798.784648217046,2,9
2023-11-22,19810.8,19817.9,19806.1,19808.35,10:00:00,19799.92896743447,2,10
2023-11-22,19813.4,19820.3,19810.5,19810.6,10:05:00,19801.2119229169,2,11
2023-11-22,19815.9,19823.3,19812.75,19813.25,10:10:00,19802.610787401005,2,12
2023-11-22,19823.35,19825.35,19814.7,19815.85,10:15:00,19804.585950505672,2,13
2023-11-22,19796.25,19824.55,19791.85,19824.2,10:20:00,19803.792050457512,2,14
2023-11-22,19806.55,19806.85,19793.7,19796.1,10:25:00,19804.0547123187,2,15
2023-11-22,19809.05,19813.2,19797.45,19806.0,10:30:00,19804.53045400263,2,16
2023-11-22,19810.05,19812.65,19805.55,19809.55,10:35:00,19805.05612505,2,17
2023-11-22,19811.3,19815.05,19808.6,19809.65,10:40:00,19805.650779807143,2,18
2023-11-22,19815.05,19816.3,19805.55,19810.9,10:45:00,19806.54594363504,2,19
2023-11-22,19807.1,19816.95,19806.9,19815.2,10:50:00,19806.59871090789,2,20
2023-11-22,19800.0,19808.55,19800.0,19807.4,10:55:00,19805.97026225,2,21
2023-11-22,19801.35,19806.5,19798.1,19800.65,11:00:00,19805.530237273804,2,22
2023-11-22,19795.8,19806.65,19795.15,19802.9,11:05:00,19804.60354800964,2,23
2023-11-22,19798.9,19801.5,19795.5,19796.25,11:10:00,19804.060352961096,2,24
2023-11-22,19802.95,19807.85,19798.45,19798.8,11:15:00,19803.95460506004,2,25
2023-11-22,19799.75,19807.85,19799.75,19803.2,11:20:00,19803.554166482896,2,26
2023-11-22,19793.6,19801.1,19791.2,19799.6,11:25:00,19802.60615062738,2,27
2023-11-22,19801.0,19803.6,19793.2,19793.25,11:30:00,19802.45318390096,2,28
2023-11-22,19794.8,19803.1,19791.1,19801.2,11:35:00,19801.724309243727,2,29
2023-11-22,19789.2,19798.0,19789.2,19794.35,11:40:00,19800.531517887182,2,30
2023-11-22,19776.0,19791.9,19774.9,19789.2,11:45:00,19798.195182850308,2,31
2023-11-22,19767.8,19781.6,19765.35,19775.25,11:50:00,19795.30040353124,2,32
2023-11-22,19769.5,19771.5,19756.95,19767.2,11:55:00,19792.843222242544,2,33
2023-11-22,19766.0,19772.3,19761.95,19769.25,12:00:00,19790.28672488611,2,34
2023-11-22,19769.05,19773.1,19764.9,19765.55,12:05:00,19788.26417965886,2,35
2023-11-22,19755.6,19771.5,19755.6,19768.1,12:10:00,19785.15330540564,2,36
2023-11-22,19751.7,19766.6,19751.05,19755.1,12:15:00,19781.967276319385,2,37
2023-11-22,19724.7,19749.3,19722.0,19748.85,12:20:00,19776.51325000325,2,38
2023-11-22,19714.3,19723.75,19705.05,19723.75,12:25:00,19770.58817857437,2,39
2023-11-22,19732.35,19733.65,19713.5,19713.5,12:30:00,19766.94644728157,2,40
2023-11-22,19739.2,19746.6,19727.3,19731.3,12:35:00,19764.303928492853,2,41
2023-11-22,19741.7,19744.5,19736.4,19739.05,12:40:00,19762.15117339829,2,42
2023-11-22,19740.95,19745.5,19737.0,19741.1,12:45:00,19760.13201402703,2,43
2023-11-22,19741.5,19746.6,19739.75,19740.4,12:50:00,19758.357536500647,2,44
2023-11-22,19737.35,19743.05,19728.8,19740.7,12:55:00,19756.35681873868,2,45
2023-11-22,19726.15,19739.45,19723.8,19737.3,13:00:00,19753.47997885881,2,46
2023-11-22,19743.4,19746.9,19725.85,19726.6,13:05:00,19752.519980872254,2,47
2023-11-22,19746.5,19751.5,19738.5,19742.05,13:10:00,19751.94664936061,2,48
2023-11-22,19741.05,19751.3,19739.9,19746.35,13:15:00,19750.908873231027,2,49
2023-11-22,19755.0,19759.65,19740.05,19740.4,13:20:00,19751.29850435188,2,50
2023-11-22,19749.1,19757.4,19747.8,19754.9,13:25:00,19751.089122985035,2,51
2023-11-22,19754.15,19755.2,19745.75,19750.1,13:30:00,19751.380635081696,2,52
2023-11-22,19748.7,19756.5,19746.4,19753.8,13:35:00,19751.12533650249,2,53
2023-11-22,19744.0,19752.15,19742.5,19747.75,13:40:00,19750.44673302606,2,54
2023-11-22,19748.7,19750.3,19743.6,19743.6,13:45:00,19750.280377499766,2,55
2023-11-22,19738.55,19752.75,19738.55,19748.35,13:50:00,19749.163198690265,2,56
2023-11-22,19741.45,19746.85,19737.35,19737.4,13:55:00,19748.42860833881,2,57
2023-11-22,19744.8,19745.95,19739.4,19739.6,14:00:00,19748.08302659226,2,58
2023-11-22,19741.65,19747.35,19737.6,19742.5,14:05:00,19747.470357393,2,59
2023-11-22,19735.8,19742.35,19733.0,19740.45,14:10:00,19746.35889478414,2,60
2023-11-22,19744.9,19746.75,19734.35,19734.9,14:15:00,19746.219952423748,2,61
2023-11-22,19753.25,19754.4,19741.05,19744.1,14:20:00,19746.889480764345,2,62
2023-11-22,19777.65,19781.35,19751.6,19753.95,14:25:00,19749.819054024883,2,63
2023-11-22,19786.0,19797.75,19777.55,19777.55,14:30:00,19753.26485840347,2,64
2023-11-22,19801.9,19804.55,19785.4,19785.95,14:35:00,19757.89677665076,2,65
2023-11-22,19803.6,19804.75,19795.5,19802.8,14:40:00,19762.249464588785,2,66
2023-11-22,19807.2,19815.45,19802.5,19802.75,14:45:00,19766.53046796128,2,67
2023-11-22,19803.25,19812.35,19802.25,19807.5,14:50:00,19770.027566250683,2,68
2023-11-22,19807.7,19809.75,19802.4,19803.45,14:55:00,19773.61541708395,2,69
2023-11-22,19814.95,19822.35,19807.5,19807.5,15:00:00,19777.55204402834,2,70
2023-11-22,19817.25,19817.9,19811.15,19814.7,15:05:00,19781.332801739925,2,71
2023-11-22,19811.8,19819.0,19808.5,19817.05,15:10:00,19784.234439669453,2,72
2023-11-22,19808.45,19816.0,19805.05,19812.65,15:15:00,19786.54068351046,2,73
2023-11-22,19814.9,19816.95,19803.2,19808.55,15:20:00,19789.24157079518,2,74
2023-11-22,19810.6,19818.7,19810.6,19815.3,15:25:00,19791.275706909924,2,75
2023-11-23,19841.15,19851.35,19828.45,19828.45,09:15:00,19799.22886665416,3,1
2023-11-23,19865.6,19866.1,19833.75,19840.35,09:20:00,19805.549926972813,3,2
2023-11-23,19858.65,19866.0,19856.1,19866.0,09:25:00,19810.607076784927,3,3
2023-11-23,19872.4,19874.2,19852.35,19858.7,09:30:00,19816.49211709112,3,4
2023-11-23,19865.9,19874.55,19861.7,19871.5,09:35:00,19821.19762974911,3,5
2023-11-23,19867.85,19868.05,19855.65,19865.95,09:40:00,19825.64071263015,3,6
2023-11-23,19839.15,19869.3,19825.7,19867.2,09:45:00,19826.92731142728,3,7
2023-11-23,19836.5,19844.2,19833.45,19838.8,09:50:00,19827.83899605325,3,8
2023-11-23,19844.2,19871.95,19830.85,19836.7,09:55:00,19829.397186905328,3,9
2023-11-23,19843.15,19851.35,19836.7,19843.75,10:00:00,19830.70697862863,3,10
2023-11-23,19846.4,19846.4,19839.2,19842.9,10:05:00,19832.20155209257,3,11
2023-11-23,19836.55,19846.15,19832.1,19845.55,10:10:00,19832.61568998852,3,12
2023-11-23,19818.8,19839.0,19814.9,19836.1,10:15:00,19831.29990998961,3,13
2023-11-23,19823.1,19827.4,19818.45,19819.55,10:20:00,19830.51896618108,3,14
2023-11-23,19832.65,19833.25,19812.85,19823.15,10:25:00,19830.72192178288,3,15
2023-11-23,19805.1,19834.1,19802.65,19832.4,10:30:00,19828.28173875594,3,16
2023-11-23,19803.25,19812.35,19800.7,19805.9,10:35:00,19825.897763636327,3,17
2023-11-23,19803.05,19811.4,19793.3,19803.1,10:40:00,19823.721786147154,3,18
2023-11-23,19804.5,19813.3,19801.9,19803.0,10:45:00,19821.891139847427,3,19
2023-11-23,19810.25,19810.9,19802.65,19804.25,10:50:00,19820.78245986196,3,20
2023-11-23,19805.95,19815.95,19801.65,19810.2,10:55:00,19819.36984463701,3,21
2023-11-23,19812.3,19816.0,19795.75,19805.9,11:00:00,19818.69652610016,3,22
2023-11-23,19814.6,19822.1,19812.0,19812.0,11:05:00,19818.30638075728,3,23
2023-11-23,19809.0,19814.2,19800.55,19814.1,11:10:00,19817.4200587804,3,24
2023-11-23,19812.4,19815.3,19806.65,19809.25,11:15:00,19816.941957944167,3,25
2023-11-23,19811.75,19815.25,19804.95,19811.65,11:20:00,19816.447485759007,3,26
2023-11-23,19813.05,19816.1,19810.05,19811.75,11:25:00,19816.12391568672,3,27
2023-11-23,19813.2,19817.6,19810.25,19813.3,11:30:00,19815.84544752608,3,28
2023-11-23,19810.5,19815.0,19808.7,19813.6,11:35:00,19815.3363572855,3,29
2023-11-23,19801.4,19813.0,19801.4,19810.15,11:40:00,19814.00908516307,3,30
2023-11-23,19803.05,19808.6,19792.2,19801.35,11:45:00,19812.965362766587,3,31
2023-11-23,19803.75,19806.45,19796.75,19802.55,11:50:00,19812.08770916977,3,32
2023-11-23,19800.95,19804.2,19797.25,19803.65,11:55:00,19811.02697496312,3,33
2023-11-23,19798.9,19804.95,19793.45,19801.15,12:00:00,19809.87202496664,3,34
2023-11-23,19804.75,19805.5,19796.9,19798.95,12:05:00,19809.38421306505,3,35
2023-11-23,19802.95,19810.85,19801.0,19804.85,12:10:00,19808.77143086838,3,36
2023-11-23,19806.7,19807.85,19801.25,19804.5,12:15:00,19808.574151738056,3,37
2023-11-23,19813.05,19814.45,19804.55,19806.25,12:20:00,19809.0004230011,3,38
2023-11-23,19829.2,19829.45,19810.75,19812.3,12:25:00,19810.92419223909,3,39
2023-11-23,19807.65,19830.8,19806.65,19828.65,12:30:00,19810.6123644068,3,40
2023-11-23,19807.8,19814.5,19804.8,19807.5,12:35:00,19810.34452017758,3,41
2023-11-23,19808.75,19816.25,19801.0,19808.35,12:40:00,19810.192661113048,3,42
2023-11-23,19812.55,19813.85,19802.7,19809.25,12:45:00,19810.41716957847,3,43
2023-11-23,19816.15,19817.55,19809.65,19813.8,12:50:00,19810.96315342814,3,44
2023-11-23,19819.4,19821.35,19813.6,19817.45,12:55:00,19811.766662625458,3,45
2023-11-23,19814.65,19822.0,19811.25,19819.3,13:00:00,19812.041266184937,3,46
2023-11-23,19813.6,19820.4,19812.15,19815.2,13:05:00,19812.189717024467,3,47
2023-11-23,19810.15,19814.75,19808.5,19814.75,13:10:00,19811.99545826024,3,48
2023-11-23,19815.15,19817.95,19807.4,19810.8,13:15:00,19812.29589080688,3,49
2023-11-23,19811.25,19817.3,19810.45,19815.8,13:20:00,19812.19628215861,3,50
2023-11-23,19810.45,19815.85,19809.75,19811.1,13:25:00,19812.02996957207,3,51
2023-11-23,19805.45,19816.3,19804.3,19810.6,13:30:00,19811.403305803306,3,52
2023-11-23,19804.85,19808.75,19803.25,19806.15,13:35:00,19810.779181441085,3,53
2023-11-23,19809.8,19812.3,19803.3,19805.1,13:40:00,19810.685926065744,3,54
2023-11-23,19814.8,19820.75,19808.1,19810.45,13:45:00,19811.07774263091,3,55
2023-11-23,19818.9,19819.4,19809.6,19815.6,13:50:00,19811.822719523203,3,56
2023-11-23,19823.0,19824.35,19814.3,19820.15,13:55:00,19812.88722242576,3,57
2023-11-23,19814.75,19824.65,19812.3,19824.55,14:00:00,19813.06462981378,3,58
2023-11-23,19815.2,19819.25,19811.45,19815.0,14:05:00,19813.267998402946,3,59
2023-11-23,19808.2,19816.8,19807.15,19814.45,14:10:00,19812.78533188838,3,60
2023-11-23,19808.0,19816.9,19804.6,19808.6,14:15:00,19812.32958599425,3,61
2023-11-23,19810.7,19816.1,19807.35,19808.3,14:20:00,19812.17438732813,3,62
2023-11-23,19808.8,19812.0,19807.4,19810.8,14:25:00,19811.8530171064,3,63
2023-11-23,19803.2,19811.95,19798.5,19809.3,14:30:00,19811.028920239125,3,64
2023-11-23,19799.3,19806.3,19797.0,19803.25,14:35:00,19809.91188021636,3,65
2023-11-23,19800.1,19805.45,19796.35,19798.45,14:40:00,19808.977415433845,3,66
2023-11-23,19795.45,19801.85,19792.0,19800.65,14:45:00,19807.689090154432,3,67
2023-11-23,19799.45,19801.25,19787.65,19795.4,14:50:00,19806.90441490163,3,68
2023-11-23,19799.2,19803.9,19794.95,19798.55,14:55:00,19806.17066110148,3,69
2023-11-23,19795.2,19802.45,19788.95,19799.05,15:00:00,19805.12583623467,3,70
2023-11-23,19796.3,19804.05,19792.6,19795.1,15:05:00,19804.2852804028,3,71
2023-11-23,19799.4,19807.7,19795.7,19796.6,15:10:00,19803.82001560253,3,72
2023-11-23,19802.85,19804.45,19798.85,19800.65,15:15:00,19803.727633164195,3,73
2023-11-23,19812.95,19813.7,19800.9,19803.0,15:20:00,19804.605953815226,3,74
2023-11-23,19811.0,19819.25,19810.05,19811.8,15:25:00,19805.21491059473,3,75
2023-11-24,19815.1,19828.6,19809.6,19809.6,09:15:00,19806.53420118979,4,1
2023-11-24,19818.2,19828.4,19812.15,19816.05,09:20:00,19807.645229647904,4,2
2023-11-24,19830.6,19832.0,19812.25,19817.55,09:25:00,19809.831398252863,4,3
2023-11-24,19819.4,19832.2,19818.05,19830.4,09:30:00,19810.74269365735,4,4
2023-11-24,19819.0,19822.85,19813.3,19819.35,09:35:00,19811.529103785226,4,5
2023-11-24,19813.7,19819.15,19810.9,19818.7,09:40:00,19811.73585580568,4,6
2023-11-24,19805.4,19816.05,19802.5,19813.7,09:45:00,19811.13244096704,4,7
2023-11-24,19800.45,19807.0,19795.5,19805.1,09:50:00,19810.115065636848,4,8
2023-11-24,19795.1,19805.5,19790.3,19800.15,09:55:00,19808.68505938572,4,9
2023-11-24,19793.1,19795.4,19787.85,19794.65,10:00:00,19807.20076801565,4,10
2023-11-24,19801.1,19801.15,19791.2,19793.25,10:05:00,19806.619742490348,4,11
2023-11-24,19803.3,19807.95,19800.45,19800.45,10:10:00,19806.303576538885,4,12
2023-11-24,19802.7,19805.45,19798.95,19803.85,10:15:00,19805.96037877328,4,13
2023-11-24,19798.1,19805.65,19798.1,19802.2,10:20:00,19805.21177127106,4,14
2023-11-24,19795.4,19802.15,19794.55,19799.1,10:25:00,19804.277316864293,4,15
2023-11-24,19800.3,19803.6,19792.6,19794.95,10:30:00,19803.89852478198,4,16
2023-11-24,19807.65,19810.1,19798.8,19799.8,10:35:00,19804.25580813608,4,17
2023-11-24,19818.75,19821.85,19805.0,19807.9,10:40:00,19805.63620736121,4,18
2023-11-24,19811.6,19819.6,19807.65,19819.6,10:45:00,19806.20418761252,4,19
2023-11-24,19810.05,19820.2,19808.9,19813.35,10:50:00,19806.57045545895,4,20
2023-11-24,19811.25,19815.15,19807.3,19810.4,10:55:00,19807.01612636762,4,21
2023-11-24,19808.8,19812.85,19803.95,19810.8,11:00:00,19807.18601909451,4,22
2023-11-24,19809.85,19812.15,19805.55,19809.05,11:05:00,19807.439731561703,4,23
2023-11-24,19809.6,19811.15,19803.9,19809.4,11:10:00,19807.64547141297,4,24
2023-11-24,19810.85,19815.5,19801.7,19809.45,11:15:00,19807.950664611733,4,25
2023-11-24,19816.0,19816.0,19804.9,19811.4,11:20:00,19808.717267982043,4,26
2023-11-24,19813.25,19817.0,19811.25,19816.0,11:25:00,19809.14895674566,4,27
2023-11-24,19814.85,19817.2,19811.15,19813.3,11:30:00,19809.69191324607,4,28
2023-11-24,19813.05,19815.55,19810.4,19815.0,11:35:00,19810.01173103216,4,29
2023-11-24,19814.0,19817.85,19811.25,19813.35,11:40:00,19810.391566171955,4,30
2023-11-24,19814.9,19817.35,19812.3,19813.9,11:45:00,19810.820940822246,4,31
2023-11-24,19813.05,19816.05,19809.85,19814.8,11:50:00,19811.03323217251,4,32
2023-11-24,19815.0,19815.75,19810.15,19813.6,11:55:00,19811.41101958465,4,33
2023-11-24,19810.75,19816.2,19810.75,19813.9,12:00:00,19811.348065338498,4,34
2023-11-24,19813.75,19816.65,19796.95,19811.95,12:05:00,19811.576821020542,4,35
2023-11-24,19814.8,19816.9,19811.8,19813.55,12:10:00,19811.88379044716,4,36
2023-11-24,19810.4,19818.85,19809.15,19816.05,12:15:00,19811.74247707124,4,37
2023-11-24,19809.85,19813.5,19806.2,19811.65,12:20:00,19811.56224115969,4,38
2023-11-24,19805.75,19813.75,19804.7,19812.05,12:25:00,19811.008694382577,4,39
2023-11-24,19806.15,19808.6,19802.3,19806.6,12:30:00,19810.54596158424,4,40
2023-11-24,19801.45,19809.4,19800.45,19806.15,12:35:00,19809.679679528595,4,41
2023-11-24,19802.9,19806.3,19798.05,19801.85,12:40:00,19809.033995763966,4,42
2023-11-24,19799.8,19804.9,19795.8,19803.85,12:45:00,19808.15456759597,4,43
2023-11-24,19800.3,19806.7,19798.4,19801.0,12:50:00,19807.40651353921,4,44
2023-11-24,19802.05,19805.3,19798.35,19801.4,12:55:00,19806.896369392623,4,45
2023-11-24,19786.4,19804.5,19785.85,19803.2,13:00:00,19804.94433421237,4,46
2023-11-24,19782.1,19789.8,19774.4,19786.55,13:05:00,19802.768683335005,4,47
2023-11-24,19773.85,19784.55,19769.15,19782.4,13:10:00,19800.014523017388,4,48
2023-11-24,19778.3,19783.6,19772.4,19775.15,13:15:00,19797.946473206208,4,49
2023-11-24,19778.35,19781.2,19774.5,19779.35,13:20:00,19796.080142424667,4,50
2023-11-24,19785.15,19786.35,19776.85,19780.6,13:25:00,19795.039176479462,4,51
2023-11-24,19781.5,19792.1,19779.6,19786.25,13:30:00,19793.749731100463,4,52
2023-11-24,19778.1,19784.6,19773.0,19782.6,13:35:00,19792.25928051947,4,53
2023-11-24,19781.85,19785.95,19775.65,19778.55,13:40:00,19791.26792047,4,54
2023-11-24,19785.6,19791.95,19779.75,19782.85,13:45:00,19790.72811852047,4,55
2023-11-24,19784.6,19790.6,19781.25,19786.0,13:50:00,19790.144488185186,4,56
2023-11-24,19791.95,19795.55,19778.05,19785.05,13:55:00,19790.31644169136,4,57
2023-11-24,19792.1,19794.2,19786.55,19792.15,14:00:00,19790.48630438742,4,58
2023-11-24,19788.7,19802.95,19786.8,19792.9,14:05:00,19790.31618016005,4,59
2023-11-24,19795.25,19799.5,19786.2,19789.8,14:10:00,19790.786067763856,4,60
2023-11-24,19800.1,19806.2,19787.35,19795.9,14:15:00,19791.673108929204,4,61
2023-11-24,19794.6,19801.8,19791.15,19800.6,14:20:00,19791.95186045976,4,62
2023-11-24,19800.65,19805.4,19793.95,19795.5,14:25:00,19792.780254701687,4,63
2023-11-24,19796.8,19803.5,19793.2,19801.45,14:30:00,19793.163087587243,4,64
2023-11-24,19794.05,19804.5,19794.05,19797.15,14:35:00,19793.24755543608,4,65
2023-11-24,19796.5,19800.35,19786.95,19795.15,14:40:00,19793.557312061217,4,66
2023-11-24,19795.8,19799.9,19787.8,19797.9,14:45:00,19793.77090138872,4,67
2023-11-24,19794.95,19801.65,19791.4,19795.25,14:50:00,19793.88319649456,4,68
2023-11-24,19794.75,19798.9,19791.3,19795.05,14:55:00,19793.96574920936,4,69
2023-11-24,19790.1,19797.7,19786.55,19796.45,15:00:00,19793.59758261799,4,70
2023-11-24,19790.8,19791.7,19784.9,19790.8,15:05:00,19793.33114617818,4,71
2023-11-24,19792.3,19795.5,19787.15,19791.7,15:10:00,19793.23294178026,4,72
2023-11-24,19797.45,19800.6,19791.2,19792.9,15:15:00,19793.634566372617,4,73
2023-11-24,19802.55,19802.95,19792.2,19797.0,15:20:00,19794.48365528951,4,74
2023-11-24,19788.7,19803.65,19786.25,19802.95,15:25:00,19793.932830976224,4,75
2023-11-28,19830.3,19844.65,19807.7,19844.65,09:15:00,19801.766557783256,1,1
2023-11-28,19832.15,19833.4,19823.75,19829.4,09:20:00,19804.66021894676,1,2
2023-11-28,19825.4,19835.5,19823.55,19831.2,09:25:00,19806.635436189925,1,3
2023-11-28,19821.4,19829.9,19819.55,19825.35,09:30:00,19808.041585124218,1,4
2023-11-28,19827.2,19828.15,19815.05,19821.45,09:35:00,19809.86619606477,1,5
2023-11-28,19824.1,19829.65,19820.95,19827.3,09:40:00,19811.22179643956,1,6
2023-11-28,19828.8,19831.0,19823.05,19824.1,09:45:00,19812.89591106436,1,7
2023-11-28,19822.6,19832.8,19819.3,19829.1,09:50:00,19813.82011001061,1,8
2023-11-28,19820.95,19824.65,19816.15,19822.5,09:55:00,19814.49914715245,1,9
2023-11-28,19813.4,19827.9,19812.85,19820.65,10:00:00,19814.39446647127,1,10
2023-11-28,19812.25,19816.4,19807.35,19813.15,10:05:00,19814.19023156924,1,11
2023-11-28,19811.15,19817.05,19809.95,19812.35,10:10:00,19813.900685705503,1,12
2023-11-28,19803.9,19811.95,19800.45,19810.85,10:15:00,19812.94823944784,1,13
2023-11-28,19808.05,19810.8,19801.95,19804.05,10:20:00,19812.481740452804,1,14
2023-11-28,19815.35,19815.5,19807.05,19807.9,10:25:00,19812.754908028728,1,15
2023-11-28,19824.15,19824.15,19813.95,19815.75,10:30:00,19813.84015488313,1,16
2023-11-28,19826.15,19826.2,19820.35,19824.7,10:35:00,19815.012521084744,1,17
2023-11-28,19817.15,19826.95,19817.15,19825.6,10:40:00,19815.216090505244,1,18
2023-11-28,19817.45,19819.9,19815.9,19816.9,10:45:00,19815.42884379046,1,19
2023-11-28,19824.2,19825.05,19817.15,19817.15,10:50:00,19816.264192000894,1,20
2023-11-28,19819.0,19826.75,19818.65,19824.15,10:55:00,19816.524745143663,1,21
2023-11-28,19818.7,19821.95,19815.9,19819.3,11:00:00,19816.73191227284,1,22
2023-11-28,19820.25,19823.2,19817.4,19818.0,11:05:00,19817.06696824685,1,23
2023-11-28,19822.0,19825.9,19818.1,19820.65,11:10:00,19817.536780794777,1,24
2023-11-28,19824.15,19826.0,19819.95,19822.15,11:15:00,19818.16661119528,1,25
2023-11-28,19819.2,19826.1,19818.3,19823.9,11:20:00,19818.26502917668,1,26
2023-11-28,19816.45,19821.05,19814.7,19819.8,11:25:00,19818.092169255084,1,27
2023-11-28,19819.6,19820.6,19815.5,19815.8,11:30:00,19818.23577218317,1,28
2023-11-28,19818.1,19825.75,19810.65,19819.55,11:35:00,19818.222841499057,1,29
2023-11-28,19821.25,19822.4,19817.4,19818.3,11:40:00,19818.51114230867,1,30
2023-11-28,19822.9,19825.65,19820.95,19820.95,11:45:00,19818.929128755462,1,31
2023-11-28,19825.05,19829.4,19822.05,19823.0,11:50:00,19819.51206887399,1,32
2023-11-28,19829.7,19829.95,19822.5,19825.3,11:55:00,19820.48234802885,1,33
2023-11-28,19825.4,19831.0,19824.4,19829.0,12:00:00,19820.95069583563,1,34
2023-11-28,19834.85,19836.1,19825.4,19825.55,12:05:00,19822.27443908938,1,35
2023-11-28,19834.9,19839.7,19830.95,19834.65,12:10:00,19823.47687346182,1,36
2023-11-28,19828.45,19836.7,19827.1,19834.25,12:15:00,19823.950504560697,1,37
2023-11-28,19827.55,19829.45,19825.9,19828.55,12:20:00,19824.293313650152,1,38
2023-11-28,19834.1,19835.3,19826.1,19827.4,12:25:00,19825.22728377871,1,39
2023-11-28,19833.9,19837.5,19832.1,19834.2,12:30:00,19826.05325675217,1,40
2023-11-28,19834.85,19837.2,19832.1,19833.7,12:35:00,19826.891041823383,1,41
2023-11-28,19835.3,19838.5,19831.1,19835.6,12:40:00,19827.69189498306,1,42
2023-11-28,19832.6,19838.55,19830.75,19835.6,12:45:00,19828.1593335561,1,43
2023-11-28,19830.6,19833.8,19828.8,19832.9,12:50:00,19828.391777979326,1,44
2023-11-28,19828.3,19831.4,19826.2,19831.25,12:55:00,19828.38303721939,1,45
2023-11-28,19823.55,19830.6,19822.25,19828.6,13:00:00,19827.9227479604,1,46
2023-11-28,19825.3,19828.45,19822.2,19824.4,13:05:00,19827.672962440363,1,47
2023-11-28,19826.35,19830.45,19823.35,19825.7,13:10:00,19827.54696601747,1,48
2023-11-28,19826.15,19827.45,19822.2,19826.65,13:15:00,19827.413921634856,1,49
2023-11-28,19821.75,19828.65,19821.5,19826.3,13:20:00,19826.874500526774,1,50
2023-11-28,19823.25,19826.1,19821.65,19822.15,13:25:00,19826.529310000416,1,51
2023-11-28,19823.5,19827.55,19822.35,19823.55,13:30:00,19826.24080428609,1,52
2023-11-28,19825.35,19825.85,19820.55,19824.15,13:35:00,19826.15596578265,1,53
2023-11-28,19825.65,19827.0,19821.55,19825.8,13:40:00,19826.107778565256,1,54
2023-11-28,19825.25,19831.5,19825.25,19825.9,13:45:00,19826.026085368565,1,55
2023-11-28,19820.85,19827.95,19820.85,19825.25,13:50:00,19825.53312485728,1,56
2023-11-28,19818.2,19824.0,19816.0,19820.8,13:55:00,19824.834732013725,1,57
2023-11-28,19822.5,19825.5,19816.85,19818.45,14:00:00,19824.61237658385,1,58
2023-11-28,19821.35,19825.85,19821.35,19822.4,14:05:00,19824.30167405205,1,59
2023-11-28,19823.1,19823.75,19819.5,19822.25,14:10:00,19824.18722890424,1,60
2023-11-28,19836.2,19836.2,19822.4,19823.5,14:15:00,19825.33130234193,1,61
2023-11-28,19865.8,19865.8,19833.75,19836.5,14:20:00,19829.18546402365,1,62
2023-11-28,19870.4,19870.4,19860.3,19867.2,14:25:00,19833.11065792616,1,63
2023-11-28,19881.45,19882.35,19862.1,19870.2,14:30:00,19837.71440479034,1,64
2023-11-28,19878.7,19885.5,19874.45,19882.2,14:35:00,19841.617794810307,1,65
2023-11-28,19876.05,19879.2,19870.4,19879.0,14:40:00,19844.89705244742,1,66
2023-11-28,19876.1,19882.95,19875.8,19876.85,14:45:00,19847.868761738144,1,67
2023-11-28,19869.3,19878.7,19864.85,19876.45,14:50:00,19849.9098320488,1,68
2023-11-28,19867.5,19876.55,19864.65,19868.95,14:55:00,19851.58508613939,1,69
2023-11-28,19869.25,19872.15,19865.15,19867.2,15:00:00,19853.26745888801,1,70
2023-11-28,19888.2,19889.55,19869.0,19869.0,15:05:00,19856.594367565347,1,71
2023-11-28,19896.15,19897.3,19884.55,19887.7,15:10:00,19860.361570654364,1,72
2023-11-28,19897.55,19897.8,19889.1,19895.95,15:15:00,19863.90332583014,1,73
2023-11-28,19907.15,19908.7,19896.25,19897.65,15:20:00,19868.02205670346,1,74
2023-11-28,19908.45,19916.3,19906.4,19907.5,15:25:00,19871.872337017416,1,75
2023-11-29,19976.55,19978.05,19958.4,19976.55,09:15:00,19890.86148222968,2,1
2023-11-29,19989.25,19991.9,19971.3,19975.75,09:20:00,19900.231817255422,2,2
2023-11-29,19985.1,19995.9,19983.4,19990.4,09:25:00,19908.31450132633,2,3
2023-11-29,19984.55,19991.0,19984.55,19985.2,09:30:00,19915.57502500954,2,4
2023-11-29,20004.55,20004.55,19980.0,19984.4,09:35:00,19924.04883215149,2,5
2023-11-29,20005.95,20007.9,19999.05,20003.7,09:40:00,19931.84894337516,2,6
2023-11-29,19999.15,20009.1,19996.9,20004.9,09:45:00,19938.258567815617,2,7
2023-11-29,20003.1,20005.6,19998.3,19999.1,09:50:00,19944.43394230937,2,8
2023-11-29,20001.4,20003.45,19997.1,20003.15,09:55:00,19949.859281137047,2,9
2023-11-29,20002.9,20007.9,19999.15,20001.1,10:00:00,19954.91077817161,2,10
2023-11-29,20011.3,20015.05,20002.2,20002.2,10:05:00,19960.281180250506,2,11
2023-11-29,20014.2,20015.35,20005.4,20011.5,10:10:00,19965.416305940933,2,12
2023-11-29,20011.6,20016.7,20010.0,20013.35,10:15:00,19969.81475299417,2,13
2023-11-29,20006.6,20014.35,20006.15,20012.0,10:20:00,19973.31810985187,2,14
2023-11-29,20010.25,20011.85,20004.6,20006.75,10:25:00,19976.83543272312,2,15
2023-11-29,20005.6,20011.1,19998.9,20009.9,10:30:00,19979.57491532092,2,16
2023-11-29,20002.0,20007.3,19999.55,20006.05,10:35:00,19981.71063767131,2,17
2023-11-29,20001.5,20004.65,19993.1,20002.3,10:40:00,19983.59533884548,2,18
2023-11-29,20004.4,20005.95,19997.65,20002.65,10:45:00,19985.576735145904,2,19
2023-11-29,20009.85,20010.0,20002.8,20004.7,10:50:00,19987.88847465581,2,20
2023-11-29,20007.0,20009.9,19993.7,20009.9,10:55:00,19989.70861992669,2,21
2023-11-29,20001.35,20008.2,20000.25,20007.55,11:00:00,19990.81732279082,2,22
2023-11-29,20004.55,20006.05,19999.35,20001.1,11:05:00,19992.125196810743,2,23
2023-11-29,20007.55,20008.95,20000.35,20003.85,11:10:00,19993.59422568591,2,24
2023-11-29,20009.75,20011.9,20005.05,20007.1,11:15:00,19995.13287085868,2,25
2023-11-29,20008.4,20011.05,20006.65,20008.9,11:20:00,19996.39640696738,2,26
2023-11-29,20017.0,20017.75,20007.25,20008.75,11:25:00,19998.358653922864,2,27
2023-11-29,20025.55,20027.3,20012.9,20017.4,11:30:00,20000.94830593021,2,28
2023-11-29,20026.0,20030.8,20024.6,20025.65,11:35:00,20003.334181555907,2,29
2023-11-29,20028.65,20034.7,20023.35,20026.45,11:40:00,20005.74521188392,2,30
2023-11-29,20025.1,20031.1,20024.65,20028.95,11:45:00,20007.58852503783,2,31
2023-11-29,20024.65,20028.5,20022.95,20024.55,11:50:00,20009.21342741518,2,32
2023-11-29,20025.05,20029.7,20021.15,20024.45,11:55:00,20010.72167242326,2,33
2023-11-29,20026.3,20030.0,20024.55,20025.0,12:00:00,20012.205322668666,2,34
2023-11-29,20026.9,20029.9,20025.15,20026.35,12:05:00,20013.60481574784,2,35
2023-11-29,20030.9,20032.4,20024.85,20027.4,12:10:00,20015.25197615281,2,36
2023-11-29,20033.45,20037.35,20029.7,20031.5,12:15:00,20016.985121281115,2,37
2023-11-29,20034.3,20039.95,20033.15,20033.5,12:20:00,20018.63415734958,2,38
2023-11-29,20035.55,20037.55,20030.9,20034.15,12:25:00,20020.24518998296,2,39
2023-11-29,20032.5,20035.85,20027.85,20034.0,12:30:00,20021.412314746485,2,40
2023-11-29,20036.65,20038.3,20031.3,20032.25,12:35:00,20022.863522865868,2,41
2023-11-29,20036.0,20040.3,20035.5,20035.55,12:40:00,20024.11461592626,2,42
2023-11-29,20041.95,20044.05,20034.95,20035.6,12:45:00,20025.813223933284,2,43
2023-11-29,20038.2,20042.6,20034.25,20041.65,12:50:00,20026.99291689202,2,44
2023-11-29,20037.15,20040.6,20034.05,20037.55,12:55:00,20027.9602581404,2,45
2023-11-29,20040.45,20043.65,20034.75,20036.4,13:00:00,20029.14975736512,2,46
2023-11-29,20046.6,20046.6,20039.15,20040.1,13:05:00,20030.811685235112,2,47
2023-11-29,20043.6,20045.35,20039.45,20045.25,13:10:00,20032.029619974623,2,48
2023-11-29,20042.3,20044.4,20038.1,20043.95,13:15:00,20033.007751405614,2,49
2023-11-29,20041.25,20043.65,20037.8,20042.05,13:20:00,20033.792727462223,2,50
2023-11-29,20042.65,20045.65,20040.35,20041.2,13:25:00,20034.636277227724,2,51
2023-11-29,20042.45,20043.5,20039.75,20042.95,13:30:00,20035.38044130128,2,52
2023-11-29,20039.8,20044.35,20035.15,20042.3,13:35:00,20035.80135165353,2,53
2023-11-29,20056.6,20058.4,20036.7,20039.95,13:40:00,20037.78217530558,2,54
2023-11-29,20069.65,20071.75,20056.55,20057.85,13:45:00,20040.817206228858,2,55
2023-11-29,20065.0,20075.25,20064.25,20071.9,13:50:00,20043.12032944516,2,56
2023-11-29,20061.7,20066.55,20057.85,20065.55,13:55:00,20044.889821878955,2,57
2023-11-29,20062.1,20067.75,20056.15,20061.8,14:00:00,20046.528886461914,2,58
2023-11-29,20066.1,20067.05,20060.65,20063.95,14:05:00,20048.392802036968,2,59
2023-11-29,20065.0,20069.85,20063.25,20066.05,14:10:00,20049.97443993821,2,60
2023-11-29,20063.55,20067.05,20061.4,20064.35,14:15:00,20051.267350420287,2,61
2023-11-29,20060.5,20066.65,20058.75,20063.3,14:20:00,20052.14665038026,2,62
2023-11-29,20074.0,20075.2,20060.0,20060.35,14:25:00,20054.227921772614,2,63
2023-11-29,20074.65,20075.9,20069.9,20073.85,14:30:00,20056.1728816038,2,64
2023-11-29,20079.05,20082.35,20074.3,20075.9,14:35:00,20058.351654784383,2,65
2023-11-29,20082.85,20082.95,20072.15,20079.75,14:40:00,20060.684830519203,2,66
2023-11-29,20085.8,20088.25,20079.6,20083.65,14:45:00,20063.076751422137,2,67
2023-11-29,20079.95,20089.1,20077.7,20086.15,14:50:00,20064.68372747717,2,68
2023-11-29,20082.3,20085.55,20077.05,20081.0,14:55:00,20066.361467717445,2,69
2023-11-29,20092.05,20092.05,20078.6,20081.3,15:00:00,20068.8079946015,2,70
2023-11-29,20095.0,20097.1,20086.55,20092.0,15:05:00,20071.30247130612,2,71
2023-11-29,20101.9,20103.85,20090.85,20094.4,15:10:00,20074.21652165792,2,72
2023-11-29,20098.9,20104.1,20096.6,20101.8,15:15:00,20076.56732911907,2,73
2023-11-29,20098.95,20099.7,20095.0,20098.95,15:20:00,20078.69901206011,2,74
2023-11-29,20096.2,20103.65,20086.3,20099.4,15:25:00,20080.36577281629,2,75
2023-11-30,20115.5,20134.2,20108.5,20108.5,09:15:00,20086.136154164808,3,1
2023-11-30,20119.8,20123.9,20101.75,20113.0,09:20:00,20089.34223472054,3,2
2023-11-30,20111.85,20119.65,20105.8,20119.45,09:25:00,20091.485831413826,3,3
2023-11-30,20115.55,20118.85,20106.5,20111.5,09:30:00,20093.77765699346,3,4
2023-11-30,20122.3,20127.4,20092.55,20115.25,09:35:00,20096.49407061313,3,5
2023-11-30,20122.6,20125.55,20114.9,20122.65,09:40:00,20098.98034960236,3,6
2023-11-30,20091.25,20124.2,20090.2,20122.0,09:45:00,20098.244125830708,3,7
2023-11-30,20047.75,20094.1,20047.55,20090.2,09:50:00,20093.43516146588,3,8
2023-11-30,20047.1,20055.1,20025.1,20048.2,09:55:00,20089.02228894532,3,9
2023-11-30,20032.75,20053.1,20031.6,20046.2,10:00:00,20083.66302333148,3,10
2023-11-30,20037.7,20048.7,20017.9,20032.65,10:05:00,20079.285592538003,3,11
2023-11-30,20047.35,20049.15,20036.05,20038.15,10:10:00,20076.244107534385,3,12
2023-11-30,20057.15,20070.1,20046.95,20047.05,10:15:00,20074.42562110254,3,13
2023-11-30,20067.85,20069.0,20050.2,20057.35,10:20:00,20073.799371473728,3,14
2023-11-30,20046.5,20075.85,20045.85,20068.1,10:25:00,20071.19943133337,3,15
2023-11-30,20056.15,20059.6,20046.15,20046.25,10:30:00,20069.766152158765,3,16
2023-11-30,20069.9,20070.0,20053.7,20055.05,10:35:00,20069.77889957222,3,17
2023-11-30,20098.6,20098.6,20065.25,20070.25,10:40:00,20072.523766279628,3,18
2023-11-30,20091.6,20104.7,20086.0,20099.2,10:45:00,20074.34055044348,3,19
2023-11-30,20084.85,20095.1,20079.15,20091.8,10:50:00,20075.34145040124,3,20
2023-11-30,20076.5,20084.5,20075.45,20084.3,10:55:00,20075.45178845826,3,21
2023-11-30,20083.45,20085.45,20074.2,20076.9,11:00:00,20076.21352289081,3,22
2023-11-30,20079.25,20087.85,20075.2,20084.0,11:05:00,20076.50271118692,3,23
2023-11-30,20065.8,20079.15,20054.65,20079.15,11:10:00,20075.483405359595,3,24
2023-11-30,20067.7,20072.55,20061.2,20065.6,11:15:00,20074.742128658683,3,25
2023-11-30,20065.55,20070.65,20064.3,20068.15,11:20:00,20073.86668783405,3,26
2023-11-30,20065.6,20068.65,20061.9,20065.75,11:25:00,20073.079384230805,3,27
2023-11-30,20058.15,20068.45,20058.0,20065.3,11:30:00,20071.657538113584,3,28
2023-11-30,20062.5,20063.2,20058.4,20059.0,11:35:00,20070.785391626578,3,29
2023-11-30,20060.1,20066.55,20057.7,20063.2,11:40:00,20069.767735281188,3,30
2023-11-30,20067.75,20067.85,20058.25,20060.2,11:45:00,20069.57557001632,3,31
2023-11-30,20066.55,20071.75,20064.7,20067.7,11:50:00,20069.28742049095,3,32
2023-11-30,20069.1,20079.55,20065.65,20066.6,11:55:00,20069.26957092038,3,33
2023-11-30,20062.8,20071.0,20062.4,20070.05,12:00:00,20068.653421308914,3,34
2023-11-30,20063.45,20067.0,20058.4,20063.15,12:05:00,20068.15785737473,3,35
2023-11-30,20054.55,20063.65,20054.05,20062.8,12:10:00,20066.86187095809,3,36
2023-11-30,20049.6,20057.65,20045.15,20054.5,12:15:00,20065.2178832478,3,37
2023-11-30,20052.9,20056.45,20042.65,20049.8,12:20:00,20064.04475150991,3,38
2023-11-30,20053.85,20055.8,20050.45,20052.15,12:25:00,20063.07382279468,3,39
2023-11-30,20050.35,20054.5,20046.25,20054.25,12:30:00,20061.862030147564,3,40
2023-11-30,20045.15,20053.05,20045.15,20050.3,12:35:00,20060.27040822875,3,41
2023-11-30,20059.8,20061.55,20043.0,20044.8,12:40:00,20060.22560744506,3,42
2023-11-30,20068.1,20069.75,20055.0,20059.65,12:45:00,20060.97554959315,3,43
2023-11-30,20060.55,20069.2,20060.55,20067.95,12:50:00,20060.935021060468,3,44
2023-11-30,20054.35,20062.0,20052.85,20061.45,12:55:00,20060.307876197567,3,45
2023-11-30,20060.75,20060.75,20053.6,20054.6,13:00:00,20060.34998322637,3,46
2023-11-30,20060.05,20064.75,20056.4,20060.9,13:05:00,20060.32141339529,3,47
2023-11-30,20067.7,20070.6,20059.65,20060.8,13:10:00,20061.02413592907,3,48
2023-11-30,20065.05,20075.95,20063.5,20067.8,13:15:00,20061.40755155488,3,49
2023-11-30,20069.9,20071.9,20062.75,20065.4,13:20:00,20062.216356168698,3,50
2023-11-30,20072.15,20073.35,20067.15,20069.7,13:25:00,20063.162417485968,3,51
2023-11-30,20069.95,20074.65,20067.9,20071.05,13:30:00,20063.80885391588,3,52
2023-11-30,20077.15,20079.5,20067.6,20069.75,13:35:00,20065.07943925722,3,53
2023-11-30,20102.45,20107.25,20073.85,20077.4,13:40:00,20068.638540280343,3,54
2023-11-30,20112.8,20120.0,20092.8,20103.05,13:45:00,20072.844393586976,3,55
2023-11-30,20103.5,20117.15,20098.35,20111.95,13:50:00,20075.76397515012,3,56
2023-11-30,20098.45,20107.85,20095.65,20104.25,13:55:00,20077.924548945342,3,57
2023-11-30,20073.45,20099.2,20073.45,20099.05,14:00:00,20077.498401426743,3,58
2023-11-30,20073.15,20083.2,20071.2,20074.8,14:05:00,20077.08426795753,3,59
2023-11-30,20061.9,20076.6,20056.75,20072.9,14:10:00,20075.638147199672,3,60
2023-11-30,20062.6,20074.25,20058.65,20061.1,14:15:00,20074.396418894943,3,61
2023-11-30,20070.3,20071.65,20060.4,20063.15,14:20:00,20074.006283762094,3,62
2023-11-30,20094.75,20102.05,20070.05,20071.7,14:25:00,20075.98187578475,3,63
2023-11-30,20093.3,20101.4,20088.35,20095.9,14:30:00,20077.631220948108,3,64
2023-11-30,20106.35,20110.65,20091.9,20094.7,14:35:00,20080.36634276257,3,65
2023-11-30,20125.4,20128.85,20102.25,20106.5,14:40:00,20084.65526249948,3,66
2023-11-30,20117.4,20130.05,20104.3,20126.7,14:45:00,20087.773808928094,3,67
2023-11-30,20123.6,20127.8,20114.8,20118.35,14:50:00,20091.185827125417,3,68
2023-11-30,20115.95,20126.8,20112.65,20123.55,14:55:00,20093.54431978014,3,69
2023-11-30,20119.7,20124.75,20096.75,20114.1,15:00:00,20096.035336943936,3,70
2023-11-30,20131.7,20139.75,20116.85,20119.6,15:05:00,20099.431971520706,3,71
2023-11-30,20135.2,20135.7,20126.2,20131.1,15:10:00,20102.838450423493,3,72
2023-11-30,20137.95,20138.1,20127.7,20133.85,15:15:00,20106.18240752602,3,73
2023-11-30,20154.4,20155.6,20137.8,20138.0,15:20:00,20110.77455919021,3,74
2023-11-30,20127.2,20157.35,20126.15,20154.4,15:25:00,20112.338886886377,3,75
2023-12-01,20220.1,20225.75,20188.3,20194.1,09:15:00,20129.64702531969,4,1
2023-12-01,20220.05,20226.2,20212.85,20219.85,09:20:00,20138.2568324321,4,2
2023-12-01,20226.25,20231.6,20216.5,20219.65,09:25:00,20146.63713410524,4,3
2023-12-01,20226.6,20237.6,20225.45,20228.25,09:30:00,20154.252645142828,4,4
2023-12-01,20221.0,20227.6,20212.25,20227.35,09:35:00,20160.609536081603,4,5
2023-12-01,20219.65,20226.55,20217.6,20220.85,09:40:00,20166.232437407165,4,6
2023-12-01,20232.3,20232.3,20214.65,20220.05,09:45:00,20172.52458622553,4,7
2023-12-01,20254.7,20257.6,20227.35,20230.7,09:50:00,20180.35081610881,4,8
2023-12-01,20254.45,20259.1,20243.05,20253.35,09:55:00,20187.407881241303,4,9
2023-12-01,20249.15,20258.5,20247.25,20254.35,10:00:00,20193.28808302785,4,10
2023-12-01,20246.15,20253.7,20234.6,20250.95,10:05:00,20198.32255131091,4,11
2023-12-01,20258.65,20263.55,20239.55,20245.65,10:10:00,20204.06802261464,4,12
2023-12-01,20261.25,20263.1,20251.85,20257.55,10:15:00,20209.513925222767,4,13
2023-12-01,20260.75,20261.5,20253.5,20261.35,10:20:00,20214.393551392022,4,14
2023-12-01,20260.85,20267.9,20256.3,20262.2,10:25:00,20218.81797506897,4,15
2023-12-01,20263.7,20268.7,20252.75,20260.0,10:30:00,20223.092453633835,4,16
2023-12-01,20266.75,20266.75,20258.25,20263.65,10:35:00,20227.25031519252,4,17
2023-12-01,20261.15,20266.45,20256.75,20265.6,10:40:00,20230.47885660276,4,18
2023-12-01,20262.7,20264.6,20256.35,20261.9,10:45:00,20233.547536926304,4,19
2023-12-01,20257.4,20265.95,20254.6,20261.95,10:50:00,20235.81920007618,4,20
2023-12-01,20263.25,20264.6,20252.45,20256.8,10:55:00,20238.431657211782,4,21
2023-12-01,20267.65,20271.15,20262.8,20262.8,11:00:00,20241.214356524943,4,22
2023-12-01,20259.75,20271.55,20259.25,20267.45,11:05:00,20242.979655903524,4,23
2023-12-01,20263.1,20267.3,20258.65,20260.35,11:10:00,20244.895879150805,4,24
2023-12-01,20262.9,20266.6,20260.05,20263.2,11:15:00,20246.61055732692,4,25
2023-12-01,20257.05,20263.95,20254.75,20262.75,11:20:00,20247.60478996245,4,26
2023-12-01,20279.9,20279.9,20256.6,20256.9,11:25:00,20250.68052425174,4,27
2023-12-01,20277.05,20280.5,20272.35,20278.75,11:30:00,20253.191902894432,4,28
2023-12-01,20277.3,20277.45,20270.15,20276.4,11:35:00,20255.487912142584,4,29
2023-12-01,20275.4,20279.8,20273.6,20276.85,11:40:00,20257.38430146233,4,30
2023-12-01,20277.05,20279.4,20272.65,20276.2,11:45:00,20259.257225132595,4,31
2023-12-01,20279.15,20280.85,20274.65,20276.65,11:50:00,20261.151775119964,4,32
2023-12-01,20281.55,20281.55,20275.5,20278.8,11:55:00,20263.09446320377,4,33
2023-12-01,20280.8,20283.7,20275.95,20281.25,12:00:00,20264.780704803416,4,34
2023-12-01,20278.75,20284.5,20275.55,20281.0,12:05:00,20266.11111386976,4,35
2023-12-01,20268.35,20283.2,20264.95,20278.4,12:10:00,20266.324341120253,4,36
2023-12-01,20273.0,20277.5,20266.95,20266.95,12:15:00,20266.960118156418,4,37
2023-12-01,20269.65,20278.05,20268.7,20272.95,12:20:00,20267.21629737962,4,38
2023-12-01,20275.3,20277.1,20270.35,20270.35,12:25:00,20267.986173819656,4,39
2023-12-01,20273.2,20275.85,20266.6,20274.85,12:30:00,20268.482728693973,4,40
2023-12-01,20277.25,20279.85,20270.8,20273.15,12:35:00,20269.3177069136,4,41
2023-12-01,20277.3,20281.6,20273.55,20277.85,12:40:00,20270.07792530278,4,42
2023-12-01,20276.75,20279.5,20273.65,20276.45,12:45:00,20270.713360988226,4,43
2023-12-01,20276.6,20278.0,20273.25,20276.15,12:50:00,20271.27399327506,4,44
2023-12-01,20277.4,20281.5,20274.35,20276.7,12:55:00,20271.85742248696,4,45
2023-12-01,20281.4,20285.4,20268.4,20278.0,13:00:00,20272.76623939296,4,46
2023-12-01,20274.6,20280.95,20271.3,20280.95,13:05:00,20272.9408832603,4,47
2023-12-01,20277.3,20278.0,20271.55,20274.65,13:10:00,20273.35603723551,4,48
2023-12-01,20268.95,20278.3,20268.65,20277.8,13:15:00,20272.93641464165,4,49
2023-12-01,20274.9,20275.45,20268.05,20270.25,13:20:00,20273.123422771016,4,50
2023-12-01,20272.35,20277.65,20270.8,20275.2,13:25:00,20273.04976345949,4,51
2023-12-01,20268.35,20279.3,20267.15,20273.25,13:30:00,20272.602166939538,4,52
2023-12-01,20274.25,20278.2,20264.55,20267.9,13:35:00,20272.75910342149,4,53
2023-12-01,20275.1,20281.45,20271.6,20274.8,13:40:00,20272.982045952773,4,54
2023-12-01,20279.9,20280.4,20273.8,20275.8,13:45:00,20273.64089871917,4,55
2023-12-01,20275.65,20282.95,20274.2,20279.65,13:50:00,20273.832241698303,4,56
2023-12-01,20277.2,20281.25,20273.1,20275.6,13:55:00,20274.152980584186,4,57
2023-12-01,20286.05,20288.05,20276.35,20277.4,14:00:00,20275.28603005236,4,58
2023-12-01,20281.55,20290.6,20267.65,20287.05,14:05:00,20275.882598618795,4,59
2023-12-01,20271.7,20282.95,20271.6,20282.65,14:10:00,20275.4842558932,4,60
2023-12-01,20275.85,20277.1,20270.95,20273.85,14:15:00,20275.51908866527,4,61
2023-12-01,20276.9,20280.0,20272.6,20275.3,14:20:00,20275.650604030485,4,62
2023-12-01,20267.2,20279.55,20267.05,20278.05,14:25:00,20274.84578459901,4,63
2023-12-01,20268.15,20269.65,20256.15,20267.6,14:30:00,20274.20809082768,4,64
2023-12-01,20255.4,20268.9,20252.85,20268.9,14:35:00,20272.41684408218,4,65
2023-12-01,20250.25,20261.5,20244.4,20256.1,14:40:00,20270.305716074352,4,66
2023-12-01,20261.5,20265.4,20245.65,20249.65,14:45:00,20269.467076448225,4,67
2023-12-01,20264.05,20269.5,20255.9,20262.35,14:50:00,20268.95116440554,4,68
2023-12-01,20266.45,20267.25,20255.55,20263.9,14:55:00,20268.71295827168,4,69
2023-12-01,20270.9,20282.05,20263.55,20263.55,15:00:00,20268.92124796009,4,70
2023-12-01,20263.85,20274.0,20262.2,20272.05,15:05:00,20268.43827196389,4,71
2023-12-01,20267.35,20270.95,20261.45,20263.55,15:10:00,20268.33462701495,4,72
2023-12-01,20267.95,20272.3,20263.95,20268.4,15:15:00,20268.297995870667,4,73
2023-12-01,20262.7,20271.85,20260.2,20268.3,15:20:00,20267.7648534068,4,74
2023-12-01,20255.75,20270.35,20249.0,20263.3,15:25:00,20266.62058165377,4,75
2023-12-04,20530.55,20601.95,20530.25,20601.95,09:15:00,20320.65131514061,0,1
2023-12-04,20542.05,20546.85,20508.65,20528.6,09:20:00,20341.73690417484,0,2
2023-12-04,20564.35,20569.95,20539.1,20542.75,09:25:00,20362.938151396284,0,3
2023-12-04,20585.0,20590.2,20561.05,20565.05,09:30:00,20384.08689888236,0,4
2023-12-04,20577.35,20585.55,20570.35,20585.45,09:35:00,20402.49290851261,0,5
2023-12-04,20569.9,20579.85,20565.6,20577.15,09:40:00,20418.436441035214,0,6
2023-12-04,20567.8,20571.85,20562.1,20569.0,09:45:00,20432.661541889003,0,7
2023-12-04,20553.7,20574.3,20549.8,20567.95,09:50:00,20444.18901409005,0,8
2023-12-04,20558.3,20560.5,20549.5,20554.05,09:55:00,20455.05672703385,0,9
2023-12-04,20549.3,20564.7,20547.95,20557.9,10:00:00,20464.03227684016,0,10
2023-12-04,20553.55,20556.0,20535.3,20548.6,10:05:00,20472.557774283952,0,11
2023-12-04,20545.7,20554.85,20543.9,20553.55,10:10:00,20479.523700542624,0,12
2023-12-04,20537.25,20546.25,20535.15,20545.65,10:15:00,20485.02144334809,0,13
2023-12-04,20541.65,20542.65,20531.85,20537.15,10:20:00,20490.4146392197,0,14
2023-12-04,20547.6,20553.7,20539.6,20541.95,10:25:00,20495.86086405592,0,15
2023-12-04,20539.5,20548.45,20538.6,20548.45,10:30:00,20500.016972241072,0,16
2023-12-04,20526.15,20539.9,20526.15,20539.05,10:35:00,20502.50583202764,0,17
2023-12-04,20545.6,20547.85,20523.3,20526.25,10:40:00,20506.6100385012,0,18
2023-12-04,20544.0,20551.8,20543.85,20545.75,10:45:00,20510.17098721537,0,19
2023-12-04,20555.7,20556.95,20543.6,20544.3,10:50:00,20514.507083671047,0,20
2023-12-04,20555.05,20559.9,20552.4,20555.4,10:55:00,20518.36831379761,0,21
2023-12-04,20556.85,20558.15,20546.95,20554.3,11:00:00,20522.033236293075,0,22
2023-12-04,20559.0,20561.2,20554.35,20557.1,11:05:00,20525.55388045564,0,23
2023-12-04,20573.15,20574.15,20557.6,20558.65,11:10:00,20530.086844221765,0,24
2023-12-04,20579.55,20583.4,20573.4,20574.25,11:15:00,20534.79762096255,0,25
2023-12-04,20569.75,20579.25,20563.9,20578.85,11:20:00,20538.12641896612,0,26
2023-12-04,20563.7,20572.5,20559.15,20569.2,11:25:00,20540.5619981122,0,27
2023-12-04,20560.35,20564.7,20559.1,20563.7,11:30:00,20542.44656972056,0,28
2023-12-04,20562.25,20564.2,20558.15,20561.05,11:35:00,20544.332610699552,0,29
2023-12-04,20574.25,20574.8,20562.15,20562.4,11:40:00,20547.181885871025,0,30
2023-12-04,20578.9,20580.35,20572.6,20574.9,11:45:00,20550.202658645216,0,31
2023-12-04,20574.5,20579.9,20571.65,20579.0,11:50:00,20552.5166911552,0,32
2023-12-04,20573.55,20578.0,20571.35,20574.8,11:55:00,20554.51986342613,0,33
2023-12-04,20572.95,20575.2,20569.15,20574.4,12:00:00,20556.27511452841,0,34
2023-12-04,20574.35,20575.65,20569.05,20573.55,12:05:00,20557.996532192366,0,35
2023-12-04,20582.65,20587.9,20574.2,20574.65,12:10:00,20560.34448150737,0,36
2023-12-04,20579.4,20586.7,20578.95,20583.4,12:15:00,20562.159292792392,0,37
2023-12-04,20574.8,20583.15,20571.65,20580.4,12:20:00,20563.36316966931,0,38
2023-12-04,20578.0,20580.05,20572.95,20574.85,12:25:00,20564.757153510327,0,39
2023-12-04,20577.35,20581.85,20574.6,20577.95,12:30:00,20565.95647222363,0,40
2023-12-04,20577.2,20581.55,20574.3,20576.95,12:35:00,20567.027284392807,0,41
2023-12-04,20581.45,20581.7,20574.8,20577.45,12:40:00,20568.4008763554,0,42
2023-12-04,20579.05,20582.15,20571.55,20581.45,12:45:00,20569.415078607264,0,43
2023-12-04,20581.65,20585.35,20577.75,20579.5,12:50:00,20570.580309216097,0,44
2023-12-04,20586.3,20587.15,20577.1,20582.25,12:55:00,20572.077422624086,0,45
2023-12-04,20585.4,20591.35,20581.25,20586.45,13:00:00,20573.34623951703,0,46
2023-12-04,20582.2,20588.3,20570.7,20586.9,13:05:00,20574.18945480113,0,47
2023-12-04,20587.35,20590.7,20581.0,20582.6,13:10:00,20575.442840058164,0,48
2023-12-04,20600.8,20601.5,20586.6,20587.85,13:15:00,20577.85780767168,0,49
2023-12-04,20605.65,20612.5,20600.55,20601.45,13:20:00,20580.50468313152,0,50
2023-12-04,20608.65,20613.25,20602.6,20606.0,13:25:00,20583.18518949994,0,51
2023-12-04,20616.1,20619.65,20605.3,20608.2,13:30:00,20586.31993335709,0,52
2023-12-04,20614.2,20618.6,20611.55,20616.8,13:35:00,20588.975177799275,0,53
2023-12-04,20615.45,20623.7,20611.8,20614.35,13:40:00,20591.49658943744,0,54
2023-12-04,20599.45,20617.85,20593.65,20615.8,13:45:00,20592.25405711006,0,55
2023-12-04,20604.85,20611.85,20598.8,20600.35,13:50:00,20593.453670718627,0,56
2023-12-04,20611.6,20613.15,20605.15,20605.15,13:55:00,20595.18189255495,0,57
2023-12-04,20626.9,20631.9,20612.2,20612.25,14:00:00,20598.202664692573,0,58
2023-12-04,20636.55,20636.85,20627.15,20627.15,14:05:00,20601.85479186471,0,59
2023-12-04,20640.9,20641.6,20634.4,20636.7,14:10:00,20605.57338311569,0,60
2023-12-04,20647.05,20648.8,20639.3,20641.25,14:15:00,20609.52353710468,0,61
2023-12-04,20634.15,20647.7,20630.55,20646.5,14:20:00,20611.86891452328,0,62
2023-12-04,20647.85,20648.4,20631.95,20634.2,14:25:00,20615.29568456868,0,63
2023-12-04,20654.5,20655.25,20647.25,20647.95,14:30:00,20619.029428895472,0,64
2023-12-04,20652.4,20657.45,20649.75,20654.9,14:35:00,20622.20757852448,0,65
2023-12-04,20669.2,20670.25,20651.95,20652.45,14:40:00,20626.68304723643,0,66
2023-12-04,20659.8,20671.3,20656.3,20669.95,14:45:00,20629.837042737723,0,67
2023-12-04,20662.7,20665.25,20656.95,20660.45,14:50:00,20632.96684819128,0,68
2023-12-04,20681.45,20682.7,20660.65,20663.15,14:55:00,20637.58429122068,0,69
2023-12-04,20682.4,20702.25,20658.7,20681.55,15:00:00,20641.85245396157,0,70
2023-12-04,20682.1,20690.6,20675.35,20682.95,15:05:00,20645.68555358428,0,71
2023-12-04,20678.3,20688.3,20676.7,20682.15,15:10:00,20648.791691338152,0,72
2023-12-04,20684.75,20689.9,20675.8,20678.3,15:15:00,20652.21629216309,0,73
2023-12-04,20689.85,20694.3,20682.1,20683.5,15:20:00,20655.800454814227,0,74
2023-12-04,20686.8,20694.35,20680.9,20689.6,15:25:00,20658.75279245097,0,75
2023-12-05,20724.25,20808.9,20723.6,20808.9,09:15:00,20677.92847636009,1,1
2023-12-05,20730.7,20737.2,20711.15,20724.4,09:20:00,20682.954335754366,1,2
2023-12-05,20749.75,20756.35,20723.1,20729.3,09:25:00,20689.315827587285,1,3
2023-12-05,20753.9,20762.5,20748.35,20750.8,09:30:00,20695.4667011504,1,4
2023-12-05,20764.8,20766.9,20752.85,20754.95,09:35:00,20702.06987246941,1,5
2023-12-05,20776.7,20777.05,20760.75,20763.8,09:40:00,20709.1775036628,1,6
2023-12-05,20789.95,20796.15,20776.4,20776.4,09:45:00,20716.87012236158,1,7
2023-12-05,20783.15,20797.8,20782.8,20790.3,09:50:00,20723.182491660475,1,8
2023-12-05,20775.5,20782.75,20767.35,20782.75,09:55:00,20728.16511150233,1,9
2023-12-05,20791.85,20793.25,20771.4,20774.9,10:00:00,20734.230338978305,1,10
2023-12-05,20803.05,20804.45,20789.9,20789.9,10:05:00,20740.78459240894,1,11
2023-12-05,20806.95,20810.1,20793.35,20802.55,10:10:00,20747.086059798563,1,12
2023-12-05,20823.75,20826.55,20805.6,20807.7,10:15:00,20754.3873874368,1,13
2023-12-05,20818.25,20833.85,20809.15,20825.25,10:20:00,20760.469541014245,1,14
2023-12-05,20827.0,20830.9,20818.7,20818.7,10:25:00,20766.805775203364,1,15
2023-12-05,20816.1,20829.05,20813.95,20826.9,10:30:00,20771.50046327924,1,16
2023-12-05,20833.65,20833.65,20805.75,20816.95,10:35:00,20777.41946677645,1,17
2023-12-05,20839.75,20848.05,20828.95,20834.35,10:40:00,20783.35570803584,1,18
2023-12-05,20837.35,20843.8,20832.3,20840.25,10:45:00,20788.498021556232,1,19
2023-12-05,20839.8,20844.25,20832.1,20837.05,10:50:00,20793.383924265163,1,20
2023-12-05,20842.75,20848.1,20833.3,20840.5,10:55:00,20798.085455287528,1,21
2023-12-05,20838.55,20849.3,20837.85,20843.35,11:00:00,20801.93922145062,1,22
2023-12-05,20818.8,20844.3,20817.5,20838.4,11:05:00,20803.54500988389,1,23
2023-12-05,20822.3,20829.6,20803.4,20819.25,11:10:00,20805.33119941876,1,24
2023-12-05,20788.3,20825.0,20788.25,20821.65,11:15:00,20803.709180426493,1,25
2023-12-05,20796.5,20804.3,20780.1,20787.75,11:20:00,20803.02259181445,1,26
2023-12-05,20798.9,20801.65,20787.6,20796.35,11:25:00,20802.62996402259,1,27
2023-12-05,20759.25,20800.35,20757.9,20798.6,11:30:00,20798.498538877586,1,28
2023-12-05,20755.6,20763.2,20746.0,20759.5,11:35:00,20794.412963746385,1,29
2023-12-05,20740.55,20769.95,20740.55,20755.35,11:40:00,20789.2831576753,1,30
2023-12-05,20748.8,20753.6,20738.25,20740.4,11:45:00,20785.42761884908,1,31
2023-12-05,20734.45,20749.75,20731.0,20748.55,11:50:00,20780.57260753012,1,32
2023-12-05,20762.9,20766.2,20731.35,20733.9,11:55:00,20778.889502051064,1,33
2023-12-05,20774.85,20777.85,20753.6,20761.55,12:00:00,20778.50478757001,1,34
2023-12-05,20760.0,20775.5,20759.95,20775.05,12:05:00,20776.742426849058,1,35
2023-12-05,20776.7,20779.85,20758.75,20759.45,12:10:00,20776.73838619677,1,36
2023-12-05,20772.65,20782.15,20768.45,20776.55,12:15:00,20776.34901608279,1,37
2023-12-05,20776.0,20783.05,20769.85,20773.15,12:20:00,20776.31577645586,1,38
2023-12-05,20779.8,20786.35,20774.75,20776.0,12:25:00,20776.647607269588,1,39
2023-12-05,20783.2,20785.25,20777.05,20779.4,12:30:00,20777.271644672484,1,40
2023-12-05,20788.1,20789.25,20776.95,20782.7,12:35:00,20778.30291660844,1,41
2023-12-05,20779.1,20793.05,20775.65,20787.65,12:40:00,20778.3788293124,1,42
2023-12-05,20799.3,20800.8,20774.75,20779.3,12:45:00,20780.37132175884,1,43
2023-12-05,20798.2,20806.2,20796.3,20803.0,12:50:00,20782.06929111514,1,44
2023-12-05,20807.1,20809.9,20798.95,20799.45,12:55:00,20784.45316815179,1,45
2023-12-05,20801.8,20810.75,20797.6,20807.25,13:00:00,20786.105247375428,1,46
2023-12-05,20798.6,20805.4,20795.55,20803.1,13:05:00,20787.29522381586,1,47
2023-12-05,20802.0,20804.3,20795.8,20798.95,13:10:00,20788.695678690543,1,48
2023-12-05,20799.2,20807.35,20797.8,20801.9,13:15:00,20789.696090243822,1,49
2023-12-05,20799.0,20801.65,20788.65,20798.95,13:20:00,20790.582176887267,1,50
2023-12-05,20803.9,20806.35,20798.1,20798.8,13:25:00,20791.85054099324,1,51
2023-12-05,20817.2,20819.1,20803.35,20803.65,13:30:00,20794.26477518436,1,52
2023-12-05,20822.45,20824.2,20814.0,20817.95,13:35:00,20796.949082309657,1,53
2023-12-05,20819.0,20827.4,20816.0,20823.2,13:40:00,20799.04916970874,1,54
2023-12-05,20819.7,20822.1,20810.95,20819.4,13:45:00,20801.015915450764,1,55
2023-12-05,20817.05,20823.25,20811.85,20819.5,13:50:00,20802.54297112212,1,56
2023-12-05,20805.7,20818.5,20802.5,20816.85,13:55:00,20802.84364053906,1,57
2023-12-05,20789.65,20810.4,20789.2,20805.0,14:00:00,20801.587103344864,1,58
2023-12-05,20812.65,20813.25,20789.35,20789.8,14:05:00,20802.64071255012,1,59
2023-12-05,20812.9,20816.55,20808.9,20812.0,14:10:00,20803.617787545347,1,60
2023-12-05,20802.75,20813.25,20801.45,20812.5,14:15:00,20803.535141112457,1,61
2023-12-05,20805.5,20815.1,20794.1,20802.1,14:20:00,20803.72227053032,1,62
2023-12-05,20809.3,20811.95,20802.05,20806.0,14:25:00,20804.253482860764,1,63
2023-12-05,20816.95,20817.95,20808.6,20808.95,14:30:00,20805.46267496926,1,64
2023-12-05,20825.95,20828.35,20816.95,20817.7,14:35:00,20807.413848781714,1,65
2023-12-05,20818.3,20832.05,20818.3,20825.35,14:40:00,20808.45062508822,1,66
2023-12-05,20825.75,20828.2,20818.7,20818.7,14:45:00,20810.098184603627,1,67
2023-12-05,20827.95,20830.55,20822.0,20825.9,14:50:00,20811.79835749852,1,68
2023-12-05,20836.8,20839.75,20827.15,20827.3,14:55:00,20814.179466308186,1,69
2023-12-05,20847.0,20848.65,20834.15,20836.1,15:00:00,20817.30523142169,1,70
2023-12-05,20854.7,20859.6,20847.4,20847.4,15:05:00,20820.86663795296,1,71
2023-12-05,20857.75,20860.45,20853.1,20856.75,15:10:00,20824.3793391003,1,72
2023-12-05,20859.5,20863.7,20855.8,20857.95,15:15:00,20827.72416394789,1,73
2023-12-05,20858.15,20861.75,20851.5,20859.65,15:20:00,20830.62186261952,1,74
2023-12-05,20856.7,20862.85,20852.7,20858.65,15:25:00,20833.10549475099,1,75
2023-12-06,20933.8,20956.0,20919.6,20950.75,09:15:00,20852.8326158846,2,1
2023-12-06,20935.25,20940.9,20928.3,20933.45,09:20:00,20860.681890562257,2,2
2023-12-06,20933.8,20937.3,20910.6,20934.95,09:25:00,20867.64552003252,2,3
2023-12-06,20908.3,20931.2,20893.2,20931.2,09:30:00,20871.517375267515,2,4
2023-12-06,20934.35,20934.35,20887.9,20908.4,09:35:00,20877.501434765847,2,5
2023-12-06,20930.05,20938.85,20920.85,20933.9,09:40:00,20882.50606002624,2,6
2023-12-06,20947.65,20948.9,20928.85,20930.7,09:45:00,20888.710244785645,2,7
2023-12-06,20931.8,20957.9,20925.65,20947.6,09:50:00,20892.81403099653,2,8
2023-12-06,20928.65,20941.1,20928.5,20931.1,09:55:00,20896.22698042544,2,9
2023-12-06,20920.05,20939.15,20910.6,20929.1,10:00:00,20898.495839432537,2,10
2023-12-06,20902.05,20927.15,20897.3,20920.2,10:05:00,20898.83433091516,2,11
2023-12-06,20898.8,20915.1,20894.7,20901.45,10:10:00,20898.831061304183,2,12
2023-12-06,20918.2,20918.5,20899.4,20899.55,10:15:00,20900.67572213236,2,13
2023-12-06,20900.5,20923.95,20898.35,20918.75,10:20:00,20900.65898669117,2,14
2023-12-06,20899.0,20907.9,20891.05,20899.1,10:25:00,20900.500987958687,2,15
2023-12-06,20908.85,20910.45,20893.25,20900.4,10:30:00,20901.29613196262,2,16
2023-12-06,20901.55,20909.1,20900.0,20908.3,10:35:00,20901.32030987094,2,17
2023-12-06,20903.95,20909.0,20896.75,20901.4,10:40:00,20901.570756549896,2,18
2023-12-06,20932.05,20933.1,20903.7,20903.7,10:45:00,20904.473541640386,2,19
2023-12-06,20928.65,20936.05,20925.4,20932.8,10:50:00,20906.77606148416,2,20
2023-12-06,20939.4,20941.15,20922.8,20928.95,10:55:00,20909.88310324757,2,21
2023-12-06,20936.15,20942.7,20933.15,20941.5,11:00:00,20912.38471246209,2,22
2023-12-06,20921.5,20938.45,20920.95,20934.8,11:05:00,20913.25283508475,2,23
2023-12-06,20926.95,20930.7,20920.35,20922.2,11:10:00,20914.55732698144,2,24
2023-12-06,20915.55,20933.15,20915.25,20927.45,11:15:00,20914.651867268924,2,25
2023-12-06,20928.0,20929.75,20915.9,20915.9,11:20:00,20915.92311800522,2,26
2023-12-06,20927.1,20931.05,20923.75,20927.65,11:25:00,20916.987582957103,2,27
2023-12-06,20935.1,20938.7,20925.9,20927.7,11:30:00,20918.712575056423,2,28
2023-12-06,20937.55,20939.7,20934.15,20935.0,11:35:00,20920.506615527243,2,29
2023-12-06,20938.95,20939.7,20932.45,20937.8,11:40:00,20922.263128334173,2,30
2023-12-06,20938.8,20940.85,20932.95,20940.05,11:45:00,20923.838068492823,2,31
2023-12-06,20920.8,20940.3,20920.55,20939.7,11:50:00,20923.548728636364,2,32
2023-12-06,20929.25,20930.0,20917.3,20922.2,11:55:00,20924.09170686148,2,33
2023-12-06,20928.95,20933.3,20923.6,20929.6,12:00:00,20924.55440144609,2,34
2023-12-06,20930.45,20935.4,20927.95,20928.6,12:05:00,20925.115887022657,2,35
2023-12-06,20930.5,20936.1,20928.4,20930.55,12:10:00,20925.628659687165,2,36
2023-12-06,20927.15,20933.8,20926.65,20931.4,12:15:00,20925.773549240766,2,37
2023-12-06,20926.35,20930.2,20920.4,20927.15,12:20:00,20925.82844931308,2,38
2023-12-06,20915.35,20929.3,20913.1,20925.0,12:25:00,20924.83050175945,2,39
2023-12-06,20896.25,20922.5,20896.2,20914.75,12:30:00,20922.10854921093,2,40
2023-12-06,20908.55,20914.85,20891.55,20895.6,12:35:00,20920.81725880989,2,41
2023-12-06,20896.2,20911.25,20896.2,20908.2,12:40:00,20918.47275797085,2,42
2023-12-06,20896.15,20902.65,20889.95,20897.55,12:45:00,20916.34678102125,2,43
2023-12-06,20892.45,20901.15,20890.4,20896.45,12:50:00,20914.07089711446,2,44
2023-12-06,20904.35,20907.15,20886.0,20891.6,12:55:00,20913.14509738927,2,45
2023-12-06,20895.45,20905.5,20892.2,20904.9,13:00:00,20911.459850018862,2,46
2023-12-06,20882.2,20895.7,20873.15,20895.15,13:05:00,20908.673197636115,2,47
2023-12-06,20873.4,20887.95,20870.2,20882.65,13:10:00,20905.313845480297,2,48
2023-12-06,20880.55,20887.4,20871.6,20873.75,13:15:00,20902.95538400598,2,49
2023-12-06,20859.25,20881.8,20859.25,20880.8,13:20:00,20898.7929664816,2,50
2023-12-06,20871.05,20876.1,20852.8,20860.45,13:25:00,20896.15077919764,2,51
2023-12-06,20897.05,20898.75,20869.55,20870.85,13:30:00,20896.236419274057,2,52
2023-12-06,20896.8,20908.3,20895.05,20899.0,13:35:00,20896.29009362891,2,53
2023-12-06,20900.7,20903.3,20896.35,20898.0,13:40:00,20896.71008471187,2,54
2023-12-06,20908.45,20910.8,20897.65,20901.3,13:45:00,20897.828171882167,2,55
2023-12-06,20911.55,20914.95,20902.7,20908.85,13:50:00,20899.135012655293,2,56
2023-12-06,20917.8,20920.0,20905.0,20912.9,13:55:00,20900.91263049765,2,57
2023-12-06,20926.85,20928.6,20914.35,20918.45,14:00:00,20903.38285616454,2,58
2023-12-06,20921.35,20933.45,20919.5,20926.8,14:05:00,20905.094012720296,2,59
2023-12-06,20927.0,20932.95,20920.9,20922.8,14:10:00,20907.180297223123,2,60
2023-12-06,20939.75,20941.05,20927.25,20927.25,14:15:00,20910.282173678064,2,61
2023-12-06,20934.4,20946.7,20934.4,20939.85,14:20:00,20912.57910951825,2,62
2023-12-06,20937.4,20938.35,20922.6,20934.65,14:25:00,20914.943003849847,2,63
2023-12-06,20944.2,20945.75,20934.35,20938.15,14:30:00,20917.729384435577,2,64
2023-12-06,20945.0,20949.85,20940.85,20943.85,14:35:00,20920.326585917905,2,65
2023-12-06,20951.95,20955.15,20942.6,20945.7,14:40:00,20923.33833964001,2,66
2023-12-06,20948.05,20954.6,20944.7,20952.7,14:45:00,20925.691831102864,2,67
2023-12-06,20951.05,20956.5,20942.25,20948.0,14:50:00,20928.10689480735,2,68
2023-12-06,20953.8,20961.45,20946.0,20952.3,14:55:00,20930.55385720665,2,69
2023-12-06,20939.45,20958.25,20932.2,20953.1,15:00:00,20931.401108901257,2,70
2023-12-06,20943.8,20948.05,20936.5,20939.15,15:05:00,20932.58195567257,2,71
2023-12-06,20939.35,20946.5,20936.4,20944.45,15:10:00,20933.2265313228,2,72
2023-12-06,20929.0,20940.35,20923.85,20939.9,15:15:00,20932.82400453015,2,73
2023-12-06,20936.7,20939.1,20923.6,20929.6,15:20:00,20933.19314695585,2,74
2023-12-06,20935.9,20946.5,20931.45,20936.95,15:25:00,20933.45094248387,2,75
2023-12-07,20865.65,20932.4,20865.0,20932.4,09:15:00,20926.90315246412,3,1
2023-12-07,20865.85,20887.9,20865.85,20866.15,09:20:00,20921.088566515155,3,2
2023-12-07,20851.7,20869.55,20851.7,20864.8,09:25:00,20914.48013160895,3,3
2023-12-07,20875.15,20875.15,20851.45,20851.45,09:30:00,20910.734404789047,3,4
2023-12-07,20898.0,20901.4,20865.95,20874.65,09:35:00,20909.521604332946,3,5
2023-12-07,20879.0,20899.6,20878.05,20898.0,09:40:00,20906.614784872665,3,6
2023-12-07,20868.95,20887.1,20865.35,20879.6,09:45:00,20903.02766250384,3,7
2023-12-07,20883.3,20883.75,20866.2,20869.1,09:50:00,20901.148837503475,3,8
2023-12-07,20875.55,20885.6,20874.0,20883.75,09:55:00,20898.710852979337,3,9
2023-12-07,20866.65,20877.3,20865.0,20876.3,10:00:00,20895.657438409875,3,10
2023-12-07,20873.75,20875.0,20866.05,20866.85,10:05:00,20893.57101570417,3,11
2023-12-07,20870.2,20877.75,20864.2,20873.7,10:10:00,20891.34520468473,3,12
2023-12-07,20869.95,20874.4,20867.3,20870.05,10:15:00,20889.307566143325,3,13
2023-12-07,20883.2,20883.85,20859.85,20870.4,10:20:00,20888.725893177296,3,14
2023-12-07,20875.85,20885.95,20874.95,20882.3,10:25:00,20887.499617636604,3,15
2023-12-07,20883.45,20887.5,20873.45,20877.15,10:30:00,20887.11393976645,3,16
2023-12-07,20885.6,20887.95,20882.1,20884.75,10:35:00,20886.96975502679,3,17
2023-12-07,20901.05,20908.45,20883.6,20885.3,10:40:00,20888.31073073852,3,18
2023-12-07,20901.1,20902.55,20895.1,20901.25,10:45:00,20889.52875638247,3,19
2023-12-07,20914.4,20918.0,20892.85,20902.4,10:50:00,20891.897446250805,3,20
2023-12-07,20909.05,20922.4,20905.85,20915.65,10:55:00,20893.531022798343,3,21
2023-12-07,20929.6,20929.75,20906.35,20908.55,11:00:00,20896.966163484216,3,22
2023-12-07,20930.8,20935.85,20925.15,20928.85,11:05:00,20900.188433628577,3,23
2023-12-07,20927.0,20931.75,20920.65,20931.75,11:10:00,20902.74191614014,3,24
2023-12-07,20917.15,20932.4,20915.85,20927.65,11:15:00,20904.114114602984,3,25
2023-12-07,20916.8,20921.0,20912.1,20917.75,11:20:00,20905.322294164605,3,26
2023-12-07,20905.75,20921.8,20905.75,20917.1,11:25:00,20905.36302805369,3,27
2023-12-07,20908.5,20910.8,20900.95,20905.55,11:30:00,20905.66178728667,3,28
2023-12-07,20900.7,20912.8,20899.2,20908.35,11:35:00,20905.189236116512,3,29
2023-12-07,20904.35,20904.35,20899.2,20900.5,11:40:00,20905.10930886732,3,30
2023-12-07,20902.85,20907.55,20901.5,20904.1,11:45:00,20904.894136594245,3,31
2023-12-07,20914.9,20919.8,20901.0,20902.5,11:50:00,20905.847075966223,3,32
2023-12-07,20919.85,20922.95,20914.55,20915.25,11:55:00,20907.180687778964,3,33
2023-12-07,20918.55,20921.5,20913.6,20919.8,12:00:00,20908.263479419064,3,34
2023-12-07,20925.15,20925.15,20915.05,20918.05,12:05:00,20909.871719474388,3,35
2023-12-07,20917.35,20924.6,20916.55,20924.2,12:10:00,20910.583936667303,3,36
2023-12-07,20912.0,20921.45,20908.55,20917.15,12:15:00,20910.718799841845,3,37
2023-12-07,20912.3,20916.85,20909.1,20912.0,12:20:00,20910.8693903331,3,38
2023-12-07,20913.8,20916.1,20911.75,20912.55,12:25:00,20911.148496015663,3,39
2023-12-07,20903.7,20919.05,20901.35,20913.75,12:30:00,20910.439115442743,3,40
2023-12-07,20913.85,20914.55,20903.15,20904.1,12:35:00,20910.76396159105,3,41
2023-12-07,20918.5,20920.0,20912.35,20915.0,12:40:00,20911.50072715381,3,42
2023-12-07,20917.45,20922.3,20915.65,20920.2,12:45:00,20912.06732456773,3,43
2023-12-07,20913.1,20919.05,20908.25,20917.55,12:50:00,20912.165674608903,3,44
2023-12-07,20916.0,20919.85,20910.0,20913.7,12:55:00,20912.53084845568,3,45
2023-12-07,20909.75,20917.2,20908.7,20915.2,13:00:00,20912.26600574561,3,46
2023-12-07,20906.1,20911.2,20905.7,20909.6,13:05:00,20911.67876710317,3,47
2023-12-07,20917.15,20924.25,20904.45,20906.5,13:10:00,20912.199836902862,3,48
2023-12-07,20915.1,20920.55,20911.8,20917.05,13:15:00,20912.47604291212,3,49
2023-12-07,20913.05,20922.85,20911.5,20916.0,13:20:00,20912.53070549192,3,50
2023-12-07,20916.5,20918.75,20911.65,20913.15,13:25:00,20912.908733540306,3,51
2023-12-07,20920.25,20923.3,20915.5,20916.15,13:30:00,20913.607901774565,3,52
2023-12-07,20914.3,20927.0,20913.25,20920.7,13:35:00,20913.67381589127,3,53
2023-12-07,20915.15,20917.0,20907.4,20914.6,13:40:00,20913.81440485401,3,54
2023-12-07,20916.15,20917.45,20912.85,20914.9,13:45:00,20914.03684248696,3,55
2023-12-07,20912.25,20920.3,20909.35,20916.4,13:50:00,20913.86666701201,3,56
2023-12-07,20914.0,20918.05,20909.85,20912.6,13:55:00,20913.87936539182,3,57
2023-12-07,20914.85,20917.75,20911.95,20913.8,14:00:00,20913.97180678308,3,58
2023-12-07,20913.75,20921.3,20912.6,20914.15,14:05:00,20913.950682327544,3,59
2023-12-07,20908.15,20914.95,20902.85,20913.4,14:10:00,20913.39823639159,3,60
2023-12-07,20908.5,20912.45,20903.35,20908.0,14:15:00,20912.931737687628,3,61
2023-12-07,20909.55,20910.9,20906.65,20908.15,14:20:00,20912.609667431665,3,62
2023-12-07,20914.95,20918.65,20907.55,20909.35,14:25:00,20912.8325562477,3,63
2023-12-07,20911.2,20923.7,20909.55,20915.1,14:30:00,20912.6770747003,3,64
2023-12-07,20908.45,20917.25,20907.95,20911.0,14:35:00,20912.274496157414,3,65
2023-12-07,20901.55,20912.25,20901.55,20908.6,14:40:00,20911.25311557099,3,66
2023-12-07,20893.8,20906.05,20892.05,20901.65,14:45:00,20909.59091408804,3,67
2023-12-07,20893.0,20898.6,20888.95,20893.95,14:50:00,20908.010827032034,3,68
2023-12-07,20890.2,20897.1,20887.9,20892.7,14:55:00,20906.314557790887,3,69
2023-12-07,20903.1,20905.2,20879.1,20891.65,15:00:00,20906.00840942985,3,70
2023-12-07,20902.0,20905.25,20885.8,20902.1,15:05:00,20905.62665615082,3,71
2023-12-07,20902.75,20915.6,20898.85,20902.05,15:10:00,20905.35268889836,3,72
2023-12-07,20910.55,20919.6,20899.8,20902.65,15:15:00,20905.84767090804,3,73
2023-12-07,20912.1,20917.8,20910.4,20910.4,15:20:00,20906.44313082156,3,74
2023-12-07,20916.1,20916.45,20908.3,20912.05,15:25:00,20907.36283264808,3,75
2023-12-08,20946.8,20954.9,20934.1,20934.1,09:15:00,20913.42263624933,4,1
2023-12-08,20966.15,20966.15,20943.85,20946.4,09:20:00,20918.444289939875,4,2
2023-12-08,20958.8,20972.0,20958.4,20966.35,09:25:00,20922.28769089798,4,3
2023-12-08,20948.25,20961.1,20948.25,20958.5,09:30:00,20924.76029176484,4,4
2023-12-08,20959.85,20961.35,20950.15,20950.15,09:35:00,20928.102168739617,4,5
2023-12-08,20975.75,20976.2,20955.15,20960.15,09:40:00,20932.640057431083,4,6
2023-12-08,20981.65,20984.95,20964.15,20973.4,09:45:00,20937.307671009075,4,7
2023-12-08,20987.55,20996.35,20979.55,20981.25,09:50:00,20942.09265472249,4,8
2023-12-08,20991.7,20995.45,20981.2,20987.3,09:55:00,20946.817163796542,4,9
2023-12-08,20994.7,21003.95,20986.35,20993.25,10:00:00,20951.37743391116,4,10
2023-12-08,20974.75,21004.45,20974.75,20994.25,10:05:00,20953.603392586287,4,11
2023-12-08,20992.05,20996.8,20970.25,20976.25,10:10:00,20957.264974244736,4,12
2023-12-08,20988.35,20992.8,20985.2,20992.15,10:15:00,20960.22545288809,4,13
2023-12-08,20984.2,20989.75,20976.45,20989.2,10:20:00,20962.508743089227,4,14
2023-12-08,20999.65,20999.65,20973.75,20982.1,10:25:00,20966.04600565216,4,15
2023-12-08,20992.1,21005.75,20988.05,20999.95,10:30:00,20968.52733844719,4,16
2023-12-08,20987.5,20993.05,20986.05,20992.1,10:35:00,20970.33425859508,4,17
2023-12-08,20991.85,20993.2,20982.2,20987.3,10:40:00,20972.38337682412,4,18
2023-12-08,20991.15,20995.45,20988.25,20992.2,10:45:00,20974.170674269444,4,19
2023-12-08,20977.7,20991.2,20977.45,20990.05,10:50:00,20974.506800529496,4,20
2023-12-08,20977.55,20981.9,20974.0,20976.3,10:55:00,20974.796629050496,4,21
2023-12-08,20950.25,20978.6,20949.15,20977.05,11:00:00,20972.45885485521,4,22
2023-12-08,20939.8,20954.85,20931.7,20950.85,11:05:00,20969.34848772614,4,23
2023-12-08,20955.8,20961.95,20934.5,20940.95,11:10:00,20968.058155561743,4,24
2023-12-08,20967.15,20968.9,20953.35,20955.7,11:15:00,20967.971664555866,4,25
2023-12-08,20963.1,20971.5,20960.55,20967.0,11:20:00,20967.50769650293,4,26
2023-12-08,20967.95,20967.95,20961.9,20963.3,11:25:00,20967.549820645505,4,27
2023-12-08,20966.55,20969.6,20963.2,20968.5,11:30:00,20967.45459963165,4,28
2023-12-08,20979.8,20982.15,20964.45,20966.4,11:35:00,20968.63035204768,4,29
2023-12-08,20976.0,20979.95,20973.6,20979.35,11:40:00,20969.332223281235,4,30
2023-12-08,20972.15,20977.7,20968.25,20975.0,11:45:00,20969.60058296873,4,31
2023-12-08,20973.0,20977.8,20970.2,20972.45,11:50:00,20969.924336971715,4,32
2023-12-08,20974.55,20976.9,20969.6,20973.8,11:55:00,20970.36487630774,4,33
2023-12-08,20964.05,20979.35,20962.1,20974.9,12:00:00,20969.763459516525,4,34
2023-12-08,20958.3,20968.3,20957.9,20964.65,12:05:00,20968.67170146733,4,35
2023-12-08,20967.55,20968.85,20956.95,20958.7,12:10:00,20968.56487275616,4,36
2023-12-08,20962.9,20970.9,20960.25,20967.6,12:15:00,20968.02536106509,4,37
2023-12-08,20951.55,20964.5,20950.6,20962.4,12:20:00,20966.456279058897,4,38
2023-12-08,20956.6,20956.6,20947.0,20951.65,12:25:00,20965.517585815192,4,39
2023-12-08,20948.45,20958.95,20944.05,20957.1,12:30:00,20963.89210145184,4,40
2023-12-08,20938.2,20949.85,20937.45,20949.0,12:35:00,20961.4452346469,4,41
2023-12-08,20927.7,20941.0,20927.7,20937.8,12:40:00,20958.231402775767,4,42
2023-12-08,20919.05,20935.8,20919.05,20928.9,12:45:00,20954.499840606648,4,43
2023-12-08,20914.65,20928.5,20913.3,20921.1,12:50:00,20950.70461769173,4,44
2023-12-08,20929.25,20930.6,20915.4,20916.15,12:55:00,20948.661320768708,4,45
2023-12-08,20905.0,20929.7,20900.9,20929.7,13:00:00,20944.50309974312,4,46
2023-12-08,20907.8,20911.8,20899.8,20904.85,13:05:00,20941.007566434248,4,47
2023-12-08,20921.3,20924.0,20902.5,20907.2,13:10:00,20939.13065534527,4,48
2023-12-08,20920.6,20928.9,20915.1,20922.45,13:15:00,20937.36583102668,4,49
2023-12-08,20913.65,20923.05,20907.05,20920.5,13:20:00,20935.107180452706,4,50
2023-12-08,20892.95,20914.15,20888.85,20912.75,13:25:00,20931.09221088578,4,51
2023-12-08,20911.55,20911.55,20885.7,20893.1,13:30:00,20929.23104794428,4,52
2023-12-08,20884.95,20912.75,20882.3,20912.75,13:35:00,20925.01380528292,4,53
2023-12-08,20868.35,20887.5,20867.3,20884.75,13:40:00,20919.61725239883,4,54
2023-12-08,20875.1,20880.95,20863.05,20869.05,13:45:00,20915.37751407513,4,55
2023-12-08,20883.1,20891.9,20869.5,20875.5,13:50:00,20912.3034651156,4,56
2023-12-08,20889.7,20894.2,20879.8,20884.1,13:55:00,20910.150754152204,4,57
2023-12-08,20900.5,20901.3,20883.45,20891.25,14:00:00,20909.231634709136,4,58
2023-12-08,20910.45,20915.7,20897.45,20901.85,14:05:00,20909.347669498744,4,59
2023-12-08,20916.2,20917.1,20895.3,20909.75,14:10:00,20910.000272403624,4,60
2023-12-08,20912.0,20918.15,20906.7,20917.25,14:15:00,20910.190722650896,4,61
2023-12-08,20911.55,20916.1,20899.0,20913.45,14:20:00,20910.320177636524,4,62
2023-12-08,20904.9,20911.85,20898.95,20910.8,14:25:00,20909.80397024257,4,63
2023-12-08,20910.95,20914.8,20901.9,20905.35,14:30:00,20909.91311593376,4,64
2023-12-08,20927.0,20928.15,20908.85,20911.55,14:35:00,20911.54043822578,4,65
2023-12-08,20935.0,20938.35,20924.4,20928.5,14:40:00,20913.774682204275,4,66
2023-12-08,20934.05,20942.25,20931.6,20936.55,14:45:00,20915.705664851488,4,67
2023-12-08,20935.05,20939.9,20929.3,20934.35,14:50:00,20917.54798248468,4,68
2023-12-08,20937.6,20941.3,20927.8,20937.0,14:55:00,20919.45769843852,4,69
2023-12-08,20959.45,20967.85,20933.45,20938.1,15:00:00,20923.266489063422,4,70
2023-12-08,20972.4,20973.05,20957.55,20960.25,15:05:00,20927.94587105739,4,71
2023-12-08,20978.15,20979.15,20964.25,20973.4,15:10:00,20932.727216670974,4,72
2023-12-08,20974.8,20978.2,20967.15,20977.9,15:15:00,20936.734148416595,4,73
2023-12-08,20977.9,20979.55,20966.8,20975.55,15:20:00,20940.65470571025,4,74
2023-12-08,20972.1,20983.0,20970.65,20978.2,15:25:00,20943.64949564261,4,75
2023-12-11,21004.65,21004.65,20932.0,20965.3,09:15:00,20951.32464382536,0,1
2023-12-11,21014.7,21017.3,20981.95,21004.95,09:20:00,20957.360392032468,0,2
2023-12-11,20976.0,21015.05,20968.6,21015.05,09:25:00,20959.13559279128,0,3
2023-12-11,20994.65,20999.7,20966.1,20975.15,09:30:00,20962.51791728735,0,4
2023-12-11,21007.95,21011.3,20993.3,20995.25,09:35:00,20966.8447823076,0,5
2023-12-11,20978.95,21007.15,20977.7,21006.35,09:40:00,20967.997660183068,0,6
2023-12-11,20993.6,20994.7,20973.7,20979.05,09:45:00,20970.43597826088,0,7
2023-12-11,20997.35,21000.5,20991.0,20993.95,09:50:00,20972.999218426507,0,8
2023-12-11,21005.05,21007.65,20993.95,20997.25,09:55:00,20976.05167381445,0,9
2023-12-11,20993.85,21007.5,20993.8,21003.9,10:00:00,20977.746752498795,0,10
2023-12-11,21001.8,21004.45,20988.15,20994.8,10:05:00,20980.037537975106,0,11
2023-12-11,21011.2,21011.6,21000.2,21002.65,10:10:00,20983.005391501283,0,12
2023-12-11,20999.3,21011.05,20998.4,21010.95,10:15:00,20984.55725897735,0,13
2023-12-11,21025.35,21025.6,20998.6,20999.0,10:20:00,20988.44228193189,0,14
2023-12-11,21020.6,21025.4,21015.2,21024.9,10:25:00,20991.504921747903,0,15
2023-12-11,21017.65,21024.15,21012.9,21022.1,10:30:00,20993.99492920049,0,16
2023-12-11,20987.45,21017.65,20987.45,21016.75,10:35:00,20993.37160260996,0,17
2023-12-11,20967.1,20986.25,20957.3,20986.25,10:40:00,20990.86954521853,0,18
2023-12-11,20975.15,20977.05,20966.05,20966.3,10:45:00,20989.372445673915,0,19
2023-12-11,20969.0,20977.4,20950.6,20974.7,10:50:00,20987.43221275259,0,20
2023-12-11,20978.7,20986.6,20965.9,20969.5,10:55:00,20986.60057344281,0,21
2023-12-11,20987.55,20988.05,20972.7,20980.45,11:00:00,20986.690995019693,0,22
2023-12-11,21001.5,21002.55,20986.6,20987.3,11:05:00,20988.10137644639,0,23
2023-12-11,21009.2,21009.75,20998.8,21000.4,11:10:00,20990.11076916578,0,24
2023-12-11,21004.65,21013.4,21002.95,21008.7,11:15:00,20991.49545781666,0,25
2023-12-11,21002.65,21006.35,20994.7,21005.9,11:20:00,20992.557795167457,0,26
2023-12-11,20993.7,21002.05,20992.4,21002.05,11:25:00,20992.666576580083,0,27
2023-12-11,20995.25,20997.0,20982.5,20993.5,11:30:00,20992.91261690579,0,28
2023-12-11,20983.7,20998.7,20983.7,20994.85,11:35:00,20992.035224819523,0,29
2023-12-11,20998.55,20999.4,20983.6,20984.35,11:40:00,20992.65567959861,0,30
2023-12-11,20990.8,21001.0,20988.85,20998.85,11:45:00,20992.478948208267,0,31
2023-12-11,20972.8,20994.4,20970.0,20990.75,11:50:00,20990.604762664625,0,32
2023-12-11,20987.0,20989.6,20972.75,20973.1,11:55:00,20990.26145193466,0,33
2023-12-11,20986.7,20994.4,20984.35,20986.65,12:00:00,20989.922266036123,0,34
2023-12-11,20987.4,20993.2,20983.7,20986.3,12:05:00,20989.68205022316,0,35
2023-12-11,20985.35,20988.8,20981.55,20986.5,12:10:00,20989.269474011428,0,36
2023-12-11,20978.05,20985.15,20971.1,20984.15,12:15:00,20988.20095267701,0,37
2023-12-11,20970.0,20979.15,20967.95,20978.65,12:20:00,20986.46752861253,0,38
2023-12-11,20967.55,20976.55,20966.65,20969.5,12:25:00,20984.665859220862,0,39
2023-12-11,20967.95,20970.95,20962.75,20967.15,12:30:00,20983.073872628403,0,40
2023-12-11,20975.1,20975.1,20953.7,20967.65,12:35:00,20982.3144561876,0,41
2023-12-11,20972.85,20976.65,20970.1,20973.55,12:40:00,20981.41307940783,0,42
2023-12-11,20977.25,20983.4,20971.55,20972.15,12:45:00,20981.016595654703,0,43
2023-12-11,20972.15,20979.6,20968.75,20976.2,12:50:00,20980.172157973306,0,44
2023-12-11,20979.65,20981.75,20969.9,20970.9,12:55:00,20980.12242864251,0,45
2023-12-11,20968.45,20981.3,20966.35,20979.35,13:00:00,20979.0107687718,0,46
2023-12-11,20972.6,20973.55,20966.3,20967.4,13:05:00,20978.40021936496,0,47
2023-12-11,20982.15,20982.15,20969.2,20971.85,13:10:00,20978.7573413302,0,48
2023-12-11,20984.15,20987.0,20979.0,20982.15,13:15:00,20979.27092787018,0,49
2023-12-11,20985.85,20988.1,20977.35,20983.65,13:20:00,20979.89750616826,0,50
2023-12-11,20983.15,20989.6,20980.7,20985.2,13:25:00,20980.20726748557,0,51
2023-12-11,20987.05,20987.65,20977.3,20982.35,13:30:00,20980.858956296463,0,52
2023-12-11,20987.15,20993.65,20985.4,20987.0,13:35:00,20981.45810331585,0,53
2023-12-11,20991.45,20995.65,20980.8,20986.1,13:40:00,20982.409712523862,0,54
2023-12-11,20981.9,20991.9,20980.95,20991.5,13:45:00,20982.361168473974,0,55
2023-12-11,20980.05,20983.85,20971.55,20981.05,13:50:00,20982.141057190736,0,56
2023-12-11,20980.0,20983.35,20972.7,20979.3,13:55:00,20981.93714698209,0,57
2023-12-11,20990.4,20992.75,20978.25,20979.2,14:00:00,20982.7431329838,0,58
2023-12-11,20992.35,20994.05,20985.95,20990.5,14:05:00,20983.65807269963,0,59
2023-12-11,20992.4,20994.75,20988.0,20991.8,14:10:00,20984.490637204424,0,60
2023-12-11,20989.6,20993.8,20985.9,20992.4,14:15:00,20984.97724318496,0,61
2023-12-11,20994.25,20995.7,20984.9,20989.3,14:20:00,20985.860362881627,0,62
2023-12-11,20984.3,20995.35,20982.3,20994.6,14:25:00,20985.711756892902,0,63
2023-12-11,21001.8,21002.6,20983.95,20984.8,14:30:00,20987.24397052215,0,64
2023-12-11,21001.8,21004.6,20995.65,21001.55,14:35:00,20988.630259043854,0,65
2023-12-11,20994.5,21005.35,20991.05,21001.0,14:40:00,20989.189281992058,0,66
2023-12-11,21001.2,21004.5,20993.05,20993.6,14:45:00,20990.33315989757,0,67
2023-12-11,20985.6,21002.7,20985.6,21001.25,14:50:00,20989.88238276447,0,68
2023-12-11,20995.85,20998.6,20986.4,20986.8,14:55:00,20990.45072726309,0,69
2023-12-11,21008.55,21009.6,20990.3,20995.95,15:00:00,20992.17446752375,0,70
2023-12-11,21001.35,21009.05,20998.15,21007.65,15:05:00,20993.04832775958,0,71
2023-12-11,21000.55,21006.85,20999.45,21001.65,15:10:00,20993.76277273486,0,72
2023-12-11,20989.15,21002.55,20981.85,21000.95,15:15:00,20993.323461045824,0,73
2023-12-11,20991.2,20996.35,20987.25,20989.3,15:20:00,20993.121226660507,0,74
2023-12-11,21000.05,21000.05,20989.8,20991.45,15:25:00,20993.78110983569,0,75
2023-12-12,21026.6,21030.8,21007.2,21018.55,09:15:00,20999.040999207908,1,1
2023-12-12,21033.65,21033.65,21012.4,21026.7,09:20:00,21002.33709452144,1,2
2023-12-12,21034.9,21035.4,21022.9,21033.4,09:25:00,21005.438323614635,1,3
2023-12-12,21031.0,21037.85,21019.55,21034.45,09:30:00,21007.87276898467,1,4
2023-12-12,21026.6,21035.05,21025.35,21030.95,09:35:00,21009.65631479565,1,5
2023-12-12,21021.55,21033.1,21017.75,21025.85,09:40:00,21010.78904671988,1,6
2023-12-12,21027.95,21029.1,21018.8,21022.15,09:45:00,21012.423423222743,1,7
2023-12-12,21027.4,21029.9,21022.6,21027.1,09:50:00,21013.8497638682,1,8
2023-12-12,21028.85,21037.35,21024.75,21026.45,09:55:00,21015.27835778551,1,9
2023-12-12,21029.75,21031.25,21023.0,21028.3,10:00:00,21016.656609424987,1,10
2023-12-12,21025.4,21032.8,21023.6,21029.75,10:05:00,21017.48931328928,1,11
2023-12-12,21003.85,21025.5,20997.6,21025.45,10:10:00,21016.190331071248,1,12
2023-12-12,20977.1,21004.0,20976.55,21003.7,10:15:00,21012.4674423978,1,13
2023-12-12,20981.85,20997.05,20975.25,20977.8,10:20:00,21009.55149550277,1,14
2023-12-12,20993.4,20993.65,20980.5,20981.15,10:25:00,21008.01325783584,1,15
2023-12-12,21005.1,21010.2,20988.8,20991.3,10:30:00,21007.735804708616,1,16
2023-12-12,21007.8,21013.35,21003.5,21004.25,10:35:00,21007.741918545893,1,17
2023-12-12,21001.8,21010.45,21000.4,21007.35,10:40:00,21007.176021541523,1,18
2023-12-12,21007.35,21007.85,20998.8,21002.0,10:45:00,21007.192590918523,1,19
2023-12-12,21009.35,21014.15,21003.45,21007.85,10:50:00,21007.39805845009,1,20
2023-12-12,21003.55,21010.75,21002.45,21010.15,10:55:00,21007.03157669293,1,21
2023-12-12,21011.8,21012.15,21003.15,21003.7,11:00:00,21007.48571224599,1,22
2023-12-12,21016.4,21016.95,21006.45,21011.4,11:05:00,21008.334692032087,1,23
2023-12-12,21015.8,21020.3,21014.25,21016.7,11:10:00,21009.04567374332,1,24
2023-12-12,21008.6,21016.25,21008.25,21015.85,11:15:00,21009.003228624904,1,25
2023-12-12,21000.35,21010.5,21000.35,21008.95,11:20:00,21008.179111613008,1,26
2023-12-12,20999.3,21005.4,20996.5,21000.3,11:25:00,21007.33348193558,1,27
2023-12-12,21003.45,21005.95,20997.7,20999.85,11:30:00,21006.963626513145,1,28
2023-12-12,21000.15,21006.7,20993.5,21003.85,11:35:00,21006.31470970237,1,29
2023-12-12,21000.25,21007.45,20998.05,21000.25,11:40:00,21005.737118302142,1,30
2023-12-12,21008.85,21008.85,20999.7,20999.8,11:45:00,21006.033583225748,1,31
2023-12-12,21004.75,21011.1,21003.2,21008.75,11:50:00,21005.91133720425,1,32
2023-12-12,21006.7,21008.75,21002.3,21004.75,11:55:00,21005.986447946703,1,33
2023-12-12,21011.85,21012.65,21006.4,21006.65,12:00:00,21006.544881475587,1,34
2023-12-12,21009.2,21012.8,21004.6,21011.6,12:05:00,21006.797749906487,1,35
2023-12-12,21013.1,21014.55,21007.35,21009.5,12:10:00,21007.397964201107,1,36
2023-12-12,21010.9,21016.75,21010.3,21013.1,12:15:00,21007.73149142005,1,37
2023-12-12,21007.65,21012.45,21004.3,21010.95,12:20:00,21007.723730332425,1,38
2023-12-12,21010.35,21011.95,21005.85,21007.9,12:25:00,21007.973851253148,1,39
2023-12-12,21006.1,21010.55,21004.85,21010.05,12:30:00,21007.79538922904,1,40
2023-12-12,21002.9,21008.2,21000.05,21005.95,12:35:00,21007.329161683418,1,41
2023-12-12,20986.75,21003.8,20986.25,21002.75,12:40:00,21005.36924152309,1,42
2023-12-12,20973.4,20987.7,20971.6,20986.9,12:45:00,21002.324551854224,1,43
2023-12-12,20966.4,20974.6,20963.15,20972.5,12:50:00,20998.903165963344,1,44
2023-12-12,20960.1,20974.85,20954.55,20966.3,12:55:00,20995.207626347787,1,45
2023-12-12,20966.4,20968.8,20954.4,20960.65,13:00:00,20992.46404288609,1,46
2023-12-12,20962.0,20969.35,20959.95,20966.95,13:05:00,20989.56270546837,1,47
2023-12-12,20964.7,20970.6,20961.6,20963.25,13:10:00,20987.1948287571,1,48
2023-12-12,20962.2,20966.2,20953.15,20965.0,13:15:00,20984.81436887547,1,49
2023-12-12,20967.95,20969.65,20960.6,20962.3,13:20:00,20983.20823850638,1,50
2023-12-12,20969.25,20969.6,20962.15,20967.4,13:25:00,20981.87888245816,1,51
2023-12-12,20969.85,20973.45,20965.15,20970.45,13:30:00,20980.733274604994,1,52
2023-12-12,20971.45,20971.45,20962.55,20969.45,13:35:00,20979.849153214043,1,53
2023-12-12,20970.0,20971.8,20964.55,20970.5,13:40:00,20978.911138622232,1,54
2023-12-12,20964.6,20969.6,20961.0,20968.75,13:45:00,20977.54817303916,1,55
2023-12-12,20959.75,20972.3,20958.4,20964.4,13:50:00,20975.853108940195,1,56
2023-12-12,20952.85,20963.9,20950.6,20959.2,13:55:00,20973.66233666017,1,57
2023-12-12,20954.85,20957.65,20947.5,20951.1,14:00:00,20971.87068554969,1,58
2023-12-12,20952.65,20955.0,20947.9,20954.6,14:05:00,20970.040144068764,1,59
2023-12-12,20940.95,20958.75,20938.85,20951.85,14:10:00,20967.26965415745,1,60
2023-12-12,20943.9,20947.0,20934.1,20939.9,14:15:00,20965.04397280913,1,61
2023-12-12,20932.75,20946.45,20932.75,20943.35,14:20:00,20961.96835635112,1,62
2023-12-12,20930.6,20941.2,20929.35,20932.65,14:25:00,20958.980893841486,1,63
2023-12-12,20933.15,20939.4,20927.75,20930.25,14:30:00,20956.52080871373,1,64
2023-12-12,20912.75,20933.35,20909.1,20932.9,14:35:00,20952.352160264803,1,65
2023-12-12,20891.1,20916.9,20885.35,20915.15,14:40:00,20946.518621191964,1,66
2023-12-12,20884.05,20897.5,20881.45,20890.1,14:45:00,20940.56922869749,1,67
2023-12-12,20880.45,20887.3,20867.65,20882.9,14:50:00,20934.84358786916,1,68
2023-12-12,20885.95,20887.05,20871.05,20880.1,14:55:00,20930.18705569114,1,69
2023-12-12,20905.05,20906.2,20884.75,20884.75,15:00:00,20927.793050387223,1,70
2023-12-12,20912.25,20918.9,20903.65,20904.8,15:05:00,20926.31275987416,1,71
2023-12-12,20903.2,20915.1,20899.3,20914.15,15:10:00,20924.111544648047,1,72
2023-12-12,20910.45,20911.15,20900.05,20903.25,15:15:00,20922.81044515776,1,73
2023-12-12,20908.4,20913.35,20905.15,20910.8,15:20:00,20921.4380218094,1,74
2023-12-12,20900.4,20910.75,20896.9,20908.85,15:25:00,20919.43440068469,1,75
2023-12-13,20887.05,20929.8,20882.7,20929.75,09:15:00,20917.23904455141,2,1
2023-12-13,20882.55,20897.25,20878.3,20884.65,09:20:00,20913.935326022707,2,2
2023-12-13,20913.75,20915.35,20882.1,20883.25,09:25:00,20913.917675925302,2,3
2023-12-13,20886.7,20917.65,20884.75,20914.75,09:30:00,20911.325516313373,2,4
2023-12-13,20894.05,20899.5,20881.2,20886.25,09:35:00,20909.680229045432,2,5
2023-12-13,20889.7,20898.25,20878.65,20894.2,09:40:00,20907.777350088723,2,6
2023-12-13,20883.4,20893.9,20878.2,20888.0,09:45:00,20905.455697699323,2,7
2023-12-13,20862.05,20886.0,20857.4,20883.65,09:50:00,20901.32182172796,2,8
2023-12-13,20832.5,20862.45,20830.95,20862.45,09:55:00,20894.76736251577,2,9
2023-12-13,20836.05,20841.2,20820.9,20832.75,10:00:00,20889.175232752365,2,10
2023-12-13,20849.15,20854.0,20831.7,20835.65,10:05:00,20885.36330582357,2,11
2023-12-13,20850.7,20852.4,20838.8,20848.9,10:10:00,20882.062038602275,2,12
2023-12-13,20842.8,20851.2,20839.55,20850.5,10:15:00,20878.32279683063,2,13
2023-12-13,20815.3,20842.95,20812.3,20842.95,10:20:00,20872.320625703906,2,14
2023-12-13,20819.15,20824.4,20812.15,20815.45,10:25:00,20867.25675658925,2,15
2023-12-13,20810.05,20823.3,20809.65,20819.65,10:30:00,20861.80849405694,2,16
2023-12-13,20804.4,20813.55,20804.3,20810.65,10:35:00,20856.341018432468,2,17
2023-12-13,20820.45,20820.45,20801.45,20805.1,10:40:00,20852.922826200807,2,18
2023-12-13,20813.95,20819.45,20810.9,20819.2,10:45:00,20849.2111284674,2,19
2023-12-13,20816.6,20818.7,20807.1,20813.7,10:50:00,20846.1053067086,2,20
2023-12-13,20835.15,20836.3,20813.1,20816.5,10:55:00,20845.06194416492,2,21
2023-12-13,20836.45,20849.25,20831.6,20835.1,11:00:00,20844.24175900636,2,22
2023-12-13,20823.75,20842.45,20822.15,20836.5,11:05:00,20842.290162910514,2,23
2023-12-13,20831.35,20833.65,20823.05,20823.95,11:10:00,20841.248242633323,2,24
2023-12-13,20814.4,20832.15,20814.2,20831.4,11:15:00,20838.69126714444,2,25
2023-12-13,20818.2,20822.85,20810.95,20814.6,11:20:00,20836.739717892586,2,26
2023-12-13,20811.8,20818.3,20811.55,20818.3,11:25:00,20834.364506664715,2,27
2023-12-13,20793.1,20815.2,20792.9,20812.1,11:30:00,20830.43455364903,2,28
2023-12-13,20783.0,20793.7,20778.5,20792.6,11:35:00,20825.916977111025,2,29
2023-12-13,20791.5,20792.3,20774.65,20783.1,11:40:00,20822.63916976712,2,30
2023-12-13,20792.6,20797.6,20790.45,20791.55,11:45:00,20819.778296455966,2,31
2023-12-13,20786.25,20797.05,20785.85,20792.35,11:50:00,20816.585125364923,2,32
2023-12-13,20786.2,20788.8,20783.5,20786.6,11:55:00,20813.6913039016,2,33
2023-12-13,20789.35,20791.65,20778.45,20786.6,12:00:00,20811.3730844824,2,34
2023-12-13,20793.15,20794.0,20787.15,20789.0,12:05:00,20809.637552626933,2,35
2023-12-13,20784.3,20793.85,20781.85,20793.85,12:10:00,20807.22445237675,2,36
2023-12-13,20770.95,20784.6,20770.15,20784.6,12:15:00,20803.769742626584,2,37
2023-12-13,20776.75,20777.15,20769.85,20771.15,12:20:00,20801.19643380501,2,38
2023-12-13,20773.75,20781.0,20772.1,20776.4,12:25:00,20798.582487728338,2,39
2023-12-13,20777.15,20778.15,20771.95,20773.2,12:30:00,20796.54129842088,2,40
2023-12-13,20789.75,20792.1,20776.15,20776.9,12:35:00,20795.89450809508,2,41
2023-12-13,20788.4,20793.5,20786.65,20790.2,12:40:00,20795.180745419355,2,42
2023-12-13,20807.7,20810.7,20788.25,20788.85,12:45:00,20796.373055379416,2,43
2023-12-13,20807.2,20813.2,20801.15,20807.6,12:50:00,20797.40419296233,2,44
2023-12-13,20825.3,20826.05,20803.15,20807.6,12:55:00,20800.06093648973,2,45
2023-12-13,20830.75,20832.05,20818.1,20825.25,13:00:00,20802.98370444309,2,46
2023-12-13,20825.8,20833.0,20823.5,20830.6,13:05:00,20805.15668497232,2,47
2023-12-13,20819.65,20828.05,20819.0,20825.05,13:10:00,20806.53700068924,2,48
2023-12-13,20839.8,20842.95,20819.3,20819.95,13:15:00,20809.704905385504,2,49
2023-12-13,20834.1,20844.75,20832.25,20839.8,13:20:00,20812.028247729744,2,50
2023-12-13,20831.95,20834.15,20822.15,20834.15,13:25:00,20813.925557469767,2,51
2023-12-13,20837.55,20841.9,20831.45,20831.65,13:30:00,20816.175504377406,2,52
2023-12-13,20860.0,20861.05,20837.25,20837.5,13:35:00,20820.349265865272,2,53
2023-12-13,20869.25,20873.45,20860.05,20860.45,13:40:00,20825.006478640007,2,54
2023-12-13,20861.6,20874.45,20857.1,20869.25,13:45:00,20828.491575912387,2,55
2023-12-13,20881.75,20883.25,20858.6,20861.2,13:50:00,20833.563806777875,2,56
2023-12-13,20873.85,20881.2,20870.9,20881.2,13:55:00,20837.400587084743,2,57
2023-12-13,20889.95,20890.5,20873.4,20873.4,14:00:00,20842.40529307668,2,58
2023-12-13,20893.25,20899.85,20887.9,20889.65,14:05:00,20847.24764611699,2,59
2023-12-13,20884.25,20895.35,20880.2,20893.35,14:10:00,20850.771679820133,2,60
2023-12-13,20874.0,20887.4,20865.8,20884.85,14:15:00,20852.983900789644,2,61
2023-12-13,20863.25,20877.25,20862.35,20873.55,14:20:00,20853.961624523963,2,62
2023-12-13,20876.1,20879.15,20861.5,20863.25,14:25:00,20856.07004123597,2,63
2023-12-13,20872.0,20887.85,20869.75,20876.1,14:30:00,20857.58718016588,2,64
2023-12-13,20867.5,20874.85,20862.7,20871.8,14:35:00,20858.53125824532,2,65
2023-12-13,20856.0,20869.35,20851.65,20867.75,14:40:00,20858.29018603148,2,66
2023-12-13,20862.25,20864.35,20855.7,20855.7,14:45:00,20858.66731117134,2,67
2023-12-13,20869.9,20870.2,20862.3,20862.3,14:50:00,20859.737091059786,2,68
2023-12-13,20880.55,20886.65,20869.5,20869.5,14:55:00,20861.71927286361,2,69
2023-12-13,20916.95,20916.95,20878.6,20878.6,15:00:00,20866.979342114693,2,70
2023-12-13,20927.0,20927.6,20915.75,20916.8,15:05:00,20872.695595246627,2,71
2023-12-13,20924.2,20934.1,20921.65,20927.75,15:10:00,20877.60077665171,2,72
2023-12-13,20927.1,20928.9,20921.5,20924.85,15:15:00,20882.314988399165,2,73
2023-12-13,20941.75,20942.8,20925.8,20928.2,15:20:00,20887.97546569448,2,74
2023-12-13,20937.45,20949.15,20932.6,20941.6,15:25:00,20892.687326104533,2,75
2023-12-14,21108.6,21118.1,21081.1,21110.4,09:15:00,20932.010260144525,3,1
2023-12-14,21102.6,21116.65,21102.1,21108.8,09:20:00,20948.25690203552,3,2
2023-12-14,21129.05,21130.85,21102.6,21103.25,09:25:00,20965.475292317853,3,3
2023-12-14,21140.3,21148.4,21130.25,21130.5,09:30:00,20982.12526447805,3,4
2023-12-14,21139.35,21141.35,21132.7,21139.25,09:35:00,20997.09904881348,3,5
2023-12-14,21137.3,21142.8,21127.6,21138.75,09:40:00,21010.45152035505,3,6
2023-12-14,21152.0,21152.55,21135.35,21136.05,09:45:00,21023.932327940285,3,7
2023-12-14,21172.15,21175.3,21152.45,21153.25,09:50:00,21038.04829670788,3,8
2023-12-14,21185.15,21187.15,21166.45,21173.25,09:55:00,21052.057982735703,3,9
2023-12-14,21175.2,21185.4,21173.55,21184.55,10:00:00,21063.78579390373,3,10
2023-12-14,21167.75,21179.05,21166.75,21174.95,10:05:00,21073.687146865283,3,11
2023-12-14,21168.05,21174.15,21162.75,21167.4,10:10:00,21082.674085259063,3,12
2023-12-14,21156.25,21169.05,21152.15,21168.2,10:15:00,21089.6813152344,3,13
2023-12-14,21156.8,21163.55,21154.45,21156.85,10:20:00,21096.07357092636,3,14
2023-12-14,21165.95,21170.8,21148.1,21156.95,10:25:00,21102.72846893337,3,15
2023-12-14,21145.15,21169.05,21132.5,21166.8,10:30:00,21106.76861474924,3,16
2023-12-14,21140.3,21147.1,21136.55,21145.55,10:35:00,21109.962080011213,3,17
2023-12-14,21141.55,21146.65,21132.1,21140.9,10:40:00,21112.97045334348,3,18
2023-12-14,21162.9,21165.8,21142.9,21142.9,10:45:00,21117.725648263146,3,19
2023-12-14,21150.8,21166.3,21150.8,21162.05,10:50:00,21120.8755865238,3,20
2023-12-14,21161.0,21163.2,21149.3,21150.9,10:55:00,21124.69695923581,3,21
2023-12-14,21158.7,21164.0,21155.05,21159.5,11:00:00,21127.93534407049,3,22
2023-12-14,21161.35,21166.95,21158.85,21159.8,11:05:00,21131.11769225425,3,23
2023-12-14,21164.15,21166.5,21147.65,21161.9,11:10:00,21134.263626325283,3,24
2023-12-14,21162.95,21168.3,21161.8,21163.25,11:15:00,21136.99566191335,3,25
2023-12-14,21163.4,21166.25,21159.7,21163.15,11:20:00,21139.510360778742,3,26
2023-12-14,21157.55,21168.25,21157.55,21163.05,11:25:00,21141.22842165696,3,27
2023-12-14,21165.2,21166.7,21157.25,21157.75,11:30:00,21143.511429118204,3,28
2023-12-14,21167.15,21170.5,21163.0,21164.85,11:35:00,21145.76272158313,3,29
2023-12-14,21179.5,21182.45,21165.55,21167.5,11:40:00,21148.97579571808,3,30
2023-12-14,21169.0,21183.1,21168.35,21178.95,11:45:00,21150.882862792543,3,31
2023-12-14,21157.4,21168.4,21156.5,21168.4,11:50:00,21151.50354252659,3,32
2023-12-14,21159.55,21163.55,21158.0,21158.15,11:55:00,21152.26987180977,3,33
2023-12-14,21158.65,21165.65,21156.55,21158.2,12:00:00,21152.87750306598,3,34
2023-12-14,21159.15,21165.05,21153.6,21158.65,12:05:00,21153.474883726365,3,35
2023-12-14,21156.5,21159.95,21154.6,21159.15,12:10:00,21153.76299003814,3,36
2023-12-14,21149.8,21160.35,21149.65,21156.1,12:15:00,21153.38556241546,3,37
2023-12-14,21164.25,21168.15,21147.7,21149.3,12:20:00,21154.420270756847,3,38
2023-12-14,21165.3,21170.9,21160.9,21165.3,12:25:00,21155.45643544667,3,39
2023-12-14,21162.35,21165.95,21159.95,21164.35,12:30:00,21156.11296540413,3,40
2023-12-14,21160.15,21164.65,21157.9,21163.15,12:35:00,21156.497444889454,3,41
2023-12-14,21162.4,21164.95,21158.3,21160.0,12:40:00,21157.05959299522,3,42
2023-12-14,21167.05,21168.8,21160.95,21161.8,12:45:00,21158.01106032901,3,43
2023-12-14,21167.2,21172.4,21164.8,21166.8,12:50:00,21158.886197440537,3,44
2023-12-14,21170.1,21171.7,21164.65,21166.65,12:55:00,21159.95417863668,3,45
2023-12-14,21170.1,21176.75,21168.5,21170.05,13:00:00,21160.920447337947,3,46
2023-12-14,21179.25,21180.05,21166.1,21169.5,13:05:00,21162.666119020047,3,47
2023-12-14,21177.85,21181.5,21174.95,21179.3,13:10:00,21164.1122029229,3,48
2023-12-14,21194.2,21194.2,21172.05,21177.85,13:15:00,21166.97770740644,3,49
2023-12-14,21201.05,21204.95,21194.15,21195.2,13:20:00,21170.22268765344,3,50
2023-12-14,21198.05,21204.6,21194.9,21200.65,13:25:00,21172.87290787692,3,51
2023-12-14,21208.85,21209.65,21193.15,21197.65,13:30:00,21176.299297602927,3,52
2023-12-14,21204.3,21208.9,21200.45,21208.9,13:35:00,21178.96603116456,3,53
2023-12-14,21206.7,21210.75,21201.6,21204.55,13:40:00,21181.60736152984,3,54
2023-12-14,21191.5,21207.25,21185.4,21206.05,13:45:00,21182.54951757461,3,55
2023-12-14,21195.7,21198.85,21188.25,21191.55,13:50:00,21183.80194447227,3,56
2023-12-14,21199.25,21201.6,21192.15,21195.4,13:55:00,21185.273187855862,3,57
2023-12-14,21190.15,21200.75,21188.15,21198.9,14:00:00,21185.737646155303,3,58
2023-12-14,21184.25,21195.0,21180.05,21188.8,14:05:00,21185.59596556908,3,59
2023-12-14,21195.0,21199.65,21182.95,21183.35,14:10:00,21186.491587895835,3,60
2023-12-14,21194.85,21197.55,21190.5,21193.85,14:15:00,21187.28762714385,3,61
2023-12-14,21192.35,21197.8,21190.0,21194.45,14:20:00,21187.769757892056,3,62
2023-12-14,21193.55,21201.65,21190.85,21193.45,14:25:00,21188.32025714044,3,63
2023-12-14,21190.45,21200.15,21185.2,21192.5,14:30:00,21188.523089793725,3,64
2023-12-14,21189.3,21193.65,21183.65,21190.65,14:35:00,21188.59708124194,3,65
2023-12-14,21194.3,21197.0,21186.4,21189.75,14:40:00,21189.14021636176,3,66
2023-12-14,21183.3,21195.85,21181.05,21194.1,14:45:00,21188.584005279685,3,67
2023-12-14,21174.95,21187.0,21174.55,21184.2,14:50:00,21187.285528586384,3,68
2023-12-14,21171.1,21178.7,21162.65,21173.95,14:55:00,21185.744049673394,3,69
2023-12-14,21174.85,21180.85,21162.6,21169.1,15:00:00,21184.70652113308,3,70
2023-12-14,21176.85,21182.25,21171.6,21175.45,15:05:00,21183.95828102516,3,71
2023-12-14,21172.45,21179.4,21163.95,21176.7,15:10:00,21182.86225426086,3,72
2023-12-14,21187.75,21188.45,21173.05,21173.05,15:15:00,21183.32775385507,3,73
2023-12-14,21205.65,21205.65,21187.2,21188.25,15:20:00,21185.453682059346,3,74
2023-12-14,21195.25,21209.45,21189.15,21205.3,15:25:00,21186.38666472036,3,75
2023-12-15,21267.15,21296.0,21259.35,21287.45,09:15:00,21202.78681624501,4,1
2023-12-15,21260.8,21277.1,21257.2,21266.8,09:20:00,21208.31188136453,4,2
2023-12-15,21253.7,21266.6,21253.05,21258.95,09:25:00,21212.634559329814,4,3
2023-12-15,21254.1,21261.6,21250.55,21254.5,09:30:00,21216.58364891745,4,4
2023-12-15,21237.3,21257.2,21236.15,21253.7,09:35:00,21218.55663473484,4,5
2023-12-15,21245.55,21248.1,21235.5,21236.7,09:40:00,21221.12743142676,4,6
2023-12-15,21256.65,21271.25,21244.7,21245.45,09:45:00,21224.51053319564,4,7
2023-12-15,21248.8,21265.35,21248.8,21257.25,09:50:00,21226.82381574844,4,8
2023-12-15,21287.7,21287.7,21247.35,21247.95,09:55:00,21232.621547581923,4,9
2023-12-15,21309.5,21310.15,21283.8,21285.95,10:00:00,21239.94330495507,4,10
2023-12-15,21320.4,21321.95,21305.7,21309.55,10:05:00,21247.605847340303,4,11
2023-12-15,21326.7,21329.3,21313.7,21320.5,10:10:00,21255.13862378408,4,12
2023-12-15,21329.15,21330.15,21317.9,21327.5,10:15:00,21262.18732628084,4,13
2023-12-15,21349.9,21350.5,21328.95,21329.5,10:20:00,21270.540914254085,4,14
2023-12-15,21342.55,21355.0,21335.2,21350.2,10:25:00,21277.39892242036,4,15
2023-12-15,21328.4,21346.85,21328.4,21344.15,10:30:00,21282.256167904136,4,16
2023-12-15,21324.9,21339.9,21323.0,21328.6,10:35:00,21286.3174852466,4,17
2023-12-15,21315.65,21328.4,21315.65,21324.85,10:40:00,21289.111058080256,4,18
2023-12-15,21297.75,21317.9,21293.35,21316.95,10:45:00,21289.933814453565,4,19
2023-12-15,21293.65,21301.7,21281.8,21298.75,10:50:00,21290.28773688656,4,20
2023-12-15,21312.65,21315.0,21288.15,21292.35,10:55:00,21292.417476230698,4,21
2023-12-15,21302.55,21322.3,21301.35,21313.25,11:00:00,21293.38247849444,4,22
2023-12-15,21306.55,21314.6,21301.4,21302.5,11:05:00,21294.63652816164,4,23
2023-12-15,21312.35,21319.3,21307.15,21307.15,11:10:00,21296.323525479576,4,24
2023-12-15,21313.55,21319.6,21309.65,21312.55,11:15:00,21297.96414210057,4,25
2023-12-15,21313.25,21321.7,21311.55,21315.3,11:20:00,21299.41993809099,4,26
2023-12-15,21313.95,21322.05,21313.4,21313.85,11:25:00,21300.803753510896,4,27
2023-12-15,21315.75,21318.0,21311.8,21314.75,11:30:00,21302.22720555748,4,28
2023-12-15,21329.8,21331.35,21313.05,21315.65,11:35:00,21304.853185980573,4,29
2023-12-15,21328.95,21331.85,21324.3,21329.65,11:40:00,21307.14812064909,4,30
2023-12-15,21317.8,21328.85,21314.5,21328.3,11:45:00,21308.16258534917,4,31
2023-12-15,21325.3,21329.85,21316.3,21317.75,11:50:00,21309.794720077825,4,32
2023-12-15,21315.65,21327.2,21314.75,21325.8,11:55:00,21310.3523657847,4,33
2023-12-15,21317.65,21320.55,21313.8,21317.9,12:00:00,21311.04737856711,4,34
2023-12-15,21314.35,21321.35,21312.9,21318.0,12:05:00,21311.36191394167,4,35
2023-12-15,21311.1,21317.05,21308.8,21314.7,12:10:00,21311.336969756747,4,36
2023-12-15,21318.85,21320.8,21303.45,21311.65,12:15:00,21312.05249644658,4,37
2023-12-15,21322.2,21325.95,21318.3,21319.4,12:20:00,21313.01892535643,4,38
2023-12-15,21327.15,21328.1,21320.15,21321.8,12:25:00,21314.36474198916,4,39
2023-12-15,21324.3,21332.45,21323.6,21325.9,12:30:00,21315.310957037807,4,40
2023-12-15,21324.65,21327.8,21321.35,21325.0,12:35:00,21316.20038970088,4,41
2023-12-15,21333.05,21336.5,21323.65,21324.95,12:40:00,21317.805114491268,4,42
2023-12-15,21330.8,21337.55,21328.4,21331.9,12:45:00,21319.04272263496,4,43
2023-12-15,21325.9,21334.25,21324.35,21330.85,12:50:00,21319.695796669723,4,44
2023-12-15,21328.8,21330.95,21321.0,21326.2,12:55:00,21320.56286365356,4,45
2023-12-15,21328.7,21332.55,21324.6,21330.95,13:00:00,21321.337829019885,4,46
2023-12-15,21323.55,21329.45,21320.95,21329.45,13:05:00,21321.54851197037,4,47
2023-12-15,21321.55,21326.8,21320.3,21324.05,13:10:00,21321.54865368748,4,48
2023-12-15,21323.45,21333.4,21321.55,21321.55,13:15:00,21321.729734288667,4,49
2023-12-15,21321.5,21328.1,21320.2,21324.6,13:20:00,21321.707854832603,4,50
2023-12-15,21322.65,21326.05,21319.55,21322.75,13:25:00,21321.797582943786,4,51
2023-12-15,21335.25,21338.5,21319.95,21321.4,13:30:00,21323.078765520568,4,52
2023-12-15,21331.85,21336.15,21326.7,21336.15,13:35:00,21323.91412118528,4,53
2023-12-15,21337.5,21339.9,21328.95,21332.05,13:40:00,21325.208014405725,4,54
2023-12-15,21342.1,21346.8,21334.9,21337.05,13:45:00,21326.81677493852,4,55
2023-12-15,21350.65,21355.2,21339.55,21342.85,13:50:00,21329.08660589675,4,56
2023-12-15,21361.8,21363.35,21344.95,21351.25,13:55:00,21332.20216723992,4,57
2023-12-15,21358.5,21365.6,21353.25,21362.0,14:00:00,21334.70672274088,4,58
2023-12-15,21343.55,21357.3,21333.6,21356.2,14:05:00,21335.548939622706,4,59
2023-12-15,21330.65,21347.85,21330.0,21341.5,14:10:00,21335.08237394435,4,60
2023-12-15,21335.6,21339.65,21328.15,21331.95,14:15:00,21335.131671663938,4,61
2023-12-15,21341.05,21351.75,21333.15,21336.45,14:20:00,21335.695321981657,4,62
2023-12-15,21346.3,21347.95,21336.05,21342.1,14:25:00,21336.70529131674,4,63
2023-12-15,21354.6,21356.85,21345.25,21346.4,14:30:00,21338.40954928657,4,64
2023-12-15,21350.85,21356.0,21344.6,21354.2,14:35:00,21339.594354116427,4,65
2023-12-15,21357.95,21364.65,21349.75,21351.35,14:40:00,21341.34251086724,4,66
2023-12-15,21361.1,21364.2,21356.45,21356.9,14:45:00,21343.22417649893,4,67
2023-12-15,21388.6,21392.8,21360.05,21361.5,14:50:00,21347.54568349904,4,68
2023-12-15,21401.45,21403.55,21388.15,21389.3,14:55:00,21352.6794279277,4,69
2023-12-15,21426.95,21449.6,21398.7,21398.7,15:00:00,21359.75281574411,4,70
2023-12-15,21433.05,21436.3,21422.9,21426.95,15:05:00,21366.733499958955,4,71
2023-12-15,21457.45,21457.6,21431.8,21433.55,15:10:00,21375.373166629528,4,72
2023-12-15,21489.6,21490.5,21456.5,21458.0,15:15:00,21386.251912664808,4,73
2023-12-15,21483.8,21489.65,21461.5,21489.65,15:20:00,21395.54220669673,4,74
2023-12-15,21448.7,21486.8,21448.7,21483.55,15:25:00,21400.604853678,4,75
2023-12-18,21407.35,21434.8,21365.85,21434.8,09:15:00,21404.19376911056,0,1
2023-12-18,21442.25,21444.85,21387.85,21407.85,09:20:00,21407.818172052408,0,2
2023-12-18,21462.1,21471.6,21438.85,21441.85,09:25:00,21412.98786995218,0,3
2023-12-18,21415.35,21466.95,21413.0,21462.95,09:30:00,21413.21283471864,0,4
2023-12-18,21417.85,21434.65,21405.95,21414.55,09:35:00,21413.65446950734,0,5
2023-12-18,21436.15,21436.9,21408.4,21419.05,09:40:00,21415.79690098283,0,6
2023-12-18,21432.3,21439.2,21425.75,21435.75,09:45:00,21417.36862469876,0,7
2023-12-18,21432.0,21437.4,21422.45,21431.95,09:50:00,21418.76208901316,0,8
2023-12-18,21432.55,21436.5,21423.4,21432.55,09:55:00,21420.07522339285,0,9
2023-12-18,21460.9,21461.35,21432.2,21432.2,10:00:00,21423.963297355444,0,10
2023-12-18,21453.15,21460.55,21442.4,21460.55,10:05:00,21426.7429833216,0,11
2023-12-18,21459.7,21463.25,21449.7,21454.45,10:10:00,21429.88174681477,0,12
2023-12-18,21450.5,21468.85,21449.0,21460.3,10:15:00,21431.845389975275,0,13
2023-12-18,21461.15,21462.45,21444.45,21451.55,10:20:00,21434.636305215725,0,14
2023-12-18,21474.05,21476.85,21456.85,21461.9,10:25:00,21438.38999043328,0,15
2023-12-18,21476.35,21480.75,21470.85,21474.85,10:30:00,21442.00522943963,0,16
2023-12-18,21446.7,21476.35,21443.55,21476.35,10:35:00,21442.45235044538,0,17
2023-12-18,21454.7,21455.95,21438.5,21447.05,10:40:00,21443.618793260102,0,18
2023-12-18,21457.15,21459.35,21449.85,21455.2,10:45:00,21444.90747961629,0,19
2023-12-18,21470.65,21471.4,21455.6,21458.15,10:50:00,21447.35914822426,0,20
2023-12-18,21462.6,21472.35,21461.1,21470.8,10:55:00,21448.810657917187,0,21
2023-12-18,21468.0,21468.95,21460.05,21462.0,11:00:00,21450.638214306025,0,22
2023-12-18,21458.15,21474.75,21458.15,21468.45,11:05:00,21451.35362246736,0,23
2023-12-18,21469.95,21472.1,21457.05,21458.15,11:10:00,21453.124706041897,0,24
2023-12-18,21475.5,21477.0,21466.95,21469.45,11:15:00,21455.25568641886,0,25
2023-12-18,21463.95,21475.9,21462.15,21475.55,11:20:00,21456.08371628373,0,26
2023-12-18,21473.6,21475.25,21463.45,21463.45,11:25:00,21457.75193378052,0,27
2023-12-18,21477.3,21477.4,21470.1,21472.95,11:30:00,21459.61365437285,0,28
2023-12-18,21478.85,21482.7,21472.15,21476.95,11:35:00,21461.44568728972,0,29
2023-12-18,21476.75,21479.15,21472.1,21479.0,11:40:00,21462.903240881176,0,30
2023-12-18,21470.6,21476.95,21462.85,21476.9,11:45:00,21463.63626555916,0,31
2023-12-18,21471.75,21475.25,21465.95,21470.4,11:50:00,21464.40900217257,0,32
2023-12-18,21449.55,21472.1,21448.35,21471.6,11:55:00,21462.99385910852,0,33
2023-12-18,21455.5,21456.3,21447.0,21449.25,12:00:00,21462.28015824104,0,34
2023-12-18,21447.85,21461.6,21446.65,21455.4,12:05:00,21460.90585745618,0,35
2023-12-18,21460.3,21461.15,21445.4,21447.35,12:10:00,21460.848156746066,0,36
2023-12-18,21453.3,21466.05,21451.7,21459.65,12:15:00,21460.12928467501,0,37
2023-12-18,21449.6,21457.75,21448.5,21452.85,12:20:00,21459.126495658347,0,38
2023-12-18,21428.55,21455.95,21426.75,21449.1,12:25:00,21456.21444845279,0,39
2023-12-18,21438.5,21439.35,21428.0,21428.15,12:30:00,21454.52735812396,0,40
2023-12-18,21440.85,21445.6,21436.65,21437.9,12:35:00,21453.22475258834,0,41
2023-12-18,21449.3,21450.0,21436.65,21440.8,12:40:00,21452.850966627542,0,42
2023-12-18,21441.55,21455.35,21440.35,21449.75,12:45:00,21451.77468409159,0,43
2023-12-18,21443.25,21444.4,21434.6,21442.35,12:50:00,21450.9628094162,0,44
2023-12-18,21434.05,21445.75,21432.75,21442.5,12:55:00,21449.352065662275,0,45
2023-12-18,21424.5,21435.95,21423.9,21434.1,13:00:00,21446.98520226587,0,46
2023-12-18,21419.35,21428.8,21416.05,21424.4,13:05:00,21444.35327824055,0,47
2023-12-18,21417.6,21424.45,21409.95,21418.75,13:10:00,21441.805346979545,0,48
2023-12-18,21421.2,21426.0,21415.3,21416.8,13:15:00,21439.84293298149,0,49
2023-12-18,21426.5,21426.8,21419.0,21420.9,13:20:00,21438.57217745944,0,50
2023-12-18,21438.5,21439.75,21424.7,21426.4,13:25:00,21438.56530341569,0,51
2023-12-18,21418.55,21438.15,21416.4,21438.15,13:30:00,21436.659084042763,0,52
2023-12-18,21422.7,21426.75,21415.2,21418.3,13:35:00,21435.32964746726,0,53
2023-12-18,21423.4,21428.35,21420.85,21422.2,13:40:00,21434.193490565616,0,54
2023-12-18,21418.65,21426.5,21416.8,21423.2,13:45:00,21432.7131581308,0,55
2023-12-18,21424.55,21426.65,21417.55,21420.25,13:50:00,21431.935714499294,0,56
2023-12-18,21423.9,21430.05,21423.05,21424.3,13:55:00,21431.170408356506,0,57
2023-12-18,21434.8,21436.55,21422.7,21423.5,14:00:00,21431.516083751125,0,58
2023-12-18,21424.65,21439.4,21423.35,21433.85,14:05:00,21430.862171012923,0,59
2023-12-18,21434.8,21443.35,21422.05,21423.95,14:10:00,21431.237202345023,0,60
2023-12-18,21425.95,21441.0,21425.1,21434.3,14:15:00,21430.733659264548,0,61
2023-12-18,21430.05,21433.05,21421.3,21425.7,14:20:00,21430.6685488584,0,62
2023-12-18,21444.7,21446.15,21429.6,21430.0,14:25:00,21432.00487753855,0,63
2023-12-18,21451.45,21453.45,21439.2,21444.8,14:30:00,21433.85679396345,0,64
2023-12-18,21441.45,21454.65,21440.7,21450.75,14:35:00,21434.57995644312,0,65
2023-12-18,21420.4,21443.95,21419.35,21440.25,14:40:00,21433.22948440092,0,66
2023-12-18,21428.75,21429.05,21416.6,21419.85,14:45:00,21432.802866838927,0,67
2023-12-18,21424.0,21434.3,21418.95,21428.95,14:50:00,21431.96449856855,0,68
2023-12-18,21424.4,21430.5,21420.9,21423.95,14:55:00,21431.244070133453,0,69
2023-12-18,21424.45,21430.4,21414.6,21423.1,15:00:00,21430.59701583503,0,70
2023-12-18,21428.65,21430.8,21418.8,21424.45,15:05:00,21430.4115857555,0,71
2023-12-18,21419.75,21432.0,21419.65,21428.95,15:10:00,21429.39619663593,0,72
2023-12-18,21418.25,21420.7,21409.85,21420.2,15:15:00,21428.334654099173,0,73
2023-12-18,21406.9,21418.35,21405.75,21418.1,15:20:00,21426.29325847068,0,74
2023-12-18,21410.8,21414.55,21403.05,21407.8,15:25:00,21424.8177100449,0,75
2023-12-19,21426.75,21477.65,21419.5,21477.65,09:15:00,21429.55417987803,1,1
2023-12-19,21430.35,21433.5,21421.75,21426.85,09:20:00,21429.6299722706,1,2
2023-12-19,21436.55,21441.1,21426.75,21430.2,09:25:00,21430.289022530545,1,3
2023-12-19,21426.75,21442.0,21426.45,21436.6,09:30:00,21429.95197276573,1,4
2023-12-19,21404.25,21426.95,21403.8,21426.95,09:35:00,21427.50416583566,1,5
2023-12-19,21373.7,21405.05,21372.6,21405.05,09:40:00,21422.379959565595,1,6
2023-12-19,21382.55,21385.0,21368.25,21374.3,09:45:00,21418.58663008316,1,7
2023-12-19,21371.05,21388.45,21369.55,21382.2,09:50:00,21414.05933198,1,8
2023-12-19,21379.5,21382.9,21368.0,21370.45,09:55:00,21410.76796702953,1,9
2023-12-19,21352.95,21383.75,21352.3,21379.6,10:00:00,21405.26149397909,1,10
2023-12-19,21341.3,21361.25,21338.5,21352.6,10:05:00,21399.169923123944,1,11
2023-12-19,21351.8,21358.8,21340.8,21340.8,10:10:00,21394.658501874044,1,12
2023-12-19,21379.5,21381.7,21350.5,21352.1,10:15:00,21393.2148350289,1,13
2023-12-19,21365.4,21380.5,21361.65,21379.4,10:20:00,21390.565803121382,1,14
2023-12-19,21363.9,21376.25,21362.95,21365.55,10:25:00,21388.02620282411,1,15
2023-12-19,21385.7,21386.8,21359.9,21362.65,10:30:00,21387.804659698,1,16
2023-12-19,21382.5,21392.4,21376.1,21386.25,10:35:00,21387.29945401248,1,17
2023-12-19,21395.25,21403.5,21379.35,21382.55,10:40:00,21388.056648868434,1,18
2023-12-19,21387.65,21399.05,21386.9,21396.15,10:45:00,21388.01792040477,1,19
2023-12-19,21394.5,21398.0,21385.2,21388.45,10:50:00,21388.635261318606,1,20
2023-12-19,21386.8,21394.2,21384.85,21394.2,10:55:00,21388.46047452636,1,21
2023-12-19,21384.9,21395.35,21384.9,21387.6,11:00:00,21388.121381714325,1,22
2023-12-19,21400.55,21400.55,21385.15,21385.15,11:05:00,21389.305059646296,1,23
2023-12-19,21399.8,21405.9,21397.0,21400.6,11:10:00,21390.30457777522,1,24
2023-12-19,21385.35,21401.45,21385.35,21399.8,11:15:00,21389.8327132252,1,25
2023-12-19,21390.2,21393.8,21385.15,21385.85,11:20:00,21389.86769291804,1,26
2023-12-19,21397.85,21398.1,21388.85,21390.7,11:25:00,21390.627912640128,1,27
2023-12-19,21393.7,21401.05,21392.95,21398.05,11:30:00,21390.920492388686,1,28
2023-12-19,21410.9,21412.0,21391.2,21394.1,11:35:00,21392.823302637385,1,29
2023-12-19,21421.7,21423.25,21404.35,21411.6,11:40:00,21395.57346429097,1,30
2023-12-19,21439.65,21439.65,21420.2,21422.65,11:45:00,21399.77122959659,1,31
2023-12-19,21448.0,21454.35,21437.95,21439.55,11:50:00,21404.36444582549,1,32
2023-12-19,21444.45,21451.85,21442.5,21447.55,11:55:00,21408.18211765163,1,33
2023-12-19,21440.25,21448.35,21431.75,21443.5,12:00:00,21411.23620168481,1,34
2023-12-19,21437.3,21441.95,21432.25,21439.15,12:05:00,21413.71846819102,1,35
2023-12-19,21435.8,21441.8,21433.4,21437.3,12:10:00,21415.821471220446,1,36
2023-12-19,21441.8,21451.0,21433.2,21434.75,12:15:00,21418.295616818497,1,37
2023-12-19,21452.75,21454.95,21439.15,21441.85,12:20:00,21421.576986645305,1,38
2023-12-19,21448.6,21456.75,21447.25,21452.25,12:25:00,21424.1506069648,1,39
2023-12-19,21460.15,21461.65,21444.8,21448.35,12:30:00,21427.5791205872,1,40
2023-12-19,21467.6,21468.1,21455.45,21460.05,12:35:00,21431.390632912226,1,41
2023-12-19,21469.25,21471.85,21462.4,21467.2,12:40:00,21434.996286920585,1,42
2023-12-19,21465.75,21471.75,21463.7,21470.35,12:45:00,21437.92521197577,1,43
2023-12-19,21461.6,21469.8,21459.5,21464.15,12:50:00,21440.17995369236,1,44
2023-12-19,21471.15,21474.4,21457.95,21461.4,12:55:00,21443.12948191214,1,45
2023-12-19,21461.35,21470.0,21460.3,21470.0,13:00:00,21444.86476934908,1,46
2023-12-19,21458.15,21465.35,21454.7,21461.2,13:05:00,21446.13002941108,1,47
2023-12-19,21461.9,21464.4,21457.4,21458.1,13:10:00,21447.631931371925,1,48
2023-12-19,21456.3,21465.4,21454.55,21461.55,13:15:00,21448.45746171746,1,49
2023-12-19,21452.0,21463.2,21450.15,21455.9,13:20:00,21448.794846315795,1,50
2023-12-19,21455.45,21456.55,21449.05,21451.55,13:25:00,21449.4286704762,1,51
2023-12-19,21458.95,21460.8,21453.35,21454.45,13:30:00,21450.33546376418,1,52
2023-12-19,21461.2,21462.05,21457.15,21459.1,13:35:00,21451.370181500926,1,53
2023-12-19,21467.7,21469.35,21460.85,21461.15,13:40:00,21452.92540231036,1,54
2023-12-19,21462.95,21468.9,21461.35,21467.8,13:45:00,21453.88012589985,1,55
2023-12-19,21473.95,21474.0,21459.6,21462.85,13:50:00,21455.79154248082,1,56
2023-12-19,21474.85,21479.05,21469.6,21472.9,13:55:00,21457.606633673124,1,57
2023-12-19,21470.55,21476.1,21468.85,21475.1,14:00:00,21458.839335228065,1,58
2023-12-19,21482.55,21483.85,21468.75,21469.7,14:05:00,21461.09749377777,1,59
2023-12-19,21481.05,21487.7,21480.05,21482.25,14:10:00,21462.997732465603,1,60
2023-12-19,21481.85,21486.3,21472.6,21480.5,14:15:00,21464.7931865165,1,61
2023-12-19,21475.65,21484.35,21472.6,21481.9,14:20:00,21465.827168753025,1,62
2023-12-19,21486.9,21488.35,21474.3,21474.95,14:25:00,21467.834105062266,1,63
2023-12-19,21499.0,21500.7,21484.3,21485.9,14:30:00,21470.80228553252,1,64
2023-12-19,21494.0,21504.5,21491.15,21498.45,14:35:00,21473.011591672283,1,65
2023-12-19,21489.1,21496.05,21484.55,21494.05,14:40:00,21474.543821036827,1,66
2023-12-19,21466.1,21493.3,21462.75,21487.85,14:45:00,21473.73964760475,1,67
2023-12-19,21454.9,21470.3,21451.55,21466.05,14:50:00,21471.94539545192,1,68
2023-12-19,21431.75,21465.85,21428.9,21454.3,14:55:00,21468.11726255173,1,69
2023-12-19,21445.6,21462.35,21426.5,21427.6,15:00:00,21465.97276135633,1,70
2023-12-19,21469.25,21475.55,21443.4,21445.35,15:05:00,21466.2848793224,1,71
2023-12-19,21453.75,21468.9,21453.3,21467.95,15:10:00,21465.09108129169,1,72
2023-12-19,21446.1,21458.7,21440.7,21453.7,15:15:00,21463.28240688296,1,73
2023-12-19,21446.5,21450.8,21441.55,21447.25,15:20:00,21461.68408241792,1,74
2023-12-19,21446.0,21460.25,21443.0,21446.8,15:25:00,21460.19036028288,1,75
2023-12-20,21562.05,21568.65,21529.8,21543.5,09:15:00,21477.069886762176,2,1
2023-12-20,21569.95,21577.65,21551.8,21562.3,09:20:00,21485.915611832446,2,2
2023-12-20,21564.2,21571.2,21561.7,21569.75,09:25:00,21493.371267848404,2,3
2023-12-20,21572.55,21580.0,21560.15,21564.4,09:30:00,21500.912099481888,2,4
2023-12-20,21590.15,21592.05,21571.75,21573.0,09:35:00,21509.41094715028,2,5
2023-12-20,21579.95,21592.1,21569.4,21591.3,09:40:00,21516.12895218359,2,6
2023-12-20,21578.95,21580.95,21567.35,21578.5,09:45:00,21522.11190911849,2,7
2023-12-20,21568.65,21579.0,21568.0,21579.0,09:50:00,21526.544108250066,2,8
2023-12-20,21569.05,21575.05,21565.45,21568.15,09:55:00,21530.592288416723,2,9
2023-12-20,21545.5,21577.1,21543.45,21568.6,10:00:00,21532.01207047228,2,10
2023-12-20,21538.4,21552.6,21534.8,21545.55,10:05:00,21532.62044471301,2,11
2023-12-20,21555.95,21555.95,21536.3,21538.5,10:10:00,21534.842307121296,2,12
2023-12-20,21565.05,21567.6,21554.4,21554.55,10:15:00,21537.7192302526,2,13
2023-12-20,21560.35,21564.95,21554.65,21564.95,10:20:00,21539.874541657115,2,14
2023-12-20,21552.45,21562.65,21550.55,21561.35,10:25:00,21541.07220435644,2,15
2023-12-20,21549.7,21558.5,21549.05,21551.4,10:30:00,21541.893899179635,2,16
2023-12-20,21556.0,21556.9,21546.45,21550.4,10:35:00,21543.237337353003,2,17
2023-12-20,21569.75,21570.25,21552.1,21555.55,10:40:00,21545.7623528432,2,18
2023-12-20,21578.8,21580.0,21569.5,21570.05,10:45:00,21548.90879542956,2,19
2023-12-20,21569.75,21580.8,21568.2,21578.25,10:50:00,21550.89367205531,2,20
2023-12-20,21578.5,21579.05,21565.45,21569.55,10:55:00,21553.52284614528,2,21
2023-12-20,21579.5,21579.9,21573.35,21577.9,11:00:00,21555.99686079811,2,22
2023-12-20,21573.6,21579.8,21572.7,21579.55,11:05:00,21557.67335024591,2,23
2023-12-20,21565.05,21575.75,21565.05,21573.45,11:10:00,21558.37588831773,2,24
2023-12-20,21555.2,21566.7,21553.55,21565.1,11:15:00,21558.073422763657,2,25
2023-12-20,21547.8,21559.5,21544.75,21555.45,11:20:00,21557.09500154807,2,26
2023-12-20,21547.15,21554.15,21547.15,21547.75,11:25:00,21556.147858543496,2,27
2023-12-20,21532.1,21548.8,21530.8,21548.05,11:30:00,21553.85758630126,2,28
2023-12-20,21534.95,21542.75,21525.65,21532.1,11:35:00,21552.056863796377,2,29
2023-12-20,21521.15,21538.3,21513.9,21534.8,11:40:00,21549.11335295863,2,30
2023-12-20,21512.15,21524.15,21506.15,21521.1,11:45:00,21545.59303362924,2,31
2023-12-20,21501.25,21511.7,21491.65,21511.55,11:50:00,21541.369887569308,2,32
2023-12-20,21524.8,21524.85,21498.35,21501.1,11:55:00,21539.791803038897,2,33
2023-12-20,21527.5,21532.35,21516.55,21525.15,12:00:00,21538.62115513043,2,34
2023-12-20,21532.95,21535.9,21527.9,21527.9,12:05:00,21538.081045118008,2,35
2023-12-20,21528.7,21534.1,21523.2,21533.55,12:10:00,21537.187612249625,2,36
2023-12-20,21512.8,21530.85,21511.15,21529.25,12:15:00,21534.864982511564,2,37
2023-12-20,21515.35,21517.75,21502.25,21513.75,12:20:00,21533.00641274856,2,38
2023-12-20,21509.25,21523.25,21508.45,21515.2,12:25:00,21530.743897248693,2,39
2023-12-20,21516.85,21517.2,21501.4,21509.25,12:30:00,21529.42066893929,2,40
2023-12-20,21517.75,21518.55,21508.75,21516.2,12:35:00,21528.30917665936,2,41
2023-12-20,21523.05,21526.15,21514.05,21518.2,12:40:00,21527.808302691803,2,42
2023-12-20,21532.1,21532.2,21519.3,21522.65,12:45:00,21528.217035768776,2,43
2023-12-20,21531.75,21534.9,21526.05,21532.15,12:50:00,21528.5535085527,2,44
2023-12-20,21521.5,21537.2,21521.5,21531.95,12:55:00,21527.8817458334,2,45
2023-12-20,21512.8,21521.55,21510.15,21521.55,13:00:00,21526.44538908736,2,46
2023-12-20,21486.25,21516.75,21486.25,21512.25,13:05:00,21522.617256793324,2,47
2023-12-20,21472.4,21488.3,21467.9,21486.35,13:10:00,21517.834660908247,2,48
2023-12-20,21452.1,21475.9,21451.25,21472.0,13:15:00,21511.574217012225,2,49
2023-12-20,21438.95,21472.5,21438.95,21450.1,13:20:00,21504.65762491582,2,50
2023-12-20,21403.7,21443.05,21377.95,21438.6,13:25:00,21495.042613019075,2,51
2023-12-20,21341.8,21405.6,21338.3,21404.65,13:30:00,21480.44807844583,2,52
2023-12-20,21392.8,21399.6,21302.3,21344.45,13:35:00,21472.10064240337,2,53
2023-12-20,21400.95,21410.5,21371.45,21396.7,13:40:00,21465.324390745907,2,54
2023-12-20,21372.95,21413.8,21365.75,21401.7,13:45:00,21456.526829722487,2,55
2023-12-20,21359.1,21376.25,21325.15,21374.4,13:50:00,21447.248084034632,2,56
2023-12-20,21347.4,21364.0,21337.7,21361.4,13:55:00,21437.738742698,2,57
2023-12-20,21275.45,21355.6,21275.45,21348.15,14:00:00,21422.28267196485,2,58
2023-12-20,21293.05,21298.6,21253.2,21274.6,14:05:00,21409.9747984444,2,59
2023-12-20,21283.65,21311.95,21275.35,21292.3,14:10:00,21397.94386525921,2,60
2023-12-20,21301.65,21319.4,21271.0,21285.1,14:15:00,21388.77302094881,2,61
2023-12-20,21305.2,21325.1,21301.55,21301.55,14:20:00,21380.81368562036,2,62
2023-12-20,21302.5,21313.3,21288.7,21305.8,14:25:00,21373.3552393708,2,63
2023-12-20,21259.9,21311.6,21259.9,21303.05,14:30:00,21362.549978478342,2,64
2023-12-20,21248.95,21273.95,21248.05,21259.65,14:35:00,21351.730932908977,2,65
2023-12-20,21222.15,21250.45,21214.65,21247.55,14:40:00,21339.38989167955,2,66
2023-12-20,21208.65,21235.15,21207.5,21221.8,14:45:00,21326.93847342436,2,67
2023-12-20,21237.85,21239.85,21206.75,21208.4,14:50:00,21318.453856907752,2,68
2023-12-20,21227.4,21256.35,21223.55,21236.65,14:55:00,21309.78206101177,2,69
2023-12-20,21166.45,21227.35,21162.9,21227.35,15:00:00,21296.131388534464,2,70
2023-12-20,21162.6,21176.35,21159.25,21167.2,15:05:00,21283.414113435945,2,71
2023-12-20,21142.35,21176.85,21142.35,21163.45,15:10:00,21269.97943596585,2,72
2023-12-20,21135.4,21146.6,21133.95,21142.3,15:15:00,21257.16234682625,2,73
2023-12-20,21127.5,21142.05,21124.5,21136.35,15:20:00,21244.81355189042,2,74
2023-12-20,21101.5,21128.85,21088.55,21127.45,15:25:00,21231.164642186573,2,75
2023-12-21,21047.7,21089.55,20979.8,21033.95,09:15:00,21196.69826718674,3,1
2023-12-21,21035.25,21069.35,21035.25,21046.3,09:20:00,21181.322241740385,3,2
2023-12-21,21028.2,21038.55,21009.9,21033.15,09:25:00,21166.739171098445,3,3
2023-12-21,21006.0,21028.9,21001.85,21026.95,09:30:00,21151.43067861288,3,4
2023-12-21,21038.9,21076.9,21004.6,21005.3,09:35:00,21140.71347112593,3,5
2023-12-21,21065.95,21075.7,21028.0,21037.9,09:40:00,21133.59314054251,3,6
2023-12-21,21052.3,21095.05,21036.45,21065.05,09:45:00,21125.85093668132,3,7
2023-12-21,21065.05,21076.2,21051.65,21051.65,09:50:00,21120.0603712831,3,8
2023-12-21,21070.15,21071.4,21048.55,21065.65,09:55:00,21115.30700258948,3,9
2023-12-21,21075.9,21084.65,21058.9,21069.9,10:00:00,21111.55395472381,3,10
2023-12-21,21124.25,21126.95,21075.5,21076.25,10:05:00,21112.76310189297,3,11
2023-12-21,21123.95,21138.4,21114.4,21124.0,10:10:00,21113.828520760308,3,12
2023-12-21,21132.4,21144.45,21107.9,21123.2,10:15:00,21115.59723306885,3,13
2023-12-21,21139.7,21141.4,21121.6,21132.45,10:20:00,21117.89273468134,3,14
2023-12-21,21108.35,21141.15,21108.1,21140.2,10:25:00,21116.983902806925,3,15
2023-12-21,21079.9,21106.95,21059.1,21106.8,10:30:00,21113.4521025396,3,16
2023-12-21,21083.0,21093.8,21073.9,21079.1,10:35:00,21110.55190229773,3,17
2023-12-21,21150.75,21152.7,21076.95,21082.05,10:40:00,21114.38029255509,3,18
2023-12-21,21143.35,21166.0,21136.05,21149.7,10:45:00,21117.139312311752,3,19
2023-12-21,21148.25,21151.35,21128.9,21142.55,10:50:00,21120.10223494873,3,20
2023-12-21,21156.9,21160.85,21140.15,21147.7,10:55:00,21123.60678400124,3,21
2023-12-21,21169.15,21179.85,21151.35,21157.15,11:00:00,21127.94423314397,3,22
2023-12-21,21147.9,21171.75,21138.85,21170.15,11:05:00,21129.84478236836,3,23
2023-12-21,21157.65,21157.65,21138.25,21147.95,11:10:00,21132.492898333272,3,24
2023-12-21,21143.15,21159.55,21118.4,21157.3,11:15:00,21133.50786039677,3,25
2023-12-21,21156.65,21159.2,21136.6,21142.35,11:20:00,21135.71187369232,3,26
2023-12-21,21142.25,21156.75,21138.05,21156.75,11:25:00,21136.33455238829,3,27
2023-12-21,21154.2,21161.2,21139.4,21141.85,11:30:00,21138.036023589404,3,28
2023-12-21,21155.85,21162.45,21149.15,21153.85,11:35:00,21139.732592771365,3,29
2023-12-21,21155.95,21161.4,21146.75,21155.6,11:40:00,21141.27710774552,3,30
2023-12-21,21156.75,21178.65,21151.4,21157.65,11:45:00,21142.75071653166,3,31
2023-12-21,21164.5,21165.4,21149.5,21157.15,11:50:00,21144.82207686198,3,32
2023-12-21,21164.3,21170.85,21160.25,21165.25,11:55:00,21146.67711716084,3,33
2023-12-21,21190.3,21191.5,21160.8,21164.35,12:00:00,21150.83167743124,3,34
2023-12-21,21184.2,21197.5,21176.55,21191.5,12:05:00,21154.00961291397,3,35
2023-12-21,21180.05,21189.05,21175.0,21184.05,12:10:00,21156.489649779312,3,36
2023-12-21,21184.3,21186.25,21174.85,21181.8,12:15:00,21159.13825456224,3,37
2023-12-21,21189.85,21192.1,21175.75,21185.55,12:20:00,21162.063182699163,3,38
2023-12-21,21210.85,21213.55,21189.45,21191.55,12:25:00,21166.709546251623,3,39
2023-12-21,21211.85,21221.25,21206.1,21213.05,12:30:00,21171.008637084804,3,40
2023-12-21,21232.7,21238.8,21205.8,21213.05,12:35:00,21176.88400498149,3,41
2023-12-21,21250.2,21250.65,21229.8,21235.95,12:40:00,21183.866480697536,3,42
2023-12-21,21243.8,21251.45,21230.2,21251.05,12:45:00,21189.57443491682,3,43
2023-12-21,21254.9,21257.3,21232.65,21245.65,12:50:00,21195.79591730569,3,44
2023-12-21,21241.9,21256.05,21237.2,21256.05,12:55:00,21200.1867823242,3,45
2023-12-21,21243.7,21247.85,21226.35,21243.8,13:00:00,21204.330898293323,3,46
2023-12-21,21224.5,21248.7,21220.15,21244.05,13:05:00,21206.251765122528,3,47
2023-12-21,21250.85,21251.7,21213.8,21225.6,13:10:00,21210.49921606324,3,48
2023-12-21,21239.0,21252.0,21235.45,21248.9,13:15:00,21213.213576438167,3,49
2023-12-21,21238.9,21248.9,21231.4,21239.45,13:20:00,21215.65990249168,3,50
2023-12-21,21243.65,21247.95,21226.7,21239.75,13:25:00,21218.3256260639,3,51
2023-12-21,21265.9,21269.35,21241.05,21244.65,13:30:00,21222.85651881972,3,52
2023-12-21,21204.7,21266.65,21197.25,21265.8,13:35:00,21221.127326551174,3,53
2023-12-21,21207.75,21215.7,21182.8,21209.35,13:40:00,21219.853295451063,3,54
2023-12-21,21220.2,21222.65,21185.2,21208.7,13:45:00,21219.886314931915,3,55
2023-12-21,21216.85,21238.65,21205.15,21220.9,13:50:00,21219.597142081257,3,56
2023-12-21,21222.0,21224.85,21203.05,21217.1,13:55:00,21219.82598569257,3,57
2023-12-21,21187.05,21230.8,21185.65,21223.7,14:00:00,21216.704463245656,3,58
2023-12-21,21195.7,21204.2,21184.95,21189.65,14:05:00,21214.704038174645,3,59
2023-12-21,21216.85,21218.85,21193.6,21196.9,14:10:00,21214.908415491347,3,60
2023-12-21,21217.05,21229.15,21210.15,21216.8,14:15:00,21215.112375920744,3,61
2023-12-21,21244.55,21248.2,21217.75,21217.75,14:20:00,21217.91595916639,3,62
2023-12-21,21243.15,21248.15,21229.8,21243.1,14:25:00,21220.31920115054,3,63
2023-12-21,21253.95,21261.0,21238.7,21243.45,14:30:00,21223.5221343743,3,64
2023-12-21,21256.95,21259.95,21230.05,21255.3,14:35:00,21226.70574062437,3,65
2023-12-21,21260.0,21272.0,21253.25,21257.75,14:40:00,21229.876622469663,3,66
2023-12-21,21258.0,21271.65,21249.85,21260.35,14:45:00,21232.555039377312,3,67
2023-12-21,21250.05,21263.5,21240.15,21259.65,14:50:00,21234.22122610328,3,68
2023-12-21,21242.85,21254.55,21235.95,21251.6,14:55:00,21235.04301409344,3,69
2023-12-21,21242.15,21255.8,21233.55,21240.1,15:00:00,21235.719869894063,3,70
2023-12-21,21234.15,21247.0,21227.25,21243.2,15:05:00,21235.57035847558,3,71
2023-12-21,21257.5,21265.2,21229.6,21234.4,15:10:00,21237.65889576362,3,72
2023-12-21,21253.1,21272.0,21251.0,21258.6,15:15:00,21239.129477119463,3,73
2023-12-21,21267.6,21268.25,21249.85,21254.5,15:20:00,21241.84095548904,3,74
2023-12-21,21283.0,21287.8,21260.05,21268.9,15:25:00,21245.760864490083,3,75
2023-12-22,21291.65,21307.45,21263.7,21295.85,09:15:00,21254.44732898168,4,1
2023-12-22,21260.6,21290.75,21257.7,21290.75,09:20:00,21255.03329765009,4,2
2023-12-22,21255.5,21279.6,21248.95,21259.35,09:25:00,21255.077745492938,4,3
2023-12-22,21262.45,21270.55,21253.75,21256.25,09:30:00,21255.7798649698,4,4
2023-12-22,21258.6,21282.15,21257.6,21262.85,09:35:00,21256.04844925839,4,5
2023-12-22,21270.8,21282.15,21254.2,21255.7,09:40:00,21257.45335885283,4,6
2023-12-22,21332.3,21338.6,21267.5,21270.95,09:45:00,21264.58161039065,4,7
2023-12-22,21333.0,21345.0,21325.0,21332.05,09:50:00,21271.097647496303,4,8
2023-12-22,21340.75,21344.3,21319.55,21333.9,09:55:00,21277.73120487761,4,9
2023-12-22,21345.8,21351.45,21332.6,21341.85,10:00:00,21284.213947270226,4,10
2023-12-22,21346.15,21353.65,21339.9,21346.05,10:05:00,21290.11261895877,4,11
2023-12-22,21350.65,21353.3,21333.55,21345.0,10:10:00,21295.878083819844,4,12
2023-12-22,21343.25,21353.75,21335.6,21350.15,10:15:00,21300.389694884623,4,13
2023-12-22,21333.2,21347.55,21322.5,21343.15,10:20:00,21303.514485847994,4,14
2023-12-22,21353.75,21355.05,21332.8,21332.8,10:25:00,21308.29882052914,4,15
2023-12-22,21349.2,21361.5,21346.4,21353.65,10:30:00,21312.194170954936,4,16
2023-12-22,21355.7,21358.5,21341.45,21349.7,10:35:00,21316.33758324494,4,17
2023-12-22,21345.95,21356.9,21342.65,21356.4,10:40:00,21319.157813412086,4,18
2023-12-22,21355.4,21361.4,21344.05,21347.0,10:45:00,21322.609450229986,4,19
2023-12-22,21356.1,21369.4,21350.1,21355.45,10:50:00,21325.79902639856,4,20
2023-12-22,21378.05,21380.25,21355.25,21356.95,10:55:00,21330.77530959869,4,21
2023-12-22,21383.65,21389.9,21374.15,21377.7,11:00:00,21335.810994398817,4,22
2023-12-22,21374.85,21384.35,21372.8,21383.75,11:05:00,21339.528994932265,4,23
2023-12-22,21368.9,21381.25,21362.9,21374.7,11:10:00,21342.326233510143,4,24
2023-12-22,21368.95,21378.0,21364.15,21369.6,11:15:00,21344.861830318707,4,25
2023-12-22,21375.45,21375.7,21354.45,21367.0,11:20:00,21347.77498933597,4,26
2023-12-22,21376.4,21381.1,21372.4,21375.95,11:25:00,21350.501180827785,4,27
2023-12-22,21382.1,21382.1,21361.4,21375.1,11:30:00,21353.51059217752,4,28
2023-12-22,21377.05,21385.5,21370.15,21381.05,11:35:00,21355.752440541564,4,29
2023-12-22,21384.95,21386.55,21372.4,21377.75,11:40:00,21358.533160489987,4,30
2023-12-22,21382.55,21388.1,21379.4,21383.4,11:45:00,21360.82047853856,4,31
2023-12-22,21381.0,21386.1,21375.35,21383.0,11:50:00,21362.742337725365,4,32
2023-12-22,21383.45,21385.85,21371.5,21380.65,11:55:00,21364.714496037235,4,33
2023-12-22,21384.05,21386.8,21378.2,21383.75,12:00:00,21366.55597260512,4,34
2023-12-22,21370.0,21386.1,21368.65,21384.2,12:05:00,21366.88397521416,4,35
2023-12-22,21362.85,21376.7,21359.1,21370.45,12:10:00,21366.49978709852,4,36
2023-12-22,21342.1,21367.95,21339.05,21363.55,12:15:00,21364.17599785104,4,37
2023-12-22,21345.3,21353.7,21335.4,21342.4,12:20:00,21362.37828376999,4,38
2023-12-22,21341.9,21347.15,21338.15,21344.5,12:25:00,21360.427971029992,4,39
2023-12-22,21304.35,21342.3,21302.9,21342.3,12:30:00,21355.08721188428,4,40
2023-12-22,21305.45,21312.8,21290.0,21304.3,12:35:00,21350.35985837149,4,41
2023-12-22,21318.3,21318.3,21292.2,21306.3,12:40:00,21347.306538526584,4,42
2023-12-22,21347.7,21360.4,21316.85,21318.5,12:45:00,21347.34401104786,4,43
2023-12-22,21354.15,21359.55,21339.95,21348.0,12:50:00,21347.992200471872,4,44
2023-12-22,21352.25,21355.3,21343.75,21354.55,12:55:00,21348.39770518884,4,45
2023-12-22,21358.5,21364.75,21342.95,21351.4,13:00:00,21349.359828504188,4,46
2023-12-22,21342.6,21357.95,21338.8,21357.45,13:05:00,21348.71603531331,4,47
2023-12-22,21328.35,21345.0,21326.35,21341.85,13:10:00,21346.77641290252,4,48
2023-12-22,21335.35,21344.0,21325.95,21327.85,13:15:00,21345.68818310228,4,49
2023-12-22,21337.9,21345.85,21334.85,21335.1,13:20:00,21344.94645137825,4,50
2023-12-22,21336.2,21342.7,21326.65,21336.9,13:25:00,21344.113456008898,4,51
2023-12-22,21323.95,21336.35,21317.4,21335.4,13:30:00,21342.1931268652,4,52
2023-12-22,21307.05,21331.95,21303.8,21323.45,13:35:00,21338.84616240184,4,53
2023-12-22,21275.35,21305.75,21272.15,21305.15,13:40:00,21332.798908839763,4,54
2023-12-22,21249.25,21282.05,21240.5,21275.55,13:45:00,21324.841869902644,4,55
2023-12-22,21275.85,21292.75,21233.5,21247.1,13:50:00,21320.17597753096,4,56
2023-12-22,21254.3,21283.25,21243.55,21273.6,13:55:00,21313.902074908965,4,57
2023-12-22,21271.15,21281.8,21251.55,21254.65,14:00:00,21309.83044872716,4,58
2023-12-22,21308.45,21308.45,21265.3,21271.25,14:05:00,21309.69897741981,4,59
2023-12-22,21308.25,21316.0,21297.5,21309.45,14:10:00,21309.560979570306,4,60
2023-12-22,21335.25,21338.5,21298.2,21309.1,14:15:00,21312.00755294456,4,61
2023-12-22,21318.1,21338.65,21316.4,21335.35,14:20:00,21312.587785997457,4,62
2023-12-22,21318.3,21333.55,21310.5,21318.25,14:25:00,21313.13180637865,4,63
2023-12-22,21310.8,21327.6,21303.25,21316.35,14:30:00,21312.90972958068,4,64
2023-12-22,21339.6,21346.9,21312.6,21312.6,14:35:00,21315.451660096805,4,65
2023-12-22,21366.45,21370.6,21337.85,21340.15,14:40:00,21320.30864484949,4,66
2023-12-22,21338.8,21367.45,21326.35,21364.5,14:45:00,21322.0697262924,4,67
2023-12-22,21365.55,21368.2,21335.5,21337.35,14:50:00,21326.21070474074,4,68
2023-12-22,21363.4,21373.45,21355.45,21365.3,14:55:00,21329.75254238448,4,69
2023-12-22,21348.95,21368.1,21347.15,21364.3,15:00:00,21331.580871681195,4,70
2023-12-22,21355.3,21355.5,21335.6,21349.1,15:05:00,21333.839836282987,4,71
2023-12-22,21354.3,21365.55,21347.15,21355.75,15:10:00,21335.788423303657,4,72
2023-12-22,21354.95,21360.8,21340.85,21353.9,15:15:00,21337.613335369973,4,73
2023-12-22,21344.1,21355.45,21341.7,21354.35,15:20:00,21338.231112953785,4,74
2023-12-22,21332.35,21343.6,21328.45,21343.4,15:25:00,21337.67100695819,4,75
2023-12-26,21361.05,21370.45,21329.6,21365.2,09:15:00,21342.26969050319,1,1
2023-12-26,21378.35,21388.65,21359.75,21360.9,09:20:00,21345.705910455268,1,2
2023-12-26,21335.75,21381.5,21335.75,21379.2,09:25:00,21344.75772850715,1,3
2023-12-26,21366.9,21367.8,21335.05,21335.2,09:30:00,21346.866516268376,1,4
2023-12-26,21355.5,21379.7,21353.15,21367.35,09:35:00,21347.688752814243,1,5
2023-12-26,21367.7,21374.6,21353.3,21354.7,09:40:00,21349.59458587956,1,6
2023-12-26,21366.8,21377.9,21364.55,21368.95,09:45:00,21351.23319674817,1,7
2023-12-26,21376.8,21379.8,21350.65,21365.35,09:50:00,21353.668130391205,1,8
2023-12-26,21393.65,21393.85,21372.65,21376.75,09:55:00,21357.47592749681,1,9
2023-12-26,21417.05,21418.6,21394.25,21395.05,10:00:00,21363.149648687588,1,10
2023-12-26,21422.9,21425.6,21413.55,21417.2,10:05:00,21368.84015833639,1,11
2023-12-26,21413.35,21425.95,21404.35,21423.3,10:10:00,21373.07919087578,1,12
2023-12-26,21419.45,21426.4,21411.75,21412.65,10:15:00,21377.49545841142,1,13
2023-12-26,21434.4,21440.45,21412.15,21419.15,10:20:00,21382.91493856272,1,14
2023-12-26,21444.55,21445.5,21429.25,21436.2,10:25:00,21388.784944413885,1,15
2023-12-26,21443.0,21445.35,21431.1,21444.6,10:30:00,21393.948283041136,1,16
2023-12-26,21465.25,21465.25,21438.1,21444.5,10:35:00,21400.738922751505,1,17
2023-12-26,21453.0,21472.3,21451.5,21463.95,10:40:00,21405.716168203744,1,18
2023-12-26,21439.3,21461.05,21439.3,21452.4,10:45:00,21408.914628374816,1,19
2023-12-26,21448.65,21457.1,21439.55,21439.55,10:50:00,21412.69894948197,1,20
2023-12-26,21449.2,21453.5,21445.4,21449.45,10:55:00,21416.175240007506,1,21
2023-12-26,21444.2,21452.95,21438.6,21447.9,11:00:00,21418.844264768693,1,22
2023-12-26,21441.4,21449.4,21435.35,21443.75,11:05:00,21420.99243002882,1,23
2023-12-26,21456.65,21459.6,21441.0,21441.55,11:10:00,21424.38838907369,1,24
2023-12-26,21462.3,21463.1,21454.3,21457.25,11:15:00,21427.999018685725,1,25
2023-12-26,21449.0,21464.85,21444.5,21462.15,11:20:00,21429.99911214423,1,26
2023-12-26,21450.05,21456.65,21446.6,21448.55,11:25:00,21431.908720511445,1,27
2023-12-26,21451.8,21453.05,21441.0,21449.7,11:30:00,21433.80312808178,1,28
2023-12-26,21452.45,21462.65,21449.5,21452.45,11:35:00,21435.57902064542,1,29
2023-12-26,21453.95,21456.05,21444.4,21450.75,11:40:00,21437.32863772681,1,30
2023-12-26,21455.45,21458.5,21451.5,21453.9,11:45:00,21439.054481752828,1,31
2023-12-26,21455.5,21455.7,21448.0,21455.05,11:50:00,21440.62072158589,1,32
2023-12-26,21463.6,21464.35,21452.2,21454.55,11:55:00,21442.809224292,1,33
2023-12-26,21462.9,21471.3,21460.15,21463.4,12:00:00,21444.72263150228,1,34
2023-12-26,21461.4,21465.9,21458.25,21462.8,12:05:00,21446.31095231159,1,35
2023-12-26,21464.3,21470.2,21461.8,21461.8,12:10:00,21448.024194948583,1,36
2023-12-26,21464.55,21467.3,21460.65,21464.15,12:15:00,21449.598081143955,1,37
2023-12-26,21469.15,21469.15,21461.75,21464.3,12:20:00,21451.46016865405,1,38
2023-12-26,21453.05,21476.3,21450.9,21470.0,12:25:00,21451.6115811632,1,39
2023-12-26,21457.1,21460.1,21450.7,21452.6,12:30:00,21452.13428771908,1,40
2023-12-26,21448.55,21457.6,21444.15,21456.25,12:35:00,21451.79292698393,1,41
2023-12-26,21439.35,21452.15,21437.45,21449.15,12:40:00,21450.6078863188,1,42
2023-12-26,21428.9,21441.8,21422.45,21438.5,12:45:00,21448.540468574145,1,43
2023-12-26,21439.35,21444.15,21426.15,21428.55,12:50:00,21447.6651858528,1,44
2023-12-26,21442.9,21444.25,21427.65,21439.05,12:55:00,21447.211358628723,1,45
2023-12-26,21413.7,21449.75,21410.5,21442.5,13:00:00,21444.01980066409,1,46
2023-12-26,21437.55,21437.75,21411.1,21411.2,13:05:00,21443.40362917227,1,47
2023-12-26,21438.8,21441.25,21430.35,21436.75,13:10:00,21442.96518829872,1,48
2023-12-26,21446.75,21448.2,21431.9,21438.25,13:15:00,21443.325646555983,1,49
2023-12-26,21441.05,21448.95,21436.05,21445.55,13:20:00,21443.108918312555,1,50
2023-12-26,21445.9,21445.9,21432.6,21441.4,13:25:00,21443.37473561612,1,51
2023-12-26,21448.0,21449.95,21437.7,21444.35,13:30:00,21443.81523698601,1,52
2023-12-26,21444.65,21447.85,21440.15,21447.7,13:35:00,21443.894738225445,1,53
2023-12-26,21452.2,21452.2,21441.0,21444.05,13:40:00,21444.685715537307,1,54
2023-12-26,21446.65,21453.6,21443.3,21451.5,13:45:00,21444.87279024804,1,55
2023-12-26,21449.9,21449.9,21437.9,21444.65,13:50:00,21445.351572129177,1,56
2023-12-26,21442.2,21450.2,21439.75,21447.95,13:55:00,21445.051422402583,1,57
2023-12-26,21445.4,21445.4,21435.05,21441.15,14:00:00,21445.084620269008,1,58
2023-12-26,21439.35,21447.6,21438.15,21444.7,14:05:00,21444.53846595768,1,59
2023-12-26,21430.1,21442.65,21422.4,21438.8,14:10:00,21443.163373961703,1,60
2023-12-26,21452.5,21453.2,21428.1,21429.85,14:15:00,21444.052576441543,1,61
2023-12-26,21463.8,21465.65,21447.8,21451.65,14:20:00,21445.93328344712,1,62
2023-12-26,21456.9,21462.45,21453.0,21462.4,14:25:00,21446.977732642627,1,63
2023-12-26,21454.85,21459.05,21446.45,21454.5,14:30:00,21447.727472390947,1,64
2023-12-26,21454.5,21455.65,21442.5,21452.25,14:35:00,21448.37247502038,1,65
2023-12-26,21438.75,21454.65,21432.45,21453.55,14:40:00,21447.456048827964,1,66
2023-12-26,21445.4,21446.55,21430.05,21437.65,14:45:00,21447.26023465388,1,67
2023-12-26,21436.8,21445.8,21430.05,21443.9,14:50:00,21446.26402182969,1,68
2023-12-26,21436.3,21437.9,21426.1,21435.2,14:55:00,21445.315067369724,1,69
2023-12-26,21437.4,21453.65,21419.4,21436.15,15:00:00,21444.56125142975,1,70
2023-12-26,21431.95,21438.75,21425.8,21437.25,15:05:00,21443.36017986501,1,71
2023-12-26,21438.65,21441.05,21429.5,21430.65,15:10:00,21442.91159130644,1,72
2023-12-26,21449.9,21450.95,21438.1,21439.3,15:15:00,21443.57715403916,1,73
2023-12-26,21448.25,21453.25,21442.4,21451.2,15:20:00,21444.02218698781,1,74
2023-12-26,21454.15,21457.85,21446.85,21447.55,15:25:00,21444.98674060802,1,75
2023-12-27,21522.2,21530.75,21497.65,21497.65,09:15:00,21456.87826158616,2,1
2023-12-27,21526.35,21527.2,21513.55,21522.1,09:20:00,21463.49461762557,2,2
2023-12-27,21535.45,21536.2,21519.8,21526.5,09:25:00,21470.34751118504,2,3
2023-12-27,21528.45,21544.35,21526.8,21536.85,09:30:00,21475.881081548367,2,4
2023-12-27,21536.75,21538.8,21514.8,21527.65,09:35:00,21481.678121400902,2,5
2023-12-27,21556.0,21556.0,21534.5,21536.85,09:40:00,21488.7563955532,2,6
2023-12-27,21554.2,21561.5,21549.2,21555.5,09:45:00,21494.989119786227,2,7
2023-12-27,21563.8,21565.3,21549.75,21554.5,09:50:00,21501.542536949444,2,8
2023-12-27,21561.7,21564.45,21553.6,21563.65,09:55:00,21507.27181914473,2,9
2023-12-27,21552.5,21563.0,21549.4,21561.35,10:00:00,21511.57926494048,2,10
2023-12-27,21555.7,21567.05,21548.75,21552.6,10:05:00,21515.78123970805,2,11
2023-12-27,21559.65,21561.05,21545.95,21555.9,10:10:00,21519.95921687872,2,12
2023-12-27,21556.3,21563.9,21554.4,21559.2,10:15:00,21523.420243842647,2,13
2023-12-27,21563.9,21565.8,21556.35,21556.4,10:20:00,21527.275458714776,2,14
2023-12-27,21576.3,21578.1,21561.9,21563.45,10:25:00,21531.9444626467,2,15
2023-12-27,21571.85,21580.85,21569.0,21576.25,10:30:00,21535.74499001368,2,16
2023-12-27,21566.15,21574.6,21564.65,21571.85,10:35:00,21538.64070525048,2,17
2023-12-27,21561.5,21572.2,21557.0,21566.2,10:40:00,21540.817780940903,2,18
2023-12-27,21580.9,21582.4,21555.25,21560.8,10:45:00,21544.63513513701,2,19
2023-12-27,21576.9,21583.4,21572.4,21579.9,10:50:00,21547.707979409675,2,20
2023-12-27,21579.5,21585.3,21575.15,21576.35,10:55:00,21550.73579089447,2,21
2023-12-27,21573.9,21581.85,21572.15,21579.5,11:00:00,21552.941906047377,2,22
2023-12-27,21574.3,21579.2,21571.0,21574.85,11:05:00,21554.976010233346,2,23
2023-12-27,21578.15,21579.05,21569.1,21574.3,11:10:00,21557.183056877784,2,24
2023-12-27,21578.0,21583.45,21574.6,21577.55,11:15:00,21559.165622889424,2,25
2023-12-27,21576.05,21582.8,21570.85,21577.65,11:20:00,21560.77365880472,2,26
2023-12-27,21587.85,21588.6,21573.2,21574.55,11:25:00,21563.35235796617,2,27
2023-12-27,21592.05,21594.05,21583.4,21588.45,11:30:00,21566.085466731296,2,28
2023-12-27,21593.2,21594.7,21585.15,21589.8,11:35:00,21568.66780323308,2,29
2023-12-27,21580.5,21594.65,21579.95,21590.85,11:40:00,21569.794679115643,2,30
2023-12-27,21580.05,21586.45,21577.75,21580.65,11:45:00,21570.771376342724,2,31
2023-12-27,21584.5,21586.85,21575.65,21580.55,11:50:00,21572.07886431009,2,32
2023-12-27,21592.15,21593.7,21577.75,21584.4,11:55:00,21573.99040104246,2,33
2023-12-27,21594.2,21598.5,21588.8,21591.35,12:00:00,21575.9151247527,2,34
2023-12-27,21597.55,21603.2,21592.0,21594.35,12:05:00,21577.975589061967,2,35
2023-12-27,21582.85,21599.35,21580.95,21598.0,12:10:00,21578.43981867512,2,36
2023-12-27,21571.65,21583.85,21566.55,21582.15,12:15:00,21577.793169277484,2,37
2023-12-27,21542.4,21574.1,21539.5,21572.55,12:20:00,21574.422391251057,2,38
2023-12-27,21541.15,21554.95,21539.7,21540.8,12:25:00,21571.25359208429,2,39
2023-12-27,21541.45,21546.95,21524.15,21541.8,12:30:00,21568.41515474293,2,40
2023-12-27,21557.15,21564.5,21540.05,21540.45,12:35:00,21567.34228286265,2,41
2023-12-27,21556.15,21563.3,21552.75,21556.15,12:40:00,21566.276351161447,2,42
2023-12-27,21570.7,21570.8,21552.85,21555.45,12:45:00,21566.697651050832,2,43
2023-12-27,21576.0,21577.6,21566.25,21568.75,12:50:00,21567.58358904599,2,44
2023-12-27,21573.95,21577.85,21565.5,21575.7,12:55:00,21568.18991389876,2,45
2023-12-27,21534.2,21573.95,21533.3,21573.1,13:00:00,21564.95277924173,2,46
2023-12-27,21523.8,21541.85,21520.6,21534.55,13:05:00,21561.03346693299,2,47
2023-12-27,21533.7,21542.55,21522.0,21523.05,13:10:00,21558.43027960604,2,48
2023-12-27,21525.95,21539.0,21525.85,21533.3,13:15:00,21555.33691964356,2,49
2023-12-27,21538.15,21541.3,21520.3,21525.4,13:20:00,21553.700070153693,2,50
2023-12-27,21531.95,21545.1,21528.6,21538.3,13:25:00,21551.62863490096,2,51
2023-12-27,21526.7,21534.5,21524.75,21531.35,13:30:00,21549.254479196108,2,52
2023-12-27,21518.9,21528.1,21505.1,21527.55,13:35:00,21546.36357641553,2,53
2023-12-27,21534.5,21536.75,21517.2,21520.0,13:40:00,21545.233711995003,2,54
2023-12-27,21546.7,21548.1,21528.05,21535.55,13:45:00,21545.37335847167,2,55
2023-12-27,21535.1,21549.75,21533.65,21545.2,13:50:00,21544.394943379128,2,56
2023-12-27,21543.45,21550.6,21533.3,21533.6,13:55:00,21544.30494877159,2,57
2023-12-27,21562.15,21562.4,21539.95,21543.65,14:00:00,21546.00447746001,2,58
2023-12-27,21552.2,21561.6,21547.6,21560.75,14:05:00,21546.594527225723,2,59
2023-12-27,21558.35,21560.5,21551.4,21553.45,14:10:00,21547.71409606137,2,60
2023-12-27,21565.5,21566.65,21547.0,21558.8,14:15:00,21549.40799167457,2,61
2023-12-27,21559.25,21566.8,21550.95,21565.25,14:20:00,21550.3453258008,2,62
2023-12-27,21560.2,21563.25,21549.35,21559.8,14:25:00,21551.283866200723,2,63
2023-12-27,21561.8,21565.1,21550.25,21559.7,14:30:00,21552.28540275304,2,64
2023-12-27,21579.4,21579.5,21559.55,21560.9,14:35:00,21554.867745347983,2,65
2023-12-27,21588.45,21590.2,21572.1,21579.35,14:40:00,21558.06605531484,2,66
2023-12-27,21596.25,21598.15,21581.2,21587.5,14:45:00,21561.70262147533,2,67
2023-12-27,21590.25,21596.35,21577.45,21596.35,14:50:00,21564.421419430066,2,68
2023-12-27,21583.2,21592.75,21577.0,21590.6,14:55:00,21566.209855674817,2,69
2023-12-27,21638.2,21643.05,21580.0,21580.7,15:00:00,21573.066059896264,2,70
2023-12-27,21661.55,21669.45,21637.35,21637.5,15:05:00,21581.493101810906,2,71
2023-12-27,21668.5,21673.55,21658.65,21661.3,15:10:00,21589.77947306701,2,72
2023-12-27,21664.3,21668.3,21659.2,21668.3,15:15:00,21596.876666108248,2,73
2023-12-27,21666.75,21669.1,21656.6,21664.0,15:20:00,21603.53126933604,2,74
2023-12-27,21648.95,21674.95,21648.65,21666.25,15:25:00,21607.8568627326,2,75
2023-12-28,21720.6,21728.35,21699.75,21718.65,09:15:00,21618.59430437712,3,1
2023-12-28,21740.2,21744.25,21718.45,21723.65,09:20:00,21630.175799198347,3,2
2023-12-28,21731.5,21741.25,21728.6,21739.5,09:25:00,21639.82572308422,3,3
2023-12-28,21729.7,21745.6,21716.5,21734.35,09:30:00,21648.38517802858,3,4
2023-12-28,21729.55,21737.1,21720.35,21733.0,09:35:00,21656.11516107348,3,5
2023-12-28,21741.95,21746.4,21719.5,21729.6,09:40:00,21664.28990763791,3,6
2023-12-28,21752.45,21758.35,21731.5,21742.45,09:45:00,21672.686106910493,3,7
2023-12-28,21747.6,21759.05,21743.3,21752.15,09:50:00,21679.820763395208,3,8
2023-12-28,21739.25,21749.45,21728.6,21747.55,09:55:00,21685.480690690903,3,9
2023-12-28,21702.6,21744.8,21699.85,21739.25,10:00:00,21687.11110110129,3,10
2023-12-28,21706.7,21707.15,21678.2,21700.75,10:05:00,21688.97671052022,3,11
2023-12-28,21697.4,21725.15,21684.3,21707.4,10:10:00,21689.77892856592,3,12
2023-12-28,21708.7,21712.9,21689.8,21697.5,10:15:00,21691.58093536916,3,13
2023-12-28,21705.25,21710.3,21684.9,21708.95,10:20:00,21692.882751048288,3,14
2023-12-28,21711.7,21716.95,21695.1,21706.2,10:25:00,21694.67486999607,3,15
2023-12-28,21708.55,21722.8,21701.45,21711.8,10:30:00,21695.996310948827,3,16
2023-12-28,21696.0,21709.5,21693.75,21709.35,10:35:00,21695.996662287034,3,17
2023-12-28,21700.5,21704.9,21686.05,21695.75,10:40:00,21696.42555159303,3,18
2023-12-28,21707.75,21711.65,21696.5,21700.75,10:45:00,21697.50407048893,3,19
2023-12-28,21693.3,21716.15,21693.3,21708.25,10:50:00,21697.10368282332,3,20
2023-12-28,21693.1,21701.8,21687.45,21693.75,10:55:00,21696.72237969729,3,21
2023-12-28,21694.7,21700.3,21689.5,21692.7,11:00:00,21696.529772107075,3,22
2023-12-28,21734.6,21745.9,21693.75,21695.3,11:05:00,21700.15550809688,3,23
2023-12-28,21727.7,21743.75,21727.6,21733.55,11:10:00,21702.77879304004,3,24
2023-12-28,21726.5,21734.1,21721.5,21727.75,11:15:00,21705.03795560765,3,25
2023-12-28,21727.35,21731.65,21717.55,21726.7,11:20:00,21707.162912216445,3,26
2023-12-28,21732.1,21735.3,21725.55,21727.05,11:25:00,21709.53787295773,3,27
2023-12-28,21735.9,21742.0,21728.85,21732.2,11:30:00,21712.048551723663,3,28
2023-12-28,21736.7,21745.5,21734.05,21735.75,11:35:00,21714.39630870236,3,29
2023-12-28,21730.9,21741.9,21729.0,21737.1,11:40:00,21715.968088825943,3,30
2023-12-28,21731.9,21737.2,21730.3,21730.7,11:45:00,21717.485413699666,3,31
2023-12-28,21732.4,21737.7,21727.05,21732.9,11:50:00,21718.905850490173,3,32
2023-12-28,21733.75,21735.8,21726.0,21732.7,11:55:00,21720.31957901492,3,33
2023-12-28,21735.1,21737.75,21727.0,21732.9,12:00:00,21721.72723815636,3,34
2023-12-28,21738.5,21742.3,21732.6,21733.95,12:05:00,21723.324644046224,3,35
2023-12-28,21728.65,21738.3,21722.65,21737.4,12:10:00,21723.831820803727,3,36
2023-12-28,21738.05,21739.95,21728.0,21729.45,12:15:00,21725.18593310813,3,37
2023-12-28,21749.2,21752.25,21736.45,21737.7,12:20:00,21727.47298709784,3,38
2023-12-28,21766.4,21768.0,21748.6,21750.25,12:25:00,21731.180321659944,3,39
2023-12-28,21762.5,21767.15,21757.0,21762.65,12:30:00,21734.16314816852,3,40
2023-12-28,21764.6,21764.6,21753.05,21762.2,12:35:00,21737.061895962,3,41
2023-12-28,21765.0,21766.15,21757.5,21762.2,12:40:00,21739.72266777513,3,42
2023-12-28,21764.45,21770.7,21761.5,21764.7,12:45:00,21742.07765179655,3,43
2023-12-28,21754.3,21765.55,21744.9,21764.45,12:50:00,21743.241684958783,3,44
2023-12-28,21752.25,21762.2,21751.2,21752.9,12:55:00,21744.099619724613,3,45
2023-12-28,21756.45,21759.95,21747.3,21753.55,13:00:00,21745.275846417506,3,46
2023-12-28,21760.85,21764.45,21753.35,21755.3,13:05:00,21746.75909913965,3,47
2023-12-28,21767.3,21775.1,21756.7,21760.5,13:10:00,21748.715375412063,3,48
2023-12-28,21762.5,21769.65,21756.0,21766.55,13:15:00,21750.028196801388,3,49
2023-12-28,21756.0,21763.7,21752.35,21760.6,13:20:00,21750.59693996316,3,50
2023-12-28,21756.55,21758.6,21738.15,21754.65,13:25:00,21751.163898061903,3,51
2023-12-28,21751.15,21757.45,21744.95,21755.9,13:30:00,21751.162574436963,3,52
2023-12-28,21752.7,21752.7,21739.65,21750.4,13:35:00,21751.30899591916,3,53
2023-12-28,21753.05,21760.95,21747.35,21752.15,13:40:00,21751.47480583161,3,54
2023-12-28,21753.95,21753.95,21741.85,21752.5,13:45:00,21751.71053860956,3,55
2023-12-28,21754.6,21758.2,21747.75,21753.45,13:50:00,21751.98572540865,3,56
2023-12-28,21750.9,21756.1,21740.85,21755.35,13:55:00,21751.88232298877,3,57
2023-12-28,21767.45,21772.6,21750.45,21750.45,14:00:00,21753.364958894606,3,58
2023-12-28,21764.25,21769.5,21757.75,21768.7,14:05:00,21754.40162947608,3,59
2023-12-28,21751.25,21763.5,21748.45,21762.65,14:10:00,21754.10147428788,3,60
2023-12-28,21742.6,21756.5,21740.0,21749.3,14:15:00,21753.00609578427,3,61
2023-12-28,21751.2,21758.0,21740.05,21741.65,14:20:00,21752.83408666196,3,62
2023-12-28,21752.6,21766.2,21749.85,21751.2,14:25:00,21752.811792694152,3,63
2023-12-28,21753.5,21760.05,21746.05,21752.2,14:30:00,21752.87733624709,3,64
2023-12-28,21750.7,21758.3,21744.65,21755.4,14:35:00,21752.669970890223,3,65
2023-12-28,21754.75,21755.7,21741.85,21747.95,14:40:00,21752.86806890068,3,66
2023-12-28,21745.8,21755.4,21730.25,21750.15,14:45:00,21752.194919481568,3,67
2023-12-28,21746.6,21748.1,21739.05,21744.6,14:50:00,21751.662070007133,3,68
2023-12-28,21764.8,21767.85,21746.5,21746.8,14:55:00,21752.913301435023,3,69
2023-12-28,21774.55,21776.45,21751.7,21763.0,15:00:00,21754.973939393592,3,70
2023-12-28,21777.35,21784.25,21769.9,21773.5,15:05:00,21757.10499278468,3,71
2023-12-28,21781.3,21782.2,21766.0,21778.75,15:10:00,21759.40927918614,3,72
2023-12-28,21777.75,21782.25,21769.8,21780.7,15:15:00,21761.156014501747,3,73
2023-12-28,21786.6,21793.9,21774.35,21777.25,15:20:00,21763.579251215862,3,74
2023-12-28,21773.7,21798.6,21769.6,21787.35,15:25:00,21764.54313205245,3,75
2023-12-29,21716.2,21770.3,21703.9,21754.0,09:15:00,21759.93902423793,4,1
2023-12-29,21712.55,21726.85,21708.15,21714.2,09:20:00,21755.42578383432,4,2
2023-12-29,21732.35,21733.6,21709.85,21712.95,09:25:00,21753.228090135814,4,3
2023-12-29,21759.5,21762.05,21727.2,21732.4,09:30:00,21753.82541488478,4,4
2023-12-29,21743.3,21762.4,21739.55,21758.7,09:35:00,21752.822994419563,4,5
2023-12-29,21732.2,21744.65,21728.75,21744.65,09:40:00,21750.858899712937,4,6
2023-12-29,21735.85,21739.75,21727.25,21732.55,09:45:00,21749.42948069265,4,7
2023-12-29,21743.8,21747.25,21730.8,21734.45,09:50:00,21748.893339674305,4,8
2023-12-29,21724.15,21744.15,21722.4,21744.15,09:55:00,21746.536831133897,4,9
2023-12-29,21737.6,21744.05,21722.5,21724.15,10:00:00,21745.68570435924,4,10
2023-12-29,21703.45,21737.05,21699.0,21737.05,10:05:00,21741.663256325028,4,11
2023-12-29,21683.3,21705.65,21682.85,21702.7,10:10:00,21736.10485096074,4,12
2023-12-29,21698.5,21699.95,21683.0,21685.9,10:15:00,21732.523436583524,4,13
2023-12-29,21712.25,21716.35,21692.1,21698.55,10:20:00,21730.59263309938,4,14
2023-12-29,21712.1,21716.3,21705.7,21711.4,10:25:00,21728.83142994705,4,15
2023-12-29,21719.85,21725.55,21708.8,21711.5,10:30:00,21727.976055666382,4,16
2023-12-29,21719.6,21727.4,21712.75,21718.55,10:35:00,21727.17833607911,4,17
2023-12-29,21714.4,21722.8,21712.95,21721.05,10:40:00,21725.96135169062,4,18
2023-12-29,21722.55,21730.35,21714.15,21714.15,10:45:00,21725.63646105342,4,19
2023-12-29,21708.0,21728.15,21703.75,21722.7,10:50:00,21723.95679809595,4,20
2023-12-29,21710.65,21713.6,21704.7,21708.6,10:55:00,21722.689483991577,4,21
2023-12-29,21710.1,21716.05,21705.65,21710.85,11:00:00,21721.490485516188,4,22
2023-12-29,21712.6,21716.7,21707.85,21710.3,11:05:00,21720.64377260988,4,23
2023-12-29,21720.05,21721.7,21712.45,21714.95,11:10:00,21720.587222837512,4,24
2023-12-29,21732.2,21732.45,21717.6,21718.85,11:15:00,21721.693201614893,4,25
2023-12-29,21733.85,21735.7,21726.55,21732.2,11:20:00,21722.85099193728,4,26
2023-12-29,21730.5,21735.75,21728.7,21734.85,11:25:00,21723.57946889564,4,27
2023-12-29,21737.8,21739.75,21726.6,21730.5,11:30:00,21724.93380519129,4,28
2023-12-29,21742.35,21745.65,21737.2,21738.3,11:35:00,21726.592490411167,4,29
2023-12-29,21732.95,21741.55,21730.95,21741.55,11:40:00,21727.197967514865,4,30
2023-12-29,21735.2,21736.15,21729.45,21731.9,11:45:00,21727.960065846783,4,31
2023-12-29,21739.6,21739.85,21731.4,21734.65,11:50:00,21729.06863100424,4,32
2023-12-29,21747.3,21750.75,21737.75,21739.1,11:55:00,21730.804951860973,4,33
2023-12-29,21746.65,21749.55,21738.05,21747.0,12:00:00,21732.31400406469,4,34
2023-12-29,21745.55,21748.25,21739.3,21745.85,12:05:00,21733.574575106148,4,35
2023-12-29,21737.9,21746.5,21734.45,21745.2,12:10:00,21733.98652033413,4,36
2023-12-29,21745.2,21746.1,21736.75,21736.95,12:15:00,21735.0544707785,4,37
2023-12-29,21749.7,21752.2,21741.55,21743.75,12:20:00,21736.449283085312,4,38
2023-12-29,21736.2,21750.05,21735.25,21749.05,12:25:00,21736.42554183909,4,39
2023-12-29,21731.65,21735.7,21723.45,21735.25,12:30:00,21735.970728330605,4,40
2023-12-29,21720.2,21734.9,21717.7,21731.75,12:35:00,21734.46875420388,4,41
2023-12-29,21712.0,21722.85,21708.65,21719.8,12:40:00,21732.32887285113,4,42
2023-12-29,21722.5,21722.5,21708.55,21712.1,12:45:00,21731.39278972245,4,43
2023-12-29,21717.8,21722.45,21707.45,21720.35,12:50:00,21730.098238320308,4,44
2023-12-29,21711.3,21718.9,21708.55,21717.1,12:55:00,21728.30792990885,4,45
2023-12-29,21732.5,21732.55,21708.95,21708.95,13:00:00,21728.707174679435,4,46
2023-12-29,21737.3,21739.9,21732.3,21732.65,13:05:00,21729.52553899568,4,47
2023-12-29,21738.75,21742.05,21731.05,21735.95,13:10:00,21730.40405909133,4,48
2023-12-29,21731.35,21743.5,21729.3,21738.1,13:15:00,21730.49414870168,4,49
2023-12-29,21732.95,21736.2,21725.45,21730.05,13:20:00,21730.72803930152,4,50
2023-12-29,21717.6,21735.15,21716.65,21731.95,13:25:00,21729.477749844227,4,51
2023-12-29,21720.4,21726.65,21712.4,21716.65,13:30:00,21728.61320224001,4,52
2023-12-29,21712.4,21726.05,21708.0,21719.5,13:35:00,21727.06908774096,4,53
2023-12-29,21722.95,21725.1,21706.6,21710.4,13:40:00,21726.67679367039,4,54
2023-12-29,21723.15,21728.6,21716.65,21722.2,13:45:00,21726.340908558923,4,55
2023-12-29,21718.7,21727.1,21717.65,21722.7,13:50:00,21725.613202981884,4,56
2023-12-29,21716.9,21722.8,21713.35,21718.4,13:55:00,21724.783374126466,4,57
2023-12-29,21726.4,21728.9,21715.1,21716.25,14:00:00,21724.937338495376,4,58
2023-12-29,21710.35,21728.6,21709.6,21724.95,14:05:00,21723.548068162483,4,59
2023-12-29,21692.2,21713.5,21690.15,21710.2,14:10:00,21720.562537861297,4,60
2023-12-29,21692.7,21697.5,21686.05,21692.9,14:15:00,21717.90896282689,4,61
2023-12-29,21677.3,21699.95,21677.3,21693.0,14:20:00,21714.04144255766,4,62
2023-12-29,21691.25,21697.55,21679.7,21681.7,14:25:00,21711.87082898074,4,63
2023-12-29,21707.5,21708.2,21688.75,21690.15,14:30:00,21711.454559554004,4,64
2023-12-29,21711.5,21718.5,21706.3,21707.85,14:35:00,21711.45888721553,4,65
2023-12-29,21705.65,21717.8,21702.9,21711.25,14:40:00,21710.90565986167,4,66
2023-12-29,21714.5,21718.45,21704.35,21705.65,14:45:00,21711.24797797008,4,67
2023-12-29,21720.2,21727.3,21709.25,21714.4,14:50:00,21712.10055149674,4,68
2023-12-29,21732.85,21737.8,21720.4,21720.4,14:55:00,21714.07668944943,4,69
2023-12-29,21739.1,21758.5,21731.25,21731.25,15:00:00,21716.459861882817,4,70
2023-12-29,21736.0,21747.2,21727.9,21738.75,15:05:00,21718.320827417785,4,71
2023-12-29,21716.3,21739.2,21714.0,21734.6,15:10:00,21718.12836766371,4,72
2023-12-29,21723.3,21733.8,21716.75,21716.75,15:15:00,21718.62090407669,4,73
2023-12-29,21723.65,21726.1,21711.3,21724.15,15:20:00,21719.0998655932,4,74
2023-12-29,21728.3,21739.35,21722.5,21723.35,15:25:00,21719.97606887004,4,75
2024-01-01,21693.75,21737.35,21693.55,21732.15,09:15:00,21717.478348025263,0,1
2024-01-01,21695.65,21701.05,21684.75,21693.9,09:20:00,21715.399457737145,0,2
2024-01-01,21700.8,21704.1,21693.2,21697.3,09:25:00,21714.009033190752,0,3
2024-01-01,21703.05,21705.8,21684.05,21700.15,09:30:00,21712.96531574401,0,4
2024-01-01,21689.7,21711.9,21689.7,21702.2,09:35:00,21710.749571387445,0,5
2024-01-01,21706.05,21708.45,21685.75,21688.0,09:40:00,21710.30199316007,0,6
2024-01-01,21720.45,21720.7,21703.3,21705.4,09:45:00,21711.268470001967,0,7
2024-01-01,21731.45,21737.65,21717.65,21719.35,09:50:00,21713.19052047797,0,8
2024-01-01,21726.3,21732.85,21720.1,21731.95,09:55:00,21714.439042337213,0,9
2024-01-01,21723.0,21732.25,21721.5,21726.6,10:00:00,21715.254371638428,0,10
2024-01-01,21714.55,21727.1,21709.05,21723.5,10:05:00,21715.18728862524,0,11
2024-01-01,21709.65,21714.65,21702.85,21714.65,10:10:00,21714.65992780379,0,12
2024-01-01,21712.25,21719.6,21704.9,21709.6,10:15:00,21714.430410870096,0,13
2024-01-01,21697.65,21716.65,21695.3,21713.1,10:20:00,21712.83227650152,0,14
2024-01-01,21712.5,21714.0,21697.15,21697.15,10:25:00,21712.80063112042,0,15
2024-01-01,21718.5,21719.05,21708.35,21711.4,10:30:00,21713.34342815657,0,16
2024-01-01,21723.75,21723.8,21712.85,21718.75,10:35:00,21714.33453023689,0,17
2024-01-01,21726.75,21730.95,21721.2,21724.15,10:40:00,21715.516955928622,0,18
2024-01-01,21737.8,21738.75,21723.5,21728.45,10:45:00,21717.63915060209,0,19
2024-01-01,21736.95,21741.9,21732.2,21738.3,10:50:00,21719.47827911617,0,20
2024-01-01,21736.15,21739.75,21733.15,21737.2,10:55:00,21721.066062057493,0,21
2024-01-01,21729.55,21742.5,21725.7,21736.75,11:00:00,21721.87405614725,0,22
2024-01-01,21737.3,21739.65,21727.85,21729.4,11:05:00,21723.34319365704,0,23
2024-01-01,21741.25,21742.2,21732.25,21737.15,11:10:00,21725.04860378494,0,24
2024-01-01,21742.1,21746.65,21731.6,21740.95,11:15:00,21726.67254628161,0,25
2024-01-01,21737.55,21745.05,21734.45,21742.05,11:20:00,21727.708494254795,0,26
2024-01-01,21745.85,21746.7,21736.85,21737.5,11:25:00,21729.43625670672,0,27
2024-01-01,21735.55,21748.25,21735.0,21747.05,11:30:00,21730.018517972745,0,28
2024-01-01,21734.15,21737.75,21728.8,21735.3,11:35:00,21730.411992451533,0,29
2024-01-01,21731.25,21740.8,21729.5,21732.45,11:40:00,21730.491802694247,0,30
2024-01-01,21729.8,21732.85,21727.3,21731.1,11:45:00,21730.425916723365,0,31
2024-01-01,21736.55,21740.8,21728.3,21729.75,11:50:00,21731.00916274971,0,32
2024-01-01,21732.7,21737.9,21730.3,21737.45,11:55:00,21731.170194868784,0,33
2024-01-01,21723.95,21734.45,21720.85,21733.05,12:00:00,21730.48255726224,0,34
2024-01-01,21728.8,21730.05,21719.5,21723.15,12:05:00,21730.32231371345,0,35
2024-01-01,21742.5,21743.85,21728.35,21729.0,12:10:00,21731.48209335979,0,36
2024-01-01,21727.15,21746.0,21726.9,21741.15,12:15:00,21731.069513039813,0,37
2024-01-01,21720.6,21728.5,21719.05,21727.95,12:20:00,21730.07241655983,0,38
2024-01-01,21717.15,21723.05,21716.1,21720.35,12:25:00,21728.8417102208,0,39
2024-01-01,21725.95,21726.85,21711.3,21717.75,12:30:00,21728.566309247384,0,40
2024-01-01,21730.4,21732.7,21723.75,21726.6,12:35:00,21728.74094646192,0,41
2024-01-01,21735.2,21735.65,21729.1,21730.45,12:40:00,21729.356094417926,0,42
2024-01-01,21746.7,21748.5,21732.55,21735.55,12:45:00,21731.00789494955,0,43
2024-01-01,21746.8,21750.5,21739.65,21746.55,12:50:00,21732.51190495436,0,44
2024-01-01,21741.35,21747.4,21737.5,21746.25,12:55:00,21733.35362829204,0,45
2024-01-01,21741.7,21745.95,21737.1,21741.75,13:00:00,21734.148520835653,0,46
2024-01-01,21738.9,21745.5,21736.9,21742.05,13:05:00,21734.601042660823,0,47
2024-01-01,21737.95,21741.1,21733.3,21739.45,13:10:00,21734.919990978844,0,48
2024-01-01,21740.0,21745.4,21736.75,21737.75,13:15:00,21735.40380136181,0,49
2024-01-01,21739.2,21743.95,21737.75,21739.45,13:20:00,21735.76534408926,0,50
2024-01-01,21751.95,21753.0,21738.65,21739.15,13:25:00,21737.30673989029,0,51
2024-01-01,21746.25,21755.5,21744.5,21752.5,13:30:00,21738.15847894836,0,52
2024-01-01,21746.85,21750.9,21744.35,21746.7,13:35:00,21738.98624285803,0,53
2024-01-01,21742.7,21750.55,21741.2,21746.45,13:40:00,21739.33993401441,0,54
2024-01-01,21754.8,21755.7,21742.55,21744.15,13:45:00,21740.81232125113,0,55
2024-01-01,21755.15,21762.55,21749.8,21756.15,13:50:00,21742.177814465314,0,56
2024-01-01,21764.85,21769.95,21750.75,21754.4,13:55:00,21744.33707023052,0,57
2024-01-01,21779.45,21783.8,21763.9,21763.9,14:00:00,21747.68115878,0,58
2024-01-01,21779.7,21788.8,21775.45,21778.9,14:05:00,21750.73057222952,0,59
2024-01-01,21792.65,21793.7,21775.4,21780.15,14:10:00,21754.722898683853,0,60
2024-01-01,21792.0,21800.95,21788.75,21792.2,14:15:00,21758.2730988092,0,61
2024-01-01,21792.2,21798.55,21786.0,21793.45,14:20:00,21761.504232255946,0,62
2024-01-01,21794.25,21796.7,21785.75,21791.75,14:25:00,21764.622876803,0,63
2024-01-01,21795.2,21800.1,21789.9,21794.0,14:30:00,21767.53498377414,0,64
2024-01-01,21788.85,21800.3,21787.5,21794.8,14:35:00,21769.564985319463,0,65
2024-01-01,21817.3,21818.95,21788.15,21788.2,14:40:00,21774.1111771938,0,66
2024-01-01,21826.7,21827.05,21811.0,21816.3,14:45:00,21779.11963650868,0,67
2024-01-01,21819.9,21832.4,21819.9,21827.05,14:50:00,21783.003480650703,0,68
2024-01-01,21822.85,21824.1,21817.2,21820.0,14:55:00,21786.7983872554,0,69
2024-01-01,21801.75,21831.35,21797.75,21823.05,15:00:00,21788.222350373933,0,70
2024-01-01,21755.55,21803.8,21754.15,21803.0,15:05:00,21785.11069795737,0,71
2024-01-01,21725.3,21757.45,21719.9,21754.4,15:10:00,21779.41444100905,0,72
2024-01-01,21724.85,21736.25,21720.55,21725.95,15:15:00,21774.21782757961,0,73
2024-01-01,21684.9,21726.5,21682.75,21725.3,15:20:00,21765.711367810127,0,74
2024-01-01,21689.45,21692.0,21682.8,21684.05,15:25:00,21758.44838039964,0,75
2024-01-02,21722.95,21752.45,21702.95,21751.35,09:15:00,21754.45593044052,1,1
2024-01-02,21705.4,21726.6,21705.4,21722.45,09:20:00,21749.78393706524,1,2
2024-01-02,21731.9,21733.2,21699.6,21705.9,09:25:00,21748.080704963784,1,3
2024-01-02,21721.4,21733.25,21713.2,21730.7,09:30:00,21745.539685443426,1,4
2024-01-02,21735.0,21735.15,21712.25,21721.3,09:35:00,21744.535905877387,1,5
2024-01-02,21736.9,21743.8,21731.25,21734.3,09:40:00,21743.80867674621,1,6
2024-01-02,21735.85,21739.45,21726.95,21738.4,09:45:00,21743.05070753228,1,7
2024-01-02,21712.0,21737.15,21712.0,21737.15,09:50:00,21740.09349729112,1,8
2024-01-02,21636.8,21713.15,21629.8,21711.9,09:55:00,21730.256021358626,1,9
2024-01-02,21650.9,21660.2,21627.4,21636.05,10:00:00,21722.69830503876,1,10
2024-01-02,21663.95,21676.55,21651.85,21651.85,10:05:00,21717.1032283684,1,11
2024-01-02,21661.75,21666.75,21646.85,21663.65,10:10:00,21711.83149233332,1,12
2024-01-02,21657.25,21668.75,21652.85,21660.9,10:15:00,21706.63325496824,1,13
2024-01-02,21626.0,21662.2,21626.0,21656.65,10:20:00,21698.95389735221,1,14
2024-01-02,21608.65,21625.95,21608.45,21625.4,10:25:00,21690.35352617581,1,15
2024-01-02,21609.3,21631.95,21606.1,21609.45,10:30:00,21682.63414273049,1,16
2024-01-02,21568.6,21609.0,21567.85,21608.4,10:35:00,21671.773748184736,1,17
2024-01-02,21590.1,21594.95,21557.5,21567.35,10:40:00,21663.995295976667,1,18
2024-01-02,21609.85,21610.75,21582.0,21590.95,10:45:00,21658.838601121744,1,19
2024-01-02,21613.0,21615.25,21596.6,21610.35,10:50:00,21654.473020062527,1,20
2024-01-02,21615.95,21621.1,21596.5,21613.3,10:55:00,21650.80416100896,1,21
2024-01-02,21605.75,21620.5,21602.05,21616.3,11:00:00,21646.51328853191,1,22
2024-01-02,21598.85,21607.15,21590.6,21607.15,11:05:00,21641.973927719348,1,23
2024-01-02,21588.4,21598.8,21584.85,21598.8,11:10:00,21636.871648888933,1,24
2024-01-02,21581.45,21587.8,21571.95,21587.55,11:15:00,21631.5933966138,1,25
2024-01-02,21602.65,21606.0,21580.0,21581.15,11:20:00,21628.83688265058,1,26
2024-01-02,21599.35,21606.5,21593.8,21603.4,11:25:00,21626.02860811243,1,27
2024-01-02,21591.4,21603.45,21587.0,21600.0,11:30:00,21622.73064543505,1,28
2024-01-02,21608.3,21613.45,21581.05,21591.25,11:35:00,21621.356298250765,1,29
2024-01-02,21597.7,21612.55,21581.65,21608.7,11:40:00,21619.10331746498,1,30
2024-01-02,21588.35,21598.25,21588.35,21598.25,11:45:00,21616.17443008736,1,31
2024-01-02,21604.6,21606.15,21586.5,21588.8,11:50:00,21615.07210341237,1,32
2024-01-02,21602.6,21605.55,21596.8,21605.45,11:55:00,21613.88428403977,1,33
2024-01-02,21603.05,21613.5,21602.0,21602.0,12:00:00,21612.85244746456,1,34
2024-01-02,21614.9,21616.15,21600.25,21602.9,12:05:00,21613.04745246793,1,35
2024-01-02,21612.4,21620.45,21609.8,21614.95,12:10:00,21612.985790328126,1,36
2024-01-02,21639.2,21642.6,21613.5,21613.7,12:15:00,21615.48238172545,1,37
2024-01-02,21634.3,21640.7,21624.7,21639.05,12:20:00,21617.27453584684,1,38
2024-01-02,21627.35,21635.8,21627.35,21633.25,12:25:00,21618.234103861425,1,39
2024-01-02,21641.4,21642.25,21626.8,21627.4,12:30:00,21620.440379684147,1,40
2024-01-02,21641.65,21648.7,21638.35,21641.7,12:35:00,21622.46034352375,1,41
2024-01-02,21640.6,21649.05,21637.1,21641.45,12:40:00,21624.187929854823,1,42
2024-01-02,21632.0,21644.0,21631.4,21641.05,12:45:00,21624.93193653532,1,43
2024-01-02,21637.95,21641.1,21627.9,21632.2,12:50:00,21626.171752103382,1,44
2024-01-02,21627.75,21640.6,21621.3,21638.25,12:55:00,21626.32206142687,1,45
2024-01-02,21609.1,21628.6,21601.7,21627.35,13:00:00,21624.6818651005,1,46
2024-01-02,21618.3,21629.3,21607.95,21607.95,13:05:00,21624.074068424263,1,47
2024-01-02,21613.9,21625.65,21612.6,21618.05,13:10:00,21623.10510952672,1,48
2024-01-02,21618.75,21625.45,21613.4,21613.95,13:15:00,21622.69033719084,1,49
2024-01-02,21621.75,21622.35,21611.15,21618.65,13:20:00,21622.6007812679,1,50
2024-01-02,21621.8,21626.8,21614.9,21622.35,13:25:00,21622.524516385245,1,51
2024-01-02,21637.8,21638.8,21621.4,21622.35,13:30:00,21623.979324348555,1,52
2024-01-02,21631.6,21641.8,21629.0,21637.25,13:35:00,21624.70510298203,1,53
2024-01-02,21632.7,21642.4,21629.3,21631.5,13:40:00,21625.46652174565,1,54
2024-01-02,21633.4,21635.65,21627.75,21631.8,13:45:00,21626.2220911032,1,55
2024-01-02,21635.0,21639.1,21625.25,21631.9,13:50:00,21627.058082426705,1,56
2024-01-02,21628.5,21634.9,21625.95,21634.05,13:55:00,21627.19540790988,1,57
2024-01-02,21629.95,21636.7,21624.55,21627.8,14:00:00,21627.4577500137,1,58
2024-01-02,21643.85,21644.05,21628.65,21629.75,14:05:00,21629.01891667906,1,59
2024-01-02,21662.35,21668.35,21645.2,21645.2,14:10:00,21632.193305566765,1,60
2024-01-02,21638.8,21663.35,21633.0,21662.6,14:15:00,21632.822514560405,1,61
2024-01-02,21648.5,21653.55,21638.5,21638.5,14:20:00,21634.315608411795,1,62
2024-01-02,21651.75,21652.2,21642.8,21648.55,14:25:00,21635.97602665829,1,63
2024-01-02,21662.4,21662.85,21651.3,21651.3,14:30:00,21638.49259554797,1,64
2024-01-02,21681.1,21681.5,21655.95,21661.85,14:35:00,21642.550443591022,1,65
2024-01-02,21670.3,21687.55,21668.1,21680.55,14:40:00,21645.19325848712,1,66
2024-01-02,21676.05,21685.45,21669.1,21670.1,14:45:00,21648.131995774056,1,67
2024-01-02,21659.55,21679.2,21659.25,21676.15,14:50:00,21649.21942474796,1,68
2024-01-02,21661.3,21669.95,21658.45,21660.35,14:55:00,21650.36995572434,1,69
2024-01-02,21688.95,21690.75,21657.2,21657.2,15:00:00,21654.04424565536,1,70
2024-01-02,21653.05,21692.7,21647.05,21690.2,15:05:00,21653.949555592942,1,71
2024-01-02,21661.05,21662.1,21642.8,21652.75,15:10:00,21654.625788393616,1,72
2024-01-02,21664.8,21672.55,21658.9,21661.55,15:15:00,21655.59476092756,1,73
2024-01-02,21665.35,21673.6,21663.4,21665.35,15:20:00,21656.523831315408,1,74
2024-01-02,21661.5,21667.85,21657.0,21667.3,15:25:00,21656.99775214252,1,75
2024-01-03,21617.05,21672.15,21597.25,21661.1,09:15:00,21653.546685994213,2,1
2024-01-03,21611.6,21625.95,21604.8,21617.05,09:20:00,21649.55176351857,2,2
2024-01-03,21624.35,21633.2,21611.6,21612.6,09:25:00,21647.151595564424,2,3
2024-01-03,21611.2,21630.1,21609.95,21624.65,09:30:00,21643.7276340821,2,4
2024-01-03,21584.35,21615.75,21578.6,21609.55,09:35:00,21638.07262131237,2,5
2024-01-03,21561.05,21586.15,21560.0,21584.95,09:40:00,21630.737133568346,2,6
2024-01-03,21574.55,21575.3,21556.95,21559.65,09:45:00,21625.385977990405,2,7
2024-01-03,21583.3,21589.55,21568.1,21572.85,09:50:00,21621.377789610367,2,8
2024-01-03,21588.25,21595.65,21577.15,21583.3,09:55:00,21618.22276202843,2,9
2024-01-03,21584.4,21596.8,21566.45,21589.2,10:00:00,21615.001546597152,2,10
2024-01-03,21585.85,21589.7,21564.85,21585.15,10:05:00,21612.225208826,2,11
2024-01-03,21586.4,21594.1,21581.4,21586.45,10:10:00,21609.76566512828,2,12
2024-01-03,21563.05,21589.0,21561.35,21585.8,10:15:00,21605.316554163684,2,13
2024-01-03,21548.25,21560.95,21539.45,21560.95,10:20:00,21599.88164424333,2,14
2024-01-03,21561.55,21574.9,21549.55,21549.55,10:25:00,21596.23101145825,2,15
2024-01-03,21575.5,21576.2,21560.65,21561.05,10:30:00,21594.25662941461,2,16
2024-01-03,21579.05,21589.45,21571.05,21577.3,10:35:00,21592.808378994167,2,17
2024-01-03,21562.7,21581.4,21556.0,21578.0,10:40:00,21589.940914328054,2,18
2024-01-03,21558.5,21564.65,21549.95,21561.45,10:45:00,21586.946541534908,2,19
2024-01-03,21563.05,21564.5,21549.45,21558.15,10:50:00,21584.670680436346,2,20
2024-01-03,21563.25,21574.0,21562.45,21562.45,10:55:00,21582.63061563288,2,21
2024-01-03,21566.1,21570.15,21556.55,21563.7,11:00:00,21581.05627128689,2,22
2024-01-03,21567.45,21574.75,21562.4,21565.95,11:05:00,21579.76043592624,2,23
2024-01-03,21567.55,21571.35,21560.0,21567.75,11:10:00,21578.5975372666,2,24
2024-01-03,21575.35,21575.85,21560.15,21567.95,11:15:00,21578.28824800311,2,25
2024-01-03,21572.95,21580.3,21570.8,21573.8,11:20:00,21577.779843431385,2,26
2024-01-03,21562.8,21577.05,21562.1,21573.8,11:25:00,21576.35319167601,2,27
2024-01-03,21557.75,21565.75,21548.15,21562.75,11:30:00,21574.581459135443,2,28
2024-01-03,21563.25,21566.0,21554.75,21558.55,11:35:00,21573.502272551115,2,29
2024-01-03,21574.15,21575.25,21562.5,21563.95,11:40:00,21573.563960879583,2,30
2024-01-03,21586.0,21588.6,21573.8,21574.75,11:45:00,21574.74834555772,2,31
2024-01-03,21582.15,21591.45,21582.05,21587.05,11:50:00,21575.453265028413,2,32
2024-01-03,21574.5,21583.3,21570.35,21582.95,11:55:00,21575.36247788285,2,33
2024-01-03,21572.4,21583.0,21569.95,21575.25,12:00:00,21575.0803371321,2,34
2024-01-03,21560.95,21576.35,21557.0,21573.1,12:05:00,21573.734590738568,2,35
2024-01-03,21569.15,21570.0,21558.55,21561.65,12:10:00,21573.297963049183,2,36
2024-01-03,21572.95,21576.5,21562.25,21570.3,12:15:00,21573.264823711164,2,37
2024-01-03,21528.45,21574.1,21528.15,21572.8,12:20:00,21568.99674526248,2,38
2024-01-03,21533.25,21536.7,21521.3,21529.15,12:25:00,21565.59229333272,2,39
2024-01-03,21533.95,21540.05,21521.5,21533.8,12:30:00,21562.578741586745,2,40
2024-01-03,21541.25,21544.7,21530.7,21534.95,12:35:00,21560.5474328642,2,41
2024-01-03,21547.7,21550.6,21537.2,21541.7,12:40:00,21559.32386782952,2,42
2024-01-03,21546.35,21548.05,21539.7,21548.05,12:45:00,21558.08826136956,2,43
2024-01-03,21557.15,21558.8,21542.3,21546.8,12:50:00,21557.998903143885,2,44
2024-01-03,21562.0,21563.9,21554.6,21558.05,12:55:00,21558.379959987324,2,45
2024-01-03,21572.1,21572.85,21560.25,21563.45,13:00:00,21559.686630464723,2,46
2024-01-03,21565.65,21573.85,21563.85,21571.5,13:05:00,21560.25457042046,2,47
2024-01-03,21571.7,21573.65,21563.15,21566.5,13:10:00,21561.3446113328,2,48
2024-01-03,21568.3,21580.05,21566.8,21572.3,13:15:00,21562.0070293011,2,49
2024-01-03,21573.2,21574.55,21565.8,21568.5,13:20:00,21563.07302651052,2,50
2024-01-03,21572.15,21577.6,21568.25,21574.15,13:25:00,21563.937500176184,2,51
2024-01-03,21567.6,21575.95,21556.65,21572.65,13:30:00,21564.28630968321,2,52
2024-01-03,21579.5,21581.25,21565.25,21568.35,13:35:00,21565.735232570525,2,53
2024-01-03,21571.55,21583.15,21571.5,21580.1,13:40:00,21566.28901994476,2,54
2024-01-03,21576.0,21577.6,21562.0,21572.7,13:45:00,21567.21387518812,2,55
2024-01-03,21572.05,21578.45,21568.1,21576.35,13:50:00,21567.67445850353,2,56
2024-01-03,21566.55,21574.55,21561.0,21572.35,13:55:00,21567.567367217485,2,57
2024-01-03,21578.1,21578.5,21567.3,21567.5,14:00:00,21568.570475101533,2,58
2024-01-03,21581.5,21584.4,21576.3,21579.0,14:05:00,21569.8018584252,2,59
2024-01-03,21572.05,21582.65,21571.5,21582.35,14:10:00,21570.01596714661,2,60
2024-01-03,21557.2,21572.15,21554.5,21571.85,14:15:00,21568.79539884693,2,61
2024-01-03,21560.85,21567.05,21549.25,21556.85,14:20:00,21568.03869419484,2,62
2024-01-03,21555.05,21563.05,21550.85,21560.05,14:25:00,21566.80167570009,2,63
2024-01-03,21548.5,21560.4,21547.55,21555.4,14:30:00,21565.058658966755,2,64
2024-01-03,21535.6,21549.4,21531.75,21549.4,14:35:00,21562.253072398493,2,65
2024-01-03,21542.95,21550.15,21530.45,21537.55,14:40:00,21560.41468455102,2,66
2024-01-03,21541.9,21553.2,21539.1,21542.9,14:45:00,21558.651381260446,2,67
2024-01-03,21566.15,21567.15,21540.7,21543.2,14:50:00,21559.36553542612,2,68
2024-01-03,21559.5,21567.25,21555.25,21565.8,14:55:00,21559.37834157601,2,69
2024-01-03,21531.4,21564.05,21528.55,21561.9,15:00:00,21556.7137376164,2,70
2024-01-03,21517.5,21532.65,21509.95,21532.15,15:05:00,21552.979095938645,2,71
2024-01-03,21515.1,21524.8,21512.0,21519.35,15:10:00,21549.371562992103,2,72
2024-01-03,21512.75,21517.25,21501.5,21515.85,15:15:00,21545.88379508809,2,73
2024-01-03,21515.5,21520.1,21506.45,21512.25,15:20:00,21542.9901003178,2,74
2024-01-03,21523.7,21528.3,21513.9,21514.75,15:25:00,21541.15294790658,2,75
2024-01-04,21600.4,21611.9,21569.25,21605.8,09:15:00,21552.366018581124,3,1
2024-01-04,21609.65,21615.05,21602.55,21602.55,09:20:00,21557.82163585912,3,2
2024-01-04,21619.65,21623.45,21605.85,21610.15,09:25:00,21563.710051491576,3,3
2024-01-04,21598.95,21624.3,21598.5,21618.6,09:30:00,21567.06623706381,3,4
2024-01-04,21610.9,21621.25,21596.15,21599.35,09:35:00,21571.240881152968,3,5
2024-01-04,21611.55,21612.45,21604.5,21611.75,09:40:00,21575.079844852684,3,6
2024-01-04,21602.35,21617.05,21597.75,21610.95,09:45:00,21577.67700248576,3,7
2024-01-04,21603.35,21613.25,21591.75,21603.25,09:50:00,21580.12204986807,3,8
2024-01-04,21602.25,21612.25,21598.95,21602.8,09:55:00,21582.22947369016,3,9
2024-01-04,21618.1,21618.8,21601.8,21601.8,10:00:00,21585.64571429109,3,10
2024-01-04,21617.3,21622.65,21612.65,21619.35,10:05:00,21588.66040816813,3,11
2024-01-04,21631.5,21633.65,21614.9,21618.4,10:10:00,21592.740369294974,3,12
2024-01-04,21639.75,21643.3,21631.25,21631.3,10:15:00,21597.217476981168,3,13
2024-01-04,21633.8,21649.05,21632.25,21640.25,10:20:00,21600.701526792483,3,14
2024-01-04,21636.6,21636.65,21628.5,21634.35,10:25:00,21604.120429002724,3,15
2024-01-04,21639.0,21640.15,21633.95,21637.0,10:30:00,21607.442292907224,3,16
2024-01-04,21640.05,21644.25,21633.6,21639.15,10:35:00,21610.547788820822,3,17
2024-01-04,21636.65,21642.4,21636.05,21639.7,10:40:00,21613.03371369504,3,18
2024-01-04,21630.4,21641.4,21630.35,21637.65,10:45:00,21614.68764572408,3,19
2024-01-04,21631.4,21632.45,21626.7,21631.45,10:50:00,21616.279298512258,3,20
2024-01-04,21635.1,21636.1,21630.8,21630.8,10:55:00,21618.071746272995,3,21
2024-01-04,21639.25,21645.0,21633.75,21634.65,11:00:00,21620.088722818426,3,22
2024-01-04,21647.75,21652.55,21639.2,21639.2,11:05:00,21622.723130169048,3,23
2024-01-04,21650.75,21652.95,21647.05,21648.45,11:10:00,21625.39235586724,3,24
2024-01-04,21644.95,21658.75,21640.6,21650.5,11:15:00,21627.254988641787,3,25
2024-01-04,21648.55,21649.8,21643.8,21644.8,11:20:00,21629.28308496162,3,26
2024-01-04,21646.25,21649.7,21642.4,21648.2,11:25:00,21630.89898163194,3,27
2024-01-04,21640.3,21650.6,21637.7,21645.65,11:30:00,21631.79431671461,3,28
2024-01-04,21641.35,21646.35,21635.75,21640.85,11:35:00,21632.70438178941,3,29
2024-01-04,21641.55,21647.3,21639.4,21641.25,11:40:00,21633.54682161899,3,30
2024-01-04,21645.65,21647.7,21640.5,21641.75,11:45:00,21634.69950527433,3,31
2024-01-04,21642.85,21647.8,21641.15,21645.45,11:50:00,21635.47574286725,3,32
2024-01-04,21643.9,21645.4,21639.1,21642.65,11:55:00,21636.278053070368,3,33
2024-01-04,21647.6,21650.45,21641.15,21643.8,12:00:00,21637.35633373033,3,34
2024-01-04,21643.35,21647.85,21639.85,21647.85,12:05:00,21637.92715908935,3,35
2024-01-04,21642.1,21646.5,21640.65,21642.6,12:10:00,21638.32457250941,3,36
2024-01-04,21645.0,21646.95,21641.0,21642.8,12:15:00,21638.96032750852,3,37
2024-01-04,21662.95,21663.05,21643.95,21644.85,12:20:00,21641.24505822199,3,38
2024-01-04,21665.65,21667.1,21658.9,21663.0,12:25:00,21643.569338391328,3,39
2024-01-04,21660.7,21667.45,21659.4,21665.6,12:30:00,21645.200829973102,3,40
2024-01-04,21666.3,21668.2,21658.3,21660.6,12:35:00,21647.21027473757,3,41
2024-01-04,21667.15,21667.65,21662.35,21666.1,12:40:00,21649.10929619113,3,42
2024-01-04,21663.75,21668.8,21662.05,21665.55,12:45:00,21650.503648934835,3,43
2024-01-04,21667.05,21668.75,21659.4,21662.75,12:50:00,21652.079491893423,3,44
2024-01-04,21659.2,21668.25,21658.05,21666.4,12:55:00,21652.75763552262,3,45
2024-01-04,21664.05,21666.25,21657.85,21658.65,13:00:00,21653.83309880618,3,46
2024-01-04,21668.0,21669.5,21661.9,21663.45,13:05:00,21655.182327491304,3,47
2024-01-04,21668.45,21671.9,21665.25,21666.7,13:10:00,21656.445915349275,3,48
2024-01-04,21663.15,21669.8,21660.4,21667.85,13:15:00,21657.08439960173,3,49
2024-01-04,21663.1,21665.65,21659.75,21662.05,13:20:00,21657.65731392537,3,50
2024-01-04,21659.65,21667.8,21656.5,21662.7,13:25:00,21657.84709355153,3,51
2024-01-04,21654.6,21660.15,21651.3,21658.65,13:30:00,21657.53784654662,3,52
2024-01-04,21668.05,21668.55,21651.85,21654.9,13:35:00,21658.53900401837,3,53
2024-01-04,21665.9,21673.9,21664.9,21667.8,13:40:00,21659.24005125472,3,54
2024-01-04,21669.85,21670.4,21660.8,21665.45,13:45:00,21660.25052256379,3,55
2024-01-04,21662.55,21670.4,21661.75,21669.45,13:50:00,21660.469520414856,3,56
2024-01-04,21660.6,21666.15,21655.1,21662.35,13:55:00,21660.48194704201,3,57
2024-01-04,21652.05,21660.55,21648.9,21659.7,14:00:00,21659.678904466586,3,58
2024-01-04,21657.85,21659.1,21650.8,21652.55,14:05:00,21659.504723088816,3,59
2024-01-04,21654.7,21666.15,21654.35,21657.7,14:10:00,21659.047130413688,3,60
2024-01-04,21656.6,21659.05,21647.95,21654.95,14:15:00,21658.81407037429,3,61
2024-01-04,21651.9,21660.1,21650.3,21655.95,14:20:00,21658.1555874815,3,62
2024-01-04,21649.0,21652.8,21638.65,21651.8,14:25:00,21657.28362676897,3,63
2024-01-04,21644.75,21656.05,21642.6,21648.8,14:30:00,21656.089948029075,3,64
2024-01-04,21645.9,21649.45,21642.1,21644.65,14:35:00,21655.11947678821,3,65
2024-01-04,21644.7,21650.6,21642.9,21645.95,14:40:00,21654.127145665527,3,66
2024-01-04,21651.4,21653.15,21643.25,21645.15,14:45:00,21653.867417506903,3,67
2024-01-04,21650.05,21653.5,21645.4,21651.4,14:50:00,21653.50385393482,3,68
2024-01-04,21650.3,21652.4,21646.1,21650.25,14:55:00,21653.198724988648,3,69
2024-01-04,21651.55,21663.9,21645.7,21651.35,15:00:00,21653.04170356116,3,70
2024-01-04,21645.25,21662.3,21644.1,21651.15,15:05:00,21652.299636555334,3,71
2024-01-04,21651.75,21662.15,21643.5,21645.4,15:10:00,21652.24729021673,3,72
2024-01-04,21658.65,21664.2,21650.0,21651.1,15:15:00,21652.85707210085,3,73
2024-01-04,21666.85,21676.05,21656.4,21658.25,15:20:00,21654.18973190077,3,74
2024-01-04,21669.6,21684.8,21661.7,21665.25,15:25:00,21655.65737648165,3,75
2024-01-05,21742.55,21749.6,21698.2,21717.1,09:15:00,21663.932864435777,4,1
2024-01-05,21723.95,21742.25,21721.5,21742.25,09:20:00,21669.64878210856,4,2
2024-01-05,21722.95,21729.2,21716.7,21724.45,09:25:00,21674.72508857441,4,3
2024-01-05,21729.65,21743.35,21722.25,21724.3,09:30:00,21679.956032519705,4,4
2024-01-05,21734.1,21739.5,21726.65,21730.35,09:35:00,21685.112600851164,4,5
2024-01-05,21728.55,21735.05,21724.05,21732.85,09:40:00,21689.2494960082,4,6
2024-01-05,21720.1,21731.95,21719.6,21729.65,09:45:00,21692.18763924551,4,7
2024-01-05,21735.3,21740.4,21721.65,21722.0,09:50:00,21696.293578364985,4,8
2024-01-05,21740.4,21742.9,21733.2,21735.75,09:55:00,21700.49418994928,4,9
2024-01-05,21741.4,21744.05,21734.7,21741.15,10:00:00,21704.38998138268,4,10
2024-01-05,21739.2,21741.6,21734.75,21740.4,10:05:00,21707.705221251,4,11
2024-01-05,21728.95,21740.0,21728.95,21738.85,10:10:00,21709.72853351281,4,12
2024-01-05,21727.8,21735.95,21720.75,21730.35,10:15:00,21711.44962555921,4,13
2024-01-05,21730.0,21731.4,21723.4,21727.0,10:20:00,21713.216327886905,4,14
2024-01-05,21733.45,21734.65,21725.4,21729.35,10:25:00,21715.143344278626,4,15
2024-01-05,21737.45,21738.85,21731.65,21733.2,10:30:00,21717.267787680663,4,16
2024-01-05,21736.95,21742.85,21732.55,21736.85,10:35:00,21719.142284092028,4,17
2024-01-05,21705.4,21737.25,21701.15,21736.55,10:40:00,21717.833495130883,4,18
2024-01-05,21687.95,21705.45,21685.45,21705.35,10:45:00,21714.98744797556,4,19
2024-01-05,21671.95,21696.1,21671.5,21687.6,10:50:00,21710.88864340646,4,20
2024-01-05,21688.5,21690.2,21669.8,21672.1,10:55:00,21708.756391653464,4,21
2024-01-05,21694.8,21696.15,21682.8,21688.5,11:00:00,21707.427211496,4,22
2024-01-05,21700.2,21701.35,21692.35,21693.75,11:05:00,21706.73890563923,4,23
2024-01-05,21693.15,21703.2,21691.8,21699.9,11:10:00,21705.44472414978,4,24
2024-01-05,21674.15,21695.95,21666.4,21692.4,11:15:00,21702.464274230755,4,25
2024-01-05,21685.35,21685.35,21671.4,21672.75,11:20:00,21700.834343351635,4,26
2024-01-05,21686.2,21688.95,21682.0,21685.7,11:25:00,21699.440596365763,4,27
2024-01-05,21687.6,21692.6,21683.6,21686.15,11:30:00,21698.312920521406,4,28
2024-01-05,21686.3,21690.55,21684.7,21687.1,11:35:00,21697.16883285269,4,29
2024-01-05,21682.85,21685.95,21677.3,21685.95,11:40:00,21695.80513448577,4,30
2024-01-05,21681.05,21683.55,21666.5,21682.7,11:45:00,21694.39988358237,4,31
2024-01-05,21683.25,21685.8,21676.95,21679.7,11:50:00,21693.337989907854,4,32
2024-01-05,21681.6,21685.7,21680.7,21681.45,11:55:00,21692.220086107107,4,33
2024-01-05,21687.7,21689.3,21679.95,21680.9,12:00:00,21691.789601715955,4,34
2024-01-05,21695.95,21695.95,21685.8,21687.5,12:05:00,21692.18583012396,4,35
2024-01-05,21690.7,21699.45,21689.6,21695.5,12:10:00,21692.044322493104,4,36
2024-01-05,21699.45,21701.8,21689.85,21690.65,12:15:00,21692.74962511281,4,37
2024-01-05,21701.85,21706.3,21697.35,21699.4,12:20:00,21693.616327483018,4,38
2024-01-05,21699.3,21703.8,21695.9,21701.0,12:25:00,21694.15762962749,4,39
2024-01-05,21692.45,21699.75,21691.4,21698.8,12:30:00,21693.9949982344,4,40
2024-01-05,21692.5,21696.15,21689.7,21691.5,12:35:00,21693.85261745017,4,41
2024-01-05,21689.85,21694.95,21685.55,21692.1,12:40:00,21693.47141578825,4,42
2024-01-05,21693.9,21696.05,21685.0,21690.5,12:45:00,21693.512233332225,4,43
2024-01-05,21688.95,21695.65,21687.85,21693.05,12:50:00,21693.07773491964,4,44
2024-01-05,21678.55,21692.4,21678.35,21689.0,12:55:00,21691.69414111777,4,45
2024-01-05,21690.75,21693.7,21678.25,21678.25,13:00:00,21691.60422291608,4,46
2024-01-05,21693.25,21694.9,21685.7,21690.25,13:05:00,21691.760963590736,4,47
2024-01-05,21695.85,21700.15,21688.1,21692.95,13:10:00,21692.15039562972,4,48
2024-01-05,21698.9,21698.9,21688.1,21695.7,13:15:00,21692.79321509355,4,49
2024-01-05,21695.5,21699.45,21691.0,21698.4,13:20:00,21693.05100413226,4,50
2024-01-05,21692.85,21697.7,21691.2,21695.45,13:25:00,21693.03186088157,4,51
2024-01-05,21687.2,21696.8,21683.15,21692.8,13:30:00,21692.47644555952,4,52
2024-01-05,21685.25,21687.55,21681.4,21687.0,13:35:00,21691.788212649084,4,53
2024-01-05,21680.1,21685.75,21669.45,21685.75,13:40:00,21690.675049539648,4,54
2024-01-05,21675.1,21681.6,21674.55,21680.85,13:45:00,21689.191711488253,4,55
2024-01-05,21673.6,21678.55,21670.95,21674.55,13:50:00,21687.70678658461,4,56
2024-01-05,21679.35,21683.05,21663.45,21673.2,13:55:00,21686.91090214798,4,57
2024-01-05,21661.8,21680.95,21660.3,21678.75,14:00:00,21684.519387657696,4,58
2024-01-05,21656.35,21667.55,21655.65,21661.5,14:05:00,21681.83658883316,4,59
2024-01-05,21649.2,21660.9,21644.45,21657.35,14:10:00,21678.728342277613,4,60
2024-01-05,21638.7,21656.8,21633.0,21649.55,14:15:00,21674.91611920356,4,61
2024-01-05,21643.15,21648.5,21629.75,21637.8,14:20:00,21671.890774517506,4,62
2024-01-05,21643.15,21646.7,21632.75,21642.95,14:25:00,21669.15355789679,4,63
2024-01-05,21662.5,21666.1,21639.9,21641.9,14:30:00,21668.51988571614,4,64
2024-01-05,21668.9,21673.1,21653.2,21662.25,14:35:00,21668.55608707651,4,65
2024-01-05,21679.2,21680.15,21665.05,21669.5,14:40:00,21669.569793069222,4,66
2024-01-05,21694.05,21694.05,21678.1,21679.1,14:45:00,21671.901241348347,4,67
2024-01-05,21703.25,21709.45,21693.55,21693.55,14:50:00,21674.88683741041,4,68
2024-01-05,21703.0,21709.4,21694.6,21702.7,14:55:00,21677.564281466563,4,69
2024-01-05,21716.4,21724.45,21701.4,21701.4,15:00:00,21681.26292132689,4,70
2024-01-05,21709.15,21725.45,21703.15,21716.2,15:05:00,21683.918833581472,4,71
2024-01-05,21715.1,21719.65,21702.6,21710.9,15:10:00,21686.888468478475,4,72
2024-01-05,21698.6,21715.6,21681.7,21715.6,15:15:00,21688.003852432907,4,73
2024-01-05,21704.7,21711.35,21695.25,21698.15,15:20:00,21689.59396172501,4,74
2024-01-05,21709.55,21720.4,21704.1,21705.15,15:25:00,21691.49453679882,4,75
2024-01-08,21738.85,21745.8,21712.35,21729.35,09:15:00,21700.839065270688,0,1
2024-01-08,21761.25,21763.4,21713.8,21741.4,09:20:00,21706.59248762586,0,2
2024-01-08,21723.8,21762.75,21723.8,21759.6,09:25:00,21708.231298328163,0,3
2024-01-08,21699.6,21730.7,21696.05,21720.3,09:30:00,21707.40926991596,0,4
2024-01-08,21679.45,21700.9,21675.0,21696.4,09:35:00,21704.74648230492,0,5
2024-01-08,21669.4,21679.15,21655.75,21677.3,09:40:00,21701.380150656827,0,6
2024-01-08,21648.15,21670.3,21645.6,21669.0,09:45:00,21696.31061249904,0,7
2024-01-08,21678.9,21684.15,21647.8,21648.7,09:50:00,21694.6524589277,0,8
2024-01-08,21675.25,21691.3,21674.95,21679.5,09:55:00,21692.80460569649,0,9
2024-01-08,21686.1,21695.2,21667.85,21675.65,10:00:00,21692.16607182064,0,10
2024-01-08,21679.5,21686.1,21674.95,21685.4,10:05:00,21690.959779266286,0,11
2024-01-08,21692.85,21697.85,21680.8,21681.25,10:10:00,21691.139800288543,0,12
2024-01-08,21678.25,21698.8,21678.2,21692.95,10:15:00,21689.91220026106,0,13
2024-01-08,21688.0,21695.4,21677.0,21677.0,10:20:00,21689.730085950483,0,14
2024-01-08,21699.3,21701.05,21685.75,21688.9,10:25:00,21690.64150633615,0,15
2024-01-08,21723.5,21724.5,21698.85,21699.15,10:30:00,21693.770886685088,0,16
2024-01-08,21703.9,21722.4,21702.55,21721.8,10:35:00,21694.73556414365,0,17
2024-01-08,21678.45,21707.0,21676.15,21704.45,10:40:00,21693.184558034736,0,18
2024-01-08,21672.95,21683.95,21672.95,21678.9,10:45:00,21691.257457269523,0,19
2024-01-08,21647.8,21674.55,21647.8,21671.2,10:50:00,21687.118651815283,0,20
2024-01-08,21634.9,21649.95,21634.35,21648.8,10:55:00,21682.14544688049,0,21
2024-01-08,21653.25,21653.7,21634.7,21634.7,11:00:00,21679.393499558544,0,22
2024-01-08,21615.5,21653.1,21600.65,21653.1,11:05:00,21673.30840436249,0,23
2024-01-08,21620.0,21621.35,21600.45,21616.25,11:10:00,21668.231413470825,0,24
2024-01-08,21625.65,21626.2,21605.2,21619.05,11:15:00,21664.17604075932,0,25
2024-01-08,21629.15,21629.9,21616.05,21624.65,11:20:00,21660.84022735367,0,26
2024-01-08,21628.65,21630.95,21619.9,21628.45,11:25:00,21657.774491415228,0,27
2024-01-08,21630.55,21631.55,21617.8,21628.7,11:30:00,21655.18168270901,0,28
2024-01-08,21636.55,21641.65,21629.65,21629.95,11:35:00,21653.407236736726,0,29
2024-01-08,21638.7,21643.15,21634.85,21635.15,11:40:00,21652.006547523702,0,30
2024-01-08,21626.55,21640.5,21618.6,21639.05,11:45:00,21649.582114426208,0,31
2024-01-08,21568.35,21629.75,21563.45,21625.95,11:50:00,21641.84572257609,0,32
2024-01-08,21557.15,21577.8,21553.95,21567.65,11:55:00,21633.77946328313,0,33
2024-01-08,21567.15,21574.85,21556.15,21557.9,12:00:00,21627.43380011331,0,34
2024-01-08,21583.8,21590.0,21563.1,21566.2,12:05:00,21623.27820010252,0,35
2024-01-08,21585.8,21592.6,21574.35,21582.95,12:10:00,21619.7088477118,0,36
2024-01-08,21587.05,21593.95,21577.6,21584.9,12:15:00,21616.59848126306,0,37
2024-01-08,21586.05,21589.1,21578.75,21586.3,12:20:00,21613.689102095148,0,38
2024-01-08,21585.35,21591.05,21579.95,21585.75,12:25:00,21610.99013999085,0,39
2024-01-08,21608.95,21611.25,21582.7,21585.85,12:30:00,21610.7958409441,0,40
2024-01-08,21607.5,21609.3,21597.85,21609.0,12:35:00,21610.481951330377,0,41
2024-01-08,21600.75,21606.6,21593.25,21606.25,12:40:00,21609.55509882272,0,42
2024-01-08,21591.1,21603.2,21588.4,21599.4,12:45:00,21607.797470363414,0,43
2024-01-08,21585.1,21591.4,21580.4,21589.6,12:50:00,21605.63580651928,0,44
2024-01-08,21568.6,21584.0,21566.05,21583.1,12:55:00,21602.10858685078,0,45
2024-01-08,21577.75,21586.0,21566.1,21566.1,13:00:00,21599.78872143642,0,46
2024-01-08,21574.2,21581.2,21571.9,21576.4,13:05:00,21597.35170034724,0,47
2024-01-08,21575.55,21579.1,21568.45,21574.0,13:10:00,21595.275347933213,0,48
2024-01-08,21579.2,21580.1,21572.9,21575.9,13:15:00,21593.744362415764,0,49
2024-01-08,21579.05,21592.9,21576.65,21578.15,13:20:00,21592.34489932855,0,50
2024-01-08,21582.3,21592.3,21578.8,21580.6,13:25:00,21591.38824224964,0,51
2024-01-08,21586.85,21596.65,21580.75,21582.2,13:30:00,21590.956028702058,0,52
2024-01-08,21578.15,21586.65,21574.05,21586.25,13:35:00,21589.736406920907,0,53
2024-01-08,21562.15,21581.8,21557.9,21578.0,13:40:00,21587.10913007129,0,54
2024-01-08,21574.3,21578.45,21552.95,21561.35,13:45:00,21585.88921292165,0,55
2024-01-08,21572.4,21576.45,21566.1,21572.5,13:50:00,21584.60452597673,0,56
2024-01-08,21584.45,21585.6,21569.8,21572.6,13:55:00,21584.589809217043,0,57
2024-01-08,21598.4,21599.8,21578.15,21584.65,14:00:00,21585.90506548209,0,58
2024-01-08,21578.15,21598.6,21576.15,21598.3,14:05:00,21585.166487817125,0,59
2024-01-08,21586.9,21590.3,21577.2,21578.35,14:10:00,21585.33158421549,0,60
2024-01-08,21592.15,21592.35,21578.5,21586.7,14:15:00,21585.98095714736,0,61
2024-01-08,21561.3,21592.8,21552.3,21591.3,14:20:00,21583.63038979999,0,62
2024-01-08,21550.25,21567.35,21547.7,21561.45,14:25:00,21580.451305057137,0,63
2024-01-08,21524.45,21557.95,21524.45,21550.7,14:30:00,21575.117847432648,0,64
2024-01-08,21526.2,21540.2,21516.25,21525.45,14:35:00,21570.45900482001,0,65
2024-01-08,21526.1,21534.25,21519.9,21523.9,14:40:00,21566.23433769429,0,66
2024-01-08,21538.6,21538.6,21525.35,21526.35,14:45:00,21563.602496009124,0,67
2024-01-08,21532.3,21540.9,21531.3,21538.1,14:50:00,21560.621305913017,0,68
2024-01-08,21527.05,21532.75,21522.15,21530.75,14:55:00,21557.42403868321,0,69
2024-01-08,21516.55,21541.55,21512.05,21526.45,15:00:00,21553.53127309433,0,70
2024-01-08,21528.1,21530.25,21509.8,21516.35,15:05:00,21551.109247085344,0,71
2024-01-08,21507.9,21531.65,21500.05,21529.4,15:10:00,21546.994080696262,0,72
2024-01-08,21503.15,21517.0,21493.6,21509.0,15:15:00,21542.81845396329,0,73
2024-01-08,21508.95,21514.1,21497.0,21502.85,15:20:00,21539.592886919163,0,74
2024-01-08,21511.1,21514.35,21506.3,21509.15,15:25:00,21536.87927864115,0,75
2024-01-09,21646.2,21672.3,21637.95,21646.7,09:15:00,21557.34834374026,1,1
2024-01-09,21656.0,21661.1,21645.35,21645.75,09:20:00,21566.74373957452,1,2
2024-01-09,21663.85,21672.2,21655.6,21655.6,09:25:00,21575.99195485314,1,3
2024-01-09,21644.2,21669.85,21643.7,21664.75,09:30:00,21582.48795915284,1,4
2024-01-09,21633.9,21650.0,21624.95,21646.0,09:35:00,21587.38434399543,1,5
2024-01-09,21606.6,21633.05,21603.05,21632.65,09:40:00,21589.214406472056,1,6
2024-01-09,21623.7,21624.25,21604.85,21606.1,09:45:00,21592.498748712813,1,7
2024-01-09,21617.55,21630.15,21595.25,21623.2,09:50:00,21594.884582168736,1,8
2024-01-09,21625.5,21629.6,21614.6,21617.55,09:55:00,21597.800336247903,1,9
2024-01-09,21634.5,21643.95,21625.9,21625.9,10:00:00,21601.29554231953,1,10
2024-01-09,21639.45,21649.65,21634.2,21634.55,10:05:00,21604.929300193864,1,11
2024-01-09,21657.15,21658.95,21640.1,21640.1,10:10:00,21609.9027001754,1,12
2024-01-09,21673.1,21674.05,21653.9,21658.25,10:15:00,21615.92149063489,1,13
2024-01-09,21689.65,21695.0,21673.15,21673.25,10:20:00,21622.943253431564,1,14
2024-01-09,21685.9,21692.05,21680.5,21688.0,10:25:00,21628.939134057127,1,15
2024-01-09,21686.2,21691.0,21682.45,21684.95,10:30:00,21634.392549861208,1,16
2024-01-09,21688.3,21693.45,21684.45,21686.1,10:35:00,21639.526592731567,1,17
2024-01-09,21707.6,21709.65,21687.85,21688.65,10:40:00,21646.00977437618,1,18
2024-01-09,21692.2,21710.15,21691.6,21706.75,10:45:00,21650.40884348321,1,19
2024-01-09,21691.35,21694.55,21687.4,21691.05,10:50:00,21654.308001246714,1,20
2024-01-09,21680.2,21690.75,21675.95,21690.45,10:55:00,21656.773905889884,1,21
2024-01-09,21682.95,21686.1,21677.2,21680.4,11:00:00,21659.266867233702,1,22
2024-01-09,21708.95,21709.85,21683.0,21683.0,11:05:00,21663.99859416383,1,23
2024-01-09,21694.9,21712.25,21694.9,21708.4,11:10:00,21666.941585195847,1,24
2024-01-09,21683.3,21699.5,21682.35,21695.25,11:15:00,21668.499529462908,1,25
2024-01-09,21684.5,21689.05,21676.0,21685.0,11:20:00,21670.023383799777,1,26
2024-01-09,21687.55,21691.0,21679.2,21685.05,11:25:00,21671.69258534265,1,27
2024-01-09,21699.25,21701.65,21687.55,21688.75,11:30:00,21674.317101024302,1,28
2024-01-09,21698.55,21702.1,21693.6,21700.05,11:35:00,21676.624996164846,1,29
2024-01-09,21696.8,21701.15,21692.55,21699.1,11:40:00,21678.54642510153,1,30
2024-01-09,21706.3,21713.15,21694.3,21696.95,11:45:00,21681.189622710903,1,31
2024-01-09,21693.7,21709.2,21692.15,21707.2,11:50:00,21682.381087214624,1,32
2024-01-09,21700.3,21702.15,21690.1,21694.45,11:55:00,21684.08765033704,1,33
2024-01-09,21695.15,21706.25,21691.25,21700.2,12:00:00,21685.1412074478,1,34
2024-01-09,21686.25,21700.5,21684.8,21696.85,12:05:00,21685.246806738483,1,35
2024-01-09,21691.6,21694.4,21683.55,21686.6,12:10:00,21685.85187276339,1,36
2024-01-09,21703.95,21707.35,21688.25,21692.45,12:15:00,21687.57550392878,1,37
2024-01-09,21704.8,21707.45,21694.65,21704.75,12:20:00,21689.21593212604,1,38
2024-01-09,21705.4,21712.8,21703.95,21705.2,12:25:00,21690.75727192356,1,39
2024-01-09,21702.65,21710.65,21697.95,21707.15,12:30:00,21691.889912692743,1,40
2024-01-09,21705.45,21723.7,21700.1,21703.3,12:35:00,21693.18134957916,1,41
2024-01-09,21704.9,21709.95,21703.55,21707.7,12:40:00,21694.297411524,1,42
2024-01-09,21708.5,21712.95,21702.8,21706.0,12:45:00,21695.650038997905,1,43
2024-01-09,21710.9,21713.35,21706.2,21709.2,12:50:00,21697.1024162362,1,44
2024-01-09,21714.95,21720.1,21708.1,21712.45,12:55:00,21698.802186118468,1,45
2024-01-09,21714.4,21717.9,21709.7,21715.4,13:00:00,21700.287692202422,1,46
2024-01-09,21718.4,21720.7,21712.2,21715.2,13:05:00,21702.012673897432,1,47
2024-01-09,21706.8,21719.6,21703.7,21719.15,13:10:00,21702.468609716725,1,48
2024-01-09,21707.25,21714.2,21703.15,21708.35,13:15:00,21702.923980219894,1,49
2024-01-09,21699.95,21710.55,21695.95,21708.0,13:20:00,21702.64074400848,1,50
2024-01-09,21710.75,21713.15,21702.95,21703.05,13:25:00,21703.413054102908,1,51
2024-01-09,21705.9,21714.2,21703.75,21711.8,13:30:00,21703.64990609311,1,52
2024-01-09,21701.6,21707.65,21694.3,21706.15,13:35:00,21703.454676941383,1,53
2024-01-09,21702.3,21705.0,21698.15,21703.4,13:40:00,21703.34470770887,1,54
2024-01-09,21696.35,21704.75,21694.5,21703.55,13:45:00,21702.67854506993,1,55
2024-01-09,21691.5,21699.15,21682.35,21697.75,13:50:00,21701.61392172993,1,56
2024-01-09,21678.75,21693.95,21671.85,21692.95,13:55:00,21699.436405374705,1,57
2024-01-09,21687.25,21689.45,21675.4,21680.15,14:00:00,21698.27579533902,1,58
2024-01-09,21663.75,21692.9,21663.35,21687.8,14:05:00,21694.98762435435,1,59
2024-01-09,21656.6,21673.3,21649.0,21665.05,14:10:00,21691.331660130127,1,60
2024-01-09,21608.2,21661.9,21608.2,21654.85,14:15:00,21683.41435916536,1,61
2024-01-09,21604.85,21616.6,21583.3,21610.65,14:20:00,21675.932039244843,1,62
2024-01-09,21561.4,21604.4,21556.65,21604.35,14:25:00,21665.02422598343,1,63
2024-01-09,21592.75,21606.75,21559.7,21560.35,14:30:00,21658.14096636596,1,64
2024-01-09,21588.95,21599.0,21570.45,21593.4,14:35:00,21651.551350521582,1,65
2024-01-09,21556.5,21591.7,21546.45,21589.9,14:40:00,21642.498840948097,1,66
2024-01-09,21566.1,21580.9,21555.6,21557.75,14:45:00,21635.222760857803,1,67
2024-01-09,21578.65,21585.0,21554.9,21566.25,14:50:00,21629.83487887135,1,68
2024-01-09,21576.0,21585.7,21570.15,21580.5,14:55:00,21624.707747550267,1,69
2024-01-09,21563.75,21580.95,21553.0,21580.25,15:00:00,21618.90224778357,1,70
2024-01-09,21560.95,21570.1,21550.1,21564.3,15:05:00,21613.382986089902,1,71
2024-01-09,21543.2,21562.2,21533.55,21562.2,15:10:00,21606.698892176577,1,72
2024-01-09,21532.05,21545.55,21529.6,21545.5,15:15:00,21599.589473874046,1,73
2024-01-09,21545.45,21546.25,21518.05,21533.6,15:20:00,21594.43333350509,1,74
2024-01-09,21552.3,21558.1,21544.45,21546.1,15:25:00,21590.420635076032,1,75
2024-01-10,21554.1,21563.3,21518.75,21531.75,09:15:00,21581.694896286728,2,1
2024-01-10,21531.7,21556.25,21528.95,21554.6,09:20:00,21576.93347759276,2,2
2024-01-10,21476.65,21538.15,21476.65,21531.35,09:25:00,21567.382670202973,2,3
2024-01-10,21529.45,21529.45,21448.75,21477.4,09:30:00,21563.770034945548,2,4
2024-01-10,21523.9,21539.85,21499.75,21533.25,09:35:00,21559.972888760258,2,5
2024-01-10,21559.25,21559.25,21521.35,21524.1,09:40:00,21559.904042211663,2,6
2024-01-10,21548.25,21564.3,21521.7,21561.9,09:45:00,21558.7941334296,2,7
2024-01-10,21549.7,21556.0,21541.75,21547.95,09:50:00,21557.928025483925,2,8
2024-01-10,21539.35,21549.8,21513.05,21549.3,09:55:00,21556.15868972355,2,9
2024-01-10,21517.7,21538.6,21513.55,21538.45,10:00:00,21552.495957368927,2,10
2024-01-10,21523.0,21530.35,21512.0,21517.1,10:05:00,21549.686818571885,2,11
2024-01-10,21542.7,21542.7,21522.6,21524.05,10:10:00,21549.021407279324,2,12
2024-01-10,21567.65,21573.55,21540.45,21542.45,10:15:00,21550.795558967005,2,13
2024-01-10,21534.85,21568.75,21534.85,21567.7,10:20:00,21549.27693430348,2,14
2024-01-10,21535.3,21536.1,21523.4,21535.35,10:25:00,21547.94579770315,2,15
2024-01-10,21550.75,21552.4,21534.05,21534.05,10:30:00,21548.212864588564,2,16
2024-01-10,21555.8,21555.8,21542.8,21550.4,10:35:00,21548.935448913464,2,17
2024-01-10,21529.25,21555.95,21525.6,21555.95,10:40:00,21547.06064425504,2,18
2024-01-10,21516.7,21536.75,21512.1,21530.45,10:45:00,21544.16915432599,2,19
2024-01-10,21530.4,21532.45,21515.15,21516.3,10:50:00,21542.857806294945,2,20
2024-01-10,21525.95,21536.85,21520.45,21530.35,10:55:00,21541.24753902876,2,21
2024-01-10,21527.3,21532.1,21518.0,21527.15,11:00:00,21539.9192019784,2,22
2024-01-10,21526.6,21529.0,21518.95,21525.45,11:05:00,21538.65070655189,2,23
2024-01-10,21542.65,21542.95,21523.05,21527.1,11:10:00,21539.031591642182,2,24
2024-01-10,21536.3,21548.75,21534.55,21542.8,11:15:00,21538.77144005721,2,25
2024-01-10,21546.95,21548.15,21534.95,21535.75,11:20:00,21539.55035052796,2,26
2024-01-10,21542.3,21549.45,21540.6,21545.9,11:25:00,21539.81222190624,2,27
2024-01-10,21534.3,21548.85,21532.3,21542.0,11:30:00,21539.28724839136,2,28
2024-01-10,21550.3,21553.0,21531.6,21533.7,11:35:00,21540.3360818779,2,29
2024-01-10,21549.85,21559.25,21546.7,21549.75,11:40:00,21541.2421693181,2,30
2024-01-10,21541.2,21553.1,21537.5,21549.8,11:45:00,21541.238153192564,2,31
2024-01-10,21544.7,21547.2,21536.05,21541.6,11:50:00,21541.56785288851,2,32
2024-01-10,21536.75,21547.35,21530.4,21543.6,11:55:00,21541.10900975627,2,33
2024-01-10,21524.25,21539.85,21524.2,21536.5,12:00:00,21539.50338977948,2,34
2024-01-10,21521.85,21526.15,21505.8,21524.65,12:05:00,21537.82211456239,2,35
2024-01-10,21522.1,21531.65,21516.3,21522.0,12:10:00,21536.324770318355,2,36
2024-01-10,21514.8,21525.25,21513.5,21522.1,12:15:00,21534.2747921928,2,37
2024-01-10,21517.05,21525.0,21505.3,21515.15,12:20:00,21532.63433579349,2,38
2024-01-10,21515.4,21518.65,21506.6,21516.85,12:25:00,21530.99297047982,2,39
2024-01-10,21524.3,21527.6,21508.35,21515.05,12:30:00,21530.35554471984,2,40
2024-01-10,21528.95,21532.45,21520.45,21525.3,12:35:00,21530.22168331795,2,41
2024-01-10,21504.05,21529.55,21503.5,21528.85,12:40:00,21527.72914204957,2,42
2024-01-10,21497.95,21525.05,21468.45,21503.6,12:45:00,21524.893033282948,2,43
2024-01-10,21504.0,21504.85,21487.55,21498.35,12:50:00,21522.90322058933,2,44
2024-01-10,21498.25,21503.9,21488.05,21502.4,12:55:00,21520.55529481892,2,45
2024-01-10,21500.8,21503.55,21489.0,21497.25,13:00:00,21518.673838169503,2,46
2024-01-10,21509.55,21516.9,21496.4,21501.15,13:05:00,21517.80490120098,2,47
2024-01-10,21510.55,21517.3,21506.25,21510.1,13:10:00,21517.113958229456,2,48
2024-01-10,21503.15,21515.5,21500.35,21510.8,13:15:00,21515.7840574457,2,49
2024-01-10,21498.15,21505.35,21490.4,21502.75,13:20:00,21514.10462340325,2,50
2024-01-10,21496.35,21500.25,21490.25,21498.35,13:25:00,21512.41370688866,2,51
2024-01-10,21489.4,21506.2,21488.35,21496.75,13:30:00,21510.221925280213,2,52
2024-01-10,21488.9,21494.05,21479.75,21489.3,13:35:00,21508.191265729714,2,53
2024-01-10,21502.5,21503.1,21481.3,21490.85,13:40:00,21507.64924042212,2,54
2024-01-10,21493.6,21504.7,21488.35,21503.15,13:45:00,21506.311217524777,2,55
2024-01-10,21505.75,21505.75,21490.75,21494.35,13:50:00,21506.257768236705,2,56
2024-01-10,21524.55,21528.45,21503.95,21506.1,13:55:00,21507.99988554749,2,57
2024-01-10,21513.9,21541.95,21511.75,21525.8,14:00:00,21508.56180120964,2,58
2024-01-10,21518.3,21521.0,21508.35,21513.7,14:05:00,21509.48924871348,2,59
2024-01-10,21531.95,21536.25,21517.7,21518.95,14:10:00,21511.62836788363,2,60
2024-01-10,21547.9,21557.8,21528.45,21533.25,14:15:00,21515.082809037573,2,61
2024-01-10,21521.6,21554.6,21520.75,21548.25,14:20:00,21515.70349389114,2,62
2024-01-10,21519.4,21528.6,21509.85,21522.6,14:25:00,21516.055542091985,2,63
2024-01-10,21543.15,21544.5,21518.0,21519.25,14:30:00,21518.63596665465,2,64
2024-01-10,21563.5,21569.1,21541.15,21543.8,14:35:00,21522.90873173516,2,65
2024-01-10,21568.6,21580.7,21561.2,21563.85,14:40:00,21527.26028109372,2,66
2024-01-10,21565.2,21574.9,21559.55,21569.25,14:45:00,21530.87358765622,2,67
2024-01-10,21588.65,21589.8,21561.65,21563.85,14:50:00,21536.37610311753,2,68
2024-01-10,21604.55,21617.5,21581.0,21588.6,14:55:00,21542.868855201574,2,69
2024-01-10,21639.4,21640.45,21603.25,21603.25,15:00:00,21552.06229756333,2,70
2024-01-10,21614.3,21641.3,21590.95,21640.0,15:05:00,21557.9896977954,2,71
2024-01-10,21608.0,21616.55,21602.1,21615.35,15:10:00,21562.752583719644,2,72
2024-01-10,21623.3,21623.9,21607.05,21608.8,15:15:00,21568.51900431777,2,73
2024-01-10,21622.8,21626.0,21617.15,21623.35,15:20:00,21573.68862295417,2,74
2024-01-10,21623.8,21632.55,21622.15,21622.5,15:25:00,21578.46113505377,2,75
2024-01-11,21720.45,21724.3,21687.5,21687.5,09:15:00,21601.42260715287,3,1
2024-01-11,21692.6,21725.25,21692.6,21721.1,09:20:00,21610.10616837641,3,2
2024-01-11,21703.95,21720.05,21690.4,21694.6,09:25:00,21619.04367615008,3,3
2024-01-11,21697.45,21711.05,21683.5,21703.65,09:30:00,21626.51094508817,3,4
2024-01-11,21696.45,21705.7,21688.45,21697.0,09:35:00,21633.171807460727,3,5
2024-01-11,21683.1,21698.55,21674.25,21696.35,09:40:00,21637.926873416847,3,6
2024-01-11,21681.05,21689.45,21678.3,21683.9,09:45:00,21642.03383785333,3,7
2024-01-11,21672.2,21689.6,21671.7,21681.4,09:50:00,21644.90680567683,3,8
2024-01-11,21674.65,21678.9,21666.3,21667.6,09:55:00,21647.739490850465,3,9
2024-01-11,21664.45,21675.15,21655.05,21674.6,10:00:00,21649.330967912327,3,10
2024-01-11,21660.65,21674.05,21660.55,21663.55,10:05:00,21650.408970968296,3,11
2024-01-11,21672.4,21673.6,21658.05,21660.85,10:10:00,21652.5033546856,3,12
2024-01-11,21659.55,21683.35,21658.5,21672.15,10:15:00,21653.17446376316,3,13
2024-01-11,21658.0,21662.8,21652.9,21659.3,10:20:00,21653.63403864286,3,14
2024-01-11,21660.35,21663.6,21656.55,21658.4,10:25:00,21654.273654010205,3,15
2024-01-11,21667.05,21669.9,21641.85,21659.55,10:30:00,21655.49044886637,3,16
2024-01-11,21669.35,21676.2,21664.45,21666.05,10:35:00,21656.810406117194,3,17
2024-01-11,21663.2,21669.25,21658.4,21669.25,10:40:00,21657.41893886794,3,18
2024-01-11,21656.45,21667.65,21651.25,21661.8,10:45:00,21657.326658975755,3,19
2024-01-11,21641.35,21659.45,21641.35,21656.5,10:50:00,21655.805072406634,3,20
2024-01-11,21657.7,21658.5,21631.05,21638.05,10:55:00,21655.985541701244,3,21
2024-01-11,21651.7,21658.25,21650.0,21657.7,11:00:00,21655.577394872555,3,22
2024-01-11,21654.3,21656.05,21650.75,21651.85,11:05:00,21655.455738218025,3,23
2024-01-11,21655.3,21655.35,21646.5,21655.0,11:10:00,21655.440906006785,3,24
2024-01-11,21658.0,21664.1,21654.15,21655.45,11:15:00,21655.684629244235,3,25
2024-01-11,21652.8,21661.2,21651.8,21658.05,11:20:00,21655.409902649542,3,26
2024-01-11,21655.8,21656.85,21652.15,21652.6,11:25:00,21655.44705477816,3,27
2024-01-11,21655.55,21659.4,21643.95,21655.75,11:30:00,21655.456859085003,3,28
2024-01-11,21657.05,21660.0,21650.75,21656.8,11:35:00,21655.6085867912,3,29
2024-01-11,21663.7,21667.3,21654.75,21657.35,11:40:00,21656.379197572984,3,30
2024-01-11,21661.5,21668.55,21660.35,21664.05,11:45:00,21656.866893042225,3,31
2024-01-11,21665.35,21670.6,21658.1,21661.9,11:50:00,21657.67480799058,3,32
2024-01-11,21662.6,21667.95,21661.1,21666.05,11:55:00,21658.14387389624,3,33
2024-01-11,21660.25,21665.65,21656.1,21662.45,12:00:00,21658.344457334693,3,34
2024-01-11,21667.95,21667.95,21658.4,21660.45,12:05:00,21659.259270921862,3,35
2024-01-11,21657.2,21670.0,21657.15,21668.95,12:10:00,21659.063149881687,3,36
2024-01-11,21664.2,21664.85,21651.2,21658.35,12:15:00,21659.55237370248,3,37
2024-01-11,21666.75,21668.35,21660.3,21665.45,12:20:00,21660.23786192129,3,38
2024-01-11,21667.05,21672.15,21663.2,21666.9,12:25:00,21660.886636976404,3,39
2024-01-11,21666.4,21672.45,21664.0,21667.9,12:30:00,21661.41171916913,3,40
2024-01-11,21672.45,21674.65,21667.1,21668.25,12:35:00,21662.46298401016,3,41
2024-01-11,21671.0,21674.45,21663.7,21674.1,12:40:00,21663.27603315205,3,42
2024-01-11,21667.3,21672.15,21660.7,21671.25,12:45:00,21663.659268089952,3,43
2024-01-11,21668.2,21672.25,21663.9,21667.75,12:50:00,21664.09171874805,3,44
2024-01-11,21671.95,21681.75,21667.8,21669.0,12:55:00,21664.84012648633,3,45
2024-01-11,21667.55,21675.9,21660.6,21673.25,13:00:00,21665.098209678108,3,46
2024-01-11,21670.15,21675.95,21665.95,21668.45,13:05:00,21665.579332565907,3,47
2024-01-11,21673.85,21680.15,21670.2,21671.15,13:10:00,21666.36701517868,3,48
2024-01-11,21670.15,21675.35,21668.05,21674.0,13:15:00,21666.72729944737,3,49
2024-01-11,21669.95,21679.2,21661.65,21671.75,13:20:00,21667.03422330953,3,50
2024-01-11,21662.4,21673.15,21662.1,21671.0,13:25:00,21666.59286870862,3,51
2024-01-11,21658.55,21667.8,21654.0,21663.4,13:30:00,21665.82688121256,3,52
2024-01-11,21660.25,21663.55,21653.35,21658.8,13:35:00,21665.295749668505,3,53
2024-01-11,21663.8,21665.35,21660.1,21662.1,13:40:00,21665.153297319124,3,54
2024-01-11,21660.1,21666.15,21655.05,21665.3,13:45:00,21664.67203090778,3,55
2024-01-11,21661.45,21663.6,21656.4,21660.75,13:50:00,21664.36517082133,3,56
2024-01-11,21665.65,21672.85,21659.2,21661.45,13:55:00,21664.48753550501,3,57
2024-01-11,21664.35,21671.25,21660.25,21666.4,14:00:00,21664.474436885484,3,58
2024-01-11,21638.9,21666.35,21638.7,21664.95,14:05:00,21662.03877622972,3,59
2024-01-11,21605.9,21635.85,21595.35,21633.7,14:10:00,21656.69222611261,3,60
2024-01-11,21607.55,21617.85,21594.0,21607.0,14:15:00,21652.01201410188,3,61
2024-01-11,21632.8,21633.9,21607.75,21608.7,14:20:00,21650.18229847313,3,62
2024-01-11,21652.2,21660.95,21622.65,21631.0,14:25:00,21650.374460523308,3,63
2024-01-11,21650.6,21662.0,21643.4,21652.15,14:30:00,21650.39594047347,3,64
2024-01-11,21646.85,21653.85,21635.25,21651.8,14:35:00,21650.058231856947,3,65
2024-01-11,21647.15,21651.7,21640.5,21648.05,14:40:00,21649.78125739438,3,66
2024-01-11,21651.8,21654.75,21642.6,21647.55,14:45:00,21649.97351859492,3,67
2024-01-11,21657.2,21662.3,21649.7,21653.75,14:50:00,21650.661754919205,3,68
2024-01-11,21652.6,21664.9,21652.6,21658.05,14:55:00,21650.846349688807,3,69
2024-01-11,21643.7,21657.55,21636.5,21654.05,15:00:00,21650.16574495654,3,70
2024-01-11,21648.8,21648.85,21630.75,21644.9,15:05:00,21650.035674008297,3,71
2024-01-11,21646.45,21651.65,21640.05,21650.65,15:10:00,21649.694181245603,3,72
2024-01-11,21649.75,21652.35,21642.3,21647.2,15:15:00,21649.69949731745,3,73
2024-01-11,21646.1,21655.1,21645.2,21650.65,15:20:00,21649.356688049123,3,74
2024-01-11,21665.55,21669.4,21644.8,21648.35,15:25:00,21650.89890823492,3,75
2024-01-12,21733.4,21788.25,21718.75,21773.55,09:15:00,21669.32472987031,4,1
2024-01-12,21727.5,21744.85,21724.2,21734.3,09:20:00,21674.865231787426,4,2
2024-01-12,21733.45,21737.85,21721.7,21730.55,09:25:00,21680.444733521952,4,3
2024-01-12,21726.6,21740.0,21720.7,21734.25,09:30:00,21684.84047318653,4,4
2024-01-12,21727.05,21732.35,21718.8,21727.6,09:35:00,21688.86042812115,4,5
2024-01-12,21738.85,21746.45,21725.3,21725.75,09:40:00,21693.621339728656,4,6
2024-01-12,21740.95,21746.65,21733.15,21739.25,09:45:00,21698.12883118307,4,7
2024-01-12,21751.4,21753.55,21739.15,21741.95,09:50:00,21703.2022758323,4,8
2024-01-12,21754.85,21756.0,21747.0,21751.35,09:55:00,21708.121106705417,4,9
2024-01-12,21781.1,21781.1,21751.35,21754.25,10:00:00,21715.07147749537,4,10
2024-01-12,21814.05,21816.85,21774.3,21782.05,10:05:00,21724.4980034482,4,11
2024-01-12,21804.5,21813.95,21800.95,21813.35,10:10:00,21732.11724121504,4,12
2024-01-12,21801.8,21810.05,21798.3,21804.2,10:15:00,21738.75369443265,4,13
2024-01-12,21808.1,21809.8,21797.85,21801.75,10:20:00,21745.358104486684,4,14
2024-01-12,21817.65,21831.2,21804.25,21807.5,10:25:00,21752.243046916527,4,15
2024-01-12,21812.05,21818.65,21804.95,21817.55,10:30:00,21757.93894721019,4,16
2024-01-12,21822.35,21823.2,21808.35,21811.9,10:35:00,21764.07333319017,4,17
2024-01-12,21820.7,21831.75,21815.3,21822.3,10:40:00,21769.466349076825,4,18
2024-01-12,21825.2,21830.55,21817.6,21819.4,10:45:00,21774.77431583141,4,19
2024-01-12,21823.5,21830.6,21819.45,21824.25,10:50:00,21779.414857180804,4,20
2024-01-12,21836.3,21837.25,21822.85,21822.85,10:55:00,21784.832489830253,4,21
2024-01-12,21829.6,21847.6,21828.15,21835.4,11:00:00,21789.09606222737,4,22
2024-01-12,21823.4,21830.0,21818.4,21829.35,11:05:00,21792.363103920005,4,23
2024-01-12,21822.15,21827.95,21820.3,21823.35,11:10:00,21795.19995116572,4,24
2024-01-12,21832.25,21833.5,21820.25,21821.85,11:15:00,21798.728527245174,4,25
2024-01-12,21831.45,21841.8,21829.45,21832.3,11:20:00,21801.84485798373,4,26
2024-01-12,21840.8,21840.8,21829.55,21832.9,11:25:00,21805.554871509088,4,27
2024-01-12,21831.45,21841.4,21826.85,21840.25,11:30:00,21808.02107422251,4,28
2024-01-12,21838.05,21838.4,21831.4,21831.6,11:35:00,21810.880971915605,4,29
2024-01-12,21836.75,21842.6,21827.55,21838.3,11:40:00,21813.344688876023,4,30
2024-01-12,21836.45,21840.7,21834.65,21837.05,11:45:00,21815.54519469736,4,31
2024-01-12,21835.4,21846.15,21833.75,21835.75,11:50:00,21817.436128535704,4,32
2024-01-12,21834.5,21839.15,21831.25,21835.3,11:55:00,21819.06125915136,4,33
2024-01-12,21816.9,21836.15,21814.95,21834.5,12:00:00,21818.85542494646,4,34
2024-01-12,21818.85,21823.15,21810.65,21818.6,12:05:00,21818.85490828489,4,35
2024-01-12,21827.55,21830.15,21815.95,21818.6,12:10:00,21819.683012257763,4,36
2024-01-12,21831.9,21836.6,21823.95,21827.45,12:15:00,21820.84653489988,4,37
2024-01-12,21828.65,21832.5,21822.1,21832.05,12:20:00,21821.589722052275,4,38
2024-01-12,21828.2,21832.4,21823.6,21828.7,12:25:00,21822.219272333008,4,39
2024-01-12,21833.9,21840.85,21826.6,21829.05,12:30:00,21823.33172258701,4,40
2024-01-12,21827.2,21835.95,21823.2,21835.1,12:35:00,21823.70012995968,4,41
2024-01-12,21828.5,21833.35,21822.75,21826.85,12:40:00,21824.157260439708,4,42
2024-01-12,21837.1,21838.4,21828.5,21828.5,12:45:00,21825.389902302595,4,43
2024-01-12,21848.3,21850.7,21837.4,21837.5,12:50:00,21827.57181636901,4,44
2024-01-12,21848.75,21858.45,21843.65,21848.4,12:55:00,21829.58878623863,4,45
2024-01-12,21847.5,21859.65,21843.65,21848.7,13:00:00,21831.294616120667,4,46
2024-01-12,21848.35,21854.45,21845.2,21847.7,13:05:00,21832.91893839489,4,47
2024-01-12,21843.1,21855.15,21840.85,21849.05,13:10:00,21833.88856330966,4,48
2024-01-12,21843.25,21854.05,21842.15,21842.95,13:15:00,21834.780128708742,4,49
2024-01-12,21850.95,21852.9,21841.2,21842.55,13:20:00,21836.320116450766,4,50
2024-01-12,21856.75,21863.75,21847.8,21851.2,13:25:00,21838.26581964593,4,51
2024-01-12,21863.05,21873.15,21852.8,21856.1,13:30:00,21840.62621777489,4,52
2024-01-12,21876.0,21878.6,21859.05,21862.45,13:35:00,21843.99514941538,4,53
2024-01-12,21887.0,21895.2,21874.15,21876.15,13:40:00,21848.090849471057,4,54
2024-01-12,21888.7,21891.95,21878.9,21888.2,13:45:00,21851.95838761668,4,55
2024-01-12,21892.15,21893.55,21887.1,21889.75,13:50:00,21855.78616022461,4,56
2024-01-12,21893.05,21896.75,21888.95,21891.95,13:55:00,21859.33509734608,4,57
2024-01-12,21880.3,21896.45,21874.15,21894.6,14:00:00,21861.331754741685,4,58
2024-01-12,21872.55,21881.95,21864.1,21878.9,14:05:00,21862.400159052,4,59
2024-01-12,21879.1,21881.2,21868.05,21872.95,14:10:00,21863.990620094664,4,60
2024-01-12,21876.6,21892.45,21875.15,21879.55,14:15:00,21865.191513418984,4,61
2024-01-12,21890.8,21893.0,21877.2,21877.2,14:20:00,21867.630416902888,4,62
2024-01-12,21891.3,21902.6,21884.95,21891.45,14:25:00,21869.88466291214,4,63
2024-01-12,21903.7,21907.6,21892.35,21892.35,14:30:00,21873.10517120622,4,64
2024-01-12,21927.0,21927.0,21904.1,21904.1,14:35:00,21878.238012043723,4,65
2024-01-12,21914.8,21927.2,21912.8,21927.15,14:40:00,21881.720106134795,4,66
2024-01-12,21896.35,21916.95,21894.75,21913.95,14:45:00,21883.11342936005,4,67
2024-01-12,21901.9,21910.75,21890.0,21896.0,14:50:00,21884.902626563857,4,68
2024-01-12,21904.55,21904.9,21895.8,21901.45,14:55:00,21886.773804986347,4,69
2024-01-12,21892.55,21922.05,21892.55,21902.75,15:00:00,21887.32391879717,4,70
2024-01-12,21857.2,21899.85,21857.0,21893.25,15:05:00,21884.45497414982,4,71
2024-01-12,21876.55,21884.95,21852.6,21858.3,15:10:00,21883.70211946889,4,72
2024-01-12,21894.05,21900.0,21876.0,21876.0,15:15:00,21884.687631900422,4,73
2024-01-12,21910.75,21911.85,21893.7,21894.0,15:20:00,21887.16976219562,4,74
2024-01-12,21908.25,21917.25,21908.25,21910.1,15:25:00,21889.17740389128,4,75
2024-01-15,22053.0,22054.3,22021.15,22053.15,09:15:00,21918.908713842968,0,1
2024-01-15,22074.55,22074.75,22052.3,22053.65,09:20:00,21933.73169347697,0,2
2024-01-15,22071.2,22081.7,22063.05,22072.1,09:25:00,21946.82391314583,0,3
2024-01-15,22065.15,22079.65,22059.0,22070.1,09:30:00,21958.0930642748,0,4
2024-01-15,22064.8,22071.9,22059.2,22064.05,09:35:00,21968.255629581963,0,5
2024-01-15,22042.8,22068.85,22042.8,22064.45,09:40:00,21975.3550934313,0,6
2024-01-15,22020.9,22051.15,22019.45,22043.6,09:45:00,21979.6927035807,0,7
2024-01-15,21992.0,22030.4,21989.05,22020.0,09:50:00,21980.864827049205,0,8
2024-01-15,21982.75,22005.15,21980.4,21990.8,09:55:00,21981.044367330232,0,9
2024-01-15,22014.05,22014.05,21964.1,21983.8,10:00:00,21984.18776091783,0,10
2024-01-15,22017.95,22023.3,22002.05,22014.25,10:05:00,21987.40321225899,0,11
2024-01-15,22010.25,22028.9,22006.55,22018.5,10:10:00,21989.57909680575,0,12
2024-01-15,22020.5,22020.65,22003.8,22011.05,10:15:00,21992.52394472901,0,13
2024-01-15,22015.7,22024.95,22008.5,22018.15,10:20:00,21994.73118808816,0,14
2024-01-15,22025.3,22028.05,22010.95,22016.0,10:25:00,21997.64250350833,0,15
2024-01-15,22024.0,22037.55,22020.95,22024.55,10:30:00,22000.15274126944,0,16
2024-01-15,22031.3,22038.45,22023.8,22023.95,10:35:00,22003.119146862828,0,17
2024-01-15,22031.2,22035.95,22022.05,22031.25,10:40:00,22005.79351382828,0,18
2024-01-15,22031.45,22033.25,22019.65,22032.0,10:45:00,22008.23698870177,0,19
2024-01-15,22037.2,22037.2,22028.1,22031.15,10:50:00,22010.99537073017,0,20
2024-01-15,22046.8,22046.8,22026.35,22037.25,10:55:00,22014.405335422536,0,21
2024-01-15,22034.8,22047.9,22032.0,22046.3,11:00:00,22016.347684429915,0,22
2024-01-15,22042.05,22044.2,22033.0,22033.95,11:05:00,22018.79552400802,0,23
2024-01-15,22042.1,22046.25,22037.55,22041.35,11:10:00,22021.01499791201,0,24
2024-01-15,22047.05,22048.35,22039.2,22041.95,11:15:00,22023.4945219204,0,25
2024-01-15,22059.45,22060.9,22045.55,22048.3,11:20:00,22026.91885316608,0,26
2024-01-15,22057.2,22063.7,22049.95,22059.35,11:25:00,22029.802771912167,0,27
2024-01-15,22043.45,22058.35,22040.65,22056.8,11:30:00,22031.102507920536,0,28
2024-01-15,22036.95,22046.1,22026.6,22043.1,11:35:00,22031.659411928104,0,29
2024-01-15,22052.9,22052.95,22030.65,22036.25,11:40:00,22033.682325077807,0,30
2024-01-15,22054.2,22058.75,22047.95,22052.3,11:45:00,22035.63638935612,0,31
2024-01-15,22055.9,22059.7,22049.6,22053.85,11:50:00,22037.566257036484,0,32
2024-01-15,22050.45,22056.75,22042.3,22055.55,11:55:00,22038.793280175865,0,33
2024-01-15,22050.55,22056.45,22046.15,22050.25,12:00:00,22039.912967778164,0,34
2024-01-15,22060.2,22061.75,22047.5,22050.75,12:05:00,22041.845066085007,0,35
2024-01-15,22052.1,22061.1,22049.0,22060.55,12:10:00,22042.821726457863,0,36
2024-01-15,22061.1,22064.95,22047.4,22052.2,12:15:00,22044.562514414258,0,37
2024-01-15,22068.2,22069.4,22053.2,22061.25,12:20:00,22046.813703517662,0,38
2024-01-15,22062.1,22068.4,22051.05,22068.25,12:25:00,22048.269541277885,0,39
2024-01-15,22051.3,22063.5,22047.1,22060.7,12:30:00,22048.55815639428,0,40
2024-01-15,22056.55,22057.6,22042.55,22050.9,12:35:00,22049.319284356723,0,41
2024-01-15,22058.55,22059.65,22051.15,22056.5,12:40:00,22050.19840013227,0,42
2024-01-15,22054.8,22061.55,22050.85,22058.15,12:45:00,22050.636647738724,0,43
2024-01-15,22055.75,22058.65,22051.0,22054.4,12:50:00,22051.12363366837,0,44
2024-01-15,22060.85,22063.15,22053.3,22055.1,12:55:00,22052.04995427138,0,45
2024-01-15,22058.45,22063.75,22053.75,22060.45,13:00:00,22052.65948243601,0,46
2024-01-15,22055.2,22058.75,22042.95,22057.7,13:05:00,22052.901436489723,0,47
2024-01-15,22059.85,22061.0,22050.55,22055.35,13:10:00,22053.56320444308,0,48
2024-01-15,22062.5,22069.3,22052.75,22059.55,13:15:00,22054.414327829458,0,49
2024-01-15,22060.05,22066.05,22057.2,22062.65,13:20:00,22054.951058512368,0,50
2024-01-15,22058.2,22060.95,22051.6,22059.85,13:25:00,22055.260481511188,0,51
2024-01-15,22046.2,22059.0,22043.45,22058.6,13:30:00,22054.39757851012,0,52
2024-01-15,22054.45,22055.5,22044.75,22044.75,13:35:00,22054.40257103297,0,53
2024-01-15,22052.3,22058.6,22048.3,22053.45,13:40:00,22054.202326172686,0,54
2024-01-15,22031.4,22052.85,22026.5,22052.85,13:45:00,22052.030676061004,0,55
2024-01-15,22049.6,22055.6,22029.1,22030.8,13:50:00,22051.79918310281,0,56
2024-01-15,22064.0,22064.1,22045.9,22049.5,13:55:00,22052.96116566445,0,57
2024-01-15,22073.85,22074.0,22054.7,22064.05,14:00:00,22054.95057845831,0,58
2024-01-15,22082.9,22084.0,22068.45,22073.8,14:05:00,22057.612428128945,0,59
2024-01-15,22070.7,22083.9,22065.05,22083.5,14:10:00,22058.85886354524,0,60
2024-01-15,22069.85,22072.2,22058.7,22070.1,14:15:00,22059.905638445693,0,61
2024-01-15,22071.95,22074.45,22066.9,22068.85,14:20:00,22061.052720498483,0,62
2024-01-15,22064.05,22074.3,22059.45,22072.3,14:25:00,22061.338175689103,0,63
2024-01-15,22055.45,22068.5,22054.45,22065.0,14:30:00,22060.777397052047,0,64
2024-01-15,22069.95,22074.05,22053.25,22055.3,14:35:00,22061.650978285183,0,65
2024-01-15,22070.45,22073.7,22063.95,22070.05,14:40:00,22062.488980353264,0,66
2024-01-15,22081.1,22086.85,22067.5,22069.7,14:45:00,22064.261458414858,0,67
2024-01-15,22088.95,22088.95,22075.25,22080.55,14:50:00,22066.61274808964,0,68
2024-01-15,22095.75,22098.2,22079.45,22089.4,14:55:00,22069.38772446205,0,69
2024-01-15,22085.85,22104.35,22083.15,22095.0,15:00:00,22070.95556022757,0,70
2024-01-15,22091.1,22095.65,22083.55,22085.55,15:05:00,22072.87407830113,0,71
2024-01-15,22086.9,22091.55,22082.35,22089.75,15:10:00,22074.209880367693,0,72
2024-01-15,22100.5,22101.75,22085.1,22086.1,15:15:00,22076.71370128505,0,73
2024-01-15,22104.65,22108.85,22096.15,22099.9,15:20:00,22079.37430116267,0,74
2024-01-15,22109.8,22113.55,22103.7,22105.15,15:25:00,22082.271986766224,0,75
2024-01-16,22073.05,22083.65,22031.9,22080.5,09:15:00,22081.241014110223,1,1
2024-01-16,22056.3,22072.3,22041.1,22072.3,09:20:00,22078.865679433056,1,2
2024-01-16,22060.25,22075.0,22050.1,22058.05,09:25:00,22077.09275758229,1,3
2024-01-16,22056.4,22078.95,22056.4,22061.25,09:30:00,22075.12201876493,1,4
2024-01-16,22070.55,22076.0,22056.65,22056.65,09:35:00,22074.686588406366,1,5
2024-01-16,22071.65,22074.65,22051.9,22067.6,09:40:00,22074.397389510523,1,6
2024-01-16,22092.4,22096.95,22069.65,22072.05,09:45:00,22076.11192384285,1,7
2024-01-16,22100.95,22107.65,22088.3,22091.25,09:50:00,22078.47745490544,1,8
2024-01-16,22079.45,22104.3,22073.0,22100.6,09:55:00,22078.570078247776,1,9
2024-01-16,22085.15,22093.15,22062.65,22079.7,10:00:00,22079.19673746228,1,10
2024-01-16,22081.25,22090.6,22077.9,22085.6,10:05:00,22079.39228627539,1,11
2024-01-16,22100.65,22102.75,22080.0,22080.05,10:10:00,22081.41683043964,1,12
2024-01-16,22088.9,22102.35,22082.05,22101.0,10:15:00,22082.12951325491,1,13
2024-01-16,22085.85,22096.2,22082.45,22089.7,10:20:00,22082.48384532587,1,14
2024-01-16,22094.15,22094.55,22084.55,22085.85,10:25:00,22083.59490767579,1,15
2024-01-16,22099.65,22100.0,22087.45,22095.05,10:30:00,22085.12396408762,1,16
2024-01-16,22110.3,22111.1,22097.35,22099.6,10:35:00,22087.52168179356,1,17
2024-01-16,22101.1,22111.25,22100.35,22110.1,10:40:00,22088.81485495608,1,18
2024-01-16,22118.15,22120.8,22099.2,22100.2,10:45:00,22091.6086782936,1,19
2024-01-16,22109.05,22118.95,22101.6,22118.0,10:50:00,22093.26975655135,1,20
2024-01-16,22113.75,22117.35,22104.05,22109.35,10:55:00,22095.22025592741,1,21
2024-01-16,22114.65,22116.7,22110.1,22113.8,11:00:00,22097.07070774385,1,22
2024-01-16,22114.45,22120.95,22112.05,22114.15,11:05:00,22098.72587843491,1,23
2024-01-16,22118.75,22123.55,22112.05,22113.55,11:10:00,22100.632937631584,1,24
2024-01-16,22109.05,22120.75,22107.25,22118.0,11:15:00,22101.43456261905,1,25
2024-01-16,22109.85,22112.55,22099.65,22108.05,11:20:00,22102.236032845813,1,26
2024-01-16,22109.2,22110.6,22100.85,22109.8,11:25:00,22102.89926781288,1,27
2024-01-16,22112.3,22112.3,22101.2,22110.15,11:30:00,22103.794575640222,1,28
2024-01-16,22105.35,22115.0,22104.1,22111.7,11:35:00,22103.942711293534,1,29
2024-01-16,22087.3,22106.45,22084.7,22105.4,11:40:00,22102.35769117034,1,30
2024-01-16,22091.45,22091.8,22076.3,22087.0,11:45:00,22101.318863439832,1,31
2024-01-16,22085.15,22094.8,22079.4,22091.3,11:50:00,22099.778971683656,1,32
2024-01-16,22106.75,22106.9,22085.2,22085.35,11:55:00,22100.44287914236,1,33
2024-01-16,22098.35,22107.6,22096.75,22106.45,12:00:00,22100.243557319274,1,34
2024-01-16,22069.75,22098.65,22067.7,22097.2,12:05:00,22097.33940900315,1,35
2024-01-16,22077.8,22080.9,22062.2,22067.9,12:10:00,22095.47851290761,1,36
2024-01-16,22067.15,22078.8,22061.85,22076.6,12:15:00,22092.78055929736,1,37
2024-01-16,22077.0,22079.05,22066.15,22066.7,12:20:00,22091.277648888088,1,38
2024-01-16,22082.95,22082.95,22073.45,22075.75,12:25:00,22090.484539470177,1,39
2024-01-16,22083.0,22090.95,22078.55,22082.15,12:30:00,22089.771726187304,1,40
2024-01-16,22075.5,22083.65,22068.05,22081.5,12:35:00,22088.412514169468,1,41
2024-01-16,22069.1,22078.2,22066.5,22073.75,12:40:00,22086.57322710571,1,42
2024-01-16,22049.7,22072.6,22046.5,22067.7,12:45:00,22083.06149119088,1,43
2024-01-16,22066.3,22068.65,22047.3,22048.9,12:50:00,22081.465158696512,1,44
2024-01-16,22055.8,22067.85,22054.65,22063.75,12:55:00,22079.020857868272,1,45
2024-01-16,22042.5,22056.4,22041.5,22054.95,13:00:00,22075.54268092844,1,46
2024-01-16,22027.65,22047.95,22026.5,22040.8,13:05:00,22070.981473220963,1,47
2024-01-16,22019.0,22037.65,22009.5,22026.05,13:10:00,22066.03085672373,1,48
2024-01-16,22011.2,22039.85,22008.55,22018.65,13:15:00,22060.80887036909,1,49
2024-01-16,22013.6,22024.25,22008.75,22009.95,13:20:00,22056.312787476792,1,50
2024-01-16,22027.45,22028.3,22005.0,22013.45,13:25:00,22053.56395057424,1,51
2024-01-16,21989.9,22026.55,21982.45,22026.4,13:30:00,22047.500717186216,1,52
2024-01-16,21989.8,21989.8,21971.2,21987.7,13:35:00,22042.00541078753,1,53
2024-01-16,22013.0,22018.8,21989.35,21989.35,13:40:00,22039.24299071253,1,54
2024-01-16,22021.05,22029.75,22005.55,22012.05,13:45:00,22037.51032493038,1,55
2024-01-16,22035.35,22037.5,22004.35,22020.55,13:50:00,22037.30457969892,1,56
2024-01-16,22043.85,22049.4,22033.75,22034.7,13:55:00,22037.927953060924,1,57
2024-01-16,22030.65,22049.95,22028.0,22043.3,14:00:00,22037.23481467417,1,58
2024-01-16,22039.25,22039.6,22019.7,22030.1,14:05:00,22037.42673708616,1,59
2024-01-16,22049.4,22057.75,22037.5,22038.75,14:10:00,22038.567047839857,1,60
2024-01-16,22052.65,22052.65,22040.8,22049.1,14:15:00,22039.90828137892,1,61
2024-01-16,22044.85,22058.45,22036.45,22051.5,14:20:00,22040.3789212476,1,62
2024-01-16,22040.9,22044.7,22033.0,22042.4,14:25:00,22040.42854779544,1,63
2024-01-16,22038.4,22053.25,22034.55,22040.7,14:30:00,22040.235352767304,1,64
2024-01-16,22032.0,22039.55,22006.1,22037.65,14:35:00,22039.45103345613,1,65
2024-01-16,22038.45,22041.75,22028.1,22031.25,14:40:00,22039.3556969365,1,66
2024-01-16,22043.15,22048.2,22033.1,22036.8,14:45:00,22039.717059133025,1,67
2024-01-16,22033.65,22051.95,22032.3,22041.85,14:50:00,22039.1392439775,1,68
2024-01-16,22044.05,22046.45,22031.95,22031.95,14:55:00,22039.606935027263,1,69
2024-01-16,22042.85,22046.3,22028.35,22041.45,15:00:00,22039.915798358,1,70
2024-01-16,22041.25,22044.0,22035.1,22041.75,15:05:00,22040.042865181047,1,71
2024-01-16,22034.3,22044.45,22032.45,22040.7,15:10:00,22039.49592564,1,72
2024-01-16,22025.5,22034.35,22017.4,22034.2,15:15:00,22038.16298034095,1,73
2024-01-16,22028.3,22033.05,22016.35,22024.6,15:20:00,22037.223648879903,1,74
2024-01-16,22031.6,22036.6,22026.75,22028.65,15:25:00,22036.688063272297,1,75
2024-01-17,21846.85,21848.4,21647.25,21647.25,09:15:00,21985.051226397503,2,1
2024-01-17,21796.0,21851.15,21793.2,21846.4,09:20:00,21967.04634769298,2,2
2024-01-17,21771.95,21796.7,21758.25,21796.7,09:25:00,21948.46574315079,2,3
2024-01-17,21814.3,21814.3,21766.65,21770.9,09:30:00,21935.688053326907,2,4
2024-01-17,21815.35,21826.95,21801.9,21814.3,09:35:00,21924.22728634339,2,5
2024-01-17,21812.45,21830.75,21808.05,21813.2,09:40:00,21913.581830501163,2,6
2024-01-17,21829.3,21834.7,21811.8,21811.8,09:45:00,21905.55498950105,2,7
2024-01-17,21826.15,21836.9,21809.6,21828.2,09:50:00,21897.99260954857,2,8
2024-01-17,21792.2,21827.75,21784.45,21824.9,09:55:00,21887.9171229249,2,9
2024-01-17,21803.35,21803.55,21783.7,21791.7,10:00:00,21879.863111217768,2,10
2024-01-17,21792.85,21801.9,21777.65,21801.45,10:05:00,21871.576148244647,2,11
2024-01-17,21791.0,21795.35,21781.4,21793.9,10:10:00,21863.902229364205,2,12
2024-01-17,21790.7,21792.15,21777.6,21790.6,10:15:00,21856.930588472376,2,13
2024-01-17,21780.9,21790.8,21776.4,21790.8,10:20:00,21849.68958004644,2,14
2024-01-17,21783.5,21783.6,21766.7,21779.7,10:25:00,21843.3858105182,2,15
2024-01-17,21776.45,21794.0,21774.15,21783.65,10:30:00,21837.01097142123,2,16
2024-01-17,21740.25,21776.45,21735.65,21776.25,10:35:00,21827.795640809683,2,17
2024-01-17,21738.7,21748.8,21733.5,21738.7,10:40:00,21819.31034168495,2,18
2024-01-17,21742.65,21753.75,21732.65,21738.4,10:45:00,21812.009356762577,2,19
2024-01-17,21740.05,21749.95,21735.8,21742.95,10:50:00,21805.156084689952,2,20
2024-01-17,21739.35,21745.45,21729.05,21739.8,10:55:00,21798.888838529005,2,21
2024-01-17,21735.65,21746.65,21731.7,21740.2,11:00:00,21792.86609200243,2,22
2024-01-17,21749.1,21749.75,21727.15,21735.85,11:05:00,21788.697892764103,2,23
2024-01-17,21740.7,21754.5,21740.35,21748.75,11:10:00,21784.126664881805,2,24
2024-01-17,21744.55,21746.9,21725.85,21740.2,11:15:00,21780.357458702587,2,25
2024-01-17,21737.0,21749.35,21734.5,21741.35,11:20:00,21776.228176921388,2,26
2024-01-17,21732.6,21738.95,21728.7,21736.55,11:25:00,21772.073112452683,2,27
2024-01-17,21730.2,21735.95,21718.35,21732.8,11:30:00,21768.085196981,2,28
2024-01-17,21703.75,21734.25,21703.75,21730.55,11:35:00,21761.95803536376,2,29
2024-01-17,21685.75,21705.2,21658.6,21702.95,11:40:00,21754.70012723388,2,30
2024-01-17,21672.35,21685.75,21672.35,21682.9,11:45:00,21746.85725797351,2,31
2024-01-17,21679.75,21682.35,21662.4,21672.55,11:50:00,21740.46609054746,2,32
2024-01-17,21678.75,21681.4,21670.35,21679.15,11:55:00,21734.58836763817,2,33
2024-01-17,21651.05,21679.95,21644.65,21679.1,12:00:00,21726.632332625017,2,34
2024-01-17,21654.7,21664.6,21632.75,21651.5,12:05:00,21719.78163427977,2,35
2024-01-17,21675.45,21679.7,21652.3,21654.6,12:10:00,21715.55957387217,2,36
2024-01-17,21689.1,21693.1,21666.1,21674.9,12:15:00,21713.03961445577,2,37
2024-01-17,21677.4,21689.65,21677.2,21689.6,12:20:00,21709.645365459983,2,38
2024-01-17,21660.95,21680.5,21655.15,21677.7,12:25:00,21705.007711606657,2,39
2024-01-17,21666.9,21674.65,21652.85,21660.2,12:30:00,21701.37840573936,2,40
2024-01-17,21667.25,21668.5,21657.95,21667.25,12:35:00,21698.128081383227,2,41
2024-01-17,21644.55,21668.4,21642.8,21667.25,12:40:00,21693.02540696577,2,42
2024-01-17,21644.0,21655.5,21638.2,21644.45,12:45:00,21688.35632058808,2,43
2024-01-17,21640.8,21650.95,21637.2,21643.65,12:50:00,21683.82714719874,2,44
2024-01-17,21632.9,21648.05,21630.85,21640.45,12:55:00,21678.976942703623,2,45
2024-01-17,21654.4,21656.7,21632.4,21632.95,13:00:00,21676.63628149376,2,46
2024-01-17,21651.95,21657.15,21645.85,21653.85,13:05:00,21674.28520706577,2,47
2024-01-17,21632.95,21655.05,21631.0,21652.0,13:10:00,21670.34852067856,2,48
2024-01-17,21635.7,21648.15,21629.95,21632.9,13:15:00,21667.04866156632,2,49
2024-01-17,21638.8,21641.75,21631.2,21635.7,13:20:00,21664.35831284571,2,50
2024-01-17,21647.05,21653.25,21637.6,21639.1,13:25:00,21662.709902098497,2,51
2024-01-17,21639.6,21649.6,21635.55,21646.85,13:30:00,21660.508959041497,2,52
2024-01-17,21633.7,21640.95,21613.25,21639.55,13:35:00,21657.955724847063,2,53
2024-01-17,21651.25,21657.3,21633.45,21634.35,13:40:00,21657.31708438544,2,54
2024-01-17,21654.45,21655.6,21645.65,21650.8,13:45:00,21657.044028729684,2,55
2024-01-17,21657.8,21677.2,21654.15,21654.15,13:50:00,21657.11602599352,2,56
2024-01-17,21649.15,21660.65,21645.25,21657.8,13:55:00,21656.35735685128,2,57
2024-01-17,21643.8,21656.1,21634.1,21648.6,14:00:00,21655.16141810354,2,58
2024-01-17,21659.45,21667.1,21642.25,21642.25,14:05:00,21655.56985447463,2,59
2024-01-17,21657.1,21659.55,21647.7,21659.3,14:10:00,21655.7155826199,2,60
2024-01-17,21638.95,21661.7,21631.9,21657.9,14:15:00,21654.118860465624,2,61
2024-01-17,21628.8,21640.05,21625.75,21639.35,14:20:00,21651.70754042128,2,62
2024-01-17,21604.2,21632.5,21603.15,21627.6,14:25:00,21647.18301276211,2,63
2024-01-17,21608.2,21612.05,21593.15,21603.6,14:30:00,21643.470344880006,2,64
2024-01-17,21599.35,21612.3,21598.45,21608.15,14:35:00,21639.268407272382,2,65
2024-01-17,21575.7,21601.7,21572.3,21598.35,14:40:00,21633.21427324644,2,66
2024-01-17,21563.6,21582.15,21563.6,21575.55,14:45:00,21626.58434246107,2,67
2024-01-17,21579.6,21584.1,21559.85,21563.65,14:50:00,21622.10964317906,2,68
2024-01-17,21572.0,21588.5,21568.2,21580.3,14:55:00,21617.337296209625,2,69
2024-01-17,21567.9,21583.05,21564.45,21573.65,15:00:00,21612.6289822849,2,70
2024-01-17,21573.4,21574.25,21551.5,21567.55,15:05:00,21608.89288873396,2,71
2024-01-17,21589.75,21605.65,21572.85,21572.85,15:10:00,21607.069756473586,2,72
2024-01-17,21565.35,21593.1,21564.75,21588.85,15:15:00,21603.09644633324,2,73
2024-01-17,21564.8,21568.2,21555.9,21564.9,15:20:00,21599.44916573007,2,74
2024-01-17,21577.25,21577.25,21562.2,21563.4,15:25:00,21597.334959470067,2,75
2024-01-18,21447.3,21472.25,21409.75,21414.2,09:15:00,21567.26557906733,3,1
2024-01-18,21461.3,21463.7,21442.75,21445.1,09:20:00,21557.17361915616,3,2
2024-01-18,21440.05,21464.05,21428.3,21462.6,09:25:00,21546.018988760337,3,3
2024-01-18,21422.5,21440.5,21410.95,21438.85,09:30:00,21534.255275545067,3,4
2024-01-18,21375.6,21423.15,21367.15,21423.15,09:35:00,21519.14524930268,3,5
2024-01-18,21384.45,21397.9,21369.35,21374.9,09:40:00,21506.31713032148,3,6
2024-01-18,21345.9,21385.75,21343.15,21382.75,09:45:00,21491.03930838609,3,7
2024-01-18,21317.45,21345.4,21302.9,21345.4,09:50:00,21474.506993301704,3,8
2024-01-18,21294.9,21315.95,21286.45,21315.85,09:55:00,21457.401565368207,3,9
2024-01-18,21324.15,21337.85,21294.65,21294.65,10:00:00,21444.710940095043,3,10
2024-01-18,21424.35,21424.35,21323.05,21324.8,10:05:00,21442.77180294313,3,11
2024-01-18,21391.35,21440.7,21382.15,21428.4,10:10:00,21437.87448837712,3,12
2024-01-18,21371.5,21393.45,21356.6,21391.85,10:15:00,21431.553108531683,3,13
2024-01-18,21396.35,21407.5,21365.55,21371.55,10:20:00,21428.200431528665,3,14
2024-01-18,21408.1,21426.7,21395.15,21396.05,10:25:00,21426.286104716408,3,15
2024-01-18,21394.9,21431.0,21386.7,21409.05,10:30:00,21423.29695188628,3,16
2024-01-18,21431.05,21431.75,21384.6,21395.6,10:35:00,21424.035337420915,3,17
2024-01-18,21452.7,21455.4,21424.85,21430.4,10:40:00,21426.76530528559,3,18
2024-01-18,21462.1,21473.1,21438.6,21452.25,10:45:00,21430.13051430601,3,19
2024-01-18,21457.0,21474.3,21452.05,21462.05,10:50:00,21432.68951294353,3,20
2024-01-18,21466.5,21467.1,21439.55,21456.15,10:55:00,21435.909559329863,3,21
2024-01-18,21454.05,21473.3,21444.5,21466.3,11:00:00,21437.637220346067,3,22
2024-01-18,21488.05,21488.45,21450.45,21455.85,11:05:00,21442.438437455967,3,23
2024-01-18,21484.25,21490.8,21474.0,21487.3,11:10:00,21446.420491031586,3,24
2024-01-18,21468.7,21486.45,21459.35,21484.25,11:15:00,21448.54234902858,3,25
2024-01-18,21483.15,21484.8,21455.5,21469.05,11:20:00,21451.83831578776,3,26
2024-01-18,21479.5,21485.95,21471.65,21483.6,11:25:00,21454.472761903213,3,27
2024-01-18,21483.75,21497.05,21474.8,21480.1,11:30:00,21457.26107029338,3,28
2024-01-18,21473.35,21483.95,21468.25,21483.25,11:35:00,21458.79334931306,3,29
2024-01-18,21467.55,21475.35,21444.95,21472.95,11:40:00,21459.62731604515,3,30
2024-01-18,21472.05,21475.75,21464.15,21468.65,11:45:00,21460.81042880276,3,31
2024-01-18,21488.05,21488.6,21466.55,21471.95,11:50:00,21463.40467367868,3,32
2024-01-18,21510.05,21514.6,21481.1,21487.3,11:55:00,21467.84708570928,3,33
2024-01-18,21508.6,21516.5,21495.45,21510.8,12:00:00,21471.72831564173,3,34
2024-01-18,21513.9,21520.65,21503.55,21508.45,12:05:00,21475.744666532995,3,35
2024-01-18,21521.8,21525.5,21509.7,21513.35,12:10:00,21480.130888767948,3,36
2024-01-18,21523.0,21526.55,21508.65,21522.85,12:15:00,21484.21366126624,3,37
2024-01-18,21530.4,21538.65,21511.9,21521.4,12:20:00,21488.61236019326,3,38
2024-01-18,21518.05,21539.05,21518.05,21530.7,12:25:00,21491.41594493676,3,39
2024-01-18,21469.3,21520.05,21469.3,21519.2,12:30:00,21489.3096644666,3,40
2024-01-18,21482.4,21488.15,21468.3,21468.3,12:35:00,21488.65160118406,3,41
2024-01-18,21451.55,21486.55,21448.1,21483.25,12:40:00,21485.118115357007,3,42
2024-01-18,21454.35,21464.55,21436.9,21449.65,12:45:00,21482.18781865634,3,43
2024-01-18,21456.2,21472.85,21448.6,21453.5,12:50:00,21479.71278830812,3,44
2024-01-18,21443.35,21470.25,21441.0,21456.7,12:55:00,21476.249665612107,3,45
2024-01-18,21445.8,21452.75,21437.85,21443.3,13:00:00,21473.349697458576,3,46
2024-01-18,21456.4,21466.85,21446.0,21446.25,13:05:00,21471.73544055776,3,47
2024-01-18,21452.5,21466.0,21441.4,21456.4,13:10:00,21469.903493837974,3,48
2024-01-18,21455.35,21459.45,21443.95,21452.65,13:15:00,21468.517446805785,3,49
2024-01-18,21466.0,21472.0,21454.4,21455.6,13:20:00,21468.277689967137,3,50
2024-01-18,21449.05,21465.75,21446.6,21465.75,13:25:00,21466.44648139884,3,51
2024-01-18,21452.05,21456.7,21442.35,21449.25,13:30:00,21465.07538793228,3,52
2024-01-18,21442.55,21457.95,21434.3,21452.1,13:35:00,21462.93011289112,3,53
2024-01-18,21438.7,21448.25,21432.05,21442.65,13:40:00,21460.62248309196,3,54
2024-01-18,21442.35,21448.6,21434.75,21438.6,13:45:00,21458.88224660701,3,55
2024-01-18,21454.95,21460.8,21438.75,21441.45,13:50:00,21458.50774693015,3,56
2024-01-18,21451.4,21460.45,21446.5,21455.4,13:55:00,21457.830818651088,3,57
2024-01-18,21447.2,21456.15,21442.75,21451.3,14:00:00,21456.818359731937,3,58
2024-01-18,21442.0,21448.85,21436.05,21446.95,14:05:00,21455.407087376512,3,59
2024-01-18,21454.35,21461.25,21434.8,21442.5,14:10:00,21455.306412388272,3,60
2024-01-18,21445.1,21459.85,21443.0,21454.9,14:15:00,21454.3343731132,3,61
2024-01-18,21444.3,21450.5,21440.65,21445.35,14:20:00,21453.37871853099,3,62
2024-01-18,21429.2,21445.9,21425.4,21444.3,14:25:00,21451.0759834328,3,63
2024-01-18,21436.85,21438.4,21418.0,21429.2,14:30:00,21449.721127867768,3,64
2024-01-18,21452.6,21458.55,21432.05,21436.6,14:35:00,21449.995306166074,3,65
2024-01-18,21475.8,21484.85,21448.15,21452.2,14:40:00,21452.45289605502,3,66
2024-01-18,21476.05,21481.45,21465.05,21476.1,14:45:00,21454.700239287875,3,67
2024-01-18,21468.05,21487.55,21466.15,21476.2,14:50:00,21455.97164506998,3,68
2024-01-18,21451.4,21472.1,21449.4,21466.35,14:55:00,21455.53625030141,3,69
2024-01-18,21455.1,21465.1,21445.95,21451.9,15:00:00,21455.494702653657,3,70
2024-01-18,21456.85,21478.25,21449.05,21455.0,15:05:00,21455.623778591405,3,71
2024-01-18,21458.3,21467.35,21452.55,21457.5,15:10:00,21455.8786568208,3,72
2024-01-18,21463.05,21464.55,21450.15,21458.5,15:15:00,21456.561641885484,3,73
2024-01-18,21472.5,21473.55,21461.6,21464.35,15:20:00,21458.07958075353,3,74
2024-01-18,21477.25,21485.25,21468.9,21473.05,15:25:00,21459.905334967483,3,75
2024-01-19,21646.35,21649.45,21606.65,21615.2,09:15:00,21491.043369440504,4,1
2024-01-19,21647.3,21655.95,21634.15,21645.55,09:20:00,21505.924953303314,4,2
2024-01-19,21654.65,21659.55,21640.0,21647.75,09:25:00,21520.089243464903,4,3
2024-01-19,21622.8,21662.45,21618.4,21655.75,09:30:00,21529.871220277768,4,4
2024-01-19,21658.1,21662.35,21623.35,21623.35,09:35:00,21542.08348501322,4,5
2024-01-19,21638.65,21664.9,21628.15,21657.7,09:40:00,21551.28029596434,4,6
2024-01-19,21631.25,21644.25,21618.6,21638.3,09:45:00,21558.896458253454,4,7
2024-01-19,21633.0,21636.25,21606.65,21630.9,09:50:00,21565.953938419792,4,8
2024-01-19,21640.6,21647.45,21630.7,21633.35,09:55:00,21573.06308714172,4,9
2024-01-19,21647.9,21650.6,21634.95,21639.45,10:00:00,21580.19041217584,4,10
2024-01-19,21635.45,21654.1,21633.3,21648.15,10:05:00,21585.453230063853,4,11
2024-01-19,21639.0,21641.6,21622.65,21635.25,10:10:00,21590.55292243872,4,12
2024-01-19,21629.4,21642.25,21626.55,21638.9,10:15:00,21594.252644111224,4,13
2024-01-19,21641.45,21642.15,21621.95,21627.8,10:20:00,21598.747630386344,4,14
2024-01-19,21660.45,21660.45,21640.65,21640.95,10:25:00,21604.624046540022,4,15
2024-01-19,21662.05,21670.5,21654.4,21661.15,10:30:00,21610.093184964782,4,16
2024-01-19,21660.75,21664.85,21652.95,21661.55,10:35:00,21614.91764353957,4,17
2024-01-19,21645.3,21662.0,21642.65,21660.95,10:40:00,21617.811201297707,4,18
2024-01-19,21641.95,21648.4,21637.9,21645.15,10:45:00,21620.11013450745,4,19
2024-01-19,21636.9,21646.45,21636.9,21642.25,10:50:00,21621.709169316266,4,20
2024-01-19,21623.95,21642.8,21618.5,21638.05,10:55:00,21621.922581762337,4,21
2024-01-19,21625.15,21635.7,21616.7,21625.0,11:00:00,21622.22995492783,4,22
2024-01-19,21589.65,21625.4,21584.15,21625.4,11:05:00,21619.12710207756,4,23
2024-01-19,21586.9,21600.0,21580.9,21587.85,11:10:00,21616.057854260653,4,24
2024-01-19,21595.95,21601.4,21576.0,21585.35,11:15:00,21614.14282052154,4,25
2024-01-19,21599.85,21603.0,21586.4,21596.25,11:20:00,21612.78159951949,4,26
2024-01-19,21597.5,21603.35,21588.9,21600.4,11:25:00,21611.326209089064,4,27
2024-01-19,21596.8,21598.9,21588.3,21596.8,11:30:00,21609.94276060439,4,28
2024-01-19,21617.6,21622.55,21582.7,21595.3,11:35:00,21610.67202149921,4,29
2024-01-19,21598.9,21618.25,21598.45,21617.75,11:40:00,21609.550876594523,4,30
2024-01-19,21597.9,21600.9,21585.0,21597.85,11:45:00,21608.44126929981,4,31
2024-01-19,21600.6,21606.15,21596.15,21597.4,11:50:00,21607.694481747447,4,32
2024-01-19,21595.6,21611.6,21595.35,21599.45,11:55:00,21606.54262634293,4,33
2024-01-19,21586.6,21602.45,21585.05,21595.25,12:00:00,21604.643328595983,4,34
2024-01-19,21589.05,21603.25,21584.75,21585.15,12:05:00,21603.15824968208,4,35
2024-01-19,21588.4,21595.6,21577.35,21588.5,12:10:00,21601.75270209331,4,36
2024-01-19,21590.2,21592.3,21577.55,21586.65,12:15:00,21600.65244475109,4,37
2024-01-19,21590.6,21591.75,21577.8,21589.9,12:20:00,21599.695069060508,4,38
2024-01-19,21590.8,21590.95,21577.6,21589.6,12:25:00,21598.84791962617,4,39
2024-01-19,21602.35,21603.3,21589.2,21589.8,12:30:00,21599.181451090342,4,40
2024-01-19,21604.85,21612.45,21599.95,21601.6,12:35:00,21599.721312891263,4,41
2024-01-19,21604.3,21608.9,21595.15,21604.45,12:40:00,21600.15737833019,4,42
2024-01-19,21616.75,21616.75,21603.25,21603.25,12:45:00,21601.73762801303,4,43
2024-01-19,21617.8,21620.2,21610.05,21615.6,12:50:00,21603.267377726075,4,44
2024-01-19,21610.4,21622.65,21608.15,21617.45,12:55:00,21603.9466750855,4,45
2024-01-19,21612.7,21619.9,21608.2,21609.35,13:00:00,21604.78032507736,4,46
2024-01-19,21621.05,21627.1,21610.2,21613.1,13:05:00,21606.32981792713,4,47
2024-01-19,21627.9,21629.15,21609.15,21619.95,13:10:00,21608.38412098169,4,48
2024-01-19,21638.3,21638.3,21621.9,21626.85,13:15:00,21611.233252316764,4,49
2024-01-19,21628.35,21638.95,21626.9,21636.75,13:20:00,21612.863418762787,4,50
2024-01-19,21590.6,21629.1,21590.6,21627.85,13:25:00,21610.74309316633,4,51
2024-01-19,21606.15,21606.95,21587.65,21589.45,13:30:00,21610.30565572192,4,52
2024-01-19,21626.65,21629.25,21602.3,21604.8,13:35:00,21611.86225993888,4,53
2024-01-19,21610.9,21627.55,21606.55,21625.95,13:40:00,21611.77061613517,4,54
2024-01-19,21608.65,21619.65,21601.7,21610.6,13:45:00,21611.47341459849,4,55
2024-01-19,21613.25,21616.95,21602.75,21608.25,13:50:00,21611.642613208165,4,56
2024-01-19,21605.6,21618.2,21602.4,21612.3,13:55:00,21611.06712623596,4,57
2024-01-19,21599.75,21611.35,21591.1,21605.4,14:00:00,21609.98930468968,4,58
2024-01-19,21604.4,21605.15,21587.9,21599.25,14:05:00,21609.456989957325,4,59
2024-01-19,21589.0,21605.7,21588.45,21603.95,14:10:00,21607.508705199485,4,60
2024-01-19,21595.6,21601.7,21587.05,21589.2,14:15:00,21606.37454279953,4,61
2024-01-19,21602.5,21606.6,21594.85,21595.8,14:20:00,21606.005538723388,4,62
2024-01-19,21624.9,21625.0,21600.7,21601.6,14:25:00,21607.80501122592,4,63
2024-01-19,21620.75,21624.25,21613.1,21624.05,14:30:00,21609.037867299645,4,64
2024-01-19,21626.2,21626.2,21601.45,21620.55,14:35:00,21610.67235612825,4,65
2024-01-19,21629.2,21640.1,21612.95,21625.75,14:40:00,21612.43689363985,4,66
2024-01-19,21618.45,21637.65,21616.4,21628.3,14:45:00,21613.009570436054,4,67
2024-01-19,21625.8,21631.5,21615.15,21617.95,14:50:00,21614.227706585,4,68
2024-01-19,21612.55,21629.1,21607.95,21625.25,14:55:00,21614.067925005475,4,69
2024-01-19,21605.55,21626.4,21589.45,21612.3,15:00:00,21613.25669405257,4,70
2024-01-19,21613.8,21624.35,21603.5,21605.1,15:05:00,21613.30843747614,4,71
2024-01-19,21619.75,21623.5,21608.0,21613.95,15:10:00,21613.92191962127,4,72
2024-01-19,21631.2,21632.6,21616.85,21619.25,15:15:00,21615.56745108591,4,73
2024-01-19,21635.2,21635.3,21619.35,21630.9,15:20:00,21617.43721764916,4,74
2024-01-19,21638.2,21645.65,21630.4,21635.15,15:25:00,21619.41462549209,4,75
2024-01-20,21704.6,21718.5,21668.5,21706.15,09:15:00,21635.001314745223,5,1
2024-01-20,21693.9,21716.7,21677.4,21704.75,09:20:00,21640.61071334092,5,2
2024-01-20,21677.1,21697.5,21672.15,21692.3,09:25:00,21644.085883498927,5,3
2024-01-20,21663.7,21678.85,21651.6,21677.8,09:30:00,21645.95389459427,5,4
2024-01-20,21661.05,21679.15,21653.75,21662.4,09:35:00,21647.391618918624,5,5
2024-01-20,21656.2,21661.3,21639.0,21661.3,09:40:00,21648.230512354945,5,6
2024-01-20,21645.65,21656.55,21638.3,21655.75,09:45:00,21647.98474927352,5,7
2024-01-20,21646.0,21654.65,21641.75,21645.45,09:50:00,21647.795725533186,5,8
2024-01-20,21639.8,21667.1,21622.65,21645.25,09:55:00,21647.03422786336,5,9
2024-01-20,21625.65,21651.2,21623.4,21638.3,10:00:00,21644.99763473352,5,10
2024-01-20,21615.7,21637.05,21615.7,21625.75,10:05:00,21642.20738380651,5,11
2024-01-20,21643.85,21647.2,21604.55,21616.15,10:10:00,21642.363823443982,5,12
2024-01-20,21646.15,21659.15,21640.65,21643.8,10:15:00,21642.724411687417,5,13
2024-01-20,21662.3,21664.1,21645.9,21645.9,10:20:00,21644.58875343147,5,14
2024-01-20,21659.8,21662.7,21650.95,21661.6,10:25:00,21646.03744358085,5,15
2024-01-20,21670.55,21671.8,21657.45,21658.3,10:30:00,21648.37197276363,5,16
2024-01-20,21665.8,21677.2,21656.9,21670.45,10:35:00,21650.031784881383,5,17
2024-01-20,21679.05,21680.25,21663.0,21665.5,10:40:00,21652.79542441649,5,18
2024-01-20,21688.65,21694.4,21678.45,21680.05,10:45:00,21656.21014590064,5,19
2024-01-20,21667.0,21690.7,21666.7,21688.5,10:50:00,21657.237751052955,5,20
2024-01-20,21668.5,21672.5,21660.45,21667.1,10:55:00,21658.31034619077,5,21
2024-01-20,21670.15,21672.35,21658.95,21667.65,11:00:00,21659.43793226784,5,22
2024-01-20,21675.65,21677.35,21667.65,21671.1,11:05:00,21660.98193871852,5,23
2024-01-20,21665.8,21676.3,21663.0,21675.5,11:10:00,21661.44080169771,5,24
2024-01-20,21652.7,21669.65,21649.1,21666.45,11:15:00,21660.608344393167,5,25
2024-01-20,21653.1,21658.2,21650.05,21652.6,11:20:00,21659.893263974773,5,26
2024-01-20,21656.6,21663.7,21648.05,21651.85,11:25:00,21659.5796197867,5,27
2024-01-20,21648.15,21661.85,21646.9,21657.25,11:30:00,21658.49108456892,5,28
2024-01-20,21652.45,21657.2,21644.0,21647.55,11:35:00,21657.9157431814,5,29
2024-01-20,21653.75,21654.3,21643.55,21652.4,11:40:00,21657.51900573556,5,30
2024-01-20,21644.8,21656.4,21644.05,21653.65,11:45:00,21656.30767185598,5,31
2024-01-20,21641.2,21646.15,21633.95,21644.55,11:50:00,21654.86884596493,5,32
2024-01-20,21648.4,21649.05,21638.95,21640.65,11:55:00,21654.252765396843,5,33
2024-01-20,21651.35,21659.25,21646.55,21647.3,12:00:00,21653.976311549523,5,34
2024-01-20,21651.35,21654.75,21647.3,21652.65,12:05:00,21653.726186640044,5,35
2024-01-20,21648.05,21653.5,21643.75,21651.6,12:10:00,21653.18559743623,5,36
2024-01-20,21650.35,21653.7,21644.55,21648.3,12:15:00,21652.915540537542,5,37
2024-01-20,21653.75,21658.4,21648.35,21649.3,12:20:00,21652.9950128673,5,38
2024-01-20,21643.65,21653.8,21638.9,21653.8,12:25:00,21652.105011641845,5,39
2024-01-20,21629.2,21644.7,21628.55,21642.55,12:30:00,21649.92358196167,5,40
2024-01-20,21607.7,21628.6,21587.25,21626.05,12:35:00,21645.90228844151,5,41
2024-01-20,21594.3,21608.85,21580.45,21608.35,12:40:00,21640.987784780413,5,42
2024-01-20,21622.6,21628.65,21593.9,21596.25,12:45:00,21639.23656718228,5,43
2024-01-20,21618.4,21624.8,21618.0,21620.8,12:50:00,21637.25213221254,5,44
2024-01-20,21648.85,21650.8,21617.6,21619.55,12:55:00,21638.35669104944,5,45
2024-01-20,21638.45,21654.45,21637.2,21649.55,13:00:00,21638.36557761616,5,46
2024-01-20,21644.45,21651.55,21626.35,21639.0,13:05:00,21638.94504641462,5,47
2024-01-20,21653.25,21653.6,21642.1,21644.75,13:10:00,21640.307422946564,5,48
2024-01-20,21649.2,21661.3,21648.1,21652.65,13:15:00,21641.15433504689,5,49
2024-01-20,21648.4,21656.2,21640.7,21650.1,13:20:00,21641.84439837576,5,50
2024-01-20,21649.2,21663.35,21647.85,21649.45,13:25:00,21642.54493186378,5,51
2024-01-20,21640.65,21654.7,21637.3,21648.9,13:30:00,21642.364462162463,5,52
2024-01-20,21640.15,21644.4,21637.65,21640.85,13:35:00,21642.153561004136,5,53
2024-01-20,21630.65,21643.25,21627.9,21639.15,13:40:00,21641.057983765644,5,54
2024-01-20,21612.15,21636.8,21609.05,21632.1,13:45:00,21638.30484245463,5,55
2024-01-20,21612.4,21616.3,21607.25,21612.65,13:50:00,21635.837714601807,5,56
2024-01-20,21630.65,21635.7,21611.3,21613.75,13:55:00,21635.34364654449,5,57
2024-01-20,21614.0,21634.55,21613.1,21630.9,14:00:00,21633.31091830216,5,58
2024-01-20,21611.45,21617.65,21608.55,21614.75,14:05:00,21631.228926082906,5,59
2024-01-20,21609.6,21616.5,21608.2,21612.65,14:10:00,21629.169028360724,5,60
2024-01-20,21605.25,21616.95,21595.9,21611.1,14:15:00,21626.8910256597,5,61
2024-01-20,21601.0,21614.5,21598.15,21605.45,14:20:00,21624.42521369211,5,62
2024-01-20,21615.85,21618.05,21601.35,21601.35,14:25:00,21623.608526673816,5,63
2024-01-20,21619.3,21620.25,21609.35,21616.65,14:30:00,21623.19819080012,5,64
2024-01-20,21611.5,21624.5,21609.2,21620.4,14:35:00,21622.084077390584,5,65
2024-01-20,21593.8,21614.3,21586.9,21613.2,14:40:00,21619.390355734336,5,66
2024-01-20,21610.6,21611.45,21578.45,21593.3,14:45:00,21618.55317899773,5,67
2024-01-20,21597.2,21611.95,21596.2,21610.7,14:50:00,21616.519542902708,5,68
2024-01-20,21589.1,21599.75,21585.85,21597.1,14:55:00,21613.90815786436,5,69
2024-01-20,21570.3,21594.55,21558.7,21589.85,15:00:00,21609.75499997251,5,70
2024-01-20,21557.9,21572.75,21542.05,21571.3,15:05:00,21604.81642854656,5,71
2024-01-20,21578.2,21580.65,21551.95,21561.5,15:10:00,21602.28153058974,5,72
2024-01-20,21585.3,21591.15,21572.05,21578.7,15:15:00,21600.664241962146,5,73
2024-01-20,21584.6,21588.0,21571.75,21585.35,15:20:00,21599.13431415623,5,74
2024-01-20,21586.95,21588.3,21580.8,21585.0,15:25:00,21597.973903284208,5,75
2024-01-23,21727.15,21749.25,21711.45,21716.7,09:15:00,21620.506755296145,1,1
2024-01-23,21717.35,21738.95,21714.85,21727.4,09:20:00,21629.729921458416,1,2
2024-01-23,21714.0,21727.95,21706.65,21718.2,09:25:00,21637.75564322428,1,3
2024-01-23,21720.3,21726.35,21700.5,21714.2,09:30:00,21645.61701053625,1,4
2024-01-23,21701.15,21721.5,21688.05,21720.3,09:35:00,21650.905866675657,1,5
2024-01-23,21722.3,21728.5,21697.1,21702.45,09:40:00,21657.70530794464,1,6
2024-01-23,21710.7,21730.4,21710.7,21723.45,09:45:00,21662.752421473724,1,7
2024-01-23,21725.3,21731.5,21709.45,21710.95,09:50:00,21668.70933371432,1,8
2024-01-23,21674.0,21727.35,21670.05,21725.55,09:55:00,21669.21320669391,1,9
2024-01-23,21652.0,21677.4,21641.95,21674.4,10:00:00,21667.57385367544,1,10
2024-01-23,21650.1,21663.95,21629.95,21652.95,10:05:00,21665.90967713492,1,11
2024-01-23,21658.65,21670.6,21641.25,21649.7,10:10:00,21665.218279312547,1,12
2024-01-23,21663.25,21679.95,21655.8,21658.1,10:15:00,21665.030824139925,1,13
2024-01-23,21607.7,21663.9,21607.7,21663.7,10:20:00,21659.57074565041,1,14
2024-01-23,21600.4,21616.1,21591.8,21608.2,10:25:00,21653.935436540847,1,15
2024-01-23,21609.8,21623.15,21592.75,21600.15,10:30:00,21649.7320616322,1,16
2024-01-23,21570.1,21618.95,21569.8,21610.0,10:35:00,21642.148055762464,1,17
2024-01-23,21541.3,21569.75,21536.85,21569.5,10:40:00,21632.54347902318,1,18
2024-01-23,21531.05,21557.8,21527.7,21539.45,10:45:00,21622.877433401925,1,19
2024-01-23,21559.25,21559.65,21520.3,21530.35,10:50:00,21616.81767783984,1,20
2024-01-23,21562.15,21568.3,21541.5,21558.65,10:55:00,21611.61123233128,1,21
2024-01-23,21555.1,21562.8,21528.35,21560.55,11:00:00,21606.22921020449,1,22
2024-01-23,21557.7,21566.2,21548.55,21555.25,11:05:00,21601.607380661204,1,23
2024-01-23,21557.55,21571.15,21550.55,21558.25,11:10:00,21597.41143964585,1,24
2024-01-23,21540.4,21563.15,21538.3,21556.6,11:15:00,21591.9817787272,1,25
2024-01-23,21549.2,21553.05,21529.1,21538.8,11:20:00,21587.90732361032,1,26
2024-01-23,21554.8,21559.5,21544.4,21550.1,11:25:00,21584.754245171243,1,27
2024-01-23,21536.2,21555.2,21512.8,21555.2,11:30:00,21580.13003134541,1,28
2024-01-23,21509.15,21539.85,21508.2,21537.0,11:35:00,21573.37002836013,1,29
2024-01-23,21466.25,21511.35,21462.45,21507.7,11:40:00,21563.168120897262,1,30
2024-01-23,21468.2,21480.35,21448.85,21466.1,11:45:00,21554.123537954663,1,31
2024-01-23,21452.35,21485.6,21451.1,21469.5,11:50:00,21544.43082005422,1,32
2024-01-23,21443.7,21466.2,21436.05,21452.3,11:55:00,21534.83740862048,1,33
2024-01-23,21411.85,21445.75,21404.4,21443.1,12:00:00,21523.1243220852,1,34
2024-01-23,21387.8,21416.75,21373.75,21411.1,12:05:00,21510.23629141042,1,35
2024-01-23,21389.3,21402.05,21382.25,21386.7,12:10:00,21498.71854937133,1,36
2024-01-23,21389.35,21434.75,21386.75,21388.45,12:15:00,21488.30249705025,1,37
2024-01-23,21382.55,21404.85,21381.7,21389.65,12:20:00,21478.23083066451,1,38
2024-01-23,21398.5,21402.35,21382.2,21382.2,12:25:00,21470.63741822027,1,39
2024-01-23,21418.05,21426.25,21396.6,21399.45,12:30:00,21465.62909267548,1,40
2024-01-23,21401.6,21425.85,21397.4,21418.0,12:35:00,21459.531083849244,1,41
2024-01-23,21401.25,21408.65,21394.45,21400.3,12:40:00,21453.980504435032,1,42
2024-01-23,21401.8,21405.95,21373.2,21399.4,12:45:00,21449.01093258408,1,43
2024-01-23,21397.25,21405.85,21383.25,21402.15,12:50:00,21444.081319957026,1,44
2024-01-23,21365.3,21397.0,21357.3,21396.4,12:55:00,21436.57833710397,1,45
2024-01-23,21367.4,21379.2,21358.55,21363.85,13:00:00,21429.98992404645,1,46
2024-01-23,21349.2,21376.1,21345.05,21367.4,13:05:00,21422.295645565835,1,47
2024-01-23,21353.25,21364.55,21337.45,21348.4,13:10:00,21415.719869797664,1,48
2024-01-23,21364.2,21375.65,21346.65,21353.1,13:15:00,21410.81321553122,1,49
2024-01-23,21349.35,21366.0,21342.8,21365.05,13:20:00,21404.95957595682,1,50
2024-01-23,21348.8,21355.35,21327.6,21348.6,13:25:00,21399.611044913312,1,51
2024-01-23,21342.5,21361.7,21341.05,21349.2,13:30:00,21394.17189777871,1,52
2024-01-23,21346.5,21356.85,21339.55,21343.55,13:35:00,21389.63171703788,1,53
2024-01-23,21347.4,21349.4,21330.65,21346.5,13:40:00,21385.60964874856,1,54
2024-01-23,21360.3,21361.45,21340.8,21347.2,13:45:00,21383.1992060106,1,55
2024-01-23,21326.1,21360.8,21313.0,21360.1,13:50:00,21377.76118639054,1,56
2024-01-23,21314.9,21327.85,21302.5,21326.05,13:55:00,21371.774406734297,1,57
2024-01-23,21327.85,21332.0,21304.2,21315.7,14:00:00,21367.59112990246,1,58
2024-01-23,21317.15,21337.4,21311.15,21328.1,14:05:00,21362.787212768893,1,59
2024-01-23,21311.75,21323.85,21304.7,21317.1,14:10:00,21357.926525838524,1,60
2024-01-23,21299.9,21313.2,21293.2,21312.3,14:15:00,21352.400190044376,1,61
2024-01-23,21270.6,21301.85,21263.6,21300.1,14:20:00,21344.60969575444,1,62
2024-01-23,21237.55,21270.6,21231.85,21269.35,14:25:00,21334.41353425401,1,63
2024-01-23,21245.6,21265.25,21233.4,21237.7,14:30:00,21325.955102420296,1,64
2024-01-23,21224.5,21246.75,21219.9,21244.9,14:35:00,21316.2927117136,1,65
2024-01-23,21220.0,21251.05,21218.2,21223.55,14:40:00,21307.121977264684,1,66
2024-01-23,21248.0,21254.2,21219.55,21221.85,14:45:00,21301.491312763283,1,67
2024-01-23,21244.55,21270.55,21235.9,21248.8,14:50:00,21296.06833059535,1,68
2024-01-23,21221.65,21247.5,21212.65,21245.6,14:55:00,21288.98087053865,1,69
2024-01-23,21196.55,21233.1,21195.85,21221.15,15:00:00,21280.17793048735,1,70
2024-01-23,21242.45,21249.4,21193.0,21195.05,15:05:00,21276.58479425046,1,71
2024-01-23,21239.5,21252.15,21231.25,21243.65,15:10:00,21273.052909083748,1,72
2024-01-23,21244.05,21256.15,21234.65,21239.25,15:15:00,21270.29072726625,1,73
2024-01-23,21257.1,21267.25,21243.25,21244.45,15:20:00,21269.03446752661,1,74
2024-01-23,21243.05,21271.25,21238.75,21257.15,15:25:00,21266.5597563336,1,75
2024-01-24,21146.3,21228.8,21137.95,21185.25,09:15:00,21248.10016334792,2,1
2024-01-24,21235.55,21252.45,21147.75,21147.75,09:20:00,21246.90490969573,2,2
2024-01-24,21240.05,21240.45,21175.0,21236.3,09:25:00,21246.25206115328,2,3
2024-01-24,21253.9,21268.95,21227.35,21244.2,09:30:00,21246.980436281538,2,4
2024-01-24,21275.6,21275.7,21237.85,21254.0,09:35:00,21249.706109016628,2,5
2024-01-24,21267.55,21285.5,21257.45,21275.1,09:40:00,21251.40552720552,2,6
2024-01-24,21306.2,21316.2,21267.95,21267.95,09:45:00,21256.624048424044,2,7
2024-01-24,21314.6,21314.9,21292.95,21307.15,09:50:00,21262.14556762176,2,8
2024-01-24,21372.95,21375.5,21312.1,21314.55,09:55:00,21272.6983707054,2,9
2024-01-24,21320.45,21398.45,21320.45,21372.8,10:00:00,21277.24614492393,2,10
2024-01-24,21340.2,21374.65,21321.5,21321.5,10:05:00,21283.24175016928,2,11
2024-01-24,21329.1,21341.85,21312.9,21338.85,10:10:00,21287.609202534102,2,12
2024-01-24,21366.85,21373.9,21329.5,21329.5,10:15:00,21295.1559451499,2,13
2024-01-24,21379.1,21389.5,21365.8,21368.6,10:20:00,21303.150617040385,2,14
2024-01-24,21383.0,21398.4,21371.0,21380.05,10:25:00,21310.7553201794,2,15
2024-01-24,21400.8,21407.85,21374.4,21383.7,10:30:00,21319.331003971834,2,16
2024-01-24,21392.9,21408.4,21384.15,21401.35,10:35:00,21326.33757502214,2,17
2024-01-24,21369.7,21395.2,21369.7,21392.3,10:40:00,21330.46732978193,2,18
2024-01-24,21353.8,21370.1,21341.35,21367.15,10:45:00,21332.689488850323,2,19
2024-01-24,21385.6,21387.1,21353.15,21353.65,10:50:00,21337.728585150293,2,20
2024-01-24,21369.2,21394.2,21368.15,21384.85,10:55:00,21340.72586275503,2,21
2024-01-24,21383.65,21387.0,21368.85,21368.85,11:00:00,21344.813875825977,2,22
2024-01-24,21365.4,21394.9,21363.95,21383.1,11:05:00,21346.774459080647,2,23
2024-01-24,21372.3,21377.4,21361.0,21363.8,11:10:00,21349.20546297773,2,24
2024-01-24,21379.2,21382.5,21367.9,21372.35,11:15:00,21352.06208555128,2,25
2024-01-24,21351.35,21388.55,21351.35,21381.1,11:20:00,21351.99426787973,2,26
2024-01-24,21297.15,21359.7,21296.8,21350.9,11:25:00,21346.771004272137,2,27
2024-01-24,21263.85,21301.45,21233.2,21297.7,11:30:00,21338.873765770026,2,28
2024-01-24,21297.3,21332.15,21263.3,21263.3,11:35:00,21334.91435950621,2,29
2024-01-24,21305.55,21312.0,21279.6,21298.6,11:40:00,21332.11775383896,2,30
2024-01-24,21285.85,21305.8,21274.8,21304.55,11:45:00,21327.711301092382,2,31
2024-01-24,21302.6,21305.2,21284.25,21284.6,11:50:00,21325.319748607395,2,32
2024-01-24,21285.45,21306.15,21272.95,21301.3,11:55:00,21321.522629692405,2,33
2024-01-24,21249.5,21284.85,21247.4,21284.15,12:00:00,21314.66333162646,2,34
2024-01-24,21250.8,21262.7,21234.3,21248.7,12:05:00,21308.5811095668,2,35
2024-01-24,21248.15,21263.9,21237.55,21251.0,12:10:00,21302.82576579853,2,36
2024-01-24,21284.15,21284.15,21246.85,21249.2,12:15:00,21301.047121436764,2,37
2024-01-24,21248.75,21292.95,21248.55,21287.7,12:20:00,21296.06644320469,2,38
2024-01-24,21254.15,21256.05,21218.5,21249.4,12:25:00,21292.074400994723,2,39
2024-01-24,21226.65,21258.2,21222.85,21254.9,12:30:00,21285.84350566189,2,40
2024-01-24,21213.7,21236.8,21213.7,21229.6,12:35:00,21278.97269559885,2,41
2024-01-24,21225.4,21237.95,21213.65,21213.65,12:40:00,21273.870534113248,2,42
2024-01-24,21252.25,21257.7,21223.6,21225.4,12:45:00,21271.81143562627,2,43
2024-01-24,21258.2,21281.25,21250.95,21251.25,12:50:00,21270.51510842377,2,44
2024-01-24,21297.3,21298.55,21258.6,21258.6,12:55:00,21273.066050478643,2,45
2024-01-24,21324.6,21333.5,21294.35,21296.7,13:00:00,21277.974045671155,2,46
2024-01-24,21310.1,21333.25,21301.75,21323.95,13:05:00,21281.03366036914,2,47
2024-01-24,21300.85,21319.35,21294.35,21309.2,13:10:00,21282.92093081017,2,48
2024-01-24,21329.9,21334.8,21281.15,21299.9,13:15:00,21287.395127875872,2,49
2024-01-24,21305.25,21337.15,21303.15,21328.45,13:20:00,21289.095591887693,2,50
2024-01-24,21302.55,21316.45,21298.7,21304.85,13:25:00,21290.376964088864,2,51
2024-01-24,21293.55,21309.35,21286.55,21301.85,13:30:00,21290.679157985163,2,52
2024-01-24,21303.95,21308.8,21290.7,21292.95,13:35:00,21291.943047700865,2,53
2024-01-24,21299.45,21313.3,21291.85,21302.45,13:40:00,21292.65799553888,2,54
2024-01-24,21303.15,21317.45,21299.55,21299.75,13:45:00,21293.657234058985,2,55
2024-01-24,21299.5,21307.4,21292.1,21301.15,13:50:00,21294.21368795813,2,56
2024-01-24,21301.3,21319.15,21294.4,21300.1,13:55:00,21294.888574819262,2,57
2024-01-24,21338.45,21338.45,21301.35,21301.35,14:00:00,21299.037281979334,2,58
2024-01-24,21330.1,21353.85,21327.05,21338.05,14:05:00,21301.995636076543,2,59
2024-01-24,21340.7,21342.5,21309.45,21329.45,14:10:00,21305.68176597401,2,60
2024-01-24,21345.5,21351.45,21324.95,21340.6,14:15:00,21309.473978738395,2,61
2024-01-24,21358.75,21360.65,21344.45,21344.95,14:20:00,21314.166933144264,2,62
2024-01-24,21369.8,21372.4,21346.85,21356.9,14:25:00,21319.46532046386,2,63
2024-01-24,21385.45,21387.65,21366.0,21369.35,14:30:00,21325.749575657777,2,64
2024-01-24,21395.35,21397.1,21382.25,21385.5,14:35:00,21332.378187499897,2,65
2024-01-24,21429.8,21429.8,21392.45,21395.45,14:40:00,21341.65645535705,2,66
2024-01-24,21411.0,21429.4,21393.3,21429.4,14:45:00,21348.260602465904,2,67
2024-01-24,21427.1,21427.1,21410.6,21410.65,14:50:00,21355.76911651677,2,68
2024-01-24,21436.0,21438.95,21417.4,21426.3,14:55:00,21363.41015303898,2,69
2024-01-24,21429.1,21459.1,21404.1,21435.75,15:00:00,21369.66632894003,2,70
2024-01-24,21438.4,21443.5,21428.0,21428.0,15:05:00,21376.212392850503,2,71
2024-01-24,21456.05,21456.45,21436.4,21438.55,15:10:00,21383.8159744838,2,72
2024-01-24,21477.4,21478.4,21454.55,21455.7,15:15:00,21392.72873881867,2,73
2024-01-24,21469.3,21478.35,21468.1,21477.8,15:20:00,21400.02123988356,2,74
2024-01-24,21460.7,21481.9,21460.7,21468.75,15:25:00,21405.800169418457,2,75
2024-01-25,21411.2,21456.9,21401.9,21454.6,09:15:00,21410.519413061367,3,1
2024-01-25,21378.8,21436.9,21374.95,21411.5,09:20:00,21407.49851657933,3,2
2024-01-25,21438.0,21439.9,21372.95,21375.95,09:25:00,21410.40341976225,3,3
2024-01-25,21394.1,21441.6,21391.8,21438.5,09:30:00,21408.850713118227,3,4
2024-01-25,21398.45,21416.0,21389.65,21391.65,09:35:00,21407.86016901173,3,5
2024-01-25,21385.9,21415.35,21381.1,21398.45,09:40:00,21405.768724343943,3,6
2024-01-25,21401.25,21406.55,21368.25,21384.95,09:45:00,21405.33836964452,3,7
2024-01-25,21360.85,21401.5,21359.15,21398.8,09:50:00,21401.101382059325,3,8
2024-01-25,21373.65,21385.9,21355.75,21360.55,09:55:00,21398.48696472034,3,9
2024-01-25,21373.65,21381.5,21364.1,21373.85,10:00:00,21396.12153950888,3,10
2024-01-25,21364.3,21387.9,21361.7,21375.1,10:05:00,21393.09091669851,3,11
2024-01-25,21368.95,21378.3,21356.45,21364.25,10:10:00,21390.79178177485,3,12
2024-01-25,21328.9,21371.4,21324.5,21368.45,10:15:00,21384.89732636772,3,13
2024-01-25,21295.35,21329.15,21288.3,21326.9,10:20:00,21376.36900957079,3,14
2024-01-25,21316.6,21318.8,21290.5,21295.5,10:25:00,21370.676722945,3,15
2024-01-25,21306.85,21331.25,21303.4,21317.45,10:30:00,21364.59798742643,3,16
2024-01-25,21314.55,21318.5,21295.85,21306.1,10:35:00,21359.83151243344,3,17
2024-01-25,21307.75,21328.9,21291.55,21313.1,10:40:00,21354.87136839216,3,18
2024-01-25,21295.85,21312.8,21291.15,21308.25,10:45:00,21349.250285688144,3,19
2024-01-25,21272.85,21306.25,21272.0,21297.65,10:50:00,21341.97406800356,3,20
2024-01-25,21258.1,21273.8,21255.0,21273.0,10:55:00,21333.986061527023,3,21
2024-01-25,21255.8,21274.6,21248.15,21258.4,11:00:00,21326.539769953022,3,22
2024-01-25,21262.05,21268.0,21254.3,21255.7,11:05:00,21320.39788710036,3,23
2024-01-25,21265.5,21278.85,21258.0,21261.95,11:10:00,21315.16951690032,3,24
2024-01-25,21289.5,21291.55,21258.75,21266.2,11:15:00,21312.72480100505,3,25
2024-01-25,21303.0,21321.85,21289.1,21290.1,11:20:00,21311.79862948076,3,26
2024-01-25,21297.7,21314.7,21285.7,21303.05,11:25:00,21310.455902863545,3,27
2024-01-25,21290.6,21309.8,21287.4,21298.4,11:30:00,21308.56486449559,3,28
2024-01-25,21348.3,21350.45,21282.85,21290.25,11:35:00,21312.34916311506,3,29
2024-01-25,21352.5,21376.6,21346.85,21346.85,11:40:00,21316.1730523422,3,30
2024-01-25,21317.85,21358.3,21313.8,21351.95,11:45:00,21316.33276164294,3,31
2024-01-25,21298.25,21319.05,21288.4,21318.45,11:50:00,21314.610593867423,3,32
2024-01-25,21303.4,21307.4,21279.75,21298.3,11:55:00,21313.54291826101,3,33
2024-01-25,21299.5,21314.35,21292.2,21303.6,12:00:00,21312.20549747424,3,34
2024-01-25,21292.05,21305.8,21285.15,21300.55,12:05:00,21310.28592628622,3,35
2024-01-25,21296.4,21303.95,21285.6,21293.45,12:10:00,21308.963457116104,3,36
2024-01-25,21280.85,21301.5,21274.0,21297.55,12:15:00,21306.28598500981,3,37
2024-01-25,21278.8,21285.65,21267.45,21281.45,12:20:00,21303.66827215173,3,38
2024-01-25,21288.45,21308.35,21278.7,21279.7,12:25:00,21302.218912899185,3,39
2024-01-25,21285.65,21298.35,21276.8,21289.15,12:30:00,21300.640921194503,3,40
2024-01-25,21299.25,21301.5,21285.1,21287.2,12:35:00,21300.50845250931,3,41
2024-01-25,21287.35,21305.5,21279.1,21300.6,12:40:00,21299.255266556043,3,42
2024-01-25,21288.35,21304.05,21280.5,21288.45,12:45:00,21298.21666974118,3,43
2024-01-25,21276.55,21292.2,21276.55,21289.75,12:50:00,21296.15317738488,3,44
2024-01-25,21258.15,21287.3,21257.7,21279.85,12:55:00,21292.533827157746,3,45
2024-01-25,21276.25,21279.45,21254.0,21260.9,13:00:00,21290.98298647605,3,46
2024-01-25,21266.2,21290.2,21264.75,21276.7,13:05:00,21288.62270204976,3,47
2024-01-25,21284.15,21289.2,21266.35,21267.75,13:10:00,21288.19673042597,3,48
2024-01-25,21284.85,21298.7,21278.8,21285.7,13:15:00,21287.87799419493,3,49
2024-01-25,21276.0,21291.55,21276.0,21287.0,13:20:00,21286.74675665256,3,50
2024-01-25,21266.7,21280.1,21264.05,21277.1,13:25:00,21284.837541733265,3,51
2024-01-25,21273.2,21279.85,21257.8,21267.6,13:30:00,21283.729204425334,3,52
2024-01-25,21270.3,21278.55,21268.8,21273.95,13:35:00,21282.450232575306,3,53
2024-01-25,21275.8,21279.75,21269.3,21271.2,13:40:00,21281.81687709194,3,54
2024-01-25,21296.9,21299.65,21276.2,21276.2,13:45:00,21283.253364987944,3,55
2024-01-25,21289.65,21312.1,21289.65,21297.45,13:50:00,21283.862568322424,3,56
2024-01-25,21297.05,21308.8,21282.0,21288.75,13:55:00,21285.11851419648,3,57
2024-01-25,21295.7,21305.55,21290.35,21295.95,14:00:00,21286.1262747492,3,58
2024-01-25,21293.0,21310.25,21287.45,21296.75,14:05:00,21286.78091524928,3,59
2024-01-25,21279.75,21297.0,21278.85,21294.35,14:10:00,21286.11130427316,3,60
2024-01-25,21270.25,21283.65,21262.1,21279.1,14:15:00,21284.60070386619,3,61
2024-01-25,21267.5,21282.7,21267.35,21270.1,14:20:00,21282.97206540274,3,62
2024-01-25,21274.85,21284.0,21266.65,21268.6,14:25:00,21282.198535364387,3,63
2024-01-25,21275.5,21293.7,21268.25,21277.35,14:30:00,21281.5605796154,3,64
2024-01-25,21259.0,21278.25,21259.0,21274.7,14:35:00,21279.41195298536,3,65
2024-01-25,21257.55,21266.25,21249.45,21258.7,14:40:00,21277.329862224848,3,66
2024-01-25,21266.2,21274.3,21256.95,21257.4,14:45:00,21276.26987534629,3,67
2024-01-25,21273.6,21280.85,21261.45,21266.5,14:50:00,21276.015601503783,3,68
2024-01-25,21265.85,21278.45,21263.3,21273.55,14:55:00,21275.04744897961,3,69
2024-01-25,21321.25,21325.6,21266.4,21266.4,15:00:00,21279.447691933936,3,70
2024-01-25,21346.45,21357.35,21321.45,21321.45,15:05:00,21285.828864130704,3,71
2024-01-25,21343.3,21360.0,21335.05,21347.4,15:10:00,21291.302305642068,3,72
2024-01-25,21352.65,21360.7,21339.45,21343.05,15:15:00,21297.144943199964,3,73
2024-01-25,21378.2,21380.35,21352.65,21352.65,15:20:00,21304.864472419016,3,74
2024-01-25,21370.75,21401.75,21367.4,21376.55,15:25:00,21311.139284569585,3,75
2024-01-29,21476.3,21483.5,21433.1,21433.1,09:15:00,21337.377963105715,0,1
2024-01-29,21506.7,21511.75,21475.2,21476.75,09:20:00,21353.503871381363,0,2
2024-01-29,21546.15,21551.9,21509.55,21509.55,09:25:00,21371.851121725995,0,3
2024-01-29,21554.6,21559.25,21528.9,21546.3,09:30:00,21389.25577679971,0,4
2024-01-29,21531.25,21555.85,21525.65,21554.5,09:35:00,21402.77903615212,0,5
2024-01-29,21536.4,21562.1,21531.75,21532.65,09:40:00,21415.50484223287,0,6
2024-01-29,21534.85,21548.1,21533.85,21539.35,09:45:00,21426.8710477345,0,7
2024-01-29,21531.2,21548.1,21526.45,21535.55,09:50:00,21436.80713842645,0,8
2024-01-29,21580.6,21582.5,21529.5,21532.05,09:55:00,21450.501696671552,0,9
2024-01-29,21570.75,21589.75,21567.65,21581.1,10:00:00,21461.953916036164,0,10
2024-01-29,21563.6,21574.6,21560.95,21572.75,10:05:00,21471.63449546129,0,11
2024-01-29,21573.45,21576.1,21555.85,21563.0,10:10:00,21481.33121017926,0,12
2024-01-29,21575.15,21590.25,21573.0,21573.3,10:15:00,21490.26633301933,0,13
2024-01-29,21592.2,21595.8,21570.0,21574.95,10:20:00,21499.97430130321,0,14
2024-01-29,21583.7,21602.75,21579.25,21592.3,10:25:00,21507.94817736957,0,15
2024-01-29,21577.25,21588.45,21570.25,21582.2,10:30:00,21514.548350953417,0,16
2024-01-29,21609.0,21610.1,21576.9,21577.45,10:35:00,21523.54374610071,0,17
2024-01-29,21602.25,21618.1,21600.1,21609.5,10:40:00,21531.0395798054,0,18
2024-01-29,21604.85,21608.5,21597.45,21601.8,10:45:00,21538.069143633456,0,19
2024-01-29,21611.1,21612.5,21601.1,21605.05,10:50:00,21545.024463287413,0,20
2024-01-29,21628.15,21631.45,21611.05,21611.7,10:55:00,21552.941181069564,0,21
2024-01-29,21636.8,21637.35,21623.8,21628.4,11:00:00,21560.92773525341,0,22
2024-01-29,21640.3,21642.1,21628.15,21636.6,11:05:00,21568.48699856261,0,23
2024-01-29,21634.7,21640.6,21625.25,21638.3,11:10:00,21574.792998699504,0,24
2024-01-29,21617.8,21642.75,21605.65,21634.45,11:15:00,21578.888903585263,0,25
2024-01-29,21596.65,21631.1,21587.1,21618.25,11:20:00,21580.580436577144,0,26
2024-01-29,21633.2,21639.1,21590.0,21595.6,11:25:00,21585.5918235698,0,27
2024-01-29,21615.1,21653.5,21613.05,21633.65,11:30:00,21588.40212608696,0,28
2024-01-29,21627.3,21632.55,21613.95,21615.05,11:35:00,21592.10668550725,0,29
2024-01-29,21636.95,21638.25,21622.95,21626.7,11:40:00,21596.377477363705,0,30
2024-01-29,21643.0,21648.7,21634.4,21637.2,11:45:00,21600.81771761478,0,31
2024-01-29,21656.5,21660.5,21641.9,21643.85,11:50:00,21606.12079212766,0,32
2024-01-29,21654.35,21659.5,21645.6,21658.35,11:55:00,21610.714050020262,0,33
2024-01-29,21653.8,21663.6,21650.9,21653.5,12:00:00,21614.817473827858,0,34
2024-01-29,21661.05,21663.95,21652.1,21653.65,12:05:00,21619.220571558537,0,35
2024-01-29,21662.1,21665.75,21652.05,21662.0,12:10:00,21623.3043266482,0,36
2024-01-29,21667.35,21668.75,21657.3,21662.35,12:15:00,21627.499152681703,0,37
2024-01-29,21669.8,21673.95,21661.95,21667.75,12:20:00,21631.52780480725,0,38
2024-01-29,21657.6,21670.55,21649.85,21669.85,12:25:00,21634.01087101609,0,39
2024-01-29,21670.6,21673.25,21658.45,21658.6,12:30:00,21637.49554996693,0,40
2024-01-29,21677.25,21682.45,21668.15,21670.35,12:35:00,21641.281688065323,0,41
2024-01-29,21682.35,21684.4,21671.3,21677.2,12:40:00,21645.192955868624,0,42
2024-01-29,21690.1,21695.3,21683.25,21683.4,12:45:00,21649.46981721447,0,43
2024-01-29,21693.75,21697.25,21688.9,21689.75,12:50:00,21653.68697747976,0,44
2024-01-29,21701.1,21704.6,21690.75,21694.65,12:55:00,21658.20250343407,0,45
2024-01-29,21704.4,21714.05,21697.5,21701.3,13:00:00,21662.602265011777,0,46
2024-01-29,21693.0,21710.2,21681.15,21705.5,13:05:00,21665.49728739161,0,47
2024-01-29,21705.05,21710.3,21690.5,21692.4,13:10:00,21669.264212401933,0,48
2024-01-29,21683.5,21709.65,21683.25,21705.05,13:15:00,21670.620001696985,0,49
2024-01-29,21684.4,21694.2,21672.85,21684.15,13:20:00,21671.93238248775,0,50
2024-01-29,21681.65,21694.7,21680.25,21684.4,13:25:00,21672.85786986987,0,51
2024-01-29,21685.45,21693.6,21673.6,21681.65,13:30:00,21674.05712035845,0,52
2024-01-29,21691.8,21696.85,21686.1,21686.1,13:35:00,21675.74691841955,0,53
2024-01-29,21698.15,21704.6,21688.65,21691.7,13:40:00,21677.880545236738,0,54
2024-01-29,21715.7,21718.8,21691.2,21699.05,13:45:00,21681.482398071337,0,55
2024-01-29,21721.95,21732.05,21713.0,21715.9,13:50:00,21685.336455397875,0,56
2024-01-29,21728.3,21733.85,21722.35,21722.45,13:55:00,21689.428221550457,0,57
2024-01-29,21740.35,21745.05,21729.1,21729.7,14:00:00,21694.27791473613,0,58
2024-01-29,21731.85,21743.35,21730.65,21740.9,14:05:00,21697.856208570785,0,59
2024-01-29,21721.0,21738.6,21714.5,21731.95,14:10:00,21700.06037918309,0,60
2024-01-29,21726.7,21731.8,21708.1,21721.25,14:15:00,21702.597485927563,0,61
2024-01-29,21725.35,21730.9,21719.1,21727.15,14:20:00,21704.764392029698,0,62
2024-01-29,21714.8,21731.05,21714.5,21724.85,14:25:00,21705.720164217342,0,63
2024-01-29,21713.0,21718.85,21703.0,21714.45,14:30:00,21706.41348191093,0,64
2024-01-29,21736.3,21740.65,21712.55,21713.05,14:35:00,21709.25981696704,0,65
2024-01-29,21729.3,21745.2,21728.1,21736.1,14:40:00,21711.16840582732,0,66
2024-01-29,21731.55,21739.1,21727.25,21729.3,14:45:00,21713.109510034243,0,67
2024-01-29,21734.95,21744.8,21732.0,21732.35,14:50:00,21715.18955669765,0,68
2024-01-29,21702.1,21737.6,21687.15,21734.55,14:55:00,21713.94293225025,0,69
2024-01-29,21720.45,21735.8,21696.65,21701.0,15:00:00,21714.562652988323,0,70
2024-01-29,21745.1,21745.55,21712.9,21719.95,15:05:00,21717.47097175134,0,71
2024-01-29,21741.55,21752.2,21736.75,21744.0,15:10:00,21719.764212536924,0,72
2024-01-29,21752.65,21753.0,21738.75,21741.25,15:15:00,21722.89619229532,0,73
2024-01-29,21758.55,21762.8,21748.6,21752.1,15:20:00,21726.291793029093,0,74
2024-01-29,21744.8,21761.95,21740.35,21758.1,15:25:00,21728.05447940728,0,75
2024-01-30,21805.65,21811.0,21771.6,21775.75,09:15:00,21739.55434708849,1,1
2024-01-30,21768.2,21804.3,21751.15,21804.3,09:20:00,21742.28250450864,1,2
2024-01-30,21702.65,21766.85,21697.2,21766.85,09:25:00,21738.50798026972,1,3
2024-01-30,21712.95,21753.25,21689.85,21704.5,09:30:00,21736.0738869107,1,4
2024-01-30,21716.35,21736.65,21711.5,21715.15,09:35:00,21734.19542149064,1,5
2024-01-30,21761.65,21765.1,21715.75,21715.85,09:40:00,21736.81014325343,1,6
2024-01-30,21723.45,21761.25,21721.15,21761.05,09:45:00,21735.53774865787,1,7
2024-01-30,21717.0,21729.65,21713.7,21721.05,09:50:00,21733.77224878569,1,8
2024-01-30,21741.05,21742.4,21707.1,21716.85,09:55:00,21734.46536794896,1,9
2024-01-30,21769.0,21769.0,21736.35,21741.55,10:00:00,21737.754380525246,1,10
2024-01-30,21753.2,21768.9,21739.75,21768.8,10:05:00,21739.2253919038,1,11
2024-01-30,21762.95,21772.95,21747.35,21753.6,10:10:00,21741.484878389147,1,12
2024-01-30,21751.75,21770.9,21745.3,21763.7,10:15:00,21742.46250901875,1,13
2024-01-30,21754.7,21757.45,21735.8,21752.6,10:20:00,21743.6279843503,1,14
2024-01-30,21735.15,21755.35,21723.55,21755.35,10:25:00,21742.82055726932,1,15
2024-01-30,21724.6,21740.5,21718.8,21734.5,10:30:00,21741.08526610081,1,16
2024-01-30,21737.05,21744.6,21724.0,21725.15,10:35:00,21740.7009550436,1,17
2024-01-30,21717.25,21743.4,21712.9,21737.4,10:40:00,21738.46753075373,1,18
2024-01-30,21702.35,21722.85,21694.6,21717.4,10:45:00,21735.027765920044,1,19
2024-01-30,21697.35,21703.15,21683.05,21701.85,10:50:00,21731.439407261,1,20
2024-01-30,21705.45,21713.15,21697.55,21697.55,10:55:00,21728.96422561709,1,21
2024-01-30,21702.1,21715.3,21699.95,21705.3,11:00:00,21726.40572793928,1,22
2024-01-30,21661.4,21703.1,21656.2,21702.35,11:05:00,21720.21470623077,1,23
2024-01-30,21681.4,21682.8,21659.5,21660.9,11:10:00,21716.51806754213,1,24
2024-01-30,21681.65,21686.2,21675.3,21681.7,11:15:00,21713.197299204785,1,25
2024-01-30,21663.85,21683.1,21662.7,21681.3,11:20:00,21708.49755642338,1,26
2024-01-30,21698.15,21699.05,21663.35,21663.55,11:25:00,21707.51207485925,1,27
2024-01-30,21707.3,21707.35,21692.35,21698.45,11:30:00,21707.491877253604,1,28
2024-01-30,21711.05,21723.2,21706.95,21707.55,11:35:00,21707.830746086594,1,29
2024-01-30,21718.2,21723.7,21706.35,21711.1,11:40:00,21708.818294078348,1,30
2024-01-30,21711.5,21722.05,21707.2,21718.1,11:45:00,21709.07369464232,1,31
2024-01-30,21708.5,21714.65,21704.4,21710.45,11:50:00,21709.019057057336,1,32
2024-01-30,21731.25,21733.65,21707.35,21707.35,11:55:00,21711.13628971854,1,33
2024-01-30,21716.65,21731.45,21707.4,21731.4,12:00:00,21711.66140498344,1,34
2024-01-30,21700.95,21715.4,21698.05,21715.15,12:05:00,21710.641271175493,1,35
2024-01-30,21710.4,21716.7,21699.25,21699.85,12:10:00,21710.618292968305,1,36
2024-01-30,21711.7,21715.0,21701.85,21710.0,12:15:00,21710.721312685608,1,37
2024-01-30,21694.15,21715.35,21694.15,21711.05,12:20:00,21709.14309242984,1,38
2024-01-30,21710.55,21711.8,21693.2,21693.2,12:25:00,21709.277083626992,1,39
2024-01-30,21704.5,21711.5,21698.1,21711.05,12:30:00,21708.822123281563,1,40
2024-01-30,21703.2,21705.65,21694.9,21703.2,12:35:00,21708.28668296904,1,41
2024-01-30,21683.1,21704.85,21678.25,21702.25,12:40:00,21705.887951257697,1,42
2024-01-30,21672.9,21687.45,21668.05,21683.0,12:45:00,21702.746241614102,1,43
2024-01-30,21683.5,21688.65,21672.8,21672.95,12:50:00,21700.913266222284,1,44
2024-01-30,21699.6,21700.55,21682.95,21682.95,12:55:00,21700.788193248736,1,45
2024-01-30,21693.05,21701.65,21688.05,21699.5,13:00:00,21700.051222463146,1,46
2024-01-30,21675.9,21694.25,21669.55,21692.35,13:05:00,21697.75110603808,1,47
2024-01-30,21675.85,21679.75,21668.5,21675.05,13:10:00,21695.6652864154,1,48
2024-01-30,21678.5,21678.65,21663.2,21675.4,13:15:00,21694.030497232983,1,49
2024-01-30,21677.2,21678.95,21643.6,21677.95,13:20:00,21692.427592734603,1,50
2024-01-30,21690.35,21692.65,21669.95,21675.65,13:25:00,21692.22972675988,1,51
2024-01-30,21689.25,21696.65,21683.05,21690.05,13:30:00,21691.945943258936,1,52
2024-01-30,21690.6,21696.0,21683.35,21689.6,13:35:00,21691.81775818665,1,53
2024-01-30,21687.1,21696.25,21682.85,21689.9,13:40:00,21691.368447883164,1,54
2024-01-30,21671.85,21687.55,21658.2,21686.8,13:45:00,21689.509548084767,1,55
2024-01-30,21662.65,21677.2,21660.25,21672.0,13:50:00,21686.95149588622,1,56
2024-01-30,21658.9,21668.15,21655.0,21662.7,13:55:00,21684.27992484944,1,57
2024-01-30,21667.2,21668.8,21648.65,21658.45,14:00:00,21682.653265339966,1,58
2024-01-30,21641.2,21668.7,21634.6,21666.85,14:05:00,21678.705335307583,1,59
2024-01-30,21665.75,21668.95,21636.45,21642.05,14:10:00,21677.471493849724,1,60
2024-01-30,21643.5,21671.05,21634.9,21665.75,14:15:00,21674.236113483083,1,61
2024-01-30,21642.8,21656.65,21635.85,21643.65,14:20:00,21671.242197913267,1,62
2024-01-30,21616.6,21645.0,21615.9,21641.3,14:25:00,21666.038179064384,1,63
2024-01-30,21589.8,21617.15,21578.95,21615.85,14:30:00,21658.77740010587,1,64
2024-01-30,21591.0,21596.35,21562.7,21589.5,14:35:00,21652.3224096196,1,65
2024-01-30,21566.1,21591.9,21560.3,21590.8,14:40:00,21644.11075156059,1,66
2024-01-30,21578.75,21583.15,21548.9,21565.05,14:45:00,21637.88591807863,1,67
2024-01-30,21551.75,21582.25,21549.3,21579.15,14:50:00,21629.68249730924,1,68
2024-01-30,21548.05,21554.0,21540.95,21551.05,14:55:00,21621.907973755977,1,69
2024-01-30,21523.75,21568.1,21512.05,21547.9,15:00:00,21612.559595303028,1,70
2024-01-30,21505.85,21524.35,21504.55,21522.9,15:05:00,21602.396776702742,1,71
2024-01-30,21527.35,21527.4,21502.3,21505.95,15:10:00,21595.249464635814,1,72
2024-01-30,21519.55,21535.5,21513.5,21527.55,15:15:00,21588.039991813355,1,73
2024-01-30,21529.6,21534.85,21519.7,21519.7,15:20:00,21582.474278307323,1,74
2024-01-30,21530.55,21532.7,21522.45,21528.45,15:25:00,21577.52910894472,1,75
2024-01-31,21479.05,21501.8,21460.55,21487.25,09:15:00,21560.37099394341,2,1
2024-01-31,21482.95,21489.85,21449.65,21477.95,09:20:00,21552.9975659488,2,2
2024-01-31,21521.35,21521.95,21480.05,21483.3,09:25:00,21549.983512048915,2,3
2024-01-31,21547.55,21547.55,21489.95,21522.0,09:30:00,21549.75174899664,2,4
2024-01-31,21549.25,21560.9,21538.9,21545.65,09:35:00,21549.703963377902,2,5
2024-01-31,21576.35,21582.7,21537.5,21548.85,09:40:00,21552.24168115144,2,6
2024-01-31,21567.5,21588.25,21556.0,21578.8,09:45:00,21553.69485437512,2,7
2024-01-31,21555.3,21575.3,21553.65,21568.4,09:50:00,21553.847725387008,2,8
2024-01-31,21556.05,21575.4,21542.9,21554.6,09:55:00,21554.05746582634,2,9
2024-01-31,21568.95,21569.25,21531.2,21555.85,10:00:00,21555.47580241431,2,10
2024-01-31,21594.55,21609.4,21566.9,21570.35,10:05:00,21559.19715456533,2,11
2024-01-31,21604.45,21608.5,21586.1,21593.4,10:10:00,21563.50694936863,2,12
2024-01-31,21613.15,21619.8,21601.3,21603.1,10:15:00,21568.23485895257,2,13
2024-01-31,21611.85,21613.3,21601.3,21613.3,10:20:00,21572.38868190947,2,14
2024-01-31,21592.8,21610.8,21589.35,21610.8,10:25:00,21574.332616965712,2,15
2024-01-31,21627.55,21637.25,21592.85,21592.85,10:30:00,21579.40093915945,2,16
2024-01-31,21637.05,21648.05,21628.25,21628.25,10:35:00,21584.891325906174,2,17
2024-01-31,21620.35,21644.9,21608.4,21636.05,10:40:00,21588.26834248653,2,18
2024-01-31,21624.25,21625.95,21613.7,21621.2,10:45:00,21591.69516701163,2,19
2024-01-31,21631.15,21631.55,21617.95,21626.0,10:50:00,21595.45277015338,2,20
2024-01-31,21649.35,21650.55,21630.15,21631.85,10:55:00,21600.58583966258,2,21
2024-01-31,21642.35,21653.95,21639.6,21649.35,11:00:00,21604.563378742336,2,22
2024-01-31,21664.65,21673.25,21642.45,21642.65,11:05:00,21610.285914100208,2,23
2024-01-31,21658.2,21672.0,21655.25,21665.65,11:10:00,21614.84916037638,2,24
2024-01-31,21663.05,21663.05,21647.85,21657.5,11:15:00,21619.439716531007,2,25
2024-01-31,21648.3,21664.15,21643.2,21663.0,11:20:00,21622.188314956627,2,26
2024-01-31,21665.0,21667.3,21644.3,21648.55,11:25:00,21626.26561829409,2,27
2024-01-31,21701.65,21703.95,21666.5,21666.5,11:30:00,21633.445083218463,2,28
2024-01-31,21703.6,21707.35,21695.35,21700.6,11:35:00,21640.126503864325,2,29
2024-01-31,21700.55,21713.15,21698.3,21703.65,11:40:00,21645.88112254392,2,30
2024-01-31,21713.3,21713.3,21699.85,21701.6,11:45:00,21652.301968015923,2,31
2024-01-31,21713.2,21723.95,21705.15,21712.05,11:50:00,21658.10178058584,2,32
2024-01-31,21716.8,21724.4,21711.8,21713.45,11:55:00,21663.69208719671,2,33
2024-01-31,21729.6,21731.2,21715.95,21717.25,12:00:00,21669.969031273213,2,34
2024-01-31,21726.15,21738.8,21723.5,21729.85,12:05:00,21675.319599723385,2,35
2024-01-31,21716.8,21728.3,21715.55,21726.4,12:10:00,21679.270114035444,2,36
2024-01-31,21702.5,21727.25,21701.2,21717.0,12:15:00,21681.482484127308,2,37
2024-01-31,21722.35,21724.9,21702.0,21702.65,12:20:00,21685.37462849613,2,38
2024-01-31,21677.45,21726.45,21660.35,21722.95,12:25:00,21684.61990197269,2,39
2024-01-31,21689.2,21692.65,21668.6,21677.35,12:30:00,21685.056101784816,2,40
2024-01-31,21680.95,21691.6,21677.8,21689.35,12:35:00,21684.66504447197,2,41
2024-01-31,21669.25,21683.7,21656.65,21680.95,12:40:00,21683.196944998454,2,42
2024-01-31,21667.75,21675.7,21660.9,21668.85,12:45:00,21681.72580737956,2,43
2024-01-31,21658.35,21670.2,21651.65,21667.5,12:50:00,21679.499540010074,2,44
2024-01-31,21667.4,21668.55,21651.55,21658.7,12:55:00,21678.34720286625,2,45
2024-01-31,21683.55,21688.0,21666.75,21666.75,13:00:00,21678.842707355183,2,46
2024-01-31,21679.0,21687.35,21677.4,21682.95,13:05:00,21678.85768760708,2,47
2024-01-31,21692.75,21697.8,21677.55,21678.7,13:10:00,21680.180764977827,2,48
2024-01-31,21695.9,21700.15,21688.2,21692.05,13:15:00,21681.67783497994,2,49
2024-01-31,21690.75,21702.2,21690.7,21696.25,13:20:00,21682.541850696136,2,50
2024-01-31,21699.0,21699.6,21687.7,21691.2,13:25:00,21684.109293486978,2,51
2024-01-31,21699.6,21711.3,21697.9,21698.35,13:30:00,21685.584598869173,2,52
2024-01-31,21676.95,21704.95,21674.85,21699.65,13:35:00,21684.762256119728,2,53
2024-01-31,21680.5,21685.05,21662.75,21676.6,13:40:00,21684.356326965462,2,54
2024-01-31,21659.75,21684.55,21659.1,21679.65,13:45:00,21682.012867254467,2,55
2024-01-31,21691.75,21691.75,21657.35,21659.25,13:50:00,21682.940213230235,2,56
2024-01-31,21685.85,21696.2,21680.2,21691.3,13:55:00,21683.217335779736,2,57
2024-01-31,21684.3,21688.9,21676.75,21684.7,14:00:00,21683.320446657857,2,58
2024-01-31,21677.85,21688.5,21672.15,21684.45,14:05:00,21682.79945173806,2,59
2024-01-31,21685.8,21699.1,21678.45,21678.45,14:10:00,21683.0852182392,2,60
2024-01-31,21689.1,21694.05,21678.8,21685.8,14:15:00,21683.65805459737,2,61
2024-01-31,21680.7,21697.1,21671.2,21689.1,14:20:00,21683.376335111905,2,62
2024-01-31,21674.55,21684.6,21660.85,21681.35,14:25:00,21682.535731767915,2,63
2024-01-31,21685.4,21686.6,21666.95,21675.95,14:30:00,21682.80851921859,2,64
2024-01-31,21686.1,21691.95,21683.3,21684.6,14:35:00,21683.121993578723,2,65
2024-01-31,21699.95,21701.95,21685.7,21685.7,14:40:00,21684.72466085694,2,66
2024-01-31,21695.6,21705.3,21689.0,21700.65,14:45:00,21685.760407442,2,67
2024-01-31,21687.35,21694.85,21676.75,21694.85,14:50:00,21685.911797209425,2,68
2024-01-31,21685.05,21689.95,21675.85,21686.95,14:55:00,21685.82972128472,2,69
2024-01-31,21718.55,21722.3,21686.0,21686.2,15:00:00,21688.94593830522,2,70
2024-01-31,21722.05,21736.15,21718.65,21719.05,15:05:00,21692.098706085675,2,71
2024-01-31,21727.95,21739.35,21714.7,21722.8,15:10:00,21695.51311502989,2,72
2024-01-31,21726.2,21734.25,21716.75,21727.1,15:15:00,21698.43567550324,2,73
2024-01-31,21731.05,21735.6,21722.55,21725.5,15:20:00,21701.541801645784,2,74
2024-01-31,21708.3,21736.6,21700.85,21730.85,15:25:00,21702.18543958428,2,75
2024-02-01,21718.8,21780.65,21708.7,21780.65,09:15:00,21710.52889725607,3,1
2024-02-01,21725.6,21752.45,21713.1,21715.25,09:20:00,21711.96424037454,3,2
2024-02-01,21715.5,21749.0,21710.35,21723.0,09:25:00,21712.300979386484,3,3
2024-02-01,21748.15,21749.9,21705.75,21716.55,09:30:00,21715.71517182587,3,4
2024-02-01,21701.9,21748.95,21697.75,21748.95,09:35:00,21714.399441175785,3,5
2024-02-01,21739.05,21744.1,21697.15,21701.25,09:40:00,21716.747113444755,3,6
2024-02-01,21743.15,21761.4,21735.3,21738.95,09:45:00,21719.261674069065,3,7
2024-02-01,21749.65,21758.3,21733.85,21740.85,09:50:00,21722.1558003482,3,8
2024-02-01,21756.9,21756.9,21741.2,21749.85,09:55:00,21725.46477174361,3,9
2024-02-01,21747.1,21761.0,21724.25,21757.4,10:00:00,21727.52526967279,3,10
2024-02-01,21781.65,21793.55,21740.0,21743.6,10:05:00,21732.68000589443,3,11
2024-02-01,21783.9,21797.1,21774.85,21780.5,10:10:00,21737.55810057116,3,12
2024-02-01,21784.95,21785.2,21758.9,21782.9,10:15:00,21742.07161480248,3,13
2024-02-01,21779.75,21783.9,21768.6,21781.35,10:20:00,21745.660032440333,3,14
2024-02-01,21793.25,21796.8,21774.05,21778.75,10:25:00,21750.19241030316,3,15
2024-02-01,21782.95,21793.7,21771.2,21791.6,10:30:00,21753.31218075048,3,16
2024-02-01,21785.0,21795.5,21779.4,21782.65,10:35:00,21756.330068298048,3,17
2024-02-01,21786.25,21789.0,21778.3,21786.0,10:40:00,21759.179585603,3,18
2024-02-01,21784.8,21793.6,21782.4,21785.05,10:45:00,21761.619625069376,3,19
2024-02-01,21801.45,21802.75,21783.0,21783.2,10:50:00,21765.412994110386,3,20
2024-02-01,21797.1,21802.15,21770.9,21801.65,10:55:00,21768.43080419511,3,21
2024-02-01,21810.25,21832.7,21792.55,21796.9,11:00:00,21772.41358474796,3,22
2024-02-01,21790.5,21813.8,21759.9,21810.7,11:05:00,21774.13610048625,3,23
2024-02-01,21783.25,21795.9,21774.25,21790.7,11:10:00,21775.00409091613,3,24
2024-02-01,21721.1,21787.25,21668.9,21785.7,11:15:00,21769.870367971736,3,25
2024-02-01,21734.4,21747.9,21710.85,21720.95,11:20:00,21766.492237688715,3,26
2024-02-01,21748.25,21759.65,21719.75,21735.2,11:25:00,21764.75488171836,3,27
2024-02-01,21734.7,21747.15,21722.05,21747.15,11:30:00,21761.892512030896,3,28
2024-02-01,21748.25,21762.85,21724.75,21735.95,11:35:00,21760.59322517081,3,29
2024-02-01,21748.0,21755.35,21732.8,21747.35,11:40:00,21759.39387039264,3,30
2024-02-01,21752.45,21762.3,21739.4,21749.5,11:45:00,21758.732549402863,3,31
2024-02-01,21759.15,21772.3,21748.8,21752.3,11:50:00,21758.7723066026,3,32
2024-02-01,21729.2,21764.2,21701.1,21761.2,11:55:00,21755.955896449967,3,33
2024-02-01,21697.25,21739.0,21659.8,21732.55,12:00:00,21750.36485869283,3,34
2024-02-01,21751.1,21757.0,21694.0,21696.85,12:05:00,21750.43487215065,3,35
2024-02-01,21738.5,21765.5,21726.95,21752.0,12:10:00,21749.298217660114,3,36
2024-02-01,21723.85,21747.4,21713.25,21736.5,12:15:00,21746.87457788296,3,37
2024-02-01,21718.25,21726.85,21696.7,21723.6,12:20:00,21744.1484276084,3,38
2024-02-01,21716.7,21732.3,21708.3,21717.35,12:25:00,21741.53429164569,3,39
2024-02-01,21716.5,21725.4,21697.5,21717.6,12:30:00,21739.15007339372,3,40
2024-02-01,21717.15,21737.0,21710.15,21716.7,12:35:00,21737.054828308603,3,41
2024-02-01,21723.55,21732.85,21710.6,21716.85,12:40:00,21735.768654183976,3,42
2024-02-01,21758.25,21758.25,21723.4,21723.6,12:45:00,21737.909734737885,3,43
2024-02-01,21762.8,21764.2,21745.15,21759.6,12:50:00,21740.280236191426,3,44
2024-02-01,21740.75,21766.05,21738.2,21762.95,12:55:00,21740.32497560176,3,45
2024-02-01,21730.85,21747.0,21711.0,21740.85,13:00:00,21739.42259697302,3,46
2024-02-01,21734.7,21741.7,21721.95,21732.3,13:05:00,21738.97282583273,3,47
2024-02-01,21730.15,21745.0,21729.25,21734.35,13:10:00,21738.13255670581,3,48
2024-02-01,21702.6,21742.65,21701.6,21731.05,13:15:00,21734.74850368621,3,49
2024-02-01,21723.15,21729.6,21704.35,21704.35,13:20:00,21733.64388428752,3,50
2024-02-01,21709.5,21726.95,21690.65,21722.75,13:25:00,21731.34446673633,3,51
2024-02-01,21695.55,21710.9,21680.0,21708.6,13:30:00,21727.9354699043,3,52
2024-02-01,21689.05,21704.85,21685.05,21695.1,13:35:00,21724.23209181818,3,53
2024-02-01,21701.9,21715.25,21678.35,21688.2,13:40:00,21722.105225930733,3,54
2024-02-01,21711.3,21717.4,21693.9,21701.85,13:45:00,21721.076156794472,3,55
2024-02-01,21711.15,21721.1,21705.75,21711.7,13:50:00,21720.13080852833,3,56
2024-02-01,21709.85,21713.75,21699.7,21711.2,13:55:00,21719.151683906584,3,57
2024-02-01,21715.0,21720.5,21703.85,21709.85,14:00:00,21718.75628543929,3,58
2024-02-01,21718.2,21723.8,21702.8,21713.95,14:05:00,21718.703305873645,3,59
2024-02-01,21722.25,21737.0,21715.75,21717.4,14:10:00,21719.041086266632,3,60
2024-02-01,21715.65,21723.6,21700.6,21721.7,14:15:00,21718.718125669813,3,61
2024-02-01,21723.05,21725.15,21710.2,21716.0,14:20:00,21719.13068512983,3,62
2024-02-01,21726.0,21726.25,21711.3,21723.85,14:25:00,21719.784905593653,3,63
2024-02-01,21713.3,21725.8,21711.5,21724.35,14:30:00,21719.16729553712,3,64
2024-02-01,21706.95,21720.45,21698.35,21713.0,14:35:00,21718.0037435812,3,65
2024-02-01,21696.9,21711.35,21695.55,21704.4,14:40:00,21715.99386324013,3,66
2024-02-01,21716.25,21718.8,21695.85,21695.85,14:45:00,21716.018257217263,3,67
2024-02-01,21720.4,21728.65,21710.85,21716.0,14:50:00,21716.43556605372,3,68
2024-02-01,21722.05,21730.9,21715.3,21720.75,14:55:00,21716.970274048603,3,69
2024-02-01,21691.0,21721.4,21689.85,21720.9,15:00:00,21714.496914615404,3,70
2024-02-01,21698.3,21708.75,21688.1,21689.6,15:05:00,21712.95435131869,3,71
2024-02-01,21681.45,21709.85,21680.85,21699.75,15:10:00,21709.9539369074,3,72
2024-02-01,21700.9,21702.2,21674.3,21681.2,15:15:00,21709.091657201927,3,73
2024-02-01,21698.9,21702.65,21692.65,21701.3,15:20:00,21708.12102318269,3,74
2024-02-01,21690.3,21700.0,21680.1,21698.65,15:25:00,21706.42378287958,3,75
2024-02-02,21911.65,21911.65,21812.75,21812.75,09:15:00,21735.13103315086,4,1
2024-02-02,21947.8,21948.65,21910.1,21918.55,09:20:00,21755.385220469827,4,2
2024-02-02,21940.85,21952.75,21935.45,21945.95,09:25:00,21773.04853280603,4,3
2024-02-02,21954.5,21961.6,21931.65,21941.15,09:30:00,21790.329624919745,4,4
2024-02-02,21939.55,21958.6,21923.7,21954.75,09:35:00,21804.541089213104,4,5
2024-02-02,21937.3,21948.3,21927.85,21939.3,09:40:00,21817.184795002333,4,6
2024-02-02,21922.8,21941.05,21910.85,21939.25,09:45:00,21827.24338595449,4,7
2024-02-02,21941.4,21947.85,21921.65,21923.15,09:50:00,21838.115444435018,4,8
2024-02-02,21924.7,21943.55,21920.0,21940.4,09:55:00,21846.361592584064,4,9
2024-02-02,21934.55,21942.95,21925.15,21925.15,10:00:00,21854.76048852844,4,10
2024-02-02,21941.55,21944.25,21930.9,21933.65,10:05:00,21863.02615628764,4,11
2024-02-02,21937.85,21945.55,21933.25,21940.35,10:10:00,21870.152236641195,4,12
2024-02-02,21925.15,21938.85,21921.95,21937.65,10:15:00,21875.39011886584,4,13
2024-02-02,21931.95,21933.35,21917.85,21926.15,10:20:00,21880.77677421196,4,14
2024-02-02,21938.7,21942.75,21931.4,21933.8,10:25:00,21886.29327190605,4,15
2024-02-02,21926.85,21944.55,21925.8,21938.85,10:30:00,21890.15581743881,4,16
2024-02-02,21922.4,21930.7,21921.8,21926.05,10:35:00,21893.226691968448,4,17
2024-02-02,21925.4,21930.7,21915.95,21922.95,10:40:00,21896.29081654288,4,18
2024-02-02,21926.65,21932.7,21922.3,21925.7,10:45:00,21899.18216734832,4,19
2024-02-02,21928.95,21934.55,21924.1,21926.25,10:50:00,21902.01719902944,4,20
2024-02-02,21939.0,21946.1,21926.45,21927.3,10:55:00,21905.53937055044,4,21
2024-02-02,21950.05,21951.35,21935.0,21939.2,11:00:00,21909.778478117063,4,22
2024-02-02,21946.5,21951.0,21938.1,21950.0,11:05:00,21913.27576591544,4,23
2024-02-02,21989.65,22003.25,21944.5,21946.1,11:10:00,21920.54950249492,4,24
2024-02-02,22021.55,22036.85,21986.85,21986.85,11:15:00,21930.1685974954,4,25
2024-02-02,22036.95,22041.45,22020.4,22023.55,11:20:00,21940.33825487679,4,26
2024-02-02,22042.75,22047.75,22033.6,22037.05,11:25:00,21950.091754412333,4,27
2024-02-02,22068.45,22071.05,22043.5,22044.1,11:30:00,21961.363968277827,4,28
2024-02-02,22093.1,22097.25,22063.7,22070.05,11:35:00,21973.91025701327,4,29
2024-02-02,22089.0,22125.85,22087.35,22092.75,11:40:00,21984.87118491677,4,30
2024-02-02,22080.4,22102.0,22073.4,22091.05,11:45:00,21993.96916730565,4,31
2024-02-02,22071.0,22090.8,22065.65,22081.0,11:50:00,22001.305437086063,4,32
2024-02-02,22080.55,22088.2,22067.9,22070.75,11:55:00,22008.852538315965,4,33
2024-02-02,22089.0,22094.15,22080.6,22081.55,12:00:00,22016.48562990492,4,34
2024-02-02,22066.1,22091.2,22055.9,22090.0,12:05:00,22021.21080800921,4,35
2024-02-02,22058.8,22070.7,22051.45,22066.15,12:10:00,22024.79073105596,4,36
2024-02-02,22059.3,22065.95,22051.7,22058.55,12:15:00,22028.077328098247,4,37
2024-02-02,22018.55,22063.15,22018.55,22059.55,12:20:00,22027.169963517463,4,38
2024-02-02,21937.1,22034.6,21937.1,22017.7,12:25:00,22018.59187175389,4,39
2024-02-02,21927.05,21939.6,21870.4,21939.6,12:30:00,22009.873598253525,4,40
2024-02-02,21928.55,21928.65,21841.9,21926.5,12:35:00,22002.12849365796,4,41
2024-02-02,21937.05,21955.4,21903.15,21930.6,12:40:00,21995.930541881007,4,42
2024-02-02,21884.95,21939.75,21877.85,21937.7,12:45:00,21985.36096646377,4,43
2024-02-02,21901.0,21909.15,21860.85,21885.1,12:50:00,21977.32658870532,4,44
2024-02-02,21889.35,21913.85,21889.35,21901.7,12:55:00,21968.94786597148,4,45
2024-02-02,21903.45,21904.35,21873.1,21888.05,13:00:00,21962.70997397419,4,46
2024-02-02,21876.4,21902.95,21873.0,21901.45,13:05:00,21954.48997645284,4,47
2024-02-02,21846.3,21893.7,21841.1,21876.9,13:10:00,21944.18616917161,4,48
2024-02-02,21858.25,21866.75,21824.3,21845.15,13:15:00,21936.00177210765,4,49
2024-02-02,21824.5,21859.15,21824.5,21859.15,13:20:00,21925.382555716445,4,50
2024-02-02,21847.15,21849.4,21805.95,21825.2,13:25:00,21917.931836124404,4,51
2024-02-02,21836.35,21848.7,21812.4,21845.9,13:30:00,21910.16213744589,4,52
2024-02-02,21872.6,21873.65,21833.65,21836.7,13:35:00,21906.58479102248,4,53
2024-02-02,21852.65,21875.55,21842.75,21872.15,13:40:00,21901.44814425843,4,54
2024-02-02,21849.9,21869.1,21847.8,21853.25,13:45:00,21896.5387971862,4,55
2024-02-02,21865.5,21868.6,21840.15,21851.45,13:50:00,21893.582721263705,4,56
2024-02-02,21873.0,21875.15,21862.35,21865.45,13:55:00,21891.622462095736,4,57
2024-02-02,21872.05,21888.9,21862.1,21872.6,14:00:00,21889.75841808661,4,58
2024-02-02,21898.4,21899.0,21873.45,21874.4,14:05:00,21890.581425887893,4,59
2024-02-02,21892.8,21902.8,21880.75,21898.35,14:10:00,21890.79271866048,4,60
2024-02-02,21879.1,21902.9,21876.25,21893.55,14:15:00,21889.679126407096,4,61
2024-02-02,21883.05,21886.4,21869.25,21879.2,14:20:00,21889.04778103499,4,62
2024-02-02,21872.55,21897.55,21868.8,21883.6,14:25:00,21887.476563793563,4,63
2024-02-02,21872.45,21886.55,21864.3,21873.25,14:30:00,21886.04546247989,4,64
2024-02-02,21884.3,21899.95,21868.05,21872.85,14:35:00,21885.879227958,4,65
2024-02-02,21897.8,21906.95,21881.5,21884.05,14:40:00,21887.014539581047,4,66
2024-02-02,21895.65,21903.15,21890.45,21897.65,14:45:00,21887.83696438285,4,67
2024-02-02,21864.1,21897.75,21858.6,21896.35,14:50:00,21885.576301108293,4,68
2024-02-02,21851.35,21864.95,21826.4,21864.95,14:55:00,21882.31665338369,4,69
2024-02-02,21854.05,21885.4,21839.95,21851.9,15:00:00,21879.62459115668,4,70
2024-02-02,21868.3,21874.75,21850.4,21854.5,15:05:00,21878.54605866556,4,71
2024-02-02,21855.7,21875.05,21852.55,21869.25,15:10:00,21876.37024355456,4,72
2024-02-02,21845.15,21856.3,21841.55,21855.15,15:15:00,21873.396887025552,4,73
2024-02-02,21846.2,21851.8,21837.85,21846.05,15:20:00,21870.80670730883,4,74
2024-02-02,21855.45,21856.25,21843.5,21844.85,15:25:00,21869.34416375561,4,75
2024-02-05,21840.45,21921.05,21835.25,21921.05,09:15:00,21871.04771681581,0,1
2024-02-05,21882.3,21882.3,21835.8,21844.65,09:20:00,21872.11936283336,0,2
2024-02-05,21903.35,21912.4,21881.6,21883.55,09:25:00,21875.09370923018,0,3
2024-02-05,21863.95,21902.5,21861.45,21902.5,09:30:00,21874.032403589208,0,4
2024-02-05,21902.6,21903.4,21858.95,21863.05,09:35:00,21876.7531270569,0,5
2024-02-05,21890.35,21913.9,21887.4,21902.6,09:40:00,21878.0480673372,0,6
2024-02-05,21928.9,21928.9,21890.0,21892.5,09:45:00,21882.89110854318,0,7
2024-02-05,21953.6,21963.4,21930.4,21930.4,09:50:00,21889.625288681924,0,8
2024-02-05,21947.9,21954.75,21936.25,21952.4,09:55:00,21895.175261188408,0,9
2024-02-05,21916.85,21963.1,21916.65,21947.05,10:00:00,21897.239522027605,0,10
2024-02-05,21945.4,21953.9,21914.55,21917.0,10:05:00,21901.82623421545,0,11
2024-02-05,21926.95,21950.4,21926.5,21945.2,10:10:00,21904.21897381398,0,12
2024-02-05,21863.45,21939.35,21862.2,21925.9,10:15:00,21900.336214403123,0,13
2024-02-05,21877.45,21880.55,21852.0,21863.95,10:20:00,21898.15657493616,0,14
2024-02-05,21889.4,21895.3,21876.25,21876.8,10:25:00,21897.32261541843,0,15
2024-02-05,21870.5,21892.45,21863.65,21889.4,10:30:00,21894.768080616675,0,16
2024-02-05,21884.9,21895.8,21868.1,21870.4,10:35:00,21893.82826341509,0,17
2024-02-05,21908.9,21909.15,21884.8,21885.9,10:40:00,21895.26366689936,0,18
2024-02-05,21908.3,21918.95,21905.1,21908.6,10:45:00,21896.50522243276,0,19
2024-02-05,21907.45,21912.4,21892.6,21908.35,10:50:00,21897.547582201067,0,20
2024-02-05,21909.95,21919.85,21904.3,21908.05,10:55:00,21898.728764848587,0,21
2024-02-05,21908.8,21917.5,21906.7,21909.15,11:00:00,21899.687930101103,0,22
2024-02-05,21903.4,21913.05,21896.7,21909.25,11:05:00,21900.041460567663,0,23
2024-02-05,21919.35,21922.2,21903.25,21903.25,11:10:00,21901.88036908503,0,24
2024-02-05,21912.15,21934.0,21912.15,21918.75,11:15:00,21902.85842917217,0,25
2024-02-05,21918.7,21924.35,21908.45,21913.1,11:20:00,21904.3671502034,0,26
2024-02-05,21917.15,21918.75,21899.4,21918.55,11:25:00,21905.584564469737,0,27
2024-02-05,21923.85,21923.85,21914.45,21917.85,11:30:00,21907.324129758334,0,28
2024-02-05,21938.05,21939.3,21918.65,21923.15,11:35:00,21910.25040311468,0,29
2024-02-05,21918.45,21943.35,21918.45,21938.25,11:40:00,21911.03131710376,0,30
2024-02-05,21929.85,21930.0,21911.3,21919.05,11:45:00,21912.823572617686,0,31
2024-02-05,21918.95,21930.2,21914.25,21930.2,11:50:00,21913.40704189219,0,32
2024-02-05,21931.3,21934.15,21912.6,21918.9,11:55:00,21915.111133140555,0,33
2024-02-05,21911.4,21933.6,21911.4,21930.15,12:00:00,21914.75769188908,0,34
2024-02-05,21904.25,21911.5,21897.7,21911.4,12:05:00,21913.75695932821,0,35
2024-02-05,21923.35,21923.35,21901.7,21903.9,12:10:00,21914.67058224933,0,36
2024-02-05,21932.35,21936.15,21921.4,21923.55,12:15:00,21916.354336320823,0,37
2024-02-05,21927.55,21940.4,21927.05,21932.0,12:20:00,21917.42059000456,0,38
2024-02-05,21905.45,21928.9,21905.0,21927.2,12:25:00,21916.28053381365,0,39
2024-02-05,21901.9,21912.3,21898.7,21905.8,12:30:00,21914.91095916473,0,40
2024-02-05,21908.8,21917.2,21902.15,21902.15,12:35:00,21914.3289630538,0,41
2024-02-05,21924.15,21924.35,21908.75,21908.75,12:40:00,21915.264299905823,0,42
2024-02-05,21933.05,21935.6,21920.15,21923.55,12:45:00,21916.958176105265,0,43
2024-02-05,21926.6,21934.15,21920.75,21931.7,12:50:00,21917.87644504762,0,44
2024-02-05,21931.55,21941.0,21924.0,21925.95,12:55:00,21919.17868837641,0,45
2024-02-05,21928.0,21940.6,21924.7,21931.65,13:00:00,21920.018813292947,0,46
2024-02-05,21944.0,21952.5,21927.65,21928.05,13:05:00,21922.30273583648,0,47
2024-02-05,21936.8,21948.05,21934.35,21943.15,13:10:00,21923.683427661577,0,48
2024-02-05,21941.95,21946.5,21928.65,21936.75,13:15:00,21925.423101217617,0,49
2024-02-05,21934.2,21950.15,21933.7,21941.9,13:20:00,21926.258996339748,0,50
2024-02-05,21906.1,21934.4,21902.8,21933.05,13:25:00,21924.33909192644,0,51
2024-02-05,21927.45,21933.25,21906.3,21906.3,13:30:00,21924.635368885825,0,52
2024-02-05,21919.7,21937.8,21919.5,21927.4,13:35:00,21924.16533375384,0,53
2024-02-05,21922.8,21931.05,21917.45,21919.75,13:40:00,21924.035301967764,0,54
2024-02-05,21934.8,21935.7,21918.7,21922.2,13:45:00,21925.060511304167,0,55
2024-02-05,21938.6,21941.0,21932.75,21934.25,13:50:00,21926.349986418056,0,56
2024-02-05,21941.65,21941.65,21932.6,21938.55,13:55:00,21927.80713056872,0,57
2024-02-05,21924.05,21944.2,21921.65,21940.8,14:00:00,21927.4493086098,0,58
2024-02-05,21896.2,21926.6,21895.15,21923.6,14:05:00,21924.473183980288,0,59
2024-02-05,21911.25,21912.8,21874.45,21894.3,14:10:00,21923.21383312502,0,60
2024-02-05,21910.45,21915.75,21903.75,21912.0,14:15:00,21921.998229970257,0,61
2024-02-05,21894.45,21912.0,21889.75,21909.8,14:20:00,21919.37458902071,0,62
2024-02-05,21889.3,21897.2,21871.7,21893.95,14:25:00,21916.51034244731,0,63
2024-02-05,21849.4,21898.1,21848.75,21889.05,14:30:00,21910.118881261853,0,64
2024-02-05,21811.2,21857.8,21803.35,21849.2,14:35:00,21900.69803542739,0,65
2024-02-05,21776.6,21819.15,21761.3,21811.75,14:40:00,21888.879174910497,0,66
2024-02-05,21775.5,21787.9,21731.3,21774.7,14:45:00,21878.08115825236,0,67
2024-02-05,21775.35,21790.8,21758.75,21775.2,14:50:00,21868.2972384188,0,68
2024-02-05,21736.1,21775.85,21730.15,21774.9,14:55:00,21855.707025236054,0,69
2024-02-05,21784.0,21784.35,21727.5,21731.35,15:00:00,21848.877784737386,0,70
2024-02-05,21812.2,21815.75,21772.1,21783.2,15:05:00,21845.38466238144,0,71
2024-02-05,21771.5,21815.95,21771.3,21809.7,15:10:00,21838.34802786892,0,72
2024-02-05,21758.65,21776.3,21756.95,21771.85,15:15:00,21830.75773950045,0,73
2024-02-05,21761.9,21766.15,21752.05,21759.25,15:20:00,21824.199859548025,0,74
2024-02-05,21761.3,21767.75,21756.6,21762.6,15:25:00,21818.209396733928,0,75
2024-02-06,21771.45,21831.05,21747.15,21825.2,09:15:00,21814.358485761783,1,1
2024-02-06,21797.85,21797.85,21738.5,21771.45,09:20:00,21812.786249022567,1,2
2024-02-06,21793.1,21813.65,21787.9,21798.85,09:25:00,21810.91136816328,1,3
2024-02-06,21824.5,21831.3,21789.6,21792.9,09:30:00,21812.205523576296,1,4
2024-02-06,21845.85,21851.3,21814.45,21822.4,09:35:00,21815.409759426173,1,5
2024-02-06,21836.45,21847.7,21817.05,21845.1,09:40:00,21817.413591861776,1,6
2024-02-06,21865.35,21865.35,21832.15,21836.4,09:45:00,21821.978964065416,1,7
2024-02-06,21854.75,21869.65,21846.3,21862.2,09:50:00,21825.100015106807,1,8
2024-02-06,21857.5,21868.45,21837.3,21854.15,09:55:00,21828.18572795378,1,9
2024-02-06,21872.0,21876.85,21857.05,21857.05,10:00:00,21832.358515767704,1,10
2024-02-06,21854.1,21872.3,21849.0,21872.3,10:05:00,21834.429133313635,1,11
2024-02-06,21853.6,21870.3,21853.45,21854.2,10:10:00,21836.25493014091,1,12
2024-02-06,21846.0,21863.95,21842.55,21854.75,10:15:00,21837.18303203225,1,13
2024-02-06,21842.8,21857.1,21842.8,21845.85,10:20:00,21837.71798136251,1,14
2024-02-06,21812.6,21843.9,21811.55,21843.9,10:25:00,21835.32579266132,1,15
2024-02-06,21793.55,21814.5,21776.0,21811.15,10:30:00,21831.347145741194,1,16
2024-02-06,21806.8,21815.45,21786.25,21793.6,10:35:00,21829.00932233727,1,17
2024-02-06,21823.3,21824.4,21800.35,21806.3,10:40:00,21828.46557735277,1,18
2024-02-06,21811.65,21829.55,21811.4,21824.75,10:45:00,21826.864093795364,1,19
2024-02-06,21830.6,21832.6,21816.25,21817.7,10:50:00,21827.21989438628,1,20
2024-02-06,21845.6,21847.1,21824.55,21830.75,10:55:00,21828.970380635208,1,21
2024-02-06,21838.1,21853.75,21836.95,21846.25,11:00:00,21829.83986819376,1,22
2024-02-06,21849.1,21850.55,21834.6,21838.0,11:05:00,21831.674166461016,1,23
2024-02-06,21850.2,21856.8,21843.8,21850.4,11:10:00,21833.43853155997,1,24
2024-02-06,21852.05,21861.9,21850.0,21850.0,11:15:00,21835.211052363786,1,25
2024-02-06,21855.55,21860.15,21850.65,21851.9,11:20:00,21837.1480949958,1,26
2024-02-06,21844.8,21858.65,21844.25,21855.35,11:25:00,21837.876847853346,1,27
2024-02-06,21892.3,21896.1,21843.35,21845.15,11:30:00,21843.060005200645,1,28
2024-02-06,21883.75,21898.75,21877.95,21894.75,11:35:00,21846.935242800584,1,29
2024-02-06,21870.1,21888.65,21870.1,21883.75,11:40:00,21849.141410152908,1,30
2024-02-06,21875.65,21881.55,21869.35,21870.25,11:45:00,21851.6660377574,1,31
2024-02-06,21887.45,21887.65,21872.65,21875.85,11:50:00,21855.07403416145,1,32
2024-02-06,21898.25,21899.45,21883.9,21887.25,11:55:00,21859.18603090798,1,33
2024-02-06,21886.3,21900.5,21884.95,21898.25,12:00:00,21861.768313678647,1,34
2024-02-06,21891.25,21894.75,21883.35,21886.1,12:05:00,21864.5760933283,1,35
2024-02-06,21898.15,21902.55,21888.35,21892.25,12:10:00,21867.773608249416,1,36
2024-02-06,21895.65,21904.55,21890.6,21898.05,12:15:00,21870.42850270185,1,37
2024-02-06,21883.7,21904.6,21883.7,21896.9,12:20:00,21871.692454825486,1,38
2024-02-06,21877.75,21889.55,21872.95,21884.0,12:25:00,21872.269363889725,1,39
2024-02-06,21901.3,21903.25,21877.0,21878.6,12:30:00,21875.03418637642,1,40
2024-02-06,21908.05,21916.55,21900.5,21900.95,12:35:00,21878.178549578664,1,41
2024-02-06,21898.9,21908.15,21897.2,21908.15,12:40:00,21880.15202104736,1,42
2024-02-06,21891.1,21914.25,21889.5,21899.8,12:45:00,21881.19468570952,1,43
2024-02-06,21881.25,21895.7,21869.65,21891.8,12:50:00,21881.199953737185,1,44
2024-02-06,21876.1,21885.55,21868.7,21881.9,12:55:00,21880.714243857456,1,45
2024-02-06,21892.0,21893.75,21876.05,21876.85,13:00:00,21881.7890777758,1,46
2024-02-06,21901.45,21909.1,21890.1,21892.85,13:05:00,21883.66154655905,1,47
2024-02-06,21905.45,21907.0,21897.3,21902.5,13:10:00,21885.736637362952,1,48
2024-02-06,21900.85,21909.05,21899.35,21906.1,13:15:00,21887.17600523315,1,49
2024-02-06,21908.25,21911.0,21898.2,21901.95,13:20:00,21889.1830523538,1,50
2024-02-06,21915.55,21919.65,21906.55,21908.55,13:25:00,21891.69419022487,1,51
2024-02-06,21920.5,21929.6,21915.8,21915.8,13:30:00,21894.437600679645,1,52
2024-02-06,21895.65,21921.8,21877.6,21920.85,13:35:00,21894.553067281584,1,53
2024-02-06,21917.8,21919.6,21895.8,21895.8,13:40:00,21896.76706087381,1,54
2024-02-06,21908.85,21918.4,21899.15,21918.4,13:45:00,21897.91781698107,1,55
2024-02-06,21918.55,21931.5,21908.6,21908.6,13:50:00,21899.8827867924,1,56
2024-02-06,21917.4,21923.55,21915.5,21918.5,13:55:00,21901.55109281217,1,57
2024-02-06,21932.0,21935.4,21917.2,21918.75,14:00:00,21904.450988734818,1,58
2024-02-06,21923.4,21935.25,21923.4,21931.35,14:05:00,21906.25565647436,1,59
2024-02-06,21914.9,21926.8,21900.85,21923.95,14:10:00,21907.07892728633,1,60
2024-02-06,21917.9,21925.45,21912.2,21915.8,14:15:00,21908.10950564001,1,61
2024-02-06,21918.3,21919.95,21910.25,21919.35,14:20:00,21909.08002891239,1,62
2024-02-06,21911.6,21922.8,21908.6,21918.6,14:25:00,21909.320026158828,1,63
2024-02-06,21922.05,21929.95,21912.0,21912.0,14:30:00,21910.53240461989,1,64
2024-02-06,21944.1,21950.75,21923.65,21923.75,14:35:00,21913.729318465616,1,65
2024-02-06,21937.4,21947.15,21937.1,21946.45,14:40:00,21915.98366908794,1,66
2024-02-06,21911.35,21938.9,21911.35,21938.55,14:45:00,21915.54236727004,1,67
2024-02-06,21904.85,21923.6,21900.8,21912.95,14:50:00,21914.52404657765,1,68
2024-02-06,21912.65,21921.25,21897.05,21903.75,14:55:00,21914.34556595121,1,69
2024-02-06,21924.35,21929.5,21914.2,21914.2,15:00:00,21915.298369193955,1,70
2024-02-06,21924.8,21938.65,21923.0,21925.45,15:05:00,21916.203286413576,1,71
2024-02-06,21919.45,21933.8,21917.6,21925.2,15:10:00,21916.51249723133,1,72
2024-02-06,21920.2,21923.95,21914.35,21919.95,15:15:00,21916.863687971207,1,73
2024-02-06,21944.7,21944.7,21918.05,21920.3,15:20:00,21919.51476530728,1,74
2024-02-06,21938.8,21947.55,21933.95,21944.1,15:25:00,21921.35145432564,1,75
2024-02-07,22031.9,22051.1,22016.6,22045.05,09:15:00,21942.538718847067,2,1
2024-02-07,22020.4,22030.45,21993.1,22030.45,09:20:00,21949.95407895687,2,2
2024-02-07,21989.95,22024.0,21980.4,22022.4,09:25:00,21953.76321429431,2,3
2024-02-07,21999.45,22003.3,21977.1,21989.85,09:30:00,21958.11433674248,2,4
2024-02-07,22012.65,22016.7,21999.15,22001.05,09:35:00,21963.308209433668,2,5
2024-02-07,21968.45,22020.8,21965.35,22012.55,09:40:00,21963.79790377332,2,6
2024-02-07,21983.45,21985.85,21964.25,21967.75,09:45:00,21965.669531985382,2,7
2024-02-07,21986.4,21993.8,21974.55,21983.05,09:50:00,21967.643862272493,2,8
2024-02-07,22008.85,22009.25,21984.85,21987.0,09:55:00,21971.56825634178,2,9
2024-02-07,21977.25,22012.65,21977.25,22009.5,10:00:00,21972.109374785417,2,10
2024-02-07,22002.55,22003.0,21966.9,21974.75,10:05:00,21975.00848194872,2,11
2024-02-07,22009.8,22014.75,21996.8,22002.05,10:10:00,21978.32195985836,2,12
2024-02-07,22010.1,22021.05,22003.2,22009.2,10:15:00,21981.34843987185,2,13
2024-02-07,21996.35,22010.7,21992.65,22010.7,10:20:00,21982.77715988405,2,14
2024-02-07,21997.35,22003.45,21990.6,21997.15,10:25:00,21984.16504941891,2,15
2024-02-07,21994.45,22005.55,21989.35,21997.75,10:30:00,21985.14456852187,2,16
2024-02-07,21974.7,21996.8,21969.85,21994.25,10:35:00,21984.149847710265,2,17
2024-02-07,21961.95,21974.95,21943.45,21974.75,10:40:00,21982.03557649977,2,18
2024-02-07,21975.6,21976.95,21958.35,21961.6,10:45:00,21981.42266445217,2,19
2024-02-07,21981.3,21981.3,21970.55,21976.05,10:50:00,21981.41098212339,2,20
2024-02-07,21971.75,21985.25,21969.9,21981.65,10:55:00,21980.49088858783,2,21
2024-02-07,21957.85,21975.8,21956.25,21972.7,11:00:00,21978.334613484225,2,22
2024-02-07,21942.1,21957.15,21932.5,21957.15,11:05:00,21974.88369791429,2,23
2024-02-07,21963.25,21964.35,21940.15,21941.4,11:10:00,21973.77572668437,2,24
2024-02-07,21955.3,21965.6,21951.25,21963.1,11:15:00,21972.01613366681,2,25
2024-02-07,21942.45,21960.55,21940.9,21955.05,11:20:00,21969.200311412824,2,26
2024-02-07,21932.4,21942.7,21926.25,21942.7,11:25:00,21965.69551984969,2,27
2024-02-07,21887.95,21932.75,21885.25,21932.25,11:30:00,21958.29118462592,2,28
2024-02-07,21882.15,21904.05,21867.75,21887.75,11:35:00,21951.039643232973,2,29
2024-02-07,21895.95,21898.35,21870.35,21881.6,11:40:00,21945.79301054412,2,30
2024-02-07,21904.55,21906.85,21885.15,21895.65,11:45:00,21941.865104778008,2,31
2024-02-07,21890.4,21910.55,21888.5,21904.35,11:50:00,21936.96366622772,2,32
2024-02-07,21875.0,21894.4,21860.85,21889.9,11:55:00,21931.06236468222,2,33
2024-02-07,21899.9,21900.15,21869.0,21875.1,12:00:00,21928.09452042677,2,34
2024-02-07,21895.9,21904.6,21890.8,21900.2,12:05:00,21925.02837562422,2,35
2024-02-07,21887.7,21908.65,21883.4,21896.55,12:10:00,21921.47329223144,2,36
2024-02-07,21905.0,21905.0,21885.0,21886.9,12:15:00,21919.90440725701,2,37
2024-02-07,21889.45,21905.65,21889.15,21904.4,12:20:00,21917.00398751825,2,38
2024-02-07,21905.0,21907.7,21887.45,21889.7,12:25:00,21915.86075061175,2,39
2024-02-07,21924.4,21925.6,21899.25,21904.9,12:30:00,21916.67401245825,2,40
2024-02-07,21907.8,21927.2,21906.0,21925.95,12:35:00,21915.828868414606,2,41
2024-02-07,21904.3,21912.9,21895.9,21907.5,12:40:00,21914.730880946547,2,42
2024-02-07,21899.1,21908.8,21895.95,21904.9,12:45:00,21913.242225618305,2,43
2024-02-07,21884.85,21910.5,21881.1,21898.85,12:50:00,21910.538204130848,2,44
2024-02-07,21901.35,21904.5,21883.8,21884.75,12:55:00,21909.66313707077,2,45
2024-02-07,21897.65,21902.55,21891.15,21901.15,13:00:00,21908.51902877831,2,46
2024-02-07,21910.2,21910.95,21894.55,21897.4,13:05:00,21908.67912127561,2,47
2024-02-07,21906.7,21917.6,21905.5,21910.15,13:10:00,21908.49063353508,2,48
2024-02-07,21908.85,21912.95,21903.6,21906.6,13:15:00,21908.524858912693,2,49
2024-02-07,21916.75,21918.8,21907.45,21908.6,13:20:00,21909.30820568291,2,50
2024-02-07,21894.0,21917.65,21891.6,21915.8,13:25:00,21907.85028133216,2,51
2024-02-07,21916.95,21918.5,21889.3,21893.55,13:30:00,21908.716921205287,2,52
2024-02-07,21928.15,21928.8,21908.75,21916.2,13:35:00,21910.56769061431,2,53
2024-02-07,21933.95,21948.6,21927.05,21927.05,13:40:00,21912.79457722247,2,54
2024-02-07,21909.15,21935.15,21905.4,21933.05,13:45:00,21912.44747462985,2,55
2024-02-07,21915.7,21921.9,21907.3,21910.45,13:50:00,21912.75723895082,2,56
2024-02-07,21937.45,21938.55,21915.4,21916.75,13:55:00,21915.10893047932,2,57
2024-02-07,21939.65,21946.5,21937.3,21937.35,14:00:00,21917.446175195568,2,58
2024-02-07,21951.0,21957.65,21933.75,21940.1,14:05:00,21920.64177755789,2,59
2024-02-07,21962.2,21973.6,21949.3,21951.05,14:10:00,21924.59970350476,2,60
2024-02-07,21967.5,21970.4,21948.55,21964.6,14:15:00,21928.68544602812,2,61
2024-02-07,21976.45,21983.55,21965.5,21967.85,14:20:00,21933.234451168297,2,62
2024-02-07,21949.75,21977.95,21949.35,21976.15,14:25:00,21934.80736058084,2,63
2024-02-07,21941.0,21960.45,21936.25,21951.0,14:30:00,21935.39713576362,2,64
2024-02-07,21925.05,21948.8,21912.15,21941.05,14:35:00,21934.41169426232,2,65
2024-02-07,21935.2,21939.6,21915.6,21925.7,14:40:00,21934.48677099924,2,66
2024-02-07,21925.65,21939.7,21925.65,21935.35,14:45:00,21933.64517376122,2,67
2024-02-07,21949.15,21950.15,21926.65,21926.65,14:50:00,21935.1218238792,2,68
2024-02-07,21915.95,21952.6,21915.75,21949.35,14:55:00,21933.295935890703,2,69
2024-02-07,21932.7,21936.3,21915.85,21915.85,15:00:00,21933.239180091587,2,70
2024-02-07,21931.05,21932.4,21923.1,21932.1,15:05:00,21933.03068674953,2,71
2024-02-07,21933.55,21933.55,21927.15,21930.3,15:10:00,21933.080145154338,2,72
2024-02-07,21935.6,21937.85,21927.8,21932.4,15:15:00,21933.320131330114,2,73
2024-02-07,21935.6,21936.25,21920.5,21935.85,15:20:00,21933.537261679627,2,74
2024-02-07,21949.8,21954.6,21935.9,21935.9,15:25:00,21935.086093900616,2,75
2024-02-08,21993.0,22009.95,21962.55,22009.65,09:15:00,21947.026711787126,3,1
2024-02-08,21991.6,22008.05,21988.65,21992.0,09:20:00,21951.27178685502,3,2
2024-02-08,21998.5,22005.6,21991.35,21991.75,09:25:00,21955.769711916448,3,3
2024-02-08,21987.95,22002.85,21980.1,21997.2,09:30:00,21958.834501257737,3,4
2024-02-08,21973.95,21991.35,21969.1,21988.55,09:35:00,21960.274072566524,3,5
2024-02-08,21974.55,21979.15,21961.7,21972.6,09:40:00,21961.633684703043,3,6
2024-02-08,21962.55,21978.7,21953.6,21976.05,09:45:00,21961.720952826563,3,7
2024-02-08,21960.55,21968.7,21950.7,21962.55,09:50:00,21961.609433509748,3,8
2024-02-08,21965.35,21978.25,21955.2,21960.1,09:55:00,21961.96567793739,3,9
2024-02-08,21989.35,21989.35,21952.2,21964.75,10:00:00,21964.57370861002,3,10
2024-02-08,21932.4,21998.35,21927.7,21994.65,10:05:00,21961.509545885256,3,11
2024-02-08,21939.65,21943.8,21911.45,21931.0,10:10:00,21959.42768437237,3,12
2024-02-08,21908.95,21939.25,21883.95,21937.85,10:15:00,21954.62028586072,3,13
2024-02-08,21919.55,21922.85,21899.5,21907.95,10:20:00,21951.280258635885,3,14
2024-02-08,21957.85,21964.95,21917.8,21920.05,10:25:00,21951.90594828961,3,15
2024-02-08,21963.4,21967.55,21948.25,21958.8,10:30:00,21953.00061988108,3,16
2024-02-08,21956.65,21966.95,21946.4,21963.85,10:35:00,21953.348179892404,3,17
2024-02-08,21877.5,21957.85,21868.7,21956.35,10:40:00,21946.12454371217,3,18
2024-02-08,21887.4,21892.7,21868.75,21877.4,10:45:00,21940.531730025297,3,19
2024-02-08,21885.5,21904.3,21877.4,21885.05,10:50:00,21935.29061288003,3,20
2024-02-08,21830.05,21893.8,21830.05,21885.6,10:55:00,21925.26769736765,3,21
2024-02-08,21753.45,21834.85,21733.0,21830.65,11:00:00,21908.90410714216,3,22
2024-02-08,21716.45,21758.4,21715.05,21752.8,11:05:00,21890.575144557188,3,23
2024-02-08,21737.0,21755.7,21710.15,21720.95,11:10:00,21875.948940313647,3,24
2024-02-08,21748.35,21760.1,21725.95,21734.75,11:15:00,21863.796660283777,3,25
2024-02-08,21741.95,21757.35,21724.6,21748.6,11:20:00,21852.192216447227,3,26
2024-02-08,21764.4,21774.05,21741.65,21742.45,11:25:00,21843.831052976064,3,27
2024-02-08,21738.1,21767.65,21735.15,21763.2,11:30:00,21833.761428883103,3,28
2024-02-08,21768.85,21775.8,21736.5,21739.5,11:35:00,21827.5793880371,3,29
2024-02-08,21768.45,21777.1,21754.3,21768.9,11:40:00,21821.94801774785,3,30
2024-02-08,21775.55,21777.4,21754.4,21767.35,11:45:00,21817.52915891472,3,31
2024-02-08,21794.5,21801.65,21768.25,21775.75,11:50:00,21815.335905684748,3,32
2024-02-08,21790.5,21800.0,21783.95,21793.95,11:55:00,21812.97058133382,3,33
2024-02-08,21797.75,21806.6,21788.4,21790.85,12:00:00,21811.52100215917,3,34
2024-02-08,21792.4,21801.95,21782.2,21798.4,12:05:00,21809.699954334486,3,35
2024-02-08,21804.05,21811.3,21788.35,21792.35,12:10:00,21809.161863445486,3,36
2024-02-08,21797.9,21808.35,21794.2,21804.1,12:15:00,21808.089305022106,3,37
2024-02-08,21783.35,21798.55,21765.1,21798.55,12:20:00,21805.733180734285,3,38
2024-02-08,21786.35,21798.0,21783.2,21784.5,12:25:00,21803.887163521496,3,39
2024-02-08,21793.35,21800.75,21769.5,21786.5,12:30:00,21802.883624138496,3,40
2024-02-08,21794.1,21803.3,21792.6,21798.45,12:35:00,21802.04708850626,3,41
2024-02-08,21801.1,21806.1,21793.3,21793.95,12:40:00,21801.9568896009,3,42
2024-02-08,21800.7,21807.65,21796.1,21801.0,12:45:00,21801.837185829387,3,43
2024-02-08,21796.8,21804.65,21783.95,21801.15,12:50:00,21801.35745384564,3,44
2024-02-08,21806.1,21809.15,21787.5,21797.5,12:55:00,21801.80912490796,3,45
2024-02-08,21789.6,21815.8,21783.3,21806.05,13:00:00,21800.646351107203,3,46
2024-02-08,21802.75,21802.8,21787.8,21790.45,13:05:00,21800.846698620804,3,47
2024-02-08,21807.85,21820.2,21799.6,21802.7,13:10:00,21801.51367970453,3,48
2024-02-08,21792.9,21814.55,21791.35,21809.05,13:15:00,21800.693329256486,3,49
2024-02-08,21782.2,21804.1,21779.05,21793.35,13:20:00,21798.932059803486,3,50
2024-02-08,21803.65,21808.3,21781.35,21781.75,13:25:00,21799.381387441248,3,51
2024-02-08,21792.85,21804.35,21789.5,21804.3,13:30:00,21798.75935054208,3,52
2024-02-08,21796.5,21800.55,21786.65,21793.15,13:35:00,21798.544174299976,3,53
2024-02-08,21787.45,21797.15,21777.9,21797.15,13:40:00,21797.487586271407,3,54
2024-02-08,21777.55,21794.25,21777.55,21788.35,13:45:00,21795.58876853128,3,55
2024-02-08,21763.35,21788.2,21761.0,21778.5,13:50:00,21792.51840962353,3,56
2024-02-08,21771.2,21773.25,21759.35,21764.05,13:55:00,21790.488084897486,3,57
2024-02-08,21738.1,21773.4,21738.1,21771.45,14:00:00,21785.49874347868,3,58
2024-02-08,21737.75,21750.8,21731.75,21737.6,14:05:00,21780.95124409976,3,59
2024-02-08,21727.75,21745.6,21724.05,21737.4,14:10:00,21775.8844589474,3,60
2024-02-08,21743.45,21744.85,21712.55,21727.95,14:15:00,21772.79546285717,3,61
2024-02-08,21725.85,21745.0,21719.85,21743.95,14:20:00,21768.32446639458,3,62
2024-02-08,21716.45,21733.25,21707.65,21725.9,14:25:00,21763.38404102367,3,63
2024-02-08,21707.8,21718.25,21697.0,21716.9,14:30:00,21758.09032283094,3,64
2024-02-08,21688.7,21709.6,21676.3,21707.8,14:35:00,21751.481720656564,3,65
2024-02-08,21695.15,21702.25,21678.75,21689.75,14:40:00,21746.11679487975,3,66
2024-02-08,21704.5,21706.45,21692.1,21694.8,14:45:00,21742.153290605485,3,67
2024-02-08,21694.05,21706.05,21685.7,21704.35,14:50:00,21737.57202483353,3,68
2024-02-08,21670.95,21697.5,21666.0,21693.05,14:55:00,21731.227070087487,3,69
2024-02-08,21702.5,21702.5,21672.1,21673.2,15:00:00,21728.491158650584,3,70
2024-02-08,21728.2,21733.5,21700.8,21702.9,15:05:00,21728.463429255287,3,71
2024-02-08,21714.75,21731.25,21713.75,21726.6,15:10:00,21727.15738837383,3,72
2024-02-08,21717.45,21724.2,21708.55,21715.6,15:15:00,21726.23287519537,3,73
2024-02-08,21741.9,21745.25,21716.6,21719.85,15:20:00,21727.72498231962,3,74
2024-02-08,21759.7,21760.75,21740.25,21741.95,15:25:00,21730.770222098705,3,75
2024-02-09,21682.65,21742.75,21665.75,21727.0,09:15:00,21725.862472058125,4,1
2024-02-09,21756.6,21762.3,21680.05,21681.4,09:20:00,21728.789855671635,4,2
2024-02-09,21769.75,21778.7,21726.4,21757.0,09:25:00,21732.690821798147,4,3
2024-02-09,21760.65,21772.6,21744.1,21770.1,09:30:00,21735.35360067452,4,4
2024-02-09,21734.6,21780.0,21729.6,21760.0,09:35:00,21735.281829181706,4,5
2024-02-09,21744.15,21751.6,21706.5,21735.9,09:40:00,21736.126416878687,4,6
2024-02-09,21713.65,21749.5,21713.65,21743.4,09:45:00,21733.985805747383,4,7
2024-02-09,21677.0,21722.7,21673.25,21710.65,09:50:00,21728.5585861524,4,8
2024-02-09,21680.15,21694.25,21671.7,21676.15,09:55:00,21723.948244614072,4,9
2024-02-09,21708.4,21708.4,21649.05,21678.25,10:00:00,21722.46745941273,4,10
2024-02-09,21741.05,21741.05,21703.25,21708.7,10:05:00,21724.237225182947,4,11
2024-02-09,21749.65,21750.45,21728.4,21740.8,10:10:00,21726.65748945124,4,12
2024-02-09,21736.0,21750.7,21719.25,21750.7,10:15:00,21727.547252360644,4,13
2024-02-09,21727.05,21746.15,21726.4,21738.15,10:20:00,21727.499894992965,4,14
2024-02-09,21699.65,21726.5,21694.8,21726.5,10:25:00,21724.84752404125,4,15
2024-02-09,21708.7,21715.3,21682.75,21699.1,10:30:00,21723.30966460875,4,16
2024-02-09,21699.0,21711.35,21686.6,21709.55,10:35:00,21720.99445845553,4,17
2024-02-09,21691.1,21707.35,21689.85,21698.95,10:40:00,21718.147367174053,4,18
2024-02-09,21696.85,21698.25,21680.3,21691.2,10:45:00,21716.119046490807,4,19
2024-02-09,21682.1,21696.0,21674.95,21696.0,10:50:00,21712.879137301206,4,20
2024-02-09,21673.5,21682.85,21660.35,21682.85,10:55:00,21709.12874327252,4,21
2024-02-09,21641.4,21679.35,21641.4,21673.75,11:00:00,21702.67838677037,4,22
2024-02-09,21655.5,21656.1,21631.35,21639.45,11:05:00,21698.18520707796,4,23
2024-02-09,21679.5,21687.65,21650.1,21655.95,11:10:00,21696.405663546728,4,24
2024-02-09,21674.55,21689.0,21664.65,21680.3,11:15:00,21694.32417178037,4,25
2024-02-09,21653.45,21674.4,21652.7,21674.4,11:20:00,21690.431393515577,4,26
2024-02-09,21673.6,21673.6,21644.75,21654.85,11:25:00,21688.82840365696,4,27
2024-02-09,21682.6,21682.65,21665.05,21673.05,11:30:00,21688.23522235629,4,28
2024-02-09,21704.55,21707.1,21678.95,21684.45,11:35:00,21689.78901070331,4,29
2024-02-09,21722.15,21732.6,21704.05,21705.55,11:40:00,21692.871009683942,4,30
2024-02-09,21731.75,21731.8,21711.8,21723.55,11:45:00,21696.57377066643,4,31
2024-02-09,21720.2,21732.5,21707.25,21732.5,11:50:00,21698.823887745817,4,32
2024-02-09,21725.35,21727.55,21714.4,21717.9,11:55:00,21701.35018415097,4,33
2024-02-09,21729.8,21736.95,21719.85,21725.55,12:00:00,21704.05969042231,4,34
2024-02-09,21744.3,21750.0,21723.7,21729.45,12:05:00,21707.89210085828,4,35
2024-02-09,21733.2,21750.05,21726.75,21744.95,12:10:00,21710.30237696701,4,36
2024-02-09,21746.35,21748.4,21725.3,21734.2,12:15:00,21713.735483922534,4,37
2024-02-09,21746.8,21752.2,21736.35,21746.75,12:20:00,21716.884485453724,4,38
2024-02-09,21748.4,21749.4,21739.15,21747.1,12:25:00,21719.88596302956,4,39
2024-02-09,21752.0,21766.5,21731.4,21748.75,12:30:00,21722.944442741027,4,40
2024-02-09,21754.1,21755.7,21736.0,21752.4,12:35:00,21725.91163867045,4,41
2024-02-09,21759.85,21762.35,21747.7,21753.15,12:40:00,21729.14386355898,4,42
2024-02-09,21757.65,21768.55,21755.95,21760.25,12:45:00,21731.858733696223,4,43
2024-02-09,21743.45,21760.1,21739.1,21757.3,12:50:00,21732.96266382039,4,44
2024-02-09,21751.5,21754.9,21726.15,21742.85,12:55:00,21734.728124408924,4,45
2024-02-09,21750.1,21755.3,21744.05,21752.1,13:00:00,21736.192112560457,4,46
2024-02-09,21737.15,21752.2,21731.4,21749.05,13:05:00,21736.283339935653,4,47
2024-02-09,21753.3,21755.0,21734.65,21737.25,13:10:00,21737.90397422749,4,48
2024-02-09,21733.5,21754.55,21731.95,21753.0,13:15:00,21737.484548110588,4,49
2024-02-09,21735.25,21745.35,21725.75,21733.95,13:20:00,21737.27173400482,4,50
2024-02-09,21744.35,21746.95,21730.05,21736.5,13:25:00,21737.945854575788,4,51
2024-02-09,21728.45,21746.85,21717.3,21745.0,13:30:00,21737.04148747333,4,52
2024-02-09,21720.15,21731.85,21712.45,21727.35,13:35:00,21735.43277438063,4,53
2024-02-09,21738.55,21742.45,21710.05,21721.35,13:40:00,21735.729653011047,4,54
2024-02-09,21736.65,21741.7,21727.25,21740.25,13:45:00,21735.81730510524,4,55
2024-02-09,21739.95,21742.15,21731.1,21736.85,13:50:00,21736.210895095213,4,56
2024-02-09,21742.0,21750.95,21738.95,21739.9,13:55:00,21736.76223841948,4,57
2024-02-09,21750.95,21750.95,21738.0,21743.85,14:00:00,21738.113453808102,4,58
2024-02-09,21748.05,21757.65,21742.15,21751.9,14:05:00,21739.059791540665,4,59
2024-02-09,21760.85,21768.95,21742.7,21748.4,14:10:00,21741.13504948917,4,60
2024-02-09,21778.35,21779.4,21753.45,21762.3,14:15:00,21744.6793304902,4,61
2024-02-09,21766.85,21778.7,21761.0,21778.7,14:20:00,21746.790822824467,4,62
2024-02-09,21769.4,21772.7,21753.65,21767.8,14:25:00,21748.944077793563,4,63
2024-02-09,21778.0,21785.15,21769.35,21770.1,14:30:00,21751.71130847989,4,64
2024-02-09,21784.0,21784.0,21755.8,21777.0,14:35:00,21754.786421958,4,65
2024-02-09,21765.25,21785.2,21761.55,21785.2,14:40:00,21755.78295320009,4,66
2024-02-09,21776.9,21781.6,21758.4,21765.5,14:45:00,21757.79410051437,4,67
2024-02-09,21773.1,21781.1,21761.4,21776.8,14:50:00,21759.251805227286,4,68
2024-02-09,21762.6,21779.75,21754.8,21773.3,14:55:00,21759.57068091993,4,69
2024-02-09,21781.1,21803.15,21755.2,21762.3,15:00:00,21761.621092260888,4,70
2024-02-09,21789.3,21795.2,21774.3,21780.8,15:05:00,21764.257178712232,4,71
2024-02-09,21782.8,21800.35,21780.35,21790.15,15:10:00,21766.02316169202,4,72
2024-02-09,21777.9,21790.2,21777.1,21783.95,15:15:00,21767.154289149923,4,73
2024-02-09,21780.85,21784.4,21772.5,21777.65,15:20:00,21768.458642564216,4,74
2024-02-09,21786.0,21787.25,21773.75,21781.35,15:25:00,21770.12924803429,4,75
2024-02-12,21823.25,21830.55,21764.6,21800.8,09:15:00,21777.831198504264,0,1
2024-02-12,21776.35,21823.9,21772.65,21822.6,09:20:00,21777.69013198005,0,2
2024-02-12,21801.0,21805.3,21765.85,21776.4,09:25:00,21779.91011941052,0,3
2024-02-12,21799.6,21810.1,21787.45,21800.95,09:30:00,21781.78534613333,0,4
2024-02-12,21783.6,21817.25,21783.6,21800.5,09:35:00,21781.95817031111,0,5
2024-02-12,21744.65,21786.15,21739.3,21784.05,09:40:00,21778.405011233863,0,6
2024-02-12,21734.55,21748.6,21731.15,21743.85,09:45:00,21774.228343497307,0,7
2024-02-12,21741.05,21757.8,21726.75,21734.75,09:50:00,21771.068501259462,0,8
2024-02-12,21722.9,21741.55,21719.35,21741.55,09:55:00,21766.48102494904,0,9
2024-02-12,21720.15,21727.0,21690.1,21723.7,10:00:00,21762.068546382463,0,10
2024-02-12,21684.8,21727.75,21684.8,21720.6,10:05:00,21754.70963720318,0,11
2024-02-12,21690.25,21707.3,21672.9,21687.0,10:10:00,21748.570624136213,0,12
2024-02-12,21702.1,21716.5,21675.85,21690.0,10:15:00,21744.14485040896,0,13
2024-02-12,21655.75,21707.5,21655.5,21702.95,10:20:00,21735.726293227148,0,14
2024-02-12,21661.85,21665.45,21629.55,21654.55,10:25:00,21728.69045577694,0,15
2024-02-12,21664.5,21677.35,21648.3,21662.05,10:30:00,21722.57707903628,0,16
2024-02-12,21675.45,21683.55,21660.15,21665.15,10:35:00,21718.088785794727,0,17
2024-02-12,21678.25,21682.05,21663.35,21674.95,10:40:00,21714.29461571904,0,18
2024-02-12,21668.0,21685.2,21665.4,21677.85,10:45:00,21709.88560469817,0,19
2024-02-12,21679.3,21681.0,21654.35,21667.85,10:50:00,21706.972689965016,0,20
2024-02-12,21693.2,21693.25,21664.2,21679.35,10:55:00,21705.66100520644,0,21
2024-02-12,21678.35,21701.0,21678.35,21693.2,11:00:00,21703.05995709154,0,22
2024-02-12,21708.25,21709.45,21673.7,21677.1,11:05:00,21703.554246892345,0,23
2024-02-12,21717.3,21719.1,21702.35,21707.3,11:10:00,21704.86336623593,0,24
2024-02-12,21708.75,21725.8,21700.75,21717.15,11:15:00,21705.23352183251,0,25
2024-02-12,21719.75,21721.1,21702.4,21708.45,11:20:00,21706.616043562743,0,26
2024-02-12,21720.2,21723.45,21709.6,21718.95,11:25:00,21707.909753699627,0,27
2024-02-12,21710.55,21728.25,21705.05,21720.7,11:30:00,21708.16120572824,0,28
2024-02-12,21702.25,21712.7,21692.05,21710.65,11:35:00,21707.59823375412,0,29
2024-02-12,21694.9,21706.15,21690.75,21700.8,11:40:00,21706.38887815849,0,30
2024-02-12,21685.75,21695.6,21684.8,21694.5,11:45:00,21704.423270714826,0,31
2024-02-12,21683.9,21687.8,21673.6,21684.15,11:50:00,21702.468673503885,0,32
2024-02-12,21686.2,21692.9,21673.0,21683.9,11:55:00,21700.91927602732,0,33
2024-02-12,21649.55,21688.75,21649.05,21686.9,12:00:00,21696.02696402472,0,34
2024-02-12,21625.3,21654.05,21610.15,21649.6,12:05:00,21689.29106268903,0,35
2024-02-12,21637.2,21642.35,21623.5,21625.5,12:10:00,21684.3300090996,0,36
2024-02-12,21668.8,21671.15,21636.15,21639.05,12:15:00,21682.850960613923,0,37
2024-02-12,21665.45,21680.7,21661.8,21669.1,12:20:00,21681.19372626974,0,38
2024-02-12,21660.6,21667.9,21648.2,21665.25,12:25:00,21679.232419005955,0,39
2024-02-12,21659.1,21677.1,21657.75,21660.75,12:30:00,21677.315045767293,0,40
2024-02-12,21669.3,21675.4,21657.85,21658.9,12:35:00,21676.55170807517,0,41
2024-02-12,21664.4,21672.45,21662.25,21669.0,12:40:00,21675.394402544203,0,42
2024-02-12,21641.95,21672.3,21631.75,21665.45,12:45:00,21672.20922134952,0,43
2024-02-12,21646.2,21651.85,21633.6,21641.9,12:50:00,21669.732152649565,0,44
2024-02-12,21627.95,21647.95,21617.45,21645.8,12:55:00,21665.752900016272,0,45
2024-02-12,21594.95,21628.0,21575.2,21628.0,13:00:00,21659.00976668139,0,46
2024-02-12,21609.55,21612.15,21588.75,21594.8,13:05:00,21654.299312711733,0,47
2024-02-12,21614.5,21624.8,21606.0,21609.25,13:10:00,21650.50890197728,0,48
2024-02-12,21604.85,21622.15,21591.85,21613.85,13:15:00,21646.160435122303,0,49
2024-02-12,21598.75,21605.0,21591.9,21604.3,13:20:00,21641.645155586844,0,50
2024-02-12,21618.85,21627.3,21598.15,21599.15,13:25:00,21639.4741883881,0,51
2024-02-12,21644.15,21653.0,21617.2,21619.1,13:30:00,21639.919503779707,0,52
2024-02-12,21641.85,21660.75,21639.9,21644.75,13:35:00,21640.1033605626,0,53
2024-02-12,21629.65,21644.2,21629.4,21641.75,13:40:00,21639.10780241377,0,54
2024-02-12,21646.85,21648.0,21629.15,21630.35,13:45:00,21639.84515456484,0,55
2024-02-12,21608.05,21649.95,21605.15,21646.75,13:50:00,21636.817044606287,0,56
2024-02-12,21635.45,21645.8,21607.5,21608.2,13:55:00,21636.68684988188,0,57
2024-02-12,21656.55,21658.85,21634.2,21635.15,14:00:00,21638.57857846456,0,58
2024-02-12,21654.4,21668.7,21645.75,21655.9,14:05:00,21640.08538051555,0,59
2024-02-12,21688.35,21691.55,21653.0,21653.9,14:10:00,21644.68201094264,0,60
2024-02-12,21661.35,21697.0,21661.35,21687.85,14:15:00,21646.269438471914,0,61
2024-02-12,21641.3,21671.3,21632.25,21662.85,14:20:00,21645.79615861745,0,62
2024-02-12,21633.45,21646.25,21628.95,21642.2,14:25:00,21644.62033398721,0,63
2024-02-12,21665.1,21667.85,21634.5,21634.5,14:30:00,21646.57077836938,0,64
2024-02-12,21640.1,21669.7,21637.5,21666.25,14:35:00,21645.95451376277,0,65
2024-02-12,21644.6,21656.9,21623.65,21641.0,14:40:00,21645.82551245203,0,66
2024-02-12,21633.3,21652.75,21628.45,21644.6,14:45:00,21644.632606504216,0,67
2024-02-12,21614.45,21642.45,21614.45,21633.85,14:50:00,21641.758072551434,0,68
2024-02-12,21603.85,21627.3,21603.75,21614.3,14:55:00,21638.147779927487,0,69
2024-02-12,21645.6,21657.35,21604.95,21604.95,15:00:00,21638.857515172487,0,70
2024-02-12,21634.25,21650.5,21634.25,21647.05,15:05:00,21638.41870420368,0,71
2024-02-12,21598.0,21638.45,21586.95,21635.95,15:10:00,21634.56930380333,0,72
2024-02-12,21591.2,21601.95,21585.0,21597.6,15:15:00,21630.4388939173,0,73
2024-02-12,21624.55,21627.5,21591.4,21591.4,15:20:00,21629.87804687756,0,74
2024-02-12,21612.6,21632.55,21611.2,21625.1,15:25:00,21628.232518603505,0,75
2024-02-13,21659.9,21671.45,21623.9,21664.3,09:15:00,21634.356324752527,1,1
2024-02-13,21627.05,21662.75,21579.1,21659.2,09:20:00,21633.660484299908,1,2
2024-02-13,21577.7,21633.05,21570.5,21627.0,09:25:00,21628.330914366583,1,3
2024-02-13,21596.0,21606.35,21544.4,21576.45,09:30:00,21625.251779665003,1,4
2024-02-13,21637.0,21640.3,21584.6,21597.45,09:35:00,21626.370657792148,1,5
2024-02-13,21628.4,21644.1,21597.4,21635.7,09:40:00,21626.56392847861,1,6
2024-02-13,21601.95,21628.45,21597.1,21628.45,09:45:00,21624.219744813978,1,7
2024-02-13,21633.15,21636.75,21595.75,21601.1,09:50:00,21625.070245307885,1,8
2024-02-13,21676.75,21678.9,21631.25,21633.95,09:55:00,21629.992126707133,1,9
2024-02-13,21672.55,21682.85,21658.55,21676.75,10:00:00,21634.045257496928,1,10
2024-02-13,21702.95,21704.4,21667.3,21671.55,10:05:00,21640.6076139258,1,11
2024-02-13,21718.45,21722.45,21699.2,21703.3,10:10:00,21648.02117450429,1,12
2024-02-13,21705.9,21724.55,21694.55,21719.5,10:15:00,21653.53344359912,1,13
2024-02-13,21694.2,21711.55,21689.65,21705.85,10:20:00,21657.40644897064,1,14
2024-02-13,21712.15,21712.2,21690.7,21695.0,10:25:00,21662.62012049724,1,15
2024-02-13,21707.3,21713.9,21701.35,21711.8,10:30:00,21666.87534711655,1,16
2024-02-13,21713.8,21722.3,21699.05,21708.15,10:35:00,21671.34436167688,1,17
2024-02-13,21716.75,21716.85,21695.05,21714.0,10:40:00,21675.668708183843,1,18
2024-02-13,21717.0,21717.6,21708.3,21715.0,10:45:00,21679.605021690146,1,19
2024-02-13,21738.85,21746.7,21716.3,21716.6,10:50:00,21685.247400576794,1,20
2024-02-13,21728.15,21742.15,21723.85,21738.15,10:55:00,21689.333362426623,1,21
2024-02-13,21733.65,21735.25,21719.15,21728.65,11:00:00,21693.55399457647,1,22
2024-02-13,21739.35,21747.6,21731.75,21733.0,11:05:00,21697.91551890252,1,23
2024-02-13,21764.35,21765.5,21734.9,21739.4,11:10:00,21704.24261234038,1,24
2024-02-13,21738.85,21766.45,21730.7,21763.1,11:15:00,21707.538554022245,1,25
2024-02-13,21731.65,21745.05,21724.85,21739.75,11:20:00,21709.834882210605,1,26
2024-02-13,21728.45,21741.55,21727.95,21731.2,11:25:00,21711.6077505715,1,27
2024-02-13,21735.3,21736.95,21707.4,21727.85,11:30:00,21713.864155278978,1,28
2024-02-13,21718.0,21736.95,21715.7,21734.15,11:35:00,21714.258045252405,1,29
2024-02-13,21703.9,21718.6,21695.95,21718.4,11:40:00,21713.271564752176,1,30
2024-02-13,21703.0,21713.05,21698.8,21705.25,11:45:00,21712.293320490066,1,31
2024-02-13,21727.6,21732.95,21699.9,21702.65,11:50:00,21713.75109949101,1,32
2024-02-13,21723.8,21735.85,21721.1,21727.9,11:55:00,21714.708137634727,1,33
2024-02-13,21690.8,21726.6,21689.5,21723.55,12:00:00,21712.431172145705,1,34
2024-02-13,21687.1,21696.15,21680.85,21691.45,12:05:00,21710.0186795604,1,35
2024-02-13,21646.9,21697.2,21646.9,21685.5,12:10:00,21704.007376745125,1,36
2024-02-13,21664.55,21671.05,21640.25,21648.3,12:15:00,21700.249531340825,1,37
2024-02-13,21666.7,21672.85,21658.55,21662.95,12:20:00,21697.0543378798,1,38
2024-02-13,21638.7,21666.85,21627.85,21666.4,12:25:00,21691.49678189124,1,39
2024-02-13,21653.6,21654.45,21628.05,21638.4,12:30:00,21687.887564568267,1,40
2024-02-13,21656.75,21661.8,21622.8,21654.75,12:35:00,21684.92208222844,1,41
2024-02-13,21641.6,21658.9,21638.15,21655.4,12:40:00,21680.796169635247,1,42
2024-02-13,21646.65,21658.25,21637.85,21641.3,12:45:00,21677.544153479503,1,43
2024-02-13,21659.7,21670.05,21644.35,21646.45,12:50:00,21675.84471029098,1,44
2024-02-13,21687.45,21690.4,21651.95,21660.3,12:55:00,21676.94997597756,1,45
2024-02-13,21704.3,21720.05,21687.2,21689.15,13:00:00,21679.55474017017,1,46
2024-02-13,21688.35,21708.7,21685.15,21705.0,13:05:00,21680.392383963484,1,47
2024-02-13,21686.05,21703.35,21681.0,21688.0,13:10:00,21680.93120453839,1,48
2024-02-13,21690.7,21698.35,21680.2,21685.15,13:15:00,21681.861566010924,1,49
2024-02-13,21694.8,21698.35,21685.3,21688.95,13:20:00,21683.09379781941,1,50
2024-02-13,21711.65,21716.6,21690.9,21693.7,13:25:00,21685.813436122324,1,51
2024-02-13,21732.25,21732.25,21707.55,21711.9,13:30:00,21690.23596601544,1,52
2024-02-13,21731.05,21742.3,21718.1,21731.45,13:35:00,21694.12301687111,1,53
2024-02-13,21734.1,21739.35,21724.1,21730.75,13:40:00,21697.930348597674,1,54
2024-02-13,21725.4,21743.05,21721.4,21733.9,13:45:00,21700.546505874085,1,55
2024-02-13,21738.95,21745.8,21722.2,21724.65,13:50:00,21704.203981505125,1,56
2024-02-13,21735.3,21743.9,21730.55,21738.85,13:55:00,21707.165507076064,1,57
2024-02-13,21742.8,21749.7,21733.1,21735.75,14:00:00,21710.559268306915,1,58
2024-02-13,21748.7,21764.15,21742.4,21743.0,14:05:00,21714.191718944352,1,59
2024-02-13,21728.3,21750.8,21719.0,21748.75,14:10:00,21715.535364759173,1,60
2024-02-13,21717.8,21730.5,21706.6,21728.45,14:15:00,21715.75104430592,1,61
2024-02-13,21725.55,21728.6,21712.75,21716.75,14:20:00,21716.684278181543,1,62
2024-02-13,21742.0,21747.55,21722.7,21725.55,14:25:00,21719.09529930711,1,63
2024-02-13,21747.1,21756.15,21740.65,21742.4,14:30:00,21721.762413658813,1,64
2024-02-13,21722.3,21754.35,21721.25,21747.6,14:35:00,21721.81361235797,1,65
2024-02-13,21715.1,21737.85,21714.8,21722.65,14:40:00,21721.17422070483,1,66
2024-02-13,21713.65,21720.95,21705.4,21714.75,14:45:00,21720.45762825675,1,67
2024-02-13,21737.4,21738.55,21710.6,21717.5,14:50:00,21722.071187470392,1,68
2024-02-13,21733.25,21742.6,21729.2,21738.55,14:55:00,21723.13583628273,1,69
2024-02-13,21737.35,21754.15,21729.35,21733.85,15:00:00,21724.48956616057,1,70
2024-02-13,21750.0,21752.05,21734.1,21736.85,15:05:00,21726.91913128813,1,71
2024-02-13,21753.9,21761.55,21747.3,21751.7,15:10:00,21729.48873783212,1,72
2024-02-13,21749.45,21758.3,21746.35,21754.15,15:15:00,21731.38981041954,1,73
2024-02-13,21742.85,21751.45,21734.0,21749.7,15:20:00,21732.48125704625,1,74
2024-02-13,21728.0,21743.5,21717.75,21742.85,15:25:00,21732.054470660893,1,75
2024-02-14,21585.9,21599.9,21555.15,21578.15,09:15:00,21704.873387547803,2,1
2024-02-14,21569.15,21588.7,21553.85,21586.3,09:20:00,21691.94735063849,2,2
2024-02-14,21563.8,21569.2,21533.9,21569.2,09:25:00,21679.74284105387,2,3
2024-02-14,21541.05,21563.6,21530.9,21563.4,09:30:00,21666.53399904874,2,4
2024-02-14,21588.2,21595.0,21538.85,21540.65,09:35:00,21659.073618186954,2,5
2024-02-14,21576.6,21587.7,21553.55,21585.9,09:40:00,21651.21898788344,2,6
2024-02-14,21576.95,21579.9,21558.6,21578.25,09:45:00,21644.14575094216,2,7
2024-02-14,21592.85,21608.05,21568.75,21577.05,09:50:00,21639.260441328617,2,8
2024-02-14,21600.1,21609.1,21590.15,21591.95,09:55:00,21635.5308754878,2,9
2024-02-14,21578.0,21621.35,21576.4,21599.75,10:00:00,21630.05174448896,2,10
2024-02-14,21591.4,21596.05,21570.6,21578.1,10:05:00,21626.3706259662,2,11
2024-02-14,21620.4,21620.4,21590.0,21590.35,10:10:00,21625.8019949218,2,12
2024-02-14,21630.2,21631.8,21611.05,21623.15,10:15:00,21626.220852548297,2,13
2024-02-14,21610.6,21631.9,21610.05,21629.7,10:20:00,21624.7331523056,2,14
2024-02-14,21609.3,21614.4,21599.9,21610.6,10:25:00,21623.26332827649,2,15
2024-02-14,21608.7,21617.55,21589.35,21608.5,10:30:00,21621.87634463112,2,16
2024-02-14,21614.95,21617.2,21608.25,21609.3,10:35:00,21621.21669276148,2,17
2024-02-14,21597.6,21622.55,21597.45,21614.65,10:40:00,21618.967483927056,2,18
2024-02-14,21609.15,21609.3,21590.0,21597.85,10:45:00,21618.03248545781,2,19
2024-02-14,21621.7,21628.1,21604.65,21608.9,10:50:00,21618.38177255707,2,20
2024-02-14,21635.1,21650.2,21619.85,21620.05,10:55:00,21619.97398469449,2,21
2024-02-14,21626.75,21639.1,21625.05,21634.65,11:00:00,21620.619319485493,2,22
2024-02-14,21632.5,21640.65,21625.45,21626.3,11:05:00,21621.750812867827,2,23
2024-02-14,21606.85,21635.15,21594.65,21632.7,11:10:00,21620.3316878328,2,24
2024-02-14,21605.75,21616.6,21597.4,21607.25,11:15:00,21618.942955658247,2,25
2024-02-14,21613.55,21619.55,21604.6,21604.6,11:20:00,21618.429340833653,2,26
2024-02-14,21602.7,21622.6,21599.1,21613.55,11:25:00,21616.931308373307,2,27
2024-02-14,21601.7,21616.55,21599.6,21602.2,11:30:00,21615.480707575847,2,28
2024-02-14,21596.95,21603.2,21578.15,21601.45,11:35:00,21613.715878282903,2,29
2024-02-14,21606.25,21606.65,21592.05,21596.8,11:40:00,21613.004842255963,2,30
2024-02-14,21604.75,21609.6,21598.5,21605.8,11:45:00,21612.21866680301,2,31
2024-02-14,21618.05,21620.05,21603.6,21603.6,11:50:00,21612.77403186939,2,32
2024-02-14,21613.95,21621.75,21607.95,21617.4,11:55:00,21612.88602883421,2,33
2024-02-14,21607.05,21614.55,21600.45,21613.85,12:00:00,21612.330216564285,2,34
2024-02-14,21619.1,21622.85,21606.2,21607.65,12:05:00,21612.97495784388,2,35
2024-02-14,21619.15,21631.35,21613.75,21619.15,12:10:00,21613.56305709684,2,36
2024-02-14,21627.2,21633.95,21618.55,21618.55,12:15:00,21614.86181356381,2,37
2024-02-14,21623.4,21638.55,21622.95,21627.95,12:20:00,21615.67497417677,2,38
2024-02-14,21656.8,21663.05,21623.55,21623.8,12:25:00,21619.5916433028,2,39
2024-02-14,21667.85,21681.55,21655.65,21656.05,12:30:00,21624.18767727396,2,40
2024-02-14,21663.5,21671.15,21661.0,21669.25,12:35:00,21627.93170800977,2,41
2024-02-14,21661.9,21673.25,21657.65,21662.45,12:40:00,21631.166783437417,2,42
2024-02-14,21658.05,21672.1,21657.3,21661.15,12:45:00,21633.727089776712,2,43
2024-02-14,21669.95,21671.4,21650.75,21658.3,12:50:00,21637.17689075036,2,44
2024-02-14,21678.7,21679.75,21668.25,21668.7,12:55:00,21641.131472583656,2,45
2024-02-14,21703.0,21703.0,21677.85,21678.45,13:00:00,21647.02371328997,2,46
2024-02-14,21690.05,21705.75,21687.65,21703.75,13:05:00,21651.12145488141,2,47
2024-02-14,21689.7,21695.0,21684.9,21689.7,13:10:00,21654.79560203556,2,48
2024-02-14,21681.1,21691.25,21676.05,21689.4,13:15:00,21657.300782794075,2,49
2024-02-14,21671.75,21689.15,21669.85,21680.3,13:20:00,21658.676898718448,2,50
2024-02-14,21671.75,21679.05,21667.9,21671.8,13:25:00,21659.92195598336,2,51
2024-02-14,21643.75,21672.95,21639.7,21670.95,13:30:00,21658.381769699223,2,52
2024-02-14,21650.6,21652.75,21634.7,21644.0,13:35:00,21657.64064877549,2,53
2024-02-14,21661.75,21667.75,21647.65,21650.1,13:40:00,21658.032015558776,2,54
2024-02-14,21682.95,21686.65,21662.0,21662.0,13:45:00,21660.40515693413,2,55
2024-02-14,21664.15,21684.6,21664.15,21682.5,13:50:00,21660.76180865469,2,56
2024-02-14,21659.4,21669.2,21648.25,21662.55,13:55:00,21660.63211259234,2,57
2024-02-14,21673.15,21680.15,21658.75,21658.9,14:00:00,21661.824292345453,2,58
2024-02-14,21684.6,21687.0,21663.95,21673.7,14:05:00,21663.993407360173,2,59
2024-02-14,21718.95,21720.25,21678.9,21684.55,14:10:00,21669.227368563967,2,60
2024-02-14,21727.7,21741.2,21713.45,21718.65,14:15:00,21674.79619060549,2,61
2024-02-14,21758.55,21760.4,21722.75,21726.7,14:20:00,21682.77274388116,2,62
2024-02-14,21752.7,21758.6,21737.8,21758.6,14:25:00,21689.432482559147,2,63
2024-02-14,21790.75,21798.25,21747.8,21751.95,14:30:00,21699.081769934462,2,64
2024-02-14,21800.85,21805.0,21781.75,21789.85,14:35:00,21708.77398232165,2,65
2024-02-14,21815.4,21817.2,21794.4,21799.5,14:40:00,21718.92884114817,2,66
2024-02-14,21824.55,21824.55,21798.6,21814.45,14:45:00,21728.987999134057,2,67
2024-02-14,21822.7,21830.0,21819.0,21823.35,14:50:00,21737.91295159748,2,68
2024-02-14,21838.95,21843.75,21811.5,21822.15,14:55:00,21747.535527635817,2,69
2024-02-14,21851.55,21870.2,21838.05,21838.05,15:00:00,21757.44166786097,2,70
2024-02-14,21850.5,21857.35,21842.65,21850.8,15:05:00,21766.30436615993,2,71
2024-02-14,21814.25,21851.1,21794.75,21850.6,15:10:00,21770.87061700184,2,72
2024-02-14,21833.9,21838.45,21801.85,21814.55,15:15:00,21776.87341538262,2,73
2024-02-14,21849.1,21849.85,21826.5,21834.5,15:20:00,21783.75213772713,2,74
2024-02-14,21848.7,21856.25,21842.85,21849.0,15:25:00,21789.937648419786,2,75
2024-02-15,21893.4,21915.7,21889.9,21906.55,09:15:00,21809.83943555452,3,1
2024-02-15,21904.9,21912.25,21873.45,21892.2,09:20:00,21818.89282264456,3,2
2024-02-15,21876.35,21906.05,21862.0,21904.35,09:25:00,21824.36493477365,3,3
2024-02-15,21842.75,21879.45,21842.75,21875.1,09:30:00,21826.11589336664,3,4
2024-02-15,21825.55,21865.4,21824.2,21840.75,09:35:00,21826.06199876029,3,5
2024-02-15,21825.35,21838.05,21813.65,21824.9,09:40:00,21825.994189354547,3,6
2024-02-15,21876.1,21902.9,21823.75,21824.95,09:45:00,21830.76617132078,3,7
2024-02-15,21854.45,21886.4,21854.45,21875.4,09:50:00,21833.021774052133,3,8
2024-02-15,21808.35,21842.2,21798.7,21842.2,09:55:00,21830.67208128526,3,9
2024-02-15,21828.9,21840.5,21796.1,21808.35,10:00:00,21830.503311639048,3,10
2024-02-15,21862.75,21878.05,21827.7,21829.05,10:05:00,21833.57442481628,3,11
2024-02-15,21885.35,21891.5,21856.5,21862.8,10:10:00,21838.505431976635,3,12
2024-02-15,21886.9,21902.35,21868.45,21886.35,10:15:00,21843.11443845505,3,13
2024-02-15,21890.6,21894.1,21873.9,21885.6,10:20:00,21847.636872887902,3,14
2024-02-15,21871.05,21892.3,21867.05,21891.35,10:25:00,21849.866694517623,3,15
2024-02-15,21872.05,21899.75,21861.6,21870.7,10:30:00,21851.97939027785,3,16
2024-02-15,21862.5,21876.75,21854.3,21876.05,10:35:00,21852.98135310853,3,17
2024-02-15,21860.1,21873.85,21855.25,21864.35,10:40:00,21853.65931947915,3,18
2024-02-15,21869.55,21877.7,21852.35,21862.45,10:45:00,21855.17271762399,3,19
2024-02-15,21874.05,21875.65,21859.9,21869.8,10:50:00,21856.97055404076,3,20
2024-02-15,21847.65,21878.1,21832.4,21874.75,10:55:00,21856.08288222735,3,21
2024-02-15,21848.3,21867.5,21846.85,21848.65,11:00:00,21855.341655348555,3,22
2024-02-15,21856.7,21863.55,21846.7,21848.5,11:05:00,21855.47102150584,3,23
2024-02-15,21868.5,21879.85,21857.65,21860.35,11:10:00,21856.711876600515,3,24
2024-02-15,21864.35,21869.9,21856.8,21868.3,11:15:00,21857.43931692428,3,25
2024-02-15,21865.85,21877.75,21862.75,21864.85,11:20:00,21858.24033436006,3,26
2024-02-15,21862.25,21869.25,21844.6,21866.0,11:25:00,21858.62220727816,3,27
2024-02-15,21854.0,21865.45,21846.15,21861.95,11:30:00,21858.181997061183,3,28
2024-02-15,21861.7,21863.05,21846.55,21854.25,11:35:00,21858.51704496012,3,29
2024-02-15,21858.0,21868.25,21840.55,21861.1,11:40:00,21858.467802582963,3,30
2024-02-15,21863.55,21874.45,21858.5,21858.75,11:45:00,21858.951821384588,3,31
2024-02-15,21870.1,21875.55,21852.25,21863.3,11:50:00,21860.01355268129,3,32
2024-02-15,21861.35,21881.4,21855.85,21869.1,11:55:00,21860.14083337831,3,33
2024-02-15,21853.4,21865.05,21848.1,21860.65,12:00:00,21859.498849247044,3,34
2024-02-15,21853.95,21862.7,21848.85,21852.75,12:05:00,21858.970387413992,3,35
2024-02-15,21857.85,21862.3,21849.35,21854.4,12:10:00,21858.863683850755,3,36
2024-02-15,21844.1,21859.75,21835.6,21857.95,12:15:00,21857.45761872211,3,37
2024-02-15,21871.85,21872.7,21842.85,21844.45,12:20:00,21858.82832170096,3,38
2024-02-15,21857.9,21874.75,21855.15,21871.35,12:25:00,21858.73991011039,3,39
2024-02-15,21828.95,21859.65,21823.85,21857.35,12:30:00,21855.902775814164,3,40
2024-02-15,21849.5,21851.95,21827.9,21829.4,12:35:00,21855.292987641387,3,41
2024-02-15,21850.25,21856.6,21836.9,21849.25,12:40:00,21854.81270310411,3,42
2024-02-15,21863.25,21863.9,21836.15,21849.8,12:45:00,21855.61625518944,3,43
2024-02-15,21856.0,21870.15,21852.5,21863.2,12:50:00,21855.65280231425,3,44
2024-02-15,21858.1,21864.0,21852.15,21855.8,12:55:00,21855.88586876052,3,45
2024-02-15,21863.8,21865.4,21845.9,21858.75,13:00:00,21856.639595545228,3,46
2024-02-15,21858.3,21865.3,21856.35,21863.9,13:05:00,21856.797729302827,3,47
2024-02-15,21861.25,21865.8,21852.8,21858.55,13:10:00,21857.22175508351,3,48
2024-02-15,21845.25,21863.9,21845.25,21861.85,13:15:00,21856.0815879327,3,49
2024-02-15,21861.65,21875.75,21838.65,21845.25,13:20:00,21856.611912891487,3,50
2024-02-15,21868.55,21870.15,21850.25,21860.95,13:25:00,21857.74887356849,3,51
2024-02-15,21866.3,21874.45,21860.7,21868.45,13:30:00,21858.563266561967,3,52
2024-02-15,21916.4,21916.4,21865.05,21866.3,13:35:00,21864.0715268894,3,53
2024-02-15,21943.95,21948.1,21907.9,21916.85,13:40:00,21871.67900051898,3,54
2024-02-15,21943.3,21948.1,21927.9,21942.65,13:45:00,21878.5000480886,3,55
2024-02-15,21939.05,21951.15,21933.55,21942.85,13:50:00,21884.2667101754,3,56
2024-02-15,21952.8,21952.8,21922.1,21937.8,13:55:00,21890.79369015869,3,57
2024-02-15,21919.65,21952.25,21917.3,21951.4,14:00:00,21893.541910143584,3,58
2024-02-15,21933.65,21937.8,21916.9,21919.0,14:05:00,21897.361728225147,3,59
2024-02-15,21914.75,21944.35,21914.75,21932.8,14:10:00,21899.017754108463,3,60
2024-02-15,21904.95,21917.85,21898.65,21913.1,14:15:00,21899.58272990766,3,61
2024-02-15,21881.9,21914.4,21879.45,21904.75,14:20:00,21897.89866039265,3,62
2024-02-15,21892.4,21899.95,21874.6,21882.1,14:25:00,21897.37497845049,3,63
2024-02-15,21890.55,21906.25,21883.6,21892.9,14:30:00,21896.724980502822,3,64
2024-02-15,21906.1,21906.1,21886.85,21889.75,14:35:00,21897.61783950256,3,65
2024-02-15,21902.0,21905.3,21895.15,21902.3,14:40:00,21898.03518812136,3,66
2024-02-15,21906.0,21912.95,21896.5,21903.6,14:45:00,21898.793741633614,3,67
2024-02-15,21919.25,21928.85,21903.65,21906.0,14:50:00,21900.741956716127,3,68
2024-02-15,21910.7,21923.9,21898.7,21919.55,14:55:00,21901.69034179078,3,69
2024-02-15,21915.25,21918.85,21887.75,21909.95,15:00:00,21902.981737810707,3,70
2024-02-15,21903.65,21915.8,21895.25,21914.8,15:05:00,21903.04538182873,3,71
2024-02-15,21909.8,21913.9,21893.55,21905.05,15:10:00,21903.68867879743,3,72
2024-02-15,21916.05,21917.75,21907.5,21910.75,15:15:00,21904.865947483388,3,73
2024-02-15,21926.0,21930.35,21914.55,21916.6,15:20:00,21906.87871438973,3,74
2024-02-15,21927.05,21931.15,21923.25,21925.1,15:25:00,21908.79978920976,3,75
2024-02-16,22005.45,22020.65,21993.3,22020.3,09:15:00,21927.61229910368,4,1
2024-02-16,21999.35,22005.0,21990.7,22004.9,09:20:00,21934.444461093804,4,2
2024-02-16,22005.55,22016.65,21986.3,21996.55,09:25:00,21941.21641718011,4,3
2024-02-16,21985.95,22010.7,21976.9,22006.75,09:30:00,21945.47675840105,4,4
2024-02-16,22012.2,22012.5,21984.05,21987.9,09:35:00,21951.83135283905,4,5
2024-02-16,21994.1,22020.65,21986.5,22013.05,09:40:00,21955.856938282952,4,6
2024-02-16,21978.05,21993.95,21969.55,21993.65,09:45:00,21957.970563208382,4,7
2024-02-16,21998.0,22001.2,21977.8,21979.05,09:50:00,21961.78289052188,4,8
2024-02-16,22006.15,22011.7,21997.9,21997.9,09:55:00,21966.00832951979,4,9
2024-02-16,22013.7,22017.9,22004.55,22006.1,10:00:00,21970.550393375048,4,10
2024-02-16,22028.25,22028.4,22004.35,22012.65,10:05:00,21976.045594006,4,11
2024-02-16,22036.7,22037.35,22023.15,22027.55,10:10:00,21981.822204100667,4,12
2024-02-16,22026.1,22040.95,22024.05,22036.4,10:15:00,21986.03913704346,4,13
2024-02-16,22025.85,22032.0,22014.55,22026.5,10:20:00,21989.830647801227,4,14
2024-02-16,22040.1,22041.85,22025.15,22026.5,10:25:00,21994.61820515349,4,15
2024-02-16,22033.3,22044.6,22029.05,22038.95,10:30:00,21998.302185615063,4,16
2024-02-16,22022.1,22036.45,22016.45,22034.15,10:35:00,22000.56864412792,4,17
2024-02-16,22032.25,22033.05,22013.7,22021.15,10:40:00,22003.58591611573,4,18
2024-02-16,22022.2,22033.5,22021.3,22031.85,10:45:00,22005.35868600948,4,19
2024-02-16,22030.65,22033.0,22016.5,22022.05,10:50:00,22007.76738258,4,20
2024-02-16,22034.1,22039.4,22028.6,22031.1,10:55:00,22010.27525090572,4,21
2024-02-16,22036.65,22041.1,22023.8,22033.75,11:00:00,22012.78713177184,4,22
2024-02-16,22041.0,22045.6,22035.65,22037.1,11:05:00,22015.474071603094,4,23
2024-02-16,22034.65,22042.75,22032.15,22041.15,11:10:00,22017.30035049804,4,24
2024-02-16,22037.4,22045.55,22028.65,22035.6,11:15:00,22019.21460283156,4,25
2024-02-16,22035.55,22045.2,22030.4,22037.85,11:20:00,22020.77035494284,4,26
2024-02-16,22037.25,22043.3,22033.2,22035.9,11:25:00,22022.339844948285,4,27
2024-02-16,22030.0,22040.7,22025.5,22037.35,11:30:00,22023.06938352464,4,28
2024-02-16,22019.1,22031.8,22014.8,22031.45,11:35:00,22022.691346998483,4,29
2024-02-16,22027.5,22029.45,22008.0,22018.45,11:40:00,22023.14931395101,4,30
2024-02-16,22023.45,22027.15,22006.65,22027.1,11:45:00,22023.17795071757,4,31
2024-02-16,22030.3,22038.3,22019.7,22024.05,11:50:00,22023.856241125424,4,32
2024-02-16,22041.75,22041.9,22030.3,22030.9,11:55:00,22025.560408637288,4,33
2024-02-16,22043.55,22045.1,22035.25,22042.4,12:00:00,22027.273703052782,4,34
2024-02-16,22038.8,22049.25,22038.2,22043.3,12:05:00,22028.37144561919,4,35
2024-02-16,22047.4,22050.0,22038.0,22039.3,12:10:00,22030.18368889355,4,36
2024-02-16,22036.0,22048.95,22035.2,22046.8,12:15:00,22030.737623284644,4,37
2024-02-16,22027.9,22036.8,22026.9,22035.4,12:20:00,22030.467373448013,4,38
2024-02-16,22025.2,22032.15,22022.75,22026.95,12:25:00,22029.96571883392,4,39
2024-02-16,22035.55,22036.5,22023.95,22025.2,12:30:00,22030.49755513545,4,40
2024-02-16,22042.05,22044.1,22034.2,22035.8,12:35:00,22031.597787979696,4,41
2024-02-16,22046.4,22046.75,22036.5,22042.1,12:40:00,22033.00752245782,4,42
2024-02-16,22048.5,22049.95,22036.25,22045.25,12:45:00,22034.482996509458,4,43
2024-02-16,22055.05,22056.5,22045.7,22047.75,12:50:00,22036.44175874665,4,44
2024-02-16,22060.55,22062.6,22054.35,22055.7,12:55:00,22038.73778172316,4,45
2024-02-16,22055.05,22067.25,22049.1,22060.65,13:00:00,22040.29132632096,4,46
2024-02-16,22058.4,22060.85,22052.05,22054.5,13:05:00,22042.01596190944,4,47
2024-02-16,22055.2,22060.7,22054.5,22059.0,13:10:00,22043.271584584727,4,48
2024-02-16,22042.0,22055.8,22042.0,22055.3,13:15:00,22043.150481290944,4,49
2024-02-16,22048.65,22050.35,22037.05,22042.0,13:20:00,22043.67424497752,4,50
2024-02-16,22040.7,22051.55,22040.35,22048.8,13:25:00,22043.39098355109,4,51
2024-02-16,22048.65,22048.8,22027.1,22040.05,13:30:00,22043.891842260506,4,52
2024-02-16,22053.25,22058.25,22048.25,22048.55,13:35:00,22044.783095378552,4,53
2024-02-16,22057.05,22059.3,22044.9,22053.1,13:40:00,22045.951372009167,4,54
2024-02-16,22057.5,22065.6,22052.45,22057.95,13:45:00,22047.05124134163,4,55
2024-02-16,22057.6,22064.85,22049.15,22057.85,13:50:00,22048.05588502338,4,56
2024-02-16,22055.75,22059.65,22050.2,22057.2,13:55:00,22048.788657878296,4,57
2024-02-16,22055.6,22061.35,22041.9,22053.8,14:00:00,22049.437357127983,4,58
2024-02-16,22048.1,22060.95,22045.3,22055.0,14:05:00,22049.30998978246,4,59
2024-02-16,22045.35,22057.55,22024.85,22045.8,14:10:00,22048.932847898417,4,60
2024-02-16,22044.55,22049.0,22039.1,22045.45,14:15:00,22048.51543381285,4,61
2024-02-16,22033.5,22045.9,22023.25,22044.7,14:20:00,22047.085392497345,4,62
2024-02-16,22053.5,22055.55,22032.85,22032.85,14:25:00,22047.6963074976,4,63
2024-02-16,22042.4,22059.25,22037.55,22053.95,14:30:00,22047.19189725973,4,64
2024-02-16,22062.0,22065.95,22041.45,22042.45,14:35:00,22048.6021927588,4,65
2024-02-16,22043.7,22065.35,22042.85,22060.3,14:40:00,22048.13531725797,4,66
2024-02-16,22053.65,22059.65,22041.3,22045.4,14:45:00,22048.66052513816,4,67
2024-02-16,22050.35,22057.45,22040.0,22054.25,14:50:00,22048.821427505954,4,68
2024-02-16,22044.9,22055.1,22035.1,22050.6,14:55:00,22048.44795821968,4,69
2024-02-16,22046.1,22067.5,22044.5,22044.5,15:00:00,22048.22434315113,4,70
2024-02-16,22043.65,22057.35,22039.6,22046.55,15:05:00,22047.78869142245,4,71
2024-02-16,22036.4,22055.8,22033.05,22043.7,15:10:00,22046.704054144127,4,72
2024-02-16,22032.05,22043.3,22028.95,22036.15,15:15:00,22045.308429939923,4,73
2024-02-16,22028.95,22034.75,22018.9,22032.7,15:20:00,22043.75048423136,4,74
2024-02-16,22035.7,22040.8,22027.25,22027.85,15:25:00,22042.98377144742,4,75
2024-02-19,22084.55,22104.1,22064.15,22103.45,09:15:00,22052.15270179709,0,1
2024-02-19,22079.65,22092.7,22074.75,22084.5,09:20:00,22054.77149210213,0,2
2024-02-19,22072.75,22083.3,22068.2,22080.7,09:25:00,22056.48373094955,0,3
2024-02-19,22083.1,22087.45,22050.85,22071.75,09:30:00,22059.01861371626,0,4
2024-02-19,22075.7,22091.95,22074.25,22084.4,09:35:00,22060.607317171856,0,5
2024-02-19,22062.05,22084.05,22061.4,22076.35,09:40:00,22060.744715536443,0,6
2024-02-19,22059.95,22069.35,22045.05,22062.3,09:45:00,22060.669028342498,0,7
2024-02-19,22030.5,22060.65,22025.6,22060.65,09:50:00,22057.795787547977,0,8
2024-02-19,22025.35,22034.9,22021.7,22029.55,09:55:00,22054.705712543408,0,9
2024-02-19,22039.4,22051.95,22024.85,22024.85,10:00:00,22053.24802563451,0,10
2024-02-19,22061.5,22061.5,22038.45,22039.85,10:05:00,22054.03392795503,0,11
2024-02-19,22065.15,22065.15,22051.3,22059.9,10:10:00,22055.092601483124,0,12
2024-02-19,22068.25,22076.7,22064.9,22065.25,10:15:00,22056.34568705616,0,13
2024-02-19,22093.7,22097.35,22067.05,22067.25,10:20:00,22059.90324066986,0,14
2024-02-19,22092.55,22105.45,22091.6,22093.3,10:25:00,22063.01245584416,0,15
2024-02-19,22091.2,22096.45,22087.15,22091.55,10:30:00,22065.696983859005,0,16
2024-02-19,22092.7,22093.55,22076.55,22091.2,10:35:00,22068.26869968196,0,17
2024-02-19,22086.05,22093.55,22079.9,22093.55,10:40:00,22069.962156855105,0,18
2024-02-19,22095.6,22100.35,22085.45,22087.05,10:45:00,22072.40385620224,0,19
2024-02-19,22094.3,22097.95,22083.15,22094.0,10:50:00,22074.489203230594,0,20
2024-02-19,22113.8,22118.7,22088.5,22093.9,10:55:00,22078.233088637204,0,21
2024-02-19,22104.5,22117.4,22102.15,22113.65,11:00:00,22080.734699243185,0,22
2024-02-19,22111.8,22112.3,22104.05,22106.5,11:05:00,22083.693299315262,0,23
2024-02-19,22125.2,22128.05,22105.6,22112.3,11:10:00,22087.6463184281,0,24
2024-02-19,22146.15,22150.25,22125.6,22125.65,11:15:00,22093.218097625424,0,25
2024-02-19,22126.95,22148.4,22124.8,22146.6,11:20:00,22096.430659756334,0,26
2024-02-19,22121.0,22131.55,22112.65,22127.3,11:25:00,22098.7705969224,0,27
2024-02-19,22117.85,22125.5,22106.8,22121.2,11:30:00,22100.58768292979,0,28
2024-02-19,22119.7,22124.85,22111.7,22117.2,11:35:00,22102.40790360314,0,29
2024-02-19,22137.0,22137.0,22118.3,22119.7,11:40:00,22105.70238897427,0,30
2024-02-19,22133.35,22139.15,22127.25,22136.55,11:45:00,22108.335494786246,0,31
2024-02-19,22138.55,22141.65,22129.9,22133.1,11:50:00,22111.213066711367,0,32
2024-02-19,22148.55,22157.35,22135.5,22139.3,11:55:00,22114.76896511981,0,33
2024-02-19,22140.05,22150.6,22131.45,22148.9,12:00:00,22117.176682727444,0,34
2024-02-19,22143.85,22147.55,22134.25,22139.75,12:05:00,22119.716998658165,0,35
2024-02-19,22150.1,22156.0,22141.25,22143.25,12:10:00,22122.610617833576,0,36
2024-02-19,22145.75,22157.25,22144.85,22150.6,12:15:00,22124.81436851609,0,37
2024-02-19,22153.4,22155.65,22140.4,22145.8,12:20:00,22127.536809609795,0,38
2024-02-19,22139.75,22156.15,22136.85,22152.45,12:25:00,22128.699970599337,0,39
2024-02-19,22146.4,22151.95,22140.3,22140.3,12:30:00,22130.38568768512,0,40
2024-02-19,22153.65,22156.8,22142.1,22146.0,12:35:00,22132.60133647701,0,41
2024-02-19,22161.15,22166.95,22149.15,22154.1,12:40:00,22135.32025681253,0,42
2024-02-19,22152.45,22161.8,22150.15,22161.2,12:45:00,22136.951660925628,0,43
2024-02-19,22156.4,22165.0,22152.45,22153.05,12:50:00,22138.80388369461,0,44
2024-02-19,22157.4,22161.75,22155.2,22156.8,12:55:00,22140.574942390365,0,45
2024-02-19,22154.15,22164.9,22152.75,22157.4,13:00:00,22141.86780501985,0,46
2024-02-19,22158.85,22163.8,22147.65,22154.2,13:05:00,22143.485156922725,0,47
2024-02-19,22165.1,22166.35,22154.55,22159.4,13:10:00,22145.54371340628,0,48
2024-02-19,22160.65,22171.4,22156.95,22165.8,13:15:00,22146.98240736758,0,49
2024-02-19,22162.75,22163.8,22157.3,22161.05,13:20:00,22148.484082856383,0,50
2024-02-19,22142.95,22163.85,22132.0,22163.1,13:25:00,22147.95702734625,0,51
2024-02-19,22143.45,22147.9,22133.4,22143.25,13:30:00,22147.52778664661,0,52
2024-02-19,22148.0,22149.4,22138.6,22144.2,13:35:00,22147.572759346927,0,53
2024-02-19,22155.3,22156.05,22142.55,22148.95,13:40:00,22148.308687028173,0,54
2024-02-19,22160.15,22163.3,22153.7,22154.95,13:45:00,22149.43643112073,0,55
2024-02-19,22165.65,22171.65,22159.9,22160.55,13:50:00,22150.9805805378,0,56
2024-02-19,22161.85,22171.2,22159.85,22165.4,13:55:00,22152.015763343727,0,57
2024-02-19,22166.4,22167.25,22154.95,22161.55,14:00:00,22153.38569064432,0,58
2024-02-19,22161.0,22169.85,22160.6,22167.0,14:05:00,22154.11086296391,0,59
2024-02-19,22157.5,22164.8,22152.35,22157.1,14:10:00,22154.433637919727,0,60
2024-02-19,22162.85,22167.6,22155.2,22157.8,14:15:00,22155.235196213085,0,61
2024-02-19,22181.45,22181.65,22162.05,22162.75,14:20:00,22157.7318441928,0,62
2024-02-19,22182.15,22186.3,22179.65,22180.6,14:25:00,22160.057382841096,0,63
2024-02-19,22170.75,22184.2,22169.85,22183.25,14:30:00,22161.07572733242,0,64
2024-02-19,22164.85,22176.65,22162.15,22170.95,14:35:00,22161.43518187219,0,65
2024-02-19,22161.55,22170.0,22158.1,22163.8,14:40:00,22161.446116931984,0,66
2024-02-19,22145.25,22163.95,22138.7,22162.25,14:45:00,22159.903629605127,0,67
2024-02-19,22151.5,22159.15,22134.5,22144.65,14:50:00,22159.10328392845,0,68
2024-02-19,22129.0,22158.35,22124.1,22152.05,14:55:00,22156.23630450669,0,69
2024-02-19,22133.55,22156.15,22127.05,22132.6,15:00:00,22154.075704077484,0,70
2024-02-19,22103.4,22135.7,22098.1,22134.85,15:05:00,22149.24944654629,0,71
2024-02-19,22117.75,22119.85,22100.45,22104.1,15:10:00,22146.249499256173,0,72
2024-02-19,22129.45,22134.75,22112.7,22118.5,15:15:00,22144.64954694606,0,73
2024-02-19,22123.25,22134.1,22121.75,22129.95,15:20:00,22142.61149485596,0,74
2024-02-19,22116.95,22126.2,22115.1,22123.7,15:25:00,22140.16754296492,0,75
2024-02-20,22062.7,22107.8,22057.6,22099.2,09:15:00,22129.25959866289,1,1
2024-02-20,22070.5,22081.2,22059.15,22063.85,09:20:00,22123.66344640929,1,2
2024-02-20,22093.0,22096.3,22070.8,22070.8,09:25:00,22120.743118179827,1,3
2024-02-20,22076.15,22091.55,22072.2,22089.8,09:30:00,22116.496154543653,1,4
2024-02-20,22094.15,22099.25,22074.7,22076.15,09:35:00,22114.36794934902,1,5
2024-02-20,22103.2,22119.7,22091.55,22095.0,09:40:00,22113.304335125304,1,6
2024-02-20,22080.55,22112.65,22080.55,22103.45,09:45:00,22110.18487463718,1,7
2024-02-20,22066.4,22086.6,22059.05,22079.2,09:50:00,22106.014886576497,1,8
2024-02-20,22074.65,22078.0,22046.65,22066.35,09:55:00,22103.02775452159,1,9
2024-02-20,22063.55,22082.15,22055.65,22074.9,10:00:00,22099.26796837668,1,10
2024-02-20,22090.45,22095.45,22062.95,22064.25,10:05:00,22098.42816186461,1,11
2024-02-20,22097.95,22097.95,22075.5,22092.4,10:10:00,22098.38262263941,1,12
2024-02-20,22127.9,22129.1,22096.35,22097.95,10:15:00,22101.193801435656,1,13
2024-02-20,22124.85,22128.1,22114.8,22127.55,10:20:00,22103.446772727497,1,14
2024-02-20,22130.55,22132.0,22111.9,22124.5,10:25:00,22106.028032467737,1,15
2024-02-20,22126.9,22136.1,22118.3,22130.75,10:30:00,22108.01583889938,1,16
2024-02-20,22116.7,22127.25,22105.8,22126.7,10:35:00,22108.842901861342,1,17
2024-02-20,22094.45,22120.95,22093.85,22117.65,10:40:00,22107.47214930312,1,18
2024-02-20,22102.0,22104.4,22094.3,22094.3,10:45:00,22106.95099222664,1,19
2024-02-20,22089.75,22108.9,22083.05,22103.05,10:50:00,22105.312802490764,1,20
2024-02-20,22096.05,22106.65,22086.8,22089.75,10:55:00,22104.43063082498,1,21
2024-02-20,22093.1,22098.65,22087.3,22096.25,11:00:00,22103.35152312736,1,22
2024-02-20,22099.2,22102.05,22089.35,22093.55,11:05:00,22102.95613997237,1,23
2024-02-20,22099.35,22103.05,22089.2,22098.7,11:10:00,22102.612698070247,1,24
2024-02-20,22111.75,22113.6,22098.55,22098.55,11:15:00,22103.48291730165,1,25
2024-02-20,22125.1,22125.75,22113.15,22114.9,11:20:00,22105.54168708245,1,26
2024-02-20,22123.1,22126.1,22112.55,22125.25,11:25:00,22107.21390736031,1,27
2024-02-20,22138.1,22139.45,22121.7,22123.05,11:30:00,22110.15543999266,1,28
2024-02-20,22113.25,22138.55,22111.25,22137.45,11:35:00,22110.45015999336,1,29
2024-02-20,22120.25,22122.7,22109.1,22112.9,11:40:00,22111.383478089232,1,30
2024-02-20,22125.5,22127.1,22117.9,22119.55,11:45:00,22112.7279087474,1,31
2024-02-20,22126.7,22129.35,22113.7,22125.15,11:50:00,22114.05858410479,1,32
2024-02-20,22140.3,22144.45,22122.05,22126.95,11:55:00,22116.557766571,1,33
2024-02-20,22161.6,22165.45,22137.75,22139.2,12:00:00,22120.84750308805,1,34
2024-02-20,22173.05,22173.05,22151.05,22162.2,12:05:00,22125.819169460618,1,35
2024-02-20,22159.8,22177.4,22156.9,22173.15,12:10:00,22129.0554390358,1,36
2024-02-20,22152.25,22161.9,22148.7,22159.35,12:15:00,22131.264444841912,1,37
2024-02-20,22162.6,22162.8,22146.35,22152.8,12:20:00,22134.2487834284,1,38
2024-02-20,22159.85,22162.8,22152.85,22162.35,12:25:00,22136.686994530453,1,39
2024-02-20,22160.05,22165.0,22153.4,22159.15,12:30:00,22138.91204267041,1,40
2024-02-20,22155.7,22161.35,22148.55,22159.2,12:35:00,22140.51089574942,1,41
2024-02-20,22161.95,22163.5,22153.55,22155.2,12:40:00,22142.55271520186,1,42
2024-02-20,22158.35,22164.45,22150.4,22160.05,12:45:00,22144.057218515965,1,43
2024-02-20,22156.75,22161.65,22152.85,22158.2,12:50:00,22145.26605484778,1,44
2024-02-20,22151.05,22167.1,22149.4,22156.4,12:55:00,22145.81690676704,1,45
2024-02-20,22155.65,22156.95,22146.15,22150.5,13:00:00,22146.753391836843,1,46
2024-02-20,22156.15,22158.85,22151.35,22154.85,13:05:00,22147.6483069,1,47
2024-02-20,22145.05,22162.4,22141.85,22155.7,13:10:00,22147.4008491,1,48
2024-02-20,22141.75,22148.5,22133.5,22144.5,13:15:00,22146.86267299524,1,49
2024-02-20,22152.7,22157.15,22141.15,22141.8,13:20:00,22147.41860890045,1,50
2024-02-20,22166.85,22173.6,22151.1,22152.9,13:25:00,22149.2692175766,1,51
2024-02-20,22166.75,22170.15,22157.75,22165.95,13:30:00,22150.93405399788,1,52
2024-02-20,22160.85,22166.75,22153.15,22166.35,13:35:00,22151.8784298076,1,53
2024-02-20,22163.2,22164.6,22151.45,22159.55,13:40:00,22152.956674587826,1,54
2024-02-20,22156.8,22164.4,22149.3,22162.95,13:45:00,22153.322705579463,1,55
2024-02-20,22135.0,22157.5,22131.95,22156.7,13:50:00,22151.577686000463,1,56
2024-02-20,22130.55,22136.4,22122.15,22134.3,13:55:00,22149.57504923852,1,57
2024-02-20,22091.15,22140.4,22087.85,22129.25,14:00:00,22144.01075883485,1,58
2024-02-20,22116.2,22117.6,22083.05,22091.25,14:05:00,22141.362115136293,1,59
2024-02-20,22123.8,22125.0,22107.85,22115.7,14:10:00,22139.68953274236,1,60
2024-02-20,22132.7,22141.65,22121.45,22123.15,14:15:00,22139.02386295737,1,61
2024-02-20,22145.8,22148.7,22128.05,22133.3,14:20:00,22139.669209342384,1,62
2024-02-20,22148.5,22156.35,22137.75,22146.7,14:25:00,22140.510237024064,1,63
2024-02-20,22157.85,22158.7,22145.9,22148.3,14:30:00,22142.161643021773,1,64
2024-02-20,22136.6,22159.85,22134.95,22156.25,14:35:00,22141.631962733984,1,65
2024-02-20,22138.9,22143.65,22130.95,22137.75,14:40:00,22141.37177580694,1,66
2024-02-20,22131.5,22145.5,22130.5,22139.1,14:45:00,22140.43160668247,1,67
2024-02-20,22143.2,22145.85,22130.75,22131.1,14:50:00,22140.6952631889,1,68
2024-02-20,22137.7,22143.45,22134.75,22142.75,14:55:00,22140.41000002805,1,69
2024-02-20,22176.6,22182.65,22137.35,22137.35,15:00:00,22143.856666692045,1,70
2024-02-20,22194.1,22196.05,22175.25,22176.35,15:05:00,22148.64174605471,1,71
2024-02-20,22200.85,22203.95,22187.25,22195.5,15:10:00,22153.613960716164,1,72
2024-02-20,22205.1,22211.9,22197.95,22201.45,15:15:00,22158.51739302891,1,73
2024-02-20,22211.35,22213.4,22201.85,22205.95,15:20:00,22163.5490698833,1,74
2024-02-20,22208.15,22214.95,22199.4,22212.35,15:25:00,22167.79677751346,1,75
2024-02-21,22218.4,22248.85,22201.75,22248.85,09:15:00,22179.600309937323,2,1
2024-02-21,22211.95,22220.8,22196.2,22218.4,09:20:00,22182.68123280044,2,2
2024-02-21,22207.25,22219.8,22194.7,22210.6,09:25:00,22185.02111539087,2,3
2024-02-21,22209.1,22212.1,22190.3,22207.3,09:30:00,22187.314342496506,2,4
2024-02-21,22232.9,22238.35,22207.35,22209.15,09:35:00,22191.65583368732,2,5
2024-02-21,22232.8,22235.4,22218.55,22232.4,09:40:00,22195.57432571709,2,6
2024-02-21,22232.2,22242.7,22229.35,22233.0,09:45:00,22199.06248517261,2,7
2024-02-21,22233.5,22246.3,22229.45,22233.75,09:50:00,22202.3422484895,2,8
2024-02-21,22241.5,22248.45,22222.75,22233.85,09:55:00,22206.071558157168,2,9
2024-02-21,22244.4,22249.2,22239.45,22242.05,10:00:00,22209.721885951723,2,10
2024-02-21,22247.3,22249.1,22228.55,22245.1,10:05:00,22213.30075395632,2,11
2024-02-21,22213.15,22247.55,22204.1,22247.4,10:10:00,22213.28639643668,2,12
2024-02-21,22208.9,22229.45,22206.4,22213.7,10:15:00,22212.868644395086,2,13
2024-02-21,22202.45,22209.4,22190.95,22209.4,10:20:00,22211.876392547936,2,14
2024-02-21,22189.85,22210.95,22174.6,22202.85,10:25:00,22209.778640876702,2,15
2024-02-21,22205.75,22211.0,22184.05,22190.6,10:30:00,22209.394960793205,2,16
2024-02-21,22192.85,22207.95,22191.95,22204.65,10:35:00,22207.819250241468,2,17
2024-02-21,22174.65,22192.65,22170.5,22192.45,10:40:00,22204.660274027992,2,18
2024-02-21,22181.85,22185.1,22161.55,22173.95,10:45:00,22202.487866977703,2,19
2024-02-21,22173.4,22182.15,22165.15,22182.05,10:50:00,22199.71759393221,2,20
2024-02-21,22202.3,22202.3,22164.55,22173.5,10:55:00,22199.96353736724,2,21
2024-02-21,22204.4,22211.9,22194.25,22201.5,11:00:00,22200.38605761798,2,22
2024-02-21,22207.65,22209.1,22193.65,22203.55,11:05:00,22201.07786165436,2,23
2024-02-21,22208.0,22219.5,22205.45,22209.6,11:10:00,22201.737112925373,2,24
2024-02-21,22199.75,22208.5,22193.4,22207.75,11:15:00,22201.54786407534,2,25
2024-02-21,22184.45,22204.9,22181.8,22200.3,11:20:00,22199.919496068163,2,26
2024-02-21,22188.9,22189.1,22175.95,22185.5,11:25:00,22198.870020252147,2,27
2024-02-21,22192.65,22197.1,22187.9,22189.35,11:30:00,22198.27763737099,2,28
2024-02-21,22207.5,22208.6,22192.25,22193.25,11:35:00,22199.155957621373,2,29
2024-02-21,22212.75,22220.0,22204.5,22207.65,11:40:00,22200.4506283241,2,30
2024-02-21,22208.75,22215.05,22198.25,22213.05,11:45:00,22201.241044674185,2,31
2024-02-21,22216.25,22216.25,22202.35,22208.85,11:50:00,22202.670468990927,2,32
2024-02-21,22212.75,22222.25,22207.85,22213.7,11:55:00,22203.630424325125,2,33
2024-02-21,22205.9,22216.8,22205.9,22213.55,12:00:00,22203.8465743894,2,34
2024-02-21,22204.45,22210.15,22198.05,22206.35,12:05:00,22203.90404349517,2,35
2024-02-21,22211.25,22211.25,22201.2,22205.45,12:10:00,22204.603658400392,2,36
2024-02-21,22221.7,22223.85,22208.7,22211.5,12:15:00,22206.23188140988,2,37
2024-02-21,22216.75,22227.55,22213.5,22221.7,12:20:00,22207.23360698989,2,38
2024-02-21,22212.1,22222.3,22210.05,22218.85,12:25:00,22207.697072990853,2,39
2024-02-21,22222.4,22224.0,22212.35,22213.05,12:30:00,22209.09735175363,2,40
2024-02-21,22216.6,22229.25,22215.8,22223.15,12:35:00,22209.81188968185,2,41
2024-02-21,22209.55,22221.8,22209.55,22216.45,12:40:00,22209.78694780739,2,42
2024-02-21,22229.4,22232.4,22206.2,22210.35,12:45:00,22211.65485754002,2,43
2024-02-21,22235.9,22238.1,22219.45,22229.9,12:50:00,22213.963918726684,2,44
2024-02-21,22230.85,22241.5,22227.35,22235.95,12:55:00,22215.57211694319,2,45
2024-02-21,22226.75,22237.0,22224.1,22231.7,13:00:00,22216.63667723432,2,46
2024-02-21,22214.2,22226.9,22209.3,22226.5,13:05:00,22216.40461273581,2,47
2024-02-21,22220.35,22222.95,22211.8,22214.1,13:10:00,22216.78036390383,2,48
2024-02-21,22217.35,22223.8,22217.0,22219.9,13:15:00,22216.834614960608,2,49
2024-02-21,22208.5,22219.35,22205.15,22217.2,13:20:00,22216.040842107217,2,50
2024-02-21,22193.05,22209.7,22193.05,22208.15,13:25:00,22213.85123809701,2,51
2024-02-21,22204.65,22207.7,22189.55,22193.7,13:30:00,22212.974929706816,2,52
2024-02-21,22219.6,22220.95,22205.0,22205.0,13:35:00,22213.60588878236,2,53
2024-02-21,22204.1,22223.6,22204.0,22219.8,13:40:00,22212.700566041185,2,54
2024-02-21,22160.9,22204.6,22155.4,22204.05,13:45:00,22207.767178799168,2,55
2024-02-21,22155.35,22177.4,22155.35,22161.35,13:50:00,22202.77506653258,2,56
2024-02-21,22151.6,22160.5,22145.3,22155.9,13:55:00,22197.901250672337,2,57
2024-02-21,22141.45,22152.15,22107.25,22151.25,14:00:00,22192.52494108449,2,58
2024-02-21,22127.9,22144.4,22118.9,22140.65,14:05:00,22186.370184790736,2,59
2024-02-21,22112.45,22137.6,22105.45,22127.3,14:10:00,22179.33016719162,2,60
2024-02-21,22139.05,22139.9,22110.5,22112.9,14:15:00,22175.493960792417,2,61
2024-02-21,22071.25,22140.35,22070.3,22139.6,14:20:00,22165.56596452647,2,62
2024-02-21,22075.0,22083.15,22056.95,22072.15,14:25:00,22156.94063457157,2,63
2024-02-21,22063.8,22080.75,22055.95,22075.5,14:30:00,22148.070097945703,2,64
2024-02-21,22027.15,22067.65,22027.15,22063.95,14:35:00,22136.55389814135,2,65
2024-02-21,22032.4,22037.0,22013.45,22026.45,14:40:00,22126.634479270742,2,66
2024-02-21,22026.15,22032.25,22005.1,22032.25,14:45:00,22117.064528864004,2,67
2024-02-21,22026.8,22047.9,22017.05,22027.05,14:50:00,22108.467907067432,2,68
2024-02-21,22022.65,22028.35,21998.0,22026.65,14:55:00,22100.29477306101,2,69
2024-02-21,22037.5,22043.7,22018.8,22023.65,15:00:00,22094.31431848377,2,70
2024-02-21,22079.6,22079.65,22036.9,22036.9,15:05:00,22092.91295481865,2,71
2024-02-21,22095.05,22098.05,22067.95,22079.65,15:10:00,22093.11648293116,2,72
2024-02-21,22061.25,22096.5,22057.05,22095.55,15:15:00,22090.08157979486,2,73
2024-02-21,22037.0,22070.3,22036.4,22060.2,15:20:00,22085.026191242967,2,74
2024-02-21,22028.75,22038.25,22015.55,22036.05,15:25:00,22079.666553981733,2,75
2024-02-22,22047.25,22087.0,22018.1,22081.55,09:15:00,22076.741555527,3,1
2024-02-22,22038.55,22059.15,22031.9,22047.1,09:20:00,22073.104264524427,3,2
2024-02-22,22006.45,22047.7,21998.85,22041.35,09:25:00,22066.756239331626,3,3
2024-02-22,21970.35,22014.0,21968.75,22006.75,09:30:00,22057.574692728613,3,4
2024-02-22,21992.25,22001.65,21965.75,21969.25,09:35:00,22051.353293421125,3,5
2024-02-22,22047.15,22061.9,21984.95,21990.9,09:40:00,22050.952979761973,3,6
2024-02-22,22055.55,22067.9,22041.05,22044.85,09:45:00,22051.390791213213,3,7
2024-02-22,22010.65,22058.05,21998.35,22055.15,09:50:00,22047.51071585957,3,8
2024-02-22,21948.75,22023.85,21947.65,22008.8,09:55:00,22038.10493339676,3,9
2024-02-22,21931.2,21948.2,21916.85,21947.85,10:00:00,22027.92351116849,3,10
2024-02-22,21934.25,21941.5,21903.15,21927.3,10:05:00,22019.002224390544,3,11
2024-02-22,21935.5,21945.95,21919.35,21934.5,10:10:00,22011.04963159144,3,12
2024-02-22,21918.8,21937.8,21905.9,21935.75,10:15:00,22002.26395239226,3,13
2024-02-22,21902.8,21930.2,21888.7,21919.1,10:20:00,21992.791195021568,3,14
2024-02-22,21923.9,21930.65,21896.7,21903.3,10:25:00,21986.23012882904,3,15
2024-02-22,21912.45,21934.1,21910.9,21922.4,10:30:00,21979.20344989294,3,16
2024-02-22,21932.2,21945.05,21910.85,21912.75,10:35:00,21974.726930855515,3,17
2024-02-22,21939.0,21945.65,21920.45,21932.45,10:40:00,21971.324366012133,3,18
2024-02-22,21925.4,21938.65,21918.6,21938.65,10:45:00,21966.95061686812,3,19
2024-02-22,21923.4,21936.1,21916.75,21925.2,10:50:00,21962.80293907116,3,20
2024-02-22,21898.9,21922.95,21875.25,21922.95,10:55:00,21956.7169448739,3,21
2024-02-22,21898.55,21909.4,21890.75,21898.6,11:00:00,21951.17723583829,3,22
2024-02-22,21930.05,21931.35,21896.05,21896.05,11:05:00,21949.165118139405,3,23
2024-02-22,21927.05,21935.4,21923.6,21928.65,11:10:00,21947.058916411843,3,24
2024-02-22,21909.95,21930.55,21909.95,21925.95,11:15:00,21943.52473389643,3,25
2024-02-22,21920.6,21920.6,21902.25,21912.15,11:20:00,21941.341425906296,3,26
2024-02-22,21910.2,21923.15,21906.15,21921.6,11:25:00,21938.375575819984,3,27
2024-02-22,21927.25,21930.8,21901.3,21911.65,11:30:00,21937.315997170463,3,28
2024-02-22,21929.9,21935.3,21922.2,21926.45,11:35:00,21936.609711725658,3,29
2024-02-22,21957.4,21962.25,21924.5,21930.75,11:40:00,21938.58973918036,3,30
2024-02-22,21944.8,21964.45,21941.4,21956.65,11:45:00,21939.18119259176,3,31
2024-02-22,21949.6,21951.65,21932.6,21945.45,11:50:00,21940.173459963968,3,32
2024-02-22,21962.25,21967.5,21947.15,21948.8,11:55:00,21942.27598758645,3,33
2024-02-22,21969.85,21975.5,21958.35,21960.9,12:00:00,21944.902084006782,3,34
2024-02-22,21973.05,21975.0,21953.0,21969.45,12:05:00,21947.582837910904,3,35
2024-02-22,21964.75,21981.8,21963.3,21972.75,12:10:00,21949.21780572892,3,36
2024-02-22,21968.8,21978.2,21955.75,21964.8,12:15:00,21951.082776611875,3,37
2024-02-22,21951.75,21972.0,21942.4,21969.85,12:20:00,21951.14632169645,3,38
2024-02-22,21958.15,21961.1,21948.2,21951.75,12:25:00,21951.813338677744,3,39
2024-02-22,21959.6,21965.2,21946.4,21957.9,12:30:00,21952.554925470344,3,40
2024-02-22,21972.65,21975.65,21957.0,21959.4,12:35:00,21954.468742092213,3,41
2024-02-22,21967.9,21975.1,21956.95,21972.8,12:40:00,21955.747909512003,3,42
2024-02-22,21963.4,21968.45,21955.5,21967.9,12:45:00,21956.47668003467,3,43
2024-02-22,21942.95,21965.75,21942.95,21963.85,12:50:00,21955.188424793272,3,44
2024-02-22,21959.8,21960.05,21940.3,21944.7,12:55:00,21955.62762243201,3,45
2024-02-22,21952.6,21959.85,21948.75,21958.4,13:00:00,21955.339277438485,3,46
2024-02-22,21968.0,21968.5,21943.45,21952.95,13:05:00,21956.54506053958,3,47
2024-02-22,21962.9,21973.9,21957.85,21968.75,13:10:00,21957.150292869148,3,48
2024-02-22,21963.8,21966.9,21956.75,21962.8,13:15:00,21957.78359831018,3,49
2024-02-22,21963.55,21968.15,21955.85,21965.2,13:20:00,21958.332779423497,3,50
2024-02-22,21965.15,21971.75,21959.8,21963.35,13:25:00,21958.982038526025,3,51
2024-02-22,21972.6,21976.25,21963.25,21965.65,13:30:00,21960.278987237834,3,52
2024-02-22,22000.1,22001.3,21966.95,21972.1,13:35:00,21964.071464643755,3,53
2024-02-22,22016.6,22024.3,21993.05,22000.05,13:40:00,21969.07418229673,3,54
2024-02-22,22039.45,22039.45,22012.9,22015.6,13:45:00,21975.776641125616,3,55
2024-02-22,22054.55,22065.15,22031.45,22037.75,13:50:00,21983.27886578032,3,56
2024-02-22,22084.5,22088.5,22039.3,22054.15,13:55:00,21992.918973801243,3,57
2024-02-22,22077.05,22109.4,22075.45,22086.4,14:00:00,22000.93145248684,3,58
2024-02-22,22076.4,22094.7,22066.85,22077.45,14:05:00,22008.11893320238,3,59
2024-02-22,22056.65,22083.6,22056.65,22075.9,14:10:00,22012.740939564057,3,60
2024-02-22,22051.2,22079.1,22045.55,22054.75,14:15:00,22016.40370722462,3,61
2024-02-22,22060.2,22060.2,22043.7,22050.7,14:20:00,22020.57478272704,3,62
2024-02-22,22080.55,22086.3,22056.2,22058.8,14:25:00,22026.286708181608,3,63
2024-02-22,22076.45,22084.7,22061.15,22083.55,14:30:00,22031.064164545263,3,64
2024-02-22,22105.55,22116.25,22070.6,22077.65,14:35:00,22038.15805363619,3,65
2024-02-22,22107.35,22117.3,22092.5,22105.6,14:40:00,22044.7477628137,3,66
2024-02-22,22145.75,22147.55,22106.15,22107.45,14:45:00,22054.36702349811,3,67
2024-02-22,22162.05,22184.95,22144.6,22145.5,14:50:00,22064.62254506972,3,68
2024-02-22,22180.0,22184.85,22148.65,22161.25,14:55:00,22075.610874110705,3,69
2024-02-22,22206.3,22208.2,22171.9,22181.35,15:00:00,22088.05745752873,3,70
2024-02-22,22205.5,22209.7,22187.15,22207.3,15:05:00,22099.242461573613,3,71
2024-02-22,22206.7,22233.35,22201.3,22205.1,15:10:00,22109.47651285232,3,72
2024-02-22,22239.55,22240.5,22200.75,22207.5,15:15:00,22121.86446400924,3,73
2024-02-22,22237.15,22251.05,22230.05,22240.4,15:20:00,22132.8440388655,3,74
2024-02-22,22216.9,22241.95,22215.05,22236.9,15:25:00,22140.84936849736,3,75
2024-02-23,22259.75,22297.45,22244.75,22290.0,09:15:00,22165.02522001711,4,1
2024-02-23,22249.2,22261.85,22246.25,22259.2,09:20:00,22173.041865729767,4,2
2024-02-23,22233.45,22258.3,22233.05,22247.45,09:25:00,22178.79502137455,4,3
2024-02-23,22229.85,22246.65,22216.6,22232.8,09:30:00,22183.65740029126,4,4
2024-02-23,22259.2,22265.0,22229.3,22231.05,09:35:00,22190.851933596856,4,5
2024-02-23,22256.65,22268.2,22255.8,22258.25,09:40:00,22197.118416111443,4,6
2024-02-23,22245.05,22266.5,22244.15,22256.95,09:45:00,22201.68332886273,4,7
2024-02-23,22245.7,22265.3,22237.3,22245.25,09:50:00,22205.875392780566,4,8
2024-02-23,22253.75,22256.75,22234.3,22246.45,09:55:00,22210.43487918242,4,9
2024-02-23,22255.0,22262.85,22241.8,22254.85,10:00:00,22214.67917640314,4,10
2024-02-23,22259.2,22264.9,22248.05,22253.45,10:05:00,22218.919254840937,4,11
2024-02-23,22269.95,22270.0,22255.4,22258.9,10:10:00,22223.779325808468,4,12
2024-02-23,22275.95,22279.05,22267.45,22271.1,10:15:00,22228.747961445755,4,13
2024-02-23,22239.85,22280.75,22237.6,22276.1,10:20:00,22229.80529845092,4,14
2024-02-23,22227.8,22244.5,22221.3,22237.9,10:25:00,22229.614317646072,4,15
2024-02-23,22221.15,22234.15,22209.65,22228.4,10:30:00,22228.808192155968,4,16
2024-02-23,22213.15,22228.3,22206.75,22222.55,10:35:00,22227.31693576016,4,17
2024-02-23,22227.6,22237.65,22209.4,22213.65,10:40:00,22227.3438942592,4,18
2024-02-23,22227.15,22234.0,22220.7,22228.0,10:45:00,22227.32542813928,4,19
2024-02-23,22238.05,22238.05,22220.15,22227.75,10:50:00,22228.346815935533,4,20
2024-02-23,22230.8,22238.15,22226.25,22238.15,10:55:00,22228.580452513103,4,21
2024-02-23,22248.0,22249.6,22228.45,22230.8,11:00:00,22230.42993322614,4,22
2024-02-23,22248.4,22261.1,22245.15,22248.85,11:05:00,22232.141368156987,4,23
2024-02-23,22236.7,22252.9,22235.15,22248.25,11:10:00,22232.57552357061,4,24
2024-02-23,22242.25,22243.4,22231.75,22236.7,11:15:00,22233.49690227817,4,25
2024-02-23,22257.4,22257.65,22233.75,22242.55,11:20:00,22235.773387775484,4,26
2024-02-23,22248.65,22257.75,22243.65,22257.75,11:25:00,22236.999731796863,4,27
2024-02-23,22253.4,22255.05,22244.4,22248.65,11:30:00,22238.56166210193,4,28
2024-02-23,22254.2,22255.25,22246.1,22252.65,11:35:00,22240.05102761603,4,29
2024-02-23,22254.7,22258.9,22250.35,22253.7,11:40:00,22241.446167843074,4,30
2024-02-23,22254.45,22259.85,22250.2,22254.5,11:45:00,22242.684628048497,4,31
2024-02-23,22228.35,22255.95,22225.25,22255.0,11:50:00,22241.319425377213,4,32
2024-02-23,22234.2,22244.7,22224.35,22228.65,11:55:00,22240.64138486509,4,33
2024-02-23,22234.0,22239.55,22223.3,22233.85,12:00:00,22240.0088720208,4,34
2024-02-23,22241.05,22243.7,22232.15,22234.05,12:05:00,22240.10802706644,4,35
2024-02-23,22234.9,22240.15,22224.95,22240.15,12:10:00,22239.612024488684,4,36
2024-02-23,22232.2,22236.25,22226.8,22233.25,12:15:00,22238.906117394523,4,37
2024-02-23,22250.25,22250.7,22229.5,22232.3,12:20:00,22239.986487166472,4,38
2024-02-23,22256.05,22259.05,22246.2,22250.85,12:25:00,22241.51634553157,4,39
2024-02-23,22254.4,22260.2,22249.0,22256.35,12:30:00,22242.74336024285,4,40
2024-02-23,22259.7,22263.6,22250.5,22254.25,12:35:00,22244.35827831496,4,41
2024-02-23,22263.7,22264.25,22250.95,22260.3,12:40:00,22246.20034704687,4,42
2024-02-23,22255.5,22264.6,22254.1,22263.7,12:45:00,22247.0860282805,4,43
2024-02-23,22267.55,22268.0,22255.3,22255.9,12:50:00,22249.03497796808,4,44
2024-02-23,22258.85,22269.8,22257.6,22267.15,12:55:00,22249.96974197112,4,45
2024-02-23,22259.3,22262.9,22254.8,22258.3,13:00:00,22250.858337973867,4,46
2024-02-23,22255.85,22262.5,22243.7,22260.15,13:05:00,22251.333734357308,4,47
2024-02-23,22252.45,22258.15,22246.1,22254.9,13:10:00,22251.4400453709,4,48
2024-02-23,22254.2,22256.7,22244.15,22252.75,13:15:00,22251.70289819272,4,49
2024-02-23,22229.65,22254.65,22228.05,22253.8,13:20:00,22249.602622174367,4,50
2024-02-23,22231.05,22233.65,22201.55,22231.3,13:25:00,22247.835705776808,4,51
2024-02-23,22244.45,22258.4,22223.2,22231.5,13:30:00,22247.51325760759,4,52
2024-02-23,22243.55,22248.05,22235.45,22244.25,13:35:00,22247.135804502104,4,53
2024-02-23,22233.25,22245.85,22232.5,22244.55,13:40:00,22245.81334693048,4,54
2024-02-23,22236.8,22248.1,22231.7,22233.15,13:45:00,22244.954932937097,4,55
2024-02-23,22237.4,22241.9,22231.95,22237.35,13:50:00,22244.235415514515,4,56
2024-02-23,22236.4,22241.35,22230.55,22237.75,13:55:00,22243.489185465514,4,57
2024-02-23,22245.5,22250.25,22224.8,22237.5,14:00:00,22243.68069161165,4,58
2024-02-23,22222.2,22248.3,22220.65,22246.2,14:05:00,22241.634911458164,4,59
2024-02-23,22212.05,22234.65,22212.05,22223.35,14:10:00,22238.817300843104,4,60
2024-02-23,22231.85,22234.9,22206.8,22212.2,14:15:00,22238.153748381854,4,61
2024-02-23,22232.85,22243.65,22225.6,22231.95,14:20:00,22237.648629488347,4,62
2024-02-23,22236.6,22238.05,22219.2,22233.05,14:25:00,22237.548760013266,4,63
2024-02-23,22224.05,22237.45,22220.4,22237.45,14:30:00,22236.263163821524,4,64
2024-02-23,22245.2,22246.35,22220.75,22225.85,14:35:00,22237.114291076618,4,65
2024-02-23,22246.25,22251.3,22235.25,22245.95,14:40:00,22237.98435859313,4,66
2024-02-23,22225.3,22247.6,22225.3,22247.0,14:45:00,22236.776324441405,4,67
2024-02-23,22235.95,22240.95,22223.15,22224.75,14:50:00,22236.69762687556,4,68
2024-02-23,22242.65,22244.8,22228.25,22236.25,14:55:00,22237.264519554075,4,69
2024-02-23,22215.25,22242.85,22209.5,22241.6,15:00:00,22235.16789864416,4,70
2024-02-23,22225.9,22233.3,22210.65,22215.7,15:05:00,22234.28524163044,4,71
2024-02-23,22213.25,22229.75,22212.15,22226.55,15:10:00,22232.28188528468,4,72
2024-02-23,22207.25,22214.4,22187.55,22214.15,15:15:00,22229.89789620995,4,73
2024-02-23,22215.35,22223.85,22197.4,22207.7,15:20:00,22228.5123822852,4,74
2024-02-23,22194.25,22218.15,22190.5,22217.15,15:25:00,22225.24929825804,4,75
2024-02-26,22167.15,22175.5,22141.95,22169.2,09:15:00,22214.88638700941,0,1
2024-02-26,22186.3,22186.3,22153.45,22167.75,09:20:00,22212.163873960897,0,2
2024-02-26,22180.05,22189.5,22167.65,22187.15,09:25:00,22209.105409774143,0,3
2024-02-26,22174.8,22183.7,22168.15,22180.4,09:30:00,22205.83822789089,0,4
2024-02-26,22183.15,22187.85,22170.2,22176.15,09:35:00,22203.677444282235,0,5
2024-02-26,22198.0,22198.2,22178.3,22182.45,09:40:00,22203.13673530297,0,6
2024-02-26,22181.6,22201.25,22181.6,22197.85,09:45:00,22201.08561765508,0,7
2024-02-26,22148.7,22181.6,22126.6,22181.6,09:50:00,22196.096511211734,0,8
2024-02-26,22114.1,22148.65,22114.1,22148.65,09:55:00,22188.28731966776,0,9
2024-02-26,22127.85,22135.5,22112.25,22113.7,10:00:00,22182.531384461305,0,10
2024-02-26,22133.1,22149.35,22126.05,22129.05,10:05:00,22177.82363356023,0,11
2024-02-26,22148.35,22148.85,22130.6,22134.1,10:10:00,22175.016620840208,0,12
2024-02-26,22134.55,22149.2,22133.0,22149.2,10:15:00,22171.162656950662,0,13
2024-02-26,22141.65,22153.05,22129.6,22134.2,10:20:00,22168.351927717267,0,14
2024-02-26,22119.95,22145.35,22119.05,22141.65,10:25:00,22163.742220315624,0,15
2024-02-26,22136.8,22137.95,22118.8,22119.95,10:30:00,22161.17629457128,0,16
2024-02-26,22142.1,22149.25,22131.9,22137.45,10:35:00,22159.35950461211,0,17
2024-02-26,22123.7,22142.05,22121.9,22142.05,10:40:00,22155.96336131572,0,18
2024-02-26,22137.9,22137.9,22118.75,22122.5,10:45:00,22154.243041190413,0,19
2024-02-26,22126.75,22138.35,22123.9,22138.35,10:50:00,22151.624656315136,0,20
2024-02-26,22109.4,22127.4,22108.4,22127.4,10:55:00,22147.6032604756,0,21
2024-02-26,22129.1,22129.1,22101.4,22108.8,11:00:00,22145.84104519221,0,22
2024-02-26,22132.7,22138.7,22128.25,22130.1,11:05:00,22144.589517078668,0,23
2024-02-26,22124.25,22133.35,22122.5,22132.6,11:10:00,22142.65242021403,0,24
2024-02-26,22130.5,22132.8,22119.8,22124.6,11:15:00,22141.49504686032,0,25
2024-02-26,22125.1,22130.25,22115.55,22130.05,11:20:00,22139.933613826,0,26
2024-02-26,22130.8,22132.3,22124.55,22124.75,11:25:00,22139.06374584257,0,27
2024-02-26,22113.4,22132.0,22113.4,22130.9,11:30:00,22136.61957957185,0,28
2024-02-26,22112.7,22116.8,22106.2,22113.45,11:35:00,22134.34152437453,0,29
2024-02-26,22111.1,22112.8,22097.1,22112.0,11:40:00,22132.128045862668,0,30
2024-02-26,22112.65,22118.15,22108.15,22109.8,11:45:00,22130.272993875747,0,31
2024-02-26,22089.7,22114.6,22089.7,22113.15,11:50:00,22126.408899220914,0,32
2024-02-26,22101.0,22102.6,22083.85,22089.8,11:55:00,22123.989004057017,0,33
2024-02-26,22100.9,22109.75,22098.8,22101.05,12:00:00,22121.79005128968,0,34
2024-02-26,22100.15,22109.3,22099.4,22100.8,12:05:00,22119.729094024,0,35
2024-02-26,22096.7,22100.95,22092.55,22100.5,12:10:00,22117.535846974093,0,36
2024-02-26,22080.65,22097.05,22075.7,22096.25,12:15:00,22114.02290916704,0,37
2024-02-26,22093.0,22096.4,22079.4,22080.85,12:20:00,22112.020727341605,0,38
2024-02-26,22108.55,22114.05,22091.65,22092.95,12:25:00,22111.69018188049,0,39
2024-02-26,22108.7,22111.95,22102.0,22108.8,12:30:00,22111.40540265378,0,40
2024-02-26,22104.15,22110.7,22099.85,22109.3,12:35:00,22110.71441192485,0,41
2024-02-26,22101.6,22111.35,22098.35,22104.3,12:40:00,22109.846372693915,0,42
2024-02-26,22096.3,22104.7,22094.8,22101.2,12:45:00,22108.556241961163,0,43
2024-02-26,22108.75,22110.55,22093.8,22096.0,12:50:00,22108.57469510772,0,44
2024-02-26,22124.55,22126.1,22106.45,22108.55,12:55:00,22110.096152716505,0,45
2024-02-26,22117.55,22127.9,22115.1,22124.4,13:00:00,22110.806042933986,0,46
2024-02-26,22134.75,22136.2,22117.7,22117.7,13:05:00,22113.08641979741,0,47
2024-02-26,22142.0,22152.8,22133.05,22134.1,13:10:00,22115.84009410242,0,48
2024-02-26,22153.85,22162.5,22141.4,22141.8,13:15:00,22119.460085140287,0,49
2024-02-26,22144.85,22155.0,22142.3,22153.05,13:20:00,22121.878172269782,0,50
2024-02-26,22146.6,22151.5,22142.85,22144.6,13:25:00,22124.23263205361,0,51
2024-02-26,22135.55,22151.35,22129.45,22146.05,13:30:00,22125.31047661993,0,52
2024-02-26,22137.15,22145.6,22129.75,22135.0,13:35:00,22126.438050275177,0,53
2024-02-26,22131.45,22142.0,22131.1,22137.1,13:40:00,22126.9153788204,0,54
2024-02-26,22158.45,22160.95,22131.05,22131.65,13:45:00,22129.9186760756,0,55
2024-02-26,22161.5,22166.05,22154.35,22157.8,13:50:00,22132.92642121125,0,56
2024-02-26,22158.75,22164.65,22147.9,22161.1,13:55:00,22135.385809667325,0,57
2024-02-26,22159.75,22165.65,22154.9,22158.55,14:00:00,22137.70620874663,0,58
2024-02-26,22167.9,22173.85,22158.9,22160.35,14:05:00,22140.58180791362,0,59
2024-02-26,22153.95,22170.3,22153.95,22168.1,14:10:00,22141.854969064705,0,60
2024-02-26,22154.65,22156.6,22145.4,22154.4,14:15:00,22143.073543439496,0,61
2024-02-26,22167.35,22173.6,22153.75,22154.55,14:20:00,22145.38558692145,0,62
2024-02-26,22159.9,22169.3,22155.6,22167.35,14:25:00,22146.76791197655,0,63
2024-02-26,22148.0,22166.65,22146.3,22160.4,14:30:00,22146.885253693068,0,64
2024-02-26,22138.95,22159.35,22138.95,22148.1,14:35:00,22146.12951524611,0,65
2024-02-26,22142.7,22148.05,22138.35,22138.75,14:40:00,22145.80289474648,0,66
2024-02-26,22124.35,22149.8,22120.75,22143.2,14:45:00,22143.759761913483,0,67
2024-02-26,22116.75,22128.15,22114.3,22124.3,14:50:00,22141.18740363601,0,68
2024-02-26,22118.3,22125.55,22115.75,22116.2,14:55:00,22139.007650908767,0,69
2024-02-26,22131.8,22147.65,22116.75,22120.6,15:00:00,22138.32120796508,0,70
2024-02-26,22132.55,22133.4,22122.1,22132.4,15:05:00,22137.771569111253,0,71
2024-02-26,22126.4,22133.95,22123.5,22131.95,15:10:00,22136.68856252923,0,72
2024-02-26,22118.55,22128.05,22109.8,22126.45,15:15:00,22134.96108038359,0,73
2024-02-26,22115.6,22120.25,22111.25,22118.9,15:20:00,22133.117167966106,0,74
2024-02-26,22117.15,22128.6,22111.55,22117.0,15:25:00,22131.596485302667,0,75
2024-02-27,22091.2,22114.95,22086.45,22090.2,09:15:00,22124.18215690309,1,1
2024-02-27,22127.15,22131.0,22086.75,22092.3,09:20:00,22124.46480862661,1,2
2024-02-27,22125.5,22137.75,22124.15,22125.05,09:25:00,22124.563398281218,1,3
2024-02-27,22132.15,22137.2,22109.9,22127.25,09:30:00,22125.28593177824,1,4
2024-02-27,22136.5,22136.65,22121.45,22131.6,09:35:00,22126.35393827555,1,5
2024-02-27,22128.15,22142.75,22121.95,22136.25,09:40:00,22126.52499177312,1,6
2024-02-27,22143.1,22145.2,22126.95,22126.95,09:45:00,22128.1035639852,1,7
2024-02-27,22129.9,22151.4,22124.15,22143.35,09:50:00,22128.27465312947,1,8
2024-02-27,22140.45,22140.45,22120.15,22128.85,09:55:00,22129.43420997428,1,9
2024-02-27,22143.65,22148.95,22137.55,22139.5,10:00:00,22130.78809473864,1,10
2024-02-27,22111.35,22147.65,22109.45,22143.85,10:05:00,22128.936847620666,1,11
2024-02-27,22109.05,22124.55,22102.5,22110.95,10:10:00,22127.042862132985,1,12
2024-02-27,22123.5,22127.85,22105.85,22108.5,10:15:00,22126.705446691747,1,13
2024-02-27,22111.0,22125.8,22104.2,22124.6,10:20:00,22125.20968986396,1,14
2024-02-27,22109.8,22122.5,22108.8,22111.75,10:25:00,22123.74210035311,1,15
2024-02-27,22120.8,22121.3,22103.6,22108.4,10:30:00,22123.46190031948,1,16
2024-02-27,22124.2,22127.2,22114.35,22121.35,10:35:00,22123.532195527147,1,17
2024-02-27,22135.05,22135.05,22118.35,22124.35,10:40:00,22124.629129286463,1,18
2024-02-27,22137.85,22141.35,22131.5,22135.6,10:45:00,22125.88825983061,1,19
2024-02-27,22141.5,22148.15,22133.55,22137.8,10:50:00,22127.375092227696,1,20
2024-02-27,22147.15,22148.95,22140.75,22140.85,10:55:00,22129.25841677744,1,21
2024-02-27,22153.0,22158.55,22146.9,22147.0,11:00:00,22131.51951994149,1,22
2024-02-27,22144.4,22156.8,22144.1,22153.3,11:05:00,22132.746232328016,1,23
2024-02-27,22145.1,22150.7,22142.25,22145.05,11:10:00,22133.92278163011,1,24
2024-02-27,22131.95,22148.0,22130.95,22144.65,11:15:00,22133.734897665337,1,25
2024-02-27,22152.1,22154.9,22125.7,22132.25,11:20:00,22135.483955030544,1,26
2024-02-27,22162.4,22169.85,22151.7,22153.05,11:25:00,22138.04738788478,1,27
2024-02-27,22166.1,22166.6,22160.4,22162.5,11:30:00,22140.71906522909,1,28
2024-02-27,22163.0,22167.05,22161.35,22166.0,11:35:00,22142.841059016795,1,29
2024-02-27,22153.8,22169.05,22147.7,22162.75,11:40:00,22143.884767681862,1,30
2024-02-27,22147.8,22156.95,22143.0,22152.8,11:45:00,22144.257646950256,1,31
2024-02-27,22135.55,22152.65,22134.2,22148.1,11:50:00,22143.42834724071,1,32
2024-02-27,22136.0,22141.6,22125.15,22135.8,11:55:00,22142.72088559874,1,33
2024-02-27,22120.65,22144.8,22120.1,22136.65,12:00:00,22140.6188964941,1,34
2024-02-27,22115.75,22125.25,22112.85,22120.45,12:05:00,22138.250430161326,1,35
2024-02-27,22124.3,22125.5,22109.0,22115.9,12:10:00,22136.921817765007,1,36
2024-02-27,22117.7,22131.5,22115.45,22124.9,12:15:00,22135.09116845405,1,37
2024-02-27,22128.05,22129.1,22117.05,22117.05,12:20:00,22134.42058098224,1,38
2024-02-27,22132.5,22135.95,22124.95,22128.15,12:25:00,22134.23766850774,1,39
2024-02-27,22130.8,22142.85,22126.8,22132.85,12:30:00,22133.910271507004,1,40
2024-02-27,22155.65,22156.7,22130.3,22130.65,12:35:00,22135.98072183967,1,41
2024-02-27,22161.1,22164.5,22153.6,22154.7,12:40:00,22138.373034045417,1,42
2024-02-27,22183.2,22184.05,22159.9,22161.35,12:45:00,22142.642268898235,1,43
2024-02-27,22199.75,22201.05,22183.35,22183.7,12:50:00,22148.081100431737,1,44
2024-02-27,22203.65,22207.6,22195.65,22198.65,12:55:00,22153.373376581098,1,45
2024-02-27,22195.3,22207.65,22189.6,22204.9,13:00:00,22157.36638833528,1,46
2024-02-27,22184.05,22198.8,22179.1,22194.85,13:05:00,22159.90768468429,1,47
2024-02-27,22205.95,22206.25,22182.15,22184.6,13:10:00,22164.29266709532,1,48
2024-02-27,22212.3,22215.5,22194.75,22204.55,13:15:00,22168.86479403862,1,49
2024-02-27,22204.65,22217.35,22200.05,22212.15,13:20:00,22172.27290889209,1,50
2024-02-27,22191.4,22207.0,22187.65,22204.5,13:25:00,22174.09453661665,1,51
2024-02-27,22198.7,22206.1,22191.45,22191.45,13:30:00,22176.437914081733,1,52
2024-02-27,22190.6,22202.75,22187.3,22199.45,13:35:00,22177.786684169187,1,53
2024-02-27,22168.4,22191.15,22166.05,22190.5,13:40:00,22176.89271424831,1,54
2024-02-27,22149.1,22169.85,22143.75,22167.85,13:45:00,22174.245789081808,1,55
2024-02-27,22155.2,22167.5,22146.9,22149.55,13:50:00,22172.43190440735,1,56
2024-02-27,22145.1,22157.1,22132.4,22154.95,13:55:00,22169.828865892363,1,57
2024-02-27,22150.9,22152.6,22134.55,22144.2,14:00:00,22168.02611675976,1,58
2024-02-27,22149.95,22164.8,22146.35,22150.6,14:05:00,22166.304581830256,1,59
2024-02-27,22163.1,22165.75,22148.45,22150.6,14:10:00,22165.99938356071,1,60
2024-02-27,22167.7,22178.55,22162.9,22162.9,14:15:00,22166.16134703112,1,61
2024-02-27,22166.9,22185.9,22165.55,22168.1,14:20:00,22166.23169493292,1,62
2024-02-27,22154.5,22168.45,22151.55,22168.15,14:25:00,22165.114390653594,1,63
2024-02-27,22172.5,22174.6,22149.7,22154.55,14:30:00,22165.81778201992,1,64
2024-02-27,22176.25,22184.5,22172.55,22172.7,14:35:00,22166.81132658945,1,65
2024-02-27,22179.1,22192.7,22174.0,22176.2,14:40:00,22167.98167643808,1,66
2024-02-27,22178.35,22188.55,22177.95,22180.1,14:45:00,22168.96913582493,1,67
2024-02-27,22182.0,22186.3,22170.2,22179.4,14:50:00,22170.210170508264,1,68
2024-02-27,22188.85,22193.05,22181.4,22182.95,14:55:00,22171.98539236462,1,69
2024-02-27,22212.85,22213.05,22186.85,22189.9,15:00:00,22175.877259758465,1,70
2024-02-27,22206.05,22216.6,22200.05,22212.8,15:05:00,22178.75085406718,1,71
2024-02-27,22203.9,22211.15,22201.65,22206.4,15:10:00,22181.14601082269,1,72
2024-02-27,22190.0,22205.0,22187.45,22203.55,15:15:00,22181.989247887195,1,73
2024-02-27,22198.65,22198.9,22178.35,22190.8,15:20:00,22183.575986183656,1,74
2024-02-27,22194.2,22200.05,22187.2,22198.6,15:25:00,22184.58779702331,1,75
2024-02-28,22204.2,22221.3,22188.7,22214.1,09:15:00,22188.99862749527,2,1
2024-02-28,22211.3,22213.95,22198.45,22204.6,09:20:00,22191.12256773381,2,2
2024-02-28,22199.3,22212.25,22192.65,22212.0,09:25:00,22191.901370806787,2,3
2024-02-28,22206.0,22207.1,22184.6,22198.45,09:30:00,22193.24409739661,2,4
2024-02-28,22200.95,22206.45,22195.9,22205.6,09:35:00,22193.977992882654,2,5
2024-02-28,22209.5,22213.15,22185.55,22200.25,09:40:00,22195.456279274786,2,6
2024-02-28,22201.6,22211.9,22196.6,22210.2,09:45:00,22196.04139553433,2,7
2024-02-28,22188.5,22207.2,22185.4,22200.7,09:50:00,22195.323167388204,2,8
2024-02-28,22175.8,22192.05,22175.8,22188.75,09:55:00,22193.463818113138,2,9
2024-02-28,22194.1,22196.75,22169.0,22175.3,10:00:00,22193.524406864268,2,10
2024-02-28,22224.15,22227.7,22193.0,22194.25,10:05:00,22196.44113002005,2,11
2024-02-28,22219.0,22228.45,22211.1,22224.3,10:10:00,22198.589593827663,2,12
2024-02-28,22212.05,22226.3,22209.35,22218.95,10:15:00,22199.87153727265,2,13
2024-02-28,22209.7,22224.5,22207.4,22212.75,10:20:00,22200.807581341924,2,14
2024-02-28,22217.55,22218.0,22207.05,22210.1,10:25:00,22202.4020974046,2,15
2024-02-28,22202.5,22217.75,22200.75,22216.0,10:30:00,22202.411421461304,2,16
2024-02-28,22192.0,22209.95,22190.95,22202.35,10:35:00,22201.419857512607,2,17
2024-02-28,22200.7,22205.2,22190.35,22191.35,10:40:00,22201.351299654263,2,18
2024-02-28,22176.0,22201.35,22175.4,22200.4,10:45:00,22198.936890163382,2,19
2024-02-28,22116.55,22176.35,22107.85,22176.35,10:50:00,22191.09051967163,2,20
2024-02-28,22064.25,22123.7,22064.25,22116.25,10:55:00,22179.01047017909,2,21
2024-02-28,22031.8,22063.85,22027.3,22063.85,11:00:00,22164.99042540013,2,22
2024-02-28,22052.95,22061.0,22021.25,22029.8,11:05:00,22154.31990869536,2,23
2024-02-28,22062.05,22075.05,22048.7,22052.35,11:10:00,22145.532298343416,2,24
2024-02-28,22075.3,22088.45,22061.85,22062.7,11:15:00,22138.843508025,2,25
2024-02-28,22065.1,22078.85,22059.85,22074.6,11:20:00,22131.820316784524,2,26
2024-02-28,22056.15,22065.5,22046.75,22065.1,11:25:00,22124.6136199479,2,27
2024-02-28,22055.55,22063.85,22040.85,22055.85,11:30:00,22118.03613233381,2,28
2024-02-28,22064.3,22064.3,22049.05,22054.75,11:35:00,22112.91840544488,2,29
2024-02-28,22022.95,22064.6,22020.3,22063.1,11:40:00,22104.3499858787,2,30
2024-02-28,22042.15,22042.95,22002.1,22023.1,11:45:00,22098.426177699777,2,31
2024-02-28,22037.15,22043.95,22029.15,22042.8,11:50:00,22092.59035125218,2,32
2024-02-28,22038.1,22040.9,22030.85,22035.45,11:55:00,22087.400793990066,2,33
2024-02-28,22023.65,22043.25,22018.4,22037.6,12:00:00,22081.32928980053,2,34
2024-02-28,22016.95,22032.75,22015.05,22023.4,12:05:00,22075.19792886715,2,35
2024-02-28,22038.3,22041.85,22015.7,22017.25,12:10:00,22071.68384040361,2,36
2024-02-28,22042.8,22042.8,22033.55,22039.05,12:15:00,22068.93299846041,2,37
2024-02-28,22053.6,22054.55,22041.05,22043.1,12:20:00,22067.472712892748,2,38
2024-02-28,22047.15,22054.45,22039.1,22051.95,12:25:00,22065.53721642677,2,39
2024-02-28,22037.4,22049.55,22035.05,22046.4,12:30:00,22062.857481528983,2,40
2024-02-28,22044.35,22047.15,22026.65,22036.4,12:35:00,22061.09486424051,2,41
2024-02-28,22051.75,22054.65,22040.85,22044.2,12:40:00,22060.204877169985,2,42
2024-02-28,22038.75,22054.2,22029.4,22051.55,12:45:00,22058.16155553475,2,43
2024-02-28,22020.95,22047.0,22020.95,22039.25,12:50:00,22054.617597864773,2,44
2024-02-28,21979.05,22025.35,21977.45,22017.95,12:55:00,22047.420683782413,2,45
2024-02-28,21987.5,21993.1,21971.65,21980.15,13:00:00,22041.71395199361,2,46
2024-02-28,21956.75,21988.95,21941.3,21987.65,13:05:00,22033.62214704184,2,47
2024-02-28,21942.5,21964.2,21939.7,21957.0,13:10:00,22024.943847323568,2,48
2024-02-28,21978.2,21981.15,21943.7,21943.9,13:15:00,22020.49205234037,2,49
2024-02-28,21999.8,22004.0,21975.1,21977.75,13:20:00,22018.521380688908,2,50
2024-02-28,22002.9,22006.6,21984.1,21999.75,13:25:00,22017.033630147107,2,51
2024-02-28,22021.45,22032.55,21992.25,22003.25,13:30:00,22017.454236799764,2,52
2024-02-28,22016.05,22033.7,22008.9,22021.85,13:35:00,22017.32049996169,2,53
2024-02-28,22015.1,22023.1,22005.65,22016.15,13:40:00,22017.109023774865,2,54
2024-02-28,22006.1,22018.1,21993.15,22014.65,13:45:00,22016.06054532012,2,55
2024-02-28,22022.9,22026.4,22003.75,22006.15,13:50:00,22016.711921956296,2,56
2024-02-28,22024.7,22029.15,22011.0,22021.6,13:55:00,22017.47269129379,2,57
2024-02-28,22030.25,22034.8,22023.05,22024.8,14:00:00,22018.68957783724,2,58
2024-02-28,22043.15,22049.6,22029.9,22030.45,14:05:00,22021.019141852743,2,59
2024-02-28,22044.85,22050.25,22036.6,22042.9,14:10:00,22023.288747390576,2,60
2024-02-28,22026.4,22046.3,22021.65,22044.6,14:15:00,22023.5850571629,2,61
2024-02-28,22018.9,22029.35,22015.05,22026.35,14:20:00,22023.138861242624,2,62
2024-02-28,22033.2,22036.0,22016.4,22018.85,14:25:00,22024.097064933805,2,63
2024-02-28,21982.7,22037.45,21980.45,22032.7,14:30:00,22020.154487321062,2,64
2024-02-28,21984.75,21996.3,21976.1,21981.8,14:35:00,22016.78263138572,2,65
2024-02-28,21974.2,21990.85,21966.25,21984.35,14:40:00,22012.72714268232,2,66
2024-02-28,22004.35,22012.2,21973.4,21973.4,14:45:00,22011.92931956972,2,67
2024-02-28,21990.25,22013.15,21981.8,22004.05,14:50:00,22009.86462246784,2,68
2024-02-28,21976.35,21990.3,21967.05,21988.85,14:55:00,22006.672753661376,2,69
2024-02-28,21992.3,21995.5,21968.1,21974.75,15:00:00,22005.303919979346,2,70
2024-02-28,21969.75,22004.75,21969.75,21992.65,15:05:00,22001.917832362265,2,71
2024-02-28,21952.75,21970.65,21945.8,21969.9,15:10:00,21997.235181661094,2,72
2024-02-28,21926.9,21953.6,21924.45,21953.45,15:15:00,21990.536592931465,2,73
2024-02-28,21934.4,21940.5,21922.9,21928.15,15:20:00,21985.19025074752,2,74
2024-02-28,21926.25,21935.0,21918.9,21934.05,15:25:00,21979.576893533467,2,75
2024-02-29,21936.35,21942.75,21903.6,21935.2,09:15:00,21971.636187223543,3,1
2024-02-29,21932.45,21934.75,21888.0,21934.4,09:20:00,21967.90416939273,3,2
2024-02-29,21952.6,21963.15,21931.85,21933.25,09:25:00,21966.44662945057,3,3
2024-02-29,21985.05,21992.1,21943.6,21952.5,09:30:00,21968.2183790267,3,4
2024-02-29,21949.9,21986.05,21943.55,21985.05,09:35:00,21966.47377150035,3,5
2024-02-29,21946.3,21955.25,21922.4,21949.3,09:40:00,21964.55245992889,3,6
2024-02-29,21942.75,21966.25,21940.45,21948.85,09:45:00,21962.47603517376,3,7
2024-02-29,21981.8,21983.15,21938.65,21942.8,09:50:00,21964.316412776257,3,8
2024-02-29,22015.25,22022.25,21980.3,21982.1,09:55:00,21969.16723060709,3,9
2024-02-29,21999.35,22018.5,21993.8,22015.05,10:00:00,21972.041780073083,3,10
2024-02-29,21943.05,22002.5,21929.15,21998.55,10:05:00,21969.28065816136,3,11
2024-02-29,21873.5,21943.65,21867.3,21940.9,10:10:00,21960.15869071742,3,12
2024-02-29,21874.05,21905.55,21861.35,21873.6,10:15:00,21951.95786303005,3,13
2024-02-29,21885.1,21911.6,21871.05,21874.1,10:20:00,21945.59044750337,3,14
2024-02-29,21902.4,21904.25,21882.35,21884.45,10:25:00,21941.477071550675,3,15
2024-02-29,21885.0,21906.25,21877.0,21901.9,10:30:00,21936.098302831564,3,16
2024-02-29,21885.45,21905.6,21875.45,21883.7,10:35:00,21931.27465494284,3,17
2024-02-29,21909.0,21922.0,21875.45,21883.95,10:40:00,21929.153259234,3,18
2024-02-29,21903.55,21913.35,21886.95,21906.6,10:45:00,21926.714853592664,3,19
2024-02-29,21885.75,21907.95,21883.7,21902.35,10:50:00,21922.81343896479,3,20
2024-02-29,21882.35,21903.85,21882.35,21885.1,10:55:00,21918.959778111,3,21
2024-02-29,21912.45,21913.3,21882.3,21882.3,11:00:00,21918.339799243287,3,22
2024-02-29,21926.0,21926.35,21901.9,21912.8,11:05:00,21919.0693421725,3,23
2024-02-29,21967.85,21971.55,21919.8,21926.15,11:10:00,21923.715119108456,3,24
2024-02-29,21953.35,21996.6,21953.35,21967.6,11:15:00,21926.53748871717,3,25
2024-02-29,21960.05,21965.75,21949.65,21953.85,11:20:00,21929.7291564584,3,26
2024-02-29,21934.35,21969.4,21923.0,21960.0,11:25:00,21930.169236795693,3,27
2024-02-29,21960.8,21970.75,21932.85,21935.45,11:30:00,21933.08645233896,3,28
2024-02-29,21953.05,21962.4,21949.75,21959.65,11:35:00,21934.98774259239,3,29
2024-02-29,21958.0,21968.5,21949.9,21952.15,11:40:00,21937.17938615502,3,30
2024-02-29,21955.0,21958.8,21939.3,21953.45,11:45:00,21938.87658747359,3,31
2024-02-29,21958.15,21958.35,21943.35,21953.4,11:50:00,21940.712150571344,3,32
2024-02-29,21956.7,21969.75,21949.85,21957.1,11:55:00,21942.23480289788,3,33
2024-02-29,21968.6,21968.6,21948.6,21955.5,12:00:00,21944.745774050465,3,34
2024-02-29,21950.6,21976.75,21941.15,21966.95,12:05:00,21945.303319378992,3,35
2024-02-29,21952.35,21956.1,21942.35,21949.35,12:10:00,21945.97443181909,3,36
2024-02-29,21954.1,21957.8,21946.55,21950.85,12:15:00,21946.748295455367,3,37
2024-02-29,21943.2,21962.7,21934.85,21952.75,12:20:00,21946.410362554856,3,38
2024-02-29,21916.5,21953.25,21910.3,21941.15,12:25:00,21943.56175659725,3,39
2024-02-29,21937.95,21942.1,21897.15,21916.25,12:30:00,21943.027303587987,3,40
2024-02-29,21938.95,21945.8,21927.3,21937.25,12:35:00,21942.63898896056,3,41
2024-02-29,21963.45,21965.3,21934.05,21937.5,12:40:00,21944.620990011936,3,42
2024-02-29,21943.35,21964.85,21942.85,21962.75,12:45:00,21944.49994334413,3,43
2024-02-29,21954.25,21956.4,21939.35,21942.1,12:50:00,21945.42852016849,3,44
2024-02-29,21948.65,21959.25,21945.15,21952.85,12:55:00,21945.735327771497,3,45
2024-02-29,21951.55,21960.7,21942.65,21947.7,13:00:00,21946.289106078977,3,46
2024-02-29,21953.6,21956.05,21940.5,21950.95,13:05:00,21946.9853816905,3,47
2024-02-29,21969.95,21974.25,21948.65,21954.3,13:10:00,21949.17248819617,3,48
2024-02-29,21965.15,21988.75,21963.2,21968.2,13:15:00,21950.694155987014,3,49
2024-02-29,21966.55,21968.8,21952.5,21962.35,13:20:00,21952.2042363692,3,50
2024-02-29,21969.8,21974.55,21960.7,21966.0,13:25:00,21953.88002338166,3,51
2024-02-29,21982.4,21982.9,21961.2,21969.45,13:30:00,21956.596211631026,3,52
2024-02-29,21945.05,21984.8,21944.4,21978.7,13:35:00,21955.496572428063,3,53
2024-02-29,21953.55,21956.25,21936.35,21944.35,13:40:00,21955.31118457777,3,54
2024-02-29,21974.45,21980.15,21946.0,21951.55,13:45:00,21957.1339289037,3,55
2024-02-29,21971.8,21986.1,21964.7,21976.15,13:50:00,21958.530697579536,3,56
2024-02-29,21973.85,21978.6,21958.3,21969.9,13:55:00,21959.98967876244,3,57
2024-02-29,21951.05,21976.45,21946.0,21972.35,14:00:00,21959.138280785064,3,58
2024-02-29,21939.95,21957.95,21939.6,21950.75,14:05:00,21957.3108254722,3,59
2024-02-29,21962.35,21964.9,21937.7,21938.05,14:10:00,21957.7907468558,3,60
2024-02-29,21950.1,21967.0,21948.4,21959.65,14:15:00,21957.05829477429,3,61
2024-02-29,21951.35,21956.65,21936.15,21948.7,14:20:00,21956.51464765293,3,62
2024-02-29,21943.4,21962.2,21937.7,21950.15,14:25:00,21955.265633590745,3,63
2024-02-29,21910.2,21946.0,21901.05,21940.4,14:30:00,21950.973668486866,3,64
2024-02-29,21932.3,21932.3,21900.5,21909.55,14:35:00,21949.19522386907,3,65
2024-02-29,21983.45,21983.45,21930.9,21930.9,14:40:00,21952.457583500585,3,66
2024-02-29,21983.7,22004.25,21976.95,21983.4,14:45:00,21955.433051738622,3,67
2024-02-29,21968.65,22000.6,21967.8,21983.6,14:50:00,21956.6918087159,3,68
2024-02-29,21937.65,21972.05,21922.45,21967.2,14:55:00,21954.878303123907,3,69
2024-02-29,21920.7,21952.65,21911.9,21939.3,15:00:00,21951.62322663592,3,70
2024-02-29,21934.8,21936.85,21915.1,21921.45,15:05:00,21950.021014575355,3,71
2024-02-29,21996.7,21998.65,21935.45,21935.45,15:10:00,21954.46663223485,3,72
2024-02-29,22022.4,22022.4,21995.6,21996.05,15:15:00,21960.936476783907,3,73
2024-02-29,22042.7,22045.05,22021.1,22021.1,15:20:00,21968.72347899496,3,74
2024-02-29,22042.05,22059.8,22037.0,22042.25,15:25:00,21975.70695718592,3,75
2024-03-01,22114.95,22124.2,22048.3,22048.3,09:15:00,21995.223382186206,4,1
2024-03-01,22124.4,22124.4,22105.75,22115.1,09:20:00,22007.52591721609,4,2
2024-03-01,22122.5,22132.75,22116.85,22124.95,09:25:00,22018.47582986218,4,3
2024-03-01,22129.2,22137.15,22113.1,22122.1,09:30:00,22029.020988922923,4,4
2024-03-01,22137.6,22137.6,22124.8,22129.05,09:35:00,22039.361847120737,4,5
2024-03-01,22161.85,22166.6,22132.1,22137.8,09:40:00,22051.02738549019,4,6
2024-03-01,22175.65,22178.7,22145.2,22162.45,09:45:00,22062.896205919697,4,7
2024-03-01,22167.85,22181.25,22152.4,22175.8,09:50:00,22072.89180535592,4,8
2024-03-01,22176.5,22179.1,22161.4,22169.45,09:55:00,22082.759252464875,4,9
2024-03-01,22171.15,22186.3,22165.7,22177.8,10:00:00,22091.17741889679,4,10
2024-03-01,22187.15,22195.45,22169.25,22171.55,10:05:00,22100.31766471614,4,11
2024-03-01,22196.95,22200.1,22185.4,22187.1,10:10:00,22109.520744266985,4,12
2024-03-01,22188.6,22205.45,22187.2,22196.45,10:15:00,22117.052101955844,4,13
2024-03-01,22197.8,22200.35,22184.1,22187.05,10:20:00,22124.742377960047,4,14
2024-03-01,22200.05,22208.2,22196.45,22197.3,10:25:00,22131.91453244004,4,15
2024-03-01,22191.75,22210.15,22188.0,22199.8,10:30:00,22137.613148398133,4,16
2024-03-01,22193.45,22199.8,22185.2,22191.35,10:35:00,22142.93094378879,4,17
2024-03-01,22178.7,22202.1,22174.7,22193.8,10:40:00,22146.33752057081,4,18
2024-03-01,22187.9,22188.45,22175.7,22178.3,10:45:00,22150.29585194502,4,19
2024-03-01,22196.7,22198.0,22187.15,22188.25,10:50:00,22154.715294616923,4,20
2024-03-01,22172.45,22201.95,22172.45,22196.0,10:55:00,22156.404314177216,4,21
2024-03-01,22187.25,22188.65,22172.75,22172.75,11:00:00,22159.34199854129,4,22
2024-03-01,22191.2,22191.6,22184.25,22187.6,11:05:00,22162.376093918312,4,23
2024-03-01,22208.7,22221.85,22191.1,22191.3,11:10:00,22166.787894497524,4,24
2024-03-01,22220.2,22220.4,22208.6,22208.6,11:15:00,22171.87476168824,4,25
2024-03-01,22232.9,22234.05,22219.1,22219.1,11:20:00,22177.6866891465,4,26
2024-03-01,22238.8,22240.15,22228.2,22232.3,11:25:00,22183.50700446588,4,27
2024-03-01,22237.2,22241.45,22230.75,22238.65,11:30:00,22188.62062308818,4,28
2024-03-01,22286.7,22294.7,22235.05,22235.05,11:35:00,22197.9615161274,4,29
2024-03-01,22279.15,22291.15,22272.45,22286.4,11:40:00,22205.693752686697,4,30
2024-03-01,22288.95,22292.5,22279.35,22279.35,11:45:00,22213.62291909749,4,31
2024-03-01,22297.9,22299.45,22285.9,22289.0,11:50:00,22221.64930775488,4,32
2024-03-01,22283.95,22304.0,22280.35,22298.1,11:55:00,22227.58270701632,4,33
2024-03-01,22277.7,22295.0,22273.45,22284.4,12:00:00,22232.35578253857,4,34
2024-03-01,22284.15,22289.0,22268.2,22278.9,12:05:00,22237.288565153947,4,35
2024-03-01,22286.45,22288.7,22280.4,22285.1,12:10:00,22241.97060656786,4,36
2024-03-01,22282.15,22289.95,22277.3,22287.0,12:15:00,22245.797215466155,4,37
2024-03-01,22286.55,22294.9,22278.0,22280.25,12:20:00,22249.678433040808,4,38
2024-03-01,22291.25,22299.75,22283.9,22287.55,12:25:00,22253.637629894067,4,39
2024-03-01,22294.35,22300.65,22289.5,22291.7,12:30:00,22257.514998475584,4,40
2024-03-01,22302.1,22305.15,22287.1,22294.7,12:35:00,22261.76118909696,4,41
2024-03-01,22305.8,22312.15,22298.3,22302.4,12:40:00,22265.955361563912,4,42
2024-03-01,22292.65,22308.0,22285.9,22305.65,12:45:00,22268.49770808164,4,43
2024-03-01,22302.55,22305.0,22291.85,22291.85,12:50:00,22271.740783502435,4,44
2024-03-01,22299.4,22304.65,22295.6,22301.8,12:55:00,22274.37499459744,4,45
2024-03-01,22315.95,22315.95,22299.85,22300.1,13:00:00,22278.33451892149,4,46
2024-03-01,22306.25,22317.75,22300.4,22315.25,13:05:00,22280.993136167068,4,47
2024-03-01,22288.35,22308.3,22281.4,22306.1,13:10:00,22281.693789865443,4,48
2024-03-01,22290.5,22294.6,22282.8,22288.6,13:15:00,22282.53247654493,4,49
2024-03-01,22309.25,22310.4,22290.05,22290.05,13:20:00,22285.077002588267,4,50
2024-03-01,22314.25,22316.4,22300.3,22309.35,13:25:00,22287.855383294147,4,51
2024-03-01,22313.45,22318.6,22304.5,22313.85,13:30:00,22290.29296583756,4,52
2024-03-01,22308.5,22318.85,22307.55,22313.3,13:35:00,22292.02696909113,4,53
2024-03-01,22314.65,22315.0,22302.45,22308.4,13:40:00,22294.181543463405,4,54
2024-03-01,22322.8,22323.45,22310.6,22315.05,13:45:00,22296.907110752603,4,55
2024-03-01,22322.05,22325.5,22313.5,22324.7,13:50:00,22299.301671633308,4,56
2024-03-01,22319.6,22325.5,22317.2,22321.6,13:55:00,22301.23484576347,4,57
2024-03-01,22316.4,22330.15,22311.25,22319.7,14:00:00,22302.67914616695,4,58
2024-03-01,22327.55,22327.7,22316.1,22316.45,14:05:00,22305.04779891296,4,59
2024-03-01,22330.6,22334.75,22325.8,22327.55,14:10:00,22307.481341873627,4,60
2024-03-01,22321.6,22333.3,22320.3,22329.85,14:15:00,22308.825975980897,4,61
2024-03-01,22326.1,22332.25,22320.8,22321.05,14:20:00,22310.47112112557,4,62
2024-03-01,22331.1,22339.25,22323.15,22326.1,14:25:00,22312.435776256472,4,63
2024-03-01,22325.25,22338.35,22320.85,22333.55,14:30:00,22313.65617851776,4,64
2024-03-01,22320.35,22329.75,22317.6,22325.95,14:35:00,22314.2936853256,4,65
2024-03-01,22331.85,22334.85,22315.65,22319.2,14:40:00,22315.965715294587,4,66
2024-03-01,22333.1,22343.55,22330.45,22332.1,14:45:00,22317.5975519332,4,67
2024-03-01,22329.85,22346.05,22327.65,22333.8,14:50:00,22318.764451749084,4,68
2024-03-01,22340.8,22343.55,22326.1,22330.05,14:55:00,22320.86307539203,4,69
2024-03-01,22346.6,22349.6,22330.75,22340.05,15:00:00,22323.31421106898,4,70
2024-03-01,22348.6,22352.95,22339.3,22346.05,15:05:00,22325.722381443364,4,71
2024-03-01,22329.1,22352.7,22329.1,22348.8,15:10:00,22326.04405940113,4,72
2024-03-01,22335.05,22343.3,22325.65,22329.3,15:15:00,22326.9017680296,4,73
2024-03-01,22331.75,22339.6,22328.35,22334.4,15:20:00,22327.36350440773,4,74
2024-03-01,22326.05,22334.2,22319.65,22331.25,15:25:00,22327.23840874985,4,75
2024-03-04,22424.6,22440.9,22393.8,22403.5,09:15:00,22388.66382520804,0,1
2024-03-04,22413.8,22424.95,22384.55,22424.95,09:20:00,22391.0577466168,0,2
2024-03-04,22381.05,22415.6,22380.05,22415.6,09:25:00,22390.104627891385,0,3
2024-03-04,22392.3,22398.15,22372.6,22380.55,09:30:00,22390.313710949347,0,4
2024-03-04,22374.35,22399.4,22363.75,22391.75,09:35:00,22388.793357525603,0,5
2024-03-04,22395.9,22396.45,22362.5,22373.0,09:40:00,22389.4701806184,0,6
2024-03-04,22360.05,22397.55,22358.9,22396.05,09:45:00,22386.668258654743,0,7
2024-03-04,22374.15,22377.75,22359.2,22360.15,09:50:00,22385.476043544768,0,8
2024-03-04,22373.8,22379.2,22365.4,22374.75,09:55:00,22384.36403939765,0,9
2024-03-04,22397.5,22400.2,22367.15,22372.2,10:00:00,22385.615083264536,0,10
2024-03-04,22401.5,22408.0,22391.7,22395.8,10:05:00,22387.12793247744,0,11
2024-03-04,22395.4,22405.7,22393.15,22400.85,10:10:00,22387.91574843197,0,12
2024-03-04,22402.0,22408.7,22395.0,22395.0,10:15:00,22389.25710572416,0,13
2024-03-04,22413.35,22415.55,22395.4,22400.75,10:20:00,22391.551667083764,0,14
2024-03-04,22414.55,22420.25,22411.45,22412.65,10:25:00,22393.74198450436,0,15
2024-03-04,22429.25,22431.25,22414.3,22414.3,10:30:00,22397.123700265845,0,16
2024-03-04,22431.95,22431.95,22420.95,22430.65,10:35:00,22400.44049071672,0,17
2024-03-04,22424.45,22432.9,22422.8,22431.4,10:40:00,22402.727110648462,0,18
2024-03-04,22412.25,22425.4,22411.0,22425.4,10:45:00,22403.634052491467,0,19
2024-03-04,22401.6,22418.0,22398.95,22411.8,10:50:00,22403.440333206567,0,20
2024-03-04,22376.65,22401.6,22372.85,22401.6,10:55:00,22400.88887290118,0,21
2024-03-04,22374.1,22395.05,22373.55,22376.25,11:00:00,22398.33755167249,0,22
2024-03-04,22389.0,22394.0,22373.4,22374.55,11:05:00,22397.448261037018,0,23
2024-03-04,22404.55,22406.25,22383.95,22389.25,11:10:00,22398.12461712873,0,24
2024-03-04,22398.85,22418.8,22398.85,22404.8,11:15:00,22398.19370121171,0,25
2024-03-04,22400.5,22403.85,22385.9,22398.05,11:20:00,22398.413348715352,0,26
2024-03-04,22392.75,22405.4,22390.65,22400.45,11:25:00,22397.87398217104,0,27
2024-03-04,22398.4,22403.8,22392.6,22393.05,11:30:00,22397.924079107128,0,28
2024-03-04,22403.9,22410.5,22389.85,22398.9,11:35:00,22398.49321443026,0,29
2024-03-04,22408.55,22409.5,22400.15,22404.2,11:40:00,22399.451003532136,0,30
2024-03-04,22417.3,22420.1,22404.9,22410.1,11:45:00,22401.150907957646,0,31
2024-03-04,22403.1,22423.9,22399.1,22417.5,11:50:00,22401.336535771203,0,32
2024-03-04,22397.1,22405.85,22391.9,22404.2,11:55:00,22400.933056173944,0,33
2024-03-04,22399.6,22408.3,22397.15,22397.7,12:00:00,22400.80609844309,0,34
2024-03-04,22399.45,22406.85,22394.7,22399.85,12:05:00,22400.676946210417,0,35
2024-03-04,22403.3,22406.2,22389.95,22400.25,12:10:00,22400.926760857044,0,36
2024-03-04,22406.9,22415.15,22397.55,22401.0,12:15:00,22401.49564077542,0,37
2024-03-04,22408.25,22415.7,22406.2,22407.3,12:20:00,22402.138913082526,0,38
2024-03-04,22413.75,22419.55,22406.9,22408.4,12:25:00,22403.244730884187,0,39
2024-03-04,22419.75,22426.6,22414.2,22414.2,12:30:00,22404.81666127617,0,40
2024-03-04,22416.4,22422.75,22413.95,22420.25,12:35:00,22405.919836392728,0,41
2024-03-04,22412.4,22418.15,22407.65,22416.45,12:40:00,22406.53699483152,0,42
2024-03-04,22399.45,22415.15,22395.3,22413.1,12:45:00,22405.8620429428,0,43
2024-03-04,22378.35,22400.8,22372.75,22400.45,12:50:00,22403.24184837682,0,44
2024-03-04,22400.5,22403.2,22375.7,22378.2,12:55:00,22402.98071995998,0,45
2024-03-04,22401.7,22405.45,22397.85,22400.7,13:00:00,22402.85874663046,0,46
2024-03-04,22401.0,22408.75,22400.25,22401.0,13:05:00,22402.681723141846,0,47
2024-03-04,22401.7,22412.0,22400.45,22401.5,13:10:00,22402.588225699765,0,48
2024-03-04,22411.8,22413.25,22400.9,22402.2,13:15:00,22403.46553753788,0,49
2024-03-04,22406.3,22414.8,22404.9,22412.4,13:20:00,22403.7354863438,0,50
2024-03-04,22401.2,22410.85,22399.25,22405.7,13:25:00,22403.49401145392,0,51
2024-03-04,22405.2,22409.4,22400.75,22400.75,13:30:00,22403.656486553544,0,52
2024-03-04,22408.1,22412.45,22404.95,22405.95,13:35:00,22404.079678310347,0,53
2024-03-04,22407.95,22411.5,22404.75,22408.15,13:40:00,22404.448280376026,0,54
2024-03-04,22408.0,22409.6,22399.8,22407.15,13:45:00,22404.78653938783,0,55
2024-03-04,22394.1,22408.4,22394.1,22407.25,13:50:00,22403.76877373185,0,56
2024-03-04,22396.65,22399.05,22389.95,22394.4,13:55:00,22403.0907952812,0,57
2024-03-04,22397.5,22399.05,22384.25,22396.95,14:00:00,22402.55833858775,0,58
2024-03-04,22419.2,22420.55,22397.2,22397.2,14:05:00,22404.14325872225,0,59
2024-03-04,22428.2,22430.7,22414.25,22419.55,14:10:00,22406.43437693918,0,60
2024-03-04,22424.3,22434.25,22419.6,22428.5,14:15:00,22408.135864849733,0,61
2024-03-04,22420.35,22429.8,22415.9,22423.7,14:20:00,22409.299115816422,0,62
2024-03-04,22426.2,22428.35,22417.55,22419.5,14:25:00,22410.90872383391,0,63
2024-03-04,22410.65,22432.75,22409.9,22426.75,14:30:00,22410.884083468773,0,64
2024-03-04,22406.4,22417.35,22396.3,22411.15,14:35:00,22410.45702790032,0,65
2024-03-04,22407.85,22412.3,22402.15,22406.75,14:40:00,22410.20873952886,0,66
2024-03-04,22414.4,22415.35,22403.05,22408.65,14:45:00,22410.60790719278,0,67
2024-03-04,22412.85,22419.1,22406.65,22414.3,14:50:00,22410.82143984109,0,68
2024-03-04,22408.9,22414.35,22404.15,22412.7,14:55:00,22410.638445570512,0,69
2024-03-04,22419.2,22421.15,22408.15,22408.15,15:00:00,22411.45383170665,0,70
2024-03-04,22414.7,22427.25,22412.35,22418.95,15:05:00,22411.76299059173,0,71
2024-03-04,22404.45,22416.6,22404.1,22415.2,15:10:00,22411.066515297283,0,72
2024-03-04,22388.25,22403.8,22383.5,22403.8,15:15:00,22408.8935138404,0,73
2024-03-04,22398.25,22398.75,22387.25,22387.95,15:20:00,22407.8798458556,0,74
2024-03-04,22397.65,22414.8,22395.65,22396.95,15:25:00,22406.905574821736,0,75
2024-03-05,22357.2,22390.85,22321.65,22371.25,09:15:00,22399.099348096704,1,1
2024-03-05,22380.1,22380.1,22348.3,22357.8,09:20:00,22397.28988637321,1,2
2024-03-05,22366.1,22380.35,22362.2,22379.15,09:25:00,22394.319421004333,1,3
2024-03-05,22366.65,22376.0,22356.15,22366.45,09:30:00,22391.68423805154,1,4
2024-03-05,22367.15,22370.75,22358.1,22366.5,09:35:00,22389.347643951394,1,5
2024-03-05,22374.95,22377.6,22364.85,22367.5,09:40:00,22387.97643976555,1,6
2024-03-05,22361.85,22374.35,22358.35,22373.8,09:45:00,22385.488207406925,1,7
2024-03-05,22365.25,22366.7,22352.0,22360.85,09:50:00,22383.56075908245,1,8
2024-03-05,22347.15,22370.0,22336.1,22365.95,09:55:00,22380.09306774127,1,9
2024-03-05,22340.4,22347.05,22326.15,22347.05,10:00:00,22376.31277557544,1,10
2024-03-05,22326.4,22343.8,22326.2,22340.75,10:05:00,22371.559177901585,1,11
2024-03-05,22333.15,22336.15,22324.7,22325.85,10:10:00,22367.901160958576,1,12
2024-03-05,22311.3,22332.35,22303.8,22332.25,10:15:00,22362.51057420062,1,13
2024-03-05,22293.5,22311.15,22278.8,22310.8,10:20:00,22355.938138562466,1,14
2024-03-05,22300.4,22301.8,22285.5,22293.95,10:25:00,22350.648792032705,1,15
2024-03-05,22288.6,22303.75,22286.2,22300.65,10:30:00,22344.739383267686,1,16
2024-03-05,22301.8,22302.3,22279.6,22288.7,10:35:00,22340.649918194573,1,17
2024-03-05,22306.8,22312.1,22301.6,22302.15,10:40:00,22337.42611646176,1,18
2024-03-05,22299.3,22308.35,22295.5,22307.5,10:45:00,22333.795057751115,1,19
2024-03-05,22300.35,22301.85,22293.75,22299.8,10:50:00,22330.60981415577,1,20
2024-03-05,22314.95,22315.35,22294.7,22299.8,10:55:00,22329.118403283792,1,21
2024-03-05,22298.4,22315.9,22296.15,22314.4,11:00:00,22326.192841066288,1,22
2024-03-05,22289.8,22298.0,22285.15,22298.0,11:05:00,22322.72685620283,1,23
2024-03-05,22288.65,22296.25,22285.55,22289.9,11:10:00,22319.48144132637,1,24
2024-03-05,22283.0,22288.95,22269.95,22288.95,11:15:00,22316.00701834291,1,25
2024-03-05,22279.9,22289.8,22273.95,22282.75,11:20:00,22312.568254691207,1,26
2024-03-05,22295.05,22295.95,22273.25,22279.25,11:25:00,22310.89984948252,1,27
2024-03-05,22302.55,22302.95,22293.8,22295.1,11:30:00,22310.10462572228,1,28
2024-03-05,22306.0,22309.4,22300.95,22302.35,11:35:00,22309.713708986827,1,29
2024-03-05,22324.7,22328.45,22304.25,22305.8,11:40:00,22311.140974797607,1,30
2024-03-05,22326.15,22330.5,22317.35,22324.75,11:45:00,22312.570405769264,1,31
2024-03-05,22343.35,22343.35,22322.5,22326.4,11:50:00,22315.501795696,1,32
2024-03-05,22339.7,22346.35,22333.8,22343.15,11:55:00,22317.80638658209,1,33
2024-03-05,22345.4,22347.0,22334.2,22339.9,12:00:00,22320.43434976475,1,34
2024-03-05,22350.3,22351.85,22336.35,22345.15,12:05:00,22323.2786974062,1,35
2024-03-05,22340.6,22352.9,22337.4,22349.65,12:10:00,22324.92834527228,1,36
2024-03-05,22337.7,22340.75,22330.05,22339.5,12:15:00,22326.144693341583,1,37
2024-03-05,22323.15,22342.4,22322.0,22337.65,12:20:00,22325.85948445191,1,38
2024-03-05,22314.95,22330.7,22314.4,22323.75,12:25:00,22324.82048593268,1,39
2024-03-05,22317.35,22321.65,22311.55,22315.05,12:30:00,22324.10901108195,1,40
2024-03-05,22332.0,22332.1,22315.4,22317.75,12:35:00,22324.860533836047,1,41
2024-03-05,22332.85,22333.3,22323.8,22331.3,12:40:00,22325.62143537548,1,42
2024-03-05,22342.65,22345.3,22327.9,22333.55,12:45:00,22327.243203434955,1,43
2024-03-05,22387.4,22387.85,22342.6,22342.6,12:50:00,22332.972422155435,1,44
2024-03-05,22402.7,22402.95,22383.85,22388.1,12:55:00,22339.61314385492,1,45
2024-03-05,22388.35,22415.6,22385.15,22403.1,13:00:00,22344.254749202068,1,46
2024-03-05,22383.95,22394.0,22380.7,22387.8,13:05:00,22348.035249278066,1,47
2024-03-05,22391.55,22391.9,22379.55,22384.35,13:10:00,22352.17951125158,1,48
2024-03-05,22380.65,22395.2,22377.15,22391.25,13:15:00,22354.89098637048,1,49
2024-03-05,22392.7,22394.45,22376.5,22379.8,13:20:00,22358.491844811386,1,50
2024-03-05,22398.85,22406.3,22392.1,22392.6,13:25:00,22362.33547863887,1,51
2024-03-05,22401.05,22401.85,22392.35,22399.2,13:30:00,22366.02257591136,1,52
2024-03-05,22397.4,22406.7,22392.8,22402.0,13:35:00,22369.01090201504,1,53
2024-03-05,22382.5,22399.7,22381.95,22397.4,13:40:00,22370.295578013607,1,54
2024-03-05,22368.95,22388.05,22367.75,22382.25,13:45:00,22370.1674277266,1,55
2024-03-05,22356.55,22369.25,22340.0,22369.25,13:50:00,22368.87052984788,1,56
2024-03-05,22369.35,22369.65,22351.65,22356.5,13:55:00,22368.91619367189,1,57
2024-03-05,22356.25,22375.55,22355.1,22368.95,14:00:00,22367.709889512666,1,58
2024-03-05,22360.75,22364.0,22348.85,22355.35,14:05:00,22367.04704289241,1,59
2024-03-05,22355.05,22367.7,22347.45,22360.9,14:10:00,22365.904467378845,1,60
2024-03-05,22358.85,22364.4,22351.55,22355.5,14:15:00,22365.232613342767,1,61
2024-03-05,22376.25,22381.65,22359.4,22359.4,14:20:00,22366.281888262503,1,62
2024-03-05,22346.35,22378.05,22346.3,22375.8,14:25:00,22364.38361318989,1,63
2024-03-05,22365.7,22367.05,22347.05,22347.55,14:30:00,22364.50898336228,1,64
2024-03-05,22373.35,22375.55,22358.05,22364.6,14:35:00,22365.35098494682,1,65
2024-03-05,22373.4,22384.05,22371.25,22373.05,14:40:00,22366.11755780903,1,66
2024-03-05,22373.85,22376.9,22364.55,22372.7,14:45:00,22366.85398087484,1,67
2024-03-05,22366.3,22382.1,22366.0,22372.9,14:50:00,22366.80122079152,1,68
2024-03-05,22370.1,22379.25,22362.2,22366.2,14:55:00,22367.115390239946,1,69
2024-03-05,22364.9,22376.8,22359.95,22369.7,15:00:00,22366.90440069328,1,70
2024-03-05,22348.8,22364.05,22341.95,22363.75,15:05:00,22365.18017205583,1,71
2024-03-05,22353.65,22359.6,22348.15,22348.35,15:10:00,22364.082060431465,1,72
2024-03-05,22346.8,22360.15,22346.75,22353.55,15:15:00,22362.43614991418,1,73
2024-03-05,22358.9,22358.9,22340.6,22346.9,15:20:00,22362.09937373188,1,74
2024-03-05,22358.5,22362.6,22345.05,22357.8,15:25:00,22361.7565762336,1,75
2024-03-06,22302.9,22349.35,22294.1,22327.5,09:15:00,22353.199374195763,2,1
2024-03-06,22325.15,22330.3,22298.15,22302.65,09:20:00,22350.52800522474,2,2
2024-03-06,22327.65,22341.2,22321.8,22324.65,09:25:00,22348.34914758429,2,3
2024-03-06,22324.15,22335.7,22290.1,22328.25,09:30:00,22346.04446686197,2,4
2024-03-06,22314.35,22325.05,22292.85,22324.0,09:35:00,22343.02594620845,2,5
2024-03-06,22363.9,22365.3,22305.25,22318.0,09:40:00,22345.01395133146,2,6
2024-03-06,22332.35,22367.8,22332.35,22365.05,09:45:00,22343.807860728462,2,7
2024-03-06,22310.1,22350.95,22310.0,22333.1,09:50:00,22340.59758827813,2,8
2024-03-06,22282.25,22319.8,22281.0,22310.0,09:55:00,22335.040675108787,2,9
2024-03-06,22275.65,22281.75,22251.65,22281.75,10:00:00,22329.38442033652,2,10
2024-03-06,22294.9,22315.55,22257.25,22276.8,10:05:00,22326.10018982828,2,11
2024-03-06,22315.0,22324.2,22293.2,22294.65,10:10:00,22325.04302889225,2,12
2024-03-06,22332.6,22352.8,22309.25,22315.45,10:15:00,22325.76274042633,2,13
2024-03-06,22309.85,22334.55,22299.95,22333.75,10:20:00,22324.247241338104,2,14
2024-03-06,22286.5,22309.6,22277.55,22309.6,10:25:00,22320.65226597257,2,15
2024-03-06,22300.4,22306.1,22274.45,22285.9,10:30:00,22318.723478737087,2,16
2024-03-06,22286.2,22303.65,22281.6,22300.05,10:35:00,22315.62600457165,2,17
2024-03-06,22311.1,22314.3,22279.15,22285.9,10:40:00,22315.194956517207,2,18
2024-03-06,22291.25,22311.7,22284.2,22311.7,10:45:00,22312.91448446795,2,19
2024-03-06,22281.85,22303.25,22275.85,22291.8,10:50:00,22309.95596213767,2,20
2024-03-06,22281.4,22287.65,22267.15,22280.5,10:55:00,22307.236346695987,2,21
2024-03-06,22297.5,22310.75,22280.9,22280.9,11:00:00,22306.30907558208,2,22
2024-03-06,22267.9,22298.5,22260.2,22296.65,11:05:00,22302.651068383788,2,23
2024-03-06,22273.25,22277.0,22265.35,22267.0,11:10:00,22299.850966632952,2,24
2024-03-06,22272.15,22277.55,22262.25,22274.75,11:15:00,22297.21277933457,2,25
2024-03-06,22272.75,22279.6,22265.95,22271.25,11:20:00,22294.88299082652,2,26
2024-03-06,22302.05,22302.2,22266.85,22272.55,11:25:00,22295.56556312876,2,27
2024-03-06,22261.0,22301.45,22260.85,22301.45,11:30:00,22292.273604735543,2,28
2024-03-06,22234.9,22268.95,22234.9,22261.65,11:35:00,22286.809451903588,2,29
2024-03-06,22247.65,22251.75,22226.75,22234.95,11:40:00,22283.07998029372,2,30
2024-03-06,22254.4,22256.0,22236.9,22247.3,11:45:00,22280.348553599084,2,31
2024-03-06,22256.9,22266.75,22248.4,22254.65,11:50:00,22278.11535801821,2,32
2024-03-06,22249.75,22259.1,22245.4,22255.6,11:55:00,22275.41389534981,2,33
2024-03-06,22230.2,22250.05,22225.65,22249.8,12:00:00,22271.107810078407,2,34
2024-03-06,22229.9,22242.65,22229.35,22229.5,12:05:00,22267.183256737604,2,35
2024-03-06,22259.2,22259.95,22229.45,22229.95,12:10:00,22266.42294657212,2,36
2024-03-06,22251.5,22260.05,22236.35,22260.05,12:15:00,22265.00171356525,2,37
2024-03-06,22258.4,22261.15,22243.3,22250.85,12:20:00,22264.372978939988,2,38
2024-03-06,22269.1,22271.15,22252.8,22258.8,12:25:00,22264.823171421893,2,39
2024-03-06,22274.3,22276.75,22267.9,22269.3,12:30:00,22265.725726524568,2,40
2024-03-06,22291.6,22298.35,22271.2,22274.2,12:35:00,22268.18994304604,2,41
2024-03-06,22280.4,22301.25,22272.9,22291.65,12:40:00,22269.35280561308,2,42
2024-03-06,22277.45,22280.95,22266.75,22280.15,12:45:00,22270.123966983265,2,43
2024-03-06,22272.3,22286.5,22272.3,22277.25,12:50:00,22270.33120822296,2,44
2024-03-06,22274.35,22279.6,22271.75,22271.75,12:55:00,22270.71395029696,2,45
2024-03-06,22265.2,22280.5,22262.65,22272.9,13:00:00,22270.18881217344,2,46
2024-03-06,22289.2,22289.7,22265.45,22266.3,13:05:00,22271.99940149025,2,47
2024-03-06,22298.0,22300.1,22285.05,22289.25,13:10:00,22274.475648967367,2,48
2024-03-06,22285.0,22299.7,22281.35,22297.85,13:15:00,22275.47796811333,2,49
2024-03-06,22285.95,22299.0,22281.55,22284.95,13:20:00,22276.47530448349,2,50
2024-03-06,22287.4,22294.6,22281.6,22286.05,13:25:00,22277.515751675543,2,51
2024-03-06,22282.55,22288.8,22273.35,22287.8,13:30:00,22277.99520389692,2,52
2024-03-06,22307.3,22310.35,22281.95,22283.4,13:35:00,22280.78613685912,2,53
2024-03-06,22327.0,22338.05,22308.25,22308.25,13:40:00,22285.18745715825,2,54
2024-03-06,22339.15,22354.3,22327.4,22327.75,13:45:00,22290.326746952705,2,55
2024-03-06,22376.15,22387.55,22339.05,22339.1,13:50:00,22298.500390100067,2,56
2024-03-06,22381.15,22384.3,22362.55,22376.95,13:55:00,22306.37178151911,2,57
2024-03-06,22383.35,22391.95,22372.5,22382.2,14:00:00,22313.70304042205,2,58
2024-03-06,22389.0,22405.85,22382.65,22384.25,14:05:00,22320.87417942948,2,59
2024-03-06,22403.45,22412.2,22390.2,22390.2,14:10:00,22328.738543293333,2,60
2024-03-06,22400.75,22411.45,22392.15,22404.35,14:15:00,22335.5967772654,2,61
2024-03-06,22408.2,22421.65,22393.7,22400.95,14:20:00,22342.511369906788,2,62
2024-03-06,22413.8,22416.4,22397.45,22408.75,14:25:00,22349.300763249,2,63
2024-03-06,22443.25,22446.15,22409.4,22415.2,14:30:00,22358.248309606235,2,64
2024-03-06,22454.45,22459.7,22435.1,22443.5,14:35:00,22367.410375358024,2,65
2024-03-06,22464.55,22473.25,22453.9,22455.2,14:40:00,22376.66176818107,2,66
2024-03-06,22458.05,22468.0,22452.25,22464.7,14:45:00,22384.4130283543,2,67
2024-03-06,22438.95,22462.45,22436.65,22458.1,14:50:00,22389.60702565389,2,68
2024-03-06,22434.6,22448.4,22430.65,22439.75,14:55:00,22393.89207082971,2,69
2024-03-06,22469.2,22471.1,22433.9,22433.9,15:00:00,22401.064254560213,2,70
2024-03-06,22475.1,22482.05,22465.05,22469.75,15:05:00,22408.11527793543,2,71
2024-03-06,22473.3,22475.95,22459.55,22474.95,15:10:00,22414.323346703484,2,72
2024-03-06,22471.4,22490.05,22468.9,22472.5,15:15:00,22419.759218446008,2,73
2024-03-06,22481.7,22488.1,22466.75,22472.15,15:20:00,22425.65834049877,2,74
2024-03-06,22480.05,22493.0,22476.5,22481.7,15:25:00,22430.838498546505,2,75
2024-03-07,22501.75,22514.85,22485.3,22505.3,09:15:00,22444.00815867412,3,1
2024-03-07,22489.1,22502.6,22474.25,22502.6,09:20:00,22448.302619752776,3,2
2024-03-07,22482.85,22497.8,22480.55,22488.6,09:25:00,22451.59284644299,3,3
2024-03-07,22482.65,22495.8,22458.95,22482.9,09:30:00,22454.55067059128,3,4
2024-03-07,22471.1,22489.75,22469.85,22484.5,09:35:00,22456.126797201632,3,5
2024-03-07,22473.35,22477.3,22450.7,22471.1,09:40:00,22457.76710223005,3,6
2024-03-07,22468.0,22484.7,22463.4,22472.95,09:45:00,22458.74166392242,3,7
2024-03-07,22455.55,22478.1,22453.35,22468.95,09:50:00,22458.43769592981,3,8
2024-03-07,22471.85,22473.45,22451.15,22456.05,09:55:00,22459.71505822221,3,9
2024-03-07,22490.6,22496.7,22466.4,22472.25,10:00:00,22462.656481248665,3,10
2024-03-07,22487.2,22502.6,22483.6,22490.6,10:05:00,22464.99395922498,3,11
2024-03-07,22486.95,22498.65,22485.85,22487.2,10:10:00,22467.085010727365,3,12
2024-03-07,22484.4,22486.95,22473.15,22486.95,10:15:00,22468.73405732476,3,13
2024-03-07,22488.6,22494.0,22472.05,22484.0,10:20:00,22470.626051865256,3,14
2024-03-07,22483.1,22495.1,22469.4,22488.3,10:25:00,22471.81404692571,3,15
2024-03-07,22480.25,22490.55,22479.45,22484.65,10:30:00,22472.61747102802,3,16
2024-03-07,22479.45,22483.3,22473.3,22481.0,10:35:00,22473.26818807297,3,17
2024-03-07,22443.8,22483.25,22441.7,22478.0,10:40:00,22470.461693970785,3,18
2024-03-07,22454.5,22460.0,22431.1,22442.35,10:45:00,22468.94153264024,3,19
2024-03-07,22460.55,22464.65,22448.35,22455.05,10:50:00,22468.14233905545,3,20
2024-03-07,22459.75,22467.75,22456.1,22460.6,10:55:00,22467.34306866921,3,21
2024-03-07,22504.5,22521.3,22450.85,22460.0,11:00:00,22470.88182403405,3,22
2024-03-07,22496.25,22507.7,22492.25,22505.25,11:05:00,22473.297840792715,3,23
2024-03-07,22498.65,22503.45,22493.9,22496.65,11:10:00,22475.71233214579,3,24
2024-03-07,22493.9,22498.05,22490.4,22498.0,11:15:00,22477.444490989048,3,25
2024-03-07,22493.7,22499.55,22493.1,22494.6,11:20:00,22478.992634704377,3,26
2024-03-07,22495.0,22501.85,22491.05,22493.2,11:25:00,22480.51714568492,3,27
2024-03-07,22500.55,22504.05,22492.0,22495.45,11:30:00,22482.425036572065,3,28
2024-03-07,22500.85,22508.15,22498.55,22500.55,11:35:00,22484.17979499377,3,29
2024-03-07,22480.75,22501.05,22470.05,22501.05,11:40:00,22483.85314785151,3,30
2024-03-07,22479.7,22488.15,22478.65,22481.6,11:45:00,22483.457609960893,3,31
2024-03-07,22489.9,22490.75,22478.55,22479.25,11:50:00,22484.071170917,3,32
2024-03-07,22490.2,22496.6,22489.15,22489.95,11:55:00,22484.654868924907,3,33
2024-03-07,22490.45,22493.55,22485.1,22490.3,12:00:00,22485.206786170154,3,34
2024-03-07,22486.15,22494.0,22483.55,22490.4,12:05:00,22485.29661605871,3,35
2024-03-07,22486.6,22495.5,22482.9,22485.95,12:10:00,22485.42074786264,3,36
2024-03-07,22491.1,22492.0,22481.8,22487.25,12:15:00,22485.96162901858,3,37
2024-03-07,22487.3,22495.35,22483.65,22491.25,12:20:00,22486.08909292157,3,38
2024-03-07,22479.7,22491.85,22474.45,22486.45,12:25:00,22485.480607881425,3,39
2024-03-07,22481.4,22484.35,22472.6,22478.2,12:30:00,22485.091978559383,3,40
2024-03-07,22493.3,22498.5,22476.75,22480.75,12:35:00,22485.87369488706,3,41
2024-03-07,22496.35,22497.95,22489.65,22492.4,12:40:00,22486.871438231152,3,42
2024-03-07,22498.8,22499.35,22490.8,22496.0,12:45:00,22488.007491732948,3,43
2024-03-07,22495.65,22504.1,22492.1,22499.95,12:50:00,22488.735349663144,3,44
2024-03-07,22500.85,22503.3,22493.55,22495.45,12:55:00,22489.889125885704,3,45
2024-03-07,22512.05,22515.0,22497.3,22501.55,13:00:00,22491.99968532516,3,46
2024-03-07,22508.15,22517.65,22499.85,22512.6,13:05:00,22493.53781053229,3,47
2024-03-07,22509.15,22512.55,22502.2,22507.95,13:10:00,22495.02468571969,3,48
2024-03-07,22501.1,22515.05,22499.25,22507.8,13:15:00,22495.60328707972,3,49
2024-03-07,22496.45,22505.85,22493.95,22500.6,13:20:00,22495.68392640546,3,50
2024-03-07,22501.9,22503.55,22491.3,22495.3,13:25:00,22496.275933414465,3,51
2024-03-07,22504.8,22509.9,22500.65,22501.8,13:30:00,22497.08774927975,3,52
2024-03-07,22506.55,22514.95,22503.9,22504.2,13:35:00,22497.98891601501,3,53
2024-03-07,22509.55,22511.1,22502.2,22506.65,13:40:00,22499.08997163263,3,54
2024-03-07,22509.85,22515.5,22501.3,22509.75,13:45:00,22500.114736239047,3,55
2024-03-07,22514.4,22516.15,22505.85,22510.3,13:50:00,22501.475237549614,3,56
2024-03-07,22513.1,22524.0,22506.9,22515.1,13:55:00,22502.582357782983,3,57
2024-03-07,22498.85,22516.5,22485.05,22514.35,14:00:00,22502.226895136984,3,58
2024-03-07,22497.7,22502.15,22491.85,22499.75,14:05:00,22501.7957622668,3,59
2024-03-07,22499.2,22508.35,22496.5,22498.0,14:10:00,22501.548546812817,3,60
2024-03-07,22508.45,22511.95,22493.85,22498.85,14:15:00,22502.20582806874,3,61
2024-03-07,22511.65,22513.55,22504.8,22508.35,14:20:00,22503.10527301457,3,62
2024-03-07,22516.0,22517.75,22509.45,22511.1,14:25:00,22504.33334225128,3,63
2024-03-07,22507.0,22522.05,22506.15,22516.6,14:30:00,22504.58730965592,3,64
2024-03-07,22507.55,22511.0,22503.9,22506.7,14:35:00,22504.869470641068,3,65
2024-03-07,22487.45,22510.65,22482.85,22507.9,14:40:00,22503.21047343716,3,66
2024-03-07,22498.3,22500.3,22483.95,22486.65,14:45:00,22502.742809300285,3,67
2024-03-07,22490.0,22503.55,22487.55,22498.3,14:50:00,22501.529208414544,3,68
2024-03-07,22500.85,22502.65,22485.25,22488.95,14:55:00,22501.46452189888,3,69
2024-03-07,22514.1,22517.2,22475.7,22500.7,15:00:00,22502.66790076565,3,70
2024-03-07,22503.45,22516.25,22483.1,22513.8,15:05:00,22502.74238640702,3,71
2024-03-07,22500.75,22509.7,22482.5,22503.5,15:10:00,22502.55263532064,3,72
2024-03-07,22489.55,22504.9,22488.85,22501.1,15:15:00,22501.314289099624,3,73
2024-03-07,22483.1,22494.2,22464.5,22489.1,15:20:00,22499.57959489966,3,74
2024-03-07,22483.5,22490.9,22475.6,22484.8,15:25:00,22498.048204909217,3,75
2024-03-11,22497.7,22517.5,22464.3,22517.5,09:15:00,22499.69116093476,0,1
2024-03-11,22480.4,22498.45,22471.9,22496.5,09:20:00,22497.853907512403,0,2
2024-03-11,22488.95,22501.6,22476.1,22482.3,09:25:00,22497.005916320744,0,3
2024-03-11,22480.7,22497.55,22480.7,22487.65,09:30:00,22495.45297190925,0,4
2024-03-11,22471.35,22481.5,22467.85,22481.5,09:35:00,22493.15745077504,0,5
2024-03-11,22474.05,22474.45,22459.2,22471.15,09:40:00,22491.33769355837,0,6
2024-03-11,22480.75,22484.0,22470.7,22474.8,09:45:00,22490.3293417909,0,7
2024-03-11,22483.5,22485.85,22469.05,22479.9,09:50:00,22489.678928287005,0,8
2024-03-11,22465.45,22483.5,22464.65,22483.5,09:55:00,22487.37141130729,0,9
2024-03-11,22452.3,22468.55,22448.55,22464.95,10:00:00,22484.03127689707,0,10
2024-03-11,22459.6,22463.05,22451.75,22452.7,10:05:00,22481.70448862116,0,11
2024-03-11,22431.7,22459.75,22430.2,22459.75,10:10:00,22476.94215637152,0,12
2024-03-11,22454.35,22454.55,22425.15,22430.85,10:15:00,22474.790522431376,0,13
2024-03-11,22455.5,22460.9,22447.5,22453.9,10:20:00,22472.95332981886,0,14
2024-03-11,22448.95,22461.7,22447.7,22455.65,10:25:00,22470.66729840754,0,15
2024-03-11,22445.15,22453.45,22443.7,22449.3,10:30:00,22468.237079511586,0,16
2024-03-11,22446.05,22451.7,22439.8,22445.5,10:35:00,22466.124024320008,0,17
2024-03-11,22437.4,22450.95,22436.65,22445.6,10:40:00,22463.3884029562,0,18
2024-03-11,22415.65,22437.2,22413.95,22436.8,10:45:00,22458.841888388943,0,19
2024-03-11,22440.85,22441.25,22411.85,22414.9,10:50:00,22457.12837520904,0,20
2024-03-11,22446.3,22446.3,22433.7,22441.7,10:55:00,22456.09710137961,0,21
2024-03-11,22431.05,22445.9,22428.3,22445.35,11:00:00,22453.711663152983,0,22
2024-03-11,22425.45,22434.5,22422.25,22430.8,11:05:00,22451.020076186032,0,23
2024-03-11,22417.25,22428.35,22416.5,22425.3,11:10:00,22447.80387845403,0,24
2024-03-11,22422.35,22422.7,22412.55,22416.55,11:15:00,22445.379699553647,0,25
2024-03-11,22412.25,22424.5,22412.05,22422.85,11:20:00,22442.22449007235,0,26
2024-03-11,22415.6,22419.55,22395.9,22412.6,11:25:00,22439.68882435117,0,27
2024-03-11,22436.05,22437.3,22413.9,22415.7,11:30:00,22439.34226965106,0,28
2024-03-11,22431.45,22439.45,22429.15,22435.05,11:35:00,22438.590624922388,0,29
2024-03-11,22420.55,22433.45,22420.55,22431.0,11:40:00,22436.87247016788,0,30
2024-03-11,22414.45,22424.35,22412.95,22420.55,11:45:00,22434.736996818552,0,31
2024-03-11,22392.15,22419.3,22388.7,22413.6,11:50:00,22430.68109235964,0,32
2024-03-11,22405.6,22406.8,22384.9,22390.8,11:55:00,22428.292416896817,0,33
2024-03-11,22398.7,22406.3,22387.8,22404.35,12:00:00,22425.47409147808,0,34
2024-03-11,22389.6,22404.55,22389.15,22398.1,12:05:00,22422.057511337305,0,35
2024-03-11,22373.55,22392.4,22367.65,22389.2,12:10:00,22417.4377483528,0,36
2024-03-11,22387.15,22387.6,22369.55,22373.05,12:15:00,22414.55320089063,0,37
2024-03-11,22382.0,22391.45,22373.95,22387.3,12:20:00,22411.452896043906,0,38
2024-03-11,22381.85,22392.15,22379.4,22381.65,12:25:00,22408.63357261115,0,39
2024-03-11,22397.0,22397.85,22378.2,22381.9,12:30:00,22407.52561331485,0,40
2024-03-11,22418.0,22421.55,22395.9,22397.1,12:35:00,22408.52317395153,0,41
2024-03-11,22411.2,22418.5,22406.65,22417.5,12:40:00,22408.77810976567,0,42
2024-03-11,22407.15,22415.35,22405.2,22411.7,12:45:00,22408.62305169275,0,43
2024-03-11,22415.1,22416.55,22403.3,22407.05,12:50:00,22409.239903912487,0,44
2024-03-11,22410.05,22423.1,22406.8,22415.05,12:55:00,22409.31705592082,0,45
2024-03-11,22405.2,22413.6,22404.25,22410.3,13:00:00,22408.92495535693,0,46
2024-03-11,22402.65,22405.8,22393.85,22404.3,13:05:00,22408.32734056103,0,47
2024-03-11,22392.95,22402.75,22389.3,22402.15,13:10:00,22406.86283193617,0,48
2024-03-11,22397.5,22398.45,22385.85,22393.5,13:15:00,22405.97113365653,0,49
2024-03-11,22413.15,22413.25,22397.55,22397.7,13:20:00,22406.65483521305,0,50
2024-03-11,22419.5,22420.5,22408.0,22413.55,13:25:00,22407.87818424038,0,51
2024-03-11,22410.45,22426.05,22410.0,22419.75,13:30:00,22408.12311907463,0,52
2024-03-11,22400.2,22415.3,22396.9,22410.6,13:35:00,22407.368536305617,0,53
2024-03-11,22399.7,22407.95,22397.15,22399.3,13:40:00,22406.638199514604,0,54
2024-03-11,22408.15,22408.85,22395.8,22399.35,13:45:00,22406.78218051321,0,55
2024-03-11,22417.4,22418.75,22407.75,22407.75,13:50:00,22407.793401416715,0,56
2024-03-11,22405.75,22419.75,22403.65,22417.55,13:55:00,22407.598791757977,0,57
2024-03-11,22403.8,22408.0,22397.1,22404.55,14:00:00,22407.23700206674,0,58
2024-03-11,22393.8,22405.4,22393.0,22403.45,14:05:00,22405.957287584195,0,59
2024-03-11,22376.05,22395.2,22375.75,22392.7,14:10:00,22403.108974480936,0,60
2024-03-11,22375.65,22385.5,22367.95,22376.1,14:15:00,22400.49383405418,0,61
2024-03-11,22343.65,22376.8,22343.3,22375.45,14:20:00,22395.08013557284,0,62
2024-03-11,22364.4,22368.8,22344.15,22344.2,14:25:00,22392.158217899232,0,63
2024-03-11,22385.4,22387.75,22364.4,22364.4,14:30:00,22391.514578099308,0,64
2024-03-11,22386.25,22391.5,22379.35,22385.95,14:35:00,22391.013189708898,0,65
2024-03-11,22390.35,22395.85,22379.7,22388.65,14:40:00,22390.95002878424,0,66
2024-03-11,22398.85,22404.65,22388.3,22388.3,14:45:00,22391.702406995268,0,67
2024-03-11,22400.3,22406.6,22391.85,22399.4,14:50:00,22392.52122537667,0,68
2024-03-11,22398.85,22402.3,22392.0,22400.25,14:55:00,22393.123965816987,0,69
2024-03-11,22363.6,22408.65,22359.4,22399.25,15:00:00,22390.312159548703,0,70
2024-03-11,22337.1,22362.9,22335.8,22361.8,15:05:00,22385.24433482978,0,71
2024-03-11,22323.7,22336.85,22309.25,22336.85,15:10:00,22379.382969607894,0,72
2024-03-11,22318.0,22322.3,22308.25,22322.2,15:15:00,22373.53697250238,0,73
2024-03-11,22320.5,22325.85,22317.0,22317.0,15:20:00,22368.485832264058,0,74
2024-03-11,22319.85,22337.4,22314.95,22319.4,15:25:00,22363.85384823891,0,75
2024-03-12,22369.3,22369.35,22320.95,22334.45,09:15:00,22361.8388644314,1,1
2024-03-12,22351.55,22369.2,22341.35,22369.2,09:20:00,22360.858972580787,1,2
2024-03-12,22331.05,22356.55,22329.3,22352.55,09:25:00,22358.02002281119,1,3
2024-03-12,22392.8,22392.8,22315.5,22331.55,09:30:00,22361.33240159108,1,4
2024-03-12,22424.85,22432.95,22388.4,22392.2,09:35:00,22367.381696677643,1,5
2024-03-12,22428.55,22430.9,22405.85,22425.35,09:40:00,22373.20724937501,1,6
2024-03-12,22426.55,22433.4,22412.1,22429.0,09:45:00,22378.28751133929,1,7
2024-03-12,22400.7,22434.55,22400.7,22427.95,09:50:00,22380.422034068884,1,8
2024-03-12,22424.8,22428.2,22398.2,22400.65,09:55:00,22384.648507014703,1,9
2024-03-12,22444.25,22449.7,22423.7,22424.7,10:00:00,22390.32483967997,1,10
2024-03-12,22440.15,22447.45,22431.4,22444.7,10:05:00,22395.070093043785,1,11
2024-03-12,22437.75,22439.95,22426.75,22439.95,10:10:00,22399.13484608724,1,12
2024-03-12,22445.55,22451.25,22439.25,22439.4,10:15:00,22403.55533693607,1,13
2024-03-12,22445.5,22445.95,22431.65,22445.5,10:20:00,22407.550066751686,1,14
2024-03-12,22434.75,22446.4,22431.95,22446.1,10:25:00,22410.140536584862,1,15
2024-03-12,22411.5,22436.95,22396.1,22434.45,10:30:00,22410.270009291067,1,16
2024-03-12,22412.6,22414.1,22398.65,22411.15,10:35:00,22410.49191316811,1,17
2024-03-12,22348.6,22422.6,22347.9,22412.8,10:40:00,22404.59744524734,1,18
2024-03-12,22298.75,22350.55,22256.75,22350.55,10:45:00,22394.516736176163,1,19
2024-03-12,22302.05,22302.05,22277.7,22300.25,10:50:00,22385.71038034986,1,20
2024-03-12,22335.25,22373.75,22298.05,22302.65,10:55:00,22380.904629840352,1,21
2024-03-12,22359.7,22365.5,22325.85,22335.0,11:00:00,22378.88514128413,1,22
2024-03-12,22357.05,22378.55,22352.45,22359.65,11:05:00,22376.805604018973,1,23
2024-03-12,22361.05,22364.05,22346.35,22356.5,11:10:00,22375.30507030288,1,24
2024-03-12,22366.1,22375.5,22354.45,22362.15,11:15:00,22374.428396940697,1,25
2024-03-12,22371.1,22376.65,22347.75,22367.45,11:20:00,22374.111406755863,1,26
2024-03-12,22353.35,22371.6,22346.55,22371.6,11:25:00,22372.13412992197,1,27
2024-03-12,22331.4,22358.1,22327.95,22353.45,11:30:00,22368.25468897702,1,28
2024-03-12,22343.7,22352.2,22329.95,22332.7,11:35:00,22365.91614716969,1,29
2024-03-12,22324.6,22344.5,22323.85,22343.9,11:40:00,22361.981276010665,1,30
2024-03-12,22328.0,22343.0,22323.85,22325.6,11:45:00,22358.74496400965,1,31
2024-03-12,22344.0,22346.35,22325.2,22328.3,11:50:00,22357.340681723017,1,32
2024-03-12,22325.75,22344.35,22321.25,22343.5,11:55:00,22354.332045368443,1,33
2024-03-12,22321.1,22331.6,22313.8,22324.7,12:00:00,22351.167088666687,1,34
2024-03-12,22344.95,22344.95,22320.85,22320.85,12:05:00,22350.574984984145,1,35
2024-03-12,22359.55,22392.4,22349.0,22349.0,12:10:00,22351.429748318988,1,36
2024-03-12,22372.95,22379.35,22358.55,22359.85,12:15:00,22353.47929609813,1,37
2024-03-12,22367.8,22378.7,22364.4,22375.2,12:20:00,22354.84317266021,1,38
2024-03-12,22382.55,22384.25,22366.7,22368.05,12:25:00,22357.481918121142,1,39
2024-03-12,22381.65,22384.95,22369.1,22383.3,12:30:00,22359.783640204845,1,40
2024-03-12,22369.55,22385.95,22368.25,22381.4,12:35:00,22360.713769709146,1,41
2024-03-12,22380.15,22380.15,22365.9,22370.3,12:40:00,22362.564839260656,1,42
2024-03-12,22367.6,22379.9,22366.9,22378.85,12:45:00,22363.04437837869,1,43
2024-03-12,22368.65,22372.4,22360.05,22368.1,12:50:00,22363.578247104528,1,44
2024-03-12,22347.65,22374.95,22343.8,22367.6,12:55:00,22362.06127118981,1,45
2024-03-12,22341.3,22353.9,22340.5,22348.3,13:00:00,22360.08400726697,1,46
2024-03-12,22356.25,22361.35,22335.0,22340.95,13:05:00,22359.71886371773,1,47
2024-03-12,22378.9,22381.2,22352.9,22355.95,13:10:00,22361.54563860176,1,48
2024-03-12,22379.7,22383.45,22370.15,22379.2,13:15:00,22363.27462540159,1,49
2024-03-12,22376.0,22385.8,22373.0,22379.15,13:20:00,22364.486565839536,1,50
2024-03-12,22388.7,22391.45,22370.05,22376.1,13:25:00,22366.792607188152,1,51
2024-03-12,22387.05,22402.1,22386.45,22388.85,13:30:00,22368.72188269404,1,52
2024-03-12,22382.7,22390.5,22380.75,22386.8,13:35:00,22370.053131961275,1,53
2024-03-12,22384.75,22391.6,22378.45,22382.05,13:40:00,22371.45283367925,1,54
2024-03-12,22383.45,22395.85,22382.5,22384.1,13:45:00,22372.59542094789,1,55
2024-03-12,22380.95,22389.55,22376.7,22383.2,13:50:00,22373.39109514333,1,56
2024-03-12,22379.15,22392.35,22377.6,22380.9,13:55:00,22373.93956227254,1,57
2024-03-12,22391.15,22392.45,22376.6,22377.85,14:00:00,22375.578651579915,1,58
2024-03-12,22384.25,22398.1,22378.3,22390.8,14:05:00,22376.404494286588,1,59
2024-03-12,22369.45,22385.15,22365.15,22385.0,14:10:00,22375.74216149739,1,60
2024-03-12,22368.35,22381.4,22366.75,22368.5,14:15:00,22375.038146116687,1,61
2024-03-12,22349.1,22370.8,22342.85,22368.35,14:20:00,22372.567846486527,1,62
2024-03-12,22350.1,22352.05,22334.85,22350.4,14:25:00,22370.428051583047,1,63
2024-03-12,22319.55,22352.05,22305.6,22348.7,14:30:00,22365.58252286085,1,64
2024-03-12,22327.95,22329.8,22314.15,22317.6,14:35:00,22361.99847306458,1,65
2024-03-12,22321.05,22339.65,22312.55,22327.8,14:40:00,22358.098618487,1,66
2024-03-12,22331.4,22339.1,22318.15,22318.9,14:45:00,22355.55589291681,1,67
2024-03-12,22329.05,22338.25,22321.4,22329.95,14:50:00,22353.03152216283,1,68
2024-03-12,22319.6,22333.75,22314.85,22327.65,14:55:00,22349.84756767113,1,69
2024-03-12,22353.75,22363.2,22319.05,22319.05,15:00:00,22350.21922789293,1,70
2024-03-12,22343.75,22352.5,22335.05,22352.5,15:05:00,22349.603110950746,1,71
2024-03-12,22331.65,22342.55,22319.85,22342.55,15:10:00,22347.8932908602,1,72
2024-03-12,22333.2,22337.35,22325.05,22329.95,15:15:00,22346.49392982589,1,73
2024-03-12,22335.95,22338.35,22325.85,22332.95,15:20:00,22345.489746032952,1,74
2024-03-12,22332.7,22342.65,22331.1,22335.15,15:25:00,22344.2716749822,1,75
2024-03-13,22393.5,22439.7,22388.9,22432.2,09:15:00,22356.536677253003,2,1
2024-03-13,22376.7,22394.95,22371.65,22393.05,09:20:00,22358.4569937051,2,2
2024-03-13,22345.7,22379.5,22339.8,22376.05,09:25:00,22357.242041923662,2,3
2024-03-13,22336.05,22359.25,22324.3,22344.25,09:30:00,22355.223752216647,2,4
2024-03-13,22319.45,22353.75,22307.4,22335.15,09:35:00,22351.816728196016,2,5
2024-03-13,22342.25,22347.55,22314.85,22316.3,09:40:00,22350.905611224967,2,6
2024-03-13,22314.65,22343.0,22302.8,22343.0,09:45:00,22347.452695870208,2,7
2024-03-13,22298.05,22322.1,22293.05,22314.65,09:50:00,22342.747677215903,2,8
2024-03-13,22297.1,22302.75,22274.15,22298.2,09:55:00,22338.40027938582,2,9
2024-03-13,22275.25,22296.45,22261.45,22296.45,10:00:00,22332.38596706336,2,10
2024-03-13,22289.45,22301.05,22263.05,22274.9,10:05:00,22328.29682734304,2,11
2024-03-13,22336.15,22336.15,22282.8,22289.5,10:10:00,22329.044748548466,2,12
2024-03-13,22316.0,22344.15,22309.35,22334.5,10:15:00,22327.80239154385,2,13
2024-03-13,22302.3,22319.35,22290.4,22314.55,10:20:00,22325.3735923492,2,14
2024-03-13,22287.05,22304.75,22279.1,22300.5,10:25:00,22321.72372641118,2,15
2024-03-13,22293.55,22296.2,22280.45,22287.4,10:30:00,22319.04051437202,2,16
2024-03-13,22300.2,22308.6,22287.2,22293.05,10:35:00,22317.24617966992,2,17
2024-03-13,22311.05,22316.3,22285.8,22299.35,10:40:00,22316.656067320404,2,18
2024-03-13,22298.7,22317.3,22298.15,22312.3,10:45:00,22314.94596567084,2,19
2024-03-13,22284.7,22301.95,22273.1,22299.35,10:50:00,22312.06539751172,2,20
2024-03-13,22272.5,22284.1,22270.9,22284.1,10:55:00,22308.29726441536,2,21
2024-03-13,22246.1,22276.5,22242.5,22274.2,11:00:00,22302.373715423422,2,22
2024-03-13,22252.15,22252.65,22225.6,22245.8,11:05:00,22297.590504430715,2,23
2024-03-13,22239.0,22251.95,22229.25,22251.95,11:10:00,22292.010456389693,2,24
2024-03-13,22243.0,22245.6,22227.7,22239.8,11:15:00,22287.3427938764,2,25
2024-03-13,22196.35,22252.05,22193.75,22242.1,11:20:00,22278.676813507213,2,26
2024-03-13,22184.45,22205.5,22168.8,22194.95,11:25:00,22269.70283126843,2,27
2024-03-13,22166.0,22186.45,22144.55,22186.45,11:30:00,22259.82637114763,2,28
2024-03-13,22155.55,22172.75,22150.75,22166.85,11:35:00,22249.895288181186,2,29
2024-03-13,22142.9,22156.1,22122.95,22156.1,11:40:00,22239.70526073536,2,30
2024-03-13,22122.0,22149.05,22115.0,22141.75,11:45:00,22228.495235903418,2,31
2024-03-13,22120.5,22132.0,22096.65,22121.3,11:50:00,22218.20997534119,2,32
2024-03-13,22122.15,22122.15,22092.8,22119.05,11:55:00,22209.06140626108,2,33
2024-03-13,22119.45,22124.75,22107.45,22121.1,12:00:00,22200.52698661717,2,34
2024-03-13,22129.4,22138.55,22110.75,22117.45,12:05:00,22193.75298789172,2,35
2024-03-13,22080.2,22131.0,22076.25,22131.0,12:10:00,22182.938417616315,2,36
2024-03-13,22064.7,22097.05,22064.25,22080.7,12:15:00,22171.677615938574,2,37
2024-03-13,22052.65,22076.2,22047.25,22061.95,12:20:00,22160.341652515854,2,38
2024-03-13,22084.55,22087.85,22041.5,22052.4,12:25:00,22153.123399895296,2,39
2024-03-13,22100.45,22104.95,22054.55,22083.95,12:30:00,22148.106885619552,2,40
2024-03-13,22112.5,22112.65,22084.3,22099.1,12:35:00,22144.715753655782,2,41
2024-03-13,22095.0,22113.05,22083.1,22111.25,12:40:00,22139.98091997428,2,42
2024-03-13,22109.3,22109.4,22080.1,22093.3,12:45:00,22137.05892759577,2,43
2024-03-13,22095.8,22109.65,22079.85,22109.65,12:50:00,22133.129505919987,2,44
2024-03-13,22124.1,22124.1,22087.55,22095.35,12:55:00,22132.269552975227,2,45
2024-03-13,22115.9,22126.1,22108.3,22122.45,13:00:00,22130.710547929968,2,46
2024-03-13,22115.0,22125.2,22104.45,22116.15,13:05:00,22129.21430526997,2,47
2024-03-13,22109.55,22120.2,22094.05,22115.55,13:10:00,22127.34151429188,2,48
2024-03-13,22093.65,22110.0,22081.1,22108.65,13:15:00,22124.13279864504,2,49
2024-03-13,22076.4,22093.05,22057.9,22091.9,13:20:00,22119.586817821702,2,50
2024-03-13,22100.6,22100.75,22060.9,22076.15,13:25:00,22117.77854945773,2,51
2024-03-13,22087.35,22118.9,22074.45,22098.75,13:30:00,22114.88059236652,2,52
2024-03-13,22073.1,22091.75,22063.9,22087.15,13:35:00,22110.90148833161,2,53
2024-03-13,22067.05,22071.8,22053.25,22071.55,13:40:00,22106.725156109555,2,54
2024-03-13,22052.15,22067.0,22050.8,22067.0,13:45:00,22101.52752219436,2,55
2024-03-13,22028.4,22052.35,22017.65,22051.7,13:50:00,22094.56299627109,2,56
2024-03-13,22052.85,22064.35,22023.25,22028.05,13:55:00,22090.59032995956,2,57
2024-03-13,22056.4,22060.55,22034.65,22052.7,14:00:00,22087.334108058647,2,58
2024-03-13,22038.5,22056.8,22030.5,22056.6,14:05:00,22082.68324062449,2,59
2024-03-13,22004.2,22036.55,21998.55,22035.85,14:10:00,22075.2086462793,2,60
2024-03-13,21970.75,22002.1,21945.6,22001.7,14:15:00,22065.26020377651,2,61
2024-03-13,21959.7,21975.95,21956.2,21971.7,14:20:00,22055.20685103589,2,62
2024-03-13,21961.8,21998.15,21956.5,21959.25,14:25:00,22046.310960461044,2,63
2024-03-13,21942.3,21972.8,21938.2,21961.65,14:30:00,22036.40515470285,2,64
2024-03-13,21930.6,21952.65,21919.15,21941.5,14:35:00,22026.32847330258,2,65
2024-03-13,21934.05,21934.05,21905.75,21930.5,14:40:00,22017.540047273764,2,66
2024-03-13,21972.1,21975.45,21920.4,21932.45,14:45:00,22013.21242372388,2,67
2024-03-13,21958.3,21980.35,21956.55,21969.8,14:50:00,22007.98266908351,2,68
2024-03-13,21954.45,21957.3,21937.45,21957.3,14:55:00,22002.884319646982,2,69
2024-03-13,22009.1,22046.65,21953.85,21953.85,15:00:00,22003.476289204416,2,70
2024-03-13,22033.4,22041.4,22009.15,22009.15,15:05:00,22006.326166423045,2,71
2024-03-13,21969.85,22049.05,21969.3,22033.4,15:10:00,22002.85224581133,2,72
2024-03-13,21991.6,22010.95,21967.7,21969.9,15:15:00,22001.780603353105,2,73
2024-03-13,21974.45,21994.8,21972.0,21992.0,15:20:00,21999.17768874805,2,74
2024-03-13,21981.05,21989.8,21963.95,21972.35,15:25:00,21997.451242200616,2,75
2024-03-14,21929.95,21982.55,21920.05,21982.55,09:15:00,21989.73854520277,3,1
2024-03-14,21984.7,21984.7,21930.65,21930.65,09:20:00,21989.258683754888,3,2
2024-03-14,21992.95,22012.95,21974.8,21985.1,09:25:00,21989.61023768299,3,3
2024-03-14,22023.0,22025.75,21962.6,21990.25,09:30:00,21992.79021504652,3,4
2024-03-14,21994.35,22024.9,21988.8,22024.4,09:35:00,21992.93876599447,3,5
2024-03-14,21992.9,22023.4,21973.75,21993.45,09:40:00,21992.935073994995,3,6
2024-03-14,21995.65,22014.9,21986.65,21993.7,09:45:00,21993.193638376422,3,7
2024-03-14,21985.35,22005.65,21974.75,21996.4,09:50:00,21992.44662519772,3,8
2024-03-14,22019.85,22038.55,21985.65,21986.05,09:55:00,21995.05647041698,3,9
2024-03-14,22039.95,22040.7,22019.45,22021.1,10:00:00,21999.332044662984,3,10
2024-03-14,22022.35,22045.15,22018.35,22041.15,10:05:00,22001.52423088556,3,11
2024-03-14,22010.75,22028.55,21988.4,22022.9,10:10:00,22002.402875563123,3,12
2024-03-14,22004.2,22021.65,22003.7,22011.15,10:15:00,22002.5740302714,3,13
2024-03-14,22031.85,22035.3,22007.2,22008.05,10:20:00,22005.3622178646,3,14
2024-03-14,22027.9,22036.35,22020.65,22032.55,10:25:00,22007.508673306063,3,15
2024-03-14,22047.4,22047.4,22012.25,22028.15,10:30:00,22011.30784727692,3,16
2024-03-14,22062.85,22069.8,22044.5,22056.2,10:35:00,22016.216623726734,3,17
2024-03-14,22071.05,22088.55,22058.0,22062.1,10:40:00,22021.43885003848,3,18
2024-03-14,22079.75,22084.1,22061.05,22071.8,10:45:00,22026.99229289195,3,19
2024-03-14,22087.0,22091.65,22078.45,22079.35,10:50:00,22032.707312616527,3,20
2024-03-14,22085.5,22093.5,22081.15,22087.25,10:55:00,22037.73518760543,3,21
2024-03-14,22067.35,22097.65,22065.35,22085.15,11:00:00,22040.555645928725,3,22
2024-03-14,22084.8,22086.85,22064.7,22068.2,11:05:00,22044.769393935512,3,23
2024-03-14,22083.5,22094.9,22080.25,22085.65,11:10:00,22048.45802308452,3,24
2024-03-14,22071.15,22087.85,22067.1,22084.4,11:15:00,22050.61916374313,3,25
2024-03-14,22081.25,22084.25,22070.6,22071.25,11:20:00,22053.536386243784,3,26
2024-03-14,22081.25,22084.45,22070.15,22081.6,11:25:00,22056.17577803009,3,27
2024-03-14,22135.65,22147.25,22077.4,22081.35,11:30:00,22063.74475155104,3,28
2024-03-14,22141.85,22151.4,22133.9,22136.35,11:35:00,22071.183346641414,3,29
2024-03-14,22166.2,22177.85,22137.9,22142.15,11:40:00,22080.232551723184,3,30
2024-03-14,22167.85,22174.85,22158.45,22167.55,11:45:00,22088.57707060669,3,31
2024-03-14,22164.25,22178.35,22157.0,22170.2,11:50:00,22095.7840162632,3,32
2024-03-14,22173.6,22178.65,22158.75,22164.4,11:55:00,22103.19506233337,3,33
2024-03-14,22171.85,22184.6,22168.0,22173.35,12:00:00,22109.733627825422,3,34
2024-03-14,22173.6,22178.0,22165.7,22172.45,12:05:00,22115.81613946109,3,35
2024-03-14,22174.9,22178.55,22159.25,22172.4,12:10:00,22121.44317379814,3,36
2024-03-14,22172.8,22182.5,22167.1,22175.05,12:15:00,22126.33430010308,3,37
2024-03-14,22195.2,22195.4,22167.55,22175.2,12:20:00,22132.8929381885,3,38
2024-03-14,22201.2,22204.15,22189.65,22195.85,12:25:00,22139.398372646738,3,39
2024-03-14,22188.35,22202.95,22178.2,22200.9,12:30:00,22144.060432394668,3,40
2024-03-14,22177.65,22189.85,22161.4,22188.1,12:35:00,22147.25943883328,3,41
2024-03-14,22143.1,22179.2,22142.85,22178.4,12:40:00,22146.86330180153,3,42
2024-03-14,22131.05,22156.1,22128.0,22145.4,12:45:00,22145.35727305853,3,43
2024-03-14,22142.55,22156.45,22130.85,22132.05,12:50:00,22145.08991371962,3,44
2024-03-14,22157.75,22161.25,22137.6,22143.2,12:55:00,22146.29563622252,3,45
2024-03-14,22174.4,22178.55,22154.8,22159.4,13:00:00,22148.97224229656,3,46
2024-03-14,22143.7,22175.35,22143.15,22174.55,13:05:00,22148.470123982603,3,47
2024-03-14,22157.4,22159.65,22143.75,22143.75,13:10:00,22149.32058836521,3,48
2024-03-14,22156.65,22164.75,22146.2,22156.9,13:15:00,22150.018627568526,3,49
2024-03-14,22162.05,22165.45,22150.9,22156.9,13:20:00,22151.164472562003,3,50
2024-03-14,22165.55,22168.35,22158.6,22162.1,13:25:00,22152.534522794194,3,51
2024-03-14,22149.45,22168.7,22141.05,22165.5,13:30:00,22152.24075871856,3,52
2024-03-14,22126.35,22155.1,22112.0,22148.55,13:35:00,22149.77497217393,3,53
2024-03-14,22115.85,22134.7,22115.85,22126.3,13:40:00,22146.54402244308,3,54
2024-03-14,22131.55,22131.55,22091.7,22115.55,13:45:00,22145.11602030565,3,55
2024-03-14,22113.3,22139.45,22112.4,22131.25,13:50:00,22142.08592313368,3,56
2024-03-14,22106.15,22117.2,22104.85,22113.1,13:55:00,22138.66345426381,3,57
2024-03-14,22107.7,22116.0,22080.45,22106.0,14:00:00,22135.714553857728,3,58
2024-03-14,22095.65,22110.7,22085.85,22106.05,14:05:00,22131.898882061752,3,59
2024-03-14,22102.0,22109.7,22080.6,22095.0,14:10:00,22129.051369484445,3,60
2024-03-14,22106.05,22121.75,22096.65,22101.45,14:15:00,22126.86076286688,3,61
2024-03-14,22134.35,22140.55,22103.7,22106.6,14:20:00,22127.57402354622,3,62
2024-03-14,22128.6,22142.55,22108.35,22134.55,14:25:00,22127.67173558944,3,63
2024-03-14,22128.75,22134.1,22116.55,22127.75,14:30:00,22127.774427438064,3,64
2024-03-14,22132.35,22138.8,22123.15,22129.0,14:35:00,22128.210196253483,3,65
2024-03-14,22111.95,22137.1,22105.55,22133.25,14:40:00,22126.661606134105,3,66
2024-03-14,22101.15,22118.3,22100.9,22111.95,14:45:00,22124.231929359423,3,67
2024-03-14,22115.15,22116.15,22096.75,22100.2,14:50:00,22123.36698370615,3,68
2024-03-14,22126.85,22132.05,22101.35,22115.5,14:55:00,22123.69869954366,3,69
2024-03-14,22148.0,22150.8,22125.3,22125.3,15:00:00,22126.01310911093,3,70
2024-03-14,22152.8,22156.1,22130.85,22147.5,15:05:00,22128.564241576554,3,71
2024-03-14,22144.25,22155.05,22131.3,22152.45,15:10:00,22130.058123331168,3,72
2024-03-14,22156.9,22163.7,22143.1,22143.1,15:15:00,22132.614492537723,3,73
2024-03-14,22148.95,22159.85,22143.4,22157.25,15:20:00,22134.17025515317,3,74
2024-03-14,22153.05,22153.05,22134.7,22148.8,15:25:00,22135.96832609097,3,75
2024-03-15,22090.45,22098.05,22048.15,22064.85,09:15:00,22125.50513768444,4,1
2024-03-15,22106.3,22108.5,22073.3,22089.5,09:20:00,22123.67607695259,4,2
2024-03-15,22106.85,22119.65,22098.0,22106.1,09:25:00,22122.0735934333,4,3
2024-03-15,22072.8,22120.55,22070.25,22106.5,09:30:00,22117.380870249177,4,4
2024-03-15,22030.55,22079.7,22029.75,22070.8,09:35:00,22109.11126355877,4,5
2024-03-15,22034.15,22041.8,22016.7,22030.8,09:40:00,22101.9720956008,4,6
2024-03-15,22014.35,22059.4,22014.2,22035.75,09:45:00,22093.62713411501,4,7
2024-03-15,21998.3,22018.65,21994.9,22014.85,09:50:00,22084.548359437384,4,8
2024-03-15,21988.45,22008.2,21984.55,21998.75,09:55:00,22075.39613472906,4,9
2024-03-15,22005.9,22014.6,21982.95,21987.7,10:00:00,22068.77745523105,4,10
2024-03-15,22000.9,22011.05,21991.0,22005.55,10:05:00,22062.31293568524,4,11
2024-03-15,22013.1,22021.5,21992.75,21999.8,10:10:00,22057.625989429504,4,12
2024-03-15,21990.8,22024.05,21990.8,22013.35,10:15:00,22051.26160948384,4,13
2024-03-15,21990.55,21993.7,21975.2,21991.0,10:20:00,22045.479551437755,4,14
2024-03-15,21974.6,21992.05,21973.5,21990.1,10:25:00,22038.72911796749,4,15
2024-03-15,21965.25,21978.5,21963.25,21973.6,10:30:00,22031.73110673249,4,16
2024-03-15,21967.25,21972.55,21957.35,21965.8,10:35:00,22025.59004894845,4,17
2024-03-15,21978.2,21987.9,21960.85,21965.65,10:40:00,22021.07671095336,4,18
2024-03-15,21996.1,22002.35,21974.95,21979.9,10:45:00,22018.69797657685,4,19
2024-03-15,21998.6,22000.1,21983.5,21996.1,10:50:00,22016.78388356953,4,20
2024-03-15,21976.0,21998.95,21967.25,21998.7,10:55:00,22012.89970418196,4,21
2024-03-15,21963.9,21975.3,21956.65,21975.15,11:00:00,22008.23306568844,4,22
2024-03-15,21936.25,21969.75,21936.25,21963.5,11:05:00,22001.37753562288,4,23
2024-03-15,21954.5,21958.5,21934.95,21937.05,11:10:00,21996.91300842069,4,24
2024-03-15,21964.4,21967.85,21950.25,21956.0,11:15:00,21993.81653142825,4,25
2024-03-15,21940.1,21969.35,21939.05,21964.65,11:20:00,21988.700671292223,4,26
2024-03-15,21956.3,21964.8,21938.6,21940.7,11:25:00,21985.614893073915,4,27
2024-03-15,21959.95,21969.15,21952.85,21955.85,11:30:00,21983.170617543063,4,28
2024-03-15,21970.55,21971.7,21960.75,21960.75,11:35:00,21981.96865396754,4,29
2024-03-15,21969.0,21972.25,21958.55,21971.95,11:40:00,21980.733544065868,4,30
2024-03-15,21986.4,21989.05,21965.85,21969.0,11:45:00,21981.273206535785,4,31
2024-03-15,21968.6,21987.0,21963.25,21986.45,11:50:00,21980.06623448476,4,32
2024-03-15,21947.65,21968.35,21940.15,21968.35,11:55:00,21976.97897405764,4,33
2024-03-15,21950.2,21956.2,21940.75,21948.4,12:00:00,21974.42859557596,4,34
2024-03-15,21952.8,21964.55,21950.1,21950.55,12:05:00,21972.36872933063,4,35
2024-03-15,21949.4,21954.0,21931.9,21952.1,12:10:00,21970.181231299142,4,36
2024-03-15,21952.25,21963.55,21947.4,21949.7,12:15:00,21968.47349498494,4,37
2024-03-15,21949.9,21953.3,21937.95,21953.3,12:20:00,21966.70459070066,4,38
2024-03-15,21943.9,21952.15,21939.5,21948.55,12:25:00,21964.53272491965,4,39
2024-03-15,21947.65,21955.25,21939.95,21943.8,12:30:00,21962.924846355872,4,40
2024-03-15,21952.1,21955.6,21945.75,21947.75,12:35:00,21961.893908607697,4,41
2024-03-15,21953.05,21957.2,21945.85,21951.95,12:40:00,21961.05163159744,4,42
2024-03-15,21963.8,21969.1,21949.45,21950.95,12:45:00,21961.31338096912,4,43
2024-03-15,21974.05,21974.85,21962.35,21964.8,12:50:00,21962.52639230539,4,44
2024-03-15,21985.15,21989.15,21971.1,21971.85,12:55:00,21964.68102160964,4,45
2024-03-15,21980.15,21988.05,21972.8,21986.25,13:00:00,21966.154257646813,4,46
2024-03-15,21988.0,21990.85,21973.95,21978.35,13:05:00,21968.23480453759,4,47
2024-03-15,21994.05,21995.35,21982.35,21987.7,13:10:00,21970.69339458163,4,48
2024-03-15,21980.75,21995.3,21979.5,21992.55,13:15:00,21971.65116652624,4,49
2024-03-15,21986.5,21988.0,21976.45,21980.05,13:20:00,21973.06534114279,4,50
2024-03-15,21980.8,21994.4,21980.8,21986.15,13:25:00,21973.801975319668,4,51
2024-03-15,21999.25,22001.5,21976.15,21980.95,13:30:00,21976.225596717795,4,52
2024-03-15,22017.85,22020.5,21997.7,21998.9,13:35:00,21980.189825601818,4,53
2024-03-15,22016.95,22025.0,22009.0,22017.1,13:40:00,21983.69079459212,4,54
2024-03-15,22027.45,22032.15,22017.45,22017.45,13:45:00,21987.8583379643,4,55
2024-03-15,22035.5,22040.5,22026.6,22028.4,13:50:00,21992.39563911056,4,56
2024-03-15,22007.2,22037.6,21997.35,22035.25,13:55:00,21993.80557824288,4,57
2024-03-15,22022.55,22027.9,22006.1,22006.65,14:00:00,21996.54314221975,4,58
2024-03-15,22027.65,22028.6,22014.05,22023.0,14:05:00,21999.505700103586,4,59
2024-03-15,22010.55,22030.7,22010.55,22027.7,14:10:00,22000.55753818896,4,60
2024-03-15,21997.75,22018.65,21996.9,22011.45,14:15:00,22000.29015359953,4,61
2024-03-15,21986.35,22011.55,21984.1,21997.9,14:20:00,21998.962519923385,4,62
2024-03-15,21992.15,22004.55,21981.15,21986.95,14:25:00,21998.31370850211,4,63
2024-03-15,21985.5,21998.05,21978.35,21991.05,14:30:00,21997.09335531144,4,64
2024-03-15,22010.05,22012.9,21980.5,21984.95,14:35:00,21998.32732147225,4,65
2024-03-15,22010.4,22015.5,21999.9,22011.7,14:40:00,21999.477100379656,4,66
2024-03-15,22021.3,22028.65,22005.6,22011.2,14:45:00,22001.55547177207,4,67
2024-03-15,22032.85,22036.3,22019.4,22020.8,14:50:00,22004.535903031872,4,68
2024-03-15,22048.15,22048.15,22023.45,22033.45,14:55:00,22008.689626552645,4,69
2024-03-15,22040.35,22052.85,21992.4,22047.65,15:00:00,22011.704900214296,4,70
2024-03-15,22017.35,22045.95,22008.45,22040.7,15:05:00,22012.24252876532,4,71
2024-03-15,22009.2,22025.7,22001.1,22016.9,15:10:00,22011.952764121,4,72
2024-03-15,22042.6,22047.05,22008.25,22008.25,15:15:00,22014.871548490428,4,73
2024-03-15,22021.75,22042.1,22021.05,22041.0,15:20:00,22015.526639110387,4,74
2024-03-15,21996.35,22028.6,21985.4,22021.45,15:25:00,22013.700292528447,4,75
2024-03-18,22007.9,22017.55,21955.35,21990.1,09:15:00,22011.11429841898,0,1
2024-03-18,22015.75,22025.1,22000.4,22011.35,09:20:00,22011.55579380765,0,2
2024-03-18,22031.65,22043.0,22016.0,22016.0,09:25:00,22013.46952773073,0,3
2024-03-18,21967.3,22044.9,21956.75,22030.45,09:30:00,22009.07242985161,0,4
2024-03-18,21956.7,21981.1,21952.35,21966.2,09:35:00,22004.08457938956,0,5
2024-03-18,21963.9,21976.9,21948.15,21955.65,09:40:00,22000.257476590552,0,6
2024-03-18,21954.7,21973.1,21937.15,21963.6,09:45:00,21995.91866929621,0,7
2024-03-18,21985.5,21988.5,21953.15,21953.9,09:50:00,21994.926415077527,0,8
2024-03-18,22013.7,22020.55,21985.9,21985.9,09:55:00,21996.714375546333,0,9
2024-03-18,22014.4,22023.9,21995.25,22013.5,10:00:00,21998.398720732395,0,10
2024-03-18,21975.7,22015.75,21973.25,22013.4,10:05:00,21996.2369378055,0,11
2024-03-18,21977.2,21982.4,21954.5,21976.55,10:10:00,21994.42389610974,0,12
2024-03-18,22025.5,22040.25,21976.3,21978.5,10:15:00,21997.38352505167,0,13
2024-03-18,22020.75,22029.65,22014.45,22025.45,10:20:00,21999.60890361818,0,14
2024-03-18,22026.4,22029.3,22012.55,22020.75,10:25:00,22002.16043660693,0,15
2024-03-18,22020.15,22038.25,22010.6,22026.1,10:30:00,22003.87372835865,0,16
2024-03-18,21994.2,22019.6,21988.65,22019.6,10:35:00,22002.952420895923,0,17
2024-03-18,22000.6,22005.3,21992.45,21994.95,10:40:00,22002.7283808106,0,18
2024-03-18,22000.25,22020.0,21994.2,22000.6,10:45:00,22002.49234454292,0,19
2024-03-18,22001.5,22016.55,21997.45,22000.85,10:50:00,22002.39783553883,0,20
2024-03-18,22002.45,22003.1,21984.95,22001.75,10:55:00,22002.40280358276,0,21
2024-03-18,21998.85,22013.3,21995.3,22002.1,11:00:00,22002.064441336777,0,22
2024-03-18,21994.4,22006.65,21993.55,21998.9,11:05:00,22001.3344945428,0,23
2024-03-18,21949.7,21994.75,21949.25,21993.8,11:10:00,21996.41692363396,0,24
2024-03-18,21964.5,21974.5,21918.25,21948.75,11:15:00,21993.377216621204,0,25
2024-03-18,21963.8,21982.9,21962.15,21965.3,11:20:00,21990.56033884776,0,26
2024-03-18,21969.65,21972.05,21956.05,21962.8,11:25:00,21988.56887800511,0,27
2024-03-18,21967.0,21973.75,21963.55,21970.65,11:30:00,21986.51469914748,0,28
2024-03-18,21980.6,21991.8,21957.6,21967.55,11:35:00,21985.95139446677,0,29
2024-03-18,21989.45,21989.45,21977.5,21979.8,11:40:00,21986.284594993744,0,30
2024-03-18,21994.15,22001.7,21988.4,21989.2,11:45:00,21987.033681184817,0,31
2024-03-18,21996.25,22001.55,21992.65,21994.4,11:50:00,21987.91142583388,0,32
2024-03-18,21986.45,21997.15,21983.15,21996.0,11:55:00,21987.77224242113,0,33
2024-03-18,22029.05,22037.55,21982.05,21986.7,12:00:00,21991.703457428644,0,34
2024-03-18,22036.95,22049.6,22020.8,22028.4,12:05:00,21996.01265195925,0,35
2024-03-18,22034.1,22042.75,22024.45,22037.5,12:10:00,21999.64001843932,0,36
2024-03-18,22057.2,22059.65,22034.1,22034.6,12:15:00,22005.1219214451,0,37
2024-03-18,22076.75,22077.3,22051.5,22056.1,12:20:00,22011.943643212235,0,38
2024-03-18,22083.9,22090.75,22071.9,22078.5,12:25:00,22018.79662957297,0,39
2024-03-18,22068.2,22093.0,22067.25,22085.6,12:30:00,22023.50171247079,0,40
2024-03-18,22063.65,22079.55,22062.35,22069.25,12:35:00,22027.32535890214,0,41
2024-03-18,22055.0,22078.45,22051.65,22067.0,12:40:00,22029.9610390067,0,42
2024-03-18,22049.5,22072.85,22045.5,22056.75,12:45:00,22031.82189243464,0,43
2024-03-18,22054.9,22061.3,22042.5,22049.9,12:50:00,22034.01980744085,0,44
2024-03-18,22058.7,22069.25,22055.45,22055.5,12:55:00,22036.3703019703,0,45
2024-03-18,22060.65,22070.85,22056.6,22059.0,13:00:00,22038.682654163604,0,46
2024-03-18,22070.1,22072.15,22049.9,22061.45,13:05:00,22041.6747823385,0,47
2024-03-18,22071.55,22076.5,22067.8,22070.2,13:10:00,22044.520041163407,0,48
2024-03-18,22070.9,22080.35,22067.55,22073.85,13:15:00,22047.032418195464,0,49
2024-03-18,22073.1,22073.95,22062.05,22070.85,13:20:00,22049.515045034,0,50
2024-03-18,22067.65,22074.75,22065.85,22073.8,13:25:00,22051.242183602182,0,51
2024-03-18,22080.25,22080.25,22067.0,22068.15,13:30:00,22054.004832782928,0,52
2024-03-18,22068.35,22081.4,22056.65,22081.15,13:35:00,22055.37103918456,0,53
2024-03-18,22063.05,22069.45,22059.25,22069.45,13:40:00,22056.102368786025,0,54
2024-03-18,22056.5,22063.55,22046.35,22063.25,13:45:00,22056.14023842545,0,55
2024-03-18,22062.35,22062.75,22050.25,22055.95,13:50:00,22056.7316442897,0,56
2024-03-18,22077.1,22081.85,22060.55,22062.95,13:55:00,22058.67148769068,0,57
2024-03-18,22075.15,22079.2,22072.3,22078.35,14:00:00,22060.24086981538,0,58
2024-03-18,22074.3,22076.55,22061.6,22076.55,14:05:00,22061.579834594868,0,59
2024-03-18,22062.4,22082.1,22058.05,22074.75,14:10:00,22061.65794558584,0,60
2024-03-18,22074.1,22076.05,22061.45,22064.15,14:15:00,22062.84290314909,0,61
2024-03-18,22109.85,22110.4,22073.95,22075.1,14:20:00,22067.31976951584,0,62
2024-03-18,22107.25,22115.4,22102.95,22110.4,14:25:00,22071.122648609573,0,63
2024-03-18,22114.9,22123.5,22104.2,22108.2,14:30:00,22075.291920170566,0,64
2024-03-18,22113.8,22121.85,22110.95,22116.35,14:35:00,22078.9593563448,0,65
2024-03-18,22105.25,22114.45,22102.7,22114.1,14:40:00,22081.4632271691,0,66
2024-03-18,22107.75,22112.25,22093.8,22106.15,14:45:00,22083.966729343472,0,67
2024-03-18,22090.9,22107.85,22087.9,22107.4,14:50:00,22084.627040834574,0,68
2024-03-18,22087.4,22097.5,22074.55,22090.75,14:55:00,22084.89113218366,0,69
2024-03-18,22068.9,22092.35,22067.25,22089.7,15:00:00,22083.368167213783,0,70
2024-03-18,22052.75,22070.1,22037.45,22069.65,15:05:00,22080.452151288664,0,71
2024-03-18,22056.2,22057.35,22046.15,22052.7,15:10:00,22078.142422594505,0,72
2024-03-18,22050.6,22068.35,22050.4,22055.0,15:15:00,22075.51933472836,0,73
2024-03-18,22048.3,22050.55,22036.3,22050.15,15:20:00,22072.92701713518,0,74
2024-03-18,22051.5,22061.2,22047.05,22048.65,15:25:00,22070.88634883659,0,75
2024-03-19,21961.2,21976.7,21943.9,21946.45,09:15:00,22049.71762342405,1,1
2024-03-19,21939.45,21961.2,21926.5,21961.2,09:20:00,22039.21594500272,1,2
2024-03-19,21937.55,21957.4,21925.65,21937.9,09:25:00,22029.53347405008,1,3
2024-03-19,21944.6,21950.4,21923.4,21937.4,09:30:00,22021.444571759595,1,4
2024-03-19,21950.0,21958.95,21939.75,21945.55,09:35:00,22014.64032683011,1,5
2024-03-19,21972.1,21973.0,21940.35,21949.5,09:40:00,22010.588867132003,1,6
2024-03-19,21953.7,21972.15,21947.3,21972.15,09:45:00,22005.170879786096,1,7
2024-03-19,21946.15,21956.7,21936.3,21953.35,09:50:00,21999.54984361599,1,8
2024-03-19,21901.85,21948.4,21898.5,21945.15,09:55:00,21990.245096604944,1,9
2024-03-19,21878.1,21902.65,21877.65,21902.65,10:00:00,21979.564611213995,1,10
2024-03-19,21872.45,21885.4,21857.1,21877.1,10:05:00,21969.363219669805,1,11
2024-03-19,21890.75,21890.75,21871.7,21873.1,10:10:00,21961.87624636792,1,12
2024-03-19,21879.4,21891.2,21869.75,21891.2,10:15:00,21954.02136576145,1,13
2024-03-19,21856.7,21881.75,21842.45,21879.45,10:20:00,21944.75266426036,1,14
2024-03-19,21853.15,21867.1,21852.0,21856.05,10:25:00,21936.028600997462,1,15
2024-03-19,21879.5,21894.6,21835.05,21852.3,10:30:00,21930.644924712,1,16
2024-03-19,21874.75,21895.1,21872.7,21879.15,10:35:00,21925.321598548944,1,17
2024-03-19,21875.65,21877.9,21864.55,21875.75,10:40:00,21920.590970115714,1,18
2024-03-19,21863.85,21876.2,21863.85,21875.8,10:45:00,21915.18706819993,1,19
2024-03-19,21861.65,21871.7,21856.7,21864.2,10:50:00,21910.088299799936,1,20
2024-03-19,21862.4,21866.0,21857.25,21862.2,10:55:00,21905.546556961846,1,21
2024-03-19,21851.75,21871.25,21842.05,21862.5,11:00:00,21900.42307534644,1,22
2024-03-19,21847.55,21858.5,21841.05,21851.7,11:05:00,21895.387544361063,1,23
2024-03-19,21861.8,21861.8,21844.7,21847.25,11:10:00,21892.18873061239,1,24
2024-03-19,21877.8,21879.4,21856.9,21861.25,11:15:00,21890.81837531597,1,25
2024-03-19,21863.95,21882.35,21862.95,21878.0,11:20:00,21888.259482428737,1,26
2024-03-19,21864.7,21867.35,21860.2,21862.5,11:25:00,21886.015722197422,1,27
2024-03-19,21852.6,21869.1,21849.35,21865.0,11:30:00,21882.833272464337,1,28
2024-03-19,21832.4,21855.15,21829.15,21852.95,11:35:00,21878.03010365821,1,29
2024-03-19,21810.85,21833.55,21809.0,21831.45,11:40:00,21871.631998547902,1,30
2024-03-19,21821.45,21824.2,21809.45,21809.45,11:45:00,21866.85276059096,1,31
2024-03-19,21834.3,21837.1,21820.55,21821.05,11:50:00,21863.75249767754,1,32
2024-03-19,21830.3,21838.35,21827.45,21833.75,11:55:00,21860.566545517773,1,33
2024-03-19,21828.35,21832.15,21817.7,21830.15,12:00:00,21857.49830308751,1,34
2024-03-19,21823.85,21829.3,21818.1,21828.65,12:05:00,21854.29370279346,1,35
2024-03-19,21828.05,21835.55,21819.5,21824.25,12:10:00,21851.79430252741,1,36
2024-03-19,21841.6,21845.6,21824.55,21828.55,12:15:00,21850.82341657242,1,37
2024-03-19,21846.45,21848.5,21837.65,21841.9,12:20:00,21850.40690070838,1,38
2024-03-19,21841.35,21858.1,21840.5,21846.55,12:25:00,21849.544338736152,1,39
2024-03-19,21858.0,21858.35,21840.15,21842.2,12:30:00,21850.3496398089,1,40
2024-03-19,21852.6,21865.5,21851.25,21859.05,12:35:00,21850.5639598271,1,41
2024-03-19,21846.5,21852.9,21845.45,21852.55,12:40:00,21850.17691603404,1,42
2024-03-19,21856.25,21859.8,21845.5,21846.35,12:45:00,21850.75530498318,1,43
2024-03-19,21857.0,21866.2,21854.05,21856.15,12:50:00,21851.350037841927,1,44
2024-03-19,21857.85,21860.45,21854.3,21857.5,12:55:00,21851.969081856983,1,45
2024-03-19,21846.2,21863.55,21841.05,21857.55,13:00:00,21851.41964548965,1,46
2024-03-19,21866.2,21868.25,21844.5,21846.3,13:05:00,21852.827298300163,1,47
2024-03-19,21858.95,21866.95,21854.2,21866.95,13:10:00,21853.41041274777,1,48
2024-03-19,21851.1,21860.15,21845.75,21859.95,13:15:00,21853.19037343845,1,49
2024-03-19,21851.4,21856.9,21846.85,21851.75,13:20:00,21853.01986168241,1,50
2024-03-19,21848.55,21856.75,21844.55,21851.3,13:25:00,21852.5941605698,1,51
2024-03-19,21863.25,21864.9,21845.8,21848.6,13:30:00,21853.609002420297,1,52
2024-03-19,21861.8,21864.45,21852.7,21863.1,13:35:00,21854.389097427887,1,53
2024-03-19,21865.5,21872.45,21858.25,21861.75,13:40:00,21855.44727862524,1,54
2024-03-19,21863.5,21867.2,21860.5,21865.7,13:45:00,21856.21420447045,1,55
2024-03-19,21862.85,21866.4,21854.05,21863.35,13:50:00,21856.84618499708,1,56
2024-03-19,21849.65,21864.0,21848.55,21862.6,13:55:00,21856.16083404497,1,57
2024-03-19,21817.8,21850.25,21809.55,21850.25,14:00:00,21852.50742127878,1,58
2024-03-19,21826.6,21828.3,21811.95,21819.05,14:05:00,21850.04004782366,1,59
2024-03-19,21816.55,21830.65,21814.5,21826.7,14:10:00,21846.8505194595,1,60
2024-03-19,21807.95,21816.85,21794.4,21816.85,14:15:00,21843.145708082408,1,61
2024-03-19,21826.05,21827.9,21805.45,21807.35,14:20:00,21841.517545407893,1,62
2024-03-19,21824.75,21838.45,21820.65,21826.4,14:25:00,21839.920636321425,1,63
2024-03-19,21846.3,21849.85,21823.15,21824.25,14:30:00,21840.528194767,1,64
2024-03-19,21839.8,21847.85,21833.45,21847.05,14:35:00,21840.45884288443,1,65
2024-03-19,21844.55,21848.9,21835.35,21840.3,14:40:00,21840.84847689544,1,66
2024-03-19,21835.65,21844.6,21833.05,21844.05,14:45:00,21840.35338385777,1,67
2024-03-19,21846.25,21853.6,21835.55,21836.65,14:50:00,21840.91496634751,1,68
2024-03-19,21840.2,21848.7,21835.1,21846.6,14:55:00,21840.84687431441,1,69
2024-03-19,21826.55,21842.6,21814.6,21840.55,15:00:00,21839.48526723685,1,70
2024-03-19,21822.7,21833.05,21815.35,21826.3,15:05:00,21837.886670357148,1,71
2024-03-19,21811.5,21823.3,21799.85,21822.1,15:10:00,21835.37365413265,1,72
2024-03-19,21806.45,21821.15,21805.2,21811.05,15:15:00,21832.61902040574,1,73
2024-03-19,21809.4,21814.55,21804.25,21806.45,15:20:00,21830.407685129,1,74
2024-03-19,21810.35,21816.0,21809.15,21809.2,15:25:00,21828.497429402432,1,75
2024-03-20,21882.85,21891.35,21843.9,21843.9,09:15:00,21835.00107032716,2,1
2024-03-20,21888.0,21888.55,21863.2,21884.4,09:20:00,21840.048587438858,2,2
2024-03-20,21856.6,21888.6,21838.3,21887.25,09:25:00,21841.62491244468,2,3
2024-03-20,21868.25,21868.65,21831.85,21855.3,09:30:00,21844.160635069,2,4
2024-03-20,21876.9,21884.65,21858.2,21868.85,09:35:00,21847.278669824333,2,5
2024-03-20,21860.4,21886.15,21858.95,21875.7,09:40:00,21848.52832031725,2,6
2024-03-20,21868.65,21873.95,21850.45,21860.45,09:45:00,21850.44467076323,2,7
2024-03-20,21840.15,21878.15,21839.8,21869.7,09:50:00,21849.46422592864,2,8
2024-03-20,21822.9,21853.85,21821.0,21839.95,09:55:00,21846.93429964972,2,9
2024-03-20,21807.75,21830.4,21779.55,21822.55,10:00:00,21843.202461587844,2,10
2024-03-20,21785.95,21814.05,21783.35,21807.4,10:05:00,21837.749846198523,2,11
2024-03-20,21765.05,21799.9,21757.15,21787.95,10:10:00,21830.82605132247,2,12
2024-03-20,21785.1,21789.4,21762.1,21765.0,10:15:00,21826.47118929176,2,13
2024-03-20,21758.95,21784.65,21747.4,21784.15,10:20:00,21820.0405998354,2,14
2024-03-20,21762.25,21784.55,21750.5,21759.75,10:25:00,21814.53673318441,2,15
2024-03-20,21754.85,21763.95,21747.95,21762.25,10:30:00,21808.852282404943,2,16
2024-03-20,21766.25,21767.25,21747.6,21754.85,10:35:00,21804.7949221759,2,17
2024-03-20,21730.85,21770.5,21717.7,21766.55,10:40:00,21797.752548635337,2,18
2024-03-20,21720.6,21730.7,21710.35,21730.7,10:45:00,21790.404686860544,2,19
2024-03-20,21733.8,21736.2,21716.9,21719.6,10:50:00,21785.0137643024,2,20
2024-03-20,21785.35,21798.95,21734.45,21734.45,10:55:00,21785.04578674979,2,21
2024-03-20,21773.8,21793.35,21768.95,21787.75,11:00:00,21783.974759440287,2,22
2024-03-20,21793.0,21793.4,21766.1,21772.9,11:05:00,21784.83430616026,2,23
2024-03-20,21790.75,21801.2,21786.7,21792.3,11:10:00,21785.39770557357,2,24
2024-03-20,21781.4,21791.7,21772.65,21790.9,11:15:00,21785.01697170942,2,25
2024-03-20,21764.25,21784.6,21762.9,21781.95,11:20:00,21783.039164879952,2,26
2024-03-20,21791.35,21791.35,21760.2,21763.45,11:25:00,21783.830672986624,2,27
2024-03-20,21790.05,21796.05,21782.9,21790.9,11:30:00,21784.42298984504,2,28
2024-03-20,21798.45,21798.65,21785.05,21791.7,11:35:00,21785.758895574083,2,29
2024-03-20,21844.35,21845.75,21796.65,21799.8,11:40:00,21791.339000757504,2,30
2024-03-20,21848.95,21863.1,21844.55,21846.3,11:45:00,21796.82576259012,2,31
2024-03-20,21854.65,21860.5,21838.95,21851.85,11:50:00,21802.33283281964,2,32
2024-03-20,21846.2,21862.2,21835.4,21857.0,11:55:00,21806.510658265383,2,33
2024-03-20,21843.95,21856.15,21838.05,21848.35,12:00:00,21810.07630985916,2,34
2024-03-20,21842.35,21845.25,21827.55,21845.25,12:05:00,21813.14999463448,2,35
2024-03-20,21834.45,21844.3,21823.15,21843.75,12:10:00,21815.17856657405,2,36
2024-03-20,21857.95,21879.05,21830.85,21837.65,12:15:00,21819.252036424143,2,37
2024-03-20,21864.25,21870.7,21855.65,21860.95,12:20:00,21823.5375567647,2,38
2024-03-20,21864.05,21881.15,21860.8,21866.4,12:25:00,21827.39588469187,2,39
2024-03-20,21862.4,21866.65,21852.9,21865.7,12:30:00,21830.729609959308,2,40
2024-03-20,21872.2,21874.2,21860.35,21865.1,12:35:00,21834.67917091556,2,41
2024-03-20,21875.4,21881.3,21866.25,21873.6,12:40:00,21838.55734511408,2,42
2024-03-20,21875.75,21877.95,21867.75,21876.65,12:45:00,21842.099502722263,2,43
2024-03-20,21883.25,21887.25,21874.2,21876.55,12:50:00,21846.0185977011,2,44
2024-03-20,21865.85,21885.75,21861.95,21885.75,12:55:00,21847.907302681942,2,45
2024-03-20,21873.5,21876.4,21860.95,21868.85,13:00:00,21850.34470242652,2,46
2024-03-20,21890.9,21892.2,21873.25,21876.05,13:05:00,21854.20711171923,2,47
2024-03-20,21908.45,21911.65,21887.65,21892.45,13:10:00,21859.373101079305,2,48
2024-03-20,21906.1,21911.55,21898.55,21911.55,13:15:00,21863.823281928893,2,49
2024-03-20,21919.4,21930.5,21902.8,21907.55,13:20:00,21869.11630269757,2,50
2024-03-20,21909.2,21926.15,21907.05,21921.55,13:25:00,21872.93379767876,2,51
2024-03-20,21879.55,21910.4,21878.15,21910.4,13:30:00,21873.56391218554,2,52
2024-03-20,21886.9,21887.75,21876.1,21881.55,13:35:00,21874.83401578692,2,53
2024-03-20,21898.9,21900.05,21886.15,21889.1,13:40:00,21877.1260142834,2,54
2024-03-20,21870.2,21906.6,21870.2,21901.7,13:45:00,21876.46639387546,2,55
2024-03-20,21875.6,21883.55,21855.7,21872.45,13:50:00,21876.38388017304,2,56
2024-03-20,21858.8,21879.85,21857.05,21877.25,13:55:00,21874.709224918464,2,57
2024-03-20,21856.85,21866.85,21852.9,21859.25,14:00:00,21873.0083463548,2,58
2024-03-20,21860.1,21864.35,21847.0,21857.9,14:05:00,21871.77898003529,2,59
2024-03-20,21855.35,21864.2,21838.95,21862.45,14:10:00,21870.21431527003,2,60
2024-03-20,21872.8,21879.3,21847.65,21856.7,14:15:00,21870.4605709586,2,61
2024-03-20,21840.05,21874.6,21831.95,21873.9,14:20:00,21867.5643261054,2,62
2024-03-20,21841.75,21846.6,21829.75,21841.55,14:25:00,21865.105818857264,2,63
2024-03-20,21823.75,21844.85,21820.05,21844.65,14:30:00,21861.167169442288,2,64
2024-03-20,21829.6,21836.15,21819.9,21826.5,14:35:00,21858.160772352545,2,65
2024-03-20,21849.45,21850.85,21827.55,21832.1,14:40:00,21857.33117498564,2,66
2024-03-20,21842.6,21859.65,21834.45,21851.45,14:45:00,21855.928205939384,2,67
2024-03-20,21837.5,21854.8,21834.1,21843.85,14:50:00,21854.17313870706,2,68
2024-03-20,21839.2,21841.05,21818.95,21838.55,14:55:00,21852.747125496862,2,69
2024-03-20,21832.65,21845.1,21813.95,21843.05,15:00:00,21850.833113544784,2,70
2024-03-20,21836.9,21840.25,21822.0,21834.35,15:05:00,21849.506150350044,2,71
2024-03-20,21842.25,21843.05,21828.9,21837.6,15:10:00,21848.815088411942,2,72
2024-03-20,21855.1,21856.35,21831.65,21842.1,15:15:00,21849.41365142033,2,73
2024-03-20,21847.0,21858.45,21843.75,21855.1,15:20:00,21849.183779856496,2,74
2024-03-20,21855.1,21857.1,21843.2,21846.75,15:25:00,21849.74722939397,2,75
2024-03-21,22004.85,22018.65,21989.9,21989.9,09:15:00,21876.59557780323,3,1
2024-03-21,21991.2,22010.9,21987.05,22003.4,09:20:00,21887.510284679112,3,2
2024-03-21,21995.15,22013.9,21990.45,21990.45,09:25:00,21897.761686138245,3,3
2024-03-21,21981.55,22011.8,21978.7,21994.45,09:30:00,21905.74152555365,3,4
2024-03-21,22013.5,22025.2,21983.35,21983.35,09:35:00,21916.004237405683,3,5
2024-03-21,22008.95,22015.7,21998.15,22014.05,09:40:00,21924.85621479561,3,6
2024-03-21,22000.55,22021.8,21991.3,22008.95,09:45:00,21932.065146719844,3,7
2024-03-21,22006.0,22012.05,21992.65,22000.55,09:50:00,21939.10656131796,3,8
2024-03-21,22005.5,22014.15,22001.25,22005.75,09:55:00,21945.429745954338,3,9
2024-03-21,22028.9,22028.9,22003.55,22006.8,10:00:00,21953.37929395869,3,10
2024-03-21,22062.1,22062.1,22028.7,22032.7,10:05:00,21963.733646915003,3,11
2024-03-21,22068.1,22078.95,22060.65,22063.15,10:10:00,21973.67329958977,3,12
2024-03-21,22061.25,22075.95,22059.15,22067.35,10:15:00,21982.01393772408,3,13
2024-03-21,22059.1,22067.3,22053.4,22061.85,10:20:00,21989.35546746464,3,14
2024-03-21,22050.7,22063.45,22049.3,22059.15,10:25:00,21995.19780389657,3,15
2024-03-21,22057.9,22068.35,22047.5,22047.6,10:30:00,22001.16944162071,3,16
2024-03-21,22061.75,22064.4,22053.3,22055.7,10:35:00,22006.939018609213,3,17
2024-03-21,22051.6,22067.6,22045.2,22062.35,10:40:00,22011.19244540833,3,18
2024-03-21,22061.05,22065.75,22048.65,22052.85,10:45:00,22015.94078394088,3,19
2024-03-21,22056.6,22064.6,22051.9,22061.9,10:50:00,22019.813090232223,3,20
2024-03-21,22058.15,22061.9,22053.35,22056.1,10:55:00,22023.46422449582,3,21
2024-03-21,22074.2,22077.4,22055.45,22058.1,11:00:00,22028.296203115264,3,22
2024-03-21,22074.2,22080.8,22067.85,22074.9,11:05:00,22032.667993294763,3,23
2024-03-21,22073.95,22076.7,22070.4,22075.2,11:10:00,22036.599612980976,3,24
2024-03-21,22061.75,22075.05,22061.65,22073.9,11:15:00,22038.994887935165,3,25
2024-03-21,22060.3,22064.6,22056.35,22061.45,11:20:00,22041.02394622705,3,26
2024-03-21,22060.55,22066.6,22059.7,22060.6,11:25:00,22042.88357039591,3,27
2024-03-21,22055.85,22066.7,22047.6,22060.5,11:30:00,22044.11846845344,3,28
2024-03-21,22040.35,22064.5,22040.35,22055.65,11:35:00,22043.75956669597,3,29
2024-03-21,22029.05,22048.2,22020.4,22035.65,11:40:00,22042.35865558207,3,30
2024-03-21,22039.05,22041.0,22027.65,22028.45,11:45:00,22042.043545526634,3,31
2024-03-21,22012.45,22039.65,22006.9,22039.65,11:50:00,22039.225112619337,3,32
2024-03-21,22011.2,22017.8,22002.6,22011.95,11:55:00,22036.55605427464,3,33
2024-03-21,22000.35,22011.3,21988.45,22010.95,12:00:00,22033.107858629435,3,34
2024-03-21,21966.1,22001.05,21966.1,22000.75,12:05:00,22026.726157807585,3,35
2024-03-21,21951.45,21967.25,21948.55,21966.45,12:10:00,22019.55699992115,3,36
2024-03-21,21986.1,21991.25,21941.95,21951.75,12:15:00,22016.37061897628,3,37
2024-03-21,21983.0,21987.5,21973.1,21985.75,12:20:00,22013.192464788062,3,38
2024-03-21,21966.6,21982.4,21955.9,21982.2,12:25:00,22008.7550871892,3,39
2024-03-21,21975.95,21981.6,21965.7,21965.7,12:30:00,22005.63079317118,3,40
2024-03-21,21999.3,22004.45,21974.2,21975.6,12:35:00,22005.02786048821,3,41
2024-03-21,21998.95,22001.85,21987.1,21999.4,12:40:00,22004.449016632192,3,42
2024-03-21,21989.4,22007.2,21985.7,21998.85,12:45:00,22003.015776952936,3,43
2024-03-21,21993.1,21997.5,21983.5,21990.1,12:50:00,22002.071417243133,3,44
2024-03-21,22001.0,22008.65,21991.35,21993.55,12:55:00,22001.96937750569,3,45
2024-03-21,22011.65,22013.85,22000.5,22000.6,13:00:00,22002.891341552768,3,46
2024-03-21,22007.3,22015.3,21994.8,22011.2,13:05:00,22003.31121378584,3,47
2024-03-21,22003.6,22011.3,21998.25,22007.55,13:10:00,22003.338717234805,3,48
2024-03-21,22004.2,22005.75,21991.9,22002.35,13:15:00,22003.420744164825,3,49
2024-03-21,21998.8,22006.35,21994.85,22004.25,13:20:00,22002.980673291982,3,50
2024-03-21,22009.0,22011.45,21996.7,21999.2,13:25:00,22003.55394250227,3,51
2024-03-21,22012.9,22014.2,21999.6,22008.25,13:30:00,22004.44404321634,3,52
2024-03-21,22025.2,22030.45,22011.65,22012.65,13:35:00,22006.42080100526,3,53
2024-03-21,22018.1,22029.2,22011.0,22025.1,13:40:00,22007.533105671428,3,54
2024-03-21,21999.35,22021.55,21995.95,22017.85,13:45:00,22006.75376227415,3,55
2024-03-21,21989.05,22009.2,21987.3,21999.1,13:50:00,22005.067689676613,3,56
2024-03-21,22001.7,22003.1,21989.25,21989.75,13:55:00,22004.74695732646,3,57
2024-03-21,22006.55,22011.45,21995.65,22000.55,14:00:00,22004.91867567632,3,58
2024-03-21,21991.7,22010.75,21991.7,22006.05,14:05:00,22003.659754183336,3,59
2024-03-21,21998.5,22005.2,21990.0,21991.4,14:10:00,22003.168349023017,3,60
2024-03-21,22003.25,22008.7,21998.1,21999.75,14:15:00,22003.17612530653,3,61
2024-03-21,22016.75,22020.35,22001.25,22004.25,14:20:00,22004.468875277344,3,62
2024-03-21,22012.65,22030.55,22005.15,22017.2,14:25:00,22005.24803001284,3,63
2024-03-21,22011.1,22032.1,22011.1,22012.85,14:30:00,22005.805360487804,3,64
2024-03-21,22027.5,22030.8,22012.0,22012.65,14:35:00,22007.87151663182,3,65
2024-03-21,22027.85,22036.95,22019.45,22026.7,14:40:00,22009.77422933356,3,66
2024-03-21,22014.05,22033.7,22009.45,22028.45,14:45:00,22010.1814455875,3,67
2024-03-21,22003.7,22020.3,22000.2,22013.85,14:50:00,22009.564165055355,3,68
2024-03-21,21999.85,22003.85,21996.15,22003.3,14:55:00,22008.639006478654,3,69
2024-03-21,21991.75,22001.7,21982.6,21999.45,15:00:00,22007.030529671163,3,70
2024-03-21,22016.3,22024.75,21985.2,21992.25,15:05:00,22007.913336369147,3,71
2024-03-21,22028.4,22036.85,22011.15,22012.75,15:10:00,22009.864447191136,3,72
2024-03-21,22019.8,22028.65,22011.6,22025.1,15:15:00,22010.81069031579,3,73
2024-03-21,22027.8,22027.8,22013.0,22018.8,15:20:00,22012.428719809526,3,74
2024-03-21,22014.6,22038.25,22012.15,22027.85,15:25:00,22012.635508399093,3,75
2024-03-22,21965.65,21977.3,21928.55,21932.2,09:15:00,22001.22974723826,4,1
2024-03-22,21951.5,21966.15,21946.0,21966.15,09:20:00,21996.493580834613,4,2
2024-03-22,21898.75,21956.85,21890.8,21951.5,09:25:00,21987.18466837417,4,3
2024-03-22,21922.65,21925.6,21884.15,21897.25,09:30:00,21981.03850948139,4,4
2024-03-22,21958.15,21961.4,21919.65,21925.8,09:35:00,21978.858651435545,4,5
2024-03-22,21950.45,21969.25,21949.1,21957.2,09:40:00,21976.15306558454,4,6
2024-03-22,21946.25,21950.05,21913.2,21948.25,09:45:00,21973.30515457649,4,7
2024-03-22,21964.05,21975.05,21934.15,21945.4,09:50:00,21972.42371128349,4,8
2024-03-22,21990.8,21991.2,21958.4,21963.0,09:55:00,21974.173834018395,4,9
2024-03-22,22007.4,22017.2,21987.15,21990.7,10:00:00,21977.338230778547,4,10
2024-03-22,22008.9,22014.85,21987.75,22007.8,10:05:00,21980.344113561543,4,11
2024-03-22,22030.9,22040.2,21991.35,22009.05,10:10:00,21985.158959889017,4,12
2024-03-22,22057.5,22070.9,22018.3,22029.6,10:15:00,21992.04858275673,4,13
2024-03-22,22055.65,22070.15,22042.3,22059.5,10:20:00,21998.105860589425,4,14
2024-03-22,22055.85,22067.5,22036.3,22055.9,10:25:00,22003.60530243805,4,15
2024-03-22,22053.25,22066.4,22047.75,22056.1,10:30:00,22008.33336887252,4,16
2024-03-22,22058.9,22059.75,22045.1,22052.0,10:35:00,22013.14923850371,4,17
2024-03-22,22036.45,22071.05,22036.05,22060.25,10:40:00,22015.36835864621,4,18
2024-03-22,22036.1,22047.95,22026.65,22035.55,10:45:00,22017.342800679908,4,19
2024-03-22,22055.25,22057.9,22029.0,22036.15,10:50:00,22020.953010138965,4,20
2024-03-22,22037.7,22062.65,22033.15,22055.9,10:55:00,22022.5479615543,4,21
2024-03-22,22056.1,22059.05,22035.5,22037.35,11:00:00,22025.743393787223,4,22
2024-03-22,22068.4,22074.0,22049.85,22055.3,11:05:00,22029.80592771225,4,23
2024-03-22,22051.35,22068.25,22051.35,22068.25,11:10:00,22031.857744120607,4,24
2024-03-22,22069.5,22071.85,22049.45,22051.6,11:15:00,22035.442720871026,4,25
2024-03-22,22068.45,22077.95,22063.25,22069.85,11:20:00,22038.586271264263,4,26
2024-03-22,22074.1,22075.65,22060.0,22068.4,11:25:00,22041.96853114385,4,27
2024-03-22,22082.45,22089.0,22068.35,22073.45,11:30:00,22045.823909130155,4,28
2024-03-22,22089.3,22094.05,22079.85,22081.85,11:35:00,22049.964489213,4,29
2024-03-22,22087.1,22102.55,22085.25,22088.8,11:40:00,22053.501204526045,4,30
2024-03-22,22091.4,22091.7,22076.15,22086.95,11:45:00,22057.110613618803,4,31
2024-03-22,22091.6,22096.95,22085.95,22092.15,11:50:00,22060.39531708368,4,32
2024-03-22,22099.15,22101.95,22090.7,22091.35,11:55:00,22064.086239266187,4,33
2024-03-22,22086.05,22101.5,22085.15,22096.25,12:00:00,22066.17802600274,4,34
2024-03-22,22087.05,22091.0,22076.3,22086.4,12:05:00,22068.165833050098,4,35
2024-03-22,22076.55,22094.4,22072.5,22087.25,12:10:00,22068.964325140565,4,36
2024-03-22,22062.4,22079.65,22060.45,22076.3,12:15:00,22068.33915131765,4,37
2024-03-22,22082.4,22084.8,22062.15,22062.25,12:20:00,22069.67827976359,4,38
2024-03-22,22086.05,22093.35,22082.15,22082.15,12:25:00,22071.23749121468,4,39
2024-03-22,22086.55,22089.55,22076.35,22086.25,12:30:00,22072.695825384708,4,40
2024-03-22,22076.05,22087.3,22073.2,22085.55,12:35:00,22073.01527058617,4,41
2024-03-22,22082.95,22087.45,22075.3,22077.4,12:40:00,22073.961435292244,4,42
2024-03-22,22091.6,22093.85,22081.7,22081.7,12:45:00,22075.641298597744,4,43
2024-03-22,22101.85,22103.55,22087.3,22092.05,12:50:00,22078.13736539796,4,44
2024-03-22,22096.5,22103.1,22094.9,22101.65,12:55:00,22079.886187741013,4,45
2024-03-22,22109.5,22118.25,22095.05,22097.05,13:00:00,22082.7065508133,4,46
2024-03-22,22100.2,22111.65,22092.6,22108.1,13:05:00,22084.372593592983,4,47
2024-03-22,22106.25,22109.9,22097.5,22099.95,13:10:00,22086.45615610793,4,48
2024-03-22,22110.05,22115.9,22100.7,22106.3,13:15:00,22088.703188859563,4,49
2024-03-22,22105.35,22112.85,22102.25,22110.3,13:20:00,22090.288599444368,4,50
2024-03-22,22107.25,22112.4,22099.2,22104.15,13:25:00,22091.903970925858,4,51
2024-03-22,22099.55,22114.0,22094.95,22108.05,13:30:00,22092.632164171016,4,52
2024-03-22,22085.05,22099.25,22083.5,22098.3,13:35:00,22091.910053297583,4,53
2024-03-22,22092.0,22096.55,22078.3,22085.2,13:40:00,22091.9186196502,4,54
2024-03-22,22091.85,22096.35,22082.3,22092.1,13:45:00,22091.91208444542,4,55
2024-03-22,22094.15,22098.9,22086.6,22091.45,13:50:00,22092.125219260142,4,56
2024-03-22,22093.35,22107.55,22087.6,22093.35,13:55:00,22092.24186504489,4,57
2024-03-22,22097.55,22099.5,22088.5,22092.05,14:00:00,22092.74740170728,4,58
2024-03-22,22108.15,22109.6,22092.7,22096.15,14:05:00,22094.2143158304,4,59
2024-03-22,22105.0,22111.5,22099.8,22104.35,14:10:00,22095.24152384655,4,60
2024-03-22,22127.05,22132.45,22104.1,22104.25,14:15:00,22098.27090252783,4,61
2024-03-22,22139.05,22144.1,22125.65,22128.45,14:20:00,22102.15462609661,4,62
2024-03-22,22143.0,22147.65,22133.45,22138.35,14:25:00,22106.04466170645,4,63
2024-03-22,22128.65,22144.1,22123.95,22143.5,14:30:00,22108.197551067744,4,64
2024-03-22,22133.0,22138.95,22125.85,22129.25,14:35:00,22110.55968906129,4,65
2024-03-22,22153.45,22156.2,22131.15,22133.75,14:40:00,22114.644480579263,4,66
2024-03-22,22157.6,22179.0,22149.85,22151.0,14:45:00,22118.735482428856,4,67
2024-03-22,22145.9,22158.9,22138.8,22157.7,14:50:00,22121.32257934039,4,68
2024-03-22,22131.25,22150.2,22129.15,22144.4,14:55:00,22122.26804797464,4,69
2024-03-22,22125.35,22135.75,22111.95,22130.05,15:00:00,22122.561567215154,4,70
2024-03-22,22098.05,22124.65,22096.95,22124.15,15:05:00,22120.22713224228,4,71
2024-03-22,22079.65,22112.4,22063.8,22097.0,15:10:00,22116.3626434573,4,72
2024-03-22,22094.4,22094.75,22071.45,22081.6,15:15:00,22114.27096312804,4,73
2024-03-22,22082.2,22095.0,22069.8,22094.05,15:20:00,22111.216585687267,4,74
2024-03-22,22080.8,22093.2,22076.65,22081.3,15:25:00,22108.31976800277,4,75
2024-03-26,22058.65,22064.1,21947.9,21947.9,09:15:00,22089.766295349204,1,1
2024-03-26,22070.1,22071.45,22046.0,22057.6,09:20:00,22087.893314839755,1,2
2024-03-26,22064.95,22072.65,22044.55,22069.8,09:25:00,22085.70823723597,1,3
2024-03-26,22039.65,22065.15,22036.85,22065.15,09:30:00,22081.321738451592,1,4
2024-03-26,22037.05,22040.5,22018.8,22040.5,09:35:00,22077.105382408583,1,5
2024-03-26,22021.0,22043.95,22019.75,22036.7,09:40:00,22071.762012655385,1,6
2024-03-26,22030.3,22033.4,22007.6,22020.3,09:45:00,22067.813249545343,1,7
2024-03-26,22045.75,22045.75,22014.25,22030.1,09:50:00,22065.711987683884,1,8
2024-03-26,22040.05,22047.3,22037.1,22047.3,09:55:00,22063.267988856845,1,9
2024-03-26,22031.8,22040.9,22013.85,22040.45,10:00:00,22060.271037537143,1,10
2024-03-26,22012.6,22035.65,22008.05,22031.3,10:05:00,22055.73093872409,1,11
2024-03-26,22023.9,22028.1,22001.55,22012.95,10:10:00,22052.699420750363,1,12
2024-03-26,22019.2,22030.55,22014.6,22024.15,10:15:00,22049.50899972652,1,13
2024-03-26,22018.05,22023.7,22011.65,22019.15,10:20:00,22046.512904514468,1,14
2024-03-26,22046.05,22047.65,22013.9,22018.2,10:25:00,22046.46881837023,1,15
2024-03-26,22037.5,22064.8,22036.6,22045.3,10:30:00,22045.614645192112,1,16
2024-03-26,22028.2,22043.1,22025.15,22037.9,10:35:00,22043.956107554768,1,17
2024-03-26,22026.05,22030.8,22020.15,22029.05,10:40:00,22042.250763978125,1,18
2024-03-26,22031.95,22032.25,22020.6,22025.9,10:45:00,22041.26973883736,1,19
2024-03-26,22029.8,22041.2,22020.45,22032.35,10:50:00,22040.177382757603,1,20
2024-03-26,22032.3,22036.8,22029.15,22029.85,10:55:00,22039.427155828307,1,21
2024-03-26,22043.25,22043.25,22025.85,22032.35,11:00:00,22039.79123622561,1,22
2024-03-26,22036.3,22044.1,22030.95,22044.1,11:05:00,22039.458737537458,1,23
2024-03-26,22034.7,22041.7,22028.8,22036.55,11:10:00,22039.005524438653,1,24
2024-03-26,22040.65,22042.35,22029.7,22034.55,11:15:00,22039.162141158784,1,25
2024-03-26,22044.4,22045.3,22039.6,22039.6,11:20:00,22039.660984857943,1,26
2024-03-26,22052.55,22056.25,22042.55,22044.35,11:25:00,22040.88851010957,1,27
2024-03-26,22053.25,22054.5,22046.15,22051.35,11:30:00,22042.06579486104,1,28
2024-03-26,22042.25,22056.4,22040.75,22052.9,11:35:00,22042.083338207605,1,29
2024-03-26,22054.6,22054.6,22038.2,22042.35,11:40:00,22043.275401235453,1,30
2024-03-26,22055.75,22062.15,22053.6,22054.35,11:45:00,22044.46345826065,1,31
2024-03-26,22055.65,22062.2,22054.45,22055.5,11:50:00,22045.528843188207,1,32
2024-03-26,22051.5,22056.25,22048.45,22055.5,11:55:00,22046.09752478933,1,33
2024-03-26,22054.6,22062.0,22050.0,22050.65,12:00:00,22046.907284333203,1,34
2024-03-26,22047.25,22056.2,22044.25,22054.75,12:05:00,22046.93992392052,1,35
2024-03-26,22031.6,22047.4,22023.7,22047.05,12:10:00,22045.478978785228,1,36
2024-03-26,22033.35,22038.4,22029.65,22031.2,12:15:00,22044.32383794854,1,37
2024-03-26,22048.4,22050.05,22031.55,22032.8,12:20:00,22044.7120438582,1,38
2024-03-26,22051.05,22058.4,22046.2,22049.6,12:25:00,22045.315658728847,1,39
2024-03-26,22043.75,22055.05,22038.55,22051.45,12:30:00,22045.16654837372,1,40
2024-03-26,22047.3,22048.4,22038.1,22043.9,12:35:00,22045.36973424289,1,41
2024-03-26,22049.7,22052.4,22043.15,22046.95,12:40:00,22045.78214050547,1,42
2024-03-26,22053.75,22060.6,22046.25,22049.35,12:45:00,22046.54098426685,1,43
2024-03-26,22063.45,22065.2,22052.1,22053.8,12:50:00,22048.15136671763,1,44
2024-03-26,22067.15,22071.65,22053.75,22063.55,12:55:00,22049.960760363567,1,45
2024-03-26,22058.45,22072.55,22054.1,22067.35,13:00:00,22050.76925937656,1,46
2024-03-26,22062.8,22067.2,22049.25,22055.9,13:05:00,22051.91504419784,1,47
2024-03-26,22056.95,22066.05,22056.2,22062.9,13:10:00,22052.39456379805,1,48
2024-03-26,22061.55,22065.3,22055.75,22057.75,13:15:00,22053.266510103,1,49
2024-03-26,22052.25,22065.15,22051.7,22061.6,13:20:00,22053.169699617,1,50
2024-03-26,22050.2,22058.1,22046.85,22052.3,13:25:00,22052.88687108204,1,51
2024-03-26,22046.4,22054.9,22042.85,22050.25,13:30:00,22052.26907383613,1,52
2024-03-26,22043.85,22053.2,22041.25,22046.35,13:35:00,22051.46725728032,1,53
2024-03-26,22043.65,22050.05,22040.35,22043.2,13:40:00,22050.72275658695,1,54
2024-03-26,22035.9,22043.95,22029.05,22043.0,13:45:00,22049.311065483435,1,55
2024-03-26,22035.75,22043.3,22033.6,22035.35,13:50:00,22048.0195354374,1,56
2024-03-26,22049.85,22052.6,22032.55,22035.15,13:55:00,22048.193865395737,1,57
2024-03-26,22047.35,22051.45,22042.15,22049.75,14:00:00,22048.11349726281,1,58
2024-03-26,22052.6,22057.85,22045.55,22046.85,14:05:00,22048.54078323778,1,59
2024-03-26,22044.75,22053.5,22041.3,22051.9,14:10:00,22048.17975626275,1,60
2024-03-26,22039.25,22046.5,22034.85,22044.7,14:15:00,22047.329303285347,1,61
2024-03-26,22041.35,22047.8,22037.3,22039.85,14:20:00,22046.7598458296,1,62
2024-03-26,22044.6,22050.6,22038.6,22041.2,14:25:00,22046.554146226783,1,63
2024-03-26,22032.55,22047.85,22027.7,22045.2,14:30:00,22045.220418014706,1,64
2024-03-26,22011.25,22034.8,22007.15,22033.5,14:35:00,22041.985140108543,1,65
2024-03-26,22013.2,22018.0,22008.8,22011.1,14:40:00,22039.243698193444,1,66
2024-03-26,21996.65,22017.2,21994.4,22013.35,14:45:00,22035.18715550836,1,67
2024-03-26,22004.05,22005.55,21992.3,21997.0,14:50:00,22032.221712126608,1,68
2024-03-26,22005.0,22007.85,21997.35,22004.35,14:55:00,22029.629168114552,1,69
2024-03-26,21997.25,22016.75,21993.8,22004.6,15:00:00,22026.545437817927,1,70
2024-03-26,22012.55,22013.7,21996.85,21998.1,15:05:00,22025.212538978125,1,71
2024-03-26,22003.8,22013.1,22001.95,22013.1,15:10:00,22023.17324955164,1,72
2024-03-26,21999.3,22005.55,21996.35,22004.1,15:15:00,22020.899606737195,1,73
2024-03-26,22010.45,22012.6,21997.6,21999.45,15:20:00,22019.90440609556,1,74
2024-03-26,22019.8,22030.2,22008.1,22010.6,15:25:00,22019.89446265788,1,75
2024-03-27,22070.8,22090.6,22053.95,22053.95,09:15:00,22027.67709981745,2,1
2024-03-27,22067.75,22071.95,22055.4,22070.85,09:20:00,22031.493566501504,2,2
2024-03-27,22101.8,22103.95,22062.8,22067.75,09:25:00,22038.189417310885,2,3
2024-03-27,22117.45,22118.15,22102.0,22102.55,09:30:00,22045.73804423365,2,4
2024-03-27,22108.85,22124.8,22107.15,22117.7,09:35:00,22051.748706687595,2,5
2024-03-27,22113.15,22116.1,22102.95,22109.35,09:40:00,22057.596448907825,2,6
2024-03-27,22110.05,22121.4,22109.05,22113.1,09:45:00,22062.59202520232,2,7
2024-03-27,22112.15,22117.4,22103.0,22110.45,09:50:00,22067.311832325908,2,8
2024-03-27,22133.25,22135.15,22107.35,22112.6,09:55:00,22073.59165781868,2,9
2024-03-27,22149.65,22149.85,22133.1,22133.1,10:00:00,22080.835309455,2,10
2024-03-27,22159.25,22160.15,22143.4,22150.2,10:05:00,22088.30337522119,2,11
2024-03-27,22146.45,22160.6,22145.75,22159.35,10:10:00,22093.841149009648,2,12
2024-03-27,22153.05,22153.85,22142.9,22147.1,10:15:00,22099.480087199205,2,13
2024-03-27,22149.9,22157.65,22145.2,22154.0,10:20:00,22104.281983656423,2,14
2024-03-27,22139.5,22150.3,22137.7,22149.55,10:25:00,22107.636080451048,2,15
2024-03-27,22149.3,22149.55,22133.0,22140.4,10:30:00,22111.604072789043,2,16
2024-03-27,22149.0,22158.7,22144.9,22149.6,10:35:00,22115.16558966628,2,17
2024-03-27,22158.15,22162.1,22145.35,22148.85,10:40:00,22119.2593430314,2,18
2024-03-27,22145.65,22159.5,22143.2,22158.45,10:45:00,22121.772738933163,2,19
2024-03-27,22143.5,22147.2,22135.15,22144.7,10:50:00,22123.84200189191,2,20
2024-03-27,22149.1,22154.95,22140.25,22143.7,10:55:00,22126.24752552125,2,21
2024-03-27,22170.1,22170.1,22146.45,22147.95,11:00:00,22130.423951662087,2,22
2024-03-27,22158.6,22171.95,22158.4,22170.15,11:05:00,22133.107384837127,2,23
2024-03-27,22157.2,22159.8,22142.5,22158.0,11:10:00,22135.401919614545,2,24
2024-03-27,22168.1,22169.2,22155.75,22157.05,11:15:00,22138.5160225084,2,25
2024-03-27,22165.95,22169.85,22164.7,22168.1,11:20:00,22141.128782269505,2,26
2024-03-27,22167.75,22170.4,22159.65,22165.4,11:25:00,22143.66413633908,2,27
2024-03-27,22160.1,22168.35,22158.95,22167.3,11:30:00,22145.22945668773,2,28
2024-03-27,22171.65,22173.6,22154.3,22160.05,11:35:00,22147.74569890795,2,29
2024-03-27,22170.3,22181.6,22170.0,22171.8,11:40:00,22149.893727583385,2,30
2024-03-27,22177.6,22179.0,22167.65,22170.25,11:45:00,22152.53242019449,2,31
2024-03-27,22179.35,22182.8,22173.6,22177.6,11:50:00,22155.08647541406,2,32
2024-03-27,22172.45,22181.6,22172.3,22178.75,11:55:00,22156.740144422245,2,33
2024-03-27,22161.9,22178.15,22161.4,22172.35,12:00:00,22157.23155923917,2,34
2024-03-27,22163.55,22169.55,22161.85,22161.85,12:05:00,22157.83331550211,2,35
2024-03-27,22165.25,22167.5,22154.25,22163.5,12:10:00,22158.539666406672,2,36
2024-03-27,22172.85,22175.2,22163.65,22164.7,12:15:00,22159.902555320325,2,37
2024-03-27,22166.55,22174.5,22163.3,22172.7,12:20:00,22160.535645289816,2,38
2024-03-27,22157.55,22167.15,22157.55,22165.65,12:25:00,22160.25129811936,2,39
2024-03-27,22158.0,22161.1,22152.5,22157.6,12:30:00,22160.03688877465,2,40
2024-03-27,22161.4,22167.1,22157.3,22157.3,12:35:00,22160.16670889136,2,41
2024-03-27,22159.1,22168.6,22158.2,22162.25,12:40:00,22160.065117568367,2,42
2024-03-27,22158.2,22163.85,22155.95,22158.05,12:45:00,22159.88748732376,2,43
2024-03-27,22163.0,22165.1,22157.85,22158.35,12:50:00,22160.183917102448,2,44
2024-03-27,22169.3,22174.15,22162.9,22162.9,12:55:00,22161.05211547364,2,45
2024-03-27,22163.8,22176.8,22162.45,22168.0,13:00:00,22161.313818761864,2,46
2024-03-27,22152.4,22165.6,22149.85,22162.5,13:05:00,22160.464883641685,2,47
2024-03-27,22159.65,22160.5,22148.0,22151.65,13:10:00,22160.38727567581,2,48
2024-03-27,22165.65,22168.15,22159.1,22159.1,13:15:00,22160.888487516208,2,49
2024-03-27,22169.0,22170.3,22161.75,22165.3,13:20:00,22161.66101251466,2,50
2024-03-27,22167.0,22172.3,22163.35,22169.15,13:25:00,22162.169487513267,2,51
2024-03-27,22170.1,22172.65,22164.25,22166.3,13:30:00,22162.92477441677,2,52
2024-03-27,22175.95,22176.2,22167.4,22170.85,13:35:00,22164.16527209136,2,53
2024-03-27,22180.2,22183.4,22172.15,22176.55,13:40:00,22165.69238903504,2,54
2024-03-27,22188.35,22193.15,22181.1,22181.85,13:45:00,22167.85025674599,2,55
2024-03-27,22183.45,22190.05,22176.85,22189.75,13:50:00,22169.335946579708,2,56
2024-03-27,22177.35,22186.75,22171.9,22184.0,13:55:00,22170.0991897626,2,57
2024-03-27,22181.4,22183.45,22173.7,22177.3,14:00:00,22171.17545740425,2,58
2024-03-27,22190.2,22190.8,22180.75,22182.25,14:05:00,22172.98731860384,2,59
2024-03-27,22188.75,22191.35,22182.05,22190.35,14:10:00,22174.488526355857,2,60
2024-03-27,22188.85,22191.4,22182.35,22188.6,14:15:00,22175.85628575054,2,61
2024-03-27,22179.05,22190.25,22175.65,22188.75,14:20:00,22176.16044901239,2,62
2024-03-27,22175.25,22184.85,22174.65,22178.95,14:25:00,22176.07373958264,2,63
2024-03-27,22162.2,22178.0,22162.05,22176.1,14:30:00,22174.75243105096,2,64
2024-03-27,22171.65,22174.05,22159.45,22162.1,14:35:00,22174.45696142706,2,65
2024-03-27,22168.35,22177.45,22166.5,22172.25,14:40:00,22173.875346053053,2,66
2024-03-27,22162.15,22172.45,22160.95,22168.5,14:45:00,22172.758646428952,2,67
2024-03-27,22155.35,22164.5,22152.0,22161.3,14:50:00,22171.100680102387,2,68
2024-03-27,22154.4,22163.95,22152.15,22154.8,14:55:00,22169.510139140257,2,69
2024-03-27,22114.25,22154.3,22111.85,22153.75,15:00:00,22164.247268745945,2,70
2024-03-27,22100.85,22116.65,22093.3,22116.65,15:05:00,22158.20943362728,2,71
2024-03-27,22116.15,22118.35,22100.35,22102.55,15:10:00,22154.203773281824,2,72
2024-03-27,22138.65,22138.75,22109.65,22117.8,15:15:00,22152.7224615407,2,73
2024-03-27,22141.5,22151.1,22135.3,22139.65,15:20:00,22151.65365567968,2,74
2024-03-27,22147.2,22159.35,22139.25,22141.6,15:25:00,22151.229497995904,2,75
2024-03-28,22190.45,22205.4,22163.6,22163.6,09:15:00,22156.030722849253,3,1
2024-03-28,22211.3,22218.9,22186.2,22190.65,09:20:00,22161.29446353028,3,2
2024-03-28,22217.7,22224.1,22207.5,22213.5,09:25:00,22166.66641938453,3,3
2024-03-28,22224.75,22224.75,22205.55,22217.4,09:30:00,22172.19818896696,3,4
2024-03-28,22230.3,22232.35,22215.4,22223.75,09:35:00,22177.731694779635,3,5
2024-03-28,22257.9,22262.35,22220.65,22229.9,09:40:00,22185.36677146729,3,6
2024-03-28,22296.7,22296.7,22252.05,22258.7,09:45:00,22195.96993608945,3,7
2024-03-28,22305.65,22316.2,22290.85,22296.7,09:50:00,22206.41565646188,3,8
2024-03-28,22299.5,22307.35,22291.7,22305.6,09:55:00,22215.28083203694,3,9
2024-03-28,22301.55,22310.1,22293.05,22300.6,10:00:00,22223.49694327152,3,10
2024-03-28,22302.65,22316.65,22295.75,22303.55,10:05:00,22231.03532962661,3,11
2024-03-28,22306.25,22310.4,22295.65,22301.4,10:10:00,22238.19863156693,3,12
2024-03-28,22311.45,22326.0,22304.5,22306.05,10:15:00,22245.17495237009,3,13
2024-03-28,22305.95,22324.6,22303.3,22311.7,10:20:00,22250.96305214436,3,14
2024-03-28,22285.35,22309.05,22281.85,22307.0,10:25:00,22254.237999559187,3,15
2024-03-28,22293.4,22295.3,22278.5,22286.75,10:30:00,22257.967713886886,3,16
2024-03-28,22347.3,22351.1,22290.4,22294.2,10:35:00,22266.475550659565,3,17
2024-03-28,22355.5,22367.85,22346.85,22346.85,10:40:00,22274.95406964437,3,18
2024-03-28,22360.2,22361.4,22349.05,22354.7,10:45:00,22283.072729678235,3,19
2024-03-28,22348.95,22364.95,22346.25,22361.65,10:50:00,22289.346755423165,3,20
2024-03-28,22346.45,22352.4,22342.2,22349.4,10:55:00,22294.78515966858,3,21
2024-03-28,22360.1,22369.35,22345.55,22346.25,11:00:00,22301.00562065252,3,22
2024-03-28,22366.3,22367.95,22356.25,22360.2,11:05:00,22307.22413297133,3,23
2024-03-28,22367.3,22367.95,22360.1,22365.6,11:10:00,22312.94564411692,3,24
2024-03-28,22356.55,22368.6,22344.4,22366.85,11:15:00,22317.098439915306,3,25
2024-03-28,22358.0,22362.85,22354.05,22356.3,11:20:00,22320.99382659004,3,26
2024-03-28,22369.2,22373.0,22357.6,22357.6,11:25:00,22325.584890724323,3,27
2024-03-28,22360.15,22370.7,22357.8,22369.05,11:30:00,22328.87680589344,3,28
2024-03-28,22358.25,22361.45,22352.35,22359.35,11:35:00,22331.674252951205,3,29
2024-03-28,22359.3,22368.9,22357.25,22358.75,11:40:00,22334.305276479663,3,30
2024-03-28,22361.3,22364.4,22356.75,22359.9,11:45:00,22336.876202529216,3,31
2024-03-28,22359.8,22370.35,22359.25,22361.45,11:50:00,22339.05942133596,3,32
2024-03-28,22330.75,22359.8,22321.05,22359.15,11:55:00,22338.26804787539,3,33
2024-03-28,22341.9,22341.95,22325.65,22332.85,12:00:00,22338.61394807773,3,34
2024-03-28,22330.6,22345.45,22327.3,22342.2,12:05:00,22337.85071492748,3,35
2024-03-28,22334.2,22335.45,22326.6,22329.85,12:10:00,22337.503027791525,3,36
2024-03-28,22332.6,22339.8,22327.5,22334.15,12:15:00,22337.036072763764,3,37
2024-03-28,22356.55,22357.8,22331.15,22332.55,12:20:00,22338.89454202436,3,38
2024-03-28,22353.85,22364.7,22352.25,22356.4,12:25:00,22340.31887135537,3,39
2024-03-28,22366.75,22369.75,22350.75,22355.7,12:30:00,22342.83612170248,3,40
2024-03-28,22402.4,22423.1,22365.4,22366.1,12:35:00,22348.50887201653,3,41
2024-03-28,22414.25,22420.8,22402.75,22402.85,12:40:00,22354.76993182448,3,42
2024-03-28,22424.05,22434.2,22411.05,22413.65,12:45:00,22361.36803355548,3,43
2024-03-28,22420.7,22425.9,22413.95,22424.85,12:50:00,22367.01869702639,3,44
2024-03-28,22403.8,22421.15,22400.3,22419.8,12:55:00,22370.52167826197,3,45
2024-03-28,22401.95,22412.45,22401.55,22405.15,13:00:00,22373.514851760832,3,46
2024-03-28,22411.0,22418.75,22399.85,22402.15,13:05:00,22377.084865878845,3,47
2024-03-28,22408.65,22413.25,22397.85,22409.55,13:10:00,22380.09106912848,3,48
2024-03-28,22412.85,22414.85,22406.45,22409.8,13:15:00,22383.21096730672,3,49
2024-03-28,22420.8,22421.05,22407.25,22412.6,13:20:00,22386.79087518227,3,50
2024-03-28,22413.0,22426.45,22412.15,22420.4,13:25:00,22389.286982307767,3,51
2024-03-28,22422.3,22428.7,22412.3,22412.3,13:30:00,22392.43107923084,3,52
2024-03-28,22413.05,22429.85,22412.15,22422.6,13:35:00,22394.39478597076,3,53
2024-03-28,22416.4,22420.75,22405.95,22412.25,13:40:00,22396.49052064021,3,54
2024-03-28,22416.65,22423.3,22413.55,22416.35,13:45:00,22398.41047105543,3,55
2024-03-28,22432.05,22442.0,22414.5,22417.0,13:50:00,22401.61423571682,3,56
2024-03-28,22432.75,22440.45,22424.6,22432.35,13:55:00,22404.579546600933,3,57
2024-03-28,22434.0,22440.95,22426.55,22433.3,14:00:00,22407.3814945437,3,58
2024-03-28,22447.1,22455.75,22426.2,22432.35,14:05:00,22411.164209349063,3,59
2024-03-28,22467.95,22473.75,22446.85,22448.75,14:10:00,22416.57237988725,3,60
2024-03-28,22483.95,22488.7,22460.15,22468.05,14:15:00,22422.98929608846,3,61
2024-03-28,22473.95,22490.95,22472.0,22483.65,14:20:00,22427.84269646099,3,62
2024-03-28,22487.25,22495.95,22472.0,22473.85,14:25:00,22433.500534893275,3,63
2024-03-28,22483.4,22492.8,22479.45,22486.95,14:30:00,22438.25286490344,3,64
2024-03-28,22502.65,22502.65,22472.4,22484.55,14:35:00,22444.38592538883,3,65
2024-03-28,22503.2,22513.2,22496.45,22501.85,14:40:00,22449.98726582799,3,66
2024-03-28,22472.4,22503.45,22465.5,22499.5,14:45:00,22452.12181193961,3,67
2024-03-28,22461.15,22478.6,22458.3,22471.6,14:50:00,22452.98163937393,3,68
2024-03-28,22419.95,22461.5,22416.05,22460.9,14:55:00,22449.83576895737,3,69
2024-03-28,22355.2,22420.3,22352.75,22420.3,15:00:00,22440.82283858048,3,70
2024-03-28,22281.35,22374.7,22281.35,22355.9,15:05:00,22425.634949191863,3,71
2024-03-28,22268.9,22315.65,22264.95,22285.3,15:10:00,22410.70781117359,3,72
2024-03-28,22292.0,22299.35,22264.65,22270.2,15:15:00,22399.40230534753,3,73
2024-03-28,22319.7,22322.6,22284.2,22292.4,15:20:00,22391.81160960015,3,74
2024-03-28,22343.1,22343.7,22318.8,22321.6,15:25:00,22387.17240868585,3,75
2024-04-01,22511.75,22513.65,22455.0,22455.0,09:15:00,22404.881495545564,0,1
2024-04-01,22500.95,22513.6,22485.5,22512.55,09:20:00,22414.030876922177,0,2
2024-04-01,22493.85,22517.85,22489.05,22502.3,09:25:00,22421.632698167683,0,3
2024-04-01,22510.1,22512.5,22492.1,22493.75,09:30:00,22430.058155485047,0,4
2024-04-01,22508.0,22529.1,22507.75,22510.4,09:35:00,22437.481188296,0,5
2024-04-01,22482.6,22508.7,22466.7,22505.0,09:40:00,22441.778217982093,0,6
2024-04-01,22487.1,22493.85,22475.9,22483.25,09:45:00,22446.09457817428,0,7
2024-04-01,22502.6,22506.4,22488.25,22488.5,09:50:00,22451.476046919583,0,8
2024-04-01,22520.05,22523.3,22499.55,22503.5,09:55:00,22458.006899593907,0,9
2024-04-01,22502.3,22524.4,22501.55,22519.6,10:00:00,22462.22529010877,0,10
2024-04-01,22499.5,22508.6,22496.85,22502.55,10:05:00,22465.775262479365,0,11
2024-04-01,22503.65,22508.95,22495.3,22499.65,10:10:00,22469.38238033848,0,12
2024-04-01,22506.8,22511.15,22502.2,22503.8,10:15:00,22472.94596316338,0,13
2024-04-01,22508.55,22512.75,22488.3,22506.4,10:20:00,22476.336823814487,0,14
2024-04-01,22500.05,22509.45,22497.7,22507.95,10:25:00,22478.59522154644,0,15
2024-04-01,22499.6,22502.9,22488.75,22500.35,10:30:00,22480.59567663725,0,16
2024-04-01,22493.95,22506.5,22492.65,22500.1,10:35:00,22481.867516957514,0,17
2024-04-01,22492.1,22500.65,22489.4,22494.6,10:40:00,22482.84203915204,0,18
2024-04-01,22488.0,22494.1,22481.15,22492.05,10:45:00,22483.333273518507,0,19
2024-04-01,22486.05,22497.1,22484.15,22488.25,10:50:00,22483.59200937389,0,20
2024-04-01,22477.05,22486.2,22467.45,22485.55,10:55:00,22482.96896086209,0,21
2024-04-01,22464.25,22480.35,22463.5,22475.45,11:00:00,22481.18620268475,0,22
2024-04-01,22456.85,22468.8,22456.85,22463.75,11:05:00,22478.868469095723,0,23
2024-04-01,22479.45,22479.8,22453.3,22457.2,11:10:00,22478.92385299137,0,24
2024-04-01,22485.6,22491.5,22479.8,22479.8,11:15:00,22479.559676516004,0,25
2024-04-01,22483.6,22489.7,22481.75,22486.95,11:20:00,22479.944469228765,0,26
2024-04-01,22481.75,22486.05,22477.5,22482.35,11:25:00,22480.116424540312,0,27
2024-04-01,22475.3,22487.2,22473.9,22482.65,11:30:00,22479.65771744124,0,28
2024-04-01,22472.3,22477.55,22469.25,22475.7,11:35:00,22478.95698244683,0,29
2024-04-01,22467.25,22474.5,22459.7,22471.4,11:40:00,22477.842031737608,0,30
2024-04-01,22469.65,22471.4,22463.7,22466.8,11:45:00,22477.061838238787,0,31
2024-04-01,22471.05,22476.65,22469.2,22470.3,11:50:00,22476.489282216044,0,32
2024-04-01,22481.55,22482.3,22467.05,22471.4,11:55:00,22476.971255338325,0,33
2024-04-01,22482.6,22489.05,22478.35,22482.35,12:00:00,22477.507326258485,0,34
2024-04-01,22473.25,22484.4,22472.95,22482.8,12:05:00,22477.10186661482,0,35
2024-04-01,22462.2,22476.45,22462.2,22474.05,12:10:00,22475.68264122293,0,36
2024-04-01,22473.35,22473.85,22461.0,22461.95,12:15:00,22475.460484915984,0,37
2024-04-01,22482.45,22483.25,22472.6,22472.6,12:20:00,22476.126153019224,0,38
2024-04-01,22473.3,22483.2,22472.65,22482.1,12:25:00,22475.85699558882,0,39
2024-04-01,22472.65,22479.85,22471.9,22472.95,12:30:00,22475.551567437506,0,40
2024-04-01,22471.85,22475.4,22470.05,22472.35,12:35:00,22475.19903720536,0,41
2024-04-01,22474.6,22477.4,22470.2,22472.2,12:40:00,22475.141986042945,0,42
2024-04-01,22464.8,22475.05,22461.55,22474.15,12:45:00,22474.15703499124,0,43
2024-04-01,22452.9,22467.75,22452.4,22465.1,12:50:00,22472.132555468263,0,44
2024-04-01,22461.65,22463.55,22449.85,22452.9,12:55:00,22471.13421685224,0,45
2024-04-01,22453.5,22464.75,22451.75,22462.2,13:00:00,22469.454767628216,0,46
2024-04-01,22440.2,22453.25,22427.85,22453.2,13:05:00,22466.668599282675,0,47
2024-04-01,22445.75,22448.4,22437.95,22439.55,13:10:00,22464.676351731945,0,48
2024-04-01,22450.9,22454.55,22445.65,22445.8,13:15:00,22463.364318233667,0,49
2024-04-01,22452.75,22455.0,22446.95,22452.15,13:20:00,22462.35343078284,0,50
2024-04-01,22457.95,22461.25,22452.7,22452.8,13:25:00,22461.934056422568,0,51
2024-04-01,22466.65,22472.3,22457.9,22457.9,13:30:00,22462.38319390613,0,52
2024-04-01,22470.1,22470.1,22465.0,22466.95,13:35:00,22463.118127819835,0,53
2024-04-01,22459.85,22471.5,22456.1,22470.15,13:40:00,22462.80687755128,0,54
2024-04-01,22463.6,22463.6,22452.05,22458.7,13:45:00,22462.882413022584,0,55
2024-04-01,22450.65,22462.8,22445.05,22462.8,13:50:00,22461.717421306148,0,56
2024-04-01,22460.2,22462.0,22448.0,22450.45,13:55:00,22461.57290499128,0,57
2024-04-01,22471.1,22471.1,22459.65,22460.15,14:00:00,22462.48024737306,0,58
2024-04-01,22462.55,22473.3,22461.35,22471.2,14:05:00,22462.486890480388,0,59
2024-04-01,22454.5,22469.25,22453.75,22461.85,14:10:00,22461.72623424416,0,60
2024-04-01,22461.25,22461.7,22453.8,22456.1,14:15:00,22461.680878601863,0,61
2024-04-01,22451.15,22467.5,22450.5,22460.9,14:20:00,22460.67793778264,0,62
2024-04-01,22461.2,22463.45,22450.95,22451.55,14:25:00,22460.72765799382,0,63
2024-04-01,22451.8,22466.05,22451.6,22462.2,14:30:00,22459.87740485155,0,64
2024-04-01,22456.45,22457.95,22444.95,22451.75,14:35:00,22459.55098534188,0,65
2024-04-01,22436.25,22462.15,22434.15,22455.95,14:40:00,22457.331843880747,0,66
2024-04-01,22455.3,22455.55,22433.5,22435.9,14:45:00,22457.13833493972,0,67
2024-04-01,22460.25,22462.55,22453.9,22455.6,14:50:00,22457.43468399308,0,68
2024-04-01,22457.1,22461.3,22450.65,22459.9,14:55:00,22457.40280932707,0,69
2024-04-01,22453.25,22466.95,22452.55,22458.35,15:00:00,22457.00730367688,0,70
2024-04-01,22461.5,22462.5,22447.65,22454.6,15:05:00,22457.43517951717,0,71
2024-04-01,22464.05,22465.85,22458.7,22461.65,15:10:00,22458.065162420306,0,72
2024-04-01,22468.8,22477.7,22463.5,22465.6,15:15:00,22459.087527904085,0,73
2024-04-01,22459.85,22469.8,22457.15,22469.8,15:20:00,22459.16014429417,0,74
2024-04-01,22469.05,22473.9,22456.5,22459.0,15:25:00,22460.102035313776,0,75
2024-04-02,22435.55,22462.4,22426.2,22458.8,09:15:00,22457.65155271717,1,1
2024-04-02,22430.6,22438.3,22415.9,22435.2,09:20:00,22455.075214363154,1,2
2024-04-02,22444.35,22450.0,22430.0,22430.15,09:25:00,22454.053765376186,1,3
2024-04-02,22491.1,22496.9,22441.4,22443.1,09:30:00,22457.5819781975,1,4
2024-04-02,22479.0,22490.8,22476.75,22490.55,09:35:00,22459.621789797737,1,5
2024-04-02,22480.5,22487.95,22472.8,22478.4,09:40:00,22461.61019076938,1,6
2024-04-02,22461.55,22483.7,22451.4,22480.35,09:45:00,22461.60445831516,1,7
2024-04-02,22445.7,22462.7,22444.15,22461.25,09:50:00,22460.089747999427,1,8
2024-04-02,22429.9,22450.9,22428.7,22445.35,09:55:00,22457.214533904244,1,9
2024-04-02,22452.0,22455.4,22429.85,22429.85,10:00:00,22456.71791162765,1,10
2024-04-02,22435.0,22451.4,22433.5,22448.75,10:05:00,22454.649539091683,1,11
2024-04-02,22433.6,22442.25,22428.65,22434.8,10:10:00,22452.64482108295,1,12
2024-04-02,22436.9,22438.95,22426.65,22434.0,10:15:00,22451.145314313144,1,13
2024-04-02,22431.3,22448.35,22430.55,22436.15,10:20:00,22449.25528437856,1,14
2024-04-02,22430.15,22432.8,22421.55,22431.65,10:25:00,22447.435733485363,1,15
2024-04-02,22432.65,22434.3,22426.65,22429.65,10:30:00,22446.02756839152,1,16
2024-04-02,22415.2,22438.85,22409.9,22432.3,10:35:00,22443.09160949709,1,17
2024-04-02,22424.75,22427.35,22413.0,22414.65,10:40:00,22441.344789544983,1,18
2024-04-02,22423.6,22434.05,22422.85,22424.8,10:45:00,22439.65480958832,1,19
2024-04-02,22414.4,22424.95,22412.6,22424.2,10:50:00,22437.24958962753,1,20
2024-04-02,22400.75,22417.9,22400.5,22412.25,10:55:00,22433.77343823443,1,21
2024-04-02,22409.9,22410.1,22389.15,22400.85,11:00:00,22431.4997774502,1,22
2024-04-02,22425.2,22436.35,22409.7,22410.15,11:05:00,22430.89979864542,1,23
2024-04-02,22432.4,22432.4,22417.15,22425.05,11:10:00,22431.042674964905,1,24
2024-04-02,22434.25,22445.15,22428.6,22430.4,11:15:00,22431.34813449205,1,25
2024-04-02,22423.75,22435.85,22422.15,22434.6,11:20:00,22430.624502635663,1,26
2024-04-02,22417.45,22426.15,22416.4,22424.6,11:25:00,22429.36978809893,1,27
2024-04-02,22424.25,22425.35,22413.95,22417.95,11:30:00,22428.88218923237,1,28
2024-04-02,22431.5,22434.45,22422.8,22424.4,11:35:00,22429.13150454357,1,29
2024-04-02,22425.8,22436.8,22424.25,22432.0,11:40:00,22428.81421839656,1,30
2024-04-02,22426.75,22426.8,22416.4,22425.95,11:45:00,22428.61762616832,1,31
2024-04-02,22424.95,22428.25,22422.8,22426.75,11:50:00,22428.268328438,1,32
2024-04-02,22417.15,22425.55,22416.5,22424.55,11:55:00,22427.209440015333,1,33
2024-04-02,22423.2,22424.6,22414.45,22417.5,12:00:00,22426.8275885853,1,34
2024-04-02,22418.25,22427.55,22417.75,22423.35,12:05:00,22426.0106753867,1,35
2024-04-02,22424.5,22424.5,22414.4,22418.75,12:10:00,22425.86680154035,1,36
2024-04-02,22428.35,22429.45,22420.9,22424.15,12:15:00,22426.103296631743,1,37
2024-04-02,22419.95,22430.1,22418.35,22429.15,12:20:00,22425.517268381103,1,38
2024-04-02,22420.45,22422.7,22416.55,22420.85,12:25:00,22425.034671392423,1,39
2024-04-02,22425.25,22427.15,22420.6,22420.6,12:30:00,22425.05517887886,1,40
2024-04-02,22430.15,22430.15,22420.5,22425.15,12:35:00,22425.540399938018,1,41
2024-04-02,22427.95,22432.05,22424.5,22429.65,12:40:00,22425.769885658206,1,42
2024-04-02,22422.6,22430.7,22421.9,22428.6,12:45:00,22425.467991786,1,43
2024-04-02,22429.75,22432.15,22421.8,22422.45,12:50:00,22425.87580209209,1,44
2024-04-02,22421.15,22431.35,22418.65,22430.75,12:55:00,22425.42572570237,1,45
2024-04-02,22419.5,22424.75,22416.65,22421.05,13:00:00,22424.861370873576,1,46
2024-04-02,22414.25,22420.45,22408.2,22420.3,13:05:00,22423.850764123712,1,47
2024-04-02,22409.05,22421.15,22408.75,22413.9,13:10:00,22422.441167540503,1,48
2024-04-02,22397.2,22410.6,22393.05,22409.65,13:15:00,22420.03724682236,1,49
2024-04-02,22408.55,22408.55,22396.1,22396.95,13:20:00,22418.943223315466,1,50
2024-04-02,22415.35,22417.2,22407.85,22408.75,13:25:00,22418.601011571136,1,51
2024-04-02,22418.95,22423.15,22415.4,22415.55,13:30:00,22418.63424856436,1,52
2024-04-02,22418.8,22421.55,22414.3,22418.55,13:35:00,22418.650034415376,1,53
2024-04-02,22414.35,22419.55,22413.4,22419.55,13:40:00,22418.2405073282,1,54
2024-04-02,22413.15,22421.85,22409.65,22413.75,13:45:00,22417.755697106462,1,55
2024-04-02,22407.05,22413.3,22406.6,22412.75,13:50:00,22416.73610690585,1,56
2024-04-02,22405.1,22414.55,22404.2,22406.65,13:55:00,22415.627906248148,1,57
2024-04-02,22409.4,22412.95,22404.6,22404.95,14:00:00,22415.034772319752,1,58
2024-04-02,22414.4,22415.85,22400.6,22409.6,14:05:00,22414.97431781311,1,59
2024-04-02,22414.0,22420.6,22412.85,22414.2,14:10:00,22414.88152564044,1,60
2024-04-02,22422.6,22427.15,22410.1,22414.15,14:15:00,22415.616618436583,1,61
2024-04-02,22419.25,22422.9,22418.45,22422.9,14:20:00,22415.96265477596,1,62
2024-04-02,22422.65,22425.0,22411.8,22419.75,14:25:00,22416.599544797296,1,63
2024-04-02,22423.25,22432.95,22420.2,22421.5,14:30:00,22417.232921483268,1,64
2024-04-02,22417.7,22424.95,22412.75,22424.2,14:35:00,22417.27740515153,1,65
2024-04-02,22420.55,22421.6,22412.95,22418.65,14:40:00,22417.589080851383,1,66
2024-04-02,22424.7,22428.85,22420.45,22420.45,14:45:00,22418.26631124649,1,67
2024-04-02,22433.35,22433.8,22421.9,22424.65,14:50:00,22419.70285303254,1,68
2024-04-02,22433.25,22436.95,22427.9,22433.1,14:55:00,22420.99305750563,1,69
2024-04-02,22444.0,22447.75,22431.95,22432.35,15:00:00,22423.18419488605,1,70
2024-04-02,22443.7,22450.7,22438.75,22442.95,15:05:00,22425.13808108737,1,71
2024-04-02,22452.3,22461.55,22439.9,22443.2,15:10:00,22427.724930507626,1,72
2024-04-02,22461.9,22462.75,22450.95,22451.45,15:15:00,22430.979699030708,1,73
2024-04-02,22465.05,22467.6,22457.65,22462.0,15:20:00,22434.22448959921,1,74
2024-04-02,22464.3,22470.3,22459.05,22465.15,15:25:00,22437.08882392309,1,75
2024-04-03,22369.65,22395.95,22353.4,22385.7,09:15:00,22426.23801686222,2,1
2024-04-03,22364.75,22372.85,22355.9,22369.5,09:20:00,22420.38201525629,2,2
2024-04-03,22363.95,22367.15,22347.8,22363.2,09:25:00,22415.00753761284,2,3
2024-04-03,22371.5,22376.0,22358.0,22363.85,09:30:00,22410.863962602096,2,4
2024-04-03,22377.6,22381.75,22366.1,22373.25,09:35:00,22407.695966163803,2,5
2024-04-03,22369.15,22383.75,22368.85,22378.45,09:40:00,22404.024921767254,2,6
2024-04-03,22372.05,22375.25,22362.2,22368.85,09:45:00,22400.97969112276,2,7
2024-04-03,22389.35,22389.9,22371.6,22372.05,09:50:00,22399.872101492016,2,8
2024-04-03,22392.9,22398.05,22386.65,22389.3,09:55:00,22399.20809182612,2,9
2024-04-03,22424.15,22428.55,22384.4,22392.8,10:00:00,22401.5835116522,2,10
2024-04-03,22431.55,22439.95,22417.1,22423.4,10:05:00,22404.43746292342,2,11
2024-04-03,22448.6,22457.1,22424.5,22430.8,10:10:00,22408.64341883548,2,12
2024-04-03,22446.6,22453.95,22441.35,22448.15,10:15:00,22412.25833132733,2,13
2024-04-03,22461.2,22466.05,22446.75,22447.1,10:20:00,22416.919442629496,2,14
2024-04-03,22453.55,22465.35,22447.65,22461.2,10:25:00,22420.408067140976,2,15
2024-04-03,22459.85,22461.0,22450.15,22452.55,10:30:00,22424.164441698977,2,16
2024-04-03,22453.3,22461.4,22445.2,22459.8,10:35:00,22426.939256775266,2,17
2024-04-03,22456.2,22463.45,22447.9,22451.65,10:40:00,22429.72599422524,2,18
2024-04-03,22428.25,22457.1,22424.45,22455.6,10:45:00,22429.58542334665,2,19
2024-04-03,22427.8,22431.8,22419.1,22427.35,10:50:00,22429.41538302792,2,20
2024-04-03,22444.65,22445.0,22426.5,22427.6,10:55:00,22430.86629893002,2,21
2024-04-03,22445.2,22451.85,22440.1,22444.9,11:00:00,22432.23141331764,2,22
2024-04-03,22445.8,22448.45,22442.55,22445.65,11:05:00,22433.523659668343,2,23
2024-04-03,22447.7,22453.2,22444.0,22445.85,11:10:00,22434.87378731897,2,24
2024-04-03,22459.9,22460.8,22445.3,22447.6,11:15:00,22437.25723614574,2,25
2024-04-03,22457.1,22462.4,22446.2,22460.85,11:20:00,22439.14702317948,2,26
2024-04-03,22458.4,22469.85,22454.6,22457.85,11:25:00,22440.98064001953,2,27
2024-04-03,22463.1,22464.95,22455.15,22459.1,11:30:00,22443.08724573196,2,28
2024-04-03,22457.4,22463.95,22454.2,22462.55,11:35:00,22444.45036518605,2,29
2024-04-03,22452.45,22459.7,22448.75,22457.1,11:40:00,22445.21223516833,2,30
2024-04-03,22449.3,22461.25,22447.85,22452.15,11:45:00,22445.60154610468,2,31
2024-04-03,22445.95,22453.45,22445.65,22449.3,11:50:00,22445.63473218995,2,32
2024-04-03,22453.5,22456.7,22445.1,22446.4,11:55:00,22446.38380531472,2,33
2024-04-03,22453.95,22461.5,22453.65,22454.4,12:00:00,22447.104395284743,2,34
2024-04-03,22462.6,22463.05,22451.15,22454.05,12:05:00,22448.580167162385,2,35
2024-04-03,22479.0,22480.3,22461.2,22461.65,12:10:00,22451.4772940993,2,36
2024-04-03,22483.6,22494.1,22479.75,22479.75,12:15:00,22454.536599423176,2,37
2024-04-03,22480.05,22484.9,22471.75,22482.65,12:20:00,22456.96644709716,2,38
2024-04-03,22483.8,22485.55,22477.35,22479.2,12:25:00,22459.52202356409,2,39
2024-04-03,22491.15,22495.3,22484.7,22484.7,12:30:00,22462.534211796086,2,40
2024-04-03,22486.1,22493.1,22482.35,22491.2,12:35:00,22464.77857257741,2,41
2024-04-03,22502.65,22504.4,22485.3,22486.0,12:40:00,22468.38537518909,2,42
2024-04-03,22507.2,22520.65,22501.35,22501.9,12:45:00,22472.08200612346,2,43
2024-04-03,22507.45,22520.9,22506.65,22508.1,12:50:00,22475.45038649265,2,44
2024-04-03,22502.75,22509.45,22499.25,22507.2,12:55:00,22478.05034968383,2,45
2024-04-03,22500.55,22504.95,22498.8,22502.65,13:00:00,22480.193173523465,2,46
2024-04-03,22491.4,22504.2,22490.0,22501.95,13:05:00,22481.260490330755,2,47
2024-04-03,22485.3,22497.0,22485.3,22490.55,13:10:00,22481.645205537352,2,48
2024-04-03,22496.45,22503.95,22484.5,22484.5,13:15:00,22483.055185962367,2,49
2024-04-03,22488.4,22497.15,22486.95,22496.75,13:20:00,22483.564215870712,2,50
2024-04-03,22491.05,22498.65,22486.85,22487.1,13:25:00,22484.277147692548,2,51
2024-04-03,22489.1,22494.6,22484.45,22489.9,13:30:00,22484.736466959923,2,52
2024-04-03,22504.35,22505.75,22486.05,22488.1,13:35:00,22486.604422487548,2,53
2024-04-03,22496.0,22508.75,22491.95,22503.75,13:40:00,22487.49923939349,2,54
2024-04-03,22494.75,22497.5,22489.65,22495.8,13:45:00,22488.18978802269,2,55
2024-04-03,22489.2,22501.15,22485.1,22494.6,13:50:00,22488.28599868719,2,56
2024-04-03,22474.15,22491.35,22472.45,22488.4,13:55:00,22486.939713097938,2,57
2024-04-03,22472.0,22475.2,22459.1,22474.0,14:00:00,22485.516883279088,2,58
2024-04-03,22472.4,22472.9,22459.65,22470.7,14:05:00,22484.26765630013,2,59
2024-04-03,22494.95,22497.35,22472.6,22472.6,14:10:00,22485.285022366777,2,60
2024-04-03,22489.9,22500.75,22487.9,22494.95,14:15:00,22485.724544046134,2,61
2024-04-03,22473.45,22491.6,22468.2,22490.25,14:20:00,22484.555539851262,2,62
2024-04-03,22475.15,22477.65,22468.7,22475.7,14:25:00,22483.659774151143,2,63
2024-04-03,22454.75,22477.75,22449.65,22475.85,14:30:00,22480.906462327224,2,64
2024-04-03,22442.9,22460.75,22442.45,22454.75,14:35:00,22477.286799248443,2,65
2024-04-03,22448.65,22456.25,22441.4,22442.7,14:40:00,22474.559485034304,2,66
2024-04-03,22446.75,22452.05,22441.9,22449.15,14:45:00,22471.910962650083,2,67
2024-04-03,22448.9,22454.55,22439.9,22445.7,14:50:00,22469.71944239769,2,68
2024-04-03,22445.5,22450.6,22434.45,22448.2,14:55:00,22467.41282883601,2,69
2024-04-03,22438.35,22459.0,22423.45,22446.5,15:00:00,22464.64494037544,2,70
2024-04-03,22432.75,22438.3,22425.0,22437.8,15:05:00,22461.60732700635,2,71
2024-04-03,22430.7,22436.85,22430.05,22432.8,15:10:00,22458.663772053365,2,72
2024-04-03,22432.15,22443.25,22429.75,22430.75,15:15:00,22456.13865090543,2,73
2024-04-03,22437.65,22438.55,22423.5,22432.4,15:20:00,22454.37782700968,2,74
2024-04-03,22445.55,22447.1,22434.05,22438.15,15:25:00,22453.537081580183,2,75
2024-04-04,22580.65,22603.6,22542.8,22592.1,09:15:00,22477.582735715296,3,1
2024-04-04,22544.8,22580.9,22534.05,22580.3,09:20:00,22483.98437993289,3,2
2024-04-04,22524.2,22555.35,22522.1,22545.5,09:25:00,22487.8144389869,3,3
2024-04-04,22486.05,22524.9,22468.55,22519.9,09:30:00,22487.646397178625,3,4
2024-04-04,22485.7,22498.45,22466.4,22486.05,09:35:00,22487.461026018755,3,5
2024-04-04,22454.65,22501.55,22451.6,22486.05,09:40:00,22484.33616639792,3,6
2024-04-04,22471.2,22476.7,22447.75,22453.05,09:45:00,22483.08510293145,3,7
2024-04-04,22406.2,22485.25,22388.3,22470.8,09:50:00,22475.762712176074,3,8
2024-04-04,22401.3,22418.3,22384.35,22408.75,09:55:00,22468.671025302163,3,9
2024-04-04,22425.2,22430.55,22396.05,22401.8,10:00:00,22464.530927654338,3,10
2024-04-04,22419.75,22446.95,22415.3,22423.8,10:05:00,22460.266077401546,3,11
2024-04-04,22376.1,22430.15,22376.1,22417.5,10:10:00,22452.25026050616,3,12
2024-04-04,22431.65,22433.8,22373.05,22373.75,10:15:00,22450.288330934145,3,13
2024-04-04,22436.8,22450.3,22421.7,22429.35,10:20:00,22449.003727988034,3,14
2024-04-04,22419.9,22444.8,22413.65,22436.55,10:25:00,22446.231944370127,3,15
2024-04-04,22418.55,22428.9,22412.45,22420.5,10:30:00,22443.595568715828,3,16
2024-04-04,22420.1,22426.95,22409.25,22418.0,10:35:00,22441.3578955048,3,17
2024-04-04,22415.3,22437.1,22413.75,22421.7,10:40:00,22438.876191171006,3,18
2024-04-04,22418.8,22428.0,22412.2,22413.4,10:45:00,22436.964172964246,3,19
2024-04-04,22317.5,22423.95,22310.95,22420.1,10:50:00,22425.586632681938,3,20
2024-04-04,22362.95,22365.85,22307.45,22315.4,10:55:00,22419.62123909318,3,21
2024-04-04,22361.45,22370.95,22352.4,22363.25,11:00:00,22414.081121084306,3,22
2024-04-04,22365.7,22371.2,22338.25,22362.05,11:05:00,22409.473395266752,3,23
2024-04-04,22417.45,22421.8,22355.05,22365.45,11:10:00,22410.233071908013,3,24
2024-04-04,22423.1,22426.3,22404.25,22419.35,11:15:00,22411.45849363106,3,25
2024-04-04,22403.55,22429.05,22403.5,22420.7,11:20:00,22410.705303761435,3,26
2024-04-04,22407.55,22416.0,22402.25,22404.75,11:25:00,22410.4047986413,3,27
2024-04-04,22373.5,22417.1,22350.85,22408.35,11:30:00,22406.890055913555,3,28
2024-04-04,22382.2,22386.65,22357.8,22368.25,11:35:00,22404.538622017026,3,29
2024-04-04,22389.1,22391.2,22371.25,22384.95,11:40:00,22403.068277063023,3,30
2024-04-04,22412.4,22418.55,22383.8,22390.1,11:45:00,22403.95701258083,3,31
2024-04-04,22403.5,22417.05,22397.35,22411.6,11:50:00,22403.913487573136,3,32
2024-04-04,22389.0,22405.4,22378.75,22405.4,11:55:00,22402.49315542331,3,33
2024-04-04,22384.2,22402.2,22379.3,22388.9,12:00:00,22400.7509501449,3,34
2024-04-04,22396.7,22397.45,22380.7,22382.2,12:05:00,22400.3651453692,3,35
2024-04-04,22385.3,22406.5,22376.5,22396.55,12:10:00,22398.930369619746,3,36
2024-04-04,22391.1,22392.65,22377.0,22385.45,12:15:00,22398.18462013215,3,37
2024-04-04,22391.95,22396.6,22386.4,22391.1,12:20:00,22397.59084678623,3,38
2024-04-04,22393.4,22399.85,22384.45,22392.1,12:25:00,22397.19171852088,3,39
2024-04-04,22395.5,22411.9,22393.1,22394.3,12:30:00,22397.030602471263,3,40
2024-04-04,22418.2,22420.45,22395.35,22395.35,12:35:00,22399.04673556924,3,41
2024-04-04,22467.75,22472.5,22415.45,22421.2,12:40:00,22405.589903610267,3,42
2024-04-04,22478.6,22484.5,22461.7,22469.5,12:45:00,22412.543246123576,3,43
2024-04-04,22484.5,22491.35,22470.15,22480.05,12:50:00,22419.396270302284,3,44
2024-04-04,22468.85,22487.4,22458.7,22487.05,12:55:00,22424.10614932112,3,45
2024-04-04,22458.6,22481.25,22458.6,22469.5,13:00:00,22427.3912779572,3,46
2024-04-04,22472.05,22476.6,22456.1,22458.45,13:05:00,22431.644489580325,3,47
2024-04-04,22481.05,22485.75,22462.45,22473.35,13:10:00,22436.34977628696,3,48
2024-04-04,22477.75,22490.05,22476.2,22481.45,13:15:00,22440.292654735826,3,49
2024-04-04,22520.0,22523.3,22470.4,22478.35,13:20:00,22447.883830475268,3,50
2024-04-04,22544.8,22551.95,22517.25,22521.3,13:25:00,22457.113941858574,3,51
2024-04-04,22557.35,22580.2,22537.3,22546.2,13:30:00,22466.66023311014,3,52
2024-04-04,22559.45,22566.3,22550.9,22559.8,13:35:00,22475.49735376632,3,53
2024-04-04,22541.8,22560.8,22540.45,22560.8,13:40:00,22481.811891502857,3,54
2024-04-04,22533.5,22541.7,22517.15,22539.8,13:45:00,22486.734568502583,3,55
2024-04-04,22515.8,22536.8,22493.3,22533.45,13:50:00,22489.502704835668,3,56
2024-04-04,22516.85,22528.8,22509.05,22514.55,13:55:00,22492.10720913704,3,57
2024-04-04,22541.0,22552.75,22515.85,22515.85,14:00:00,22496.763665409697,3,58
2024-04-04,22529.35,22548.0,22527.55,22540.8,14:05:00,22499.867125846868,3,59
2024-04-04,22530.3,22536.85,22518.95,22529.3,14:10:00,22502.76549481384,3,60
2024-04-04,22544.65,22546.7,22525.0,22529.6,14:15:00,22506.754495307752,3,61
2024-04-04,22541.25,22547.25,22529.45,22542.7,14:20:00,22510.03978146892,3,62
2024-04-04,22555.7,22559.35,22534.7,22541.85,14:25:00,22514.38837370997,3,63
2024-04-04,22549.0,22563.9,22543.05,22556.1,14:30:00,22517.68471907093,3,64
2024-04-04,22550.1,22561.1,22533.7,22549.85,14:35:00,22520.771888683223,3,65
2024-04-04,22563.95,22564.95,22548.8,22551.1,14:40:00,22524.884089761013,3,66
2024-04-04,22555.0,22568.1,22550.95,22564.8,14:45:00,22527.752271688536,3,67
2024-04-04,22537.0,22558.25,22524.55,22554.5,14:50:00,22528.6330077182,3,68
2024-04-04,22514.7,22540.0,22513.75,22538.55,14:55:00,22527.30605460218,3,69
2024-04-04,22503.2,22519.55,22486.7,22519.55,15:00:00,22525.010239878164,3,70
2024-04-04,22507.65,22520.65,22496.45,22504.85,15:05:00,22523.35688369929,3,71
2024-04-04,22507.25,22511.3,22499.5,22507.65,15:10:00,22521.822894775545,3,72
2024-04-04,22526.65,22526.7,22506.65,22506.65,15:15:00,22522.28261908264,3,73
2024-04-04,22547.15,22547.55,22520.75,22527.4,15:20:00,22524.650941074768,3,74
2024-04-04,22541.2,22553.95,22538.3,22548.2,15:25:00,22526.22704192479,3,75
2024-04-05,22464.2,22486.4,22436.55,22486.4,09:15:00,22516.88789599739,4,1
2024-04-05,22474.05,22474.05,22429.0,22464.3,09:20:00,22512.80809637859,4,2
2024-04-05,22469.5,22495.5,22453.3,22473.6,09:25:00,22508.683515771107,4,3
2024-04-05,22472.3,22489.65,22464.5,22468.3,09:30:00,22505.218419031004,4,4
2024-04-05,22459.95,22481.15,22441.95,22473.85,09:35:00,22500.90714102805,4,5
2024-04-05,22470.85,22479.9,22446.3,22460.85,09:40:00,22498.044556168235,4,6
2024-04-05,22475.95,22484.65,22468.05,22471.75,09:45:00,22495.94031272364,4,7
2024-04-05,22485.55,22502.45,22472.65,22476.1,09:50:00,22494.950759130912,4,8
2024-04-05,22487.25,22489.9,22481.25,22485.1,09:55:00,22494.2173534994,4,9
2024-04-05,22488.95,22489.9,22464.5,22487.65,10:00:00,22493.71570078517,4,10
2024-04-05,22458.85,22491.9,22451.6,22489.8,10:05:00,22490.39515785325,4,11
2024-04-05,22474.6,22481.8,22460.3,22460.3,10:10:00,22488.89085710532,4,12
2024-04-05,22459.9,22477.3,22458.95,22473.9,10:15:00,22486.12982309529,4,13
2024-04-05,22494.1,22495.25,22460.25,22460.25,10:20:00,22486.888887562403,4,14
2024-04-05,22493.25,22506.7,22482.35,22494.5,10:25:00,22487.494707794554,4,15
2024-04-05,22494.95,22504.05,22490.0,22493.05,10:30:00,22488.204735623644,4,16
2024-04-05,22496.95,22496.95,22479.8,22495.1,10:35:00,22489.0376179452,4,17
2024-04-05,22491.75,22499.7,22487.6,22497.35,10:40:00,22489.295940045657,4,18
2024-04-05,22489.85,22496.8,22486.8,22492.5,10:45:00,22489.34870766036,4,19
2024-04-05,22500.65,22502.05,22489.4,22490.35,10:50:00,22490.42502121652,4,20
2024-04-05,22506.4,22507.0,22495.65,22500.55,10:55:00,22491.94644776732,4,21
2024-04-05,22496.1,22508.75,22493.7,22506.35,11:00:00,22492.34202417044,4,22
2024-04-05,22505.15,22505.35,22494.5,22496.6,11:05:00,22493.561831392297,4,23
2024-04-05,22514.4,22514.65,22500.8,22505.4,11:10:00,22495.546418878745,4,24
2024-04-05,22511.9,22516.85,22504.95,22514.8,11:15:00,22497.103902795054,4,25
2024-04-05,22487.25,22511.9,22473.05,22511.9,11:20:00,22496.16543586219,4,26
2024-04-05,22487.25,22491.45,22480.2,22487.5,11:25:00,22495.316346732456,4,27
2024-04-05,22489.4,22492.8,22485.45,22487.95,11:30:00,22494.75288513889,4,28
2024-04-05,22503.9,22504.3,22489.5,22489.9,11:35:00,22495.624038935184,4,29
2024-04-05,22492.75,22504.8,22491.6,22504.15,11:40:00,22495.35032094136,4,30
2024-04-05,22490.55,22497.55,22488.65,22492.65,11:45:00,22494.89314751837,4,31
2024-04-05,22496.55,22497.25,22485.4,22490.65,11:50:00,22495.05094299281,4,32
2024-04-05,22500.9,22505.4,22494.65,22496.85,11:55:00,22495.607996041115,4,33
2024-04-05,22495.2,22500.9,22489.95,22500.35,12:00:00,22495.569139275296,4,34
2024-04-05,22504.15,22505.1,22491.8,22496.05,12:05:00,22496.38636410622,4,35
2024-04-05,22498.85,22505.55,22496.5,22504.45,12:10:00,22496.620996096102,4,36
2024-04-05,22498.95,22500.9,22491.65,22498.8,12:15:00,22496.84280599172,4,37
2024-04-05,22501.05,22511.85,22498.7,22499.2,12:20:00,22497.24349113536,4,38
2024-04-05,22504.35,22509.35,22497.0,22502.3,12:25:00,22497.92030150342,4,39
2024-04-05,22504.1,22507.1,22495.7,22504.0,12:30:00,22498.50884421738,4,40
2024-04-05,22495.6,22509.5,22495.6,22503.9,12:35:00,22498.231811434773,4,41
2024-04-05,22493.7,22506.05,22490.9,22497.45,12:40:00,22497.800210345747,4,42
2024-04-05,22497.4,22498.85,22486.75,22494.5,12:45:00,22497.76209507472,4,43
2024-04-05,22501.8,22508.3,22494.6,22497.65,12:50:00,22498.14665744856,4,44
2024-04-05,22494.35,22502.3,22492.15,22502.3,12:55:00,22497.78507102488,4,45
2024-04-05,22482.5,22496.35,22480.55,22494.95,13:00:00,22496.32934997489,4,46
2024-04-05,22489.95,22490.8,22475.7,22483.4,13:05:00,22495.72179283443,4,47
2024-04-05,22484.85,22496.35,22484.55,22490.35,13:10:00,22494.686383993056,4,48
2024-04-05,22483.0,22488.1,22479.1,22485.05,13:15:00,22493.573395041338,4,49
2024-04-05,22494.7,22499.45,22483.1,22483.95,13:20:00,22493.680690751684,4,50
2024-04-05,22499.3,22500.65,22493.9,22494.55,13:25:00,22494.215863061047,4,51
2024-04-05,22502.9,22504.45,22499.25,22499.75,13:30:00,22495.0429237219,4,52
2024-04-05,22490.25,22503.8,22490.15,22503.0,13:35:00,22494.586454796005,4,53
2024-04-05,22494.65,22498.0,22486.55,22491.75,13:40:00,22494.5925067202,4,54
2024-04-05,22491.95,22496.4,22489.95,22494.65,13:45:00,22494.340839413508,4,55
2024-04-05,22504.05,22509.55,22491.3,22492.75,13:50:00,22495.265521374127,4,56
2024-04-05,22508.35,22510.95,22502.0,22504.3,13:55:00,22496.51166219564,4,57
2024-04-05,22524.8,22528.35,22506.05,22508.95,14:00:00,22499.20578960558,4,58
2024-04-05,22517.15,22525.95,22514.75,22523.45,14:05:00,22500.9147620241,4,59
2024-04-05,22504.05,22519.15,22502.75,22518.6,14:10:00,22501.21335611704,4,60
2024-04-05,22504.75,22509.85,22500.95,22504.4,14:15:00,22501.55017934399,4,61
2024-04-05,22505.0,22511.45,22501.3,22506.75,14:20:00,22501.87873369218,4,62
2024-04-05,22502.45,22513.9,22498.8,22505.9,14:25:00,22501.93314000721,4,63
2024-04-05,22506.5,22512.15,22499.45,22504.15,14:30:00,22502.368079054144,4,64
2024-04-05,22496.55,22510.05,22492.35,22508.95,14:35:00,22501.81397628708,4,65
2024-04-05,22494.15,22504.15,22487.25,22497.0,14:40:00,22501.08407378355,4,66
2024-04-05,22498.2,22499.75,22490.75,22494.7,14:45:00,22500.80940008988,4,67
2024-04-05,22496.55,22501.65,22494.35,22498.45,14:50:00,22500.403742938463,4,68
2024-04-05,22505.0,22507.4,22493.55,22497.55,14:55:00,22500.841481706226,4,69
2024-04-05,22496.0,22517.8,22489.45,22506.5,15:00:00,22500.3803882104,4,70
2024-04-05,22511.75,22515.35,22497.25,22497.25,15:05:00,22501.46320838084,4,71
2024-04-05,22515.45,22521.1,22507.35,22513.7,15:10:00,22502.79528377313,4,72
2024-04-05,22508.9,22516.15,22501.5,22514.4,15:15:00,22503.37668531855,4,73
2024-04-05,22536.05,22536.1,22508.75,22509.85,15:20:00,22506.48842957393,4,74
2024-04-05,22523.4,22536.6,22522.85,22535.75,15:25:00,22508.099055328792,4,75
2024-04-08,22570.4,22589.55,22568.7,22580.25,09:15:00,22520.08584801291,0,1
2024-04-08,22590.75,22592.3,22550.35,22570.1,09:20:00,22526.815767249776,0,2
2024-04-08,22581.95,22594.7,22577.5,22591.1,09:25:00,22532.066646559324,0,3
2024-04-08,22605.35,22611.65,22583.05,22584.0,09:30:00,22539.04601355367,0,4
2024-04-08,22619.9,22623.85,22604.55,22605.6,09:35:00,22546.746393215224,0,5
2024-04-08,22607.0,22621.45,22600.8,22620.55,09:40:00,22552.48483195663,0,6
2024-04-08,22611.8,22614.85,22596.65,22605.95,09:45:00,22558.13389557981,0,7
2024-04-08,22601.4,22615.4,22599.0,22611.75,09:50:00,22562.25447695316,0,8
2024-04-08,22591.65,22611.45,22588.25,22602.65,09:55:00,22565.054050576666,0,9
2024-04-08,22614.2,22621.1,22586.6,22591.55,10:00:00,22569.734617188413,0,10
2024-04-08,22614.15,22621.25,22607.95,22614.95,10:05:00,22573.96465364666,0,11
2024-04-08,22626.25,22630.45,22610.9,22614.85,10:10:00,22578.94421044222,0,12
2024-04-08,22618.45,22630.75,22615.6,22627.15,10:15:00,22582.70666659058,0,13
2024-04-08,22614.7,22621.65,22611.35,22618.2,10:20:00,22585.75365072481,0,14
2024-04-08,22614.75,22616.4,22605.9,22614.6,10:25:00,22588.51520779864,0,15
2024-04-08,22623.0,22624.15,22612.75,22614.85,10:30:00,22591.79947372257,0,16
2024-04-08,22620.45,22630.35,22619.55,22623.0,10:35:00,22594.528095272806,0,17
2024-04-08,22619.8,22625.3,22614.6,22620.0,10:40:00,22596.93494334206,0,18
2024-04-08,22618.25,22620.55,22610.4,22619.7,10:45:00,22598.96494873805,0,19
2024-04-08,22620.25,22625.1,22617.1,22618.5,10:50:00,22600.992096477283,0,20
2024-04-08,22629.3,22634.05,22617.7,22617.9,10:55:00,22603.68808728897,0,21
2024-04-08,22624.7,22632.35,22621.9,22629.75,11:00:00,22605.68922183288,0,22
2024-04-08,22621.7,22629.85,22618.7,22625.1,11:05:00,22607.2140578488,0,23
2024-04-08,22623.85,22625.8,22618.0,22621.65,11:10:00,22608.79843329177,0,24
2024-04-08,22630.25,22633.4,22622.3,22624.35,11:15:00,22610.841439644933,0,25
2024-04-08,22628.5,22640.95,22626.1,22630.6,11:20:00,22612.5232072978,0,26
2024-04-08,22628.2,22636.3,22625.4,22628.25,11:25:00,22614.0162351742,0,27
2024-04-08,22628.1,22635.05,22627.2,22628.2,11:30:00,22615.357546109983,0,28
2024-04-08,22642.85,22643.3,22625.55,22628.65,11:35:00,22617.97587505189,0,29
2024-04-08,22650.65,22651.95,22641.55,22643.45,11:40:00,22621.087696475523,0,30
2024-04-08,22640.0,22651.7,22638.15,22650.75,11:45:00,22622.88886823976,0,31
2024-04-08,22645.85,22649.2,22639.3,22640.05,11:50:00,22625.075642693115,0,32
2024-04-08,22646.25,22650.6,22641.9,22645.8,11:55:00,22627.09224815091,0,33
2024-04-08,22648.5,22649.35,22643.3,22646.35,12:00:00,22629.131081660347,0,34
2024-04-08,22651.85,22653.35,22641.55,22648.7,12:05:00,22631.294788168885,0,35
2024-04-08,22653.25,22656.25,22647.9,22652.1,12:10:00,22633.38576072423,0,36
2024-04-08,22660.65,22662.55,22651.15,22653.65,12:15:00,22635.98235494097,0,37
2024-04-08,22654.85,22663.15,22651.45,22661.55,12:20:00,22637.779273518023,0,38
2024-04-08,22660.25,22662.2,22652.1,22654.9,12:25:00,22639.91934270678,0,39
2024-04-08,22664.65,22666.45,22658.95,22661.5,12:30:00,22642.27464340137,0,40
2024-04-08,22673.5,22675.4,22664.15,22665.15,12:35:00,22645.24848688696,0,41
2024-04-08,22673.2,22678.25,22668.9,22673.5,12:40:00,22647.910535754865,0,42
2024-04-08,22676.0,22676.35,22668.85,22673.25,12:45:00,22650.585722825832,0,43
2024-04-08,22676.8,22678.65,22669.9,22676.85,12:50:00,22653.082320651945,0,44
2024-04-08,22681.1,22683.9,22673.5,22676.15,12:55:00,22655.750671066045,0,45
2024-04-08,22690.55,22690.95,22678.85,22681.0,13:00:00,22659.06489286928,0,46
2024-04-08,22685.05,22692.15,22682.6,22691.1,13:05:00,22661.53966497697,0,47
2024-04-08,22695.25,22696.05,22683.1,22685.45,13:10:00,22664.7501730744,0,48
2024-04-08,22691.65,22696.95,22689.3,22695.35,13:15:00,22667.312061353023,0,49
2024-04-08,22692.35,22696.7,22689.4,22691.0,13:20:00,22669.69662693845,0,50
2024-04-08,22639.8,22693.35,22634.15,22692.75,13:25:00,22666.84932913479,0,51
2024-04-08,22657.05,22663.9,22638.15,22640.1,13:30:00,22665.916059693383,0,52
2024-04-08,22670.4,22675.3,22656.65,22656.75,13:35:00,22666.343101627343,0,53
2024-04-08,22670.3,22675.3,22665.75,22670.15,13:40:00,22666.719949091406,0,54
2024-04-08,22664.35,22671.7,22654.55,22670.35,13:45:00,22666.49423965413,0,55
2024-04-08,22654.85,22667.2,22647.75,22664.9,13:50:00,22665.38526444897,0,56
2024-04-08,22655.85,22658.1,22644.1,22654.95,13:55:00,22664.477144025263,0,57
2024-04-08,22655.9,22660.6,22642.15,22655.8,14:00:00,22663.660273165715,0,58
2024-04-08,22653.0,22666.9,22653.0,22655.7,14:05:00,22662.645009054697,0,59
2024-04-08,22660.9,22661.85,22650.7,22652.7,14:10:00,22662.47881771616,0,60
2024-04-08,22669.1,22674.2,22660.5,22661.0,14:15:00,22663.109406505097,0,61
2024-04-08,22672.45,22674.1,22665.3,22669.25,14:20:00,22663.998986837945,0,62
2024-04-08,22669.2,22679.2,22667.55,22672.6,14:25:00,22664.49432142481,0,63
2024-04-08,22686.45,22688.25,22668.75,22669.1,14:30:00,22666.58533843197,0,64
2024-04-08,22679.95,22687.55,22676.1,22686.1,14:35:00,22667.85816334321,0,65
2024-04-08,22665.15,22684.5,22664.35,22680.45,14:40:00,22667.600243024808,0,66
2024-04-08,22674.0,22676.35,22665.5,22665.5,14:45:00,22668.20974368912,0,67
2024-04-08,22669.4,22674.4,22667.0,22673.9,14:50:00,22668.32310143301,0,68
2024-04-08,22675.05,22676.35,22667.45,22669.85,14:55:00,22668.96375843939,0,69
2024-04-08,22662.85,22678.8,22659.7,22675.4,15:00:00,22668.381495730875,0,70
2024-04-08,22661.05,22669.1,22655.45,22662.7,15:05:00,22667.68325804222,0,71
2024-04-08,22671.15,22675.95,22660.1,22661.55,15:10:00,22668.01342394296,0,72
2024-04-08,22667.3,22672.2,22657.85,22671.1,15:15:00,22667.945478805537,0,73
2024-04-08,22670.3,22674.35,22666.0,22667.0,15:20:00,22668.169718919296,0,74
2024-04-08,22661.0,22670.95,22659.1,22670.0,15:25:00,22667.48688854603,0,75
2024-04-09,22706.95,22760.0,22706.65,22760.0,09:15:00,22679.656387222487,1,1
2024-04-09,22688.35,22712.05,22686.1,22707.3,09:20:00,22680.484350344155,1,2
2024-04-09,22705.35,22706.15,22675.45,22687.95,09:25:00,22682.85250745424,1,3
2024-04-09,22713.8,22718.75,22704.7,22704.85,09:30:00,22685.79988769669,1,4
2024-04-09,22721.9,22728.6,22702.45,22714.0,09:35:00,22689.23799363034,1,5
2024-04-09,22730.0,22733.1,22711.15,22720.95,09:40:00,22693.12008947507,1,6
2024-04-09,22736.9,22741.95,22729.65,22729.95,09:45:00,22697.28960476316,1,7
2024-04-09,22752.95,22755.7,22736.25,22737.1,09:50:00,22702.59059478572,1,8
2024-04-09,22740.45,22754.2,22738.1,22753.0,09:55:00,22706.19625242517,1,9
2024-04-09,22756.75,22759.0,22738.85,22740.3,10:00:00,22711.010895051342,1,10
2024-04-09,22751.5,22759.35,22748.25,22756.2,10:05:00,22714.86700028455,1,11
2024-04-09,22749.05,22755.25,22742.25,22751.15,10:10:00,22718.122524066974,1,12
2024-04-09,22736.3,22751.8,22733.5,22749.25,10:15:00,22719.85371225107,1,13
2024-04-09,22738.55,22742.4,22734.35,22736.65,10:20:00,22721.6343110843,1,14
2024-04-09,22751.95,22755.9,22738.0,22740.1,10:25:00,22724.52151955246,1,15
2024-04-09,22749.75,22755.6,22748.55,22751.4,10:30:00,22726.92423197604,1,16
2024-04-09,22760.65,22768.35,22745.4,22750.3,10:35:00,22730.136209883083,1,17
2024-04-09,22760.15,22766.7,22758.65,22761.05,10:40:00,22732.99466608469,1,18
2024-04-09,22746.65,22760.75,22745.85,22760.2,10:45:00,22734.295174076626,1,19
2024-04-09,22750.5,22754.4,22743.75,22747.0,10:50:00,22735.83849083123,1,20
2024-04-09,22746.95,22756.7,22745.4,22749.9,10:55:00,22736.89672979969,1,21
2024-04-09,22750.85,22753.0,22744.2,22746.45,11:00:00,22738.225612675906,1,22
2024-04-09,22744.05,22752.15,22741.7,22751.35,11:05:00,22738.78031623058,1,23
2024-04-09,22729.65,22745.45,22727.2,22744.1,11:10:00,22737.91076230385,1,24
2024-04-09,22743.45,22747.05,22727.1,22729.6,11:15:00,22738.43830875111,1,25
2024-04-09,22742.3,22746.45,22737.85,22742.75,11:20:00,22738.806088870053,1,26
2024-04-09,22739.15,22745.95,22738.75,22742.15,11:25:00,22738.838842311,1,27
2024-04-09,22741.45,22742.95,22735.0,22739.15,11:30:00,22739.087523995662,1,28
2024-04-09,22751.2,22757.5,22737.9,22741.4,11:35:00,22740.24109313893,1,29
2024-04-09,22742.1,22754.9,22738.45,22750.2,11:40:00,22740.41813188761,1,30
2024-04-09,22743.55,22748.0,22736.9,22742.25,11:45:00,22740.71640504117,1,31
2024-04-09,22739.55,22748.25,22737.7,22743.45,11:50:00,22740.60531884677,1,32
2024-04-09,22746.35,22748.8,22738.75,22739.85,11:55:00,22741.15243133756,1,33
2024-04-09,22746.4,22750.0,22742.4,22746.25,12:00:00,22741.6521997816,1,34
2024-04-09,22738.4,22747.2,22738.05,22746.9,12:05:00,22741.342466469065,1,35
2024-04-09,22720.5,22741.05,22708.85,22737.65,12:10:00,22739.35746966249,1,36
2024-04-09,22713.7,22727.5,22712.25,22720.1,12:15:00,22736.913901123204,1,37
2024-04-09,22702.55,22715.35,22701.9,22713.85,12:20:00,22733.64114863528,1,38
2024-04-09,22713.3,22716.75,22701.25,22701.65,12:25:00,22731.703896384304,1,39
2024-04-09,22688.2,22714.65,22687.05,22713.25,12:30:00,22727.560668157228,1,40
2024-04-09,22672.95,22691.0,22669.1,22687.95,12:35:00,22722.35965214225,1,41
2024-04-09,22687.55,22692.15,22669.95,22672.7,12:40:00,22719.04444717632,1,42
2024-04-09,22692.2,22702.8,22686.8,22687.2,12:45:00,22716.48783315953,1,43
2024-04-09,22694.45,22706.55,22691.4,22693.5,12:50:00,22714.38899190624,1,44
2024-04-09,22698.1,22705.65,22693.35,22694.9,12:55:00,22712.837659343742,1,45
2024-04-09,22699.25,22700.0,22686.85,22698.2,13:00:00,22711.54359654909,1,46
2024-04-09,22694.65,22699.55,22690.25,22699.05,13:05:00,22709.934682592044,1,47
2024-04-09,22683.55,22697.35,22682.15,22694.8,13:10:00,22707.42185567852,1,48
2024-04-09,22663.8,22685.85,22662.8,22683.05,13:15:00,22703.267393232945,1,49
2024-04-09,22666.55,22675.8,22654.6,22663.35,13:20:00,22699.770498639333,1,50
2024-04-09,22677.4,22680.2,22666.8,22667.1,13:25:00,22697.639974959395,1,51
2024-04-09,22664.1,22677.3,22657.7,22677.25,13:30:00,22694.445691629928,1,52
2024-04-09,22656.6,22672.35,22655.8,22665.05,13:35:00,22690.841340046125,1,53
2024-04-09,22652.5,22668.85,22652.05,22656.5,13:40:00,22687.18978385126,1,54
2024-04-09,22654.55,22660.85,22645.3,22652.25,13:45:00,22684.08123300828,1,55
2024-04-09,22651.75,22664.3,22646.55,22653.55,13:50:00,22681.00206795987,1,56
2024-04-09,22652.7,22654.4,22641.1,22650.8,13:55:00,22678.30663291608,1,57
2024-04-09,22648.55,22659.05,22647.45,22652.3,14:00:00,22675.47266787645,1,58
2024-04-09,22636.9,22651.7,22634.3,22648.4,14:05:00,22671.799080459645,1,59
2024-04-09,22617.5,22643.85,22616.8,22636.7,14:10:00,22666.62773946349,1,60
2024-04-09,22640.2,22642.5,22613.15,22618.8,14:15:00,22664.11081189553,1,61
2024-04-09,22664.85,22671.9,22636.9,22640.35,14:20:00,22664.18121076263,1,62
2024-04-09,22651.2,22666.55,22650.2,22665.05,14:25:00,22662.94490497572,1,63
2024-04-09,22639.8,22652.65,22636.65,22651.4,14:30:00,22660.74062831136,1,64
2024-04-09,22635.5,22644.6,22629.75,22640.0,14:35:00,22658.33675894837,1,65
2024-04-09,22633.65,22639.6,22619.4,22635.5,14:40:00,22655.98563904853,1,66
2024-04-09,22642.65,22644.55,22633.35,22634.2,14:45:00,22654.71557818676,1,67
2024-04-09,22640.05,22655.65,22638.8,22643.65,14:50:00,22653.31885645469,1,68
2024-04-09,22651.4,22651.45,22639.2,22640.15,14:55:00,22653.13610822091,1,69
2024-04-09,22641.45,22652.3,22635.2,22651.3,15:00:00,22652.023145533203,1,70
2024-04-09,22640.35,22645.5,22633.9,22641.75,15:05:00,22650.911417387186,1,71
2024-04-09,22641.55,22642.0,22634.3,22639.85,15:10:00,22650.0198538265,1,72
2024-04-09,22647.5,22649.4,22639.4,22642.05,15:15:00,22649.779867747788,1,73
2024-04-09,22646.5,22650.55,22642.05,22647.3,15:20:00,22649.467499390856,1,74
2024-04-09,22642.05,22652.7,22639.15,22647.35,15:25:00,22648.76107087744,1,75
2024-04-10,22697.7,22721.85,22687.6,22720.25,09:15:00,22659.58196504933,2,1
2024-04-10,22707.5,22707.5,22679.45,22697.9,09:20:00,22664.145587425584,2,2
2024-04-10,22715.9,22720.05,22704.65,22706.8,09:25:00,22669.07457909934,2,3
2024-04-10,22716.9,22727.1,22711.2,22716.15,09:30:00,22673.62938108988,2,4
2024-04-10,22719.55,22722.75,22702.3,22716.5,09:35:00,22678.002773367032,2,5
2024-04-10,22720.75,22724.05,22707.85,22719.8,09:40:00,22682.073937808265,2,6
2024-04-10,22713.5,22720.1,22708.0,22720.1,09:45:00,22685.066896112243,2,7
2024-04-10,22699.0,22722.7,22683.3,22714.25,09:50:00,22686.393858387262,2,8
2024-04-10,22700.55,22706.15,22691.8,22698.4,09:55:00,22687.742062350382,2,9
2024-04-10,22683.85,22705.85,22680.85,22701.65,10:00:00,22687.371389745585,2,10
2024-04-10,22694.35,22697.05,22680.35,22683.5,10:05:00,22688.036019293624,2,11
2024-04-10,22707.3,22708.15,22691.8,22694.4,10:10:00,22689.8706841228,2,12
2024-04-10,22701.95,22715.25,22698.15,22706.75,10:15:00,22691.021095158725,2,13
2024-04-10,22697.35,22703.15,22690.35,22701.65,10:20:00,22691.623848000752,2,14
2024-04-10,22694.0,22706.7,22692.5,22697.3,10:25:00,22691.850148191155,2,15
2024-04-10,22703.9,22706.0,22692.8,22694.35,10:30:00,22692.99775312533,2,16
2024-04-10,22702.1,22709.2,22699.85,22704.55,10:35:00,22693.86463378006,2,17
2024-04-10,22705.0,22713.0,22697.8,22702.25,10:40:00,22694.925144848625,2,18
2024-04-10,22700.75,22706.1,22697.6,22704.35,10:45:00,22695.47989295828,2,19
2024-04-10,22697.65,22705.5,22696.95,22700.2,10:50:00,22695.6865698194,2,20
2024-04-10,22702.7,22703.6,22695.7,22697.7,10:55:00,22696.354515550884,2,21
2024-04-10,22710.5,22715.2,22702.3,22702.75,11:00:00,22697.70170454604,2,22
2024-04-10,22710.3,22720.05,22706.05,22710.1,11:05:00,22698.90154220832,2,23
2024-04-10,22706.3,22712.3,22704.95,22710.0,11:10:00,22699.606157236096,2,24
2024-04-10,22693.7,22707.45,22690.05,22706.2,11:15:00,22699.04366607076,2,25
2024-04-10,22677.95,22694.1,22674.55,22693.2,11:20:00,22697.034745492587,2,26
2024-04-10,22681.95,22687.8,22676.45,22677.1,11:25:00,22695.598103064724,2,27
2024-04-10,22694.9,22698.1,22679.9,22680.9,11:30:00,22695.53161705856,2,28
2024-04-10,22692.85,22698.25,22690.35,22694.45,11:35:00,22695.276224957743,2,29
2024-04-10,22685.45,22692.85,22684.35,22692.85,11:40:00,22694.34039400939,2,30
2024-04-10,22688.05,22692.15,22678.95,22685.9,11:45:00,22693.74130886564,2,31
2024-04-10,22692.5,22694.65,22678.8,22688.4,11:50:00,22693.62308897368,2,32
2024-04-10,22691.65,22700.2,22688.85,22692.8,11:55:00,22693.435175738086,2,33
2024-04-10,22704.1,22704.55,22690.75,22691.9,12:00:00,22694.45087328684,2,34
2024-04-10,22704.9,22708.45,22700.6,22704.2,12:05:00,22695.446028211903,2,35
2024-04-10,22706.4,22707.45,22699.25,22705.3,12:10:00,22696.489263620293,2,36
2024-04-10,22698.65,22705.9,22696.0,22705.9,12:15:00,22696.695048037407,2,37
2024-04-10,22698.7,22704.1,22696.15,22699.2,12:20:00,22696.885995843368,2,38
2024-04-10,22701.05,22703.6,22691.4,22699.85,12:25:00,22697.282567667808,2,39
2024-04-10,22701.15,22707.6,22698.6,22701.2,12:30:00,22697.650894556587,2,40
2024-04-10,22700.8,22704.3,22697.05,22701.8,12:35:00,22697.95080936072,2,41
2024-04-10,22702.2,22706.55,22698.1,22701.25,12:40:00,22698.35549418351,2,42
2024-04-10,22696.5,22703.4,22691.45,22702.4,12:45:00,22698.178780451748,2,43
2024-04-10,22702.9,22704.85,22692.35,22696.05,12:50:00,22698.628420408724,2,44
2024-04-10,22698.2,22703.35,22691.85,22703.35,12:55:00,22698.58761846504,2,45
2024-04-10,22701.05,22706.15,22694.55,22698.65,13:00:00,22698.822130992176,2,46
2024-04-10,22700.2,22703.6,22695.7,22701.5,13:05:00,22698.953356611968,2,47
2024-04-10,22715.1,22721.15,22698.4,22699.7,13:10:00,22700.49113217273,2,48
2024-04-10,22711.55,22716.95,22709.8,22714.9,13:15:00,22701.54435768009,2,49
2024-04-10,22735.35,22736.85,22711.25,22711.5,13:20:00,22704.76394266294,2,50
2024-04-10,22727.5,22737.6,22723.35,22734.7,13:25:00,22706.929281456945,2,51
2024-04-10,22726.85,22737.4,22726.0,22728.0,13:30:00,22708.82649274676,2,52
2024-04-10,22733.15,22736.4,22724.95,22726.7,13:35:00,22711.14301724707,2,53
2024-04-10,22742.9,22744.1,22731.1,22732.95,13:40:00,22714.167491794968,2,54
2024-04-10,22720.4,22744.75,22718.8,22743.0,13:45:00,22714.761064004968,2,55
2024-04-10,22720.6,22722.65,22711.15,22720.45,13:50:00,22715.31715314735,2,56
2024-04-10,22737.9,22738.95,22717.65,22720.15,13:55:00,22717.46790046665,2,57
2024-04-10,22734.55,22741.2,22729.8,22737.75,14:00:00,22719.094767088875,2,58
2024-04-10,22736.15,22739.1,22731.1,22734.7,14:05:00,22720.71907498517,2,59
2024-04-10,22721.65,22736.45,22720.15,22736.0,14:10:00,22720.8077345104,2,60
2024-04-10,22728.25,22729.85,22718.3,22721.3,14:15:00,22721.51652169988,2,61
2024-04-10,22736.45,22738.25,22723.3,22728.15,14:20:00,22722.938757728465,2,62
2024-04-10,22742.7,22744.5,22732.3,22736.3,14:25:00,22724.820780801947,2,63
2024-04-10,22745.55,22751.6,22732.2,22743.15,14:30:00,22726.794992154144,2,64
2024-04-10,22742.85,22749.95,22738.9,22747.15,14:35:00,22728.324040520416,2,65
2024-04-10,22743.65,22746.15,22738.05,22742.2,14:40:00,22729.783655708947,2,66
2024-04-10,22740.7,22745.2,22729.85,22743.4,14:45:00,22730.82330754619,2,67
2024-04-10,22746.2,22751.9,22738.85,22740.4,14:50:00,22732.287754446552,2,68
2024-04-10,22742.6,22748.5,22740.05,22746.5,14:55:00,22733.26987307069,2,69
2024-04-10,22772.7,22772.7,22741.15,22744.15,15:00:00,22737.025123254432,2,70
2024-04-10,22757.35,22775.7,22752.8,22772.7,15:05:00,22738.960825801627,2,71
2024-04-10,22752.65,22762.85,22749.7,22756.65,15:10:00,22740.264556677663,2,72
2024-04-10,22746.15,22755.65,22739.6,22752.0,15:15:00,22740.82507508932,2,73
2024-04-10,22748.2,22752.2,22743.95,22746.35,15:20:00,22741.52744889033,2,74
2024-04-10,22732.85,22748.7,22730.6,22747.15,15:25:00,22740.70102518649,2,75
2024-04-12,22706.6,22708.5,22657.2,22683.95,09:15:00,22731.99879839529,4,1
2024-04-12,22700.9,22710.25,22696.8,22704.2,09:20:00,22729.03700807193,4,2
2024-04-12,22715.95,22717.75,22700.9,22701.0,09:25:00,22727.7906263508,4,3
2024-04-12,22719.7,22726.15,22705.4,22714.65,09:30:00,22727.02009050786,4,4
2024-04-12,22712.65,22722.7,22706.4,22717.2,09:35:00,22725.65151045949,4,5
2024-04-12,22640.55,22716.15,22627.25,22713.35,09:40:00,22717.54660470145,4,6
2024-04-12,22637.45,22658.8,22632.5,22637.25,09:45:00,22709.918356634644,4,7
2024-04-12,22650.2,22662.2,22636.6,22637.3,09:50:00,22704.23089409801,4,8
2024-04-12,22650.7,22664.65,22633.0,22647.5,09:55:00,22699.132713707724,4,9
2024-04-12,22653.1,22660.95,22643.95,22650.8,10:00:00,22694.748645735563,4,10
2024-04-12,22641.55,22656.6,22626.5,22652.2,10:05:00,22689.68210804646,4,11
2024-04-12,22641.7,22651.85,22632.15,22640.65,10:10:00,22685.112383470605,4,12
2024-04-12,22633.0,22646.5,22629.2,22642.3,10:15:00,22680.149299330547,4,13
2024-04-12,22631.15,22641.8,22627.65,22635.75,10:20:00,22675.482699394302,4,14
2024-04-12,22648.1,22648.2,22629.35,22632.1,10:25:00,22672.87482326151,4,15
2024-04-12,22654.0,22665.8,22641.4,22648.25,10:30:00,22671.07722104613,4,16
2024-04-12,22658.9,22665.0,22649.7,22653.6,10:35:00,22669.917485708404,4,17
2024-04-12,22665.15,22665.95,22653.05,22659.6,10:40:00,22669.46343945046,4,18
2024-04-12,22656.9,22666.75,22652.75,22662.1,10:45:00,22668.26692140756,4,19
2024-04-12,22653.8,22662.1,22650.0,22657.5,10:50:00,22666.88911936874,4,20
2024-04-12,22659.4,22661.8,22651.5,22653.9,10:55:00,22666.17586990505,4,21
2024-04-12,22661.8,22666.2,22657.1,22659.4,11:00:00,22665.759120390285,4,22
2024-04-12,22660.8,22665.0,22655.6,22661.65,11:05:00,22665.28682321026,4,23
2024-04-12,22657.85,22661.4,22651.1,22660.55,11:10:00,22664.578554333093,4,24
2024-04-12,22686.5,22688.5,22656.1,22657.7,11:15:00,22666.66631106328,4,25
2024-04-12,22685.0,22688.6,22679.1,22687.25,11:20:00,22668.412376676293,4,26
2024-04-12,22671.5,22685.75,22670.45,22684.5,11:25:00,22668.70643604046,4,27
2024-04-12,22675.0,22677.55,22668.95,22671.9,11:30:00,22669.305823084225,4,28
2024-04-12,22680.75,22681.55,22672.1,22675.0,11:35:00,22670.39574469525,4,29
2024-04-12,22681.55,22682.7,22677.1,22680.15,11:40:00,22671.45805472428,4,30
2024-04-12,22683.05,22690.9,22679.45,22681.55,11:45:00,22672.56204951244,4,31
2024-04-12,22689.65,22689.8,22679.4,22682.1,11:50:00,22674.1894733684,4,32
2024-04-12,22690.75,22698.2,22687.4,22689.8,11:55:00,22675.76666638093,4,33
2024-04-12,22688.5,22691.75,22682.3,22689.6,12:00:00,22676.979364820843,4,34
2024-04-12,22695.0,22697.15,22687.25,22688.3,12:05:00,22678.69561579029,4,35
2024-04-12,22687.95,22696.8,22687.85,22695.75,12:10:00,22679.576985715023,4,36
2024-04-12,22623.9,22690.3,22584.05,22688.05,12:15:00,22674.274415646927,4,37
2024-04-12,22633.2,22641.9,22615.2,22625.35,12:20:00,22670.362566537697,4,38
2024-04-12,22627.2,22634.05,22607.7,22633.75,12:25:00,22666.25184591506,4,39
2024-04-12,22628.65,22630.95,22618.0,22628.3,12:30:00,22662.670717732675,4,40
2024-04-12,22575.2,22629.85,22569.35,22629.3,12:35:00,22654.340173186705,4,41
2024-04-12,22580.05,22584.15,22554.85,22575.65,12:40:00,22647.26491859749,4,42
2024-04-12,22575.25,22582.35,22570.45,22580.4,12:45:00,22640.406354921543,4,43
2024-04-12,22583.75,22585.05,22563.2,22575.7,12:50:00,22635.01051159568,4,44
2024-04-12,22588.0,22588.0,22571.7,22584.15,12:55:00,22630.53332001514,4,45
2024-04-12,22587.05,22596.2,22582.75,22588.85,13:00:00,22626.39205144227,4,46
2024-04-12,22560.15,22587.95,22560.15,22587.95,13:05:00,22620.083284638244,4,47
2024-04-12,22568.05,22572.7,22545.65,22559.8,13:10:00,22615.12773372032,4,48
2024-04-12,22577.3,22578.0,22562.65,22568.5,13:15:00,22611.525092413616,4,49
2024-04-12,22572.15,22580.35,22570.05,22578.85,13:20:00,22607.77508361232,4,50
2024-04-12,22583.8,22591.5,22567.15,22573.0,13:25:00,22605.491742315902,4,51
2024-04-12,22586.55,22590.35,22579.5,22584.85,13:30:00,22603.687766857245,4,52
2024-04-12,22571.5,22587.3,22567.45,22586.65,13:35:00,22600.6222652518,4,53
2024-04-12,22564.3,22573.15,22558.5,22573.15,13:40:00,22597.16300189448,4,54
2024-04-12,22571.4,22579.45,22559.8,22564.2,13:45:00,22594.70938266644,4,55
2024-04-12,22581.75,22584.35,22571.55,22572.6,13:50:00,22593.475155745826,4,56
2024-04-12,22580.55,22582.65,22564.4,22581.9,13:55:00,22592.24418853193,4,57
2024-04-12,22567.75,22582.4,22566.5,22579.9,14:00:00,22589.91140867175,4,58
2024-04-12,22560.25,22571.9,22560.1,22568.15,14:05:00,22587.086512607773,4,59
2024-04-12,22544.7,22564.55,22539.2,22560.55,14:10:00,22583.049701883225,4,60
2024-04-12,22550.8,22563.75,22542.05,22544.95,14:15:00,22579.97830170387,4,61
2024-04-12,22556.15,22556.25,22539.05,22550.8,14:20:00,22577.70893963684,4,62
2024-04-12,22548.15,22562.65,22548.15,22556.45,14:25:00,22574.893802528568,4,63
2024-04-12,22558.4,22559.95,22544.85,22549.65,14:30:00,22573.32296419252,4,64
2024-04-12,22560.85,22561.5,22544.95,22558.75,14:35:00,22572.135062840847,4,65
2024-04-12,22532.05,22562.5,22532.05,22561.05,14:40:00,22568.317437808382,4,66
2024-04-12,22530.55,22544.7,22527.55,22533.45,14:45:00,22564.720538969494,4,67
2024-04-12,22522.9,22538.1,22522.9,22533.9,14:50:00,22560.73763049621,4,68
2024-04-12,22545.8,22549.0,22520.8,22523.5,14:55:00,22559.314999020386,4,69
2024-04-12,22526.65,22549.05,22518.25,22545.85,15:00:00,22556.204046732728,4,70
2024-04-12,22526.9,22537.7,22521.85,22525.5,15:05:00,22553.413185139136,4,71
2024-04-12,22515.85,22528.6,22511.1,22526.25,15:10:00,22549.83573893541,4,72
2024-04-12,22520.6,22522.7,22511.25,22515.8,15:15:00,22547.05138284632,4,73
2024-04-12,22512.3,22524.05,22511.25,22521.0,15:20:00,22543.741727337147,4,74
2024-04-12,22519.4,22519.4,22503.85,22513.15,15:25:00,22541.42346759076,4,75
2024-04-15,22325.2,22369.1,22308.6,22356.7,09:15:00,22503.39267981919,0,1
2024-04-15,22324.25,22356.15,22302.8,22324.2,09:20:00,22486.33147221736,0,2
2024-04-15,22328.05,22352.8,22321.75,22327.3,09:25:00,22471.2570462919,0,3
2024-04-15,22296.0,22332.35,22283.55,22327.95,09:30:00,22454.565899026005,0,4
2024-04-15,22268.75,22297.65,22265.5,22297.15,09:35:00,22436.86914673781,0,5
2024-04-15,22280.7,22290.2,22263.75,22269.2,09:40:00,22421.995894667543,0,6
2024-04-15,22294.1,22296.7,22279.0,22280.65,09:45:00,22409.815333270635,0,7
2024-04-15,22303.6,22304.9,22290.7,22293.65,09:50:00,22399.69958724486,0,8
2024-04-15,22343.85,22352.45,22299.35,22304.1,09:55:00,22394.380578935827,0,9
2024-04-15,22352.9,22354.65,22335.35,22343.55,10:00:00,22390.430047608603,0,10
2024-04-15,22353.9,22376.6,22345.95,22352.6,10:05:00,22386.950995455405,0,11
2024-04-15,22360.3,22360.6,22334.0,22354.55,10:10:00,22384.41280541204,0,12
2024-04-15,22370.7,22372.0,22344.85,22360.65,10:15:00,22383.10682394422,0,13
2024-04-15,22371.55,22384.75,22366.55,22371.4,10:20:00,22382.00617404477,0,14
2024-04-15,22368.15,22379.1,22362.8,22370.55,10:25:00,22380.68653842145,0,15
2024-04-15,22367.8,22374.05,22352.6,22368.55,10:30:00,22379.459249047984,0,16
2024-04-15,22367.5,22377.4,22361.3,22367.45,10:35:00,22378.32027294817,0,17
2024-04-15,22378.05,22384.0,22366.2,22366.8,10:40:00,22378.2945326674,0,18
2024-04-15,22387.85,22394.4,22374.2,22379.25,10:45:00,22379.204577175267,0,19
2024-04-15,22404.75,22408.55,22384.8,22387.6,10:50:00,22381.637474587147,0,20
2024-04-15,22424.55,22426.55,22404.45,22404.85,10:55:00,22385.724381769323,0,21
2024-04-15,22406.1,22426.45,22403.8,22425.95,11:00:00,22387.664916838912,0,22
2024-04-15,22378.15,22411.45,22377.8,22406.45,11:05:00,22386.758734282823,0,23
2024-04-15,22361.9,22390.95,22361.2,22378.05,11:10:00,22384.3912357797,0,24
2024-04-15,22370.95,22374.7,22357.75,22361.45,11:15:00,22383.111118086395,0,25
2024-04-15,22379.6,22380.5,22359.95,22371.15,11:20:00,22382.77672588769,0,26
2024-04-15,22378.75,22381.35,22370.65,22379.4,11:25:00,22382.3932281841,0,27
2024-04-15,22379.3,22385.95,22375.2,22378.4,11:30:00,22382.098635023707,0,28
2024-04-15,22387.85,22387.85,22368.95,22379.3,11:35:00,22382.64638406907,0,29
2024-04-15,22372.6,22387.5,22372.35,22387.5,11:40:00,22381.689585586304,0,30
2024-04-15,22366.8,22377.05,22364.25,22373.0,11:45:00,22380.271529816186,0,31
2024-04-15,22368.6,22370.9,22355.9,22366.15,11:50:00,22379.159955547973,0,32
2024-04-15,22383.55,22384.5,22364.55,22369.0,11:55:00,22379.5780550196,0,33
2024-04-15,22382.05,22391.4,22378.75,22383.55,12:00:00,22379.81347835106,0,34
2024-04-15,22385.85,22390.2,22373.85,22382.25,12:05:00,22380.38838517477,0,35
2024-04-15,22398.85,22399.45,22384.65,22385.8,12:10:00,22382.146634205747,0,36
2024-04-15,22394.0,22399.6,22391.85,22399.0,12:15:00,22383.27552618616,0,37
2024-04-15,22400.75,22401.85,22389.6,22393.7,12:20:00,22384.939761787475,0,38
2024-04-15,22389.3,22404.05,22389.05,22401.3,12:25:00,22385.35502256962,0,39
2024-04-15,22385.45,22398.25,22385.0,22390.15,12:30:00,22385.36406803918,0,40
2024-04-15,22378.7,22392.35,22373.95,22384.65,12:35:00,22384.72939489259,0,41
2024-04-15,22378.5,22380.95,22364.4,22379.3,12:40:00,22384.136119188533,0,42
2024-04-15,22374.9,22385.65,22371.9,22378.2,12:45:00,22383.256488789622,0,43
2024-04-15,22363.4,22375.95,22358.15,22374.25,12:50:00,22381.365394619184,0,44
2024-04-15,22352.7,22368.3,22350.55,22363.25,12:55:00,22378.635357036404,0,45
2024-04-15,22331.0,22356.6,22329.75,22352.95,13:00:00,22374.09865636627,0,46
2024-04-15,22342.5,22342.9,22321.6,22330.8,13:05:00,22371.08926052186,0,47
2024-04-15,22338.3,22349.1,22335.15,22341.65,13:10:00,22367.966473805496,0,48
2024-04-15,22348.8,22354.3,22333.2,22339.0,13:15:00,22366.14109534783,0,49
2024-04-15,22348.75,22352.35,22342.55,22349.15,13:20:00,22364.4848005528,0,50
2024-04-15,22345.7,22352.3,22342.3,22349.15,13:25:00,22362.695771928724,0,51
2024-04-15,22342.5,22351.55,22336.4,22347.15,13:30:00,22360.772365078366,0,52
2024-04-15,22325.65,22345.9,22325.45,22342.85,13:35:00,22357.427377928045,0,53
2024-04-15,22333.85,22339.75,22320.9,22325.8,13:40:00,22355.181913363467,0,54
2024-04-15,22344.1,22349.8,22334.8,22334.8,13:45:00,22354.12649304313,0,55
2024-04-15,22344.8,22353.85,22343.05,22344.2,13:50:00,22353.238255610453,0,56
2024-04-15,22344.25,22353.9,22340.2,22345.75,13:55:00,22352.3822312666,0,57
2024-04-15,22339.8,22349.3,22334.2,22344.5,14:00:00,22351.183923526925,0,58
2024-04-15,22348.7,22353.8,22332.6,22339.85,14:05:00,22350.947359381506,0,59
2024-04-15,22334.15,22349.2,22333.2,22348.95,14:10:00,22349.34761086898,0,60
2024-04-15,22333.75,22343.25,22329.0,22334.3,14:15:00,22347.862124119554,0,61
2024-04-15,22311.9,22336.1,22307.5,22334.8,14:20:00,22344.43715991769,0,62
2024-04-15,22306.8,22316.5,22300.8,22312.7,14:25:00,22340.85266849696,0,63
2024-04-15,22296.45,22317.15,22295.9,22305.4,14:30:00,22336.623842925823,0,64
2024-04-15,22323.35,22326.85,22297.35,22299.1,14:35:00,22335.35966740908,0,65
2024-04-15,22312.05,22328.85,22310.8,22324.1,14:40:00,22333.139699084404,0,66
2024-04-15,22295.1,22314.95,22289.25,22311.55,14:45:00,22329.51687060017,0,67
2024-04-15,22302.35,22304.85,22293.9,22295.85,14:50:00,22326.92954959064,0,68
2024-04-15,22304.7,22313.75,22300.4,22302.1,14:55:00,22324.812449629622,0,69
2024-04-15,22269.85,22308.95,22264.65,22304.75,15:00:00,22319.57793061728,0,70
2024-04-15,22274.9,22274.9,22260.1,22270.05,15:05:00,22315.32288960611,0,71
2024-04-15,22270.0,22274.8,22261.4,22274.8,15:10:00,22311.00642392933,0,72
2024-04-15,22271.95,22291.3,22267.4,22271.5,15:15:00,22307.28676450749,0,73
2024-04-15,22273.25,22276.0,22268.9,22272.35,15:20:00,22304.045167887733,0,74
2024-04-15,22277.45,22280.95,22262.55,22273.9,15:25:00,22301.51229475557,0,75
2024-04-16,22148.05,22172.2,22107.95,22136.35,09:15:00,22271.71301226023,1,1
2024-04-16,22188.95,22190.0,22136.45,22148.5,09:20:00,22263.8308206164,1,2
2024-04-16,22186.75,22189.8,22175.4,22188.15,09:25:00,22256.4897900815,1,3
2024-04-16,22202.3,22207.3,22165.8,22187.45,09:30:00,22251.328857692788,1,4
2024-04-16,22206.45,22209.25,22189.45,22202.05,09:35:00,22247.054680769663,1,5
2024-04-16,22198.15,22209.15,22185.15,22206.7,09:40:00,22242.39709212493,1,6
2024-04-16,22182.55,22198.2,22167.5,22197.7,09:45:00,22236.69736906542,1,7
2024-04-16,22197.55,22199.8,22176.35,22182.7,09:50:00,22232.969048202045,1,8
2024-04-16,22198.55,22202.9,22187.2,22199.45,09:55:00,22229.691043611376,1,9
2024-04-16,22190.75,22206.65,22188.0,22198.1,10:00:00,22225.982372791248,1,10
2024-04-16,22209.6,22213.5,22189.8,22191.0,10:05:00,22224.42214681113,1,11
2024-04-16,22191.4,22213.05,22190.7,22209.95,10:10:00,22221.277180448167,1,12
2024-04-16,22176.0,22190.65,22175.05,22190.65,10:15:00,22216.96506802453,1,13
2024-04-16,22161.0,22181.8,22156.7,22176.1,10:20:00,22211.635061546003,1,14
2024-04-16,22190.8,22192.45,22157.65,22161.0,10:25:00,22209.650769970194,1,15
2024-04-16,22201.55,22209.4,22188.7,22190.25,10:30:00,22208.87926806827,1,16
2024-04-16,22191.3,22207.5,22189.6,22202.3,10:35:00,22207.20505206177,1,17
2024-04-16,22188.35,22197.15,22184.6,22191.4,10:40:00,22205.409332817795,1,18
2024-04-16,22195.55,22197.5,22185.75,22187.85,10:45:00,22204.47034873991,1,19
2024-04-16,22201.45,22201.9,22190.8,22195.35,10:50:00,22204.182696478965,1,20
2024-04-16,22198.95,22201.75,22190.4,22201.35,10:55:00,22203.68434443335,1,21
2024-04-16,22185.55,22200.4,22184.65,22198.7,11:00:00,22201.95726401113,1,22
2024-04-16,22194.05,22196.7,22183.8,22185.85,11:05:00,22201.204191248165,1,23
2024-04-16,22201.05,22201.05,22189.7,22194.25,11:10:00,22201.189506367387,1,24
2024-04-16,22201.7,22209.05,22196.85,22201.55,11:15:00,22201.23812480859,1,25
2024-04-16,22203.3,22207.1,22199.6,22201.85,11:20:00,22201.43449387444,1,26
2024-04-16,22189.3,22203.7,22182.9,22203.7,11:25:00,22200.27882779116,1,27
2024-04-16,22194.4,22196.0,22184.6,22189.3,11:30:00,22199.7189394301,1,28
2024-04-16,22194.9,22198.3,22191.2,22194.95,11:35:00,22199.259992817708,1,29
2024-04-16,22188.55,22197.35,22186.7,22194.65,11:40:00,22198.23999350174,1,30
2024-04-16,22183.85,22189.35,22175.25,22188.9,11:45:00,22196.869517930143,1,31
2024-04-16,22172.25,22184.35,22168.2,22183.7,11:50:00,22194.5248019368,1,32
2024-04-16,22166.15,22179.75,22165.9,22172.75,11:55:00,22191.822439847576,1,33
2024-04-16,22157.45,22167.6,22149.95,22165.85,12:00:00,22188.548874147808,1,34
2024-04-16,22155.45,22160.55,22150.8,22156.75,12:05:00,22185.396600419444,1,35
2024-04-16,22169.75,22171.4,22154.0,22155.85,12:10:00,22183.906447998543,1,36
2024-04-16,22162.9,22173.2,22160.2,22169.4,12:15:00,22181.905833903445,1,37
2024-04-16,22156.35,22163.15,22151.05,22162.95,12:20:00,22179.471944960263,1,38
2024-04-16,22139.75,22155.6,22139.35,22155.6,12:25:00,22175.688902583093,1,39
2024-04-16,22138.05,22151.85,22136.9,22140.2,12:30:00,22172.104245194227,1,40
2024-04-16,22138.15,22151.3,22136.3,22138.25,12:35:00,22168.870507556683,1,41
2024-04-16,22120.65,22141.5,22118.8,22138.0,12:40:00,22164.27807826557,1,42
2024-04-16,22118.2,22130.3,22116.2,22121.0,12:45:00,22159.889689859327,1,43
2024-04-16,22115.85,22129.6,22113.75,22118.75,12:50:00,22155.69543368225,1,44
2024-04-16,22132.0,22136.05,22114.9,22115.35,12:55:00,22153.43872571251,1,45
2024-04-16,22116.05,22131.45,22107.75,22131.45,13:00:00,22149.87789469227,1,46
2024-04-16,22119.8,22120.05,22107.25,22115.85,13:05:00,22147.013333293005,1,47
2024-04-16,22100.65,22120.2,22100.65,22120.2,13:10:00,22142.597777741288,1,48
2024-04-16,22093.55,22100.9,22079.7,22100.9,13:15:00,22137.926560813547,1,49
2024-04-16,22088.2,22096.55,22086.45,22093.4,13:20:00,22133.190697878927,1,50
2024-04-16,22100.1,22103.7,22088.15,22088.15,13:25:00,22130.03920284284,1,51
2024-04-16,22110.35,22112.2,22090.7,22100.8,13:30:00,22128.16404066733,1,52
2024-04-16,22111.8,22112.15,22091.9,22110.7,13:35:00,22126.605560603777,1,53
2024-04-16,22119.6,22128.4,22107.8,22112.1,13:40:00,22125.9383643558,1,54
2024-04-16,22129.3,22134.1,22114.25,22119.9,13:45:00,22126.258520131432,1,55
2024-04-16,22129.25,22134.55,22122.25,22129.05,13:50:00,22126.543422976058,1,56
2024-04-16,22129.35,22134.15,22121.45,22129.8,13:55:00,22126.81071602596,1,57
2024-04-16,22145.3,22145.3,22123.85,22129.45,14:00:00,22128.57160021396,1,58
2024-04-16,22141.25,22153.9,22140.65,22144.6,14:05:00,22129.77906686025,1,59
2024-04-16,22143.05,22154.3,22136.5,22140.1,14:10:00,22131.04296525451,1,60
2024-04-16,22134.35,22153.05,22134.35,22142.65,14:15:00,22131.35792094456,1,61
2024-04-16,22125.7,22139.65,22120.5,22135.0,14:20:00,22130.81907133079,1,62
2024-04-16,22133.35,22134.35,22119.9,22124.95,14:25:00,22131.06011215643,1,63
2024-04-16,22143.95,22146.05,22130.95,22132.95,14:30:00,22132.287720522483,1,64
2024-04-16,22135.7,22145.75,22132.45,22142.35,14:35:00,22132.612699520345,1,65
2024-04-16,22136.55,22138.35,22129.3,22135.3,14:40:00,22132.987680518407,1,66
2024-04-16,22125.4,22138.4,22122.45,22135.95,14:45:00,22132.26504427856,1,67
2024-04-16,22114.8,22125.25,22111.45,22124.65,14:50:00,22130.601706728223,1,68
2024-04-16,22123.25,22128.35,22108.7,22115.45,14:55:00,22129.90154418268,1,69
2024-04-16,22121.55,22132.35,22116.6,22122.7,15:00:00,22129.106159022424,1,70
2024-04-16,22139.45,22140.65,22120.4,22120.4,15:05:00,22130.09128673457,1,71
2024-04-16,22168.9,22169.75,22137.95,22137.95,15:10:00,22133.78735466461,1,72
2024-04-16,22159.8,22171.85,22153.8,22168.3,15:15:00,22136.26474945846,1,73
2024-04-16,22162.8,22162.8,22155.05,22159.85,15:20:00,22138.791916176702,1,74
2024-04-16,22177.45,22180.05,22161.9,22162.05,15:25:00,22142.47363844559,1,75
2024-04-18,22246.8,22259.25,22209.2,22228.75,09:15:00,22152.40948240316,3,1
2024-04-18,22267.45,22270.0,22244.9,22246.3,09:20:00,22163.365722174283,3,2
2024-04-18,22267.05,22270.65,22259.6,22268.45,09:25:00,22173.240415300545,3,3
2024-04-18,22229.0,22267.75,22220.5,22266.45,09:30:00,22178.550851938588,3,4
2024-04-18,22212.6,22241.55,22209.2,22230.45,09:35:00,22181.79362794444,3,5
2024-04-18,22200.45,22222.9,22182.0,22213.55,09:40:00,22183.570425283066,3,6
2024-04-18,22180.35,22206.75,22174.55,22199.8,09:45:00,22183.26371811325,3,7
2024-04-18,22196.75,22202.25,22180.0,22180.5,09:50:00,22184.548125911988,3,8
2024-04-18,22207.25,22211.9,22192.35,22198.0,09:55:00,22186.710209158467,3,9
2024-04-18,22215.7,22223.1,22207.1,22207.65,10:00:00,22189.471141619564,3,10
2024-04-18,22204.3,22218.4,22164.85,22215.25,10:05:00,22190.88341384628,3,11
2024-04-18,22178.15,22204.35,22172.75,22204.25,10:10:00,22189.67070776568,3,12
2024-04-18,22177.45,22185.45,22167.95,22176.9,10:15:00,22188.506830835613,3,13
2024-04-18,22175.0,22183.15,22155.0,22177.85,10:20:00,22187.220465994127,3,14
2024-04-18,22176.3,22177.85,22161.7,22173.9,10:25:00,22186.18042161373,3,15
2024-04-18,22192.55,22194.0,22159.7,22176.75,10:30:00,22186.78704812672,3,16
2024-04-18,22202.0,22207.6,22185.55,22193.3,10:35:00,22188.235900686075,3,17
2024-04-18,22191.15,22204.35,22187.7,22202.15,10:40:00,22188.513433954067,3,18
2024-04-18,22179.75,22193.25,22175.65,22191.1,10:45:00,22187.678821196536,3,19
2024-04-18,22178.65,22184.75,22165.75,22181.05,10:50:00,22186.81893346353,3,20
2024-04-18,22193.6,22194.35,22176.6,22178.6,10:55:00,22187.46474932415,3,21
2024-04-18,22215.45,22216.65,22190.75,22193.8,11:00:00,22190.13001129328,3,22
2024-04-18,22274.95,22276.1,22215.35,22215.35,11:05:00,22198.208105455826,3,23
2024-04-18,22283.0,22295.2,22274.65,22275.45,11:10:00,22206.28352398384,3,24
2024-04-18,22284.75,22293.4,22281.5,22283.7,11:15:00,22213.756521699663,3,25
2024-04-18,22285.7,22286.25,22273.6,22284.6,11:20:00,22220.6082815378,3,26
2024-04-18,22276.05,22290.6,22273.3,22285.55,11:25:00,22225.888445200864,3,27
2024-04-18,22278.55,22291.15,22264.3,22277.0,11:30:00,22230.90383137221,3,28
2024-04-18,22284.55,22296.25,22278.7,22279.05,11:35:00,22236.012990289146,3,29
2024-04-18,22282.55,22287.45,22268.25,22283.75,11:40:00,22240.445086452084,3,30
2024-04-18,22277.35,22287.55,22274.35,22282.4,11:45:00,22243.95984012332,3,31
2024-04-18,22285.65,22286.85,22271.8,22277.7,11:50:00,22247.930331540145,3,32
2024-04-18,22303.05,22303.7,22281.75,22285.95,11:55:00,22253.17982377441,3,33
2024-04-18,22294.65,22308.35,22294.65,22304.0,12:00:00,22257.129364367327,3,34
2024-04-18,22289.3,22301.75,22283.75,22294.7,12:05:00,22260.19323442758,3,35
2024-04-18,22292.15,22300.15,22288.0,22288.95,12:10:00,22263.23673591067,3,36
2024-04-18,22321.55,22321.55,22291.3,22292.35,12:15:00,22268.79038010965,3,37
2024-04-18,22314.65,22326.25,22312.85,22322.0,12:20:00,22273.15796295636,3,38
2024-04-18,22313.05,22319.65,22307.25,22313.95,12:25:00,22276.95720457956,3,39
2024-04-18,22307.35,22317.4,22305.05,22313.65,12:30:00,22279.85175652436,3,40
2024-04-18,22307.65,22311.6,22296.8,22307.65,12:35:00,22282.499208283945,3,41
2024-04-18,22309.8,22318.2,22300.75,22308.15,12:40:00,22285.099283685475,3,42
2024-04-18,22300.85,22314.0,22295.9,22309.85,12:45:00,22286.599351905905,3,43
2024-04-18,22296.35,22304.45,22287.95,22300.85,12:50:00,22287.527985057724,3,44
2024-04-18,22298.7,22307.7,22291.7,22295.5,12:55:00,22288.5919864808,3,45
2024-04-18,22291.5,22302.15,22289.25,22298.85,13:00:00,22288.868940149296,3,46
2024-04-18,22285.65,22303.45,22282.6,22291.9,13:05:00,22288.56237442079,3,47
2024-04-18,22291.45,22296.55,22282.2,22285.3,13:10:00,22288.83738638072,3,48
2024-04-18,22300.7,22300.7,22288.75,22291.05,13:15:00,22289.967159106367,3,49
2024-04-18,22290.2,22305.4,22286.4,22300.3,13:20:00,22289.98933442957,3,50
2024-04-18,22133.65,22295.55,22082.55,22289.9,13:25:00,22275.09987400771,3,51
2024-04-18,22218.25,22243.45,22088.05,22136.8,13:30:00,22269.685600292687,3,52
2024-04-18,22152.9,22228.65,22097.7,22217.7,13:35:00,22258.56316216957,3,53
2024-04-18,22094.4,22177.65,22084.45,22151.9,13:40:00,22242.92857529628,3,54
2024-04-18,22134.35,22135.95,22091.75,22094.0,13:45:00,22232.5877586014,3,55
2024-04-18,22140.15,22149.05,22096.7,22134.35,13:50:00,22223.78416254412,3,56
2024-04-18,22140.65,22160.5,22129.85,22139.3,13:55:00,22215.8666232542,3,57
2024-04-18,22146.05,22163.8,22131.3,22139.4,14:00:00,22209.21742103952,3,58
2024-04-18,22122.4,22146.45,22113.3,22146.45,14:05:00,22200.94909522623,3,59
2024-04-18,22137.85,22142.2,22116.05,22122.25,14:10:00,22194.93965758564,3,60
2024-04-18,22151.15,22171.3,22134.35,22139.0,14:15:00,22190.769214006054,3,61
2024-04-18,22143.7,22159.75,22131.2,22151.35,14:20:00,22186.286431719764,3,62
2024-04-18,22137.75,22149.3,22129.25,22143.7,14:25:00,22181.66391441312,3,63
2024-04-18,22104.9,22144.9,22102.25,22137.1,14:30:00,22174.3530654214,3,64
2024-04-18,22087.8,22116.85,22085.4,22105.5,14:35:00,22166.10991633364,3,65
2024-04-18,22056.15,22099.15,22055.7,22087.3,14:40:00,22155.637543349483,3,66
2024-04-18,22062.05,22074.05,22051.6,22055.6,14:45:00,22146.724443982865,3,67
2024-04-18,22040.4,22081.8,22035.15,22064.65,14:50:00,22136.598306460684,3,68
2024-04-18,22023.85,22045.0,22007.9,22040.25,14:55:00,22125.86037251205,3,69
2024-04-18,21989.2,22023.8,21984.4,22023.2,15:00:00,22112.84509893948,3,70
2024-04-18,21975.75,22000.85,21971.6,21989.0,15:05:00,22099.78842285,3,71
2024-04-18,21965.65,21982.9,21962.5,21976.45,15:10:00,22087.013334959523,3,72
2024-04-18,22012.15,22015.15,21962.0,21966.05,15:15:00,22079.88349353481,3,73
2024-04-18,22027.85,22028.5,21994.55,22012.05,15:20:00,22074.92792272197,3,74
2024-04-18,22045.75,22046.75,22027.4,22027.65,15:25:00,22072.14907293893,3,75
2024-04-19,21815.55,21850.25,21799.25,21839.95,09:15:00,22047.711065992364,4,1
2024-04-19,21862.25,21862.6,21777.65,21811.4,09:20:00,22030.048107326424,4,2
2024-04-19,21851.2,21866.45,21829.1,21863.85,09:25:00,22013.01495424772,4,3
2024-04-19,21861.95,21868.45,21825.3,21850.65,09:30:00,21998.62781574793,4,4
2024-04-19,21863.55,21870.6,21846.1,21859.55,09:35:00,21985.763261867178,4,5
2024-04-19,21846.35,21865.85,21834.65,21862.85,09:40:00,21972.485808356018,4,6
2024-04-19,21873.2,21881.55,21836.7,21847.05,09:45:00,21963.030017084016,4,7
2024-04-19,21851.85,21880.25,21851.85,21873.1,09:50:00,21952.441444028394,4,8
2024-04-19,21869.75,21880.6,21839.9,21851.65,09:55:00,21944.56606840664,4,9
2024-04-19,21894.2,21901.65,21872.05,21872.65,10:00:00,21939.769299986965,4,10
2024-04-19,21888.75,21900.35,21878.3,21893.1,10:05:00,21934.910319035826,4,11
2024-04-19,21884.75,21890.35,21865.75,21890.35,10:10:00,21930.13314579432,4,12
2024-04-19,21881.65,21889.7,21870.0,21886.15,10:15:00,21925.515703337715,4,13
2024-04-19,21865.65,21889.85,21862.65,21881.3,10:20:00,21919.814207781743,4,14
2024-04-19,21856.8,21873.6,21853.95,21865.15,10:25:00,21913.81285465967,4,15
2024-04-19,21876.95,21886.05,21853.6,21857.25,10:30:00,21910.30210659685,4,16
2024-04-19,21864.45,21884.35,21861.7,21877.5,10:35:00,21905.935239301907,4,17
2024-04-19,21863.3,21876.7,21856.05,21864.35,10:40:00,21901.87474032077,4,18
2024-04-19,21863.55,21870.3,21854.05,21863.85,10:45:00,21898.22476505213,4,19
2024-04-19,21862.55,21865.95,21850.2,21862.95,10:50:00,21894.8271683805,4,20
2024-04-19,21858.2,21888.0,21853.15,21862.15,10:55:00,21891.338866629976,4,21
2024-04-19,21858.55,21865.6,21852.8,21859.45,11:00:00,21888.21611742712,4,22
2024-04-19,21871.5,21872.3,21851.15,21858.05,11:05:00,21886.624106243584,4,23
2024-04-19,21870.7,21883.55,21863.7,21870.25,11:10:00,21885.107524696577,4,24
2024-04-19,21872.65,21880.9,21866.7,21871.5,11:15:00,21883.921093773097,4,25
2024-04-19,21889.8,21893.05,21867.4,21873.1,11:20:00,21884.48098960423,4,26
2024-04-19,21909.75,21920.05,21885.4,21889.3,11:25:00,21886.88756202288,4,27
2024-04-19,21901.7,21914.65,21898.8,21911.75,11:30:00,21888.29827040165,4,28
2024-04-19,21918.45,21922.0,21895.7,21900.6,11:35:00,21891.16986369673,4,29
2024-04-19,21924.85,21935.95,21917.15,21919.5,11:40:00,21894.377495725614,4,30
2024-04-19,21928.0,21931.8,21920.55,21925.95,11:45:00,21897.57963898984,4,31
2024-04-19,21906.15,21934.15,21898.95,21928.2,11:50:00,21898.39586384795,4,32
2024-04-19,21915.35,21916.7,21898.25,21905.5,11:55:00,21900.01054348148,4,33
2024-04-19,21911.5,21927.55,21898.25,21914.9,12:00:00,21901.104777435623,4,34
2024-04-19,21916.5,21920.9,21906.65,21911.05,12:05:00,21902.57098910842,4,35
2024-04-19,21934.2,21935.3,21913.3,21916.4,12:10:00,21905.58327586,4,36
2024-04-19,21944.35,21952.85,21926.75,21934.0,12:15:00,21909.27534482572,4,37
2024-04-19,21987.75,21990.8,21938.2,21943.8,12:20:00,21916.74912150898,4,38
2024-04-19,21968.25,21994.4,21967.05,21987.55,12:25:00,21921.65396707956,4,39
2024-04-19,21972.75,21983.2,21965.85,21968.25,12:30:00,21926.52025592912,4,40
2024-04-19,22015.35,22016.1,21972.2,21972.4,12:35:00,21934.98023155492,4,41
2024-04-19,22024.8,22028.5,22007.95,22015.65,12:40:00,21943.53449521636,4,42
2024-04-19,22026.85,22030.3,22007.75,22023.85,12:45:00,21951.469305195747,4,43
2024-04-19,22020.7,22045.8,22017.3,22027.65,12:50:00,21958.062704700915,4,44
2024-04-19,22044.05,22052.1,22018.6,22019.4,12:55:00,21966.251970919875,4,45
2024-04-19,22048.5,22048.65,22027.1,22043.55,13:00:00,21974.08511654656,4,46
2024-04-19,22037.9,22052.5,22032.5,22048.15,13:05:00,21980.1627244945,4,47
2024-04-19,22044.9,22051.3,22026.25,22037.0,13:10:00,21986.32817930455,4,48
2024-04-19,22027.95,22045.9,22021.7,22044.9,13:15:00,21990.29216222793,4,49
2024-04-19,22056.2,22060.45,22012.75,22026.5,13:20:00,21996.5690991586,4,50
2024-04-19,22044.4,22060.15,22041.4,22056.1,13:25:00,22001.12442304826,4,51
2024-04-19,22040.45,22053.35,22027.05,22043.2,13:30:00,22004.86971609128,4,52
2024-04-19,22027.8,22040.15,22017.85,22040.15,13:35:00,22007.05355265402,4,53
2024-04-19,22027.7,22034.2,22009.65,22026.55,13:40:00,22009.019880972686,4,54
2024-04-19,22079.95,22080.45,22019.9,22027.5,13:45:00,22015.775130403857,4,55
2024-04-19,22131.35,22131.75,22077.95,22079.35,13:50:00,22026.782260841585,4,56
2024-04-19,22142.05,22142.05,22117.55,22132.05,13:55:00,22037.760140761435,4,57
2024-04-19,22137.95,22157.6,22130.85,22141.25,14:00:00,22047.30203211749,4,58
2024-04-19,22170.25,22175.85,22135.15,22137.3,14:05:00,22059.01136239202,4,59
2024-04-19,22149.8,22177.7,22147.4,22170.4,14:10:00,22067.657899307065,4,60
2024-04-19,22138.35,22159.9,22126.7,22149.2,14:15:00,22074.39048032544,4,61
2024-04-19,22124.9,22143.4,22114.65,22136.95,14:20:00,22079.20091077064,4,62
2024-04-19,22132.6,22151.05,22120.85,22125.0,14:25:00,22084.286538316293,4,63
2024-04-19,22152.25,22162.75,22129.45,22132.2,14:30:00,22090.75924895284,4,64
2024-04-19,22141.4,22160.55,22137.5,22150.5,14:35:00,22095.582177624,4,65
2024-04-19,22110.3,22148.3,22100.6,22141.5,14:40:00,22096.983874993137,4,66
2024-04-19,22131.55,22138.95,22101.8,22104.9,14:45:00,22100.27588689855,4,67
2024-04-19,22139.25,22155.45,22124.05,22130.8,14:50:00,22103.987707193926,4,68
2024-04-19,22145.4,22152.0,22131.15,22138.4,14:55:00,22107.93173508022,4,69
2024-04-19,22137.85,22148.8,22125.6,22145.05,15:00:00,22110.781093644007,4,70
2024-04-19,22176.4,22176.55,22130.15,22138.9,15:05:00,22117.03051329696,4,71
2024-04-19,22162.3,22179.3,22153.9,22176.85,15:10:00,22121.341892982964,4,72
2024-04-19,22147.65,22166.0,22143.75,22163.1,15:15:00,22123.847426984583,4,73
2024-04-19,22141.15,22150.75,22134.1,22148.5,15:20:00,22125.495291081294,4,74
2024-04-19,22149.7,22154.95,22129.05,22142.15,15:25:00,22127.800501454505,4,75
2024-04-22,22255.25,22336.9,22254.75,22336.9,09:15:00,22157.956192800622,0,1
2024-04-22,22249.05,22281.9,22245.8,22254.6,09:20:00,22166.63179348628,0,2
2024-04-22,22246.05,22272.55,22240.15,22248.85,09:25:00,22174.19543220188,0,3
2024-04-22,22251.55,22271.15,22235.65,22246.5,09:30:00,22181.562533896937,0,4
2024-04-22,22263.0,22272.7,22245.95,22251.65,09:35:00,22189.31848304961,0,5
2024-04-22,22218.25,22265.95,22213.5,22263.75,09:40:00,22192.073865616312,0,6
2024-04-22,22210.3,22223.65,22198.35,22218.3,09:45:00,22193.809687938567,0,7
2024-04-22,22219.2,22240.95,22208.6,22209.45,09:50:00,22196.2278128968,0,8
2024-04-22,22227.1,22238.65,22216.2,22218.4,09:55:00,22199.168021192338,0,9
2024-04-22,22225.15,22245.55,22222.1,22227.25,10:00:00,22201.642495364496,0,10
2024-04-22,22226.55,22244.9,22221.6,22223.0,10:05:00,22204.01463866312,0,11
2024-04-22,22246.55,22251.5,22219.7,22226.55,10:10:00,22208.065625457108,0,12
2024-04-22,22259.05,22266.2,22243.25,22246.05,10:15:00,22212.92128017548,0,13
2024-04-22,22249.85,22260.8,22242.9,22259.2,10:20:00,22216.43830111115,0,14
2024-04-22,22238.25,22255.15,22229.55,22251.45,10:25:00,22218.515605767232,0,15
2024-04-22,22232.5,22248.15,22231.8,22238.4,10:30:00,22219.84745283702,0,16
2024-04-22,22237.85,22241.4,22230.55,22232.35,10:35:00,22221.561981138257,0,17
2024-04-22,22251.65,22252.2,22237.05,22237.05,10:40:00,22224.427506744138,0,18
2024-04-22,22253.55,22256.1,22240.35,22251.95,10:45:00,22227.201077530408,0,19
2024-04-22,22264.05,22273.1,22251.05,22254.0,10:50:00,22230.710498717985,0,20
2024-04-22,22278.55,22280.8,22260.75,22264.3,10:55:00,22235.266641697224,0,21
2024-04-22,22296.1,22297.25,22269.85,22279.05,11:00:00,22241.06029486892,0,22
2024-04-22,22286.9,22297.4,22279.95,22295.35,11:05:00,22245.42598107188,0,23
2024-04-22,22283.85,22289.0,22277.9,22287.45,11:10:00,22249.085411445987,0,24
2024-04-22,22282.55,22291.35,22273.9,22283.7,11:15:00,22252.272515117795,0,25
2024-04-22,22290.1,22290.1,22273.6,22282.25,11:20:00,22255.87513272562,0,26
2024-04-22,22282.45,22290.35,22280.35,22290.2,11:25:00,22258.40607246604,0,27
2024-04-22,22294.15,22298.6,22277.7,22281.95,11:30:00,22261.810256040702,0,28
2024-04-22,22293.95,22295.45,22289.45,22294.1,11:35:00,22264.871184036827,0,29
2024-04-22,22287.45,22301.2,22287.05,22294.15,11:40:00,22267.02154746189,0,30
2024-04-22,22300.9,22302.1,22286.4,22286.75,11:45:00,22270.248066751235,0,31
2024-04-22,22301.45,22307.45,22298.2,22301.3,11:50:00,22273.2196794416,0,32
2024-04-22,22307.6,22312.1,22300.6,22301.45,11:55:00,22276.49399568525,0,33
2024-04-22,22304.55,22308.65,22297.7,22307.4,12:00:00,22279.16599609618,0,34
2024-04-22,22296.65,22305.6,22295.4,22304.9,12:05:00,22280.83113932512,0,35
2024-04-22,22285.25,22296.55,22282.65,22296.25,12:10:00,22281.25198319892,0,36
2024-04-22,22288.2,22294.65,22285.95,22286.7,12:15:00,22281.913699084733,0,37
2024-04-22,22295.2,22296.45,22284.8,22288.15,12:20:00,22283.179061076666,0,38
2024-04-22,22285.15,22298.7,22275.05,22295.5,12:25:00,22283.36676954555,0,39
2024-04-22,22296.85,22299.3,22283.2,22284.65,12:30:00,22284.650886731688,0,40
2024-04-22,22296.65,22298.7,22290.9,22297.2,12:35:00,22285.793659423907,0,41
2024-04-22,22293.0,22299.65,22289.9,22296.75,12:40:00,22286.47997757401,0,42
2024-04-22,22283.2,22295.65,22282.05,22292.55,12:45:00,22286.16759875744,0,43
2024-04-22,22278.7,22287.3,22275.3,22282.95,12:50:00,22285.456398875776,0,44
2024-04-22,22273.4,22284.05,22271.85,22278.8,12:55:00,22284.308170411416,0,45
2024-04-22,22277.6,22280.1,22267.95,22273.8,13:00:00,22283.6692970389,0,46
2024-04-22,22263.35,22282.85,22260.25,22278.15,13:05:00,22281.734125892337,0,47
2024-04-22,22273.45,22275.35,22257.5,22264.0,13:10:00,22280.94516152164,0,48
2024-04-22,22273.2,22279.35,22266.25,22273.8,13:15:00,22280.207527091006,0,49
2024-04-22,22267.1,22275.6,22265.75,22273.3,13:20:00,22278.95919117758,0,50
2024-04-22,22276.5,22278.05,22258.25,22266.7,13:25:00,22278.724982494,0,51
2024-04-22,22276.1,22282.5,22273.85,22276.45,13:30:00,22278.47498416124,0,52
2024-04-22,22278.25,22281.8,22271.6,22275.9,13:35:00,22278.453557098263,0,53
2024-04-22,22286.15,22287.1,22272.8,22278.0,13:40:00,22279.18655166033,0,54
2024-04-22,22297.2,22298.05,22281.55,22285.65,13:45:00,22280.90211816888,0,55
2024-04-22,22287.85,22300.4,22287.0,22297.3,13:50:00,22281.56382120041,0,56
2024-04-22,22289.75,22297.75,22286.2,22287.75,13:55:00,22282.34345727656,0,57
2024-04-22,22296.9,22299.0,22285.4,22290.0,14:00:00,22283.729794678795,0,58
2024-04-22,22299.65,22302.05,22287.85,22296.75,14:05:00,22285.246004709385,0,59
2024-04-22,22292.0,22300.2,22288.25,22299.65,14:10:00,22285.88924235611,0,60
2024-04-22,22294.0,22298.0,22286.35,22292.35,14:15:00,22286.66169546505,0,61
2024-04-22,22282.8,22298.85,22281.0,22294.3,14:20:00,22286.29391494457,0,62
2024-04-22,22281.15,22293.75,22280.15,22283.1,14:25:00,22285.804018283183,0,63
2024-04-22,22284.25,22285.05,22272.9,22281.8,14:30:00,22285.656016541925,0,64
2024-04-22,22290.1,22291.35,22282.8,22284.1,14:35:00,22286.07925306174,0,65
2024-04-22,22313.5,22316.1,22288.7,22289.55,14:40:00,22288.690752770144,0,66
2024-04-22,22320.75,22322.55,22308.9,22314.9,14:45:00,22291.744014411084,0,67
2024-04-22,22317.4,22326.95,22314.35,22321.2,14:50:00,22294.18744161003,0,68
2024-04-22,22308.15,22318.6,22307.0,22316.85,14:55:00,22295.51720907574,0,69
2024-04-22,22317.25,22321.8,22308.2,22308.2,15:00:00,22297.586998687577,0,70
2024-04-22,22326.3,22327.15,22314.55,22316.4,15:05:00,22300.32157024114,0,71
2024-04-22,22347.05,22349.35,22321.2,22326.1,15:10:00,22304.77189688484,0,72
2024-04-22,22344.75,22347.4,22334.9,22347.4,15:15:00,22308.57933527676,0,73
2024-04-22,22354.5,22356.25,22338.45,22344.0,15:20:00,22312.95273191707,0,74
2024-04-22,22365.45,22375.25,22351.05,22353.55,15:25:00,22317.95247173449,0,75
2024-04-23,22419.35,22422.65,22393.1,22416.95,09:15:00,22338.733429242973,1,1
2024-04-23,22399.55,22431.25,22395.65,22417.75,09:20:00,22344.525483600784,1,2
2024-04-23,22399.1,22410.9,22389.25,22397.9,09:25:00,22349.723056591185,1,3
2024-04-23,22390.1,22408.95,22390.05,22399.0,09:30:00,22353.568479772977,1,4
2024-04-23,22396.2,22398.65,22383.0,22386.95,09:35:00,22357.628624556502,1,5
2024-04-23,22398.65,22406.1,22392.3,22396.3,09:40:00,22361.53542221779,1,6
2024-04-23,22382.45,22400.15,22368.8,22399.3,09:45:00,22363.52728676848,1,7
2024-04-23,22382.9,22396.45,22377.6,22383.25,09:50:00,22365.372307076243,1,8
2024-04-23,22392.25,22398.85,22380.75,22384.15,09:55:00,22367.932087354693,1,9
2024-04-23,22404.8,22409.25,22390.95,22392.25,10:00:00,22371.44331713044,1,10
2024-04-23,22411.0,22414.7,22399.5,22404.3,10:05:00,22375.21062026087,1,11
2024-04-23,22417.65,22418.85,22404.65,22411.35,10:10:00,22379.25246595031,1,12
2024-04-23,22409.5,22419.4,22406.8,22417.45,10:15:00,22382.13318347885,1,13
2024-04-23,22412.8,22415.5,22407.9,22408.6,10:20:00,22385.053832671343,1,14
2024-04-23,22400.7,22417.55,22395.05,22413.25,10:25:00,22386.543943845503,1,15
2024-04-23,22399.75,22406.3,22395.05,22400.2,10:30:00,22387.801663479266,1,16
2024-04-23,22397.45,22401.05,22395.4,22400.0,10:35:00,22388.720552671715,1,17
2024-04-23,22376.4,22399.5,22376.2,22397.25,10:40:00,22387.54716670297,1,18
2024-04-23,22360.5,22382.8,22357.8,22376.35,10:45:00,22384.9712460646,1,19
2024-04-23,22369.5,22375.85,22356.5,22361.9,10:50:00,22383.497794058447,1,20
2024-04-23,22381.6,22385.35,22368.85,22369.5,10:55:00,22383.317051767164,1,21
2024-04-23,22364.2,22382.95,22362.85,22381.5,11:00:00,22381.49638017029,1,22
2024-04-23,22375.35,22378.1,22363.15,22363.7,11:05:00,22380.911010630265,1,23
2024-04-23,22381.4,22385.75,22369.15,22375.25,11:10:00,22380.95758104643,1,24
2024-04-23,22391.45,22395.55,22378.7,22382.25,11:15:00,22381.95685904201,1,25
2024-04-23,22399.55,22401.4,22384.8,22393.05,11:20:00,22383.6323962761,1,26
2024-04-23,22399.75,22402.05,22391.4,22399.35,11:25:00,22385.167406154567,1,27
2024-04-23,22393.35,22403.15,22392.35,22400.05,11:30:00,22385.946700806515,1,28
2024-04-23,22393.25,22395.55,22387.5,22393.45,11:35:00,22386.64225311066,1,29
2024-04-23,22390.5,22395.35,22383.15,22392.75,11:40:00,22387.00965757632,1,30
2024-04-23,22388.15,22393.3,22383.45,22389.8,11:45:00,22387.118261616662,1,31
2024-04-23,22395.6,22395.8,22385.75,22387.2,11:50:00,22387.92604622461,1,32
2024-04-23,22402.9,22402.9,22394.35,22394.65,11:55:00,22389.35213706036,1,33
2024-04-23,22405.75,22414.8,22401.5,22402.2,12:00:00,22390.913838292705,1,34
2024-04-23,22415.45,22415.45,22403.2,22406.1,12:05:00,22393.25061559816,1,35
2024-04-23,22420.8,22423.25,22410.95,22415.55,12:10:00,22395.87436649357,1,36
2024-04-23,22416.05,22423.6,22414.55,22420.75,12:15:00,22397.795855398945,1,37
2024-04-23,22416.5,22422.55,22412.75,22415.9,12:20:00,22399.57720250381,1,38
2024-04-23,22410.6,22417.5,22407.25,22415.6,12:25:00,22400.62699274154,1,39
2024-04-23,22412.55,22415.3,22406.7,22409.5,12:30:00,22401.762517242347,1,40
2024-04-23,22412.9,22415.3,22406.15,22412.35,12:35:00,22402.823229885933,1,41
2024-04-23,22403.15,22415.25,22400.35,22412.65,12:40:00,22402.85435084918,1,42
2024-04-23,22402.05,22403.55,22393.1,22400.55,12:45:00,22402.7777460064,1,43
2024-04-23,22409.65,22411.8,22396.85,22400.9,12:50:00,22403.432246386743,1,44
2024-04-23,22406.8,22410.35,22403.6,22409.25,12:55:00,22403.7529848261,1,45
2024-04-23,22398.2,22407.35,22394.45,22406.45,13:00:00,22403.22412912838,1,46
2024-04-23,22381.5,22400.75,22380.05,22397.45,13:05:00,22401.155164449487,1,47
2024-04-23,22382.45,22385.4,22369.15,22381.25,13:10:00,22399.373720216205,1,48
2024-04-23,22363.5,22382.15,22358.4,22382.15,13:15:00,22395.95717543371,1,49
2024-04-23,22375.75,22376.0,22359.7,22363.6,13:20:00,22394.03268253526,1,50
2024-04-23,22387.85,22390.25,22373.55,22375.6,13:25:00,22393.44385562714,1,51
2024-04-23,22386.5,22394.5,22383.9,22387.15,13:30:00,22392.782536043604,1,52
2024-04-23,22389.65,22391.7,22380.55,22385.2,13:35:00,22392.484199277544,1,53
2024-04-23,22387.6,22397.6,22385.4,22389.1,13:40:00,22392.019037441583,1,54
2024-04-23,22391.6,22392.15,22383.65,22387.2,13:45:00,22391.979129113814,1,55
2024-04-23,22390.0,22393.4,22383.5,22390.8,13:50:00,22391.790640626787,1,56
2024-04-23,22388.9,22394.75,22385.25,22389.55,13:55:00,22391.51534151948,1,57
2024-04-23,22405.2,22405.3,22387.2,22388.85,14:00:00,22392.81864232714,1,58
2024-04-23,22387.3,22405.25,22384.4,22405.25,14:05:00,22392.2930573436,1,59
2024-04-23,22396.45,22398.45,22377.6,22387.25,14:10:00,22392.68895664421,1,60
2024-04-23,22409.95,22410.55,22396.0,22396.5,14:15:00,22394.33286553524,1,61
2024-04-23,22400.65,22412.6,22399.0,22408.85,14:20:00,22394.934497389026,1,62
2024-04-23,22396.45,22402.45,22391.15,22400.55,14:25:00,22395.078830971022,1,63
2024-04-23,22389.35,22404.45,22387.1,22396.5,14:30:00,22394.5332280214,1,64
2024-04-23,22392.1,22399.5,22387.45,22388.5,14:35:00,22394.30149201936,1,65
2024-04-23,22393.45,22395.0,22389.3,22391.55,14:40:00,22394.220397541325,1,66
2024-04-23,22403.7,22404.5,22392.15,22394.25,14:45:00,22395.123216823104,1,67
2024-04-23,22395.85,22406.1,22393.95,22403.55,14:50:00,22395.192434268523,1,68
2024-04-23,22411.45,22411.55,22386.75,22395.2,14:55:00,22396.740773862,1,69
2024-04-23,22385.2,22411.85,22370.9,22411.85,15:00:00,22395.64165254181,1,70
2024-04-23,22368.75,22384.6,22359.6,22384.2,15:05:00,22393.08054277592,1,71
2024-04-23,22377.5,22380.15,22359.2,22369.35,15:10:00,22391.596681559167,1,72
2024-04-23,22370.35,22378.95,22360.8,22378.95,15:15:00,22389.573188077346,1,73
2024-04-23,22360.35,22370.05,22354.25,22370.05,15:20:00,22386.79002730807,1,74
2024-04-23,22361.0,22363.65,22350.15,22359.85,15:25:00,22384.33383423111,1,75
2024-04-24,22403.9,22426.3,22401.05,22425.8,09:15:00,22389.40411373568,2,1
2024-04-24,22412.5,22417.25,22401.35,22403.5,09:20:00,22391.603721951327,2,2
2024-04-24,22409.45,22418.8,22405.95,22412.2,09:25:00,22393.303367479773,2,3
2024-04-24,22408.65,22420.6,22403.65,22409.45,09:30:00,22394.76495152932,2,4
2024-04-24,22412.8,22415.85,22407.8,22408.65,09:35:00,22396.4825751932,2,5
2024-04-24,22416.05,22418.35,22407.65,22413.25,09:40:00,22398.346139460507,2,6
2024-04-24,22427.9,22430.45,22410.6,22416.3,09:45:00,22401.16079284522,2,7
2024-04-24,22440.5,22444.6,22424.45,22427.85,09:50:00,22404.90738400282,2,8
2024-04-24,22435.0,22442.7,22432.0,22441.25,09:55:00,22407.773347431124,2,9
2024-04-24,22436.95,22446.75,22434.3,22435.2,10:00:00,22410.552076247208,2,10
2024-04-24,22441.9,22447.95,22434.45,22436.95,10:05:00,22413.53759279509,2,11
2024-04-24,22435.1,22449.9,22435.1,22442.1,10:10:00,22415.591155386035,2,12
2024-04-24,22447.7,22451.2,22435.9,22436.4,10:15:00,22418.649140587368,2,13
2024-04-24,22449.85,22450.55,22444.65,22448.05,10:20:00,22421.62065100762,2,14
2024-04-24,22458.0,22461.15,22445.5,22449.75,10:25:00,22425.085350911653,2,15
2024-04-24,22459.05,22464.55,22454.7,22458.05,10:30:00,22428.320079396257,2,16
2024-04-24,22466.5,22470.0,22457.7,22459.65,10:35:00,22431.9562623109,2,17
2024-04-24,22472.95,22475.9,22466.1,22466.75,10:40:00,22435.860427805103,2,18
2024-04-24,22467.8,22474.3,22461.6,22473.65,10:45:00,22438.902291823662,2,19
2024-04-24,22463.1,22470.6,22458.7,22467.65,10:50:00,22441.206835459503,2,20
2024-04-24,22466.0,22474.15,22457.85,22462.7,10:55:00,22443.568089225264,2,21
2024-04-24,22460.05,22468.7,22457.75,22466.55,11:00:00,22445.13779501333,2,22
2024-04-24,22465.1,22467.7,22457.4,22459.4,11:05:00,22447.03895739301,2,23
2024-04-24,22459.25,22465.4,22458.05,22464.9,11:10:00,22448.201913831777,2,24
2024-04-24,22452.55,22460.45,22450.15,22458.75,11:15:00,22448.61601727637,2,25
2024-04-24,22460.6,22460.95,22452.05,22452.2,11:20:00,22449.757348964333,2,26
2024-04-24,22461.75,22468.1,22459.25,22460.45,11:25:00,22450.899506205824,2,27
2024-04-24,22462.8,22464.75,22456.25,22462.0,11:30:00,22452.032886567173,2,28
2024-04-24,22455.35,22463.6,22452.35,22463.0,11:35:00,22452.3488021322,2,29
2024-04-24,22452.1,22461.5,22450.75,22455.6,11:40:00,22452.32510669104,2,30
2024-04-24,22450.35,22453.5,22448.15,22452.1,11:45:00,22452.13700129189,2,31
2024-04-24,22444.35,22452.4,22440.3,22450.25,11:50:00,22451.395382121234,2,32
2024-04-24,22456.1,22457.9,22438.3,22444.45,11:55:00,22451.84344096684,2,33
2024-04-24,22452.5,22458.7,22451.75,22455.85,12:00:00,22451.90597039856,2,34
2024-04-24,22462.6,22464.9,22452.05,22452.9,12:05:00,22452.924449408223,2,35
2024-04-24,22459.95,22463.0,22457.15,22462.6,12:10:00,22453.593549464586,2,36
2024-04-24,22457.25,22460.95,22455.05,22460.1,12:15:00,22453.941782848902,2,37
2024-04-24,22453.95,22459.75,22452.15,22457.35,12:20:00,22453.942565434725,2,38
2024-04-24,22458.2,22461.2,22452.85,22453.5,12:25:00,22454.348035393326,2,39
2024-04-24,22455.05,22458.5,22452.1,22458.2,12:30:00,22454.41488916539,2,40
2024-04-24,22459.4,22463.3,22454.65,22455.5,12:35:00,22454.889661625828,2,41
2024-04-24,22456.15,22460.2,22453.2,22459.6,12:40:00,22455.009693851945,2,42
2024-04-24,22450.85,22458.0,22447.9,22455.9,12:45:00,22454.613532532712,2,43
2024-04-24,22451.1,22455.95,22445.9,22450.75,12:50:00,22454.27891038674,2,44
2024-04-24,22445.0,22456.55,22443.8,22450.9,12:55:00,22453.39520463562,2,45
2024-04-24,22447.0,22453.75,22444.65,22445.0,13:00:00,22452.786137527462,2,46
2024-04-24,22444.05,22450.05,22441.45,22447.35,13:05:00,22451.95412442961,2,47
2024-04-24,22448.9,22449.05,22432.95,22443.9,13:10:00,22451.66325543632,2,48
2024-04-24,22457.0,22457.85,22446.15,22447.75,13:15:00,22452.17151682333,2,49
2024-04-24,22456.5,22458.95,22454.15,22456.3,13:20:00,22452.58375331635,2,50
2024-04-24,22448.7,22456.3,22448.0,22456.05,13:25:00,22452.213872048127,2,51
2024-04-24,22447.5,22449.65,22441.7,22449.15,13:30:00,22451.764931853068,2,52
2024-04-24,22445.65,22447.85,22437.85,22447.05,13:35:00,22451.18255739087,2,53
2024-04-24,22447.1,22451.1,22442.65,22445.4,13:40:00,22450.793742401263,2,54
2024-04-24,22447.7,22449.1,22443.3,22447.0,13:45:00,22450.499100267807,2,55
2024-04-24,22450.5,22455.55,22444.4,22447.3,13:50:00,22450.499185956585,2,56
2024-04-24,22446.8,22456.45,22446.75,22450.4,13:55:00,22450.14688253215,2,57
2024-04-24,22447.3,22450.35,22445.3,22446.1,14:00:00,22449.87575086242,2,58
2024-04-24,22442.75,22449.2,22437.85,22447.1,14:05:00,22449.19710792314,2,59
2024-04-24,22449.4,22452.9,22441.0,22442.8,14:10:00,22449.21643097808,2,60
2024-04-24,22448.0,22453.15,22445.1,22449.6,14:15:00,22449.10058040874,2,61
2024-04-24,22439.1,22449.3,22437.5,22447.25,14:20:00,22448.148144179337,2,62
2024-04-24,22432.15,22440.75,22430.35,22438.35,14:25:00,22446.62451140036,2,63
2024-04-24,22405.5,22435.85,22386.3,22431.25,14:30:00,22442.707891266982,2,64
2024-04-24,22394.25,22405.95,22391.4,22405.05,14:35:00,22438.092854003466,2,65
2024-04-24,22402.0,22405.6,22392.55,22394.35,14:40:00,22434.655439336464,2,66
2024-04-24,22416.1,22416.1,22401.6,22402.4,14:45:00,22432.88825463775,2,67
2024-04-24,22414.5,22419.85,22408.5,22416.2,14:50:00,22431.1369922913,2,68
2024-04-24,22412.35,22416.7,22405.3,22415.25,14:55:00,22429.347754930222,2,69
2024-04-24,22395.35,22413.1,22384.8,22412.55,15:00:00,22426.1098735083,2,70
2024-04-24,22395.8,22405.85,22391.0,22394.15,15:05:00,22423.223218888463,2,71
2024-04-24,22401.75,22407.65,22394.9,22396.55,15:10:00,22421.178150422897,2,72
2024-04-24,22408.6,22409.3,22397.1,22401.65,15:15:00,22419.980231335,2,73
2024-04-24,22409.1,22412.45,22405.5,22407.75,15:20:00,22418.944018826907,2,74
2024-04-24,22412.2,22414.95,22404.85,22409.65,15:25:00,22418.30173131958,2,75
2024-04-25,22340.75,22361.2,22308.3,22325.35,09:15:00,22402.178287996303,3,1
2024-04-25,22326.3,22340.1,22323.2,22340.1,09:20:00,22394.95178437761,3,2
2024-04-25,22339.6,22344.5,22323.5,22325.15,09:25:00,22389.68018586545,3,3
2024-04-25,22361.7,22371.35,22337.75,22342.0,09:30:00,22387.015406259223,3,4
2024-04-25,22386.55,22389.35,22361.65,22362.2,09:35:00,22386.971081853582,3,5
2024-04-25,22391.95,22398.95,22377.8,22386.8,09:40:00,22387.44526453419,3,6
2024-04-25,22387.3,22402.9,22383.4,22392.5,09:45:00,22387.43142981665,3,7
2024-04-25,22390.1,22395.45,22372.1,22385.9,09:50:00,22387.685579357923,3,8
2024-04-25,22401.35,22412.25,22390.15,22390.15,09:55:00,22388.98695275241,3,9
2024-04-25,22411.2,22416.25,22398.2,22400.85,10:00:00,22391.102481061705,3,10
2024-04-25,22405.95,22421.3,22401.95,22409.65,10:05:00,22392.5165304844,3,11
2024-04-25,22457.15,22457.95,22404.6,22405.6,10:10:00,22398.67209900969,3,12
2024-04-25,22464.35,22474.6,22443.15,22454.2,10:15:00,22404.927137199247,3,13
2024-04-25,22459.25,22470.0,22451.25,22464.7,10:20:00,22410.100743180272,3,14
2024-04-25,22446.1,22460.35,22439.5,22457.4,10:25:00,22413.52924382977,3,15
2024-04-25,22442.05,22456.3,22437.35,22447.15,10:30:00,22416.24550632217,3,16
2024-04-25,22437.5,22448.25,22436.7,22439.3,10:35:00,22418.2697438153,3,17
2024-04-25,22428.55,22451.35,22422.15,22439.7,10:40:00,22419.24881583289,3,18
2024-04-25,22408.05,22436.25,22405.55,22428.4,10:45:00,22418.182261944043,3,19
2024-04-25,22348.5,22414.8,22339.75,22408.9,10:50:00,22411.54585604461,3,20
2024-04-25,22365.1,22366.55,22343.65,22347.8,10:55:00,22407.12244118322,3,21
2024-04-25,22378.8,22380.5,22359.4,22362.15,11:00:00,22404.425065832434,3,22
2024-04-25,22431.4,22432.3,22369.7,22378.0,11:05:00,22406.994107181727,3,23
2024-04-25,22434.75,22444.4,22420.05,22432.1,11:10:00,22409.63752554537,3,24
2024-04-25,22429.7,22435.35,22422.05,22433.15,11:15:00,22411.5482373982,3,25
2024-04-25,22395.7,22429.6,22381.65,22428.8,11:20:00,22410.03888145551,3,26
2024-04-25,22409.05,22410.85,22390.1,22395.7,11:25:00,22409.94470226928,3,27
2024-04-25,22405.15,22416.8,22403.75,22409.7,11:30:00,22409.48806395792,3,28
2024-04-25,22414.5,22414.55,22399.25,22405.1,11:35:00,22409.965391200018,3,29
2024-04-25,22413.4,22421.35,22408.8,22414.05,11:40:00,22410.29249680001,3,30
2024-04-25,22409.65,22417.05,22407.8,22412.15,11:45:00,22410.231306628582,3,31
2024-04-25,22415.95,22417.65,22400.65,22409.55,11:50:00,22410.77594409253,3,32
2024-04-25,22401.05,22417.05,22399.85,22416.2,11:55:00,22409.849663702767,3,33
2024-04-25,22397.75,22406.85,22391.9,22401.7,12:00:00,22408.69731477869,3,34
2024-04-25,22396.6,22402.15,22390.5,22397.55,12:05:00,22407.545189561675,3,35
2024-04-25,22396.7,22399.65,22387.3,22396.3,12:10:00,22406.512314365325,3,36
2024-04-25,22402.3,22404.35,22392.5,22397.8,12:15:00,22406.11114156863,3,37
2024-04-25,22389.9,22404.2,22386.25,22401.7,12:20:00,22404.567223324,3,38
2024-04-25,22403.4,22410.45,22380.4,22390.1,12:25:00,22404.456059197903,3,39
2024-04-25,22400.1,22408.4,22395.2,22403.25,12:30:00,22404.041196417147,3,40
2024-04-25,22407.2,22410.8,22396.6,22400.6,12:35:00,22404.34203485361,3,41
2024-04-25,22396.45,22412.5,22394.95,22405.7,12:40:00,22403.5904124866,3,42
2024-04-25,22387.0,22398.75,22386.15,22396.2,12:45:00,22402.01037320216,3,43
2024-04-25,22397.1,22406.05,22386.85,22387.7,12:50:00,22401.54271861148,3,44
2024-04-25,22423.3,22439.5,22395.1,22397.8,12:55:00,22403.61484064848,3,45
2024-04-25,22459.75,22462.9,22414.2,22422.25,13:00:00,22408.961046301003,3,46
2024-04-25,22447.0,22461.4,22440.45,22460.85,13:05:00,22412.583803796144,3,47
2024-04-25,22452.15,22456.3,22440.95,22450.0,13:10:00,22416.35201295841,3,48
2024-04-25,22464.7,22470.45,22448.75,22452.9,13:15:00,22420.956583152853,3,49
2024-04-25,22452.9,22470.45,22449.15,22465.35,13:20:00,22423.99881332877,3,50
2024-04-25,22452.35,22465.85,22445.3,22453.25,13:25:00,22426.69892634508,3,51
2024-04-25,22450.45,22457.2,22428.9,22452.05,13:30:00,22428.960933359835,3,52
2024-04-25,22461.0,22472.35,22445.4,22448.85,13:35:00,22432.01227303985,3,53
2024-04-25,22485.85,22485.85,22456.8,22461.3,13:40:00,22437.139675607483,3,54
2024-04-25,22520.9,22527.7,22484.35,22486.0,13:45:00,22445.11684935915,3,55
2024-04-25,22509.1,22526.85,22507.5,22522.2,13:50:00,22451.21048275352,3,56
2024-04-25,22497.3,22513.05,22496.7,22509.0,13:55:00,22455.599960586514,3,57
2024-04-25,22537.35,22538.15,22492.8,22497.05,14:00:00,22463.38567862589,3,58
2024-04-25,22573.1,22593.35,22532.8,22538.0,14:05:00,22473.834661613902,3,59
2024-04-25,22577.25,22599.5,22566.75,22572.55,14:10:00,22483.6837414602,3,60
2024-04-25,22567.55,22580.8,22566.55,22576.4,14:15:00,22491.671004178275,3,61
2024-04-25,22590.05,22601.45,22567.7,22567.7,14:20:00,22501.04043235177,3,62
2024-04-25,22591.95,22598.4,22585.6,22590.05,14:25:00,22509.69848641351,3,63
2024-04-25,22617.9,22622.25,22574.45,22592.4,14:30:00,22520.003392469363,3,64
2024-04-25,22594.1,22624.75,22589.35,22617.35,14:35:00,22527.060212234184,3,65
2024-04-25,22601.15,22601.55,22573.6,22594.0,14:40:00,22534.1163824976,3,66
2024-04-25,22594.65,22606.55,22584.55,22603.05,14:45:00,22539.8814889264,3,67
2024-04-25,22582.55,22595.15,22580.15,22594.95,14:50:00,22543.945156647693,3,68
2024-04-25,22596.6,22601.25,22578.15,22583.65,14:55:00,22548.959903633626,3,69
2024-04-25,22581.7,22597.15,22573.65,22597.15,15:00:00,22552.07800804948,3,70
2024-04-25,22573.5,22583.15,22570.75,22582.55,15:05:00,22554.11819775905,3,71
2024-04-25,22570.25,22577.25,22567.9,22574.2,15:10:00,22555.65455987723,3,72
2024-04-25,22552.7,22571.6,22552.65,22571.05,15:15:00,22555.37317322226,3,73
2024-04-25,22561.85,22566.45,22549.4,22554.05,15:20:00,22555.99001386776,3,74
2024-04-25,22559.25,22576.1,22554.6,22562.45,15:25:00,22556.30048873749,3,75
2024-04-26,22585.1,22615.5,22581.9,22615.25,09:15:00,22564.56661322956,4,1
2024-04-26,22589.15,22600.85,22580.25,22583.6,09:20:00,22566.90788816008,4,2
2024-04-26,22604.5,22606.1,22576.75,22588.7,09:25:00,22570.488089287686,4,3
2024-04-26,22582.85,22609.15,22577.1,22604.9,09:30:00,22571.66541411743,4,4
2024-04-26,22605.25,22605.25,22581.4,22581.4,09:35:00,22574.86394610625,4,5
2024-04-26,22593.0,22609.65,22583.15,22604.7,09:40:00,22576.591189334227,4,6
2024-04-26,22589.4,22600.45,22585.65,22594.05,09:45:00,22577.811076064303,4,7
2024-04-26,22587.1,22592.55,22565.1,22589.75,09:50:00,22578.695735486748,4,8
2024-04-26,22584.05,22588.95,22576.6,22585.25,09:55:00,22579.20566544039,4,9
2024-04-26,22549.3,22585.4,22547.45,22583.35,10:00:00,22576.35750682702,4,10
2024-04-26,22527.85,22558.7,22517.8,22550.25,10:05:00,22571.737744272064,4,11
2024-04-26,22538.15,22544.0,22521.8,22527.7,10:10:00,22568.538911484247,4,12
2024-04-26,22535.05,22555.5,22520.45,22537.3,10:15:00,22565.34949134289,4,13
2024-04-26,22527.15,22541.6,22517.65,22534.8,10:20:00,22561.71144454833,4,14
2024-04-26,22527.45,22532.15,22507.95,22527.4,10:25:00,22558.448449829444,4,15
2024-04-26,22519.05,22535.3,22516.5,22527.15,10:30:00,22554.696216512355,4,16
2024-04-26,22520.0,22526.75,22513.05,22518.1,10:35:00,22551.39181493975,4,17
2024-04-26,22535.2,22537.4,22518.1,22520.2,10:40:00,22549.84973732644,4,18
2024-04-26,22539.3,22544.1,22529.55,22535.0,10:45:00,22548.845000438207,4,19
2024-04-26,22542.55,22545.2,22534.75,22539.75,10:50:00,22548.24547658695,4,20
2024-04-26,22550.0,22551.65,22540.2,22543.25,10:55:00,22548.412574054862,4,21
2024-04-26,22532.55,22554.45,22532.1,22550.8,11:00:00,22546.901852716303,4,22
2024-04-26,22519.7,22538.0,22514.15,22530.95,11:05:00,22544.31120007666,4,23
2024-04-26,22515.9,22522.55,22513.5,22520.2,11:10:00,22541.605371497928,4,24
2024-04-26,22523.35,22529.6,22514.3,22517.4,11:15:00,22539.8667646886,4,25
2024-04-26,22534.0,22534.0,22511.05,22524.6,11:20:00,22539.308025194445,4,26
2024-04-26,22534.55,22538.0,22528.95,22533.65,11:25:00,22538.85487993784,4,27
2024-04-26,22538.2,22545.5,22530.3,22535.3,11:30:00,22538.792510419946,4,28
2024-04-26,22541.55,22544.6,22535.25,22538.95,11:35:00,22539.05512847519,4,29
2024-04-26,22542.95,22547.6,22530.75,22540.95,11:40:00,22539.42606862041,4,30
2024-04-26,22544.8,22550.45,22540.3,22543.6,11:45:00,22539.93787160894,4,31
2024-04-26,22533.2,22548.45,22529.3,22544.15,11:50:00,22539.296169550948,4,32
2024-04-26,22524.05,22533.7,22518.15,22533.05,11:55:00,22537.84415340324,4,33
2024-04-26,22531.9,22536.5,22511.75,22523.75,12:00:00,22537.27804355532,4,34
2024-04-26,22533.35,22536.6,22526.95,22532.2,12:05:00,22536.90394416909,4,35
2024-04-26,22524.75,22534.3,22522.65,22533.2,12:10:00,22535.7464256768,4,36
2024-04-26,22523.2,22529.1,22516.2,22523.65,12:15:00,22534.55152799329,4,37
2024-04-26,22526.6,22530.45,22519.3,22522.65,12:20:00,22533.79423961298,4,38
2024-04-26,22517.0,22530.35,22514.85,22526.1,12:25:00,22532.19478822127,4,39
2024-04-26,22520.45,22522.45,22494.9,22516.9,12:30:00,22531.0762369621,4,40
2024-04-26,22510.25,22521.85,22508.35,22520.2,12:35:00,22529.092785822853,4,41
2024-04-26,22503.9,22509.5,22495.4,22509.05,12:40:00,22526.693472887346,4,42
2024-04-26,22495.4,22507.75,22492.9,22503.7,12:45:00,22523.71314213617,4,43
2024-04-26,22516.85,22517.9,22491.25,22495.1,12:50:00,22523.05950955177,4,44
2024-04-26,22500.5,22516.6,22498.95,22516.6,12:55:00,22520.91098483256,4,45
2024-04-26,22504.1,22512.5,22497.15,22500.4,13:00:00,22519.309938658032,4,46
2024-04-26,22504.85,22508.85,22498.35,22503.4,13:05:00,22517.932801642983,4,47
2024-04-26,22509.95,22516.1,22499.6,22503.4,13:10:00,22517.17253481984,4,48
2024-04-26,22484.0,22512.75,22479.95,22508.35,13:15:00,22514.01324578937,4,49
2024-04-26,22489.15,22499.1,22482.15,22483.75,13:20:00,22511.64531761896,4,50
2024-04-26,22453.6,22493.05,22437.7,22488.95,13:25:00,22506.11719213144,4,51
2024-04-26,22444.6,22455.45,22434.35,22453.4,13:30:00,22500.258411928447,4,52
2024-04-26,22437.1,22444.7,22425.1,22444.15,13:35:00,22494.24332507812,4,53
2024-04-26,22444.5,22451.95,22434.4,22436.5,13:40:00,22489.505865546867,4,54
2024-04-26,22425.8,22445.65,22425.35,22444.2,13:45:00,22483.43864025669,4,55
2024-04-26,22422.85,22436.8,22420.25,22425.45,13:50:00,22477.668293565577,4,56
2024-04-26,22432.0,22435.35,22420.75,22422.7,13:55:00,22473.31893227361,4,57
2024-04-26,22436.5,22438.2,22425.15,22432.55,14:00:00,22469.812367295173,4,58
2024-04-26,22430.35,22436.05,22421.35,22435.35,14:05:00,22466.054046600395,4,59
2024-04-26,22445.25,22450.0,22426.75,22429.75,14:10:00,22464.072708828928,4,60
2024-04-26,22454.4,22464.3,22446.45,22446.45,14:15:00,22463.151498464267,4,61
2024-04-26,22435.65,22456.8,22434.25,22453.6,14:20:00,22460.532308134338,4,62
2024-04-26,22428.2,22438.55,22423.25,22437.85,14:25:00,22457.453040692973,4,63
2024-04-26,22425.2,22432.75,22421.5,22427.6,14:30:00,22454.38132253174,4,64
2024-04-26,22440.2,22443.0,22423.65,22424.2,14:35:00,22453.03072038586,4,65
2024-04-26,22446.65,22447.4,22435.55,22441.05,14:40:00,22452.423032730065,4,66
2024-04-26,22454.15,22455.6,22442.35,22445.4,14:45:00,22452.5875058034,4,67
2024-04-26,22448.4,22461.45,22445.25,22454.75,14:50:00,22452.18869572688,4,68
2024-04-26,22442.1,22449.55,22435.4,22448.1,14:55:00,22451.22786756241,4,69
2024-04-26,22410.15,22444.05,22399.9,22441.1,15:00:00,22447.315689699328,4,70
2024-04-26,22402.5,22410.0,22386.0,22409.45,15:05:00,22443.04752877558,4,71
2024-04-26,22408.25,22409.8,22389.95,22402.2,15:10:00,22439.733478416,4,72
2024-04-26,22426.5,22428.25,22408.25,22408.25,15:15:00,22438.473147138284,4,73
2024-04-26,22435.1,22455.5,22424.5,22426.05,15:20:00,22438.15189502988,4,74
2024-04-26,22450.2,22461.6,22434.05,22434.45,15:25:00,22439.299333598465,4,75
2024-04-29,22491.05,22493.95,22469.1,22488.4,09:15:00,22447.35160868264,0,1
2024-04-29,22497.75,22509.3,22488.95,22490.85,09:20:00,22452.15145547477,0,2
2024-04-29,22511.4,22517.35,22495.65,22496.45,09:25:00,22457.794174000985,0,3
2024-04-29,22514.6,22531.9,22504.85,22510.2,09:30:00,22463.20425266756,0,4
2024-04-29,22501.0,22527.6,22495.7,22514.1,09:35:00,22466.8038476516,0,5
2024-04-29,22488.1,22513.35,22482.5,22502.4,09:40:00,22468.832052637164,0,6
2024-04-29,22460.15,22487.75,22459.75,22487.35,09:45:00,22468.005190481243,0,7
2024-04-29,22453.75,22466.8,22452.25,22459.55,09:50:00,22466.647553292554,0,8
2024-04-29,22454.0,22473.0,22442.05,22453.4,09:55:00,22465.44302440755,0,9
2024-04-29,22464.75,22468.8,22443.15,22454.45,10:00:00,22465.37702208302,0,10
2024-04-29,22480.55,22492.2,22461.75,22464.75,10:05:00,22466.82206759892,0,11
2024-04-29,22480.6,22488.9,22475.35,22481.45,10:10:00,22468.13425163712,0,12
2024-04-29,22515.3,22526.1,22478.7,22482.75,10:15:00,22472.62622767168,0,13
2024-04-29,22517.65,22522.8,22508.95,22515.3,10:20:00,22476.91420598865,0,14
2024-04-29,22528.6,22534.8,22510.5,22517.8,10:25:00,22481.836662561167,0,15
2024-04-29,22538.95,22546.8,22524.55,22529.2,10:30:00,22487.27602803153,0,16
2024-04-29,22536.2,22541.05,22525.35,22540.05,10:35:00,22491.93545393329,0,17
2024-04-29,22528.05,22535.55,22524.95,22535.55,10:40:00,22495.37493451107,0,18
2024-04-29,22521.85,22532.75,22517.85,22528.35,10:45:00,22497.89636931954,0,19
2024-04-29,22523.4,22524.35,22512.9,22521.8,10:50:00,22500.3252865272,0,20
2024-04-29,22528.5,22532.4,22520.95,22524.05,10:55:00,22503.008592572227,0,21
2024-04-29,22525.35,22531.65,22519.7,22528.5,11:00:00,22505.136345660587,0,22
2024-04-29,22535.9,22540.4,22523.2,22526.65,11:05:00,22508.06621750244,0,23
2024-04-29,22536.85,22538.3,22528.65,22535.25,11:10:00,22510.80753012125,0,24
2024-04-29,22543.5,22544.8,22531.2,22536.35,11:15:00,22513.92109868113,0,25
2024-04-29,22540.75,22546.35,22535.75,22544.2,11:20:00,22516.47623214008,0,26
2024-04-29,22537.85,22541.4,22531.6,22540.6,11:25:00,22518.511829079114,0,27
2024-04-29,22533.7,22539.25,22528.2,22536.9,11:30:00,22519.95832154777,0,28
2024-04-29,22531.1,22535.45,22525.6,22533.55,11:35:00,22521.019433781315,0,29
2024-04-29,22539.85,22545.6,22527.85,22530.95,11:40:00,22522.81282104024,0,30
2024-04-29,22545.9,22548.65,22537.75,22539.95,11:45:00,22525.011599988786,0,31
2024-04-29,22543.65,22548.1,22540.0,22545.0,11:50:00,22526.78668570414,0,32
2024-04-29,22554.3,22556.85,22537.55,22543.5,11:55:00,22529.407001351366,0,33
2024-04-29,22559.25,22565.65,22552.85,22553.7,12:00:00,22532.24919169885,0,34
2024-04-29,22565.65,22568.1,22557.5,22559.0,12:05:00,22535.430221060866,0,35
2024-04-29,22558.7,22571.45,22550.8,22565.6,12:10:00,22537.64639048364,0,36
2024-04-29,22559.65,22559.85,22546.7,22555.8,12:15:00,22539.74197234234,0,37
2024-04-29,22570.7,22572.25,22554.9,22558.5,12:20:00,22542.690355928786,0,38
2024-04-29,22570.1,22571.1,22563.35,22570.35,12:25:00,22545.30079822128,0,39
2024-04-29,22566.95,22571.6,22561.1,22570.6,12:30:00,22547.36262696212,0,40
2024-04-29,22563.75,22567.45,22556.65,22566.95,12:35:00,22548.9233291562,0,41
2024-04-29,22570.8,22572.1,22559.0,22563.45,12:40:00,22551.00682161751,0,42
2024-04-29,22566.8,22572.2,22563.9,22570.7,12:45:00,22552.510933844413,0,43
2024-04-29,22571.55,22573.15,22560.7,22567.25,12:50:00,22554.324178240186,0,44
2024-04-29,22573.0,22575.15,22560.85,22571.0,12:55:00,22556.102827931594,0,45
2024-04-29,22569.95,22578.5,22567.8,22573.5,13:00:00,22557.421606223823,0,46
2024-04-29,22577.25,22577.25,22562.1,22570.3,13:05:00,22559.310024678696,0,47
2024-04-29,22575.8,22579.85,22570.7,22576.25,13:10:00,22560.88049851881,0,48
2024-04-29,22577.15,22577.65,22566.05,22575.8,13:15:00,22562.42997485036,0,49
2024-04-29,22592.05,22592.8,22574.95,22574.95,13:20:00,22565.25092962652,0,50
2024-04-29,22599.15,22602.15,22588.9,22592.4,13:25:00,22568.47941251923,0,51
2024-04-29,22607.05,22610.05,22588.7,22599.05,13:30:00,22572.15280180312,0,52
2024-04-29,22611.95,22613.9,22598.05,22608.5,13:35:00,22575.9430111552,0,53
2024-04-29,22619.35,22620.1,22607.9,22611.3,13:40:00,22580.0770100928,0,54
2024-04-29,22607.7,22620.2,22599.8,22618.5,13:45:00,22582.707771036345,0,55
2024-04-29,22607.7,22611.15,22599.85,22607.65,13:50:00,22585.0879833186,0,56
2024-04-29,22620.7,22621.65,22606.95,22607.65,13:55:00,22588.47960395492,0,57
2024-04-29,22617.15,22620.0,22608.15,22620.0,14:00:00,22591.21011786397,0,58
2024-04-29,22607.35,22617.6,22605.3,22617.2,14:05:00,22592.747249495977,0,59
2024-04-29,22611.15,22622.65,22605.05,22607.95,14:10:00,22594.499892401123,0,60
2024-04-29,22616.6,22617.1,22605.85,22611.6,14:15:00,22596.6046645534,0,61
2024-04-29,22623.3,22627.6,22613.45,22617.25,14:20:00,22599.14707745307,0,62
2024-04-29,22613.65,22623.8,22610.0,22623.8,14:25:00,22600.528308171823,0,63
2024-04-29,22617.4,22619.0,22607.3,22613.4,14:30:00,22602.135135964985,0,64
2024-04-29,22625.65,22626.85,22613.25,22617.95,14:35:00,22604.37464682546,0,65
2024-04-29,22608.3,22629.45,22607.35,22623.55,14:40:00,22604.748489984944,0,66
2024-04-29,22608.5,22614.9,22599.55,22608.0,14:45:00,22605.105776653047,0,67
2024-04-29,22626.75,22630.0,22608.35,22608.35,14:50:00,22607.16713125752,0,68
2024-04-29,22627.95,22639.65,22624.95,22627.25,14:55:00,22609.14645209013,0,69
2024-04-29,22639.3,22651.2,22627.45,22628.6,15:00:00,22612.018218557743,0,70
2024-04-29,22648.8,22651.15,22631.25,22638.2,15:05:00,22615.521245361768,0,71
2024-04-29,22653.05,22655.65,22644.75,22649.0,15:10:00,22619.09541247017,0,72
2024-04-29,22646.55,22653.75,22632.5,22653.3,15:15:00,22621.71013509206,0,73
2024-04-29,22640.2,22647.7,22634.15,22647.0,15:20:00,22623.471074607103,0,74
2024-04-29,22633.15,22643.45,22626.45,22641.05,15:25:00,22624.392877025475,0,75
2024-04-30,22695.3,22696.0,22663.45,22684.2,09:15:00,22635.907321102488,1,1
2024-04-30,22679.45,22695.1,22671.05,22695.1,09:20:00,22640.054242902253,1,2
2024-04-30,22679.05,22679.85,22668.95,22679.85,09:25:00,22643.76812453061,1,3
2024-04-30,22692.9,22704.35,22677.5,22678.25,09:30:00,22648.4473507658,1,4
2024-04-30,22709.2,22710.85,22692.5,22692.85,09:35:00,22654.233317359525,1,5
2024-04-30,22706.1,22713.0,22699.8,22711.05,09:40:00,22659.173001420524,1,6
2024-04-30,22718.75,22720.45,22696.85,22705.8,09:45:00,22664.84700128524,1,7
2024-04-30,22740.95,22741.9,22717.2,22718.05,09:50:00,22672.09490592474,1,8
2024-04-30,22745.6,22745.75,22733.75,22739.35,09:55:00,22679.095391074763,1,9
2024-04-30,22745.0,22754.3,22739.95,22745.15,10:00:00,22685.372020496216,1,10
2024-04-30,22707.9,22746.95,22700.45,22745.95,10:05:00,22687.51754235372,1,11
2024-04-30,22727.25,22731.1,22707.1,22707.55,10:10:00,22691.301585939083,1,12
2024-04-30,22737.4,22740.1,22725.1,22729.7,10:15:00,22695.691911087742,1,13
2024-04-30,22725.15,22742.8,22722.3,22739.1,10:20:00,22698.4974433651,1,14
2024-04-30,22733.45,22740.25,22725.3,22726.7,10:25:00,22701.82625828271,1,15
2024-04-30,22737.45,22738.9,22724.0,22734.95,10:30:00,22705.21899558912,1,16
2024-04-30,22737.35,22739.35,22729.0,22737.05,10:35:00,22708.2790912473,1,17
2024-04-30,22742.7,22746.15,22732.65,22737.25,10:40:00,22711.55727303327,1,18
2024-04-30,22754.25,22758.25,22741.7,22742.65,10:45:00,22715.6232470301,1,19
2024-04-30,22765.9,22768.8,22750.1,22753.9,10:50:00,22720.41150921772,1,20
2024-04-30,22745.2,22766.15,22736.4,22764.7,10:55:00,22722.772317863644,1,21
2024-04-30,22732.6,22749.25,22732.05,22744.25,11:00:00,22723.708287590915,1,22
2024-04-30,22727.8,22733.4,22709.75,22732.2,11:05:00,22724.097974487016,1,23
2024-04-30,22734.3,22734.9,22722.3,22728.65,11:10:00,22725.069595964444,1,24
2024-04-30,22723.55,22740.6,22723.35,22735.25,11:15:00,22724.92487253926,1,25
2024-04-30,22739.05,22739.35,22721.15,22722.3,11:20:00,22726.27012277361,1,26
2024-04-30,22729.3,22742.3,22727.15,22737.3,11:25:00,22726.558682509465,1,27
2024-04-30,22736.2,22738.9,22724.95,22728.5,11:30:00,22727.476903222847,1,28
2024-04-30,22729.3,22739.15,22726.8,22736.2,11:35:00,22727.65053148734,1,29
2024-04-30,22735.1,22741.6,22728.15,22730.45,11:40:00,22728.36000467902,1,30
2024-04-30,22726.25,22741.35,22723.5,22735.15,11:45:00,22728.159051852446,1,31
2024-04-30,22731.45,22734.45,22724.4,22725.85,11:50:00,22728.47247548555,1,32
2024-04-30,22744.55,22745.5,22730.05,22730.85,11:55:00,22730.00366829645,1,33
2024-04-30,22741.9,22750.75,22739.4,22744.45,12:00:00,22731.13665226822,1,34
2024-04-30,22745.6,22747.45,22737.7,22741.55,12:05:00,22732.51411395696,1,35
2024-04-30,22745.25,22750.4,22742.6,22745.2,12:10:00,22733.72705548487,1,36
2024-04-30,22745.9,22751.9,22742.5,22745.25,12:15:00,22734.88638353393,1,37
2024-04-30,22740.2,22746.7,22738.0,22746.0,12:20:00,22735.392442244985,1,38
2024-04-30,22746.9,22750.0,22739.4,22739.6,12:25:00,22736.48840012641,1,39
2024-04-30,22751.55,22756.1,22745.25,22746.85,12:30:00,22737.92283820961,1,40
2024-04-30,22743.8,22754.05,22742.45,22750.65,12:35:00,22738.48256790393,1,41
2024-04-30,22742.05,22744.95,22726.3,22743.0,12:40:00,22738.822323341657,1,42
2024-04-30,22746.0,22747.35,22740.75,22741.0,12:45:00,22739.50591159483,1,43
2024-04-30,22745.0,22749.35,22740.5,22746.0,12:50:00,22740.02915810961,1,44
2024-04-30,22737.8,22746.1,22735.7,22744.8,12:55:00,22739.816857337268,1,45
2024-04-30,22738.55,22744.6,22736.0,22737.65,13:00:00,22739.69620425753,1,46
2024-04-30,22724.95,22739.05,22718.35,22738.2,13:05:00,22738.29180385205,1,47
2024-04-30,22714.7,22732.75,22706.55,22724.9,13:10:00,22736.04496538995,1,48
2024-04-30,22724.1,22724.6,22707.8,22715.0,13:15:00,22734.907349638524,1,49
2024-04-30,22731.8,22732.55,22716.85,22723.15,13:20:00,22734.61141157772,1,50
2024-04-30,22733.1,22735.7,22725.3,22731.5,13:25:00,22734.46746761793,1,51
2024-04-30,22730.55,22743.0,22727.0,22733.25,13:30:00,22734.094375463843,1,52
2024-04-30,22735.85,22738.2,22729.7,22730.3,13:35:00,22734.26157780062,1,53
2024-04-30,22739.55,22741.05,22731.95,22735.9,13:40:00,22734.765237057705,1,54
2024-04-30,22729.8,22747.25,22726.8,22738.65,13:45:00,22734.292357337923,1,55
2024-04-30,22729.3,22733.7,22727.1,22728.6,13:50:00,22733.81689473431,1,56
2024-04-30,22738.9,22740.7,22728.75,22729.1,13:55:00,22734.300999997708,1,57
2024-04-30,22765.5,22773.0,22738.35,22738.35,14:00:00,22737.27233333126,1,58
2024-04-30,22764.45,22779.0,22763.2,22765.85,14:05:00,22739.86068253781,1,59
2024-04-30,22768.05,22772.35,22751.75,22763.9,14:10:00,22742.54537943897,1,60
2024-04-30,22779.8,22782.95,22763.9,22767.35,14:15:00,22746.093438540018,1,61
2024-04-30,22773.85,22782.05,22763.85,22779.9,14:20:00,22748.736920583822,1,62
2024-04-30,22773.45,22781.75,22768.4,22772.55,14:25:00,22751.09054719489,1,63
2024-04-30,22772.75,22777.0,22761.85,22772.65,14:30:00,22753.153352223948,1,64
2024-04-30,22759.0,22777.9,22754.8,22772.0,14:35:00,22753.710175821667,1,65
2024-04-30,22743.65,22763.15,22742.1,22758.05,14:40:00,22752.75206383865,1,66
2024-04-30,22722.65,22746.85,22711.55,22742.15,14:45:00,22749.88520061592,1,67
2024-04-30,22715.4,22720.8,22689.8,22720.8,14:50:00,22746.60089579536,1,68
2024-04-30,22693.95,22719.65,22689.45,22713.75,14:55:00,22741.586524767223,1,69
2024-04-30,22620.3,22693.6,22608.45,22692.05,15:00:00,22730.035427170344,1,70
2024-04-30,22619.4,22625.7,22601.3,22618.15,15:05:00,22719.49871982079,1,71
2024-04-30,22603.55,22626.75,22601.35,22616.55,15:10:00,22708.45598459976,1,72
2024-04-30,22578.95,22603.8,22575.95,22602.45,15:15:00,22696.122081304544,1,73
2024-04-30,22575.05,22586.45,22568.95,22578.65,15:20:00,22684.591406894586,1,74
2024-04-30,22587.75,22589.75,22573.85,22574.05,15:25:00,22675.368415761768,1,75
2024-05-02,22649.05,22659.7,22580.6,22582.5,09:15:00,22663.59727458049,3,1
2024-05-02,22649.55,22660.95,22626.35,22650.05,09:20:00,22662.25943890616,3,2
2024-05-02,22639.95,22654.75,22618.8,22648.35,09:25:00,22660.13473043891,3,3
2024-05-02,22633.5,22668.15,22624.85,22640.0,09:30:00,22657.598089444728,3,4
2024-05-02,22632.5,22648.35,22618.45,22632.85,09:35:00,22655.207795211896,3,5
2024-05-02,22657.4,22658.05,22631.5,22631.65,09:40:00,22655.41657662029,3,6
2024-05-02,22640.4,22673.0,22640.3,22655.8,09:45:00,22653.986426465974,3,7
2024-05-02,22639.0,22645.9,22617.7,22641.25,09:50:00,22652.559147754928,3,8
2024-05-02,22644.0,22652.35,22625.15,22636.55,09:55:00,22651.74399082589,3,9
2024-05-02,22658.35,22659.35,22639.55,22643.65,10:00:00,22652.37313455676,3,10
2024-05-02,22665.7,22671.25,22650.9,22658.05,10:05:00,22653.64235983706,3,11
2024-05-02,22670.75,22680.05,22657.85,22663.75,10:10:00,22655.2716589002,3,12
2024-05-02,22674.35,22677.4,22658.05,22667.45,10:15:00,22657.08864376685,3,13
2024-05-02,22657.95,22675.6,22657.1,22672.15,10:20:00,22657.17067769381,3,14
2024-05-02,22679.55,22679.65,22655.95,22657.15,10:25:00,22659.30204172297,3,15
2024-05-02,22677.8,22693.1,22675.05,22677.7,10:30:00,22661.06375203508,3,16
2024-05-02,22679.9,22684.4,22669.6,22676.4,10:35:00,22662.85768041269,3,17
2024-05-02,22686.95,22692.05,22672.85,22679.8,10:40:00,22665.15218704005,3,18
2024-05-02,22679.6,22688.15,22666.8,22685.9,10:45:00,22666.52816922672,3,19
2024-05-02,22686.6,22691.55,22664.55,22681.55,10:50:00,22668.4397721575,3,20
2024-05-02,22681.65,22692.85,22675.95,22683.4,10:55:00,22669.69788909488,3,21
2024-05-02,22677.65,22685.1,22672.5,22680.6,11:00:00,22670.455232990607,3,22
2024-05-02,22661.2,22681.2,22655.2,22675.95,11:05:00,22669.5737822296,3,23
2024-05-02,22659.2,22669.35,22656.1,22662.45,11:10:00,22668.58580296964,3,24
2024-05-02,22635.75,22672.65,22632.85,22657.9,11:15:00,22665.4585836392,3,25
2024-05-02,22640.1,22647.75,22631.05,22634.45,11:20:00,22663.043480435463,3,26
2024-05-02,22682.25,22682.25,22633.95,22637.05,11:25:00,22664.87267277494,3,27
2024-05-02,22697.2,22705.75,22673.05,22680.15,11:30:00,22667.951465843995,3,28
2024-05-02,22696.0,22702.65,22691.55,22695.9,11:35:00,22670.62275481124,3,29
2024-05-02,22678.95,22704.65,22678.2,22697.0,11:40:00,22671.415825781594,3,30
2024-05-02,22684.15,22687.05,22667.85,22678.25,11:45:00,22672.628604278587,3,31
2024-05-02,22686.1,22687.3,22672.7,22683.3,11:50:00,22673.911594347293,3,32
2024-05-02,22682.35,22688.6,22677.6,22685.2,11:55:00,22674.715252028505,3,33
2024-05-02,22692.25,22694.75,22680.3,22681.65,12:00:00,22676.385228025792,3,34
2024-05-02,22686.55,22697.0,22684.15,22691.75,12:05:00,22677.353301547148,3,35
2024-05-02,22692.6,22693.6,22679.7,22685.0,12:10:00,22678.805368066467,3,36
2024-05-02,22683.7,22693.6,22681.5,22692.25,12:15:00,22679.271523488707,3,37
2024-05-02,22678.75,22688.7,22678.75,22682.65,12:20:00,22679.22185458502,3,38
2024-05-02,22695.85,22698.05,22674.3,22677.95,12:25:00,22680.805487481684,3,39
2024-05-02,22688.0,22704.7,22685.65,22693.9,12:30:00,22681.49067915009,3,40
2024-05-02,22679.15,22692.9,22676.9,22688.2,12:35:00,22681.26775732628,3,41
2024-05-02,22684.5,22686.85,22676.5,22678.6,12:40:00,22681.57558996187,3,42
2024-05-02,22674.9,22690.55,22662.6,22684.1,12:45:00,22680.93981948931,3,43
2024-05-02,22675.05,22680.3,22667.55,22673.15,12:50:00,22680.37888429985,3,44
2024-05-02,22679.5,22686.6,22673.8,22673.8,12:55:00,22680.2951810332,3,45
2024-05-02,22683.6,22688.55,22679.45,22679.45,13:00:00,22680.609925696703,3,46
2024-05-02,22690.35,22693.3,22676.3,22682.2,13:05:00,22681.537551820828,3,47
2024-05-02,22684.4,22691.15,22681.45,22689.25,13:10:00,22681.81016593313,3,48
2024-05-02,22685.4,22688.5,22677.05,22684.25,13:15:00,22682.15205489188,3,49
2024-05-02,22692.2,22695.15,22681.1,22685.6,13:20:00,22683.10900204504,3,50
2024-05-02,22700.35,22707.25,22691.0,22691.3,13:25:00,22684.75100185028,3,51
2024-05-02,22698.7,22708.85,22695.15,22700.05,13:30:00,22686.07947786453,3,52
2024-05-02,22695.15,22699.6,22681.7,22697.2,13:35:00,22686.94333711553,3,53
2024-05-02,22692.9,22698.15,22687.95,22694.65,13:40:00,22687.510638342625,3,54
2024-05-02,22700.85,22701.6,22680.4,22692.5,13:45:00,22688.781053738567,3,55
2024-05-02,22702.45,22710.35,22692.9,22699.6,13:50:00,22690.08285814441,3,56
2024-05-02,22692.8,22705.4,22685.1,22701.55,13:55:00,22690.34163355924,3,57
2024-05-02,22681.25,22700.9,22668.55,22694.55,14:00:00,22689.47576369645,3,58
2024-05-02,22695.35,22698.8,22674.55,22681.3,14:05:00,22690.03521477298,3,59
2024-05-02,22679.55,22698.3,22678.45,22695.2,14:10:00,22689.03662288984,3,60
2024-05-02,22646.9,22683.35,22642.5,22678.45,14:15:00,22685.023611186043,3,61
2024-05-02,22657.0,22663.95,22645.45,22647.5,14:20:00,22682.35469583499,3,62
2024-05-02,22650.75,22664.15,22643.75,22657.5,14:25:00,22679.34472480309,3,63
2024-05-02,22663.4,22676.7,22645.8,22650.45,14:30:00,22677.826179583742,3,64
2024-05-02,22644.7,22666.6,22640.95,22663.5,14:35:00,22674.67130533768,3,65
2024-05-02,22659.15,22659.15,22643.45,22646.4,14:40:00,22673.193085781702,3,66
2024-05-02,22658.85,22673.55,22650.55,22658.95,14:45:00,22671.82707761202,3,67
2024-05-02,22670.3,22673.3,22655.4,22659.5,14:50:00,22671.681641648967,3,68
2024-05-02,22667.5,22691.9,22666.5,22671.5,14:55:00,22671.283390063352,3,69
2024-05-02,22649.3,22681.55,22641.3,22664.3,15:00:00,22669.18973386684,3,70
2024-05-02,22650.25,22659.45,22633.45,22647.35,15:05:00,22667.38594968905,3,71
2024-05-02,22641.65,22650.75,22637.9,22649.3,15:10:00,22664.93490686152,3,72
2024-05-02,22643.35,22644.4,22633.65,22639.35,15:15:00,22662.879201446136,3,73
2024-05-02,22650.3,22651.5,22636.05,22640.2,15:20:00,22661.681182260792,3,74
2024-05-02,22656.75,22661.95,22647.6,22647.6,15:25:00,22661.211545855003,3,75
2024-05-03,22769.75,22780.15,22758.2,22769.1,09:15:00,22680.60809082462,4,1
2024-05-03,22779.65,22787.25,22760.75,22769.6,09:20:00,22690.040653603228,4,2
2024-05-03,22791.3,22792.15,22776.5,22779.25,09:25:00,22699.68440087911,4,3
2024-05-03,22775.9,22794.15,22769.55,22791.85,09:30:00,22706.94302936681,4,4
2024-05-03,22760.25,22784.2,22758.1,22776.2,09:35:00,22712.019883712823,4,5
2024-05-03,22769.8,22773.35,22754.55,22760.9,09:40:00,22717.522751930654,4,6
2024-05-03,22772.0,22778.25,22764.1,22770.75,09:45:00,22722.71106127059,4,7
2024-05-03,22769.35,22776.15,22760.05,22773.25,09:50:00,22727.152864959106,4,8
2024-05-03,22767.7,22776.85,22755.35,22769.05,09:55:00,22731.01449686776,4,9
2024-05-03,22761.25,22772.3,22760.05,22767.95,10:00:00,22733.89406859464,4,10
2024-05-03,22713.15,22765.8,22687.3,22762.3,10:05:00,22731.9184430142,4,11
2024-05-03,22681.4,22713.95,22676.2,22710.65,10:10:00,22727.107162727138,4,12
2024-05-03,22679.05,22696.7,22671.7,22682.6,10:15:00,22722.53029008646,4,13
2024-05-03,22638.15,22688.55,22611.85,22678.1,10:20:00,22714.494071982983,4,14
2024-05-03,22642.0,22647.45,22628.1,22637.25,10:25:00,22707.58987465128,4,15
2024-05-03,22664.35,22674.1,22632.4,22642.5,10:30:00,22703.47179135116,4,16
2024-05-03,22618.1,22670.5,22615.7,22665.6,10:35:00,22695.341144555805,4,17
2024-05-03,22616.7,22628.1,22593.7,22616.1,10:40:00,22687.85151174097,4,18
2024-05-03,22619.65,22626.2,22599.2,22615.25,10:45:00,22681.3561296704,4,19
2024-05-03,22627.85,22640.1,22615.3,22619.55,10:50:00,22676.260307797027,4,20
2024-05-03,22605.7,22634.9,22598.25,22628.25,10:55:00,22669.540278483026,4,21
2024-05-03,22595.85,22607.5,22583.5,22604.6,11:00:00,22662.52215672273,4,22
2024-05-03,22605.25,22611.8,22591.7,22594.85,11:05:00,22657.06766560629,4,23
2024-05-03,22606.05,22618.55,22598.65,22603.45,11:10:00,22652.20884031045,4,24
2024-05-03,22573.4,22607.05,22571.8,22604.95,11:15:00,22644.70323647136,4,25
2024-05-03,22550.1,22582.0,22534.3,22571.8,11:20:00,22635.69340442647,4,26
2024-05-03,22539.6,22557.9,22533.25,22549.15,11:25:00,22626.54165162395,4,27
2024-05-03,22507.55,22540.15,22505.2,22537.8,11:30:00,22615.209113374047,4,28
2024-05-03,22490.7,22513.75,22475.2,22506.6,11:35:00,22603.35110257652,4,29
2024-05-03,22509.4,22515.1,22480.4,22489.9,11:40:00,22594.40337852161,4,30
2024-05-03,22479.9,22511.1,22477.5,22509.3,11:45:00,22583.49829485289,4,31
2024-05-03,22473.55,22485.8,22456.7,22478.6,11:50:00,22573.02702867642,4,32
2024-05-03,22478.55,22486.75,22468.6,22472.4,11:55:00,22564.029216421524,4,33
2024-05-03,22486.25,22496.5,22469.8,22477.3,12:00:00,22556.621672000427,4,34
2024-05-03,22484.2,22503.5,22482.15,22487.5,12:05:00,22549.724369905147,4,35
2024-05-03,22476.55,22487.3,22468.2,22482.8,12:10:00,22542.75538229513,4,36
2024-05-03,22487.25,22493.35,22471.85,22476.0,12:15:00,22537.469155409883,4,37
2024-05-03,22503.25,22508.75,22487.35,22488.45,12:20:00,22534.21018822799,4,38
2024-05-03,22497.05,22511.9,22490.05,22502.2,12:25:00,22530.671122682463,4,39
2024-05-03,22496.75,22501.3,22487.55,22495.75,12:30:00,22527.44053956985,4,40
2024-05-03,22504.8,22509.3,22493.6,22496.4,12:35:00,22525.284297706054,4,41
2024-05-03,22541.85,22548.35,22501.2,22502.4,12:40:00,22526.86198363881,4,42
2024-05-03,22511.8,22547.4,22508.75,22540.75,12:45:00,22525.427509006546,4,43
2024-05-03,22435.0,22512.25,22431.9,22511.1,12:50:00,22516.81536529164,4,44
2024-05-03,22413.55,22441.1,22406.85,22433.2,12:55:00,22506.980568597195,4,45
2024-05-03,22405.05,22414.8,22397.0,22411.65,13:00:00,22497.272895397466,4,46
2024-05-03,22419.25,22427.45,22404.05,22404.05,13:05:00,22489.842143454847,4,47
2024-05-03,22415.15,22427.8,22409.5,22418.55,13:10:00,22482.72860598296,4,48
2024-05-03,22415.1,22419.45,22396.7,22412.3,13:15:00,22476.28778636553,4,49
2024-05-03,22412.8,22419.75,22405.75,22413.35,13:20:00,22470.241330521192,4,50
2024-05-03,22435.45,22443.7,22406.85,22412.4,13:25:00,22466.927870471554,4,51
2024-05-03,22409.85,22441.65,22406.6,22434.25,13:30:00,22461.4918828076,4,52
2024-05-03,22366.4,22416.05,22359.85,22410.95,13:35:00,22452.4355130164,4,53
2024-05-03,22375.65,22386.6,22365.65,22365.9,13:40:00,22445.12260701484,4,54
2024-05-03,22382.1,22388.75,22372.95,22374.7,13:45:00,22439.120453965807,4,55
2024-05-03,22380.7,22385.1,22348.75,22381.35,13:50:00,22433.55660120716,4,56
2024-05-03,22385.05,22399.95,22380.0,22381.05,13:55:00,22428.936924901715,4,57
2024-05-03,22382.7,22394.7,22373.2,22384.6,14:00:00,22424.53340824441,4,58
2024-05-03,22389.5,22406.0,22383.1,22383.1,14:05:00,22421.19689317352,4,59
2024-05-03,22408.8,22416.0,22382.95,22388.5,14:10:00,22420.0162366808,4,60
2024-05-03,22405.2,22430.9,22403.9,22407.55,14:15:00,22418.605166520723,4,61
2024-05-03,22393.3,22409.15,22390.85,22409.15,14:20:00,22416.19515066161,4,62
2024-05-03,22404.95,22409.7,22380.5,22393.95,14:25:00,22415.12418393193,4,63
2024-05-03,22419.45,22422.35,22404.6,22404.6,14:30:00,22415.536166414604,4,64
2024-05-03,22438.45,22447.55,22413.7,22421.2,14:35:00,22417.71843627988,4,65
2024-05-03,22445.55,22452.1,22426.5,22438.8,14:40:00,22420.369061396083,4,66
2024-05-03,22441.15,22449.15,22427.75,22445.25,14:45:00,22422.34819840598,4,67
2024-05-03,22431.9,22443.55,22426.35,22442.05,14:50:00,22423.25789379589,4,68
2024-05-03,22454.55,22458.7,22430.9,22432.6,14:55:00,22426.23809438676,4,69
2024-05-03,22475.6,22476.05,22444.65,22454.6,15:00:00,22430.939228254683,4,70
2024-05-03,22467.9,22477.05,22458.5,22474.9,15:05:00,22434.45930175424,4,71
2024-05-03,22490.6,22492.95,22465.15,22468.8,15:10:00,22439.8060349205,4,72
2024-05-03,22491.3,22503.85,22487.75,22491.65,15:15:00,22444.710222070928,4,73
2024-05-03,22478.55,22493.65,22471.8,22492.0,15:20:00,22447.933058064173,4,74
2024-05-03,22456.7,22479.85,22450.45,22478.75,15:25:00,22448.768004915204,4,75
2024-05-06,22522.8,22564.2,22512.3,22562.6,09:15:00,22465.541155951,0,1
2024-05-06,22514.15,22526.1,22497.8,22519.6,09:20:00,22470.17056966995,0,2
2024-05-06,22577.15,22577.15,22514.3,22514.8,09:25:00,22480.35908684424,0,3
2024-05-06,22572.7,22588.8,22560.9,22576.35,09:30:00,22489.15345952574,0,4
2024-05-06,22485.9,22577.6,22477.8,22572.75,09:35:00,22488.843606237573,0,5
2024-05-06,22504.25,22504.25,22435.1,22484.85,09:40:00,22490.310881834,0,6
2024-05-06,22461.4,22503.9,22458.3,22501.9,09:45:00,22487.55746451647,0,7
2024-05-06,22486.65,22486.65,22445.1,22460.8,09:50:00,22487.471039324424,0,8
2024-05-06,22456.65,22493.9,22454.45,22485.95,09:55:00,22484.535702245907,0,9
2024-05-06,22454.3,22461.95,22442.75,22455.75,10:00:00,22481.65611155582,0,10
2024-05-06,22442.9,22473.65,22433.9,22454.3,10:05:00,22477.96505331241,0,11
2024-05-06,22466.35,22467.15,22436.6,22441.5,10:10:00,22476.858857758845,0,12
2024-05-06,22462.55,22471.4,22439.8,22468.15,10:15:00,22475.49610940086,0,13
2024-05-06,22470.4,22489.05,22453.85,22461.5,10:20:00,22475.0107656484,0,14
2024-05-06,22495.75,22502.45,22469.7,22469.9,10:25:00,22476.985930824743,0,15
2024-05-06,22495.7,22503.6,22485.0,22495.8,10:30:00,22478.76822312715,0,16
2024-05-06,22506.15,22507.55,22486.95,22495.05,10:35:00,22481.37601140076,0,17
2024-05-06,22511.35,22517.85,22500.45,22505.0,10:40:00,22484.23067698164,0,18
2024-05-06,22511.2,22516.1,22496.0,22510.05,10:45:00,22486.79918393577,0,19
2024-05-06,22517.2,22517.7,22505.2,22512.2,10:50:00,22489.69449975141,0,20
2024-05-06,22521.0,22530.3,22513.85,22516.35,10:55:00,22492.67597596556,0,21
2024-05-06,22528.45,22528.75,22519.15,22522.65,11:00:00,22496.0830258736,0,22
2024-05-06,22524.75,22542.7,22522.15,22527.95,11:05:00,22498.81321388564,0,23
2024-05-06,22494.1,22528.45,22494.1,22525.75,11:10:00,22498.364336372724,0,24
2024-05-06,22507.6,22510.8,22489.35,22493.4,11:15:00,22499.243923384845,0,25
2024-05-06,22469.95,22509.9,22469.95,22507.05,11:20:00,22496.454025919626,0,26
2024-05-06,22486.9,22487.85,22462.0,22469.2,11:25:00,22495.544118689184,0,27
2024-05-06,22472.9,22487.5,22465.65,22486.35,11:30:00,22493.38753595688,0,28
2024-05-06,22477.65,22490.2,22471.9,22472.6,11:35:00,22491.888723008607,0,29
2024-05-06,22493.5,22495.9,22472.5,22477.05,11:40:00,22492.042177960167,0,30
2024-05-06,22489.2,22495.7,22475.1,22492.4,11:45:00,22491.77149434492,0,31
2024-05-06,22496.5,22509.9,22488.75,22489.25,11:50:00,22492.221828216825,0,32
2024-05-06,22519.75,22525.4,22492.2,22495.35,11:55:00,22494.84355886284,0,33
2024-05-06,22515.75,22521.05,22502.4,22519.35,12:00:00,22496.83464849495,0,34
2024-05-06,22517.75,22520.75,22508.0,22516.8,12:05:00,22498.826586733525,0,35
2024-05-06,22520.95,22525.0,22507.45,22517.15,12:10:00,22500.93357847319,0,36
2024-05-06,22513.35,22526.45,22509.3,22521.45,12:15:00,22502.11609480908,0,37
2024-05-06,22502.3,22513.45,22501.55,22511.15,12:20:00,22502.133609589164,0,38
2024-05-06,22489.4,22503.1,22484.65,22501.85,12:25:00,22500.920884866384,0,39
2024-05-06,22487.95,22492.25,22477.75,22489.25,12:30:00,22499.68556249816,0,40
2024-05-06,22486.85,22489.2,22471.35,22487.7,12:35:00,22498.463127974523,0,41
2024-05-06,22483.8,22490.05,22471.4,22486.6,12:40:00,22497.066639596,0,42
2024-05-06,22470.9,22487.85,22459.55,22483.35,12:45:00,22494.57457868209,0,43
2024-05-06,22464.85,22472.05,22448.3,22471.4,12:50:00,22491.743666426653,0,44
2024-05-06,22468.85,22483.75,22458.15,22464.65,12:55:00,22489.563317243163,0,45
2024-05-06,22470.7,22472.95,22460.7,22467.9,13:00:00,22487.76681083905,0,46
2024-05-06,22458.05,22476.85,22456.55,22470.6,13:05:00,22484.936638378185,0,47
2024-05-06,22439.4,22461.35,22438.45,22458.3,13:10:00,22480.5998156755,0,48
2024-05-06,22444.7,22451.25,22433.95,22439.6,13:15:00,22477.180785611166,0,49
2024-05-06,22437.8,22449.7,22427.2,22443.8,13:20:00,22473.43023460058,0,50
2024-05-06,22420.3,22443.65,22419.65,22437.9,13:25:00,22468.370212257665,0,51
2024-05-06,22442.7,22447.3,22412.45,22423.5,13:30:00,22465.92543013789,0,52
2024-05-06,22452.0,22457.1,22437.3,22442.4,13:35:00,22464.599198696185,0,53
2024-05-06,22472.1,22473.85,22451.05,22452.0,13:40:00,22465.31356072512,0,54
2024-05-06,22463.7,22474.25,22458.35,22471.75,13:45:00,22465.15988827511,0,55
2024-05-06,22460.15,22468.4,22450.6,22463.0,13:50:00,22464.68275605843,0,56
2024-05-06,22443.8,22468.6,22443.05,22462.2,13:55:00,22462.693922148104,0,57
2024-05-06,22452.3,22452.8,22436.0,22443.1,14:00:00,22461.704024800663,0,58
2024-05-06,22440.95,22456.35,22437.0,22452.25,14:05:00,22459.727451010123,0,59
2024-05-06,22439.85,22453.05,22439.0,22441.95,14:10:00,22457.83436043773,0,60
2024-05-06,22453.55,22454.6,22435.7,22438.9,14:15:00,22457.42632611033,0,61
2024-05-06,22451.3,22463.7,22450.7,22453.65,14:20:00,22456.842866480776,0,62
2024-05-06,22440.6,22454.45,22437.0,22451.0,14:25:00,22455.295926815943,0,63
2024-05-06,22414.6,22444.3,22410.35,22441.4,14:30:00,22451.420124262044,0,64
2024-05-06,22433.65,22433.65,22410.05,22415.1,14:35:00,22449.72773147518,0,65
2024-05-06,22446.85,22447.5,22427.65,22433.65,14:40:00,22449.45366181088,0,66
2024-05-06,22477.8,22487.3,22446.65,22446.65,14:45:00,22452.153313066985,0,67
2024-05-06,22454.0,22481.15,22453.5,22480.7,14:50:00,22452.329188012987,0,68
2024-05-06,22427.05,22462.45,22427.05,22453.75,14:55:00,22449.921646297465,0,69
2024-05-06,22456.0,22460.55,22417.25,22428.25,15:00:00,22450.50053712628,0,70
2024-05-06,22445.6,22456.95,22434.4,22456.05,15:05:00,22450.03381930473,0,71
2024-05-06,22441.0,22450.5,22436.55,22445.75,15:10:00,22449.173455561424,0,72
2024-05-06,22439.5,22447.35,22436.9,22440.85,15:15:00,22448.25217407938,0,73
2024-05-06,22445.3,22447.95,22434.3,22439.4,15:20:00,22447.971014643248,0,74
2024-05-06,22458.0,22463.2,22442.15,22446.45,15:25:00,22448.9261561058,0,75
2024-05-07,22463.75,22493.3,22459.95,22493.3,09:15:00,22453.855651596805,1,1
2024-05-07,22477.65,22486.2,22442.65,22463.9,09:20:00,22456.12178001616,1,2
2024-05-07,22490.65,22493.4,22472.65,22478.15,09:25:00,22459.410181919386,1,3
2024-05-07,22464.4,22493.35,22449.25,22490.45,09:30:00,22459.885402688964,1,4
2024-05-07,22457.85,22469.1,22453.25,22463.6,09:35:00,22459.691554813824,1,5
2024-05-07,22468.05,22468.1,22443.7,22458.1,09:40:00,22460.48759721251,1,6
2024-05-07,22436.75,22482.8,22433.05,22468.25,09:45:00,22458.22687366846,1,7
2024-05-07,22425.3,22445.0,22419.85,22437.95,09:50:00,22455.09098093813,1,8
2024-05-07,22412.3,22430.2,22411.5,22425.65,09:55:00,22451.015649420213,1,9
2024-05-07,22381.55,22413.55,22376.95,22411.4,10:00:00,22444.39987328496,1,10
2024-05-07,22405.1,22406.3,22376.4,22380.2,10:05:00,22440.6570282102,1,11
2024-05-07,22398.6,22410.2,22387.2,22406.05,10:10:00,22436.651596952084,1,12
2024-05-07,22385.1,22398.35,22376.85,22397.6,10:15:00,22431.74192105189,1,13
2024-05-07,22368.25,22385.35,22362.05,22385.35,10:20:00,22425.695071427897,1,14
2024-05-07,22361.5,22368.15,22348.5,22368.15,10:25:00,22419.58125510143,1,15
2024-05-07,22339.2,22376.65,22338.6,22362.6,10:30:00,22411.925897472724,1,16
2024-05-07,22329.8,22347.25,22317.8,22339.5,10:35:00,22404.1043834277,1,17
2024-05-07,22332.0,22337.75,22319.75,22330.05,10:40:00,22397.237299291726,1,18
2024-05-07,22319.05,22337.4,22317.7,22331.75,10:45:00,22389.79088983537,1,19
2024-05-07,22300.0,22324.75,22299.8,22319.3,10:50:00,22381.239376517715,1,20
2024-05-07,22344.0,22344.75,22299.2,22300.35,10:55:00,22377.692769230314,1,21
2024-05-07,22325.4,22344.3,22324.15,22343.8,11:00:00,22372.71250549409,1,22
2024-05-07,22326.35,22328.35,22308.9,22325.2,11:05:00,22368.297028780373,1,23
2024-05-07,22304.0,22330.15,22304.0,22327.05,11:10:00,22362.173502229864,1,24
2024-05-07,22288.9,22305.35,22277.65,22304.35,11:15:00,22355.195073446062,1,25
2024-05-07,22269.05,22289.95,22267.25,22288.15,11:20:00,22346.99078073692,1,26
2024-05-07,22266.6,22271.5,22255.25,22268.7,11:25:00,22339.334515904822,1,27
2024-05-07,22264.05,22280.85,22263.15,22266.55,11:30:00,22332.16456200913,1,28
2024-05-07,22240.6,22266.75,22232.2,22263.25,11:35:00,22323.44412753207,1,29
2024-05-07,22272.85,22276.0,22240.9,22241.7,11:40:00,22318.625639195685,1,30
2024-05-07,22283.9,22297.85,22267.3,22273.25,11:45:00,22315.318435462763,1,31
2024-05-07,22294.7,22295.6,22266.2,22283.3,11:50:00,22313.35477494249,1,32
2024-05-07,22272.3,22299.7,22270.65,22293.4,11:55:00,22309.44479637655,1,33
2024-05-07,22272.2,22273.55,22258.75,22272.8,12:00:00,22305.89767291212,1,34
2024-05-07,22264.2,22280.7,22263.65,22272.4,12:05:00,22301.926465968107,1,35
2024-05-07,22279.65,22287.5,22260.2,22264.7,12:10:00,22299.80489778067,1,36
2024-05-07,22292.05,22298.55,22275.75,22279.0,12:15:00,22299.06633608727,1,37
2024-05-07,22299.3,22302.45,22284.6,22293.2,12:20:00,22299.08858979325,1,38
2024-05-07,22295.1,22306.2,22293.4,22300.2,12:25:00,22298.70872409865,1,39
2024-05-07,22281.5,22299.75,22281.5,22294.7,12:30:00,22297.069797994016,1,40
2024-05-07,22260.45,22283.75,22256.45,22280.75,12:35:00,22293.58219818506,1,41
2024-05-07,22253.0,22267.9,22252.3,22260.55,12:40:00,22289.71722692934,1,42
2024-05-07,22270.65,22272.15,22250.9,22253.65,12:45:00,22287.90130055512,1,43
2024-05-07,22242.85,22275.8,22242.0,22270.85,12:50:00,22283.61070050225,1,44
2024-05-07,22260.4,22264.1,22237.05,22244.45,12:55:00,22281.40015759727,1,45
2024-05-07,22245.25,22261.7,22242.85,22260.75,13:00:00,22277.957285445147,1,46
2024-05-07,22242.7,22255.0,22237.7,22245.75,13:05:00,22274.599448736084,1,47
2024-05-07,22239.7,22255.95,22239.7,22243.65,13:10:00,22271.2756917136,1,48
2024-05-07,22260.05,22261.1,22237.3,22239.95,13:15:00,22270.206578217065,1,49
2024-05-07,22260.2,22283.65,22258.4,22260.95,13:20:00,22269.25357076782,1,50
2024-05-07,22283.9,22284.65,22259.7,22260.0,13:25:00,22270.64846878993,1,51
2024-05-07,22285.7,22296.25,22274.65,22283.75,13:30:00,22272.0819479528,1,52
2024-05-07,22312.5,22317.6,22285.95,22286.4,13:35:00,22275.931286243005,1,53
2024-05-07,22324.45,22326.5,22305.65,22313.25,13:40:00,22280.55211612462,1,54
2024-05-07,22314.65,22330.4,22310.85,22324.95,13:45:00,22283.799533636564,1,55
2024-05-07,22305.05,22315.6,22292.75,22315.6,13:50:00,22285.82338757594,1,56
2024-05-07,22311.2,22317.65,22297.45,22305.9,13:55:00,22288.240207806804,1,57
2024-05-07,22326.8,22327.45,22306.35,22311.1,14:00:00,22291.91256896806,1,58
2024-05-07,22324.0,22328.8,22311.05,22326.9,14:05:00,22294.968514780623,1,59
2024-05-07,22320.55,22324.7,22304.35,22324.7,14:10:00,22297.40484670628,1,60
2024-05-07,22315.15,22321.6,22302.25,22321.15,14:15:00,22299.09486130568,1,61
2024-05-07,22277.6,22317.65,22272.3,22315.5,14:20:00,22297.04773165752,1,62
2024-05-07,22260.45,22280.25,22260.4,22278.25,14:25:00,22293.562233404424,1,63
2024-05-07,22288.0,22291.5,22256.2,22261.55,14:30:00,22293.03249688972,1,64
2024-05-07,22315.8,22316.0,22282.6,22288.25,14:35:00,22295.20083051927,1,65
2024-05-07,22301.0,22320.5,22299.6,22316.0,14:40:00,22295.75313237458,1,66
2024-05-07,22313.8,22315.65,22300.7,22301.4,14:45:00,22297.47188167224,1,67
2024-05-07,22302.15,22323.3,22301.15,22315.0,14:50:00,22297.917416751072,1,68
2024-05-07,22292.1,22311.25,22290.55,22302.2,14:55:00,22297.363377060494,1,69
2024-05-07,22311.2,22319.6,22293.85,22293.9,15:00:00,22298.68115067378,1,70
2024-05-07,22295.95,22317.3,22281.35,22312.55,15:05:00,22298.421041085803,1,71
2024-05-07,22308.7,22310.7,22295.2,22295.55,15:10:00,22299.39998955382,1,72
2024-05-07,22308.5,22311.95,22298.95,22308.05,15:15:00,22300.26665721536,1,73
2024-05-07,22309.25,22311.05,22297.75,22307.3,15:20:00,22301.12221367104,1,74
2024-05-07,22304.5,22314.7,22295.3,22307.05,15:25:00,22301.44390760713,1,75
2024-05-08,22224.45,22253.0,22185.7,22246.35,09:15:00,22288.058391487924,2,1
2024-05-08,22246.7,22262.35,22206.4,22223.65,09:20:00,22284.119497060503,2,2
2024-05-08,22232.9,22281.6,22228.6,22247.55,09:25:00,22279.24144972141,2,3
2024-05-08,22255.25,22262.75,22216.85,22233.5,09:30:00,22276.95654974794,2,4
2024-05-08,22262.5,22263.05,22244.8,22255.65,09:35:00,22275.57973548624,2,5
2024-05-08,22256.1,22262.55,22235.7,22261.85,09:40:00,22273.72452258278,2,6
2024-05-08,22254.5,22272.3,22247.95,22257.2,09:45:00,22271.89361567013,2,7
2024-05-08,22230.65,22254.9,22229.45,22254.15,09:50:00,22267.96565227298,2,8
2024-05-08,22244.1,22247.25,22220.5,22228.0,09:55:00,22265.692733008884,2,9
2024-05-08,22247.75,22262.15,22244.9,22245.0,10:00:00,22263.983901293752,2,10
2024-05-08,22283.75,22291.7,22245.75,22248.35,10:05:00,22265.866386884823,2,11
2024-05-08,22279.7,22286.7,22270.65,22283.6,10:10:00,22267.18387384817,2,12
2024-05-08,22270.35,22281.3,22261.5,22280.25,10:15:00,22267.48540967216,2,13
2024-05-08,22224.3,22273.6,22209.75,22270.6,10:20:00,22263.372513512903,2,14
2024-05-08,22211.65,22230.95,22205.0,22223.1,10:25:00,22258.446559845008,2,15
2024-05-08,22202.95,22222.9,22185.65,22211.2,10:30:00,22253.1611731931,2,16
2024-05-08,22212.35,22213.2,22195.95,22202.1,10:35:00,22249.27439479376,2,17
2024-05-08,22202.5,22217.65,22194.85,22212.0,10:40:00,22244.819690527685,2,18
2024-05-08,22210.05,22214.55,22200.8,22202.9,10:45:00,22241.50829142981,2,19
2024-05-08,22205.5,22210.75,22194.75,22209.3,10:50:00,22238.078930341257,2,20
2024-05-08,22221.3,22240.0,22203.1,22204.05,10:55:00,22236.480936975426,2,21
2024-05-08,22231.25,22231.55,22216.8,22221.75,11:00:00,22235.98275250157,2,22
2024-05-08,22231.7,22239.85,22222.45,22231.65,11:05:00,22235.574871310942,2,23
2024-05-08,22235.0,22238.35,22223.15,22231.5,11:10:00,22235.520121662288,2,24
2024-05-08,22286.6,22286.6,22235.0,22235.85,11:15:00,22240.384871980164,2,25
2024-05-08,22273.35,22289.1,22268.65,22287.8,11:20:00,22243.52440798205,2,26
2024-05-08,22265.3,22274.1,22249.5,22272.65,11:25:00,22245.598273888525,2,27
2024-05-08,22261.1,22275.45,22260.65,22265.55,11:30:00,22247.074628756283,2,28
2024-05-08,22276.35,22277.7,22260.85,22261.5,11:35:00,22249.862759350923,2,29
2024-05-08,22278.15,22282.05,22270.35,22277.25,11:40:00,22252.556782269883,2,30
2024-05-08,22313.9,22322.9,22277.6,22278.5,11:45:00,22258.398993482275,2,31
2024-05-08,22289.75,22324.85,22287.2,22314.45,11:50:00,22261.384803626817,2,32
2024-05-08,22307.8,22311.15,22289.2,22292.7,11:55:00,22265.8052985195,2,33
2024-05-08,22296.3,22310.25,22292.95,22308.25,12:00:00,22268.70955580336,2,34
2024-05-08,22320.85,22327.9,22297.45,22297.45,12:05:00,22273.675312393512,2,35
2024-05-08,22331.75,22339.6,22316.5,22322.0,12:10:00,22279.2062350227,2,36
2024-05-08,22344.55,22347.9,22323.35,22332.1,12:15:00,22285.42945073482,2,37
2024-05-08,22336.2,22358.55,22333.35,22343.3,12:20:00,22290.26474114103,2,38
2024-05-08,22326.05,22338.15,22309.6,22336.25,12:25:00,22293.67286103236,2,39
2024-05-08,22304.75,22335.5,22303.35,22324.1,12:30:00,22294.727826648326,2,40
2024-05-08,22314.0,22321.55,22305.9,22307.6,12:35:00,22296.56327172944,2,41
2024-05-08,22319.7,22324.15,22308.15,22314.0,12:40:00,22298.766769659967,2,42
2024-05-08,22346.1,22347.05,22318.1,22318.65,12:45:00,22303.27469635901,2,43
2024-05-08,22340.65,22354.35,22340.65,22344.3,12:50:00,22306.834249086733,2,44
2024-05-08,22337.4,22350.25,22331.25,22340.45,12:55:00,22309.74527298324,2,45
2024-05-08,22324.8,22347.8,22323.45,22337.2,13:00:00,22311.179056508645,2,46
2024-05-08,22346.9,22347.95,22324.5,22325.05,13:05:00,22314.58105112687,2,47
2024-05-08,22336.8,22351.75,22334.35,22347.0,13:10:00,22316.697141495737,2,48
2024-05-08,22354.35,22355.8,22335.9,22336.7,13:15:00,22320.28312801996,2,49
2024-05-08,22365.75,22367.2,22344.3,22353.55,13:20:00,22324.613306303767,2,50
2024-05-08,22354.55,22368.0,22353.45,22365.9,13:25:00,22327.464419989123,2,51
2024-05-08,22348.9,22364.25,22346.1,22354.95,13:30:00,22329.505903799683,2,52
2024-05-08,22314.2,22349.65,22285.8,22348.6,13:35:00,22328.048198675904,2,53
2024-05-08,22314.3,22328.2,22303.55,22313.75,13:40:00,22326.738846421056,2,54
2024-05-08,22279.95,22317.0,22271.0,22315.5,13:45:00,22322.28276580953,2,55
2024-05-08,22285.6,22293.25,22259.7,22279.65,13:50:00,22318.789169065767,2,56
2024-05-08,22298.45,22322.35,22285.15,22285.65,13:55:00,22316.85210534522,2,57
2024-05-08,22314.5,22318.25,22297.95,22298.8,14:00:00,22316.628095312342,2,58
2024-05-08,22290.6,22316.1,22284.65,22314.8,14:05:00,22314.14922909212,2,59
2024-05-08,22275.25,22296.25,22273.7,22289.45,14:10:00,22310.44454060716,2,60
2024-05-08,22262.05,22281.65,22259.65,22275.05,14:15:00,22305.83553673981,2,61
2024-05-08,22260.55,22261.75,22244.35,22261.45,14:20:00,22301.52262847888,2,62
2024-05-08,22264.75,22274.75,22252.55,22260.4,14:25:00,22298.02047338565,2,63
2024-05-08,22272.85,22277.8,22257.75,22264.1,14:30:00,22295.62328544416,2,64
2024-05-08,22255.2,22280.75,22254.7,22273.3,14:35:00,22291.773448735195,2,65
2024-05-08,22290.55,22293.1,22252.9,22255.9,14:40:00,22291.65692980804,2,66
2024-05-08,22300.3,22302.3,22272.7,22290.5,14:45:00,22292.480079350127,2,67
2024-05-08,22300.4,22307.1,22286.05,22303.7,14:50:00,22293.23435750725,2,68
2024-05-08,22293.5,22300.95,22281.7,22300.35,14:55:00,22293.25965679228,2,69
2024-05-08,22302.25,22315.6,22289.65,22294.4,15:00:00,22294.11587995492,2,70
2024-05-08,22292.7,22301.65,22285.7,22299.55,15:05:00,22293.981034244927,2,71
2024-05-08,22301.95,22309.7,22289.6,22292.7,15:10:00,22294.73998336446,2,72
2024-05-08,22296.9,22305.4,22293.0,22301.85,15:15:00,22294.94569923451,2,73
2024-05-08,22312.35,22317.55,22296.2,22297.3,15:20:00,22296.603251688368,2,74
2024-05-08,22306.75,22315.8,22305.15,22311.15,15:25:00,22297.56960867043,2,75
2024-05-09,22300.15,22307.5,22245.85,22245.85,09:15:00,22291.54496310664,3,1
2024-05-09,22268.4,22301.45,22258.2,22301.45,09:20:00,22289.340680906003,3,2
2024-05-09,22233.65,22272.85,22233.65,22267.6,09:25:00,22284.036806534004,3,3
2024-05-09,22255.2,22262.5,22235.15,22235.15,09:30:00,22281.290444006954,3,4
2024-05-09,22239.35,22272.9,22222.3,22255.95,09:35:00,22277.29611600629,3,5
2024-05-09,22246.45,22250.95,22230.95,22240.1,09:40:00,22274.35839067236,3,6
2024-05-09,22227.05,22253.15,22225.15,22246.75,09:45:00,22269.85282965594,3,7
2024-05-09,22250.85,22257.25,22225.55,22227.25,09:50:00,22268.04303635537,3,8
2024-05-09,22220.55,22260.25,22213.3,22250.8,09:55:00,22263.51989003581,3,9
2024-05-09,22221.4,22231.35,22210.95,22219.8,10:00:00,22259.50847193717,3,10
2024-05-09,22229.25,22237.15,22219.75,22222.75,10:05:00,22256.626712705056,3,11
2024-05-09,22194.4,22234.85,22189.3,22230.1,10:10:00,22250.7003591141,3,12
2024-05-09,22200.0,22210.25,22185.7,22194.4,10:15:00,22245.871753484185,3,13
2024-05-09,22152.5,22201.2,22152.5,22200.05,10:20:00,22236.97920553331,3,14
2024-05-09,22142.8,22159.95,22131.4,22154.0,10:25:00,22228.00975738728,3,15
2024-05-09,22158.85,22159.1,22138.15,22142.45,10:30:00,22221.423113826582,3,16
2024-05-09,22149.4,22162.8,22142.25,22157.25,10:35:00,22214.56376965262,3,17
2024-05-09,22137.45,22156.3,22130.2,22149.45,10:40:00,22207.21960111428,3,18
2024-05-09,22137.9,22145.45,22126.75,22138.45,10:45:00,22200.61773434149,3,19
2024-05-09,22134.05,22149.0,22133.6,22137.8,10:50:00,22194.27795011849,3,20
2024-05-09,22156.05,22159.6,22129.15,22133.75,10:55:00,22190.637192964343,3,21
2024-05-09,22148.95,22157.8,22138.55,22156.35,11:00:00,22186.6669841106,3,22
2024-05-09,22140.3,22150.45,22125.95,22147.8,11:05:00,22182.25108086197,3,23
2024-05-09,22138.8,22142.35,22128.65,22140.35,11:10:00,22178.11288268464,3,24
2024-05-09,22130.75,22145.35,22127.85,22138.4,11:15:00,22173.60213195277,3,25
2024-05-09,22130.6,22143.4,22122.75,22130.5,11:20:00,22169.50669081441,3,26
2024-05-09,22133.9,22144.6,22126.5,22130.75,11:25:00,22166.11557740352,3,27
2024-05-09,22148.2,22152.55,22125.45,22134.15,11:30:00,22164.40933193652,3,28
2024-05-09,22163.9,22165.25,22142.7,22147.9,11:35:00,22164.36082413304,3,29
2024-05-09,22162.15,22171.55,22153.2,22164.95,11:40:00,22164.1502694537,3,30
2024-05-09,22167.05,22177.45,22156.65,22161.45,11:45:00,22164.426434267632,3,31
2024-05-09,22153.65,22176.75,22153.65,22167.5,11:50:00,22163.400107194524,3,32
2024-05-09,22165.35,22167.85,22148.4,22155.75,11:55:00,22163.58581127124,3,33
2024-05-09,22162.2,22170.75,22153.9,22165.3,12:00:00,22163.453829245405,3,34
2024-05-09,22156.6,22165.7,22152.7,22162.5,12:05:00,22162.801083602983,3,35
2024-05-09,22165.95,22168.85,22150.6,22156.0,12:10:00,22163.1009804027,3,36
2024-05-09,22180.2,22186.15,22156.6,22165.85,12:15:00,22164.729458459587,3,37
2024-05-09,22175.55,22185.1,22172.2,22180.1,12:20:00,22165.75998622534,3,38
2024-05-09,22153.55,22175.85,22152.0,22175.25,12:25:00,22164.597130394355,3,39
2024-05-09,22156.75,22156.75,22146.05,22152.85,12:30:00,22163.84978464252,3,40
2024-05-09,22134.15,22162.8,22132.4,22156.3,12:35:00,22161.02123372418,3,41
2024-05-09,22127.4,22140.45,22125.05,22134.5,12:40:00,22157.81921146473,3,42
2024-05-09,22088.0,22133.15,22083.35,22127.05,12:45:00,22151.16976275381,3,43
2024-05-09,22055.9,22091.2,22053.25,22087.3,12:50:00,22142.09645201535,3,44
2024-05-09,22046.6,22057.55,22031.9,22056.35,12:55:00,22133.00155182341,3,45
2024-05-09,22066.0,22068.45,22045.25,22046.3,13:00:00,22126.62045164976,3,46
2024-05-09,22061.25,22076.1,22059.25,22067.5,13:05:00,22120.39469434978,3,47
2024-05-09,22057.95,22062.9,22050.7,22061.05,13:10:00,22114.44758060218,3,48
2024-05-09,22055.35,22064.9,22048.9,22058.3,13:15:00,22108.81923959245,3,49
2024-05-09,22022.75,22057.0,22021.3,22054.85,13:20:00,22100.622169155075,3,50
2024-05-09,22049.05,22053.15,22021.3,22022.35,13:25:00,22095.71053399745,3,51
2024-05-09,22044.35,22056.55,22037.15,22048.9,13:30:00,22090.819054569125,3,52
2024-05-09,22054.25,22057.3,22037.35,22044.5,13:35:00,22087.336287467304,3,53
2024-05-09,22045.8,22066.0,22043.1,22053.9,13:40:00,22083.38045056565,3,54
2024-05-09,22069.15,22081.95,22045.05,22047.3,13:45:00,22082.0251695594,3,55
2024-05-09,22043.05,22073.45,22039.75,22070.15,13:50:00,22078.31324864898,3,56
2024-05-09,22041.8,22049.7,22031.05,22043.05,13:55:00,22074.8357963967,3,57
2024-05-09,22047.05,22048.45,22025.75,22043.25,14:00:00,22072.189530073203,3,58
2024-05-09,22066.8,22069.15,22041.95,22047.95,14:05:00,22071.676241494803,3,59
2024-05-09,22061.75,22069.95,22048.75,22066.6,14:10:00,22070.730885161967,3,60
2024-05-09,22047.95,22065.55,22044.3,22061.0,14:15:00,22068.561277051303,3,61
2024-05-09,22051.45,22076.9,22045.7,22048.55,14:20:00,22066.931631617845,3,62
2024-05-09,22042.95,22063.45,22038.1,22052.15,14:25:00,22064.647666701858,3,63
2024-05-09,22030.45,22046.95,22025.6,22042.95,14:30:00,22061.39074606359,3,64
2024-05-09,22011.85,22039.4,22004.75,22031.45,14:35:00,22056.672579771817,3,65
2024-05-09,21972.4,22018.7,21969.0,22012.45,14:40:00,22048.64661979355,3,66
2024-05-09,21993.2,21999.45,21970.5,21972.75,14:45:00,22043.36598933702,3,67
2024-05-09,22008.65,22022.85,21993.15,21993.15,14:50:00,22040.059704638257,3,68
2024-05-09,21991.9,22016.1,21988.05,22008.55,14:55:00,22035.47306610128,3,69
2024-05-09,21971.95,21994.35,21965.25,21991.9,15:00:00,22029.42325028211,3,70
2024-05-09,21968.35,21976.8,21952.35,21969.9,15:05:00,22023.606750255243,3,71
2024-05-09,21943.0,21976.55,21942.5,21969.75,15:10:00,22015.9299168976,3,72
2024-05-09,21947.2,21948.0,21933.15,21943.2,15:15:00,22009.3842105264,3,73
2024-05-09,21942.25,21953.05,21937.35,21947.95,15:20:00,22002.99047619056,3,74
2024-05-09,21968.15,21968.15,21941.5,21942.0,15:25:00,21999.67233560098,3,75
2024-05-10,21971.4,22015.1,21971.3,21979.45,09:15:00,21996.228147736856,4,1
2024-05-10,22008.3,22008.3,21952.65,21970.45,09:20:00,21997.3778479524,4,2
2024-05-10,22050.0,22050.15,22008.85,22008.85,09:25:00,22002.38948148073,4,3
2024-05-10,22029.75,22055.55,22025.35,22049.1,09:30:00,22004.995245149235,4,4
2024-05-10,22019.85,22047.55,22015.5,22028.85,09:35:00,22006.40998370645,4,5
2024-05-10,22068.85,22071.15,22009.15,22019.25,09:40:00,22012.35665192488,4,6
2024-05-10,22066.5,22075.95,22053.55,22069.6,09:45:00,22017.513161265368,4,7
2024-05-10,22096.0,22099.45,22053.7,22066.6,09:50:00,22024.988098287715,4,8
2024-05-10,22108.75,22113.9,22089.7,22095.9,09:55:00,22032.96542226032,4,9
2024-05-10,22102.5,22115.2,22094.75,22108.25,10:00:00,22039.587762997427,4,10
2024-05-10,22103.3,22119.45,22097.15,22103.4,10:05:00,22045.65559509291,4,11
2024-05-10,22110.1,22116.45,22095.95,22103.35,10:10:00,22051.793157465014,4,12
2024-05-10,22121.95,22131.0,22102.6,22109.5,10:15:00,22058.474761515965,4,13
2024-05-10,22095.9,22121.95,22078.65,22121.75,10:20:00,22062.039069943014,4,14
2024-05-10,22088.3,22104.55,22084.65,22095.65,10:25:00,22064.540110900823,4,15
2024-05-10,22105.1,22106.95,22078.65,22088.9,10:30:00,22068.402957481696,4,16
2024-05-10,22098.3,22110.65,22095.3,22104.6,10:35:00,22071.25029486439,4,17
2024-05-10,22090.15,22099.8,22085.65,22098.1,10:40:00,22073.050266782066,4,18
2024-05-10,22055.75,22091.1,22047.2,22090.15,10:45:00,22071.40262232663,4,19
2024-05-10,22020.0,22061.7,22015.65,22056.0,10:50:00,22066.507134486,4,20
2024-05-10,22027.05,22037.05,22012.95,22020.2,10:55:00,22062.749312154,4,21
2024-05-10,22031.95,22034.7,22018.0,22027.1,11:00:00,22059.816044329804,4,22
2024-05-10,22055.2,22063.5,22032.0,22032.5,11:05:00,22059.3764210603,4,23
2024-05-10,22056.3,22062.35,22051.0,22056.25,11:10:00,22059.083428578364,4,24
2024-05-10,22075.15,22075.15,22049.95,22056.15,11:15:00,22060.613578237568,4,25
2024-05-10,22088.4,22089.25,22069.7,22075.3,11:20:00,22063.259904119703,4,26
2024-05-10,22075.35,22093.75,22068.8,22087.9,11:25:00,22064.4113418226,4,27
2024-05-10,22063.9,22075.8,22060.45,22075.15,11:30:00,22064.362642601394,4,28
2024-05-10,22053.4,22067.95,22046.2,22063.5,11:35:00,22063.31858140126,4,29
2024-05-10,22057.4,22059.55,22041.25,22054.0,11:40:00,22062.754906982096,4,30
2024-05-10,22036.4,22059.65,22033.6,22057.5,11:45:00,22060.244915840944,4,31
2024-05-10,22029.85,22046.0,22025.45,22036.05,11:50:00,22057.35016195133,4,32
2024-05-10,22029.2,22035.15,22015.45,22029.65,11:55:00,22054.66919414644,4,33
2024-05-10,22036.1,22046.65,22028.6,22028.6,12:00:00,22052.90069946583,4,34
2024-05-10,22047.4,22050.5,22030.05,22035.55,12:05:00,22052.376823326227,4,35
2024-05-10,22032.3,22052.2,22027.1,22046.35,12:10:00,22050.464744914203,4,36
2024-05-10,22023.7,22038.9,22015.4,22032.5,12:15:00,22047.91572158904,4,37
2024-05-10,22020.9,22035.9,22020.55,22023.9,12:20:00,22045.34279572342,4,38
2024-05-10,22018.2,22022.5,22000.3,22020.4,12:25:00,22042.757767559284,4,39
2024-05-10,22032.5,22041.0,22017.95,22017.95,12:30:00,22041.780837315546,4,40
2024-05-10,22027.2,22042.2,22026.1,22032.65,12:35:00,22040.39218614263,4,41
2024-05-10,22024.75,22033.4,22022.5,22025.85,12:40:00,22038.90245412905,4,42
2024-05-10,22013.6,22027.3,22001.6,22024.5,12:45:00,22036.492696592944,4,43
2024-05-10,22006.4,22021.45,22004.7,22013.5,12:50:00,22033.62672548885,4,44
2024-05-10,21994.7,22013.6,21991.7,22006.45,12:55:00,22029.91941829944,4,45
2024-05-10,22004.7,22011.2,21985.15,21995.35,13:00:00,22027.517568937583,4,46
2024-05-10,22000.95,22018.85,22000.2,22004.35,13:05:00,22024.987324276863,4,47
2024-05-10,21992.5,22005.45,21986.55,22000.8,13:10:00,22021.89329339335,4,48
2024-05-10,21988.2,22002.4,21985.2,21992.35,13:15:00,22018.68440830827,4,49
2024-05-10,21996.2,22003.95,21985.95,21987.55,13:20:00,22016.543036088435,4,50
2024-05-10,22016.5,22017.95,21993.75,21996.15,13:25:00,22016.538937413345,4,51
2024-05-10,22023.75,22038.45,22011.5,22015.8,13:30:00,22017.22570527874,4,52
2024-05-10,22025.05,22028.0,22013.5,22025.55,13:35:00,22017.97087620457,4,53
2024-05-10,22035.05,22037.3,22024.1,22024.55,13:40:00,22019.59745942318,4,54
2024-05-10,22039.5,22041.1,22026.2,22035.35,13:45:00,22021.49293947812,4,55
2024-05-10,22054.7,22060.5,22037.55,22039.9,13:50:00,22024.65551667068,4,56
2024-05-10,22059.95,22062.4,22046.45,22054.5,13:55:00,22028.016896035377,4,57
2024-05-10,22034.6,22061.9,22033.45,22059.7,14:00:00,22028.64385831772,4,58
2024-05-10,22036.4,22042.3,22025.95,22034.4,14:05:00,22029.38253847794,4,59
2024-05-10,22027.05,22037.15,22018.5,22036.4,14:10:00,22029.16039195624,4,60
2024-05-10,22027.45,22036.8,22015.6,22026.85,14:15:00,22028.997497484208,4,61
2024-05-10,22022.7,22032.05,22018.8,22027.25,14:20:00,22028.39773581905,4,62
2024-05-10,22018.35,22025.95,22015.85,22022.85,14:25:00,22027.440808598185,4,63
2024-05-10,22019.75,22035.5,22016.55,22018.5,14:30:00,22026.70835063645,4,64
2024-05-10,22014.75,22022.85,22009.15,22019.2,14:35:00,22025.569460099643,4,65
2024-05-10,22030.65,22032.75,22012.5,22014.3,14:40:00,22026.05332104253,4,66
2024-05-10,22025.1,22043.8,22020.6,22029.75,14:45:00,22025.962528562297,4,67
2024-05-10,22032.8,22036.8,22021.35,22026.45,14:50:00,22026.61371631827,4,68
2024-05-10,22037.3,22041.55,22027.95,22033.2,14:55:00,22027.63145762129,4,69
2024-05-10,22054.9,22071.7,22036.75,22037.7,15:00:00,22030.22846165736,4,70
2024-05-10,22060.05,22072.4,22043.5,22054.3,15:05:00,22033.068608166184,4,71
2024-05-10,22054.6,22062.65,22044.25,22060.9,15:10:00,22035.119216912262,4,72
2024-05-10,22061.95,22067.45,22046.35,22054.2,15:15:00,22037.67452958728,4,73
2024-05-10,22060.4,22062.5,22054.15,22061.1,15:20:00,22039.83886010278,4,74
2024-05-10,22054.0,22060.95,22041.4,22059.9,15:25:00,22041.187540093,4,75
2024-05-13,21970.2,22058.2,21963.1,22035.55,09:15:00,22033.286172275675,0,1
2024-05-13,21938.65,21978.15,21929.65,21968.8,09:20:00,22024.27320348752,0,2
2024-05-13,21951.8,21979.0,21937.4,21938.25,09:25:00,22017.370993631564,0,3
2024-05-13,21894.5,21965.0,21892.8,21952.2,09:30:00,22005.668994238084,0,4
2024-05-13,21885.95,21908.7,21884.3,21893.75,09:35:00,21994.26718526303,0,5
2024-05-13,21857.4,21901.85,21851.95,21887.1,09:40:00,21981.232215237986,0,6
2024-05-13,21895.7,21897.3,21856.8,21856.8,09:45:00,21973.086289977226,0,7
2024-05-13,21876.8,21897.7,21871.75,21895.65,09:50:00,21963.91616712225,0,8
2024-05-13,21860.35,21883.25,21855.45,21876.4,09:55:00,21954.052722634417,0,9
2024-05-13,21843.3,21863.8,21828.6,21861.55,10:00:00,21943.50484428828,0,10
2024-05-13,21867.75,21868.1,21840.9,21843.3,10:05:00,21936.290097213205,0,11
2024-05-13,21886.1,21886.6,21856.3,21866.6,10:10:00,21931.510087954804,0,12
2024-05-13,21860.9,21885.2,21852.6,21885.2,10:15:00,21924.785317673395,0,13
2024-05-13,21870.7,21874.4,21845.0,21860.75,10:20:00,21919.63433503784,0,14
2024-05-13,21873.8,21889.75,21868.85,21870.55,10:25:00,21915.269160272328,0,15
2024-05-13,21858.05,21876.1,21854.15,21874.0,10:30:00,21909.81971643687,0,16
2024-05-13,21839.8,21860.25,21838.2,21857.2,10:35:00,21903.15117201431,0,17
2024-05-13,21832.85,21841.8,21824.85,21839.3,10:40:00,21896.45582229866,0,18
2024-05-13,21848.25,21848.3,21821.2,21832.75,10:45:00,21891.864791603548,0,19
2024-05-13,21877.85,21879.6,21841.6,21848.6,10:50:00,21890.530049546065,0,20
2024-05-13,21873.25,21878.55,21859.8,21878.35,10:55:00,21888.88433054168,0,21
2024-05-13,21887.9,21889.6,21861.2,21873.55,11:00:00,21888.7905847758,0,22
2024-05-13,21914.15,21921.55,21886.15,21888.1,11:05:00,21891.205767178104,0,23
2024-05-13,21911.1,21917.8,21904.35,21914.75,11:10:00,21893.100456018285,0,24
2024-05-13,21940.55,21949.4,21910.7,21911.05,11:15:00,21897.619460207017,0,25
2024-05-13,21923.05,21945.9,21922.95,21941.1,11:20:00,21900.04141637778,0,26
2024-05-13,21936.15,21938.25,21923.3,21923.6,11:25:00,21903.480329103702,0,27
2024-05-13,21975.0,21976.95,21932.95,21936.9,11:30:00,21910.29172633192,0,28
2024-05-13,21979.85,21989.75,21971.5,21975.65,11:35:00,21916.91632382412,0,29
2024-05-13,21962.75,21981.1,21962.75,21980.2,11:40:00,21921.281435840872,0,30
2024-05-13,21951.05,21971.1,21947.2,21962.7,11:45:00,21924.11653718936,0,31
2024-05-13,21974.75,21977.8,21951.15,21951.15,11:50:00,21928.93877174276,0,32
2024-05-13,21971.6,21977.95,21967.55,21976.2,11:55:00,21933.00174586249,0,33
2024-05-13,21988.35,21989.0,21971.15,21971.15,12:00:00,21938.273008161297,0,34
2024-05-13,21976.2,21990.55,21975.35,21987.85,12:05:00,21941.885102622127,0,35
2024-05-13,21985.4,21986.6,21969.1,21976.55,12:10:00,21946.029378562875,0,36
2024-05-13,21976.25,21992.9,21967.0,21986.85,12:15:00,21948.907532985457,0,37
2024-05-13,21986.5,21992.4,21973.8,21976.9,12:20:00,21952.487767939223,0,38
2024-05-13,22023.6,22024.3,21983.95,21986.55,12:25:00,21959.26036146882,0,39
2024-05-13,22027.25,22032.25,22017.25,22023.1,12:30:00,21965.735565138453,0,40
2024-05-13,22032.9,22034.75,22018.7,22027.5,12:35:00,21972.13217798241,0,41
2024-05-13,22022.45,22041.0,22020.95,22032.15,12:40:00,21976.9243515079,0,42
2024-05-13,22014.15,22024.25,22001.9,22022.55,12:45:00,21980.46965136429,0,43
2024-05-13,22005.9,22016.8,21989.5,22014.35,12:50:00,21982.8915893296,0,44
2024-05-13,22019.7,22019.7,22005.75,22005.75,12:55:00,21986.39715225058,0,45
2024-05-13,22011.25,22028.35,22011.05,22019.15,13:00:00,21988.76409013148,0,46
2024-05-13,22025.8,22028.25,22010.95,22011.05,13:05:00,21992.291319642765,0,47
2024-05-13,22029.2,22034.9,22022.7,22024.95,13:10:00,21995.80643205774,0,48
2024-05-13,22017.35,22038.05,22016.75,22029.1,13:15:00,21997.85820043319,0,49
2024-05-13,21966.35,22019.65,21966.1,22018.55,13:20:00,21994.857419439555,0,50
2024-05-13,21973.6,21986.9,21967.3,21967.7,13:25:00,21992.832903302457,0,51
2024-05-13,21942.2,21974.4,21934.0,21973.6,13:30:00,21988.01072203556,0,52
2024-05-13,21961.65,21964.3,21940.45,21942.2,13:35:00,21985.50017707979,0,53
2024-05-13,21978.45,21979.2,21954.4,21961.5,13:40:00,21984.82873164362,0,54
2024-05-13,22009.55,22010.4,21967.6,21977.75,13:45:00,21987.18313815376,0,55
2024-05-13,22082.85,22083.2,22008.25,22009.15,13:50:00,21996.2942678534,0,56
2024-05-13,22102.0,22104.1,22072.15,22082.95,13:55:00,22006.361480438794,0,57
2024-05-13,22085.75,22111.2,22085.75,22102.6,14:00:00,22013.922291825576,0,58
2024-05-13,22085.65,22101.4,22081.65,22085.0,14:05:00,22020.753502127904,0,59
2024-05-13,22103.05,22103.8,22078.5,22085.75,14:10:00,22028.591263830007,0,60
2024-05-13,22104.2,22122.8,22101.4,22103.4,14:15:00,22035.7920958462,0,61
2024-05-13,22091.5,22103.95,22080.4,22103.9,14:20:00,22041.097610527515,0,62
2024-05-13,22100.1,22101.45,22080.05,22091.0,14:25:00,22046.71688571537,0,63
2024-05-13,22106.05,22126.05,22099.5,22100.95,14:30:00,22052.367658504383,0,64
2024-05-13,22117.35,22122.9,22101.15,22107.65,14:35:00,22058.55645293254,0,65
2024-05-13,22121.45,22126.75,22102.95,22117.4,14:40:00,22064.54631455801,0,66
2024-05-13,22117.7,22124.65,22111.25,22120.55,14:45:00,22069.60857031439,0,67
2024-05-13,22124.35,22129.35,22106.6,22117.8,14:50:00,22074.822039808256,0,68
2024-05-13,22119.75,22130.7,22115.45,22124.0,14:55:00,22079.100893159848,0,69
2024-05-13,22091.25,22129.75,22070.55,22120.0,15:00:00,22080.25795095415,0,70
2024-05-13,22098.1,22107.4,22087.1,22090.35,15:05:00,22081.95719372042,0,71
2024-05-13,22098.45,22103.2,22094.25,22097.9,15:10:00,22083.52793717562,0,72
2024-05-13,22116.2,22118.9,22092.15,22098.45,15:15:00,22086.63956220651,0,73
2024-05-13,22124.55,22126.55,22115.4,22116.85,15:20:00,22090.2500800916,0,74
2024-05-13,22119.4,22131.25,22116.5,22124.9,15:25:00,22093.026262940024,0,75
2024-05-14,22173.85,22182.2,22124.25,22126.5,09:15:00,22102.43623791689,1,1
2024-05-14,22127.6,22174.15,22116.7,22174.15,09:20:00,22104.83278668671,1,2
2024-05-14,22129.9,22144.55,22096.25,22128.65,09:25:00,22107.2201403356,1,3
2024-05-14,22123.3,22145.15,22102.15,22130.05,09:30:00,22108.751555541727,1,4
2024-05-14,22145.65,22148.2,22114.8,22122.25,09:35:00,22112.265693109184,1,5
2024-05-14,22143.7,22150.5,22131.35,22145.2,09:40:00,22115.2594366226,1,6
2024-05-14,22131.0,22145.6,22119.15,22143.5,09:45:00,22116.75853789664,1,7
2024-05-14,22121.95,22138.05,22116.4,22132.1,09:50:00,22117.25296285886,1,8
2024-05-14,22141.6,22167.55,22118.3,22123.05,09:55:00,22119.571728300874,1,9
2024-05-14,22103.65,22143.35,22094.35,22142.45,10:00:00,22118.055373224604,1,10
2024-05-14,22101.5,22116.85,22091.3,22104.55,10:05:00,22116.478671012737,1,11
2024-05-14,22099.1,22105.45,22081.75,22102.1,10:10:00,22114.823559487715,1,12
2024-05-14,22122.85,22127.55,22098.8,22099.2,10:15:00,22115.58798239365,1,13
2024-05-14,22107.35,22125.25,22104.1,22123.15,10:20:00,22114.80341264187,1,14
2024-05-14,22137.2,22139.95,22102.05,22107.55,10:25:00,22116.93642096169,1,15
2024-05-14,22139.75,22144.8,22124.1,22137.1,10:30:00,22119.109142774865,1,16
2024-05-14,22142.25,22145.3,22130.75,22139.1,10:35:00,22121.313033939165,1,17
2024-05-14,22155.25,22155.35,22134.85,22142.1,10:40:00,22124.54512594496,1,18
2024-05-14,22149.25,22157.25,22142.95,22155.75,10:45:00,22126.89797109305,1,19
2024-05-14,22132.95,22149.35,22128.75,22149.1,10:50:00,22127.474354798484,1,20
2024-05-14,22143.5,22144.45,22131.85,22133.85,10:55:00,22129.00060672244,1,21
2024-05-14,22160.5,22163.2,22140.7,22143.8,11:00:00,22132.000548939348,1,22
2024-05-14,22171.5,22178.85,22158.8,22160.45,11:05:00,22135.762401421314,1,23
2024-05-14,22178.9,22180.65,22169.45,22170.95,11:10:00,22139.87074414309,1,24
2024-05-14,22185.15,22189.4,22175.35,22178.9,11:15:00,22144.183054224704,1,25
2024-05-14,22173.55,22189.35,22168.2,22183.8,11:20:00,22146.979906203305,1,26
2024-05-14,22162.4,22174.85,22159.25,22173.15,11:25:00,22148.448486564896,1,27
2024-05-14,22161.8,22175.45,22155.75,22161.7,11:30:00,22149.720059273,1,28
2024-05-14,22179.15,22181.1,22161.1,22161.75,11:35:00,22152.52291077081,1,29
2024-05-14,22176.75,22183.65,22175.25,22179.7,11:40:00,22154.83025260216,1,30
2024-05-14,22184.9,22189.05,22172.2,22177.3,11:45:00,22157.69403806862,1,31
2024-05-14,22177.7,22189.65,22175.7,22185.35,11:50:00,22159.599367776373,1,32
2024-05-14,22180.95,22184.65,22172.4,22177.9,11:55:00,22161.63276132148,1,33
2024-05-14,22193.85,22194.35,22179.05,22181.9,12:00:00,22164.701069767056,1,34
2024-05-14,22199.8,22202.0,22183.4,22193.8,12:05:00,22168.043825027336,1,35
2024-05-14,22185.3,22199.45,22184.35,22199.45,12:10:00,22169.68727026283,1,36
2024-05-14,22177.1,22186.1,22167.0,22185.3,12:15:00,22170.39324452351,1,37
2024-05-14,22177.35,22178.85,22168.65,22177.15,12:20:00,22171.055792664127,1,38
2024-05-14,22185.05,22186.25,22173.2,22176.15,12:25:00,22172.38857431516,1,39
2024-05-14,22190.2,22193.1,22183.2,22184.9,12:30:00,22174.08490057086,1,40
2024-05-14,22195.0,22195.5,22186.65,22188.95,12:35:00,22176.076814802203,1,41
2024-05-14,22194.65,22200.6,22191.75,22194.8,12:40:00,22177.845689582944,1,42
2024-05-14,22197.45,22204.4,22192.15,22194.45,12:45:00,22179.71276676552,1,43
2024-05-14,22227.25,22227.8,22195.7,22197.4,12:50:00,22184.24012231166,1,44
2024-05-14,22223.75,22231.2,22220.55,22226.05,12:55:00,22188.002967805787,1,45
2024-05-14,22226.05,22235.15,22219.8,22223.5,13:00:00,22191.626494681423,1,46
2024-05-14,22227.15,22230.8,22218.45,22227.8,13:05:00,22195.009685664147,1,47
2024-05-14,22220.45,22236.6,22214.95,22226.4,13:10:00,22197.43257274376,1,48
2024-05-14,22202.65,22225.75,22202.6,22220.35,13:15:00,22197.92947057768,1,49
2024-05-14,22214.5,22214.55,22202.2,22202.2,13:20:00,22199.50761623695,1,50
2024-05-14,22230.8,22233.0,22214.3,22214.65,13:25:00,22202.487843262003,1,51
2024-05-14,22233.3,22239.8,22223.45,22230.75,13:30:00,22205.42233437991,1,52
2024-05-14,22233.55,22234.1,22222.8,22233.05,13:35:00,22208.101159677062,1,53
2024-05-14,22241.25,22241.35,22231.45,22233.9,13:40:00,22211.25819208877,1,54
2024-05-14,22241.15,22246.6,22233.85,22241.4,13:45:00,22214.105030937462,1,55
2024-05-14,22254.7,22256.9,22238.75,22239.7,13:50:00,22217.971218467228,1,56
2024-05-14,22258.5,22260.1,22250.45,22254.75,13:55:00,22221.83110242273,1,57
2024-05-14,22268.9,22269.1,22254.75,22258.65,14:00:00,22226.313854572945,1,58
2024-05-14,22264.2,22269.95,22252.5,22269.0,14:05:00,22229.92205889933,1,59
2024-05-14,22250.85,22265.5,22246.0,22263.7,14:10:00,22231.91519614702,1,60
2024-05-14,22243.7,22251.9,22217.7,22250.7,14:15:00,22233.03755841873,1,61
2024-05-14,22251.65,22252.85,22236.55,22244.0,14:20:00,22234.810171902664,1,62
2024-05-14,22256.6,22266.4,22251.65,22252.05,14:25:00,22236.88539362622,1,63
2024-05-14,22240.7,22259.75,22237.35,22256.3,14:30:00,22237.248689471344,1,64
2024-05-14,22233.8,22242.7,22226.15,22241.0,14:35:00,22236.920242855027,1,65
2024-05-14,22236.9,22240.7,22229.55,22232.4,14:40:00,22236.91831496407,1,66
2024-05-14,22236.25,22239.75,22228.2,22236.25,14:45:00,22236.85466591988,1,67
2024-05-14,22246.05,22248.05,22234.1,22235.45,14:50:00,22237.73041202274,1,68
2024-05-14,22236.75,22248.55,22233.85,22246.2,14:55:00,22237.637039449142,1,69
2024-05-14,22200.5,22238.1,22195.4,22235.8,15:00:00,22234.100178549223,1,70
2024-05-14,22222.45,22223.8,22198.45,22203.55,15:05:00,22232.990637735016,1,71
2024-05-14,22222.05,22228.35,22218.7,22222.65,15:10:00,22231.948672236445,1,72
2024-05-14,22220.65,22226.95,22217.25,22221.1,15:15:00,22230.87260821393,1,73
2024-05-14,22215.55,22225.45,22215.3,22221.2,15:20:00,22229.413312193552,1,74
2024-05-14,22223.8,22226.6,22214.3,22216.65,15:25:00,22228.87871103226,1,75
2024-05-15,22265.35,22277.4,22242.75,22264.0,09:15:00,22234.65468182005,2,1
2024-05-15,22262.05,22265.95,22246.45,22264.05,09:20:00,22237.26375974196,2,2
2024-05-15,22275.9,22277.3,22252.6,22260.85,09:25:00,22240.94340167129,2,3
2024-05-15,22257.9,22276.45,22248.45,22276.45,09:30:00,22242.55831579784,2,4
2024-05-15,22257.85,22263.2,22250.85,22258.25,09:35:00,22244.01466667424,2,5
2024-05-15,22283.55,22285.8,22257.25,22257.45,09:40:00,22247.779936514784,2,6
2024-05-15,22288.25,22296.05,22281.8,22283.95,09:45:00,22251.63422827528,2,7
2024-05-15,22296.0,22296.0,22284.65,22288.75,09:50:00,22255.85953986812,2,8
2024-05-15,22249.4,22297.5,22244.25,22296.55,09:55:00,22255.24434559496,2,9
2024-05-15,22214.85,22252.95,22210.05,22249.8,10:00:00,22251.397265062107,2,10
2024-05-15,22187.2,22225.15,22170.8,22214.0,10:05:00,22245.28323981809,2,11
2024-05-15,22189.6,22198.35,22175.5,22187.45,10:10:00,22239.980074121133,2,12
2024-05-15,22199.95,22201.55,22163.6,22190.4,10:15:00,22236.167686109595,2,13
2024-05-15,22177.1,22202.2,22174.45,22200.35,10:20:00,22230.5421921944,2,14
2024-05-15,22168.85,22189.1,22165.15,22177.3,10:25:00,22224.666745318737,2,15
2024-05-15,22164.75,22172.35,22152.35,22170.55,10:30:00,22218.96038862172,2,16
2024-05-15,22159.95,22174.65,22159.3,22164.5,10:35:00,22213.340351610124,2,17
2024-05-15,22165.2,22167.35,22155.95,22160.6,10:40:00,22208.755556218686,2,18
2024-05-15,22170.05,22179.6,22158.65,22165.0,10:45:00,22205.06931276929,2,19
2024-05-15,22186.95,22187.3,22167.9,22169.9,10:50:00,22203.34366393412,2,20
2024-05-15,22193.3,22197.8,22183.25,22187.1,10:55:00,22202.38712451182,2,21
2024-05-15,22241.6,22254.9,22192.8,22193.45,11:00:00,22206.121684082125,2,22
2024-05-15,22227.45,22249.8,22226.2,22240.8,11:05:00,22208.152952264783,2,23
2024-05-15,22230.35,22234.55,22222.7,22227.8,11:10:00,22210.266956811,2,24
2024-05-15,22227.7,22239.25,22223.0,22230.45,11:15:00,22211.927246638523,2,25
2024-05-15,22229.45,22235.2,22223.95,22228.0,11:20:00,22213.596080291994,2,26
2024-05-15,22177.7,22229.9,22174.6,22228.2,11:25:00,22210.17740597848,2,27
2024-05-15,22178.95,22184.4,22164.5,22176.55,11:30:00,22207.203367313858,2,28
2024-05-15,22182.55,22191.05,22172.95,22178.8,11:35:00,22204.85542756968,2,29
2024-05-15,22184.45,22187.9,22173.25,22182.3,11:40:00,22202.912053515425,2,30
2024-05-15,22190.45,22191.65,22180.55,22184.35,11:45:00,22201.72519127586,2,31
2024-05-15,22184.45,22195.9,22182.3,22190.35,11:50:00,22200.07993496388,2,32
2024-05-15,22223.9,22228.75,22179.75,22184.15,11:55:00,22202.34851258636,2,33
2024-05-15,22206.4,22226.25,22205.4,22223.8,12:00:00,22202.73436853052,2,34
2024-05-15,22216.0,22217.95,22204.3,22209.8,12:05:00,22203.9977620038,2,35
2024-05-15,22204.05,22217.5,22202.4,22216.85,12:10:00,22204.00273705105,2,36
2024-05-15,22203.7,22213.0,22200.5,22203.85,12:15:00,22203.97390495096,2,37
2024-05-15,22194.3,22205.85,22175.55,22203.9,12:20:00,22203.052580669915,2,38
2024-05-15,22205.5,22208.2,22186.8,22194.3,12:25:00,22203.28566822516,2,39
2024-05-15,22206.65,22213.0,22201.05,22204.5,12:30:00,22203.60608077515,2,40
2024-05-15,22214.0,22214.75,22196.3,22206.95,12:35:00,22204.595977844183,2,41
2024-05-15,22204.5,22214.65,22203.0,22213.55,12:40:00,22204.58683709712,2,42
2024-05-15,22192.6,22206.15,22185.8,22204.15,12:45:00,22203.44523356406,2,43
2024-05-15,22202.95,22208.2,22187.75,22192.4,12:50:00,22203.39806846272,2,44
2024-05-15,22189.9,22205.05,22185.1,22203.05,12:55:00,22202.112538132937,2,45
2024-05-15,22199.6,22201.5,22190.4,22190.55,13:00:00,22201.873248786946,2,46
2024-05-15,22200.1,22217.3,22192.45,22199.45,13:05:00,22201.70436795009,2,47
2024-05-15,22191.9,22202.85,22187.35,22199.6,13:10:00,22200.77061862151,2,48
2024-05-15,22199.0,22202.0,22176.25,22191.2,13:15:00,22200.601988276605,2,49
2024-05-15,22206.5,22207.85,22195.1,22198.75,13:20:00,22201.163703678834,2,50
2024-05-15,22192.6,22206.85,22188.1,22206.4,13:25:00,22200.34811285228,2,51
2024-05-15,22191.2,22193.65,22164.3,22193.0,13:30:00,22199.476864009204,2,52
2024-05-15,22182.55,22192.6,22179.25,22191.95,13:35:00,22197.864781722616,2,53
2024-05-15,22189.7,22190.8,22173.9,22182.55,13:40:00,22197.08718346332,2,54
2024-05-15,22182.15,22190.3,22168.45,22190.3,13:45:00,22195.664594562048,2,55
2024-05-15,22186.85,22190.0,22171.4,22181.9,13:50:00,22194.82510936566,2,56
2024-05-15,22188.75,22197.05,22183.1,22186.65,13:55:00,22194.246527521314,2,57
2024-05-15,22190.65,22199.7,22185.5,22189.0,14:00:00,22193.90400109072,2,58
2024-05-15,22196.35,22205.3,22187.35,22189.7,14:05:00,22194.13695336779,2,59
2024-05-15,22211.45,22225.8,22193.15,22195.85,14:10:00,22195.785814951807,2,60
2024-05-15,22196.35,22215.45,22194.15,22210.4,14:15:00,22195.83954686116,2,61
2024-05-15,22190.25,22202.2,22186.9,22195.7,14:20:00,22195.307209064857,2,62
2024-05-15,22190.65,22195.85,22182.15,22190.5,14:25:00,22194.8636653444,2,63
2024-05-15,22199.4,22202.6,22184.55,22192.95,14:30:00,22195.29569721636,2,64
2024-05-15,22211.95,22217.95,22198.3,22199.75,14:35:00,22196.881821291,2,65
2024-05-15,22202.45,22216.45,22200.3,22210.3,14:40:00,22197.412124025184,2,66
2024-05-15,22220.85,22227.95,22201.05,22201.85,14:45:00,22199.64430268945,2,67
2024-05-15,22222.95,22224.45,22210.35,22220.5,14:50:00,22201.863892909503,2,68
2024-05-15,22224.35,22226.15,22215.25,22222.6,14:55:00,22204.00542691812,2,69
2024-05-15,22189.5,22233.55,22187.05,22221.95,15:00:00,22202.62395768782,2,70
2024-05-15,22206.0,22206.0,22183.45,22188.95,15:05:00,22202.945485527074,2,71
2024-05-15,22205.05,22211.95,22196.6,22205.95,15:10:00,22203.14591547688,2,72
2024-05-15,22193.8,22205.4,22188.9,22203.45,15:15:00,22202.25582828861,2,73
2024-05-15,22199.45,22201.3,22191.05,22193.5,15:20:00,22201.988606546834,2,74
2024-05-15,22210.4,22214.95,22199.35,22199.9,15:25:00,22202.78969163761,2,75
2024-05-16,22292.6,22313.4,22283.45,22306.45,09:15:00,22221.373874560497,3,1
2024-05-16,22317.75,22329.6,22292.7,22292.7,09:20:00,22230.552553173784,3,2
2024-05-16,22313.15,22323.75,22302.35,22317.9,09:25:00,22238.41897668104,3,3
2024-05-16,22261.35,22316.65,22256.7,22310.95,09:30:00,22240.6028836638,3,4
2024-05-16,22260.35,22272.0,22248.05,22262.6,09:35:00,22242.483561410103,3,5
2024-05-16,22239.35,22267.95,22236.35,22259.7,09:40:00,22242.18512699009,3,6
2024-05-16,22248.8,22261.85,22237.9,22239.2,09:45:00,22242.8151148958,3,7
2024-05-16,22250.45,22253.95,22227.35,22248.45,09:50:00,22243.542246810488,3,8
2024-05-16,22241.55,22265.75,22236.35,22248.75,09:55:00,22243.35250901901,3,9
2024-05-16,22222.45,22245.6,22221.8,22239.5,10:00:00,22241.361793874345,3,10
2024-05-16,22248.2,22252.95,22217.15,22221.55,10:05:00,22242.0130516006,3,11
2024-05-16,22244.45,22260.25,22242.45,22249.45,10:10:00,22242.245141924348,3,12
2024-05-16,22229.9,22250.75,22229.35,22244.7,10:15:00,22241.06941412203,3,13
2024-05-16,22178.4,22235.0,22165.75,22229.55,10:20:00,22235.10089849136,3,14
2024-05-16,22186.1,22195.05,22173.55,22177.75,10:25:00,22230.43414625409,3,15
2024-05-16,22199.65,22208.35,22182.75,22186.9,10:30:00,22227.50232280132,3,16
2024-05-16,22184.9,22200.0,22183.15,22196.1,10:35:00,22223.444958725,3,17
2024-05-16,22215.25,22217.9,22183.05,22185.75,10:40:00,22222.66448646548,3,18
2024-05-16,22134.05,22215.1,22134.05,22213.5,10:45:00,22214.225011564,3,19
2024-05-16,22165.05,22165.35,22133.4,22135.1,10:50:00,22209.54167712933,3,20
2024-05-16,22163.15,22171.85,22152.75,22164.1,10:55:00,22205.12342216464,3,21
2024-05-16,22184.55,22185.4,22158.05,22163.8,11:00:00,22203.16404862515,3,22
2024-05-16,22140.75,22185.6,22140.2,22185.45,11:05:00,22197.219853517992,3,23
2024-05-16,22147.1,22153.05,22128.5,22140.9,11:10:00,22192.446534135328,3,24
2024-05-16,22111.65,22147.45,22107.05,22146.75,11:15:00,22184.75162612244,3,25
2024-05-16,22144.85,22144.85,22106.6,22112.25,11:20:00,22180.95147125364,3,26
2024-05-16,22139.7,22153.4,22135.4,22145.2,11:25:00,22177.02275970567,3,27
2024-05-16,22145.75,22150.45,22130.55,22139.75,11:30:00,22174.044401638464,3,28
2024-05-16,22158.7,22164.9,22129.8,22145.5,11:35:00,22172.583030053847,3,29
2024-05-16,22182.4,22182.4,22144.5,22159.05,11:40:00,22173.517979572527,3,30
2024-05-16,22164.3,22182.7,22152.3,22182.4,11:45:00,22172.6400767561,3,31
2024-05-16,22157.45,22171.65,22149.55,22164.4,11:50:00,22171.19340277933,3,32
2024-05-16,22164.95,22169.15,22151.75,22157.9,11:55:00,22170.598792990822,3,33
2024-05-16,22160.05,22181.0,22155.35,22167.3,12:00:00,22169.594146039315,3,34
2024-05-16,22229.25,22239.3,22156.5,22160.0,12:05:00,22175.27565594033,3,35
2024-05-16,22289.5,22290.35,22228.3,22230.0,12:10:00,22186.154164898395,3,36
2024-05-16,22265.45,22303.55,22262.2,22291.15,12:15:00,22193.706149193786,3,37
2024-05-16,22261.35,22270.5,22253.55,22265.75,12:20:00,22200.148420699137,3,38
2024-05-16,22180.2,22263.45,22175.0,22261.55,12:25:00,22198.248571108747,3,39
2024-05-16,22163.35,22188.2,22143.1,22177.5,12:30:00,22194.92489766981,3,40
2024-05-16,22176.9,22177.15,22159.7,22163.45,12:35:00,22193.20824074888,3,41
2024-05-16,22174.85,22183.85,22168.8,22176.9,12:40:00,22191.45983686804,3,42
2024-05-16,22170.7,22186.85,22164.7,22174.55,12:45:00,22189.482709547272,3,43
2024-05-16,22168.8,22182.45,22159.95,22170.95,12:50:00,22187.512927685628,3,44
2024-05-16,22141.15,22176.6,22130.45,22168.4,12:55:00,22183.09741076319,3,45
2024-05-16,22122.55,22151.85,22121.1,22141.45,13:00:00,22177.330990690505,3,46
2024-05-16,22129.1,22138.85,22105.05,22121.65,13:05:00,22172.737563005696,3,47
2024-05-16,22128.15,22138.75,22123.2,22129.5,13:10:00,22168.491128433725,3,48
2024-05-16,22093.4,22128.65,22076.45,22128.55,13:15:00,22161.33959239241,3,49
2024-05-16,22079.7,22100.05,22072.3,22092.65,13:20:00,22153.564393116947,3,50
2024-05-16,22075.05,22103.0,22073.2,22079.6,13:25:00,22146.08683186772,3,51
2024-05-16,22060.35,22084.5,22059.8,22073.8,13:30:00,22137.92141930889,3,52
2024-05-16,22072.25,22087.6,22059.0,22059.5,13:35:00,22131.666998422326,3,53
2024-05-16,22070.2,22095.2,22065.25,22072.25,13:40:00,22125.812998572583,3,54
2024-05-16,22072.25,22079.35,22054.9,22072.25,13:45:00,22120.71176061329,3,55
2024-05-16,22084.7,22106.95,22072.35,22072.8,13:50:00,22117.282069126308,3,56
2024-05-16,22112.35,22121.8,22081.55,22084.8,13:55:00,22116.81234825713,3,57
2024-05-16,22112.05,22137.2,22103.1,22112.35,14:00:00,22116.35879128027,3,58
2024-05-16,22077.8,22115.6,22062.6,22110.65,14:05:00,22112.68652544405,3,59
2024-05-16,22065.5,22081.5,22062.9,22078.75,14:10:00,22108.19257063985,3,60
2024-05-16,22097.2,22117.45,22060.45,22065.1,14:15:00,22107.145659150345,3,61
2024-05-16,22131.05,22136.85,22089.95,22098.0,14:20:00,22109.42226304079,3,62
2024-05-16,22126.2,22141.45,22117.4,22131.3,14:25:00,22111.02014275119,3,63
2024-05-16,22172.25,22186.2,22127.15,22127.8,14:30:00,22116.851557727263,3,64
2024-05-16,22197.95,22204.0,22152.15,22171.1,14:35:00,22124.57521889609,3,65
2024-05-16,22244.05,22245.5,22191.75,22196.1,14:40:00,22135.95376947742,3,66
2024-05-16,22261.25,22270.4,22240.2,22243.4,14:45:00,22147.886743812905,3,67
2024-05-16,22325.05,22326.25,22259.55,22261.0,14:50:00,22164.759434878342,3,68
2024-05-16,22360.65,22360.65,22297.3,22325.65,14:55:00,22183.415679175643,3,69
2024-05-16,22390.75,22400.2,22361.25,22361.25,15:00:00,22203.16180496844,3,70
2024-05-16,22392.9,22407.8,22381.2,22391.45,15:05:00,22221.23210925716,3,71
2024-05-16,22403.25,22406.85,22387.25,22392.75,15:10:00,22238.567146470763,3,72
2024-05-16,22417.5,22430.8,22398.5,22403.45,15:15:00,22255.608370616406,3,73
2024-05-16,22422.95,22427.25,22410.85,22418.05,15:20:00,22271.54566865294,3,74
2024-05-16,22392.35,22424.05,22388.8,22422.55,15:25:00,22283.050843066943,3,75
2024-05-17,22395.75,22426.25,22370.4,22424.55,09:15:00,22305.17540668292,4,1
2024-05-17,22363.75,22397.2,22358.8,22393.25,09:20:00,22310.753939379785,4,2
2024-05-17,22376.65,22381.7,22354.35,22365.0,09:25:00,22317.02975467695,4,3
2024-05-17,22374.25,22400.35,22352.75,22376.3,09:30:00,22322.479301850573,4,4
2024-05-17,22359.1,22379.75,22358.45,22375.0,09:35:00,22325.966987388616,4,5
2024-05-17,22359.25,22368.4,22346.1,22359.15,09:40:00,22329.13679811351,4,6
2024-05-17,22357.0,22372.75,22352.95,22358.9,09:45:00,22331.79043638841,4,7
2024-05-17,22386.2,22389.3,22351.65,22356.95,09:50:00,22336.97229958952,4,8
2024-05-17,22407.05,22420.2,22379.25,22386.5,09:55:00,22343.64636629528,4,9
2024-05-17,22407.8,22411.85,22397.1,22407.2,10:00:00,22349.75623617192,4,10
2024-05-17,22407.95,22417.9,22370.1,22407.45,10:05:00,22355.29849939364,4,11
2024-05-17,22391.8,22409.9,22388.6,22407.75,10:10:00,22358.77483278472,4,12
2024-05-17,22402.1,22404.2,22382.75,22390.85,10:15:00,22362.90103918617,4,13
2024-05-17,22410.6,22415.1,22390.45,22401.4,10:20:00,22367.44379735892,4,14
2024-05-17,22429.6,22438.65,22409.2,22410.4,10:25:00,22373.363435705687,4,15
2024-05-17,22443.9,22450.15,22425.0,22429.15,10:30:00,22380.08120373372,4,16
2024-05-17,22447.1,22470.65,22439.1,22443.25,10:35:00,22386.463946235268,4,17
2024-05-17,22458.0,22460.05,22441.85,22447.15,10:40:00,22393.27690373667,4,18
2024-05-17,22430.15,22464.1,22425.35,22457.95,10:45:00,22396.788627190323,4,19
2024-05-17,22447.15,22453.65,22432.05,22432.05,10:50:00,22401.58494841029,4,20
2024-05-17,22458.75,22464.65,22444.8,22447.8,10:55:00,22407.02923903788,4,21
2024-05-17,22464.45,22469.4,22450.3,22457.9,11:00:00,22412.497882939035,4,22
2024-05-17,22459.3,22468.35,22455.45,22465.1,11:05:00,22416.95522742104,4,23
2024-05-17,22469.3,22473.5,22451.65,22459.65,11:10:00,22421.94044385713,4,24
2024-05-17,22472.35,22479.05,22466.2,22469.2,11:15:00,22426.74135396597,4,25
2024-05-17,22469.2,22473.9,22459.4,22472.6,11:20:00,22430.785034540644,4,26
2024-05-17,22459.2,22471.9,22441.5,22469.15,11:25:00,22433.49122172725,4,27
2024-05-17,22463.4,22466.0,22454.85,22459.3,11:30:00,22436.33967680085,4,28
2024-05-17,22467.45,22470.75,22462.05,22463.15,11:35:00,22439.30256472457,4,29
2024-05-17,22483.5,22484.6,22466.8,22467.5,11:40:00,22443.511844274613,4,30
2024-05-17,22486.15,22486.8,22475.8,22484.1,11:45:00,22447.572621010364,4,31
2024-05-17,22486.4,22490.7,22481.15,22486.15,11:50:00,22451.270466628423,4,32
2024-05-17,22480.85,22488.85,22474.05,22485.6,11:55:00,22454.087565044763,4,33
2024-05-17,22473.15,22482.1,22467.25,22480.75,12:00:00,22455.9030350405,4,34
2024-05-17,22473.2,22474.15,22464.8,22474.15,12:05:00,22457.550365036645,4,35
2024-05-17,22458.1,22479.45,22453.7,22474.55,12:10:00,22457.60271122363,4,36
2024-05-17,22470.0,22472.45,22456.75,22458.55,12:15:00,22458.78340539281,4,37
2024-05-17,22478.85,22481.65,22469.7,22470.1,12:20:00,22460.69450964111,4,38
2024-05-17,22477.4,22485.2,22476.65,22478.7,12:25:00,22462.28550872291,4,39
2024-05-17,22479.95,22484.65,22471.35,22477.45,12:30:00,22463.96784122549,4,40
2024-05-17,22480.2,22482.9,22475.95,22480.2,12:35:00,22465.513761108778,4,41
2024-05-17,22474.35,22486.45,22472.9,22480.85,12:40:00,22466.355307669848,4,42
2024-05-17,22472.05,22477.55,22467.05,22474.2,12:45:00,22466.89765932034,4,43
2024-05-17,22470.05,22474.9,22466.3,22472.6,12:50:00,22467.197882242213,4,44
2024-05-17,22464.2,22471.0,22450.85,22470.05,12:55:00,22466.91236964772,4,45
2024-05-17,22453.1,22466.1,22441.45,22463.3,13:00:00,22465.596905871746,4,46
2024-05-17,22461.3,22469.95,22449.65,22452.8,13:05:00,22465.187676741105,4,47
2024-05-17,22474.6,22479.0,22460.85,22460.85,13:10:00,22466.08408848005,4,48
2024-05-17,22476.25,22483.7,22467.85,22474.0,13:15:00,22467.05227052957,4,49
2024-05-17,22481.45,22482.4,22474.1,22476.7,13:20:00,22468.42348286008,4,50
2024-05-17,22483.6,22487.1,22479.1,22481.9,13:25:00,22469.868865444834,4,51
2024-05-17,22500.2,22501.25,22455.8,22484.75,13:30:00,22472.75754492628,4,52
2024-05-17,22475.45,22500.35,22470.4,22500.35,13:35:00,22473.013969219017,4,53
2024-05-17,22475.3,22481.0,22472.7,22476.1,13:40:00,22473.23168643625,4,54
2024-05-17,22483.4,22487.9,22474.6,22475.15,13:45:00,22474.20009725185,4,55
2024-05-17,22477.65,22485.45,22469.7,22483.95,13:50:00,22474.52865941834,4,56
2024-05-17,22472.8,22481.75,22472.3,22477.65,13:55:00,22474.364025188024,4,57
2024-05-17,22486.35,22492.15,22472.65,22473.2,14:00:00,22475.505546598688,4,58
2024-05-17,22488.55,22493.3,22481.65,22486.55,14:05:00,22476.74787549405,4,59
2024-05-17,22482.1,22491.15,22482.05,22488.55,14:10:00,22477.25760163748,4,60
2024-05-17,22469.15,22488.45,22466.1,22483.1,14:15:00,22476.48544910057,4,61
2024-05-17,22477.55,22481.0,22468.05,22468.8,14:20:00,22476.58683490052,4,62
2024-05-17,22469.65,22482.45,22466.4,22477.5,14:25:00,22475.92618395761,4,63
2024-05-17,22478.2,22481.7,22466.8,22470.9,14:30:00,22476.14273786641,4,64
2024-05-17,22486.25,22490.2,22475.85,22478.7,14:35:00,22477.105334260083,4,65
2024-05-17,22477.4,22491.55,22475.95,22486.4,14:40:00,22477.133397663885,4,66
2024-05-17,22478.15,22480.4,22466.4,22477.3,14:45:00,22477.230216934,4,67
2024-05-17,22473.15,22480.65,22467.8,22478.3,14:50:00,22476.84162484504,4,68
2024-05-17,22463.4,22473.8,22460.15,22473.25,14:55:00,22475.56147009789,4,69
2024-05-17,22458.45,22466.2,22443.5,22464.7,15:00:00,22473.931806279044,4,70
2024-05-17,22461.1,22462.35,22444.45,22456.7,15:05:00,22472.70972949056,4,71
2024-05-17,22474.4,22474.8,22454.6,22461.05,15:10:00,22472.87070763432,4,72
2024-05-17,22474.1,22485.75,22467.0,22473.4,15:15:00,22472.98778309772,4,73
2024-05-17,22471.55,22476.7,22462.3,22474.0,15:20:00,22472.850851374125,4,74
2024-05-17,22465.55,22482.4,22461.0,22472.15,15:25:00,22472.15553219564,4,75
2024-05-21,22474.75,22495.75,22440.9,22448.6,09:15:00,22489.21066474188,1,1
2024-05-21,22487.35,22508.85,22469.35,22474.95,09:20:00,22489.033458575985,1,2
2024-05-21,22470.05,22487.45,22462.15,22486.25,09:25:00,22487.22551014017,1,3
2024-05-21,22473.15,22484.3,22465.85,22469.4,09:30:00,22485.88498536492,1,4
2024-05-21,22479.95,22480.2,22454.55,22472.05,09:35:00,22485.3197486635,1,5
2024-05-21,22473.5,22482.95,22464.4,22479.0,09:40:00,22484.194058314595,1,6
2024-05-21,22470.4,22483.2,22467.7,22472.3,09:45:00,22482.880338475108,1,7
2024-05-21,22456.1,22473.15,22455.1,22469.45,09:50:00,22480.329830048908,1,8
2024-05-21,22461.6,22465.75,22449.0,22454.35,09:55:00,22478.54603671092,1,9
2024-05-21,22474.05,22477.2,22457.4,22461.45,10:00:00,22478.11784273845,1,10
2024-05-21,22468.2,22485.75,22468.2,22473.15,10:05:00,22477.17328628717,1,11
2024-05-21,22465.7,22480.05,22465.55,22467.8,10:10:00,22476.08059235505,1,12
2024-05-21,22465.7,22471.2,22460.45,22465.75,10:15:00,22475.09196451172,1,13
2024-05-21,22479.25,22480.15,22464.6,22464.7,10:20:00,22475.48796789156,1,14
2024-05-21,22479.5,22482.75,22472.65,22478.25,10:25:00,22475.8700661876,1,15
2024-05-21,22466.3,22480.45,22464.5,22478.6,10:30:00,22474.958631312584,1,16
2024-05-21,22468.2,22469.55,22461.25,22465.85,10:35:00,22474.31495213996,1,17
2024-05-21,22458.05,22470.65,22457.8,22467.75,10:40:00,22472.765909079008,1,18
2024-05-21,22475.05,22476.15,22454.1,22457.65,10:45:00,22472.98344154768,1,19
2024-05-21,22472.05,22476.75,22468.9,22474.55,10:50:00,22472.894542352657,1,20
2024-05-21,22477.95,22482.75,22470.4,22470.4,10:55:00,22473.376014509548,1,21
2024-05-21,22497.6,22500.6,22476.8,22478.05,11:00:00,22475.68306074673,1,22
2024-05-21,22501.85,22507.75,22496.95,22496.95,11:05:00,22478.175150199422,1,23
2024-05-21,22503.85,22507.15,22497.9,22501.35,11:10:00,22480.62037398996,1,24
2024-05-21,22503.75,22512.2,22503.5,22503.8,11:15:00,22482.823195514724,1,25
2024-05-21,22504.55,22504.65,22499.45,22503.45,11:20:00,22484.89241498951,1,26
2024-05-21,22512.05,22515.1,22504.1,22504.85,11:25:00,22487.47885165717,1,27
2024-05-21,22501.65,22515.45,22501.6,22512.15,11:30:00,22488.828484832684,1,28
2024-05-21,22506.85,22508.05,22498.35,22502.85,11:35:00,22490.544819610524,1,29
2024-05-21,22515.9,22522.15,22505.55,22507.2,11:40:00,22492.95959869524,1,30
2024-05-21,22519.05,22521.0,22513.5,22516.2,11:45:00,22495.44439881949,1,31
2024-05-21,22522.95,22526.35,22515.75,22519.5,11:50:00,22498.063979884308,1,32
2024-05-21,22537.6,22543.6,22521.45,22522.8,11:55:00,22501.829315133426,1,33
2024-05-21,22534.45,22547.05,22530.35,22537.9,12:00:00,22504.93604702548,1,34
2024-05-21,22537.0,22537.6,22528.2,22534.15,12:05:00,22507.989756832576,1,35
2024-05-21,22546.3,22547.6,22535.7,22537.65,12:10:00,22511.638351419948,1,36
2024-05-21,22544.7,22549.7,22541.1,22546.45,12:15:00,22514.78707985614,1,37
2024-05-21,22542.45,22545.8,22533.95,22545.25,12:20:00,22517.42164367937,1,38
2024-05-21,22530.9,22543.05,22524.75,22541.5,12:25:00,22518.705296662287,1,39
2024-05-21,22542.7,22544.9,22530.85,22530.85,12:30:00,22520.99050650397,1,40
2024-05-21,22549.05,22551.5,22542.95,22543.1,12:35:00,22523.662839217883,1,41
2024-05-21,22553.55,22556.6,22544.3,22548.95,12:40:00,22526.50923548285,1,42
2024-05-21,22557.9,22561.9,22550.75,22553.45,12:45:00,22529.498832103527,1,43
2024-05-21,22567.6,22569.25,22557.2,22558.0,12:50:00,22533.127514760334,1,44
2024-05-21,22582.15,22583.55,22568.55,22568.55,12:55:00,22537.7963228784,1,45
2024-05-21,22573.55,22590.75,22571.45,22582.1,13:00:00,22541.20143498521,1,46
2024-05-21,22571.8,22577.7,22568.6,22574.45,13:05:00,22544.115584034247,1,47
2024-05-21,22573.75,22576.3,22564.05,22572.05,13:10:00,22546.93790936432,1,48
2024-05-21,22573.35,22578.5,22570.8,22573.05,13:15:00,22549.45334656772,1,49
2024-05-21,22547.5,22574.6,22543.3,22574.15,13:20:00,22549.26731356127,1,50
2024-05-21,22554.1,22557.65,22541.85,22547.0,13:25:00,22549.72756941258,1,51
2024-05-21,22563.15,22569.15,22553.6,22553.6,13:30:00,22551.00589613519,1,52
2024-05-21,22549.55,22565.2,22547.9,22562.4,13:35:00,22550.86723936041,1,53
2024-05-21,22542.2,22550.65,22532.2,22549.5,13:40:00,22550.041787992755,1,54
2024-05-21,22549.5,22552.9,22539.55,22542.2,13:45:00,22549.9901891363,1,55
2024-05-21,22554.05,22555.9,22542.85,22548.95,13:50:00,22550.376837789987,1,56
2024-05-21,22542.95,22554.35,22541.05,22553.9,13:55:00,22549.669519905223,1,57
2024-05-21,22556.8,22560.9,22541.65,22543.85,14:00:00,22550.348613247585,1,58
2024-05-21,22549.85,22561.4,22548.05,22556.1,14:05:00,22550.301126271625,1,59
2024-05-21,22535.5,22551.95,22531.75,22550.5,14:10:00,22548.89149519813,1,60
2024-05-21,22536.3,22543.55,22533.3,22535.65,14:15:00,22547.692305179266,1,61
2024-05-21,22541.55,22541.85,22525.75,22535.65,14:20:00,22547.10732373362,1,62
2024-05-21,22541.1,22546.95,22535.05,22541.0,14:25:00,22546.53519766375,1,63
2024-05-21,22540.85,22549.6,22538.6,22540.25,14:30:00,22545.993750267204,1,64
2024-05-21,22547.5,22550.0,22536.5,22541.65,14:35:00,22546.13720262271,1,65
2024-05-21,22547.1,22551.45,22540.8,22547.3,14:40:00,22546.22889761102,1,66
2024-05-21,22542.7,22551.85,22540.0,22546.5,14:45:00,22545.892812124257,1,67
2024-05-21,22530.4,22548.25,22526.4,22542.95,14:50:00,22544.417306207662,1,68
2024-05-21,22516.25,22533.4,22514.3,22530.75,14:55:00,22541.73470561645,1,69
2024-05-21,22548.95,22551.0,22506.15,22516.05,15:00:00,22542.42187651013,1,70
2024-05-21,22536.6,22550.65,22533.75,22548.7,15:05:00,22541.86741208059,1,71
2024-05-21,22525.35,22541.75,22525.35,22538.65,15:10:00,22540.29432521577,1,72
2024-05-21,22527.65,22530.15,22523.8,22526.15,15:15:00,22539.09010376665,1,73
2024-05-21,22527.0,22528.15,22516.85,22527.65,15:20:00,22537.93866531269,1,74
2024-05-21,22507.55,22528.0,22498.25,22527.1,15:25:00,22535.04450671148,1,75
2024-05-22,22541.15,22574.25,22535.5,22570.65,09:15:00,22539.2067277162,2,1
2024-05-22,22556.6,22556.85,22530.15,22540.95,09:20:00,22540.86322983847,2,2
2024-05-22,22557.7,22561.7,22538.55,22554.9,09:25:00,22542.466731758614,2,3
2024-05-22,22568.95,22573.95,22557.65,22557.65,09:30:00,22544.988947781603,2,4
2024-05-22,22559.05,22572.3,22552.05,22567.55,09:35:00,22546.328095611927,2,5
2024-05-22,22506.35,22564.95,22497.15,22560.0,09:40:00,22542.5206579346,2,6
2024-05-22,22506.15,22507.65,22483.45,22506.1,09:45:00,22539.05678575036,2,7
2024-05-22,22520.0,22522.45,22486.4,22505.4,09:50:00,22537.24185377413,2,8
2024-05-22,22554.3,22562.45,22519.6,22520.2,09:55:00,22538.86643912897,2,9
2024-05-22,22557.05,22559.8,22547.6,22554.6,10:00:00,22540.59820683098,2,10
2024-05-22,22537.7,22558.4,22519.3,22557.05,10:05:00,22540.32218713279,2,11
2024-05-22,22558.4,22566.6,22537.45,22537.45,10:10:00,22542.043883596336,2,12
2024-05-22,22554.15,22563.25,22548.0,22558.6,10:15:00,22543.19684706335,2,13
2024-05-22,22542.8,22554.5,22536.15,22554.25,10:20:00,22543.159052104937,2,14
2024-05-22,22544.5,22558.35,22542.15,22542.85,10:25:00,22543.28676142828,2,15
2024-05-22,22557.15,22561.2,22542.2,22545.3,10:30:00,22544.60706986368,2,16
2024-05-22,22543.15,22560.1,22540.55,22557.6,10:35:00,22544.46830130523,2,17
2024-05-22,22546.4,22550.1,22535.05,22543.6,10:40:00,22544.65227260949,2,18
2024-05-22,22549.45,22553.15,22541.85,22545.95,10:45:00,22545.10919902764,2,19
2024-05-22,22571.0,22575.55,22548.95,22549.4,10:50:00,22547.57498959644,2,20
2024-05-22,22555.75,22572.65,22554.15,22570.65,10:55:00,22548.35356201582,2,21
2024-05-22,22534.75,22559.4,22530.05,22556.25,11:00:00,22547.05798468098,2,22
2024-05-22,22544.25,22547.0,22527.45,22532.65,11:05:00,22546.790557568507,2,23
2024-05-22,22546.3,22556.2,22543.45,22544.55,11:10:00,22546.74383780008,2,24
2024-05-22,22539.6,22546.85,22532.2,22546.5,11:15:00,22546.06347229531,2,25
2024-05-22,22537.8,22546.85,22536.8,22539.45,11:20:00,22545.276474933853,2,26
2024-05-22,22551.2,22551.3,22534.55,22537.6,11:25:00,22545.84062017825,2,27
2024-05-22,22548.35,22556.6,22545.9,22551.4,11:30:00,22546.079608732703,2,28
2024-05-22,22534.3,22551.75,22533.2,22547.85,11:35:00,22544.95774123435,2,29
2024-05-22,22539.15,22540.2,22530.4,22533.6,11:40:00,22544.40462302156,2,30
2024-05-22,22553.9,22554.0,22536.15,22538.7,11:45:00,22545.30894463855,2,31
2024-05-22,22562.8,22565.15,22550.75,22553.45,11:50:00,22546.97475943488,2,32
2024-05-22,22552.75,22563.45,22549.4,22562.5,11:55:00,22547.52478234584,2,33
2024-05-22,22563.7,22565.2,22551.95,22552.3,12:00:00,22549.065279265287,2,34
2024-05-22,22558.9,22568.2,22556.7,22563.05,12:05:00,22550.00191933526,2,35
2024-05-22,22564.25,22566.4,22557.15,22558.0,12:10:00,22551.35887939857,2,36
2024-05-22,22581.85,22586.05,22563.75,22564.2,12:15:00,22554.26279564633,2,37
2024-05-22,22568.1,22582.8,22567.85,22581.75,12:20:00,22555.58062463239,2,38
2024-05-22,22566.8,22568.45,22552.5,22567.85,12:25:00,22556.649136572163,2,39
2024-05-22,22573.7,22575.05,22564.1,22566.55,12:30:00,22558.2730283272,2,40
2024-05-22,22559.05,22573.95,22553.25,22572.45,12:35:00,22558.34702562937,2,41
2024-05-22,22561.15,22567.25,22555.55,22557.7,12:40:00,22558.61397556943,2,42
2024-05-22,22567.6,22568.45,22551.3,22559.3,12:45:00,22559.469787419963,2,43
2024-05-22,22557.75,22567.35,22555.75,22566.2,12:50:00,22559.30599814187,2,44
2024-05-22,22560.2,22564.15,22549.55,22555.85,12:55:00,22559.391141175976,2,45
2024-05-22,22576.8,22577.25,22557.95,22560.1,13:00:00,22561.049127730646,2,46
2024-05-22,22559.7,22576.8,22556.7,22575.45,13:05:00,22560.920639375345,2,47
2024-05-22,22565.1,22565.1,22550.8,22558.95,13:10:00,22561.31867372055,2,48
2024-05-22,22565.35,22573.3,22559.05,22564.3,13:15:00,22561.702609556687,2,49
2024-05-22,22573.25,22577.35,22564.1,22564.4,13:20:00,22562.80236102748,2,50
2024-05-22,22571.45,22575.0,22564.65,22573.1,13:25:00,22563.62594569153,2,51
2024-05-22,22579.25,22585.85,22570.45,22570.95,13:30:00,22565.113950863768,2,52
2024-05-22,22567.55,22578.95,22562.7,22578.7,13:35:00,22565.34595554341,2,53
2024-05-22,22577.65,22581.75,22565.0,22566.95,13:40:00,22566.51776930118,2,54
2024-05-22,22578.3,22581.55,22572.4,22576.5,13:45:00,22567.63988651059,2,55
2024-05-22,22576.8,22580.95,22572.5,22576.9,13:50:00,22568.51227827149,2,56
2024-05-22,22582.7,22589.2,22574.95,22575.45,13:55:00,22569.86348986468,2,57
2024-05-22,22596.85,22607.85,22580.05,22581.6,14:00:00,22572.43363368709,2,58
2024-05-22,22564.45,22596.25,22563.85,22594.95,14:05:00,22571.673287621656,2,59
2024-05-22,22576.8,22577.6,22562.7,22563.95,14:10:00,22572.161545943403,2,60
2024-05-22,22586.0,22588.85,22570.85,22575.25,14:15:00,22573.479493948795,2,61
2024-05-22,22586.0,22587.45,22580.7,22586.1,14:20:00,22574.67192309653,2,62
2024-05-22,22573.2,22587.8,22571.65,22584.95,14:25:00,22574.53173994448,2,63
2024-05-22,22581.25,22587.5,22572.35,22573.0,14:30:00,22575.171574235475,2,64
2024-05-22,22585.65,22587.95,22578.2,22580.8,14:35:00,22576.169519546384,2,65
2024-05-22,22589.2,22593.0,22583.65,22585.4,14:40:00,22577.41051768482,2,66
2024-05-22,22586.4,22595.45,22582.75,22589.75,14:45:00,22578.26665885769,2,67
2024-05-22,22559.05,22590.1,22559.05,22586.25,14:50:00,22576.43650087125,2,68
2024-05-22,22552.35,22565.0,22536.55,22560.2,14:55:00,22574.14254840732,2,69
2024-05-22,22579.85,22590.25,22551.35,22551.35,15:00:00,22574.68611522567,2,70
2024-05-22,22609.5,22615.9,22579.4,22580.1,15:05:00,22578.001723299418,2,71
2024-05-22,22597.9,22614.55,22594.2,22609.05,15:10:00,22579.896797270903,2,72
2024-05-22,22614.0,22614.0,22594.6,22597.65,15:15:00,22583.14472134034,2,73
2024-05-22,22622.1,22624.05,22607.75,22612.8,15:20:00,22586.854747879355,2,74
2024-05-22,22620.5,22627.3,22613.6,22622.1,15:25:00,22590.05905760513,2,75
2024-05-23,22596.85,22614.65,22584.75,22602.95,09:15:00,22592.777369150685,3,1
2024-05-23,22601.7,22607.15,22583.05,22596.95,09:20:00,22593.62714351729,3,2
2024-05-23,22585.4,22609.15,22577.45,22600.8,09:25:00,22592.84360603945,3,3
2024-05-23,22619.6,22622.9,22578.85,22585.45,09:30:00,22595.39183403569,3,4
2024-05-23,22658.75,22659.45,22621.55,22621.55,09:35:00,22601.42594507991,3,5
2024-05-23,22680.3,22686.2,22654.55,22659.8,09:40:00,22608.937759834203,3,6
2024-05-23,22676.0,22688.85,22666.65,22679.6,09:45:00,22615.32463984999,3,7
2024-05-23,22672.9,22687.5,22663.5,22678.55,09:50:00,22620.808007483323,3,8
2024-05-23,22683.15,22684.7,22664.7,22672.7,09:55:00,22626.74534010396,3,9
2024-05-23,22664.35,22685.0,22657.8,22683.95,10:00:00,22630.326736284536,3,10
2024-05-23,22658.9,22678.9,22657.3,22664.95,10:05:00,22633.04799949553,3,11
2024-05-23,22674.5,22676.4,22657.4,22658.2,10:10:00,22636.99580906739,3,12
2024-05-23,22682.95,22684.1,22667.55,22674.0,10:15:00,22641.372398680018,3,13
2024-05-23,22707.6,22719.2,22679.8,22683.85,10:20:00,22647.679789281923,3,14
2024-05-23,22698.5,22711.95,22695.65,22707.7,10:25:00,22652.51980935032,3,15
2024-05-23,22693.4,22704.25,22687.65,22698.4,10:30:00,22656.41316084076,3,16
2024-05-23,22689.55,22696.15,22682.25,22692.9,10:35:00,22659.5690502845,3,17
2024-05-23,22660.45,22694.45,22642.45,22691.7,10:40:00,22659.652950257405,3,18
2024-05-23,22674.4,22680.8,22656.1,22660.75,10:45:00,22661.057431185272,3,19
2024-05-23,22697.9,22707.95,22671.15,22674.35,10:50:00,22664.566247262865,3,20
2024-05-23,22694.75,22704.95,22691.2,22699.3,10:55:00,22667.440890380687,3,21
2024-05-23,22712.35,22721.8,22691.55,22694.65,11:00:00,22671.71794843967,3,22
2024-05-23,22698.8,22713.7,22694.7,22713.65,11:05:00,22674.297191445414,3,23
2024-05-23,22696.8,22704.65,22693.6,22699.05,11:10:00,22676.44031606966,3,24
2024-05-23,22702.9,22708.35,22696.45,22696.75,11:15:00,22678.96028596779,3,25
2024-05-23,22701.9,22723.15,22701.5,22703.55,11:20:00,22681.145020637523,3,26
2024-05-23,22709.9,22711.15,22696.45,22702.0,11:25:00,22683.883590100613,3,27
2024-05-23,22715.3,22728.0,22709.8,22710.05,11:30:00,22686.87562913865,3,28
2024-05-23,22727.7,22732.35,22710.85,22715.0,11:35:00,22690.763664458776,3,29
2024-05-23,22722.7,22733.45,22720.55,22728.0,11:40:00,22693.805220224607,3,30
2024-05-23,22724.8,22727.5,22712.25,22722.45,11:45:00,22696.75710401274,3,31
2024-05-23,22728.7,22730.9,22722.45,22725.1,11:50:00,22699.79928458296,3,32
2024-05-23,22760.4,22768.1,22725.6,22728.95,11:55:00,22705.570781289345,3,33
2024-05-23,22751.7,22767.05,22751.05,22760.5,12:00:00,22709.964040214167,3,34
2024-05-23,22749.5,22755.45,22744.85,22751.35,12:05:00,22713.729369717577,3,35
2024-05-23,22758.85,22764.25,22749.1,22749.9,12:10:00,22718.02657260162,3,36
2024-05-23,22765.15,22769.15,22756.5,22758.0,12:15:00,22722.51451806813,3,37
2024-05-23,22771.25,22773.3,22763.4,22765.15,12:20:00,22727.15599253783,3,38
2024-05-23,22796.4,22796.4,22761.25,22772.05,12:25:00,22733.75065991518,3,39
2024-05-23,22797.25,22805.35,22784.45,22796.0,12:30:00,22739.798216113733,3,40
2024-05-23,22825.5,22837.3,22792.85,22798.95,12:35:00,22747.960290769566,3,41
2024-05-23,22830.7,22833.6,22821.55,22825.2,12:40:00,22755.840263077225,3,42
2024-05-23,22826.45,22841.45,22820.25,22830.5,12:45:00,22762.564999927014,3,43
2024-05-23,22824.6,22831.6,22813.6,22826.75,12:50:00,22768.47309517206,3,44
2024-05-23,22842.05,22845.25,22822.05,22825.4,12:55:00,22775.48041944139,3,45
2024-05-23,22827.25,22851.7,22822.7,22841.75,13:00:00,22780.410855685062,3,46
2024-05-23,22840.05,22848.45,22827.0,22827.7,13:05:00,22786.09077419125,3,47
2024-05-23,22830.35,22842.85,22823.7,22839.7,13:10:00,22790.305938553985,3,48
2024-05-23,22808.35,22834.15,22803.75,22830.45,13:15:00,22792.024420596463,3,49
2024-05-23,22810.2,22819.55,22795.85,22809.45,13:20:00,22793.755428158707,3,50
2024-05-23,22849.7,22860.1,22808.3,22808.45,13:25:00,22799.083482619782,3,51
2024-05-23,22832.3,22855.55,22827.55,22848.2,13:30:00,22802.24696046552,3,52
2024-05-23,22831.05,22837.75,22818.5,22831.55,13:35:00,22804.990107087848,3,53
2024-05-23,22833.55,22846.15,22828.45,22831.1,13:40:00,22807.710096889008,3,54
2024-05-23,22844.55,22846.25,22818.8,22834.7,13:45:00,22811.218659090056,3,55
2024-05-23,22862.15,22863.35,22841.05,22843.45,13:50:00,22816.06926298624,3,56
2024-05-23,22857.9,22869.35,22851.25,22863.6,13:55:00,22820.05314270184,3,57
2024-05-23,22876.15,22879.75,22854.2,22857.05,14:00:00,22825.39570053976,3,58
2024-05-23,22880.7,22887.0,22870.05,22874.6,14:05:00,22830.66277667883,3,59
2024-05-23,22914.9,22914.9,22878.15,22881.2,14:10:00,22838.68536937609,3,60
2024-05-23,22927.4,22939.7,22912.05,22913.2,14:15:00,22847.134381816457,3,61
2024-05-23,22939.6,22947.45,22919.4,22928.7,14:20:00,22855.940631167272,3,62
2024-05-23,22927.95,22959.4,22920.3,22940.75,14:25:00,22862.7986662942,3,63
2024-05-23,22909.8,22927.95,22891.85,22927.0,14:30:00,22867.27498378999,3,64
2024-05-23,22911.5,22921.55,22892.35,22909.65,14:35:00,22871.486890095704,3,65
2024-05-23,22928.25,22935.3,22910.35,22912.0,14:40:00,22876.89290056278,3,66
2024-05-23,22922.25,22940.0,22917.25,22928.95,14:45:00,22881.212624318705,3,67
2024-05-23,22925.45,22929.7,22898.75,22921.95,14:50:00,22885.425707716924,3,68
2024-05-23,22920.5,22926.3,22907.95,22925.85,14:55:00,22888.76611650579,3,69
2024-05-23,22956.3,22958.6,22917.5,22917.5,15:00:00,22895.19791493381,3,70
2024-05-23,22983.8,22984.0,22945.8,22957.55,15:05:00,22903.63620874964,3,71
2024-05-23,22978.65,22988.1,22972.1,22982.15,15:10:00,22910.78037934492,3,72
2024-05-23,22991.85,22993.4,22973.7,22978.55,15:15:00,22918.50129559778,3,73
2024-05-23,22970.3,22992.7,22967.75,22991.65,15:20:00,22923.43450554085,3,74
2024-05-23,22951.0,22971.4,22947.55,22970.4,15:25:00,22926.059790727435,3,75
2024-05-24,22959.25,22966.1,22908.25,22928.6,09:15:00,22929.62490805579,4,1
2024-05-24,22963.65,22982.8,22953.5,22960.35,09:20:00,22932.865393002856,4,2
2024-05-24,22986.05,22994.9,22961.65,22964.3,09:25:00,22937.930593669247,4,3
2024-05-24,22989.5,23003.75,22973.75,22985.5,09:30:00,22942.841965700747,4,4
2024-05-24,22946.2,22992.55,22936.95,22988.5,09:35:00,22943.16177849115,4,5
2024-05-24,22972.3,22972.3,22934.0,22945.65,09:40:00,22945.93684720628,4,6
2024-05-24,22967.5,22984.2,22962.25,22971.05,09:45:00,22947.99048080568,4,7
2024-05-24,22952.15,22967.55,22937.75,22967.55,09:50:00,22948.386625490857,4,8
2024-05-24,22945.6,22962.4,22940.05,22951.6,09:55:00,22948.121232586964,4,9
2024-05-24,22928.25,22948.1,22924.85,22944.85,10:00:00,22946.22873424535,4,10
2024-05-24,22924.4,22935.4,22917.9,22930.05,10:05:00,22944.149807174363,4,11
2024-05-24,22919.7,22938.5,22918.9,22925.35,10:10:00,22941.82125411014,4,12
2024-05-24,22931.75,22933.25,22916.8,22919.45,10:15:00,22940.86208705203,4,13
2024-05-24,22961.7,22965.3,22924.4,22932.15,10:20:00,22942.84665018993,4,14
2024-05-24,22935.45,22967.25,22929.1,22962.3,10:25:00,22942.142207314697,4,15
2024-05-24,22935.6,22939.8,22926.2,22935.5,10:30:00,22941.51913995139,4,16
2024-05-24,22936.3,22953.05,22929.35,22934.5,10:35:00,22941.02207900364,4,17
2024-05-24,22949.45,22951.85,22936.4,22936.8,10:40:00,22941.82473814615,4,18
2024-05-24,22947.9,22960.15,22945.5,22949.6,10:45:00,22942.403334513183,4,19
2024-05-24,22961.55,22965.15,22944.45,22948.25,10:50:00,22944.226826464303,4,20
2024-05-24,22977.3,22978.55,22960.25,22960.25,10:55:00,22947.37665251532,4,21
2024-05-24,22981.4,22983.5,22969.85,22977.75,11:00:00,22950.616971323387,4,22
2024-05-24,22970.3,22981.75,22969.05,22980.65,11:05:00,22952.491545483063,4,23
2024-05-24,22959.55,22984.2,22955.45,22970.1,11:10:00,22953.163779246577,4,24
2024-05-24,22976.5,22977.9,22958.85,22959.55,11:15:00,22955.386276461188,4,25
2024-05-24,22974.8,22981.65,22974.3,22976.4,11:20:00,22957.235202512504,4,26
2024-05-24,22975.25,22983.6,22974.6,22974.6,11:25:00,22958.95089751132,4,27
2024-05-24,22973.2,22981.9,22971.45,22975.85,11:30:00,22960.30795489119,4,28
2024-05-24,22967.55,22975.55,22959.65,22973.45,11:35:00,22960.99767347298,4,29
2024-05-24,22976.0,22977.7,22965.95,22968.1,11:40:00,22962.42646647556,4,30
2024-05-24,22966.6,22980.25,22963.0,22975.8,11:45:00,22962.823945858832,4,31
2024-05-24,22973.0,22975.75,22965.15,22967.1,11:50:00,22963.79309387228,4,32
2024-05-24,22972.8,22978.35,22969.3,22974.45,11:55:00,22964.65089445588,4,33
2024-05-24,22969.05,22978.15,22966.1,22973.3,12:00:00,22965.069856888647,4,34
2024-05-24,22970.35,22974.45,22966.55,22968.8,12:05:00,22965.57272766116,4,35
2024-05-24,22969.4,22973.4,22954.3,22970.15,12:10:00,22965.937229788666,4,36
2024-05-24,22965.8,22975.05,22961.6,22970.05,12:15:00,22965.924160284983,4,37
2024-05-24,22960.05,22967.8,22957.7,22965.65,12:20:00,22965.36471644832,4,38
2024-05-24,22968.2,22968.65,22957.5,22960.1,12:25:00,22965.634743453244,4,39
2024-05-24,22978.45,22982.3,22967.55,22967.95,12:30:00,22966.855244076745,4,40
2024-05-24,22984.0,22988.85,22975.8,22977.55,12:35:00,22968.4880779742,4,41
2024-05-24,22984.4,22988.15,22981.35,22984.75,12:40:00,22970.00349911952,4,42
2024-05-24,22979.5,22988.0,22977.45,22983.75,12:45:00,22970.9079277748,4,43
2024-05-24,22983.05,22987.05,22977.7,22980.15,12:50:00,22972.06431560577,4,44
2024-05-24,23002.55,23010.65,22981.9,22983.55,12:55:00,22974.967714119502,4,45
2024-05-24,23013.55,23016.8,23001.15,23001.65,13:00:00,22978.642217536697,4,46
2024-05-24,23014.95,23019.4,23005.75,23011.95,13:05:00,22982.10010158082,4,47
2024-05-24,22991.25,23016.6,22982.9,23014.8,13:10:00,22982.971520477884,4,48
2024-05-24,23000.55,23003.2,22984.9,22991.25,13:15:00,22984.64566138475,4,49
2024-05-24,23003.0,23008.25,22993.2,23000.75,13:20:00,22986.39369363382,4,50
2024-05-24,23013.4,23013.8,23002.65,23002.75,13:25:00,22988.96572281156,4,51
2024-05-24,23004.5,23016.35,23000.75,23013.55,13:30:00,22990.445177781883,4,52
2024-05-24,23008.35,23010.6,23004.25,23004.95,13:35:00,22992.150398945512,4,53
2024-05-24,23007.75,23011.6,23005.35,23008.7,13:40:00,22993.636075236416,4,54
2024-05-24,23011.2,23019.05,23003.05,23007.85,13:45:00,22995.30882997581,4,55
2024-05-24,22990.75,23012.75,22990.75,23010.95,13:50:00,22994.874655692394,4,56
2024-05-24,22999.6,23003.75,22986.6,22990.8,13:55:00,22995.3246884836,4,57
2024-05-24,23003.1,23008.0,22998.85,22999.45,14:00:00,22996.065194342304,4,58
2024-05-24,23003.8,23010.85,23000.2,23003.45,14:05:00,22996.80184250018,4,59
2024-05-24,23005.85,23007.3,22996.0,23002.95,14:10:00,22997.66357178588,4,60
2024-05-24,23016.45,23017.0,23003.55,23005.5,14:15:00,22999.45275542532,4,61
2024-05-24,23009.9,23025.15,23000.75,23016.1,14:20:00,23000.4477310991,4,62
2024-05-24,22984.2,23010.5,22982.9,23008.85,14:25:00,22998.90032813728,4,63
2024-05-24,22972.3,22991.55,22964.05,22985.2,14:30:00,22996.366963552777,4,64
2024-05-24,22984.3,22988.0,22969.75,22972.65,14:35:00,22995.217728928703,4,65
2024-05-24,22990.1,22995.85,22981.05,22985.1,14:40:00,22994.730326173587,4,66
2024-05-24,22966.05,22991.45,22960.45,22989.95,14:45:00,22991.998866538008,4,67
2024-05-24,22971.35,22976.2,22956.45,22966.95,14:50:00,22990.032307820104,4,68
2024-05-24,22972.95,22975.7,22959.15,22971.95,14:55:00,22988.405421361047,4,69
2024-05-24,22949.85,22973.5,22927.8,22973.5,15:00:00,22984.73347646952,4,70
2024-05-24,22981.6,22982.5,22939.25,22949.75,15:05:00,22984.435050139087,4,71
2024-05-24,22958.35,22991.5,22957.85,22981.3,15:10:00,22981.95075964965,4,72
2024-05-24,22960.5,22970.15,22949.6,22959.5,15:15:00,22979.90783015921,4,73
2024-05-24,22951.85,22963.35,22949.95,22960.65,15:20:00,22977.23565585833,4,74
2024-05-24,22952.0,22953.3,22943.25,22952.15,15:25:00,22974.832260062303,4,75
2024-05-27,23001.65,23042.2,23001.65,23034.65,09:15:00,22982.911215153043,0,1
2024-05-27,23004.65,23007.75,22974.6,23000.5,09:20:00,22984.98157561466,0,2
2024-05-27,22987.85,23013.05,22980.0,23005.0,09:25:00,22985.25475888945,0,3
2024-05-27,22967.05,22996.15,22965.55,22986.85,09:30:00,22983.52097232855,0,4
2024-05-27,23004.05,23005.45,22965.35,22966.6,09:35:00,22985.47611782107,0,5
2024-05-27,22997.55,23010.55,22995.3,23005.1,09:40:00,22986.62601136192,0,6
2024-05-27,22987.5,23001.55,22976.95,22996.95,09:45:00,22986.70924837507,0,7
2024-05-27,22962.0,22995.25,22962.0,22989.65,09:50:00,22984.35598662506,0,8
2024-05-27,22953.25,22969.1,22948.1,22961.35,09:55:00,22981.39351170839,0,9
2024-05-27,22946.45,22959.5,22932.55,22952.95,10:00:00,22978.06555821235,0,10
2024-05-27,22973.55,22977.4,22940.9,22945.8,10:05:00,22977.63550504927,0,11
2024-05-27,22950.9,22974.6,22950.25,22972.85,10:10:00,22975.08926647315,0,12
2024-05-27,22946.7,22957.75,22942.05,22950.35,10:15:00,22972.385526809045,0,13
2024-05-27,22974.9,22975.3,22941.8,22947.1,10:20:00,22972.62500044628,0,14
2024-05-27,22984.4,22987.8,22970.35,22975.15,10:25:00,22973.74642897521,0,15
2024-05-27,22990.1,22993.55,22979.45,22982.8,10:30:00,22975.303911929943,0,16
2024-05-27,22995.55,22996.85,22979.95,22990.05,10:35:00,22977.23211079376,0,17
2024-05-27,22998.45,23001.2,22991.0,22995.95,10:40:00,22979.25286214673,0,18
2024-05-27,22995.15,23002.45,22991.7,22998.75,10:45:00,22980.76687527561,0,19
2024-05-27,22996.4,22999.4,22985.75,22994.95,10:50:00,22982.255744296985,0,20
2024-05-27,23003.0,23005.5,22989.35,22995.8,10:55:00,22984.23138769728,0,21
2024-05-27,22989.9,23006.65,22988.05,23003.25,11:00:00,22984.771255535627,0,22
2024-05-27,22987.65,22994.05,22983.85,22989.9,11:05:00,22985.04542167509,0,23
2024-05-27,22988.8,22990.15,22979.6,22986.5,11:10:00,22985.40300056318,0,24
2024-05-27,22996.7,23000.15,22985.8,22988.9,11:15:00,22986.478905271448,0,25
2024-05-27,22992.8,23001.3,22989.8,22997.1,11:20:00,22987.080914293216,0,26
2024-05-27,23000.5,23001.6,22991.95,22993.15,11:25:00,22988.358922455765,0,27
2024-05-27,22998.6,23006.15,22994.75,23000.85,11:30:00,22989.334263174263,0,28
2024-05-27,23004.7,23006.3,22991.35,22998.1,11:35:00,22990.79766668148,0,29
2024-05-27,23018.8,23023.35,23001.8,23003.95,11:40:00,22993.46455556896,0,30
2024-05-27,23024.9,23024.95,23014.0,23020.15,11:45:00,22996.45840741953,0,31
2024-05-27,23049.2,23049.2,23017.7,23023.7,11:50:00,23001.48141623672,0,32
2024-05-27,23068.4,23075.4,23048.7,23050.1,11:55:00,23007.854614690365,0,33
2024-05-27,23059.65,23072.3,23055.15,23068.3,12:00:00,23012.78750852937,0,34
2024-05-27,23055.9,23063.5,23045.25,23059.25,12:05:00,23016.893460098006,0,35
2024-05-27,23067.9,23069.45,23053.4,23055.7,12:10:00,23021.75122580296,0,36
2024-05-27,23082.35,23082.8,23064.1,23068.0,12:15:00,23027.52253763125,0,37
2024-05-27,23088.2,23090.0,23075.35,23081.4,12:20:00,23033.301343571133,0,38
2024-05-27,23087.25,23091.75,23077.0,23087.15,12:25:00,23038.43931085008,0,39
2024-05-27,23102.9,23108.15,23087.15,23088.3,12:30:00,23044.57842410245,0,40
2024-05-27,23103.95,23107.15,23096.65,23103.4,12:35:00,23050.23285990221,0,41
2024-05-27,23100.65,23108.15,23097.1,23103.95,12:40:00,23055.03449229248,0,42
2024-05-27,23105.45,23110.65,23090.0,23100.6,12:45:00,23059.835969217005,0,43
2024-05-27,23091.8,23108.55,23089.35,23106.35,12:50:00,23062.88016262491,0,44
2024-05-27,23065.75,23093.05,23064.35,23091.3,12:55:00,23063.15348047016,0,45
2024-05-27,23072.05,23078.7,23063.4,23066.0,13:00:00,23064.00076804443,0,46
2024-05-27,23073.55,23078.7,23065.35,23071.65,13:05:00,23064.910218706864,0,47
2024-05-27,23074.85,23080.8,23069.55,23072.65,13:10:00,23065.856864544305,0,48
2024-05-27,23088.2,23089.7,23071.5,23075.15,13:15:00,23067.98478220676,0,49
2024-05-27,23085.45,23090.95,23082.0,23088.0,13:20:00,23069.648136282303,0,50
2024-05-27,23082.65,23088.15,23078.65,23085.85,13:25:00,23070.88640901732,0,51
2024-05-27,23082.2,23091.85,23081.3,23082.35,13:30:00,23071.963893872813,0,52
2024-05-27,23079.2,23085.35,23074.45,23082.25,13:35:00,23072.653046837306,0,53
2024-05-27,23073.05,23080.6,23064.45,23079.1,13:40:00,23072.69085190042,0,54
2024-05-27,23066.6,23077.05,23058.95,23072.75,13:45:00,23072.110770767045,0,55
2024-05-27,23063.7,23068.75,23047.5,23066.65,13:50:00,23071.309744979702,0,56
2024-05-27,23071.15,23072.35,23058.7,23064.5,13:55:00,23071.29453117212,0,57
2024-05-27,23081.6,23084.95,23071.9,23071.9,14:00:00,23072.27600439381,0,58
2024-05-27,23073.45,23085.55,23070.3,23080.9,14:05:00,23072.38781349917,0,59
2024-05-27,23068.25,23076.55,23060.6,23076.2,14:10:00,23071.99373602305,0,60
2024-05-27,23061.55,23071.95,23056.35,23068.65,14:15:00,23070.99909449705,0,61
2024-05-27,23051.7,23065.9,23050.7,23061.7,14:20:00,23069.161085497333,0,62
2024-05-27,23057.3,23061.5,23051.15,23051.4,14:25:00,23068.031458307112,0,63
2024-05-27,23048.35,23058.45,23044.05,23056.95,14:30:00,23066.15703370644,0,64
2024-05-27,23040.9,23049.55,23030.3,23048.25,14:35:00,23063.751601924865,0,65
2024-05-27,23017.75,23041.0,23017.45,23040.45,14:40:00,23059.37049697964,0,66
2024-05-27,22987.9,23026.2,22987.6,23016.55,14:45:00,23052.56378298158,0,67
2024-05-27,22950.15,22990.25,22934.15,22987.65,14:50:00,23042.810089364288,0,68
2024-05-27,22925.3,22963.8,22923.25,22949.95,14:55:00,23031.618652281973,0,69
2024-05-27,22942.2,22981.85,22871.6,22924.05,15:00:00,23023.10259015988,0,70
2024-05-27,22945.45,22953.05,22923.15,22944.5,15:05:00,23015.70710538275,0,71
2024-05-27,22938.75,22948.7,22931.2,22946.2,15:10:00,23008.377857251056,0,72
2024-05-27,22934.75,22939.6,22924.15,22939.1,15:15:00,23001.365680370003,0,73
2024-05-27,22933.2,22960.15,22929.15,22933.65,15:20:00,22994.87371081096,0,74
2024-05-27,22931.05,22939.2,22930.8,22932.6,15:25:00,22988.795262162294,0,75
2024-05-28,22974.3,22992.3,22960.85,22976.95,09:15:00,22986.41131437775,1,1
2024-05-28,22974.2,22984.75,22961.25,22974.2,09:20:00,22985.24833205606,1,2
2024-05-28,22983.25,22985.6,22970.1,22973.4,09:25:00,22985.05801471739,1,3
2024-05-28,22957.45,22988.8,22954.95,22984.1,09:30:00,22982.4286799824,1,4
2024-05-28,22963.85,22973.85,22936.7,22957.5,09:35:00,22980.65928188884,1,5
2024-05-28,22962.35,22968.5,22941.85,22963.9,09:40:00,22978.91554075657,1,6
2024-05-28,22971.15,22975.65,22953.2,22963.0,09:45:00,22978.175965446422,1,7
2024-05-28,22958.55,22973.3,22955.3,22970.3,09:50:00,22976.306825880096,1,8
2024-05-28,22949.15,22958.25,22940.2,22956.75,09:55:00,22973.72046151057,1,9
2024-05-28,22955.15,22969.7,22946.2,22949.7,10:00:00,22971.95184612861,1,10
2024-05-28,22933.55,22958.35,22932.15,22954.65,10:05:00,22968.29452744969,1,11
2024-05-28,22957.65,22958.05,22926.4,22932.8,10:10:00,22967.28076293068,1,12
2024-05-28,22975.35,22979.35,22956.65,22957.1,10:15:00,22968.049261699183,1,13
2024-05-28,22989.0,22990.25,22974.25,22975.25,10:20:00,22970.044570108785,1,14
2024-05-28,22986.65,22998.3,22985.3,22988.75,10:25:00,22971.626039622235,1,15
2024-05-28,22979.0,22990.0,22978.65,22986.55,10:30:00,22972.32832156297,1,16
2024-05-28,22980.45,22989.9,22976.75,22980.7,10:35:00,22973.101814747453,1,17
2024-05-28,22983.35,22987.6,22976.7,22979.8,10:40:00,22974.077832390554,1,18
2024-05-28,22983.1,22983.3,22966.0,22982.5,10:45:00,22974.9370864486,1,19
2024-05-28,22982.3,22986.35,22974.65,22981.35,10:50:00,22975.63831631064,1,20
2024-05-28,22980.7,22987.85,22978.8,22982.1,10:55:00,22976.120381423905,1,21
2024-05-28,22975.1,22984.35,22974.3,22980.1,11:00:00,22976.023202240674,1,22
2024-05-28,22964.4,22978.85,22962.25,22974.05,11:05:00,22974.916230598705,1,23
2024-05-28,22968.95,22971.95,22955.6,22964.5,11:10:00,22974.348018160734,1,24
2024-05-28,22973.95,22975.1,22967.2,22968.75,11:15:00,22974.31011166924,1,25
2024-05-28,22961.3,22974.75,22959.05,22973.7,11:20:00,22973.07105341502,1,26
2024-05-28,22952.85,22964.6,22949.85,22961.55,11:25:00,22971.145238804067,1,27
2024-05-28,22952.5,22955.1,22937.65,22951.8,11:30:00,22969.36950177511,1,28
2024-05-28,22956.4,22958.55,22946.75,22952.5,11:35:00,22968.13431112986,1,29
2024-05-28,22957.9,22964.3,22954.65,22956.65,11:40:00,22967.159614831777,1,30
2024-05-28,22950.05,22966.4,22948.15,22957.7,11:45:00,22965.53012770494,1,31
2024-05-28,22949.6,22951.95,22940.15,22949.45,11:50:00,22964.012972685425,1,32
2024-05-28,22933.85,22951.6,22932.65,22948.75,11:55:00,22961.140308620143,1,33
2024-05-28,22946.35,22956.05,22934.15,22934.15,12:00:00,22959.73170779918,1,34
2024-05-28,22959.0,22959.7,22943.85,22946.35,12:05:00,22959.662021342112,1,35
2024-05-28,22939.25,22959.95,22938.5,22959.25,12:10:00,22957.71801930953,1,36
2024-05-28,22938.95,22945.75,22936.1,22939.35,12:15:00,22955.9305888991,1,37
2024-05-28,22929.9,22939.2,22924.6,22938.65,12:20:00,22953.451485194422,1,38
2024-05-28,22928.4,22943.45,22926.45,22929.15,12:25:00,22951.06562946162,1,39
2024-05-28,22913.4,22928.75,22911.05,22927.75,12:30:00,22947.47842665575,1,40
2024-05-28,22894.05,22915.45,22889.55,22913.25,12:35:00,22942.390005069487,1,41
2024-05-28,22914.35,22923.35,22893.8,22894.2,12:40:00,22939.719528396203,1,42
2024-05-28,22904.65,22914.35,22900.1,22913.5,12:45:00,22936.379573310853,1,43
2024-05-28,22942.6,22947.35,22901.8,22904.4,12:50:00,22936.971994900294,1,44
2024-05-28,22938.55,22958.75,22937.9,22941.7,12:55:00,22937.122281100263,1,45
2024-05-28,22948.15,22949.9,22931.35,22938.7,13:00:00,22938.1725400431,1,46
2024-05-28,22945.05,22959.3,22942.85,22948.85,13:05:00,22938.82753622947,1,47
2024-05-28,22945.25,22948.45,22936.5,22944.75,13:10:00,22939.43919944571,1,48
2024-05-28,22959.7,22962.7,22943.35,22944.15,13:15:00,22941.3687994985,1,49
2024-05-28,22952.95,22973.4,22948.15,22959.1,13:20:00,22942.47177097484,1,50
2024-05-28,22948.85,22956.6,22943.7,22952.35,13:25:00,22943.07922135818,1,51
2024-05-28,22922.4,22953.0,22921.4,22948.8,13:30:00,22941.10977170501,1,52
2024-05-28,22940.95,22943.0,22914.1,22922.3,13:35:00,22941.09455535216,1,53
2024-05-28,22950.9,22953.65,22932.35,22940.55,13:40:00,22942.028407223377,1,54
2024-05-28,22940.5,22953.35,22938.1,22951.95,13:45:00,22941.882844630672,1,55
2024-05-28,22939.4,22949.5,22937.5,22940.3,13:50:00,22941.64638323728,1,56
2024-05-28,22929.2,22940.25,22926.0,22939.15,13:55:00,22940.461013405155,1,57
2024-05-28,22915.95,22937.5,22915.5,22929.5,14:00:00,22938.12663117609,1,58
2024-05-28,22920.8,22930.95,22910.65,22916.5,14:05:00,22936.476475825988,1,59
2024-05-28,22926.25,22930.5,22917.6,22920.75,14:10:00,22935.502525747324,1,60
2024-05-28,22936.3,22937.8,22922.9,22926.7,14:15:00,22935.57847567616,1,61
2024-05-28,22932.1,22937.05,22926.65,22936.2,14:20:00,22935.247192278424,1,62
2024-05-28,22921.6,22934.45,22915.15,22932.85,14:25:00,22933.94745968048,1,63
2024-05-28,22912.85,22923.4,22905.0,22922.85,14:30:00,22931.93817780615,1,64
2024-05-28,22898.2,22917.4,22894.25,22913.6,14:35:00,22928.725018015088,1,65
2024-05-28,22911.3,22919.2,22898.2,22899.2,14:40:00,22927.06549248984,1,66
2024-05-28,22906.9,22915.0,22900.7,22911.75,14:45:00,22925.144969395573,1,67
2024-05-28,22917.75,22919.9,22903.6,22907.05,14:50:00,22924.440686596,1,68
2024-05-28,22895.3,22924.8,22894.95,22919.95,14:55:00,22921.665383110663,1,69
2024-05-28,22912.05,22914.4,22891.3,22896.75,15:00:00,22920.74963233822,1,70
2024-05-28,22896.5,22913.8,22893.35,22911.5,15:05:00,22918.440143544103,1,71
2024-05-28,22893.0,22898.95,22887.55,22895.75,15:10:00,22916.01727273038,1,72
2024-05-28,22886.55,22895.9,22885.8,22893.45,15:15:00,22913.21086580368,1,73
2024-05-28,22873.45,22888.25,22865.75,22887.4,15:20:00,22909.42411667952,1,74
2024-05-28,22868.65,22873.35,22858.9,22872.7,15:25:00,22905.540867471947,1,75
2024-05-29,22779.35,22821.45,22773.95,22782.05,09:15:00,22881.218714642568,2,1
2024-05-29,22806.75,22806.75,22773.0,22776.6,09:20:00,22874.12645610518,2,2
2024-05-29,22798.1,22816.1,22795.45,22806.3,09:25:00,22866.88584123802,2,3
2024-05-29,22815.7,22823.4,22796.15,22798.55,09:30:00,22862.01099921536,2,4
2024-05-29,22810.3,22825.5,22807.9,22817.95,09:35:00,22857.08614214723,2,5
2024-05-29,22809.8,22817.6,22805.55,22809.75,09:40:00,22852.58270003797,2,6
2024-05-29,22782.8,22815.3,22781.8,22809.95,09:45:00,22845.936728605782,2,7
2024-05-29,22790.85,22791.75,22779.0,22783.2,09:50:00,22840.69037350047,2,8
2024-05-29,22808.05,22808.55,22788.95,22790.9,09:55:00,22837.581766500425,2,9
2024-05-29,22781.3,22809.85,22780.2,22808.75,10:00:00,22832.221598262287,2,10
2024-05-29,22770.15,22786.95,22752.75,22781.05,10:05:00,22826.310017475404,2,11
2024-05-29,22757.65,22771.15,22757.1,22769.1,10:10:00,22819.770968192035,2,12
2024-05-29,22749.45,22768.75,22748.7,22757.8,10:15:00,22813.07373312613,2,13
2024-05-29,22724.75,22753.9,22719.9,22748.75,10:20:00,22804.661949018875,2,14
2024-05-29,22733.55,22738.95,22723.15,22724.2,10:25:00,22797.889382445646,2,15
2024-05-29,22732.2,22740.4,22719.8,22733.4,10:30:00,22791.63325078416,2,16
2024-05-29,22738.3,22748.6,22730.75,22732.35,10:35:00,22786.55389356662,2,17
2024-05-29,22752.05,22754.8,22733.9,22738.0,10:40:00,22783.26780846504,2,18
2024-05-29,22742.75,22759.45,22741.4,22750.8,10:45:00,22779.408969563603,2,19
2024-05-29,22743.1,22748.95,22739.35,22742.85,10:50:00,22775.950972462306,2,20
2024-05-29,22742.7,22752.25,22734.05,22743.4,10:55:00,22772.78421318018,2,21
2024-05-29,22738.45,22746.05,22734.9,22742.7,11:00:00,22769.5142881154,2,22
2024-05-29,22729.2,22740.85,22729.2,22739.5,11:05:00,22765.67483210441,2,23
2024-05-29,22725.25,22733.05,22719.95,22729.0,11:10:00,22761.824848094468,2,24
2024-05-29,22714.35,22727.75,22705.7,22725.55,11:15:00,22757.30343399024,2,25
2024-05-29,22723.2,22726.65,22710.7,22714.45,11:20:00,22754.055487895923,2,26
2024-05-29,22735.1,22747.3,22721.1,22723.35,11:25:00,22752.250203334406,2,27
2024-05-29,22719.7,22735.55,22719.45,22734.8,11:30:00,22749.150183969225,2,28
2024-05-29,22729.25,22729.25,22714.85,22720.25,11:35:00,22747.254928353108,2,29
2024-05-29,22722.95,22729.55,22718.45,22729.1,11:40:00,22744.94017327185,2,30
2024-05-29,22728.7,22728.7,22714.05,22722.6,11:45:00,22743.39349010311,2,31
2024-05-29,22726.15,22736.95,22724.05,22728.7,11:50:00,22741.751252950435,2,32
2024-05-29,22735.2,22738.8,22724.1,22725.9,11:55:00,22741.12732409801,2,33
2024-05-29,22732.1,22737.6,22725.25,22734.65,12:00:00,22740.267578945823,2,34
2024-05-29,22731.2,22738.35,22726.65,22732.2,12:05:00,22739.4039999986,2,35
2024-05-29,22745.2,22747.7,22728.3,22730.35,12:10:00,22739.95599999873,2,36
2024-05-29,22741.8,22753.35,22735.25,22744.0,12:15:00,22740.13161904647,2,37
2024-05-29,22729.6,22747.2,22725.9,22742.75,12:20:00,22739.12860770872,2,38
2024-05-29,22735.65,22736.75,22727.7,22729.45,12:25:00,22738.797311736453,2,39
2024-05-29,22739.05,22743.3,22732.45,22735.4,12:30:00,22738.821377285363,2,40
2024-05-29,22739.5,22741.95,22735.7,22739.6,12:35:00,22738.88600802009,2,41
2024-05-29,22752.4,22753.75,22739.4,22740.3,12:40:00,22740.17305487532,2,42
2024-05-29,22797.1,22797.95,22748.35,22753.1,12:45:00,22745.59466869672,2,43
2024-05-29,22764.6,22802.4,22764.6,22796.35,12:50:00,22747.40470024941,2,44
2024-05-29,22747.85,22768.0,22735.55,22765.2,12:55:00,22747.44710974947,2,45
2024-05-29,22748.65,22753.45,22736.4,22748.05,13:00:00,22747.56167072571,2,46
2024-05-29,22764.5,22765.45,22747.65,22748.65,13:05:00,22749.17484494231,2,47
2024-05-29,22764.8,22768.25,22758.9,22763.7,13:10:00,22750.6629549478,2,48
2024-05-29,22778.2,22787.3,22758.25,22765.0,13:15:00,22753.285530667057,2,49
2024-05-29,22771.45,22780.4,22767.85,22778.1,13:20:00,22755.01548012734,2,50
2024-05-29,22780.9,22789.45,22769.85,22772.5,13:25:00,22757.480672496167,2,51
2024-05-29,22785.95,22792.5,22778.2,22780.4,13:30:00,22760.19203702034,2,52
2024-05-29,22766.05,22792.3,22762.8,22785.7,13:35:00,22760.7499382565,2,53
2024-05-29,22780.15,22785.15,22765.75,22766.85,13:40:00,22762.59756318445,2,54
2024-05-29,22781.9,22784.6,22773.1,22780.75,13:45:00,22764.43589050022,2,55
2024-05-29,22769.05,22787.15,22768.2,22780.45,13:50:00,22764.8753295002,2,56
2024-05-29,22756.75,22770.65,22752.6,22769.5,13:55:00,22764.101488595417,2,57
2024-05-29,22742.05,22758.9,22740.85,22755.65,14:00:00,22762.001346824425,2,58
2024-05-29,22730.65,22749.65,22724.3,22743.15,14:05:00,22759.01550426972,2,59
2024-05-29,22752.35,22754.15,22730.1,22730.6,14:10:00,22758.38069433927,2,60
2024-05-29,22743.05,22760.9,22741.25,22753.6,14:15:00,22756.92062821172,2,61
2024-05-29,22750.7,22755.2,22739.7,22743.35,14:20:00,22756.32818742965,2,62
2024-05-29,22737.3,22752.4,22736.55,22750.35,14:25:00,22754.51597910302,2,63
2024-05-29,22745.3,22748.45,22733.3,22737.8,14:30:00,22753.63826680749,2,64
2024-05-29,22739.85,22749.6,22739.15,22745.75,14:35:00,22752.32509854012,2,65
2024-05-29,22719.05,22740.95,22716.35,22739.55,14:40:00,22749.15604153629,2,66
2024-05-29,22733.2,22738.1,22707.2,22718.5,14:45:00,22747.63641853284,2,67
2024-05-29,22719.25,22735.8,22718.0,22732.35,14:50:00,22744.93295010114,2,68
2024-05-29,22718.95,22725.55,22713.2,22719.55,14:55:00,22742.458383424844,2,69
2024-05-29,22710.15,22727.95,22709.9,22720.95,15:00:00,22739.38139452724,2,70
2024-05-29,22709.75,22716.9,22686.05,22709.55,15:05:00,22736.559356953218,2,71
2024-05-29,22711.3,22716.9,22703.9,22710.5,15:10:00,22734.15370391005,2,72
2024-05-29,22700.3,22713.15,22693.35,22710.8,15:15:00,22730.929541632908,2,73
2024-05-29,22707.55,22707.9,22697.0,22701.65,15:20:00,22728.70291862025,2,74
2024-05-29,22705.8,22713.8,22704.5,22708.3,15:25:00,22726.521688275465,2,75
2024-05-30,22684.0,22688.55,22635.2,22635.2,09:15:00,22713.07353620736,3,1
2024-05-30,22668.35,22704.85,22649.55,22684.45,09:20:00,22708.81415180665,3,2
2024-05-30,22641.75,22667.1,22627.45,22665.5,09:25:00,22702.42708972983,3,3
2024-05-30,22628.25,22648.55,22621.4,22642.6,09:30:00,22695.362604993654,3,4
2024-05-30,22606.7,22638.3,22603.5,22625.7,09:35:00,22686.91854737521,3,5
2024-05-30,22608.3,22614.5,22590.85,22608.15,09:40:00,22679.43106667281,3,6
2024-05-30,22589.65,22618.6,22587.8,22608.1,09:45:00,22670.88048889445,3,7
2024-05-30,22597.9,22599.8,22581.5,22589.4,09:50:00,22663.9299661426,3,8
2024-05-30,22589.85,22606.1,22581.05,22597.9,09:55:00,22656.87473127188,3,9
2024-05-30,22580.05,22596.65,22577.75,22590.8,10:00:00,22649.558090198367,3,10
2024-05-30,22571.0,22587.4,22568.35,22579.9,10:05:00,22642.076367322334,3,11
2024-05-30,22558.5,22580.35,22554.55,22571.3,10:10:00,22634.11671329164,3,12
2024-05-30,22564.25,22567.2,22555.3,22558.3,10:15:00,22627.462740597195,3,13
2024-05-30,22590.45,22602.35,22564.2,22564.7,10:20:00,22623.937717683177,3,14
2024-05-30,22575.75,22591.8,22573.5,22590.3,10:25:00,22619.34841123716,3,15
2024-05-30,22581.65,22584.3,22570.05,22575.65,10:30:00,22615.75808635744,3,16
2024-05-30,22580.0,22617.85,22574.6,22582.5,10:35:00,22612.35255432339,3,17
2024-05-30,22590.55,22592.25,22579.3,22581.0,10:40:00,22610.276120578303,3,18
2024-05-30,22594.45,22601.15,22585.75,22591.25,10:45:00,22608.76887099941,3,19
2024-05-30,22590.15,22604.1,22585.65,22595.2,10:50:00,22606.995645189952,3,20
2024-05-30,22580.6,22592.7,22578.8,22590.45,10:55:00,22604.48177421948,3,21
2024-05-30,22588.55,22588.55,22574.6,22581.0,11:00:00,22602.964462389053,3,22
2024-05-30,22568.55,22593.5,22567.45,22587.4,11:05:00,22599.68689454248,3,23
2024-05-30,22563.8,22576.8,22562.75,22568.25,11:10:00,22596.269095062245,3,24
2024-05-30,22561.85,22569.55,22559.7,22563.65,11:15:00,22592.9910860087,3,25
2024-05-30,22549.05,22565.35,22546.1,22561.4,11:20:00,22588.80622067453,3,26
2024-05-30,22552.0,22565.0,22547.5,22548.35,11:25:00,22585.300866324586,3,27
2024-05-30,22551.8,22556.3,22544.35,22552.0,11:30:00,22582.110307627,3,28
2024-05-30,22547.8,22560.65,22547.45,22550.35,11:35:00,22578.84265928157,3,29
2024-05-30,22546.6,22553.85,22541.0,22547.5,11:40:00,22575.771929826187,3,30
2024-05-30,22554.2,22564.3,22544.5,22545.95,11:45:00,22573.71746031893,3,31
2024-05-30,22550.45,22566.6,22549.8,22554.45,11:50:00,22571.501511717128,3,32
2024-05-30,22554.05,22560.6,22549.45,22550.45,11:55:00,22569.839462982163,3,33
2024-05-30,22564.95,22567.8,22553.75,22553.75,12:00:00,22569.373799841003,3,34
2024-05-30,22579.85,22586.9,22560.0,22564.5,12:05:00,22570.37153318948,3,35
2024-05-30,22567.45,22583.5,22565.5,22579.95,12:10:00,22570.09329193333,3,36
2024-05-30,22560.65,22571.25,22551.25,22567.1,12:15:00,22569.193930796828,3,37
2024-05-30,22563.2,22572.6,22557.9,22560.0,12:20:00,22568.623080244743,3,38
2024-05-30,22557.15,22572.5,22556.9,22563.05,12:25:00,22567.53040593572,3,39
2024-05-30,22568.7,22575.85,22553.95,22558.75,12:30:00,22567.641795846608,3,40
2024-05-30,22569.1,22574.7,22561.1,22567.95,12:35:00,22567.780672432647,3,41
2024-05-30,22568.1,22576.85,22562.9,22569.3,12:40:00,22567.81108458192,3,42
2024-05-30,22579.15,22589.65,22566.95,22569.45,12:45:00,22568.890981288405,3,43
2024-05-30,22578.65,22589.25,22573.85,22579.65,12:50:00,22569.82041164189,3,44
2024-05-30,22595.45,22602.25,22577.8,22578.7,12:55:00,22572.261324818854,3,45
2024-05-30,22591.95,22601.9,22585.1,22594.85,13:00:00,22574.136436740868,3,46
2024-05-30,22578.65,22597.3,22578.65,22592.35,13:05:00,22574.5662999084,3,47
2024-05-30,22576.4,22583.05,22568.4,22580.75,13:10:00,22574.740938012364,3,48
2024-05-30,22553.1,22579.0,22552.35,22576.05,13:15:00,22572.679896296904,3,49
2024-05-30,22546.15,22561.05,22545.85,22553.4,13:20:00,22570.15323950672,3,50
2024-05-30,22539.2,22556.4,22537.65,22546.75,13:25:00,22567.205311934653,3,51
2024-05-30,22529.15,22543.7,22529.15,22539.25,13:30:00,22563.580996512304,3,52
2024-05-30,22524.8,22530.45,22518.95,22527.8,13:35:00,22559.88756827304,3,53
2024-05-30,22538.65,22547.55,22522.25,22526.45,13:40:00,22557.864942723227,3,54
2024-05-30,22554.25,22556.7,22534.9,22540.25,13:45:00,22557.52066246387,3,55
2024-05-30,22545.4,22565.55,22545.05,22553.75,13:50:00,22556.36631365779,3,56
2024-05-30,22539.45,22547.7,22528.45,22547.35,13:55:00,22554.755236166573,3,57
2024-05-30,22540.5,22547.0,22534.65,22538.85,14:00:00,22553.3975946269,3,58
2024-05-30,22531.55,22544.4,22529.2,22540.3,14:05:00,22551.31687132909,3,59
2024-05-30,22522.6,22539.0,22521.0,22532.1,14:10:00,22548.58193120252,3,60
2024-05-30,22535.75,22538.45,22522.95,22523.05,14:15:00,22547.35984251656,3,61
2024-05-30,22528.35,22535.4,22522.15,22534.15,14:20:00,22545.54938132451,3,62
2024-05-30,22504.1,22532.75,22501.95,22528.7,14:25:00,22541.601821198365,3,63
2024-05-30,22488.6,22508.45,22482.4,22503.8,14:30:00,22536.55402870328,3,64
2024-05-30,22483.7,22488.75,22467.55,22488.1,14:35:00,22531.52031168392,3,65
2024-05-30,22464.65,22492.0,22459.4,22482.85,14:40:00,22525.15171057117,3,66
2024-05-30,22486.55,22489.65,22463.05,22463.55,14:45:00,22521.47535718344,3,67
2024-05-30,22456.05,22486.75,22453.45,22484.9,14:50:00,22515.24437078501,3,68
2024-05-30,22420.55,22463.35,22417.8,22455.75,14:55:00,22506.22585928168,3,69
2024-05-30,22494.05,22496.9,22421.3,22421.3,15:00:00,22505.066253635807,3,70
2024-05-30,22488.25,22521.95,22475.55,22497.75,15:05:00,22503.464705670493,3,71
2024-05-30,22478.05,22503.25,22476.2,22490.55,15:10:00,22501.0442575114,3,72
2024-05-30,22502.35,22502.9,22477.0,22477.9,15:15:00,22501.168613938884,3,73
2024-05-30,22519.05,22523.1,22501.4,22501.95,15:20:00,22502.87160308756,3,74
2024-05-30,22557.1,22560.9,22509.0,22517.1,15:25:00,22508.03621231732,3,75
2024-05-31,22593.2,22594.6,22560.25,22567.5,09:15:00,22521.322613711003,4,1
2024-05-31,22617.2,22635.8,22589.4,22594.55,09:20:00,22530.45379335757,4,2
2024-05-31,22632.9,22646.2,22619.3,22621.0,09:25:00,22540.21057494257,4,3
2024-05-31,22642.5,22652.8,22619.05,22634.4,09:30:00,22549.95242494804,4,4
2024-05-31,22643.1,22648.65,22633.15,22641.0,09:35:00,22558.82362257204,4,5
2024-05-31,22634.85,22647.25,22621.85,22643.6,09:40:00,22566.06422994613,4,6
2024-05-31,22621.25,22636.65,22598.4,22635.7,09:45:00,22571.32001757031,4,7
2024-05-31,22593.2,22624.85,22589.35,22621.65,09:50:00,22573.403825420755,4,8
2024-05-31,22577.1,22608.0,22574.45,22593.0,09:55:00,22573.75584204735,4,9
2024-05-31,22564.0,22578.35,22559.05,22576.9,10:00:00,22572.82671423332,4,10
2024-05-31,22543.4,22569.7,22533.9,22562.65,10:05:00,22570.02417002062,4,11
2024-05-31,22535.2,22552.05,22535.2,22543.8,10:10:00,22566.70758239961,4,12
2024-05-31,22580.45,22587.3,22529.85,22533.35,10:15:00,22568.01638407584,4,13
2024-05-31,22523.2,22582.0,22518.25,22580.05,10:20:00,22563.748157021,4,14
2024-05-31,22539.3,22546.0,22521.7,22524.1,10:25:00,22561.41976111423,4,15
2024-05-31,22529.15,22543.7,22526.25,22540.5,10:30:00,22558.34645053192,4,16
2024-05-31,22523.6,22533.15,22520.15,22529.1,10:35:00,22555.037264766976,4,17
2024-05-31,22532.8,22542.85,22516.55,22522.65,10:40:00,22552.919430027265,4,18
2024-05-31,22524.8,22554.0,22524.5,22533.65,10:45:00,22550.24138907229,4,19
2024-05-31,22525.95,22533.45,22521.45,22525.25,10:50:00,22547.92792344636,4,20
2024-05-31,22507.6,22526.9,22504.25,22525.7,10:55:00,22544.08716883242,4,21
2024-05-31,22507.6,22519.1,22496.0,22507.75,11:00:00,22540.612200372187,4,22
2024-05-31,22515.25,22520.1,22506.4,22508.15,11:05:00,22538.196752717693,4,23
2024-05-31,22528.7,22531.4,22511.3,22514.55,11:10:00,22537.292300077912,4,24
2024-05-31,22521.45,22537.45,22516.15,22530.6,11:15:00,22535.783509594305,4,25
2024-05-31,22523.3,22530.2,22516.1,22521.3,11:20:00,22534.594603918657,4,26
2024-05-31,22510.6,22523.85,22509.55,22522.55,11:25:00,22532.30940354545,4,27
2024-05-31,22520.55,22523.75,22506.25,22510.5,11:30:00,22531.189460350644,4,28
2024-05-31,22545.2,22545.9,22520.75,22521.05,11:35:00,22532.523797460108,4,29
2024-05-31,22553.9,22560.55,22539.3,22544.3,11:40:00,22534.55962627344,4,30
2024-05-31,22537.65,22556.15,22534.45,22553.95,11:45:00,22534.853947580727,4,31
2024-05-31,22523.3,22541.15,22516.1,22537.5,11:50:00,22533.75357162065,4,32
2024-05-31,22526.7,22530.4,22514.15,22523.55,11:55:00,22533.08180289488,4,33
2024-05-31,22526.8,22531.3,22520.7,22527.35,12:00:00,22532.48353595252,4,34
2024-05-31,22511.0,22528.4,22510.9,22527.35,12:05:00,22530.437484909417,4,35
2024-05-31,22513.25,22517.3,22500.55,22511.05,12:10:00,22528.80058158472,4,36
2024-05-31,22518.2,22521.45,22510.05,22513.05,12:15:00,22527.79100238617,4,37
2024-05-31,22516.1,22525.4,22512.6,22518.45,12:20:00,22526.677573587483,4,38
2024-05-31,22516.9,22517.5,22504.1,22516.65,12:25:00,22525.74637610296,4,39
2024-05-31,22521.25,22531.9,22516.6,22517.3,12:30:00,22525.31814980744,4,40
2024-05-31,22519.0,22522.95,22506.9,22521.95,12:35:00,22524.71642125436,4,41
2024-05-31,22518.0,22525.1,22512.1,22518.65,12:40:00,22524.076762087272,4,42
2024-05-31,22524.0,22525.6,22509.4,22519.25,12:45:00,22524.06945141229,4,43
2024-05-31,22539.0,22541.2,22524.05,22524.85,12:50:00,22525.491408420647,4,44
2024-05-31,22548.95,22550.5,22535.75,22539.15,12:55:00,22527.72555999963,4,45
2024-05-31,22545.35,22548.2,22528.65,22548.2,13:00:00,22529.404078094907,4,46
2024-05-31,22543.6,22547.1,22525.8,22544.45,13:05:00,22530.7560706573,4,47
2024-05-31,22535.35,22546.55,22532.7,22543.85,13:10:00,22531.19358773756,4,48
2024-05-31,22553.8,22554.5,22531.65,22535.05,13:15:00,22533.3465793816,4,49
2024-05-31,22562.4,22564.6,22554.3,22554.3,13:20:00,22536.113571821446,4,50
2024-05-31,22551.45,22565.0,22543.4,22561.35,13:25:00,22537.574184028927,4,51
2024-05-31,22548.1,22554.1,22539.95,22552.45,13:30:00,22538.57664269284,4,52
2024-05-31,22555.95,22559.85,22545.4,22547.9,13:35:00,22540.231248150663,4,53
2024-05-31,22573.85,22575.5,22551.8,22557.95,13:40:00,22543.433034041074,4,54
2024-05-31,22595.4,22605.0,22569.2,22570.4,13:45:00,22548.382268894307,4,55
2024-05-31,22600.55,22607.0,22591.5,22597.55,13:50:00,22553.350624237708,4,56
2024-05-31,22602.25,22607.0,22593.3,22599.4,13:55:00,22558.00770764364,4,57
2024-05-31,22622.9,22631.4,22597.2,22602.0,14:00:00,22564.18792596329,4,58
2024-05-31,22617.6,22627.2,22587.15,22624.85,14:05:00,22569.274790157266,4,59
2024-05-31,22605.6,22618.25,22599.1,22617.3,14:10:00,22572.73433395181,4,60
2024-05-31,22543.15,22609.2,22534.2,22607.8,14:15:00,22569.916778337352,4,61
2024-05-31,22532.0,22564.25,22528.0,22544.35,14:20:00,22566.30565659094,4,62
2024-05-31,22523.35,22546.85,22518.45,22531.65,14:25:00,22562.21464167752,4,63
2024-05-31,22479.2,22532.9,22476.0,22523.8,14:30:00,22554.30848532728,4,64
2024-05-31,22491.05,22522.05,22474.7,22478.95,14:35:00,22548.28386767706,4,65
2024-05-31,22506.3,22510.05,22486.1,22490.75,14:40:00,22544.28540408877,4,66
2024-05-31,22487.9,22508.0,22481.3,22505.85,14:45:00,22538.915365604124,4,67
2024-05-31,22497.8,22501.9,22465.9,22487.9,14:50:00,22534.99961649897,4,68
2024-05-31,22518.05,22533.25,22488.45,22497.7,14:55:00,22533.3853673086,4,69
2024-05-31,22516.15,22544.35,22502.2,22517.15,15:00:00,22531.7439037554,4,70
2024-05-31,22498.05,22517.65,22480.4,22516.25,15:05:00,22528.5349605406,4,71
2024-05-31,22523.55,22528.1,22484.35,22496.95,15:10:00,22528.06020239388,4,72
2024-05-31,22561.5,22579.45,22523.15,22523.6,15:15:00,22531.24494502303,4,73
2024-05-31,22560.6,22571.85,22544.0,22561.4,15:20:00,22534.04066454465,4,74
2024-05-31,22547.95,22560.25,22513.85,22558.65,15:25:00,22535.36536315945,4,75
2024-06-03,23147.2,23337.9,23086.75,23337.9,09:15:00,22662.787973017144,0,1
2024-06-03,23114.9,23161.0,23083.25,23145.6,09:20:00,22705.846261301227,0,2
2024-06-03,23132.95,23142.75,23089.8,23114.3,09:25:00,22746.52280784397,0,3
2024-06-03,23143.2,23155.1,23114.0,23135.6,09:30:00,22784.301588049304,0,4
2024-06-03,23146.5,23163.65,23135.4,23144.8,09:35:00,22818.79667490176,0,5
2024-06-03,23105.7,23157.3,23105.65,23144.2,09:40:00,22846.120801101588,0,6
2024-06-03,23106.45,23126.45,23063.0,23105.8,09:45:00,22870.914058139533,0,7
2024-06-03,23128.1,23128.6,23089.55,23107.5,09:50:00,22895.40795736434,0,8
2024-06-03,23163.15,23169.2,23126.55,23127.7,09:55:00,22920.90719952012,0,9
2024-06-03,23155.5,23190.6,23150.0,23162.2,10:00:00,22943.24937099439,0,10
2024-06-03,23178.6,23180.8,23150.35,23155.7,10:05:00,22965.66371661397,0,11
2024-06-03,23197.1,23203.5,23176.5,23177.75,10:10:00,22987.70526741264,0,12
2024-06-03,23188.95,23199.9,23182.55,23197.1,10:15:00,23006.87143242096,0,13
2024-06-03,23182.35,23198.55,23172.6,23189.15,10:20:00,23023.583676952298,0,14
2024-06-03,23203.0,23203.0,23160.75,23181.95,10:25:00,23040.67094581398,0,15
2024-06-03,23187.45,23207.5,23185.1,23204.15,10:30:00,23054.649903355505,0,16
2024-06-03,23143.6,23187.25,23135.85,23186.55,10:35:00,23063.12134113117,0,17
2024-06-03,23146.2,23160.0,23142.5,23143.55,10:40:00,23071.033594356773,0,18
2024-06-03,23145.6,23160.1,23145.6,23146.25,10:45:00,23078.135156798984,0,19
2024-06-03,23159.85,23166.2,23134.45,23146.55,10:50:00,23085.91752281813,0,20
2024-06-03,23144.4,23161.75,23142.45,23159.85,10:55:00,23091.487282549737,0,21
2024-06-03,23150.95,23157.15,23138.5,23143.6,11:00:00,23097.15039849738,0,22
2024-06-03,23161.4,23162.2,23144.95,23150.6,11:05:00,23103.26940816429,0,23
2024-06-03,23175.3,23175.6,23148.3,23161.0,11:10:00,23110.1294645296,0,24
2024-06-03,23170.55,23186.45,23169.45,23173.9,11:15:00,23115.883801241067,0,25
2024-06-03,23183.7,23189.35,23169.45,23170.3,11:20:00,23122.342486837155,0,26
2024-06-03,23189.95,23190.25,23178.95,23184.25,11:25:00,23128.78129761457,0,27
2024-06-03,23184.35,23194.25,23184.05,23188.9,11:30:00,23134.07355498461,0,28
2024-06-03,23188.45,23190.0,23176.05,23184.5,11:35:00,23139.252264033697,0,29
2024-06-03,23204.05,23205.75,23185.45,23189.8,11:40:00,23145.42347698287,0,30
2024-06-03,23207.5,23214.25,23203.15,23205.3,11:45:00,23151.335526794024,0,31
2024-06-03,23214.2,23217.6,23195.7,23207.7,11:50:00,23157.322619480303,0,32
2024-06-03,23227.7,23232.35,23210.25,23214.35,11:55:00,23164.02522714885,0,33
2024-06-03,23230.4,23234.9,23213.8,23227.35,12:00:00,23170.34663408705,0,34
2024-06-03,23243.05,23245.45,23225.55,23229.8,12:05:00,23177.270764174005,0,35
2024-06-03,23221.65,23248.45,23218.3,23243.5,12:10:00,23181.497358062195,0,36
2024-06-03,23223.0,23223.25,23204.6,23221.6,12:15:00,23185.4499906277,0,37
2024-06-03,23225.75,23232.55,23218.5,23222.8,12:20:00,23189.288086758395,0,38
2024-06-03,23226.3,23229.65,23219.0,23225.95,12:25:00,23192.813030876645,0,39
2024-06-03,23234.65,23244.0,23226.35,23226.75,12:30:00,23196.797504126487,0,40
2024-06-03,23219.6,23237.2,23214.65,23234.4,12:35:00,23198.96917040016,0,41
2024-06-03,23213.7,23218.65,23198.6,23217.55,12:40:00,23200.37210655252,0,42
2024-06-03,23209.0,23218.4,23202.0,23213.75,12:45:00,23201.19381069037,0,43
2024-06-03,23222.75,23222.75,23200.9,23209.0,12:50:00,23203.24678110081,0,44
2024-06-03,23227.95,23229.55,23215.65,23222.55,12:55:00,23205.59946861502,0,45
2024-06-03,23220.85,23234.85,23217.25,23228.1,13:00:00,23207.05190017549,0,46
2024-06-03,23221.55,23227.05,23210.85,23221.05,13:05:00,23208.43267158735,0,47
2024-06-03,23228.1,23230.65,23218.0,23221.95,13:10:00,23210.3057504838,0,48
2024-06-03,23216.7,23229.4,23213.8,23227.25,13:15:00,23210.914726628194,0,49
2024-06-03,23235.3,23235.3,23209.8,23216.35,13:20:00,23213.237133615985,0,50
2024-06-03,23233.5,23237.35,23228.0,23234.95,13:25:00,23215.166930414463,0,51
2024-06-03,23232.75,23240.6,23225.75,23234.25,13:30:00,23216.84150847023,0,52
2024-06-03,23202.85,23235.0,23201.0,23232.75,13:35:00,23215.50898385401,0,53
2024-06-03,23203.8,23209.2,23161.0,23202.6,13:40:00,23214.393842534584,0,54
2024-06-03,23227.5,23232.6,23203.1,23203.65,13:45:00,23215.64204800748,0,55
2024-06-03,23228.15,23232.65,23215.6,23228.0,13:50:00,23216.83328153058,0,56
2024-06-03,23238.65,23238.95,23223.0,23226.85,13:55:00,23218.911064241955,0,57
2024-06-03,23248.9,23249.3,23232.2,23238.45,14:00:00,23221.76715336177,0,58
2024-06-03,23256.15,23257.9,23237.85,23248.25,14:05:00,23225.041710184458,0,59
2024-06-03,23240.95,23260.55,23233.0,23256.25,14:10:00,23226.556785404988,0,60
2024-06-03,23228.45,23242.85,23223.95,23239.95,14:15:00,23226.737091556894,0,61
2024-06-03,23242.35,23244.7,23222.75,23228.15,14:20:00,23228.22403521814,0,62
2024-06-03,23221.95,23244.75,23221.45,23242.6,14:25:00,23227.626508054505,0,63
2024-06-03,23228.3,23239.05,23212.3,23222.8,14:30:00,23227.690650144552,0,64
2024-06-03,23256.15,23256.55,23227.95,23227.95,14:35:00,23230.401064416503,0,65
2024-06-03,23262.85,23265.7,23250.95,23255.9,14:40:00,23233.49143923397,0,66
2024-06-03,23243.1,23262.35,23236.8,23261.45,14:45:00,23234.40654025931,0,67
2024-06-03,23242.7,23248.7,23238.2,23243.95,14:50:00,23235.19639356795,0,68
2024-06-03,23244.35,23258.35,23240.05,23242.0,14:55:00,23236.068165609096,0,69
2024-06-03,23229.25,23245.35,23224.3,23244.2,15:00:00,23235.41881650347,0,70
2024-06-03,23246.3,23248.3,23224.15,23229.1,15:05:00,23236.45511969361,0,71
2024-06-03,23264.7,23267.05,23244.7,23247.05,15:10:00,23239.145108294226,0,72
2024-06-03,23281.5,23297.85,23264.9,23265.1,15:15:00,23243.17890750429,0,73
2024-06-03,23283.55,23285.4,23273.45,23281.6,15:20:00,23247.02377345627,0,74
2024-06-03,23305.95,23308.25,23280.75,23282.65,15:25:00,23252.635795031863,0,75
2024-06-04,22851.35,23159.45,22729.45,23157.25,09:15:00,23208.11614967461,1,1
2024-06-04,22647.55,22862.75,22569.1,22850.4,09:20:00,23154.728897324647,1,2
2024-06-04,22481.1,22681.6,22479.75,22654.05,09:25:00,23090.57376424611,1,3
2024-06-04,22586.45,22650.15,22391.1,22479.7,09:30:00,23042.56197717505,1,4
2024-06-04,22652.9,22662.8,22559.5,22588.55,09:35:00,23005.451312682188,1,5
2024-06-04,22584.15,22651.8,22545.05,22651.8,09:40:00,22965.327378141024,1,6
2024-06-04,22724.65,22758.15,22565.65,22584.6,09:45:00,22942.405723079974,1,7
2024-06-04,22785.45,22785.45,22677.4,22725.6,09:50:00,22927.45755897712,1,8
2024-06-04,22783.6,22880.8,22763.45,22783.85,09:55:00,22913.756839074536,1,9
2024-06-04,22756.55,22791.7,22698.3,22785.0,10:00:00,22898.78475916268,1,10
2024-06-04,22811.75,22822.6,22753.5,22756.6,10:05:00,22890.495734480515,1,11
2024-06-04,22833.9,22833.9,22796.0,22812.55,10:10:00,22885.10566452999,1,12
2024-06-04,22769.4,22832.5,22768.45,22832.5,10:15:00,22874.086077431897,1,13
2024-06-04,22800.3,22800.3,22642.45,22767.25,10:20:00,22867.0588319622,1,14
2024-06-04,22735.2,22802.2,22725.2,22801.3,10:25:00,22854.500847965795,1,15
2024-06-04,22665.7,22746.9,22665.3,22736.25,10:30:00,22836.5198148262,1,16
2024-06-04,22677.0,22705.8,22662.15,22665.6,10:35:00,22821.32745150942,1,17
2024-06-04,22553.95,22683.55,22534.3,22676.15,10:40:00,22795.862932318047,1,18
2024-06-04,22575.85,22607.75,22497.15,22552.35,10:45:00,22774.909319716327,1,19
2024-06-04,22444.7,22590.55,22444.7,22573.95,10:50:00,22743.46081307668,1,20
2024-06-04,22335.7,22444.8,22280.1,22444.8,10:55:00,22704.62644992652,1,21
2024-06-04,22263.95,22359.75,22239.95,22336.6,11:00:00,22662.657264219222,1,22
2024-06-04,22189.3,22263.45,22002.45,22263.45,11:05:00,22617.575620007872,1,23
2024-06-04,22095.1,22271.25,22072.15,22185.4,11:10:00,22567.81603714998,1,24
2024-06-04,22105.15,22172.75,22089.9,22097.0,11:15:00,22523.75260504046,1,25
2024-06-04,22255.75,22264.35,22052.35,22102.25,11:20:00,22498.22854741756,1,26
2024-06-04,22245.1,22270.55,22162.05,22253.45,11:25:00,22474.121066711123,1,27
2024-06-04,22259.2,22259.75,22127.65,22239.1,11:30:00,22453.652393691016,1,28
2024-06-04,22229.2,22293.25,22197.8,22256.75,11:35:00,22432.27597524425,1,29
2024-06-04,22127.65,22247.9,22119.8,22230.7,11:40:00,22403.263977601942,1,30
2024-06-04,22162.05,22179.55,22107.35,22128.6,11:45:00,22380.29121783033,1,31
2024-06-04,22119.15,22195.8,22107.6,22163.65,11:50:00,22355.420625656014,1,32
2024-06-04,21888.3,22119.3,21887.8,22116.1,11:55:00,22310.932947022106,1,33
2024-06-04,21845.35,21950.8,21793.25,21884.35,12:00:00,22266.591713972382,1,34
2024-06-04,21665.75,21850.1,21661.55,21846.2,12:05:00,22209.36869359406,1,35
2024-06-04,21591.9,21750.3,21483.65,21664.6,12:10:00,22150.56215134701,1,36
2024-06-04,21617.2,21705.8,21591.25,21591.25,12:15:00,22099.76575598063,1,37
2024-06-04,21372.15,21619.35,21367.95,21618.4,12:20:00,22030.46901731581,1,38
2024-06-04,21294.1,21408.35,21282.65,21372.1,12:25:00,21960.338634714302,1,39
2024-06-04,21568.3,21591.25,21296.3,21296.3,12:30:00,21923.001621884367,1,40
2024-06-04,21473.3,21650.8,21469.45,21572.45,12:35:00,21880.172895990618,1,41
2024-06-04,21794.35,21838.3,21475.15,21475.15,12:40:00,21871.99928684865,1,42
2024-06-04,21907.6,21911.35,21692.0,21793.85,12:45:00,21875.389830958306,1,43
2024-06-04,21992.4,21993.5,21736.45,21903.2,12:50:00,21886.533656581323,1,44
2024-06-04,21887.8,22005.55,21839.55,21993.4,12:55:00,21886.65426071644,1,45
2024-06-04,21851.95,21943.1,21759.95,21886.7,13:00:00,21883.349093029152,1,46
2024-06-04,21848.75,21883.95,21800.4,21852.2,13:05:00,21880.05394131209,1,47
2024-06-04,21944.75,21946.7,21813.4,21847.5,13:10:00,21886.21547071094,1,48
2024-06-04,21994.35,21996.8,21881.5,21944.45,13:15:00,21896.5139973099,1,49
2024-06-04,22083.25,22126.0,21978.4,21992.15,13:20:00,21914.29837851848,1,50
2024-06-04,22005.25,22127.5,21949.7,22086.45,13:25:00,21922.9604377072,1,51
2024-06-04,22062.8,22062.8,21927.85,22002.5,13:30:00,21936.27849125889,1,52
2024-06-04,22035.2,22096.05,22009.85,22061.55,13:35:00,21945.69958732948,1,53
2024-06-04,22071.45,22071.9,21968.6,22038.05,13:40:00,21957.67581710761,1,54
2024-06-04,22160.15,22163.05,22054.15,22070.95,13:45:00,21976.95907262118,1,55
2024-06-04,22252.2,22271.7,22162.5,22166.4,13:50:00,22003.172494276307,1,56
2024-06-04,22239.7,22256.4,22157.0,22253.6,13:55:00,22025.698923392847,1,57
2024-06-04,22101.3,22243.75,22099.45,22241.55,14:00:00,22032.89902592686,1,58
2024-06-04,22032.85,22117.85,21948.3,22105.1,14:05:00,22032.894356790966,1,59
2024-06-04,22061.05,22070.15,21982.75,22037.3,14:10:00,22035.5758466204,1,60
2024-06-04,22002.75,22062.0,21958.35,22061.8,14:15:00,22032.449575513696,1,61
2024-06-04,21966.1,22012.35,21883.45,22001.6,14:20:00,22026.130568321914,1,62
2024-06-04,21909.75,21972.65,21897.95,21964.8,14:25:00,22015.04670467221,1,63
2024-06-04,22009.3,22090.05,21910.95,21911.6,14:30:00,22014.49939946533,1,64
2024-06-04,21992.55,22020.65,21912.4,22015.55,14:35:00,22012.40898046864,1,65
2024-06-04,21989.75,22027.6,21929.15,21993.05,14:40:00,22010.25098232877,1,66
2024-06-04,21923.0,22048.65,21915.15,21990.5,14:45:00,22001.94136496412,1,67
2024-06-04,21900.6,21957.6,21899.95,21926.5,14:50:00,21992.28980639611,1,68
2024-06-04,21800.85,21944.75,21798.7,21905.05,14:55:00,21974.0574438822,1,69
2024-06-04,21758.25,21851.15,21745.5,21802.6,15:00:00,21953.504353988654,1,70
2024-06-04,21890.6,21915.05,21725.3,21756.6,15:05:00,21947.51346313259,1,71
2024-06-04,21949.7,21969.65,21889.65,21889.65,15:10:00,21947.72170473901,1,72
2024-06-04,21917.85,21953.55,21871.45,21948.6,15:15:00,21944.87678047816,1,73
2024-06-04,21941.2,21942.45,21879.35,21918.75,15:20:00,21944.526610908804,1,74
2024-06-04,21996.45,22068.55,21910.25,21942.1,15:25:00,21949.47169558416,1,75
2024-06-05,21969.55,22115.05,21956.2,22113.4,09:15:00,21966.7974650927,2,1
2024-06-05,21800.55,21973.15,21797.85,21970.8,09:20:00,21950.964373179107,2,2
2024-06-05,22007.65,22046.05,21792.25,21799.85,09:25:00,21956.36300430491,2,3
2024-06-05,22003.05,22054.95,21980.05,22008.2,09:30:00,21960.8093848473,2,4
2024-06-05,21922.1,22017.7,21915.55,22001.55,09:35:00,21957.1227767666,2,5
2024-06-05,21932.45,21977.5,21914.4,21921.65,09:40:00,21954.772988503115,2,6
2024-06-05,21898.05,21960.5,21889.75,21932.3,09:45:00,21949.370799121865,2,7
2024-06-05,21849.85,21911.3,21820.9,21898.15,09:50:00,21939.892627776928,2,8
2024-06-05,21858.7,21892.9,21839.1,21849.35,09:55:00,21932.15999656008,2,9
2024-06-05,21948.9,21970.15,21860.25,21860.8,10:00:00,21933.75428260197,2,10
2024-06-05,22046.35,22049.0,21933.8,21947.7,10:05:00,21944.477684258927,2,11
2024-06-05,22063.3,22077.3,22018.25,22045.2,10:10:00,21955.794095281886,2,12
2024-06-05,22013.3,22076.6,22008.85,22061.8,10:15:00,21961.270848112184,2,13
2024-06-05,21987.15,22012.05,21971.95,22009.9,10:20:00,21963.73552924436,2,14
2024-06-05,21962.75,21999.65,21943.95,21987.55,10:25:00,21963.641669316323,2,15
2024-06-05,22028.95,22036.35,21960.75,21961.65,10:30:00,21969.861510333816,2,16
2024-06-05,22043.6,22048.1,22017.45,22030.15,10:35:00,21976.88422363536,2,17
2024-06-05,22051.95,22065.5,22024.45,22042.65,10:40:00,21984.033345193897,2,18
2024-06-05,22118.05,22124.05,22040.4,22050.85,10:45:00,21996.79683612781,2,19
2024-06-05,22130.1,22142.75,22108.7,22114.85,10:50:00,22009.492375544207,2,20
2024-06-05,22217.5,22230.2,22112.55,22128.4,10:55:00,22029.30262549238,2,21
2024-06-05,22260.55,22262.0,22185.95,22215.55,11:00:00,22051.326184969294,2,22
2024-06-05,22291.0,22291.65,22232.05,22255.8,11:05:00,22074.152262591266,2,23
2024-06-05,22351.65,22354.65,22287.4,22292.4,11:10:00,22100.58061853496,2,24
2024-06-05,22332.35,22362.2,22307.3,22350.85,11:15:00,22122.6538929602,2,25
2024-06-05,22314.3,22351.55,22275.0,22331.9,11:20:00,22140.905903154464,2,26
2024-06-05,22425.05,22425.75,22315.15,22315.15,11:25:00,22167.96724571118,2,27
2024-06-05,22398.6,22445.0,22368.8,22424.85,11:30:00,22189.93226992917,2,28
2024-06-05,22349.95,22408.85,22331.3,22398.05,11:35:00,22205.172053745435,2,29
2024-06-05,22357.1,22400.3,22348.1,22349.45,11:40:00,22219.641381960155,2,30
2024-06-05,22239.95,22353.3,22239.95,22353.3,11:45:00,22221.575536059187,2,31
2024-06-05,22221.6,22292.1,22213.15,22237.85,11:50:00,22221.577865958312,2,32
2024-06-05,22268.35,22298.8,22223.3,22223.3,11:55:00,22226.032354914663,2,33
2024-06-05,22311.45,22324.55,22263.5,22269.9,12:00:00,22234.16736873232,2,34
2024-06-05,22285.25,22323.5,22277.9,22313.0,12:05:00,22239.032381234003,2,35
2024-06-05,22311.6,22317.1,22274.3,22285.75,12:10:00,22245.94358302124,2,36
2024-06-05,22348.5,22373.0,22311.4,22311.95,12:15:00,22255.710860828745,2,37
2024-06-05,22332.15,22350.5,22323.55,22347.85,12:20:00,22262.99077884506,2,38
2024-06-05,22330.95,22345.35,22301.65,22330.9,12:25:00,22269.46308562172,2,39
2024-06-05,22346.4,22355.05,22323.45,22330.9,12:30:00,22276.790410800604,2,40
2024-06-05,22344.1,22363.45,22331.85,22345.45,12:35:00,22283.20084786721,2,41
2024-06-05,22302.35,22346.35,22285.15,22345.2,12:40:00,22285.024576641765,2,42
2024-06-05,22249.0,22311.45,22241.25,22303.9,12:45:00,22281.593664580647,2,43
2024-06-05,22330.25,22332.7,22242.8,22251.0,12:50:00,22286.227601287253,2,44
2024-06-05,22359.05,22366.4,22318.9,22327.95,12:55:00,22293.163067831327,2,45
2024-06-05,22380.5,22389.75,22328.8,22359.05,13:00:00,22301.48087089501,2,46
2024-06-05,22394.85,22408.6,22368.1,22379.95,13:05:00,22310.373168905007,2,47
2024-06-05,22377.65,22420.55,22371.95,22395.3,13:10:00,22316.78048615215,2,48
2024-06-05,22399.4,22401.75,22354.0,22377.6,13:15:00,22324.64901128052,2,49
2024-06-05,22390.35,22420.55,22385.9,22397.85,13:20:00,22330.906248301424,2,50
2024-06-05,22396.95,22407.25,22377.8,22390.05,13:25:00,22337.196129415574,2,51
2024-06-05,22410.55,22423.3,22381.65,22397.1,13:30:00,22344.18221232837,2,52
2024-06-05,22438.15,22439.3,22411.6,22411.6,13:35:00,22353.13152543996,2,53
2024-06-05,22428.35,22436.7,22405.45,22436.0,13:40:00,22360.295189683773,2,54
2024-06-05,22433.45,22443.9,22399.6,22428.0,13:45:00,22367.2623144758,2,55
2024-06-05,22453.0,22457.8,22422.15,22433.0,13:50:00,22375.427808335247,2,56
2024-06-05,22485.8,22498.9,22439.85,22452.65,13:55:00,22385.939445636654,2,57
2024-06-05,22521.6,22528.5,22479.1,22487.35,14:00:00,22398.859498433165,2,58
2024-06-05,22542.15,22547.3,22515.2,22521.9,14:05:00,22412.506212868106,2,59
2024-06-05,22475.15,22560.2,22462.1,22543.25,14:10:00,22418.472287833047,2,60
2024-06-05,22463.4,22487.7,22430.05,22476.15,14:15:00,22422.75111756323,2,61
2024-06-05,22512.6,22521.2,22450.05,22464.5,14:20:00,22431.30815398578,2,62
2024-06-05,22538.05,22543.85,22505.8,22513.2,14:25:00,22441.474044082373,2,63
2024-06-05,22543.35,22550.8,22512.6,22537.4,14:30:00,22451.176516074527,2,64
2024-06-05,22582.85,22584.2,22533.9,22543.1,14:35:00,22463.71684787696,2,65
2024-06-05,22577.1,22603.2,22567.8,22583.6,14:40:00,22474.515243317244,2,66
2024-06-05,22627.1,22631.85,22577.35,22578.25,14:45:00,22489.04712490608,2,67
2024-06-05,22606.8,22637.8,22565.45,22626.05,14:50:00,22500.261684438832,2,68
2024-06-05,22615.05,22615.85,22576.9,22608.8,14:55:00,22511.193904968462,2,69
2024-06-05,22633.6,22659.4,22610.75,22616.55,15:00:00,22522.8516283048,2,70
2024-06-05,22657.85,22660.5,22618.9,22633.4,15:05:00,22535.7086160853,2,71
2024-06-05,22635.85,22670.15,22630.25,22658.8,15:10:00,22545.24589074384,2,72
2024-06-05,22623.7,22639.55,22595.15,22635.65,15:15:00,22552.717710673,2,73
2024-06-05,22580.3,22622.8,22574.65,22622.8,15:20:00,22555.34459537081,2,74
2024-06-05,22573.0,22582.8,22554.65,22581.3,15:25:00,22557.02606247835,2,75
2024-06-06,22719.65,22778.25,22674.65,22778.25,09:15:00,22593.329951371164,3,1
2024-06-06,22704.9,22739.5,22644.2,22716.35,09:20:00,22603.9556702882,3,2
2024-06-06,22717.0,22724.7,22659.85,22703.85,09:25:00,22614.721796927417,3,3
2024-06-06,22769.6,22771.85,22700.65,22714.7,09:30:00,22629.472101981948,3,4
2024-06-06,22747.25,22776.8,22737.15,22770.15,09:35:00,22640.68904465033,3,5
2024-06-06,22732.8,22775.5,22721.5,22749.75,09:40:00,22649.4615165884,3,6
2024-06-06,22696.35,22762.0,22680.0,22731.55,09:45:00,22653.92708643712,3,7
2024-06-06,22735.15,22765.15,22695.7,22695.7,09:50:00,22661.662602014538,3,8
2024-06-06,22750.2,22769.7,22730.7,22736.7,09:55:00,22670.09473515601,3,9
2024-06-06,22784.75,22791.2,22736.8,22748.25,10:00:00,22681.01428418877,3,10
2024-06-06,22782.25,22797.35,22774.4,22788.4,10:05:00,22690.6557809327,3,11
2024-06-06,22786.85,22790.9,22762.3,22783.05,10:10:00,22699.817135129582,3,12
2024-06-06,22834.1,22838.5,22785.25,22787.9,10:15:00,22712.60597940296,3,13
2024-06-06,22849.0,22862.85,22828.55,22835.2,10:20:00,22725.595886126488,3,14
2024-06-06,22851.5,22860.25,22821.35,22848.75,10:25:00,22737.58675411444,3,15
2024-06-06,22842.65,22853.6,22828.3,22850.1,10:30:00,22747.592777532114,3,16
2024-06-06,22869.1,22879.15,22836.6,22843.95,10:35:00,22759.164893957623,3,17
2024-06-06,22862.85,22877.05,22845.85,22871.2,10:40:00,22769.039665961664,3,18
2024-06-06,22877.7,22881.5,22853.85,22864.55,10:45:00,22779.38826920341,3,19
2024-06-06,22857.3,22881.75,22853.4,22877.8,10:50:00,22786.80843404118,3,20
2024-06-06,22883.95,22885.4,22841.75,22855.75,10:55:00,22796.060011751542,3,21
2024-06-06,22897.25,22906.7,22877.5,22884.45,11:00:00,22805.69715348949,3,22
2024-06-06,22909.1,22909.1,22888.45,22897.1,11:05:00,22815.545043633352,3,23
2024-06-06,22896.85,22909.85,22883.2,22909.8,11:10:00,22823.288372811126,3,24
2024-06-06,22898.95,22904.85,22874.6,22897.2,11:15:00,22830.49424206721,3,25
2024-06-06,22891.85,22900.45,22868.3,22898.55,11:20:00,22836.33764758462,3,26
2024-06-06,22880.2,22894.65,22869.0,22891.35,11:25:00,22840.515014481323,3,27
2024-06-06,22829.6,22883.95,22820.15,22880.5,11:30:00,22839.475489292625,3,28
2024-06-06,22802.2,22849.25,22787.85,22830.15,11:35:00,22835.92544269333,3,29
2024-06-06,22796.55,22821.25,22780.25,22802.2,11:40:00,22832.17540053205,3,30
2024-06-06,22688.45,22811.3,22678.5,22796.35,11:45:00,22818.487267148048,3,31
2024-06-06,22782.35,22792.8,22675.8,22688.35,11:50:00,22815.04562265776,3,32
2024-06-06,22777.85,22831.85,22774.8,22783.15,11:55:00,22811.50318240464,3,33
2024-06-06,22741.85,22786.05,22721.45,22777.55,12:00:00,22804.86954598515,3,34
2024-06-06,22744.1,22771.75,22723.3,22740.95,12:05:00,22799.08197017704,3,35
2024-06-06,22720.75,22764.3,22710.35,22746.85,12:10:00,22791.62178254113,3,36
2024-06-06,22744.5,22746.15,22707.9,22720.7,12:15:00,22787.13399372769,3,37
2024-06-06,22756.65,22786.35,22734.0,22744.65,12:20:00,22784.23075622981,3,38
2024-06-06,22767.55,22780.2,22749.3,22757.15,12:25:00,22782.64211277935,3,39
2024-06-06,22792.05,22805.45,22754.0,22766.95,12:30:00,22783.538102038463,3,40
2024-06-06,22731.25,22794.4,22720.45,22790.5,12:35:00,22778.55828279671,3,41
2024-06-06,22719.75,22747.7,22715.75,22733.35,12:40:00,22772.95749395893,3,42
2024-06-06,22767.55,22767.7,22700.25,22719.7,12:45:00,22772.442494534265,3,43
2024-06-06,22742.7,22774.6,22742.45,22764.75,12:50:00,22769.609876007195,3,44
2024-06-06,22744.5,22760.8,22727.85,22744.7,12:55:00,22767.218459244606,3,45
2024-06-06,22689.45,22750.2,22673.0,22744.55,13:00:00,22759.81193931655,3,46
2024-06-06,22656.15,22714.1,22650.9,22687.9,13:05:00,22749.93937366736,3,47
2024-06-06,22699.3,22701.95,22645.15,22659.1,13:10:00,22745.116576175224,3,48
2024-06-06,22712.8,22752.7,22694.95,22699.9,13:15:00,22742.03880701568,3,49
2024-06-06,22717.15,22738.2,22708.55,22713.2,13:20:00,22739.66844444276,3,50
2024-06-06,22763.45,22767.7,22708.0,22717.55,13:25:00,22741.933354495828,3,51
2024-06-06,22759.35,22782.65,22749.95,22763.7,13:30:00,22743.592082639083,3,52
2024-06-06,22810.95,22811.7,22743.9,22756.85,13:35:00,22750.007122387746,3,53
2024-06-06,22841.85,22847.2,22811.05,22811.6,13:40:00,22758.75406311272,3,54
2024-06-06,22765.2,22848.35,22741.1,22843.25,13:45:00,22759.367961863893,3,55
2024-06-06,22751.15,22777.15,22725.05,22761.45,13:50:00,22758.585298829235,3,56
2024-06-06,22781.3,22789.15,22738.45,22751.45,13:55:00,22760.74860370264,3,57
2024-06-06,22755.2,22804.35,22753.35,22779.1,14:00:00,22760.22016525477,3,58
2024-06-06,22770.25,22776.4,22737.9,22755.9,14:05:00,22761.175387611456,3,59
2024-06-06,22781.4,22794.3,22758.2,22770.4,14:10:00,22763.10154117228,3,60
2024-06-06,22745.95,22797.0,22737.35,22781.05,14:15:00,22761.468061060623,3,61
2024-06-06,22744.2,22764.4,22722.95,22745.35,14:20:00,22759.823483816755,3,62
2024-06-06,22724.05,22751.5,22719.4,22744.7,14:25:00,22756.41648535802,3,63
2024-06-06,22718.1,22734.55,22692.8,22724.2,14:30:00,22752.767296276303,3,64
2024-06-06,22691.55,22727.25,22685.8,22717.35,14:35:00,22746.93707758332,3,65
2024-06-06,22727.75,22732.05,22669.5,22690.05,14:40:00,22745.109736861097,3,66
2024-06-06,22750.95,22759.6,22719.45,22726.0,14:45:00,22745.665952398136,3,67
2024-06-06,22723.8,22766.4,22712.8,22752.5,14:50:00,22743.58348074117,3,68
2024-06-06,22773.65,22781.5,22724.15,22724.15,14:55:00,22746.446958765824,3,69
2024-06-06,22817.85,22819.9,22774.85,22774.85,15:00:00,22753.247248407177,3,70
2024-06-06,22807.15,22826.3,22797.45,22815.65,15:05:00,22758.38084379697,3,71
2024-06-06,22825.15,22825.75,22807.25,22807.9,15:10:00,22764.7398110544,3,72
2024-06-06,22831.15,22831.2,22804.35,22824.8,15:15:00,22771.064590953985,3,73
2024-06-06,22848.05,22850.0,22822.25,22831.05,15:20:00,22778.39653467265,3,74
2024-06-06,22849.05,22865.45,22847.8,22848.5,15:25:00,22785.1254361324,3,75
2024-06-07,22822.15,22842.4,22790.75,22824.2,09:15:00,22791.816059963257,4,1
2024-06-07,22923.45,22931.95,22823.35,22823.35,09:20:00,22804.352625681044,4,2
2024-06-07,22921.5,22942.15,22906.05,22923.4,09:25:00,22815.509518473325,4,3
2024-06-07,22935.4,22937.3,22908.1,22919.25,09:30:00,22826.9276595711,4,4
2024-06-07,22942.45,22946.55,22911.6,22934.7,09:35:00,22837.929787231,4,5
2024-06-07,22942.5,22953.5,22926.95,22941.8,09:40:00,22847.88885511376,4,6
2024-06-07,22931.55,22943.75,22923.5,22943.1,09:45:00,22855.856583198165,4,7
2024-06-07,22916.55,22934.3,22904.35,22931.4,09:50:00,22861.636908607863,4,8
2024-06-07,22979.05,22982.95,22910.5,22916.4,09:55:00,22872.819107788066,4,9
2024-06-07,22959.7,22993.1,22959.5,22978.3,10:00:00,22881.09347847492,4,10
2024-06-07,22986.3,22993.55,22951.5,22959.3,10:05:00,22891.1131471916,4,11
2024-06-07,22980.25,23003.75,22977.6,22986.05,10:10:00,22899.602371268586,4,12
2024-06-07,22958.0,22981.75,22929.4,22980.0,10:15:00,22905.164050195388,4,13
2024-06-07,22955.55,22960.85,22916.6,22957.65,10:20:00,22909.962712081546,4,14
2024-06-07,22989.85,22995.7,22950.7,22954.2,10:25:00,22917.571025216632,4,15
2024-06-07,22991.4,22999.6,22978.2,22990.4,10:30:00,22924.60235614838,4,16
2024-06-07,23041.75,23041.75,22980.75,22990.7,10:35:00,22935.75927461044,4,17
2024-06-07,23033.8,23058.65,23027.15,23041.65,10:40:00,22945.096486552306,4,18
2024-06-07,23039.15,23048.9,23022.45,23033.85,10:45:00,22954.053964023515,4,19
2024-06-07,23032.2,23043.55,23029.2,23037.4,10:50:00,22961.49644364032,4,20
2024-06-07,23050.95,23058.95,23029.7,23031.3,10:55:00,22970.015829960288,4,21
2024-06-07,23052.55,23061.3,23042.45,23050.75,11:00:00,22977.876227106928,4,22
2024-06-07,23074.75,23082.05,23050.3,23052.1,11:05:00,22987.10230071579,4,23
2024-06-07,23075.85,23082.5,23064.95,23076.9,11:10:00,22995.55446255238,4,24
2024-06-07,23071.1,23077.75,23060.6,23075.3,11:15:00,23002.74927564263,4,25
2024-06-07,23058.75,23071.15,23046.5,23069.9,11:20:00,23008.08267796238,4,26
2024-06-07,23043.0,23068.0,23037.9,23057.95,11:25:00,23011.408137204056,4,27
2024-06-07,23076.25,23081.85,23043.95,23043.95,11:30:00,23017.58355270843,4,28
2024-06-07,23138.35,23139.15,23074.3,23076.2,11:35:00,23029.08511911716,4,29
2024-06-07,23132.15,23140.15,23120.85,23138.6,11:40:00,23038.90082205837,4,30
2024-06-07,23168.25,23181.15,23124.1,23132.3,11:45:00,23051.21979138615,4,31
2024-06-07,23208.3,23229.4,23163.9,23170.0,11:50:00,23066.179811254133,4,32
2024-06-07,23182.95,23209.15,23175.85,23207.9,11:55:00,23077.300781610884,4,33
2024-06-07,23187.15,23196.55,23172.95,23181.95,12:00:00,23087.762611933656,4,34
2024-06-07,23215.35,23218.85,23181.85,23186.95,12:05:00,23099.9137917495,4,35
2024-06-07,23189.75,23219.45,23187.95,23216.2,12:10:00,23108.469621106688,4,36
2024-06-07,23168.65,23195.05,23135.85,23189.5,12:15:00,23114.2010857632,4,37
2024-06-07,23194.15,23213.85,23168.5,23169.0,12:20:00,23121.815268071463,4,38
2024-06-07,23209.85,23210.5,23187.75,23193.8,12:25:00,23130.19952825513,4,39
2024-06-07,23205.15,23215.9,23197.25,23210.75,12:30:00,23137.33766842131,4,40
2024-06-07,23214.5,23214.5,23179.8,23205.55,12:35:00,23144.686461905,4,41
2024-06-07,23217.85,23222.2,23207.85,23215.5,12:40:00,23151.654417914044,4,42
2024-06-07,23226.9,23248.85,23214.6,23218.05,12:45:00,23158.82066382699,4,43
2024-06-07,23200.55,23234.8,23199.7,23224.2,12:50:00,23162.79488631965,4,44
2024-06-07,23216.2,23221.4,23189.9,23202.2,12:55:00,23167.881087622547,4,45
2024-06-07,23186.3,23217.95,23171.8,23215.35,13:00:00,23169.635269753733,4,46
2024-06-07,23192.3,23212.0,23187.05,23188.3,13:05:00,23171.79381549148,4,47
2024-06-07,23208.25,23211.5,23178.9,23192.25,13:10:00,23175.26583306372,4,48
2024-06-07,23179.45,23208.85,23175.65,23207.4,13:15:00,23175.664325152884,4,49
2024-06-07,23175.3,23204.0,23151.85,23179.65,13:20:00,23175.62962751928,4,50
2024-06-07,23178.55,23195.65,23172.9,23174.8,13:25:00,23175.90775823173,4,51
2024-06-07,23188.9,23193.2,23170.35,23177.85,13:30:00,23177.14511459061,4,52
2024-06-07,23212.7,23220.9,23187.35,23187.85,13:35:00,23180.53129415341,4,53
2024-06-07,23226.15,23226.15,23199.05,23211.85,13:40:00,23184.875932805466,4,54
2024-06-07,23236.8,23249.3,23220.8,23224.25,13:45:00,23189.821082062088,4,55
2024-06-07,23230.2,23253.25,23227.0,23237.25,13:50:00,23193.66669329427,4,56
2024-06-07,23200.9,23237.15,23191.8,23227.8,13:55:00,23194.3555796472,4,57
2024-06-07,23229.4,23232.85,23192.1,23200.9,14:00:00,23197.693143490324,4,58
2024-06-07,23247.9,23247.9,23219.2,23229.25,14:05:00,23202.474748872195,4,59
2024-06-07,23243.7,23254.45,23229.25,23246.35,14:10:00,23206.40096326532,4,60
2024-06-07,23264.1,23279.95,23243.75,23244.15,14:15:00,23211.896109621004,4,61
2024-06-07,23259.2,23281.45,23253.15,23263.45,14:20:00,23216.401242038053,4,62
2024-06-07,23260.05,23264.55,23226.95,23260.9,14:25:00,23220.55826660585,4,63
2024-06-07,23263.05,23273.35,23245.4,23260.4,14:30:00,23224.60509835768,4,64
2024-06-07,23246.3,23268.55,23236.0,23263.5,14:35:00,23226.671279466475,4,65
2024-06-07,23238.2,23254.65,23225.1,23246.6,14:40:00,23227.76925285062,4,66
2024-06-07,23279.05,23286.4,23236.25,23240.3,14:45:00,23232.653133531512,4,67
2024-06-07,23307.45,23314.65,23274.9,23278.95,14:50:00,23239.776644623747,4,68
2024-06-07,23309.1,23318.65,23297.75,23307.75,14:55:00,23246.378868945296,4,69
2024-06-07,23290.3,23318.5,23276.9,23309.65,15:00:00,23250.56183380765,4,70
2024-06-07,23302.15,23303.65,23284.95,23290.1,15:05:00,23255.47499249264,4,71
2024-06-07,23287.75,23305.25,23278.95,23302.1,15:10:00,23258.548802731428,4,72
2024-06-07,23296.6,23301.65,23269.75,23287.65,15:15:00,23262.172726280816,4,73
2024-06-07,23288.1,23299.05,23281.25,23293.55,15:20:00,23264.64199044455,4,74
2024-06-07,23270.05,23288.9,23262.8,23287.4,15:25:00,23265.15703897364,4,75
2024-06-10,23395.2,23410.8,23315.95,23320.15,09:15:00,23282.194537572526,0,1
2024-06-10,23383.7,23392.5,23344.7,23392.5,09:20:00,23291.861724470386,0,2
2024-06-10,23399.65,23409.1,23366.65,23385.15,09:25:00,23302.127274520823,0,3
2024-06-10,23320.7,23404.15,23315.2,23400.1,09:30:00,23303.89610551884,0,4
2024-06-10,23272.35,23336.35,23242.7,23319.3,09:35:00,23300.89171451705,0,5
2024-06-10,23324.75,23348.7,23264.35,23273.5,09:40:00,23303.16393218209,0,6
2024-06-10,23287.1,23326.05,23285.95,23325.35,09:45:00,23301.63403387904,0,7
2024-06-10,23279.8,23302.6,23256.7,23288.4,09:50:00,23299.55460208104,0,8
2024-06-10,23266.15,23294.6,23266.15,23279.0,09:55:00,23296.37321140665,0,9
2024-06-10,23266.45,23282.5,23233.45,23262.1,10:00:00,23293.52338174888,0,10
2024-06-10,23307.25,23309.0,23263.5,23265.8,10:05:00,23294.83067872517,0,11
2024-06-10,23315.25,23327.65,23302.5,23309.05,10:10:00,23296.77537598944,0,12
2024-06-10,23339.35,23339.35,23305.3,23315.0,10:15:00,23300.830102085685,0,13
2024-06-10,23347.0,23355.6,23334.7,23339.05,10:20:00,23305.22723522038,0,14
2024-06-10,23350.65,23362.85,23343.35,23348.7,10:25:00,23309.55321281844,0,15
2024-06-10,23352.45,23355.9,23330.6,23350.8,10:30:00,23313.63862112145,0,16
2024-06-10,23321.3,23352.7,23308.85,23352.7,10:35:00,23314.36827625274,0,17
2024-06-10,23327.85,23342.5,23320.9,23321.9,10:40:00,23315.65224994296,0,18
2024-06-10,23330.85,23342.75,23303.0,23326.05,10:45:00,23317.09965471029,0,19
2024-06-10,23333.65,23344.5,23327.1,23331.6,10:50:00,23318.67587807122,0,20
2024-06-10,23349.95,23356.15,23330.8,23334.2,10:55:00,23321.65436587396,0,21
2024-06-10,23348.35,23360.75,23345.25,23350.0,11:00:00,23324.196807219298,0,22
2024-06-10,23328.6,23351.15,23326.15,23348.5,11:05:00,23324.616158912697,0,23
2024-06-10,23337.6,23340.05,23318.7,23328.7,11:10:00,23325.852715206725,0,24
2024-06-10,23340.05,23348.95,23334.55,23337.55,11:15:00,23327.204837567988,0,25
2024-06-10,23351.9,23356.05,23335.55,23338.8,11:20:00,23329.556757799608,0,26
2024-06-10,23366.65,23369.1,23336.45,23352.6,11:25:00,23333.08944753298,0,27
2024-06-10,23352.1,23370.85,23344.9,23367.15,11:30:00,23334.89997633936,0,28
2024-06-10,23350.0,23356.35,23333.75,23352.55,11:35:00,23336.33807383085,0,29
2024-06-10,23342.05,23352.45,23337.7,23352.45,11:40:00,23336.882066799342,0,30
2024-06-10,23351.1,23354.95,23340.85,23341.85,11:45:00,23338.2361556756,0,31
2024-06-10,23352.8,23356.25,23342.9,23350.5,11:50:00,23339.623188468395,0,32
2024-06-10,23332.45,23358.65,23329.65,23353.15,11:55:00,23338.940027661884,0,33
2024-06-10,23339.05,23347.1,23328.6,23331.05,12:00:00,23338.950501217896,0,34
2024-06-10,23318.3,23340.5,23309.3,23337.95,12:05:00,23336.983786816192,0,35
2024-06-10,23308.15,23329.15,23297.5,23321.8,12:10:00,23334.23771188132,0,36
2024-06-10,23320.55,23321.8,23304.9,23307.95,12:15:00,23332.93412027357,0,37
2024-06-10,23324.5,23326.95,23308.8,23320.45,12:20:00,23332.130870723704,0,38
2024-06-10,23310.95,23326.6,23309.75,23323.05,12:25:00,23330.11364494049,0,39
2024-06-10,23323.55,23325.6,23310.35,23310.95,12:30:00,23329.488535898538,0,40
2024-06-10,23335.15,23338.1,23318.55,23323.3,12:35:00,23330.02772295582,0,41
2024-06-10,23333.9,23339.1,23324.65,23334.7,12:40:00,23330.39651124574,0,42
2024-06-10,23331.05,23339.05,23327.25,23336.0,12:45:00,23330.45874826996,0,43
2024-06-10,23341.15,23342.1,23320.9,23330.3,12:50:00,23331.47696272044,0,44
2024-06-10,23337.2,23345.85,23333.35,23341.75,12:55:00,23332.02201388992,0,45
2024-06-10,23341.5,23347.95,23336.45,23336.45,13:00:00,23332.924679233733,0,46
2024-06-10,23339.7,23348.05,23327.8,23341.95,13:05:00,23333.56994787814,0,47
2024-06-10,23333.4,23340.95,23326.85,23340.0,13:10:00,23333.553762365937,0,48
2024-06-10,23336.85,23344.4,23325.15,23332.55,13:15:00,23333.867689759656,0,49
2024-06-10,23338.0,23339.15,23324.15,23336.15,13:20:00,23334.26124311588,0,50
2024-06-10,23330.25,23339.15,23325.85,23337.75,13:25:00,23333.87921996199,0,51
2024-06-10,23332.15,23338.1,23328.25,23330.4,13:30:00,23333.71453234656,0,52
2024-06-10,23344.15,23345.5,23331.85,23332.05,13:35:00,23334.70838640879,0,53
2024-06-10,23358.35,23361.75,23343.5,23344.95,13:40:00,23336.95996865557,0,54
2024-06-10,23352.0,23365.3,23349.7,23358.5,13:45:00,23338.39235259313,0,55
2024-06-10,23354.45,23357.9,23341.7,23351.55,13:50:00,23339.92165234617,0,56
2024-06-10,23368.35,23368.5,23349.65,23354.2,13:55:00,23342.629114027484,0,57
2024-06-10,23376.6,23377.35,23360.65,23366.2,14:00:00,23345.86443650105,0,58
2024-06-10,23362.25,23377.35,23355.85,23375.95,14:05:00,23347.4249663581,0,59
2024-06-10,23363.25,23369.5,23358.85,23361.9,14:10:00,23348.932112419232,0,60
2024-06-10,23357.25,23365.0,23348.8,23363.0,14:15:00,23349.72429218883,0,61
2024-06-10,23332.85,23360.2,23331.5,23357.25,14:20:00,23348.11721674228,0,62
2024-06-10,23261.95,23332.45,23256.4,23330.8,14:25:00,23339.91081514777,0,63
2024-06-10,23270.0,23293.05,23258.5,23261.7,14:30:00,23333.25264227656,0,64
2024-06-10,23293.4,23293.4,23229.15,23268.45,14:35:00,23329.45715253593,0,65
2024-06-10,23297.45,23300.55,23270.1,23293.05,14:40:00,23326.40885229442,0,66
2024-06-10,23282.4,23300.1,23279.2,23297.5,14:45:00,23322.217533028284,0,67
2024-06-10,23282.55,23286.95,23268.4,23282.25,14:50:00,23318.43967273988,0,68
2024-06-10,23284.35,23287.3,23264.15,23282.2,14:55:00,23315.19303724084,0,69
2024-06-10,23299.3,23300.4,23272.45,23284.25,15:00:00,23313.67941464648,0,70
2024-06-10,23274.75,23300.4,23269.45,23299.75,15:05:00,23309.97185134681,0,71
2024-06-10,23262.15,23278.9,23259.75,23275.9,15:10:00,23305.41738931378,0,72
2024-06-10,23250.1,23264.25,23248.6,23261.6,15:15:00,23300.149066522,0,73
2024-06-10,23236.85,23252.95,23232.35,23250.05,15:20:00,23294.12058399609,0,74
2024-06-10,23234.45,23238.3,23228.1,23236.2,15:25:00,23288.437671234555,0,75
2024-06-11,23247.6,23282.5,23230.7,23278.25,09:15:00,23284.144442892684,1,1
2024-06-11,23267.4,23276.5,23247.55,23247.55,09:20:00,23282.54973404576,1,2
2024-06-11,23283.25,23289.3,23267.3,23267.7,09:25:00,23282.616426041404,1,3
2024-06-11,23248.4,23285.7,23246.3,23282.7,09:30:00,23279.357718799365,1,4
2024-06-11,23218.75,23249.5,23207.2,23249.5,09:35:00,23273.585555104182,1,5
2024-06-11,23252.8,23258.45,23212.3,23218.6,09:40:00,23271.6059784276,1,6
2024-06-11,23263.9,23271.65,23250.35,23252.8,09:45:00,23270.87207572021,1,7
2024-06-11,23271.55,23288.9,23262.25,23265.4,09:50:00,23270.93663993733,1,8
2024-06-11,23269.95,23277.05,23259.0,23270.9,09:55:00,23270.842674229018,1,9
2024-06-11,23294.5,23299.0,23265.75,23268.95,10:00:00,23273.09575287388,1,10
2024-06-11,23304.65,23308.75,23291.35,23295.05,10:05:00,23276.10091926684,1,11
2024-06-11,23312.55,23324.6,23304.6,23305.7,10:10:00,23279.57226028905,1,12
2024-06-11,23319.35,23326.15,23307.8,23311.8,10:15:00,23283.360616451995,1,13
2024-06-11,23318.2,23320.05,23311.3,23319.1,10:20:00,23286.678652980376,1,14
2024-06-11,23307.5,23324.05,23306.25,23318.95,10:25:00,23288.661638410817,1,15
2024-06-11,23325.6,23327.75,23300.3,23306.7,10:30:00,23292.179577609782,1,16
2024-06-11,23344.6,23344.6,23323.5,23325.3,10:35:00,23297.171998789807,1,17
2024-06-11,23321.25,23347.55,23317.8,23343.45,10:40:00,23299.465141762204,1,18
2024-06-11,23316.05,23325.05,23310.35,23320.4,10:45:00,23301.044652070566,1,19
2024-06-11,23328.25,23328.65,23315.85,23315.85,10:50:00,23303.635637587657,1,20
2024-06-11,23318.6,23328.85,23314.0,23327.95,10:55:00,23305.06081496026,1,21
2024-06-11,23317.4,23321.25,23297.9,23317.9,11:00:00,23306.235975440235,1,22
2024-06-11,23323.35,23327.85,23315.75,23317.2,11:05:00,23307.86588254117,1,23
2024-06-11,23328.5,23334.5,23321.65,23323.4,11:10:00,23309.831036584863,1,24
2024-06-11,23332.05,23335.05,23328.1,23329.3,11:15:00,23311.947128338685,1,25
2024-06-11,23315.35,23332.65,23311.1,23332.05,11:20:00,23312.271211354047,1,26
2024-06-11,23306.95,23318.55,23303.7,23315.35,11:25:00,23311.76442932033,1,27
2024-06-11,23317.2,23318.35,23306.75,23306.75,11:30:00,23312.2821027184,1,28
2024-06-11,23322.8,23324.3,23313.9,23317.15,11:35:00,23313.283807221407,1,29
2024-06-11,23324.65,23325.35,23313.8,23322.35,11:40:00,23314.36630177175,1,30
2024-06-11,23325.6,23329.8,23320.4,23324.6,11:45:00,23315.43617779349,1,31
2024-06-11,23331.45,23336.15,23325.55,23325.55,11:50:00,23316.96130371792,1,32
2024-06-11,23320.4,23333.1,23315.25,23331.0,11:55:00,23317.288798601927,1,33
2024-06-11,23319.3,23328.9,23315.0,23319.5,12:00:00,23317.48034159222,1,34
2024-06-11,23328.0,23328.3,23315.75,23319.4,12:05:00,23318.48221382153,1,35
2024-06-11,23331.1,23336.8,23328.95,23329.75,12:10:00,23319.68390774329,1,36
2024-06-11,23332.5,23336.25,23325.25,23330.75,12:15:00,23320.90448795821,1,37
2024-06-11,23333.65,23335.85,23322.05,23332.65,12:20:00,23322.11834624791,1,38
2024-06-11,23334.75,23342.3,23331.65,23333.2,12:25:00,23323.321360890965,1,39
2024-06-11,23315.5,23336.9,23315.2,23335.15,12:30:00,23322.57646937753,1,40
2024-06-11,23331.95,23332.15,23311.05,23316.2,12:35:00,23323.46918657968,1,41
2024-06-11,23337.55,23339.4,23326.65,23331.35,12:40:00,23324.81021642924,1,42
2024-06-11,23329.3,23342.95,23328.7,23336.55,12:45:00,23325.237814864544,1,43
2024-06-11,23346.1,23350.35,23328.95,23329.35,12:50:00,23327.22468963935,1,44
2024-06-11,23334.0,23360.2,23325.65,23346.55,12:55:00,23327.869957292747,1,45
2024-06-11,23340.15,23341.15,23328.65,23333.2,13:00:00,23329.039485169626,1,46
2024-06-11,23340.55,23347.3,23339.55,23340.2,13:05:00,23330.13572467728,1,47
2024-06-11,23331.85,23347.45,23331.75,23340.35,13:10:00,23330.29898899373,1,48
2024-06-11,23342.6,23344.1,23327.55,23333.55,13:15:00,23331.47051385147,1,49
2024-06-11,23345.05,23351.55,23339.75,23342.3,13:20:00,23332.763798246568,1,50
2024-06-11,23353.5,23358.35,23343.6,23344.85,13:25:00,23334.73867460404,1,51
2024-06-11,23371.6,23372.95,23345.8,23352.85,13:30:00,23338.249277022696,1,52
2024-06-11,23379.2,23381.55,23362.85,23371.1,13:35:00,23342.149345877675,1,53
2024-06-11,23379.0,23383.6,23373.3,23379.15,13:40:00,23345.658931984563,1,54
2024-06-11,23382.65,23389.2,23374.15,23379.6,13:45:00,23349.18189084317,1,55
2024-06-11,23369.2,23383.4,23368.05,23381.95,13:50:00,23351.088377429543,1,56
2024-06-11,23374.2,23378.5,23363.7,23369.1,13:55:00,23353.289484341018,1,57
2024-06-11,23340.2,23375.3,23330.5,23374.3,14:00:00,23352.04286678473,1,58
2024-06-11,23345.65,23350.45,23334.5,23340.95,14:05:00,23351.43402232904,1,59
2024-06-11,23330.2,23346.55,23317.75,23345.35,14:10:00,23349.41173448818,1,60
2024-06-11,23319.05,23337.55,23315.85,23330.45,14:15:00,23346.5201407274,1,61
2024-06-11,23337.6,23339.75,23300.95,23319.85,14:20:00,23345.670603515267,1,62
2024-06-11,23344.7,23347.6,23331.65,23338.5,14:25:00,23345.57816508524,1,63
2024-06-11,23333.5,23351.85,23331.6,23345.45,14:30:00,23344.42786364855,1,64
2024-06-11,23329.3,23343.9,23328.05,23332.55,14:35:00,23342.98711472964,1,65
2024-06-11,23332.95,23343.25,23325.85,23327.9,14:40:00,23342.031199041103,1,66
2024-06-11,23321.95,23334.65,23320.6,23333.3,14:45:00,23340.11870389433,1,67
2024-06-11,23319.2,23330.2,23315.65,23321.9,14:50:00,23338.126446380586,1,68
2024-06-11,23327.05,23336.2,23317.95,23318.95,14:55:00,23337.07154672529,1,69
2024-06-11,23273.35,23327.1,23273.35,23325.7,15:00:00,23331.002827989545,1,70
2024-06-11,23279.25,23290.95,23264.45,23267.65,15:05:00,23326.07398722864,1,71
2024-06-11,23264.15,23284.9,23260.35,23278.6,15:10:00,23320.176464635435,1,72
2024-06-11,23250.95,23266.15,23242.35,23264.85,15:15:00,23313.58346800349,1,73
2024-06-11,23238.1,23252.7,23232.0,23251.8,15:20:00,23306.39456628888,1,74
2024-06-11,23261.8,23268.45,23237.55,23238.55,15:25:00,23302.147464737554,1,75
2024-06-12,23326.95,23334.1,23296.9,23331.8,09:15:00,23308.154727370194,2,1
2024-06-12,23338.25,23341.95,23315.95,23325.75,09:20:00,23311.02094381113,2,2
2024-06-12,23356.45,23357.55,23335.05,23339.45,09:25:00,23315.347520591025,2,3
2024-06-12,23341.75,23360.65,23341.0,23355.3,09:30:00,23317.862042439498,2,4
2024-06-12,23358.45,23363.85,23339.75,23341.75,09:35:00,23321.72756220717,2,5
2024-06-12,23372.25,23378.25,23358.6,23358.85,09:40:00,23326.539222949345,2,6
2024-06-12,23373.75,23377.3,23366.85,23372.9,09:45:00,23331.03548743036,2,7
2024-06-12,23391.7,23392.95,23372.85,23374.55,09:50:00,23336.81306005604,2,8
2024-06-12,23403.7,23403.75,23384.95,23391.7,09:55:00,23343.183244812608,2,9
2024-06-12,23415.9,23419.35,23398.9,23404.45,10:00:00,23350.10865006855,2,10
2024-06-12,23396.3,23416.3,23390.05,23416.3,10:05:00,23354.5078262525,2,11
2024-06-12,23408.65,23418.05,23393.75,23397.1,10:10:00,23359.66422375226,2,12
2024-06-12,23388.45,23414.05,23388.4,23410.55,10:15:00,23362.405726252047,2,13
2024-06-12,23391.8,23402.5,23383.75,23389.15,10:20:00,23365.20518089471,2,14
2024-06-12,23405.05,23408.55,23390.25,23391.75,10:25:00,23368.999925571403,2,15
2024-06-12,23402.8,23407.2,23393.75,23404.8,10:30:00,23372.21898027889,2,16
2024-06-12,23412.55,23413.9,23398.8,23402.95,10:35:00,23376.060029776138,2,17
2024-06-12,23435.2,23437.6,23409.25,23413.25,10:40:00,23381.692407892697,2,18
2024-06-12,23421.4,23440.65,23420.5,23436.15,10:45:00,23385.474083331486,2,19
2024-06-12,23427.2,23433.15,23416.5,23420.95,10:50:00,23389.44798015706,2,20
2024-06-12,23424.85,23441.7,23422.85,23427.45,10:55:00,23392.819601094485,2,21
2024-06-12,23417.65,23427.85,23403.05,23425.05,11:00:00,23395.18440099025,2,22
2024-06-12,23406.7,23423.35,23403.75,23418.45,11:05:00,23396.281124705463,2,23
2024-06-12,23413.15,23427.9,23404.2,23407.05,11:10:00,23397.887684257323,2,24
2024-06-12,23402.95,23416.15,23402.45,23412.8,11:15:00,23398.36980956615,2,25
2024-06-12,23418.15,23421.3,23396.8,23403.2,11:20:00,23400.25363722652,2,26
2024-06-12,23381.05,23421.35,23377.4,23418.1,11:25:00,23398.42471939542,2,27
2024-06-12,23386.15,23390.9,23365.0,23379.65,11:30:00,23397.25569850062,2,28
2024-06-12,23388.05,23393.45,23380.5,23385.6,11:35:00,23396.378965310087,2,29
2024-06-12,23402.35,23409.75,23387.95,23388.55,11:40:00,23396.94763528056,2,30
2024-06-12,23409.7,23412.45,23401.15,23402.95,11:45:00,23398.162146206218,2,31
2024-06-12,23418.85,23419.2,23404.55,23409.3,11:50:00,23400.1324179961,2,32
2024-06-12,23435.05,23436.85,23416.55,23418.9,11:55:00,23403.45790199648,2,33
2024-06-12,23421.0,23436.15,23413.85,23434.7,12:00:00,23405.12857799681,2,34
2024-06-12,23404.0,23422.3,23401.7,23421.1,12:05:00,23405.021094378066,2,35
2024-06-12,23414.15,23415.3,23402.4,23404.5,12:10:00,23405.89051396111,2,36
2024-06-12,23419.75,23421.45,23410.3,23413.25,12:15:00,23407.21046501243,2,37
2024-06-12,23412.9,23423.8,23408.1,23419.4,12:20:00,23407.75232548744,2,38
2024-06-12,23414.2,23420.1,23409.7,23413.35,12:25:00,23408.36638972673,2,39
2024-06-12,23411.5,23423.8,23403.65,23414.75,12:30:00,23408.66482880037,2,40
2024-06-12,23418.85,23419.5,23402.9,23411.65,12:35:00,23409.63484510509,2,41
2024-06-12,23412.05,23419.75,23408.65,23418.7,12:40:00,23409.864859857,2,42
2024-06-12,23396.75,23413.55,23396.7,23412.4,12:45:00,23408.615825584897,2,43
2024-06-12,23393.6,23402.4,23384.05,23395.85,12:50:00,23407.185746957766,2,44
2024-06-12,23401.15,23402.15,23392.9,23393.35,12:55:00,23406.61091391417,2,45
2024-06-12,23412.95,23413.4,23398.4,23403.55,13:00:00,23407.21463639853,2,46
2024-06-12,23410.3,23419.6,23407.35,23412.65,13:05:00,23407.50848055105,2,47
2024-06-12,23411.4,23415.1,23406.8,23410.05,13:10:00,23407.879101450955,2,48
2024-06-12,23404.15,23414.35,23402.15,23411.7,13:15:00,23407.523948931816,2,49
2024-06-12,23405.9,23406.85,23399.3,23404.15,13:20:00,23407.369287128786,2,50
2024-06-12,23395.15,23410.85,23392.5,23406.25,13:25:00,23406.20554549748,2,51
2024-06-12,23413.45,23420.8,23394.0,23395.1,13:30:00,23406.895493545333,2,52
2024-06-12,23416.85,23418.8,23408.8,23413.2,13:35:00,23407.84354177911,2,53
2024-06-12,23400.35,23417.2,23397.95,23416.75,13:40:00,23407.12987113348,2,54
2024-06-12,23392.7,23406.55,23390.85,23400.3,13:45:00,23405.7555976922,2,55
2024-06-12,23381.9,23393.65,23350.2,23391.95,13:50:00,23403.48363600723,2,56
2024-06-12,23365.95,23385.15,23364.55,23381.8,13:55:00,23399.90900400654,2,57
2024-06-12,23369.9,23377.5,23361.0,23365.85,14:00:00,23397.051003624965,2,58
2024-06-12,23347.5,23378.3,23342.05,23370.4,14:05:00,23392.331860422582,2,59
2024-06-12,23352.75,23361.75,23336.95,23346.7,14:10:00,23388.56215942996,2,60
2024-06-12,23367.45,23367.45,23340.6,23352.1,14:15:00,23386.551477579487,2,61
2024-06-12,23351.7,23368.5,23343.05,23367.65,14:20:00,23383.232289238586,2,62
2024-06-12,23354.65,23357.65,23345.35,23351.2,14:25:00,23380.51016645396,2,63
2024-06-12,23354.75,23359.3,23340.5,23354.0,14:30:00,23378.056817267865,2,64
2024-06-12,23363.75,23374.6,23353.3,23353.65,14:35:00,23376.694263242352,2,65
2024-06-12,23378.65,23379.9,23362.2,23364.25,14:40:00,23376.88052388594,2,66
2024-06-12,23374.6,23394.15,23373.2,23379.9,14:45:00,23376.6633311349,2,67
2024-06-12,23379.55,23382.9,23367.5,23374.65,14:50:00,23376.9382519792,2,68
2024-06-12,23374.0,23380.05,23367.7,23379.8,14:55:00,23376.65841845737,2,69
2024-06-12,23324.55,23371.65,23318.15,23371.65,15:00:00,23371.695711937617,2,70
2024-06-12,23328.25,23342.25,23315.6,23324.3,15:05:00,23367.55802508641,2,71
2024-06-12,23323.75,23333.6,23317.05,23326.9,15:10:00,23363.38583222104,2,72
2024-06-12,23323.15,23329.8,23313.75,23325.25,15:15:00,23359.55384819999,2,73
2024-06-12,23314.95,23326.5,23304.75,23323.55,15:20:00,23355.305862657133,2,74
2024-06-12,23308.4,23317.7,23297.75,23316.25,15:25:00,23350.83863764217,2,75
2024-06-13,23434.7,23458.35,23421.2,23458.35,09:15:00,23370.03684396558,3,1
2024-06-13,23427.55,23444.85,23423.5,23434.45,09:20:00,23375.51428739743,3,2
2024-06-13,23419.1,23441.3,23418.6,23427.3,09:25:00,23379.665307645293,3,3
2024-06-13,23422.55,23426.2,23396.1,23418.2,09:30:00,23383.74956406003,3,4
2024-06-13,23396.25,23427.3,23390.2,23420.95,09:35:00,23384.9400817686,3,5
2024-06-13,23383.3,23402.0,23382.8,23395.1,09:40:00,23384.78388350492,3,6
2024-06-13,23380.9,23391.25,23364.45,23384.7,09:45:00,23384.413989837787,3,7
2024-06-13,23367.2,23395.0,23367.2,23380.25,09:50:00,23382.77456223419,3,8
2024-06-13,23400.85,23408.05,23365.75,23366.65,09:55:00,23384.4960324976,3,9
2024-06-13,23394.9,23414.1,23389.5,23402.25,10:00:00,23385.486886545445,3,10
2024-06-13,23400.55,23400.9,23371.2,23394.35,10:05:00,23386.92146877921,3,11
2024-06-13,23408.7,23409.5,23394.0,23400.25,10:10:00,23388.995614609765,3,12
2024-06-13,23398.75,23411.55,23391.15,23408.15,10:15:00,23389.92460369455,3,13
2024-06-13,23390.0,23403.4,23383.3,23399.1,10:20:00,23389.93178429507,3,14
2024-06-13,23377.4,23397.7,23375.0,23389.25,10:25:00,23388.73828102888,3,15
2024-06-13,23383.9,23390.45,23372.15,23378.75,10:30:00,23388.27749235945,3,16
2024-06-13,23384.95,23390.3,23380.85,23383.9,10:35:00,23387.960588325222,3,17
2024-06-13,23382.35,23397.6,23381.8,23385.2,10:40:00,23387.42624657996,3,18
2024-06-13,23378.7,23388.9,23375.1,23382.6,10:45:00,23386.59517547711,3,19
2024-06-13,23383.95,23386.25,23372.6,23378.75,10:50:00,23386.3432540031,3,20
2024-06-13,23376.85,23391.15,23376.85,23383.55,10:55:00,23385.43913457423,3,21
2024-06-13,23383.1,23385.75,23374.75,23376.8,11:00:00,23385.216359852875,3,22
2024-06-13,23383.6,23394.05,23381.35,23383.35,11:05:00,23385.062420819268,3,23
2024-06-13,23367.8,23385.7,23366.05,23382.75,11:10:00,23383.41838074124,3,24
2024-06-13,23361.45,23369.4,23354.9,23366.8,11:15:00,23381.326154003986,3,25
2024-06-13,23357.8,23367.9,23353.9,23362.45,11:20:00,23379.085567908365,3,26
2024-06-13,23374.35,23374.85,23355.75,23356.75,11:25:00,23378.6345614409,3,27
2024-06-13,23370.75,23383.5,23368.8,23374.25,11:30:00,23377.88365082748,3,28
2024-06-13,23382.9,23384.05,23369.2,23369.7,11:35:00,23378.36139836772,3,29
2024-06-13,23376.85,23390.6,23376.85,23382.3,11:40:00,23378.217455666032,3,30
2024-06-13,23396.3,23400.05,23377.4,23377.4,11:45:00,23379.939602745457,3,31
2024-06-13,23409.3,23414.25,23392.35,23396.5,11:50:00,23382.73583105541,3,32
2024-06-13,23396.7,23412.25,23395.9,23410.8,11:55:00,23384.06575190728,3,33
2024-06-13,23393.55,23400.1,23392.7,23396.4,12:00:00,23384.9690136304,3,34
2024-06-13,23392.75,23397.85,23387.0,23393.25,12:05:00,23385.71005995132,3,35
2024-06-13,23391.85,23397.6,23388.1,23392.45,12:10:00,23386.294816146423,3,36
2024-06-13,23401.1,23406.5,23386.4,23391.3,12:15:00,23387.70483365629,3,37
2024-06-13,23395.8,23402.0,23393.35,23400.9,12:20:00,23388.475801879504,3,38
2024-06-13,23406.0,23406.45,23393.4,23395.35,12:25:00,23390.144773129075,3,39
2024-06-13,23403.35,23412.25,23401.9,23405.5,12:30:00,23391.40241378345,3,40
2024-06-13,23395.8,23404.55,23394.35,23402.75,12:35:00,23391.82123151836,3,41
2024-06-13,23393.15,23397.2,23388.5,23395.2,12:40:00,23391.947780897564,3,42
2024-06-13,23397.75,23399.45,23380.9,23392.9,12:45:00,23392.50037319304,3,43
2024-06-13,23407.25,23408.5,23396.2,23397.95,12:50:00,23393.905099555603,3,44
2024-06-13,23399.55,23409.55,23395.85,23407.3,12:55:00,23394.442709121737,3,45
2024-06-13,23407.35,23408.7,23394.5,23399.3,13:00:00,23395.671974919667,3,46
2024-06-13,23407.7,23409.75,23403.85,23406.6,13:05:00,23396.817501117792,3,47
2024-06-13,23411.3,23421.1,23406.95,23408.25,13:10:00,23398.196786725624,3,48
2024-06-13,23411.2,23416.8,23408.15,23410.45,13:15:00,23399.435187989853,3,49
2024-06-13,23405.25,23413.7,23402.9,23411.6,13:20:00,23399.988979609865,3,50
2024-06-13,23411.9,23415.8,23403.35,23403.95,13:25:00,23401.123362504164,3,51
2024-06-13,23407.0,23412.9,23404.7,23412.7,13:30:00,23401.68304226567,3,52
2024-06-13,23407.45,23413.95,23403.7,23407.05,13:35:00,23402.23227633561,3,53
2024-06-13,23407.0,23417.85,23406.5,23407.7,13:40:00,23402.686345256025,3,54
2024-06-13,23390.8,23408.25,23388.55,23405.7,13:45:00,23401.5543123745,3,55
2024-06-13,23398.3,23400.8,23384.1,23391.55,13:50:00,23401.244377862644,3,56
2024-06-13,23404.45,23406.05,23389.45,23399.3,13:55:00,23401.54967520906,3,57
2024-06-13,23388.7,23408.05,23388.3,23404.9,14:00:00,23400.32589661772,3,58
2024-06-13,23390.05,23396.1,23385.9,23388.9,14:05:00,23399.34723979698,3,59
2024-06-13,23393.75,23395.0,23385.8,23390.3,14:10:00,23398.814169340127,3,60
2024-06-13,23383.1,23394.5,23366.25,23393.75,14:15:00,23397.31758178393,3,61
2024-06-13,23382.3,23386.2,23376.1,23383.45,14:20:00,23395.887335899744,3,62
2024-06-13,23391.55,23395.8,23375.85,23382.2,14:25:00,23395.474256290247,3,63
2024-06-13,23384.85,23395.35,23380.65,23391.9,14:30:00,23394.462422357843,3,64
2024-06-13,23393.2,23396.95,23383.1,23383.95,14:35:00,23394.3421916571,3,65
2024-06-13,23398.1,23400.65,23388.7,23393.6,14:40:00,23394.700078165944,3,66
2024-06-13,23394.6,23407.8,23390.75,23398.75,14:45:00,23394.690546912043,3,67
2024-06-13,23396.45,23402.6,23392.65,23393.8,14:50:00,23394.8581138728,3,68
2024-06-13,23400.75,23401.05,23386.0,23396.4,14:55:00,23395.41924588492,3,69
2024-06-13,23391.05,23400.7,23385.45,23399.4,15:00:00,23395.003127229207,3,70
2024-06-13,23401.05,23403.85,23384.6,23390.8,15:05:00,23395.579019874047,3,71
2024-06-13,23399.0,23404.1,23393.8,23400.4,15:10:00,23395.90482750509,3,72
2024-06-13,23403.9,23405.15,23396.75,23398.15,15:15:00,23396.666272504608,3,73
2024-06-13,23405.6,23411.2,23402.2,23403.25,15:20:00,23397.517103694645,3,74
2024-06-13,23399.35,23407.55,23397.8,23405.65,15:25:00,23397.691665247537,3,75
2024-06-14,23414.65,23458.95,23411.6,23458.95,09:15:00,23405.10224751556,4,1
2024-06-14,23349.55,23417.85,23347.35,23417.15,09:20:00,23399.81155727598,4,2
2024-06-14,23351.4,23361.4,23338.05,23348.3,09:25:00,23395.200932773507,4,3
2024-06-14,23359.75,23367.1,23335.15,23351.9,09:30:00,23391.824653461743,4,4
2024-06-14,23358.2,23368.45,23349.35,23359.3,09:35:00,23388.622305513003,4,5
2024-06-14,23342.25,23360.4,23341.75,23358.9,09:40:00,23384.205895464143,4,6
2024-06-14,23376.9,23386.3,23338.75,23341.9,09:45:00,23383.510095896127,4,7
2024-06-14,23381.8,23388.65,23375.15,23377.6,09:50:00,23383.347229620304,4,8
2024-06-14,23406.75,23408.0,23379.6,23381.8,09:55:00,23385.57606489456,4,9
2024-06-14,23420.5,23422.4,23406.95,23406.95,10:00:00,23388.902153952225,4,10
2024-06-14,23441.5,23441.5,23414.9,23419.7,10:05:00,23393.91147262344,4,11
2024-06-14,23437.85,23447.6,23432.35,23440.9,10:10:00,23398.09609427836,4,12
2024-06-14,23444.65,23445.1,23424.9,23437.45,10:15:00,23402.529799585176,4,13
2024-06-14,23450.45,23455.05,23440.75,23444.7,10:20:00,23407.09362819611,4,14
2024-06-14,23439.3,23454.4,23436.45,23450.95,10:25:00,23410.16090170124,4,15
2024-06-14,23443.25,23443.9,23433.0,23438.85,10:30:00,23413.31224439636,4,16
2024-06-14,23454.4,23455.05,23432.95,23442.9,10:35:00,23417.22536397766,4,17
2024-06-14,23450.25,23459.45,23448.0,23454.3,10:40:00,23420.37056740836,4,18
2024-06-14,23452.0,23453.4,23445.05,23450.0,10:45:00,23423.382894321847,4,19
2024-06-14,23440.25,23453.65,23439.5,23451.2,10:50:00,23424.989285338816,4,20
2024-06-14,23439.25,23447.0,23437.7,23440.8,10:55:00,23426.34744863988,4,21
2024-06-14,23441.25,23442.1,23433.9,23438.6,11:00:00,23427.76673924561,4,22
2024-06-14,23445.95,23451.3,23439.55,23441.9,11:05:00,23429.49847836508,4,23
2024-06-14,23448.9,23451.25,23444.15,23445.65,11:10:00,23431.346242330303,4,24
2024-06-14,23442.15,23452.5,23439.35,23448.35,11:15:00,23432.37517163218,4,25
2024-06-14,23439.9,23445.2,23437.4,23442.1,11:20:00,23433.091821952927,4,26
2024-06-14,23433.95,23444.25,23431.85,23439.4,11:25:00,23433.173553195506,4,27
2024-06-14,23432.45,23437.95,23429.7,23434.0,11:30:00,23433.10464336736,4,28
2024-06-14,23439.6,23444.3,23430.9,23432.1,11:35:00,23433.723248760944,4,29
2024-06-14,23445.25,23448.55,23438.25,23439.9,11:40:00,23434.82103459323,4,30
2024-06-14,23441.2,23448.75,23438.75,23445.95,11:45:00,23435.428555108163,4,31
2024-06-14,23448.15,23448.85,23439.25,23440.6,11:50:00,23436.64012128834,4,32
2024-06-14,23445.9,23450.15,23443.4,23448.55,11:55:00,23437.522014498976,4,33
2024-06-14,23441.0,23449.75,23438.6,23446.6,12:00:00,23437.85325121336,4,34
2024-06-14,23435.1,23441.95,23431.45,23440.6,12:05:00,23437.59103681209,4,35
2024-06-14,23439.1,23441.55,23428.0,23434.65,12:10:00,23437.73474759189,4,36
2024-06-14,23437.6,23441.9,23436.5,23439.1,12:15:00,23437.72191448789,4,37
2024-06-14,23434.45,23438.85,23432.15,23437.45,12:20:00,23437.41030358429,4,38
2024-06-14,23435.35,23442.25,23431.0,23434.0,12:25:00,23437.21408419531,4,39
2024-06-14,23433.55,23438.3,23431.8,23435.15,12:30:00,23436.86512379576,4,40
2024-06-14,23432.4,23436.4,23429.55,23432.8,12:35:00,23436.439873910447,4,41
2024-06-14,23437.05,23442.45,23431.2,23432.2,12:40:00,23436.49798115707,4,42
2024-06-14,23443.55,23446.6,23434.0,23437.9,12:45:00,23437.169601999256,4,43
2024-06-14,23444.9,23451.8,23441.3,23443.55,12:50:00,23437.90583038028,4,44
2024-06-14,23444.6,23450.1,23442.9,23444.75,12:55:00,23438.54337034406,4,45
2024-06-14,23442.9,23451.05,23441.15,23444.85,13:00:00,23438.958287454152,4,46
2024-06-14,23452.15,23453.1,23441.0,23442.8,13:05:00,23440.214641029947,4,47
2024-06-14,23459.15,23462.7,23448.95,23451.6,13:10:00,23442.018008550906,4,48
2024-06-14,23460.0,23463.55,23453.05,23459.35,13:15:00,23443.730579165105,4,49
2024-06-14,23456.0,23462.75,23452.85,23459.75,13:20:00,23444.899095435096,4,50
2024-06-14,23455.35,23459.8,23452.25,23456.55,13:25:00,23445.89441967937,4,51
2024-06-14,23441.85,23456.8,23441.25,23455.0,13:30:00,23445.50923685276,4,52
2024-06-14,23439.75,23443.5,23435.35,23441.45,13:35:00,23444.96073810488,4,53
2024-06-14,23442.7,23447.3,23437.35,23439.35,13:40:00,23444.74542971393,4,54
2024-06-14,23442.7,23451.9,23441.55,23442.35,13:45:00,23444.55062688404,4,55
2024-06-14,23433.25,23449.55,23431.45,23443.05,13:50:00,23443.4743767046,4,56
2024-06-14,23432.9,23436.0,23424.15,23432.55,13:55:00,23442.467293208927,4,57
2024-06-14,23440.9,23442.4,23429.45,23432.5,14:00:00,23442.31802718903,4,58
2024-06-14,23438.65,23448.2,23437.2,23440.85,14:05:00,23441.968691266266,4,59
2024-06-14,23446.35,23451.15,23438.05,23438.6,14:10:00,23442.38595876472,4,60
2024-06-14,23449.7,23452.9,23442.1,23446.15,14:15:00,23443.08253412045,4,61
2024-06-14,23448.2,23452.6,23446.15,23449.1,14:20:00,23443.56991182328,4,62
2024-06-14,23448.15,23452.65,23445.65,23448.1,14:25:00,23444.00611069725,4,63
2024-06-14,23463.4,23463.45,23448.05,23448.05,14:30:00,23445.853147773705,4,64
2024-06-14,23454.7,23465.2,23454.1,23463.6,14:35:00,23446.69570512859,4,65
2024-06-14,23455.5,23465.0,23442.6,23454.15,14:40:00,23447.534209402056,4,66
2024-06-14,23459.05,23460.65,23453.45,23455.8,14:45:00,23448.630951363764,4,67
2024-06-14,23464.55,23468.1,23455.4,23459.9,14:50:00,23450.14705123388,4,68
2024-06-14,23465.5,23467.75,23458.75,23465.25,14:55:00,23451.609236830653,4,69
2024-06-14,23484.1,23490.1,23464.9,23466.0,15:00:00,23454.703595227733,4,70
2024-06-14,23469.1,23486.4,23462.75,23480.55,15:05:00,23456.074681396523,4,71
2024-06-14,23471.9,23480.35,23463.0,23469.1,15:10:00,23457.58185459685,4,72
2024-06-14,23446.8,23473.35,23444.6,23472.4,15:15:00,23456.55501130192,4,73
2024-06-14,23456.5,23458.15,23446.25,23446.95,15:20:00,23456.549772130307,4,74
2024-06-14,23454.15,23460.35,23448.55,23456.3,15:25:00,23456.32122240361,4,75
2024-06-18,23530.4,23561.2,23518.9,23561.2,09:15:00,23473.240728543544,1,1
2024-06-18,23517.55,23538.7,23503.45,23530.9,09:20:00,23477.460659158445,1,2
2024-06-18,23516.25,23526.75,23500.4,23517.65,09:25:00,23481.15488209574,1,3
2024-06-18,23544.05,23554.75,23515.0,23515.0,09:30:00,23487.14489332472,1,4
2024-06-18,23548.1,23549.3,23534.9,23546.85,09:35:00,23492.950141579506,1,5
2024-06-18,23553.7,23558.85,23538.0,23548.35,09:40:00,23498.73584238146,1,6
2024-06-18,23569.95,23572.65,23553.65,23553.95,09:45:00,23505.51814310704,1,7
2024-06-18,23559.45,23572.75,23557.35,23569.3,09:50:00,23510.654510430173,1,8
2024-06-18,23562.5,23563.25,23549.25,23560.3,09:55:00,23515.592176103488,1,9
2024-06-18,23571.55,23575.25,23553.95,23562.75,10:00:00,23520.92149266506,1,10
2024-06-18,23562.55,23578.0,23561.55,23573.25,10:05:00,23524.886112411245,1,11
2024-06-18,23542.35,23563.05,23542.35,23562.65,10:10:00,23526.54933980065,1,12
2024-06-18,23521.4,23556.2,23517.2,23542.35,10:15:00,23526.0589264863,1,13
2024-06-18,23517.7,23531.6,23517.35,23522.05,10:20:00,23525.26283824951,1,14
2024-06-18,23535.0,23538.65,23512.85,23518.15,10:25:00,23526.190186987653,1,15
2024-06-18,23544.55,23550.5,23534.35,23534.75,10:30:00,23527.938740607875,1,16
2024-06-18,23547.15,23547.15,23536.3,23544.8,10:35:00,23529.768384359504,1,17
2024-06-18,23536.35,23548.85,23534.55,23546.6,10:40:00,23530.395204896693,1,18
2024-06-18,23543.35,23546.7,23532.75,23535.95,10:45:00,23531.62899490653,1,19
2024-06-18,23534.55,23546.0,23531.85,23545.05,10:50:00,23531.90718586781,1,20
2024-06-18,23538.2,23542.65,23530.75,23534.25,10:55:00,23532.50650149945,1,21
2024-06-18,23531.35,23540.45,23526.95,23537.55,11:00:00,23532.396358499504,1,22
2024-06-18,23546.2,23547.55,23531.4,23531.4,11:05:00,23533.71099102336,1,23
2024-06-18,23540.5,23551.25,23540.25,23547.4,11:10:00,23534.35756330685,1,24
2024-06-18,23546.15,23550.95,23541.3,23541.3,11:15:00,23535.48065251572,1,25
2024-06-18,23545.4,23557.35,23543.7,23546.5,11:20:00,23536.42535227613,1,26
2024-06-18,23544.55,23548.7,23542.05,23546.1,11:25:00,23537.19912824983,1,27
2024-06-18,23540.9,23546.65,23537.3,23544.05,11:30:00,23537.55159222604,1,28
2024-06-18,23543.75,23547.25,23540.7,23540.8,11:35:00,23538.141916775938,1,29
2024-06-18,23542.25,23548.65,23540.95,23544.3,11:40:00,23538.53316279728,1,30
2024-06-18,23539.3,23546.25,23535.6,23542.25,11:45:00,23538.606194911823,1,31
2024-06-18,23542.6,23545.2,23537.65,23541.0,11:50:00,23538.98655730117,1,32
2024-06-18,23540.25,23546.25,23539.9,23542.5,11:55:00,23539.10688517725,1,33
2024-06-18,23537.95,23541.75,23535.25,23540.65,12:00:00,23538.99670563656,1,34
2024-06-18,23544.6,23546.6,23535.9,23538.35,12:05:00,23539.53035271879,1,35
2024-06-18,23533.75,23546.7,23532.05,23544.4,12:10:00,23538.97984293605,1,36
2024-06-18,23530.45,23538.0,23529.3,23533.9,12:15:00,23538.16747694214,1,37
2024-06-18,23538.65,23540.95,23529.35,23530.25,12:20:00,23538.21343151908,1,38
2024-06-18,23525.25,23541.4,23525.25,23538.75,12:25:00,23536.97881899345,1,39
2024-06-18,23527.95,23528.2,23513.7,23525.95,12:30:00,23536.118931470264,1,40
2024-06-18,23534.9,23534.9,23526.2,23527.45,12:35:00,23536.00284275881,1,41
2024-06-18,23527.45,23535.3,23525.45,23534.45,12:40:00,23535.18828630559,1,42
2024-06-18,23524.2,23527.85,23520.2,23526.1,12:45:00,23534.14178284792,1,43
2024-06-18,23529.5,23530.1,23524.05,23524.1,12:50:00,23533.699708290973,1,44
2024-06-18,23528.75,23536.6,23528.75,23529.8,12:55:00,23533.228307501355,1,45
2024-06-18,23525.55,23531.3,23521.6,23530.0,13:00:00,23532.49704012028,1,46
2024-06-18,23525.25,23528.85,23523.15,23525.5,13:05:00,23531.806845823103,1,47
2024-06-18,23532.35,23535.75,23524.4,23525.85,13:10:00,23531.85857479233,1,48
2024-06-18,23534.15,23537.6,23530.45,23532.6,13:15:00,23532.076805764493,1,49
2024-06-18,23527.3,23535.55,23526.1,23534.15,13:20:00,23531.62187188216,1,50
2024-06-18,23536.4,23542.8,23523.85,23527.3,13:25:00,23532.076931702908,1,51
2024-06-18,23533.05,23541.0,23533.05,23536.7,13:30:00,23532.16960487406,1,52
2024-06-18,23535.1,23538.5,23531.55,23532.65,13:35:00,23532.44869012415,1,53
2024-06-18,23538.1,23539.55,23532.05,23535.3,13:40:00,23532.98691011233,1,54
2024-06-18,23532.55,23542.7,23532.45,23538.5,13:45:00,23532.94529962544,1,55
2024-06-18,23535.65,23539.1,23530.7,23532.25,13:50:00,23533.202890137305,1,56
2024-06-18,23539.25,23540.25,23532.4,23536.2,13:55:00,23533.778805362323,1,57
2024-06-18,23547.2,23549.4,23537.1,23539.45,14:00:00,23535.05701437544,1,58
2024-06-18,23545.25,23550.1,23541.65,23546.95,14:05:00,23536.02777491111,1,59
2024-06-18,23539.5,23545.85,23535.3,23545.2,14:10:00,23536.35846301481,1,60
2024-06-18,23535.7,23542.05,23530.7,23539.55,14:15:00,23536.29575225149,1,61
2024-06-18,23541.15,23547.3,23535.5,23535.6,14:20:00,23536.758061560875,1,62
2024-06-18,23539.65,23546.1,23538.8,23541.15,14:25:00,23537.033484269363,1,63
2024-06-18,23540.25,23542.75,23533.65,23539.35,14:30:00,23537.339819100853,1,64
2024-06-18,23529.8,23544.15,23529.6,23539.4,14:35:00,23536.62174109125,1,65
2024-06-18,23534.55,23537.1,23527.95,23529.4,14:40:00,23536.424432415894,1,66
2024-06-18,23536.35,23539.8,23533.25,23534.95,14:45:00,23536.41734361438,1,67
2024-06-18,23538.45,23539.45,23531.85,23536.35,14:50:00,23536.61092993681,1,68
2024-06-18,23537.1,23541.05,23532.4,23537.15,14:55:00,23536.65750803807,1,69
2024-06-18,23554.5,23556.85,23536.8,23537.55,15:00:00,23538.356792986822,1,70
2024-06-18,23554.5,23555.85,23546.05,23555.4,15:05:00,23539.8942412738,1,71
2024-06-18,23555.75,23556.95,23546.55,23555.45,15:10:00,23541.40431353344,1,72
2024-06-18,23561.55,23563.0,23554.55,23556.2,15:15:00,23543.32295033977,1,73
2024-06-18,23565.6,23567.9,23559.05,23561.8,15:20:00,23545.44457411694,1,74
2024-06-18,23562.3,23572.1,23558.05,23565.45,15:25:00,23547.04985277247,1,75
2024-06-19,23587.95,23625.25,23573.75,23625.25,09:15:00,23558.079811453204,2,1
2024-06-19,23598.7,23604.3,23571.6,23587.25,09:20:00,23561.948400838613,2,2
2024-06-19,23556.3,23598.55,23554.7,23597.3,09:25:00,23561.4104579016,2,3
2024-06-19,23601.85,23603.65,23532.85,23557.3,09:30:00,23565.26184286336,2,4
2024-06-19,23581.25,23604.65,23577.35,23602.5,09:35:00,23566.78452449541,2,5
2024-06-19,23580.3,23583.2,23549.95,23580.75,09:40:00,23568.07171263871,2,6
2024-06-19,23576.85,23583.95,23560.55,23579.65,09:45:00,23568.907740006453,2,7
2024-06-19,23588.6,23591.85,23565.1,23575.95,09:50:00,23570.78319333917,2,8
2024-06-19,23574.85,23595.7,23572.35,23590.4,09:55:00,23571.170508259253,2,9
2024-06-19,23570.1,23588.85,23570.1,23575.4,10:00:00,23571.068555091704,2,10
2024-06-19,23571.1,23579.3,23561.35,23572.55,10:05:00,23571.07154984488,2,11
2024-06-19,23523.05,23576.6,23523.05,23572.35,10:10:00,23566.498068907265,2,12
2024-06-19,23525.25,23531.45,23502.25,23523.05,10:15:00,23562.569681392288,2,13
2024-06-19,23467.35,23532.6,23467.35,23526.2,10:20:00,23553.501140307308,2,14
2024-06-19,23447.35,23478.75,23447.35,23468.45,10:25:00,23543.39150789709,2,15
2024-06-19,23467.4,23467.4,23413.2,23448.1,10:30:00,23536.154221430697,2,16
2024-06-19,23432.3,23469.7,23426.9,23467.4,10:35:00,23526.2633431992,2,17
2024-06-19,23461.05,23464.3,23427.55,23432.85,10:40:00,23520.0525486088,2,18
2024-06-19,23440.55,23466.3,23435.5,23460.35,10:45:00,23512.48087731273,2,19
2024-06-19,23446.15,23455.9,23439.6,23440.5,10:50:00,23506.16365090199,2,20
2024-06-19,23507.2,23518.25,23438.35,23447.3,10:55:00,23506.262350816087,2,21
2024-06-19,23518.1,23520.7,23499.05,23508.2,11:00:00,23507.38974597646,2,22
2024-06-19,23490.1,23518.5,23487.9,23518.05,11:05:00,23505.743103502507,2,23
2024-06-19,23503.65,23505.5,23481.0,23489.35,11:10:00,23505.5437603118,2,24
2024-06-19,23501.85,23514.1,23499.0,23504.0,11:15:00,23505.19197361543,2,25
2024-06-19,23488.05,23509.65,23478.55,23501.9,11:20:00,23503.55940469968,2,26
2024-06-19,23500.6,23510.25,23488.05,23488.05,11:25:00,23503.27755663304,2,27
2024-06-19,23501.55,23505.1,23489.3,23500.4,11:30:00,23503.11302742989,2,28
2024-06-19,23505.35,23506.2,23496.1,23501.65,11:35:00,23503.32607243657,2,29
2024-06-19,23542.1,23546.25,23500.7,23505.45,11:40:00,23507.018827442607,2,30
2024-06-19,23540.45,23553.4,23535.65,23542.1,11:45:00,23510.20274863855,2,31
2024-06-19,23536.0,23541.5,23530.75,23539.25,11:50:00,23512.65962972059,2,32
2024-06-19,23535.45,23537.4,23529.15,23536.0,11:55:00,23514.83014117577,2,33
2024-06-19,23535.65,23545.15,23530.7,23536.0,12:00:00,23516.81298487332,2,34
2024-06-19,23544.9,23547.7,23526.35,23535.9,12:05:00,23519.48793869491,2,35
2024-06-19,23556.35,23556.65,23541.6,23545.65,12:10:00,23522.99861120016,2,36
2024-06-19,23545.15,23574.2,23543.1,23557.05,12:15:00,23525.108267276333,2,37
2024-06-19,23563.1,23563.6,23543.05,23546.75,12:20:00,23528.726527535728,2,38
2024-06-19,23553.1,23563.8,23552.15,23563.0,12:25:00,23531.04781062756,2,39
2024-06-19,23559.1,23564.15,23550.7,23552.35,12:30:00,23533.719447710653,2,40
2024-06-19,23556.95,23567.8,23553.6,23558.6,12:35:00,23535.93188126202,2,41
2024-06-19,23559.35,23570.45,23555.25,23556.3,12:40:00,23538.162178284685,2,42
2024-06-19,23545.75,23563.0,23539.05,23559.7,12:45:00,23538.88482797186,2,43
2024-06-19,23558.4,23559.55,23539.2,23545.15,12:50:00,23540.743415784065,2,44
2024-06-19,23540.95,23559.25,23540.0,23559.1,12:55:00,23540.763090471297,2,45
2024-06-19,23554.25,23556.05,23540.5,23540.5,13:00:00,23542.04755804546,2,46
2024-06-19,23527.45,23555.75,23527.0,23554.7,13:05:00,23540.65731442208,2,47
2024-06-19,23552.1,23552.6,23527.5,23528.25,13:10:00,23541.74709400093,2,48
2024-06-19,23534.4,23555.75,23531.05,23552.1,13:15:00,23541.047370762743,2,49
2024-06-19,23516.95,23543.65,23514.45,23535.45,13:20:00,23538.752383071056,2,50
2024-06-19,23540.1,23540.45,23513.5,23515.5,13:25:00,23538.88072754048,2,51
2024-06-19,23531.6,23544.9,23529.6,23539.8,13:30:00,23538.187324917577,2,52
2024-06-19,23530.2,23540.65,23522.85,23531.45,13:35:00,23537.42662730638,2,53
2024-06-19,23538.9,23550.65,23528.5,23530.45,13:40:00,23537.566948515298,2,54
2024-06-19,23531.1,23541.8,23519.15,23538.65,13:45:00,23536.95104865669,2,55
2024-06-19,23526.1,23536.5,23515.8,23531.0,13:50:00,23535.917615451297,2,56
2024-06-19,23552.05,23557.1,23524.35,23525.85,13:55:00,23537.454033027363,2,57
2024-06-19,23549.4,23564.45,23540.05,23552.3,14:00:00,23538.591744167614,2,58
2024-06-19,23553.95,23565.95,23540.45,23549.45,14:05:00,23540.05443519927,2,59
2024-06-19,23560.65,23571.5,23553.8,23555.25,14:10:00,23542.015917561243,2,60
2024-06-19,23567.35,23569.8,23545.85,23560.45,14:15:00,23544.428687317315,2,61
2024-06-19,23592.65,23600.15,23563.8,23567.8,14:20:00,23549.02119328709,2,62
2024-06-19,23584.35,23593.2,23575.15,23591.65,14:25:00,23552.385841545467,2,63
2024-06-19,23623.9,23631.55,23581.05,23585.1,14:30:00,23559.196713779234,2,64
2024-06-19,23641.95,23663.6,23623.9,23623.9,14:35:00,23567.077979133595,2,65
2024-06-19,23611.45,23644.25,23605.35,23641.1,14:40:00,23571.30388588278,2,66
2024-06-19,23613.1,23635.75,23610.7,23611.65,14:45:00,23575.284468179656,2,67
2024-06-19,23582.3,23617.85,23579.8,23613.55,14:50:00,23575.952614067308,2,68
2024-06-19,23557.5,23582.2,23548.75,23582.2,14:55:00,23574.19522225137,2,69
2024-06-19,23520.8,23563.05,23506.0,23557.3,15:00:00,23569.109962989336,2,70
2024-06-19,23515.95,23527.8,23484.15,23517.85,15:05:00,23564.047109371302,2,71
2024-06-19,23511.0,23516.55,23500.1,23515.35,15:10:00,23558.995003716896,2,72
2024-06-19,23519.35,23527.4,23507.1,23509.8,15:15:00,23555.219289077195,2,73
2024-06-19,23522.75,23528.45,23515.55,23519.05,15:20:00,23552.126975831747,2,74
2024-06-19,23521.4,23522.15,23504.6,23522.15,15:25:00,23549.2005971811,2,75
2024-06-20,23505.65,23586.15,23504.75,23586.15,09:15:00,23548.236770028067,3,1
2024-06-20,23466.3,23509.75,23462.65,23504.15,09:20:00,23540.43326812063,3,2
2024-06-20,23499.8,23555.3,23462.9,23463.4,09:25:00,23536.56343306152,3,3
2024-06-20,23514.15,23544.4,23467.5,23497.6,09:30:00,23534.428820389,3,4
2024-06-20,23489.35,23515.55,23470.65,23514.95,09:35:00,23530.135599399568,3,5
2024-06-20,23508.0,23524.8,23477.45,23489.75,09:40:00,23528.0274470758,3,6
2024-06-20,23471.45,23518.3,23468.0,23508.6,09:45:00,23522.639118782863,3,7
2024-06-20,23475.1,23492.75,23464.5,23471.5,09:50:00,23518.111583660688,3,8
2024-06-20,23498.05,23515.45,23442.7,23474.7,09:55:00,23516.200956645385,3,9
2024-06-20,23494.15,23505.15,23484.55,23498.35,10:00:00,23514.1008655363,3,10
2024-06-20,23496.9,23500.35,23472.75,23493.65,10:05:00,23512.462687866177,3,11
2024-06-20,23487.35,23515.25,23484.35,23497.15,10:10:00,23510.071003307494,3,12
2024-06-20,23495.35,23506.05,23478.05,23488.25,10:15:00,23508.66900299249,3,13
2024-06-20,23515.5,23534.9,23495.0,23496.35,10:20:00,23509.319574136065,3,14
2024-06-20,23524.4,23529.3,23509.05,23515.55,10:25:00,23510.755805170727,3,15
2024-06-20,23508.9,23539.0,23500.45,23524.55,10:30:00,23510.579061821136,3,16
2024-06-20,23516.0,23518.6,23503.4,23510.55,10:35:00,23511.09534164769,3,17
2024-06-20,23531.9,23535.5,23510.65,23516.15,10:40:00,23513.076737681244,3,18
2024-06-20,23525.85,23539.4,23522.05,23531.8,10:45:00,23514.293238854458,3,19
2024-06-20,23526.5,23533.8,23517.3,23526.1,10:50:00,23515.455787534986,3,20
2024-06-20,23536.8,23542.5,23518.7,23526.4,10:55:00,23517.488569674508,3,21
2024-06-20,23551.7,23563.4,23537.65,23538.05,11:00:00,23520.74680113408,3,22
2024-06-20,23544.95,23553.45,23538.4,23551.85,11:05:00,23523.05186769274,3,23
2024-06-20,23533.65,23552.85,23530.4,23544.8,11:10:00,23524.061213626763,3,24
2024-06-20,23539.65,23544.35,23524.05,23533.05,11:15:00,23525.545859948023,3,25
2024-06-20,23540.6,23548.4,23538.3,23540.35,11:20:00,23526.979587572023,3,26
2024-06-20,23532.35,23543.05,23532.35,23539.9,11:25:00,23527.491055422302,3,27
2024-06-20,23543.35,23544.8,23529.5,23532.45,11:30:00,23529.00143109637,3,28
2024-06-20,23541.55,23552.5,23537.15,23542.4,11:35:00,23530.19653289672,3,29
2024-06-20,23552.55,23555.95,23540.65,23542.1,11:40:00,23532.325434525603,3,30
2024-06-20,23557.6,23562.15,23548.2,23553.35,11:45:00,23534.73253599936,3,31
2024-06-20,23562.55,23564.85,23551.85,23556.9,11:50:00,23537.38181828513,3,32
2024-06-20,23560.0,23569.3,23553.45,23562.6,11:55:00,23539.535930829403,3,33
2024-06-20,23559.5,23564.55,23545.15,23560.3,12:00:00,23541.43727075041,3,34
2024-06-20,23555.6,23566.0,23552.45,23559.6,12:05:00,23542.786102107515,3,35
2024-06-20,23556.6,23559.95,23546.05,23556.05,12:10:00,23544.10171143061,3,36
2024-06-20,23557.55,23560.25,23553.3,23556.9,12:15:00,23545.38250081817,3,37
2024-06-20,23561.6,23561.95,23550.45,23557.45,12:20:00,23546.927024549776,3,38
2024-06-20,23550.05,23561.95,23549.55,23561.55,12:25:00,23547.224450783127,3,39
2024-06-20,23547.6,23553.35,23535.0,23551.2,12:30:00,23547.26021737521,3,40
2024-06-20,23548.1,23559.2,23545.4,23548.2,12:35:00,23547.34019667281,3,41
2024-06-20,23538.25,23551.0,23535.7,23548.85,12:40:00,23546.474463656352,3,42
2024-06-20,23544.3,23547.7,23532.5,23538.15,12:45:00,23546.26737187956,3,43
2024-06-20,23550.75,23552.35,23540.8,23543.2,12:50:00,23546.69428884341,3,44
2024-06-20,23551.2,23557.4,23545.5,23550.6,12:55:00,23547.123404191658,3,45
2024-06-20,23562.8,23572.4,23550.3,23551.0,13:00:00,23548.61641331626,3,46
2024-06-20,23562.55,23567.15,23558.5,23563.2,13:05:00,23549.94342157185,3,47
2024-06-20,23552.5,23567.9,23545.1,23562.85,13:10:00,23550.18690523168,3,48
2024-06-20,23560.3,23560.85,23551.0,23552.45,13:15:00,23551.150057114373,3,49
2024-06-20,23608.85,23614.7,23558.2,23559.5,13:20:00,23556.64528977015,3,50
2024-06-20,23607.05,23623.95,23601.65,23609.2,13:25:00,23561.44573836347,3,51
2024-06-20,23608.4,23622.35,23593.85,23608.1,13:30:00,23565.917572805043,3,52
2024-06-20,23599.95,23610.65,23598.5,23605.55,13:35:00,23569.158756347417,3,53
2024-06-20,23612.35,23616.05,23599.35,23601.5,13:40:00,23573.272208123853,3,54
2024-06-20,23601.55,23612.2,23583.9,23611.9,13:45:00,23575.96533115968,3,55
2024-06-20,23555.05,23603.3,23546.65,23601.35,13:50:00,23573.97339485876,3,56
2024-06-20,23536.15,23575.65,23535.25,23555.7,13:55:00,23570.37116677697,3,57
2024-06-20,23556.15,23559.15,23532.5,23535.95,14:00:00,23569.01676994107,3,58
2024-06-20,23537.7,23562.9,23537.05,23556.9,14:05:00,23566.03422042288,3,59
2024-06-20,23562.75,23569.65,23534.0,23537.55,14:10:00,23565.72143752545,3,60
2024-06-20,23599.3,23600.5,23558.1,23563.35,14:15:00,23568.919395856363,3,61
2024-06-20,23588.7,23600.3,23571.3,23600.3,14:20:00,23570.80326291766,3,62
2024-06-20,23583.55,23593.45,23577.3,23589.0,14:25:00,23572.01723787788,3,63
2024-06-20,23561.1,23584.55,23556.35,23583.55,14:30:00,23570.977500937133,3,64
2024-06-20,23576.0,23580.9,23559.15,23560.45,14:35:00,23571.45583418121,3,65
2024-06-20,23579.55,23590.9,23568.1,23575.65,14:40:00,23572.22670711634,3,66
2024-06-20,23562.4,23581.35,23559.3,23581.25,14:45:00,23571.29083024812,3,67
2024-06-20,23563.75,23566.4,23551.25,23562.25,14:50:00,23570.572655938773,3,68
2024-06-20,23557.8,23565.3,23536.35,23565.15,14:55:00,23569.35621251603,3,69
2024-06-20,23566.4,23575.55,23549.9,23557.9,15:00:00,23569.07466846689,3,70
2024-06-20,23565.6,23568.65,23549.4,23566.3,15:05:00,23568.74374766052,3,71
2024-06-20,23566.85,23569.1,23554.05,23565.7,15:10:00,23568.563390740463,3,72
2024-06-20,23574.75,23575.2,23559.85,23566.2,15:15:00,23569.15259162233,3,73
2024-06-20,23575.4,23577.8,23567.75,23576.0,15:20:00,23569.747582896394,3,74
2024-06-20,23579.15,23587.8,23574.65,23575.45,15:25:00,23570.64305119197,3,75
2024-06-21,23614.8,23664.95,23597.95,23664.95,09:15:00,23582.64725959253,4,1
2024-06-21,23598.75,23627.1,23594.75,23614.1,09:20:00,23584.18085391705,4,2
2024-06-21,23609.7,23624.25,23594.55,23598.0,09:25:00,23586.61124878209,4,3
2024-06-21,23639.4,23649.05,23604.25,23607.85,09:30:00,23591.638748898084,4,4
2024-06-21,23633.1,23644.6,23620.45,23636.8,09:35:00,23595.58743947922,4,5
2024-06-21,23589.55,23634.05,23578.4,23634.05,09:40:00,23595.012445243105,4,6
2024-06-21,23581.75,23598.6,23574.8,23588.4,09:45:00,23593.749355219952,4,7
2024-06-21,23596.2,23605.05,23568.2,23579.7,09:50:00,23593.98274996091,4,8
2024-06-21,23609.65,23611.3,23586.35,23595.5,09:55:00,23595.47486901225,4,9
2024-06-21,23588.65,23622.45,23588.65,23610.55,10:00:00,23594.824881487275,4,10
2024-06-21,23590.75,23604.8,23575.05,23589.05,10:05:00,23594.436797536106,4,11
2024-06-21,23584.75,23595.75,23579.25,23591.3,10:10:00,23593.51424538981,4,12
2024-06-21,23587.15,23601.75,23578.95,23585.25,10:15:00,23592.90812678125,4,13
2024-06-21,23598.55,23602.2,23586.2,23586.45,10:20:00,23593.445448040187,4,14
2024-06-21,23608.8,23609.75,23594.4,23597.85,10:25:00,23594.90778632208,4,15
2024-06-21,23594.35,23610.95,23584.1,23609.1,10:30:00,23594.854663815207,4,16
2024-06-21,23582.55,23602.95,23580.65,23594.55,10:35:00,23593.682791070903,4,17
2024-06-21,23546.2,23588.6,23541.65,23584.1,10:40:00,23589.160620492723,4,18
2024-06-21,23510.55,23547.15,23492.55,23544.8,10:45:00,23581.67389473151,4,19
2024-06-21,23527.65,23530.55,23505.2,23509.1,10:50:00,23576.52876189994,4,20
2024-06-21,23533.95,23537.5,23516.2,23527.95,10:55:00,23572.473641718992,4,21
2024-06-21,23513.75,23541.7,23503.45,23534.35,11:00:00,23566.88091393623,4,22
2024-06-21,23518.7,23531.95,23510.15,23514.2,11:05:00,23562.29225546612,4,23
2024-06-21,23529.05,23533.25,23513.4,23519.1,11:10:00,23559.126326374106,4,24
2024-06-21,23513.55,23532.7,23510.25,23529.5,11:15:00,23554.78572386228,4,25
2024-06-21,23521.55,23530.9,23510.35,23513.9,11:20:00,23551.620416827776,4,26
2024-06-21,23523.0,23530.3,23518.2,23521.1,11:25:00,23548.894662844177,4,27
2024-06-21,23539.05,23549.05,23507.0,23523.1,11:30:00,23547.95707590664,4,28
2024-06-21,23546.9,23557.55,23530.9,23538.75,11:35:00,23547.85640201077,4,29
2024-06-21,23548.1,23561.9,23542.7,23546.85,11:40:00,23547.879601819262,4,30
2024-06-21,23550.2,23550.65,23524.6,23548.15,11:45:00,23548.100592122195,4,31
2024-06-21,23540.75,23551.5,23538.5,23550.45,11:50:00,23547.400535729605,4,32
2024-06-21,23536.5,23546.6,23532.0,23540.55,11:55:00,23546.362389469643,4,33
2024-06-21,23543.85,23546.4,23527.15,23538.15,12:00:00,23546.12311428205,4,34
2024-06-21,23538.45,23547.85,23533.45,23543.45,12:05:00,23545.39234149329,4,35
2024-06-21,23539.3,23541.75,23532.9,23538.4,12:10:00,23544.81211849393,4,36
2024-06-21,23533.95,23546.35,23531.25,23539.25,12:15:00,23543.77763101832,4,37
2024-06-21,23535.15,23542.75,23526.7,23535.05,12:20:00,23542.95595187372,4,38
2024-06-21,23532.05,23538.75,23528.05,23535.95,12:25:00,23541.91728979051,4,39
2024-06-21,23519.6,23534.95,23510.15,23531.75,12:30:00,23539.791833619984,4,40
2024-06-21,23483.05,23521.9,23473.15,23519.05,12:35:00,23534.3878494657,4,41
2024-06-21,23460.3,23487.3,23456.0,23484.1,12:40:00,23527.3318638023,4,42
2024-06-21,23452.2,23469.1,23443.75,23460.6,12:45:00,23520.17644820208,4,43
2024-06-21,23469.6,23473.55,23449.65,23452.4,12:50:00,23515.35964361141,4,44
2024-06-21,23465.6,23473.8,23462.4,23469.7,12:55:00,23510.62062993413,4,45
2024-06-21,23453.3,23469.3,23437.6,23465.55,13:00:00,23505.161522321352,4,46
2024-06-21,23437.95,23453.1,23422.75,23453.1,13:05:00,23498.76042495741,4,47
2024-06-21,23453.25,23456.0,23426.5,23437.15,13:10:00,23494.426098771,4,48
2024-06-21,23458.75,23465.55,23442.25,23452.5,13:15:00,23491.02837507852,4,49
2024-06-21,23479.45,23489.6,23453.0,23460.55,13:20:00,23489.925672690093,4,50
2024-06-21,23466.7,23489.4,23464.7,23480.6,13:25:00,23487.713703862468,4,51
2024-06-21,23467.0,23476.2,23454.2,23466.6,13:30:00,23485.74097016128,4,52
2024-06-21,23475.5,23481.35,23464.8,23465.95,13:35:00,23484.76563966973,4,53
2024-06-21,23467.25,23479.9,23458.6,23475.75,13:40:00,23483.097483510708,4,54
2024-06-21,23476.0,23478.4,23462.5,23466.95,13:45:00,23482.42153270016,4,55
2024-06-21,23521.05,23523.2,23471.25,23475.9,13:50:00,23486.100434347765,4,56
2024-06-21,23522.9,23545.5,23518.3,23521.65,13:55:00,23489.60515488608,4,57
2024-06-21,23573.6,23574.85,23512.15,23523.95,14:00:00,23497.60466394454,4,58
2024-06-21,23578.95,23585.7,23558.6,23575.2,14:05:00,23505.351838806964,4,59
2024-06-21,23567.2,23578.65,23561.7,23578.65,14:10:00,23511.242139872968,4,60
2024-06-21,23549.2,23577.3,23537.0,23567.1,14:15:00,23514.85717417078,4,61
2024-06-21,23489.3,23549.55,23488.2,23549.55,14:20:00,23512.423157583085,4,62
2024-06-21,23447.6,23489.1,23431.4,23487.9,14:25:00,23506.24952352756,4,63
2024-06-21,23426.7,23474.15,23426.7,23443.4,14:30:00,23498.67337842969,4,64
2024-06-21,23445.65,23445.65,23399.5,23424.2,14:35:00,23493.62353286496,4,65
2024-06-21,23460.55,23474.1,23436.8,23444.9,14:40:00,23490.473672592103,4,66
2024-06-21,23472.15,23498.4,23459.65,23460.45,14:45:00,23488.728560916665,4,67
2024-06-21,23524.45,23526.0,23462.9,23473.35,14:50:00,23492.130602734127,4,68
2024-06-21,23510.0,23533.9,23494.9,23524.8,14:55:00,23493.83245009278,4,69
2024-06-21,23542.2,23566.15,23510.75,23511.15,15:00:00,23498.43888341728,4,70
2024-06-21,23499.15,23547.15,23485.3,23545.8,15:05:00,23498.50660880611,4,71
2024-06-21,23476.2,23504.75,23472.7,23498.4,15:10:00,23496.382169872195,4,72
2024-06-21,23479.65,23485.7,23461.65,23476.45,15:15:00,23494.78862988437,4,73
2024-06-21,23486.9,23489.9,23470.65,23480.65,15:20:00,23494.037331800144,4,74
2024-06-21,23453.15,23489.05,23445.65,23489.05,15:25:00,23490.14330020013,4,75
2024-06-24,23395.9,23412.05,23354.5,23386.75,09:15:00,23471.875127828225,0,1
2024-06-24,23425.7,23425.7,23382.45,23397.15,09:20:00,23467.47749660649,0,2
2024-06-24,23411.0,23438.75,23400.95,23424.85,09:25:00,23462.09868740588,0,3
2024-06-24,23395.5,23411.6,23379.6,23411.6,09:30:00,23455.755955271983,0,4
2024-06-24,23369.1,23403.6,23368.3,23395.3,09:35:00,23447.503007150844,0,5
2024-06-24,23386.75,23391.05,23350.0,23367.8,09:40:00,23441.71700646981,0,6
2024-06-24,23400.45,23411.7,23382.95,23386.4,09:45:00,23437.786815377447,0,7
2024-06-24,23414.0,23415.4,23396.2,23400.5,09:50:00,23435.52140438912,0,8
2024-06-24,23421.75,23446.2,23414.1,23415.2,09:55:00,23434.209842066342,0,9
2024-06-24,23419.65,23425.8,23400.75,23421.4,10:00:00,23432.82319044098,0,10
2024-06-24,23449.75,23452.85,23418.75,23419.55,10:05:00,23434.43526754184,0,11
2024-06-24,23445.75,23450.2,23436.1,23449.95,10:10:00,23435.512861109284,0,12
2024-06-24,23442.2,23456.4,23440.65,23446.2,10:15:00,23436.14973147983,0,13
2024-06-24,23454.9,23455.15,23430.75,23442.3,10:20:00,23437.935471338893,0,14
2024-06-24,23445.05,23461.25,23439.25,23455.15,10:25:00,23438.61304549709,0,15
2024-06-24,23455.05,23464.3,23444.75,23445.85,10:30:00,23440.178469735463,0,16
2024-06-24,23459.5,23460.9,23441.8,23454.95,10:35:00,23442.018615474943,0,17
2024-06-24,23480.1,23480.75,23459.5,23460.05,10:40:00,23445.64541400114,0,18
2024-06-24,23477.6,23493.45,23466.9,23479.5,10:45:00,23448.6887079058,0,19
2024-06-24,23479.45,23486.5,23467.15,23476.45,10:50:00,23451.618354771912,0,20
2024-06-24,23469.75,23481.0,23465.7,23479.3,10:55:00,23453.34517812697,0,21
2024-06-24,23505.85,23514.55,23469.5,23470.1,11:00:00,23458.34563735297,0,22
2024-06-24,23512.5,23523.65,23500.6,23505.0,11:05:00,23463.503195700305,0,23
2024-06-24,23497.05,23522.2,23495.65,23513.0,11:10:00,23466.69812944313,0,24
2024-06-24,23530.6,23542.7,23495.95,23497.35,11:15:00,23472.78402187712,0,25
2024-06-24,23518.35,23543.6,23517.0,23531.2,11:20:00,23477.123638841204,0,26
2024-06-24,23522.5,23536.7,23515.9,23518.4,11:25:00,23481.445197046804,0,27
2024-06-24,23532.95,23536.55,23521.45,23524.1,11:30:00,23486.35041637568,0,28
2024-06-24,23523.15,23533.8,23510.4,23532.95,11:35:00,23489.85513862561,0,29
2024-06-24,23501.9,23525.2,23500.75,23523.6,11:40:00,23491.00226828032,0,30
2024-06-24,23509.2,23515.9,23491.5,23501.55,11:45:00,23492.735385586955,0,31
2024-06-24,23535.85,23539.0,23509.1,23509.15,11:50:00,23496.841539340578,0,32
2024-06-24,23534.95,23538.3,23524.95,23536.2,11:55:00,23500.47091654624,0,33
2024-06-24,23537.0,23543.55,23528.9,23535.35,12:00:00,23503.94987687517,0,34
2024-06-24,23532.3,23542.45,23530.0,23536.95,12:05:00,23506.649888601343,0,35
2024-06-24,23534.65,23539.6,23527.9,23532.25,12:10:00,23509.31656587741,0,36
2024-06-24,23538.8,23546.3,23531.1,23534.7,12:15:00,23512.12451198432,0,37
2024-06-24,23535.4,23542.2,23523.6,23538.6,12:20:00,23514.34122512867,0,38
2024-06-24,23545.1,23554.1,23532.8,23535.5,12:25:00,23517.27063225927,0,39
2024-06-24,23555.6,23557.3,23541.6,23544.25,12:30:00,23520.92104823458,0,40
2024-06-24,23537.3,23557.75,23533.75,23555.7,12:35:00,23522.48094840272,0,41
2024-06-24,23522.1,23541.6,23520.2,23537.25,12:40:00,23522.444667602456,0,42
2024-06-24,23523.4,23528.35,23513.65,23522.1,12:45:00,23522.535651640315,0,43
2024-06-24,23535.7,23537.65,23522.5,23522.5,12:50:00,23523.78939910314,0,44
2024-06-24,23524.75,23538.25,23522.35,23535.85,12:55:00,23523.880884902843,0,45
2024-06-24,23514.7,23528.75,23514.15,23524.1,13:00:00,23523.006514912096,0,46
2024-06-24,23535.1,23536.9,23513.7,23514.3,13:05:00,23524.15827539666,0,47
2024-06-24,23546.6,23547.6,23530.1,23535.75,13:10:00,23526.29558250174,0,48
2024-06-24,23535.6,23549.6,23532.15,23546.55,13:15:00,23527.18171750157,0,49
2024-06-24,23545.7,23546.55,23531.95,23535.35,13:20:00,23528.945363453808,0,50
2024-06-24,23531.35,23555.25,23529.75,23546.45,13:25:00,23529.17437645821,0,51
2024-06-24,23529.9,23538.45,23529.4,23531.25,13:30:00,23529.24348346219,0,52
2024-06-24,23541.2,23542.1,23527.6,23528.85,13:35:00,23530.38219932293,0,53
2024-06-24,23536.2,23552.05,23536.2,23541.75,13:40:00,23530.93627557789,0,54
2024-06-24,23546.35,23548.4,23535.05,23536.6,13:45:00,23532.404249332376,0,55
2024-06-24,23532.25,23547.75,23531.5,23546.6,13:50:00,23532.38955891977,0,56
2024-06-24,23535.65,23537.05,23522.35,23532.65,13:55:00,23532.70007711789,0,57
2024-06-24,23530.4,23537.7,23517.15,23534.8,14:00:00,23532.481022154283,0,58
2024-06-24,23528.4,23532.0,23520.4,23529.95,14:05:00,23532.092353377684,0,59
2024-06-24,23519.95,23530.35,23511.0,23527.9,14:10:00,23530.93593877029,0,60
2024-06-24,23527.3,23531.7,23520.1,23520.1,14:15:00,23530.5896588874,0,61
2024-06-24,23518.1,23528.6,23504.75,23527.1,14:20:00,23529.400167564792,0,62
2024-06-24,23528.3,23531.75,23518.65,23518.65,14:25:00,23529.29538970148,0,63
2024-06-24,23514.45,23530.1,23512.15,23527.75,14:30:00,23527.88154306324,0,64
2024-06-24,23512.3,23522.15,23505.75,23515.05,14:35:00,23526.397586581028,0,65
2024-06-24,23519.9,23520.4,23504.5,23512.35,14:40:00,23525.778768811408,0,66
2024-06-24,23499.55,23519.6,23492.25,23519.6,14:45:00,23523.28079082937,0,67
2024-06-24,23511.9,23517.55,23498.9,23499.55,14:50:00,23522.19690598848,0,68
2024-06-24,23513.4,23518.7,23505.9,23512.15,14:55:00,23521.359105418145,0,69
2024-06-24,23526.75,23538.35,23504.0,23513.75,15:00:00,23521.87252394975,0,70
2024-06-24,23537.25,23538.3,23515.2,23525.45,15:05:00,23523.337045478343,0,71
2024-06-24,23545.95,23550.25,23531.65,23536.3,15:10:00,23525.490660194693,0,72
2024-06-24,23541.75,23547.85,23532.9,23547.0,15:15:00,23527.03916874758,0,73
2024-06-24,23551.6,23552.5,23534.6,23541.7,15:20:00,23529.378295533523,0,74
2024-06-24,23548.65,23553.1,23541.9,23552.7,15:25:00,23531.2136959589,0,75
2024-06-25,23594.9,23600.3,23572.9,23583.8,09:15:00,23541.23298013869,1,1
2024-06-25,23593.8,23603.15,23582.15,23594.8,09:20:00,23546.23936298263,1,2
2024-06-25,23578.6,23593.75,23571.5,23593.6,09:25:00,23549.32132841285,1,3
2024-06-25,23589.9,23601.6,23578.4,23579.75,09:30:00,23553.18596380211,1,4
2024-06-25,23580.85,23594.05,23574.25,23588.85,09:35:00,23555.82063391619,1,5
2024-06-25,23600.3,23605.6,23575.85,23580.6,09:40:00,23560.056764019413,1,6
2024-06-25,23615.7,23617.55,23590.05,23599.1,09:45:00,23565.35611982709,1,7
2024-06-25,23586.65,23617.35,23581.7,23615.6,09:50:00,23567.384108414983,1,8
2024-06-25,23574.75,23595.95,23574.75,23585.5,09:55:00,23568.08562189928,1,9
2024-06-25,23573.75,23586.45,23565.85,23574.4,10:00:00,23568.625086480293,1,10
2024-06-25,23574.1,23583.25,23570.15,23573.85,10:05:00,23569.1465068155,1,11
2024-06-25,23594.85,23599.7,23573.35,23573.7,10:10:00,23571.594458547355,1,12
2024-06-25,23590.65,23604.4,23587.95,23594.7,10:15:00,23573.409272019035,1,13
2024-06-25,23591.8,23594.25,23585.25,23590.85,10:20:00,23575.160769921986,1,14
2024-06-25,23595.7,23599.0,23585.75,23592.65,10:25:00,23577.11688707227,1,15
2024-06-25,23590.5,23597.8,23587.65,23593.95,10:30:00,23578.39146925586,1,16
2024-06-25,23595.5,23595.5,23587.25,23590.35,10:35:00,23580.02085313625,1,17
2024-06-25,23590.15,23598.65,23587.95,23594.25,10:40:00,23580.985533789943,1,18
2024-06-25,23608.2,23610.9,23588.9,23590.25,10:45:00,23583.577387714715,1,19
2024-06-25,23603.5,23610.25,23597.95,23608.5,10:50:00,23585.47477936093,1,20
2024-06-25,23603.8,23605.4,23594.9,23603.35,10:55:00,23587.22003846942,1,21
2024-06-25,23591.6,23605.45,23589.25,23603.8,11:00:00,23587.637177662808,1,22
2024-06-25,23585.15,23593.7,23581.6,23592.0,11:05:00,23587.400303599683,1,23
2024-06-25,23581.2,23589.05,23579.75,23585.0,11:10:00,23586.80979849495,1,24
2024-06-25,23564.45,23581.5,23562.2,23580.5,11:15:00,23584.680293876383,1,25
2024-06-25,23585.05,23587.4,23564.4,23565.15,11:20:00,23584.7155039834,1,26
2024-06-25,23573.25,23587.4,23571.0,23584.95,11:25:00,23583.62355122307,1,27
2024-06-25,23571.05,23580.95,23567.75,23572.95,11:30:00,23582.426070154204,1,28
2024-06-25,23573.4,23574.7,23566.35,23570.25,11:35:00,23581.566444425232,1,29
2024-06-25,23581.3,23583.05,23569.85,23572.3,11:40:00,23581.541068765684,1,30
2024-06-25,23587.85,23590.1,23576.3,23581.4,11:45:00,23582.14191935943,1,31
2024-06-25,23590.9,23592.4,23581.85,23586.4,11:50:00,23582.97602227758,1,32
2024-06-25,23588.4,23593.35,23585.0,23590.95,11:55:00,23583.49259158448,1,33
2024-06-25,23581.6,23591.8,23579.55,23588.45,12:00:00,23583.312344766902,1,34
2024-06-25,23595.8,23598.9,23580.0,23580.85,12:05:00,23584.501645265296,1,35
2024-06-25,23588.45,23599.05,23585.2,23595.7,12:10:00,23584.87767904956,1,36
2024-06-25,23584.05,23592.85,23582.1,23586.95,12:15:00,23584.798852473406,1,37
2024-06-25,23588.7,23589.3,23580.65,23583.8,12:20:00,23585.17039033308,1,38
2024-06-25,23622.35,23631.85,23586.3,23586.7,12:25:00,23588.71130553945,1,39
2024-06-25,23644.9,23655.1,23621.5,23622.0,12:30:00,23594.062609773795,1,40
2024-06-25,23663.4,23663.4,23639.55,23643.55,12:35:00,23600.66617074772,1,41
2024-06-25,23644.55,23665.5,23643.7,23662.7,12:40:00,23604.84558305746,1,42
2024-06-25,23665.05,23668.35,23640.75,23645.05,12:45:00,23610.579337051982,1,43
2024-06-25,23658.2,23667.85,23653.05,23664.15,12:50:00,23615.114638285133,1,44
2024-06-25,23655.25,23661.15,23650.15,23658.5,12:55:00,23618.937053686543,1,45
2024-06-25,23654.9,23667.45,23647.05,23654.65,13:00:00,23622.362096192588,1,46
2024-06-25,23649.1,23657.9,23646.4,23654.5,13:05:00,23624.908563221867,1,47
2024-06-25,23672.5,23683.9,23648.25,23648.25,13:10:00,23629.44108101026,1,48
2024-06-25,23679.75,23690.4,23671.6,23671.6,13:15:00,23634.232406628333,1,49
2024-06-25,23687.6,23691.75,23674.55,23679.95,13:20:00,23639.31503456849,1,50
2024-06-25,23679.75,23692.2,23676.05,23687.5,13:25:00,23643.165983657207,1,51
2024-06-25,23673.45,23681.2,23661.5,23678.75,13:30:00,23646.05017568985,1,52
2024-06-25,23664.85,23678.4,23663.3,23674.1,13:35:00,23647.84063514796,1,53
2024-06-25,23673.45,23682.2,23664.35,23664.35,13:40:00,23650.27962227673,1,54
2024-06-25,23685.7,23685.7,23672.05,23673.75,13:45:00,23653.652991583705,1,55
2024-06-25,23683.8,23691.15,23672.6,23685.55,13:50:00,23656.5241352424,1,56
2024-06-25,23679.3,23685.05,23671.6,23683.35,13:55:00,23658.69326521932,1,57
2024-06-25,23687.85,23690.85,23675.2,23678.75,14:00:00,23661.47009710319,1,58
2024-06-25,23697.05,23698.9,23681.3,23687.95,14:05:00,23664.85865928384,1,59
2024-06-25,23695.25,23709.65,23694.5,23696.8,14:10:00,23667.753072685377,1,60
2024-06-25,23686.05,23697.4,23682.35,23695.8,14:15:00,23669.49563719153,1,61
2024-06-25,23680.6,23690.35,23673.05,23686.15,14:20:00,23670.55319555424,1,62
2024-06-25,23692.75,23694.5,23671.45,23680.95,14:25:00,23672.667176930023,1,63
2024-06-25,23692.7,23700.85,23687.1,23693.55,14:30:00,23674.57506484145,1,64
2024-06-25,23696.55,23704.55,23691.35,23693.15,14:35:00,23676.667915808936,1,65
2024-06-25,23690.3,23698.0,23686.1,23697.2,14:40:00,23677.966209541417,1,66
2024-06-25,23688.45,23700.45,23682.3,23690.2,14:45:00,23678.96466577557,1,67
2024-06-25,23681.7,23697.3,23673.65,23687.6,14:50:00,23679.22517379694,1,68
2024-06-25,23684.9,23689.2,23677.4,23682.1,14:55:00,23679.76563343533,1,69
2024-06-25,23715.8,23715.8,23685.05,23685.65,15:00:00,23683.19747787006,1,70
2024-06-25,23718.05,23729.2,23705.35,23718.65,15:05:00,23686.51676569196,1,71
2024-06-25,23731.65,23732.8,23712.7,23716.65,15:10:00,23690.815168959394,1,72
2024-06-25,23727.95,23734.85,23724.5,23732.2,15:15:00,23694.351819534688,1,73
2024-06-25,23745.9,23753.5,23725.85,23728.85,15:20:00,23699.2611700552,1,74
2024-06-25,23721.9,23747.6,23715.3,23746.9,15:25:00,23701.41724909756,1,75
2024-06-26,23724.5,23742.65,23691.45,23732.85,09:15:00,23705.48396127941,2,1
2024-06-26,23703.75,23725.85,23703.75,23722.0,09:20:00,23705.318822109937,2,2
2024-06-26,23695.9,23722.85,23695.3,23704.8,09:25:00,23704.4217914328,2,3
2024-06-26,23704.45,23725.25,23671.35,23696.55,09:30:00,23704.42447796301,2,4
2024-06-26,23708.25,23718.45,23701.85,23703.4,09:35:00,23704.788813395106,2,5
2024-06-26,23701.2,23721.95,23697.5,23709.85,09:40:00,23704.44702164319,2,6
2024-06-26,23698.35,23701.9,23681.05,23700.05,09:45:00,23703.86635291527,2,7
2024-06-26,23710.65,23715.5,23693.05,23696.25,09:50:00,23704.512414542387,2,8
2024-06-26,23702.3,23718.95,23697.05,23710.35,09:55:00,23704.30170839549,2,9
2024-06-26,23698.85,23706.7,23687.8,23701.95,10:00:00,23703.78249807211,2,10
2024-06-26,23702.7,23705.05,23686.15,23697.95,10:05:00,23703.679403017624,2,11
2024-06-26,23693.25,23705.8,23691.4,23702.1,10:10:00,23702.68612653976,2,12
2024-06-26,23732.35,23735.95,23693.15,23693.15,10:15:00,23705.511257345494,2,13
2024-06-26,23720.3,23750.45,23720.3,23732.15,10:20:00,23706.919709026875,2,14
2024-06-26,23731.85,23737.4,23714.2,23718.35,10:25:00,23709.29402245289,2,15
2024-06-26,23725.25,23742.2,23724.1,23732.35,10:30:00,23710.81363936214,2,16
2024-06-26,23723.75,23729.85,23716.1,23724.8,10:35:00,23712.0456737086,2,17
2024-06-26,23724.95,23737.85,23722.0,23724.05,10:40:00,23713.27465716493,2,18
2024-06-26,23736.4,23741.4,23722.35,23724.45,10:45:00,23715.47707076827,2,19
2024-06-26,23743.85,23749.2,23732.55,23736.6,10:50:00,23718.179254504623,2,20
2024-06-26,23764.3,23769.05,23743.75,23745.65,10:55:00,23722.571706456565,2,21
2024-06-26,23774.45,23782.4,23764.25,23764.3,11:00:00,23727.51249631785,2,22
2024-06-26,23776.25,23789.6,23771.15,23774.9,11:05:00,23732.154163335195,2,23
2024-06-26,23774.45,23782.65,23767.25,23775.7,11:10:00,23736.18233825565,2,24
2024-06-26,23778.0,23791.65,23772.6,23773.8,11:15:00,23740.16497270749,2,25
2024-06-26,23789.95,23794.3,23777.8,23778.2,11:20:00,23744.90640387821,2,26
2024-06-26,23806.55,23812.75,23785.85,23790.9,11:25:00,23750.77722255648,2,27
2024-06-26,23823.2,23824.0,23804.65,23807.1,11:30:00,23757.674629932044,2,28
2024-06-26,23802.7,23825.65,23799.65,23824.85,11:35:00,23761.962760414703,2,29
2024-06-26,23805.4,23810.65,23791.15,23803.05,11:40:00,23766.09964037521,2,30
2024-06-26,23816.8,23819.05,23803.35,23806.15,11:45:00,23770.92824605376,2,31
2024-06-26,23818.4,23821.9,23814.2,23817.2,11:50:00,23775.449365477216,2,32
2024-06-26,23826.35,23827.2,23813.9,23818.25,11:55:00,23780.297044955576,2,33
2024-06-26,23821.5,23842.45,23818.2,23827.1,12:00:00,23784.22113591219,2,34
2024-06-26,23832.65,23834.15,23817.85,23822.0,12:05:00,23788.83340868245,2,35
2024-06-26,23828.8,23838.25,23828.1,23832.7,12:10:00,23792.6397507127,2,36
2024-06-26,23843.05,23846.9,23827.2,23830.15,12:15:00,23797.4407268353,2,37
2024-06-26,23841.0,23850.95,23832.45,23843.2,12:20:00,23801.58922904146,2,38
2024-06-26,23835.35,23859.35,23834.6,23841.45,12:25:00,23804.80454056132,2,39
2024-06-26,23846.3,23849.5,23829.75,23834.65,12:30:00,23808.75648907929,2,40
2024-06-26,23844.05,23849.9,23834.85,23847.85,12:35:00,23812.11777583364,2,41
2024-06-26,23844.2,23845.95,23836.45,23844.2,12:40:00,23815.173225754246,2,42
2024-06-26,23841.95,23845.85,23832.1,23843.75,12:45:00,23817.72339473004,2,43
2024-06-26,23838.45,23850.55,23832.8,23843.3,12:50:00,23819.69735713669,2,44
2024-06-26,23830.25,23838.35,23816.8,23837.8,12:55:00,23820.702370742725,2,45
2024-06-26,23804.35,23832.2,23803.8,23831.4,13:00:00,23819.14500210056,2,46
2024-06-26,23829.65,23833.45,23803.85,23805.7,13:05:00,23820.14547809098,2,47
2024-06-26,23828.25,23844.65,23823.0,23829.95,13:10:00,23820.91733732041,2,48
2024-06-26,23838.75,23845.0,23825.1,23828.6,13:15:00,23822.61568614704,2,49
2024-06-26,23848.75,23853.65,23835.2,23838.35,13:20:00,23825.104668418742,2,50
2024-06-26,23847.1,23858.55,23843.85,23849.0,13:25:00,23827.19946190268,2,51
2024-06-26,23840.85,23849.3,23838.85,23846.25,13:30:00,23828.49951315004,2,52
2024-06-26,23849.2,23849.85,23838.9,23840.95,13:35:00,23830.470988088127,2,53
2024-06-26,23844.1,23858.7,23839.6,23848.75,13:40:00,23831.76898922259,2,54
2024-06-26,23850.35,23855.7,23843.45,23844.75,13:45:00,23833.53860929663,2,55
2024-06-26,23852.05,23853.55,23844.6,23850.3,13:50:00,23835.301598887425,2,56
2024-06-26,23851.7,23863.65,23845.65,23851.6,13:55:00,23836.863351374337,2,57
2024-06-26,23856.65,23861.6,23850.6,23852.4,14:00:00,23838.74779410059,2,58
2024-06-26,23863.3,23864.75,23855.8,23856.75,14:05:00,23841.086099424345,2,59
2024-06-26,23872.2,23874.15,23861.15,23863.3,14:10:00,23844.0493280506,2,60
2024-06-26,23873.6,23879.85,23865.05,23873.05,14:15:00,23846.863677760062,2,61
2024-06-26,23861.8,23875.9,23849.95,23874.4,14:20:00,23848.28618464006,2,62
2024-06-26,23865.35,23875.9,23856.7,23862.35,14:25:00,23849.91130991244,2,63
2024-06-26,23869.6,23878.7,23857.85,23866.3,14:30:00,23851.78642325411,2,64
2024-06-26,23869.55,23881.05,23867.9,23870.45,14:35:00,23853.478192468003,2,65
2024-06-26,23872.9,23881.95,23869.55,23871.3,14:40:00,23855.32788842343,2,66
2024-06-26,23874.9,23877.0,23864.7,23871.55,14:45:00,23857.19189904977,2,67
2024-06-26,23881.05,23884.1,23857.0,23877.25,14:50:00,23859.46409914027,2,68
2024-06-26,23874.05,23884.85,23873.1,23882.6,14:55:00,23860.853232555484,2,69
2024-06-26,23864.2,23876.5,23855.25,23873.35,15:00:00,23861.171972312102,2,70
2024-06-26,23879.2,23879.2,23843.2,23862.65,15:05:00,23862.88892733,2,71
2024-06-26,23875.2,23889.65,23870.75,23879.45,15:10:00,23864.061410441427,2,72
2024-06-26,23877.2,23879.8,23862.7,23873.5,15:15:00,23865.3127046851,2,73
2024-06-26,23864.85,23887.05,23860.7,23878.1,15:20:00,23865.26863757224,2,74
2024-06-26,23840.25,23869.75,23839.6,23865.3,15:25:00,23862.885910184403,2,75
2024-06-27,23841.5,23885.05,23823.8,23872.05,09:15:00,23862.457400400388,3,1
2024-06-27,23850.05,23863.25,23841.45,23842.25,09:20:00,23861.2757432194,3,2
2024-06-27,23819.7,23852.6,23814.25,23851.05,09:25:00,23857.31614862708,3,3
2024-06-27,23817.35,23829.95,23806.1,23819.7,09:30:00,23853.50984875783,3,4
2024-06-27,23847.8,23857.7,23812.7,23816.2,09:35:00,23852.96605363804,3,5
2024-06-27,23857.35,23865.0,23845.85,23846.45,09:40:00,23853.38357233917,3,6
2024-06-27,23875.05,23879.85,23855.95,23859.6,09:45:00,23855.447041640204,3,7
2024-06-27,23865.7,23882.3,23854.95,23875.45,09:50:00,23856.42351386495,3,8
2024-06-27,23913.6,23915.6,23862.25,23867.25,09:55:00,23861.86889349686,3,9
2024-06-27,23951.05,23951.8,23907.8,23915.4,10:00:00,23870.362332211444,3,10
2024-06-27,23952.75,23961.95,23943.65,23951.2,10:05:00,23878.20877676273,3,11
2024-06-27,23945.95,23965.8,23941.1,23952.95,10:10:00,23884.66032183295,3,12
2024-06-27,23952.2,23954.3,23937.9,23946.1,10:15:00,23891.09267213457,3,13
2024-06-27,23941.15,23956.45,23937.6,23952.15,10:20:00,23895.860036693182,3,14
2024-06-27,23970.8,23973.8,23937.65,23942.1,10:25:00,23902.997176055746,3,15
2024-06-27,23899.45,23973.9,23891.55,23967.7,10:30:00,23902.65934976472,3,16
2024-06-27,23912.05,23927.25,23892.25,23897.4,10:35:00,23903.55369740617,3,17
2024-06-27,23850.95,23917.55,23844.15,23913.5,10:40:00,23898.54382146273,3,18
2024-06-27,23863.05,23863.05,23834.3,23849.85,10:45:00,23895.1634575139,3,19
2024-06-27,23852.05,23887.15,23851.25,23862.9,10:50:00,23891.057413941147,3,20
2024-06-27,23889.3,23890.95,23851.0,23852.5,10:55:00,23890.890041184848,3,21
2024-06-27,23879.25,23902.05,23875.55,23888.1,11:00:00,23889.781465833912,3,22
2024-06-27,23889.5,23891.75,23879.1,23881.15,11:05:00,23889.754659564016,3,23
2024-06-27,23922.0,23925.35,23886.3,23889.6,11:10:00,23892.825644367444,3,24
2024-06-27,23895.8,23931.15,23894.15,23921.5,11:15:00,23893.108916332447,3,25
2024-06-27,23925.65,23929.55,23895.4,23895.5,11:20:00,23896.20806715793,3,26
2024-06-27,23918.15,23931.8,23912.1,23924.45,11:25:00,23898.297775047653,3,27
2024-06-27,23919.1,23933.4,23915.65,23918.05,11:30:00,23900.27893932883,3,28
2024-06-27,23923.9,23927.1,23906.1,23917.75,11:35:00,23902.52856415465,3,29
2024-06-27,23947.5,23952.8,23920.8,23923.45,11:40:00,23906.811558044687,3,30
2024-06-27,23941.0,23954.5,23940.9,23947.75,11:45:00,23910.067600135662,3,31
2024-06-27,23933.15,23950.25,23931.25,23941.0,11:50:00,23912.265923932267,3,32
2024-06-27,23953.7,23954.75,23931.25,23933.7,11:55:00,23916.21202641491,3,33
2024-06-27,23957.3,23960.6,23947.1,23953.4,12:00:00,23920.12516675635,3,34
2024-06-27,23947.5,23962.1,23944.15,23957.35,12:05:00,23922.732293731933,3,35
2024-06-27,24005.35,24005.65,23946.5,23948.25,12:10:00,23930.600646709845,3,36
2024-06-27,23999.95,24015.15,23990.8,24006.4,12:15:00,23937.205347023195,3,37
2024-06-27,24002.25,24003.3,23985.9,24000.75,12:20:00,23943.40007587813,3,38
2024-06-27,23981.0,24003.1,23976.9,24001.35,12:25:00,23946.9810210326,3,39
2024-06-27,23991.2,23993.85,23975.8,23981.9,12:30:00,23951.19235236283,3,40
2024-06-27,23981.7,23997.4,23978.2,23991.75,12:35:00,23954.097842613988,3,41
2024-06-27,23991.65,23994.1,23975.2,23981.95,12:40:00,23957.674238555515,3,42
2024-06-27,24002.2,24002.2,23978.85,23991.15,12:45:00,23961.914787264515,3,43
2024-06-27,24000.05,24036.6,23999.1,24004.25,12:50:00,23965.54671228694,3,44
2024-06-27,23950.15,24003.75,23946.15,24001.75,12:55:00,23964.08035873581,3,45
2024-06-27,23959.6,23964.1,23941.5,23950.65,13:00:00,23963.653657903826,3,46
2024-06-27,23964.1,23972.5,23950.95,23959.65,13:05:00,23963.696166674887,3,47
2024-06-27,23961.85,23968.05,23949.75,23964.55,13:10:00,23963.52034127728,3,48
2024-06-27,23977.8,23977.8,23952.6,23961.85,13:15:00,23964.88030877468,3,49
2024-06-27,23976.8,23992.15,23974.2,23976.85,13:20:00,23966.015517462805,3,50
2024-06-27,23955.05,23977.6,23946.3,23975.2,13:25:00,23964.97118246635,3,51
2024-06-27,23948.15,23959.05,23931.2,23954.85,13:30:00,23963.369165088603,3,52
2024-06-27,23948.45,23960.55,23932.15,23949.45,13:35:00,23961.94829222302,3,53
2024-06-27,23954.85,23964.3,23944.0,23948.85,13:40:00,23961.272264392257,3,54
2024-06-27,23945.95,23967.75,23942.4,23955.4,13:45:00,23959.813001116803,3,55
2024-06-27,23959.2,23961.45,23939.5,23946.4,13:50:00,23959.75462005806,3,56
2024-06-27,23970.9,23976.9,23957.6,23960.0,13:55:00,23960.81608481444,3,57
2024-06-27,23965.45,23995.35,23960.6,23974.15,14:00:00,23961.257410070204,3,58
2024-06-27,23945.45,23968.5,23939.85,23967.2,14:05:00,23959.75194244447,3,59
2024-06-27,23954.35,23955.35,23929.95,23945.85,14:10:00,23959.23747173547,3,60
2024-06-27,23951.5,23964.15,23945.6,23955.35,14:15:00,23958.500569665423,3,61
2024-06-27,23948.0,23966.75,23944.0,23949.85,14:20:00,23957.50051541157,3,62
2024-06-27,23943.5,23954.4,23927.15,23948.45,14:25:00,23956.16713299142,3,63
2024-06-27,23924.55,23949.75,23913.65,23945.0,14:30:00,23953.15597746843,3,64
2024-06-27,23958.75,23965.45,23920.8,23922.65,14:35:00,23953.68874151905,3,65
2024-06-27,23981.3,23983.0,23955.0,23959.7,14:40:00,23956.318385183906,3,66
2024-06-27,24006.6,24016.5,23971.2,23981.05,14:45:00,23961.10711040449,3,67
2024-06-27,24019.5,24031.0,24002.15,24007.55,14:50:00,23966.66833798501,3,68
2024-06-27,24029.75,24034.9,23999.4,24021.25,14:55:00,23972.676115319773,3,69
2024-06-27,24016.55,24044.2,24007.2,24029.3,15:00:00,23976.85458052741,3,70
2024-06-27,24026.15,24034.05,24014.6,24015.35,15:05:00,23981.549382381945,3,71
2024-06-27,24045.6,24047.2,24024.4,24024.85,15:10:00,23987.64944120272,3,72
2024-06-27,24074.9,24076.65,24043.6,24045.4,15:15:00,23995.959018231024,3,73
2024-06-27,24072.2,24086.35,24067.65,24074.95,15:20:00,24003.220064113782,3,74
2024-06-27,24036.1,24071.75,24036.1,24071.75,15:25:00,24006.351486579137,3,75
2024-06-28,24113.5,24122.0,24064.15,24085.85,09:15:00,24023.41062733576,4,1
2024-06-28,24117.05,24123.35,24091.3,24110.15,09:20:00,24032.32866282759,4,2
2024-06-28,24136.6,24136.6,24113.75,24116.4,09:25:00,24042.25926636782,4,3
2024-06-28,24120.85,24136.0,24115.2,24131.95,09:30:00,24049.74409814232,4,4
2024-06-28,24143.1,24147.55,24109.35,24123.05,09:35:00,24058.635136414472,4,5
2024-06-28,24155.45,24172.45,24142.55,24144.35,09:40:00,24067.855599613093,4,6
2024-06-28,24158.85,24163.4,24143.85,24155.0,09:45:00,24076.52173298328,4,7
2024-06-28,24159.9,24165.2,24149.6,24158.6,09:50:00,24084.4625203182,4,8
2024-06-28,24135.65,24171.9,24126.3,24158.9,09:55:00,24089.33751838313,4,9
2024-06-28,24128.05,24151.85,24128.05,24134.45,10:00:00,24093.02442139426,4,10
2024-06-28,24129.0,24139.15,24124.0,24128.95,10:05:00,24096.45066697576,4,11
2024-06-28,24133.15,24143.55,24126.4,24129.6,10:10:00,24099.9458415495,4,12
2024-06-28,24114.1,24143.35,24111.7,24134.05,10:15:00,24101.293856640023,4,13
2024-06-28,24126.05,24131.0,24105.15,24113.35,10:20:00,24103.651584579067,4,14
2024-06-28,24140.9,24140.9,24116.7,24125.55,10:25:00,24107.1990527144,4,15
2024-06-28,24138.4,24150.9,24137.8,24140.75,10:30:00,24110.170571503502,4,16
2024-06-28,24138.95,24144.95,24133.7,24138.1,10:35:00,24112.91146945555,4,17
2024-06-28,24138.8,24149.4,24134.65,24140.15,10:40:00,24115.37704379312,4,18
2024-06-28,24130.65,24146.75,24127.5,24138.7,10:45:00,24116.831611050915,4,19
2024-06-28,24126.5,24133.5,24124.5,24130.4,10:50:00,24117.752409998448,4,20
2024-06-28,24134.6,24134.6,24124.05,24126.55,10:55:00,24119.35694237955,4,21
2024-06-28,24148.95,24151.25,24133.85,24133.85,11:00:00,24122.1753288196,4,22
2024-06-28,24142.2,24150.15,24129.55,24149.3,11:05:00,24124.082440360584,4,23
2024-06-28,24147.8,24147.8,24137.55,24143.05,11:10:00,24126.341255564337,4,24
2024-06-28,24127.85,24150.5,24121.15,24147.6,11:15:00,24126.4849455106,4,25
2024-06-28,24133.8,24139.35,24119.3,24128.05,11:20:00,24127.18161736673,4,26
2024-06-28,24113.4,24139.6,24111.5,24133.9,11:25:00,24125.86908237942,4,27
2024-06-28,24133.1,24133.1,24103.7,24111.95,11:30:00,24126.557741200428,4,28
2024-06-28,24136.25,24149.3,24130.95,24131.85,11:35:00,24127.480813467053,4,29
2024-06-28,24140.5,24141.0,24132.2,24136.45,11:40:00,24128.720735994,4,30
2024-06-28,24129.0,24144.0,24128.2,24140.2,11:45:00,24128.747332566,4,31
2024-06-28,24122.9,24128.95,24118.15,24128.1,11:50:00,24128.19044375019,4,32
2024-06-28,24108.85,24123.8,24106.45,24123.15,11:55:00,24126.34849672636,4,33
2024-06-28,24119.85,24120.9,24105.1,24108.45,12:00:00,24125.729592276235,4,34
2024-06-28,24116.6,24123.05,24114.4,24119.7,12:05:00,24124.860107297543,4,35
2024-06-28,24110.9,24120.65,24105.25,24116.45,12:10:00,24123.530573269207,4,36
2024-06-28,24083.2,24115.0,24072.7,24111.75,12:15:00,24119.689566291185,4,37
2024-06-28,24057.4,24084.9,24032.3,24084.85,12:20:00,24113.757226644408,4,38
2024-06-28,24052.75,24074.35,24042.65,24058.55,12:25:00,24107.947014583035,4,39
2024-06-28,24039.45,24066.8,24034.0,24052.9,12:30:00,24101.42348938465,4,40
2024-06-28,24033.7,24054.55,24032.25,24039.65,12:35:00,24094.973633252783,4,41
2024-06-28,24046.65,24050.2,24032.25,24033.65,12:40:00,24090.371382466805,4,42
2024-06-28,24029.05,24059.4,24024.5,24046.75,12:45:00,24084.5312508033,4,43
2024-06-28,24019.95,24031.45,24009.35,24029.5,12:50:00,24078.380655488698,4,44
2024-06-28,24034.9,24040.6,24018.6,24020.3,12:55:00,24074.23964068025,4,45
2024-06-28,24044.55,24044.8,24024.45,24035.6,13:00:00,24071.41205585356,4,46
2024-06-28,24037.7,24052.15,24032.05,24044.9,13:05:00,24068.20138386751,4,47
2024-06-28,24060.75,24062.8,24030.7,24038.25,13:10:00,24067.49172826108,4,48
2024-06-28,24052.05,24079.0,24051.05,24060.95,13:15:00,24066.02108747432,4,49
2024-06-28,24061.35,24061.8,24046.1,24052.0,13:20:00,24065.576222000567,4,50
2024-06-28,24062.2,24072.75,24051.15,24062.25,13:25:00,24065.25467704813,4,51
2024-06-28,24052.85,24075.3,24052.1,24061.9,13:30:00,24064.073279234028,4,52
2024-06-28,24066.65,24069.45,24044.8,24053.25,13:35:00,24064.31868121174,4,53
2024-06-28,24080.05,24091.45,24062.2,24067.25,13:40:00,24065.816902048715,4,54
2024-06-28,24081.8,24090.05,24077.0,24081.2,13:45:00,24067.3391018536,4,55
2024-06-28,24083.15,24088.05,24073.95,24082.05,13:50:00,24068.84490167707,4,56
2024-06-28,24089.55,24093.1,24079.8,24084.1,13:55:00,24070.81681580306,4,57
2024-06-28,24102.9,24109.4,24084.2,24089.45,14:00:00,24073.87235715515,4,58
2024-06-28,24125.85,24127.5,24100.85,24102.2,14:05:00,24078.82260885465,4,59
2024-06-28,24117.2,24135.45,24111.4,24126.8,14:10:00,24082.477598487545,4,60
2024-06-28,24121.2,24132.9,24108.9,24117.05,14:15:00,24086.16544625064,4,61
2024-06-28,24115.45,24128.15,24112.3,24121.35,14:20:00,24088.954451369624,4,62
2024-06-28,24096.5,24122.65,24093.5,24116.0,14:25:00,24089.673075048708,4,63
2024-06-28,24059.7,24109.8,24044.9,24098.25,14:30:00,24086.81849647264,4,64
2024-06-28,24063.65,24073.35,24052.15,24058.55,14:35:00,24084.611972999057,4,65
2024-06-28,24071.2,24072.45,24041.05,24063.25,14:40:00,24083.33464223724,4,66
2024-06-28,24097.15,24098.85,24070.35,24070.35,14:45:00,24084.6503905956,4,67
2024-06-28,24096.6,24108.1,24088.0,24096.55,14:50:00,24085.78844863412,4,68
2024-06-28,24063.1,24101.25,24063.1,24096.3,14:55:00,24083.627644002296,4,69
2024-06-28,24013.45,24074.7,24013.25,24064.55,15:00:00,24076.94405885922,4,70
2024-06-28,24037.35,24039.45,24009.25,24012.4,15:05:00,24073.17319611072,4,71
2024-06-28,23989.2,24036.95,23989.2,24036.1,15:10:00,24065.17574886208,4,72
2024-06-28,24001.9,24004.25,23986.1,23988.15,15:15:00,24059.149487065697,4,73
2024-06-28,24005.6,24009.85,23991.35,24002.75,15:20:00,24054.049535916583,4,74
2024-06-28,24009.8,24012.95,24001.45,24005.4,15:25:00,24049.83529440072,4,75
2024-07-01,24020.15,24041.95,24006.3,24026.5,09:15:00,24042.10644280876,0,1
2024-07-01,24034.55,24039.25,24011.7,24020.85,09:20:00,24041.38678158888,0,2
2024-07-01,24042.7,24048.5,24030.65,24034.35,09:25:00,24041.51185000898,0,3
2024-07-01,24036.8,24059.65,24033.0,24042.7,09:30:00,24041.06310238908,0,4
2024-07-01,24057.6,24060.4,24034.35,24037.85,09:35:00,24042.63804501869,0,5
2024-07-01,24080.3,24081.6,24055.9,24058.05,09:40:00,24046.224897874054,0,6
2024-07-01,24065.05,24083.75,24064.9,24081.75,09:45:00,24048.017764743192,0,7
2024-07-01,24075.55,24080.4,24063.75,24065.05,09:50:00,24050.6398823867,0,8
2024-07-01,24080.15,24084.2,24070.95,24075.0,09:55:00,24053.45036977844,0,9
2024-07-01,24088.15,24091.85,24072.15,24079.25,10:00:00,24056.755096466208,0,10
2024-07-01,24091.15,24095.7,24080.35,24089.05,10:05:00,24060.030801564662,0,11
2024-07-01,24056.95,24091.65,24054.15,24091.65,10:10:00,24059.73739189184,0,12
2024-07-01,24063.3,24075.35,24056.05,24056.1,10:15:00,24060.07668790214,0,13
2024-07-01,24076.85,24079.55,24060.35,24063.8,10:20:00,24061.67414619717,0,14
2024-07-01,24077.0,24086.4,24075.3,24076.45,10:25:00,24063.13375132125,0,15
2024-07-01,24090.45,24092.7,24076.05,24076.15,10:30:00,24065.735298814463,0,16
2024-07-01,24081.25,24092.45,24078.25,24090.2,10:35:00,24067.212889403563,0,17
2024-07-01,24083.1,24086.8,24073.05,24080.5,10:40:00,24068.72594755561,0,18
2024-07-01,24083.15,24087.05,24066.0,24081.35,10:45:00,24070.099666836024,0,19
2024-07-01,24088.85,24092.15,24077.3,24083.1,10:50:00,24071.885412851643,0,20
2024-07-01,24080.8,24092.7,24078.95,24089.2,10:55:00,24072.734421151486,0,21
2024-07-01,24078.1,24089.6,24077.2,24081.05,11:00:00,24073.24542866087,0,22
2024-07-01,24079.6,24080.55,24067.2,24077.45,11:05:00,24073.850625931263,0,23
2024-07-01,24078.7,24081.55,24070.3,24079.1,11:10:00,24074.312471080662,0,24
2024-07-01,24095.75,24097.35,24072.0,24076.95,11:15:00,24076.35414050156,0,25
2024-07-01,24095.1,24099.8,24088.35,24096.45,11:20:00,24078.139460453785,0,26
2024-07-01,24115.1,24115.8,24093.05,24094.75,11:25:00,24081.65951183914,0,27
2024-07-01,24101.7,24117.1,24098.05,24114.7,11:30:00,24083.568129759224,0,28
2024-07-01,24111.85,24112.2,24096.4,24100.7,11:35:00,24086.261641210724,0,29
2024-07-01,24116.25,24118.4,24109.4,24112.1,11:40:00,24089.11767538113,0,30
2024-07-01,24117.25,24118.75,24111.25,24116.0,11:45:00,24091.79694439245,0,31
2024-07-01,24108.05,24120.05,24106.75,24115.45,11:50:00,24093.344854450315,0,32
2024-07-01,24107.15,24112.4,24102.05,24108.45,11:55:00,24094.65963021696,0,33
2024-07-01,24114.5,24114.75,24105.8,24105.8,12:00:00,24096.54918924391,0,34
2024-07-01,24114.55,24124.1,24112.5,24114.95,12:05:00,24098.263552173063,0,35
2024-07-01,24109.95,24115.45,24106.05,24114.25,12:10:00,24099.3765472042,0,36
2024-07-01,24118.95,24119.4,24106.35,24109.8,12:15:00,24101.240685565703,0,37
2024-07-01,24120.85,24122.8,24117.25,24119.3,12:20:00,24103.10823932135,0,38
2024-07-01,24120.9,24127.85,24118.5,24120.55,12:25:00,24104.80269271932,0,39
2024-07-01,24113.2,24121.95,24099.45,24120.6,12:30:00,24105.60243626986,0,40
2024-07-01,24107.5,24115.2,24099.0,24112.75,12:35:00,24105.78315662511,0,41
2024-07-01,24117.85,24118.75,24101.9,24107.35,12:40:00,24106.932379803675,0,42
2024-07-01,24116.5,24122.0,24114.7,24117.65,12:45:00,24107.84358172713,0,43
2024-07-01,24125.95,24126.65,24115.8,24116.25,12:50:00,24109.56800251503,0,44
2024-07-01,24120.0,24126.55,24118.7,24125.65,12:55:00,24110.561526085025,0,45
2024-07-01,24116.8,24125.5,24114.6,24119.65,13:00:00,24111.15566645788,0,46
2024-07-01,24116.9,24119.0,24113.0,24116.85,13:05:00,24111.70274584284,0,47
2024-07-01,24118.55,24124.05,24114.6,24116.5,13:10:00,24112.35486528638,0,48
2024-07-01,24127.5,24128.7,24118.0,24119.0,13:15:00,24113.797259068622,0,49
2024-07-01,24120.7,24130.1,24108.25,24127.15,13:20:00,24114.45466296685,0,50
2024-07-01,24120.5,24121.8,24114.5,24120.35,13:25:00,24115.03040935096,0,51
2024-07-01,24134.4,24136.55,24119.85,24119.85,13:30:00,24116.87513226992,0,52
2024-07-01,24139.0,24139.45,24126.65,24133.9,13:35:00,24118.982262529928,0,53
2024-07-01,24138.15,24142.65,24135.65,24138.6,13:40:00,24120.807761336604,0,54
2024-07-01,24137.35,24139.5,24127.7,24137.15,13:45:00,24122.38321263788,0,55
2024-07-01,24142.8,24144.4,24135.3,24136.3,13:50:00,24124.32766857713,0,56
2024-07-01,24144.0,24146.2,24138.95,24141.9,13:55:00,24126.20122395074,0,57
2024-07-01,24134.35,24151.85,24129.65,24143.5,14:00:00,24126.97729786019,0,58
2024-07-01,24131.7,24140.05,24127.2,24134.3,14:05:00,24127.427079016365,0,59
2024-07-01,24141.55,24148.05,24130.15,24131.15,14:10:00,24128.772119110046,0,60
2024-07-01,24147.55,24151.95,24139.65,24141.05,14:15:00,24130.560488718613,0,61
2024-07-01,24140.8,24150.5,24137.9,24147.25,14:20:00,24131.53568026922,0,62
2024-07-01,24130.8,24141.7,24120.35,24140.05,14:25:00,24131.46561548168,0,63
2024-07-01,24141.0,24143.25,24129.3,24131.7,14:30:00,24132.37365210247,0,64
2024-07-01,24139.7,24143.15,24130.75,24139.9,14:35:00,24133.071399521283,0,65
2024-07-01,24146.25,24147.8,24130.85,24137.0,14:40:00,24134.326504328783,0,66
2024-07-01,24139.05,24149.6,24136.3,24146.25,14:45:00,24134.776361059376,0,67
2024-07-01,24141.5,24145.35,24135.55,24138.9,14:50:00,24135.41670762515,0,68
2024-07-01,24139.4,24144.4,24133.7,24142.4,14:55:00,24135.79606880371,0,69
2024-07-01,24146.75,24149.7,24124.0,24140.65,15:00:00,24136.83930034621,0,70
2024-07-01,24163.35,24163.35,24143.2,24145.85,15:05:00,24139.36412888467,0,71
2024-07-01,24147.4,24163.35,24142.95,24163.35,15:10:00,24140.12944994328,0,72
2024-07-01,24145.0,24153.95,24138.4,24146.85,15:15:00,24140.59331185344,0,73
2024-07-01,24139.5,24143.75,24133.55,24143.15,15:20:00,24140.489186915016,0,74
2024-07-01,24123.15,24141.25,24120.0,24138.65,15:25:00,24138.83783578025,0,75
2024-07-02,24203.6,24234.2,24180.45,24232.45,09:15:00,24152.753194368863,1,1
2024-07-02,24175.95,24204.35,24173.3,24204.35,09:20:00,24154.962413952784,1,2
2024-07-02,24144.85,24182.4,24140.15,24177.05,09:25:00,24153.999326909663,1,3
2024-07-02,24133.3,24165.15,24124.9,24144.5,09:30:00,24152.02796244208,1,4
2024-07-02,24118.2,24139.2,24116.15,24134.35,09:35:00,24148.80625173331,1,5
2024-07-02,24093.8,24134.75,24093.25,24119.65,09:40:00,24143.567561092044,1,6
2024-07-02,24109.85,24114.45,24074.0,24093.35,09:45:00,24140.356364797564,1,7
2024-07-02,24102.7,24127.3,24102.2,24110.4,09:50:00,24136.77004434065,1,8
2024-07-02,24125.85,24127.3,24101.65,24104.15,09:55:00,24135.73004011773,1,9
2024-07-02,24136.5,24147.3,24124.25,24125.8,10:00:00,24135.80336963033,1,10
2024-07-02,24141.8,24149.1,24129.25,24137.05,10:05:00,24136.374477284586,1,11
2024-07-02,24130.0,24145.45,24120.8,24141.9,10:10:00,24135.767384209863,1,12
2024-07-02,24136.35,24138.3,24121.0,24129.65,10:15:00,24135.82287142797,1,13
2024-07-02,24148.1,24156.1,24135.65,24137.85,10:20:00,24136.99212176817,1,14
2024-07-02,24138.05,24159.6,24130.8,24148.85,10:25:00,24137.09287207596,1,15
2024-07-02,24137.15,24146.15,24132.9,24138.35,10:30:00,24137.09831283063,1,16
2024-07-02,24147.55,24154.7,24137.3,24137.3,10:35:00,24138.093711608664,1,17
2024-07-02,24143.75,24154.8,24141.9,24147.7,10:40:00,24138.632405741173,1,18
2024-07-02,24148.6,24152.8,24135.35,24143.45,10:45:00,24139.58170043249,1,19
2024-07-02,24144.75,24152.2,24142.05,24149.1,10:50:00,24140.07391943892,1,20
2024-07-02,24162.4,24162.95,24143.2,24145.05,10:55:00,24142.200212825686,1,21
2024-07-02,24164.05,24164.9,24153.8,24163.35,11:00:00,24144.28114493753,1,22
2024-07-02,24170.05,24171.8,24160.25,24163.85,11:05:00,24146.735321610144,1,23
2024-07-02,24182.45,24185.05,24162.45,24170.1,11:10:00,24150.136719552032,1,24
2024-07-02,24182.45,24190.25,24179.7,24182.2,11:15:00,24153.21417483279,1,25
2024-07-02,24177.4,24188.65,24174.95,24184.05,11:20:00,24155.51758675348,1,26
2024-07-02,24180.9,24186.25,24171.25,24177.8,11:25:00,24157.934959443624,1,27
2024-07-02,24182.2,24187.2,24178.5,24181.55,11:30:00,24160.245915687086,1,28
2024-07-02,24163.05,24185.6,24155.75,24183.2,11:35:00,24160.51297133593,1,29
2024-07-02,24130.5,24162.7,24122.75,24162.45,11:40:00,24157.654593113468,1,30
2024-07-02,24147.55,24150.9,24128.65,24131.6,11:45:00,24156.692250912187,1,31
2024-07-02,24150.0,24155.5,24140.3,24149.35,11:50:00,24156.054893682456,1,32
2024-07-02,24159.2,24168.05,24150.05,24150.65,11:55:00,24156.35442761745,1,33
2024-07-02,24161.25,24169.15,24156.8,24159.45,12:00:00,24156.82067260627,1,34
2024-07-02,24161.6,24168.3,24146.8,24161.5,12:05:00,24157.275846643766,1,35
2024-07-02,24138.0,24164.95,24137.5,24163.05,12:10:00,24155.44005172532,1,36
2024-07-02,24152.65,24158.6,24135.75,24137.8,12:15:00,24155.17433251338,1,37
2024-07-02,24153.45,24157.7,24147.3,24152.9,12:20:00,24155.010110369247,1,38
2024-07-02,24150.25,24155.55,24138.55,24153.6,12:25:00,24154.55676652456,1,39
2024-07-02,24151.35,24156.85,24142.2,24150.55,12:30:00,24154.25136018889,1,40
2024-07-02,24104.4,24152.85,24101.15,24151.75,12:35:00,24149.50361159947,1,41
2024-07-02,24109.85,24117.85,24094.35,24104.6,12:40:00,24145.727077161428,1,42
2024-07-02,24096.2,24114.05,24086.2,24109.65,12:45:00,24141.010212669866,1,43
2024-07-02,24112.9,24115.55,24090.95,24095.55,12:50:00,24138.33304955845,1,44
2024-07-02,24070.2,24114.2,24060.3,24112.9,12:55:00,24131.84418769574,1,45
2024-07-02,24086.35,24087.55,24058.2,24070.15,13:00:00,24127.5114079152,1,46
2024-07-02,24089.85,24095.15,24077.6,24086.8,13:05:00,24123.924607161367,1,47
2024-07-02,24104.45,24114.0,24076.25,24089.0,13:10:00,24122.06988266981,1,48
2024-07-02,24099.45,24104.55,24092.85,24104.25,13:15:00,24119.915608129828,1,49
2024-07-02,24131.05,24136.9,24100.05,24100.05,13:20:00,24120.97602640318,1,50
2024-07-02,24112.8,24135.25,24111.9,24130.45,13:25:00,24120.197357221925,1,51
2024-07-02,24102.75,24120.8,24098.4,24113.3,13:30:00,24118.53570415317,1,52
2024-07-02,24120.2,24121.0,24100.15,24102.4,13:35:00,24118.694208519537,1,53
2024-07-02,24121.95,24136.45,24118.8,24120.8,13:40:00,24119.004283898623,1,54
2024-07-02,24121.85,24132.15,24114.15,24122.1,13:45:00,24119.27530447971,1,55
2024-07-02,24103.65,24127.15,24103.65,24122.15,13:50:00,24117.787180243547,1,56
2024-07-02,24118.55,24119.25,24095.25,24104.4,13:55:00,24117.85982974416,1,57
2024-07-02,24107.85,24124.15,24107.8,24118.65,14:00:00,24116.90651262567,1,58
2024-07-02,24103.7,24119.05,24100.7,24107.9,14:05:00,24115.64874951846,1,59
2024-07-02,24108.25,24118.65,24101.45,24104.05,14:10:00,24114.94410670718,1,60
2024-07-02,24112.25,24119.3,24108.1,24108.2,14:15:00,24114.68752511602,1,61
2024-07-02,24118.5,24120.5,24108.75,24112.0,14:20:00,24115.050617962115,1,62
2024-07-02,24123.55,24124.6,24110.8,24118.6,14:25:00,24115.860082918105,1,63
2024-07-02,24134.9,24140.5,24120.5,24123.85,14:30:00,24117.67340835448,1,64
2024-07-02,24140.3,24149.1,24131.95,24135.3,14:35:00,24119.828321844525,1,65
2024-07-02,24144.3,24150.25,24136.75,24140.35,14:40:00,24122.15895785933,1,66
2024-07-02,24139.45,24147.6,24133.1,24143.7,14:45:00,24123.80572377749,1,67
2024-07-02,24132.15,24143.3,24129.65,24139.2,14:50:00,24124.600416751065,1,68
2024-07-02,24132.4,24142.05,24129.35,24131.85,14:55:00,24125.34323420334,1,69
2024-07-02,24124.8,24139.5,24120.75,24132.25,15:00:00,24125.291497612547,1,70
2024-07-02,24133.95,24136.45,24118.15,24124.4,15:05:00,24126.116116887544,1,71
2024-07-02,24125.05,24134.45,24124.45,24133.75,15:10:00,24126.01458194587,1,72
2024-07-02,24124.35,24127.2,24117.55,24125.1,15:15:00,24125.85605033198,1,73
2024-07-02,24125.8,24130.5,24122.15,24124.5,15:20:00,24125.850712205123,1,74
2024-07-02,24117.8,24126.45,24110.6,24125.95,15:25:00,24125.0839777094,1,75
2024-07-03,24230.2,24277.1,24209.8,24277.1,09:15:00,24149.45627200248,2,1
2024-07-03,24262.95,24265.95,24226.45,24230.5,09:20:00,24160.26519847843,2,2
2024-07-03,24230.7,24266.1,24229.6,24263.2,09:25:00,24166.97327481382,2,3
2024-07-03,24266.35,24268.35,24229.35,24231.15,09:30:00,24176.43772483155,2,4
2024-07-03,24258.6,24268.1,24254.1,24267.9,09:35:00,24184.26270341902,2,5
2024-07-03,24283.35,24283.35,24250.8,24260.1,09:40:00,24193.699588807685,2,6
2024-07-03,24298.25,24302.25,24278.05,24284.2,09:45:00,24203.656770826005,2,7
2024-07-03,24299.65,24306.35,24289.1,24298.25,09:50:00,24212.79898312829,2,8
2024-07-03,24273.15,24299.4,24268.65,24298.35,09:55:00,24218.54669902084,2,9
2024-07-03,24282.3,24290.8,24267.9,24273.45,10:00:00,24224.61844197123,2,10
2024-07-03,24276.2,24287.15,24269.2,24281.9,10:05:00,24229.530971307304,2,11
2024-07-03,24267.85,24280.25,24264.5,24277.35,10:10:00,24233.18040261137,2,12
2024-07-03,24275.4,24280.4,24265.05,24268.85,10:15:00,24237.201316648385,2,13
2024-07-03,24267.9,24277.55,24259.6,24275.5,10:20:00,24240.125000777112,2,14
2024-07-03,24279.45,24293.75,24267.15,24267.7,10:25:00,24243.87023879834,2,15
2024-07-03,24268.55,24284.5,24265.5,24281.15,10:30:00,24246.22069224612,2,16
2024-07-03,24271.9,24282.25,24264.2,24269.5,10:35:00,24248.66634060363,2,17
2024-07-03,24282.2,24283.65,24268.4,24272.8,10:40:00,24251.860022450903,2,18
2024-07-03,24272.6,24282.2,24271.0,24281.75,10:45:00,24253.83525840796,2,19
2024-07-03,24276.15,24286.3,24271.3,24272.35,10:50:00,24255.96047189292,2,20
2024-07-03,24277.1,24281.3,24270.4,24276.95,10:55:00,24257.97376028407,2,21
2024-07-03,24273.65,24282.0,24261.7,24278.1,11:00:00,24259.46673549511,2,22
2024-07-03,24271.7,24277.65,24267.2,24274.35,11:05:00,24260.631808305097,2,23
2024-07-03,24268.4,24282.15,24263.3,24272.35,11:10:00,24261.371636085565,2,24
2024-07-03,24267.45,24275.75,24265.9,24268.25,11:15:00,24261.95052788694,2,25
2024-07-03,24254.5,24272.45,24252.55,24267.6,11:20:00,24261.24095380247,2,26
2024-07-03,24255.2,24258.95,24236.25,24255.1,11:25:00,24260.6656248689,2,27
2024-07-03,24265.45,24274.55,24251.35,24255.7,11:30:00,24261.12127964329,2,28
2024-07-03,24258.3,24266.65,24257.95,24266.25,11:35:00,24260.85258634393,2,29
2024-07-03,24260.65,24261.75,24250.6,24259.2,11:40:00,24260.833292406413,2,30
2024-07-03,24261.25,24265.65,24257.8,24261.1,11:45:00,24260.87297884389,2,31
2024-07-03,24261.45,24268.45,24253.95,24262.1,11:50:00,24260.92793323972,2,32
2024-07-03,24257.75,24265.05,24257.05,24262.15,11:55:00,24260.625272931167,2,33
2024-07-03,24260.8,24263.6,24252.35,24258.45,12:00:00,24260.641913604388,2,34
2024-07-03,24250.5,24261.7,24248.8,24261.0,12:05:00,24259.67601707064,2,35
2024-07-03,24252.25,24258.35,24246.85,24250.4,12:10:00,24258.968777349623,2,36
2024-07-03,24263.25,24263.6,24251.35,24252.5,12:15:00,24259.376512840136,2,37
2024-07-03,24267.6,24268.15,24255.9,24263.4,12:20:00,24260.159702093457,2,38
2024-07-03,24268.8,24272.35,24263.75,24267.9,12:25:00,24260.982587608363,2,39
2024-07-03,24285.65,24290.4,24268.3,24268.9,12:30:00,24263.331864979,2,40
2024-07-03,24278.1,24287.55,24276.8,24286.25,12:35:00,24264.738354028617,2,41
2024-07-03,24275.05,24282.4,24270.8,24278.8,12:40:00,24265.720415549706,2,42
2024-07-03,24283.0,24286.25,24273.6,24275.45,12:45:00,24267.366090259256,2,43
2024-07-03,24287.7,24292.15,24280.4,24283.2,12:50:00,24269.302653091705,2,44
2024-07-03,24282.25,24288.25,24278.95,24287.25,12:55:00,24270.535733749635,2,45
2024-07-03,24281.8,24284.25,24273.45,24282.5,13:00:00,24271.60852101157,2,46
2024-07-03,24267.1,24285.6,24266.75,24281.95,13:05:00,24271.17913805809,2,47
2024-07-03,24275.85,24278.4,24265.7,24267.9,13:10:00,24271.62398205256,2,48
2024-07-03,24280.25,24287.55,24274.1,24276.4,13:15:00,24272.445507571363,2,49
2024-07-03,24279.85,24285.35,24276.95,24280.45,13:20:00,24273.15069732647,2,50
2024-07-03,24282.2,24287.85,24276.75,24280.0,13:25:00,24274.012535676327,2,51
2024-07-03,24280.4,24286.6,24280.05,24282.0,13:30:00,24274.62086561192,2,52
2024-07-03,24286.9,24289.8,24276.55,24280.8,13:35:00,24275.79030698221,2,53
2024-07-03,24286.3,24290.9,24281.65,24286.85,13:40:00,24276.79123012676,2,54
2024-07-03,24282.5,24293.55,24278.8,24287.3,13:45:00,24277.33492249564,2,55
2024-07-03,24284.8,24288.7,24280.35,24282.55,13:50:00,24278.04588225796,2,56
2024-07-03,24272.05,24284.9,24270.0,24283.7,13:55:00,24277.47484585244,2,57
2024-07-03,24267.2,24275.7,24264.75,24272.1,14:00:00,24276.49628910459,2,58
2024-07-03,24260.8,24268.2,24256.65,24267.85,14:05:00,24275.001404427963,2,59
2024-07-03,24264.55,24268.75,24255.95,24262.25,14:10:00,24274.006032577683,2,60
2024-07-03,24260.5,24265.8,24255.5,24265.8,14:15:00,24272.71974376076,2,61
2024-07-03,24257.7,24264.4,24254.9,24260.35,14:20:00,24271.289291974022,2,62
2024-07-03,24252.55,24258.3,24246.5,24257.7,14:25:00,24269.504597500305,2,63
2024-07-03,24260.4,24260.65,24249.65,24252.85,14:30:00,24268.637492976468,2,64
2024-07-03,24251.5,24267.4,24250.5,24261.2,14:35:00,24267.00535078824,2,65
2024-07-03,24256.75,24258.05,24250.6,24251.1,14:40:00,24266.028650713164,2,66
2024-07-03,24246.2,24258.2,24243.85,24257.4,14:45:00,24264.140207788103,2,67
2024-07-03,24256.25,24257.9,24238.75,24247.75,14:50:00,24263.388759427333,2,68
2024-07-03,24248.15,24258.35,24243.55,24258.15,14:55:00,24261.93744900568,2,69
2024-07-03,24269.9,24273.85,24247.8,24247.8,15:00:00,24262.69578719561,2,70
2024-07-03,24285.05,24285.55,24263.5,24270.75,15:05:00,24264.82475984365,2,71
2024-07-03,24296.1,24297.05,24278.45,24283.9,15:10:00,24267.803354144256,2,72
2024-07-03,24293.4,24297.15,24283.25,24295.8,15:15:00,24270.241129940045,2,73
2024-07-03,24295.6,24304.55,24291.45,24293.55,15:20:00,24272.656260421943,2,74
2024-07-03,24290.8,24308.45,24290.15,24295.4,15:25:00,24274.38423561985,2,75
2024-07-04,24345.55,24369.6,24324.8,24369.6,09:15:00,24289.39661918088,3,1
2024-07-04,24349.9,24361.15,24334.0,24346.05,09:20:00,24295.15884592556,3,2
2024-07-04,24364.65,24364.65,24347.95,24349.8,09:25:00,24301.777051075507,3,3
2024-07-04,24366.95,24371.1,24357.3,24362.45,09:30:00,24307.983998592128,3,4
2024-07-04,24355.75,24371.75,24351.3,24366.45,09:35:00,24312.53314158336,3,5
2024-07-04,24392.35,24392.35,24346.15,24356.05,09:40:00,24320.134747146843,3,6
2024-07-04,24388.5,24400.5,24382.25,24392.2,09:45:00,24326.64572360905,3,7
2024-07-04,24381.55,24397.25,24377.1,24387.7,09:50:00,24331.87470231295,3,8
2024-07-04,24398.9,24398.9,24377.05,24380.8,09:55:00,24338.25806399744,3,9
2024-07-04,24383.65,24400.65,24383.65,24398.15,10:00:00,24342.581105521487,3,10
2024-07-04,24384.35,24388.7,24379.65,24383.95,10:05:00,24346.55909547182,3,11
2024-07-04,24375.05,24386.45,24372.3,24384.25,10:10:00,24349.27251495069,3,12
2024-07-04,24365.2,24386.0,24354.15,24373.8,10:15:00,24350.789418288725,3,13
2024-07-04,24346.4,24368.5,24337.15,24364.95,10:20:00,24350.371378451702,3,14
2024-07-04,24344.85,24355.6,24328.5,24346.65,10:25:00,24349.84553288488,3,15
2024-07-04,24318.85,24350.3,24315.5,24344.5,10:30:00,24346.89357737203,3,16
2024-07-04,24320.55,24330.6,24313.1,24319.45,10:35:00,24344.38466524136,3,17
2024-07-04,24333.7,24335.85,24315.25,24320.1,10:40:00,24343.36707807552,3,18
2024-07-04,24315.85,24334.85,24302.4,24333.9,10:45:00,24340.746403973088,3,19
2024-07-04,24315.95,24326.0,24313.7,24315.5,10:50:00,24338.38484168993,3,20
2024-07-04,24325.4,24333.75,24314.7,24316.45,10:55:00,24337.14819010042,3,21
2024-07-04,24335.55,24338.95,24315.35,24325.6,11:00:00,24336.995981519427,3,22
2024-07-04,24338.95,24342.7,24325.4,24335.2,11:05:00,24337.182078517577,3,23
2024-07-04,24334.55,24344.8,24333.45,24339.8,11:10:00,24336.931404373045,3,24
2024-07-04,24340.95,24343.65,24333.3,24335.2,11:15:00,24337.31412776609,3,25
2024-07-04,24341.45,24345.9,24337.25,24340.45,11:20:00,24337.7080203598,3,26
2024-07-04,24347.55,24349.3,24338.8,24341.3,11:25:00,24338.6453517541,3,27
2024-07-04,24332.0,24350.5,24330.45,24347.75,11:30:00,24338.01246111085,3,28
2024-07-04,24332.05,24336.5,24327.75,24331.6,11:35:00,24337.44460767172,3,29
2024-07-04,24328.35,24334.05,24326.95,24331.6,11:40:00,24336.57845456013,3,30
2024-07-04,24335.85,24336.95,24323.65,24329.0,11:45:00,24336.50907793536,3,31
2024-07-04,24332.75,24338.05,24330.5,24336.05,11:50:00,24336.151070512944,3,32
2024-07-04,24330.05,24337.1,24324.4,24333.3,11:55:00,24335.57001617837,3,33
2024-07-04,24327.9,24334.0,24325.7,24329.55,12:00:00,24334.839538447104,3,34
2024-07-04,24337.1,24337.65,24326.05,24327.95,12:05:00,24335.05482049976,3,35
2024-07-04,24331.7,24340.1,24327.4,24337.05,12:10:00,24334.7353137855,3,36
2024-07-04,24333.25,24338.6,24329.25,24331.5,12:15:00,24334.59385532974,3,37
2024-07-04,24337.9,24343.25,24330.25,24333.9,12:20:00,24334.90872625072,3,38
2024-07-04,24346.75,24346.75,24336.5,24338.8,12:25:00,24336.03646660779,3,39
2024-07-04,24347.0,24351.1,24343.45,24346.6,12:30:00,24337.080612645143,3,40
2024-07-04,24346.7,24348.15,24341.0,24347.25,12:35:00,24337.99674477418,3,41
2024-07-04,24350.9,24352.2,24341.7,24346.95,12:40:00,24339.22562622426,3,42
2024-07-04,24354.6,24356.65,24349.0,24351.3,12:45:00,24340.68985229814,3,43
2024-07-04,24352.85,24357.55,24351.2,24354.8,12:50:00,24341.84796160308,3,44
2024-07-04,24348.95,24355.4,24347.85,24352.75,12:55:00,24342.52434621231,3,45
2024-07-04,24344.4,24352.5,24340.7,24348.9,13:00:00,24342.70297990637,3,46
2024-07-04,24351.5,24352.1,24342.45,24344.3,13:05:00,24343.540791343865,3,47
2024-07-04,24342.0,24354.3,24338.0,24351.5,13:10:00,24343.394049311115,3,48
2024-07-04,24346.55,24347.85,24336.6,24342.35,13:15:00,24343.69461604339,3,49
2024-07-04,24343.8,24348.75,24342.65,24346.65,13:20:00,24343.70465261069,3,50
2024-07-04,24343.35,24346.75,24337.55,24343.65,13:25:00,24343.67087617157,3,51
2024-07-04,24337.75,24345.8,24330.35,24343.3,13:30:00,24343.10698320285,3,52
2024-07-04,24339.55,24342.1,24334.45,24337.75,13:35:00,24342.76822289782,3,53
2024-07-04,24336.65,24341.65,24332.85,24339.15,13:40:00,24342.185535002787,3,54
2024-07-04,24322.85,24338.85,24314.65,24337.35,13:45:00,24340.344055478712,3,55
2024-07-04,24324.05,24326.65,24314.2,24322.45,13:50:00,24338.792240671213,3,56
2024-07-04,24326.15,24328.85,24316.7,24323.45,13:55:00,24337.588217750144,3,57
2024-07-04,24323.5,24327.95,24319.6,24326.4,14:00:00,24336.24648272632,3,58
2024-07-04,24340.05,24340.05,24319.55,24323.1,14:05:00,24336.60872246667,3,59
2024-07-04,24340.05,24345.75,24337.45,24341.0,14:10:00,24336.936463184127,3,60
2024-07-04,24340.25,24351.3,24320.5,24340.75,14:15:00,24337.25203811897,3,61
2024-07-04,24334.35,24343.4,24316.65,24341.15,14:20:00,24336.97565353621,3,62
2024-07-04,24335.95,24341.95,24331.3,24335.0,14:25:00,24336.87797224705,3,63
2024-07-04,24339.15,24350.3,24317.65,24337.1,14:30:00,24337.094355842568,3,64
2024-07-04,24335.8,24345.55,24330.8,24339.3,14:35:00,24336.971083857563,3,65
2024-07-04,24338.75,24339.7,24322.75,24336.85,14:40:00,24337.14050444256,3,66
2024-07-04,24327.5,24345.35,24324.2,24338.9,14:45:00,24336.22236116232,3,67
2024-07-04,24310.45,24328.75,24309.0,24327.05,14:50:00,24333.767850575427,3,68
2024-07-04,24300.9,24313.95,24297.7,24309.85,14:55:00,24330.63757909205,3,69
2024-07-04,24305.05,24309.3,24297.45,24302.7,15:00:00,24328.20066679757,3,70
2024-07-04,24287.55,24304.95,24281.2,24304.95,15:05:00,24324.32917472161,3,71
2024-07-04,24302.65,24308.3,24285.25,24287.35,15:10:00,24322.26449141479,3,72
2024-07-04,24309.1,24309.75,24293.45,24300.35,15:15:00,24321.010730327667,3,73
2024-07-04,24309.1,24310.8,24294.2,24310.35,15:20:00,24319.876375058368,3,74
2024-07-04,24304.65,24308.8,24300.2,24308.6,15:25:00,24318.42624410043,3,75
2024-07-05,24200.1,24258.85,24194.1,24208.35,09:15:00,24298.10288916157,4,1
2024-07-05,24204.65,24207.95,24184.5,24202.45,09:20:00,24289.20261400333,4,2
2024-07-05,24186.05,24208.05,24184.7,24204.35,09:25:00,24279.378555526822,4,3
2024-07-05,24191.0,24205.95,24170.35,24186.15,09:30:00,24270.96155023856,4,4
2024-07-05,24200.5,24207.55,24180.8,24190.25,09:35:00,24264.250926406312,4,5
2024-07-05,24220.0,24227.5,24196.25,24201.05,09:40:00,24260.03655246285,4,6
2024-07-05,24203.9,24224.2,24199.8,24219.95,09:45:00,24254.690214133057,4,7
2024-07-05,24179.6,24203.6,24174.6,24203.0,09:50:00,24247.538765168003,4,8
2024-07-05,24187.4,24191.45,24169.45,24179.7,09:55:00,24241.81126372343,4,9
2024-07-05,24190.0,24202.6,24184.05,24187.75,10:00:00,24236.87685765453,4,10
2024-07-05,24207.85,24209.0,24188.85,24190.25,10:05:00,24234.11239502077,4,11
2024-07-05,24226.05,24231.1,24202.4,24207.45,10:10:00,24233.34454787593,4,12
2024-07-05,24219.95,24235.1,24218.9,24226.3,10:15:00,24232.068876649653,4,13
2024-07-05,24220.15,24227.0,24214.95,24219.65,10:20:00,24230.93374554016,4,14
2024-07-05,24242.55,24243.75,24218.0,24220.15,10:25:00,24232.04005548872,4,15
2024-07-05,24243.05,24253.95,24237.2,24242.7,10:30:00,24233.088621632647,4,16
2024-07-05,24252.45,24253.0,24236.15,24242.6,10:35:00,24234.93256242953,4,17
2024-07-05,24251.35,24258.8,24247.2,24250.25,10:40:00,24236.49612791244,4,18
2024-07-05,24255.15,24261.1,24248.95,24250.9,10:45:00,24238.272687158875,4,19
2024-07-05,24243.2,24258.65,24242.8,24254.8,10:50:00,24238.741955048503,4,20
2024-07-05,24250.2,24252.35,24240.8,24242.9,10:55:00,24239.83319742484,4,21
2024-07-05,24249.1,24257.55,24244.4,24249.85,11:00:00,24240.715750051048,4,22
2024-07-05,24237.95,24251.45,24236.95,24248.6,11:05:00,24240.452345284284,4,23
2024-07-05,24233.2,24242.45,24228.5,24238.15,11:10:00,24239.7616457334,4,24
2024-07-05,24231.25,24241.25,24230.1,24233.75,11:15:00,24238.95101280641,4,25
2024-07-05,24243.45,24245.0,24229.1,24231.05,11:20:00,24239.37948777723,4,26
2024-07-05,24254.0,24254.6,24243.0,24243.9,11:25:00,24240.77191751273,4,27
2024-07-05,24260.9,24266.45,24252.2,24252.75,11:30:00,24242.688877749617,4,28
2024-07-05,24272.4,24275.7,24259.45,24261.3,11:35:00,24245.51850844013,4,29
2024-07-05,24277.15,24283.05,24268.2,24272.3,11:40:00,24248.53103144584,4,30
2024-07-05,24271.35,24280.15,24267.95,24275.95,11:45:00,24250.70426654623,4,31
2024-07-05,24264.45,24281.8,24263.2,24272.3,11:50:00,24252.013384018017,4,32
2024-07-05,24276.95,24279.8,24264.85,24264.85,11:55:00,24254.388299825823,4,33
2024-07-05,24275.35,24281.25,24271.3,24276.4,12:00:00,24256.384652223365,4,34
2024-07-05,24269.2,24283.85,24266.55,24273.35,12:05:00,24257.605161535423,4,35
2024-07-05,24273.1,24275.35,24265.2,24268.1,12:10:00,24259.08086043681,4,36
2024-07-05,24278.55,24282.7,24271.35,24272.9,12:15:00,24260.93506420473,4,37
2024-07-05,24285.0,24287.6,24276.9,24278.2,12:20:00,24263.2269628519,4,38
2024-07-05,24278.85,24286.4,24276.5,24282.9,12:25:00,24264.71487115172,4,39
2024-07-05,24284.6,24288.55,24275.55,24277.85,12:30:00,24266.6086929468,4,40
2024-07-05,24278.6,24288.25,24274.45,24284.5,12:35:00,24267.75072218996,4,41
2024-07-05,24280.55,24282.7,24273.75,24278.45,12:40:00,24268.969701029007,4,42
2024-07-05,24279.9,24283.95,24270.9,24280.85,12:45:00,24270.01068188339,4,43
2024-07-05,24274.25,24282.2,24264.35,24279.7,12:50:00,24270.414426465923,4,44
2024-07-05,24275.65,24278.9,24269.7,24272.65,12:55:00,24270.91305251679,4,45
2024-07-05,24277.9,24283.05,24275.15,24275.25,13:00:00,24271.57847608662,4,46
2024-07-05,24265.5,24278.95,24265.15,24277.7,13:05:00,24270.99957360218,4,47
2024-07-05,24253.5,24269.55,24243.9,24265.1,13:10:00,24269.33294754483,4,48
2024-07-05,24252.65,24260.4,24248.35,24252.45,13:15:00,24267.744095397706,4,49
2024-07-05,24248.45,24256.95,24246.25,24252.75,13:20:00,24265.906562502685,4,50
2024-07-05,24255.15,24261.45,24247.15,24248.3,13:25:00,24264.88212797862,4,51
2024-07-05,24267.15,24268.15,24254.85,24256.0,13:30:00,24265.09811579018,4,52
2024-07-05,24266.55,24269.7,24263.45,24267.45,13:35:00,24265.236390476828,4,53
2024-07-05,24254.9,24268.7,24251.05,24266.45,13:40:00,24264.251972336177,4,54
2024-07-05,24247.35,24255.8,24242.0,24254.9,13:45:00,24262.642260685112,4,55
2024-07-05,24253.9,24255.45,24241.8,24246.1,13:50:00,24261.809664429387,4,56
2024-07-05,24248.35,24256.7,24246.4,24256.15,13:55:00,24260.527791626588,4,57
2024-07-05,24253.2,24258.85,24242.05,24249.1,14:00:00,24259.82990670977,4,58
2024-07-05,24246.75,24254.25,24245.8,24252.7,14:05:00,24258.58420130884,4,59
2024-07-05,24247.9,24249.6,24235.1,24245.8,14:10:00,24257.566658327047,4,60
2024-07-05,24245.85,24258.3,24235.7,24247.35,14:15:00,24256.450786105423,4,61
2024-07-05,24230.2,24248.95,24229.1,24246.15,14:20:00,24253.95071123824,4,62
2024-07-05,24223.7,24236.95,24214.65,24232.2,14:25:00,24251.069691120312,4,63
2024-07-05,24233.05,24236.2,24218.2,24224.65,14:30:00,24249.353530061235,4,64
2024-07-05,24239.5,24240.3,24227.5,24232.8,14:35:00,24248.415098626832,4,65
2024-07-05,24230.85,24243.45,24223.55,24238.85,14:40:00,24246.742232090943,4,66
2024-07-05,24224.75,24234.05,24219.95,24230.8,14:45:00,24244.64773379657,4,67
2024-07-05,24209.05,24226.75,24209.05,24224.45,14:50:00,24241.25747343499,4,68
2024-07-05,24217.35,24222.65,24204.2,24208.85,14:55:00,24238.98057120309,4,69
2024-07-05,24288.7,24303.2,24219.2,24219.9,15:00:00,24243.71575489804,4,70
2024-07-05,24332.8,24332.8,24282.65,24289.15,15:05:00,24252.199968717272,4,71
2024-07-05,24342.05,24353.8,24329.5,24334.15,15:10:00,24260.75711455372,4,72
2024-07-05,24342.55,24362.85,24332.5,24342.25,15:15:00,24268.54691316765,4,73
2024-07-05,24338.1,24349.9,24337.0,24337.55,15:20:00,24275.171016675497,4,74
2024-07-05,24316.75,24341.65,24315.75,24339.2,15:25:00,24279.13091984926,4,75
2024-07-08,24299.1,24325.75,24284.45,24321.65,09:15:00,24285.368621463906,0,1
2024-07-08,24329.7,24338.5,24291.65,24297.85,09:20:00,24289.590657514964,0,2
2024-07-08,24323.25,24330.25,24308.2,24330.25,09:25:00,24292.796309180205,0,3
2024-07-08,24329.3,24334.9,24315.2,24324.0,09:30:00,24296.27285116304,0,4
2024-07-08,24306.55,24332.65,24306.55,24328.85,09:35:00,24297.25162724276,0,5
2024-07-08,24273.45,24308.7,24262.75,24307.6,09:40:00,24294.984805600587,0,6
2024-07-08,24293.0,24297.35,24265.7,24274.3,09:45:00,24294.79577649577,0,7
2024-07-08,24276.55,24298.7,24276.55,24293.65,09:50:00,24293.05808349617,0,8
2024-07-08,24274.35,24291.35,24272.1,24277.3,09:55:00,24291.27636125844,0,9
2024-07-08,24305.4,24312.3,24270.2,24274.2,10:00:00,24292.62146971001,0,10
2024-07-08,24292.85,24309.9,24292.05,24303.6,10:05:00,24292.643234499537,0,11
2024-07-08,24304.15,24309.75,24290.05,24292.45,10:10:00,24293.739116928155,0,12
2024-07-08,24298.55,24310.75,24295.9,24303.9,10:15:00,24294.19729626833,0,13
2024-07-08,24309.35,24310.9,24297.75,24300.2,10:20:00,24295.64041090944,0,14
2024-07-08,24323.05,24329.15,24309.45,24309.9,10:25:00,24298.250847965683,0,15
2024-07-08,24281.6,24326.5,24273.55,24323.4,10:30:00,24296.665052921333,0,16
2024-07-08,24290.45,24296.75,24277.7,24280.3,10:35:00,24296.07314311929,0,17
2024-07-08,24304.95,24305.85,24288.5,24291.15,10:40:00,24296.91855806032,0,18
2024-07-08,24300.95,24308.0,24294.5,24305.3,10:45:00,24297.30250491172,0,19
2024-07-08,24292.65,24302.95,24286.35,24300.35,10:50:00,24296.85940920584,0,20
2024-07-08,24295.2,24298.2,24279.25,24291.85,10:55:00,24296.70137023385,0,21
2024-07-08,24294.3,24299.55,24285.35,24296.15,11:00:00,24296.472668306826,0,22
2024-07-08,24285.7,24298.65,24283.2,24294.2,11:05:00,24295.44669989665,0,23
2024-07-08,24270.05,24286.55,24248.35,24285.75,11:10:00,24293.02796657316,0,24
2024-07-08,24285.35,24285.5,24264.95,24270.95,11:15:00,24292.29673166143,0,25
2024-07-08,24282.05,24285.5,24271.4,24285.2,11:20:00,24291.320852455578,0,26
2024-07-08,24288.65,24291.35,24274.4,24282.5,11:25:00,24291.06648555505,0,27
2024-07-08,24298.0,24299.8,24280.55,24289.65,11:30:00,24291.726820264088,0,28
2024-07-08,24288.85,24297.85,24286.6,24297.85,11:35:00,24291.4528373818,0,29
2024-07-08,24270.9,24291.6,24263.15,24290.2,11:40:00,24289.495424297816,0,30
2024-07-08,24288.05,24290.75,24269.95,24271.35,11:45:00,24289.357764840883,0,31
2024-07-08,24296.95,24299.4,24284.75,24288.7,11:50:00,24290.08083485604,0,32
2024-07-08,24284.4,24299.8,24284.4,24297.25,11:55:00,24289.539802964988,0,33
2024-07-08,24291.0,24294.35,24277.45,24284.5,12:00:00,24289.678869349274,0,34
2024-07-08,24272.65,24295.65,24271.7,24293.1,12:05:00,24288.05707226839,0,35
2024-07-08,24252.65,24275.25,24240.8,24273.1,12:10:00,24284.68497014759,0,36
2024-07-08,24269.15,24275.1,24244.5,24251.85,12:15:00,24283.20544918116,0,37
2024-07-08,24276.95,24276.95,24267.0,24269.85,12:20:00,24282.609692116283,0,38
2024-07-08,24272.1,24278.55,24268.7,24276.9,12:25:00,24281.608769057588,0,39
2024-07-08,24280.25,24284.1,24270.3,24271.75,12:30:00,24281.47936248068,0,40
2024-07-08,24278.65,24292.15,24277.0,24279.95,12:35:00,24281.20989938728,0,41
2024-07-08,24289.55,24290.4,24276.4,24279.1,12:40:00,24282.004194683726,0,42
2024-07-08,24289.7,24293.0,24283.1,24289.15,12:45:00,24282.73712852337,0,43
2024-07-08,24284.65,24294.25,24283.3,24289.5,12:50:00,24282.91930675924,0,44
2024-07-08,24297.3,24297.9,24281.9,24284.5,12:55:00,24284.288896591694,0,45
2024-07-08,24285.2,24299.0,24281.15,24297.3,13:00:00,24284.375668344863,0,46
2024-07-08,24296.65,24303.95,24283.75,24285.2,13:05:00,24285.544652312023,0,47
2024-07-08,24298.05,24301.35,24294.05,24297.3,13:10:00,24286.73563780612,0,48
2024-07-08,24304.45,24311.85,24295.4,24297.25,13:15:00,24288.42271991982,0,49
2024-07-08,24302.85,24307.45,24296.6,24303.95,13:20:00,24289.79674659412,0,50
2024-07-08,24284.45,24305.2,24281.5,24303.55,13:25:00,24289.287532632778,0,51
2024-07-08,24276.9,24285.55,24268.0,24284.45,13:30:00,24288.10776762013,0,52
2024-07-08,24283.05,24285.05,24271.75,24277.05,13:35:00,24287.62607546584,0,53
2024-07-08,24283.5,24287.8,24279.95,24282.8,13:40:00,24287.233115897663,0,54
2024-07-08,24290.4,24291.25,24280.4,24283.65,13:45:00,24287.53472390741,0,55
2024-07-08,24309.55,24309.55,24286.45,24290.35,13:50:00,24289.63141686861,0,56
2024-07-08,24296.2,24311.5,24292.15,24307.85,13:55:00,24290.25699621446,0,57
2024-07-08,24301.1,24307.9,24287.65,24296.15,14:00:00,24291.28966324165,0,58
2024-07-08,24297.4,24305.05,24295.35,24300.85,14:05:00,24291.87160007578,0,59
2024-07-08,24288.9,24298.0,24287.2,24297.35,14:10:00,24291.58859054476,0,60
2024-07-08,24288.5,24301.9,24286.65,24287.7,14:15:00,24291.294439064302,0,61
2024-07-08,24303.7,24303.7,24287.45,24288.9,14:20:00,24292.475921058176,0,62
2024-07-08,24307.8,24311.9,24300.5,24302.8,14:25:00,24293.935357147875,0,63
2024-07-08,24308.3,24310.95,24300.5,24308.4,14:30:00,24295.303418371885,0,64
2024-07-08,24314.05,24316.15,24305.0,24307.05,14:35:00,24297.08880709837,0,65
2024-07-08,24297.25,24314.15,24295.5,24313.8,14:40:00,24297.10415880329,0,66
2024-07-08,24293.4,24306.55,24292.3,24297.1,14:45:00,24296.751381774407,0,67
2024-07-08,24296.2,24302.25,24289.95,24294.4,14:50:00,24296.698869224467,0,68
2024-07-08,24295.05,24303.2,24291.0,24296.5,14:55:00,24296.54183406023,0,69
2024-07-08,24315.55,24338.3,24294.5,24294.5,15:00:00,24298.352135578305,0,70
2024-07-08,24318.9,24324.8,24313.35,24315.4,15:05:00,24300.30907504704,0,71
2024-07-08,24311.5,24319.85,24308.55,24319.15,15:10:00,24301.374877423503,0,72
2024-07-08,24304.75,24313.4,24301.5,24311.6,15:15:00,24301.696317668888,0,73
2024-07-08,24340.1,24340.1,24303.05,24306.25,15:20:00,24305.35381122423,0,74
2024-07-08,24331.05,24344.25,24327.75,24339.25,15:25:00,24307.801067298115,0,75
2024-07-09,24368.15,24371.0,24335.25,24349.75,09:15:00,24317.270941711155,1,1
2024-07-09,24366.7,24373.1,24351.4,24367.95,09:20:00,24321.978471072,1,2
2024-07-09,24361.15,24371.35,24356.2,24365.5,09:25:00,24325.709092874666,1,3
2024-07-09,24365.65,24369.1,24351.5,24360.55,09:30:00,24329.51298879136,1,4
2024-07-09,24378.05,24378.05,24360.15,24365.15,09:35:00,24334.13556128742,1,5
2024-07-09,24374.15,24383.25,24369.25,24377.9,09:40:00,24337.946460212428,1,6
2024-07-09,24355.2,24381.5,24354.5,24372.75,09:45:00,24339.58965447791,1,7
2024-07-09,24362.35,24370.35,24350.15,24354.7,09:50:00,24341.757306432395,1,8
2024-07-09,24371.6,24372.55,24361.9,24362.25,09:55:00,24344.599467724547,1,9
2024-07-09,24376.0,24385.1,24366.9,24370.25,10:00:00,24347.589994607923,1,10
2024-07-09,24357.45,24381.8,24344.25,24376.4,10:05:00,24348.5290427405,1,11
2024-07-09,24362.95,24376.7,24357.5,24357.5,10:10:00,24349.902467241405,1,12
2024-07-09,24357.75,24370.6,24357.55,24362.7,10:15:00,24350.64985131365,1,13
2024-07-09,24346.9,24359.2,24339.95,24357.6,10:20:00,24350.292722617112,1,14
2024-07-09,24356.3,24362.1,24345.45,24345.45,10:25:00,24350.864844272623,1,15
2024-07-09,24350.85,24358.95,24350.75,24354.4,10:30:00,24350.86343053238,1,16
2024-07-09,24368.75,24370.4,24342.6,24350.0,10:35:00,24352.56691333882,1,17
2024-07-09,24378.15,24380.55,24367.15,24368.0,10:40:00,24355.00339778274,1,18
2024-07-09,24376.05,24382.6,24374.1,24378.0,10:45:00,24357.007836089146,1,19
2024-07-09,24384.8,24386.45,24375.25,24375.45,10:50:00,24359.65470884256,1,20
2024-07-09,24375.7,24384.8,24371.95,24383.95,10:55:00,24361.18283180993,1,21
2024-07-09,24374.8,24381.4,24368.9,24375.55,11:00:00,24362.47970497089,1,22
2024-07-09,24380.4,24382.75,24373.7,24374.25,11:05:00,24364.18639973557,1,23
2024-07-09,24382.9,24387.6,24378.15,24379.75,11:10:00,24365.968647379803,1,24
2024-07-09,24388.5,24389.0,24375.5,24380.85,11:15:00,24368.11449048649,1,25
2024-07-09,24389.95,24394.45,24385.4,24388.2,11:20:00,24370.19406282111,1,26
2024-07-09,24383.45,24390.6,24381.7,24388.25,11:25:00,24371.456533028624,1,27
2024-07-09,24387.35,24390.85,24381.85,24383.1,11:30:00,24372.970196549708,1,28
2024-07-09,24387.75,24391.15,24382.45,24387.7,11:35:00,24374.37779687831,1,29
2024-07-09,24398.95,24399.55,24386.65,24386.65,11:40:00,24376.718006699422,1,30
2024-07-09,24392.9,24400.2,24391.8,24398.6,11:45:00,24378.25914891853,1,31
2024-07-09,24393.95,24394.95,24386.35,24392.9,11:50:00,24379.7535156882,1,32
2024-07-09,24388.65,24398.1,24387.35,24392.95,11:55:00,24380.600799908367,1,33
2024-07-09,24390.95,24395.0,24386.85,24386.85,12:00:00,24381.58643801233,1,34
2024-07-09,24383.75,24397.55,24381.2,24391.2,12:05:00,24381.792491534965,1,35
2024-07-09,24388.2,24390.75,24382.35,24382.95,12:10:00,24382.4027304364,1,36
2024-07-09,24389.7,24393.2,24384.0,24387.65,12:15:00,24383.09770849008,1,37
2024-07-09,24394.1,24398.9,24389.1,24389.1,12:20:00,24384.145545776733,1,38
2024-07-09,24399.2,24400.3,24388.85,24393.75,12:25:00,24385.579303321807,1,39
2024-07-09,24394.05,24403.9,24387.7,24398.75,12:30:00,24386.38603633878,1,40
2024-07-09,24393.3,24400.7,24392.5,24393.35,12:35:00,24387.044509068422,1,41
2024-07-09,24384.0,24398.1,24383.15,24392.4,12:40:00,24386.75455582381,1,42
2024-07-09,24393.55,24395.95,24382.45,24383.8,12:45:00,24387.40174098345,1,43
2024-07-09,24395.4,24400.15,24393.3,24394.6,12:50:00,24388.163479937408,1,44
2024-07-09,24406.6,24408.25,24393.0,24395.05,12:55:00,24389.91933899099,1,45
2024-07-09,24406.8,24419.4,24402.65,24405.15,13:00:00,24391.52702099185,1,46
2024-07-09,24419.35,24420.4,24405.4,24406.65,13:05:00,24394.17682851644,1,47
2024-07-09,24423.0,24429.05,24418.65,24419.2,13:10:00,24396.921892467253,1,48
2024-07-09,24417.2,24427.65,24417.2,24423.0,13:15:00,24398.853140803705,1,49
2024-07-09,24419.2,24425.55,24416.6,24416.6,13:20:00,24400.79093691764,1,50
2024-07-09,24416.55,24423.1,24414.95,24418.5,13:25:00,24402.291800068346,1,51
2024-07-09,24417.95,24420.0,24412.4,24416.1,13:30:00,24403.78305720469,1,52
2024-07-09,24420.45,24424.3,24414.85,24417.8,13:35:00,24405.37038508996,1,53
2024-07-09,24419.35,24423.55,24417.7,24419.55,13:40:00,24406.70177698616,1,54
2024-07-09,24416.3,24424.05,24415.3,24419.5,13:45:00,24407.615893463662,1,55
2024-07-09,24413.15,24416.05,24408.4,24415.7,13:50:00,24408.142951229027,1,56
2024-07-09,24427.7,24428.2,24412.1,24412.7,13:55:00,24410.00552730245,1,57
2024-07-09,24423.85,24428.35,24418.2,24426.65,14:00:00,24411.324048511746,1,58
2024-07-09,24424.15,24427.8,24416.4,24421.7,14:05:00,24412.545567701105,1,59
2024-07-09,24431.9,24437.8,24422.45,24423.95,14:10:00,24414.388846967664,1,60
2024-07-09,24419.7,24432.5,24418.3,24430.9,14:15:00,24414.894671065984,1,61
2024-07-09,24425.8,24427.6,24415.9,24419.2,14:20:00,24415.933273821604,1,62
2024-07-09,24413.2,24425.15,24411.8,24423.95,14:25:00,24415.672962029068,1,63
2024-07-09,24414.95,24420.15,24407.8,24413.0,14:30:00,24415.60410850249,1,64
2024-07-09,24421.35,24425.3,24413.75,24414.75,14:35:00,24416.15133626416,1,65
2024-07-09,24425.55,24428.4,24413.55,24420.7,14:40:00,24417.04644709614,1,66
2024-07-09,24418.6,24427.5,24416.1,24425.3,14:45:00,24417.194404515554,1,67
2024-07-09,24417.7,24425.45,24412.85,24417.8,14:50:00,24417.24255646645,1,68
2024-07-09,24416.2,24422.9,24413.8,24417.5,14:55:00,24417.14326537441,1,69
2024-07-09,24437.05,24438.35,24417.3,24418.45,15:00:00,24419.039144862563,1,70
2024-07-09,24431.25,24438.6,24426.3,24436.8,15:05:00,24420.20208344708,1,71
2024-07-09,24434.05,24441.35,24430.5,24431.95,15:10:00,24421.5209326426,1,72
2024-07-09,24441.75,24443.3,24430.25,24434.1,15:15:00,24423.44751048616,1,73
2024-07-09,24426.9,24442.35,24425.2,24442.2,15:20:00,24423.77631901129,1,74
2024-07-09,24417.25,24430.1,24411.05,24427.25,15:25:00,24423.154764819737,1,75
2024-07-10,24394.75,24457.6,24384.7,24451.4,09:15:00,24423.611496825222,2,1
2024-07-10,24398.4,24411.1,24386.65,24395.3,09:20:00,24421.210401889493,2,2
2024-07-10,24407.9,24424.05,24395.1,24395.95,09:25:00,24419.942744566684,2,3
2024-07-10,24402.4,24415.55,24399.1,24407.95,09:30:00,24418.272006988904,2,4
2024-07-10,24411.75,24415.5,24402.5,24402.5,09:35:00,24417.65086346615,2,5
2024-07-10,24400.35,24419.15,24398.8,24411.5,09:40:00,24416.00316218366,2,6
2024-07-10,24387.85,24400.35,24367.4,24400.35,09:45:00,24413.32190864236,2,7
2024-07-10,24384.15,24394.95,24371.1,24387.3,09:50:00,24410.5436316288,2,8
2024-07-10,24369.15,24387.05,24368.15,24384.6,09:55:00,24406.601380997483,2,9
2024-07-10,24371.5,24371.5,24352.2,24368.1,10:00:00,24403.258392331056,2,10
2024-07-10,24333.15,24377.85,24332.05,24369.95,10:05:00,24396.58140258524,2,11
2024-07-10,24330.75,24334.1,24312.65,24332.05,10:10:00,24390.31174519617,2,12
2024-07-10,24335.0,24346.85,24326.1,24329.5,10:15:00,24385.0439599394,2,13
2024-07-10,24252.1,24335.7,24250.55,24335.7,10:20:00,24372.38263042136,2,14
2024-07-10,24238.0,24265.9,24227.0,24251.55,10:25:00,24359.58428466694,2,15
2024-07-10,24237.8,24258.2,24236.95,24238.6,10:30:00,24347.985781365325,2,16
2024-07-10,24173.5,24233.1,24166.55,24232.5,10:35:00,24331.368087901963,2,17
2024-07-10,24194.8,24208.75,24142.6,24173.4,10:40:00,24318.361603339872,2,18
2024-07-10,24194.45,24206.5,24177.85,24194.3,10:45:00,24306.560498259885,2,19
2024-07-10,24190.95,24205.75,24173.55,24194.55,10:50:00,24295.54997461609,2,20
2024-07-10,24212.7,24228.3,24190.6,24191.3,10:55:00,24287.65950084313,2,21
2024-07-10,24224.85,24226.75,24196.7,24213.55,11:00:00,24281.677643619973,2,22
2024-07-10,24209.75,24229.75,24209.5,24224.6,11:05:00,24274.827391846644,2,23
2024-07-10,24211.45,24223.95,24198.85,24209.6,11:10:00,24268.79144976601,2,24
2024-07-10,24213.6,24218.45,24193.9,24210.95,11:15:00,24263.535121216864,2,25
2024-07-10,24217.05,24224.05,24209.95,24213.55,11:20:00,24259.10796681526,2,26
2024-07-10,24216.3,24223.75,24208.25,24217.0,11:25:00,24255.03101759476,2,27
2024-07-10,24232.05,24233.95,24214.85,24216.8,11:30:00,24252.8423492524,2,28
2024-07-10,24241.1,24241.65,24225.2,24232.25,11:35:00,24251.724030275986,2,29
2024-07-10,24245.3,24252.65,24236.3,24240.4,11:40:00,24251.112217868744,2,30
2024-07-10,24241.9,24249.9,24233.6,24245.1,11:45:00,24250.234863786005,2,31
2024-07-10,24274.95,24287.55,24236.15,24242.95,11:50:00,24252.58868628258,2,32
2024-07-10,24262.35,24277.6,24260.3,24275.5,11:55:00,24253.51833520805,2,33
2024-07-10,24279.15,24279.85,24261.05,24263.2,12:00:00,24255.959446140616,2,34
2024-07-10,24277.7,24283.95,24270.35,24279.35,12:05:00,24258.029975079608,2,35
2024-07-10,24265.1,24277.3,24249.6,24276.25,12:10:00,24258.70331078632,2,36
2024-07-10,24256.85,24267.65,24251.4,24265.65,12:15:00,24258.526804997146,2,37
2024-07-10,24271.55,24274.05,24249.8,24258.05,12:20:00,24259.76710928313,2,38
2024-07-10,24255.0,24272.95,24248.45,24272.0,12:25:00,24259.31309887521,2,39
2024-07-10,24276.05,24278.1,24252.0,24256.1,12:30:00,24260.907089458524,2,40
2024-07-10,24280.4,24287.1,24274.9,24277.55,12:35:00,24262.763557129143,2,41
2024-07-10,24275.8,24284.1,24272.45,24280.6,12:40:00,24264.005123116844,2,42
2024-07-10,24276.9,24282.8,24268.05,24275.0,12:45:00,24265.233206629524,2,43
2024-07-10,24295.7,24296.75,24273.2,24276.4,12:50:00,24268.13480599814,2,44
2024-07-10,24287.5,24298.35,24275.95,24295.0,12:55:00,24269.9791101888,2,45
2024-07-10,24282.2,24292.35,24278.5,24286.95,13:00:00,24271.143004456528,2,46
2024-07-10,24284.75,24287.0,24274.5,24282.75,13:05:00,24272.438908794,2,47
2024-07-10,24279.4,24291.15,24272.45,24284.7,13:10:00,24273.10186986124,2,48
2024-07-10,24279.2,24289.05,24275.35,24278.85,13:15:00,24273.68264416017,2,49
2024-07-10,24278.35,24283.2,24266.15,24279.45,13:20:00,24274.127154240152,2,50
2024-07-10,24278.55,24282.65,24274.4,24278.6,13:25:00,24274.548377645853,2,51
2024-07-10,24280.9,24286.45,24276.05,24278.75,13:30:00,24275.153294060536,2,52
2024-07-10,24269.35,24282.85,24268.9,24279.9,13:35:00,24274.6005993881,2,53
2024-07-10,24267.95,24272.0,24263.75,24270.3,13:40:00,24273.967208970185,2,54
2024-07-10,24250.65,24274.0,24248.75,24267.65,13:45:00,24271.7465224016,2,55
2024-07-10,24263.55,24263.85,24241.9,24249.55,13:50:00,24270.96590122049,2,56
2024-07-10,24260.4,24268.15,24257.05,24263.7,13:55:00,24269.959624913776,2,57
2024-07-10,24232.45,24262.6,24223.4,24261.15,14:00:00,24266.38727968389,2,58
2024-07-10,24224.0,24236.65,24212.15,24232.55,14:05:00,24262.350395904472,2,59
2024-07-10,24238.25,24240.5,24212.1,24223.65,14:10:00,24260.055120104047,2,60
2024-07-10,24253.55,24255.05,24226.65,24237.95,14:15:00,24259.43558485604,2,61
2024-07-10,24249.65,24263.75,24249.5,24254.25,14:20:00,24258.50362439356,2,62
2024-07-10,24262.4,24264.95,24246.25,24250.45,14:25:00,24258.874707784653,2,63
2024-07-10,24279.15,24286.25,24262.2,24262.9,14:30:00,24260.80568799564,2,64
2024-07-10,24310.6,24315.6,24276.95,24279.55,14:35:00,24265.548003424625,2,65
2024-07-10,24304.1,24321.9,24292.7,24311.1,14:40:00,24269.21962214609,2,66
2024-07-10,24300.45,24319.25,24295.55,24303.05,14:45:00,24272.19394384646,2,67
2024-07-10,24289.05,24304.8,24279.5,24300.05,14:50:00,24273.79928252775,2,68
2024-07-10,24294.0,24302.75,24286.7,24289.95,14:55:00,24275.72316038225,2,69
2024-07-10,24322.0,24329.15,24294.6,24294.6,15:00:00,24280.13047844108,2,70
2024-07-10,24336.2,24336.75,24320.8,24322.95,15:05:00,24285.470432875267,2,71
2024-07-10,24330.85,24336.55,24323.45,24336.15,15:10:00,24289.79229641096,2,72
2024-07-10,24326.15,24337.15,24323.9,24331.25,15:15:00,24293.25493484801,2,73
2024-07-10,24323.25,24328.3,24320.25,24326.75,15:20:00,24296.111607719628,2,74
2024-07-10,24312.4,24326.75,24310.9,24322.85,15:25:00,24297.6628831749,2,75
2024-07-11,24360.8,24393.85,24357.85,24390.4,09:15:00,24312.19682727016,3,1
2024-07-11,24345.55,24368.75,24341.3,24356.0,09:20:00,24315.37331991109,3,2
2024-07-11,24346.85,24356.3,24336.3,24345.75,09:25:00,24318.37109896718,3,3
2024-07-11,24321.95,24356.3,24313.5,24346.4,09:30:00,24318.71194668459,3,4
2024-07-11,24322.1,24331.2,24310.65,24322.0,09:35:00,24319.03461842892,3,5
2024-07-11,24339.4,24352.05,24320.3,24322.05,09:40:00,24320.97417857854,3,6
2024-07-11,24352.8,24354.35,24329.45,24340.3,09:45:00,24324.00520919011,3,7
2024-07-11,24350.4,24360.15,24342.15,24353.25,09:50:00,24326.51899879105,3,8
2024-07-11,24341.45,24352.4,24334.95,24349.75,09:55:00,24327.940998906182,3,9
2024-07-11,24352.45,24353.3,24339.55,24342.65,10:00:00,24330.27518948655,3,10
2024-07-11,24348.45,24363.15,24345.05,24352.4,10:05:00,24332.006123821167,3,11
2024-07-11,24286.1,24355.05,24274.3,24346.55,10:10:00,24327.634112028674,3,12
2024-07-11,24257.1,24288.95,24246.25,24286.05,10:15:00,24320.91657754976,3,13
2024-07-11,24255.6,24270.45,24253.05,24257.4,10:20:00,24314.69595111644,3,14
2024-07-11,24246.8,24269.25,24246.8,24254.6,10:25:00,24308.22967005773,3,15
2024-07-11,24255.75,24265.5,24242.9,24246.95,10:30:00,24303.23160624272,3,16
2024-07-11,24259.45,24262.7,24242.8,24256.3,10:35:00,24299.061929457694,3,17
2024-07-11,24253.8,24266.8,24251.6,24260.5,10:40:00,24294.75126950934,3,18
2024-07-11,24249.4,24259.45,24236.35,24254.75,10:45:00,24290.432100984643,3,19
2024-07-11,24248.5,24255.1,24244.95,24249.5,10:50:00,24286.43856755753,3,20
2024-07-11,24241.2,24253.0,24240.65,24246.7,10:55:00,24282.13013255205,3,21
2024-07-11,24252.15,24268.6,24234.7,24238.75,11:00:00,24279.27488183281,3,22
2024-07-11,24252.9,24260.6,24249.35,24251.8,11:05:00,24276.762988324925,3,23
2024-07-11,24256.2,24257.7,24246.15,24253.45,11:10:00,24274.804608484454,3,24
2024-07-11,24258.7,24264.45,24252.95,24256.5,11:15:00,24273.27083624784,3,25
2024-07-11,24263.6,24269.35,24256.3,24258.9,11:20:00,24272.34980422423,3,26
2024-07-11,24259.1,24268.9,24254.85,24263.0,11:25:00,24271.08791810764,3,27
2024-07-11,24260.1,24261.75,24251.95,24259.0,11:30:00,24270.041449716435,3,28
2024-07-11,24260.4,24265.25,24256.7,24260.15,11:35:00,24269.12321641011,3,29
2024-07-11,24269.55,24283.4,24259.55,24259.85,11:40:00,24269.16386246629,3,30
2024-07-11,24265.1,24271.8,24261.25,24268.85,11:45:00,24268.77682794569,3,31
2024-07-11,24264.3,24270.6,24261.15,24264.35,11:50:00,24268.35046337944,3,32
2024-07-11,24272.8,24276.15,24262.05,24264.65,11:55:00,24268.774228771872,3,33
2024-07-11,24208.1,24273.65,24194.5,24270.3,12:00:00,24262.9957307936,3,34
2024-07-11,24233.65,24235.1,24201.35,24208.4,12:05:00,24260.200899289448,3,35
2024-07-11,24264.2,24272.9,24228.95,24233.5,12:10:00,24260.581766023788,3,36
2024-07-11,24270.0,24274.7,24259.85,24264.25,12:15:00,24261.47874068819,3,37
2024-07-11,24268.35,24281.0,24266.15,24270.25,12:20:00,24262.13314633693,3,38
2024-07-11,24272.55,24279.15,24265.45,24270.45,12:25:00,24263.125227638186,3,39
2024-07-11,24274.75,24284.5,24266.4,24273.55,12:30:00,24264.2323488155,3,40
2024-07-11,24279.8,24280.75,24263.7,24274.2,12:35:00,24265.71498226164,3,41
2024-07-11,24286.75,24288.0,24277.45,24279.45,12:40:00,24267.718317284343,3,42
2024-07-11,24301.85,24303.95,24282.85,24286.95,12:45:00,24270.968953733453,3,43
2024-07-11,24292.4,24305.3,24288.75,24301.45,12:50:00,24273.01000575884,3,44
2024-07-11,24293.6,24294.2,24282.15,24291.9,12:55:00,24274.970957591333,3,45
2024-07-11,24293.55,24301.9,24289.9,24293.35,13:00:00,24276.740390201685,3,46
2024-07-11,24297.9,24307.2,24291.65,24294.2,13:05:00,24278.755591134857,3,47
2024-07-11,24298.05,24307.8,24294.4,24298.6,13:10:00,24280.59315388392,3,48
2024-07-11,24300.3,24306.1,24293.4,24297.35,13:15:00,24282.469996371165,3,49
2024-07-11,24297.0,24309.75,24279.3,24300.55,13:20:00,24283.85380624058,3,50
2024-07-11,24292.95,24301.0,24292.6,24297.55,13:25:00,24284.72011040814,3,51
2024-07-11,24284.65,24295.85,24282.45,24293.1,13:30:00,24284.71343322641,3,52
2024-07-11,24282.05,24287.75,24278.3,24284.0,13:35:00,24284.459772919134,3,53
2024-07-11,24282.2,24295.2,24281.0,24282.05,13:40:00,24284.244556450645,3,54
2024-07-11,24291.15,24294.85,24279.75,24282.3,13:45:00,24284.902217741062,3,55
2024-07-11,24315.6,24324.25,24288.7,24290.55,13:50:00,24287.82581605144,3,56
2024-07-11,24313.95,24319.35,24304.75,24314.9,13:55:00,24290.313833570348,3,57
2024-07-11,24325.4,24327.3,24314.1,24314.1,14:00:00,24293.655373230315,3,58
2024-07-11,24306.6,24323.95,24301.2,24323.95,14:05:00,24294.88819482743,3,59
2024-07-11,24306.8,24308.8,24293.05,24305.9,14:10:00,24296.022652462914,3,60
2024-07-11,24313.9,24316.3,24303.35,24306.1,14:15:00,24297.725256990256,3,61
2024-07-11,24311.05,24316.15,24299.8,24314.65,14:20:00,24298.99428013404,3,62
2024-07-11,24312.4,24313.2,24304.4,24310.7,14:25:00,24300.27101535937,3,63
2024-07-11,24305.9,24316.8,24300.5,24311.0,14:30:00,24300.807109134665,3,64
2024-07-11,24310.1,24314.25,24299.1,24305.7,14:35:00,24301.692146359936,3,65
2024-07-11,24306.7,24317.0,24304.0,24309.9,14:40:00,24302.169084801848,3,66
2024-07-11,24301.25,24313.05,24298.9,24306.95,14:45:00,24302.08155291596,3,67
2024-07-11,24317.25,24324.0,24295.15,24301.15,14:50:00,24303.526166923963,3,68
2024-07-11,24331.35,24332.0,24314.9,24318.6,14:55:00,24306.176055788343,3,69
2024-07-11,24299.6,24332.45,24297.75,24331.75,15:00:00,24305.549764760886,3,70
2024-07-11,24308.9,24309.9,24291.45,24299.35,15:05:00,24305.868834783658,3,71
2024-07-11,24328.65,24329.5,24306.65,24308.65,15:10:00,24308.038469566167,3,72
2024-07-11,24328.05,24329.0,24318.55,24329.0,15:15:00,24309.94432960749,3,73
2024-07-11,24344.65,24345.35,24319.15,24327.8,15:20:00,24313.24963154963,3,74
2024-07-11,24338.5,24357.0,24334.3,24346.1,15:25:00,24315.6544285449,3,75
2024-07-12,24354.95,24397.4,24353.15,24385.5,09:15:00,24325.6264142964,4,1
2024-07-12,24383.95,24384.6,24342.85,24354.6,09:20:00,24331.18104150626,4,2
2024-07-12,24434.3,24434.3,24383.2,24384.1,09:25:00,24341.00189469614,4,3
2024-07-12,24419.7,24440.4,24410.05,24433.05,09:30:00,24348.49695234413,4,4
2024-07-12,24412.95,24419.65,24406.8,24419.6,09:35:00,24354.635337835163,4,5
2024-07-12,24420.85,24428.95,24405.9,24411.5,09:40:00,24360.941496136576,4,6
2024-07-12,24418.2,24423.9,24414.75,24420.45,09:45:00,24366.39468698071,4,7
2024-07-12,24392.9,24422.95,24384.2,24418.5,09:50:00,24368.91900250636,4,8
2024-07-12,24381.65,24393.7,24332.5,24393.7,09:55:00,24370.131478458134,4,9
2024-07-12,24375.35,24404.4,24363.4,24381.25,10:00:00,24370.628480509746,4,10
2024-07-12,24377.55,24400.55,24370.1,24376.35,10:05:00,24371.28767284215,4,11
2024-07-12,24362.9,24379.1,24361.25,24376.8,10:10:00,24370.488846857184,4,12
2024-07-12,24378.3,24382.45,24358.05,24362.6,10:15:00,24371.23276620412,4,13
2024-07-12,24362.55,24394.45,24358.15,24377.2,10:20:00,24370.40583608944,4,14
2024-07-12,24379.85,24380.35,24357.15,24362.1,10:25:00,24371.3052802714,4,15
2024-07-12,24377.55,24379.7,24369.05,24379.4,10:30:00,24371.90001548365,4,16
2024-07-12,24375.5,24379.4,24369.95,24377.3,10:35:00,24372.24287115188,4,17
2024-07-12,24382.25,24383.3,24366.85,24375.35,10:40:00,24373.195931042173,4,18
2024-07-12,24390.25,24394.45,24380.45,24383.05,10:45:00,24374.820128085776,4,19
2024-07-12,24477.85,24496.05,24383.0,24390.35,10:50:00,24384.63249683952,4,20
2024-07-12,24526.85,24533.2,24463.8,24480.3,10:55:00,24398.177020950032,4,21
2024-07-12,24585.35,24591.95,24518.95,24528.5,11:00:00,24416.00301895479,4,22
2024-07-12,24547.75,24590.8,24535.55,24585.55,11:05:00,24428.550350482903,4,23
2024-07-12,24538.25,24560.75,24526.3,24548.95,11:10:00,24438.9979361512,4,24
2024-07-12,24518.35,24539.35,24503.95,24537.65,11:15:00,24446.55527556537,4,25
2024-07-12,24484.55,24527.8,24482.95,24518.1,11:20:00,24450.17382074962,4,26
2024-07-12,24492.85,24494.65,24474.4,24484.95,11:25:00,24454.238218773466,4,27
2024-07-12,24483.5,24506.35,24474.9,24491.7,11:30:00,24457.02505508075,4,28
2024-07-12,24489.55,24491.85,24473.3,24483.7,11:35:00,24460.12266888258,4,29
2024-07-12,24499.5,24504.1,24483.2,24488.95,11:40:00,24463.872890893763,4,30
2024-07-12,24510.65,24512.55,24497.85,24499.4,11:45:00,24468.327853665785,4,31
2024-07-12,24502.6,24511.25,24489.25,24510.95,11:50:00,24471.591867602376,4,32
2024-07-12,24494.2,24505.0,24490.7,24502.25,11:55:00,24473.74502306881,4,33
2024-07-12,24492.4,24502.0,24487.65,24494.6,12:00:00,24475.52168753845,4,34
2024-07-12,24514.25,24514.65,24490.05,24492.7,12:05:00,24479.21009824908,4,35
2024-07-12,24516.4,24525.5,24511.5,24513.6,12:10:00,24482.751993653925,4,36
2024-07-12,24516.4,24521.25,24501.65,24517.8,12:15:00,24485.956565686887,4,37
2024-07-12,24501.65,24517.85,24500.3,24516.25,12:20:00,24487.45117847861,4,38
2024-07-12,24501.3,24504.75,24488.0,24501.15,12:25:00,24488.770113861603,4,39
2024-07-12,24483.0,24502.4,24478.45,24501.6,12:30:00,24488.22057920812,4,40
2024-07-12,24496.65,24497.55,24478.25,24482.65,12:35:00,24489.023381188297,4,41
2024-07-12,24488.95,24504.2,24485.5,24496.15,12:40:00,24489.016392503698,4,42
2024-07-12,24490.1,24497.15,24486.6,24489.35,12:45:00,24489.119593217634,4,43
2024-07-12,24500.75,24503.0,24487.35,24490.85,12:50:00,24490.227251006432,4,44
2024-07-12,24504.85,24509.6,24498.0,24500.55,12:55:00,24491.619893767725,4,45
2024-07-12,24509.0,24510.55,24494.3,24506.9,13:00:00,24493.275141980324,4,46
2024-07-12,24518.05,24518.05,24501.65,24509.1,13:05:00,24495.634652267912,4,47
2024-07-12,24518.5,24523.45,24513.9,24517.2,13:10:00,24497.81230443287,4,48
2024-07-12,24553.1,24555.35,24514.05,24518.45,13:15:00,24503.077799248786,4,49
2024-07-12,24542.6,24558.55,24541.65,24552.35,13:20:00,24506.841818367942,4,50
2024-07-12,24546.0,24553.9,24540.85,24541.9,13:25:00,24510.57116899957,4,51
2024-07-12,24556.6,24560.8,24544.55,24545.2,13:30:00,24514.95486719009,4,52
2024-07-12,24537.1,24559.25,24536.85,24556.15,13:35:00,24517.063927457697,4,53
2024-07-12,24540.8,24544.95,24534.0,24537.0,13:40:00,24519.32450579506,4,54
2024-07-12,24554.7,24555.35,24538.75,24541.25,13:45:00,24522.693600481245,4,55
2024-07-12,24542.0,24557.55,24541.0,24554.65,13:50:00,24524.53230519732,4,56
2024-07-12,24553.25,24559.45,24541.5,24543.5,13:55:00,24527.267323749955,4,57
2024-07-12,24558.6,24565.0,24550.3,24551.85,14:00:00,24530.251388154724,4,58
2024-07-12,24561.05,24566.3,24554.55,24559.6,14:05:00,24533.18458928284,4,59
2024-07-12,24574.65,24579.8,24558.35,24560.45,14:10:00,24537.13367601781,4,60
2024-07-12,24573.0,24581.05,24563.55,24573.9,14:15:00,24540.549516397063,4,61
2024-07-12,24556.65,24574.05,24553.2,24569.2,14:20:00,24542.082895787826,4,62
2024-07-12,24564.5,24570.95,24547.25,24556.3,14:25:00,24544.217858093743,4,63
2024-07-12,24559.85,24568.1,24550.75,24565.05,14:30:00,24545.706633513382,4,64
2024-07-12,24562.55,24565.6,24552.0,24560.6,14:35:00,24547.31076365497,4,65
2024-07-12,24560.4,24568.75,24554.2,24560.6,14:40:00,24548.55735759259,4,66
2024-07-12,24550.4,24560.7,24544.65,24559.9,14:45:00,24548.73284734568,4,67
2024-07-12,24539.65,24550.75,24537.4,24550.1,14:50:00,24547.867814265133,4,68
2024-07-12,24524.7,24545.85,24520.55,24538.55,14:55:00,24545.66135576369,4,69
2024-07-12,24502.05,24524.4,24494.75,24524.4,15:00:00,24541.50789331001,4,70
2024-07-12,24503.0,24516.15,24497.65,24501.15,15:05:00,24537.84047489953,4,71
2024-07-12,24491.15,24508.95,24490.05,24504.05,15:10:00,24533.393763004337,4,72
2024-07-12,24498.45,24504.3,24485.6,24490.0,15:15:00,24530.065785575352,4,73
2024-07-12,24506.8,24515.85,24497.3,24498.9,15:20:00,24527.84999647293,4,74
2024-07-12,24512.4,24516.5,24489.95,24506.75,15:25:00,24526.378568237425,4,75
2024-07-15,24569.25,24597.8,24553.55,24587.6,09:15:00,24535.73687785422,0,1
2024-07-15,24549.85,24569.35,24537.1,24569.35,09:20:00,24537.08098472525,0,2
2024-07-15,24567.9,24570.95,24542.75,24549.7,09:25:00,24540.016129037125,0,3
2024-07-15,24557.5,24570.8,24547.35,24567.6,09:30:00,24541.68125960502,0,4
2024-07-15,24538.5,24571.5,24535.9,24557.8,09:35:00,24541.37828249978,0,5
2024-07-15,24542.35,24558.3,24523.7,24537.45,09:40:00,24541.470827023608,0,6
2024-07-15,24550.05,24557.4,24541.95,24542.55,09:45:00,24542.2878911166,0,7
2024-07-15,24554.65,24567.1,24549.1,24549.7,09:50:00,24543.46523481977,0,8
2024-07-15,24535.65,24554.5,24535.65,24554.35,09:55:00,24542.720926741706,0,9
2024-07-15,24546.1,24550.95,24527.9,24535.2,10:00:00,24543.04274324249,0,10
2024-07-15,24552.85,24555.3,24542.25,24546.3,10:05:00,24543.97676769559,0,11
2024-07-15,24562.0,24572.6,24552.1,24552.4,10:10:00,24545.69326601029,0,12
2024-07-15,24576.65,24578.2,24562.0,24562.15,10:15:00,24548.641526390267,0,13
2024-07-15,24557.15,24576.9,24548.85,24576.9,10:20:00,24549.45185721024,0,14
2024-07-15,24550.15,24558.3,24545.7,24557.0,10:25:00,24549.518346999743,0,15
2024-07-15,24563.7,24565.55,24549.3,24550.35,10:30:00,24550.868980618816,0,16
2024-07-15,24573.7,24575.45,24557.85,24563.65,10:35:00,24553.043363417022,0,17
2024-07-15,24585.05,24602.55,24572.85,24574.2,10:40:00,24556.091614520163,0,18
2024-07-15,24590.0,24593.2,24580.55,24584.5,10:45:00,24559.320984565864,0,19
2024-07-15,24582.15,24595.0,24573.15,24590.05,10:50:00,24561.495176511973,0,20
2024-07-15,24579.0,24585.95,24577.95,24582.65,10:55:00,24563.16230255845,0,21
2024-07-15,24578.2,24582.45,24574.4,24578.75,11:00:00,24564.59446421955,0,22
2024-07-15,24589.85,24590.55,24575.55,24577.65,11:05:00,24566.9997533415,0,23
2024-07-15,24581.0,24590.4,24579.25,24589.9,11:10:00,24568.33311016612,0,24
2024-07-15,24579.75,24586.75,24576.2,24581.75,11:15:00,24569.420433007443,0,25
2024-07-15,24580.65,24584.3,24573.7,24579.45,11:20:00,24570.489915578164,0,26
2024-07-15,24580.9,24586.75,24579.65,24582.55,11:25:00,24571.481352189767,0,27
2024-07-15,24576.3,24585.1,24574.5,24580.75,11:30:00,24571.94027102884,0,28
2024-07-15,24586.3,24589.45,24576.1,24576.5,11:35:00,24573.30786426418,0,29
2024-07-15,24597.5,24598.8,24587.0,24587.1,11:40:00,24575.611877191404,0,30
2024-07-15,24602.1,24609.4,24596.25,24596.3,11:45:00,24578.134555554127,0,31
2024-07-15,24601.2,24611.65,24597.65,24601.35,11:50:00,24580.33126454897,0,32
2024-07-15,24591.6,24604.45,24547.55,24602.1,11:55:00,24581.40447744907,0,33
2024-07-15,24588.45,24595.95,24585.15,24591.75,12:00:00,24582.075479596777,0,34
2024-07-15,24592.65,24592.95,24577.7,24589.05,12:05:00,24583.08257677804,0,35
2024-07-15,24598.9,24601.7,24590.5,24591.6,12:10:00,24584.58899803727,0,36
2024-07-15,24597.6,24602.25,24595.75,24598.9,12:15:00,24585.828141081343,0,37
2024-07-15,24580.85,24598.05,24580.0,24597.7,12:20:00,24585.35403240693,0,38
2024-07-15,24576.9,24585.95,24576.45,24581.2,12:25:00,24584.548886463414,0,39
2024-07-15,24590.75,24594.4,24576.1,24577.35,12:30:00,24585.139468704994,0,40
2024-07-15,24587.1,24593.05,24584.1,24591.1,12:35:00,24585.326185971186,0,41
2024-07-15,24588.15,24588.4,24579.55,24587.3,12:40:00,24585.595120640595,0,42
2024-07-15,24596.45,24596.95,24584.0,24587.8,12:45:00,24586.628918674825,0,43
2024-07-15,24593.35,24600.4,24591.1,24596.0,12:50:00,24587.269021658176,0,44
2024-07-15,24588.4,24597.75,24588.4,24593.45,12:55:00,24587.376733881207,0,45
2024-07-15,24596.95,24598.5,24585.55,24588.05,13:00:00,24588.28847351157,0,46
2024-07-15,24604.3,24605.15,24594.25,24596.1,13:05:00,24589.81338079618,0,47
2024-07-15,24614.8,24619.6,24601.9,24604.2,13:10:00,24592.19305881559,0,48
2024-07-15,24629.55,24634.85,24613.85,24614.8,13:15:00,24595.75086273792,0,49
2024-07-15,24620.85,24634.15,24620.85,24630.25,13:20:00,24598.141256762872,0,50
2024-07-15,24626.75,24629.45,24620.55,24622.15,13:25:00,24600.86589897593,0,51
2024-07-15,24621.95,24631.55,24618.6,24626.95,13:30:00,24602.87390859728,0,52
2024-07-15,24624.1,24626.75,24617.0,24621.45,13:35:00,24604.895441111817,0,53
2024-07-15,24612.1,24625.85,24611.8,24624.05,13:40:00,24605.58158957736,0,54
2024-07-15,24622.6,24629.05,24609.2,24612.4,13:45:00,24607.20239057,0,55
2024-07-15,24613.8,24624.65,24611.55,24621.35,13:50:00,24607.830734325235,0,56
2024-07-15,24612.9,24619.7,24610.55,24614.9,13:55:00,24608.31352153236,0,57
2024-07-15,24615.25,24618.55,24608.95,24612.8,14:00:00,24608.97413852927,0,58
2024-07-15,24612.15,24617.75,24609.65,24614.6,14:05:00,24609.27660152648,0,59
2024-07-15,24594.45,24613.35,24589.8,24611.65,14:10:00,24607.864544238244,0,60
2024-07-15,24601.3,24601.8,24589.05,24594.45,14:15:00,24607.239349548887,0,61
2024-07-15,24603.35,24608.15,24599.1,24600.65,14:20:00,24606.86893530613,0,62
2024-07-15,24614.4,24618.85,24603.0,24603.1,14:25:00,24607.58617956269,0,63
2024-07-15,24602.7,24619.15,24598.4,24613.75,14:30:00,24607.12082912815,0,64
2024-07-15,24599.55,24605.9,24597.55,24602.65,14:35:00,24606.39979778261,0,65
2024-07-15,24593.05,24603.55,24591.2,24599.0,14:40:00,24605.128388469984,0,66
2024-07-15,24595.95,24602.2,24591.65,24593.05,14:45:00,24604.254256234748,0,67
2024-07-15,24586.05,24597.45,24582.7,24595.2,14:50:00,24602.520517545723,0,68
2024-07-15,24588.6,24593.85,24579.5,24584.15,14:55:00,24601.19475396994,0,69
2024-07-15,24593.15,24596.05,24582.65,24587.75,15:00:00,24600.428586925183,0,70
2024-07-15,24594.0,24601.7,24591.7,24593.3,15:05:00,24599.816340551355,0,71
2024-07-15,24584.5,24593.8,24577.7,24593.6,15:10:00,24598.357641451228,0,72
2024-07-15,24586.2,24587.95,24579.25,24583.4,15:15:00,24597.199770836825,0,73
2024-07-15,24585.85,24587.25,24577.95,24586.25,15:20:00,24596.11884028094,0,74
2024-07-15,24588.35,24588.6,24581.0,24584.0,15:25:00,24595.378950730374,0,75
2024-07-16,24612.75,24643.2,24602.05,24621.05,09:15:00,24598.801590053663,1,1
2024-07-16,24627.75,24630.95,24607.9,24611.4,09:20:00,24601.55858147712,1,2
2024-07-16,24622.5,24629.2,24610.95,24627.85,09:25:00,24603.553002288823,1,3
2024-07-16,24636.1,24636.95,24615.3,24623.2,09:30:00,24606.652716356555,1,4
2024-07-16,24624.2,24643.15,24622.8,24635.55,09:35:00,24608.32388622736,1,5
2024-07-16,24633.75,24636.4,24620.35,24622.7,09:40:00,24610.74542087237,1,6
2024-07-16,24634.05,24643.75,24632.5,24634.55,09:45:00,24612.96490459881,1,7
2024-07-16,24617.7,24636.25,24613.85,24634.2,09:50:00,24613.415866065592,1,8
2024-07-16,24631.8,24639.4,24618.0,24619.05,09:55:00,24615.166735964107,1,9
2024-07-16,24633.4,24637.75,24623.7,24630.25,10:00:00,24616.90323730086,1,10
2024-07-16,24634.1,24648.9,24626.85,24635.0,10:05:00,24618.541024224585,1,11
2024-07-16,24634.4,24637.2,24620.0,24634.7,10:10:00,24620.05140286986,1,12
2024-07-16,24641.75,24643.3,24634.3,24635.35,10:15:00,24622.11793592988,1,13
2024-07-16,24636.05,24643.9,24635.4,24641.3,10:20:00,24623.44479917465,1,14
2024-07-16,24642.1,24643.1,24634.9,24635.9,10:25:00,24625.221484967537,1,15
2024-07-16,24651.7,24651.85,24628.75,24640.05,10:30:00,24627.743248303963,1,16
2024-07-16,24650.0,24654.3,24643.05,24652.6,10:35:00,24629.86293894168,1,17
2024-07-16,24657.2,24661.05,24647.85,24650.4,10:40:00,24632.466468566283,1,18
2024-07-16,24653.6,24659.1,24647.0,24656.55,10:45:00,24634.479185845685,1,19
2024-07-16,24647.95,24655.8,24646.1,24653.95,10:50:00,24635.762120527048,1,20
2024-07-16,24656.0,24658.05,24647.7,24648.6,10:55:00,24637.68953761971,1,21
2024-07-16,24650.7,24657.6,24649.85,24656.0,11:00:00,24638.92862927498,1,22
2024-07-16,24651.95,24655.6,24649.75,24651.25,11:05:00,24640.16875982022,1,23
2024-07-16,24654.05,24655.75,24642.8,24651.95,11:10:00,24641.490782694484,1,24
2024-07-16,24647.15,24657.05,24645.85,24654.4,11:15:00,24642.0297557712,1,25
2024-07-16,24651.1,24652.15,24640.1,24645.65,11:20:00,24642.893588554893,1,26
2024-07-16,24656.45,24658.5,24648.25,24651.45,11:25:00,24644.18467535919,1,27
2024-07-16,24655.95,24660.35,24652.9,24656.1,11:30:00,24645.30518246784,1,28
2024-07-16,24656.05,24660.8,24653.2,24655.7,11:35:00,24646.328498423285,1,29
2024-07-16,24652.85,24658.95,24650.5,24656.5,11:40:00,24646.949593811543,1,30
2024-07-16,24648.55,24654.45,24644.5,24652.9,11:45:00,24647.10201344854,1,31
2024-07-16,24634.7,24648.6,24631.6,24648.6,11:50:00,24645.920869310587,1,32
2024-07-16,24640.45,24642.25,24632.2,24634.05,11:55:00,24645.399834138152,1,33
2024-07-16,24642.95,24653.15,24640.0,24640.0,12:00:00,24645.166516601184,1,34
2024-07-16,24642.8,24647.35,24640.3,24642.35,12:05:00,24644.94113406774,1,35
2024-07-16,24640.5,24645.5,24638.6,24642.4,12:10:00,24644.518168918432,1,36
2024-07-16,24626.4,24644.55,24620.3,24640.9,12:15:00,24642.79262902144,1,37
2024-07-16,24638.25,24639.25,24624.05,24627.0,12:20:00,24642.359997686064,1,38
2024-07-16,24631.65,24640.0,24626.35,24638.95,12:25:00,24641.33999790644,1,39
2024-07-16,24624.0,24634.3,24622.95,24631.85,12:30:00,24639.688569534403,1,40
2024-07-16,24639.55,24643.8,24624.25,24624.55,12:35:00,24639.67537243589,1,41
2024-07-16,24646.3,24649.35,24638.2,24640.65,12:40:00,24640.30628934676,1,42
2024-07-16,24646.05,24653.35,24644.7,24646.6,12:45:00,24640.85330940897,1,43
2024-07-16,24649.15,24652.05,24644.45,24646.6,12:50:00,24641.64347041764,1,44
2024-07-16,24652.4,24653.4,24644.75,24649.2,12:55:00,24642.667901806435,1,45
2024-07-16,24644.4,24656.65,24643.55,24652.6,13:00:00,24642.832863539155,1,46
2024-07-16,24646.7,24652.3,24643.05,24643.95,13:05:00,24643.201162249712,1,47
2024-07-16,24652.9,24653.85,24643.15,24647.05,13:10:00,24644.12486108308,1,48
2024-07-16,24645.3,24654.9,24642.65,24652.0,13:15:00,24644.236779075163,1,49
2024-07-16,24634.8,24645.65,24633.9,24645.65,13:20:00,24643.338038210863,1,50
2024-07-16,24632.7,24637.15,24628.05,24634.8,13:25:00,24642.32489171459,1,51
2024-07-16,24628.3,24635.7,24626.0,24632.75,13:30:00,24640.98918774177,1,52
2024-07-16,24621.75,24634.8,24610.75,24628.65,13:35:00,24639.15688414732,1,53
2024-07-16,24622.35,24624.0,24616.5,24621.8,13:40:00,24637.55622851424,1,54
2024-07-16,24620.0,24631.5,24618.0,24621.85,13:45:00,24635.88420675098,1,55
2024-07-16,24634.3,24634.3,24615.5,24619.75,13:50:00,24635.73332991755,1,56
2024-07-16,24621.4,24634.5,24618.55,24633.7,13:55:00,24634.368250877786,1,57
2024-07-16,24621.65,24630.4,24615.35,24621.8,14:00:00,24633.156988889423,1,58
2024-07-16,24606.4,24626.15,24604.8,24620.95,14:05:00,24630.60870423329,1,59
2024-07-16,24625.1,24625.9,24603.45,24605.5,14:10:00,24630.08406573488,1,60
2024-07-16,24626.45,24629.0,24616.85,24625.15,14:15:00,24629.737964236323,1,61
2024-07-16,24613.75,24630.5,24612.4,24626.35,14:20:00,24628.215300975724,1,62
2024-07-16,24609.35,24618.45,24607.2,24615.6,14:25:00,24626.418605644703,1,63
2024-07-16,24590.5,24609.75,24589.6,24608.7,14:30:00,24622.99778605949,1,64
2024-07-16,24610.8,24616.9,24588.3,24588.3,14:35:00,24621.836092149068,1,65
2024-07-16,24616.5,24619.7,24609.05,24610.75,14:40:00,24621.327892896777,1,66
2024-07-16,24614.6,24624.55,24611.4,24615.9,14:45:00,24620.687141192324,1,67
2024-07-16,24616.75,24620.5,24612.0,24614.05,14:50:00,24620.312175364485,1,68
2024-07-16,24611.05,24622.5,24609.75,24616.25,14:55:00,24619.43006342501,1,69
2024-07-16,24638.5,24640.15,24611.15,24611.15,15:00:00,24621.246247860723,1,70
2024-07-16,24627.6,24648.0,24620.85,24638.75,15:05:00,24621.85136711208,1,71
2024-07-16,24604.3,24628.45,24604.2,24627.65,15:10:00,24620.179808339504,1,72
2024-07-16,24601.6,24607.05,24593.9,24603.6,15:15:00,24618.410302783363,1,73
2024-07-16,24614.4,24616.2,24595.25,24600.6,15:20:00,24618.028369184947,1,74
2024-07-16,24601.1,24615.7,24601.1,24613.8,15:25:00,24616.41614354829,1,75
2024-07-18,24567.85,24584.4,24540.9,24542.65,09:15:00,24605.53362317672,3,1
2024-07-18,24542.6,24568.35,24539.25,24567.3,09:20:00,24599.53994477893,3,2
2024-07-18,24539.7,24556.9,24534.35,24543.55,09:25:00,24593.84090241904,3,3
2024-07-18,24527.85,24550.35,24516.25,24538.45,09:30:00,24587.556054569603,3,4
2024-07-18,24523.7,24538.05,24515.8,24527.75,09:35:00,24581.47452556297,3,5
2024-07-18,24580.9,24580.9,24522.25,24523.6,09:40:00,24581.41980884269,3,6
2024-07-18,24647.9,24647.9,24580.6,24583.85,09:45:00,24587.751255619576,3,7
2024-07-18,24649.75,24657.55,24638.5,24648.8,09:50:00,24593.65589794152,3,8
2024-07-18,24637.25,24658.65,24634.6,24649.75,09:55:00,24597.807717185187,3,9
2024-07-18,24642.4,24647.2,24633.95,24636.05,10:00:00,24602.05460126279,3,10
2024-07-18,24638.2,24649.45,24633.3,24641.9,10:05:00,24605.49702019014,3,11
2024-07-18,24655.5,24678.35,24637.8,24638.0,10:10:00,24610.25920874346,3,12
2024-07-18,24641.95,24658.1,24640.15,24654.05,10:15:00,24613.27737933932,3,13
2024-07-18,24645.9,24647.8,24634.1,24641.4,10:20:00,24616.38429559272,3,14
2024-07-18,24637.5,24648.2,24635.75,24645.45,10:25:00,24618.39531506008,3,15
2024-07-18,24639.5,24644.25,24633.5,24637.55,10:30:00,24620.40528505436,3,16
2024-07-18,24627.45,24641.95,24619.3,24638.35,10:35:00,24621.07621028728,3,17
2024-07-18,24645.75,24655.9,24622.95,24626.85,10:40:00,24623.426095021827,3,18
2024-07-18,24614.85,24649.45,24614.55,24644.45,10:45:00,24622.609324067365,3,19
2024-07-18,24612.5,24622.75,24607.15,24613.6,10:50:00,24621.646531299044,3,20
2024-07-18,24593.6,24626.9,24591.5,24612.25,10:55:00,24618.97543308009,3,21
2024-07-18,24588.25,24599.55,24580.4,24590.2,11:00:00,24616.04920135817,3,22
2024-07-18,24596.4,24609.1,24587.75,24587.8,11:05:00,24614.17784884788,3,23
2024-07-18,24537.35,24605.65,24531.5,24595.65,11:10:00,24606.860910862364,3,24
2024-07-18,24542.0,24551.2,24528.65,24538.55,11:15:00,24600.683681256425,3,25
2024-07-18,24546.8,24551.25,24536.9,24542.35,11:20:00,24595.551902089148,3,26
2024-07-18,24551.95,24557.45,24543.55,24546.65,11:25:00,24591.39933998542,3,27
2024-07-18,24529.3,24560.45,24505.25,24552.55,11:30:00,24585.48511712966,3,28
2024-07-18,24536.05,24543.05,24523.85,24530.05,11:35:00,24580.77701073636,3,29
2024-07-18,24538.85,24541.15,24530.8,24534.75,11:40:00,24576.783962094803,3,30
2024-07-18,24535.85,24546.45,24529.9,24538.6,11:45:00,24572.885489514345,3,31
2024-07-18,24545.1,24549.0,24533.3,24535.6,11:50:00,24570.23925241774,3,32
2024-07-18,24553.2,24553.45,24541.75,24545.0,11:55:00,24568.616466473195,3,33
2024-07-18,24545.45,24568.55,24541.45,24553.0,12:00:00,24566.41013633289,3,34
2024-07-18,24563.6,24566.25,24543.5,24545.3,12:05:00,24566.14250430119,3,35
2024-07-18,24607.8,24612.1,24559.0,24564.8,12:10:00,24570.10988484393,3,36
2024-07-18,24611.4,24641.35,24599.75,24607.0,12:15:00,24574.04227676356,3,37
2024-07-18,24615.45,24618.65,24606.15,24611.15,12:20:00,24577.985869452743,3,38
2024-07-18,24615.3,24641.05,24610.4,24614.85,12:25:00,24581.53959617153,3,39
2024-07-18,24628.5,24629.0,24610.0,24615.25,12:30:00,24586.012015583765,3,40
2024-07-18,24626.65,24634.2,24619.05,24628.55,12:35:00,24589.88229981389,3,41
2024-07-18,24647.1,24648.45,24624.95,24626.25,12:40:00,24595.33160459352,3,42
2024-07-18,24640.7,24646.75,24625.05,24646.75,12:45:00,24599.65240415604,3,43
2024-07-18,24626.2,24640.6,24626.2,24640.6,12:50:00,24602.180746617367,3,44
2024-07-18,24616.75,24639.2,24614.7,24626.5,12:55:00,24603.56829455857,3,45
2024-07-18,24632.0,24639.95,24611.45,24616.55,13:00:00,24606.276076029186,3,46
2024-07-18,24641.95,24643.9,24624.4,24631.25,13:05:00,24609.673592597832,3,47
2024-07-18,24711.6,24714.45,24637.7,24642.45,13:10:00,24619.38086949328,3,48
2024-07-18,24703.35,24727.75,24697.9,24716.3,13:15:00,24627.377929541537,3,49
2024-07-18,24713.45,24738.05,24702.75,24703.9,13:20:00,24635.5752695852,3,50
2024-07-18,24731.6,24735.75,24710.8,24713.05,13:25:00,24644.720482005658,3,51
2024-07-18,24732.3,24746.45,24727.15,24731.5,13:30:00,24653.06138848131,3,52
2024-07-18,24719.1,24744.3,24715.9,24732.95,13:35:00,24659.35078005452,3,53
2024-07-18,24713.4,24727.5,24711.9,24718.05,13:40:00,24664.49832481124,3,54
2024-07-18,24727.1,24729.25,24706.95,24713.05,13:45:00,24670.460389114927,3,55
2024-07-18,24751.5,24757.7,24724.25,24726.5,13:50:00,24678.178447294456,3,56
2024-07-18,24758.0,24767.5,24750.95,24753.1,13:55:00,24685.78049993308,3,57
2024-07-18,24801.45,24803.15,24758.35,24758.35,14:00:00,24696.796642796595,3,58
2024-07-18,24791.5,24802.85,24783.85,24800.85,14:05:00,24705.816010149298,3,59
2024-07-18,24819.9,24827.7,24789.7,24790.85,14:10:00,24716.68115203984,3,60
2024-07-18,24819.25,24829.15,24809.15,24820.4,14:15:00,24726.449613750334,3,61
2024-07-18,24810.55,24821.7,24803.4,24819.65,14:20:00,24734.459174345546,3,62
2024-07-18,24799.05,24820.55,24793.1,24810.15,14:25:00,24740.610681550726,3,63
2024-07-18,24787.15,24802.45,24775.8,24800.45,14:30:00,24745.042997593515,3,64
2024-07-18,24786.15,24796.5,24774.2,24786.35,14:35:00,24748.95795020365,3,65
2024-07-18,24820.9,24824.05,24784.15,24786.55,14:40:00,24755.809573993785,3,66
2024-07-18,24819.3,24828.45,24812.85,24820.85,14:45:00,24761.856281232474,3,67
2024-07-18,24806.65,24837.5,24806.65,24816.8,14:50:00,24766.122349686524,3,68
2024-07-18,24800.05,24814.0,24785.9,24807.15,14:55:00,24769.353554478286,3,69
2024-07-18,24797.0,24802.4,24788.8,24799.85,15:00:00,24771.986549289875,3,70
2024-07-18,24796.85,24808.35,24793.9,24795.95,15:05:00,24774.35449697656,3,71
2024-07-18,24801.7,24817.25,24794.35,24795.8,15:10:00,24776.958830597832,3,72
2024-07-18,24808.5,24808.5,24794.2,24802.05,15:15:00,24779.96275149328,3,73
2024-07-18,24800.55,24810.4,24798.35,24808.5,15:20:00,24781.92344182725,3,74
2024-07-18,24779.35,24805.95,24775.95,24800.3,15:25:00,24781.678352129416,3,75
2024-07-19,24742.05,24842.05,24740.1,24841.25,09:15:00,24784.11878711728,4,1
2024-07-19,24746.05,24746.15,24728.45,24742.25,09:20:00,24780.493188344208,4,2
2024-07-19,24769.3,24769.3,24740.2,24746.8,09:25:00,24779.427170406663,4,3
2024-07-19,24750.0,24773.7,24746.4,24769.4,09:30:00,24776.62458274889,4,4
2024-07-19,24749.45,24763.5,24749.35,24750.4,09:35:00,24774.036527248994,4,5
2024-07-19,24747.7,24766.5,24741.0,24749.45,09:40:00,24771.528286558616,4,6
2024-07-19,24718.75,24749.05,24710.75,24748.7,09:45:00,24766.501783076845,4,7
2024-07-19,24726.0,24727.1,24704.75,24718.3,09:50:00,24762.64447040285,4,8
2024-07-19,24719.1,24740.05,24715.05,24725.65,09:55:00,24758.49737798353,4,9
2024-07-19,24713.6,24723.7,24702.8,24718.9,10:00:00,24754.2214372232,4,10
2024-07-19,24708.6,24719.0,24688.15,24712.95,10:05:00,24749.87653844004,4,11
2024-07-19,24685.85,24707.7,24684.2,24707.5,10:10:00,24743.77877287432,4,12
2024-07-19,24697.1,24699.65,24678.8,24684.95,10:15:00,24739.33317545772,4,13
2024-07-19,24716.85,24718.6,24696.6,24696.9,10:20:00,24737.19192065221,4,14
2024-07-19,24717.05,24725.7,24708.2,24717.75,10:25:00,24735.273642494863,4,15
2024-07-19,24710.8,24719.55,24702.15,24716.55,10:30:00,24732.94281940012,4,16
2024-07-19,24687.75,24716.7,24686.25,24709.5,10:35:00,24728.63874136201,4,17
2024-07-19,24695.8,24699.8,24681.75,24687.45,10:40:00,24725.511242184675,4,18
2024-07-19,24673.45,24694.9,24669.95,24694.6,10:45:00,24720.55302864328,4,19
2024-07-19,24674.75,24679.8,24666.05,24672.6,10:50:00,24716.19083543916,4,20
2024-07-19,24658.4,24675.1,24657.95,24674.7,10:55:00,24710.68694634972,4,21
2024-07-19,24657.35,24660.55,24644.3,24657.55,11:00:00,24705.60723717355,4,22
2024-07-19,24670.35,24675.25,24648.6,24656.3,11:05:00,24702.249405061782,4,23
2024-07-19,24661.55,24671.2,24654.85,24670.4,11:10:00,24698.37327124637,4,24
2024-07-19,24660.35,24665.5,24651.55,24660.45,11:15:00,24694.752007318148,4,25
2024-07-19,24661.8,24663.25,24640.4,24660.65,11:20:00,24691.61372090689,4,26
2024-07-19,24659.65,24665.4,24653.8,24660.9,11:25:00,24688.569557011,4,27
2024-07-19,24661.65,24675.25,24654.35,24659.3,11:30:00,24686.00578967662,4,28
2024-07-19,24651.9,24661.6,24646.0,24660.15,11:35:00,24682.757619231223,4,29
2024-07-19,24638.25,24653.2,24633.5,24651.45,11:40:00,24678.518798352063,4,30
2024-07-19,24627.2,24642.5,24626.2,24637.4,11:45:00,24673.631293747105,4,31
2024-07-19,24631.3,24634.6,24621.85,24627.45,11:50:00,24669.599741961665,4,32
2024-07-19,24635.45,24646.4,24631.25,24631.75,11:55:00,24666.34738558437,4,33
2024-07-19,24651.05,24651.35,24634.15,24634.45,12:00:00,24664.89049171919,4,34
2024-07-19,24658.45,24664.8,24650.45,24650.45,12:05:00,24664.27711155546,4,35
2024-07-19,24661.75,24673.55,24657.7,24658.1,12:10:00,24664.036434264464,4,36
2024-07-19,24658.4,24667.6,24657.7,24661.65,12:15:00,24663.499631001185,4,37
2024-07-19,24629.5,24659.15,24628.4,24658.25,12:20:00,24660.26157090584,4,38
2024-07-19,24641.2,24642.8,24627.95,24629.7,12:25:00,24658.446183200514,4,39
2024-07-19,24617.7,24646.8,24616.0,24641.2,12:30:00,24654.565594324275,4,40
2024-07-19,24618.7,24630.7,24611.8,24617.8,12:35:00,24651.14982343625,4,41
2024-07-19,24631.25,24635.7,24616.95,24618.75,12:40:00,24649.25460215661,4,42
2024-07-19,24621.65,24636.8,24619.95,24631.4,12:45:00,24646.62559242741,4,43
2024-07-19,24632.9,24633.2,24617.85,24620.8,12:50:00,24645.31839314861,4,44
2024-07-19,24608.25,24634.45,24607.75,24631.2,12:55:00,24641.7880699916,4,45
2024-07-19,24620.75,24623.4,24596.45,24607.4,13:00:00,24639.78444427812,4,46
2024-07-19,24616.75,24628.9,24611.0,24620.95,13:05:00,24637.5906876802,4,47
2024-07-19,24612.8,24618.6,24597.65,24616.05,13:10:00,24635.229669805893,4,48
2024-07-19,24599.85,24612.25,24591.4,24611.35,13:15:00,24631.860177443425,4,49
2024-07-19,24616.25,24618.25,24597.05,24598.1,13:20:00,24630.373493877385,4,50
2024-07-19,24626.9,24627.0,24613.3,24614.85,13:25:00,24630.04268493668,4,51
2024-07-19,24634.2,24635.4,24624.1,24626.1,13:30:00,24630.43861970462,4,52
2024-07-19,24634.3,24646.15,24627.85,24632.35,13:35:00,24630.806370208946,4,53
2024-07-19,24607.0,24642.7,24604.25,24631.3,13:40:00,24628.539096855708,4,54
2024-07-19,24625.0,24625.75,24604.25,24606.5,13:45:00,24628.202040012307,4,55
2024-07-19,24621.85,24631.85,24606.05,24625.8,13:50:00,24627.59708382066,4,56
2024-07-19,24625.65,24628.1,24614.25,24620.95,13:55:00,24627.41164726631,4,57
2024-07-19,24606.7,24635.75,24602.65,24627.15,14:00:00,24625.439109431427,4,58
2024-07-19,24588.0,24608.75,24585.05,24606.55,14:05:00,24621.873479961767,4,59
2024-07-19,24570.65,24588.35,24554.35,24588.35,14:10:00,24616.995053298742,4,60
2024-07-19,24580.3,24580.75,24563.25,24570.25,14:15:00,24613.50028631791,4,61
2024-07-19,24566.4,24588.7,24564.35,24578.9,14:20:00,24609.014544763824,4,62
2024-07-19,24576.9,24578.05,24552.2,24566.1,14:25:00,24605.95601669108,4,63
2024-07-19,24551.2,24578.35,24548.3,24577.65,14:30:00,24600.7411579586,4,64
2024-07-19,24543.0,24559.55,24538.5,24551.75,14:35:00,24595.24200005778,4,65
2024-07-19,24567.2,24568.25,24544.35,24544.95,14:40:00,24592.57133338561,4,66
2024-07-19,24570.3,24586.7,24562.4,24567.35,14:45:00,24590.45025401555,4,67
2024-07-19,24552.35,24572.35,24549.85,24570.35,14:50:00,24586.821658395023,4,68
2024-07-19,24556.2,24565.25,24526.45,24552.85,14:55:00,24583.90530997645,4,69
2024-07-19,24531.3,24561.5,24531.3,24556.6,15:00:00,24578.895280454883,4,70
2024-07-19,24528.6,24546.6,24520.0,24531.7,15:05:00,24574.10525374489,4,71
2024-07-19,24530.4,24541.95,24522.45,24529.85,15:10:00,24569.94284862633,4,72
2024-07-19,24526.55,24539.65,24509.25,24531.85,15:15:00,24565.8101963762,4,73
2024-07-19,24528.8,24534.4,24515.05,24526.5,15:20:00,24562.285415768943,4,74
2024-07-19,24525.85,24532.85,24516.15,24527.95,15:25:00,24558.8153761719,4,75
2024-07-22,24395.55,24456.5,24363.85,24447.65,09:15:00,24533.523697954777,0,1
2024-07-22,24441.6,24457.3,24386.9,24394.0,09:20:00,24524.76906005432,0,2
2024-07-22,24467.4,24468.8,24429.2,24443.25,09:25:00,24519.305340049148,0,3
2024-07-22,24474.3,24484.05,24450.25,24468.25,09:30:00,24515.019117187323,0,4
2024-07-22,24487.8,24495.15,24463.65,24473.6,09:35:00,24512.426820312343,0,5
2024-07-22,24494.1,24508.0,24476.9,24488.8,09:40:00,24510.681408854023,0,6
2024-07-22,24502.4,24511.25,24490.15,24493.4,09:45:00,24509.89270324888,0,7
2024-07-22,24510.5,24515.05,24488.6,24503.05,09:50:00,24509.950541034697,0,8
2024-07-22,24533.95,24538.45,24503.45,24508.75,09:55:00,24512.23620379329,0,9
2024-07-22,24528.05,24534.1,24501.0,24532.15,10:00:00,24513.742279622507,0,10
2024-07-22,24546.3,24549.45,24524.1,24528.35,10:05:00,24516.84301489656,0,11
2024-07-22,24556.0,24558.0,24542.85,24547.95,10:10:00,24520.57225157308,0,12
2024-07-22,24554.9,24561.35,24548.8,24555.65,10:15:00,24523.84156094707,0,13
2024-07-22,24574.6,24574.6,24550.45,24554.3,10:20:00,24528.67569799973,0,14
2024-07-22,24568.05,24578.8,24562.85,24575.0,10:25:00,24532.425631523565,0,15
2024-07-22,24572.15,24575.5,24559.65,24567.6,10:30:00,24536.2089047118,0,16
2024-07-22,24565.25,24572.9,24551.4,24572.4,10:35:00,24538.974723310675,0,17
2024-07-22,24566.25,24576.9,24562.6,24566.0,10:40:00,24541.57236870966,0,18
2024-07-22,24593.1,24594.4,24564.35,24566.3,10:45:00,24546.479762165884,0,19
2024-07-22,24572.25,24594.25,24567.2,24593.6,10:50:00,24548.93407053104,0,20
2024-07-22,24568.7,24582.5,24568.1,24573.5,10:55:00,24550.81654000427,0,21
2024-07-22,24550.7,24572.3,24540.05,24567.2,11:00:00,24550.805440956246,0,22
2024-07-22,24556.15,24564.8,24533.3,24551.0,11:05:00,24551.31444657946,0,23
2024-07-22,24532.05,24556.35,24531.1,24555.1,11:10:00,24549.47973738141,0,24
2024-07-22,24511.85,24534.5,24507.35,24531.4,11:15:00,24545.8959528689,0,25
2024-07-22,24523.15,24525.65,24511.1,24511.85,11:20:00,24543.72967164329,0,26
2024-07-22,24530.0,24545.3,24520.7,24522.7,11:25:00,24542.42208386774,0,27
2024-07-22,24537.0,24539.55,24524.4,24531.55,11:30:00,24541.905694927955,0,28
2024-07-22,24535.0,24546.3,24531.6,24536.7,11:35:00,24541.248009696723,0,29
2024-07-22,24548.1,24551.15,24532.45,24536.15,11:40:00,24541.9005802018,0,30
2024-07-22,24539.35,24554.9,24538.2,24547.9,11:45:00,24541.657667801628,0,31
2024-07-22,24532.1,24545.5,24532.1,24540.1,11:50:00,24540.74741372528,0,32
2024-07-22,24533.05,24545.6,24528.2,24531.9,11:55:00,24540.014326703826,0,33
2024-07-22,24523.6,24537.9,24522.15,24532.85,12:00:00,24538.451057493938,0,34
2024-07-22,24525.9,24529.2,24515.5,24523.3,12:05:00,24537.25571868499,0,35
2024-07-22,24522.95,24528.3,24514.2,24525.5,12:10:00,24535.893269286425,0,36
2024-07-22,24514.6,24527.9,24511.5,24523.15,12:15:00,24533.8653388782,0,37
2024-07-22,24513.4,24521.6,24511.9,24514.4,12:20:00,24531.91625898503,0,38
2024-07-22,24488.05,24514.55,24485.4,24513.8,12:25:00,24527.73852003408,0,39
2024-07-22,24480.45,24493.45,24474.05,24488.65,12:30:00,24523.2348514594,0,40
2024-07-22,24475.05,24489.55,24473.85,24479.9,12:35:00,24518.64581798708,0,41
2024-07-22,24491.45,24496.3,24465.55,24474.85,12:40:00,24516.055740083542,0,42
2024-07-22,24502.0,24511.7,24487.25,24491.6,12:45:00,24514.717098170822,0,43
2024-07-22,24503.1,24512.2,24498.65,24502.0,12:50:00,24513.610707868844,0,44
2024-07-22,24502.4,24509.65,24492.25,24502.65,12:55:00,24512.543021405145,0,45
2024-07-22,24487.65,24505.8,24484.05,24502.9,13:00:00,24510.1722574618,0,46
2024-07-22,24486.7,24489.75,24481.05,24487.0,13:05:00,24507.9368043702,0,47
2024-07-22,24487.8,24495.35,24482.75,24486.15,13:10:00,24506.0190134778,0,48
2024-07-22,24493.05,24498.7,24487.3,24487.3,13:15:00,24504.783869337058,0,49
2024-07-22,24507.35,24509.75,24492.4,24493.25,13:20:00,24505.02826273353,0,50
2024-07-22,24513.2,24531.85,24505.6,24507.65,13:25:00,24505.806523425574,0,51
2024-07-22,24522.3,24528.75,24513.25,24513.6,13:30:00,24507.377330718376,0,52
2024-07-22,24518.25,24524.4,24514.0,24521.4,13:35:00,24508.41282303091,0,53
2024-07-22,24521.85,24525.8,24513.8,24517.5,13:40:00,24509.692554170822,0,54
2024-07-22,24529.15,24530.35,24518.85,24522.5,13:45:00,24511.5456442498,0,55
2024-07-22,24539.55,24541.65,24527.95,24529.35,13:50:00,24514.21272574981,0,56
2024-07-22,24523.45,24541.3,24519.1,24539.2,13:55:00,24515.0924661546,0,57
2024-07-22,24522.55,24524.75,24512.3,24523.25,14:00:00,24515.802707473205,0,58
2024-07-22,24492.3,24523.2,24492.0,24521.95,14:05:00,24513.56435438052,0,59
2024-07-22,24498.25,24509.4,24491.5,24491.5,14:10:00,24512.10584443952,0,60
2024-07-22,24488.75,24499.4,24480.8,24498.15,14:15:00,24509.88147830242,0,61
2024-07-22,24507.1,24512.6,24485.75,24488.15,14:20:00,24509.61657560696,0,62
2024-07-22,24509.3,24516.65,24505.05,24506.95,14:25:00,24509.586425549147,0,63
2024-07-22,24505.3,24515.0,24502.55,24509.4,14:30:00,24509.178194544464,0,64
2024-07-22,24509.05,24513.5,24505.0,24505.0,14:35:00,24509.16598554023,0,65
2024-07-22,24516.35,24521.75,24510.1,24510.45,14:40:00,24509.850177393542,0,66
2024-07-22,24498.3,24517.15,24493.1,24516.55,14:45:00,24508.75016049892,0,67
2024-07-22,24501.7,24505.9,24493.0,24497.65,14:50:00,24508.07871664188,0,68
2024-07-22,24505.65,24508.9,24493.9,24502.6,14:55:00,24507.847410295035,0,69
2024-07-22,24505.55,24518.95,24493.25,24505.8,15:00:00,24507.62860931456,0,70
2024-07-22,24518.85,24520.15,24500.1,24504.75,15:05:00,24508.69731318936,0,71
2024-07-22,24515.7,24520.25,24512.7,24519.6,15:10:00,24509.364235742752,0,72
2024-07-22,24507.7,24520.95,24506.85,24516.25,15:15:00,24509.205737100583,0,73
2024-07-22,24512.65,24513.8,24504.7,24509.2,15:20:00,24509.53376213862,0,74
2024-07-22,24515.9,24520.8,24507.4,24513.25,15:25:00,24510.14007050637,0,75
2024-07-23,24547.75,24580.95,24544.15,24564.55,09:15:00,24518.785182432657,1,1
2024-07-23,24524.2,24556.0,24521.9,24547.55,09:20:00,24519.300879343835,1,2
2024-07-23,24532.2,24532.2,24503.2,24525.35,09:25:00,24520.529367025378,1,3
2024-07-23,24516.45,24542.45,24510.25,24531.65,09:30:00,24520.140855880105,1,4
2024-07-23,24518.05,24531.95,24507.0,24516.25,09:35:00,24519.941726748664,1,5
2024-07-23,24488.3,24518.15,24468.45,24517.3,09:40:00,24516.92822896308,1,6
2024-07-23,24494.25,24510.6,24488.8,24488.8,09:45:00,24514.768397633263,1,7
2024-07-23,24505.95,24514.45,24492.5,24494.25,09:50:00,24513.92855023962,1,8
2024-07-23,24487.0,24512.65,24474.1,24506.5,09:55:00,24511.36392640728,1,9
2024-07-23,24464.9,24489.95,24452.45,24485.75,10:00:00,24506.93879055896,1,10
2024-07-23,24465.5,24473.8,24454.55,24464.35,10:05:00,24502.99223907716,1,11
2024-07-23,24449.15,24473.55,24445.95,24464.5,10:10:00,24497.86440678409,1,12
2024-07-23,24442.45,24452.55,24423.9,24449.9,10:15:00,24492.586844233225,1,13
2024-07-23,24448.65,24462.5,24440.35,24443.0,10:20:00,24488.40238287768,1,14
2024-07-23,24440.95,24459.25,24438.6,24447.5,10:25:00,24483.883108317903,1,15
2024-07-23,24461.5,24488.95,24438.45,24441.45,10:30:00,24481.7513837162,1,16
2024-07-23,24453.5,24472.35,24450.3,24461.05,10:35:00,24479.06077574323,1,17
2024-07-23,24464.5,24472.1,24451.6,24451.6,10:40:00,24477.67403519625,1,18
2024-07-23,24451.25,24469.2,24443.8,24463.25,10:45:00,24475.157460415663,1,19
2024-07-23,24459.6,24465.3,24445.65,24451.45,10:50:00,24473.67579751893,1,20
2024-07-23,24481.8,24491.95,24457.5,24458.35,10:55:00,24474.44953108856,1,21
2024-07-23,24508.65,24525.1,24482.25,24482.25,11:00:00,24477.70671860393,1,22
2024-07-23,24539.2,24552.5,24507.25,24508.8,11:05:00,24483.563221594035,1,23
2024-07-23,24542.55,24549.2,24524.65,24541.3,11:10:00,24489.18101001365,1,24
2024-07-23,24472.1,24549.8,24381.05,24543.5,11:15:00,24487.554247155207,1,25
2024-07-23,24489.65,24518.65,24460.05,24470.65,11:20:00,24487.753842664235,1,26
2024-07-23,24498.35,24503.25,24470.0,24490.45,11:25:00,24488.763000505736,1,27
2024-07-23,24479.75,24505.05,24464.4,24498.6,11:30:00,24487.904619505192,1,28
2024-07-23,24485.65,24489.55,24454.8,24479.25,11:35:00,24487.68989383804,1,29
2024-07-23,24485.5,24494.6,24464.8,24483.95,11:40:00,24487.481332520125,1,30
2024-07-23,24494.8,24500.55,24475.0,24487.0,11:45:00,24488.17834847059,1,31
2024-07-23,24458.05,24497.9,24438.8,24494.3,11:50:00,24485.30898194958,1,32
2024-07-23,24454.3,24477.8,24441.3,24458.45,11:55:00,24482.35574557343,1,33
2024-07-23,24443.9,24462.45,24429.5,24450.9,12:00:00,24478.69329361405,1,34
2024-07-23,24462.95,24488.9,24444.5,24444.5,12:05:00,24477.19393231748,1,35
2024-07-23,24469.3,24480.8,24458.15,24462.5,12:10:00,24476.442129239626,1,36
2024-07-23,24283.2,24474.05,24283.2,24468.65,12:15:00,24458.03811693109,1,37
2024-07-23,24208.15,24335.65,24194.35,24276.6,12:20:00,24434.23924865194,1,38
2024-07-23,24142.15,24281.05,24142.15,24207.85,12:25:00,24406.4212249708,1,39
2024-07-23,24291.55,24291.9,24076.25,24142.6,12:30:00,24395.481108306914,1,40
2024-07-23,24295.5,24348.2,24258.15,24285.9,12:35:00,24385.95909799197,1,41
2024-07-23,24352.5,24382.0,24269.6,24295.85,12:40:00,24382.77251723083,1,42
2024-07-23,24284.55,24353.4,24284.55,24353.4,12:45:00,24373.41799178028,1,43
2024-07-23,24383.45,24391.0,24280.75,24283.2,12:50:00,24374.373421134536,1,44
2024-07-23,24353.5,24395.4,24342.7,24385.2,12:55:00,24372.38547626458,1,45
2024-07-23,24369.75,24387.3,24338.35,24354.35,13:00:00,24372.13447852509,1,46
2024-07-23,24353.4,24394.85,24345.15,24369.45,13:05:00,24370.350242475084,1,47
2024-07-23,24279.65,24363.85,24279.45,24354.15,13:10:00,24361.712124144124,1,48
2024-07-23,24306.0,24317.9,24277.3,24280.4,13:15:00,24356.406207558968,1,49
2024-07-23,24300.1,24320.65,24285.05,24308.05,13:20:00,24351.04371160097,1,50
2024-07-23,24337.65,24361.75,24297.85,24303.3,13:25:00,24349.76812001993,1,51
2024-07-23,24319.3,24360.85,24310.75,24340.2,13:30:00,24346.866394303743,1,52
2024-07-23,24327.8,24348.05,24317.25,24319.3,13:35:00,24345.0505472272,1,53
2024-07-23,24342.15,24352.25,24313.15,24327.5,13:40:00,24344.77430463413,1,54
2024-07-23,24346.9,24348.3,24318.95,24343.5,13:45:00,24344.976751811835,1,55
2024-07-23,24369.5,24390.45,24329.8,24346.55,13:50:00,24347.31229925833,1,56
2024-07-23,24439.6,24444.5,24368.75,24370.55,13:55:00,24356.10160409087,1,57
2024-07-23,24433.1,24449.9,24413.9,24439.35,14:00:00,24363.434784653644,1,58
2024-07-23,24493.55,24495.45,24420.3,24432.15,14:05:00,24375.826709924728,1,59
2024-07-23,24459.9,24513.65,24451.75,24494.25,14:10:00,24383.833689931897,1,60
2024-07-23,24452.35,24467.15,24435.95,24460.15,14:15:00,24390.359052795524,1,61
2024-07-23,24461.45,24465.3,24427.55,24451.95,14:20:00,24397.12961919595,1,62
2024-07-23,24442.4,24462.35,24428.65,24462.35,14:25:00,24401.44108403443,1,63
2024-07-23,24494.4,24495.9,24432.8,24444.1,14:30:00,24410.29431412639,1,64
2024-07-23,24533.4,24534.55,24489.1,24495.95,14:35:00,24422.01866516197,1,65
2024-07-23,24530.0,24544.7,24502.0,24533.6,14:40:00,24432.30260181321,1,66
2024-07-23,24523.85,24544.3,24515.05,24530.1,14:45:00,24441.021401640523,1,67
2024-07-23,24522.2,24534.95,24513.4,24525.3,14:50:00,24448.75269672238,1,68
2024-07-23,24485.8,24521.35,24484.45,24520.8,14:55:00,24452.281011320247,1,69
2024-07-23,24508.7,24514.7,24472.15,24484.8,15:00:00,24457.654248337367,1,70
2024-07-23,24492.65,24509.75,24462.0,24508.55,15:05:00,24460.98717706713,1,71
2024-07-23,24460.65,24492.75,24459.25,24492.75,15:10:00,24460.955064965503,1,72
2024-07-23,24459.75,24479.05,24446.75,24459.45,15:15:00,24460.84029687355,1,73
2024-07-23,24465.65,24468.75,24456.05,24460.75,15:20:00,24461.298363837974,1,74
2024-07-23,24476.4,24479.5,24462.4,24465.2,15:25:00,24462.736614901023,1,75
2024-07-24,24452.2,24459.25,24409.75,24445.05,09:15:00,24460.20049428405,2,1
2024-07-24,24460.3,24486.2,24452.1,24452.1,09:20:00,24460.209971018907,2,2
2024-07-24,24449.3,24477.9,24447.25,24461.0,09:25:00,24459.170926159964,2,3
2024-07-24,24492.8,24493.45,24433.35,24449.1,09:30:00,24462.373695097107,2,4
2024-07-24,24402.8,24503.25,24402.8,24492.15,09:35:00,24456.700009849763,2,5
2024-07-24,24409.1,24431.85,24396.6,24402.1,09:40:00,24452.16667557836,2,6
2024-07-24,24375.4,24417.6,24374.6,24408.1,09:45:00,24444.85556361852,2,7
2024-07-24,24428.6,24433.35,24373.9,24373.9,09:50:00,24443.307414702467,2,8
2024-07-24,24462.95,24462.95,24427.85,24428.85,09:55:00,24445.17813711176,2,9
2024-07-24,24436.35,24466.55,24428.4,24462.9,10:00:00,24444.33736214873,2,10
2024-07-24,24443.85,24457.75,24432.2,24436.55,10:05:00,24444.290946705994,2,11
2024-07-24,24441.15,24454.45,24438.2,24446.1,10:10:00,24443.99180892447,2,12
2024-07-24,24462.0,24485.35,24441.7,24442.4,10:15:00,24445.70687474119,2,13
2024-07-24,24459.8,24465.5,24446.95,24461.75,10:20:00,24447.049077146792,2,14
2024-07-24,24400.65,24461.8,24397.25,24459.7,10:25:00,24442.63011741853,2,15
2024-07-24,24429.45,24443.6,24401.15,24401.15,10:30:00,24441.37486814057,2,16
2024-07-24,24440.9,24447.8,24412.8,24429.0,10:35:00,24441.32964260337,2,17
2024-07-24,24438.95,24454.1,24425.75,24440.7,10:40:00,24441.10300997448,2,18
2024-07-24,24445.3,24448.5,24430.7,24439.65,10:45:00,24441.502723310245,2,19
2024-07-24,24492.1,24492.1,24439.3,24445.2,10:50:00,24446.32151156641,2,20
2024-07-24,24455.5,24491.45,24445.4,24491.45,10:55:00,24447.19565332199,2,21
2024-07-24,24469.2,24469.9,24452.45,24454.75,11:00:00,24449.291305386563,2,22
2024-07-24,24451.45,24468.05,24437.0,24467.9,11:05:00,24449.49689534975,2,23
2024-07-24,24432.0,24461.35,24423.4,24450.85,11:10:00,24447.830524364057,2,24
2024-07-24,24441.35,24445.25,24425.25,24432.35,11:15:00,24447.21333156748,2,25
2024-07-24,24433.2,24444.45,24418.15,24442.45,11:20:00,24445.87872856105,2,26
2024-07-24,24408.3,24436.65,24405.5,24433.6,11:25:00,24442.299802031423,2,27
2024-07-24,24421.05,24438.8,24407.75,24408.4,11:30:00,24440.27601136177,2,28
2024-07-24,24430.25,24431.9,24409.5,24421.3,11:35:00,24439.32115313684,2,29
2024-07-24,24388.55,24433.7,24384.15,24430.5,11:40:00,24434.485805219043,2,30
2024-07-24,24412.45,24418.1,24388.5,24388.8,11:45:00,24432.387157102945,2,31
2024-07-24,24415.6,24421.35,24401.45,24412.7,11:50:00,24430.788380236,2,32
2024-07-24,24400.9,24416.6,24397.55,24414.85,11:55:00,24427.94186783257,2,33
2024-07-24,24402.65,24410.85,24395.9,24401.25,12:00:00,24425.53311851518,2,34
2024-07-24,24393.35,24405.85,24368.3,24402.35,12:05:00,24422.46805960897,2,35
2024-07-24,24379.85,24394.0,24369.15,24392.95,12:10:00,24418.40919678907,2,36
2024-07-24,24326.25,24382.25,24322.1,24379.85,12:15:00,24409.632130428206,2,37
2024-07-24,24338.65,24340.35,24307.95,24326.35,12:20:00,24402.871927530283,2,38
2024-07-24,24339.1,24350.25,24331.65,24337.55,12:25:00,24396.79841062264,2,39
2024-07-24,24334.15,24346.1,24331.3,24339.25,12:30:00,24390.83189532524,2,40
2024-07-24,24318.6,24350.2,24316.25,24334.35,12:35:00,24383.952667199028,2,41
2024-07-24,24322.85,24336.5,24312.2,24318.35,12:40:00,24378.133365561025,2,42
2024-07-24,24341.6,24345.0,24319.85,24322.55,12:45:00,24374.653997412355,2,43
2024-07-24,24325.55,24346.35,24324.75,24341.35,12:50:00,24369.977426230227,2,44
2024-07-24,24339.4,24348.6,24324.75,24326.25,12:55:00,24367.065290398776,2,45
2024-07-24,24338.3,24355.1,24329.65,24339.95,13:00:00,24364.325738932228,2,46
2024-07-24,24343.8,24353.45,24337.75,24337.75,13:05:00,24362.37090665297,2,47
2024-07-24,24362.0,24364.4,24333.0,24344.55,13:10:00,24362.33558220983,2,48
2024-07-24,24344.15,24364.45,24340.45,24362.15,13:15:00,24360.603621999373,2,49
2024-07-24,24354.15,24358.0,24331.9,24344.0,13:20:00,24359.988991332768,2,50
2024-07-24,24343.3,24355.6,24335.85,24354.2,13:25:00,24358.39956358679,2,51
2024-07-24,24327.1,24350.9,24324.9,24342.5,13:30:00,24355.418652769,2,52
2024-07-24,24349.85,24353.3,24320.6,24326.5,13:35:00,24354.88830488624,2,53
2024-07-24,24374.4,24378.1,24348.6,24350.55,13:40:00,24356.74656156374,2,54
2024-07-24,24355.45,24376.05,24355.2,24374.75,13:45:00,24356.62307951005,2,55
2024-07-24,24353.6,24363.1,24350.25,24355.5,13:50:00,24356.335167175755,2,56
2024-07-24,24329.05,24356.5,24315.4,24354.35,13:55:00,24353.736579825683,2,57
2024-07-24,24326.5,24333.35,24310.5,24329.5,14:00:00,24351.142619842285,2,58
2024-07-24,24331.75,24335.95,24315.8,24326.95,14:05:00,24349.29570366683,2,59
2024-07-24,24324.45,24334.3,24314.75,24332.1,14:10:00,24346.92944617475,2,60
2024-07-24,24332.65,24347.85,24323.15,24326.3,14:15:00,24345.569498920013,2,61
2024-07-24,24354.2,24359.05,24322.25,24333.3,14:20:00,24346.391451403822,2,62
2024-07-24,24388.05,24389.25,24351.05,24354.45,14:25:00,24350.35893222251,2,63
2024-07-24,24422.4,24437.65,24386.9,24387.15,14:30:00,24357.21998629656,2,64
2024-07-24,24420.05,24430.55,24404.8,24423.75,14:35:00,24363.203797125458,2,65
2024-07-24,24433.4,24453.95,24420.55,24421.8,14:40:00,24369.88914978017,2,66
2024-07-24,24438.15,24446.35,24430.2,24432.3,14:45:00,24376.39018313445,2,67
2024-07-24,24432.9,24452.0,24429.05,24438.0,14:50:00,24381.77207045498,2,68
2024-07-24,24424.8,24439.25,24415.15,24432.85,14:55:00,24385.86996850689,2,69
2024-07-24,24413.7,24425.7,24380.25,24425.7,15:00:00,24388.520447696705,2,70
2024-07-24,24410.8,24417.4,24398.7,24414.35,15:05:00,24390.642309820825,2,71
2024-07-24,24407.4,24413.35,24397.65,24409.7,15:10:00,24392.23828031408,2,72
2024-07-24,24420.3,24420.3,24397.75,24407.65,15:15:00,24394.91082504607,2,73
2024-07-24,24440.0,24442.95,24422.75,24423.5,15:20:00,24399.20503218453,2,74
2024-07-24,24441.9,24446.4,24432.25,24439.65,15:25:00,24403.271219595536,2,75
2024-07-25,24235.85,24274.3,24227.45,24235.05,09:15:00,24372.477801074805,3,1
2024-07-25,24239.35,24257.2,24212.3,24235.15,09:20:00,24359.798962877205,3,2
2024-07-25,24248.2,24260.0,24231.35,24239.4,09:25:00,24349.17049022223,3,3
2024-07-25,24265.15,24270.05,24246.55,24248.15,09:30:00,24341.168538772494,3,4
2024-07-25,24292.35,24293.2,24242.05,24264.1,09:35:00,24336.51915412749,3,5
2024-07-25,24287.3,24299.65,24273.35,24292.7,09:40:00,24331.83161563916,3,6
2024-07-25,24262.95,24287.65,24245.15,24287.65,09:45:00,24325.271461768763,3,7
2024-07-25,24268.55,24274.85,24252.2,24262.8,09:50:00,24319.869417790786,3,8
2024-07-25,24274.65,24287.25,24264.55,24269.65,09:55:00,24315.56280657261,3,9
2024-07-25,24300.85,24302.5,24267.7,24273.15,10:00:00,24314.16158689903,3,10
2024-07-25,24294.3,24300.65,24284.1,24300.45,10:05:00,24312.27000719436,3,11
2024-07-25,24294.95,24302.75,24289.0,24294.3,10:10:00,24310.62048269966,3,12
2024-07-25,24286.5,24307.35,24275.25,24294.8,10:15:00,24308.323293871123,3,13
2024-07-25,24273.2,24289.3,24272.7,24286.45,10:20:00,24304.97821826435,3,14
2024-07-25,24278.7,24280.9,24270.85,24273.0,10:25:00,24302.475530810603,3,15
2024-07-25,24300.5,24305.85,24277.15,24278.3,10:30:00,24302.28738501912,3,16
2024-07-25,24303.55,24326.25,24299.65,24300.95,10:35:00,24302.40763406492,3,17
2024-07-25,24317.8,24317.8,24298.15,24303.55,10:40:00,24303.873573677785,3,18
2024-07-25,24312.6,24319.55,24305.2,24317.2,10:45:00,24304.704661898948,3,19
2024-07-25,24313.4,24317.85,24307.45,24312.05,10:50:00,24305.532789337143,3,20
2024-07-25,24320.2,24329.55,24311.9,24314.45,10:55:00,24306.92966654313,3,21
2024-07-25,24318.15,24331.85,24313.1,24318.8,11:00:00,24307.9982697295,3,22
2024-07-25,24321.05,24324.35,24309.8,24317.45,11:05:00,24309.241291660022,3,23
2024-07-25,24324.2,24330.25,24318.55,24321.35,11:10:00,24310.665930549545,3,24
2024-07-25,24299.45,24325.7,24295.1,24324.05,11:15:00,24309.597746687683,3,25
2024-07-25,24322.55,24324.0,24295.45,24295.45,11:20:00,24310.831294622192,3,26
2024-07-25,24329.0,24333.2,24321.05,24322.8,11:25:00,24312.561647515315,3,27
2024-07-25,24331.8,24341.0,24326.7,24329.0,11:30:00,24314.393871561475,3,28
2024-07-25,24336.25,24344.0,24330.55,24332.45,11:35:00,24316.47540760324,3,29
2024-07-25,24337.65,24344.8,24328.55,24336.35,11:40:00,24318.492035450552,3,30
2024-07-25,24351.4,24354.3,24333.95,24337.0,11:45:00,24321.626127312404,3,31
2024-07-25,24358.8,24358.8,24342.15,24351.95,11:50:00,24325.16649613979,3,32
2024-07-25,24358.2,24366.5,24352.6,24358.95,11:55:00,24328.31254412648,3,33
2024-07-25,24354.5,24360.85,24346.15,24357.4,12:00:00,24330.806587543004,3,34
2024-07-25,24350.3,24364.25,24345.75,24354.45,12:05:00,24332.663103015097,3,35
2024-07-25,24362.95,24368.35,24348.6,24350.0,12:10:00,24335.54756939461,3,36
2024-07-25,24366.9,24372.5,24358.9,24362.15,12:15:00,24338.53351516656,3,37
2024-07-25,24375.9,24377.9,24365.65,24367.75,12:20:00,24342.09222800784,3,38
2024-07-25,24370.3,24378.75,24366.15,24375.0,12:25:00,24344.77868248328,3,39
2024-07-25,24370.9,24376.45,24366.95,24369.85,12:30:00,24347.266427008683,3,40
2024-07-25,24368.6,24376.65,24363.95,24371.75,12:35:00,24349.298195865,3,41
2024-07-25,24358.45,24369.15,24354.7,24369.15,12:40:00,24350.169796258808,3,42
2024-07-25,24381.7,24386.3,24357.25,24358.4,12:45:00,24353.172672805587,3,43
2024-07-25,24386.75,24394.75,24380.5,24381.9,12:50:00,24356.37051349077,3,44
2024-07-25,24390.95,24391.85,24378.5,24386.5,12:55:00,24359.66379792022,3,45
2024-07-25,24384.9,24397.15,24383.7,24390.7,13:00:00,24362.067245737344,3,46
2024-07-25,24395.2,24395.2,24381.15,24384.15,13:05:00,24365.22274614331,3,47
2024-07-25,24382.3,24395.55,24381.35,24394.65,13:10:00,24366.84915127252,3,48
2024-07-25,24392.1,24393.9,24380.3,24381.8,13:15:00,24369.253994008464,3,49
2024-07-25,24389.2,24396.15,24386.4,24392.45,13:20:00,24371.153613626702,3,50
2024-07-25,24392.3,24396.95,24388.4,24389.15,13:25:00,24373.167555186068,3,51
2024-07-25,24380.1,24394.1,24367.8,24392.15,13:30:00,24373.82778802549,3,52
2024-07-25,24369.45,24384.4,24365.0,24379.35,13:35:00,24373.410855832582,3,53
2024-07-25,24367.1,24379.85,24361.05,24368.9,13:40:00,24372.80982194377,3,54
2024-07-25,24367.7,24378.9,24364.4,24366.0,13:45:00,24372.32317223484,3,55
2024-07-25,24371.9,24377.9,24365.35,24368.2,13:50:00,24372.28287011724,3,56
2024-07-25,24394.4,24395.5,24370.95,24371.95,13:55:00,24374.3892634394,3,57
2024-07-25,24418.9,24419.95,24392.6,24394.2,14:00:00,24378.62838120708,3,58
2024-07-25,24422.75,24424.0,24406.75,24417.65,14:05:00,24382.830440139736,3,59
2024-07-25,24421.35,24425.1,24414.45,24424.25,14:10:00,24386.49896965024,3,60
2024-07-25,24416.05,24423.95,24410.1,24422.45,14:15:00,24389.31335349307,3,61
2024-07-25,24418.8,24419.4,24405.7,24416.35,14:20:00,24392.12160554135,3,62
2024-07-25,24414.5,24424.65,24409.65,24418.65,14:25:00,24394.25288120408,3,63
2024-07-25,24406.75,24419.95,24402.15,24413.75,14:30:00,24395.44308299417,3,64
2024-07-25,24398.7,24415.15,24395.2,24406.7,14:35:00,24395.75326556616,3,65
2024-07-25,24382.25,24408.05,24380.1,24399.4,14:40:00,24394.46724027414,3,66
2024-07-25,24402.65,24407.55,24382.15,24383.25,14:45:00,24395.246550724223,3,67
2024-07-25,24397.4,24410.5,24395.95,24402.1,14:50:00,24395.45164113144,3,68
2024-07-25,24399.8,24412.1,24387.85,24397.45,14:55:00,24395.86577054749,3,69
2024-07-25,24402.65,24410.15,24392.25,24400.55,15:00:00,24396.511887638208,3,70
2024-07-25,24408.65,24411.25,24389.3,24401.15,15:05:00,24397.66789833933,3,71
2024-07-25,24397.5,24410.3,24393.85,24408.1,15:10:00,24397.651908021297,3,72
2024-07-25,24398.5,24399.95,24388.95,24396.5,15:15:00,24397.732678685938,3,73
2024-07-25,24410.85,24411.8,24397.2,24398.6,15:20:00,24398.98194738252,3,74
2024-07-25,24415.0,24423.15,24409.55,24411.35,15:25:00,24400.507476203227,3,75
2024-07-26,24467.45,24471.9,24415.15,24430.05,09:15:00,24408.85124469244,4,1
2024-07-26,24477.45,24491.8,24459.5,24463.95,09:20:00,24415.38445948364,4,2
2024-07-26,24477.2,24489.55,24473.5,24478.15,09:25:00,24421.27165381853,4,3
2024-07-26,24490.45,24493.5,24462.0,24477.65,09:30:00,24427.860067740578,4,4
2024-07-26,24513.55,24526.45,24490.75,24490.75,09:35:00,24436.021013670048,4,5
2024-07-26,24526.6,24528.8,24513.65,24513.7,09:40:00,24444.64758379671,4,6
2024-07-26,24516.2,24531.15,24514.45,24526.4,09:45:00,24451.46209962559,4,7
2024-07-26,24524.6,24530.15,24511.45,24517.4,09:50:00,24458.42761394697,4,8
2024-07-26,24548.85,24551.25,24521.7,24525.45,09:55:00,24467.039269761543,4,9
2024-07-26,24578.6,24590.0,24548.0,24548.65,10:00:00,24477.664101212824,4,10
2024-07-26,24573.5,24592.8,24572.1,24579.0,10:05:00,24486.791329668744,4,11
2024-07-26,24578.7,24588.35,24573.5,24574.45,10:10:00,24495.54453636696,4,12
2024-07-26,24599.0,24601.5,24578.45,24578.45,10:15:00,24505.397437665342,4,13
2024-07-26,24590.6,24609.05,24584.7,24601.2,10:20:00,24513.5119674115,4,14
2024-07-26,24590.85,24592.55,24576.25,24591.35,10:25:00,24520.877494324694,4,15
2024-07-26,24603.65,24609.2,24590.05,24590.65,10:30:00,24528.76059010329,4,16
2024-07-26,24604.75,24606.6,24596.35,24604.0,10:35:00,24535.99767676012,4,17
2024-07-26,24598.95,24605.75,24595.6,24604.3,10:40:00,24541.9931361163,4,18
2024-07-26,24598.7,24609.4,24590.1,24599.05,10:45:00,24547.39378981951,4,19
2024-07-26,24600.15,24608.15,24595.6,24598.65,10:50:00,24552.41819078908,4,20
2024-07-26,24613.25,24614.7,24599.2,24599.2,10:55:00,24558.211696428218,4,21
2024-07-26,24632.85,24634.05,24610.6,24613.35,11:00:00,24565.3201062922,4,22
2024-07-26,24644.9,24646.85,24624.8,24631.2,11:05:00,24572.899143788178,4,23
2024-07-26,24644.8,24653.95,24642.15,24644.9,11:10:00,24579.746844379777,4,24
2024-07-26,24649.15,24651.45,24639.75,24643.95,11:15:00,24586.35666872456,4,25
2024-07-26,24653.2,24654.55,24645.4,24649.1,11:20:00,24592.7227002746,4,26
2024-07-26,24639.55,24655.05,24637.65,24653.65,11:25:00,24597.1824431056,4,27
2024-07-26,24629.95,24643.65,24629.1,24639.95,11:30:00,24600.303162809825,4,28
2024-07-26,24632.15,24643.8,24628.45,24629.85,11:35:00,24603.336194923177,4,29
2024-07-26,24635.75,24636.85,24623.6,24631.8,11:40:00,24606.423223978112,4,30
2024-07-26,24639.15,24645.3,24634.3,24635.6,11:45:00,24609.54005978972,4,31
2024-07-26,24643.1,24645.6,24638.65,24639.8,11:50:00,24612.736244571654,4,32
2024-07-26,24651.05,24656.65,24640.65,24643.15,11:55:00,24616.385173660063,4,33
2024-07-26,24649.05,24653.85,24643.55,24650.8,12:00:00,24619.496109501964,4,34
2024-07-26,24644.35,24651.35,24640.9,24649.05,12:05:00,24621.86314669225,4,35
2024-07-26,24639.0,24647.1,24638.5,24645.3,12:10:00,24623.49522795965,4,36
2024-07-26,24649.35,24652.2,24637.1,24638.95,12:15:00,24625.957587201592,4,37
2024-07-26,24652.15,24656.05,24646.5,24649.35,12:20:00,24628.4521027062,4,38
2024-07-26,24650.85,24655.35,24646.75,24651.85,12:25:00,24630.5852357818,4,39
2024-07-26,24692.25,24695.35,24648.35,24651.0,12:30:00,24636.45807046925,4,40
2024-07-26,24686.95,24698.15,24682.8,24691.65,12:35:00,24641.266825662657,4,41
2024-07-26,24718.65,24720.5,24683.2,24687.5,12:40:00,24648.636651790024,4,42
2024-07-26,24715.05,24729.5,24714.0,24718.15,12:45:00,24654.961732571926,4,43
2024-07-26,24727.4,24727.95,24715.3,24715.4,12:50:00,24661.860615184123,4,44
2024-07-26,24716.35,24732.95,24711.35,24728.0,12:55:00,24667.05008040468,4,45
2024-07-26,24725.65,24733.85,24715.85,24715.85,13:00:00,24672.631025128045,4,46
2024-07-26,24743.8,24743.8,24722.0,24725.0,13:05:00,24679.409022734897,4,47
2024-07-26,24775.55,24780.95,24738.15,24742.65,13:10:00,24688.565306283952,4,48
2024-07-26,24768.65,24778.45,24758.2,24777.1,13:15:00,24696.1924199712,4,49
2024-07-26,24792.35,24792.35,24768.0,24770.55,13:20:00,24705.350284735847,4,50
2024-07-26,24783.75,24799.95,24781.55,24793.4,13:25:00,24712.816924284813,4,51
2024-07-26,24787.6,24791.9,24776.55,24781.8,13:30:00,24719.939121971973,4,52
2024-07-26,24810.75,24814.0,24783.9,24786.8,13:35:00,24728.58777702226,4,53
2024-07-26,24795.55,24812.05,24792.05,24809.95,13:40:00,24734.96513159157,4,54
2024-07-26,24810.2,24818.05,24791.55,24794.45,13:45:00,24742.13035715428,4,55
2024-07-26,24809.35,24815.55,24804.0,24810.95,13:50:00,24748.532227901487,4,56
2024-07-26,24790.1,24810.8,24758.35,24810.1,13:55:00,24752.491063339443,4,57
2024-07-26,24775.8,24789.7,24766.25,24787.35,14:00:00,24754.710962069017,4,58
2024-07-26,24788.45,24794.8,24774.6,24775.3,14:05:00,24757.92420377673,4,59
2024-07-26,24797.8,24800.15,24786.35,24788.85,14:10:00,24761.72189865513,4,60
2024-07-26,24791.3,24807.2,24782.95,24797.75,14:15:00,24764.538860687982,4,61
2024-07-26,24761.95,24798.0,24759.45,24790.85,14:20:00,24764.29230252722,4,62
2024-07-26,24783.6,24787.85,24761.9,24763.05,14:25:00,24766.13113085796,4,63
2024-07-26,24801.0,24802.15,24782.35,24783.25,14:30:00,24769.451975538155,4,64
2024-07-26,24798.8,24808.4,24791.45,24799.35,14:35:00,24772.2470254869,4,65
2024-07-26,24801.45,24802.05,24778.6,24798.4,14:40:00,24775.028261154814,4,66
2024-07-26,24808.65,24817.25,24797.0,24800.25,14:45:00,24778.230331521023,4,67
2024-07-26,24815.2,24822.45,24804.15,24808.15,14:50:00,24781.751252328544,4,68
2024-07-26,24828.35,24833.0,24804.25,24814.15,14:55:00,24786.18922829725,4,69
2024-07-26,24828.4,24843.25,24816.6,24827.1,15:00:00,24790.209301792755,4,70
2024-07-26,24820.35,24830.0,24810.75,24827.65,15:05:00,24793.07984447916,4,71
2024-07-26,24849.05,24852.3,24819.3,24820.1,15:10:00,24798.41033548114,4,72
2024-07-26,24836.85,24849.25,24830.75,24848.0,15:15:00,24802.07125591151,4,73
2024-07-26,24835.0,24846.25,24832.05,24834.25,15:20:00,24805.20732677708,4,74
2024-07-26,24851.75,24860.05,24830.4,24836.45,15:25:00,24809.63996232212,4,75
2024-07-29,24932.05,24978.1,24932.05,24952.05,09:15:00,24832.81525260382,0,1
2024-07-29,24941.8,24945.9,24918.3,24928.15,09:20:00,24843.19475235584,0,2
2024-07-29,24918.35,24939.15,24904.75,24939.15,09:25:00,24850.35239498862,0,3
2024-07-29,24910.65,24922.15,24898.45,24916.35,09:30:00,24856.095024037324,0,4
2024-07-29,24917.25,24924.05,24904.8,24911.3,09:35:00,24861.91930746234,0,5
2024-07-29,24914.5,24918.2,24894.55,24917.15,09:40:00,24866.926992465927,0,6
2024-07-29,24920.5,24921.45,24901.7,24913.85,09:45:00,24872.02918365965,0,7
2024-07-29,24900.85,24935.1,24897.7,24920.4,09:50:00,24874.774023311114,0,8
2024-07-29,24906.8,24910.2,24895.05,24900.6,09:55:00,24877.824116329102,0,9
2024-07-29,24916.05,24924.7,24899.4,24906.15,10:00:00,24881.464676678712,0,10
2024-07-29,24902.2,24917.3,24895.7,24916.9,10:05:00,24883.43946937597,0,11
2024-07-29,24878.35,24903.1,24878.35,24901.65,10:10:00,24882.954758006832,0,12
2024-07-29,24888.35,24888.8,24870.1,24878.1,10:15:00,24883.46859057761,0,13
2024-07-29,24892.85,24897.85,24882.45,24890.65,10:20:00,24884.362058141647,0,14
2024-07-29,24902.9,24907.6,24889.55,24891.4,10:25:00,24886.12757641388,0,15
2024-07-29,24888.85,24904.6,24882.95,24902.5,10:30:00,24886.386854850647,0,16
2024-07-29,24871.7,24891.0,24870.3,24889.85,10:35:00,24884.98810676964,0,17
2024-07-29,24874.6,24879.3,24866.5,24871.3,10:40:00,24883.99876326776,0,18
2024-07-29,24885.15,24894.65,24874.1,24874.2,10:45:00,24884.10840486131,0,19
2024-07-29,24895.6,24897.1,24879.3,24885.5,10:50:00,24885.202842493563,0,20
2024-07-29,24929.3,24932.2,24891.2,24895.8,10:55:00,24889.40257177989,0,21
2024-07-29,24934.75,24946.05,24930.7,24930.7,11:00:00,24893.72137446752,0,22
2024-07-29,24932.05,24939.45,24928.75,24935.05,11:05:00,24897.371719756327,0,23
2024-07-29,24938.15,24944.9,24931.6,24932.1,11:10:00,24901.25536549382,0,24
2024-07-29,24949.45,24950.4,24937.5,24937.85,11:15:00,24905.84533068488,0,25
2024-07-29,24959.3,24962.35,24947.55,24948.6,11:20:00,24910.936251572035,0,26
2024-07-29,24956.85,24962.85,24948.6,24959.0,11:25:00,24915.308989517554,0,27
2024-07-29,24973.35,24977.2,24952.8,24956.6,11:30:00,24920.8367048016,0,28
2024-07-29,24983.85,24985.7,24968.6,24973.75,11:35:00,24926.83797101097,0,29
2024-07-29,24987.85,24998.55,24982.4,24984.8,11:40:00,24932.648640438496,0,30
2024-07-29,24988.9,24998.25,24983.15,24987.95,11:45:00,24938.005912777688,0,31
2024-07-29,24986.15,24992.1,24982.45,24988.05,11:50:00,24942.59106394172,0,32
2024-07-29,24978.8,24986.75,24974.7,24985.75,11:55:00,24946.03953404251,0,33
2024-07-29,24982.45,24987.05,24974.05,24979.75,12:00:00,24949.50719746703,0,34
2024-07-29,24958.35,24984.15,24945.1,24982.95,12:05:00,24950.34936913684,0,35
2024-07-29,24905.5,24958.8,24880.2,24958.45,12:10:00,24946.078000647616,0,36
2024-07-29,24806.85,24912.95,24791.8,24906.55,12:15:00,24932.818191062128,0,37
2024-07-29,24824.9,24868.45,24794.4,24808.6,12:20:00,24922.54026810383,0,38
2024-07-29,24868.5,24869.5,24824.65,24824.7,12:25:00,24917.393575903465,0,39
2024-07-29,24848.5,24871.2,24844.55,24869.4,12:30:00,24910.83228296028,0,40
2024-07-29,24883.25,24887.9,24845.1,24848.35,12:35:00,24908.20539886882,0,41
2024-07-29,24873.8,24896.25,24869.25,24884.6,12:40:00,24904.928694214646,0,42
2024-07-29,24880.15,24889.65,24874.2,24874.55,12:45:00,24902.56881857516,0,43
2024-07-29,24857.45,24888.25,24855.6,24880.85,12:50:00,24898.271788234662,0,44
2024-07-29,24882.3,24883.25,24857.1,24857.15,12:55:00,24896.750665545645,0,45
2024-07-29,24882.3,24888.4,24878.0,24882.35,13:00:00,24895.374411684155,0,46
2024-07-29,24882.65,24892.1,24876.4,24882.75,13:05:00,24894.16256295233,0,47
2024-07-29,24833.05,24889.9,24832.45,24883.85,13:10:00,24888.34231886164,0,48
2024-07-29,24834.15,24841.8,24825.4,24833.35,13:15:00,24883.18114563672,0,49
2024-07-29,24859.95,24860.85,24834.75,24834.75,13:20:00,24880.96865557608,0,50
2024-07-29,24858.85,24863.7,24852.55,24860.2,13:25:00,24878.862116949786,0,51
2024-07-29,24872.7,24874.6,24853.75,24858.55,13:30:00,24878.27524866885,0,52
2024-07-29,24865.8,24880.25,24865.35,24873.2,13:35:00,24877.087129748008,0,53
2024-07-29,24877.8,24880.75,24865.0,24865.35,13:40:00,24877.15502215296,0,54
2024-07-29,24857.55,24884.85,24853.25,24878.15,13:45:00,24875.28787718601,0,55
2024-07-29,24843.7,24867.25,24838.75,24858.0,13:50:00,24872.2795079302,0,56
2024-07-29,24826.35,24856.85,24826.35,24843.2,13:55:00,24867.905269079707,0,57
2024-07-29,24822.15,24832.9,24807.3,24826.05,14:00:00,24863.547624405448,0,58
2024-07-29,24829.1,24831.0,24814.3,24822.85,14:05:00,24860.2668982716,0,59
2024-07-29,24798.05,24832.85,24797.6,24828.75,14:10:00,24854.34147938859,0,60
2024-07-29,24777.85,24819.35,24775.65,24799.25,14:15:00,24847.056576589675,0,61
2024-07-29,24786.25,24799.4,24774.9,24776.4,14:20:00,24841.265474057323,0,62
2024-07-29,24824.4,24824.4,24784.6,24786.15,14:25:00,24839.659238432818,0,63
2024-07-29,24839.9,24849.05,24819.0,24823.9,14:30:00,24839.682168105883,0,64
2024-07-29,24831.2,24846.25,24826.15,24840.1,14:35:00,24838.874342571988,0,65
2024-07-29,24834.25,24841.8,24824.8,24831.7,14:40:00,24838.433928993705,0,66
2024-07-29,24855.5,24861.7,24834.7,24834.7,14:45:00,24840.059269089543,0,67
2024-07-29,24856.95,24865.85,24845.5,24855.25,14:50:00,24841.66791012863,0,68
2024-07-29,24852.55,24860.2,24839.45,24857.8,14:55:00,24842.70429964019,0,69
2024-07-29,24807.35,24860.95,24807.15,24852.25,15:00:00,24839.33722348398,0,70
2024-07-29,24817.35,24824.05,24796.65,24807.35,15:05:00,24837.243202199792,0,71
2024-07-29,24823.3,24831.95,24815.4,24817.75,15:10:00,24835.915278180764,0,72
2024-07-29,24837.9,24837.9,24816.6,24823.3,15:15:00,24836.104299306407,0,73
2024-07-29,24840.4,24841.65,24827.4,24838.4,15:20:00,24836.51341365818,0,74
2024-07-29,24840.95,24848.8,24837.1,24840.85,15:25:00,24836.935945690733,0,75
2024-07-30,24840.6,24857.95,24803.15,24850.2,09:15:00,24837.497225384024,1,1
2024-07-30,24834.35,24840.8,24816.65,24840.8,09:20:00,24837.197489633167,1,2
2024-07-30,24835.75,24846.85,24818.25,24833.55,09:25:00,24837.059633477627,1,3
2024-07-30,24868.15,24869.05,24832.85,24836.0,09:30:00,24840.02062076548,1,4
2024-07-30,24852.1,24868.4,24851.4,24867.95,09:35:00,24841.171037835426,1,5
2024-07-30,24883.25,24885.15,24851.25,24852.3,09:40:00,24845.17855804157,1,6
2024-07-30,24833.55,24886.7,24816.3,24884.05,09:45:00,24844.07107632333,1,7
2024-07-30,24861.5,24866.0,24829.8,24833.05,09:50:00,24845.730973816346,1,8
2024-07-30,24863.5,24866.25,24852.25,24861.15,09:55:00,24847.42326202432,1,9
2024-07-30,24845.7,24867.25,24845.0,24863.25,10:00:00,24847.25914183152,1,10
2024-07-30,24826.7,24846.3,24818.55,24845.6,10:05:00,24845.30112832376,1,11
2024-07-30,24851.65,24853.7,24825.45,24825.8,10:10:00,24845.90578276912,1,12
2024-07-30,24868.3,24870.3,24850.4,24851.55,10:15:00,24848.03856536253,1,13
2024-07-30,24862.25,24868.8,24851.1,24868.2,10:20:00,24849.392035328005,1,14
2024-07-30,24868.0,24872.9,24857.0,24862.2,10:25:00,24851.16422243962,1,15
2024-07-30,24883.0,24885.4,24865.5,24867.1,10:30:00,24854.19620125489,1,16
2024-07-30,24891.85,24896.15,24880.65,24883.5,10:35:00,24857.78227732586,1,17
2024-07-30,24898.2,24898.3,24888.35,24892.9,10:40:00,24861.631584247207,1,18
2024-07-30,24907.85,24912.6,24888.55,24899.95,10:45:00,24866.033338128425,1,19
2024-07-30,24910.85,24912.35,24900.6,24907.0,10:50:00,24870.301591640004,1,20
2024-07-30,24932.3,24933.45,24907.5,24910.45,10:55:00,24876.20620196,1,21
2024-07-30,24928.2,24939.9,24924.05,24932.7,11:00:00,24881.15799224952,1,22
2024-07-30,24928.75,24934.4,24917.25,24928.35,11:05:00,24885.69056441624,1,23
2024-07-30,24926.7,24936.3,24926.2,24928.8,11:10:00,24889.596224948025,1,24
2024-07-30,24934.85,24938.0,24926.0,24926.9,11:15:00,24893.906108286308,1,25
2024-07-30,24935.2,24940.2,24928.15,24934.7,11:20:00,24897.838859878088,1,26
2024-07-30,24935.85,24943.4,24933.15,24935.7,11:25:00,24901.458968461127,1,27
2024-07-30,24944.45,24948.0,24935.35,24936.1,11:30:00,24905.553352417213,1,28
2024-07-30,24946.5,24953.7,24942.5,24944.8,11:35:00,24909.453033139383,1,29
2024-07-30,24950.0,24953.55,24943.95,24946.25,11:40:00,24913.31464903087,1,30
2024-07-30,24951.85,24956.55,24945.1,24950.35,11:45:00,24916.984682456503,1,31
2024-07-30,24923.75,24955.5,24914.85,24951.5,11:50:00,24917.628998413027,1,32
2024-07-30,24935.7,24941.15,24920.2,24923.7,11:55:00,24919.35004618321,1,33
2024-07-30,24936.75,24939.4,24926.4,24935.95,12:00:00,24921.00718464196,1,34
2024-07-30,24932.95,24943.0,24924.7,24936.35,12:05:00,24922.14459562844,1,35
2024-07-30,24936.3,24938.45,24925.15,24933.7,12:10:00,24923.492729378115,1,36
2024-07-30,24934.75,24942.7,24931.6,24936.0,12:15:00,24924.564850389725,1,37
2024-07-30,24946.7,24947.15,24933.2,24934.65,12:20:00,24926.67295987641,1,38
2024-07-30,24950.95,24954.6,24942.1,24947.1,12:25:00,24928.985058935803,1,39
2024-07-30,24950.4,24961.0,24948.25,24950.75,12:30:00,24931.0245771324,1,40
2024-07-30,24957.3,24960.0,24950.25,24950.8,12:35:00,24933.52699835788,1,41
2024-07-30,24937.9,24956.95,24935.9,24956.25,12:40:00,24933.943474704745,1,42
2024-07-30,24942.4,24947.35,24936.3,24936.65,12:45:00,24934.7488580662,1,43
2024-07-30,24943.15,24945.4,24937.1,24940.3,12:50:00,24935.5489668218,1,44
2024-07-30,24927.95,24946.45,24927.75,24942.3,12:55:00,24934.825255695912,1,45
2024-07-30,24927.75,24933.55,24921.55,24930.75,13:00:00,24934.151421820112,1,46
2024-07-30,24959.8,24965.3,24926.05,24928.45,13:05:00,24936.594143551527,1,47
2024-07-30,24936.95,24968.75,24935.9,24958.65,13:10:00,24936.628034641857,1,48
2024-07-30,24898.25,24944.55,24889.9,24936.3,13:15:00,24932.972983723583,1,49
2024-07-30,24895.2,24907.8,24891.9,24899.0,13:20:00,24929.375556702293,1,50
2024-07-30,24889.3,24900.85,24881.15,24894.75,13:25:00,24925.55883701636,1,51
2024-07-30,24894.9,24898.95,24881.0,24889.55,13:30:00,24922.638947776708,1,52
2024-07-30,24896.75,24903.45,24889.35,24894.9,13:35:00,24920.173333702733,1,53
2024-07-30,24917.75,24918.4,24894.6,24896.95,13:40:00,24919.94254001676,1,54
2024-07-30,24918.55,24923.95,24909.0,24916.5,13:45:00,24919.80991715802,1,55
2024-07-30,24921.5,24928.6,24915.9,24918.8,13:50:00,24919.97087742869,1,56
2024-07-30,24911.5,24921.95,24910.8,24921.15,13:55:00,24919.164127197382,1,57
2024-07-30,24922.6,24923.6,24902.6,24911.75,14:00:00,24919.491353178582,1,58
2024-07-30,24937.1,24937.35,24921.4,24922.35,14:05:00,24921.16836716158,1,59
2024-07-30,24929.15,24937.1,24921.25,24936.8,14:10:00,24921.92852267,1,60
2024-07-30,24950.5,24951.3,24927.85,24929.15,14:15:00,24924.649615749047,1,61
2024-07-30,24951.5,24957.05,24943.95,24951.1,14:20:00,24927.20679520152,1,62
2024-07-30,24951.5,24955.4,24941.95,24950.15,14:25:00,24929.52043375375,1,63
2024-07-30,24948.35,24954.1,24944.15,24951.6,14:30:00,24931.313725777203,1,64
2024-07-30,24964.1,24965.95,24945.0,24948.35,14:35:00,24934.43622808413,1,65
2024-07-30,24963.8,24971.75,24959.3,24964.5,14:40:00,24937.232777790407,1,66
2024-07-30,24959.95,24967.85,24956.3,24962.55,14:45:00,24939.396322762743,1,67
2024-07-30,24941.25,24959.55,24939.1,24958.35,14:50:00,24939.57286345201,1,68
2024-07-30,24913.7,24947.15,24908.85,24941.95,14:55:00,24937.10878121848,1,69
2024-07-30,24862.35,24914.35,24862.25,24913.6,15:00:00,24929.98889729291,1,70
2024-07-30,24854.65,24880.95,24852.8,24862.5,15:05:00,24922.8137642174,1,71
2024-07-30,24847.5,24857.85,24837.7,24854.55,15:10:00,24915.641024768123,1,72
2024-07-30,24854.1,24861.75,24844.7,24847.45,15:15:00,24909.779974790206,1,73
2024-07-30,24841.1,24853.7,24838.9,24852.75,15:20:00,24903.239024810187,1,74
2024-07-30,24840.9,24846.9,24832.6,24842.0,15:25:00,24897.301974828264,1,75
2024-07-31,24896.9,24916.0,24883.0,24883.0,09:15:00,24896.35014265988,2,1
2024-07-31,24898.55,24905.95,24886.45,24896.05,09:20:00,24896.559652882745,2,2
2024-07-31,24926.85,24928.3,24895.6,24898.95,09:25:00,24899.444447846294,2,3
2024-07-31,24887.5,24928.6,24857.35,24926.3,09:30:00,24898.306881384746,2,4
2024-07-31,24893.85,24910.05,24880.8,24885.75,09:35:00,24897.88241649096,2,5
2024-07-31,24883.25,24895.6,24876.2,24893.65,09:40:00,24896.488853015628,2,6
2024-07-31,24885.65,24895.1,24872.9,24883.05,09:45:00,24895.45658129985,2,7
2024-07-31,24893.95,24897.3,24879.25,24885.15,09:50:00,24895.31309736653,2,8
2024-07-31,24914.05,24915.55,24884.25,24893.3,09:55:00,24897.09756428401,2,9
2024-07-31,24923.6,24928.7,24909.15,24913.9,10:00:00,24899.62160578077,2,10
2024-07-31,24935.2,24935.4,24918.75,24923.7,10:05:00,24903.01002427784,2,11
2024-07-31,24940.1,24945.4,24933.85,24935.5,10:10:00,24906.542402918047,2,12
2024-07-31,24946.7,24947.1,24937.75,24938.6,10:15:00,24910.36693597347,2,13
2024-07-31,24939.75,24953.75,24939.75,24946.8,10:20:00,24913.16532302361,2,14
2024-07-31,24935.2,24945.2,24917.95,24939.4,10:25:00,24915.26386368804,2,15
2024-07-31,24943.05,24943.45,24926.6,24934.45,10:30:00,24917.91016238441,2,16
2024-07-31,24942.55,24945.15,24937.2,24942.85,10:35:00,24920.256813585896,2,17
2024-07-31,24946.3,24948.85,24939.4,24942.35,10:40:00,24922.737117053905,2,18
2024-07-31,24937.75,24949.35,24930.55,24946.65,10:45:00,24924.166915429723,2,19
2024-07-31,24946.2,24948.5,24931.25,24937.45,10:50:00,24926.265304436416,2,20
2024-07-31,24934.1,24950.0,24931.05,24946.45,10:55:00,24927.011465918666,2,21
2024-07-31,24945.8,24949.65,24931.2,24933.9,11:00:00,24928.800850116884,2,22
2024-07-31,24931.75,24946.2,24929.2,24945.5,11:05:00,24929.081721534323,2,23
2024-07-31,24923.0,24937.45,24901.45,24931.5,11:10:00,24928.502509959624,2,24
2024-07-31,24930.5,24931.8,24912.55,24922.25,11:15:00,24928.692747106325,2,25
2024-07-31,24931.65,24934.1,24925.6,24930.75,11:20:00,24928.97439023906,2,26
2024-07-31,24901.75,24933.85,24901.6,24932.25,11:25:00,24926.38159116867,2,27
2024-07-31,24914.15,24914.7,24898.25,24904.7,11:30:00,24925.216677724035,2,28
2024-07-31,24925.65,24932.95,24911.85,24913.35,11:35:00,24925.257946512225,2,29
2024-07-31,24927.9,24931.3,24921.45,24925.55,11:40:00,24925.50957065392,2,30
2024-07-31,24927.2,24935.65,24925.65,24927.95,11:45:00,24925.67056392497,2,31
2024-07-31,24930.0,24936.15,24923.4,24927.1,11:50:00,24926.082891170216,2,32
2024-07-31,24933.45,24936.2,24925.05,24929.45,11:55:00,24926.78452058258,2,33
2024-07-31,24934.6,24939.0,24930.05,24931.5,12:00:00,24927.528851955667,2,34
2024-07-31,24931.0,24937.3,24929.1,24933.1,12:05:00,24927.859437483698,2,35
2024-07-31,24936.3,24938.0,24925.45,24929.9,12:10:00,24928.66330058049,2,36
2024-07-31,24940.15,24943.45,24933.45,24935.45,12:15:00,24929.75727195378,2,37
2024-07-31,24937.5,24941.4,24932.1,24939.45,12:20:00,24930.49467462485,2,38
2024-07-31,24945.0,24945.0,24932.8,24936.9,12:25:00,24931.876134184386,2,39
2024-07-31,24923.95,24946.35,24918.6,24943.55,12:30:00,24931.121264262063,2,40
2024-07-31,24929.9,24936.0,24922.8,24923.4,12:35:00,24931.00495337996,2,41
2024-07-31,24933.65,24936.55,24926.2,24928.8,12:40:00,24931.256862581868,2,42
2024-07-31,24944.9,24948.7,24930.7,24932.1,12:45:00,24932.556209002643,2,43
2024-07-31,24925.5,24949.45,24922.05,24942.6,12:50:00,24931.88418909763,2,44
2024-07-31,24934.25,24936.3,24923.5,24924.05,12:55:00,24932.109504421667,2,45
2024-07-31,24914.0,24938.25,24913.0,24932.25,13:00:00,24930.38478971484,2,46
2024-07-31,24926.8,24926.95,24904.1,24912.05,13:05:00,24930.04338117057,2,47
2024-07-31,24937.05,24939.1,24917.3,24923.55,13:10:00,24930.710678201944,2,48
2024-07-31,24941.65,24946.7,24934.15,24934.9,13:15:00,24931.75251837319,2,49
2024-07-31,24943.3,24948.0,24935.4,24940.1,13:20:00,24932.852278528124,2,50
2024-07-31,24942.15,24945.0,24934.35,24942.4,13:25:00,24933.73777581116,2,51
2024-07-31,24945.9,24949.85,24940.7,24941.6,13:30:00,24934.896082876763,2,52
2024-07-31,24951.1,24951.35,24941.7,24946.0,13:35:00,24936.439313078976,2,53
2024-07-31,24934.5,24952.45,24922.75,24949.8,13:40:00,24936.254616595263,2,54
2024-07-31,24940.05,24944.1,24932.1,24933.6,13:45:00,24936.61608168143,2,55
2024-07-31,24935.35,24940.65,24924.05,24940.05,13:50:00,24936.49550247368,2,56
2024-07-31,24934.3,24940.1,24927.85,24935.05,13:55:00,24936.286406999992,2,57
2024-07-31,24938.7,24940.25,24927.8,24934.3,14:00:00,24936.516273,2,58
2024-07-31,24924.45,24940.5,24922.8,24938.4,14:05:00,24935.367104142853,2,59
2024-07-31,24926.3,24928.9,24918.55,24923.4,14:10:00,24934.503570414963,2,60
2024-07-31,24937.1,24940.15,24922.65,24925.55,14:15:00,24934.750849423064,2,61
2024-07-31,24940.5,24946.25,24931.5,24936.4,14:20:00,24935.29838757325,2,62
2024-07-31,24958.85,24962.35,24938.5,24939.1,14:25:00,24937.54139828056,2,63
2024-07-31,24951.25,24968.6,24950.0,24957.9,14:30:00,24938.84697939669,2,64
2024-07-31,24961.15,24964.0,24947.4,24950.4,14:35:00,24940.97107659701,2,65
2024-07-31,24950.0,24963.2,24943.35,24961.9,14:40:00,24941.83097406396,2,66
2024-07-31,24944.95,24953.9,24938.25,24950.35,14:45:00,24942.128024153106,2,67
2024-07-31,24943.95,24953.65,24940.95,24945.1,14:50:00,24942.301545662333,2,68
2024-07-31,24950.85,24954.0,24943.4,24943.7,14:55:00,24943.115684170683,2,69
2024-07-31,24937.85,24957.0,24932.8,24950.95,15:00:00,24942.61419044014,2,70
2024-07-31,24940.4,24941.7,24930.25,24936.55,15:05:00,24942.40331516013,2,71
2024-07-31,24945.8,24949.0,24932.4,24938.65,15:10:00,24942.7268089544,2,72
2024-07-31,24953.6,24955.8,24941.75,24944.45,15:15:00,24943.762350958743,2,73
2024-07-31,24961.75,24962.85,24944.6,24952.5,15:20:00,24945.475460391244,2,74
2024-07-31,24979.3,24983.3,24958.75,24961.05,15:25:00,24948.696845115886,2,75
2024-08-01,25053.15,25054.3,25012.5,25030.95,09:15:00,24965.732338065387,3,1
2024-08-01,25058.25,25077.3,25049.4,25054.05,09:20:00,24974.54354396392,3,2
2024-08-01,25054.05,25063.4,25046.95,25058.75,09:25:00,24982.11558739593,3,3
2024-08-01,25063.9,25064.0,25044.9,25053.4,09:30:00,24989.904579072507,3,4
2024-08-01,25049.0,25064.35,25044.45,25064.35,09:35:00,24995.53271439893,3,5
2024-08-01,25046.4,25058.8,25044.15,25048.65,09:40:00,25000.377217789515,3,6
2024-08-01,25044.75,25059.0,25039.3,25045.55,09:45:00,25004.60319704765,3,7
2024-08-01,25033.7,25046.55,25026.2,25044.35,09:50:00,25007.37432113836,3,8
2024-08-01,25053.55,25054.0,25028.5,25033.8,09:55:00,25011.772004839466,3,9
2024-08-01,25043.55,25056.6,25040.75,25053.7,10:00:00,25014.79848056904,3,10
2024-08-01,25035.4,25048.45,25034.7,25043.35,10:05:00,25016.760530038653,3,11
2024-08-01,25037.05,25048.95,25034.05,25035.7,10:10:00,25018.692860511164,3,12
2024-08-01,25049.35,25049.35,25033.05,25036.3,10:15:00,25021.61258808153,3,13
2024-08-01,25039.5,25052.15,25036.15,25048.6,10:20:00,25023.316151121384,3,14
2024-08-01,25021.3,25039.7,25021.3,25039.3,10:25:00,25023.12413672887,3,15
2024-08-01,25020.65,25027.4,25020.3,25021.65,10:30:00,25022.88850465945,3,16
2024-08-01,25025.7,25032.3,25011.9,25020.45,10:35:00,25023.156266120463,3,17
2024-08-01,25020.1,25027.7,25019.85,25025.4,10:40:00,25022.86519315661,3,18
2024-08-01,25012.25,25023.85,25008.85,25020.4,10:45:00,25021.854222379792,3,19
2024-08-01,25013.1,25017.55,25006.0,25013.0,10:50:00,25021.02048691505,3,20
2024-08-01,25014.4,25018.85,25011.5,25012.95,10:55:00,25020.38996435171,3,21
2024-08-01,25008.2,25022.95,25004.05,25014.4,11:00:00,25019.229015365832,3,22
2024-08-01,25020.5,25022.2,25006.3,25007.85,11:05:00,25019.35006152147,3,23
2024-08-01,25033.45,25041.2,25018.0,25020.6,11:10:00,25020.69291280514,3,24
2024-08-01,25021.75,25033.85,25019.25,25032.85,11:15:00,25020.79358777608,3,25
2024-08-01,25020.35,25023.7,25017.95,25021.75,11:20:00,25020.75134132121,3,26
2024-08-01,25022.1,25025.8,25017.75,25019.8,11:25:00,25020.87978500491,3,27
2024-08-01,25020.0,25025.2,25017.95,25023.1,11:30:00,25020.79599595682,3,28
2024-08-01,25026.7,25027.75,25014.85,25020.65,11:35:00,25021.35828205617,3,29
2024-08-01,24998.45,25027.05,24998.45,25026.2,11:40:00,25019.176540907963,3,30
2024-08-01,24990.65,25006.25,24990.65,24998.55,11:45:00,25016.45972748816,3,31
2024-08-01,25003.95,25006.9,24986.45,24991.3,11:50:00,25015.268324870234,3,32
2024-08-01,24999.85,25006.1,24992.9,25004.0,11:55:00,25013.79991297784,3,33
2024-08-01,24996.55,25005.1,24994.15,24999.85,12:00:00,25012.157064122803,3,34
2024-08-01,24990.95,25000.85,24990.3,24996.3,12:05:00,25010.137343730155,3,35
2024-08-01,24989.95,24999.75,24983.3,24991.35,12:10:00,25008.214739565377,3,36
2024-08-01,24998.85,25000.65,24984.6,24990.55,12:15:00,25007.322859606767,3,37
2024-08-01,24985.5,25002.35,24984.7,24998.0,12:20:00,25005.24449202517,3,38
2024-08-01,24978.35,24996.95,24971.75,24985.05,12:25:00,25002.68311183229,3,39
2024-08-01,24981.6,24984.9,24973.65,24978.45,12:30:00,25000.675196419696,3,40
2024-08-01,24965.9,24983.5,24965.2,24982.1,12:35:00,24997.36327295116,3,41
2024-08-01,24983.1,24987.35,24964.5,24965.7,12:40:00,24996.004866003423,3,42
2024-08-01,24991.4,24997.4,24973.9,24983.3,12:45:00,24995.56630733644,3,43
2024-08-01,24989.6,24992.2,24985.0,24990.95,12:50:00,24994.99808759011,3,44
2024-08-01,24983.25,24990.2,24981.75,24989.35,12:55:00,24993.879222105337,3,45
2024-08-01,24994.55,25000.6,24983.0,24983.2,13:00:00,24993.94310571436,3,46
2024-08-01,24999.4,25008.35,24993.85,24995.15,13:05:00,24994.46280993204,3,47
2024-08-01,24999.35,25004.75,24996.0,24999.3,13:10:00,24994.928256605177,3,48
2024-08-01,25002.65,25007.15,24997.15,25000.1,13:15:00,24995.663660738017,3,49
2024-08-01,24987.95,25006.25,24986.75,25002.6,13:20:00,24994.92902638201,3,50
2024-08-01,24980.1,24996.2,24978.65,24988.05,13:25:00,24993.516738155155,3,51
2024-08-01,24985.1,24988.3,24976.2,24978.85,13:30:00,24992.71514404513,3,52
2024-08-01,24982.15,24992.4,24981.05,24984.5,13:35:00,24991.708939850363,3,53
2024-08-01,24974.0,24985.2,24973.7,24981.45,13:40:00,24990.02237415033,3,54
2024-08-01,24979.55,24981.1,24972.15,24974.15,13:45:00,24989.02500518363,3,55
2024-08-01,24983.75,24986.55,24978.9,24979.3,13:50:00,24988.52262373757,3,56
2024-08-01,24984.75,24990.35,24977.4,24983.9,13:55:00,24988.163326238755,3,57
2024-08-01,24992.5,24994.35,24979.5,24985.1,14:00:00,24988.576342787444,3,58
2024-08-01,24987.7,24996.45,24987.0,24991.9,14:05:00,24988.4928815696,3,59
2024-08-01,24981.95,24992.35,24981.85,24988.1,14:10:00,24987.869749991536,3,60
2024-08-01,24979.3,24984.3,24971.8,24981.45,14:15:00,24987.05358332568,3,61
2024-08-01,24978.3,24984.2,24973.75,24978.8,14:20:00,24986.21990872323,3,62
2024-08-01,24973.5,24979.55,24965.9,24976.85,14:25:00,24985.00848884483,3,63
2024-08-01,24965.1,24976.75,24956.95,24973.05,14:30:00,24983.112442288177,3,64
2024-08-01,24963.8,24970.4,24959.6,24963.65,14:35:00,24981.27316207025,3,65
2024-08-01,25005.8,25005.8,24962.2,24964.2,14:40:00,24983.609051396896,3,66
2024-08-01,25003.9,25010.25,24987.45,25003.6,14:45:00,24985.541522692427,3,67
2024-08-01,24984.4,25004.6,24980.25,25002.35,14:50:00,24985.43280624553,3,68
2024-08-01,24983.05,24988.1,24973.2,24984.75,14:55:00,24985.205872317383,3,69
2024-08-01,24978.5,24999.7,24977.7,24982.55,15:00:00,24984.567217810967,3,70
2024-08-01,25017.55,25017.55,24975.35,24978.2,15:05:00,24987.708435162305,3,71
2024-08-01,25018.25,25020.9,25002.05,25017.6,15:10:00,24990.61715562304,3,72
2024-08-01,25021.1,25027.05,25010.35,25018.7,15:15:00,24993.52028365894,3,73
2024-08-01,25021.6,25030.85,25018.55,25021.45,15:20:00,24996.19454235809,3,74
2024-08-01,25006.0,25022.3,24998.4,25021.45,15:25:00,24997.128395466843,3,75
2024-08-02,24829.35,24835.7,24754.95,24824.2,09:15:00,24963.21553461118,4,1
2024-08-02,24833.55,24838.5,24812.05,24829.9,09:20:00,24950.86643607678,4,2
2024-08-02,24837.0,24851.45,24824.6,24832.85,09:25:00,24940.02201359328,4,3
2024-08-02,24823.0,24836.7,24810.6,24836.0,09:30:00,24928.87705991773,4,4
2024-08-02,24801.75,24822.45,24793.0,24822.0,09:35:00,24916.769720877943,4,5
2024-08-02,24761.5,24801.85,24758.2,24798.85,09:40:00,24901.98212841338,4,6
2024-08-02,24742.35,24760.25,24725.0,24758.9,09:45:00,24886.779068564487,4,7
2024-08-02,24759.55,24764.65,24742.25,24742.8,09:50:00,24874.662014415488,4,8
2024-08-02,24738.65,24762.9,24730.8,24760.0,09:55:00,24861.70848923306,4,9
2024-08-02,24738.8,24748.2,24730.25,24739.25,10:00:00,24850.002918829912,4,10
2024-08-02,24753.1,24756.95,24737.3,24738.35,10:05:00,24840.77406941754,4,11
2024-08-02,24778.9,24778.9,24750.65,24752.05,10:10:00,24834.881300901587,4,12
2024-08-02,24776.4,24788.65,24773.9,24779.45,10:15:00,24829.31165319668,4,13
2024-08-02,24760.8,24776.95,24746.0,24776.7,10:20:00,24822.78673384461,4,14
2024-08-02,24754.1,24769.55,24751.5,24761.5,10:25:00,24816.245140145125,4,15
2024-08-02,24789.85,24790.75,24754.85,24754.85,10:30:00,24813.731317274163,4,16
2024-08-02,24803.7,24809.6,24789.35,24789.45,10:35:00,24812.77595372424,4,17
2024-08-02,24793.9,24805.9,24787.0,24803.35,10:40:00,24810.97824384574,4,18
2024-08-02,24810.75,24811.95,24791.2,24794.05,10:45:00,24810.956506336624,4,19
2024-08-02,24818.1,24820.7,24798.2,24810.5,10:50:00,24811.636839066472,4,20
2024-08-02,24821.4,24823.25,24809.3,24817.5,10:55:00,24812.566663917285,4,21
2024-08-02,24792.15,24823.75,24790.65,24820.6,11:00:00,24810.622219734687,4,22
2024-08-02,24788.4,24797.4,24778.75,24791.3,11:05:00,24808.50581785519,4,23
2024-08-02,24805.05,24805.05,24785.1,24788.7,11:10:00,24808.17669234517,4,24
2024-08-02,24805.6,24808.9,24795.45,24803.6,11:15:00,24807.931293074205,4,25
2024-08-02,24814.35,24817.2,24802.3,24806.05,11:20:00,24808.54259849571,4,26
2024-08-02,24822.95,24824.05,24804.15,24813.4,11:25:00,24809.91473197231,4,27
2024-08-02,24805.6,24823.8,24802.4,24822.6,11:30:00,24809.503805117805,4,28
2024-08-02,24819.8,24820.35,24802.35,24805.6,11:35:00,24810.484395106585,4,29
2024-08-02,24822.55,24830.75,24815.1,24819.35,11:40:00,24811.63350033453,4,30
2024-08-02,24817.8,24835.1,24816.95,24821.6,11:45:00,24812.220786016955,4,31
2024-08-02,24803.5,24818.8,24798.15,24817.85,11:50:00,24811.390234967723,4,32
2024-08-02,24797.4,24808.35,24796.85,24804.1,11:55:00,24810.057831637467,4,33
2024-08-02,24785.4,24799.0,24780.3,24797.25,12:00:00,24807.70946671961,4,34
2024-08-02,24794.35,24799.45,24779.9,24784.05,12:05:00,24806.43713655584,4,35
2024-08-02,24788.7,24798.1,24787.3,24794.1,12:10:00,24804.747885455283,4,36
2024-08-02,24782.65,24794.9,24782.65,24788.4,12:15:00,24802.64332493573,4,37
2024-08-02,24781.85,24789.35,24777.15,24783.3,12:20:00,24800.663008275187,4,38
2024-08-02,24771.05,24783.85,24765.75,24780.9,12:25:00,24797.842721772788,4,39
2024-08-02,24766.25,24772.55,24761.0,24770.7,12:30:00,24794.83389112776,4,40
2024-08-02,24771.3,24779.95,24762.65,24766.2,12:35:00,24792.59256816321,4,41
2024-08-02,24761.8,24775.0,24757.5,24771.75,12:40:00,24789.65994262386,4,42
2024-08-02,24757.85,24764.0,24754.7,24762.1,12:45:00,24786.63042427873,4,43
2024-08-02,24766.4,24769.25,24758.7,24759.6,12:50:00,24784.703717204568,4,44
2024-08-02,24776.65,24780.45,24763.15,24767.0,12:55:00,24783.93669651842,4,45
2024-08-02,24775.55,24784.2,24773.0,24776.65,13:00:00,24783.137963516663,4,46
2024-08-02,24778.35,24782.55,24772.0,24775.55,13:05:00,24782.681966991266,4,47
2024-08-02,24770.5,24782.1,24767.95,24778.9,13:10:00,24781.521779658764,4,48
2024-08-02,24766.8,24777.35,24761.55,24769.25,13:15:00,24780.11970540555,4,49
2024-08-02,24761.85,24768.75,24755.4,24766.9,13:20:00,24778.379733462163,4,50
2024-08-02,24775.5,24775.85,24761.55,24762.1,13:25:00,24778.10547313244,4,51
2024-08-02,24770.65,24782.2,24768.75,24775.5,13:30:00,24777.395428072203,4,52
2024-08-02,24797.75,24799.7,24767.6,24770.45,13:35:00,24779.333958732,4,53
2024-08-02,24793.5,24808.3,24793.2,24796.55,13:40:00,24780.683105519423,4,54
2024-08-02,24795.25,24801.75,24789.35,24793.25,13:45:00,24782.07042880329,4,55
2024-08-02,24791.2,24798.5,24788.35,24794.1,13:50:00,24782.939911774403,4,56
2024-08-02,24801.25,24807.4,24791.25,24791.65,13:55:00,24784.68372970065,4,57
2024-08-02,24803.0,24808.9,24794.95,24801.5,14:00:00,24786.428136395825,4,58
2024-08-02,24774.6,24807.55,24772.85,24802.7,14:05:00,24785.30164721527,4,59
2024-08-02,24770.55,24778.05,24763.95,24774.4,14:10:00,24783.89672843286,4,60
2024-08-02,24774.7,24775.6,24755.5,24771.2,14:15:00,24783.02084953449,4,61
2024-08-02,24765.9,24792.55,24765.9,24774.75,14:20:00,24781.39029243597,4,62
2024-08-02,24767.85,24775.55,24764.0,24765.85,14:25:00,24780.1007407754,4,63
2024-08-02,24749.5,24770.45,24742.9,24767.95,14:30:00,24777.186384511075,4,64
2024-08-02,24736.0,24756.5,24730.7,24748.9,14:35:00,24773.263871700496,4,65
2024-08-02,24735.0,24754.1,24734.65,24735.7,14:40:00,24769.619693443303,4,66
2024-08-02,24729.45,24743.55,24721.45,24734.7,14:45:00,24765.79400835347,4,67
2024-08-02,24736.15,24744.65,24718.95,24729.35,14:50:00,24762.970769462663,4,68
2024-08-02,24731.15,24738.05,24723.1,24734.5,14:55:00,24759.94021999003,4,69
2024-08-02,24716.6,24735.45,24688.3,24730.65,15:00:00,24755.81257999098,4,70
2024-08-02,24722.15,24732.5,24705.65,24718.45,15:05:00,24752.60661999184,4,71
2024-08-02,24727.9,24727.9,24707.55,24723.05,15:10:00,24750.25360856405,4,72
2024-08-02,24723.1,24730.95,24708.5,24728.85,15:15:00,24747.667550605565,4,73
2024-08-02,24732.9,24736.7,24718.95,24724.95,15:20:00,24746.26111721456,4,74
2024-08-02,24699.45,24733.25,24696.1,24733.0,15:25:00,24741.80291557508,4,75
2024-08-05,24301.3,24350.05,24286.8,24327.75,09:15:00,24699.85025694888,0,1
2024-08-05,24229.5,24299.1,24227.05,24298.8,09:20:00,24655.05499438232,0,2
2024-08-05,24216.55,24239.75,24209.6,24229.2,09:25:00,24613.29261396496,0,3
2024-08-05,24258.9,24274.05,24192.5,24215.5,09:30:00,24579.54093644449,0,4
2024-08-05,24230.15,24262.5,24230.15,24255.5,09:35:00,24546.26560916406,0,5
2024-08-05,24271.4,24275.65,24227.7,24230.3,09:40:00,24520.08793210081,0,6
2024-08-05,24271.85,24287.8,24248.6,24272.9,09:45:00,24496.446224281688,0,7
2024-08-05,24296.05,24299.1,24267.7,24271.15,09:50:00,24477.3608695882,0,8
2024-08-05,24332.45,24346.2,24296.2,24296.35,09:55:00,24463.55983438932,0,9
2024-08-05,24305.4,24337.5,24303.65,24333.4,10:00:00,24448.49699301891,0,10
2024-08-05,24279.1,24305.2,24263.65,24304.8,10:05:00,24432.36394606473,0,11
2024-08-05,24292.15,24295.45,24272.15,24278.45,10:10:00,24419.010236915707,0,12
2024-08-05,24283.5,24291.55,24272.65,24290.8,10:15:00,24406.10450006659,0,13
2024-08-05,24280.0,24295.9,24278.9,24283.7,10:20:00,24394.0945476793,0,14
2024-08-05,24273.0,24283.95,24256.4,24279.15,10:25:00,24382.5617336146,0,15
2024-08-05,24257.35,24280.45,24252.65,24273.0,10:30:00,24370.63680660369,0,16
2024-08-05,24230.35,24263.95,24226.75,24255.85,10:35:00,24357.276158355715,0,17
2024-08-05,24205.55,24232.75,24186.4,24230.1,10:40:00,24342.826048036124,0,18
2024-08-05,24145.85,24206.8,24135.85,24206.2,10:45:00,24324.066424413635,0,19
2024-08-05,24117.0,24153.15,24114.8,24145.75,10:50:00,24304.34581256472,0,20
2024-08-05,24096.65,24130.65,24093.4,24115.75,10:55:00,24284.565258987124,0,21
2024-08-05,24073.2,24099.45,24055.3,24095.55,11:00:00,24264.435234321685,0,22
2024-08-05,24056.8,24092.5,24036.4,24072.3,11:05:00,24244.66045010057,0,23
2024-08-05,24020.75,24059.25,24011.7,24054.3,11:10:00,24223.33564532909,0,24
2024-08-05,23994.9,24030.6,23986.2,24020.45,11:15:00,24201.579869583464,0,25
2024-08-05,23914.25,24000.2,23895.0,23993.7,11:20:00,24174.215120099325,0,26
2024-08-05,24006.5,24032.25,23914.7,23916.25,11:25:00,24158.24225151844,0,27
2024-08-05,23948.2,24022.0,23946.35,24005.95,11:30:00,24138.2382275643,0,28
2024-08-05,23995.7,23995.7,23935.35,23946.75,11:35:00,24124.663158272466,0,29
2024-08-05,23999.35,24032.5,23990.6,23995.95,11:40:00,24112.72857177032,0,30
2024-08-05,24045.1,24045.1,23982.4,23999.9,11:45:00,24106.28775541124,0,31
2024-08-05,24001.35,24049.25,23991.95,24042.6,11:50:00,24096.29368346732,0,32
2024-08-05,23990.45,24020.15,23988.9,23999.55,11:55:00,24086.2133326609,0,33
2024-08-05,24005.5,24016.2,23983.55,23990.4,12:00:00,24078.52634859796,0,34
2024-08-05,24023.05,24024.45,23991.05,24005.5,12:05:00,24073.242886826723,0,35
2024-08-05,24038.45,24045.9,24009.75,24023.1,12:10:00,24069.92927855751,0,36
2024-08-05,24049.65,24056.8,24025.1,24039.35,12:15:00,24067.99791869489,0,37
2024-08-05,24022.6,24053.15,24019.75,24048.25,12:20:00,24063.67430739061,0,38
2024-08-05,24013.45,24025.55,24001.85,24021.85,12:25:00,24058.89104002008,0,39
2024-08-05,23978.05,24013.35,23967.1,24012.65,12:30:00,24051.191893351504,0,40
2024-08-05,23942.65,23977.8,23932.5,23977.1,12:35:00,24040.85457017517,0,41
2024-08-05,23946.4,23973.45,23941.0,23942.4,12:40:00,24031.85889682516,0,42
2024-08-05,23967.45,23975.7,23943.45,23947.7,12:45:00,24025.724716175144,0,43
2024-08-05,23959.1,23968.05,23947.5,23966.9,12:50:00,24019.379505110843,0,44
2024-08-05,23925.05,23959.15,23918.1,23958.45,12:55:00,24010.39574271933,0,45
2024-08-05,23943.25,23949.65,23916.7,23925.55,13:00:00,24004.0009100794,0,46
2024-08-05,23972.5,23981.2,23943.05,23943.05,13:05:00,24001.000823405167,0,47
2024-08-05,24021.6,24023.2,23967.8,23972.3,13:10:00,24002.962649747533,0,48
2024-08-05,24009.0,24053.85,24007.7,24021.2,13:15:00,24003.537635485864,0,49
2024-08-05,24014.25,24024.2,23996.1,24008.6,13:20:00,24004.557860677683,0,50
2024-08-05,24048.55,24052.45,24013.25,24013.7,13:25:00,24008.74758823219,0,51
2024-08-05,24066.35,24066.7,24027.1,24048.75,13:30:00,24014.23353221008,0,52
2024-08-05,24077.7,24084.9,24060.1,24066.95,13:35:00,24020.27795771388,0,53
2024-08-05,24074.15,24103.6,24072.15,24077.7,13:40:00,24025.4086284078,0,54
2024-08-05,24119.2,24119.2,24064.9,24073.4,13:45:00,24034.34113998801,0,55
2024-08-05,24105.1,24127.35,24099.55,24118.55,13:50:00,24041.08007903677,0,56
2024-08-05,24102.85,24116.9,24092.95,24104.5,13:55:00,24046.96292865232,0,57
2024-08-05,24100.8,24125.8,24085.7,24103.15,14:00:00,24052.090268780667,0,58
2024-08-05,24083.75,24105.2,24077.6,24100.15,14:05:00,24055.105481277747,0,59
2024-08-05,24085.65,24101.8,24071.2,24084.15,14:10:00,24058.01448306082,0,60
2024-08-05,24087.75,24111.45,24084.85,24085.9,14:15:00,24060.846437055025,0,61
2024-08-05,24047.4,24097.6,24046.9,24087.5,14:20:00,24059.56582400217,0,62
2024-08-05,24028.2,24052.95,24014.6,24047.1,14:25:00,24056.57860266863,0,63
2024-08-05,24041.15,24061.95,24022.3,24027.35,14:30:00,24055.10921193828,0,64
2024-08-05,24046.95,24068.7,24041.4,24041.4,14:35:00,24054.33214413464,0,65
2024-08-05,24078.8,24081.65,24038.75,24046.25,14:40:00,24056.662416121817,0,66
2024-08-05,24098.95,24105.65,24078.15,24078.15,14:45:00,24060.6898050626,0,67
2024-08-05,24097.5,24115.0,24090.65,24097.0,14:50:00,24064.19553791378,0,68
2024-08-05,24110.95,24113.05,24085.55,24097.1,14:55:00,24068.64834382676,0,69
2024-08-05,24064.3,24110.25,24062.4,24107.7,15:00:00,24068.23421584325,0,70
2024-08-05,24047.15,24070.75,24031.4,24064.0,15:05:00,24066.226195286752,0,71
2024-08-05,24048.85,24071.85,24039.5,24047.85,15:10:00,24064.57131954516,0,72
2024-08-05,24047.7,24060.7,24047.7,24049.65,15:15:00,24062.96452720752,0,73
2024-08-05,24055.55,24060.3,24039.55,24047.9,15:20:00,24062.258381759188,0,74
2024-08-05,24051.8,24066.7,24040.55,24056.8,15:25:00,24061.26234540117,0,75
2024-08-06,24339.65,24354.8,24192.85,24192.85,09:15:00,24098.85557072522,1,1
2024-08-06,24338.6,24380.85,24326.4,24337.5,09:20:00,24121.68837351329,1,2
2024-08-06,24318.85,24337.5,24277.0,24336.55,09:25:00,24140.46567127393,1,3
2024-08-06,24306.8,24336.05,24298.9,24318.6,09:30:00,24156.30703591451,1,4
2024-08-06,24308.25,24316.95,24286.6,24304.9,09:35:00,24170.77779439884,1,5
2024-08-06,24264.2,24311.6,24263.6,24307.45,09:40:00,24179.67514731324,1,6
2024-08-06,24329.3,24335.7,24266.5,24267.8,09:45:00,24193.925133283406,1,7
2024-08-06,24328.25,24334.3,24299.3,24330.1,09:50:00,24206.71797773261,1,8
2024-08-06,24339.95,24344.5,24322.2,24327.6,09:55:00,24219.40674175807,1,9
2024-08-06,24334.25,24347.8,24332.45,24339.95,10:00:00,24230.344194923968,1,10
2024-08-06,24297.55,24336.15,24294.95,24334.4,10:05:00,24236.74474778835,1,11
2024-08-06,24282.85,24301.65,24277.85,24299.0,10:10:00,24241.13572418946,1,12
2024-08-06,24275.85,24309.9,24274.05,24284.45,10:15:00,24244.441845695223,1,13
2024-08-06,24238.75,24286.1,24238.3,24275.55,10:20:00,24243.899765152823,1,14
2024-08-06,24230.75,24263.7,24219.75,24238.0,10:25:00,24242.647406566844,1,15
2024-08-06,24214.4,24242.75,24214.35,24231.3,10:30:00,24239.95717737,1,16
2024-08-06,24176.25,24225.05,24157.35,24214.95,10:35:00,24233.889827144285,1,17
2024-08-06,24155.9,24180.2,24131.95,24176.1,10:40:00,24226.46222455912,1,18
2024-08-06,24180.4,24190.8,24153.2,24155.2,10:45:00,24222.07534602968,1,19
2024-08-06,24207.65,24227.05,24178.45,24179.2,10:50:00,24220.70150355066,1,20
2024-08-06,24258.2,24260.85,24205.5,24208.0,10:55:00,24224.272788926788,1,21
2024-08-06,24234.45,24265.85,24226.5,24257.2,11:00:00,24225.24204712424,1,22
2024-08-06,24216.9,24238.75,24195.15,24234.95,11:05:00,24224.44756644573,1,23
2024-08-06,24225.8,24233.3,24208.9,24216.0,11:10:00,24224.57636964138,1,24
2024-08-06,24238.45,24260.35,24226.4,24226.6,11:15:00,24225.897667770776,1,25
2024-08-06,24233.6,24244.7,24223.45,24237.35,11:20:00,24226.63122322118,1,26
2024-08-06,24228.35,24235.05,24212.6,24234.45,11:25:00,24226.79491624773,1,27
2024-08-06,24229.4,24248.7,24228.25,24228.45,11:30:00,24227.043019462235,1,28
2024-08-06,24228.95,24234.55,24221.1,24231.75,11:35:00,24227.22463665631,1,29
2024-08-06,24238.25,24239.8,24213.65,24230.2,11:40:00,24228.27467126047,1,30
2024-08-06,24219.25,24239.65,24211.4,24238.85,11:45:00,24227.41517875947,1,31
2024-08-06,24223.45,24225.2,24207.7,24219.7,11:50:00,24227.03754268714,1,32
2024-08-06,24230.8,24230.8,24219.2,24223.65,11:55:00,24227.395871955032,1,33
2024-08-06,24246.55,24246.9,24225.7,24231.6,12:00:00,24229.22007462598,1,34
2024-08-06,24233.1,24248.95,24232.2,24247.15,12:05:00,24229.58959132827,1,35
2024-08-06,24235.55,24240.55,24230.7,24233.7,12:10:00,24230.157249297008,1,36
2024-08-06,24223.75,24237.9,24218.45,24235.5,12:15:00,24229.547035078245,1,37
2024-08-06,24216.9,24231.25,24216.35,24224.2,12:20:00,24228.342555546988,1,38
2024-08-06,24193.2,24222.0,24185.05,24217.3,12:25:00,24224.99564549489,1,39
2024-08-06,24185.45,24205.1,24168.1,24193.6,12:30:00,24221.229393543,1,40
2024-08-06,24188.0,24190.0,24171.45,24185.7,12:35:00,24218.064689396044,1,41
2024-08-06,24177.05,24189.0,24166.1,24188.8,12:40:00,24214.158528501182,1,42
2024-08-06,24172.6,24198.3,24170.25,24176.8,12:45:00,24210.20057340584,1,43
2024-08-06,24206.05,24208.55,24167.9,24173.6,12:50:00,24209.805280700515,1,44
2024-08-06,24187.7,24207.05,24178.7,24206.6,12:55:00,24207.70001587189,1,45
2024-08-06,24182.65,24194.05,24178.75,24187.85,13:00:00,24205.31430007457,1,46
2024-08-06,24180.35,24189.75,24176.7,24182.15,13:05:00,24202.936747686515,1,47
2024-08-06,24163.4,24182.55,24158.3,24180.4,13:10:00,24199.171343144943,1,48
2024-08-06,24166.55,24178.25,24153.2,24163.25,13:15:00,24196.06454855971,1,49
2024-08-06,24141.9,24166.6,24134.2,24166.15,13:20:00,24190.90602012545,1,50
2024-08-06,24169.5,24170.9,24137.85,24141.5,13:25:00,24188.86735154208,1,51
2024-08-06,24144.05,24172.0,24143.75,24169.2,13:30:00,24184.5990323476,1,52
2024-08-06,24083.25,24146.05,24077.95,24143.65,13:35:00,24174.94674355258,1,53
2024-08-06,24079.45,24098.1,24066.75,24083.5,13:40:00,24165.85181559519,1,54
2024-08-06,24063.05,24081.5,24048.35,24079.45,13:45:00,24156.061166490887,1,55
2024-08-06,24071.7,24085.05,24042.2,24064.2,13:50:00,24148.02676968223,1,56
2024-08-06,24094.85,24098.55,24064.1,24070.8,13:55:00,24142.96231542678,1,57
2024-08-06,24071.4,24102.8,24068.3,24093.75,14:00:00,24136.146856814707,1,58
2024-08-06,24058.65,24074.0,24054.15,24070.8,14:05:00,24128.766203784733,1,59
2024-08-06,24022.9,24062.6,24012.0,24058.1,14:10:00,24118.68370818619,1,60
2024-08-06,23990.4,24026.2,23985.4,24023.15,14:15:00,24106.466212168456,1,61
2024-08-06,24035.7,24054.15,23989.9,23990.2,14:20:00,24099.72657291432,1,62
2024-08-06,24036.95,24077.9,24032.75,24035.7,14:25:00,24093.747851684384,1,63
2024-08-06,24015.6,24039.3,24008.35,24036.75,14:30:00,24086.30519914301,1,64
2024-08-06,24022.5,24038.2,24009.25,24014.2,14:35:00,24080.228513510345,1,65
2024-08-06,23979.3,24029.75,23978.55,24022.6,14:40:00,24070.61627412841,1,66
2024-08-06,23985.15,23999.65,23960.5,23979.05,14:45:00,24062.47662897332,1,67
2024-08-06,24000.95,24000.95,23973.9,23984.85,14:50:00,24056.61695002348,1,68
2024-08-06,24013.7,24049.35,24002.15,24002.15,14:55:00,24052.529621449816,1,69
2024-08-06,24001.3,24029.2,23979.55,24013.9,15:00:00,24047.650609883167,1,70
2024-08-06,23994.4,24010.0,23978.25,24001.7,15:05:00,24042.579123227628,1,71
2024-08-06,23973.55,23996.85,23963.5,23995.45,15:10:00,24036.004921015472,1,72
2024-08-06,23994.15,23996.35,23966.05,23974.75,15:15:00,24032.01873806162,1,73
2024-08-06,24002.2,24004.65,23990.6,23995.25,15:20:00,24029.17885824623,1,74
2024-08-06,24033.05,24039.45,24001.9,24001.9,15:25:00,24029.54753841325,1,75
2024-08-07,24283.3,24306.2,24251.45,24289.4,09:15:00,24076.105354574112,2,1
2024-08-07,24271.55,24289.65,24245.15,24283.55,09:20:00,24094.71913032896,2,2
2024-08-07,24264.6,24275.6,24242.9,24271.2,09:25:00,24110.89826077382,2,3
2024-08-07,24251.85,24285.0,24245.5,24265.05,09:30:00,24124.32223593822,2,4
2024-08-07,24246.6,24254.75,24231.95,24253.85,09:35:00,24135.96773727744,2,5
2024-08-07,24236.8,24261.75,24235.95,24247.25,09:40:00,24145.57080991768,2,6
2024-08-07,24218.1,24256.05,24218.1,24236.7,09:45:00,24152.478351830283,2,7
2024-08-07,24217.55,24237.3,24216.95,24219.4,09:50:00,24158.675651655973,2,8
2024-08-07,24230.5,24233.85,24215.1,24216.1,09:55:00,24165.516065783977,2,9
2024-08-07,24224.75,24254.05,24222.1,24230.4,10:00:00,24171.15739285217,2,10
2024-08-07,24198.35,24225.1,24185.95,24224.25,10:05:00,24173.747164961485,2,11
2024-08-07,24209.4,24219.75,24198.5,24198.75,10:10:00,24177.1426730604,2,12
2024-08-07,24217.65,24217.7,24193.4,24207.55,10:15:00,24181.00051372131,2,13
2024-08-07,24218.85,24222.5,24203.65,24218.45,10:20:00,24184.60522670023,2,14
2024-08-07,24269.2,24275.05,24217.2,24219.1,10:25:00,24192.6618717764,2,15
2024-08-07,24286.1,24315.85,24265.55,24268.45,10:30:00,24201.56074113103,2,16
2024-08-07,24327.45,24337.0,24286.0,24287.4,10:35:00,24213.55019435665,2,17
2024-08-07,24303.3,24331.6,24295.25,24327.7,10:40:00,24222.09779489411,2,18
2024-08-07,24300.1,24313.1,24290.15,24303.0,10:45:00,24229.52657633277,2,19
2024-08-07,24291.75,24306.2,24285.9,24301.2,10:50:00,24235.452616682025,2,20
2024-08-07,24300.95,24300.95,24287.65,24292.05,10:55:00,24241.690462712308,2,21
2024-08-07,24251.35,24300.55,24246.1,24300.3,11:00:00,24242.61041864447,2,22
2024-08-07,24243.9,24260.7,24225.75,24250.6,11:05:00,24242.73323591643,2,23
2024-08-07,24247.65,24250.3,24228.95,24244.5,11:10:00,24243.20149916248,2,24
2024-08-07,24219.95,24250.85,24217.4,24248.6,11:15:00,24240.987070670817,2,25
2024-08-07,24224.85,24230.8,24209.7,24219.6,11:20:00,24239.450206797403,2,26
2024-08-07,24223.75,24237.3,24216.8,24224.9,11:25:00,24237.954949007173,2,27
2024-08-07,24225.8,24241.45,24220.4,24222.4,11:30:00,24236.797334816016,2,28
2024-08-07,24229.35,24251.9,24222.7,24226.65,11:35:00,24236.088064833537,2,29
2024-08-07,24245.25,24248.1,24224.85,24229.3,11:40:00,24236.960630087484,2,30
2024-08-07,24230.85,24253.95,24222.55,24244.8,11:45:00,24236.378665317246,2,31
2024-08-07,24225.8,24240.7,24224.1,24232.55,11:50:00,24235.37117338227,2,32
2024-08-07,24226.95,24239.4,24218.5,24226.2,11:55:00,24234.56915686967,2,33
2024-08-07,24227.6,24232.65,24220.15,24225.0,12:00:00,24233.905427643986,2,34
2024-08-07,24229.5,24242.7,24223.35,24227.4,12:05:00,24233.485863106464,2,35
2024-08-07,24224.15,24237.55,24222.75,24229.3,12:10:00,24232.5967332868,2,36
2024-08-07,24247.0,24249.05,24223.4,24224.05,12:15:00,24233.96847297377,2,37
2024-08-07,24267.95,24274.2,24247.0,24247.9,12:20:00,24237.20480888103,2,38
2024-08-07,24259.45,24276.8,24255.45,24267.8,12:25:00,24239.32339851141,2,39
2024-08-07,24252.1,24263.75,24247.8,24260.4,12:30:00,24240.5402177008,2,40
2024-08-07,24254.25,24265.65,24250.1,24253.6,12:35:00,24241.845911253105,2,41
2024-08-07,24231.3,24259.45,24223.1,24254.45,12:40:00,24240.84153875281,2,42
2024-08-07,24237.35,24245.7,24228.55,24231.85,12:45:00,24240.509011252543,2,43
2024-08-07,24211.95,24240.75,24208.3,24237.8,12:50:00,24237.789105418968,2,44
2024-08-07,24220.7,24230.1,24208.4,24212.75,12:55:00,24236.161571569544,2,45
2024-08-07,24227.1,24232.7,24214.85,24220.55,13:00:00,24235.2985647534,2,46
2024-08-07,24220.05,24237.35,24214.4,24227.5,13:05:00,24233.84632049117,2,47
2024-08-07,24232.2,24234.05,24217.65,24219.6,13:10:00,24233.68952806344,2,48
2024-08-07,24223.75,24232.9,24219.8,24232.15,13:15:00,24232.742906343112,2,49
2024-08-07,24204.7,24228.6,24200.85,24224.25,13:20:00,24230.07215335805,2,50
2024-08-07,24196.65,24215.7,24188.95,24203.3,13:25:00,24226.88909113348,2,51
2024-08-07,24198.0,24209.3,24193.1,24195.4,13:30:00,24224.137749120764,2,52
2024-08-07,24218.2,24225.25,24196.05,24198.2,13:35:00,24223.572249204502,2,53
2024-08-07,24221.95,24233.8,24213.7,24217.45,13:40:00,24223.417749280263,2,54
2024-08-07,24228.0,24238.65,24217.95,24221.2,13:45:00,24223.854154110715,2,55
2024-08-07,24231.65,24233.25,24220.3,24228.45,13:50:00,24224.59661562398,2,56
2024-08-07,24228.9,24239.1,24219.55,24231.4,13:55:00,24225.00646175503,2,57
2024-08-07,24225.8,24234.6,24221.9,24229.75,14:00:00,24225.08203682598,2,58
2024-08-07,24235.1,24235.45,24209.05,24225.35,14:05:00,24226.03612855684,2,59
2024-08-07,24246.6,24246.6,24227.5,24234.5,14:10:00,24227.99459250381,2,60
2024-08-07,24265.35,24269.05,24244.8,24246.0,14:15:00,24231.55225036059,2,61
2024-08-07,24271.35,24274.3,24259.25,24264.25,14:20:00,24235.34251223101,2,62
2024-08-07,24284.35,24293.55,24272.4,24273.35,14:25:00,24240.009892018534,2,63
2024-08-07,24272.75,24288.3,24265.8,24283.35,14:30:00,24243.127997540578,2,64
2024-08-07,24261.55,24278.0,24257.95,24272.15,14:35:00,24244.882473965285,2,65
2024-08-07,24268.95,24273.7,24260.2,24262.25,14:40:00,24247.174619301924,2,66
2024-08-07,24256.8,24271.9,24249.3,24268.5,14:45:00,24248.09132222555,2,67
2024-08-07,24247.55,24257.85,24244.45,24257.2,14:50:00,24248.03976772788,2,68
2024-08-07,24271.75,24275.25,24246.85,24247.9,14:55:00,24250.29788508713,2,69
2024-08-07,24282.75,24286.55,24268.25,24271.05,15:00:00,24253.38856269788,2,70
2024-08-07,24298.25,24298.25,24278.65,24282.3,15:05:00,24257.66108053617,2,71
2024-08-07,24309.95,24312.25,24297.55,24297.75,15:10:00,24262.640977627965,2,72
2024-08-07,24315.55,24315.55,24300.6,24309.4,15:15:00,24267.67993213959,2,73
2024-08-07,24305.65,24316.9,24303.7,24315.8,15:20:00,24271.29612907868,2,74
2024-08-07,24316.05,24316.05,24295.85,24305.7,15:25:00,24275.55840249975,2,75
2024-08-08,24221.8,24252.75,24221.0,24248.7,09:15:00,24268.111300005465,3,1
2024-08-08,24230.3,24230.3,24200.4,24220.85,09:20:00,24264.51022381447,3,2
2024-08-08,24220.95,24254.0,24217.8,24229.05,09:25:00,24260.361631070235,3,3
2024-08-08,24235.15,24262.75,24214.5,24222.35,09:30:00,24257.960523349266,3,4
2024-08-08,24221.7,24234.7,24192.9,24234.0,09:35:00,24254.50714017314,3,5
2024-08-08,24230.55,24236.8,24217.2,24222.15,09:40:00,24252.2255077757,3,6
2024-08-08,24250.3,24261.95,24228.1,24231.25,09:45:00,24252.04212608277,3,7
2024-08-08,24230.65,24254.55,24225.35,24250.35,09:50:00,24250.00478074156,3,8
2024-08-08,24205.4,24243.55,24205.25,24230.15,09:55:00,24245.756706385226,3,9
2024-08-08,24217.45,24226.7,24193.75,24204.95,10:00:00,24243.06082958663,3,10
2024-08-08,24126.7,24216.0,24120.6,24216.0,10:05:00,24231.97884581648,3,11
2024-08-08,24161.15,24167.25,24125.6,24127.0,10:10:00,24225.233241453,3,12
2024-08-08,24170.4,24174.7,24142.75,24161.65,10:15:00,24220.011027981287,3,13
2024-08-08,24171.2,24180.35,24152.05,24170.15,10:20:00,24215.36235864973,3,14
2024-08-08,24237.45,24259.6,24168.6,24171.45,10:25:00,24217.465943540235,3,15
2024-08-08,24160.25,24238.6,24146.0,24236.65,10:30:00,24212.01680606021,3,16
2024-08-08,24200.0,24216.35,24158.0,24162.1,10:35:00,24210.872348340192,3,17
2024-08-08,24196.7,24205.15,24188.75,24200.1,10:40:00,24209.522600879223,3,18
2024-08-08,24191.2,24206.2,24168.15,24197.05,10:45:00,24207.77759127168,3,19
2024-08-08,24193.1,24218.1,24182.8,24190.95,10:50:00,24206.37972543628,3,20
2024-08-08,24149.4,24196.8,24134.4,24193.45,10:55:00,24200.95308491854,3,21
2024-08-08,24174.95,24178.55,24148.45,24148.95,11:00:00,24198.476600640584,3,22
2024-08-08,24211.95,24211.95,24168.3,24173.8,11:05:00,24199.75978153196,3,23
2024-08-08,24186.35,24211.7,24182.45,24211.4,11:10:00,24198.4826594813,3,24
2024-08-08,24236.9,24252.95,24183.35,24186.05,11:15:00,24202.141453816414,3,25
2024-08-08,24198.3,24238.7,24192.1,24236.5,11:20:00,24201.775601072,3,26
2024-08-08,24197.15,24203.3,24184.85,24197.95,11:25:00,24201.335067636566,3,27
2024-08-08,24188.65,24197.7,24167.8,24196.55,11:30:00,24200.126965956893,3,28
2024-08-08,24198.95,24205.5,24181.6,24187.25,11:35:00,24200.014873961,3,29
2024-08-08,24191.9,24210.55,24185.85,24198.05,11:40:00,24199.24202882186,3,30
2024-08-08,24231.55,24233.25,24187.35,24192.3,11:45:00,24202.31897845787,3,31
2024-08-08,24237.0,24245.05,24219.95,24232.35,11:50:00,24205.62193289045,3,32
2024-08-08,24225.6,24244.35,24225.0,24237.95,11:55:00,24207.524605948507,3,33
2024-08-08,24218.5,24248.75,24217.65,24225.95,12:00:00,24208.569881572457,3,34
2024-08-08,24237.45,24247.2,24217.05,24218.4,12:05:00,24211.320369041747,3,35
2024-08-08,24306.6,24306.6,24234.5,24237.45,12:10:00,24220.3946196092,3,36
2024-08-08,24303.8,24325.35,24295.75,24307.25,12:15:00,24228.337989170228,3,37
2024-08-08,24312.5,24339.3,24300.6,24303.65,12:20:00,24236.353418773066,3,38
2024-08-08,24317.55,24329.05,24308.05,24312.2,12:25:00,24244.08642650897,3,39
2024-08-08,24311.25,24336.4,24309.95,24317.3,12:30:00,24250.48295731764,3,40
2024-08-08,24313.2,24323.9,24302.15,24310.7,12:35:00,24256.45600900167,3,41
2024-08-08,24305.1,24316.15,24284.75,24312.85,12:40:00,24261.08877004913,3,42
2024-08-08,24269.55,24310.55,24263.2,24304.4,12:45:00,24261.894601473025,3,43
2024-08-08,24268.65,24285.4,24265.4,24269.3,12:50:00,24262.537972761307,3,44
2024-08-08,24223.2,24269.95,24205.7,24265.85,12:55:00,24258.791499164992,3,45
2024-08-08,24190.3,24224.5,24161.2,24223.3,13:00:00,24252.26849924452,3,46
2024-08-08,24153.4,24196.35,24129.05,24190.4,13:05:00,24242.85245169742,3,47
2024-08-08,24160.35,24166.1,24137.95,24154.45,13:10:00,24234.995075345287,3,48
2024-08-08,24158.3,24172.7,24150.6,24159.4,13:15:00,24227.69078245525,3,49
2024-08-08,24169.65,24179.55,24141.7,24158.35,13:20:00,24222.16308888809,3,50
2024-08-08,24112.05,24174.3,24107.65,24173.5,13:25:00,24211.676128041603,3,51
2024-08-08,24141.85,24146.15,24092.5,24113.45,13:30:00,24205.02602060907,3,52
2024-08-08,24161.25,24162.95,24133.95,24141.65,13:35:00,24200.85687578916,3,53
2024-08-08,24168.55,24173.15,24154.1,24160.75,13:40:00,24197.780030475904,3,54
2024-08-08,24157.85,24179.35,24139.4,24168.95,13:45:00,24193.97717043058,3,55
2024-08-08,24155.3,24171.15,24153.6,24157.9,13:50:00,24190.29363038957,3,56
2024-08-08,24136.2,24163.3,24125.85,24156.4,13:55:00,24185.141856066755,3,57
2024-08-08,24160.65,24161.3,24131.2,24136.4,14:00:00,24182.80929834611,3,58
2024-08-08,24149.2,24166.5,24143.8,24160.3,14:05:00,24179.608412789337,3,59
2024-08-08,24154.6,24168.5,24146.05,24148.7,14:10:00,24177.22665919036,3,60
2024-08-08,24168.0,24195.8,24154.4,24154.75,14:15:00,24176.347929743653,3,61
2024-08-08,24148.9,24169.6,24134.05,24167.75,14:20:00,24173.73384119664,3,62
2024-08-08,24158.75,24162.65,24140.3,24148.3,14:25:00,24172.306808701724,3,63
2024-08-08,24163.3,24171.4,24151.45,24159.6,14:30:00,24171.4490173968,3,64
2024-08-08,24162.1,24173.2,24159.0,24163.25,14:35:00,24170.55863478758,3,65
2024-08-08,24169.9,24176.55,24153.8,24157.5,14:40:00,24170.49590766496,3,66
2024-08-08,24181.2,24184.45,24164.85,24169.2,14:45:00,24171.5153450302,3,67
2024-08-08,24152.25,24187.7,24147.15,24180.9,14:50:00,24169.680550265417,3,68
2024-08-08,24155.5,24158.35,24122.75,24152.7,14:55:00,24168.33002166871,3,69
2024-08-08,24148.45,24167.6,24144.25,24157.0,15:00:00,24166.43668627169,3,70
2024-08-08,24128.75,24151.85,24121.1,24148.6,15:05:00,24162.847478055337,3,71
2024-08-08,24115.2,24134.1,24113.35,24128.75,15:10:00,24158.30962300245,3,72
2024-08-08,24090.45,24117.9,24088.65,24115.55,15:15:00,24151.84680176412,3,73
2024-08-08,24083.35,24091.8,24081.3,24090.95,15:20:00,24145.323296834205,3,74
2024-08-08,24098.7,24105.05,24079.95,24082.25,15:25:00,24140.882982849995,3,75
2024-08-09,24346.8,24373.5,24316.8,24373.5,09:15:00,24181.6885641924,4,1
2024-08-09,24360.95,24380.6,24345.8,24345.8,09:20:00,24198.76108188836,4,2
2024-08-09,24388.95,24404.7,24357.6,24361.5,09:25:00,24216.874312184707,4,3
2024-08-09,24375.3,24399.25,24370.55,24389.1,09:30:00,24231.962472929023,4,4
2024-08-09,24393.8,24397.2,24374.5,24375.65,09:35:00,24247.375570745306,4,5
2024-08-09,24404.2,24409.0,24390.8,24394.05,09:40:00,24262.311230674324,4,6
2024-08-09,24415.0,24419.6,24399.15,24403.0,09:45:00,24276.85301822915,4,7
2024-08-09,24370.0,24415.55,24360.3,24414.9,09:50:00,24285.724159350186,4,8
2024-08-09,24373.3,24381.7,24359.9,24368.85,09:55:00,24294.064715602548,4,9
2024-08-09,24362.95,24386.4,24357.2,24370.95,10:00:00,24300.625218878497,4,10
2024-08-09,24351.2,24369.45,24347.6,24364.65,10:05:00,24305.441864699595,4,11
2024-08-09,24356.45,24376.3,24350.9,24351.3,10:10:00,24310.29978234725,4,12
2024-08-09,24362.0,24367.85,24348.2,24356.4,10:15:00,24315.223612599897,4,13
2024-08-09,24336.3,24372.35,24334.2,24362.0,10:20:00,24317.230887590384,4,14
2024-08-09,24328.65,24340.75,24317.15,24336.4,10:25:00,24318.318422105585,4,15
2024-08-09,24331.3,24338.15,24312.2,24328.55,10:30:00,24319.554762857435,4,16
2024-08-09,24327.95,24344.5,24318.55,24330.25,10:35:00,24320.354309251965,4,17
2024-08-09,24329.2,24335.15,24321.45,24326.85,10:40:00,24321.19675598988,4,18
2024-08-09,24342.5,24345.2,24324.4,24328.65,10:45:00,24323.22563637179,4,19
2024-08-09,24338.6,24362.35,24338.3,24342.0,10:50:00,24324.68986147924,4,20
2024-08-09,24343.0,24353.7,24338.55,24339.5,10:55:00,24326.4336841955,4,21
2024-08-09,24363.8,24369.7,24343.45,24344.0,11:00:00,24329.992380938784,4,22
2024-08-09,24361.6,24367.75,24358.3,24363.25,11:05:00,24333.002630373187,4,23
2024-08-09,24345.2,24363.0,24341.7,24362.3,11:10:00,24334.16428462336,4,24
2024-08-09,24348.55,24351.9,24337.25,24345.65,11:15:00,24335.53435275447,4,25
2024-08-09,24352.35,24353.25,24345.55,24347.85,11:20:00,24337.135842968328,4,26
2024-08-09,24350.75,24360.35,24345.45,24352.0,11:25:00,24338.43242935229,4,27
2024-08-09,24351.1,24355.1,24344.85,24350.05,11:30:00,24339.63886465208,4,28
2024-08-09,24352.1,24352.1,24345.1,24350.65,11:35:00,24340.82563944712,4,29
2024-08-09,24355.25,24360.65,24349.2,24351.5,11:40:00,24342.199388071203,4,30
2024-08-09,24364.1,24369.9,24354.45,24355.1,11:45:00,24344.285160635853,4,31
2024-08-09,24367.9,24367.95,24362.15,24363.7,11:50:00,24346.53419295625,4,32
2024-08-09,24371.4,24371.85,24364.3,24367.7,11:55:00,24348.90236505565,4,33
2024-08-09,24355.9,24374.9,24354.6,24371.0,12:00:00,24349.56880647892,4,34
2024-08-09,24361.35,24365.0,24349.35,24355.5,12:05:00,24350.6908249095,4,35
2024-08-09,24351.75,24362.1,24351.15,24361.0,12:10:00,24350.791698727644,4,36
2024-08-09,24349.1,24361.05,24345.8,24352.3,12:15:00,24350.630584563107,4,37
2024-08-09,24349.8,24352.5,24344.7,24349.55,12:20:00,24350.55148127138,4,38
2024-08-09,24354.65,24356.9,24345.9,24350.05,12:25:00,24350.9418163884,4,39
2024-08-09,24358.45,24361.15,24353.8,24354.9,12:30:00,24351.65688149426,4,40
2024-08-09,24365.75,24367.55,24354.9,24358.55,12:35:00,24352.99908325671,4,41
2024-08-09,24354.35,24371.15,24353.05,24365.8,12:40:00,24353.127741994165,4,42
2024-08-09,24351.65,24356.8,24346.45,24354.25,12:45:00,24352.987004661387,4,43
2024-08-09,24344.0,24353.2,24338.7,24351.95,12:50:00,24352.131099455542,4,44
2024-08-09,24343.85,24350.85,24341.8,24344.3,12:55:00,24351.34242331692,4,45
2024-08-09,24343.9,24347.8,24338.1,24344.35,13:00:00,24350.63362109626,4,46
2024-08-09,24342.35,24351.25,24340.85,24343.85,13:05:00,24349.84470480138,4,47
2024-08-09,24351.4,24355.95,24339.7,24342.65,13:10:00,24349.99282815363,4,48
2024-08-09,24360.2,24362.6,24348.15,24351.7,13:15:00,24350.964939758047,4,49
2024-08-09,24361.3,24364.6,24356.65,24359.45,13:20:00,24351.949231209663,4,50
2024-08-09,24371.1,24374.9,24356.9,24360.75,13:25:00,24353.7731139516,4,51
2024-08-09,24371.65,24374.05,24362.65,24371.65,13:30:00,24355.47567452764,4,52
2024-08-09,24351.6,24371.25,24350.25,24370.8,13:35:00,24355.106562667865,4,53
2024-08-09,24361.1,24366.4,24350.6,24350.6,13:40:00,24355.677366223303,4,54
2024-08-09,24363.35,24370.3,24360.2,24361.1,13:45:00,24356.40809324965,4,55
2024-08-09,24363.9,24367.05,24357.05,24363.3,13:50:00,24357.121608178262,4,56
2024-08-09,24364.75,24370.5,24357.4,24362.85,13:55:00,24357.848121685096,4,57
2024-08-09,24376.5,24381.2,24365.8,24367.15,14:00:00,24359.62449104842,4,58
2024-08-09,24381.65,24387.2,24375.4,24377.6,14:05:00,24361.722158567616,4,59
2024-08-09,24386.45,24389.6,24376.55,24381.15,14:10:00,24364.077191084987,4,60
2024-08-09,24372.4,24389.25,24368.8,24384.7,14:15:00,24364.869839553085,4,61
2024-08-09,24371.65,24377.85,24365.1,24371.45,14:20:00,24365.51556911946,4,62
2024-08-09,24365.4,24373.65,24365.1,24371.1,14:25:00,24365.50456253665,4,63
2024-08-09,24359.2,24368.65,24353.85,24365.6,14:30:00,24364.904128009355,4,64
2024-08-09,24361.55,24364.65,24354.7,24358.95,14:35:00,24364.584687246563,4,65
2024-08-09,24366.35,24374.4,24359.9,24363.85,14:40:00,24364.752812270697,4,66
2024-08-09,24372.9,24374.0,24362.35,24366.05,14:45:00,24365.528734911582,4,67
2024-08-09,24369.4,24374.75,24366.6,24372.5,14:50:00,24365.89742682477,4,68
2024-08-09,24377.4,24377.5,24360.2,24368.9,14:55:00,24366.99290998432,4,69
2024-08-09,24367.8,24374.85,24363.7,24374.55,15:00:00,24367.069775700093,4,70
2024-08-09,24377.25,24379.3,24363.15,24367.0,15:05:00,24368.03932087151,4,71
2024-08-09,24371.05,24385.9,24363.95,24377.2,15:10:00,24368.32605221708,4,72
2024-08-09,24363.5,24373.85,24357.95,24373.85,15:15:00,24367.866428196405,4,73
2024-08-09,24373.65,24374.15,24356.95,24362.7,15:20:00,24368.41724455865,4,74
2024-08-09,24364.4,24374.4,24358.15,24374.0,15:25:00,24368.03464983878,4,75
2024-08-12,24268.7,24321.0,24262.45,24317.9,09:15:00,24354.43947526485,0,1
2024-08-12,24295.8,24322.55,24260.75,24268.3,09:20:00,24348.85476333487,0,2
2024-08-12,24274.7,24303.15,24266.35,24298.1,09:25:00,24341.792404922024,0,3
2024-08-12,24289.65,24302.05,24269.65,24274.45,09:30:00,24336.82646159612,0,4
2024-08-12,24281.95,24299.55,24276.5,24288.45,09:35:00,24331.60013192029,0,5
2024-08-12,24274.2,24291.85,24273.25,24280.4,09:40:00,24326.133452689788,0,6
2024-08-12,24253.85,24278.65,24247.95,24274.95,09:45:00,24319.249314338376,0,7
2024-08-12,24229.45,24253.8,24226.75,24253.8,09:50:00,24310.6969986871,0,8
2024-08-12,24223.4,24237.4,24212.3,24228.65,09:55:00,24302.38299881214,0,9
2024-08-12,24242.4,24243.1,24219.25,24223.05,10:00:00,24296.670332258604,0,10
2024-08-12,24256.75,24266.65,24225.95,24242.1,10:05:00,24292.868395853024,0,11
2024-08-12,24252.15,24260.95,24237.9,24256.8,10:10:00,24288.99045339083,0,12
2024-08-12,24297.75,24298.3,24252.15,24252.8,10:15:00,24289.824695925035,0,13
2024-08-12,24295.0,24304.6,24285.85,24296.55,10:20:00,24290.31758202741,0,14
2024-08-12,24290.85,24297.05,24286.9,24295.1,10:25:00,24290.368288500995,0,15
2024-08-12,24298.7,24308.35,24290.2,24291.05,10:30:00,24291.16178483424,0,16
2024-08-12,24320.2,24322.5,24297.05,24298.65,10:35:00,24293.92732913574,0,17
2024-08-12,24351.55,24353.55,24320.5,24320.75,10:40:00,24299.415202551383,0,18
2024-08-12,24350.5,24359.85,24341.15,24351.55,10:45:00,24304.28042135601,0,19
2024-08-12,24362.35,24367.3,24338.85,24350.8,10:50:00,24309.810857417346,0,20
2024-08-12,24400.3,24405.85,24357.0,24361.3,10:55:00,24318.42887099665,0,21
2024-08-12,24381.5,24411.2,24381.15,24400.75,11:00:00,24324.43564518744,0,22
2024-08-12,24400.7,24402.45,24381.25,24381.25,11:05:00,24331.698917074355,0,23
2024-08-12,24434.8,24435.05,24397.95,24401.65,11:10:00,24341.51806782918,0,24
2024-08-12,24460.6,24467.35,24426.55,24434.65,11:15:00,24352.8592042264,0,25
2024-08-12,24459.65,24472.7,24452.9,24461.65,11:20:00,24363.02975620484,0,26
2024-08-12,24450.45,24461.05,24423.3,24460.25,11:25:00,24371.35549370914,0,27
2024-08-12,24457.15,24466.45,24449.6,24452.0,11:30:00,24379.52639907017,0,28
2024-08-12,24429.5,24457.6,24423.4,24456.15,11:35:00,24384.285789634923,0,29
2024-08-12,24415.9,24432.5,24409.2,24429.55,11:40:00,24387.29666681255,0,30
2024-08-12,24420.25,24432.4,24415.75,24416.1,11:45:00,24390.435079497067,0,31
2024-08-12,24408.2,24421.85,24404.1,24419.55,11:50:00,24392.12697668782,0,32
2024-08-12,24418.25,24431.1,24408.25,24408.35,11:55:00,24394.61488366993,0,33
2024-08-12,24420.35,24426.3,24409.35,24418.7,12:00:00,24397.06584712994,0,34
2024-08-12,24413.0,24423.85,24412.3,24421.65,12:05:00,24398.58338549852,0,35
2024-08-12,24388.1,24415.65,24387.25,24413.05,12:10:00,24397.584967832,0,36
2024-08-12,24406.8,24409.85,24388.15,24388.75,12:15:00,24398.462589943232,0,37
2024-08-12,24403.95,24409.05,24396.3,24406.0,12:20:00,24398.98520042483,0,38
2024-08-12,24391.5,24405.5,24382.4,24404.35,12:25:00,24398.27232419389,0,39
2024-08-12,24406.0,24407.2,24380.55,24392.05,12:30:00,24399.00829331829,0,40
2024-08-12,24419.55,24425.15,24404.8,24405.55,12:35:00,24400.9646463356,0,41
2024-08-12,24427.1,24429.1,24417.3,24419.65,12:40:00,24403.453727636967,0,42
2024-08-12,24434.15,24436.45,24419.75,24427.1,12:45:00,24406.37718214773,0,43
2024-08-12,24415.9,24435.4,24411.05,24433.45,12:50:00,24407.28411718128,0,44
2024-08-12,24402.8,24421.1,24400.1,24416.75,12:55:00,24406.85705840211,0,45
2024-08-12,24425.55,24439.1,24403.05,24406.15,13:00:00,24408.63733855429,0,46
2024-08-12,24411.05,24426.65,24406.2,24426.65,13:05:00,24408.86711583484,0,47
2024-08-12,24404.65,24415.7,24400.2,24410.8,13:10:00,24408.465485755325,0,48
2024-08-12,24401.75,24408.1,24398.55,24404.4,13:15:00,24407.82591568339,0,49
2024-08-12,24412.8,24414.7,24392.75,24402.6,13:20:00,24408.29963799925,0,50
2024-08-12,24415.3,24417.15,24400.1,24412.85,13:25:00,24408.966339142185,0,51
2024-08-12,24415.9,24421.95,24411.95,24415.55,13:30:00,24409.626687795306,0,52
2024-08-12,24419.15,24419.9,24409.5,24416.15,13:35:00,24410.53366991004,0,53
2024-08-12,24419.65,24422.55,24412.95,24419.25,13:40:00,24411.401891823367,0,54
2024-08-12,24421.8,24426.4,24415.1,24420.1,13:45:00,24412.39218784019,0,55
2024-08-12,24425.0,24432.65,24418.0,24422.4,13:50:00,24413.59293185541,0,56
2024-08-12,24423.75,24429.15,24415.6,24424.2,13:55:00,24414.560271678703,0,57
2024-08-12,24425.6,24433.25,24421.0,24423.35,14:00:00,24415.61167437597,0,58
2024-08-12,24436.75,24443.7,24421.0,24425.6,14:05:00,24417.624848244926,0,59
2024-08-12,24435.3,24444.35,24429.65,24436.75,14:10:00,24419.308196031125,0,60
2024-08-12,24420.7,24440.55,24420.15,24434.7,14:15:00,24419.440748790064,0,61
2024-08-12,24403.7,24421.65,24395.85,24419.35,14:20:00,24417.94162985768,0,62
2024-08-12,24407.9,24411.3,24398.05,24403.6,14:25:00,24416.98528415695,0,63
2024-08-12,24404.55,24412.2,24393.35,24406.4,14:30:00,24415.800971380097,0,64
2024-08-12,24409.6,24411.9,24393.65,24404.6,14:35:00,24415.210402677232,0,65
2024-08-12,24412.75,24417.1,24400.15,24409.1,14:40:00,24414.976078612734,0,66
2024-08-12,24411.2,24429.35,24408.15,24414.65,14:45:00,24414.61645207819,0,67
2024-08-12,24360.1,24420.0,24353.45,24411.85,14:50:00,24409.42440902312,0,68
2024-08-12,24349.0,24373.7,24349.0,24359.25,14:55:00,24403.66970340188,0,69
2024-08-12,24338.2,24355.75,24302.4,24350.8,15:00:00,24397.43449355408,0,70
2024-08-12,24342.8,24356.7,24335.05,24341.75,15:05:00,24392.23120845369,0,71
2024-08-12,24345.7,24353.5,24333.9,24343.55,15:10:00,24387.79966479144,0,72
2024-08-12,24359.15,24363.55,24347.95,24347.95,15:15:00,24385.07112528749,0,73
2024-08-12,24358.95,24365.35,24355.5,24362.1,15:20:00,24382.58339906964,0,74
2024-08-12,24348.8,24359.75,24340.9,24358.6,15:25:00,24379.36593249157,0,75
2024-08-13,24330.45,24352.3,24316.55,24351.05,09:15:00,24371.51769076975,1,1
2024-08-13,24332.75,24351.05,24309.45,24328.0,09:20:00,24367.82552974406,1,2
2024-08-13,24324.15,24344.1,24318.05,24332.55,09:25:00,24363.66595548272,1,3
2024-08-13,24320.4,24340.4,24315.4,24322.15,09:30:00,24359.54538829389,1,4
2024-08-13,24309.0,24328.05,24300.0,24321.2,09:35:00,24354.73154178971,1,5
2024-08-13,24339.85,24354.1,24307.35,24308.9,09:40:00,24353.314252095453,1,6
2024-08-13,24345.25,24358.0,24335.55,24340.15,09:45:00,24352.54622808636,1,7
2024-08-13,24328.9,24349.8,24323.2,24345.65,09:50:00,24350.29420636385,1,8
2024-08-13,24315.75,24329.15,24306.0,24328.15,09:55:00,24347.004281948244,1,9
2024-08-13,24334.35,24336.05,24309.95,24314.35,10:00:00,24345.79911223889,1,10
2024-08-13,24324.1,24341.95,24313.45,24333.3,10:05:00,24343.7325301209,1,11
2024-08-13,24330.1,24333.7,24322.55,24324.3,10:10:00,24342.43419391891,1,12
2024-08-13,24313.7,24334.25,24313.05,24329.7,10:15:00,24339.69760402187,1,13
2024-08-13,24298.25,24318.55,24292.05,24314.55,10:20:00,24335.75021316265,1,14
2024-08-13,24295.65,24310.65,24294.95,24297.8,10:25:00,24331.9311452424,1,15
2024-08-13,24293.95,24298.8,24277.75,24295.85,10:30:00,24328.313893314546,1,16
2024-08-13,24302.75,24311.95,24294.1,24294.9,10:35:00,24325.8792368084,1,17
2024-08-13,24296.85,24304.1,24289.8,24301.6,10:40:00,24323.11454758856,1,18
2024-08-13,24308.2,24313.4,24294.6,24296.35,10:45:00,24321.69411448488,1,19
2024-08-13,24313.8,24317.95,24305.7,24307.75,10:50:00,24320.94229405775,1,20
2024-08-13,24309.95,24314.3,24300.2,24313.65,10:55:00,24319.8954089094,1,21
2024-08-13,24296.95,24315.5,24296.75,24308.4,11:00:00,24317.710131870404,1,22
2024-08-13,24296.0,24300.45,24290.95,24296.35,11:05:00,24315.6425002637,1,23
2024-08-13,24313.35,24314.65,24294.25,24295.4,11:10:00,24315.424166905254,1,24
2024-08-13,24314.85,24315.5,24303.25,24312.35,11:15:00,24315.36948434285,1,25
2024-08-13,24310.85,24321.55,24307.0,24314.25,11:20:00,24314.93905726257,1,26
2024-08-13,24326.9,24328.15,24305.55,24310.95,11:25:00,24316.07819466614,1,27
2024-08-13,24312.95,24329.3,24312.2,24326.85,11:30:00,24315.780271364605,1,28
2024-08-13,24321.8,24324.8,24311.35,24312.75,11:35:00,24316.35357885369,1,29
2024-08-13,24311.8,24323.05,24306.2,24321.4,11:40:00,24315.91990467715,1,30
2024-08-13,24315.15,24316.9,24304.8,24311.5,11:45:00,24315.846580422185,1,31
2024-08-13,24326.1,24326.9,24313.95,24314.8,11:50:00,24316.82309657245,1,32
2024-08-13,24323.7,24330.15,24321.0,24324.95,11:55:00,24317.478039756028,1,33
2024-08-13,24286.05,24327.65,24284.55,24322.8,12:00:00,24314.4848931126,1,34
2024-08-13,24292.25,24296.35,24268.8,24285.6,12:05:00,24312.36728424473,1,35
2024-08-13,24296.0,24302.45,24291.55,24291.7,12:10:00,24310.808495269044,1,36
2024-08-13,24291.0,24297.6,24280.45,24296.65,12:15:00,24308.921971910087,1,37
2024-08-13,24278.1,24294.15,24276.05,24291.0,12:20:00,24305.98654601389,1,38
2024-08-13,24286.15,24289.0,24275.5,24277.5,12:25:00,24304.097351155426,1,39
2024-08-13,24259.2,24287.95,24252.1,24285.55,12:30:00,24299.82141295015,1,40
2024-08-13,24267.5,24271.2,24253.8,24258.9,12:35:00,24296.743183145376,1,41
2024-08-13,24255.45,24271.1,24252.15,24267.75,12:40:00,24292.81049903629,1,42
2024-08-13,24237.9,24256.85,24218.45,24253.9,12:45:00,24287.5809276995,1,43
2024-08-13,24239.65,24252.8,24234.75,24238.5,12:50:00,24283.016077442404,1,44
2024-08-13,24234.3,24248.6,24233.9,24239.45,12:55:00,24278.37645101932,1,45
2024-08-13,24209.5,24243.3,24205.4,24233.45,13:00:00,24271.81678901748,1,46
2024-08-13,24223.85,24236.05,24205.25,24210.1,13:05:00,24267.248523396767,1,47
2024-08-13,24238.1,24238.8,24217.35,24222.55,13:10:00,24264.472473549453,1,48
2024-08-13,24248.3,24250.3,24235.65,24237.35,13:15:00,24262.93223797332,1,49
2024-08-13,24244.8,24248.35,24233.95,24247.25,13:20:00,24261.20535816633,1,50
2024-08-13,24246.3,24251.15,24241.7,24244.4,13:25:00,24259.78580024573,1,51
2024-08-13,24253.85,24257.3,24244.15,24246.05,13:30:00,24259.22048593661,1,52
2024-08-13,24242.55,24253.75,24230.5,24253.1,13:35:00,24257.63282060932,1,53
2024-08-13,24198.9,24244.6,24196.1,24242.3,13:40:00,24252.03921864652,1,54
2024-08-13,24197.1,24207.6,24186.3,24197.45,13:45:00,24246.80691210876,1,55
2024-08-13,24183.95,24197.4,24176.7,24196.7,13:50:00,24240.82053952697,1,56
2024-08-13,24159.7,24187.3,24157.75,24183.8,13:55:00,24233.09477385773,1,57
2024-08-13,24150.05,24176.9,24148.25,24159.5,14:00:00,24225.18574777605,1,58
2024-08-13,24120.3,24149.4,24120.3,24149.4,14:05:00,24215.19662894024,1,59
2024-08-13,24152.9,24156.2,24117.2,24122.15,14:10:00,24209.263616660213,1,60
2024-08-13,24149.25,24156.6,24131.25,24151.7,14:15:00,24203.548034121148,1,61
2024-08-13,24158.9,24165.65,24143.8,24149.55,14:20:00,24199.295840395323,1,62
2024-08-13,24170.9,24177.95,24148.85,24158.25,14:25:00,24196.59147464339,1,63
2024-08-13,24147.95,24176.75,24132.8,24170.9,14:30:00,24191.95895324878,1,64
2024-08-13,24153.75,24162.2,24147.05,24147.6,14:35:00,24188.320005320325,1,65
2024-08-13,24142.5,24153.95,24138.95,24153.5,14:40:00,24183.95619528982,1,66
2024-08-13,24131.7,24150.1,24127.9,24144.6,14:45:00,24178.979414786027,1,67
2024-08-13,24150.85,24155.7,24126.35,24130.85,14:50:00,24176.30042290164,1,68
2024-08-13,24127.95,24151.3,24121.6,24150.2,14:55:00,24171.695620720533,1,69
2024-08-13,24150.2,24164.9,24128.65,24128.65,15:00:00,24169.64841874715,1,70
2024-08-13,24155.5,24156.75,24140.35,24150.85,15:05:00,24168.30095029504,1,71
2024-08-13,24122.9,24156.45,24122.9,24155.6,15:10:00,24163.97705026694,1,72
2024-08-13,24131.9,24142.8,24119.35,24124.15,15:15:00,24160.922093098663,1,73
2024-08-13,24135.4,24144.2,24127.1,24130.05,15:20:00,24158.491417565456,1,74
2024-08-13,24141.2,24141.3,24127.75,24137.15,15:25:00,24156.84461589256,1,75
2024-08-14,24149.45,24194.0,24133.7,24184.4,09:15:00,24158.514753599124,2,1
2024-08-14,24146.35,24167.35,24130.8,24150.55,09:20:00,24157.356205637305,2,2
2024-08-14,24135.75,24151.9,24134.15,24146.7,09:25:00,24155.298471767084,2,3
2024-08-14,24129.5,24138.35,24111.4,24135.3,09:30:00,24152.84147445593,2,4
2024-08-14,24117.85,24135.9,24100.15,24129.95,09:35:00,24149.50895307918,2,5
2024-08-14,24129.05,24131.55,24114.8,24119.2,09:40:00,24147.560481357355,2,6
2024-08-14,24156.6,24174.4,24128.35,24128.35,09:45:00,24148.42138789475,2,7
2024-08-14,24114.65,24172.35,24114.25,24157.05,09:50:00,24145.205065238108,2,8
2024-08-14,24113.4,24121.6,24109.9,24115.25,09:55:00,24142.176011405907,2,9
2024-08-14,24143.0,24146.65,24113.3,24113.3,10:00:00,24142.254486510104,2,10
2024-08-14,24141.65,24145.25,24130.15,24141.55,10:05:00,24142.196916366287,2,11
2024-08-14,24147.65,24153.3,24138.2,24141.8,10:10:00,24142.71625766473,2,12
2024-08-14,24161.55,24171.35,24138.2,24147.35,10:15:00,24144.50994741095,2,13
2024-08-14,24150.8,24164.05,24140.35,24161.55,10:20:00,24145.10900003848,2,14
2024-08-14,24141.65,24151.1,24138.55,24150.9,10:25:00,24144.779571463383,2,15
2024-08-14,24153.9,24156.8,24137.5,24140.85,10:30:00,24145.648183704965,2,16
2024-08-14,24158.6,24165.55,24152.9,24153.35,10:35:00,24146.881690018778,2,17
2024-08-14,24167.55,24170.55,24156.0,24158.75,10:40:00,24148.850100493182,2,18
2024-08-14,24159.1,24169.7,24156.1,24167.7,10:45:00,24149.8262813986,2,19
2024-08-14,24148.45,24160.5,24146.4,24158.55,10:50:00,24149.69520697968,2,20
2024-08-14,24133.45,24149.15,24127.7,24149.15,10:55:00,24148.148044410187,2,21
2024-08-14,24123.65,24144.25,24123.6,24133.3,11:00:00,24145.814897323504,2,22
2024-08-14,24127.2,24129.6,24118.3,24123.5,11:05:00,24144.04204995936,2,23
2024-08-14,24135.45,24147.15,24124.85,24126.55,11:10:00,24143.22375948704,2,24
2024-08-14,24130.75,24143.55,24129.75,24135.45,11:15:00,24142.035782393035,2,25
2024-08-14,24137.3,24141.9,24127.15,24130.1,11:20:00,24141.58475549846,2,26
2024-08-14,24151.1,24151.1,24136.1,24137.2,11:25:00,24142.49096926051,2,27
2024-08-14,24154.5,24156.2,24143.1,24150.95,11:30:00,24143.6346864738,2,28
2024-08-14,24137.2,24155.15,24135.55,24154.0,11:35:00,24143.02185919058,2,29
2024-08-14,24136.15,24141.25,24127.15,24136.55,11:40:00,24142.36739641053,2,30
2024-08-14,24134.65,24139.3,24131.65,24136.45,11:45:00,24141.63240627619,2,31
2024-08-14,24145.2,24147.4,24134.3,24134.8,11:50:00,24141.97217710703,2,32
2024-08-14,24147.95,24155.8,24143.65,24143.95,11:55:00,24142.541493573022,2,33
2024-08-14,24147.0,24153.35,24144.15,24147.25,12:00:00,24142.96611323274,2,34
2024-08-14,24160.25,24162.45,24146.5,24146.5,12:05:00,24144.612197686765,2,35
2024-08-14,24164.8,24166.05,24150.65,24160.5,12:10:00,24146.534845526123,2,36
2024-08-14,24159.15,24166.15,24155.1,24164.85,12:15:00,24147.73628880935,2,37
2024-08-14,24159.0,24161.5,24149.95,24158.9,12:20:00,24148.809023208458,2,38
2024-08-14,24158.95,24164.3,24155.25,24159.25,12:25:00,24149.774830521936,2,39
2024-08-14,24155.5,24160.65,24150.6,24158.25,12:30:00,24150.320084757943,2,40
2024-08-14,24156.65,24160.05,24145.45,24154.7,12:35:00,24150.922933828617,2,41
2024-08-14,24156.9,24162.4,24148.0,24156.05,12:40:00,24151.492178225893,2,42
2024-08-14,24164.25,24165.25,24155.0,24157.2,12:45:00,24152.707208871045,2,43
2024-08-14,24188.6,24189.05,24160.6,24164.4,12:50:00,24156.125569930948,2,44
2024-08-14,24190.9,24192.95,24180.35,24187.1,12:55:00,24159.43742041372,2,45
2024-08-14,24177.55,24194.35,24171.45,24188.55,13:00:00,24161.16242799336,2,46
2024-08-14,24182.45,24183.35,24173.3,24177.55,13:05:00,24163.189815803515,2,47
2024-08-14,24179.35,24191.45,24174.6,24183.65,13:10:00,24164.728880965085,2,48
2024-08-14,24163.5,24179.85,24161.1,24178.55,13:15:00,24164.61184468269,2,49
2024-08-14,24155.85,24164.65,24151.15,24162.8,13:20:00,24163.77738328434,2,50
2024-08-14,24159.45,24161.55,24147.4,24155.6,13:25:00,24163.36525154298,2,51
2024-08-14,24154.25,24165.95,24149.85,24159.65,13:30:00,24162.49713234841,2,52
2024-08-14,24161.35,24164.95,24151.15,24153.2,13:35:00,24162.38788164856,2,53
2024-08-14,24162.6,24169.25,24160.8,24164.7,13:40:00,24162.40808339632,2,54
2024-08-14,24165.15,24166.65,24156.65,24162.75,13:45:00,24162.669218310955,2,55
2024-08-14,24156.0,24165.25,24153.0,24164.55,13:50:00,24162.034054662294,2,56
2024-08-14,24156.95,24158.4,24145.6,24155.5,13:55:00,24161.54985898017,2,57
2024-08-14,24161.9,24166.65,24154.95,24156.5,14:00:00,24161.58320574396,2,58
2024-08-14,24166.45,24167.7,24156.6,24162.25,14:05:00,24162.04670995882,2,59
2024-08-14,24170.75,24176.8,24162.45,24165.45,14:10:00,24162.875594724646,2,60
2024-08-14,24173.5,24177.75,24166.4,24171.25,14:15:00,24163.88744284611,2,61
2024-08-14,24163.9,24173.3,24159.45,24172.5,14:20:00,24163.88863876553,2,62
2024-08-14,24156.0,24165.75,24152.9,24163.2,14:25:00,24163.13733983548,2,63
2024-08-14,24162.2,24162.5,24154.0,24156.5,14:30:00,24163.048069374952,2,64
2024-08-14,24141.85,24163.6,24138.7,24161.75,14:35:00,24161.02920562496,2,65
2024-08-14,24141.8,24144.55,24127.5,24142.6,14:40:00,24159.197852708294,2,66
2024-08-14,24142.25,24147.65,24138.7,24142.0,14:45:00,24157.58377149798,2,67
2024-08-14,24156.0,24157.65,24133.7,24141.25,14:50:00,24157.432936117217,2,68
2024-08-14,24136.5,24155.3,24129.35,24154.45,14:55:00,24155.439323153674,2,69
2024-08-14,24150.6,24152.15,24121.85,24136.2,15:00:00,24154.97843523428,2,70
2024-08-14,24145.7,24151.15,24138.45,24151.15,15:05:00,24154.09477473577,2,71
2024-08-14,24133.0,24147.95,24133.0,24145.6,15:10:00,24152.085748570466,2,72
2024-08-14,24148.6,24149.45,24129.65,24135.55,15:15:00,24151.75377251613,2,73
2024-08-14,24150.65,24157.3,24146.55,24149.85,15:20:00,24151.64865132412,2,74
2024-08-14,24143.7,24157.15,24139.35,24151.0,15:25:00,24150.8916369123,2,75
2024-08-16,24342.4,24344.5,24311.45,24332.15,09:15:00,24184.98181615724,4,1
2024-08-16,24393.35,24395.6,24339.85,24342.4,09:20:00,24204.82640509464,4,2
2024-08-16,24385.65,24403.25,24383.45,24392.25,09:25:00,24222.04769984753,4,3
2024-08-16,24391.65,24396.1,24373.45,24385.3,09:30:00,24238.200299862056,4,4
2024-08-16,24374.75,24398.55,24348.1,24389.7,09:35:00,24251.205033208527,4,5
2024-08-16,24335.35,24374.4,24315.25,24374.4,09:40:00,24259.21883956962,4,6
2024-08-16,24333.1,24344.15,24317.0,24337.75,09:45:00,24266.255140563,4,7
2024-08-16,24305.45,24335.35,24287.45,24333.25,09:50:00,24269.987984318897,4,8
2024-08-16,24300.15,24325.7,24294.75,24304.75,09:55:00,24272.860557240907,4,9
2024-08-16,24319.15,24319.15,24275.3,24299.1,10:00:00,24277.26907559892,4,10
2024-08-16,24298.65,24319.6,24287.8,24319.05,10:05:00,24279.30535411331,4,11
2024-08-16,24295.0,24302.45,24286.25,24297.0,10:10:00,24280.800082293,4,12
2024-08-16,24282.5,24306.65,24276.85,24293.7,10:15:00,24280.96197921747,4,13
2024-08-16,24280.35,24287.55,24268.35,24282.1,10:20:00,24280.90369548248,4,14
2024-08-16,24238.95,24284.15,24234.0,24279.95,10:25:00,24276.908105436523,4,15
2024-08-16,24226.85,24241.9,24205.2,24241.05,10:30:00,24272.14066682352,4,16
2024-08-16,24244.0,24246.65,24225.3,24227.8,10:35:00,24269.46060331652,4,17
2024-08-16,24258.05,24258.65,24228.95,24242.45,10:40:00,24268.37387919114,4,18
2024-08-16,24270.85,24272.05,24245.3,24257.1,10:45:00,24268.60970022056,4,19
2024-08-16,24263.7,24274.9,24256.3,24271.6,10:50:00,24268.14210972336,4,20
2024-08-16,24256.9,24264.75,24242.7,24263.65,10:55:00,24267.07143260685,4,21
2024-08-16,24258.85,24261.7,24247.6,24257.45,11:00:00,24266.288439025244,4,22
2024-08-16,24230.6,24258.8,24226.4,24258.5,11:05:00,24262.88954007046,4,23
2024-08-16,24234.35,24247.6,24229.85,24231.8,11:10:00,24260.171488635177,4,24
2024-08-16,24239.5,24243.8,24227.85,24233.9,11:15:00,24258.202775431822,4,25
2024-08-16,24244.6,24252.3,24238.0,24239.65,11:20:00,24256.907273009747,4,26
2024-08-16,24313.9,24319.95,24245.1,24245.2,11:25:00,24262.335151770727,4,27
2024-08-16,24326.0,24339.95,24312.9,24313.3,11:30:00,24268.398470649707,4,28
2024-08-16,24312.0,24328.9,24303.75,24327.85,11:35:00,24272.550997254497,4,29
2024-08-16,24333.15,24334.4,24311.65,24311.65,11:40:00,24278.322330849307,4,30
2024-08-16,24361.0,24369.75,24330.65,24331.95,11:45:00,24286.196394577943,4,31
2024-08-16,24362.35,24368.05,24349.05,24360.65,11:50:00,24293.449118903853,4,32
2024-08-16,24385.85,24388.75,24350.35,24361.8,11:55:00,24302.249202817773,4,33
2024-08-16,24405.4,24406.8,24375.7,24385.1,12:00:00,24312.0730882637,4,34
2024-08-16,24436.85,24440.1,24407.6,24408.45,12:05:00,24323.95660366716,4,35
2024-08-16,24419.8,24440.3,24417.65,24437.35,12:10:00,24333.084546175047,4,36
2024-08-16,24406.6,24429.75,24405.8,24419.95,12:15:00,24340.0860179679,4,37
2024-08-16,24394.65,24415.5,24389.2,24406.5,12:20:00,24345.282587685244,4,38
2024-08-16,24409.3,24412.15,24395.2,24395.25,12:25:00,24351.37948409617,4,39
2024-08-16,24422.3,24438.15,24408.4,24409.05,12:30:00,24358.13381894416,4,40
2024-08-16,24445.25,24448.9,24420.7,24422.55,12:35:00,24366.43059809234,4,41
2024-08-16,24434.3,24451.2,24431.75,24445.75,12:40:00,24372.894350654973,4,42
2024-08-16,24426.95,24439.0,24413.35,24434.85,12:45:00,24378.04250773545,4,43
2024-08-16,24428.05,24432.95,24421.6,24427.25,12:50:00,24382.80512604636,4,44
2024-08-16,24427.65,24435.8,24419.6,24427.5,12:55:00,24387.0760664229,4,45
2024-08-16,24452.9,24458.95,24426.9,24427.1,13:00:00,24393.345012477857,4,46
2024-08-16,24446.6,24456.35,24440.5,24452.85,13:05:00,24398.4169160514,4,47
2024-08-16,24442.8,24452.5,24435.25,24447.15,13:10:00,24402.64387642745,4,48
2024-08-16,24456.2,24456.8,24442.1,24442.4,13:15:00,24407.74445962484,4,49
2024-08-16,24445.05,24455.05,24430.7,24453.85,13:20:00,24411.297368232,4,50
2024-08-16,24438.05,24455.05,24427.65,24444.1,13:25:00,24413.84523792419,4,51
2024-08-16,24446.2,24446.9,24434.7,24437.3,13:30:00,24416.926643836174,4,52
2024-08-16,24454.1,24455.65,24443.55,24445.4,13:35:00,24420.466963470823,4,53
2024-08-16,24466.0,24469.85,24452.2,24454.2,13:40:00,24424.80344314027,4,54
2024-08-16,24481.9,24495.15,24462.55,24465.25,13:45:00,24430.241210460248,4,55
2024-08-16,24481.9,24492.95,24480.3,24483.05,13:50:00,24435.16109517832,4,56
2024-08-16,24481.8,24483.95,24466.85,24481.4,13:55:00,24439.602895637527,4,57
2024-08-16,24491.2,24499.45,24481.4,24481.7,14:00:00,24444.51690557681,4,58
2024-08-16,24507.6,24508.6,24486.95,24492.2,14:05:00,24450.5248193314,4,59
2024-08-16,24516.0,24517.75,24499.4,24507.1,14:10:00,24456.760550823645,4,60
2024-08-16,24508.2,24516.7,24502.6,24514.95,14:15:00,24461.659545983297,4,61
2024-08-16,24510.0,24515.9,24488.05,24508.5,14:20:00,24466.2633987468,4,62
2024-08-16,24506.15,24514.1,24500.45,24508.5,14:25:00,24470.06212267567,4,63
2024-08-16,24483.35,24508.0,24482.4,24507.2,14:30:00,24471.3276348018,4,64
2024-08-16,24491.05,24508.15,24483.35,24483.35,14:35:00,24473.205955296864,4,65
2024-08-16,24481.05,24491.0,24473.25,24490.65,14:40:00,24473.95300717336,4,66
2024-08-16,24490.0,24498.5,24477.5,24482.0,14:45:00,24475.481292204466,4,67
2024-08-16,24511.15,24513.5,24489.35,24490.95,14:50:00,24478.87831199452,4,68
2024-08-16,24513.65,24517.75,24501.4,24510.55,14:55:00,24482.189901328376,4,69
2024-08-16,24542.4,24545.6,24507.75,24513.2,15:00:00,24487.924196439963,4,70
2024-08-16,24556.3,24556.3,24524.4,24541.25,15:05:00,24494.4361777314,4,71
2024-08-16,24554.35,24563.45,24545.0,24554.4,15:10:00,24500.14225604269,4,72
2024-08-16,24550.75,24561.3,24547.75,24554.15,15:15:00,24504.962041181483,4,73
2024-08-16,24543.8,24550.9,24541.9,24549.4,15:20:00,24508.660894402296,4,74
2024-08-16,24539.2,24548.25,24537.45,24543.3,15:25:00,24511.569380649697,4,75
2024-08-19,24612.0,24638.25,24601.35,24630.55,09:15:00,24531.886273048844,0,1
2024-08-19,24597.4,24616.1,24593.85,24607.9,09:20:00,24538.12567561562,0,2
2024-08-19,24581.1,24600.05,24578.3,24597.85,09:25:00,24542.21846841413,0,3
2024-08-19,24602.9,24614.7,24582.5,24582.5,09:30:00,24547.997661898506,0,4
2024-08-19,24600.6,24608.85,24588.05,24601.25,09:35:00,24553.00740838436,0,5
2024-08-19,24615.9,24625.95,24600.2,24601.35,09:40:00,24558.99717901442,0,6
2024-08-19,24605.5,24625.05,24602.7,24615.35,09:45:00,24563.426019108287,0,7
2024-08-19,24571.8,24605.1,24570.5,24604.45,09:50:00,24564.223541097974,0,8
2024-08-19,24585.25,24585.7,24566.3,24571.3,09:55:00,24566.22606099341,0,9
2024-08-19,24587.1,24601.7,24575.9,24584.2,10:00:00,24568.214055184508,0,10
2024-08-19,24591.1,24602.1,24579.5,24587.25,10:05:00,24570.39366897646,0,11
2024-08-19,24580.45,24595.9,24573.4,24590.55,10:10:00,24571.351414788227,0,12
2024-08-19,24574.45,24590.2,24564.4,24579.1,10:15:00,24571.64651814173,0,13
2024-08-19,24563.7,24579.25,24560.15,24574.6,10:20:00,24570.88970689014,0,14
2024-08-19,24558.0,24566.85,24542.15,24563.05,10:25:00,24569.662115757743,0,15
2024-08-19,24555.35,24583.1,24551.75,24557.5,10:30:00,24568.299057114145,0,16
2024-08-19,24556.0,24568.35,24552.0,24555.35,10:35:00,24567.12771834137,0,17
2024-08-19,24565.4,24570.45,24548.5,24555.75,10:40:00,24566.96317373743,0,18
2024-08-19,24556.5,24570.6,24545.75,24565.1,10:45:00,24565.966681000533,0,19
2024-08-19,24549.0,24559.9,24543.05,24556.3,10:50:00,24564.350806619528,0,20
2024-08-19,24552.5,24561.8,24548.35,24548.35,10:55:00,24563.22215837005,0,21
2024-08-19,24538.3,24558.15,24523.55,24551.65,11:00:00,24560.848619477663,0,22
2024-08-19,24531.1,24546.95,24527.0,24539.55,11:05:00,24558.01541762265,0,23
2024-08-19,24543.95,24544.6,24527.6,24530.75,11:10:00,24556.67585403954,0,24
2024-08-19,24571.65,24576.9,24542.7,24544.45,11:15:00,24558.10196317864,0,25
2024-08-19,24574.15,24588.05,24570.1,24571.8,11:20:00,24559.630347637813,0,26
2024-08-19,24585.55,24585.55,24571.25,24574.45,11:25:00,24562.09888595802,0,27
2024-08-19,24585.2,24595.85,24581.3,24586.35,11:30:00,24564.29899205725,0,28
2024-08-19,24584.2,24598.0,24579.2,24585.75,11:35:00,24566.19432614704,0,29
2024-08-19,24583.05,24593.7,24578.15,24584.2,11:40:00,24567.79962841875,0,30
2024-08-19,24579.55,24588.4,24570.95,24583.45,11:45:00,24568.91871142649,0,31
2024-08-19,24588.5,24588.8,24574.6,24579.75,11:50:00,24570.783596052537,0,32
2024-08-19,24593.9,24596.0,24586.35,24588.35,11:55:00,24572.98515833325,0,33
2024-08-19,24583.6,24596.65,24569.15,24594.0,12:00:00,24573.996095634844,0,34
2024-08-19,24575.65,24585.55,24575.05,24583.45,12:05:00,24574.15361033629,0,35
2024-08-19,24570.0,24578.2,24561.15,24578.2,12:10:00,24573.7580283995,0,36
2024-08-19,24575.25,24579.95,24567.25,24569.7,12:15:00,24573.90012093288,0,37
2024-08-19,24566.65,24578.95,24557.2,24574.15,12:20:00,24573.20963322499,0,38
2024-08-19,24556.6,24568.0,24556.3,24566.8,12:25:00,24571.62776339404,0,39
2024-08-19,24565.85,24575.45,24552.25,24556.85,12:30:00,24571.07750021365,0,40
2024-08-19,24575.65,24578.25,24561.95,24564.85,12:35:00,24571.51297638378,0,41
2024-08-19,24570.4,24579.35,24567.85,24575.3,12:40:00,24571.406978632946,0,42
2024-08-19,24574.45,24579.25,24567.65,24570.1,12:45:00,24571.696790191712,0,43
2024-08-19,24583.35,24586.6,24572.35,24575.1,12:50:00,24572.806619697265,0,44
2024-08-19,24574.65,24586.05,24570.45,24583.8,12:55:00,24572.9821797261,0,45
2024-08-19,24588.95,24592.9,24573.15,24574.7,13:00:00,24574.50292451409,0,46
2024-08-19,24579.55,24589.95,24578.5,24589.65,13:05:00,24574.98359836989,0,47
2024-08-19,24590.45,24592.3,24576.95,24579.9,13:10:00,24576.456589001333,0,48
2024-08-19,24599.95,24605.1,24590.1,24590.9,13:15:00,24578.69405671549,0,49
2024-08-19,24579.75,24603.15,24578.2,24600.0,13:20:00,24578.794622742585,0,50
2024-08-19,24562.85,24582.35,24562.85,24579.6,13:25:00,24577.27608724329,0,51
2024-08-19,24569.85,24574.85,24561.8,24561.8,13:30:00,24576.56884083917,0,52
2024-08-19,24560.5,24573.8,24556.25,24570.25,13:35:00,24575.03847504496,0,53
2024-08-19,24557.35,24564.05,24553.1,24560.35,13:40:00,24573.35385837401,0,54
2024-08-19,24560.1,24561.25,24543.85,24557.4,13:45:00,24572.091586147915,0,55
2024-08-19,24571.65,24571.65,24555.8,24560.0,13:50:00,24572.049530324304,0,56
2024-08-19,24569.5,24576.3,24559.5,24572.05,13:55:00,24571.806717912463,0,57
2024-08-19,24573.0,24577.15,24563.0,24569.65,14:00:00,24571.920363825564,0,58
2024-08-19,24580.1,24581.45,24569.45,24573.1,14:05:00,24572.69937679456,0,59
2024-08-19,24572.35,24580.1,24567.7,24579.9,14:10:00,24572.666102814124,0,60
2024-08-19,24576.8,24581.6,24571.75,24573.2,14:15:00,24573.05980730802,0,61
2024-08-19,24584.2,24584.5,24569.95,24577.1,14:20:00,24574.120778040586,0,62
2024-08-19,24583.0,24588.0,24576.85,24584.35,14:25:00,24574.966418227195,0,63
2024-08-19,24578.95,24586.05,24566.9,24584.25,14:30:00,24575.34580696746,0,64
2024-08-19,24585.45,24587.2,24578.7,24580.15,14:35:00,24576.3081110658,0,65
2024-08-19,24586.3,24591.55,24580.65,24584.55,14:40:00,24577.259719535723,0,66
2024-08-19,24577.6,24588.5,24576.75,24586.0,14:45:00,24577.292127198987,0,67
2024-08-19,24586.65,24588.85,24576.65,24578.35,14:50:00,24578.18335318004,0,68
2024-08-19,24577.85,24592.35,24576.3,24585.0,14:55:00,24578.15160525813,0,69
2024-08-19,24574.95,24579.15,24564.45,24578.7,15:00:00,24577.84669047164,0,70
2024-08-19,24574.05,24574.75,24562.75,24572.3,15:05:00,24577.485100902915,0,71
2024-08-19,24571.45,24578.0,24562.45,24573.15,15:10:00,24576.91032938836,0,72
2024-08-19,24588.85,24590.3,24570.6,24571.25,15:15:00,24578.047440875176,0,73
2024-08-19,24579.75,24589.75,24577.3,24589.35,15:20:00,24578.20958936325,0,74
2024-08-19,24579.0,24585.05,24574.7,24580.8,15:25:00,24578.28486656675,0,75
2024-08-20,24628.4,24659.4,24622.7,24650.4,09:15:00,24589.14248714421,1,1
2024-08-20,24618.9,24634.95,24614.0,24626.85,09:20:00,24591.976535987626,1,2
2024-08-20,24622.85,24626.75,24607.5,24618.45,09:25:00,24594.916865893563,1,3
2024-08-20,24636.05,24639.0,24616.15,24622.4,09:30:00,24598.83430723704,1,4
2024-08-20,24657.05,24659.15,24630.75,24635.4,09:35:00,24604.378658928745,1,5
2024-08-20,24669.75,24676.15,24653.45,24656.25,09:40:00,24610.60450093553,1,6
2024-08-20,24688.0,24688.05,24658.8,24669.45,09:45:00,24617.97550084643,1,7
2024-08-20,24682.95,24688.1,24675.95,24686.7,09:50:00,24624.163548384862,1,8
2024-08-20,24695.6,24697.95,24665.7,24683.95,09:55:00,24630.967019967266,1,9
2024-08-20,24709.3,24710.75,24695.3,24695.3,10:00:00,24638.427303779903,1,10
2024-08-20,24703.35,24719.95,24699.95,24708.45,10:05:00,24644.610417705622,1,11
2024-08-20,24722.6,24725.25,24698.2,24703.4,10:10:00,24652.03799697176,1,12
2024-08-20,24721.75,24729.0,24717.0,24722.95,10:15:00,24658.6772353554,1,13
2024-08-20,24707.55,24722.25,24701.2,24720.65,10:20:00,24663.33178436917,1,14
2024-08-20,24719.0,24720.05,24704.3,24708.3,10:25:00,24668.63351919116,1,15
2024-08-20,24727.35,24733.95,24718.15,24718.15,10:30:00,24674.22556498248,1,16
2024-08-20,24722.3,24729.75,24712.75,24726.75,10:35:00,24678.80408260319,1,17
2024-08-20,24704.35,24723.85,24703.25,24721.7,10:40:00,24681.23702711717,1,18
2024-08-20,24707.1,24708.1,24694.95,24704.55,10:45:00,24683.70016739173,1,19
2024-08-20,24693.15,24707.45,24687.75,24707.0,10:50:00,24684.600151449657,1,20
2024-08-20,24685.5,24696.25,24684.55,24693.45,10:55:00,24684.685851311595,1,21
2024-08-20,24678.25,24687.3,24674.55,24685.05,11:00:00,24684.07291309144,1,22
2024-08-20,24697.3,24700.3,24678.2,24678.2,11:05:00,24685.33263565416,1,23
2024-08-20,24707.5,24713.1,24697.45,24697.95,11:10:00,24687.443813210903,1,24
2024-08-20,24705.3,24712.1,24702.65,24707.55,11:15:00,24689.14440242891,1,25
2024-08-20,24708.0,24711.6,24697.8,24705.05,11:20:00,24690.94017362616,1,26
2024-08-20,24709.45,24713.3,24704.2,24708.05,11:25:00,24692.70301423319,1,27
2024-08-20,24705.2,24712.65,24703.55,24709.45,11:30:00,24693.89320335384,1,28
2024-08-20,24691.5,24707.75,24688.05,24705.95,11:35:00,24693.6652792249,1,29
2024-08-20,24705.55,24707.1,24688.4,24691.8,11:40:00,24694.79715739396,1,30
2024-08-20,24713.4,24717.3,24705.2,24706.15,11:45:00,24696.568856689773,1,31
2024-08-20,24709.6,24716.1,24705.75,24713.1,11:50:00,24697.809917957413,1,32
2024-08-20,24711.95,24716.55,24706.25,24708.95,11:55:00,24699.15659243766,1,33
2024-08-20,24716.55,24716.55,24708.25,24711.2,12:00:00,24700.8131074436,1,34
2024-08-20,24713.85,24719.1,24707.75,24715.85,12:05:00,24702.05471625849,1,35
2024-08-20,24708.95,24714.9,24704.45,24714.8,12:10:00,24702.71140994816,1,36
2024-08-20,24718.05,24718.4,24705.45,24708.95,12:15:00,24704.172228048337,1,37
2024-08-20,24715.45,24723.15,24711.25,24717.3,12:20:00,24705.246301567546,1,38
2024-08-20,24717.85,24719.65,24713.2,24715.35,12:25:00,24706.446653799205,1,39
2024-08-20,24718.5,24723.65,24714.5,24717.45,12:30:00,24707.594591532616,1,40
2024-08-20,24707.1,24723.35,24703.6,24717.9,12:35:00,24707.54748757713,1,41
2024-08-20,24703.35,24713.7,24701.75,24705.75,12:40:00,24707.1477268555,1,42
2024-08-20,24712.8,24715.6,24701.55,24701.55,12:45:00,24707.686038583543,1,43
2024-08-20,24723.2,24724.5,24711.3,24712.75,12:50:00,24709.163558718446,1,44
2024-08-20,24729.4,24734.15,24720.9,24722.9,12:55:00,24711.0908388405,1,45
2024-08-20,24725.2,24731.65,24718.75,24729.5,13:00:00,24712.43456847474,1,46
2024-08-20,24726.5,24726.75,24718.65,24724.6,13:05:00,24713.774133381907,1,47
2024-08-20,24727.1,24728.1,24718.05,24725.75,13:10:00,24715.04326353601,1,48
2024-08-20,24721.85,24727.15,24717.6,24725.45,13:15:00,24715.69152415163,1,49
2024-08-20,24714.1,24723.15,24708.85,24720.75,13:20:00,24715.539950422903,1,50
2024-08-20,24711.25,24716.75,24705.6,24710.95,13:25:00,24715.13138371596,1,51
2024-08-20,24711.7,24713.9,24703.65,24709.2,13:30:00,24714.804585266826,1,52
2024-08-20,24713.25,24716.35,24703.05,24709.55,13:35:00,24714.65652952712,1,53
2024-08-20,24712.85,24715.9,24707.9,24710.6,13:40:00,24714.484479095965,1,54
2024-08-20,24717.6,24723.5,24710.3,24711.35,13:45:00,24714.78119537254,1,55
2024-08-20,24723.25,24725.8,24715.75,24717.85,13:50:00,24715.5877481942,1,56
2024-08-20,24720.75,24729.1,24718.95,24723.6,13:55:00,24716.079391223324,1,57
2024-08-20,24715.7,24727.35,24712.5,24722.1,14:00:00,24716.043258725866,1,58
2024-08-20,24723.35,24727.1,24712.45,24714.15,14:05:00,24716.73913884721,1,59
2024-08-20,24719.45,24725.3,24714.5,24723.5,14:10:00,24716.99731609985,1,60
2024-08-20,24709.0,24719.45,24705.35,24718.8,14:15:00,24716.235666947487,1,61
2024-08-20,24709.0,24713.0,24699.4,24708.75,14:20:00,24715.54655580963,1,62
2024-08-20,24715.1,24718.2,24705.75,24708.55,14:25:00,24715.504026684903,1,63
2024-08-20,24713.9,24718.9,24710.1,24715.2,14:30:00,24715.35126223872,1,64
2024-08-20,24714.55,24717.9,24711.1,24713.35,14:35:00,24715.27495154932,1,65
2024-08-20,24724.55,24725.3,24710.4,24713.9,14:40:00,24716.158289497005,1,66
2024-08-20,24726.35,24729.2,24721.1,24724.15,14:45:00,24717.12892859253,1,67
2024-08-20,24723.45,24729.3,24721.55,24726.55,14:50:00,24717.730935393243,1,68
2024-08-20,24720.85,24725.55,24712.65,24723.45,14:55:00,24718.027989165315,1,69
2024-08-20,24715.0,24719.7,24704.0,24719.7,15:00:00,24717.739609244807,1,70
2024-08-20,24696.6,24714.45,24690.9,24714.15,15:05:00,24715.72631312625,1,71
2024-08-20,24698.1,24705.8,24693.4,24696.25,15:10:00,24714.04761663804,1,72
2024-08-20,24701.9,24705.65,24695.3,24697.9,15:15:00,24712.890700767748,1,73
2024-08-20,24689.7,24703.15,24686.4,24702.8,15:20:00,24710.6820625994,1,74
2024-08-20,24672.85,24689.55,24670.85,24689.5,15:25:00,24707.079009018496,1,75
2024-08-21,24700.2,24707.8,24655.45,24680.95,09:15:00,24704.137918947115,2,1
2024-08-21,24691.45,24707.7,24688.95,24699.7,09:20:00,24702.92954571405,2,2
2024-08-21,24677.5,24693.85,24676.65,24690.95,09:25:00,24700.50768421748,2,3
2024-08-21,24680.35,24680.75,24660.7,24677.7,09:30:00,24698.5879047682,2,4
2024-08-21,24685.85,24693.65,24670.3,24681.15,09:35:00,24697.374770980747,2,5
2024-08-21,24684.7,24689.85,24668.55,24686.1,09:40:00,24696.167649934963,2,6
2024-08-21,24702.85,24705.85,24684.55,24685.3,09:45:00,24696.804064226868,2,7
2024-08-21,24680.05,24713.1,24679.05,24702.85,09:50:00,24695.208439062404,2,8
2024-08-21,24690.35,24692.6,24672.75,24680.2,09:55:00,24694.74573058027,2,9
2024-08-21,24697.8,24704.85,24688.4,24688.4,10:00:00,24695.03661338215,2,10
2024-08-21,24708.0,24709.75,24697.4,24699.05,10:05:00,24696.27122163147,2,11
2024-08-21,24712.75,24721.0,24706.15,24709.4,10:10:00,24697.84062909513,2,12
2024-08-21,24720.6,24726.15,24711.45,24713.35,10:15:00,24700.00818822893,2,13
2024-08-21,24743.9,24745.15,24719.2,24719.7,10:20:00,24704.18836077856,2,14
2024-08-21,24741.2,24753.9,24739.15,24743.9,10:25:00,24707.713278799645,2,15
2024-08-21,24735.4,24745.6,24732.1,24741.45,10:30:00,24710.35010939016,2,16
2024-08-21,24715.3,24738.65,24712.8,24736.25,10:35:00,24710.82152754347,2,17
2024-08-21,24722.6,24724.9,24712.0,24715.35,10:40:00,24711.943286825044,2,18
2024-08-21,24729.45,24732.75,24721.35,24722.75,10:45:00,24713.61059284171,2,19
2024-08-21,24720.7,24730.5,24713.3,24729.95,10:50:00,24714.28577447583,2,20
2024-08-21,24724.65,24730.4,24719.5,24720.75,10:55:00,24715.27284357337,2,21
2024-08-21,24721.85,24727.5,24717.8,24724.55,11:00:00,24715.899239423525,2,22
2024-08-21,24692.05,24722.7,24691.2,24722.7,11:05:00,24713.627883287954,2,23
2024-08-21,24693.5,24697.7,24678.8,24692.2,11:10:00,24711.71094202244,2,24
2024-08-21,24697.7,24702.8,24693.2,24693.55,11:15:00,24710.376566591727,2,25
2024-08-21,24719.7,24722.35,24696.95,24697.6,11:20:00,24711.26451263061,2,26
2024-08-21,24738.0,24742.3,24719.75,24720.1,11:25:00,24713.81074952293,2,27
2024-08-21,24721.0,24740.45,24720.4,24738.1,11:30:00,24714.49544004456,2,28
2024-08-21,24711.85,24723.2,24708.15,24721.05,11:35:00,24714.243493373648,2,29
2024-08-21,24702.5,24713.25,24697.6,24711.7,11:40:00,24713.12506543329,2,30
2024-08-21,24715.8,24717.8,24698.2,24702.65,11:45:00,24713.37982110632,2,31
2024-08-21,24716.25,24719.05,24706.95,24715.85,11:50:00,24713.653171477148,2,32
2024-08-21,24716.1,24721.65,24713.7,24716.25,11:55:00,24713.88620276504,2,33
2024-08-21,24725.75,24730.85,24714.9,24717.25,12:00:00,24715.016088215987,2,34
2024-08-21,24727.35,24733.8,24723.9,24727.2,12:05:00,24716.19074648113,2,35
2024-08-21,24724.0,24733.5,24721.75,24727.3,12:10:00,24716.9344849115,2,36
2024-08-21,24723.25,24735.05,24722.05,24724.45,12:15:00,24717.535962538976,2,37
2024-08-21,24728.4,24733.7,24719.1,24726.0,12:20:00,24718.57063277336,2,38
2024-08-21,24724.85,24731.85,24719.85,24728.7,12:25:00,24719.168667747323,2,39
2024-08-21,24736.8,24739.1,24724.65,24724.65,12:30:00,24720.84784224757,2,40
2024-08-21,24722.9,24738.6,24722.5,24736.95,12:35:00,24721.043285843043,2,41
2024-08-21,24726.7,24731.2,24720.45,24722.9,12:40:00,24721.58202052466,2,42
2024-08-21,24728.5,24730.7,24718.9,24726.9,12:45:00,24722.240875712785,2,43
2024-08-21,24721.2,24731.5,24721.2,24730.5,12:50:00,24722.14174469252,2,44
2024-08-21,24722.9,24725.05,24716.3,24721.6,12:55:00,24722.21395948371,2,45
2024-08-21,24721.55,24731.45,24721.05,24721.85,13:00:00,24722.150725247167,2,46
2024-08-21,24723.9,24732.5,24721.65,24725.15,13:05:00,24722.31732284268,2,47
2024-08-21,24727.8,24731.4,24722.45,24723.25,13:10:00,24722.839482571948,2,48
2024-08-21,24704.2,24733.65,24702.3,24727.7,13:15:00,24721.06429375557,2,49
2024-08-21,24703.2,24712.85,24696.8,24703.75,13:20:00,24719.36293244552,2,50
2024-08-21,24714.6,24717.6,24700.4,24706.6,13:25:00,24718.90931983166,2,51
2024-08-21,24710.65,24722.25,24709.05,24718.0,13:30:00,24718.12271794293,2,52
2024-08-21,24718.05,24723.2,24709.95,24712.1,13:35:00,24718.11579242456,2,53
2024-08-21,24724.2,24727.35,24715.8,24718.7,13:40:00,24718.69524076507,2,54
2024-08-21,24727.05,24728.65,24721.3,24724.15,13:45:00,24719.49093212078,2,55
2024-08-21,24728.15,24731.35,24722.55,24727.0,13:50:00,24720.315605252134,2,56
2024-08-21,24724.6,24731.95,24719.65,24728.35,13:55:00,24720.72364284717,2,57
2024-08-21,24737.2,24738.35,24720.95,24724.65,14:00:00,24722.29281971887,2,58
2024-08-21,24737.55,24741.4,24734.35,24737.25,14:05:00,24723.74588450755,2,59
2024-08-21,24739.85,24744.55,24736.7,24736.7,14:10:00,24725.279609792546,2,60
2024-08-21,24733.55,24744.65,24727.75,24739.85,14:15:00,24726.067266002778,2,61
2024-08-21,24742.7,24745.95,24732.1,24734.3,14:20:00,24727.651335907274,2,62
2024-08-21,24740.35,24747.3,24735.05,24742.85,14:25:00,24728.86073248753,2,63
2024-08-21,24727.55,24741.35,24724.55,24740.4,14:30:00,24728.735900822056,2,64
2024-08-21,24725.05,24739.25,24722.75,24727.55,14:35:00,24728.384862648527,2,65
2024-08-21,24736.45,24737.15,24724.15,24725.15,14:40:00,24729.152970967712,2,66
2024-08-21,24746.75,24750.4,24736.2,24736.7,14:45:00,24730.828878494594,2,67
2024-08-21,24750.95,24753.75,24743.7,24746.85,14:50:00,24732.745175780823,2,68
2024-08-21,24751.55,24752.95,24742.85,24749.8,14:55:00,24734.536111420744,2,69
2024-08-21,24763.45,24773.25,24751.75,24752.2,15:00:00,24737.28981509496,2,70
2024-08-21,24772.2,24774.15,24762.1,24763.85,15:05:00,24740.614594609728,2,71
2024-08-21,24767.05,24771.7,24754.75,24771.25,15:10:00,24743.132252265943,2,72
2024-08-21,24774.3,24776.85,24763.05,24767.5,15:15:00,24746.100609193,2,73
2024-08-21,24782.25,24784.4,24772.2,24774.25,15:20:00,24749.54340831748,2,74
2024-08-21,24780.15,24786.2,24775.0,24781.7,15:25:00,24752.45832181105,2,75
2024-08-22,24826.05,24866.25,24822.45,24866.25,09:15:00,24769.0266534553,3,1
2024-08-22,24809.5,24826.4,24803.6,24826.4,09:20:00,24772.88125788813,3,2
2024-08-22,24826.85,24826.85,24798.85,24809.3,09:25:00,24778.02113808926,3,3
2024-08-22,24827.45,24838.8,24821.3,24827.15,09:30:00,24782.728648747427,3,4
2024-08-22,24832.35,24839.55,24826.25,24828.15,09:35:00,24787.454491723864,3,5
2024-08-22,24830.85,24837.0,24824.05,24831.5,09:40:00,24791.58739727397,3,6
2024-08-22,24798.45,24833.65,24793.35,24831.85,09:45:00,24792.240978485974,3,7
2024-08-22,24799.75,24806.6,24790.7,24799.4,09:50:00,24792.95612339207,3,8
2024-08-22,24809.25,24810.85,24785.0,24800.15,09:55:00,24794.50792116425,3,9
2024-08-22,24810.9,24823.2,24804.4,24809.45,10:00:00,24796.06907152956,3,10
2024-08-22,24810.55,24814.65,24806.3,24811.0,10:05:00,24797.448207574365,3,11
2024-08-22,24813.75,24817.3,24793.05,24810.25,10:10:00,24799.00075923395,3,12
2024-08-22,24808.25,24815.1,24803.5,24814.15,10:15:00,24799.881639306903,3,13
2024-08-22,24810.7,24812.95,24803.1,24808.95,10:20:00,24800.91195937292,3,14
2024-08-22,24808.85,24816.6,24802.45,24810.65,10:25:00,24801.66796324216,3,15
2024-08-22,24818.55,24822.0,24806.85,24808.55,10:30:00,24803.27577626672,3,16
2024-08-22,24817.6,24824.65,24811.0,24818.85,10:35:00,24804.63998805084,3,17
2024-08-22,24824.1,24825.7,24815.55,24818.3,10:40:00,24806.49332252219,3,18
2024-08-22,24826.55,24829.4,24823.5,24823.5,10:45:00,24808.40348228198,3,19
2024-08-22,24823.05,24830.1,24814.95,24827.05,10:50:00,24809.79838873132,3,20
2024-08-22,24826.1,24828.0,24819.15,24823.15,10:55:00,24811.350923137856,3,21
2024-08-22,24814.7,24828.85,24810.55,24826.1,11:00:00,24811.66988283901,3,22
2024-08-22,24817.9,24818.7,24812.6,24814.7,11:05:00,24812.26322733053,3,23
2024-08-22,24824.15,24827.5,24813.4,24818.4,11:10:00,24813.395300918102,3,24
2024-08-22,24819.35,24826.9,24817.1,24824.65,11:15:00,24813.96241511638,3,25
2024-08-22,24824.2,24826.5,24818.1,24819.55,11:20:00,24814.937423200536,3,26
2024-08-22,24824.4,24829.4,24818.85,24823.75,11:25:00,24815.83862099096,3,27
2024-08-22,24821.0,24825.85,24818.45,24824.35,11:30:00,24816.330180896588,3,28
2024-08-22,24826.0,24827.55,24820.65,24821.4,11:35:00,24817.25111604929,3,29
2024-08-22,24843.75,24847.7,24825.4,24825.8,11:40:00,24819.77481928269,3,30
2024-08-22,24842.05,24846.45,24838.85,24843.4,11:45:00,24821.896265065297,3,31
2024-08-22,24839.1,24847.8,24834.4,24842.35,11:50:00,24823.53471601146,3,32
2024-08-22,24839.85,24844.3,24835.55,24839.4,11:55:00,24825.0885525818,3,33
2024-08-22,24835.2,24840.35,24832.95,24840.35,12:00:00,24826.05154757401,3,34
2024-08-22,24838.75,24842.05,24834.05,24836.25,12:05:00,24827.26092399553,3,35
2024-08-22,24832.65,24839.95,24828.3,24839.75,12:10:00,24827.77416932929,3,36
2024-08-22,24832.25,24833.75,24828.0,24832.7,12:15:00,24828.20043891697,3,37
2024-08-22,24832.4,24835.85,24829.85,24833.1,12:20:00,24828.60039711536,3,38
2024-08-22,24829.5,24836.8,24826.8,24833.7,12:25:00,24828.686073580564,3,39
2024-08-22,24829.25,24831.6,24827.05,24829.85,12:30:00,24828.739780858607,3,40
2024-08-22,24825.5,24834.4,24824.8,24829.35,12:35:00,24828.431230300645,3,41
2024-08-22,24824.75,24828.8,24822.65,24826.55,12:40:00,24828.08063693868,3,42
2024-08-22,24828.7,24831.85,24824.85,24825.9,12:45:00,24828.139623896896,3,43
2024-08-22,24833.1,24835.2,24827.15,24828.85,12:50:00,24828.61204066862,3,44
2024-08-22,24826.9,24835.6,24824.1,24833.55,12:55:00,24828.448989176373,3,45
2024-08-22,24808.45,24829.85,24805.85,24827.25,13:00:00,24826.54432354053,3,46
2024-08-22,24805.95,24812.7,24805.25,24807.45,13:05:00,24824.58295939381,3,47
2024-08-22,24808.15,24808.45,24800.85,24806.8,13:10:00,24823.017915642024,3,48
2024-08-22,24815.7,24817.4,24805.05,24808.0,13:15:00,24822.320971295165,3,49
2024-08-22,24820.05,24823.45,24813.6,24815.9,13:20:00,24822.10468831468,3,50
2024-08-22,24811.1,24820.8,24810.25,24820.5,13:25:00,24821.05662276089,3,51
2024-08-22,24806.5,24816.95,24805.0,24812.1,13:30:00,24819.670277736048,3,52
2024-08-22,24804.95,24811.3,24802.85,24806.7,13:35:00,24818.268346523088,3,53
2024-08-22,24816.25,24817.15,24803.9,24806.15,13:40:00,24818.0761230447,3,54
2024-08-22,24832.0,24833.4,24815.45,24817.35,13:45:00,24819.402206564253,3,55
2024-08-22,24822.35,24832.2,24820.3,24829.3,13:50:00,24819.682948796228,3,56
2024-08-22,24826.3,24829.25,24822.15,24825.1,13:55:00,24820.313144148968,3,57
2024-08-22,24826.4,24829.9,24821.95,24827.3,14:00:00,24820.89284470621,3,58
2024-08-22,24826.25,24827.75,24815.85,24824.65,14:05:00,24821.403049972287,3,59
2024-08-22,24832.0,24837.7,24822.15,24825.8,14:10:00,24822.412283308266,3,60
2024-08-22,24825.55,24835.25,24822.4,24833.05,14:15:00,24822.71111346938,3,61
2024-08-22,24821.1,24827.4,24819.8,24827.0,14:20:00,24822.557674091346,3,62
2024-08-22,24809.65,24823.6,24804.2,24821.65,14:25:00,24821.32837179693,3,63
2024-08-22,24806.15,24811.45,24796.9,24811.4,14:30:00,24819.882812578177,3,64
2024-08-22,24805.3,24815.9,24804.0,24807.1,14:35:00,24818.49397328501,3,65
2024-08-22,24806.15,24810.7,24804.25,24805.5,14:40:00,24817.318356781685,3,66
2024-08-22,24806.9,24812.75,24803.3,24807.35,14:45:00,24816.326132326285,3,67
2024-08-22,24806.9,24809.3,24802.3,24807.9,14:50:00,24815.428405438062,3,68
2024-08-22,24810.05,24811.3,24803.75,24806.6,14:55:00,24814.916176348725,3,69
2024-08-22,24813.75,24820.75,24796.65,24810.3,15:00:00,24814.80511193456,3,70
2024-08-22,24807.8,24816.4,24803.3,24814.65,15:05:00,24814.137958416984,3,71
2024-08-22,24810.6,24812.9,24804.45,24807.65,15:10:00,24813.80100999632,3,72
2024-08-22,24814.05,24815.25,24804.5,24810.85,15:15:00,24813.824723330006,3,73
2024-08-22,24817.95,24820.9,24809.6,24814.95,15:20:00,24814.217606822385,3,74
2024-08-22,24810.9,24822.75,24804.8,24818.1,15:25:00,24813.90164426788,3,75
2024-08-23,24804.95,24849.9,24793.75,24845.4,09:15:00,24815.763250749893,4,1
2024-08-23,24834.5,24835.3,24794.0,24805.15,09:20:00,24817.547703059427,4,2
2024-08-23,24829.65,24846.6,24823.2,24835.05,09:25:00,24818.70030276805,4,3
2024-08-23,24805.4,24830.95,24800.65,24829.15,09:30:00,24817.43360726633,4,4
2024-08-23,24777.8,24808.55,24771.8,24807.45,09:35:00,24813.65897800288,4,5
2024-08-23,24784.5,24795.95,24773.45,24778.4,09:40:00,24810.88193247879,4,6
2024-08-23,24789.0,24801.65,24775.95,24785.0,09:45:00,24808.79793890938,4,7
2024-08-23,24816.6,24822.7,24782.45,24788.8,09:50:00,24809.540992346585,4,8
2024-08-23,24822.25,24835.55,24815.15,24816.75,09:55:00,24810.751374027863,4,9
2024-08-23,24812.65,24824.75,24807.25,24822.15,10:00:00,24810.932195549016,4,10
2024-08-23,24807.8,24820.65,24800.0,24811.8,10:05:00,24810.63389121101,4,11
2024-08-23,24801.5,24815.7,24797.4,24807.6,10:10:00,24809.763996809965,4,12
2024-08-23,24799.95,24812.9,24797.0,24803.75,10:15:00,24808.82933044711,4,13
2024-08-23,24808.15,24813.05,24800.15,24800.35,10:20:00,24808.76463230929,4,14
2024-08-23,24817.9,24820.25,24801.35,24807.2,10:25:00,24809.634667327453,4,15
2024-08-23,24823.0,24826.1,24815.5,24817.65,10:30:00,24810.90755615341,4,16
2024-08-23,24822.75,24827.65,24814.2,24822.55,10:35:00,24812.03540794832,4,17
2024-08-23,24830.0,24831.55,24821.4,24823.3,10:40:00,24813.74632147705,4,18
2024-08-23,24841.8,24848.95,24824.15,24831.0,10:45:00,24816.418100384,4,19
2024-08-23,24837.55,24845.0,24836.3,24842.45,10:50:00,24818.43066225219,4,20
2024-08-23,24836.95,24842.4,24835.4,24837.65,10:55:00,24820.194408704363,4,21
2024-08-23,24842.6,24844.65,24835.6,24835.75,11:00:00,24822.328274542044,4,22
2024-08-23,24847.15,24850.65,24839.75,24841.9,11:05:00,24824.692248395186,4,23
2024-08-23,24833.4,24850.1,24832.65,24847.3,11:10:00,24825.521558071832,4,24
2024-08-23,24842.15,24843.1,24833.5,24835.1,11:15:00,24827.10521920785,4,25
2024-08-23,24852.9,24853.75,24840.25,24842.25,11:20:00,24829.56186499758,4,26
2024-08-23,24847.85,24852.85,24844.0,24852.85,11:25:00,24831.30359214067,4,27
2024-08-23,24840.7,24848.5,24839.35,24848.05,11:30:00,24832.19848812728,4,28
2024-08-23,24840.2,24842.8,24835.55,24840.7,11:35:00,24832.960536877057,4,29
2024-08-23,24842.5,24845.35,24839.25,24839.35,11:40:00,24833.86905717448,4,30
2024-08-23,24836.6,24843.95,24834.75,24842.75,11:45:00,24834.12914696739,4,31
2024-08-23,24822.0,24838.0,24819.3,24836.95,11:50:00,24832.97399011335,4,32
2024-08-23,24834.75,24836.2,24821.35,24822.45,11:55:00,24833.14313391208,4,33
2024-08-23,24837.15,24841.65,24833.25,24834.5,12:00:00,24833.52474020617,4,34
2024-08-23,24842.9,24847.65,24835.15,24837.0,12:05:00,24834.417622091296,4,35
2024-08-23,24839.4,24843.1,24836.2,24842.5,12:10:00,24834.89213427308,4,36
2024-08-23,24840.45,24844.05,24836.65,24838.5,12:15:00,24835.4214548185,4,37
2024-08-23,24844.3,24845.5,24837.85,24839.6,12:20:00,24836.267030550072,4,38
2024-08-23,24839.55,24844.45,24832.9,24843.85,12:25:00,24836.57969430721,4,39
2024-08-23,24839.9,24843.4,24835.15,24839.25,12:30:00,24836.895913897,4,40
2024-08-23,24842.35,24844.45,24837.3,24838.65,12:35:00,24837.415350668714,4,41
2024-08-23,24834.65,24841.75,24831.75,24841.2,12:40:00,24837.15198393836,4,42
2024-08-23,24833.9,24839.7,24831.9,24834.7,12:45:00,24836.84227118233,4,43
2024-08-23,24834.6,24837.45,24831.1,24833.1,12:50:00,24836.62872154592,4,44
2024-08-23,24836.5,24836.65,24829.95,24833.95,12:55:00,24836.61646235107,4,45
2024-08-23,24832.45,24835.85,24827.35,24834.55,13:00:00,24836.21965641287,4,46
2024-08-23,24831.85,24834.0,24826.35,24833.2,13:05:00,24835.803498659265,4,47
2024-08-23,24839.2,24843.05,24828.3,24831.05,13:10:00,24836.12697497743,4,48
2024-08-23,24828.75,24837.9,24820.95,24837.9,13:15:00,24835.42440593196,4,49
2024-08-23,24824.9,24832.2,24818.9,24826.5,13:20:00,24834.422081557488,4,50
2024-08-23,24823.0,24828.55,24821.35,24824.75,13:25:00,24833.334264266297,4,51
2024-08-23,24823.5,24827.9,24819.65,24822.95,13:30:00,24832.39766766951,4,52
2024-08-23,24822.6,24829.0,24820.5,24822.35,13:35:00,24831.464556462888,4,53
2024-08-23,24839.45,24839.5,24819.9,24821.9,13:40:00,24832.225074894995,4,54
2024-08-23,24832.9,24838.9,24826.75,24838.75,13:45:00,24832.289353476423,4,55
2024-08-23,24832.6,24835.75,24829.65,24832.15,13:50:00,24832.318938859626,4,56
2024-08-23,24836.65,24837.55,24821.45,24832.0,13:55:00,24832.73142087299,4,57
2024-08-23,24833.4,24837.75,24822.4,24835.65,14:00:00,24832.79509507556,4,58
2024-08-23,24827.85,24833.45,24827.1,24833.25,14:05:00,24832.324133639795,4,59
2024-08-23,24831.25,24832.45,24826.15,24827.9,14:10:00,24832.22183519791,4,60
2024-08-23,24833.75,24838.2,24828.35,24830.9,14:15:00,24832.36737470288,4,61
2024-08-23,24841.3,24841.95,24830.55,24834.05,14:20:00,24833.218100921647,4,62
2024-08-23,24842.75,24848.85,24834.55,24841.2,14:25:00,24834.12590083387,4,63
2024-08-23,24840.2,24848.5,24833.95,24839.8,14:30:00,24834.70438646874,4,64
2024-08-23,24832.1,24841.05,24827.45,24840.15,14:35:00,24834.4563496622,4,65
2024-08-23,24832.3,24832.7,24824.5,24831.45,14:40:00,24834.2509830277,4,66
2024-08-23,24833.3,24838.65,24829.3,24831.45,14:45:00,24834.160413215537,4,67
2024-08-23,24826.3,24833.85,24811.85,24833.2,14:50:00,24833.411802433107,4,68
2024-08-23,24824.45,24830.3,24819.4,24825.75,14:55:00,24832.55829743948,4,69
2024-08-23,24828.05,24828.6,24794.7,24823.3,15:00:00,24832.12893577857,4,70
2024-08-23,24822.4,24833.3,24808.0,24827.3,15:05:00,24831.20237046633,4,71
2024-08-23,24822.7,24829.3,24816.1,24821.05,15:10:00,24830.392620898107,4,72
2024-08-23,24825.0,24828.55,24815.05,24822.0,15:15:00,24829.87903795543,4,73
2024-08-23,24831.7,24838.8,24819.95,24823.55,15:20:00,24830.05246291205,4,74
2024-08-23,24831.85,24841.75,24829.45,24831.25,15:25:00,24830.223656920432,4,75
2024-08-26,24887.45,24915.9,24874.95,24914.5,09:15:00,24842.211882422394,0,1
2024-08-26,24905.3,24907.7,24878.55,24886.45,09:20:00,24848.220274572643,0,2
2024-08-26,24919.25,24919.8,24905.35,24905.35,09:25:00,24854.98501032763,0,3
2024-08-26,24939.1,24939.2,24907.05,24917.6,09:30:00,24862.995961725,0,4
2024-08-26,24967.85,24969.3,24936.95,24937.85,09:35:00,24872.98206060833,0,5
2024-08-26,24982.9,24983.4,24966.35,24968.05,09:40:00,24883.450435788487,0,6
2024-08-26,24972.95,24987.3,24964.8,24982.9,09:45:00,24891.97420380864,0,7
2024-08-26,24982.65,24982.65,24971.15,24973.35,09:50:00,24900.60999392209,0,8
2024-08-26,24981.2,24995.7,24977.15,24982.05,09:55:00,24908.285232596183,0,9
2024-08-26,24975.35,24983.45,24966.25,24980.6,10:00:00,24914.672353301303,0,10
2024-08-26,24987.3,24988.15,24974.4,24976.1,10:05:00,24921.589272034515,0,11
2024-08-26,25008.35,25017.2,24982.45,24986.9,10:10:00,24929.85219850742,0,12
2024-08-26,25034.2,25043.65,25007.85,25008.4,10:15:00,24939.790084363856,0,13
2024-08-26,25017.8,25034.65,25014.45,25034.1,10:20:00,24947.219600138727,0,14
2024-08-26,25002.5,25020.2,25002.15,25017.65,10:25:00,24952.484400125515,0,15
2024-08-26,24996.65,25005.1,24987.6,25001.3,10:30:00,24956.69064773261,0,16
2024-08-26,25008.85,25012.5,24988.5,24996.3,10:35:00,24961.65820509141,0,17
2024-08-26,25007.05,25012.15,24997.45,25009.05,10:40:00,24965.981233177947,0,18
2024-08-26,24996.15,25007.35,24993.05,25006.75,10:45:00,24968.85444906576,0,19
2024-08-26,24973.85,24996.8,24972.05,24996.4,10:50:00,24969.330215821403,0,20
2024-08-26,24985.6,24985.6,24971.25,24973.55,10:55:00,24970.879719076507,0,21
2024-08-26,24976.45,24989.5,24974.15,24985.05,11:00:00,24971.4102220216,0,22
2024-08-26,24981.15,24981.15,24973.1,24976.55,11:05:00,24972.33781992431,0,23
2024-08-26,24982.35,24985.8,24978.7,24980.4,11:10:00,24973.291360883897,0,24
2024-08-26,24985.5,24991.65,24980.8,24982.15,11:15:00,24974.454088418763,0,25
2024-08-26,24988.0,24989.75,24980.0,24985.35,11:20:00,24975.74417523602,0,26
2024-08-26,24991.85,24992.1,24984.05,24987.95,11:25:00,24977.278063308782,0,27
2024-08-26,24999.1,25001.25,24990.25,24991.65,11:30:00,24979.35634299366,0,28
2024-08-26,25017.45,25020.25,24997.55,24998.75,11:35:00,24982.9843103276,0,29
2024-08-26,25007.85,25019.95,25005.25,25017.75,11:40:00,24985.35247124877,0,30
2024-08-26,25002.8,25010.95,24998.0,25008.1,11:45:00,24987.014140653653,0,31
2024-08-26,25004.05,25010.15,24998.1,25003.2,11:50:00,24988.636603448544,0,32
2024-08-26,25002.8,25007.6,24996.85,25004.2,11:55:00,24989.985498358208,0,33
2024-08-26,25009.0,25012.0,25001.8,25003.3,12:00:00,24991.796403276472,0,34
2024-08-26,25010.4,25014.5,25005.6,25009.35,12:05:00,24993.568174393,0,35
2024-08-26,25001.05,25013.85,24996.85,25010.7,12:10:00,24994.280729212715,0,36
2024-08-26,25009.9,25011.6,24995.3,25001.0,12:15:00,24995.768278811505,0,37
2024-08-26,25006.2,25015.25,25005.8,25009.75,12:20:00,24996.76177606756,0,38
2024-08-26,25007.3,25011.45,25001.85,25006.45,12:25:00,24997.765416442075,0,39
2024-08-26,25016.45,25017.15,25006.0,25006.95,12:30:00,24999.54490059045,0,40
2024-08-26,25018.35,25019.95,25010.7,25017.8,12:35:00,25001.335862438977,0,41
2024-08-26,25016.15,25034.75,25015.65,25018.15,12:40:00,25002.746732682885,0,42
2024-08-26,25014.05,25023.35,25012.2,25016.05,12:45:00,25003.82323433213,0,43
2024-08-26,25016.9,25019.05,25011.95,25013.85,12:50:00,25005.06864058621,0,44
2024-08-26,25022.7,25026.7,25012.15,25017.4,12:55:00,25006.74781767324,0,45
2024-08-26,25031.2,25034.05,25021.45,25023.6,13:00:00,25009.076596942457,0,46
2024-08-26,25026.8,25032.25,25024.0,25030.85,13:05:00,25010.7645400908,0,47
2024-08-26,25026.55,25030.6,25021.55,25026.6,13:10:00,25012.267917225003,0,48
2024-08-26,25021.25,25029.5,25018.35,25026.0,13:15:00,25013.123353679766,0,49
2024-08-26,25021.7,25024.85,25016.9,25021.85,13:20:00,25013.94017713884,0,50
2024-08-26,25023.15,25028.3,25019.75,25021.9,13:25:00,25014.817303125616,0,51
2024-08-26,25019.4,25024.9,25015.5,25022.9,13:30:00,25015.253750446984,0,52
2024-08-26,25018.15,25022.6,25013.35,25019.5,13:35:00,25015.52958373775,0,53
2024-08-26,25012.0,25021.1,25010.25,25017.95,13:40:00,25015.19343290558,0,54
2024-08-26,25015.95,25016.65,25001.65,25012.5,13:45:00,25015.265486914574,0,55
2024-08-26,25020.35,25022.85,25011.3,25015.15,13:50:00,25015.749726256043,0,56
2024-08-26,25027.95,25030.3,25019.65,25020.8,13:55:00,25016.9116570888,0,57
2024-08-26,25023.95,25030.55,25022.05,25028.2,14:00:00,25017.581975461297,0,58
2024-08-26,25014.85,25024.35,25011.0,25023.1,14:05:00,25017.32178732213,0,59
2024-08-26,25009.75,25018.4,25005.55,25016.15,14:10:00,25016.60066472002,0,60
2024-08-26,25023.05,25025.25,25009.15,25010.05,14:15:00,25017.21488712764,0,61
2024-08-26,25024.5,25029.0,25019.85,25023.25,14:20:00,25017.908707401195,0,62
2024-08-26,25023.35,25027.25,25021.95,25024.7,14:25:00,25018.42692574394,0,63
2024-08-26,25029.45,25030.95,25023.2,25023.75,14:30:00,25019.47674233976,0,64
2024-08-26,25028.35,25032.55,25026.15,25029.0,14:35:00,25020.321814497875,0,65
2024-08-26,25019.8,25033.2,25017.9,25027.95,14:40:00,25020.272117879027,0,66
2024-08-26,25022.25,25025.8,25016.4,25018.15,14:45:00,25020.460487604832,0,67
2024-08-26,25023.15,25029.5,25021.4,25021.9,14:50:00,25020.71663164247,0,68
2024-08-26,25018.35,25029.0,25013.45,25024.4,14:55:00,25020.49123815271,0,69
2024-08-26,25007.4,25022.05,25002.8,25020.2,15:00:00,25019.24445356674,0,70
2024-08-26,25010.7,25013.7,25002.9,25007.45,15:05:00,25018.4306960842,0,71
2024-08-26,25007.9,25012.4,25006.35,25011.15,15:10:00,25017.427772647603,0,72
2024-08-26,25014.0,25016.65,25006.6,25009.35,15:15:00,25017.101318109737,0,73
2024-08-26,25007.55,25016.75,25005.05,25013.45,15:20:00,25016.19166876596,0,74
2024-08-26,25011.45,25013.95,25004.6,25007.65,15:25:00,25015.74008126444,0,75
2024-08-27,25021.45,25036.65,24988.45,25032.1,09:15:00,25017.064556318503,1,1
2024-08-27,25017.65,25025.9,25006.8,25023.3,09:20:00,25017.120312859603,1,2
2024-08-27,25002.7,25019.45,25000.15,25017.05,09:25:00,25015.74694973012,1,3
2024-08-27,24997.25,25009.55,24984.5,25002.15,09:30:00,25013.985335470108,1,4
2024-08-27,24985.2,24998.15,24982.5,24998.15,09:35:00,25011.243874949145,1,5
2024-08-27,24997.0,24999.55,24973.9,24986.6,09:40:00,25009.88731543018,1,6
2024-08-27,24995.9,25002.9,24986.85,24997.55,09:45:00,25008.55519015112,1,7
2024-08-27,25021.85,25037.1,24994.4,24994.4,09:50:00,25009.821362517672,1,8
2024-08-27,25028.1,25043.65,25021.1,25021.55,09:55:00,25011.56218513504,1,9
2024-08-27,25038.3,25041.3,25019.7,25028.35,10:00:00,25014.1086436936,1,10
2024-08-27,25023.9,25039.45,25022.7,25039.45,10:05:00,25015.04115381802,1,11
2024-08-27,25013.55,25024.95,25011.65,25023.4,10:10:00,25014.899139168683,1,12
2024-08-27,25025.85,25030.9,25009.8,25014.55,10:15:00,25015.94207829548,1,13
2024-08-27,25022.9,25027.85,25015.35,25025.3,10:20:00,25016.60473750544,1,14
2024-08-27,24993.6,25026.35,24993.05,25023.15,10:25:00,25014.41381012396,1,15
2024-08-27,24998.35,25001.55,24983.5,24991.65,10:30:00,25012.88392344549,1,16
2024-08-27,25010.2,25026.1,24996.7,24999.05,10:35:00,25012.62831168878,1,17
2024-08-27,25006.65,25025.95,25006.4,25011.1,10:40:00,25012.0589486708,1,18
2024-08-27,25014.45,25017.4,25002.65,25006.55,10:45:00,25012.28666784501,1,19
2024-08-27,25023.95,25029.3,25009.0,25013.8,10:50:00,25013.39746138357,1,20
2024-08-27,25025.75,25025.75,25016.35,25023.1,10:55:00,25014.57389363276,1,21
2024-08-27,25031.65,25038.0,25024.9,25024.9,11:00:00,25016.200189477266,1,22
2024-08-27,25041.4,25047.05,25028.0,25030.95,11:05:00,25018.60017143181,1,23
2024-08-27,25037.85,25049.65,25037.15,25042.15,11:10:00,25020.433488438302,1,24
2024-08-27,25060.55,25060.75,25033.35,25037.85,11:15:00,25024.25410858704,1,25
2024-08-27,25058.85,25069.85,25054.35,25060.7,11:20:00,25027.54895538828,1,26
2024-08-27,25068.9,25072.65,25054.05,25059.0,11:25:00,25031.4871501132,1,27
2024-08-27,25060.35,25073.05,25058.25,25069.65,11:30:00,25034.23599295956,1,28
2024-08-27,25062.75,25070.4,25055.75,25059.75,11:35:00,25036.9516126777,1,29
2024-08-27,25064.05,25065.9,25056.65,25062.8,11:40:00,25039.5324114703,1,30
2024-08-27,25046.15,25065.8,25045.55,25064.65,11:45:00,25040.16265799693,1,31
2024-08-27,25047.4,25053.5,25041.05,25046.2,11:50:00,25040.8519286639,1,32
2024-08-27,25041.8,25050.45,25039.5,25047.8,11:55:00,25040.9422211721,1,33
2024-08-27,25039.0,25043.15,25033.65,25041.5,12:00:00,25040.75724772714,1,34
2024-08-27,25040.8,25058.5,25038.55,25039.3,12:05:00,25040.761319372174,1,35
2024-08-27,25045.6,25048.5,25036.4,25040.45,12:10:00,25041.22214609864,1,36
2024-08-27,25042.5,25048.4,25039.95,25045.7,12:15:00,25041.34384647019,1,37
2024-08-27,25048.7,25051.3,25038.55,25042.65,12:20:00,25042.044432520648,1,38
2024-08-27,25043.6,25050.4,25042.6,25049.3,12:25:00,25042.1925818044,1,39
2024-08-27,25046.0,25051.15,25040.5,25042.0,12:30:00,25042.555193061115,1,40
2024-08-27,25050.65,25052.85,25040.7,25044.9,12:35:00,25043.32612705529,1,41
2024-08-27,25051.75,25053.85,25046.65,25049.7,12:40:00,25044.12840066908,1,42
2024-08-27,25055.2,25059.6,25049.65,25050.9,12:45:00,25045.182838700595,1,43
2024-08-27,25056.2,25060.2,25051.1,25054.65,12:50:00,25046.23209215768,1,44
2024-08-27,25043.55,25059.3,25040.45,25056.25,12:55:00,25045.97665480933,1,45
2024-08-27,25049.35,25053.0,25040.9,25043.65,13:00:00,25046.297925779865,1,46
2024-08-27,25053.15,25058.4,25048.15,25049.15,13:05:00,25046.95050427702,1,47
2024-08-27,25059.05,25059.3,25051.3,25052.6,13:10:00,25048.10283720302,1,48
2024-08-27,25052.5,25059.9,25049.7,25059.2,13:15:00,25048.52161461226,1,49
2024-08-27,25056.4,25058.4,25048.75,25052.95,13:20:00,25049.27193703014,1,50
2024-08-27,25047.9,25059.95,25041.3,25056.4,13:25:00,25049.1412763606,1,51
2024-08-27,25058.65,25059.15,25047.8,25050.05,13:30:00,25050.046869088164,1,52
2024-08-27,25061.4,25065.3,25056.25,25059.25,13:35:00,25051.128119651195,1,53
2024-08-27,25064.45,25066.7,25059.8,25061.05,13:40:00,25052.396870160603,1,54
2024-08-27,25059.9,25065.25,25055.45,25064.1,13:45:00,25053.11145395484,1,55
2024-08-27,25063.85,25067.1,25057.9,25058.85,13:50:00,25054.1341726258,1,56
2024-08-27,25058.4,25064.05,25050.25,25063.6,13:55:00,25054.54044189953,1,57
2024-08-27,25055.15,25059.45,25050.95,25057.2,14:00:00,25054.59849505196,1,58
2024-08-27,25056.65,25057.95,25048.8,25054.85,14:05:00,25054.79387647557,1,59
2024-08-27,25052.65,25060.55,25050.15,25057.65,14:10:00,25054.58969776362,1,60
2024-08-27,25049.0,25056.2,25047.45,25052.0,14:15:00,25054.05734559565,1,61
2024-08-27,25043.25,25052.65,25038.9,25048.6,14:20:00,25053.028074586546,1,62
2024-08-27,25046.95,25050.45,25039.9,25042.95,14:25:00,25052.449210340204,1,63
2024-08-27,25050.35,25051.2,25044.9,25047.0,14:30:00,25052.2492855459,1,64
2024-08-27,25040.45,25053.1,25036.35,25048.5,14:35:00,25051.125544065337,1,65
2024-08-27,25042.25,25047.65,25038.2,25040.15,14:40:00,25050.28025415436,1,66
2024-08-27,25024.1,25044.3,25016.5,25042.85,14:45:00,25047.78689661584,1,67
2024-08-27,25006.6,25025.1,25002.05,25024.35,14:50:00,25043.86433503338,1,68
2024-08-27,25016.05,25020.3,24998.0,25007.15,14:55:00,25041.21535074449,1,69
2024-08-27,25030.75,25032.05,25007.6,25016.75,15:00:00,25040.21865067359,1,70
2024-08-27,25029.25,25030.7,25020.85,25030.5,15:05:00,25039.174017276106,1,71
2024-08-27,25024.6,25029.45,25018.2,25028.85,15:10:00,25037.78601563076,1,72
2024-08-27,25017.7,25027.75,25011.55,25024.25,15:15:00,25035.873061761165,1,73
2024-08-27,25012.1,25018.6,25007.35,25017.25,15:20:00,25033.608960641053,1,74
2024-08-27,24997.05,25011.25,24988.4,25011.25,15:25:00,25030.12715486572,1,75
2024-08-28,25041.45,25047.85,25006.15,25029.25,09:15:00,25031.263498654247,2,1
2024-08-28,25027.8,25043.7,25022.65,25042.8,09:20:00,25030.93364163956,2,2
2024-08-28,25012.7,25033.1,25012.7,25028.15,09:25:00,25029.19710434056,2,3
2024-08-28,24970.9,25014.0,24970.35,25012.55,09:30:00,25023.644999165263,2,4
2024-08-28,24980.8,24991.05,24964.85,24970.3,09:35:00,25019.564523054287,2,5
2024-08-28,24991.95,24999.8,24979.55,24979.8,09:40:00,25016.93456847769,2,6
2024-08-28,25009.7,25014.95,24982.7,24991.45,09:45:00,25016.24556195601,2,7
2024-08-28,25015.4,25023.35,25008.6,25009.3,09:50:00,25016.16503224591,2,8
2024-08-28,25023.1,25025.75,25008.5,25015.3,09:55:00,25016.82550536535,2,9
2024-08-28,25006.9,25024.95,25006.1,25022.15,10:00:00,25015.880219140075,2,10
2024-08-28,24995.85,25008.0,24987.95,25006.9,10:05:00,25013.97257922197,2,11
2024-08-28,25010.95,25011.1,24994.95,24996.1,10:10:00,25013.684714534167,2,12
2024-08-28,24995.65,25011.4,24993.55,25010.15,10:15:00,25011.96712267377,2,13
2024-08-28,25015.55,25023.15,24995.05,24995.8,10:20:00,25012.3083490858,2,14
2024-08-28,25010.35,25029.4,25009.85,25014.45,10:25:00,25012.12183964905,2,15
2024-08-28,25008.4,25012.2,24999.95,25010.6,10:30:00,25011.767378730096,2,16
2024-08-28,25028.9,25028.9,25002.65,25008.7,10:35:00,25013.39905694628,2,17
2024-08-28,25021.85,25032.2,25019.75,25028.2,10:40:00,25014.20390866568,2,18
2024-08-28,25017.25,25022.25,25009.25,25021.25,10:45:00,25014.49401260228,2,19
2024-08-28,25019.4,25024.2,25013.75,25017.55,10:50:00,25014.961249497297,2,20
2024-08-28,25023.85,25023.85,25011.45,25019.4,10:55:00,25015.807797164223,2,21
2024-08-28,25026.3,25033.75,25022.65,25023.25,11:00:00,25016.807054577155,2,22
2024-08-28,25031.05,25031.6,25020.5,25025.85,11:05:00,25018.16352556981,2,23
2024-08-28,25038.85,25040.0,25025.8,25030.15,11:10:00,25020.13366599173,2,24
2024-08-28,25065.65,25069.75,25037.35,25038.55,11:15:00,25024.4685549449,2,25
2024-08-28,25061.45,25078.2,25058.1,25065.85,11:20:00,25027.9905973311,2,26
2024-08-28,25061.0,25063.95,25052.7,25061.85,11:25:00,25031.13434996624,2,27
2024-08-28,25091.4,25094.7,25056.75,25059.55,11:30:00,25036.873935683736,2,28
2024-08-28,25086.6,25099.5,25081.75,25090.65,11:35:00,25041.609751332904,2,29
2024-08-28,25104.15,25109.7,25084.85,25084.85,11:40:00,25047.565965491674,2,30
2024-08-28,25106.5,25113.8,25093.3,25103.2,11:45:00,25053.178730682943,2,31
2024-08-28,25101.2,25111.35,25099.45,25106.35,11:50:00,25057.752184903613,2,32
2024-08-28,25094.3,25104.85,25091.65,25102.1,11:55:00,25061.232929198508,2,33
2024-08-28,25096.3,25097.9,25088.95,25093.5,12:00:00,25064.572650227223,2,34
2024-08-28,25090.05,25102.0,25086.15,25096.4,12:05:00,25066.999064491298,2,35
2024-08-28,25086.8,25092.95,25085.0,25089.8,12:10:00,25068.88486787308,2,36
2024-08-28,25086.2,25093.25,25081.2,25086.0,12:15:00,25070.533928075645,2,37
2024-08-28,25094.8,25102.2,25084.95,25086.65,12:20:00,25072.84498254464,2,38
2024-08-28,25100.8,25100.8,25092.75,25094.4,12:25:00,25075.50736515943,2,39
2024-08-28,25098.7,25110.05,25098.25,25099.8,12:30:00,25077.716187525195,2,40
2024-08-28,25101.55,25102.05,25093.3,25098.75,12:35:00,25079.98607442756,2,41
2024-08-28,25098.9,25104.1,25094.6,25101.05,12:40:00,25081.787400672554,2,42
2024-08-28,25094.85,25099.1,25088.3,25097.85,12:45:00,25083.03145775136,2,43
2024-08-28,25098.85,25099.0,25088.25,25094.7,12:50:00,25084.537985584564,2,44
2024-08-28,25098.1,25105.3,25095.1,25097.3,12:55:00,25085.82960600508,2,45
2024-08-28,25101.5,25107.4,25097.75,25097.75,13:00:00,25087.32202448079,2,46
2024-08-28,25099.7,25105.2,25094.1,25101.55,13:05:00,25088.500879292144,2,47
2024-08-28,25101.8,25103.7,25094.55,25098.7,13:10:00,25089.767462216703,2,48
2024-08-28,25102.65,25106.1,25090.55,25100.95,13:15:00,25090.994370577017,2,49
2024-08-28,25109.0,25111.3,25097.4,25102.9,13:20:00,25092.709192426824,2,50
2024-08-28,25106.45,25113.35,25104.7,25109.3,13:25:00,25094.017840767126,2,51
2024-08-28,25098.35,25110.4,25095.5,25106.05,13:30:00,25094.43042736073,2,52
2024-08-28,25102.0,25106.8,25093.7,25097.7,13:35:00,25095.151339040665,2,53
2024-08-28,25101.35,25108.05,25096.9,25100.5,13:40:00,25095.74168770346,2,54
2024-08-28,25107.1,25108.45,25098.3,25101.55,13:45:00,25096.823431731704,2,55
2024-08-28,25104.65,25112.4,25103.25,25106.4,13:50:00,25097.568819185828,2,56
2024-08-28,25108.7,25114.85,25101.25,25104.25,13:55:00,25098.62893164432,2,57
2024-08-28,25113.4,25115.2,25107.7,25107.9,14:00:00,25100.035700059147,2,58
2024-08-28,25120.65,25122.85,25111.8,25112.95,14:05:00,25101.99896672018,2,59
2024-08-28,25121.3,25125.7,25117.9,25120.15,14:10:00,25103.83716036588,2,60
2024-08-28,25118.35,25128.1,25113.35,25120.2,14:15:00,25105.219335569127,2,61
2024-08-28,25124.5,25126.25,25113.55,25117.45,14:20:00,25107.05558932445,2,62
2024-08-28,25114.65,25124.05,25111.45,25122.85,14:25:00,25107.778866531648,2,63
2024-08-28,25109.0,25115.55,25102.55,25114.1,14:30:00,25107.895164957205,2,64
2024-08-28,25098.55,25111.1,25094.4,25108.4,14:35:00,25107.005149247,2,65
2024-08-28,25088.95,25101.75,25080.55,25098.9,14:40:00,25105.28561122348,2,66
2024-08-28,25089.6,25096.75,25084.35,25088.9,14:45:00,25103.791743487905,2,67
2024-08-28,25061.2,25092.4,25049.8,25089.1,14:50:00,25099.735386965247,2,68
2024-08-28,25060.05,25065.45,25055.85,25060.9,14:55:00,25095.95582630189,2,69
2024-08-28,25057.15,25068.35,25049.1,25061.45,15:00:00,25092.26003332076,2,70
2024-08-28,25059.7,25065.0,25053.25,25058.1,15:05:00,25089.1590777664,2,71
2024-08-28,25050.45,25062.2,25048.2,25060.35,15:10:00,25085.472498931507,2,72
2024-08-28,25038.65,25051.35,25038.35,25049.4,15:15:00,25081.013213318984,2,73
2024-08-28,25042.45,25048.05,25037.2,25037.2,15:20:00,25077.340526336226,2,74
2024-08-28,25044.85,25047.65,25032.1,25042.35,15:25:00,25074.24619049468,2,75
2024-08-29,25029.0,25045.05,25018.95,25032.45,09:15:00,25066.581121924213,3,1
2024-08-29,25051.35,25051.35,25027.5,25029.6,09:20:00,25065.13053888381,3,2
2024-08-29,25054.25,25073.5,25049.0,25052.1,09:25:00,25064.09429708535,3,3
2024-08-29,25046.65,25064.25,25043.85,25054.85,09:30:00,25062.43293545817,3,4
2024-08-29,25054.3,25063.9,25043.7,25046.45,09:35:00,25061.658370176447,3,5
2024-08-29,25063.55,25073.9,25053.05,25054.2,09:40:00,25061.838525397736,3,6
2024-08-29,25090.0,25091.25,25062.35,25062.35,09:45:00,25064.52057059795,3,7
2024-08-29,25100.4,25108.75,25083.0,25090.25,09:50:00,25067.93765911243,3,8
2024-08-29,25098.0,25109.3,25094.1,25100.5,09:55:00,25070.80073919696,3,9
2024-08-29,25102.35,25116.35,25089.7,25098.0,10:00:00,25073.80543070201,3,10
2024-08-29,25098.4,25105.8,25092.4,25102.7,10:05:00,25076.147770635154,3,11
2024-08-29,25097.4,25117.6,25096.6,25097.6,10:10:00,25078.171792479425,3,12
2024-08-29,25096.6,25105.35,25086.55,25098.0,10:15:00,25079.92685986234,3,13
2024-08-29,25098.9,25109.8,25095.8,25095.8,10:20:00,25081.73382558973,3,14
2024-08-29,25110.9,25114.5,25098.55,25098.55,10:25:00,25084.511556485948,3,15
2024-08-29,25111.15,25115.8,25104.7,25110.45,10:30:00,25087.04855110633,3,16
2024-08-29,25095.95,25115.6,25095.45,25111.3,10:35:00,25087.896308143827,3,17
2024-08-29,25095.9,25101.6,25088.8,25096.7,10:40:00,25088.65856451108,3,18
2024-08-29,25098.65,25103.8,25093.7,25099.1,10:45:00,25089.610129795736,3,19
2024-08-29,25093.3,25101.2,25082.8,25097.85,10:50:00,25089.961546005663,3,20
2024-08-29,25089.35,25092.4,25077.05,25092.4,10:55:00,25089.90330352893,3,21
2024-08-29,25090.4,25095.3,25085.25,25089.5,11:00:00,25089.950607954743,3,22
2024-08-29,25098.25,25101.0,25085.7,25089.75,11:05:00,25090.74102624477,3,23
2024-08-29,25098.05,25104.6,25093.1,25098.8,11:10:00,25091.43711898336,3,24
2024-08-29,25102.25,25104.45,25093.95,25098.05,11:15:00,25092.466917175425,3,25
2024-08-29,25096.65,25106.5,25094.4,25102.8,11:20:00,25092.86530601586,3,26
2024-08-29,25100.1,25105.05,25092.0,25097.6,11:25:00,25093.554324490546,3,27
2024-08-29,25101.4,25103.25,25093.8,25100.1,11:30:00,25094.30153168192,3,28
2024-08-29,25091.05,25102.85,25089.7,25101.85,11:35:00,25093.99186199793,3,29
2024-08-29,25083.65,25091.9,25082.9,25090.45,11:40:00,25093.006922760032,3,30
2024-08-29,25086.55,25090.0,25079.95,25083.5,11:45:00,25092.391977735268,3,31
2024-08-29,25075.55,25087.65,25072.15,25085.45,11:50:00,25090.78797985572,3,32
2024-08-29,25078.85,25080.8,25072.55,25074.5,11:55:00,25089.65102939327,3,33
2024-08-29,25072.95,25081.5,25072.1,25079.2,12:00:00,25088.06045516534,3,34
2024-08-29,25083.4,25085.65,25070.15,25072.8,12:05:00,25087.61660229245,3,35
2024-08-29,25088.05,25092.0,25082.8,25083.15,12:10:00,25087.6578782646,3,36
2024-08-29,25088.8,25093.0,25087.35,25088.3,12:15:00,25087.76665176321,3,37
2024-08-29,25093.65,25097.4,25084.45,25089.35,12:20:00,25088.326970642906,3,38
2024-08-29,25142.9,25143.05,25092.75,25093.15,12:25:00,25093.524402010247,3,39
2024-08-29,25150.0,25167.75,25133.45,25143.85,12:30:00,25098.903030390225,3,40
2024-08-29,25165.15,25174.0,25150.7,25151.45,12:35:00,25105.21226559116,3,41
2024-08-29,25163.0,25168.45,25158.3,25165.1,12:40:00,25110.715859344386,3,42
2024-08-29,25161.8,25170.7,25159.0,25164.7,12:45:00,25115.581015597298,3,43
2024-08-29,25151.95,25168.65,25150.55,25162.6,12:50:00,25119.044728397555,3,44
2024-08-29,25138.15,25153.2,25135.9,25151.25,12:55:00,25120.864278073976,3,45
2024-08-29,25150.95,25153.1,25135.95,25138.5,13:00:00,25123.72958492408,3,46
2024-08-29,25144.6,25158.5,25142.5,25149.55,13:05:00,25125.71724350273,3,47
2024-08-29,25153.45,25157.0,25143.3,25144.3,13:10:00,25128.35845840724,3,48
2024-08-29,25153.45,25156.5,25145.9,25151.3,13:15:00,25130.74812903512,3,49
2024-08-29,25158.7,25166.75,25150.0,25152.3,13:20:00,25133.410211984152,3,50
2024-08-29,25148.45,25160.3,25145.6,25157.85,13:25:00,25134.84257274757,3,51
2024-08-29,25129.55,25154.3,25126.85,25147.65,13:30:00,25134.338518200177,3,52
2024-08-29,25129.55,25139.45,25126.8,25127.7,13:35:00,25133.88246884778,3,53
2024-08-29,25143.0,25157.15,25120.55,25128.95,13:40:00,25134.75080514799,3,54
2024-08-29,25140.1,25157.4,25138.75,25140.75,13:45:00,25135.260252276752,3,55
2024-08-29,25145.1,25148.9,25133.7,25138.6,13:50:00,25136.197371107537,3,56
2024-08-29,25138.65,25152.85,25134.7,25143.7,13:55:00,25136.43095481158,3,57
2024-08-29,25011.45,25147.15,25007.15,25138.6,14:00:00,25124.528006734286,3,58
2024-08-29,25033.25,25042.15,24999.75,25018.2,14:05:00,25115.83486323578,3,59
2024-08-29,25077.05,25091.3,25034.2,25034.2,14:10:00,25112.14106673713,3,60
2024-08-29,25077.7,25090.3,25061.6,25078.1,14:15:00,25108.86096514312,3,61
2024-08-29,25016.6,25080.55,25006.25,25077.25,14:20:00,25100.074206558063,3,62
2024-08-29,25035.25,25039.1,25012.95,25017.2,14:25:00,25093.90047260015,3,63
2024-08-29,25026.05,25046.25,25022.6,25033.8,14:30:00,25087.43852282871,3,64
2024-08-29,25027.3,25047.55,25017.8,25026.7,14:35:00,25081.71104446407,3,65
2024-08-29,25024.5,25034.65,25001.65,25026.4,14:40:00,25076.26237356273,3,66
2024-08-29,25030.9,25031.75,25016.35,25023.55,14:45:00,25071.94214750914,3,67
2024-08-29,25119.55,25125.55,25020.0,25030.9,14:50:00,25076.476228698742,3,68
2024-08-29,25173.75,25187.25,25114.45,25119.65,14:55:00,25085.740397394104,3,69
2024-08-29,25181.35,25191.15,25159.7,25175.1,15:00:00,25094.84607383276,3,70
2024-08-29,25154.75,25192.6,25137.95,25181.35,15:05:00,25100.551209658213,3,71
2024-08-29,25130.05,25156.95,25120.65,25154.8,15:10:00,25103.36061826219,3,72
2024-08-29,25134.0,25145.35,25117.7,25129.4,15:15:00,25106.27865461817,3,73
2024-08-29,25142.3,25145.85,25131.85,25132.85,15:20:00,25109.709258940253,3,74
2024-08-29,25156.75,25166.7,25133.05,25141.25,15:25:00,25114.18932951737,3,75
2024-08-30,25239.85,25256.05,25225.85,25229.25,09:15:00,25137.83366883395,4,1
2024-08-30,25237.9,25247.2,25225.1,25239.6,09:20:00,25147.36379561168,4,2
2024-08-30,25253.0,25257.95,25234.7,25238.5,09:25:00,25157.4243865058,4,3
2024-08-30,25207.1,25256.45,25206.45,25252.75,09:30:00,25162.15539731477,4,4
2024-08-30,25224.6,25229.1,25206.55,25207.0,09:35:00,25168.10250233241,4,5
2024-08-30,25223.0,25244.45,25215.25,25227.1,09:40:00,25173.33083544361,4,6
2024-08-30,25234.15,25238.1,25220.75,25224.3,09:45:00,25179.12313682993,4,7
2024-08-30,25232.55,25242.45,25222.8,25233.1,09:50:00,25184.211409512794,4,8
2024-08-30,25225.35,25236.65,25222.9,25231.85,09:55:00,25188.12937051158,4,9
2024-08-30,25219.15,25236.65,25199.7,25224.9,10:00:00,25191.08371617714,4,10
2024-08-30,25217.8,25224.1,25212.1,25219.05,10:05:00,25193.62812416027,4,11
2024-08-30,25218.85,25220.95,25204.0,25217.5,10:10:00,25196.03020757357,4,12
2024-08-30,25205.5,25226.35,25204.6,25219.6,10:15:00,25196.93209256657,4,13
2024-08-30,25217.7,25219.25,25204.2,25205.15,10:20:00,25198.90998851261,4,14
2024-08-30,25218.6,25224.4,25210.45,25217.05,10:25:00,25200.785227701886,4,15
2024-08-30,25226.15,25231.2,25217.45,25217.45,10:30:00,25203.200920301708,4,16
2024-08-30,25228.8,25235.95,25223.4,25224.95,10:35:00,25205.63892789202,4,17
2024-08-30,25224.9,25232.6,25210.8,25227.9,10:40:00,25207.47331571183,4,18
2024-08-30,25222.25,25226.5,25215.35,25224.75,10:45:00,25208.88061897737,4,19
2024-08-30,25223.0,25227.7,25218.9,25221.55,10:50:00,25210.22532193191,4,20
2024-08-30,25224.7,25225.95,25214.05,25223.05,10:55:00,25211.6038627003,4,21
2024-08-30,25227.95,25229.35,25220.4,25224.45,11:00:00,25213.160637681227,4,22
2024-08-30,25227.3,25232.4,25225.5,25228.95,11:05:00,25214.507243616343,4,23
2024-08-30,25239.1,25246.65,25226.0,25227.95,11:10:00,25216.84941089098,4,24
2024-08-30,25242.85,25247.55,25236.2,25238.4,11:15:00,25219.32565747279,4,25
2024-08-30,25230.1,25246.2,25217.75,25243.65,11:20:00,25220.35178533252,4,26
2024-08-30,25229.45,25240.5,25224.25,25229.75,11:25:00,25221.21828196752,4,27
2024-08-30,25233.9,25240.5,25229.0,25229.05,11:30:00,25222.42606463728,4,28
2024-08-30,25231.3,25239.75,25228.8,25234.6,11:35:00,25223.27120133849,4,29
2024-08-30,25225.1,25236.2,25225.1,25229.95,11:40:00,25223.445372639588,4,30
2024-08-30,25233.35,25237.25,25224.0,25226.05,11:45:00,25224.38867048344,4,31
2024-08-30,25243.1,25243.9,25229.25,25232.6,11:50:00,25226.170701865965,4,32
2024-08-30,25240.2,25250.55,25238.2,25243.85,11:55:00,25227.506825497778,4,33
2024-08-30,25252.15,25252.25,25238.85,25239.45,12:00:00,25229.85379449799,4,34
2024-08-30,25251.8,25252.6,25242.8,25250.75,12:05:00,25231.943909307705,4,35
2024-08-30,25246.3,25251.6,25232.75,25250.35,12:10:00,25233.311156040305,4,36
2024-08-30,25247.85,25251.9,25243.45,25246.05,12:15:00,25234.69580784599,4,37
2024-08-30,25251.1,25257.95,25246.0,25247.65,12:20:00,25236.258111860658,4,38
2024-08-30,25252.15,25255.3,25243.2,25250.4,12:25:00,25237.771625016787,4,39
2024-08-30,25245.05,25258.15,25240.15,25252.5,12:30:00,25238.464803586616,4,40
2024-08-30,25243.85,25247.3,25236.7,25245.1,12:35:00,25238.97767943551,4,41
2024-08-30,25240.45,25246.35,25236.05,25243.6,12:40:00,25239.11790044165,4,42
2024-08-30,25239.85,25243.05,25233.7,25240.55,12:45:00,25239.18762420912,4,43
2024-08-30,25237.55,25243.6,25235.4,25239.3,12:50:00,25239.03165999872,4,44
2024-08-30,25238.95,25245.2,25235.65,25237.25,12:55:00,25239.023882855985,4,45
2024-08-30,25237.2,25243.05,25228.65,25239.05,13:00:00,25238.850179726844,4,46
2024-08-30,25234.4,25240.55,25230.7,25236.55,13:05:00,25238.42635308619,4,47
2024-08-30,25242.25,25243.4,25232.3,25234.45,13:10:00,25238.790509935123,4,48
2024-08-30,25245.95,25248.75,25236.45,25242.45,13:15:00,25239.472366131777,4,49
2024-08-30,25246.35,25250.75,25241.8,25245.7,13:20:00,25240.12737888113,4,50
2024-08-30,25235.5,25249.2,25234.3,25247.4,13:25:00,25239.68667613055,4,51
2024-08-30,25237.05,25241.1,25231.15,25234.85,13:30:00,25239.43556411812,4,52
2024-08-30,25244.15,25245.4,25235.85,25236.8,13:35:00,25239.884558011632,4,53
2024-08-30,25242.3,25246.35,25238.3,25243.85,13:40:00,25240.11460010576,4,54
2024-08-30,25241.6,25246.4,25238.85,25242.15,13:45:00,25240.256066762355,4,55
2024-08-30,25241.05,25246.8,25235.9,25242.05,13:50:00,25240.33167945165,4,56
2024-08-30,25238.1,25245.7,25236.75,25241.1,13:55:00,25240.119138551498,4,57
2024-08-30,25243.5,25245.6,25237.4,25238.2,14:00:00,25240.44112535612,4,58
2024-08-30,25245.6,25248.4,25239.85,25243.25,14:05:00,25240.93244675077,4,59
2024-08-30,25246.2,25250.05,25241.65,25245.15,14:10:00,25241.4341184888,4,60
2024-08-30,25250.0,25262.15,25244.55,25246.05,14:15:00,25242.24991672796,4,61
2024-08-30,25255.4,25257.7,25245.7,25249.1,14:20:00,25243.50230561101,4,62
2024-08-30,25245.4,25255.8,25241.9,25254.65,14:25:00,25243.683038409963,4,63
2024-08-30,25229.85,25245.65,25228.55,25245.6,14:30:00,25242.365606180443,4,64
2024-08-30,25234.45,25241.5,25227.4,25230.3,14:35:00,25241.611738925163,4,65
2024-08-30,25237.85,25245.55,25232.25,25234.15,14:40:00,25241.253478075145,4,66
2024-08-30,25240.95,25246.35,25231.5,25238.45,14:45:00,25241.224575401324,4,67
2024-08-30,25234.1,25242.4,25228.15,25239.0,14:50:00,25240.546044410723,4,68
2024-08-30,25234.7,25240.6,25223.2,25234.7,14:55:00,25239.989278276367,4,69
2024-08-30,25230.15,25235.75,25206.8,25233.05,15:00:00,25239.05220415481,4,70
2024-08-30,25241.65,25242.8,25211.3,25231.85,15:05:00,25239.299613282925,4,71
2024-08-30,25242.4,25259.1,25221.0,25240.8,15:10:00,25239.59488820836,4,72
2024-08-30,25243.1,25256.95,25233.1,25242.95,15:15:00,25239.928708379,4,73
2024-08-30,25241.65,25249.45,25232.25,25243.2,15:20:00,25240.09264091433,4,74
2024-08-30,25247.0,25265.05,25239.45,25242.5,15:25:00,25240.750484636774,4,75
2024-09-02,25312.95,25313.35,25293.05,25311.6,09:15:00,25255.627267469103,0,1
2024-09-02,25320.2,25323.6,25296.8,25312.1,09:20:00,25261.777051519668,0,2
2024-09-02,25308.5,25319.55,25307.9,25317.7,09:25:00,25266.22685613684,0,3
2024-09-02,25285.75,25310.3,25283.55,25305.25,09:30:00,25268.086203171428,0,4
2024-09-02,25301.05,25302.1,25282.25,25287.1,09:35:00,25271.225612393195,0,5
2024-09-02,25310.45,25320.05,25296.65,25302.0,09:40:00,25274.961268355743,0,6
2024-09-02,25318.35,25319.7,25308.05,25308.85,09:45:00,25279.09352851234,0,7
2024-09-02,25303.1,25321.6,25302.45,25317.8,09:50:00,25281.37985913021,0,8
2024-09-02,25297.0,25307.15,25293.1,25304.0,09:55:00,25282.867491594,0,9
2024-09-02,25293.9,25304.45,25292.85,25297.6,10:00:00,25283.91820668029,0,10
2024-09-02,25299.4,25301.25,25283.2,25294.45,10:05:00,25285.392663186925,0,11
2024-09-02,25305.2,25309.45,25292.25,25298.25,10:10:00,25287.279076216742,0,12
2024-09-02,25293.85,25307.25,25291.35,25303.35,10:15:00,25287.90487848181,0,13
2024-09-02,25296.55,25299.95,25291.85,25294.35,10:20:00,25288.72822338831,0,14
2024-09-02,25294.85,25301.5,25293.25,25296.7,10:25:00,25289.31124973228,0,15
2024-09-02,25302.35,25304.5,25292.35,25295.15,10:30:00,25290.55303547206,0,16
2024-09-02,25309.5,25310.55,25299.9,25302.05,10:35:00,25292.357508284247,0,17
2024-09-02,25306.65,25310.15,25305.15,25308.25,10:40:00,25293.718697971464,0,18
2024-09-02,25311.25,25313.9,25304.35,25307.0,10:45:00,25295.388345783704,0,19
2024-09-02,25312.0,25315.6,25304.3,25312.4,10:50:00,25296.97040809002,0,20
2024-09-02,25314.55,25315.25,25305.4,25311.75,10:55:00,25298.64465493859,0,21
2024-09-02,25312.75,25316.95,25310.25,25314.45,11:00:00,25299.988021134915,0,22
2024-09-02,25316.4,25317.0,25302.6,25312.45,11:05:00,25301.551066741114,0,23
2024-09-02,25315.4,25320.4,25310.8,25317.0,11:10:00,25302.87001276577,0,24
2024-09-02,25313.55,25319.2,25307.25,25315.8,11:15:00,25303.887154407126,0,25
2024-09-02,25320.25,25322.0,25307.15,25313.75,11:20:00,25305.445520654062,0,26
2024-09-02,25310.15,25321.55,25307.95,25320.7,11:25:00,25305.89356630606,0,27
2024-09-02,25306.6,25312.3,25302.1,25310.35,11:30:00,25305.96084570548,0,28
2024-09-02,25304.15,25311.55,25303.15,25307.0,11:35:00,25305.78838420972,0,29
2024-09-02,25298.2,25308.25,25292.85,25304.5,11:40:00,25305.065680951648,0,30
2024-09-02,25307.05,25308.25,25297.0,25298.6,11:45:00,25305.25466371816,0,31
2024-09-02,25293.95,25307.8,25291.05,25307.15,11:50:00,25304.17802907833,0,32
2024-09-02,25287.75,25295.45,25281.8,25294.15,11:55:00,25302.6134548804,0,33
2024-09-02,25292.9,25293.0,25283.6,25289.1,12:00:00,25301.688363939404,0,34
2024-09-02,25295.45,25299.75,25289.95,25295.6,12:05:00,25301.09423404041,0,35
2024-09-02,25300.5,25302.1,25287.05,25295.65,12:10:00,25301.03764032228,0,36
2024-09-02,25293.15,25304.1,25290.3,25301.5,12:15:00,25300.286436482056,0,37
2024-09-02,25293.05,25298.35,25290.5,25293.4,12:20:00,25299.59725205519,0,38
2024-09-02,25290.1,25298.35,25287.1,25293.0,12:25:00,25298.692751859457,0,39
2024-09-02,25293.2,25296.8,25288.4,25290.4,12:30:00,25298.169632634745,0,40
2024-09-02,25294.45,25299.75,25292.7,25292.85,12:35:00,25297.815381907625,0,41
2024-09-02,25276.8,25296.5,25274.15,25294.65,12:40:00,25295.81391696404,0,42
2024-09-02,25259.3,25278.95,25257.95,25276.85,12:45:00,25292.336401062705,0,43
2024-09-02,25259.1,25263.9,25251.7,25259.15,12:50:00,25289.171029532925,0,44
2024-09-02,25246.55,25263.55,25235.55,25258.9,12:55:00,25285.111883863123,0,45
2024-09-02,25256.45,25258.6,25240.95,25246.6,13:00:00,25282.382180638066,0,46
2024-09-02,25262.05,25266.85,25254.85,25256.3,13:05:00,25280.44578248206,0,47
2024-09-02,25255.7,25269.95,25254.55,25261.45,13:10:00,25278.089041293293,0,48
2024-09-02,25260.0,25265.0,25254.95,25255.8,13:15:00,25276.36627545584,0,49
2024-09-02,25256.2,25262.95,25250.15,25259.55,13:20:00,25274.445677793377,0,50
2024-09-02,25257.15,25262.0,25248.65,25255.65,13:25:00,25272.798470384485,0,51
2024-09-02,25254.6,25262.75,25253.1,25255.9,13:30:00,25271.06528272882,0,52
2024-09-02,25249.05,25257.35,25248.35,25254.8,13:35:00,25268.9685891356,0,53
2024-09-02,25253.5,25255.55,25244.95,25250.2,13:40:00,25267.495390170305,0,54
2024-09-02,25258.4,25259.05,25250.85,25253.1,13:45:00,25266.62916253504,0,55
2024-09-02,25258.55,25264.85,25256.95,25258.6,13:50:00,25265.85971848408,0,56
2024-09-02,25252.3,25260.2,25250.55,25259.1,13:55:00,25264.568316723693,0,57
2024-09-02,25277.7,25280.75,25251.15,25253.0,14:00:00,25265.8189532262,0,58
2024-09-02,25283.15,25283.65,25270.65,25277.3,14:05:00,25267.46952910942,0,59
2024-09-02,25275.75,25283.1,25272.6,25282.75,14:10:00,25268.25814538472,0,60
2024-09-02,25289.15,25289.2,25274.7,25275.4,14:15:00,25270.247845824262,0,61
2024-09-02,25272.55,25290.35,25264.2,25289.3,14:20:00,25270.46709860291,0,62
2024-09-02,25259.8,25274.25,25258.0,25272.85,14:25:00,25269.45118445025,0,63
2024-09-02,25273.6,25275.95,25259.6,25260.65,14:30:00,25269.846309740704,0,64
2024-09-02,25282.65,25285.15,25271.55,25273.3,14:35:00,25271.065708813017,0,65
2024-09-02,25273.0,25283.65,25272.15,25282.2,14:40:00,25271.2499270213,0,66
2024-09-02,25284.0,25286.45,25271.8,25273.6,14:45:00,25272.46421968594,0,67
2024-09-02,25270.9,25286.95,25269.2,25283.55,14:50:00,25272.31524638252,0,68
2024-09-02,25274.25,25275.85,25265.6,25270.0,14:55:00,25272.4995086318,0,69
2024-09-02,25278.2,25288.25,25271.4,25275.0,15:00:00,25273.04241257163,0,70
2024-09-02,25283.55,25284.8,25272.55,25278.5,15:05:00,25274.043135183856,0,71
2024-09-02,25280.1,25283.7,25267.7,25283.7,15:10:00,25274.61997945205,0,72
2024-09-02,25287.95,25289.4,25279.6,25279.6,15:15:00,25275.889505218525,0,73
2024-09-02,25277.9,25289.85,25273.85,25287.45,15:20:00,25276.080980912,0,74
2024-09-02,25273.9,25280.3,25258.6,25276.8,15:25:00,25275.87326844419,0,75
2024-09-03,25273.1,25317.75,25258.9,25311.7,09:15:00,25278.84274355636,1,1
2024-09-03,25260.4,25277.05,25256.75,25273.5,09:20:00,25277.08629178908,1,2
2024-09-03,25267.15,25275.7,25258.8,25259.0,09:25:00,25276.13997828536,1,3
2024-09-03,25266.4,25276.45,25257.15,25268.05,09:30:00,25275.212361305803,1,4
2024-09-03,25262.4,25271.25,25257.5,25265.9,09:35:00,25273.992136419536,1,5
2024-09-03,25270.5,25273.8,25259.0,25262.7,09:40:00,25273.65955199863,1,6
2024-09-03,25262.05,25276.4,25259.7,25270.9,09:45:00,25272.55388037972,1,7
2024-09-03,25261.0,25267.65,25259.1,25260.6,09:50:00,25271.45351081974,1,8
2024-09-03,25253.65,25268.1,25241.4,25260.85,09:55:00,25269.757938360715,1,9
2024-09-03,25254.65,25260.15,25249.85,25253.4,10:00:00,25268.319087088268,1,10
2024-09-03,25261.65,25265.05,25253.85,25254.95,10:05:00,25267.68393593701,1,11
2024-09-03,25265.25,25268.2,25259.65,25262.3,10:10:00,25267.452132514434,1,12
2024-09-03,25266.45,25274.55,25262.15,25265.3,10:15:00,25267.356691322584,1,13
2024-09-03,25255.95,25268.05,25251.2,25265.35,10:20:00,25266.270339768053,1,14
2024-09-03,25248.4,25257.9,25244.55,25256.3,10:25:00,25264.568402647288,1,15
2024-09-03,25256.1,25256.95,25247.5,25248.5,10:30:00,25263.76188810945,1,16
2024-09-03,25261.2,25263.65,25251.05,25256.05,10:35:00,25263.51789876569,1,17
2024-09-03,25262.8,25269.1,25259.8,25260.85,10:40:00,25263.44952745467,1,18
2024-09-03,25269.65,25272.25,25254.7,25262.15,10:45:00,25264.040048649465,1,19
2024-09-03,25257.65,25271.95,25257.4,25269.45,10:50:00,25263.43147258761,1,20
2024-09-03,25255.15,25261.55,25253.95,25259.15,10:55:00,25262.6427609126,1,21
2024-09-03,25259.65,25262.65,25250.75,25255.9,11:00:00,25262.357736063783,1,22
2024-09-03,25262.85,25265.05,25256.3,25261.0,11:05:00,25262.404618343426,1,23
2024-09-03,25243.85,25264.25,25242.85,25263.2,11:10:00,25260.637511834528,1,24
2024-09-03,25256.65,25256.95,25236.45,25242.25,11:15:00,25260.25774880267,1,25
2024-09-03,25255.3,25263.05,25253.05,25257.8,11:20:00,25259.785582250035,1,26
2024-09-03,25257.15,25258.4,25250.75,25255.9,11:25:00,25259.5345744167,1,27
2024-09-03,25259.3,25261.25,25255.3,25258.35,11:30:00,25259.51223399605,1,28
2024-09-03,25256.9,25264.45,25255.75,25259.5,11:35:00,25259.26344980596,1,29
2024-09-03,25251.7,25257.8,25250.75,25256.4,11:40:00,25258.543121253013,1,30
2024-09-03,25251.7,25254.7,25248.8,25251.75,11:45:00,25257.891395419392,1,31
2024-09-03,25251.25,25253.85,25244.15,25252.85,11:50:00,25257.258881569927,1,32
2024-09-03,25250.0,25254.3,25247.75,25251.15,11:55:00,25256.56755951565,1,33
2024-09-03,25251.7,25256.3,25247.05,25250.75,12:00:00,25256.10398241892,1,34
2024-09-03,25260.0,25262.05,25249.75,25252.35,12:05:00,25256.47503171236,1,35
2024-09-03,25259.45,25264.35,25256.2,25259.2,12:10:00,25256.75836202547,1,36
2024-09-03,25257.8,25260.55,25254.75,25259.25,12:15:00,25256.85756564209,1,37
2024-09-03,25254.95,25264.35,25253.05,25257.7,12:20:00,25256.6758927238,1,38
2024-09-03,25254.85,25257.65,25249.5,25255.4,12:25:00,25256.501998178675,1,39
2024-09-03,25256.95,25261.1,25252.15,25254.0,12:30:00,25256.5446650188,1,40
2024-09-03,25261.85,25263.25,25255.8,25259.65,12:35:00,25257.04993501701,1,41
2024-09-03,25261.55,25265.7,25259.65,25262.25,12:40:00,25257.47851263444,1,42
2024-09-03,25264.95,25268.05,25258.2,25261.15,12:45:00,25258.19008285973,1,43
2024-09-03,25267.3,25268.8,25259.9,25265.5,12:50:00,25259.057694015948,1,44
2024-09-03,25269.15,25271.45,25265.15,25267.3,12:55:00,25260.018866014427,1,45
2024-09-03,25276.15,25281.1,25267.9,25270.7,13:00:00,25261.555164489244,1,46
2024-09-03,25277.9,25278.95,25271.55,25277.15,13:05:00,25263.11181549027,1,47
2024-09-03,25282.7,25284.65,25277.35,25278.85,13:10:00,25264.97735687215,1,48
2024-09-03,25289.2,25298.3,25281.5,25283.75,13:15:00,25267.28427526528,1,49
2024-09-03,25289.5,25295.55,25287.35,25289.4,13:20:00,25269.40005857335,1,50
2024-09-03,25282.05,25293.55,25279.9,25290.9,13:25:00,25270.604814899696,1,51
2024-09-03,25279.8,25284.25,25277.4,25282.25,13:30:00,25271.48054681401,1,52
2024-09-03,25280.5,25285.2,25277.15,25279.85,13:35:00,25272.33954235553,1,53
2024-09-03,25270.95,25282.55,25269.8,25280.45,13:40:00,25272.20720498834,1,54
2024-09-03,25276.3,25281.0,25269.15,25271.55,13:45:00,25272.59699498945,1,55
2024-09-03,25271.7,25282.0,25270.65,25276.55,13:50:00,25272.511566895217,1,56
2024-09-03,25262.25,25275.25,25252.1,25273.05,13:55:00,25271.53427480996,1,57
2024-09-03,25264.05,25270.1,25258.25,25262.7,14:00:00,25270.821486732817,1,58
2024-09-03,25268.4,25271.35,25261.95,25264.0,14:05:00,25270.59086894874,1,59
2024-09-03,25272.05,25277.0,25263.1,25268.65,14:10:00,25270.729833810765,1,60
2024-09-03,25268.15,25274.2,25266.5,25272.75,14:15:00,25270.484135352595,1,61
2024-09-03,25271.45,25273.65,25262.95,25268.4,14:20:00,25270.57612246188,1,62
2024-09-03,25273.2,25279.3,25267.5,25271.55,14:25:00,25270.826015560742,1,63
2024-09-03,25276.35,25280.5,25267.65,25273.3,14:30:00,25271.35210931686,1,64
2024-09-03,25285.35,25290.6,25273.95,25275.7,14:35:00,25272.68524176288,1,65
2024-09-03,25284.65,25290.15,25280.9,25285.85,14:40:00,25273.824742547364,1,66
2024-09-03,25291.5,25293.2,25283.55,25284.8,14:45:00,25275.508100399995,1,67
2024-09-03,25295.8,25298.25,25287.75,25292.2,14:50:00,25277.440662266665,1,68
2024-09-03,25299.8,25304.1,25294.75,25295.9,14:55:00,25279.570123003174,1,69
2024-09-03,25280.65,25301.1,25279.7,25300.3,15:00:00,25279.672968431445,1,70
2024-09-03,25280.5,25285.95,25270.9,25280.65,15:05:00,25279.75173334274,1,71
2024-09-03,25276.3,25284.8,25276.2,25280.6,15:10:00,25279.422996833902,1,72
2024-09-03,25281.3,25285.3,25276.65,25277.05,15:15:00,25279.6017590402,1,73
2024-09-03,25275.8,25281.6,25271.1,25281.1,15:20:00,25279.239686750658,1,74
2024-09-03,25268.85,25276.75,25260.75,25275.65,15:25:00,25278.250192774405,1,75
2024-09-04,25099.9,25127.85,25086.55,25106.7,09:15:00,25245.03904669288,2,1
2024-09-04,25112.05,25120.25,25085.15,25099.8,09:20:00,25232.37342319832,2,2
2024-09-04,25104.7,25117.9,25102.25,25113.0,09:25:00,25220.214049560385,2,3
2024-09-04,25109.15,25116.35,25093.15,25105.5,09:30:00,25209.636521030825,2,4
2024-09-04,25108.75,25113.8,25102.1,25108.8,09:35:00,25200.02828093265,2,5
2024-09-04,25095.3,25113.6,25094.7,25109.15,09:40:00,25190.054158939063,2,6
2024-09-04,25113.55,25114.3,25089.75,25095.1,09:45:00,25182.76804856392,2,7
2024-09-04,25124.6,25128.55,25110.2,25113.55,09:50:00,25177.228234414968,2,8
2024-09-04,25127.45,25136.9,25125.05,25125.05,09:55:00,25172.48745018497,2,9
2024-09-04,25127.25,25128.0,25118.3,25127.65,10:00:00,25168.179121595924,2,10
2024-09-04,25136.75,25137.9,25124.85,25127.25,10:05:00,25165.185871920123,2,11
2024-09-04,25152.45,25158.25,25136.3,25136.85,10:10:00,25163.97293173725,2,12
2024-09-04,25143.9,25157.35,25140.4,25152.9,10:15:00,25162.061223952755,2,13
2024-09-04,25135.65,25145.95,25129.45,25142.95,10:20:00,25159.54586929059,2,14
2024-09-04,25124.25,25138.6,25121.9,25136.15,10:25:00,25156.18435792958,2,15
2024-09-04,25101.15,25126.2,25100.35,25123.85,10:30:00,25150.942990507712,2,16
2024-09-04,25110.7,25112.7,25094.65,25102.05,10:35:00,25147.11032474508,2,17
2024-09-04,25107.6,25115.15,25105.5,25109.9,10:40:00,25143.34743667412,2,18
2024-09-04,25114.4,25119.6,25104.6,25107.75,10:45:00,25140.590537943244,2,19
2024-09-04,25124.6,25129.0,25113.45,25114.35,10:50:00,25139.067629567697,2,20
2024-09-04,25137.95,25141.3,25124.6,25124.7,10:55:00,25138.961188656485,2,21
2024-09-04,25131.6,25140.75,25122.2,25137.5,11:00:00,25138.260123070155,2,22
2024-09-04,25127.95,25136.75,25125.8,25131.95,11:05:00,25137.27820658728,2,23
2024-09-04,25128.7,25132.1,25125.05,25127.35,11:10:00,25136.46123453135,2,24
2024-09-04,25128.7,25134.9,25122.2,25129.2,11:15:00,25135.72206933789,2,25
2024-09-04,25126.9,25131.1,25122.95,25127.1,11:20:00,25134.88187225809,2,26
2024-09-04,25120.35,25128.5,25118.75,25127.4,11:25:00,25133.49788442399,2,27
2024-09-04,25130.2,25131.85,25118.0,25119.95,11:30:00,25133.18380019313,2,28
2024-09-04,25134.1,25136.0,25129.25,25130.8,11:35:00,25133.2710573176,2,29
2024-09-04,25139.6,25144.2,25133.1,25134.05,11:40:00,25133.87381376354,2,30
2024-09-04,25130.45,25140.85,25128.4,25139.9,11:45:00,25133.54773626225,2,31
2024-09-04,25127.2,25134.65,25126.15,25130.35,11:50:00,25132.94318995156,2,32
2024-09-04,25130.2,25134.55,25125.25,25127.3,11:55:00,25132.681933765696,2,33
2024-09-04,25132.85,25138.85,25128.05,25129.65,12:00:00,25132.697940073725,2,34
2024-09-04,25136.95,25140.55,25132.5,25133.15,12:05:00,25133.102898161946,2,35
2024-09-04,25134.15,25138.9,25132.15,25137.45,12:10:00,25133.20262214652,2,36
2024-09-04,25139.2,25142.15,25133.85,25134.45,12:15:00,25133.77380098971,2,37
2024-09-04,25128.35,25144.5,25127.3,25139.3,12:20:00,25133.257248514503,2,38
2024-09-04,25132.7,25140.45,25125.75,25128.8,12:25:00,25133.20417722741,2,39
2024-09-04,25136.3,25139.2,25124.95,25132.9,12:30:00,25133.499017491464,2,40
2024-09-04,25140.55,25143.95,25136.5,25136.5,12:35:00,25134.17053963513,2,41
2024-09-04,25136.35,25145.5,25135.9,25139.3,12:40:00,25134.37810728893,2,42
2024-09-04,25139.95,25143.8,25135.7,25136.45,12:45:00,25134.908763737603,2,43
2024-09-04,25137.05,25145.1,25135.0,25138.9,12:50:00,25135.11269100069,2,44
2024-09-04,25135.65,25141.2,25135.65,25136.9,12:55:00,25135.16386328634,2,45
2024-09-04,25136.5,25139.3,25130.35,25135.75,13:00:00,25135.291114401927,2,46
2024-09-04,25139.3,25144.4,25131.45,25136.4,13:05:00,25135.67291303032,2,47
2024-09-04,25153.2,25154.3,25138.85,25138.85,13:10:00,25137.34215940838,2,48
2024-09-04,25175.8,25181.4,25152.5,25153.3,13:15:00,25141.004810893297,2,49
2024-09-04,25178.9,25191.8,25171.35,25175.7,13:20:00,25144.613876522508,2,50
2024-09-04,25169.45,25185.95,25164.9,25179.2,13:25:00,25146.9792216156,2,51
2024-09-04,25173.7,25183.3,25169.4,25169.4,13:30:00,25149.52405765221,2,52
2024-09-04,25174.15,25176.45,25168.4,25173.65,13:35:00,25151.86938549485,2,53
2024-09-04,25164.0,25176.6,25160.5,25174.05,13:40:00,25153.0246821144,2,54
2024-09-04,25168.85,25170.1,25161.0,25163.65,13:45:00,25154.53185524636,2,55
2024-09-04,25167.85,25177.3,25165.6,25169.05,13:50:00,25155.8002499848,2,56
2024-09-04,25177.3,25180.1,25167.2,25168.85,13:55:00,25157.847845224343,2,57
2024-09-04,25174.95,25178.35,25171.0,25178.0,14:00:00,25159.47662186965,2,58
2024-09-04,25164.95,25178.3,25158.85,25174.05,14:05:00,25159.9978959773,2,59
2024-09-04,25163.65,25170.8,25162.8,25165.0,14:10:00,25160.34571540803,2,60
2024-09-04,25149.55,25167.65,25149.55,25164.3,14:15:00,25159.31755203584,2,61
2024-09-04,25157.0,25161.4,25145.75,25149.85,14:20:00,25159.09683279433,2,62
2024-09-04,25156.0,25163.0,25154.35,25156.65,14:25:00,25158.801896337725,2,63
2024-09-04,25156.25,25161.9,25152.85,25156.35,14:30:00,25158.55885859128,2,64
2024-09-04,25163.25,25168.95,25156.6,25156.7,14:35:00,25159.00563396353,2,65
2024-09-04,25180.2,25182.9,25163.0,25163.15,14:40:00,25161.024145014628,2,66
2024-09-04,25179.35,25184.45,25175.8,25180.35,14:45:00,25162.769464537043,2,67
2024-09-04,25182.1,25184.9,25177.35,25179.45,14:50:00,25164.610467914463,2,68
2024-09-04,25169.95,25183.4,25167.7,25182.5,14:55:00,25165.11899477976,2,69
2024-09-04,25193.7,25196.7,25169.3,25169.3,15:00:00,25167.84099527692,2,70
2024-09-04,25187.35,25195.25,25180.55,25192.85,15:05:00,25169.69899572674,2,71
2024-09-04,25210.1,25211.1,25185.6,25188.25,15:10:00,25173.546710419432,2,72
2024-09-04,25203.85,25210.35,25201.25,25209.6,15:15:00,25176.432737998533,2,73
2024-09-04,25205.65,25206.5,25202.1,25203.85,15:20:00,25179.215334379624,2,74
2024-09-04,25206.35,25215.5,25202.75,25205.8,15:25:00,25181.79958824823,2,75
2024-09-05,25242.0,25270.15,25234.1,25263.05,09:15:00,25193.45272416692,3,1
2024-09-05,25242.75,25258.4,25235.65,25241.15,09:20:00,25198.147702817685,3,2
2024-09-05,25217.1,25243.25,25208.5,25242.65,09:25:00,25199.95268350172,3,3
2024-09-05,25217.05,25232.75,25203.8,25216.9,09:30:00,25201.58099935869,3,4
2024-09-05,25218.1,25224.05,25204.75,25215.5,09:35:00,25203.15423751501,3,5
2024-09-05,25208.9,25218.0,25187.55,25217.95,09:40:00,25203.701452989768,3,6
2024-09-05,25206.65,25221.8,25204.15,25209.3,09:45:00,25203.982266990744,3,7
2024-09-05,25210.9,25222.15,25206.7,25206.9,09:50:00,25204.64109870591,3,8
2024-09-05,25210.75,25223.1,25200.05,25210.95,09:55:00,25205.22289882916,3,9
2024-09-05,25210.15,25214.4,25202.95,25210.55,10:00:00,25205.692146559715,3,10
2024-09-05,25203.5,25215.25,25200.0,25210.15,10:05:00,25205.48337069689,3,11
2024-09-05,25207.0,25208.35,25187.65,25203.8,10:10:00,25205.627811582897,3,12
2024-09-05,25207.65,25211.85,25200.35,25207.3,10:15:00,25205.82040095596,3,13
2024-09-05,25195.3,25212.8,25194.6,25207.75,10:20:00,25204.81845800777,3,14
2024-09-05,25175.5,25202.75,25175.5,25195.65,10:25:00,25202.02622391179,3,15
2024-09-05,25166.0,25184.5,25156.25,25174.1,10:30:00,25198.59515496781,3,16
2024-09-05,25160.9,25177.1,25152.15,25165.8,10:35:00,25195.00514020897,3,17
2024-09-05,25171.7,25172.25,25158.0,25160.8,10:40:00,25192.78560304621,3,18
2024-09-05,25175.55,25176.2,25166.7,25171.1,10:45:00,25191.14411704181,3,19
2024-09-05,25177.05,25182.0,25174.25,25175.75,10:50:00,25189.801820180684,3,20
2024-09-05,25175.5,25182.2,25169.55,25176.9,10:55:00,25188.43974206824,3,21
2024-09-05,25178.3,25180.05,25168.25,25175.65,11:00:00,25187.474052347457,3,22
2024-09-05,25192.5,25193.95,25176.7,25178.65,11:05:00,25187.95271402865,3,23
2024-09-05,25193.6,25194.4,25188.95,25192.85,11:10:00,25188.49055078783,3,24
2024-09-05,25197.05,25197.05,25187.4,25193.35,11:15:00,25189.305736427083,3,25
2024-09-05,25180.5,25198.6,25178.5,25197.85,11:20:00,25188.4670948626,3,26
2024-09-05,25173.65,25181.45,25171.25,25180.8,11:25:00,25187.055942970925,3,27
2024-09-05,25182.15,25185.25,25171.65,25173.35,11:30:00,25186.588710307027,3,28
2024-09-05,25181.4,25183.95,25176.5,25182.2,11:35:00,25186.09454742065,3,29
2024-09-05,25176.3,25185.0,25174.95,25181.15,11:40:00,25185.161733380584,3,30
2024-09-05,25176.5,25177.3,25171.05,25176.1,11:45:00,25184.33680639196,3,31
2024-09-05,25178.8,25180.35,25174.15,25177.45,11:50:00,25183.809491497486,3,32
2024-09-05,25176.15,25179.3,25168.8,25178.15,11:55:00,25183.08001611677,3,33
2024-09-05,25191.3,25192.7,25175.05,25175.9,12:00:00,25183.8628717247,3,34
2024-09-05,25188.5,25194.75,25187.1,25192.15,12:05:00,25184.304502989016,3,35
2024-09-05,25188.9,25191.95,25185.2,25188.65,12:10:00,25184.742169371017,3,36
2024-09-05,25187.05,25193.55,25184.85,25188.65,12:15:00,25184.961962764253,3,37
2024-09-05,25182.5,25187.75,25181.35,25186.3,12:20:00,25184.72749012004,3,38
2024-09-05,25182.15,25191.15,25180.65,25181.95,12:25:00,25184.482014870508,3,39
2024-09-05,25174.1,25185.25,25170.6,25182.75,12:30:00,25183.493251549506,3,40
2024-09-05,25182.85,25186.05,25171.6,25174.0,12:35:00,25183.43198949717,3,41
2024-09-05,25185.05,25190.7,25182.2,25183.2,12:40:00,25183.586085735533,3,42
2024-09-05,25182.65,25189.2,25179.35,25185.95,12:45:00,25183.4969347131,3,43
2024-09-05,25181.35,25184.9,25177.85,25182.3,12:50:00,25183.292464740425,3,44
2024-09-05,25186.5,25195.75,25179.45,25181.2,12:55:00,25183.59794428896,3,45
2024-09-05,25183.65,25188.3,25181.65,25186.25,13:00:00,25183.60290197573,3,46
2024-09-05,25178.25,25185.5,25175.3,25183.3,13:05:00,25183.093101787563,3,47
2024-09-05,25172.8,25179.85,25169.9,25177.75,13:10:00,25182.112806379224,3,48
2024-09-05,25175.75,25178.55,25170.35,25172.35,13:15:00,25181.5068248193,3,49
2024-09-05,25168.85,25176.2,25167.45,25175.55,13:20:00,25180.301412931745,3,50
2024-09-05,25170.75,25173.15,25161.1,25168.6,13:25:00,25179.39175455729,3,51
2024-09-05,25176.55,25180.7,25169.85,25170.6,13:30:00,25179.12111126612,3,52
2024-09-05,25174.85,25179.6,25171.55,25176.4,13:35:00,25178.714338764585,3,53
2024-09-05,25172.25,25179.55,25167.8,25173.75,13:40:00,25178.098687453672,3,54
2024-09-05,25172.15,25176.45,25168.3,25172.5,13:45:00,25177.53214579141,3,55
2024-09-05,25167.85,25172.35,25166.65,25171.45,13:50:00,25176.610036668422,3,56
2024-09-05,25175.0,25177.0,25166.8,25168.4,13:55:00,25176.456699842864,3,57
2024-09-05,25172.9,25180.9,25167.0,25175.2,14:00:00,25176.117966524496,3,58
2024-09-05,25169.45,25176.0,25167.15,25173.25,14:05:00,25175.48292209359,3,59
2024-09-05,25173.6,25176.8,25168.85,25169.3,14:10:00,25175.30359617992,3,60
2024-09-05,25169.45,25177.9,25165.55,25173.15,14:15:00,25174.746110829445,3,61
2024-09-05,25157.15,25172.8,25148.7,25169.7,14:20:00,25173.070290750453,3,62
2024-09-05,25147.1,25161.75,25144.95,25157.0,14:25:00,25170.5969297266,3,63
2024-09-05,25154.3,25157.55,25140.6,25147.75,14:30:00,25169.04484118121,3,64
2024-09-05,25155.25,25174.0,25154.1,25155.25,14:35:00,25167.731046783,3,65
2024-09-05,25139.7,25158.3,25138.0,25155.55,14:40:00,25165.06142327985,3,66
2024-09-05,25144.5,25146.35,25135.85,25139.7,14:45:00,25163.1031924913,3,67
2024-09-05,25143.65,25146.4,25137.45,25144.25,14:50:00,25161.25050749213,3,68
2024-09-05,25148.15,25156.25,25139.85,25143.45,14:55:00,25160.002840111923,3,69
2024-09-05,25149.6,25153.85,25128.55,25147.15,15:00:00,25159.0120934346,3,70
2024-09-05,25160.75,25160.75,25128.25,25149.75,15:05:00,25159.177608345588,3,71
2024-09-05,25152.7,25161.7,25140.9,25161.25,15:10:00,25158.56069326505,3,72
2024-09-05,25148.25,25153.75,25142.15,25150.85,15:15:00,25157.578722477905,3,73
2024-09-05,25161.4,25163.55,25146.85,25147.3,15:20:00,25157.942653670485,3,74
2024-09-05,25144.8,25161.65,25141.25,25161.1,15:25:00,25156.69097236853,3,75
2024-09-06,25088.8,25131.65,25088.25,25090.55,09:15:00,25144.797371938872,4,1
2024-09-06,25101.15,25112.5,25085.35,25089.1,09:20:00,25140.640479373265,4,2
2024-09-06,25138.0,25157.05,25092.7,25100.85,09:25:00,25140.38900514724,4,3
2024-09-06,25145.35,25168.4,25136.1,25137.3,09:30:00,25140.8614808475,4,4
2024-09-06,25086.15,25151.15,25047.0,25149.6,09:35:00,25135.65086362393,4,5
2024-09-06,25064.3,25083.75,25048.6,25083.25,09:40:00,25128.855543278794,4,6
2024-09-06,25020.75,25063.9,25006.6,25063.9,09:45:00,25118.559777252245,4,7
2024-09-06,24991.15,25018.5,24969.85,25018.5,09:50:00,25106.42551275203,4,8
2024-09-06,24994.9,25011.6,24977.9,24990.7,09:55:00,25095.804035347075,4,9
2024-09-06,24973.5,24999.8,24955.4,24993.65,10:00:00,25084.15603198069,4,10
2024-09-06,24916.45,24972.9,24904.1,24972.9,10:05:00,25068.18402893491,4,11
2024-09-06,24921.1,24933.0,24879.7,24916.6,10:10:00,25054.176026179204,4,12
2024-09-06,24908.6,24921.9,24882.25,24921.9,10:15:00,25040.311642733566,4,13
2024-09-06,24936.1,24936.1,24889.75,24908.85,10:20:00,25030.386724377982,4,14
2024-09-06,24948.35,24949.7,24907.8,24934.8,10:25:00,25022.573703008653,4,15
2024-09-06,24914.25,24950.4,24914.25,24948.55,10:30:00,25012.25715986497,4,16
2024-09-06,24897.8,24913.1,24878.9,24912.75,10:35:00,25001.35647797307,4,17
2024-09-06,24919.15,24921.65,24893.7,24898.1,10:40:00,24993.527289594684,4,18
2024-09-06,24911.8,24921.6,24900.15,24920.15,10:45:00,24985.74373820472,4,19
2024-09-06,24930.2,24935.75,24910.35,24911.2,10:50:00,24980.45385837569,4,20
2024-09-06,24921.7,24936.7,24920.75,24930.3,10:55:00,24974.858252816102,4,21
2024-09-06,24907.75,24922.85,24894.75,24921.3,11:00:00,24968.46699064314,4,22
2024-09-06,24876.65,24912.3,24874.35,24908.05,11:05:00,24959.7225153438,4,23
2024-09-06,24867.0,24881.6,24859.9,24876.75,11:10:00,24950.891799596764,4,24
2024-09-06,24892.15,24895.05,24864.15,24866.3,11:15:00,24945.29734249231,4,25
2024-09-06,24894.45,24900.85,24885.8,24891.5,11:20:00,24940.454738445427,4,26
2024-09-06,24904.2,24905.05,24882.85,24893.75,11:25:00,24937.00190621253,4,27
2024-09-06,24899.75,24904.6,24888.65,24902.6,11:30:00,24933.45410562086,4,28
2024-09-06,24910.5,24922.5,24899.7,24899.7,11:35:00,24931.26800032364,4,29
2024-09-06,24920.05,24920.8,24908.7,24910.85,11:40:00,24930.19961934044,4,30
2024-09-06,24929.5,24933.4,24915.6,24921.25,11:45:00,24930.13298892706,4,31
2024-09-06,24924.45,24931.5,24922.4,24928.4,11:50:00,24929.591751886383,4,32
2024-09-06,24920.9,24928.95,24917.6,24925.0,11:55:00,24928.76396599245,4,33
2024-09-06,24924.75,24926.2,24913.25,24920.85,12:00:00,24928.38168351697,4,34
2024-09-06,24934.05,24938.7,24924.5,24924.5,12:05:00,24928.921523182027,4,35
2024-09-06,24936.25,24942.4,24929.65,24933.15,12:10:00,24929.619473355167,4,36
2024-09-06,24938.3,24945.6,24929.1,24935.85,12:15:00,24930.446190178485,4,37
2024-09-06,24952.5,24960.55,24938.0,24938.3,12:20:00,24932.54655301863,4,38
2024-09-06,24948.6,24953.85,24942.2,24952.4,12:25:00,24934.07545273114,4,39
2024-09-06,24932.3,24952.05,24925.6,24948.1,12:30:00,24933.906361994843,4,40
2024-09-06,24918.4,24935.7,24917.25,24932.75,12:35:00,24932.429565614384,4,41
2024-09-06,24920.2,24929.25,24915.7,24917.65,12:40:00,24931.26484507968,4,42
2024-09-06,24903.2,24923.4,24903.2,24920.4,12:45:00,24928.59200269114,4,43
2024-09-06,24883.15,24910.65,24880.95,24903.05,12:50:00,24924.264192911032,4,44
2024-09-06,24870.7,24894.55,24867.7,24883.05,12:55:00,24919.162841205223,4,45
2024-09-06,24860.0,24872.05,24842.1,24870.4,13:00:00,24913.528284899963,4,46
2024-09-06,24869.9,24874.75,24849.55,24860.4,13:05:00,24909.373210147583,4,47
2024-09-06,24862.0,24878.1,24856.95,24869.4,13:10:00,24904.86147584781,4,48
2024-09-06,24863.45,24864.95,24850.2,24861.75,13:15:00,24900.917525767072,4,49
2024-09-06,24842.4,24865.45,24842.4,24863.05,13:20:00,24895.34442807497,4,50
2024-09-06,24872.9,24878.0,24839.4,24842.0,13:25:00,24893.2068634964,4,51
2024-09-06,24891.1,24893.85,24860.65,24872.4,13:30:00,24893.00620983008,4,52
2024-09-06,24879.95,24893.35,24870.75,24891.4,13:35:00,24891.76276127484,4,53
2024-09-06,24882.45,24885.75,24872.2,24879.05,13:40:00,24890.87583162961,4,54
2024-09-06,24870.85,24886.95,24869.3,24882.35,13:45:00,24888.968609569645,4,55
2024-09-06,24870.3,24876.3,24865.55,24871.65,13:50:00,24887.190646753486,4,56
2024-09-06,24867.6,24878.25,24864.6,24870.55,13:55:00,24885.3248708722,4,57
2024-09-06,24879.2,24879.8,24856.3,24867.7,14:00:00,24884.741549836755,4,58
2024-09-06,24864.75,24884.35,24860.85,24879.0,14:05:00,24882.83759270945,4,59
2024-09-06,24865.6,24867.85,24858.2,24863.4,14:10:00,24881.195917213307,4,60
2024-09-06,24848.4,24871.9,24846.75,24865.15,14:15:00,24878.072496526325,4,61
2024-09-06,24833.75,24852.2,24832.0,24848.1,14:20:00,24873.85130638096,4,62
2024-09-06,24833.95,24843.4,24824.85,24833.2,14:25:00,24870.051181963725,4,63
2024-09-06,24833.1,24841.8,24821.7,24835.15,14:30:00,24866.532021776704,4,64
2024-09-06,24836.75,24846.5,24829.6,24833.05,14:35:00,24863.695638750352,4,65
2024-09-06,24835.8,24845.1,24828.1,24835.35,14:40:00,24861.03891125032,4,66
2024-09-06,24829.2,24840.25,24829.2,24835.9,14:45:00,24858.006633988385,4,67
2024-09-06,24837.45,24843.8,24825.05,24830.65,14:50:00,24856.048859322826,4,68
2024-09-06,24818.3,24846.95,24801.3,24837.35,14:55:00,24852.45372986351,4,69
2024-09-06,24846.05,24852.0,24816.25,24816.25,15:00:00,24851.84385082889,4,70
2024-09-06,24854.2,24854.2,24823.6,24845.2,15:05:00,24852.06824598804,4,71
2024-09-06,24853.05,24857.8,24838.7,24850.25,15:10:00,24852.161746370133,4,72
2024-09-06,24865.8,24866.7,24846.6,24852.1,15:15:00,24853.460627668217,4,73
2024-09-06,24865.85,24878.2,24859.15,24864.6,15:20:00,24854.64056789029,4,74
2024-09-06,24868.5,24875.2,24860.65,24865.1,15:25:00,24855.960513805505,4,75
2024-09-09,24800.5,24821.55,24772.95,24820.95,09:15:00,24847.872892253486,0,1
2024-09-09,24813.7,24821.05,24780.3,24800.15,09:20:00,24844.618331086487,0,2
2024-09-09,24755.65,24824.6,24755.05,24814.55,09:25:00,24836.145156697297,0,3
2024-09-09,24804.55,24804.55,24753.15,24754.95,09:30:00,24833.13609415469,0,4
2024-09-09,24841.9,24846.5,24797.85,24806.3,09:35:00,24833.97075185425,0,5
2024-09-09,24829.3,24845.7,24822.3,24841.35,09:40:00,24833.525918344323,0,6
2024-09-09,24863.1,24867.7,24829.2,24829.2,09:45:00,24836.342497549627,0,7
2024-09-09,24838.4,24862.7,24830.05,24862.5,09:50:00,24836.53845016395,0,8
2024-09-09,24842.0,24855.3,24830.5,24838.9,09:55:00,24837.058597767384,0,9
2024-09-09,24842.2,24850.5,24827.8,24843.85,10:00:00,24837.54825512287,0,10
2024-09-09,24815.35,24844.8,24813.05,24841.85,10:05:00,24835.43413558736,0,11
2024-09-09,24826.5,24835.35,24809.25,24814.6,10:10:00,24834.583265531423,0,12
2024-09-09,24837.75,24841.85,24823.9,24826.0,10:15:00,24834.88485929033,0,13
2024-09-09,24829.55,24838.9,24818.3,24836.95,10:20:00,24834.37677745316,0,14
2024-09-09,24832.65,24836.55,24823.75,24829.85,10:25:00,24834.21232245762,0,15
2024-09-09,24831.9,24844.95,24822.05,24832.55,10:30:00,24833.992101271186,0,16
2024-09-09,24852.2,24854.6,24828.6,24831.45,10:35:00,24835.726186864405,0,17
2024-09-09,24888.85,24888.9,24851.95,24851.95,10:40:00,24840.785597639224,0,18
2024-09-09,24902.9,24916.7,24888.65,24888.65,10:45:00,24846.70125500692,0,19
2024-09-09,24886.35,24904.6,24882.55,24903.85,10:50:00,24850.477325958644,0,20
2024-09-09,24883.85,24893.9,24882.05,24886.9,10:55:00,24853.655675867347,0,21
2024-09-09,24879.55,24891.05,24875.65,24883.6,11:00:00,24856.12180197522,0,22
2024-09-09,24896.65,24899.2,24878.5,24879.75,11:05:00,24859.98163035853,0,23
2024-09-09,24894.15,24899.7,24890.25,24896.8,11:10:00,24863.235760800577,0,24
2024-09-09,24885.85,24896.55,24883.65,24894.65,11:15:00,24865.38949786719,0,25
2024-09-09,24880.75,24893.35,24872.0,24886.25,11:20:00,24866.852402832217,0,26
2024-09-09,24873.8,24882.05,24870.2,24880.9,11:25:00,24867.51407875296,0,27
2024-09-09,24876.4,24878.9,24863.25,24873.65,11:30:00,24868.360356966965,0,28
2024-09-09,24870.75,24879.85,24856.25,24876.05,11:35:00,24868.58794201773,0,29
2024-09-09,24877.65,24884.7,24871.05,24871.3,11:40:00,24869.4509951589,0,30
2024-09-09,24891.35,24892.7,24875.75,24877.4,11:45:00,24871.536614667573,0,31
2024-09-09,24886.15,24898.4,24883.4,24891.95,11:50:00,24872.928365651613,0,32
2024-09-09,24879.4,24886.55,24876.45,24885.9,11:55:00,24873.544711780032,0,33
2024-09-09,24869.5,24880.65,24868.5,24879.3,12:00:00,24873.15950113432,0,34
2024-09-09,24849.65,24871.5,24849.0,24870.3,12:05:00,24870.92050102629,0,35
2024-09-09,24851.95,24864.15,24846.0,24849.4,12:10:00,24869.11378664284,0,36
2024-09-09,24846.6,24853.7,24834.4,24852.05,12:15:00,24866.96961648637,0,37
2024-09-09,24853.2,24854.35,24845.55,24846.8,12:20:00,24865.65822444005,0,38
2024-09-09,24840.2,24863.15,24839.45,24852.75,12:25:00,24863.233631636234,0,39
2024-09-09,24860.75,24863.3,24836.9,24840.55,12:30:00,24862.997095289928,0,40
2024-09-09,24854.35,24867.3,24851.2,24861.25,12:35:00,24862.173562405173,0,41
2024-09-09,24855.65,24860.95,24851.6,24854.95,12:40:00,24861.55227074754,0,42
2024-09-09,24856.05,24869.35,24853.9,24855.7,12:45:00,24861.02824496206,0,43
2024-09-09,24868.95,24872.5,24855.45,24855.45,12:50:00,24861.78269782282,0,44
2024-09-09,24864.35,24874.05,24861.8,24869.9,12:55:00,24862.02720279208,0,45
2024-09-09,24876.2,24878.4,24864.05,24864.05,13:00:00,24863.37699300235,0,46
2024-09-09,24876.5,24882.8,24872.9,24875.95,13:05:00,24864.626803192605,0,47
2024-09-09,24882.15,24884.15,24871.0,24875.8,13:10:00,24866.295679079023,0,48
2024-09-09,24890.1,24891.95,24873.35,24881.25,13:15:00,24868.56275726197,0,49
2024-09-09,24905.75,24911.75,24889.15,24889.95,13:20:00,24872.104399427502,0,50
2024-09-09,24922.9,24925.25,24901.8,24906.0,13:25:00,24876.9420756725,0,51
2024-09-09,24921.7,24938.45,24913.45,24923.1,13:30:00,24881.20473513226,0,52
2024-09-09,24909.0,24927.0,24909.0,24922.4,13:35:00,24883.8519032149,0,53
2024-09-09,24901.85,24920.35,24898.65,24909.75,13:40:00,24885.566007670623,0,54
2024-09-09,24893.95,24909.9,24892.0,24900.85,13:45:00,24886.36448313056,0,55
2024-09-09,24890.85,24896.5,24882.15,24894.15,13:50:00,24886.791675213364,0,56
2024-09-09,24890.95,24898.45,24880.7,24890.6,13:55:00,24887.187706145425,0,57
2024-09-09,24884.4,24900.6,24884.4,24889.7,14:00:00,24886.922210322053,0,58
2024-09-09,24883.35,24897.35,24882.35,24884.5,14:05:00,24886.58199981519,0,59
2024-09-09,24893.45,24899.4,24883.0,24883.0,14:10:00,24887.236095070886,0,60
2024-09-09,24883.3,24906.5,24882.3,24893.85,14:15:00,24886.86122887366,0,61
2024-09-09,24878.05,24888.6,24874.65,24882.45,14:20:00,24886.02206421902,0,62
2024-09-09,24869.3,24887.4,24868.25,24879.95,14:25:00,24884.42948667435,0,63
2024-09-09,24885.35,24890.35,24867.7,24869.0,14:30:00,24884.517154610126,0,64
2024-09-09,24903.55,24907.55,24884.25,24884.7,14:35:00,24886.329806552018,0,65
2024-09-09,24901.65,24910.8,24896.3,24903.0,14:40:00,24887.788872594683,0,66
2024-09-09,24904.0,24916.55,24902.25,24902.25,14:45:00,24889.33278949043,0,67
2024-09-09,24919.1,24921.0,24901.1,24903.9,14:50:00,24892.16776191991,0,68
2024-09-09,24924.55,24935.55,24917.95,24917.95,14:55:00,24895.25178459421,0,69
2024-09-09,24927.9,24930.25,24912.8,24924.85,15:00:00,24898.36113844237,0,70
2024-09-09,24931.15,24933.5,24914.85,24927.6,15:05:00,24901.48388716215,0,71
2024-09-09,24940.55,24946.85,24930.45,24932.5,15:10:00,24905.204469337183,0,72
2024-09-09,24938.75,24946.0,24931.75,24939.75,15:15:00,24908.39928178126,0,73
2024-09-09,24943.2,24943.3,24930.75,24937.5,15:20:00,24911.713635897333,0,74
2024-09-09,24942.25,24957.05,24935.1,24943.3,15:25:00,24914.621861049967,0,75
2024-09-10,24974.05,25011.1,24967.35,25003.2,09:15:00,24927.58682956698,1,1
2024-09-10,25007.0,25007.0,24966.9,24972.6,09:20:00,24935.14998865584,1,2
2024-09-10,24995.35,25006.3,24976.9,25006.3,09:25:00,24940.883323069567,1,3
2024-09-10,24984.15,25000.65,24979.1,24994.25,09:30:00,24945.003958967704,1,4
2024-09-10,24972.7,24992.6,24963.15,24985.15,09:35:00,24947.641677161253,1,5
2024-09-10,24967.15,24978.55,24958.65,24971.9,09:40:00,24949.499612669704,1,6
2024-09-10,24937.1,24969.35,24933.15,24967.0,09:45:00,24948.31869717736,1,7
2024-09-10,24913.05,24952.5,24909.3,24938.4,09:50:00,24944.959773636656,1,8
2024-09-10,24921.1,24930.3,24912.55,24913.2,09:55:00,24942.68741424269,1,9
2024-09-10,24928.75,24928.95,24903.45,24921.15,10:00:00,24941.360041457672,1,10
2024-09-10,24920.05,24933.55,24910.95,24928.2,10:05:00,24939.3305136998,1,11
2024-09-10,24915.05,24921.15,24897.5,24920.4,10:10:00,24937.018083823627,1,12
2024-09-10,24917.65,24924.45,24908.0,24915.55,10:15:00,24935.17350441185,1,13
2024-09-10,24934.55,24936.1,24916.6,24917.9,10:20:00,24935.114123039297,1,14
2024-09-10,24934.95,24944.45,24927.6,24933.95,10:25:00,24935.09849227365,1,15
2024-09-10,24946.45,24946.45,24931.85,24934.95,10:30:00,24936.179588247585,1,16
2024-09-10,24951.9,24954.05,24939.6,24946.45,10:35:00,24937.676770319245,1,17
2024-09-10,24955.75,24960.9,24943.75,24951.85,10:40:00,24939.39803028884,1,18
2024-09-10,24955.85,24956.35,24932.35,24954.55,10:45:00,24940.964884547047,1,19
2024-09-10,24961.1,24962.15,24949.0,24955.4,10:50:00,24942.882514590183,1,20
2024-09-10,24969.6,24972.25,24957.25,24961.0,10:55:00,24945.42703701017,1,21
2024-09-10,24968.65,24974.55,24961.45,24969.7,11:00:00,24947.638747771107,1,22
2024-09-10,24953.5,24971.3,24952.7,24968.6,11:05:00,24948.196962269096,1,23
2024-09-10,24981.55,24981.55,24953.1,24953.3,11:10:00,24951.37344205299,1,24
2024-09-10,24990.8,24997.75,24974.4,24981.9,11:15:00,24955.128352333657,1,25
2024-09-10,24981.85,24996.55,24979.0,24991.85,11:20:00,24957.673271159023,1,26
2024-09-10,24990.45,24993.65,24981.2,24982.45,11:25:00,24960.794864381973,1,27
2024-09-10,24986.2,24997.4,24983.1,24989.9,11:30:00,24963.2144011075,1,28
2024-09-10,24994.2,24995.4,24983.5,24986.15,11:35:00,24966.165410525835,1,29
2024-09-10,25005.45,25012.05,24990.7,24993.95,11:40:00,24969.906799999564,1,30
2024-09-10,25007.15,25011.1,24997.3,25006.05,11:45:00,24973.453771428176,1,31
2024-09-10,25008.8,25012.2,25005.45,25007.4,11:50:00,24976.820078911205,1,32
2024-09-10,25024.55,25028.05,25001.8,25008.35,11:55:00,24981.365785681566,1,33
2024-09-10,25024.7,25041.7,25022.55,25024.9,12:00:00,24985.49285371189,1,34
2024-09-10,25018.7,25025.85,25016.4,25024.4,12:05:00,24988.655439072667,1,35
2024-09-10,25023.0,25027.3,25015.5,25019.35,12:10:00,24991.92634963717,1,36
2024-09-10,25023.95,25026.8,25016.05,25024.3,12:15:00,24994.9762211003,1,37
2024-09-10,25033.45,25034.0,25022.45,25024.5,12:20:00,24998.64039051932,1,38
2024-09-10,25038.75,25039.8,25030.8,25033.0,12:25:00,25002.46035332701,1,39
2024-09-10,25043.95,25049.05,25036.9,25039.6,12:30:00,25006.41174824824,1,40
2024-09-10,25055.0,25055.7,25042.65,25043.7,12:35:00,25011.03920079603,1,41
2024-09-10,25072.8,25074.45,25052.95,25055.0,12:40:00,25016.921181672595,1,42
2024-09-10,25063.6,25075.1,25058.75,25072.55,12:45:00,25021.366783418063,1,43
2024-09-10,25072.6,25080.2,25062.0,25063.35,12:50:00,25026.246137378246,1,44
2024-09-10,25067.1,25084.05,25063.5,25072.3,12:55:00,25030.13698143746,1,45
2024-09-10,25072.0,25082.65,25066.95,25067.7,13:00:00,25034.12393558627,1,46
2024-09-10,25093.9,25095.3,25072.6,25074.45,13:05:00,25039.816894101867,1,47
2024-09-10,25098.55,25106.7,25093.0,25094.4,13:10:00,25045.41052323502,1,48
2024-09-10,25092.4,25104.7,25089.0,25097.9,13:15:00,25049.88571149835,1,49
2024-09-10,25102.95,25105.05,25091.95,25092.55,13:20:00,25054.939453260413,1,50
2024-09-10,25119.75,25124.55,25101.65,25102.9,13:25:00,25061.11188628323,1,51
2024-09-10,25116.7,25127.8,25113.85,25119.1,13:30:00,25066.40599235149,1,52
2024-09-10,25118.15,25122.8,25109.8,25116.95,13:35:00,25071.333993079923,1,53
2024-09-10,25124.6,25125.95,25115.85,25117.75,13:40:00,25076.40694611993,1,54
2024-09-10,25121.6,25130.45,25116.15,25124.65,13:45:00,25080.711046489458,1,55
2024-09-10,25119.05,25124.4,25113.55,25122.2,13:50:00,25084.362375395223,1,56
2024-09-10,25116.5,25125.7,25115.9,25118.75,13:55:00,25087.42310154806,1,57
2024-09-10,25098.05,25122.65,25094.35,25116.95,14:00:00,25088.43518711491,1,58
2024-09-10,25112.55,25113.9,25095.15,25098.75,14:05:00,25090.73183596111,1,59
2024-09-10,25114.0,25122.0,25110.85,25112.55,14:10:00,25092.94785158386,1,60
2024-09-10,25111.7,25116.2,25103.5,25113.9,14:15:00,25094.73377048064,1,61
2024-09-10,25108.65,25112.65,25106.15,25111.85,14:20:00,25096.05912567296,1,62
2024-09-10,25113.3,25122.0,25107.05,25109.35,14:25:00,25097.7011137041,1,63
2024-09-10,25092.25,25114.75,25089.7,25113.2,14:30:00,25097.181960017995,1,64
2024-09-10,25077.4,25094.5,25077.25,25092.15,14:35:00,25095.297963825804,1,65
2024-09-10,25070.0,25079.35,25063.8,25077.7,14:40:00,25092.88863393764,1,66
2024-09-10,25052.8,25070.55,25040.35,25070.0,14:45:00,25089.07066880072,1,67
2024-09-10,25057.05,25063.85,25045.55,25053.2,14:50:00,25086.021081295883,1,68
2024-09-10,25057.1,25066.25,25048.95,25056.9,14:55:00,25083.266692601035,1,69
2024-09-10,25040.15,25056.0,25014.8,25056.0,15:00:00,25079.160340924747,1,70
2024-09-10,25032.65,25042.15,25018.9,25039.0,15:05:00,25074.7307846462,1,71
2024-09-10,25042.95,25053.25,25031.3,25033.55,15:10:00,25071.704043251324,1,72
2024-09-10,25050.75,25054.65,25037.9,25042.25,15:15:00,25069.70842008453,1,73
2024-09-10,25051.3,25053.0,25042.05,25050.25,15:20:00,25067.955237219336,1,74
2024-09-10,25052.1,25061.75,25046.75,25050.8,15:25:00,25066.44521462702,1,75
2024-09-11,25024.45,25034.1,25007.75,25033.75,09:15:00,25059.649937597176,2,1
2024-09-11,25000.05,25034.6,24999.4,25022.1,09:20:00,25053.97375306412,2,2
2024-09-11,25005.15,25006.15,24981.8,24999.5,09:25:00,25049.32387181992,2,3
2024-09-11,25019.6,25026.8,25003.45,25003.7,09:30:00,25046.493026884684,2,4
2024-09-11,25046.85,25048.5,25012.1,25018.45,09:35:00,25046.52702432424,2,5
2024-09-11,25063.45,25064.9,25041.75,25046.8,09:40:00,25048.13873629336,2,6
2024-09-11,25062.1,25073.4,25054.95,25063.7,09:45:00,25049.46838045589,2,7
2024-09-11,25045.75,25063.45,25045.75,25063.45,09:50:00,25049.1142489839,2,8
2024-09-11,25036.0,25050.8,25028.2,25046.0,09:55:00,25047.865272890194,2,9
2024-09-11,25021.45,25042.2,25011.65,25037.25,10:00:00,25045.34953261494,2,10
2024-09-11,25025.3,25033.15,25016.95,25021.35,10:05:00,25043.44005331828,2,11
2024-09-11,25055.95,25056.4,25024.45,25025.95,10:10:00,25044.631476811774,2,12
2024-09-11,25066.5,25078.2,25055.65,25055.7,10:15:00,25046.71419330589,2,13
2024-09-11,25046.95,25067.8,25042.25,25066.6,10:20:00,25046.73665108628,2,14
2024-09-11,25051.5,25056.95,25031.6,25047.05,10:25:00,25047.19030336377,2,15
2024-09-11,25072.15,25072.4,25049.85,25051.9,10:30:00,25049.56741732913,2,16
2024-09-11,25075.7,25082.05,25066.2,25072.25,10:35:00,25052.05623472636,2,17
2024-09-11,25086.85,25091.1,25074.55,25075.65,10:40:00,25055.369926657186,2,18
2024-09-11,25071.75,25085.95,25071.3,25085.95,10:45:00,25056.92993364221,2,19
2024-09-11,25059.7,25074.0,25053.7,25072.05,10:50:00,25057.19374948581,2,20
2024-09-11,25055.6,25070.6,25037.05,25059.75,10:55:00,25057.0419638205,2,21
2024-09-11,25070.1,25071.55,25056.45,25056.45,11:00:00,25058.28558631378,2,22
2024-09-11,25076.55,25081.05,25062.85,25069.85,11:05:00,25060.0250542839,2,23
2024-09-11,25086.05,25089.75,25075.85,25076.2,11:10:00,25062.50362054257,2,24
2024-09-11,25070.4,25088.2,25068.65,25086.25,11:15:00,25063.255656681376,2,25
2024-09-11,25068.95,25071.8,25057.0,25069.85,11:20:00,25063.797975092675,2,26
2024-09-11,25076.85,25077.45,25063.15,25069.1,11:25:00,25065.04102508385,2,27
2024-09-11,25077.8,25085.3,25071.0,25076.55,11:30:00,25066.25616555205,2,28
2024-09-11,25056.8,25079.5,25035.4,25077.85,11:35:00,25065.35557835662,2,29
2024-09-11,25068.6,25074.5,25050.9,25054.6,11:40:00,25065.664570894085,2,30
2024-09-11,25070.0,25072.9,25054.95,25066.95,11:45:00,25066.07746890417,2,31
2024-09-11,25063.75,25079.1,25059.3,25067.5,11:50:00,25065.85580519901,2,32
2024-09-11,25084.0,25089.6,25062.45,25062.45,11:55:00,25067.583823751487,2,33
2024-09-11,25095.35,25101.1,25081.8,25081.8,12:00:00,25070.22822148944,2,34
2024-09-11,25088.05,25109.0,25088.05,25094.4,12:05:00,25071.92553372854,2,35
2024-09-11,25093.3,25094.35,25076.1,25088.2,12:10:00,25073.96119718296,2,36
2024-09-11,25085.05,25098.65,25081.45,25093.7,12:15:00,25075.017273641726,2,37
2024-09-11,25097.3,25099.1,25083.2,25085.95,12:20:00,25077.1394380568,2,38
2024-09-11,25089.3,25103.65,25088.7,25097.4,12:25:00,25078.297586813296,2,39
2024-09-11,25105.95,25113.15,25086.35,25090.05,12:30:00,25080.93114997393,2,40
2024-09-11,25092.75,25111.0,25091.5,25107.25,12:35:00,25082.05675473832,2,41
2024-09-11,25086.05,25094.0,25084.6,25093.3,12:40:00,25082.43706381086,2,42
2024-09-11,25079.75,25087.45,25075.7,25086.8,12:45:00,25082.18115297173,2,43
2024-09-11,25064.45,25083.7,25060.9,25079.7,12:50:00,25080.49247173633,2,44
2024-09-11,25055.75,25073.4,25053.8,25064.1,12:55:00,25078.13604585668,2,45
2024-09-11,25063.15,25066.65,25045.35,25055.7,13:00:00,25076.708803394136,2,46
2024-09-11,25058.95,25064.5,25052.7,25063.7,13:05:00,25075.01748878517,2,47
2024-09-11,25059.55,25070.0,25057.5,25057.8,13:10:00,25073.54439461516,2,48
2024-09-11,25055.9,25065.85,25051.35,25059.55,13:15:00,25071.86397608038,2,49
2024-09-11,25058.65,25060.85,25052.45,25055.5,13:20:00,25070.605502167964,2,50
2024-09-11,25062.95,25068.1,25056.95,25058.45,13:25:00,25069.8764067234,2,51
2024-09-11,25031.0,25064.65,25029.75,25062.7,13:30:00,25066.17389179736,2,52
2024-09-11,25038.65,25042.1,25023.4,25030.7,13:35:00,25063.55256876904,2,53
2024-09-11,25021.25,25039.6,25013.65,25037.85,13:40:00,25059.5237526958,2,54
2024-09-11,25023.5,25026.5,25003.8,25021.5,13:45:00,25056.09291910572,2,55
2024-09-11,25022.5,25032.25,25019.35,25022.8,13:50:00,25052.893593476605,2,56
2024-09-11,25003.8,25028.1,25003.0,25022.45,13:55:00,25048.2180131455,2,57
2024-09-11,24969.8,25003.15,24966.95,25002.85,14:00:00,25040.749630941165,2,58
2024-09-11,24977.8,24979.6,24960.4,24968.6,14:05:00,25034.754427994387,2,59
2024-09-11,24937.55,24982.25,24935.3,24977.7,14:10:00,25025.496863423494,2,60
2024-09-11,24948.4,24956.0,24924.4,24937.35,14:15:00,25018.15430500221,2,61
2024-09-11,24940.25,24961.25,24938.95,24947.9,14:20:00,25010.73484738295,2,62
2024-09-11,24951.05,24957.95,24940.15,24940.6,14:25:00,25005.050576203623,2,63
2024-09-11,24947.1,24967.2,24944.15,24950.3,14:30:00,24999.53147370804,2,64
2024-09-11,24950.6,24953.55,24931.1,24947.05,14:35:00,24994.87133335489,2,65
2024-09-11,24936.2,24956.6,24935.5,24950.55,14:40:00,24989.283587321093,2,66
2024-09-11,24925.95,24938.8,24917.65,24936.45,14:45:00,24983.25181710004,2,67
2024-09-11,24907.2,24925.7,24904.4,24924.9,14:50:00,24976.008786900034,2,68
2024-09-11,24909.3,24914.65,24894.6,24907.45,14:55:00,24969.655569100032,2,69
2024-09-11,24888.5,24910.9,24885.55,24909.2,15:00:00,24961.92646728098,2,70
2024-09-11,24927.8,24927.8,24887.0,24889.5,15:05:00,24958.67632753993,2,71
2024-09-11,24900.65,24927.35,24900.65,24927.35,15:10:00,24953.15001063137,2,72
2024-09-11,24917.3,24922.05,24900.8,24901.35,15:15:00,24949.73572390457,2,73
2024-09-11,24932.5,24936.75,24916.5,24917.05,15:20:00,24948.09422638985,2,74
2024-09-11,24951.8,24951.8,24928.85,24935.4,15:25:00,24948.447157209863,2,75
2024-09-12,25016.35,25051.6,25013.5,25051.6,09:15:00,24964.496198985853,3,1
2024-09-12,25043.9,25057.0,25010.85,25016.8,09:20:00,24972.058465749105,3,2
2024-09-12,25057.05,25072.3,25043.85,25044.45,09:25:00,24980.15289758252,3,3
2024-09-12,25031.45,25070.7,25019.95,25057.05,09:30:00,24985.038335908,3,4
2024-09-12,25009.95,25042.8,25008.75,25031.95,09:35:00,24987.410875345333,3,5
2024-09-12,25045.75,25048.05,25009.55,25009.55,09:40:00,24992.966982455306,3,6
2024-09-12,25034.85,25056.25,25029.35,25045.4,09:45:00,24996.95584126908,3,7
2024-09-12,24996.15,25036.7,24996.15,25033.9,09:50:00,24996.87909448155,3,8
2024-09-12,24992.4,25021.6,24982.4,24994.95,09:55:00,24996.45251405473,3,9
2024-09-12,25027.8,25027.8,24984.1,24995.85,10:00:00,24999.437988906662,3,10
2024-09-12,25030.85,25041.85,25021.75,25026.6,10:05:00,25002.42960901079,3,11
2024-09-12,25017.2,25039.55,25016.55,25030.95,10:10:00,25003.83631291452,3,12
2024-09-12,25013.9,25029.35,25003.7,25019.05,10:15:00,25004.79475930361,3,13
2024-09-12,25010.05,25021.8,24999.8,25014.65,10:20:00,25005.29525841756,3,14
2024-09-12,25015.55,25020.35,24999.6,25010.7,10:25:00,25006.27190047303,3,15
2024-09-12,25004.3,25015.8,24982.85,25015.6,10:30:00,25006.08410042798,3,16
2024-09-12,25027.6,25031.15,25001.25,25004.5,10:35:00,25008.13323372056,3,17
2024-09-12,24996.8,25029.95,24994.2,25027.7,10:40:00,25007.05387812812,3,18
2024-09-12,24989.85,25006.0,24985.35,24997.7,10:45:00,25005.41541354449,3,19
2024-09-12,24987.2,25018.85,24983.1,24989.1,10:50:00,25003.68061225454,3,20
2024-09-12,25010.7,25011.45,24980.55,24986.7,10:55:00,25004.349125373155,3,21
2024-09-12,24996.9,25015.65,24995.1,25009.6,11:00:00,25003.639684861428,3,22
2024-09-12,25023.3,25025.8,24993.0,24995.8,11:05:00,25005.51209582701,3,23
2024-09-12,25008.3,25025.95,25005.05,25023.8,11:10:00,25005.77761051015,3,24
2024-09-12,25011.15,25014.7,24999.15,25007.95,11:15:00,25006.28926665204,3,25
2024-09-12,24996.35,25036.8,24996.35,25010.55,11:20:00,25005.34266982804,3,26
2024-09-12,24961.55,25001.2,24942.45,24996.25,11:25:00,25001.171939368225,3,27
2024-09-12,24984.45,24987.0,24955.15,24963.3,11:30:00,24999.57937371411,3,28
2024-09-12,25012.15,25021.1,24980.55,24984.05,11:35:00,25000.77657621753,3,29
2024-09-12,25013.55,25018.15,24999.9,25013.45,11:40:00,25001.99309276824,3,30
2024-09-12,24988.05,25019.15,24986.75,25010.1,11:45:00,25000.66517917126,3,31
2024-09-12,24992.5,24997.85,24983.65,24986.4,11:50:00,24999.887543059715,3,32
2024-09-12,25002.65,25005.7,24981.05,24993.3,11:55:00,25000.150634196885,3,33
2024-09-12,24997.05,25011.8,24994.8,25000.55,12:00:00,24999.855335701945,3,34
2024-09-12,25002.15,25008.3,24982.75,24997.35,12:05:00,25000.073875158905,3,35
2024-09-12,25011.2,25014.65,24996.15,25002.0,12:10:00,25001.13350609616,3,36
2024-09-12,25002.15,25014.95,24994.5,25010.3,12:15:00,25001.23031503938,3,37
2024-09-12,24979.3,25003.75,24963.75,25001.35,12:20:00,24999.141713607056,3,38
2024-09-12,24988.3,25001.35,24973.1,24978.05,12:25:00,24998.109169454,3,39
2024-09-12,24983.7,24993.7,24967.3,24988.9,12:30:00,24996.73686760124,3,40
2024-09-12,25002.75,25009.8,24980.75,24982.15,12:35:00,24997.30954687732,3,41
2024-09-12,25003.7,25008.25,24985.0,25003.05,12:40:00,24997.918161460428,3,42
2024-09-12,24979.2,25003.55,24971.65,25002.65,12:45:00,24996.13547941657,3,43
2024-09-12,24984.65,24988.95,24969.95,24979.55,12:50:00,24995.041624234047,3,44
2024-09-12,24998.55,25002.75,24978.95,24984.65,12:55:00,24995.37575525937,3,45
2024-09-12,25008.5,25009.75,24991.25,25000.25,13:00:00,24996.62568332991,3,46
2024-09-12,24991.75,25019.7,24986.85,25009.05,13:05:00,24996.161332536587,3,47
2024-09-12,24996.35,25004.5,24981.3,24991.15,13:10:00,24996.179300866435,3,48
2024-09-12,24986.6,25006.4,24981.45,24994.15,13:15:00,24995.266986498205,3,49
2024-09-12,25009.75,25015.85,24985.8,24986.7,13:20:00,24996.646321117427,3,50
2024-09-12,24996.15,25016.0,24995.05,25009.8,13:25:00,24996.59905243957,3,51
2024-09-12,24981.45,25001.5,24977.1,24996.15,13:30:00,24995.15628554057,3,52
2024-09-12,24998.75,25004.0,24979.45,24981.9,13:35:00,24995.498544060512,3,53
2024-09-12,24995.05,24998.95,24988.0,24998.85,13:40:00,24995.45582557856,3,54
2024-09-12,25005.95,25011.15,24991.9,24995.4,13:45:00,24996.455270761555,3,55
2024-09-12,24995.0,25005.8,24990.9,25004.8,13:50:00,24996.31667354617,3,56
2024-09-12,25011.4,25023.8,24991.2,24994.9,13:55:00,24997.753180827487,3,57
2024-09-12,25133.95,25133.95,25008.6,25010.8,14:00:00,25010.72430646297,3,58
2024-09-12,25204.95,25205.45,25134.45,25134.45,14:05:00,25029.22199156173,3,59
2024-09-12,25204.7,25228.95,25199.6,25205.3,14:10:00,25045.934182841567,3,60
2024-09-12,25221.0,25234.75,25203.8,25204.55,14:15:00,25062.60711780904,3,61
2024-09-12,25248.9,25263.65,25217.05,25221.4,14:20:00,25080.34929706532,3,62
2024-09-12,25251.8,25254.2,25238.65,25250.55,14:25:00,25096.677935440053,3,63
2024-09-12,25256.85,25269.25,25248.2,25252.6,14:30:00,25111.9324177791,3,64
2024-09-12,25253.3,25265.55,25244.55,25257.2,14:35:00,25125.39599703823,3,65
2024-09-12,25258.3,25263.9,25247.15,25252.4,14:40:00,25138.053521129827,3,66
2024-09-12,25312.35,25315.8,25256.8,25259.25,14:45:00,25154.65318578413,3,67
2024-09-12,25326.4,25337.7,25313.3,25313.3,14:50:00,25171.01002523326,3,68
2024-09-12,25348.0,25350.35,25320.15,25326.75,14:55:00,25187.866213306283,3,69
2024-09-12,25413.0,25413.75,25347.85,25347.85,15:00:00,25209.30752632473,3,70
2024-09-12,25414.35,25431.6,25395.45,25411.7,15:05:00,25228.83538096047,3,71
2024-09-12,25414.95,25418.65,25399.75,25415.45,15:10:00,25246.56058277376,3,72
2024-09-12,25365.45,25417.25,25362.65,25416.7,15:15:00,25257.88338441436,3,73
2024-09-12,25348.2,25370.0,25345.6,25366.1,15:20:00,25266.484966851087,3,74
2024-09-12,25314.95,25362.3,25310.25,25348.4,15:25:00,25271.10068429384,3,75
2024-09-13,25342.7,25413.15,25337.3,25410.65,09:15:00,25291.65044678022,4,1
2024-09-13,25325.75,25354.5,25322.8,25343.3,09:20:00,25294.898023277343,4,2
2024-09-13,25315.9,25329.85,25312.8,25326.05,09:25:00,25296.89821153664,4,3
2024-09-13,25336.9,25339.85,25292.6,25314.95,09:30:00,25300.70790567601,4,4
2024-09-13,25333.4,25371.75,25316.35,25337.55,09:35:00,25303.82143846877,4,5
2024-09-13,25339.75,25345.75,25328.55,25333.15,09:40:00,25307.24320623365,4,6
2024-09-13,25350.55,25354.5,25333.5,25341.45,09:45:00,25311.367662782824,4,7
2024-09-13,25331.7,25354.3,25329.9,25350.5,09:50:00,25313.304075851127,4,8
2024-09-13,25326.55,25337.85,25321.75,25331.8,09:55:00,25314.56559243673,4,9
2024-09-13,25336.8,25352.1,25326.15,25327.2,10:00:00,25316.683155061808,4,10
2024-09-13,25337.8,25347.05,25333.55,25337.8,10:05:00,25318.69428315116,4,11
2024-09-13,25326.0,25340.6,25325.0,25337.4,10:10:00,25319.3900657082,4,12
2024-09-13,25339.95,25341.2,25325.3,25327.0,10:15:00,25321.348154688367,4,13
2024-09-13,25335.75,25345.85,25332.35,25339.7,10:20:00,25322.71975900376,4,14
2024-09-13,25352.55,25352.65,25328.95,25336.05,10:25:00,25325.560734336737,4,15
2024-09-13,25363.85,25370.2,25354.0,25354.0,10:30:00,25329.20733106657,4,16
2024-09-13,25365.3,25367.05,25349.5,25365.2,10:35:00,25332.644728107847,4,17
2024-09-13,25359.05,25377.85,25357.95,25364.6,10:40:00,25335.1595159071,4,18
2024-09-13,25366.45,25370.55,25353.45,25359.25,10:45:00,25338.139562011183,4,19
2024-09-13,25362.9,25369.05,25357.7,25366.25,10:50:00,25340.4976989625,4,20
2024-09-13,25368.0,25369.45,25355.6,25363.05,10:55:00,25343.11696572797,4,21
2024-09-13,25368.55,25375.65,25362.5,25369.0,11:00:00,25345.539159468168,4,22
2024-09-13,25374.45,25375.1,25360.45,25368.15,11:05:00,25348.29257285215,4,23
2024-09-13,25382.35,25393.8,25374.6,25374.95,11:10:00,25351.53613734242,4,24
2024-09-13,25372.15,25384.6,25366.7,25381.9,11:15:00,25353.49936235743,4,25
2024-09-13,25374.05,25377.75,25368.95,25372.0,11:20:00,25355.45656594244,4,26
2024-09-13,25363.8,25376.15,25359.15,25373.8,11:25:00,25356.251178709823,4,27
2024-09-13,25364.85,25368.05,25355.25,25363.4,11:30:00,25357.0701140708,4,28
2024-09-13,25366.8,25373.35,25364.0,25364.25,11:35:00,25357.99676987357,4,29
2024-09-13,25364.2,25377.45,25361.75,25366.75,11:40:00,25358.587553695143,4,30
2024-09-13,25365.1,25371.0,25360.6,25364.55,11:45:00,25359.20778667656,4,31
2024-09-13,25369.4,25369.95,25360.25,25364.75,11:50:00,25360.17847365974,4,32
2024-09-13,25368.25,25370.9,25364.5,25369.6,11:55:00,25360.94719045405,4,33
2024-09-13,25372.65,25372.65,25359.15,25368.5,12:00:00,25362.061743744143,4,34
2024-09-13,25367.95,25374.85,25365.6,25372.35,12:05:00,25362.622530054225,4,35
2024-09-13,25376.55,25379.0,25364.1,25367.0,12:10:00,25363.948955763342,4,36
2024-09-13,25376.7,25378.9,25372.0,25375.75,12:15:00,25365.163340928742,4,37
2024-09-13,25376.45,25381.8,25368.45,25374.9,12:20:00,25366.23826084029,4,38
2024-09-13,25385.45,25387.5,25371.7,25376.8,12:25:00,25368.06795028408,4,39
2024-09-13,25382.3,25389.15,25380.8,25385.15,12:30:00,25369.423383590354,4,40
2024-09-13,25383.65,25387.4,25377.1,25382.85,12:35:00,25370.77829943889,4,41
2024-09-13,25379.8,25389.3,25377.65,25383.3,12:40:00,25371.63750901614,4,42
2024-09-13,25384.2,25386.1,25370.6,25378.95,12:45:00,25372.833936728886,4,43
2024-09-13,25384.25,25390.65,25378.0,25383.95,12:50:00,25373.921180849946,4,44
2024-09-13,25383.6,25388.4,25381.15,25385.4,12:55:00,25374.84297314996,4,45
2024-09-13,25385.25,25386.55,25375.85,25384.1,13:00:00,25375.83411856424,4,46
2024-09-13,25383.05,25387.4,25380.2,25385.15,13:05:00,25376.521345367648,4,47
2024-09-13,25385.15,25385.15,25375.85,25383.25,13:10:00,25377.3431219993,4,48
2024-09-13,25356.45,25386.2,25355.8,25384.55,13:15:00,25375.35330085651,4,49
2024-09-13,25363.4,25370.05,25355.7,25357.2,13:20:00,25374.21489125113,4,50
2024-09-13,25353.45,25367.7,25350.75,25363.05,13:25:00,25372.23728256054,4,51
2024-09-13,25362.7,25367.75,25346.6,25354.0,13:30:00,25371.32896993573,4,52
2024-09-13,25358.1,25365.6,25347.55,25362.65,13:35:00,25370.06906803709,4,53
2024-09-13,25364.8,25365.9,25353.15,25357.4,13:40:00,25369.56725203356,4,54
2024-09-13,25362.45,25372.95,25357.0,25364.7,13:45:00,25368.88941850655,4,55
2024-09-13,25363.1,25367.5,25361.4,25362.55,13:50:00,25368.33804531545,4,56
2024-09-13,25375.2,25376.75,25358.6,25362.75,13:55:00,25368.991564809217,4,57
2024-09-13,25376.55,25392.05,25372.75,25375.95,14:00:00,25369.71141577977,4,58
2024-09-13,25381.95,25383.2,25362.0,25376.5,14:05:00,25370.87699522931,4,59
2024-09-13,25385.5,25389.95,25377.65,25382.1,14:10:00,25372.269662350333,4,60
2024-09-13,25376.45,25388.3,25375.75,25385.15,14:15:00,25372.667789745537,4,61
2024-09-13,25383.55,25385.35,25368.8,25376.85,14:20:00,25373.70419072216,4,62
2024-09-13,25370.1,25388.8,25369.8,25384.85,14:25:00,25373.3609344629,4,63
2024-09-13,25361.5,25371.4,25355.8,25370.25,14:30:00,25372.23132165691,4,64
2024-09-13,25378.5,25378.5,25355.55,25362.0,14:35:00,25372.828338641964,4,65
2024-09-13,25365.45,25386.25,25364.95,25377.8,14:40:00,25372.125639723683,4,66
2024-09-13,25369.05,25383.1,25363.7,25365.6,14:45:00,25371.83272165476,4,67
2024-09-13,25363.95,25378.5,25358.55,25369.5,14:50:00,25371.081986259065,4,68
2024-09-13,25366.95,25368.55,25350.8,25364.25,14:55:00,25370.688463758204,4,69
2024-09-13,25345.65,25365.35,25331.8,25365.35,15:00:00,25368.303848162184,4,70
2024-09-13,25366.05,25368.05,25343.3,25345.15,15:05:00,25368.08919595626,4,71
2024-09-13,25354.45,25368.2,25351.7,25366.2,15:10:00,25366.79022491281,4,72
2024-09-13,25359.65,25364.0,25352.75,25354.45,15:15:00,25366.110203492542,4,73
2024-09-13,25359.0,25366.8,25354.65,25359.45,15:20:00,25365.43304125516,4,74
2024-09-13,25343.55,25360.35,25340.9,25358.65,15:25:00,25363.348942088,4,75
2024-09-16,25395.3,25408.9,25372.45,25408.65,09:15:00,25370.123056901968,0,1
2024-09-16,25387.95,25398.65,25382.75,25396.5,09:20:00,25371.820861006545,0,2
2024-09-16,25397.35,25403.85,25381.7,25388.15,09:25:00,25374.25220757735,0,3
2024-09-16,25414.9,25416.8,25396.75,25396.75,09:30:00,25378.123425903315,0,4
2024-09-16,25417.9,25422.4,25404.0,25415.05,09:35:00,25381.91167105538,0,5
2024-09-16,25434.85,25435.35,25411.5,25418.45,09:40:00,25386.953416669152,0,6
2024-09-16,25434.5,25445.25,25423.9,25434.9,09:45:00,25391.48166270066,0,7
2024-09-16,25420.25,25434.2,25418.1,25434.2,09:50:00,25394.221504348214,0,8
2024-09-16,25417.2,25425.45,25410.95,25420.85,09:55:00,25396.40993250553,0,9
2024-09-16,25413.15,25429.85,25410.55,25417.8,10:00:00,25398.00422464786,0,10
2024-09-16,25420.1,25423.25,25410.6,25413.55,10:05:00,25400.108584205205,0,11
2024-09-16,25409.35,25427.15,25409.2,25420.75,10:10:00,25400.988719042805,0,12
2024-09-16,25413.1,25420.05,25401.15,25410.0,10:15:00,25402.14217437206,0,13
2024-09-16,25418.7,25420.0,25411.25,25412.95,10:20:00,25403.71911014615,0,14
2024-09-16,25408.2,25419.6,25399.85,25418.65,10:25:00,25404.145861560803,0,15
2024-09-16,25411.55,25413.15,25400.1,25407.9,10:30:00,25404.851017602632,0,16
2024-09-16,25402.35,25415.8,25401.0,25411.6,10:35:00,25404.61282545,0,17
2024-09-16,25401.45,25405.05,25389.75,25402.65,10:40:00,25404.31160397857,0,18
2024-09-16,25406.2,25411.95,25397.95,25401.15,10:45:00,25404.49145121871,0,19
2024-09-16,25406.4,25408.5,25398.35,25405.7,10:50:00,25404.673217769312,0,20
2024-09-16,25391.5,25407.65,25388.65,25406.6,10:55:00,25403.418625600807,0,21
2024-09-16,25392.85,25393.4,25379.8,25391.4,11:00:00,25402.4120898293,0,22
2024-09-16,25378.85,25395.5,25373.65,25393.05,11:05:00,25400.16808127413,0,23
2024-09-16,25384.15,25385.6,25366.05,25378.8,11:10:00,25398.642549724213,0,24
2024-09-16,25390.9,25393.45,25384.0,25385.0,11:15:00,25397.9051640362,0,25
2024-09-16,25389.25,25396.6,25386.6,25390.9,11:20:00,25397.08086269941,0,26
2024-09-16,25380.95,25390.05,25376.5,25386.9,11:25:00,25395.54459006137,0,27
2024-09-16,25371.55,25382.3,25370.2,25382.0,11:30:00,25393.25939100791,0,28
2024-09-16,25374.6,25377.45,25358.75,25372.2,11:35:00,25391.482306150014,0,29
2024-09-16,25366.35,25375.35,25359.65,25375.35,11:40:00,25389.088753183343,0,30
2024-09-16,25362.7,25367.0,25352.3,25366.25,11:45:00,25386.57553859445,0,31
2024-09-16,25377.95,25378.8,25359.6,25363.3,11:50:00,25385.754058728315,0,32
2024-09-16,25356.9,25377.25,25355.8,25377.25,11:55:00,25383.006053135145,0,33
2024-09-16,25355.45,25366.6,25352.75,25356.9,12:00:00,25380.38166712228,0,34
2024-09-16,25355.75,25360.0,25350.55,25355.05,12:05:00,25378.03579406301,0,35
2024-09-16,25353.25,25356.0,25345.8,25355.6,12:10:00,25375.67524224748,0,36
2024-09-16,25350.65,25359.55,25346.45,25353.15,12:15:00,25373.29188584296,0,37
2024-09-16,25355.95,25355.95,25337.2,25351.2,12:20:00,25371.64027766744,0,38
2024-09-16,25363.75,25366.1,25354.5,25357.45,12:25:00,25370.88882265149,0,39
2024-09-16,25361.45,25365.05,25353.9,25363.55,12:30:00,25369.989887160875,0,40
2024-09-16,25366.1,25366.65,25353.9,25362.1,12:35:00,25369.61942171698,0,41
2024-09-16,25374.05,25376.65,25365.15,25366.75,12:40:00,25370.041381553456,0,42
2024-09-16,25372.35,25380.0,25369.25,25374.1,12:45:00,25370.26124997694,0,43
2024-09-16,25372.8,25381.6,25370.25,25372.4,12:50:00,25370.503035693426,0,44
2024-09-16,25369.3,25375.1,25365.75,25373.0,12:55:00,25370.38846086548,0,45
2024-09-16,25376.7,25378.85,25365.75,25369.45,13:00:00,25370.98955983067,0,46
2024-09-16,25376.45,25379.75,25371.45,25376.8,13:05:00,25371.50960175156,0,47
2024-09-16,25374.5,25379.9,25365.65,25376.9,13:10:00,25371.79440158474,0,48
2024-09-16,25383.55,25384.3,25372.35,25374.6,13:15:00,25372.91398238619,0,49
2024-09-16,25393.45,25400.5,25381.75,25384.2,13:20:00,25374.869793587502,0,50
2024-09-16,25397.95,25400.35,25393.2,25393.25,13:25:00,25377.06790848393,0,51
2024-09-16,25400.95,25407.6,25392.85,25399.1,13:30:00,25379.342393390223,0,52
2024-09-16,25400.45,25407.05,25396.05,25400.5,13:35:00,25381.35264163877,0,53
2024-09-16,25411.95,25413.0,25396.0,25400.55,13:40:00,25384.266675768413,0,54
2024-09-16,25418.1,25422.4,25408.25,25412.9,13:45:00,25387.488897123803,0,55
2024-09-16,25414.7,25421.9,25411.2,25418.25,13:50:00,25390.08043073106,0,56
2024-09-16,25404.95,25416.2,25403.05,25415.0,13:55:00,25391.496580185245,0,57
2024-09-16,25395.15,25409.65,25393.6,25406.25,14:00:00,25391.844524929507,0,58
2024-09-16,25406.75,25410.7,25392.85,25395.65,14:05:00,25393.26409398384,0,59
2024-09-16,25405.1,25408.7,25402.9,25407.25,14:10:00,25394.39132312824,0,60
2024-09-16,25396.05,25406.85,25389.3,25405.35,14:15:00,25394.54929235412,0,61
2024-09-16,25389.65,25396.15,25379.3,25396.0,14:20:00,25394.0826930823,0,62
2024-09-16,25395.1,25399.45,25383.75,25389.95,14:25:00,25394.179579455413,0,63
2024-09-16,25399.05,25400.55,25391.15,25394.8,14:30:00,25394.64342903109,0,64
2024-09-16,25394.25,25405.1,25391.6,25398.9,14:35:00,25394.60595959956,0,65
2024-09-16,25389.7,25397.7,25387.95,25394.5,14:40:00,25394.13872535198,0,66
2024-09-16,25392.85,25394.55,25387.15,25388.8,14:45:00,25394.01598960417,0,67
2024-09-16,25392.9,25396.05,25386.85,25393.15,14:50:00,25393.909704879967,0,68
2024-09-16,25391.45,25397.9,25390.75,25392.7,14:55:00,25393.67544727235,0,69
2024-09-16,25386.35,25397.05,25384.95,25389.75,15:00:00,25392.977785627365,0,70
2024-09-16,25389.7,25397.7,25385.6,25386.25,15:05:00,25392.665615567614,0,71
2024-09-16,25386.4,25391.85,25385.75,25389.3,15:10:00,25392.06889027546,0,72
2024-09-16,25390.3,25390.3,25382.8,25386.45,15:15:00,25391.900424534942,0,73
2024-09-16,25388.65,25389.85,25380.75,25389.85,15:20:00,25391.59086029352,0,74
2024-09-16,25377.2,25389.25,25375.5,25389.25,15:25:00,25390.220302170324,0,75
2024-09-17,25366.95,25409.1,25362.95,25409.1,09:15:00,25390.30301379476,1,1
2024-09-17,25363.1,25373.2,25357.25,25367.75,09:20:00,25387.71225057621,1,2
2024-09-17,25378.9,25383.15,25362.65,25364.3,09:25:00,25386.87298861657,1,3
2024-09-17,25389.8,25396.1,25372.85,25378.4,09:30:00,25387.151751605463,1,4
2024-09-17,25392.15,25398.5,25380.95,25390.2,09:35:00,25387.627775262088,1,5
2024-09-17,25389.95,25401.6,25387.2,25391.4,09:40:00,25387.84893952284,1,6
2024-09-17,25388.15,25397.25,25383.4,25390.25,09:45:00,25387.87761194924,1,7
2024-09-17,25366.2,25388.8,25366.0,25388.5,09:50:00,25385.81307747788,1,8
2024-09-17,25363.9,25373.75,25352.7,25366.2,09:55:00,25383.726117718084,1,9
2024-09-17,25375.3,25377.0,25355.5,25364.15,10:00:00,25382.923630316363,1,10
2024-09-17,25380.15,25381.55,25371.45,25374.8,10:05:00,25382.65947504813,1,11
2024-09-17,25373.9,25384.35,25372.7,25380.1,10:10:00,25381.825239329268,1,12
2024-09-17,25373.2,25376.55,25368.1,25374.8,10:15:00,25381.00378796457,1,13
2024-09-17,25381.7,25383.85,25369.5,25372.8,10:20:00,25381.07009387271,1,14
2024-09-17,25381.2,25383.9,25375.15,25382.3,10:25:00,25381.082465884832,1,15
2024-09-17,25390.75,25392.35,25376.5,25381.05,10:30:00,25382.00318341961,1,16
2024-09-17,25393.05,25396.95,25388.75,25389.45,10:35:00,25383.055261189176,1,17
2024-09-17,25402.85,25409.5,25391.85,25392.6,10:40:00,25384.940474409254,1,18
2024-09-17,25396.3,25403.85,25390.6,25401.95,10:45:00,25386.022333989327,1,19
2024-09-17,25412.25,25414.4,25395.8,25397.15,10:50:00,25388.520206942725,1,20
2024-09-17,25409.35,25414.7,25404.4,25412.05,10:55:00,25390.503996757703,1,21
2024-09-17,25401.85,25415.85,25401.35,25408.85,11:00:00,25391.584568495065,1,22
2024-09-17,25398.15,25404.05,25396.0,25401.75,11:05:00,25392.20984768601,1,23
2024-09-17,25401.4,25404.65,25392.35,25397.15,11:10:00,25393.085100287342,1,24
2024-09-17,25414.95,25414.95,25399.2,25405.7,11:15:00,25395.16747168855,1,25
2024-09-17,25427.75,25428.3,25414.55,25414.7,11:20:00,25398.27056962297,1,26
2024-09-17,25418.05,25432.5,25415.7,25426.65,11:25:00,25400.154324896976,1,27
2024-09-17,25411.2,25420.35,25409.65,25417.65,11:30:00,25401.206293954405,1,28
2024-09-17,25417.1,25418.5,25409.8,25409.8,11:35:00,25402.719980244463,1,29
2024-09-17,25407.45,25417.9,25404.85,25415.25,11:40:00,25403.170458316417,1,30
2024-09-17,25409.3,25414.65,25405.6,25407.0,11:45:00,25403.754224191045,1,31
2024-09-17,25412.5,25413.55,25406.3,25408.55,11:50:00,25404.58715522047,1,32
2024-09-17,25421.9,25422.1,25411.1,25412.5,11:55:00,25406.23599758043,1,33
2024-09-17,25420.1,25423.6,25417.6,25421.75,12:00:00,25407.556378763245,1,34
2024-09-17,25413.9,25421.85,25412.1,25419.3,12:05:00,25408.160533166745,1,35
2024-09-17,25412.55,25420.55,25409.95,25413.45,12:10:00,25408.578577627057,1,36
2024-09-17,25413.6,25414.1,25404.05,25411.85,12:15:00,25409.05680832924,1,37
2024-09-17,25414.5,25418.9,25411.75,25414.05,12:20:00,25409.57520753598,1,38
2024-09-17,25417.35,25419.45,25412.7,25414.55,12:25:00,25410.31566396113,1,39
2024-09-17,25428.8,25428.9,25416.3,25416.4,12:30:00,25412.07607691721,1,40
2024-09-17,25424.0,25428.25,25420.2,25428.25,12:35:00,25413.21168863937,1,41
2024-09-17,25427.1,25427.15,25418.0,25424.05,12:40:00,25414.53438495944,1,42
2024-09-17,25431.55,25433.3,25425.25,25426.8,12:45:00,25416.1549197252,1,43
2024-09-17,25428.55,25436.6,25426.75,25431.05,12:50:00,25417.335403560897,1,44
2024-09-17,25426.4,25430.65,25422.4,25427.55,12:55:00,25418.19869845986,1,45
2024-09-17,25430.05,25431.35,25425.2,25426.35,13:00:00,25419.32739384464,1,46
2024-09-17,25426.35,25431.35,25424.8,25430.0,13:05:00,25419.99621347848,1,47
2024-09-17,25425.7,25429.15,25421.1,25425.45,13:10:00,25420.53943124244,1,48
2024-09-17,25417.95,25429.3,25412.6,25424.8,13:15:00,25420.29281874316,1,49
2024-09-17,25417.4,25420.25,25413.2,25417.85,13:20:00,25420.01731219619,1,50
2024-09-17,25422.9,25425.8,25415.35,25417.5,13:25:00,25420.29185389179,1,51
2024-09-17,25427.7,25429.95,25420.1,25423.5,13:30:00,25420.997391616384,1,52
2024-09-17,25428.6,25432.5,25425.9,25427.65,13:35:00,25421.72144955768,1,53
2024-09-17,25436.95,25437.7,25427.55,25428.65,13:40:00,25423.17178769504,1,54
2024-09-17,25431.55,25441.3,25430.3,25435.95,13:45:00,25423.969712676462,1,55
2024-09-17,25430.65,25433.75,25427.6,25431.5,13:50:00,25424.6059305168,1,56
2024-09-17,25426.05,25432.55,25424.35,25431.85,13:55:00,25424.743460943773,1,57
2024-09-17,25428.4,25434.15,25424.7,25426.85,14:00:00,25425.09170275865,1,58
2024-09-17,25430.85,25432.4,25427.9,25427.9,14:05:00,25425.640112019733,1,59
2024-09-17,25426.2,25433.45,25422.0,25430.25,14:10:00,25425.69343468452,1,60
2024-09-17,25432.45,25438.35,25423.6,25425.3,14:15:00,25426.33691709552,1,61
2024-09-17,25429.2,25434.6,25424.25,25431.75,14:20:00,25426.60959165785,1,62
2024-09-17,25428.7,25433.9,25425.4,25429.9,14:25:00,25426.808678166624,1,63
2024-09-17,25416.85,25433.85,25414.35,25428.35,14:30:00,25425.860232626947,1,64
2024-09-17,25422.95,25428.8,25410.9,25416.2,14:35:00,25425.58306761485,1,65
2024-09-17,25422.6,25428.3,25421.3,25422.9,14:40:00,25425.29896593725,1,66
2024-09-17,25421.35,25429.7,25418.05,25422.75,14:45:00,25424.92287394323,1,67
2024-09-17,25413.95,25423.35,25413.15,25421.25,14:50:00,25423.877838329587,1,68
2024-09-17,25417.05,25418.45,25408.45,25413.25,14:55:00,25423.227568012484,1,69
2024-09-17,25424.2,25429.2,25410.8,25417.25,15:00:00,25423.320180582723,1,70
2024-09-17,25428.75,25429.1,25418.4,25424.45,15:05:00,25423.837306241512,1,71
2024-09-17,25418.45,25428.65,25418.35,25427.55,15:10:00,25423.324229456604,1,72
2024-09-17,25417.65,25421.55,25413.2,25418.8,15:15:00,25422.78382665121,1,73
2024-09-17,25407.15,25420.85,25404.8,25416.8,15:20:00,25421.29489077967,1,74
2024-09-17,25407.15,25418.15,25405.25,25406.55,15:25:00,25419.947758324462,1,75
2024-09-18,25394.2,25406.0,25381.65,25402.8,09:15:00,25415.983539127283,2,1
2024-09-18,25414.8,25418.0,25389.6,25393.0,09:20:00,25415.87082111516,2,2
2024-09-18,25404.0,25414.75,25399.3,25414.4,09:25:00,25414.74026672324,2,3
2024-09-18,25399.15,25410.6,25397.15,25404.7,09:30:00,25413.255479416268,2,4
2024-09-18,25413.45,25419.95,25394.0,25398.2,09:35:00,25413.274005186147,2,5
2024-09-18,25433.7,25433.75,25410.55,25413.55,09:40:00,25415.219338025563,2,6
2024-09-18,25435.1,25440.25,25419.9,25434.4,09:45:00,25417.11273440408,2,7
2024-09-18,25425.9,25443.0,25422.45,25433.95,09:50:00,25417.949616841783,2,8
2024-09-18,25431.75,25433.75,25420.4,25426.45,09:55:00,25419.26393904733,2,9
2024-09-18,25414.45,25436.45,25414.45,25430.85,10:00:00,25418.80546866187,2,10
2024-09-18,25418.0,25419.25,25408.7,25413.75,10:05:00,25418.72875736074,2,11
2024-09-18,25413.9,25425.4,25410.0,25417.6,10:10:00,25418.268875707334,2,12
2024-09-18,25421.75,25422.3,25412.7,25413.8,10:15:00,25418.60041135425,2,13
2024-09-18,25418.55,25426.65,25416.7,25421.4,10:20:00,25418.59561027289,2,14
2024-09-18,25424.2,25425.0,25408.1,25418.4,10:25:00,25419.12936167548,2,15
2024-09-18,25426.0,25430.3,25417.15,25424.0,10:30:00,25419.78370818257,2,16
2024-09-18,25432.45,25434.95,25422.5,25426.05,10:35:00,25420.990021688995,2,17
2024-09-18,25466.5,25469.25,25431.65,25433.0,10:40:00,25425.324305337665,2,18
2024-09-18,25459.8,25478.35,25449.1,25467.45,10:45:00,25428.607704829315,2,19
2024-09-18,25457.5,25464.3,25450.55,25459.15,10:50:00,25431.359351988427,2,20
2024-09-18,25463.55,25467.25,25458.25,25458.35,10:55:00,25434.42512798953,2,21
2024-09-18,25454.6,25465.1,25447.95,25464.2,11:00:00,25436.34654437148,2,22
2024-09-18,25455.45,25461.1,25452.7,25456.05,11:05:00,25438.165921098003,2,23
2024-09-18,25461.25,25463.2,25449.5,25455.9,11:10:00,25440.36440480296,2,24
2024-09-18,25458.9,25468.45,25458.1,25460.35,11:15:00,25442.129699583624,2,25
2024-09-18,25455.3,25461.45,25449.2,25459.8,11:20:00,25443.38401390899,2,26
2024-09-18,25457.1,25459.75,25447.35,25454.75,11:25:00,25444.69029829861,2,27
2024-09-18,25459.6,25468.75,25457.65,25457.7,11:30:00,25446.11026988922,2,28
2024-09-18,25462.35,25465.45,25457.9,25459.5,11:35:00,25447.656910852154,2,29
2024-09-18,25462.1,25470.95,25457.4,25462.1,11:40:00,25449.03244315195,2,30
2024-09-18,25465.6,25469.35,25459.7,25460.05,11:45:00,25450.61030570891,2,31
2024-09-18,25464.95,25472.5,25461.2,25466.1,11:50:00,25451.97599087949,2,32
2024-09-18,25463.0,25465.7,25454.8,25464.75,11:55:00,25453.02589651001,2,33
2024-09-18,25465.05,25469.85,25462.35,25463.5,12:00:00,25454.171049223347,2,34
2024-09-18,25461.55,25467.3,25452.7,25465.45,12:05:00,25454.873806440173,2,35
2024-09-18,25462.7,25468.0,25459.25,25461.55,12:10:00,25455.619158207777,2,36
2024-09-18,25462.6,25467.9,25460.6,25461.55,12:15:00,25456.284000283227,2,37
2024-09-18,25467.35,25468.35,25459.45,25462.15,12:20:00,25457.33790501816,2,38
2024-09-18,25474.35,25481.5,25467.4,25467.4,12:25:00,25458.95810454024,2,39
2024-09-18,25477.55,25481.6,25471.25,25475.0,12:30:00,25460.72876125069,2,40
2024-09-18,25470.7,25481.65,25470.2,25477.35,12:35:00,25461.67840303634,2,41
2024-09-18,25476.3,25480.3,25468.7,25471.1,12:40:00,25463.070936080498,2,42
2024-09-18,25463.9,25480.9,25463.0,25475.6,12:45:00,25463.149894549024,2,43
2024-09-18,25460.25,25463.15,25449.9,25463.15,12:50:00,25462.873714115784,2,44
2024-09-18,25427.05,25463.15,25427.05,25460.35,12:55:00,25459.461931819045,2,45
2024-09-18,25386.7,25438.0,25385.35,25428.35,13:00:00,25452.53222402676,2,46
2024-09-18,25402.4,25408.3,25378.95,25387.45,13:05:00,25447.7577265004,2,47
2024-09-18,25374.4,25404.5,25372.8,25401.0,13:10:00,25440.771276357504,2,48
2024-09-18,25371.1,25381.4,25360.6,25374.15,13:15:00,25434.135916704407,2,49
2024-09-18,25372.1,25384.8,25367.0,25371.0,13:20:00,25428.22773416113,2,50
2024-09-18,25362.0,25377.05,25361.8,25372.3,13:25:00,25421.920330907687,2,51
2024-09-18,25350.05,25365.0,25345.65,25362.35,13:30:00,25415.075537487908,2,52
2024-09-18,25307.65,25350.1,25300.35,25350.1,13:35:00,25404.844533917632,2,53
2024-09-18,25331.4,25334.85,25285.65,25308.65,13:40:00,25397.849816401667,2,54
2024-09-18,25351.85,25361.55,25321.9,25331.6,13:45:00,25393.46888150628,2,55
2024-09-18,25367.4,25385.25,25351.1,25352.1,13:50:00,25390.986130886628,2,56
2024-09-18,25361.75,25374.85,25355.55,25366.8,13:55:00,25388.20173746885,2,57
2024-09-18,25339.0,25362.95,25335.9,25362.05,14:00:00,25383.51585770992,2,58
2024-09-18,25332.0,25348.6,25330.6,25338.7,14:05:00,25378.609585547067,2,59
2024-09-18,25343.05,25345.4,25327.7,25332.2,14:10:00,25375.22295835211,2,60
2024-09-18,25345.15,25347.2,25329.0,25343.3,14:15:00,25372.35886708048,2,61
2024-09-18,25366.7,25372.2,25343.35,25344.75,14:20:00,25371.81992735853,2,62
2024-09-18,25343.15,25370.45,25342.15,25367.45,14:25:00,25369.08945808629,2,63
2024-09-18,25348.0,25361.25,25341.9,25342.95,14:30:00,25367.08093826855,2,64
2024-09-18,25341.25,25354.65,25330.75,25347.75,14:35:00,25364.620848909643,2,65
2024-09-18,25336.4,25351.4,25335.6,25342.6,14:40:00,25361.933149013486,2,66
2024-09-18,25342.85,25353.45,25335.25,25335.25,14:45:00,25360.115706250297,2,67
2024-09-18,25359.5,25363.75,25341.45,25342.85,14:50:00,25360.057067559792,2,68
2024-09-18,25366.25,25370.55,25354.2,25359.2,14:55:00,25360.646870649336,2,69
2024-09-18,25401.3,25402.9,25364.05,25364.7,15:00:00,25364.51859725416,2,70
2024-09-18,25404.2,25409.1,25386.35,25400.95,15:05:00,25368.29777846805,2,71
2024-09-18,25382.35,25407.5,25374.15,25405.0,15:10:00,25369.636085280617,2,72
2024-09-18,25364.3,25392.7,25363.6,25381.75,15:15:00,25369.127886682465,2,73
2024-09-18,25360.55,25373.25,25357.2,25362.85,15:20:00,25368.310945093657,2,74
2024-09-18,25343.45,25362.05,25342.35,25360.3,15:25:00,25365.94323603712,2,75
2024-09-19,25549.65,25558.8,25486.4,25486.4,09:15:00,25393.874621790023,3,1
2024-09-19,25548.95,25586.8,25529.65,25553.65,09:20:00,25408.64370542907,3,2
2024-09-19,25565.75,25575.7,25544.9,25548.65,09:25:00,25423.60620967392,3,3
2024-09-19,25561.85,25573.9,25553.95,25564.55,09:30:00,25436.77228494307,3,4
2024-09-19,25570.2,25573.7,25558.3,25561.95,09:35:00,25449.47968637706,3,5
2024-09-19,25601.5,25604.7,25568.6,25569.7,09:40:00,25463.957811484008,3,6
2024-09-19,25581.85,25611.1,25575.85,25604.95,09:45:00,25475.18563896172,3,7
2024-09-19,25538.6,25584.25,25533.3,25581.0,09:50:00,25481.225101917746,3,8
2024-09-19,25525.3,25551.8,25524.5,25538.1,09:55:00,25485.422711258914,3,9
2024-09-19,25530.5,25552.25,25524.95,25526.25,10:00:00,25489.71578637712,3,10
2024-09-19,25534.5,25538.85,25499.6,25530.2,10:05:00,25493.98094957929,3,11
2024-09-19,25513.05,25536.6,25512.1,25533.85,10:10:00,25495.79704961936,3,12
2024-09-19,25506.95,25524.6,25503.8,25513.0,10:15:00,25496.85923536989,3,13
2024-09-19,25527.6,25530.05,25506.4,25507.2,10:20:00,25499.78692723943,3,14
2024-09-19,25512.55,25527.85,25504.8,25527.85,10:25:00,25501.00245797853,3,15
2024-09-19,25515.4,25529.7,25509.3,25512.5,10:30:00,25502.373652456765,3,16
2024-09-19,25511.65,25517.9,25506.15,25515.75,10:35:00,25503.25711412755,3,17
2024-09-19,25497.5,25511.7,25487.65,25511.7,10:40:00,25502.70881754397,3,18
2024-09-19,25502.05,25505.15,25478.0,25497.75,10:45:00,25502.64607301597,3,19
2024-09-19,25527.05,25530.2,25496.85,25502.15,10:50:00,25504.97025653827,3,20
2024-09-19,25511.35,25527.25,25509.4,25527.25,10:55:00,25505.57785115367,3,21
2024-09-19,25509.15,25520.4,25507.0,25511.85,11:00:00,25505.9180558057,3,22
2024-09-19,25506.55,25517.4,25503.4,25508.75,11:05:00,25505.978240967062,3,23
2024-09-19,25506.05,25511.35,25498.9,25506.55,11:10:00,25505.985075160672,3,24
2024-09-19,25496.9,25509.95,25495.15,25505.8,11:15:00,25505.119829907275,3,25
2024-09-19,25470.2,25499.7,25452.05,25496.95,11:20:00,25501.79413182087,3,26
2024-09-19,25440.05,25471.2,25435.3,25469.3,11:25:00,25495.91373831412,3,27
2024-09-19,25433.35,25458.45,25430.0,25439.45,11:30:00,25489.955287046105,3,28
2024-09-19,25429.15,25441.7,25419.35,25433.35,11:35:00,25484.164307327428,3,29
2024-09-19,25424.45,25430.2,25402.6,25430.2,11:40:00,25478.4772304391,3,30
2024-09-19,25410.8,25429.6,25403.8,25423.7,11:45:00,25472.03177992109,3,31
2024-09-19,25420.25,25423.5,25403.35,25409.75,11:50:00,25467.100181833368,3,32
2024-09-19,25392.85,25445.65,25390.8,25422.3,11:55:00,25460.02873594448,3,33
2024-09-19,25432.5,25439.3,25390.65,25392.3,12:00:00,25457.40695156881,3,34
2024-09-19,25447.7,25449.9,25423.3,25432.5,12:05:00,25456.482479990827,3,35
2024-09-19,25442.2,25464.95,25435.5,25448.1,12:10:00,25455.122243801223,3,36
2024-09-19,25433.65,25451.8,25431.65,25442.6,12:15:00,25453.077268201105,3,37
2024-09-19,25448.15,25448.15,25429.6,25434.3,12:20:00,25452.608004562902,3,38
2024-09-19,25432.2,25460.55,25429.75,25447.4,12:25:00,25450.664385080723,3,39
2024-09-19,25440.7,25454.25,25431.8,25431.8,12:30:00,25449.71539602541,3,40
2024-09-19,25446.2,25452.1,25434.1,25441.2,12:35:00,25449.38059640395,3,41
2024-09-19,25458.25,25467.5,25445.95,25445.95,12:40:00,25450.225301508333,3,42
2024-09-19,25456.35,25467.65,25448.9,25458.4,12:45:00,25450.80860612659,3,43
2024-09-19,25435.55,25460.5,25431.9,25456.6,12:50:00,25449.355405543105,3,44
2024-09-19,25422.0,25447.8,25419.0,25435.7,12:55:00,25446.750128824715,3,45
2024-09-19,25419.25,25423.5,25410.6,25422.4,13:00:00,25444.131068936644,3,46
2024-09-19,25405.7,25433.85,25405.3,25418.8,13:05:00,25440.47096713315,3,47
2024-09-19,25395.85,25407.55,25395.85,25405.85,13:10:00,25436.22135121571,3,48
2024-09-19,25393.25,25416.95,25387.95,25395.85,13:15:00,25432.12884157612,3,49
2024-09-19,25424.05,25424.6,25388.0,25392.05,13:20:00,25431.35942809268,3,50
2024-09-19,25411.4,25426.55,25404.75,25423.6,13:25:00,25429.458530179087,3,51
2024-09-19,25412.3,25419.7,25399.95,25411.8,13:30:00,25427.824384447747,3,52
2024-09-19,25393.8,25416.8,25391.8,25412.0,13:35:00,25424.58396688129,3,53
2024-09-19,25405.4,25407.0,25385.0,25393.8,13:40:00,25422.75692241641,3,54
2024-09-19,25378.9,25405.55,25376.45,25404.55,13:45:00,25418.580072662466,3,55
2024-09-19,25404.15,25410.9,25377.05,25378.7,13:50:00,25417.205780027947,3,56
2024-09-19,25402.7,25411.7,25398.7,25404.05,13:55:00,25415.824277168143,3,57
2024-09-19,25394.9,25408.85,25392.35,25403.05,14:00:00,25413.831488866414,3,58
2024-09-19,25404.2,25409.8,25394.55,25396.0,14:05:00,25412.91420421247,3,59
2024-09-19,25402.4,25416.35,25398.65,25403.9,14:10:00,25411.91285143033,3,60
2024-09-19,25400.4,25407.5,25395.8,25403.1,14:15:00,25410.816389389347,3,61
2024-09-19,25408.2,25411.65,25394.05,25399.95,14:20:00,25410.567209447505,3,62
2024-09-19,25412.95,25417.15,25400.6,25408.8,14:25:00,25410.79414188108,3,63
2024-09-19,25402.95,25424.25,25401.55,25413.95,14:30:00,25410.047080749544,3,64
2024-09-19,25396.75,25410.6,25395.05,25403.3,14:35:00,25408.78069210673,3,65
2024-09-19,25404.8,25410.75,25394.75,25395.75,14:40:00,25408.40157857276,3,66
2024-09-19,25397.6,25407.45,25388.6,25403.25,14:45:00,25407.37285680392,3,67
2024-09-19,25408.05,25410.25,25393.25,25397.75,14:50:00,25407.43734663212,3,68
2024-09-19,25418.6,25421.5,25403.45,25407.2,14:55:00,25408.50045647668,3,69
2024-09-19,25407.75,25421.9,25392.85,25418.1,15:00:00,25408.42898443128,3,70
2024-09-19,25412.7,25417.1,25392.6,25406.1,15:05:00,25408.83574781878,3,71
2024-09-19,25426.25,25427.55,25411.05,25413.55,15:10:00,25410.49424802652,3,72
2024-09-19,25422.7,25425.35,25406.85,25424.55,15:15:00,25411.656700595417,3,73
2024-09-19,25438.4,25438.4,25412.2,25422.55,15:20:00,25414.203681491093,3,74
2024-09-19,25445.0,25453.7,25437.3,25438.1,15:25:00,25417.136664206228,3,75
2024-09-20,25497.25,25542.55,25495.75,25530.0,09:15:00,25434.14271151576,4,1
2024-09-20,25492.1,25504.3,25453.4,25493.15,09:20:00,25439.66245327616,4,2
2024-09-20,25488.3,25506.85,25471.8,25491.25,09:25:00,25444.29460058319,4,3
2024-09-20,25473.1,25501.3,25466.35,25488.9,09:30:00,25447.03797195622,4,4
2024-09-20,25453.2,25475.75,25426.8,25473.55,09:35:00,25447.62483176992,4,5
2024-09-20,25459.8,25482.95,25447.5,25452.4,09:40:00,25448.784371601352,4,6
2024-09-20,25486.55,25499.4,25452.8,25459.9,09:45:00,25452.381098115507,4,7
2024-09-20,25537.65,25552.95,25486.9,25486.9,09:50:00,25460.50194591403,4,8
2024-09-20,25585.15,25599.1,25536.65,25537.8,09:55:00,25472.37318916032,4,9
2024-09-20,25578.55,25609.15,25564.55,25586.7,10:00:00,25482.485266383144,4,10
2024-09-20,25571.9,25591.1,25570.4,25579.35,10:05:00,25491.00095529904,4,11
2024-09-20,25553.55,25588.7,25551.0,25571.1,10:10:00,25496.958007175323,4,12
2024-09-20,25548.45,25578.15,25542.65,25554.25,10:15:00,25501.86200649196,4,13
2024-09-20,25561.5,25567.9,25541.65,25547.9,10:20:00,25507.54181539749,4,14
2024-09-20,25582.2,25596.95,25560.8,25561.45,10:25:00,25514.652118692968,4,15
2024-09-20,25583.25,25595.95,25579.1,25583.05,10:30:00,25521.185250246017,4,16
2024-09-20,25658.8,25663.65,25579.9,25583.85,10:35:00,25534.291416889253,4,17
2024-09-20,25677.65,25685.9,25654.35,25660.55,10:40:00,25547.94461528076,4,18
2024-09-20,25661.8,25691.4,25652.25,25677.6,10:45:00,25558.787985254017,4,19
2024-09-20,25666.35,25679.85,25655.8,25661.1,10:50:00,25569.0319866584,4,20
2024-09-20,25669.05,25681.6,25660.45,25667.05,10:55:00,25578.557511738552,4,21
2024-09-20,25643.75,25672.95,25633.05,25667.8,11:00:00,25584.766320144405,4,22
2024-09-20,25652.5,25656.9,25629.95,25642.7,11:05:00,25591.21714679732,4,23
2024-09-20,25702.25,25715.75,25652.2,25652.2,11:10:00,25601.79170424519,4,24
2024-09-20,25710.6,25719.5,25690.8,25702.2,11:15:00,25612.15439907898,4,25
2024-09-20,25695.55,25724.55,25692.15,25711.85,11:20:00,25620.09683726193,4,26
2024-09-20,25694.7,25707.05,25685.75,25694.3,11:25:00,25627.20190037985,4,27
2024-09-20,25690.05,25714.0,25686.6,25694.75,11:30:00,25633.18743367701,4,28
2024-09-20,25667.7,25691.05,25666.2,25690.1,11:35:00,25636.47434475539,4,29
2024-09-20,25689.15,25703.1,25667.7,25668.1,11:40:00,25641.491073826302,4,30
2024-09-20,25713.05,25724.05,25682.2,25689.2,11:45:00,25648.306209652368,4,31
2024-09-20,25712.4,25724.85,25700.1,25713.25,11:50:00,25654.410380161666,4,32
2024-09-20,25700.55,25711.95,25697.5,25711.35,11:55:00,25658.80462967008,4,33
2024-09-20,25719.35,25720.9,25698.15,25700.55,12:00:00,25664.57085541579,4,34
2024-09-20,25709.45,25726.6,25706.75,25719.85,12:05:00,25668.845059661904,4,35
2024-09-20,25710.1,25719.35,25697.2,25707.5,12:10:00,25672.774101598865,4,36
2024-09-20,25697.9,25713.25,25697.55,25710.4,12:15:00,25675.167044303736,4,37
2024-09-20,25705.2,25714.25,25694.15,25698.6,12:20:00,25678.02732579862,4,38
2024-09-20,25706.7,25712.5,25693.45,25705.35,12:25:00,25680.758056674946,4,39
2024-09-20,25692.0,25708.05,25687.8,25706.45,12:30:00,25681.828717944,4,40
2024-09-20,25703.6,25714.35,25690.45,25691.75,12:35:00,25683.9021733779,4,41
2024-09-20,25723.7,25727.3,25701.55,25703.85,12:40:00,25687.692442580003,4,42
2024-09-20,25803.45,25804.05,25717.15,25723.05,12:45:00,25698.7169718581,4,43
2024-09-20,25794.65,25803.7,25778.15,25802.6,12:50:00,25707.853450728755,4,44
2024-09-20,25768.45,25796.4,25768.25,25794.6,12:55:00,25713.624550659348,4,45
2024-09-20,25766.1,25782.35,25764.8,25768.9,13:00:00,25718.62221250132,4,46
2024-09-20,25774.75,25779.85,25759.5,25766.45,13:05:00,25723.96771607262,4,47
2024-09-20,25786.05,25794.0,25772.0,25773.9,13:10:00,25729.880314541893,4,48
2024-09-20,25796.2,25801.7,25780.0,25784.75,13:15:00,25736.19647506171,4,49
2024-09-20,25792.95,25806.35,25775.65,25795.8,13:20:00,25741.60157267488,4,50
2024-09-20,25782.2,25804.8,25777.6,25794.55,13:25:00,25745.46808956299,4,51
2024-09-20,25629.3,25786.2,25608.0,25783.35,13:30:00,25734.404461985563,4,52
2024-09-20,25572.6,25628.2,25487.35,25628.2,13:35:00,25718.994513225032,4,53
2024-09-20,25551.85,25617.5,25536.45,25573.85,13:40:00,25703.075988155982,4,54
2024-09-20,25679.15,25679.15,25545.0,25548.75,13:45:00,25700.79732261732,4,55
2024-09-20,25718.55,25720.3,25633.45,25680.05,13:50:00,25702.488053796624,4,56
2024-09-20,25665.75,25732.45,25649.75,25717.65,13:55:00,25698.98919153028,4,57
2024-09-20,25667.3,25703.1,25620.35,25662.35,14:00:00,25695.971173289297,4,58
2024-09-20,25680.0,25681.85,25647.95,25668.25,14:05:00,25694.450109166508,4,59
2024-09-20,25674.9,25685.85,25661.35,25678.65,14:10:00,25692.588194007792,4,60
2024-09-20,25702.95,25724.9,25673.15,25676.3,14:15:00,25693.57503267372,4,61
2024-09-20,25609.3,25724.05,25594.1,25702.35,14:20:00,25685.548839085743,4,62
2024-09-20,25647.95,25706.25,25606.8,25611.45,14:25:00,25681.967997268057,4,63
2024-09-20,25679.2,25686.4,25640.5,25650.35,14:30:00,25681.704378480623,4,64
2024-09-20,25684.35,25702.35,25671.85,25679.35,14:35:00,25681.956342434853,4,65
2024-09-20,25644.85,25689.3,25641.65,25684.5,14:40:00,25678.422405060104,4,66
2024-09-20,25706.7,25709.75,25646.2,25646.3,14:45:00,25681.115509340096,4,67
2024-09-20,25777.45,25801.0,25693.55,25704.8,14:50:00,25690.29022273628,4,68
2024-09-20,25702.5,25778.85,25695.8,25778.85,14:55:00,25691.45305866616,4,69
2024-09-20,25766.2,25771.0,25703.75,25703.95,15:00:00,25698.571814983665,4,70
2024-09-20,25794.05,25798.85,25765.25,25766.75,15:05:00,25707.66497546141,4,71
2024-09-20,25792.85,25803.5,25772.35,25793.95,15:10:00,25715.77783494128,4,72
2024-09-20,25805.1,25820.4,25790.85,25793.65,15:15:00,25724.28470780401,4,73
2024-09-20,25822.6,25829.25,25783.0,25804.45,15:20:00,25733.648068965536,4,74
2024-09-20,25820.35,25843.95,25805.1,25822.6,15:25:00,25741.90539573072,4,75
2024-09-23,25881.7,25903.3,25849.95,25870.65,09:15:00,25766.47652575689,0,1
2024-09-23,25896.95,25910.25,25869.35,25880.15,09:20:00,25778.90257092291,0,2
2024-09-23,25892.0,25904.9,25882.85,25897.65,09:25:00,25789.67375464454,0,3
2024-09-23,25903.3,25911.2,25890.15,25892.75,09:30:00,25800.49530182125,0,4
2024-09-23,25894.1,25906.95,25885.9,25904.25,09:35:00,25809.41003498113,0,5
2024-09-23,25891.8,25903.45,25879.9,25895.1,09:40:00,25817.25669831626,0,6
2024-09-23,25896.1,25907.0,25891.05,25891.05,09:45:00,25824.765584190904,0,7
2024-09-23,25910.8,25924.95,25893.45,25895.65,09:50:00,25832.95933807749,0,8
2024-09-23,25904.15,25916.95,25901.25,25910.75,09:55:00,25839.739401117724,0,9
2024-09-23,25903.55,25913.0,25899.0,25904.4,10:00:00,25845.81660101128,0,10
2024-09-23,25916.0,25916.7,25899.5,25902.8,10:05:00,25852.500734248297,0,11
2024-09-23,25897.05,25915.15,25895.5,25915.0,10:10:00,25856.743521462748,0,12
2024-09-23,25890.95,25901.65,25883.5,25897.4,10:15:00,25860.00128132344,0,13
2024-09-23,25892.65,25898.15,25881.15,25890.85,10:20:00,25863.11068310216,0,14
2024-09-23,25891.85,25893.3,25883.2,25892.05,10:25:00,25865.84776090196,0,15
2024-09-23,25885.25,25893.4,25873.0,25892.5,10:30:00,25867.695593197004,0,16
2024-09-23,25866.9,25884.95,25866.3,25884.95,10:35:00,25867.61982241633,0,17
2024-09-23,25874.45,25875.15,25859.65,25867.7,10:40:00,25868.270315519545,0,18
2024-09-23,25873.65,25880.75,25868.05,25874.5,10:45:00,25868.78266642245,0,19
2024-09-23,25886.0,25891.55,25874.15,25874.8,10:50:00,25870.42241247745,0,20
2024-09-23,25884.55,25886.4,25878.1,25886.35,10:55:00,25871.76789700341,0,21
2024-09-23,25889.15,25892.65,25882.75,25885.35,11:00:00,25873.42333538404,0,22
2024-09-23,25885.35,25890.7,25882.4,25890.05,11:05:00,25874.55920820461,0,23
2024-09-23,25881.45,25887.6,25879.25,25886.2,11:10:00,25875.215474089884,0,24
2024-09-23,25879.0,25886.15,25876.45,25882.1,11:15:00,25875.575905128942,0,25
2024-09-23,25875.0,25883.1,25871.6,25878.75,11:20:00,25875.521057021426,0,26
2024-09-23,25868.45,25876.0,25866.25,25874.6,11:25:00,25874.847623019385,0,27
2024-09-23,25867.4,25870.55,25860.6,25868.7,11:30:00,25874.138325588967,0,28
2024-09-23,25859.45,25869.4,25854.2,25866.25,11:35:00,25872.739437437634,0,29
2024-09-23,25863.85,25864.85,25854.45,25859.55,11:40:00,25871.89282434833,0,30
2024-09-23,25848.8,25865.45,25848.1,25863.7,11:45:00,25869.69350774373,0,31
2024-09-23,25860.5,25863.0,25847.95,25848.3,11:50:00,25868.817935577663,0,32
2024-09-23,25879.95,25879.95,25859.15,25859.95,11:55:00,25869.878132189315,0,33
2024-09-23,25876.45,25879.6,25868.8,25878.5,12:00:00,25870.50402436176,0,34
2024-09-23,25874.9,25880.25,25872.7,25876.0,12:05:00,25870.922688708262,0,35
2024-09-23,25867.25,25875.2,25866.65,25874.8,12:10:00,25870.572908831284,0,36
2024-09-23,25871.15,25875.15,25865.3,25865.3,12:15:00,25870.62786989497,0,37
2024-09-23,25866.3,25872.6,25862.8,25871.55,12:20:00,25870.21569180974,0,38
2024-09-23,25866.8,25868.2,25863.0,25866.0,12:25:00,25869.89038782785,0,39
2024-09-23,25861.75,25873.4,25857.1,25866.55,12:30:00,25869.11511279664,0,40
2024-09-23,25867.5,25870.4,25860.95,25863.55,12:35:00,25868.961292530286,0,41
2024-09-23,25870.8,25875.1,25866.45,25866.65,12:40:00,25869.136407527403,0,42
2024-09-23,25867.5,25871.7,25861.6,25870.7,12:45:00,25868.98055919146,0,43
2024-09-23,25866.1,25872.5,25865.75,25866.9,12:50:00,25868.706220220844,0,44
2024-09-23,25872.55,25874.45,25865.8,25865.8,12:55:00,25869.07229448553,0,45
2024-09-23,25881.75,25884.8,25871.15,25873.1,13:00:00,25870.279695010715,0,46
2024-09-23,25890.45,25892.55,25877.65,25881.35,13:05:00,25872.200676438268,0,47
2024-09-23,25883.6,25895.7,25882.05,25890.7,13:10:00,25873.286326301288,0,48
2024-09-23,25887.3,25887.9,25880.1,25884.1,13:15:00,25874.620961891644,0,49
2024-09-23,25893.0,25896.25,25882.9,25886.95,13:20:00,25876.371346473392,0,50
2024-09-23,25893.95,25898.85,25888.8,25893.05,13:25:00,25878.045503952115,0,51
2024-09-23,25896.35,25900.35,25893.05,25893.05,13:30:00,25879.788789290007,0,52
2024-09-23,25898.95,25905.95,25894.85,25895.95,13:35:00,25881.61366650048,0,53
2024-09-23,25905.15,25907.45,25895.05,25898.55,13:40:00,25883.855222071867,0,54
2024-09-23,25905.55,25911.6,25902.2,25905.05,13:45:00,25885.921391398355,0,55
2024-09-23,25910.05,25913.6,25904.05,25905.15,13:50:00,25888.219354122324,0,56
2024-09-23,25906.05,25912.45,25903.85,25911.65,13:55:00,25889.91751087258,0,57
2024-09-23,25905.55,25911.6,25898.25,25908.1,14:00:00,25891.406319360907,0,58
2024-09-23,25905.0,25909.4,25900.95,25906.2,14:05:00,25892.70095561225,0,59
2024-09-23,25907.2,25907.7,25897.35,25905.5,14:10:00,25894.08181698251,0,60
2024-09-23,25921.0,25925.95,25906.1,25906.9,14:15:00,25896.64545346037,0,61
2024-09-23,25929.45,25933.75,25918.8,25923.7,14:20:00,25899.76969598796,0,62
2024-09-23,25929.6,25934.1,25924.0,25930.35,14:25:00,25902.610677322435,0,63
2024-09-23,25922.45,25933.65,25914.9,25927.8,14:30:00,25904.50013662505,0,64
2024-09-23,25929.45,25936.6,25917.7,25921.95,14:35:00,25906.87631408934,0,65
2024-09-23,25928.35,25934.15,25923.95,25931.3,14:40:00,25908.92142703321,0,66
2024-09-23,25939.4,25944.7,25924.6,25929.8,14:45:00,25911.824148268144,0,67
2024-09-23,25928.15,25941.9,25927.85,25937.85,14:50:00,25913.378991290225,0,68
2024-09-23,25924.1,25931.75,25920.9,25929.2,14:55:00,25914.40003973877,0,69
2024-09-23,25943.2,25943.2,25919.9,25925.1,15:00:00,25917.14289309699,0,70
2024-09-23,25951.1,25955.85,25939.75,25943.3,15:05:00,25920.37690327823,0,71
2024-09-23,25938.75,25950.8,25929.95,25950.8,15:10:00,25922.12672201364,0,72
2024-09-23,25936.75,25947.1,25932.8,25940.85,15:15:00,25923.519415155195,0,73
2024-09-23,25933.55,25940.85,25930.7,25937.85,15:20:00,25924.474708949936,0,74
2024-09-23,25930.15,25938.05,25923.35,25933.95,15:25:00,25925.015212859467,0,75
2024-09-24,25929.8,25935.2,25887.85,25929.9,09:15:00,25925.1637003226,1,1
2024-09-24,25926.9,25937.45,25915.9,25930.85,09:20:00,25925.32906219664,1,2
2024-09-24,25932.4,25933.7,25918.05,25926.8,09:25:00,25926.00248484458,1,3
2024-09-24,25933.55,25936.3,25918.8,25932.9,09:30:00,25926.72129581176,1,4
2024-09-24,25936.75,25945.8,25931.6,25933.9,09:35:00,25927.676410496355,1,5
2024-09-24,25955.6,25958.5,25931.15,25937.65,09:40:00,25930.33579997289,1,6
2024-09-24,25958.5,25967.8,25950.45,25954.95,09:45:00,25933.01810473738,1,7
2024-09-24,25969.7,25970.95,25951.45,25958.95,09:50:00,25936.51161857192,1,8
2024-09-24,25963.65,25975.45,25963.65,25970.0,09:55:00,25939.09622632697,1,9
2024-09-24,25958.75,25968.65,25950.7,25963.2,10:00:00,25940.96801429583,1,10
2024-09-24,25967.8,25978.65,25957.55,25959.25,10:05:00,25943.52344150575,1,11
2024-09-24,25956.15,25969.4,25947.95,25968.65,10:10:00,25944.72597088616,1,12
2024-09-24,25968.5,25970.0,25955.5,25956.3,10:15:00,25946.99016413509,1,13
2024-09-24,25973.45,25976.95,25962.6,25968.1,10:20:00,25949.51014850318,1,14
2024-09-24,25969.25,25981.45,25968.7,25973.45,10:25:00,25951.39013436002,1,15
2024-09-24,25969.65,25977.95,25966.9,25969.05,10:30:00,25953.12916918288,1,16
2024-09-24,25962.15,25970.5,25962.05,25968.7,10:35:00,25953.98829592736,1,17
2024-09-24,25951.3,25968.05,25947.0,25963.3,10:40:00,25953.7322677438,1,18
2024-09-24,25950.85,25952.75,25937.55,25951.55,10:45:00,25953.45776605392,1,19
2024-09-24,25951.05,25957.35,25946.35,25951.4,10:50:00,25953.228455001165,1,20
2024-09-24,25960.45,25961.5,25947.05,25949.2,10:55:00,25953.91622119153,1,21
2024-09-24,25947.75,25961.85,25945.45,25960.75,11:00:00,25953.328962030435,1,22
2024-09-24,25953.65,25958.15,25946.65,25948.55,11:05:00,25953.35953707516,1,23
2024-09-24,25948.95,25956.65,25946.9,25954.4,11:10:00,25952.939581163235,1,24
2024-09-24,25937.9,25948.85,25933.0,25948.5,11:15:00,25951.50724010007,1,25
2024-09-24,25923.75,25938.25,25920.35,25937.25,11:20:00,25948.863693423875,1,26
2024-09-24,25930.35,25931.1,25920.85,25923.85,11:25:00,25947.100484526363,1,27
2024-09-24,25920.65,25934.35,25918.6,25931.55,11:30:00,25944.581390761945,1,28
2024-09-24,25921.25,25927.7,25918.5,25921.05,11:35:00,25942.35935354652,1,29
2024-09-24,25922.4,25923.85,25918.6,25921.15,11:40:00,25940.458462732568,1,30
2024-09-24,25923.9,25927.75,25916.05,25922.85,11:45:00,25938.881466281848,1,31
2024-09-24,25911.7,25931.75,25911.1,25925.0,11:50:00,25936.292755207385,1,32
2024-09-24,25911.65,25915.5,25905.75,25910.75,11:55:00,25933.94582614001,1,33
2024-09-24,25917.1,25919.85,25911.0,25911.4,12:00:00,25932.341461745727,1,34
2024-09-24,25925.85,25927.2,25915.25,25917.9,12:05:00,25931.723227293754,1,35
2024-09-24,25921.55,25926.9,25920.0,25925.75,12:10:00,25930.75434850388,1,36
2024-09-24,25930.5,25936.35,25920.1,25921.4,12:15:00,25930.73012483684,1,37
2024-09-24,25939.3,25944.6,25928.75,25930.3,12:20:00,25931.54630342381,1,38
2024-09-24,25939.15,25946.0,25931.15,25939.4,12:25:00,25932.270465002497,1,39
2024-09-24,25947.05,25948.15,25935.4,25938.9,12:30:00,25933.678039764163,1,40
2024-09-24,25948.6,25951.9,25944.55,25947.05,12:35:00,25935.099178834244,1,41
2024-09-24,25947.4,25951.95,25945.3,25948.05,12:40:00,25936.270685611937,1,42
2024-09-24,25955.35,25956.7,25946.3,25947.65,12:45:00,25938.087763172705,1,43
2024-09-24,25958.5,25963.55,25950.5,25954.85,12:50:00,25940.03178572769,1,44
2024-09-24,25957.45,25963.75,25956.15,25958.45,12:55:00,25941.69066327744,1,45
2024-09-24,25963.55,25964.2,25953.8,25957.8,13:00:00,25943.77250487006,1,46
2024-09-24,25960.45,25966.75,25958.55,25962.95,13:05:00,25945.36083773958,1,47
2024-09-24,25964.35,25965.45,25952.8,25960.3,13:10:00,25947.16932938343,1,48
2024-09-24,25964.8,25967.15,25960.55,25964.6,13:15:00,25948.84844087072,1,49
2024-09-24,25965.8,25968.95,25958.0,25964.95,13:20:00,25950.46287507351,1,50
2024-09-24,25959.65,25968.35,25957.55,25965.6,13:25:00,25951.33783935222,1,51
2024-09-24,25963.55,25965.4,25951.1,25959.45,13:30:00,25952.50090227106,1,52
2024-09-24,25960.85,25968.0,25959.6,25963.4,13:35:00,25953.29605443572,1,53
2024-09-24,25967.75,25972.0,25960.6,25961.05,13:40:00,25954.672620679936,1,54
2024-09-24,25969.3,25973.6,25965.4,25967.4,13:45:00,25956.065704424705,1,55
2024-09-24,25979.2,25981.4,25969.2,25969.2,13:50:00,25958.26897066997,1,56
2024-09-24,25964.95,25984.0,25960.6,25978.95,13:55:00,25958.90525917759,1,57
2024-09-24,25975.5,25978.9,25962.05,25964.2,14:00:00,25960.485710684487,1,58
2024-09-24,25975.75,25982.9,25973.3,25975.0,14:05:00,25961.939452524057,1,59
2024-09-24,25973.4,25979.5,25969.05,25975.75,14:10:00,25963.03093323605,1,60
2024-09-24,25990.05,25991.9,25972.05,25973.3,14:15:00,25965.60417768976,1,61
2024-09-24,25972.25,25991.85,25960.5,25989.95,14:20:00,25966.23711314788,1,62
2024-09-24,25973.35,25983.7,25968.45,25972.5,14:25:00,25966.91453094332,1,63
2024-09-24,25973.55,25981.0,25969.9,25974.1,14:30:00,25967.54648037729,1,64
2024-09-24,25984.15,25987.15,25971.25,25974.05,14:35:00,25969.12776796041,1,65
2024-09-24,25979.1,25987.8,25974.75,25983.95,14:40:00,25970.07750434513,1,66
2024-09-24,25970.75,25980.45,25967.6,25979.7,14:45:00,25970.14155155036,1,67
2024-09-24,25962.8,26010.2,25961.25,25971.15,14:50:00,25969.44235616461,1,68
2024-09-24,25950.5,25972.85,25948.4,25963.05,14:55:00,25967.638322244173,1,69
2024-09-24,25933.75,25958.0,25930.65,25950.25,15:00:00,25964.410862982822,1,70
2024-09-24,25933.1,25933.9,25918.65,25933.3,15:05:00,25961.42887603208,1,71
2024-09-24,25944.15,25946.35,25931.35,25932.2,15:10:00,25959.78326879093,1,72
2024-09-24,25953.4,25954.45,25939.8,25943.8,15:15:00,25959.17533842989,1,73
2024-09-24,25948.15,25959.15,25944.75,25953.9,15:20:00,25958.12530619847,1,74
2024-09-24,25951.9,25953.7,25944.85,25948.6,15:25:00,25957.53241989385,1,75
2024-09-25,25926.2,25932.85,25891.7,25907.25,09:15:00,25949.543545536697,2,1
2024-09-25,25940.5,25946.7,25917.4,25926.5,09:20:00,25948.682255485583,2,2
2024-09-25,25939.15,25951.5,25932.85,25940.65,09:25:00,25947.774421629816,2,3
2024-09-25,25930.95,25945.95,25924.25,25939.2,09:30:00,25946.17209576031,2,4
2024-09-25,25937.15,25941.05,25922.05,25932.35,09:35:00,25945.312848545043,2,5
2024-09-25,25939.5,25944.6,25932.2,25937.5,09:40:00,25944.759243921708,2,6
2024-09-25,25952.45,25952.9,25936.1,25939.35,09:45:00,25945.491696881545,2,7
2024-09-25,25935.0,25950.9,25929.6,25950.3,09:50:00,25944.49248765473,2,8
2024-09-25,25943.6,25948.2,25930.3,25935.35,09:55:00,25944.407488830468,2,9
2024-09-25,25939.0,25950.65,25933.0,25943.75,10:00:00,25943.892489894235,2,10
2024-09-25,25908.0,25942.1,25908.0,25939.15,10:05:00,25940.47415752336,2,11
2024-09-25,25911.25,25917.0,25904.15,25909.1,10:10:00,25937.690904425894,2,12
2024-09-25,25918.1,25919.05,25900.9,25911.2,10:15:00,25935.825104004383,2,13
2024-09-25,25914.35,25926.6,25912.45,25918.25,10:20:00,25933.779856003966,2,14
2024-09-25,25909.1,25919.85,25907.9,25913.5,10:25:00,25931.4293935274,2,15
2024-09-25,25914.85,25918.8,25907.25,25909.1,10:30:00,25929.85040366764,2,16
2024-09-25,25914.8,25920.75,25910.1,25913.9,10:35:00,25928.41703188977,2,17
2024-09-25,25918.45,25927.05,25912.9,25915.35,10:40:00,25927.46779075741,2,18
2024-09-25,25916.3,25924.05,25912.25,25918.6,10:45:00,25926.40419163766,2,19
2024-09-25,25918.05,25923.05,25915.85,25916.5,10:50:00,25925.60855433884,2,20
2024-09-25,25914.7,25918.55,25910.6,25917.95,10:55:00,25924.5696444018,2,21
2024-09-25,25914.3,25918.5,25912.8,25915.1,11:00:00,25923.5915830302,2,22
2024-09-25,25917.0,25928.05,25910.6,25915.0,11:05:00,25922.9638132178,2,23
2024-09-25,25914.95,25920.7,25912.45,25916.85,11:10:00,25922.200592911344,2,24
2024-09-25,25917.85,25921.1,25912.25,25915.0,11:15:00,25921.78625072931,2,25
2024-09-25,25922.0,25924.55,25914.1,25918.5,11:20:00,25921.806607802708,2,26
2024-09-25,25925.2,25930.9,25922.8,25922.85,11:25:00,25922.12978801197,2,27
2024-09-25,25925.15,25927.9,25920.85,25925.7,11:30:00,25922.41742724893,2,28
2024-09-25,25921.4,25930.55,25920.5,25924.85,11:35:00,25922.32052941569,2,29
2024-09-25,25902.6,25922.6,25901.75,25922.1,11:40:00,25920.44238375706,2,30
2024-09-25,25900.15,25903.6,25879.25,25903.6,11:45:00,25918.5097757802,2,31
2024-09-25,25877.75,25902.3,25874.05,25901.0,11:50:00,25914.62789237256,2,32
2024-09-25,25880.25,25882.4,25871.9,25878.4,11:55:00,25911.353807384698,2,33
2024-09-25,25892.15,25893.25,25875.8,25880.75,12:00:00,25909.524873348066,2,34
2024-09-25,25886.8,25898.8,25885.95,25892.45,12:05:00,25907.36059969587,2,35
2024-09-25,25880.15,25890.35,25878.8,25887.7,12:10:00,25904.76911401055,2,36
2024-09-25,25888.95,25889.8,25875.35,25879.2,12:15:00,25903.262531723827,2,37
2024-09-25,25887.8,25890.95,25882.45,25888.6,12:20:00,25901.78990965489,2,38
2024-09-25,25888.1,25890.4,25880.75,25888.9,12:25:00,25900.48610873537,2,39
2024-09-25,25889.55,25896.2,25883.35,25888.65,12:30:00,25899.4445745701,2,40
2024-09-25,25888.65,25891.25,25886.05,25889.65,12:35:00,25898.41651984914,2,41
2024-09-25,25883.9,25891.9,25882.75,25889.0,12:40:00,25897.03399414922,2,42
2024-09-25,25883.35,25893.4,25881.95,25884.8,12:45:00,25895.7307566112,2,43
2024-09-25,25890.05,25891.55,25882.9,25885.85,12:50:00,25895.18973217204,2,44
2024-09-25,25892.8,25899.45,25890.3,25890.65,12:55:00,25894.962138631847,2,45
2024-09-25,25887.3,25899.95,25886.1,25893.35,13:00:00,25894.2324111431,2,46
2024-09-25,25891.35,25892.4,25885.75,25889.05,13:05:00,25893.95789579614,2,47
2024-09-25,25884.6,25895.2,25882.95,25891.65,13:10:00,25893.06666762508,2,48
2024-09-25,25900.55,25901.8,25884.4,25884.5,13:15:00,25893.779365946502,2,49
2024-09-25,25896.9,25903.45,25893.05,25900.95,13:20:00,25894.076569189696,2,50
2024-09-25,25915.3,25919.95,25898.25,25898.65,13:25:00,25896.097848314486,2,51
2024-09-25,25907.85,25916.5,25907.15,25915.85,13:30:00,25897.217100855964,2,52
2024-09-25,25906.85,25908.85,25898.65,25907.45,13:35:00,25898.134519822062,2,53
2024-09-25,25907.7,25909.5,25900.4,25907.2,13:40:00,25899.04551793425,2,54
2024-09-25,25924.25,25925.35,25906.25,25907.3,13:45:00,25901.44594479765,2,55
2024-09-25,25925.45,25929.3,25920.8,25924.7,13:50:00,25903.73204529312,2,56
2024-09-25,25920.95,25928.05,25919.55,25926.2,13:55:00,25905.371850503296,2,57
2024-09-25,25934.1,25935.15,25920.85,25921.1,14:00:00,25908.10786474108,2,58
2024-09-25,25944.35,25945.5,25930.85,25935.0,14:05:00,25911.559496670503,2,59
2024-09-25,25945.45,25950.45,25942.2,25944.8,14:10:00,25914.787163654262,2,60
2024-09-25,25927.4,25949.0,25926.85,25946.0,14:15:00,25915.988386163383,2,61
2024-09-25,25936.65,25941.3,25926.15,25927.05,14:20:00,25917.95615890973,2,62
2024-09-25,25935.45,25941.5,25931.3,25936.95,14:25:00,25919.622239013563,2,63
2024-09-25,25931.1,25937.3,25927.95,25935.2,14:30:00,25920.71535910751,2,64
2024-09-25,25942.1,25947.45,25929.95,25930.85,14:35:00,25922.751991573463,2,65
2024-09-25,25937.8,25949.65,25932.7,25941.85,14:40:00,25924.18513523313,2,66
2024-09-25,25934.7,25945.05,25930.95,25937.6,14:45:00,25925.186550925217,2,67
2024-09-25,25936.8,25940.2,25931.15,25934.95,14:50:00,25926.292593694245,2,68
2024-09-25,25928.7,25938.4,25923.0,25936.85,14:55:00,25926.52187048527,2,69
2024-09-25,25991.3,25992.7,25929.1,25929.95,15:00:00,25932.69121615334,2,70
2024-09-25,25997.65,25998.5,25983.55,25991.7,15:05:00,25938.87776699588,2,71
2024-09-25,26017.55,26028.65,25995.0,25998.0,15:10:00,25946.37036061532,2,72
2024-09-25,26026.3,26028.1,26015.25,26017.3,15:15:00,25953.982707223386,2,73
2024-09-25,26017.3,26031.8,26011.75,26024.5,15:20:00,25960.01292558305,2,74
2024-09-25,26013.5,26021.6,26008.05,26017.4,15:25:00,25965.106932670387,2,75
2024-09-26,26030.05,26034.55,26003.15,26008.1,09:15:00,25974.76395168709,3,1
2024-09-26,26038.95,26051.15,26031.95,26033.15,09:20:00,25980.87690866928,3,2
2024-09-26,26049.25,26055.65,26030.1,26039.25,09:25:00,25987.38863165316,3,3
2024-09-26,26032.7,26052.05,26026.0,26050.25,09:30:00,25991.70400006714,3,4
2024-09-26,26048.4,26050.05,26030.55,26032.55,09:35:00,25997.10361910837,3,5
2024-09-26,26031.15,26051.15,26024.15,26049.05,09:40:00,26000.34613157424,3,6
2024-09-26,26049.1,26051.65,26027.1,26030.25,09:45:00,26004.989357138595,3,7
2024-09-26,26039.35,26057.1,26035.7,26049.1,09:50:00,26008.26179931587,3,8
2024-09-26,26045.95,26047.8,26035.75,26039.1,09:55:00,26011.851151761977,3,9
2024-09-26,26045.5,26051.55,26041.75,26045.5,10:00:00,26015.055803975123,3,10
2024-09-26,26070.5,26074.35,26039.35,26045.5,10:05:00,26020.33620359654,3,11
2024-09-26,26063.55,26073.8,26058.0,26069.95,10:10:00,26024.45180325401,3,12
2024-09-26,26061.15,26071.8,26057.3,26062.55,10:15:00,26027.946869610776,3,13
2024-09-26,26059.65,26062.65,26048.75,26060.6,10:20:00,26030.96621536213,3,14
2024-09-26,26065.95,26068.8,26057.6,26059.8,10:25:00,26034.29800437526,3,15
2024-09-26,26074.35,26076.95,26053.55,26065.95,10:30:00,26038.112480149044,3,16
2024-09-26,26062.15,26076.95,26059.35,26073.0,10:35:00,26040.40176775389,3,17
2024-09-26,26065.9,26087.35,26057.0,26060.95,10:40:00,26042.83017082496,3,18
2024-09-26,26061.8,26072.2,26058.1,26064.6,10:45:00,26044.63682122257,3,19
2024-09-26,26061.55,26072.2,26057.8,26061.5,10:50:00,26046.24760015376,3,20
2024-09-26,26064.4,26068.4,26057.6,26061.25,10:55:00,26047.976400139112,3,21
2024-09-26,26072.25,26072.45,26056.35,26065.45,11:00:00,26050.288171554435,3,22
2024-09-26,26061.2,26074.45,26060.85,26071.7,11:05:00,26051.32739331116,3,23
2024-09-26,26073.3,26078.2,26057.15,26061.8,11:10:00,26053.42002251962,3,24
2024-09-26,26062.1,26078.15,26061.1,26073.5,11:15:00,26054.24668704156,3,25
2024-09-26,26067.8,26069.35,26060.4,26062.9,11:20:00,26055.53747875189,3,26
2024-09-26,26063.6,26070.2,26061.7,26067.75,11:25:00,26056.305337918377,3,27
2024-09-26,26065.9,26068.45,26055.0,26063.65,11:30:00,26057.21911525949,3,28
2024-09-26,26073.4,26075.4,26065.8,26066.25,11:35:00,26058.76015190144,3,29
2024-09-26,26070.8,26074.9,26067.3,26073.6,11:40:00,26059.906804101305,3,30
2024-09-26,26075.2,26079.3,26069.4,26071.15,11:45:00,26061.3632989488,3,31
2024-09-26,26081.55,26085.75,26072.85,26075.55,11:50:00,26063.285841906058,3,32
2024-09-26,26080.95,26087.7,26077.8,26081.55,11:55:00,26064.96814267691,3,33
2024-09-26,26091.65,26094.3,26080.05,26081.7,12:00:00,26067.50927194577,3,34
2024-09-26,26088.35,26096.9,26085.05,26092.2,12:05:00,26069.49410318904,3,35
2024-09-26,26095.6,26097.55,26087.75,26087.95,12:10:00,26071.98037907579,3,36
2024-09-26,26096.2,26098.15,26088.7,26095.3,12:15:00,26074.28700964,3,37
2024-09-26,26092.95,26110.7,26089.7,26095.55,12:20:00,26076.06443729333,3,38
2024-09-26,26092.9,26097.5,26089.7,26092.2,12:25:00,26077.66782421778,3,39
2024-09-26,26081.55,26094.15,26078.65,26093.55,12:30:00,26078.03755524466,3,40
2024-09-26,26093.45,26094.9,26079.75,26081.35,12:35:00,26079.50540712612,3,41
2024-09-26,26094.2,26103.8,26092.5,26093.8,12:40:00,26080.90489216173,3,42
2024-09-26,26102.85,26104.3,26094.4,26095.25,12:45:00,26082.99490243204,3,43
2024-09-26,26103.2,26109.3,26103.0,26103.15,12:50:00,26084.91919743852,3,44
2024-09-26,26093.0,26111.25,26091.9,26103.4,12:55:00,26085.688797682466,3,45
2024-09-26,26090.3,26094.1,26085.25,26092.75,13:00:00,26086.127959807945,3,46
2024-09-26,26098.55,26101.55,26085.8,26090.35,13:05:00,26087.31101125481,3,47
2024-09-26,26091.8,26101.0,26063.6,26100.6,13:10:00,26087.738533992444,3,48
2024-09-26,26089.25,26094.8,26087.9,26090.45,13:15:00,26087.88248313602,3,49
2024-09-26,26095.45,26098.8,26087.25,26089.25,13:20:00,26088.603199027828,3,50
2024-09-26,26106.25,26113.7,26094.9,26094.9,13:25:00,26090.28384673946,3,51
2024-09-26,26102.15,26109.7,26093.3,26107.85,13:30:00,26091.4139565738,3,52
2024-09-26,26102.2,26106.25,26096.2,26102.25,13:35:00,26092.441198804867,3,53
2024-09-26,26092.75,26109.2,26087.15,26102.05,13:40:00,26092.47060844249,3,54
2024-09-26,26084.05,26096.15,26081.4,26092.4,13:45:00,26091.66864573369,3,55
2024-09-26,26078.7,26087.35,26063.65,26084.7,13:50:00,26090.4335366162,3,56
2024-09-26,26095.6,26097.4,26076.6,26078.55,13:55:00,26090.92558074799,3,57
2024-09-26,26089.0,26101.25,26084.1,26096.3,14:00:00,26090.742192105325,3,58
2024-09-26,26066.4,26094.4,26034.65,26088.9,14:05:00,26088.42388809529,3,59
2024-09-26,26087.2,26097.5,26066.6,26068.5,14:10:00,26088.30732732432,3,60
2024-09-26,26103.15,26104.75,26085.45,26087.05,14:15:00,26089.720915198188,3,61
2024-09-26,26109.85,26127.5,26101.95,26103.35,14:20:00,26091.6379708936,3,62
2024-09-26,26110.2,26112.7,26098.05,26109.7,14:25:00,26093.40578318945,3,63
2024-09-26,26129.8,26132.25,26100.45,26109.65,14:30:00,26096.87189907617,3,64
2024-09-26,26174.8,26176.55,26126.4,26129.9,14:35:00,26104.29362297368,3,65
2024-09-26,26189.9,26193.1,26167.3,26177.5,14:40:00,26112.446611261897,3,66
2024-09-26,26187.45,26193.2,26171.4,26189.05,14:45:00,26119.58979114172,3,67
2024-09-26,26199.4,26201.9,26184.8,26187.45,14:50:00,26127.19076341393,3,68
2024-09-26,26213.1,26218.95,26196.2,26198.2,14:55:00,26135.37259546975,3,69
2024-09-26,26233.5,26249.85,26213.15,26214.15,15:00:00,26144.71806256787,3,70
2024-09-26,26215.25,26236.75,26213.2,26233.05,15:05:00,26151.43538994236,3,71
2024-09-26,26207.55,26215.95,26203.05,26213.35,15:10:00,26156.77963851928,3,72
2024-09-26,26215.2,26220.55,26200.4,26206.45,15:15:00,26162.343482469823,3,73
2024-09-26,26208.6,26217.1,26198.85,26215.25,15:20:00,26166.748865091744,3,74
2024-09-26,26184.65,26210.2,26174.1,26208.4,15:25:00,26168.453735083007,3,75
2024-09-27,26225.8,26248.65,26211.8,26241.35,09:15:00,26180.791152755024,4,1
2024-09-27,26231.45,26238.8,26217.4,26225.0,09:20:00,26185.615804873592,4,2
2024-09-27,26230.6,26239.7,26224.55,26229.0,09:25:00,26189.90001393325,4,3
2024-09-27,26234.6,26237.7,26218.7,26230.75,09:30:00,26194.157155463417,4,4
2024-09-27,26231.5,26243.15,26226.3,26234.45,09:35:00,26197.713616847854,4,5
2024-09-27,26240.85,26245.05,26230.5,26233.0,09:40:00,26201.821843814723,4,6
2024-09-27,26260.85,26265.65,26238.5,26240.65,09:45:00,26207.443572975222,4,7
2024-09-27,26265.85,26270.3,26258.55,26260.75,09:50:00,26213.00608983473,4,8
2024-09-27,26260.75,26269.8,26256.4,26266.75,09:55:00,26217.55312889809,4,9
2024-09-27,26252.7,26264.75,26252.35,26260.95,10:00:00,26220.90044995541,4,10
2024-09-27,26263.75,26266.3,26245.2,26252.9,10:05:00,26224.98135948347,4,11
2024-09-27,26262.25,26267.3,26258.85,26264.35,10:10:00,26228.53075381838,4,12
2024-09-27,26261.9,26266.2,26259.4,26262.2,10:15:00,26231.708777264248,4,13
2024-09-27,26261.9,26264.3,26255.85,26261.35,10:20:00,26234.58413181051,4,14
2024-09-27,26264.95,26268.95,26260.85,26261.75,10:25:00,26237.476119257128,4,15
2024-09-27,26266.05,26277.15,26263.8,26265.0,10:30:00,26240.19744123264,4,16
2024-09-27,26270.35,26275.35,26266.35,26267.65,10:35:00,26243.0691134962,4,17
2024-09-27,26266.45,26271.1,26260.3,26270.45,10:40:00,26245.2958645918,4,18
2024-09-27,26263.2,26269.3,26260.3,26266.75,10:45:00,26247.00102034496,4,19
2024-09-27,26267.45,26272.05,26263.3,26263.5,10:50:00,26248.94854221687,4,20
2024-09-27,26257.45,26272.95,26241.25,26267.3,10:55:00,26249.758204862883,4,21
2024-09-27,26249.6,26260.15,26248.3,26258.0,11:00:00,26249.743137733087,4,22
2024-09-27,26223.7,26250.5,26223.55,26249.55,11:05:00,26247.262838901366,4,23
2024-09-27,26241.0,26242.7,26214.0,26223.0,11:10:00,26246.66637805362,4,24
2024-09-27,26217.2,26241.45,26208.1,26241.45,11:15:00,26243.860056334222,4,25
2024-09-27,26217.9,26222.3,26208.45,26216.6,11:20:00,26241.38767001668,4,26
2024-09-27,26233.7,26234.3,26217.1,26217.9,11:25:00,26240.65551096748,4,27
2024-09-27,26223.35,26235.75,26218.1,26233.05,11:30:00,26239.00736706581,4,28
2024-09-27,26227.9,26232.75,26215.9,26222.85,11:35:00,26237.94952258336,4,29
2024-09-27,26222.25,26230.05,26220.6,26227.5,11:40:00,26236.454329956367,4,30
2024-09-27,26222.25,26230.6,26219.35,26222.6,11:45:00,26235.101536627182,4,31
2024-09-27,26220.05,26226.45,26216.35,26223.1,11:50:00,26233.66805694841,4,32
2024-09-27,26213.4,26223.8,26206.95,26218.8,11:55:00,26231.737765810463,4,33
2024-09-27,26231.4,26234.6,26212.3,26214.3,12:00:00,26231.70559763804,4,34
2024-09-27,26230.65,26243.6,26228.1,26232.5,12:05:00,26231.605064529656,4,35
2024-09-27,26236.75,26237.15,26226.4,26230.65,12:10:00,26232.095058383977,4,36
2024-09-27,26244.3,26247.8,26235.2,26236.45,12:15:00,26233.25743377598,4,37
2024-09-27,26244.8,26244.8,26234.45,26243.6,12:20:00,26234.356725797315,4,38
2024-09-27,26239.4,26249.4,26236.8,26244.7,12:25:00,26234.837037626145,4,39
2024-09-27,26226.65,26240.2,26225.15,26240.2,12:30:00,26234.057319756987,4,40
2024-09-27,26222.8,26230.7,26219.05,26226.9,12:35:00,26232.98519406585,4,41
2024-09-27,26214.0,26223.55,26213.75,26223.05,12:40:00,26231.17708034529,4,42
2024-09-27,26212.75,26222.5,26209.75,26213.3,12:45:00,26229.422120312407,4,43
2024-09-27,26196.15,26212.95,26190.5,26212.45,12:50:00,26226.25334694932,4,44
2024-09-27,26189.2,26197.15,26182.2,26196.2,12:55:00,26222.72445676368,4,45
2024-09-27,26199.05,26208.1,26184.5,26188.7,13:00:00,26220.469746595707,4,46
2024-09-27,26192.2,26201.75,26190.85,26198.3,13:05:00,26217.777389777068,4,47
2024-09-27,26189.85,26192.8,26179.9,26192.45,13:10:00,26215.117638369728,4,48
2024-09-27,26188.05,26193.45,26176.85,26189.8,13:15:00,26212.5397680488,4,49
2024-09-27,26170.3,26190.1,26167.4,26188.05,13:20:00,26208.51693299653,4,50
2024-09-27,26179.7,26181.05,26167.9,26170.95,13:25:00,26205.77246318734,4,51
2024-09-27,26178.2,26193.65,26173.35,26180.5,13:30:00,26203.14651431236,4,52
2024-09-27,26190.15,26198.8,26178.35,26178.5,13:35:00,26201.90875104452,4,53
2024-09-27,26201.0,26201.0,26186.55,26189.7,13:40:00,26201.822203325988,4,54
2024-09-27,26200.7,26206.6,26194.1,26200.55,13:45:00,26201.71532681875,4,55
2024-09-27,26221.45,26221.45,26196.3,26200.8,13:50:00,26203.59481950268,4,56
2024-09-27,26220.7,26230.85,26216.1,26221.15,13:55:00,26205.22388431195,4,57
2024-09-27,26200.8,26225.4,26193.15,26219.7,14:00:00,26204.802561996523,4,58
2024-09-27,26194.4,26201.0,26187.1,26200.45,14:05:00,26203.81184180638,4,59
2024-09-27,26186.8,26198.0,26174.25,26194.65,14:10:00,26202.191666396247,4,60
2024-09-27,26201.85,26201.85,26180.55,26185.5,14:15:00,26202.159126739465,4,61
2024-09-27,26185.8,26204.75,26183.3,26201.75,14:20:00,26200.601114669043,4,62
2024-09-27,26191.4,26202.0,26183.0,26183.65,14:25:00,26199.724818033897,4,63
2024-09-27,26203.5,26211.95,26186.25,26191.1,14:30:00,26200.084359173525,4,64
2024-09-27,26199.0,26211.2,26195.55,26202.4,14:35:00,26199.98108687128,4,65
2024-09-27,26191.85,26199.2,26185.9,26199.2,14:40:00,26199.206697645444,4,66
2024-09-27,26192.25,26201.35,26186.9,26191.8,14:45:00,26198.544155012543,4,67
2024-09-27,26189.5,26202.15,26188.65,26192.0,14:50:00,26197.68280691611,4,68
2024-09-27,26187.4,26197.05,26177.65,26190.2,14:55:00,26196.70349197172,4,69
2024-09-27,26189.7,26206.8,26158.3,26185.3,15:00:00,26196.03649273632,4,70
2024-09-27,26175.25,26196.6,26167.9,26188.05,15:05:00,26194.05682676143,4,71
2024-09-27,26195.15,26198.0,26152.45,26173.7,15:10:00,26194.16093849844,4,72
2024-09-27,26183.6,26197.0,26176.95,26194.1,15:15:00,26193.15513483192,4,73
2024-09-27,26168.2,26188.05,26158.55,26183.1,15:20:00,26190.77845532412,4,74
2024-09-27,26175.0,26188.35,26157.7,26166.25,15:25:00,26189.27574529325,4,75
2024-09-30,26089.45,26127.75,26052.35,26060.95,09:15:00,26168.74114297248,0,1
2024-09-30,26076.85,26090.5,26055.2,26088.9,09:20:00,26159.98960554653,0,2
2024-09-30,26065.2,26079.85,26055.8,26076.3,09:25:00,26150.96202406591,0,3
2024-09-30,26035.25,26065.15,26026.7,26064.85,09:30:00,26139.94183129773,0,4
2024-09-30,26035.2,26046.05,26022.9,26035.8,09:35:00,26129.96641879318,0,5
2024-09-30,26021.7,26035.0,26012.6,26034.2,09:40:00,26119.65533128907,0,6
2024-09-30,25994.6,26022.6,25980.0,26022.6,09:45:00,26107.74529973773,0,7
2024-09-30,25969.45,25995.35,25962.55,25994.7,09:50:00,26094.57431881033,0,8
2024-09-30,25980.65,26008.95,25966.95,25970.0,09:55:00,26083.72438368553,0,9
2024-09-30,25989.3,26001.35,25964.75,25981.0,10:00:00,26074.73158523929,0,10
2024-09-30,26000.9,26018.75,25987.6,25990.55,10:05:00,26067.70000569269,0,11
2024-09-30,25982.55,26001.45,25979.05,26000.9,10:10:00,26059.590481341005,0,12
2024-09-30,25987.65,25993.35,25972.95,25983.25,10:15:00,26052.73900692757,0,13
2024-09-30,25979.55,25991.05,25976.0,25987.4,10:20:00,26045.768625315424,0,14
2024-09-30,25990.0,25994.95,25974.65,25979.8,10:25:00,26040.457327666336,0,15
2024-09-30,25973.35,25991.95,25955.15,25990.0,10:30:00,26034.06615360288,0,16
2024-09-30,25953.9,25973.9,25950.05,25973.8,10:35:00,26026.431281831174,0,17
2024-09-30,25970.05,25971.45,25943.45,25954.3,10:40:00,26021.06163594249,0,18
2024-09-30,25958.05,25976.75,25956.25,25970.1,10:45:00,26015.06052775749,0,19
2024-09-30,25953.6,25959.7,25945.55,25957.05,10:50:00,26009.207144161537,0,20
2024-09-30,25939.85,25954.7,25937.85,25954.35,10:55:00,26002.60170186044,0,21
2024-09-30,25936.6,25943.25,25927.85,25937.65,11:00:00,25996.315825492777,0,22
2024-09-30,25928.65,25951.7,25926.65,25936.7,11:05:00,25989.87146116013,0,23
2024-09-30,25928.65,25939.1,25921.55,25929.2,11:10:00,25984.04084581155,0,24
2024-09-30,25933.35,25939.3,25926.85,25930.0,11:15:00,25979.213146210448,0,25
2024-09-30,25915.6,25934.25,25912.75,25933.95,11:20:00,25973.154751333263,0,26
2024-09-30,25906.5,25917.05,25902.75,25915.5,11:25:00,25966.80667977772,0,27
2024-09-30,25912.7,25917.15,25895.4,25906.5,11:30:00,25961.653662656023,0,28
2024-09-30,25899.8,25918.35,25897.6,25912.6,11:35:00,25955.762837641167,0,29
2024-09-30,25892.5,25906.9,25891.55,25900.7,11:40:00,25949.737805484867,0,30
2024-09-30,25887.85,25896.2,25882.3,25892.8,11:45:00,25943.843728772023,0,31
2024-09-30,25897.15,25900.4,25886.95,25887.9,11:50:00,25939.39670698421,0,32
2024-09-30,25901.4,25901.95,25889.9,25897.05,11:55:00,25935.77797298572,0,33
2024-09-30,25907.25,25908.05,25896.85,25902.3,12:00:00,25933.06102317755,0,34
2024-09-30,25903.15,25915.0,25902.7,25907.95,12:05:00,25930.212354303498,0,35
2024-09-30,25895.15,25904.55,25892.4,25903.85,12:10:00,25926.87308246507,0,36
2024-09-30,25891.0,25899.8,25890.45,25894.8,12:15:00,25923.456598420777,0,37
2024-09-30,25907.6,25909.1,25890.25,25891.05,12:20:00,25921.946446190224,0,38
2024-09-30,25900.8,25907.35,25897.75,25907.35,12:25:00,25919.932498934013,0,39
2024-09-30,25888.2,25903.55,25885.9,25901.75,12:30:00,25916.910356178392,0,40
2024-09-30,25893.6,25896.95,25886.05,25888.35,12:35:00,25914.69032225664,0,41
2024-09-30,25894.4,25901.55,25889.25,25893.6,12:40:00,25912.757910613152,0,42
2024-09-30,25907.85,25908.7,25893.65,25894.75,12:45:00,25912.29049055476,0,43
2024-09-30,25896.25,25908.4,25886.4,25908.4,12:50:00,25910.76282478764,0,44
2024-09-30,25891.8,25897.3,25890.3,25896.1,12:55:00,25908.95684147453,0,45
2024-09-30,25887.8,25896.2,25885.5,25892.25,13:00:00,25906.94190419124,0,46
2024-09-30,25872.95,25890.0,25868.65,25887.8,13:05:00,25903.70457998255,0,47
2024-09-30,25877.1,25883.25,25863.35,25873.4,13:10:00,25901.170810460404,0,48
2024-09-30,25865.55,25877.85,25863.0,25877.15,13:15:00,25897.778352321315,0,49
2024-09-30,25863.05,25866.1,25855.45,25865.35,13:20:00,25894.47089019548,0,50
2024-09-30,25842.05,25863.2,25841.3,25862.4,13:25:00,25889.47842446257,0,51
2024-09-30,25863.65,25863.65,25824.95,25841.5,13:30:00,25887.01857451376,0,52
2024-09-30,25849.1,25868.55,25846.75,25863.0,13:35:00,25883.40728170292,0,53
2024-09-30,25859.3,25860.8,25846.65,25848.55,13:40:00,25881.111350112165,0,54
2024-09-30,25864.6,25867.65,25855.35,25859.7,13:45:00,25879.538840577672,0,55
2024-09-30,25856.0,25866.9,25854.2,25864.2,13:50:00,25877.29704623694,0,56
2024-09-30,25868.6,25870.65,25851.0,25855.35,13:55:00,25876.46875611914,0,57
2024-09-30,25860.7,25872.9,25857.1,25868.15,14:00:00,25874.96696982208,0,58
2024-09-30,25848.3,25865.8,25847.9,25860.35,14:05:00,25872.42725841045,0,59
2024-09-30,25829.15,25849.75,25828.25,25848.1,14:10:00,25868.30561475232,0,60
2024-09-30,25826.05,25836.0,25810.35,25827.55,14:15:00,25864.281270490188,0,61
2024-09-30,25807.75,25827.5,25801.9,25826.15,14:20:00,25858.897339967312,0,62
2024-09-30,25809.15,25816.35,25797.65,25807.55,14:25:00,25854.159498065663,0,63
2024-09-30,25806.4,25821.15,25804.65,25809.35,14:30:00,25849.61097444036,0,64
2024-09-30,25818.5,25818.55,25797.35,25806.15,14:35:00,25846.64802449366,0,65
2024-09-30,25803.35,25819.25,25800.95,25817.55,14:40:00,25842.52440311331,0,66
2024-09-30,25807.9,25815.15,25796.95,25803.2,14:45:00,25839.226840912044,0,67
2024-09-30,25843.05,25843.4,25804.9,25808.65,14:50:00,25839.59095130137,0,68
2024-09-30,25842.95,25854.9,25837.3,25842.6,14:55:00,25839.91086070124,0,69
2024-09-30,25809.7,25848.05,25802.05,25842.85,15:00:00,25837.03363587255,0,70
2024-09-30,25811.85,25817.4,25802.0,25809.25,15:05:00,25834.63519436088,0,71
2024-09-30,25812.25,25817.85,25804.75,25812.95,15:10:00,25832.50327108841,0,72
2024-09-30,25814.35,25823.1,25809.1,25813.0,15:15:00,25830.77438812761,0,73
2024-09-30,25805.1,25823.5,25803.1,25814.45,15:20:00,25828.32920830593,0,74
2024-09-30,25822.8,25829.1,25794.35,25804.7,15:25:00,25827.802617038706,0,75
2024-10-01,25897.35,25907.45,25820.2,25821.35,09:15:00,25831.03524886842,1,1
2024-10-01,25897.1,25898.55,25871.6,25898.55,09:20:00,25837.32712992857,1,2
2024-10-01,25850.0,25902.5,25850.0,25898.35,09:25:00,25838.534069935373,1,3
2024-10-01,25849.85,25861.95,25821.9,25851.7,09:30:00,25839.61177756057,1,4
2024-10-01,25860.1,25860.9,25835.75,25849.0,09:35:00,25841.56303684052,1,5
2024-10-01,25861.3,25869.55,25853.85,25860.0,09:40:00,25843.442747617613,1,6
2024-10-01,25859.75,25873.0,25852.7,25861.3,09:45:00,25844.99581927308,1,7
2024-10-01,25847.95,25860.0,25841.75,25860.0,09:50:00,25845.2771698185,1,8
2024-10-01,25845.7,25852.75,25825.4,25847.65,09:55:00,25845.317439359595,1,9
2024-10-01,25829.3,25852.35,25827.85,25846.6,10:00:00,25843.791968944395,1,10
2024-10-01,25848.3,25850.5,25828.8,25829.65,10:05:00,25844.221305235405,1,11
2024-10-01,25824.05,25848.65,25822.35,25847.65,10:10:00,25842.30022854632,1,12
2024-10-01,25801.1,25831.8,25801.1,25824.6,10:15:00,25838.3763972562,1,13
2024-10-01,25814.15,25820.95,25794.65,25801.95,10:20:00,25836.06912132704,1,14
2024-10-01,25798.3,25815.4,25794.05,25814.05,10:25:00,25832.47206215303,1,15
2024-10-01,25761.95,25798.75,25758.65,25797.6,10:30:00,25825.75567528131,1,16
2024-10-01,25767.8,25772.35,25743.75,25760.85,10:35:00,25820.23608715928,1,17
2024-10-01,25759.35,25776.2,25752.6,25768.8,10:40:00,25814.437412191728,1,18
2024-10-01,25756.25,25760.5,25745.25,25759.15,10:45:00,25808.895753887755,1,19
2024-10-01,25754.5,25769.95,25753.9,25756.25,10:50:00,25803.715205898443,1,20
2024-10-01,25786.9,25792.45,25744.0,25753.8,10:55:00,25802.11375771764,1,21
2024-10-01,25765.1,25791.5,25763.4,25785.8,11:00:00,25798.58863793501,1,22
2024-10-01,25762.85,25778.45,25761.15,25765.15,11:05:00,25795.184958131675,1,23
2024-10-01,25745.75,25765.9,25739.3,25762.25,11:10:00,25790.47686688104,1,24
2024-10-01,25760.3,25772.9,25742.9,25745.45,11:15:00,25787.60287955904,1,25
2024-10-01,25756.9,25761.1,25747.5,25759.8,11:20:00,25784.678795791508,1,26
2024-10-01,25760.45,25763.3,25749.95,25756.85,11:25:00,25782.37129143041,1,27
2024-10-01,25756.3,25761.1,25743.0,25761.1,11:30:00,25779.888311294184,1,28
2024-10-01,25770.05,25776.35,25756.0,25756.4,11:35:00,25778.951329266165,1,29
2024-10-01,25786.0,25791.5,25766.25,25770.55,11:40:00,25779.62263124081,1,30
2024-10-01,25809.9,25818.45,25785.95,25785.95,11:45:00,25782.50619017026,1,31
2024-10-01,25795.75,25813.95,25792.75,25808.8,11:50:00,25783.76750539214,1,32
2024-10-01,25821.75,25825.55,25793.75,25795.6,11:55:00,25787.384885830987,1,33
2024-10-01,25827.3,25837.85,25820.65,25821.05,12:00:00,25791.186325275656,1,34
2024-10-01,25820.0,25829.15,25811.05,25826.9,12:05:00,25793.930484773213,1,35
2024-10-01,25822.95,25830.05,25819.3,25819.6,12:10:00,25796.694248128144,1,36
2024-10-01,25836.8,25838.85,25817.75,25822.45,12:15:00,25800.51384354451,1,37
2024-10-01,25820.25,25835.8,25820.2,25835.55,12:20:00,25802.393477492653,1,38
2024-10-01,25800.25,25820.4,25797.7,25820.0,12:25:00,25802.18933677907,1,39
2024-10-01,25789.35,25802.0,25766.05,25799.9,12:30:00,25800.96654280011,1,40
2024-10-01,25786.5,25790.4,25774.9,25789.7,12:35:00,25799.588776819142,1,41
2024-10-01,25771.1,25785.35,25762.75,25785.1,12:40:00,25796.875559979228,1,42
2024-10-01,25777.65,25777.65,25755.1,25771.25,12:45:00,25795.04455426692,1,43
2024-10-01,25768.85,25778.35,25760.1,25777.15,12:50:00,25792.54983481293,1,44
2024-10-01,25773.05,25773.05,25760.85,25769.45,12:55:00,25790.69270768789,1,45
2024-10-01,25766.0,25780.6,25762.9,25773.65,13:00:00,25788.34102124142,1,46
2024-10-01,25780.3,25780.3,25761.0,25766.7,13:05:00,25787.57520969462,1,47
2024-10-01,25793.85,25794.15,25771.45,25779.55,13:10:00,25788.172808771324,1,48
2024-10-01,25784.75,25795.45,25781.15,25793.25,13:15:00,25787.84682698358,1,49
2024-10-01,25807.2,25816.65,25784.55,25784.85,13:20:00,25789.68998631848,1,50
2024-10-01,25813.55,25816.75,25804.3,25806.85,13:25:00,25791.962368573862,1,51
2024-10-01,25807.2,25819.35,25801.1,25813.05,13:30:00,25793.413571566827,1,52
2024-10-01,25802.05,25808.9,25791.55,25807.2,13:35:00,25794.23608856046,1,53
2024-10-01,25798.4,25822.6,25796.7,25801.8,13:40:00,25794.632651554704,1,54
2024-10-01,25794.6,25800.75,25791.8,25798.05,13:45:00,25794.62954188283,1,55
2024-10-01,25786.1,25796.15,25781.7,25794.5,13:50:00,25793.81720456065,1,56
2024-10-01,25796.8,25799.85,25783.75,25785.8,13:55:00,25794.101280316783,1,57
2024-10-01,25802.25,25809.45,25794.85,25796.45,14:00:00,25794.87734885804,1,58
2024-10-01,25792.9,25806.65,25791.35,25802.55,14:05:00,25794.68902991918,1,59
2024-10-01,25795.4,25803.45,25788.45,25791.95,14:10:00,25794.75674135545,1,60
2024-10-01,25795.8,25803.5,25792.9,25795.05,14:15:00,25794.8560993216,1,61
2024-10-01,25771.9,25797.45,25767.5,25795.8,14:20:00,25792.66980414812,1,62
2024-10-01,25767.65,25778.05,25766.25,25771.25,14:25:00,25790.28696565781,1,63
2024-10-01,25776.6,25781.35,25754.6,25766.3,14:30:00,25788.98344511897,1,64
2024-10-01,25773.05,25777.95,25766.2,25777.25,14:35:00,25787.465974155264,1,65
2024-10-01,25757.6,25773.9,25756.7,25773.65,14:40:00,25784.621595664285,1,66
2024-10-01,25772.15,25772.65,25757.55,25757.65,14:45:00,25783.43382464864,1,67
2024-10-01,25774.75,25784.55,25768.45,25772.15,14:50:00,25782.606793729723,1,68
2024-10-01,25780.05,25785.3,25772.45,25775.9,14:55:00,25782.363289564983,1,69
2024-10-01,25817.05,25818.55,25779.8,25779.8,15:00:00,25785.666785796893,1,70
2024-10-01,25803.35,25819.2,25800.0,25816.65,15:05:00,25787.35090143529,1,71
2024-10-01,25788.05,25803.4,25784.9,25801.55,15:10:00,25787.41748225097,1,72
2024-10-01,25794.15,25796.1,25785.35,25788.4,15:15:00,25788.058674417545,1,73
2024-10-01,25802.8,25806.6,25788.35,25792.35,15:20:00,25789.462610187304,1,74
2024-10-01,25812.55,25816.35,25801.35,25805.05,15:25:00,25791.66140921708,1,75
2024-10-03,25530.45,25599.95,25502.8,25511.55,09:15:00,25737.589498248,3,1
2024-10-03,25557.05,25577.6,25524.15,25530.0,09:20:00,25720.39526031962,3,2
2024-10-03,25588.15,25597.75,25552.65,25556.35,09:25:00,25707.800473622512,3,3
2024-10-03,25606.6,25630.35,25576.35,25587.1,09:30:00,25698.16233327752,3,4
2024-10-03,25613.15,25635.8,25600.4,25606.1,09:35:00,25690.065920584413,3,5
2024-10-03,25616.75,25638.65,25611.9,25613.35,09:40:00,25683.083451957325,3,6
2024-10-03,25619.4,25628.05,25613.0,25616.6,09:45:00,25677.01836129473,3,7
2024-10-03,25594.9,25632.25,25591.4,25618.15,09:50:00,25669.19756498094,3,8
2024-10-03,25575.5,25602.5,25574.05,25594.0,09:55:00,25660.273987363707,3,9
2024-10-03,25558.6,25580.55,25547.95,25576.0,10:00:00,25650.59075047193,3,10
2024-10-03,25557.65,25568.4,25549.7,25558.9,10:05:00,25641.73925042698,3,11
2024-10-03,25528.9,25558.95,25523.55,25556.8,10:10:00,25630.99265514822,3,12
2024-10-03,25516.85,25529.8,25500.6,25529.35,10:15:00,25620.121926086485,3,13
2024-10-03,25534.05,25545.0,25510.1,25517.0,10:20:00,25611.92459979253,3,14
2024-10-03,25524.55,25538.55,25522.9,25533.55,10:25:00,25603.603209336103,3,15
2024-10-03,25534.35,25537.6,25523.25,25523.8,10:30:00,25597.00766558981,3,16
2024-10-03,25524.65,25534.85,25518.4,25534.85,10:35:00,25590.11645934316,3,17
2024-10-03,25516.4,25529.55,25513.15,25524.75,10:40:00,25583.09584416762,3,18
2024-10-03,25509.55,25518.85,25503.15,25515.55,10:45:00,25576.091478056416,3,19
2024-10-03,25508.05,25517.1,25500.75,25509.85,10:50:00,25569.611337289138,3,20
2024-10-03,25505.15,25516.2,25504.0,25507.95,10:55:00,25563.47216230922,3,21
2024-10-03,25491.05,25507.35,25487.3,25505.1,11:00:00,25556.574813517866,3,22
2024-10-03,25496.5,25504.75,25487.7,25491.55,11:05:00,25550.85340270664,3,23
2024-10-03,25491.95,25501.15,25490.4,25496.1,11:10:00,25545.243554829816,3,24
2024-10-03,25456.15,25492.15,25454.4,25491.5,11:15:00,25536.75845436984,3,25
2024-10-03,25427.9,25462.3,25422.05,25456.55,11:20:00,25526.39098252509,3,26
2024-10-03,25422.25,25438.75,25412.2,25427.45,11:25:00,25516.47279371318,3,27
2024-10-03,25408.25,25437.1,25405.6,25421.1,11:30:00,25506.165860978588,3,28
2024-10-03,25427.15,25435.15,25402.2,25406.05,11:35:00,25498.64054088539,3,29
2024-10-03,25401.85,25427.35,25397.8,25426.8,11:40:00,25489.422394134403,3,30
2024-10-03,25406.9,25421.3,25401.0,25402.2,11:45:00,25481.56311850256,3,31
2024-10-03,25403.9,25408.9,25389.2,25407.85,11:50:00,25474.166631026124,3,32
2024-10-03,25398.2,25415.35,25395.4,25404.2,11:55:00,25466.93171378554,3,33
2024-10-03,25396.9,25402.4,25388.8,25398.15,12:00:00,25460.262026758344,3,34
2024-10-03,25411.95,25411.95,25383.3,25397.2,12:05:00,25455.66088135279,3,35
2024-10-03,25391.2,25413.5,25390.0,25411.1,12:10:00,25449.52174979538,3,36
2024-10-03,25379.85,25399.15,25379.85,25391.4,12:15:00,25442.886345052968,3,37
2024-10-03,25383.0,25386.7,25373.45,25380.25,12:20:00,25437.18288361936,3,38
2024-10-03,25375.05,25388.05,25373.2,25382.95,12:25:00,25431.2654661318,3,39
2024-10-03,25387.4,25390.95,25368.9,25374.9,12:30:00,25427.087802690672,3,40
2024-10-03,25409.9,25414.3,25386.8,25386.9,12:35:00,25425.450869101085,3,41
2024-10-03,25396.95,25410.55,25393.7,25410.2,12:40:00,25422.73650061527,3,42
2024-10-03,25377.6,25396.65,25375.6,25396.55,12:45:00,25418.43778627096,3,43
2024-10-03,25383.25,25387.55,25374.55,25377.3,12:50:00,25415.086568530867,3,44
2024-10-03,25374.85,25385.5,25371.85,25381.5,12:55:00,25411.25451438508,3,45
2024-10-03,25365.65,25378.35,25359.7,25374.25,13:00:00,25406.91122730078,3,46
2024-10-03,25356.05,25367.95,25351.2,25366.7,13:05:00,25402.06730089118,3,47
2024-10-03,25349.55,25360.85,25345.35,25356.25,13:10:00,25397.06565318726,3,48
2024-10-03,25331.65,25351.95,25330.95,25350.35,13:15:00,25390.83559097895,3,49
2024-10-03,25312.8,25334.2,25310.25,25331.25,13:20:00,25383.40362993333,3,50
2024-10-03,25313.45,25320.1,25299.4,25312.45,13:25:00,25376.74137946349,3,51
2024-10-03,25302.0,25319.3,25296.55,25313.65,13:30:00,25369.62315284792,3,52
2024-10-03,25292.55,25304.15,25282.95,25301.15,13:35:00,25362.28285257669,3,53
2024-10-03,25284.25,25293.5,25281.05,25292.2,13:40:00,25354.851152331288,3,54
2024-10-03,25271.35,25284.35,25252.75,25283.85,13:45:00,25346.89866163307,3,55
2024-10-03,25255.2,25272.25,25247.6,25270.8,13:50:00,25338.165455763254,3,56
2024-10-03,25264.2,25298.65,25233.15,25253.8,13:55:00,25331.121126642945,3,57
2024-10-03,25256.0,25286.5,25241.3,25264.55,14:00:00,25323.96673362933,3,58
2024-10-03,25246.05,25261.15,25235.8,25254.5,14:05:00,25316.5460923313,3,59
2024-10-03,25276.55,25278.15,25236.6,25245.8,14:10:00,25312.7369406807,3,60
2024-10-03,25247.95,25276.05,25247.8,25275.65,14:15:00,25306.566755853968,3,61
2024-10-03,25252.1,25263.55,25238.15,25248.05,14:20:00,25301.37944577264,3,62
2024-10-03,25244.8,25254.1,25241.4,25251.3,14:25:00,25295.990927127623,3,63
2024-10-03,25250.1,25277.8,25232.4,25244.45,14:30:00,25291.62036263928,3,64
2024-10-03,25251.65,25268.35,25248.1,25249.8,14:35:00,25287.813661435543,3,65
2024-10-03,25248.05,25256.25,25243.35,25251.7,14:40:00,25284.026646060727,3,66
2024-10-03,25245.2,25252.35,25238.05,25248.15,14:45:00,25280.32887024542,3,67
2024-10-03,25268.7,25269.25,25239.25,25245.2,14:50:00,25279.221358793475,3,68
2024-10-03,25246.75,25273.85,25240.95,25268.7,14:55:00,25276.128848432192,3,69
2024-10-03,25254.3,25268.55,25247.55,25247.55,15:00:00,25274.049910486272,3,70
2024-10-03,25262.2,25264.7,25246.4,25255.95,15:05:00,25272.92134758282,3,71
2024-10-03,25258.45,25268.1,25249.5,25261.15,15:10:00,25271.543124003503,3,72
2024-10-03,25255.5,25262.4,25247.4,25259.3,15:15:00,25270.01520743174,3,73
2024-10-03,25249.3,25259.8,25246.8,25253.95,15:20:00,25268.04233053348,3,74
2024-10-03,25266.0,25274.1,25245.85,25248.75,15:25:00,25267.847822863627,3,75
2024-10-04,25166.1,25287.65,25165.95,25203.45,09:15:00,25250.751619169543,4,1
2024-10-04,25140.4,25190.8,25138.25,25168.55,09:20:00,25240.2419411534,4,2
2024-10-04,25130.5,25152.85,25118.35,25139.35,09:25:00,25229.790327710216,4,3
2024-10-04,25198.75,25208.8,25094.85,25128.8,09:30:00,25226.834106023525,4,4
2024-10-04,25197.15,25217.45,25168.05,25199.35,09:35:00,25224.007048307,4,5
2024-10-04,25189.55,25200.95,25169.25,25196.7,09:40:00,25220.725424658714,4,6
2024-10-04,25205.75,25205.75,25158.0,25189.3,09:45:00,25219.29919373884,4,7
2024-10-04,25243.95,25263.7,25196.45,25204.3,09:50:00,25221.646889573232,4,8
2024-10-04,25279.3,25283.35,25235.75,25244.35,09:55:00,25227.137661994828,4,9
2024-10-04,25257.8,25293.6,25234.9,25279.8,10:00:00,25230.057884661983,4,10
2024-10-04,25237.05,25262.4,25237.0,25257.7,10:05:00,25230.723800408465,4,11
2024-10-04,25213.7,25237.9,25200.8,25237.5,10:10:00,25229.102486083848,4,12
2024-10-04,25176.05,25222.0,25176.05,25212.0,10:15:00,25224.049868361577,4,13
2024-10-04,25193.25,25202.9,25175.45,25175.55,10:20:00,25221.116547565234,4,14
2024-10-04,25199.1,25217.05,25191.95,25191.95,10:25:00,25219.019733511403,4,15
2024-10-04,25258.35,25260.6,25198.65,25198.65,10:30:00,25222.765473176984,4,16
2024-10-04,25237.4,25259.3,25223.7,25257.9,10:35:00,25224.15923763632,4,17
2024-10-04,25282.9,25285.1,25236.2,25236.8,10:40:00,25229.75359595667,4,18
2024-10-04,25289.85,25320.6,25277.8,25284.35,10:45:00,25235.477063008417,4,19
2024-10-04,25336.8,25344.05,25288.2,25288.2,10:50:00,25245.126866531424,4,20
2024-10-04,25339.45,25359.4,25327.8,25336.75,10:55:00,25254.11002209986,4,21
2024-10-04,25307.55,25349.4,25275.1,25338.85,11:00:00,25259.19954380464,4,22
2024-10-04,25302.8,25324.6,25280.8,25306.45,11:05:00,25263.351968204195,4,23
2024-10-04,25332.6,25336.1,25297.85,25302.45,11:10:00,25269.947018851417,4,24
2024-10-04,25326.35,25346.1,25318.9,25332.0,11:15:00,25275.31873134176,4,25
2024-10-04,25305.8,25327.0,25299.9,25326.7,11:20:00,25278.221709309208,4,26
2024-10-04,25306.45,25326.95,25292.85,25304.25,11:25:00,25280.910117946427,4,27
2024-10-04,25281.1,25313.1,25280.1,25306.3,11:30:00,25280.92820195153,4,28
2024-10-04,25318.85,25322.5,25278.9,25279.7,11:35:00,25284.53980176567,4,29
2024-10-04,25326.05,25331.8,25305.3,25317.75,11:40:00,25288.493153978463,4,30
2024-10-04,25330.05,25339.6,25312.45,25327.4,11:45:00,25292.450948837657,4,31
2024-10-04,25365.5,25376.85,25329.3,25330.45,11:50:00,25299.40800132931,4,32
2024-10-04,25421.8,25422.1,25363.7,25364.9,11:55:00,25311.06438215509,4,33
2024-10-04,25419.85,25436.1,25398.15,25420.85,12:00:00,25321.424917187946,4,34
2024-10-04,25444.6,25453.15,25412.2,25420.7,12:05:00,25333.15587745576,4,35
2024-10-04,25468.85,25471.0,25432.05,25443.75,12:10:00,25346.07912722188,4,36
2024-10-04,25439.75,25472.3,25420.05,25468.15,12:15:00,25355.00016272455,4,37
2024-10-04,25463.85,25465.35,25418.85,25438.2,12:20:00,25365.36681389364,4,38
2024-10-04,25462.5,25484.75,25450.4,25463.3,12:25:00,25374.617593522817,4,39
2024-10-04,25392.6,25463.25,25373.45,25459.4,12:30:00,25376.3302036635,4,40
2024-10-04,25291.45,25422.05,25273.6,25392.1,12:35:00,25368.24637474317,4,41
2024-10-04,25203.1,25303.6,25195.5,25289.25,12:40:00,25352.51814857716,4,42
2024-10-04,25144.8,25271.5,25134.1,25202.95,12:45:00,25332.73546776028,4,43
2024-10-04,25161.85,25176.35,25117.1,25145.45,12:50:00,25316.46066130692,4,44
2024-10-04,25117.25,25172.6,25116.7,25164.9,12:55:00,25297.488217372927,4,45
2024-10-04,25096.0,25130.0,25078.25,25117.25,13:00:00,25278.298863337408,4,46
2024-10-04,25153.25,25153.95,25087.3,25097.05,13:05:00,25266.389447781465,4,47
2024-10-04,25114.4,25156.3,25103.15,25151.45,13:10:00,25251.914262278468,4,48
2024-10-04,25092.5,25122.45,25086.1,25112.7,13:15:00,25236.73195158528,4,49
2024-10-04,25081.95,25101.25,25076.2,25087.4,13:20:00,25221.990813339064,4,50
2024-10-04,25096.75,25113.25,25072.25,25081.05,13:25:00,25210.063116830584,4,51
2024-10-04,25072.8,25095.75,25057.1,25095.75,13:30:00,25196.9904390372,4,52
2024-10-04,25055.75,25074.65,25053.25,25071.2,13:35:00,25183.5389686527,4,53
2024-10-04,25061.4,25065.05,25022.75,25054.3,13:40:00,25171.90668592388,4,54
2024-10-04,25069.05,25069.8,25035.45,25059.95,13:45:00,25162.11081107398,4,55
2024-10-04,25073.65,25096.2,25054.75,25068.35,13:50:00,25153.68597192408,4,56
2024-10-04,25045.6,25074.95,25045.6,25072.45,13:55:00,25143.39206983607,4,57
2024-10-04,25041.6,25062.75,25039.45,25045.05,14:00:00,25133.69758699454,4,58
2024-10-04,25035.95,25052.9,25032.9,25040.3,14:05:00,25124.388292995063,4,59
2024-10-04,25045.4,25051.65,25031.95,25035.35,14:10:00,25116.865598424105,4,60
2024-10-04,25015.3,25049.4,25009.35,25045.4,14:15:00,25107.19268428848,4,61
2024-10-04,25007.35,25016.75,25000.4,25014.0,14:20:00,25097.683857213386,4,62
2024-10-04,25037.7,25037.95,24999.45,25006.35,14:25:00,25091.97110890735,4,63
2024-10-04,25027.15,25064.35,25019.85,25038.5,14:30:00,25085.79766996379,4,64
2024-10-04,25012.4,25027.8,25010.4,25027.2,14:35:00,25078.807415681527,4,65
2024-10-04,24993.95,25024.25,24992.65,25011.95,14:40:00,25070.72575704519,4,66
2024-10-04,24998.05,25013.3,24990.5,24994.75,14:45:00,25063.80425637422,4,67
2024-10-04,24990.1,25002.2,24985.7,24998.55,14:50:00,25056.7848033862,4,68
2024-10-04,24994.2,25015.45,24985.0,24989.55,14:55:00,25050.82434592085,4,69
2024-10-04,24985.15,25022.5,24982.5,24992.75,15:00:00,25044.56964630934,4,70
2024-10-04,25019.15,25019.15,24966.85,24983.3,15:05:00,25042.14872761321,4,71
2024-10-04,25020.95,25029.0,25004.65,25020.5,15:10:00,25040.12980117386,4,72
2024-10-04,25022.4,25036.4,25018.65,25021.45,15:15:00,25038.441248681112,4,73
2024-10-04,25036.15,25043.15,25016.85,25021.1,15:20:00,25038.22303452101,4,74
2024-10-04,25049.1,25049.65,25033.3,25034.75,15:25:00,25039.2589359952,4,75
2024-10-07,25101.0,25142.75,25084.4,25099.75,09:15:00,25049.002893184275,0,1
2024-10-07,25103.6,25125.2,25082.65,25099.8,09:20:00,25054.20261764292,0,2
2024-10-07,25077.8,25114.35,25071.25,25104.05,09:25:00,25056.449987391206,0,3
2024-10-07,25079.95,25083.6,25050.1,25078.35,09:30:00,25058.688083830137,0,4
2024-10-07,25082.7,25097.35,25070.1,25080.4,09:35:00,25060.97493298917,0,5
2024-10-07,25071.95,25094.2,25063.5,25081.25,09:40:00,25062.02017746639,0,6
2024-10-07,25038.0,25072.9,25034.65,25072.9,09:45:00,25059.73254151721,0,7
2024-10-07,25071.1,25077.85,25020.3,25038.25,09:50:00,25060.81515661081,0,8
2024-10-07,25077.75,25083.75,25057.25,25073.0,09:55:00,25062.42799883835,0,9
2024-10-07,25034.1,25086.25,25027.75,25077.05,10:00:00,25059.73009418708,0,10
2024-10-07,25040.6,25042.6,25019.35,25032.9,10:05:00,25057.90818045497,0,11
2024-10-07,25058.8,25070.3,25033.8,25040.4,10:10:00,25057.99311564974,0,12
2024-10-07,25058.7,25079.75,25053.1,25059.45,10:15:00,25058.06043796881,0,13
2024-10-07,25049.5,25066.95,25041.4,25059.0,10:20:00,25057.24515816226,0,14
2024-10-07,25020.65,25053.15,25019.5,25049.45,10:25:00,25053.75990500395,0,15
2024-10-07,25018.7,25035.55,24998.7,25021.4,10:30:00,25050.420866432145,0,16
2024-10-07,24970.95,25019.7,24968.95,25018.35,10:35:00,25042.85221248623,0,17
2024-10-07,24972.35,24999.35,24965.4,24972.15,10:40:00,25036.13771605897,0,18
2024-10-07,24903.2,24976.9,24900.9,24971.4,10:45:00,25023.47698119621,0,19
2024-10-07,24905.25,24936.1,24885.85,24901.15,10:50:00,25012.217268701334,0,20
2024-10-07,24896.9,24919.95,24883.4,24912.65,10:55:00,25001.23467168216,0,21
2024-10-07,24835.0,24900.15,24825.55,24896.1,11:00:00,24985.402798188617,0,22
2024-10-07,24864.95,24889.7,24799.0,24834.75,11:05:00,24973.931103123035,0,23
2024-10-07,24889.7,24899.3,24845.05,24862.65,11:10:00,24965.909093301794,0,24
2024-10-07,24902.45,24938.6,24887.6,24888.85,11:15:00,24959.8653701302,0,25
2024-10-07,24956.15,24977.8,24895.7,24902.55,11:20:00,24959.51152535589,0,26
2024-10-07,24975.2,25005.9,24955.55,24956.15,11:25:00,24961.005665798184,0,27
2024-10-07,24966.9,24990.0,24941.3,24979.55,11:30:00,24961.56703096026,0,28
2024-10-07,24936.4,24966.9,24932.05,24965.75,11:35:00,24959.17017086881,0,29
2024-10-07,24948.5,24974.7,24933.5,24936.5,11:40:00,24958.1539641194,0,30
2024-10-07,24941.45,24976.85,24935.55,24948.0,11:45:00,24956.56311039374,0,31
2024-10-07,24900.05,24958.7,24900.05,24941.1,11:50:00,24951.18090940386,0,32
2024-10-07,24903.95,24913.6,24889.95,24901.45,11:55:00,24946.682727555875,0,33
2024-10-07,24882.3,24924.9,24882.25,24904.0,12:00:00,24940.551039217225,0,34
2024-10-07,24906.5,24918.2,24880.55,24882.7,12:05:00,24937.308083101296,0,35
2024-10-07,24925.85,24929.2,24899.3,24907.6,12:10:00,24936.216837091648,0,36
2024-10-07,24907.05,24933.8,24902.0,24924.75,12:15:00,24933.43904308292,0,37
2024-10-07,24939.85,24960.05,24899.75,24907.75,12:20:00,24934.04961040836,0,38
2024-10-07,24926.45,24945.05,24921.55,24939.6,12:25:00,24933.325837988512,0,39
2024-10-07,24896.05,24927.4,24893.1,24925.85,12:30:00,24929.775758180083,0,40
2024-10-07,24908.85,24916.6,24892.25,24899.9,12:35:00,24927.7828288296,0,41
2024-10-07,24878.75,24915.55,24875.3,24911.45,12:40:00,24923.113035607734,0,42
2024-10-07,24822.7,24880.1,24822.5,24880.1,12:45:00,24913.549889359376,0,43
2024-10-07,24812.4,24840.7,24812.3,24820.7,12:50:00,24903.916566563243,0,44
2024-10-07,24821.9,24826.05,24806.75,24813.85,12:55:00,24896.10546498579,0,45
2024-10-07,24795.4,24827.3,24778.7,24822.0,13:00:00,24886.51446832048,0,46
2024-10-07,24778.6,24812.8,24777.95,24791.95,13:05:00,24876.236899909003,0,47
2024-10-07,24793.85,24808.5,24770.95,24779.1,13:10:00,24868.390528489097,0,48
2024-10-07,24780.85,24807.55,24778.85,24796.95,13:15:00,24860.053335299657,0,49
2024-10-07,24780.45,24787.7,24762.0,24780.75,13:20:00,24852.47206527112,0,50
2024-10-07,24796.15,24813.05,24771.4,24780.05,13:25:00,24847.108059054823,0,51
2024-10-07,24763.95,24803.6,24761.0,24794.95,13:30:00,24839.188243906745,0,52
2024-10-07,24745.8,24774.2,24744.6,24762.95,13:35:00,24830.294125439435,0,53
2024-10-07,24730.55,24747.45,24694.85,24746.5,13:40:00,24820.794684921395,0,54
2024-10-07,24703.65,24750.35,24699.3,24730.5,13:45:00,24809.63804826221,0,55
2024-10-07,24740.85,24748.4,24700.35,24703.7,13:50:00,24803.086805570576,0,56
2024-10-07,24782.4,24802.65,24737.7,24741.1,13:55:00,24801.11663361148,0,57
2024-10-07,24780.95,24806.45,24766.75,24781.6,14:00:00,24799.19600183895,0,58
2024-10-07,24819.3,24827.25,24781.55,24781.55,14:05:00,24801.11066833048,0,59
2024-10-07,24763.1,24835.6,24763.1,24817.65,14:10:00,24797.49060467996,0,60
2024-10-07,24751.2,24771.2,24744.0,24761.55,14:15:00,24793.08197566282,0,61
2024-10-07,24732.85,24762.2,24729.45,24750.75,14:20:00,24787.345597028263,0,62
2024-10-07,24721.9,24748.7,24718.85,24732.5,14:25:00,24781.11268302557,0,63
2024-10-07,24766.55,24778.85,24722.0,24722.45,14:30:00,24779.72576083265,0,64
2024-10-07,24748.4,24785.85,24741.3,24767.4,14:35:00,24776.74235503907,0,65
2024-10-07,24816.65,24816.65,24741.15,24749.15,14:40:00,24780.54308313059,0,66
2024-10-07,24879.95,24889.8,24795.65,24817.0,14:45:00,24790.010408546725,0,67
2024-10-07,24866.9,24923.2,24863.55,24879.85,14:50:00,24797.33322678037,0,68
2024-10-07,24799.7,24872.95,24793.7,24866.35,14:55:00,24797.558633753662,0,69
2024-10-07,24788.8,24847.55,24787.2,24796.6,15:00:00,24796.72447815808,0,70
2024-10-07,24799.7,24803.45,24770.2,24788.55,15:05:00,24797.007861190643,0,71
2024-10-07,24778.15,24801.1,24767.45,24801.1,15:10:00,24795.21187441058,0,72
2024-10-07,24807.1,24811.2,24775.2,24779.45,15:15:00,24796.344076847665,0,73
2024-10-07,24813.1,24824.45,24801.35,24806.65,15:20:00,24797.939879052647,0,74
2024-10-07,24819.0,24832.4,24811.1,24813.65,15:25:00,24799.94560485716,0,75
2024-10-08,24777.65,24861.8,24767.45,24861.8,09:15:00,24800.6015042028,1,1
2024-10-08,24809.95,24824.25,24779.7,24780.1,09:20:00,24801.49183713586,1,2
2024-10-08,24835.2,24842.6,24777.0,24808.2,09:25:00,24804.70213836102,1,3
2024-10-08,24804.8,24845.9,24795.05,24835.7,09:30:00,24804.71145851711,1,4
2024-10-08,24786.35,24806.0,24766.7,24804.35,09:35:00,24802.962748182148,1,5
2024-10-08,24802.35,24808.95,24757.4,24786.25,09:40:00,24802.90439121241,1,6
2024-10-08,24879.2,24879.2,24802.4,24802.4,09:45:00,24810.17063966838,1,7
2024-10-08,24873.95,24887.9,24864.45,24879.35,09:50:00,24816.244864461867,1,8
2024-10-08,24856.4,24900.7,24852.35,24873.35,09:55:00,24820.069163084547,1,9
2024-10-08,24850.7,24873.45,24829.25,24856.2,10:00:00,24822.986385647924,1,10
2024-10-08,24822.7,24850.55,24806.7,24849.85,10:05:00,24822.95911082431,1,11
2024-10-08,24827.85,24834.9,24804.3,24821.25,10:10:00,24823.424909793423,1,12
2024-10-08,24844.45,24845.05,24805.65,24828.3,10:15:00,24825.42729933691,1,13
2024-10-08,24853.75,24872.95,24840.9,24843.3,10:20:00,24828.12469940006,1,14
2024-10-08,24884.9,24890.45,24854.15,24855.1,10:25:00,24833.53187088577,1,15
2024-10-08,24918.6,24923.5,24883.4,24884.95,10:30:00,24841.63359746808,1,16
2024-10-08,24932.15,24932.3,24907.6,24917.95,10:35:00,24850.254207233025,1,17
2024-10-08,24922.25,24942.15,24913.8,24931.25,10:40:00,24857.110949401307,1,18
2024-10-08,24910.45,24926.9,24904.35,24921.65,10:45:00,24862.190858982136,1,19
2024-10-08,24891.75,24922.35,24889.0,24909.85,10:50:00,24865.00601526955,1,20
2024-10-08,24894.65,24903.45,24880.9,24890.3,10:55:00,24867.82925191055,1,21
2024-10-08,24924.45,24925.5,24887.5,24894.75,11:00:00,24873.221704109543,1,22
2024-10-08,24951.45,24959.65,24922.85,24924.95,11:05:00,24880.672018003872,1,23
2024-10-08,24937.9,24951.6,24930.05,24951.5,11:10:00,24886.122302003503,1,24
2024-10-08,24938.7,24943.45,24923.25,24937.1,11:15:00,24891.129701812693,1,25
2024-10-08,24964.2,24968.0,24930.45,24939.15,11:20:00,24898.088777830533,1,26
2024-10-08,24973.8,24975.95,24954.75,24963.3,11:25:00,24905.299370418103,1,27
2024-10-08,24977.45,24988.9,24968.4,24972.45,11:30:00,24912.17085894971,1,28
2024-10-08,24968.85,24977.45,24955.5,24975.4,11:35:00,24917.56887238307,1,29
2024-10-08,24961.05,24969.25,24957.05,24968.4,11:40:00,24921.709932156115,1,30
2024-10-08,24950.3,24972.0,24947.7,24961.55,11:45:00,24924.43279576029,1,31
2024-10-08,24951.1,24956.6,24938.15,24949.9,11:50:00,24926.97252949741,1,32
2024-10-08,24935.85,24955.4,24906.55,24950.7,11:55:00,24927.81800287861,1,33
2024-10-08,24923.9,24937.75,24914.55,24935.55,12:00:00,24927.44485974732,1,34
2024-10-08,24905.55,24923.95,24896.25,24923.95,12:05:00,24925.35963500948,1,35
2024-10-08,24930.3,24933.45,24898.5,24904.95,12:10:00,24925.83014596095,1,36
2024-10-08,24925.05,24946.9,24922.7,24930.15,12:15:00,24925.755846345623,1,37
2024-10-08,24930.15,24932.5,24915.8,24924.65,12:20:00,24926.174337169847,1,38
2024-10-08,24930.75,24939.45,24928.3,24930.05,12:25:00,24926.61011458224,1,39
2024-10-08,24921.2,24933.0,24901.4,24930.8,12:30:00,24926.094865574407,1,40
2024-10-08,24934.45,24935.15,24915.65,24921.95,12:35:00,24926.89059266256,1,41
2024-10-08,24915.15,24935.85,24909.0,24934.4,12:40:00,24925.77244098041,1,42
2024-10-08,24901.55,24923.85,24900.05,24915.25,12:45:00,24923.46554183942,1,43
2024-10-08,24910.85,24921.95,24893.55,24903.05,12:50:00,24922.26406166424,1,44
2024-10-08,24910.75,24912.05,24885.95,24910.65,12:55:00,24921.167484362883,1,45
2024-10-08,24943.05,24943.9,24898.25,24910.55,13:00:00,24923.25153347118,1,46
2024-10-08,24971.35,24975.15,24943.25,24943.35,13:05:00,24927.832339807257,1,47
2024-10-08,24975.15,24985.15,24963.5,24970.95,13:10:00,24932.338783635136,1,48
2024-10-08,24954.55,24977.6,24953.8,24974.55,13:15:00,24934.45413757465,1,49
2024-10-08,24954.15,24955.6,24939.95,24955.0,13:20:00,24936.32993399611,1,50
2024-10-08,24966.75,24972.9,24946.45,24954.15,13:25:00,24939.227083139336,1,51
2024-10-08,24982.3,24993.15,24965.15,24966.7,13:30:00,24943.32926569749,1,52
2024-10-08,25009.8,25011.0,24981.55,24982.7,13:35:00,24949.65981182154,1,53
2024-10-08,24994.6,25013.75,24993.35,25009.75,13:40:00,24953.9398297433,1,54
2024-10-08,25020.5,25022.3,24994.5,24994.85,13:45:00,24960.27889357728,1,55
2024-10-08,25002.8,25023.7,25000.05,25020.1,13:50:00,24964.328522760392,1,56
2024-10-08,25006.85,25007.7,24994.85,25002.85,13:55:00,24968.3781872594,1,57
2024-10-08,25017.35,25029.8,25007.4,25007.4,14:00:00,24973.04216942517,1,58
2024-10-08,25032.95,25040.1,25015.75,25019.15,14:05:00,24978.747677098963,1,59
2024-10-08,25036.25,25042.1,25020.95,25032.4,14:10:00,24984.224088803825,1,60
2024-10-08,25014.35,25043.85,25013.7,25036.85,14:15:00,24987.09322320346,1,61
2024-10-08,25029.0,25032.5,25012.6,25015.4,14:20:00,24991.084344803134,1,62
2024-10-08,25033.7,25039.8,25027.4,25030.85,14:25:00,24995.142978631407,1,63
2024-10-08,25006.2,25033.85,25002.2,25033.7,14:30:00,24996.19602828556,1,64
2024-10-08,24997.85,25007.2,24977.2,25003.4,14:35:00,24996.353549401218,1,65
2024-10-08,24969.2,25000.6,24964.0,24998.85,14:40:00,24993.767497077293,1,66
2024-10-08,24977.6,24979.25,24945.35,24967.8,14:45:00,24992.227735450884,1,67
2024-10-08,24939.45,24977.55,24925.1,24977.55,14:50:00,24987.201284455565,1,68
2024-10-08,24966.8,24970.05,24933.0,24939.65,14:55:00,24985.258304983607,1,69
2024-10-08,25009.75,25024.65,24967.15,24967.15,15:00:00,24987.59084736612,1,70
2024-10-08,24993.0,25014.95,24981.85,25010.2,15:05:00,24988.106004759826,1,71
2024-10-08,25010.95,25017.1,24989.85,24992.9,15:10:00,24990.281623354123,1,72
2024-10-08,25010.8,25028.65,25010.25,25010.7,15:15:00,24992.23575446325,1,73
2024-10-08,25029.15,25031.0,25009.55,25010.15,15:20:00,24995.751396895324,1,74
2024-10-08,25039.5,25042.3,25021.05,25030.15,15:25:00,24999.91793052434,1,75
2024-10-09,25056.3,25077.7,25048.2,25057.55,09:15:00,25010.964564442827,2,1
2024-10-09,25072.45,25076.65,25042.25,25056.1,09:20:00,25016.820320210176,2,2
2024-10-09,25055.45,25075.5,25049.85,25070.45,09:25:00,25020.49933733301,2,3
2024-10-09,25061.15,25064.25,25043.4,25055.6,09:30:00,25024.37082901559,2,4
2024-10-09,25050.75,25066.4,25042.5,25059.55,09:35:00,25026.883131014103,2,5
2024-10-09,25086.55,25091.0,25048.6,25051.4,09:40:00,25032.56568996514,2,6
2024-10-09,25096.25,25109.7,25083.15,25086.2,09:45:00,25038.63086234941,2,7
2024-10-09,25084.05,25102.5,25078.15,25095.15,09:50:00,25042.95649450661,2,8
2024-10-09,25076.95,25086.1,25068.45,25084.65,09:55:00,25046.19397122027,2,9
2024-10-09,25044.95,25083.0,25033.15,25077.85,10:00:00,25046.07549777072,2,10
2024-10-09,25178.25,25178.25,25044.75,25044.75,10:05:00,25058.66354560208,2,11
2024-10-09,25171.0,25189.85,25146.85,25178.1,10:10:00,25069.36225554474,2,12
2024-10-09,25137.6,25171.85,25126.95,25170.5,10:15:00,25075.86108835,2,13
2024-10-09,25139.4,25155.65,25130.7,25137.55,10:20:00,25081.91241326905,2,14
2024-10-09,25117.6,25140.55,25109.5,25138.2,10:25:00,25085.311231052947,2,15
2024-10-09,25144.4,25144.4,25117.65,25117.65,10:30:00,25090.93873285743,2,16
2024-10-09,25188.3,25192.6,25143.7,25144.1,10:35:00,25100.21123449005,2,17
2024-10-09,25179.85,25192.6,25174.4,25187.0,10:40:00,25107.79587882433,2,18
2024-10-09,25205.35,25216.7,25177.75,25180.8,10:45:00,25117.08674750773,2,19
2024-10-09,25210.7,25219.0,25198.4,25205.7,10:50:00,25126.00229536413,2,20
2024-10-09,25200.5,25221.35,25196.45,25211.0,10:55:00,25133.097314853265,2,21
2024-10-09,25197.35,25219.25,25197.35,25199.65,11:00:00,25139.21661820057,2,22
2024-10-09,25208.2,25217.0,25195.8,25195.8,11:05:00,25145.786464086235,2,23
2024-10-09,25215.6,25216.9,25195.85,25206.55,11:10:00,25152.435372268497,2,24
2024-10-09,25223.9,25229.5,25213.25,25214.9,11:15:00,25159.241527290545,2,25
2024-10-09,25230.2,25234.0,25218.8,25223.6,11:20:00,25165.9994770724,2,26
2024-10-09,25212.45,25230.9,25206.2,25229.45,11:25:00,25170.42333639884,2,27
2024-10-09,25221.05,25227.7,25212.05,25212.05,11:30:00,25175.244923408474,2,28
2024-10-09,25202.9,25221.75,25199.85,25219.5,11:35:00,25177.878740226715,2,29
2024-10-09,25164.7,25206.0,25162.5,25202.65,11:40:00,25176.623622109888,2,30
2024-10-09,25161.05,25178.1,25151.7,25161.95,11:45:00,25175.140420004183,2,31
2024-10-09,25135.55,25169.05,25128.35,25161.7,11:50:00,25171.36990381331,2,32
2024-10-09,25122.4,25139.6,25115.0,25135.95,11:55:00,25166.70610345014,2,33
2024-10-09,25111.1,25126.7,25096.45,25121.8,12:00:00,25161.410284073936,2,34
2024-10-09,25114.65,25138.8,25110.5,25110.5,12:05:00,25156.95692368594,2,35
2024-10-09,25117.75,25126.55,25105.4,25113.45,12:10:00,25153.222930953947,2,36
2024-10-09,25110.75,25126.1,25102.15,25118.95,12:15:00,25149.17788991072,2,37
2024-10-09,25118.3,25132.85,25109.2,25109.55,12:20:00,25146.237138490647,2,38
2024-10-09,25136.7,25144.05,25115.4,25117.25,12:25:00,25145.32883958678,2,39
2024-10-09,25150.65,25155.65,25134.3,25136.7,12:30:00,25145.83561676899,2,40
2024-10-09,25147.05,25152.85,25135.6,25149.55,12:35:00,25145.9512723148,2,41
2024-10-09,25134.8,25148.75,25130.2,25146.85,12:40:00,25144.88924638006,2,42
2024-10-09,25144.05,25150.6,25126.65,25133.95,12:45:00,25144.809318153388,2,43
2024-10-09,25150.1,25159.75,25142.8,25142.8,12:50:00,25145.31319261497,2,44
2024-10-09,25140.5,25158.7,25138.35,25150.25,12:55:00,25144.854793318304,2,45
2024-10-09,25131.15,25141.4,25119.85,25140.2,13:00:00,25143.54957490704,2,46
2024-10-09,25118.55,25132.4,25111.5,25130.2,13:05:00,25141.16866301113,2,47
2024-10-09,25104.35,25120.8,25103.0,25118.7,13:10:00,25137.66212367674,2,48
2024-10-09,25093.1,25120.65,25093.1,25103.0,13:15:00,25133.418111898,2,49
2024-10-09,25075.55,25094.2,25062.3,25091.4,13:20:00,25127.90686314581,2,50
2024-10-09,25074.85,25084.45,25066.95,25075.25,13:25:00,25122.8538285605,2,51
2024-10-09,25098.7,25099.6,25073.35,25074.2,13:30:00,25120.55346393569,2,52
2024-10-09,25078.6,25100.6,25075.0,25097.65,13:35:00,25116.557895941813,2,53
2024-10-09,25104.1,25106.0,25076.75,25076.75,13:40:00,25115.37142966164,2,54
2024-10-09,25104.3,25118.05,25100.85,25104.0,13:45:00,25114.317007789105,2,55
2024-10-09,25109.75,25117.3,25098.15,25103.8,13:50:00,25113.882054666334,2,56
2024-10-09,25111.6,25117.5,25107.0,25109.15,13:55:00,25113.66471612668,2,57
2024-10-09,25133.2,25138.8,25110.8,25111.4,14:00:00,25115.525219352712,2,58
2024-10-09,25121.65,25141.15,25121.65,25133.2,14:05:00,25116.10853179531,2,59
2024-10-09,25109.55,25125.1,25109.55,25121.65,14:10:00,25115.483909719565,2,60
2024-10-09,25078.0,25109.9,25077.2,25108.95,14:15:00,25111.9140135558,2,61
2024-10-09,25055.15,25096.1,25054.8,25077.75,14:20:00,25106.50791702668,2,62
2024-10-09,25040.4,25065.65,25036.65,25055.3,14:25:00,25100.21192492889,2,63
2024-10-09,25065.05,25081.05,25040.2,25040.2,14:30:00,25096.86317017376,2,64
2024-10-09,25070.8,25083.5,25061.95,25065.15,14:35:00,25094.38096349055,2,65
2024-10-09,25034.3,25073.55,25033.9,25071.4,14:40:00,25088.65896696764,2,66
2024-10-09,25064.8,25065.85,25025.1,25032.0,14:45:00,25086.38668439929,2,67
2024-10-09,25041.25,25066.6,25032.6,25064.25,14:50:00,25082.087952551745,2,68
2024-10-09,25027.15,25045.4,25023.95,25041.95,14:55:00,25076.855766594435,2,69
2024-10-09,24962.4,25029.3,24947.9,25027.75,15:00:00,25065.955217394963,2,70
2024-10-09,24977.95,24978.2,24960.2,24961.6,15:05:00,25057.57376811925,2,71
2024-10-09,24971.15,24979.95,24963.6,24978.75,15:10:00,25049.34293306028,2,72
2024-10-09,25001.45,25004.75,24971.0,24971.6,15:15:00,25044.78170134025,2,73
2024-10-09,25008.15,25010.6,24997.1,25003.0,15:20:00,25041.292967879275,2,74
2024-10-09,25019.55,25020.6,25004.6,25009.3,15:25:00,25039.22220903363,2,75
2024-10-10,25055.35,25076.05,25048.8,25070.15,09:15:00,25043.15604866472,3,1
2024-10-10,25049.8,25051.75,25026.35,25051.2,09:20:00,25043.788805934742,3,2
2024-10-10,25048.35,25060.65,25018.35,25049.4,09:25:00,25044.22320536953,3,3
2024-10-10,25031.35,25066.35,25024.05,25048.6,09:30:00,25042.997185810527,3,4
2024-10-10,25021.95,25040.5,25018.7,25029.45,09:35:00,25040.99269192381,3,5
2024-10-10,25013.75,25029.55,25012.0,25023.1,09:40:00,25038.398149835823,3,6
2024-10-10,25008.7,25026.65,25006.5,25011.3,09:45:00,25035.569754613367,3,7
2024-10-10,25002.3,25011.8,24996.95,25008.8,09:50:00,25032.40120655496,3,8
2024-10-10,25080.65,25083.45,25002.95,25002.95,09:55:00,25036.9963297402,3,9
2024-10-10,25068.55,25083.65,25057.4,25080.8,10:00:00,25040.001441193515,3,10
2024-10-10,25107.6,25117.05,25068.35,25068.35,10:05:00,25046.439399175088,3,11
2024-10-10,25116.95,25129.8,25105.8,25106.7,10:10:00,25053.154694491743,3,12
2024-10-10,25104.2,25134.0,25104.15,25115.95,10:15:00,25058.0161521592,3,13
2024-10-10,25098.35,25109.45,25084.9,25104.2,10:20:00,25061.85747100118,3,14
2024-10-10,25090.5,25102.1,25087.9,25098.15,10:25:00,25064.58533090583,3,15
2024-10-10,25107.9,25115.0,25090.0,25090.65,10:30:00,25068.710537486226,3,16
2024-10-10,25055.7,25111.45,25049.35,25107.95,10:35:00,25067.47143867801,3,17
2024-10-10,25058.4,25062.8,25043.2,25056.3,10:40:00,25066.60749213725,3,18
2024-10-10,25049.85,25060.55,25044.15,25058.0,10:45:00,25065.011540505133,3,19
2024-10-10,25043.0,25060.0,25031.4,25050.6,10:50:00,25062.91520331417,3,20
2024-10-10,25072.0,25079.1,25041.45,25043.3,10:55:00,25063.78042204615,3,21
2024-10-10,25054.65,25075.6,25049.0,25073.1,11:00:00,25062.91085804176,3,22
2024-10-10,25043.9,25057.8,25039.9,25055.5,11:05:00,25061.100300133017,3,23
2024-10-10,25025.05,25046.2,25022.4,25043.25,11:10:00,25057.666938215585,3,24
2024-10-10,25012.9,25034.55,25009.95,25024.75,11:15:00,25053.40342029029,3,25
2024-10-10,25014.9,25029.35,25009.55,25011.45,11:20:00,25049.73642788169,3,26
2024-10-10,25014.0,25035.05,25011.2,25016.4,11:25:00,25046.332958559626,3,27
2024-10-10,25009.05,25019.95,25000.15,25014.65,11:30:00,25042.782200601563,3,28
2024-10-10,25001.9,25018.75,24990.95,25007.5,11:35:00,25038.88865768713,3,29
2024-10-10,25004.95,25015.25,24996.4,25001.75,11:40:00,25035.65640457407,3,30
2024-10-10,25016.65,25029.3,25004.0,25005.5,11:45:00,25033.846270805112,3,31
2024-10-10,25037.3,25037.9,25015.65,25017.35,11:50:00,25034.175197395103,3,32
2024-10-10,25041.05,25045.45,25024.8,25035.0,11:55:00,25034.82994050033,3,33
2024-10-10,25043.75,25048.45,25030.6,25040.95,12:00:00,25035.679469976487,3,34
2024-10-10,25042.3,25046.45,25030.8,25044.0,12:05:00,25036.309996645392,3,35
2024-10-10,25032.5,25050.6,25030.85,25042.7,12:10:00,25035.94713982202,3,36
2024-10-10,25038.1,25038.65,25023.4,25032.7,12:15:00,25036.152174124683,3,37
2024-10-10,25042.8,25046.55,25033.7,25037.2,12:20:00,25036.78530039852,3,38
2024-10-10,25041.9,25051.1,25034.85,25043.55,12:25:00,25037.27241464628,3,39
2024-10-10,25039.95,25046.35,25033.2,25041.85,12:30:00,25037.52742277521,3,40
2024-10-10,25031.5,25042.9,25029.25,25040.0,12:35:00,25036.953382510903,3,41
2024-10-10,25026.3,25034.45,25021.65,25029.4,12:40:00,25035.93877465272,3,42
2024-10-10,25018.2,25032.9,25017.3,25025.55,12:45:00,25034.24936754294,3,43
2024-10-10,25021.2,25023.55,25009.65,25018.1,12:50:00,25033.00657063409,3,44
2024-10-10,25008.9,25022.5,25005.75,25021.55,12:55:00,25030.710706764177,3,45
2024-10-10,25028.5,25028.8,25007.1,25007.55,13:00:00,25030.50016326283,3,46
2024-10-10,25019.15,25034.75,25018.8,25028.1,13:05:00,25029.41919533304,3,47
2024-10-10,25035.4,25037.7,25016.75,25019.05,13:10:00,25029.98879577751,3,48
2024-10-10,25042.1,25044.1,25028.15,25035.15,13:15:00,25031.1422437987,3,49
2024-10-10,25043.05,25053.8,25038.25,25042.5,13:20:00,25032.276315817868,3,50
2024-10-10,25025.3,25043.35,25024.8,25042.65,13:25:00,25031.611904787595,3,51
2024-10-10,25017.6,25031.65,25014.35,25025.85,13:30:00,25030.27743766497,3,52
2024-10-10,25018.45,25024.35,25012.35,25017.3,13:35:00,25029.15101503021,3,53
2024-10-10,25021.75,25024.7,25012.7,25018.9,13:40:00,25028.446156455902,3,54
2024-10-10,25028.0,25028.8,25016.45,25021.35,13:45:00,25028.403665364865,3,55
2024-10-10,25012.05,25029.35,25006.55,25027.75,13:50:00,25026.846173425354,3,56
2024-10-10,25017.45,25023.35,25009.3,25011.35,13:55:00,25025.951299765795,3,57
2024-10-10,25015.65,25023.6,25011.0,25018.9,14:00:00,25024.970223597626,3,58
2024-10-10,25015.55,25022.3,25011.8,25017.2,14:05:00,25024.07305944548,3,59
2024-10-10,25021.3,25026.75,25011.3,25019.3,14:10:00,25023.808958545906,3,60
2024-10-10,25019.75,25026.1,25013.05,25020.2,14:15:00,25023.42239106534,3,61
2024-10-10,25028.45,25029.6,25015.4,25018.1,14:20:00,25023.90121096388,3,62
2024-10-10,25023.3,25037.55,25018.45,25029.1,14:25:00,25023.84395277685,3,63
2024-10-10,25022.95,25025.3,25013.9,25022.4,14:30:00,25023.758814417142,3,64
2024-10-10,25010.65,25025.0,24999.7,25022.25,14:35:00,25022.510355901228,3,65
2024-10-10,25003.15,25012.6,25003.15,25011.1,14:40:00,25020.666512482065,3,66
2024-10-10,25001.9,25010.85,24997.75,25004.65,14:45:00,25018.87922557901,3,67
2024-10-10,25006.7,25009.9,25002.4,25003.95,14:50:00,25017.71929933339,3,68
2024-10-10,24989.2,25009.25,24988.3,25006.5,14:55:00,25015.00317558736,3,69
2024-10-10,24995.75,25001.0,24982.4,24990.75,15:00:00,25013.16953981713,3,70
2024-10-10,25005.45,25006.5,24989.35,24996.2,15:05:00,25012.43434554883,3,71
2024-10-10,24998.55,25007.55,24990.9,25005.75,15:10:00,25011.112026925133,3,72
2024-10-10,25003.65,25006.35,24979.5,24998.2,15:15:00,25010.40135769417,3,73
2024-10-10,25013.9,25013.9,25000.15,25003.75,15:20:00,25010.734561723297,3,74
2024-10-10,25007.55,25019.6,25000.25,25012.25,15:25:00,25010.431270130604,3,75
2024-10-11,24954.1,25000.1,24942.75,24985.05,09:15:00,25002.900880991263,4,1
2024-10-11,24967.6,24981.05,24934.6,24953.2,09:20:00,24999.53889232543,4,2
2024-10-11,24986.75,24993.55,24967.85,24967.85,09:25:00,24998.32090258015,4,3
2024-10-11,24966.95,24992.8,24960.55,24987.75,09:30:00,24995.33319757252,4,4
2024-10-11,24962.95,24970.55,24955.9,24967.6,09:35:00,24992.249083517992,4,5
2024-10-11,24975.8,24977.65,24948.2,24962.6,09:40:00,24990.68250413533,4,6
2024-10-11,24997.3,25006.15,24971.9,24975.0,09:45:00,24991.31274183673,4,7
2024-10-11,25006.6,25017.55,24997.5,24997.9,09:50:00,24992.76867118561,4,8
2024-10-11,24991.95,25018.75,24987.35,25006.8,09:55:00,24992.69070250127,4,9
2024-10-11,25000.75,25005.15,24986.75,24992.3,10:00:00,24993.458254644007,4,10
2024-10-11,25019.95,25021.85,24998.5,25000.75,10:05:00,24995.981278011244,4,11
2024-10-11,25022.25,25028.3,25011.7,25019.45,10:10:00,24998.483061057792,4,12
2024-10-11,25009.7,25024.35,25007.85,25022.3,10:15:00,24999.55134095705,4,13
2024-10-11,25007.45,25015.8,24995.1,25011.85,10:20:00,25000.303594199235,4,14
2024-10-11,24988.85,25010.0,24987.5,25007.6,10:25:00,24999.21277570408,4,15
2024-10-11,24990.35,24995.1,24985.2,24987.95,10:30:00,24998.36870182749,4,16
2024-10-11,24976.15,24992.65,24961.25,24990.6,10:35:00,24996.25263498678,4,17
2024-10-11,24974.1,24981.2,24961.45,24975.45,10:40:00,24994.142860226137,4,18
2024-10-11,24985.15,24985.15,24966.6,24972.85,10:45:00,24993.286397347456,4,19
2024-10-11,24983.9,24988.5,24975.45,24986.05,10:50:00,24992.39245474293,4,20
2024-10-11,24951.45,24986.15,24951.45,24984.2,10:55:00,24988.493173338848,4,21
2024-10-11,24952.45,24965.25,24948.25,24952.1,11:00:00,24985.06049016372,4,22
2024-10-11,24952.7,24956.8,24931.6,24951.8,11:05:00,24981.978538719555,4,23
2024-10-11,24952.5,24959.0,24946.55,24952.35,11:10:00,24979.171058841504,4,24
2024-10-11,24937.65,24961.05,24935.65,24953.15,11:15:00,24975.21667228517,4,25
2024-10-11,24929.85,24942.75,24928.1,24938.05,11:20:00,24970.89603682944,4,26
2024-10-11,24934.3,24937.65,24920.6,24930.15,11:25:00,24967.41069998854,4,27
2024-10-11,24934.7,24942.15,24927.3,24935.0,11:30:00,24964.295395227728,4,28
2024-10-11,24928.7,24938.45,24927.1,24933.15,11:35:00,24960.905357586995,4,29
2024-10-11,24930.7,24936.65,24923.75,24928.95,11:40:00,24958.028656864422,4,30
2024-10-11,24939.3,24942.65,24927.25,24931.05,11:45:00,24956.244975258287,4,31
2024-10-11,24947.15,24954.8,24936.9,24937.75,11:50:00,24955.37878713845,4,32
2024-10-11,24944.0,24950.5,24941.65,24948.05,11:55:00,24954.295093125264,4,33
2024-10-11,24944.85,24947.55,24935.55,24943.45,12:00:00,24953.39556044667,4,34
2024-10-11,24944.1,24951.0,24939.85,24945.45,12:05:00,24952.51026897556,4,35
2024-10-11,24945.55,24945.75,24934.65,24944.05,12:10:00,24951.84738621598,4,36
2024-10-11,24939.3,24947.6,24937.9,24945.45,12:15:00,24950.65239705256,4,37
2024-10-11,24938.85,24948.2,24936.9,24939.7,12:20:00,24949.52835923803,4,38
2024-10-11,24961.75,24964.0,24938.35,24939.2,12:25:00,24950.692325024884,4,39
2024-10-11,24968.05,24968.35,24950.75,24961.35,12:30:00,24952.34543692728,4,40
2024-10-11,24960.4,24969.1,24954.75,24967.8,12:35:00,24953.1125381723,4,41
2024-10-11,24948.75,24962.9,24947.45,24960.9,12:40:00,24952.697058346366,4,42
2024-10-11,24955.0,24955.6,24945.4,24949.05,12:45:00,24952.916386122903,4,43
2024-10-11,24949.1,24956.05,24946.65,24954.7,12:50:00,24952.552920777864,4,44
2024-10-11,24956.3,24960.7,24947.3,24949.25,12:55:00,24952.909785465687,4,45
2024-10-11,24950.55,24958.05,24946.35,24956.05,13:00:00,24952.68504399277,4,46
2024-10-11,24953.95,24956.75,24947.55,24951.1,13:05:00,24952.805515993456,4,47
2024-10-11,24961.3,24968.7,24953.0,24953.95,13:10:00,24953.614514470268,4,48
2024-10-11,24976.7,24978.15,24960.05,24961.4,13:15:00,24955.813132139767,4,49
2024-10-11,24972.7,24979.9,24970.35,24976.15,13:20:00,24957.42140526932,4,50
2024-10-11,24965.95,24972.9,24962.0,24972.6,13:25:00,24958.233652386523,4,51
2024-10-11,24973.85,24976.1,24963.4,24963.4,13:30:00,24959.720923587807,4,52
2024-10-11,24964.25,24973.65,24949.3,24973.25,13:35:00,24960.15226419849,4,53
2024-10-11,24953.6,24970.25,24950.05,24964.3,13:40:00,24959.52823903673,4,54
2024-10-11,24962.45,24966.05,24949.7,24952.15,13:45:00,24959.80650198561,4,55
2024-10-11,24964.4,24972.8,24956.85,24961.45,13:50:00,24960.243977986986,4,56
2024-10-11,24967.7,24969.25,24959.5,24964.95,13:55:00,24960.954075321555,4,57
2024-10-11,24957.5,24974.65,24955.25,24967.6,14:00:00,24960.62511576712,4,58
2024-10-11,24954.3,24966.7,24953.0,24956.9,14:05:00,24960.022723789298,4,59
2024-10-11,24953.35,24956.55,24950.0,24954.15,14:10:00,24959.387226285555,4,60
2024-10-11,24950.05,24953.55,24942.35,24952.85,14:15:00,24958.497966639312,4,61
2024-10-11,24954.4,24956.65,24942.9,24949.3,14:20:00,24958.10768410224,4,62
2024-10-11,24950.4,24958.8,24948.65,24954.25,14:25:00,24957.373618949645,4,63
2024-10-11,24955.45,24964.55,24950.1,24950.1,14:30:00,24957.19041714492,4,64
2024-10-11,24969.65,24972.25,24953.8,24954.5,14:35:00,24958.377044083496,4,65
2024-10-11,24965.55,24972.15,24953.45,24970.85,14:40:00,24959.06018274221,4,66
2024-10-11,24965.2,24975.45,24959.8,24964.05,14:45:00,24959.64492724296,4,67
2024-10-11,24972.7,24973.3,24960.95,24964.85,14:50:00,24960.88826750553,4,68
2024-10-11,24959.05,24973.45,24955.2,24971.05,14:55:00,24960.713194409764,4,69
2024-10-11,24950.3,24966.25,24948.3,24956.9,15:00:00,24959.721461608835,4,70
2024-10-11,24968.7,24968.7,24948.65,24949.7,15:05:00,24960.576560503232,4,71
2024-10-11,24962.75,24972.55,24955.65,24967.3,15:10:00,24960.78355474102,4,72
2024-10-11,24968.05,24969.5,24958.25,24961.7,15:15:00,24961.47559714664,4,73
2024-10-11,24976.75,24979.3,24961.9,24968.5,15:20:00,24962.93030218029,4,74
2024-10-11,24975.05,24978.75,24965.45,24975.9,15:25:00,24964.084559115505,4,75
2024-10-14,25055.95,25066.45,25020.75,25027.65,09:15:00,24977.94903818752,0,1
2024-10-14,25046.95,25055.05,25029.45,25055.05,09:20:00,24984.520558360146,0,2
2024-10-14,25040.95,25048.2,25017.85,25048.2,09:25:00,24989.89479089727,0,3
2024-10-14,25053.2,25057.85,25040.9,25041.05,09:30:00,24995.923858430862,0,4
2024-10-14,25037.95,25053.75,25037.4,25053.2,09:35:00,24999.92634810412,0,5
2024-10-14,25092.0,25092.0,25029.15,25036.95,09:40:00,25008.69526733229,0,6
2024-10-14,25107.2,25119.6,25091.45,25091.7,09:45:00,25018.076670443505,0,7
2024-10-14,25108.8,25111.4,25094.6,25107.2,09:50:00,25026.71698754412,0,8
2024-10-14,25100.2,25111.9,25098.5,25108.2,09:55:00,25033.715369682777,0,9
2024-10-14,25131.55,25131.8,25099.05,25099.5,10:00:00,25043.03295352252,0,10
2024-10-14,25111.65,25130.75,25111.5,25130.65,10:05:00,25049.567910329893,0,11
2024-10-14,25100.15,25115.4,25086.25,25112.35,10:10:00,25054.38525220324,0,12
2024-10-14,25088.55,25112.95,25088.55,25100.4,10:15:00,25057.63903770769,0,13
2024-10-14,25104.0,25105.65,25084.2,25088.1,10:20:00,25062.05436744981,0,14
2024-10-14,25099.45,25118.4,25094.9,25103.2,10:25:00,25065.61585626412,0,15
2024-10-14,25093.6,25104.4,25091.45,25098.8,10:30:00,25068.281012810392,0,16
2024-10-14,25089.35,25099.3,25087.95,25094.2,10:35:00,25070.28758301893,0,17
2024-10-14,25092.15,25097.75,25078.35,25089.5,10:40:00,25072.369717969505,0,18
2024-10-14,25096.3,25105.55,25092.35,25092.35,10:45:00,25074.6487924486,0,19
2024-10-14,25094.65,25105.4,25090.8,25095.55,10:50:00,25076.55366935825,0,20
2024-10-14,25089.65,25099.35,25084.8,25094.35,10:55:00,25077.800938943183,0,21
2024-10-14,25075.4,25093.05,25073.85,25090.05,11:00:00,25077.57227809145,0,22
2024-10-14,25093.25,25097.7,25075.1,25075.25,11:05:00,25079.06539446369,0,23
2024-10-14,25101.5,25103.5,25089.85,25094.05,11:10:00,25081.2020235624,0,24
2024-10-14,25112.0,25121.05,25100.35,25102.35,11:15:00,25084.13516417549,0,25
2024-10-14,25113.65,25114.85,25106.8,25112.85,11:20:00,25086.94610092069,0,26
2024-10-14,25113.0,25119.0,25106.2,25113.6,11:25:00,25089.427424642527,0,27
2024-10-14,25112.8,25119.8,25108.7,25113.25,11:30:00,25091.65338420038,0,28
2024-10-14,25130.9,25132.75,25110.15,25112.25,11:35:00,25095.39115713368,0,29
2024-10-14,25129.95,25136.35,25128.55,25130.65,11:40:00,25098.6824755019,0,30
2024-10-14,25143.85,25149.8,25129.45,25130.2,11:45:00,25102.984144501723,0,31
2024-10-14,25147.25,25148.8,25137.9,25144.45,11:50:00,25107.199940263465,0,32
2024-10-14,25141.55,25150.15,25133.25,25146.55,11:55:00,25110.471374524088,0,33
2024-10-14,25140.1,25142.7,25133.3,25141.5,12:00:00,25113.293148378936,0,34
2024-10-14,25152.6,25153.3,25134.35,25139.2,12:05:00,25117.03665805713,0,35
2024-10-14,25154.6,25159.6,25149.25,25152.5,12:10:00,25120.61411919455,0,36
2024-10-14,25140.2,25157.6,25137.2,25154.85,12:15:00,25122.47944117602,0,37
2024-10-14,25129.45,25144.0,25127.95,25139.15,12:20:00,25123.14330392116,0,38
2024-10-14,25120.75,25134.95,25120.25,25128.85,12:25:00,25122.91537021438,0,39
2024-10-14,25123.35,25132.25,25118.05,25121.25,12:30:00,25122.95676352729,0,40
2024-10-14,25129.25,25130.65,25113.95,25123.75,12:35:00,25123.55611938184,0,41
2024-10-14,25137.7,25140.65,25127.9,25129.35,12:40:00,25124.903155631186,0,42
2024-10-14,25128.5,25141.35,25127.6,25138.15,12:45:00,25125.245712237745,0,43
2024-10-14,25119.0,25131.25,25114.6,25128.4,12:50:00,25124.650882500813,0,44
2024-10-14,25108.75,25125.1,25108.2,25118.85,12:55:00,25123.13651273883,0,45
2024-10-14,25105.95,25115.55,25104.75,25109.5,13:00:00,25121.4997020018,0,46
2024-10-14,25109.15,25114.4,25102.25,25106.4,13:05:00,25120.32353990639,0,47
2024-10-14,25105.45,25117.1,25104.45,25108.75,13:10:00,25118.90701229626,0,48
2024-10-14,25122.0,25123.8,25100.75,25105.6,13:15:00,25119.20158255376,0,49
2024-10-14,25106.95,25122.8,25106.95,25121.6,13:20:00,25118.03476516769,0,50
2024-10-14,25104.45,25108.85,25097.4,25107.2,13:25:00,25116.74097800886,0,51
2024-10-14,25117.5,25122.1,25104.7,25104.9,13:30:00,25116.81326581754,0,52
2024-10-14,25117.8,25127.7,25116.4,25117.25,13:35:00,25116.907240501583,0,53
2024-10-14,25112.6,25125.25,25110.9,25119.9,13:40:00,25116.49702712048,0,54
2024-10-14,25120.45,25121.9,25108.8,25113.25,13:45:00,25116.873500728056,0,55
2024-10-14,25125.0,25126.25,25119.0,25120.2,13:50:00,25117.647453039663,0,56
2024-10-14,25129.4,25137.45,25123.35,25127.15,13:55:00,25118.76674322637,0,57
2024-10-14,25131.8,25134.95,25125.2,25129.85,14:00:00,25120.008005776235,0,58
2024-10-14,25131.8,25133.65,25126.6,25132.15,14:05:00,25121.131052845165,0,59
2024-10-14,25133.5,25141.2,25131.15,25131.85,14:10:00,25122.30904781229,0,60
2024-10-14,25135.75,25140.7,25131.6,25133.5,14:15:00,25123.589138496834,0,61
2024-10-14,25129.65,25138.05,25125.0,25136.35,14:20:00,25124.1663634019,0,62
2024-10-14,25122.25,25131.05,25118.7,25129.1,14:25:00,25123.98385260172,0,63
2024-10-14,25134.0,25135.15,25122.5,25123.1,14:30:00,25124.93777140156,0,64
2024-10-14,25143.1,25146.3,25131.2,25133.95,14:35:00,25126.667507458547,0,65
2024-10-14,25136.2,25146.25,25133.0,25142.5,14:40:00,25127.57536389107,0,66
2024-10-14,25131.6,25139.55,25126.55,25135.9,14:45:00,25127.95866256811,0,67
2024-10-14,25126.35,25138.3,25118.85,25128.0,14:50:00,25127.805456609243,0,68
2024-10-14,25121.0,25129.05,25110.1,25125.95,14:55:00,25127.15731788456,0,69
2024-10-14,25126.3,25131.0,25116.75,25120.05,15:00:00,25127.07566856221,0,70
2024-10-14,25126.0,25129.7,25114.65,25126.7,15:05:00,25126.97322393724,0,71
2024-10-14,25123.2,25126.75,25115.45,25126.4,15:10:00,25126.61386927656,0,72
2024-10-14,25128.85,25132.85,25120.55,25122.65,15:15:00,25126.82683410736,0,73
2024-10-14,25135.9,25140.45,25128.35,25128.7,15:20:00,25127.69094514476,0,74
2024-10-14,25142.3,25148.1,25134.1,25138.55,15:25:00,25129.082283702395,0,75
2024-10-15,25198.5,25208.95,25176.1,25189.25,09:15:00,25140.62381953869,1,1
2024-10-15,25192.85,25197.8,25178.35,25197.8,09:20:00,25145.59774148739,1,2
2024-10-15,25176.2,25192.6,25166.75,25192.6,09:25:00,25148.512242298115,1,3
2024-10-15,25182.0,25186.85,25170.85,25176.85,09:30:00,25151.70155255544,1,4
2024-10-15,25169.85,25182.65,25163.55,25182.65,09:35:00,25153.429976121588,1,5
2024-10-15,25157.55,25178.45,25156.45,25169.9,09:40:00,25153.822359348105,1,6
2024-10-15,25118.7,25160.05,25114.9,25158.1,09:45:00,25150.477372743524,1,7
2024-10-15,25097.0,25139.6,25095.8,25119.9,09:50:00,25145.384289625094,1,8
2024-10-15,25087.9,25109.6,25081.0,25097.25,09:55:00,25139.909595375084,1,9
2024-10-15,25062.8,25088.55,25042.2,25088.15,10:00:00,25132.56582438698,1,10
2024-10-15,25062.95,25067.9,25042.3,25062.9,10:05:00,25125.935745873936,1,11
2024-10-15,25055.3,25070.5,25051.0,25064.45,10:10:00,25119.20853198118,1,12
2024-10-15,25068.1,25077.8,25052.15,25055.65,10:15:00,25114.34105274488,1,13
2024-10-15,25066.95,25069.65,25051.05,25068.3,10:20:00,25109.827619150128,1,14
2024-10-15,25033.2,25067.25,25029.4,25067.25,10:25:00,25102.52975065964,1,15
2024-10-15,25044.4,25044.4,25014.4,25033.8,10:30:00,25096.99358393015,1,16
2024-10-15,25081.3,25081.4,25040.9,25044.7,10:35:00,25095.498956889183,1,17
2024-10-15,25089.25,25097.2,25074.1,25080.25,10:40:00,25094.903818137835,1,18
2024-10-15,25077.9,25097.1,25076.3,25088.65,10:45:00,25093.28440688661,1,19
2024-10-15,25095.95,25097.15,25074.95,25077.25,10:50:00,25093.538272897407,1,20
2024-10-15,25078.25,25097.65,25067.7,25096.5,10:55:00,25092.08224690718,1,21
2024-10-15,25069.15,25081.05,25067.95,25077.8,11:00:00,25089.89822339221,1,22
2024-10-15,25070.75,25078.8,25063.7,25069.35,11:05:00,25088.074583069145,1,23
2024-10-15,25072.5,25072.5,25063.35,25071.75,11:10:00,25086.59128944351,1,24
2024-10-15,25067.2,25074.2,25061.15,25072.65,11:15:00,25084.744499972698,1,25
2024-10-15,25053.45,25075.05,25053.45,25067.65,11:20:00,25081.764071403868,1,26
2024-10-15,25048.75,25057.9,25044.8,25052.75,11:25:00,25078.619874127307,1,27
2024-10-15,25058.6,25058.6,25045.75,25047.65,11:30:00,25076.71321944852,1,28
2024-10-15,25054.35,25060.95,25046.0,25057.9,11:35:00,25074.583389024847,1,29
2024-10-15,25056.5,25056.5,25037.6,25053.9,11:40:00,25072.86116149867,1,30
2024-10-15,25060.15,25061.95,25044.65,25056.35,11:45:00,25071.65057468928,1,31
2024-10-15,25068.55,25070.4,25055.7,25060.25,11:50:00,25071.355281861725,1,32
2024-10-15,25083.1,25085.15,25062.6,25068.7,11:55:00,25072.47382644632,1,33
2024-10-15,25085.8,25089.95,25074.55,25082.5,12:00:00,25073.74298583238,1,34
2024-10-15,25071.9,25086.4,25070.05,25085.95,12:05:00,25073.56746337216,1,35
2024-10-15,25072.15,25076.45,25063.6,25071.3,12:10:00,25073.43246686052,1,36
2024-10-15,25063.3,25072.55,25058.65,25072.2,12:15:00,25072.46747001666,1,37
2024-10-15,25067.25,25070.0,25059.9,25063.05,12:20:00,25071.97056811031,1,38
2024-10-15,25058.1,25069.8,25055.95,25067.15,12:25:00,25070.649561623617,1,39
2024-10-15,25069.65,25069.9,25053.55,25058.25,12:30:00,25070.55436527851,1,40
2024-10-15,25065.7,25072.4,25060.65,25069.3,12:35:00,25070.0920447758,1,41
2024-10-15,25068.55,25070.3,25061.85,25065.75,12:40:00,25069.94518336857,1,42
2024-10-15,25075.15,25077.5,25067.95,25068.75,12:45:00,25070.440880190617,1,43
2024-10-15,25070.05,25075.65,25064.2,25075.5,12:50:00,25070.4036535058,1,44
2024-10-15,25058.8,25073.1,25056.2,25070.45,12:55:00,25069.2985436481,1,45
2024-10-15,25033.15,25059.35,25026.25,25058.55,13:00:00,25065.85582520542,1,46
2024-10-15,25019.45,25035.45,25008.85,25033.1,13:05:00,25061.436222804903,1,47
2024-10-15,25025.35,25033.25,25017.9,25019.3,13:10:00,25057.999439680625,1,48
2024-10-15,25026.3,25037.3,25022.6,25025.3,13:15:00,25054.980445425328,1,49
2024-10-15,25043.8,25047.65,25023.55,25026.5,13:20:00,25053.915641099105,1,50
2024-10-15,25039.15,25044.35,25034.5,25043.75,13:25:00,25052.509389565857,1,51
2024-10-15,25043.7,25054.8,25038.9,25038.95,13:30:00,25051.670400083392,1,52
2024-10-15,25060.15,25066.2,25040.75,25043.7,13:35:00,25052.47798102784,1,53
2024-10-15,25064.05,25065.95,25054.3,25059.95,13:40:00,25053.5800780728,1,54
2024-10-15,25055.7,25072.2,25053.3,25063.25,13:45:00,25053.7819753992,1,55
2024-10-15,25051.85,25057.7,25042.85,25054.75,13:50:00,25053.59797774213,1,56
2024-10-15,25038.3,25060.0,25036.1,25052.25,13:55:00,25052.14102748097,1,57
2024-10-15,25046.8,25046.8,25034.8,25038.6,14:00:00,25051.63235819708,1,58
2024-10-15,25040.45,25049.3,25039.85,25046.35,14:05:00,25050.56737170212,1,59
2024-10-15,25046.9,25048.35,25033.25,25040.25,14:10:00,25050.21809820668,1,60
2024-10-15,25057.6,25059.0,25044.4,25046.1,14:15:00,25050.92113647271,1,61
2024-10-15,25053.55,25063.85,25049.65,25057.0,14:20:00,25051.17150442769,1,62
2024-10-15,25062.8,25065.8,25048.65,25053.8,14:25:00,25052.278980196483,1,63
2024-10-15,25057.3,25069.7,25055.95,25063.45,14:30:00,25052.75717255872,1,64
2024-10-15,25042.0,25058.8,25031.8,25057.85,14:35:00,25051.732679934084,1,65
2024-10-15,25035.95,25044.45,25024.45,25041.35,14:40:00,25050.229567559407,1,66
2024-10-15,25041.95,25050.45,25034.55,25035.9,14:45:00,25049.441037315653,1,67
2024-10-15,25047.4,25051.65,25042.35,25042.5,14:50:00,25049.2466528094,1,68
2024-10-15,25030.3,25049.1,25026.85,25047.15,14:55:00,25047.442209684694,1,69
2024-10-15,25050.2,25057.05,25022.15,25029.05,15:00:00,25047.70485638139,1,70
2024-10-15,25057.65,25057.65,25042.1,25049.95,15:05:00,25048.652012916496,1,71
2024-10-15,25052.65,25068.0,25051.55,25057.55,15:10:00,25049.03277359112,1,72
2024-10-15,25055.6,25060.55,25050.65,25052.85,15:15:00,25049.65822372529,1,73
2024-10-15,25076.45,25077.0,25055.1,25055.6,15:20:00,25052.209821465745,1,74
2024-10-15,25065.15,25079.1,25059.55,25076.25,15:25:00,25053.44221942139,1,75
2024-10-16,25017.1,25029.2,24996.6,25021.75,09:15:00,25046.11279186196,2,1
2024-10-16,25020.1,25036.85,25014.45,25017.7,09:20:00,25043.6353831132,2,2
2024-10-16,25016.75,25028.4,25014.55,25019.8,09:25:00,25041.074870435747,2,3
2024-10-16,25046.6,25055.3,25016.4,25017.2,09:30:00,25041.60107325139,2,4
2024-10-16,25068.5,25074.2,25039.6,25046.55,09:35:00,25044.16287579888,2,5
2024-10-16,25078.75,25083.75,25058.35,25069.1,09:40:00,25047.456887627555,2,6
2024-10-16,25079.65,25080.1,25065.95,25078.75,09:45:00,25050.52289832969,2,7
2024-10-16,25080.05,25081.1,25064.25,25079.9,09:50:00,25053.33500325067,2,8
2024-10-16,25071.55,25093.25,25067.9,25080.75,09:55:00,25055.069764845844,2,9
2024-10-16,25056.6,25072.0,25056.1,25072.0,10:00:00,25055.2155015272,2,10
2024-10-16,25068.5,25069.4,25043.75,25056.25,10:05:00,25056.48069185793,2,11
2024-10-16,25059.5,25072.25,25055.9,25068.15,10:10:00,25056.76824501433,2,12
2024-10-16,25066.6,25073.85,25059.1,25059.9,10:15:00,25057.70460263201,2,13
2024-10-16,25051.3,25067.15,25048.45,25067.15,10:20:00,25057.09464047658,2,14
2024-10-16,25039.4,25054.25,25036.55,25050.25,10:25:00,25055.409436621667,2,15
2024-10-16,25037.95,25045.2,25033.9,25040.35,10:30:00,25053.746633133887,2,16
2024-10-16,25030.6,25054.85,25029.0,25038.3,10:35:00,25051.54219188304,2,17
2024-10-16,25023.6,25032.05,25021.25,25030.8,10:40:00,25048.881030751323,2,18
2024-10-16,25024.8,25034.0,25019.85,25024.05,10:45:00,25046.5875992512,2,19
2024-10-16,25018.25,25034.55,25012.25,25024.55,10:50:00,25043.88878027489,2,20
2024-10-16,25031.75,25033.0,25013.25,25018.05,10:55:00,25042.732705963,2,21
2024-10-16,25024.65,25039.65,25020.8,25032.85,11:00:00,25041.01054349033,2,22
2024-10-16,25015.05,25025.0,25011.0,25024.65,11:05:00,25038.53811077697,2,23
2024-10-16,25015.1,25018.75,25009.15,25015.3,11:10:00,25036.30590975059,2,24
2024-10-16,24981.3,25016.5,24963.5,25014.2,11:15:00,25031.067251679106,2,25
2024-10-16,24978.5,24988.8,24974.95,24981.25,11:20:00,25026.06084675729,2,26
2024-10-16,24959.2,24984.75,24957.45,24977.95,11:25:00,25019.69314706612,2,27
2024-10-16,24964.7,24968.7,24949.15,24958.75,11:30:00,25014.45570448839,2,28
2024-10-16,24951.55,24965.25,24951.55,24964.75,11:35:00,25008.464685013307,2,29
2024-10-16,24935.9,24954.9,24930.75,24952.4,11:40:00,25001.553762631087,2,30
2024-10-16,24918.55,24937.35,24908.95,24937.05,11:45:00,24993.648642380507,2,31
2024-10-16,24944.95,24946.4,24913.25,24919.25,11:50:00,24989.010676439502,2,32
2024-10-16,24956.85,24958.6,24943.5,24947.0,11:55:00,24985.94775487384,2,33
2024-10-16,24943.45,24962.5,24942.65,24956.8,12:00:00,24981.90034964776,2,34
2024-10-16,24959.25,24962.5,24937.5,24943.75,12:05:00,24979.743173490828,2,35
2024-10-16,24948.05,24960.1,24948.05,24959.5,12:10:00,24976.72477601551,2,36
2024-10-16,24960.45,24961.15,24941.1,24947.45,12:15:00,24975.17479734737,2,37
2024-10-16,24962.05,24969.2,24960.0,24960.45,12:20:00,24973.924816647617,2,38
2024-10-16,24948.95,24963.05,24947.45,24961.9,12:25:00,24971.54626268117,2,39
2024-10-16,24938.35,24953.15,24933.55,24949.1,12:30:00,24968.3847138544,2,40
2024-10-16,24939.75,24951.35,24937.95,24938.2,12:35:00,24965.657598249218,2,41
2024-10-16,24951.2,24952.0,24936.6,24939.6,12:40:00,24964.280684130244,2,42
2024-10-16,24942.5,24953.8,24940.95,24951.25,12:45:00,24962.2063332607,2,43
2024-10-16,24938.8,24949.8,24937.8,24942.7,12:50:00,24959.97715866444,2,44
2024-10-16,24955.85,24958.3,24936.9,24938.55,12:55:00,24959.584095934497,2,45
2024-10-16,24961.95,24964.7,24951.2,24955.45,13:00:00,24959.80942013121,2,46
2024-10-16,24970.0,24977.8,24962.65,24962.9,13:05:00,24960.779951547283,2,47
2024-10-16,24983.35,24986.3,24970.1,24970.1,13:10:00,24962.92947997135,2,48
2024-10-16,24982.55,24988.05,24971.55,24983.9,13:15:00,24964.79810092646,2,49
2024-10-16,24973.9,24989.15,24973.85,24982.55,13:20:00,24965.66494845728,2,50
2024-10-16,24973.15,24978.95,24966.25,24974.25,13:25:00,24966.37781050896,2,51
2024-10-16,24970.75,24976.95,24968.05,24973.65,13:30:00,24966.79420950811,2,52
2024-10-16,24974.6,24976.3,24964.9,24971.0,13:35:00,24967.537618126385,2,53
2024-10-16,24971.5,24981.4,24969.35,24976.05,13:40:00,24967.91498782864,2,54
2024-10-16,24981.05,24983.85,24966.5,24971.75,13:45:00,24969.165941368767,2,55
2024-10-16,24969.35,24982.35,24968.45,24980.7,13:50:00,24969.18347076222,2,56
2024-10-16,24969.1,24969.8,24962.05,24968.45,13:55:00,24969.175521165816,2,57
2024-10-16,25000.15,25003.05,24968.6,24969.35,14:00:00,24972.125471530977,2,58
2024-10-16,25020.5,25021.55,24998.9,25000.35,14:05:00,24976.73256948041,2,59
2024-10-16,25014.1,25024.05,25007.3,25020.45,14:10:00,24980.29137238704,2,60
2024-10-16,25015.95,25018.4,25009.8,25013.15,14:15:00,24983.687432159702,2,61
2024-10-16,25013.15,25017.2,25010.8,25016.65,14:20:00,24986.49339100164,2,62
2024-10-16,25050.35,25059.85,25009.2,25013.4,14:25:00,24992.57497281101,2,63
2024-10-16,25049.65,25059.05,25045.1,25052.95,14:30:00,24998.01068968615,2,64
2024-10-16,25027.0,25050.1,25025.55,25049.75,14:35:00,25000.771576382707,2,65
2024-10-16,25023.9,25029.8,25021.2,25026.2,14:40:00,25002.97428339388,2,66
2024-10-16,24995.6,25024.6,24995.6,25024.45,14:45:00,25002.2719706897,2,67
2024-10-16,24990.85,24996.4,24976.8,24995.05,14:50:00,25001.184163957347,2,68
2024-10-16,24999.9,25009.65,24990.2,24991.7,14:55:00,25001.06186262808,2,69
2024-10-16,24992.7,25000.85,24978.35,24999.7,15:00:00,25000.265494758736,2,70
2024-10-16,24990.55,24994.6,24983.95,24992.65,15:05:00,24999.340209543618,2,71
2024-10-16,24968.2,24992.65,24964.85,24990.45,15:10:00,24996.37447530137,2,72
2024-10-16,24960.4,24968.7,24956.9,24967.7,15:15:00,24992.94833479648,2,73
2024-10-16,24959.35,24967.5,24956.95,24960.4,15:20:00,24989.748493387287,2,74
2024-10-16,24959.9,24961.75,24951.0,24960.0,15:25:00,24986.90577973136,2,75
2024-10-17,24956.75,25024.0,24953.4,25024.0,09:15:00,24987.523098600952,3,1
2024-10-17,24940.2,24964.9,24934.25,24957.05,09:20:00,24983.016136829432,3,2
2024-10-17,24940.65,24952.1,24923.4,24940.6,09:25:00,24978.9812666552,3,3
2024-10-17,24903.8,24954.15,24898.2,24940.2,09:30:00,24971.82114602137,3,4
2024-10-17,24862.4,24909.45,24858.65,24902.2,09:35:00,24961.400084495526,3,5
2024-10-17,24850.2,24868.65,24839.7,24862.1,09:40:00,24950.809600257857,3,6
2024-10-17,24821.7,24850.45,24820.45,24850.45,09:45:00,24938.513447852347,3,7
2024-10-17,24815.25,24841.4,24813.65,24820.45,09:50:00,24926.774071866406,3,8
2024-10-17,24836.2,24847.6,24805.9,24815.6,09:55:00,24918.14796978389,3,9
2024-10-17,24828.3,24845.6,24822.6,24836.35,10:00:00,24909.591020280663,3,10
2024-10-17,24815.0,24829.25,24802.45,24827.25,10:05:00,24900.582351682504,3,11
2024-10-17,24831.95,24838.7,24811.55,24814.6,10:10:00,24894.04593723655,3,12
2024-10-17,24824.55,24843.35,24819.35,24832.1,10:15:00,24887.42727654736,3,13
2024-10-17,24810.1,24827.3,24797.4,24823.95,10:20:00,24880.06277401904,3,14
2024-10-17,24838.05,24838.95,24808.2,24809.15,10:25:00,24876.061557445795,3,15
2024-10-17,24835.65,24841.05,24828.25,24838.2,10:30:00,24872.21283768905,3,16
2024-10-17,24848.55,24860.65,24832.6,24834.45,10:35:00,24869.959234099617,3,17
2024-10-17,24846.65,24852.15,24841.2,24847.25,10:40:00,24867.73930704251,3,18
2024-10-17,24846.45,24853.55,24838.1,24847.2,10:45:00,24865.71175399084,3,19
2024-10-17,24842.5,24852.85,24841.05,24847.8,10:50:00,24863.50111075362,3,20
2024-10-17,24822.45,24843.5,24816.95,24842.25,10:55:00,24859.59148115804,3,21
2024-10-17,24824.45,24829.6,24817.3,24822.45,11:00:00,24856.2446734287,3,22
2024-10-17,24806.45,24824.95,24806.45,24824.7,11:05:00,24851.50232357835,3,23
2024-10-17,24790.95,24809.3,24790.7,24807.5,11:10:00,24845.735435618502,3,24
2024-10-17,24803.7,24807.1,24789.75,24791.55,11:15:00,24841.73206079769,3,25
2024-10-17,24803.1,24813.9,24797.0,24803.55,11:20:00,24838.0528169122,3,26
2024-10-17,24780.8,24806.15,24771.85,24803.35,11:25:00,24832.600167682467,3,27
2024-10-17,24782.35,24788.4,24776.4,24780.7,11:30:00,24827.814437427,3,28
2024-10-17,24793.9,24799.9,24778.65,24781.2,11:35:00,24824.58449100537,3,29
2024-10-17,24779.45,24796.65,24775.6,24793.6,11:40:00,24820.28596805248,3,30
2024-10-17,24780.95,24783.1,24769.95,24779.6,11:45:00,24816.539685380816,3,31
2024-10-17,24787.8,24796.7,24779.15,24780.4,11:50:00,24813.80257248741,3,32
2024-10-17,24781.05,24790.95,24778.5,24787.9,11:55:00,24810.68327986956,3,33
2024-10-17,24776.45,24783.05,24772.3,24780.95,12:00:00,24807.42296750103,3,34
2024-10-17,24786.9,24789.55,24772.15,24776.5,12:05:00,24805.4683991676,3,35
2024-10-17,24778.45,24790.45,24776.4,24786.15,12:10:00,24802.89521829449,3,36
2024-10-17,24789.3,24793.6,24778.6,24779.7,12:15:00,24801.60043559978,3,37
2024-10-17,24789.3,24789.9,24777.45,24787.9,12:20:00,24800.42896554265,3,38
2024-10-17,24790.2,24794.65,24782.7,24788.8,12:25:00,24799.45477834812,3,39
2024-10-17,24791.25,24797.9,24789.05,24789.6,12:30:00,24798.67337088639,3,40
2024-10-17,24786.2,24792.35,24783.5,24790.65,12:35:00,24797.48543080197,3,41
2024-10-17,24774.65,24791.85,24773.3,24786.2,12:40:00,24795.31062786845,3,42
2024-10-17,24779.5,24780.5,24756.15,24773.95,12:45:00,24793.804853785743,3,43
2024-10-17,24783.1,24789.8,24776.2,24779.7,12:50:00,24792.785343901385,3,44
2024-10-17,24793.6,24798.5,24782.25,24783.8,12:55:00,24792.86293019649,3,45
2024-10-17,24793.4,24796.45,24785.7,24794.15,13:00:00,24792.914079701583,3,46
2024-10-17,24790.55,24798.2,24786.25,24792.75,13:05:00,24792.68892925381,3,47
2024-10-17,24786.75,24794.8,24783.65,24791.2,13:10:00,24792.12331694393,3,48
2024-10-17,24772.15,24790.95,24771.15,24786.45,13:15:00,24790.221096282603,3,49
2024-10-17,24772.0,24780.25,24767.8,24773.1,13:20:00,24788.4857537795,3,50
2024-10-17,24762.15,24772.2,24755.9,24772.2,13:25:00,24785.97758675288,3,51
2024-10-17,24769.25,24772.75,24757.15,24762.25,13:30:00,24784.38448325261,3,52
2024-10-17,24775.5,24779.15,24768.6,24770.35,13:35:00,24783.538341990454,3,53
2024-10-17,24773.25,24776.5,24767.2,24775.3,13:40:00,24782.558499896124,3,54
2024-10-17,24757.65,24774.0,24757.1,24773.4,13:45:00,24780.186261810777,3,55
2024-10-17,24753.8,24761.35,24747.25,24757.95,13:50:00,24777.673284495464,3,56
2024-10-17,24747.8,24755.3,24743.15,24753.9,13:55:00,24774.82820978161,3,57
2024-10-17,24744.55,24758.35,24741.8,24747.35,14:00:00,24771.9445707548,3,58
2024-10-17,24738.6,24746.7,24737.15,24744.6,14:05:00,24768.76889734957,3,59
2024-10-17,24741.9,24745.25,24737.3,24739.55,14:10:00,24766.20995474485,3,60
2024-10-17,24746.05,24748.6,24740.5,24741.35,14:15:00,24764.289959054862,3,61
2024-10-17,24739.9,24746.95,24738.1,24746.15,14:20:00,24761.967105811545,3,62
2024-10-17,24763.8,24770.05,24739.0,24739.3,14:25:00,24762.14166716283,3,63
2024-10-17,24757.55,24764.85,24755.4,24763.45,14:30:00,24761.704365528272,3,64
2024-10-17,24743.7,24762.8,24742.2,24757.1,14:35:00,24759.98966404939,3,65
2024-10-17,24734.8,24746.25,24730.45,24744.3,14:40:00,24757.59064842564,3,66
2024-10-17,24742.7,24744.1,24730.0,24734.6,14:45:00,24756.172491432724,3,67
2024-10-17,24748.8,24754.4,24735.25,24742.8,14:50:00,24755.47034939151,3,68
2024-10-17,24742.35,24751.85,24741.3,24748.45,14:55:00,24754.220792306605,3,69
2024-10-17,24747.05,24749.65,24738.4,24743.1,15:00:00,24753.53785970597,3,70
2024-10-17,24757.65,24757.65,24740.1,24748.15,15:05:00,24753.929492114927,3,71
2024-10-17,24759.35,24761.4,24752.7,24760.1,15:10:00,24754.445730961124,3,72
2024-10-17,24749.85,24766.5,24737.35,24760.1,15:15:00,24754.008042298163,3,73
2024-10-17,24751.8,24754.35,24744.0,24748.85,15:20:00,24753.79775255548,3,74
2024-10-17,24750.2,24760.25,24744.8,24750.85,15:25:00,24753.45510945496,3,75
2024-10-18,24608.45,24691.35,24596.85,24691.35,09:15:00,24732.01880842005,4,1
2024-10-18,24579.85,24608.65,24572.25,24607.35,09:20:00,24717.526540951472,4,2
2024-10-18,24573.0,24598.65,24568.3,24579.05,09:25:00,24703.762108479903,4,3
2024-10-18,24637.8,24645.6,24570.35,24572.5,09:30:00,24697.48000291039,4,4
2024-10-18,24652.0,24660.75,24619.7,24637.2,09:35:00,24693.14857406178,4,5
2024-10-18,24654.7,24671.2,24631.5,24651.9,09:40:00,24689.486805103512,4,6
2024-10-18,24703.8,24705.3,24647.3,24654.35,09:45:00,24690.849966522223,4,7
2024-10-18,24631.6,24705.25,24626.35,24703.05,09:50:00,24685.20711256773,4,8
2024-10-18,24646.4,24665.05,24611.85,24627.45,09:55:00,24681.51119708509,4,9
2024-10-18,24643.55,24648.65,24628.05,24645.45,10:00:00,24677.895844981747,4,10
2024-10-18,24660.3,24661.05,24633.85,24644.05,10:05:00,24676.22005022158,4,11
2024-10-18,24671.2,24677.0,24649.55,24660.5,10:10:00,24675.74195020048,4,12
2024-10-18,24669.45,24689.35,24664.7,24671.45,10:15:00,24675.14271684805,4,13
2024-10-18,24674.2,24687.15,24660.25,24669.6,10:20:00,24675.052934291096,4,14
2024-10-18,24694.35,24703.0,24665.05,24675.1,10:25:00,24676.890750072896,4,15
2024-10-18,24741.55,24745.2,24693.6,24693.6,10:30:00,24683.04877387548,4,16
2024-10-18,24720.6,24743.05,24718.45,24742.05,10:35:00,24686.625081125432,4,17
2024-10-18,24729.5,24745.75,24719.25,24719.9,10:40:00,24690.70840673253,4,18
2024-10-18,24747.65,24753.45,24728.95,24729.25,10:45:00,24696.13141561516,4,19
2024-10-18,24722.85,24748.3,24719.95,24747.35,10:50:00,24698.676042699422,4,20
2024-10-18,24720.55,24733.3,24704.3,24723.05,10:55:00,24700.759276728048,4,21
2024-10-18,24702.6,24725.55,24702.6,24720.7,11:00:00,24700.93458370633,4,22
2024-10-18,24704.3,24712.45,24694.05,24701.75,11:05:00,24701.25509954382,4,23
2024-10-18,24719.35,24727.95,24693.5,24703.8,11:10:00,24702.97842339679,4,24
2024-10-18,24699.05,24725.0,24692.85,24719.6,11:15:00,24702.60428783519,4,25
2024-10-18,24701.7,24707.65,24689.7,24698.55,11:20:00,24702.51816518422,4,26
2024-10-18,24724.55,24725.35,24701.8,24701.8,11:25:00,24704.61643516668,4,27
2024-10-18,24740.3,24744.25,24716.5,24723.55,11:30:00,24708.01486991271,4,28
2024-10-18,24778.95,24779.4,24737.15,24741.6,11:35:00,24714.77059658769,4,29
2024-10-18,24783.1,24793.15,24775.6,24779.2,11:40:00,24721.27815881744,4,30
2024-10-18,24771.45,24792.6,24763.95,24783.5,11:45:00,24726.056429406253,4,31
2024-10-18,24781.15,24782.55,24763.25,24772.2,11:50:00,24731.30343612947,4,32
2024-10-18,24787.25,24790.6,24775.5,24780.75,11:55:00,24736.63168030762,4,33
2024-10-18,24795.15,24801.45,24775.9,24787.3,12:00:00,24742.204853611656,4,34
2024-10-18,24804.8,24815.75,24793.1,24795.1,12:05:00,24748.16629612483,4,35
2024-10-18,24785.5,24804.85,24784.0,24804.85,12:10:00,24751.721886970085,4,36
2024-10-18,24793.7,24800.95,24784.25,24785.85,12:15:00,24755.719802496744,4,37
2024-10-18,24808.75,24812.1,24792.5,24794.05,12:20:00,24760.770297497053,4,38
2024-10-18,24840.15,24845.5,24807.25,24808.05,12:25:00,24768.330269164,4,39
2024-10-18,24853.95,24859.75,24829.2,24840.0,12:30:00,24776.484529243626,4,40
2024-10-18,24845.8,24868.8,24845.0,24854.1,12:35:00,24783.08600264899,4,41
2024-10-18,24850.55,24854.15,24836.2,24846.1,12:40:00,24789.511145253848,4,42
2024-10-18,24854.1,24857.15,24843.05,24851.05,12:45:00,24795.66246475348,4,43
2024-10-18,24842.6,24855.9,24838.9,24853.3,12:50:00,24800.13270620553,4,44
2024-10-18,24842.5,24857.7,24839.2,24842.95,12:55:00,24804.16768656691,4,45
2024-10-18,24833.9,24843.7,24821.55,24843.15,13:00:00,24806.99933546529,4,46
2024-10-18,24823.55,24842.55,24822.7,24834.05,13:05:00,24808.57558923051,4,47
2024-10-18,24820.9,24834.05,24811.35,24823.9,13:10:00,24809.74934263713,4,48
2024-10-18,24848.05,24850.7,24818.55,24819.8,13:15:00,24813.39702429073,4,49
2024-10-18,24854.95,24860.4,24844.0,24847.85,13:20:00,24817.35445054877,4,50
2024-10-18,24854.6,24861.75,24843.6,24854.2,13:25:00,24820.9016457346,4,51
2024-10-18,24859.8,24866.8,24843.0,24854.2,13:30:00,24824.60625090273,4,52
2024-10-18,24858.1,24869.75,24854.65,24860.4,13:35:00,24827.796131769137,4,53
2024-10-18,24868.05,24869.5,24853.7,24858.3,13:40:00,24831.62983350541,4,54
2024-10-18,24860.4,24885.35,24856.7,24867.65,13:45:00,24834.36984936204,4,55
2024-10-18,24857.8,24863.6,24851.05,24860.7,13:50:00,24836.601292279945,4,56
2024-10-18,24868.25,24870.05,24853.65,24857.8,13:55:00,24839.61545491995,4,57
2024-10-18,24858.25,24873.2,24856.2,24868.55,14:00:00,24841.390173499003,4,58
2024-10-18,24864.1,24865.85,24848.65,24858.9,14:05:00,24843.553014118144,4,59
2024-10-18,24871.0,24875.25,24862.95,24862.95,14:10:00,24846.16701277356,4,60
2024-10-18,24875.15,24878.15,24864.95,24871.1,14:15:00,24848.927297271315,4,61
2024-10-18,24872.05,24883.45,24868.15,24875.55,14:20:00,24851.12945943596,4,62
2024-10-18,24879.35,24883.65,24870.35,24871.5,14:25:00,24853.817129965864,4,63
2024-10-18,24875.8,24885.5,24874.4,24879.35,14:30:00,24855.910736635786,4,64
2024-10-18,24857.1,24876.8,24856.6,24874.65,14:35:00,24856.02399981333,4,65
2024-10-18,24862.45,24869.9,24855.55,24857.0,14:40:00,24856.635999831105,4,66
2024-10-18,24866.8,24868.6,24852.5,24863.25,14:45:00,24857.60399984719,4,67
2024-10-18,24868.6,24874.5,24863.55,24867.95,14:50:00,24858.651237956983,4,68
2024-10-18,24876.0,24884.35,24865.45,24867.75,14:55:00,24860.303501008697,4,69
2024-10-18,24867.6,24885.85,24864.3,24878.75,15:00:00,24860.99840567453,4,70
2024-10-18,24858.4,24867.8,24835.2,24867.8,15:05:00,24860.75093846744,4,71
2024-10-18,24842.85,24860.85,24833.55,24858.2,15:10:00,24859.046087184823,4,72
2024-10-18,24845.2,24848.95,24837.95,24842.35,15:15:00,24857.727412214845,4,73
2024-10-18,24875.15,24876.4,24841.85,24845.1,15:20:00,24859.38670628962,4,74
2024-10-18,24862.65,24876.35,24853.95,24874.55,15:25:00,24859.6974961668,4,75
2024-10-21,24935.75,24976.4,24931.05,24956.15,09:15:00,24875.251691873505,0,1
2024-10-21,24929.6,24934.9,24912.5,24934.9,09:20:00,24880.427721218883,0,2
2024-10-21,24892.75,24929.8,24890.5,24928.95,09:25:00,24881.60127157899,0,3
2024-10-21,24819.7,24897.1,24819.7,24892.4,09:30:00,24875.705912380992,0,4
2024-10-21,24786.65,24826.35,24786.65,24820.55,09:35:00,24867.22439691613,0,5
2024-10-21,24772.25,24800.1,24747.15,24787.55,09:40:00,24858.179216257457,0,6
2024-10-21,24714.5,24773.95,24713.05,24773.95,09:45:00,24844.4954813758,0,7
2024-10-21,24732.5,24733.2,24679.7,24713.45,09:50:00,24833.82924505429,0,8
2024-10-21,24743.45,24756.45,24705.4,24732.85,09:55:00,24825.22169790626,0,9
2024-10-21,24808.35,24814.35,24738.2,24743.6,10:00:00,24823.61486953424,0,10
2024-10-21,24823.9,24866.05,24799.2,24807.25,10:05:00,24823.64202481669,0,11
2024-10-21,24804.05,24825.9,24771.8,24822.6,10:10:00,24821.776117691294,0,12
2024-10-21,24788.25,24810.8,24785.2,24806.1,10:15:00,24818.583154101645,0,13
2024-10-21,24817.8,24829.15,24783.05,24788.3,10:20:00,24818.508567996727,0,14
2024-10-21,24803.45,24834.05,24795.05,24817.5,10:25:00,24817.074418663706,0,15
2024-10-21,24783.65,24813.65,24779.9,24802.9,10:30:00,24813.89114069573,0,16
2024-10-21,24815.75,24817.75,24783.15,24783.7,10:35:00,24814.068174915188,0,17
2024-10-21,24818.0,24822.0,24801.95,24816.05,10:40:00,24814.44263444708,0,18
2024-10-21,24811.5,24831.8,24809.2,24818.65,10:45:00,24814.162383547355,0,19
2024-10-21,24809.1,24816.9,24805.0,24812.7,10:50:00,24813.68025178094,0,20
2024-10-21,24822.8,24830.2,24808.05,24809.85,10:55:00,24814.54879923037,0,21
2024-10-21,24832.85,24843.35,24817.4,24822.9,11:00:00,24816.291770732245,0,22
2024-10-21,24807.7,24836.85,24807.05,24833.4,11:05:00,24815.473506852984,0,23
2024-10-21,24808.6,24812.3,24794.95,24806.85,11:10:00,24814.8188871527,0,24
2024-10-21,24799.15,24814.6,24795.5,24808.65,11:15:00,24813.326612185778,0,25
2024-10-21,24791.3,24805.05,24786.95,24799.2,11:20:00,24811.228839596653,0,26
2024-10-21,24798.05,24799.9,24783.55,24791.25,11:25:00,24809.97371201602,0,27
2024-10-21,24753.0,24800.0,24752.3,24798.75,11:30:00,24804.547644204973,0,28
2024-10-21,24769.9,24775.45,24747.9,24753.55,11:35:00,24801.247868566403,0,29
2024-10-21,24764.95,24777.25,24760.15,24769.1,11:40:00,24797.790928702936,0,30
2024-10-21,24763.1,24768.55,24738.65,24765.25,11:45:00,24794.48703073123,0,31
2024-10-21,24768.35,24769.65,24747.9,24763.45,11:50:00,24791.99778970921,0,32
2024-10-21,24742.15,24770.2,24740.5,24768.3,11:55:00,24787.25038116548,0,33
2024-10-21,24736.9,24750.05,24729.05,24742.55,12:00:00,24782.455106768768,0,34
2024-10-21,24750.45,24751.5,24730.75,24738.8,12:05:00,24779.40700136222,0,35
2024-10-21,24720.95,24753.05,24720.8,24750.45,12:10:00,24773.83966789915,0,36
2024-10-21,24738.85,24740.9,24710.95,24720.35,12:15:00,24770.50731857542,0,37
2024-10-21,24749.5,24750.6,24729.85,24739.5,12:20:00,24768.506621568235,0,38
2024-10-21,24752.9,24757.25,24745.45,24749.75,12:25:00,24767.02027665697,0,39
2024-10-21,24759.65,24759.9,24739.95,24752.55,12:30:00,24766.318345546784,0,40
2024-10-21,24752.35,24761.2,24736.3,24759.35,12:35:00,24764.98802692328,0,41
2024-10-21,24760.3,24761.45,24736.25,24755.1,12:40:00,24764.54154816868,0,42
2024-10-21,24740.5,24762.25,24736.4,24760.25,12:45:00,24762.25187691452,0,43
2024-10-21,24745.65,24749.5,24729.05,24742.65,12:50:00,24760.670745779804,0,44
2024-10-21,24731.35,24748.15,24721.25,24747.7,12:55:00,24757.87829380077,0,45
2024-10-21,24730.95,24738.5,24720.4,24731.65,13:00:00,24755.31369439117,0,46
2024-10-21,24750.3,24750.3,24721.2,24736.95,13:05:00,24754.83619968725,0,47
2024-10-21,24751.7,24754.4,24741.85,24754.3,13:10:00,24754.53751400276,0,48
2024-10-21,24804.2,24805.15,24751.3,24751.4,13:15:00,24759.26727457392,0,49
2024-10-21,24794.2,24815.75,24792.45,24804.15,13:20:00,24762.59420080497,0,50
2024-10-21,24761.75,24797.9,24761.25,24796.45,13:25:00,24762.513800728306,0,51
2024-10-21,24767.4,24774.8,24760.4,24761.25,13:30:00,24762.97915303989,0,52
2024-10-21,24768.9,24773.95,24754.0,24768.1,13:35:00,24763.54304322657,0,53
2024-10-21,24778.65,24780.1,24760.85,24768.8,13:40:00,24764.98180101452,0,54
2024-10-21,24788.7,24789.5,24765.7,24778.95,13:45:00,24767.240677108373,0,55
2024-10-21,24807.2,24814.7,24783.95,24786.95,13:50:00,24771.046326907574,0,56
2024-10-21,24854.3,24855.1,24805.45,24809.05,13:55:00,24778.97524815447,0,57
2024-10-21,24847.85,24878.9,24847.7,24854.95,14:00:00,24785.53474833024,0,58
2024-10-21,24822.95,24851.8,24813.1,24848.2,14:05:00,24789.09810563212,0,59
2024-10-21,24819.7,24830.4,24810.85,24822.15,14:10:00,24792.012571762392,0,60
2024-10-21,24832.45,24835.0,24812.35,24820.3,14:15:00,24795.86375540407,0,61
2024-10-21,24851.2,24851.7,24825.8,24833.0,14:20:00,24801.13387393701,0,62
2024-10-21,24836.55,24853.45,24833.8,24851.0,14:25:00,24804.506838323963,0,63
2024-10-21,24860.55,24865.15,24836.7,24836.7,14:30:00,24809.84428229311,0,64
2024-10-21,24824.85,24870.0,24820.0,24861.05,14:35:00,24811.273398265195,0,65
2024-10-21,24831.45,24840.45,24823.2,24825.75,14:40:00,24813.1949793828,0,66
2024-10-21,24817.1,24832.95,24806.55,24831.7,14:45:00,24813.566886108245,0,67
2024-10-21,24814.55,24819.8,24804.5,24815.9,14:50:00,24813.660516002696,0,68
2024-10-21,24803.6,24828.75,24798.7,24815.15,14:55:00,24812.702371621486,0,69
2024-10-21,24775.25,24815.35,24773.9,24804.3,15:00:00,24809.135479086108,0,70
2024-10-21,24780.65,24786.85,24768.55,24775.2,15:05:00,24806.422576316003,0,71
2024-10-21,24791.25,24799.55,24782.25,24782.25,15:10:00,24804.977569047813,0,72
2024-10-21,24782.15,24791.8,24775.0,24790.9,15:15:00,24802.803514852785,0,73
2024-10-21,24765.3,24789.6,24765.3,24781.95,15:20:00,24799.23175153348,0,74
2024-10-21,24739.45,24768.15,24736.05,24765.2,15:25:00,24793.53825138743,0,75
2024-10-22,24832.4,24833.85,24758.75,24791.6,09:15:00,24797.67983843733,1,1
2024-10-22,24806.9,24853.55,24785.65,24835.85,09:20:00,24798.557949062342,1,2
2024-10-22,24817.35,24827.9,24794.1,24806.6,09:25:00,24800.347668199265,1,3
2024-10-22,24800.45,24824.65,24798.95,24818.3,09:30:00,24800.35741408505,1,4
2024-10-22,24816.45,24830.8,24798.35,24800.7,09:35:00,24801.890041315048,1,5
2024-10-22,24851.3,24852.55,24800.15,24818.0,09:40:00,24806.595751665995,1,6
2024-10-22,24840.8,24867.6,24840.3,24850.15,09:45:00,24809.85329912637,1,7
2024-10-22,24851.95,24856.0,24831.7,24841.1,09:50:00,24813.862508733386,1,8
2024-10-22,24858.75,24862.7,24841.4,24852.05,09:55:00,24818.13750790164,1,9
2024-10-22,24848.65,24881.75,24848.65,24858.75,10:00:00,24821.04345953005,1,10
2024-10-22,24818.65,24852.2,24815.55,24848.9,10:05:00,24820.81551100338,1,11
2024-10-22,24757.85,24827.45,24751.0,24818.05,10:10:00,24814.81879566972,1,12
2024-10-22,24719.75,24769.5,24706.45,24757.05,10:15:00,24805.76462465356,1,13
2024-10-22,24713.75,24735.3,24711.2,24719.6,10:20:00,24797.001327067508,1,14
2024-10-22,24638.75,24715.3,24638.75,24713.05,10:25:00,24781.9297721087,1,15
2024-10-22,24691.95,24691.95,24637.0,24639.7,10:30:00,24773.36027000311,1,16
2024-10-22,24681.0,24703.5,24660.8,24691.25,10:35:00,24764.564053812337,1,17
2024-10-22,24668.9,24704.6,24668.65,24682.1,10:40:00,24755.453191544497,1,18
2024-10-22,24698.3,24701.8,24657.45,24669.85,10:45:00,24750.01003044502,1,19
2024-10-22,24696.05,24722.1,24693.75,24700.2,10:50:00,24744.870979926447,1,20
2024-10-22,24718.8,24734.35,24692.8,24695.45,10:55:00,24742.388029457263,1,21
2024-10-22,24723.8,24734.5,24709.75,24718.65,11:00:00,24740.617740937523,1,22
2024-10-22,24729.0,24730.65,24703.35,24724.2,11:05:00,24739.511289419665,1,23
2024-10-22,24729.7,24741.45,24717.55,24729.75,11:10:00,24738.576880903507,1,24
2024-10-22,24713.05,24734.35,24712.0,24729.2,11:15:00,24736.14574938889,1,25
2024-10-22,24685.85,24713.65,24674.6,24713.65,11:20:00,24731.35567801852,1,26
2024-10-22,24696.5,24697.5,24682.0,24686.2,11:25:00,24728.0360896358,1,27
2024-10-22,24712.7,24726.85,24685.7,24696.15,11:30:00,24726.575509670485,1,28
2024-10-22,24671.65,24714.15,24666.35,24713.0,11:35:00,24721.344508749487,1,29
2024-10-22,24644.15,24670.1,24637.15,24670.1,11:40:00,24713.992650773343,1,30
2024-10-22,24639.85,24669.55,24633.1,24647.1,11:45:00,24706.931445937786,1,31
2024-10-22,24632.4,24655.05,24631.0,24639.35,11:50:00,24699.83321299133,1,32
2024-10-22,24683.1,24686.35,24627.7,24632.9,11:55:00,24698.239573658822,1,33
2024-10-22,24660.4,24696.25,24658.95,24683.05,12:00:00,24694.635804738937,1,34
2024-10-22,24665.85,24671.6,24657.6,24660.75,12:05:00,24691.894299525706,1,35
2024-10-22,24653.7,24670.05,24652.7,24665.65,12:10:00,24688.25674718992,1,36
2024-10-22,24652.15,24657.05,24641.85,24653.7,12:15:00,24684.81800936231,1,37
2024-10-22,24695.35,24702.0,24651.05,24652.45,12:20:00,24685.82105608971,1,38
2024-10-22,24641.15,24695.65,24635.9,24695.65,12:25:00,24681.56666979545,1,39
2024-10-22,24651.4,24653.8,24620.2,24641.05,12:30:00,24678.693653624458,1,40
2024-10-22,24628.55,24651.1,24615.55,24651.1,12:35:00,24673.918067564984,1,41
2024-10-22,24632.2,24636.0,24620.5,24628.05,12:40:00,24669.94491827308,1,42
2024-10-22,24607.5,24634.1,24607.5,24633.4,12:45:00,24663.99778319945,1,43
2024-10-22,24607.45,24619.55,24598.65,24607.8,12:50:00,24658.6122800376,1,44
2024-10-22,24622.8,24631.2,24602.25,24607.6,12:55:00,24655.201586700685,1,45
2024-10-22,24607.6,24623.75,24594.6,24622.8,13:00:00,24650.668102253,1,46
2024-10-22,24598.95,24616.7,24594.65,24607.3,13:05:00,24645.742568705096,1,47
2024-10-22,24621.6,24624.4,24588.6,24599.1,13:10:00,24643.44327644747,1,48
2024-10-22,24580.55,24622.05,24577.4,24621.9,13:15:00,24637.45344059533,1,49
2024-10-22,24586.1,24595.9,24572.2,24579.45,13:20:00,24632.562636729108,1,50
2024-10-22,24586.05,24590.1,24570.4,24586.8,13:25:00,24628.132861802525,1,51
2024-10-22,24600.1,24609.8,24586.45,24586.45,13:30:00,24625.463065440377,1,52
2024-10-22,24595.8,24600.15,24577.35,24600.15,13:35:00,24622.638011588915,1,53
2024-10-22,24592.0,24605.8,24586.35,24595.55,13:40:00,24619.720105723303,1,54
2024-10-22,24612.75,24614.0,24580.25,24591.75,13:45:00,24619.05628613061,1,55
2024-10-22,24610.55,24619.6,24600.7,24612.85,13:50:00,24618.246163641976,1,56
2024-10-22,24605.85,24615.5,24599.65,24611.25,13:55:00,24617.06557662845,1,57
2024-10-22,24589.9,24618.0,24589.9,24605.7,14:00:00,24614.47837885432,1,58
2024-10-22,24588.7,24592.6,24581.25,24591.15,14:05:00,24612.023295153907,1,59
2024-10-22,24632.55,24632.75,24585.6,24588.7,14:10:00,24613.978219424964,1,60
2024-10-22,24590.65,24633.45,24585.5,24633.0,14:15:00,24611.75648424164,1,61
2024-10-22,24592.45,24605.25,24585.05,24591.25,14:20:00,24609.91777145672,1,62
2024-10-22,24579.45,24592.85,24561.2,24592.5,14:25:00,24607.016078937035,1,63
2024-10-22,24568.35,24581.9,24566.25,24579.85,14:30:00,24603.333595228745,1,64
2024-10-22,24550.0,24569.15,24541.35,24568.7,14:35:00,24598.25420520696,1,65
2024-10-22,24554.8,24569.7,24549.25,24549.8,14:40:00,24594.11570947296,1,66
2024-10-22,24557.45,24562.85,24542.55,24554.75,14:45:00,24590.623737142203,1,67
2024-10-22,24524.65,24559.15,24524.65,24557.6,14:50:00,24584.340524081043,1,68
2024-10-22,24516.7,24528.45,24508.5,24525.25,14:55:00,24577.898569406658,1,69
2024-10-22,24474.75,24520.2,24472.55,24517.4,15:00:00,24568.07489612984,1,70
2024-10-22,24484.6,24489.0,24468.9,24474.55,15:05:00,24560.12490602223,1,71
2024-10-22,24449.35,24486.2,24446.55,24486.05,15:10:00,24549.57491497249,1,72
2024-10-22,24468.8,24469.75,24447.85,24448.1,15:15:00,24541.882065927493,1,73
2024-10-22,24483.2,24484.4,24467.65,24469.15,15:20:00,24536.293297743923,1,74
2024-10-22,24481.75,24486.6,24471.9,24482.0,15:25:00,24531.098697958787,1,75
2024-10-23,24511.95,24517.55,24399.35,24410.65,09:15:00,24516.09575955357,2,1
2024-10-23,24456.7,24516.75,24451.85,24511.65,09:20:00,24510.439020548463,2,2
2024-10-23,24490.7,24520.75,24442.4,24457.25,09:25:00,24508.559113829564,2,3
2024-10-23,24469.9,24495.4,24453.2,24490.5,09:30:00,24504.877293464844,2,4
2024-10-23,24411.15,24475.5,24408.35,24468.55,09:35:00,24495.95088456344,2,5
2024-10-23,24407.75,24424.0,24398.5,24410.55,09:40:00,24487.55080031929,2,6
2024-10-23,24496.75,24498.25,24407.1,24407.6,09:45:00,24488.4269145746,2,7
2024-10-23,24507.8,24528.95,24473.15,24495.15,09:50:00,24490.2719703294,2,8
2024-10-23,24501.5,24527.05,24492.05,24507.4,09:55:00,24491.341306488503,2,9
2024-10-23,24529.25,24538.85,24475.85,24501.05,10:00:00,24494.951658251503,2,10
2024-10-23,24519.95,24529.1,24498.65,24528.55,10:05:00,24497.332452703744,2,11
2024-10-23,24516.3,24526.2,24501.4,24518.8,10:10:00,24499.138885779576,2,12
2024-10-23,24545.5,24556.5,24511.45,24517.3,10:15:00,24503.554229991045,2,13
2024-10-23,24491.8,24546.95,24490.9,24546.95,10:20:00,24502.43477951571,2,14
2024-10-23,24495.1,24497.95,24455.0,24491.6,10:25:00,24501.73622908564,2,15
2024-10-23,24512.3,24527.85,24492.55,24495.0,10:30:00,24502.742302506056,2,16
2024-10-23,24532.65,24535.6,24499.3,24511.9,10:35:00,24505.59065464834,2,17
2024-10-23,24497.15,24533.45,24496.4,24531.65,10:40:00,24504.786782777068,2,18
2024-10-23,24531.65,24532.8,24493.8,24497.35,10:45:00,24507.345184417347,2,19
2024-10-23,24524.95,24544.6,24521.95,24530.35,10:50:00,24509.02183352046,2,20
2024-10-23,24532.8,24539.05,24516.45,24525.85,10:55:00,24511.286420804227,2,21
2024-10-23,24587.0,24595.35,24530.6,24532.55,11:00:00,24518.49723787049,2,22
2024-10-23,24569.4,24596.8,24566.65,24587.85,11:05:00,24523.345119978065,2,23
2024-10-23,24557.75,24569.9,24544.25,24569.8,11:10:00,24526.62177521825,2,24
2024-10-23,24565.15,24572.55,24550.55,24557.25,11:15:00,24530.29112995937,2,25
2024-10-23,24568.95,24574.55,24563.5,24566.4,11:20:00,24533.972927106097,2,26
2024-10-23,24571.0,24573.85,24549.15,24568.25,11:25:00,24537.49931500076,2,27
2024-10-23,24592.55,24596.25,24571.05,24571.05,11:30:00,24542.74223738164,2,28
2024-10-23,24567.95,24594.55,24562.8,24591.9,11:35:00,24545.142976678624,2,29
2024-10-23,24582.4,24589.2,24560.6,24568.25,11:40:00,24548.691264614,2,30
2024-10-23,24584.35,24603.95,24576.9,24582.1,11:45:00,24552.087334650754,2,31
2024-10-23,24586.95,24590.9,24576.95,24585.85,11:50:00,24555.407588493537,2,32
2024-10-23,24581.6,24594.3,24571.05,24587.05,11:55:00,24557.902103875105,2,33
2024-10-23,24580.9,24595.25,24570.15,24581.6,12:00:00,24560.09237969652,2,34
2024-10-23,24572.2,24582.6,24563.65,24580.3,12:05:00,24561.24548639209,2,35
2024-10-23,24539.35,24572.15,24529.2,24572.05,12:10:00,24559.160201973795,2,36
2024-10-23,24529.65,24540.8,24502.8,24539.8,12:15:00,24556.34970654772,2,37
2024-10-23,24539.95,24542.25,24520.25,24530.3,12:20:00,24554.78782973365,2,38
2024-10-23,24533.6,24542.35,24520.75,24540.2,12:25:00,24552.769941187587,2,39
2024-10-23,24555.75,24558.35,24529.55,24533.3,12:30:00,24553.053756312576,2,40
2024-10-23,24562.95,24565.35,24542.1,24555.6,12:35:00,24553.996255711376,2,41
2024-10-23,24556.5,24569.5,24551.5,24562.3,12:40:00,24554.23470754839,2,42
2024-10-23,24573.15,24582.75,24553.1,24557.1,12:45:00,24556.036163972352,2,43
2024-10-23,24566.7,24584.1,24565.95,24573.25,12:50:00,24557.05176740356,2,44
2024-10-23,24558.1,24569.7,24557.1,24566.8,12:55:00,24557.151599079407,2,45
2024-10-23,24554.1,24567.6,24541.0,24558.15,13:00:00,24556.86097059565,2,46
2024-10-23,24558.3,24563.3,24552.8,24555.3,13:05:00,24556.99802101512,2,47
2024-10-23,24547.2,24558.85,24540.05,24557.95,13:10:00,24556.06487615653,2,48
2024-10-23,24547.8,24550.45,24535.85,24547.35,13:15:00,24555.277745094005,2,49
2024-10-23,24543.45,24548.35,24533.25,24547.8,13:20:00,24554.15129318029,2,50
2024-10-23,24544.3,24547.25,24532.2,24543.45,13:25:00,24553.213074782165,2,51
2024-10-23,24547.35,24551.95,24528.5,24544.1,13:30:00,24552.654686707672,2,52
2024-10-23,24532.5,24566.85,24526.95,24545.5,13:35:00,24550.73519273552,2,53
2024-10-23,24543.8,24544.35,24521.9,24532.65,13:40:00,24550.07469818928,2,54
2024-10-23,24535.5,24550.05,24530.1,24543.75,13:45:00,24548.68663169506,2,55
2024-10-23,24533.85,24549.15,24528.0,24535.35,13:50:00,24547.273619152675,2,56
2024-10-23,24530.2,24538.55,24526.55,24534.55,13:55:00,24545.64756018576,2,57
2024-10-23,24523.35,24535.7,24521.55,24530.95,14:00:00,24543.523983025203,2,58
2024-10-23,24518.5,24541.15,24518.05,24522.8,14:05:00,24541.14074654661,2,59
2024-10-23,24485.4,24519.35,24481.75,24517.7,14:10:00,24535.83210401836,2,60
2024-10-23,24473.35,24488.65,24465.7,24487.05,14:15:00,24529.881427445183,2,61
2024-10-23,24445.0,24474.0,24434.9,24474.0,14:20:00,24521.79748197421,2,62
2024-10-23,24455.65,24474.4,24442.3,24444.3,14:25:00,24515.49772178619,2,63
2024-10-23,24454.3,24466.6,24448.65,24455.7,14:30:00,24509.669367330363,2,64
2024-10-23,24436.5,24464.7,24425.55,24453.7,14:35:00,24502.700856156043,2,65
2024-10-23,24429.5,24446.5,24423.75,24435.75,14:40:00,24495.729346045948,2,66
2024-10-23,24449.3,24453.05,24422.4,24428.65,14:45:00,24491.307503565386,2,67
2024-10-23,24445.15,24457.85,24440.55,24448.3,14:50:00,24486.911550844867,2,68
2024-10-23,24447.85,24447.85,24432.35,24444.1,14:55:00,24483.19140314536,2,69
2024-10-23,24451.15,24461.85,24434.05,24448.35,15:00:00,24480.13984094104,2,70
2024-10-23,24441.95,24458.2,24431.45,24451.6,15:05:00,24476.502713232367,2,71
2024-10-23,24427.2,24446.45,24425.15,24442.35,15:10:00,24471.807216734047,2,72
2024-10-23,24430.35,24435.35,24417.1,24426.8,15:15:00,24467.858910378425,2,73
2024-10-23,24424.6,24432.05,24420.45,24429.75,15:20:00,24463.739014151903,2,74
2024-10-23,24436.0,24441.0,24423.4,24423.75,15:25:00,24461.097203280297,2,75
2024-10-24,24437.7,24478.9,24421.95,24439.25,09:15:00,24454.69861765122,3,1
2024-10-24,24430.75,24463.7,24400.95,24435.45,09:20:00,24452.41779692253,3,2
2024-10-24,24409.35,24434.8,24402.7,24431.15,09:25:00,24448.31610197753,3,3
2024-10-24,24395.65,24425.55,24382.3,24410.3,09:30:00,24443.300282741577,3,4
2024-10-24,24366.0,24401.7,24361.2,24397.0,09:35:00,24435.9383510519,3,5
2024-10-24,24362.2,24371.95,24342.1,24366.7,09:40:00,24428.91565095172,3,6
2024-10-24,24354.6,24374.75,24351.95,24362.15,09:45:00,24421.83796990869,3,7
2024-10-24,24379.65,24385.5,24351.55,24355.7,09:50:00,24417.820068012632,3,8
2024-10-24,24409.6,24413.2,24378.7,24380.55,09:55:00,24417.03720439238,3,9
2024-10-24,24416.65,24427.9,24401.85,24409.25,10:00:00,24417.000327783586,3,10
2024-10-24,24443.65,24449.4,24410.45,24416.6,10:05:00,24419.5383918042,3,11
2024-10-24,24445.7,24450.9,24429.45,24444.2,10:10:00,24422.029973537134,3,12
2024-10-24,24431.75,24451.65,24422.65,24446.0,10:15:00,24422.95569034312,3,13
2024-10-24,24430.85,24437.0,24422.4,24431.5,10:20:00,24423.70752935806,3,14
2024-10-24,24435.95,24442.75,24423.2,24430.85,10:25:00,24424.873478943005,3,15
2024-10-24,24433.15,24440.0,24418.45,24436.4,10:30:00,24425.66171904368,3,16
2024-10-24,24429.75,24433.55,24412.75,24431.35,10:35:00,24426.051079134755,3,17
2024-10-24,24424.25,24437.1,24423.2,24429.3,10:40:00,24425.879547788587,3,18
2024-10-24,24420.4,24431.1,24412.9,24424.35,10:45:00,24425.35768609444,3,19
2024-10-24,24424.25,24426.0,24412.65,24420.85,10:50:00,24425.252192180684,3,20
2024-10-24,24405.6,24424.55,24404.45,24423.1,10:55:00,24423.380554830143,3,21
2024-10-24,24408.5,24414.15,24401.8,24407.4,11:00:00,24421.96335913203,3,22
2024-10-24,24398.5,24413.25,24394.9,24409.1,11:05:00,24419.72875350041,3,23
2024-10-24,24398.0,24402.3,24394.8,24397.8,11:10:00,24417.659348405134,3,24
2024-10-24,24397.5,24404.35,24392.45,24398.0,11:15:00,24415.739410461785,3,25
2024-10-24,24406.15,24408.35,24397.45,24397.75,11:20:00,24414.82613327495,3,26
2024-10-24,24407.6,24415.6,24402.1,24406.95,11:25:00,24414.137930105902,3,27
2024-10-24,24415.95,24419.0,24403.9,24408.4,11:30:00,24414.31050819105,3,28
2024-10-24,24418.4,24420.55,24412.1,24416.2,11:35:00,24414.69998360144,3,29
2024-10-24,24418.0,24421.2,24414.1,24418.4,11:40:00,24415.014270877487,3,30
2024-10-24,24413.85,24418.5,24409.25,24417.75,11:45:00,24414.90338793677,3,31
2024-10-24,24409.5,24416.6,24406.25,24413.6,11:50:00,24414.388779561847,3,32
2024-10-24,24412.85,24415.65,24404.6,24408.85,11:55:00,24414.242229127383,3,33
2024-10-24,24407.0,24413.25,24400.0,24412.0,12:00:00,24413.55249302001,3,34
2024-10-24,24399.85,24408.25,24397.55,24405.8,12:05:00,24412.247493684776,3,35
2024-10-24,24402.8,24409.7,24399.5,24399.5,12:10:00,24411.347732381462,3,36
2024-10-24,24403.65,24405.35,24396.6,24402.75,12:15:00,24410.6146150118,3,37
2024-10-24,24403.35,24409.3,24398.35,24403.1,12:20:00,24409.92274691544,3,38
2024-10-24,24402.2,24405.05,24398.1,24401.95,12:25:00,24409.187247209204,3,39
2024-10-24,24407.4,24407.6,24399.35,24401.85,12:30:00,24409.01703318928,3,40
2024-10-24,24405.95,24412.6,24405.35,24407.55,12:35:00,24408.72493479029,3,41
2024-10-24,24413.25,24417.65,24400.85,24406.1,12:40:00,24409.155893381696,3,42
2024-10-24,24403.25,24416.9,24402.65,24412.55,12:45:00,24408.593427345342,3,43
2024-10-24,24397.95,24408.6,24395.4,24403.0,12:50:00,24407.57976759817,3,44
2024-10-24,24400.5,24404.0,24395.15,24397.4,12:55:00,24406.905504017395,3,45
2024-10-24,24400.75,24403.15,24396.15,24400.4,13:00:00,24406.319265539547,3,46
2024-10-24,24400.65,24403.0,24393.85,24399.85,13:05:00,24405.779335488165,3,47
2024-10-24,24395.25,24400.25,24391.85,24399.65,13:10:00,24404.77654163215,3,48
2024-10-24,24401.85,24405.85,24394.9,24395.3,13:15:00,24404.49782338147,3,49
2024-10-24,24398.7,24406.75,24397.1,24401.65,13:20:00,24403.94564972609,3,50
2024-10-24,24396.1,24401.85,24394.6,24397.75,13:25:00,24403.19844499028,3,51
2024-10-24,24393.55,24397.85,24386.9,24395.1,13:30:00,24402.27954546739,3,52
2024-10-24,24393.8,24397.45,24385.7,24393.6,13:35:00,24401.4719697086,3,53
2024-10-24,24390.55,24398.05,24389.6,24394.5,13:40:00,24400.4317821173,3,54
2024-10-24,24400.95,24400.95,24387.3,24392.75,13:45:00,24400.481136201368,3,55
2024-10-24,24401.15,24405.8,24398.6,24400.15,13:50:00,24400.544837515525,3,56
2024-10-24,24394.25,24404.65,24388.15,24402.2,13:55:00,24399.94532918071,3,57
2024-10-24,24384.5,24403.85,24381.85,24394.35,14:00:00,24398.474345449213,3,58
2024-10-24,24389.8,24392.45,24384.15,24384.2,14:05:00,24397.64821731119,3,59
2024-10-24,24386.3,24392.65,24383.75,24388.5,14:10:00,24396.567434710127,3,60
2024-10-24,24382.2,24389.75,24378.6,24386.1,14:15:00,24395.199107594875,3,61
2024-10-24,24369.1,24387.35,24367.8,24382.3,14:20:00,24392.713478300124,3,62
2024-10-24,24382.3,24388.65,24368.05,24370.45,14:25:00,24391.721718462017,3,63
2024-10-24,24388.8,24399.8,24382.15,24382.15,14:30:00,24391.44345956088,3,64
2024-10-24,24400.65,24401.45,24388.5,24388.6,14:35:00,24392.320272936027,3,65
2024-10-24,24400.2,24404.7,24385.65,24402.0,14:40:00,24393.0707231326,3,66
2024-10-24,24406.3,24407.35,24388.2,24400.8,14:45:00,24394.330654262823,3,67
2024-10-24,24400.1,24407.3,24394.7,24406.35,14:50:00,24394.8801157616,3,68
2024-10-24,24399.35,24405.65,24394.05,24400.75,14:55:00,24395.3058190224,3,69
2024-10-24,24406.6,24415.45,24393.25,24400.1,15:00:00,24396.381455305986,3,70
2024-10-24,24398.7,24419.05,24387.05,24405.85,15:05:00,24396.602269086365,3,71
2024-10-24,24398.6,24399.6,24389.3,24398.15,15:10:00,24396.792529173377,3,72
2024-10-24,24402.25,24409.65,24398.0,24398.6,15:15:00,24397.312288299723,3,73
2024-10-24,24405.95,24408.45,24395.8,24401.4,15:20:00,24398.13492750928,3,74
2024-10-24,24414.6,24417.65,24402.95,24407.3,15:25:00,24399.70302965125,3,75
2024-10-25,24415.2,24433.15,24373.6,24418.05,09:15:00,24402.75984966916,4,1
2024-10-25,24391.7,24414.95,24387.05,24412.95,09:20:00,24401.70653065305,4,2
2024-10-25,24433.95,24440.0,24393.2,24393.2,09:25:00,24404.77733725752,4,3
2024-10-25,24373.3,24433.35,24357.0,24433.35,09:30:00,24401.779495613948,4,4
2024-10-25,24329.05,24381.9,24328.1,24372.55,09:35:00,24394.85287698405,4,5
2024-10-25,24333.3,24340.0,24312.85,24328.4,09:40:00,24388.990698223664,4,6
2024-10-25,24304.95,24369.15,24301.05,24333.45,09:45:00,24380.98682220236,4,7
2024-10-25,24277.8,24323.7,24276.7,24305.55,09:50:00,24371.159505802138,4,8
2024-10-25,24251.7,24296.35,24249.1,24278.05,09:55:00,24359.78241001146,4,9
2024-10-25,24256.55,24268.85,24245.2,24250.85,10:00:00,24349.95075191513,4,10
2024-10-25,24239.8,24277.2,24238.65,24255.7,10:05:00,24339.46020411369,4,11
2024-10-25,24237.75,24253.95,24234.4,24239.7,10:10:00,24329.773518007623,4,12
2024-10-25,24240.6,24254.2,24228.25,24238.85,10:15:00,24321.2808020069,4,13
2024-10-25,24251.0,24268.7,24239.55,24240.05,10:20:00,24314.58739229196,4,14
2024-10-25,24212.0,24254.1,24212.0,24249.95,10:25:00,24304.817164454627,4,15
2024-10-25,24215.2,24226.9,24208.4,24214.5,10:30:00,24296.28219641133,4,16
2024-10-25,24208.65,24224.55,24206.4,24215.35,10:35:00,24287.936272943585,4,17
2024-10-25,24188.8,24211.15,24183.55,24208.95,10:40:00,24278.49472313944,4,18
2024-10-25,24162.85,24189.4,24153.6,24187.5,10:45:00,24267.4809399833,4,19
2024-10-25,24126.2,24170.65,24115.55,24162.3,10:50:00,24254.025612365844,4,20
2024-10-25,24155.8,24160.35,24113.3,24126.3,10:55:00,24244.670792140525,4,21
2024-10-25,24165.55,24184.7,24143.55,24155.15,11:00:00,24237.135478603333,4,22
2024-10-25,24150.65,24176.95,24142.15,24164.8,11:05:00,24228.8987663554,4,23
2024-10-25,24169.0,24171.85,24137.4,24151.55,11:10:00,24223.1941219406,4,24
2024-10-25,24197.75,24204.4,24152.3,24170.0,11:15:00,24220.77087223197,4,25
2024-10-25,24188.6,24213.75,24183.7,24197.65,11:20:00,24217.70697963845,4,26
2024-10-25,24147.9,24189.4,24146.3,24188.15,11:25:00,24211.05869586336,4,27
2024-10-25,24132.9,24153.1,24131.65,24147.35,11:30:00,24203.615010543035,4,28
2024-10-25,24154.85,24154.85,24128.35,24132.65,11:35:00,24198.97072382465,4,29
2024-10-25,24149.75,24161.65,24141.0,24155.6,11:40:00,24194.283035841352,4,30
2024-10-25,24146.55,24164.4,24136.35,24149.7,11:45:00,24189.737032427893,4,31
2024-10-25,24130.65,24147.85,24123.8,24146.55,11:50:00,24184.10969600619,4,32
2024-10-25,24144.8,24156.95,24128.6,24131.25,11:55:00,24180.365915434173,4,33
2024-10-25,24154.75,24157.5,24132.5,24145.35,12:00:00,24177.926304440443,4,34
2024-10-25,24148.7,24163.6,24144.9,24154.55,12:05:00,24175.14284687469,4,35
2024-10-25,24136.05,24153.95,24134.85,24149.5,12:10:00,24171.41971860091,4,36
2024-10-25,24134.7,24139.5,24119.25,24137.75,12:15:00,24167.92260254368,4,37
2024-10-25,24102.45,24148.25,24102.45,24135.45,12:20:00,24161.68711658713,4,38
2024-10-25,24120.9,24121.25,24094.55,24101.45,12:25:00,24157.802629293124,4,39
2024-10-25,24129.1,24132.05,24109.65,24120.85,12:30:00,24155.06904555092,4,40
2024-10-25,24119.4,24134.4,24114.6,24130.25,12:35:00,24151.67199359369,4,41
2024-10-25,24120.95,24144.9,24116.45,24119.35,12:40:00,24148.74608944191,4,42
2024-10-25,24117.65,24137.25,24117.0,24121.95,12:45:00,24145.784557114108,4,43
2024-10-25,24117.1,24127.8,24106.9,24119.1,12:50:00,24143.05269453181,4,44
2024-10-25,24135.55,24139.15,24117.25,24118.0,12:55:00,24142.338152195443,4,45
2024-10-25,24120.35,24140.7,24116.0,24136.55,13:00:00,24140.244042462546,4,46
2024-10-25,24130.45,24134.55,24115.7,24121.35,13:05:00,24139.31127651373,4,47
2024-10-25,24126.25,24131.55,24117.5,24130.0,13:10:00,24138.06734541719,4,48
2024-10-25,24113.6,24132.55,24112.95,24126.55,13:15:00,24135.737122044124,4,49
2024-10-25,24103.95,24120.15,24099.7,24113.75,13:20:00,24132.70977708754,4,50
2024-10-25,24111.9,24114.2,24097.4,24104.45,13:25:00,24130.72789355539,4,51
2024-10-25,24106.25,24121.6,24102.4,24111.85,13:30:00,24128.39666559773,4,52
2024-10-25,24101.7,24121.05,24097.45,24107.0,13:35:00,24125.854126017,4,53
2024-10-25,24130.2,24131.2,24093.3,24101.85,13:40:00,24126.26801877729,4,54
2024-10-25,24116.05,24134.2,24115.5,24130.15,13:45:00,24125.29487413183,4,55
2024-10-25,24118.6,24129.1,24115.65,24116.6,13:50:00,24124.657267071656,4,56
2024-10-25,24107.65,24121.75,24104.55,24120.45,13:55:00,24123.037527350545,4,57
2024-10-25,24107.6,24113.35,24098.3,24108.75,14:00:00,24121.567286650494,4,58
2024-10-25,24120.15,24123.5,24101.65,24107.95,14:05:00,24121.43230696949,4,59
2024-10-25,24101.6,24123.3,24098.5,24120.95,14:10:00,24119.543515829544,4,60
2024-10-25,24095.4,24107.25,24089.85,24101.6,14:15:00,24117.244133369582,4,61
2024-10-25,24083.5,24099.25,24073.95,24095.55,14:20:00,24114.030406382008,4,62
2024-10-25,24085.35,24088.8,24075.6,24083.8,14:25:00,24111.298939107528,4,63
2024-10-25,24093.15,24097.2,24077.15,24086.1,14:30:00,24109.57046871633,4,64
2024-10-25,24087.0,24099.1,24081.65,24093.0,14:35:00,24107.42090026716,4,65
2024-10-25,24093.05,24097.1,24076.55,24087.1,14:40:00,24106.052243098857,4,66
2024-10-25,24121.2,24124.4,24091.05,24093.35,14:45:00,24107.49488661325,4,67
2024-10-25,24138.0,24155.55,24113.15,24121.3,14:50:00,24110.400135507225,4,68
2024-10-25,24140.7,24144.35,24119.55,24135.4,14:55:00,24113.285836887488,4,69
2024-10-25,24145.45,24161.25,24126.75,24143.65,15:00:00,24116.34909051725,4,70
2024-10-25,24148.1,24149.1,24135.1,24143.85,15:05:00,24119.372986658465,4,71
2024-10-25,24172.3,24179.4,24143.15,24145.85,15:10:00,24124.41365459575,4,72
2024-10-25,24207.9,24215.35,24171.4,24172.4,15:15:00,24132.36473511044,4,73
2024-10-25,24219.15,24223.25,24206.3,24208.15,15:20:00,24140.62999843325,4,74
2024-10-25,24210.85,24225.55,24204.65,24220.95,15:25:00,24147.317617630088,4,75
2024-10-28,24249.65,24288.9,24232.7,24262.15,09:15:00,24166.00625842281,0,1
2024-10-28,24272.95,24275.2,24231.05,24248.8,09:20:00,24176.191376668263,0,2
2024-10-28,24215.75,24274.85,24213.55,24269.5,09:25:00,24179.95886460462,0,3
2024-10-28,24202.25,24224.7,24172.35,24216.7,09:30:00,24182.08182988037,0,4
2024-10-28,24188.65,24214.1,24173.4,24202.3,09:35:00,24182.707369891767,0,5
2024-10-28,24148.85,24198.4,24145.85,24187.45,09:40:00,24179.4828584735,0,6
2024-10-28,24174.95,24214.1,24135.3,24147.9,09:45:00,24179.0511576665,0,7
2024-10-28,24257.1,24258.7,24169.75,24172.45,09:50:00,24186.48438074588,0,8
2024-10-28,24287.95,24295.4,24253.45,24258.25,09:55:00,24196.1477730558,0,9
2024-10-28,24256.65,24300.1,24252.9,24288.9,10:00:00,24201.909889907627,0,10
2024-10-28,24258.75,24277.5,24243.3,24255.25,10:05:00,24207.323233725947,0,11
2024-10-28,24291.8,24294.65,24249.1,24257.15,10:10:00,24215.368640037763,0,12
2024-10-28,24361.65,24362.8,24292.4,24292.65,10:15:00,24229.300198129407,0,13
2024-10-28,24389.25,24393.65,24360.6,24361.95,10:20:00,24244.533512593272,0,14
2024-10-28,24376.95,24396.25,24370.35,24390.4,10:25:00,24257.14460663201,0,15
2024-10-28,24385.5,24391.5,24366.65,24377.6,10:30:00,24269.36892980992,0,16
2024-10-28,24416.2,24419.3,24383.1,24385.45,10:35:00,24283.352841256587,0,17
2024-10-28,24419.35,24428.6,24411.05,24415.95,10:40:00,24296.3049516131,0,18
2024-10-28,24434.95,24439.95,24420.2,24420.2,10:45:00,24309.50924193566,0,19
2024-10-28,24423.65,24439.55,24420.1,24433.95,10:50:00,24320.37979032274,0,20
2024-10-28,24401.7,24426.9,24393.2,24423.15,10:55:00,24328.124572196764,0,21
2024-10-28,24379.8,24408.55,24367.0,24402.3,11:00:00,24333.04604151136,0,22
2024-10-28,24373.2,24382.85,24359.9,24379.85,11:05:00,24336.870228034084,0,23
2024-10-28,24399.35,24400.65,24356.4,24372.9,11:10:00,24342.82068250703,0,24
2024-10-28,24400.4,24418.05,24396.4,24399.6,11:15:00,24348.30442703017,0,25
2024-10-28,24403.65,24412.55,24389.75,24399.7,11:20:00,24353.57543397968,0,26
2024-10-28,24405.45,24407.7,24399.0,24402.65,11:25:00,24358.51586883876,0,27
2024-10-28,24403.55,24418.8,24397.55,24404.8,11:30:00,24362.804833711256,0,28
2024-10-28,24412.75,24412.75,24394.45,24403.6,11:35:00,24367.561516214944,0,29
2024-10-28,24427.85,24428.55,24412.3,24412.75,11:40:00,24373.303276575425,0,30
2024-10-28,24428.3,24430.4,24422.85,24427.65,11:45:00,24378.54105975872,0,31
2024-10-28,24420.35,24433.75,24418.65,24428.85,11:50:00,24382.52286359122,0,32
2024-10-28,24418.6,24421.85,24410.3,24421.85,11:55:00,24385.95878134444,0,33
2024-10-28,24420.75,24421.6,24402.7,24417.85,12:00:00,24389.272230740204,0,34
2024-10-28,24435.0,24438.15,24419.55,24421.15,12:05:00,24393.627256384,0,35
2024-10-28,24480.5,24481.0,24430.65,24435.35,12:10:00,24401.90085101409,0,36
2024-10-28,24460.7,24484.4,24457.5,24480.3,12:15:00,24407.50076996513,0,37
2024-10-28,24463.5,24474.95,24453.35,24461.65,12:20:00,24412.83402996845,0,38
2024-10-28,24479.15,24479.75,24461.3,24464.75,12:25:00,24419.14983663812,0,39
2024-10-28,24488.7,24492.6,24471.75,24477.75,12:30:00,24425.773661720203,0,40
2024-10-28,24479.95,24490.1,24474.45,24489.6,12:35:00,24430.933312984947,0,41
2024-10-28,24451.8,24486.35,24450.85,24480.4,12:40:00,24432.92061651019,0,42
2024-10-28,24425.65,24456.6,24424.15,24450.45,12:45:00,24432.22817684256,0,43
2024-10-28,24418.8,24428.25,24396.0,24427.95,12:50:00,24430.949302857545,0,44
2024-10-28,24428.35,24430.95,24406.9,24418.8,12:55:00,24430.701750204447,0,45
2024-10-28,24410.85,24430.45,24404.3,24429.6,13:00:00,24428.81110732783,0,46
2024-10-28,24424.3,24429.05,24408.55,24409.0,13:05:00,24428.38147805852,0,47
2024-10-28,24421.55,24443.3,24417.95,24423.75,13:10:00,24427.73086110056,0,48
2024-10-28,24425.65,24440.9,24417.05,24423.55,13:15:00,24427.53268385289,0,49
2024-10-28,24455.05,24455.05,24422.75,24426.6,13:20:00,24430.153380628803,0,50
2024-10-28,24436.4,24459.3,24430.65,24454.85,13:25:00,24430.7482967594,0,51
2024-10-28,24435.05,24437.55,24419.25,24437.3,13:30:00,24431.157982782308,0,52
2024-10-28,24412.05,24436.7,24406.1,24436.0,13:35:00,24429.33817489828,0,53
2024-10-28,24418.0,24421.45,24405.15,24413.35,13:40:00,24428.25834871749,0,54
2024-10-28,24429.75,24433.7,24416.85,24417.35,13:45:00,24428.4004107444,0,55
2024-10-28,24404.85,24436.4,24401.85,24429.35,13:50:00,24426.157514483028,0,56
2024-10-28,24416.25,24417.2,24402.25,24404.9,13:55:00,24425.21394167512,0,57
2024-10-28,24374.2,24422.8,24368.45,24416.15,14:00:00,24420.35547103939,0,58
2024-10-28,24391.1,24402.95,24367.4,24374.65,14:05:00,24417.569235702307,0,59
2024-10-28,24382.4,24396.55,24375.05,24394.85,14:10:00,24414.21978468304,0,60
2024-10-28,24373.05,24388.3,24371.95,24381.9,14:15:00,24410.298852808464,0,61
2024-10-28,24381.5,24381.5,24367.1,24373.1,14:20:00,24407.556104921943,0,62
2024-10-28,24373.7,24392.0,24370.15,24381.35,14:25:00,24404.331713977,0,63
2024-10-28,24396.3,24400.15,24372.45,24373.95,14:30:00,24403.56678883633,0,64
2024-10-28,24418.25,24418.8,24394.65,24396.05,14:35:00,24404.965189899536,0,65
2024-10-28,24398.25,24423.45,24396.05,24417.4,14:40:00,24404.325648004346,0,66
2024-10-28,24399.85,24409.85,24392.05,24399.65,14:45:00,24403.89939581345,0,67
2024-10-28,24394.2,24410.0,24390.55,24399.9,14:50:00,24402.97564383121,0,68
2024-10-28,24396.3,24404.7,24383.95,24394.1,14:55:00,24402.33986822825,0,69
2024-10-28,24307.65,24395.2,24307.4,24393.35,15:00:00,24393.32178553984,0,70
2024-10-28,24331.0,24342.05,24305.75,24307.15,15:05:00,24387.386377393188,0,71
2024-10-28,24343.9,24344.75,24319.7,24332.6,15:10:00,24383.24481764146,0,72
2024-10-28,24338.05,24352.15,24330.4,24344.4,15:15:00,24378.940549294653,0,73
2024-10-28,24350.5,24358.4,24337.2,24338.55,15:20:00,24376.231925552303,0,74
2024-10-28,24367.7,24368.75,24343.75,24352.75,15:25:00,24375.41936121399,0,75
2024-10-29,24293.65,24370.2,24252.7,24349.8,09:15:00,24363.6190235788,1,1
2024-10-29,24276.35,24291.1,24261.2,24291.0,09:20:00,24355.307687999863,1,2
2024-10-29,24262.5,24310.65,24251.7,24276.4,09:25:00,24346.46886057131,1,3
2024-10-29,24252.25,24287.1,24240.3,24261.05,09:30:00,24337.495635755,1,4
2024-10-29,24220.2,24258.95,24220.2,24252.7,09:35:00,24326.32462282595,1,5
2024-10-29,24218.2,24234.05,24207.3,24218.95,09:40:00,24316.027039699668,1,6
2024-10-29,24197.9,24241.8,24193.6,24217.0,09:45:00,24304.77684544256,1,7
2024-10-29,24205.3,24240.1,24195.35,24197.65,09:50:00,24295.302860162312,1,8
2024-10-29,24212.55,24216.45,24194.5,24208.05,09:55:00,24287.421635384948,1,9
2024-10-29,24209.55,24216.05,24190.0,24212.8,10:00:00,24280.005289157813,1,10
2024-10-29,24173.9,24210.35,24158.7,24208.6,10:05:00,24269.900023523736,1,11
2024-10-29,24225.15,24230.7,24166.55,24174.5,10:10:00,24265.63811652148,1,12
2024-10-29,24205.05,24229.15,24196.15,24226.1,10:15:00,24259.867819709907,1,13
2024-10-29,24223.45,24224.2,24202.45,24204.65,10:20:00,24256.39945592801,1,14
2024-10-29,24222.8,24242.5,24213.5,24222.8,10:25:00,24253.1995077444,1,15
2024-10-29,24177.05,24222.9,24176.8,24220.8,10:30:00,24245.9471736735,1,16
2024-10-29,24183.5,24196.45,24173.75,24177.4,10:35:00,24239.99982379984,1,17
2024-10-29,24170.65,24187.55,24170.15,24183.05,10:40:00,24233.39507867604,1,18
2024-10-29,24156.2,24173.6,24140.95,24170.5,10:45:00,24226.04316642118,1,19
2024-10-29,24183.35,24187.5,24156.1,24156.85,10:50:00,24221.977150571543,1,20
2024-10-29,24206.15,24209.35,24174.2,24183.0,10:55:00,24220.46980289806,1,21
2024-10-29,24179.9,24206.45,24168.35,24205.9,11:00:00,24216.60601214586,1,22
2024-10-29,24187.85,24197.75,24175.8,24179.85,11:05:00,24213.867344322443,1,23
2024-10-29,24192.15,24198.45,24171.1,24186.95,11:10:00,24211.799025815544,1,24
2024-10-29,24178.65,24199.5,24178.2,24194.4,11:15:00,24208.641975737875,1,25
2024-10-29,24194.0,24196.95,24178.0,24178.75,11:20:00,24207.24750185808,1,26
2024-10-29,24190.2,24202.55,24188.35,24192.85,11:25:00,24205.623930252543,1,27
2024-10-29,24181.25,24192.25,24177.95,24190.15,11:30:00,24203.302603561828,1,28
2024-10-29,24226.5,24236.35,24180.15,24182.05,11:35:00,24205.511879413083,1,29
2024-10-29,24239.7,24246.95,24225.0,24226.35,11:40:00,24208.76789089755,1,30
2024-10-29,24236.05,24256.0,24227.55,24239.15,11:45:00,24211.366187002543,1,31
2024-10-29,24238.4,24241.75,24223.7,24237.2,11:50:00,24213.94083585945,1,32
2024-10-29,24231.3,24252.3,24230.75,24237.45,11:55:00,24215.59408958712,1,33
2024-10-29,24279.3,24286.9,24232.15,24232.15,12:00:00,24221.66131915025,1,34
2024-10-29,24275.6,24281.45,24260.85,24281.2,12:05:00,24226.79833637404,1,35
2024-10-29,24293.75,24294.55,24265.35,24276.85,12:10:00,24233.1746852908,1,36
2024-10-29,24304.95,24306.05,24289.65,24293.6,12:15:00,24240.010429548816,1,37
2024-10-29,24285.3,24310.0,24283.2,24303.0,12:20:00,24244.32372197273,1,38
2024-10-29,24274.65,24295.35,24272.95,24285.55,12:25:00,24247.21193892772,1,39
2024-10-29,24287.65,24297.05,24270.75,24274.5,12:30:00,24251.06318283936,1,40
2024-10-29,24285.9,24295.7,24274.2,24286.9,12:35:00,24254.380974949898,1,41
2024-10-29,24303.95,24305.4,24285.8,24285.85,12:40:00,24259.10183447848,1,42
2024-10-29,24300.15,24305.15,24292.7,24303.9,12:45:00,24263.011183575767,1,43
2024-10-29,24314.6,24330.35,24298.45,24301.05,12:50:00,24267.9244041876,1,44
2024-10-29,24321.9,24330.55,24305.45,24315.1,12:55:00,24273.064937122115,1,45
2024-10-29,24344.9,24344.9,24321.65,24321.8,13:00:00,24279.906371681915,1,46
2024-10-29,24341.6,24346.8,24328.65,24344.75,13:05:00,24285.78195533125,1,47
2024-10-29,24323.3,24343.7,24315.55,24342.65,13:10:00,24289.355102442565,1,48
2024-10-29,24321.5,24333.65,24315.6,24325.4,13:15:00,24292.41652125756,1,49
2024-10-29,24292.5,24326.35,24273.65,24320.1,13:20:00,24292.42447161398,1,50
2024-10-29,24308.65,24311.75,24282.45,24292.15,13:25:00,24293.96976003169,1,51
2024-10-29,24296.1,24317.4,24295.0,24306.8,13:30:00,24294.172640028675,1,52
2024-10-29,24275.3,24299.1,24269.1,24295.55,13:35:00,24292.37524574023,1,53
2024-10-29,24300.25,24302.0,24271.3,24274.2,13:40:00,24293.1252223364,1,54
2024-10-29,24284.7,24311.1,24283.3,24299.8,13:45:00,24292.322820209123,1,55
2024-10-29,24292.7,24303.9,24279.05,24284.95,13:50:00,24292.35874209397,1,56
2024-10-29,24321.5,24321.5,24291.1,24292.6,13:55:00,24295.134099989777,1,57
2024-10-29,24373.2,24382.3,24321.75,24321.75,14:00:00,24302.5689476098,1,58
2024-10-29,24413.55,24414.45,24373.2,24373.2,14:05:00,24313.13857164696,1,59
2024-10-29,24417.5,24418.15,24403.65,24413.7,14:10:00,24323.07775529963,1,60
2024-10-29,24425.35,24439.1,24413.0,24417.0,14:15:00,24332.817969080617,1,61
2024-10-29,24431.65,24441.6,24423.65,24425.0,14:20:00,24342.23054345389,1,62
2024-10-29,24417.5,24432.5,24412.05,24431.5,14:25:00,24349.399063124947,1,63
2024-10-29,24400.4,24418.65,24389.65,24417.5,14:30:00,24354.256295208284,1,64
2024-10-29,24436.55,24437.75,24399.35,24399.5,14:35:00,24362.09379090273,1,65
2024-10-29,24434.05,24444.25,24426.75,24435.45,14:40:00,24368.94676319772,1,66
2024-10-29,24449.75,24451.55,24425.75,24433.75,14:45:00,24376.64230955984,1,67
2024-10-29,24452.0,24454.2,24437.65,24449.65,14:50:00,24383.8192324589,1,68
2024-10-29,24445.05,24459.35,24438.25,24452.15,14:55:00,24389.65073412948,1,69
2024-10-29,24456.2,24464.85,24440.15,24443.65,15:00:00,24395.988759450483,1,70
2024-10-29,24476.6,24484.1,24453.5,24455.9,15:05:00,24403.6660204552,1,71
2024-10-29,24474.25,24479.55,24470.65,24477.15,15:10:00,24410.38830422137,1,72
2024-10-29,24464.5,24476.3,24461.6,24473.95,15:15:00,24415.54179905743,1,73
2024-10-29,24469.0,24470.2,24453.95,24464.2,15:20:00,24420.63305629005,1,74
2024-10-29,24454.0,24471.15,24451.85,24468.9,15:25:00,24423.810860452908,1,75
2024-10-30,24365.4,24429.35,24340.45,24371.45,09:15:00,24413.736101187074,2,1
2024-10-30,24387.55,24411.35,24349.05,24365.2,09:20:00,24411.242186788302,2,2
2024-10-30,24382.9,24400.1,24371.0,24387.15,09:25:00,24408.542930903703,2,3
2024-10-30,24363.6,24385.2,24347.8,24383.8,09:30:00,24404.262651770016,2,4
2024-10-30,24397.45,24398.35,24359.65,24363.95,09:35:00,24403.61382779192,2,5
2024-10-30,24402.45,24421.05,24392.15,24397.85,09:40:00,24403.50298704983,2,6
2024-10-30,24375.1,24409.75,24372.55,24401.05,09:45:00,24400.79794066413,2,7
2024-10-30,24417.0,24418.15,24373.55,24374.75,09:50:00,24402.340993934216,2,8
2024-10-30,24403.6,24425.55,24402.2,24416.6,09:55:00,24402.46089927381,2,9
2024-10-30,24394.85,24408.8,24384.25,24403.2,10:00:00,24401.736051723925,2,10
2024-10-30,24404.5,24408.25,24391.25,24394.75,10:05:00,24401.999284893074,2,11
2024-10-30,24418.6,24424.05,24404.05,24404.5,10:10:00,24403.580305379448,2,12
2024-10-30,24415.6,24429.3,24415.6,24418.25,10:15:00,24404.725038200453,2,13
2024-10-30,24396.05,24428.55,24388.25,24415.7,10:20:00,24403.898844086125,2,14
2024-10-30,24407.05,24410.25,24380.6,24395.6,10:25:00,24404.19895417316,2,15
2024-10-30,24406.15,24408.8,24393.6,24406.25,10:30:00,24404.38476806143,2,16
2024-10-30,24399.85,24416.2,24397.15,24405.6,10:35:00,24403.95288538892,2,17
2024-10-30,24403.4,24406.85,24396.3,24399.4,10:40:00,24403.90022963759,2,18
2024-10-30,24417.1,24417.8,24399.1,24403.15,10:45:00,24405.15735062449,2,19
2024-10-30,24443.25,24445.95,24414.25,24416.5,10:50:00,24408.78522199359,2,20
2024-10-30,24444.0,24448.65,24436.95,24442.6,10:55:00,24412.13901037515,2,21
2024-10-30,24426.95,24445.05,24418.45,24443.9,11:00:00,24413.54958081561,2,22
2024-10-30,24436.15,24444.85,24425.85,24426.9,11:05:00,24415.702001690315,2,23
2024-10-30,24437.4,24448.5,24431.3,24436.7,11:10:00,24417.76847771981,2,24
2024-10-30,24439.95,24441.45,24425.5,24437.15,11:15:00,24419.88100365126,2,25
2024-10-30,24466.6,24466.6,24438.15,24439.8,11:20:00,24424.33043187495,2,26
2024-10-30,24444.55,24466.85,24441.1,24466.05,11:25:00,24426.256105029715,2,27
2024-10-30,24447.2,24448.15,24428.65,24443.85,11:30:00,24428.25076169355,2,28
2024-10-30,24443.75,24449.9,24441.4,24446.9,11:35:00,24429.7268796275,2,29
2024-10-30,24450.9,24451.8,24438.5,24443.15,11:40:00,24431.743367282023,2,30
2024-10-30,24448.35,24454.05,24442.05,24450.9,11:45:00,24433.3249513504,2,31
2024-10-30,24437.15,24450.15,24432.3,24448.0,11:50:00,24433.689241697983,2,32
2024-10-30,24446.95,24450.7,24433.9,24437.25,11:55:00,24434.95217106008,2,33
2024-10-30,24428.05,24448.6,24426.6,24446.95,12:00:00,24434.29482143531,2,34
2024-10-30,24427.45,24435.75,24414.4,24428.25,12:05:00,24433.642933679566,2,35
2024-10-30,24439.45,24440.15,24420.35,24427.55,12:10:00,24434.195987614847,2,36
2024-10-30,24438.7,24441.7,24432.25,24439.5,12:15:00,24434.62494117533,2,37
2024-10-30,24446.3,24458.45,24437.65,24439.25,12:20:00,24435.7368515396,2,38
2024-10-30,24438.0,24449.05,24433.5,24445.95,12:25:00,24435.952389488204,2,39
2024-10-30,24433.9,24445.05,24431.4,24439.1,12:30:00,24435.75692382266,2,40
2024-10-30,24448.7,24448.7,24432.25,24433.35,12:35:00,24436.989597744312,2,41
2024-10-30,24450.95,24455.25,24443.95,24448.35,12:40:00,24438.319159863902,2,42
2024-10-30,24444.9,24456.8,24442.9,24451.1,12:45:00,24438.94590654353,2,43
2024-10-30,24451.25,24455.7,24443.7,24444.3,12:50:00,24440.11772496796,2,44
2024-10-30,24460.75,24462.6,24444.65,24449.9,12:55:00,24442.08270354244,2,45
2024-10-30,24466.2,24466.2,24453.35,24459.95,13:00:00,24444.37958891935,2,46
2024-10-30,24463.4,24498.15,24462.95,24466.25,13:05:00,24446.19105664132,2,47
2024-10-30,24428.0,24465.65,24415.45,24464.8,13:10:00,24444.458575056426,2,48
2024-10-30,24401.25,24430.75,24375.5,24429.1,13:15:00,24440.3434726701,2,49
2024-10-30,24380.95,24401.0,24374.6,24401.0,13:20:00,24434.686951463427,2,50
2024-10-30,24384.65,24391.9,24371.6,24381.45,13:25:00,24429.92152751453,2,51
2024-10-30,24403.3,24409.15,24384.85,24385.1,13:30:00,24427.38614394172,2,52
2024-10-30,24382.9,24402.65,24380.05,24402.35,13:35:00,24423.14936832822,2,53
2024-10-30,24369.5,24388.3,24352.3,24382.75,13:40:00,24418.03990467792,2,54
2024-10-30,24374.15,24378.35,24364.9,24369.1,13:45:00,24413.85991375621,2,55
2024-10-30,24373.9,24379.25,24369.1,24373.15,13:50:00,24410.05420768419,2,56
2024-10-30,24364.5,24374.7,24353.55,24373.55,13:55:00,24405.715711714267,2,57
2024-10-30,24360.1,24365.95,24348.5,24365.4,14:00:00,24401.37135821767,2,58
2024-10-30,24356.6,24375.95,24354.45,24360.0,14:05:00,24397.1074193398,2,59
2024-10-30,24323.5,24358.95,24321.6,24355.6,14:10:00,24390.097188926484,2,60
2024-10-30,24336.5,24337.35,24307.6,24324.1,14:15:00,24384.99269474301,2,61
2024-10-30,24340.9,24349.85,24329.7,24338.35,14:20:00,24380.793390481773,2,62
2024-10-30,24357.85,24358.1,24333.6,24342.2,14:25:00,24378.608305673984,2,63
2024-10-30,24361.5,24366.25,24349.1,24357.4,14:30:00,24376.978943228845,2,64
2024-10-30,24361.2,24363.5,24345.8,24362.8,14:35:00,24375.476186730863,2,65
2024-10-30,24359.8,24368.45,24355.4,24360.8,14:40:00,24373.98321656602,2,66
2024-10-30,24357.45,24365.3,24345.9,24359.05,14:45:00,24372.408624512114,2,67
2024-10-30,24358.9,24364.05,24351.6,24357.05,14:50:00,24371.12208884429,2,68
2024-10-30,24355.65,24369.15,24354.5,24358.85,14:55:00,24369.648556573407,2,69
2024-10-30,24347.65,24363.5,24336.0,24355.5,15:00:00,24367.553455947367,2,70
2024-10-30,24335.15,24348.45,24331.85,24346.8,15:05:00,24364.46741252381,2,71
2024-10-30,24335.0,24344.4,24330.35,24334.7,15:10:00,24361.660992283447,2,72
2024-10-30,24343.85,24344.5,24328.0,24334.2,15:15:00,24359.964707304072,2,73
2024-10-30,24355.9,24357.0,24342.05,24342.05,15:20:00,24359.57759232273,2,74
2024-10-30,24349.25,24359.15,24334.95,24355.1,15:25:00,24358.594012101523,2,75
2024-10-31,24309.05,24358.05,24296.25,24350.0,09:15:00,24353.122082468595,3,1
2024-10-31,24293.45,24336.7,24292.25,24308.95,09:20:00,24347.4390269954,3,2
2024-10-31,24271.7,24294.55,24271.6,24292.6,09:25:00,24340.225786329167,3,3
2024-10-31,24255.95,24278.1,24245.4,24272.0,09:30:00,24332.199520964485,3,4
2024-10-31,24241.0,24274.2,24234.95,24254.75,09:35:00,24323.513852301203,3,5
2024-10-31,24261.35,24270.2,24238.65,24241.5,09:40:00,24317.59348541537,3,6
2024-10-31,24293.3,24300.9,24261.8,24262.0,09:45:00,24315.279820137715,3,7
2024-10-31,24289.85,24297.7,24280.75,24293.15,09:50:00,24312.85793250555,3,8
2024-10-31,24295.05,24297.5,24274.9,24289.7,09:55:00,24311.1619389336,3,9
2024-10-31,24291.45,24304.65,24286.25,24297.05,10:00:00,24309.284611416108,3,10
2024-10-31,24279.5,24292.35,24276.3,24291.7,10:05:00,24306.44798175743,3,11
2024-10-31,24274.05,24285.75,24267.6,24279.0,10:10:00,24303.362459685293,3,12
2024-10-31,24253.25,24274.7,24252.35,24274.7,10:15:00,24298.58984447717,3,13
2024-10-31,24263.95,24265.4,24250.05,24253.2,10:20:00,24295.29081166982,3,14
2024-10-31,24263.1,24274.4,24255.25,24264.2,10:25:00,24292.225020082216,3,15
2024-10-31,24259.3,24267.95,24256.2,24263.1,10:30:00,24289.08930388392,3,16
2024-10-31,24266.7,24272.5,24257.6,24259.15,10:35:00,24286.956989228303,3,17
2024-10-31,24254.3,24271.6,24254.3,24267.05,10:40:00,24283.84679977799,3,18
2024-10-31,24236.2,24258.35,24236.15,24253.5,10:45:00,24279.309009322944,3,19
2024-10-31,24238.85,24250.5,24235.2,24236.05,10:50:00,24275.45577033981,3,20
2024-10-31,24255.8,24262.35,24237.9,24239.4,10:55:00,24273.583792212205,3,21
2024-10-31,24266.0,24269.5,24255.65,24257.2,11:00:00,24272.86152628724,3,22
2024-10-31,24251.5,24269.45,24251.3,24266.5,11:05:00,24270.827095212266,3,23
2024-10-31,24253.15,24258.5,24247.9,24251.35,11:10:00,24269.143562334903,3,24
2024-10-31,24245.9,24256.4,24241.05,24252.65,11:15:00,24266.929889731586,3,25
2024-10-31,24259.9,24263.15,24246.35,24246.4,11:20:00,24266.26037642381,3,26
2024-10-31,24250.7,24264.05,24249.1,24259.95,11:25:00,24264.77843581202,3,27
2024-10-31,24243.3,24255.4,24238.2,24250.4,11:30:00,24262.73287049659,3,28
2024-10-31,24240.75,24245.4,24238.45,24243.7,11:35:00,24260.63926378263,3,29
2024-10-31,24246.25,24247.0,24232.8,24239.65,11:40:00,24259.26885770809,3,30
2024-10-31,24241.25,24247.65,24237.35,24246.5,11:45:00,24257.55277602161,3,31
2024-10-31,24238.5,24244.05,24234.5,24241.3,11:50:00,24255.73822592432,3,32
2024-10-31,24235.05,24244.2,24234.85,24238.65,11:55:00,24253.76791869343,3,33
2024-10-31,24240.25,24244.35,24232.25,24234.85,12:00:00,24252.480497865483,3,34
2024-10-31,24239.05,24243.65,24237.3,24239.9,12:05:00,24251.20140283068,3,35
2024-10-31,24236.8,24240.75,24234.0,24239.1,12:10:00,24249.829840656326,3,36
2024-10-31,24228.4,24237.0,24227.1,24236.6,12:15:00,24247.78890345096,3,37
2024-10-31,24221.85,24228.6,24218.9,24228.35,12:20:00,24245.318531693727,3,38
2024-10-31,24223.4,24225.55,24212.15,24222.1,12:25:00,24243.2310524848,3,39
2024-10-31,24222.95,24229.3,24220.7,24223.35,12:30:00,24241.299523676724,3,40
2024-10-31,24221.4,24227.45,24215.15,24223.4,12:35:00,24239.404330945606,3,41
2024-10-31,24202.4,24221.95,24197.6,24221.6,12:40:00,24235.880108950787,3,42
2024-10-31,24194.3,24203.05,24194.25,24202.6,12:45:00,24231.920098574523,3,43
2024-10-31,24201.5,24207.25,24191.65,24194.8,12:50:00,24229.022946329333,3,44
2024-10-31,24208.25,24214.1,24197.25,24201.8,12:55:00,24227.044570488444,3,45
2024-10-31,24206.25,24208.9,24202.05,24208.9,13:00:00,24225.06413520383,3,46
2024-10-31,24210.6,24211.9,24203.3,24205.75,13:05:00,24223.68659851775,3,47
2024-10-31,24214.35,24220.55,24210.75,24210.95,13:10:00,24222.79739865892,3,48
2024-10-31,24213.1,24218.3,24207.25,24214.55,13:15:00,24221.87383688188,3,49
2024-10-31,24211.05,24213.35,24204.8,24212.5,13:20:00,24220.84299527408,3,50
2024-10-31,24212.15,24213.35,24207.25,24211.15,13:25:00,24220.015090962264,3,51
2024-10-31,24200.65,24214.7,24199.1,24212.0,13:30:00,24218.170796584905,3,52
2024-10-31,24215.4,24215.4,24200.05,24200.6,13:35:00,24217.906911195867,3,53
2024-10-31,24226.5,24229.5,24212.85,24215.5,13:40:00,24218.725300605784,3,54
2024-10-31,24226.65,24233.95,24223.6,24226.75,13:45:00,24219.480033881424,3,55
2024-10-31,24228.3,24235.2,24220.2,24226.85,13:50:00,24220.320030654624,3,56
2024-10-31,24206.6,24228.95,24205.35,24228.6,13:55:00,24219.01336106847,3,57
2024-10-31,24202.15,24211.2,24199.8,24206.5,14:00:00,24217.407326681,3,58
2024-10-31,24191.6,24203.45,24191.45,24202.45,14:05:00,24214.949486044712,3,59
2024-10-31,24187.1,24194.05,24181.9,24191.1,14:10:00,24212.29715404045,3,60
2024-10-31,24192.55,24197.95,24185.1,24186.5,14:15:00,24210.416472703266,3,61
2024-10-31,24194.45,24201.2,24190.8,24192.05,14:20:00,24208.89585625533,3,62
2024-10-31,24185.7,24199.55,24184.0,24193.7,14:25:00,24206.686727088163,3,63
2024-10-31,24180.0,24187.65,24178.5,24184.85,14:30:00,24204.145134032147,3,64
2024-10-31,24194.55,24194.75,24173.75,24180.25,14:35:00,24203.231311743373,3,65
2024-10-31,24218.7,24221.3,24193.9,24193.9,14:40:00,24204.704520148767,3,66
2024-10-31,24206.7,24225.25,24206.2,24218.75,14:45:00,24204.894565848885,3,67
2024-10-31,24203.9,24213.0,24198.9,24206.5,14:50:00,24204.799845291847,3,68
2024-10-31,24193.4,24203.65,24187.3,24202.75,14:55:00,24203.71414574024,3,69
2024-10-31,24200.85,24203.25,24182.1,24191.65,15:00:00,24203.441369955453,3,70
2024-10-31,24203.5,24206.6,24196.8,24198.25,15:05:00,24203.44695376922,3,71
2024-10-31,24210.7,24220.8,24200.2,24202.35,15:10:00,24204.13772007692,3,72
2024-10-31,24199.8,24222.6,24189.5,24208.95,15:15:00,24203.72460387912,3,73
2024-10-31,24215.5,24219.7,24194.75,24199.65,15:20:00,24204.84607017634,3,74
2024-10-31,24238.5,24241.75,24207.7,24215.3,15:25:00,24208.051206350025,3,75
2024-11-04,24115.25,24300.2,24115.05,24300.2,09:15:00,24276.89785623805,0,1
2024-11-04,24084.85,24135.0,24082.1,24115.1,09:20:00,24258.60758421538,0,2
2024-11-04,24076.65,24117.6,24074.55,24084.1,09:25:00,24241.278290480583,0,3
2024-11-04,24064.4,24107.65,24058.6,24074.05,09:30:00,24224.43273900624,0,4
2024-11-04,24080.75,24095.9,24056.75,24064.5,09:35:00,24210.748668624696,0,5
2024-11-04,24069.75,24099.05,24065.65,24080.1,09:40:00,24197.32022399377,0,6
2024-11-04,24025.9,24068.95,24024.45,24067.5,09:45:00,24180.99448837532,0,7
2024-11-04,24026.5,24046.85,24018.15,24026.15,09:50:00,24166.28072757767,0,8
2024-11-04,24063.95,24064.3,24024.6,24026.85,09:55:00,24156.53494399884,0,9
2024-11-04,24009.7,24073.25,24008.65,24061.7,10:00:00,24142.550663618,0,10
2024-11-04,23991.4,24010.15,23983.1,24009.3,10:05:00,24128.15536232105,0,11
2024-11-04,23972.3,23995.5,23949.75,23990.25,10:10:00,24113.311994480948,0,12
2024-11-04,23984.6,23996.15,23957.3,23971.95,10:15:00,24101.05370929229,0,13
2024-11-04,23975.65,23984.8,23964.2,23984.25,10:20:00,24089.1104988835,0,14
2024-11-04,23934.35,23975.4,23932.3,23975.4,10:25:00,24074.37140375174,0,15
2024-11-04,23936.4,23960.15,23930.4,23934.5,10:30:00,24061.231270061096,0,16
2024-11-04,23919.1,23943.5,23914.55,23936.65,10:35:00,24047.694958626707,0,17
2024-11-04,23924.3,23926.8,23910.65,23919.25,10:40:00,24035.94305780512,0,18
2024-11-04,23925.1,23943.2,23918.95,23923.85,10:45:00,24025.38657610939,0,19
2024-11-04,23914.15,23928.4,23910.85,23925.35,10:50:00,24014.792616479925,0,20
2024-11-04,23884.6,23913.4,23882.2,23913.4,10:55:00,24002.393319672312,0,21
2024-11-04,23855.85,23887.25,23849.9,23885.15,11:00:00,23988.436813036853,0,22
2024-11-04,23850.9,23862.15,23829.45,23854.45,11:05:00,23975.338068938105,0,23
2024-11-04,23847.25,23851.05,23824.6,23849.8,11:10:00,23963.13920522972,0,24
2024-11-04,23836.05,23846.9,23816.6,23846.9,11:15:00,23951.035471398314,0,25
2024-11-04,23863.0,23881.55,23835.95,23836.35,11:20:00,23942.651140788952,0,26
2024-11-04,23868.45,23898.1,23862.6,23863.75,11:25:00,23935.58436547572,0,27
2024-11-04,23861.6,23879.9,23858.1,23868.95,11:30:00,23928.538235430413,0,28
2024-11-04,23868.7,23873.2,23852.0,23863.45,11:35:00,23922.839355865613,0,29
2024-11-04,23871.9,23874.35,23850.15,23868.75,11:40:00,23917.98798864032,0,30
2024-11-04,23860.1,23875.55,23858.85,23871.55,11:45:00,23912.47484686505,0,31
2024-11-04,23866.35,23871.1,23856.45,23860.05,11:50:00,23908.08200430648,0,32
2024-11-04,23887.45,23887.6,23863.9,23866.05,11:55:00,23906.117051515383,0,33
2024-11-04,23946.45,23951.0,23888.15,23888.3,12:00:00,23909.9582847044,0,34
2024-11-04,23927.25,23950.85,23925.65,23946.15,12:05:00,23911.605114732545,0,35
2024-11-04,23923.65,23936.45,23917.25,23927.2,12:10:00,23912.75224666278,0,36
2024-11-04,23918.85,23940.3,23918.05,23920.1,12:15:00,23913.33298507585,0,37
2024-11-04,23887.65,23919.4,23883.9,23918.65,12:20:00,23910.8869864972,0,38
2024-11-04,23885.65,23893.1,23880.75,23887.0,12:25:00,23908.48346397365,0,39
2024-11-04,23885.85,23889.0,23878.6,23884.4,12:30:00,23906.327895976163,0,40
2024-11-04,23882.45,23901.05,23881.9,23886.1,12:35:00,23904.0538106451,0,41
2024-11-04,23886.05,23897.45,23873.5,23881.9,12:40:00,23902.33916201223,0,42
2024-11-04,23867.45,23889.85,23864.15,23885.95,12:45:00,23899.01638467773,0,43
2024-11-04,23864.9,23873.4,23858.7,23867.6,12:50:00,23895.767205184613,0,44
2024-11-04,23858.0,23870.55,23854.9,23864.3,12:55:00,23892.170328500364,0,45
2024-11-04,23896.5,23896.5,23856.75,23856.75,13:00:00,23892.582678167,0,46
2024-11-04,23897.55,23900.55,23881.2,23896.4,13:05:00,23893.055756436803,0,47
2024-11-04,23905.7,23917.25,23880.1,23897.15,13:10:00,23894.259970109488,0,48
2024-11-04,23875.95,23916.4,23874.55,23905.6,13:15:00,23892.5161634324,0,49
2024-11-04,23872.7,23881.95,23870.9,23875.3,13:20:00,23890.628909772167,0,50
2024-11-04,23870.05,23886.15,23866.45,23872.75,13:25:00,23888.669013603387,0,51
2024-11-04,23882.65,23889.85,23869.95,23871.15,13:30:00,23888.095774212587,0,52
2024-11-04,23881.6,23892.75,23875.05,23883.55,13:35:00,23887.477129049483,0,53
2024-11-04,23882.3,23904.4,23878.65,23881.9,13:40:00,23886.98406914001,0,54
2024-11-04,23895.5,23898.2,23879.9,23882.4,13:45:00,23887.79511017429,0,55
2024-11-04,23898.9,23921.5,23894.95,23895.4,13:50:00,23888.85271872912,0,56
2024-11-04,23914.5,23916.15,23888.5,23899.05,13:55:00,23891.2953169454,0,57
2024-11-04,23921.75,23927.15,23913.5,23914.05,14:00:00,23894.1957629506,0,58
2024-11-04,23928.3,23930.05,23898.9,23921.9,14:05:00,23897.44378552673,0,59
2024-11-04,23936.6,23945.4,23923.4,23928.65,14:10:00,23901.1729488099,0,60
2024-11-04,23924.9,23948.95,23924.65,23935.05,14:15:00,23903.43266797086,0,61
2024-11-04,23934.1,23944.3,23924.35,23925.05,14:20:00,23906.35336625935,0,62
2024-11-04,23936.15,23950.6,23918.8,23934.55,14:25:00,23909.19114090132,0,63
2024-11-04,23949.9,23956.5,23936.15,23936.15,14:30:00,23913.068175101194,0,64
2024-11-04,23965.2,23967.2,23942.95,23949.85,14:35:00,23918.033110805845,0,65
2024-11-04,23952.85,23976.55,23948.75,23966.4,14:40:00,23921.34900501481,0,66
2024-11-04,23984.55,23991.3,23953.4,23953.4,14:45:00,23927.368147394354,0,67
2024-11-04,23984.0,23985.05,23971.95,23985.0,14:50:00,23932.76165716632,0,68
2024-11-04,23972.75,23990.9,23963.0,23984.6,14:55:00,23936.57007076953,0,69
2024-11-04,23991.75,24008.85,23973.6,23973.6,15:00:00,23941.825302124813,0,70
2024-11-04,24002.75,24002.75,23974.4,23991.5,15:05:00,23947.627654303404,0,71
2024-11-04,23997.1,24003.8,23990.0,24002.75,15:10:00,23952.33930627451,0,72
2024-11-04,24005.5,24011.45,23983.75,23997.25,15:15:00,23957.402229486463,0,73
2024-11-04,24004.15,24006.05,23996.25,24005.1,15:20:00,23961.8543981068,0,74
2024-11-04,23990.95,24009.6,23980.8,24004.45,15:25:00,23964.625407810912,0,75
2024-11-05,24022.65,24023.7,23909.2,23941.6,09:15:00,23966.004698910976,1,1
2024-11-05,24006.95,24023.85,23978.4,24023.85,09:20:00,23969.904251395645,1,2
2024-11-05,23983.4,24026.1,23982.4,24006.55,09:25:00,23971.189560786537,1,3
2024-11-05,23990.0,24012.15,23977.05,23983.7,09:30:00,23972.98103118782,1,4
2024-11-05,23967.1,23992.45,23960.85,23990.15,09:35:00,23972.420932979458,1,5
2024-11-05,23958.65,23979.05,23949.5,23966.5,09:40:00,23971.10941555284,1,6
2024-11-05,23938.2,23964.05,23934.4,23958.5,09:45:00,23967.97518550019,1,7
2024-11-05,23953.75,23966.15,23930.6,23938.65,09:50:00,23966.62040592874,1,8
2024-11-05,23998.6,24016.9,23953.35,23953.85,09:55:00,23969.666081554573,1,9
2024-11-05,23989.1,24005.1,23974.3,23998.7,10:00:00,23971.516930930327,1,10
2024-11-05,23980.65,23994.95,23965.85,23989.65,10:05:00,23972.3867470322,1,11
2024-11-05,23969.7,23988.5,23969.35,23981.05,10:10:00,23972.130866362462,1,12
2024-11-05,23952.65,23970.0,23946.95,23969.95,10:15:00,23970.27554575652,1,13
2024-11-05,23969.7,23970.5,23953.3,23953.3,10:20:00,23970.220731874942,1,14
2024-11-05,24022.15,24036.3,23968.6,23969.15,10:25:00,23975.16637645828,1,15
2024-11-05,23974.9,24026.1,23965.95,24022.9,10:30:00,23975.141007271777,1,16
2024-11-05,23953.7,23975.4,23938.85,23974.9,10:35:00,23973.099006579225,1,17
2024-11-05,23968.95,23984.05,23953.8,23954.55,10:40:00,23972.70386309549,1,18
2024-11-05,23988.5,23990.25,23964.5,23968.5,10:45:00,23974.2082570864,1,19
2024-11-05,23979.75,24001.25,23976.4,23988.15,10:50:00,23974.736042125784,1,20
2024-11-05,23982.5,23986.85,23970.2,23979.75,10:55:00,23975.47546668523,1,21
2024-11-05,23971.85,23994.1,23970.65,23982.45,11:00:00,23975.13018414378,1,22
2024-11-05,23974.5,23982.8,23965.5,23971.9,11:05:00,23975.07016660628,1,23
2024-11-05,23981.95,23983.9,23965.8,23974.5,11:10:00,23975.725388834253,1,24
2024-11-05,23971.95,23992.85,23962.25,23981.05,11:15:00,23975.365827992897,1,25
2024-11-05,23946.8,23977.25,23941.05,23972.5,11:20:00,23972.64527294596,1,26
2024-11-05,23930.65,23952.6,23929.8,23947.8,11:25:00,23968.645723141577,1,27
2024-11-05,23934.4,23944.6,23923.2,23931.5,11:30:00,23965.384225699523,1,28
2024-11-05,23897.85,23940.0,23897.85,23934.3,11:35:00,23958.95239468052,1,29
2024-11-05,23867.35,23909.05,23859.8,23898.45,11:40:00,23950.2283570919,1,30
2024-11-05,23865.4,23882.85,23854.0,23866.5,11:45:00,23942.14946594029,1,31
2024-11-05,23864.55,23871.75,23847.0,23865.0,11:50:00,23934.759040612644,1,32
2024-11-05,23863.05,23883.15,23843.1,23863.7,11:55:00,23927.929608173345,1,33
2024-11-05,23887.65,23887.75,23845.75,23862.75,12:00:00,23924.09345501398,1,34
2024-11-05,23892.15,23898.7,23873.45,23885.85,12:05:00,23921.051221203124,1,35
2024-11-05,23874.5,23899.1,23857.2,23891.95,12:10:00,23916.61777156473,1,36
2024-11-05,23892.9,23894.85,23862.75,23874.5,12:15:00,23914.35893617761,1,37
2024-11-05,23857.05,23895.0,23852.85,23893.0,12:20:00,23908.900942255936,1,38
2024-11-05,23879.7,23884.3,23848.45,23855.6,12:25:00,23906.119900136324,1,39
2024-11-05,23889.1,23890.95,23875.75,23879.35,12:30:00,23904.498957266194,1,40
2024-11-05,23906.65,23914.05,23882.65,23888.7,12:35:00,23904.70381847893,1,41
2024-11-05,23908.3,23911.6,23896.85,23907.2,12:40:00,23905.046311957136,1,42
2024-11-05,23930.5,23937.9,23908.3,23908.3,12:45:00,23907.47047272312,1,43
2024-11-05,23929.45,23951.3,23920.2,23929.7,12:50:00,23909.56376103521,1,44
2024-11-05,23918.75,23929.8,23916.45,23929.8,12:55:00,23910.438640936616,1,45
2024-11-05,23936.6,23937.5,23909.15,23918.1,13:00:00,23912.930198942653,1,46
2024-11-05,23897.1,23937.0,23895.0,23936.55,13:05:00,23911.422560948115,1,47
2024-11-05,23915.05,23923.55,23893.5,23896.6,13:10:00,23911.76803133401,1,48
2024-11-05,23907.05,23926.95,23902.95,23915.85,13:15:00,23911.31869501648,1,49
2024-11-05,23969.95,23972.75,23897.25,23906.15,13:20:00,23916.902628824435,1,50
2024-11-05,24049.0,24051.25,23954.9,23970.2,13:25:00,23929.483330841154,1,51
2024-11-05,24072.8,24100.85,24052.75,24052.75,13:30:00,23943.132537427708,1,52
2024-11-05,24050.05,24079.55,24049.3,24074.35,13:35:00,23953.31515291078,1,53
2024-11-05,24074.5,24074.5,24046.25,24051.35,13:40:00,23964.85656691928,1,54
2024-11-05,24086.55,24099.25,24065.75,24073.35,13:45:00,23976.446417688872,1,55
2024-11-05,24103.15,24120.05,24078.15,24086.95,13:50:00,23988.513425528028,1,56
2024-11-05,24125.35,24130.65,24097.95,24103.45,13:55:00,24001.54548023964,1,57
2024-11-05,24164.9,24165.3,24119.35,24124.9,14:00:00,24017.103053550152,1,58
2024-11-05,24155.55,24169.85,24143.3,24165.5,14:05:00,24030.288477021568,1,59
2024-11-05,24163.55,24170.3,24149.05,24156.45,14:10:00,24042.98005063856,1,60
2024-11-05,24183.65,24184.2,24157.75,24164.1,14:15:00,24056.377188672985,1,61
2024-11-05,24177.7,24190.5,24166.7,24184.3,14:20:00,24067.9317421327,1,62
2024-11-05,24193.1,24200.35,24176.0,24176.3,14:25:00,24079.85252859625,1,63
2024-11-05,24198.4,24204.7,24182.1,24191.9,14:30:00,24091.14276396804,1,64
2024-11-05,24200.45,24201.35,24172.1,24197.8,14:35:00,24101.552976923456,1,65
2024-11-05,24202.3,24218.35,24199.5,24200.35,14:40:00,24111.14793150217,1,66
2024-11-05,24189.65,24205.95,24188.25,24200.75,14:45:00,24118.62431897816,1,67
2024-11-05,24200.2,24200.8,24180.7,24189.6,14:50:00,24126.39343145643,1,68
2024-11-05,24188.95,24200.45,24184.25,24198.85,14:55:00,24132.35119988915,1,69
2024-11-05,24217.8,24226.55,24189.35,24189.35,15:00:00,24140.48918085209,1,70
2024-11-05,24224.2,24228.95,24209.95,24217.55,15:05:00,24148.46163981856,1,71
2024-11-05,24207.15,24225.05,24200.0,24225.05,15:10:00,24154.051007454887,1,72
2024-11-05,24206.55,24215.0,24205.6,24207.7,15:15:00,24159.050911506805,1,73
2024-11-05,24204.1,24220.2,24192.45,24206.7,15:20:00,24163.341300887107,1,74
2024-11-05,24199.05,24208.5,24189.3,24205.3,15:25:00,24166.74212937405,1,75
2024-11-06,24262.9,24311.05,24234.25,24311.05,09:15:00,24188.136527673545,2,1
2024-11-06,24265.25,24267.3,24204.5,24262.9,09:20:00,24195.48066789512,2,2
2024-11-06,24343.85,24343.85,24253.7,24264.2,09:25:00,24209.61108047653,2,3
2024-11-06,24326.4,24349.3,24318.75,24344.85,09:30:00,24220.73383471686,2,4
2024-11-06,24336.75,24342.8,24295.15,24327.3,09:35:00,24231.782993315253,2,5
2024-11-06,24346.4,24352.5,24321.7,24336.6,09:40:00,24242.698898713803,2,6
2024-11-06,24384.85,24390.5,24340.5,24346.4,09:45:00,24256.237098836296,2,7
2024-11-06,24359.75,24396.45,24358.2,24386.4,09:50:00,24266.09547037569,2,8
2024-11-06,24355.8,24366.1,24343.65,24359.15,09:55:00,24274.638758911344,2,9
2024-11-06,24401.2,24404.15,24354.9,24354.9,10:00:00,24286.6922104436,2,10
2024-11-06,24404.9,24414.9,24398.15,24401.2,10:05:00,24297.95009516325,2,11
2024-11-06,24379.25,24406.65,24375.15,24404.75,10:10:00,24305.692943242942,2,12
2024-11-06,24375.2,24390.55,24364.65,24379.9,10:15:00,24312.31266293409,2,13
2024-11-06,24366.3,24377.35,24365.4,24376.5,10:20:00,24317.454314083225,2,14
2024-11-06,24324.8,24366.75,24320.7,24366.45,10:25:00,24318.15390321816,2,15
2024-11-06,24313.0,24324.45,24281.25,24324.45,10:30:00,24317.66305529261,2,16
2024-11-06,24328.95,24333.65,24304.2,24306.35,10:35:00,24318.738002407605,2,17
2024-11-06,24299.45,24330.25,24295.15,24328.55,10:40:00,24316.90104979736,2,18
2024-11-06,24304.8,24319.7,24296.1,24298.45,10:45:00,24315.74856886428,2,19
2024-11-06,24347.4,24365.35,24300.0,24303.8,10:50:00,24318.762990877203,2,20
2024-11-06,24361.2,24371.3,24340.5,24346.3,10:55:00,24322.80461079366,2,21
2024-11-06,24352.9,24381.3,24352.25,24361.1,11:00:00,24325.67083833712,2,22
2024-11-06,24356.4,24358.85,24349.55,24351.6,11:05:00,24328.59742516216,2,23
2024-11-06,24369.05,24371.85,24356.55,24356.55,11:10:00,24332.45005133719,2,24
2024-11-06,24356.15,24370.2,24353.45,24367.0,11:15:00,24334.707189305074,2,25
2024-11-06,24366.15,24366.15,24353.9,24355.8,11:20:00,24337.70174270459,2,26
2024-11-06,24361.95,24372.05,24360.35,24365.9,11:25:00,24340.011100542248,2,27
2024-11-06,24389.15,24392.05,24361.3,24362.05,11:30:00,24344.6909957287,2,28
2024-11-06,24381.75,24393.15,24376.35,24388.75,11:35:00,24348.22042470692,2,29
2024-11-06,24391.75,24392.4,24379.3,24381.8,11:40:00,24352.36609854436,2,30
2024-11-06,24393.2,24401.3,24386.25,24391.9,11:45:00,24356.25504154013,2,31
2024-11-06,24425.3,24428.55,24390.65,24393.65,11:50:00,24362.83075186964,2,32
2024-11-06,24435.9,24439.75,24422.95,24424.65,11:55:00,24369.789727882056,2,33
2024-11-06,24439.75,24442.6,24431.35,24436.85,12:00:00,24376.452610940905,2,34
2024-11-06,24431.05,24440.0,24428.35,24438.8,12:05:00,24381.652362279867,2,35
2024-11-06,24423.25,24438.55,24417.05,24431.0,12:10:00,24385.61404206273,2,36
2024-11-06,24415.45,24428.35,24408.85,24422.45,12:15:00,24388.455561866285,2,37
2024-11-06,24410.4,24419.0,24399.1,24414.65,12:20:00,24390.54550835521,2,38
2024-11-06,24426.5,24432.1,24408.75,24409.6,12:25:00,24393.969745654715,2,39
2024-11-06,24435.15,24437.0,24421.45,24426.0,12:30:00,24397.89167463998,2,40
2024-11-06,24440.65,24441.6,24430.5,24435.35,12:35:00,24401.96389610284,2,41
2024-11-06,24422.05,24443.65,24419.95,24440.65,12:40:00,24403.87685837876,2,42
2024-11-06,24419.55,24424.85,24412.4,24421.85,12:45:00,24405.369538533167,2,43
2024-11-06,24413.0,24421.55,24405.45,24417.8,12:50:00,24406.096249149054,2,44
2024-11-06,24431.35,24433.05,24410.65,24412.45,12:55:00,24408.50136827772,2,45
2024-11-06,24427.35,24436.3,24419.4,24430.1,13:00:00,24410.29647606079,2,46
2024-11-06,24434.7,24441.4,24424.65,24427.35,13:05:00,24412.620621197857,2,47
2024-11-06,24457.25,24466.9,24434.35,24434.45,13:10:00,24416.87103822664,2,48
2024-11-06,24448.95,24463.25,24442.45,24456.65,13:15:00,24419.926177443143,2,49
2024-11-06,24451.15,24451.9,24436.35,24448.65,13:20:00,24422.89987482952,2,50
2024-11-06,24454.0,24460.4,24443.0,24451.05,13:25:00,24425.861791512416,2,51
2024-11-06,24467.95,24469.0,24453.2,24453.5,13:30:00,24429.870192320755,2,52
2024-11-06,24478.6,24479.55,24462.75,24468.1,13:35:00,24434.511126385445,2,53
2024-11-06,24465.35,24479.8,24456.8,24479.1,13:40:00,24437.448161967783,2,54
2024-11-06,24467.0,24476.15,24463.45,24465.8,13:45:00,24440.26262273276,2,55
2024-11-06,24483.95,24486.65,24463.25,24467.3,13:50:00,24444.42332532964,2,56
2024-11-06,24488.35,24489.1,24477.0,24483.5,13:55:00,24448.606818155386,2,57
2024-11-06,24472.6,24495.6,24471.8,24487.25,14:00:00,24450.89188309297,2,58
2024-11-06,24489.4,24491.95,24472.55,24472.55,14:05:00,24454.5593227984,2,59
2024-11-06,24484.7,24493.05,24482.4,24489.9,14:10:00,24457.429863484263,2,60
2024-11-06,24506.1,24508.35,24483.8,24484.15,14:15:00,24462.065114581,2,61
2024-11-06,24528.45,24536.95,24505.95,24506.25,14:20:00,24468.387484620904,2,62
2024-11-06,24521.85,24529.3,24519.1,24527.7,14:25:00,24473.479152752247,2,63
2024-11-06,24516.6,24525.15,24512.2,24521.85,14:30:00,24477.585900109178,2,64
2024-11-06,24483.15,24517.6,24482.0,24516.75,14:35:00,24478.11581438449,2,65
2024-11-06,24470.85,24483.1,24455.2,24483.05,14:40:00,24477.423832062163,2,66
2024-11-06,24462.55,24473.25,24450.25,24472.65,14:45:00,24476.00727662767,2,67
2024-11-06,24461.95,24467.05,24447.65,24462.5,14:50:00,24474.668488377418,2,68
2024-11-06,24464.95,24470.65,24455.15,24463.35,14:55:00,24473.74291805576,2,69
2024-11-06,24490.0,24496.8,24464.95,24464.95,15:00:00,24475.29121157426,2,70
2024-11-06,24481.85,24489.75,24476.4,24489.75,15:05:00,24475.915858091,2,71
2024-11-06,24471.65,24482.15,24463.0,24481.65,15:10:00,24475.50958589185,2,72
2024-11-06,24485.8,24494.65,24470.9,24470.95,15:15:00,24476.489625330723,2,73
2024-11-06,24496.25,24496.25,24483.8,24485.5,15:20:00,24478.37156577542,2,74
2024-11-06,24493.9,24500.25,24487.25,24495.4,15:25:00,24479.850464273,2,75
2024-11-07,24453.9,24502.4,24415.85,24489.6,09:15:00,24478.21908753413,3,1
2024-11-07,24395.6,24455.9,24395.6,24454.55,09:20:00,24470.35060300707,3,2
2024-11-07,24354.15,24397.1,24344.25,24397.1,09:25:00,24459.28387891116,3,3
2024-11-07,24360.5,24364.1,24342.5,24353.7,09:30:00,24449.87589044343,3,4
2024-11-07,24339.1,24367.25,24338.35,24361.2,09:35:00,24439.32580563929,3,5
2024-11-07,24365.35,24369.75,24326.7,24341.2,09:40:00,24432.2804908165,3,6
2024-11-07,24367.95,24382.45,24350.4,24363.15,09:45:00,24426.153777405405,3,7
2024-11-07,24340.25,24366.95,24333.4,24366.95,09:50:00,24417.97246527156,3,8
2024-11-07,24279.15,24342.4,24278.25,24339.4,09:55:00,24404.75127810284,3,9
2024-11-07,24219.2,24280.25,24213.65,24279.8,10:00:00,24387.07972780733,3,10
2024-11-07,24223.25,24237.0,24205.0,24220.95,10:05:00,24371.476896587585,3,11
2024-11-07,24221.4,24229.75,24202.6,24223.7,10:10:00,24357.183858817338,3,12
2024-11-07,24218.7,24236.45,24215.4,24221.75,10:15:00,24343.994919882352,3,13
2024-11-07,24230.6,24236.65,24218.15,24218.9,10:20:00,24333.19540370308,3,14
2024-11-07,24195.2,24237.1,24188.9,24230.1,10:25:00,24320.052984302787,3,15
2024-11-07,24187.75,24197.15,24182.1,24195.15,10:30:00,24307.45270008347,3,16
2024-11-07,24200.5,24206.8,24185.35,24187.15,10:35:00,24297.26672864695,3,17
2024-11-07,24206.1,24215.0,24194.05,24199.3,10:40:00,24288.584183061525,3,18
2024-11-07,24206.95,24219.0,24199.3,24206.6,10:45:00,24280.80949896043,3,19
2024-11-07,24232.45,24232.45,24203.8,24207.05,10:50:00,24276.203832392766,3,20
2024-11-07,24253.3,24257.6,24231.25,24232.05,10:55:00,24274.022515022025,3,21
2024-11-07,24239.3,24260.35,24235.6,24252.7,11:00:00,24270.71560882945,3,22
2024-11-07,24223.05,24245.6,24212.75,24239.1,11:05:00,24266.17602703617,3,23
2024-11-07,24233.35,24236.25,24220.65,24222.1,11:10:00,24263.049738747013,3,24
2024-11-07,24194.9,24233.2,24194.05,24233.2,11:15:00,24256.559287437773,3,25
2024-11-07,24206.2,24208.85,24183.3,24194.15,11:20:00,24251.76316482465,3,26
2024-11-07,24216.2,24220.3,24199.95,24205.8,11:25:00,24248.37619674611,3,27
2024-11-07,24217.45,24229.05,24211.25,24215.8,11:30:00,24245.43084467505,3,28
2024-11-07,24218.9,24224.7,24212.15,24216.7,11:35:00,24242.904097563143,3,29
2024-11-07,24218.2,24226.65,24216.4,24219.2,11:40:00,24240.55132636665,3,30
2024-11-07,24209.7,24218.1,24206.5,24217.75,11:45:00,24237.61310480793,3,31
2024-11-07,24212.15,24218.4,24206.55,24209.85,11:50:00,24235.18804720717,3,32
2024-11-07,24206.15,24212.1,24198.35,24212.1,11:55:00,24232.422518901727,3,33
2024-11-07,24198.35,24212.1,24195.5,24205.6,12:00:00,24229.17751710156,3,34
2024-11-07,24207.55,24209.0,24193.25,24198.15,12:05:00,24227.11775356808,3,35
2024-11-07,24197.35,24211.4,24197.0,24207.55,12:10:00,24224.282729418737,3,36
2024-11-07,24197.05,24204.3,24193.2,24198.85,12:15:00,24221.68913614076,3,37
2024-11-07,24218.1,24223.0,24194.65,24197.55,12:20:00,24221.347313651164,3,38
2024-11-07,24221.85,24235.15,24218.25,24218.25,12:25:00,24221.395188541526,3,39
2024-11-07,24214.35,24227.55,24213.5,24222.05,12:30:00,24220.72421820424,3,40
2024-11-07,24219.8,24226.6,24211.7,24216.15,12:35:00,24220.63619742289,3,41
2024-11-07,24230.75,24238.85,24219.85,24221.0,12:40:00,24221.599416715944,3,42
2024-11-07,24229.55,24236.0,24226.65,24231.5,12:45:00,24222.35661512395,3,43
2024-11-07,24219.15,24239.05,24217.5,24230.1,12:50:00,24222.05122320738,3,44
2024-11-07,24216.15,24223.55,24213.55,24219.95,12:55:00,24221.48920194953,3,45
2024-11-07,24213.6,24226.55,24212.0,24216.65,13:00:00,24220.73784938292,3,46
2024-11-07,24215.7,24220.15,24208.55,24214.35,13:05:00,24220.258054203587,3,47
2024-11-07,24219.95,24222.9,24213.35,24214.95,13:10:00,24220.22871570801,3,48
2024-11-07,24204.75,24222.45,24203.5,24220.85,13:15:00,24218.754552307248,3,49
2024-11-07,24204.55,24208.05,24201.2,24207.15,13:20:00,24217.4017378018,3,50
2024-11-07,24198.25,24209.45,24197.55,24206.25,13:25:00,24215.577762773053,3,51
2024-11-07,24194.4,24201.35,24191.6,24198.25,13:30:00,24213.560832985146,3,52
2024-11-07,24196.65,24203.5,24191.9,24194.75,13:35:00,24211.950277462747,3,53
2024-11-07,24180.75,24198.5,24180.45,24196.65,13:40:00,24208.97882246629,3,54
2024-11-07,24195.2,24201.9,24180.05,24181.3,13:45:00,24207.66655365998,3,55
2024-11-07,24208.85,24211.1,24194.75,24195.25,13:50:00,24207.77926283521,3,56
2024-11-07,24208.3,24214.05,24205.6,24208.85,13:55:00,24207.828856850912,3,57
2024-11-07,24213.8,24216.6,24204.0,24208.2,14:00:00,24208.397537150824,3,58
2024-11-07,24205.6,24215.5,24203.4,24212.0,14:05:00,24208.131105041222,3,59
2024-11-07,24216.0,24218.15,24202.8,24205.35,14:10:00,24208.880523608725,3,60
2024-11-07,24206.95,24217.85,24204.1,24215.4,14:15:00,24208.69666421742,3,61
2024-11-07,24188.55,24208.75,24185.05,24206.95,14:20:00,24206.77793429196,3,62
2024-11-07,24202.65,24205.15,24186.9,24188.8,14:25:00,24206.38479769272,3,63
2024-11-07,24192.0,24203.5,24189.05,24201.7,14:30:00,24205.01481696008,3,64
2024-11-07,24196.4,24200.55,24188.15,24190.0,14:35:00,24204.194358201978,3,65
2024-11-07,24189.4,24200.1,24186.5,24196.2,14:40:00,24202.78537170655,3,66
2024-11-07,24184.5,24191.85,24181.0,24190.7,14:45:00,24201.0439077345,3,67
2024-11-07,24182.85,24190.05,24180.4,24183.25,14:50:00,24199.31115461693,3,68
2024-11-07,24200.1,24204.6,24181.2,24182.05,14:55:00,24199.38628274865,3,69
2024-11-07,24197.9,24205.4,24187.3,24201.9,15:00:00,24199.244732010684,3,70
2024-11-07,24203.35,24203.7,24195.15,24198.1,15:05:00,24199.635709914422,3,71
2024-11-07,24198.55,24205.75,24193.95,24202.15,15:10:00,24199.532308970192,3,72
2024-11-07,24204.75,24205.25,24195.85,24198.75,15:15:00,24200.02923192541,3,73
2024-11-07,24204.25,24205.7,24194.25,24204.65,15:20:00,24200.43120983728,3,74
2024-11-07,24190.6,24211.65,24189.75,24203.9,15:25:00,24199.49490413849,3,75
2024-11-08,24086.75,24220.45,24077.35,24220.45,09:15:00,24189.46430928344,4,1
2024-11-08,24091.55,24102.7,24067.45,24085.9,09:20:00,24180.13913697073,4,2
2024-11-08,24170.5,24192.3,24092.5,24092.5,09:25:00,24179.2211239259,4,3
2024-11-08,24186.35,24207.05,24155.65,24170.35,09:30:00,24179.90006450439,4,4
2024-11-08,24153.25,24194.25,24141.2,24191.0,09:35:00,24177.361963123018,4,5
2024-11-08,24183.55,24196.95,24146.45,24153.6,09:40:00,24177.951299968445,4,6
2024-11-08,24247.4,24275.2,24183.3,24183.3,09:45:00,24184.565461876213,4,7
2024-11-08,24176.55,24248.45,24146.35,24247.35,09:50:00,24183.802084554667,4,8
2024-11-08,24191.85,24196.1,24155.8,24175.45,09:55:00,24184.56855269232,4,9
2024-11-08,24169.6,24199.55,24159.45,24192.35,10:00:00,24183.142976245428,4,10
2024-11-08,24197.5,24197.95,24165.55,24168.9,10:05:00,24184.510311841103,4,11
2024-11-08,24201.8,24212.45,24182.4,24197.4,10:10:00,24186.156948808617,4,12
2024-11-08,24202.4,24210.1,24184.4,24202.35,10:15:00,24187.70390606494,4,13
2024-11-08,24206.75,24215.7,24201.65,24202.4,10:20:00,24189.51781977304,4,14
2024-11-08,24185.35,24213.65,24179.3,24206.8,10:25:00,24189.12088455656,4,15
2024-11-08,24179.3,24194.4,24178.25,24184.6,10:30:00,24188.18556221784,4,16
2024-11-08,24177.95,24183.35,24165.9,24179.05,10:35:00,24187.210746768524,4,17
2024-11-08,24171.15,24186.25,24167.85,24177.95,10:40:00,24185.681151838187,4,18
2024-11-08,24162.35,24172.05,24153.45,24171.05,10:45:00,24183.45913737741,4,19
2024-11-08,24158.8,24169.0,24157.05,24162.6,10:50:00,24181.110648103368,4,20
2024-11-08,24169.2,24171.0,24154.45,24158.5,10:55:00,24179.976300664952,4,21
2024-11-08,24162.0,24173.25,24155.5,24169.45,11:00:00,24178.2642720302,4,22
2024-11-08,24160.25,24166.65,24152.2,24161.0,11:05:00,24176.54862707494,4,23
2024-11-08,24168.95,24171.9,24158.35,24159.75,11:10:00,24175.824948305897,4,24
2024-11-08,24158.85,24173.75,24151.15,24169.0,11:15:00,24174.20828656248,4,25
2024-11-08,24146.9,24160.95,24146.65,24158.2,11:20:00,24171.60749736605,4,26
2024-11-08,24146.45,24152.2,24142.85,24146.3,11:25:00,24169.21154523595,4,27
2024-11-08,24142.45,24150.45,24138.95,24145.9,11:30:00,24166.66282664205,4,28
2024-11-08,24142.0,24149.35,24139.15,24141.85,11:35:00,24164.313986009474,4,29
2024-11-08,24144.2,24147.7,24137.65,24141.3,11:40:00,24162.39836829429,4,30
2024-11-08,24141.35,24146.05,24137.9,24143.6,11:45:00,24160.39376179008,4,31
2024-11-08,24120.15,24141.75,24118.0,24141.15,11:50:00,24156.56102257197,4,32
2024-11-08,24113.6,24122.8,24110.8,24120.3,11:55:00,24152.46949661273,4,33
2024-11-08,24113.85,24116.95,24105.75,24113.55,12:00:00,24148.791449316283,4,34
2024-11-08,24113.8,24120.1,24109.4,24113.9,12:05:00,24145.45893033377,4,35
2024-11-08,24119.45,24125.3,24108.6,24115.5,12:10:00,24142.98188934961,4,36
2024-11-08,24128.45,24137.4,24114.95,24118.6,12:15:00,24141.597899887744,4,37
2024-11-08,24121.85,24130.65,24120.15,24129.25,12:20:00,24139.71714751748,4,38
2024-11-08,24122.45,24128.1,24118.1,24122.25,12:25:00,24138.07265727772,4,39
2024-11-08,24140.25,24140.25,24120.4,24122.6,12:30:00,24138.28002325127,4,40
2024-11-08,24141.95,24144.95,24134.15,24140.1,12:35:00,24138.62954484639,4,41
2024-11-08,24146.65,24148.05,24139.65,24142.9,12:40:00,24139.39339771816,4,42
2024-11-08,24140.5,24149.5,24134.35,24146.8,12:45:00,24139.49878841167,4,43
2024-11-08,24136.35,24141.95,24132.8,24140.55,12:50:00,24139.19890380104,4,44
2024-11-08,24142.8,24142.8,24134.1,24137.4,12:55:00,24139.5418653438,4,45
2024-11-08,24145.05,24145.05,24133.75,24142.8,13:00:00,24140.06644959677,4,46
2024-11-08,24147.55,24149.35,24141.05,24145.05,13:05:00,24140.77916868279,4,47
2024-11-08,24169.1,24172.2,24145.4,24146.9,13:10:00,24143.476390713,4,48
2024-11-08,24162.15,24171.85,24158.8,24169.35,13:15:00,24145.25482969272,4,49
2024-11-08,24173.1,24177.1,24157.15,24162.55,13:20:00,24147.906750674363,4,50
2024-11-08,24176.1,24183.65,24168.15,24173.25,13:25:00,24150.59182203871,4,51
2024-11-08,24167.9,24181.7,24163.45,24176.15,13:30:00,24152.240219939787,4,52
2024-11-08,24154.25,24168.3,24143.0,24168.2,13:35:00,24152.43162756457,4,53
2024-11-08,24151.9,24156.4,24140.35,24154.7,13:40:00,24152.38099636795,4,54
2024-11-08,24150.1,24158.7,24145.5,24152.55,13:45:00,24152.16375861862,4,55
2024-11-08,24159.8,24166.75,24146.65,24150.5,13:50:00,24152.89101970256,4,56
2024-11-08,24151.6,24161.35,24142.95,24160.05,13:55:00,24152.768065445176,4,57
2024-11-08,24151.6,24153.55,24140.3,24151.45,14:00:00,24152.656821117067,4,58
2024-11-08,24145.05,24156.4,24143.7,24151.8,14:05:00,24151.93236196306,4,59
2024-11-08,24136.75,24148.4,24130.65,24146.35,14:10:00,24150.48642272848,4,60
2024-11-08,24129.8,24139.15,24128.4,24136.6,14:15:00,24148.51628723053,4,61
2024-11-08,24132.3,24135.1,24127.75,24131.35,14:20:00,24146.97187892286,4,62
2024-11-08,24139.4,24146.2,24130.25,24133.1,14:25:00,24146.25074759688,4,63
2024-11-08,24129.75,24140.95,24127.6,24138.8,14:30:00,24144.67924782574,4,64
2024-11-08,24141.4,24143.1,24125.0,24127.95,14:35:00,24144.366938509003,4,65
2024-11-08,24169.45,24172.3,24137.3,24140.8,14:40:00,24146.755801508145,4,66
2024-11-08,24163.05,24171.8,24145.85,24169.55,14:45:00,24148.30762993594,4,67
2024-11-08,24158.4,24171.25,24155.0,24162.75,14:50:00,24149.26880803728,4,68
2024-11-08,24159.75,24169.3,24157.7,24157.95,14:55:00,24150.267016795635,4,69
2024-11-08,24147.9,24167.75,24141.3,24162.55,15:00:00,24150.041586624626,4,70
2024-11-08,24161.85,24162.35,24138.9,24148.05,15:05:00,24151.16619742228,4,71
2024-11-08,24156.05,24162.85,24150.7,24162.6,15:10:00,24151.6313214773,4,72
2024-11-08,24148.75,24160.05,24141.55,24156.05,15:15:00,24151.35690990804,4,73
2024-11-08,24134.7,24153.5,24131.65,24148.55,15:20:00,24149.77053753584,4,74
2024-11-08,24110.35,24135.8,24104.7,24135.0,15:25:00,24146.016200627662,4,75
2024-11-11,24061.2,24091.9,24005.5,24091.9,09:15:00,24132.874712985456,0,1
2024-11-11,24064.25,24106.05,24049.5,24060.0,09:20:00,24126.33902603446,0,2
2024-11-11,24099.15,24103.55,24065.3,24066.25,09:25:00,24123.74959498356,0,3
2024-11-11,24143.95,24145.5,24097.55,24098.65,09:30:00,24125.673443080366,0,4
2024-11-11,24124.15,24157.3,24120.8,24144.55,09:35:00,24125.528353263187,0,5
2024-11-11,24145.7,24150.95,24097.35,24124.85,09:40:00,24127.449462476216,0,6
2024-11-11,24171.9,24176.55,24128.4,24144.4,09:45:00,24131.68284700229,0,7
2024-11-11,24160.15,24171.8,24147.9,24171.75,09:50:00,24134.394004430644,0,8
2024-11-11,24159.15,24178.5,24138.3,24159.85,09:55:00,24136.751718294392,0,9
2024-11-11,24135.3,24161.95,24133.8,24158.9,10:00:00,24136.61345940921,0,10
2024-11-11,24146.5,24156.5,24133.5,24135.55,10:05:00,24137.55503470357,0,11
2024-11-11,24123.15,24146.05,24114.5,24145.1,10:10:00,24136.18312663657,0,12
2024-11-11,24114.9,24127.9,24111.8,24122.95,10:15:00,24134.15616219499,0,13
2024-11-11,24157.05,24159.05,24112.6,24114.65,10:20:00,24136.33652770023,0,14
2024-11-11,24223.85,24223.85,24155.1,24157.35,10:25:00,24144.67114410973,0,15
2024-11-11,24219.9,24239.05,24217.0,24224.8,10:30:00,24151.835797051663,0,16
2024-11-11,24251.35,24258.4,24218.45,24220.5,10:35:00,24161.3133401896,0,17
2024-11-11,24239.45,24267.3,24234.15,24252.2,10:40:00,24168.754926838206,0,18
2024-11-11,24234.3,24251.55,24227.0,24237.65,10:45:00,24174.997314758377,0,19
2024-11-11,24241.85,24243.2,24226.7,24234.85,10:50:00,24181.364237162343,0,20
2024-11-11,24264.75,24265.8,24241.3,24241.5,10:55:00,24189.305738384977,0,21
2024-11-11,24273.2,24274.5,24261.65,24265.3,11:00:00,24197.2956680626,0,22
2024-11-11,24278.0,24281.2,24266.45,24272.45,11:05:00,24204.98179491378,0,23
2024-11-11,24309.65,24312.05,24275.45,24277.5,11:10:00,24214.95019539818,0,24
2024-11-11,24317.75,24325.9,24309.25,24309.35,11:15:00,24224.740652979308,0,25
2024-11-11,24316.95,24320.25,24306.2,24317.95,11:20:00,24233.52249555271,0,26
2024-11-11,24311.3,24317.25,24298.5,24316.5,11:25:00,24240.92987692864,0,27
2024-11-11,24315.95,24318.85,24309.55,24311.7,11:30:00,24248.07465055448,0,28
2024-11-11,24311.05,24323.2,24309.65,24316.3,11:35:00,24254.072302882625,0,29
2024-11-11,24331.7,24336.55,24310.35,24311.05,11:40:00,24261.465416893803,0,30
2024-11-11,24314.2,24333.55,24313.9,24331.9,11:45:00,24266.48775814201,0,31
2024-11-11,24299.6,24314.25,24294.3,24314.25,11:50:00,24269.641304985635,0,32
2024-11-11,24288.2,24304.45,24285.7,24300.15,11:55:00,24271.408799748908,0,33
2024-11-11,24280.75,24294.4,24265.15,24288.0,12:00:00,24272.29843786806,0,34
2024-11-11,24257.45,24280.4,24255.4,24279.9,12:05:00,24270.884300928246,0,35
2024-11-11,24253.6,24258.0,24235.0,24256.9,12:10:00,24269.23817703032,0,36
2024-11-11,24235.0,24262.15,24234.05,24253.7,12:15:00,24265.977398265524,0,37
2024-11-11,24217.15,24240.55,24202.4,24235.25,12:20:00,24261.327169859287,0,38
2024-11-11,24229.0,24235.75,24212.25,24216.85,12:25:00,24258.24839177745,0,39
2024-11-11,24228.4,24244.8,24226.7,24228.3,12:30:00,24255.405687798648,0,40
2024-11-11,24243.8,24252.5,24229.75,24229.9,12:35:00,24254.300384198777,0,41
2024-11-11,24244.45,24253.4,24239.8,24243.9,12:40:00,24253.362252370323,0,42
2024-11-11,24234.25,24256.95,24234.25,24244.55,12:45:00,24251.542037858864,0,43
2024-11-11,24234.35,24241.85,24231.0,24234.2,12:50:00,24249.904700919924,0,44
2024-11-11,24233.2,24236.3,24224.65,24233.85,12:55:00,24248.31377702279,0,45
2024-11-11,24234.1,24238.15,24224.9,24232.8,13:00:00,24246.960083973,0,46
2024-11-11,24224.25,24239.65,24222.9,24233.9,13:05:00,24244.797218832715,0,47
2024-11-11,24222.6,24237.05,24209.2,24223.3,13:10:00,24242.683197991504,0,48
2024-11-11,24189.3,24229.2,24178.95,24223.15,13:15:00,24237.59908389708,0,49
2024-11-11,24209.15,24219.1,24184.6,24186.9,13:20:00,24234.889647335447,0,50
2024-11-11,24200.15,24217.25,24199.9,24209.35,13:25:00,24231.58110949397,0,51
2024-11-11,24206.85,24214.65,24195.45,24199.9,13:30:00,24229.225765732645,0,52
2024-11-11,24193.8,24209.15,24193.05,24207.4,13:35:00,24225.85188328192,0,53
2024-11-11,24145.45,24193.55,24138.85,24192.3,13:40:00,24218.1945610646,0,54
2024-11-11,24140.1,24155.95,24138.05,24145.7,13:45:00,24210.756983820345,0,55
2024-11-11,24124.55,24145.45,24119.45,24139.6,13:50:00,24202.546794885075,0,56
2024-11-11,24155.1,24155.1,24124.15,24124.9,13:55:00,24198.028052515067,0,57
2024-11-11,24139.8,24158.75,24139.6,24154.8,14:00:00,24192.482523704108,0,58
2024-11-11,24125.5,24140.2,24125.2,24139.85,14:05:00,24186.10323573229,0,59
2024-11-11,24107.5,24134.15,24107.15,24125.0,14:10:00,24178.6172132816,0,60
2024-11-11,24092.35,24107.6,24081.75,24107.45,14:15:00,24170.40128820716,0,61
2024-11-11,24107.55,24109.55,24080.6,24092.0,14:20:00,24164.41545123505,0,62
2024-11-11,24139.3,24140.1,24105.75,24107.95,14:25:00,24162.02350349837,0,63
2024-11-11,24174.0,24174.15,24135.7,24138.8,14:30:00,24163.164122212816,0,64
2024-11-11,24191.5,24191.5,24169.7,24175.65,14:35:00,24165.862777240167,0,65
2024-11-11,24190.75,24197.6,24177.55,24191.35,14:40:00,24168.23298893158,0,66
2024-11-11,24178.85,24190.55,24172.45,24190.55,14:45:00,24169.244132842858,0,67
2024-11-11,24188.9,24204.0,24177.25,24178.95,14:50:00,24171.11612019116,0,68
2024-11-11,24167.9,24189.5,24163.55,24188.95,14:55:00,24170.809823030093,0,69
2024-11-11,24141.15,24173.35,24116.85,24172.95,15:00:00,24167.98507797961,0,70
2024-11-11,24169.35,24169.8,24137.95,24142.4,15:05:00,24168.11507055298,0,71
2024-11-11,24158.2,24174.0,24155.8,24169.75,15:10:00,24167.17077811936,0,72
2024-11-11,24130.0,24162.8,24127.2,24161.2,15:15:00,24163.63070401276,0,73
2024-11-11,24135.45,24141.4,24121.4,24131.15,15:20:00,24160.946827440108,0,74
2024-11-11,24122.1,24136.65,24118.0,24135.7,15:25:00,24157.247129588668,0,75
2024-11-12,24208.25,24239.4,24200.4,24227.4,09:15:00,24168.01159587644,1,1
2024-11-12,24199.95,24213.35,24183.55,24207.25,09:20:00,24171.053348650108,1,2
2024-11-12,24173.5,24203.65,24170.9,24200.85,09:25:00,24171.286363064384,1,3
2024-11-12,24187.2,24189.15,24160.2,24172.6,09:30:00,24172.80194753444,1,4
2024-11-12,24136.15,24187.7,24133.75,24186.15,09:35:00,24169.311285864496,1,5
2024-11-12,24153.9,24165.0,24133.2,24137.35,09:40:00,24167.8435443536,1,6
2024-11-12,24141.85,24156.35,24120.55,24154.3,09:45:00,24165.36796870087,1,7
2024-11-12,24131.65,24155.0,24131.5,24142.85,09:50:00,24162.1567335865,1,8
2024-11-12,24229.05,24233.2,24130.25,24131.8,09:55:00,24168.527520863976,1,9
2024-11-12,24157.15,24233.9,24138.65,24229.1,10:00:00,24167.44394744836,1,10
2024-11-12,24175.5,24175.5,24147.2,24156.15,10:05:00,24168.21119054852,1,11
2024-11-12,24164.35,24193.65,24157.55,24175.15,10:10:00,24167.843458115323,1,12
2024-11-12,24175.15,24193.65,24161.25,24164.6,10:15:00,24168.5393192472,1,13
2024-11-12,24169.95,24185.85,24168.1,24176.15,10:20:00,24168.673669795087,1,14
2024-11-12,24193.45,24198.7,24167.95,24168.75,10:25:00,24171.0333202908,1,15
2024-11-12,24159.55,24201.8,24155.2,24194.2,10:30:00,24169.93967073929,1,16
2024-11-12,24120.4,24160.2,24115.35,24158.25,10:35:00,24165.22160685936,1,17
2024-11-12,24132.7,24136.2,24107.05,24120.2,10:40:00,24162.12431096799,1,18
2024-11-12,24137.85,24138.85,24104.55,24132.0,10:45:00,24159.81247182818,1,19
2024-11-12,24135.6,24147.55,24126.4,24137.15,10:50:00,24157.506522130258,1,20
2024-11-12,24141.35,24154.55,24130.45,24135.1,10:55:00,24155.967805736906,1,21
2024-11-12,24136.25,24158.45,24131.45,24141.55,11:00:00,24154.08991947625,1,22
2024-11-12,24154.45,24154.65,24127.6,24134.0,11:05:00,24154.12421285946,1,23
2024-11-12,24140.5,24160.6,24138.15,24157.9,11:10:00,24152.826668777605,1,24
2024-11-12,24124.65,24150.1,24117.35,24139.9,11:15:00,24150.14317651307,1,25
2024-11-12,24155.7,24160.95,24124.4,24125.05,11:20:00,24150.67239779753,1,26
2024-11-12,24137.3,24156.15,24136.3,24156.15,11:25:00,24149.398836102533,1,27
2024-11-12,24148.2,24153.3,24133.9,24137.7,11:30:00,24149.284661235622,1,28
2024-11-12,24137.9,24152.6,24137.35,24148.05,11:35:00,24148.20040778461,1,29
2024-11-12,24131.2,24148.65,24125.15,24138.15,11:40:00,24146.581321328933,1,30
2024-11-12,24138.75,24151.05,24124.45,24131.65,11:45:00,24145.835481202368,1,31
2024-11-12,24137.95,24140.95,24128.05,24139.55,11:50:00,24145.084482992617,1,32
2024-11-12,24129.65,24146.35,24125.1,24137.95,11:55:00,24143.61453223141,1,33
2024-11-12,24132.65,24133.2,24125.25,24130.2,12:00:00,24142.57029106652,1,34
2024-11-12,24127.15,24141.55,24126.35,24132.55,12:05:00,24141.101691917323,1,35
2024-11-12,24110.9,24133.3,24100.4,24127.5,12:10:00,24138.22534030615,1,36
2024-11-12,24124.65,24127.1,24107.3,24110.4,12:15:00,24136.932450753186,1,37
2024-11-12,24119.1,24129.15,24113.0,24124.55,12:20:00,24135.23412211002,1,38
2024-11-12,24102.15,24121.7,24095.75,24120.2,12:25:00,24132.08325333764,1,39
2024-11-12,24108.35,24116.35,24098.0,24100.85,12:30:00,24129.82294349596,1,40
2024-11-12,24104.85,24121.2,24102.5,24108.5,12:35:00,24127.444567924915,1,41
2024-11-12,24050.05,24107.2,24040.15,24105.7,12:40:00,24120.07365669397,1,42
2024-11-12,23991.8,24053.7,23988.3,24050.35,12:45:00,24107.85711796121,1,43
2024-11-12,24009.5,24024.0,23989.85,23991.6,12:50:00,24098.48977339348,1,44
2024-11-12,24006.9,24019.75,23982.4,24009.65,12:55:00,24089.766937832195,1,45
2024-11-12,24027.95,24039.85,23999.5,24006.6,13:00:00,24083.879610419608,1,46
2024-11-12,24012.65,24030.45,24006.85,24027.9,13:05:00,24077.09583799869,1,47
2024-11-12,23993.9,24013.95,23990.55,24012.85,13:10:00,24069.17242485596,1,48
2024-11-12,23954.25,23994.05,23941.2,23994.0,13:15:00,24058.227432012536,1,49
2024-11-12,23972.25,23982.5,23952.5,23955.05,13:20:00,24050.0391051542,1,50
2024-11-12,23964.95,23974.8,23955.2,23972.15,13:25:00,24041.9353808538,1,51
2024-11-12,23941.05,23972.75,23939.2,23964.7,13:30:00,24032.327249343914,1,52
2024-11-12,23925.5,23943.3,23917.45,23940.55,13:35:00,24022.15322559688,1,53
2024-11-12,23929.45,23934.9,23913.3,23925.3,13:40:00,24013.3243469686,1,54
2024-11-12,23944.8,23987.55,23924.45,23927.2,13:45:00,24006.79821868588,1,55
2024-11-12,23965.1,23965.2,23937.85,23946.5,13:50:00,24002.826959763413,1,56
2024-11-12,23947.25,23976.55,23945.15,23965.1,13:55:00,23997.533915976423,1,57
2024-11-12,23941.6,23953.35,23937.2,23947.65,14:00:00,23992.20687635961,1,58
2024-11-12,23943.25,23972.3,23937.05,23941.6,14:05:00,23987.54431670632,1,59
2024-11-12,23944.25,23968.55,23939.8,23943.05,14:10:00,23983.421048448577,1,60
2024-11-12,23953.65,23955.65,23933.0,23943.15,14:15:00,23980.58571050109,1,61
2024-11-12,23958.85,23973.6,23949.65,23953.7,14:20:00,23978.51564283432,1,62
2024-11-12,23921.4,23964.85,23909.55,23960.45,14:25:00,23973.07605780248,1,63
2024-11-12,23970.8,23986.45,23919.4,23921.75,14:30:00,23972.859290392724,1,64
2024-11-12,23945.8,23992.55,23943.9,23972.85,14:35:00,23970.282215117222,1,65
2024-11-12,23944.15,23953.9,23933.0,23946.75,14:40:00,23967.79343272511,1,66
2024-11-12,23949.35,23962.3,23943.2,23944.7,14:45:00,23966.036915322715,1,67
2024-11-12,23943.3,23962.25,23941.8,23952.15,14:50:00,23963.87149481579,1,68
2024-11-12,23926.55,23951.5,23926.05,23942.4,14:55:00,23960.3170667381,1,69
2024-11-12,23916.15,23936.3,23908.25,23926.25,15:00:00,23956.11067942971,1,70
2024-11-12,23889.05,23927.6,23880.65,23916.25,15:05:00,23949.72394805545,1,71
2024-11-12,23870.8,23890.65,23866.75,23889.6,15:10:00,23942.20738157398,1,72
2024-11-12,23872.25,23879.25,23855.35,23870.35,15:15:00,23935.544773805028,1,73
2024-11-12,23869.35,23883.95,23862.3,23872.85,15:20:00,23929.24050963312,1,74
2024-11-12,23842.95,23873.85,23839.6,23869.15,15:25:00,23921.02236585854,1,75
2024-11-13,23831.75,23861.15,23782.2,23827.6,09:15:00,23904.026471825244,2,1
2024-11-13,23859.35,23873.15,23804.35,23831.35,09:20:00,23899.77156974665,2,2
2024-11-13,23800.4,23865.45,23800.4,23857.8,09:25:00,23890.30761072316,2,3
2024-11-13,23784.25,23857.5,23783.45,23801.75,09:30:00,23880.20688589238,2,4
2024-11-13,23784.25,23808.5,23779.95,23784.75,09:35:00,23871.068134855013,2,5
2024-11-13,23755.6,23793.8,23753.8,23783.9,09:40:00,23860.071169630726,2,6
2024-11-13,23722.65,23761.55,23709.6,23755.95,09:45:00,23846.983439189706,2,7
2024-11-13,23772.0,23807.05,23720.05,23722.1,09:50:00,23839.84215926688,2,8
2024-11-13,23793.9,23793.9,23757.0,23772.2,09:55:00,23835.46671552717,2,9
2024-11-13,23742.0,23795.35,23742.0,23792.55,10:00:00,23826.565123572203,2,10
2024-11-13,23718.2,23749.6,23705.25,23741.2,10:05:00,23816.244635612944,2,11
2024-11-13,23694.55,23731.7,23690.35,23716.95,10:10:00,23804.65467031647,2,12
2024-11-13,23708.85,23714.9,23679.55,23695.35,10:15:00,23795.530416000616,2,13
2024-11-13,23705.3,23709.6,23682.0,23708.15,10:20:00,23786.93704304818,2,14
2024-11-13,23729.0,23744.35,23705.6,23705.75,10:25:00,23781.419229424544,2,15
2024-11-13,23742.6,23743.25,23711.2,23728.85,10:30:00,23777.72215995554,2,16
2024-11-13,23729.35,23769.75,23729.05,23742.9,10:35:00,23773.115287578825,2,17
2024-11-13,23706.15,23729.95,23700.0,23729.7,10:40:00,23766.737641142747,2,18
2024-11-13,23726.8,23736.75,23702.55,23705.9,10:45:00,23762.93405627201,2,19
2024-11-13,23758.2,23782.25,23722.95,23727.15,10:50:00,23762.48319376992,2,20
2024-11-13,23735.55,23758.2,23728.55,23757.75,10:55:00,23759.91812769659,2,21
2024-11-13,23726.2,23745.6,23718.25,23735.95,11:00:00,23756.70687743977,2,22
2024-11-13,23716.2,23732.15,23711.05,23726.2,11:05:00,23752.849079588366,2,23
2024-11-13,23710.3,23727.5,23702.1,23715.4,11:10:00,23748.79678629424,2,24
2024-11-13,23690.85,23720.15,23690.85,23709.9,11:15:00,23743.278044742405,2,25
2024-11-13,23716.8,23718.5,23690.75,23692.3,11:20:00,23740.75632619551,2,26
2024-11-13,23708.65,23725.55,23704.8,23716.1,11:25:00,23737.69858084356,2,27
2024-11-13,23713.25,23713.75,23697.4,23710.45,11:30:00,23735.370144572746,2,28
2024-11-13,23715.2,23723.6,23706.5,23712.7,11:35:00,23733.44917842296,2,29
2024-11-13,23684.55,23718.45,23682.8,23715.4,11:40:00,23728.792113811247,2,30
2024-11-13,23713.95,23715.85,23684.95,23685.7,11:45:00,23727.37857916256,2,31
2024-11-13,23706.05,23718.4,23706.0,23713.55,11:50:00,23725.34728590898,2,32
2024-11-13,23714.6,23716.1,23702.3,23705.9,11:55:00,23724.32373487003,2,33
2024-11-13,23705.3,23727.8,23702.6,23715.45,12:00:00,23722.51195059669,2,34
2024-11-13,23689.75,23706.6,23684.2,23704.95,12:05:00,23719.39176482558,2,35
2024-11-13,23684.2,23693.05,23680.25,23689.85,12:10:00,23716.040168175525,2,36
2024-11-13,23704.1,23707.2,23682.45,23684.9,12:15:00,23714.903009301663,2,37
2024-11-13,23713.25,23717.55,23696.65,23704.3,12:20:00,23714.74557984437,2,38
2024-11-13,23693.9,23713.25,23690.95,23712.6,12:25:00,23712.760286525856,2,39
2024-11-13,23710.4,23715.35,23687.5,23694.0,12:30:00,23712.53549733292,2,40
2024-11-13,23693.5,23710.2,23689.7,23710.05,12:35:00,23710.72259282502,2,41
2024-11-13,23679.4,23694.7,23678.15,23693.85,12:40:00,23707.739488746447,2,42
2024-11-13,23675.2,23686.75,23657.2,23679.25,12:45:00,23704.64048981821,2,43
2024-11-13,23667.25,23687.35,23664.2,23674.9,12:50:00,23701.07949078791,2,44
2024-11-13,23659.1,23673.1,23651.1,23666.0,12:55:00,23697.081444046205,2,45
2024-11-13,23649.1,23659.35,23641.05,23658.9,13:00:00,23692.511782708472,2,46
2024-11-13,23643.7,23653.75,23637.9,23649.45,13:05:00,23687.86304149814,2,47
2024-11-13,23673.55,23681.95,23633.2,23641.8,13:10:00,23686.4998946888,2,48
2024-11-13,23665.55,23675.45,23646.75,23674.45,13:15:00,23684.5046666232,2,49
2024-11-13,23655.75,23671.4,23650.65,23665.25,13:20:00,23681.7661269448,2,50
2024-11-13,23640.3,23662.55,23636.1,23655.45,13:25:00,23677.816971997672,2,51
2024-11-13,23642.2,23657.4,23640.25,23640.25,13:30:00,23674.424879426464,2,52
2024-11-13,23667.95,23687.15,23641.4,23642.15,13:35:00,23673.808224242992,2,53
2024-11-13,23686.1,23686.3,23662.0,23668.25,13:40:00,23674.978869553182,2,54
2024-11-13,23707.6,23717.0,23685.85,23685.85,13:45:00,23678.085643881448,2,55
2024-11-13,23696.3,23722.3,23691.1,23707.15,13:50:00,23679.82034446417,2,56
2024-11-13,23698.65,23721.0,23693.5,23695.8,13:55:00,23681.613644991387,2,57
2024-11-13,23677.75,23708.8,23675.0,23698.9,14:00:00,23681.24567880173,2,58
2024-11-13,23672.25,23692.8,23669.8,23676.7,14:05:00,23680.38894748728,2,59
2024-11-13,23656.15,23674.8,23641.0,23674.8,14:10:00,23678.08047629802,2,60
2024-11-13,23643.55,23658.9,23635.9,23656.65,14:15:00,23674.79185950773,2,61
2024-11-13,23612.9,23644.6,23612.9,23644.3,14:20:00,23668.89739669747,2,62
2024-11-13,23598.95,23627.05,23596.9,23614.15,14:25:00,23662.23573986914,2,63
2024-11-13,23575.9,23606.75,23570.7,23596.85,14:30:00,23654.01328845303,2,64
2024-11-13,23593.4,23593.4,23559.4,23576.35,14:35:00,23648.240594314644,2,65
2024-11-13,23560.75,23595.1,23549.3,23592.55,14:40:00,23639.908156760863,2,66
2024-11-13,23564.1,23574.2,23545.75,23561.45,14:45:00,23632.68833230745,2,67
2024-11-13,23581.55,23586.75,23548.1,23564.4,14:50:00,23627.818014944834,2,68
2024-11-13,23557.6,23582.55,23553.25,23581.7,14:55:00,23621.13058495009,2,69
2024-11-13,23517.95,23570.0,23511.2,23560.25,15:00:00,23611.30386257389,2,70
2024-11-13,23541.6,23541.6,23509.85,23517.55,15:05:00,23604.66539947161,2,71
2024-11-13,23543.8,23550.4,23536.95,23539.75,15:10:00,23598.86869476003,2,72
2024-11-13,23585.1,23585.1,23544.95,23544.95,15:15:00,23597.55739049717,2,73
2024-11-13,23603.75,23603.75,23584.05,23584.85,15:20:00,23598.147162830774,2,74
2024-11-13,23602.9,23618.85,23594.3,23604.0,15:25:00,23598.59981398975,2,75
2024-11-14,23606.05,23643.55,23569.55,23575.1,09:15:00,23594.445199207028,3,1
2024-11-14,23615.1,23624.1,23558.4,23604.9,09:20:00,23596.41232309208,3,2
2024-11-14,23581.6,23623.3,23572.65,23614.5,09:25:00,23595.00162565473,3,3
2024-11-14,23586.55,23603.05,23575.35,23581.2,09:30:00,23594.19670892571,3,4
2024-11-14,23587.05,23600.6,23576.05,23587.55,09:35:00,23593.516069980404,3,5
2024-11-14,23575.05,23593.5,23502.55,23587.85,09:40:00,23591.757396648936,3,6
2024-11-14,23573.85,23597.9,23558.8,23575.05,09:45:00,23590.05193030141,3,7
2024-11-14,23572.55,23585.25,23560.65,23572.35,09:50:00,23588.38507979652,3,8
2024-11-14,23596.65,23608.85,23572.65,23572.65,09:55:00,23589.17221505399,3,9
2024-11-14,23653.6,23675.6,23594.9,23597.2,10:00:00,23595.30819457266,3,10
2024-11-14,23634.5,23663.6,23629.75,23655.4,10:05:00,23599.040747470503,3,11
2024-11-14,23616.9,23636.9,23612.85,23634.25,10:10:00,23600.74162866379,3,12
2024-11-14,23603.8,23618.5,23600.75,23617.75,10:15:00,23601.03290212438,3,13
2024-11-14,23606.3,23621.65,23599.3,23602.75,10:20:00,23601.53453049349,3,14
2024-11-14,23586.5,23608.65,23586.2,23606.3,10:25:00,23600.10267044649,3,15
2024-11-14,23607.9,23608.7,23585.05,23587.5,10:30:00,23600.84527326111,3,16
2024-11-14,23573.2,23610.9,23567.4,23607.25,10:35:00,23598.212390093384,3,17
2024-11-14,23587.65,23590.05,23568.75,23573.25,10:40:00,23597.206448179728,3,18
2024-11-14,23579.3,23590.55,23561.35,23588.5,10:45:00,23595.50107216261,3,19
2024-11-14,23552.85,23582.4,23549.55,23579.8,10:50:00,23591.439065289986,3,20
2024-11-14,23554.1,23563.4,23547.8,23554.3,10:55:00,23587.882963833792,3,21
2024-11-14,23536.4,23562.55,23530.95,23554.1,11:00:00,23582.97982442105,3,22
2024-11-14,23520.9,23541.1,23505.35,23536.25,11:05:00,23577.067460190472,3,23
2024-11-14,23490.9,23522.0,23486.7,23521.7,11:10:00,23568.861035410428,3,24
2024-11-14,23508.05,23516.05,23490.25,23492.0,11:15:00,23563.06950822848,3,25
2024-11-14,23506.75,23513.9,23495.25,23509.05,11:20:00,23557.705745540054,3,26
2024-11-14,23509.25,23517.0,23497.95,23507.3,11:25:00,23553.09091263148,3,27
2024-11-14,23520.75,23521.2,23497.0,23509.45,11:30:00,23550.01082571419,3,28
2024-11-14,23507.75,23525.0,23501.45,23522.0,11:35:00,23545.98598516998,3,29
2024-11-14,23513.4,23523.25,23506.7,23508.2,11:40:00,23542.882558010933,3,30
2024-11-14,23516.35,23520.25,23508.45,23513.3,11:45:00,23540.35564772418,3,31
2024-11-14,23510.45,23520.55,23499.05,23516.6,11:50:00,23537.507490798067,3,32
2024-11-14,23527.75,23530.15,23504.85,23510.45,11:55:00,23536.578205960155,3,33
2024-11-14,23524.95,23532.15,23519.15,23527.55,12:00:00,23535.47075777348,3,34
2024-11-14,23531.95,23539.7,23521.05,23525.25,12:05:00,23535.13544750933,3,35
2024-11-14,23562.9,23568.65,23531.95,23531.95,12:10:00,23537.77969060368,3,36
2024-11-14,23547.8,23563.85,23545.15,23562.7,12:15:00,23538.73400578428,3,37
2024-11-14,23534.75,23547.5,23530.6,23547.5,12:20:00,23538.35457666197,3,38
2024-11-14,23528.35,23536.4,23526.4,23533.9,12:25:00,23537.401759837023,3,39
2024-11-14,23521.7,23530.6,23516.9,23529.05,12:30:00,23535.90635413826,3,40
2024-11-14,23523.6,23525.35,23513.15,23522.5,12:35:00,23534.734320410807,3,41
2024-11-14,23522.05,23529.1,23517.95,23522.75,12:40:00,23533.526289895493,3,42
2024-11-14,23529.05,23532.05,23518.65,23521.6,12:45:00,23533.09997657211,3,43
2024-11-14,23547.2,23550.2,23522.25,23528.95,12:50:00,23534.4428359462,3,44
2024-11-14,23536.35,23550.35,23526.1,23547.4,12:55:00,23534.624470617982,3,45
2024-11-14,23539.2,23547.35,23531.9,23535.85,13:00:00,23535.06023532103,3,46
2024-11-14,23546.95,23550.6,23537.15,23539.8,13:05:00,23536.192593861884,3,47
2024-11-14,23549.95,23552.85,23542.3,23546.8,13:10:00,23537.50282301789,3,48
2024-11-14,23554.65,23559.0,23547.0,23550.3,13:15:00,23539.13588749238,3,49
2024-11-14,23556.75,23558.8,23544.8,23555.55,13:20:00,23540.81342201692,3,50
2024-11-14,23559.95,23570.8,23555.15,23557.25,13:25:00,23542.6359532534,3,51
2024-11-14,23537.1,23561.0,23533.8,23560.65,13:30:00,23542.108719610216,3,52
2024-11-14,23533.4,23543.65,23532.2,23536.85,13:35:00,23541.279317742577,3,53
2024-11-14,23524.45,23533.25,23520.15,23532.55,13:40:00,23539.67652557662,3,54
2024-11-14,23521.9,23531.65,23516.1,23524.3,13:45:00,23537.983523140752,3,55
2024-11-14,23524.65,23530.0,23517.9,23521.55,13:50:00,23536.713663794017,3,56
2024-11-14,23532.05,23540.3,23522.25,23524.25,13:55:00,23536.26950533744,3,57
2024-11-14,23545.8,23550.7,23529.35,23531.4,14:00:00,23537.17717149578,3,58
2024-11-14,23542.6,23546.05,23533.25,23545.75,14:05:00,23537.69363135332,3,59
2024-11-14,23548.65,23548.65,23534.2,23541.9,14:10:00,23538.73709503396,3,60
2024-11-14,23540.85,23550.25,23531.1,23548.75,14:15:00,23538.938324078343,3,61
2024-11-14,23543.85,23545.55,23532.2,23541.0,14:20:00,23539.406102737543,3,62
2024-11-14,23533.75,23548.4,23530.25,23544.3,14:25:00,23538.86742628635,3,63
2024-11-14,23543.4,23547.45,23532.85,23533.1,14:30:00,23539.299099973363,3,64
2024-11-14,23536.1,23543.85,23535.15,23543.7,14:35:00,23538.99442378542,3,65
2024-11-14,23536.7,23541.0,23528.75,23537.05,14:40:00,23538.775907234427,3,66
2024-11-14,23533.25,23538.6,23520.65,23535.75,14:45:00,23538.24963035496,3,67
2024-11-14,23530.05,23538.75,23523.95,23534.7,14:50:00,23537.468713178296,3,68
2024-11-14,23528.45,23533.15,23523.1,23532.0,14:55:00,23536.609788113696,3,69
2024-11-14,23512.1,23531.35,23507.4,23529.9,15:00:00,23534.275522579057,3,70
2024-11-14,23534.85,23550.55,23484.4,23513.45,15:05:00,23534.330234714387,3,71
2024-11-14,23540.15,23542.95,23509.8,23536.05,15:10:00,23534.884498074924,3,72
2024-11-14,23543.1,23547.4,23534.15,23541.3,15:15:00,23535.666926829694,3,73
2024-11-14,23546.9,23551.7,23541.95,23543.95,15:20:00,23536.736743322104,3,74
2024-11-14,23559.6,23562.55,23544.6,23547.65,15:25:00,23538.914196339047,3,75
2024-11-18,23528.2,23593.75,23514.3,23593.75,09:15:00,23543.61411537051,0,1
2024-11-18,23500.1,23532.1,23484.9,23531.6,09:20:00,23539.46991390665,0,2
2024-11-18,23472.3,23501.45,23463.8,23499.6,09:25:00,23533.07277924888,0,3
2024-11-18,23437.3,23496.6,23433.45,23471.15,09:30:00,23523.95156217756,0,4
2024-11-18,23396.95,23444.3,23394.8,23436.65,09:35:00,23511.856175303503,0,5
2024-11-18,23368.35,23407.85,23366.9,23395.05,09:40:00,23498.188920512694,0,6
2024-11-18,23425.65,23439.05,23363.05,23366.7,09:45:00,23491.28045189244,0,7
2024-11-18,23406.85,23436.15,23391.55,23424.9,09:50:00,23483.23945647411,0,8
2024-11-18,23405.85,23421.55,23400.05,23405.9,09:55:00,23475.86903204801,0,9
2024-11-18,23471.35,23475.3,23397.6,23406.5,10:00:00,23475.43864804344,0,10
2024-11-18,23486.65,23486.95,23453.4,23471.8,10:05:00,23476.506395848824,0,11
2024-11-18,23450.0,23488.75,23450.0,23487.05,10:10:00,23473.98197719656,0,12
2024-11-18,23425.9,23452.3,23415.9,23449.6,10:15:00,23469.40274127308,0,13
2024-11-18,23452.3,23460.6,23418.45,23424.15,10:20:00,23467.77390877088,0,14
2024-11-18,23406.1,23453.45,23403.7,23453.25,10:25:00,23461.900203173653,0,15
2024-11-18,23399.05,23416.1,23393.2,23406.4,10:30:00,23455.914469538067,0,16
2024-11-18,23381.15,23404.0,23380.4,23399.85,10:35:00,23448.794043867776,0,17
2024-11-18,23370.35,23388.35,23365.75,23381.1,10:40:00,23441.32318254704,0,18
2024-11-18,23353.35,23383.25,23350.65,23370.15,10:45:00,23432.94478420922,0,19
2024-11-18,23372.85,23379.7,23353.5,23353.5,10:50:00,23427.22147142739,0,20
2024-11-18,23413.5,23415.2,23372.1,23373.15,10:55:00,23425.91466462478,0,21
2024-11-18,23385.55,23416.1,23384.85,23413.2,11:00:00,23422.070410851,0,22
2024-11-18,23368.8,23392.25,23367.35,23385.4,11:05:00,23416.997038388992,0,23
2024-11-18,23380.65,23389.2,23367.55,23369.15,11:10:00,23413.53541568528,0,24
2024-11-18,23404.8,23410.8,23379.4,23381.6,11:15:00,23412.703471334306,0,25
2024-11-18,23397.9,23408.85,23396.35,23404.95,11:20:00,23411.29361692151,0,26
2024-11-18,23426.35,23437.9,23397.2,23397.8,11:25:00,23412.72755816708,0,27
2024-11-18,23409.3,23427.9,23406.85,23426.25,11:30:00,23412.40112405593,0,28
2024-11-18,23413.1,23419.3,23404.95,23409.1,11:35:00,23412.46768366965,0,29
2024-11-18,23432.9,23432.9,23410.95,23413.15,11:40:00,23414.413618558254,0,30
2024-11-18,23425.9,23447.6,23421.45,23432.8,11:45:00,23415.507559647944,0,31
2024-11-18,23439.45,23440.3,23418.4,23425.25,11:50:00,23417.787792062423,0,32
2024-11-18,23453.4,23453.95,23424.7,23438.7,11:55:00,23421.179430913624,0,33
2024-11-18,23461.25,23470.95,23447.85,23453.25,12:00:00,23424.99567558852,0,34
2024-11-18,23468.85,23475.65,23458.5,23461.2,12:05:00,23429.17227791342,0,35
2024-11-18,23477.55,23485.05,23463.05,23469.5,12:10:00,23433.779680016905,0,36
2024-11-18,23485.4,23491.15,23468.95,23477.65,12:15:00,23438.69590096768,0,37
2024-11-18,23480.55,23486.05,23463.1,23484.95,12:20:00,23442.68200563742,0,38
2024-11-18,23542.5,23543.5,23479.6,23480.5,12:25:00,23452.188481291,0,39
2024-11-18,23534.2,23565.25,23518.3,23542.25,12:30:00,23459.999102120422,0,40
2024-11-18,23510.4,23541.0,23503.95,23532.55,12:35:00,23464.799187632765,0,41
2024-11-18,23525.7,23537.0,23507.15,23510.55,12:40:00,23470.59926500108,0,42
2024-11-18,23553.1,23554.8,23516.75,23525.75,12:45:00,23478.45647785811,0,43
2024-11-18,23505.6,23553.9,23503.3,23553.45,12:50:00,23481.04157520496,0,44
2024-11-18,23480.95,23505.4,23476.1,23505.3,12:55:00,23481.032853756868,0,45
2024-11-18,23492.05,23503.5,23475.3,23480.75,13:00:00,23482.08210578002,0,46
2024-11-18,23507.15,23508.55,23486.7,23491.85,13:05:00,23484.46952427716,0,47
2024-11-18,23492.15,23507.85,23478.4,23507.7,13:10:00,23485.200998155524,0,48
2024-11-18,23452.35,23492.35,23447.9,23491.05,13:15:00,23482.07233166452,0,49
2024-11-18,23466.0,23472.65,23450.7,23453.85,13:20:00,23480.54163341076,0,50
2024-11-18,23459.8,23465.65,23446.8,23465.65,13:25:00,23478.56623975259,0,51
2024-11-18,23467.85,23472.2,23443.75,23459.6,13:30:00,23477.54564549044,0,52
2024-11-18,23499.1,23505.3,23457.9,23466.85,13:35:00,23479.59844115801,0,53
2024-11-18,23463.6,23498.6,23458.5,23498.6,13:40:00,23478.074780095347,0,54
2024-11-18,23473.9,23474.45,23462.0,23463.25,13:45:00,23477.67718199103,0,55
2024-11-18,23496.9,23499.75,23471.35,23473.15,13:50:00,23479.50792656331,0,56
2024-11-18,23492.4,23497.0,23482.5,23496.65,13:55:00,23480.735743081088,0,57
2024-11-18,23483.6,23503.6,23476.55,23492.8,14:00:00,23481.00852945432,0,58
2024-11-18,23493.25,23494.35,23474.0,23483.85,14:05:00,23482.174383792,0,59
2024-11-18,23484.7,23495.55,23477.15,23493.1,14:10:00,23482.41491866896,0,60
2024-11-18,23477.95,23486.2,23470.1,23484.5,14:15:00,23481.98968831953,0,61
2024-11-18,23460.35,23480.5,23457.0,23480.25,14:20:00,23479.92876562243,0,62
2024-11-18,23443.2,23475.25,23440.05,23462.1,14:25:00,23476.430787944104,0,63
2024-11-18,23420.65,23448.05,23413.05,23443.9,14:30:00,23471.118331949427,0,64
2024-11-18,23432.7,23433.45,23414.25,23421.95,14:35:00,23467.45944319234,0,65
2024-11-18,23437.0,23438.15,23421.9,23433.3,14:40:00,23464.55854384069,0,66
2024-11-18,23459.5,23469.25,23429.45,23438.2,14:45:00,23464.076777760623,0,67
2024-11-18,23469.8,23475.75,23443.3,23457.3,14:50:00,23464.621846545328,0,68
2024-11-18,23451.3,23471.15,23450.75,23469.8,14:55:00,23463.3530992553,0,69
2024-11-18,23447.25,23461.9,23438.1,23450.05,15:00:00,23461.819470754792,0,70
2024-11-18,23440.65,23451.25,23437.45,23447.3,15:05:00,23459.80333068291,0,71
2024-11-18,23453.55,23459.05,23435.9,23439.85,15:10:00,23459.20777537977,0,72
2024-11-18,23462.55,23474.85,23452.0,23453.3,15:15:00,23459.526082486464,0,73
2024-11-18,23449.2,23462.9,23447.95,23462.9,15:20:00,23458.54264605918,0,74
2024-11-18,23465.3,23467.9,23448.3,23448.85,15:25:00,23459.186203577352,0,75
2024-11-19,23590.05,23601.3,23523.65,23538.2,09:15:00,23477.71251585357,1,1
2024-11-19,23639.35,23639.35,23581.15,23592.1,09:20:00,23493.106561962755,1,2
2024-11-19,23663.85,23665.35,23620.3,23640.15,09:25:00,23509.367841775827,1,3
2024-11-19,23671.55,23676.95,23641.5,23664.1,09:30:00,23524.813761606703,1,4
2024-11-19,23689.75,23694.4,23667.3,23672.0,09:35:00,23540.52197478701,1,5
2024-11-19,23702.6,23702.6,23673.5,23689.1,09:40:00,23555.957977188256,1,6
2024-11-19,23671.6,23709.15,23670.7,23701.9,09:45:00,23566.971503170327,1,7
2024-11-19,23684.85,23684.85,23645.4,23672.95,09:50:00,23578.19802667792,1,8
2024-11-19,23675.7,23693.7,23663.9,23683.85,09:55:00,23587.483928899062,1,9
2024-11-19,23688.7,23702.3,23675.8,23675.8,10:00:00,23597.1235547182,1,10
2024-11-19,23695.7,23702.75,23685.25,23689.75,10:05:00,23606.511787602183,1,11
2024-11-19,23691.85,23709.15,23691.3,23695.5,10:10:00,23614.63923640197,1,12
2024-11-19,23687.7,23697.15,23682.45,23691.9,10:15:00,23621.59740436369,1,13
2024-11-19,23708.0,23708.85,23687.35,23687.5,10:20:00,23629.82622299572,1,14
2024-11-19,23743.5,23744.4,23708.15,23708.15,10:25:00,23640.65229699613,1,15
2024-11-19,23719.85,23749.25,23719.3,23742.9,10:30:00,23648.19493537745,1,16
2024-11-19,23731.6,23736.95,23719.55,23720.75,10:35:00,23656.138274865312,1,17
2024-11-19,23712.8,23739.5,23709.35,23731.55,10:40:00,23661.53462964004,1,18
2024-11-19,23694.85,23719.7,23693.3,23712.75,10:45:00,23664.707522055272,1,19
2024-11-19,23703.75,23704.9,23690.9,23695.2,10:50:00,23668.425853288103,1,20
2024-11-19,23713.9,23716.2,23700.3,23704.2,10:55:00,23672.756724403524,1,21
2024-11-19,23732.65,23732.9,23713.0,23713.1,11:00:00,23678.4608458889,1,22
2024-11-19,23737.1,23741.95,23729.5,23731.9,11:05:00,23684.04552723281,1,23
2024-11-19,23736.25,23739.5,23729.05,23737.45,11:10:00,23689.017381782072,1,24
2024-11-19,23730.9,23737.55,23728.7,23736.75,11:15:00,23693.00620256473,1,25
2024-11-19,23743.15,23744.7,23725.75,23731.2,11:20:00,23697.78180232047,1,26
2024-11-19,23758.9,23762.6,23743.45,23743.55,11:25:00,23703.602583051856,1,27
2024-11-19,23763.0,23770.35,23756.6,23759.45,11:30:00,23709.25947990406,1,28
2024-11-19,23776.75,23777.45,23755.5,23762.9,11:35:00,23715.687148484627,1,29
2024-11-19,23772.0,23779.7,23766.95,23776.8,11:40:00,23721.05027720038,1,30
2024-11-19,23775.65,23780.25,23765.25,23773.25,11:45:00,23726.25025080034,1,31
2024-11-19,23761.65,23775.3,23761.25,23775.2,11:50:00,23729.621655486026,1,32
2024-11-19,23752.25,23761.9,23749.4,23761.9,11:55:00,23731.77673591593,1,33
2024-11-19,23759.95,23760.8,23747.95,23752.65,12:00:00,23734.459903923933,1,34
2024-11-19,23740.75,23764.1,23736.3,23758.45,12:05:00,23735.05896069308,1,35
2024-11-19,23749.35,23750.6,23736.15,23740.6,12:10:00,23736.42001205564,1,36
2024-11-19,23757.65,23765.45,23746.6,23749.4,12:15:00,23738.44191566939,1,37
2024-11-19,23749.55,23764.6,23749.55,23757.9,12:20:00,23739.49982846278,1,38
2024-11-19,23746.3,23753.6,23744.5,23750.05,12:25:00,23740.14746384728,1,39
2024-11-19,23753.65,23754.95,23740.75,23745.95,12:30:00,23741.433419671343,1,40
2024-11-19,23751.8,23757.2,23747.25,23753.4,12:35:00,23742.42071303598,1,41
2024-11-19,23732.75,23753.95,23727.65,23752.25,12:40:00,23741.49969274684,1,42
2024-11-19,23745.85,23746.1,23724.2,23732.4,12:45:00,23741.91400772333,1,43
2024-11-19,23746.8,23751.0,23739.8,23745.7,12:50:00,23742.37934032111,1,44
2024-11-19,23751.7,23754.05,23741.4,23746.25,12:55:00,23743.26702219529,1,45
2024-11-19,23750.25,23758.55,23748.35,23751.25,13:00:00,23743.9320677005,1,46
2024-11-19,23753.1,23757.3,23748.2,23749.3,13:05:00,23744.80520410998,1,47
2024-11-19,23760.0,23762.05,23750.8,23752.95,13:10:00,23746.25232752808,1,48
2024-11-19,23762.15,23766.45,23753.55,23761.0,13:15:00,23747.76639157302,1,49
2024-11-19,23746.65,23765.15,23742.7,23763.85,13:20:00,23747.660068566063,1,50
2024-11-19,23744.8,23750.35,23738.45,23746.7,13:25:00,23747.387681083583,1,51
2024-11-19,23761.05,23764.0,23741.65,23745.2,13:30:00,23748.68885431372,1,52
2024-11-19,23761.3,23763.7,23752.05,23760.45,13:35:00,23749.88991580765,1,53
2024-11-19,23754.7,23765.45,23751.25,23760.25,13:40:00,23750.348019064066,1,54
2024-11-19,23759.35,23764.55,23753.1,23754.8,13:45:00,23751.20535058177,1,55
2024-11-19,23764.9,23766.65,23754.8,23759.1,13:50:00,23752.50960290732,1,56
2024-11-19,23766.55,23771.7,23761.05,23765.2,13:55:00,23753.84678358281,1,57
2024-11-19,23741.5,23767.6,23741.0,23766.05,14:00:00,23752.67089943207,1,58
2024-11-19,23716.55,23743.7,23710.75,23741.6,14:05:00,23749.230813771872,1,59
2024-11-19,23707.35,23725.3,23701.85,23716.9,14:10:00,23745.242164841216,1,60
2024-11-19,23726.25,23727.0,23703.0,23707.2,14:15:00,23743.433387237288,1,61
2024-11-19,23714.35,23726.9,23708.45,23725.85,14:20:00,23740.66354083373,1,62
2024-11-19,23699.3,23715.55,23688.15,23714.4,14:25:00,23736.724155992422,1,63
2024-11-19,23697.6,23709.75,23691.6,23699.35,14:30:00,23732.99804589791,1,64
2024-11-19,23702.55,23703.85,23689.8,23697.4,14:35:00,23730.09823200287,1,65
2024-11-19,23698.6,23704.55,23686.15,23702.4,14:40:00,23727.09840038355,1,66
2024-11-19,23695.9,23717.45,23692.15,23698.35,14:45:00,23724.127124156545,1,67
2024-11-19,23636.75,23696.65,23635.95,23696.4,14:50:00,23715.80549328449,1,68
2024-11-19,23581.2,23635.2,23576.3,23635.2,14:55:00,23702.98592249549,1,69
2024-11-19,23550.75,23583.25,23510.05,23582.2,15:00:00,23688.487263210205,1,70
2024-11-19,23541.0,23578.6,23533.7,23547.35,15:05:00,23674.440857190184,1,71
2024-11-19,23492.55,23541.85,23487.1,23541.25,15:10:00,23657.117918410164,1,72
2024-11-19,23503.3,23518.3,23477.3,23492.65,15:15:00,23642.468592847294,1,73
2024-11-19,23503.9,23508.7,23497.05,23503.05,15:20:00,23629.27158400469,1,74
2024-11-19,23468.7,23503.75,23466.65,23502.4,15:25:00,23613.97905219472,1,75
2024-11-21,23371.95,23493.2,23343.7,23493.2,09:15:00,23580.11210395078,3,1
2024-11-21,23372.05,23421.65,23359.15,23373.0,09:20:00,23560.29666547928,3,2
2024-11-21,23379.5,23391.7,23359.2,23371.05,09:25:00,23543.07793543364,3,3
2024-11-21,23312.05,23386.75,23309.7,23380.2,09:30:00,23521.075274916147,3,4
2024-11-21,23283.6,23324.55,23283.2,23312.35,09:35:00,23498.458582067,3,5
2024-11-21,23321.6,23327.35,23264.15,23282.05,09:40:00,23481.614907584422,3,6
2024-11-21,23296.95,23345.0,23292.2,23321.35,09:45:00,23464.027773528764,3,7
2024-11-21,23310.75,23328.1,23292.1,23298.0,09:50:00,23449.42989033555,3,8
2024-11-21,23318.05,23334.4,23308.6,23310.0,09:55:00,23436.9175198274,3,9
2024-11-21,23345.8,23347.1,23289.7,23317.85,10:00:00,23428.239660796226,3,10
2024-11-21,23326.55,23376.5,23325.8,23345.6,10:05:00,23418.55493119658,3,11
2024-11-21,23308.75,23338.15,23308.15,23326.45,10:10:00,23408.09731870167,3,12
2024-11-21,23316.3,23323.35,23296.35,23308.4,10:15:00,23399.35471692056,3,13
2024-11-21,23339.8,23350.6,23309.3,23314.3,10:20:00,23393.6828391186,3,14
2024-11-21,23327.4,23345.45,23318.55,23339.15,10:25:00,23387.370187773973,3,15
2024-11-21,23319.6,23344.15,23319.4,23327.25,10:30:00,23380.91588417645,3,16
2024-11-21,23312.0,23324.6,23305.7,23320.3,10:35:00,23374.352466635843,3,17
2024-11-21,23313.25,23320.65,23305.5,23312.1,10:40:00,23368.53318409909,3,18
2024-11-21,23318.5,23320.75,23307.95,23313.35,10:45:00,23363.7681189468,3,19
2024-11-21,23333.8,23335.9,23312.25,23319.15,10:50:00,23360.914012380435,3,20
2024-11-21,23323.95,23333.5,23318.85,23333.5,10:55:00,23357.393630248964,3,21
2024-11-21,23335.05,23337.1,23318.2,23322.9,11:00:00,23355.265665463347,3,22
2024-11-21,23331.55,23340.9,23326.95,23335.15,11:05:00,23353.007030657314,3,23
2024-11-21,23335.55,23342.6,23322.95,23330.8,11:10:00,23351.344456309,3,24
2024-11-21,23337.75,23341.15,23332.15,23335.55,11:15:00,23350.049746184333,3,25
2024-11-21,23332.1,23349.05,23330.1,23337.45,11:20:00,23348.34024654773,3,26
2024-11-21,23342.2,23343.55,23327.6,23331.0,11:25:00,23347.75546116224,3,27
2024-11-21,23341.55,23348.3,23337.4,23342.35,11:30:00,23347.164464861067,3,28
2024-11-21,23334.6,23346.25,23332.3,23339.9,11:35:00,23345.967849160013,3,29
2024-11-21,23340.15,23343.7,23333.95,23335.0,11:40:00,23345.41376828763,3,30
2024-11-21,23344.05,23345.7,23335.3,23339.6,11:45:00,23345.283885593573,3,31
2024-11-21,23345.6,23347.8,23334.2,23344.15,11:50:00,23345.31399172752,3,32
2024-11-21,23350.9,23351.2,23340.7,23345.25,11:55:00,23345.845992515377,3,33
2024-11-21,23361.05,23369.1,23350.9,23351.5,12:00:00,23347.293993228195,3,34
2024-11-21,23342.25,23364.1,23339.8,23360.8,12:05:00,23346.81361292075,3,35
2024-11-21,23350.75,23354.3,23341.0,23341.0,12:10:00,23347.18850692829,3,36
2024-11-21,23355.1,23356.8,23342.95,23350.95,12:15:00,23347.94198245893,3,37
2024-11-21,23349.85,23356.45,23346.55,23353.05,12:20:00,23348.123698415224,3,38
2024-11-21,23352.0,23355.75,23348.2,23350.35,12:25:00,23348.492869994727,3,39
2024-11-21,23347.4,23354.55,23341.4,23352.3,12:30:00,23348.388787138087,3,40
2024-11-21,23352.5,23354.1,23345.7,23347.75,12:35:00,23348.78033122017,3,41
2024-11-21,23344.35,23355.05,23340.55,23352.6,12:40:00,23348.358394913488,3,42
2024-11-21,23339.35,23350.45,23333.45,23344.55,12:45:00,23347.50045254077,3,43
2024-11-21,23339.9,23345.35,23331.9,23341.1,12:50:00,23346.77659991784,3,44
2024-11-21,23311.4,23340.85,23308.8,23337.95,12:55:00,23343.407399925665,3,45
2024-11-21,23333.35,23335.95,23307.2,23310.75,13:00:00,23342.449552313697,3,46
2024-11-21,23334.7,23344.15,23327.9,23333.35,13:05:00,23341.71149971239,3,47
2024-11-21,23341.3,23343.0,23323.7,23333.5,13:10:00,23341.67230926359,3,48
2024-11-21,23343.25,23349.55,23334.7,23340.45,13:15:00,23341.8225655242,3,49
2024-11-21,23349.8,23357.3,23342.5,23342.9,13:20:00,23342.58232118856,3,50
2024-11-21,23353.35,23359.15,23343.75,23349.8,13:25:00,23343.6078144087,3,51
2024-11-21,23356.05,23360.4,23345.8,23353.55,13:30:00,23344.79278446501,3,52
2024-11-21,23338.0,23357.95,23334.55,23355.2,13:35:00,23344.145852611204,3,53
2024-11-21,23341.8,23346.95,23333.7,23337.25,13:40:00,23343.922438076803,3,54
2024-11-21,23344.65,23344.95,23333.55,23341.5,13:45:00,23343.991729688536,3,55
2024-11-21,23348.8,23349.85,23341.1,23344.6,13:50:00,23344.44966019439,3,56
2024-11-21,23347.25,23352.05,23338.15,23348.45,13:55:00,23344.716359223494,3,57
2024-11-21,23341.5,23350.8,23337.45,23346.75,14:00:00,23344.410039297447,3,58
2024-11-21,23338.0,23345.6,23333.4,23341.4,14:05:00,23343.79955936436,3,59
2024-11-21,23337.4,23343.5,23335.1,23338.2,14:10:00,23343.190077520136,3,60
2024-11-21,23343.7,23344.85,23335.05,23337.4,14:15:00,23343.23864156584,3,61
2024-11-21,23342.0,23348.75,23337.6,23342.8,14:20:00,23343.120675702423,3,62
2024-11-21,23338.95,23345.1,23334.55,23341.1,14:25:00,23342.72346849267,3,63
2024-11-21,23334.0,23340.55,23325.2,23338.3,14:30:00,23341.89266196956,3,64
2024-11-21,23330.0,23335.75,23325.4,23332.2,14:35:00,23340.760027496268,3,65
2024-11-21,23338.5,23345.05,23324.85,23329.65,14:40:00,23340.54478678234,3,66
2024-11-21,23333.95,23343.6,23319.15,23338.45,14:45:00,23339.91671185069,3,67
2024-11-21,23339.6,23342.55,23332.75,23334.7,14:50:00,23339.88654881729,3,68
2024-11-21,23339.95,23340.85,23321.55,23338.65,14:55:00,23339.89259178707,3,69
2024-11-21,23335.45,23356.95,23326.35,23341.65,15:00:00,23339.46948780735,3,70
2024-11-21,23354.7,23361.15,23330.2,23335.15,15:05:00,23340.92001277808,3,71
2024-11-21,23354.4,23366.75,23344.45,23355.0,15:10:00,23342.203821084928,3,72
2024-11-21,23349.4,23367.5,23348.35,23354.95,15:15:00,23342.88917145779,3,73
2024-11-21,23354.55,23362.7,23348.15,23349.95,15:20:00,23343.99972655705,3,74
2024-11-21,23346.75,23359.3,23339.75,23354.65,15:25:00,23344.26165736114,3,75
2024-11-22,23420.65,23425.75,23361.85,23419.8,09:15:00,23357.35636804393,4,1
2024-11-22,23499.5,23512.45,23413.3,23420.25,09:20:00,23370.89385680165,4,2
2024-11-22,23508.35,23524.65,23488.25,23499.3,09:25:00,23383.98491805863,4,3
2024-11-22,23506.8,23540.85,23503.45,23508.3,09:30:00,23395.68159252924,4,4
2024-11-22,23437.2,23526.35,23412.6,23506.4,09:35:00,23399.63572657408,4,5
2024-11-22,23463.75,23495.7,23415.3,23436.3,09:40:00,23405.74184785273,4,6
2024-11-22,23439.1,23478.9,23432.15,23461.65,09:45:00,23408.9188147239,4,7
2024-11-22,23455.05,23455.4,23408.4,23440.9,09:50:00,23413.31226094067,4,8
2024-11-22,23500.05,23500.2,23447.85,23455.2,09:55:00,23421.57299799394,4,9
2024-11-22,23562.95,23565.15,23489.5,23499.75,10:00:00,23435.037474375466,4,10
2024-11-22,23590.45,23608.85,23561.3,23565.05,10:05:00,23449.83866729209,4,11
2024-11-22,23575.5,23594.55,23571.45,23589.5,10:10:00,23461.806413264272,4,12
2024-11-22,23573.75,23589.25,23569.0,23576.15,10:15:00,23472.467707239102,4,13
2024-11-22,23534.9,23585.85,23526.8,23573.65,10:20:00,23478.413639883,4,14
2024-11-22,23551.4,23553.1,23516.55,23535.6,10:25:00,23485.364721798906,4,15
2024-11-22,23547.55,23569.5,23538.7,23550.35,10:30:00,23491.28712924663,4,16
2024-11-22,23556.9,23559.0,23534.7,23547.85,10:35:00,23497.535974080285,4,17
2024-11-22,23523.3,23559.7,23505.6,23557.15,10:40:00,23499.989690834544,4,18
2024-11-22,23474.65,23532.4,23447.15,23524.2,10:45:00,23497.57638694554,4,19
2024-11-22,23515.95,23517.65,23469.2,23474.2,10:50:00,23499.32625485549,4,20
2024-11-22,23532.05,23533.95,23506.95,23516.5,10:55:00,23502.442802012112,4,21
2024-11-22,23540.95,23545.05,23526.9,23530.65,11:00:00,23506.11015420144,4,22
2024-11-22,23528.05,23550.7,23521.65,23541.8,11:05:00,23508.19966332511,4,23
2024-11-22,23537.5,23539.55,23511.15,23528.5,11:10:00,23510.990171579862,4,24
2024-11-22,23525.45,23543.75,23515.25,23535.7,11:15:00,23512.367298096065,4,25
2024-11-22,23509.95,23530.7,23499.3,23524.9,11:20:00,23512.13707922977,4,26
2024-11-22,23524.75,23530.4,23497.4,23510.9,11:25:00,23513.33830977932,4,27
2024-11-22,23529.55,23539.3,23523.95,23524.4,11:30:00,23514.882280276528,4,28
2024-11-22,23565.55,23579.9,23518.2,23529.65,11:35:00,23519.707777393047,4,29
2024-11-22,23557.2,23575.55,23544.2,23564.6,11:40:00,23523.278465260377,4,30
2024-11-22,23560.65,23569.8,23555.25,23556.75,11:45:00,23526.8376590451,4,31
2024-11-22,23591.0,23598.3,23557.95,23560.75,11:50:00,23532.94835818366,4,32
2024-11-22,23584.85,23597.3,23573.0,23591.25,11:55:00,23537.89137168998,4,33
2024-11-22,23591.25,23593.55,23577.35,23585.05,12:00:00,23542.973145814743,4,34
2024-11-22,23639.65,23657.0,23584.4,23591.5,12:05:00,23552.18046526096,4,35
2024-11-22,23635.1,23645.55,23613.9,23640.5,12:10:00,23560.077563807536,4,36
2024-11-22,23614.7,23645.85,23607.75,23633.8,12:15:00,23565.27970058777,4,37
2024-11-22,23626.35,23635.75,23613.1,23613.9,12:20:00,23571.095919579413,4,38
2024-11-22,23636.6,23641.35,23625.65,23626.2,12:25:00,23577.33440342899,4,39
2024-11-22,23649.75,23662.85,23630.35,23635.65,12:30:00,23584.231126911945,4,40
2024-11-22,23643.85,23663.9,23638.35,23648.85,12:35:00,23589.90911482509,4,41
2024-11-22,23674.85,23688.95,23642.7,23642.9,12:40:00,23597.998722936984,4,42
2024-11-22,23682.8,23688.5,23668.3,23674.25,12:45:00,23606.075035038222,4,43
2024-11-22,23669.9,23686.85,23659.7,23682.85,12:50:00,23612.15360312982,4,44
2024-11-22,23674.4,23675.3,23655.95,23669.5,12:55:00,23618.08183140317,4,45
2024-11-22,23695.75,23710.8,23672.6,23674.8,13:00:00,23625.478799840967,4,46
2024-11-22,23688.7,23700.15,23684.3,23695.7,13:05:00,23631.49986652278,4,47
2024-11-22,23701.2,23722.7,23682.85,23689.1,13:10:00,23638.13797447299,4,48
2024-11-22,23729.7,23730.8,23699.6,23700.05,13:15:00,23646.858167380324,4,49
2024-11-22,23719.85,23729.05,23694.0,23727.1,13:20:00,23653.80977048696,4,50
2024-11-22,23700.65,23720.7,23683.35,23718.8,13:25:00,23658.27074472629,4,51
2024-11-22,23690.15,23707.1,23661.75,23696.3,13:30:00,23661.30686427617,4,52
2024-11-22,23715.3,23715.8,23688.7,23690.4,13:35:00,23666.44906767844,4,53
2024-11-22,23717.95,23719.5,23707.1,23713.65,13:40:00,23671.35391837573,4,54
2024-11-22,23733.85,23736.65,23714.35,23716.95,13:45:00,23677.30592614947,4,55
2024-11-22,23746.95,23749.85,23728.55,23734.8,13:50:00,23683.93869508761,4,56
2024-11-22,23798.9,23798.9,23740.25,23747.45,13:55:00,23694.88739079356,4,57
2024-11-22,23830.8,23831.7,23792.05,23798.1,14:00:00,23707.831448813216,4,58
2024-11-22,23863.15,23870.5,23825.15,23831.15,14:05:00,23722.62369178339,4,59
2024-11-22,23844.95,23868.0,23838.7,23863.1,14:10:00,23734.273816375447,4,60
2024-11-22,23883.45,23889.35,23823.9,23844.8,14:15:00,23748.48107195874,4,61
2024-11-22,23876.5,23896.0,23861.7,23884.35,14:20:00,23760.67335081981,4,62
2024-11-22,23850.7,23881.95,23841.95,23876.0,14:25:00,23769.2473174084,4,63
2024-11-22,23868.3,23871.4,23800.75,23850.15,14:30:00,23778.68090622665,4,64
2024-11-22,23845.5,23878.2,23841.2,23863.8,14:35:00,23785.04462944316,4,65
2024-11-22,23853.6,23855.95,23831.55,23843.9,14:40:00,23791.573712353336,4,66
2024-11-22,23898.95,23901.0,23831.5,23851.35,14:45:00,23801.80002546254,4,67
2024-11-22,23931.8,23946.7,23887.35,23898.9,14:50:00,23814.18097541849,4,68
2024-11-22,23929.6,23955.25,23923.0,23931.2,14:55:00,23825.17326347388,4,69
2024-11-22,23914.65,23933.65,23896.65,23930.6,15:00:00,23833.69485742874,4,70
2024-11-22,23936.35,23940.3,23912.1,23915.9,15:05:00,23843.47153767362,4,71
2024-11-22,23920.1,23937.65,23917.7,23934.7,15:10:00,23850.76948646661,4,72
2024-11-22,23888.45,23919.55,23854.9,23919.55,15:15:00,23854.35810680312,4,73
2024-11-22,23898.0,23905.15,23858.9,23888.55,15:20:00,23858.514477583776,4,74
2024-11-22,23873.5,23899.45,23864.4,23898.5,15:25:00,23859.941670194847,4,75
2024-11-25,24288.6,24310.35,24220.9,24248.8,09:15:00,23934.682637052923,0,1
2024-11-25,24288.4,24293.7,24233.05,24288.1,09:20:00,23968.370004952645,0,2
2024-11-25,24311.8,24322.85,24265.05,24288.45,09:25:00,24001.077623528585,0,3
2024-11-25,24286.95,24330.05,24285.95,24311.1,09:30:00,24028.30356414491,0,4
2024-11-25,24293.75,24312.75,24274.7,24287.75,09:35:00,24053.58417708349,0,5
2024-11-25,24290.0,24309.8,24284.7,24293.0,09:40:00,24076.099969742205,0,6
2024-11-25,24289.55,24300.6,24276.1,24290.75,09:45:00,24096.42854405247,0,7
2024-11-25,24268.5,24291.7,24265.0,24289.6,09:50:00,24112.81630176176,0,8
2024-11-25,24256.35,24269.55,24249.15,24267.55,09:55:00,24126.48617778445,0,9
2024-11-25,24275.75,24299.9,24256.25,24256.95,10:00:00,24140.701779900217,0,10
2024-11-25,24270.55,24283.85,24265.8,24275.35,10:05:00,24153.06827705258,0,11
2024-11-25,24261.75,24279.55,24260.6,24270.1,10:10:00,24163.418917333285,0,12
2024-11-25,24288.45,24298.75,24259.0,24261.45,10:15:00,24175.32663949202,0,13
2024-11-25,24311.2,24311.45,24288.15,24288.15,10:20:00,24188.2669595404,0,14
2024-11-25,24316.05,24317.3,24302.7,24310.35,10:25:00,24200.436772917503,0,15
2024-11-25,24319.95,24328.3,24315.9,24315.9,10:30:00,24211.8189850206,0,16
2024-11-25,24308.15,24326.7,24305.5,24318.4,10:35:00,24220.99336739959,0,17
2024-11-25,24317.5,24323.0,24306.4,24307.75,10:40:00,24230.1844752663,0,18
2024-11-25,24317.05,24322.9,24312.95,24317.55,10:45:00,24238.4573823838,0,19
2024-11-25,24308.75,24319.2,24307.6,24316.85,10:50:00,24245.15191739486,0,20
2024-11-25,24312.05,24312.25,24303.7,24308.55,10:55:00,24251.52316335726,0,21
2024-11-25,24340.5,24341.8,24310.5,24311.05,11:00:00,24259.997147799422,0,22
2024-11-25,24340.0,24347.25,24338.75,24340.45,11:05:00,24267.61646705662,0,23
2024-11-25,24334.95,24343.5,24330.45,24339.6,11:10:00,24274.0291844798,0,24
2024-11-25,24345.0,24345.0,24332.25,24335.15,11:15:00,24280.788309767435,0,25
2024-11-25,24330.2,24351.4,24328.3,24344.6,11:20:00,24285.49418502768,0,26
2024-11-25,24320.95,24332.9,24310.55,24330.3,11:25:00,24288.87092931076,0,27
2024-11-25,24319.85,24330.25,24317.65,24320.6,11:30:00,24291.82131699545,0,28
2024-11-25,24305.0,24321.1,24300.95,24319.45,11:35:00,24293.07642966255,0,29
2024-11-25,24305.1,24312.5,24303.85,24305.45,11:40:00,24294.22153159945,0,30
2024-11-25,24290.3,24306.6,24281.2,24305.4,11:45:00,24293.848052399502,0,31
2024-11-25,24286.0,24291.1,24273.15,24290.15,11:50:00,24293.100618837645,0,32
2024-11-25,24280.35,24293.45,24276.8,24285.9,11:55:00,24291.886274186443,0,33
2024-11-25,24283.35,24283.35,24262.8,24279.8,12:00:00,24291.0732956925,0,34
2024-11-25,24293.9,24299.4,24281.25,24282.85,12:05:00,24291.342505626548,0,35
2024-11-25,24303.7,24307.45,24292.15,24293.45,12:10:00,24292.51940985259,0,36
2024-11-25,24280.8,24308.2,24280.1,24303.25,12:15:00,24291.40327558092,0,37
2024-11-25,24277.5,24290.65,24275.85,24281.4,12:20:00,24290.079154097017,0,38
2024-11-25,24282.65,24290.25,24277.2,24277.65,12:25:00,24289.371615611584,0,39
2024-11-25,24279.95,24284.3,24276.9,24283.5,12:30:00,24288.47431888667,0,40
2024-11-25,24289.3,24289.55,24275.85,24280.25,12:35:00,24288.55295518318,0,41
2024-11-25,24284.95,24295.0,24283.4,24290.1,12:40:00,24288.209816594303,0,42
2024-11-25,24282.7,24286.75,24277.6,24284.85,12:45:00,24287.68507215676,0,43
2024-11-25,24209.8,24282.9,24209.8,24282.9,12:50:00,24280.267446237063,0,44
2024-11-25,24158.0,24208.4,24141.9,24208.4,12:55:00,24268.62292754781,0,45
2024-11-25,24145.0,24173.3,24136.15,24157.35,13:00:00,24256.849315400406,0,46
2024-11-25,24147.6,24159.75,24136.25,24145.3,13:05:00,24246.444618695605,0,47
2024-11-25,24179.65,24200.0,24147.05,24148.85,13:10:00,24240.08322643888,0,48
2024-11-25,24180.15,24197.9,24176.4,24180.2,13:15:00,24234.37530011137,0,49
2024-11-25,24194.25,24202.5,24176.85,24180.25,13:20:00,24230.553842957903,0,50
2024-11-25,24217.6,24225.5,24192.5,24194.25,13:25:00,24229.32014362857,0,51
2024-11-25,24211.4,24219.25,24196.95,24217.65,13:30:00,24227.613463283,0,52
2024-11-25,24192.85,24214.75,24189.45,24210.9,13:35:00,24224.302657256045,0,53
2024-11-25,24180.7,24193.25,24177.2,24193.05,13:40:00,24220.15002323166,0,54
2024-11-25,24175.8,24185.25,24167.1,24181.15,13:45:00,24215.92621149532,0,55
2024-11-25,24176.8,24187.9,24165.45,24175.85,13:50:00,24212.199905638616,0,56
2024-11-25,24177.75,24185.25,24161.6,24177.6,13:55:00,24208.91896224446,0,57
2024-11-25,24186.3,24198.1,24164.5,24176.45,14:00:00,24206.76477536404,0,58
2024-11-25,24201.3,24207.5,24183.35,24186.55,14:05:00,24206.244320567464,0,59
2024-11-25,24203.5,24218.2,24201.3,24201.3,14:10:00,24205.98295670389,0,60
2024-11-25,24214.3,24216.85,24202.0,24203.7,14:15:00,24206.77505606543,0,61
2024-11-25,24193.85,24217.4,24185.45,24214.25,14:20:00,24205.544098344915,0,62
2024-11-25,24212.2,24218.0,24193.45,24194.3,14:25:00,24206.17799374064,0,63
2024-11-25,24205.25,24213.9,24193.7,24212.25,14:30:00,24206.08961338439,0,64
2024-11-25,24229.6,24244.0,24203.15,24205.95,14:35:00,24208.32869782397,0,65
2024-11-25,24249.25,24252.85,24229.65,24230.0,14:40:00,24212.22596469788,0,66
2024-11-25,24253.95,24267.8,24245.3,24248.55,14:45:00,24216.1996823457,0,67
2024-11-25,24249.85,24255.0,24239.15,24253.35,14:50:00,24219.40447450325,0,68
2024-11-25,24229.05,24251.2,24219.5,24251.2,14:55:00,24220.323095979136,0,69
2024-11-25,24182.75,24241.85,24170.55,24230.1,15:00:00,24216.74470588589,0,70
2024-11-25,24226.2,24226.55,24170.55,24183.05,15:05:00,24217.64521008724,0,71
2024-11-25,24222.25,24226.75,24206.8,24225.9,15:10:00,24218.0837615075,0,72
2024-11-25,24236.6,24241.65,24218.5,24221.9,15:15:00,24219.8472127925,0,73
2024-11-25,24250.15,24252.55,24230.9,24236.45,15:20:00,24222.73319252655,0,74
2024-11-25,24250.8,24260.9,24240.0,24249.95,15:25:00,24225.40622180973,0,75
2024-11-26,24310.35,24317.65,24280.85,24316.6,09:15:00,24243.654753000712,1,1
2024-11-26,24308.45,24336.65,24299.15,24309.7,09:20:00,24249.825728905405,1,2
2024-11-26,24306.65,24313.1,24285.75,24309.25,09:25:00,24255.23756424775,1,3
2024-11-26,24312.15,24320.05,24298.35,24306.5,09:30:00,24260.65779622416,1,4
2024-11-26,24292.2,24318.4,24290.6,24312.0,09:35:00,24263.66181563137,1,5
2024-11-26,24261.25,24292.15,24258.6,24292.15,09:40:00,24263.43211890458,1,6
2024-11-26,24238.2,24262.75,24236.15,24262.4,09:45:00,24261.02905996129,1,7
2024-11-26,24240.7,24262.6,24238.5,24238.5,09:50:00,24259.0929590126,1,8
2024-11-26,24209.4,24252.2,24207.15,24239.15,09:55:00,24254.36029624949,1,9
2024-11-26,24245.95,24261.85,24208.45,24208.45,10:00:00,24253.559315654304,1,10
2024-11-26,24247.0,24254.95,24236.15,24246.3,10:05:00,24252.934618925323,1,11
2024-11-26,24236.45,24257.7,24229.95,24247.3,10:10:00,24251.36465521815,1,12
2024-11-26,24171.75,24235.45,24171.15,24235.4,10:15:00,24243.78230710213,1,13
2024-11-26,24167.55,24179.6,24160.45,24171.2,10:20:00,24236.52208737812,1,14
2024-11-26,24201.25,24202.55,24167.6,24167.8,10:25:00,24233.16284096116,1,15
2024-11-26,24181.75,24209.2,24176.8,24201.6,10:30:00,24228.26637991724,1,16
2024-11-26,24211.45,24213.75,24175.75,24182.4,10:35:00,24226.66481992512,1,17
2024-11-26,24204.7,24213.6,24199.65,24211.1,10:40:00,24224.572932313204,1,18
2024-11-26,24199.9,24221.15,24197.8,24204.9,10:45:00,24222.22312923576,1,19
2024-11-26,24227.3,24230.05,24196.85,24200.3,10:50:00,24222.70664073712,1,20
2024-11-26,24219.05,24236.75,24213.3,24227.6,10:55:00,24222.35838923834,1,21
2024-11-26,24237.8,24238.8,24215.55,24219.35,11:00:00,24223.829018834687,1,22
2024-11-26,24211.35,24238.2,24208.6,24235.55,11:05:00,24222.64054085043,1,23
2024-11-26,24211.1,24222.5,24206.8,24210.6,11:10:00,24221.541441721816,1,24
2024-11-26,24196.9,24211.5,24194.1,24211.35,11:15:00,24219.19463774831,1,25
2024-11-26,24201.85,24205.6,24192.35,24195.1,11:20:00,24217.542767486568,1,26
2024-11-26,24207.45,24211.4,24200.5,24202.25,11:25:00,24216.581551535462,1,27
2024-11-26,24218.0,24219.25,24197.8,24205.8,11:30:00,24216.716641865423,1,28
2024-11-26,24228.85,24229.7,24214.3,24217.25,11:35:00,24217.872199783003,1,29
2024-11-26,24224.3,24236.8,24221.95,24228.3,11:40:00,24218.48437123224,1,30
2024-11-26,24218.1,24228.75,24218.0,24224.15,11:45:00,24218.447764448218,1,31
2024-11-26,24209.5,24225.45,24208.5,24217.35,11:50:00,24217.59559640553,1,32
2024-11-26,24200.8,24213.5,24195.3,24210.45,11:55:00,24215.99601579548,1,33
2024-11-26,24189.7,24201.4,24186.8,24200.85,12:00:00,24213.49163333877,1,34
2024-11-26,24181.1,24191.65,24177.7,24189.75,12:05:00,24210.406715877936,1,35
2024-11-26,24187.4,24191.65,24174.05,24181.75,12:10:00,24208.215600080035,1,36
2024-11-26,24173.85,24191.65,24171.35,24187.8,12:15:00,24204.942685786697,1,37
2024-11-26,24146.15,24174.05,24139.15,24173.9,12:20:00,24199.34338237844,1,38
2024-11-26,24148.05,24160.25,24143.75,24145.75,12:25:00,24194.4582983424,1,39
2024-11-26,24145.65,24155.35,24138.65,24146.55,12:30:00,24189.80988897645,1,40
2024-11-26,24151.5,24155.15,24140.2,24145.1,12:35:00,24186.16132812156,1,41
2024-11-26,24161.15,24165.8,24144.65,24148.75,12:40:00,24183.77929687188,1,42
2024-11-26,24168.6,24171.35,24158.15,24162.05,12:45:00,24182.33364955075,1,43
2024-11-26,24169.15,24173.75,24160.55,24167.75,12:50:00,24181.07806387925,1,44
2024-11-26,24173.3,24185.5,24164.35,24169.25,12:55:00,24180.33729589075,1,45
2024-11-26,24169.75,24176.5,24161.4,24173.45,13:00:00,24179.32898199639,1,46
2024-11-26,24150.65,24170.2,24149.55,24169.25,13:05:00,24176.597650377687,1,47
2024-11-26,24161.35,24163.65,24148.9,24151.4,13:10:00,24175.14549319886,1,48
2024-11-26,24173.0,24176.2,24159.0,24162.15,13:15:00,24174.94116051325,1,49
2024-11-26,24171.4,24185.75,24166.4,24172.55,13:20:00,24174.60390713104,1,50
2024-11-26,24159.1,24172.1,24157.0,24171.3,13:25:00,24173.12734454713,1,51
2024-11-26,24162.25,24164.35,24148.15,24157.1,13:30:00,24172.091406971216,1,52
2024-11-26,24144.65,24169.65,24126.75,24163.8,13:35:00,24169.477939640623,1,53
2024-11-26,24150.9,24154.35,24136.65,24142.0,13:40:00,24167.7086120558,1,54
2024-11-26,24176.9,24179.0,24146.3,24150.15,13:45:00,24168.5839823362,1,55
2024-11-26,24172.9,24178.45,24166.4,24176.85,13:50:00,24168.995031637514,1,56
2024-11-26,24195.2,24197.3,24170.85,24172.9,13:55:00,24171.490742910133,1,57
2024-11-26,24201.45,24201.55,24175.75,24194.8,14:00:00,24174.34400549012,1,58
2024-11-26,24180.65,24203.15,24169.55,24200.25,14:05:00,24174.944576395825,1,59
2024-11-26,24183.2,24191.15,24176.35,24179.45,14:10:00,24175.73080721527,1,60
2024-11-26,24191.95,24194.7,24180.7,24183.15,14:15:00,24177.27549224239,1,61
2024-11-26,24192.9,24195.65,24184.5,24192.2,14:20:00,24178.763540600256,1,62
2024-11-26,24180.05,24200.35,24179.6,24192.15,14:25:00,24178.886060543085,1,63
2024-11-26,24189.6,24192.45,24178.0,24180.4,14:30:00,24179.90643572946,1,64
2024-11-26,24210.25,24213.25,24187.05,24189.8,14:35:00,24182.79629899332,1,65
2024-11-26,24223.45,24232.2,24207.6,24210.0,14:40:00,24186.66808004157,1,66
2024-11-26,24212.5,24226.6,24209.55,24223.75,14:45:00,24189.128262894763,1,67
2024-11-26,24221.4,24228.6,24210.55,24212.75,14:50:00,24192.20176166669,1,68
2024-11-26,24230.4,24240.1,24218.6,24220.85,14:55:00,24195.83968912701,1,69
2024-11-26,24195.2,24233.3,24188.15,24229.1,15:00:00,24195.778766353003,1,70
2024-11-26,24192.75,24194.85,24174.45,24194.4,15:05:00,24195.490312414626,1,71
2024-11-26,24203.85,24205.7,24187.7,24193.9,15:10:00,24196.286473137043,1,72
2024-11-26,24189.2,24204.9,24185.7,24202.6,15:15:00,24195.61157093352,1,73
2024-11-26,24193.45,24201.1,24183.25,24189.3,15:20:00,24195.405707035083,1,74
2024-11-26,24192.95,24199.0,24187.2,24193.7,15:25:00,24195.1718301746,1,75
2024-11-27,24196.65,24235.4,24155.25,24235.4,09:15:00,24196.14224646945,2,1
2024-11-27,24186.45,24206.65,24174.95,24197.75,09:20:00,24195.21917537713,2,2
2024-11-27,24170.35,24193.55,24170.35,24185.75,09:25:00,24192.850682484062,2,3
2024-11-27,24174.3,24181.25,24160.5,24169.35,09:30:00,24191.08395081892,2,4
2024-11-27,24167.15,24189.8,24165.4,24174.3,09:35:00,24188.804526931403,2,5
2024-11-27,24167.15,24167.5,24145.75,24165.45,09:40:00,24186.742191033176,2,6
2024-11-27,24183.55,24189.8,24166.35,24166.9,09:45:00,24186.438172839546,2,7
2024-11-27,24222.65,24226.1,24182.45,24183.35,09:50:00,24189.886918283395,2,8
2024-11-27,24201.25,24224.15,24196.7,24222.1,09:55:00,24190.96911654212,2,9
2024-11-27,24188.7,24207.0,24175.55,24201.9,10:00:00,24190.75301020477,2,10
2024-11-27,24196.8,24201.95,24180.4,24189.15,10:05:00,24191.3289139948,2,11
2024-11-27,24202.75,24205.0,24191.65,24196.35,10:10:00,24192.41663647148,2,12
2024-11-27,24198.25,24203.6,24191.9,24202.35,10:15:00,24192.972194902766,2,13
2024-11-27,24184.8,24200.3,24182.25,24198.3,10:20:00,24192.19389062632,2,14
2024-11-27,24182.75,24190.4,24171.25,24184.65,10:25:00,24191.294472471425,2,15
2024-11-27,24181.95,24193.25,24176.75,24182.15,10:30:00,24190.40452271224,2,16
2024-11-27,24191.0,24194.25,24178.7,24182.35,10:35:00,24190.46123483489,2,17
2024-11-27,24193.7,24201.7,24188.7,24191.4,10:40:00,24190.769688660137,2,18
2024-11-27,24177.35,24194.2,24175.95,24193.6,10:45:00,24189.491623073456,2,19
2024-11-27,24182.7,24183.55,24173.4,24176.6,10:50:00,24188.844801828367,2,20
2024-11-27,24197.05,24197.25,24182.35,24183.1,10:55:00,24189.62624927329,2,21
2024-11-27,24206.85,24207.2,24192.35,24196.4,11:00:00,24191.266606485355,2,22
2024-11-27,24208.15,24209.25,24201.35,24207.45,11:05:00,24192.874548724845,2,23
2024-11-27,24195.15,24208.45,24193.65,24208.0,11:10:00,24193.0912583701,2,24
2024-11-27,24196.15,24199.35,24190.15,24194.7,11:15:00,24193.38256709676,2,25
2024-11-27,24198.25,24201.9,24196.25,24196.4,11:20:00,24193.846132135164,2,26
2024-11-27,24205.65,24207.55,24191.3,24197.8,11:25:00,24194.970310027053,2,27
2024-11-27,24199.55,24208.5,24199.55,24205.55,11:30:00,24195.406470976857,2,28
2024-11-27,24209.75,24210.7,24198.95,24199.4,11:35:00,24196.772521360013,2,29
2024-11-27,24205.75,24214.55,24204.85,24209.85,11:40:00,24197.627519325724,2,30
2024-11-27,24189.9,24207.05,24179.45,24205.7,11:45:00,24196.891565104223,2,31
2024-11-27,24169.9,24192.1,24165.4,24187.25,11:50:00,24194.320939856207,2,32
2024-11-27,24193.8,24194.7,24161.7,24169.5,11:55:00,24194.27132653657,2,33
2024-11-27,24182.15,24218.85,24182.15,24192.8,12:00:00,24193.11691448547,2,34
2024-11-27,24206.5,24206.6,24179.45,24181.7,12:05:00,24194.391494058284,2,35
2024-11-27,24197.85,24213.1,24194.85,24206.75,12:10:00,24194.720875576542,2,36
2024-11-27,24216.25,24222.65,24197.8,24197.8,12:15:00,24196.771268378776,2,37
2024-11-27,24256.65,24268.85,24215.35,24217.3,12:20:00,24202.474004723656,2,38
2024-11-27,24251.25,24257.2,24241.9,24255.3,12:25:00,24207.11933760712,2,39
2024-11-27,24287.25,24294.25,24250.5,24250.5,12:30:00,24214.75082926358,2,40
2024-11-27,24294.95,24296.5,24276.95,24286.65,12:35:00,24222.38884552419,2,41
2024-11-27,24290.25,24304.5,24289.65,24293.75,12:40:00,24228.85181261712,2,42
2024-11-27,24305.45,24305.55,24283.95,24289.95,12:45:00,24236.14687808216,2,43
2024-11-27,24296.3,24311.7,24295.1,24306.8,12:50:00,24241.87574683624,2,44
2024-11-27,24305.85,24306.85,24289.45,24295.2,12:55:00,24247.96853285183,2,45
2024-11-27,24299.3,24318.95,24298.75,24305.25,13:00:00,24252.8572440088,2,46
2024-11-27,24316.5,24318.1,24299.65,24299.65,13:05:00,24258.918458865104,2,47
2024-11-27,24321.45,24327.25,24312.45,24316.75,13:10:00,24264.87384373509,2,48
2024-11-27,24324.2,24331.7,24318.2,24321.4,13:15:00,24270.52395385556,2,49
2024-11-27,24318.65,24328.1,24316.7,24324.75,13:20:00,24275.1073868217,2,50
2024-11-27,24323.1,24340.85,24317.05,24318.0,13:25:00,24279.6781118863,2,51
2024-11-27,24301.05,24324.05,24301.05,24322.0,13:30:00,24281.71352980189,2,52
2024-11-27,24324.55,24331.85,24299.5,24300.0,13:35:00,24285.793193630285,2,53
2024-11-27,24330.1,24337.35,24320.05,24325.2,13:40:00,24290.012889475016,2,54
2024-11-27,24334.3,24336.1,24327.65,24329.35,13:45:00,24294.23070952501,2,55
2024-11-27,24337.8,24353.95,24334.05,24334.65,13:50:00,24298.38016576073,2,56
2024-11-27,24310.45,24342.7,24303.1,24338.95,13:55:00,24299.529673783512,2,57
2024-11-27,24311.85,24315.35,24301.6,24311.05,14:00:00,24300.703038185085,2,58
2024-11-27,24314.55,24323.0,24310.25,24312.3,14:05:00,24302.021796453173,2,59
2024-11-27,24287.85,24314.7,24285.6,24313.95,14:10:00,24300.672101552867,2,60
2024-11-27,24293.9,24293.9,24275.7,24286.5,14:15:00,24300.027139500213,2,61
2024-11-27,24289.0,24296.4,24282.1,24292.4,14:20:00,24298.976935738287,2,62
2024-11-27,24306.2,24310.5,24288.2,24288.85,14:25:00,24299.664846620355,2,63
2024-11-27,24303.7,24308.9,24294.6,24305.35,14:30:00,24300.049146942227,2,64
2024-11-27,24292.15,24303.35,24288.35,24301.95,14:35:00,24299.296847233443,2,65
2024-11-27,24287.3,24297.05,24283.8,24291.85,14:40:00,24298.15429035407,2,66
2024-11-27,24289.3,24294.5,24282.25,24287.55,14:45:00,24297.31102460606,2,67
2024-11-27,24291.5,24291.5,24278.6,24288.7,14:50:00,24296.7575936912,2,68
2024-11-27,24292.55,24294.15,24285.25,24290.65,14:55:00,24296.356870482512,2,69
2024-11-27,24267.55,24293.05,24263.0,24292.75,15:00:00,24293.613359007988,2,70
2024-11-27,24264.8,24281.0,24257.6,24267.8,15:05:00,24290.869229578657,2,71
2024-11-27,24274.1,24280.2,24264.75,24265.65,15:10:00,24289.272160094974,2,72
2024-11-27,24274.05,24278.2,24267.1,24273.2,15:15:00,24287.82243056212,2,73
2024-11-27,24276.25,24279.65,24270.75,24274.7,15:20:00,24286.720294318107,2,74
2024-11-27,24277.35,24281.55,24273.85,24275.6,15:25:00,24285.827885335428,2,75
2024-11-28,24277.5,24316.35,24271.75,24278.75,09:15:00,24284.028495705417,3,1
2024-11-28,24273.85,24287.4,24268.15,24278.6,09:20:00,24283.059115162043,3,2
2024-11-28,24277.35,24289.5,24265.85,24273.5,09:25:00,24282.51538990852,3,3
2024-11-28,24279.35,24280.05,24266.35,24276.55,09:30:00,24282.21392420294,3,4
2024-11-28,24276.0,24281.75,24267.0,24279.9,09:35:00,24281.622121897897,3,5
2024-11-28,24274.7,24282.0,24256.25,24276.5,09:40:00,24280.962872193333,3,6
2024-11-28,24277.3,24280.8,24267.8,24274.25,09:45:00,24280.61402722254,3,7
2024-11-28,24296.45,24316.55,24276.95,24278.15,09:50:00,24282.12221510611,3,8
2024-11-28,24311.4,24312.7,24296.2,24296.85,09:55:00,24284.91057557219,3,9
2024-11-28,24330.25,24342.6,24308.55,24310.7,10:00:00,24289.22861599389,3,10
2024-11-28,24334.25,24334.9,24313.6,24330.15,10:05:00,24293.51636685161,3,11
2024-11-28,24327.8,24345.7,24327.4,24333.95,10:10:00,24296.78147477051,3,12
2024-11-28,24322.05,24330.25,24316.6,24328.3,10:15:00,24299.18800098284,3,13
2024-11-28,24315.2,24333.65,24309.85,24322.7,10:20:00,24300.712953270187,3,14
2024-11-28,24303.3,24320.65,24296.95,24313.5,10:25:00,24300.959338673027,3,15
2024-11-28,24225.8,24305.4,24204.35,24303.5,10:30:00,24293.80130641845,3,16
2024-11-28,24136.0,24229.2,24118.45,24225.65,10:35:00,24278.77261056908,3,17
2024-11-28,24126.7,24139.35,24069.65,24133.5,10:40:00,24264.2895048006,3,18
2024-11-28,24072.15,24128.8,24055.15,24125.85,10:45:00,24245.9905043434,3,19
2024-11-28,24088.5,24109.45,24072.75,24073.05,10:50:00,24230.99140869164,3,20
2024-11-28,24113.95,24118.6,24072.9,24087.25,10:55:00,24219.844607863863,3,21
2024-11-28,24102.65,24133.65,24098.15,24114.05,11:00:00,24208.68321663873,3,22
2024-11-28,24089.6,24105.9,24085.3,24100.55,11:05:00,24197.341957911234,3,23
2024-11-28,24087.9,24105.2,24078.1,24088.9,11:10:00,24186.91891430064,3,24
2024-11-28,24057.6,24090.35,24039.05,24088.4,11:15:00,24174.60282722439,3,25
2024-11-28,24045.2,24068.45,24043.25,24056.6,11:20:00,24162.27874844112,3,26
2024-11-28,24056.9,24062.4,24042.25,24044.25,11:25:00,24152.242677161004,3,27
2024-11-28,24063.75,24065.0,24045.85,24055.55,11:30:00,24143.81480314567,3,28
2024-11-28,24068.35,24070.1,24052.35,24064.15,11:35:00,24136.62767903656,3,29
2024-11-28,24062.85,24072.25,24052.95,24068.2,11:40:00,24129.601233414032,3,30
2024-11-28,24107.2,24107.2,24061.05,24061.55,11:45:00,24127.467782612697,3,31
2024-11-28,24087.0,24125.2,24086.3,24106.15,11:50:00,24123.613708078155,3,32
2024-11-28,24055.0,24088.5,24052.65,24087.2,11:55:00,24117.07906921357,3,33
2024-11-28,24054.05,24063.8,24046.5,24055.55,12:00:00,24111.07630071704,3,34
2024-11-28,24083.45,24083.45,24051.45,24053.25,12:05:00,24108.445224458275,3,35
2024-11-28,24079.75,24086.5,24067.0,24082.4,12:10:00,24105.71234593844,3,36
2024-11-28,24076.9,24081.25,24067.6,24078.55,12:15:00,24102.96831299192,3,37
2024-11-28,24072.1,24081.3,24064.15,24076.5,12:20:00,24100.02847365936,3,38
2024-11-28,24091.15,24096.15,24070.1,24071.6,12:25:00,24099.18290473942,3,39
2024-11-28,24051.15,24092.6,24049.35,24090.8,12:30:00,24094.60834238328,3,40
2024-11-28,24015.85,24052.35,23999.6,24050.2,12:35:00,24087.10754787059,3,41
2024-11-28,24030.45,24031.9,24008.95,24014.7,12:40:00,24081.711590930536,3,42
2024-11-28,24025.6,24031.0,24013.85,24030.15,12:45:00,24076.36762988953,3,43
2024-11-28,24030.6,24037.45,24016.2,24023.6,12:50:00,24072.00880799529,3,44
2024-11-28,24003.4,24036.0,24001.3,24030.6,12:55:00,24065.47463580526,3,45
2024-11-28,23986.7,24005.7,23984.7,24001.5,13:00:00,24057.97228953809,3,46
2024-11-28,23983.8,24004.95,23970.25,23985.45,13:05:00,24050.90826196304,3,47
2024-11-28,23979.35,23995.1,23976.2,23983.8,13:10:00,24044.09318939513,3,48
2024-11-28,23976.45,23986.0,23965.1,23979.2,13:15:00,24037.65098088131,3,49
2024-11-28,23984.0,23999.55,23972.1,23976.1,13:20:00,24032.54136365452,3,50
2024-11-28,24002.75,24009.9,23981.35,23983.65,13:25:00,24029.70409092552,3,51
2024-11-28,24002.1,24012.3,23992.95,24002.7,13:30:00,24027.075129885,3,52
2024-11-28,23995.35,24001.5,23983.15,24000.9,13:35:00,24024.053688943564,3,53
2024-11-28,23979.1,23998.8,23978.95,23993.45,13:40:00,24019.772385234653,3,54
2024-11-28,23975.35,23989.3,23969.5,23980.5,13:45:00,24015.54168187897,3,55
2024-11-28,23988.9,23990.25,23974.15,23975.95,13:50:00,24013.00437884288,3,56
2024-11-28,24046.1,24053.75,23987.35,23989.0,13:55:00,24016.15634276261,3,57
2024-11-28,24046.9,24050.15,24021.35,24047.6,14:00:00,24019.08431011855,3,58
2024-11-28,24040.7,24074.85,24034.7,24047.0,14:05:00,24021.142947250115,3,59
2024-11-28,23958.9,24042.2,23874.4,24040.25,14:10:00,24015.215047512007,3,60
2024-11-28,23922.8,23962.15,23900.4,23962.15,14:15:00,24006.413614415625,3,61
2024-11-28,23915.95,23926.7,23907.4,23923.15,14:20:00,23997.79803209033,3,62
2024-11-28,23974.1,24000.2,23915.9,23916.35,14:25:00,23995.54107665316,3,63
2024-11-28,23974.1,24009.35,23956.15,23973.45,14:30:00,23993.499069352856,3,64
2024-11-28,23941.25,23974.1,23938.9,23974.1,14:35:00,23988.52296750973,3,65
2024-11-28,23921.7,23940.55,23914.95,23940.55,14:40:00,23982.158875365945,3,66
2024-11-28,23920.25,23929.15,23910.65,23923.3,14:45:00,23976.26279199776,3,67
2024-11-28,23930.3,23944.1,23917.5,23918.4,14:50:00,23971.88538323607,3,68
2024-11-28,23911.85,23933.8,23911.0,23928.9,14:55:00,23966.16772768977,3,69
2024-11-28,23899.2,23909.8,23884.2,23909.4,15:00:00,23959.78984886218,3,70
2024-11-28,23905.3,23906.7,23887.95,23899.5,15:05:00,23954.600339446733,3,71
2024-11-28,23915.8,23916.3,23901.15,23905.9,15:10:00,23950.90506902324,3,72
2024-11-28,23928.9,23930.8,23913.4,23915.35,15:15:00,23948.809348163883,3,73
2024-11-28,23953.8,23953.85,23921.45,23928.9,15:20:00,23949.28464833875,3,74
2024-11-28,23958.0,23959.45,23945.85,23953.8,15:25:00,23950.1146818303,3,75
2024-11-29,23975.65,23987.8,23948.6,23951.3,09:15:00,23950.56780077265,4,1
2024-11-29,23964.6,23992.2,23958.7,23969.55,09:20:00,23951.904200699064,4,2
2024-11-29,24029.1,24030.5,23947.35,23963.75,09:25:00,23959.256181584868,4,3
2024-11-29,24041.4,24048.8,24012.45,24027.55,09:30:00,23967.07940238631,4,4
2024-11-29,24026.0,24040.95,23999.4,24039.9,09:35:00,23972.690887873327,4,5
2024-11-29,24003.1,24025.5,23991.0,24025.5,09:40:00,23975.58699379015,4,6
2024-11-29,24036.35,24036.35,24001.05,24002.85,09:45:00,23981.37394676252,4,7
2024-11-29,24056.6,24060.9,24028.55,24036.7,09:50:00,23988.53833278513,4,8
2024-11-29,24063.3,24063.3,24022.25,24056.55,09:55:00,23995.6584915675,4,9
2024-11-29,24043.9,24071.55,24029.1,24062.55,10:00:00,24000.252920942028,4,10
2024-11-29,24031.3,24049.0,23992.4,24043.65,10:05:00,24003.209785614217,4,11
2024-11-29,23969.0,24031.45,23969.0,24031.45,10:10:00,23999.95171079381,4,12
2024-11-29,23977.65,23992.0,23962.85,23970.1,10:15:00,23997.82773833726,4,13
2024-11-29,23987.0,23998.1,23969.85,23976.95,10:20:00,23996.79652516228,4,14
2024-11-29,24036.9,24056.5,23976.0,23987.15,10:25:00,24000.61590371825,4,15
2024-11-29,24104.2,24118.3,24025.8,24036.25,10:30:00,24010.48105574509,4,16
2024-11-29,24112.75,24127.65,24094.85,24105.3,10:35:00,24020.22095519794,4,17
2024-11-29,24082.35,24132.55,24082.35,24113.2,10:40:00,24026.13800708385,4,18
2024-11-29,24113.3,24131.25,24082.4,24082.8,10:45:00,24034.43914926634,4,19
2024-11-29,24108.35,24137.95,24101.3,24115.35,10:50:00,24041.47827790764,4,20
2024-11-29,24130.0,24139.15,24093.7,24108.5,10:55:00,24049.90891810692,4,21
2024-11-29,24130.15,24144.3,24119.2,24132.25,11:00:00,24057.550925906253,4,22
2024-11-29,24122.15,24131.65,24102.2,24130.4,11:05:00,24063.703218677085,4,23
2024-11-29,24120.9,24123.15,24104.65,24122.15,11:10:00,24069.15053118403,4,24
2024-11-29,24111.6,24130.75,24107.9,24120.6,11:15:00,24073.19333773793,4,25
2024-11-29,24139.85,24140.0,24109.15,24111.0,11:20:00,24079.5415912867,4,26
2024-11-29,24132.0,24143.05,24125.75,24139.8,11:25:00,24084.537630211777,4,27
2024-11-29,24123.8,24141.3,24121.9,24132.3,11:30:00,24088.27690352494,4,28
2024-11-29,24097.9,24126.2,24096.8,24123.95,11:35:00,24089.19338890352,4,29
2024-11-29,24103.25,24112.6,24088.65,24098.2,11:40:00,24090.53211376985,4,30
2024-11-29,24091.55,24114.4,24090.7,24102.95,11:45:00,24090.629055315578,4,31
2024-11-29,24079.15,24095.25,24074.35,24091.25,11:50:00,24089.535811952188,4,32
2024-11-29,24081.9,24089.95,24074.4,24078.7,11:55:00,24088.808591766265,4,33
2024-11-29,24094.55,24096.2,24078.5,24081.6,12:00:00,24089.35539255043,4,34
2024-11-29,24108.4,24109.85,24090.1,24094.5,12:05:00,24091.169164688486,4,35
2024-11-29,24120.2,24123.3,24102.6,24108.5,12:10:00,24093.934006146726,4,36
2024-11-29,24116.15,24123.75,24105.55,24120.25,12:15:00,24096.04981508513,4,37
2024-11-29,24096.15,24117.35,24091.5,24114.8,12:20:00,24096.0593565056,4,38
2024-11-29,24109.5,24111.15,24089.8,24095.9,12:25:00,24097.339417790776,4,39
2024-11-29,24114.0,24115.2,24093.75,24109.4,12:30:00,24098.92613990594,4,40
2024-11-29,24102.0,24118.95,24099.6,24114.3,12:35:00,24099.218888486328,4,41
2024-11-29,24105.3,24109.75,24096.8,24101.9,12:40:00,24099.798041963822,4,42
2024-11-29,24095.8,24106.25,24091.35,24106.25,12:45:00,24099.417276062504,4,43
2024-11-29,24097.55,24102.35,24089.4,24094.7,12:50:00,24099.239440247027,4,44
2024-11-29,24125.45,24126.1,24094.4,24096.6,12:55:00,24101.735684033025,4,45
2024-11-29,24107.75,24131.95,24104.7,24125.05,13:00:00,24102.30847602988,4,46
2024-11-29,24106.95,24110.5,24101.2,24106.95,13:05:00,24102.7505259318,4,47
2024-11-29,24118.3,24119.85,24102.75,24107.15,13:10:00,24104.231428224008,4,48
2024-11-29,24127.8,24128.35,24111.15,24119.2,13:15:00,24106.47605410744,4,49
2024-11-29,24149.15,24149.6,24124.25,24128.2,13:20:00,24110.54023943054,4,50
2024-11-29,24136.95,24152.85,24134.3,24148.1,13:25:00,24113.055454722868,4,51
2024-11-29,24149.65,24155.8,24135.5,24136.05,13:30:00,24116.540649511167,4,52
2024-11-29,24152.85,24156.85,24147.7,24149.75,13:35:00,24119.99868289105,4,53
2024-11-29,24146.05,24156.45,24143.9,24154.7,13:40:00,24122.47976071096,4,54
2024-11-29,24134.45,24149.3,24128.95,24146.2,13:45:00,24123.61978350039,4,55
2024-11-29,24136.0,24145.0,24129.4,24134.8,13:50:00,24124.79885173845,4,56
2024-11-29,24144.9,24150.15,24131.65,24136.2,13:55:00,24126.71324681098,4,57
2024-11-29,24144.65,24151.4,24133.75,24144.4,14:00:00,24128.42150901946,4,58
2024-11-29,24139.25,24146.8,24132.6,24144.85,14:05:00,24129.45279387475,4,59
2024-11-29,24107.5,24139.6,24105.15,24139.6,14:10:00,24127.362051600965,4,60
2024-11-29,24112.85,24115.6,24096.25,24107.55,14:15:00,24125.97995144849,4,61
2024-11-29,24132.95,24134.4,24107.2,24112.05,14:20:00,24126.64376559625,4,62
2024-11-29,24141.0,24145.25,24133.5,24133.85,14:25:00,24128.01102601565,4,63
2024-11-29,24151.6,24155.7,24137.9,24142.3,14:30:00,24130.257594966548,4,64
2024-11-29,24155.85,24159.55,24149.25,24152.05,14:35:00,24132.694966874496,4,65
2024-11-29,24161.9,24188.4,24150.4,24154.5,14:40:00,24135.47639860074,4,66
2024-11-29,24143.7,24167.2,24138.55,24162.15,14:45:00,24136.259598734003,4,67
2024-11-29,24145.75,24153.85,24131.9,24143.75,14:50:00,24137.16344647362,4,68
2024-11-29,24150.45,24154.6,24136.05,24145.45,14:55:00,24138.42883252375,4,69
2024-11-29,24141.5,24162.9,24135.3,24148.85,15:00:00,24138.721324664348,4,70
2024-11-29,24141.4,24151.55,24129.75,24143.1,15:05:00,24138.97643660108,4,71
2024-11-29,24127.25,24140.8,24109.7,24140.55,15:10:00,24137.859633115266,4,72
2024-11-29,24134.65,24144.8,24123.3,24127.3,15:15:00,24137.553953770952,4,73
2024-11-29,24121.2,24135.9,24120.6,24134.9,15:20:00,24135.996434364195,4,74
2024-11-29,24123.65,24125.1,24111.95,24121.4,15:25:00,24134.820583472367,4,75
2024-12-02,24037.75,24149.55,24030.0,24149.55,09:15:00,24126.09530755901,0,1
2024-12-02,24032.3,24057.6,24022.3,24037.5,09:20:00,24117.162421124824,0,2
2024-12-02,24034.6,24036.1,24008.8,24032.6,09:25:00,24109.29933339865,0,3
2024-12-02,24087.65,24090.45,24030.95,24033.05,09:30:00,24107.237492122586,0,4
2024-12-02,24115.65,24121.3,24084.25,24087.75,09:35:00,24108.038683349005,0,5
2024-12-02,24120.55,24129.4,24093.3,24115.45,09:40:00,24109.230237315765,0,6
2024-12-02,24129.2,24147.3,24117.75,24119.6,09:45:00,24111.13211947617,0,7
2024-12-02,24111.9,24132.5,24107.05,24129.1,09:50:00,24111.205250954627,0,8
2024-12-02,24136.1,24141.6,24109.3,24110.0,09:55:00,24113.57617943514,0,9
2024-12-02,24133.15,24141.25,24116.3,24134.9,10:00:00,24115.44035282227,0,10
2024-12-02,24116.55,24139.05,24114.6,24133.15,10:05:00,24115.54603350586,0,11
2024-12-02,24118.35,24119.75,24079.75,24115.8,10:10:00,24115.81307793387,0,12
2024-12-02,24172.05,24177.15,24117.7,24117.7,10:15:00,24121.1689752735,0,13
2024-12-02,24166.0,24181.8,24161.7,24173.45,10:20:00,24125.438596676024,0,14
2024-12-02,24164.1,24167.25,24147.3,24166.5,10:25:00,24129.12063508783,0,15
2024-12-02,24149.55,24171.8,24143.7,24163.95,10:30:00,24131.06628888899,0,16
2024-12-02,24127.65,24149.3,24114.6,24148.5,10:35:00,24130.74092804241,0,17
2024-12-02,24122.1,24142.85,24098.2,24127.75,10:40:00,24129.91798251457,0,18
2024-12-02,24122.65,24124.45,24109.45,24121.0,10:45:00,24129.22579370366,0,19
2024-12-02,24112.65,24132.75,24110.65,24121.95,10:50:00,24127.647146684263,0,20
2024-12-02,24112.5,24117.7,24103.05,24112.6,10:55:00,24126.20456128576,0,21
2024-12-02,24127.5,24129.2,24111.8,24112.35,11:00:00,24126.3279364014,0,22
2024-12-02,24128.65,24134.5,24115.1,24126.7,11:05:00,24126.54908531556,0,23
2024-12-02,24130.8,24131.55,24119.0,24128.55,11:10:00,24126.95393433312,0,24
2024-12-02,24149.5,24151.85,24127.5,24130.5,11:15:00,24129.101178682347,0,25
2024-12-02,24145.95,24158.85,24140.2,24150.7,11:20:00,24130.70582833165,0,26
2024-12-02,24147.35,24157.9,24142.45,24145.8,11:25:00,24132.29098753816,0,27
2024-12-02,24144.4,24155.6,24144.1,24147.75,11:30:00,24133.44422682024,0,28
2024-12-02,24139.95,24145.1,24126.9,24144.6,11:35:00,24134.06382426593,0,29
2024-12-02,24155.25,24157.0,24134.9,24139.6,11:40:00,24136.081555288223,0,30
2024-12-02,24135.3,24169.6,24133.6,24155.4,11:45:00,24136.00712145125,0,31
2024-12-02,24132.15,24135.95,24122.9,24134.65,11:50:00,24135.63977655113,0,32
2024-12-02,24144.55,24148.4,24126.55,24131.75,11:55:00,24136.488369260547,0,33
2024-12-02,24139.1,24152.3,24134.8,24144.2,12:00:00,24136.73709599764,0,34
2024-12-02,24148.05,24149.7,24132.85,24140.2,12:05:00,24137.814515426435,0,35
2024-12-02,24140.6,24153.85,24137.95,24148.85,12:10:00,24138.079799671534,0,36
2024-12-02,24147.9,24148.85,24138.3,24140.8,12:15:00,24139.01505684568,0,37
2024-12-02,24156.15,24158.2,24143.65,24148.15,12:20:00,24140.646956193705,0,38
2024-12-02,24186.5,24187.5,24147.5,24155.5,12:25:00,24145.013912746686,0,39
2024-12-02,24175.85,24189.55,24170.15,24186.1,12:30:00,24147.950682961287,0,40
2024-12-02,24167.75,24180.05,24161.2,24175.8,12:35:00,24149.83633220307,0,41
2024-12-02,24171.3,24173.05,24156.85,24166.8,12:40:00,24151.88049104088,0,42
2024-12-02,24184.0,24185.0,24161.15,24171.65,12:45:00,24154.93949189412,0,43
2024-12-02,24175.85,24183.65,24160.75,24183.65,12:50:00,24156.930968856588,0,44
2024-12-02,24186.3,24187.4,24169.0,24175.85,12:55:00,24159.728019441674,0,45
2024-12-02,24166.25,24186.85,24163.45,24185.75,13:00:00,24160.34916044723,0,46
2024-12-02,24171.15,24179.25,24157.55,24166.25,13:05:00,24161.37781183321,0,47
2024-12-02,24162.2,24172.35,24153.1,24171.1,13:10:00,24161.456115468143,0,48
2024-12-02,24160.65,24173.6,24155.35,24162.05,13:15:00,24161.37934256641,0,49
2024-12-02,24159.75,24167.25,24149.85,24160.8,13:20:00,24161.2241670839,0,50
2024-12-02,24147.5,24163.15,24139.65,24159.6,13:25:00,24159.9171035521,0,51
2024-12-02,24161.85,24164.4,24145.8,24147.8,13:30:00,24160.101188928093,0,52
2024-12-02,24173.9,24175.05,24161.85,24162.7,13:35:00,24161.41536141113,0,53
2024-12-02,24180.3,24181.6,24172.55,24173.65,13:40:00,24163.21389841959,0,54
2024-12-02,24172.8,24182.6,24164.3,24180.2,13:45:00,24164.12686047487,0,55
2024-12-02,24172.65,24175.2,24162.6,24172.4,13:50:00,24164.93858804869,0,56
2024-12-02,24226.35,24229.3,24171.65,24172.8,13:55:00,24170.78729394881,0,57
2024-12-02,24249.6,24249.6,24222.1,24225.35,14:00:00,24178.29326595369,0,58
2024-12-02,24242.15,24261.9,24241.8,24249.6,14:05:00,24184.374859672385,0,59
2024-12-02,24249.0,24251.7,24231.1,24242.6,14:10:00,24190.52963494168,0,60
2024-12-02,24268.75,24274.8,24246.1,24248.85,14:15:00,24197.979193518662,0,61
2024-12-02,24261.2,24270.95,24252.7,24268.6,14:20:00,24204.000222707364,0,62
2024-12-02,24263.6,24267.3,24252.1,24261.45,14:25:00,24209.676391973328,0,63
2024-12-02,24282.25,24284.0,24260.9,24262.85,14:30:00,24216.588164166344,0,64
2024-12-02,24279.55,24287.55,24271.95,24283.55,14:35:00,24222.58452948384,0,65
2024-12-02,24293.75,24300.5,24278.7,24281.3,14:40:00,24229.36219334252,0,66
2024-12-02,24284.75,24301.55,24277.9,24295.5,14:45:00,24234.63722254799,0,67
2024-12-02,24255.85,24295.95,24255.85,24285.8,14:50:00,24236.657487067227,0,68
2024-12-02,24262.3,24267.45,24252.8,24256.85,14:55:00,24239.099631156063,0,69
2024-12-02,24280.7,24288.35,24257.0,24262.55,15:00:00,24243.061571045964,0,70
2024-12-02,24285.5,24286.55,24272.0,24279.9,15:05:00,24247.10332618445,0,71
2024-12-02,24275.55,24288.1,24272.5,24285.15,15:10:00,24249.8125332145,0,72
2024-12-02,24261.0,24278.75,24261.0,24274.65,15:15:00,24250.878006241688,0,73
2024-12-02,24275.0,24275.45,24259.0,24261.25,15:20:00,24253.17533898057,0,74
2024-12-02,24275.25,24280.1,24268.0,24274.25,15:25:00,24255.277687649097,0,75
2024-12-03,24315.4,24377.35,24304.05,24370.8,09:15:00,24270.6735719758,1,1
2024-12-03,24302.2,24315.65,24291.05,24315.0,09:20:00,24273.67608893048,1,2
2024-12-03,24300.05,24310.6,24283.0,24302.65,09:25:00,24276.18788998472,1,3
2024-12-03,24307.2,24309.7,24280.55,24300.0,09:30:00,24279.14142427189,1,4
2024-12-03,24308.45,24312.1,24293.15,24306.65,09:35:00,24281.93271719837,1,5
2024-12-03,24317.6,24321.3,24302.85,24308.05,09:40:00,24285.32960127472,1,6
2024-12-03,24329.65,24329.65,24300.05,24318.0,09:45:00,24289.550591629508,1,7
2024-12-03,24328.4,24338.0,24321.4,24329.7,09:50:00,24293.25053528384,1,8
2024-12-03,24337.85,24338.05,24314.0,24327.95,09:55:00,24297.498103352045,1,9
2024-12-03,24335.25,24344.2,24332.5,24337.95,10:00:00,24301.093522080424,1,10
2024-12-03,24339.5,24342.4,24327.2,24335.35,10:05:00,24304.751281882287,1,11
2024-12-03,24336.95,24348.4,24333.05,24339.25,10:10:00,24307.817826464925,1,12
2024-12-03,24369.75,24371.05,24335.3,24336.8,10:15:00,24313.71612870636,1,13
2024-12-03,24373.55,24379.45,24368.8,24369.1,10:20:00,24319.41459263909,1,14
2024-12-03,24395.5,24398.8,24370.1,24373.7,10:25:00,24326.66082191156,1,15
2024-12-03,24387.75,24403.1,24387.5,24395.45,10:30:00,24332.47883887236,1,16
2024-12-03,24406.85,24409.2,24386.2,24387.35,10:35:00,24339.5618065988,1,17
2024-12-03,24407.45,24415.1,24402.95,24406.95,10:40:00,24346.027348827487,1,18
2024-12-03,24407.45,24417.25,24404.05,24407.75,10:45:00,24351.87712512963,1,19
2024-12-03,24402.75,24407.8,24394.9,24407.75,10:50:00,24356.72216083157,1,20
2024-12-03,24409.2,24410.4,24399.1,24402.75,10:55:00,24361.720050276184,1,21
2024-12-03,24419.4,24425.45,24408.2,24409.25,11:00:00,24367.21337882131,1,22
2024-12-03,24416.0,24422.75,24415.6,24419.5,11:05:00,24371.85972369547,1,23
2024-12-03,24416.75,24418.5,24409.5,24416.25,11:10:00,24376.134988105427,1,24
2024-12-03,24430.9,24432.05,24415.25,24416.95,11:15:00,24381.35070352396,1,25
2024-12-03,24432.05,24439.15,24427.0,24431.0,11:20:00,24386.179207950245,1,26
2024-12-03,24426.15,24432.85,24418.15,24432.7,11:25:00,24389.98595005022,1,27
2024-12-03,24431.6,24436.7,24425.15,24425.4,11:30:00,24393.94919290258,1,28
2024-12-03,24423.2,24436.15,24418.95,24431.75,11:35:00,24396.73498405472,1,29
2024-12-03,24421.95,24427.45,24414.55,24422.9,11:40:00,24399.13641414474,1,30
2024-12-03,24420.2,24430.55,24418.65,24421.0,11:45:00,24401.14246994048,1,31
2024-12-03,24403.35,24420.55,24401.7,24420.55,11:50:00,24401.35271089853,1,32
2024-12-03,24439.1,24439.6,24400.55,24404.2,11:55:00,24404.947690812955,1,33
2024-12-03,24422.15,24445.55,24420.9,24439.35,12:00:00,24406.586005973622,1,34
2024-12-03,24413.4,24421.55,24408.85,24421.45,12:05:00,24407.234957785666,1,35
2024-12-03,24419.75,24421.6,24400.45,24414.65,12:10:00,24408.42686656798,1,36
2024-12-03,24418.4,24427.8,24417.25,24418.95,12:15:00,24409.376688799603,1,37
2024-12-03,24392.1,24418.15,24391.65,24418.15,12:20:00,24407.731289866308,1,38
2024-12-03,24402.2,24403.4,24382.65,24391.65,12:25:00,24407.20450035523,1,39
2024-12-03,24412.5,24415.15,24398.95,24402.95,12:30:00,24407.70883365473,1,40
2024-12-03,24427.95,24428.3,24411.1,24413.1,12:35:00,24409.636563782853,1,41
2024-12-03,24437.6,24438.0,24425.6,24428.0,12:40:00,24412.299748184487,1,42
2024-12-03,24428.3,24442.15,24426.5,24437.3,12:45:00,24413.823581690725,1,43
2024-12-03,24437.0,24438.2,24422.0,24428.7,12:50:00,24416.03085962494,1,44
2024-12-03,24428.45,24440.75,24425.0,24437.1,12:55:00,24417.213634898755,1,45
2024-12-03,24418.4,24430.55,24415.25,24428.05,13:00:00,24417.32662205125,1,46
2024-12-03,24419.15,24422.85,24414.05,24418.7,13:05:00,24417.50027709399,1,47
2024-12-03,24411.55,24420.05,24409.75,24420.05,13:10:00,24416.933584037422,1,48
2024-12-03,24417.7,24419.75,24401.6,24412.65,13:15:00,24417.00657603386,1,49
2024-12-03,24417.6,24422.5,24413.95,24418.6,13:20:00,24417.063092602064,1,50
2024-12-03,24420.3,24428.65,24415.1,24418.15,13:25:00,24417.371369497105,1,51
2024-12-03,24455.15,24458.55,24418.0,24419.7,13:30:00,24420.969334306905,1,52
2024-12-03,24453.6,24459.1,24442.0,24455.6,13:35:00,24424.07701675387,1,53
2024-12-03,24447.5,24466.1,24444.0,24453.85,13:40:00,24426.307777063023,1,54
2024-12-03,24456.8,24462.0,24444.7,24446.75,13:45:00,24429.21179829512,1,55
2024-12-03,24463.45,24463.9,24454.15,24458.35,13:50:00,24432.472579409867,1,56
2024-12-03,24460.6,24469.05,24457.65,24464.2,13:55:00,24435.15138137083,1,57
2024-12-03,24463.4,24470.6,24457.1,24460.8,14:00:00,24437.84172600217,1,58
2024-12-03,24466.7,24468.95,24452.4,24463.75,14:05:00,24440.59013304959,1,59
2024-12-03,24461.75,24474.7,24459.1,24467.3,14:10:00,24442.60535847344,1,60
2024-12-03,24476.15,24478.1,24460.75,24462.15,14:15:00,24445.800086237872,1,61
2024-12-03,24472.35,24481.15,24470.7,24476.65,14:20:00,24448.32864945332,1,62
2024-12-03,24470.2,24475.65,24466.0,24472.5,14:25:00,24450.411635219665,1,63
2024-12-03,24454.5,24472.15,24451.3,24470.4,14:30:00,24450.801003293986,1,64
2024-12-03,24449.7,24454.55,24439.95,24454.55,14:35:00,24450.696145837413,1,65
2024-12-03,24455.4,24468.8,24450.1,24451.25,14:40:00,24451.14413194813,1,66
2024-12-03,24458.8,24459.6,24450.3,24454.1,14:45:00,24451.87326223879,1,67
2024-12-03,24462.15,24468.1,24453.8,24458.7,14:50:00,24452.85199916843,1,68
2024-12-03,24455.6,24462.4,24449.25,24462.4,14:55:00,24453.11371353334,1,69
2024-12-03,24468.95,24474.75,24455.55,24455.55,15:00:00,24454.62193129208,1,70
2024-12-03,24465.6,24470.6,24455.7,24469.35,15:05:00,24455.667461645207,1,71
2024-12-03,24461.35,24471.95,24457.05,24466.0,15:10:00,24456.20865577424,1,72
2024-12-03,24449.95,24466.1,24448.35,24462.45,15:15:00,24455.612593319547,1,73
2024-12-03,24442.7,24450.05,24439.25,24449.65,15:20:00,24454.38282252721,1,74
2024-12-03,24445.85,24451.65,24432.75,24441.95,15:25:00,24453.57017276272,1,75
2024-12-04,24479.25,24494.9,24451.15,24494.9,09:15:00,24459.047238928208,2,1
2024-12-04,24500.25,24503.8,24465.05,24479.55,09:20:00,24462.971311411235,2,2
2024-12-04,24516.3,24516.75,24488.5,24501.35,09:25:00,24468.05023413397,2,3
2024-12-04,24540.15,24542.25,24510.05,24516.4,09:30:00,24474.91687850217,2,4
2024-12-04,24543.05,24552.6,24532.55,24540.2,09:35:00,24481.40574721625,2,5
2024-12-04,24561.55,24561.55,24529.8,24542.4,09:40:00,24489.038533195657,2,6
2024-12-04,24553.45,24562.05,24539.05,24560.8,09:45:00,24495.172958605595,2,7
2024-12-04,24562.5,24563.3,24544.6,24553.6,09:50:00,24501.58505778601,2,8
2024-12-04,24545.5,24564.8,24538.5,24560.85,09:55:00,24505.767433234967,2,9
2024-12-04,24552.0,24557.55,24545.35,24545.5,10:00:00,24510.170534831635,2,10
2024-12-04,24553.6,24572.55,24551.15,24552.15,10:05:00,24514.30667437148,2,11
2024-12-04,24542.85,24557.2,24536.1,24554.1,10:10:00,24517.025086336103,2,12
2024-12-04,24542.0,24551.35,24538.65,24542.45,10:15:00,24519.403649542182,2,13
2024-12-04,24525.95,24542.85,24508.75,24542.05,10:20:00,24520.027111490548,2,14
2024-12-04,24533.15,24534.15,24515.55,24526.55,10:25:00,24521.27691039621,2,15
2024-12-04,24545.8,24551.15,24527.0,24533.2,10:30:00,24523.612442739428,2,16
2024-12-04,24537.05,24549.05,24536.15,24545.4,10:35:00,24524.892210097576,2,17
2024-12-04,24529.75,24542.05,24529.75,24537.65,10:40:00,24525.35485675495,2,18
2024-12-04,24521.55,24531.8,24515.85,24529.4,10:45:00,24524.99248944496,2,19
2024-12-04,24544.1,24549.0,24520.25,24520.9,10:50:00,24526.81225235496,2,20
2024-12-04,24534.0,24556.2,24533.7,24544.15,10:55:00,24527.49679974973,2,21
2024-12-04,24537.35,24538.95,24521.95,24534.8,11:00:00,24528.435199773565,2,22
2024-12-04,24532.35,24541.85,24525.5,24537.4,11:05:00,24528.80803789037,2,23
2024-12-04,24529.55,24539.0,24527.1,24533.0,11:10:00,24528.87870094843,2,24
2024-12-04,24542.6,24543.15,24521.4,24529.45,11:15:00,24530.18549133429,2,25
2024-12-04,24541.35,24547.7,24536.15,24542.65,11:20:00,24531.248777873883,2,26
2024-12-04,24542.5,24544.9,24536.05,24541.45,11:25:00,24532.32032283828,2,27
2024-12-04,24541.0,24548.55,24539.4,24543.65,11:30:00,24533.146958758443,2,28
2024-12-04,24547.3,24552.85,24539.75,24541.45,11:35:00,24534.49486744812,2,29
2024-12-04,24540.8,24552.9,24540.45,24546.4,11:40:00,24535.09535626258,2,30
2024-12-04,24536.9,24543.95,24531.4,24541.0,11:45:00,24535.267227094715,2,31
2024-12-04,24531.45,24544.9,24529.9,24536.8,11:50:00,24534.90368165712,2,32
2024-12-04,24414.0,24532.05,24368.2,24532.05,11:55:00,24523.389045308824,2,33
2024-12-04,24410.8,24418.4,24376.15,24416.35,12:00:00,24512.66627908893,2,34
2024-12-04,24437.15,24482.6,24393.3,24410.55,12:05:00,24505.47425250904,2,35
2024-12-04,24449.7,24456.35,24418.35,24437.1,12:10:00,24500.162418936747,2,36
2024-12-04,24448.9,24465.8,24441.25,24450.0,12:15:00,24495.280283799915,2,37
2024-12-04,24475.2,24481.7,24446.15,24449.4,12:20:00,24493.36787581897,2,38
2024-12-04,24495.1,24497.5,24463.3,24475.4,12:25:00,24493.532840026688,2,39
2024-12-04,24487.1,24496.7,24473.95,24494.95,12:30:00,24492.920188595574,2,40
2024-12-04,24471.35,24486.85,24459.4,24486.7,12:35:00,24490.865884919804,2,41
2024-12-04,24439.9,24481.9,24432.1,24470.45,12:40:00,24486.01199111792,2,42
2024-12-04,24460.55,24466.25,24437.95,24440.55,12:45:00,24483.58703958288,2,43
2024-12-04,24471.65,24480.95,24450.9,24461.15,12:50:00,24482.450178670224,2,44
2024-12-04,24477.35,24483.5,24460.95,24471.75,12:55:00,24481.9644473683,2,45
2024-12-04,24477.2,24488.25,24472.85,24477.85,13:00:00,24481.510690476083,2,46
2024-12-04,24465.95,24479.2,24461.2,24477.95,13:05:00,24480.02871995455,2,47
2024-12-04,24481.2,24488.05,24465.8,24465.8,13:10:00,24480.14027043507,2,48
2024-12-04,24483.2,24490.4,24477.75,24482.85,13:15:00,24480.431673250776,2,49
2024-12-04,24471.3,24485.0,24462.05,24484.85,13:20:00,24479.56199008404,2,50
2024-12-04,24482.95,24491.9,24470.85,24471.25,13:25:00,24479.88465769508,2,51
2024-12-04,24513.45,24529.2,24478.15,24483.5,13:30:00,24483.08135696222,2,52
2024-12-04,24523.7,24528.95,24510.5,24513.6,13:35:00,24486.949799156293,2,53
2024-12-04,24510.05,24528.7,24505.5,24525.15,13:40:00,24489.149818284262,2,54
2024-12-04,24514.55,24516.15,24504.5,24511.7,13:45:00,24491.568883209573,2,55
2024-12-04,24510.15,24520.4,24508.2,24513.85,13:50:00,24493.338513380088,2,56
2024-12-04,24531.8,24534.95,24508.5,24510.55,13:55:00,24497.00151210579,2,57
2024-12-04,24527.25,24533.8,24517.85,24531.4,14:00:00,24499.88232047667,2,58
2024-12-04,24529.5,24541.85,24522.3,24527.45,14:05:00,24502.703051859848,2,59
2024-12-04,24532.4,24534.9,24522.75,24529.95,14:10:00,24505.531332635102,2,60
2024-12-04,24473.95,24536.3,24471.25,24532.6,14:15:00,24502.523586669853,2,61
2024-12-04,24463.4,24493.25,24445.1,24474.3,14:20:00,24498.79753079653,2,62
2024-12-04,24467.9,24473.8,24454.7,24464.2,14:25:00,24495.85490881591,2,63
2024-12-04,24448.55,24469.75,24435.25,24468.75,14:30:00,24491.34967940487,2,64
2024-12-04,24461.3,24461.8,24440.25,24449.05,14:35:00,24488.487805175835,2,65
2024-12-04,24470.8,24474.85,24458.7,24461.8,14:40:00,24486.803252301943,2,66
2024-12-04,24461.4,24479.35,24459.15,24470.85,14:45:00,24484.38389493986,2,67
2024-12-04,24445.25,24464.2,24443.8,24461.55,14:50:00,24480.65685732654,2,68
2024-12-04,24438.1,24446.3,24417.25,24445.35,14:55:00,24476.60382329544,2,69
2024-12-04,24470.5,24471.2,24427.0,24439.0,15:00:00,24476.022506791112,2,70
2024-12-04,24467.3,24472.35,24450.6,24470.65,15:05:00,24475.191791858622,2,71
2024-12-04,24467.95,24470.4,24460.7,24467.2,15:10:00,24474.5020973959,2,72
2024-12-04,24477.5,24477.85,24463.85,24467.9,15:15:00,24474.787611929623,2,73
2024-12-04,24479.3,24482.4,24470.85,24477.85,15:20:00,24475.21736317442,2,74
2024-12-04,24461.55,24479.15,24456.45,24477.9,15:25:00,24473.91570953876,2,75
2024-12-05,24496.75,24531.8,24487.55,24520.95,09:15:00,24481.71149919159,3,1
2024-12-05,24509.55,24520.65,24491.9,24497.7,09:20:00,24484.36278498287,3,2
2024-12-05,24513.8,24520.65,24491.0,24509.85,09:25:00,24487.16632927021,3,3
2024-12-05,24514.9,24527.95,24510.75,24513.4,09:30:00,24489.80763124448,3,4
2024-12-05,24471.2,24527.3,24450.65,24514.2,09:35:00,24488.03547588786,3,5
2024-12-05,24473.15,24493.05,24466.2,24470.85,09:40:00,24486.617811517583,3,6
2024-12-05,24420.5,24482.4,24416.05,24472.85,09:45:00,24480.32087708734,3,7
2024-12-05,24406.55,24432.2,24397.25,24421.15,09:50:00,24473.295079269497,3,8
2024-12-05,24424.45,24425.25,24401.55,24404.75,09:55:00,24468.643166958114,3,9
2024-12-05,24416.1,24436.7,24409.75,24424.35,10:00:00,24463.639055819243,3,10
2024-12-05,24410.9,24431.2,24406.35,24416.95,10:05:00,24458.61628859836,3,11
2024-12-05,24400.1,24424.6,24396.85,24410.4,10:10:00,24453.04330873185,3,12
2024-12-05,24384.25,24412.8,24369.65,24400.35,10:15:00,24446.4915650431,3,13
2024-12-05,24425.85,24428.8,24384.7,24384.7,10:20:00,24444.52570170566,3,14
2024-12-05,24407.0,24426.0,24398.9,24425.55,10:25:00,24440.951825352746,3,15
2024-12-05,24405.05,24417.75,24399.35,24406.75,10:30:00,24437.532603890577,3,16
2024-12-05,24404.0,24410.05,24393.3,24405.75,10:35:00,24434.339022567667,3,17
2024-12-05,24414.95,24416.35,24393.85,24403.4,10:40:00,24432.4924489898,3,18
2024-12-05,24410.7,24415.35,24382.6,24414.8,10:45:00,24430.41697765743,3,19
2024-12-05,24410.4,24441.75,24406.6,24411.05,10:50:00,24428.510598832912,3,20
2024-12-05,24333.55,24412.8,24296.1,24409.8,10:55:00,24419.4667322774,3,21
2024-12-05,24372.4,24374.15,24322.4,24331.45,11:00:00,24414.984186346217,3,22
2024-12-05,24364.0,24376.85,24360.3,24372.1,11:05:00,24410.128549551337,3,23
2024-12-05,24368.05,24371.8,24351.1,24364.05,11:10:00,24406.121068641685,3,24
2024-12-05,24345.85,24368.3,24341.95,24367.6,11:15:00,24400.380966866287,3,25
2024-12-05,24347.0,24355.6,24336.0,24346.4,11:20:00,24395.29706525997,3,26
2024-12-05,24356.15,24361.3,24345.05,24347.4,11:25:00,24391.56877333045,3,27
2024-12-05,24338.1,24358.9,24333.65,24357.5,11:30:00,24386.47650920374,3,28
2024-12-05,24343.65,24347.25,24331.75,24338.8,11:35:00,24382.39779404148,3,29
2024-12-05,24351.6,24352.25,24330.1,24343.85,11:40:00,24379.46467079944,3,30
2024-12-05,24354.1,24356.85,24342.0,24352.3,11:45:00,24377.04898786616,3,31
2024-12-05,24355.45,24368.15,24344.4,24353.85,11:50:00,24374.99194140272,3,32
2024-12-05,24366.0,24366.0,24353.9,24356.0,11:55:00,24374.135566031026,3,33
2024-12-05,24402.25,24407.0,24365.5,24366.2,12:00:00,24376.81313117093,3,34
2024-12-05,24516.75,24543.85,24401.6,24402.8,12:05:00,24390.1404520118,3,35
2024-12-05,24589.9,24604.7,24514.4,24515.55,12:10:00,24409.16517086781,3,36
2024-12-05,24634.95,24647.95,24588.2,24589.7,12:15:00,24430.668487928026,3,37
2024-12-05,24605.55,24639.45,24589.5,24634.4,12:20:00,24447.323870030115,3,38
2024-12-05,24608.1,24619.65,24588.95,24604.65,12:25:00,24462.6358824082,3,39
2024-12-05,24611.95,24627.45,24602.65,24608.35,12:30:00,24476.8562745598,3,40
2024-12-05,24595.0,24617.65,24593.25,24612.7,12:35:00,24488.10805793506,3,41
2024-12-05,24596.05,24610.5,24580.25,24597.55,12:40:00,24498.388242893627,3,42
2024-12-05,24589.05,24606.45,24574.15,24597.8,12:45:00,24507.02269595137,3,43
2024-12-05,24586.7,24598.9,24560.75,24589.45,12:50:00,24514.61101062267,3,44
2024-12-05,24594.75,24598.55,24575.95,24585.75,12:55:00,24522.243295325272,3,45
2024-12-05,24595.2,24602.05,24581.5,24594.7,13:00:00,24529.191552913344,3,46
2024-12-05,24595.45,24601.75,24589.45,24595.15,13:05:00,24535.50188120732,3,47
2024-12-05,24631.1,24638.45,24587.15,24595.5,13:10:00,24544.60646394948,3,48
2024-12-05,24627.35,24647.45,24621.4,24633.85,13:15:00,24552.48680071619,3,49
2024-12-05,24607.65,24629.9,24605.65,24627.4,13:20:00,24557.74043874321,3,50
2024-12-05,24580.45,24609.25,24570.75,24607.3,13:25:00,24559.90325410101,3,51
2024-12-05,24619.95,24627.6,24579.6,24581.4,13:30:00,24565.62199180567,3,52
2024-12-05,24650.7,24655.65,24601.3,24620.15,13:35:00,24573.72465925275,3,53
2024-12-05,24650.35,24667.8,24635.9,24650.35,13:40:00,24581.022310752487,3,54
2024-12-05,24648.95,24654.6,24627.8,24650.35,13:45:00,24587.491614490344,3,55
2024-12-05,24636.8,24652.65,24634.55,24650.5,13:50:00,24592.187651205542,3,56
2024-12-05,24664.7,24676.6,24636.45,24636.45,13:55:00,24599.09358918597,3,57
2024-12-05,24649.85,24671.25,24646.8,24664.3,14:00:00,24603.92753307302,3,58
2024-12-05,24655.45,24664.85,24646.6,24648.95,14:05:00,24608.834434685115,3,59
2024-12-05,24736.8,24762.15,24652.65,24654.3,14:10:00,24621.021631381773,3,60
2024-12-05,24765.15,24765.15,24732.75,24736.55,14:15:00,24634.748142678745,3,61
2024-12-05,24761.0,24771.75,24751.5,24765.15,14:20:00,24646.77212909029,3,62
2024-12-05,24827.7,24837.35,24746.45,24760.0,14:25:00,24664.00335489121,3,63
2024-12-05,24845.8,24851.0,24807.3,24830.85,14:30:00,24681.31732109205,3,64
2024-12-05,24813.1,24856.8,24810.4,24848.4,14:35:00,24693.86805241662,3,65
2024-12-05,24814.4,24828.35,24771.9,24811.4,14:40:00,24705.3472855198,3,66
2024-12-05,24792.1,24826.5,24779.65,24813.25,14:45:00,24713.609448803625,3,67
2024-12-05,24624.8,24800.25,24623.2,24791.0,14:50:00,24705.151406060424,3,68
2024-12-05,24522.3,24638.75,24495.05,24621.5,14:55:00,24687.736986435622,3,69
2024-12-05,24666.85,24666.85,24511.3,24524.2,15:00:00,24685.74774963223,3,70
2024-12-05,24717.85,24718.3,24649.7,24665.0,15:05:00,24688.805106810112,3,71
2024-12-05,24751.0,24752.05,24714.6,24717.35,15:10:00,24694.72842997105,3,72
2024-12-05,24733.8,24759.9,24732.45,24749.9,15:15:00,24698.44953187857,3,73
2024-12-05,24742.85,24744.85,24723.85,24733.25,15:20:00,24702.67814789014,3,74
2024-12-05,24701.55,24743.0,24694.3,24741.95,15:25:00,24702.57070523393,3,75
2024-12-06,24689.4,24734.95,24685.35,24732.45,09:15:00,24703.632482062247,4,1
2024-12-06,24711.8,24731.35,24683.25,24689.05,09:20:00,24704.410340913462,4,2
2024-12-06,24705.65,24728.45,24690.75,24710.85,09:25:00,24704.52840368361,4,3
2024-12-06,24691.4,24715.75,24685.75,24705.25,09:30:00,24703.278079523265,4,4
2024-12-06,24705.75,24713.85,24690.6,24691.25,09:35:00,24703.51350052105,4,5
2024-12-06,24725.7,24726.9,24692.9,24706.6,09:40:00,24705.626500471422,4,6
2024-12-06,24722.95,24728.95,24707.7,24724.25,09:45:00,24707.276357569383,4,7
2024-12-06,24717.45,24722.6,24707.95,24722.55,09:50:00,24708.24527589611,4,8
2024-12-06,24687.25,24717.7,24666.55,24717.55,09:55:00,24706.245725810768,4,9
2024-12-06,24726.95,24750.6,24675.7,24688.05,10:00:00,24708.21756144784,4,10
2024-12-06,24643.3,24729.75,24625.95,24727.05,10:05:00,24702.034936548047,4,11
2024-12-06,24650.85,24679.75,24640.45,24642.8,10:10:00,24697.16018068633,4,12
2024-12-06,24628.4,24654.75,24620.65,24650.0,10:15:00,24690.611592049536,4,13
2024-12-06,24702.45,24726.85,24626.35,24627.8,10:20:00,24691.739059473388,4,14
2024-12-06,24721.15,24734.7,24701.85,24703.3,10:25:00,24694.540101428305,4,15
2024-12-06,24708.65,24727.05,24686.75,24722.55,10:30:00,24695.88390129228,4,16
2024-12-06,24694.55,24712.7,24688.8,24707.75,10:35:00,24695.75686307396,4,17
2024-12-06,24724.3,24728.35,24693.7,24695.05,10:40:00,24698.47525706692,4,18
2024-12-06,24717.65,24725.25,24709.55,24725.25,10:45:00,24700.301423060544,4,19
2024-12-06,24701.25,24724.2,24697.0,24716.95,10:50:00,24700.391763721444,4,20
2024-12-06,24712.3,24718.55,24701.45,24701.45,10:55:00,24701.525881462258,4,21
2024-12-06,24724.15,24729.05,24712.25,24712.25,11:00:00,24703.68055941824,4,22
2024-12-06,24738.0,24748.0,24721.2,24724.7,11:05:00,24706.94907756888,4,23
2024-12-06,24707.35,24740.05,24702.15,24737.9,11:10:00,24706.987260657555,4,24
2024-12-06,24696.75,24709.75,24690.55,24708.5,11:15:00,24706.01228345208,4,25
2024-12-06,24689.8,24701.6,24689.4,24697.0,11:20:00,24704.46825645664,4,26
2024-12-06,24678.4,24696.3,24667.95,24689.3,11:25:00,24701.98556536553,4,27
2024-12-06,24683.0,24687.65,24675.3,24678.7,11:30:00,24700.1774162831,4,28
2024-12-06,24684.85,24693.5,24678.5,24682.2,11:35:00,24698.717662351377,4,29
2024-12-06,24687.85,24689.85,24679.8,24684.05,11:40:00,24697.68264688934,4,30
2024-12-06,24669.95,24688.35,24669.95,24688.35,11:45:00,24695.04144242369,4,31
2024-12-06,24675.3,24678.15,24668.15,24670.5,11:50:00,24693.161305050005,4,32
2024-12-06,24706.3,24706.9,24674.75,24674.75,11:55:00,24694.41260933096,4,33
2024-12-06,24713.45,24716.5,24705.2,24706.8,12:00:00,24696.225694156583,4,34
2024-12-06,24699.1,24715.7,24696.5,24713.3,12:05:00,24696.49943757024,4,35
2024-12-06,24701.9,24707.6,24697.4,24698.55,12:10:00,24697.013776849264,4,36
2024-12-06,24684.3,24702.85,24683.5,24701.6,12:15:00,24695.802940958856,4,37
2024-12-06,24701.95,24702.85,24681.7,24683.55,12:20:00,24696.38837515325,4,38
2024-12-06,24710.8,24711.85,24700.1,24702.05,12:25:00,24697.76091085294,4,39
2024-12-06,24713.3,24716.7,24704.95,24710.75,12:30:00,24699.240824105043,4,40
2024-12-06,24710.25,24715.95,24702.6,24713.2,12:35:00,24700.28931704742,4,41
2024-12-06,24710.8,24714.85,24707.45,24710.45,12:40:00,24701.29033447148,4,42
2024-12-06,24715.95,24715.95,24704.7,24711.7,12:45:00,24702.68649309324,4,43
2024-12-06,24717.55,24722.95,24715.55,24715.55,12:50:00,24704.1020651796,4,44
2024-12-06,24709.5,24721.6,24708.7,24718.0,12:55:00,24704.616154210114,4,45
2024-12-06,24702.95,24710.0,24697.2,24709.4,13:00:00,24704.45747285677,4,46
2024-12-06,24709.05,24711.85,24700.25,24702.1,13:05:00,24704.89485639422,4,47
2024-12-06,24708.05,24715.6,24703.95,24708.85,13:10:00,24705.19534626144,4,48
2024-12-06,24698.8,24715.15,24697.0,24707.65,13:15:00,24704.58626566511,4,49
2024-12-06,24686.55,24703.25,24683.8,24698.25,13:20:00,24702.86852607796,4,50
2024-12-06,24684.5,24692.9,24681.65,24687.6,13:25:00,24701.11914264196,4,51
2024-12-06,24696.7,24702.3,24683.55,24683.85,13:30:00,24700.69827191416,4,52
2024-12-06,24676.25,24701.5,24669.3,24696.35,13:35:00,24698.369865065182,4,53
2024-12-06,24686.95,24696.05,24670.75,24675.1,13:40:00,24697.2822588685,4,54
2024-12-06,24691.45,24699.0,24687.65,24687.85,13:45:00,24696.726805642928,4,55
2024-12-06,24675.2,24697.45,24674.95,24691.25,13:50:00,24694.676633676936,4,56
2024-12-06,24683.1,24686.2,24675.4,24676.4,13:55:00,24693.57409713628,4,57
2024-12-06,24689.95,24691.75,24676.35,24682.1,14:00:00,24693.22894502806,4,58
2024-12-06,24693.5,24696.2,24681.6,24689.8,14:05:00,24693.25475978729,4,59
2024-12-06,24692.85,24695.1,24683.5,24691.1,14:10:00,24693.21621123612,4,60
2024-12-06,24688.75,24699.05,24683.25,24691.9,14:15:00,24692.79085778506,4,61
2024-12-06,24692.65,24697.55,24684.65,24687.75,14:20:00,24692.77744275792,4,62
2024-12-06,24677.75,24695.1,24677.45,24691.35,14:25:00,24691.34625773335,4,63
2024-12-06,24662.25,24684.4,24660.2,24676.8,14:30:00,24688.57518556827,4,64
2024-12-06,24681.75,24682.15,24659.8,24661.05,14:35:00,24687.925167895097,4,65
2024-12-06,24680.05,24689.65,24669.45,24682.25,14:40:00,24687.17515190509,4,66
2024-12-06,24673.95,24684.45,24671.15,24679.45,14:45:00,24685.91561362841,4,67
2024-12-06,24690.35,24693.25,24672.15,24672.15,14:50:00,24686.33793614,4,68
2024-12-06,24677.95,24693.35,24671.6,24690.35,14:55:00,24685.539085079043,4,69
2024-12-06,24674.95,24691.0,24658.25,24677.25,15:00:00,24684.5306007858,4,70
2024-12-06,24686.45,24686.45,24666.8,24673.8,15:05:00,24684.713400710963,4,71
2024-12-06,24686.0,24695.4,24676.25,24686.55,15:10:00,24684.835933976585,4,72
2024-12-06,24674.7,24692.6,24670.1,24686.5,15:15:00,24683.8706069312,4,73
2024-12-06,24666.65,24676.6,24661.55,24675.15,15:20:00,24682.230549128224,4,74
2024-12-06,24669.0,24675.1,24661.75,24667.65,15:25:00,24680.970496830298,4,75
2024-12-09,24680.95,24683.4,24624.05,24627.8,09:15:00,24676.9125835731,0,1
2024-12-09,24702.9,24703.95,24663.9,24680.15,09:20:00,24679.38757561376,0,2
2024-12-09,24662.75,24704.85,24659.3,24704.55,09:25:00,24677.80304460292,0,3
2024-12-09,24659.65,24687.35,24646.2,24664.0,09:30:00,24676.074183212168,0,4
2024-12-09,24640.0,24660.15,24629.9,24657.45,09:35:00,24672.63854671577,0,5
2024-12-09,24644.45,24657.75,24633.05,24639.6,09:40:00,24669.95392321903,0,6
2024-12-09,24645.75,24671.65,24641.85,24643.85,09:45:00,24667.64878767436,0,7
2024-12-09,24622.65,24650.0,24612.8,24646.3,09:50:00,24663.36318884823,0,8
2024-12-09,24629.35,24634.75,24611.4,24623.05,09:55:00,24660.123837529354,0,9
2024-12-09,24605.8,24629.8,24605.65,24628.45,10:00:00,24654.950138717035,0,10
2024-12-09,24594.5,24610.45,24589.85,24605.5,10:05:00,24649.192982648743,0,11
2024-12-09,24584.95,24601.55,24584.95,24593.95,10:10:00,24643.074603348865,0,12
2024-12-09,24595.6,24613.7,24585.95,24585.95,10:15:00,24638.553212553736,0,13
2024-12-09,24602.85,24606.7,24580.2,24595.95,10:20:00,24635.15290659624,0,14
2024-12-09,24611.95,24619.2,24592.05,24602.5,10:25:00,24632.943105968025,0,15
2024-12-09,24594.1,24620.55,24593.85,24611.8,10:30:00,24629.243762542497,0,16
2024-12-09,24595.85,24600.5,24589.05,24594.2,10:35:00,24626.06340420512,0,17
2024-12-09,24604.7,24612.4,24595.95,24595.95,10:40:00,24624.02879428082,0,18
2024-12-09,24629.2,24646.05,24600.55,24604.4,10:45:00,24624.521290063603,0,19
2024-12-09,24626.85,24635.35,24621.65,24629.25,10:50:00,24624.743071962308,0,20
2024-12-09,24614.8,24629.65,24608.65,24626.35,10:55:00,24623.796112727803,0,21
2024-12-09,24615.45,24620.7,24608.15,24615.0,11:00:00,24623.001244848965,0,22
2024-12-09,24619.9,24624.7,24615.1,24615.65,11:05:00,24622.705888196684,0,23
2024-12-09,24636.05,24637.0,24619.5,24619.85,11:10:00,24623.976755987474,0,24
2024-12-09,24648.0,24648.95,24630.25,24635.65,11:15:00,24626.26468398867,0,25
2024-12-09,24656.9,24659.9,24648.25,24648.55,11:20:00,24629.182333132605,0,26
2024-12-09,24670.9,24676.2,24657.95,24658.0,11:25:00,24633.15544426284,0,27
2024-12-09,24669.85,24677.5,24663.2,24671.2,11:30:00,24636.650163856848,0,28
2024-12-09,24672.75,24672.85,24662.8,24670.4,11:35:00,24640.08824348953,0,29
2024-12-09,24687.0,24687.75,24664.3,24672.5,11:40:00,24644.556029823856,0,30
2024-12-09,24678.65,24689.4,24675.85,24687.4,11:45:00,24647.803074602536,0,31
2024-12-09,24674.85,24683.6,24670.1,24679.4,11:50:00,24650.37897225944,0,32
2024-12-09,24677.35,24684.75,24672.9,24674.4,11:55:00,24652.947641568066,0,33
2024-12-09,24670.55,24680.65,24669.95,24677.2,12:00:00,24654.624056656816,0,34
2024-12-09,24660.25,24674.9,24659.15,24670.9,12:05:00,24655.159860784737,0,35
2024-12-09,24659.2,24665.3,24650.15,24661.0,12:10:00,24655.544635948096,0,36
2024-12-09,24659.9,24670.55,24658.6,24659.1,12:15:00,24655.959432524465,0,37
2024-12-09,24659.95,24665.3,24656.5,24660.15,12:20:00,24656.339486569752,0,38
2024-12-09,24661.8,24667.95,24652.85,24659.7,12:25:00,24656.85953546788,0,39
2024-12-09,24636.0,24661.85,24632.8,24661.85,12:30:00,24654.87291304236,0,40
2024-12-09,24625.0,24638.5,24618.45,24636.2,12:35:00,24652.027873704992,0,41
2024-12-09,24630.25,24632.45,24618.45,24625.4,12:40:00,24649.953790495,0,42
2024-12-09,24634.9,24638.95,24623.25,24630.65,12:45:00,24648.520096162138,0,43
2024-12-09,24635.55,24642.45,24631.1,24635.25,12:50:00,24647.284848908603,0,44
2024-12-09,24639.55,24646.5,24632.05,24635.95,12:55:00,24646.5481966316,0,45
2024-12-09,24624.1,24645.95,24620.25,24639.4,13:00:00,24644.410273142872,0,46
2024-12-09,24641.4,24642.95,24621.2,24623.2,13:05:00,24644.1235804626,0,47
2024-12-09,24650.45,24650.45,24634.2,24641.75,13:10:00,24644.72609660901,0,48
2024-12-09,24652.1,24663.0,24648.15,24650.8,13:15:00,24645.42837312244,0,49
2024-12-09,24645.5,24656.8,24643.75,24653.85,13:20:00,24645.43519472983,0,50
2024-12-09,24636.0,24650.95,24633.5,24646.35,13:25:00,24644.53660475556,0,51
2024-12-09,24642.55,24645.05,24633.2,24636.6,13:30:00,24644.34740430265,0,52
2024-12-09,24632.2,24642.5,24627.8,24642.35,13:35:00,24643.19050865478,0,53
2024-12-09,24640.7,24643.2,24626.9,24632.75,13:40:00,24642.953317354328,0,54
2024-12-09,24630.45,24645.0,24630.45,24641.2,13:45:00,24641.762525225346,0,55
2024-12-09,24630.9,24633.65,24622.4,24630.95,13:50:00,24640.72799901341,0,56
2024-12-09,24627.4,24634.7,24625.0,24631.0,13:55:00,24639.45866577404,0,57
2024-12-09,24620.4,24630.2,24618.6,24627.35,14:00:00,24637.643554747938,0,58
2024-12-09,24627.7,24627.7,24606.1,24620.8,14:05:00,24636.696549533848,0,59
2024-12-09,24615.5,24633.75,24612.85,24627.5,14:10:00,24634.677830530625,0,60
2024-12-09,24614.85,24619.45,24612.0,24615.7,14:15:00,24632.789465718182,0,61
2024-12-09,24604.1,24614.85,24600.7,24614.85,14:20:00,24630.057135649786,0,62
2024-12-09,24600.3,24610.9,24596.35,24604.5,14:25:00,24627.22312273076,0,63
2024-12-09,24616.8,24620.25,24596.5,24600.4,14:30:00,24626.230444375447,0,64
2024-12-09,24613.5,24618.25,24604.05,24617.2,14:35:00,24625.0180211016,0,65
2024-12-09,24623.6,24628.8,24611.75,24614.05,14:40:00,24624.882971472874,0,66
2024-12-09,24637.3,24645.25,24619.55,24624.1,14:45:00,24626.06554561832,0,67
2024-12-09,24627.5,24641.75,24618.3,24636.95,14:50:00,24626.20216032133,0,68
2024-12-09,24629.05,24633.35,24622.45,24628.05,14:55:00,24626.47338314788,0,69
2024-12-09,24611.35,24635.7,24605.95,24629.5,15:00:00,24625.033060943315,0,70
2024-12-09,24624.9,24625.0,24610.95,24611.3,15:05:00,24625.020388472523,0,71
2024-12-09,24609.35,24628.35,24604.9,24625.85,15:10:00,24623.52797052276,0,72
2024-12-09,24616.25,24618.05,24607.8,24609.6,15:15:00,24622.834830472973,0,73
2024-12-09,24624.4,24628.6,24612.75,24616.45,15:20:00,24622.98389423745,0,74
2024-12-09,24626.6,24635.25,24620.95,24624.2,15:25:00,24623.32828526245,0,75
2024-12-10,24622.6,24649.9,24612.5,24645.0,09:15:00,24625.78551242573,1,1
2024-12-10,24629.65,24643.95,24611.15,24622.7,09:20:00,24626.153558861373,1,2
2024-12-10,24596.0,24629.05,24593.6,24629.05,09:25:00,24623.281791350768,1,3
2024-12-10,24630.55,24641.25,24596.0,24596.0,09:30:00,24623.974001698312,1,4
2024-12-10,24635.65,24638.65,24625.2,24631.4,09:35:00,24625.08600153657,1,5
2024-12-10,24644.7,24650.35,24629.3,24634.85,09:40:00,24626.95400139023,1,6
2024-12-10,24639.35,24655.85,24637.05,24645.0,09:45:00,24628.1345726864,1,7
2024-12-10,24658.35,24660.7,24636.05,24639.25,09:50:00,24631.012232430552,1,8
2024-12-10,24668.95,24674.0,24652.9,24658.3,09:55:00,24634.62535315145,1,9
2024-12-10,24660.65,24677.75,24660.4,24669.9,10:00:00,24637.10389094655,1,10
2024-12-10,24653.4,24665.5,24652.0,24661.65,10:05:00,24638.6559013326,1,11
2024-12-10,24656.7,24657.45,24640.2,24653.05,10:10:00,24640.374386919964,1,12
2024-12-10,24662.9,24665.65,24652.3,24656.35,10:15:00,24642.51968340377,1,13
2024-12-10,24648.2,24665.65,24637.2,24662.85,10:20:00,24643.060665936748,1,14
2024-12-10,24653.9,24654.85,24642.1,24648.35,10:25:00,24644.09298346658,1,15
2024-12-10,24643.3,24656.45,24643.2,24653.9,10:30:00,24644.01746123167,1,16
2024-12-10,24616.05,24644.7,24616.05,24643.15,10:35:00,24641.35389349532,1,17
2024-12-10,24625.65,24631.5,24614.5,24615.3,10:40:00,24639.858284591,1,18
2024-12-10,24634.5,24634.5,24623.75,24625.6,10:45:00,24639.34797177281,1,19
2024-12-10,24638.65,24640.8,24630.9,24634.05,10:50:00,24639.28149827064,1,20
2024-12-10,24639.3,24640.2,24631.1,24639.25,10:55:00,24639.2832603401,1,21
2024-12-10,24628.5,24646.5,24627.5,24639.5,11:00:00,24638.25628316485,1,22
2024-12-10,24641.05,24641.35,24627.05,24628.55,11:05:00,24638.522351434865,1,23
2024-12-10,24651.4,24651.5,24636.3,24640.45,11:10:00,24639.748794155355,1,24
2024-12-10,24647.9,24653.1,24647.35,24651.6,11:15:00,24640.525099473893,1,25
2024-12-10,24645.4,24648.65,24642.4,24647.1,11:20:00,24640.989375714475,1,26
2024-12-10,24648.45,24650.55,24640.8,24645.85,11:25:00,24641.69991136072,1,27
2024-12-10,24657.5,24658.6,24646.85,24647.65,11:30:00,24643.20468170732,1,28
2024-12-10,24646.9,24658.45,24645.05,24658.1,11:35:00,24643.556616782807,1,29
2024-12-10,24654.65,24655.75,24645.65,24647.4,11:40:00,24644.61312947016,1,30
2024-12-10,24629.1,24655.75,24629.0,24655.75,11:45:00,24643.13568856824,1,31
2024-12-10,24631.55,24637.2,24628.9,24628.9,11:50:00,24642.032289656978,1,32
2024-12-10,24627.4,24632.45,24623.05,24631.25,11:55:00,24640.63873826108,1,33
2024-12-10,24631.35,24631.6,24618.95,24627.85,12:00:00,24639.754096521927,1,34
2024-12-10,24634.2,24647.55,24631.1,24631.85,12:05:00,24639.225134948407,1,35
2024-12-10,24620.8,24634.15,24618.85,24633.45,12:10:00,24637.47036019141,1,36
2024-12-10,24591.75,24621.0,24570.55,24620.85,12:15:00,24633.116040173183,1,37
2024-12-10,24591.7,24593.2,24575.85,24591.7,12:20:00,24629.171655394784,1,38
2024-12-10,24591.15,24597.45,24582.5,24591.6,12:25:00,24625.550545357182,1,39
2024-12-10,24576.6,24594.15,24574.7,24592.4,12:30:00,24620.888588656504,1,40
2024-12-10,24562.25,24576.85,24542.65,24576.85,12:35:00,24615.30396116541,1,41
2024-12-10,24554.85,24562.1,24535.15,24562.0,12:40:00,24609.54644105442,1,42
2024-12-10,24555.25,24568.0,24548.35,24555.2,12:45:00,24604.375351430182,1,43
2024-12-10,24562.2,24564.6,24547.45,24556.25,12:50:00,24600.358651293976,1,44
2024-12-10,24566.2,24570.15,24557.65,24562.8,12:55:00,24597.10544640884,1,45
2024-12-10,24572.15,24573.55,24554.15,24566.05,13:00:00,24594.728737227044,1,46
2024-12-10,24554.9,24576.9,24554.35,24572.5,13:05:00,24590.9355241578,1,47
2024-12-10,24551.05,24559.5,24545.85,24556.3,13:10:00,24587.13690280944,1,48
2024-12-10,24533.8,24551.5,24529.8,24551.5,13:15:00,24582.05719777997,1,49
2024-12-10,24549.05,24550.05,24526.9,24533.7,13:20:00,24578.91365513426,1,50
2024-12-10,24543.0,24556.25,24540.2,24549.75,13:25:00,24575.49330702624,1,51
2024-12-10,24555.8,24567.6,24537.1,24542.85,13:30:00,24573.61775397612,1,52
2024-12-10,24544.35,24569.95,24540.1,24556.4,13:35:00,24570.83034883553,1,53
2024-12-10,24531.65,24549.2,24530.85,24544.05,13:40:00,24567.09888704168,1,54
2024-12-10,24515.2,24541.25,24511.85,24532.35,13:45:00,24562.15613589485,1,55
2024-12-10,24526.35,24527.2,24513.3,24516.45,13:50:00,24558.746027714384,1,56
2024-12-10,24538.5,24539.7,24516.1,24526.45,13:55:00,24556.81783459873,1,57
2024-12-10,24534.35,24538.9,24522.85,24538.9,14:00:00,24554.67804082742,1,58
2024-12-10,24548.1,24549.2,24528.7,24535.05,14:05:00,24554.05156074862,1,59
2024-12-10,24540.45,24548.4,24536.0,24548.35,14:10:00,24552.756174010658,1,60
2024-12-10,24537.1,24542.15,24532.35,24541.25,14:15:00,24551.265109819164,1,61
2024-12-10,24532.6,24538.85,24527.85,24538.85,14:20:00,24549.48748031258,1,62
2024-12-10,24561.15,24562.55,24527.3,24533.3,14:25:00,24550.598196473285,1,63
2024-12-10,24535.6,24563.15,24524.8,24563.15,14:30:00,24549.169796809165,1,64
2024-12-10,24535.1,24541.55,24530.6,24535.95,14:35:00,24547.82981616068,1,65
2024-12-10,24542.7,24546.55,24532.95,24536.25,14:40:00,24547.34126224061,1,66
2024-12-10,24543.6,24550.65,24538.8,24542.85,14:45:00,24546.98495155103,1,67
2024-12-10,24555.3,24565.0,24539.15,24544.6,14:50:00,24547.77686092712,1,68
2024-12-10,24553.9,24557.4,24549.8,24555.2,14:55:00,24548.3600170293,1,69
2024-12-10,24588.95,24607.55,24554.25,24555.55,15:00:00,24552.22572969317,1,70
2024-12-10,24620.3,24620.3,24590.2,24590.6,15:05:00,24558.70899353192,1,71
2024-12-10,24612.0,24622.05,24605.5,24622.05,15:10:00,24563.784327481266,1,72
2024-12-10,24614.25,24618.05,24606.5,24612.45,15:15:00,24568.59058200686,1,73
2024-12-10,24615.7,24617.2,24607.65,24613.9,15:20:00,24573.0771932443,1,74
2024-12-10,24620.5,24628.7,24615.1,24615.3,15:25:00,24577.593651030555,1,75
2024-12-11,24616.0,24632.95,24598.9,24630.8,09:15:00,24584.948544267645,2,1
2024-12-11,24618.7,24634.7,24609.25,24614.1,09:20:00,24588.16296862311,2,2
2024-12-11,24623.6,24636.1,24615.35,24619.25,09:25:00,24591.53792399233,2,3
2024-12-11,24633.75,24637.65,24619.25,24622.45,09:30:00,24595.55812170735,2,4
2024-12-11,24625.75,24647.75,24625.45,24634.1,09:35:00,24598.4335386876,2,5
2024-12-11,24617.55,24629.3,24614.3,24625.35,09:40:00,24600.254154050686,2,6
2024-12-11,24607.75,24618.85,24597.85,24618.2,09:45:00,24600.968044141096,2,7
2024-12-11,24614.15,24615.05,24583.85,24607.15,09:50:00,24602.22346850861,2,8
2024-12-11,24641.15,24643.55,24609.7,24613.85,09:55:00,24605.930757222075,2,9
2024-12-11,24625.05,24642.4,24615.55,24640.3,10:00:00,24607.75163748664,2,10
2024-12-11,24616.45,24628.5,24613.55,24624.7,10:05:00,24608.580052964106,2,11
2024-12-11,24629.15,24634.3,24614.35,24616.65,10:10:00,24610.539095538952,2,12
2024-12-11,24600.95,24630.15,24600.95,24629.35,10:15:00,24609.625848344767,2,13
2024-12-11,24640.95,24640.95,24600.85,24601.4,10:20:00,24612.60910088336,2,14
2024-12-11,24653.2,24666.3,24640.15,24640.55,10:25:00,24616.474900799232,2,15
2024-12-11,24658.8,24658.95,24636.95,24653.05,10:30:00,24620.50586262788,2,16
2024-12-11,24655.45,24672.4,24653.1,24658.3,10:35:00,24623.833875710938,2,17
2024-12-11,24666.15,24668.2,24645.25,24655.6,10:40:00,24627.86398278609,2,18
2024-12-11,24671.75,24676.45,24664.1,24665.75,10:45:00,24632.04360347313,2,19
2024-12-11,24663.4,24676.1,24659.05,24671.05,10:50:00,24635.02992695188,2,20
2024-12-11,24654.85,24664.45,24653.9,24663.2,10:55:00,24636.917552956464,2,21
2024-12-11,24652.75,24660.15,24651.6,24654.4,11:00:00,24638.425405055845,2,22
2024-12-11,24659.95,24661.55,24648.5,24652.45,11:05:00,24640.47536647909,2,23
2024-12-11,24653.05,24665.8,24653.05,24660.25,11:10:00,24641.672950623943,2,24
2024-12-11,24657.0,24659.5,24645.8,24653.4,11:15:00,24643.132669612143,2,25
2024-12-11,24658.8,24666.25,24656.4,24656.5,11:20:00,24644.62479631575,2,26
2024-12-11,24658.15,24660.45,24652.35,24658.75,11:25:00,24645.91291095235,2,27
2024-12-11,24674.7,24674.7,24651.2,24656.25,11:30:00,24648.654538480696,2,28
2024-12-11,24686.8,24691.65,24669.55,24674.85,11:35:00,24652.287439577776,2,29
2024-12-11,24681.8,24687.9,24674.95,24687.1,11:40:00,24655.098159617984,2,30
2024-12-11,24673.45,24685.0,24671.15,24681.85,11:45:00,24656.84595394008,2,31
2024-12-11,24671.35,24678.8,24668.0,24672.85,11:50:00,24658.22729166007,2,32
2024-12-11,24671.25,24676.0,24665.95,24671.3,11:55:00,24659.467549597204,2,33
2024-12-11,24672.6,24674.65,24664.25,24671.95,12:00:00,24660.718259159374,2,34
2024-12-11,24663.4,24686.55,24662.7,24672.7,12:05:00,24660.97366304896,2,35
2024-12-11,24661.75,24667.3,24658.05,24663.3,12:10:00,24661.04759990144,2,36
2024-12-11,24661.95,24664.05,24643.1,24661.25,12:15:00,24661.13354276797,2,37
2024-12-11,24654.3,24672.15,24652.75,24662.6,12:20:00,24660.48272917102,2,38
2024-12-11,24653.4,24658.85,24650.7,24654.05,12:25:00,24659.80818353569,2,39
2024-12-11,24651.65,24658.05,24649.35,24653.25,12:30:00,24659.031213675145,2,40
2024-12-11,24632.5,24664.0,24627.15,24651.6,12:35:00,24656.50443142037,2,41
2024-12-11,24640.75,24653.15,24626.1,24632.4,12:40:00,24655.004009380336,2,42
2024-12-11,24643.55,24645.4,24629.5,24639.75,12:45:00,24653.91315134412,2,43
2024-12-11,24642.25,24645.95,24638.2,24644.45,12:50:00,24652.802375025625,2,44
2024-12-11,24636.2,24643.2,24629.2,24642.15,12:55:00,24651.22119645176,2,45
2024-12-11,24649.0,24650.45,24634.55,24635.5,13:00:00,24651.009653932542,2,46
2024-12-11,24654.45,24655.75,24647.45,24649.05,13:05:00,24651.337305938967,2,47
2024-12-11,24655.85,24664.0,24650.8,24654.5,13:10:00,24651.767086325734,2,48
2024-12-11,24657.55,24665.9,24652.65,24655.85,13:15:00,24652.317840009,2,49
2024-12-11,24655.25,24658.9,24647.45,24657.3,13:20:00,24652.597093341472,2,50
2024-12-11,24657.9,24658.4,24650.45,24655.35,13:25:00,24653.102132070853,2,51
2024-12-11,24663.2,24667.0,24651.9,24658.05,13:30:00,24654.06383377839,2,52
2024-12-11,24656.4,24664.15,24648.6,24663.55,13:35:00,24654.28632579949,2,53
2024-12-11,24652.1,24657.3,24643.5,24657.25,13:40:00,24654.07810429478,2,54
2024-12-11,24661.15,24661.95,24648.35,24651.55,13:45:00,24654.751618171467,2,55
2024-12-11,24659.55,24666.75,24657.65,24661.35,13:50:00,24655.20860691704,2,56
2024-12-11,24647.3,24660.35,24644.15,24660.35,13:55:00,24654.455406258272,2,57
2024-12-11,24655.5,24657.55,24644.45,24648.9,14:00:00,24654.55489137653,2,58
2024-12-11,24657.95,24658.6,24647.75,24655.45,14:05:00,24654.87823505496,2,59
2024-12-11,24652.0,24663.15,24650.8,24657.25,14:10:00,24654.60411743068,2,60
2024-12-11,24649.95,24654.15,24646.85,24652.2,14:15:00,24654.160868151565,2,61
2024-12-11,24646.9,24653.95,24638.35,24650.45,14:20:00,24653.46935689904,2,62
2024-12-11,24644.75,24650.6,24643.05,24647.35,14:25:00,24652.63894195627,2,63
2024-12-11,24650.6,24650.6,24638.8,24644.7,14:30:00,24652.444757008056,2,64
2024-12-11,24654.95,24657.95,24645.4,24650.35,14:35:00,24652.683351578715,2,65
2024-12-11,24634.25,24655.2,24631.05,24654.6,14:40:00,24650.927794285504,2,66
2024-12-11,24628.95,24635.45,24624.75,24635.1,14:45:00,24648.834671020217,2,67
2024-12-11,24628.9,24632.85,24615.55,24628.15,14:50:00,24646.93613092305,2,68
2024-12-11,24636.65,24639.25,24621.45,24628.95,14:55:00,24645.95649940657,2,69
2024-12-11,24638.0,24640.45,24629.95,24636.15,15:00:00,24645.198737558327,2,70
2024-12-11,24645.8,24645.8,24632.2,24637.15,15:05:00,24645.25600064801,2,71
2024-12-11,24650.6,24654.75,24645.0,24645.85,15:10:00,24645.76495296725,2,72
2024-12-11,24644.55,24651.35,24641.1,24649.25,15:15:00,24645.64924316084,2,73
2024-12-11,24640.1,24646.25,24638.05,24644.05,15:20:00,24645.1207438122,2,74
2024-12-11,24629.5,24644.1,24622.55,24639.05,15:25:00,24643.63305392532,2,75
2024-12-12,24650.65,24651.25,24617.1,24620.9,09:15:00,24640.925016932066,3,1
2024-12-12,24648.5,24653.45,24634.2,24648.95,09:20:00,24641.64644389092,3,2
2024-12-12,24653.35,24661.15,24644.2,24648.6,09:25:00,24642.761068282256,3,3
2024-12-12,24666.7,24670.95,24653.95,24654.4,09:30:00,24645.040966541088,3,4
2024-12-12,24661.05,24675.15,24659.8,24666.2,09:35:00,24646.56563639432,3,5
2024-12-12,24650.2,24667.25,24646.7,24660.4,09:40:00,24646.911766261524,3,6
2024-12-12,24633.0,24655.5,24622.6,24650.95,09:45:00,24645.586836141378,3,7
2024-12-12,24642.85,24650.45,24633.3,24633.45,09:50:00,24645.326185080296,3,8
2024-12-12,24634.95,24644.05,24629.75,24642.75,09:55:00,24644.33797697741,3,9
2024-12-12,24639.5,24642.6,24624.8,24635.1,10:00:00,24643.877217265275,3,10
2024-12-12,24614.55,24640.35,24614.0,24639.9,10:05:00,24641.08414895429,3,11
2024-12-12,24618.85,24626.65,24613.95,24614.8,10:10:00,24638.966610958647,3,12
2024-12-12,24625.7,24627.65,24608.9,24619.1,10:15:00,24637.70312420068,3,13
2024-12-12,24617.8,24628.15,24617.15,24626.0,10:20:00,24635.80758856252,3,14
2024-12-12,24615.4,24620.35,24612.05,24617.35,10:25:00,24633.864008699424,3,15
2024-12-12,24612.45,24626.15,24592.15,24616.05,10:30:00,24631.82457929948,3,16
2024-12-12,24611.05,24620.95,24609.25,24612.7,10:35:00,24629.846047937623,3,17
2024-12-12,24611.05,24617.1,24606.75,24610.95,10:40:00,24628.05594813405,3,18
2024-12-12,24617.2,24618.7,24607.85,24611.1,10:45:00,24627.022048311755,3,19
2024-12-12,24616.3,24622.65,24613.4,24617.6,10:50:00,24626.00090085349,3,20
2024-12-12,24602.1,24616.85,24600.2,24616.6,10:55:00,24623.724624581733,3,21
2024-12-12,24599.15,24608.45,24586.3,24601.65,11:00:00,24621.384184145376,3,22
2024-12-12,24598.55,24602.55,24591.75,24599.2,11:05:00,24619.20949994105,3,23
2024-12-12,24603.45,24612.45,24596.75,24596.75,11:10:00,24617.70859518477,3,24
2024-12-12,24607.35,24611.2,24599.55,24604.95,11:15:00,24616.722062310026,3,25
2024-12-12,24594.9,24608.05,24593.15,24606.4,11:20:00,24614.64377066145,3,26
2024-12-12,24602.55,24605.1,24595.05,24595.15,11:25:00,24613.49198297941,3,27
2024-12-12,24600.6,24606.6,24598.25,24603.2,11:30:00,24612.26417507661,3,28
2024-12-12,24597.9,24605.5,24597.65,24600.0,11:35:00,24610.896158402647,3,29
2024-12-12,24600.1,24605.7,24596.4,24598.0,11:40:00,24609.86795284049,3,30
2024-12-12,24593.6,24603.7,24591.0,24598.75,11:45:00,24608.318623998537,3,31
2024-12-12,24596.8,24599.05,24584.1,24593.45,11:50:00,24607.22161218915,3,32
2024-12-12,24595.15,24598.15,24589.8,24597.85,11:55:00,24606.071934837804,3,33
2024-12-12,24574.0,24598.8,24569.35,24595.15,12:00:00,24603.01746485325,3,34
2024-12-12,24573.05,24580.05,24558.6,24573.6,12:05:00,24600.16342058151,3,35
2024-12-12,24562.35,24574.4,24555.85,24574.4,12:10:00,24596.56214243089,3,36
2024-12-12,24559.5,24565.45,24551.75,24562.4,12:15:00,24593.032414580328,3,37
2024-12-12,24557.2,24563.0,24553.45,24560.65,12:20:00,24589.61980366792,3,38
2024-12-12,24570.75,24570.75,24554.8,24557.2,12:25:00,24587.822679509067,3,39
2024-12-12,24580.8,24583.65,24568.55,24569.95,12:30:00,24587.153852889154,3,40
2024-12-12,24577.15,24583.3,24574.6,24581.25,12:35:00,24586.20110499495,3,41
2024-12-12,24579.25,24580.25,24570.8,24577.9,12:40:00,24585.53909499543,3,42
2024-12-12,24574.6,24582.9,24569.95,24580.2,12:45:00,24584.49727642444,3,43
2024-12-12,24578.45,24583.55,24572.95,24576.1,12:50:00,24583.921345336395,3,44
2024-12-12,24576.5,24582.3,24569.35,24578.7,12:55:00,24583.214550542456,3,45
2024-12-12,24573.75,24579.3,24571.5,24576.05,13:00:00,24582.313164776508,3,46
2024-12-12,24572.3,24579.95,24570.1,24574.85,13:05:00,24581.35953003589,3,47
2024-12-12,24567.8,24576.6,24567.2,24573.0,13:10:00,24580.068146222948,3,48
2024-12-12,24566.2,24575.85,24550.3,24569.4,13:15:00,24578.7473703922,3,49
2024-12-12,24561.65,24570.95,24560.05,24567.5,13:20:00,24577.119049402463,3,50
2024-12-12,24556.95,24563.9,24549.5,24562.1,13:25:00,24575.198187554608,3,51
2024-12-12,24545.85,24560.6,24543.4,24557.05,13:30:00,24572.403122073218,3,52
2024-12-12,24571.5,24574.2,24543.85,24547.9,13:35:00,24572.3171104472,3,53
2024-12-12,24574.7,24579.85,24571.5,24571.95,13:40:00,24572.54405230937,3,54
2024-12-12,24562.55,24577.6,24561.65,24575.3,13:45:00,24571.59223780372,3,55
2024-12-12,24565.8,24568.95,24552.6,24563.4,13:50:00,24571.040596108123,3,56
2024-12-12,24550.55,24569.05,24547.3,24566.5,13:55:00,24569.089110764493,3,57
2024-12-12,24551.6,24558.1,24548.45,24552.3,14:00:00,24567.42348116788,3,58
2024-12-12,24554.25,24561.2,24551.0,24553.15,14:05:00,24566.1688639138,3,59
2024-12-12,24563.2,24565.7,24554.2,24555.8,14:10:00,24565.88611496962,3,60
2024-12-12,24568.65,24577.05,24559.6,24563.85,14:15:00,24566.14934211537,3,61
2024-12-12,24560.55,24572.65,24558.25,24569.35,14:20:00,24565.616071437715,3,62
2024-12-12,24556.95,24562.1,24554.5,24561.35,14:25:00,24564.79073130079,3,63
2024-12-12,24551.4,24562.35,24549.7,24558.75,14:30:00,24563.515423557856,3,64
2024-12-12,24557.6,24562.25,24549.2,24553.3,14:35:00,24562.95204988568,3,65
2024-12-12,24554.25,24562.7,24552.55,24557.9,14:40:00,24562.1232832299,3,66
2024-12-12,24550.3,24557.0,24545.7,24554.15,14:45:00,24560.99725625562,3,67
2024-12-12,24534.6,24552.2,24532.9,24550.4,14:50:00,24558.483231850325,3,68
2024-12-12,24540.95,24542.1,24533.05,24533.25,14:55:00,24556.813400245534,3,69
2024-12-12,24546.15,24548.55,24528.5,24541.3,15:00:00,24555.797838317387,3,70
2024-12-12,24554.1,24558.9,24542.6,24545.25,15:05:00,24555.63613943002,3,71
2024-12-12,24549.9,24556.7,24548.8,24554.45,15:10:00,24555.08984043668,3,72
2024-12-12,24554.0,24557.55,24550.15,24550.85,15:15:00,24554.986046109378,3,73
2024-12-12,24549.1,24558.45,24548.25,24553.85,15:20:00,24554.42547028944,3,74
2024-12-12,24539.5,24561.3,24534.6,24548.85,15:25:00,24553.00399692853,3,75
2024-12-13,24470.45,24520.1,24470.45,24501.2,09:15:00,24540.432296805448,4,1
2024-12-13,24419.65,24475.55,24419.55,24470.0,09:20:00,24528.929220919217,4,2
2024-12-13,24419.25,24440.9,24406.0,24418.85,09:25:00,24518.48358083167,4,3
2024-12-13,24391.85,24426.0,24382.7,24418.7,09:30:00,24506.42323980008,4,4
2024-12-13,24389.15,24408.9,24380.4,24391.1,09:35:00,24495.25435981912,4,5
2024-12-13,24397.85,24407.25,24385.0,24388.6,09:40:00,24485.97775412206,4,6
2024-12-13,24389.8,24398.3,24366.15,24398.3,09:45:00,24476.817968015195,4,7
2024-12-13,24373.4,24389.65,24369.1,24388.7,09:50:00,24466.96863772804,4,8
2024-12-13,24380.65,24395.15,24370.5,24373.25,09:55:00,24458.74781508727,4,9
2024-12-13,24395.85,24399.9,24372.95,24382.45,10:00:00,24452.75754698372,4,10
2024-12-13,24354.6,24397.35,24353.3,24395.2,10:05:00,24443.40920917575,4,11
2024-12-13,24353.1,24358.05,24344.15,24353.7,10:10:00,24434.80833211139,4,12
2024-12-13,24302.5,24353.15,24300.0,24353.05,10:15:00,24422.20753857697,4,13
2024-12-13,24257.6,24303.95,24246.55,24302.8,10:20:00,24406.53063014107,4,14
2024-12-13,24264.9,24276.9,24251.75,24255.6,10:25:00,24393.041998699064,4,15
2024-12-13,24210.25,24265.9,24192.2,24264.8,10:30:00,24375.6332369182,4,16
2024-12-13,24211.9,24235.95,24206.7,24210.05,10:35:00,24360.039595306946,4,17
2024-12-13,24233.15,24234.05,24197.85,24212.75,10:40:00,24347.95487194438,4,18
2024-12-13,24217.9,24233.7,24182.15,24233.7,10:45:00,24335.568693663965,4,19
2024-12-13,24230.15,24250.55,24212.3,24217.65,10:50:00,24325.52881807692,4,20
2024-12-13,24260.0,24273.0,24225.9,24230.4,10:55:00,24319.287978260072,4,21
2024-12-13,24259.7,24269.85,24246.7,24259.75,11:00:00,24313.61293271149,4,22
2024-12-13,24252.35,24267.3,24236.6,24259.3,11:05:00,24307.77836769136,4,23
2024-12-13,24278.95,24342.55,24247.75,24252.4,11:10:00,24305.032808863605,4,24
2024-12-13,24317.25,24323.0,24266.85,24279.45,11:15:00,24306.196350876595,4,25
2024-12-13,24301.35,24322.15,24286.65,24318.9,11:20:00,24305.734793650256,4,26
2024-12-13,24299.2,24341.35,24296.35,24300.1,11:25:00,24305.11243235024,4,27
2024-12-13,24355.15,24359.35,24293.5,24299.9,11:30:00,24309.877914983543,4,28
2024-12-13,24345.7,24375.45,24330.3,24356.15,11:35:00,24313.289542127968,4,29
2024-12-13,24364.75,24376.2,24333.0,24345.65,11:40:00,24318.19053811578,4,30
2024-12-13,24372.7,24378.5,24357.0,24364.95,11:45:00,24323.381915438087,4,31
2024-12-13,24417.6,24417.6,24370.5,24371.85,11:50:00,24332.355066348748,4,32
2024-12-13,24545.3,24552.7,24418.3,24418.3,11:55:00,24352.635536220296,4,33
2024-12-13,24542.4,24597.25,24510.45,24545.65,12:00:00,24370.70834229455,4,34
2024-12-13,24530.7,24543.2,24505.05,24542.85,12:05:00,24385.945643028404,4,35
2024-12-13,24560.45,24572.0,24508.8,24530.65,12:10:00,24402.56510559713,4,36
2024-12-13,24594.05,24594.45,24544.05,24560.95,12:15:00,24420.801762206924,4,37
2024-12-13,24577.55,24598.15,24563.8,24597.3,12:20:00,24435.730165806264,4,38
2024-12-13,24584.2,24614.4,24570.7,24578.05,12:25:00,24449.87015001519,4,39
2024-12-13,24538.4,24587.15,24519.95,24585.15,12:30:00,24458.30156429945,4,40
2024-12-13,24549.1,24559.0,24519.6,24538.35,12:35:00,24466.94903436617,4,41
2024-12-13,24528.95,24551.1,24520.6,24550.7,12:40:00,24472.853888236063,4,42
2024-12-13,24558.2,24560.2,24497.9,24528.8,12:45:00,24480.98208935644,4,43
2024-12-13,24572.25,24577.05,24551.3,24558.1,12:50:00,24489.67427132249,4,44
2024-12-13,24634.7,24634.7,24568.0,24572.1,12:55:00,24503.486245482258,4,45
2024-12-13,24667.95,24687.6,24634.5,24635.45,13:00:00,24519.14946019824,4,46
2024-12-13,24663.95,24678.9,24657.3,24670.15,13:05:00,24532.939987798403,4,47
2024-12-13,24640.15,24673.5,24627.3,24666.1,13:10:00,24543.15046515094,4,48
2024-12-13,24608.35,24652.85,24603.45,24642.65,13:15:00,24549.35994466037,4,49
2024-12-13,24636.4,24640.6,24574.8,24608.45,13:20:00,24557.649473740334,4,50
2024-12-13,24663.9,24663.9,24635.2,24636.9,13:25:00,24567.76857147935,4,51
2024-12-13,24669.75,24679.9,24645.95,24664.85,13:30:00,24577.48108848132,4,52
2024-12-13,24705.25,24706.85,24669.05,24672.15,13:35:00,24589.649556245,4,53
2024-12-13,24720.75,24734.75,24693.15,24705.8,13:40:00,24602.13531279309,4,54
2024-12-13,24736.65,24747.15,24719.2,24722.1,13:45:00,24614.946235384225,4,55
2024-12-13,24720.95,24756.7,24720.55,24738.95,13:50:00,24625.0418320143,4,56
2024-12-13,24737.9,24739.9,24707.7,24722.25,13:55:00,24635.79022896532,4,57
2024-12-13,24736.75,24753.45,24729.65,24739.15,14:00:00,24645.40544525433,4,58
2024-12-13,24739.25,24743.25,24713.9,24736.3,14:05:00,24654.343021896777,4,59
2024-12-13,24727.75,24746.25,24722.7,24739.75,14:10:00,24661.33416266851,4,60
2024-12-13,24746.35,24749.55,24722.0,24727.35,14:15:00,24669.43090908103,4,61
2024-12-13,24740.95,24751.2,24732.4,24746.45,14:20:00,24676.242251073312,4,62
2024-12-13,24759.3,24768.55,24736.7,24742.8,14:25:00,24684.15251287585,4,63
2024-12-13,24759.2,24776.55,24753.5,24757.8,14:30:00,24691.299892601965,4,64
2024-12-13,24732.6,24765.6,24718.35,24759.5,14:35:00,24695.233236163684,4,65
2024-12-13,24738.45,24747.45,24715.0,24733.05,14:40:00,24699.34911843381,4,66
2024-12-13,24716.25,24738.75,24709.7,24738.75,14:45:00,24700.958726202018,4,67
2024-12-13,24733.25,24733.25,24705.85,24715.6,14:50:00,24704.034085611347,4,68
2024-12-13,24744.3,24748.85,24728.0,24729.9,14:55:00,24707.86893460074,4,69
2024-12-13,24743.8,24750.8,24735.9,24744.85,15:00:00,24711.29094082924,4,70
2024-12-13,24787.5,24788.25,24744.0,24744.15,15:05:00,24718.54894646455,4,71
2024-12-13,24771.45,24789.9,24764.6,24788.45,15:10:00,24723.58714203936,4,72
2024-12-13,24773.6,24773.7,24761.05,24772.15,15:15:00,24728.350271368938,4,73
2024-12-13,24790.05,24791.45,24769.45,24772.3,15:20:00,24734.226436000463,4,74
2024-12-13,24781.3,24790.9,24779.1,24790.9,15:25:00,24738.70963257185,4,75
2024-12-16,24747.0,24770.5,24722.35,24757.55,09:15:00,24740.76502802367,0,1
2024-12-16,24725.1,24752.75,24719.15,24747.3,09:20:00,24739.273120592843,0,2
2024-12-16,24703.5,24738.7,24703.5,24726.2,09:25:00,24735.866156726857,0,3
2024-12-16,24694.8,24709.75,24689.55,24703.2,09:30:00,24731.955094181445,0,4
2024-12-16,24691.45,24704.65,24681.5,24695.1,09:35:00,24728.097466164163,0,5
2024-12-16,24746.4,24748.15,24691.3,24691.3,09:40:00,24729.84056462472,0,6
2024-12-16,24754.25,24761.95,24741.8,24746.7,09:45:00,24732.165272755698,0,7
2024-12-16,24757.65,24768.9,24745.05,24754.55,09:50:00,24734.592389636106,0,8
2024-12-16,24728.15,24765.1,24725.2,24757.55,09:55:00,24733.97882871838,0,9
2024-12-16,24724.3,24737.25,24710.8,24726.25,10:00:00,24733.057035507107,0,10
2024-12-16,24745.55,24745.85,24716.1,24723.9,10:05:00,24734.24684164929,0,11
2024-12-16,24725.65,24745.55,24718.35,24745.4,10:10:00,24733.428094825547,0,12
2024-12-16,24694.0,24726.5,24681.05,24725.8,10:15:00,24729.673038175493,0,13
2024-12-16,24689.5,24698.0,24686.1,24693.85,10:20:00,24725.84703453973,0,14
2024-12-16,24665.25,24690.15,24660.0,24689.25,10:25:00,24720.075888393087,0,15
2024-12-16,24675.6,24676.25,24656.05,24665.05,10:30:00,24715.840089498502,0,16
2024-12-16,24705.7,24706.95,24665.05,24675.55,10:35:00,24714.874366689124,0,17
2024-12-16,24676.25,24705.45,24676.0,24705.3,10:40:00,24711.19585557588,0,18
2024-12-16,24678.4,24680.35,24673.15,24677.1,10:45:00,24708.07244075913,0,19
2024-12-16,24671.7,24691.9,24669.8,24678.15,10:50:00,24704.608398782068,0,20
2024-12-16,24653.75,24674.3,24651.15,24671.85,10:55:00,24699.764741755203,0,21
2024-12-16,24656.0,24664.2,24652.05,24653.55,11:00:00,24695.596671111853,0,22
2024-12-16,24666.55,24672.35,24648.5,24655.95,11:05:00,24692.83032148216,0,23
2024-12-16,24627.5,24676.45,24621.65,24666.45,11:10:00,24686.6083861029,0,24
2024-12-16,24641.0,24642.65,24609.4,24628.05,11:15:00,24682.264730283576,0,25
2024-12-16,24650.45,24651.8,24633.35,24642.45,11:20:00,24679.23475597085,0,26
2024-12-16,24636.05,24655.85,24630.3,24650.65,11:25:00,24675.12192206887,0,27
2024-12-16,24643.3,24651.5,24628.2,24636.7,11:30:00,24672.09126282421,0,28
2024-12-16,24657.3,24666.75,24642.55,24642.8,11:35:00,24670.68257112667,0,29
2024-12-16,24642.3,24662.0,24641.0,24657.1,11:40:00,24667.9794691146,0,30
2024-12-16,24657.05,24657.65,24635.8,24642.25,11:45:00,24666.938567294164,0,31
2024-12-16,24641.1,24663.4,24638.7,24657.55,11:50:00,24664.477751361388,0,32
2024-12-16,24628.0,24645.7,24625.05,24641.4,11:55:00,24661.00367980316,0,33
2024-12-16,24629.35,24634.7,24618.0,24628.6,12:00:00,24657.98904363143,0,34
2024-12-16,24612.7,24631.65,24610.1,24629.55,12:05:00,24653.675801380818,0,35
2024-12-16,24606.45,24624.15,24604.1,24612.65,12:10:00,24649.17810601121,0,36
2024-12-16,24615.0,24619.35,24602.35,24606.85,12:15:00,24645.923048295863,0,37
2024-12-16,24619.2,24624.8,24608.2,24614.85,12:20:00,24643.37799607721,0,38
2024-12-16,24612.3,24631.5,24609.95,24619.85,12:25:00,24640.418186927,0,39
2024-12-16,24635.0,24635.0,24602.0,24612.5,12:30:00,24639.90216912443,0,40
2024-12-16,24642.15,24653.05,24635.45,24635.45,12:35:00,24640.116248255435,0,41
2024-12-16,24650.25,24650.65,24640.35,24642.8,12:40:00,24641.081367469204,0,42
2024-12-16,24657.7,24659.0,24642.15,24649.25,12:45:00,24642.66409437689,0,43
2024-12-16,24646.95,24658.65,24634.5,24656.2,12:50:00,24643.07227586481,0,44
2024-12-16,24643.35,24648.1,24636.65,24646.55,12:55:00,24643.09872578245,0,45
2024-12-16,24656.65,24657.95,24643.25,24643.25,13:00:00,24644.389323326977,0,46
2024-12-16,24665.7,24667.4,24650.45,24656.95,13:05:00,24646.41891158156,0,47
2024-12-16,24663.2,24668.55,24650.95,24665.15,13:10:00,24648.017110478548,0,48
2024-12-16,24673.75,24676.65,24658.4,24663.25,13:15:00,24650.467861861543,0,49
2024-12-16,24648.5,24679.1,24647.35,24673.6,13:20:00,24650.28044644616,0,50
2024-12-16,24642.7,24654.3,24634.7,24648.7,13:25:00,24649.55849916557,0,51
2024-12-16,24641.05,24654.35,24637.45,24642.7,13:30:00,24648.74816591171,0,52
2024-12-16,24650.5,24652.7,24637.2,24641.6,13:35:00,24648.91500725345,0,53
2024-12-16,24656.8,24666.0,24648.65,24648.65,13:40:00,24649.6659589436,0,54
2024-12-16,24638.7,24661.85,24635.5,24657.25,13:45:00,24648.621581901352,0,55
2024-12-16,24661.0,24663.4,24639.45,24639.45,13:50:00,24649.80047886313,0,56
2024-12-16,24658.5,24665.8,24650.5,24661.35,13:55:00,24650.62900468569,0,57
2024-12-16,24675.8,24679.2,24653.45,24658.15,14:00:00,24653.02624233467,0,58
2024-12-16,24679.2,24679.45,24668.1,24676.0,14:05:00,24655.51898115994,0,59
2024-12-16,24660.5,24686.6,24656.65,24679.8,14:10:00,24655.99336390661,0,60
2024-12-16,24662.4,24669.1,24659.0,24660.7,14:15:00,24656.60351972503,0,61
2024-12-16,24653.7,24667.65,24648.3,24662.4,14:20:00,24656.32699403693,0,62
2024-12-16,24651.2,24657.05,24647.05,24653.85,14:25:00,24655.83870889056,0,63
2024-12-16,24661.8,24664.9,24651.55,24651.6,14:30:00,24656.40645090098,0,64
2024-12-16,24678.6,24678.75,24661.9,24661.9,14:35:00,24658.520122243743,0,65
2024-12-16,24681.5,24684.2,24667.15,24678.55,14:40:00,24660.708682030054,0,66
2024-12-16,24680.15,24687.15,24673.5,24682.35,14:45:00,24662.56023612243,0,67
2024-12-16,24669.0,24683.35,24667.2,24680.25,14:50:00,24663.173546967915,0,68
2024-12-16,24674.5,24679.2,24668.55,24668.9,14:55:00,24664.25225678049,0,69
2024-12-16,24676.8,24698.1,24668.85,24674.1,15:00:00,24665.44727994426,0,70
2024-12-16,24671.05,24681.15,24659.45,24675.85,15:05:00,24665.98087233052,0,71
2024-12-16,24664.65,24672.15,24664.0,24671.55,15:10:00,24665.854122584755,0,72
2024-12-16,24661.05,24671.45,24661.0,24665.35,15:15:00,24665.39658710049,0,73
2024-12-16,24663.1,24668.6,24657.5,24661.25,15:20:00,24665.177864519494,0,74
2024-12-16,24648.25,24665.55,24647.5,24663.15,15:25:00,24663.56568694621,0,75
2024-12-17,24598.35,24604.6,24568.5,24598.05,09:15:00,24650.56760314645,1,1
2024-12-17,24615.55,24616.35,24585.95,24597.35,09:20:00,24647.232593322977,1,2
2024-12-17,24591.9,24624.0,24591.9,24616.35,09:25:00,24641.96282253031,1,3
2024-12-17,24589.7,24607.5,24581.55,24591.45,09:30:00,24636.985410860754,1,4
2024-12-17,24563.55,24589.05,24560.55,24588.25,09:35:00,24629.991562207342,1,5
2024-12-17,24565.15,24571.75,24554.15,24563.25,09:40:00,24623.816175330456,1,6
2024-12-17,24521.0,24565.2,24514.35,24564.8,09:45:00,24614.02415863232,1,7
2024-12-17,24517.85,24528.75,24513.15,24521.6,09:50:00,24604.864714953048,1,8
2024-12-17,24525.45,24533.6,24516.4,24517.25,09:55:00,24597.30140876704,1,9
2024-12-17,24506.6,24525.1,24504.0,24524.85,10:00:00,24588.663179360658,1,10
2024-12-17,24514.95,24520.9,24502.0,24506.95,10:05:00,24581.642876564405,1,11
2024-12-17,24519.75,24529.75,24509.65,24515.45,10:10:00,24575.748316891604,1,12
2024-12-17,24504.85,24521.2,24504.35,24518.5,10:15:00,24568.99609623526,1,13
2024-12-17,24428.9,24505.3,24426.35,24504.85,10:20:00,24555.65361087952,1,14
2024-12-17,24437.7,24441.6,24420.7,24428.75,10:25:00,24544.41993365289,1,15
2024-12-17,24414.45,24436.5,24404.4,24435.75,10:30:00,24532.041844733576,1,16
2024-12-17,24412.0,24424.75,24410.5,24413.45,10:35:00,24520.609288092284,1,17
2024-12-17,24450.15,24450.6,24384.2,24410.65,10:40:00,24513.89887970254,1,18
2024-12-17,24461.9,24465.25,24433.75,24446.3,10:45:00,24508.94660544516,1,19
2024-12-17,24446.25,24470.25,24446.1,24461.9,10:50:00,24502.975500164663,1,20
2024-12-17,24485.65,24493.15,24437.75,24446.6,10:55:00,24501.32545252993,1,21
2024-12-17,24482.1,24500.05,24474.3,24485.5,11:00:00,24499.494457050896,1,22
2024-12-17,24492.3,24495.9,24470.4,24481.15,11:05:00,24498.809270665097,1,23
2024-12-17,24467.85,24492.0,24465.45,24491.4,11:10:00,24495.86076869699,1,24
2024-12-17,24458.15,24488.1,24457.95,24468.05,11:15:00,24492.26926691633,1,25
2024-12-17,24454.55,24467.6,24449.55,24458.45,11:20:00,24488.67695578144,1,26
2024-12-17,24419.45,24455.05,24415.4,24454.45,11:25:00,24482.083912373684,1,27
2024-12-17,24423.15,24431.1,24408.15,24419.9,11:30:00,24476.471158814285,1,28
2024-12-17,24422.8,24429.25,24414.6,24422.4,11:35:00,24471.3596198796,1,29
2024-12-17,24394.3,24432.95,24376.35,24423.6,11:40:00,24464.020608462488,1,30
2024-12-17,24394.2,24403.0,24384.75,24395.5,11:45:00,24457.37102670416,1,31
2024-12-17,24405.3,24408.8,24382.8,24394.75,11:50:00,24452.41188130376,1,32
2024-12-17,24383.8,24409.55,24379.55,24404.8,11:55:00,24445.877416417687,1,33
2024-12-17,24402.65,24405.05,24366.6,24383.65,12:00:00,24441.760519616,1,34
2024-12-17,24387.1,24406.85,24379.3,24404.1,12:05:00,24436.554755843048,1,35
2024-12-17,24380.2,24399.3,24379.25,24386.75,12:10:00,24431.18763623895,1,36
2024-12-17,24364.25,24392.6,24360.15,24379.25,12:15:00,24424.812623263813,1,37
2024-12-17,24379.1,24379.1,24359.8,24363.6,12:20:00,24420.45904009583,1,38
2024-12-17,24427.8,24431.7,24375.6,24378.15,12:25:00,24421.158179134323,1,39
2024-12-17,24460.05,24460.05,24423.55,24428.25,12:30:00,24424.86216207391,1,40
2024-12-17,24409.1,24459.35,24409.05,24458.65,12:35:00,24423.36100378116,1,41
2024-12-17,24399.65,24421.35,24399.65,24411.3,12:40:00,24421.102812944857,1,42
2024-12-17,24398.45,24402.1,24384.55,24399.6,12:45:00,24418.945402188205,1,43
2024-12-17,24414.45,24420.55,24392.2,24398.55,12:50:00,24418.517268646472,1,44
2024-12-17,24434.55,24434.65,24412.1,24415.1,12:55:00,24420.04419544205,1,45
2024-12-17,24392.05,24436.5,24385.4,24434.75,13:00:00,24417.37808159042,1,46
2024-12-17,24398.3,24403.85,24387.25,24391.7,13:05:00,24415.56112143895,1,47
2024-12-17,24371.25,24405.15,24369.25,24398.25,13:10:00,24411.34101463524,1,48
2024-12-17,24355.9,24378.25,24353.35,24369.4,13:15:00,24406.06091800332,1,49
2024-12-17,24369.75,24374.35,24353.55,24355.55,13:20:00,24402.60273533633,1,50
2024-12-17,24335.2,24372.35,24334.85,24369.95,13:25:00,24396.183427209064,1,51
2024-12-17,24340.8,24343.4,24324.25,24336.3,13:30:00,24390.90881509392,1,52
2024-12-17,24373.9,24374.9,24339.05,24340.7,13:35:00,24389.288927942114,1,53
2024-12-17,24356.8,24381.95,24355.4,24373.1,13:40:00,24386.19474432858,1,54
2024-12-17,24364.85,24370.85,24343.8,24356.65,13:45:00,24384.161911535382,1,55
2024-12-17,24364.15,24380.4,24353.75,24364.65,13:50:00,24382.25601519868,1,56
2024-12-17,24374.0,24374.2,24345.65,24364.2,13:55:00,24381.4697280369,1,57
2024-12-17,24352.3,24388.3,24348.65,24373.3,14:00:00,24378.69165870005,1,58
2024-12-17,24341.8,24370.3,24339.9,24352.55,14:05:00,24375.178167395286,1,59
2024-12-17,24336.3,24347.1,24331.65,24341.6,14:10:00,24371.475484786213,1,60
2024-12-17,24347.2,24350.05,24330.4,24337.7,14:15:00,24369.1635338542,1,61
2024-12-17,24324.25,24350.95,24317.7,24348.5,14:20:00,24364.886054439507,1,62
2024-12-17,24317.9,24331.05,24310.0,24325.45,14:25:00,24360.411192111937,1,63
2024-12-17,24327.25,24330.25,24313.6,24317.2,14:30:00,24357.25298333937,1,64
2024-12-17,24329.05,24333.15,24313.6,24326.1,14:35:00,24354.566984926096,1,65
2024-12-17,24331.85,24333.3,24318.8,24328.35,14:40:00,24352.40346255218,1,66
2024-12-17,24329.85,24340.7,24322.1,24331.6,14:45:00,24350.25551373769,1,67
2024-12-17,24313.2,24343.1,24308.05,24332.0,14:50:00,24346.726417191243,1,68
2024-12-17,24331.3,24333.75,24303.7,24313.25,14:55:00,24345.2572346016,1,69
2024-12-17,24347.3,24362.45,24330.2,24330.25,15:00:00,24345.451783687164,1,70
2024-12-17,24355.2,24355.2,24340.55,24346.95,15:05:00,24346.380185240767,1,71
2024-12-17,24334.4,24356.3,24333.4,24355.5,15:10:00,24345.23921521784,1,72
2024-12-17,24332.15,24343.45,24326.25,24335.25,15:15:00,24343.992623292328,1,73
2024-12-17,24324.6,24337.65,24318.8,24332.45,15:20:00,24342.14570678829,1,74
2024-12-17,24319.35,24329.8,24316.4,24324.65,15:25:00,24339.97468709417,1,75
2024-12-18,24329.55,24331.6,24293.05,24299.15,09:15:00,24335.360684900217,2,1
2024-12-18,24312.55,24355.15,24306.95,24330.55,09:20:00,24333.188238719245,2,2
2024-12-18,24301.3,24313.9,24273.15,24313.45,09:25:00,24330.15126360313,2,3
2024-12-18,24313.0,24334.7,24287.2,24301.35,09:30:00,24328.51780992664,2,4
2024-12-18,24348.9,24353.8,24301.1,24313.9,09:35:00,24330.45897088601,2,5
2024-12-18,24382.6,24384.3,24346.0,24349.4,09:40:00,24335.424783182578,2,6
2024-12-18,24387.2,24394.4,24359.45,24382.75,09:45:00,24340.355756212808,2,7
2024-12-18,24339.6,24387.75,24322.7,24387.75,09:50:00,24340.28377943064,2,8
2024-12-18,24267.55,24340.25,24264.6,24339.2,09:55:00,24333.3567528182,2,9
2024-12-18,24261.1,24284.4,24249.7,24267.8,10:00:00,24326.4751573117,2,10
2024-12-18,24249.25,24272.15,24241.95,24261.95,10:05:00,24319.12038042488,2,11
2024-12-18,24237.5,24252.05,24232.0,24250.2,10:10:00,24311.3470108606,2,12
2024-12-18,24228.95,24259.25,24228.75,24236.75,10:15:00,24303.49967649292,2,13
2024-12-18,24272.05,24272.7,24228.3,24228.95,10:20:00,24300.50446920788,2,14
2024-12-18,24257.45,24274.0,24254.95,24272.0,10:25:00,24296.40404356904,2,15
2024-12-18,24292.35,24300.9,24255.05,24256.4,10:30:00,24296.01794418151,2,16
2024-12-18,24288.8,24295.8,24271.3,24290.9,10:35:00,24295.330520926127,2,17
2024-12-18,24301.3,24305.9,24285.65,24288.45,10:40:00,24295.899042742687,2,18
2024-12-18,24270.6,24313.55,24269.55,24302.55,10:45:00,24293.489610100525,2,19
2024-12-18,24246.3,24273.0,24245.7,24269.55,10:50:00,24288.995361519523,2,20
2024-12-18,24226.2,24251.1,24222.75,24245.45,10:55:00,24283.014850898617,2,21
2024-12-18,24235.1,24240.45,24218.9,24225.8,11:00:00,24278.45153176541,2,22
2024-12-18,24211.35,24239.05,24206.4,24235.25,11:05:00,24272.06090969252,2,23
2024-12-18,24216.6,24227.5,24208.6,24211.3,11:10:00,24266.77891829323,2,24
2024-12-18,24224.65,24227.7,24206.65,24217.35,11:15:00,24262.76664036054,2,25
2024-12-18,24220.6,24235.8,24219.1,24225.5,11:20:00,24258.75076985001,2,26
2024-12-18,24246.4,24256.3,24208.8,24219.4,11:25:00,24257.57450605477,2,27
2024-12-18,24245.6,24250.4,24235.6,24246.2,11:30:00,24256.4340769067,2,28
2024-12-18,24253.25,24267.25,24243.05,24245.3,11:35:00,24256.13083148701,2,29
2024-12-18,24231.45,24252.55,24230.15,24252.55,11:40:00,24253.780276107296,2,30
2024-12-18,24228.45,24238.55,24226.35,24232.3,11:45:00,24251.367868858983,2,31
2024-12-18,24222.65,24229.45,24218.2,24228.25,11:50:00,24248.63283372956,2,32
2024-12-18,24236.25,24240.15,24220.85,24223.4,11:55:00,24247.453516231504,2,33
2024-12-18,24231.05,24244.8,24230.95,24235.8,12:00:00,24245.89127659041,2,34
2024-12-18,24231.7,24235.25,24210.85,24231.7,12:05:00,24244.539726438943,2,35
2024-12-18,24222.05,24236.5,24219.75,24231.85,12:10:00,24242.39784773047,2,36
2024-12-18,24208.3,24235.55,24208.0,24221.2,12:15:00,24239.1504336609,2,37
2024-12-18,24201.45,24210.5,24200.0,24208.45,12:20:00,24235.559916169383,2,38
2024-12-18,24205.85,24213.15,24193.9,24200.5,12:25:00,24232.73040034373,2,39
2024-12-18,24200.5,24211.75,24198.65,24206.6,12:30:00,24229.66083840623,2,40
2024-12-18,24166.55,24201.95,24162.65,24199.95,12:35:00,24223.65028236754,2,41
2024-12-18,24168.95,24171.95,24160.55,24167.1,12:40:00,24218.44073166587,2,42
2024-12-18,24159.9,24169.4,24157.25,24168.75,12:45:00,24212.865423888168,2,43
2024-12-18,24168.0,24168.65,24150.5,24163.3,12:50:00,24208.59252637501,2,44
2024-12-18,24192.05,24193.95,24167.4,24168.35,12:55:00,24207.017047672627,2,45
2024-12-18,24217.95,24218.7,24183.7,24191.4,13:00:00,24208.05828122761,2,46
2024-12-18,24229.6,24252.35,24203.0,24218.55,13:05:00,24210.10987349165,2,47
2024-12-18,24221.4,24236.1,24216.9,24229.2,13:10:00,24211.185123635303,2,48
2024-12-18,24219.25,24228.8,24209.85,24221.6,13:15:00,24211.95320709861,2,49
2024-12-18,24229.65,24235.65,24214.25,24219.65,13:20:00,24213.63861594636,2,50
2024-12-18,24210.7,24235.6,24207.05,24230.5,13:25:00,24213.35874776099,2,51
2024-12-18,24195.25,24214.95,24194.6,24211.1,13:30:00,24211.63410511709,2,52
2024-12-18,24186.9,24199.05,24185.65,24196.05,13:35:00,24209.27847605832,2,53
2024-12-18,24178.35,24191.8,24176.1,24188.35,13:40:00,24206.332906909905,2,54
2024-12-18,24178.75,24193.0,24173.6,24179.45,13:45:00,24203.70596339468,2,55
2024-12-18,24172.65,24183.0,24168.05,24178.7,13:50:00,24200.748252595185,2,56
2024-12-18,24208.35,24209.95,24171.05,24173.75,13:55:00,24201.4722285385,2,57
2024-12-18,24221.4,24221.7,24198.7,24208.6,14:00:00,24203.37011153484,2,58
2024-12-18,24200.6,24221.65,24197.1,24221.5,14:05:00,24203.10629138866,2,59
2024-12-18,24196.65,24202.4,24189.55,24200.05,14:10:00,24202.491406494504,2,60
2024-12-18,24204.65,24210.55,24192.35,24196.35,14:15:00,24202.696986828363,2,61
2024-12-18,24191.3,24204.45,24188.8,24204.1,14:20:00,24201.611559511377,2,62
2024-12-18,24177.9,24193.05,24177.15,24191.5,14:25:00,24199.35331574839,2,63
2024-12-18,24173.1,24185.5,24168.65,24178.7,14:30:00,24196.85299996283,2,64
2024-12-18,24170.15,24179.4,24166.7,24173.95,14:35:00,24194.309857109227,2,65
2024-12-18,24183.45,24184.15,24167.15,24170.3,14:40:00,24193.275585003583,2,66
2024-12-18,24194.5,24201.2,24175.8,24183.55,14:45:00,24193.392195955625,2,67
2024-12-18,24190.5,24201.3,24189.0,24193.35,14:50:00,24193.11674872176,2,68
2024-12-18,24176.6,24193.35,24172.1,24190.85,14:55:00,24191.543725033967,2,69
2024-12-18,24203.05,24203.25,24176.2,24177.9,15:00:00,24192.639560745018,2,70
2024-12-18,24189.5,24204.4,24184.35,24202.75,15:05:00,24192.340554959777,2,71
2024-12-18,24189.3,24195.2,24186.35,24189.75,15:10:00,24192.050978296946,2,72
2024-12-18,24204.7,24206.5,24188.35,24189.0,15:15:00,24193.255647030568,2,73
2024-12-18,24212.55,24215.0,24203.95,24204.45,15:20:00,24195.09320445623,2,74
2024-12-18,24214.7,24215.3,24200.65,24212.9,15:25:00,24196.96051831754,2,75
2024-12-19,23919.55,23995.4,23883.6,23886.6,09:15:00,24142.983100028643,3,1
2024-12-19,23909.55,23938.2,23882.55,23919.5,09:20:00,24120.75137621639,3,2
2024-12-19,23886.4,23927.15,23886.4,23910.5,09:25:00,24098.43219752912,3,3
2024-12-19,23908.05,23917.15,23881.85,23885.7,09:30:00,24080.3005596692,3,4
2024-12-19,23939.3,23941.85,23901.85,23906.7,09:35:00,24066.8719349388,3,5
2024-12-19,23985.1,23999.6,23938.05,23939.1,09:40:00,24059.084131611296,3,6
2024-12-19,23957.9,23988.7,23935.0,23985.3,09:45:00,24049.44754764832,3,7
2024-12-19,23981.2,23987.45,23950.8,23956.85,09:50:00,24042.94778120562,3,8
2024-12-19,23962.95,24003.6,23954.35,23982.7,09:55:00,24035.328944900324,3,9
2024-12-19,23965.7,23966.05,23943.6,23962.1,10:00:00,24028.69761681458,3,10
2024-12-19,23956.45,23972.8,23955.3,23966.2,10:05:00,24021.81689140367,3,11
2024-12-19,23929.75,23956.95,23919.15,23956.95,10:10:00,24013.04861603189,3,12
2024-12-19,23924.0,23933.45,23917.4,23929.95,10:15:00,24004.567795457424,3,13
2024-12-19,23951.65,23955.3,23923.7,23924.55,10:20:00,23999.528005413857,3,14
2024-12-19,23960.85,23964.05,23944.3,23950.85,10:25:00,23995.84438585064,3,15
2024-12-19,23959.85,23969.5,23954.95,23960.45,10:30:00,23992.41634910296,3,16
2024-12-19,23960.3,23963.8,23950.85,23959.45,10:35:00,23989.357649188387,3,17
2024-12-19,23963.45,23968.1,23958.45,23959.95,10:40:00,23986.89025402759,3,18
2024-12-19,23942.9,23965.0,23942.9,23959.85,10:45:00,23982.70070602496,3,19
2024-12-19,23947.7,23952.6,23941.25,23943.0,10:50:00,23979.36730545116,3,20
2024-12-19,23946.65,23951.4,23939.45,23947.45,10:55:00,23976.251371598664,3,21
2024-12-19,23938.95,23953.35,23932.85,23946.55,11:00:00,23972.69886001784,3,22
2024-12-19,23938.2,23948.9,23936.6,23938.55,11:05:00,23969.413254301857,3,23
2024-12-19,23942.25,23944.9,23934.4,23938.8,11:10:00,23966.82627770168,3,24
2024-12-19,23952.05,23954.4,23941.5,23941.5,11:15:00,23965.41901315866,3,25
2024-12-19,23954.7,23958.8,23943.65,23951.4,11:20:00,23964.3981547626,3,26
2024-12-19,23951.6,23961.8,23949.8,23954.05,11:25:00,23963.179282880446,3,27
2024-12-19,23955.85,23956.45,23945.25,23950.85,11:30:00,23962.48125593945,3,28
2024-12-19,23988.1,24004.7,23952.75,23957.35,11:35:00,23964.92113632617,3,29
2024-12-19,23969.25,23991.05,23965.15,23986.35,11:40:00,23965.333409057013,3,30
2024-12-19,23976.8,23982.8,23967.1,23968.6,11:45:00,23966.4254653373,3,31
2024-12-19,23960.25,23982.6,23957.35,23976.9,11:50:00,23965.83732578137,3,32
2024-12-19,23965.25,23970.05,23957.6,23959.8,11:55:00,23965.781389992662,3,33
2024-12-19,23963.2,23968.25,23956.2,23965.25,12:00:00,23965.5355433267,3,34
2024-12-19,23983.6,23984.05,23959.65,23963.45,12:05:00,23967.255967771773,3,35
2024-12-19,23988.8,23991.25,23978.2,23983.6,12:10:00,23969.307780364936,3,36
2024-12-19,23975.2,23993.0,23971.45,23988.8,12:15:00,23969.868944139704,3,37
2024-12-19,23981.85,23983.7,23971.65,23974.65,12:20:00,23971.00999707878,3,38
2024-12-19,23980.25,23989.4,23974.8,23982.1,12:25:00,23971.889997357,3,39
2024-12-19,23972.05,23983.5,23969.9,23980.3,12:30:00,23971.905235703947,3,40
2024-12-19,23972.15,23975.45,23964.95,23972.05,12:35:00,23971.928546589286,3,41
2024-12-19,23962.25,23980.25,23959.6,23971.8,12:40:00,23971.00678024745,3,42
2024-12-19,23954.85,23964.4,23950.05,23962.65,12:45:00,23969.468039271505,3,43
2024-12-19,23955.65,23960.15,23952.3,23954.25,12:50:00,23968.15203553136,3,44
2024-12-19,23958.55,23960.5,23953.0,23955.85,12:55:00,23967.23755595695,3,45
2024-12-19,23967.25,23972.95,23956.05,23959.05,13:00:00,23967.238741103905,3,46
2024-12-19,23972.15,23973.5,23962.1,23966.3,13:05:00,23967.70648004639,3,47
2024-12-19,23966.05,23972.9,23956.6,23972.0,13:10:00,23967.54872004197,3,48
2024-12-19,23942.9,23966.3,23940.35,23966.15,13:15:00,23965.20122289512,3,49
2024-12-19,23949.85,23954.15,23936.3,23942.9,13:20:00,23963.739201667013,3,50
2024-12-19,23951.4,23958.6,23947.3,23949.4,13:25:00,23962.564039603487,3,51
2024-12-19,23959.9,23964.45,23944.3,23951.6,13:30:00,23962.31032154601,3,52
2024-12-19,23955.05,23962.35,23953.0,23961.4,13:35:00,23961.618862351155,3,53
2024-12-19,23949.6,23957.35,23947.7,23955.4,13:40:00,23960.474208793905,3,54
2024-12-19,23946.45,23951.25,23944.1,23950.9,13:45:00,23959.13856986116,3,55
2024-12-19,23957.3,23959.3,23945.25,23946.5,13:50:00,23958.963467969617,3,56
2024-12-19,23955.0,23959.9,23950.1,23956.85,13:55:00,23958.585994829657,3,57
2024-12-19,23963.8,23976.2,23954.75,23955.8,14:00:00,23959.082566750643,3,58
2024-12-19,23962.15,23966.9,23956.55,23965.0,14:05:00,23959.374703250585,3,59
2024-12-19,23963.15,23965.4,23954.45,23961.85,14:10:00,23959.73425532196,3,60
2024-12-19,23962.35,23966.7,23955.8,23963.7,14:15:00,23959.983373862728,3,61
2024-12-19,23941.7,23967.15,23939.5,23962.75,14:20:00,23958.24210016152,3,62
2024-12-19,23948.3,23951.9,23938.8,23941.9,14:25:00,23957.295233479468,3,63
2024-12-19,23950.35,23959.9,23943.2,23950.05,14:30:00,23956.6337826719,3,64
2024-12-19,23950.75,23959.35,23946.9,23952.0,14:35:00,23956.07342241744,3,65
2024-12-19,23951.15,23953.4,23943.35,23950.2,14:40:00,23955.604525044346,3,66
2024-12-19,23954.55,23961.9,23948.95,23951.9,14:45:00,23955.504094087744,3,67
2024-12-19,23947.4,23956.45,23941.15,23956.05,14:50:00,23954.7322756032,3,68
2024-12-19,23944.75,23950.2,23941.8,23947.0,14:55:00,23953.781582688607,3,69
2024-12-19,23958.1,23962.2,23943.25,23944.65,15:00:00,23954.192860527783,3,70
2024-12-19,23954.55,23963.8,23951.45,23958.0,15:05:00,23954.22687381085,3,71
2024-12-19,23945.55,23957.0,23943.45,23953.95,15:10:00,23953.40050487649,3,72
2024-12-19,23934.65,23949.25,23934.35,23946.65,15:15:00,23951.6147425073,3,73
2024-12-19,23958.05,23960.0,23934.55,23935.05,15:20:00,23952.227624173272,3,74
2024-12-19,23961.95,23964.85,23953.15,23957.35,15:25:00,23953.1535647282,3,75
2024-12-20,23923.3,23978.45,23888.2,23978.45,09:15:00,23950.960627816054,4,1
2024-12-20,23904.15,23936.1,23902.75,23925.5,09:20:00,23946.50247278596,4,2
2024-12-20,23913.0,23930.4,23892.7,23903.4,09:25:00,23943.311761092053,4,3
2024-12-20,23932.3,23935.5,23904.1,23913.3,09:30:00,23942.263021940427,4,4
2024-12-20,24032.1,24032.1,23922.75,23930.75,09:35:00,23950.81892461277,4,5
2024-12-20,24045.95,24065.5,24021.3,24032.15,09:40:00,23959.8790270306,4,6
2024-12-20,23862.65,24051.85,23857.3,24048.3,09:45:00,23950.619119694347,4,7
2024-12-20,23873.55,23894.6,23827.5,23863.05,09:50:00,23943.279203532984,4,8
2024-12-20,23847.9,23897.4,23844.85,23872.55,09:55:00,23934.19546986317,4,9
2024-12-20,23848.4,23863.8,23827.9,23844.4,10:00:00,23926.024472733352,4,10
2024-12-20,23815.35,23845.75,23807.9,23845.25,10:05:00,23915.48404675875,4,11
2024-12-20,23850.4,23862.6,23812.65,23815.6,10:10:00,23909.28556611506,4,12
2024-12-20,23944.9,23960.8,23835.15,23851.3,10:15:00,23912.677416961247,4,13
2024-12-20,23881.4,23948.75,23876.05,23943.75,10:20:00,23909.698615345893,4,14
2024-12-20,23894.7,23912.3,23868.1,23882.65,10:25:00,23908.27017578914,4,15
2024-12-20,23926.75,23948.35,23898.45,23898.45,10:30:00,23910.03015904732,4,16
2024-12-20,23944.6,23950.8,23918.5,23927.75,10:35:00,23913.32252485233,4,17
2024-12-20,23936.05,23962.9,23923.65,23944.6,10:40:00,23915.48704629497,4,18
2024-12-20,23931.95,23940.9,23909.95,23935.8,10:45:00,23917.05494664783,4,19
2024-12-20,23980.5,23993.9,23932.3,23932.85,10:50:00,23923.09733268137,4,20
2024-12-20,23956.0,23981.9,23951.5,23979.85,10:55:00,23926.230920045047,4,21
2024-12-20,23954.0,23969.95,23945.35,23955.75,11:00:00,23928.87559432647,4,22
2024-12-20,23969.3,23972.6,23949.15,23953.5,11:05:00,23932.72553772395,4,23
2024-12-20,23958.9,23976.3,23957.0,23969.25,11:10:00,23935.218343655,4,24
2024-12-20,23908.85,23961.3,23901.65,23958.9,11:15:00,23932.707072830715,4,25
2024-12-20,23920.3,23939.8,23907.9,23908.2,11:20:00,23931.52544684684,4,26
2024-12-20,23912.9,23930.65,23908.45,23920.85,11:25:00,23929.751594766192,4,27
2024-12-20,23909.95,23915.6,23892.3,23912.7,11:30:00,23927.865728597983,4,28
2024-12-20,23918.7,23925.9,23906.2,23911.2,11:35:00,23926.992802064844,4,29
2024-12-20,23913.6,23926.4,23909.85,23918.65,11:40:00,23925.717297106286,4,30
2024-12-20,23921.85,23928.2,23908.5,23914.4,11:45:00,23925.348983096163,4,31
2024-12-20,23920.9,23932.65,23914.7,23921.8,11:50:00,23924.92527042034,4,32
2024-12-20,23939.5,23943.65,23915.7,23920.0,11:55:00,23926.31333990412,4,33
2024-12-20,23930.35,23945.25,23925.0,23939.85,12:00:00,23926.69778372277,4,34
2024-12-20,23912.8,23934.0,23906.95,23930.6,12:05:00,23925.374185272984,4,35
2024-12-20,23888.6,23918.65,23888.2,23915.6,12:10:00,23921.87188191365,4,36
2024-12-20,23858.0,23889.2,23840.9,23889.2,12:15:00,23915.788845540923,4,37
2024-12-20,23847.45,23861.35,23820.35,23858.0,12:20:00,23909.28038406084,4,38
2024-12-20,23841.0,23862.35,23836.7,23849.65,12:25:00,23902.777490340755,4,39
2024-12-20,23846.8,23854.85,23832.1,23841.75,12:30:00,23897.44630078449,4,40
2024-12-20,23843.2,23861.05,23837.3,23847.15,12:35:00,23892.279986424062,4,41
2024-12-20,23801.35,23846.15,23796.4,23843.95,12:40:00,23883.619987717007,4,42
2024-12-20,23768.7,23813.3,23763.15,23801.35,12:45:00,23872.675226982057,4,43
2024-12-20,23756.95,23772.3,23747.4,23767.5,12:50:00,23861.65377679329,4,44
2024-12-20,23757.6,23771.3,23749.7,23757.65,12:55:00,23851.743893289167,4,45
2024-12-20,23734.6,23771.0,23726.8,23756.05,13:00:00,23840.587332023533,4,46
2024-12-20,23728.3,23748.35,23723.1,23731.0,13:05:00,23829.893300402244,4,47
2024-12-20,23726.65,23735.8,23719.4,23728.0,13:10:00,23820.06060512584,4,48
2024-12-20,23729.8,23743.1,23719.8,23728.25,13:15:00,23811.464357018616,4,49
2024-12-20,23739.0,23740.85,23713.95,23728.95,13:20:00,23804.56298968351,4,50
2024-12-20,23747.85,23757.75,23729.65,23738.5,13:25:00,23799.161752570795,4,51
2024-12-20,23756.5,23767.7,23740.7,23745.9,13:30:00,23795.09872851644,4,52
2024-12-20,23729.6,23756.75,23722.2,23756.45,13:35:00,23788.860754372014,4,53
2024-12-20,23719.65,23731.15,23703.8,23729.7,13:40:00,23782.26925395563,4,54
2024-12-20,23700.75,23726.35,23695.95,23718.75,13:45:00,23774.505515483663,4,55
2024-12-20,23717.4,23723.8,23696.45,23701.35,13:50:00,23769.06689496141,4,56
2024-12-20,23722.35,23729.0,23704.6,23717.25,13:55:00,23764.61766686985,4,57
2024-12-20,23700.15,23723.05,23696.3,23721.55,14:00:00,23758.47788907272,4,58
2024-12-20,23691.25,23710.1,23686.75,23701.5,14:05:00,23752.07523297056,4,59
2024-12-20,23687.9,23693.15,23676.8,23691.0,14:10:00,23745.96330602098,4,60
2024-12-20,23708.45,23709.45,23678.75,23687.7,14:15:00,23742.39061020946,4,61
2024-12-20,23717.6,23723.3,23698.35,23707.85,14:20:00,23740.02959971332,4,62
2024-12-20,23708.55,23725.2,23702.75,23717.05,14:25:00,23737.031542597764,4,63
2024-12-20,23690.6,23711.15,23687.5,23709.55,14:30:00,23732.609490921783,4,64
2024-12-20,23680.95,23695.0,23676.0,23690.3,14:35:00,23727.689539405423,4,65
2024-12-20,23692.35,23699.5,23676.5,23682.7,14:40:00,23724.323868985863,4,66
2024-12-20,23673.85,23696.0,23665.55,23691.85,14:45:00,23719.516833844355,4,67
2024-12-20,23656.75,23679.75,23648.95,23673.4,14:50:00,23713.539040144893,4,68
2024-12-20,23636.3,23664.85,23634.5,23657.15,14:55:00,23706.18294108348,4,69
2024-12-20,23589.95,23635.5,23583.05,23633.45,15:00:00,23695.113137170763,4,70
2024-12-20,23591.05,23594.25,23565.25,23588.3,15:05:00,23685.20236220212,4,71
2024-12-20,23539.3,23595.2,23538.15,23591.7,15:10:00,23671.30689913525,4,72
2024-12-20,23572.5,23588.3,23538.4,23540.9,15:15:00,23661.896718265223,4,73
2024-12-20,23597.15,23605.6,23573.45,23574.1,15:20:00,23655.730364144725,4,74
2024-12-20,23631.35,23632.3,23596.0,23596.6,15:25:00,23653.408424702367,4,75
2024-12-23,23769.55,23785.5,23734.0,23735.9,09:15:00,23671.77583065205,0,1
2024-12-23,23781.15,23805.75,23764.05,23768.85,09:20:00,23682.192418209,0,2
2024-12-23,23743.7,23783.25,23722.05,23781.75,09:25:00,23688.05028314148,0,3
2024-12-23,23770.0,23792.55,23739.2,23743.85,09:30:00,23695.855018080383,0,4
2024-12-23,23727.6,23776.4,23713.6,23769.35,09:35:00,23698.87834969177,0,5
2024-12-23,23745.75,23756.1,23702.2,23728.35,09:40:00,23703.3423163878,0,6
2024-12-23,23757.9,23768.55,23739.1,23745.95,09:45:00,23708.538286255625,0,7
2024-12-23,23751.95,23779.15,23745.85,23758.05,09:50:00,23712.67273518366,0,8
2024-12-23,23729.15,23751.25,23702.95,23751.25,09:55:00,23714.241998499503,0,9
2024-12-23,23782.5,23787.3,23713.2,23729.25,10:00:00,23720.74276054717,0,10
2024-12-23,23795.95,23796.1,23773.45,23783.25,10:05:00,23727.90535478077,0,11
2024-12-23,23769.35,23802.55,23765.0,23795.95,10:10:00,23731.85246384927,0,12
2024-12-23,23753.95,23779.15,23746.65,23771.75,10:15:00,23733.95699110172,0,13
2024-12-23,23746.95,23762.85,23744.45,23753.2,10:20:00,23735.1944205206,0,14
2024-12-23,23763.0,23771.85,23728.1,23747.25,10:25:00,23737.84257094721,0,15
2024-12-23,23772.9,23778.6,23749.95,23762.6,10:30:00,23741.181373714146,0,16
2024-12-23,23778.65,23786.9,23765.5,23773.45,10:35:00,23744.7498143128,0,17
2024-12-23,23762.2,23791.8,23761.2,23779.4,10:40:00,23746.4117367592,0,18
2024-12-23,23777.0,23777.35,23757.6,23763.45,10:45:00,23749.32490468689,0,19
2024-12-23,23794.6,23794.6,23775.75,23777.2,10:50:00,23753.63681852624,0,20
2024-12-23,23825.9,23826.7,23786.65,23794.45,10:55:00,23760.51902628564,0,21
2024-12-23,23835.2,23842.65,23824.45,23825.35,11:00:00,23767.63149997272,0,22
2024-12-23,23849.1,23849.6,23820.8,23836.2,11:05:00,23775.390404737223,0,23
2024-12-23,23834.35,23849.5,23833.4,23849.3,11:10:00,23781.00560428606,0,24
2024-12-23,23854.85,23859.4,23833.8,23834.05,11:15:00,23788.038403877865,0,25
2024-12-23,23845.5,23860.0,23842.9,23854.2,11:20:00,23793.51093684188,0,26
2024-12-23,23862.75,23864.8,23843.9,23844.85,11:25:00,23800.105133333127,0,27
2024-12-23,23855.9,23868.7,23851.65,23862.9,11:30:00,23805.418930158543,0,28
2024-12-23,23843.8,23862.55,23841.5,23856.25,11:35:00,23809.074270143443,0,29
2024-12-23,23851.05,23854.55,23831.35,23843.0,11:40:00,23813.07195870121,0,30
2024-12-23,23857.15,23860.9,23848.55,23851.45,11:45:00,23817.26986739633,0,31
2024-12-23,23854.4,23858.55,23850.25,23856.85,11:50:00,23820.806070501443,0,32
2024-12-23,23808.0,23855.4,23805.45,23854.3,11:55:00,23819.5864447394,0,33
2024-12-23,23779.35,23819.5,23778.55,23807.65,12:00:00,23815.75440238327,0,34
2024-12-23,23761.8,23782.25,23757.1,23781.55,12:05:00,23810.61588787058,0,35
2024-12-23,23769.3,23777.3,23746.6,23761.05,12:10:00,23806.681041406715,0,36
2024-12-23,23777.95,23783.8,23756.05,23769.15,12:15:00,23803.94475174893,0,37
2024-12-23,23752.8,23782.3,23752.15,23776.7,12:20:00,23799.07382301094,0,38
2024-12-23,23745.6,23758.55,23738.45,23752.95,12:25:00,23793.98107796228,0,39
2024-12-23,23730.15,23745.2,23718.65,23743.8,12:30:00,23787.901927680155,0,40
2024-12-23,23716.4,23736.65,23715.25,23730.1,12:35:00,23781.092220282047,0,41
2024-12-23,23737.7,23741.3,23714.5,23715.05,12:40:00,23776.95962787424,0,42
2024-12-23,23706.85,23742.05,23704.2,23736.75,12:45:00,23770.28252045764,0,43
2024-12-23,23692.1,23713.1,23686.15,23707.05,12:50:00,23762.83656612834,0,44
2024-12-23,23686.1,23704.05,23684.5,23692.3,12:55:00,23755.528321735164,0,45
2024-12-23,23718.35,23723.2,23674.5,23686.0,13:00:00,23751.987529188955,0,46
2024-12-23,23679.45,23722.65,23679.45,23718.4,13:05:00,23745.07919307572,0,47
2024-12-23,23681.2,23698.85,23676.9,23679.15,13:10:00,23738.99546040184,0,48
2024-12-23,23682.45,23704.1,23678.3,23680.35,13:15:00,23733.61017845881,0,49
2024-12-23,23688.25,23692.2,23674.1,23682.1,13:20:00,23729.290161462734,0,50
2024-12-23,23667.1,23689.55,23657.95,23688.35,13:25:00,23723.367288942474,0,51
2024-12-23,23649.3,23669.7,23648.15,23666.65,13:30:00,23716.313261424144,0,52
2024-12-23,23674.25,23679.75,23647.55,23648.2,13:35:00,23712.30723652661,0,53
2024-12-23,23704.9,23707.15,23666.85,23673.75,13:40:00,23711.60178542884,0,54
2024-12-23,23702.2,23712.65,23693.95,23704.85,13:45:00,23710.70637729276,0,55
2024-12-23,23686.1,23705.0,23685.75,23701.6,13:50:00,23708.36291278868,0,56
2024-12-23,23678.45,23692.15,23678.2,23686.25,13:55:00,23705.514063951665,0,57
2024-12-23,23662.35,23682.3,23662.35,23678.1,14:00:00,23701.40320071817,0,58
2024-12-23,23680.55,23682.5,23660.2,23662.85,14:05:00,23699.417181602155,0,59
2024-12-23,23699.1,23701.3,23674.4,23682.05,14:10:00,23699.38697383052,0,60
2024-12-23,23733.95,23740.15,23693.85,23698.65,14:15:00,23702.67869060857,0,61
2024-12-23,23727.45,23747.85,23722.0,23734.55,14:20:00,23705.037862931564,0,62
2024-12-23,23743.5,23745.0,23719.15,23727.5,14:25:00,23708.70092360475,0,63
2024-12-23,23747.5,23754.65,23737.25,23742.7,14:30:00,23712.39607373764,0,64
2024-12-23,23759.15,23759.95,23741.25,23747.45,14:35:00,23716.848828619764,0,65
2024-12-23,23742.15,23770.7,23741.9,23759.85,14:40:00,23719.25846398932,0,66
2024-12-23,23731.85,23746.6,23729.8,23742.45,14:45:00,23720.45765789509,0,67
2024-12-23,23735.95,23754.3,23728.3,23732.2,14:50:00,23721.933119047942,0,68
2024-12-23,23735.5,23744.45,23731.3,23736.25,14:55:00,23723.22520294814,0,69
2024-12-23,23740.15,23755.25,23728.6,23736.2,15:00:00,23724.83708838165,0,70
2024-12-23,23747.0,23751.05,23739.25,23739.6,15:05:00,23726.947841869114,0,71
2024-12-23,23761.75,23764.5,23746.45,23747.05,15:10:00,23730.26233311968,0,72
2024-12-23,23763.85,23763.85,23751.55,23761.65,15:15:00,23733.461158536848,0,73
2024-12-23,23762.2,23770.0,23759.45,23764.0,15:20:00,23736.19819105715,0,74
2024-12-23,23747.2,23762.75,23743.9,23761.25,15:25:00,23737.24598238504,0,75
2024-12-24,23767.95,23784.1,23746.7,23781.1,09:15:00,23742.91496517233,1,1
2024-12-24,23767.3,23778.65,23757.35,23766.0,09:20:00,23745.237349441635,1,2
2024-12-24,23764.9,23771.5,23751.65,23767.8,09:25:00,23747.109982828144,1,3
2024-12-24,23712.65,23768.15,23712.6,23765.5,09:30:00,23743.82807970165,1,4
2024-12-24,23719.2,23737.05,23709.85,23711.95,09:35:00,23741.482548301494,1,5
2024-12-24,23739.5,23740.8,23716.7,23719.0,09:40:00,23741.293734177543,1,6
2024-12-24,23770.3,23770.3,23734.35,23739.5,09:45:00,23744.05623568444,1,7
2024-12-24,23773.3,23785.95,23768.7,23769.85,09:50:00,23746.84135609545,1,8
2024-12-24,23797.9,23797.9,23763.05,23773.35,09:55:00,23751.70408408636,1,9
2024-12-24,23806.75,23807.55,23797.85,23797.85,10:00:00,23756.94655226861,1,10
2024-12-24,23819.6,23819.6,23799.4,23806.95,10:05:00,23762.91354729065,1,11
2024-12-24,23804.85,23821.85,23800.35,23819.15,10:10:00,23766.90749516773,1,12
2024-12-24,23835.3,23841.75,23800.35,23804.95,10:15:00,23773.42106705652,1,13
2024-12-24,23834.2,23846.1,23831.85,23835.5,10:20:00,23779.20953686066,1,14
2024-12-24,23852.8,23855.2,23826.95,23834.55,10:25:00,23786.21815239774,1,15
2024-12-24,23864.45,23866.1,23848.75,23853.1,10:30:00,23793.668804550336,1,16
2024-12-24,23861.7,23867.4,23853.65,23864.6,10:35:00,23800.147966021734,1,17
2024-12-24,23827.7,23864.25,23821.8,23862.1,10:40:00,23802.77196925776,1,18
2024-12-24,23826.85,23833.85,23818.75,23827.6,10:45:00,23805.065115042737,1,19
2024-12-24,23825.85,23827.0,23813.7,23827.0,10:50:00,23807.04462789581,1,20
2024-12-24,23823.55,23835.4,23818.2,23825.8,10:55:00,23808.61656809621,1,21
2024-12-24,23841.75,23843.05,23822.95,23822.95,11:00:00,23811.772133039427,1,22
2024-12-24,23834.85,23842.55,23827.45,23841.5,11:05:00,23813.97002513091,1,23
2024-12-24,23828.2,23837.25,23825.1,23835.0,11:10:00,23815.325260832728,1,24
2024-12-24,23844.3,23849.25,23827.05,23827.95,11:15:00,23818.08475980104,1,25
2024-12-24,23835.3,23846.5,23834.55,23843.7,11:20:00,23819.72430648665,1,26
2024-12-24,23833.35,23837.3,23829.65,23834.45,11:25:00,23821.02199158316,1,27
2024-12-24,23823.45,23837.35,23818.85,23833.0,11:30:00,23821.253230480004,1,28
2024-12-24,23827.35,23828.8,23813.75,23824.55,11:35:00,23821.8338751962,1,29
2024-12-24,23825.55,23833.65,23822.85,23827.5,11:40:00,23822.18779184417,1,30
2024-12-24,23821.2,23833.3,23820.25,23825.0,11:45:00,23822.09371643044,1,31
2024-12-24,23822.15,23827.5,23815.05,23821.15,11:50:00,23822.0990767704,1,32
2024-12-24,23821.5,23827.25,23813.6,23822.6,11:55:00,23822.042021839887,1,33
2024-12-24,23799.45,23821.35,23797.05,23821.35,12:00:00,23819.89040071228,1,34
2024-12-24,23799.05,23807.05,23795.3,23798.9,12:05:00,23817.90560064444,1,35
2024-12-24,23793.3,23800.6,23788.9,23798.4,12:10:00,23815.56221010688,1,36
2024-12-24,23781.0,23793.8,23774.25,23793.8,12:15:00,23812.27057104908,1,37
2024-12-24,23773.2,23781.65,23769.95,23781.2,12:20:00,23808.549564282497,1,38
2024-12-24,23780.95,23782.15,23764.1,23773.95,12:25:00,23805.92103435083,1,39
2024-12-24,23787.6,23790.25,23775.1,23781.5,12:30:00,23804.176173936467,1,40
2024-12-24,23799.95,23804.95,23784.15,23791.35,12:35:00,23803.773681180613,1,41
2024-12-24,23803.15,23807.65,23795.45,23800.3,12:40:00,23803.71428297294,1,42
2024-12-24,23802.6,23819.15,23795.5,23803.7,12:45:00,23803.60816078504,1,43
2024-12-24,23796.8,23804.65,23790.55,23802.55,12:50:00,23802.9597645198,1,44
2024-12-24,23793.4,23798.5,23784.95,23796.05,12:55:00,23802.049310756007,1,45
2024-12-24,23786.9,23798.15,23779.6,23793.65,13:00:00,23800.60651925544,1,46
2024-12-24,23788.05,23789.5,23776.35,23784.95,13:05:00,23799.41066027873,1,47
2024-12-24,23785.35,23791.6,23778.6,23787.7,13:10:00,23798.071549775992,1,48
2024-12-24,23783.8,23795.25,23777.7,23785.6,13:15:00,23796.71235455924,1,49
2024-12-24,23796.75,23800.75,23780.15,23783.85,13:20:00,23796.715939839305,1,50
2024-12-24,23780.95,23799.2,23778.0,23795.45,13:25:00,23795.21442175937,1,51
2024-12-24,23781.85,23785.85,23773.55,23783.25,13:30:00,23793.94161968705,1,52
2024-12-24,23781.15,23789.55,23775.2,23781.85,13:35:00,23792.723370193045,1,53
2024-12-24,23752.45,23782.65,23746.35,23781.15,13:40:00,23788.88781112704,1,54
2024-12-24,23742.35,23754.95,23739.8,23753.4,13:45:00,23784.455638638752,1,55
2024-12-24,23757.2,23761.1,23740.45,23743.8,13:50:00,23781.8598635303,1,56
2024-12-24,23751.7,23758.15,23745.95,23757.2,13:55:00,23778.98749557503,1,57
2024-12-24,23750.25,23754.0,23740.35,23751.55,14:00:00,23776.25059123455,1,58
2024-12-24,23737.15,23752.55,23729.2,23749.8,14:05:00,23772.52672540269,1,59
2024-12-24,23762.75,23767.3,23731.5,23737.1,14:10:00,23771.59560869768,1,60
2024-12-24,23722.9,23763.35,23716.5,23762.5,14:15:00,23766.957931678848,1,61
2024-12-24,23728.85,23729.8,23714.7,23722.75,14:20:00,23763.328604852293,1,62
2024-12-24,23739.45,23742.95,23724.15,23728.45,14:25:00,23761.05445200922,1,63
2024-12-24,23732.2,23750.25,23725.0,23740.95,14:30:00,23758.30640896072,1,64
2024-12-24,23731.55,23735.6,23725.4,23731.75,14:35:00,23755.758179535893,1,65
2024-12-24,23732.9,23737.2,23721.7,23730.9,14:40:00,23753.581210056283,1,66
2024-12-24,23726.2,23734.15,23717.9,23734.1,14:45:00,23750.97347576521,1,67
2024-12-24,23739.45,23743.6,23717.9,23725.3,14:50:00,23749.87600188281,1,68
2024-12-24,23738.95,23744.15,23729.75,23739.55,14:55:00,23748.83543027492,1,69
2024-12-24,23723.55,23739.6,23719.55,23737.6,15:00:00,23746.42729405826,1,70
2024-12-24,23725.8,23727.4,23714.4,23723.3,15:05:00,23744.462789862235,1,71
2024-12-24,23719.35,23729.2,23714.45,23727.95,15:10:00,23742.071095589643,1,72
2024-12-24,23735.15,23735.55,23717.35,23718.8,15:15:00,23741.41194362873,1,73
2024-12-24,23737.8,23744.0,23728.0,23734.7,15:20:00,23741.067948997417,1,74
2024-12-24,23730.35,23749.35,23727.0,23738.2,15:25:00,23740.047191950045,1,75
2024-12-26,23835.4,23840.65,23775.95,23775.95,09:15:00,23752.209152594027,3,1
2024-12-26,23829.9,23851.1,23828.35,23836.55,09:20:00,23759.608280918404,3,2
2024-12-26,23826.35,23854.45,23815.25,23829.9,09:25:00,23765.96463511665,3,3
2024-12-26,23816.25,23838.45,23815.35,23826.75,09:30:00,23770.753717486496,3,4
2024-12-26,23823.4,23839.1,23807.7,23816.4,09:35:00,23775.76764915445,3,5
2024-12-26,23805.8,23822.95,23796.95,23822.5,09:40:00,23778.627873044505,3,6
2024-12-26,23799.4,23812.35,23797.0,23806.1,09:45:00,23780.606170849787,3,7
2024-12-26,23805.1,23809.55,23793.6,23799.4,09:50:00,23782.938916483137,3,8
2024-12-26,23801.9,23811.5,23790.1,23805.2,09:55:00,23784.74473396093,3,9
2024-12-26,23775.15,23804.0,23764.7,23802.1,10:00:00,23783.830949774176,3,10
2024-12-26,23750.0,23775.3,23730.6,23774.45,10:05:00,23780.60895455759,3,11
2024-12-26,23749.75,23759.4,23744.2,23749.85,10:10:00,23777.67000650449,3,12
2024-12-26,23745.8,23770.05,23742.85,23748.9,10:15:00,23774.63476778977,3,13
2024-12-26,23757.95,23757.95,23738.45,23745.8,10:20:00,23773.045742285987,3,14
2024-12-26,23731.5,23757.45,23730.7,23757.45,10:25:00,23769.089004925416,3,15
2024-12-26,23737.35,23747.95,23723.85,23731.75,10:30:00,23766.06624255157,3,16
2024-12-26,23741.5,23745.55,23731.85,23738.5,10:35:00,23763.7266004038,3,17
2024-12-26,23740.05,23752.8,23737.15,23741.6,10:40:00,23761.47168607963,3,18
2024-12-26,23713.1,23739.7,23710.5,23739.7,10:45:00,23756.86485883395,3,19
2024-12-26,23715.85,23721.7,23702.8,23713.1,10:50:00,23752.95868180214,3,20
2024-12-26,23726.55,23729.7,23714.7,23717.35,10:55:00,23750.44356924956,3,21
2024-12-26,23739.05,23746.9,23727.0,23727.0,11:00:00,23749.358467416263,3,22
2024-12-26,23742.65,23744.85,23730.0,23739.3,11:05:00,23748.71956575757,3,23
2024-12-26,23759.95,23761.45,23742.05,23743.15,11:10:00,23749.78913092352,3,24
2024-12-26,23746.8,23763.65,23744.0,23760.6,11:15:00,23749.504451787943,3,25
2024-12-26,23754.45,23755.1,23735.8,23745.85,11:20:00,23749.975456379565,3,26
2024-12-26,23759.15,23760.7,23751.5,23754.9,11:25:00,23750.849222438654,3,27
2024-12-26,23763.6,23770.75,23757.2,23758.3,11:30:00,23752.063582206403,3,28
2024-12-26,23749.55,23765.7,23744.6,23763.25,11:35:00,23751.82419342484,3,29
2024-12-26,23754.8,23757.4,23746.45,23749.4,11:40:00,23752.10760357485,3,30
2024-12-26,23760.5,23767.3,23753.8,23754.7,11:45:00,23752.906879424867,3,31
2024-12-26,23762.65,23765.6,23750.95,23760.5,11:50:00,23753.83479567012,3,32
2024-12-26,23769.35,23771.25,23758.6,23763.7,11:55:00,23755.31243417773,3,33
2024-12-26,23761.45,23775.85,23760.35,23769.15,12:00:00,23755.89696425604,3,34
2024-12-26,23743.65,23764.6,23741.8,23760.8,12:05:00,23754.730586707843,3,35
2024-12-26,23734.7,23746.2,23729.35,23744.35,12:10:00,23752.82291178329,3,36
2024-12-26,23741.55,23746.65,23730.65,23737.05,12:15:00,23751.74930113726,3,37
2024-12-26,23747.45,23748.15,23736.45,23739.85,12:20:00,23751.339843886093,3,38
2024-12-26,23746.25,23749.75,23733.15,23747.15,12:25:00,23750.85509684932,3,39
2024-12-26,23742.3,23749.65,23733.75,23745.3,12:30:00,23750.040325720816,3,40
2024-12-26,23742.0,23746.3,23735.3,23742.35,12:35:00,23749.274580414072,3,41
2024-12-26,23747.1,23747.45,23735.0,23740.1,12:40:00,23749.06747751749,3,42
2024-12-26,23745.5,23751.65,23740.25,23746.9,12:45:00,23748.72771775392,3,43
2024-12-26,23746.0,23749.65,23740.65,23744.2,12:50:00,23748.46793511069,3,44
2024-12-26,23745.65,23753.5,23742.35,23745.9,12:55:00,23748.19956033824,3,45
2024-12-26,23750.65,23753.8,23740.85,23745.5,13:00:00,23748.43293554413,3,46
2024-12-26,23749.1,23752.9,23741.45,23749.65,13:05:00,23748.496465492302,3,47
2024-12-26,23750.65,23753.15,23745.45,23748.45,13:10:00,23748.701564016847,3,48
2024-12-26,23749.6,23753.95,23746.35,23750.4,13:15:00,23748.787129348573,3,49
2024-12-26,23752.95,23754.85,23746.25,23749.75,13:20:00,23749.18359322014,3,50
2024-12-26,23749.3,23754.9,23746.35,23750.65,13:25:00,23749.194679580123,3,51
2024-12-26,23692.5,23757.0,23692.5,23749.4,13:30:00,23743.795186286778,3,52
2024-12-26,23713.35,23744.4,23654.8,23694.9,13:35:00,23740.895644735658,3,53
2024-12-26,23755.1,23764.7,23705.05,23709.9,13:40:00,23742.24844047512,3,54
2024-12-26,23747.5,23774.45,23747.5,23754.35,13:45:00,23742.748589001298,3,55
2024-12-26,23743.95,23750.9,23722.05,23747.45,13:50:00,23742.86300909641,3,56
2024-12-26,23740.2,23750.6,23736.0,23743.85,13:55:00,23742.609389182468,3,57
2024-12-26,23748.15,23752.2,23735.05,23740.2,14:00:00,23743.137066403186,3,58
2024-12-26,23752.8,23754.45,23744.15,23752.55,14:05:00,23744.05734579336,3,59
2024-12-26,23745.35,23753.85,23742.7,23752.15,14:10:00,23744.180455717804,3,60
2024-12-26,23745.6,23752.65,23742.5,23744.95,14:15:00,23744.315650411347,3,61
2024-12-26,23744.25,23751.45,23742.5,23745.55,14:20:00,23744.309397991216,3,62
2024-12-26,23747.15,23748.35,23739.25,23743.8,14:25:00,23744.57993151586,3,63
2024-12-26,23742.05,23748.6,23737.05,23747.0,14:30:00,23744.338985657203,3,64
2024-12-26,23746.3,23748.65,23739.35,23739.35,14:35:00,23744.525748927947,3,65
2024-12-26,23751.35,23757.0,23744.0,23747.8,14:40:00,23745.17567760148,3,66
2024-12-26,23750.2,23757.0,23746.85,23751.2,14:45:00,23745.65418449657,3,67
2024-12-26,23752.9,23757.15,23746.9,23750.4,14:50:00,23746.34426216357,3,68
2024-12-26,23751.4,23762.9,23748.15,23752.6,14:55:00,23746.82576100513,3,69
2024-12-26,23745.3,23757.6,23740.15,23752.15,15:00:00,23746.68045043321,3,70
2024-12-26,23760.1,23761.0,23739.8,23745.35,15:05:00,23747.958502772908,3,71
2024-12-26,23754.95,23763.0,23747.3,23759.8,15:10:00,23748.62435965168,3,72
2024-12-26,23749.8,23757.75,23740.5,23754.9,15:15:00,23748.73632539913,3,73
2024-12-26,23747.9,23753.35,23738.95,23749.35,15:20:00,23748.65667536112,3,74
2024-12-26,23760.3,23769.75,23744.05,23747.55,15:25:00,23749.76556342197,3,75
2024-12-27,23823.05,23839.25,23803.25,23807.15,09:15:00,23761.194259399843,4,1
2024-12-27,23839.95,23844.4,23818.65,23822.9,09:20:00,23768.69480612367,4,2
2024-12-27,23856.1,23857.6,23818.75,23839.05,09:25:00,23777.019110302368,4,3
2024-12-27,23840.2,23861.55,23830.05,23855.0,09:30:00,23783.03633789262,4,4
2024-12-27,23831.35,23844.1,23825.1,23840.15,09:35:00,23787.6376390457,4,5
2024-12-27,23862.5,23863.6,23831.15,23831.15,09:40:00,23794.767387708016,4,6
2024-12-27,23878.6,23889.05,23860.85,23862.0,09:45:00,23802.75144602154,4,7
2024-12-27,23904.0,23907.4,23870.3,23878.5,09:50:00,23812.39416544806,4,8
2024-12-27,23918.4,23922.8,23895.5,23904.15,09:55:00,23822.489959214912,4,9
2024-12-27,23920.65,23926.25,23908.15,23919.05,10:00:00,23831.83853452778,4,10
2024-12-27,23917.6,23923.2,23908.15,23918.5,10:05:00,23840.00629314418,4,11
2024-12-27,23924.95,23931.75,23913.75,23918.75,10:10:00,23848.096169987588,4,12
2024-12-27,23924.25,23938.4,23921.1,23925.35,10:15:00,23855.348915703056,4,13
2024-12-27,23920.35,23929.75,23915.7,23925.9,10:20:00,23861.53949515991,4,14
2024-12-27,23910.35,23923.25,23907.3,23921.15,10:25:00,23866.18811466849,4,15
2024-12-27,23927.6,23933.75,23906.95,23910.65,10:30:00,23872.036865652444,4,16
2024-12-27,23928.5,23937.3,23926.15,23927.5,10:35:00,23877.41430701888,4,17
2024-12-27,23913.35,23927.65,23912.65,23926.35,10:40:00,23880.836753969463,4,18
2024-12-27,23896.5,23913.55,23895.35,23913.15,10:45:00,23882.32849168665,4,19
2024-12-27,23902.3,23907.3,23892.75,23896.55,10:50:00,23884.23054009745,4,20
2024-12-27,23900.4,23914.7,23900.4,23902.85,10:55:00,23885.7704886596,4,21
2024-12-27,23887.75,23905.2,23884.5,23899.2,11:00:00,23885.959013549164,4,22
2024-12-27,23887.6,23890.85,23885.3,23887.35,11:05:00,23886.11529797305,4,23
2024-12-27,23903.55,23907.6,23887.9,23888.3,11:10:00,23887.775745785144,4,24
2024-12-27,23882.7,23907.1,23882.7,23903.6,11:15:00,23887.29234142465,4,25
2024-12-27,23863.75,23887.4,23862.85,23882.4,11:20:00,23885.050213669925,4,26
2024-12-27,23885.6,23886.6,23862.05,23863.05,11:25:00,23885.102574272787,4,27
2024-12-27,23872.25,23886.95,23871.6,23882.45,11:30:00,23883.87851958014,4,28
2024-12-27,23860.95,23872.35,23859.15,23872.3,11:35:00,23881.6948510487,4,29
2024-12-27,23872.0,23873.1,23860.85,23861.25,11:40:00,23880.7715319012,4,30
2024-12-27,23858.7,23872.4,23855.35,23872.4,11:45:00,23878.669481243945,4,31
2024-12-27,23867.4,23870.6,23856.95,23858.45,11:50:00,23877.59619731595,4,32
2024-12-27,23857.5,23869.25,23854.3,23868.85,11:55:00,23875.682273762053,4,33
2024-12-27,23858.35,23862.6,23854.65,23858.45,12:00:00,23874.03158102281,4,34
2024-12-27,23848.4,23859.9,23847.1,23858.1,12:05:00,23871.590478068258,4,35
2024-12-27,23845.25,23850.9,23843.3,23848.5,12:10:00,23869.08186110938,4,36
2024-12-27,23835.2,23846.6,23833.4,23845.95,12:15:00,23865.8550171942,4,37
2024-12-27,23834.3,23841.9,23831.1,23834.5,12:20:00,23862.849777461422,4,38
2024-12-27,23837.55,23846.0,23829.5,23834.9,12:25:00,23860.44027484605,4,39
2024-12-27,23846.4,23847.4,23831.05,23837.55,12:30:00,23859.10310581309,4,40
2024-12-27,23840.8,23855.0,23839.1,23845.95,12:35:00,23857.35995287851,4,41
2024-12-27,23849.15,23853.35,23832.05,23841.8,12:40:00,23856.578052604364,4,42
2024-12-27,23849.85,23856.2,23844.65,23849.45,12:45:00,23855.937285689663,4,43
2024-12-27,23843.45,23854.65,23840.7,23849.35,12:50:00,23854.748020385883,4,44
2024-12-27,23837.25,23844.85,23832.5,23843.65,12:55:00,23853.08154225389,4,45
2024-12-27,23835.45,23837.85,23828.2,23836.25,13:00:00,23851.402347753523,4,46
2024-12-27,23854.05,23855.05,23831.1,23834.85,13:05:00,23851.65450511033,4,47
2024-12-27,23854.75,23874.2,23851.75,23854.8,13:10:00,23851.949314147445,4,48
2024-12-27,23851.35,23855.45,23839.05,23855.45,13:15:00,23851.8922366096,4,49
2024-12-27,23844.7,23854.4,23842.2,23851.8,13:20:00,23851.207261694395,4,50
2024-12-27,23845.65,23851.0,23834.55,23844.75,13:25:00,23850.67799867588,4,51
2024-12-27,23843.25,23850.2,23837.85,23845.4,13:30:00,23849.97057023056,4,52
2024-12-27,23848.6,23851.1,23838.15,23842.95,13:35:00,23849.840039732408,4,53
2024-12-27,23849.25,23860.25,23842.8,23848.45,13:40:00,23849.78384547218,4,54
2024-12-27,23848.45,23854.25,23842.1,23850.45,13:45:00,23849.656812570065,4,55
2024-12-27,23852.4,23855.2,23844.0,23848.3,13:50:00,23849.918068515773,4,56
2024-12-27,23856.45,23862.55,23849.95,23853.55,13:55:00,23850.540157228555,4,57
2024-12-27,23852.85,23868.45,23852.85,23858.1,14:00:00,23850.760142254407,4,58
2024-12-27,23848.15,23853.6,23842.9,23853.6,14:05:00,23850.5115572778,4,59
2024-12-27,23841.75,23850.1,23839.55,23847.8,14:10:00,23849.677123251346,4,60
2024-12-27,23839.85,23848.5,23835.5,23842.15,14:15:00,23848.741206751216,4,61
2024-12-27,23837.35,23845.1,23831.1,23839.0,14:20:00,23847.65632991777,4,62
2024-12-27,23841.15,23844.6,23832.75,23837.1,14:25:00,23847.036679449408,4,63
2024-12-27,23833.85,23844.3,23833.85,23841.5,14:30:00,23845.780805216127,4,64
2024-12-27,23835.3,23841.45,23830.85,23835.05,14:35:00,23844.782633290783,4,65
2024-12-27,23842.15,23845.3,23833.45,23836.35,14:40:00,23844.53190631071,4,66
2024-12-27,23829.25,23848.95,23824.65,23842.65,14:45:00,23843.07648666207,4,67
2024-12-27,23812.0,23830.6,23808.45,23830.6,14:50:00,23840.11682126568,4,68
2024-12-27,23807.7,23816.85,23802.25,23811.95,14:55:00,23837.029504954666,4,69
2024-12-27,23821.2,23824.8,23805.6,23807.65,15:00:00,23835.521933054224,4,70
2024-12-27,23816.3,23822.25,23804.6,23821.35,15:05:00,23833.691272763343,4,71
2024-12-27,23807.7,23820.65,23801.9,23817.75,15:10:00,23831.21591345256,4,72
2024-12-27,23806.8,23814.55,23803.8,23807.65,15:15:00,23828.89058836183,4,73
2024-12-27,23830.6,23830.65,23805.7,23807.9,15:20:00,23829.053389470228,4,74
2024-12-27,23832.45,23841.1,23823.95,23831.25,15:25:00,23829.376876187347,4,75
2024-12-30,23802.0,23814.1,23765.65,23808.7,09:15:00,23823.97109365903,0,1
2024-12-30,23776.55,23807.5,23776.55,23803.9,09:20:00,23819.45479902484,0,2
2024-12-30,23758.4,23783.45,23757.2,23776.95,09:25:00,23813.64005626057,0,3
2024-12-30,23752.1,23770.1,23745.35,23755.7,09:30:00,23807.779098521467,0,4
2024-12-30,23726.05,23763.3,23724.0,23752.95,09:35:00,23799.995374852755,0,5
2024-12-30,23725.05,23750.45,23709.2,23725.7,09:40:00,23792.857720104872,0,6
2024-12-30,23751.25,23761.35,23719.85,23724.55,09:45:00,23788.895080094884,0,7
2024-12-30,23777.65,23778.4,23751.4,23751.55,09:50:00,23787.824120085847,0,8
2024-12-30,23738.45,23781.05,23737.25,23778.2,09:55:00,23783.12182293481,0,9
2024-12-30,23760.65,23777.9,23738.3,23738.3,10:00:00,23780.981649321973,0,10
2024-12-30,23764.1,23770.7,23746.55,23761.4,10:05:00,23779.37387319608,0,11
2024-12-30,23779.95,23785.4,23757.75,23765.3,10:10:00,23779.428742415494,0,12
2024-12-30,23774.85,23795.55,23766.9,23779.7,10:15:00,23778.992671709257,0,13
2024-12-30,23784.15,23784.85,23761.9,23774.5,10:20:00,23779.483845832183,0,14
2024-12-30,23789.95,23796.3,23776.8,23784.0,10:25:00,23780.4806224196,0,15
2024-12-30,23797.4,23804.2,23788.75,23789.55,10:30:00,23782.09199171297,0,16
2024-12-30,23791.15,23804.05,23790.15,23797.15,10:35:00,23782.95465916888,0,17
2024-12-30,23801.05,23802.7,23785.3,23791.55,10:40:00,23784.678024962315,0,18
2024-12-30,23840.5,23844.25,23800.25,23801.4,10:45:00,23789.994403537334,0,19
2024-12-30,23825.3,23844.1,23825.2,23840.45,10:50:00,23793.35684129568,0,20
2024-12-30,23803.7,23831.55,23800.2,23824.35,10:55:00,23794.341904029425,0,21
2024-12-30,23778.9,23806.9,23775.55,23803.9,11:00:00,23792.87124650281,0,22
2024-12-30,23784.5,23793.15,23774.25,23779.2,11:05:00,23792.07398493112,0,23
2024-12-30,23787.4,23791.8,23780.2,23784.3,11:10:00,23791.62884350911,0,24
2024-12-30,23793.95,23798.2,23781.95,23787.0,11:15:00,23791.84990603205,0,25
2024-12-30,23824.9,23826.3,23790.9,23793.2,11:20:00,23794.997534029,0,26
2024-12-30,23838.7,23840.75,23819.5,23825.15,11:25:00,23799.15967364528,0,27
2024-12-30,23865.95,23872.55,23838.65,23839.35,11:30:00,23805.52065710764,0,28
2024-12-30,23853.8,23873.05,23844.75,23866.35,11:35:00,23810.11868976405,0,29
2024-12-30,23873.8,23876.15,23844.05,23853.4,11:40:00,23816.1835764532,0,30
2024-12-30,23890.4,23890.4,23861.55,23874.55,11:45:00,23823.251807267174,0,31
2024-12-30,23897.2,23915.25,23891.05,23891.05,11:50:00,23830.294492289348,0,32
2024-12-30,23895.95,23907.2,23885.2,23896.9,11:55:00,23836.5473977856,0,33
2024-12-30,23890.3,23899.9,23881.0,23894.65,12:00:00,23841.666693234587,0,34
2024-12-30,23882.15,23891.75,23867.5,23889.65,12:05:00,23845.522246259865,0,35
2024-12-30,23881.4,23899.35,23878.8,23881.9,12:10:00,23848.939175187497,0,36
2024-12-30,23867.15,23885.6,23862.75,23881.95,12:15:00,23850.673539455354,0,37
2024-12-30,23853.05,23875.15,23843.85,23866.8,12:20:00,23850.89986903104,0,38
2024-12-30,23794.45,23859.25,23790.7,23853.1,12:25:00,23845.52369102808,0,39
2024-12-30,23798.65,23810.75,23748.25,23794.6,12:30:00,23841.059529977785,0,40
2024-12-30,23794.65,23809.55,23780.45,23796.85,12:35:00,23836.639574741806,0,41
2024-12-30,23805.25,23810.3,23781.65,23794.45,12:40:00,23833.650091433065,0,42
2024-12-30,23803.65,23821.95,23798.5,23805.75,12:45:00,23830.79293986801,0,43
2024-12-30,23795.5,23811.45,23791.8,23803.95,12:50:00,23827.43170749963,0,44
2024-12-30,23795.5,23806.1,23776.25,23795.95,12:55:00,23824.390592499665,0,45
2024-12-30,23767.2,23796.95,23762.05,23795.55,13:00:00,23818.94386940446,0,46
2024-12-30,23764.9,23776.4,23758.4,23768.05,13:05:00,23813.79683422308,0,47
2024-12-30,23772.2,23779.5,23761.8,23765.7,13:10:00,23809.83523096374,0,48
2024-12-30,23782.0,23790.0,23768.2,23772.3,13:15:00,23807.184256586243,0,49
2024-12-30,23760.7,23783.45,23759.45,23783.0,13:20:00,23802.75718453041,0,50
2024-12-30,23726.25,23764.45,23721.8,23759.9,13:25:00,23795.47078600371,0,51
2024-12-30,23695.25,23733.5,23688.6,23726.25,13:30:00,23785.925949241453,0,52
2024-12-30,23704.05,23707.15,23677.75,23694.45,13:35:00,23778.128239789887,0,53
2024-12-30,23692.8,23706.4,23687.3,23702.9,13:40:00,23770.00174076228,0,54
2024-12-30,23669.85,23691.55,23657.4,23691.5,13:45:00,23760.4634797373,0,55
2024-12-30,23643.9,23677.55,23641.55,23670.2,13:50:00,23749.362195952795,0,56
2024-12-30,23665.85,23670.0,23640.95,23643.9,13:55:00,23741.4086534811,0,57
2024-12-30,23655.65,23665.55,23641.1,23665.55,14:00:00,23733.241162673377,0,58
2024-12-30,23652.65,23668.1,23644.7,23655.7,14:05:00,23725.565813847345,0,59
2024-12-30,23640.1,23653.6,23633.15,23652.65,14:10:00,23717.42621252855,0,60
2024-12-30,23641.65,23658.35,23635.3,23639.3,14:15:00,23710.209430382973,0,61
2024-12-30,23636.7,23646.6,23622.15,23642.3,14:20:00,23703.208532251265,0,62
2024-12-30,23630.35,23640.4,23626.8,23636.6,14:25:00,23696.26962441781,0,63
2024-12-30,23658.25,23668.1,23629.85,23629.85,14:30:00,23692.64870780659,0,64
2024-12-30,23666.9,23673.95,23640.85,23658.95,14:35:00,23690.196449920248,0,65
2024-12-30,23664.65,23671.05,23649.95,23668.95,14:40:00,23687.763454689743,0,66
2024-12-30,23673.35,23679.8,23657.6,23665.1,14:45:00,23686.39074471929,0,67
2024-12-30,23675.95,23687.4,23662.1,23672.7,14:50:00,23685.39638807936,0,68
2024-12-30,23700.75,23707.5,23676.75,23676.75,14:55:00,23686.858636833706,0,69
2024-12-30,23665.35,23709.65,23642.2,23700.35,15:00:00,23684.810195230493,0,70
2024-12-30,23645.45,23666.2,23638.15,23663.8,15:05:00,23681.061605208542,0,71
2024-12-30,23617.2,23647.65,23600.2,23646.2,15:10:00,23674.97954756964,0,72
2024-12-30,23650.15,23651.5,23616.7,23617.3,15:15:00,23672.61482875348,0,73
2024-12-30,23658.55,23662.3,23632.7,23650.85,15:20:00,23671.27532125315,0,74
2024-12-30,23658.65,23680.3,23640.3,23658.2,15:25:00,23670.07290970523,0,75
2024-12-31,23554.75,23571.95,23540.05,23559.5,09:15:00,23649.65673560904,1,1
2024-12-31,23545.6,23564.0,23528.4,23554.5,09:20:00,23639.746570312946,1,2
2024-12-31,23540.2,23554.0,23528.2,23546.15,09:25:00,23630.26594456885,1,3
2024-12-31,23547.05,23556.7,23535.25,23541.25,09:30:00,23622.34061651468,1,4
2024-12-31,23580.7,23584.1,23542.6,23547.05,09:35:00,23618.37484351328,1,5
2024-12-31,23523.4,23584.4,23510.45,23581.15,09:40:00,23609.32962032154,1,6
2024-12-31,23516.55,23535.15,23509.0,23524.3,09:45:00,23600.4934660052,1,7
2024-12-31,23520.9,23528.2,23501.6,23516.6,09:50:00,23592.913135909468,1,8
2024-12-31,23530.55,23536.65,23498.85,23520.35,09:55:00,23586.97378963237,1,9
2024-12-31,23521.2,23541.7,23507.3,23530.45,10:00:00,23580.7096191912,1,10
2024-12-31,23473.55,23520.6,23465.65,23520.6,10:05:00,23570.50394117299,1,11
2024-12-31,23471.15,23475.25,23460.45,23472.55,10:10:00,23561.04166106128,1,12
2024-12-31,23521.8,23523.35,23470.45,23470.45,10:15:00,23557.30436000782,1,13
2024-12-31,23537.6,23543.15,23499.05,23522.1,10:20:00,23555.427754292792,1,14
2024-12-31,23507.55,23555.45,23499.4,23537.65,10:25:00,23550.867968169667,1,15
2024-12-31,23519.55,23526.5,23504.15,23505.7,10:30:00,23547.885304534462,1,16
2024-12-31,23530.95,23540.25,23516.95,23519.5,10:35:00,23546.27241838832,1,17
2024-12-31,23544.5,23546.05,23525.25,23531.3,10:40:00,23546.10361663705,1,18
2024-12-31,23536.65,23545.9,23518.9,23544.75,10:45:00,23545.203272195424,1,19
2024-12-31,23586.0,23591.85,23523.6,23537.1,10:50:00,23549.08867484348,1,20
2024-12-31,23571.75,23596.45,23565.6,23585.2,10:55:00,23551.24689628696,1,21
2024-12-31,23559.6,23584.2,23555.4,23572.5,11:00:00,23552.04242997392,1,22
2024-12-31,23595.95,23599.85,23556.05,23558.75,11:05:00,23556.22410330973,1,23
2024-12-31,23609.1,23609.3,23587.05,23596.15,11:10:00,23561.25990299452,1,24
2024-12-31,23588.4,23611.75,23583.75,23609.35,11:15:00,23563.844674137898,1,25
2024-12-31,23596.4,23600.7,23585.25,23588.45,11:20:00,23566.94518136286,1,26
2024-12-31,23596.15,23606.05,23586.8,23596.55,11:25:00,23569.726592661635,1,27
2024-12-31,23587.0,23596.15,23568.15,23596.15,11:30:00,23571.37167907481,1,28
2024-12-31,23585.7,23587.2,23577.25,23587.1,11:35:00,23572.73628106769,1,29
2024-12-31,23612.95,23614.75,23585.7,23585.7,11:40:00,23576.56615906124,1,30
2024-12-31,23606.85,23616.8,23598.6,23612.65,11:45:00,23579.45033438874,1,31
2024-12-31,23586.9,23607.25,23585.75,23606.9,11:50:00,23580.159826351715,1,32
2024-12-31,23596.85,23597.2,23578.4,23586.55,11:55:00,23581.74936669917,1,33
2024-12-31,23588.95,23605.55,23588.35,23596.8,12:00:00,23582.435141299247,1,34
2024-12-31,23576.6,23589.65,23565.75,23589.35,12:05:00,23581.87941355646,1,35
2024-12-31,23588.6,23597.85,23575.55,23576.45,12:10:00,23582.519469408227,1,36
2024-12-31,23596.0,23596.45,23586.2,23588.3,12:15:00,23583.803329464587,1,37
2024-12-31,23614.5,23615.9,23591.65,23596.15,12:20:00,23586.72682189653,1,38
2024-12-31,23610.25,23617.85,23605.75,23613.5,12:25:00,23588.96712457305,1,39
2024-12-31,23621.65,23624.5,23603.65,23610.35,12:30:00,23592.079779375617,1,40
2024-12-31,23608.3,23624.5,23606.55,23621.55,12:35:00,23593.624562292225,1,41
2024-12-31,23596.4,23608.2,23593.95,23608.2,12:40:00,23593.888889692964,1,42
2024-12-31,23596.55,23599.2,23587.15,23596.65,12:45:00,23594.142328769824,1,43
2024-12-31,23595.1,23604.7,23585.8,23597.15,12:50:00,23594.23353555365,1,44
2024-12-31,23583.6,23597.15,23577.45,23595.85,12:55:00,23593.22081788188,1,45
2024-12-31,23584.85,23593.8,23578.1,23584.25,13:00:00,23592.42359713122,1,46
2024-12-31,23594.2,23600.15,23582.85,23585.85,13:05:00,23592.59277835681,1,47
2024-12-31,23592.7,23596.5,23586.4,23594.85,13:10:00,23592.602989941883,1,48
2024-12-31,23585.4,23598.95,23581.8,23594.15,13:15:00,23591.9169908998,1,49
2024-12-31,23612.65,23615.25,23583.35,23586.45,13:20:00,23593.89156319505,1,50
2024-12-31,23621.7,23625.85,23606.0,23614.3,13:25:00,23596.53998574791,1,51
2024-12-31,23616.2,23625.0,23611.65,23622.25,13:30:00,23598.41236805764,1,52
2024-12-31,23647.2,23648.55,23612.35,23617.8,13:35:00,23603.058809195005,1,53
2024-12-31,23639.4,23664.5,23635.1,23648.1,13:40:00,23606.51987498596,1,54
2024-12-31,23637.65,23651.15,23637.65,23639.8,13:45:00,23609.484648796817,1,55
2024-12-31,23643.95,23653.65,23634.6,23638.7,13:50:00,23612.76706319712,1,56
2024-12-31,23644.95,23653.3,23638.1,23644.95,13:55:00,23615.832104797395,1,57
2024-12-31,23669.4,23674.0,23640.7,23645.65,14:00:00,23620.933809102404,1,58
2024-12-31,23687.1,23689.4,23665.9,23670.45,14:05:00,23627.23535109265,1,59
2024-12-31,23680.4,23688.75,23676.3,23688.5,14:10:00,23632.29865098859,1,60
2024-12-31,23650.8,23683.8,23647.0,23679.3,14:15:00,23634.06068422777,1,61
2024-12-31,23640.85,23651.7,23622.1,23651.45,14:20:00,23634.707285729888,1,62
2024-12-31,23639.65,23643.55,23631.6,23641.3,14:25:00,23635.17802042228,1,63
2024-12-31,23631.05,23639.95,23623.65,23639.95,14:30:00,23634.78487562016,1,64
2024-12-31,23647.5,23652.4,23625.7,23630.05,14:35:00,23635.995839846808,1,65
2024-12-31,23648.45,23653.75,23624.9,23647.9,14:40:00,23637.18195033759,1,66
2024-12-31,23654.2,23658.15,23642.65,23649.25,14:45:00,23638.802716972103,1,67
2024-12-31,23647.35,23664.45,23641.1,23654.65,14:50:00,23639.616743927138,1,68
2024-12-31,23664.1,23665.65,23641.85,23648.5,14:55:00,23641.948482600743,1,69
2024-12-31,23630.7,23665.55,23629.95,23665.55,15:00:00,23640.87719854353,1,70
2024-12-31,23647.5,23652.1,23625.65,23630.8,15:05:00,23641.507941539385,1,71
2024-12-31,23647.75,23652.5,23640.6,23646.9,15:10:00,23642.10242329754,1,72
2024-12-31,23644.85,23649.1,23637.6,23648.15,15:15:00,23642.3640972692,1,73
2024-12-31,23649.3,23658.0,23642.4,23645.55,15:20:00,23643.02465943404,1,74
2024-12-31,23668.8,23669.4,23646.5,23648.7,15:25:00,23645.479453773656,1,75
2025-01-01,23675.65,23682.6,23607.2,23648.9,09:15:00,23647.678192318115,2,1
2025-01-01,23629.65,23678.75,23627.35,23673.1,09:20:00,23645.96122162116,2,2
2025-01-01,23640.85,23644.05,23625.4,23629.9,09:25:00,23645.474438609614,2,3
2025-01-01,23617.0,23650.05,23610.55,23640.75,09:30:00,23642.76258731346,2,4
2025-01-01,23629.0,23633.7,23613.3,23617.55,09:35:00,23641.45186471218,2,5
2025-01-01,23610.6,23632.5,23598.75,23628.65,09:40:00,23638.513591882453,2,6
2025-01-01,23570.65,23609.35,23565.85,23609.35,09:45:00,23632.05039265555,2,7
2025-01-01,23568.7,23580.85,23564.55,23571.45,09:50:00,23626.017021926447,2,8
2025-01-01,23592.05,23598.4,23563.0,23568.7,09:55:00,23622.78206745726,2,9
2025-01-01,23578.8,23606.65,23576.9,23591.7,10:00:00,23618.593299128,2,10
2025-01-01,23597.2,23604.3,23576.55,23578.4,10:05:00,23616.55584206819,2,11
2025-01-01,23629.6,23648.25,23596.35,23597.2,10:10:00,23617.7981428236,2,12
2025-01-01,23631.15,23637.4,23616.75,23629.95,10:15:00,23619.06974826897,2,13
2025-01-01,23630.9,23640.05,23616.3,23630.25,10:20:00,23620.19643891002,2,14
2025-01-01,23653.25,23655.15,23630.05,23631.5,10:25:00,23623.344397109067,2,15
2025-01-01,23648.0,23659.05,23644.4,23651.75,10:30:00,23625.692549765343,2,16
2025-01-01,23662.65,23676.55,23638.75,23647.8,10:35:00,23629.21230693055,2,17
2025-01-01,23656.6,23669.8,23652.65,23663.45,10:40:00,23631.82065865145,2,18
2025-01-01,23710.85,23712.45,23655.0,23655.55,10:45:00,23639.347262589406,2,19
2025-01-01,23737.5,23747.1,23713.4,23713.65,10:50:00,23648.6951423428,2,20
2025-01-01,23739.4,23749.85,23733.4,23736.95,10:55:00,23657.33370021492,2,21
2025-01-01,23741.55,23751.95,23738.7,23738.9,11:00:00,23665.354300194445,2,22
2025-01-01,23755.35,23761.4,23730.75,23741.05,11:05:00,23673.92531922355,2,23
2025-01-01,23754.05,23758.3,23741.35,23755.35,11:10:00,23681.55624120226,2,24
2025-01-01,23769.8,23778.65,23743.4,23754.25,11:15:00,23689.960408706804,2,25
2025-01-01,23756.15,23771.4,23753.65,23770.45,11:20:00,23696.26417930616,2,26
2025-01-01,23742.9,23768.0,23722.25,23756.7,11:25:00,23700.705686038906,2,27
2025-01-01,23710.55,23749.1,23710.55,23741.5,11:30:00,23701.64323974948,2,28
2025-01-01,23699.15,23715.45,23693.75,23710.1,11:35:00,23701.405788344768,2,29
2025-01-01,23724.45,23725.5,23697.25,23699.65,11:40:00,23703.600475169074,2,30
2025-01-01,23708.45,23735.95,23707.4,23724.2,11:45:00,23704.062334676782,2,31
2025-01-01,23688.25,23712.3,23688.25,23709.15,11:50:00,23702.5563980409,2,32
2025-01-01,23690.5,23698.35,23678.35,23688.0,11:55:00,23701.408169656053,2,33
2025-01-01,23706.35,23707.0,23688.65,23691.35,12:00:00,23701.878820165,2,34
2025-01-01,23713.85,23717.95,23699.3,23706.6,12:05:00,23703.01893253024,2,35
2025-01-01,23714.25,23718.95,23702.8,23714.4,12:10:00,23704.08855800356,2,36
2025-01-01,23737.3,23738.45,23711.15,23714.05,12:15:00,23707.251552479407,2,37
2025-01-01,23753.45,23769.65,23736.6,23738.95,12:20:00,23711.651404624223,2,38
2025-01-01,23747.7,23763.1,23744.45,23753.8,12:25:00,23715.084604183827,2,39
2025-01-01,23762.0,23772.95,23748.75,23749.2,12:30:00,23719.55273711869,2,40
2025-01-01,23769.9,23770.7,23750.35,23761.95,12:35:00,23724.347714535965,2,41
2025-01-01,23759.9,23771.7,23749.95,23768.85,12:40:00,23727.73364648492,2,42
2025-01-01,23760.2,23771.25,23751.3,23760.4,12:45:00,23730.825680153022,2,43
2025-01-01,23757.2,23773.0,23752.55,23755.8,12:50:00,23733.337520138448,2,44
2025-01-01,23733.85,23760.75,23732.4,23757.7,12:55:00,23733.38632774431,2,45
2025-01-01,23740.85,23740.85,23729.45,23734.15,13:00:00,23734.09715367342,2,46
2025-01-01,23737.0,23742.45,23734.85,23740.75,13:05:00,23734.37361522833,2,47
2025-01-01,23727.05,23737.15,23718.7,23737.15,13:10:00,23733.676128063733,2,48
2025-01-01,23730.4,23738.05,23726.35,23726.95,13:15:00,23733.364115867185,2,49
2025-01-01,23735.65,23741.9,23728.95,23729.7,13:20:00,23733.581819117928,2,50
2025-01-01,23744.55,23747.35,23731.6,23735.8,13:25:00,23734.626407773365,2,51
2025-01-01,23738.65,23749.55,23735.75,23743.8,13:30:00,23735.009607033044,2,52
2025-01-01,23738.95,23744.4,23725.3,23738.8,13:35:00,23735.384882553702,2,53
2025-01-01,23749.7,23752.4,23737.8,23738.25,13:40:00,23736.7482270724,2,54
2025-01-01,23754.7,23761.65,23746.6,23749.9,13:45:00,23738.45791973217,2,55
2025-01-01,23759.9,23768.55,23746.25,23753.9,13:50:00,23740.50002261482,2,56
2025-01-01,23785.4,23785.95,23753.65,23760.25,13:55:00,23744.776210937216,2,57
2025-01-01,23812.3,23822.3,23786.25,23786.25,14:00:00,23751.20704799081,2,58
2025-01-01,23814.25,23820.9,23805.45,23810.75,14:05:00,23757.21113865836,2,59
2025-01-01,23789.85,23815.3,23783.55,23815.3,14:10:00,23760.31960164328,2,60
2025-01-01,23782.15,23791.85,23776.15,23789.65,14:15:00,23762.39868720106,2,61
2025-01-01,23786.5,23788.2,23777.4,23781.75,14:20:00,23764.694050324768,2,62
2025-01-01,23779.55,23789.05,23770.95,23786.25,14:25:00,23766.10890267479,2,63
2025-01-01,23783.3,23788.15,23776.6,23779.9,14:30:00,23767.746150039096,2,64
2025-01-01,23788.6,23797.65,23778.6,23783.0,14:35:00,23769.73223098776,2,65
2025-01-01,23767.5,23791.5,23764.6,23788.75,14:40:00,23769.51963756035,2,66
2025-01-01,23758.55,23768.6,23751.45,23767.1,14:45:00,23768.47491017365,2,67
2025-01-01,23746.8,23761.85,23744.7,23757.35,14:50:00,23766.410633014253,2,68
2025-01-01,23741.25,23748.4,23734.75,23746.75,14:55:00,23764.01438225099,2,69
2025-01-01,23739.1,23748.45,23729.45,23741.2,15:00:00,23761.64158394137,2,70
2025-01-01,23732.65,23738.8,23721.45,23738.25,15:05:00,23758.88048070886,2,71
2025-01-01,23739.95,23745.5,23727.9,23734.3,15:10:00,23757.077577784206,2,72
2025-01-01,23744.85,23749.3,23733.55,23739.75,15:15:00,23755.913046566664,2,73
2025-01-01,23757.75,23760.25,23739.25,23745.95,15:20:00,23756.08799451269,2,74
2025-01-01,23756.85,23769.8,23754.45,23758.0,15:25:00,23756.160566463863,2,75
2025-01-02,23788.85,23811.1,23778.4,23789.5,09:15:00,23761.586540801487,3,1
2025-01-02,23771.7,23788.2,23755.3,23788.2,09:20:00,23762.549727391823,3,2
2025-01-02,23766.2,23788.75,23764.65,23771.75,09:25:00,23762.897372402127,3,3
2025-01-02,23784.25,23791.4,23752.4,23760.3,09:30:00,23764.93095598288,3,4
2025-01-02,23815.05,23829.8,23780.4,23783.7,09:35:00,23769.704198270225,3,5
2025-01-02,23826.7,23842.0,23811.8,23816.95,09:40:00,23775.13236986354,3,6
2025-01-02,23812.5,23840.75,23806.45,23826.65,09:45:00,23778.69119178129,3,7
2025-01-02,23817.85,23827.55,23791.8,23812.65,09:50:00,23782.42060208784,3,8
2025-01-02,23833.1,23868.15,23818.0,23818.0,09:55:00,23787.247211412803,3,9
2025-01-02,23837.35,23844.45,23829.3,23834.05,10:00:00,23792.018905563964,3,10
2025-01-02,23842.15,23857.95,23837.65,23837.65,10:05:00,23796.79329551025,3,11
2025-01-02,23834.1,23877.0,23830.0,23844.65,10:10:00,23800.34631498547,3,12
2025-01-02,23860.45,23868.5,23830.6,23833.0,10:15:00,23806.07047546305,3,13
2025-01-02,23877.85,23889.35,23851.35,23861.75,10:20:00,23812.90662065704,3,14
2025-01-02,23878.5,23883.2,23865.65,23878.15,10:25:00,23819.153609165893,3,15
2025-01-02,23869.55,23880.2,23866.2,23878.5,10:30:00,23823.953265435808,3,16
2025-01-02,23870.95,23897.5,23855.6,23869.2,10:35:00,23828.429144918115,3,17
2025-01-02,23884.2,23887.6,23870.6,23871.05,10:40:00,23833.74065492592,3,18
2025-01-02,23913.9,23924.35,23878.05,23884.25,10:45:00,23841.374878266302,3,19
2025-01-02,23920.65,23935.2,23909.65,23914.05,10:50:00,23848.92488985999,3,20
2025-01-02,23932.75,23938.5,23908.05,23919.95,10:55:00,23856.908233682847,3,21
2025-01-02,23932.05,23939.05,23926.9,23931.95,11:00:00,23864.06459237972,3,22
2025-01-02,23946.2,23963.3,23921.75,23931.75,11:05:00,23871.88701215308,3,23
2025-01-02,23943.65,23956.25,23941.6,23946.2,11:10:00,23878.72158242421,3,24
2025-01-02,23940.1,23961.05,23937.25,23943.8,11:15:00,23884.567146002857,3,25
2025-01-02,23950.15,23953.25,23927.05,23940.3,11:20:00,23890.813132097825,3,26
2025-01-02,23967.2,23969.15,23949.7,23949.8,11:25:00,23898.08807189803,3,27
2025-01-02,23964.05,23973.85,23961.7,23966.65,11:30:00,23904.37016028869,3,28
2025-01-02,23958.45,23964.5,23955.0,23964.5,11:35:00,23909.52062121358,3,29
2025-01-02,23958.25,23960.45,23944.6,23958.75,11:40:00,23914.161514431336,3,30
2025-01-02,23936.5,23959.15,23935.2,23957.9,11:45:00,23916.2889892474,3,31
2025-01-02,23921.15,23942.4,23916.95,23936.55,11:50:00,23916.75194265241,3,32
2025-01-02,23937.4,23937.55,23916.25,23920.95,11:55:00,23918.718424304563,3,33
2025-01-02,23955.45,23966.8,23937.7,23937.7,12:00:00,23922.21666960889,3,34
2025-01-02,23957.1,23959.55,23953.7,23955.15,12:05:00,23925.538891550903,3,35
2025-01-02,23940.45,23964.0,23933.9,23957.0,12:10:00,23926.958997117483,3,36
2025-01-02,23948.65,23951.3,23927.35,23940.9,12:15:00,23929.02480691581,3,37
2025-01-02,23959.05,23959.1,23947.2,23949.1,12:20:00,23931.88434911431,3,38
2025-01-02,24015.6,24024.95,23959.55,23959.7,12:25:00,23939.85726824628,3,39
2025-01-02,24046.75,24062.8,24014.2,24014.85,12:30:00,23950.0375284133,3,40
2025-01-02,24052.1,24056.45,24035.05,24046.8,12:35:00,23959.75776380251,3,41
2025-01-02,24053.9,24071.15,24045.1,24053.25,12:40:00,23968.72369105941,3,42
2025-01-02,24048.55,24064.75,24045.15,24054.65,12:45:00,23976.3261966728,3,43
2025-01-02,24065.05,24072.0,24036.25,24048.2,12:50:00,23984.776082703964,3,44
2025-01-02,24054.75,24068.1,24045.25,24065.6,12:55:00,23991.440265303587,3,45
2025-01-02,24061.0,24082.3,24043.45,24055.65,13:00:00,23998.06500194134,3,46
2025-01-02,24086.6,24089.65,24059.0,24061.2,13:05:00,24006.49690651836,3,47
2025-01-02,24084.75,24089.9,24077.2,24086.4,13:10:00,24013.94958208804,3,48
2025-01-02,24106.6,24109.75,24081.75,24085.35,13:15:00,24022.773431412985,3,49
2025-01-02,24117.7,24120.05,24104.25,24108.2,13:20:00,24031.8140569927,3,50
2025-01-02,24099.85,24128.85,24094.65,24118.2,13:25:00,24038.29367061245,3,51
2025-01-02,24109.4,24116.1,24084.1,24099.65,13:30:00,24045.06570198269,3,52
2025-01-02,24137.0,24138.3,24109.75,24109.75,13:35:00,24053.82134941291,3,53
2025-01-02,24147.4,24151.75,24132.3,24137.25,13:40:00,24062.733601849774,3,54
2025-01-02,24143.05,24151.3,24134.15,24145.55,13:45:00,24070.382782625984,3,55
2025-01-02,24137.2,24144.95,24129.25,24142.7,13:50:00,24076.7463271378,3,56
2025-01-02,24123.8,24142.3,24121.3,24136.8,13:55:00,24081.227629315148,3,57
2025-01-02,24127.9,24132.45,24117.95,24123.4,14:00:00,24085.67261699942,3,58
2025-01-02,24145.1,24148.75,24120.3,24127.3,14:05:00,24091.33236776138,3,59
2025-01-02,24144.7,24152.8,24138.5,24144.85,14:10:00,24096.41499940316,3,60
2025-01-02,24168.1,24169.8,24144.85,24145.05,14:15:00,24103.24214231714,3,61
2025-01-02,24167.55,24186.3,24165.65,24169.4,14:20:00,24109.3667001917,3,62
2025-01-02,24156.8,24170.05,24153.85,24168.35,14:25:00,24113.8841573163,3,63
2025-01-02,24174.55,24177.6,24155.35,24156.45,14:30:00,24119.66185661951,3,64
2025-01-02,24179.8,24186.0,24171.4,24174.05,14:35:00,24125.38929884622,3,65
2025-01-02,24177.8,24188.65,24170.7,24180.3,14:40:00,24130.3807941942,3,66
2025-01-02,24196.0,24197.4,24173.25,24177.15,14:45:00,24136.630242366184,3,67
2025-01-02,24211.35,24212.4,24193.6,24195.75,14:50:00,24143.74640975988,3,68
2025-01-02,24208.15,24226.1,24201.3,24210.7,14:55:00,24149.880085020843,3,69
2025-01-02,24186.25,24210.5,24165.75,24209.15,15:00:00,24153.34388644743,3,70
2025-01-02,24187.85,24193.2,24177.4,24186.95,15:05:00,24156.630182976245,3,71
2025-01-02,24186.25,24194.1,24184.4,24188.4,15:10:00,24159.45111793089,3,72
2025-01-02,24190.6,24194.5,24182.55,24185.5,15:15:00,24162.417678127946,3,73
2025-01-02,24182.1,24194.1,24180.85,24189.45,15:20:00,24164.292184972903,3,74
2025-01-02,24167.95,24186.6,24164.9,24181.9,15:25:00,24164.640548308817,3,75
2025-01-03,24175.55,24187.55,24139.5,24185.0,09:15:00,24168.416185803817,4,1
2025-01-03,24155.85,24179.3,24153.9,24176.05,09:20:00,24167.21940620345,4,2
2025-01-03,24133.3,24153.05,24127.15,24153.05,09:25:00,24163.98898656504,4,3
2025-01-03,24105.2,24141.95,24097.3,24132.15,09:30:00,24158.390035463603,4,4
2025-01-03,24099.9,24110.75,24091.6,24101.5,09:35:00,24152.81955589564,4,5
2025-01-03,24083.4,24128.0,24080.6,24100.35,09:40:00,24146.208169619866,4,6
2025-01-03,24076.25,24101.0,24070.15,24081.65,09:45:00,24139.54548679893,4,7
2025-01-03,24072.75,24085.6,24060.15,24076.95,09:50:00,24133.1840118657,4,8
2025-01-03,24058.15,24077.35,24051.9,24071.8,09:55:00,24126.03791549753,4,9
2025-01-03,24101.75,24109.3,24052.9,24057.9,10:00:00,24123.72478068825,4,10
2025-01-03,24063.1,24111.35,24059.15,24100.75,10:05:00,24117.95099205128,4,11
2025-01-03,24042.2,24070.5,24033.25,24062.45,10:10:00,24110.736611855915,4,12
2025-01-03,24054.2,24066.95,24037.0,24042.45,10:15:00,24105.352172631545,4,13
2025-01-03,24066.95,24075.7,24053.8,24054.3,10:20:00,24101.69482285711,4,14
2025-01-03,24047.0,24068.85,24042.45,24066.8,10:25:00,24096.48579210881,4,15
2025-01-03,24024.7,24047.95,24022.3,24046.55,10:30:00,24089.64905000321,4,16
2025-01-03,24010.2,24029.7,24010.2,24023.95,10:35:00,24082.082473812432,4,17
2025-01-03,24027.2,24028.85,24007.5,24011.85,10:40:00,24076.85557154458,4,18
2025-01-03,24035.45,24035.85,24013.35,24027.55,10:45:00,24072.91218377843,4,19
2025-01-03,24006.35,24035.25,24003.9,24033.85,10:50:00,24066.57292818048,4,20
2025-01-03,24011.6,24018.05,24000.4,24007.6,10:55:00,24061.337411210912,4,21
2025-01-03,24018.15,24025.15,24008.0,24010.4,11:00:00,24057.22432442892,4,22
2025-01-03,24038.05,24053.65,24017.55,24018.8,11:05:00,24055.39819829283,4,23
2025-01-03,24057.7,24061.6,24029.7,24037.85,11:10:00,24055.61741750304,4,24
2025-01-03,24076.15,24079.15,24051.45,24057.6,11:15:00,24057.57290155037,4,25
2025-01-03,24132.55,24136.9,24074.15,24076.0,11:20:00,24064.7135775932,4,26
2025-01-03,24113.2,24149.9,24106.1,24133.0,11:25:00,24069.33133210813,4,27
2025-01-03,24100.15,24123.9,24090.75,24113.3,11:30:00,24072.266443335924,4,28
2025-01-03,24110.8,24130.45,24099.5,24100.85,11:35:00,24075.93630587536,4,29
2025-01-03,24128.15,24132.25,24109.0,24113.2,11:40:00,24080.909038649137,4,30
2025-01-03,24119.95,24130.1,24107.55,24128.8,11:45:00,24084.627225444456,4,31
2025-01-03,24125.45,24128.85,24107.7,24118.8,11:50:00,24088.51510873546,4,32
2025-01-03,24135.45,24137.55,24116.9,24125.6,11:55:00,24092.9850983797,4,33
2025-01-03,24133.25,24139.95,24127.25,24135.8,12:00:00,24096.81985091497,4,34
2025-01-03,24096.8,24133.7,24093.65,24133.25,12:05:00,24096.81796035164,4,35
2025-01-03,24114.4,24117.9,24093.8,24096.05,12:10:00,24098.49244031815,4,36
2025-01-03,24089.15,24115.1,24083.0,24115.1,12:15:00,24097.60268409737,4,37
2025-01-03,24071.75,24093.45,24069.75,24089.85,12:20:00,24095.14052370715,4,38
2025-01-03,24059.1,24082.15,24058.4,24072.8,12:25:00,24091.708092877896,4,39
2025-01-03,24072.5,24072.5,24055.95,24060.1,12:30:00,24089.87875069905,4,40
2025-01-03,24066.4,24073.2,24052.25,24072.45,12:35:00,24087.642679203906,4,41
2025-01-03,24076.7,24087.8,24059.5,24066.25,12:40:00,24086.60051927972,4,42
2025-01-03,24079.2,24086.45,24064.85,24077.75,12:45:00,24085.895707919743,4,43
2025-01-03,24069.0,24082.0,24064.55,24079.1,12:50:00,24084.28659287977,4,44
2025-01-03,24082.5,24087.2,24063.35,24069.4,12:55:00,24084.11644117693,4,45
2025-01-03,24110.2,24115.65,24078.35,24082.65,13:00:00,24086.60058963628,4,46
2025-01-03,24107.4,24121.6,24096.55,24111.85,13:05:00,24088.581485861392,4,47
2025-01-03,24098.25,24111.0,24089.75,24106.95,13:10:00,24089.50229673173,4,48
2025-01-03,24101.8,24104.55,24082.3,24097.65,13:15:00,24090.673506566807,4,49
2025-01-03,24106.8,24112.55,24100.45,24102.65,13:20:00,24092.209363084257,4,50
2025-01-03,24099.05,24110.5,24096.75,24106.35,13:25:00,24092.860852314327,4,51
2025-01-03,24089.85,24106.5,24088.5,24098.75,13:30:00,24092.57410447487,4,52
2025-01-03,24083.75,24091.1,24076.5,24089.85,13:35:00,24091.7337135725,4,53
2025-01-03,24081.35,24093.85,24077.0,24082.5,13:40:00,24090.74478847036,4,54
2025-01-03,24073.95,24083.2,24063.55,24081.65,13:45:00,24089.14528480652,4,55
2025-01-03,24069.25,24075.7,24063.1,24073.65,13:50:00,24087.25049577732,4,56
2025-01-03,24041.65,24071.65,24038.55,24069.2,13:55:00,24082.907591417577,4,57
2025-01-03,24032.6,24049.8,24027.35,24041.25,14:00:00,24078.11639223495,4,58
2025-01-03,24031.6,24048.8,24021.2,24032.0,14:05:00,24073.68625964115,4,59
2025-01-03,24031.6,24046.7,24023.25,24031.5,14:10:00,24069.67804443723,4,60
2025-01-03,24028.55,24034.55,24018.55,24032.55,14:15:00,24065.76108782416,4,61
2025-01-03,24036.8,24044.4,24027.85,24028.85,14:20:00,24063.002888983767,4,62
2025-01-03,24043.7,24047.9,24030.05,24036.15,14:25:00,24061.16451860436,4,63
2025-01-03,24037.15,24050.6,24020.0,24043.9,14:30:00,24058.87742159442,4,64
2025-01-03,24048.25,24051.7,24033.75,24037.15,14:35:00,24057.86528620448,4,65
2025-01-03,24036.95,24050.05,24031.95,24048.55,14:40:00,24055.873354185,4,66
2025-01-03,24045.8,24053.5,24036.75,24036.75,14:45:00,24054.91398711976,4,67
2025-01-03,24045.1,24046.05,24035.25,24045.8,14:50:00,24053.979321679784,4,68
2025-01-03,24032.55,24046.25,24029.0,24044.4,14:55:00,24051.93843390076,4,69
2025-01-03,24006.85,24035.2,24005.35,24032.85,15:00:00,24047.64429733878,4,70
2025-01-03,24009.95,24010.75,23976.75,24005.5,15:05:00,24044.054364258896,4,71
2025-01-03,24008.05,24019.7,24003.55,24010.35,15:10:00,24040.62537718662,4,72
2025-01-03,23999.4,24021.8,23991.15,24008.15,15:15:00,24036.699150787896,4,73
2025-01-03,23995.4,24008.85,23992.7,24000.3,15:20:00,24032.765898331905,4,74
2025-01-03,23990.15,24000.25,23976.75,23995.95,15:25:00,24028.707241347915,4,75
2025-01-07,23754.0,23772.7,23690.6,23691.7,09:15:00,23643.37001547404,1,1
2025-01-07,23764.0,23769.8,23718.8,23754.6,09:20:00,23654.85858542889,1,2
2025-01-07,23756.65,23775.1,23722.0,23765.1,09:25:00,23664.55300586424,1,3
2025-01-07,23775.95,23780.2,23739.7,23761.0,09:30:00,23675.16224340097,1,4
2025-01-07,23780.0,23784.05,23764.1,23775.6,09:35:00,23685.14679164849,1,5
2025-01-07,23783.5,23795.05,23779.75,23781.4,09:40:00,23694.513763872448,1,6
2025-01-07,23675.65,23784.45,23670.05,23783.25,09:45:00,23692.71721493221,1,7
2025-01-07,23687.05,23701.8,23664.25,23674.55,09:50:00,23692.177480176768,1,8
2025-01-07,23678.75,23701.25,23664.15,23687.45,09:55:00,23690.898672540883,1,9
2025-01-07,23650.2,23700.8,23648.5,23678.5,10:00:00,23687.022608489373,1,10
2025-01-07,23638.0,23671.45,23638.0,23650.8,10:05:00,23682.35378863324,1,11
2025-01-07,23745.9,23745.9,23638.25,23639.0,10:10:00,23688.405808763408,1,12
2025-01-07,23737.6,23768.05,23721.4,23749.4,10:15:00,23693.09096983356,1,13
2025-01-07,23727.2,23744.45,23717.5,23737.65,10:20:00,23696.33944889703,1,14
2025-01-07,23758.85,23759.75,23725.6,23727.4,10:25:00,23702.29283471636,1,15
2025-01-07,23740.45,23760.85,23736.65,23758.9,10:30:00,23705.92685045766,1,16
2025-01-07,23725.2,23755.2,23725.2,23740.8,10:35:00,23707.76238850932,1,17
2025-01-07,23742.45,23742.9,23723.55,23725.35,10:40:00,23711.065970556047,1,18
2025-01-07,23754.6,23766.8,23739.1,23742.65,10:45:00,23715.21206859833,1,19
2025-01-07,23710.6,23756.55,23708.1,23754.45,10:50:00,23714.77282396992,1,20
2025-01-07,23724.85,23726.05,23708.7,23711.45,10:55:00,23715.7325550204,1,21
2025-01-07,23743.4,23747.35,23725.4,23725.4,11:00:00,23718.36754978036,1,22
2025-01-07,23719.4,23749.85,23715.95,23742.45,11:05:00,23718.465878372703,1,23
2025-01-07,23731.65,23731.65,23713.15,23719.05,11:10:00,23719.72150900388,1,24
2025-01-07,23735.85,23737.35,23718.05,23731.85,11:15:00,23721.257555765413,1,25
2025-01-07,23741.2,23745.15,23725.8,23735.85,11:20:00,23723.156836168702,1,26
2025-01-07,23748.85,23756.9,23738.25,23741.2,11:25:00,23725.60380415264,1,27
2025-01-07,23760.35,23770.5,23740.55,23749.0,11:30:00,23728.91296566191,1,28
2025-01-07,23754.4,23766.3,23754.4,23760.25,11:35:00,23731.340302265537,1,29
2025-01-07,23744.45,23759.5,23744.4,23754.3,11:40:00,23732.58884490692,1,30
2025-01-07,23740.1,23751.95,23736.05,23745.1,11:45:00,23733.30419301102,1,31
2025-01-07,23757.7,23759.35,23739.65,23739.9,11:50:00,23735.62760320045,1,32
2025-01-07,23738.3,23761.55,23737.4,23757.7,11:55:00,23735.882117181354,1,33
2025-01-07,23728.45,23743.8,23722.0,23738.75,12:00:00,23735.17429649741,1,34
2025-01-07,23731.35,23740.8,23724.95,23728.95,12:05:00,23734.81007778337,1,35
2025-01-07,23720.0,23733.85,23712.95,23731.15,12:10:00,23733.39959418496,1,36
2025-01-07,23718.0,23731.1,23715.3,23720.55,12:15:00,23731.93296616734,1,37
2025-01-07,23717.6,23719.5,23708.5,23718.1,12:20:00,23730.56792177045,1,38
2025-01-07,23720.4,23729.15,23715.55,23718.0,12:25:00,23729.5995482685,1,39
2025-01-07,23728.6,23735.8,23717.6,23720.8,12:30:00,23729.50435319531,1,40
2025-01-07,23720.95,23735.7,23719.15,23728.9,12:35:00,23728.689652891,1,41
2025-01-07,23731.35,23735.5,23718.35,23720.9,12:40:00,23728.943019282327,1,42
2025-01-07,23736.95,23742.7,23724.5,23731.65,12:45:00,23729.705588874487,1,43
2025-01-07,23738.25,23742.7,23730.55,23737.4,12:50:00,23730.51934231501,1,44
2025-01-07,23726.95,23741.45,23719.85,23738.65,12:55:00,23730.17940495168,1,45
2025-01-07,23722.35,23732.05,23718.95,23727.8,13:00:00,23729.433747337232,1,46
2025-01-07,23735.15,23738.0,23720.35,23722.5,13:05:00,23729.97815235273,1,47
2025-01-07,23726.65,23738.6,23724.1,23734.85,13:10:00,23729.661185462,1,48
2025-01-07,23718.2,23730.85,23718.05,23727.65,13:15:00,23728.56964398943,1,49
2025-01-07,23721.3,23729.35,23713.75,23718.5,13:20:00,23727.87729694282,1,50
2025-01-07,23730.8,23733.65,23716.25,23721.55,13:25:00,23728.15564961493,1,51
2025-01-07,23759.7,23761.95,23729.05,23730.1,13:30:00,23731.15987346113,1,52
2025-01-07,23742.95,23759.85,23740.3,23759.85,13:35:00,23732.28274265531,1,53
2025-01-07,23729.75,23750.05,23728.0,23743.1,13:40:00,23732.04152906909,1,54
2025-01-07,23719.55,23743.25,23716.8,23730.4,13:45:00,23730.85185963393,1,55
2025-01-07,23699.15,23725.75,23693.25,23720.1,13:50:00,23727.832634906896,1,56
2025-01-07,23689.15,23708.5,23686.9,23701.75,13:55:00,23724.148574439576,1,57
2025-01-07,23698.25,23705.85,23687.8,23689.4,14:00:00,23721.682043540568,1,58
2025-01-07,23714.55,23719.75,23693.0,23698.35,14:05:00,23721.002801298608,1,59
2025-01-07,23720.25,23728.25,23707.2,23713.8,14:10:00,23720.93110593684,1,60
2025-01-07,23730.25,23733.7,23713.05,23720.2,14:15:00,23721.818619657137,1,61
2025-01-07,23717.6,23732.55,23714.05,23730.45,14:20:00,23721.416846356457,1,62
2025-01-07,23710.7,23718.35,23705.55,23718.05,14:25:00,23720.39619432251,1,63
2025-01-07,23710.35,23712.05,23699.75,23709.75,14:30:00,23719.43941391084,1,64
2025-01-07,23694.65,23710.85,23692.4,23709.55,14:35:00,23717.0785173479,1,65
2025-01-07,23696.9,23705.7,23692.45,23694.95,14:40:00,23715.15675379096,1,66
2025-01-07,23700.1,23710.9,23684.35,23696.95,14:45:00,23713.72277723944,1,67
2025-01-07,23705.7,23710.0,23697.1,23700.45,14:50:00,23712.95870321664,1,68
2025-01-07,23720.55,23728.6,23699.95,23706.45,14:55:00,23713.68168386268,1,69
2025-01-07,23714.45,23737.0,23704.75,23723.1,15:00:00,23713.75485682813,1,70
2025-01-07,23706.65,23714.5,23701.6,23714.5,15:05:00,23713.07820379688,1,71
2025-01-07,23704.45,23722.95,23697.7,23708.7,15:10:00,23712.256470101936,1,72
2025-01-07,23707.55,23712.05,23694.65,23703.95,15:15:00,23711.80823485413,1,73
2025-01-07,23703.6,23707.55,23696.15,23707.3,15:20:00,23711.02649820136,1,74
2025-01-07,23694.6,23708.4,23686.8,23702.4,15:25:00,23709.46206980123,1,75
2025-01-08,23680.1,23751.7,23677.3,23751.7,09:15:00,23709.87008434976,2,1
2025-01-08,23654.75,23680.9,23646.25,23679.5,09:20:00,23704.620552506927,2,2
2025-01-08,23638.7,23665.7,23633.35,23655.2,09:25:00,23698.342404649124,2,3
2025-01-08,23629.05,23659.1,23628.6,23637.8,09:30:00,23691.74312801587,2,4
2025-01-08,23669.8,23688.2,23627.55,23628.0,09:35:00,23689.653306300075,2,5
2025-01-08,23650.2,23697.45,23647.6,23670.45,09:40:00,23685.89584855721,2,6
2025-01-08,23626.4,23653.55,23622.25,23650.1,09:45:00,23680.22957726605,2,7
2025-01-08,23677.85,23681.2,23625.45,23628.0,09:50:00,23680.00295085976,2,8
2025-01-08,23670.05,23691.15,23655.2,23678.55,09:55:00,23679.05505077788,2,9
2025-01-08,23676.05,23680.55,23657.85,23670.15,10:00:00,23678.7688554657,2,10
2025-01-08,23643.95,23685.0,23643.95,23676.0,10:05:00,23675.452773992776,2,11
2025-01-08,23669.2,23669.55,23643.55,23645.05,10:10:00,23674.85727170775,2,12
2025-01-08,23664.55,23684.25,23664.55,23670.9,10:15:00,23673.875626783203,2,13
2025-01-08,23602.3,23665.55,23600.9,23665.55,10:20:00,23667.058900422897,2,14
2025-01-08,23607.65,23610.85,23578.65,23601.65,10:25:00,23661.400909906428,2,15
2025-01-08,23600.15,23614.1,23594.25,23607.45,10:30:00,23655.56748991534,2,16
2025-01-08,23594.95,23611.2,23587.2,23600.75,10:35:00,23649.794395637684,2,17
2025-01-08,23554.75,23597.5,23554.35,23593.2,10:40:00,23640.742548434093,2,18
2025-01-08,23579.75,23581.7,23551.5,23553.4,10:45:00,23634.933734297512,2,19
2025-01-08,23571.95,23583.25,23569.85,23579.7,10:50:00,23628.93528341204,2,20
2025-01-08,23575.65,23580.1,23565.55,23572.75,10:55:00,23623.86049451565,2,21
2025-01-08,23570.15,23588.8,23563.65,23575.85,11:00:00,23618.745209323683,2,22
2025-01-08,23569.55,23577.55,23560.15,23570.2,11:05:00,23614.059951292857,2,23
2025-01-08,23573.0,23583.35,23568.0,23569.9,11:10:00,23610.149479741154,2,24
2025-01-08,23575.8,23581.05,23553.7,23572.15,11:15:00,23606.878100718182,2,25
2025-01-08,23546.8,23575.55,23535.35,23575.55,11:20:00,23601.156376840263,2,26
2025-01-08,23582.7,23586.1,23546.2,23547.2,11:25:00,23599.398626665,2,27
2025-01-08,23594.0,23599.1,23575.2,23581.35,11:30:00,23598.88447174452,2,28
2025-01-08,23579.55,23603.7,23576.05,23591.5,11:35:00,23597.04309348314,2,29
2025-01-08,23572.0,23587.2,23569.1,23580.85,11:40:00,23594.658036960936,2,30
2025-01-08,23566.15,23572.8,23559.6,23571.6,11:45:00,23591.942985821803,2,31
2025-01-08,23552.7,23567.8,23547.15,23565.3,11:50:00,23588.205558600675,2,32
2025-01-08,23553.6,23565.4,23551.55,23552.7,11:55:00,23584.909791114897,2,33
2025-01-08,23544.25,23553.9,23534.45,23553.55,12:00:00,23581.03743005633,2,34
2025-01-08,23546.2,23552.0,23533.65,23545.2,12:05:00,23577.71957957478,2,35
2025-01-08,23526.75,23551.55,23525.5,23546.7,12:10:00,23572.86533390099,2,36
2025-01-08,23544.5,23544.5,23524.2,23526.55,12:15:00,23570.163873529465,2,37
2025-01-08,23553.4,23559.2,23543.0,23544.8,12:20:00,23568.56731414571,2,38
2025-01-08,23533.0,23555.45,23526.9,23554.65,12:25:00,23565.179950893737,2,39
2025-01-08,23510.15,23537.05,23507.05,23532.5,12:30:00,23559.93900318957,2,40
2025-01-08,23515.85,23521.1,23496.85,23511.0,12:35:00,23555.74005050485,2,41
2025-01-08,23533.25,23533.25,23501.65,23520.15,12:40:00,23553.59814093296,2,42
2025-01-08,23519.7,23544.75,23517.3,23534.3,12:45:00,23550.36974655839,2,43
2025-01-08,23535.45,23538.25,23518.7,23521.75,12:50:00,23548.948818314733,2,44
2025-01-08,23546.25,23556.6,23529.1,23537.55,12:55:00,23548.691787999043,2,45
2025-01-08,23532.4,23547.8,23526.3,23546.5,13:00:00,23547.140189141992,2,46
2025-01-08,23544.9,23544.9,23528.0,23533.85,13:05:00,23546.926837795138,2,47
2025-01-08,23535.65,23550.85,23533.25,23545.65,13:10:00,23545.85285324322,2,48
2025-01-08,23540.9,23542.0,23522.05,23536.1,13:15:00,23545.381152934344,2,49
2025-01-08,23564.1,23567.25,23537.85,23541.1,13:20:00,23547.16390027393,2,50
2025-01-08,23566.5,23584.0,23558.4,23564.15,13:25:00,23549.005433581176,2,51
2025-01-08,23584.6,23598.4,23567.15,23567.15,13:30:00,23552.395392287734,2,52
2025-01-08,23570.95,23593.25,23568.75,23585.05,13:35:00,23554.16249778414,2,53
2025-01-08,23629.5,23636.75,23569.5,23571.0,13:40:00,23561.337497995173,2,54
2025-01-08,23638.8,23655.15,23622.85,23630.3,13:45:00,23568.71487913849,2,55
2025-01-08,23671.35,23672.05,23630.55,23639.2,13:50:00,23578.48965255387,2,56
2025-01-08,23666.3,23672.25,23643.45,23672.25,13:55:00,23586.85254278684,2,57
2025-01-08,23642.5,23674.65,23639.95,23666.25,14:00:00,23592.152300616664,2,58
2025-01-08,23679.6,23679.7,23638.65,23642.4,14:05:00,23600.480652938888,2,59
2025-01-08,23696.5,23701.75,23671.1,23679.7,14:10:00,23609.625352659,2,60
2025-01-08,23690.35,23701.6,23679.05,23696.3,14:15:00,23617.31341431052,2,61
2025-01-08,23722.2,23727.5,23688.85,23690.25,14:20:00,23627.302612947613,2,62
2025-01-08,23660.4,23724.75,23656.4,23722.0,14:25:00,23630.45474504784,2,63
2025-01-08,23676.35,23679.2,23645.55,23661.2,14:30:00,23634.82572170996,2,64
2025-01-08,23666.35,23676.9,23645.05,23675.9,14:35:00,23637.828033928054,2,65
2025-01-08,23694.95,23699.75,23665.75,23666.6,14:40:00,23643.268221173003,2,66
2025-01-08,23705.4,23715.9,23694.6,23694.6,14:45:00,23649.185533442243,2,67
2025-01-08,23707.35,23718.65,23690.2,23707.1,14:50:00,23654.72500644774,2,68
2025-01-08,23677.9,23710.75,23674.15,23706.75,14:55:00,23656.93214869081,2,69
2025-01-08,23675.8,23693.45,23664.85,23680.45,15:00:00,23658.72908691073,2,70
2025-01-08,23695.75,23696.7,23655.25,23675.25,15:05:00,23662.25488815733,2,71
2025-01-08,23705.2,23707.1,23693.4,23695.0,15:10:00,23666.344898809017,2,72
2025-01-08,23688.75,23706.7,23684.85,23703.95,15:15:00,23668.47871797006,2,73
2025-01-08,23692.65,23693.8,23681.8,23687.4,15:20:00,23670.78074483005,2,74
2025-01-08,23675.2,23694.95,23674.2,23691.55,15:25:00,23671.20162627481,2,75
2025-01-09,23618.2,23682.45,23614.35,23682.45,09:15:00,23666.45960790296,3,1
2025-01-09,23609.7,23622.25,23607.8,23616.55,09:20:00,23661.05393095982,3,2
2025-01-09,23614.35,23621.3,23601.7,23611.2,09:25:00,23656.60593753508,3,3
2025-01-09,23608.55,23630.95,23594.05,23613.7,09:30:00,23652.02918157936,3,4
2025-01-09,23604.05,23620.15,23601.8,23608.2,09:35:00,23647.459735714656,3,5
2025-01-09,23607.85,23611.05,23597.5,23603.9,09:40:00,23643.687379932308,3,6
2025-01-09,23615.15,23617.5,23595.75,23607.2,09:45:00,23640.969534224467,3,7
2025-01-09,23625.0,23625.95,23601.65,23614.85,09:50:00,23639.448626203088,3,8
2025-01-09,23632.45,23636.8,23618.5,23625.7,09:55:00,23638.78209037422,3,9
2025-01-09,23608.3,23635.05,23597.2,23632.3,10:00:00,23635.879034148107,3,10
2025-01-09,23610.2,23615.65,23601.5,23607.0,10:05:00,23633.433411848288,3,11
2025-01-09,23639.1,23642.45,23609.6,23611.45,10:10:00,23633.973086910355,3,12
2025-01-09,23643.75,23652.85,23629.15,23639.3,10:15:00,23634.90422149032,3,13
2025-01-09,23642.2,23645.9,23627.7,23643.75,10:20:00,23635.599057538864,3,14
2025-01-09,23630.2,23651.85,23629.95,23642.3,10:25:00,23635.08486158278,3,15
2025-01-09,23631.35,23635.0,23611.1,23630.95,10:30:00,23634.72916047966,3,16
2025-01-09,23629.35,23638.45,23626.6,23631.25,10:35:00,23634.2168594816,3,17
2025-01-09,23617.8,23632.2,23612.9,23628.9,10:40:00,23632.65334905478,3,18
2025-01-09,23554.4,23621.5,23548.25,23619.1,10:45:00,23625.2006491448,3,19
2025-01-09,23552.4,23571.05,23538.6,23554.2,10:50:00,23618.26725398816,3,20
2025-01-09,23544.15,23559.25,23541.55,23552.4,10:55:00,23611.208467894045,3,21
2025-01-09,23550.2,23556.0,23540.05,23544.75,11:00:00,23605.398137618424,3,22
2025-01-09,23553.2,23561.3,23545.65,23549.95,11:05:00,23600.42688641667,3,23
2025-01-09,23561.9,23564.05,23548.4,23552.8,11:10:00,23596.757659138893,3,24
2025-01-09,23570.35,23571.25,23554.0,23562.15,11:15:00,23594.24264398281,3,25
2025-01-09,23573.05,23573.8,23554.6,23570.55,11:20:00,23592.224296936827,3,26
2025-01-09,23560.1,23573.1,23559.1,23572.9,11:25:00,23589.1648400857,3,27
2025-01-09,23553.1,23563.0,23545.1,23560.15,11:30:00,23585.73009341087,3,28
2025-01-09,23570.8,23571.25,23550.45,23552.6,11:35:00,23584.30817975269,3,29
2025-01-09,23553.6,23573.0,23548.45,23570.45,11:40:00,23581.38359120482,3,30
2025-01-09,23542.0,23558.0,23541.4,23553.55,11:45:00,23577.632772994835,3,31
2025-01-09,23544.95,23549.75,23538.15,23542.1,11:50:00,23574.52012794771,3,32
2025-01-09,23552.35,23555.05,23539.1,23545.4,11:55:00,23572.408687190786,3,33
2025-01-09,23553.9,23558.55,23543.55,23552.1,12:00:00,23570.64595507738,3,34
2025-01-09,23555.5,23556.35,23543.55,23552.65,12:05:00,23569.20348316525,3,35
2025-01-09,23562.05,23565.05,23552.8,23555.0,12:10:00,23568.52219905428,3,36
2025-01-09,23606.55,23616.7,23557.5,23561.25,12:15:00,23572.14389438244,3,37
2025-01-09,23580.6,23607.9,23576.05,23606.0,12:20:00,23572.94923777459,3,38
2025-01-09,23551.1,23585.05,23551.05,23580.15,12:25:00,23570.86835798653,3,39
2025-01-09,23566.35,23567.65,23539.6,23550.85,12:30:00,23570.43803817829,3,40
2025-01-09,23557.75,23566.9,23555.8,23565.65,12:35:00,23569.22965358988,3,41
2025-01-09,23555.8,23561.25,23551.25,23557.55,12:40:00,23567.95063896228,3,42
2025-01-09,23543.05,23560.4,23531.75,23555.65,12:45:00,23565.579149537298,3,43
2025-01-09,23534.8,23550.65,23534.8,23542.95,12:50:00,23562.64780196232,3,44
2025-01-09,23536.75,23544.2,23525.05,23534.4,12:55:00,23560.18134463257,3,45
2025-01-09,23538.35,23552.8,23533.1,23536.75,13:00:00,23558.10216895328,3,46
2025-01-09,23538.05,23544.15,23535.15,23537.55,13:05:00,23556.19243857677,3,47
2025-01-09,23545.5,23549.85,23534.85,23540.2,13:10:00,23555.17411109328,3,48
2025-01-09,23541.75,23549.7,23533.35,23544.95,13:15:00,23553.89562432249,3,49
2025-01-09,23541.75,23552.25,23534.2,23542.65,13:20:00,23552.738898196538,3,50
2025-01-09,23536.5,23545.25,23530.3,23542.1,13:25:00,23551.192336463533,3,51
2025-01-09,23527.4,23541.8,23523.75,23536.55,13:30:00,23548.926399657485,3,52
2025-01-09,23533.15,23536.9,23525.15,23527.35,13:35:00,23547.42388540439,3,53
2025-01-09,23530.4,23541.85,23527.7,23533.85,13:40:00,23545.802562984925,3,54
2025-01-09,23532.9,23546.1,23528.1,23530.7,13:45:00,23544.57374746256,3,55
2025-01-09,23534.45,23540.15,23532.1,23533.7,13:50:00,23543.60958103755,3,56
2025-01-09,23525.7,23535.45,23519.65,23535.45,13:55:00,23541.90390665302,3,57
2025-01-09,23531.25,23536.35,23517.15,23525.8,14:00:00,23540.88924887654,3,58
2025-01-09,23541.8,23548.5,23530.95,23531.1,14:05:00,23540.97598707877,3,59
2025-01-09,23537.25,23544.6,23534.35,23542.15,14:10:00,23540.62113116651,3,60
2025-01-09,23540.15,23548.6,23528.85,23536.85,14:15:00,23540.576261531605,3,61
2025-01-09,23538.45,23542.75,23532.0,23539.1,14:20:00,23540.37376043336,3,62
2025-01-09,23531.0,23541.15,23529.6,23538.95,14:25:00,23539.481021344465,3,63
2025-01-09,23524.05,23536.9,23519.6,23531.2,14:30:00,23538.01140026404,3,64
2025-01-09,23520.0,23525.6,23515.05,23523.3,14:35:00,23536.296028810324,3,65
2025-01-09,23517.5,23524.55,23514.15,23520.35,14:40:00,23534.50593082839,3,66
2025-01-09,23508.35,23517.85,23503.4,23517.85,14:45:00,23532.01488979712,3,67
2025-01-09,23521.0,23524.25,23505.85,23507.9,14:50:00,23530.96585267358,3,68
2025-01-09,23513.15,23525.15,23511.1,23519.95,14:55:00,23529.269104799903,3,69
2025-01-09,23515.65,23530.6,23512.0,23512.35,15:00:00,23527.97204719991,3,70
2025-01-09,23524.9,23527.25,23512.9,23516.35,15:05:00,23527.67947127611,3,71
2025-01-09,23520.85,23528.75,23518.7,23525.15,15:10:00,23527.02904544029,3,72
2025-01-09,23526.1,23529.25,23514.3,23521.95,15:15:00,23526.940564922166,3,73
2025-01-09,23541.75,23548.35,23521.7,23525.85,15:20:00,23528.35098731053,3,74
2025-01-09,23557.2,23561.05,23541.45,23541.5,15:25:00,23531.09851232857,3,75
2025-01-10,23561.05,23583.5,23539.4,23565.75,09:15:00,23535.74345340276,4,1
2025-01-10,23565.65,23595.3,23559.85,23561.2,09:20:00,23538.591695935826,4,2
2025-01-10,23518.8,23574.75,23516.65,23565.05,09:25:00,23536.706772513367,4,3
2025-01-10,23458.6,23524.75,23456.85,23518.65,09:30:00,23529.268032274,4,4
2025-01-10,23439.6,23464.6,23437.2,23461.6,09:35:00,23520.72821967647,4,5
2025-01-10,23475.1,23491.6,23433.0,23439.35,09:40:00,23516.38267494538,4,6
2025-01-10,23419.3,23476.25,23416.9,23475.6,09:45:00,23507.136705902965,4,7
2025-01-10,23417.65,23433.15,23409.1,23424.0,09:50:00,23498.614162483635,4,8
2025-01-10,23369.65,23426.4,23366.5,23417.1,09:55:00,23486.33186129472,4,9
2025-01-10,23358.8,23382.35,23356.0,23369.6,10:00:00,23474.18596974284,4,10
2025-01-10,23397.3,23399.4,23344.75,23356.7,10:05:00,23466.863496433994,4,11
2025-01-10,23396.55,23400.95,23369.6,23397.65,10:10:00,23460.16697296409,4,12
2025-01-10,23420.2,23420.2,23380.95,23396.6,10:15:00,23456.36059458656,4,13
2025-01-10,23440.95,23444.6,23404.9,23418.75,10:20:00,23454.89291891165,4,14
2025-01-10,23406.15,23441.65,23401.45,23440.5,10:25:00,23450.25073615816,4,15
2025-01-10,23396.4,23413.6,23390.15,23404.9,10:30:00,23445.122094619288,4,16
2025-01-10,23393.85,23423.4,23390.65,23394.4,10:35:00,23440.23903798888,4,17
2025-01-10,23438.2,23442.0,23390.05,23392.05,10:40:00,23440.0448438947,4,18
2025-01-10,23454.3,23467.05,23428.75,23436.45,10:45:00,23441.40247780949,4,19
2025-01-10,23464.85,23475.05,23441.2,23452.8,10:50:00,23443.635575160966,4,20
2025-01-10,23460.45,23469.6,23455.8,23463.3,10:55:00,23445.23694895516,4,21
2025-01-10,23512.3,23513.2,23461.1,23461.15,11:00:00,23451.623906197525,4,22
2025-01-10,23531.1,23538.95,23510.35,23510.35,11:05:00,23459.19305798824,4,23
2025-01-10,23557.65,23557.65,23521.85,23531.85,11:10:00,23468.569909608403,4,24
2025-01-10,23580.25,23590.55,23557.4,23557.4,11:15:00,23479.20610869332,4,25
2025-01-10,23542.95,23582.8,23534.05,23579.95,11:20:00,23485.27695548443,4,26
2025-01-10,23554.95,23554.95,23520.45,23541.5,11:25:00,23491.91248353353,4,27
2025-01-10,23591.5,23596.35,23554.8,23554.8,11:30:00,23501.397008911288,4,28
2025-01-10,23561.9,23595.15,23561.9,23590.65,11:35:00,23507.159198538782,4,29
2025-01-10,23509.35,23564.75,23506.9,23563.0,11:40:00,23507.367846297,4,30
2025-01-10,23529.05,23534.05,23500.7,23508.85,11:45:00,23509.43281331633,4,31
2025-01-10,23519.5,23530.65,23512.4,23528.1,11:50:00,23510.391593000488,4,32
2025-01-10,23538.9,23542.2,23508.8,23518.9,11:55:00,23513.10667938139,4,33
2025-01-10,23539.7,23553.0,23528.65,23537.6,12:00:00,23515.639376583167,4,34
2025-01-10,23504.45,23539.85,23504.45,23538.25,12:05:00,23514.573721670484,4,35
2025-01-10,23523.4,23523.7,23477.75,23503.85,12:10:00,23515.41431960663,4,36
2025-01-10,23554.05,23566.0,23520.1,23520.1,12:15:00,23519.09390821552,4,37
2025-01-10,23518.6,23558.45,23513.9,23553.6,12:20:00,23519.04686933785,4,38
2025-01-10,23510.45,23524.55,23503.05,23516.9,12:25:00,23518.2281198771,4,39
2025-01-10,23503.75,23525.75,23494.15,23510.3,12:30:00,23516.849251317377,4,40
2025-01-10,23505.5,23514.6,23497.15,23502.95,12:35:00,23515.76837023953,4,41
2025-01-10,23528.75,23533.8,23503.75,23504.55,12:40:00,23517.004715931,4,42
2025-01-10,23541.8,23542.9,23515.95,23528.2,12:45:00,23519.36617155662,4,43
2025-01-10,23537.1,23541.85,23517.5,23540.65,12:50:00,23521.055107598848,4,44
2025-01-10,23519.8,23541.25,23517.6,23537.65,12:55:00,23520.93557354181,4,45
2025-01-10,23515.6,23534.1,23513.95,23519.5,13:00:00,23520.42742368069,4,46
2025-01-10,23518.8,23531.85,23513.65,23516.05,13:05:00,23520.2724309492,4,47
2025-01-10,23517.75,23533.8,23511.35,23518.35,13:10:00,23520.032199430225,4,48
2025-01-10,23521.8,23528.95,23508.35,23516.55,13:15:00,23520.20056138925,4,49
2025-01-10,23524.0,23529.05,23514.15,23521.35,13:20:00,23520.56241268551,4,50
2025-01-10,23489.7,23536.3,23487.45,23522.85,13:25:00,23517.623135286893,4,51
2025-01-10,23501.0,23510.45,23486.3,23488.65,13:30:00,23516.039979545283,4,52
2025-01-10,23497.7,23509.6,23494.2,23501.35,13:35:00,23514.29331482668,4,53
2025-01-10,23504.15,23513.6,23484.5,23497.2,13:40:00,23513.327284843188,4,54
2025-01-10,23517.65,23526.25,23497.1,23504.15,13:45:00,23513.738972000978,4,55
2025-01-10,23509.15,23528.5,23504.95,23517.05,13:50:00,23513.301927048506,4,56
2025-01-10,23515.6,23520.4,23506.1,23508.4,13:55:00,23513.520791139123,4,57
2025-01-10,23500.7,23529.4,23496.3,23521.5,14:00:00,23512.29976341159,4,58
2025-01-10,23489.8,23508.5,23484.8,23500.4,14:05:00,23510.156928800963,4,59
2025-01-10,23441.25,23498.55,23441.25,23490.9,14:10:00,23503.59436415325,4,60
2025-01-10,23437.9,23454.65,23426.7,23440.95,14:15:00,23497.33775804342,4,61
2025-01-10,23420.15,23448.1,23415.9,23438.6,14:20:00,23489.986542991668,4,62
2025-01-10,23433.65,23439.3,23400.55,23419.7,14:25:00,23484.621157944843,4,63
2025-01-10,23416.6,23441.9,23408.3,23435.15,14:30:00,23478.14295242629,4,64
2025-01-10,23410.0,23430.3,23409.15,23417.0,14:35:00,23471.653147433302,4,65
2025-01-10,23427.75,23428.15,23403.15,23409.1,14:40:00,23467.4718952968,4,66
2025-01-10,23415.8,23437.95,23415.5,23427.85,14:45:00,23462.55076241139,4,67
2025-01-10,23426.4,23429.4,23413.35,23417.55,14:50:00,23459.107832657923,4,68
2025-01-10,23408.45,23446.1,23406.9,23426.7,14:55:00,23454.28327716669,4,69
2025-01-10,23398.85,23418.9,23396.85,23410.85,15:00:00,23449.003917436534,4,70
2025-01-10,23430.0,23430.45,23398.1,23399.5,15:05:00,23447.194020537816,4,71
2025-01-10,23412.2,23431.75,23411.8,23431.6,15:10:00,23443.86125667707,4,72
2025-01-10,23443.6,23444.3,23413.55,23414.6,15:15:00,23443.83637508878,4,73
2025-01-10,23442.3,23449.4,23439.55,23445.65,15:20:00,23443.69005365176,4,74
2025-01-10,23437.35,23445.4,23431.25,23443.3,15:25:00,23443.08623901825,4,75
2025-01-13,23241.7,23246.35,23173.65,23208.45,09:15:00,23402.564018788184,0,1
2025-01-13,23231.25,23252.25,23210.55,23242.85,09:20:00,23386.24839795121,0,2
2025-01-13,23256.6,23263.05,23212.1,23229.4,09:25:00,23373.90093147967,0,3
2025-01-13,23243.65,23270.05,23215.65,23255.95,09:30:00,23361.49608086256,0,4
2025-01-13,23219.75,23243.85,23213.05,23241.85,09:35:00,23347.99645411375,0,5
2025-01-13,23246.05,23254.25,23210.05,23218.9,09:40:00,23338.28726800768,0,6
2025-01-13,23206.0,23247.05,23196.45,23247.05,09:45:00,23325.688480578377,0,7
2025-01-13,23208.4,23223.5,23197.75,23204.65,09:50:00,23314.51814909472,0,8
2025-01-13,23229.75,23233.6,23207.65,23207.9,09:55:00,23306.44499203808,0,9
2025-01-13,23261.45,23274.0,23206.35,23229.65,10:00:00,23302.15975470112,0,10
2025-01-13,23249.85,23263.5,23239.2,23261.0,10:05:00,23297.17787330101,0,11
2025-01-13,23273.2,23273.2,23250.1,23251.05,10:10:00,23294.894266319963,0,12
2025-01-13,23266.9,23297.9,23258.5,23278.7,10:15:00,23292.228145718065,0,13
2025-01-13,23288.15,23294.25,23260.95,23266.5,10:20:00,23291.83975088777,0,14
2025-01-13,23319.35,23321.75,23284.6,23287.3,10:25:00,23294.459774612747,0,15
2025-01-13,23334.1,23336.65,23307.85,23318.35,10:30:00,23298.23503417344,0,16
2025-01-13,23310.65,23340.85,23310.05,23333.5,10:35:00,23299.417411871204,0,17
2025-01-13,23306.3,23322.9,23277.05,23310.55,10:40:00,23300.07289645489,0,18
2025-01-13,23315.0,23331.75,23301.05,23304.85,10:45:00,23301.49452536396,0,19
2025-01-13,23321.75,23329.65,23299.55,23314.1,10:50:00,23303.42361818644,0,20
2025-01-13,23295.65,23321.35,23293.1,23321.35,10:55:00,23302.683273597257,0,21
2025-01-13,23275.1,23306.35,23274.65,23294.2,11:00:00,23300.056295159426,0,22
2025-01-13,23271.3,23288.85,23260.95,23273.05,11:05:00,23297.317600382336,0,23
2025-01-13,23275.0,23284.4,23261.3,23270.85,11:10:00,23295.19211463164,0,24
2025-01-13,23272.55,23298.6,23270.0,23274.8,11:15:00,23293.03572276196,0,25
2025-01-13,23273.55,23279.2,23265.25,23273.05,11:20:00,23291.179939641774,0,26
2025-01-13,23240.55,23274.2,23235.65,23272.8,11:25:00,23286.35804062827,0,27
2025-01-13,23240.2,23243.45,23223.4,23240.8,11:30:00,23281.96203675891,0,28
2025-01-13,23216.15,23242.35,23210.2,23239.0,11:35:00,23275.69422373425,0,29
2025-01-13,23235.75,23238.2,23213.35,23214.45,11:40:00,23271.89001195004,0,30
2025-01-13,23233.6,23238.55,23225.85,23235.7,11:45:00,23268.24334414527,0,31
2025-01-13,23223.75,23263.0,23219.2,23232.65,11:50:00,23264.0058827981,0,32
2025-01-13,23219.35,23239.05,23217.6,23222.75,11:55:00,23259.75294157924,0,33
2025-01-13,23227.35,23238.8,23218.3,23219.75,12:00:00,23256.66694714312,0,34
2025-01-13,23217.65,23236.5,23216.15,23226.55,12:05:00,23252.9510474152,0,35
2025-01-13,23215.1,23233.6,23211.6,23218.05,12:10:00,23249.34618575661,0,36
2025-01-13,23192.6,23216.05,23190.45,23215.6,12:15:00,23243.941787113123,0,37
2025-01-13,23215.0,23222.45,23191.35,23193.95,12:20:00,23241.185426435684,0,38
2025-01-13,23224.8,23227.65,23205.45,23216.55,12:25:00,23239.624909632286,0,39
2025-01-13,23216.95,23229.0,23210.65,23224.85,12:30:00,23237.46539442921,0,40
2025-01-13,23232.65,23234.45,23201.5,23217.15,12:35:00,23237.00678543596,0,41
2025-01-13,23222.35,23234.7,23213.0,23231.8,12:40:00,23235.610901108725,0,42
2025-01-13,23215.85,23221.5,23211.15,23220.7,12:45:00,23233.72891052694,0,43
2025-01-13,23214.05,23218.45,23199.3,23216.35,12:50:00,23231.854728571994,0,44
2025-01-13,23179.65,23217.85,23176.0,23214.65,12:55:00,23226.88284966037,0,45
2025-01-13,23186.2,23194.5,23179.25,23180.0,13:00:00,23223.008292549865,0,46
2025-01-13,23185.85,23199.1,23177.95,23184.6,13:05:00,23219.469407545115,0,47
2025-01-13,23177.45,23194.1,23166.6,23186.05,13:10:00,23215.467559207485,0,48
2025-01-13,23167.4,23180.65,23164.25,23178.15,13:15:00,23210.88969642582,0,49
2025-01-13,23173.6,23191.25,23166.15,23168.1,13:20:00,23207.33829676622,0,50
2025-01-13,23181.3,23191.4,23172.35,23173.45,13:25:00,23204.85845897896,0,51
2025-01-13,23177.1,23186.15,23166.7,23181.85,13:30:00,23202.214796219057,0,52
2025-01-13,23155.6,23177.05,23153.15,23177.05,13:35:00,23197.77529181724,0,53
2025-01-13,23154.95,23159.6,23150.6,23156.0,13:40:00,23193.69669259656,0,54
2025-01-13,23123.35,23163.45,23121.45,23154.4,13:45:00,23186.99700758736,0,55
2025-01-13,23131.2,23136.7,23117.55,23121.8,13:50:00,23181.68300686475,0,56
2025-01-13,23114.1,23142.45,23111.85,23129.2,13:55:00,23175.24653002049,0,57
2025-01-13,23120.2,23127.15,23110.6,23114.5,14:00:00,23170.00400335187,0,58
2025-01-13,23119.35,23139.8,23116.5,23119.5,14:05:00,23165.179812556453,0,59
2025-01-13,23116.4,23120.25,23101.9,23119.45,14:10:00,23160.534116122504,0,60
2025-01-13,23120.8,23137.85,23109.75,23115.75,14:15:00,23156.749914587028,0,61
2025-01-13,23110.95,23127.15,23105.8,23122.2,14:20:00,23152.388017959693,0,62
2025-01-13,23110.4,23119.4,23102.5,23108.45,14:25:00,23148.389159106388,0,63
2025-01-13,23070.45,23115.65,23067.45,23110.45,14:30:00,23140.96638204864,0,64
2025-01-13,23056.95,23075.05,23048.2,23068.5,14:35:00,23132.964821853533,0,65
2025-01-13,23082.5,23089.2,23048.15,23057.15,14:40:00,23128.15864834368,0,66
2025-01-13,23099.15,23115.85,23075.45,23081.85,14:45:00,23125.39591992999,0,67
2025-01-13,23099.5,23122.8,23091.5,23098.2,14:50:00,23122.92964184142,0,68
2025-01-13,23099.35,23104.4,23079.5,23099.35,14:55:00,23120.683961666047,0,69
2025-01-13,23064.75,23106.5,23063.25,23098.85,15:00:00,23115.35691769785,0,70
2025-01-13,23081.75,23081.75,23063.95,23064.5,15:05:00,23112.156258869483,0,71
2025-01-13,23090.85,23102.65,23082.85,23083.1,15:10:00,23110.127091358103,0,72
2025-01-13,23098.05,23098.9,23087.05,23090.85,15:15:00,23108.97689218114,0,73
2025-01-13,23089.7,23101.8,23084.4,23098.4,15:20:00,23107.1409976877,0,74
2025-01-13,23088.7,23096.2,23082.75,23089.2,15:25:00,23105.384712193634,0,75
2025-01-14,23210.45,23210.45,23161.55,23171.35,09:15:00,23120.60539932404,1,1
2025-01-14,23210.8,23226.4,23193.65,23211.35,09:20:00,23129.195361293176,1,2
2025-01-14,23193.1,23221.6,23185.8,23211.15,09:25:00,23135.28151736049,1,3
2025-01-14,23169.15,23204.85,23168.6,23192.5,09:30:00,23138.50708713568,1,4
2025-01-14,23170.45,23187.8,23163.85,23168.95,09:35:00,23141.54926931324,1,5
2025-01-14,23173.45,23180.75,23150.3,23172.7,09:40:00,23144.587434140547,1,6
2025-01-14,23198.35,23206.7,23164.15,23172.85,09:45:00,23149.70767850811,1,7
2025-01-14,23175.8,23203.4,23174.1,23199.15,09:50:00,23152.19266150734,1,8
2025-01-14,23179.9,23188.0,23150.2,23174.75,09:55:00,23154.83145564949,1,9
2025-01-14,23152.05,23182.9,23139.9,23179.6,10:00:00,23154.566555111447,1,10
2025-01-14,23161.7,23162.15,23143.75,23151.65,10:05:00,23155.24593081512,1,11
2025-01-14,23156.2,23167.0,23155.65,23160.1,10:10:00,23155.33679454701,1,12
2025-01-14,23138.2,23158.85,23134.55,23155.75,10:15:00,23153.704718875862,1,13
2025-01-14,23148.9,23160.0,23137.0,23137.65,10:20:00,23153.24712660197,1,14
2025-01-14,23156.45,23158.2,23137.8,23148.7,10:25:00,23153.55216216369,1,15
2025-01-14,23159.15,23173.6,23156.8,23157.5,10:30:00,23154.08528957668,1,16
2025-01-14,23177.85,23182.55,23152.5,23158.9,10:35:00,23156.34859533128,1,17
2025-01-14,23185.5,23186.05,23176.2,23177.9,10:40:00,23159.12491958544,1,18
2025-01-14,23206.35,23206.35,23182.25,23185.4,10:45:00,23163.62254629159,1,19
2025-01-14,23204.0,23208.85,23201.0,23204.75,10:50:00,23167.468018073345,1,20
2025-01-14,23214.85,23216.45,23195.65,23203.4,10:55:00,23171.980587780647,1,21
2025-01-14,23236.65,23238.4,23213.85,23216.15,11:00:00,23178.139579420586,1,22
2025-01-14,23253.05,23256.65,23232.25,23236.35,11:05:00,23185.273905190053,1,23
2025-01-14,23260.05,23264.95,23245.95,23250.85,11:10:00,23192.395438029096,1,24
2025-01-14,23236.5,23261.35,23234.45,23260.3,11:15:00,23196.59587250252,1,25
2025-01-14,23241.3,23242.25,23227.7,23235.6,11:20:00,23200.85340845466,1,26
2025-01-14,23229.55,23243.25,23227.7,23242.3,11:25:00,23203.58641717326,1,27
2025-01-14,23220.15,23232.1,23212.0,23230.1,11:30:00,23205.163901252,1,28
2025-01-14,23215.4,23223.65,23208.8,23218.6,11:35:00,23206.138767799428,1,29
2025-01-14,23198.55,23216.5,23192.8,23216.5,11:40:00,23205.416028009007,1,30
2025-01-14,23189.25,23201.05,23185.25,23196.15,11:45:00,23203.876406293864,1,31
2025-01-14,23186.35,23193.7,23175.25,23189.5,11:50:00,23202.20722474207,1,32
2025-01-14,23196.3,23197.25,23183.8,23184.9,11:55:00,23201.64463190949,1,33
2025-01-14,23189.6,23196.7,23180.2,23196.7,12:00:00,23200.49752410859,1,34
2025-01-14,23184.1,23197.35,23169.7,23189.45,12:05:00,23198.935855145864,1,35
2025-01-14,23181.1,23186.65,23173.95,23184.6,12:10:00,23197.23720227483,1,36
2025-01-14,23174.75,23184.15,23168.2,23180.55,12:15:00,23195.095563962943,1,37
2025-01-14,23162.8,23176.2,23155.1,23174.45,12:20:00,23192.01979596648,1,38
2025-01-14,23172.4,23174.65,23160.2,23163.3,12:25:00,23190.15124396967,1,39
2025-01-14,23169.5,23172.7,23160.3,23172.25,12:30:00,23188.184458829703,1,40
2025-01-14,23178.95,23180.3,23159.8,23169.55,12:35:00,23187.304986560208,1,41
2025-01-14,23181.9,23189.3,23175.1,23179.85,12:40:00,23186.790225935427,1,42
2025-01-14,23197.0,23199.3,23179.85,23181.6,12:45:00,23187.76258537015,1,43
2025-01-14,23182.0,23198.3,23182.0,23196.6,12:50:00,23187.21376771585,1,44
2025-01-14,23160.9,23182.25,23158.75,23181.9,12:55:00,23184.70769460005,1,45
2025-01-14,23151.15,23161.7,23144.1,23160.7,13:00:00,23181.51172368576,1,46
2025-01-14,23159.4,23167.3,23147.55,23152.1,13:05:00,23179.4058452395,1,47
2025-01-14,23168.2,23168.8,23152.1,23159.35,13:10:00,23178.33862188336,1,48
2025-01-14,23159.6,23170.4,23154.55,23168.4,13:15:00,23176.5539912278,1,49
2025-01-14,23166.9,23170.8,23154.2,23159.15,13:20:00,23175.63456349181,1,50
2025-01-14,23167.8,23174.1,23159.75,23167.05,13:25:00,23174.88841458784,1,51
2025-01-14,23161.35,23167.35,23156.95,23167.2,13:30:00,23173.599041769947,1,52
2025-01-14,23156.75,23162.85,23151.5,23159.85,13:35:00,23171.99437112519,1,53
2025-01-14,23158.45,23169.5,23152.15,23157.75,13:40:00,23170.704431018028,1,54
2025-01-14,23152.65,23160.0,23149.35,23157.95,13:45:00,23168.984961397266,1,55
2025-01-14,23153.25,23156.65,23145.05,23152.45,13:50:00,23167.48639364514,1,56
2025-01-14,23157.65,23161.2,23147.85,23152.4,13:55:00,23166.54959425037,1,57
2025-01-14,23156.0,23162.7,23152.1,23158.0,14:00:00,23165.544870988422,1,58
2025-01-14,23158.4,23161.45,23148.5,23156.35,14:05:00,23164.86440708477,1,59
2025-01-14,23182.45,23184.85,23158.05,23158.05,14:10:00,23166.539225457644,1,60
2025-01-14,23190.25,23194.5,23182.15,23182.15,14:15:00,23168.797394461675,1,61
2025-01-14,23191.15,23198.95,23181.8,23192.45,14:20:00,23170.92621403676,1,62
2025-01-14,23183.1,23195.3,23179.85,23189.7,14:25:00,23172.08562222373,1,63
2025-01-14,23176.65,23187.8,23173.35,23183.8,14:30:00,23172.52032486909,1,64
2025-01-14,23175.7,23178.35,23161.65,23177.0,14:35:00,23172.823151072032,1,65
2025-01-14,23175.55,23177.5,23166.35,23174.8,14:40:00,23173.08285096993,1,66
2025-01-14,23171.1,23177.85,23168.05,23174.5,14:45:00,23172.894008020416,1,67
2025-01-14,23172.8,23175.25,23165.5,23171.6,14:50:00,23172.885054875616,1,68
2025-01-14,23170.1,23183.3,23164.6,23172.1,14:55:00,23172.61981155413,1,69
2025-01-14,23158.75,23175.4,23151.9,23169.85,15:00:00,23171.298877120404,1,70
2025-01-14,23176.3,23176.45,23152.9,23158.6,15:05:00,23171.775174537503,1,71
2025-01-14,23173.25,23176.65,23164.05,23175.75,15:10:00,23171.915634105364,1,72
2025-01-14,23183.3,23184.65,23168.95,23172.9,15:15:00,23172.999859428663,1,73
2025-01-14,23197.05,23204.25,23174.65,23183.35,15:20:00,23175.29034900689,1,74
2025-01-14,23206.85,23223.05,23192.3,23196.65,15:25:00,23178.29603005385,1,75
2025-01-15,23225.45,23269.45,23214.1,23253.25,09:15:00,23189.00423321869,2,1
2025-01-15,23227.95,23235.6,23214.9,23225.15,09:20:00,23192.713353864525,2,2
2025-01-15,23206.75,23239.05,23205.1,23229.45,09:25:00,23194.050177306,2,3
2025-01-15,23180.95,23216.4,23177.55,23207.5,09:30:00,23192.802541372093,2,4
2025-01-15,23175.3,23195.75,23165.45,23182.0,09:35:00,23191.13563266999,2,5
2025-01-15,23200.85,23210.45,23173.4,23174.85,09:40:00,23192.060810510942,2,6
2025-01-15,23184.55,23220.3,23184.55,23200.7,09:45:00,23191.345495224185,2,7
2025-01-15,23218.75,23221.65,23184.15,23184.15,09:50:00,23193.955448059976,2,8
2025-01-15,23217.2,23224.15,23207.35,23218.5,09:55:00,23196.16921491141,2,9
2025-01-15,23225.5,23230.15,23202.0,23217.7,10:00:00,23198.96262301509,2,10
2025-01-15,23212.5,23227.5,23211.6,23225.8,10:05:00,23200.25189701365,2,11
2025-01-15,23219.65,23220.25,23192.1,23212.7,10:10:00,23202.099335393305,2,12
2025-01-15,23223.9,23226.6,23215.0,23218.6,10:15:00,23204.17558916537,2,13
2025-01-15,23241.65,23245.7,23224.1,23224.55,10:20:00,23207.744580673432,2,14
2025-01-15,23233.7,23243.75,23228.7,23243.3,10:25:00,23210.2165253712,2,15
2025-01-15,23238.95,23242.35,23224.75,23234.7,10:30:00,23212.95304676442,2,16
2025-01-15,23256.9,23260.5,23238.15,23238.9,10:35:00,23217.13847088209,2,17
2025-01-15,23268.25,23268.7,23249.45,23256.9,10:40:00,23222.00623555999,2,18
2025-01-15,23291.05,23293.4,23268.6,23268.6,10:45:00,23228.581832173328,2,19
2025-01-15,23286.55,23292.2,23280.05,23290.9,10:50:00,23234.10261006158,2,20
2025-01-15,23278.55,23287.95,23270.0,23286.8,10:55:00,23238.335694817622,2,21
2025-01-15,23241.8,23289.05,23239.3,23278.65,11:00:00,23238.66562864452,2,22
2025-01-15,23250.95,23251.0,23236.25,23242.35,11:05:00,23239.83556877361,2,23
2025-01-15,23257.4,23267.75,23249.0,23251.15,11:10:00,23241.50837174756,2,24
2025-01-15,23257.55,23264.2,23248.85,23257.95,11:15:00,23243.03614586684,2,25
2025-01-15,23258.1,23262.1,23247.5,23257.4,11:20:00,23244.47079864142,2,26
2025-01-15,23247.3,23262.75,23247.3,23258.25,11:25:00,23244.74024638985,2,27
2025-01-15,23213.75,23248.95,23212.35,23244.5,11:30:00,23241.788794352728,2,28
2025-01-15,23221.55,23222.85,23204.7,23213.1,11:35:00,23239.86129012865,2,29
2025-01-15,23226.65,23233.7,23219.85,23221.45,11:40:00,23238.603072021167,2,30
2025-01-15,23228.1,23238.7,23225.95,23226.0,11:45:00,23237.602779447723,2,31
2025-01-15,23234.45,23239.1,23227.65,23227.8,11:50:00,23237.30251473841,2,32
2025-01-15,23241.45,23246.55,23233.25,23234.95,11:55:00,23237.697513334755,2,33
2025-01-15,23244.45,23247.7,23235.05,23241.75,12:00:00,23238.340607302875,2,34
2025-01-15,23237.1,23248.25,23236.6,23244.3,12:05:00,23238.22245422641,2,35
2025-01-15,23221.5,23236.95,23218.35,23236.45,12:10:00,23236.62983953818,2,36
2025-01-15,23211.3,23227.65,23210.8,23220.85,12:15:00,23234.21747386788,2,37
2025-01-15,23202.4,23214.2,23202.4,23210.8,12:20:00,23231.18723826141,2,38
2025-01-15,23222.9,23227.2,23198.0,23202.25,12:25:00,23230.397977474608,2,39
2025-01-15,23236.35,23238.8,23219.6,23221.9,12:30:00,23230.96483676274,2,40
2025-01-15,23237.7,23248.6,23232.0,23237.0,12:35:00,23231.606280880573,2,41
2025-01-15,23251.4,23254.85,23235.75,23236.65,12:40:00,23233.491396987185,2,42
2025-01-15,23255.35,23261.05,23246.85,23251.3,12:45:00,23235.57316870269,2,43
2025-01-15,23260.4,23266.35,23254.4,23254.85,12:50:00,23237.937628826243,2,44
2025-01-15,23250.95,23264.0,23248.6,23260.8,12:55:00,23239.176902271363,2,45
2025-01-15,23235.15,23253.8,23229.8,23252.0,13:00:00,23238.79338776933,2,46
2025-01-15,23228.5,23240.1,23224.0,23234.95,13:05:00,23237.813065124632,2,47
2025-01-15,23212.35,23232.65,23212.35,23228.35,13:10:00,23235.38801130324,2,48
2025-01-15,23185.4,23212.65,23181.5,23212.5,13:15:00,23230.62724832198,2,49
2025-01-15,23183.55,23186.9,23169.7,23184.55,13:20:00,23226.143700862744,2,50
2025-01-15,23173.65,23196.05,23172.15,23182.45,13:25:00,23221.14430078058,2,51
2025-01-15,23165.75,23182.35,23154.4,23173.4,13:30:00,23215.86865308719,2,52
2025-01-15,23169.2,23171.6,23147.95,23166.2,13:35:00,23211.424019459835,2,53
2025-01-15,23167.7,23186.75,23166.75,23168.05,13:40:00,23207.25982713033,2,54
2025-01-15,23172.15,23174.85,23154.7,23165.85,13:45:00,23203.91603407029,2,55
2025-01-15,23164.25,23178.15,23158.5,23170.3,13:50:00,23200.1383165398,2,56
2025-01-15,23179.7,23188.25,23162.6,23164.35,13:55:00,23198.19181020267,2,57
2025-01-15,23183.05,23192.8,23171.0,23179.95,14:00:00,23196.74973304051,2,58
2025-01-15,23194.3,23195.05,23180.05,23183.1,14:05:00,23196.51642513189,2,59
2025-01-15,23181.5,23195.45,23179.5,23194.5,14:10:00,23195.086289405044,2,60
2025-01-15,23187.85,23188.5,23173.0,23182.2,14:15:00,23194.397118985515,2,61
2025-01-15,23175.25,23204.0,23175.0,23187.5,14:20:00,23192.57358384404,2,62
2025-01-15,23163.1,23183.8,23162.9,23174.05,14:25:00,23189.76657585889,2,63
2025-01-15,23168.6,23177.15,23159.25,23162.8,14:30:00,23187.75071149138,2,64
2025-01-15,23200.55,23203.0,23166.2,23168.85,14:35:00,23188.969691349343,2,65
2025-01-15,23211.9,23214.75,23195.3,23201.35,14:40:00,23191.153530268453,2,66
2025-01-15,23199.6,23219.4,23197.15,23211.8,14:45:00,23191.95795595717,2,67
2025-01-15,23205.4,23205.5,23186.95,23200.2,14:50:00,23193.23815062792,2,68
2025-01-15,23209.15,23217.95,23204.9,23205.95,14:55:00,23194.753564853832,2,69
2025-01-15,23211.2,23227.7,23205.5,23209.75,15:00:00,23196.319892010608,2,70
2025-01-15,23221.4,23221.5,23209.25,23212.7,15:05:00,23198.708473723884,2,71
2025-01-15,23214.55,23222.5,23209.05,23221.6,15:10:00,23200.21719051209,2,72
2025-01-15,23204.35,23216.15,23190.85,23214.95,15:15:00,23200.6107914157,2,73
2025-01-15,23218.05,23224.45,23204.25,23204.25,15:20:00,23202.271668423728,2,74
2025-01-15,23228.1,23229.3,23211.4,23218.55,15:25:00,23204.73150952623,2,75
2025-01-16,23335.75,23384.6,23324.1,23378.8,09:15:00,23232.07499986161,3,1
2025-01-16,23328.9,23351.1,23319.45,23335.5,09:20:00,23241.29642844622,3,2
2025-01-16,23348.3,23350.35,23328.95,23328.95,09:25:00,23251.48724478468,3,3
2025-01-16,23348.25,23358.35,23335.8,23348.4,09:30:00,23260.70274528137,3,4
2025-01-16,23334.8,23351.85,23331.95,23348.95,09:35:00,23267.75962668315,3,5
2025-01-16,23326.6,23337.5,23319.8,23335.0,09:40:00,23273.363471760946,3,6
2025-01-16,23316.6,23331.0,23313.85,23326.3,09:45:00,23277.48123635514,3,7
2025-01-16,23306.9,23323.25,23305.6,23317.0,09:50:00,23280.28302336893,3,8
2025-01-16,23310.85,23316.0,23296.15,23307.05,09:55:00,23283.194164000462,3,9
2025-01-16,23301.35,23325.05,23298.55,23310.2,10:00:00,23284.92329123852,3,10
2025-01-16,23303.8,23310.5,23299.75,23301.25,10:05:00,23286.721073025325,3,11
2025-01-16,23308.0,23310.85,23292.65,23303.9,10:10:00,23288.747637499106,3,12
2025-01-16,23311.55,23320.3,23302.35,23308.2,10:15:00,23290.91929107062,3,13
2025-01-16,23316.5,23319.2,23308.95,23311.2,10:20:00,23293.35554906389,3,14
2025-01-16,23306.25,23319.1,23303.5,23317.6,10:25:00,23294.58359201019,3,15
2025-01-16,23308.05,23310.75,23301.4,23306.5,10:30:00,23295.86610705684,3,16
2025-01-16,23312.35,23316.1,23305.45,23308.45,10:35:00,23297.436001622853,3,17
2025-01-16,23312.2,23317.85,23308.6,23312.6,10:40:00,23298.84209670639,3,18
2025-01-16,23298.05,23313.3,23296.35,23311.65,10:45:00,23298.76665892483,3,19
2025-01-16,23287.0,23304.65,23273.8,23298.7,10:50:00,23297.64602474152,3,20
2025-01-16,23289.75,23291.1,23281.15,23288.9,10:55:00,23296.89402238518,3,21
2025-01-16,23294.4,23296.4,23286.9,23289.95,11:00:00,23296.65649644373,3,22
2025-01-16,23288.4,23296.8,23286.25,23294.95,11:05:00,23295.870163449094,3,23
2025-01-16,23289.55,23293.15,23285.55,23288.8,11:10:00,23295.26824312061,3,24
2025-01-16,23285.3,23293.0,23284.45,23288.25,11:15:00,23294.31888663293,3,25
2025-01-16,23286.35,23290.9,23282.4,23286.45,11:20:00,23293.55994504884,3,26
2025-01-16,23287.4,23290.65,23282.8,23285.3,11:25:00,23292.97328361561,3,27
2025-01-16,23288.5,23292.55,23284.85,23288.9,11:30:00,23292.54725660461,3,28
2025-01-16,23294.95,23296.7,23286.8,23287.55,11:35:00,23292.77608930893,3,29
2025-01-16,23307.0,23308.8,23293.8,23295.2,11:40:00,23294.130747469982,3,30
2025-01-16,23302.95,23308.4,23300.7,23306.45,11:45:00,23294.970676282363,3,31
2025-01-16,23295.3,23306.0,23293.15,23303.85,11:50:00,23295.002040445943,3,32
2025-01-16,23299.85,23301.9,23294.5,23295.2,11:55:00,23295.463750879662,3,33
2025-01-16,23300.65,23303.55,23295.0,23300.25,12:00:00,23295.95767936732,3,34
2025-01-16,23297.5,23301.25,23294.6,23300.5,12:05:00,23296.10456704662,3,35
2025-01-16,23298.9,23301.2,23295.6,23297.55,12:10:00,23296.370798756467,3,36
2025-01-16,23294.15,23304.55,23293.8,23300.05,12:15:00,23296.159294113,3,37
2025-01-16,23299.0,23299.15,23290.3,23295.5,12:20:00,23296.429837530803,3,38
2025-01-16,23299.45,23301.15,23292.65,23297.9,12:25:00,23296.71747205168,3,39
2025-01-16,23313.9,23313.9,23295.25,23298.3,12:30:00,23298.35390328485,3,40
2025-01-16,23310.15,23313.85,23304.25,23313.85,12:35:00,23299.47734106725,3,41
2025-01-16,23309.65,23311.45,23302.1,23309.3,12:40:00,23300.44616572751,3,42
2025-01-16,23314.5,23320.85,23307.25,23310.75,12:45:00,23301.784626134413,3,43
2025-01-16,23318.25,23319.35,23310.1,23315.25,12:50:00,23303.352756978755,3,44
2025-01-16,23324.15,23328.8,23316.15,23317.45,12:55:00,23305.3334467903,3,45
2025-01-16,23322.55,23328.2,23318.25,23323.6,13:00:00,23306.97311852456,3,46
2025-01-16,23312.4,23323.05,23306.5,23323.05,13:05:00,23307.48996437936,3,47
2025-01-16,23318.0,23320.85,23303.9,23313.25,13:10:00,23308.490920152755,3,48
2025-01-16,23317.15,23321.8,23311.45,23317.8,13:15:00,23309.31559442392,3,49
2025-01-16,23317.5,23323.05,23312.1,23317.5,13:20:00,23310.095061621643,3,50
2025-01-16,23321.9,23324.3,23313.3,23317.4,13:25:00,23311.2193414672,3,51
2025-01-16,23324.4,23325.4,23317.05,23321.75,13:30:00,23312.47464227985,3,52
2025-01-16,23321.0,23327.8,23316.65,23324.2,13:35:00,23313.28658111034,3,53
2025-01-16,23326.25,23327.5,23318.45,23321.2,13:40:00,23314.521192433163,3,54
2025-01-16,23326.55,23328.35,23319.55,23324.5,13:45:00,23315.66679315381,3,55
2025-01-16,23327.7,23328.75,23319.7,23325.3,13:50:00,23316.81281285345,3,56
2025-01-16,23332.5,23340.9,23322.8,23327.05,13:55:00,23318.30683067693,3,57
2025-01-16,23332.35,23337.45,23328.25,23331.4,14:00:00,23319.64427537437,3,58
2025-01-16,23334.7,23334.7,23324.5,23332.1,14:05:00,23321.07815391014,3,59
2025-01-16,23333.35,23336.15,23328.9,23334.35,14:10:00,23322.2469011568,3,60
2025-01-16,23313.5,23333.4,23309.7,23333.4,14:15:00,23321.413862951384,3,61
2025-01-16,23299.2,23316.2,23292.9,23313.05,14:20:00,23319.29825695601,3,62
2025-01-16,23298.55,23302.8,23294.35,23298.95,14:25:00,23317.322232484017,3,63
2025-01-16,23299.95,23301.8,23293.8,23298.25,14:30:00,23315.667734152205,3,64
2025-01-16,23303.15,23303.3,23290.7,23299.95,14:35:00,23314.47556899485,3,65
2025-01-16,23303.55,23305.35,23299.05,23302.35,14:40:00,23313.435038614385,3,66
2025-01-16,23303.25,23307.65,23298.55,23302.25,14:45:00,23312.465034936824,3,67
2025-01-16,23299.05,23306.35,23296.2,23303.2,14:50:00,23311.18741256189,3,68
2025-01-16,23304.45,23306.25,23296.7,23299.1,14:55:00,23310.54575422266,3,69
2025-01-16,23310.6,23318.45,23300.65,23302.35,15:00:00,23310.55092048717,3,70
2025-01-16,23306.25,23315.85,23299.3,23310.75,15:05:00,23310.1413090122,3,71
2025-01-16,23309.65,23310.85,23298.1,23305.1,15:10:00,23310.094517677702,3,72
2025-01-16,23315.65,23327.7,23309.05,23309.45,15:15:00,23310.62361123221,3,73
2025-01-16,23324.55,23325.3,23304.45,23315.9,15:20:00,23311.949933972,3,74
2025-01-16,23350.8,23353.25,23313.45,23324.65,15:25:00,23315.64994026038,3,75
2025-01-17,23181.75,23277.1,23168.45,23268.1,09:15:00,23299.57580143764,4,1
2025-01-17,23186.5,23213.15,23171.4,23178.2,09:20:00,23288.8066774912,4,2
2025-01-17,23220.7,23223.9,23187.75,23187.75,09:25:00,23282.320327253936,4,3
2025-01-17,23239.95,23249.2,23213.45,23221.1,09:30:00,23278.285057991656,4,4
2025-01-17,23197.85,23244.65,23196.9,23238.65,09:35:00,23270.624576278165,4,5
2025-01-17,23193.8,23201.6,23170.6,23198.65,09:40:00,23263.30794996596,4,6
2025-01-17,23202.8,23216.8,23184.3,23194.1,09:45:00,23257.54528806444,4,7
2025-01-17,23215.95,23222.85,23195.5,23202.3,09:50:00,23253.583832058303,4,8
2025-01-17,23226.0,23231.0,23202.9,23215.75,09:55:00,23250.9568004337,4,9
2025-01-17,23220.4,23236.7,23214.5,23226.4,10:00:00,23248.046628963824,4,10
2025-01-17,23222.0,23230.1,23213.4,23220.9,10:05:00,23245.565997633938,4,11
2025-01-17,23204.15,23224.6,23203.15,23221.6,10:10:00,23241.621616906898,4,12
2025-01-17,23215.05,23216.5,23197.5,23204.4,10:15:00,23239.09098672529,4,13
2025-01-17,23226.15,23232.45,23213.9,23214.3,10:20:00,23237.85851179907,4,14
2025-01-17,23263.65,23264.15,23221.5,23225.9,10:25:00,23240.31484400868,4,15
2025-01-17,23233.7,23269.25,23231.65,23264.05,10:30:00,23239.684858864995,4,16
2025-01-17,23221.95,23236.65,23209.3,23232.2,10:35:00,23237.99582468738,4,17
2025-01-17,23198.15,23228.6,23197.75,23220.8,10:40:00,23234.20098424096,4,18
2025-01-17,23147.2,23198.55,23147.2,23198.55,10:45:00,23225.91517621801,4,19
2025-01-17,23132.4,23152.8,23128.9,23149.15,10:50:00,23217.00896895915,4,20
2025-01-17,23107.65,23135.3,23102.7,23132.5,10:55:00,23206.59382905828,4,21
2025-01-17,23110.6,23121.65,23100.75,23108.2,11:00:00,23197.45155962416,4,22
2025-01-17,23127.65,23132.25,23108.6,23109.75,11:05:00,23190.803792040904,4,23
2025-01-17,23131.85,23135.55,23123.2,23127.8,11:10:00,23185.189145179866,4,24
2025-01-17,23135.55,23144.95,23132.05,23132.65,11:15:00,23180.46160754369,4,25
2025-01-17,23147.1,23147.45,23124.35,23135.5,11:20:00,23177.284311587144,4,26
2025-01-17,23151.6,23155.65,23137.25,23147.35,11:25:00,23174.83818667409,4,27
2025-01-17,23172.95,23177.9,23141.0,23151.15,11:30:00,23174.65835937179,4,28
2025-01-17,23156.1,23172.75,23154.95,23172.35,11:35:00,23172.89089657448,4,29
2025-01-17,23153.15,23159.65,23153.15,23155.65,11:40:00,23171.010811186432,4,30
2025-01-17,23138.3,23153.15,23135.65,23153.15,11:45:00,23167.895495835342,4,31
2025-01-17,23153.55,23166.6,23136.2,23138.3,11:50:00,23166.529258136736,4,32
2025-01-17,23168.15,23168.95,23153.6,23153.8,11:55:00,23166.683614504665,4,33
2025-01-17,23192.25,23218.2,23164.9,23168.3,12:00:00,23169.118508361364,4,34
2025-01-17,23203.95,23206.3,23183.85,23191.75,12:05:00,23172.43579327933,4,35
2025-01-17,23208.95,23209.25,23191.15,23202.65,12:10:00,23175.91333677654,4,36
2025-01-17,23257.3,23257.35,23201.0,23208.6,12:15:00,23183.664447559728,4,37
2025-01-17,23240.65,23264.3,23238.05,23256.95,12:20:00,23189.09164303023,4,38
2025-01-17,23211.1,23243.55,23197.1,23240.6,12:25:00,23191.187677027352,4,39
2025-01-17,23225.35,23226.1,23209.4,23211.65,12:30:00,23194.44123159617,4,40
2025-01-17,23242.3,23246.1,23217.25,23225.25,12:35:00,23198.9992095394,4,41
2025-01-17,23222.85,23243.65,23213.5,23243.65,12:40:00,23201.27071339279,4,42
2025-01-17,23211.05,23229.3,23205.9,23222.85,12:45:00,23202.202074022047,4,43
2025-01-17,23232.15,23232.6,23202.05,23210.5,12:50:00,23205.05425744852,4,44
2025-01-17,23227.8,23241.95,23224.75,23230.8,12:55:00,23207.2205186439,4,45
2025-01-17,23220.0,23235.55,23219.25,23229.0,13:00:00,23208.437612106387,4,46
2025-01-17,23218.6,23223.95,23207.5,23219.9,13:05:00,23209.405458572444,4,47
2025-01-17,23200.25,23227.0,23197.6,23218.4,13:10:00,23208.53351013697,4,48
2025-01-17,23197.5,23206.9,23194.75,23200.3,13:15:00,23207.48269964774,4,49
2025-01-17,23176.15,23197.75,23175.35,23197.75,13:20:00,23204.49863301462,4,50
2025-01-17,23181.75,23185.6,23168.65,23175.1,13:25:00,23202.33209653704,4,51
2025-01-17,23183.7,23199.55,23178.55,23182.4,13:30:00,23200.55761115256,4,52
2025-01-17,23185.1,23190.05,23176.4,23183.35,13:35:00,23199.08545770945,4,53
2025-01-17,23178.1,23197.3,23160.85,23185.1,13:40:00,23197.08684268951,4,54
2025-01-17,23177.95,23182.6,23173.65,23178.2,13:45:00,23195.26428624289,4,55
2025-01-17,23184.45,23190.55,23176.75,23177.85,13:50:00,23194.23435421976,4,56
2025-01-17,23191.85,23205.9,23181.9,23184.6,13:55:00,23194.007272865496,4,57
2025-01-17,23193.5,23208.25,23189.6,23192.3,14:00:00,23193.958961164022,4,58
2025-01-17,23181.15,23193.45,23172.8,23193.45,14:05:00,23192.739060100783,4,59
2025-01-17,23198.5,23199.9,23176.15,23180.85,14:10:00,23193.28772104357,4,60
2025-01-17,23195.5,23199.95,23188.25,23198.65,14:15:00,23193.49841427752,4,61
2025-01-17,23206.05,23207.7,23187.3,23195.95,14:20:00,23194.69380339394,4,62
2025-01-17,23212.6,23222.55,23202.2,23206.15,14:25:00,23196.39915545166,4,63
2025-01-17,23216.15,23228.3,23212.3,23213.0,14:30:00,23198.280188265788,4,64
2025-01-17,23221.6,23233.45,23208.55,23215.3,14:35:00,23200.501122716665,4,65
2025-01-17,23231.85,23237.35,23220.95,23222.35,14:40:00,23203.486730076984,4,66
2025-01-17,23230.15,23240.5,23217.5,23231.7,14:45:00,23206.02608911728,4,67
2025-01-17,23223.05,23235.2,23219.8,23229.8,14:50:00,23207.64741396325,4,68
2025-01-17,23242.15,23245.05,23221.55,23222.85,14:55:00,23210.933374538177,4,69
2025-01-17,23207.5,23243.4,23204.3,23243.4,15:00:00,23210.60638648692,4,70
2025-01-17,23200.75,23207.1,23191.9,23207.1,15:05:00,23209.667683011976,4,71
2025-01-17,23196.65,23204.4,23196.0,23201.35,15:10:00,23208.427903677504,4,72
2025-01-17,23206.45,23210.55,23195.7,23197.8,15:15:00,23208.239531898696,4,73
2025-01-17,23203.8,23207.45,23196.6,23206.65,15:20:00,23207.816719336915,4,74
2025-01-17,23203.1,23207.5,23194.8,23204.3,15:25:00,23207.367507971496,4,75
2025-01-20,23227.6,23306.55,23221.6,23298.9,09:15:00,23216.449139178483,0,1
2025-01-20,23214.25,23231.0,23211.6,23226.95,09:20:00,23216.239697351964,0,2
2025-01-20,23209.25,23220.75,23189.75,23211.1,09:25:00,23215.57401188988,0,3
2025-01-20,23186.7,23228.55,23186.5,23208.9,09:30:00,23212.8241059956,0,4
2025-01-20,23179.85,23197.45,23173.6,23184.5,09:35:00,23209.6837149484,0,5
2025-01-20,23212.4,23212.75,23171.55,23178.55,09:40:00,23209.94240876284,0,6
2025-01-20,23215.85,23221.3,23203.15,23212.05,09:45:00,23210.50503649971,0,7
2025-01-20,23205.85,23215.5,23190.4,23213.4,09:50:00,23210.061699690214,0,8
2025-01-20,23226.65,23236.1,23205.3,23205.3,09:55:00,23211.64153781496,0,9
2025-01-20,23223.2,23230.65,23207.5,23226.1,10:00:00,23212.74234373734,0,10
2025-01-20,23214.65,23240.0,23211.45,23223.65,10:05:00,23212.924025286167,0,11
2025-01-20,23228.05,23231.1,23206.05,23214.4,10:10:00,23214.36459430653,0,12
2025-01-20,23243.0,23247.7,23227.65,23228.35,10:15:00,23217.09177580115,0,13
2025-01-20,23247.7,23248.5,23232.9,23243.1,10:20:00,23220.006844772463,0,14
2025-01-20,23250.45,23255.15,23242.5,23248.15,10:25:00,23222.90619288937,0,15
2025-01-20,23259.45,23263.5,23245.5,23250.05,10:30:00,23226.386555471337,0,16
2025-01-20,23264.65,23266.9,23257.35,23261.5,10:35:00,23230.030693045497,0,17
2025-01-20,23261.5,23272.05,23253.8,23264.0,10:40:00,23233.027769898305,0,18
2025-01-20,23255.7,23264.15,23246.7,23261.3,10:45:00,23235.18702990799,0,19
2025-01-20,23265.4,23272.8,23254.75,23255.75,10:50:00,23238.06445563104,0,20
2025-01-20,23270.8,23274.65,23261.55,23264.85,10:55:00,23241.18212652332,0,21
2025-01-20,23268.5,23279.65,23266.75,23270.45,11:00:00,23243.783828759195,0,22
2025-01-20,23271.95,23283.05,23267.45,23268.5,11:05:00,23246.46632125832,0,23
2025-01-20,23273.2,23276.0,23257.6,23270.95,11:10:00,23249.012385900383,0,24
2025-01-20,23322.45,23332.1,23272.2,23275.15,11:15:00,23256.00644438606,0,25
2025-01-20,23315.85,23336.85,23297.2,23322.65,11:20:00,23261.705830635008,0,26
2025-01-20,23330.95,23331.3,23314.05,23316.05,11:25:00,23268.30051343168,0,27
2025-01-20,23348.0,23354.0,23331.35,23331.35,11:30:00,23275.890940723897,0,28
2025-01-20,23366.4,23368.5,23344.95,23349.25,11:35:00,23284.51085113115,0,29
2025-01-20,23372.1,23373.6,23358.8,23366.65,11:40:00,23292.852674832942,0,30
2025-01-20,23355.8,23376.4,23354.1,23372.0,11:45:00,23298.84765818219,0,31
2025-01-20,23357.7,23359.25,23346.35,23355.65,11:50:00,23304.452643117216,0,32
2025-01-20,23352.75,23362.15,23350.3,23357.8,11:55:00,23309.052391391768,0,33
2025-01-20,23346.65,23358.8,23342.5,23352.35,12:00:00,23312.633116021123,0,34
2025-01-20,23341.5,23348.25,23333.6,23346.75,12:05:00,23315.38234306673,0,35
2025-01-20,23342.95,23351.85,23337.4,23341.3,12:10:00,23318.00783420323,0,36
2025-01-20,23349.75,23351.55,23339.8,23343.7,12:15:00,23321.030897612443,0,37
2025-01-20,23363.0,23371.8,23350.5,23350.5,12:20:00,23325.027954982685,0,38
2025-01-20,23339.25,23363.35,23336.1,23362.55,12:25:00,23326.382435460524,0,39
2025-01-20,23327.5,23343.85,23326.45,23339.3,12:30:00,23326.48887017857,0,40
2025-01-20,23345.9,23348.4,23326.75,23327.45,12:35:00,23328.337549209184,0,41
2025-01-20,23337.8,23352.8,23334.45,23345.25,12:40:00,23329.238734998784,0,42
2025-01-20,23350.8,23351.8,23334.7,23337.9,12:45:00,23331.292188808424,0,43
2025-01-20,23343.5,23362.85,23341.6,23350.0,12:50:00,23332.454837493337,0,44
2025-01-20,23336.45,23352.35,23334.7,23343.45,12:55:00,23332.83532916064,0,45
2025-01-20,23332.15,23342.2,23326.3,23336.55,13:00:00,23332.770059716764,0,46
2025-01-20,23363.7,23367.7,23330.45,23331.9,13:05:00,23335.715768315167,0,47
2025-01-20,23359.7,23372.2,23357.95,23363.15,13:10:00,23337.99998085658,0,48
2025-01-20,23372.0,23390.95,23357.95,23359.55,13:15:00,23341.23807791786,0,49
2025-01-20,23351.2,23381.9,23349.8,23372.2,13:20:00,23342.18683240188,0,50
2025-01-20,23342.05,23351.45,23340.2,23350.3,13:25:00,23342.17380074456,0,51
2025-01-20,23343.95,23348.0,23333.45,23342.05,13:30:00,23342.342962578405,0,52
2025-01-20,23338.5,23350.0,23336.5,23345.5,13:35:00,23341.976966142367,0,53
2025-01-20,23341.8,23347.85,23337.95,23337.95,13:40:00,23341.96011222405,0,54
2025-01-20,23347.05,23349.9,23334.2,23345.1,13:45:00,23342.444863440804,0,55
2025-01-20,23346.2,23351.55,23343.95,23349.05,13:50:00,23342.802495494063,0,56
2025-01-20,23338.25,23354.1,23336.5,23346.55,13:55:00,23342.36892449463,0,57
2025-01-20,23340.85,23348.2,23328.25,23339.55,14:00:00,23342.22426501895,0,58
2025-01-20,23340.4,23351.45,23339.3,23340.7,14:05:00,23342.050525493338,0,59
2025-01-20,23359.95,23359.95,23337.45,23340.5,14:10:00,23343.75523735112,0,60
2025-01-20,23352.85,23366.25,23351.05,23359.95,14:15:00,23344.621405222435,0,61
2025-01-20,23348.15,23364.1,23347.15,23352.85,14:20:00,23344.95746186792,0,62
2025-01-20,23335.3,23355.3,23332.95,23348.35,14:25:00,23344.037703594782,0,63
2025-01-20,23343.3,23344.2,23327.65,23337.4,14:30:00,23343.96744610957,0,64
2025-01-20,23348.75,23354.25,23343.25,23345.55,14:35:00,23344.42292743247,0,65
2025-01-20,23353.7,23359.15,23345.3,23349.6,14:40:00,23345.30645815319,0,66
2025-01-20,23356.15,23361.0,23350.75,23354.2,14:45:00,23346.33917642432,0,67
2025-01-20,23361.9,23364.7,23354.9,23355.9,14:50:00,23347.821159622003,0,68
2025-01-20,23356.9,23365.55,23356.6,23361.8,14:55:00,23348.685811086576,0,69
2025-01-20,23349.55,23359.1,23344.45,23356.7,15:00:00,23348.768114792616,0,70
2025-01-20,23361.1,23361.55,23344.6,23350.2,15:05:00,23349.94258005046,0,71
2025-01-20,23351.7,23362.35,23348.6,23362.35,15:10:00,23350.10995337899,0,72
2025-01-20,23343.2,23352.85,23335.3,23352.25,15:15:00,23349.45186258099,0,73
2025-01-20,23335.5,23343.3,23333.1,23343.2,15:20:00,23348.123113763755,0,74
2025-01-20,23337.05,23339.95,23329.4,23335.3,15:25:00,23347.06853150054,0,75
2025-01-21,23397.3,23426.3,23385.9,23421.65,09:15:00,23358.27900197664,1,1
2025-01-21,23402.9,23411.55,23391.1,23397.35,09:20:00,23362.528620836,1,2
2025-01-21,23413.2,23418.4,23369.8,23402.3,09:25:00,23367.354466470668,1,3
2025-01-21,23359.15,23419.3,23355.95,23413.8,09:30:00,23366.57308871156,1,4
2025-01-21,23342.85,23370.35,23336.0,23359.25,09:35:00,23364.313746929503,1,5
2025-01-21,23340.25,23367.8,23339.15,23343.35,09:40:00,23362.02196150765,1,6
2025-01-21,23348.05,23350.55,23315.0,23340.1,09:45:00,23360.69129850692,1,7
2025-01-21,23344.55,23360.35,23338.75,23347.6,09:50:00,23359.154031982453,1,8
2025-01-21,23301.8,23352.7,23282.6,23344.45,09:55:00,23353.69174322221,1,9
2025-01-21,23287.7,23303.7,23273.95,23299.15,10:00:00,23347.406815296294,1,10
2025-01-21,23262.95,23296.95,23255.6,23287.6,10:05:00,23339.3633090776,1,11
2025-01-21,23266.0,23274.35,23247.7,23263.5,10:10:00,23332.376327260685,1,12
2025-01-21,23228.6,23266.6,23216.25,23266.4,10:15:00,23322.49286752157,1,13
2025-01-21,23140.85,23227.65,23139.0,23227.65,10:20:00,23305.193546805232,1,14
2025-01-21,23141.15,23177.8,23129.0,23142.75,10:25:00,23289.570351871404,1,15
2025-01-21,23160.95,23171.8,23134.0,23141.5,10:30:00,23277.32079455032,1,16
2025-01-21,23193.8,23198.3,23151.35,23160.1,10:35:00,23269.36643316457,1,17
2025-01-21,23187.2,23204.7,23182.85,23193.8,10:40:00,23261.54105857747,1,18
2025-01-21,23204.1,23204.9,23170.35,23186.6,10:45:00,23256.07048157009,1,19
2025-01-21,23196.35,23217.7,23190.0,23204.05,10:50:00,23250.382816658657,1,20
2025-01-21,23172.8,23208.25,23172.8,23196.85,10:55:00,23242.993976976883,1,21
2025-01-21,23170.35,23180.2,23155.4,23170.45,11:00:00,23236.075502979085,1,22
2025-01-21,23151.1,23188.05,23146.45,23169.7,11:05:00,23227.982597933456,1,23
2025-01-21,23165.5,23168.7,23138.95,23151.7,11:10:00,23222.031874320743,1,24
2025-01-21,23171.75,23180.4,23156.5,23165.6,11:15:00,23217.24312438544,1,25
2025-01-21,23160.65,23172.7,23157.75,23171.95,11:20:00,23211.8533030154,1,26
2025-01-21,23145.05,23176.4,23143.8,23160.25,11:25:00,23205.4910836806,1,27
2025-01-21,23163.95,23184.0,23143.55,23144.35,11:30:00,23201.53478999673,1,28
2025-01-21,23162.45,23174.65,23156.05,23164.05,11:35:00,23197.81242904466,1,29
2025-01-21,23196.6,23205.15,23152.45,23162.75,11:40:00,23197.69695961184,1,30
2025-01-21,23370.8,23413.25,23197.35,23197.35,11:45:00,23214.182963458326,1,31
2025-01-21,23381.1,23421.25,23349.1,23370.95,11:50:00,23230.079824081346,1,32
2025-01-21,23382.1,23398.15,23351.7,23381.5,11:55:00,23244.5579360736,1,33
2025-01-21,23367.55,23392.65,23365.4,23381.8,12:00:00,23256.271465971346,1,34
2025-01-21,23314.3,23375.7,23295.5,23367.85,12:05:00,23261.797993021693,1,35
2025-01-21,23283.5,23333.4,23275.55,23314.95,12:10:00,23263.86485082915,1,36
2025-01-21,23163.3,23281.15,23140.2,23281.15,12:15:00,23254.28724598828,1,37
2025-01-21,23126.95,23172.85,23117.4,23161.35,12:20:00,23242.15988922749,1,38
2025-01-21,23137.3,23161.2,23111.45,23127.15,12:25:00,23232.173233110585,1,39
2025-01-21,23144.9,23147.45,23117.05,23138.55,12:30:00,23223.861496623864,1,40
2025-01-21,23142.6,23165.2,23126.35,23144.8,12:35:00,23216.12230646921,1,41
2025-01-21,23152.65,23171.1,23134.9,23142.15,12:40:00,23210.077324900714,1,42
2025-01-21,23156.05,23181.55,23144.85,23151.4,12:45:00,23204.93186538636,1,43
2025-01-21,23168.75,23169.3,23146.4,23155.2,12:50:00,23201.4859734448,1,44
2025-01-21,23239.45,23271.0,23161.75,23168.65,12:55:00,23205.10159502149,1,45
2025-01-21,23276.0,23294.8,23231.6,23239.95,13:00:00,23211.85382406706,1,46
2025-01-21,23246.7,23276.05,23237.75,23276.05,13:05:00,23215.17250748925,1,47
2025-01-21,23256.85,23256.85,23233.05,23246.9,13:10:00,23219.14179249027,1,48
2025-01-21,23167.1,23262.05,23167.1,23256.3,13:15:00,23214.18543130072,1,49
2025-01-21,23199.15,23206.4,23120.15,23165.85,13:20:00,23212.75348546256,1,50
2025-01-21,23274.55,23283.55,23195.5,23199.05,13:25:00,23218.638867799466,1,51
2025-01-21,23244.55,23296.55,23231.9,23273.55,13:30:00,23221.106594675704,1,52
2025-01-21,23237.2,23254.3,23215.65,23243.85,13:35:00,23222.639299944683,1,53
2025-01-21,23254.2,23265.65,23232.95,23236.3,13:40:00,23225.645080902334,1,54
2025-01-21,23253.65,23261.75,23243.95,23254.65,13:45:00,23228.31221605449,1,55
2025-01-21,23215.25,23254.5,23205.5,23253.25,13:50:00,23227.06819547788,1,56
2025-01-21,23215.75,23223.7,23174.2,23215.15,13:55:00,23225.990272099032,1,57
2025-01-21,23239.4,23240.2,23196.45,23216.85,14:00:00,23227.267389041983,1,58
2025-01-21,23226.4,23243.15,23202.15,23239.2,14:05:00,23227.184780561794,1,59
2025-01-21,23199.35,23226.6,23194.35,23225.4,14:10:00,23224.53384907972,1,60
2025-01-21,23167.5,23207.1,23151.4,23196.85,14:15:00,23219.10205392927,1,61
2025-01-21,23151.6,23181.75,23139.8,23167.5,14:20:00,23212.67328688839,1,62
2025-01-21,23165.2,23169.45,23131.5,23152.1,14:25:00,23208.152021470447,1,63
2025-01-21,23102.1,23182.45,23096.65,23165.55,14:30:00,23198.05182894945,1,64
2025-01-21,23053.15,23104.85,23047.5,23101.7,14:35:00,23184.25165476379,1,65
2025-01-21,23012.2,23054.05,22977.2,23054.05,14:40:00,23167.865782881527,1,66
2025-01-21,23005.2,23026.8,22989.45,23012.25,14:45:00,23152.37380355948,1,67
2025-01-21,23010.55,23036.9,22999.1,23005.7,14:50:00,23138.86677464905,1,68
2025-01-21,23023.05,23043.7,23006.4,23008.45,14:55:00,23127.836605634857,1,69
2025-01-21,23021.55,23031.0,23009.85,23021.2,15:00:00,23117.71407176487,1,70
2025-01-21,23029.25,23029.25,22999.15,23017.9,15:05:00,23109.288922072978,1,71
2025-01-21,23022.95,23038.25,23018.45,23027.25,15:10:00,23101.06616758984,1,72
2025-01-21,23039.25,23046.6,23022.45,23022.45,15:15:00,23095.178913533666,1,73
2025-01-21,23043.4,23044.95,23027.7,23038.45,15:20:00,23090.247588435217,1,74
2025-01-21,23052.6,23057.45,23033.25,23042.75,15:25:00,23086.66210382234,1,75
2025-01-22,23109.2,23115.9,23072.25,23110.55,09:15:00,23089.8846246709,2,1
2025-01-22,23080.75,23127.1,23074.9,23108.25,09:20:00,23089.01466041653,2,2
2025-01-22,23082.6,23091.55,23070.3,23080.15,09:25:00,23088.40374037686,2,3
2025-01-22,23100.95,23104.3,23074.9,23083.0,09:30:00,23089.59862224573,2,4
2025-01-22,23115.85,23122.45,23084.75,23100.4,09:35:00,23092.09875346042,2,5
2025-01-22,23069.05,23125.75,23069.05,23115.3,09:40:00,23089.90363408324,2,6
2025-01-22,23060.55,23082.4,23052.65,23067.45,09:45:00,23087.108049884835,2,7
2025-01-22,23083.25,23085.6,23051.1,23061.3,09:50:00,23086.74061656247,2,8
2025-01-22,23103.25,23124.65,23077.65,23084.2,09:55:00,23088.312938794617,2,9
2025-01-22,23090.6,23107.05,23084.35,23102.05,10:00:00,23088.53075414751,2,10
2025-01-22,23109.75,23110.95,23084.25,23090.65,10:05:00,23090.55163470489,2,11
2025-01-22,23096.85,23110.65,23089.5,23108.65,10:10:00,23091.15147901871,2,12
2025-01-22,23080.2,23101.5,23077.7,23096.75,10:15:00,23090.108481016927,2,13
2025-01-22,23097.35,23097.6,23073.75,23079.25,10:20:00,23090.798149491504,2,14
2025-01-22,23105.25,23117.5,23096.75,23098.25,10:25:00,23092.1745162066,2,15
2025-01-22,23109.75,23114.65,23101.6,23104.95,10:30:00,23093.84837180597,2,16
2025-01-22,23074.8,23114.5,23074.2,23110.05,10:35:00,23092.034241157784,2,17
2025-01-22,23106.6,23106.9,23073.5,23074.25,10:40:00,23093.42145628561,2,18
2025-01-22,23122.0,23144.0,23107.25,23107.25,10:45:00,23096.14322235365,2,19
2025-01-22,23093.55,23121.35,23092.65,23121.25,10:50:00,23095.89624879616,2,20
2025-01-22,23095.5,23098.25,23084.55,23093.4,10:55:00,23095.85851081557,2,21
2025-01-22,23086.9,23103.9,23082.05,23095.1,11:00:00,23095.00531930933,2,22
2025-01-22,23086.15,23095.9,23084.3,23087.35,11:05:00,23094.161955565585,2,23
2025-01-22,23064.95,23086.2,23061.3,23086.0,11:10:00,23091.37986455934,2,24
2025-01-22,23057.95,23069.0,23050.8,23065.2,11:15:00,23088.19606793464,2,25
2025-01-22,23064.1,23069.95,23054.8,23058.3,11:20:00,23085.901204321817,2,26
2025-01-22,23067.45,23070.65,23057.15,23064.0,11:25:00,23084.14394676736,2,27
2025-01-22,23038.45,23079.4,23034.75,23066.9,11:30:00,23079.792142313323,2,28
2025-01-22,23048.75,23060.1,23035.65,23036.95,11:35:00,23076.83574780729,2,29
2025-01-22,23044.15,23061.5,23041.55,23047.6,11:40:00,23073.72281944469,2,30
2025-01-22,23046.0,23049.5,23030.45,23044.0,11:45:00,23071.082550926152,2,31
2025-01-22,23055.2,23055.85,23041.1,23046.45,11:50:00,23069.569927028424,2,32
2025-01-22,23035.3,23065.4,23031.25,23054.95,11:55:00,23066.306124454288,2,33
2025-01-22,23031.85,23036.1,23022.15,23034.55,12:00:00,23063.024588791974,2,34
2025-01-22,23017.45,23035.25,23012.0,23030.95,12:05:00,23058.68415176417,2,35
2025-01-22,23036.95,23046.7,23015.2,23017.15,12:10:00,23056.61423254853,2,36
2025-01-22,23045.8,23050.3,23033.55,23037.65,12:15:00,23055.584305639142,2,37
2025-01-22,23015.7,23050.85,23015.7,23045.35,12:20:00,23051.78580034018,2,38
2025-01-22,23013.4,23020.1,22990.2,23015.85,12:25:00,23048.13000983159,2,39
2025-01-22,23036.05,23037.05,23012.25,23013.0,12:30:00,23046.979532704776,2,40
2025-01-22,23017.1,23047.35,23015.15,23036.65,12:35:00,23044.13386292337,2,41
2025-01-22,23026.05,23035.45,23015.6,23016.45,12:40:00,23042.411590264,2,42
2025-01-22,23018.55,23031.25,23014.15,23027.0,12:45:00,23040.139057857905,2,43
2025-01-22,23007.75,23026.05,23007.15,23017.9,12:50:00,23037.054385680964,2,44
2025-01-22,23017.95,23021.3,23007.45,23008.85,12:55:00,23035.23492037801,2,45
2025-01-22,23004.5,23021.7,23000.15,23019.15,13:00:00,23032.30778510392,2,46
2025-01-22,23007.6,23013.6,22995.45,23004.25,13:05:00,23029.95466271307,2,47
2025-01-22,23043.05,23045.2,23006.2,23008.55,13:10:00,23031.201837692777,2,48
2025-01-22,23032.9,23043.9,23024.35,23043.3,13:15:00,23031.363567436325,2,49
2025-01-22,23013.7,23034.15,23012.25,23032.35,13:20:00,23029.68132291858,2,50
2025-01-22,23005.3,23019.4,23001.8,23013.35,13:25:00,23027.35929216443,2,51
2025-01-22,23001.2,23020.45,23000.25,23005.75,13:30:00,23024.867931005912,2,52
2025-01-22,23021.5,23029.6,22995.15,23000.75,13:35:00,23024.54717567201,2,53
2025-01-22,22986.25,23024.6,22981.45,23021.25,13:40:00,23020.899825608016,2,54
2025-01-22,23012.8,23014.35,22986.0,22986.1,13:45:00,23020.128413645347,2,55
2025-01-22,23010.25,23030.05,23003.2,23013.0,13:50:00,23019.18761234579,2,56
2025-01-22,23016.5,23017.15,23001.1,23010.7,13:55:00,23018.93164926524,2,57
2025-01-22,23003.8,23026.7,23001.2,23016.3,14:00:00,23017.49053981141,2,58
2025-01-22,23037.85,23043.35,22993.3,23004.1,14:05:00,23019.42953601984,2,59
2025-01-22,23065.55,23084.85,23036.75,23037.9,14:10:00,23023.82196116081,2,60
2025-01-22,23090.95,23093.95,23054.3,23065.75,14:15:00,23030.21510771693,2,61
2025-01-22,23112.25,23115.85,23082.4,23090.5,14:20:00,23038.027954601028,2,62
2025-01-22,23118.9,23126.3,23110.4,23110.4,14:25:00,23045.73005416284,2,63
2025-01-22,23105.2,23118.8,23087.5,23118.35,14:30:00,23051.39385852828,2,64
2025-01-22,23133.3,23136.2,23091.5,23106.05,14:35:00,23059.19444343035,2,65
2025-01-22,23125.25,23133.8,23120.55,23132.6,14:40:00,23065.485448817937,2,66
2025-01-22,23108.2,23132.75,23102.65,23124.05,14:45:00,23069.553501311468,2,67
2025-01-22,23112.25,23126.8,23101.45,23108.7,14:50:00,23073.6198345199,2,68
2025-01-22,23159.4,23160.5,23110.75,23112.55,14:55:00,23081.78937408944,2,69
2025-01-22,23156.0,23164.6,23142.85,23159.2,15:00:00,23088.857052747582,2,70
2025-01-22,23145.3,23157.0,23138.15,23155.8,15:05:00,23094.232571533525,2,71
2025-01-22,23164.25,23169.35,23146.55,23146.55,15:10:00,23100.90089805414,2,72
2025-01-22,23154.9,23165.15,23147.85,23163.8,15:15:00,23106.04366966804,2,73
2025-01-22,23155.15,23161.15,23147.6,23155.6,15:20:00,23110.720463032983,2,74
2025-01-22,23161.75,23163.85,23151.55,23155.2,15:25:00,23115.5804189346,2,75
2025-01-23,23109.75,23133.35,23091.9,23133.35,09:15:00,23116.121159263927,3,1
2025-01-23,23119.05,23127.45,23099.9,23108.1,09:20:00,23116.40009647689,3,2
2025-01-23,23107.15,23123.7,23104.1,23119.8,09:25:00,23115.51913490766,3,3
2025-01-23,23114.45,23120.8,23103.0,23105.55,09:30:00,23115.4173125355,3,4
2025-01-23,23172.0,23178.6,23113.55,23114.1,09:35:00,23120.80613991307,3,5
2025-01-23,23197.95,23202.4,23170.25,23171.45,09:40:00,23128.153174207066,3,6
2025-01-23,23203.6,23205.35,23183.45,23197.05,09:45:00,23135.33858618734,3,7
2025-01-23,23207.7,23213.4,23192.4,23203.35,09:50:00,23142.230149407595,3,8
2025-01-23,23203.3,23220.15,23196.8,23208.35,09:55:00,23148.04632565449,3,9
2025-01-23,23215.1,23216.45,23188.35,23202.8,10:00:00,23154.43238987787,3,10
2025-01-23,23219.65,23226.3,23207.1,23215.0,10:05:00,23160.64359084189,3,11
2025-01-23,23217.6,23234.7,23213.6,23220.7,10:10:00,23166.068010761708,3,12
2025-01-23,23225.75,23229.45,23215.75,23217.3,10:15:00,23171.752009736785,3,13
2025-01-23,23235.9,23238.4,23224.55,23225.75,10:20:00,23177.861342142805,3,14
2025-01-23,23240.4,23240.95,23228.9,23235.75,10:25:00,23183.817404795875,3,15
2025-01-23,23241.75,23245.9,23230.95,23240.05,10:30:00,23189.33479481532,3,16
2025-01-23,23226.15,23243.0,23223.35,23241.35,10:35:00,23192.841004832902,3,17
2025-01-23,23235.45,23237.3,23225.45,23227.55,10:40:00,23196.89900437263,3,18
2025-01-23,23232.4,23240.45,23230.8,23236.05,10:45:00,23200.28005157524,3,19
2025-01-23,23207.65,23233.9,23202.5,23233.0,10:50:00,23200.981951425216,3,20
2025-01-23,23211.9,23215.4,23203.85,23207.15,10:55:00,23202.0217655752,3,21
2025-01-23,23208.3,23221.3,23205.35,23216.7,11:00:00,23202.61969266328,3,22
2025-01-23,23228.5,23232.55,23205.55,23208.85,11:05:00,23205.0844838382,3,23
2025-01-23,23223.75,23231.8,23222.35,23229.35,11:10:00,23206.862152044087,3,24
2025-01-23,23223.3,23224.95,23213.5,23223.15,11:15:00,23208.42766137322,3,25
2025-01-23,23219.7,23226.85,23214.55,23223.35,11:20:00,23209.50121743292,3,26
2025-01-23,23225.2,23225.9,23215.2,23218.55,11:25:00,23210.996339582165,3,27
2025-01-23,23232.4,23232.65,23225.55,23225.65,11:30:00,23213.03478343148,3,28
2025-01-23,23232.45,23238.6,23230.45,23231.9,11:35:00,23214.883851676102,3,29
2025-01-23,23221.9,23236.75,23216.4,23231.15,11:40:00,23215.55205627838,3,30
2025-01-23,23202.75,23227.55,23201.5,23221.55,11:45:00,23214.332812823293,3,31
2025-01-23,23205.7,23212.75,23201.05,23201.85,11:50:00,23213.510640173456,3,32
2025-01-23,23217.6,23223.65,23204.8,23205.25,11:55:00,23213.90010301408,3,33
2025-01-23,23214.2,23222.2,23212.25,23217.5,12:00:00,23213.928664631785,3,34
2025-01-23,23219.8,23224.85,23214.4,23214.4,12:05:00,23214.48783942876,3,35
2025-01-23,23232.75,23233.5,23217.8,23219.05,12:10:00,23216.22709281649,3,36
2025-01-23,23252.95,23253.35,23220.1,23232.1,12:15:00,23219.72451254825,3,37
2025-01-23,23250.15,23259.95,23244.15,23252.1,12:20:00,23222.62217801985,3,38
2025-01-23,23252.05,23254.3,23240.0,23251.0,12:25:00,23225.424827732248,3,39
2025-01-23,23264.55,23269.2,23249.8,23251.5,12:30:00,23229.151034614893,3,40
2025-01-23,23258.05,23267.25,23258.05,23263.95,12:35:00,23231.903317032524,3,41
2025-01-23,23254.4,23262.9,23250.45,23258.2,12:40:00,23234.045858267524,3,42
2025-01-23,23249.15,23257.4,23244.95,23253.4,12:45:00,23235.48434795633,3,43
2025-01-23,23233.9,23251.65,23232.15,23249.15,12:50:00,23235.333457674777,3,44
2025-01-23,23245.6,23248.35,23232.1,23233.55,12:55:00,23236.31122361051,3,45
2025-01-23,23247.15,23251.1,23238.7,23244.75,13:00:00,23237.34348802856,3,46
2025-01-23,23244.95,23251.1,23242.05,23246.95,13:05:00,23238.06791774012,3,47
2025-01-23,23244.55,23247.45,23239.2,23244.95,13:10:00,23238.685258907728,3,48
2025-01-23,23239.7,23248.65,23239.25,23245.3,13:15:00,23238.78190091652,3,49
2025-01-23,23245.7,23249.3,23238.95,23239.55,13:20:00,23239.440767495893,3,50
2025-01-23,23242.3,23248.45,23236.3,23245.6,13:25:00,23239.713075353426,3,51
2025-01-23,23235.3,23245.8,23229.9,23241.85,13:30:00,23239.292782462624,3,52
2025-01-23,23248.75,23249.35,23232.2,23233.6,13:35:00,23240.193469847138,3,53
2025-01-23,23252.05,23254.05,23244.9,23248.65,13:40:00,23241.32266319503,3,54
2025-01-23,23253.5,23255.55,23246.65,23251.95,13:45:00,23242.482409557408,3,55
2025-01-23,23250.75,23256.65,23248.65,23252.9,13:50:00,23243.26979912337,3,56
2025-01-23,23250.9,23253.0,23237.95,23252.4,13:55:00,23243.996484921143,3,57
2025-01-23,23233.5,23254.55,23231.4,23248.85,14:00:00,23242.99681969056,3,58
2025-01-23,23232.2,23241.6,23225.55,23234.3,14:05:00,23241.9685511486,3,59
2025-01-23,23239.95,23248.1,23226.0,23232.7,14:10:00,23241.776308182067,3,60
2025-01-23,23240.2,23246.7,23235.45,23241.9,14:15:00,23241.626183593296,3,61
2025-01-23,23226.5,23244.9,23223.4,23241.65,14:20:00,23240.18559467965,3,62
2025-01-23,23224.75,23233.9,23215.4,23227.25,14:25:00,23238.71553804349,3,63
2025-01-23,23234.95,23235.95,23222.7,23224.95,14:30:00,23238.35691537268,3,64
2025-01-23,23236.95,23243.9,23231.3,23235.15,14:35:00,23238.222923432422,3,65
2025-01-23,23230.7,23237.8,23224.95,23236.7,14:40:00,23237.5064545341,3,66
2025-01-23,23215.25,23236.1,23213.55,23230.4,14:45:00,23235.38679219752,3,67
2025-01-23,23206.65,23222.25,23205.15,23215.35,14:50:00,23232.64995484538,3,68
2025-01-23,23213.85,23220.7,23201.0,23206.95,14:55:00,23230.85948295534,3,69
2025-01-23,23217.65,23220.65,23204.6,23215.85,15:00:00,23229.6014369596,3,70
2025-01-23,23217.55,23220.0,23210.65,23217.65,15:05:00,23228.45368105868,3,71
2025-01-23,23201.25,23218.1,23200.1,23217.55,15:10:00,23225.862854291183,3,72
2025-01-23,23199.75,23207.35,23195.85,23202.85,15:15:00,23223.37591578726,3,73
2025-01-23,23205.6,23206.6,23191.7,23200.4,15:20:00,23221.68297142657,3,74
2025-01-23,23216.3,23218.2,23202.8,23205.85,15:25:00,23221.170307481178,3,75
2025-01-24,23276.4,23280.85,23204.45,23204.45,09:15:00,23223.218777779377,4,1
2025-01-24,23281.15,23291.8,23274.0,23275.8,09:20:00,23228.736037038485,4,2
2025-01-24,23235.55,23285.35,23234.2,23280.55,09:25:00,23229.384985891964,4,3
2025-01-24,23225.45,23246.1,23217.95,23235.25,09:30:00,23229.010225330825,4,4
2025-01-24,23194.2,23232.25,23194.2,23225.25,09:35:00,23225.69496577551,4,5
2025-01-24,23230.25,23230.25,23192.55,23195.3,09:40:00,23226.1287785588,4,6
2025-01-24,23182.75,23247.9,23182.75,23230.05,09:45:00,23221.9974663151,4,7
2025-01-24,23158.25,23183.2,23153.3,23182.45,09:50:00,23215.926279046995,4,8
2025-01-24,23145.85,23178.3,23144.35,23158.3,09:55:00,23209.252347709185,4,9
2025-01-24,23135.15,23154.0,23128.65,23144.25,10:00:00,23202.19498126069,4,10
2025-01-24,23149.75,23165.25,23133.15,23137.1,10:05:00,23197.200221140625,4,11
2025-01-24,23156.35,23174.8,23147.65,23150.05,10:10:00,23193.30972388913,4,12
2025-01-24,23135.9,23157.2,23131.85,23155.25,10:15:00,23187.84213113779,4,13
2025-01-24,23156.9,23161.1,23103.5,23135.05,10:20:00,23184.895261505622,4,14
2025-01-24,23183.05,23210.8,23157.1,23157.1,10:25:00,23184.71952231461,4,15
2025-01-24,23173.0,23193.25,23170.0,23182.0,10:30:00,23183.603377332267,4,16
2025-01-24,23217.0,23227.1,23172.25,23172.45,10:35:00,23186.784008062525,4,17
2025-01-24,23213.5,23226.85,23208.15,23216.9,10:40:00,23189.32838824705,4,18
2025-01-24,23215.35,23219.6,23207.7,23213.3,10:45:00,23191.806636985424,4,19
2025-01-24,23213.2,23216.05,23195.55,23214.0,10:50:00,23193.84410012967,4,20
2025-01-24,23221.2,23221.2,23199.5,23212.65,10:55:00,23196.44942392685,4,21
2025-01-24,23244.5,23246.75,23214.9,23220.4,11:00:00,23201.025669267143,4,22
2025-01-24,23243.85,23249.55,23233.65,23242.8,11:05:00,23205.10417695599,4,23
2025-01-24,23279.2,23289.2,23240.15,23242.9,11:10:00,23212.1609220078,4,24
2025-01-24,23266.6,23284.8,23257.1,23277.95,11:15:00,23217.34559610229,4,25
2025-01-24,23271.2,23275.35,23254.0,23266.5,11:20:00,23222.47458694969,4,26
2025-01-24,23278.55,23279.15,23261.4,23272.0,11:25:00,23227.815102478293,4,27
2025-01-24,23277.5,23284.35,23269.35,23278.05,11:30:00,23232.54699748036,4,28
2025-01-24,23272.85,23282.45,23269.95,23276.55,11:35:00,23236.38537867271,4,29
2025-01-24,23321.75,23322.85,23269.75,23271.8,11:40:00,23244.51534260864,4,30
2025-01-24,23333.85,23336.95,23320.5,23321.95,11:45:00,23253.02340521734,4,31
2025-01-24,23335.2,23342.4,23328.6,23333.15,11:50:00,23260.849747577595,4,32
2025-01-24,23323.75,23347.1,23323.45,23334.35,11:55:00,23266.8402478083,4,33
2025-01-24,23313.45,23331.3,23305.8,23323.35,12:00:00,23271.279271826555,4,34
2025-01-24,23295.4,23313.4,23291.4,23312.8,12:05:00,23273.57648403356,4,35
2025-01-24,23300.8,23305.6,23289.7,23295.15,12:10:00,23276.16919983988,4,36
2025-01-24,23313.4,23318.65,23297.7,23300.35,12:15:00,23279.71499033132,4,37
2025-01-24,23314.15,23316.25,23306.55,23313.35,12:20:00,23282.99451506168,4,38
2025-01-24,23295.5,23319.4,23288.75,23313.15,12:25:00,23284.185513627228,4,39
2025-01-24,23273.25,23296.9,23273.25,23294.15,12:30:00,23283.14403613892,4,40
2025-01-24,23234.85,23274.1,23230.9,23272.45,12:35:00,23278.54460412569,4,41
2025-01-24,23213.55,23237.9,23211.8,23234.7,12:40:00,23272.35464182801,4,42
2025-01-24,23218.95,23224.15,23195.8,23213.5,12:45:00,23267.26848546343,4,43
2025-01-24,23216.45,23229.6,23200.5,23218.65,12:50:00,23262.42862970501,4,44
2025-01-24,23219.65,23236.5,23212.75,23216.05,12:55:00,23258.35447449501,4,45
2025-01-24,23183.35,23218.55,23180.8,23218.3,13:00:00,23251.21119120977,4,46
2025-01-24,23179.55,23183.7,23164.85,23183.35,13:05:00,23244.38631585646,4,47
2025-01-24,23216.5,23228.1,23175.4,23179.7,13:10:00,23241.730476251083,4,48
2025-01-24,23183.0,23214.7,23175.7,23214.7,13:15:00,23236.137097560502,4,49
2025-01-24,23175.5,23189.2,23170.8,23182.45,13:20:00,23230.36213588808,4,50
2025-01-24,23193.9,23195.4,23175.05,23175.05,13:25:00,23226.889551517783,4,51
2025-01-24,23165.2,23198.05,23154.5,23194.85,13:30:00,23221.01435613514,4,52
2025-01-24,23158.05,23166.85,23141.9,23165.0,13:35:00,23215.01775078893,4,53
2025-01-24,23155.9,23164.35,23141.7,23157.7,13:40:00,23209.38748880904,4,54
2025-01-24,23163.25,23163.8,23147.0,23157.05,13:45:00,23204.9934422558,4,55
2025-01-24,23186.25,23190.5,23161.8,23163.1,13:50:00,23203.208352517147,4,56
2025-01-24,23175.25,23190.15,23171.7,23185.8,13:55:00,23200.545652277426,4,57
2025-01-24,23201.5,23201.5,23160.3,23172.8,14:00:00,23200.636542536715,4,58
2025-01-24,23167.85,23213.75,23166.75,23201.95,14:05:00,23197.514014676075,4,59
2025-01-24,23142.25,23169.6,23140.35,23166.65,14:10:00,23192.250775183114,4,60
2025-01-24,23138.35,23143.3,23120.8,23141.85,14:15:00,23187.117368022817,4,61
2025-01-24,23129.8,23153.45,23128.7,23138.05,14:20:00,23181.658571068263,4,62
2025-01-24,23138.85,23144.35,23125.35,23130.4,14:25:00,23177.581564299857,4,63
2025-01-24,23153.25,23168.6,23136.25,23139.6,14:30:00,23175.264272461773,4,64
2025-01-24,23105.1,23153.25,23104.5,23152.9,14:35:00,23168.581960798747,4,65
2025-01-24,23081.35,23112.65,23065.35,23105.3,14:40:00,23160.274155008392,4,66
2025-01-24,23058.5,23085.75,23055.15,23081.1,14:45:00,23150.581378340925,4,67
2025-01-24,23073.35,23077.15,23050.95,23058.45,14:50:00,23143.22600897512,4,68
2025-01-24,23078.5,23087.2,23054.25,23073.35,14:55:00,23137.06162716797,4,69
2025-01-24,23068.05,23095.85,23066.8,23079.35,15:00:00,23130.48909124721,4,70
2025-01-24,23102.35,23102.35,23067.75,23068.65,15:05:00,23127.809177795098,4,71
2025-01-24,23077.5,23105.55,23074.6,23101.75,15:10:00,23123.017827528896,4,72
2025-01-24,23098.6,23098.6,23077.75,23077.75,15:15:00,23120.69232014519,4,73
2025-01-24,23090.45,23105.1,23090.1,23100.05,15:20:00,23117.81209917898,4,74
2025-01-24,23090.35,23095.45,23080.7,23090.65,15:25:00,23115.19666116193,4,75
2025-01-27,22926.75,22951.65,22913.35,22946.05,09:15:00,23082.16597432984,0,1
2025-01-27,22963.2,22963.2,22911.15,22927.3,09:20:00,23070.83588153652,0,2
2025-01-27,22966.6,22986.6,22945.75,22961.7,09:25:00,23060.90865472352,0,3
2025-01-27,22982.05,22988.5,22948.1,22967.55,09:30:00,23053.39830665461,0,4
2025-01-27,23001.6,23006.1,22980.3,22981.6,09:35:00,23048.46513459227,0,5
2025-01-27,22994.0,23007.05,22965.3,23002.0,09:40:00,23043.277978916816,0,6
2025-01-27,22992.1,23002.1,22970.1,22995.45,09:45:00,23038.403885686643,0,7
2025-01-27,22969.8,23005.4,22969.8,22991.7,09:50:00,23031.870182287912,0,8
2025-01-27,22967.25,22980.05,22963.2,22969.25,09:55:00,23025.715879212872,0,9
2025-01-27,22979.05,22991.9,22960.3,22967.25,10:00:00,23021.27150976403,0,10
2025-01-27,22973.7,22999.15,22968.4,22978.2,10:05:00,23016.740889786503,0,11
2025-01-27,22970.7,22984.25,22962.7,22973.95,10:10:00,23012.35604314017,0,12
2025-01-27,22900.5,22971.25,22900.5,22971.25,10:15:00,23001.703086650632,0,13
2025-01-27,22904.7,22909.5,22890.2,22901.3,10:20:00,22992.46469744581,0,14
2025-01-27,22854.3,22907.65,22854.3,22904.3,10:25:00,22979.306154831924,0,15
2025-01-27,22852.35,22861.1,22842.1,22854.5,10:30:00,22967.21509246698,0,16
2025-01-27,22838.4,22857.85,22827.2,22852.5,10:35:00,22954.946988422504,0,17
2025-01-27,22861.25,22867.25,22831.0,22837.9,10:40:00,22946.0234657156,0,18
2025-01-27,22866.5,22886.65,22855.9,22861.75,10:45:00,22938.44980231412,0,19
2025-01-27,22842.0,22871.1,22838.3,22866.85,10:50:00,22929.264106855622,0,20
2025-01-27,22846.55,22866.9,22838.85,22842.15,10:55:00,22921.38657286937,0,21
2025-01-27,22843.65,22855.0,22840.95,22847.25,11:00:00,22913.98308973896,0,22
2025-01-27,22867.95,22869.2,22842.8,22844.15,11:05:00,22909.598985954297,0,23
2025-01-27,22864.5,22870.35,22852.8,22867.95,11:10:00,22905.30384443484,0,24
2025-01-27,22881.75,22884.65,22862.95,22864.55,11:15:00,22903.06062115533,0,25
2025-01-27,22879.2,22903.5,22870.4,22881.6,11:20:00,22900.7881810453,0,26
2025-01-27,22894.5,22895.65,22870.45,22878.4,11:25:00,22900.189306660035,0,27
2025-01-27,22893.0,22909.5,22889.2,22895.25,11:30:00,22899.50461078765,0,28
2025-01-27,22867.6,22897.5,22866.65,22893.1,11:35:00,22896.46607642692,0,29
2025-01-27,22866.9,22870.4,22856.25,22867.5,11:40:00,22893.650259624355,0,30
2025-01-27,22892.0,22892.0,22864.7,22867.3,11:45:00,22893.493092041084,0,31
2025-01-27,22891.75,22901.4,22888.75,22891.75,11:50:00,22893.327083275268,0,32
2025-01-27,22906.5,22912.9,22890.75,22892.4,11:55:00,22894.581646772865,0,33
2025-01-27,22939.5,22939.95,22901.3,22907.45,12:00:00,22898.859585175447,0,34
2025-01-27,22917.1,22941.65,22916.6,22939.4,12:05:00,22900.59676753969,0,35
2025-01-27,22881.55,22921.25,22867.0,22917.25,12:10:00,22898.782789678768,0,36
2025-01-27,22894.15,22898.45,22882.0,22882.0,12:15:00,22898.341571614124,0,37
2025-01-27,22936.0,22936.55,22892.75,22894.5,12:20:00,22901.928088603257,0,38
2025-01-27,22936.25,22943.7,22920.5,22938.0,12:25:00,22905.19684206961,0,39
2025-01-27,22916.0,22938.95,22912.7,22935.85,12:30:00,22906.22571425346,0,40
2025-01-27,22894.85,22920.4,22894.85,22916.25,12:35:00,22905.14231289599,0,41
2025-01-27,22866.3,22897.7,22862.6,22894.75,12:40:00,22901.44304500113,0,42
2025-01-27,22861.0,22866.75,22840.55,22866.75,12:45:00,22897.5913264296,0,43
2025-01-27,22857.65,22877.2,22854.05,22859.7,12:50:00,22893.787390579164,0,44
2025-01-27,22862.75,22872.85,22847.5,22856.3,12:55:00,22890.831448619247,0,45
2025-01-27,22858.85,22878.2,22854.6,22862.8,13:00:00,22887.785596369795,0,46
2025-01-27,22879.0,22880.0,22855.7,22859.25,13:05:00,22886.948872906007,0,47
2025-01-27,22885.45,22885.85,22862.55,22878.3,13:10:00,22886.806123105434,0,48
2025-01-27,22871.55,22892.35,22869.05,22885.95,13:15:00,22885.353159000155,0,49
2025-01-27,22866.1,22880.0,22860.4,22872.1,13:20:00,22883.519524809664,0,50
2025-01-27,22846.45,22870.15,22840.7,22866.1,13:25:00,22879.98909387541,0,51
2025-01-27,22862.2,22870.25,22841.2,22845.75,13:30:00,22878.294894458704,0,52
2025-01-27,22840.95,22866.55,22827.95,22862.5,13:35:00,22874.738237843587,0,53
2025-01-27,22861.45,22867.3,22836.55,22841.1,13:40:00,22873.47269138229,0,54
2025-01-27,22847.9,22870.05,22840.15,22862.1,13:45:00,22871.03719696493,0,55
2025-01-27,22843.4,22860.2,22840.6,22847.55,13:50:00,22868.40508296827,0,56
2025-01-27,22860.35,22878.6,22839.65,22843.25,13:55:00,22867.63793220939,0,57
2025-01-27,22839.4,22861.1,22838.75,22860.35,14:00:00,22864.948605332305,0,58
2025-01-27,22831.9,22850.9,22825.35,22839.3,14:05:00,22861.801119110183,0,59
2025-01-27,22834.9,22839.45,22822.45,22831.75,14:10:00,22859.23910776636,0,60
2025-01-27,22854.05,22856.35,22831.25,22835.1,14:15:00,22858.744907026703,0,61
2025-01-27,22845.2,22857.9,22838.3,22854.4,14:20:00,22857.454915881302,0,62
2025-01-27,22834.05,22850.95,22828.85,22845.2,14:25:00,22855.22587627356,0,63
2025-01-27,22811.8,22834.6,22805.35,22834.1,14:30:00,22851.090078533223,0,64
2025-01-27,22808.4,22819.05,22800.45,22812.4,14:35:00,22847.02435676816,0,65
2025-01-27,22806.85,22820.05,22800.5,22808.7,14:40:00,22843.198227552137,0,66
2025-01-27,22795.8,22818.3,22786.9,22806.6,14:45:00,22838.68411064241,0,67
2025-01-27,22826.85,22827.8,22791.2,22795.5,14:50:00,22837.55705248599,0,68
2025-01-27,22825.55,22833.35,22820.35,22826.5,14:55:00,22836.4135236778,0,69
2025-01-27,22816.7,22831.5,22815.6,22826.15,15:00:00,22834.536045232293,0,70
2025-01-27,22840.85,22841.35,22814.6,22817.25,15:05:00,22835.13737425779,0,71
2025-01-27,22835.7,22843.3,22830.35,22842.0,15:10:00,22835.19095766181,0,72
2025-01-27,22830.05,22838.4,22822.45,22835.5,15:15:00,22834.7013426464,0,73
2025-01-27,22821.75,22835.95,22820.45,22829.15,15:20:00,22833.467881441986,0,74
2025-01-27,22816.85,22829.4,22814.35,22821.6,15:25:00,22831.885226066555,0,75
2025-01-28,22926.35,22969.15,22916.6,22967.95,09:15:00,22851.960014988723,1,1
2025-01-28,22911.05,22931.9,22900.5,22927.25,09:20:00,22857.587632608844,1,2
2025-01-28,22908.35,22917.8,22885.4,22912.9,09:25:00,22862.42214378896,1,3
2025-01-28,22895.4,22909.55,22878.9,22908.8,09:30:00,22865.56289199953,1,4
2025-01-28,22887.7,22906.4,22884.7,22894.2,09:35:00,22867.67118799957,1,5
2025-01-28,22877.9,22902.4,22875.5,22887.65,09:40:00,22868.64536057104,1,6
2025-01-28,22911.0,22918.4,22874.85,22876.0,09:45:00,22872.67913575475,1,7
2025-01-28,22869.7,22909.95,22866.6,22908.05,09:50:00,22872.39540854001,1,8
2025-01-28,22892.0,22892.35,22860.3,22869.05,09:55:00,22874.26251248858,1,9
2025-01-28,22907.65,22930.35,22894.4,22894.4,10:00:00,22877.44227320396,1,10
2025-01-28,22881.7,22925.0,22877.05,22909.05,10:05:00,22877.847770994056,1,11
2025-01-28,22881.25,22891.75,22872.2,22880.75,10:10:00,22878.171792804147,1,12
2025-01-28,22872.85,22890.0,22858.65,22882.5,10:15:00,22877.664955394222,1,13
2025-01-28,22885.25,22894.55,22868.3,22874.0,10:20:00,22878.38734059477,1,14
2025-01-28,22906.7,22909.7,22879.5,22884.75,10:25:00,22881.08378434765,1,15
2025-01-28,22890.4,22906.6,22883.25,22906.5,10:30:00,22881.971042981208,1,16
2025-01-28,22891.95,22894.15,22873.45,22889.65,10:35:00,22882.921419840142,1,17
2025-01-28,22884.05,22918.85,22880.6,22891.6,10:40:00,22883.02890366489,1,18
2025-01-28,22882.9,22889.55,22877.8,22882.35,10:45:00,22883.016627125377,1,19
2025-01-28,22890.1,22901.2,22880.9,22882.95,10:50:00,22883.691234065816,1,20
2025-01-28,22897.5,22910.1,22885.7,22891.1,10:55:00,22885.006354630976,1,21
2025-01-28,22972.7,22985.95,22892.95,22897.15,11:00:00,22893.35813038041,1,22
2025-01-28,22947.3,22981.1,22944.95,22973.3,11:05:00,22898.495451296563,1,23
2025-01-28,22959.6,22962.2,22940.0,22946.8,11:10:00,22904.31493212546,1,24
2025-01-28,22956.45,22966.35,22944.3,22958.55,11:15:00,22909.28017668494,1,25
2025-01-28,22961.9,22967.7,22949.1,22955.9,11:20:00,22914.29158842923,1,26
2025-01-28,22971.2,22978.35,22957.6,22962.75,11:25:00,22919.711437150258,1,27
2025-01-28,22968.8,22991.6,22963.1,22971.15,11:30:00,22924.38653837404,1,28
2025-01-28,22995.5,22997.4,22957.85,22968.45,11:35:00,22931.15924900509,1,29
2025-01-28,23007.3,23033.3,22996.45,22997.3,11:40:00,22938.41074909984,1,30
2025-01-28,23013.4,23013.75,22986.4,23006.95,11:45:00,22945.552582518903,1,31
2025-01-28,23013.45,23027.9,23006.5,23013.75,11:50:00,22952.019003231388,1,32
2025-01-28,22995.15,23013.8,22994.95,23013.05,11:55:00,22956.12671720935,1,33
2025-01-28,23031.9,23032.2,22988.4,22994.9,12:00:00,22963.34322033227,1,34
2025-01-28,23020.95,23040.65,23019.9,23031.6,12:05:00,22968.829580300622,1,35
2025-01-28,23032.65,23036.7,23020.15,23020.95,12:10:00,22974.90771551009,1,36
2025-01-28,23044.95,23045.15,23031.1,23032.15,12:15:00,22981.578409271035,1,37
2025-01-28,23016.75,23049.0,23003.45,23044.9,12:20:00,22984.928084578554,1,38
2025-01-28,23008.7,23021.85,23000.25,23017.15,12:25:00,22987.192076523454,1,39
2025-01-28,23008.25,23013.65,22999.1,23007.55,12:30:00,22989.197593045028,1,40
2025-01-28,23006.3,23022.5,23005.5,23008.35,12:35:00,22990.826393707404,1,41
2025-01-28,23008.85,23017.0,23002.15,23005.65,12:40:00,22992.542927640032,1,42
2025-01-28,23025.75,23035.0,23009.0,23009.4,12:45:00,22995.70550596003,1,43
2025-01-28,23047.05,23048.15,23016.3,23025.4,12:50:00,23000.59545777336,1,44
2025-01-28,23045.0,23053.25,23041.7,23046.75,12:55:00,23004.824461794946,1,45
2025-01-28,23047.05,23055.05,23039.85,23044.75,13:00:00,23008.845941624,1,46
2025-01-28,23053.3,23059.3,23042.1,23046.55,13:05:00,23013.07966146933,1,47
2025-01-28,23065.25,23068.55,23048.45,23054.85,13:10:00,23018.04826513892,1,48
2025-01-28,23069.05,23073.75,23060.6,23067.35,13:15:00,23022.905573220927,1,49
2025-01-28,23035.5,23071.85,23030.85,23069.2,13:20:00,23024.10504243798,1,50
2025-01-28,23026.15,23045.1,23026.15,23034.7,13:25:00,23024.29980030103,1,51
2025-01-28,23045.8,23053.5,23021.75,23026.65,13:30:00,23026.3474383676,1,52
2025-01-28,23043.4,23045.7,23030.2,23045.7,13:35:00,23027.9714918564,1,53
2025-01-28,23037.9,23047.55,23034.65,23042.65,13:40:00,23028.91706406055,1,54
2025-01-28,23043.0,23052.55,23034.75,23035.85,13:45:00,23030.258296054784,1,55
2025-01-28,23060.0,23063.15,23036.0,23042.15,13:50:00,23033.090839287663,1,56
2025-01-28,23057.65,23065.0,23044.5,23059.35,13:55:00,23035.42980697456,1,57
2025-01-28,23058.3,23075.55,23055.15,23057.35,14:00:00,23037.607920596023,1,58
2025-01-28,23054.8,23062.8,23045.8,23057.9,14:05:00,23039.24526149164,1,59
2025-01-28,23051.75,23056.25,23043.2,23054.1,14:10:00,23040.43618896863,1,60
2025-01-28,23062.0,23065.85,23048.15,23051.95,14:15:00,23042.48988525733,1,61
2025-01-28,23059.5,23067.4,23055.45,23061.35,14:20:00,23044.109896185204,1,62
2025-01-28,23116.5,23123.15,23057.6,23060.25,14:25:00,23051.00419178661,1,63
2025-01-28,23127.65,23128.7,23103.35,23116.0,14:30:00,23058.30379256884,1,64
2025-01-28,23132.9,23137.45,23118.95,23129.25,14:35:00,23065.40819327657,1,65
2025-01-28,23129.35,23136.1,23118.05,23133.15,14:40:00,23071.49788915499,1,66
2025-01-28,23026.75,23132.4,23020.1,23129.85,14:45:00,23067.236185425943,1,67
2025-01-28,22970.35,23031.2,22961.9,23025.9,14:50:00,23058.00892967109,1,68
2025-01-28,22987.6,23002.4,22956.95,22972.7,14:55:00,23051.303317321464,1,69
2025-01-28,22929.4,22990.75,22925.7,22989.75,15:00:00,23039.69347757656,1,70
2025-01-28,22946.45,22946.45,22909.25,22929.75,15:05:00,23030.8131463788,1,71
2025-01-28,22967.55,22980.05,22930.2,22946.9,15:10:00,23024.78808481891,1,72
2025-01-28,22970.55,22972.6,22951.5,22968.35,15:15:00,23019.6225529314,1,73
2025-01-28,22972.45,22976.3,22964.95,22971.95,15:20:00,23015.12992884269,1,74
2025-01-28,22976.3,22984.5,22968.9,22973.35,15:25:00,23011.43184038148,1,75
2025-01-29,23031.4,23045.6,23022.1,23023.75,09:15:00,23014.653501990284,2,1
2025-01-29,23025.1,23049.15,23009.25,23032.85,09:20:00,23015.64840656264,2,2
2025-01-29,22987.7,23024.55,22978.7,23024.4,09:25:00,23012.98665355667,2,3
2025-01-29,23031.25,23032.2,22978.15,22988.0,09:30:00,23014.726019884605,2,4
2025-01-29,23036.4,23046.2,23021.3,23031.05,09:35:00,23016.790208467024,2,5
2025-01-29,23040.45,23069.75,23029.15,23036.15,09:40:00,23019.043521946354,2,6
2025-01-29,23039.7,23051.55,23023.7,23041.55,09:45:00,23021.01080557051,2,7
2025-01-29,23048.5,23051.8,23029.25,23041.85,09:50:00,23023.6288240876,2,8
2025-01-29,23056.7,23056.7,23030.4,23048.4,09:55:00,23026.77845988878,2,9
2025-01-29,23058.35,23066.15,23047.3,23056.45,10:00:00,23029.785273232705,2,10
2025-01-29,23079.95,23080.2,23056.35,23058.05,10:05:00,23034.56286625816,2,11
2025-01-29,23067.15,23096.8,23066.7,23079.7,10:10:00,23037.666402805,2,12
2025-01-29,23055.4,23072.4,23053.8,23067.55,10:15:00,23039.35531682357,2,13
2025-01-29,23100.05,23100.25,23056.1,23057.0,10:20:00,23045.13576284037,2,14
2025-01-29,23095.25,23105.65,23078.75,23100.35,10:25:00,23049.90854733177,2,15
2025-01-29,23096.35,23099.7,23081.65,23094.55,10:30:00,23054.33154282398,2,16
2025-01-29,23081.6,23106.45,23071.8,23095.8,10:35:00,23056.928538745506,2,17
2025-01-29,23074.1,23090.95,23071.15,23081.55,10:40:00,23058.56391600784,2,18
2025-01-29,23080.6,23084.7,23068.25,23073.7,10:45:00,23060.66259067376,2,19
2025-01-29,23089.85,23090.65,23077.9,23079.4,10:50:00,23063.442343942927,2,20
2025-01-29,23122.85,23125.5,23085.65,23087.85,10:55:00,23069.100215948365,2,21
2025-01-29,23111.0,23123.95,23105.35,23122.75,11:00:00,23073.09067157233,2,22
2025-01-29,23108.45,23113.8,23101.5,23110.5,11:05:00,23076.45822666068,2,23
2025-01-29,23085.4,23114.35,23074.75,23108.4,11:10:00,23077.309824121563,2,24
2025-01-29,23081.6,23090.4,23072.2,23084.75,11:15:00,23077.718412300463,2,25
2025-01-29,22995.65,23090.85,22984.15,23081.05,11:20:00,23069.90237303375,2,26
2025-01-29,23066.45,23077.8,22993.5,22997.5,11:25:00,23069.573575601964,2,27
2025-01-29,23093.05,23125.15,23066.8,23066.8,11:30:00,23071.80942554464,2,28
2025-01-29,23085.6,23094.35,23077.7,23092.5,11:35:00,23073.122813588,2,29
2025-01-29,23092.7,23095.7,23077.75,23085.15,11:40:00,23074.987307532,2,30
2025-01-29,23125.35,23128.15,23092.15,23093.3,11:45:00,23079.78375443372,2,31
2025-01-29,23108.4,23125.45,23104.75,23125.05,11:50:00,23082.509111154315,2,32
2025-01-29,23112.7,23113.4,23102.1,23108.9,11:55:00,23085.384433901523,2,33
2025-01-29,23108.3,23119.15,23105.5,23111.5,12:00:00,23087.566868768045,2,34
2025-01-29,23114.75,23114.9,23098.05,23108.8,12:05:00,23090.155738409183,2,35
2025-01-29,23120.95,23128.75,23115.3,23115.3,12:10:00,23093.088525227355,2,36
2025-01-29,23144.6,23168.05,23116.0,23121.1,12:15:00,23097.994379967608,2,37
2025-01-29,23138.0,23149.65,23126.7,23143.85,12:20:00,23101.80443901832,2,38
2025-01-29,23135.9,23148.55,23132.15,23138.45,12:25:00,23105.051635302283,2,39
2025-01-29,23131.5,23141.65,23127.55,23135.55,12:30:00,23107.570527178257,2,40
2025-01-29,23136.85,23149.9,23131.2,23131.9,12:35:00,23110.359048399376,2,41
2025-01-29,23133.25,23147.35,23112.65,23136.8,12:40:00,23112.53913902801,2,42
2025-01-29,23125.55,23146.2,23120.8,23133.05,12:45:00,23113.77826864439,2,43
2025-01-29,23120.25,23132.65,23116.3,23126.3,12:50:00,23114.39462401159,2,44
2025-01-29,23122.35,23136.9,23117.05,23119.3,12:55:00,23115.15227886763,2,45
2025-01-29,23116.35,23128.95,23086.55,23122.4,13:00:00,23115.2663475469,2,46
2025-01-29,23124.65,23128.0,23106.45,23115.7,13:05:00,23116.16002873291,2,47
2025-01-29,23112.8,23131.4,23108.05,23124.4,13:10:00,23115.840025996444,2,48
2025-01-29,23121.1,23129.05,23109.9,23113.05,13:15:00,23116.340975901545,2,49
2025-01-29,23138.2,23145.2,23116.85,23120.4,13:20:00,23118.422787720447,2,50
2025-01-29,23162.95,23166.85,23134.55,23138.5,13:25:00,23122.66347460421,2,51
2025-01-29,23148.85,23167.75,23148.85,23163.15,13:30:00,23125.15742940381,2,52
2025-01-29,23158.95,23162.25,23140.25,23148.9,13:35:00,23128.3757694606,2,53
2025-01-29,23147.6,23162.65,23136.75,23157.15,13:40:00,23130.206648559582,2,54
2025-01-29,23161.15,23163.9,23143.0,23148.95,13:45:00,23133.153634411054,2,55
2025-01-29,23150.55,23166.3,23144.35,23160.75,13:50:00,23134.81043113381,2,56
2025-01-29,23158.3,23169.6,23148.65,23148.65,13:55:00,23137.04753293059,2,57
2025-01-29,23163.2,23172.15,23155.75,23158.1,14:00:00,23139.538244080057,2,58
2025-01-29,23156.35,23169.75,23152.2,23163.25,14:05:00,23141.13936369148,2,59
2025-01-29,23174.05,23181.0,23148.95,23156.1,14:10:00,23144.27371000657,2,60
2025-01-29,23146.7,23180.8,23145.05,23174.55,14:15:00,23144.504785244044,2,61
2025-01-29,23143.55,23160.35,23134.6,23146.95,14:20:00,23144.41385331604,2,62
2025-01-29,23142.7,23150.65,23126.3,23143.0,14:25:00,23144.250629190698,2,63
2025-01-29,23124.4,23145.75,23123.45,23142.8,14:30:00,23142.36009307729,2,64
2025-01-29,23124.2,23135.75,23115.1,23124.25,14:35:00,23140.630560403268,2,65
2025-01-29,23144.85,23146.55,23121.85,23126.0,14:40:00,23141.032411793432,2,66
2025-01-29,23132.8,23149.65,23130.9,23145.3,14:45:00,23140.248372575013,2,67
2025-01-29,23143.05,23147.65,23131.45,23133.25,14:50:00,23140.515194234536,2,68
2025-01-29,23138.8,23147.75,23130.9,23143.6,14:55:00,23140.35184240268,2,69
2025-01-29,23146.15,23149.1,23132.15,23140.65,15:00:00,23140.90404788814,2,70
2025-01-29,23163.35,23163.35,23144.0,23145.9,15:05:00,23143.04175761308,2,71
2025-01-29,23159.35,23164.05,23152.1,23160.2,15:10:00,23144.594923554687,2,72
2025-01-29,23161.7,23167.1,23153.85,23160.3,15:15:00,23146.22397845424,2,73
2025-01-29,23176.95,23179.95,23161.35,23162.5,15:20:00,23149.150266220506,2,74
2025-01-29,23176.2,23182.7,23165.6,23177.65,15:25:00,23151.72643134236,2,75
2025-01-30,23159.9,23183.5,23141.0,23168.4,09:15:00,23154.03637577005,3,1
2025-01-30,23171.55,23172.65,23141.45,23158.2,09:20:00,23155.704339982425,3,2
2025-01-30,23169.45,23193.45,23167.75,23170.05,09:25:00,23157.01345046029,3,3
2025-01-30,23189.0,23210.65,23166.25,23169.0,09:30:00,23160.05978851169,3,4
2025-01-30,23205.5,23208.55,23185.5,23190.25,09:35:00,23164.38742770105,3,5
2025-01-30,23204.15,23215.5,23179.2,23206.45,09:40:00,23168.17433934857,3,6
2025-01-30,23204.9,23227.55,23202.15,23204.15,09:45:00,23171.67202131538,3,7
2025-01-30,23222.3,23230.05,23200.65,23204.05,09:50:00,23176.493733571057,3,8
2025-01-30,23230.5,23233.95,23217.25,23222.0,09:55:00,23181.63718751667,3,9
2025-01-30,23244.4,23245.6,23227.25,23230.65,10:00:00,23187.614598229367,3,10
2025-01-30,23280.25,23280.9,23242.95,23243.7,10:05:00,23196.43701744562,3,11
2025-01-30,23271.4,23300.55,23269.2,23279.3,10:10:00,23203.576349117466,3,12
2025-01-30,23271.55,23283.1,23268.7,23271.6,10:15:00,23210.050030153896,3,13
2025-01-30,23292.1,23305.5,23271.45,23271.7,10:20:00,23217.864312996386,3,14
2025-01-30,23300.5,23305.05,23279.85,23290.75,10:25:00,23225.73437842529,3,15
2025-01-30,23290.9,23310.85,23287.95,23302.45,10:30:00,23231.94062809908,3,16
2025-01-30,23285.65,23295.35,23284.55,23289.9,10:35:00,23237.05580637536,3,17
2025-01-30,23295.65,23302.95,23279.35,23285.8,10:40:00,23242.636205768176,3,18
2025-01-30,23296.15,23302.75,23286.95,23296.9,10:45:00,23247.73275759978,3,19
2025-01-30,23262.4,23299.35,23262.4,23295.9,10:50:00,23249.129637828373,3,20
2025-01-30,23246.85,23266.85,23235.9,23261.85,10:55:00,23248.912529463767,3,21
2025-01-30,23226.25,23255.9,23224.0,23247.35,11:00:00,23246.75419332436,3,22
2025-01-30,23269.15,23270.2,23226.45,23227.6,11:05:00,23248.88712729347,3,23
2025-01-30,23288.3,23291.0,23268.25,23269.2,11:10:00,23252.640734217905,3,24
2025-01-30,23269.3,23301.0,23266.85,23289.15,11:15:00,23254.22733095906,3,25
2025-01-30,23271.0,23282.45,23264.8,23269.1,11:20:00,23255.82472801058,3,26
2025-01-30,23265.95,23271.5,23258.95,23271.5,11:25:00,23256.789039628617,3,27
2025-01-30,23243.45,23267.7,23243.45,23267.55,11:30:00,23255.518654902084,3,28
2025-01-30,23243.3,23253.7,23228.05,23244.3,11:35:00,23254.35497348284,3,29
2025-01-30,23244.85,23257.0,23236.65,23244.65,11:40:00,23253.44973791304,3,30
2025-01-30,23283.6,23285.55,23242.1,23245.8,11:45:00,23256.32119144513,3,31
2025-01-30,23275.15,23287.65,23273.75,23284.2,11:50:00,23258.114411307502,3,32
2025-01-30,23266.95,23276.05,23265.5,23275.1,11:55:00,23258.955895944884,3,33
2025-01-30,23268.4,23272.1,23262.45,23268.05,12:00:00,23259.855334426324,3,34
2025-01-30,23272.1,23273.5,23261.4,23267.6,12:05:00,23261.021493052387,3,35
2025-01-30,23250.8,23276.35,23246.15,23271.0,12:10:00,23260.048017523583,3,36
2025-01-30,23262.9,23269.5,23229.7,23250.3,12:15:00,23260.31963490229,3,37
2025-01-30,23271.1,23282.8,23260.95,23263.0,12:20:00,23261.346336340168,3,38
2025-01-30,23273.15,23288.55,23268.35,23271.25,12:25:00,23262.47049478396,3,39
2025-01-30,23278.55,23284.1,23272.3,23273.9,12:30:00,23264.001876233106,3,40
2025-01-30,23281.7,23289.9,23272.25,23278.05,12:35:00,23265.68741182996,3,41
2025-01-30,23274.95,23283.75,23270.3,23281.8,12:40:00,23266.56956308425,3,42
2025-01-30,23261.2,23279.45,23251.25,23275.5,12:45:00,23266.05817612384,3,43
2025-01-30,23256.0,23263.9,23249.6,23261.55,12:50:00,23265.10025458824,3,44
2025-01-30,23261.85,23269.35,23251.05,23258.0,12:55:00,23264.79070653221,3,45
2025-01-30,23269.9,23279.75,23255.25,23262.05,13:00:00,23265.2773059101,3,46
2025-01-30,23262.3,23275.65,23260.85,23270.9,13:05:00,23264.99375296628,3,47
2025-01-30,23261.95,23271.5,23261.45,23263.2,13:10:00,23264.703871731395,3,48
2025-01-30,23253.8,23268.45,23249.4,23263.4,13:15:00,23263.665407756976,3,49
2025-01-30,23249.0,23264.3,23248.95,23253.25,13:20:00,23262.26870225631,3,50
2025-01-30,23223.6,23252.15,23219.6,23249.25,13:25:00,23258.58596870809,3,51
2025-01-30,23218.7,23230.3,23218.25,23223.9,13:30:00,23254.787305021608,3,52
2025-01-30,23229.15,23237.25,23216.9,23219.35,13:35:00,23252.34565692431,3,53
2025-01-30,23224.5,23239.4,23223.0,23230.45,13:40:00,23249.693689598185,3,54
2025-01-30,23209.15,23228.75,23207.1,23227.3,13:45:00,23245.83238582693,3,55
2025-01-30,23192.9,23213.45,23186.05,23208.7,13:50:00,23240.791206224367,3,56
2025-01-30,23191.7,23195.9,23173.75,23192.7,13:55:00,23236.11585325062,3,57
2025-01-30,23189.3,23199.9,23184.3,23190.35,14:00:00,23231.657200560083,3,58
2025-01-30,23169.45,23195.8,23141.9,23189.15,14:05:00,23225.732705268645,3,59
2025-01-30,23167.6,23190.95,23167.6,23169.0,14:10:00,23220.19625714782,3,60
2025-01-30,23178.5,23193.2,23162.85,23168.15,14:15:00,23216.225185038507,3,61
2025-01-30,23178.85,23189.25,23172.65,23178.05,14:20:00,23212.66564360627,3,62
2025-01-30,23164.85,23180.0,23159.05,23179.0,14:25:00,23208.111772786626,3,63
2025-01-30,23150.75,23164.55,23143.25,23163.6,14:30:00,23202.648746806943,3,64
2025-01-30,23160.55,23166.75,23139.95,23150.0,14:35:00,23198.639342349143,3,65
2025-01-30,23174.6,23177.05,23158.7,23160.35,14:40:00,23196.34988117303,3,66
2025-01-30,23176.7,23205.7,23173.9,23175.0,14:45:00,23194.47846391845,3,67
2025-01-30,23162.5,23179.95,23148.8,23177.4,14:50:00,23191.432895926224,3,68
2025-01-30,23192.15,23192.55,23156.05,23160.75,14:55:00,23191.5011915523,3,69
2025-01-30,23225.15,23239.3,23182.9,23192.35,15:00:00,23194.70583997589,3,70
2025-01-30,23252.75,23254.4,23221.05,23225.05,15:05:00,23200.23385521628,3,71
2025-01-30,23249.55,23255.05,23241.55,23251.95,15:10:00,23204.930630909967,3,72
2025-01-30,23266.9,23269.9,23244.7,23248.45,15:15:00,23210.832475585208,3,73
2025-01-30,23281.05,23281.3,23263.95,23267.4,15:20:00,23217.519858862808,3,74
2025-01-30,23297.95,23318.75,23276.7,23279.95,15:25:00,23225.179872304445,3,75
2025-01-31,23301.25,23314.55,23280.55,23297.6,09:15:00,23238.5916868524,4,1
2025-01-31,23316.3,23317.65,23290.25,23301.2,09:20:00,23245.99247858073,4,2
2025-01-31,23326.05,23331.8,23312.35,23316.6,09:25:00,23253.61700443019,4,3
2025-01-31,23318.55,23330.0,23314.45,23325.35,09:30:00,23259.80109924636,4,4
2025-01-31,23323.2,23323.85,23295.65,23320.3,09:35:00,23265.839089794325,4,5
2025-01-31,23349.45,23355.4,23306.2,23322.85,09:40:00,23273.80203362344,4,6
2025-01-31,23377.8,23378.15,23345.65,23348.7,09:45:00,23283.70660184977,4,7
2025-01-31,23350.6,23383.9,23345.0,23377.05,09:50:00,23290.077401673603,4,8
2025-01-31,23389.5,23395.35,23351.05,23351.2,09:55:00,23299.54622056183,4,9
2025-01-31,23393.05,23403.3,23388.5,23390.1,10:00:00,23308.45134241309,4,10
2025-01-31,23338.15,23393.15,23335.25,23393.05,10:05:00,23311.279785992792,4,11
2025-01-31,23340.2,23345.25,23314.8,23337.95,10:10:00,23314.03409208872,4,12
2025-01-31,23362.05,23362.05,23331.7,23340.2,10:15:00,23318.607035699315,4,13
2025-01-31,23388.75,23392.2,23357.85,23361.75,10:20:00,23325.287318013667,4,14
2025-01-31,23390.2,23397.2,23386.1,23389.8,10:25:00,23331.46947820284,4,15
2025-01-31,23409.55,23413.2,23388.4,23389.8,10:30:00,23338.905718374,4,16
2025-01-31,23393.35,23415.1,23392.65,23408.65,10:35:00,23344.090888052662,4,17
2025-01-31,23413.65,23414.65,23392.5,23393.15,10:40:00,23350.715565380982,4,18
2025-01-31,23418.7,23423.0,23409.65,23413.4,10:45:00,23357.190273439934,4,19
2025-01-31,23419.9,23423.95,23406.15,23416.8,10:50:00,23363.162628350416,4,20
2025-01-31,23430.8,23430.8,23416.55,23420.4,10:55:00,23369.604282793232,4,21
2025-01-31,23437.95,23439.35,23423.95,23430.7,11:00:00,23376.113398717687,4,22
2025-01-31,23420.05,23444.25,23418.5,23438.6,11:05:00,23380.29783693505,4,23
2025-01-31,23422.8,23430.3,23419.15,23420.15,11:10:00,23384.345661988853,4,24
2025-01-31,23436.5,23441.7,23421.85,23422.4,11:15:00,23389.31274179944,4,25
2025-01-31,23426.85,23448.25,23412.8,23436.2,11:20:00,23392.88771877092,4,26
2025-01-31,23403.45,23441.55,23403.45,23427.2,11:25:00,23393.89365031655,4,27
2025-01-31,23404.85,23411.9,23394.85,23403.65,11:30:00,23394.937112191164,4,28
2025-01-31,23400.05,23411.1,23388.45,23405.05,11:35:00,23395.424053887244,4,29
2025-01-31,23399.9,23403.35,23393.45,23399.75,11:40:00,23395.85033446941,4,30
2025-01-31,23415.55,23421.3,23400.0,23400.2,11:45:00,23397.72649309137,4,31
2025-01-31,23424.5,23425.55,23413.45,23415.8,11:50:00,23400.2763508922,4,32
2025-01-31,23431.55,23432.6,23422.1,23423.6,11:55:00,23403.254793664364,4,33
2025-01-31,23425.85,23439.75,23422.95,23431.85,12:00:00,23405.40671807728,4,34
2025-01-31,23435.65,23435.9,23422.25,23426.25,12:05:00,23408.28703064135,4,35
2025-01-31,23444.2,23449.05,23433.85,23435.95,12:10:00,23411.70731343741,4,36
2025-01-31,23437.35,23448.65,23435.95,23444.5,12:15:00,23414.14947406242,4,37
2025-01-31,23434.85,23438.7,23426.05,23437.25,12:20:00,23416.12095272314,4,38
2025-01-31,23434.85,23441.7,23430.8,23434.8,12:25:00,23417.90467151141,4,39
2025-01-31,23457.05,23462.2,23433.0,23434.7,12:30:00,23421.63279803413,4,40
2025-01-31,23468.95,23472.75,23452.45,23456.7,12:35:00,23426.13919822136,4,41
2025-01-31,23462.45,23477.4,23460.8,23469.4,12:40:00,23429.597369819327,4,42
2025-01-31,23468.7,23471.95,23455.65,23462.95,12:45:00,23433.32142983653,4,43
2025-01-31,23468.5,23472.55,23460.4,23469.25,12:50:00,23436.671769852102,4,44
2025-01-31,23480.85,23484.85,23466.4,23469.0,12:55:00,23440.87922034238,4,45
2025-01-31,23466.75,23494.9,23464.2,23480.35,13:00:00,23443.343104119296,4,46
2025-01-31,23482.85,23484.1,23463.6,23467.55,13:05:00,23447.105665631745,4,47
2025-01-31,23500.1,23502.55,23481.65,23484.5,13:10:00,23452.152745095387,4,48
2025-01-31,23508.8,23511.8,23497.9,23500.05,13:15:00,23457.54772175297,4,49
2025-01-31,23513.1,23516.65,23502.45,23509.25,13:20:00,23462.83841491935,4,50
2025-01-31,23522.5,23525.55,23507.95,23514.1,13:25:00,23468.52047064132,4,51
2025-01-31,23524.0,23530.65,23515.45,23521.8,13:30:00,23473.80423534214,4,52
2025-01-31,23508.55,23527.15,23507.05,23525.6,13:35:00,23477.113355785747,4,53
2025-01-31,23506.65,23515.2,23492.3,23508.5,13:40:00,23479.92636952044,4,54
2025-01-31,23501.9,23512.75,23497.25,23506.9,13:45:00,23482.01909623278,4,55
2025-01-31,23494.8,23507.5,23483.3,23501.95,13:50:00,23483.23632516299,4,56
2025-01-31,23481.8,23497.85,23478.45,23493.7,13:55:00,23483.09953229032,4,57
2025-01-31,23473.45,23484.85,23467.15,23482.7,14:00:00,23482.180529215053,4,58
2025-01-31,23438.85,23474.9,23434.8,23473.55,14:05:00,23478.05381214695,4,59
2025-01-31,23447.85,23449.45,23426.1,23437.1,14:10:00,23475.177258609147,4,60
2025-01-31,23436.9,23452.45,23422.6,23446.8,14:15:00,23471.531805408275,4,61
2025-01-31,23445.4,23452.3,23431.0,23437.45,14:20:00,23469.04306203606,4,62
2025-01-31,23444.5,23445.9,23428.95,23444.75,14:25:00,23466.70562755644,4,63
2025-01-31,23452.65,23453.3,23432.1,23443.3,14:30:00,23465.366996360583,4,64
2025-01-31,23463.3,23464.0,23445.35,23452.1,14:35:00,23465.170139564336,4,65
2025-01-31,23484.3,23486.5,23460.15,23462.25,14:40:00,23466.9920310344,4,66
2025-01-31,23485.7,23495.0,23477.25,23483.05,14:45:00,23468.773742364458,4,67
2025-01-31,23488.3,23501.1,23483.9,23483.9,14:50:00,23470.6333859488,4,68
2025-01-31,23494.15,23497.45,23478.7,23487.9,14:55:00,23472.873063477484,4,69
2025-01-31,23500.7,23500.75,23478.65,23493.55,15:00:00,23475.5232479082,4,70
2025-01-31,23505.6,23506.0,23484.7,23500.55,15:05:00,23478.38770048837,4,71
2025-01-31,23515.15,23518.05,23503.15,23505.85,15:10:00,23481.88887187043,4,72
2025-01-31,23515.7,23516.6,23498.25,23513.85,15:15:00,23485.10897931134,4,73
2025-01-31,23521.25,23522.55,23515.1,23516.05,15:20:00,23488.55098128169,4,74
2025-01-31,23533.85,23546.4,23517.35,23521.05,15:25:00,23492.865173540577,4,75
2025-02-01,23498.4,23591.6,23492.6,23538.3,09:15:00,23496.47149126564,5,1
2025-02-01,23494.4,23502.4,23479.7,23498.5,09:20:00,23496.2742063832,5,2
2025-02-01,23506.7,23507.75,23490.6,23494.15,09:25:00,23497.267139108608,5,3
2025-02-01,23562.65,23589.5,23506.2,23510.05,09:30:00,23503.49407824112,5,4
2025-02-01,23549.8,23566.4,23538.5,23562.8,09:35:00,23507.90416602768,5,5
2025-02-01,23558.85,23567.65,23542.95,23550.15,09:40:00,23512.75615021552,5,6
2025-02-01,23573.85,23578.55,23554.1,23558.8,09:45:00,23518.57461209976,5,7
2025-02-01,23578.25,23585.5,23567.8,23573.2,09:50:00,23524.25798237597,5,8
2025-02-01,23560.65,23584.75,23532.55,23577.0,09:55:00,23527.72388881636,5,9
2025-02-01,23559.55,23565.85,23550.5,23558.05,10:00:00,23530.75494702432,5,10
2025-02-01,23558.15,23588.05,23550.65,23560.65,10:05:00,23533.36399968867,5,11
2025-02-01,23555.9,23563.55,23549.1,23556.8,10:10:00,23535.510285432607,5,12
2025-02-01,23572.15,23578.45,23555.7,23555.7,10:15:00,23538.999782058072,5,13
2025-02-01,23570.9,23573.9,23555.7,23572.3,10:20:00,23542.03789805254,5,14
2025-02-01,23568.3,23574.2,23561.8,23570.8,10:25:00,23544.53905061896,5,15
2025-02-01,23563.65,23570.85,23560.05,23568.1,10:30:00,23546.35914103621,5,16
2025-02-01,23562.3,23567.15,23560.85,23564.2,10:35:00,23547.877318080376,5,17
2025-02-01,23581.7,23595.3,23560.9,23562.25,10:40:00,23551.098525882247,5,18
2025-02-01,23580.75,23586.5,23575.4,23583.7,10:45:00,23553.922475798223,5,19
2025-02-01,23586.65,23587.0,23578.3,23581.1,10:50:00,23557.039382865056,5,20
2025-02-01,23590.5,23601.95,23578.6,23586.75,10:55:00,23560.22610830648,5,21
2025-02-01,23561.0,23594.3,23530.8,23589.9,11:00:00,23560.29981227729,5,22
2025-02-01,23552.4,23564.1,23538.25,23561.75,11:05:00,23559.547449203263,5,23
2025-02-01,23582.95,23583.4,23550.6,23551.2,11:10:00,23561.77626356486,5,24
2025-02-01,23595.05,23600.2,23567.65,23581.55,11:15:00,23564.945190844395,5,25
2025-02-01,23599.9,23604.15,23587.9,23593.55,11:20:00,23568.274220287785,5,26
2025-02-01,23599.5,23603.8,23583.9,23599.35,11:25:00,23571.2481040699,5,27
2025-02-01,23624.55,23624.55,23593.35,23599.25,11:30:00,23576.32447511086,5,28
2025-02-01,23586.2,23632.35,23564.75,23625.25,11:35:00,23577.26500129078,5,29
2025-02-01,23627.25,23629.3,23587.4,23587.4,11:40:00,23582.02547735833,5,30
2025-02-01,23539.7,23629.05,23531.05,23628.25,11:45:00,23577.99447951468,5,31
2025-02-01,23396.6,23570.65,23376.2,23538.1,11:50:00,23560.71881479899,5,32
2025-02-01,23425.8,23457.85,23364.1,23397.2,11:55:00,23547.869403865752,5,33
2025-02-01,23467.8,23494.95,23403.15,23424.25,12:00:00,23540.24374635473,5,34
2025-02-01,23429.65,23468.45,23389.7,23468.45,12:05:00,23529.71100860666,5,35
2025-02-01,23447.05,23567.35,23403.45,23428.0,12:10:00,23521.838531596502,5,36
2025-02-01,23493.1,23509.4,23426.15,23449.1,12:15:00,23519.101528587315,5,37
2025-02-01,23521.0,23549.0,23472.45,23497.15,12:20:00,23519.28233538852,5,38
2025-02-01,23449.45,23540.7,23438.8,23521.7,12:25:00,23512.63163678009,5,39
2025-02-01,23414.9,23471.65,23410.8,23451.05,12:30:00,23503.32386184865,5,40
2025-02-01,23413.55,23431.25,23346.55,23413.4,12:35:00,23494.77397024402,5,41
2025-02-01,23418.45,23442.15,23403.75,23412.5,12:40:00,23487.505020696968,5,42
2025-02-01,23399.15,23430.1,23394.45,23418.75,12:45:00,23479.090256821062,5,43
2025-02-01,23398.1,23412.25,23395.95,23396.65,12:50:00,23471.376899028583,5,44
2025-02-01,23421.65,23421.65,23386.05,23397.35,12:55:00,23466.641003883,5,45
2025-02-01,23398.9,23428.35,23378.85,23421.5,13:00:00,23460.189479703666,5,46
2025-02-01,23359.8,23408.2,23356.65,23398.25,13:05:00,23450.628576874744,5,47
2025-02-01,23373.4,23375.45,23323.1,23357.9,13:10:00,23443.273474315243,5,48
2025-02-01,23354.75,23376.6,23341.6,23374.65,13:15:00,23434.8426672376,5,49
2025-02-01,23398.75,23402.2,23350.75,23355.2,13:20:00,23431.40527035783,5,50
2025-02-01,23442.1,23457.85,23397.1,23399.7,13:25:00,23432.42381603804,5,51
2025-02-01,23445.4,23470.65,23441.95,23442.45,13:30:00,23433.659643082035,5,52
2025-02-01,23461.75,23462.85,23424.45,23445.35,13:35:00,23436.33491516946,5,53
2025-02-01,23495.05,23495.05,23458.5,23462.95,13:40:00,23441.926828010462,5,54
2025-02-01,23488.1,23513.65,23472.85,23496.65,13:45:00,23446.32427296185,5,55
2025-02-01,23486.4,23511.3,23478.35,23489.4,13:50:00,23450.141008870247,5,56
2025-02-01,23495.25,23503.4,23485.65,23485.95,13:55:00,23454.43710326356,5,57
2025-02-01,23487.8,23508.5,23476.9,23495.15,14:00:00,23457.61452200036,5,58
2025-02-01,23526.0,23527.2,23483.55,23485.5,14:05:00,23464.127424667,5,59
2025-02-01,23520.25,23533.7,23516.9,23526.2,14:10:00,23469.472431841565,5,60
2025-02-01,23525.15,23529.35,23510.35,23520.9,14:15:00,23474.775057380462,5,61
2025-02-01,23543.55,23547.8,23526.05,23526.85,14:20:00,23481.325051915657,5,62
2025-02-01,23533.95,23547.95,23529.5,23544.8,14:25:00,23486.33695173321,5,63
2025-02-01,23478.0,23537.6,23472.1,23534.05,14:30:00,23485.54295633005,5,64
2025-02-01,23473.95,23508.75,23472.55,23477.7,14:35:00,23484.438865250995,5,65
2025-02-01,23471.55,23482.1,23454.95,23473.05,14:40:00,23483.21135427471,5,66
2025-02-01,23497.25,23505.5,23473.95,23475.05,14:45:00,23484.548368153308,5,67
2025-02-01,23495.9,23505.5,23479.4,23497.3,14:50:00,23485.62947594824,5,68
2025-02-01,23506.0,23511.15,23493.35,23497.1,14:55:00,23487.569525857925,5,69
2025-02-01,23496.9,23515.8,23483.65,23508.85,15:00:00,23488.458142442883,5,70
2025-02-01,23494.3,23501.3,23485.1,23497.2,15:05:00,23489.01450982928,5,71
2025-02-01,23481.2,23497.5,23479.3,23495.65,15:10:00,23488.270270797915,5,72
2025-02-01,23476.4,23481.1,23471.85,23480.75,15:15:00,23487.13976881716,5,73
2025-02-01,23471.5,23478.45,23463.35,23476.95,15:20:00,23485.65026702505,5,74
2025-02-01,23495.3,23499.75,23467.65,23471.45,15:25:00,23486.56928921314,5,75
2025-02-03,23263.0,23336.75,23247.1,23321.65,09:15:00,23450.86805760985,0,1
2025-02-03,23275.25,23285.2,23240.3,23261.5,09:20:00,23434.14252831368,0,2
2025-02-03,23335.1,23335.8,23268.0,23274.6,09:25:00,23424.709906569515,0,3
2025-02-03,23317.35,23343.85,23317.0,23334.2,09:30:00,23414.48515356289,0,4
2025-02-03,23288.45,23317.95,23271.5,23316.75,09:35:00,23402.48180560453,0,5
2025-02-03,23257.1,23315.7,23257.05,23288.25,09:40:00,23388.635919356475,0,6
2025-02-03,23225.3,23258.9,23223.05,23257.55,09:45:00,23373.080117513004,0,7
2025-02-03,23241.05,23248.05,23222.55,23227.0,09:50:00,23360.50582060701,0,8
2025-02-03,23246.55,23255.35,23235.25,23240.25,09:55:00,23349.6528853111,0,9
2025-02-03,23243.8,23260.05,23238.3,23248.8,10:00:00,23339.57165813861,0,10
2025-02-03,23261.85,23270.4,23242.9,23245.0,10:05:00,23332.16959545875,0,11
2025-02-03,23263.7,23277.35,23255.4,23261.25,10:10:00,23325.648681605533,0,12
2025-02-03,23245.5,23262.95,23239.7,23262.5,10:15:00,23318.015473833577,0,13
2025-02-03,23276.6,23284.65,23242.2,23247.0,10:20:00,23314.07114299228,0,14
2025-02-03,23282.1,23285.45,23266.65,23277.9,10:25:00,23311.02627223111,0,15
2025-02-03,23279.9,23287.75,23270.05,23282.0,10:30:00,23308.06186535196,0,16
2025-02-03,23272.8,23287.25,23271.0,23280.1,10:35:00,23304.703592461294,0,17
2025-02-03,23309.7,23315.65,23270.6,23273.85,10:40:00,23305.179440798314,0,18
2025-02-03,23314.1,23324.85,23308.65,23309.5,10:45:00,23306.02901786514,0,19
2025-02-03,23300.4,23317.5,23293.6,23314.45,10:50:00,23305.492920925604,0,20
2025-02-03,23317.55,23317.95,23298.3,23300.45,10:55:00,23306.641214170784,0,21
2025-02-03,23320.9,23328.35,23314.1,23318.0,11:00:00,23307.999193773565,0,22
2025-02-03,23311.9,23323.15,23310.95,23320.95,11:05:00,23308.370699128463,0,23
2025-02-03,23322.65,23324.75,23312.5,23313.65,11:10:00,23309.7306325448,0,24
2025-02-03,23333.0,23338.6,23320.75,23322.3,11:15:00,23311.94676277863,0,25
2025-02-03,23313.85,23334.55,23311.6,23332.15,11:20:00,23312.12802346637,0,26
2025-02-03,23290.5,23313.8,23285.95,23313.75,11:25:00,23310.068211707672,0,27
2025-02-03,23286.2,23293.75,23276.95,23289.95,11:30:00,23307.79504868789,0,28
2025-02-03,23270.9,23292.4,23269.3,23285.8,11:35:00,23304.28123452714,0,29
2025-02-03,23270.3,23276.4,23253.1,23271.65,11:40:00,23301.044926476938,0,30
2025-02-03,23278.85,23283.0,23263.65,23269.75,11:45:00,23298.931123955324,0,31
2025-02-03,23275.15,23283.85,23271.6,23278.4,11:50:00,23296.6662550072,0,32
2025-02-03,23281.35,23287.05,23274.9,23276.05,11:55:00,23295.207564054133,0,33
2025-02-03,23296.2,23299.2,23280.65,23281.25,12:00:00,23295.302081763264,0,34
2025-02-03,23298.35,23306.3,23296.1,23297.05,12:05:00,23295.59235969057,0,35
2025-02-03,23299.85,23305.5,23290.6,23298.3,12:10:00,23295.99784924385,0,36
2025-02-03,23278.1,23299.9,23276.7,23299.5,12:15:00,23294.293292173006,0,37
2025-02-03,23280.65,23281.85,23269.65,23277.45,12:20:00,23292.993931013672,0,38
2025-02-03,23288.6,23300.95,23280.3,23281.35,12:25:00,23292.575461393324,0,39
2025-02-03,23288.4,23295.4,23283.3,23288.75,12:30:00,23292.177798403485,0,40
2025-02-03,23271.85,23293.2,23271.1,23289.9,12:35:00,23290.24181760316,0,41
2025-02-03,23273.05,23281.5,23266.2,23273.2,12:40:00,23288.604501640948,0,42
2025-02-03,23270.25,23281.15,23264.7,23274.5,12:45:00,23286.85645386562,0,43
2025-02-03,23263.3,23274.1,23258.05,23270.65,12:50:00,23284.61298206889,0,44
2025-02-03,23281.05,23283.35,23263.15,23263.15,12:55:00,23284.273650443287,0,45
2025-02-03,23328.85,23338.9,23276.35,23282.85,13:00:00,23288.51901706773,0,46
2025-02-03,23351.55,23353.3,23311.85,23330.4,13:05:00,23294.521967823188,0,47
2025-02-03,23360.7,23361.6,23340.9,23352.85,13:10:00,23300.82463755432,0,48
2025-02-03,23348.15,23368.95,23344.65,23360.8,13:15:00,23305.33181493009,0,49
2025-02-03,23343.4,23357.15,23340.05,23349.55,13:20:00,23308.95735636532,0,50
2025-02-03,23331.7,23348.35,23328.0,23344.4,13:25:00,23311.123322425767,0,51
2025-02-03,23328.9,23339.7,23323.25,23332.85,13:30:00,23312.8163393376,0,52
2025-02-03,23338.35,23346.1,23326.45,23329.55,13:35:00,23315.248116543546,0,53
2025-02-03,23352.05,23355.35,23339.2,23339.6,13:40:00,23318.75305782511,0,54
2025-02-03,23350.05,23362.6,23344.1,23352.2,13:45:00,23321.733718984626,0,55
2025-02-03,23322.35,23350.45,23306.35,23350.25,13:50:00,23321.79241241466,0,56
2025-02-03,23325.55,23327.95,23316.8,23322.8,13:55:00,23322.15027789897,0,57
2025-02-03,23332.55,23344.1,23324.35,23326.8,14:00:00,23323.14072762289,0,58
2025-02-03,23344.05,23348.55,23331.9,23333.4,14:05:00,23325.132086896898,0,59
2025-02-03,23346.6,23355.45,23338.4,23344.6,14:10:00,23327.176650049576,0,60
2025-02-03,23349.5,23355.2,23342.95,23346.8,14:15:00,23329.302683378188,0,61
2025-02-03,23351.15,23356.7,23337.55,23350.0,14:20:00,23331.38338019932,0,62
2025-02-03,23361.05,23364.4,23350.05,23351.7,14:25:00,23334.208772561284,0,63
2025-02-03,23355.15,23362.55,23340.85,23361.8,14:30:00,23336.20317517449,0,64
2025-02-03,23349.1,23364.8,23346.1,23355.2,14:35:00,23337.431444205497,0,65
2025-02-03,23351.85,23356.05,23344.2,23349.55,14:40:00,23338.80463999545,0,66
2025-02-03,23331.65,23353.85,23329.85,23351.3,14:45:00,23338.12324571017,0,67
2025-02-03,23339.45,23341.15,23327.0,23331.95,14:50:00,23338.24960326158,0,68
2025-02-03,23355.05,23355.6,23338.6,23339.95,14:55:00,23339.849641046192,0,69
2025-02-03,23353.35,23369.55,23349.4,23354.35,15:00:00,23341.135389517985,0,70
2025-02-03,23375.4,23376.2,23352.8,23352.9,15:05:00,23344.398685754368,0,71
2025-02-03,23366.9,23381.35,23363.5,23374.55,15:10:00,23346.54166806348,0,72
2025-02-03,23357.95,23369.8,23352.7,23367.2,15:15:00,23347.62817586696,0,73
2025-02-03,23355.4,23361.1,23353.0,23357.7,15:20:00,23348.36834959391,0,74
2025-02-03,23359.7,23362.9,23349.95,23354.9,15:25:00,23349.44755439449,0,75
2025-02-04,23502.7,23511.85,23482.95,23501.05,09:15:00,23377.86885971975,1,1
2025-02-04,23522.3,23533.85,23501.5,23501.5,09:20:00,23391.624206413107,1,2
2025-02-04,23514.35,23533.45,23507.8,23522.45,09:25:00,23403.312377230908,1,3
2025-02-04,23510.6,23520.85,23482.7,23514.1,09:30:00,23413.530246066057,1,4
2025-02-04,23550.65,23556.55,23507.4,23511.25,09:35:00,23426.58927025024,1,5
2025-02-04,23572.4,23572.75,23550.7,23551.3,09:40:00,23440.476006416888,1,6
2025-02-04,23569.45,23581.7,23556.05,23572.2,09:45:00,23452.759243901,1,7
2025-02-04,23561.6,23575.35,23554.45,23569.05,09:50:00,23463.125030196137,1,8
2025-02-04,23557.95,23567.6,23555.3,23561.8,09:55:00,23472.155979701267,1,9
2025-02-04,23550.2,23573.35,23542.85,23557.75,10:00:00,23479.588743539243,1,10
2025-02-04,23540.9,23556.55,23534.0,23549.75,10:05:00,23485.42791082122,1,11
2025-02-04,23512.65,23555.35,23504.1,23540.3,10:10:00,23488.02049074301,1,12
2025-02-04,23525.35,23530.95,23509.4,23513.25,10:15:00,23491.57568210081,1,13
2025-02-04,23522.85,23534.5,23520.8,23526.5,10:20:00,23494.554188567407,1,14
2025-02-04,23500.95,23524.1,23484.4,23523.25,10:25:00,23495.16331346575,1,15
2025-02-04,23489.15,23511.95,23489.15,23501.6,10:30:00,23494.590616945203,1,16
2025-02-04,23427.25,23489.8,23424.55,23489.8,10:35:00,23488.177224855182,1,17
2025-02-04,23459.2,23464.15,23425.7,23426.45,10:40:00,23485.417489154694,1,18
2025-02-04,23461.6,23482.8,23446.65,23460.4,10:45:00,23483.149156854248,1,19
2025-02-04,23440.65,23469.8,23436.25,23461.0,10:50:00,23479.101618106222,1,20
2025-02-04,23466.55,23467.95,23441.5,23441.5,10:55:00,23477.90622590564,1,21
2025-02-04,23487.7,23496.05,23460.75,23466.85,11:00:00,23478.83896629557,1,22
2025-02-04,23499.1,23506.1,23486.4,23488.15,11:05:00,23480.76858855314,1,23
2025-02-04,23506.5,23511.2,23484.65,23498.85,11:10:00,23483.219199167128,1,24
2025-02-04,23522.75,23526.85,23493.9,23508.05,11:15:00,23486.98403734169,1,25
2025-02-04,23540.75,23551.45,23520.25,23523.1,11:20:00,23492.10460521391,1,26
2025-02-04,23529.2,23542.95,23524.1,23540.4,11:25:00,23495.63749995544,1,27
2025-02-04,23542.15,23551.4,23527.9,23528.2,11:30:00,23500.06726186445,1,28
2025-02-04,23557.05,23557.95,23542.15,23543.05,11:35:00,23505.49418930593,1,29
2025-02-04,23540.2,23559.1,23539.2,23555.55,11:40:00,23508.799504610124,1,30
2025-02-04,23598.1,23598.1,23538.9,23540.75,11:45:00,23517.30431369488,1,31
2025-02-04,23565.15,23616.4,23545.95,23599.0,11:50:00,23521.861045723934,1,32
2025-02-04,23546.25,23566.25,23542.6,23565.25,11:55:00,23524.183803274034,1,33
2025-02-04,23553.35,23553.45,23527.25,23547.45,12:00:00,23526.96153629556,1,34
2025-02-04,23549.9,23562.25,23536.0,23553.55,12:05:00,23529.146151886453,1,35
2025-02-04,23565.4,23571.15,23548.7,23550.1,12:10:00,23532.59889932584,1,36
2025-02-04,23589.6,23594.1,23563.95,23566.15,12:15:00,23538.02757558052,1,37
2025-02-04,23575.25,23591.15,23570.3,23590.0,12:20:00,23541.572568382377,1,38
2025-02-04,23577.6,23579.9,23562.15,23576.8,12:25:00,23545.00375234596,1,39
2025-02-04,23591.85,23605.65,23575.75,23577.75,12:30:00,23549.465299741583,1,40
2025-02-04,23586.5,23613.6,23586.5,23592.25,12:35:00,23552.992414051907,1,41
2025-02-04,23590.85,23601.9,23580.25,23587.05,12:40:00,23556.59789842792,1,42
2025-02-04,23606.2,23607.55,23583.55,23590.1,12:45:00,23561.32190810145,1,43
2025-02-04,23613.3,23631.1,23597.05,23605.75,12:50:00,23566.272202567976,1,44
2025-02-04,23619.05,23620.6,23607.2,23614.3,12:55:00,23571.298659466265,1,45
2025-02-04,23601.65,23626.1,23594.6,23619.95,13:00:00,23574.18926332662,1,46
2025-02-04,23626.5,23626.5,23580.8,23601.45,13:05:00,23579.17123824789,1,47
2025-02-04,23640.05,23642.3,23623.4,23627.2,13:10:00,23584.96921555762,1,48
2025-02-04,23634.9,23648.45,23625.4,23641.05,13:15:00,23589.724528361658,1,49
2025-02-04,23644.1,23659.1,23632.9,23635.55,13:20:00,23594.903144708165,1,50
2025-02-04,23649.5,23651.2,23639.75,23645.55,13:25:00,23600.10284521215,1,51
2025-02-04,23688.2,23688.2,23641.85,23650.55,13:30:00,23608.49305043004,1,52
2025-02-04,23681.75,23695.7,23673.55,23688.85,13:35:00,23615.46990277004,1,53
2025-02-04,23670.55,23686.4,23657.55,23682.45,13:40:00,23620.71562631575,1,54
2025-02-04,23698.75,23699.6,23663.6,23668.2,13:45:00,23628.147471428536,1,55
2025-02-04,23704.1,23712.5,23693.7,23700.15,13:50:00,23635.3810455782,1,56
2025-02-04,23679.95,23706.0,23679.7,23703.65,13:55:00,23639.625707904088,1,57
2025-02-04,23673.8,23691.15,23668.85,23680.3,14:00:00,23642.88040238941,1,58
2025-02-04,23690.05,23695.05,23664.75,23673.5,14:05:00,23647.37274501899,1,59
2025-02-04,23651.6,23691.4,23627.25,23691.4,14:10:00,23647.775340731467,1,60
2025-02-04,23649.95,23664.35,23637.8,23647.95,14:15:00,23647.982451137992,1,61
2025-02-04,23642.8,23661.65,23633.85,23650.8,14:20:00,23647.488884362945,1,62
2025-02-04,23647.05,23650.9,23634.45,23644.6,14:25:00,23647.447085852185,1,63
2025-02-04,23663.0,23682.45,23642.95,23647.7,14:30:00,23648.928315771023,1,64
2025-02-04,23696.65,23697.0,23659.25,23664.0,14:35:00,23653.473238078543,1,65
2025-02-04,23701.15,23708.35,23690.4,23696.15,14:40:00,23658.013882071064,1,66
2025-02-04,23719.1,23724.25,23684.6,23702.05,14:45:00,23663.831607588105,1,67
2025-02-04,23726.4,23733.25,23712.7,23718.5,14:50:00,23669.79050210353,1,68
2025-02-04,23748.75,23751.4,23724.0,23727.3,14:55:00,23677.310454284143,1,69
2025-02-04,23756.35,23759.8,23738.0,23749.9,15:00:00,23684.838030066607,1,70
2025-02-04,23749.45,23761.9,23737.55,23757.3,15:05:00,23690.99155101264,1,71
2025-02-04,23744.0,23752.75,23733.05,23749.05,15:10:00,23696.03997472572,1,72
2025-02-04,23738.55,23745.55,23726.95,23744.4,15:15:00,23700.088548561365,1,73
2025-02-04,23721.85,23743.05,23718.45,23738.35,15:20:00,23702.161067746,1,74
2025-02-04,23707.7,23724.6,23697.05,23721.75,15:25:00,23702.68858510352,1,75
2025-02-05,23769.25,23803.55,23761.2,23792.55,09:15:00,23717.56367170605,2,1
2025-02-05,23769.1,23780.85,23751.45,23766.05,09:20:00,23722.47189344833,2,2
2025-02-05,23764.1,23778.05,23758.35,23768.8,09:25:00,23726.43647502469,2,3
2025-02-05,23763.75,23777.8,23755.85,23764.0,09:30:00,23729.99014406996,2,4
2025-02-05,23788.7,23788.7,23763.2,23763.55,09:35:00,23735.581558920432,2,5
2025-02-05,23797.55,23799.95,23787.7,23788.25,09:40:00,23741.483315213725,2,6
2025-02-05,23774.55,23798.25,23773.1,23797.35,09:45:00,23744.63252328861,2,7
2025-02-05,23759.5,23782.1,23759.5,23772.9,09:50:00,23746.0484734516,2,8
2025-02-05,23753.75,23764.15,23741.0,23760.05,09:55:00,23746.78195217049,2,9
2025-02-05,23734.55,23770.4,23732.2,23754.15,10:00:00,23745.61700434473,2,10
2025-02-05,23749.85,23749.85,23726.55,23734.55,10:05:00,23746.02014678809,2,11
2025-02-05,23746.4,23760.65,23737.4,23749.05,10:10:00,23746.05632328446,2,12
2025-02-05,23738.55,23756.55,23732.8,23745.75,10:15:00,23745.34143535261,2,13
2025-02-05,23743.85,23746.65,23728.85,23737.95,10:20:00,23745.19939389045,2,14
2025-02-05,23774.35,23774.9,23745.95,23746.1,10:25:00,23747.97564209136,2,15
2025-02-05,23767.1,23776.4,23761.45,23774.0,10:30:00,23749.797009511232,2,16
2025-02-05,23767.7,23769.85,23759.15,23767.2,10:35:00,23751.502056224446,2,17
2025-02-05,23769.4,23775.9,23759.5,23767.1,10:40:00,23753.20662229831,2,18
2025-02-05,23773.6,23777.5,23766.6,23769.05,10:45:00,23755.14884874609,2,19
2025-02-05,23773.4,23786.3,23769.8,23773.95,10:50:00,23756.88705362741,2,20
2025-02-05,23757.1,23777.8,23752.15,23773.25,10:55:00,23756.907334234325,2,21
2025-02-05,23762.6,23770.35,23755.75,23756.85,11:00:00,23757.44949287868,2,22
2025-02-05,23731.05,23764.1,23728.45,23763.15,11:05:00,23754.935255461656,2,23
2025-02-05,23733.65,23739.25,23728.5,23732.8,11:10:00,23752.90808827483,2,24
2025-02-05,23715.2,23737.25,23714.6,23733.1,11:15:00,23749.316841772463,2,25
2025-02-05,23748.3,23749.55,23713.65,23715.5,11:20:00,23749.2199996989,2,26
2025-02-05,23751.6,23754.85,23745.45,23748.9,11:25:00,23749.446666394244,2,27
2025-02-05,23750.1,23752.45,23742.95,23751.25,11:30:00,23749.508888642413,2,28
2025-02-05,23754.5,23755.55,23749.65,23750.05,11:35:00,23749.984232581228,2,29
2025-02-05,23744.05,23754.3,23736.35,23753.55,11:40:00,23749.41906757349,2,30
2025-02-05,23750.35,23759.0,23743.6,23743.95,11:45:00,23749.507727804583,2,31
2025-02-05,23743.65,23751.25,23738.35,23749.65,11:50:00,23748.94984896605,2,32
2025-02-05,23741.25,23748.7,23738.6,23743.25,11:55:00,23748.216530016907,2,33
2025-02-05,23743.15,23745.25,23738.7,23742.1,12:00:00,23747.73400334863,2,34
2025-02-05,23736.95,23746.75,23735.05,23744.3,12:05:00,23746.706955410667,2,35
2025-02-05,23732.55,23740.6,23724.4,23736.7,12:10:00,23745.358673942985,2,36
2025-02-05,23748.8,23749.15,23728.85,23733.2,12:15:00,23745.68641928175,2,37
2025-02-05,23736.95,23753.85,23735.65,23749.2,12:20:00,23744.85437935016,2,38
2025-02-05,23738.45,23742.7,23731.3,23738.05,12:25:00,23744.244438459664,2,39
2025-02-05,23740.45,23741.2,23727.4,23739.45,12:30:00,23743.883063368263,2,40
2025-02-05,23737.0,23743.25,23734.05,23741.25,12:35:00,23743.22753352367,2,41
2025-02-05,23732.45,23742.1,23729.3,23736.85,12:40:00,23742.20110175951,2,42
2025-02-05,23721.35,23733.95,23719.65,23733.5,12:45:00,23740.21528254432,2,43
2025-02-05,23721.9,23724.65,23715.9,23721.8,12:50:00,23738.47096992105,2,44
2025-02-05,23723.65,23727.8,23715.0,23722.35,12:55:00,23737.05944897619,2,45
2025-02-05,23729.15,23734.3,23712.55,23722.05,13:00:00,23736.306168121315,2,46
2025-02-05,23744.6,23746.0,23719.55,23729.8,13:05:00,23737.09605687167,2,47
2025-02-05,23755.9,23756.35,23743.3,23745.15,13:10:00,23738.88690859818,2,48
2025-02-05,23758.4,23760.45,23751.35,23756.55,13:15:00,23740.745298255497,2,49
2025-02-05,23746.5,23760.7,23745.5,23759.25,13:20:00,23741.293365088302,2,50
2025-02-05,23749.3,23758.7,23745.35,23747.1,13:25:00,23742.05590174656,2,51
2025-02-05,23755.1,23757.8,23748.55,23750.65,13:30:00,23743.29819681832,2,52
2025-02-05,23747.75,23760.2,23744.95,23756.05,13:35:00,23743.72217807372,2,53
2025-02-05,23735.4,23748.75,23732.7,23748.75,13:40:00,23742.929589685744,2,54
2025-02-05,23739.1,23739.9,23732.05,23736.3,13:45:00,23742.564866858527,2,55
2025-02-05,23757.05,23757.4,23736.6,23740.65,13:50:00,23743.94440334819,2,56
2025-02-05,23770.7,23774.5,23757.05,23757.7,13:55:00,23746.492555410267,2,57
2025-02-05,23762.55,23771.1,23760.1,23770.5,14:00:00,23748.021835847383,2,58
2025-02-05,23753.4,23763.3,23753.1,23762.7,14:05:00,23748.534041957155,2,59
2025-02-05,23741.9,23754.35,23740.8,23753.75,14:10:00,23747.902228437422,2,60
2025-02-05,23740.75,23747.65,23736.05,23743.1,14:15:00,23747.22106382433,2,61
2025-02-05,23734.85,23745.85,23731.95,23739.85,14:20:00,23746.04286726964,2,62
2025-02-05,23737.25,23745.35,23734.9,23735.95,14:25:00,23745.2054513392,2,63
2025-02-05,23745.9,23750.25,23736.95,23737.85,14:30:00,23745.271598830703,2,64
2025-02-05,23741.8,23752.9,23741.1,23745.05,14:35:00,23744.94097037064,2,65
2025-02-05,23735.15,23742.55,23732.7,23742.1,14:40:00,23744.008497002003,2,66
2025-02-05,23727.6,23735.4,23725.35,23734.75,14:45:00,23742.44578300181,2,67
2025-02-05,23730.55,23731.75,23720.5,23728.0,14:50:00,23741.31285128735,2,68
2025-02-05,23730.25,23734.45,23727.1,23731.7,14:55:00,23740.25924640284,2,69
2025-02-05,23698.9,23731.25,23694.5,23730.65,15:00:00,23736.320270554952,2,70
2025-02-05,23699.3,23700.7,23680.65,23698.85,15:05:00,23732.7945305021,2,71
2025-02-05,23695.85,23702.1,23693.45,23699.75,15:10:00,23729.27600378761,2,72
2025-02-05,23698.4,23700.9,23691.1,23695.2,15:15:00,23726.33543199832,2,73
2025-02-05,23697.6,23700.45,23693.25,23698.8,15:20:00,23723.59872418896,2,74
2025-02-05,23686.75,23698.85,23685.1,23698.25,15:25:00,23720.089321885243,2,75
2025-02-06,23727.4,23771.3,23715.55,23766.75,09:15:00,23724.392619502432,3,1
2025-02-06,23701.25,23728.2,23690.5,23723.7,09:20:00,23722.1885605022,3,2
2025-02-06,23696.55,23702.75,23687.3,23702.75,09:25:00,23719.74679283532,3,3
2025-02-06,23656.85,23700.7,23652.45,23699.05,09:30:00,23713.7566220891,3,4
2025-02-06,23654.35,23669.65,23651.9,23656.25,09:35:00,23708.0988485568,3,5
2025-02-06,23660.2,23673.75,23642.35,23653.9,09:40:00,23703.53705345615,3,6
2025-02-06,23661.5,23676.85,23655.95,23661.2,09:45:00,23699.533524555565,3,7
2025-02-06,23651.3,23662.1,23635.75,23659.0,09:50:00,23694.93985555028,3,8
2025-02-06,23640.6,23654.05,23625.0,23649.6,09:55:00,23689.764631212154,3,9
2025-02-06,23651.15,23653.9,23627.6,23638.25,10:00:00,23686.087047287187,3,10
2025-02-06,23631.75,23661.9,23628.6,23650.75,10:05:00,23680.912090402693,3,11
2025-02-06,23627.8,23644.2,23619.85,23632.55,10:10:00,23675.853796078627,3,12
2025-02-06,23634.4,23638.95,23623.9,23627.3,10:15:00,23671.90581549971,3,13
2025-02-06,23647.75,23647.75,23631.2,23635.45,10:20:00,23669.6052616426,3,14
2025-02-06,23632.9,23651.2,23632.05,23647.9,10:25:00,23666.109522438543,3,15
2025-02-06,23633.8,23647.9,23626.55,23633.1,10:30:00,23663.032425063444,3,16
2025-02-06,23649.45,23650.65,23631.4,23634.1,10:35:00,23661.73886077169,3,17
2025-02-06,23646.0,23656.9,23641.75,23649.6,10:40:00,23660.239921650573,3,18
2025-02-06,23632.05,23648.2,23630.6,23647.35,10:45:00,23657.55516720766,3,19
2025-02-06,23636.05,23647.3,23629.95,23632.0,10:50:00,23655.507056045022,3,20
2025-02-06,23641.75,23645.35,23633.75,23636.15,10:55:00,23654.19686023121,3,21
2025-02-06,23630.9,23648.75,23625.65,23642.0,11:00:00,23651.978111637764,3,22
2025-02-06,23617.5,23633.2,23607.8,23631.05,11:05:00,23648.694481957977,3,23
2025-02-06,23616.35,23620.9,23605.0,23617.65,11:10:00,23645.61405510484,3,24
2025-02-06,23600.05,23616.95,23597.15,23616.95,11:15:00,23641.27462128533,3,25
2025-02-06,23605.95,23608.8,23597.9,23599.0,11:20:00,23637.91037163911,3,26
2025-02-06,23605.9,23612.6,23600.55,23606.2,11:25:00,23634.86176481633,3,27
2025-02-06,23607.95,23610.65,23594.6,23605.8,11:30:00,23632.29873959573,3,28
2025-02-06,23609.4,23616.3,23604.55,23607.9,11:35:00,23630.11790725328,3,29
2025-02-06,23612.55,23613.95,23604.05,23609.45,11:40:00,23628.44477322916,3,30
2025-02-06,23615.65,23626.5,23609.8,23611.35,11:45:00,23627.22622339781,3,31
2025-02-06,23607.6,23620.05,23603.1,23616.0,11:50:00,23625.357059264687,3,32
2025-02-06,23608.4,23611.15,23603.65,23606.65,11:55:00,23623.74210123948,3,33
2025-02-06,23610.15,23617.9,23608.15,23608.85,12:00:00,23622.44761540715,3,34
2025-02-06,23614.25,23620.0,23609.65,23610.05,12:05:00,23621.66689013028,3,35
2025-02-06,23619.45,23623.3,23611.7,23613.85,12:10:00,23621.45575773692,3,36
2025-02-06,23613.4,23625.6,23608.75,23620.3,12:15:00,23620.68854271436,3,37
2025-02-06,23625.1,23627.05,23610.4,23614.85,12:20:00,23621.10868150346,3,38
2025-02-06,23613.85,23629.25,23611.55,23625.7,12:25:00,23620.41737850313,3,39
2025-02-06,23605.05,23615.6,23600.45,23613.55,12:30:00,23618.95381864569,3,40
2025-02-06,23609.45,23610.55,23595.85,23604.5,12:35:00,23618.048693060387,3,41
2025-02-06,23607.0,23614.7,23602.55,23611.4,12:40:00,23616.996436578447,3,42
2025-02-06,23600.05,23610.2,23596.95,23606.7,12:45:00,23615.382490237644,3,43
2025-02-06,23588.3,23603.35,23585.45,23600.35,12:50:00,23612.803205453107,3,44
2025-02-06,23581.7,23597.85,23576.0,23589.45,12:55:00,23609.840995409955,3,45
2025-02-06,23581.45,23587.7,23579.05,23581.7,13:00:00,23607.137091085195,3,46
2025-02-06,23584.15,23592.25,23579.55,23581.6,13:05:00,23604.94784431517,3,47
2025-02-06,23586.2,23589.7,23580.25,23583.45,13:10:00,23603.162335332778,3,48
2025-02-06,23587.3,23591.25,23580.45,23586.3,13:15:00,23601.651636729657,3,49
2025-02-06,23596.25,23597.4,23582.9,23588.75,13:20:00,23601.13719513636,3,50
2025-02-06,23594.7,23603.75,23590.5,23596.5,13:25:00,23600.5241289329,3,51
2025-02-06,23596.3,23598.4,23587.1,23595.0,13:30:00,23600.12183093929,3,52
2025-02-06,23589.9,23600.15,23583.6,23596.45,13:35:00,23599.148323230787,3,53
2025-02-06,23588.75,23594.05,23581.4,23590.4,13:40:00,23598.158006732618,3,54
2025-02-06,23573.0,23589.75,23571.35,23588.3,13:45:00,23595.762006091416,3,55
2025-02-06,23568.2,23575.55,23562.55,23573.8,13:50:00,23593.13705313033,3,56
2025-02-06,23580.1,23591.65,23564.15,23569.15,13:55:00,23591.89542902268,3,57
2025-02-06,23589.65,23596.9,23578.4,23580.4,14:00:00,23591.681578639567,3,58
2025-02-06,23580.55,23593.15,23577.25,23590.3,14:05:00,23590.621428292943,3,59
2025-02-06,23573.0,23584.25,23570.0,23581.65,14:10:00,23588.943197026947,3,60
2025-02-06,23570.55,23580.5,23567.4,23573.3,14:15:00,23587.19146397676,3,61
2025-02-06,23570.9,23582.6,23567.1,23570.5,14:20:00,23585.639895978973,3,62
2025-02-06,23574.0,23579.35,23568.3,23570.85,14:25:00,23584.53133445717,3,63
2025-02-06,23566.05,23576.0,23556.4,23574.15,14:30:00,23582.771207366008,3,64
2025-02-06,23574.15,23581.0,23563.55,23566.8,14:35:00,23581.95013999781,3,65
2025-02-06,23575.75,23583.55,23572.95,23574.45,14:40:00,23581.359650474216,3,66
2025-02-06,23574.4,23578.65,23569.7,23575.25,14:45:00,23580.69682661953,3,67
2025-02-06,23572.3,23576.9,23567.2,23573.75,14:50:00,23579.89712884624,3,68
2025-02-06,23580.95,23582.65,23567.65,23572.2,14:55:00,23579.997402289457,3,69
2025-02-06,23603.75,23604.15,23578.35,23581.7,15:00:00,23582.259554452365,3,70
2025-02-06,23607.45,23610.6,23602.65,23604.95,15:05:00,23584.65864450452,3,71
2025-02-06,23595.9,23608.6,23587.0,23607.7,15:10:00,23585.7292497898,3,72
2025-02-06,23614.65,23614.65,23592.4,23596.1,15:15:00,23588.48360695268,3,73
2025-02-06,23616.85,23632.25,23611.35,23614.85,15:20:00,23591.185168195283,3,74
2025-02-06,23628.05,23633.7,23612.2,23616.9,15:25:00,23594.696104557635,3,75
2025-02-07,23583.9,23667.5,23582.0,23654.2,09:15:00,23598.390235250125,4,1
2025-02-07,23578.55,23593.6,23567.7,23583.9,09:20:00,23596.500689035827,4,2
2025-02-07,23594.45,23597.7,23574.9,23580.65,09:25:00,23596.30538531813,4,3
2025-02-07,23593.4,23603.95,23588.3,23593.15,09:30:00,23596.0286819545,4,4
2025-02-07,23608.2,23610.1,23591.35,23593.65,09:35:00,23597.187855101693,4,5
2025-02-07,23606.4,23616.2,23598.8,23608.3,09:40:00,23598.065202234862,4,6
2025-02-07,23587.95,23610.9,23580.55,23606.5,09:45:00,23597.10184964107,4,7
2025-02-07,23603.85,23607.65,23585.0,23587.55,09:50:00,23597.744530627635,4,8
2025-02-07,23605.35,23609.35,23593.85,23603.7,09:55:00,23598.46886104405,4,9
2025-02-07,23576.9,23610.05,23575.65,23606.55,10:00:00,23596.41468380176,4,10
2025-02-07,23653.45,23664.1,23573.75,23577.2,10:05:00,23601.846618677784,4,11
2025-02-07,23612.0,23658.55,23577.2,23652.45,10:10:00,23602.813607375138,4,12
2025-02-07,23549.5,23621.25,23524.1,23611.8,10:15:00,23597.736120958456,4,13
2025-02-07,23521.75,23569.2,23521.6,23548.55,10:20:00,23590.49934753384,4,14
2025-02-07,23536.6,23537.1,23493.95,23520.1,10:25:00,23585.366076340146,4,15
2025-02-07,23526.6,23547.15,23524.0,23536.2,10:30:00,23579.76930716489,4,16
2025-02-07,23565.35,23565.35,23523.05,23526.15,10:35:00,23578.39603981585,4,17
2025-02-07,23573.9,23581.8,23555.2,23564.75,10:40:00,23577.967845547675,4,18
2025-02-07,23558.9,23574.65,23555.2,23573.5,10:45:00,23576.15186025742,4,19
2025-02-07,23578.95,23579.4,23555.3,23558.8,10:50:00,23576.41834975672,4,20
2025-02-07,23613.2,23613.2,23579.2,23579.6,10:55:00,23579.9213640656,4,21
2025-02-07,23620.1,23624.2,23608.35,23611.9,11:00:00,23583.747900821258,4,22
2025-02-07,23627.0,23627.0,23612.9,23620.0,11:05:00,23587.867148362093,4,23
2025-02-07,23615.95,23629.25,23612.95,23625.7,11:10:00,23590.541705660944,4,24
2025-02-07,23646.65,23647.8,23613.0,23616.25,11:15:00,23595.885352740854,4,25
2025-02-07,23668.2,23669.05,23644.15,23647.1,11:20:00,23602.77246200363,4,26
2025-02-07,23681.25,23687.75,23666.2,23667.8,11:25:00,23610.24651324137,4,27
2025-02-07,23674.0,23694.2,23668.65,23681.95,11:30:00,23616.31827388506,4,28
2025-02-07,23653.0,23674.85,23652.5,23672.45,11:35:00,23619.811771610293,4,29
2025-02-07,23683.6,23686.95,23651.25,23652.6,11:40:00,23625.88684098074,4,30
2025-02-07,23666.95,23690.9,23666.55,23683.4,11:45:00,23629.797618030192,4,31
2025-02-07,23652.2,23674.15,23652.2,23666.25,11:50:00,23631.93117821779,4,32
2025-02-07,23646.6,23652.3,23644.1,23651.8,11:55:00,23633.32820886372,4,33
2025-02-07,23626.9,23653.45,23625.0,23647.0,12:00:00,23632.715998495743,4,34
2025-02-07,23611.05,23631.5,23607.9,23626.9,12:05:00,23630.652570067577,4,35
2025-02-07,23573.9,23615.5,23572.8,23609.9,12:10:00,23625.24756339448,4,36
2025-02-07,23580.85,23585.05,23569.2,23572.35,12:15:00,23621.019224023574,4,37
2025-02-07,23574.85,23584.5,23569.9,23581.65,12:20:00,23616.622155068948,4,38
2025-02-07,23593.55,23599.5,23567.4,23575.45,12:25:00,23614.424806967145,4,39
2025-02-07,23600.4,23610.55,23592.2,23593.2,12:30:00,23613.08911106552,4,40
2025-02-07,23577.35,23609.1,23576.55,23599.55,12:35:00,23609.68538620213,4,41
2025-02-07,23583.2,23586.45,23564.65,23576.8,12:40:00,23607.1629684686,4,42
2025-02-07,23577.4,23588.6,23570.75,23582.4,12:45:00,23604.32840004301,4,43
2025-02-07,23550.85,23578.7,23550.7,23576.15,12:50:00,23599.23521908654,4,44
2025-02-07,23557.35,23565.65,23550.25,23550.6,12:55:00,23595.246150602103,4,45
2025-02-07,23573.8,23579.95,23552.3,23555.7,13:00:00,23593.20366006857,4,46
2025-02-07,23559.7,23576.5,23556.95,23573.75,13:05:00,23590.01283530014,4,47
2025-02-07,23547.7,23564.4,23537.65,23559.8,13:10:00,23585.98304146203,4,48
2025-02-07,23555.2,23558.55,23544.9,23547.85,13:15:00,23583.051323227548,4,49
2025-02-07,23554.4,23568.3,23547.55,23554.8,13:20:00,23580.322625777306,4,50
2025-02-07,23567.7,23568.8,23546.1,23554.15,13:25:00,23579.12047094137,4,51
2025-02-07,23580.15,23582.7,23567.4,23567.4,13:30:00,23579.218521327908,4,52
2025-02-07,23576.9,23591.5,23576.5,23580.0,13:35:00,23578.99770977287,4,53
2025-02-07,23572.35,23584.3,23567.8,23576.75,13:40:00,23578.36459455641,4,54
2025-02-07,23554.7,23576.75,23554.7,23570.7,13:45:00,23576.11082364627,4,55
2025-02-07,23499.8,23559.7,23488.55,23554.95,13:50:00,23568.84312615615,4,56
2025-02-07,23511.25,23516.1,23496.65,23500.45,13:55:00,23563.35806652224,4,57
2025-02-07,23524.3,23530.05,23505.8,23510.75,14:00:00,23559.63825066297,4,58
2025-02-07,23475.0,23529.45,23474.65,23523.95,14:05:00,23551.577464885548,4,59
2025-02-07,23461.05,23481.1,23453.65,23476.15,14:10:00,23542.955801563112,4,60
2025-02-07,23449.25,23463.05,23444.25,23460.95,14:15:00,23534.031439509483,4,61
2025-02-07,23462.2,23467.3,23448.85,23449.8,14:20:00,23527.19035003239,4,62
2025-02-07,23466.95,23469.05,23450.75,23461.0,14:25:00,23521.45317383883,4,63
2025-02-07,23470.4,23474.65,23450.9,23466.9,14:30:00,23516.59096680656,4,64
2025-02-07,23486.6,23491.4,23469.0,23470.75,14:35:00,23513.73468425355,4,65
2025-02-07,23458.05,23489.6,23456.3,23485.2,14:40:00,23508.431380991307,4,66
2025-02-07,23467.9,23474.85,23450.25,23458.5,14:45:00,23504.571249468325,4,67
2025-02-07,23483.85,23495.2,23463.2,23466.8,14:50:00,23502.59779713801,4,68
2025-02-07,23490.3,23492.75,23477.65,23484.2,14:55:00,23501.426578362963,4,69
2025-02-07,23525.65,23529.55,23490.3,23490.8,15:00:00,23503.733570899825,4,70
2025-02-07,23555.7,23555.95,23518.6,23526.2,15:05:00,23508.682754623653,4,71
2025-02-07,23573.7,23574.75,23556.5,23557.25,15:10:00,23514.874873230925,4,72
2025-02-07,23575.6,23591.25,23562.2,23574.0,15:15:00,23520.6582186375,4,73
2025-02-07,23568.95,23577.85,23565.2,23576.9,15:20:00,23525.257435910124,4,74
2025-02-07,23563.15,23578.6,23557.35,23569.45,15:25:00,23528.86625153773,4,75
2025-02-10,23468.7,23552.65,23455.15,23547.6,09:15:00,23524.42294060118,0,1
2025-02-10,23497.4,23507.2,23457.45,23467.65,09:20:00,23521.84932721059,0,2
2025-02-10,23473.6,23499.05,23467.55,23496.9,09:25:00,23517.254153190534,0,3
2025-02-10,23443.2,23477.05,23420.3,23473.6,09:30:00,23510.2013766962,0,4
2025-02-10,23427.7,23446.3,23427.1,23442.25,09:35:00,23502.34410272513,0,5
2025-02-10,23408.25,23433.25,23403.85,23428.3,09:40:00,23493.38275960845,0,6
2025-02-10,23429.1,23429.1,23404.9,23408.4,09:45:00,23487.26059202669,0,7
2025-02-10,23450.0,23454.35,23421.9,23428.7,09:50:00,23483.711964214628,0,8
2025-02-10,23445.9,23459.55,23443.35,23449.35,09:55:00,23480.110824765616,0,9
2025-02-10,23444.65,23461.4,23444.65,23446.1,10:00:00,23476.733603359367,0,10
2025-02-10,23389.0,23445.85,23389.0,23445.7,10:05:00,23468.378022087047,0,11
2025-02-10,23373.1,23391.0,23366.45,23388.3,10:10:00,23459.30392474542,0,12
2025-02-10,23373.25,23375.05,23357.9,23372.35,10:15:00,23451.108312864904,0,13
2025-02-10,23380.65,23390.65,23371.7,23373.4,10:20:00,23444.39799735396,0,14
2025-02-10,23385.55,23390.75,23374.3,23380.8,10:25:00,23438.793426177395,0,15
2025-02-10,23371.65,23388.3,23369.25,23385.2,10:30:00,23432.3988141605,0,16
2025-02-10,23399.35,23402.4,23363.9,23370.95,10:35:00,23429.251308049978,0,17
2025-02-10,23397.2,23406.15,23383.85,23399.35,10:40:00,23426.19880252141,0,18
2025-02-10,23377.7,23397.5,23365.4,23396.55,10:45:00,23421.57986894794,0,19
2025-02-10,23392.85,23397.3,23376.9,23378.3,10:50:00,23418.843690952897,0,20
2025-02-10,23395.3,23400.4,23386.35,23393.05,10:55:00,23416.60143467167,0,21
2025-02-10,23396.35,23399.0,23380.45,23394.95,11:00:00,23414.6727266077,0,22
2025-02-10,23400.2,23400.55,23390.25,23396.4,11:05:00,23413.29437169268,0,23
2025-02-10,23401.3,23402.3,23385.7,23399.65,11:10:00,23412.15205057909,0,24
2025-02-10,23391.05,23403.3,23385.15,23400.8,11:15:00,23410.14233147632,0,25
2025-02-10,23385.8,23396.4,23376.85,23391.25,11:20:00,23407.82401419286,0,26
2025-02-10,23392.15,23399.55,23371.35,23385.6,11:25:00,23406.3312509364,0,27
2025-02-10,23399.85,23399.85,23379.85,23391.7,11:30:00,23405.71398894245,0,28
2025-02-10,23389.25,23401.65,23389.2,23400.45,11:35:00,23404.14598999555,0,29
2025-02-10,23388.6,23401.25,23380.0,23389.15,11:40:00,23402.665419519784,0,30
2025-02-10,23382.45,23400.35,23381.25,23387.95,11:45:00,23400.740141470284,0,31
2025-02-10,23386.7,23390.2,23371.9,23381.6,11:50:00,23399.40298513978,0,32
2025-02-10,23364.4,23388.65,23363.9,23386.65,11:55:00,23396.06936750742,0,33
2025-02-10,23359.1,23370.0,23338.55,23364.4,12:00:00,23392.54847536386,0,34
2025-02-10,23349.5,23365.55,23347.05,23358.95,12:05:00,23388.448620567306,0,35
2025-02-10,23352.65,23358.35,23339.85,23350.0,12:10:00,23385.03922813232,0,36
2025-02-10,23340.65,23359.6,23340.25,23351.4,12:15:00,23380.811682595908,0,37
2025-02-10,23357.15,23361.7,23338.8,23340.6,12:20:00,23378.558189015344,0,38
2025-02-10,23365.6,23371.25,23350.05,23357.35,12:25:00,23377.32407577579,0,39
2025-02-10,23351.45,23365.85,23350.65,23365.5,12:30:00,23374.85987808285,0,40
2025-02-10,23356.15,23360.4,23342.65,23351.65,12:35:00,23373.07798493211,0,41
2025-02-10,23363.85,23367.65,23347.15,23356.25,12:40:00,23372.19912922429,0,42
2025-02-10,23362.9,23370.0,23357.7,23363.4,12:45:00,23371.3134978696,0,43
2025-02-10,23357.25,23365.4,23348.5,23362.85,12:50:00,23369.97411712011,0,44
2025-02-10,23351.05,23363.15,23347.2,23356.85,12:55:00,23368.17182025153,0,45
2025-02-10,23351.85,23359.25,23347.6,23351.15,13:00:00,23366.61736117996,0,46
2025-02-10,23348.35,23357.6,23345.35,23350.5,13:05:00,23364.87761249615,0,47
2025-02-10,23353.85,23354.8,23344.0,23347.9,13:10:00,23363.827363687,0,48
2025-02-10,23335.55,23353.3,23332.05,23353.3,13:15:00,23361.13428143109,0,49
2025-02-10,23327.85,23349.9,23325.15,23336.15,13:20:00,23357.964349866223,0,50
2025-02-10,23351.95,23356.05,23326.95,23326.95,13:25:00,23357.39155464087,0,51
2025-02-10,23320.6,23351.8,23317.8,23351.65,13:30:00,23353.887597056026,0,52
2025-02-10,23337.7,23338.7,23320.7,23320.8,13:35:00,23352.345921145927,0,53
2025-02-10,23346.45,23349.0,23329.2,23337.45,13:40:00,23351.78440484632,0,54
2025-02-10,23351.4,23360.15,23342.2,23346.45,13:45:00,23351.747794860952,0,55
2025-02-10,23366.45,23377.0,23348.85,23352.25,13:50:00,23353.1480048742,0,56
2025-02-10,23360.0,23367.0,23350.45,23366.45,13:55:00,23353.800575838555,0,57
2025-02-10,23343.9,23361.9,23340.2,23359.85,14:00:00,23352.85766385393,0,58
2025-02-10,23338.25,23350.55,23335.85,23343.1,14:05:00,23351.466457772603,0,59
2025-02-10,23326.6,23343.65,23325.05,23338.0,14:10:00,23349.09822369902,0,60
2025-02-10,23331.55,23338.3,23325.4,23326.7,14:15:00,23347.42696429912,0,61
2025-02-10,23329.5,23334.2,23317.5,23331.8,14:20:00,23345.71963436586,0,62
2025-02-10,23338.75,23340.1,23325.45,23329.05,14:25:00,23345.05585966435,0,63
2025-02-10,23352.2,23358.35,23337.35,23338.6,14:30:00,23345.73625398203,0,64
2025-02-10,23368.7,23370.3,23352.25,23352.55,14:35:00,23347.923277412312,0,65
2025-02-10,23370.25,23392.2,23368.0,23368.0,14:40:00,23350.049631944472,0,66
2025-02-10,23373.15,23382.95,23360.1,23370.95,14:45:00,23352.24966699738,0,67
2025-02-10,23390.25,23391.4,23371.95,23373.5,14:50:00,23355.86874633096,0,68
2025-02-10,23400.4,23401.0,23382.6,23389.3,14:55:00,23360.10981810897,0,69
2025-02-10,23388.0,23409.9,23379.55,23400.9,15:00:00,23362.76602590812,0,70
2025-02-10,23385.85,23388.7,23371.6,23388.25,15:05:00,23364.964499631154,0,71
2025-02-10,23380.35,23393.7,23378.6,23385.7,15:10:00,23366.42978538057,0,72
2025-02-10,23379.15,23386.05,23370.85,23380.8,15:15:00,23367.641234391944,0,73
2025-02-10,23381.55,23382.35,23375.3,23379.3,15:20:00,23368.96587873557,0,74
2025-02-10,23376.05,23387.15,23372.1,23381.55,15:25:00,23369.640556951224,0,75
2025-02-11,23348.2,23383.55,23332.75,23383.55,09:15:00,23368.797145259392,1,1
2025-02-11,23313.15,23350.35,23312.5,23347.9,09:20:00,23363.49741713945,1,2
2025-02-11,23313.8,23319.75,23295.8,23313.6,09:25:00,23358.76432979284,1,3
2025-02-11,23310.35,23324.8,23298.9,23314.2,09:30:00,23354.15344124113,1,4
2025-02-11,23334.2,23346.7,23307.3,23310.5,09:35:00,23352.253113503884,1,5
2025-02-11,23340.35,23351.75,23325.2,23333.05,09:40:00,23351.11948364637,1,6
2025-02-11,23310.35,23343.35,23310.3,23339.95,09:45:00,23347.236675680047,1,7
2025-02-11,23300.95,23318.05,23293.15,23310.45,09:50:00,23342.828420853373,1,8
2025-02-11,23304.85,23307.75,23286.45,23300.7,09:55:00,23339.211428391147,1,9
2025-02-11,23291.9,23311.25,23287.4,23304.1,10:00:00,23334.70557806818,1,10
2025-02-11,23288.15,23301.25,23285.25,23292.0,10:05:00,23330.27171349026,1,11
2025-02-11,23278.55,23293.05,23271.05,23287.6,10:10:00,23325.345836015,1,12
2025-02-11,23266.15,23282.95,23263.75,23277.3,10:15:00,23319.7081373469,1,13
2025-02-11,23280.3,23283.0,23261.45,23264.9,10:20:00,23315.9549814091,1,14
2025-02-11,23287.05,23296.15,23272.4,23280.4,10:25:00,23313.20212603681,1,15
2025-02-11,23273.45,23292.0,23268.0,23289.0,10:30:00,23309.4162092714,1,16
2025-02-11,23274.25,23280.0,23267.6,23272.95,10:35:00,23306.067046483644,1,17
2025-02-11,23259.85,23278.4,23258.8,23274.35,10:40:00,23301.665423009013,1,18
2025-02-11,23262.85,23262.9,23251.0,23259.3,10:45:00,23297.968716055773,1,19
2025-02-11,23266.05,23279.35,23259.75,23262.95,10:50:00,23294.92883833617,1,20
2025-02-11,23272.45,23273.5,23264.35,23264.85,10:55:00,23292.787996589872,1,21
2025-02-11,23263.7,23274.2,23260.8,23272.45,11:00:00,23290.01771120036,1,22
2025-02-11,23280.75,23285.9,23263.3,23264.15,11:05:00,23289.13507203842,1,23
2025-02-11,23279.75,23287.9,23278.8,23280.5,11:10:00,23288.24125565381,1,24
2025-02-11,23288.75,23294.75,23275.3,23280.05,11:15:00,23288.289707496308,1,25
2025-02-11,23283.85,23301.75,23281.45,23288.4,11:20:00,23287.866878210945,1,26
2025-02-11,23259.55,23287.95,23259.5,23283.2,11:25:00,23285.170032667047,1,27
2025-02-11,23252.05,23262.25,23248.6,23259.8,11:30:00,23282.015743841614,1,28
2025-02-11,23264.05,23268.65,23250.3,23253.15,11:35:00,23280.3047206186,1,29
2025-02-11,23262.35,23272.15,23258.6,23264.4,11:40:00,23278.594747226354,1,30
2025-02-11,23258.9,23265.45,23252.6,23262.75,11:45:00,23276.71905701432,1,31
2025-02-11,23254.7,23259.55,23253.45,23258.65,11:50:00,23274.62200396533,1,32
2025-02-11,23248.95,23256.5,23245.85,23255.35,11:55:00,23272.17705120673,1,33
2025-02-11,23253.7,23256.65,23247.45,23249.15,12:00:00,23270.41733204419,1,34
2025-02-11,23247.2,23255.95,23247.15,23253.6,12:05:00,23268.2061575638,1,35
2025-02-11,23252.8,23261.4,23244.25,23247.05,12:10:00,23266.73890446248,1,36
2025-02-11,23246.55,23253.15,23244.3,23253.15,12:15:00,23264.81615165653,1,37
2025-02-11,23240.6,23257.4,23238.55,23246.25,12:20:00,23262.50985149876,1,38
2025-02-11,23245.95,23248.1,23238.45,23240.55,12:25:00,23260.9327227846,1,39
2025-02-11,23243.15,23246.8,23239.05,23246.2,12:30:00,23259.23913013844,1,40
2025-02-11,23234.8,23244.1,23233.85,23242.95,12:35:00,23256.91159393478,1,41
2025-02-11,23236.1,23241.65,23233.75,23234.85,12:40:00,23254.929537369564,1,42
2025-02-11,23211.75,23239.4,23211.75,23236.3,12:45:00,23250.817200477228,1,43
2025-02-11,23219.15,23221.5,23209.45,23212.0,12:50:00,23247.801276622253,1,44
2025-02-11,23184.9,23223.7,23177.95,23219.9,12:55:00,23241.810678848706,1,45
2025-02-11,23129.05,23184.9,23126.85,23184.9,13:00:00,23231.0715665774,1,46
2025-02-11,23124.85,23135.25,23116.55,23128.95,13:05:00,23220.95522690336,1,47
2025-02-11,23031.15,23128.1,23027.05,23125.15,13:10:00,23202.87853862685,1,48
2025-02-11,23088.1,23101.4,23023.15,23031.2,13:15:00,23191.947249233814,1,49
2025-02-11,23068.95,23093.6,23061.35,23089.0,13:20:00,23180.23322549726,1,50
2025-02-11,23042.7,23075.4,23040.55,23068.85,13:25:00,23167.13482306895,1,51
2025-02-11,23036.95,23056.0,23023.55,23043.1,13:30:00,23154.73626849096,1,52
2025-02-11,23070.85,23070.85,23027.05,23035.75,13:35:00,23146.747100063247,1,53
2025-02-11,23074.8,23083.7,23048.1,23072.6,13:40:00,23139.89499529532,1,54
2025-02-11,23066.2,23081.6,23057.85,23074.9,13:45:00,23132.87642431481,1,55
2025-02-11,23057.7,23074.3,23050.0,23065.1,13:50:00,23125.716764856257,1,56
2025-02-11,23043.85,23063.75,23037.3,23057.05,13:55:00,23117.919930108044,1,57
2025-02-11,23004.05,23052.05,23000.35,23043.5,14:00:00,23107.07517485966,1,58
2025-02-11,23001.75,23009.7,22986.8,23003.85,14:05:00,23097.044205825405,1,59
2025-02-11,23052.35,23054.0,23001.55,23001.95,14:10:00,23092.78761479441,1,60
2025-02-11,23022.75,23053.1,23015.65,23052.65,14:15:00,23086.11736576637,1,61
2025-02-11,23030.65,23036.2,23006.4,23022.75,14:20:00,23080.83475950291,1,62
2025-02-11,23018.5,23054.95,23018.5,23031.4,14:25:00,23074.89811574073,1,63
2025-02-11,23040.55,23042.4,23012.95,23018.3,14:30:00,23071.62686662256,1,64
2025-02-11,23025.35,23044.65,23014.7,23040.55,14:35:00,23067.219545991844,1,65
2025-02-11,23026.6,23028.55,23009.6,23025.35,14:40:00,23063.351017802142,1,66
2025-02-11,23050.2,23054.65,23027.45,23027.6,14:45:00,23062.098539916227,1,67
2025-02-11,23113.0,23113.95,23049.05,23049.2,14:50:00,23066.946298019444,1,68
2025-02-11,23055.35,23118.4,23033.95,23112.55,14:55:00,23065.84188868426,1,69
2025-02-11,23081.5,23086.85,23053.65,23055.75,15:00:00,23067.333137381,1,70
2025-02-11,23078.95,23084.9,23059.25,23081.4,15:05:00,23068.43950524948,1,71
2025-02-11,23073.75,23081.1,23066.85,23079.45,15:10:00,23068.94526665429,1,72
2025-02-11,23076.3,23080.8,23068.5,23073.4,15:15:00,23069.645717449115,1,73
2025-02-11,23070.75,23077.35,23060.4,23076.6,15:20:00,23069.750887215865,1,74
2025-02-11,23068.55,23074.65,23063.1,23073.75,15:25:00,23069.63651700483,1,75
2025-02-12,23032.25,23077.95,23019.75,23068.4,09:15:00,23064.452795099194,2,1
2025-02-12,23000.3,23047.65,22996.4,23031.55,09:20:00,23058.343005089748,2,2
2025-02-12,22979.2,23019.5,22979.2,22999.85,09:25:00,23050.80557603358,2,3
2025-02-12,22935.3,22986.4,22935.3,22978.85,09:30:00,23039.805044982764,2,4
2025-02-12,22924.95,22945.95,22919.45,22936.4,09:35:00,23028.86646927012,2,5
2025-02-12,22911.8,22932.3,22892.9,22925.45,09:40:00,23017.717281720583,2,6
2025-02-12,22858.6,22912.25,22858.3,22911.95,09:45:00,23002.56325489005,2,7
2025-02-12,22875.9,22876.55,22850.6,22858.8,09:50:00,22990.500087757668,2,8
2025-02-12,22840.75,22887.2,22829.15,22876.85,09:55:00,22976.23817463789,2,9
2025-02-12,22819.6,22840.35,22815.35,22840.15,10:00:00,22961.320253243804,2,10
2025-02-12,22844.45,22851.25,22817.45,22818.2,10:05:00,22950.18975293487,2,11
2025-02-12,22830.6,22866.3,22828.15,22844.05,10:10:00,22938.80025265536,2,12
2025-02-12,22856.15,22873.35,22799.35,22831.1,10:15:00,22930.92880002152,2,13
2025-02-12,22856.4,22858.25,22837.45,22855.9,10:20:00,22923.830819067083,2,14
2025-02-12,22857.85,22880.3,22845.0,22856.4,10:25:00,22917.546931536886,2,15
2025-02-12,22889.85,22890.75,22850.15,22857.4,10:30:00,22914.90912853337,2,16
2025-02-12,22914.65,22925.6,22877.15,22889.55,10:35:00,22914.88444962543,2,17
2025-02-12,22866.65,22916.85,22862.6,22913.85,10:40:00,22910.290692518247,2,18
2025-02-12,22941.55,22948.05,22867.5,22869.6,10:45:00,22913.26776942128,2,19
2025-02-12,22938.0,22954.45,22931.1,22942.05,10:50:00,22915.62321995258,2,20
2025-02-12,22923.05,22942.25,22911.6,22937.9,10:55:00,22916.33053233805,2,21
2025-02-12,22897.65,22929.65,22889.0,22923.25,11:00:00,22914.55143402014,2,22
2025-02-12,22936.95,22941.2,22872.2,22896.85,11:05:00,22916.684630780128,2,23
2025-02-12,22925.55,22944.8,22923.1,22936.85,11:10:00,22917.52895165821,2,24
2025-02-12,22933.4,22934.25,22905.6,22924.9,11:15:00,22919.040480071715,2,25
2025-02-12,22938.55,22940.2,22910.95,22933.4,11:20:00,22920.898529588696,2,26
2025-02-12,22928.2,22941.15,22922.35,22938.4,11:25:00,22921.59390772311,2,27
2025-02-12,22913.65,22949.4,22909.25,22926.9,11:30:00,22920.83734508281,2,28
2025-02-12,22928.4,22929.1,22895.9,22913.4,11:35:00,22921.557597932067,2,29
2025-02-12,23009.55,23009.55,22925.65,22928.75,11:40:00,22929.937826700443,2,30
2025-02-12,23004.6,23060.1,22985.05,23010.15,11:45:00,22937.04850987183,2,31
2025-02-12,23024.35,23025.75,22973.4,23004.05,11:50:00,22945.362937503083,2,32
2025-02-12,23051.0,23077.4,23014.95,23024.8,11:55:00,22955.42361012184,2,33
2025-02-12,23058.0,23072.95,23050.75,23051.3,12:00:00,22965.192790110235,2,34
2025-02-12,23033.25,23058.25,23022.8,23057.7,12:05:00,22971.67442914736,2,35
2025-02-12,23044.4,23053.1,23031.25,23033.3,12:10:00,22978.60067399047,2,36
2025-02-12,23016.1,23053.85,23011.6,23044.9,12:15:00,22982.17203837233,2,37
2025-02-12,23015.2,23037.75,23013.2,23016.1,12:20:00,22985.317558527346,2,38
2025-02-12,23016.8,23028.75,22997.3,23014.5,12:25:00,22988.315886286644,2,39
2025-02-12,23069.5,23087.6,23017.05,23017.05,12:30:00,22996.047706640296,2,40
2025-02-12,23046.75,23072.25,23046.7,23068.65,12:35:00,23000.87649648408,2,41
2025-02-12,23042.45,23062.35,23030.65,23047.15,12:40:00,23004.835877771307,2,42
2025-02-12,23070.3,23084.95,23045.6,23045.6,12:45:00,23011.070556078805,2,43
2025-02-12,23066.9,23110.5,23066.9,23070.25,12:50:00,23016.38764597606,2,44
2025-02-12,23074.9,23079.1,23056.9,23066.1,12:55:00,23021.9602511212,2,45
2025-02-12,23067.05,23090.4,23051.7,23074.3,13:00:00,23026.25451291918,2,46
2025-02-12,23080.5,23102.65,23057.55,23067.3,13:05:00,23031.42074978401,2,47
2025-02-12,23103.05,23119.75,23081.55,23081.55,13:10:00,23038.24258313792,2,48
2025-02-12,23104.35,23113.4,23087.15,23105.45,13:15:00,23044.53852760098,2,49
2025-02-12,23115.5,23125.2,23093.0,23103.45,13:20:00,23051.29676306756,2,50
2025-02-12,23120.8,23126.35,23108.15,23115.7,13:25:00,23057.916118965884,2,51
2025-02-12,23122.6,23144.5,23110.95,23121.1,13:30:00,23064.07648858818,2,52
2025-02-12,23127.1,23133.25,23107.9,23123.0,13:35:00,23070.07872777026,2,53
2025-02-12,23100.15,23130.4,23061.9,23127.25,13:40:00,23072.942658458804,2,54
2025-02-12,23042.05,23101.45,23040.3,23101.45,13:45:00,23070.000500510345,2,55
2025-02-12,23031.7,23055.9,23029.8,23042.15,13:50:00,23066.35283379508,2,56
2025-02-12,23001.3,23038.8,22997.7,23032.85,13:55:00,23060.15732581459,2,57
2025-02-12,23011.7,23020.95,22997.35,23002.25,14:00:00,23055.54234240368,2,58
2025-02-12,22965.15,23031.2,22964.6,23011.75,14:05:00,23046.933547889043,2,59
2025-02-12,23002.25,23008.25,22964.55,22964.6,14:10:00,23042.67797189961,2,60
2025-02-12,22998.4,23006.95,22989.35,23002.3,14:15:00,23038.46102219489,2,61
2025-02-12,22994.45,23030.6,22993.45,22998.6,14:20:00,23034.269496271565,2,62
2025-02-12,22998.25,23005.55,22980.75,22994.5,14:25:00,23030.839068055226,2,63
2025-02-12,22976.15,22998.65,22970.05,22998.5,14:30:00,23025.6305853833,2,64
2025-02-12,22971.0,22979.9,22956.65,22976.05,14:35:00,23020.42767248965,2,65
2025-02-12,22991.45,23009.35,22968.15,22971.4,14:40:00,23017.667894157305,2,66
2025-02-12,22976.05,22994.5,22972.95,22990.75,14:45:00,23013.704285189942,2,67
2025-02-12,22983.55,22985.9,22968.0,22977.15,14:50:00,23010.83244850519,2,68
2025-02-12,22989.45,22998.35,22980.2,22983.45,14:55:00,23008.79602483803,2,69
2025-02-12,23030.95,23031.65,22988.7,22988.7,15:00:00,23010.90592723441,2,70
2025-02-12,23043.95,23059.65,23030.95,23030.95,15:05:00,23014.05298178352,2,71
2025-02-12,23051.55,23054.5,23039.2,23045.3,15:10:00,23017.62412637557,2,72
2025-02-12,23046.0,23061.35,23043.15,23050.85,15:15:00,23020.326590530272,2,73
2025-02-12,23057.95,23060.65,23045.75,23045.75,15:20:00,23023.909772384533,2,74
2025-02-12,23057.8,23063.2,23048.0,23057.8,15:25:00,23027.137413109816,2,75
2025-02-13,23080.45,23110.8,23055.85,23055.85,09:15:00,23034.680286015064,3,1
2025-02-13,23013.65,23096.9,22997.65,23081.45,09:20:00,23032.67740163268,3,2
2025-02-13,23025.25,23046.25,22992.65,23011.55,09:25:00,23031.97003004861,3,3
2025-02-13,23103.2,23106.65,23024.55,23024.9,09:30:00,23038.75383671065,3,4
2025-02-13,23101.4,23120.4,23087.75,23103.65,09:35:00,23044.7201379763,3,5
2025-02-13,23119.6,23128.55,23098.8,23101.15,09:40:00,23051.851553407127,3,6
2025-02-13,23133.8,23140.7,23119.35,23119.35,09:45:00,23059.65616736836,3,7
2025-02-13,23173.3,23174.45,23130.2,23133.7,09:50:00,23070.47938952375,3,8
2025-02-13,23173.95,23189.5,23157.8,23174.25,09:55:00,23080.33373337863,3,9
2025-02-13,23186.65,23191.85,23167.75,23176.5,10:00:00,23090.45909210448,3,10
2025-02-13,23170.6,23192.0,23164.8,23186.45,10:05:00,23098.09155952309,3,11
2025-02-13,23171.7,23185.75,23156.45,23170.1,10:10:00,23105.10188718756,3,12
2025-02-13,23176.0,23190.6,23172.0,23172.0,10:15:00,23111.854088407792,3,13
2025-02-13,23158.4,23181.2,23147.65,23175.9,10:20:00,23116.28703236896,3,14
2025-02-13,23147.4,23163.9,23131.75,23157.55,10:25:00,23119.25017214334,3,15
2025-02-13,23170.75,23177.5,23138.55,23147.45,10:30:00,23124.154917653497,3,16
2025-02-13,23202.9,23206.6,23170.0,23170.6,10:35:00,23131.654449305544,3,17
2025-02-13,23190.5,23208.9,23190.25,23202.35,10:40:00,23137.25878746692,3,18
2025-02-13,23185.7,23201.65,23179.75,23191.2,10:45:00,23141.8722362796,3,19
2025-02-13,23190.8,23192.25,23177.55,23185.7,10:50:00,23146.532023300584,3,20
2025-02-13,23176.55,23190.6,23173.05,23190.6,10:55:00,23149.39087822433,3,21
2025-02-13,23179.5,23205.0,23169.8,23177.0,11:00:00,23152.25841363154,3,22
2025-02-13,23168.1,23187.55,23159.4,23179.55,11:05:00,23153.767136142826,3,23
2025-02-13,23181.3,23181.3,23160.85,23168.15,11:10:00,23156.38931365303,3,24
2025-02-13,23193.25,23195.9,23179.8,23181.4,11:15:00,23159.89985520989,3,25
2025-02-13,23190.15,23193.7,23183.5,23192.3,11:20:00,23162.780821380373,3,26
2025-02-13,23196.9,23199.9,23185.75,23190.05,11:25:00,23166.0302669632,3,27
2025-02-13,23201.95,23205.85,23193.75,23197.0,11:30:00,23169.45119391908,3,28
2025-02-13,23200.1,23210.15,23195.2,23202.1,11:35:00,23172.37012783155,3,29
2025-02-13,23222.45,23226.45,23194.05,23199.85,11:40:00,23177.13963946664,3,30
2025-02-13,23219.9,23234.05,23207.9,23223.6,11:45:00,23181.21205475553,3,31
2025-02-13,23223.65,23235.2,23216.85,23219.95,11:50:00,23185.25376382644,3,32
2025-02-13,23220.85,23226.9,23215.8,23223.7,11:55:00,23188.64388155725,3,33
2025-02-13,23219.95,23225.8,23217.5,23220.75,12:00:00,23191.62541664704,3,34
2025-02-13,23213.55,23224.55,23211.0,23220.1,12:05:00,23193.713472204465,3,35
2025-02-13,23195.8,23216.45,23185.25,23212.65,12:10:00,23193.91218913737,3,36
2025-02-13,23205.8,23210.0,23190.1,23195.7,12:15:00,23195.04436160048,3,37
2025-02-13,23190.6,23205.9,23183.2,23205.65,12:20:00,23194.6210890671,3,38
2025-02-13,23195.1,23200.9,23188.5,23191.4,12:25:00,23194.666699632136,3,39
2025-02-13,23203.1,23206.85,23189.1,23195.75,12:30:00,23195.469871095745,3,40
2025-02-13,23191.05,23204.3,23189.2,23202.85,12:35:00,23195.048930991383,3,41
2025-02-13,23195.1,23198.05,23176.15,23191.55,12:40:00,23195.05379470649,3,42
2025-02-13,23197.45,23206.55,23190.6,23194.7,12:45:00,23195.282004734443,3,43
2025-02-13,23188.15,23198.6,23182.7,23197.0,12:50:00,23194.60276618831,3,44
2025-02-13,23190.2,23191.65,23183.4,23188.2,12:55:00,23194.183455122755,3,45
2025-02-13,23185.55,23200.65,23177.45,23191.15,13:00:00,23193.361221301537,3,46
2025-02-13,23181.5,23186.7,23179.25,23185.6,13:05:00,23192.23158117758,3,47
2025-02-13,23153.1,23182.8,23153.1,23180.8,13:10:00,23188.50476392257,3,48
2025-02-13,23166.7,23170.65,23144.05,23152.75,13:15:00,23186.42811973947,3,49
2025-02-13,23155.7,23177.65,23154.7,23166.1,13:20:00,23183.501632145235,3,50
2025-02-13,23151.05,23161.2,23131.85,23155.8,13:25:00,23180.411000512355,3,51
2025-02-13,23109.65,23153.5,23105.45,23150.8,13:30:00,23173.671857606416,3,52
2025-02-13,23080.4,23110.1,23072.05,23107.55,13:35:00,23164.78882354866,3,53
2025-02-13,23086.2,23092.15,23054.55,23079.9,13:40:00,23157.304173686884,3,54
2025-02-13,23057.8,23087.8,23055.15,23087.15,13:45:00,23147.827585716703,3,55
2025-02-13,23066.15,23086.75,23043.6,23058.15,13:50:00,23140.0487680294,3,56
2025-02-13,23078.3,23097.05,23065.0,23068.0,13:55:00,23134.16793297898,3,57
2025-02-13,23098.4,23102.0,23077.9,23077.9,14:00:00,23130.761463171457,3,58
2025-02-13,23044.25,23099.4,23042.5,23097.5,14:05:00,23122.522276202748,3,59
2025-02-13,23063.0,23063.3,23032.7,23044.3,14:10:00,23116.85348799296,3,60
2025-02-13,23056.8,23074.5,23050.5,23063.65,14:15:00,23111.13410818411,3,61
2025-02-13,23053.65,23066.45,23046.15,23054.65,14:20:00,23105.6594312142,3,62
2025-02-13,23056.6,23066.05,23047.35,23055.15,14:25:00,23100.98710443189,3,63
2025-02-13,23032.1,23056.8,23028.15,23056.75,14:30:00,23094.42642781933,3,64
2025-02-13,23023.35,23032.15,23004.7,23032.15,14:35:00,23087.657244217487,3,65
2025-02-13,23022.2,23035.45,23007.8,23023.2,14:40:00,23081.42322095868,3,66
2025-02-13,23043.6,23045.05,23016.55,23022.35,14:45:00,23077.821009438805,3,67
2025-02-13,23055.7,23056.6,23029.55,23043.35,14:50:00,23075.71424663511,3,68
2025-02-13,23050.85,23056.4,23040.25,23055.95,14:55:00,23073.34622314605,3,69
2025-02-13,23024.75,23063.8,23019.25,23052.15,15:00:00,23068.71801141785,3,70
2025-02-13,23040.6,23040.6,23019.75,23025.5,15:05:00,23066.040105568536,3,71
2025-02-13,23030.15,23044.05,23022.55,23040.5,15:10:00,23062.622000276293,3,72
2025-02-13,23030.5,23039.65,23028.7,23030.4,15:15:00,23059.56276215474,3,73
2025-02-13,23023.8,23035.3,23022.0,23030.05,15:20:00,23056.15678480667,3,74
2025-02-13,23019.4,23028.1,23014.4,23023.6,15:25:00,23052.656138634604,3,75
2025-02-14,23093.1,23133.25,23089.2,23096.7,09:15:00,23060.28155566234,4,1
2025-02-14,23087.7,23100.5,23067.5,23092.05,09:20:00,23062.892836075447,4,2
2025-02-14,23029.35,23090.55,23026.95,23088.2,09:25:00,23059.698280258737,4,3
2025-02-14,23020.85,23039.55,23010.0,23027.2,09:30:00,23055.99844404362,4,4
2025-02-14,23059.4,23070.95,23007.3,23020.0,09:35:00,23056.32240175375,4,5
2025-02-14,23043.2,23063.0,23034.7,23059.25,09:40:00,23055.072649205773,4,6
2025-02-14,23049.2,23052.95,23024.1,23042.9,09:45:00,23054.513349281417,4,7
2025-02-14,23017.9,23074.4,23017.9,23048.75,09:50:00,23051.02636363557,4,8
2025-02-14,23051.05,23065.5,23016.8,23018.35,09:55:00,23051.028614717896,4,9
2025-02-14,23070.65,23074.15,23047.85,23050.5,10:00:00,23052.897318078096,4,10
2025-02-14,23069.75,23094.35,23055.7,23070.9,10:05:00,23054.502335403995,4,11
2025-02-14,23043.0,23070.1,23041.55,23069.05,10:10:00,23053.40687488933,4,12
2025-02-14,23073.8,23079.3,23041.0,23042.75,10:15:00,23055.34907728082,4,13
2025-02-14,23078.3,23080.75,23060.0,23073.75,10:20:00,23057.53487944456,4,14
2025-02-14,23032.65,23082.25,23031.2,23078.6,10:25:00,23055.164890926026,4,15
2025-02-14,23026.15,23045.55,23025.3,23033.05,10:30:00,23052.401567980687,4,16
2025-02-14,22951.75,23029.8,22946.15,23029.15,10:35:00,23042.81570436348,4,17
2025-02-14,22924.0,22954.25,22920.2,22951.15,10:40:00,23031.49992299553,4,18
2025-02-14,22898.65,22934.15,22886.15,22923.9,10:45:00,23018.847549376907,4,19
2025-02-14,22904.1,22912.55,22890.5,22899.25,10:50:00,23007.91921134101,4,20
2025-02-14,22912.2,22915.7,22900.15,22903.0,10:55:00,22998.8030959752,4,21
2025-02-14,22874.1,22919.6,22873.0,22912.0,11:00:00,22986.92661064423,4,22
2025-02-14,22846.3,22875.75,22845.2,22873.55,11:05:00,22973.533600106683,4,23
2025-02-14,22893.95,22901.65,22843.35,22844.7,11:10:00,22965.95420962033,4,24
2025-02-14,22863.25,22895.05,22862.75,22893.35,11:15:00,22956.172856323155,4,25
2025-02-14,22862.5,22886.05,22856.35,22863.05,11:20:00,22947.25163191143,4,26
2025-02-14,22854.8,22878.1,22854.7,22862.55,11:25:00,22938.44671458653,4,27
2025-02-14,22871.65,22880.4,22848.85,22854.55,11:30:00,22932.08512272115,4,28
2025-02-14,22848.6,22878.95,22846.75,22871.8,11:35:00,22924.13415865247,4,29
2025-02-14,22901.15,22902.0,22846.05,22848.5,11:40:00,22921.94519116176,4,30
2025-02-14,22889.25,22908.65,22888.85,22902.5,11:45:00,22918.83136343207,4,31
2025-02-14,22897.9,22905.8,22886.95,22889.0,11:50:00,22916.83790024806,4,32
2025-02-14,22918.7,22922.35,22889.35,22897.5,11:55:00,22917.01524308158,4,33
2025-02-14,22850.1,22921.95,22849.75,22919.45,12:00:00,22910.642362788098,4,34
2025-02-14,22824.85,22865.15,22818.6,22849.8,12:05:00,22902.471661570184,4,35
2025-02-14,22842.05,22846.05,22821.95,22825.4,12:10:00,22896.71721761112,4,36
2025-02-14,22826.55,22852.4,22826.55,22842.2,12:15:00,22890.03462545768,4,37
2025-02-14,22831.85,22840.35,22815.25,22826.7,12:20:00,22884.49323255695,4,38
2025-02-14,22847.7,22857.95,22830.55,22832.45,12:25:00,22880.98911517057,4,39
2025-02-14,22836.45,22848.5,22832.15,22847.4,12:30:00,22876.74729467814,4,40
2025-02-14,22865.3,22866.95,22834.55,22836.25,12:35:00,22875.65707613737,4,41
2025-02-14,22835.95,22865.55,22834.8,22865.25,12:40:00,22871.875449838568,4,42
2025-02-14,22823.5,22846.2,22823.05,22835.65,12:45:00,22867.268264139657,4,43
2025-02-14,22827.85,22852.7,22820.75,22823.55,12:50:00,22863.514143745404,4,44
2025-02-14,22802.7,22838.1,22801.7,22828.4,12:55:00,22857.72232053156,4,45
2025-02-14,22786.4,22815.3,22775.5,22803.4,13:00:00,22850.929718576168,4,46
2025-02-14,22788.15,22801.8,22785.1,22786.7,13:05:00,22844.95069775939,4,47
2025-02-14,22806.35,22812.15,22787.15,22788.3,13:10:00,22841.27444082992,4,48
2025-02-14,22830.85,22841.95,22800.4,22805.9,13:15:00,22840.28163694136,4,49
2025-02-14,22832.1,22850.15,22820.05,22830.95,13:20:00,22839.50243342313,4,50
2025-02-14,22839.0,22849.75,22827.45,22832.35,13:25:00,22839.45458262093,4,51
2025-02-14,22838.35,22845.05,22825.45,22838.95,13:30:00,22839.34938427608,4,52
2025-02-14,22801.95,22838.45,22794.9,22838.45,13:35:00,22835.787538154545,4,53
2025-02-14,22812.1,22816.85,22799.45,22801.95,13:40:00,22833.531582139825,4,54
2025-02-14,22792.95,22818.05,22792.75,22813.05,13:45:00,22829.66666955508,4,55
2025-02-14,22789.3,22805.55,22786.95,22793.65,13:50:00,22825.822224835552,4,56
2025-02-14,22791.95,22801.9,22785.6,22788.95,13:55:00,22822.59629866074,4,57
2025-02-14,22777.25,22797.95,22776.0,22792.0,14:00:00,22818.2776035502,4,58
2025-02-14,22790.5,22811.8,22775.95,22777.2,14:05:00,22815.6321174978,4,59
2025-02-14,22802.05,22802.05,22778.6,22789.5,14:10:00,22814.338582498007,4,60
2025-02-14,22855.6,22857.6,22799.2,22801.95,14:15:00,22818.26824130772,4,61
2025-02-14,22839.0,22876.85,22836.3,22855.85,14:20:00,22820.242694516503,4,62
2025-02-14,22860.45,22864.85,22833.95,22838.8,14:25:00,22824.071961705413,4,63
2025-02-14,22892.8,22893.25,22853.35,22859.95,14:30:00,22830.61748916204,4,64
2025-02-14,22910.85,22938.2,22894.6,22894.6,14:35:00,22838.258680670417,4,65
2025-02-14,22961.3,22966.45,22910.25,22910.25,14:40:00,22849.976901558948,4,66
2025-02-14,22947.0,22963.45,22930.8,22961.15,14:45:00,22859.217196648573,4,67
2025-02-14,22943.25,22963.1,22935.45,22946.3,14:50:00,22867.22032077728,4,68
2025-02-14,22937.95,22943.8,22893.6,22943.8,14:55:00,22873.95648070325,4,69
2025-02-14,22927.6,22958.95,22926.0,22938.7,15:00:00,22879.06538730294,4,70
2025-02-14,22924.95,22937.6,22913.85,22927.5,15:05:00,22883.435350416945,4,71
2025-02-14,22933.4,22941.3,22925.7,22925.7,15:10:00,22888.19388847248,4,72
2025-02-14,22931.9,22935.6,22921.25,22933.85,15:15:00,22892.35637528462,4,73
2025-02-14,22921.3,22932.9,22910.85,22932.9,15:20:00,22895.1129109718,4,74
2025-02-14,22897.25,22929.45,22895.85,22921.4,15:25:00,22895.3164432602,4,75
2025-02-17,22803.45,22828.3,22727.7,22828.3,09:15:00,22879.207111149502,0,1
2025-02-17,22842.35,22873.1,22805.1,22806.05,09:20:00,22875.69691008765,0,2
2025-02-17,22831.45,22874.1,22818.55,22842.0,09:25:00,22871.48291865073,0,3
2025-02-17,22805.55,22839.45,22769.2,22830.35,09:30:00,22865.203593064947,0,4
2025-02-17,22776.3,22824.35,22770.15,22805.65,09:35:00,22856.73658420162,0,5
2025-02-17,22778.7,22793.85,22755.75,22776.8,09:40:00,22849.30452856337,0,6
2025-02-17,22793.35,22810.2,22768.2,22777.0,09:45:00,22843.97552584305,0,7
2025-02-17,22750.15,22795.45,22748.3,22792.65,09:50:00,22835.039761477045,0,8
2025-02-17,22771.2,22780.55,22740.2,22748.3,09:55:00,22828.95978419352,0,9
2025-02-17,22749.85,22773.9,22744.0,22770.8,10:00:00,22821.42551903223,0,10
2025-02-17,22779.0,22785.85,22746.6,22748.75,10:05:00,22817.38499341012,0,11
2025-02-17,22756.85,22784.7,22750.0,22777.2,10:10:00,22811.619755942484,0,12
2025-02-17,22778.8,22779.65,22750.75,22757.35,10:15:00,22808.494064900344,0,13
2025-02-17,22805.5,22825.75,22774.85,22778.2,10:20:00,22808.20891586222,0,14
2025-02-17,22827.3,22827.85,22777.8,22804.45,10:25:00,22810.02711435153,0,15
2025-02-17,22824.6,22839.85,22814.2,22826.95,10:30:00,22811.41500822281,0,16
2025-02-17,22872.55,22906.55,22824.0,22824.3,10:35:00,22817.23738839207,0,17
2025-02-17,22916.15,22916.15,22869.45,22873.05,10:40:00,22826.65763711664,0,18
2025-02-17,22903.75,22926.35,22894.35,22915.85,10:45:00,22833.99976691505,0,19
2025-02-17,22911.45,22922.35,22899.65,22905.05,10:50:00,22841.375979589808,0,20
2025-02-17,22877.5,22915.65,22862.6,22911.5,10:55:00,22844.816362486017,0,21
2025-02-17,22856.3,22894.95,22856.15,22879.05,11:00:00,22845.91004224925,0,22
2025-02-17,22838.8,22865.65,22836.0,22856.05,11:05:00,22845.23289536837,0,23
2025-02-17,22805.7,22847.55,22797.25,22839.75,11:10:00,22841.46785771424,0,24
2025-02-17,22806.4,22820.1,22799.8,22806.2,11:15:00,22838.12806174145,0,25
2025-02-17,22836.85,22838.35,22802.15,22806.35,11:20:00,22838.0063415756,0,26
2025-02-17,22840.1,22847.9,22830.2,22836.75,11:25:00,22838.20573761602,0,27
2025-02-17,22844.6,22852.5,22835.5,22838.8,11:30:00,22838.814714985925,0,28
2025-02-17,22826.9,22848.05,22819.6,22845.1,11:35:00,22837.679980225363,0,29
2025-02-17,22856.25,22856.25,22825.2,22826.9,11:40:00,22839.44855353724,0,30
2025-02-17,22861.85,22868.4,22847.6,22856.6,11:45:00,22841.58202462893,0,31
2025-02-17,22848.2,22861.8,22839.4,22861.45,11:50:00,22842.2123079976,0,32
2025-02-17,22862.35,22867.2,22845.45,22847.45,11:55:00,22844.1301834264,0,33
2025-02-17,22857.4,22889.5,22850.55,22863.0,12:00:00,22845.393975481027,0,34
2025-02-17,22845.95,22864.8,22833.45,22857.45,12:05:00,22845.44693019712,0,35
2025-02-17,22823.7,22846.7,22823.05,22845.35,12:10:00,22843.37579398787,0,36
2025-02-17,22811.65,22830.7,22809.1,22824.1,12:15:00,22840.35428979855,0,37
2025-02-17,22812.45,22812.9,22796.2,22811.6,12:20:00,22837.696738389168,0,38
2025-02-17,22819.8,22824.25,22811.0,22812.45,12:25:00,22835.992287114008,0,39
2025-02-17,22823.9,22830.05,22814.85,22819.75,12:30:00,22834.8406407222,0,40
2025-02-17,22818.15,22824.75,22809.85,22823.8,12:35:00,22833.25105589152,0,41
2025-02-17,22847.35,22852.7,22816.5,22818.15,12:40:00,22834.59381247328,0,42
2025-02-17,22845.85,22882.2,22841.05,22847.3,12:45:00,22835.665830332964,0,43
2025-02-17,22850.75,22867.0,22845.85,22846.75,12:50:00,22837.1024179203,0,44
2025-02-17,22880.45,22881.3,22846.65,22850.5,12:55:00,22841.230759070742,0,45
2025-02-17,22869.7,22899.8,22868.95,22880.3,13:00:00,22843.94211534972,0,46
2025-02-17,22850.2,22870.9,22847.65,22868.85,13:05:00,22844.53810436404,0,47
2025-02-17,22837.85,22861.3,22837.1,22849.7,13:10:00,22843.90114204365,0,48
2025-02-17,22836.95,22850.0,22835.15,22838.6,13:15:00,22843.239128515685,0,49
2025-02-17,22865.5,22867.7,22834.1,22837.7,13:20:00,22845.35921151419,0,50
2025-02-17,22861.3,22873.35,22852.2,22865.1,13:25:00,22846.87738184617,0,51
2025-02-17,22908.5,22910.05,22859.65,22861.35,13:30:00,22852.74620262273,0,52
2025-02-17,22911.8,22926.25,22881.45,22911.85,13:35:00,22858.37037380152,0,53
2025-02-17,22937.55,22959.1,22907.75,22912.45,13:40:00,22865.911290582324,0,54
2025-02-17,22923.15,22949.0,22905.2,22937.65,13:45:00,22871.36259624116,0,55
2025-02-17,22915.3,22939.2,22910.3,22924.6,13:50:00,22875.54711088485,0,56
2025-02-17,22898.8,22917.65,22882.55,22915.7,13:55:00,22877.761671752964,0,57
2025-02-17,22883.75,22934.05,22876.75,22900.35,14:00:00,22878.331988728874,0,58
2025-02-17,22885.75,22905.85,22880.75,22885.7,14:05:00,22879.03846599279,0,59
2025-02-17,22886.5,22904.45,22880.05,22886.05,14:10:00,22879.7490882792,0,60
2025-02-17,22920.7,22920.85,22887.1,22887.1,14:15:00,22883.64917510975,0,61
2025-02-17,22905.95,22921.5,22897.0,22920.75,14:20:00,22885.77306319453,0,62
2025-02-17,22915.45,22927.0,22903.55,22906.15,14:25:00,22888.59943812839,0,63
2025-02-17,22901.35,22915.7,22897.5,22915.15,14:30:00,22889.81377735425,0,64
2025-02-17,22901.75,22908.15,22883.3,22901.15,14:35:00,22890.95056046337,0,65
2025-02-17,22911.95,22919.2,22898.6,22902.3,14:40:00,22892.95050708591,0,66
2025-02-17,22915.9,22923.3,22905.45,22911.65,14:45:00,22895.136173077728,0,67
2025-02-17,22903.65,22917.55,22896.4,22915.7,14:50:00,22895.94701373699,0,68
2025-02-17,22939.0,22949.95,22901.4,22904.4,14:55:00,22900.047298142992,0,69
2025-02-17,22950.7,22962.1,22939.45,22939.45,15:00:00,22904.87136498652,0,70
2025-02-17,22960.85,22962.45,22938.1,22950.1,15:05:00,22910.20266355923,0,71
2025-02-17,22970.65,22970.65,22955.15,22960.55,15:10:00,22915.959552744065,0,72
2025-02-17,22961.75,22971.15,22954.8,22970.5,15:15:00,22920.32054772082,0,73
2025-02-17,22966.95,22971.7,22959.65,22961.65,15:20:00,22924.761447937886,0,74
2025-02-17,22963.5,22974.0,22961.3,22965.6,15:25:00,22928.450833848565,0,75
2025-02-18,22909.3,22989.4,22908.85,22975.1,09:15:00,22929.65997963567,1,1
2025-02-18,22884.45,22924.85,22884.35,22909.65,09:20:00,22925.35426728942,1,2
2025-02-18,22900.7,22907.75,22877.0,22885.3,09:25:00,22923.00624183328,1,3
2025-02-18,22878.4,22900.4,22868.65,22900.4,09:30:00,22918.758028325352,1,4
2025-02-18,22908.85,22915.9,22869.5,22877.4,09:35:00,22917.81440658008,1,5
2025-02-18,22924.45,22934.8,22900.3,22909.5,09:40:00,22918.446367858167,1,6
2025-02-18,22937.25,22938.75,22916.65,22924.4,09:45:00,22920.237189966912,1,7
2025-02-18,22921.05,22968.3,22911.0,22938.0,09:50:00,22920.31460044625,1,8
2025-02-18,22914.5,22937.9,22907.55,22920.1,09:55:00,22919.76082897518,1,9
2025-02-18,22937.9,22945.0,22913.95,22914.75,10:00:00,22921.48836907278,1,10
2025-02-18,22911.45,22943.7,22911.45,22937.4,10:05:00,22920.53233392299,1,11
2025-02-18,22894.45,22918.35,22893.25,22908.3,10:10:00,22918.0483021208,1,12
2025-02-18,22868.0,22909.05,22867.75,22894.1,10:15:00,22913.28179715692,1,13
2025-02-18,22842.5,22869.05,22823.1,22868.1,10:20:00,22906.540673618165,1,14
2025-02-18,22827.15,22843.25,22820.8,22841.9,10:25:00,22898.979657083102,1,15
2025-02-18,22818.3,22840.75,22818.3,22826.45,10:30:00,22891.295880218047,1,16
2025-02-18,22837.3,22837.8,22814.5,22818.25,10:35:00,22886.153415435376,1,17
2025-02-18,22841.45,22844.0,22827.3,22837.45,10:40:00,22881.895947298675,1,18
2025-02-18,22831.6,22847.85,22828.0,22840.5,10:45:00,22877.10585707976,1,19
2025-02-18,22860.7,22860.7,22829.95,22831.3,10:50:00,22875.54339450073,1,20
2025-02-18,22869.65,22877.55,22856.75,22862.5,10:55:00,22874.982118834,1,21
2025-02-18,22848.45,22870.2,22847.15,22869.8,11:00:00,22872.455250373616,1,22
2025-02-18,22831.8,22850.6,22829.75,22848.85,11:05:00,22868.583321766604,1,23
2025-02-18,22813.7,22834.15,22801.5,22831.15,11:10:00,22863.35633874121,1,24
2025-02-18,22831.95,22832.35,22807.5,22814.35,11:15:00,22860.3652588611,1,25
2025-02-18,22825.35,22844.0,22825.35,22832.45,11:20:00,22857.0304723029,1,26
2025-02-18,22838.8,22838.8,22819.6,22827.25,11:25:00,22855.29423684548,1,27
2025-02-18,22849.7,22850.65,22830.95,22839.5,11:30:00,22854.76145238401,1,28
2025-02-18,22843.35,22853.8,22838.8,22850.0,11:35:00,22853.67464739505,1,29
2025-02-18,22866.7,22867.15,22839.25,22842.75,11:40:00,22854.91515716696,1,30
2025-02-18,22875.1,22900.7,22865.25,22866.45,11:45:00,22856.83752315105,1,31
2025-02-18,22856.15,22876.4,22853.85,22875.1,11:50:00,22856.77204475571,1,32
2025-02-18,22837.1,22862.1,22836.85,22856.55,11:55:00,22854.89851668374,1,33
2025-02-18,22835.1,22849.3,22831.5,22836.4,12:00:00,22853.012943666243,1,34
2025-02-18,22854.55,22854.65,22830.8,22834.75,12:05:00,22853.15932998374,1,35
2025-02-18,22863.3,22867.5,22848.15,22854.95,12:10:00,22854.125108080527,1,36
2025-02-18,22873.0,22873.7,22855.25,22863.3,12:15:00,22855.922716834764,1,37
2025-02-18,22857.15,22873.55,22854.45,22873.55,12:20:00,22856.03960094574,1,38
2025-02-18,22876.4,22882.45,22852.5,22857.5,12:25:00,22857.97868656996,1,39
2025-02-18,22898.95,22900.35,22873.45,22877.25,12:30:00,22861.88071642044,1,40
2025-02-18,22888.35,22909.55,22881.8,22897.35,12:35:00,22864.40160057087,1,41
2025-02-18,22877.65,22891.8,22874.25,22887.3,12:40:00,22865.663352897453,1,42
2025-02-18,22876.35,22892.2,22875.1,22878.35,12:45:00,22866.681128811982,1,43
2025-02-18,22858.75,22881.85,22850.5,22877.35,12:50:00,22865.92578321084,1,44
2025-02-18,22854.1,22860.85,22839.95,22859.2,12:55:00,22864.79951814314,1,45
2025-02-18,22857.0,22868.65,22843.7,22853.4,13:00:00,22864.05670689141,1,46
2025-02-18,22874.4,22877.2,22854.05,22856.8,13:05:00,22865.04178242556,1,47
2025-02-18,22871.85,22879.85,22862.6,22874.9,13:10:00,22865.69018409932,1,48
2025-02-18,22879.4,22887.7,22871.75,22872.05,13:15:00,22866.99588085176,1,49
2025-02-18,22884.25,22889.1,22873.35,22879.5,13:20:00,22868.63913029445,1,50
2025-02-18,22894.25,22894.9,22875.15,22884.3,13:25:00,22871.078260742604,1,51
2025-02-18,22904.75,22905.85,22884.0,22893.8,13:30:00,22874.28509305284,1,52
2025-02-18,22896.4,22918.0,22886.65,22904.8,13:35:00,22876.39127466685,1,53
2025-02-18,22921.45,22934.3,22891.9,22895.9,13:40:00,22880.68258184144,1,54
2025-02-18,22910.1,22924.55,22898.9,22922.8,13:45:00,22883.48424071368,1,55
2025-02-18,22924.7,22925.5,22906.75,22909.55,13:50:00,22887.409551121906,1,56
2025-02-18,22915.4,22929.95,22906.65,22924.1,13:55:00,22890.07530815792,1,57
2025-02-18,22898.5,22926.1,22897.85,22914.7,14:00:00,22890.87765976192,1,58
2025-02-18,22920.5,22922.9,22890.0,22897.95,14:05:00,22893.698835022693,1,59
2025-02-18,22917.25,22932.6,22915.8,22919.7,14:10:00,22895.94180311577,1,60
2025-02-18,22918.25,22927.55,22909.7,22917.3,14:15:00,22898.06639329522,1,61
2025-02-18,22927.65,22930.9,22917.05,22918.55,14:20:00,22900.883879648056,1,62
2025-02-18,22947.5,22947.65,22925.1,22927.05,14:25:00,22905.323510157767,1,63
2025-02-18,22930.5,22952.7,22924.8,22947.35,14:30:00,22907.72127109512,1,64
2025-02-18,22938.65,22943.35,22925.65,22930.3,14:35:00,22910.66686432416,1,65
2025-02-18,22947.05,22950.75,22928.55,22938.9,14:40:00,22914.13192486472,1,66
2025-02-18,22956.7,22959.35,22940.4,22945.7,14:45:00,22918.18602725855,1,67
2025-02-18,22951.95,22966.55,22946.1,22956.25,14:50:00,22921.40164371012,1,68
2025-02-18,22943.3,22955.35,22925.8,22953.25,14:55:00,22923.48720145201,1,69
2025-02-18,22951.3,22970.8,22945.85,22946.1,15:00:00,22926.13603940896,1,70
2025-02-18,22955.6,22961.9,22949.8,22952.55,15:05:00,22928.94213089382,1,71
2025-02-18,22951.4,22959.1,22948.0,22956.65,15:10:00,22931.0809755706,1,72
2025-02-18,22939.5,22952.1,22933.4,22952.1,15:15:00,22931.88278742102,1,73
2025-02-18,22932.8,22941.6,22926.75,22940.2,15:20:00,22931.97014099997,1,74
2025-02-18,22923.15,22936.0,22918.3,22932.95,15:25:00,22931.130127571403,1,75
2025-02-19,22860.2,22863.75,22814.85,22847.55,09:15:00,22924.37487732651,2,1
2025-02-19,22848.15,22877.05,22838.9,22859.95,09:20:00,22917.115365200178,2,2
2025-02-19,22852.9,22862.05,22840.2,22849.6,09:25:00,22910.999616133493,2,3
2025-02-19,22890.7,22892.45,22846.8,22852.2,09:30:00,22909.06631935888,2,4
2025-02-19,22901.05,22904.9,22882.95,22890.65,09:35:00,22908.30286037232,2,5
2025-02-19,22912.3,22912.35,22882.1,22900.9,09:40:00,22908.683540336853,2,6
2025-02-19,22955.4,22964.9,22912.05,22912.6,09:45:00,22913.13272697144,2,7
2025-02-19,22967.6,22971.3,22939.55,22955.05,09:50:00,22918.32008630749,2,8
2025-02-19,22989.1,22992.05,22967.4,22967.4,09:55:00,22925.06103046868,2,9
2025-02-19,22973.25,22996.2,22973.25,22988.35,10:00:00,22929.650456138334,2,10
2025-02-19,22968.35,22988.3,22959.1,22973.8,10:05:00,22933.336126982304,2,11
2025-02-19,22985.6,22985.6,22954.25,22968.25,10:10:00,22938.31363869828,2,12
2025-02-19,23025.45,23031.15,22986.4,22986.4,10:15:00,22946.61233977463,2,13
2025-02-19,23037.45,23043.05,23021.05,23025.85,10:20:00,22955.26354551038,2,14
2025-02-19,23034.3,23037.2,23023.1,23036.25,10:25:00,22962.790826890345,2,15
2025-02-19,23023.15,23049.95,23023.15,23033.7,10:30:00,22968.53931956745,2,16
2025-02-19,23030.55,23031.15,23009.5,23023.4,10:35:00,22974.445098656262,2,17
2025-02-19,23020.75,23036.3,23019.55,23030.75,10:40:00,22978.85508926044,2,18
2025-02-19,22995.25,23028.1,22995.25,23021.0,10:45:00,22980.416509330866,2,19
2025-02-19,22964.65,22995.0,22957.8,22994.55,10:50:00,22978.914937013644,2,20
2025-02-19,22927.95,22964.7,22926.25,22964.7,10:55:00,22974.061133488533,2,21
2025-02-19,22952.75,22961.6,22922.45,22927.8,11:00:00,22972.03150172772,2,22
2025-02-19,22945.05,22965.65,22940.6,22952.8,11:05:00,22969.46183489651,2,23
2025-02-19,22972.1,22972.1,22937.4,22945.7,11:10:00,22969.71308871589,2,24
2025-02-19,22960.6,22985.65,22952.7,22972.3,11:15:00,22968.84517550485,2,25
2025-02-19,22969.95,22969.95,22958.5,22960.85,11:20:00,22968.950396885342,2,26
2025-02-19,22961.7,22970.85,22946.4,22970.15,11:25:00,22968.259882896265,2,27
2025-02-19,22986.75,22987.7,22957.9,22960.95,11:30:00,22970.02084642996,2,28
2025-02-19,22972.15,22987.8,22970.4,22986.65,11:35:00,22970.223622960435,2,29
2025-02-19,22959.05,22975.55,22953.45,22972.45,11:40:00,22969.15946839277,2,30
2025-02-19,22968.3,22969.15,22958.95,22958.95,11:45:00,22969.077614260128,2,31
2025-02-19,22987.0,22990.55,22967.6,22968.25,11:50:00,22970.78450814012,2,32
2025-02-19,23001.85,23003.95,22982.8,22985.9,11:55:00,22973.74312641249,2,33
2025-02-19,23005.65,23011.4,22991.8,23002.15,12:00:00,22976.781876277968,2,34
2025-02-19,23000.4,23009.1,22996.0,23005.7,12:05:00,22979.03122139435,2,35
2025-02-19,22999.25,23005.2,22995.0,23001.0,12:10:00,22980.9568193568,2,36
2025-02-19,23006.45,23023.55,22993.4,22999.65,12:15:00,22983.38474132281,2,37
2025-02-19,22993.45,23009.8,22988.3,23006.6,12:20:00,22984.343337387305,2,38
2025-02-19,22970.2,22993.45,22968.4,22992.7,12:25:00,22982.99635287423,2,39
2025-02-19,22964.65,22972.65,22957.15,22970.05,12:30:00,22981.249081171925,2,40
2025-02-19,22956.4,22976.75,22954.9,22964.9,12:35:00,22978.882502012693,2,41
2025-02-19,22944.1,22956.55,22933.3,22956.15,12:40:00,22975.569882773387,2,42
2025-02-19,22942.25,22952.4,22938.85,22944.3,12:45:00,22972.39656060449,2,43
2025-02-19,22946.5,22952.75,22939.35,22940.75,12:50:00,22969.930221499308,2,44
2025-02-19,22948.6,22951.05,22937.55,22945.9,12:55:00,22967.898771832704,2,45
2025-02-19,22943.65,22954.05,22941.0,22948.85,13:00:00,22965.58936499149,2,46
2025-02-19,22924.55,22947.9,22914.25,22944.0,13:05:00,22961.68085403992,2,47
2025-02-19,22939.2,22939.55,22919.65,22923.6,13:10:00,22959.53982032184,2,48
2025-02-19,22936.0,22941.6,22932.65,22939.0,13:15:00,22957.29793267214,2,49
2025-02-19,22923.25,22939.15,22921.45,22936.6,13:20:00,22954.05527241765,2,50
2025-02-19,22929.4,22934.2,22921.25,22923.3,13:25:00,22951.70715123502,2,51
2025-02-19,22933.4,22934.65,22925.8,22929.3,13:30:00,22949.96361302216,2,52
2025-02-19,22945.45,22949.8,22931.2,22933.2,13:35:00,22949.53374511529,2,53
2025-02-19,22938.4,22961.05,22938.25,22945.35,13:40:00,22948.47338843764,2,54
2025-02-19,22940.9,22945.15,22934.1,22938.45,13:45:00,22947.75211334834,2,55
2025-02-19,22933.05,22950.2,22932.95,22940.2,13:50:00,22946.35191207707,2,56
2025-02-19,22930.1,22938.95,22926.5,22933.3,13:55:00,22944.80411092687,2,57
2025-02-19,22938.4,22942.3,22925.3,22929.6,14:00:00,22944.194195600503,2,58
2025-02-19,22941.0,22943.85,22933.5,22938.1,14:05:00,22943.88998649569,2,59
2025-02-19,22950.8,22953.65,22937.55,22940.7,14:10:00,22944.548083019912,2,60
2025-02-19,22887.05,22951.25,22877.55,22950.9,14:15:00,22939.07207511325,2,61
2025-02-19,22885.3,22903.05,22876.45,22886.1,14:20:00,22933.95092510247,2,62
2025-02-19,22863.45,22897.8,22861.85,22885.0,14:25:00,22927.236551283186,2,63
2025-02-19,22879.6,22879.9,22858.8,22863.5,14:30:00,22922.699736875264,2,64
2025-02-19,22884.45,22902.15,22877.9,22880.2,14:35:00,22919.056904791905,2,65
2025-02-19,22881.8,22889.75,22877.2,22884.35,14:40:00,22915.508628145057,2,66
2025-02-19,22903.25,22904.85,22878.55,22880.85,14:45:00,22914.34113975029,2,67
2025-02-19,22920.5,22925.35,22900.6,22900.6,14:50:00,22914.927697869312,2,68
2025-02-19,22918.35,22927.05,22909.95,22920.2,14:55:00,22915.25363140557,2,69
2025-02-19,22934.65,22936.0,22916.1,22918.25,15:00:00,22917.10090460504,2,70
2025-02-19,22944.9,22945.65,22931.4,22934.15,15:05:00,22919.7484374998,2,71
2025-02-19,22939.55,22949.15,22938.8,22944.35,15:10:00,22921.63430059505,2,72
2025-02-19,22931.15,22940.2,22924.45,22939.7,15:15:00,22922.54055768124,2,73
2025-02-19,22926.5,22932.6,22923.5,22931.25,15:20:00,22922.91764742589,2,74
2025-02-19,22913.8,22933.25,22912.35,22926.55,15:25:00,22922.049300052,2,75
2025-02-20,22857.1,22870.1,22824.65,22830.6,09:15:00,22907.165073285192,3,1
2025-02-20,22856.4,22870.25,22842.9,22857.2,09:20:00,22902.330304400886,3,2
2025-02-20,22847.0,22880.2,22841.55,22855.25,09:25:00,22897.0607516008,3,3
2025-02-20,22866.9,22872.95,22841.75,22846.3,09:30:00,22894.18829906739,3,4
2025-02-20,22891.15,22895.5,22867.75,22867.75,09:35:00,22893.898937251448,3,5
2025-02-20,22881.25,22897.9,22872.6,22891.05,09:40:00,22892.69427656084,3,6
2025-02-20,22825.2,22881.1,22813.4,22881.1,09:45:00,22886.26625022171,3,7
2025-02-20,22857.85,22868.4,22823.4,22825.45,09:50:00,22883.559940676787,3,8
2025-02-20,22883.05,22890.55,22850.8,22859.55,09:55:00,22883.511374898044,3,9
2025-02-20,22874.7,22885.75,22863.6,22884.45,10:00:00,22882.672196336323,3,10
2025-02-20,22880.25,22883.2,22858.85,22874.2,10:05:00,22882.44151097096,3,11
2025-02-20,22873.75,22885.1,22867.35,22880.1,10:10:00,22881.613748021344,3,12
2025-02-20,22887.3,22900.0,22868.4,22873.8,10:15:00,22882.15529582884,3,13
2025-02-20,22885.95,22908.95,22875.1,22887.2,10:20:00,22882.516696226085,3,14
2025-02-20,22880.5,22893.95,22873.7,22885.95,10:25:00,22882.32462991884,3,15
2025-02-20,22893.0,22895.4,22874.75,22880.05,10:30:00,22883.34133183133,3,16
2025-02-20,22891.7,22904.6,22891.55,22892.95,10:35:00,22884.13739546644,3,17
2025-02-20,22883.2,22894.25,22879.75,22891.55,10:40:00,22884.04811970773,3,18
2025-02-20,22885.4,22890.1,22877.35,22884.25,10:45:00,22884.176870211755,3,19
2025-02-20,22881.35,22887.15,22875.1,22885.1,10:50:00,22883.9076444773,3,20
2025-02-20,22887.2,22887.6,22876.15,22880.95,10:55:00,22884.22120214613,3,21
2025-02-20,22899.85,22901.85,22887.9,22888.35,11:00:00,22885.7096590846,3,22
2025-02-20,22910.0,22911.25,22896.45,22900.6,11:05:00,22888.023024886064,3,23
2025-02-20,22911.3,22912.75,22902.6,22909.75,11:10:00,22890.23987965882,3,24
2025-02-20,22912.55,22913.7,22905.3,22911.2,11:15:00,22892.364653024648,3,25
2025-02-20,22902.85,22913.95,22897.95,22912.9,11:20:00,22893.36325749849,3,26
2025-02-20,22904.35,22906.6,22895.0,22903.2,11:25:00,22894.409613927204,3,27
2025-02-20,22908.8,22910.4,22902.2,22904.4,11:30:00,22895.78012688652,3,28
2025-02-20,22899.5,22909.0,22897.5,22909.0,11:35:00,22896.134400516377,3,29
2025-02-20,22903.6,22906.05,22898.0,22899.8,11:40:00,22896.84540999101,3,30
2025-02-20,22890.6,22905.9,22879.05,22903.45,11:45:00,22896.25060903948,3,31
2025-02-20,22893.35,22895.0,22886.1,22890.95,11:50:00,22895.97436055953,3,32
2025-02-20,22896.5,22898.7,22887.55,22893.95,11:55:00,22896.02442145862,3,33
2025-02-20,22896.65,22900.75,22894.1,22896.15,12:00:00,22896.08400036732,3,34
2025-02-20,22894.95,22903.95,22892.45,22897.95,12:05:00,22895.97600033234,3,35
2025-02-20,22889.0,22898.2,22888.65,22894.8,12:10:00,22895.311619348307,3,36
2025-02-20,22892.9,22893.0,22884.75,22889.1,12:15:00,22895.081941315137,3,37
2025-02-20,22895.0,22896.85,22889.75,22892.85,12:20:00,22895.07413738036,3,38
2025-02-20,22895.1,22899.3,22891.15,22894.55,12:25:00,22895.076600486995,3,39
2025-02-20,22893.45,22898.8,22887.05,22894.85,12:30:00,22894.9216861549,3,40
2025-02-20,22905.55,22905.55,22891.9,22893.4,12:35:00,22895.9339065211,3,41
2025-02-20,22899.8,22908.8,22896.6,22905.35,12:40:00,22896.30210590004,3,42
2025-02-20,22896.3,22903.0,22893.5,22899.6,12:45:00,22896.30190533813,3,43
2025-02-20,22904.2,22907.1,22891.4,22896.25,12:50:00,22897.05410482974,3,44
2025-02-20,22899.45,22906.35,22894.3,22903.9,12:55:00,22897.282285322144,3,45
2025-02-20,22876.4,22900.0,22870.55,22898.25,13:00:00,22895.293496243845,3,46
2025-02-20,22885.1,22888.05,22874.6,22877.0,13:05:00,22894.322687077765,3,47
2025-02-20,22878.25,22886.85,22876.75,22885.25,13:10:00,22892.791954975124,3,48
2025-02-20,22885.7,22887.35,22875.75,22878.05,13:15:00,22892.11653069178,3,49
2025-02-20,22885.05,22889.9,22879.15,22885.55,13:20:00,22891.44352776875,3,50
2025-02-20,22883.75,22888.45,22876.35,22884.85,13:25:00,22890.710810838395,3,51
2025-02-20,22891.0,22893.8,22883.95,22883.95,13:30:00,22890.73835266331,3,52
2025-02-20,22891.9,22898.65,22889.5,22892.05,13:35:00,22890.848985743,3,53
2025-02-20,22906.0,22907.3,22891.35,22891.8,13:40:00,22892.29193948176,3,54
2025-02-20,22910.7,22916.45,22898.7,22906.3,13:45:00,22894.045088102543,3,55
2025-02-20,22916.5,22922.95,22905.55,22910.85,13:50:00,22896.1836511404,3,56
2025-02-20,22909.75,22918.55,22902.3,22917.3,13:55:00,22897.47568436512,3,57
2025-02-20,22906.9,22912.75,22901.8,22910.2,14:00:00,22898.373238235108,3,58
2025-02-20,22900.8,22909.25,22894.35,22906.9,14:05:00,22898.6043584032,3,59
2025-02-20,22899.5,22907.35,22893.8,22901.55,14:10:00,22898.68965760289,3,60
2025-02-20,22902.8,22905.45,22895.25,22900.05,14:15:00,22899.081118783568,3,61
2025-02-20,22905.0,22906.25,22899.75,22902.95,14:20:00,22899.644821756563,3,62
2025-02-20,22904.9,22910.35,22903.45,22905.35,14:25:00,22900.145314922607,3,63
2025-02-20,22903.65,22907.7,22899.75,22905.5,14:30:00,22900.479094453785,3,64
2025-02-20,22910.5,22914.45,22900.85,22904.0,14:35:00,22901.43346641057,3,65
2025-02-20,22912.65,22916.6,22908.85,22910.35,14:40:00,22902.501707704803,3,66
2025-02-20,22915.8,22923.35,22910.35,22913.15,14:45:00,22903.76821173292,3,67
2025-02-20,22899.5,22917.3,22896.95,22915.55,14:50:00,22903.361715377403,3,68
2025-02-20,22911.65,22912.2,22898.6,22899.35,14:55:00,22904.15107581765,3,69
2025-02-20,22910.8,22920.05,22906.9,22911.2,15:00:00,22904.78430669216,3,70
2025-02-20,22914.45,22915.05,22906.9,22910.25,15:05:00,22905.70484891195,3,71
2025-02-20,22917.15,22918.3,22905.65,22914.85,15:10:00,22906.79486330129,3,72
2025-02-20,22919.3,22920.8,22914.2,22916.2,15:15:00,22907.985828701167,3,73
2025-02-20,22918.6,22920.1,22911.4,22919.1,15:20:00,22908.9967021582,3,74
2025-02-20,22906.25,22920.3,22905.0,22917.95,15:25:00,22908.735111476464,3,75
2025-02-21,22906.6,22909.85,22855.8,22855.8,09:15:00,22904.09110032427,4,1
2025-02-21,22907.65,22920.5,22899.0,22906.7,09:20:00,22904.43004315053,4,2
2025-02-21,22896.95,22907.4,22882.3,22906.65,09:25:00,22903.71765808857,4,3
2025-02-21,22889.1,22906.25,22885.3,22896.4,09:30:00,22902.32550017538,4,4
2025-02-21,22878.1,22898.15,22875.7,22889.25,09:35:00,22900.018309682484,4,5
2025-02-21,22843.5,22877.7,22840.05,22877.55,09:40:00,22894.635613522245,4,6
2025-02-21,22827.35,22852.95,22826.6,22844.45,09:45:00,22888.22745985346,4,7
2025-02-21,22812.6,22830.5,22810.6,22828.35,09:50:00,22881.02484462932,4,8
2025-02-21,22813.65,22837.7,22810.7,22812.05,09:55:00,22874.60819275986,4,9
2025-02-21,22819.0,22827.8,22802.55,22813.85,10:00:00,22869.31217440178,4,10
2025-02-21,22810.85,22824.2,22804.85,22818.85,10:05:00,22863.74434826828,4,11
2025-02-21,22760.65,22818.6,22760.3,22811.25,10:10:00,22853.9258389094,4,12
2025-02-21,22766.3,22776.25,22733.75,22760.2,10:15:00,22845.580520918025,4,13
2025-02-21,22774.1,22788.35,22765.75,22765.75,10:20:00,22838.772852259168,4,14
2025-02-21,22767.15,22780.2,22767.15,22773.1,10:25:00,22831.951628234485,4,15
2025-02-21,22790.35,22790.5,22765.8,22767.0,10:30:00,22827.98956840263,4,16
2025-02-21,22783.2,22798.0,22773.15,22790.5,10:35:00,22823.72389522143,4,17
2025-02-21,22789.2,22790.2,22773.95,22782.6,10:40:00,22820.435905200346,4,18
2025-02-21,22775.85,22797.95,22775.85,22789.55,10:45:00,22816.189628514592,4,19
2025-02-21,22762.6,22782.25,22755.05,22775.45,10:50:00,22811.085854370343,4,20
2025-02-21,22776.45,22777.25,22757.85,22762.65,10:55:00,22807.78720157317,4,21
2025-02-21,22780.55,22788.15,22775.75,22776.5,11:00:00,22805.19318237573,4,22
2025-02-21,22744.25,22788.65,22742.85,22779.0,11:05:00,22799.38906976852,4,23
2025-02-21,22767.95,22770.9,22740.7,22744.05,11:10:00,22796.394872647703,4,24
2025-02-21,22759.25,22768.15,22755.0,22768.0,11:15:00,22792.857265728875,4,25
2025-02-21,22752.0,22763.8,22751.95,22758.5,11:20:00,22788.96609756422,4,26
2025-02-21,22764.95,22765.65,22746.8,22751.9,11:25:00,22786.678850177148,4,27
2025-02-21,22783.8,22785.25,22764.65,22764.95,11:30:00,22786.4046739698,4,28
2025-02-21,22807.7,22820.9,22783.55,22783.55,11:35:00,22788.4328002584,4,29
2025-02-21,22800.75,22814.0,22798.9,22808.4,11:40:00,22789.60586690045,4,30
2025-02-21,22792.95,22807.05,22786.95,22800.8,11:45:00,22789.924355767074,4,31
2025-02-21,22798.75,22807.9,22792.55,22792.85,11:50:00,22790.764893313062,4,32
2025-02-21,22791.6,22809.6,22788.9,22798.25,11:55:00,22790.84442728325,4,33
2025-02-21,22785.5,22799.1,22779.55,22791.4,12:00:00,22790.335434208653,4,34
2025-02-21,22783.15,22792.75,22776.1,22785.65,12:05:00,22789.65110714116,4,35
2025-02-21,22786.3,22789.1,22776.7,22783.6,12:10:00,22789.331954080106,4,36
2025-02-21,22797.45,22801.7,22783.2,22786.2,12:15:00,22790.105101310568,4,37
2025-02-21,22801.2,22806.35,22793.6,22797.8,12:20:00,22791.16175832861,4,38
2025-02-21,22807.5,22809.15,22794.85,22799.25,12:25:00,22792.71778134493,4,39
2025-02-21,22822.35,22822.95,22802.2,22807.0,12:30:00,22795.53989740732,4,40
2025-02-21,22821.45,22824.45,22810.3,22821.0,12:35:00,22798.00752622567,4,41
2025-02-21,22810.7,22824.1,22810.7,22820.05,12:40:00,22799.2163332518,4,42
2025-02-21,22814.0,22816.2,22799.4,22809.6,12:45:00,22800.62430151353,4,43
2025-02-21,22799.5,22818.45,22798.1,22812.35,12:50:00,22800.517225178904,4,44
2025-02-21,22786.85,22802.1,22785.25,22799.0,12:55:00,22799.21558468568,4,45
2025-02-21,22769.3,22789.3,22757.95,22787.4,13:00:00,22796.36648138228,4,46
2025-02-21,22770.2,22779.0,22766.55,22767.55,13:05:00,22793.87443553635,4,47
2025-02-21,22776.7,22783.8,22768.6,22769.25,13:10:00,22792.23877500908,4,48
2025-02-21,22779.45,22787.2,22766.75,22775.3,13:15:00,22791.020796436787,4,49
2025-02-21,22775.95,22779.25,22770.0,22778.45,13:20:00,22789.585482490424,4,50
2025-02-21,22753.55,22778.65,22749.75,22774.2,13:25:00,22786.15353177705,4,51
2025-02-21,22765.8,22768.8,22751.55,22751.8,13:30:00,22784.21510017924,4,52
2025-02-21,22726.95,22767.05,22725.2,22764.4,13:35:00,22778.76128111455,4,53
2025-02-21,22735.6,22739.5,22722.35,22726.7,13:40:00,22774.65068291316,4,54
2025-02-21,22730.95,22736.4,22721.3,22735.25,13:45:00,22770.488713111907,4,55
2025-02-21,22752.75,22753.1,22729.55,22729.7,13:50:00,22768.79931186316,4,56
2025-02-21,22756.15,22758.3,22749.1,22751.75,13:55:00,22767.59461549524,4,57
2025-02-21,22753.25,22766.55,22739.6,22755.05,14:00:00,22766.228461638548,4,58
2025-02-21,22770.5,22778.3,22750.95,22751.0,14:05:00,22766.63527481583,4,59
2025-02-21,22778.9,22781.85,22769.4,22769.8,14:10:00,22767.80334388099,4,60
2025-02-21,22789.65,22790.85,22773.75,22778.6,14:15:00,22769.88397779709,4,61
2025-02-21,22783.1,22792.05,22779.8,22788.9,14:20:00,22771.142646578315,4,62
2025-02-21,22770.8,22785.0,22760.05,22782.15,14:25:00,22771.11001357085,4,63
2025-02-21,22770.1,22785.6,22765.35,22768.7,14:30:00,22771.0138218022,4,64
2025-02-21,22780.2,22781.75,22768.75,22768.75,14:35:00,22771.88869591628,4,65
2025-02-21,22787.85,22792.5,22777.2,22779.35,14:40:00,22773.408820114728,4,66
2025-02-21,22797.25,22798.75,22780.7,22787.2,14:45:00,22775.67940867523,4,67
2025-02-21,22784.3,22800.7,22781.2,22796.05,14:50:00,22776.50041737283,4,68
2025-02-21,22772.8,22787.2,22771.75,22782.1,14:55:00,22776.147996670654,4,69
2025-02-21,22791.6,22797.1,22771.5,22771.5,15:00:00,22777.61961603535,4,70
2025-02-21,22808.35,22808.35,22790.4,22790.4,15:05:00,22780.54631927008,4,71
2025-02-21,22810.75,22812.7,22806.05,22808.85,15:10:00,22783.42286029198,4,72
2025-02-21,22794.3,22812.25,22788.25,22810.2,15:15:00,22784.45877835941,4,73
2025-02-21,22791.7,22797.15,22789.2,22793.25,15:20:00,22785.14841851566,4,74
2025-02-21,22764.35,22795.4,22763.2,22792.0,15:25:00,22783.167616752264,4,75
2025-02-24,22645.8,22667.65,22609.35,22609.35,09:15:00,22755.107504869768,0,1
2025-02-24,22624.3,22645.0,22613.6,22645.0,09:20:00,22742.64964726312,0,2
2025-02-24,22622.05,22645.25,22612.35,22624.55,09:25:00,22731.1639665714,0,3
2025-02-24,22627.3,22644.35,22619.85,22621.4,09:30:00,22721.272160231263,0,4
2025-02-24,22586.0,22628.7,22575.95,22627.4,09:35:00,22708.389097352094,0,5
2025-02-24,22571.2,22589.5,22564.05,22586.25,09:40:00,22695.323469032846,0,6
2025-02-24,22590.35,22596.0,22568.15,22570.75,09:45:00,22685.325995791623,0,7
2025-02-24,22587.6,22596.95,22580.1,22591.5,09:50:00,22676.018758097183,0,8
2025-02-24,22581.65,22596.7,22574.3,22587.65,09:55:00,22667.031257326023,0,9
2025-02-24,22574.2,22586.8,22566.3,22582.55,10:00:00,22658.19018519973,0,10
2025-02-24,22576.45,22576.75,22561.0,22574.4,10:05:00,22650.4054056569,0,11
2025-02-24,22572.15,22590.05,22568.8,22576.6,10:10:00,22642.95250988005,0,12
2025-02-24,22572.5,22578.65,22565.0,22572.5,10:15:00,22636.24274703433,0,13
2025-02-24,22552.7,22580.9,22549.2,22571.9,10:20:00,22628.286294935824,0,14
2025-02-24,22568.05,22569.85,22548.75,22552.0,10:25:00,22622.549504941933,0,15
2025-02-24,22574.1,22575.5,22562.95,22567.35,10:30:00,22617.93526637604,0,16
2025-02-24,22558.9,22574.7,22555.85,22574.4,10:35:00,22612.31286005451,0,17
2025-02-24,22554.55,22563.05,22553.0,22558.55,10:40:00,22606.811635287413,0,18
2025-02-24,22576.95,22579.05,22553.45,22554.7,10:45:00,22603.967670021942,0,19
2025-02-24,22571.05,22579.35,22568.55,22577.4,10:50:00,22600.832653829377,0,20
2025-02-24,22553.8,22574.6,22552.0,22571.0,10:55:00,22596.35335346468,0,21
2025-02-24,22561.6,22562.2,22550.1,22555.35,11:00:00,22593.043510277563,0,22
2025-02-24,22575.4,22577.25,22559.3,22561.65,11:05:00,22591.363175965413,0,23
2025-02-24,22568.6,22580.95,22568.55,22575.2,11:10:00,22589.19525444489,0,24
2025-02-24,22579.8,22584.6,22565.4,22567.95,11:15:00,22588.300468307287,0,25
2025-02-24,22579.7,22583.8,22576.7,22579.45,11:20:00,22587.481376087548,0,26
2025-02-24,22574.25,22580.6,22563.75,22579.55,11:25:00,22586.2212450316,0,27
2025-02-24,22576.9,22577.4,22568.65,22574.3,11:30:00,22585.333507409538,0,28
2025-02-24,22579.95,22580.8,22572.85,22576.85,11:35:00,22584.820792418155,0,29
2025-02-24,22610.1,22611.85,22579.1,22579.65,11:40:00,22587.228335997377,0,30
2025-02-24,22614.0,22620.05,22600.15,22610.35,11:45:00,22589.77801828334,0,31
2025-02-24,22607.7,22617.8,22605.55,22614.65,11:50:00,22591.48487368493,0,32
2025-02-24,22590.05,22613.4,22588.55,22608.35,11:55:00,22591.348219048272,0,33
2025-02-24,22576.5,22595.3,22573.15,22589.5,12:00:00,22589.934102948435,0,34
2025-02-24,22566.55,22576.85,22559.5,22575.85,12:05:00,22587.70704552477,0,35
2025-02-24,22561.15,22576.3,22559.35,22567.5,12:10:00,22585.177803093844,0,36
2025-02-24,22571.35,22571.8,22558.6,22561.25,12:15:00,22583.86086946586,0,37
2025-02-24,22567.8,22571.45,22562.25,22571.05,12:20:00,22582.331262850064,0,38
2025-02-24,22562.6,22571.85,22558.9,22568.1,12:25:00,22580.452094959583,0,39
2025-02-24,22564.3,22569.35,22553.6,22561.95,12:30:00,22578.913800201528,0,40
2025-02-24,22582.85,22583.9,22561.45,22564.8,12:35:00,22579.288676372813,0,41
2025-02-24,22564.55,22583.15,22562.9,22583.15,12:40:00,22577.884992908737,0,42
2025-02-24,22566.0,22578.35,22562.95,22564.45,12:45:00,22576.753088822188,0,43
2025-02-24,22571.55,22571.55,22562.15,22566.1,12:50:00,22576.25755655341,0,44
2025-02-24,22577.1,22587.45,22569.4,22572.3,12:55:00,22576.33778926261,0,45
2025-02-24,22585.55,22587.35,22571.1,22576.95,13:00:00,22577.21514266617,0,46
2025-02-24,22585.35,22591.0,22579.75,22585.6,13:05:00,22577.98989098368,0,47
2025-02-24,22572.35,22586.1,22570.9,22585.4,13:10:00,22577.45275850904,0,48
2025-02-24,22573.8,22576.65,22567.8,22572.3,13:15:00,22577.10487674627,0,49
2025-02-24,22552.5,22580.35,22551.6,22575.95,13:20:00,22574.761555151388,0,50
2025-02-24,22560.5,22562.15,22546.2,22552.35,13:25:00,22573.40331180364,0,51
2025-02-24,22562.8,22565.25,22555.3,22560.2,13:30:00,22572.393472584245,0,52
2025-02-24,22535.5,22564.15,22526.9,22563.35,13:35:00,22568.879808528603,0,53
2025-02-24,22533.45,22544.3,22532.15,22535.45,13:40:00,22565.50554104969,0,54
2025-02-24,22530.9,22534.9,22520.55,22532.95,13:45:00,22562.209775235435,0,55
2025-02-24,22546.3,22546.3,22530.6,22530.8,13:50:00,22560.694558546347,0,56
2025-02-24,22546.2,22547.55,22538.15,22546.25,13:55:00,22559.31412439908,0,57
2025-02-24,22548.7,22553.5,22540.9,22546.05,14:00:00,22558.30325540869,0,58
2025-02-24,22534.55,22549.45,22531.7,22548.75,14:05:00,22556.04104060786,0,59
2025-02-24,22543.65,22547.6,22533.55,22533.55,14:10:00,22554.86094150235,0,60
2025-02-24,22558.5,22559.85,22538.9,22543.7,14:15:00,22555.207518502128,0,61
2025-02-24,22546.0,22562.3,22541.75,22559.55,14:20:00,22554.330611978115,0,62
2025-02-24,22541.85,22552.65,22536.45,22547.3,14:25:00,22553.14198226591,0,63
2025-02-24,22557.8,22560.65,22540.95,22541.9,14:30:00,22553.58560300249,0,64
2025-02-24,22566.15,22576.25,22555.5,22556.85,14:35:00,22554.782212240352,0,65
2025-02-24,22572.15,22576.45,22561.7,22565.05,14:40:00,22556.43628726508,0,66
2025-02-24,22575.4,22590.15,22571.9,22571.9,14:45:00,22558.2423551446,0,67
2025-02-24,22575.5,22582.45,22566.85,22575.15,14:50:00,22559.88594036892,0,68
2025-02-24,22572.15,22575.3,22567.75,22575.3,14:55:00,22561.053946048072,0,69
2025-02-24,22547.1,22577.05,22545.3,22571.5,15:00:00,22559.7249988054,0,70
2025-02-24,22560.15,22560.8,22547.15,22547.15,15:05:00,22559.765475109645,0,71
2025-02-24,22554.4,22566.55,22551.5,22561.95,15:10:00,22559.25447748016,0,72
2025-02-24,22548.8,22563.05,22548.1,22554.35,15:15:00,22558.25881295824,0,73
2025-02-24,22547.95,22550.9,22544.15,22549.05,15:20:00,22557.277021247926,0,74
2025-02-24,22549.75,22555.65,22545.4,22547.65,15:25:00,22556.560162081456,0,75
2025-02-25,22546.65,22579.35,22529.8,22529.8,09:15:00,22552.160132678924,1,1
2025-02-25,22560.35,22564.95,22540.75,22547.1,09:20:00,22552.94012004284,1,2
2025-02-25,22553.4,22566.2,22532.15,22560.7,09:25:00,22552.983918134,1,3
2025-02-25,22584.25,22584.4,22546.25,22552.75,09:30:00,22555.96164021648,1,4
2025-02-25,22601.2,22610.95,22579.75,22584.0,09:35:00,22560.27005543396,1,5
2025-02-25,22603.85,22608.9,22592.9,22600.55,09:40:00,22564.42052634501,1,6
2025-02-25,22621.9,22625.2,22591.6,22605.0,09:45:00,22569.894761931195,1,7
2025-02-25,22609.75,22622.1,22604.15,22621.35,09:50:00,22573.69049889013,1,8
2025-02-25,22607.2,22613.05,22594.95,22608.7,09:55:00,22576.88187994821,1,9
2025-02-25,22594.55,22608.4,22587.45,22606.55,10:00:00,22578.56455804838,1,10
2025-02-25,22585.15,22601.85,22583.7,22594.15,10:05:00,22579.19174299616,1,11
2025-02-25,22597.5,22603.55,22582.2,22585.85,10:10:00,22580.93538652033,1,12
2025-02-25,22572.75,22601.15,22569.5,22598.35,10:15:00,22580.155825899343,1,13
2025-02-25,22572.7,22579.5,22566.85,22573.1,10:20:00,22579.445747242265,1,14
2025-02-25,22576.15,22582.8,22565.35,22571.0,10:25:00,22579.131866552525,1,15
2025-02-25,22576.05,22584.05,22565.0,22577.3,10:30:00,22578.838355452284,1,16
2025-02-25,22586.45,22594.0,22574.95,22578.7,10:35:00,22579.56327398064,1,17
2025-02-25,22582.8,22588.9,22577.8,22586.75,10:40:00,22579.87153360153,1,18
2025-02-25,22565.05,22585.7,22561.5,22583.0,10:45:00,22578.459958972813,1,19
2025-02-25,22565.3,22569.2,22558.9,22566.55,10:50:00,22577.20662954683,1,20
2025-02-25,22563.6,22573.2,22559.0,22565.5,10:55:00,22575.91076006618,1,21
2025-02-25,22561.3,22564.5,22555.15,22563.5,11:00:00,22574.5192591075,1,22
2025-02-25,22564.25,22566.45,22558.5,22561.55,11:05:00,22573.541234430595,1,23
2025-02-25,22566.6,22569.25,22561.95,22563.65,11:10:00,22572.880164484824,1,24
2025-02-25,22563.95,22569.2,22561.0,22566.45,11:15:00,22572.029672629127,1,25
2025-02-25,22558.95,22566.5,22556.3,22563.95,11:20:00,22570.78398952159,1,26
2025-02-25,22553.0,22560.2,22550.65,22560.1,11:25:00,22569.090276233823,1,27
2025-02-25,22552.85,22555.3,22544.85,22553.05,11:30:00,22567.543583259176,1,28
2025-02-25,22563.25,22565.95,22552.2,22552.8,11:35:00,22567.134670567822,1,29
2025-02-25,22568.45,22569.7,22560.15,22564.35,11:40:00,22567.259940037555,1,30
2025-02-25,22557.6,22573.6,22557.35,22568.45,11:45:00,22566.339945748263,1,31
2025-02-25,22557.0,22561.65,22556.4,22557.75,11:50:00,22565.45042710557,1,32
2025-02-25,22559.45,22563.9,22555.8,22557.05,11:55:00,22564.87895785742,1,33
2025-02-25,22557.95,22561.2,22553.0,22559.45,12:00:00,22564.219057109098,1,34
2025-02-25,22572.6,22573.05,22557.2,22557.65,12:05:00,22565.017242146325,1,35
2025-02-25,22572.65,22581.15,22567.85,22571.3,12:10:00,22565.74417146572,1,36
2025-02-25,22578.0,22590.3,22572.15,22572.65,12:15:00,22566.91139323089,1,37
2025-02-25,22576.2,22580.35,22572.1,22577.7,12:20:00,22567.796022447,1,38
2025-02-25,22578.2,22586.35,22572.3,22576.15,12:25:00,22568.78687745204,1,39
2025-02-25,22572.5,22578.3,22569.5,22578.3,12:30:00,22569.14050817089,1,40
2025-02-25,22569.0,22575.5,22566.75,22572.1,12:35:00,22569.127126440333,1,41
2025-02-25,22567.65,22571.75,22566.05,22569.0,12:40:00,22568.986447731728,1,42
2025-02-25,22571.15,22572.95,22567.3,22567.65,12:45:00,22569.192500328703,1,43
2025-02-25,22570.0,22574.2,22566.95,22571.3,12:50:00,22569.2694050593,1,44
2025-02-25,22574.0,22580.9,22568.55,22569.65,12:55:00,22569.7199379108,1,45
2025-02-25,22576.35,22578.9,22573.8,22573.95,13:00:00,22570.35137239548,1,46
2025-02-25,22596.25,22596.4,22573.85,22575.7,13:05:00,22572.81790835781,1,47
2025-02-25,22592.75,22600.4,22591.8,22594.25,13:10:00,22574.716202799933,1,48
2025-02-25,22581.35,22595.35,22581.35,22592.9,13:15:00,22575.34799300946,1,49
2025-02-25,22577.95,22584.55,22573.75,22580.7,13:20:00,22575.59580319904,1,50
2025-02-25,22577.2,22580.0,22571.25,22577.8,13:25:00,22575.748583846747,1,51
2025-02-25,22584.5,22587.7,22575.45,22577.8,13:30:00,22576.58205205182,1,52
2025-02-25,22585.25,22588.85,22578.35,22583.85,13:35:00,22577.40757090403,1,53
2025-02-25,22587.15,22590.9,22582.9,22584.65,13:40:00,22578.335421294123,1,54
2025-02-25,22589.9,22595.2,22584.05,22585.65,13:45:00,22579.436809742303,1,55
2025-02-25,22582.45,22595.9,22582.05,22589.4,13:50:00,22579.723780243035,1,56
2025-02-25,22582.15,22587.2,22577.5,22582.9,13:55:00,22579.95484879132,1,57
2025-02-25,22584.5,22591.0,22582.55,22582.55,14:00:00,22580.38772033501,1,58
2025-02-25,22581.45,22586.55,22578.35,22586.25,14:05:00,22580.48888982692,1,59
2025-02-25,22582.05,22584.8,22575.1,22582.75,14:10:00,22580.637566986257,1,60
2025-02-25,22577.35,22585.25,22575.8,22582.3,14:15:00,22580.32446536852,1,61
2025-02-25,22578.0,22582.55,22573.95,22577.1,14:20:00,22580.10308771437,1,62
2025-02-25,22581.7,22585.4,22576.7,22577.05,14:25:00,22580.255174598715,1,63
2025-02-25,22580.05,22585.6,22577.8,22582.3,14:30:00,22580.23563416074,1,64
2025-02-25,22581.9,22585.95,22577.55,22579.7,14:35:00,22580.39414519305,1,65
2025-02-25,22580.65,22583.95,22577.15,22582.35,14:40:00,22580.418512317523,1,66
2025-02-25,22577.55,22583.25,22575.45,22580.5,14:45:00,22580.145320668234,1,67
2025-02-25,22572.9,22580.9,22568.0,22577.5,14:50:00,22579.4552901284,1,68
2025-02-25,22572.15,22577.05,22568.2,22572.9,14:55:00,22578.75954821141,1,69
2025-02-25,22557.85,22573.3,22556.3,22573.05,15:00:00,22576.768162667468,1,70
2025-02-25,22555.3,22562.55,22546.25,22560.25,15:05:00,22574.72357574676,1,71
2025-02-25,22552.4,22566.75,22552.4,22555.95,15:10:00,22572.59752091373,1,72
2025-02-25,22543.7,22559.95,22540.4,22554.55,15:15:00,22569.845376064804,1,73
2025-02-25,22530.05,22545.05,22525.65,22545.05,15:20:00,22566.05534024911,1,74
2025-02-25,22526.3,22532.85,22516.5,22530.9,15:25:00,22562.26911736824,1,75
2025-02-27,22579.45,22608.7,22574.7,22583.3,09:15:00,22564.481068866065,3,1
2025-02-27,22568.5,22595.8,22564.95,22579.4,09:20:00,22564.863824212152,3,2
2025-02-27,22555.75,22570.15,22552.85,22568.85,09:25:00,22563.99584095385,3,3
2025-02-27,22562.4,22576.25,22550.7,22554.8,09:30:00,22563.843856101103,3,4
2025-02-27,22541.5,22575.0,22535.15,22562.45,09:35:00,22561.71586980576,3,5
2025-02-27,22560.2,22563.7,22541.05,22542.5,09:40:00,22561.571501252827,3,6
2025-02-27,22554.4,22570.0,22552.8,22560.25,09:45:00,22560.88850113351,3,7
2025-02-27,22537.3,22555.9,22535.9,22554.55,09:50:00,22558.64197721604,3,8
2025-02-27,22538.4,22548.65,22530.45,22537.65,09:55:00,22556.714169862127,3,9
2025-02-27,22539.0,22548.3,22536.6,22537.95,10:00:00,22555.02710606573,3,10
2025-02-27,22548.95,22552.45,22538.55,22539.8,10:05:00,22554.44833405947,3,11
2025-02-27,22542.3,22549.55,22535.75,22548.95,10:10:00,22553.291349863328,3,12
2025-02-27,22540.25,22549.75,22540.25,22542.9,10:15:00,22552.049316543013,3,13
2025-02-27,22528.2,22541.4,22527.2,22540.6,10:20:00,22549.777953062727,3,14
2025-02-27,22535.85,22539.45,22527.4,22528.3,10:25:00,22548.45148134247,3,15
2025-02-27,22545.7,22547.15,22533.2,22535.6,10:30:00,22548.189435500328,3,16
2025-02-27,22550.55,22551.05,22540.75,22545.55,10:35:00,22548.414251166963,3,17
2025-02-27,22553.4,22554.95,22547.5,22550.85,10:40:00,22548.88908438916,3,18
2025-02-27,22553.55,22555.35,22551.1,22553.7,10:45:00,22549.332981114,3,19
2025-02-27,22558.8,22564.7,22553.4,22553.75,10:50:00,22550.234601960285,3,20
2025-02-27,22549.9,22562.1,22548.1,22558.2,10:55:00,22550.202735106926,3,21
2025-02-27,22549.5,22551.35,22543.25,22549.35,11:00:00,22550.135807953884,3,22
2025-02-27,22543.3,22550.5,22540.8,22550.0,11:05:00,22549.484778624945,3,23
2025-02-27,22548.95,22549.35,22542.1,22543.05,11:10:00,22549.43384732733,3,24
2025-02-27,22541.25,22557.25,22539.35,22549.35,11:15:00,22548.65443329616,3,25
2025-02-27,22540.1,22545.85,22538.9,22540.95,11:20:00,22547.839725363192,3,26
2025-02-27,22539.85,22542.55,22538.2,22540.35,11:25:00,22547.07879913813,3,27
2025-02-27,22534.95,22540.3,22532.65,22540.3,11:30:00,22545.92367541069,3,28
2025-02-27,22530.45,22535.9,22528.3,22534.85,11:35:00,22544.449992038244,3,29
2025-02-27,22531.45,22537.5,22530.1,22530.75,11:40:00,22543.21189755841,3,30
2025-02-27,22530.95,22532.45,22524.75,22530.95,11:45:00,22542.044097790946,3,31
2025-02-27,22532.85,22537.45,22528.9,22530.95,11:50:00,22541.1684694299,3,32
2025-02-27,22525.0,22534.15,22524.7,22532.8,11:55:00,22539.62861519848,3,33
2025-02-27,22521.85,22527.0,22519.65,22524.55,12:00:00,22537.93541375101,3,34
2025-02-27,22523.1,22525.2,22519.65,22521.75,12:05:00,22536.52251720329,3,35
2025-02-27,22526.65,22528.65,22521.7,22523.7,12:10:00,22535.582277469646,3,36
2025-02-27,22527.25,22529.1,22524.4,22526.9,12:15:00,22534.78872723444,3,37
2025-02-27,22530.0,22534.1,22525.55,22528.1,12:20:00,22534.33265797402,3,38
2025-02-27,22526.75,22531.2,22525.3,22530.2,12:25:00,22533.610500071736,3,39
2025-02-27,22521.65,22528.6,22520.8,22527.6,12:30:00,22532.47140482681,3,40
2025-02-27,22521.9,22523.1,22516.2,22521.65,12:35:00,22531.46460436712,3,41
2025-02-27,22526.8,22528.1,22520.75,22521.75,12:40:00,22531.02035633216,3,42
2025-02-27,22529.05,22533.65,22526.7,22527.7,12:45:00,22530.83270334814,3,43
2025-02-27,22531.4,22531.65,22526.1,22529.25,12:50:00,22530.88673160069,3,44
2025-02-27,22534.3,22535.6,22531.2,22532.25,12:55:00,22531.211804781586,3,45
2025-02-27,22531.8,22537.65,22530.95,22535.2,13:00:00,22531.26782337381,3,46
2025-02-27,22530.3,22534.85,22529.9,22532.55,13:05:00,22531.175649719164,3,47
2025-02-27,22527.8,22535.2,22527.1,22532.5,13:10:00,22530.85415926972,3,48
2025-02-27,22533.1,22536.25,22525.95,22528.75,13:15:00,22531.06804886308,3,49
2025-02-27,22536.3,22540.65,22530.85,22534.8,13:20:00,22531.56632992374,3,50
2025-02-27,22536.6,22537.5,22530.35,22537.05,13:25:00,22532.04572707386,3,51
2025-02-27,22539.05,22542.6,22531.3,22536.25,13:30:00,22532.71280068588,3,52
2025-02-27,22536.5,22541.95,22532.6,22540.0,13:35:00,22533.07348633484,3,53
2025-02-27,22538.8,22539.9,22531.05,22538.45,13:40:00,22533.618868588663,3,54
2025-02-27,22541.0,22544.75,22535.2,22539.7,13:45:00,22534.32183348498,3,55
2025-02-27,22537.4,22544.25,22532.15,22542.25,13:50:00,22534.6149922007,3,56
2025-02-27,22541.45,22544.1,22533.2,22538.5,13:55:00,22535.26594532444,3,57
2025-02-27,22543.4,22550.45,22537.75,22542.05,14:00:00,22536.040617198305,3,58
2025-02-27,22541.7,22545.9,22537.85,22544.6,14:05:00,22536.57960603656,3,59
2025-02-27,22544.1,22545.7,22537.15,22542.45,14:10:00,22537.29583403308,3,60
2025-02-27,22549.05,22550.15,22540.7,22544.9,14:15:00,22538.41527841088,3,61
2025-02-27,22550.75,22553.75,22545.8,22549.55,14:20:00,22539.59001380032,3,62
2025-02-27,22550.2,22552.15,22541.65,22551.6,14:25:00,22540.60048867648,3,63
2025-02-27,22549.7,22552.9,22547.0,22551.25,14:30:00,22541.467108802528,3,64
2025-02-27,22544.8,22550.85,22534.85,22550.85,14:35:00,22541.78452701181,3,65
2025-02-27,22546.45,22550.95,22541.8,22545.95,14:40:00,22542.228857772592,3,66
2025-02-27,22550.9,22551.85,22543.8,22547.3,14:45:00,22543.05468084187,3,67
2025-02-27,22550.6,22552.45,22544.8,22551.8,14:50:00,22543.77328266645,3,68
2025-02-27,22549.25,22556.9,22547.75,22551.95,14:55:00,22544.294874793457,3,69
2025-02-27,22552.95,22554.25,22545.2,22549.2,15:00:00,22545.119172432176,3,70
2025-02-27,22553.6,22556.1,22546.75,22551.75,15:05:00,22545.92687029577,3,71
2025-02-27,22542.7,22556.1,22539.05,22553.45,15:10:00,22545.61954931523,3,72
2025-02-27,22541.05,22548.8,22536.25,22542.35,15:15:00,22545.18435414235,3,73
2025-02-27,22537.55,22541.1,22532.65,22540.15,15:20:00,22544.457272795466,3,74
2025-02-27,22510.85,22538.15,22510.85,22536.1,15:25:00,22541.25658014828,3,75
2025-02-28,22322.05,22446.9,22314.75,22442.45,09:15:00,22511.085998715484,4,1
2025-02-28,22319.75,22356.6,22315.2,22320.05,09:20:00,22492.86352264734,4,2
2025-02-28,22336.1,22340.0,22311.15,22320.15,09:25:00,22477.9336633476,4,3
2025-02-28,22279.65,22339.8,22279.2,22337.7,09:30:00,22459.049504933537,4,4
2025-02-28,22266.5,22285.8,22252.6,22279.35,09:35:00,22440.711456844627,4,5
2025-02-28,22261.7,22287.65,22252.4,22266.95,09:40:00,22423.66274666895,4,6
2025-02-28,22259.65,22281.25,22255.4,22261.15,09:45:00,22408.04248508143,4,7
2025-02-28,22272.6,22282.3,22258.85,22258.85,09:50:00,22395.143200787963,4,8
2025-02-28,22235.35,22276.05,22233.9,22272.8,09:55:00,22379.92480071292,4,9
2025-02-28,22238.0,22247.45,22224.2,22235.4,10:00:00,22366.40815302598,4,10
2025-02-28,22245.6,22247.85,22234.05,22237.3,10:05:00,22354.90261464256,4,11
2025-02-28,22262.15,22262.9,22242.2,22245.55,10:10:00,22346.069032295643,4,12
2025-02-28,22286.55,22287.75,22258.55,22261.8,10:15:00,22340.40055302939,4,13
2025-02-28,22291.05,22293.5,22272.9,22287.9,10:20:00,22335.70050035993,4,14
2025-02-28,22272.1,22290.65,22265.6,22290.55,10:25:00,22329.64330984946,4,15
2025-02-28,22271.25,22288.65,22267.95,22272.15,10:30:00,22324.082042244747,4,16
2025-02-28,22286.7,22289.95,22270.5,22270.5,10:35:00,22320.521847745247,4,17
2025-02-28,22288.65,22300.5,22278.55,22286.8,10:40:00,22317.486433674272,4,18
2025-02-28,22263.25,22294.1,22263.15,22288.25,10:45:00,22312.321059038622,4,19
2025-02-28,22250.95,22266.85,22249.1,22263.75,10:50:00,22306.47619627304,4,20
2025-02-28,22243.45,22261.75,22242.45,22251.1,10:55:00,22300.473701389896,4,21
2025-02-28,22253.85,22258.9,22240.2,22243.75,11:00:00,22296.03334887657,4,22
2025-02-28,22259.95,22261.75,22251.6,22254.55,11:05:00,22292.59683945976,4,23
2025-02-28,22246.25,22263.7,22246.1,22259.2,11:10:00,22288.182854749302,4,24
2025-02-28,22247.25,22256.1,22244.95,22246.4,11:15:00,22284.284487630324,4,25
2025-02-28,22243.65,22251.3,22239.65,22247.5,11:20:00,22280.41453642744,4,26
2025-02-28,22259.75,22261.2,22240.35,22243.2,11:25:00,22278.44648533911,4,27
2025-02-28,22253.35,22280.0,22250.75,22260.0,11:30:00,22276.05634387824,4,28
2025-02-28,22259.75,22263.25,22250.25,22253.55,11:35:00,22274.50335874698,4,29
2025-02-28,22240.4,22264.35,22238.1,22259.0,11:40:00,22271.2554198187,4,30
2025-02-28,22226.3,22246.25,22226.3,22240.9,11:45:00,22266.973951264536,4,31
2025-02-28,22230.95,22235.75,22221.15,22226.4,11:50:00,22263.54309876315,4,32
2025-02-28,22237.4,22246.0,22230.8,22231.1,11:55:00,22261.05327983333,4,33
2025-02-28,22226.0,22240.8,22225.25,22237.15,12:00:00,22257.71487223016,4,34
2025-02-28,22218.1,22227.55,22218.1,22226.6,12:05:00,22253.942027255853,4,35
2025-02-28,22222.55,22226.1,22218.8,22220.25,12:10:00,22250.952310374345,4,36
2025-02-28,22241.25,22242.0,22221.75,22221.75,12:15:00,22250.028280814884,4,37
2025-02-28,22241.85,22252.45,22235.0,22240.8,12:20:00,22249.24939692776,4,38
2025-02-28,22248.25,22253.75,22240.95,22241.4,12:25:00,22249.15421626797,4,39
2025-02-28,22212.0,22249.3,22211.05,22246.85,12:30:00,22245.615719480546,4,40
2025-02-28,22184.35,22217.9,22175.45,22210.5,12:35:00,22239.780889053825,4,41
2025-02-28,22169.1,22185.9,22167.6,22184.65,12:40:00,22233.0493758106,4,42
2025-02-28,22173.05,22180.45,22167.5,22169.25,12:45:00,22227.335149542927,4,43
2025-02-28,22143.35,22174.25,22141.1,22173.0,12:50:00,22219.336563872173,4,44
2025-02-28,22110.3,22142.95,22108.75,22142.05,12:55:00,22208.95212921768,4,45
2025-02-28,22135.45,22138.65,22106.2,22108.45,13:00:00,22201.95192643505,4,46
2025-02-28,22128.1,22148.3,22126.5,22134.6,13:05:00,22194.918409631708,4,47
2025-02-28,22127.85,22145.35,22122.1,22127.05,13:10:00,22188.53094204773,4,48
2025-02-28,22131.1,22145.0,22122.25,22127.75,13:15:00,22183.06132851938,4,49
2025-02-28,22130.3,22136.6,22123.65,22130.75,13:20:00,22178.03644008896,4,50
2025-02-28,22125.15,22141.95,22121.2,22128.8,13:25:00,22172.999636270964,4,51
2025-02-28,22118.7,22130.15,22115.3,22124.05,13:30:00,22167.828242340394,4,52
2025-02-28,22122.1,22125.45,22111.55,22118.2,13:35:00,22163.473171641308,4,53
2025-02-28,22123.45,22128.1,22112.75,22120.3,13:40:00,22159.661441008804,4,54
2025-02-28,22148.3,22148.3,22116.15,22122.05,13:45:00,22158.57939900797,4,55
2025-02-28,22119.3,22163.8,22114.85,22148.7,13:50:00,22154.83850386435,4,56
2025-02-28,22130.7,22143.2,22117.9,22118.5,13:55:00,22152.539598734413,4,57
2025-02-28,22123.45,22135.2,22118.45,22129.85,14:00:00,22149.769160759708,4,58
2025-02-28,22134.55,22139.45,22122.8,22122.8,14:05:00,22148.31971687783,4,59
2025-02-28,22138.5,22138.8,22126.4,22134.45,14:10:00,22147.38450574661,4,60
2025-02-28,22124.8,22155.8,22124.1,22138.15,14:15:00,22145.23360043741,4,61
2025-02-28,22137.7,22142.65,22123.55,22124.3,14:20:00,22144.516114681464,4,62
2025-02-28,22140.45,22144.3,22135.1,22137.4,14:25:00,22144.128865664185,4,63
2025-02-28,22134.15,22141.6,22127.8,22140.4,14:30:00,22143.17849750569,4,64
2025-02-28,22127.9,22137.5,22125.1,22133.3,14:35:00,22141.72340250515,4,65
2025-02-28,22173.3,22173.3,22124.95,22127.55,14:40:00,22144.73069750466,4,66
2025-02-28,22165.25,22198.75,22157.3,22172.3,14:45:00,22146.68491678993,4,67
2025-02-28,22172.85,22179.65,22157.3,22169.65,14:50:00,22149.176829476604,4,68
2025-02-28,22169.75,22172.9,22153.9,22170.15,14:55:00,22151.136179050263,4,69
2025-02-28,22137.6,22176.55,22127.05,22170.75,15:00:00,22149.84701914072,4,70
2025-02-28,22133.35,22138.3,22127.55,22137.25,15:05:00,22148.275874460647,4,71
2025-02-28,22124.65,22137.6,22117.25,22132.35,15:10:00,22146.025791178683,4,72
2025-02-28,22122.65,22127.65,22117.6,22124.85,15:15:00,22143.799525352144,4,73
2025-02-28,22110.45,22124.35,22105.85,22123.05,15:20:00,22140.62338008052,4,74
2025-02-28,22127.4,22127.4,22106.1,22110.05,15:25:00,22139.36401054904,4,75
2025-03-03,22253.75,22261.35,22207.1,22207.1,09:15:00,22155.013169633112,0,1
2025-03-03,22185.65,22257.65,22178.15,22256.4,09:20:00,22157.93096300139,0,2
2025-03-03,22174.55,22199.1,22155.35,22188.6,09:25:00,22159.513728429825,0,3
2025-03-03,22170.1,22180.55,22153.15,22173.2,09:30:00,22160.521944769844,0,4
2025-03-03,22184.5,22186.05,22153.7,22171.45,09:35:00,22162.80556907748,0,5
2025-03-03,22130.35,22189.25,22128.0,22184.15,09:40:00,22159.71456249868,0,6
2025-03-03,22086.2,22133.0,22080.95,22130.1,09:45:00,22152.71317559404,0,7
2025-03-03,22053.65,22088.4,22053.5,22088.4,09:50:00,22143.278587442222,0,8
2025-03-03,22067.5,22075.7,22050.95,22053.8,09:55:00,22136.0615791144,0,9
2025-03-03,22041.2,22072.2,22030.6,22068.1,10:00:00,22127.027143008265,0,10
2025-03-03,22018.8,22043.45,22012.6,22040.75,10:05:00,22116.71979605509,0,11
2025-03-03,22024.9,22035.6,22013.45,22018.85,10:10:00,22107.97505357366,0,12
2025-03-03,22058.45,22061.95,22022.8,22025.55,10:15:00,22103.25838180474,0,13
2025-03-03,22051.35,22061.5,22035.0,22056.2,10:20:00,22098.31472639476,0,14
2025-03-03,22100.2,22104.2,22045.2,22050.7,10:25:00,22098.494276261925,0,15
2025-03-03,22059.35,22100.9,22052.1,22097.15,10:30:00,22094.766249951263,0,16
2025-03-03,22075.4,22081.45,22046.75,22059.4,10:35:00,22092.921845194003,0,17
2025-03-03,22046.0,22076.15,22038.4,22075.8,10:40:00,22088.453098032667,0,18
2025-03-03,22074.95,22080.55,22042.55,22044.4,10:45:00,22087.167088696224,0,19
2025-03-03,22052.3,22078.65,22049.65,22074.8,10:50:00,22083.84641358229,0,20
2025-03-03,22045.1,22053.7,22035.1,22052.75,10:55:00,22080.15627895541,0,21
2025-03-03,22017.75,22049.85,22015.3,22043.8,11:00:00,22074.2128238168,0,22
2025-03-03,22031.45,22036.6,22011.7,22016.85,11:05:00,22070.140173929485,0,23
2025-03-03,22031.6,22034.15,22006.25,22030.05,11:10:00,22066.46968117429,0,24
2025-03-03,22011.95,22032.7,22008.0,22030.55,11:15:00,22061.277330586272,0,25
2025-03-03,22027.45,22027.6,22005.0,22013.05,11:20:00,22058.055680054244,0,26
2025-03-03,22031.45,22036.45,22022.5,22027.55,11:25:00,22055.521805763365,0,27
2025-03-03,22038.15,22044.25,22024.0,22031.5,11:30:00,22053.867348071617,0,28
2025-03-03,22019.55,22038.35,22010.5,22037.9,11:35:00,22050.599029207653,0,29
2025-03-03,22016.85,22028.55,22013.75,22020.3,11:40:00,22047.38483594978,0,30
2025-03-03,22032.0,22040.3,22016.85,22017.05,11:45:00,22045.91961347837,0,31
2025-03-03,22015.25,22035.35,22014.5,22033.2,11:50:00,22042.998697909003,0,32
2025-03-03,22012.8,22025.85,22011.35,22016.1,11:55:00,22040.12263144148,0,33
2025-03-03,22025.05,22026.7,22006.7,22013.1,12:00:00,22038.687142732764,0,34
2025-03-03,22033.5,22042.6,22018.3,22025.2,12:05:00,22038.19312913917,0,35
2025-03-03,22054.75,22055.85,22024.45,22033.5,12:10:00,22039.76997398306,0,36
2025-03-03,22060.65,22072.3,22037.1,22054.55,12:15:00,22041.75854788944,0,37
2025-03-03,22076.75,22086.5,22057.0,22060.15,12:20:00,22045.091067138062,0,38
2025-03-03,22071.7,22083.35,22064.0,22077.7,12:25:00,22047.62525122015,0,39
2025-03-03,22103.7,22103.9,22070.85,22071.5,12:30:00,22052.9657034849,0,40
2025-03-03,22092.35,22110.95,22080.3,22104.0,12:35:00,22056.71658886729,0,41
2025-03-03,22105.45,22110.15,22088.15,22092.35,12:40:00,22061.357866118025,0,42
2025-03-03,22151.9,22152.7,22105.85,22105.85,12:45:00,22069.980926487737,0,43
2025-03-03,22126.9,22154.15,22111.3,22151.65,12:50:00,22075.40179063176,0,44
2025-03-03,22113.75,22133.25,22108.65,22126.8,12:55:00,22079.05400104778,0,45
2025-03-03,22119.15,22124.1,22105.0,22113.55,13:00:00,22082.87266761465,0,46
2025-03-03,22140.75,22140.75,22117.75,22120.25,13:05:00,22088.3847945085,0,47
2025-03-03,22154.8,22155.05,22135.3,22140.85,13:10:00,22094.71005217436,0,48
2025-03-03,22151.6,22174.15,22148.55,22154.95,13:15:00,22100.128142443467,0,49
2025-03-03,22140.6,22153.45,22128.8,22150.4,13:20:00,22103.982605067897,0,50
2025-03-03,22117.15,22144.95,22110.4,22140.4,13:25:00,22105.23664268048,0,51
2025-03-03,22109.45,22126.3,22092.45,22120.3,13:30:00,22105.63791480615,0,52
2025-03-03,22118.5,22124.5,22107.5,22108.3,13:35:00,22106.8628753008,0,53
2025-03-03,22119.1,22125.55,22107.75,22117.6,13:40:00,22108.028315748343,0,54
2025-03-03,22131.2,22134.9,22117.6,22121.3,13:45:00,22110.23514281993,0,55
2025-03-03,22134.35,22149.75,22128.85,22130.45,13:50:00,22112.531795884697,0,56
2025-03-03,22099.0,22135.7,22098.6,22132.45,13:55:00,22111.24305341949,0,57
2025-03-03,22113.55,22117.45,22094.2,22100.2,14:00:00,22111.46276261764,0,58
2025-03-03,22081.2,22119.2,22071.9,22117.4,14:05:00,22108.580594749288,0,59
2025-03-03,22120.85,22128.5,22082.75,22083.85,14:10:00,22109.74910953507,0,60
2025-03-03,22104.0,22125.95,22092.3,22124.45,14:15:00,22109.201575293635,0,61
2025-03-03,22131.8,22139.6,22106.9,22106.9,14:20:00,22111.35380621805,0,62
2025-03-03,22146.95,22153.55,22126.3,22131.4,14:25:00,22114.74391991157,0,63
2025-03-03,22132.3,22150.8,22126.2,22146.7,14:30:00,22116.41592753904,0,64
2025-03-03,22129.95,22142.4,22120.4,22131.6,14:35:00,22117.70488682104,0,65
2025-03-03,22138.65,22142.85,22126.7,22129.75,14:40:00,22119.699659504746,0,66
2025-03-03,22114.75,22144.75,22112.35,22142.7,14:45:00,22119.22826336144,0,67
2025-03-03,22135.65,22135.65,22115.05,22118.5,14:50:00,22120.7922382794,0,68
2025-03-03,22130.9,22136.9,22115.0,22134.6,14:55:00,22121.75488225279,0,69
2025-03-03,22110.8,22130.85,22099.2,22128.0,15:00:00,22120.71156013348,0,70
2025-03-03,22115.95,22124.7,22110.5,22113.4,15:05:00,22120.258078216004,0,71
2025-03-03,22117.25,22124.7,22112.75,22118.4,15:10:00,22119.971594576386,0,72
2025-03-03,22119.35,22120.6,22110.1,22117.2,15:15:00,22119.91239509292,0,73
2025-03-03,22126.25,22129.35,22111.9,22119.55,15:20:00,22120.51597651264,0,74
2025-03-03,22143.15,22146.55,22120.8,22125.0,15:25:00,22122.671597797154,0,75
2025-03-04,21985.4,22011.45,21965.85,21980.8,09:15:00,22096.826183230773,1,1
2025-03-04,22040.05,22049.25,21984.25,21985.15,09:20:00,22091.418927684983,1,2
2025-03-04,22001.6,22040.95,21989.15,22040.95,09:25:00,22082.86474409594,1,3
2025-03-04,22023.6,22029.55,21991.6,21999.5,09:30:00,22077.22048275347,1,4
2025-03-04,22047.75,22050.75,22012.55,22023.95,09:35:00,22074.41377011028,1,5
2025-03-04,22041.4,22068.75,22036.8,22047.5,09:40:00,22071.26960152835,1,6
2025-03-04,22058.5,22058.5,22013.6,22039.2,09:45:00,22070.05344900184,1,7
2025-03-04,22066.35,22067.45,22046.3,22058.25,09:50:00,22069.70073957309,1,8
2025-03-04,22058.6,22071.5,22047.8,22066.85,09:55:00,22068.64352628042,1,9
2025-03-04,22077.6,22090.95,22055.8,22059.4,10:00:00,22069.496523777525,1,10
2025-03-04,22039.45,22078.95,22038.65,22077.7,10:05:00,22066.634950084423,1,11
2025-03-04,22049.95,22050.25,22032.1,22038.35,10:10:00,22065.045907219243,1,12
2025-03-04,22066.5,22069.15,22049.25,22049.25,10:15:00,22065.18439224598,1,13
2025-03-04,22074.35,22076.85,22063.35,22066.15,10:20:00,22066.057307270174,1,14
2025-03-04,22059.5,22074.4,22051.35,22073.4,10:25:00,22065.43280181588,1,15
2025-03-04,22072.5,22077.2,22048.15,22059.1,10:30:00,22066.1058683096,1,16
2025-03-04,22062.45,22076.05,22061.3,22073.5,10:35:00,22065.75769037535,1,17
2025-03-04,22052.65,22069.85,22048.6,22062.5,10:40:00,22064.50933891104,1,18
2025-03-04,22070.2,22076.0,22051.3,22052.9,10:45:00,22065.05130663379,1,19
2025-03-04,22075.95,22080.0,22065.05,22070.0,10:50:00,22066.089277430576,1,20
2025-03-04,22082.3,22089.4,22071.65,22077.1,10:55:00,22067.63315577052,1,21
2025-03-04,22095.3,22095.3,22072.4,22082.65,11:00:00,22070.268093316183,1,22
2025-03-04,22084.65,22104.2,22080.5,22095.4,11:05:00,22071.63779871464,1,23
2025-03-04,22083.7,22091.0,22077.85,22084.55,11:10:00,22072.78657978944,1,24
2025-03-04,22069.15,22086.2,22063.2,22083.1,11:15:00,22072.44023885711,1,25
2025-03-04,22070.6,22079.0,22067.2,22069.5,11:20:00,22072.264978013576,1,26
2025-03-04,22069.5,22076.85,22067.8,22071.0,11:25:00,22072.001646774188,1,27
2025-03-04,22080.3,22083.4,22068.35,22069.8,11:30:00,22072.79196612903,1,28
2025-03-04,22077.9,22086.35,22076.05,22079.85,11:35:00,22073.278445545315,1,29
2025-03-04,22070.2,22078.2,22069.0,22078.1,11:40:00,22072.98526025529,1,30
2025-03-04,22054.8,22069.45,22048.8,22069.4,11:45:00,22071.253330707164,1,31
2025-03-04,22065.65,22067.9,22054.05,22055.2,11:50:00,22070.719680163624,1,32
2025-03-04,22072.1,22073.35,22065.2,22066.45,11:55:00,22070.85113919566,1,33
2025-03-04,22063.7,22074.5,22055.5,22072.25,12:00:00,22070.170078319883,1,34
2025-03-04,22057.95,22063.9,22047.95,22063.9,12:05:00,22069.00626133704,1,35
2025-03-04,22058.0,22062.35,22055.55,22057.7,12:10:00,22067.958045971605,1,36
2025-03-04,22064.05,22065.3,22049.65,22058.2,12:15:00,22067.585851117165,1,37
2025-03-04,22065.3,22074.75,22061.45,22063.85,12:20:00,22067.368151010767,1,38
2025-03-04,22068.65,22075.35,22064.9,22065.35,12:25:00,22067.490231866883,1,39
2025-03-04,22070.0,22074.1,22064.1,22068.1,12:30:00,22067.72925740337,1,40
2025-03-04,22069.0,22074.65,22067.3,22069.95,12:35:00,22067.85028050781,1,41
2025-03-04,22064.25,22074.45,22063.95,22069.7,12:40:00,22067.50739664992,1,42
2025-03-04,22059.8,22073.3,22055.9,22064.0,12:45:00,22066.77335887374,1,43
2025-03-04,22056.55,22062.95,22052.45,22059.9,12:50:00,22065.799705647667,1,44
2025-03-04,22052.85,22061.4,22049.0,22057.25,12:55:00,22064.56640034789,1,45
2025-03-04,22040.5,22057.0,22040.0,22055.65,13:00:00,22062.27436221952,1,46
2025-03-04,22052.95,22053.75,22035.05,22040.25,13:05:00,22061.38632772242,1,47
2025-03-04,22056.35,22057.6,22047.7,22053.05,13:10:00,22060.90667746314,1,48
2025-03-04,22065.45,22067.0,22052.7,22056.6,13:15:00,22061.3393748476,1,49
2025-03-04,22062.5,22068.75,22057.8,22065.95,13:20:00,22061.4499105764,1,50
2025-03-04,22050.55,22068.05,22046.1,22062.85,13:25:00,22060.41182385484,1,51
2025-03-04,22053.2,22058.8,22046.85,22051.6,13:30:00,22059.72498348771,1,52
2025-03-04,22044.35,22059.4,22040.8,22053.1,13:35:00,22058.260699346025,1,53
2025-03-04,22058.65,22059.95,22039.6,22044.45,13:40:00,22058.297775598785,1,54
2025-03-04,22053.25,22058.75,22047.35,22057.6,13:45:00,22057.817035065567,1,55
2025-03-04,22065.0,22066.4,22050.35,22053.3,13:50:00,22058.501126964085,1,56
2025-03-04,22069.15,22074.45,22058.1,22065.3,13:55:00,22059.515305348457,1,57
2025-03-04,22068.3,22081.5,22064.05,22069.55,14:00:00,22060.35194293432,1,58
2025-03-04,22088.1,22088.75,22064.85,22068.4,14:05:00,22062.99461503581,1,59
2025-03-04,22087.6,22105.05,22085.35,22088.4,14:10:00,22065.3379850324,1,60
2025-03-04,22091.35,22092.1,22075.2,22088.55,14:15:00,22067.81531979121,1,61
2025-03-04,22090.9,22100.35,22085.1,22091.65,14:20:00,22070.013860763484,1,62
2025-03-04,22085.4,22092.6,22080.1,22091.3,14:25:00,22071.479207357435,1,63
2025-03-04,22084.85,22087.8,22077.95,22085.35,14:30:00,22072.752616180536,1,64
2025-03-04,22093.0,22095.65,22081.85,22084.75,14:35:00,22074.68093844905,1,65
2025-03-04,22083.1,22096.15,22082.45,22092.75,14:40:00,22075.48275383486,1,66
2025-03-04,22081.6,22088.45,22075.5,22083.5,14:45:00,22076.06534870773,1,67
2025-03-04,22099.7,22104.65,22079.65,22081.85,14:50:00,22078.316267878425,1,68
2025-03-04,22098.6,22102.1,22092.8,22100.05,14:55:00,22080.248051890005,1,69
2025-03-04,22089.7,22098.55,22080.75,22097.65,15:00:00,22081.14823742429,1,70
2025-03-04,22089.9,22090.55,22078.35,22089.5,15:05:00,22081.981738621977,1,71
2025-03-04,22082.05,22095.5,22074.85,22089.6,15:10:00,22081.9882397056,1,72
2025-03-04,22087.95,22088.25,22079.85,22082.6,15:15:00,22082.556026400307,1,73
2025-03-04,22076.6,22090.95,22076.6,22087.75,15:20:00,22081.988785790752,1,74
2025-03-04,22080.3,22081.75,22064.7,22076.7,15:25:00,22081.827949048777,1,75
2025-03-05,22133.55,22149.0,22071.65,22071.65,09:15:00,22085.99748210116,2,1
2025-03-05,22176.5,22176.5,22122.15,22136.1,09:20:00,22094.61676952009,2,2
2025-03-05,22193.3,22197.8,22159.05,22176.35,09:25:00,22104.015172422936,2,3
2025-03-05,22208.95,22221.35,22185.0,22192.8,09:30:00,22114.008965525514,2,4
2025-03-05,22207.1,22219.6,22200.6,22209.6,09:35:00,22122.874778332607,2,5
2025-03-05,22237.6,22249.85,22204.9,22207.5,09:40:00,22133.80098991997,2,6
2025-03-05,22257.75,22263.15,22231.0,22237.6,09:45:00,22145.605657546643,2,7
2025-03-05,22251.0,22258.8,22240.35,22257.2,09:50:00,22155.64321397077,2,8
2025-03-05,22256.45,22263.85,22241.4,22251.45,09:55:00,22165.243860259267,2,9
2025-03-05,22234.9,22264.7,22233.6,22254.75,10:00:00,22171.877778329814,2,10
2025-03-05,22251.8,22251.8,22231.9,22234.1,10:05:00,22179.48941848888,2,11
2025-03-05,22239.0,22252.8,22227.2,22251.95,10:10:00,22185.15709291851,2,12
2025-03-05,22219.45,22241.2,22218.4,22238.7,10:15:00,22188.42308406913,2,13
2025-03-05,22236.6,22237.75,22211.1,22219.35,10:20:00,22193.01136177684,2,14
2025-03-05,22251.1,22251.4,22229.95,22236.8,10:25:00,22198.543613036185,2,15
2025-03-05,22267.6,22268.1,22244.85,22251.05,10:30:00,22205.120411794644,2,16
2025-03-05,22269.45,22280.55,22261.9,22267.4,10:35:00,22211.24703924277,2,17
2025-03-05,22282.7,22284.0,22269.15,22269.35,10:40:00,22218.052083124418,2,18
2025-03-05,22272.0,22286.75,22268.25,22283.15,10:45:00,22223.18997996972,2,19
2025-03-05,22284.2,22284.2,22266.6,22271.75,10:50:00,22229.00045806784,2,20
2025-03-05,22284.35,22288.0,22276.0,22283.7,10:55:00,22234.27184301376,2,21
2025-03-05,22286.95,22296.1,22282.6,22284.3,11:00:00,22239.288810345777,2,22
2025-03-05,22274.45,22287.45,22270.6,22286.95,11:05:00,22242.63749507475,2,23
2025-03-05,22282.35,22284.4,22274.1,22274.25,11:10:00,22246.419638400963,2,24
2025-03-05,22287.5,22293.4,22277.0,22282.65,11:15:00,22250.332053791342,2,25
2025-03-05,22286.25,22293.4,22285.1,22287.9,11:20:00,22253.75281057312,2,26
2025-03-05,22290.05,22290.9,22280.45,22286.35,11:25:00,22257.209685756632,2,27
2025-03-05,22301.35,22302.05,22290.2,22290.7,11:30:00,22261.413525208383,2,28
2025-03-05,22329.65,22329.65,22300.7,22301.1,11:35:00,22267.912237093296,2,29
2025-03-05,22337.1,22337.4,22320.45,22329.2,11:40:00,22274.50154784632,2,30
2025-03-05,22353.0,22353.4,22336.45,22336.75,11:45:00,22281.97759090857,2,31
2025-03-05,22360.65,22374.9,22353.25,22353.5,11:50:00,22289.470201298227,2,32
2025-03-05,22357.45,22364.4,22345.45,22361.05,11:55:00,22295.94446784125,2,33
2025-03-05,22355.35,22372.8,22353.75,22357.65,12:00:00,22301.60213757065,2,34
2025-03-05,22355.7,22359.95,22353.1,22354.65,12:05:00,22306.75431494488,2,35
2025-03-05,22362.1,22368.7,22352.6,22355.0,12:10:00,22312.025332569174,2,36
2025-03-05,22357.5,22369.3,22355.8,22361.9,12:15:00,22316.35625327687,2,37
2025-03-05,22353.2,22364.9,22347.7,22357.65,12:20:00,22319.865181536217,2,38
2025-03-05,22368.55,22371.05,22350.8,22353.5,12:25:00,22324.50183091372,2,39
2025-03-05,22385.85,22394.7,22368.65,22368.65,12:30:00,22330.34451368384,2,40
2025-03-05,22388.75,22389.35,22376.95,22385.55,12:35:00,22335.90694095205,2,41
2025-03-05,22372.3,22391.35,22370.1,22388.1,12:40:00,22339.372946575662,2,42
2025-03-05,22369.85,22376.05,22361.65,22373.05,12:45:00,22342.27552309227,2,43
2025-03-05,22368.75,22377.65,22364.25,22370.85,12:50:00,22344.796901845388,2,44
2025-03-05,22355.0,22373.85,22350.25,22369.1,12:55:00,22345.76862547916,2,45
2025-03-05,22353.05,22367.35,22350.05,22354.95,13:00:00,22346.46208971924,2,46
2025-03-05,22344.25,22358.35,22333.1,22353.3,13:05:00,22346.25141450788,2,47
2025-03-05,22348.8,22351.2,22336.05,22344.2,13:10:00,22346.4941369357,2,48
2025-03-05,22352.9,22359.8,22347.4,22348.4,13:15:00,22347.1042191323,2,49
2025-03-05,22355.1,22362.5,22344.0,22351.8,13:20:00,22347.86572207208,2,50
2025-03-05,22354.5,22363.05,22350.05,22354.8,13:25:00,22348.497558065217,2,51
2025-03-05,22341.1,22354.5,22330.4,22353.5,13:30:00,22347.793028725675,2,52
2025-03-05,22327.55,22345.6,22326.7,22341.2,13:35:00,22345.86512122799,2,53
2025-03-05,22313.8,22326.25,22301.75,22326.25,13:40:00,22342.81130015866,2,54
2025-03-05,22314.8,22324.55,22310.7,22313.85,13:45:00,22340.143557286407,2,55
2025-03-05,22325.65,22338.75,22313.6,22314.4,13:50:00,22338.763218497224,2,56
2025-03-05,22329.5,22336.7,22322.35,22324.9,13:55:00,22337.881007211778,2,57
2025-03-05,22320.25,22333.35,22312.85,22328.3,14:00:00,22336.2018636678,2,58
2025-03-05,22322.15,22327.85,22316.85,22319.7,14:05:00,22334.863590937533,2,59
2025-03-05,22326.8,22330.45,22318.35,22321.8,14:10:00,22334.095629895863,2,60
2025-03-05,22295.9,22326.7,22293.85,22326.7,14:15:00,22330.457950858163,2,61
2025-03-05,22305.35,22306.7,22292.3,22295.35,14:20:00,22328.0667174431,2,62
2025-03-05,22323.5,22324.75,22303.65,22305.55,14:25:00,22327.63179197233,2,63
2025-03-05,22313.6,22326.3,22309.35,22323.0,14:30:00,22326.295430832102,2,64
2025-03-05,22337.5,22339.45,22310.2,22314.0,14:35:00,22327.362532657626,2,65
2025-03-05,22337.9,22343.45,22332.5,22336.0,14:40:00,22328.366100975945,2,66
2025-03-05,22332.65,22346.45,22328.3,22337.6,14:45:00,22328.77409135919,2,67
2025-03-05,22353.15,22353.85,22329.1,22332.6,14:50:00,22331.09560646784,2,68
2025-03-05,22343.55,22350.6,22338.1,22349.75,14:55:00,22332.28173918519,2,69
2025-03-05,22332.8,22344.2,22329.65,22342.35,15:00:00,22332.33109735803,2,70
2025-03-05,22335.8,22337.8,22330.15,22332.35,15:05:00,22332.66146903822,2,71
2025-03-05,22335.0,22337.0,22324.6,22334.3,15:10:00,22332.88418627268,2,72
2025-03-05,22333.35,22341.1,22326.35,22335.15,15:15:00,22332.928549484805,2,73
2025-03-05,22332.2,22337.1,22329.3,22333.35,15:20:00,22332.859163819587,2,74
2025-03-05,22346.65,22351.25,22331.2,22333.05,15:25:00,22334.17257678915,2,75
2025-03-06,22432.75,22487.25,22419.0,22479.95,09:15:00,22355.81201864146,3,1
2025-03-06,22366.45,22446.45,22358.15,22433.1,09:20:00,22356.825159723223,3,2
2025-03-06,22362.25,22381.4,22349.3,22367.2,09:25:00,22357.34181117816,3,3
2025-03-06,22309.55,22372.0,22302.1,22364.1,09:30:00,22352.79021011357,3,4
2025-03-06,22310.6,22330.35,22298.25,22310.9,09:35:00,22348.772094864657,3,5
2025-03-06,22315.15,22335.0,22302.75,22310.75,09:40:00,22345.56999059184,3,6
2025-03-06,22253.25,22329.5,22246.8,22315.25,09:45:00,22336.777610535468,3,7
2025-03-06,22302.7,22303.25,22246.7,22252.7,09:50:00,22333.532123817804,3,8
2025-03-06,22314.4,22326.3,22290.55,22303.45,09:55:00,22331.71001678754,3,9
2025-03-06,22321.85,22327.05,22305.1,22313.55,10:00:00,22330.770967569675,3,10
2025-03-06,22332.05,22364.8,22309.35,22322.25,10:05:00,22330.892780182086,3,11
2025-03-06,22331.6,22337.5,22314.05,22331.5,10:10:00,22330.96013445046,3,12
2025-03-06,22361.75,22366.35,22328.95,22330.9,10:15:00,22333.892502598035,3,13
2025-03-06,22333.8,22366.25,22326.7,22361.2,10:20:00,22333.883692826792,3,14
2025-03-06,22358.65,22362.3,22322.95,22333.75,10:25:00,22336.24238874805,3,15
2025-03-06,22357.8,22377.8,22338.9,22358.65,10:30:00,22338.29549458157,3,16
2025-03-06,22363.95,22368.7,22351.45,22357.15,10:35:00,22340.7387808119,3,17
2025-03-06,22366.5,22374.85,22355.85,22364.15,10:40:00,22343.192230258384,3,18
2025-03-06,22361.95,22368.95,22354.05,22366.35,10:45:00,22344.97868451949,3,19
2025-03-06,22366.95,22378.5,22355.75,22360.9,10:50:00,22347.07119075573,3,20
2025-03-06,22366.3,22375.3,22361.4,22367.8,10:55:00,22348.90250592185,3,21
2025-03-06,22387.1,22387.4,22355.55,22364.85,11:00:00,22352.540362500724,3,22
2025-03-06,22413.1,22455.55,22386.35,22386.35,11:05:00,22358.307947024463,3,23
2025-03-06,22436.25,22438.7,22413.8,22413.8,11:10:00,22365.7309996888,3,24
2025-03-06,22423.5,22438.8,22416.1,22436.15,11:15:00,22371.232809242247,3,25
2025-03-06,22363.6,22423.8,22362.1,22423.45,11:20:00,22370.5058750287,3,26
2025-03-06,22340.2,22379.8,22321.5,22364.15,11:25:00,22367.619601216444,3,27
2025-03-06,22352.6,22355.45,22319.95,22338.85,11:30:00,22366.189163005354,3,28
2025-03-06,22368.1,22371.85,22352.8,22353.05,11:35:00,22366.37114748104,3,29
2025-03-06,22374.55,22377.95,22355.25,22366.95,11:40:00,22367.15008581617,3,30
2025-03-06,22389.75,22397.1,22374.2,22374.3,11:45:00,22369.302458595583,3,31
2025-03-06,22405.65,22416.75,22389.25,22390.1,11:50:00,22372.76412920553,3,32
2025-03-06,22399.65,22410.55,22388.15,22406.7,11:55:00,22375.324688328816,3,33
2025-03-06,22419.3,22425.6,22399.2,22399.25,12:00:00,22379.512813249883,3,34
2025-03-06,22404.2,22427.0,22402.0,22418.8,12:05:00,22381.863973892752,3,35
2025-03-06,22412.45,22413.1,22398.4,22403.55,12:10:00,22384.776928760108,3,36
2025-03-06,22414.75,22425.25,22408.1,22412.3,12:15:00,22387.63150697343,3,37
2025-03-06,22428.0,22437.75,22412.25,22414.9,12:20:00,22391.476125356912,3,38
2025-03-06,22428.5,22436.55,22424.95,22428.45,12:25:00,22395.002208656253,3,39
2025-03-06,22425.65,22447.8,22420.05,22429.0,12:30:00,22397.921045927087,3,40
2025-03-06,22443.3,22443.3,22424.5,22426.25,12:35:00,22402.242851076888,3,41
2025-03-06,22447.2,22462.2,22442.05,22443.75,12:40:00,22406.52448430765,3,42
2025-03-06,22451.5,22452.4,22430.65,22447.5,12:45:00,22410.80786675455,3,43
2025-03-06,22468.8,22485.9,22447.7,22452.2,12:50:00,22416.33092706364,3,44
2025-03-06,22452.8,22472.1,22447.65,22469.75,12:55:00,22419.8041721052,3,45
2025-03-06,22463.8,22464.45,22446.45,22451.95,13:00:00,22423.99425095232,3,46
2025-03-06,22476.8,22477.3,22457.5,22464.4,13:05:00,22429.02336990924,3,47
2025-03-06,22466.15,22478.65,22463.1,22478.4,13:10:00,22432.559239441696,3,48
2025-03-06,22471.2,22473.6,22456.55,22466.85,13:15:00,22436.23931187582,3,49
2025-03-06,22476.3,22481.55,22451.55,22471.7,13:20:00,22440.05461550669,3,50
2025-03-06,22467.25,22478.4,22464.3,22478.4,13:25:00,22442.644652125105,3,51
2025-03-06,22480.85,22480.85,22458.25,22467.9,13:30:00,22446.28325668461,3,52
2025-03-06,22482.9,22490.9,22472.85,22482.25,13:35:00,22449.770565571795,3,53
2025-03-06,22484.6,22492.7,22476.55,22484.5,13:40:00,22453.08765456496,3,54
2025-03-06,22505.15,22505.15,22484.4,22485.2,13:45:00,22458.045973177817,3,55
2025-03-06,22507.65,22519.05,22495.7,22506.0,13:50:00,22462.770166208506,3,56
2025-03-06,22509.55,22515.65,22495.75,22507.4,13:55:00,22467.22538847436,3,57
2025-03-06,22515.9,22524.5,22505.75,22510.95,14:00:00,22471.86106576252,3,58
2025-03-06,22515.5,22519.8,22506.4,22515.8,14:05:00,22476.01715473752,3,59
2025-03-06,22509.2,22528.4,22504.15,22515.4,14:10:00,22479.177425714894,3,60
2025-03-06,22506.7,22516.35,22502.1,22508.7,14:15:00,22481.79862326585,3,61
2025-03-06,22506.2,22514.2,22501.0,22506.2,14:20:00,22484.122563907204,3,62
2025-03-06,22494.85,22515.9,22493.7,22504.6,14:25:00,22485.144224487467,3,63
2025-03-06,22520.15,22523.6,22491.15,22494.65,14:30:00,22488.47810786961,3,64
2025-03-06,22523.95,22525.0,22516.45,22521.15,14:35:00,22491.8563833106,3,65
2025-03-06,22539.0,22543.05,22517.8,22523.85,14:40:00,22496.34625156673,3,66
2025-03-06,22537.05,22550.05,22533.1,22537.75,14:45:00,22500.22279903657,3,67
2025-03-06,22525.9,22545.3,22524.1,22537.95,14:50:00,22502.668246747373,3,68
2025-03-06,22546.05,22554.85,22524.9,22525.3,14:55:00,22506.799842295244,3,69
2025-03-06,22550.6,22555.8,22533.65,22546.45,15:00:00,22510.97128588617,3,70
2025-03-06,22543.0,22553.3,22539.45,22550.7,15:05:00,22514.021639611303,3,71
2025-03-06,22547.85,22550.95,22531.75,22543.2,15:10:00,22517.24338821975,3,72
2025-03-06,22545.6,22553.35,22542.45,22548.15,15:15:00,22519.94401791311,3,73
2025-03-06,22543.4,22549.95,22537.25,22544.8,15:20:00,22522.177920969003,3,74
2025-03-06,22529.2,22545.35,22520.6,22544.35,15:25:00,22522.846690400525,3,75
2025-03-07,22560.55,22572.3,22467.1,22509.05,09:15:00,22525.21418420542,4,1
2025-03-07,22515.85,22560.35,22502.4,22560.35,09:20:00,22524.32235713824,4,2
2025-03-07,22511.4,22526.3,22496.15,22515.45,09:25:00,22523.091656458404,4,3
2025-03-07,22562.6,22562.6,22509.1,22511.6,09:30:00,22526.85435584332,4,4
2025-03-07,22485.1,22563.75,22485.1,22563.75,09:35:00,22522.877750524905,4,5
2025-03-07,22497.3,22512.5,22478.35,22485.5,09:40:00,22520.44177428444,4,6
2025-03-07,22503.95,22503.95,22470.8,22497.1,09:45:00,22518.871129114494,4,7
2025-03-07,22534.5,22542.3,22504.15,22504.15,09:50:00,22520.35959300836,4,8
2025-03-07,22548.7,22549.0,22524.65,22534.05,09:55:00,22523.058679388512,4,9
2025-03-07,22561.8,22573.5,22539.95,22548.85,10:00:00,22526.74832897056,4,10
2025-03-07,22584.9,22589.05,22554.8,22562.2,10:05:00,22532.28658335432,4,11
2025-03-07,22605.7,22606.05,22579.4,22585.25,10:10:00,22539.27833732057,4,12
2025-03-07,22611.95,22625.35,22596.2,22607.95,10:15:00,22546.19944805195,4,13
2025-03-07,22590.4,22611.5,22590.0,22610.95,10:20:00,22550.40902442796,4,14
2025-03-07,22596.25,22598.8,22577.8,22585.6,10:25:00,22554.77483162529,4,15
2025-03-07,22582.05,22601.85,22579.35,22596.35,10:30:00,22557.3724667086,4,16
2025-03-07,22596.85,22603.05,22583.05,22583.05,10:35:00,22561.13223178397,4,17
2025-03-07,22591.1,22605.6,22590.6,22597.2,10:40:00,22563.9863049474,4,18
2025-03-07,22613.35,22616.0,22584.1,22591.0,10:45:00,22568.68760923812,4,19
2025-03-07,22570.5,22614.05,22568.2,22613.1,10:50:00,22568.86021788211,4,20
2025-03-07,22570.45,22584.45,22570.1,22570.8,10:55:00,22569.01162570286,4,21
2025-03-07,22590.45,22592.9,22567.85,22569.25,11:00:00,22571.05337563592,4,22
2025-03-07,22593.95,22598.55,22584.55,22590.4,11:05:00,22573.23400652774,4,23
2025-03-07,22615.2,22619.8,22594.75,22594.75,11:10:00,22577.23076781081,4,24
2025-03-07,22618.8,22633.3,22610.45,22614.05,11:15:00,22581.18974230502,4,25
2025-03-07,22619.75,22625.4,22613.9,22618.75,11:20:00,22584.86214779978,4,26
2025-03-07,22601.05,22620.05,22599.9,22619.55,11:25:00,22586.40384800933,4,27
2025-03-07,22608.85,22612.1,22601.8,22602.0,11:30:00,22588.54157677034,4,28
2025-03-07,22594.9,22611.45,22591.45,22608.95,11:35:00,22589.147140887453,4,29
2025-03-07,22599.1,22601.5,22585.7,22594.65,11:40:00,22590.095032231504,4,30
2025-03-07,22548.8,22600.15,22548.25,22599.3,11:45:00,22586.16217201898,4,31
2025-03-07,22565.05,22566.6,22549.75,22549.75,11:50:00,22584.15148896956,4,32
2025-03-07,22562.5,22573.35,22559.35,22564.45,11:55:00,22582.089442401026,4,33
2025-03-07,22532.45,22564.5,22526.2,22562.65,12:00:00,22577.36187645807,4,34
2025-03-07,22532.6,22542.4,22531.3,22532.25,12:05:00,22573.09884060492,4,35
2025-03-07,22526.85,22532.3,22516.1,22532.3,12:10:00,22568.69418911874,4,36
2025-03-07,22512.7,22535.1,22511.75,22526.3,12:15:00,22563.36140920267,4,37
2025-03-07,22524.25,22525.5,22509.05,22511.6,12:20:00,22559.63651308813,4,38
2025-03-07,22544.7,22546.95,22523.65,22524.5,12:25:00,22558.21398803212,4,39
2025-03-07,22565.1,22569.1,22541.0,22544.3,12:30:00,22558.869798695727,4,40
2025-03-07,22570.65,22583.3,22558.65,22564.7,12:35:00,22559.991722629467,4,41
2025-03-07,22577.0,22578.0,22564.45,22570.5,12:40:00,22561.61155856952,4,42
2025-03-07,22550.8,22577.35,22550.15,22576.7,12:45:00,22560.5818863248,4,43
2025-03-07,22534.65,22553.4,22533.45,22551.5,12:50:00,22558.112182865298,4,44
2025-03-07,22555.85,22565.3,22534.5,22534.7,12:55:00,22557.896736878127,4,45
2025-03-07,22542.7,22556.25,22534.6,22555.25,13:00:00,22556.44942860402,4,46
2025-03-07,22546.15,22555.25,22541.95,22543.55,13:05:00,22555.46853064173,4,47
2025-03-07,22539.2,22546.6,22530.3,22544.95,13:10:00,22553.91914677109,4,48
2025-03-07,22559.1,22559.95,22539.3,22539.65,13:15:00,22554.412561364323,4,49
2025-03-07,22561.0,22565.5,22555.95,22561.55,13:20:00,22555.039936472484,4,50
2025-03-07,22564.75,22572.65,22552.6,22561.45,13:25:00,22555.96470442749,4,51
2025-03-07,22561.65,22566.2,22550.3,22565.0,13:30:00,22556.50616114868,4,52
2025-03-07,22569.9,22573.2,22559.05,22561.7,13:35:00,22557.781764848805,4,53
2025-03-07,22568.35,22576.0,22558.8,22570.0,13:40:00,22558.78826343463,4,54
2025-03-07,22563.4,22569.0,22558.8,22567.15,13:45:00,22559.227476440858,4,55
2025-03-07,22540.85,22563.0,22528.35,22563.0,13:50:00,22557.47724058935,4,56
2025-03-07,22533.45,22543.85,22522.7,22541.35,13:55:00,22555.18893196179,4,57
2025-03-07,22545.55,22550.75,22533.6,22533.9,14:00:00,22554.270938441623,4,58
2025-03-07,22549.4,22552.3,22540.95,22545.55,14:05:00,22553.80703954242,4,59
2025-03-07,22553.6,22554.75,22541.3,22548.9,14:10:00,22553.78732149076,4,60
2025-03-07,22567.15,22570.85,22550.75,22554.0,14:15:00,22555.05995753926,4,61
2025-03-07,22567.6,22573.95,22562.35,22567.35,14:20:00,22556.254247297424,4,62
2025-03-07,22574.1,22578.8,22564.1,22567.85,14:25:00,22557.953842792907,4,63
2025-03-07,22591.2,22591.7,22564.15,22574.7,14:30:00,22561.120143479297,4,64
2025-03-07,22581.95,22595.7,22576.35,22591.35,14:35:00,22563.103939338413,4,65
2025-03-07,22590.1,22593.75,22576.4,22581.7,14:40:00,22565.67499273476,4,66
2025-03-07,22598.2,22606.6,22589.05,22589.75,14:45:00,22568.772612474306,4,67
2025-03-07,22585.7,22601.05,22581.25,22598.7,14:50:00,22570.384744619605,4,68
2025-03-07,22601.1,22605.95,22585.95,22586.35,14:55:00,22573.310007036787,4,69
2025-03-07,22566.45,22607.65,22566.1,22601.1,15:00:00,22572.656673033285,4,70
2025-03-07,22563.65,22573.25,22557.95,22565.65,15:05:00,22571.798894649164,4,71
2025-03-07,22556.85,22569.6,22556.65,22564.2,15:10:00,22570.375190396862,4,72
2025-03-07,22543.5,22557.7,22535.95,22557.55,15:15:00,22567.815648454303,4,73
2025-03-07,22540.95,22545.4,22535.35,22544.05,15:20:00,22565.25701526818,4,74
2025-03-07,22536.95,22543.4,22530.35,22540.5,15:25:00,22562.561109052163,4,75
2025-03-10,22578.95,22580.15,22502.4,22536.65,09:15:00,22560.61396908805,0,1
2025-03-10,22596.45,22598.25,22561.3,22578.35,09:20:00,22564.026924413,0,2
2025-03-10,22583.75,22603.0,22575.35,22597.3,09:25:00,22565.90531256414,0,3
2025-03-10,22597.3,22600.75,22582.15,22582.85,09:30:00,22568.89528279613,0,4
2025-03-10,22623.1,22626.0,22596.5,22596.5,09:35:00,22574.05763681554,0,5
2025-03-10,22653.85,22654.65,22616.25,22622.65,09:40:00,22581.656909499776,0,6
2025-03-10,22652.45,22661.8,22643.35,22654.15,09:45:00,22588.39910859504,0,7
2025-03-10,22667.55,22671.05,22638.65,22651.95,09:50:00,22595.93728872884,0,8
2025-03-10,22658.7,22676.65,22654.35,22668.45,09:55:00,22601.91468980228,0,9
2025-03-10,22637.85,22662.75,22629.15,22658.55,10:00:00,22605.337100297304,0,10
2025-03-10,22645.5,22648.15,22624.8,22637.7,10:05:00,22609.162138364227,0,11
2025-03-10,22631.75,22645.45,22625.45,22645.25,10:10:00,22611.313363281923,0,12
2025-03-10,22629.35,22643.6,22615.05,22631.75,10:15:00,22613.03113820745,0,13
2025-03-10,22631.2,22641.05,22627.6,22629.4,10:20:00,22614.76150599722,0,14
2025-03-10,22607.95,22632.4,22604.05,22630.1,10:25:00,22614.11279114034,0,15
2025-03-10,22613.9,22623.45,22603.8,22608.45,10:30:00,22614.09252531745,0,16
2025-03-10,22629.05,22630.1,22611.55,22614.2,10:35:00,22615.517046715788,0,17
2025-03-10,22643.3,22644.65,22626.95,22628.55,10:40:00,22618.163042266664,0,18
2025-03-10,22642.7,22650.5,22639.6,22643.0,10:45:00,22620.499895384124,0,19
2025-03-10,22641.9,22649.65,22638.4,22642.6,10:50:00,22622.538000585635,0,20
2025-03-10,22638.35,22646.8,22636.0,22642.55,10:55:00,22624.043905291765,0,21
2025-03-10,22623.75,22639.5,22622.0,22638.2,11:00:00,22624.0159143116,0,22
2025-03-10,22618.35,22632.55,22616.05,22623.7,11:05:00,22623.47630342478,0,23
2025-03-10,22616.9,22623.1,22609.85,22618.25,11:10:00,22622.849988812897,0,24
2025-03-10,22624.95,22625.95,22616.55,22617.15,11:15:00,22623.04998987833,0,25
2025-03-10,22613.5,22634.4,22610.1,22624.95,11:20:00,22622.14046703278,0,26
2025-03-10,22616.8,22622.35,22606.55,22612.95,11:25:00,22621.631851124897,0,27
2025-03-10,22629.45,22629.45,22616.5,22617.3,11:30:00,22622.37643673205,0,28
2025-03-10,22639.5,22640.3,22629.35,22629.35,11:35:00,22624.00725228138,0,29
2025-03-10,22637.2,22645.35,22634.7,22639.25,11:40:00,22625.263704445057,0,30
2025-03-10,22626.1,22638.35,22626.1,22636.95,11:45:00,22625.343351640764,0,31
2025-03-10,22617.4,22627.75,22616.7,22625.65,11:50:00,22624.58684196069,0,32
2025-03-10,22611.75,22624.0,22609.45,22617.45,11:55:00,22623.364285583484,0,33
2025-03-10,22594.85,22614.5,22591.1,22611.7,12:00:00,22620.64863933744,0,34
2025-03-10,22590.95,22600.55,22590.95,22595.1,12:05:00,22617.820197495774,0,35
2025-03-10,22587.5,22596.55,22582.35,22591.4,12:10:00,22614.93255963904,0,36
2025-03-10,22576.0,22588.7,22563.35,22587.45,12:15:00,22611.22469681627,0,37
2025-03-10,22588.3,22589.7,22575.0,22576.25,12:20:00,22609.041392357576,0,38
2025-03-10,22589.25,22597.6,22587.25,22588.35,12:25:00,22607.15649784733,0,39
2025-03-10,22598.8,22599.5,22580.65,22588.4,12:30:00,22606.360640909486,0,40
2025-03-10,22595.5,22600.85,22593.85,22598.65,12:35:00,22605.3262941562,0,41
2025-03-10,22587.95,22599.75,22580.85,22595.0,12:40:00,22603.67140899847,0,42
2025-03-10,22590.0,22591.45,22577.75,22588.25,12:45:00,22602.369370046235,0,43
2025-03-10,22588.7,22591.35,22578.2,22590.0,12:50:00,22601.067525279926,0,44
2025-03-10,22595.9,22598.5,22585.25,22588.5,12:55:00,22600.57538001517,0,45
2025-03-10,22607.2,22607.2,22589.1,22595.8,13:00:00,22601.206296204204,0,46
2025-03-10,22608.6,22619.3,22604.6,22606.8,13:05:00,22601.91045847047,0,47
2025-03-10,22601.8,22614.7,22600.6,22608.25,13:10:00,22601.899938616138,0,48
2025-03-10,22586.3,22602.2,22585.8,22601.55,13:15:00,22600.414230176502,0,49
2025-03-10,22590.95,22595.1,22584.8,22586.35,13:20:00,22599.5128749216,0,50
2025-03-10,22590.9,22594.45,22578.35,22590.65,13:25:00,22598.692601119543,0,51
2025-03-10,22583.45,22594.2,22577.25,22590.25,13:30:00,22597.240924822443,0,52
2025-03-10,22580.6,22588.15,22571.15,22583.4,13:35:00,22595.65607483936,0,53
2025-03-10,22565.2,22580.15,22562.95,22579.95,13:40:00,22592.755496283226,0,54
2025-03-10,22539.4,22565.6,22532.9,22564.95,13:45:00,22587.674020446728,0,55
2025-03-10,22547.7,22548.85,22533.35,22539.45,13:50:00,22583.86697088037,0,56
2025-03-10,22550.8,22555.3,22543.45,22547.35,13:55:00,22580.717735558435,0,57
2025-03-10,22542.45,22555.2,22541.95,22550.8,14:00:00,22577.07318931477,0,58
2025-03-10,22549.45,22554.25,22539.5,22543.1,14:05:00,22574.44240938004,0,59
2025-03-10,22548.6,22560.25,22546.75,22549.55,14:10:00,22571.98122753432,0,60
2025-03-10,22510.15,22549.1,22509.45,22548.7,14:15:00,22566.092539197714,0,61
2025-03-10,22486.8,22512.7,22481.1,22509.6,14:20:00,22558.54086879793,0,62
2025-03-10,22460.1,22487.25,22460.1,22486.6,14:25:00,22549.16554796004,0,63
2025-03-10,22466.8,22468.75,22447.0,22460.75,14:30:00,22541.32121005908,0,64
2025-03-10,22456.5,22484.0,22454.95,22466.7,14:35:00,22533.24299957726,0,65
2025-03-10,22436.75,22465.5,22430.1,22456.1,14:40:00,22524.05319009372,0,66
2025-03-10,22445.95,22447.1,22429.4,22436.3,14:45:00,22516.61479103717,0,67
2025-03-10,22466.5,22467.95,22434.15,22446.55,14:50:00,22511.84195379553,0,68
2025-03-10,22457.45,22467.3,22453.45,22467.3,14:55:00,22506.66176771977,0,69
2025-03-10,22464.3,22469.85,22447.65,22456.7,15:00:00,22502.62731365122,0,70
2025-03-10,22477.7,22477.7,22462.15,22464.45,15:05:00,22500.253283779675,0,71
2025-03-10,22469.65,22479.35,22469.65,22477.0,15:10:00,22497.33868532447,0,72
2025-03-10,22451.75,22472.55,22448.1,22470.2,15:15:00,22492.99690576976,0,73
2025-03-10,22450.0,22457.2,22447.25,22451.9,15:20:00,22488.90196236312,0,74
2025-03-10,22441.1,22457.75,22436.4,22451.5,15:25:00,22484.34939451901,0,75
2025-03-11,22343.55,22380.5,22316.0,22345.55,09:15:00,22459.014356964544,1,1
2025-03-11,22354.25,22369.25,22323.95,22343.75,09:20:00,22449.0367991584,1,2
2025-03-11,22365.3,22387.4,22334.0,22352.8,09:25:00,22441.061865905216,1,3
2025-03-11,22360.1,22381.55,22325.05,22362.9,09:30:00,22433.35121200948,1,4
2025-03-11,22383.3,22384.15,22349.05,22361.6,09:35:00,22428.584429913342,1,5
2025-03-11,22362.65,22395.4,22352.1,22382.05,09:40:00,22422.304960397785,1,6
2025-03-11,22399.75,22407.95,22354.0,22363.75,09:45:00,22420.156868931328,1,7
2025-03-11,22382.7,22411.65,22382.45,22401.25,09:50:00,22416.589548080727,1,8
2025-03-11,22406.55,22411.0,22369.05,22382.55,09:55:00,22415.633400644467,1,9
2025-03-11,22398.65,22420.1,22389.0,22407.1,10:00:00,22414.015933916424,1,10
2025-03-11,22409.25,22411.7,22379.05,22397.85,10:05:00,22413.562035448194,1,11
2025-03-11,22422.55,22426.05,22403.15,22409.5,10:10:00,22414.41803207217,1,12
2025-03-11,22419.0,22431.5,22406.65,22422.45,10:15:00,22414.854409970067,1,13
2025-03-11,22428.8,22433.4,22407.5,22418.9,10:20:00,22416.18256140149,1,14
2025-03-11,22428.55,22437.7,22422.45,22428.65,10:25:00,22417.360412696584,1,15
2025-03-11,22405.4,22431.25,22397.25,22428.3,10:30:00,22416.2213257731,1,16
2025-03-11,22422.35,22425.85,22401.8,22405.15,10:35:00,22416.805009032803,1,17
2025-03-11,22441.0,22449.35,22420.85,22421.95,10:40:00,22419.109293886824,1,18
2025-03-11,22429.0,22440.75,22421.25,22440.75,10:45:00,22420.0512658976,1,19
2025-03-11,22443.9,22448.6,22419.4,22428.15,10:50:00,22422.32257390736,1,20
2025-03-11,22450.7,22468.85,22439.4,22443.3,10:55:00,22425.02518591618,1,21
2025-03-11,22479.55,22483.3,22446.85,22450.5,11:00:00,22430.218025352737,1,22
2025-03-11,22467.3,22485.1,22456.9,22479.8,11:05:00,22433.74964198581,1,23
2025-03-11,22452.3,22467.55,22447.7,22466.9,11:10:00,22435.516342749062,1,24
2025-03-11,22432.0,22455.2,22423.9,22452.55,11:15:00,22435.181452963443,1,25
2025-03-11,22427.95,22439.0,22421.45,22432.15,11:20:00,22434.4927431574,1,26
2025-03-11,22422.6,22444.8,22421.85,22428.7,11:25:00,22433.360100951933,1,27
2025-03-11,22427.45,22432.5,22415.55,22423.0,11:30:00,22432.797234194608,1,28
2025-03-11,22436.5,22444.35,22425.75,22428.25,11:35:00,22433.149878557026,1,29
2025-03-11,22432.2,22437.55,22423.1,22436.1,11:40:00,22433.059413932548,1,30
2025-03-11,22436.8,22439.05,22427.75,22432.3,11:45:00,22433.415660224684,1,31
2025-03-11,22444.85,22447.65,22433.6,22437.2,11:50:00,22434.50464496519,1,32
2025-03-11,22443.0,22448.0,22436.05,22444.15,11:55:00,22435.31372639708,1,33
2025-03-11,22429.55,22445.45,22427.45,22442.95,12:00:00,22434.76480007355,1,34
2025-03-11,22428.65,22441.75,22421.45,22429.55,12:05:00,22434.18243816178,1,35
2025-03-11,22437.7,22438.75,22424.8,22427.85,12:10:00,22434.517444051136,1,36
2025-03-11,22443.25,22446.7,22430.3,22437.6,12:15:00,22435.349116046265,1,37
2025-03-11,22447.6,22450.9,22436.9,22443.2,12:20:00,22436.515866899,1,38
2025-03-11,22454.8,22455.7,22441.8,22447.25,12:25:00,22438.25721290862,1,39
2025-03-11,22455.05,22458.8,22447.0,22454.8,12:30:00,22439.85652596494,1,40
2025-03-11,22461.0,22461.05,22449.0,22454.75,12:35:00,22441.87019015876,1,41
2025-03-11,22463.9,22466.4,22457.2,22460.95,12:40:00,22443.96826728649,1,42
2025-03-11,22451.3,22465.9,22448.65,22463.65,12:45:00,22444.666527544923,1,43
2025-03-11,22457.8,22461.1,22451.4,22451.4,12:50:00,22445.917334445407,1,44
2025-03-11,22451.0,22462.6,22449.4,22457.6,12:55:00,22446.40139783156,1,45
2025-03-11,22448.65,22451.65,22435.2,22450.6,13:00:00,22446.615550419032,1,46
2025-03-11,22454.25,22457.4,22439.25,22449.25,13:05:00,22447.34264085532,1,47
2025-03-11,22446.7,22455.3,22445.0,22453.3,13:10:00,22447.28143696433,1,48
2025-03-11,22454.7,22459.25,22437.65,22446.1,13:15:00,22447.98796677725,1,49
2025-03-11,22465.35,22471.1,22454.5,22454.5,13:20:00,22449.641493750845,1,50
2025-03-11,22462.4,22475.5,22461.75,22465.15,13:25:00,22450.8565895841,1,51
2025-03-11,22457.1,22468.35,22449.6,22463.6,13:30:00,22451.4512000999,1,52
2025-03-11,22463.65,22465.45,22452.85,22455.95,13:35:00,22452.612990566577,1,53
2025-03-11,22473.55,22477.05,22462.55,22463.3,13:40:00,22454.606991465,1,54
2025-03-11,22477.85,22484.35,22471.55,22473.3,13:45:00,22456.820611325475,1,55
2025-03-11,22493.1,22497.8,22475.3,22478.5,13:50:00,22460.27579119924,1,56
2025-03-11,22496.5,22502.85,22490.0,22493.55,13:55:00,22463.725715846933,1,57
2025-03-11,22488.55,22498.3,22480.3,22496.4,14:00:00,22466.08993338532,1,58
2025-03-11,22490.9,22496.15,22484.7,22489.55,14:05:00,22468.452796872432,1,59
2025-03-11,22501.55,22509.7,22490.85,22491.0,14:10:00,22471.60491145601,1,60
2025-03-11,22503.1,22508.4,22497.45,22501.6,14:15:00,22474.6044436983,1,61
2025-03-11,22510.4,22512.25,22495.55,22502.35,14:20:00,22478.01354429846,1,62
2025-03-11,22500.75,22515.75,22498.6,22510.8,14:25:00,22480.178921031944,1,63
2025-03-11,22500.4,22507.65,22485.05,22504.25,14:30:00,22482.104738076523,1,64
2025-03-11,22494.75,22505.35,22493.9,22500.75,14:35:00,22483.3090487359,1,65
2025-03-11,22487.0,22497.6,22483.55,22492.8,14:40:00,22483.66056790392,1,66
2025-03-11,22492.9,22507.65,22486.15,22487.65,14:45:00,22484.54051381783,1,67
2025-03-11,22479.65,22495.6,22478.2,22492.35,14:50:00,22484.074750597083,1,68
2025-03-11,22505.0,22505.0,22478.9,22480.05,14:55:00,22486.0676314926,1,69
2025-03-11,22500.1,22512.55,22493.85,22505.3,15:00:00,22487.40404754092,1,70
2025-03-11,22484.35,22504.4,22484.35,22501.75,15:05:00,22487.11318587036,1,71
2025-03-11,22499.5,22499.6,22469.35,22485.9,15:10:00,22488.29288245413,1,72
2025-03-11,22502.0,22503.7,22493.25,22499.85,15:15:00,22489.598322220405,1,73
2025-03-11,22496.7,22505.75,22490.75,22503.25,15:20:00,22490.274672485128,1,74
2025-03-11,22520.5,22520.85,22496.55,22497.05,15:25:00,22493.15327510559,1,75
2025-03-12,22534.7,22573.3,22533.65,22542.05,09:15:00,22500.83227281886,2,1
2025-03-12,22521.4,22534.1,22496.65,22533.25,09:20:00,22502.79110397897,2,2
2025-03-12,22461.7,22526.15,22461.7,22522.95,09:25:00,22498.877665504784,2,3
2025-03-12,22473.2,22477.4,22452.55,22462.1,09:30:00,22496.432173551948,2,4
2025-03-12,22491.95,22496.8,22450.65,22472.95,09:35:00,22496.005299880333,2,5
2025-03-12,22481.0,22505.95,22479.15,22493.7,09:40:00,22494.576223701253,2,6
2025-03-12,22501.35,22508.95,22447.4,22480.4,09:45:00,22495.221345253514,2,7
2025-03-12,22495.0,22514.1,22493.65,22502.0,09:50:00,22495.200264753177,2,8
2025-03-12,22470.35,22493.65,22465.15,22493.45,09:55:00,22492.83357287192,2,9
2025-03-12,22430.1,22475.35,22426.15,22470.35,10:00:00,22486.85894688412,2,10
2025-03-12,22430.75,22442.9,22425.75,22430.4,10:05:00,22481.515237657062,2,11
2025-03-12,22425.2,22442.15,22418.1,22429.85,10:10:00,22476.15188168972,2,12
2025-03-12,22428.85,22434.7,22410.55,22423.75,10:15:00,22471.64694057641,2,13
2025-03-12,22424.85,22442.7,22424.75,22428.7,10:20:00,22467.190089092943,2,14
2025-03-12,22420.9,22430.85,22417.2,22424.85,10:25:00,22462.78150917933,2,15
2025-03-12,22442.15,22442.75,22416.35,22420.15,10:30:00,22460.816603543204,2,16
2025-03-12,22442.95,22460.85,22432.85,22442.35,10:35:00,22459.115022253376,2,17
2025-03-12,22450.3,22453.6,22433.05,22442.55,10:40:00,22458.27549632448,2,18
2025-03-12,22421.25,22454.55,22420.05,22449.45,10:45:00,22454.74925857929,2,19
2025-03-12,22406.5,22426.65,22398.0,22421.2,10:50:00,22450.15409109555,2,20
2025-03-12,22408.35,22414.65,22400.5,22406.35,10:55:00,22446.17274908645,2,21
2025-03-12,22397.75,22417.15,22395.75,22408.65,11:00:00,22441.56105869726,2,22
2025-03-12,22415.95,22419.4,22395.4,22397.85,11:05:00,22439.1219102499,2,23
2025-03-12,22416.45,22422.05,22407.9,22416.05,11:10:00,22436.96268070229,2,24
2025-03-12,22415.35,22420.5,22406.85,22416.3,11:15:00,22434.904330159217,2,25
2025-03-12,22408.65,22419.85,22405.85,22415.3,11:20:00,22432.403917763106,2,26
2025-03-12,22385.25,22410.3,22377.15,22408.65,11:25:00,22427.913068452333,2,27
2025-03-12,22379.8,22390.95,22377.75,22385.05,11:30:00,22423.33087145688,2,28
2025-03-12,22353.65,22384.5,22351.0,22379.45,11:35:00,22416.69459798479,2,29
2025-03-12,22350.7,22360.55,22340.9,22354.2,11:40:00,22410.409398176715,2,30
2025-03-12,22359.8,22363.45,22346.35,22350.85,11:45:00,22405.589455493217,2,31
2025-03-12,22346.85,22363.1,22345.55,22359.95,11:50:00,22399.99522163672,2,32
2025-03-12,22339.75,22363.85,22333.7,22347.15,11:55:00,22394.25758148084,2,33
2025-03-12,22338.95,22349.15,22335.4,22342.15,12:00:00,22388.99019276838,2,34
2025-03-12,22360.95,22362.65,22330.15,22339.6,12:05:00,22386.319698219013,2,35
2025-03-12,22367.2,22368.1,22356.3,22360.15,12:10:00,22384.498774579108,2,36
2025-03-12,22355.85,22373.4,22353.45,22367.55,12:15:00,22381.770319857285,2,37
2025-03-12,22355.85,22361.5,22346.35,22357.05,12:20:00,22379.30171796612,2,38
2025-03-12,22370.75,22372.05,22351.6,22355.95,12:25:00,22378.48726863601,2,39
2025-03-12,22384.2,22384.8,22367.35,22370.4,12:30:00,22379.03133828972,2,40
2025-03-12,22364.65,22384.1,22363.65,22384.1,12:35:00,22377.66168702404,2,41
2025-03-12,22347.0,22365.05,22344.75,22364.45,12:40:00,22374.74152635508,2,42
2025-03-12,22337.55,22354.8,22331.75,22346.95,12:45:00,22371.199476226026,2,43
2025-03-12,22371.0,22373.1,22335.3,22337.45,12:50:00,22371.18047849021,2,44
2025-03-12,22367.7,22385.25,22364.1,22371.1,12:55:00,22370.849004348285,2,45
2025-03-12,22384.35,22385.95,22357.75,22367.65,13:00:00,22372.13481345797,2,46
2025-03-12,22389.75,22392.8,22379.0,22384.2,13:05:00,22373.812450271496,2,47
2025-03-12,22402.2,22405.85,22373.0,22390.4,13:10:00,22376.516026436115,2,48
2025-03-12,22424.2,22430.75,22402.45,22402.95,13:15:00,22381.057357251724,2,49
2025-03-12,22440.25,22445.3,22416.7,22424.9,13:20:00,22386.69475179918,2,50
2025-03-12,22430.1,22441.05,22426.4,22439.65,13:25:00,22390.828584961164,2,51
2025-03-12,22425.3,22444.9,22425.1,22429.65,13:30:00,22394.111576869625,2,52
2025-03-12,22410.5,22424.65,22409.2,22424.15,13:35:00,22395.672379072515,2,53
2025-03-12,22411.2,22423.4,22400.95,22410.95,13:40:00,22397.15120011323,2,54
2025-03-12,22415.8,22416.75,22399.35,22410.65,13:45:00,22398.92727629292,2,55
2025-03-12,22393.15,22416.1,22392.05,22415.85,13:50:00,22398.37705950312,2,56
2025-03-12,22412.8,22414.9,22392.3,22393.6,13:55:00,22399.750672883776,2,57
2025-03-12,22425.5,22430.6,22412.3,22412.55,14:00:00,22402.20298975199,2,58
2025-03-12,22432.7,22435.8,22421.3,22425.5,14:05:00,22405.107466918467,2,59
2025-03-12,22437.0,22440.5,22427.45,22432.55,14:10:00,22408.14485102147,2,60
2025-03-12,22459.3,22459.9,22432.6,22436.9,14:15:00,22413.016769971804,2,61
2025-03-12,22450.95,22465.8,22442.35,22459.1,14:20:00,22416.62945854592,2,62
2025-03-12,22464.95,22469.15,22447.3,22451.0,14:25:00,22421.23141487488,2,63
2025-03-12,22467.2,22475.15,22456.4,22464.55,14:30:00,22425.609375362983,2,64
2025-03-12,22462.45,22470.25,22457.1,22467.85,14:35:00,22429.118006280794,2,65
2025-03-12,22442.75,22469.4,22440.7,22462.85,14:40:00,22430.416291396912,2,66
2025-03-12,22463.85,22466.3,22441.6,22442.45,14:45:00,22433.600454121017,2,67
2025-03-12,22465.2,22474.35,22462.65,22463.7,14:50:00,22436.60993468092,2,68
2025-03-12,22480.4,22484.9,22463.8,22464.7,14:55:00,22440.78041709226,2,69
2025-03-12,22475.8,22484.45,22469.35,22478.65,15:00:00,22444.115615464427,2,70
2025-03-12,22490.75,22491.45,22465.6,22476.15,15:05:00,22448.5569854202,2,71
2025-03-12,22473.75,22494.1,22473.7,22490.95,15:10:00,22450.95632014208,2,72
2025-03-12,22460.35,22474.05,22452.8,22474.05,15:15:00,22451.850956319027,2,73
2025-03-12,22462.0,22463.35,22455.75,22460.45,15:20:00,22452.81753190769,2,74
2025-03-12,22468.5,22472.7,22452.75,22462.7,15:25:00,22454.31110029744,2,75
2025-03-13,22484.7,22545.1,22476.4,22541.6,09:15:00,22464.71815693282,3,1
2025-03-13,22486.9,22489.95,22460.6,22485.0,09:20:00,22466.83071341541,3,2
2025-03-13,22483.9,22500.35,22460.9,22486.5,09:25:00,22468.4563597568,3,3
2025-03-13,22475.85,22486.05,22461.95,22483.85,09:30:00,22469.16051597044,3,4
2025-03-13,22494.7,22498.35,22465.15,22474.65,09:35:00,22471.592847782773,3,5
2025-03-13,22490.15,22501.1,22473.4,22493.25,09:40:00,22473.360195612982,3,6
2025-03-13,22498.95,22511.65,22482.1,22489.6,09:45:00,22475.79731984032,3,7
2025-03-13,22506.2,22508.15,22483.35,22498.55,09:50:00,22478.69281318886,3,8
2025-03-13,22529.25,22540.6,22504.6,22505.6,09:55:00,22483.507783361347,3,9
2025-03-13,22539.9,22547.0,22525.55,22529.2,10:00:00,22488.878470660267,3,10
2025-03-13,22534.8,22547.45,22533.8,22539.25,10:05:00,22493.251949645004,3,11
2025-03-13,22545.1,22545.1,22527.6,22534.8,10:10:00,22498.18985920262,3,12
2025-03-13,22555.6,22555.95,22544.25,22545.1,10:15:00,22503.65749165952,3,13
2025-03-13,22532.65,22557.75,22532.35,22555.4,10:20:00,22506.418682930034,3,14
2025-03-13,22538.5,22543.05,22525.2,22532.6,10:25:00,22509.474046460506,3,15
2025-03-13,22537.55,22547.2,22536.05,22539.05,10:30:00,22512.1479467976,3,16
2025-03-13,22522.55,22539.25,22515.25,22537.3,10:35:00,22513.138618531164,3,17
2025-03-13,22523.8,22531.95,22517.7,22522.9,10:40:00,22514.153988194863,3,18
2025-03-13,22517.0,22524.7,22512.2,22523.75,10:45:00,22514.42503693821,3,19
2025-03-13,22504.7,22518.4,22485.85,22517.55,10:50:00,22513.498842944093,3,20
2025-03-13,22492.8,22505.95,22491.15,22505.4,10:55:00,22511.527524568468,3,21
2025-03-13,22489.55,22497.9,22478.3,22492.15,11:00:00,22509.43442699052,3,22
2025-03-13,22503.3,22505.1,22488.7,22489.55,11:05:00,22508.850195848565,3,23
2025-03-13,22520.15,22520.25,22503.15,22503.15,11:10:00,22509.92636767251,3,24
2025-03-13,22508.65,22520.65,22500.25,22519.65,11:15:00,22509.80480884656,3,25
2025-03-13,22496.15,22509.1,22492.2,22509.1,11:20:00,22508.50435086117,3,26
2025-03-13,22471.9,22499.7,22464.7,22495.95,11:25:00,22505.018222207727,3,27
2025-03-13,22477.9,22478.9,22458.8,22470.7,11:30:00,22502.43553437842,3,28
2025-03-13,22432.65,22480.85,22431.5,22478.4,11:35:00,22495.78929300905,3,29
2025-03-13,22433.5,22435.35,22418.4,22431.5,11:40:00,22489.856979389137,3,30
2025-03-13,22408.3,22435.3,22406.2,22434.6,11:45:00,22482.089648018744,3,31
2025-03-13,22406.25,22424.85,22406.25,22409.1,11:50:00,22474.866824397912,3,32
2025-03-13,22432.4,22432.6,22404.3,22405.45,11:55:00,22470.82236493145,3,33
2025-03-13,22435.0,22444.75,22426.15,22433.0,12:00:00,22467.41071112845,3,34
2025-03-13,22431.3,22443.9,22424.65,22434.7,12:05:00,22463.971595782885,3,35
2025-03-13,22443.2,22447.1,22425.15,22430.75,12:10:00,22461.99334856547,3,36
2025-03-13,22444.2,22451.6,22437.95,22442.75,12:15:00,22460.298743940188,3,37
2025-03-13,22439.55,22445.25,22431.2,22442.55,12:20:00,22458.32267308874,3,38
2025-03-13,22436.5,22439.6,22425.75,22437.2,12:25:00,22456.244323270763,3,39
2025-03-13,22437.6,22447.65,22431.95,22435.6,12:30:00,22454.46867343545,3,40
2025-03-13,22444.0,22448.05,22433.9,22436.8,12:35:00,22453.47165691779,3,41
2025-03-13,22450.35,22451.65,22431.65,22442.55,12:40:00,22453.174356258955,3,42
2025-03-13,22448.75,22461.8,22447.85,22449.75,12:45:00,22452.7529889962,3,43
2025-03-13,22451.3,22454.75,22443.1,22447.7,12:50:00,22452.6146090918,3,44
2025-03-13,22459.0,22459.4,22440.75,22450.95,12:55:00,22453.22274155925,3,45
2025-03-13,22447.0,22462.05,22446.0,22458.65,13:00:00,22452.630099505983,3,46
2025-03-13,22428.9,22449.95,22428.75,22447.5,13:05:00,22450.370090029224,3,47
2025-03-13,22429.8,22435.75,22425.95,22428.95,13:10:00,22448.411033835968,3,48
2025-03-13,22432.95,22434.85,22420.45,22429.15,13:15:00,22446.93855442302,3,49
2025-03-13,22439.75,22441.3,22428.4,22433.0,13:20:00,22446.25393019226,3,50
2025-03-13,22420.25,22446.15,22419.75,22439.3,13:25:00,22443.777365412043,3,51
2025-03-13,22442.3,22446.4,22420.0,22420.0,13:30:00,22443.636663944228,3,52
2025-03-13,22443.9,22451.65,22438.25,22441.8,13:35:00,22443.661743568588,3,53
2025-03-13,22442.75,22448.75,22438.25,22443.75,13:40:00,22443.57491084777,3,54
2025-03-13,22437.35,22446.05,22435.6,22442.55,13:45:00,22442.9820621956,3,55
2025-03-13,22446.35,22449.95,22435.8,22437.15,13:50:00,22443.302818176973,3,56
2025-03-13,22433.45,22453.5,22432.45,22446.25,13:55:00,22442.36445454107,3,57
2025-03-13,22438.0,22450.1,22431.0,22433.7,14:00:00,22441.948792203828,3,58
2025-03-13,22432.95,22439.8,22426.85,22437.85,14:05:00,22441.09176437489,3,59
2025-03-13,22432.3,22434.35,22420.65,22433.1,14:10:00,22440.254453482044,3,60
2025-03-13,22415.3,22434.9,22410.55,22432.35,14:15:00,22437.877838864708,3,61
2025-03-13,22410.7,22418.45,22401.7,22415.75,14:20:00,22435.289473258545,3,62
2025-03-13,22406.6,22416.2,22403.75,22410.4,14:25:00,22432.55714247202,3,63
2025-03-13,22398.3,22412.7,22397.3,22406.25,14:30:00,22429.294557474685,3,64
2025-03-13,22402.4,22404.4,22394.75,22398.75,14:35:00,22426.733171048523,3,65
2025-03-13,22406.15,22407.55,22399.05,22402.7,14:40:00,22424.772869043903,3,66
2025-03-13,22389.35,22409.2,22389.35,22406.6,14:45:00,22421.39926246829,3,67
2025-03-13,22386.9,22402.6,22385.9,22390.15,14:50:00,22418.113618423693,3,68
2025-03-13,22387.15,22397.95,22384.95,22386.85,14:55:00,22415.164702383343,3,69
2025-03-13,22393.3,22395.3,22377.5,22386.4,15:00:00,22413.082349775406,3,70
2025-03-13,22398.0,22401.55,22380.6,22392.85,15:05:00,22411.64593551108,3,71
2025-03-13,22399.6,22402.85,22387.7,22398.8,15:10:00,22410.49870355764,3,72
2025-03-13,22408.55,22412.75,22394.05,22399.5,15:15:00,22410.31311274263,3,73
2025-03-13,22402.9,22410.45,22396.95,22407.85,15:20:00,22409.60710200524,3,74
2025-03-13,22383.3,22408.25,22379.45,22402.6,15:25:00,22407.101663719022,3,75
2025-03-17,22502.65,22502.75,22384.15,22384.15,09:15:00,22411.55260907612,0,1
2025-03-17,22515.7,22519.0,22499.55,22504.2,09:20:00,22421.471408211724,0,2
2025-03-17,22538.95,22549.15,22514.95,22514.95,09:25:00,22432.659845524893,0,3
2025-03-17,22566.1,22576.75,22539.1,22539.1,09:30:00,22445.36843166538,0,4
2025-03-17,22554.85,22567.7,22540.6,22565.65,09:35:00,22455.79524769725,0,5
2025-03-17,22553.2,22558.3,22541.95,22555.0,09:40:00,22465.071890773703,0,6
2025-03-17,22537.8,22560.4,22535.9,22553.75,09:45:00,22471.998377366683,0,7
2025-03-17,22529.4,22549.85,22526.55,22536.55,09:50:00,22477.46519856986,0,8
2025-03-17,22546.1,22547.7,22522.95,22529.75,09:55:00,22484.00184632511,0,9
2025-03-17,22536.35,22554.55,22519.8,22546.1,10:00:00,22488.98738477034,0,10
2025-03-17,22538.85,22543.55,22530.55,22536.3,10:05:00,22493.7362052684,0,11
2025-03-17,22513.4,22543.35,22512.75,22538.75,10:10:00,22495.60894762379,0,12
2025-03-17,22500.5,22513.45,22490.9,22513.3,10:15:00,22496.074762135813,0,13
2025-03-17,22502.7,22503.6,22486.9,22500.35,10:20:00,22496.7057371705,0,14
2025-03-17,22490.15,22503.75,22478.8,22502.9,10:25:00,22496.081381249503,0,15
2025-03-17,22471.1,22490.75,22471.05,22490.05,10:30:00,22493.702202082884,0,16
2025-03-17,22460.9,22473.95,22459.85,22471.5,10:35:00,22490.578182836893,0,17
2025-03-17,22472.45,22473.6,22455.4,22460.7,10:40:00,22488.85168923338,0,18
2025-03-17,22481.25,22485.4,22472.9,22473.0,10:45:00,22488.1277188302,0,19
2025-03-17,22478.75,22485.65,22474.7,22481.45,10:50:00,22487.23460275113,0,20
2025-03-17,22496.9,22500.3,22478.05,22478.2,10:55:00,22488.15511677484,0,21
2025-03-17,22494.8,22505.8,22494.8,22496.9,11:00:00,22488.78796279628,0,22
2025-03-17,22492.05,22496.7,22480.8,22494.6,11:05:00,22489.09863300616,0,23
2025-03-17,22477.55,22493.0,22475.75,22493.0,11:10:00,22487.998763196043,0,24
2025-03-17,22480.85,22484.85,22470.85,22477.9,11:15:00,22487.317928605946,0,25
2025-03-17,22489.2,22490.55,22474.15,22480.45,11:20:00,22487.49717350061,0,26
2025-03-17,22497.85,22498.1,22485.1,22489.2,11:25:00,22488.48315697675,0,27
2025-03-17,22499.0,22500.35,22493.75,22497.5,11:30:00,22489.4847610742,0,28
2025-03-17,22522.55,22529.1,22497.95,22498.85,11:35:00,22492.633831448085,0,29
2025-03-17,22517.7,22530.7,22515.25,22522.55,11:40:00,22495.021085595887,0,30
2025-03-17,22510.95,22519.85,22510.35,22517.4,11:45:00,22496.538125062947,0,31
2025-03-17,22494.95,22511.1,22494.4,22510.75,11:50:00,22496.38687505696,0,32
2025-03-17,22505.75,22506.25,22483.3,22494.55,11:55:00,22497.278601242007,0,33
2025-03-17,22507.5,22522.15,22504.8,22506.1,12:00:00,22498.25206779039,0,34
2025-03-17,22512.5,22514.25,22507.15,22508.1,12:05:00,22499.60901371511,0,35
2025-03-17,22510.1,22512.6,22503.95,22512.25,12:10:00,22500.60815526605,0,36
2025-03-17,22492.6,22509.55,22488.15,22509.55,12:15:00,22499.845473812144,0,37
2025-03-17,22480.95,22493.9,22480.6,22491.85,12:20:00,22498.045904877654,0,38
2025-03-17,22482.4,22483.15,22454.8,22480.75,12:25:00,22496.55581869883,0,39
2025-03-17,22453.8,22483.0,22453.45,22483.0,12:30:00,22492.48383596561,0,40
2025-03-17,22455.9,22460.05,22442.0,22453.7,12:35:00,22488.999661111746,0,41
2025-03-17,22466.9,22467.05,22451.55,22455.35,12:40:00,22486.894931482053,0,42
2025-03-17,22451.8,22467.1,22448.85,22467.1,12:45:00,22483.55255705519,0,43
2025-03-17,22456.35,22457.15,22445.2,22451.35,12:50:00,22480.96183733565,0,44
2025-03-17,22458.25,22462.5,22455.0,22455.75,12:55:00,22478.798805208447,0,45
2025-03-17,22464.85,22465.05,22449.55,22458.5,13:00:00,22477.470347569542,0,46
2025-03-17,22451.05,22466.8,22445.45,22465.5,13:05:00,22474.95412399149,0,47
2025-03-17,22467.6,22469.75,22450.85,22451.5,13:10:00,22474.2537312304,0,48
2025-03-17,22474.7,22477.15,22466.45,22467.7,13:15:00,22474.296233017983,0,49
2025-03-17,22484.0,22485.05,22469.9,22475.0,13:20:00,22475.220401301984,0,50
2025-03-17,22494.9,22499.45,22481.7,22484.45,13:25:00,22477.09464879704,0,51
2025-03-17,22490.55,22497.05,22485.25,22497.05,13:30:00,22478.376110816367,0,52
2025-03-17,22486.7,22492.1,22477.65,22490.7,13:35:00,22479.16886216719,0,53
2025-03-17,22493.1,22495.35,22482.6,22487.4,13:40:00,22480.495637198885,0,54
2025-03-17,22479.7,22500.2,22477.35,22493.75,13:45:00,22480.419862227565,0,55
2025-03-17,22486.15,22487.7,22473.8,22478.85,13:50:00,22480.965589634463,0,56
2025-03-17,22510.95,22516.6,22485.45,22486.5,13:55:00,22483.82124776452,0,57
2025-03-17,22504.3,22512.9,22502.4,22510.8,14:00:00,22485.77160512028,0,58
2025-03-17,22525.15,22527.25,22495.2,22504.4,14:05:00,22489.521928442155,0,59
2025-03-17,22520.65,22528.6,22518.75,22525.25,14:10:00,22492.48650668576,0,60
2025-03-17,22526.1,22526.95,22515.0,22520.85,14:15:00,22495.687791763303,0,61
2025-03-17,22510.25,22527.85,22507.5,22525.45,14:20:00,22497.074668738227,0,62
2025-03-17,22503.2,22512.05,22501.7,22510.85,14:25:00,22497.6580336203,0,63
2025-03-17,22512.35,22514.0,22494.15,22503.4,14:30:00,22499.057268513607,0,64
2025-03-17,22502.65,22517.3,22501.7,22512.9,14:35:00,22499.39943341707,0,65
2025-03-17,22489.55,22504.2,22481.75,22503.25,14:40:00,22498.46139213925,0,66
2025-03-17,22500.1,22502.0,22487.6,22489.2,14:45:00,22498.61745003075,0,67
2025-03-17,22515.6,22516.6,22497.1,22500.25,14:50:00,22500.234835742107,0,68
2025-03-17,22511.0,22522.7,22510.2,22516.25,14:55:00,22501.260089480955,0,69
2025-03-17,22509.0,22517.45,22503.85,22510.95,15:00:00,22501.997223816103,0,70
2025-03-17,22516.5,22516.7,22506.2,22509.45,15:05:00,22503.378440595523,0,71
2025-03-17,22510.5,22520.05,22509.8,22516.9,15:10:00,22504.05668434833,0,72
2025-03-17,22510.05,22515.15,22508.3,22510.65,15:15:00,22504.627476315152,0,73
2025-03-17,22513.0,22513.0,22506.25,22510.15,15:20:00,22505.42485952323,0,74
2025-03-17,22515.25,22520.5,22509.55,22513.1,15:25:00,22506.36058718769,0,75
2025-03-18,22611.5,22655.3,22601.05,22649.65,09:15:00,22529.80651241441,1,1
2025-03-18,22653.15,22653.55,22605.3,22610.45,09:20:00,22541.553511232087,1,2
2025-03-18,22644.25,22671.3,22643.7,22652.1,09:25:00,22551.334129209983,1,3
2025-03-18,22678.7,22688.45,22639.2,22644.1,09:30:00,22563.464212142368,1,4
2025-03-18,22702.5,22703.0,22675.2,22678.85,09:35:00,22576.705715747856,1,5
2025-03-18,22681.35,22703.1,22680.65,22702.7,09:40:00,22586.671838057584,1,6
2025-03-18,22688.55,22696.8,22665.55,22681.15,09:45:00,22596.374520147336,1,7
2025-03-18,22681.05,22702.05,22680.2,22688.65,09:50:00,22604.43885156188,1,8
2025-03-18,22683.4,22688.35,22671.35,22680.4,09:55:00,22611.95896093693,1,9
2025-03-18,22738.15,22740.95,22681.45,22684.2,10:00:00,22623.977155133416,1,10
2025-03-18,22739.5,22751.05,22731.1,22739.3,10:05:00,22634.979330835,1,11
2025-03-18,22745.35,22748.2,22724.9,22740.9,10:10:00,22645.490823136428,1,12
2025-03-18,22747.85,22752.4,22729.4,22746.5,10:15:00,22655.239316171053,1,13
2025-03-18,22738.65,22750.45,22734.25,22748.05,10:20:00,22663.18319082143,1,14
2025-03-18,22763.25,22763.25,22732.35,22738.5,10:25:00,22672.713363124152,1,15
2025-03-18,22761.75,22768.1,22753.45,22764.6,10:30:00,22681.193042826613,1,16
2025-03-18,22762.65,22764.65,22752.55,22762.05,10:35:00,22688.9508482717,1,17
2025-03-18,22773.4,22774.3,22756.5,22762.0,10:40:00,22696.99362462678,1,18
2025-03-18,22759.15,22774.1,22758.1,22773.85,10:45:00,22702.91327942423,1,19
2025-03-18,22760.35,22772.4,22756.45,22758.65,10:50:00,22708.383443288585,1,20
2025-03-18,22750.8,22766.35,22746.55,22760.4,10:55:00,22712.423115356338,1,21
2025-03-18,22753.4,22755.1,22739.65,22751.35,11:00:00,22716.32567579859,1,22
2025-03-18,22754.15,22755.45,22741.05,22753.25,11:05:00,22719.9279923892,1,23
2025-03-18,22757.05,22764.8,22752.45,22753.95,11:10:00,22723.463421685465,1,24
2025-03-18,22749.85,22757.65,22747.25,22757.2,11:15:00,22725.976429144,1,25
2025-03-18,22753.65,22754.3,22741.9,22749.35,11:20:00,22728.61200732076,1,26
2025-03-18,22753.6,22754.6,22742.2,22753.3,11:25:00,22730.99181614735,1,27
2025-03-18,22770.1,22776.95,22753.25,22753.7,11:30:00,22734.71640508569,1,28
2025-03-18,22775.45,22780.55,22766.85,22770.1,11:35:00,22738.595795077534,1,29
2025-03-18,22765.65,22779.45,22764.15,22775.3,11:40:00,22741.17238602253,1,30
2025-03-18,22772.8,22775.15,22759.05,22765.45,11:45:00,22744.18453973467,1,31
2025-03-18,22770.5,22781.1,22768.2,22772.6,11:50:00,22746.69077404565,1,32
2025-03-18,22769.9,22773.35,22761.65,22770.5,11:55:00,22748.90117651749,1,33
2025-03-18,22776.4,22777.0,22768.55,22769.1,12:00:00,22751.52011208726,1,34
2025-03-18,22770.3,22776.75,22760.65,22775.6,12:05:00,22753.308672840853,1,35
2025-03-18,22769.65,22774.1,22764.05,22769.8,12:10:00,22754.86498971315,1,36
2025-03-18,22759.5,22770.4,22756.75,22769.85,12:15:00,22755.30641926428,1,37
2025-03-18,22756.95,22764.9,22752.95,22759.65,12:20:00,22755.46295076292,1,38
2025-03-18,22730.8,22760.45,22729.15,22757.75,12:25:00,22753.114098309303,1,39
2025-03-18,22726.55,22745.05,22711.15,22731.15,12:30:00,22750.58418418461,1,40
2025-03-18,22719.15,22734.3,22707.95,22726.45,12:35:00,22747.59045235751,1,41
2025-03-18,22703.9,22725.1,22702.7,22716.35,12:40:00,22743.42945689489,1,42
2025-03-18,22699.25,22714.6,22697.75,22704.95,12:45:00,22739.221889571567,1,43
2025-03-18,22730.2,22730.75,22699.4,22700.75,12:50:00,22738.362661993324,1,44
2025-03-18,22736.3,22736.3,22725.15,22732.5,12:55:00,22738.16621799396,1,45
2025-03-18,22749.2,22752.65,22737.1,22738.35,13:00:00,22739.217054375487,1,46
2025-03-18,22754.15,22757.75,22745.15,22750.4,13:05:00,22740.63923967306,1,47
2025-03-18,22761.2,22762.85,22751.0,22755.3,13:10:00,22742.597407323243,1,48
2025-03-18,22782.0,22783.25,22758.6,22762.4,13:15:00,22746.35003519722,1,49
2025-03-18,22778.2,22784.1,22775.65,22783.35,13:20:00,22749.38336517844,1,50
2025-03-18,22771.1,22779.45,22765.6,22779.45,13:25:00,22751.451616113824,1,51
2025-03-18,22769.7,22780.45,22768.25,22772.75,13:30:00,22753.189557436315,1,52
2025-03-18,22782.2,22785.35,22767.0,22771.0,13:35:00,22755.952456728097,1,53
2025-03-18,22783.3,22786.8,22780.9,22782.75,13:40:00,22758.55698465876,1,54
2025-03-18,22778.75,22786.8,22774.2,22784.95,13:45:00,22760.480128976968,1,55
2025-03-18,22790.15,22791.25,22776.7,22780.65,13:50:00,22763.305830979163,1,56
2025-03-18,22787.65,22797.3,22786.25,22791.9,13:55:00,22765.62432326686,1,57
2025-03-18,22790.25,22798.3,22787.5,22788.8,14:00:00,22767.969625812875,1,58
2025-03-18,22785.7,22793.5,22782.7,22790.5,14:05:00,22769.658232878315,1,59
2025-03-18,22774.35,22786.5,22772.65,22786.5,14:10:00,22770.105067842287,1,60
2025-03-18,22774.25,22780.95,22771.95,22775.45,14:15:00,22770.49982328588,1,61
2025-03-18,22782.0,22783.35,22770.35,22775.35,14:20:00,22771.59507821104,1,62
2025-03-18,22792.75,22795.5,22780.15,22783.1,14:25:00,22773.609832667127,1,63
2025-03-18,22791.6,22797.0,22786.15,22793.8,14:30:00,22775.323181936925,1,64
2025-03-18,22790.8,22793.9,22787.0,22791.2,14:35:00,22776.7971646096,1,65
2025-03-18,22794.15,22795.05,22786.1,22790.85,14:40:00,22778.44981559916,1,66
2025-03-18,22798.65,22801.6,22793.05,22794.85,14:45:00,22780.37364268496,1,67
2025-03-18,22796.4,22801.55,22793.75,22799.1,14:50:00,22781.89996242924,1,68
2025-03-18,22804.55,22810.55,22794.6,22796.35,14:55:00,22784.05710886455,1,69
2025-03-18,22814.8,22819.3,22805.6,22805.6,15:00:00,22786.9850032584,1,70
2025-03-18,22834.4,22835.1,22810.7,22814.4,15:05:00,22791.50071723379,1,71
2025-03-18,22842.95,22845.35,22830.25,22833.35,15:10:00,22796.40064892581,1,72
2025-03-18,22849.35,22849.65,22833.95,22842.1,15:15:00,22801.44344426621,1,73
2025-03-18,22855.8,22857.25,22848.05,22848.65,15:20:00,22806.620259098,1,74
2025-03-18,22848.75,22856.85,22845.0,22854.7,15:25:00,22810.63261537438,1,75
2025-03-19,22877.3,22885.7,22831.15,22883.05,09:15:00,22822.52397766474,2,1
2025-03-19,22811.85,22877.7,22811.85,22877.4,09:20:00,22821.507408363334,2,2
2025-03-19,22848.95,22853.95,22808.6,22811.95,09:25:00,22824.120988519204,2,3
2025-03-19,22843.3,22863.95,22836.45,22848.45,09:30:00,22825.947561041183,2,4
2025-03-19,22818.55,22846.9,22812.15,22842.75,09:35:00,22825.243031418213,2,5
2025-03-19,22857.65,22858.55,22816.5,22818.8,09:40:00,22828.329409378384,2,6
2025-03-19,22872.85,22877.65,22852.55,22857.8,09:45:00,22832.56946562806,2,7
2025-03-19,22867.55,22877.8,22859.9,22873.05,09:50:00,22835.900945092053,2,8
2025-03-19,22864.3,22871.6,22856.05,22867.6,09:55:00,22838.605616988047,2,9
2025-03-19,22869.2,22879.7,22863.95,22864.65,10:00:00,22841.51936775109,2,10
2025-03-19,22845.75,22871.9,22845.75,22868.25,10:05:00,22841.92228510813,2,11
2025-03-19,22864.1,22866.85,22840.45,22844.85,10:10:00,22844.034448431164,2,12
2025-03-19,22899.35,22900.5,22864.05,22864.05,10:15:00,22849.302596199625,2,13
2025-03-19,22909.1,22910.2,22889.8,22899.25,10:20:00,22854.99758703776,2,14
2025-03-19,22897.3,22909.8,22890.8,22908.5,10:25:00,22859.02638827225,2,15
2025-03-19,22895.25,22901.7,22888.45,22897.25,10:30:00,22862.47625605585,2,16
2025-03-19,22900.9,22904.3,22895.55,22895.95,10:35:00,22866.135660241005,2,17
2025-03-19,22907.9,22909.55,22894.05,22901.0,10:40:00,22870.11321640853,2,18
2025-03-19,22882.25,22911.35,22880.2,22907.9,10:45:00,22871.269100560097,2,19
2025-03-19,22880.9,22886.7,22865.3,22882.15,10:50:00,22872.186329078184,2,20
2025-03-19,22901.6,22903.5,22878.55,22880.85,10:55:00,22874.987631070737,2,21
2025-03-19,22908.55,22914.25,22900.9,22901.2,11:00:00,22878.18404715924,2,22
2025-03-19,22903.95,22909.45,22901.5,22908.1,11:05:00,22880.637947429783,2,23
2025-03-19,22902.5,22908.4,22888.25,22903.2,11:10:00,22882.72004767457,2,24
2025-03-19,22896.95,22905.65,22890.6,22902.5,11:15:00,22884.075281229376,2,25
2025-03-19,22890.3,22904.55,22888.7,22897.45,11:20:00,22884.66811158848,2,26
2025-03-19,22891.0,22892.45,22881.45,22888.85,11:25:00,22885.271148580054,2,27
2025-03-19,22898.55,22898.55,22883.75,22891.1,11:30:00,22886.53580109624,2,28
2025-03-19,22897.3,22900.25,22892.9,22898.2,11:35:00,22887.5609628966,2,29
2025-03-19,22888.75,22905.35,22887.25,22897.15,11:40:00,22887.67420452549,2,30
2025-03-19,22889.95,22891.75,22875.45,22889.1,11:45:00,22887.89094695164,2,31
2025-03-19,22900.2,22900.2,22888.05,22889.9,11:50:00,22889.063237718143,2,32
2025-03-19,22904.45,22907.15,22898.8,22899.3,11:55:00,22890.528643649748,2,33
2025-03-19,22901.7,22907.05,22900.15,22904.4,12:00:00,22891.59258234977,2,34
2025-03-19,22883.85,22903.05,22881.65,22902.15,12:05:00,22890.85519355456,2,35
2025-03-19,22887.15,22893.1,22881.35,22883.7,12:10:00,22890.50231797793,2,36
2025-03-19,22902.2,22904.25,22885.55,22887.65,12:15:00,22891.616382932418,2,37
2025-03-19,22904.35,22911.25,22900.05,22901.9,12:20:00,22892.829108367423,2,38
2025-03-19,22901.3,22914.2,22900.3,22905.1,12:25:00,22893.63585995148,2,39
2025-03-19,22906.9,22908.55,22899.05,22900.6,12:30:00,22894.89911138467,2,40
2025-03-19,22910.4,22915.1,22905.15,22907.0,12:35:00,22896.37538649089,2,41
2025-03-19,22906.6,22914.6,22905.15,22910.55,12:40:00,22897.349159206045,2,42
2025-03-19,22931.25,22931.9,22906.5,22906.85,12:45:00,22900.577810710234,2,43
2025-03-19,22925.5,22935.0,22921.85,22932.4,12:50:00,22902.951352547352,2,44
2025-03-19,22934.0,22936.9,22923.85,22926.1,12:55:00,22905.90836659046,2,45
2025-03-19,22917.35,22939.45,22916.9,22935.4,13:00:00,22906.9980459628,2,46
2025-03-19,22893.55,22922.1,22893.0,22919.5,13:05:00,22905.717279680623,2,47
2025-03-19,22903.9,22905.95,22882.8,22895.45,13:10:00,22905.54420542533,2,48
2025-03-19,22925.15,22925.8,22898.55,22904.6,13:15:00,22907.411423956248,2,49
2025-03-19,22925.0,22927.8,22919.15,22925.7,13:20:00,22909.086526436604,2,50
2025-03-19,22914.4,22926.05,22909.9,22926.05,13:25:00,22909.59257153788,2,51
2025-03-19,22915.3,22924.0,22913.2,22915.85,13:30:00,22910.13613615332,2,52
2025-03-19,22925.0,22928.15,22912.05,22916.25,13:35:00,22911.551742233954,2,53
2025-03-19,22917.45,22925.55,22912.35,22925.55,13:40:00,22912.113481068816,2,54
2025-03-19,22904.7,22918.85,22903.5,22918.15,13:45:00,22911.40743525274,2,55
2025-03-19,22906.75,22909.95,22899.35,22905.7,13:50:00,22910.963869990574,2,56
2025-03-19,22913.65,22913.8,22903.5,22907.75,13:55:00,22911.21969189624,2,57
2025-03-19,22922.0,22922.25,22907.8,22913.1,14:00:00,22912.246387906114,2,58
2025-03-19,22916.7,22923.7,22916.45,22921.95,14:05:00,22912.670541438863,2,59
2025-03-19,22908.75,22918.25,22904.95,22916.4,14:10:00,22912.297156539924,2,60
2025-03-19,22917.75,22918.0,22905.3,22909.35,14:15:00,22912.81647496469,2,61
2025-03-19,22922.95,22924.2,22913.45,22918.6,14:20:00,22913.781572587097,2,62
2025-03-19,22927.4,22929.05,22920.35,22923.5,14:25:00,22915.07856567404,2,63
2025-03-19,22925.95,22929.2,22920.0,22927.55,14:30:00,22916.11394037176,2,64
2025-03-19,22932.2,22934.95,22924.1,22927.0,14:35:00,22917.64594605064,2,65
2025-03-19,22933.8,22937.4,22928.25,22932.6,14:40:00,22919.184427379147,2,66
2025-03-19,22932.1,22936.9,22924.75,22934.8,14:45:00,22920.414481914468,2,67
2025-03-19,22927.8,22937.7,22926.95,22933.35,14:50:00,22921.11786458928,2,68
2025-03-19,22931.0,22933.15,22923.5,22928.35,14:55:00,22922.059020342684,2,69
2025-03-19,22919.4,22933.65,22919.4,22931.85,15:00:00,22921.80578031005,2,70
2025-03-19,22919.4,22919.7,22905.45,22919.7,15:05:00,22921.57665837576,2,71
2025-03-19,22911.55,22921.55,22908.55,22920.25,15:10:00,22920.621738530444,2,72
2025-03-19,22899.85,22912.3,22898.5,22912.3,15:15:00,22918.643477718026,2,73
2025-03-19,22904.15,22904.6,22895.9,22900.6,15:20:00,22917.26314650678,2,74
2025-03-19,22911.8,22917.7,22899.3,22904.5,15:25:00,22916.742846839465,2,75
2025-03-20,23022.0,23029.9,22995.4,23027.55,09:15:00,22937.09516487312,3,1
2025-03-20,23058.45,23061.85,23013.5,23022.3,09:20:00,22948.652768218537,3,2
2025-03-20,23065.2,23065.2,23033.05,23059.45,09:25:00,22959.75250457868,3,3
2025-03-20,23065.65,23070.1,23055.55,23064.65,09:30:00,22969.83798033309,3,4
2025-03-20,23046.85,23070.8,23043.1,23066.05,09:35:00,22977.17245839661,3,5
2025-03-20,23053.55,23057.4,23034.1,23046.4,09:40:00,22984.44650997788,3,6
2025-03-20,23021.25,23055.45,23018.6,23054.25,09:45:00,22987.9516042657,3,7
2025-03-20,23027.55,23035.55,23005.65,23022.05,09:50:00,22991.72288004992,3,8
2025-03-20,23025.7,23040.3,23020.05,23026.7,09:55:00,22994.95879623564,3,9
2025-03-20,23040.3,23045.65,23013.25,23026.4,10:00:00,22999.27700611796,3,10
2025-03-20,22987.05,23041.05,22982.5,23040.6,10:05:00,22998.112529344824,3,11
2025-03-20,22987.65,22994.1,22974.15,22986.85,10:10:00,22997.11609797865,3,12
2025-03-20,23024.15,23034.9,22982.05,22987.3,10:15:00,22999.69075531402,3,13
2025-03-20,23036.9,23040.35,23020.05,23023.9,10:20:00,23003.23449290316,3,14
2025-03-20,23048.15,23050.7,23033.3,23037.6,10:25:00,23007.512160245715,3,15
2025-03-20,23049.65,23059.1,23042.15,23047.0,10:30:00,23011.525287841363,3,16
2025-03-20,23047.6,23052.95,23042.85,23049.95,10:35:00,23014.960974713613,3,17
2025-03-20,23035.95,23049.9,23033.05,23047.5,10:40:00,23016.959929502795,3,18
2025-03-20,23037.6,23039.95,23025.55,23035.75,10:45:00,23018.92565050253,3,19
2025-03-20,23026.95,23037.05,23021.6,23036.95,10:50:00,23019.6898742642,3,20
2025-03-20,23039.9,23045.0,23025.6,23026.45,10:55:00,23021.6146481438,3,21
2025-03-20,23039.5,23050.4,23034.8,23039.8,11:00:00,23023.31801498724,3,22
2025-03-20,23040.65,23047.8,23039.0,23039.55,11:05:00,23024.96868022655,3,23
2025-03-20,23063.55,23068.25,23039.6,23040.8,11:10:00,23028.643091633545,3,24
2025-03-20,23051.6,23067.55,23051.55,23063.95,11:15:00,23030.82946385892,3,25
2025-03-20,23054.5,23055.05,23042.65,23052.35,11:20:00,23033.083800634264,3,26
2025-03-20,23053.25,23057.6,23045.25,23054.65,11:25:00,23035.004391050046,3,27
2025-03-20,23045.65,23056.2,23045.35,23053.25,11:30:00,23036.01825856909,3,28
2025-03-20,23051.6,23057.1,23042.65,23045.35,11:35:00,23037.50223394345,3,29
2025-03-20,23057.5,23057.5,23048.05,23051.75,11:40:00,23039.4067830917,3,30
2025-03-20,23055.2,23061.2,23052.85,23057.1,11:45:00,23040.91089898773,3,31
2025-03-20,23058.65,23061.9,23052.55,23054.55,11:50:00,23042.60033717937,3,32
2025-03-20,23063.15,23069.7,23057.75,23058.7,11:55:00,23044.557447924195,3,33
2025-03-20,23069.05,23072.7,23061.35,23063.25,12:00:00,23046.89007193141,3,34
2025-03-20,23069.15,23071.25,23063.85,23068.5,12:05:00,23049.0100650808,3,35
2025-03-20,23072.55,23073.75,23063.4,23069.1,12:10:00,23051.251963644536,3,36
2025-03-20,23080.5,23082.45,23071.8,23072.9,12:15:00,23054.03749091648,3,37
2025-03-20,23075.3,23082.85,23072.65,23080.95,12:20:00,23056.06249178158,3,38
2025-03-20,23080.4,23081.65,23071.7,23075.15,12:25:00,23058.380349707146,3,39
2025-03-20,23079.75,23084.4,23072.95,23080.85,12:30:00,23060.415554496936,3,40
2025-03-20,23088.75,23088.75,23078.55,23079.65,12:35:00,23063.11407311628,3,41
2025-03-20,23093.7,23095.6,23083.0,23088.9,12:40:00,23066.027018533776,3,42
2025-03-20,23101.1,23106.3,23088.85,23093.75,12:45:00,23069.36730248294,3,43
2025-03-20,23108.1,23112.5,23099.45,23101.5,12:50:00,23073.0561308179,3,44
2025-03-20,23114.0,23114.4,23105.25,23108.65,12:55:00,23076.95554693048,3,45
2025-03-20,23100.6,23115.2,23096.2,23114.45,13:00:00,23079.207399603765,3,46
2025-03-20,23113.25,23115.0,23098.15,23100.8,13:05:00,23082.44955202245,3,47
2025-03-20,23143.35,23145.85,23112.5,23113.85,13:10:00,23088.249594686986,3,48
2025-03-20,23156.3,23159.55,23132.7,23143.55,13:15:00,23094.73058566917,3,49
2025-03-20,23164.35,23178.6,23153.2,23156.75,13:20:00,23101.361006081635,3,50
2025-03-20,23161.2,23168.5,23152.65,23163.95,13:25:00,23107.059957883383,3,51
2025-03-20,23169.1,23174.55,23158.55,23161.3,13:30:00,23112.96853332306,3,52
2025-03-20,23179.2,23184.5,23166.85,23170.4,13:35:00,23119.2762920542,3,53
2025-03-20,23177.7,23185.05,23169.15,23178.75,13:40:00,23124.840454715704,3,54
2025-03-20,23176.45,23179.75,23166.95,23177.45,13:45:00,23129.755649504685,3,55
2025-03-20,23184.4,23191.25,23172.45,23175.55,13:50:00,23134.959873361386,3,56
2025-03-20,23189.9,23195.1,23181.0,23184.85,13:55:00,23140.192266374583,3,57
2025-03-20,23200.15,23200.75,23186.8,23190.2,14:00:00,23145.90252671986,3,58
2025-03-20,23186.65,23205.8,23185.05,23199.75,14:05:00,23149.783238460823,3,59
2025-03-20,23182.4,23191.05,23179.25,23186.3,14:10:00,23152.88959670265,3,60
2025-03-20,23181.9,23188.35,23171.3,23183.2,14:15:00,23155.65249225478,3,61
2025-03-20,23199.15,23200.9,23177.45,23182.35,14:20:00,23159.79511204004,3,62
2025-03-20,23209.95,23212.95,23193.55,23198.85,14:25:00,23164.571768036225,3,63
2025-03-20,23213.6,23216.05,23207.05,23209.95,14:30:00,23169.241123461343,3,64
2025-03-20,23206.45,23214.15,23199.4,23214.15,14:35:00,23172.784825988834,3,65
2025-03-20,23195.0,23208.15,23193.35,23207.2,14:40:00,23174.90055684704,3,66
2025-03-20,23198.0,23204.95,23189.0,23195.2,14:45:00,23177.100503813985,3,67
2025-03-20,23209.75,23213.7,23198.25,23200.0,14:50:00,23180.209979641226,3,68
2025-03-20,23205.05,23214.75,23203.75,23209.3,14:55:00,23182.57569586587,3,69
2025-03-20,23192.5,23207.5,23192.05,23206.2,15:00:00,23183.52086768817,3,70
2025-03-20,23198.75,23200.45,23189.15,23192.25,15:05:00,23184.97126124168,3,71
2025-03-20,23183.85,23199.45,23183.5,23199.45,15:10:00,23184.86447445676,3,72
2025-03-20,23188.15,23189.45,23179.55,23183.95,15:15:00,23185.177381651352,3,73
2025-03-20,23183.4,23190.75,23183.4,23187.7,15:20:00,23185.008107208367,3,74
2025-03-20,23165.7,23188.95,23162.25,23183.2,15:25:00,23183.16923985519,3,75
2025-03-21,23194.75,23197.75,23134.3,23168.25,09:15:00,23182.98661131003,4,1
2025-03-21,23162.55,23198.25,23157.7,23197.85,09:20:00,23181.04026737574,4,2
2025-03-21,23194.45,23197.45,23155.1,23162.8,09:25:00,23182.31738476853,4,3
2025-03-21,23225.5,23225.5,23182.6,23196.2,09:30:00,23186.43001479057,4,4
2025-03-21,23248.45,23249.5,23220.35,23225.6,09:35:00,23192.33668004862,4,5
2025-03-21,23273.85,23276.35,23239.5,23247.5,09:40:00,23200.09985337732,4,6
2025-03-21,23255.45,23275.2,23254.95,23273.7,09:45:00,23205.371295912813,4,7
2025-03-21,23257.7,23261.05,23248.1,23255.1,09:50:00,23210.35498201636,4,8
2025-03-21,23264.05,23267.4,23249.55,23257.8,09:55:00,23215.46879325289,4,9
2025-03-21,23250.65,23265.5,23240.95,23263.95,10:00:00,23218.81938437166,4,10
2025-03-21,23271.1,23275.0,23250.9,23251.6,10:05:00,23223.79849062198,4,11
2025-03-21,23257.1,23271.0,23251.15,23269.95,10:10:00,23226.970062943696,4,12
2025-03-21,23257.95,23258.0,23247.9,23257.3,10:15:00,23229.92053313953,4,13
2025-03-21,23263.7,23266.3,23256.3,23259.25,10:20:00,23233.137625221483,4,14
2025-03-21,23298.9,23298.9,23262.25,23263.25,10:25:00,23239.400708533725,4,15
2025-03-21,23301.7,23307.3,23293.4,23298.5,10:30:00,23245.333974387657,4,16
2025-03-21,23311.65,23316.6,23292.05,23300.55,10:35:00,23251.64978635074,4,17
2025-03-21,23309.65,23318.95,23306.35,23311.9,10:40:00,23257.1736162221,4,18
2025-03-21,23341.5,23343.3,23306.15,23309.3,10:45:00,23265.204700391423,4,19
2025-03-21,23346.25,23357.55,23340.45,23341.75,10:50:00,23272.923300354145,4,20
2025-03-21,23339.55,23347.8,23332.6,23346.35,10:55:00,23279.268700320416,4,21
2025-03-21,23346.15,23350.15,23339.2,23339.2,11:00:00,23285.63834790895,4,22
2025-03-21,23338.95,23356.3,23337.8,23346.4,11:05:00,23290.715648108097,4,23
2025-03-21,23331.5,23339.45,23321.45,23338.35,11:10:00,23294.5998720978,4,24
2025-03-21,23343.85,23345.85,23326.5,23331.15,11:15:00,23299.29036046944,4,25
2025-03-21,23342.05,23362.05,23341.5,23343.6,11:20:00,23303.3627070914,4,26
2025-03-21,23349.7,23352.4,23339.15,23342.6,11:25:00,23307.775782606503,4,27
2025-03-21,23362.4,23370.65,23347.65,23348.5,11:30:00,23312.97808902493,4,28
2025-03-21,23356.75,23363.75,23356.75,23362.1,11:35:00,23317.14684245113,4,29
2025-03-21,23336.5,23356.7,23330.65,23356.55,11:40:00,23318.99000031293,4,30
2025-03-21,23339.9,23348.2,23331.55,23336.25,11:45:00,23320.98142885455,4,31
2025-03-21,23347.9,23349.5,23338.95,23340.0,11:50:00,23323.54510229697,4,32
2025-03-21,23345.7,23355.15,23344.85,23347.75,11:55:00,23325.655092554403,4,33
2025-03-21,23359.65,23362.9,23345.1,23345.5,12:00:00,23328.89270278732,4,34
2025-03-21,23360.2,23364.9,23354.65,23359.4,12:05:00,23331.874350140908,4,35
2025-03-21,23356.5,23368.9,23356.0,23360.2,12:10:00,23334.21965012749,4,36
2025-03-21,23357.6,23361.45,23350.8,23355.85,12:15:00,23336.446350115348,4,37
2025-03-21,23378.6,23389.5,23357.1,23358.45,12:20:00,23340.460983437697,4,38
2025-03-21,23374.6,23390.25,23369.85,23378.3,12:25:00,23343.7123183484,4,39
2025-03-21,23371.1,23380.65,23369.9,23374.45,12:30:00,23346.32066898188,4,40
2025-03-21,23377.45,23381.2,23364.75,23371.35,12:35:00,23349.28536717408,4,41
2025-03-21,23388.4,23392.15,23374.0,23377.6,12:40:00,23353.01057030036,4,42
2025-03-21,23380.05,23389.35,23373.05,23388.3,12:45:00,23355.58575408128,4,43
2025-03-21,23396.15,23399.45,23375.55,23378.35,12:50:00,23359.449015597347,4,44
2025-03-21,23399.85,23401.85,23391.0,23396.1,12:55:00,23363.2967283976,4,45
2025-03-21,23386.6,23401.2,23383.55,23399.45,13:00:00,23365.51608759783,4,46
2025-03-21,23387.8,23395.25,23384.45,23387.6,13:05:00,23367.638364969465,4,47
2025-03-21,23371.4,23393.6,23366.95,23387.25,13:10:00,23367.996615924752,4,48
2025-03-21,23362.85,23373.15,23349.95,23371.15,13:15:00,23367.506462027155,4,49
2025-03-21,23375.75,23381.4,23362.4,23362.75,13:20:00,23368.29156088172,4,50
2025-03-21,23382.1,23386.8,23374.1,23374.55,13:25:00,23369.606650321548,4,51
2025-03-21,23346.65,23384.55,23336.65,23381.55,13:30:00,23367.42030267188,4,52
2025-03-21,23327.4,23346.55,23322.1,23345.3,13:35:00,23363.60884527456,4,53
2025-03-21,23333.8,23344.6,23313.05,23328.0,13:40:00,23360.76990762936,4,54
2025-03-21,23307.75,23334.55,23304.9,23334.45,13:45:00,23355.72039261704,4,55
2025-03-21,23282.95,23310.05,23281.6,23306.85,13:50:00,23348.789879034463,4,56
2025-03-21,23319.9,23320.15,23277.05,23283.2,13:55:00,23346.038461983564,4,57
2025-03-21,23329.45,23342.75,23316.8,23319.2,14:00:00,23344.45860846132,4,58
2025-03-21,23340.95,23347.25,23328.4,23329.45,14:05:00,23344.124455274527,4,59
2025-03-21,23335.95,23352.2,23330.4,23340.55,14:10:00,23343.345935724574,4,60
2025-03-21,23355.25,23356.35,23334.75,23335.1,14:15:00,23344.47965613176,4,61
2025-03-21,23368.3,23371.85,23349.55,23354.65,14:20:00,23346.748260309683,4,62
2025-03-21,23378.55,23379.8,23363.1,23367.3,14:25:00,23349.776997423047,4,63
2025-03-21,23360.4,23378.95,23360.0,23378.8,14:30:00,23350.788711954185,4,64
2025-03-21,23363.1,23366.75,23353.8,23361.45,14:35:00,23351.9612155776,4,65
2025-03-21,23351.95,23364.2,23343.8,23362.85,14:40:00,23351.960147427348,4,66
2025-03-21,23340.5,23351.85,23333.7,23351.85,14:45:00,23350.86870481522,4,67
2025-03-21,23346.05,23352.95,23336.35,23340.0,14:50:00,23350.409780547103,4,68
2025-03-21,23340.75,23350.35,23336.05,23345.15,14:55:00,23349.489801447384,4,69
2025-03-21,23338.8,23349.55,23330.3,23341.75,15:00:00,23348.471725119063,4,70
2025-03-21,23358.15,23359.45,23336.1,23339.5,15:05:00,23349.393465583915,4,71
2025-03-21,23348.7,23360.45,23348.15,23358.6,15:10:00,23349.32742124259,4,72
2025-03-21,23345.85,23350.75,23339.1,23348.8,15:15:00,23348.996238267107,4,73
2025-03-21,23360.05,23364.8,23344.9,23345.5,15:20:00,23350.048977479764,4,74
2025-03-21,23352.2,23373.55,23350.9,23360.8,15:25:00,23350.25383676741,4,75
2025-03-24,23514.05,23517.95,23469.1,23487.95,09:15:00,23380.083753000075,0,1
2025-03-24,23518.4,23519.45,23483.25,23513.2,09:20:00,23393.256728904827,0,2
2025-03-24,23500.0,23518.1,23494.7,23518.1,09:25:00,23403.42275472341,0,3
2025-03-24,23454.9,23498.9,23453.85,23498.9,09:30:00,23408.325349511662,0,4
2025-03-24,23439.65,23471.9,23439.65,23453.9,09:35:00,23411.30864955817,0,5
2025-03-24,23472.9,23489.15,23433.75,23440.1,09:40:00,23417.17449245739,0,6
2025-03-24,23502.65,23505.0,23471.9,23475.3,09:45:00,23425.315016985256,0,7
2025-03-24,23507.5,23525.8,23498.85,23502.55,09:50:00,23433.14215822476,0,8
2025-03-24,23542.1,23545.9,23507.6,23508.85,09:55:00,23443.51909553668,0,9
2025-03-24,23550.2,23559.65,23534.5,23542.9,10:00:00,23453.679181676045,0,10
2025-03-24,23545.55,23553.3,23541.45,23550.75,10:05:00,23462.428783421183,0,11
2025-03-24,23544.05,23554.8,23538.25,23545.5,10:10:00,23470.20223261917,0,12
2025-03-24,23559.05,23559.05,23536.2,23544.15,10:15:00,23478.66392475068,0,13
2025-03-24,23545.4,23561.6,23542.7,23559.25,10:20:00,23485.01974144109,0,14
2025-03-24,23559.2,23567.45,23544.3,23545.3,10:25:00,23492.08452797051,0,15
2025-03-24,23560.0,23570.4,23558.75,23559.6,10:30:00,23498.5526681638,0,16
2025-03-24,23572.5,23583.0,23558.05,23561.0,10:35:00,23505.595271195813,0,17
2025-03-24,23576.45,23589.55,23571.85,23571.85,10:40:00,23512.343340605737,0,18
2025-03-24,23590.85,23590.85,23573.1,23577.4,10:45:00,23519.82016530996,0,19
2025-03-24,23594.1,23599.1,23587.05,23590.9,10:50:00,23526.894435280432,0,20
2025-03-24,23624.45,23624.45,23593.95,23594.7,10:55:00,23536.1854414442,0,21
2025-03-24,23630.2,23638.35,23611.0,23625.25,11:00:00,23545.139208925702,0,22
2025-03-24,23611.75,23631.7,23610.5,23630.05,11:05:00,23551.483093789924,0,23
2025-03-24,23614.1,23619.0,23595.5,23611.3,11:10:00,23557.44660866708,0,24
2025-03-24,23602.25,23617.6,23597.7,23614.2,11:15:00,23561.71359831783,0,25
2025-03-24,23619.5,23623.55,23602.1,23602.45,11:20:00,23567.217065144705,0,26
2025-03-24,23631.0,23635.85,23618.55,23619.5,11:25:00,23573.29163036901,0,27
2025-03-24,23626.7,23643.0,23624.75,23630.1,11:30:00,23578.378141762445,0,28
2025-03-24,23600.9,23628.3,23598.6,23626.85,11:35:00,23580.52308064221,0,29
2025-03-24,23590.2,23605.7,23579.5,23602.0,11:40:00,23581.44469200962,0,30
2025-03-24,23609.8,23612.45,23589.65,23589.95,11:45:00,23584.14519753251,0,31
2025-03-24,23610.9,23611.1,23597.6,23609.85,11:50:00,23586.693273957982,0,32
2025-03-24,23621.35,23621.35,23606.65,23610.7,11:55:00,23589.993914533414,0,33
2025-03-24,23613.95,23623.45,23607.95,23621.35,12:00:00,23592.27544648261,0,34
2025-03-24,23616.7,23622.7,23607.65,23613.25,12:05:00,23594.60159443665,0,35
2025-03-24,23628.05,23630.5,23615.3,23615.3,12:10:00,23597.78715687125,0,36
2025-03-24,23638.9,23643.2,23625.1,23627.4,12:15:00,23601.702665740657,0,37
2025-03-24,23634.7,23643.35,23629.55,23639.4,12:20:00,23604.845269003454,0,38
2025-03-24,23646.7,23648.9,23630.2,23634.35,12:25:00,23608.83143386027,0,39
2025-03-24,23635.5,23650.2,23635.2,23646.55,12:30:00,23611.371297302147,0,40
2025-03-24,23633.35,23646.15,23633.35,23636.3,12:35:00,23613.464507082896,0,41
2025-03-24,23636.6,23639.5,23628.25,23633.8,12:40:00,23615.667887360712,0,42
2025-03-24,23642.85,23644.85,23627.95,23636.9,12:45:00,23618.256659993025,0,43
2025-03-24,23644.8,23646.3,23634.05,23642.75,12:50:00,23620.784597136542,0,44
2025-03-24,23622.85,23647.05,23613.25,23645.5,12:55:00,23620.98130217116,0,45
2025-03-24,23632.35,23636.7,23616.1,23622.4,13:00:00,23622.06403529772,0,46
2025-03-24,23647.45,23648.75,23631.4,23632.95,13:05:00,23624.481746221747,0,47
2025-03-24,23654.65,23656.2,23641.7,23647.45,13:10:00,23627.354913248248,0,48
2025-03-24,23650.9,23666.15,23649.3,23654.3,13:15:00,23629.597302462706,0,49
2025-03-24,23654.8,23659.1,23650.45,23651.05,13:20:00,23631.99755937101,0,50
2025-03-24,23660.6,23663.8,23654.25,23654.7,13:25:00,23634.72160133568,0,51
2025-03-24,23658.6,23662.65,23649.8,23661.35,13:30:00,23636.995734541808,0,52
2025-03-24,23657.75,23661.5,23648.5,23659.0,13:35:00,23638.97233125211,0,53
2025-03-24,23650.45,23662.3,23648.3,23657.7,13:40:00,23640.06544256144,0,54
2025-03-24,23638.5,23651.15,23628.55,23650.7,13:45:00,23639.91635279368,0,55
2025-03-24,23654.8,23658.85,23637.35,23638.65,13:50:00,23641.3338430038,0,56
2025-03-24,23670.0,23672.05,23653.55,23654.65,13:55:00,23644.06395319392,0,57
2025-03-24,23671.85,23677.05,23664.3,23670.6,14:00:00,23646.710243365924,0,58
2025-03-24,23666.25,23674.4,23662.95,23671.5,14:05:00,23648.57117256917,0,59
2025-03-24,23687.35,23690.35,23664.2,23666.25,14:10:00,23652.26439422925,0,60
2025-03-24,23688.45,23691.3,23681.8,23687.3,14:15:00,23655.71064239789,0,61
2025-03-24,23697.85,23700.6,23682.8,23688.8,14:20:00,23659.723914550475,0,62
2025-03-24,23687.85,23708.05,23686.45,23698.35,14:25:00,23662.40258935519,0,63
2025-03-24,23674.95,23690.35,23673.4,23688.05,14:30:00,23663.597580845173,0,64
2025-03-24,23677.35,23683.35,23669.35,23674.45,14:35:00,23664.9073350504,0,65
2025-03-24,23668.65,23681.1,23664.8,23678.5,14:40:00,23665.26377933131,0,66
2025-03-24,23670.85,23672.6,23662.55,23668.8,14:45:00,23665.795800347376,0,67
2025-03-24,23680.45,23681.75,23669.35,23670.75,14:50:00,23667.19143840953,0,68
2025-03-24,23671.75,23683.2,23669.45,23680.75,14:55:00,23667.625587132432,0,69
2025-03-24,23635.1,23671.5,23629.95,23670.35,15:00:00,23664.52791216744,0,70
2025-03-24,23656.45,23656.45,23629.9,23634.2,15:05:00,23663.75858719911,0,71
2025-03-24,23652.9,23658.5,23647.7,23656.55,15:10:00,23662.724436037293,0,72
2025-03-24,23661.2,23666.6,23651.9,23651.9,15:15:00,23662.57925165279,0,73
2025-03-24,23673.9,23677.5,23659.05,23660.45,15:20:00,23663.65741816205,0,74
2025-03-24,23674.15,23681.25,23670.0,23672.7,15:25:00,23664.65671167043,0,75
2025-03-25,23727.6,23764.6,23727.6,23752.85,09:15:00,23678.134405698467,1,1
2025-03-25,23685.75,23727.35,23684.85,23726.3,09:20:00,23678.85970039385,1,2
2025-03-25,23723.5,23725.3,23665.65,23684.35,09:25:00,23683.111157499203,1,3
2025-03-25,23760.0,23762.6,23720.9,23721.65,09:30:00,23690.43390440404,1,4
2025-03-25,23786.2,23793.8,23755.05,23761.55,09:35:00,23699.554484936987,1,5
2025-03-25,23788.1,23796.6,23781.0,23787.1,09:40:00,23707.987391133465,1,6
2025-03-25,23810.85,23813.2,23773.7,23788.0,09:45:00,23717.78383007313,1,7
2025-03-25,23845.25,23852.1,23808.95,23812.4,09:50:00,23729.923465304262,1,8
2025-03-25,23863.6,23869.15,23841.0,23845.05,09:55:00,23742.65456384672,1,9
2025-03-25,23833.0,23865.9,23826.15,23864.4,10:00:00,23751.25889109941,1,10
2025-03-25,23813.75,23846.6,23811.95,23833.7,10:05:00,23757.210425280417,1,11
2025-03-25,23770.4,23818.1,23770.4,23814.0,10:10:00,23758.466575253708,1,12
2025-03-25,23798.2,23815.4,23749.65,23769.35,10:15:00,23762.25071094383,1,13
2025-03-25,23813.8,23826.1,23798.8,23799.25,10:20:00,23767.16016704441,1,14
2025-03-25,23813.0,23826.35,23800.25,23815.05,10:25:00,23771.525865421143,1,15
2025-03-25,23781.05,23813.75,23780.7,23812.75,10:30:00,23772.43292585722,1,16
2025-03-25,23737.2,23780.75,23705.9,23780.35,10:35:00,23769.077409108915,1,17
2025-03-25,23761.1,23768.55,23711.4,23736.9,10:40:00,23768.317655860446,1,18
2025-03-25,23739.6,23768.15,23732.3,23763.0,10:45:00,23765.5826410166,1,19
2025-03-25,23718.0,23745.85,23714.45,23739.1,10:50:00,23761.050960919776,1,20
2025-03-25,23701.25,23717.1,23656.8,23716.5,10:55:00,23755.355631308368,1,21
2025-03-25,23698.95,23701.1,23672.85,23701.1,11:00:00,23749.983666421856,1,22
2025-03-25,23686.1,23724.35,23682.4,23697.8,11:05:00,23743.89950771501,1,23
2025-03-25,23701.1,23710.0,23681.35,23684.75,11:10:00,23739.82336412311,1,24
2025-03-25,23712.05,23722.65,23689.1,23701.0,11:15:00,23737.17828182567,1,25
2025-03-25,23671.75,23712.25,23670.65,23711.8,11:20:00,23730.94701688989,1,26
2025-03-25,23662.8,23680.9,23647.1,23669.7,11:25:00,23724.45682480514,1,27
2025-03-25,23683.85,23690.4,23659.6,23662.1,11:30:00,23720.58950815703,1,28
2025-03-25,23645.7,23687.15,23645.7,23683.4,11:35:00,23713.45717404684,1,29
2025-03-25,23642.55,23660.45,23631.9,23645.15,11:40:00,23706.704109851904,1,30
2025-03-25,23644.9,23666.35,23641.4,23641.9,11:45:00,23700.818004151723,1,31
2025-03-25,23677.6,23677.6,23628.35,23643.75,11:50:00,23698.606765661083,1,32
2025-03-25,23710.05,23710.05,23670.1,23677.4,11:55:00,23699.696597502883,1,33
2025-03-25,23705.85,23717.6,23700.5,23711.95,12:00:00,23700.28263583594,1,34
2025-03-25,23726.95,23730.0,23697.35,23706.2,12:05:00,23702.82238480395,1,35
2025-03-25,23693.15,23728.2,23686.55,23726.8,12:10:00,23701.90120529881,1,36
2025-03-25,23659.6,23696.8,23653.65,23693.55,12:15:00,23697.87251907988,1,37
2025-03-25,23687.4,23695.15,23656.5,23660.25,12:20:00,23696.87513631037,1,38
2025-03-25,23680.9,23690.0,23667.4,23689.25,12:25:00,23695.353694757,1,39
2025-03-25,23672.45,23695.75,23670.25,23681.45,12:30:00,23693.172390494423,1,40
2025-03-25,23694.0,23694.6,23665.55,23672.0,12:35:00,23693.25121044733,1,41
2025-03-25,23696.9,23699.4,23677.6,23694.95,12:40:00,23693.59871421425,1,42
2025-03-25,23701.25,23705.35,23687.3,23696.9,12:45:00,23694.32740809861,1,43
2025-03-25,23681.2,23703.9,23678.75,23701.25,12:50:00,23693.077178755884,1,44
2025-03-25,23684.8,23693.3,23675.4,23682.7,12:55:00,23692.288876017228,1,45
2025-03-25,23677.15,23688.6,23668.15,23684.2,13:00:00,23690.847078301304,1,46
2025-03-25,23685.8,23691.8,23668.0,23677.0,13:05:00,23690.36640417737,1,47
2025-03-25,23676.0,23695.55,23675.75,23685.55,13:10:00,23688.998175208097,1,48
2025-03-25,23656.35,23679.45,23644.3,23676.35,13:15:00,23685.88882518828,1,49
2025-03-25,23682.05,23688.2,23655.35,23657.0,13:20:00,23685.5232227894,1,50
2025-03-25,23667.5,23691.45,23663.0,23681.85,13:25:00,23683.80672538088,1,51
2025-03-25,23679.5,23685.25,23665.85,23665.85,13:30:00,23683.396561058893,1,52
2025-03-25,23713.75,23717.85,23678.5,23681.2,13:35:00,23686.28736476757,1,53
2025-03-25,23711.6,23719.05,23702.05,23714.3,13:40:00,23688.69809193256,1,54
2025-03-25,23729.2,23730.8,23703.75,23710.8,13:45:00,23692.55541651041,1,55
2025-03-25,23732.8,23741.55,23719.65,23729.4,13:50:00,23696.388233985614,1,56
2025-03-25,23733.1,23742.3,23725.65,23734.55,13:55:00,23699.88459265365,1,57
2025-03-25,23724.3,23733.45,23714.8,23729.45,14:00:00,23702.20986954377,1,58
2025-03-25,23725.55,23731.8,23716.7,23725.55,14:05:00,23704.432739111035,1,59
2025-03-25,23739.9,23744.1,23725.15,23725.9,14:10:00,23707.810573481413,1,60
2025-03-25,23722.65,23744.6,23718.9,23739.05,14:15:00,23709.22385219747,1,61
2025-03-25,23715.5,23728.95,23711.5,23720.55,14:20:00,23709.82158055961,1,62
2025-03-25,23702.0,23723.65,23701.7,23716.45,14:25:00,23709.076668125363,1,63
2025-03-25,23724.4,23724.7,23700.05,23701.65,14:30:00,23710.536033065804,1,64
2025-03-25,23721.0,23726.35,23713.9,23724.85,14:35:00,23711.53260134525,1,65
2025-03-25,23695.9,23722.1,23695.55,23721.0,14:40:00,23710.043782169512,1,66
2025-03-25,23692.05,23699.3,23683.85,23696.2,14:45:00,23708.33008862956,1,67
2025-03-25,23667.2,23697.6,23661.7,23692.25,14:50:00,23704.412937331508,1,68
2025-03-25,23682.7,23710.55,23665.2,23667.35,14:55:00,23702.34503853803,1,69
2025-03-25,23679.6,23695.8,23673.8,23682.4,15:00:00,23700.17884439156,1,70
2025-03-25,23689.15,23689.15,23670.2,23679.75,15:05:00,23699.128478259023,1,71
2025-03-25,23670.3,23692.25,23664.3,23689.8,15:10:00,23696.38290890102,1,72
2025-03-25,23669.0,23675.3,23651.5,23670.6,15:15:00,23693.77501281521,1,73
2025-03-25,23650.95,23673.05,23649.95,23669.3,15:20:00,23689.696440166143,1,74
2025-03-25,23605.95,23651.75,23603.5,23651.75,15:25:00,23681.72058872175,1,75
2025-03-26,23701.8,23709.7,23664.8,23698.7,09:15:00,23685.28986967925,2,1
2025-03-26,23722.85,23728.7,23701.0,23701.95,09:20:00,23688.867024947896,2,2
2025-03-26,23699.95,23735.9,23688.9,23722.55,09:25:00,23689.92254638143,2,3
2025-03-26,23684.15,23714.6,23675.35,23699.8,09:30:00,23689.37278005939,2,4
2025-03-26,23657.9,23696.2,23656.35,23681.95,09:35:00,23686.37537243469,2,5
2025-03-26,23646.2,23667.25,23641.4,23658.25,09:40:00,23682.549146488527,2,6
2025-03-26,23653.15,23662.9,23614.75,23645.75,09:45:00,23679.749227775334,2,7
2025-03-26,23650.35,23659.5,23628.15,23652.9,09:50:00,23676.949301320543,2,8
2025-03-26,23674.9,23687.85,23650.7,23651.75,09:55:00,23676.754129766206,2,9
2025-03-26,23666.45,23682.1,23650.85,23674.95,10:00:00,23675.772784074183,2,10
2025-03-26,23669.8,23671.4,23642.1,23666.3,10:05:00,23675.20394749569,2,11
2025-03-26,23679.15,23682.8,23663.7,23669.95,10:10:00,23675.579762019912,2,12
2025-03-26,23684.05,23688.55,23661.2,23679.75,10:15:00,23676.386451351347,2,13
2025-03-26,23657.25,23685.95,23656.85,23684.15,10:20:00,23674.563932175028,2,14
2025-03-26,23662.8,23677.85,23656.65,23657.35,10:25:00,23673.443557682167,2,15
2025-03-26,23698.2,23698.2,23657.15,23662.25,10:30:00,23675.80131409339,2,16
2025-03-26,23681.75,23720.2,23679.6,23697.8,10:35:00,23676.367855608307,2,17
2025-03-26,23670.85,23682.15,23665.65,23682.15,10:40:00,23675.842345550373,2,18
2025-03-26,23697.95,23704.3,23671.35,23672.4,10:45:00,23677.947836450337,2,19
2025-03-26,23687.95,23705.75,23685.9,23697.45,10:50:00,23678.900423455067,2,20
2025-03-26,23681.0,23689.5,23670.85,23688.0,10:55:00,23679.100383126013,2,21
2025-03-26,23638.05,23682.0,23629.55,23681.95,11:00:00,23675.1908228283,2,22
2025-03-26,23649.2,23650.1,23632.9,23638.05,11:05:00,23672.715506368462,2,23
2025-03-26,23653.0,23654.95,23636.9,23648.95,11:10:00,23670.83783909528,2,24
2025-03-26,23648.05,23660.1,23642.7,23653.5,11:15:00,23668.66756870525,2,25
2025-03-26,23649.45,23656.7,23640.85,23648.4,11:20:00,23666.83732406665,2,26
2025-03-26,23662.45,23664.9,23643.95,23649.8,11:25:00,23666.41948367936,2,27
2025-03-26,23662.65,23671.9,23658.6,23662.35,11:30:00,23666.060485233706,2,28
2025-03-26,23646.9,23666.4,23645.95,23662.7,11:35:00,23664.235677116205,2,29
2025-03-26,23641.35,23647.35,23631.75,23646.75,11:40:00,23662.056088819423,2,30
2025-03-26,23629.5,23640.9,23623.65,23640.65,11:45:00,23658.95550893186,2,31
2025-03-26,23632.8,23633.35,23616.55,23629.65,11:50:00,23656.464508081208,2,32
2025-03-26,23589.15,23634.2,23589.05,23633.0,11:55:00,23650.053602549666,2,33
2025-03-26,23582.3,23595.8,23572.2,23589.35,12:00:00,23643.60087849732,2,34
2025-03-26,23595.2,23598.4,23580.95,23582.1,12:05:00,23638.99127102138,2,35
2025-03-26,23603.75,23609.85,23592.2,23595.7,12:10:00,23635.63495949553,2,36
2025-03-26,23591.65,23606.75,23587.25,23602.95,12:15:00,23631.445915734053,2,37
2025-03-26,23598.8,23604.95,23585.55,23591.1,12:20:00,23628.33678090224,2,38
2025-03-26,23599.3,23608.15,23592.2,23598.65,12:25:00,23625.57137319726,2,39
2025-03-26,23618.05,23619.75,23597.6,23598.85,12:30:00,23624.855051940376,2,40
2025-03-26,23617.8,23626.45,23615.75,23618.2,12:35:00,23624.183142231766,2,41
2025-03-26,23624.2,23625.2,23613.15,23616.75,12:40:00,23624.184747733503,2,42
2025-03-26,23633.15,23638.05,23616.4,23623.9,12:45:00,23625.038581282693,2,43
2025-03-26,23625.3,23637.75,23623.3,23633.25,12:50:00,23625.06347830339,2,44
2025-03-26,23615.2,23626.7,23609.45,23625.9,12:55:00,23624.12409941736,2,45
2025-03-26,23596.85,23621.1,23596.6,23615.25,13:00:00,23621.52656613951,2,46
2025-03-26,23565.5,23599.35,23561.75,23595.75,13:05:00,23616.19070269765,2,47
2025-03-26,23566.1,23574.25,23551.9,23565.3,13:10:00,23611.42015958359,2,48
2025-03-26,23545.0,23565.5,23535.05,23565.4,13:15:00,23605.09443009944,2,49
2025-03-26,23556.9,23575.95,23543.25,23545.35,13:20:00,23600.50448437568,2,50
2025-03-26,23559.7,23568.8,23555.65,23556.85,13:25:00,23596.61834300657,2,51
2025-03-26,23545.55,23566.3,23544.95,23559.6,13:30:00,23591.75469129166,2,52
2025-03-26,23535.1,23549.5,23531.9,23545.95,13:35:00,23586.35900640674,2,53
2025-03-26,23516.85,23538.65,23514.8,23535.5,13:40:00,23579.73910103467,2,54
2025-03-26,23505.45,23525.6,23502.6,23517.5,13:45:00,23572.66394855518,2,55
2025-03-26,23531.65,23540.0,23501.15,23505.15,13:50:00,23568.757858216588,2,56
2025-03-26,23532.0,23541.35,23523.5,23531.65,13:55:00,23565.257109815007,2,57
2025-03-26,23551.95,23554.35,23531.2,23532.45,14:00:00,23563.9897660231,2,58
2025-03-26,23550.55,23562.35,23546.0,23551.2,14:05:00,23562.709788306616,2,59
2025-03-26,23550.5,23557.1,23541.75,23550.85,14:10:00,23561.546951325035,2,60
2025-03-26,23534.6,23562.25,23533.25,23550.5,14:15:00,23558.98057500837,2,61
2025-03-26,23545.75,23551.0,23531.05,23534.8,14:20:00,23557.720520245668,2,62
2025-03-26,23542.4,23552.5,23538.55,23545.1,14:25:00,23556.261423079413,2,63
2025-03-26,23527.25,23543.1,23524.65,23542.25,14:30:00,23553.498430405183,2,64
2025-03-26,23535.6,23540.95,23522.2,23527.25,14:35:00,23551.793817985643,2,65
2025-03-26,23525.3,23538.8,23520.15,23535.5,14:40:00,23549.270597225102,2,66
2025-03-26,23530.55,23536.95,23518.8,23524.7,14:45:00,23547.487683203668,2,67
2025-03-26,23487.7,23531.25,23487.4,23530.7,14:50:00,23541.793618136653,2,68
2025-03-26,23480.65,23491.95,23452.6,23487.75,14:55:00,23535.97041640936,2,69
2025-03-26,23489.7,23494.25,23468.85,23481.05,15:00:00,23531.56371008465,2,70
2025-03-26,23507.95,23507.95,23477.4,23489.65,15:05:00,23529.314785314684,2,71
2025-03-26,23501.45,23512.75,23493.75,23509.2,15:10:00,23526.660996237097,2,72
2025-03-26,23478.6,23501.75,23477.85,23501.4,15:15:00,23522.08375850023,2,73
2025-03-26,23480.15,23486.15,23476.1,23479.4,15:20:00,23518.090067214496,2,74
2025-03-26,23464.3,23482.45,23464.3,23479.7,15:25:00,23512.967203670258,2,75
2025-03-27,23506.85,23506.85,23415.2,23438.75,09:15:00,23505.575874206264,3,1
2025-03-27,23507.65,23535.15,23483.8,23507.8,09:20:00,23505.77340999614,3,2
2025-03-27,23543.85,23556.1,23489.0,23507.0,09:25:00,23509.39975190127,3,3
2025-03-27,23525.5,23561.55,23521.95,23543.8,09:30:00,23510.933108863053,3,4
2025-03-27,23509.5,23534.85,23507.7,23525.8,09:35:00,23510.796622304668,3,5
2025-03-27,23554.7,23555.95,23507.4,23509.15,09:40:00,23514.97789637089,3,6
2025-03-27,23527.75,23565.15,23525.15,23553.5,09:45:00,23516.19428719271,3,7
2025-03-27,23566.2,23567.55,23520.6,23526.65,09:50:00,23520.9567360315,3,8
2025-03-27,23585.45,23585.75,23558.9,23566.7,09:55:00,23527.09895164755,3,9
2025-03-27,23594.65,23596.0,23569.85,23585.8,10:00:00,23533.53238482397,3,10
2025-03-27,23611.9,23616.3,23589.8,23595.95,10:05:00,23540.99596722169,3,11
2025-03-27,23600.35,23618.65,23597.85,23611.85,10:10:00,23546.6487322482,3,12
2025-03-27,23592.5,23619.85,23588.2,23599.55,10:15:00,23551.01551965313,3,13
2025-03-27,23613.65,23617.3,23591.25,23592.6,10:20:00,23556.9807082576,3,14
2025-03-27,23617.8,23617.8,23602.85,23613.7,10:25:00,23562.77302175687,3,15
2025-03-27,23595.8,23626.7,23587.0,23617.65,10:30:00,23565.918448256216,3,16
2025-03-27,23583.5,23596.3,23577.0,23595.6,10:35:00,23567.592881755623,3,17
2025-03-27,23583.3,23595.45,23575.15,23582.6,10:40:00,23569.08879777889,3,18
2025-03-27,23573.5,23590.75,23572.95,23582.6,10:45:00,23569.508912276146,3,19
2025-03-27,23577.15,23582.45,23559.8,23573.4,10:50:00,23570.23663491651,3,20
2025-03-27,23576.3,23578.9,23566.05,23576.95,10:55:00,23570.8140982578,3,21
2025-03-27,23601.2,23602.0,23576.2,23576.2,11:00:00,23573.707993661814,3,22
2025-03-27,23599.65,23605.65,23593.45,23601.3,11:05:00,23576.17866093212,3,23
2025-03-27,23602.9,23604.6,23595.4,23601.65,11:10:00,23578.723550367155,3,24
2025-03-27,23594.55,23613.5,23592.8,23603.05,11:15:00,23580.230831284567,3,25
2025-03-27,23585.25,23594.9,23582.75,23594.9,11:20:00,23580.708847352704,3,26
2025-03-27,23580.15,23587.95,23580.15,23585.95,11:25:00,23580.655623795305,3,27
2025-03-27,23589.95,23592.35,23580.15,23581.55,11:30:00,23581.540802481468,3,28
2025-03-27,23599.0,23599.35,23589.45,23590.0,11:35:00,23583.20358319752,3,29
2025-03-27,23611.5,23614.3,23594.05,23599.1,11:40:00,23585.89848003585,3,30
2025-03-27,23613.95,23615.25,23607.15,23611.5,11:45:00,23588.570053365773,3,31
2025-03-27,23604.7,23615.05,23603.85,23613.9,11:50:00,23590.10623875951,3,32
2025-03-27,23600.45,23611.0,23599.4,23604.4,11:55:00,23591.091358877653,3,33
2025-03-27,23584.95,23601.75,23583.9,23600.05,12:00:00,23590.506467555973,3,34
2025-03-27,23596.8,23596.8,23581.6,23583.95,12:05:00,23591.105851598262,3,35
2025-03-27,23600.5,23601.05,23590.85,23594.7,12:10:00,23592.00053239843,3,36
2025-03-27,23584.75,23602.95,23583.85,23600.15,12:15:00,23591.310005503343,3,37
2025-03-27,23590.45,23595.0,23583.0,23583.8,12:20:00,23591.22810021731,3,38
2025-03-27,23585.95,23591.5,23584.55,23590.55,12:25:00,23590.725424006137,3,39
2025-03-27,23577.4,23587.2,23575.9,23585.9,12:30:00,23589.456336005554,3,40
2025-03-27,23592.35,23595.9,23574.85,23577.3,12:35:00,23589.73192305264,3,41
2025-03-27,23599.7,23599.7,23590.5,23592.45,12:40:00,23590.68126371429,3,42
2025-03-27,23601.0,23606.05,23594.7,23595.85,12:45:00,23591.66400050341,3,43
2025-03-27,23588.4,23604.2,23588.15,23601.65,12:50:00,23591.353143312608,3,44
2025-03-27,23598.8,23599.8,23586.9,23588.3,12:55:00,23592.062367759027,3,45
2025-03-27,23596.2,23607.55,23592.5,23598.15,13:00:00,23592.45642797245,3,46
2025-03-27,23592.75,23600.9,23589.3,23596.25,13:05:00,23592.48438721317,3,47
2025-03-27,23586.6,23601.45,23586.55,23592.55,13:10:00,23591.923969383344,3,48
2025-03-27,23588.95,23595.3,23581.8,23586.4,13:15:00,23591.64073420398,3,49
2025-03-27,23594.0,23595.7,23585.45,23588.8,13:20:00,23591.86542618455,3,50
2025-03-27,23599.55,23601.45,23588.5,23592.05,13:25:00,23592.59729035745,3,51
2025-03-27,23604.75,23607.6,23595.65,23598.7,13:30:00,23593.75469127579,3,52
2025-03-27,23602.2,23605.7,23592.95,23604.1,13:35:00,23594.55900639238,3,53
2025-03-27,23605.6,23606.55,23597.0,23601.1,13:40:00,23595.610529593105,3,54
2025-03-27,23607.1,23611.3,23598.55,23605.3,13:45:00,23596.70476486995,3,55
2025-03-27,23606.7,23612.55,23601.55,23606.5,13:50:00,23597.6566920252,3,56
2025-03-27,23604.9,23608.05,23595.95,23605.9,13:55:00,23598.34653087993,3,57
2025-03-27,23609.15,23614.65,23600.55,23604.65,14:00:00,23599.375432700894,3,58
2025-03-27,23611.25,23614.55,23604.4,23611.25,14:05:00,23600.50634387224,3,59
2025-03-27,23609.1,23616.8,23601.95,23613.1,14:10:00,23601.32478731298,3,60
2025-03-27,23608.2,23611.9,23601.05,23610.1,14:15:00,23601.97956947365,3,61
2025-03-27,23610.65,23614.25,23603.15,23608.75,14:20:00,23602.80532476188,3,62
2025-03-27,23605.05,23612.1,23602.8,23610.15,14:25:00,23603.01910335598,3,63
2025-03-27,23592.75,23603.95,23587.1,23603.75,14:30:00,23602.041093512555,3,64
2025-03-27,23604.85,23606.2,23582.2,23591.6,14:35:00,23602.30860841612,3,65
2025-03-27,23603.4,23606.8,23591.95,23603.05,14:40:00,23602.412550471727,3,66
2025-03-27,23605.9,23609.75,23598.15,23603.55,14:45:00,23602.74468852204,3,67
2025-03-27,23610.2,23613.75,23600.45,23602.25,14:50:00,23603.454718186604,3,68
2025-03-27,23603.1,23611.3,23597.7,23604.55,14:55:00,23603.420935502167,3,69
2025-03-27,23600.8,23620.4,23572.1,23600.25,15:00:00,23603.1713225972,3,70
2025-03-27,23602.7,23603.9,23580.05,23599.95,15:05:00,23603.126434730795,3,71
2025-03-27,23589.25,23605.25,23583.3,23602.7,15:10:00,23601.80486951834,3,72
2025-03-27,23587.25,23594.3,23576.45,23588.65,15:15:00,23600.41869146897,3,73
2025-03-27,23584.95,23593.15,23579.2,23588.0,15:20:00,23598.945482757645,3,74
2025-03-27,23601.05,23636.6,23578.7,23586.25,15:25:00,23599.1459129712,3,75
2025-03-28,23604.2,23626.35,23574.75,23605.25,09:15:00,23599.735316513845,4,1
2025-03-28,23565.7,23615.85,23564.4,23604.9,09:20:00,23596.49385779824,4,2
2025-03-28,23561.9,23574.4,23553.95,23564.65,09:25:00,23593.1992046746,4,3
2025-03-28,23543.3,23577.1,23543.3,23558.75,09:30:00,23588.446899467493,4,4
2025-03-28,23512.6,23546.15,23510.4,23544.35,09:35:00,23581.223385232493,4,5
2025-03-28,23520.9,23526.8,23505.45,23512.4,09:40:00,23575.478300924635,4,6
2025-03-28,23534.4,23535.8,23509.7,23521.45,09:45:00,23571.56608178896,4,7
2025-03-28,23549.55,23557.05,23530.95,23534.2,09:50:00,23569.46931209477,4,8
2025-03-28,23556.8,23565.85,23539.75,23549.1,09:55:00,23568.262710942887,4,9
2025-03-28,23563.2,23563.8,23541.05,23556.3,10:00:00,23567.780547995942,4,10
2025-03-28,23530.45,23563.75,23530.15,23563.7,10:05:00,23564.225257710616,4,11
2025-03-28,23524.15,23531.75,23519.5,23529.95,10:10:00,23560.40856650008,4,12
2025-03-28,23535.6,23538.55,23519.0,23524.15,10:15:00,23558.045845881028,4,13
2025-03-28,23530.2,23546.0,23527.55,23536.15,10:20:00,23555.393860559027,4,14
2025-03-28,23559.25,23561.25,23525.35,23529.35,10:25:00,23555.76111193436,4,15
2025-03-28,23625.7,23627.05,23560.05,23560.85,10:30:00,23562.4219584168,4,16
2025-03-28,23625.45,23634.7,23611.55,23626.75,10:35:00,23568.42462904377,4,17
2025-03-28,23613.05,23629.55,23611.15,23625.5,10:40:00,23572.67466437293,4,18
2025-03-28,23643.3,23645.75,23612.85,23614.65,10:45:00,23579.400886813604,4,19
2025-03-28,23624.05,23649.15,23623.7,23643.85,10:50:00,23583.65318330755,4,20
2025-03-28,23623.95,23641.7,23619.05,23623.85,10:55:00,23587.490975373497,4,21
2025-03-28,23613.5,23631.35,23613.15,23623.6,11:00:00,23589.968025337927,4,22
2025-03-28,23603.75,23616.8,23595.0,23613.25,11:05:00,23591.280594353364,4,23
2025-03-28,23581.3,23613.2,23580.6,23604.65,11:10:00,23590.330061557805,4,24
2025-03-28,23583.35,23586.55,23576.65,23581.7,11:15:00,23589.6652937904,4,25
2025-03-28,23584.0,23600.55,23583.25,23584.35,11:20:00,23589.12574200083,4,26
2025-03-28,23576.05,23586.7,23563.0,23584.4,11:25:00,23587.880433238846,4,27
2025-03-28,23572.3,23592.9,23571.4,23576.5,11:30:00,23586.3965824542,4,28
2025-03-28,23593.0,23601.25,23571.35,23572.25,11:35:00,23587.02547936332,4,29
2025-03-28,23569.05,23594.35,23568.05,23592.5,11:40:00,23585.31352894777,4,30
2025-03-28,23578.15,23583.55,23561.7,23568.6,11:45:00,23584.6312880956,4,31
2025-03-28,23588.0,23592.05,23573.0,23578.15,11:50:00,23584.95211780078,4,32
2025-03-28,23589.5,23590.0,23579.85,23588.45,11:55:00,23585.385249438805,4,33
2025-03-28,23588.2,23596.5,23581.4,23590.55,12:00:00,23585.653320920825,4,34
2025-03-28,23601.05,23602.1,23587.1,23588.35,12:05:00,23587.11967130932,4,35
2025-03-28,23596.45,23604.55,23595.75,23600.4,12:10:00,23588.008274041764,4,36
2025-03-28,23557.85,23598.15,23557.0,23596.55,12:15:00,23585.13605746636,4,37
2025-03-28,23540.9,23558.0,23539.35,23557.9,12:20:00,23580.923099612417,4,38
2025-03-28,23529.3,23546.35,23529.0,23540.55,12:25:00,23576.00661393505,4,39
2025-03-28,23491.5,23529.6,23491.5,23528.7,12:30:00,23567.95836498885,4,40
2025-03-28,23508.5,23508.5,23484.0,23491.65,12:35:00,23562.295663561345,4,41
2025-03-28,23500.65,23509.3,23494.65,23507.9,12:40:00,23556.42464798408,4,42
2025-03-28,23515.85,23524.8,23491.1,23500.75,12:45:00,23552.56039579512,4,43
2025-03-28,23520.3,23530.55,23506.1,23516.3,12:50:00,23549.487977147965,4,44
2025-03-28,23527.2,23532.6,23515.85,23519.9,12:55:00,23547.365312657683,4,45
2025-03-28,23473.85,23527.5,23473.85,23526.6,13:00:00,23540.36385430933,4,46
2025-03-28,23498.3,23500.8,23471.3,23474.6,13:05:00,23536.357772946536,4,47
2025-03-28,23499.55,23505.9,23488.65,23498.1,13:10:00,23532.852270761152,4,48
2025-03-28,23485.9,23500.0,23485.9,23499.6,13:15:00,23528.380625926755,4,49
2025-03-28,23503.5,23504.9,23481.15,23486.0,13:20:00,23526.01104250516,4,50
2025-03-28,23493.95,23512.35,23493.4,23505.15,13:25:00,23522.957609885623,4,51
2025-03-28,23516.65,23518.0,23491.55,23493.65,13:30:00,23522.356885134614,4,52
2025-03-28,23506.25,23522.5,23502.95,23516.9,13:35:00,23520.822896074176,4,53
2025-03-28,23486.55,23506.75,23485.75,23506.3,13:40:00,23517.55881073378,4,54
2025-03-28,23464.45,23489.25,23454.95,23485.3,13:45:00,23512.500828759134,4,55
2025-03-28,23458.6,23469.95,23453.75,23463.75,13:50:00,23507.36741649636,4,56
2025-03-28,23473.25,23485.5,23457.85,23457.85,13:55:00,23504.1181387348,4,57
2025-03-28,23455.8,23476.35,23454.2,23472.55,14:00:00,23499.516411236247,4,58
2025-03-28,23476.75,23482.2,23451.6,23454.65,14:05:00,23497.3481815947,4,59
2025-03-28,23503.3,23505.25,23470.9,23476.35,14:10:00,23497.915021442823,4,60
2025-03-28,23518.9,23526.9,23493.7,23501.45,14:15:00,23499.913590829223,4,61
2025-03-28,23530.15,23534.15,23504.8,23521.7,14:20:00,23502.79324884549,4,62
2025-03-28,23571.8,23574.7,23526.5,23530.0,14:25:00,23509.36532038401,4,63
2025-03-28,23545.7,23583.7,23540.05,23573.2,14:30:00,23512.825766061727,4,64
2025-03-28,23567.8,23572.95,23544.45,23545.35,14:35:00,23518.06140738918,4,65
2025-03-28,23594.5,23597.1,23564.55,23568.0,14:40:00,23525.341273352115,4,66
2025-03-28,23581.8,23605.65,23577.55,23594.25,14:45:00,23530.71829493763,4,67
2025-03-28,23595.3,23612.05,23588.55,23590.25,14:50:00,23536.868933515,4,68
2025-03-28,23591.5,23606.1,23585.55,23595.65,14:55:00,23542.07189222785,4,69
2025-03-28,23529.6,23591.2,23523.95,23591.15,15:00:00,23540.88409296806,4,70
2025-03-28,23528.75,23532.95,23520.1,23530.6,15:05:00,23539.72846506634,4,71
2025-03-28,23543.65,23546.25,23524.2,23530.05,15:10:00,23540.101944583832,4,72
2025-03-28,23497.1,23545.3,23497.1,23544.25,15:15:00,23536.00652129013,4,73
2025-03-28,23500.6,23515.75,23495.9,23497.4,15:20:00,23532.63447164345,4,74
2025-03-28,23495.15,23503.1,23485.75,23500.25,15:25:00,23529.06452196313,4,75
2025-04-01,23420.55,23450.2,23343.75,23353.0,09:15:00,23502.533316164827,1,1
2025-04-01,23436.5,23466.05,23410.25,23417.1,09:20:00,23496.24442891103,1,2
2025-04-01,23471.45,23481.35,23426.5,23434.45,09:25:00,23493.883054729027,1,3
2025-04-01,23514.4,23518.2,23467.2,23471.45,09:30:00,23495.83704951674,1,4
2025-04-01,23532.35,23534.35,23502.7,23516.6,09:35:00,23499.31447337229,1,5
2025-04-01,23545.1,23563.2,23533.15,23533.15,09:40:00,23503.67499971779,1,6
2025-04-01,23543.4,23553.3,23521.0,23544.45,09:45:00,23507.458333078,1,7
2025-04-01,23526.05,23544.25,23500.25,23542.75,09:50:00,23509.22896802295,1,8
2025-04-01,23514.85,23526.5,23492.75,23525.0,09:55:00,23509.76430440172,1,9
2025-04-01,23479.6,23523.4,23466.1,23513.9,10:00:00,23506.891513506314,1,10
2025-04-01,23462.65,23496.7,23458.15,23479.1,10:05:00,23502.678036029523,1,11
2025-04-01,23456.1,23475.7,23448.2,23462.75,10:10:00,23498.24203259814,1,12
2025-04-01,23480.15,23481.7,23450.7,23455.6,10:15:00,23496.51898187451,1,13
2025-04-01,23374.85,23483.7,23374.85,23480.4,10:20:00,23484.931459791223,1,14
2025-04-01,23307.2,23380.2,23297.7,23372.95,10:25:00,23468.00465409682,1,15
2025-04-01,23289.35,23323.4,23277.05,23306.15,10:30:00,23450.98992513521,1,16
2025-04-01,23315.55,23324.15,23285.85,23288.4,10:35:00,23438.09088464615,1,17
2025-04-01,23319.95,23324.65,23298.65,23316.05,10:40:00,23426.83937182271,1,18
2025-04-01,23307.4,23339.35,23307.4,23320.65,10:45:00,23415.46419355388,1,19
2025-04-01,23305.3,23311.9,23293.85,23307.15,10:50:00,23404.972365596364,1,20
2025-04-01,23243.15,23309.2,23237.0,23304.45,10:55:00,23389.56071173005,1,21
2025-04-01,23228.45,23255.7,23228.2,23243.5,11:00:00,23374.216834422423,1,22
2025-04-01,23226.4,23240.75,23225.2,23230.35,11:05:00,23360.139040667906,1,23
2025-04-01,23228.95,23250.45,23221.35,23227.2,11:10:00,23347.64484631858,1,24
2025-04-01,23244.65,23258.5,23228.5,23229.0,11:15:00,23337.83581333586,1,25
2025-04-01,23250.5,23258.8,23235.35,23243.35,11:20:00,23329.518116827683,1,26
2025-04-01,23250.85,23256.3,23224.25,23249.85,11:25:00,23322.025915225044,1,27
2025-04-01,23219.95,23249.4,23217.7,23248.6,11:30:00,23312.304399489327,1,28
2025-04-01,23206.75,23223.9,23198.5,23220.5,11:35:00,23302.251599537965,1,29
2025-04-01,23200.1,23216.25,23183.75,23207.3,11:40:00,23292.522875772444,1,30
2025-04-01,23205.3,23209.9,23190.3,23199.1,11:45:00,23284.215935222688,1,31
2025-04-01,23188.05,23207.2,23185.55,23205.05,11:50:00,23275.057274725288,1,32
2025-04-01,23197.25,23201.65,23183.6,23188.3,11:55:00,23267.647058084785,1,33
2025-04-01,23180.75,23198.7,23173.4,23196.45,12:00:00,23259.371147791,1,34
2025-04-01,23192.25,23192.8,23177.2,23180.6,12:05:00,23252.978657525186,1,35
2025-04-01,23209.9,23216.25,23191.8,23192.0,12:10:00,23248.87592823708,1,36
2025-04-01,23244.55,23246.65,23209.25,23209.25,12:15:00,23248.46393507164,1,37
2025-04-01,23207.6,23245.6,23202.0,23245.0,12:20:00,23244.57213173148,1,38
2025-04-01,23213.9,23229.9,23207.45,23207.45,12:25:00,23241.65097632848,1,39
2025-04-01,23232.7,23244.65,23213.8,23214.35,12:30:00,23240.79850239244,1,40
2025-04-01,23240.35,23246.95,23222.75,23232.95,12:35:00,23240.75578787887,1,41
2025-04-01,23228.05,23252.25,23227.2,23240.95,12:40:00,23239.545712842788,1,42
2025-04-01,23213.7,23233.2,23207.55,23227.55,12:45:00,23237.08421638157,1,43
2025-04-01,23209.9,23224.5,23202.35,23213.2,12:50:00,23234.49524339285,1,44
2025-04-01,23194.6,23211.3,23189.65,23209.35,12:55:00,23230.69569640305,1,45
2025-04-01,23175.65,23196.6,23174.3,23194.6,13:00:00,23225.45324912657,1,46
2025-04-01,23184.35,23191.3,23175.95,23176.1,13:05:00,23221.538653971664,1,47
2025-04-01,23192.45,23199.55,23177.4,23184.75,13:10:00,23218.76830597436,1,48
2025-04-01,23168.1,23195.15,23160.4,23192.15,13:15:00,23213.94275302442,1,49
2025-04-01,23160.9,23174.75,23150.65,23168.45,13:20:00,23208.89106226019,1,50
2025-04-01,23154.55,23165.25,23148.65,23160.45,13:25:00,23203.71572299732,1,51
2025-04-01,23163.15,23163.15,23136.4,23153.6,13:30:00,23199.85232080709,1,52
2025-04-01,23163.0,23171.9,23155.7,23163.75,13:35:00,23196.342575968323,1,53
2025-04-01,23171.1,23180.5,23161.5,23163.55,13:40:00,23193.9385211142,1,54
2025-04-01,23161.35,23172.25,23150.75,23171.3,13:45:00,23190.83485243665,1,55
2025-04-01,23175.0,23178.35,23160.0,23161.3,13:50:00,23189.326771252207,1,56
2025-04-01,23154.75,23177.15,23154.15,23175.3,13:55:00,23186.033745418663,1,57
2025-04-01,23185.9,23186.55,23150.45,23154.5,14:00:00,23186.021007759744,1,58
2025-04-01,23156.95,23186.8,23153.15,23185.65,14:05:00,23183.25234035405,1,59
2025-04-01,23161.55,23164.2,23150.3,23157.3,14:10:00,23181.185450796525,1,60
2025-04-01,23142.3,23163.45,23140.05,23163.1,14:15:00,23177.482074530188,1,61
2025-04-01,23153.3,23158.7,23137.45,23141.95,14:20:00,23175.179019813026,1,62
2025-04-01,23154.75,23156.7,23145.8,23153.2,14:25:00,23173.23339887845,1,63
2025-04-01,23154.2,23171.25,23150.25,23154.55,14:30:00,23171.42069422336,1,64
2025-04-01,23160.75,23162.3,23143.65,23154.0,14:35:00,23170.40443763066,1,65
2025-04-01,23161.65,23162.45,23147.4,23160.65,14:40:00,23169.570681665835,1,66
2025-04-01,23164.55,23164.55,23151.65,23161.35,14:45:00,23169.092521507184,1,67
2025-04-01,23155.5,23174.1,23154.85,23164.85,14:50:00,23167.79799564936,1,68
2025-04-01,23161.3,23163.2,23152.4,23154.7,14:55:00,23167.17913892085,1,69
2025-04-01,23158.55,23172.5,23154.75,23161.85,15:00:00,23166.357316166483,1,70
2025-04-01,23178.0,23180.35,23158.65,23159.75,15:05:00,23167.46614319825,1,71
2025-04-01,23174.5,23178.6,23169.9,23178.15,15:10:00,23168.136034322222,1,72
2025-04-01,23171.9,23177.0,23161.0,23174.9,15:15:00,23168.494507243915,1,73
2025-04-01,23156.5,23171.75,23151.8,23171.65,15:20:00,23167.352173220686,1,74
2025-04-01,23179.7,23182.3,23153.6,23156.1,15:25:00,23168.52815672348,1,75
2025-04-02,23202.85,23240.1,23190.7,23209.05,09:15:00,23173.871121490192,2,1
2025-04-02,23175.3,23205.7,23160.4,23205.1,09:20:00,23174.007205157795,2,2
2025-04-02,23246.5,23250.65,23176.85,23177.45,09:25:00,23180.911280857053,2,3
2025-04-02,23279.05,23282.9,23245.95,23246.3,09:30:00,23190.257825537334,2,4
2025-04-02,23269.6,23292.9,23250.2,23279.8,09:35:00,23197.814223105204,2,5
2025-04-02,23234.0,23280.65,23233.5,23270.95,09:40:00,23201.260487571377,2,6
2025-04-02,23204.45,23234.25,23194.45,23233.45,09:45:00,23201.56425065982,2,7
2025-04-02,23203.0,23208.1,23183.25,23204.55,09:50:00,23201.700988692217,2,8
2025-04-02,23244.65,23250.55,23200.2,23202.9,09:55:00,23205.79137072153,2,9
2025-04-02,23231.15,23246.45,23223.15,23244.55,10:00:00,23208.206478271863,2,10
2025-04-02,23235.4,23240.25,23216.45,23232.75,10:05:00,23210.79633748407,2,11
2025-04-02,23238.85,23248.25,23234.65,23235.55,10:10:00,23213.46811486654,2,12
2025-04-02,23248.65,23255.35,23224.6,23238.15,10:15:00,23216.81877059353,2,13
2025-04-02,23240.65,23258.65,23230.95,23248.0,10:20:00,23219.088411489392,2,14
2025-04-02,23267.35,23268.95,23239.75,23240.75,10:25:00,23223.68475325231,2,15
2025-04-02,23268.9,23270.05,23252.05,23267.75,10:30:00,23227.99096722828,2,16
2025-04-02,23267.05,23270.5,23251.0,23269.35,10:35:00,23231.7108751113,2,17
2025-04-02,23264.6,23285.1,23262.4,23266.95,10:40:00,23234.84317271975,2,18
2025-04-02,23281.7,23285.8,23264.3,23264.4,10:45:00,23239.305727698826,2,19
2025-04-02,23293.7,23302.0,23279.35,23282.25,10:50:00,23244.48613458465,2,20
2025-04-02,23292.7,23301.85,23279.55,23293.7,10:55:00,23249.077931290874,2,21
2025-04-02,23291.6,23311.85,23286.55,23293.15,11:00:00,23253.127652120314,2,22
2025-04-02,23284.6,23297.05,23278.8,23292.15,11:05:00,23256.125018585044,2,23
2025-04-02,23287.5,23297.7,23284.5,23285.65,11:10:00,23259.11311205313,2,24
2025-04-02,23269.25,23292.75,23260.5,23287.55,11:15:00,23260.07852995284,2,25
2025-04-02,23274.45,23287.75,23269.5,23269.5,11:20:00,23261.447241385897,2,26
2025-04-02,23262.95,23280.95,23262.65,23274.65,11:25:00,23261.590361253908,2,27
2025-04-02,23278.85,23281.55,23260.75,23263.15,11:30:00,23263.234136372583,2,28
2025-04-02,23286.15,23295.3,23276.55,23278.65,11:35:00,23265.4165995752,2,29
2025-04-02,23259.05,23286.9,23246.15,23286.0,11:40:00,23264.81025675851,2,30
2025-04-02,23284.35,23285.95,23255.0,23259.3,11:45:00,23266.671184686267,2,31
2025-04-02,23263.45,23285.0,23262.35,23285.0,11:50:00,23266.364405192337,2,32
2025-04-02,23255.25,23271.1,23255.25,23264.45,11:55:00,23265.30589041212,2,33
2025-04-02,23261.8,23262.9,23247.5,23256.15,12:00:00,23264.97199608715,2,34
2025-04-02,23275.0,23282.95,23257.25,23262.8,12:05:00,23265.927044078853,2,35
2025-04-02,23281.45,23285.85,23269.0,23276.2,12:10:00,23267.40542083325,2,36
2025-04-02,23291.3,23292.5,23280.7,23281.25,12:15:00,23269.681095039607,2,37
2025-04-02,23290.35,23291.85,23283.5,23291.2,12:20:00,23271.64956217869,2,38
2025-04-02,23278.8,23300.0,23278.8,23290.55,12:25:00,23272.330556256908,2,39
2025-04-02,23286.5,23294.95,23276.6,23279.15,12:30:00,23273.680027089584,2,40
2025-04-02,23272.7,23289.25,23269.5,23286.55,12:35:00,23273.58669117629,2,41
2025-04-02,23286.15,23289.25,23273.45,23273.45,12:40:00,23274.78319677855,2,42
2025-04-02,23278.95,23296.9,23278.95,23286.3,12:45:00,23275.18003518059,2,43
2025-04-02,23251.3,23279.35,23248.8,23278.65,12:50:00,23272.90574611577,2,44
2025-04-02,23247.9,23255.3,23238.95,23250.95,12:55:00,23270.5242464857,2,45
2025-04-02,23273.55,23274.1,23247.25,23247.95,13:00:00,23270.812413487063,2,46
2025-04-02,23287.3,23288.1,23272.45,23273.95,13:05:00,23272.38265982163,2,47
2025-04-02,23287.65,23292.7,23282.95,23287.45,13:10:00,23273.83669221957,2,48
2025-04-02,23293.85,23296.2,23286.25,23287.9,13:15:00,23275.742721531995,2,49
2025-04-02,23288.8,23300.05,23288.65,23294.0,13:20:00,23276.986271862283,2,50
2025-04-02,23298.25,23300.45,23287.2,23289.05,13:25:00,23279.011388827777,2,51
2025-04-02,23299.75,23302.9,23293.9,23298.6,13:30:00,23280.9864946537,2,52
2025-04-02,23289.05,23307.0,23288.95,23300.1,13:35:00,23281.754447543823,2,53
2025-04-02,23274.6,23289.4,23273.85,23288.4,13:40:00,23281.07307158727,2,54
2025-04-02,23265.0,23281.9,23264.7,23274.8,13:45:00,23279.54230286468,2,55
2025-04-02,23257.7,23272.9,23254.75,23264.85,13:50:00,23277.46208354423,2,56
2025-04-02,23287.65,23290.15,23257.8,23258.2,13:55:00,23278.43236130192,2,57
2025-04-02,23290.6,23294.1,23286.25,23287.7,14:00:00,23279.591184035075,2,58
2025-04-02,23294.85,23298.9,23282.75,23290.1,14:05:00,23281.044404603163,2,59
2025-04-02,23278.3,23295.5,23273.0,23295.2,14:10:00,23280.783032736195,2,60
2025-04-02,23295.8,23296.35,23276.6,23279.1,14:15:00,23282.21322009465,2,61
2025-04-02,23291.6,23294.75,23285.2,23293.1,14:20:00,23283.107199133257,2,62
2025-04-02,23301.6,23303.55,23290.85,23291.2,14:25:00,23284.868418263424,2,63
2025-04-02,23303.9,23305.9,23296.45,23302.7,14:30:00,23286.680949857386,2,64
2025-04-02,23299.0,23312.25,23298.95,23305.25,14:35:00,23287.85419272811,2,65
2025-04-02,23308.75,23314.1,23298.05,23299.65,14:40:00,23289.844269611145,2,66
2025-04-02,23301.55,23310.45,23295.75,23309.65,14:45:00,23290.95910107675,2,67
2025-04-02,23288.05,23304.7,23286.05,23301.4,14:50:00,23290.682043831348,2,68
2025-04-02,23307.45,23310.7,23285.25,23287.4,14:55:00,23292.278992037885,2,69
2025-04-02,23339.4,23349.85,23307.4,23309.0,15:00:00,23296.766707081897,2,70
2025-04-02,23337.0,23344.05,23328.9,23340.55,15:05:00,23300.598449264573,2,71
2025-04-02,23337.75,23341.55,23334.05,23338.8,15:10:00,23304.13669219176,2,72
2025-04-02,23327.15,23339.1,23325.55,23338.0,15:15:00,23306.328435792544,2,73
2025-04-02,23328.6,23334.4,23324.6,23328.6,15:20:00,23308.44953714564,2,74
2025-04-02,23330.8,23342.0,23325.5,23329.15,15:25:00,23310.578152655577,2,75
2025-04-03,23219.65,23226.1,23159.6,23159.6,09:15:00,23288.10751271806,3,1
2025-04-03,23240.9,23254.5,23214.55,23218.65,09:20:00,23283.611559125864,3,2
2025-04-03,23251.2,23263.0,23239.85,23240.05,09:25:00,23280.524743971026,3,3
2025-04-03,23266.9,23269.75,23213.4,23251.65,09:30:00,23279.22714930712,3,4
2025-04-03,23251.45,23280.65,23239.55,23266.55,09:35:00,23276.581706515964,3,5
2025-04-03,23244.8,23265.5,23235.45,23252.25,09:40:00,23273.554877323968,3,6
2025-04-03,23229.95,23245.35,23214.9,23243.4,09:45:00,23269.40203186454,3,7
2025-04-03,23245.2,23248.45,23226.8,23230.4,09:50:00,23267.09707644887,3,8
2025-04-03,23234.6,23252.3,23229.55,23245.5,09:55:00,23264.00211678708,3,9
2025-04-03,23250.1,23251.0,23223.75,23234.95,10:00:00,23262.67810566449,3,10
2025-04-03,23265.1,23272.45,23246.5,23250.05,10:05:00,23262.908762267874,3,11
2025-04-03,23277.6,23281.85,23262.0,23265.45,10:10:00,23264.30792776617,3,12
2025-04-03,23268.6,23280.85,23253.4,23278.3,10:15:00,23264.71669655035,3,13
2025-04-03,23302.7,23303.65,23264.9,23268.15,10:20:00,23268.334154021744,3,14
2025-04-03,23298.3,23306.25,23295.7,23303.0,10:25:00,23271.18804411491,3,15
2025-04-03,23295.8,23300.95,23281.25,23298.0,10:30:00,23273.53203991349,3,16
2025-04-03,23289.45,23296.4,23281.35,23296.25,10:35:00,23275.04803611221,3,17
2025-04-03,23287.75,23299.6,23279.45,23288.9,10:40:00,23276.25774695867,3,18
2025-04-03,23275.35,23289.25,23270.15,23289.05,10:45:00,23276.171294867367,3,19
2025-04-03,23277.7,23282.75,23270.0,23276.05,10:50:00,23276.31688583238,3,20
2025-04-03,23289.1,23291.05,23276.6,23277.45,10:55:00,23277.53432527692,3,21
2025-04-03,23267.2,23292.75,23265.7,23289.35,11:00:00,23276.550103821974,3,22
2025-04-03,23276.5,23278.15,23260.1,23267.25,11:05:00,23276.545332029404,3,23
2025-04-03,23278.95,23284.2,23273.3,23276.45,11:10:00,23276.774348026604,3,24
2025-04-03,23260.4,23279.8,23255.75,23279.35,11:15:00,23275.214886309783,3,25
2025-04-03,23269.2,23269.45,23248.9,23259.35,11:20:00,23274.642039994564,3,26
2025-04-03,23272.1,23272.6,23264.4,23270.1,11:25:00,23274.399940947464,3,27
2025-04-03,23269.6,23275.7,23265.3,23272.35,11:30:00,23273.942803714373,3,28
2025-04-03,23273.45,23279.55,23269.4,23270.45,11:35:00,23273.89587002729,3,29
2025-04-03,23283.05,23284.2,23272.2,23274.15,11:40:00,23274.767691929454,3,30
2025-04-03,23284.0,23286.0,23280.25,23282.75,11:45:00,23275.646959364745,3,31
2025-04-03,23291.3,23292.75,23280.85,23284.25,11:50:00,23277.13772513953,3,32
2025-04-03,23289.75,23294.75,23286.95,23291.9,11:55:00,23278.33889417386,3,33
2025-04-03,23285.5,23292.4,23283.1,23289.25,12:00:00,23279.020904252546,3,34
2025-04-03,23283.8,23289.35,23281.6,23285.95,12:05:00,23279.47605622849,3,35
2025-04-03,23273.5,23286.35,23272.85,23283.7,12:10:00,23278.90690801625,3,36
2025-04-03,23277.35,23279.8,23271.45,23275.95,12:15:00,23278.758631062323,3,37
2025-04-03,23271.3,23279.0,23267.25,23277.15,12:20:00,23278.048285246863,3,38
2025-04-03,23266.5,23272.9,23256.3,23270.15,12:25:00,23276.948448556683,3,39
2025-04-03,23267.3,23270.35,23260.55,23266.95,12:30:00,23276.029548694143,3,40
2025-04-03,23272.25,23275.35,23264.75,23267.65,12:35:00,23275.66959167565,3,41
2025-04-03,23258.35,23274.95,23258.35,23272.15,12:40:00,23274.020106754164,3,42
2025-04-03,23255.2,23260.3,23250.6,23259.35,12:45:00,23272.22771563472,3,43
2025-04-03,23259.5,23263.15,23255.45,23255.8,12:50:00,23271.015552240937,3,44
2025-04-03,23270.25,23272.85,23259.0,23259.95,12:55:00,23270.942642503705,3,45
2025-04-03,23262.6,23271.9,23259.0,23269.85,13:00:00,23270.1481051224,3,46
2025-04-03,23263.8,23270.6,23259.7,23262.45,13:05:00,23269.54352368217,3,47
2025-04-03,23258.95,23265.45,23254.05,23262.5,13:10:00,23268.534616664816,3,48
2025-04-03,23260.5,23266.95,23257.95,23260.35,13:15:00,23267.76941507769,3,49
2025-04-03,23257.8,23261.5,23255.8,23259.9,13:20:00,23266.81994697505,3,50
2025-04-03,23268.35,23270.35,23254.95,23257.65,13:25:00,23266.965666310763,3,51
2025-04-03,23276.45,23276.45,23264.0,23268.8,13:30:00,23267.86893618593,3,52
2025-04-03,23273.05,23278.4,23272.2,23276.3,13:35:00,23268.36237083489,3,53
2025-04-03,23264.65,23275.95,23262.25,23272.95,13:40:00,23268.00881170776,3,54
2025-04-03,23273.55,23274.85,23262.15,23264.05,13:45:00,23268.536543926068,3,55
2025-04-03,23264.8,23274.15,23262.8,23273.15,13:50:00,23268.180682599777,3,56
2025-04-03,23259.4,23267.35,23257.7,23264.05,13:55:00,23267.344427114087,3,57
2025-04-03,23263.2,23272.8,23258.55,23260.1,14:00:00,23266.949719769887,3,58
2025-04-03,23267.05,23270.8,23258.55,23262.1,14:05:00,23266.959270267995,3,59
2025-04-03,23255.3,23266.6,23253.95,23266.5,14:10:00,23265.848863575804,3,60
2025-04-03,23267.35,23268.9,23253.55,23254.8,14:15:00,23265.991828949536,3,61
2025-04-03,23265.45,23271.55,23261.0,23267.7,14:20:00,23265.94022619244,3,62
2025-04-03,23258.45,23269.05,23253.85,23266.0,14:25:00,23265.226871316965,3,63
2025-04-03,23254.85,23263.4,23244.45,23258.75,14:30:00,23264.23859785821,3,64
2025-04-03,23248.75,23257.85,23247.65,23254.05,14:35:00,23262.763493300285,3,65
2025-04-03,23254.35,23256.7,23245.9,23247.8,14:40:00,23261.962208224068,3,66
2025-04-03,23251.85,23258.55,23243.0,23254.65,14:45:00,23260.99914077416,3,67
2025-04-03,23250.95,23257.35,23244.85,23251.85,14:50:00,23260.042079748047,3,68
2025-04-03,23249.25,23257.85,23247.0,23250.55,14:55:00,23259.014262629185,3,69
2025-04-03,23252.1,23259.5,23240.8,23251.5,15:00:00,23258.355761426406,3,70
2025-04-03,23256.2,23256.6,23247.4,23252.95,15:05:00,23258.15045081437,3,71
2025-04-03,23253.05,23259.4,23246.55,23256.0,15:10:00,23257.66469359396,3,72
2025-04-03,23243.6,23253.75,23241.25,23253.75,15:15:00,23256.32519896596,3,73
2025-04-03,23254.1,23254.9,23240.4,23243.55,15:20:00,23256.11327525492,3,74
2025-04-03,23241.6,23255.75,23236.4,23254.4,15:25:00,23254.73105856397,3,75
2025-04-04,23094.45,23210.5,23094.4,23208.15,09:15:00,23233.92293002629,4,1
2025-04-04,23035.05,23097.5,23029.8,23094.65,09:20:00,23214.98265097617,4,2
2025-04-04,23076.05,23080.0,23033.95,23034.65,09:25:00,23201.75096993082,4,3
2025-04-04,23118.8,23123.3,23048.25,23077.8,09:30:00,23193.85087755645,4,4
2025-04-04,23121.8,23136.95,23097.8,23120.85,09:35:00,23186.988889217744,4,5
2025-04-04,23062.25,23121.95,23060.3,23121.75,09:40:00,23175.10899500653,4,6
2025-04-04,23047.3,23074.25,23043.65,23063.75,09:45:00,23162.93670976781,4,7
2025-04-04,22986.2,23049.4,22985.3,23047.6,09:50:00,23146.10464217088,4,8
2025-04-04,22992.2,23009.8,22983.4,22985.25,09:55:00,23131.447057202226,4,9
2025-04-04,22966.05,23006.2,22963.0,22992.05,10:00:00,23115.6949565163,4,10
2025-04-04,22967.35,22987.15,22962.5,22965.8,10:05:00,23101.56686541951,4,11
2025-04-04,22941.95,22979.35,22941.25,22967.05,10:10:00,23086.36525918908,4,12
2025-04-04,22970.95,22979.9,22936.25,22941.7,10:15:00,23075.373329742502,4,13
2025-04-04,22923.15,22971.45,22923.15,22970.25,10:20:00,23060.875869767027,4,14
2025-04-04,22933.45,22939.85,22921.95,22923.55,10:25:00,23048.74007264636,4,15
2025-04-04,22928.45,22953.3,22924.35,22933.6,10:30:00,23037.28387525147,4,16
2025-04-04,22961.6,22965.95,22927.05,22927.1,10:35:00,23030.07588713228,4,17
2025-04-04,22960.8,22976.65,22955.35,22960.85,10:40:00,23023.47818359587,4,18
2025-04-04,22951.05,22974.4,22949.4,22958.95,10:45:00,23016.580261348645,4,19
2025-04-04,22974.05,22981.15,22951.2,22951.2,10:50:00,23012.529760267826,4,20
2025-04-04,22999.15,22999.15,22962.5,22974.85,10:55:00,23011.255497385173,4,21
2025-04-04,23004.15,23012.15,22992.85,22998.85,11:00:00,23010.578783348486,4,22
2025-04-04,23018.6,23029.9,22982.3,23003.2,11:05:00,23011.34270874387,4,23
2025-04-04,23013.05,23028.7,23004.5,23020.05,11:10:00,23011.50530791112,4,24
2025-04-04,22991.5,23014.6,22984.45,23013.75,11:15:00,23009.600040491016,4,25
2025-04-04,22976.35,23008.5,22976.15,22991.35,11:20:00,23006.43336996806,4,26
2025-04-04,23004.8,23007.95,22969.9,22975.4,11:25:00,23006.27781092349,4,27
2025-04-04,23012.0,23026.2,22998.35,23005.0,11:30:00,23006.822781311726,4,28
2025-04-04,22963.95,23012.3,22961.75,23012.3,11:35:00,23002.73965928204,4,29
2025-04-04,22970.1,22978.05,22962.4,22964.55,11:40:00,22999.631120302794,4,30
2025-04-04,22970.75,22975.65,22958.8,22971.2,11:45:00,22996.88053741681,4,31
2025-04-04,22956.85,22971.25,22951.7,22971.25,11:50:00,22993.06810528188,4,32
2025-04-04,22971.35,22979.1,22952.8,22956.25,11:55:00,22990.99971430265,4,33
2025-04-04,22957.15,22974.15,22956.7,22971.5,12:00:00,22987.775931988115,4,34
2025-04-04,22965.7,22974.9,22944.75,22956.9,12:05:00,22985.67346227496,4,35
2025-04-04,22965.3,22972.25,22959.95,22966.2,12:10:00,22983.73313253449,4,36
2025-04-04,22982.5,22983.45,22963.9,22965.35,12:15:00,22983.61569134073,4,37
2025-04-04,22987.35,22989.85,22970.45,22982.9,12:20:00,22983.971339784468,4,38
2025-04-04,22972.2,22991.6,22972.2,22986.65,12:25:00,22982.850259805,4,39
2025-04-04,22962.25,22979.5,22959.3,22972.8,12:30:00,22980.88833029976,4,40
2025-04-04,22957.1,22962.3,22944.4,22962.3,12:35:00,22978.62277503312,4,41
2025-04-04,22964.45,22966.95,22954.8,22956.9,12:40:00,22977.272986934724,4,42
2025-04-04,22953.4,22964.55,22952.6,22964.35,12:45:00,22974.999369131416,4,43
2025-04-04,22950.95,22955.4,22942.7,22953.35,12:50:00,22972.708953023663,4,44
2025-04-04,22962.4,22968.3,22944.3,22951.6,12:55:00,22971.72714797379,4,45
2025-04-04,22953.2,22973.4,22952.05,22962.55,13:00:00,22969.96265769057,4,46
2025-04-04,22974.05,22974.05,22951.95,22954.15,13:05:00,22970.35192838671,4,47
2025-04-04,22938.05,22973.65,22937.2,22973.65,13:10:00,22967.27555425464,4,48
2025-04-04,22954.3,22955.7,22934.8,22938.15,13:15:00,22966.039787182766,4,49
2025-04-04,22957.8,22966.75,22942.75,22955.05,13:20:00,22965.25504554632,4,50
2025-04-04,22953.2,22959.25,22939.05,22959.25,13:25:00,22964.10694597048,4,51
2025-04-04,22943.35,22957.7,22939.7,22952.95,13:30:00,22962.130093973286,4,52
2025-04-04,22936.6,22950.5,22919.45,22944.25,13:35:00,22959.698656452023,4,53
2025-04-04,22903.05,22938.6,22895.7,22936.85,13:40:00,22954.30354631373,4,54
2025-04-04,22896.8,22902.15,22875.15,22902.15,13:45:00,22948.827018093376,4,55
2025-04-04,22903.5,22911.4,22893.15,22896.6,13:50:00,22944.51015922734,4,56
2025-04-04,22893.6,22908.5,22892.45,22905.75,13:55:00,22939.661572634257,4,57
2025-04-04,22885.7,22903.4,22881.2,22894.25,14:00:00,22934.52237524052,4,58
2025-04-04,22899.75,22905.0,22883.1,22886.5,14:05:00,22931.210720455707,4,59
2025-04-04,22909.6,22913.8,22893.15,22900.0,14:10:00,22929.15255660278,4,60
2025-04-04,22913.85,22918.8,22904.7,22908.6,14:15:00,22927.69517025966,4,61
2025-04-04,22903.8,22917.35,22894.65,22913.85,14:20:00,22925.41943975873,4,62
2025-04-04,22895.4,22906.0,22886.1,22904.45,14:25:00,22922.560445496,4,63
2025-04-04,22888.15,22900.95,22883.95,22895.2,14:30:00,22919.28326021067,4,64
2025-04-04,22886.7,22892.45,22876.45,22888.4,14:35:00,22916.18009257156,4,65
2025-04-04,22872.4,22889.65,22868.45,22887.5,14:40:00,22912.01055994569,4,66
2025-04-04,22873.35,22886.9,22870.7,22873.65,14:45:00,22908.32860185563,4,67
2025-04-04,22871.0,22882.5,22867.65,22874.45,14:50:00,22904.773496917,4,68
2025-04-04,22864.95,22871.7,22858.15,22870.45,14:55:00,22900.980782924904,4,69
2025-04-04,22902.25,22905.45,22864.9,22864.9,15:00:00,22901.10166074158,4,70
2025-04-04,22921.25,22921.55,22900.2,22900.2,15:05:00,22903.020550194764,4,71
2025-04-04,22911.0,22921.5,22905.25,22921.05,15:10:00,22903.780497795266,4,72
2025-04-04,22903.75,22910.85,22896.45,22909.45,15:15:00,22903.77759324333,4,73
2025-04-04,22908.05,22909.35,22898.2,22902.65,15:20:00,22904.18448912492,4,74
2025-04-04,22912.05,22920.6,22899.45,22907.2,15:25:00,22904.933585398736,4,75
2025-04-07,21888.35,22097.5,21815.4,21822.0,09:15:00,22709.321823875154,0,1
2025-04-07,22030.8,22080.3,21867.35,21890.1,09:20:00,22644.700697791806,0,2
2025-04-07,22041.85,22077.7,22011.45,22035.25,09:25:00,22587.28634562116,0,3
2025-04-07,22141.75,22188.4,22038.35,22042.35,09:30:00,22544.85431270485,0,4
2025-04-07,22036.05,22148.15,22033.45,22141.05,09:35:00,22496.39675911392,0,5
2025-04-07,22021.7,22054.35,21977.05,22037.1,09:40:00,22451.18754396021,0,6
2025-04-07,22022.7,22037.05,21959.75,22023.35,09:45:00,22410.3792064402,0,7
2025-04-07,22019.55,22050.65,21996.4,22019.75,09:50:00,22373.15737725541,0,8
2025-04-07,21963.25,22033.4,21960.7,22018.95,09:55:00,22334.118579421563,0,9
2025-04-07,21984.1,22011.05,21960.3,21960.55,10:00:00,22300.783476619512,0,10
2025-04-07,21982.95,22000.85,21956.05,21985.2,10:05:00,22270.513621703365,0,11
2025-04-07,21918.15,21989.5,21911.05,21983.85,10:10:00,22236.95518154114,0,12
2025-04-07,21922.0,21938.35,21898.3,21916.0,10:15:00,22206.95944996579,0,13
2025-04-07,21945.3,21960.85,21921.9,21921.9,10:20:00,22182.03950235,0,14
2025-04-07,22005.15,22005.65,21923.35,21946.1,10:25:00,22165.192883078573,0,15
2025-04-07,21960.95,22008.9,21954.1,22004.4,10:30:00,22145.74117992823,0,16
2025-04-07,21959.9,21969.2,21935.75,21960.65,10:35:00,22128.042019935063,0,17
2025-04-07,22007.55,22021.65,21950.9,21959.65,10:40:00,22116.56658946506,0,18
2025-04-07,22042.15,22042.55,21976.4,22009.2,10:45:00,22109.47929523029,0,19
2025-04-07,22026.25,22082.7,22014.6,22040.7,10:50:00,22101.55269568455,0,20
2025-04-07,21983.65,22032.1,21981.05,22025.3,10:55:00,22090.32386752412,0,21
2025-04-07,21989.15,22015.9,21980.25,21980.25,11:00:00,22080.68826109325,0,22
2025-04-07,22005.6,22015.7,21984.8,21989.0,11:05:00,22073.53699813199,0,23
2025-04-07,21986.3,22014.85,21981.3,22007.65,11:10:00,22065.22871259561,0,24
2025-04-07,21979.45,22006.0,21966.25,21985.8,11:15:00,22057.059311396028,0,25
2025-04-07,21954.6,21984.55,21949.3,21979.05,11:20:00,22047.301281739263,0,26
2025-04-07,22009.1,22009.4,21952.15,21954.9,11:25:00,22043.66306443076,0,27
2025-04-07,22027.4,22033.1,22004.2,22006.85,11:30:00,22042.11420115164,0,28
2025-04-07,22032.7,22069.5,22025.85,22028.0,11:35:00,22041.217610565767,0,29
2025-04-07,22002.05,22034.5,21987.05,22033.25,11:40:00,22037.487361940457,0,30
2025-04-07,22003.35,22004.5,21977.55,22001.3,11:45:00,22034.2361846128,0,31
2025-04-07,21985.4,22004.85,21979.8,22003.45,11:50:00,22029.58511941157,0,32
2025-04-07,21965.2,21987.35,21948.85,21986.5,11:55:00,22023.453203277146,0,33
2025-04-07,21938.1,21967.7,21938.1,21965.4,12:00:00,22015.32432677456,0,34
2025-04-07,21927.7,21946.75,21911.4,21938.55,12:05:00,22006.979152796022,0,35
2025-04-07,21890.95,21935.0,21886.15,21928.05,12:10:00,21995.92875729164,0,36
2025-04-07,21863.35,21896.95,21856.0,21890.15,12:15:00,21983.30220897815,0,37
2025-04-07,21850.35,21883.75,21850.35,21864.45,12:20:00,21970.640093837377,0,38
2025-04-07,21846.15,21879.7,21839.4,21848.55,12:25:00,21958.78389442429,0,39
2025-04-07,21816.9,21863.2,21796.9,21846.2,12:30:00,21945.27114257436,0,40
2025-04-07,21866.25,21872.55,21812.85,21816.3,12:35:00,21937.74531947204,0,41
2025-04-07,21896.1,21898.9,21857.0,21865.7,12:40:00,21933.77909856994,0,42
2025-04-07,21927.75,21943.25,21894.75,21894.75,12:45:00,21933.20489870613,0,43
2025-04-07,21889.85,21934.35,21879.1,21927.6,12:50:00,21929.075860734123,0,44
2025-04-07,21865.25,21894.85,21859.9,21886.5,12:55:00,21922.997207330875,0,45
2025-04-07,21847.35,21879.25,21846.45,21865.75,13:00:00,21915.792711394603,0,46
2025-04-07,21879.85,21880.5,21841.85,21847.25,13:05:00,21912.369596023687,0,47
2025-04-07,21859.65,21886.85,21841.65,21879.7,13:10:00,21907.348682116663,0,48
2025-04-07,21825.75,21862.3,21821.8,21860.85,13:15:00,21899.577379057933,0,49
2025-04-07,21875.0,21883.35,21814.35,21825.2,13:20:00,21897.23667629051,0,50
2025-04-07,21898.1,21918.85,21872.95,21875.3,13:25:00,21897.31889759617,0,51
2025-04-07,21935.55,21953.65,21885.2,21898.05,13:30:00,21900.95995496797,0,52
2025-04-07,21950.6,21963.65,21934.15,21935.55,13:35:00,21905.68757830435,0,53
2025-04-07,21977.8,21991.2,21939.35,21950.4,13:40:00,21912.555427989653,0,54
2025-04-07,21974.7,22037.8,21968.8,21978.75,13:45:00,21918.473958657305,0,55
2025-04-07,21990.75,21994.05,21967.3,21973.3,13:50:00,21925.357391166133,0,56
2025-04-07,21985.0,21999.5,21965.25,21990.65,13:55:00,21931.037639626506,0,57
2025-04-07,22007.55,22009.4,21964.85,21984.5,14:00:00,21938.32453109065,0,58
2025-04-07,22019.7,22033.3,22005.2,22006.85,14:05:00,21946.07457574868,0,59
2025-04-07,21997.7,22020.75,21981.5,22019.2,14:10:00,21950.99128282024,0,60
2025-04-07,22014.95,22018.05,21973.4,21998.9,14:15:00,21957.08258921831,0,61
2025-04-07,22020.25,22036.55,21991.7,22011.45,14:20:00,21963.09853310228,0,62
2025-04-07,22020.55,22032.8,22009.7,22019.1,14:25:00,21968.570101378256,0,63
2025-04-07,22044.65,22080.85,22006.7,22020.15,14:30:00,21975.815806008897,0,64
2025-04-07,22017.65,22048.85,22010.1,22044.45,14:35:00,21979.80001496043,0,65
2025-04-07,22000.2,22021.65,21996.5,22015.65,14:40:00,21981.742870678485,0,66
2025-04-07,22016.45,22026.4,22001.25,22001.25,14:45:00,21985.048311566246,0,67
2025-04-07,22022.9,22034.75,22008.1,22015.75,14:50:00,21988.653234274225,0,68
2025-04-07,22046.5,22070.95,22023.35,22023.35,14:55:00,21994.16245005764,0,69
2025-04-07,22109.6,22125.6,22040.9,22046.2,15:00:00,22005.156502433096,0,70
2025-04-07,22184.9,22188.5,22095.45,22108.05,15:05:00,22022.2749307728,0,71
2025-04-07,22184.65,22210.4,22142.8,22184.1,15:10:00,22037.739223080152,0,72
2025-04-07,22173.55,22188.8,22134.65,22184.3,15:15:00,22050.673582786803,0,73
2025-04-07,22242.95,22242.95,22154.15,22172.45,15:20:00,22068.985622521395,0,74
2025-04-07,22238.0,22253.2,22221.65,22244.1,15:25:00,22085.082229900312,0,75
2025-04-08,22524.35,22573.1,22471.55,22473.35,09:15:00,22158.08137186851,1,1
2025-04-08,22515.15,22555.25,22495.0,22525.05,09:20:00,22192.087907881032,1,2
2025-04-08,22545.15,22549.75,22511.6,22517.45,09:25:00,22225.712869035226,1,3
2025-04-08,22518.9,22550.0,22518.9,22545.15,09:30:00,22253.63545293664,1,4
2025-04-08,22480.75,22521.5,22463.05,22517.45,09:35:00,22275.26540979981,1,5
2025-04-08,22479.3,22487.9,22454.0,22481.25,09:40:00,22294.69727553316,1,6
2025-04-08,22475.8,22521.4,22466.3,22479.05,09:45:00,22311.94515405381,1,7
2025-04-08,22447.15,22474.35,22434.9,22473.6,09:50:00,22324.821806048683,1,8
2025-04-08,22412.75,22447.3,22393.7,22447.3,09:55:00,22333.19591975833,1,9
2025-04-08,22390.25,22425.5,22383.8,22414.3,10:00:00,22338.62964168611,1,10
2025-04-08,22392.25,22409.6,22378.5,22387.55,10:05:00,22343.73634247791,1,11
2025-04-08,22383.95,22432.4,22382.35,22391.3,10:10:00,22347.56621462287,1,12
2025-04-08,22385.65,22403.0,22370.05,22384.55,10:15:00,22351.193241801648,1,13
2025-04-08,22411.35,22411.35,22378.0,22382.6,10:20:00,22356.92245686816,1,14
2025-04-08,22424.35,22429.35,22394.5,22410.15,10:25:00,22363.344127642624,1,15
2025-04-08,22377.75,22432.6,22375.1,22425.3,10:30:00,22364.716115486182,1,16
2025-04-08,22297.5,22380.65,22286.95,22377.4,10:35:00,22358.31458067797,1,17
2025-04-08,22292.65,22318.25,22275.85,22297.75,10:40:00,22352.060811089592,1,18
2025-04-08,22290.0,22308.05,22272.9,22292.1,10:45:00,22346.150257652487,1,19
2025-04-08,22381.7,22384.35,22287.95,22292.3,10:50:00,22349.53594739987,1,20
2025-04-08,22374.4,22411.75,22352.3,22383.4,10:55:00,22351.903952409408,1,21
2025-04-08,22389.3,22420.85,22374.75,22374.75,11:00:00,22355.46548075137,1,22
2025-04-08,22481.15,22489.95,22388.9,22388.9,11:05:00,22367.43543496552,1,23
2025-04-08,22436.55,22487.75,22436.55,22481.95,11:10:00,22374.01777449261,1,24
2025-04-08,22385.95,22455.2,22384.35,22436.15,11:15:00,22375.15417692189,1,25
2025-04-08,22391.75,22403.75,22365.75,22383.85,11:20:00,22376.73473150076,1,26
2025-04-08,22363.05,22394.4,22323.15,22390.75,11:25:00,22375.43142373878,1,27
2025-04-08,22344.75,22366.35,22319.4,22364.8,11:30:00,22372.509383382705,1,28
2025-04-08,22392.1,22405.05,22327.95,22344.5,11:35:00,22374.375156393875,1,29
2025-04-08,22357.35,22391.85,22351.15,22391.35,11:40:00,22372.75371292779,1,30
2025-04-08,22417.55,22434.5,22353.65,22357.8,11:45:00,22377.02002598229,1,31
2025-04-08,22422.25,22426.1,22380.8,22418.25,11:50:00,22381.327642555403,1,32
2025-04-08,22429.1,22437.3,22402.25,22422.15,11:55:00,22385.87739088346,1,33
2025-04-08,22450.4,22464.9,22418.85,22429.8,12:00:00,22392.02240127552,1,34
2025-04-08,22486.7,22491.25,22447.55,22450.9,12:05:00,22401.03931543975,1,35
2025-04-08,22552.3,22552.3,22487.2,22487.2,12:10:00,22415.44509492168,1,36
2025-04-08,22512.4,22558.05,22506.05,22554.3,12:15:00,22424.678895405326,1,37
2025-04-08,22550.65,22555.4,22513.05,22513.05,12:20:00,22436.67614346196,1,38
2025-04-08,22583.85,22584.05,22547.85,22551.0,12:25:00,22450.69270122749,1,39
2025-04-08,22637.9,22654.0,22563.9,22584.5,12:30:00,22468.52196777725,1,40
2025-04-08,22629.6,22665.4,22624.6,22639.1,12:35:00,22483.86273275085,1,41
2025-04-08,22643.95,22644.2,22601.6,22628.8,12:40:00,22499.10913915553,1,42
2025-04-08,22630.45,22648.25,22618.8,22646.55,12:45:00,22511.61779256929,1,43
2025-04-08,22653.0,22658.1,22630.25,22630.85,12:50:00,22525.08276470555,1,44
2025-04-08,22667.55,22670.95,22636.55,22653.4,12:55:00,22538.65107282883,1,45
2025-04-08,22637.45,22669.35,22613.25,22668.25,13:00:00,22548.060494464185,1,46
2025-04-08,22620.1,22646.2,22609.75,22636.25,13:05:00,22554.921399753308,1,47
2025-04-08,22666.4,22671.15,22620.5,22622.05,13:10:00,22565.53840930061,1,48
2025-04-08,22654.1,22671.9,22644.3,22666.3,13:15:00,22573.97284651008,1,49
2025-04-08,22660.7,22671.8,22624.55,22655.85,13:20:00,22582.23257541388,1,50
2025-04-08,22687.3,22688.8,22657.2,22660.1,13:25:00,22592.23899680304,1,51
2025-04-08,22660.85,22696.65,22660.0,22688.0,13:30:00,22598.77337805989,1,52
2025-04-08,22563.1,22665.6,22547.05,22660.6,13:35:00,22595.37591348276,1,53
2025-04-08,22588.1,22627.5,22528.7,22559.95,13:40:00,22594.682969341546,1,54
2025-04-08,22536.8,22599.25,22530.3,22587.2,13:45:00,22589.17030559473,1,55
2025-04-08,22487.05,22556.2,22461.75,22539.2,13:50:00,22579.44456220475,1,56
2025-04-08,22546.4,22546.4,22474.15,22487.65,13:55:00,22576.29746104239,1,57
2025-04-08,22550.75,22606.25,22545.7,22546.95,14:00:00,22573.864369514547,1,58
2025-04-08,22575.55,22579.7,22512.95,22550.95,14:05:00,22574.024905751256,1,59
2025-04-08,22598.4,22610.95,22566.85,22576.25,14:10:00,22576.34634329876,1,60
2025-04-08,22630.55,22642.8,22600.7,22602.15,14:15:00,22581.508596317923,1,61
2025-04-08,22650.95,22653.7,22619.95,22631.3,14:20:00,22588.122063335264,1,62
2025-04-08,22654.05,22664.9,22620.15,22650.85,14:25:00,22594.400914446192,1,63
2025-04-08,22600.3,22657.35,22574.3,22655.25,14:30:00,22594.962732117987,1,64
2025-04-08,22566.9,22605.6,22556.35,22601.2,14:35:00,22592.29009096389,1,65
2025-04-08,22569.15,22583.05,22554.7,22565.65,14:40:00,22590.08627277685,1,66
2025-04-08,22553.25,22602.75,22544.6,22568.4,14:45:00,22586.57805632192,1,67
2025-04-08,22581.15,22586.7,22530.8,22553.05,14:50:00,22586.06109857697,1,68
2025-04-08,22577.8,22584.65,22553.15,22580.95,14:55:00,22585.274327283925,1,69
2025-04-08,22525.6,22578.55,22525.05,22577.8,15:00:00,22579.59105801879,1,70
2025-04-08,22540.05,22544.75,22517.15,22525.25,15:05:00,22575.825242969386,1,71
2025-04-08,22528.4,22546.65,22527.9,22540.3,15:10:00,22571.308553162773,1,72
2025-04-08,22526.5,22530.65,22517.95,22528.3,15:15:00,22567.04107190917,1,73
2025-04-08,22540.35,22542.65,22524.85,22525.65,15:20:00,22564.49906506068,1,74
2025-04-08,22547.2,22555.75,22536.15,22539.95,15:25:00,22562.851535054902,1,75
2025-04-09,22410.55,22456.15,22362.5,22453.25,09:15:00,22539.50998674562,2,1
2025-04-09,22428.7,22458.9,22399.35,22412.35,09:20:00,22528.956654674606,2,2
2025-04-09,22385.1,22440.55,22368.7,22429.4,09:25:00,22515.256020896075,2,3
2025-04-09,22410.7,22412.85,22362.1,22382.9,09:30:00,22505.298304620257,2,4
2025-04-09,22391.35,22420.15,22371.05,22411.4,09:35:00,22494.44608513261,2,5
2025-04-09,22467.85,22467.85,22373.85,22390.3,09:40:00,22491.9131246438,2,6
2025-04-09,22394.05,22468.3,22391.95,22468.3,09:45:00,22482.59282705867,2,7
2025-04-09,22416.05,22439.7,22391.35,22393.1,09:50:00,22476.255414957843,2,8
2025-04-09,22387.85,22424.8,22381.75,22416.4,09:55:00,22467.83585162853,2,9
2025-04-09,22430.3,22430.3,22381.3,22387.15,10:00:00,22464.26100861629,2,10
2025-04-09,22428.55,22455.45,22406.75,22430.35,10:05:00,22460.85996017664,2,11
2025-04-09,22371.2,22427.4,22357.05,22427.25,10:10:00,22452.32091635029,2,12
2025-04-09,22415.85,22424.9,22366.2,22370.25,10:15:00,22448.8474957455,2,13
2025-04-09,22416.1,22419.7,22403.5,22415.5,10:20:00,22445.72868662688,2,14
2025-04-09,22398.2,22423.0,22396.65,22415.9,10:25:00,22441.20214504337,2,15
2025-04-09,22381.55,22403.1,22377.5,22398.45,10:30:00,22435.520988372573,2,16
2025-04-09,22385.1,22387.9,22368.75,22382.0,10:35:00,22430.71898947995,2,17
2025-04-09,22386.6,22398.25,22375.05,22385.7,10:40:00,22426.51718095805,2,18
2025-04-09,22402.7,22402.8,22383.5,22386.55,10:45:00,22424.248878009665,2,19
2025-04-09,22398.95,22410.2,22397.4,22402.75,10:50:00,22421.839461056363,2,20
2025-04-09,22393.55,22405.0,22392.2,22398.8,10:55:00,22419.145226670043,2,21
2025-04-09,22367.15,22394.6,22365.75,22393.95,11:00:00,22414.19330032052,2,22
2025-04-09,22363.05,22371.0,22353.5,22367.2,11:05:00,22409.3225098138,2,23
2025-04-09,22374.55,22374.8,22357.7,22363.25,11:10:00,22406.010842212487,2,24
2025-04-09,22388.6,22390.35,22368.7,22374.3,11:15:00,22404.35266676368,2,25
2025-04-09,22396.65,22407.05,22385.25,22389.0,11:20:00,22403.61907945285,2,26
2025-04-09,22408.4,22410.35,22391.65,22397.45,11:25:00,22404.07440521925,2,27
2025-04-09,22417.75,22422.6,22406.4,22409.45,11:30:00,22405.37684281741,2,28
2025-04-09,22425.2,22426.3,22409.25,22418.9,11:35:00,22407.264762549086,2,29
2025-04-09,22433.0,22435.45,22418.2,22426.0,11:40:00,22409.71573754441,2,30
2025-04-09,22419.3,22435.35,22417.2,22435.35,11:45:00,22410.628524444943,2,31
2025-04-09,22422.65,22424.3,22411.75,22419.95,11:50:00,22411.77342687876,2,32
2025-04-09,22414.85,22423.15,22412.05,22423.15,11:55:00,22412.066433842687,2,33
2025-04-09,22419.15,22420.65,22405.6,22415.15,12:00:00,22412.741059191005,2,34
2025-04-09,22424.3,22428.45,22417.0,22420.25,12:05:00,22413.841910696625,2,35
2025-04-09,22432.15,22432.15,22417.3,22425.6,12:10:00,22415.58553824933,2,36
2025-04-09,22424.8,22434.05,22423.2,22431.55,12:15:00,22416.463106035106,2,37
2025-04-09,22422.2,22427.5,22419.4,22425.05,12:20:00,22417.009476888907,2,38
2025-04-09,22421.0,22428.2,22420.0,22423.35,12:25:00,22417.38952670901,2,39
2025-04-09,22440.55,22445.3,22415.15,22421.35,12:30:00,22419.595286070056,2,40
2025-04-09,22431.85,22448.8,22427.4,22441.7,12:35:00,22420.76240168243,2,41
2025-04-09,22435.2,22437.7,22424.75,22431.95,12:40:00,22422.13741104601,2,42
2025-04-09,22437.95,22442.55,22428.7,22435.9,12:45:00,22423.64337189877,2,43
2025-04-09,22428.6,22438.55,22424.0,22438.55,12:50:00,22424.11543171793,2,44
2025-04-09,22425.3,22431.0,22416.25,22428.8,12:55:00,22424.2282477448,2,45
2025-04-09,22419.55,22425.75,22409.7,22425.65,13:00:00,22423.782700340533,2,46
2025-04-09,22430.6,22431.35,22411.55,22420.45,13:05:00,22424.431966974767,2,47
2025-04-09,22432.1,22436.55,22420.25,22431.4,13:10:00,22425.162255834315,2,48
2025-04-09,22423.4,22432.9,22419.35,22431.8,13:15:00,22424.99442194533,2,49
2025-04-09,22411.55,22424.0,22409.75,22423.6,13:20:00,22423.71400080768,2,50
2025-04-09,22417.1,22427.9,22409.75,22411.65,13:25:00,22423.084095968858,2,51
2025-04-09,22406.75,22425.45,22402.25,22419.95,13:30:00,22421.528467781347,2,52
2025-04-09,22400.9,22406.7,22396.85,22406.7,13:35:00,22419.563851802173,2,53
2025-04-09,22402.7,22405.25,22397.35,22400.95,13:40:00,22417.95777067816,2,54
2025-04-09,22407.65,22413.25,22400.15,22401.95,13:45:00,22416.976078232616,2,55
2025-04-09,22400.4,22408.7,22397.7,22405.75,13:50:00,22415.397404115225,2,56
2025-04-09,22398.65,22406.0,22396.55,22400.45,13:55:00,22413.80241324711,2,57
2025-04-09,22399.45,22403.65,22396.35,22398.85,14:00:00,22412.435516747384,2,58
2025-04-09,22403.75,22406.5,22397.15,22399.65,14:05:00,22411.608324676206,2,59
2025-04-09,22402.25,22407.45,22399.75,22403.5,14:10:00,22410.717055659425,2,60
2025-04-09,22405.5,22409.15,22399.65,22402.4,14:15:00,22410.220193215668,2,61
2025-04-09,22404.9,22409.0,22401.2,22405.85,14:20:00,22409.71350814751,2,62
2025-04-09,22403.25,22407.55,22402.8,22405.5,14:25:00,22409.097935942984,2,63
2025-04-09,22402.6,22404.45,22398.75,22404.35,14:30:00,22408.479084900795,2,64
2025-04-09,22403.0,22405.6,22400.55,22403.05,14:35:00,22407.9572672912,2,65
2025-04-09,22403.7,22406.65,22401.0,22403.8,14:40:00,22407.551813263464,2,66
2025-04-09,22402.15,22407.5,22400.5,22404.95,14:45:00,22407.03735485742,2,67
2025-04-09,22399.2,22403.75,22398.8,22401.9,14:50:00,22406.29094010909,2,68
2025-04-09,22399.05,22404.0,22396.35,22400.55,14:55:00,22405.601326765373,2,69
2025-04-09,22394.9,22405.15,22387.35,22399.4,15:00:00,22404.58215278772,2,70
2025-04-09,22401.45,22403.9,22394.35,22395.1,15:05:00,22404.28385252222,2,71
2025-04-09,22402.7,22405.55,22396.05,22402.1,15:10:00,22404.133009424862,2,72
2025-04-09,22396.2,22406.05,22396.0,22402.9,15:15:00,22403.377484717737,2,73
2025-04-09,22402.65,22402.65,22393.45,22396.5,15:20:00,22403.308200458905,2,74
2025-04-09,22420.4,22424.75,22399.8,22401.7,15:25:00,22404.93599089139,2,75
2025-04-11,22765.2,22780.95,22709.95,22727.45,09:15:00,22464.27549367753,4,1
2025-04-11,22812.1,22812.15,22758.35,22766.05,09:20:00,22497.40163713682,4,2
2025-04-11,22762.15,22820.5,22758.6,22812.45,09:25:00,22522.61576693331,4,3
2025-04-11,22794.2,22794.25,22761.8,22762.45,09:30:00,22548.48093198728,4,4
2025-04-11,22844.4,22847.55,22790.3,22794.6,09:35:00,22576.663700369445,4,5
2025-04-11,22849.0,22857.65,22836.65,22845.7,09:40:00,22602.600490810448,4,6
2025-04-11,22870.1,22874.25,22835.9,22849.45,09:45:00,22628.076634542784,4,7
2025-04-11,22859.7,22872.0,22847.6,22870.55,09:50:00,22650.136002681567,4,8
2025-04-11,22827.6,22867.95,22819.95,22860.25,09:55:00,22667.03733575952,4,9
2025-04-11,22835.1,22859.7,22827.2,22827.2,10:00:00,22683.04330378241,4,10
2025-04-11,22817.25,22845.25,22815.05,22835.4,10:05:00,22695.82489389837,4,11
2025-04-11,22832.7,22842.05,22807.8,22817.95,10:10:00,22708.860618289003,4,12
2025-04-11,22820.25,22843.3,22816.45,22833.2,10:15:00,22719.469130832906,4,13
2025-04-11,22794.8,22822.55,22785.8,22820.05,10:20:00,22726.64349932501,4,14
2025-04-11,22799.85,22803.9,22792.5,22794.3,10:25:00,22733.615547008347,4,15
2025-04-11,22814.2,22836.2,22798.75,22799.55,10:30:00,22741.29025681708,4,16
2025-04-11,22743.55,22814.2,22736.05,22814.2,10:35:00,22741.505470453543,4,17
2025-04-11,22784.35,22785.15,22741.25,22743.7,10:40:00,22745.58590183892,4,18
2025-04-11,22784.2,22792.5,22760.75,22784.5,10:45:00,22749.26343499712,4,19
2025-04-11,22780.85,22791.2,22778.25,22784.6,10:50:00,22752.271679283105,4,20
2025-04-11,22806.35,22810.35,22781.45,22781.45,10:55:00,22757.421995541856,4,21
2025-04-11,22816.2,22825.5,22805.7,22806.65,11:00:00,22763.019900728345,4,22
2025-04-11,22818.3,22827.9,22813.05,22816.0,11:05:00,22768.28467208755,4,23
2025-04-11,22834.7,22845.45,22808.3,22819.1,11:10:00,22774.609941412546,4,24
2025-04-11,22823.35,22845.3,22820.3,22834.2,11:15:00,22779.251851754205,4,25
2025-04-11,22851.45,22851.75,22824.0,22824.0,11:20:00,22786.12786587285,4,26
2025-04-11,22857.1,22859.85,22842.85,22851.65,11:25:00,22792.887116742106,4,27
2025-04-11,22869.5,22872.75,22856.75,22857.25,11:30:00,22800.183581814283,4,28
2025-04-11,22888.0,22895.05,22866.05,22869.05,11:35:00,22808.54705021292,4,29
2025-04-11,22874.9,22894.65,22874.0,22887.95,11:40:00,22814.86637876407,4,30
2025-04-11,22878.3,22889.0,22867.15,22874.85,11:45:00,22820.90767602463,4,31
2025-04-11,22862.0,22882.0,22860.25,22878.55,11:50:00,22824.82123068895,4,32
2025-04-11,22875.3,22876.75,22861.65,22862.05,11:55:00,22829.628732528097,4,33
2025-04-11,22879.25,22885.15,22868.0,22875.4,12:00:00,22834.35456752542,4,34
2025-04-11,22873.3,22884.35,22872.3,22879.75,12:05:00,22838.063656332524,4,35
2025-04-11,22907.85,22909.45,22872.05,22873.7,12:10:00,22844.709974777048,4,36
2025-04-11,22906.1,22923.9,22902.95,22908.35,12:15:00,22850.5566438459,4,37
2025-04-11,22901.05,22907.2,22889.55,22907.2,12:20:00,22855.3655349082,4,38
2025-04-11,22906.05,22912.25,22900.4,22901.8,12:25:00,22860.1926268217,4,39
2025-04-11,22890.8,22906.55,22890.4,22906.2,12:30:00,22863.10761474344,4,40
2025-04-11,22874.1,22893.7,22872.75,22891.4,12:35:00,22864.1545085774,4,41
2025-04-11,22893.25,22894.8,22873.75,22875.25,12:40:00,22866.9255077605,4,42
2025-04-11,22902.15,22906.95,22891.9,22893.7,12:45:00,22870.280221307123,4,43
2025-04-11,22901.3,22903.15,22891.45,22902.7,12:50:00,22873.23448594454,4,44
2025-04-11,22886.45,22904.9,22885.4,22901.5,12:55:00,22874.493106330778,4,45
2025-04-11,22901.85,22905.65,22886.4,22887.45,13:00:00,22877.098524775465,4,46
2025-04-11,22906.2,22912.0,22900.0,22902.05,13:05:00,22879.870093844467,4,47
2025-04-11,22904.5,22916.1,22901.6,22906.75,13:10:00,22882.21579919261,4,48
2025-04-11,22882.3,22908.45,22881.1,22905.4,13:15:00,22882.22381831713,4,49
2025-04-11,22885.85,22887.35,22880.25,22883.3,13:20:00,22882.569168953592,4,50
2025-04-11,22874.2,22898.05,22872.25,22888.85,13:25:00,22881.772105243726,4,51
2025-04-11,22849.1,22875.0,22846.1,22874.6,13:30:00,22878.66047617289,4,52
2025-04-11,22878.45,22878.75,22849.35,22850.25,13:35:00,22878.640430823096,4,53
2025-04-11,22875.1,22879.55,22865.45,22879.55,13:40:00,22878.303246935186,4,54
2025-04-11,22851.15,22875.9,22849.75,22875.9,13:45:00,22875.717223417545,4,55
2025-04-11,22825.15,22854.6,22824.35,22852.4,13:50:00,22870.90129737778,4,56
2025-04-11,22834.75,22837.1,22824.3,22826.1,13:55:00,22867.458316675133,4,57
2025-04-11,22788.05,22835.25,22787.5,22835.25,14:00:00,22859.89561984893,4,58
2025-04-11,22804.1,22810.7,22776.05,22789.5,14:05:00,22854.581751291887,4,59
2025-04-11,22785.55,22804.7,22770.4,22804.7,14:10:00,22848.0072987879,4,60
2025-04-11,22780.65,22796.0,22776.15,22786.15,14:15:00,22841.592317950955,4,61
2025-04-11,22783.95,22785.7,22768.75,22782.0,14:20:00,22836.1025733842,4,62
2025-04-11,22769.8,22797.1,22762.0,22784.2,14:25:00,22829.788042585704,4,63
2025-04-11,22787.35,22799.2,22770.85,22771.25,14:30:00,22825.74632424421,4,64
2025-04-11,22780.85,22790.5,22776.95,22788.0,14:35:00,22821.47048384,4,65
2025-04-11,22804.75,22805.8,22774.3,22781.7,14:40:00,22819.87805680761,4,66
2025-04-11,22825.75,22826.5,22804.15,22806.2,14:45:00,22820.437289492605,4,67
2025-04-11,22823.85,22829.95,22816.0,22826.05,14:50:00,22820.76230954093,4,68
2025-04-11,22827.0,22834.75,22811.9,22824.2,14:55:00,22821.356375298936,4,69
2025-04-11,22832.3,22840.15,22826.65,22826.65,15:00:00,22822.398625270467,4,70
2025-04-11,22829.6,22839.25,22821.85,22832.65,15:05:00,22823.084470482805,4,71
2025-04-11,22830.35,22838.35,22828.25,22830.5,15:10:00,22823.77642567492,4,72
2025-04-11,22817.9,22832.15,22810.95,22831.05,15:15:00,22823.21676608683,4,73
2025-04-11,22831.65,22832.95,22813.0,22818.15,15:20:00,22824.019931221417,4,74
2025-04-11,22844.5,22855.55,22830.5,22831.6,15:25:00,22825.97041396224,4,75
2025-04-15,23279.4,23346.8,23211.4,23346.8,09:15:00,22915.88984000084,1,1
2025-04-15,23299.9,23303.75,23278.4,23278.4,09:20:00,22952.46223619123,1,2
2025-04-15,23297.65,23315.45,23280.25,23300.6,09:25:00,22985.337261315875,1,3
2025-04-15,23267.4,23305.4,23264.65,23297.9,09:30:00,23012.2003792858,1,4
2025-04-15,23300.55,23307.0,23265.65,23267.65,09:35:00,23039.66224792524,1,5
2025-04-15,23310.95,23318.55,23296.1,23301.0,09:40:00,23065.499176694266,1,6
2025-04-15,23316.45,23316.45,23298.15,23311.05,09:45:00,23089.39925510433,1,7
2025-04-15,23329.65,23330.1,23314.55,23316.45,09:50:00,23112.28027842773,1,8
2025-04-15,23306.1,23330.65,23305.65,23330.65,09:55:00,23130.73929952985,1,9
2025-04-15,23302.1,23318.75,23301.3,23306.55,10:00:00,23147.05936624129,1,10
2025-04-15,23306.85,23322.95,23301.55,23301.6,10:05:00,23162.27752183736,1,11
2025-04-15,23312.1,23317.0,23303.9,23307.2,10:10:00,23176.546329281424,1,12
2025-04-15,23301.2,23319.05,23298.2,23311.95,10:15:00,23188.4181074451,1,13
2025-04-15,23308.85,23312.8,23300.1,23301.55,10:20:00,23199.887811497945,1,14
2025-04-15,23314.9,23316.55,23308.75,23309.05,10:25:00,23210.84135326005,1,15
2025-04-15,23307.95,23315.95,23307.25,23314.05,10:30:00,23220.089795806707,1,16
2025-04-15,23306.6,23309.85,23300.95,23308.7,10:35:00,23228.32886287273,1,17
2025-04-15,23309.6,23312.75,23303.25,23305.55,10:40:00,23236.06897117057,1,18
2025-04-15,23311.75,23313.55,23305.35,23308.9,10:45:00,23243.276688201942,1,19
2025-04-15,23304.3,23315.1,23303.6,23312.2,10:50:00,23249.088432182714,1,20
2025-04-15,23309.55,23312.35,23300.45,23304.1,10:55:00,23254.846676736743,1,21
2025-04-15,23314.5,23315.7,23306.1,23309.45,11:00:00,23260.52794561896,1,22
2025-04-15,23308.8,23316.0,23306.15,23314.05,11:05:00,23265.12528413144,1,23
2025-04-15,23295.15,23309.65,23292.8,23308.8,11:10:00,23267.984780880823,1,24
2025-04-15,23303.9,23304.75,23292.2,23295.65,11:15:00,23271.4052779398,1,25
2025-04-15,23305.3,23307.0,23298.4,23303.75,11:20:00,23274.63334670744,1,26
2025-04-15,23311.0,23316.35,23305.4,23305.6,11:25:00,23278.096837497204,1,27
2025-04-15,23305.55,23312.6,23304.1,23310.7,11:30:00,23280.71142440223,1,28
2025-04-15,23307.35,23310.65,23302.2,23305.3,11:35:00,23283.24843160202,1,29
2025-04-15,23304.9,23310.55,23302.65,23307.2,11:40:00,23285.31048573516,1,30
2025-04-15,23299.25,23307.8,23295.7,23304.75,11:45:00,23286.63805852229,1,31
2025-04-15,23305.85,23307.65,23291.65,23299.0,11:50:00,23288.46776723445,1,32
2025-04-15,23312.8,23316.15,23304.1,23306.05,11:55:00,23290.78512273593,1,33
2025-04-15,23318.15,23320.0,23311.25,23312.6,12:00:00,23293.391301522985,1,34
2025-04-15,23325.5,23326.95,23312.1,23319.15,12:05:00,23296.44927280651,1,35
2025-04-15,23332.55,23334.5,23323.1,23325.55,12:10:00,23299.887437301128,1,36
2025-04-15,23336.6,23340.45,23328.25,23332.55,12:15:00,23303.38387184388,1,37
2025-04-15,23335.8,23341.5,23334.1,23336.1,12:20:00,23306.471122144463,1,38
2025-04-15,23337.35,23340.35,23332.2,23335.9,12:25:00,23309.411967654512,1,39
2025-04-15,23345.75,23346.75,23337.4,23337.65,12:30:00,23312.8727326398,1,40
2025-04-15,23344.4,23350.35,23341.75,23346.4,12:35:00,23315.87532953125,1,41
2025-04-15,23340.35,23346.5,23338.05,23344.1,12:40:00,23318.20625052828,1,42
2025-04-15,23342.1,23345.0,23338.05,23340.05,12:45:00,23320.48184571605,1,43
2025-04-15,23335.45,23346.2,23335.05,23341.75,12:50:00,23321.90738421929,1,44
2025-04-15,23337.8,23341.25,23334.2,23335.5,12:55:00,23323.4209666746,1,45
2025-04-15,23345.5,23349.7,23335.45,23338.35,13:00:00,23325.52373175321,1,46
2025-04-15,23344.6,23350.65,23339.95,23345.5,13:05:00,23327.34051920528,1,47
2025-04-15,23337.7,23345.7,23336.6,23343.0,13:10:00,23328.327136423824,1,48
2025-04-15,23331.35,23340.9,23330.7,23337.4,13:15:00,23328.615028192984,1,49
2025-04-15,23332.2,23340.25,23325.85,23331.45,13:20:00,23328.956454079365,1,50
2025-04-15,23334.2,23338.6,23331.35,23332.4,13:25:00,23329.45583940514,1,51
2025-04-15,23332.8,23337.2,23325.7,23334.8,13:30:00,23329.774330890363,1,52
2025-04-15,23327.2,23337.9,23324.95,23332.6,13:35:00,23329.52915651985,1,53
2025-04-15,23328.55,23332.45,23325.55,23326.25,13:40:00,23329.43590351796,1,54
2025-04-15,23325.0,23335.5,23322.15,23328.65,13:45:00,23329.01343651625,1,55
2025-04-15,23326.25,23331.75,23324.25,23325.5,13:50:00,23328.75025208613,1,56
2025-04-15,23325.75,23332.8,23324.75,23326.5,13:55:00,23328.464513792213,1,57
2025-04-15,23323.35,23332.95,23323.2,23325.45,14:00:00,23327.97741724057,1,58
2025-04-15,23320.65,23329.4,23320.65,23323.5,14:05:00,23327.279567979567,1,59
2025-04-15,23326.05,23327.0,23315.2,23321.15,14:10:00,23327.162466267226,1,60
2025-04-15,23329.2,23332.55,23323.55,23326.0,14:15:00,23327.35651709892,1,61
2025-04-15,23331.5,23334.0,23325.9,23328.7,14:20:00,23327.75113451807,1,62
2025-04-15,23323.2,23334.9,23322.4,23331.15,14:25:00,23327.3176931354,1,63
2025-04-15,23315.85,23323.6,23312.8,23323.1,14:30:00,23326.225531884404,1,64
2025-04-15,23316.8,23320.9,23315.0,23316.0,14:35:00,23325.32786218113,1,65
2025-04-15,23309.6,23316.85,23308.35,23316.85,14:40:00,23323.82997054483,1,66
2025-04-15,23323.15,23324.5,23309.15,23309.15,14:45:00,23323.765211445323,1,67
2025-04-15,23319.9,23328.05,23319.8,23322.1,14:50:00,23323.39709606958,1,68
2025-04-15,23312.0,23322.25,23310.2,23319.95,14:55:00,23322.31165834867,1,69
2025-04-15,23317.0,23321.2,23308.35,23312.2,15:00:00,23321.805786124987,1,70
2025-04-15,23320.85,23325.95,23315.45,23316.95,15:05:00,23321.714758874987,1,71
2025-04-15,23321.2,23322.05,23314.6,23321.05,15:10:00,23321.665734220227,1,72
2025-04-15,23328.05,23332.5,23319.75,23320.95,15:15:00,23322.273759532585,1,73
2025-04-15,23343.35,23343.8,23327.2,23327.2,15:20:00,23324.281020529485,1,74
2025-04-15,23344.1,23357.1,23337.75,23343.3,15:25:00,23326.16854238382,1,75
2025-04-16,23284.85,23347.25,23277.9,23345.25,09:15:00,23323.77855737088,2,1
2025-04-16,23307.05,23311.85,23284.05,23285.3,09:20:00,23322.1853614308,2,2
2025-04-16,23334.2,23339.85,23301.4,23308.05,09:25:00,23323.329612723104,2,3
2025-04-16,23336.55,23340.25,23327.7,23333.5,09:30:00,23324.588697225667,2,4
2025-04-16,23346.45,23357.45,23326.65,23335.8,09:35:00,23326.67072606132,2,5
2025-04-16,23357.7,23359.65,23337.25,23344.9,09:40:00,23329.62589500786,2,6
2025-04-16,23346.65,23364.45,23343.7,23357.2,09:45:00,23331.24723834045,2,7
2025-04-16,23358.75,23361.35,23343.3,23345.85,09:50:00,23333.866548974685,2,8
2025-04-16,23357.9,23372.5,23349.1,23357.35,09:55:00,23336.15544907233,2,9
2025-04-16,23366.45,23368.9,23352.0,23357.5,10:00:00,23339.04064439877,2,10
2025-04-16,23356.6,23370.35,23355.6,23367.05,10:05:00,23340.712963979844,2,11
2025-04-16,23355.8,23360.8,23349.65,23356.7,10:10:00,23342.14982455319,2,12
2025-04-16,23313.05,23358.95,23308.75,23354.7,10:15:00,23339.37841269098,2,13
2025-04-16,23291.05,23315.75,23290.95,23311.8,10:20:00,23334.77570672041,2,14
2025-04-16,23302.8,23311.1,23289.05,23289.9,10:25:00,23331.730401318466,2,15
2025-04-16,23286.1,23313.75,23280.75,23303.05,10:30:00,23327.384648811945,2,16
2025-04-16,23295.1,23297.55,23286.15,23286.15,10:35:00,23324.309920353666,2,17
2025-04-16,23300.2,23306.55,23290.9,23295.9,10:40:00,23322.01373746284,2,18
2025-04-16,23307.0,23312.8,23297.8,23300.25,10:45:00,23320.58385770447,2,19
2025-04-16,23299.1,23314.6,23293.7,23307.45,10:50:00,23318.537776018333,2,20
2025-04-16,23287.65,23308.5,23280.95,23299.5,10:55:00,23315.596083064207,2,21
2025-04-16,23284.5,23291.05,23274.0,23286.2,11:00:00,23312.634551343806,2,22
2025-04-16,23307.65,23314.85,23276.9,23283.85,11:05:00,23312.159832168207,2,23
2025-04-16,23319.3,23319.3,23306.3,23307.9,11:10:00,23312.839848152187,2,24
2025-04-16,23335.05,23335.4,23316.15,23318.85,11:15:00,23314.95510070912,2,25
2025-04-16,23333.8,23335.2,23326.55,23334.35,11:20:00,23316.74985302254,2,26
2025-04-16,23322.9,23336.35,23320.9,23333.8,11:25:00,23317.335581306103,2,27
2025-04-16,23326.45,23332.65,23322.15,23323.55,11:30:00,23318.20362118172,2,28
2025-04-16,23321.45,23335.75,23318.85,23326.85,11:35:00,23318.512800116787,2,29
2025-04-16,23333.95,23334.2,23316.0,23321.3,11:40:00,23319.98300962947,2,30
2025-04-16,23339.15,23340.05,23331.1,23333.3,11:45:00,23321.80843728381,2,31
2025-04-16,23332.35,23339.65,23328.1,23339.05,11:50:00,23322.81239563773,2,32
2025-04-16,23327.7,23341.35,23325.4,23332.3,11:55:00,23323.27788176748,2,33
2025-04-16,23343.4,23344.45,23325.0,23326.95,12:00:00,23325.19427398009,2,34
2025-04-16,23342.9,23344.45,23332.15,23343.45,12:05:00,23326.88053360104,2,35
2025-04-16,23339.95,23349.6,23336.2,23343.05,12:10:00,23328.125244686657,2,36
2025-04-16,23345.45,23348.95,23335.9,23341.2,12:15:00,23329.775221383163,2,37
2025-04-16,23352.65,23354.25,23340.6,23345.5,12:20:00,23331.95377172762,2,38
2025-04-16,23348.6,23356.0,23345.65,23353.1,12:25:00,23333.539126801184,2,39
2025-04-16,23352.65,23352.7,23341.95,23348.4,12:30:00,23335.35920996297,2,40
2025-04-16,23351.25,23358.55,23349.0,23351.5,12:35:00,23336.87261853793,2,41
2025-04-16,23355.05,23362.05,23351.8,23353.75,12:40:00,23338.603797724794,2,42
2025-04-16,23349.65,23357.8,23349.1,23357.3,12:45:00,23339.6558169891,2,43
2025-04-16,23348.35,23354.05,23346.8,23350.4,12:50:00,23340.48383441871,2,44
2025-04-16,23342.45,23354.1,23340.7,23349.95,12:55:00,23340.67108828359,2,45
2025-04-16,23345.95,23347.35,23339.7,23343.45,13:00:00,23341.1738417804,2,46
2025-04-16,23337.25,23346.5,23334.65,23345.9,13:05:00,23340.800142563214,2,47
2025-04-16,23357.3,23357.5,23332.75,23337.3,13:10:00,23342.371557557195,2,48
2025-04-16,23330.4,23358.45,23328.15,23356.95,13:15:00,23341.231409218417,2,49
2025-04-16,23310.95,23331.55,23306.0,23330.15,13:20:00,23338.34746548333,2,50
2025-04-16,23297.3,23311.7,23291.55,23310.75,13:25:00,23334.438183056347,2,51
2025-04-16,23288.75,23300.25,23286.0,23298.25,13:30:00,23330.086927527173,2,52
2025-04-16,23300.3,23305.35,23286.1,23288.05,13:35:00,23327.250077286488,2,53
2025-04-16,23306.65,23308.15,23298.4,23299.6,13:40:00,23325.288165163965,2,54
2025-04-16,23300.65,23308.05,23293.9,23305.65,13:45:00,23322.941673243586,2,55
2025-04-16,23314.85,23316.55,23297.45,23300.3,13:50:00,23322.17103769658,2,56
2025-04-16,23380.25,23394.25,23313.75,23314.4,13:55:00,23327.702367439764,2,57
2025-04-16,23401.15,23420.4,23379.85,23380.7,14:00:00,23334.69738006455,2,58
2025-04-16,23400.0,23408.5,23391.55,23402.75,14:05:00,23340.916677201258,2,59
2025-04-16,23428.6,23430.25,23399.55,23401.05,14:10:00,23349.26746984876,2,60
2025-04-16,23421.35,23430.5,23415.7,23430.5,14:15:00,23356.132472720303,2,61
2025-04-16,23410.2,23425.4,23405.75,23421.25,14:20:00,23361.281761032653,2,62
2025-04-16,23411.7,23419.65,23405.1,23410.15,14:25:00,23366.08349807716,2,63
2025-04-16,23403.9,23415.45,23402.2,23411.2,14:30:00,23369.68506968886,2,64
2025-04-16,23411.25,23413.25,23395.7,23402.85,14:35:00,23373.643634480395,2,65
2025-04-16,23414.65,23419.2,23408.25,23410.25,14:40:00,23377.54900262512,2,66
2025-04-16,23416.75,23420.95,23408.7,23414.4,14:45:00,23381.28243094654,2,67
2025-04-16,23431.55,23432.2,23416.0,23417.55,14:50:00,23386.06981847544,2,68
2025-04-16,23431.6,23434.05,23420.7,23431.4,14:55:00,23390.40602623968,2,69
2025-04-16,23437.55,23437.55,23425.25,23429.6,15:00:00,23394.89592850257,2,70
2025-04-16,23437.75,23439.15,23432.6,23436.85,15:05:00,23398.977268645183,2,71
2025-04-16,23424.55,23437.9,23422.85,23437.9,15:10:00,23401.412766869453,2,72
2025-04-16,23438.8,23439.3,23420.85,23424.3,15:15:00,23404.97345573903,2,73
2025-04-16,23450.35,23450.8,23437.85,23439.25,15:20:00,23409.29503138293,2,74
2025-04-16,23433.3,23452.05,23427.5,23450.55,15:25:00,23411.58121887028,2,75
2025-04-17,23358.15,23397.2,23350.85,23387.0,09:15:00,23405.65401363304,3,1
2025-04-17,23318.05,23361.7,23308.65,23357.65,09:20:00,23397.31077423941,3,2
2025-04-17,23309.25,23331.7,23299.15,23318.85,09:25:00,23388.924033835658,3,3
2025-04-17,23319.85,23334.05,23302.25,23309.8,09:30:00,23382.34555442274,3,4
2025-04-17,23344.65,23347.5,23316.3,23319.85,09:35:00,23378.755501620573,3,5
2025-04-17,23397.65,23403.25,23343.5,23345.0,09:40:00,23380.55497765671,3,6
2025-04-17,23422.3,23431.35,23394.6,23397.1,09:45:00,23384.53069407036,3,7
2025-04-17,23421.0,23434.55,23412.5,23423.9,09:50:00,23388.00396130175,3,8
2025-04-17,23413.1,23427.3,23405.15,23418.75,09:55:00,23390.3940602254,3,9
2025-04-17,23399.4,23417.35,23390.15,23413.05,10:00:00,23391.25176877536,3,10
2025-04-17,23358.05,23405.6,23355.15,23400.1,10:05:00,23388.08969555865,3,11
2025-04-17,23353.4,23358.15,23341.05,23356.0,10:10:00,23384.785915029257,3,12
2025-04-17,23359.75,23377.2,23347.7,23352.75,10:15:00,23382.40154216933,3,13
2025-04-17,23382.3,23382.3,23342.3,23359.8,10:20:00,23382.391871486536,3,14
2025-04-17,23391.7,23406.05,23382.95,23382.95,10:25:00,23383.27835991639,3,15
2025-04-17,23408.25,23412.25,23392.0,23392.0,10:30:00,23385.65661135292,3,16
2025-04-17,23406.4,23409.6,23396.45,23406.85,10:35:00,23387.63217217645,3,17
2025-04-17,23421.95,23426.95,23402.9,23406.0,10:40:00,23390.90053673108,3,18
2025-04-17,23440.15,23441.1,23421.65,23421.8,10:45:00,23395.59096180431,3,19
2025-04-17,23420.7,23444.85,23419.75,23440.35,10:50:00,23397.98229877533,3,20
2025-04-17,23406.65,23422.25,23402.85,23420.4,10:55:00,23398.80779413006,3,21
2025-04-17,23377.4,23413.85,23369.15,23406.55,11:00:00,23396.768956593867,3,22
2025-04-17,23423.6,23425.35,23378.9,23378.9,11:05:00,23399.32429406112,3,23
2025-04-17,23440.1,23441.6,23422.75,23425.5,11:10:00,23403.20769462673,3,24
2025-04-17,23482.35,23484.4,23439.35,23440.95,11:15:00,23410.74505704323,3,25
2025-04-17,23480.2,23484.5,23471.25,23481.9,11:20:00,23417.359813515304,3,26
2025-04-17,23512.1,23517.0,23476.3,23479.3,11:25:00,23426.38268841861,3,27
2025-04-17,23538.3,23549.25,23510.3,23512.05,11:30:00,23437.041479997788,3,28
2025-04-17,23558.0,23573.8,23536.7,23537.3,11:35:00,23448.56133904562,3,29
2025-04-17,23596.5,23614.9,23551.55,23558.0,11:40:00,23462.650735326988,3,30
2025-04-17,23600.55,23603.0,23581.55,23598.85,11:45:00,23475.78399862918,3,31
2025-04-17,23600.25,23634.35,23596.55,23600.45,11:50:00,23487.63790352164,3,32
2025-04-17,23601.05,23603.65,23567.4,23600.25,11:55:00,23498.4390555672,3,33
2025-04-17,23602.85,23606.4,23576.3,23601.2,12:00:00,23508.382955036985,3,34
2025-04-17,23618.45,23625.1,23596.45,23603.15,12:05:00,23518.865530747746,3,35
2025-04-17,23634.45,23646.75,23615.2,23618.7,12:10:00,23529.87357543844,3,36
2025-04-17,23649.45,23658.0,23623.0,23634.25,12:15:00,23541.261806349063,3,37
2025-04-17,23645.25,23655.6,23626.65,23649.0,12:20:00,23551.16544383963,3,38
2025-04-17,23679.25,23682.35,23643.9,23644.25,12:25:00,23563.36397299776,3,39
2025-04-17,23708.8,23715.5,23674.6,23677.9,12:30:00,23577.21502318845,3,40
2025-04-17,23685.05,23709.0,23672.35,23708.45,12:35:00,23587.485020980028,3,41
2025-04-17,23712.35,23715.3,23683.85,23684.55,12:40:00,23599.37692374384,3,42
2025-04-17,23735.7,23741.6,23703.3,23712.05,12:45:00,23612.36007386347,3,43
2025-04-17,23743.45,23745.85,23731.6,23735.95,12:50:00,23624.84482873361,3,44
2025-04-17,23738.35,23746.85,23719.75,23743.05,12:55:00,23635.654845044697,3,45
2025-04-17,23744.65,23745.5,23723.95,23738.5,13:00:00,23646.035335992823,3,46
2025-04-17,23768.1,23770.85,23737.05,23742.65,13:05:00,23657.660542088743,3,47
2025-04-17,23788.65,23788.65,23762.05,23768.05,13:10:00,23670.13572855648,3,48
2025-04-17,23788.5,23797.4,23780.6,23787.85,13:15:00,23681.408516313004,3,49
2025-04-17,23785.35,23789.9,23761.7,23786.95,13:20:00,23691.307705235577,3,50
2025-04-17,23775.3,23792.1,23770.7,23783.75,13:25:00,23699.306971403617,3,51
2025-04-17,23776.5,23789.6,23770.0,23774.35,13:30:00,23706.6586884128,3,52
2025-04-17,23807.1,23807.5,23773.0,23775.4,13:35:00,23716.22452761158,3,53
2025-04-17,23816.45,23818.95,23800.05,23806.65,13:40:00,23725.76981069619,3,54
2025-04-17,23840.35,23841.0,23812.95,23814.6,13:45:00,23736.682209677507,3,55
2025-04-17,23840.85,23848.8,23832.05,23839.25,13:50:00,23746.602951612986,3,56
2025-04-17,23845.05,23847.65,23834.55,23839.25,13:55:00,23755.97886098317,3,57
2025-04-17,23850.8,23868.15,23842.4,23842.4,14:00:00,23765.00944565144,3,58
2025-04-17,23853.75,23859.55,23848.35,23849.55,14:05:00,23773.46092701797,3,59
2025-04-17,23831.15,23871.25,23827.55,23853.35,14:10:00,23778.95512444483,3,60
2025-04-17,23828.0,23842.95,23783.8,23828.7,14:15:00,23783.62606497389,3,61
2025-04-17,23819.35,23829.0,23814.5,23827.7,14:20:00,23787.02834450019,3,62
2025-04-17,23834.05,23845.8,23818.45,23818.55,14:25:00,23791.506597404936,3,63
2025-04-17,23858.45,23863.0,23832.6,23833.05,14:30:00,23797.882159556848,3,64
2025-04-17,23864.25,23865.45,23851.3,23857.35,14:35:00,23804.20290626572,3,65
2025-04-17,23859.7,23867.2,23853.05,23861.9,14:40:00,23809.48834376422,3,66
2025-04-17,23861.1,23862.45,23835.8,23858.95,14:45:00,23814.4037395962,3,67
2025-04-17,23854.55,23863.65,23853.2,23860.9,14:50:00,23818.22719296799,3,68
2025-04-17,23858.6,23868.9,23848.35,23854.95,14:55:00,23822.07222220913,3,69
2025-04-17,23855.8,23871.3,23843.85,23857.15,15:00:00,23825.28439152255,3,70
2025-04-17,23853.15,23859.55,23846.65,23855.25,15:05:00,23827.9382589966,3,71
2025-04-17,23847.0,23855.75,23844.9,23852.5,15:10:00,23829.753662901683,3,72
2025-04-17,23850.15,23852.4,23841.7,23847.2,15:15:00,23831.696171196763,3,73
2025-04-17,23851.65,23852.85,23843.75,23848.95,15:20:00,23833.59653584469,3,74
2025-04-17,23837.75,23862.2,23831.35,23850.65,15:25:00,23833.99210385948,3,75
2025-04-21,23960.4,24002.4,23921.8,23922.15,09:15:00,23855.953853726245,0,1
2025-04-21,23968.35,23975.5,23903.9,23959.4,09:20:00,23866.65824860946,0,2
2025-04-21,23959.3,23974.05,23927.05,23968.75,09:25:00,23875.481272551413,0,3
2025-04-21,23983.15,23985.95,23931.25,23958.7,09:30:00,23885.735437070325,0,4
2025-04-21,24021.85,24025.15,23982.65,23983.55,09:35:00,23898.698728777912,0,5
2025-04-21,24030.0,24035.3,24003.0,24023.5,09:40:00,23911.203611751444,0,6
2025-04-21,23994.15,24030.6,23985.3,24027.75,09:45:00,23919.10326777512,0,7
2025-04-21,24015.65,24015.8,23982.2,23993.7,09:50:00,23928.29819465368,0,8
2025-04-21,24031.55,24037.65,24013.0,24014.25,09:55:00,23938.13169992476,0,9
2025-04-21,24051.3,24052.2,24015.1,24031.35,10:00:00,23948.90963326525,0,10
2025-04-21,24057.55,24061.2,24038.95,24051.5,10:05:00,23959.25633485904,0,11
2025-04-21,24033.45,24058.1,24033.45,24057.35,10:10:00,23966.3223982058,0,12
2025-04-21,24021.0,24037.3,24016.0,24032.0,10:15:00,23971.52978885287,0,13
2025-04-21,24010.7,24032.2,24009.3,24020.35,10:20:00,23975.260285152595,0,14
2025-04-21,24045.65,24048.0,24011.35,24012.4,10:25:00,23981.964067519013,0,15
2025-04-21,24057.4,24059.6,24043.3,24045.5,10:30:00,23989.14844204101,0,16
2025-04-21,24043.25,24062.2,24040.75,24056.55,10:35:00,23994.30097137044,0,17
2025-04-21,24067.65,24069.25,24043.05,24043.85,10:40:00,24001.286593144683,0,18
2025-04-21,24071.35,24078.55,24062.55,24067.45,10:45:00,24007.959298559475,0,19
2025-04-21,24095.0,24099.2,24071.0,24071.0,10:50:00,24016.248889172857,0,20
2025-04-21,24099.9,24101.5,24091.85,24095.9,10:55:00,24024.215661632585,0,21
2025-04-21,24095.2,24101.8,24086.55,24101.8,11:00:00,24030.976074810435,0,22
2025-04-21,24102.1,24107.45,24092.8,24095.9,11:05:00,24037.749781971343,0,23
2025-04-21,24110.0,24110.75,24094.3,24102.75,11:10:00,24044.63075511693,0,24
2025-04-21,24124.9,24124.9,24106.05,24110.9,11:15:00,24052.2754451058,0,25
2025-04-21,24118.85,24129.15,24118.7,24124.8,11:20:00,24058.61587890525,0,26
2025-04-21,24125.1,24132.7,24117.6,24119.15,11:25:00,24064.947699961893,0,27
2025-04-21,24109.75,24125.85,24109.3,24124.2,11:30:00,24069.21458567981,0,28
2025-04-21,24113.8,24116.8,24099.05,24109.3,11:35:00,24073.460815615064,0,29
2025-04-21,24108.0,24120.4,24101.75,24113.4,11:40:00,24076.75026174696,0,30
2025-04-21,24111.45,24117.5,24106.45,24110.9,11:45:00,24080.05499872344,0,31
2025-04-21,24124.95,24129.1,24106.25,24111.5,11:50:00,24084.33071313073,0,32
2025-04-21,24135.2,24143.6,24123.05,24125.4,11:55:00,24089.17540711828,0,33
2025-04-21,24136.5,24137.85,24128.25,24136.45,12:00:00,24093.68251120225,0,34
2025-04-21,24139.85,24143.75,24125.65,24137.2,12:05:00,24098.079414897275,0,35
2025-04-21,24148.35,24150.15,24138.15,24140.5,12:10:00,24102.86708966896,0,36
2025-04-21,24166.0,24166.7,24141.3,24149.1,12:15:00,24108.879747795727,0,37
2025-04-21,24172.4,24173.75,24158.5,24166.4,12:20:00,24114.929295624708,0,38
2025-04-21,24166.7,24182.1,24160.85,24174.85,12:25:00,24119.859838898545,0,39
2025-04-21,24175.65,24178.1,24163.45,24167.45,12:30:00,24125.17318757488,0,40
2025-04-21,24181.0,24184.65,24172.4,24175.6,12:35:00,24130.49002685346,0,41
2025-04-21,24172.6,24185.15,24172.6,24182.35,12:40:00,24134.500500486465,0,42
2025-04-21,24182.25,24188.45,24169.75,24172.75,12:45:00,24139.048071868707,0,43
2025-04-21,24176.95,24187.0,24172.05,24181.85,12:50:00,24142.657779309782,0,44
2025-04-21,24177.6,24185.75,24176.1,24176.9,12:55:00,24145.985609851705,0,45
2025-04-21,24177.2,24186.55,24169.75,24178.1,13:00:00,24148.958408913448,0,46
2025-04-21,24188.45,24188.45,24175.5,24177.1,13:05:00,24152.71951282645,0,47
2025-04-21,24173.75,24188.5,24169.35,24188.5,13:10:00,24154.722416366792,0,48
2025-04-21,24156.05,24175.55,24153.95,24172.15,13:15:00,24154.848852903287,0,49
2025-04-21,24164.95,24169.5,24146.5,24155.55,13:20:00,24155.8108669125,0,50
2025-04-21,24154.7,24170.6,24153.75,24164.8,13:25:00,24155.70507006369,0,51
2025-04-21,24151.1,24160.9,24145.1,24155.55,13:30:00,24155.266491962386,0,52
2025-04-21,24154.55,24158.9,24150.55,24150.55,13:35:00,24155.19825463264,0,53
2025-04-21,24113.2,24156.55,24109.5,24154.1,13:40:00,24151.19842085809,0,54
2025-04-21,24132.1,24132.85,24106.5,24113.05,13:45:00,24149.37952363352,0,55
2025-04-21,24163.3,24171.6,24129.35,24131.45,13:50:00,24150.70528328747,0,56
2025-04-21,24150.05,24164.6,24143.85,24162.5,13:55:00,24150.64287535533,0,57
2025-04-21,24147.0,24154.0,24136.35,24148.9,14:00:00,24150.2959348453,0,58
2025-04-21,24152.9,24154.85,24144.25,24147.45,14:05:00,24150.54394105051,0,59
2025-04-21,24143.45,24157.35,24134.2,24152.6,14:10:00,24149.86832761713,0,60
2025-04-21,24142.6,24153.6,24138.5,24143.35,14:15:00,24149.176105939307,0,61
2025-04-21,24146.4,24148.75,24133.3,24142.1,14:20:00,24148.91171489747,0,62
2025-04-21,24138.25,24156.95,24136.75,24144.6,14:25:00,24147.89631347866,0,63
2025-04-21,24128.2,24146.05,24126.9,24136.35,14:30:00,24146.020474099743,0,64
2025-04-21,24125.0,24136.95,24122.2,24126.4,14:35:00,24144.018524185485,0,65
2025-04-21,24143.0,24143.0,24120.0,24124.65,14:40:00,24143.921521882105,0,66
2025-04-21,24153.95,24155.85,24133.7,24140.65,14:45:00,24144.87661503619,0,67
2025-04-21,24146.85,24156.0,24143.55,24152.5,14:50:00,24145.06455646132,0,68
2025-04-21,24145.6,24154.5,24142.75,24146.45,14:55:00,24145.11555108405,0,69
2025-04-21,24117.55,24148.2,24115.2,24145.25,15:00:00,24142.49026050462,0,70
2025-04-21,24119.95,24125.45,24113.35,24116.5,15:05:00,24140.343569027988,0,71
2025-04-21,24114.4,24121.85,24109.95,24121.4,15:10:00,24137.87275293008,0,72
2025-04-21,24132.65,24134.4,24112.25,24114.55,15:15:00,24137.37534788912,0,73
2025-04-21,24125.7,24135.65,24119.95,24131.25,15:20:00,24136.26340999492,0,74
2025-04-21,24121.2,24133.65,24118.05,24123.85,15:25:00,24134.82879951921,0,75
2025-04-22,24089.1,24196.5,24086.05,24196.5,09:15:00,24134.8312848672,1,1
2025-04-22,24136.65,24143.0,24073.25,24089.4,09:20:00,24135.00449583223,1,2
2025-04-22,24133.55,24159.3,24124.25,24137.95,09:25:00,24134.86597241964,1,3
2025-04-22,24168.5,24169.65,24130.05,24132.6,09:30:00,24138.06921314157,1,4
2025-04-22,24186.15,24190.3,24165.2,24169.0,09:35:00,24142.64833569952,1,5
2025-04-22,24180.9,24186.3,24159.75,24182.95,09:40:00,24146.291351347187,1,6
2025-04-22,24179.9,24188.4,24165.3,24181.5,09:45:00,24149.492175028405,1,7
2025-04-22,24148.0,24185.85,24141.05,24180.25,09:50:00,24149.35006312093,1,8
2025-04-22,24166.2,24178.75,24139.2,24147.1,09:55:00,24150.95481901418,1,9
2025-04-22,24181.6,24183.05,24161.9,24166.8,10:00:00,24153.873407679497,1,10
2025-04-22,24193.95,24197.65,24178.8,24181.55,10:05:00,24157.69022599573,1,11
2025-04-22,24195.7,24202.55,24185.15,24195.65,10:10:00,24161.31020447233,1,12
2025-04-22,24198.0,24200.9,24191.55,24195.5,10:15:00,24164.80447071306,1,13
2025-04-22,24203.35,24204.55,24187.35,24198.65,10:20:00,24168.47547350229,1,14
2025-04-22,24195.35,24215.1,24194.4,24201.65,10:25:00,24171.03495221636,1,15
2025-04-22,24207.8,24209.05,24193.9,24194.25,10:30:00,24174.536385338608,1,16
2025-04-22,24217.4,24219.6,24204.65,24208.15,10:35:00,24178.61863435398,1,17
2025-04-22,24223.85,24225.6,24214.35,24217.35,10:40:00,24182.926383463124,1,18
2025-04-22,24219.15,24227.6,24216.6,24223.9,10:45:00,24186.37625170473,1,19
2025-04-22,24226.35,24227.2,24212.35,24220.05,10:50:00,24190.183275351897,1,20
2025-04-22,24228.1,24230.3,24213.2,24226.15,10:55:00,24193.79439198505,1,21
2025-04-22,24233.35,24242.25,24227.75,24228.15,11:00:00,24197.56159274838,1,22
2025-04-22,24228.7,24237.8,24228.1,24233.65,11:05:00,24200.52715534377,1,23
2025-04-22,24230.0,24232.05,24214.0,24228.85,11:10:00,24203.334092930083,1,24
2025-04-22,24227.95,24231.1,24217.95,24230.3,11:15:00,24205.678465031982,1,25
2025-04-22,24202.3,24233.5,24201.7,24228.85,11:20:00,24205.356706457507,1,26
2025-04-22,24190.15,24206.25,24190.15,24201.6,11:25:00,24203.908448699647,1,27
2025-04-22,24173.8,24202.25,24173.2,24189.55,11:30:00,24201.04097739492,1,28
2025-04-22,24199.15,24201.25,24166.15,24174.65,11:35:00,24200.860884309688,1,29
2025-04-22,24209.7,24214.95,24195.7,24199.3,11:40:00,24201.702704851625,1,30
2025-04-22,24213.25,24216.05,24205.1,24209.45,11:45:00,24202.802447246708,1,31
2025-04-22,24213.0,24217.9,24203.65,24213.15,11:50:00,24203.773642747023,1,32
2025-04-22,24217.9,24221.4,24208.2,24213.25,11:55:00,24205.11901010445,1,33
2025-04-22,24211.05,24219.7,24203.25,24217.25,12:00:00,24205.683866284977,1,34
2025-04-22,24199.35,24213.6,24199.2,24210.9,12:05:00,24205.080640924505,1,35
2025-04-22,24202.85,24206.4,24187.7,24199.3,12:10:00,24204.868198931694,1,36
2025-04-22,24191.6,24203.3,24186.0,24201.85,12:15:00,24203.6045609382,1,37
2025-04-22,24195.7,24197.25,24182.1,24190.5,12:20:00,24202.85174561075,1,38
2025-04-22,24192.65,24198.15,24184.95,24195.55,12:25:00,24201.88015079068,1,39
2025-04-22,24187.75,24194.95,24180.75,24193.25,12:30:00,24200.534422143948,1,40
2025-04-22,24180.8,24187.15,24176.25,24187.15,12:35:00,24198.654953368336,1,41
2025-04-22,24189.3,24190.9,24175.5,24185.2,12:40:00,24197.764005428493,1,42
2025-04-22,24178.45,24191.15,24177.3,24188.85,12:45:00,24195.924576340065,1,43
2025-04-22,24181.05,24184.95,24176.0,24178.15,12:50:00,24194.507950021965,1,44
2025-04-22,24180.3,24190.15,24178.0,24180.45,12:55:00,24193.15481192464,1,45
2025-04-22,24180.05,24182.9,24173.65,24180.55,13:00:00,24191.90673459848,1,46
2025-04-22,24170.75,24181.9,24168.25,24180.25,13:05:00,24189.891807493863,1,47
2025-04-22,24182.1,24186.0,24169.0,24170.05,13:10:00,24189.149730589685,1,48
2025-04-22,24183.75,24187.65,24177.8,24183.8,13:15:00,24188.635470533525,1,49
2025-04-22,24191.05,24197.55,24182.25,24184.0,13:20:00,24188.86542572081,1,50
2025-04-22,24188.65,24197.1,24186.65,24191.15,13:25:00,24188.8449089855,1,51
2025-04-22,24184.3,24192.6,24179.35,24188.85,13:30:00,24188.412060510687,1,52
2025-04-22,24182.35,24185.25,24177.35,24183.2,13:35:00,24187.83472141443,1,53
2025-04-22,24182.65,24189.15,24180.65,24182.3,13:40:00,24187.34093842258,1,54
2025-04-22,24179.3,24184.85,24176.6,24182.35,13:45:00,24186.575134763287,1,55
2025-04-22,24173.8,24182.9,24173.6,24178.5,13:50:00,24185.35845526202,1,56
2025-04-22,24180.0,24182.9,24173.8,24174.15,13:55:00,24184.848126189445,1,57
2025-04-22,24182.85,24185.0,24174.8,24179.6,14:00:00,24184.657828457115,1,58
2025-04-22,24185.5,24189.4,24181.9,24183.0,14:05:00,24184.73803527073,1,59
2025-04-22,24178.8,24189.1,24175.25,24185.6,14:10:00,24184.172508102085,1,60
2025-04-22,24176.25,24182.5,24173.55,24179.35,14:15:00,24183.41798352093,1,61
2025-04-22,24179.6,24182.3,24173.15,24176.1,14:20:00,24183.054366042747,1,62
2025-04-22,24184.15,24184.6,24175.1,24178.9,14:25:00,24183.158712133914,1,63
2025-04-22,24175.25,24184.7,24175.05,24183.65,14:30:00,24182.405501454494,1,64
2025-04-22,24180.25,24180.25,24171.7,24173.3,14:35:00,24182.20021560168,1,65
2025-04-22,24175.9,24182.5,24174.25,24179.9,14:40:00,24181.60019506819,1,66
2025-04-22,24152.1,24176.85,24144.05,24176.0,14:45:00,24178.790652680746,1,67
2025-04-22,24171.4,24175.2,24150.3,24153.0,14:50:00,24178.086780996862,1,68
2025-04-22,24171.55,24178.6,24155.3,24171.55,14:55:00,24177.46423042573,1,69
2025-04-22,24177.3,24181.0,24166.05,24172.9,15:00:00,24177.448589432803,1,70
2025-04-22,24172.55,24177.1,24163.0,24177.1,15:05:00,24176.982057105863,1,71
2025-04-22,24161.15,24174.25,24161.15,24173.8,15:10:00,24175.4742421434,1,72
2025-04-22,24164.6,24164.75,24152.6,24162.3,15:15:00,24174.438600034504,1,73
2025-04-22,24166.15,24173.95,24161.5,24165.0,15:20:00,24173.649209555027,1,74
2025-04-22,24134.05,24169.8,24126.95,24167.45,15:25:00,24169.87785626408,1,75
2025-04-23,24313.5,24353.35,24285.15,24350.15,09:15:00,24199.73175988964,2,1
2025-04-23,24349.35,24351.35,24308.75,24312.85,09:20:00,24213.981116090625,2,2
2025-04-23,24319.1,24354.3,24318.1,24349.2,09:25:00,24223.992438367703,2,3
2025-04-23,24285.85,24329.6,24276.3,24317.6,09:30:00,24229.88363471364,2,4
2025-04-23,24274.6,24286.85,24265.2,24286.85,09:35:00,24234.14233616948,2,5
2025-04-23,24320.65,24321.3,24270.25,24275.45,09:40:00,24242.381161296194,2,6
2025-04-23,24340.45,24345.7,24320.45,24321.05,09:45:00,24251.72105069656,2,7
2025-04-23,24326.75,24340.65,24312.45,24339.5,09:50:00,24258.86666491593,2,8
2025-04-23,24305.9,24327.35,24302.2,24327.35,09:55:00,24263.34603016204,2,9
2025-04-23,24277.65,24318.25,24275.55,24306.65,10:00:00,24264.708313003743,2,10
2025-04-23,24237.05,24279.0,24229.25,24279.0,10:05:00,24262.07418795577,2,11
2025-04-23,24190.65,24239.65,24189.95,24236.95,10:10:00,24255.27188434094,2,12
2025-04-23,24218.3,24230.7,24189.95,24191.55,10:15:00,24251.750752498945,2,13
2025-04-23,24211.7,24228.95,24199.6,24219.0,10:20:00,24247.936395118093,2,14
2025-04-23,24230.55,24232.4,24202.45,24212.1,10:25:00,24246.28054796399,2,15
2025-04-23,24192.8,24242.1,24192.8,24231.3,10:30:00,24241.18716244361,2,16
2025-04-23,24186.4,24208.65,24177.5,24193.65,10:35:00,24235.96933744898,2,17
2025-04-23,24169.5,24198.55,24169.5,24186.35,10:40:00,24229.6389243586,2,18
2025-04-23,24147.85,24182.55,24146.3,24170.15,10:45:00,24221.84950299112,2,19
2025-04-23,24129.55,24164.3,24129.55,24148.6,10:50:00,24213.059074134817,2,20
2025-04-23,24152.45,24153.6,24120.15,24129.8,10:55:00,24207.28678136007,2,21
2025-04-23,24174.35,24186.35,24152.7,24152.7,11:00:00,24204.149945040062,2,22
2025-04-23,24189.9,24197.05,24169.9,24174.8,11:05:00,24202.7928074172,2,23
2025-04-23,24191.7,24196.3,24182.15,24190.2,11:10:00,24201.736349567946,2,24
2025-04-23,24214.65,24219.2,24189.95,24192.3,11:15:00,24202.966221037663,2,25
2025-04-23,24180.0,24217.5,24180.0,24215.0,11:20:00,24200.778961891217,2,26
2025-04-23,24195.95,24208.45,24180.75,24180.75,11:25:00,24200.319060758724,2,27
2025-04-23,24207.9,24208.45,24188.6,24195.65,11:30:00,24201.04105497218,2,28
2025-04-23,24200.3,24214.85,24195.05,24207.45,11:35:00,24200.97047830816,2,29
2025-04-23,24239.2,24242.15,24199.0,24200.2,11:40:00,24204.611385135955,2,30
2025-04-23,24247.25,24251.8,24232.85,24239.0,11:45:00,24208.6722055992,2,31
2025-04-23,24224.7,24247.3,24212.45,24247.25,11:50:00,24210.1986622088,2,32
2025-04-23,24205.1,24226.35,24203.75,24224.2,11:55:00,24209.713075331765,2,33
2025-04-23,24215.8,24221.75,24203.5,24205.4,12:00:00,24210.292782443023,2,34
2025-04-23,24199.9,24226.3,24199.35,24216.25,12:05:00,24209.30299363893,2,35
2025-04-23,24222.65,24223.6,24197.9,24199.4,12:10:00,24210.57413710189,2,36
2025-04-23,24208.45,24223.2,24201.9,24222.5,12:15:00,24210.37183833028,2,37
2025-04-23,24215.3,24222.1,24205.15,24209.35,12:20:00,24210.84118706073,2,38
2025-04-23,24209.05,24226.65,24208.7,24215.45,12:25:00,24210.67059781685,2,39
2025-04-23,24224.2,24224.2,24207.85,24208.9,12:30:00,24211.959112310487,2,40
2025-04-23,24216.15,24225.5,24212.3,24224.25,12:35:00,24212.3582444714,2,41
2025-04-23,24229.35,24229.5,24207.95,24215.7,12:40:00,24213.97650690269,2,42
2025-04-23,24233.0,24239.05,24226.3,24228.8,12:45:00,24215.788268150056,2,43
2025-04-23,24240.65,24242.05,24229.0,24233.55,12:50:00,24218.156052135768,2,44
2025-04-23,24248.55,24250.45,24236.15,24241.85,12:55:00,24221.050713837125,2,45
2025-04-23,24265.1,24266.75,24246.55,24247.9,13:00:00,24225.245883947875,2,46
2025-04-23,24255.45,24266.5,24250.95,24264.8,13:05:00,24228.122466429028,2,47
2025-04-23,24243.3,24257.65,24229.45,24254.55,13:10:00,24229.567945816736,2,48
2025-04-23,24240.55,24247.25,24230.55,24243.5,13:15:00,24230.61385573895,2,49
2025-04-23,24253.55,24254.15,24239.65,24239.7,13:20:00,24232.79825043048,2,50
2025-04-23,24259.4,24261.65,24250.55,24254.15,13:25:00,24235.331750389483,2,51
2025-04-23,24252.3,24266.75,24251.35,24259.4,13:30:00,24236.947774161912,2,52
2025-04-23,24263.4,24265.45,24251.0,24251.9,13:35:00,24239.46703376554,2,53
2025-04-23,24274.65,24276.8,24254.35,24263.35,13:40:00,24242.81779245453,2,54
2025-04-23,24270.55,24279.7,24268.9,24274.55,13:45:00,24245.45895507792,2,55
2025-04-23,24289.55,24290.65,24266.65,24270.4,13:50:00,24249.65810221336,2,56
2025-04-23,24298.5,24300.35,24287.0,24289.6,13:55:00,24254.309711526366,2,57
2025-04-23,24301.9,24306.6,24289.45,24298.5,14:00:00,24258.842119952427,2,58
2025-04-23,24304.5,24305.45,24291.45,24301.15,14:05:00,24263.190489480767,2,59
2025-04-23,24303.45,24304.65,24294.7,24304.3,14:10:00,24267.02472857784,2,60
2025-04-23,24303.45,24306.1,24292.05,24303.8,14:15:00,24270.49380204661,2,61
2025-04-23,24308.15,24311.45,24298.95,24303.65,14:20:00,24274.0801066136,2,62
2025-04-23,24309.35,24314.8,24302.0,24308.35,14:25:00,24277.439144078973,2,63
2025-04-23,24307.85,24315.1,24305.0,24309.55,14:30:00,24280.33541607145,2,64
2025-04-23,24304.85,24314.75,24299.8,24309.05,14:35:00,24282.67013835036,2,65
2025-04-23,24290.3,24307.15,24278.8,24304.8,14:40:00,24283.3967918408,2,66
2025-04-23,24299.1,24303.05,24290.1,24290.7,14:45:00,24284.89233547501,2,67
2025-04-23,24309.7,24313.9,24299.5,24299.9,14:50:00,24287.25497019168,2,68
2025-04-23,24317.9,24319.1,24307.85,24309.9,14:55:00,24290.173544459136,2,69
2025-04-23,24331.15,24332.05,24317.6,24318.5,15:00:00,24294.076064034456,2,70
2025-04-23,24334.85,24335.85,24330.9,24331.2,15:05:00,24297.95929603117,2,71
2025-04-23,24334.8,24340.25,24333.25,24335.05,15:10:00,24301.467934504395,2,72
2025-04-23,24329.8,24336.9,24318.25,24334.75,15:15:00,24304.16622645636,2,73
2025-04-23,24325.4,24330.35,24322.8,24328.15,15:20:00,24306.18849060337,2,74
2025-04-23,24300.85,24327.05,24287.9,24324.9,15:25:00,24305.68006292686,2,75
2025-04-24,24271.75,24293.3,24270.35,24281.0,09:15:00,24300.054881443528,3,1
2025-04-24,24272.2,24277.7,24270.1,24272.05,09:20:00,24297.40203559176,3,2
2025-04-24,24253.1,24272.6,24251.8,24272.15,09:25:00,24293.18279410683,3,3
2025-04-24,24319.3,24319.3,24248.8,24253.55,09:30:00,24295.67014704904,3,4
2025-04-24,24294.45,24347.55,24290.4,24320.05,09:35:00,24295.55394256817,3,5
2025-04-24,24263.95,24295.9,24260.8,24295.9,09:40:00,24292.544043275968,3,6
2025-04-24,24248.65,24264.05,24239.7,24263.0,09:45:00,24288.363658202063,3,7
2025-04-24,24287.7,24291.05,24245.2,24248.25,09:50:00,24288.300452659016,3,8
2025-04-24,24270.75,24288.5,24261.55,24288.1,09:55:00,24286.62898097721,3,9
2025-04-24,24263.85,24274.8,24262.2,24270.7,10:00:00,24284.459554217472,3,10
2025-04-24,24266.05,24278.8,24263.75,24264.55,10:05:00,24282.706263339616,3,11
2025-04-24,24297.35,24297.9,24266.1,24267.2,10:10:00,24284.10090492632,3,12
2025-04-24,24296.55,24302.2,24289.6,24297.85,10:15:00,24285.28653302857,3,13
2025-04-24,24301.95,24302.3,24285.0,24296.55,10:20:00,24286.873529883,3,14
2025-04-24,24302.2,24313.1,24297.4,24302.55,10:25:00,24288.333193703664,3,15
2025-04-24,24289.15,24302.2,24286.55,24302.2,10:30:00,24288.410984779504,3,16
2025-04-24,24281.75,24289.55,24272.9,24288.7,10:35:00,24287.776605276693,3,17
2025-04-24,24276.85,24284.25,24274.3,24281.6,10:40:00,24286.735976202723,3,18
2025-04-24,24278.1,24285.0,24271.6,24277.1,10:45:00,24285.91350227865,3,19
2025-04-24,24275.45,24280.85,24271.95,24278.0,10:50:00,24284.91697825212,3,20
2025-04-24,24276.2,24278.2,24268.8,24275.5,10:55:00,24284.08678984715,3,21
2025-04-24,24278.0,24287.75,24270.05,24275.85,11:00:00,24283.507095575995,3,22
2025-04-24,24282.8,24284.0,24271.9,24278.6,11:05:00,24283.439753140185,3,23
2025-04-24,24279.05,24285.0,24274.5,24282.6,11:10:00,24283.02168141255,3,24
2025-04-24,24276.9,24283.75,24274.3,24279.15,11:15:00,24282.438664135163,3,25
2025-04-24,24272.35,24279.25,24266.55,24277.65,11:20:00,24281.47783897943,3,26
2025-04-24,24257.5,24272.5,24252.9,24272.5,11:25:00,24279.194235267103,3,27
2025-04-24,24264.1,24265.65,24254.65,24256.35,11:30:00,24277.756689051188,3,28
2025-04-24,24267.45,24267.85,24257.95,24263.8,11:35:00,24276.775099617746,3,29
2025-04-24,24264.5,24269.25,24259.9,24266.0,11:40:00,24275.60604251129,3,30
2025-04-24,24267.65,24271.25,24262.75,24263.75,11:45:00,24274.848324176884,3,31
2025-04-24,24265.8,24269.15,24261.95,24267.2,11:50:00,24273.986579017183,3,32
2025-04-24,24259.55,24267.35,24257.75,24264.7,11:55:00,24272.61166672984,3,33
2025-04-24,24261.7,24261.85,24255.5,24258.9,12:00:00,24271.572460374613,3,34
2025-04-24,24263.65,24270.65,24260.85,24260.95,12:05:00,24270.817940338933,3,35
2025-04-24,24260.3,24264.5,24257.0,24262.2,12:10:00,24269.816231735225,3,36
2025-04-24,24272.3,24272.5,24260.3,24260.3,12:15:00,24270.05278109378,3,37
2025-04-24,24265.1,24273.1,24264.15,24271.45,12:20:00,24269.581087656275,3,38
2025-04-24,24257.25,24266.8,24256.4,24265.35,12:25:00,24268.40669835568,3,39
2025-04-24,24257.75,24263.05,24255.25,24256.5,12:30:00,24267.391774702755,3,40
2025-04-24,24256.9,24260.85,24248.4,24257.2,12:35:00,24266.3925580644,3,41
2025-04-24,24263.7,24268.3,24256.5,24257.05,12:40:00,24266.136123963028,3,42
2025-04-24,24271.75,24273.4,24263.35,24264.05,12:45:00,24266.67077882369,3,43
2025-04-24,24264.95,24272.6,24264.8,24271.55,12:50:00,24266.5068951262,3,44
2025-04-24,24265.5,24269.6,24261.6,24267.75,12:55:00,24266.41100035228,3,45
2025-04-24,24266.85,24269.5,24259.65,24266.1,13:00:00,24266.452809842536,3,46
2025-04-24,24262.9,24271.9,24259.6,24266.4,13:05:00,24266.11444700039,3,47
2025-04-24,24257.5,24267.8,24257.5,24262.6,13:10:00,24265.294023476545,3,48
2025-04-24,24257.75,24265.2,24255.8,24258.75,13:15:00,24264.575545050207,3,49
2025-04-24,24260.05,24263.2,24253.75,24257.7,13:20:00,24264.14454075972,3,50
2025-04-24,24255.85,24263.4,24253.5,24259.6,13:25:00,24263.354584496883,3,51
2025-04-24,24255.2,24263.45,24251.75,24257.0,13:30:00,24262.577957401943,3,52
2025-04-24,24243.75,24258.6,24242.05,24255.05,13:35:00,24260.78481860176,3,53
2025-04-24,24250.65,24253.65,24243.65,24243.65,13:40:00,24259.81959778254,3,54
2025-04-24,24248.45,24254.15,24246.6,24250.7,13:45:00,24258.736778946102,3,55
2025-04-24,24246.5,24252.8,24244.1,24248.8,13:50:00,24257.57137142743,3,56
2025-04-24,24249.2,24252.45,24243.45,24246.95,13:55:00,24256.77409795816,3,57
2025-04-24,24250.3,24258.9,24245.95,24249.1,14:00:00,24256.15751720024,3,58
2025-04-24,24250.05,24254.55,24246.3,24250.75,14:05:00,24255.57584889545,3,59
2025-04-24,24247.1,24252.4,24245.05,24250.2,14:10:00,24254.76862519112,3,60
2025-04-24,24251.4,24253.6,24243.75,24247.4,14:15:00,24254.44780374435,3,61
2025-04-24,24254.85,24263.15,24249.9,24251.5,14:20:00,24254.486108149653,3,62
2025-04-24,24248.8,24257.55,24245.7,24254.9,14:25:00,24253.944574040164,3,63
2025-04-24,24242.45,24253.95,24239.8,24249.25,14:30:00,24252.84985270301,3,64
2025-04-24,24238.75,24247.0,24235.45,24242.5,14:35:00,24251.50700958844,3,65
2025-04-24,24243.15,24244.55,24232.4,24237.95,14:40:00,24250.711103913345,3,66
2025-04-24,24240.95,24246.4,24237.25,24243.3,14:45:00,24249.78147496922,3,67
2025-04-24,24223.3,24242.35,24218.5,24238.8,14:50:00,24247.25942973405,3,68
2025-04-24,24221.3,24229.95,24217.2,24223.25,14:55:00,24244.78710309272,3,69
2025-04-24,24243.55,24247.6,24221.25,24221.25,15:00:00,24244.669283750554,3,70
2025-04-24,24247.15,24252.75,24235.55,24244.65,15:05:00,24244.90554244097,3,71
2025-04-24,24250.15,24259.7,24242.5,24248.0,15:10:00,24245.40501458945,3,72
2025-04-24,24252.4,24257.2,24244.3,24250.95,15:15:00,24246.07120367617,3,73
2025-04-24,24249.3,24254.4,24244.4,24253.4,15:20:00,24246.378708087967,3,74
2025-04-24,24245.05,24254.1,24240.75,24249.55,15:25:00,24246.25216446054,3,75
2025-04-25,24325.7,24364.85,24274.95,24274.95,09:15:00,24257.502111950693,4,1
2025-04-25,24303.6,24339.75,24296.25,24327.35,09:20:00,24261.892387003005,4,2
2025-04-25,24319.35,24346.8,24295.35,24304.75,09:25:00,24267.36454062177,4,3
2025-04-25,24280.05,24327.85,24271.9,24319.0,09:30:00,24268.572679610174,4,4
2025-04-25,24231.25,24282.2,24230.35,24280.5,09:35:00,24265.01813869492,4,5
2025-04-25,24208.15,24237.15,24188.9,24230.85,09:40:00,24259.60212548588,4,6
2025-04-25,24168.8,24215.85,24165.75,24208.75,09:45:00,24250.95430401104,4,7
2025-04-25,24129.0,24171.45,24128.85,24166.65,09:50:00,24239.339608390936,4,8
2025-04-25,24080.3,24131.95,24067.55,24127.1,09:55:00,24224.19297902037,4,9
2025-04-25,23961.0,24080.65,23960.55,24080.65,10:00:00,24199.126981018428,4,10
2025-04-25,23992.9,24028.6,23950.35,23960.75,10:05:00,24179.486316159528,4,11
2025-04-25,24033.65,24044.25,23990.15,23993.35,10:10:00,24165.59714319196,4,12
2025-04-25,24032.95,24043.65,24003.0,24032.6,10:15:00,24152.964081935577,4,13
2025-04-25,24024.0,24043.5,23997.55,24032.65,10:20:00,24140.681788417904,4,14
2025-04-25,23927.5,24027.95,23924.05,24023.95,10:25:00,24120.37876094953,4,15
2025-04-25,23938.15,23969.75,23908.95,23928.95,10:30:00,24103.023640859097,4,16
2025-04-25,23966.25,23984.05,23939.35,23939.35,10:35:00,24089.997579824896,4,17
2025-04-25,23964.85,23997.65,23950.8,23968.45,10:40:00,24078.078762698715,4,18
2025-04-25,23976.35,23987.8,23954.55,23965.5,10:45:00,24068.390309108363,4,19
2025-04-25,23942.9,23976.5,23937.75,23976.5,10:50:00,24056.438851098043,4,20
2025-04-25,23939.1,23949.75,23923.55,23943.5,10:55:00,24045.26372242204,4,21
2025-04-25,23904.5,23942.4,23901.45,23939.65,11:00:00,24031.85765361994,4,22
2025-04-25,23937.7,23950.1,23902.95,23905.65,11:05:00,24022.89025803709,4,23
2025-04-25,23940.35,23944.8,23920.25,23938.3,11:10:00,24015.029281081173,4,24
2025-04-25,23898.8,23945.9,23891.5,23941.3,11:15:00,24003.95982574011,4,25
2025-04-25,23901.15,23906.9,23879.7,23899.35,11:20:00,23994.16841376486,4,26
2025-04-25,23912.05,23917.6,23889.85,23901.3,11:25:00,23986.34761245392,4,27
2025-04-25,23890.7,23918.55,23890.2,23911.95,11:30:00,23977.238316029736,4,28
2025-04-25,23922.25,23923.2,23886.1,23891.35,11:35:00,23972.00133355072,4,29
2025-04-25,23903.4,23927.25,23901.7,23922.25,11:40:00,23965.46787321255,4,30
2025-04-25,23864.35,23904.85,23863.25,23904.75,11:45:00,23955.83759957326,4,31
2025-04-25,23869.85,23874.1,23848.35,23864.8,11:50:00,23947.648304375805,4,32
2025-04-25,23872.5,23880.8,23864.9,23871.2,11:55:00,23940.49132300668,4,33
2025-04-25,23881.8,23882.5,23859.25,23871.55,12:00:00,23934.90167319652,4,34
2025-04-25,23894.65,23898.1,23881.2,23881.3,12:05:00,23931.06818051113,4,35
2025-04-25,23938.15,23946.65,23891.3,23894.65,12:10:00,23931.74263951008,4,36
2025-04-25,23950.6,23962.65,23922.0,23939.25,12:15:00,23933.538578604355,4,37
2025-04-25,23939.0,23953.4,23931.4,23950.65,12:20:00,23934.05871397537,4,38
2025-04-25,23943.55,23952.55,23922.5,23938.95,12:25:00,23934.96264597772,4,39
2025-04-25,23951.2,23955.7,23935.85,23942.6,12:30:00,23936.509060646506,4,40
2025-04-25,23984.25,23984.8,23943.5,23951.0,12:35:00,23941.05581677541,4,41
2025-04-25,23951.05,23984.7,23943.2,23984.05,12:40:00,23942.007643749177,4,42
2025-04-25,23973.6,23980.4,23950.4,23950.9,12:45:00,23945.01643958259,4,43
2025-04-25,23982.85,23985.0,23962.6,23973.1,12:50:00,23948.61963581281,4,44
2025-04-25,24026.45,24033.0,23975.15,23982.3,12:55:00,23956.032051449693,4,45
2025-04-25,24026.95,24047.95,24013.05,24024.65,13:00:00,23962.786141787816,4,46
2025-04-25,24042.0,24060.8,24022.0,24027.45,13:05:00,23970.330318760407,4,47
2025-04-25,24047.15,24051.4,24026.3,24042.75,13:10:00,23977.646478878465,4,48
2025-04-25,24061.4,24066.65,24039.9,24045.75,13:15:00,23985.62300469956,4,49
2025-04-25,24059.35,24071.15,24055.1,24059.3,13:20:00,23992.6446232996,4,50
2025-04-25,24036.75,24063.6,24029.5,24058.2,13:25:00,23996.845135366308,4,51
2025-04-25,24075.5,24084.1,24034.6,24035.65,13:30:00,24004.33607485524,4,52
2025-04-25,24064.2,24098.25,24054.55,24075.2,13:35:00,24010.037401059497,4,53
2025-04-25,24084.6,24085.6,24063.0,24063.8,13:40:00,24017.13860095859,4,54
2025-04-25,24103.45,24103.45,24078.55,24083.95,13:45:00,24025.35873420063,4,55
2025-04-25,24120.1,24128.5,24103.6,24104.05,13:50:00,24034.381711895803,4,56
2025-04-25,24147.75,24149.6,24110.95,24119.65,13:55:00,24045.17869171525,4,57
2025-04-25,24123.8,24150.65,24117.65,24146.55,14:00:00,24052.66643536141,4,58
2025-04-25,24064.05,24130.1,24062.9,24122.0,14:05:00,24053.75058437461,4,59
2025-04-25,24077.1,24081.5,24046.0,24066.0,14:10:00,24055.974338243697,4,60
2025-04-25,24125.15,24130.25,24076.45,24076.55,14:15:00,24062.5624965062,4,61
2025-04-25,24118.6,24124.5,24103.35,24123.8,14:20:00,24067.899401600847,4,62
2025-04-25,24103.7,24118.85,24091.45,24118.55,14:25:00,24071.30898240077,4,63
2025-04-25,24065.6,24106.9,24057.6,24104.0,14:30:00,24070.76526979117,4,64
2025-04-25,24064.95,24071.2,24042.75,24065.35,14:35:00,24070.211434572964,4,65
2025-04-25,24064.3,24067.45,24047.75,24063.95,14:40:00,24069.64844080411,4,66
2025-04-25,24073.2,24073.25,24038.15,24063.2,14:45:00,24069.98668453705,4,67
2025-04-25,24090.95,24092.45,24066.2,24075.0,14:50:00,24071.98319077162,4,68
2025-04-25,24076.95,24100.3,24072.25,24087.95,14:55:00,24072.456220221942,4,69
2025-04-25,24078.65,24085.3,24058.45,24073.8,15:00:00,24073.04610401033,4,70
2025-04-25,24068.65,24085.35,24059.3,24076.65,15:05:00,24072.62742743792,4,71
2025-04-25,24052.95,24079.8,24045.95,24067.85,15:10:00,24070.753386729542,4,72
2025-04-25,24036.15,24054.65,24035.8,24051.45,15:15:00,24067.45782608864,4,73
2025-04-25,24001.65,24037.1,23994.85,24035.9,15:20:00,24061.1904140802,4,74
2025-04-25,23991.65,24006.3,23986.1,23998.3,15:25:00,24054.567517501127,4,75
2025-04-28,24131.55,24151.65,24059.15,24071.7,09:15:00,24063.2505075236,0,1
2025-04-28,24090.7,24138.15,24082.1,24130.15,09:20:00,24065.864744902305,0,2
2025-04-28,24117.95,24136.2,24082.75,24089.5,09:25:00,24070.8252453878,0,3
2025-04-28,24184.3,24185.4,24108.65,24117.05,09:30:00,24081.63236487468,0,4
2025-04-28,24221.65,24227.4,24177.65,24184.0,09:35:00,24094.96737774376,0,5
2025-04-28,24176.6,24226.2,24173.45,24222.7,09:40:00,24102.74191319673,0,6
2025-04-28,24188.1,24216.8,24175.75,24175.75,09:45:00,24110.871254797043,0,7
2025-04-28,24196.8,24207.9,24174.3,24186.7,09:50:00,24119.054944816373,0,8
2025-04-28,24229.3,24231.25,24183.0,24197.5,09:55:00,24129.55447388148,0,9
2025-04-28,24229.8,24235.95,24217.8,24228.6,10:00:00,24139.101666845145,0,10
2025-04-28,24265.25,24266.05,24229.45,24229.45,10:05:00,24151.115793812274,0,11
2025-04-28,24275.85,24279.05,24252.9,24264.8,10:10:00,24162.99524202063,0,12
2025-04-28,24275.45,24282.75,24265.3,24276.0,10:15:00,24173.705218971045,0,13
2025-04-28,24245.55,24280.2,24238.0,24275.45,10:20:00,24180.54757906904,0,14
2025-04-28,24236.85,24263.0,24229.35,24245.5,10:25:00,24185.9097143958,0,15
2025-04-28,24254.6,24263.15,24237.7,24238.05,10:30:00,24192.451646358106,0,16
2025-04-28,24259.15,24262.65,24240.9,24254.25,10:35:00,24198.80387051448,0,17
2025-04-28,24245.35,24259.05,24244.1,24258.1,10:40:00,24203.236835227384,0,18
2025-04-28,24258.95,24263.85,24242.8,24245.45,10:45:00,24208.542850920014,0,19
2025-04-28,24272.45,24282.9,24252.9,24257.9,10:50:00,24214.62924607049,0,20
2025-04-28,24276.9,24280.4,24263.2,24271.85,10:55:00,24220.55979406377,0,21
2025-04-28,24268.5,24278.6,24262.9,24276.75,11:00:00,24225.125527962464,0,22
2025-04-28,24278.6,24282.2,24258.3,24267.95,11:05:00,24230.21833482318,0,23
2025-04-28,24235.0,24280.5,24227.75,24279.2,11:10:00,24230.67373150669,0,24
2025-04-28,24226.0,24244.15,24210.75,24236.2,11:15:00,24230.22861422033,0,25
2025-04-28,24229.25,24246.25,24222.4,24225.1,11:20:00,24230.135412866017,0,26
2025-04-28,24252.9,24253.7,24227.05,24228.8,11:25:00,24232.30346878354,0,27
2025-04-28,24265.25,24265.85,24248.65,24253.95,11:30:00,24235.4412336613,0,28
2025-04-28,24265.95,24270.9,24260.45,24264.9,11:35:00,24238.34683045546,0,29
2025-04-28,24276.55,24280.45,24265.0,24265.05,11:40:00,24241.98522755494,0,30
2025-04-28,24270.55,24284.6,24267.95,24276.55,11:45:00,24244.70568207352,0,31
2025-04-28,24272.55,24288.7,24270.7,24270.7,11:50:00,24247.35752187604,0,32
2025-04-28,24271.5,24275.25,24261.3,24272.35,11:55:00,24249.65680550689,0,33
2025-04-28,24282.8,24291.15,24271.6,24271.6,12:00:00,24252.81330022052,0,34
2025-04-28,24275.2,24296.4,24272.15,24285.05,12:05:00,24254.945366866188,0,35
2025-04-28,24289.65,24296.5,24274.1,24278.8,12:10:00,24258.250570021788,0,36
2025-04-28,24327.65,24329.0,24286.95,24292.3,12:15:00,24264.860039543524,0,37
2025-04-28,24321.3,24335.2,24320.5,24329.75,12:20:00,24270.23527387272,0,38
2025-04-28,24344.85,24346.35,24320.1,24325.65,12:25:00,24277.341438265787,0,39
2025-04-28,24343.7,24350.7,24336.2,24347.45,12:30:00,24283.66130128809,0,40
2025-04-28,24340.95,24347.75,24331.9,24346.7,12:35:00,24289.11736783209,0,41
2025-04-28,24336.45,24345.25,24326.6,24345.25,12:40:00,24293.625237562366,0,42
2025-04-28,24336.15,24343.4,24333.15,24339.5,12:45:00,24297.67521493738,0,43
2025-04-28,24335.9,24345.25,24334.9,24338.65,12:50:00,24301.31567065763,0,44
2025-04-28,24348.75,24354.75,24332.15,24338.2,12:55:00,24305.833225833096,0,45
2025-04-28,24330.9,24352.5,24326.7,24350.7,13:00:00,24308.220537658515,0,46
2025-04-28,24338.95,24341.5,24313.5,24334.7,13:05:00,24311.147153119608,0,47
2025-04-28,24339.0,24349.3,24328.25,24341.4,13:10:00,24313.799805203456,0,48
2025-04-28,24329.15,24351.55,24328.7,24341.85,13:15:00,24315.261728517413,0,49
2025-04-28,24333.75,24336.05,24319.9,24330.7,13:20:00,24317.02251627766,0,50
2025-04-28,24331.9,24336.4,24323.15,24336.35,13:25:00,24318.43941948931,0,51
2025-04-28,24337.75,24342.05,24323.2,24335.1,13:30:00,24320.27852239509,0,52
2025-04-28,24335.15,24347.1,24323.35,24339.6,13:35:00,24321.69485359556,0,53
2025-04-28,24341.95,24343.6,24334.5,24338.55,13:40:00,24323.62391515789,0,54
2025-04-28,24347.1,24351.6,24341.7,24344.6,13:45:00,24325.8597327619,0,55
2025-04-28,24333.15,24351.55,24329.9,24348.75,13:50:00,24326.55404392744,0,56
2025-04-28,24332.0,24337.65,24325.9,24336.55,13:55:00,24327.07270641053,0,57
2025-04-28,24332.55,24339.2,24328.3,24335.85,14:00:00,24327.59435341905,0,58
2025-04-28,24334.05,24343.05,24331.6,24333.85,14:05:00,24328.20917690295,0,59
2025-04-28,24350.6,24352.3,24333.8,24336.95,14:10:00,24330.341636245525,0,60
2025-04-28,24327.0,24353.7,24326.05,24352.6,14:15:00,24330.02338517452,0,61
2025-04-28,24304.7,24328.35,24304.7,24328.3,14:20:00,24327.61163420552,0,62
2025-04-28,24305.05,24314.9,24293.55,24308.3,14:25:00,24325.462907138328,0,63
2025-04-28,24302.8,24321.65,24302.8,24308.0,14:30:00,24323.304535029914,0,64
2025-04-28,24281.55,24305.4,24280.9,24305.4,14:35:00,24319.32791264612,0,65
2025-04-28,24273.65,24284.05,24265.45,24284.05,14:40:00,24314.977635251245,0,66
2025-04-28,24281.2,24283.75,24260.9,24276.45,14:45:00,24311.76071760827,0,67
2025-04-28,24311.8,24313.6,24277.85,24283.25,14:50:00,24311.76445878844,0,68
2025-04-28,24318.45,24325.6,24306.3,24313.55,14:55:00,24312.401176999065,0,69
2025-04-28,24327.95,24341.3,24322.2,24322.2,15:00:00,24313.88201728487,0,70
2025-04-28,24314.2,24330.25,24311.85,24329.9,15:05:00,24313.91230135297,0,71
2025-04-28,24324.1,24327.95,24312.9,24314.6,15:10:00,24314.88255836697,0,72
2025-04-28,24335.8,24337.2,24325.25,24325.6,15:15:00,24316.87469566536,0,73
2025-04-28,24322.45,24337.75,24322.05,24336.5,15:20:00,24317.405677030565,0,74
2025-04-28,24312.9,24330.05,24309.55,24322.4,15:25:00,24316.97656493241,0,75
2025-04-29,24439.25,24440.65,24370.95,24373.3,09:15:00,24333.25088421905,1,1
2025-04-29,24453.7,24454.05,24424.5,24438.5,09:20:00,24344.722228579143,1,2
2025-04-29,24417.1,24456.85,24413.3,24453.6,09:25:00,24351.615349666845,1,3
2025-04-29,24440.2,24452.9,24393.55,24418.25,09:30:00,24360.05198303191,1,4
2025-04-29,24369.45,24442.5,24360.4,24440.85,09:35:00,24360.94703226697,1,5
2025-04-29,24316.6,24387.05,24304.6,24370.1,09:40:00,24356.7235053844,1,6
2025-04-29,24315.55,24364.5,24308.1,24317.85,09:45:00,24352.80221915731,1,7
2025-04-29,24329.1,24340.05,24291.0,24316.75,09:50:00,24350.54486495185,1,8
2025-04-29,24390.25,24395.0,24326.5,24330.15,09:55:00,24354.32630638501,1,9
2025-04-29,24378.3,24396.15,24362.2,24390.0,10:00:00,24356.609515300723,1,10
2025-04-29,24344.65,24379.75,24333.8,24379.15,10:05:00,24355.47051384351,1,11
2025-04-29,24351.55,24365.1,24338.55,24345.2,10:10:00,24355.0971315727,1,12
2025-04-29,24319.0,24354.1,24319.0,24351.3,10:15:00,24351.65930951816,1,13
2025-04-29,24346.4,24347.1,24317.4,24318.1,10:20:00,24351.15842289738,1,14
2025-04-29,24317.8,24348.15,24311.3,24346.45,10:25:00,24347.98143024049,1,15
2025-04-29,24314.95,24329.7,24305.5,24318.85,10:30:00,24344.8355797414,1,16
2025-04-29,24331.5,24335.25,24314.55,24316.2,10:35:00,24343.565524527927,1,17
2025-04-29,24321.5,24333.9,24312.8,24331.55,10:40:00,24341.464046001456,1,18
2025-04-29,24350.7,24352.35,24317.95,24321.85,10:45:00,24342.343660667982,1,19
2025-04-29,24330.85,24353.7,24328.45,24349.85,10:50:00,24341.24902631865,1,20
2025-04-29,24333.8,24349.95,24330.25,24330.25,10:55:00,24340.539595240683,1,21
2025-04-29,24351.9,24351.9,24332.8,24334.7,11:00:00,24341.62153855109,1,22
2025-04-29,24368.15,24369.85,24351.9,24353.05,11:05:00,24344.148058689087,1,23
2025-04-29,24356.05,24369.7,24350.6,24367.1,11:10:00,24345.281576909176,1,24
2025-04-29,24348.8,24358.5,24338.95,24356.55,11:15:00,24345.616664822588,1,25
2025-04-29,24348.95,24360.35,24347.05,24348.3,11:20:00,24345.934125315674,1,26
2025-04-29,24349.25,24358.75,24347.6,24349.05,11:25:00,24346.24992290466,1,27
2025-04-29,24347.65,24351.6,24334.95,24348.65,11:30:00,24346.383263580406,1,28
2025-04-29,24346.45,24353.6,24341.6,24347.95,11:35:00,24346.38961942989,1,29
2025-04-29,24354.4,24356.8,24342.2,24346.7,11:40:00,24347.152512817524,1,30
2025-04-29,24340.15,24355.8,24335.3,24354.65,11:45:00,24346.485606834904,1,31
2025-04-29,24322.95,24340.85,24321.0,24340.8,11:50:00,24344.24412046968,1,32
2025-04-29,24313.25,24329.1,24311.95,24323.4,11:55:00,24341.292299472563,1,33
2025-04-29,24322.05,24322.5,24302.45,24313.4,12:00:00,24339.4596995228,1,34
2025-04-29,24315.5,24323.75,24310.65,24322.15,12:05:00,24337.17782337777,1,35
2025-04-29,24316.6,24322.3,24309.2,24315.3,12:10:00,24335.21803067512,1,36
2025-04-29,24313.1,24321.6,24310.65,24316.4,12:15:00,24333.111551563205,1,37
2025-04-29,24313.65,24315.85,24304.1,24315.1,12:20:00,24331.258070461947,1,38
2025-04-29,24309.75,24317.25,24306.6,24312.95,12:25:00,24329.209682798904,1,39
2025-04-29,24329.95,24330.8,24309.15,24309.25,12:30:00,24329.28018919901,1,40
2025-04-29,24341.35,24347.95,24325.4,24328.75,12:35:00,24330.42969498958,1,41
2025-04-29,24341.85,24346.8,24336.4,24340.6,12:40:00,24331.51734308581,1,42
2025-04-29,24339.55,24344.85,24330.6,24338.8,12:45:00,24332.282358030017,1,43
2025-04-29,24357.9,24358.35,24336.45,24339.15,12:50:00,24334.72213345573,1,44
2025-04-29,24358.95,24363.55,24353.0,24357.75,12:55:00,24337.02954931709,1,45
2025-04-29,24368.4,24369.5,24352.2,24358.25,13:00:00,24340.01721128689,1,46
2025-04-29,24360.1,24368.5,24350.6,24368.05,13:05:00,24341.929857831,1,47
2025-04-29,24356.85,24363.55,24353.5,24359.4,13:10:00,24343.35082375185,1,48
2025-04-29,24354.1,24359.35,24341.35,24355.45,13:15:00,24344.374554823105,1,49
2025-04-29,24362.9,24363.15,24346.55,24352.2,13:20:00,24346.13888293519,1,50
2025-04-29,24366.05,24376.05,24356.0,24362.1,13:25:00,24348.035179798502,1,51
2025-04-29,24366.8,24371.7,24361.45,24366.65,13:30:00,24349.822305531976,1,52
2025-04-29,24366.15,24368.8,24357.4,24366.5,13:35:00,24351.37732405274,1,53
2025-04-29,24353.9,24372.7,24351.0,24367.15,13:40:00,24351.61757890486,1,54
2025-04-29,24363.45,24366.95,24351.75,24352.7,13:45:00,24352.744476152016,1,55
2025-04-29,24355.65,24368.75,24355.1,24364.0,13:50:00,24353.02119270897,1,56
2025-04-29,24358.25,24363.4,24347.65,24356.65,13:55:00,24353.51917435573,1,57
2025-04-29,24363.65,24368.3,24356.85,24360.15,14:00:00,24354.48401489328,1,58
2025-04-29,24364.9,24375.5,24360.6,24363.55,14:05:00,24355.476013474872,1,59
2025-04-29,24365.95,24374.8,24360.25,24365.2,14:10:00,24356.473536001075,1,60
2025-04-29,24361.65,24368.3,24355.05,24366.9,14:15:00,24356.9665325724,1,61
2025-04-29,24357.15,24367.55,24356.25,24361.9,14:20:00,24356.984005660743,1,62
2025-04-29,24346.0,24359.7,24342.4,24357.75,14:25:00,24355.93790988353,1,63
2025-04-29,24343.45,24350.5,24339.0,24346.45,14:30:00,24354.74858513272,1,64
2025-04-29,24348.1,24361.95,24343.75,24343.75,14:35:00,24354.11538654865,1,65
2025-04-29,24356.45,24360.7,24347.2,24348.8,14:40:00,24354.33773068688,1,66
2025-04-29,24352.95,24357.95,24347.85,24356.2,14:45:00,24354.20556585956,1,67
2025-04-29,24346.85,24358.0,24344.85,24353.35,14:50:00,24353.505035777693,1,68
2025-04-29,24340.2,24355.7,24339.45,24346.8,14:55:00,24352.237889513148,1,69
2025-04-29,24331.4,24347.8,24325.2,24340.55,15:00:00,24350.25332860713,1,70
2025-04-29,24332.7,24336.5,24324.9,24331.55,15:05:00,24348.581583025505,1,71
2025-04-29,24326.45,24335.6,24324.45,24332.6,15:10:00,24346.47381321355,1,72
2025-04-29,24339.65,24341.45,24310.6,24326.2,15:15:00,24345.82392624083,1,73
2025-04-29,24333.1,24348.5,24325.85,24338.85,15:20:00,24344.612123741703,1,74
2025-04-29,24325.45,24340.85,24317.6,24331.55,15:25:00,24342.78715957583,1,75
2025-04-30,24318.95,24342.05,24270.35,24342.05,09:15:00,24340.453434482708,2,1
2025-04-30,24307.45,24332.45,24297.75,24317.6,09:20:00,24337.31025024626,2,2
2025-04-30,24322.25,24325.15,24279.9,24308.05,09:25:00,24335.875940699,2,3
2025-04-30,24338.75,24352.5,24314.85,24324.05,09:30:00,24336.14966063243,2,4
2025-04-30,24363.65,24364.7,24319.55,24338.05,09:35:00,24338.768740572195,2,5
2025-04-30,24346.8,24364.9,24329.75,24364.65,09:40:00,24339.533622422463,2,6
2025-04-30,24380.45,24385.8,24346.3,24348.5,09:45:00,24343.43042028699,2,7
2025-04-30,24386.5,24395.15,24375.65,24381.55,09:50:00,24347.532285021563,2,8
2025-04-30,24364.1,24389.3,24361.15,24386.15,09:55:00,24349.11016263856,2,9
2025-04-30,24353.85,24371.95,24353.1,24366.1,10:00:00,24349.5615757206,2,10
2025-04-30,24364.05,24368.95,24353.45,24353.8,10:05:00,24350.94142565197,2,11
2025-04-30,24353.35,24366.55,24348.25,24363.65,10:10:00,24351.17081368512,2,12
2025-04-30,24357.65,24362.8,24347.9,24353.75,10:15:00,24351.787879048443,2,13
2025-04-30,24357.95,24362.95,24343.35,24357.55,10:20:00,24352.37474771049,2,14
2025-04-30,24332.0,24360.9,24330.55,24358.15,10:25:00,24350.43429554759,2,15
2025-04-30,24312.1,24334.1,24301.6,24330.85,10:30:00,24346.783410257347,2,16
2025-04-30,24308.2,24311.55,24290.4,24311.35,10:35:00,24343.108799756646,2,17
2025-04-30,24321.55,24326.7,24305.85,24308.15,10:40:00,24341.0555807322,2,18
2025-04-30,24327.05,24330.05,24317.9,24321.2,10:45:00,24339.721715900563,2,19
2025-04-30,24325.1,24330.35,24318.6,24327.2,10:50:00,24338.329171529083,2,20
2025-04-30,24341.4,24344.8,24324.7,24325.05,10:55:00,24338.621631383456,2,21
2025-04-30,24351.55,24354.45,24340.3,24341.25,11:00:00,24339.85290458504,2,22
2025-04-30,24332.65,24352.3,24328.1,24352.05,11:05:00,24339.166913672176,2,23
2025-04-30,24329.65,24336.6,24326.15,24332.95,11:10:00,24338.26054094149,2,24
2025-04-30,24357.4,24371.6,24329.55,24329.95,11:15:00,24340.08334656611,2,25
2025-04-30,24334.1,24358.9,24333.55,24356.4,11:20:00,24339.513504036004,2,26
2025-04-30,24330.45,24341.35,24329.05,24333.95,11:25:00,24338.65031317544,2,27
2025-04-30,24327.9,24335.15,24326.5,24330.85,11:30:00,24337.626473825392,2,28
2025-04-30,24332.8,24337.0,24326.45,24328.15,11:35:00,24337.166809651542,2,29
2025-04-30,24332.3,24337.85,24329.2,24332.35,11:40:00,24336.703303970444,2,30
2025-04-30,24326.85,24333.7,24313.55,24332.3,11:45:00,24335.764894068496,2,31
2025-04-30,24333.6,24337.65,24322.95,24327.05,11:50:00,24335.55871368102,2,32
2025-04-30,24341.35,24345.85,24331.35,24333.95,11:55:00,24336.11026475902,2,33
2025-04-30,24347.2,24350.95,24336.8,24341.4,12:00:00,24337.166430020065,2,34
2025-04-30,24345.05,24349.65,24340.15,24346.95,12:05:00,24337.917246208628,2,35
2025-04-30,24344.75,24353.7,24343.6,24345.7,12:10:00,24338.567984664947,2,36
2025-04-30,24344.6,24348.0,24339.45,24344.95,12:15:00,24339.142462315904,2,37
2025-04-30,24349.65,24351.75,24343.9,24344.1,12:20:00,24340.14318019058,2,38
2025-04-30,24349.75,24365.0,24349.4,24349.7,12:25:00,24341.058115410524,2,39
2025-04-30,24359.3,24363.75,24342.4,24349.7,12:30:00,24342.79543775238,2,40
2025-04-30,24356.7,24361.85,24352.05,24359.85,12:35:00,24344.119681775963,2,41
2025-04-30,24356.95,24361.1,24353.0,24356.35,12:40:00,24345.34161684492,2,42
2025-04-30,24351.65,24360.1,24349.6,24356.5,12:45:00,24345.942415240643,2,43
2025-04-30,24354.5,24359.6,24349.95,24351.05,12:50:00,24346.757423312964,2,44
2025-04-30,24341.85,24358.95,24339.7,24354.75,12:55:00,24346.29004966411,2,45
2025-04-30,24333.65,24342.4,24328.8,24340.2,13:00:00,24345.086235410385,2,46
2025-04-30,24336.35,24338.5,24326.7,24333.25,13:05:00,24344.25421299035,2,47
2025-04-30,24334.5,24338.35,24330.55,24335.4,13:10:00,24343.3252403246,2,48
2025-04-30,24332.1,24338.65,24327.45,24333.8,13:15:00,24342.25616981749,2,49
2025-04-30,24332.75,24339.05,24330.2,24331.9,13:20:00,24341.35082031107,2,50
2025-04-30,24332.5,24343.1,24329.6,24333.15,13:25:00,24340.50788504335,2,51
2025-04-30,24339.7,24343.05,24332.5,24332.7,13:30:00,24340.43094361065,2,52
2025-04-30,24346.8,24349.85,24336.6,24338.4,13:35:00,24341.037520409634,2,53
2025-04-30,24350.45,24350.8,24344.25,24346.65,13:40:00,24341.933947037287,2,54
2025-04-30,24347.4,24353.25,24344.95,24349.5,13:45:00,24342.454523509925,2,55
2025-04-30,24338.1,24351.85,24337.05,24346.6,13:50:00,24342.039806985173,2,56
2025-04-30,24347.1,24349.1,24334.55,24336.65,13:55:00,24342.521730129443,2,57
2025-04-30,24345.4,24351.55,24343.0,24347.1,14:00:00,24342.79585106949,2,58
2025-04-30,24338.55,24348.45,24337.6,24344.4,14:05:00,24342.391484300973,2,59
2025-04-30,24340.65,24342.75,24335.55,24338.35,14:10:00,24342.225628653265,2,60
2025-04-30,24336.8,24343.1,24335.95,24340.65,14:15:00,24341.708902114857,2,61
2025-04-30,24337.1,24341.05,24336.15,24336.15,14:20:00,24341.2699590563,2,62
2025-04-30,24336.15,24338.3,24331.4,24336.5,14:25:00,24340.78234390808,2,63
2025-04-30,24326.85,24339.3,24324.15,24336.8,14:30:00,24339.45545401208,2,64
2025-04-30,24340.15,24342.75,24325.7,24326.4,14:35:00,24339.52160124902,2,65
2025-04-30,24339.45,24344.25,24333.95,24340.1,14:40:00,24339.51478208245,2,66
2025-04-30,24353.15,24358.8,24338.3,24339.5,14:45:00,24340.813374265068,2,67
2025-04-30,24376.65,24377.6,24353.55,24353.65,14:50:00,24344.22638623982,2,68
2025-04-30,24368.55,24388.8,24354.85,24376.7,14:55:00,24346.542920883647,2,69
2025-04-30,24370.0,24395.8,24364.95,24367.3,15:00:00,24348.77692841853,2,70
2025-04-30,24380.25,24385.8,24370.3,24370.3,15:05:00,24351.77436380725,2,71
2025-04-30,24349.4,24381.0,24348.45,24379.75,15:10:00,24351.548233920847,2,72
2025-04-30,24322.45,24353.15,24322.15,24348.85,15:15:00,24348.776973547432,2,73
2025-04-30,24293.35,24325.1,24289.95,24324.0,15:20:00,24343.49821416196,2,74
2025-04-30,24243.45,24293.0,24230.1,24292.05,15:25:00,24333.969812813204,2,75
2025-05-02,24410.5,24443.7,24313.0,24320.35,09:15:00,24339.35669484256,4,1
2025-05-02,24403.65,24429.55,24385.9,24410.3,09:20:00,24345.47986676231,4,2
2025-05-02,24487.6,24488.35,24399.0,24401.75,09:25:00,24359.01511754685,4,3
2025-05-02,24525.0,24532.1,24485.35,24487.1,09:30:00,24374.823201590007,4,4
2025-05-02,24537.7,24537.7,24504.65,24525.5,09:35:00,24390.335277629056,4,5
2025-05-02,24529.85,24551.05,24514.55,24538.0,09:40:00,24403.62239404534,4,6
2025-05-02,24547.8,24555.9,24516.7,24530.6,09:45:00,24417.353594612447,4,7
2025-05-02,24556.6,24558.05,24530.3,24546.95,09:50:00,24430.61515703031,4,8
2025-05-02,24572.0,24575.8,24555.4,24556.5,09:55:00,24444.08038017028,4,9
2025-05-02,24568.3,24588.65,24558.35,24571.2,10:00:00,24455.910820154066,4,10
2025-05-02,24578.4,24582.05,24558.85,24569.15,10:05:00,24467.576456329865,4,11
2025-05-02,24581.95,24588.0,24570.8,24579.45,10:10:00,24478.46917477464,4,12
2025-05-02,24556.3,24587.25,24556.3,24581.85,10:15:00,24485.88163431992,4,13
2025-05-02,24551.3,24564.65,24544.0,24554.6,10:20:00,24492.11195486088,4,14
2025-05-02,24520.7,24556.9,24520.7,24549.5,10:25:00,24494.83462582651,4,15
2025-05-02,24492.3,24524.45,24484.75,24521.35,10:30:00,24494.59323289065,4,16
2025-05-02,24520.7,24526.85,24468.6,24492.9,10:35:00,24497.07959166297,4,17
2025-05-02,24502.05,24531.15,24501.45,24521.8,10:40:00,24497.552963885544,4,18
2025-05-02,24486.3,24507.2,24481.5,24502.05,10:45:00,24496.481253039303,4,19
2025-05-02,24427.4,24492.25,24425.95,24484.85,10:50:00,24489.90208608318,4,20
2025-05-02,24432.0,24447.85,24410.45,24427.0,10:55:00,24484.387601694303,4,21
2025-05-02,24422.1,24445.3,24421.6,24431.7,11:00:00,24478.45544915199,4,22
2025-05-02,24429.6,24440.55,24419.65,24422.05,11:05:00,24473.80254923275,4,23
2025-05-02,24422.9,24433.7,24404.7,24429.85,11:10:00,24468.95468740106,4,24
2025-05-02,24408.75,24443.05,24407.85,24424.65,11:15:00,24463.22090764857,4,25
2025-05-02,24373.1,24410.2,24373.1,24408.65,11:20:00,24454.637964063,4,26
2025-05-02,24387.3,24398.3,24371.2,24374.2,11:25:00,24448.224824628425,4,27
2025-05-02,24324.5,24387.95,24319.75,24387.25,11:30:00,24436.441507997144,4,28
2025-05-02,24346.15,24351.3,24325.1,24325.1,11:35:00,24427.84231675932,4,29
2025-05-02,24336.1,24367.5,24332.15,24346.15,11:40:00,24419.10495325844,4,30
2025-05-02,24338.3,24348.8,24328.55,24336.05,11:45:00,24411.4092434243,4,31
2025-05-02,24349.55,24350.0,24326.35,24337.95,11:50:00,24405.5178869077,4,32
2025-05-02,24354.7,24365.0,24348.0,24350.5,11:55:00,24400.678088154586,4,33
2025-05-02,24334.55,24355.8,24330.6,24354.6,12:00:00,24394.380174997004,4,34
2025-05-02,24316.9,24334.05,24303.05,24334.05,12:05:00,24387.00111071158,4,35
2025-05-02,24315.0,24324.55,24306.35,24317.4,12:10:00,24380.143862072386,4,36
2025-05-02,24294.15,24314.15,24281.85,24314.05,12:15:00,24371.95397044644,4,37
2025-05-02,24303.0,24303.9,24290.4,24294.1,12:20:00,24365.38692564202,4,38
2025-05-02,24242.75,24302.75,24239.3,24302.55,12:25:00,24353.707218438016,4,39
2025-05-02,24260.5,24265.7,24241.85,24241.85,12:30:00,24344.83034049154,4,40
2025-05-02,24267.1,24275.2,24258.85,24260.05,12:35:00,24337.42745092092,4,41
2025-05-02,24283.3,24283.65,24241.0,24266.5,12:40:00,24332.27245559512,4,42
2025-05-02,24295.85,24310.85,24282.8,24282.8,12:45:00,24328.80365030034,4,43
2025-05-02,24286.65,24306.2,24280.65,24295.1,12:50:00,24324.7890169384,4,44
2025-05-02,24282.95,24304.45,24282.3,24287.65,12:55:00,24320.80434865856,4,45
2025-05-02,24285.0,24301.9,24266.2,24282.85,13:00:00,24317.39441069107,4,46
2025-05-02,24299.9,24310.1,24279.65,24284.2,13:05:00,24315.72827633954,4,47
2025-05-02,24297.0,24302.4,24286.45,24300.2,13:10:00,24313.94463097387,4,48
2025-05-02,24344.3,24351.85,24296.25,24297.05,13:15:00,24316.83561850017,4,49
2025-05-02,24354.1,24359.8,24333.5,24343.2,13:20:00,24320.38460721444,4,50
2025-05-02,24364.8,24368.85,24349.65,24353.45,13:25:00,24324.61464462259,4,51
2025-05-02,24394.5,24412.2,24363.1,24364.75,13:30:00,24331.270392753773,4,52
2025-05-02,24399.45,24400.95,24379.6,24393.85,13:35:00,24337.763688681986,4,53
2025-05-02,24392.35,24399.9,24375.2,24398.65,13:40:00,24342.962384997987,4,54
2025-05-02,24394.35,24405.8,24386.9,24391.95,13:45:00,24347.856443569606,4,55
2025-05-02,24397.05,24402.45,24384.3,24394.25,13:50:00,24352.541544182022,4,56
2025-05-02,24378.8,24404.85,24374.55,24396.8,13:55:00,24355.042349498024,4,57
2025-05-02,24394.4,24394.4,24359.65,24378.5,14:00:00,24358.79069716488,4,58
2025-05-02,24392.35,24399.65,24385.35,24393.7,14:05:00,24361.986821244413,4,59
2025-05-02,24373.55,24400.65,24359.0,24391.15,14:10:00,24363.08807636399,4,60
2025-05-02,24369.0,24389.2,24363.95,24372.45,14:15:00,24363.65111671028,4,61
2025-05-02,24342.4,24376.1,24337.5,24367.45,14:20:00,24361.627200833107,4,62
2025-05-02,24306.25,24343.0,24304.6,24341.75,14:25:00,24356.353181706145,4,63
2025-05-02,24299.15,24318.3,24291.95,24306.75,14:30:00,24350.905259638894,4,64
2025-05-02,24316.25,24316.25,24286.9,24299.95,14:35:00,24347.604758720903,4,65
2025-05-02,24326.65,24332.25,24313.3,24315.4,14:40:00,24345.60906741415,4,66
2025-05-02,24348.4,24356.35,24319.1,24325.35,14:45:00,24345.874870517564,4,67
2025-05-02,24372.4,24372.65,24347.55,24348.05,14:50:00,24348.40107332541,4,68
2025-05-02,24373.95,24381.8,24366.3,24371.65,14:55:00,24350.83430443728,4,69
2025-05-02,24354.25,24397.75,24354.25,24373.4,15:00:00,24351.159608776587,4,70
2025-05-02,24354.95,24363.6,24338.15,24353.95,15:05:00,24351.52059841691,4,71
2025-05-02,24367.15,24367.15,24348.4,24354.85,15:10:00,24353.0091128534,4,72
2025-05-02,24329.9,24368.15,24322.7,24365.45,15:15:00,24350.808244962594,4,73
2025-05-02,24333.15,24342.7,24326.2,24329.05,15:20:00,24349.12650734711,4,74
2025-05-02,24313.65,24334.55,24309.85,24331.45,15:25:00,24345.74779236167,4,75
2025-05-05,24436.9,24457.7,24411.45,24411.45,09:15:00,24360.78402050468,0,1
2025-05-05,24447.05,24451.2,24414.65,24435.8,09:20:00,24368.99982807566,0,2
2025-05-05,24443.15,24477.4,24429.8,24446.5,09:25:00,24376.061749211312,0,3
2025-05-05,24414.05,24452.15,24403.1,24442.25,09:30:00,24379.679677857857,0,4
2025-05-05,24423.65,24446.8,24414.5,24415.05,09:35:00,24383.86732758568,0,5
2025-05-05,24449.15,24452.45,24421.1,24424.35,09:40:00,24390.08472495847,0,6
2025-05-05,24454.0,24466.25,24439.4,24449.8,09:45:00,24396.171894010044,0,7
2025-05-05,24493.75,24495.35,24449.4,24454.6,09:50:00,24405.465046961468,0,8
2025-05-05,24503.65,24505.45,24480.2,24491.9,09:55:00,24414.8159948699,0,9
2025-05-05,24480.25,24510.6,24475.25,24504.2,10:00:00,24421.04780488229,0,10
2025-05-05,24489.0,24493.85,24464.0,24480.3,10:05:00,24427.51944251255,0,11
2025-05-05,24479.1,24491.85,24467.85,24489.15,10:10:00,24432.43187655897,0,12
2025-05-05,24485.85,24491.3,24468.3,24479.8,10:15:00,24437.519316886686,0,13
2025-05-05,24477.05,24499.5,24475.75,24487.75,10:20:00,24441.28414384985,0,14
2025-05-05,24479.55,24500.25,24475.7,24475.9,10:25:00,24444.92851110225,0,15
2025-05-05,24504.05,24509.7,24480.2,24480.2,10:30:00,24450.559129092515,0,16
2025-05-05,24509.85,24520.65,24501.6,24504.15,10:35:00,24456.20587870276,0,17
2025-05-05,24522.65,24526.2,24508.7,24508.8,10:40:00,24462.533890254872,0,18
2025-05-05,24519.75,24523.55,24508.05,24521.6,10:45:00,24467.98304356393,0,19
2025-05-05,24493.5,24520.0,24493.5,24519.25,10:50:00,24470.41322989118,0,20
2025-05-05,24471.1,24496.55,24460.45,24493.7,10:55:00,24470.47863656821,0,21
2025-05-05,24467.05,24480.8,24464.5,24472.0,11:00:00,24470.15209975219,0,22
2025-05-05,24472.95,24475.85,24459.65,24466.8,11:05:00,24470.41856644246,0,23
2025-05-05,24486.2,24488.8,24468.6,24473.65,11:10:00,24471.92156011461,0,24
2025-05-05,24470.35,24495.9,24468.75,24487.2,11:15:00,24471.77188772273,0,25
2025-05-05,24484.4,24488.8,24467.05,24470.65,11:20:00,24472.97456508248,0,26
2025-05-05,24465.35,24485.15,24464.3,24484.95,11:25:00,24472.248416027003,0,27
2025-05-05,24475.85,24481.6,24463.3,24465.5,11:30:00,24472.59142402443,0,28
2025-05-05,24453.05,24476.8,24446.6,24475.25,11:35:00,24470.7303360221,0,29
2025-05-05,24447.05,24453.65,24436.15,24453.15,11:40:00,24468.47506592476,0,30
2025-05-05,24434.6,24449.5,24429.2,24447.25,11:45:00,24465.248869170016,0,31
2025-05-05,24422.8,24443.6,24414.45,24434.55,11:50:00,24461.20611972525,0,32
2025-05-05,24445.4,24446.35,24418.75,24423.1,11:55:00,24459.70077498952,0,33
2025-05-05,24449.6,24459.75,24437.65,24444.9,12:00:00,24458.73879641909,0,34
2025-05-05,24445.0,24453.35,24440.85,24449.35,12:05:00,24457.43033961727,0,35
2025-05-05,24448.7,24450.6,24438.9,24444.85,12:10:00,24456.59887870134,0,36
2025-05-05,24432.8,24450.0,24430.8,24448.7,12:15:00,24454.332318825025,0,37
2025-05-05,24439.2,24446.2,24430.0,24432.7,12:20:00,24452.8911456036,0,38
2025-05-05,24457.35,24457.5,24432.45,24437.95,12:25:00,24453.31579840325,0,39
2025-05-05,24454.5,24460.6,24447.65,24457.4,12:30:00,24453.428579507705,0,40
2025-05-05,24452.45,24460.5,24443.0,24455.2,12:35:00,24453.33538145935,0,41
2025-05-05,24456.1,24457.15,24443.3,24451.5,12:40:00,24453.59867846322,0,42
2025-05-05,24454.7,24456.1,24441.7,24455.65,12:45:00,24453.703566228625,0,43
2025-05-05,24469.75,24470.45,24450.7,24454.4,12:50:00,24455.23179801637,0,44
2025-05-05,24474.3,24475.95,24466.15,24469.65,12:55:00,24457.04781725291,0,45
2025-05-05,24468.8,24477.0,24465.35,24475.15,13:00:00,24458.16707275264,0,46
2025-05-05,24455.9,24468.6,24453.35,24468.2,13:05:00,24457.95116106191,0,47
2025-05-05,24451.05,24458.15,24443.35,24455.7,13:10:00,24457.29390762744,0,48
2025-05-05,24439.7,24456.85,24435.75,24451.25,13:15:00,24455.61829737721,0,49
2025-05-05,24456.45,24458.9,24434.05,24439.3,13:20:00,24455.69750715081,0,50
2025-05-05,24454.7,24463.6,24450.95,24455.85,13:25:00,24455.60250646978,0,51
2025-05-05,24467.75,24470.7,24450.85,24453.7,13:30:00,24456.75941061552,0,52
2025-05-05,24470.85,24471.95,24461.1,24466.75,13:35:00,24458.10137150928,0,53
2025-05-05,24473.65,24476.05,24469.35,24470.6,13:40:00,24459.582193270293,0,54
2025-05-05,24473.3,24482.3,24469.5,24473.85,13:45:00,24460.888651054072,0,55
2025-05-05,24480.6,24482.75,24471.25,24473.35,13:50:00,24462.765922382256,0,56
2025-05-05,24482.6,24492.9,24476.4,24480.75,13:55:00,24464.654882155377,0,57
2025-05-05,24480.15,24488.05,24474.85,24482.75,14:00:00,24466.13060766439,0,58
2025-05-05,24487.7,24490.35,24472.65,24479.95,14:05:00,24468.18483550588,0,59
2025-05-05,24472.9,24489.05,24472.55,24487.35,14:10:00,24468.63389879103,0,60
2025-05-05,24465.5,24476.0,24464.65,24473.9,14:15:00,24468.335432239503,0,61
2025-05-05,24457.45,24465.65,24455.45,24465.65,14:20:00,24467.29872440717,0,62
2025-05-05,24463.4,24468.65,24455.0,24457.35,14:25:00,24466.92741732077,0,63
2025-05-05,24487.6,24492.15,24464.7,24465.35,14:30:00,24468.89623471879,0,64
2025-05-05,24482.8,24490.25,24477.5,24487.55,14:35:00,24470.22040284081,0,65
2025-05-05,24475.95,24485.6,24471.3,24482.7,14:40:00,24470.76607876073,0,66
2025-05-05,24481.15,24481.8,24471.85,24475.7,14:45:00,24471.755023640664,0,67
2025-05-05,24483.3,24483.65,24473.8,24480.5,14:50:00,24472.854545198697,0,68
2025-05-05,24471.15,24487.0,24467.9,24482.9,14:55:00,24472.692207560725,0,69
2025-05-05,24457.15,24474.0,24453.0,24471.1,15:00:00,24471.21199731685,0,70
2025-05-05,24456.25,24457.8,24442.15,24456.8,15:05:00,24469.787045191435,0,71
2025-05-05,24448.3,24457.05,24446.85,24457.05,15:10:00,24467.74065993511,0,72
2025-05-05,24470.4,24474.2,24447.5,24448.6,15:15:00,24467.99393041748,0,73
2025-05-05,24473.45,24474.5,24464.0,24470.15,15:20:00,24468.513556092006,0,74
2025-05-05,24459.5,24475.2,24457.2,24472.6,15:25:00,24467.655122178483,0,75
2025-05-06,24455.85,24501.4,24446.15,24501.4,09:15:00,24469.38253765631,1,1
2025-05-06,24437.75,24459.95,24433.45,24454.95,09:20:00,24466.369915022377,1,2
2025-05-06,24433.0,24453.1,24421.25,24436.95,09:25:00,24463.19182787739,1,3
2025-05-06,24470.35,24473.5,24424.1,24433.1,09:30:00,24463.873558555733,1,4
2025-05-06,24454.75,24477.05,24452.15,24469.3,09:35:00,24463.00464821709,1,5
2025-05-06,24458.1,24468.75,24436.5,24453.85,09:40:00,24462.53753886308,1,6
2025-05-06,24441.45,24459.5,24438.9,24457.65,09:45:00,24460.529201828504,1,7
2025-05-06,24404.5,24442.1,24403.65,24440.55,09:50:00,24455.193087368647,1,8
2025-05-06,24391.65,24412.05,24388.9,24405.0,09:55:00,24449.14136476211,1,9
2025-05-06,24400.2,24402.6,24380.65,24391.0,10:00:00,24444.48028240381,1,10
2025-05-06,24395.1,24414.35,24387.15,24401.1,10:05:00,24439.77739836536,1,11
2025-05-06,24389.7,24406.85,24384.5,24394.7,10:10:00,24435.00812233056,1,12
2025-05-06,24379.25,24392.1,24373.55,24388.7,10:15:00,24429.69782496574,1,13
2025-05-06,24369.95,24382.45,24369.2,24379.95,10:20:00,24424.007555921384,1,14
2025-05-06,24385.8,24386.5,24369.75,24370.1,10:25:00,24420.36874107173,1,15
2025-05-06,24383.55,24392.8,24375.5,24385.95,10:30:00,24416.862194303,1,16
2025-05-06,24389.0,24390.15,24376.3,24383.75,10:35:00,24414.20865198842,1,17
2025-05-06,24397.05,24399.2,24385.55,24389.0,10:40:00,24412.57449465619,1,18
2025-05-06,24390.7,24402.95,24389.75,24397.6,10:45:00,24410.49120945084,1,19
2025-05-06,24387.2,24395.55,24384.7,24391.9,10:50:00,24408.27299902695,1,20
2025-05-06,24403.05,24406.15,24385.8,24386.65,10:55:00,24407.7755705482,1,21
2025-05-06,24395.3,24405.25,24389.05,24403.55,11:00:00,24406.587420972173,1,22
2025-05-06,24393.0,24399.4,24388.8,24394.2,11:05:00,24405.293380879582,1,23
2025-05-06,24387.95,24396.35,24386.1,24392.55,11:10:00,24403.641630319627,1,24
2025-05-06,24376.0,24390.35,24374.85,24388.1,11:15:00,24401.00909409871,1,25
2025-05-06,24377.9,24382.5,24373.75,24375.9,11:20:00,24398.80822799407,1,26
2025-05-06,24371.75,24378.9,24366.9,24376.35,11:25:00,24396.2312538994,1,27
2025-05-06,24369.1,24375.45,24366.55,24372.15,11:30:00,24393.6473249566,1,28
2025-05-06,24363.75,24375.45,24362.05,24369.65,11:35:00,24390.79996067502,1,29
2025-05-06,24361.15,24366.4,24356.95,24364.7,11:40:00,24387.976154896445,1,30
2025-05-06,24364.9,24370.1,24357.35,24359.8,11:45:00,24385.77842585869,1,31
2025-05-06,24384.3,24387.0,24359.95,24364.2,11:50:00,24385.63762339596,1,32
2025-05-06,24378.45,24393.3,24374.6,24385.75,11:55:00,24384.95308783444,1,33
2025-05-06,24384.95,24396.85,24372.25,24377.75,12:00:00,24384.952793754965,1,34
2025-05-06,24389.0,24389.95,24373.0,24385.65,12:05:00,24385.338241968777,1,35
2025-05-06,24392.2,24395.65,24381.65,24388.9,12:10:00,24385.99174273365,1,36
2025-05-06,24396.9,24399.6,24386.1,24390.4,12:15:00,24387.03062437807,1,37
2025-05-06,24394.8,24402.05,24391.4,24396.7,12:20:00,24387.77056491349,1,38
2025-05-06,24393.45,24397.4,24384.5,24393.35,12:25:00,24388.31146349316,1,39
2025-05-06,24386.95,24398.55,24384.1,24392.95,12:30:00,24388.181800303333,1,40
2025-05-06,24385.25,24389.9,24378.1,24386.6,12:35:00,24387.902581226823,1,41
2025-05-06,24385.35,24390.5,24378.9,24384.45,12:40:00,24387.659478252845,1,42
2025-05-06,24383.6,24387.6,24375.2,24384.05,12:45:00,24387.272861276386,1,43
2025-05-06,24379.85,24384.7,24372.95,24382.3,12:50:00,24386.56592210721,1,44
2025-05-06,24378.35,24388.75,24373.3,24379.65,12:55:00,24385.78345333509,1,45
2025-05-06,24370.75,24378.75,24367.85,24376.4,13:00:00,24384.351695874604,1,46
2025-05-06,24381.6,24394.2,24367.05,24370.0,13:05:00,24384.089629600832,1,47
2025-05-06,24383.25,24385.05,24372.75,24379.45,13:10:00,24384.009664876943,1,48
2025-05-06,24389.55,24390.65,24377.45,24382.8,13:15:00,24384.537315841044,1,49
2025-05-06,24379.3,24388.5,24376.0,24387.55,13:20:00,24384.038523856183,1,50
2025-05-06,24389.2,24394.35,24376.25,24379.5,13:25:00,24384.530093012738,1,51
2025-05-06,24388.85,24393.9,24384.95,24387.85,13:30:00,24384.94151272581,1,52
2025-05-06,24394.1,24396.05,24386.55,24386.65,13:35:00,24385.813749609068,1,53
2025-05-06,24391.6,24395.75,24385.55,24393.1,13:40:00,24386.364821074872,1,54
2025-05-06,24392.05,24395.95,24386.5,24390.05,13:45:00,24386.90626668679,1,55
2025-05-06,24400.95,24400.95,24388.4,24391.75,13:50:00,24388.243765097573,1,56
2025-05-06,24405.5,24405.5,24395.1,24399.65,13:55:00,24389.88721604066,1,57
2025-05-06,24391.15,24408.4,24387.1,24405.55,14:00:00,24390.007481179648,1,58
2025-05-06,24387.95,24392.9,24379.05,24390.8,14:05:00,24389.811530591112,1,59
2025-05-06,24389.05,24390.8,24380.75,24387.35,14:10:00,24389.739003868148,1,60
2025-05-06,24383.95,24390.65,24379.8,24387.25,14:15:00,24389.18767016642,1,61
2025-05-06,24368.0,24384.75,24361.9,24381.35,14:20:00,24387.16979681724,1,62
2025-05-06,24373.75,24378.0,24362.55,24366.95,14:25:00,24385.89172092988,1,63
2025-05-06,24376.45,24380.95,24370.35,24372.85,14:30:00,24384.99250941275,1,64
2025-05-06,24382.3,24385.55,24373.95,24375.8,14:35:00,24384.736079944872,1,65
2025-05-06,24379.9,24384.5,24372.3,24381.6,14:40:00,24384.275500902502,1,66
2025-05-06,24373.7,24382.8,24367.6,24377.5,14:45:00,24383.26831034036,1,67
2025-05-06,24368.3,24376.75,24364.15,24373.45,14:50:00,24381.842756974613,1,68
2025-05-06,24368.55,24372.25,24356.4,24367.4,14:55:00,24380.576780119885,1,69
2025-05-06,24390.0,24393.5,24365.5,24365.5,15:00:00,24381.47422963228,1,70
2025-05-06,24399.85,24399.85,24387.1,24390.75,15:05:00,24383.224303000632,1,71
2025-05-06,24387.65,24400.65,24386.4,24398.85,15:10:00,24383.64579795295,1,72
2025-05-06,24365.2,24389.25,24360.95,24387.7,15:15:00,24381.889055290765,1,73
2025-05-06,24368.15,24373.3,24364.6,24364.6,15:20:00,24380.5805738345,1,74
2025-05-06,24335.9,24376.0,24332.75,24368.4,15:25:00,24376.32528108836,1,75
2025-05-07,24365.9,24386.65,24224.65,24224.65,09:15:00,24363.00822329455,2,1
2025-05-07,24359.95,24381.35,24349.2,24366.25,09:20:00,24362.71696393317,2,2
2025-05-07,24427.2,24436.1,24360.05,24360.45,09:25:00,24368.85820546334,2,3
2025-05-07,24447.4,24448.4,24413.1,24428.5,09:30:00,24376.3383763716,2,4
2025-05-07,24403.65,24449.35,24396.0,24446.45,09:35:00,24378.939483383823,2,5
2025-05-07,24402.85,24419.0,24391.3,24403.35,09:40:00,24381.216675442505,2,6
2025-05-07,24356.25,24404.55,24335.2,24402.1,09:45:00,24378.838896828936,2,7
2025-05-07,24326.05,24362.7,24320.05,24357.2,09:50:00,24373.81138284523,2,8
2025-05-07,24359.15,24377.15,24326.6,24327.3,09:55:00,24372.415060669497,2,9
2025-05-07,24355.8,24369.15,24336.5,24358.65,10:00:00,24370.83267393907,2,10
2025-05-07,24304.95,24357.05,24304.15,24357.05,10:05:00,24364.55813356392,2,11
2025-05-07,24304.1,24312.75,24290.3,24304.85,10:10:00,24358.800216081643,2,12
2025-05-07,24291.3,24306.6,24289.7,24303.5,10:15:00,24352.37162407387,2,13
2025-05-07,24348.35,24353.45,24285.0,24291.3,10:20:00,24351.988612257308,2,14
2025-05-07,24329.25,24359.65,24328.55,24349.25,10:25:00,24349.82303013756,2,15
2025-05-07,24372.85,24372.85,24329.2,24329.8,10:30:00,24352.016074886367,2,16
2025-05-07,24362.2,24372.25,24350.85,24372.25,10:35:00,24352.98597251624,2,17
2025-05-07,24355.9,24369.6,24352.1,24362.5,10:40:00,24353.263498943263,2,18
2025-05-07,24364.75,24372.0,24354.05,24356.9,10:45:00,24354.357451424858,2,19
2025-05-07,24339.0,24369.8,24338.2,24365.05,10:50:00,24352.89483700344,2,20
2025-05-07,24335.8,24343.2,24324.75,24338.75,10:55:00,24351.266757288828,2,21
2025-05-07,24362.2,24366.4,24334.75,24334.75,11:00:00,24352.308018499418,2,22
2025-05-07,24357.4,24363.35,24350.55,24362.55,11:05:00,24352.79296911852,2,23
2025-05-07,24372.6,24373.75,24353.85,24357.75,11:10:00,24354.679353012,2,24
2025-05-07,24394.6,24400.2,24372.5,24372.5,11:15:00,24358.481319391805,2,25
2025-05-07,24402.45,24404.4,24393.0,24394.7,11:20:00,24362.66881278306,2,26
2025-05-07,24406.45,24416.2,24402.65,24402.85,11:25:00,24366.838449660867,2,27
2025-05-07,24425.05,24430.4,24406.55,24406.55,11:30:00,24372.382406836023,2,28
2025-05-07,24413.55,24427.35,24402.45,24425.9,11:35:00,24376.303129994496,2,29
2025-05-07,24408.95,24415.6,24405.75,24413.8,11:40:00,24379.412355709308,2,30
2025-05-07,24370.25,24408.8,24370.25,24408.8,11:45:00,24378.53975040366,2,31
2025-05-07,24356.95,24374.0,24349.75,24370.55,11:50:00,24376.48358369855,2,32
2025-05-07,24357.75,24372.5,24354.75,24356.8,11:55:00,24374.69943287012,2,33
2025-05-07,24363.25,24364.8,24352.9,24358.3,12:00:00,24373.609010692013,2,34
2025-05-07,24377.7,24381.55,24359.3,24363.15,12:05:00,24373.998628721347,2,35
2025-05-07,24374.85,24382.55,24372.0,24378.2,12:10:00,24374.07971170027,2,36
2025-05-07,24382.75,24390.5,24365.65,24374.65,12:15:00,24374.9054534431,2,37
2025-05-07,24374.1,24389.8,24371.1,24382.95,12:20:00,24374.828743591377,2,38
2025-05-07,24387.35,24391.4,24373.15,24374.35,12:25:00,24376.02124420172,2,39
2025-05-07,24394.85,24398.25,24385.05,24387.55,12:30:00,24377.81445903965,2,40
2025-05-07,24384.9,24395.1,24380.95,24394.65,12:35:00,24378.489272464445,2,41
2025-05-07,24388.35,24392.9,24383.3,24384.6,12:40:00,24379.428389372595,2,42
2025-05-07,24392.6,24394.8,24388.65,24388.65,12:45:00,24380.682828479967,2,43
2025-05-07,24392.45,24400.4,24390.65,24392.65,12:50:00,24381.80351148188,2,44
2025-05-07,24382.95,24393.65,24380.35,24392.2,12:55:00,24381.91270086456,2,45
2025-05-07,24367.2,24383.35,24366.2,24382.35,13:00:00,24380.511491258407,2,46
2025-05-07,24356.65,24368.0,24354.95,24366.85,13:05:00,24378.238968281417,2,47
2025-05-07,24362.05,24364.7,24356.9,24357.5,13:10:00,24376.697161778426,2,48
2025-05-07,24365.2,24372.65,24361.65,24362.0,13:15:00,24375.60219399001,2,49
2025-05-07,24361.9,24369.15,24357.95,24365.45,13:20:00,24374.297223133817,2,50
2025-05-07,24356.9,24365.65,24356.4,24362.1,13:25:00,24372.64034474012,2,51
2025-05-07,24357.0,24364.0,24351.8,24356.85,13:30:00,24371.150788098206,2,52
2025-05-07,24356.05,24358.35,24345.35,24357.2,13:35:00,24369.71261780314,2,53
2025-05-07,24355.9,24357.0,24345.9,24355.9,13:40:00,24368.39713039332,2,54
2025-05-07,24358.1,24360.35,24346.15,24355.7,13:45:00,24367.41645130824,2,55
2025-05-07,24355.9,24364.1,24354.25,24358.25,13:50:00,24366.31964642174,2,56
2025-05-07,24371.25,24372.95,24354.15,24356.85,13:55:00,24366.789203905384,2,57
2025-05-07,24389.75,24391.25,24368.3,24372.9,14:00:00,24368.975946390583,2,58
2025-05-07,24407.95,24409.15,24387.5,24390.35,14:05:00,24372.68776102005,2,59
2025-05-07,24406.9,24422.95,24403.3,24408.4,14:10:00,24375.94606949433,2,60
2025-05-07,24394.25,24416.85,24393.9,24410.95,14:15:00,24377.689300971066,2,61
2025-05-07,24373.95,24397.35,24367.85,24397.35,14:20:00,24377.333177069057,2,62
2025-05-07,24392.8,24397.7,24371.6,24376.4,14:25:00,24378.806207824386,2,63
2025-05-07,24412.7,24415.0,24390.25,24394.35,14:30:00,24382.034188031583,2,64
2025-05-07,24412.05,24426.05,24410.0,24413.45,14:35:00,24384.89283679048,2,65
2025-05-07,24414.7,24418.35,24400.75,24412.75,14:40:00,24387.73161423901,2,66
2025-05-07,24411.25,24416.9,24404.65,24416.15,14:45:00,24389.97146050196,2,67
2025-05-07,24398.35,24411.55,24396.95,24411.55,14:50:00,24390.76941664463,2,68
2025-05-07,24395.35,24417.45,24394.4,24398.35,14:55:00,24391.205662678472,2,69
2025-05-07,24419.1,24424.05,24395.7,24395.7,15:00:00,24393.862266232907,2,70
2025-05-07,24413.6,24422.6,24410.85,24418.6,15:05:00,24395.7420504012,2,71
2025-05-07,24407.05,24415.1,24403.45,24412.25,15:10:00,24396.81899798204,2,72
2025-05-07,24411.0,24425.05,24406.55,24406.8,15:15:00,24398.1695696028,2,73
2025-05-07,24412.3,24413.4,24406.2,24409.75,15:20:00,24399.51532487872,2,74
2025-05-07,24409.3,24420.3,24403.8,24410.6,15:25:00,24400.4471986998,2,75
2025-05-08,24398.35,24445.25,24394.05,24430.3,09:15:00,24402.923217076248,3,1
2025-05-08,24408.35,24413.05,24382.25,24398.05,09:20:00,24403.44005354517,3,2
2025-05-08,24392.3,24416.95,24391.45,24409.95,09:25:00,24402.37909606468,3,3
2025-05-08,24381.8,24395.1,24374.55,24393.35,09:30:00,24400.41918215376,3,4
2025-05-08,24393.8,24406.65,24378.65,24382.0,09:35:00,24399.7887838534,3,5
2025-05-08,24391.5,24396.0,24378.0,24394.5,09:40:00,24398.999375867363,3,6
2025-05-08,24376.3,24394.65,24375.85,24391.9,09:45:00,24396.83753054666,3,7
2025-05-08,24384.0,24387.7,24373.85,24377.35,09:50:00,24395.61490858984,3,8
2025-05-08,24380.3,24387.15,24376.95,24384.05,09:55:00,24394.156345866995,3,9
2025-05-08,24400.35,24402.2,24380.2,24380.2,10:00:00,24394.746217689182,3,10
2025-05-08,24393.25,24400.85,24392.4,24399.55,10:05:00,24394.60372076641,3,11
2025-05-08,24391.55,24396.5,24387.9,24392.85,10:10:00,24394.31289021723,3,12
2025-05-08,24389.6,24395.65,24384.35,24391.55,10:15:00,24393.86404352988,3,13
2025-05-08,24405.7,24407.65,24387.75,24389.55,10:20:00,24394.991277479407,3,14
2025-05-08,24404.45,24412.3,24402.6,24404.75,10:25:00,24395.89210819565,3,15
2025-05-08,24408.1,24409.45,24394.85,24404.4,10:30:00,24397.05476455797,3,16
2025-05-08,24392.5,24408.7,24390.45,24407.25,10:35:00,24396.620977457213,3,17
2025-05-08,24398.9,24402.55,24388.0,24392.45,10:40:00,24396.83802722319,3,18
2025-05-08,24398.6,24404.3,24390.3,24398.8,10:45:00,24397.00583415432,3,19
2025-05-08,24404.05,24405.65,24398.0,24398.75,10:50:00,24397.676707092003,3,20
2025-05-08,24397.25,24405.9,24393.2,24403.4,10:55:00,24397.63606832133,3,21
2025-05-08,24397.15,24403.85,24396.45,24396.6,11:00:00,24397.589776100256,3,22
2025-05-08,24402.6,24405.0,24395.15,24395.5,11:05:00,24398.066940281184,3,23
2025-05-08,24398.05,24407.8,24397.15,24402.2,11:10:00,24398.065326921074,3,24
2025-05-08,24406.65,24408.9,24397.45,24397.45,11:15:00,24398.88291483336,3,25
2025-05-08,24408.3,24410.75,24405.85,24405.95,11:20:00,24399.77978008732,3,26
2025-05-08,24412.3,24415.8,24407.65,24408.1,11:25:00,24400.972181983765,3,27
2025-05-08,24407.85,24413.6,24407.1,24411.3,11:30:00,24401.627212271025,3,28
2025-05-08,24407.75,24412.0,24403.6,24407.05,11:35:00,24402.21033491188,3,29
2025-05-08,24408.55,24410.25,24405.2,24407.25,11:40:00,24402.814112539323,3,30
2025-05-08,24402.75,24410.2,24398.3,24407.45,11:45:00,24402.8080065832,3,31
2025-05-08,24400.7,24407.1,24398.45,24401.7,11:50:00,24402.60724405146,3,32
2025-05-08,24401.3,24403.65,24398.25,24399.9,11:55:00,24402.48274461799,3,33
2025-05-08,24400.8,24404.25,24397.25,24401.85,12:00:00,24402.3224832258,3,34
2025-05-08,24398.2,24403.8,24396.7,24400.7,12:05:00,24401.929865775724,3,35
2025-05-08,24403.4,24404.1,24397.15,24397.8,12:10:00,24402.069878558992,3,36
2025-05-08,24401.05,24411.2,24399.6,24403.25,12:15:00,24401.97274726766,3,37
2025-05-08,24403.35,24406.95,24399.25,24400.1,12:20:00,24402.10391419455,3,38
2025-05-08,24402.35,24408.6,24400.4,24402.7,12:25:00,24402.127350937928,3,39
2025-05-08,24401.45,24405.3,24399.7,24401.45,12:30:00,24402.0628413248,3,40
2025-05-08,24403.1,24404.5,24398.1,24400.9,12:35:00,24402.16161834148,3,41
2025-05-08,24397.15,24404.05,24395.35,24401.8,12:40:00,24401.684321356577,3,42
2025-05-08,24397.65,24399.95,24395.2,24396.2,12:45:00,24401.300100275,3,43
2025-05-08,24399.8,24403.9,24394.0,24398.2,12:50:00,24401.15723358214,3,44
2025-05-08,24400.1,24401.05,24395.15,24398.35,12:55:00,24401.056544669555,3,45
2025-05-08,24394.65,24399.9,24392.6,24399.55,13:00:00,24400.446397558168,3,46
2025-05-08,24390.2,24396.3,24387.15,24392.8,13:05:00,24399.470550171674,3,47
2025-05-08,24385.95,24392.75,24381.05,24390.25,13:10:00,24398.182878726755,3,48
2025-05-08,24375.2,24386.7,24371.35,24384.85,13:15:00,24395.99403313373,3,49
2025-05-08,24355.55,24378.35,24350.15,24377.05,13:20:00,24392.142220454327,3,50
2025-05-08,24366.55,24371.95,24350.6,24354.4,13:25:00,24389.704866125343,3,51
2025-05-08,24370.7,24375.85,24361.65,24365.35,13:30:00,24387.89487887531,3,52
2025-05-08,24340.95,24371.05,24331.05,24368.55,13:35:00,24383.42393803005,3,53
2025-05-08,24337.45,24345.0,24330.6,24341.45,13:40:00,24379.045467741467,3,54
2025-05-08,24357.25,24361.1,24323.05,24336.65,13:45:00,24376.969708908942,3,55
2025-05-08,24340.1,24360.4,24335.4,24357.35,13:50:00,24373.458308060475,3,56
2025-05-08,24329.9,24341.2,24322.65,24338.2,13:55:00,24369.309897769,3,57
2025-05-08,24337.9,24344.2,24329.95,24330.4,14:00:00,24366.31847893386,3,58
2025-05-08,24331.45,24344.45,24326.35,24336.3,14:05:00,24362.99767141635,3,59
2025-05-08,24316.95,24332.9,24314.4,24329.6,14:10:00,24358.61217890051,3,60
2025-05-08,24325.75,24345.8,24314.8,24317.55,14:15:00,24355.48244757665,3,61
2025-05-08,24337.55,24341.55,24325.1,24326.6,14:20:00,24353.774595426494,3,62
2025-05-08,24349.75,24354.6,24334.3,24334.85,14:25:00,24353.39130062397,3,63
2025-05-08,24340.55,24357.3,24339.7,24348.8,14:30:00,24352.168319612167,3,64
2025-05-08,24343.55,24348.8,24337.45,24341.0,14:35:00,24351.34752726816,3,65
2025-05-08,24338.2,24343.55,24331.15,24343.0,14:40:00,24350.095381814044,3,66
2025-05-08,24318.35,24339.9,24310.1,24338.05,14:45:00,24347.072012117467,3,67
2025-05-08,24263.05,24317.85,24261.85,24317.35,14:50:00,24339.06991572533,3,68
2025-05-08,24262.2,24294.9,24244.4,24260.85,14:55:00,24331.748971370533,3,69
2025-05-08,24285.55,24294.6,24247.7,24267.75,15:00:00,24327.349069335247,3,70
2025-05-08,24318.45,24322.6,24286.6,24286.6,15:05:00,24326.501538922366,3,71
2025-05-08,24309.15,24322.1,24302.9,24319.9,15:10:00,24324.84901140596,3,72
2025-05-08,24266.95,24310.9,24266.4,24308.45,15:15:00,24319.334819843483,3,73
2025-05-08,24214.0,24268.1,24214.0,24266.1,15:20:00,24309.30293223934,3,74
2025-05-08,24154.1,24223.5,24151.45,24213.75,15:25:00,24294.5217005975,3,75
2025-05-09,24116.75,24156.95,23960.25,23960.25,09:15:00,24246.67649413989,4,1
2025-05-09,24090.0,24159.15,24059.8,24113.5,09:20:00,24231.75492326944,4,2
2025-05-09,24080.8,24163.65,24069.9,24090.8,09:25:00,24217.37826391044,4,3
2025-05-09,24047.0,24097.8,24039.15,24083.55,09:30:00,24201.15176258564,4,4
2025-05-09,24085.7,24087.8,24041.5,24044.9,09:35:00,24190.1563566251,4,5
2025-05-09,24090.5,24122.7,24083.3,24086.35,09:40:00,24180.66527504176,4,6
2025-05-09,24051.8,24111.7,24051.8,24092.25,09:45:00,24168.392391704445,4,7
2025-05-09,24032.3,24066.45,24031.6,24052.0,09:50:00,24155.43121154212,4,8
2025-05-09,24012.5,24048.2,24011.1,24032.3,09:55:00,24141.81871520477,4,9
2025-05-09,23977.65,24016.7,23972.55,24012.6,10:00:00,24126.183599470984,4,10
2025-05-09,23985.8,23993.9,23949.2,23977.6,10:05:00,24112.81373285469,4,11
2025-05-09,24060.65,24063.45,23978.7,23985.35,10:10:00,24107.84575829711,4,12
2025-05-09,24048.9,24086.75,24045.05,24061.2,10:15:00,24102.231876554528,4,13
2025-05-09,24062.55,24074.35,24030.55,24048.7,10:20:00,24098.452650216004,4,14
2025-05-09,24046.7,24061.95,24031.2,24061.9,10:25:00,24093.52382638591,4,15
2025-05-09,24031.75,24057.3,24030.5,24046.6,10:30:00,24087.64060482535,4,16
2025-05-09,24018.3,24063.25,24016.75,24030.4,10:35:00,24081.036737699127,4,17
2025-05-09,24009.25,24029.2,24007.75,24018.9,10:40:00,24074.199905537305,4,18
2025-05-09,24008.8,24019.0,24004.75,24008.65,10:45:00,24067.97134310518,4,19
2025-05-09,23980.25,24016.95,23978.0,24008.4,10:50:00,24059.61692947612,4,20
2025-05-09,23987.3,23995.1,23976.65,23981.1,10:55:00,24052.72960285934,4,21
2025-05-09,24008.55,24010.9,23987.45,23987.45,11:00:00,24048.52202163464,4,22
2025-05-09,23996.8,24017.2,23996.3,24008.05,11:05:00,24043.5961148123,4,23
2025-05-09,24012.85,24015.05,23989.4,23996.8,11:10:00,24040.667913401605,4,24
2025-05-09,24010.35,24022.5,24005.4,24012.3,11:15:00,24037.780493077644,4,25
2025-05-09,24024.8,24030.65,23999.45,24010.8,11:20:00,24036.54425564168,4,26
2025-05-09,24093.9,24094.0,24022.6,24023.8,11:25:00,24042.00670748533,4,27
2025-05-09,24093.2,24121.3,24082.5,24093.0,11:30:00,24046.88225915339,4,28
2025-05-09,24077.7,24094.05,24067.65,24091.75,11:35:00,24049.817282091164,4,29
2025-05-09,24057.55,24083.35,24057.55,24077.6,11:40:00,24050.553731415817,4,30
2025-05-09,24018.35,24060.75,24013.95,24055.9,11:45:00,24047.48670937621,4,31
2025-05-09,24038.9,24045.2,24019.15,24019.5,11:50:00,24046.668927530864,4,32
2025-05-09,24055.3,24060.85,24036.4,24038.55,11:55:00,24047.490934432688,4,33
2025-05-09,24025.95,24056.1,24024.0,24053.65,12:00:00,24045.43941686767,4,34
2025-05-09,24042.2,24043.9,24025.0,24026.5,12:05:00,24045.13090097551,4,35
2025-05-09,24049.7,24053.5,24031.8,24042.25,12:10:00,24045.56605326356,4,36
2025-05-09,24027.9,24054.55,24027.15,24049.85,12:15:00,24043.883572000363,4,37
2025-05-09,24034.2,24036.15,24010.15,24027.2,12:20:00,24042.96132704795,4,38
2025-05-09,24036.4,24044.95,24030.5,24032.95,12:25:00,24042.33643875767,4,39
2025-05-09,24012.05,24036.15,24010.75,24036.15,12:30:00,24039.452016018844,4,40
2025-05-09,24014.25,24026.95,24008.75,24012.05,12:35:00,24037.05182401705,4,41
2025-05-09,24006.85,24022.2,24004.85,24013.75,12:40:00,24034.175459824943,4,42
2025-05-09,24023.65,24023.65,24001.85,24006.8,12:45:00,24033.173035079715,4,43
2025-05-09,24042.0,24045.6,24022.25,24023.25,12:50:00,24034.01369840546,4,44
2025-05-09,24033.35,24042.5,24017.8,24040.45,12:55:00,24033.95048903351,4,45
2025-05-09,24017.35,24038.5,24011.9,24032.65,13:00:00,24032.369490077934,4,46
2025-05-09,23998.9,24017.8,23992.8,24017.1,13:05:00,24029.181919594324,4,47
2025-05-09,24009.25,24021.1,23995.95,23998.95,13:10:00,24027.28364153772,4,48
2025-05-09,24023.8,24024.7,24007.85,24008.8,13:15:00,24026.951866153177,4,49
2025-05-09,23977.95,24022.95,23976.2,24022.4,13:20:00,24022.285021757634,4,50
2025-05-09,23966.9,23987.9,23961.7,23976.05,13:25:00,24017.01025778072,4,51
2025-05-09,23976.0,23998.5,23963.8,23965.75,13:30:00,24013.10451894446,4,52
2025-05-09,23979.45,23984.65,23971.55,23975.8,13:35:00,24009.899326664035,4,53
2025-05-09,23980.65,23986.85,23965.4,23978.75,13:40:00,24007.11367650556,4,54
2025-05-09,23977.5,23995.6,23972.85,23980.35,13:45:00,24004.29332636217,4,55
2025-05-09,24013.5,24013.5,23976.45,23976.7,13:50:00,24005.17015242292,4,56
2025-05-09,23980.75,24013.35,23978.55,24011.9,13:55:00,24002.844423620736,4,57
2025-05-09,23992.75,24011.3,23977.95,23978.4,14:00:00,24001.88304994257,4,58
2025-05-09,23998.3,24000.1,23980.15,23992.35,14:05:00,24001.541807090896,4,59
2025-05-09,24005.05,24009.65,23987.45,23998.1,14:10:00,24001.875920701288,4,60
2025-05-09,24011.85,24032.75,24003.5,24004.6,14:15:00,24002.82583301545,4,61
2025-05-09,23978.0,24016.7,23975.9,24011.7,14:20:00,24000.46146796636,4,62
2025-05-09,23965.45,23980.35,23960.95,23977.55,14:25:00,23997.127042445754,4,63
2025-05-09,23982.6,23995.55,23963.2,23964.95,14:30:00,23995.74351459377,4,64
2025-05-09,23981.6,23987.65,23974.2,23982.4,14:35:00,23994.39651320389,4,65
2025-05-09,23987.3,23992.25,23975.6,23981.4,14:40:00,23993.720654803525,4,66
2025-05-09,24003.0,24003.8,23985.65,23986.15,14:45:00,23994.60440196509,4,67
2025-05-09,24003.9,24025.7,24000.5,24002.1,14:50:00,23995.48969701604,4,68
2025-05-09,24016.75,24016.75,23998.45,24003.15,14:55:00,23997.51448777641,4,69
2025-05-09,23995.9,24017.55,23988.45,24013.8,15:00:00,23997.3607270358,4,70
2025-05-09,24001.55,24013.15,23993.4,23993.4,15:05:00,23997.75970541334,4,71
2025-05-09,24000.55,24003.95,23993.2,23999.6,15:10:00,23998.025447754928,4,72
2025-05-09,24019.05,24019.05,23997.35,23999.3,15:15:00,24000.027786063984,4,73
2025-05-09,24022.05,24022.85,24001.1,24017.6,15:20:00,24002.12513977217,4,74
2025-05-09,24038.65,24046.9,24017.45,24020.0,15:25:00,24005.60369788912,4,75
2025-05-12,24561.4,24562.75,24386.6,24401.0,09:15:00,24094.252913691544,0,1
2025-05-12,24579.95,24590.0,24562.45,24562.45,09:20:00,24140.509779054253,0,2
2025-05-12,24595.2,24596.6,24572.05,24578.65,09:25:00,24183.81360962052,0,3
2025-05-12,24618.65,24620.25,24585.6,24596.1,09:30:00,24225.226599180467,0,4
2025-05-12,24607.15,24632.7,24602.25,24618.55,09:35:00,24261.600256401376,0,5
2025-05-12,24591.7,24621.25,24583.4,24607.85,09:40:00,24293.038327220293,0,6
2025-05-12,24611.65,24614.5,24592.4,24592.85,09:45:00,24323.382296056458,0,7
2025-05-12,24673.95,24676.7,24613.15,24613.15,09:50:00,24356.769696432035,0,8
2025-05-12,24725.0,24737.2,24670.5,24675.45,09:55:00,24391.839249152792,0,9
2025-05-12,24698.8,24731.4,24691.45,24725.55,10:00:00,24421.073606376336,0,10
2025-05-12,24682.0,24701.05,24681.1,24698.45,10:05:00,24445.9237391024,0,11
2025-05-12,24682.65,24689.65,24668.4,24682.3,10:10:00,24468.469097283123,0,12
2025-05-12,24691.05,24708.3,24682.3,24682.3,10:15:00,24489.667278494253,0,13
2025-05-12,24717.45,24718.45,24691.1,24691.1,10:20:00,24511.36087101861,0,14
2025-05-12,24696.9,24723.55,24696.75,24718.05,10:25:00,24529.03126425493,0,15
2025-05-12,24687.75,24712.85,24686.5,24697.5,10:30:00,24544.14733432589,0,16
2025-05-12,24683.1,24700.2,24679.0,24687.15,10:35:00,24557.38092153295,0,17
2025-05-12,24699.75,24700.0,24673.3,24682.8,10:40:00,24570.939881386952,0,18
2025-05-12,24687.05,24700.55,24674.95,24699.95,10:45:00,24581.997987921524,0,19
2025-05-12,24688.75,24691.85,24677.75,24687.15,10:50:00,24592.16484621472,0,20
2025-05-12,24678.2,24694.15,24669.1,24689.1,10:55:00,24600.35867038474,0,21
2025-05-12,24683.75,24694.0,24679.3,24679.3,11:00:00,24608.30070177667,0,22
2025-05-12,24708.4,24711.15,24683.85,24684.1,11:05:00,24617.83396827413,0,23
2025-05-12,24702.85,24714.85,24701.9,24709.65,11:10:00,24625.930733200403,0,24
2025-05-12,24700.8,24709.9,24698.55,24703.2,11:15:00,24633.06113956227,0,25
2025-05-12,24722.75,24725.75,24700.3,24700.95,11:20:00,24641.60293579443,0,26
2025-05-12,24733.3,24745.45,24722.2,24723.15,11:25:00,24650.335989528296,0,27
2025-05-12,24736.1,24744.6,24732.05,24733.3,11:30:00,24658.5039905256,0,28
2025-05-12,24724.5,24739.55,24718.9,24736.0,11:35:00,24664.78932476126,0,29
2025-05-12,24728.2,24730.15,24715.75,24725.05,11:40:00,24670.82843668876,0,30
2025-05-12,24726.15,24731.2,24713.2,24728.2,11:45:00,24676.097157004115,0,31
2025-05-12,24725.25,24727.55,24716.35,24726.75,11:50:00,24680.77838014658,0,32
2025-05-12,24716.85,24729.75,24715.5,24726.3,11:55:00,24684.213772513573,0,33
2025-05-12,24717.05,24724.05,24711.35,24717.3,12:00:00,24687.341032274184,0,34
2025-05-12,24717.5,24728.45,24717.05,24717.25,12:05:00,24690.213314914738,0,35
2025-05-12,24721.3,24724.2,24713.4,24718.0,12:10:00,24693.173951589524,0,36
2025-05-12,24718.3,24727.65,24717.2,24723.3,12:15:00,24695.566908581,0,37
2025-05-12,24703.7,24722.3,24702.65,24718.7,12:20:00,24696.341488716145,0,38
2025-05-12,24702.45,24705.5,24690.35,24703.0,12:25:00,24696.92325169556,0,39
2025-05-12,24786.3,24787.65,24702.35,24702.35,12:30:00,24705.435322962647,0,40
2025-05-12,24803.2,24803.2,24776.75,24788.05,12:35:00,24714.74624458525,0,41
2025-05-12,24790.0,24806.15,24778.55,24802.85,12:40:00,24721.91326891047,0,42
2025-05-12,24776.5,24792.0,24774.8,24789.9,12:45:00,24727.11200520471,0,43
2025-05-12,24776.6,24783.65,24772.35,24775.55,12:50:00,24731.825147566167,0,44
2025-05-12,24800.9,24802.95,24774.8,24777.55,12:55:00,24738.40370494081,0,45
2025-05-12,24781.25,24806.55,24781.25,24801.45,13:00:00,24742.484304470265,0,46
2025-05-12,24796.25,24798.4,24779.95,24782.15,13:05:00,24747.604846901668,0,47
2025-05-12,24789.15,24797.75,24784.45,24796.15,13:10:00,24751.561528149126,0,48
2025-05-12,24799.55,24801.15,24789.0,24789.15,13:15:00,24756.13185880159,0,49
2025-05-12,24818.65,24820.45,24798.5,24799.2,13:20:00,24762.08596748716,0,50
2025-05-12,24821.5,24823.7,24803.7,24818.65,13:25:00,24767.744446774093,0,51
2025-05-12,24836.95,24840.55,24818.2,24821.65,13:30:00,24774.335451843228,0,52
2025-05-12,24837.25,24839.6,24827.3,24836.65,13:35:00,24780.327313572445,0,53
2025-05-12,24843.95,24849.95,24836.0,24838.15,13:40:00,24786.38661704173,0,54
2025-05-12,24844.7,24853.05,24840.75,24845.2,13:45:00,24791.940272561573,0,55
2025-05-12,24835.85,24847.65,24833.75,24846.2,13:50:00,24796.12215136523,0,56
2025-05-12,24843.95,24845.45,24830.1,24835.45,13:55:00,24800.67718456854,0,57
2025-05-12,24843.0,24848.6,24840.95,24844.8,14:00:00,24804.707928895343,0,58
2025-05-12,24839.45,24846.2,24836.0,24843.25,14:05:00,24808.01669757198,0,59
2025-05-12,24866.2,24866.3,24836.65,24840.0,14:10:00,24813.55796446989,0,60
2025-05-12,24887.0,24901.95,24866.25,24866.25,14:15:00,24820.552444044184,0,61
2025-05-12,24892.15,24897.3,24883.6,24887.15,14:20:00,24827.37125889712,0,62
2025-05-12,24898.0,24900.35,24889.15,24892.5,14:25:00,24834.097805668825,0,63
2025-05-12,24878.55,24906.7,24874.45,24897.1,14:30:00,24838.33134798608,0,64
2025-05-12,24866.15,24888.7,24864.85,24878.25,14:35:00,24840.980743415977,0,65
2025-05-12,24862.35,24878.25,24854.75,24866.5,14:40:00,24843.01591070969,0,66
2025-05-12,24877.7,24881.5,24858.2,24862.2,14:45:00,24846.319157308768,0,67
2025-05-12,24894.8,24898.05,24871.15,24874.75,14:50:00,24850.93638042222,0,68
2025-05-12,24921.6,24926.1,24891.6,24894.35,14:55:00,24857.66624895344,0,69
2025-05-12,24909.2,24930.35,24909.2,24920.85,15:00:00,24862.574225243585,0,70
2025-05-12,24905.7,24912.5,24898.35,24909.5,15:05:00,24866.681441887053,0,71
2025-05-12,24907.45,24915.05,24905.15,24905.75,15:10:00,24870.56416170733,0,72
2025-05-12,24941.0,24944.2,24904.75,24906.05,15:15:00,24877.272336782826,0,73
2025-05-12,24934.0,24943.65,24928.65,24941.45,15:20:00,24882.674971374938,0,74
2025-05-12,24920.25,24935.45,24920.25,24932.9,15:25:00,24886.253545529704,0,75
2025-05-13,24867.65,24971.55,24837.0,24864.05,09:15:00,24882.56854860821,1,1
2025-05-13,24783.2,24876.9,24780.75,24869.1,09:20:00,24873.104877312195,1,2
2025-05-13,24768.6,24821.45,24754.6,24782.5,09:25:00,24863.152031853893,1,3
2025-05-13,24742.05,24767.4,24676.85,24767.4,09:30:00,24851.618505010665,1,4
2025-05-13,24837.65,24846.6,24743.25,24743.25,09:35:00,24850.288171200125,1,5
2025-05-13,24746.7,24838.3,24743.95,24834.7,09:40:00,24840.42263108583,1,6
2025-05-13,24692.3,24754.75,24677.6,24745.2,09:45:00,24826.31571383956,1,7
2025-05-13,24738.2,24756.65,24678.95,24692.55,09:50:00,24817.92374109293,1,8
2025-05-13,24711.6,24756.1,24711.25,24738.9,09:55:00,24807.79767051266,1,9
2025-05-13,24685.3,24732.55,24681.15,24711.95,10:00:00,24796.13122570193,1,10
2025-05-13,24775.6,24775.6,24685.25,24685.25,10:05:00,24794.175870873176,1,11
2025-05-13,24771.95,24789.45,24742.95,24776.2,10:10:00,24792.059121266208,1,12
2025-05-13,24750.6,24797.6,24750.6,24770.85,10:15:00,24788.11063352657,1,13
2025-05-13,24746.9,24772.45,24737.85,24751.7,10:20:00,24784.18581128594,1,14
2025-05-13,24660.55,24758.05,24660.55,24748.35,10:25:00,24772.410972115853,1,15
2025-05-13,24665.55,24687.05,24636.55,24658.2,10:30:00,24762.233736676248,1,16
2025-05-13,24695.3,24697.0,24658.55,24663.3,10:35:00,24755.859095088035,1,17
2025-05-13,24700.3,24709.15,24680.15,24695.25,10:40:00,24750.5677526987,1,18
2025-05-13,24707.5,24721.15,24683.1,24700.8,10:45:00,24746.46606196549,1,19
2025-05-13,24733.9,24759.2,24709.1,24709.1,10:50:00,24745.269294159247,1,20
2025-05-13,24759.05,24761.65,24713.4,24733.0,10:55:00,24746.58174233456,1,21
2025-05-13,24802.4,24837.8,24742.05,24759.5,11:00:00,24751.89776687412,1,22
2025-05-13,24752.45,24806.45,24746.75,24805.5,11:05:00,24751.95036050516,1,23
2025-05-13,24724.55,24755.2,24700.35,24752.8,11:10:00,24749.34080236181,1,24
2025-05-13,24789.8,24791.8,24723.25,24724.55,11:15:00,24753.194059279733,1,25
2025-05-13,24746.0,24792.35,24742.65,24788.6,11:20:00,24752.5089107769,1,26
2025-05-13,24798.0,24810.45,24745.65,24746.35,11:25:00,24756.841395464817,1,27
2025-05-13,24796.9,24817.9,24769.0,24797.15,11:30:00,24760.65650065865,1,28
2025-05-13,24757.2,24797.7,24747.9,24796.95,11:35:00,24760.327310119726,1,29
2025-05-13,24740.7,24786.65,24738.25,24757.55,11:40:00,24758.45804248928,1,30
2025-05-13,24733.75,24764.05,24723.55,24740.9,11:45:00,24756.104895585537,1,31
2025-05-13,24738.15,24746.75,24717.55,24734.05,11:50:00,24754.39490552977,1,32
2025-05-13,24724.4,24744.9,24709.2,24738.25,11:55:00,24751.53824786027,1,33
2025-05-13,24718.0,24737.65,24693.9,24722.3,12:00:00,24748.34412901644,1,34
2025-05-13,24749.8,24766.1,24714.35,24717.7,12:05:00,24748.48278339582,1,35
2025-05-13,24757.6,24771.45,24738.55,24749.65,12:10:00,24749.35108973908,1,36
2025-05-13,24736.65,24772.0,24735.7,24755.45,12:15:00,24748.14146214488,1,37
2025-05-13,24717.8,24744.1,24715.05,24736.15,12:20:00,24745.25179908346,1,38
2025-05-13,24712.65,24726.55,24697.4,24717.45,12:25:00,24742.14686583741,1,39
2025-05-13,24668.4,24726.35,24660.05,24712.75,12:30:00,24735.12335480528,1,40
2025-05-13,24669.5,24682.8,24644.45,24669.45,12:35:00,24728.87351149049,1,41
2025-05-13,24645.0,24671.15,24640.2,24669.2,12:40:00,24720.8855580152,1,42
2025-05-13,24657.8,24665.25,24640.15,24644.05,12:45:00,24714.8774096328,1,43
2025-05-13,24614.95,24659.55,24614.95,24657.6,12:50:00,24705.36051347729,1,44
2025-05-13,24605.4,24636.5,24597.9,24615.0,12:55:00,24695.84046457469,1,45
2025-05-13,24632.0,24643.25,24602.25,24604.6,13:00:00,24689.760420329487,1,46
2025-05-13,24622.0,24648.9,24612.25,24631.0,13:05:00,24683.307046964776,1,47
2025-05-13,24633.15,24636.0,24610.25,24622.55,13:10:00,24678.53018534908,1,48
2025-05-13,24597.45,24637.0,24593.1,24630.8,13:15:00,24670.808262934886,1,49
2025-05-13,24610.45,24618.05,24594.8,24595.95,13:20:00,24665.059856941087,1,50
2025-05-13,24592.3,24620.7,24590.55,24609.7,13:25:00,24658.130346756225,1,51
2025-05-13,24595.4,24610.3,24589.9,24592.1,13:30:00,24652.156028017536,1,52
2025-05-13,24597.35,24613.1,24589.1,24596.0,13:35:00,24646.93640630158,1,53
2025-05-13,24614.15,24615.9,24595.3,24596.55,13:40:00,24643.81389141572,1,54
2025-05-13,24606.4,24617.85,24599.65,24614.5,13:45:00,24640.25066366184,1,55
2025-05-13,24602.9,24613.95,24590.7,24608.95,13:50:00,24636.693457598805,1,56
2025-05-13,24586.05,24608.3,24583.2,24603.65,13:55:00,24631.870271160824,1,57
2025-05-13,24598.75,24601.6,24577.75,24585.75,14:00:00,24628.7159596217,1,58
2025-05-13,24606.75,24609.4,24592.4,24597.85,14:05:00,24626.623963467253,1,59
2025-05-13,24591.55,24609.05,24586.95,24606.4,14:10:00,24623.28358599418,1,60
2025-05-13,24564.05,24592.35,24561.3,24590.45,14:15:00,24617.64229208997,1,61
2025-05-13,24597.55,24600.35,24563.5,24563.75,14:20:00,24615.72874046236,1,62
2025-05-13,24586.85,24606.3,24581.35,24595.9,14:25:00,24612.978384227845,1,63
2025-05-13,24587.9,24596.9,24575.55,24586.6,14:30:00,24610.58996668233,1,64
2025-05-13,24613.05,24617.5,24587.2,24587.6,14:35:00,24610.82425556973,1,65
2025-05-13,24601.9,24615.95,24596.85,24614.85,14:40:00,24609.97432646785,1,66
2025-05-13,24613.05,24636.85,24599.85,24601.15,14:45:00,24610.267247756627,1,67
2025-05-13,24614.55,24628.85,24611.35,24612.55,14:50:00,24610.675128922663,1,68
2025-05-13,24614.8,24629.45,24591.3,24615.1,14:55:00,24611.06797378717,1,69
2025-05-13,24575.35,24621.2,24574.25,24615.55,15:00:00,24607.66626199792,1,70
2025-05-13,24582.0,24586.2,24569.0,24574.85,15:05:00,24605.221856093354,1,71
2025-05-13,24559.45,24582.35,24559.45,24581.6,15:10:00,24600.862631703512,1,72
2025-05-13,24578.8,24587.2,24558.4,24560.0,15:15:00,24598.76142868413,1,73
2025-05-13,24560.45,24586.7,24548.05,24578.15,15:20:00,24595.1127211904,1,74
2025-05-13,24592.25,24594.3,24560.8,24561.85,15:25:00,24594.84008107704,1,75
2025-05-14,24663.05,24670.8,24587.3,24618.75,09:15:00,24602.96999834197,2,1
2025-05-14,24700.0,24706.2,24659.6,24664.1,09:20:00,24612.210950880828,2,2
2025-05-14,24718.1,24737.0,24699.45,24699.45,09:25:00,24622.29562222551,2,3
2025-05-14,24666.25,24721.95,24664.6,24717.9,09:30:00,24626.481753442127,2,4
2025-05-14,24688.6,24698.1,24657.6,24667.1,09:35:00,24632.39777692383,2,5
2025-05-14,24742.8,24745.5,24687.35,24688.2,09:40:00,24642.912274359656,2,6
2025-05-14,24738.6,24751.35,24736.75,24742.85,09:45:00,24652.025391087307,2,7
2025-05-14,24706.15,24737.75,24690.8,24737.75,09:50:00,24657.18011574566,2,8
2025-05-14,24727.4,24737.85,24704.75,24706.1,09:55:00,24663.867723769883,2,9
2025-05-14,24726.05,24734.8,24718.75,24727.2,10:00:00,24669.78984531561,2,10
2025-05-14,24743.5,24745.4,24725.05,24725.95,10:05:00,24676.80986004745,2,11
2025-05-14,24758.15,24758.25,24734.2,24743.45,10:10:00,24684.556540042937,2,12
2025-05-14,24760.75,24763.3,24747.55,24757.4,10:15:00,24691.81306003885,2,13
2025-05-14,24766.75,24767.2,24756.3,24760.7,10:20:00,24698.94991146372,2,14
2025-05-14,24744.65,24767.15,24738.75,24765.85,10:25:00,24703.30230084813,2,15
2025-05-14,24720.3,24747.15,24719.3,24744.85,10:30:00,24704.921129338785,2,16
2025-05-14,24723.15,24728.95,24711.25,24720.4,10:35:00,24706.6572122589,2,17
2025-05-14,24733.8,24737.6,24719.95,24723.5,10:40:00,24709.242239662814,2,18
2025-05-14,24720.4,24740.1,24718.6,24734.0,10:45:00,24710.30488350445,2,19
2025-05-14,24712.45,24720.1,24702.0,24720.1,10:50:00,24710.50918031355,2,20
2025-05-14,24684.6,24713.0,24683.45,24712.75,10:55:00,24708.04163933131,2,21
2025-05-14,24694.0,24702.05,24684.35,24684.65,11:00:00,24706.704340347376,2,22
2025-05-14,24702.55,24709.6,24692.8,24693.9,11:05:00,24706.30868888572,2,23
2025-05-14,24700.95,24707.85,24698.0,24702.35,11:10:00,24705.798337563272,2,24
2025-05-14,24705.4,24712.75,24693.45,24699.65,11:15:00,24705.760400652485,2,25
2025-05-14,24716.35,24717.55,24702.15,24705.9,11:20:00,24706.76893392368,2,26
2025-05-14,24718.0,24724.9,24708.0,24716.25,11:25:00,24707.83855926428,2,27
2025-05-14,24710.4,24721.8,24708.95,24718.0,11:30:00,24708.082506001017,2,28
2025-05-14,24699.05,24713.7,24697.15,24710.35,11:35:00,24707.22226733425,2,29
2025-05-14,24686.25,24708.2,24681.1,24699.0,11:40:00,24705.22490854052,2,30
2025-05-14,24640.8,24686.55,24633.05,24686.55,11:45:00,24699.089202965228,2,31
2025-05-14,24641.05,24653.9,24639.95,24640.8,11:50:00,24693.56165982568,2,32
2025-05-14,24662.15,24662.15,24640.55,24641.2,11:55:00,24690.57007317561,2,33
2025-05-14,24666.35,24668.3,24654.75,24662.0,12:00:00,24688.263399539843,2,34
2025-05-14,24661.15,24668.6,24657.5,24665.55,12:05:00,24685.68117101224,2,35
2025-05-14,24677.1,24679.55,24660.6,24663.0,12:10:00,24684.86391663012,2,36
2025-05-14,24674.6,24677.4,24667.5,24677.25,12:15:00,24683.886400760588,2,37
2025-05-14,24669.45,24679.65,24668.5,24675.05,12:20:00,24682.511505450057,2,38
2025-05-14,24662.25,24673.05,24660.35,24669.85,12:25:00,24680.581838264337,2,39
2025-05-14,24655.5,24664.75,24653.85,24663.3,12:30:00,24678.19309176297,2,40
2025-05-14,24621.4,24657.4,24609.35,24656.1,12:35:00,24672.784225880787,2,41
2025-05-14,24629.7,24636.4,24612.9,24621.15,12:40:00,24668.680966273096,2,42
2025-05-14,24602.8,24635.8,24602.65,24629.9,12:45:00,24662.4065885328,2,43
2025-05-14,24573.95,24601.45,24535.9,24601.45,12:50:00,24653.98215152968,2,44
2025-05-14,24581.7,24584.0,24554.15,24574.0,12:55:00,24647.098137098284,2,45
2025-05-14,24619.55,24633.7,24578.9,24581.65,13:00:00,24644.474504993686,2,46
2025-05-14,24632.95,24634.4,24617.95,24619.45,13:05:00,24643.376933089527,2,47
2025-05-14,24636.05,24643.0,24629.55,24633.3,13:10:00,24642.679129938144,2,48
2025-05-14,24622.2,24643.15,24604.35,24636.45,13:15:00,24640.7287366107,2,49
2025-05-14,24635.05,24635.05,24616.8,24621.6,13:20:00,24640.18790455254,2,50
2025-05-14,24644.95,24660.95,24633.9,24634.9,13:25:00,24640.641437452294,2,51
2025-05-14,24644.7,24646.45,24639.15,24644.55,13:30:00,24641.02796721874,2,52
2025-05-14,24634.9,24648.0,24631.5,24644.65,13:35:00,24640.444351293147,2,53
2025-05-14,24628.5,24647.85,24625.35,24634.7,13:40:00,24639.30679402713,2,54
2025-05-14,24623.4,24635.75,24614.7,24628.55,13:45:00,24637.79186126264,2,55
2025-05-14,24629.95,24631.5,24620.45,24622.95,13:50:00,24637.045017332868,2,56
2025-05-14,24621.8,24638.2,24619.5,24629.7,13:55:00,24635.593110920214,2,57
2025-05-14,24601.05,24620.0,24596.75,24618.9,14:00:00,24632.303290832577,2,58
2025-05-14,24615.25,24615.25,24599.95,24599.95,14:05:00,24630.67916789614,2,59
2025-05-14,24615.0,24616.35,24598.9,24614.95,14:10:00,24629.1859138108,2,60
2025-05-14,24618.4,24618.7,24605.65,24614.55,14:15:00,24628.15868392405,2,61
2025-05-14,24629.75,24633.0,24614.5,24617.1,14:20:00,24628.310237836053,2,62
2025-05-14,24611.2,24630.3,24609.1,24628.55,14:25:00,24626.68069137548,2,63
2025-05-14,24586.15,24618.2,24577.7,24609.8,14:30:00,24622.820625530192,2,64
2025-05-14,24586.55,24599.0,24584.95,24585.05,14:35:00,24619.3662802416,2,65
2025-05-14,24625.55,24665.65,24585.0,24585.0,14:40:00,24619.955205932874,2,66
2025-05-14,24633.55,24636.55,24618.4,24624.95,14:45:00,24621.24994822498,2,67
2025-05-14,24632.95,24637.7,24624.15,24633.05,14:50:00,24622.36423887022,2,68
2025-05-14,24633.25,24642.05,24629.45,24633.05,14:55:00,24623.40097802544,2,69
2025-05-14,24659.8,24667.05,24632.25,24633.3,15:00:00,24626.867551546824,2,70
2025-05-14,24673.4,24673.4,24658.6,24659.7,15:05:00,24631.299213304268,2,71
2025-05-14,24669.55,24675.2,24661.0,24672.65,15:10:00,24634.94214537053,2,72
2025-05-14,24657.7,24670.75,24651.3,24669.95,15:15:00,24637.109560097146,2,73
2025-05-14,24677.6,24678.9,24657.55,24658.15,15:20:00,24640.965792468847,2,74
2025-05-14,24685.75,24696.75,24678.35,24678.35,15:25:00,24645.23095509086,2,75
2025-05-16,25003.7,25061.8,24995.8,25061.8,09:15:00,25034.03371642222,4,1
2025-05-16,25001.7,25023.7,24984.65,25003.5,09:20:00,25030.954314858194,4,2
2025-05-16,25033.6,25035.25,24993.55,25000.4,09:25:00,25031.206284871696,4,3
2025-05-16,25009.3,25069.55,25007.85,25033.25,09:30:00,25029.11997202677,4,4
2025-05-16,25003.15,25024.95,24997.9,25007.7,09:35:00,25026.646641357554,4,5
2025-05-16,25017.1,25038.8,24983.15,25004.75,09:40:00,25025.73743741874,4,6
2025-05-16,25013.5,25030.7,25008.0,25017.25,09:45:00,25024.57196718838,4,7
2025-05-16,24979.15,25015.4,24976.25,25013.9,09:50:00,25020.2460655514,4,8
2025-05-16,24992.15,25004.95,24977.8,24977.8,09:55:00,25017.5702497846,4,9
2025-05-16,25021.8,25028.9,24989.25,24991.55,10:00:00,25017.973083138444,4,10
2025-05-16,25007.05,25023.45,25006.1,25021.85,10:05:00,25016.93278950621,4,11
2025-05-16,25005.15,25008.85,24993.15,25007.1,10:10:00,25015.81061907705,4,12
2025-05-16,25022.7,25027.35,24999.85,25005.65,10:15:00,25016.46675059352,4,13
2025-05-16,24993.0,25040.85,24990.35,25022.85,10:20:00,25014.231821965568,4,14
2025-05-16,25007.45,25013.75,24987.6,24993.2,10:25:00,25013.585934159324,4,15
2025-05-16,25000.3,25013.15,24998.6,25006.9,10:30:00,25012.32060709653,4,16
2025-05-16,24993.9,25007.6,24983.7,25000.15,10:35:00,25010.56626356353,4,17
2025-05-16,24996.6,25014.3,24993.85,24994.2,10:40:00,25009.236143224145,4,18
2025-05-16,24996.35,25003.8,24991.8,24996.75,10:45:00,25008.00889148851,4,19
2025-05-16,24991.95,24999.7,24991.45,24995.75,10:50:00,25006.47947325151,4,20
2025-05-16,25000.9,25004.6,24991.1,24991.2,10:55:00,25005.948094846604,4,21
2025-05-16,24989.45,25001.45,24979.3,25001.45,11:00:00,25004.37684771836,4,22
2025-05-16,24956.5,24989.2,24953.15,24989.2,11:05:00,24999.817147935657,4,23
2025-05-16,24975.45,24975.6,24954.85,24956.1,11:10:00,24997.49646717988,4,24
2025-05-16,24985.0,24985.3,24969.2,24975.15,11:15:00,24996.306327448463,4,25
2025-05-16,24978.4,24985.3,24972.6,24984.7,11:20:00,24994.60096292956,4,26
2025-05-16,24961.9,24978.6,24958.7,24977.6,11:25:00,24991.486585507697,4,27
2025-05-16,24994.45,24994.55,24960.25,24961.85,11:30:00,24991.768815459345,4,28
2025-05-16,24986.6,24997.9,24985.7,24994.2,11:35:00,24991.27654732036,4,29
2025-05-16,24981.3,24987.7,24975.15,24986.4,11:40:00,24990.32639995652,4,30
2025-05-16,24986.2,24992.0,24980.7,24981.15,11:45:00,24989.933409484474,4,31
2025-05-16,24975.95,24988.5,24975.65,24986.0,11:50:00,24988.60165620024,4,32
2025-05-16,24973.55,24981.1,24971.4,24975.4,11:55:00,24987.16816513356,4,33
2025-05-16,24988.95,24991.55,24972.8,24973.7,12:00:00,24987.337863692264,4,34
2025-05-16,24983.65,24990.65,24982.2,24989.25,12:05:00,24986.98663857872,4,35
2025-05-16,24976.05,24984.4,24974.0,24983.5,12:10:00,24985.94505395217,4,36
2025-05-16,24979.05,24982.3,24968.8,24974.65,12:15:00,24985.28838214721,4,37
2025-05-16,24977.6,24983.2,24974.7,24979.0,12:20:00,24984.55615527604,4,38
2025-05-16,24988.55,24988.6,24976.9,24977.3,12:25:00,24984.936521440228,4,39
2025-05-16,25002.65,25004.1,24982.25,24988.25,12:30:00,24986.6235193983,4,40
2025-05-16,24995.65,25004.6,24991.5,25004.15,12:35:00,24987.48318421751,4,41
2025-05-16,25001.55,25002.6,24992.6,24995.15,12:40:00,24988.82288095869,4,42
2025-05-16,25002.7,25018.5,24999.0,25001.5,12:45:00,24990.144511343584,4,43
2025-05-16,25004.15,25012.9,25000.75,25003.05,12:50:00,24991.4783674061,4,44
2025-05-16,24988.95,25005.6,24988.65,25004.4,12:55:00,24991.23757051028,4,45
2025-05-16,24998.55,24999.6,24986.85,24988.9,13:00:00,24991.933992366445,4,46
2025-05-16,24997.05,25007.45,24995.2,24998.85,13:05:00,24992.421231188688,4,47
2025-05-16,25006.8,25008.6,24994.9,24997.0,13:10:00,24993.790637742142,4,48
2025-05-16,25010.4,25015.5,25004.1,25006.75,13:15:00,24995.372481766703,4,49
2025-05-16,25008.5,25015.4,25005.5,25010.95,13:20:00,24996.622721598447,4,50
2025-05-16,25029.75,25034.8,25007.45,25008.25,13:25:00,24999.77770049384,4,51
2025-05-16,25020.2,25031.9,25018.65,25029.9,13:30:00,25001.72268139918,4,52
2025-05-16,25016.75,25025.6,25015.35,25021.1,13:35:00,25003.15385459926,4,53
2025-05-16,25001.25,25017.3,24997.25,25017.0,13:40:00,25002.97253511361,4,54
2025-05-16,25008.35,25012.3,24994.45,24999.9,13:45:00,25003.484674626605,4,55
2025-05-16,25016.7,25020.3,25008.05,25008.6,13:50:00,25004.74327704312,4,56
2025-05-16,25014.2,25020.3,25010.6,25017.05,13:55:00,25005.643917324727,4,57
2025-05-16,25020.75,25022.5,25010.25,25014.55,14:00:00,25007.08259186523,4,58
2025-05-16,25026.75,25031.5,25019.15,25020.95,14:05:00,25008.955678354258,4,59
2025-05-16,25019.95,25032.95,25018.1,25027.0,14:10:00,25010.00275660623,4,60
2025-05-16,25002.1,25025.05,24999.7,25019.6,14:15:00,25009.250113119924,4,61
2025-05-16,25013.5,25015.4,25000.3,25003.4,14:20:00,25009.65486425136,4,62
2025-05-16,25003.1,25018.95,25002.3,25013.55,14:25:00,25009.030591465515,4,63
2025-05-16,25000.3,25004.5,24992.35,25002.7,14:30:00,25008.19910656404,4,64
2025-05-16,25015.8,25018.0,24996.1,25001.9,14:35:00,25008.923001176987,4,65
2025-05-16,25014.95,25019.8,25011.85,25015.7,14:40:00,25009.49700106489,4,66
2025-05-16,25010.35,25017.9,25008.7,25014.4,14:45:00,25009.578239058712,4,67
2025-05-16,25013.1,25019.45,25008.35,25011.05,14:50:00,25009.913644862645,4,68
2025-05-16,25011.9,25016.5,25005.3,25013.4,14:55:00,25010.10282154239,4,69
2025-05-16,25023.65,25027.7,25011.65,25012.3,15:00:00,25011.393029014544,4,70
2025-05-16,25032.9,25032.9,25020.05,25023.65,15:05:00,25013.44131196554,4,71
2025-05-16,25024.2,25034.5,25023.55,25033.15,15:10:00,25014.465948921203,4,72
2025-05-16,25017.0,25025.6,25015.35,25025.45,15:15:00,25014.70728711918,4,73
2025-05-16,25015.95,25018.3,25010.8,25017.5,15:20:00,25014.82564072688,4,74
2025-05-16,25013.1,25018.9,25002.7,25015.0,15:25:00,25014.661293990983,4,75
2025-05-19,25026.5,25047.9,24967.95,25005.35,09:15:00,25014.98645607879,0,1
2025-05-19,25044.85,25047.15,25006.15,25027.85,09:20:00,25017.830603118902,0,2
2025-05-19,25014.45,25043.7,25003.35,25043.7,09:25:00,25017.508640917105,0,3
2025-05-19,25032.9,25056.55,25013.5,25014.15,09:30:00,25018.97448463929,0,4
2025-05-19,24984.5,25033.95,24983.4,25032.95,09:35:00,25015.69120038793,0,5
2025-05-19,25009.25,25022.45,24978.0,24984.65,09:40:00,25015.077752731933,0,6
2025-05-19,25018.1,25019.75,24994.55,25008.75,09:45:00,25015.365585805084,0,7
2025-05-19,25014.8,25029.3,25006.65,25018.65,09:50:00,25015.31172049032,0,8
2025-05-19,25013.1,25016.55,24996.25,25014.4,09:55:00,25015.10108044362,0,9
2025-05-19,25032.1,25035.65,25002.05,25013.65,10:00:00,25016.720025163275,0,10
2025-05-19,25042.75,25043.95,25026.45,25032.6,10:05:00,25019.19907038582,0,11
2025-05-19,25040.85,25049.4,25034.4,25042.5,10:10:00,25021.261063682407,0,12
2025-05-19,25041.1,25062.95,25038.65,25040.2,10:15:00,25023.15048618884,0,13
2025-05-19,25052.6,25055.75,25038.85,25040.4,10:20:00,25025.955201789904,0,14
2025-05-19,25024.1,25058.15,25015.65,25053.4,10:25:00,25025.77851590516,0,15
2025-05-19,25023.75,25035.65,25015.4,25024.1,10:30:00,25025.585323914187,0,16
2025-05-19,25011.7,25026.75,25011.1,25024.1,10:35:00,25024.26291211284,0,17
2025-05-19,25003.35,25018.7,25001.95,25011.8,10:40:00,25022.271206197325,0,18
2025-05-19,25012.7,25012.75,24999.45,25003.75,10:45:00,25021.35966274996,0,19
2025-05-19,25036.3,25039.9,25008.25,25012.5,10:50:00,25022.78255201187,0,20
2025-05-19,25034.8,25040.6,25032.05,25035.95,10:55:00,25023.927070867885,0,21
2025-05-19,25041.85,25042.75,25023.5,25034.9,11:00:00,25025.63401649952,0,22
2025-05-19,25039.5,25045.85,25035.25,25041.7,11:05:00,25026.954586356707,0,23
2025-05-19,25027.05,25040.9,25022.3,25039.9,11:10:00,25026.96367337036,0,24
2025-05-19,25038.0,25043.1,25024.4,25026.55,11:15:00,25028.014752096988,0,25
2025-05-19,25025.15,25039.65,25023.1,25038.05,11:20:00,25027.74191856394,0,26
2025-05-19,25026.05,25029.0,25023.0,25025.2,11:25:00,25027.58078346261,0,27
2025-05-19,25010.85,25030.35,25009.5,25026.15,11:30:00,25025.987375513792,0,28
2025-05-19,25013.3,25020.8,25008.5,25010.5,11:35:00,25024.779054036288,0,29
2025-05-19,25008.8,25017.25,25006.95,25013.0,11:40:00,25023.257239366165,0,30
2025-05-19,24999.9,25012.45,24999.4,25008.1,11:45:00,25021.032740378912,0,31
2025-05-19,25019.9,25025.1,24998.95,24999.95,11:50:00,25020.924860342824,0,32
2025-05-19,25001.75,25022.35,25000.75,25019.8,11:55:00,25019.098683167314,0,33
2025-05-19,24983.05,25003.75,24979.65,25001.6,12:00:00,25015.665475246617,0,34
2025-05-19,24987.95,24996.3,24982.1,24983.15,12:05:00,25013.02590617551,0,35
2025-05-19,24987.5,24992.7,24979.1,24988.4,12:10:00,25010.594867492127,0,36
2025-05-19,24997.05,24998.85,24972.25,24987.4,12:15:00,25009.30488011193,0,37
2025-05-19,25008.85,25012.05,24997.0,24997.85,12:20:00,25009.261558196504,0,38
2025-05-19,25010.55,25017.5,25004.45,25008.7,12:25:00,25009.38426693969,0,39
2025-05-19,25009.35,25014.45,25005.65,25009.85,12:30:00,25009.381003421626,0,40
2025-05-19,25001.7,25011.8,25000.1,25009.45,12:35:00,25008.64947928624,0,41
2025-05-19,25003.4,25007.7,24999.95,25001.55,12:40:00,25008.149528878024,0,42
2025-05-19,25005.2,25009.7,24997.85,25003.2,12:45:00,25007.86862136584,0,43
2025-05-19,25014.2,25018.6,25003.15,25004.85,12:50:00,25008.47160980718,0,44
2025-05-19,25012.1,25016.55,25010.0,25013.75,12:55:00,25008.81717077792,0,45
2025-05-19,25001.55,25016.1,24995.75,25011.25,13:00:00,25008.125059275266,0,46
2025-05-19,24983.5,25004.35,24983.35,25001.45,13:05:00,25005.779815534763,0,47
2025-05-19,24980.55,24986.0,24975.95,24983.65,13:10:00,25003.37697596002,0,48
2025-05-19,24983.05,24989.7,24974.7,24980.45,13:15:00,25001.44107348764,0,49
2025-05-19,25002.5,25006.1,24981.85,24982.35,13:20:00,25001.54192363168,0,50
2025-05-19,24996.45,25003.65,24988.8,25002.45,13:25:00,25001.0569785239,0,51
2025-05-19,24989.75,25004.0,24984.05,24996.0,13:30:00,24999.980123426383,0,52
2025-05-19,24991.45,24993.0,24981.6,24991.1,13:35:00,24999.167730719106,0,53
2025-05-19,24981.5,24992.95,24978.25,24990.85,13:40:00,24997.48508969824,0,54
2025-05-19,24974.75,24985.45,24972.0,24982.6,13:45:00,24995.31984306031,0,55
2025-05-19,24983.4,24984.8,24970.45,24977.65,13:50:00,24994.18461991172,0,56
2025-05-19,24975.0,24984.7,24972.55,24982.75,13:55:00,24992.357513253453,0,57
2025-05-19,24949.5,24977.9,24944.2,24974.45,14:00:00,24988.275845324555,0,58
2025-05-19,24940.5,24954.1,24934.9,24952.45,14:05:00,24983.725764817453,0,59
2025-05-19,24940.35,24942.25,24919.3,24942.25,14:10:00,24979.59473959674,0,60
2025-05-19,24958.7,24960.2,24935.75,24940.2,14:15:00,24977.60476439705,0,61
2025-05-19,24947.0,24960.55,24944.6,24958.75,14:20:00,24974.690024930667,0,62
2025-05-19,24938.85,24951.7,24935.1,24950.2,14:25:00,24971.276689222985,0,63
2025-05-19,24943.3,24946.55,24932.55,24938.5,14:30:00,24968.61224263032,0,64
2025-05-19,24942.5,24948.2,24938.65,24945.2,14:35:00,24966.12536237981,0,65
2025-05-19,24940.2,24949.65,24938.55,24942.15,14:40:00,24963.656280248404,0,66
2025-05-19,24929.85,24942.8,24916.65,24941.3,14:45:00,24960.43663451046,0,67
2025-05-19,24922.15,24937.35,24919.0,24931.55,14:50:00,24956.790288366607,0,68
2025-05-19,24926.45,24931.7,24921.4,24923.2,14:55:00,24953.9007370936,0,69
2025-05-19,24948.65,24958.5,24926.2,24926.95,15:00:00,24953.40066689421,0,70
2025-05-19,24945.25,24956.05,24936.25,24947.9,15:05:00,24952.624412904283,0,71
2025-05-19,24945.65,24949.5,24942.5,24945.65,15:10:00,24951.960183103874,0,72
2025-05-19,24945.4,24946.85,24940.3,24945.35,15:15:00,24951.335403760648,0,73
2025-05-19,24945.25,24947.95,24939.75,24944.85,15:20:00,24950.75584149773,0,74
2025-05-19,24935.35,24951.65,24927.45,24944.8,15:25:00,24949.288618497943,0,75
2025-05-20,24976.15,25007.65,24968.25,25000.95,09:15:00,24955.88909586793,1,1
2025-05-20,24960.0,24985.05,24936.2,24975.6,09:20:00,24956.28061054717,1,2
2025-05-20,24935.65,24971.5,24934.45,24960.6,09:25:00,24954.315790495064,1,3
2025-05-20,24935.55,24956.9,24917.35,24935.4,09:30:00,24952.52857235268,1,4
2025-05-20,24956.45,24961.7,24932.25,24935.1,09:35:00,24952.90204165242,1,5
2025-05-20,24915.75,24956.95,24914.0,24956.35,09:40:00,24949.36375197124,1,6
2025-05-20,24898.05,24916.15,24887.95,24916.15,09:45:00,24944.47672797398,1,7
2025-05-20,24873.7,24906.05,24864.05,24898.3,09:50:00,24937.736087214555,1,8
2025-05-20,24894.05,24897.45,24867.25,24873.5,09:55:00,24933.57550747984,1,9
2025-05-20,24892.5,24895.45,24874.3,24893.65,10:00:00,24929.66355438652,1,10
2025-05-20,24897.0,24909.85,24886.1,24891.9,10:05:00,24926.55273968304,1,11
2025-05-20,24899.4,24902.2,24888.6,24897.0,10:10:00,24923.96676447513,1,12
2025-05-20,24892.45,24902.6,24879.0,24899.5,10:15:00,24920.96516785845,1,13
2025-05-20,24890.9,24896.8,24889.6,24892.8,10:20:00,24918.1018185386,1,14
2025-05-20,24889.1,24902.5,24884.5,24890.85,10:25:00,24915.33974058253,1,15
2025-05-20,24895.3,24899.5,24887.4,24888.55,10:30:00,24913.4311938604,1,16
2025-05-20,24929.0,24932.0,24893.75,24894.15,10:35:00,24914.913937302263,1,17
2025-05-20,24927.0,24935.15,24922.9,24928.85,10:40:00,24916.06499089252,1,18
2025-05-20,24947.4,24967.25,24926.65,24927.25,10:45:00,24919.049277474187,1,19
2025-05-20,24927.95,24951.35,24927.8,24947.1,10:50:00,24919.896965333788,1,20
2025-05-20,24930.85,24932.65,24917.15,24928.25,10:55:00,24920.94011149248,1,21
2025-05-20,24930.5,24946.55,24920.3,24932.0,11:00:00,24921.85057706462,1,22
2025-05-20,24926.35,24935.9,24925.15,24930.95,11:05:00,24922.279093534657,1,23
2025-05-20,24920.75,24927.85,24905.95,24927.35,11:10:00,24922.133465578976,1,24
2025-05-20,24902.55,24921.05,24895.2,24921.05,11:15:00,24920.26837361908,1,25
2025-05-20,24892.55,24902.4,24888.6,24900.9,11:20:00,24917.628528512498,1,26
2025-05-20,24890.55,24905.35,24889.7,24893.15,11:25:00,24915.04962103512,1,27
2025-05-20,24894.65,24895.7,24876.7,24890.8,11:30:00,24913.106799984154,1,28
2025-05-20,24881.95,24901.15,24881.1,24894.65,11:35:00,24910.13948569995,1,29
2025-05-20,24870.3,24882.9,24865.05,24882.15,11:40:00,24906.34524896662,1,30
2025-05-20,24870.15,24879.75,24863.75,24870.3,11:45:00,24902.89808239837,1,31
2025-05-20,24858.3,24881.75,24846.5,24870.95,11:50:00,24898.65064597948,1,32
2025-05-20,24862.5,24862.75,24844.8,24859.45,11:55:00,24895.20772731476,1,33
2025-05-20,24868.95,24876.45,24859.4,24862.6,12:00:00,24892.706991380022,1,34
2025-05-20,24885.1,24887.9,24865.5,24869.1,12:05:00,24891.982516010496,1,35
2025-05-20,24859.2,24887.3,24856.35,24886.25,12:10:00,24888.860371628543,1,36
2025-05-20,24860.1,24867.75,24855.2,24862.0,12:15:00,24886.121288616305,1,37
2025-05-20,24858.35,24865.95,24854.15,24860.7,12:20:00,24883.47640398618,1,38
2025-05-20,24862.35,24866.15,24852.05,24858.85,12:25:00,24881.464365511303,1,39
2025-05-20,24866.35,24876.2,24858.8,24862.65,12:30:00,24880.02490212928,1,40
2025-05-20,24864.4,24870.95,24861.7,24866.4,12:35:00,24878.536816212203,1,41
2025-05-20,24859.6,24870.35,24849.9,24863.25,12:40:00,24876.73330990628,1,42
2025-05-20,24832.05,24865.05,24826.35,24860.65,12:45:00,24872.47775658188,1,43
2025-05-20,24809.9,24838.15,24801.75,24829.75,12:50:00,24866.51797024074,1,44
2025-05-20,24792.5,24815.9,24781.4,24810.1,12:55:00,24859.468639741623,1,45
2025-05-20,24792.95,24807.85,24788.6,24792.25,13:00:00,24853.1335311948,1,46
2025-05-20,24788.2,24814.65,24787.2,24793.6,13:05:00,24846.949385366726,1,47
2025-05-20,24790.7,24806.15,24784.05,24788.5,13:10:00,24841.592301046087,1,48
2025-05-20,24766.65,24793.25,24765.85,24790.45,13:15:00,24834.454939041698,1,49
2025-05-20,24776.0,24786.35,24766.75,24766.75,13:20:00,24828.88780199011,1,50
2025-05-20,24781.0,24789.4,24772.6,24776.25,13:25:00,24824.327058943432,1,51
2025-05-20,24781.3,24795.1,24775.55,24781.05,13:30:00,24820.22924380596,1,52
2025-05-20,24772.45,24781.95,24766.85,24781.25,13:35:00,24815.67883963396,1,53
2025-05-20,24762.2,24777.15,24750.9,24772.3,13:40:00,24810.58561681168,1,54
2025-05-20,24776.2,24783.0,24753.85,24761.8,13:45:00,24807.31079616295,1,55
2025-05-20,24775.45,24784.55,24771.9,24776.05,13:50:00,24804.27643462362,1,56
2025-05-20,24767.95,24778.15,24767.1,24775.05,13:55:00,24800.81677418328,1,57
2025-05-20,24751.2,24770.25,24746.3,24767.5,14:00:00,24796.0913671182,1,58
2025-05-20,24735.5,24752.2,24728.35,24750.75,14:05:00,24790.320760726,1,59
2025-05-20,24738.35,24743.35,24729.15,24735.4,14:10:00,24785.37116446637,1,60
2025-05-20,24727.5,24745.6,24727.5,24737.1,14:15:00,24779.859624993387,1,61
2025-05-20,24713.95,24729.7,24709.3,24727.35,14:20:00,24773.58251785116,1,62
2025-05-20,24704.1,24716.15,24701.15,24714.05,14:25:00,24766.965135198672,1,63
2025-05-20,24707.95,24708.55,24697.35,24704.0,14:30:00,24761.34464613213,1,64
2025-05-20,24707.1,24710.95,24699.9,24709.1,14:35:00,24756.17848935764,1,65
2025-05-20,24681.9,24707.1,24677.3,24707.05,14:40:00,24749.104347514058,1,66
2025-05-20,24699.15,24707.05,24679.15,24681.65,14:45:00,24744.34679060796,1,67
2025-05-20,24689.25,24706.7,24688.7,24699.8,14:50:00,24739.09947721672,1,68
2025-05-20,24677.3,24691.7,24677.0,24688.65,14:55:00,24733.21381271989,1,69
2025-05-20,24680.15,24695.2,24675.0,24677.25,15:00:00,24728.160116270377,1,70
2025-05-20,24686.2,24686.8,24670.0,24679.8,15:05:00,24724.16391472081,1,71
2025-05-20,24693.1,24703.55,24684.2,24685.45,15:10:00,24721.20544665217,1,72
2025-05-20,24676.65,24693.7,24672.05,24692.85,15:15:00,24716.962070780533,1,73
2025-05-20,24683.15,24688.9,24675.9,24676.6,15:20:00,24713.74187356334,1,74
2025-05-20,24713.85,24713.85,24682.45,24682.75,15:25:00,24713.75217131921,1,75
2025-05-21,24723.15,24765.0,24701.05,24750.15,09:15:00,24717.275133438176,2,1
2025-05-21,24706.9,24753.4,24705.6,24723.55,09:20:00,24716.28702549168,2,2
2025-05-21,24738.3,24746.05,24692.65,24706.35,09:25:00,24718.38349925437,2,3
2025-05-21,24771.75,24775.65,24722.5,24738.2,09:30:00,24723.466023134915,2,4
2025-05-21,24807.75,24808.45,24765.15,24772.6,09:35:00,24731.49306855064,2,5
2025-05-21,24796.65,24816.7,24791.65,24807.95,09:40:00,24737.69849059344,2,6
2025-05-21,24829.25,24839.55,24794.3,24795.7,09:45:00,24746.417681965493,2,7
2025-05-21,24842.05,24844.0,24818.6,24830.65,09:50:00,24755.525521778305,2,8
2025-05-21,24815.9,24843.45,24807.25,24841.5,09:55:00,24761.275472085134,2,9
2025-05-21,24832.35,24841.45,24811.25,24815.85,10:00:00,24768.04447474369,2,10
2025-05-21,24860.15,24861.35,24827.4,24833.15,10:05:00,24776.81642953001,2,11
2025-05-21,24869.2,24869.65,24852.25,24860.05,10:10:00,24785.614864812866,2,12
2025-05-21,24893.15,24905.25,24869.85,24869.85,10:15:00,24795.85630625926,2,13
2025-05-21,24905.95,24911.35,24892.8,24892.8,10:20:00,24806.34141994885,2,14
2025-05-21,24893.65,24914.15,24884.0,24906.35,10:25:00,24814.656522810867,2,15
2025-05-21,24904.25,24905.05,24892.85,24893.6,10:30:00,24823.18923492412,2,16
2025-05-21,24933.35,24945.4,24904.3,24904.3,10:35:00,24833.680736359915,2,17
2025-05-21,24916.1,24943.95,24914.1,24932.95,10:40:00,24841.530190039924,2,18
2025-05-21,24923.15,24923.4,24905.95,24916.2,10:45:00,24849.30350527422,2,19
2025-05-21,24915.85,24936.05,24912.9,24923.55,10:50:00,24855.64126667668,2,20
2025-05-21,24914.8,24928.65,24909.05,24916.15,10:55:00,24861.27543175509,2,21
2025-05-21,24878.8,24921.45,24878.8,24915.05,11:00:00,24862.944438254603,2,22
2025-05-21,24902.6,24903.4,24858.05,24878.6,11:05:00,24866.72115842083,2,23
2025-05-21,24896.7,24917.0,24894.55,24902.6,11:10:00,24869.57628619028,2,24
2025-05-21,24909.4,24912.55,24893.8,24896.95,11:15:00,24873.36902083882,2,25
2025-05-21,24869.9,24914.4,24869.0,24909.45,11:20:00,24873.03863790179,2,26
2025-05-21,24871.0,24886.15,24865.8,24869.75,11:25:00,24872.844481911143,2,27
2025-05-21,24851.55,24875.2,24845.8,24871.3,11:30:00,24870.816436014848,2,28
2025-05-21,24863.5,24866.45,24833.6,24851.65,11:35:00,24870.11963258486,2,29
2025-05-21,24853.35,24878.85,24852.3,24863.75,11:40:00,24868.52252471964,2,30
2025-05-21,24823.7,24854.85,24819.0,24853.05,11:45:00,24864.25371284157,2,31
2025-05-21,24826.85,24834.3,24812.4,24823.6,11:50:00,24860.69145447572,2,32
2025-05-21,24827.85,24834.8,24825.4,24826.7,11:55:00,24857.5636969066,2,33
2025-05-21,24781.55,24829.35,24780.45,24828.55,12:00:00,24850.32429720121,2,34
2025-05-21,24778.55,24794.4,24777.35,24780.15,12:05:00,24843.48864984871,2,35
2025-05-21,24733.45,24781.0,24727.1,24779.15,12:10:00,24833.008778434545,2,36
2025-05-21,24713.25,24736.55,24685.95,24735.45,12:15:00,24821.6031804884,2,37
2025-05-21,24760.25,24767.4,24710.15,24713.7,12:20:00,24815.760020441885,2,38
2025-05-21,24742.5,24762.0,24717.0,24760.3,12:25:00,24808.7828756379,2,39
2025-05-21,24766.55,24775.0,24742.5,24743.05,12:30:00,24804.76069700572,2,40
2025-05-21,24795.7,24808.5,24763.0,24766.15,12:35:00,24803.897773481363,2,41
2025-05-21,24780.3,24803.4,24776.75,24796.1,12:40:00,24801.65036648314,2,42
2025-05-21,24771.7,24785.55,24751.55,24780.15,12:45:00,24798.7979506276,2,43
2025-05-21,24737.45,24774.75,24737.3,24773.2,12:50:00,24792.95528866307,2,44
2025-05-21,24776.6,24780.4,24736.3,24737.35,12:55:00,24791.39764212373,2,45
2025-05-21,24789.2,24790.05,24767.35,24775.6,13:00:00,24791.18834287385,2,46
2025-05-21,24783.65,24802.35,24778.15,24789.25,13:05:00,24790.47040545729,2,47
2025-05-21,24799.7,24804.15,24780.8,24784.35,13:10:00,24791.34941446136,2,48
2025-05-21,24826.55,24831.05,24793.2,24800.05,13:15:00,24794.701851179325,2,49
2025-05-21,24812.1,24839.35,24810.15,24826.35,13:20:00,24796.358817733675,2,50
2025-05-21,24775.1,24815.4,24775.1,24812.05,13:25:00,24794.334168425707,2,51
2025-05-21,24801.95,24802.75,24776.1,24776.1,13:30:00,24795.05948571849,2,52
2025-05-21,24786.45,24815.15,24769.0,24801.85,13:35:00,24794.239534697685,2,53
2025-05-21,24762.8,24788.6,24758.5,24786.35,13:40:00,24791.245293297903,2,54
2025-05-21,24784.55,24785.2,24761.15,24762.6,13:45:00,24790.607646317152,2,55
2025-05-21,24784.3,24787.6,24773.7,24784.9,13:50:00,24790.00691809647,2,56
2025-05-21,24776.9,24793.8,24774.75,24785.0,13:55:00,24788.75864018252,2,57
2025-05-21,24746.55,24780.5,24740.8,24777.3,14:00:00,24784.738769688945,2,58
2025-05-21,24770.45,24771.95,24746.65,24746.65,14:05:00,24783.37793448047,2,59
2025-05-21,24799.2,24799.2,24763.35,24771.55,14:10:00,24784.884797863284,2,60
2025-05-21,24793.7,24804.05,24789.35,24799.1,14:15:00,24785.724340923924,2,61
2025-05-21,24803.05,24819.35,24792.0,24794.9,14:20:00,24787.37440369308,2,62
2025-05-21,24808.75,24813.3,24798.25,24803.7,14:25:00,24789.410174769924,2,63
2025-05-21,24808.8,24818.95,24803.85,24808.75,14:30:00,24791.256824791835,2,64
2025-05-21,24807.2,24819.6,24802.95,24807.95,14:35:00,24792.775222430708,2,65
2025-05-21,24785.55,24813.0,24780.65,24807.0,14:40:00,24792.08710600873,2,66
2025-05-21,24799.05,24806.0,24785.95,24786.1,14:45:00,24792.750238769808,2,67
2025-05-21,24810.95,24813.9,24790.15,24798.7,14:50:00,24794.48354936316,2,68
2025-05-21,24807.0,24812.9,24796.35,24810.35,14:55:00,24795.67559228096,2,69
2025-05-21,24816.75,24828.45,24807.2,24807.6,15:00:00,24797.682678730387,2,70
2025-05-21,24829.35,24829.85,24815.0,24816.7,15:05:00,24800.6986140894,2,71
2025-05-21,24809.4,24828.4,24803.65,24828.4,15:10:00,24801.52731750945,2,72
2025-05-21,24811.45,24815.7,24806.5,24809.25,15:15:00,24802.472334889502,2,73
2025-05-21,24797.45,24819.95,24794.85,24811.05,15:20:00,24801.994017280984,2,74
2025-05-21,24800.4,24806.5,24796.5,24796.65,15:25:00,24801.842206111367,2,75
2025-05-22,24643.05,24732.35,24627.85,24732.35,09:15:00,24780.86901679412,3,1
2025-05-22,24580.55,24644.7,24574.9,24644.7,09:20:00,24761.791015194674,3,2
2025-05-22,24590.5,24614.0,24574.8,24580.6,09:25:00,24745.477585176133,3,3
2025-05-22,24548.95,24591.45,24546.6,24591.45,09:30:00,24726.76067230221,3,4
2025-05-22,24575.25,24603.75,24542.1,24548.75,09:35:00,24712.33108446391,3,5
2025-05-22,24589.95,24616.05,24564.3,24574.8,09:40:00,24700.675743086395,3,6
2025-05-22,24576.4,24593.05,24556.65,24590.5,09:45:00,24688.83995803055,3,7
2025-05-22,24589.3,24599.1,24559.8,24574.65,09:50:00,24679.35996202764,3,8
2025-05-22,24629.65,24629.65,24571.35,24588.15,09:55:00,24674.625679929766,3,9
2025-05-22,24609.05,24631.7,24602.3,24631.65,10:00:00,24668.38037707932,3,10
2025-05-22,24594.95,24609.8,24580.2,24606.1,10:05:00,24661.387007833662,3,11
2025-05-22,24606.05,24612.65,24587.6,24593.85,10:10:00,24656.11681661141,3,12
2025-05-22,24609.7,24621.0,24601.15,24606.45,10:15:00,24651.69616741033,3,13
2025-05-22,24613.55,24622.8,24602.75,24610.85,10:20:00,24648.063199085533,3,14
2025-05-22,24580.25,24615.65,24571.15,24613.45,10:25:00,24641.604799172623,3,15
2025-05-22,24599.4,24599.4,24576.6,24580.75,10:30:00,24637.58529448952,3,16
2025-05-22,24603.5,24628.6,24598.85,24600.05,10:35:00,24634.33907596671,3,17
2025-05-22,24605.55,24622.8,24603.15,24604.1,10:40:00,24631.59725920797,3,18
2025-05-22,24599.15,24613.05,24594.1,24606.8,10:45:00,24628.50704404532,3,19
2025-05-22,24600.1,24611.3,24597.95,24599.4,10:50:00,24625.80161127909,3,20
2025-05-22,24605.15,24611.75,24593.3,24600.4,10:55:00,24623.83479115727,3,21
2025-05-22,24594.2,24610.25,24593.25,24605.9,11:00:00,24621.01243009468,3,22
2025-05-22,24600.05,24603.7,24588.15,24594.5,11:05:00,24619.016008180894,3,23
2025-05-22,24594.6,24605.0,24594.15,24600.35,11:10:00,24616.690674068428,3,24
2025-05-22,24599.7,24604.3,24594.55,24594.65,11:15:00,24615.07251463334,3,25
2025-05-22,24586.05,24599.95,24579.2,24599.35,11:20:00,24612.30846562064,3,26
2025-05-22,24595.5,24598.8,24584.25,24585.9,11:25:00,24610.70765937106,3,27
2025-05-22,24590.35,24598.65,24587.9,24595.65,11:30:00,24608.768834669056,3,28
2025-05-22,24559.55,24593.35,24548.75,24590.85,11:35:00,24604.081326605337,3,29
2025-05-22,24560.65,24565.05,24543.05,24559.0,11:40:00,24599.945009785784,3,30
2025-05-22,24572.6,24578.25,24557.6,24558.9,11:45:00,24597.34072313952,3,31
2025-05-22,24595.0,24607.5,24573.2,24573.3,11:50:00,24597.11779712623,3,32
2025-05-22,24589.75,24596.35,24578.5,24595.55,11:55:00,24596.416102161827,3,33
2025-05-22,24594.7,24599.0,24583.25,24589.8,12:00:00,24596.2526638607,3,34
2025-05-22,24576.05,24596.05,24576.05,24594.9,12:05:00,24594.328600635872,3,35
2025-05-22,24572.8,24581.25,24569.55,24576.75,12:10:00,24592.27825771817,3,36
2025-05-22,24557.3,24574.65,24555.65,24572.75,12:15:00,24588.946995078342,3,37
2025-05-22,24552.25,24569.0,24549.8,24558.0,12:20:00,24585.45204316612,3,38
2025-05-22,24552.7,24563.45,24548.9,24552.2,12:25:00,24582.332800959823,3,39
2025-05-22,24554.45,24571.9,24551.5,24553.7,12:30:00,24579.677296106507,3,40
2025-05-22,24562.7,24565.15,24554.9,24555.85,12:35:00,24578.060410763028,3,41
2025-05-22,24558.7,24565.7,24553.65,24562.9,12:40:00,24576.21656211893,3,42
2025-05-22,24528.2,24559.0,24523.35,24558.65,12:45:00,24571.64355620284,3,43
2025-05-22,24516.95,24537.3,24513.7,24525.3,12:50:00,24566.434646088288,3,44
2025-05-22,24523.85,24528.45,24509.35,24517.0,12:55:00,24562.37896550845,3,45
2025-05-22,24521.75,24526.15,24516.45,24523.7,13:00:00,24558.50954022193,3,46
2025-05-22,24513.95,24521.85,24511.95,24521.85,13:05:00,24554.26577448652,3,47
2025-05-22,24539.65,24543.0,24512.75,24513.85,13:10:00,24552.87379596399,3,48
2025-05-22,24534.7,24548.9,24531.3,24540.45,13:15:00,24551.14295825313,3,49
2025-05-22,24550.95,24554.1,24534.6,24535.95,13:20:00,24551.124581276646,3,50
2025-05-22,24551.65,24554.45,24542.6,24550.7,13:25:00,24551.17462115506,3,51
2025-05-22,24552.9,24556.6,24543.9,24553.65,13:30:00,24551.338942949813,3,52
2025-05-22,24540.95,24554.3,24539.9,24553.1,13:35:00,24550.34951981173,3,53
2025-05-22,24524.2,24540.95,24518.2,24540.65,13:40:00,24547.85908935347,3,54
2025-05-22,24528.35,24534.85,24523.1,24524.65,13:45:00,24546.001080843616,3,55
2025-05-22,24520.45,24528.3,24515.05,24527.35,13:50:00,24543.567644572795,3,56
2025-05-22,24525.35,24530.2,24518.9,24520.6,13:55:00,24541.83263080396,3,57
2025-05-22,24536.9,24539.55,24522.6,24525.35,14:00:00,24541.36285644168,3,58
2025-05-22,24519.6,24537.3,24518.55,24536.3,14:05:00,24539.29020344723,3,59
2025-05-22,24529.8,24531.0,24519.2,24519.2,14:10:00,24538.386374547496,3,60
2025-05-22,24491.85,24530.25,24483.65,24529.3,14:15:00,24533.954338876305,3,61
2025-05-22,24481.75,24499.9,24475.6,24489.55,14:20:00,24528.98249707856,3,62
2025-05-22,24492.35,24494.15,24476.55,24483.3,14:25:00,24525.493687832983,3,63
2025-05-22,24483.4,24497.45,24474.3,24492.25,14:30:00,24521.484765182224,3,64
2025-05-22,24500.8,24502.2,24464.15,24484.4,14:35:00,24519.514787545824,3,65
2025-05-22,24557.55,24577.55,24502.1,24502.1,14:40:00,24523.137188731936,3,66
2025-05-22,24576.4,24580.05,24512.7,24557.8,14:45:00,24528.20983742413,3,67
2025-05-22,24565.55,24575.0,24545.75,24575.0,14:50:00,24531.766043383737,3,68
2025-05-22,24616.8,24639.85,24562.05,24566.5,14:55:00,24539.86451544243,3,69
2025-05-22,24595.3,24617.6,24594.9,24616.3,15:00:00,24545.14408540029,3,70
2025-05-22,24618.95,24619.35,24594.0,24594.95,15:05:00,24552.17322012408,3,71
2025-05-22,24606.25,24619.25,24601.35,24619.05,15:10:00,24557.32338963608,3,72
2025-05-22,24614.8,24616.4,24597.5,24606.35,15:15:00,24562.79735252788,3,73
2025-05-22,24624.8,24628.95,24598.6,24615.1,15:20:00,24568.70236657284,3,74
2025-05-22,24637.0,24647.15,24622.8,24622.8,15:25:00,24575.20690308971,3,75
2025-05-23,24626.4,24663.75,24614.65,24643.85,09:15:00,24585.62243087389,4,1
2025-05-23,24719.2,24720.85,24625.85,24626.5,09:20:00,24598.344104124,4,2
2025-05-23,24713.8,24732.7,24705.3,24719.95,09:25:00,24609.33990373124,4,3
2025-05-23,24746.9,24751.65,24696.1,24714.0,09:30:00,24622.44086528064,4,4
2025-05-23,24750.45,24773.0,24742.05,24746.4,09:35:00,24634.63221144439,4,5
2025-05-23,24781.4,24784.55,24746.3,24749.9,09:40:00,24648.610096068733,4,6
2025-05-23,24780.75,24795.3,24763.25,24780.95,09:45:00,24661.19484882409,4,7
2025-05-23,24804.1,24806.4,24768.3,24781.4,09:50:00,24674.8048632218,4,8
2025-05-23,24796.0,24805.9,24783.8,24805.4,09:55:00,24686.34725720068,4,9
2025-05-23,24809.55,24818.7,24785.15,24795.45,10:00:00,24698.08085175299,4,10
2025-05-23,24817.35,24817.35,24800.7,24808.95,10:05:00,24709.439818252707,4,11
2025-05-23,24818.1,24826.35,24798.7,24818.3,10:10:00,24719.78840699055,4,12
2025-05-23,24793.1,24820.55,24791.5,24817.45,10:15:00,24726.77046346764,4,13
2025-05-23,24773.85,24796.0,24773.75,24792.25,10:20:00,24731.25422885168,4,14
2025-05-23,24774.7,24795.3,24768.05,24773.6,10:25:00,24735.391921342,4,15
2025-05-23,24753.25,24778.95,24753.25,24774.6,10:30:00,24737.092690737994,4,16
2025-05-23,24786.95,24790.6,24748.55,24753.15,10:35:00,24741.841005905804,4,17
2025-05-23,24813.7,24814.35,24785.35,24785.4,10:40:00,24748.684719629066,4,18
2025-05-23,24876.85,24878.75,24807.9,24814.1,10:45:00,24760.890936807245,4,19
2025-05-23,24878.25,24895.65,24875.95,24876.7,10:50:00,24772.067990444648,4,20
2025-05-23,24889.6,24908.85,24877.45,24878.35,10:55:00,24783.26151516421,4,21
2025-05-23,24888.1,24899.3,24884.15,24892.3,11:00:00,24793.246132767614,4,22
2025-05-23,24884.75,24891.0,24874.85,24888.1,11:05:00,24801.960786789747,4,23
2025-05-23,24890.1,24902.35,24879.5,24884.1,11:10:00,24810.35499757168,4,24
2025-05-23,24867.5,24894.4,24864.75,24890.8,11:15:00,24815.797378755324,4,25
2025-05-23,24860.85,24875.55,24857.35,24868.25,11:20:00,24820.08810458815,4,26
2025-05-23,24882.0,24886.3,24854.15,24861.45,11:25:00,24825.98447557976,4,27
2025-05-23,24886.05,24903.4,24879.35,24884.15,11:30:00,24831.705001715018,4,28
2025-05-23,24869.2,24889.55,24868.3,24888.9,11:35:00,24835.27595393264,4,29
2025-05-23,24868.6,24872.5,24861.8,24868.75,11:40:00,24838.44967260572,4,30
2025-05-23,24804.3,24872.9,24804.3,24871.3,11:45:00,24835.197322833745,4,31
2025-05-23,24841.95,24845.25,24805.4,24805.5,11:50:00,24835.840434944817,4,32
2025-05-23,24837.45,24849.8,24827.55,24841.25,11:55:00,24835.993726854835,4,33
2025-05-23,24845.15,24850.05,24835.7,24836.95,12:00:00,24836.86575286866,4,34
2025-05-23,24845.5,24851.85,24838.1,24844.65,12:05:00,24837.688062119265,4,35
2025-05-23,24834.75,24846.2,24819.8,24844.65,12:10:00,24837.408246679337,4,36
2025-05-23,24843.6,24845.6,24828.85,24834.7,12:15:00,24837.99793747178,4,37
2025-05-23,24869.35,24873.9,24842.0,24844.3,12:20:00,24840.98384818876,4,38
2025-05-23,24869.5,24871.65,24855.25,24869.95,12:25:00,24843.699672170776,4,39
2025-05-23,24883.7,24886.05,24865.45,24870.7,12:30:00,24847.50922720213,4,40
2025-05-23,24881.0,24901.35,24879.35,24883.35,12:35:00,24850.69882461145,4,41
2025-05-23,24869.8,24891.65,24869.4,24881.25,12:40:00,24852.517984172264,4,42
2025-05-23,24885.8,24887.25,24870.0,24870.0,12:45:00,24855.68769996538,4,43
2025-05-23,24887.6,24898.2,24879.95,24885.2,12:50:00,24858.726966635342,4,44
2025-05-23,24880.9,24892.75,24880.5,24887.6,12:55:00,24860.83868409864,4,45
2025-05-23,24889.4,24893.35,24879.5,24881.9,13:00:00,24863.558809422582,4,46
2025-05-23,24891.8,24902.0,24887.05,24890.35,13:05:00,24866.24844662044,4,47
2025-05-23,24877.45,24892.5,24874.65,24892.3,13:10:00,24867.31526122801,4,48
2025-05-23,24886.2,24891.05,24873.75,24876.7,13:15:00,24869.11380777772,4,49
2025-05-23,24891.95,24895.85,24885.2,24886.9,13:20:00,24871.288683227463,4,50
2025-05-23,24884.15,24898.4,24883.2,24892.05,13:25:00,24872.513570539137,4,51
2025-05-23,24880.85,24892.05,24871.2,24884.6,13:30:00,24873.30751620208,4,52
2025-05-23,24878.55,24889.15,24870.0,24878.8,13:35:00,24873.806800373302,4,53
2025-05-23,24851.0,24883.25,24841.7,24878.8,13:40:00,24871.63472414728,4,54
2025-05-23,24853.55,24867.8,24838.05,24850.35,13:45:00,24869.912369466583,4,55
2025-05-23,24870.8,24883.2,24852.8,24854.0,13:50:00,24869.996905707863,4,56
2025-05-23,24875.9,24879.7,24863.15,24870.0,13:55:00,24870.55910516425,4,57
2025-05-23,24884.45,24894.05,24875.8,24876.15,14:00:00,24871.882047529565,4,58
2025-05-23,24878.35,24887.9,24877.15,24884.7,14:05:00,24872.49804300294,4,59
2025-05-23,24869.1,24881.55,24863.6,24878.4,14:10:00,24872.174419859803,4,60
2025-05-23,24869.4,24872.65,24857.1,24868.85,14:15:00,24871.910189396964,4,61
2025-05-23,24869.7,24875.25,24860.1,24869.4,14:20:00,24871.69969516868,4,62
2025-05-23,24872.65,24884.15,24868.5,24869.15,14:25:00,24871.79020039071,4,63
2025-05-23,24866.35,24873.9,24864.5,24872.7,14:30:00,24871.272086067787,4,64
2025-05-23,24853.85,24870.75,24847.65,24866.15,14:35:00,24869.61283977562,4,65
2025-05-23,24835.65,24862.85,24833.75,24855.05,14:40:00,24866.37828360651,4,66
2025-05-23,24847.25,24852.5,24832.1,24834.75,14:45:00,24864.556542310653,4,67
2025-05-23,24822.75,24849.65,24819.3,24847.25,14:50:00,24860.57496685249,4,68
2025-05-23,24836.25,24837.75,24821.05,24823.25,14:55:00,24858.258303342733,4,69
2025-05-23,24857.3,24858.4,24836.35,24836.35,15:00:00,24858.16703635771,4,70
2025-05-23,24850.85,24864.0,24849.2,24857.6,15:05:00,24857.470175752216,4,71
2025-05-23,24850.75,24854.95,24842.8,24850.65,15:10:00,24856.83015901391,4,72
2025-05-23,24855.95,24857.0,24846.85,24850.5,15:15:00,24856.74633434592,4,73
2025-05-23,24854.05,24862.1,24852.65,24856.45,15:20:00,24856.489540598686,4,74
2025-05-23,24845.15,24856.6,24842.9,24852.5,15:25:00,24855.4095843512,4,75
2025-05-26,25003.65,25014.15,24908.5,24919.5,09:15:00,24875.03732415143,0,1
2025-05-26,25017.45,25039.3,25005.2,25005.2,09:20:00,24888.600436137007,0,2
2025-05-26,25040.5,25048.55,25006.4,25015.8,09:25:00,24903.06706126681,0,3
2025-05-26,25044.9,25054.8,25031.5,25040.05,09:30:00,24916.574960193782,0,4
2025-05-26,25050.45,25051.9,25024.35,25046.0,09:35:00,24929.32496398485,0,5
2025-05-26,25043.55,25049.85,25028.45,25049.85,09:40:00,24940.20353884344,0,6
2025-05-26,25063.05,25079.05,25041.25,25041.25,09:45:00,24951.90320181073,0,7
2025-05-26,25064.45,25073.9,25054.65,25063.5,09:50:00,24962.621944495422,0,8
2025-05-26,25061.95,25067.45,25049.5,25065.3,09:55:00,24972.08175930538,0,9
2025-05-26,25046.65,25065.9,25042.35,25062.5,10:00:00,24979.1834965144,0,10
2025-05-26,25045.55,25056.4,25035.15,25047.9,10:05:00,24985.50411589397,0,11
2025-05-26,25044.15,25059.4,25039.9,25045.1,10:10:00,24991.08943818979,0,12
2025-05-26,25015.5,25048.25,25014.25,25043.9,10:15:00,24993.414253600287,0,13
2025-05-26,25021.1,25029.45,24998.9,25015.3,10:20:00,24996.05099135264,0,14
2025-05-26,24975.2,25021.2,24938.8,25020.3,10:25:00,24994.065182652383,0,15
2025-05-26,24956.8,24975.8,24948.1,24974.65,10:30:00,24990.51611763787,0,16
2025-05-26,24945.6,24957.5,24910.5,24956.5,10:35:00,24986.23839214855,0,17
2025-05-26,24969.4,24976.75,24931.7,24948.05,10:40:00,24984.634735753447,0,18
2025-05-26,24962.15,24992.2,24950.95,24970.2,10:45:00,24982.49333234836,0,19
2025-05-26,24970.15,24976.55,24960.95,24962.55,10:50:00,24981.317776886608,0,20
2025-05-26,24980.3,24992.3,24965.1,24969.95,10:55:00,24981.22084575455,0,21
2025-05-26,24972.3,24983.4,24966.55,24980.4,11:00:00,24980.371241396973,0,22
2025-05-26,24969.4,24976.8,24960.0,24972.55,11:05:00,24979.326361263928,0,23
2025-05-26,24972.75,24973.0,24963.25,24969.45,11:10:00,24978.70004114355,0,24
2025-05-26,24999.0,25009.85,24972.75,24972.75,11:15:00,24980.63337055845,0,25
2025-05-26,24995.35,25024.4,24990.4,24999.2,11:20:00,24982.03495431479,0,26
2025-05-26,24974.5,24995.95,24961.65,24995.95,11:25:00,24981.31733961814,0,27
2025-05-26,24977.4,24980.45,24968.4,24974.35,11:30:00,24980.94425965451,0,28
2025-05-26,24965.25,24977.2,24954.1,24977.2,11:35:00,24979.44956825884,0,29
2025-05-26,24973.7,24977.55,24964.9,24964.9,11:40:00,24978.901990329425,0,30
2025-05-26,24979.5,24987.7,24972.4,24973.65,11:45:00,24978.958943631384,0,31
2025-05-26,24995.6,24997.4,24978.4,24979.3,11:50:00,24980.54380614268,0,32
2025-05-26,24999.05,25011.35,24988.4,24995.1,11:55:00,24982.30630079576,0,33
2025-05-26,25007.15,25007.15,24991.55,25000.0,12:00:00,24984.67236738664,0,34
2025-05-26,24987.4,25007.85,24987.4,25006.05,12:05:00,24984.932141921243,0,35
2025-05-26,24989.8,24998.35,24980.45,24987.5,12:10:00,24985.395747452552,0,36
2025-05-26,24984.6,24988.1,24972.0,24987.8,12:15:00,24985.31996198088,0,37
2025-05-26,24981.85,24993.95,24980.1,24983.4,12:20:00,24984.98948941128,0,38
2025-05-26,25007.4,25013.8,24978.95,24981.55,12:25:00,24987.12382375306,0,39
2025-05-26,24998.05,25010.3,24992.65,25006.2,12:30:00,24988.164411967053,0,40
2025-05-26,24997.6,25002.2,24991.25,24998.05,12:35:00,24989.063039398763,0,41
2025-05-26,24968.4,25003.45,24968.4,24997.35,12:40:00,24987.0951308846,0,42
2025-05-26,24968.3,24977.05,24963.15,24967.35,12:45:00,24985.3051184194,0,43
2025-05-26,24957.6,24972.25,24957.0,24967.3,12:50:00,24982.6665357128,0,44
2025-05-26,24967.35,24968.3,24939.45,24956.65,12:55:00,24981.207818025858,0,45
2025-05-26,24973.4,24977.65,24965.95,24966.75,13:00:00,24980.464216309112,0,46
2025-05-26,24988.5,24992.1,24971.9,24972.7,13:05:00,24981.22952904157,0,47
2025-05-26,24981.9,24989.05,24978.05,24988.5,13:10:00,24981.293383418568,0,48
2025-05-26,24976.8,24982.55,24972.35,24980.6,13:15:00,24980.86544214061,0,49
2025-05-26,24973.3,24986.85,24969.95,24976.4,13:20:00,24980.144923841504,0,50
2025-05-26,24973.05,24979.1,24968.0,24973.05,13:25:00,24979.469216808982,0,51
2025-05-26,24980.15,24984.3,24967.85,24971.7,13:30:00,24979.534053303363,0,52
2025-05-26,24989.7,24990.75,24979.85,24979.85,13:35:00,24980.502238703044,0,53
2025-05-26,25001.2,25009.2,24988.75,24990.3,13:40:00,24982.473454064657,0,54
2025-05-26,25002.85,25004.7,24993.0,25000.7,13:45:00,24984.414077487072,0,55
2025-05-26,25000.9,25003.4,24992.25,25002.3,13:50:00,24985.98416534545,0,56
2025-05-26,24989.15,25013.35,24989.15,24999.6,13:55:00,24986.285673407787,0,57
2025-05-26,24985.65,25000.65,24984.95,24989.65,14:00:00,24986.22513308324,0,58
2025-05-26,24995.1,24997.45,24976.75,24984.75,14:05:00,24987.07035850388,0,59
2025-05-26,25001.0,25004.1,24994.25,24994.25,14:10:00,24988.39699102732,0,60
2025-05-26,24990.45,25001.15,24982.9,24999.6,14:15:00,24988.592515691384,0,61
2025-05-26,24978.35,24991.8,24969.25,24989.35,14:20:00,24987.617038006487,0,62
2025-05-26,24985.1,24988.05,24972.4,24972.4,14:25:00,24987.377320101103,0,63
2025-05-26,25003.6,25004.15,24979.8,24984.05,14:30:00,24988.922337234333,0,64
2025-05-26,24990.6,25004.85,24987.95,25003.4,14:35:00,24989.082114640587,0,65
2025-05-26,24993.95,25000.35,24987.05,24988.95,14:40:00,24989.545722770054,0,66
2025-05-26,24984.4,24998.35,24983.15,24993.3,14:45:00,24989.05565393481,0,67
2025-05-26,25001.5,25004.7,24984.45,24984.55,14:50:00,24990.240829750543,0,68
2025-05-26,25004.6,25013.45,24993.35,25000.4,14:55:00,24991.6083697743,0,69
2025-05-26,25002.25,25019.65,24998.75,25004.45,15:00:00,24992.621858367227,0,70
2025-05-26,25007.95,25008.8,24999.3,25000.4,15:05:00,24994.08168137988,0,71
2025-05-26,25004.45,25010.85,24999.95,25007.1,15:10:00,24995.06914029608,0,72
2025-05-26,25001.3,25006.8,24994.9,25002.9,15:15:00,24995.66255550597,0,73
2025-05-26,24999.5,25002.95,24993.95,25002.05,15:20:00,24996.028026410164,0,74
2025-05-26,24996.35,25004.05,24992.6,24999.4,15:25:00,24996.05869056157,0,75
2025-05-27,24874.3,24969.55,24865.7,24957.75,09:15:00,24981.06686460936,1,1
2025-05-27,24790.65,24876.35,24771.0,24876.2,09:20:00,24962.93192512276,1,2
2025-05-27,24790.45,24813.5,24784.15,24790.05,09:25:00,24946.505075111065,1,3
2025-05-27,24810.55,24838.3,24766.35,24791.9,09:30:00,24933.556972719536,1,4
2025-05-27,24830.65,24841.65,24795.0,24810.55,09:35:00,24923.75630865101,1,5
2025-05-27,24825.7,24836.95,24804.1,24830.35,09:40:00,24914.417612589008,1,6
2025-05-27,24782.3,24827.35,24781.75,24826.05,09:45:00,24901.834982818626,1,7
2025-05-27,24786.2,24800.1,24772.1,24783.1,09:50:00,24890.822127312087,1,8
2025-05-27,24760.4,24803.85,24751.4,24785.55,09:55:00,24878.400972329982,1,9
2025-05-27,24763.2,24767.75,24737.75,24760.7,10:00:00,24867.4294511557,1,10
2025-05-27,24780.9,24784.05,24754.0,24762.55,10:05:00,24859.18855104563,1,11
2025-05-27,24777.1,24791.45,24759.55,24781.1,10:10:00,24851.37059380319,1,12
2025-05-27,24764.45,24779.75,24753.45,24776.9,10:15:00,24843.09244201241,1,13
2025-05-27,24760.65,24771.15,24753.05,24764.3,10:20:00,24835.24078086837,1,14
2025-05-27,24755.7,24776.35,24752.45,24760.3,10:25:00,24827.66546840472,1,15
2025-05-27,24775.4,24779.25,24751.35,24756.3,10:30:00,24822.687804747125,1,16
2025-05-27,24775.7,24798.85,24767.35,24776.45,10:35:00,24818.21277572359,1,17
2025-05-27,24761.3,24781.3,24758.7,24775.8,10:40:00,24812.792511368963,1,18
2025-05-27,24761.25,24768.2,24754.25,24762.55,10:45:00,24807.883700762395,1,19
2025-05-27,24778.8,24783.15,24758.55,24761.4,10:50:00,24805.11382449932,1,20
2025-05-27,24779.7,24803.25,24770.85,24778.65,10:55:00,24802.69346026128,1,21
2025-05-27,24872.8,24873.0,24772.6,24779.7,11:00:00,24809.37027356973,1,22
2025-05-27,24868.15,24960.2,24825.1,24876.35,11:05:00,24814.968342753567,1,23
2025-05-27,24877.65,24888.05,24842.65,24870.2,11:10:00,24820.938024396084,1,24
2025-05-27,24913.85,24930.75,24880.65,24880.65,11:15:00,24829.786783977408,1,25
2025-05-27,24946.25,24946.25,24888.6,24913.45,11:20:00,24840.8785188367,1,26
2025-05-27,25012.55,25012.55,24942.0,24942.45,11:25:00,24857.2281837094,1,27
2025-05-27,25021.55,25062.4,25001.2,25013.3,11:30:00,24872.87788049897,1,28
2025-05-27,24976.6,25028.0,24925.4,25022.45,11:35:00,24882.75617759432,1,29
2025-05-27,24968.95,24978.55,24940.4,24974.5,11:40:00,24890.965113061524,1,30
2025-05-27,24930.3,24976.2,24913.1,24968.15,11:45:00,24894.71129276995,1,31
2025-05-27,24946.55,24946.55,24908.0,24931.1,11:50:00,24899.648312506142,1,32
2025-05-27,24948.05,24977.05,24935.9,24947.85,11:55:00,24904.257997029366,1,33
2025-05-27,24953.95,24971.1,24926.6,24948.15,12:00:00,24908.990568740854,1,34
2025-05-27,24950.05,24965.05,24936.7,24954.85,12:05:00,24912.90099076553,1,35
2025-05-27,24957.45,24967.45,24942.1,24950.05,12:10:00,24917.14375354977,1,36
2025-05-27,24934.65,24962.75,24923.4,24957.4,12:15:00,24918.811015116466,1,37
2025-05-27,24894.95,24940.1,24881.8,24935.45,12:20:00,24916.538537486325,1,38
2025-05-27,24856.3,24908.55,24835.15,24895.9,12:25:00,24910.8015339162,1,39
2025-05-27,24885.3,24888.7,24819.95,24854.05,12:30:00,24908.37281640037,1,40
2025-05-27,24854.05,24885.7,24850.4,24884.6,12:35:00,24903.19921483843,1,41
2025-05-27,24860.4,24866.45,24835.7,24854.55,12:40:00,24899.12309913953,1,42
2025-05-27,24848.85,24881.3,24844.5,24857.35,12:45:00,24894.335184935768,1,43
2025-05-27,24849.35,24857.7,24824.6,24850.15,12:50:00,24890.05088160855,1,44
2025-05-27,24824.25,24851.2,24820.55,24849.35,12:55:00,24883.78413097917,1,45
2025-05-27,24814.85,24833.6,24802.7,24824.15,13:00:00,24877.21897564781,1,46
2025-05-27,24823.65,24823.85,24800.8,24814.8,13:05:00,24872.117168443263,1,47
2025-05-27,24829.85,24837.1,24817.85,24822.0,13:10:00,24868.09172382962,1,48
2025-05-27,24816.5,24848.25,24808.4,24830.0,13:15:00,24863.17822632204,1,49
2025-05-27,24813.1,24831.65,24804.95,24816.75,13:20:00,24858.40887143422,1,50
2025-05-27,24824.85,24829.8,24804.2,24812.1,13:25:00,24855.212788440487,1,51
2025-05-27,24825.8,24837.55,24820.25,24824.75,13:30:00,24852.41157049377,1,52
2025-05-27,24826.3,24831.65,24813.95,24825.55,13:35:00,24849.92475425627,1,53
2025-05-27,24847.4,24849.3,24821.55,24827.05,13:40:00,24849.68430146996,1,54
2025-05-27,24838.9,24871.85,24834.95,24847.5,13:45:00,24848.65722513949,1,55
2025-05-27,24810.7,24845.15,24806.8,24839.25,13:50:00,24845.04225131668,1,56
2025-05-27,24764.35,24815.75,24761.7,24811.15,13:55:00,24837.35727500081,1,57
2025-05-27,24769.05,24783.95,24744.55,24761.6,14:00:00,24830.851820238822,1,58
2025-05-27,24761.55,24787.45,24756.95,24769.2,14:05:00,24824.25164688275,1,59
2025-05-27,24767.6,24771.4,24760.55,24761.95,14:10:00,24818.85625194153,1,60
2025-05-27,24722.45,24779.95,24716.75,24768.25,14:15:00,24809.67470413758,1,61
2025-05-27,24737.55,24737.55,24706.05,24721.6,14:20:00,24802.805684695904,1,62
2025-05-27,24731.35,24739.5,24725.1,24737.65,14:25:00,24796.00038139153,1,63
2025-05-27,24757.4,24757.5,24727.45,24731.4,14:30:00,24792.324154592337,1,64
2025-05-27,24765.15,24771.2,24745.2,24758.35,14:35:00,24789.736139869256,1,65
2025-05-27,24780.65,24784.95,24765.45,24765.75,14:40:00,24788.87079321504,1,66
2025-05-27,24790.3,24797.2,24767.1,24781.25,14:45:00,24789.00690814694,1,67
2025-05-27,24786.15,24798.25,24780.4,24789.9,14:50:00,24788.734821656755,1,68
2025-05-27,24817.7,24817.7,24778.95,24784.85,14:55:00,24791.4934100704,1,69
2025-05-27,24818.0,24828.6,24816.65,24818.05,15:00:00,24794.01784720656,1,70
2025-05-27,24841.5,24842.7,24817.65,24818.3,15:05:00,24798.539956996403,1,71
2025-05-27,24831.8,24838.95,24826.95,24838.95,15:10:00,24801.7075801396,1,72
2025-05-27,24825.5,24834.8,24820.6,24832.6,15:15:00,24803.97352488821,1,73
2025-05-27,24822.25,24830.15,24819.9,24825.6,15:20:00,24805.714141565524,1,74
2025-05-27,24837.7,24843.3,24816.55,24822.5,15:25:00,24808.76041379738,1,75
2025-05-28,24815.75,24844.65,24766.95,24844.4,09:15:00,24811.471676600577,2,1
2025-05-28,24804.15,24863.15,24795.65,24817.75,09:20:00,24810.774374067187,2,2
2025-05-28,24769.15,24813.2,24765.2,24804.45,09:25:00,24806.81014796555,2,3
2025-05-28,24766.2,24780.9,24757.7,24768.9,09:30:00,24802.94251482597,2,4
2025-05-28,24769.7,24801.55,24743.35,24766.5,09:35:00,24799.776561033024,2,5
2025-05-28,24807.25,24807.25,24769.7,24771.0,09:40:00,24800.48831712512,2,6
2025-05-28,24782.8,24814.8,24771.95,24806.3,09:45:00,24798.803715494152,2,7
2025-05-28,24776.2,24785.55,24752.95,24783.3,09:50:00,24796.650980685183,2,8
2025-05-28,24782.15,24789.5,24762.65,24775.25,09:55:00,24795.26993490564,2,9
2025-05-28,24763.9,24784.65,24758.65,24783.4,10:00:00,24792.282322057486,2,10
2025-05-28,24767.85,24769.5,24755.8,24763.75,10:05:00,24789.955434242485,2,11
2025-05-28,24760.5,24775.55,24756.65,24767.3,10:10:00,24787.15015479082,2,12
2025-05-28,24753.85,24760.0,24737.25,24760.0,10:15:00,24783.978711477408,2,13
2025-05-28,24767.85,24772.5,24748.6,24753.25,10:20:00,24782.44264371765,2,14
2025-05-28,24750.5,24769.6,24750.4,24767.3,10:25:00,24779.40048717312,2,15
2025-05-28,24766.65,24767.5,24747.6,24750.25,10:30:00,24778.1861550614,2,16
2025-05-28,24749.7,24766.85,24743.85,24766.85,10:35:00,24775.47318791269,2,17
2025-05-28,24752.7,24766.25,24748.65,24749.7,10:40:00,24773.304312873388,2,18
2025-05-28,24782.45,24799.05,24751.65,24752.1,10:45:00,24774.17533069497,2,19
2025-05-28,24793.95,24797.9,24776.9,24782.5,10:50:00,24776.058632533543,2,20
2025-05-28,24781.65,24794.5,24775.9,24794.5,10:55:00,24776.59114372083,2,21
2025-05-28,24798.45,24801.9,24781.05,24781.5,11:00:00,24778.672939556945,2,22
2025-05-28,24785.25,24798.8,24782.25,24798.8,11:05:00,24779.29932626581,2,23
2025-05-28,24768.05,24785.2,24758.45,24784.75,11:10:00,24778.22796185954,2,24
2025-05-28,24773.05,24783.85,24767.75,24767.85,11:15:00,24777.73482263482,2,25
2025-05-28,24760.7,24783.1,24757.6,24772.95,11:20:00,24776.11245857436,2,26
2025-05-28,24758.7,24765.7,24753.75,24760.05,11:25:00,24774.454129186328,2,27
2025-05-28,24755.05,24763.55,24746.35,24759.6,11:30:00,24772.606116882867,2,28
2025-05-28,24751.25,24761.7,24750.2,24755.4,11:35:00,24770.57220098926,2,29
2025-05-28,24756.35,24760.65,24750.1,24750.85,11:40:00,24769.21770565695,2,30
2025-05-28,24763.05,24765.35,24752.25,24756.35,11:45:00,24768.63030511819,2,31
2025-05-28,24776.5,24780.7,24763.15,24763.15,11:50:00,24769.37979986884,2,32
2025-05-28,24770.9,24777.2,24764.9,24776.6,11:55:00,24769.52458083372,2,33
2025-05-28,24764.15,24771.45,24759.1,24770.85,12:00:00,24769.01271599241,2,34
2025-05-28,24756.9,24770.35,24754.5,24764.15,12:05:00,24767.85912399313,2,35
2025-05-28,24761.7,24763.65,24755.5,24757.25,12:10:00,24767.27254075569,2,36
2025-05-28,24768.4,24769.3,24759.05,24762.2,12:15:00,24767.37991782658,2,37
2025-05-28,24770.05,24770.65,24764.15,24768.3,12:20:00,24767.634211366905,2,38
2025-05-28,24776.45,24780.05,24767.55,24770.15,12:25:00,24768.473810284344,2,39
2025-05-28,24792.25,24793.15,24775.3,24776.1,12:30:00,24770.738209304884,2,40
2025-05-28,24792.65,24796.65,24783.95,24792.1,12:35:00,24772.825046513943,2,41
2025-05-28,24795.1,24799.15,24788.55,24793.05,12:40:00,24774.94647065547,2,42
2025-05-28,24809.5,24813.6,24789.3,24795.25,12:45:00,24778.237282974,2,43
2025-05-28,24817.1,24827.05,24804.4,24810.35,12:50:00,24781.93849411933,2,44
2025-05-28,24805.25,24819.7,24803.95,24816.55,12:55:00,24784.15863753654,2,45
2025-05-28,24820.85,24821.05,24802.6,24804.4,13:00:00,24787.65305300925,2,46
2025-05-28,24805.25,24823.3,24805.25,24821.15,13:05:00,24789.32895272265,2,47
2025-05-28,24791.35,24806.6,24789.7,24805.35,13:10:00,24789.52143341573,2,48
2025-05-28,24784.95,24797.1,24780.4,24791.1,13:15:00,24789.086058804714,2,49
2025-05-28,24778.75,24785.0,24774.4,24784.8,13:20:00,24788.101672251883,2,50
2025-05-28,24789.45,24791.05,24774.05,24778.4,13:25:00,24788.230084418374,2,51
2025-05-28,24784.45,24796.85,24781.55,24790.15,13:30:00,24787.87007637853,2,52
2025-05-28,24774.85,24788.85,24770.75,24785.2,13:35:00,24786.630069104383,2,53
2025-05-28,24776.7,24781.75,24765.7,24775.15,13:40:00,24785.6843482373,2,54
2025-05-28,24766.25,24777.65,24761.1,24776.9,13:45:00,24783.833457928988,2,55
2025-05-28,24773.8,24776.1,24761.4,24765.85,13:50:00,24782.87789050718,2,56
2025-05-28,24773.3,24781.45,24770.6,24773.45,13:55:00,24781.96571045888,2,57
2025-05-28,24771.4,24776.3,24765.55,24773.1,14:00:00,24780.959452319938,2,58
2025-05-28,24788.7,24790.75,24769.85,24771.45,14:05:00,24781.696647337085,2,59
2025-05-28,24788.55,24795.2,24786.1,24788.2,14:10:00,24782.34934759069,2,60
2025-05-28,24793.3,24798.0,24785.3,24788.35,14:15:00,24783.39226686777,2,61
2025-05-28,24787.35,24795.3,24785.2,24793.4,14:20:00,24783.769193832744,2,62
2025-05-28,24771.7,24788.3,24770.45,24788.05,14:25:00,24782.61974680105,2,63
2025-05-28,24783.15,24786.1,24769.05,24770.7,14:30:00,24782.670247105714,2,64
2025-05-28,24779.35,24792.95,24772.0,24780.95,14:35:00,24782.35403309565,2,65
2025-05-28,24782.0,24782.5,24776.35,24779.05,14:40:00,24782.32031565797,2,66
2025-05-28,24783.4,24786.1,24776.65,24780.9,14:45:00,24782.42314273816,2,67
2025-05-28,24773.6,24784.75,24773.25,24783.25,14:50:00,24781.582843429765,2,68
2025-05-28,24774.05,24780.2,24772.45,24773.2,14:55:00,24780.86542976979,2,69
2025-05-28,24756.55,24780.5,24755.15,24775.6,15:00:00,24778.54967455362,2,70
2025-05-28,24761.5,24767.0,24756.7,24757.75,15:05:00,24776.925896024703,2,71
2025-05-28,24748.5,24763.75,24748.4,24763.05,15:10:00,24774.218667831872,2,72
2025-05-28,24747.7,24749.95,24740.05,24749.5,15:15:00,24771.693080419314,2,73
2025-05-28,24748.45,24749.9,24743.25,24748.25,15:20:00,24769.47945371272,2,74
2025-05-28,24757.15,24757.45,24743.7,24749.35,15:25:00,24768.305220025788,2,75
2025-05-29,24847.95,24888.3,24839.25,24845.2,09:15:00,24780.78431843381,3,1
2025-05-29,24803.6,24871.05,24793.8,24845.2,09:20:00,24782.957240487733,3,2
2025-05-29,24800.05,24817.6,24798.2,24803.05,09:25:00,24784.585122346045,3,3
2025-05-29,24803.5,24826.65,24801.55,24802.7,09:30:00,24786.38653926547,3,4
2025-05-29,24808.45,24813.9,24780.3,24802.95,09:35:00,24788.48782124019,3,5
2025-05-29,24808.75,24814.65,24793.2,24808.3,09:40:00,24790.417552550647,3,6
2025-05-29,24795.6,24810.25,24786.85,24808.9,09:45:00,24790.9111189744,3,7
2025-05-29,24793.55,24801.45,24780.8,24795.0,09:50:00,24791.16244097684,3,8
2025-05-29,24804.05,24806.2,24791.45,24792.8,09:55:00,24792.38982755047,3,9
2025-05-29,24819.6,24829.7,24795.05,24804.35,10:00:00,24794.98127254566,3,10
2025-05-29,24825.55,24848.05,24817.15,24819.05,10:05:00,24797.892579922263,3,11
2025-05-29,24801.75,24826.55,24793.55,24825.85,10:10:00,24798.259953263,3,12
2025-05-29,24790.9,24806.15,24781.45,24802.45,10:15:00,24797.55900533319,3,13
2025-05-29,24793.8,24798.9,24789.5,24789.65,10:20:00,24797.201004825267,3,14
2025-05-29,24771.15,24796.35,24770.5,24793.45,10:25:00,24794.71995674667,3,15
2025-05-29,24757.95,24770.6,24749.9,24770.6,10:30:00,24791.21805610413,3,16
2025-05-29,24750.25,24767.1,24748.2,24757.8,10:35:00,24787.316336475167,3,17
2025-05-29,24743.2,24759.5,24741.5,24750.2,10:40:00,24783.114780620388,3,18
2025-05-29,24754.35,24759.05,24741.9,24742.95,10:45:00,24780.37527770416,3,19
2025-05-29,24755.8,24768.05,24749.9,24753.95,10:50:00,24778.03477506567,3,20
2025-05-29,24743.95,24765.85,24743.95,24756.65,10:55:00,24774.7886060118,3,21
2025-05-29,24716.7,24756.5,24714.65,24745.8,11:00:00,24769.2563578202,3,22
2025-05-29,24731.25,24737.1,24715.3,24715.75,11:05:00,24765.636704694465,3,23
2025-05-29,24723.55,24739.45,24720.5,24731.4,11:10:00,24761.628447104515,3,24
2025-05-29,24714.7,24726.25,24709.05,24722.2,11:15:00,24757.1590711898,3,25
2025-05-29,24724.2,24725.05,24709.7,24714.8,11:20:00,24754.020112028866,3,26
2025-05-29,24728.95,24735.75,24719.55,24723.8,11:25:00,24751.63248231184,3,27
2025-05-29,24735.45,24737.15,24721.2,24729.05,11:30:00,24750.091293520232,3,28
2025-05-29,24741.85,24748.3,24728.7,24733.35,11:35:00,24749.306408423065,3,29
2025-05-29,24732.6,24744.55,24730.65,24741.55,11:40:00,24747.715321906584,3,30
2025-05-29,24735.25,24736.45,24728.4,24732.2,11:45:00,24746.52814839168,3,31
2025-05-29,24740.55,24744.55,24733.35,24734.05,11:50:00,24745.9588009258,3,32
2025-05-29,24739.5,24744.3,24729.0,24740.2,11:55:00,24745.343677028104,3,33
2025-05-29,24744.4,24747.8,24732.35,24738.4,12:00:00,24745.25380302543,3,34
2025-05-29,24738.85,24746.8,24734.7,24744.05,12:05:00,24744.643917023008,3,35
2025-05-29,24732.05,24739.6,24730.55,24739.6,12:10:00,24743.44449635415,3,36
2025-05-29,24729.55,24736.95,24727.15,24732.0,12:15:00,24742.12121098709,3,37
2025-05-29,24738.6,24742.4,24729.3,24729.3,12:20:00,24741.78585755975,3,38
2025-05-29,24750.2,24757.7,24736.65,24737.4,12:25:00,24742.58720445882,3,39
2025-05-29,24742.4,24755.4,24740.5,24749.9,12:30:00,24742.569375462743,3,40
2025-05-29,24690.6,24749.6,24688.45,24741.65,12:35:00,24737.61991113296,3,41
2025-05-29,24700.55,24703.05,24677.6,24683.15,12:40:00,24734.08944340601,3,42
2025-05-29,24715.15,24722.75,24697.2,24700.25,12:45:00,24732.28568689115,3,43
2025-05-29,24722.65,24725.9,24713.8,24714.85,12:50:00,24731.368002425326,3,44
2025-05-29,24768.6,24772.3,24722.5,24723.15,12:55:00,24734.913906956248,3,45
2025-05-29,24759.6,24772.9,24748.75,24769.75,13:00:00,24737.264963436606,3,46
2025-05-29,24757.9,24765.2,24741.3,24760.05,13:05:00,24739.230205014075,3,47
2025-05-29,24760.75,24762.3,24741.7,24758.85,13:10:00,24741.27970929845,3,48
2025-05-29,24747.0,24761.7,24742.8,24760.35,13:15:00,24741.82449888908,3,49
2025-05-29,24755.25,24757.2,24744.0,24747.15,13:20:00,24743.10311804249,3,50
2025-05-29,24758.2,24765.9,24745.35,24754.7,13:25:00,24744.540916324167,3,51
2025-05-29,24758.45,24773.7,24754.6,24758.25,13:30:00,24745.86559095996,3,52
2025-05-29,24753.85,24762.85,24748.45,24758.45,13:35:00,24746.62601086854,3,53
2025-05-29,24754.75,24756.95,24750.95,24753.65,13:40:00,24747.39972411916,3,54
2025-05-29,24744.9,24758.0,24743.45,24754.1,13:45:00,24747.161655155425,3,55
2025-05-29,24754.65,24760.45,24744.0,24744.3,13:50:00,24747.874830854907,3,56
2025-05-29,24745.7,24758.35,24739.85,24753.65,13:55:00,24747.66770410682,3,57
2025-05-29,24728.55,24749.3,24728.55,24745.55,14:00:00,24745.84697038236,3,58
2025-05-29,24726.3,24735.55,24723.65,24728.8,14:05:00,24743.98535415547,3,59
2025-05-29,24725.6,24736.65,24717.8,24725.95,14:10:00,24742.234368045425,3,60
2025-05-29,24730.8,24736.05,24718.05,24725.6,14:15:00,24741.14538061253,3,61
2025-05-29,24742.65,24746.2,24730.2,24730.3,14:20:00,24741.28867769705,3,62
2025-05-29,24746.85,24760.75,24740.8,24743.1,14:25:00,24741.81832744019,3,63
2025-05-29,24751.1,24767.6,24743.85,24746.85,14:30:00,24742.70229625541,3,64
2025-05-29,24755.95,24766.8,24752.1,24753.45,14:35:00,24743.963982326324,3,65
2025-05-29,24756.3,24759.8,24748.85,24754.7,14:40:00,24745.138841152388,3,66
2025-05-29,24744.35,24759.5,24738.35,24755.95,14:45:00,24745.063713423588,3,67
2025-05-29,24750.0,24750.65,24742.2,24743.4,14:50:00,24745.53383595468,3,68
2025-05-29,24757.35,24760.85,24747.25,24750.05,14:55:00,24746.65918491137,3,69
2025-05-29,24797.75,24812.55,24758.1,24758.6,15:00:00,24751.52497682457,3,70
2025-05-29,24821.1,24834.45,24798.2,24798.2,15:05:00,24758.15116950795,3,71
2025-05-29,24850.75,24853.75,24821.15,24822.25,15:10:00,24766.970105745288,3,72
2025-05-29,24853.7,24857.0,24838.9,24850.45,15:15:00,24775.23009567431,3,73
2025-05-29,24857.55,24857.9,24837.1,24854.1,15:20:00,24783.070086562468,3,74
2025-05-29,24880.85,24891.15,24854.9,24855.8,15:25:00,24792.382459270804,3,75
2025-05-30,24806.0,24843.3,24780.7,24830.5,09:15:00,24795.421468926896,4,1
2025-05-30,24857.85,24859.4,24803.7,24805.55,09:20:00,24801.36704331481,4,2
2025-05-30,24848.0,24862.45,24838.3,24857.9,09:25:00,24805.80827728483,4,3
2025-05-30,24826.75,24863.6,24824.9,24848.05,09:30:00,24807.80272706723,4,4
2025-05-30,24813.5,24831.05,24805.6,24826.6,09:35:00,24808.3453244894,4,5
2025-05-30,24819.1,24821.8,24799.85,24813.6,09:40:00,24809.36957929993,4,6
2025-05-30,24801.3,24833.55,24788.3,24819.0,09:45:00,24808.601047938035,4,7
2025-05-30,24807.35,24821.45,24799.7,24801.35,09:50:00,24808.48190051536,4,8
2025-05-30,24807.55,24813.6,24801.1,24807.2,09:55:00,24808.393148085328,4,9
2025-05-30,24802.0,24808.5,24784.0,24806.85,10:00:00,24807.784276839106,4,10
2025-05-30,24796.85,24808.8,24784.35,24802.45,10:05:00,24806.74291714014,4,11
2025-05-30,24794.75,24804.45,24790.75,24796.4,10:10:00,24805.600734555366,4,12
2025-05-30,24767.3,24795.8,24764.1,24795.8,10:15:00,24801.953045550094,4,13
2025-05-30,24751.15,24766.55,24750.4,24766.45,10:20:00,24797.11466025961,4,14
2025-05-30,24761.9,24769.15,24746.55,24751.05,10:25:00,24793.760883092025,4,15
2025-05-30,24744.5,24761.9,24741.8,24761.8,10:30:00,24789.0693704166,4,16
2025-05-30,24741.1,24745.4,24722.05,24744.4,10:35:00,24784.500858948348,4,17
2025-05-30,24737.6,24746.05,24731.1,24741.2,10:40:00,24780.03411047708,4,18
2025-05-30,24728.25,24738.55,24717.85,24738.35,10:45:00,24775.10229043164,4,19
2025-05-30,24748.85,24751.9,24725.5,24728.7,10:50:00,24772.602072295293,4,20
2025-05-30,24751.25,24756.45,24747.7,24748.65,10:55:00,24770.568541600504,4,21
2025-05-30,24759.0,24768.0,24751.0,24752.3,11:00:00,24769.46677573379,4,22
2025-05-30,24757.3,24772.3,24757.1,24759.75,11:05:00,24768.30803518771,4,23
2025-05-30,24754.3,24764.75,24746.6,24759.15,11:10:00,24766.97393659841,4,24
2025-05-30,24764.45,24769.45,24753.2,24755.7,11:15:00,24766.733561684272,4,25
2025-05-30,24771.55,24773.75,24761.45,24765.7,11:20:00,24767.192270095296,4,26
2025-05-30,24774.15,24783.15,24767.4,24772.6,11:25:00,24767.8549110386,4,27
2025-05-30,24773.0,24787.95,24773.0,24774.8,11:30:00,24768.34491951112,4,28
2025-05-30,24761.8,24774.05,24761.8,24773.65,11:35:00,24767.721593843387,4,29
2025-05-30,24745.4,24762.85,24745.0,24762.6,11:40:00,24765.595727763062,4,30
2025-05-30,24752.6,24754.6,24737.75,24746.4,11:45:00,24764.35803940468,4,31
2025-05-30,24766.9,24768.05,24752.05,24753.6,11:50:00,24764.60013088995,4,32
2025-05-30,24755.1,24768.4,24750.85,24767.7,11:55:00,24763.69535651948,4,33
2025-05-30,24732.15,24756.35,24728.7,24755.8,12:00:00,24760.69103685096,4,34
2025-05-30,24744.15,24747.6,24733.8,24733.8,12:05:00,24759.11570000801,4,35
2025-05-30,24741.8,24746.4,24738.8,24745.3,12:10:00,24757.46658572153,4,36
2025-05-30,24746.5,24750.75,24729.35,24743.1,12:15:00,24756.42214898614,4,37
2025-05-30,24751.2,24756.8,24745.6,24747.25,12:20:00,24755.92480146365,4,38
2025-05-30,24749.85,24755.4,24748.75,24752.1,12:25:00,24755.3462489433,4,39
2025-05-30,24741.3,24751.45,24735.95,24750.5,12:30:00,24754.0085109487,4,40
2025-05-30,24734.9,24747.75,24734.9,24742.25,12:35:00,24752.18865276311,4,41
2025-05-30,24737.15,24739.95,24732.2,24735.6,12:40:00,24750.756400119008,4,42
2025-05-30,24743.35,24747.4,24737.05,24737.05,12:45:00,24750.051028679103,4,43
2025-05-30,24754.4,24757.2,24743.4,24743.7,12:50:00,24750.46521642395,4,44
2025-05-30,24755.3,24761.35,24752.85,24754.65,12:55:00,24750.925672002617,4,45
2025-05-30,24765.35,24767.5,24753.25,24756.05,13:00:00,24752.299417526177,4,46
2025-05-30,24759.4,24768.9,24751.85,24765.75,13:05:00,24752.975663476063,4,47
2025-05-30,24758.6,24764.55,24754.75,24759.55,13:10:00,24753.51131457358,4,48
2025-05-30,24759.4,24766.65,24758.55,24758.55,13:15:00,24754.07214175705,4,49
2025-05-30,24752.55,24761.4,24751.85,24759.15,13:20:00,24753.927175875426,4,50
2025-05-30,24769.7,24776.7,24750.75,24753.3,13:25:00,24755.42934960157,4,51
2025-05-30,24773.6,24782.45,24769.4,24770.15,13:30:00,24757.15988773476,4,52
2025-05-30,24775.7,24783.2,24769.55,24773.95,13:35:00,24758.9256127124,4,53
2025-05-30,24771.65,24781.65,24770.7,24776.0,13:40:00,24760.137459120742,4,54
2025-05-30,24762.65,24775.45,24762.65,24771.55,13:45:00,24760.37674872829,4,55
2025-05-30,24775.15,24776.95,24762.4,24762.85,13:50:00,24761.78372503988,4,56
2025-05-30,24788.95,24801.7,24773.4,24775.4,13:55:00,24764.3709893218,4,57
2025-05-30,24781.3,24796.25,24780.85,24788.75,14:00:00,24765.98327605305,4,58
2025-05-30,24766.8,24784.35,24766.45,24781.25,14:05:00,24766.061059286098,4,59
2025-05-30,24753.6,24770.35,24753.6,24767.05,14:10:00,24764.874291735043,4,60
2025-05-30,24765.4,24766.45,24751.1,24753.75,14:15:00,24764.92435918885,4,61
2025-05-30,24771.0,24773.05,24764.5,24765.65,14:20:00,24765.50299164706,4,62
2025-05-30,24770.4,24776.3,24767.4,24771.35,14:25:00,24765.96937339496,4,63
2025-05-30,24780.2,24786.8,24769.9,24770.65,14:30:00,24767.324671166865,4,64
2025-05-30,24771.05,24784.3,24769.1,24780.0,14:35:00,24767.679464389068,4,65
2025-05-30,24769.45,24775.85,24766.75,24771.85,14:40:00,24767.84808682821,4,66
2025-05-30,24765.35,24770.35,24758.3,24770.1,14:45:00,24767.610173796947,4,67
2025-05-30,24771.7,24778.55,24761.4,24765.5,14:50:00,24767.99968105438,4,68
2025-05-30,24764.4,24777.9,24757.7,24773.3,14:55:00,24767.6568542873,4,69
2025-05-30,24739.5,24784.1,24729.8,24766.65,15:00:00,24764.97524911708,4,70
2025-05-30,24759.55,24760.55,24736.6,24739.0,15:05:00,24764.45855872498,4,71
2025-05-30,24751.65,24761.45,24748.55,24760.2,15:10:00,24763.238695989265,4,72
2025-05-30,24746.65,24757.15,24745.75,24751.75,15:15:00,24761.65882018076,4,73
2025-05-30,24741.75,24751.05,24740.6,24746.95,15:20:00,24759.762742068306,4,74
2025-05-30,24736.65,24749.3,24731.1,24741.4,15:25:00,24757.56152853799,4,75
2025-06-02,24569.2,24700.5,24560.2,24669.7,09:15:00,24732.05150068529,0,1
2025-06-02,24554.9,24577.95,24541.75,24568.55,09:20:00,24715.179929191458,0,2
2025-06-02,24564.95,24587.65,24544.25,24549.75,09:25:00,24700.872316887508,0,3
2025-06-02,24540.35,24572.4,24526.15,24565.5,09:30:00,24685.584477183937,0,4
2025-06-02,24562.2,24562.2,24540.4,24540.5,09:35:00,24673.83357459499,0,5
2025-06-02,24571.0,24591.2,24560.75,24562.3,09:40:00,24664.03990082404,0,6
2025-06-02,24588.5,24597.5,24556.95,24571.6,09:45:00,24656.84562455508,0,7
2025-06-02,24586.25,24596.25,24579.3,24588.45,09:50:00,24650.12223174031,0,8
2025-06-02,24598.2,24601.1,24572.15,24586.15,09:55:00,24645.17725728885,0,9
2025-06-02,24580.85,24606.8,24572.75,24598.05,10:00:00,24639.050851832773,0,10
2025-06-02,24592.25,24598.55,24575.85,24580.9,10:05:00,24634.5936278487,0,11
2025-06-02,24581.95,24601.65,24576.7,24592.1,10:10:00,24629.579949005965,0,12
2025-06-02,24565.85,24581.95,24560.25,24581.75,10:15:00,24623.51043005301,0,13
2025-06-02,24578.7,24582.1,24554.2,24565.85,10:20:00,24619.242770047964,0,14
2025-06-02,24588.95,24591.4,24573.9,24578.3,10:25:00,24616.35774432911,0,15
2025-06-02,24592.0,24597.5,24582.25,24588.3,10:30:00,24614.03795915491,0,16
2025-06-02,24626.7,24628.45,24590.95,24592.1,10:35:00,24615.243867806825,0,17
2025-06-02,24629.35,24633.35,24615.35,24626.6,10:40:00,24616.587308968083,0,18
2025-06-02,24635.1,24638.85,24617.65,24629.4,10:45:00,24618.350422399693,0,19
2025-06-02,24617.65,24636.85,24614.85,24634.85,10:50:00,24618.283715504484,0,20
2025-06-02,24617.3,24619.25,24609.6,24618.0,10:55:00,24618.19002831358,0,21
2025-06-02,24625.05,24627.3,24611.45,24616.7,11:00:00,24618.843358950384,0,22
2025-06-02,24629.7,24634.15,24620.35,24626.15,11:05:00,24619.877324764635,0,23
2025-06-02,24623.15,24632.2,24621.15,24630.15,11:10:00,24620.189008120386,0,24
2025-06-02,24643.05,24643.6,24611.6,24623.25,11:15:00,24622.36624544225,0,25
2025-06-02,24645.1,24657.85,24639.9,24642.55,11:20:00,24624.53136492394,0,26
2025-06-02,24630.9,24645.8,24630.45,24644.75,11:25:00,24625.13790159785,0,27
2025-06-02,24631.8,24632.95,24621.9,24631.85,11:30:00,24625.77238715996,0,28
2025-06-02,24628.4,24637.1,24623.35,24632.8,11:35:00,24626.022636001868,0,29
2025-06-02,24625.5,24639.2,24622.3,24627.25,11:40:00,24625.972861144543,0,30
2025-06-02,24637.35,24638.95,24621.25,24625.5,11:45:00,24627.0563981784,0,31
2025-06-02,24637.85,24645.45,24636.0,24637.8,11:50:00,24628.08436025665,0,32
2025-06-02,24651.1,24652.3,24636.95,24637.7,11:55:00,24630.27632594649,0,33
2025-06-02,24664.6,24667.6,24647.4,24650.8,12:00:00,24633.54524728492,0,34
2025-06-02,24657.85,24673.25,24657.05,24663.65,12:05:00,24635.859985638737,0,35
2025-06-02,24665.95,24666.85,24657.05,24657.75,12:10:00,24638.72570129219,0,36
2025-06-02,24675.1,24683.75,24665.55,24665.55,12:15:00,24642.189920216744,0,37
2025-06-02,24674.4,24688.7,24672.7,24675.55,12:20:00,24645.25754686277,0,38
2025-06-02,24671.5,24676.6,24668.25,24674.35,12:25:00,24647.756828113936,0,39
2025-06-02,24717.95,24717.95,24670.05,24671.75,12:30:00,24654.441892103085,0,40
2025-06-02,24735.25,24739.15,24710.85,24719.4,12:35:00,24662.13790237898,0,41
2025-06-02,24723.65,24736.75,24717.5,24735.55,12:40:00,24667.99619739051,0,42
2025-06-02,24732.7,24737.05,24718.1,24723.85,12:45:00,24674.1584643057,0,43
2025-06-02,24732.3,24736.25,24727.05,24732.2,12:50:00,24679.695753419444,0,44
2025-06-02,24684.75,24733.6,24683.1,24731.95,12:55:00,24680.17711023664,0,45
2025-06-02,24702.7,24716.15,24684.4,24685.1,13:00:00,24682.32214735696,0,46
2025-06-02,24696.45,24703.8,24693.3,24703.55,13:05:00,24683.66765713249,0,47
2025-06-02,24702.45,24703.2,24692.8,24697.3,13:10:00,24685.45645169129,0,48
2025-06-02,24710.7,24713.8,24700.75,24702.9,13:15:00,24687.86059914927,0,49
2025-06-02,24718.4,24719.85,24706.0,24710.35,13:20:00,24690.76911351601,0,50
2025-06-02,24706.85,24721.7,24706.1,24718.0,13:25:00,24692.30062651448,0,51
2025-06-02,24699.3,24716.85,24699.05,24707.1,13:30:00,24692.9672335131,0,52
2025-06-02,24723.7,24732.9,24698.5,24699.7,13:35:00,24695.89416365471,0,53
2025-06-02,24727.75,24730.65,24714.15,24724.6,13:40:00,24698.92805283045,0,54
2025-06-02,24715.95,24732.5,24715.95,24728.25,13:45:00,24700.54919065613,0,55
2025-06-02,24713.15,24719.8,24710.4,24715.9,13:50:00,24701.749267736493,0,56
2025-06-02,24708.3,24718.8,24697.95,24714.0,13:55:00,24702.37314699969,0,57
2025-06-02,24706.3,24713.5,24703.55,24708.45,14:00:00,24702.74713299972,0,58
2025-06-02,24686.85,24708.8,24684.45,24706.1,14:05:00,24701.23312033308,0,59
2025-06-02,24693.6,24694.8,24682.15,24687.2,14:10:00,24700.50615649183,0,60
2025-06-02,24687.9,24695.4,24685.0,24693.85,14:15:00,24699.305570159275,0,61
2025-06-02,24682.6,24691.4,24681.55,24688.7,14:20:00,24697.71456347744,0,62
2025-06-02,24700.15,24705.6,24683.15,24683.2,14:25:00,24697.94650981292,0,63
2025-06-02,24664.35,24704.05,24658.6,24700.35,14:30:00,24694.74684221169,0,64
2025-06-02,24663.9,24669.45,24654.8,24664.45,14:35:00,24691.809047715346,0,65
2025-06-02,24667.15,24669.6,24660.55,24663.55,14:40:00,24689.460566980542,0,66
2025-06-02,24670.8,24674.5,24656.75,24667.65,14:45:00,24687.68337012525,0,67
2025-06-02,24685.4,24686.8,24671.55,24671.6,14:50:00,24687.4659063038,0,68
2025-06-02,24713.5,24716.05,24683.45,24685.6,14:55:00,24689.94534379868,0,69
2025-06-02,24738.4,24754.3,24712.75,24714.25,15:00:00,24694.560072960707,0,70
2025-06-02,24734.85,24747.05,24730.75,24738.2,15:05:00,24698.397208869214,0,71
2025-06-02,24723.95,24746.3,24723.95,24736.15,15:10:00,24700.83080802453,0,72
2025-06-02,24716.4,24724.75,24708.9,24724.0,15:15:00,24702.31358821267,0,73
2025-06-02,24696.25,24720.5,24696.2,24716.6,15:20:00,24701.736103620988,0,74
2025-06-02,24690.7,24700.55,24666.6,24696.55,15:25:00,24700.68504613328,0,75
2025-06-03,24694.8,24841.9,24669.05,24773.95,09:15:00,24707.50181780977,1,1
2025-06-03,24668.7,24705.8,24654.75,24691.85,09:20:00,24703.8064065898,1,2
2025-06-03,24649.0,24683.55,24648.8,24667.85,09:25:00,24698.58674881934,1,3
2025-06-03,24627.05,24647.9,24601.8,24647.9,09:30:00,24691.77372512226,1,4
2025-06-03,24674.15,24691.7,24622.2,24626.65,09:35:00,24690.09527511062,1,5
2025-06-03,24646.8,24677.1,24641.95,24673.35,09:40:00,24685.97191557628,1,6
2025-06-03,24660.6,24660.6,24639.35,24646.45,09:45:00,24683.555542664253,1,7
2025-06-03,24647.85,24685.5,24647.2,24660.65,09:50:00,24680.155014791468,1,8
2025-06-03,24630.15,24664.05,24622.8,24649.05,09:55:00,24675.392632430376,1,9
2025-06-03,24639.5,24640.25,24619.15,24630.4,10:00:00,24671.974286484627,1,10
2025-06-03,24649.75,24655.65,24637.05,24639.35,10:05:00,24669.857687771804,1,11
2025-06-03,24661.7,24667.05,24645.2,24649.9,10:10:00,24669.08076512687,1,12
2025-06-03,24705.5,24705.5,24655.8,24662.4,10:15:00,24672.54926368622,1,13
2025-06-03,24746.95,24766.45,24708.25,24708.25,10:20:00,24679.63504809705,1,14
2025-06-03,24719.95,24758.75,24716.7,24746.3,10:25:00,24683.474567325906,1,15
2025-06-03,24733.15,24748.05,24711.35,24719.6,10:30:00,24688.20556091392,1,16
2025-06-03,24647.65,24734.7,24635.55,24733.15,10:35:00,24684.34312654116,1,17
2025-06-03,24642.85,24650.35,24612.1,24645.25,10:40:00,24680.39140020391,1,18
2025-06-03,24660.9,24662.85,24635.5,24642.5,10:45:00,24678.535076374967,1,19
2025-06-03,24656.25,24663.2,24649.05,24660.85,10:50:00,24676.41268814878,1,20
2025-06-03,24637.7,24664.75,24636.0,24655.75,10:55:00,24672.725765467945,1,21
2025-06-03,24639.2,24647.45,24629.5,24637.3,11:00:00,24669.53283542338,1,22
2025-06-03,24626.5,24638.15,24619.55,24637.25,11:05:00,24665.43447014496,1,23
2025-06-03,24590.2,24646.2,24588.05,24626.25,11:10:00,24658.26928251211,1,24
2025-06-03,24607.15,24608.65,24572.55,24590.25,11:15:00,24653.400779415715,1,25
2025-06-03,24595.65,24611.6,24586.1,24607.9,11:20:00,24647.90070518565,1,26
2025-06-03,24618.3,24618.95,24587.5,24595.75,11:25:00,24645.081590406066,1,27
2025-06-03,24653.75,24662.6,24612.8,24617.25,11:30:00,24645.907153224533,1,28
2025-06-03,24607.15,24654.25,24598.95,24654.25,11:35:00,24642.21599577457,1,29
2025-06-03,24594.25,24608.2,24576.05,24607.65,11:40:00,24637.647805700806,1,30
2025-06-03,24608.05,24608.85,24588.9,24596.1,11:45:00,24634.82896706264,1,31
2025-06-03,24625.55,24626.85,24602.6,24607.2,11:50:00,24633.94525591381,1,32
2025-06-03,24623.45,24632.15,24620.6,24626.35,11:55:00,24632.945707731546,1,33
2025-06-03,24638.25,24639.45,24613.0,24622.3,12:00:00,24633.450878423777,1,34
2025-06-03,24620.05,24641.8,24614.8,24638.35,12:05:00,24632.17460428818,1,35
2025-06-03,24615.35,24630.9,24612.6,24619.2,12:10:00,24630.57226102264,1,36
2025-06-03,24599.05,24614.85,24583.75,24614.85,12:15:00,24627.570140925243,1,37
2025-06-03,24588.05,24599.45,24586.85,24598.35,12:20:00,24623.806317979983,1,38
2025-06-03,24606.25,24610.35,24586.85,24587.35,12:25:00,24622.13428769617,1,39
2025-06-03,24624.2,24628.1,24604.85,24605.3,12:30:00,24622.331022201302,1,40
2025-06-03,24632.95,24648.95,24616.65,24623.55,12:35:00,24623.342353420227,1,41
2025-06-03,24628.15,24637.85,24623.45,24633.55,12:40:00,24623.80022452306,1,42
2025-06-03,24593.65,24628.7,24587.75,24627.8,12:45:00,24620.92877456848,1,43
2025-06-03,24526.9,24595.2,24502.75,24593.1,12:50:00,24611.97365318101,1,44
2025-06-03,24530.5,24541.85,24515.65,24527.2,12:55:00,24604.21425763996,1,45
2025-06-03,24539.2,24545.85,24524.15,24531.9,13:00:00,24598.02242357901,1,46
2025-06-03,24522.25,24538.65,24504.15,24538.2,13:05:00,24590.80600228577,1,47
2025-06-03,24541.45,24541.9,24513.25,24522.8,13:10:00,24586.10543063951,1,48
2025-06-03,24535.7,24543.85,24516.5,24540.5,13:15:00,24581.304913435742,1,49
2025-06-03,24535.8,24557.25,24526.6,24535.9,13:20:00,24576.971112156152,1,50
2025-06-03,24540.4,24545.7,24526.45,24533.2,13:25:00,24573.488149093664,1,51
2025-06-03,24561.8,24564.3,24538.55,24541.3,13:30:00,24572.374992037127,1,52
2025-06-03,24561.3,24572.7,24556.65,24561.9,13:35:00,24571.32023089073,1,53
2025-06-03,24539.9,24567.2,24536.25,24560.1,13:40:00,24568.32782794876,1,54
2025-06-03,24533.35,24549.35,24531.7,24542.0,13:45:00,24564.99660623935,1,55
2025-06-03,24552.2,24552.45,24533.65,24533.65,13:50:00,24563.7778818356,1,56
2025-06-03,24568.35,24569.65,24550.5,24551.8,13:55:00,24564.21332166078,1,57
2025-06-03,24564.85,24572.3,24561.7,24567.5,14:00:00,24564.273957693087,1,58
2025-06-03,24569.2,24576.95,24564.05,24564.7,14:05:00,24564.743104579466,1,59
2025-06-03,24577.15,24579.55,24559.85,24569.0,14:10:00,24565.924713667133,1,60
2025-06-03,24571.45,24585.85,24568.65,24576.4,14:15:00,24566.45093141312,1,61
2025-06-03,24575.7,24576.45,24559.95,24571.1,14:20:00,24567.331795088063,1,62
2025-06-03,24562.35,24578.95,24560.55,24575.9,14:25:00,24566.85733841301,1,63
2025-06-03,24583.95,24586.15,24561.8,24562.1,14:30:00,24568.485210945106,1,64
2025-06-03,24590.4,24601.7,24579.15,24583.05,14:35:00,24570.57233371224,1,65
2025-06-03,24586.05,24595.55,24578.65,24590.2,14:40:00,24572.04639716821,1,66
2025-06-03,24572.05,24588.65,24571.55,24586.4,14:45:00,24572.046740295053,1,67
2025-06-03,24568.15,24576.7,24556.85,24570.8,14:50:00,24571.675622171715,1,68
2025-06-03,24567.45,24572.6,24558.15,24567.3,14:55:00,24571.273181964883,1,69
2025-06-03,24544.65,24575.05,24542.85,24568.65,15:00:00,24568.73764082537,1,70
2025-06-03,24539.1,24548.1,24534.4,24545.8,15:05:00,24565.91500836581,1,71
2025-06-03,24535.2,24542.75,24535.2,24541.0,15:10:00,24562.98976947383,1,72
2025-06-03,24543.15,24550.65,24534.65,24535.5,15:15:00,24561.10026761918,1,73
2025-06-03,24533.1,24550.5,24524.45,24544.35,15:20:00,24558.433575464973,1,74
2025-06-03,24538.4,24539.55,24529.6,24532.85,15:25:00,24556.52561589688,1,75
2025-06-04,24572.45,24612.0,24565.6,24568.15,09:15:00,24558.380379453,2,1
2025-06-04,24584.15,24594.95,24567.4,24571.25,09:20:00,24560.834629028905,2,2
2025-06-04,24573.15,24611.8,24572.7,24583.35,09:25:00,24562.007521502343,2,3
2025-06-04,24560.65,24581.15,24557.7,24572.65,09:30:00,24561.87823374021,2,4
2025-06-04,24554.6,24569.25,24536.8,24560.3,09:35:00,24561.1850686221,2,5
2025-06-04,24553.85,24563.55,24544.1,24554.3,09:40:00,24560.48649065809,2,6
2025-06-04,24543.6,24561.65,24537.05,24552.85,09:45:00,24558.87825345256,2,7
2025-06-04,24554.4,24554.4,24530.75,24543.35,09:50:00,24558.451753123743,2,8
2025-06-04,24575.1,24575.85,24553.95,24553.95,09:55:00,24560.03730044529,2,9
2025-06-04,24579.6,24588.15,24572.65,24575.15,10:00:00,24561.9004146886,2,10
2025-06-04,24575.5,24591.1,24575.35,24578.7,10:05:00,24563.195613289685,2,11
2025-06-04,24578.75,24582.5,24570.75,24576.0,10:10:00,24564.67698345257,2,12
2025-06-04,24578.2,24584.1,24569.6,24578.95,10:15:00,24565.96488979042,2,13
2025-06-04,24595.2,24596.0,24576.05,24577.75,10:20:00,24568.749186000856,2,14
2025-06-04,24581.2,24596.85,24579.95,24594.6,10:25:00,24569.9349778103,2,15
2025-06-04,24600.45,24601.1,24581.65,24581.65,10:30:00,24572.841170399795,2,16
2025-06-04,24594.4,24603.25,24588.6,24600.1,10:35:00,24574.89439226648,2,17
2025-06-04,24600.8,24609.6,24590.95,24593.8,10:40:00,24577.361593003006,2,18
2025-06-04,24589.7,24603.8,24589.25,24601.25,10:45:00,24578.53667938368,2,19
2025-06-04,24583.0,24591.7,24581.65,24589.4,10:50:00,24578.96175753761,2,20
2025-06-04,24589.0,24590.9,24577.05,24582.75,10:55:00,24579.917780629265,2,21
2025-06-04,24584.85,24593.15,24583.8,24589.1,11:00:00,24580.38751580743,2,22
2025-06-04,24586.45,24589.25,24582.8,24584.95,11:05:00,24580.96489525434,2,23
2025-06-04,24581.55,24593.55,24580.65,24587.2,11:10:00,24581.020619515828,2,24
2025-06-04,24582.7,24582.7,24572.0,24582.05,11:15:00,24581.18056051432,2,25
2025-06-04,24591.65,24591.8,24581.55,24582.25,11:20:00,24582.177649989146,2,26
2025-06-04,24590.4,24598.15,24590.4,24592.05,11:25:00,24582.960730942563,2,27
2025-06-04,24594.9,24599.9,24590.25,24590.35,11:30:00,24584.09780418613,2,28
2025-06-04,24598.45,24601.55,24593.35,24595.05,11:35:00,24585.46467997793,2,29
2025-06-04,24592.7,24599.35,24590.65,24598.2,11:40:00,24586.15375807527,2,30
2025-06-04,24586.7,24594.95,24585.4,24592.65,11:45:00,24586.20578111572,2,31
2025-06-04,24590.25,24590.65,24584.05,24585.9,11:50:00,24586.59094481899,2,32
2025-06-04,24594.35,24595.05,24583.2,24589.8,11:55:00,24587.32990245528,2,33
2025-06-04,24592.2,24595.65,24589.4,24594.55,12:00:00,24587.79372126906,2,34
2025-06-04,24601.95,24602.8,24588.0,24592.1,12:05:00,24589.141938291054,2,35
2025-06-04,24607.75,24607.95,24600.95,24601.85,12:10:00,24590.914134644285,2,36
2025-06-04,24604.05,24609.15,24596.75,24607.5,12:15:00,24592.165169440068,2,37
2025-06-04,24605.3,24606.4,24595.7,24603.95,12:20:00,24593.41610568387,2,38
2025-06-04,24594.15,24604.95,24592.85,24604.95,12:25:00,24593.48600038065,2,39
2025-06-04,24593.15,24597.55,24582.2,24594.3,12:30:00,24593.454000344394,2,40
2025-06-04,24592.9,24594.95,24586.25,24592.95,12:35:00,24593.40123840684,2,41
2025-06-04,24600.6,24600.6,24587.05,24592.65,12:40:00,24594.086834749043,2,42
2025-06-04,24598.05,24605.2,24596.4,24600.3,12:45:00,24594.46427905866,2,43
2025-06-04,24596.1,24602.95,24593.05,24598.25,12:50:00,24594.62006200545,2,44
2025-06-04,24602.1,24602.95,24594.15,24596.05,12:55:00,24595.332437052555,2,45
2025-06-04,24613.9,24619.9,24601.9,24602.15,13:00:00,24597.100776380885,2,46
2025-06-04,24607.65,24615.0,24607.4,24613.95,13:05:00,24598.105464344608,2,47
2025-06-04,24600.25,24612.45,24598.1,24607.45,13:10:00,24598.3097058356,2,48
2025-06-04,24602.35,24604.6,24594.95,24600.4,13:15:00,24598.69449575602,2,49
2025-06-04,24601.45,24604.3,24588.8,24601.95,13:20:00,24598.95692473164,2,50
2025-06-04,24608.2,24608.3,24600.0,24601.6,13:25:00,24599.83721761434,2,51
2025-06-04,24607.15,24611.95,24601.8,24608.05,13:30:00,24600.53367307964,2,52
2025-06-04,24603.55,24609.25,24603.15,24607.15,13:35:00,24600.82094231015,2,53
2025-06-04,24605.7,24609.0,24601.05,24603.15,13:40:00,24601.28561447109,2,54
2025-06-04,24612.05,24613.15,24603.25,24605.75,13:45:00,24602.310794045272,2,55
2025-06-04,24618.6,24622.55,24610.7,24612.35,13:50:00,24603.862146993342,2,56
2025-06-04,24621.35,24622.3,24611.5,24618.75,13:55:00,24605.527656803497,2,57
2025-06-04,24616.5,24624.65,24610.9,24621.95,14:00:00,24606.572641869832,2,58
2025-06-04,24627.15,24632.0,24615.55,24616.65,14:05:00,24608.532390263183,2,59
2025-06-04,24616.55,24626.75,24612.1,24626.35,14:10:00,24609.29597214288,2,60
2025-06-04,24621.4,24625.8,24616.55,24616.55,14:15:00,24610.448736700702,2,61
2025-06-04,24621.3,24623.3,24615.5,24621.05,14:20:00,24611.48219034825,2,62
2025-06-04,24612.85,24622.3,24608.65,24621.05,14:25:00,24611.61245793413,2,63
2025-06-04,24621.5,24622.9,24610.05,24612.05,14:30:00,24612.55412860708,2,64
2025-06-04,24618.95,24622.75,24615.7,24622.05,14:35:00,24613.16325921593,2,65
2025-06-04,24615.15,24622.55,24612.0,24618.0,14:40:00,24613.35247262393,2,66
2025-06-04,24612.5,24618.25,24610.55,24615.8,14:45:00,24613.27128475499,2,67
2025-06-04,24615.75,24620.15,24610.85,24611.75,14:50:00,24613.50735287356,2,68
2025-06-04,24628.9,24631.5,24613.5,24615.2,14:55:00,24614.97331926655,2,69
2025-06-04,24639.2,24644.25,24628.25,24629.45,15:00:00,24617.280622193543,2,70
2025-06-04,24625.85,24640.05,24622.1,24639.3,15:05:00,24618.096753413207,2,71
2025-06-04,24616.9,24625.7,24614.95,24625.65,15:10:00,24617.982776897665,2,72
2025-06-04,24610.5,24617.65,24609.0,24617.65,15:15:00,24617.27013147884,2,73
2025-06-04,24607.15,24612.7,24605.45,24610.5,15:20:00,24616.30630943324,2,74
2025-06-04,24612.0,24622.05,24604.1,24607.7,15:25:00,24615.89618472531,2,75
2025-06-05,24627.3,24674.05,24618.95,24674.05,09:15:00,24623.471026498497,3,1
2025-06-05,24666.8,24666.9,24613.65,24625.55,09:20:00,24627.597595403404,3,2
2025-06-05,24715.5,24716.95,24665.8,24667.85,09:25:00,24635.969252984032,3,3
2025-06-05,24737.3,24737.3,24704.05,24715.35,09:30:00,24645.619800318887,3,4
2025-06-05,24737.1,24749.75,24729.6,24737.1,09:35:00,24654.33220028852,3,5
2025-06-05,24747.15,24753.05,24732.6,24737.65,09:40:00,24663.17199073723,3,6
2025-06-05,24751.2,24757.2,24743.85,24746.85,09:45:00,24671.55561066702,3,7
2025-06-05,24753.6,24760.95,24751.1,24753.0,09:50:00,24679.369362032063,3,8
2025-06-05,24749.2,24761.25,24740.55,24754.6,09:55:00,24686.019898981394,3,9
2025-06-05,24748.1,24757.4,24743.2,24749.4,10:00:00,24691.9322895546,3,10
2025-06-05,24734.45,24751.45,24728.95,24748.05,10:05:00,24695.981595311303,3,11
2025-06-05,24732.25,24740.95,24724.4,24734.6,10:10:00,24699.43572909118,3,12
2025-06-05,24720.0,24734.95,24714.25,24733.0,10:15:00,24701.394231082497,3,13
2025-06-05,24734.85,24737.2,24713.75,24719.55,10:20:00,24704.580494788926,3,14
2025-06-05,24723.85,24741.15,24720.85,24733.2,10:25:00,24706.415685761407,3,15
2025-06-05,24721.65,24734.85,24713.85,24723.85,10:30:00,24707.86657283175,3,16
2025-06-05,24719.8,24724.45,24709.65,24722.05,10:35:00,24709.00308970492,3,17
2025-06-05,24718.35,24723.0,24715.65,24720.25,10:40:00,24709.893271637786,3,18
2025-06-05,24706.05,24723.5,24701.8,24717.8,10:45:00,24709.52724576752,3,19
2025-06-05,24693.95,24708.15,24690.9,24705.25,10:50:00,24708.043698551563,3,20
2025-06-05,24704.55,24704.55,24691.2,24693.55,10:55:00,24707.71096535617,3,21
2025-06-05,24709.5,24712.6,24698.35,24704.75,11:00:00,24707.881349607967,3,22
2025-06-05,24705.2,24715.1,24702.05,24711.9,11:05:00,24707.62598297864,3,23
2025-06-05,24708.8,24708.8,24703.55,24705.1,11:10:00,24707.737794123528,3,24
2025-06-05,24714.6,24717.75,24707.85,24708.1,11:15:00,24708.39133754033,3,25
2025-06-05,24733.4,24735.05,24712.95,24715.9,11:20:00,24710.773114917447,3,26
2025-06-05,24736.95,24754.2,24732.35,24735.15,11:25:00,24713.26615159198,3,27
2025-06-05,24736.9,24739.9,24731.6,24738.1,11:30:00,24715.516994297508,3,28
2025-06-05,24732.9,24737.25,24730.55,24737.25,11:35:00,24717.172518650128,3,29
2025-06-05,24728.75,24736.25,24726.55,24733.55,11:40:00,24718.275135921547,3,30
2025-06-05,24716.3,24729.45,24713.8,24728.2,11:45:00,24718.087027738544,3,31
2025-06-05,24733.3,24733.5,24716.65,24716.65,11:50:00,24719.53588223964,3,32
2025-06-05,24742.05,24743.5,24721.25,24730.65,11:55:00,24721.680083931096,3,33
2025-06-05,24798.95,24805.25,24742.05,24742.45,12:00:00,24729.039123556704,3,34
2025-06-05,24818.6,24829.2,24800.6,24800.6,12:05:00,24737.56873083701,3,35
2025-06-05,24869.55,24873.1,24815.2,24819.45,12:10:00,24750.138375519207,3,36
2025-06-05,24852.4,24898.9,24852.4,24871.35,12:15:00,24759.87757785071,3,37
2025-06-05,24843.25,24860.4,24838.1,24853.15,12:20:00,24767.8178085316,3,38
2025-06-05,24822.1,24845.5,24803.65,24844.75,12:25:00,24772.9875410524,3,39
2025-06-05,24815.1,24837.45,24812.3,24823.9,12:30:00,24776.99825142836,3,40
2025-06-05,24810.15,24820.05,24798.5,24814.45,12:35:00,24780.155560816136,3,41
2025-06-05,24817.95,24834.5,24806.3,24810.3,12:40:00,24783.7550312146,3,42
2025-06-05,24814.25,24831.6,24811.05,24818.3,12:45:00,24786.659313956065,3,43
2025-06-05,24825.7,24826.1,24807.45,24813.25,12:50:00,24790.37747453168,3,44
2025-06-05,24796.35,24829.2,24785.55,24825.95,12:55:00,24790.94628648104,3,45
2025-06-05,24800.45,24803.2,24790.45,24796.9,13:00:00,24791.851402054275,3,46
2025-06-05,24793.1,24822.55,24790.05,24800.4,13:05:00,24791.970316144343,3,47
2025-06-05,24776.95,24800.55,24770.4,24793.0,13:10:00,24790.53980984488,3,48
2025-06-05,24780.35,24790.2,24773.15,24776.35,13:15:00,24789.569351764418,3,49
2025-06-05,24775.0,24781.0,24763.05,24780.35,13:20:00,24788.18179445352,3,50
2025-06-05,24768.9,24786.6,24766.4,24774.45,13:25:00,24786.345433077,3,51
2025-06-05,24730.75,24763.6,24711.35,24763.6,13:30:00,24781.050629926805,3,52
2025-06-05,24745.25,24746.05,24720.3,24732.0,13:35:00,24777.64104612425,3,53
2025-06-05,24730.6,24762.9,24725.5,24745.3,13:40:00,24773.16094649337,3,54
2025-06-05,24747.35,24758.45,24728.75,24730.95,13:45:00,24770.702761113047,3,55
2025-06-05,24737.0,24748.85,24736.15,24747.65,13:50:00,24767.492974340377,3,56
2025-06-05,24732.6,24741.05,24722.75,24737.0,13:55:00,24764.169833927008,3,57
2025-06-05,24711.45,24742.55,24695.65,24732.35,14:00:00,24759.14889736253,3,58
2025-06-05,24710.7,24726.9,24706.45,24711.3,14:05:00,24754.53471666134,3,59
2025-06-05,24713.55,24717.8,24693.1,24710.05,14:10:00,24750.63141031264,3,60
2025-06-05,24713.75,24716.45,24701.1,24713.8,14:15:00,24747.11889504477,3,61
2025-06-05,24710.45,24723.45,24701.7,24713.5,14:20:00,24743.62661932622,3,62
2025-06-05,24729.85,24744.4,24707.6,24711.05,14:25:00,24742.31456034277,3,63
2025-06-05,24741.95,24749.85,24712.9,24731.8,14:30:00,24742.27984031013,3,64
2025-06-05,24738.25,24742.9,24722.3,24742.05,14:35:00,24741.89604599488,3,65
2025-06-05,24751.55,24764.45,24732.0,24739.9,14:40:00,24742.81547018584,3,66
2025-06-05,24760.15,24768.6,24750.35,24750.35,14:45:00,24744.46637778719,3,67
2025-06-05,24748.4,24780.65,24747.05,24759.9,14:50:00,24744.841008474126,3,68
2025-06-05,24739.9,24753.05,24738.05,24748.55,14:55:00,24744.370436238496,3,69
2025-06-05,24740.5,24746.6,24727.1,24742.8,15:00:00,24744.001823263403,3,70
2025-06-05,24747.05,24747.9,24731.95,24742.1,15:05:00,24744.292125809745,3,71
2025-06-05,24752.55,24754.5,24733.8,24746.15,15:10:00,24745.07859001834,3,72
2025-06-05,24767.45,24769.4,24745.45,24752.85,15:15:00,24747.209200492784,3,73
2025-06-05,24770.05,24770.7,24757.1,24767.95,15:20:00,24749.38451473157,3,74
2025-06-05,24761.1,24775.4,24755.55,24770.95,15:25:00,24750.500275233324,3,75
2025-06-06,24750.35,24758.95,24723.55,24758.95,09:15:00,24750.330837549274,4,1
2025-06-06,24747.6,24755.85,24733.25,24749.65,09:20:00,24750.07075778268,4,2
2025-06-06,24729.45,24754.35,24729.05,24747.75,09:25:00,24748.10687608909,4,3
2025-06-06,24708.45,24732.15,24704.25,24728.75,09:30:00,24744.330030747275,4,4
2025-06-06,24694.35,24713.4,24687.15,24708.85,09:35:00,24739.57002781896,4,5
2025-06-06,24687.35,24704.85,24685.55,24693.85,09:40:00,24734.596691836203,4,6
2025-06-06,24703.7,24704.8,24681.1,24687.55,09:45:00,24731.654149756563,4,7
2025-06-06,24704.45,24709.15,24696.1,24704.25,09:50:00,24729.063278351176,4,8
2025-06-06,24712.3,24714.5,24700.2,24703.85,09:55:00,24727.466775651064,4,9
2025-06-06,24687.4,24715.25,24671.65,24713.25,10:00:00,24723.65089225573,4,10
2025-06-06,24794.6,24816.95,24682.2,24687.0,10:05:00,24730.40795013613,4,11
2025-06-06,24750.6,24799.4,24723.9,24793.7,10:10:00,24732.33100250412,4,12
2025-06-06,24754.75,24756.5,24735.75,24750.25,10:15:00,24734.466145122777,4,13
2025-06-06,24788.85,24792.65,24737.75,24755.35,10:20:00,24739.645559872988,4,14
2025-06-06,24831.55,24832.95,24786.3,24787.25,10:25:00,24748.39836369461,4,15
2025-06-06,24860.55,24868.15,24829.05,24832.4,10:30:00,24759.07947191417,4,16
2025-06-06,24884.6,24886.2,24845.55,24860.9,10:35:00,24771.033807922347,4,17
2025-06-06,24912.5,24925.5,24883.4,24883.75,10:40:00,24784.506778596413,4,18
2025-06-06,24941.4,24947.85,24909.4,24912.55,10:45:00,24799.448990158657,4,19
2025-06-06,24930.85,24943.05,24919.3,24940.25,10:50:00,24811.963372048307,4,20
2025-06-06,24942.4,24944.3,24921.85,24930.3,10:55:00,24824.385908043707,4,21
2025-06-06,24970.45,24974.35,24942.15,24942.15,11:00:00,24838.296773944305,4,22
2025-06-06,24980.8,24982.4,24966.8,24970.45,11:05:00,24851.86850975913,4,23
2025-06-06,24983.05,24983.6,24962.35,24981.4,11:10:00,24864.361985020165,4,24
2025-06-06,24984.25,24993.0,24972.9,24982.65,11:15:00,24875.77989120872,4,25
2025-06-06,24969.55,24987.8,24960.55,24983.85,11:20:00,24884.71037776027,4,26
2025-06-06,24969.9,24984.35,24966.65,24969.2,11:25:00,24892.82367511644,4,27
2025-06-06,24979.25,24983.6,24969.9,24970.25,11:30:00,24901.054753676777,4,28
2025-06-06,24980.1,24983.5,24975.2,24979.2,11:35:00,24908.582872374227,4,29
2025-06-06,25006.35,25007.95,24977.9,24980.3,11:40:00,24917.894027386206,4,30
2025-06-06,24998.65,25006.85,24993.4,25006.6,11:45:00,24925.585072397043,4,31
2025-06-06,25007.2,25008.55,24997.7,25000.2,11:50:00,24933.357922644944,4,32
2025-06-06,25025.8,25029.3,25007.2,25007.35,11:55:00,24942.16193001209,4,33
2025-06-06,25011.85,25028.4,25008.0,25026.85,12:00:00,24948.79888905856,4,34
2025-06-06,25013.7,25019.3,25010.7,25011.7,12:05:00,24954.97994724346,4,35
2025-06-06,24998.85,25017.95,24996.6,25013.95,12:10:00,24959.158047505985,4,36
2025-06-06,24984.35,24999.55,24982.15,24998.55,12:15:00,24961.557281076846,4,37
2025-06-06,24982.15,24986.95,24967.05,24983.65,12:20:00,24963.51849240286,4,38
2025-06-06,24984.1,24986.25,24975.4,24982.25,12:25:00,24965.47863598354,4,39
2025-06-06,24987.55,24994.85,24984.2,24984.6,12:30:00,24967.580670651776,4,40
2025-06-06,24971.4,24990.1,24969.05,24988.4,12:35:00,24967.944416303988,4,41
2025-06-06,24981.1,24986.25,24966.0,24972.05,12:40:00,24969.197329036942,4,42
2025-06-06,24981.3,24988.65,24977.6,24981.7,12:45:00,24970.34996436676,4,43
2025-06-06,24982.85,24987.25,24977.95,24982.5,12:50:00,24971.54044395088,4,44
2025-06-06,24982.75,24990.25,24980.4,24982.2,12:55:00,24972.60802071746,4,45
2025-06-06,24979.1,24991.05,24976.95,24982.95,13:00:00,24973.22630445865,4,46
2025-06-06,24968.35,24983.75,24968.0,24979.2,13:05:00,24972.76189451021,4,47
2025-06-06,24969.05,24979.15,24968.0,24969.75,13:10:00,24972.408380747333,4,48
2025-06-06,24968.8,24976.2,24965.15,24969.45,13:15:00,24972.064725438064,4,49
2025-06-06,24975.45,24979.45,24966.05,24969.3,13:20:00,24972.387132539203,4,50
2025-06-06,24973.9,24981.1,24972.8,24975.4,13:25:00,24972.53121515452,4,51
2025-06-06,24980.0,24980.6,24962.35,24973.3,13:30:00,24973.242527996947,4,52
2025-06-06,24997.0,24997.0,24978.45,24980.15,13:35:00,24975.505144378192,4,53
2025-06-06,24981.75,24997.7,24980.0,24996.3,13:40:00,24976.09989253265,4,54
2025-06-06,24978.25,24994.25,24974.8,24982.15,13:45:00,24976.3046646724,4,55
2025-06-06,24975.05,24981.35,24972.2,24977.95,13:50:00,24976.185172798832,4,56
2025-06-06,24990.25,24991.15,24972.3,24975.55,13:55:00,24977.524680151324,4,57
2025-06-06,24992.1,24994.5,24985.6,24990.7,14:00:00,24978.9128058512,4,58
2025-06-06,24979.2,24992.25,24978.85,24992.15,14:05:00,24978.940157674897,4,59
2025-06-06,24990.0,24991.3,24975.15,24979.55,14:10:00,24979.99347599157,4,60
2025-06-06,25003.6,25007.3,24989.4,24989.7,14:15:00,24982.24171637333,4,61
2025-06-06,25016.6,25021.75,24998.55,25003.6,14:20:00,24985.513933861585,4,62
2025-06-06,25017.0,25019.5,25006.45,25016.7,14:25:00,24988.512606827146,4,63
2025-06-06,25002.45,25018.25,24998.3,25017.6,14:30:00,24989.839977605512,4,64
2025-06-06,24989.5,25003.5,24986.75,25002.65,14:35:00,24989.80759878594,4,65
2025-06-06,24988.45,24997.15,24986.25,24990.0,14:40:00,24989.67830366347,4,66
2025-06-06,25001.05,25003.3,24983.2,24988.85,14:45:00,24990.761322362185,4,67
2025-06-06,24994.75,25004.75,24991.85,25001.15,14:50:00,24991.14119642293,4,68
2025-06-06,24998.4,25004.3,24993.05,24994.7,14:55:00,24991.83251104932,4,69
2025-06-06,24996.5,25013.4,24995.1,24999.6,15:00:00,24992.277033806524,4,70
2025-06-06,25010.25,25010.25,24994.3,24997.2,15:05:00,24993.98874487257,4,71
2025-06-06,25002.1,25008.1,24998.15,25008.05,15:10:00,24994.761245360896,4,72
2025-06-06,25000.45,25010.05,24996.75,25002.1,15:15:00,24995.303031517,4,73
2025-06-06,25004.5,25004.5,24996.05,25000.05,15:20:00,24996.17893327728,4,74
2025-06-06,25000.3,25007.35,24992.65,25003.65,15:25:00,24996.5714158223,4,75
2025-06-09,25108.6,25143.45,25106.35,25129.35,09:15:00,25021.33170320148,0,1
2025-06-09,25094.65,25118.65,25087.35,25107.6,09:20:00,25028.31439813468,0,2
2025-06-09,25095.35,25129.8,25093.3,25096.05,09:25:00,25034.698741169464,0,3
2025-06-09,25091.45,25107.05,25082.6,25093.9,09:30:00,25040.10362296285,0,4
2025-06-09,25089.4,25103.9,25086.55,25092.1,09:35:00,25044.79851601401,0,5
2025-06-09,25108.4,25110.9,25078.95,25090.0,09:40:00,25050.85580020315,0,6
2025-06-09,25107.0,25116.0,25089.5,25109.25,09:45:00,25056.20286685047,0,7
2025-06-09,25098.15,25108.15,25097.0,25106.1,09:50:00,25060.19783191233,0,8
2025-06-09,25100.9,25102.2,25089.4,25099.3,09:55:00,25064.07422887305,0,9
2025-06-09,25116.5,25117.45,25094.65,25101.5,10:00:00,25069.067159456576,0,10
2025-06-09,25107.55,25124.35,25102.35,25117.45,10:05:00,25072.732191889285,0,11
2025-06-09,25119.15,25119.7,25106.6,25106.75,10:10:00,25077.15293551888,0,12
2025-06-09,25115.45,25123.8,25110.0,25119.8,10:15:00,25080.80027499327,0,13
2025-06-09,25121.65,25125.4,25111.35,25115.3,10:20:00,25084.69072499391,0,14
2025-06-09,25123.65,25129.4,25114.8,25122.65,10:25:00,25088.401132137347,0,15
2025-06-09,25128.65,25132.65,25121.2,25123.55,10:30:00,25092.23435764808,0,16
2025-06-09,25122.95,25129.85,25118.3,25129.85,10:35:00,25095.15965691969,0,17
2025-06-09,25134.45,25134.9,25120.9,25123.6,10:40:00,25098.90159435592,0,18
2025-06-09,25137.75,25140.4,25131.9,25135.35,10:45:00,25102.60144251249,0,19
2025-06-09,25139.15,25141.3,25134.45,25138.15,10:50:00,25106.0822575113,0,20
2025-06-09,25128.95,25140.4,25128.8,25137.75,10:55:00,25108.26013774832,0,21
2025-06-09,25137.9,25142.7,25127.7,25128.85,11:00:00,25111.08298177229,0,22
2025-06-09,25126.95,25140.75,25124.5,25137.8,11:05:00,25112.59412636541,0,23
2025-06-09,25121.6,25130.9,25121.6,25125.6,11:10:00,25113.45182861632,0,24
2025-06-09,25120.05,25128.2,25116.0,25121.1,11:15:00,25114.08022589096,0,25
2025-06-09,25123.2,25123.95,25113.55,25121.3,11:20:00,25114.9487758061,0,26
2025-06-09,25109.75,25123.9,25109.25,25122.65,11:25:00,25114.45365430076,0,27
2025-06-09,25117.8,25121.7,25109.3,25109.3,11:30:00,25114.772353891163,0,28
2025-06-09,25121.4,25128.1,25117.05,25117.8,11:35:00,25115.40355828248,0,29
2025-06-09,25112.25,25124.05,25107.4,25123.1,11:40:00,25115.10321939844,0,30
2025-06-09,25112.35,25114.55,25106.6,25112.95,11:45:00,25114.84100802716,0,31
2025-06-09,25108.75,25114.8,25103.35,25112.65,11:50:00,25114.26091202457,0,32
2025-06-09,25112.2,25112.9,25103.9,25108.5,11:55:00,25114.064634688897,0,33
2025-06-09,25110.2,25113.75,25102.3,25112.2,12:00:00,25113.69657424233,0,34
2025-06-09,25110.3,25112.85,25103.25,25110.0,12:05:00,25113.373090981164,0,35
2025-06-09,25116.55,25118.65,25109.7,25110.5,12:10:00,25113.675653744864,0,36
2025-06-09,25116.05,25118.2,25112.75,25116.3,12:15:00,25113.90178195964,0,37
2025-06-09,25109.55,25117.75,25104.95,25116.1,12:20:00,25113.48732653491,0,38
2025-06-09,25116.4,25118.75,25108.75,25110.1,12:25:00,25113.76472400777,0,39
2025-06-09,25125.15,25127.1,25114.5,25117.15,12:30:00,25114.849036007035,0,40
2025-06-09,25122.45,25127.85,25119.25,25124.8,12:35:00,25115.572937339697,0,41
2025-06-09,25117.25,25123.05,25115.25,25122.55,12:40:00,25115.732657593057,0,42
2025-06-09,25109.55,25118.4,25106.95,25117.45,12:45:00,25115.143833060385,0,43
2025-06-09,25108.5,25111.4,25105.45,25109.95,12:50:00,25114.51108705464,0,44
2025-06-09,25107.55,25111.85,25104.2,25109.0,12:55:00,25113.848126382763,0,45
2025-06-09,25105.3,25111.75,25104.1,25108.3,13:00:00,25113.03401910821,0,46
2025-06-09,25109.85,25111.0,25103.45,25105.25,13:05:00,25112.73077919315,0,47
2025-06-09,25109.1,25111.4,25105.0,25109.35,13:10:00,25112.384990698563,0,48
2025-06-09,25104.5,25117.1,25104.45,25109.3,13:15:00,25111.634039203465,0,49
2025-06-09,25103.55,25109.5,25098.45,25104.45,13:20:00,25110.86413070789,0,50
2025-06-09,25106.15,25110.25,25103.85,25104.6,13:25:00,25110.41516587857,0,51
2025-06-09,25101.85,25109.05,25099.05,25106.6,13:30:00,25109.599435794906,0,52
2025-06-09,25106.75,25109.35,25098.6,25102.75,13:35:00,25109.32806095729,0,53
2025-06-09,25109.75,25113.1,25103.55,25107.4,13:40:00,25109.368245628026,0,54
2025-06-09,25110.55,25113.85,25105.85,25110.25,13:45:00,25109.480793663453,0,55
2025-06-09,25110.65,25113.05,25104.7,25111.25,13:50:00,25109.592146647887,0,56
2025-06-09,25109.3,25116.05,25107.85,25110.65,13:55:00,25109.56432315761,0,57
2025-06-09,25105.8,25112.45,25104.2,25109.6,14:00:00,25109.20581619022,0,58
2025-06-09,25104.1,25110.45,25103.25,25106.0,14:05:00,25108.719547981626,0,59
2025-06-09,25090.4,25105.15,25088.35,25103.95,14:10:00,25106.97482912624,0,60
2025-06-09,25097.9,25099.55,25083.5,25090.7,14:15:00,25106.11055968564,0,61
2025-06-09,25088.65,25102.2,25085.85,25097.45,14:20:00,25104.44764923939,0,62
2025-06-09,25096.2,25098.85,25088.45,25088.8,14:25:00,25103.662158835643,0,63
2025-06-09,25101.95,25107.1,25096.65,25096.65,14:30:00,25103.499096089392,0,64
2025-06-09,25100.55,25107.25,25099.25,25101.5,14:35:00,25103.21822979516,0,65
2025-06-09,25102.35,25105.8,25099.1,25100.0,14:40:00,25103.13554124324,0,66
2025-06-09,25099.3,25104.45,25096.0,25102.0,14:45:00,25102.77025160103,0,67
2025-06-09,25097.0,25100.15,25094.65,25099.5,14:50:00,25102.220703829506,0,68
2025-06-09,25098.25,25099.55,25092.35,25096.65,14:55:00,25101.842541560025,0,69
2025-06-09,25102.2,25106.45,25095.8,25098.7,15:00:00,25101.876585220976,0,70
2025-06-09,25102.85,25104.65,25096.65,25103.45,15:05:00,25101.969291390407,0,71
2025-06-09,25103.2,25105.5,25099.35,25105.0,15:10:00,25102.08650173418,0,72
2025-06-09,25101.85,25105.55,25099.6,25103.1,15:15:00,25102.06397775949,0,73
2025-06-09,25107.2,25110.95,25100.3,25103.35,15:20:00,25102.55312273478,0,74
2025-06-09,25103.1,25108.2,25099.4,25107.9,15:25:00,25102.605206283846,0,75
2025-06-10,25127.1,25191.25,25123.2,25191.25,09:15:00,25112.989976118977,1,1
2025-06-10,25138.45,25140.2,25122.45,25128.4,09:20:00,25115.414740298125,1,2
2025-06-10,25089.25,25149.55,25086.45,25138.65,09:25:00,25112.922860269733,1,3
2025-06-10,25115.4,25119.2,25055.95,25087.75,09:30:00,25113.15877833928,1,4
2025-06-10,25124.1,25130.9,25101.8,25114.95,09:35:00,25114.200799449827,1,5
2025-06-10,25109.05,25126.75,25105.65,25125.15,09:40:00,25113.71024712127,1,6
2025-06-10,25124.35,25125.75,25103.6,25108.2,09:45:00,25114.723556919245,1,7
2025-06-10,25126.45,25142.0,25120.1,25124.2,09:50:00,25115.840361022176,1,8
2025-06-10,25127.9,25131.65,25125.95,25127.7,09:55:00,25116.988898067684,1,9
2025-06-10,25147.15,25150.1,25127.1,25127.6,10:00:00,25119.861383966,1,10
2025-06-10,25150.0,25157.6,25140.25,25147.8,10:05:00,25122.73172835019,1,11
2025-06-10,25156.9,25157.95,25141.65,25149.05,10:10:00,25125.9858494597,1,12
2025-06-10,25158.8,25158.8,25149.7,25156.5,10:15:00,25129.111006654013,1,13
2025-06-10,25145.25,25163.75,25143.45,25157.05,10:20:00,25130.648053639343,1,14
2025-06-10,25134.8,25147.55,25133.2,25143.5,10:25:00,25131.043477102263,1,15
2025-06-10,25140.75,25141.35,25127.55,25134.55,10:30:00,25131.96790785443,1,16
2025-06-10,25149.6,25152.85,25140.65,25140.75,10:35:00,25133.64715472544,1,17
2025-06-10,25149.2,25153.8,25145.85,25149.85,10:40:00,25135.12837808492,1,18
2025-06-10,25140.7,25150.4,25134.45,25148.75,10:45:00,25135.659008743496,1,19
2025-06-10,25113.45,25140.75,25105.25,25140.4,10:50:00,25133.54386505364,1,20
2025-06-10,25112.6,25119.0,25099.8,25113.95,10:55:00,25131.54921123901,1,21
2025-06-10,25116.8,25118.3,25109.65,25112.3,11:00:00,25130.14452445434,1,22
2025-06-10,25126.85,25128.2,25115.85,25116.25,11:05:00,25129.8307602206,1,23
2025-06-10,25127.7,25129.1,25118.55,25126.15,11:10:00,25129.62783067577,1,24
2025-06-10,25124.05,25128.7,25121.25,25127.8,11:15:00,25129.09660870665,1,25
2025-06-10,25124.2,25124.9,25115.5,25123.55,11:20:00,25128.630265020303,1,26
2025-06-10,25126.0,25131.5,25123.05,25124.45,11:25:00,25128.3797635898,1,27
2025-06-10,25127.25,25134.15,25124.5,25126.15,11:30:00,25128.27216705744,1,28
2025-06-10,25132.9,25136.65,25126.9,25127.7,11:35:00,25128.712913051968,1,29
2025-06-10,25134.8,25135.6,25129.7,25133.05,11:40:00,25129.292635618447,1,30
2025-06-10,25141.0,25143.9,25134.1,25134.8,11:45:00,25130.407622702405,1,31
2025-06-10,25142.1,25143.15,25136.65,25140.6,11:50:00,25131.521182445034,1,32
2025-06-10,25145.7,25147.45,25139.2,25142.15,11:55:00,25132.87154602169,1,33
2025-06-10,25145.8,25150.5,25139.6,25145.85,12:00:00,25134.102827352963,1,34
2025-06-10,25142.85,25146.2,25137.35,25143.2,12:05:00,25134.935891414585,1,35
2025-06-10,25133.5,25145.0,25132.4,25142.7,12:10:00,25134.799139851293,1,36
2025-06-10,25129.0,25135.6,25127.4,25133.5,12:15:00,25134.24684081784,1,37
2025-06-10,25123.05,25129.4,25120.9,25129.35,12:20:00,25133.180475025663,1,38
2025-06-10,25122.85,25126.25,25120.0,25123.5,12:25:00,25132.19662026131,1,39
2025-06-10,25129.45,25133.35,25121.2,25122.8,12:30:00,25131.93503737928,1,40
2025-06-10,25133.8,25135.45,25124.9,25124.9,12:35:00,25132.11265286697,1,41
2025-06-10,25136.5,25138.65,25127.55,25133.6,12:40:00,25132.53049545107,1,42
2025-06-10,25133.1,25138.75,25129.9,25136.05,12:45:00,25132.584733979536,1,43
2025-06-10,25134.75,25135.35,25129.0,25132.8,12:50:00,25132.790949791008,1,44
2025-06-10,25137.3,25139.35,25132.6,25134.0,12:55:00,25133.22038314425,1,45
2025-06-10,25140.25,25142.75,25135.5,25137.5,13:00:00,25133.88987046384,1,46
2025-06-10,25132.2,25140.3,25131.25,25138.8,13:05:00,25133.728930419664,1,47
2025-06-10,25130.5,25135.05,25125.5,25132.35,13:10:00,25133.42141323684,1,48
2025-06-10,25127.3,25132.2,25124.15,25127.65,13:15:00,25132.8384215,1,49
2025-06-10,25127.6,25130.25,25121.15,25127.55,13:20:00,25132.33952421428,1,50
2025-06-10,25130.1,25133.85,25123.5,25127.35,13:25:00,25132.12623619387,1,51
2025-06-10,25132.9,25135.25,25127.05,25130.7,13:30:00,25132.199927984933,1,52
2025-06-10,25138.9,25139.75,25129.2,25132.8,13:35:00,25132.83803008161,1,53
2025-06-10,25129.15,25140.85,25128.85,25138.1,13:40:00,25132.486789121453,1,54
2025-06-10,25131.1,25131.75,25123.75,25128.9,13:45:00,25132.35471396703,1,55
2025-06-10,25135.85,25136.3,25129.25,25131.5,13:50:00,25132.68759835112,1,56
2025-06-10,25127.35,25137.1,25123.95,25136.2,13:55:00,25132.17925565101,1,57
2025-06-10,25127.45,25130.1,25123.75,25126.7,14:00:00,25131.728850350915,1,58
2025-06-10,25129.7,25132.65,25121.7,25127.2,14:05:00,25131.53562650797,1,59
2025-06-10,25127.55,25130.75,25123.2,25129.35,14:10:00,25131.15604303102,1,60
2025-06-10,25124.1,25129.25,25121.1,25126.4,14:15:00,25130.484038932827,1,61
2025-06-10,25123.8,25125.9,25119.4,25124.0,14:20:00,25129.847463796366,1,62
2025-06-10,25123.9,25129.0,25117.95,25123.1,14:25:00,25129.281038672903,1,63
2025-06-10,25121.5,25124.75,25117.4,25123.25,14:30:00,25128.53998737072,1,64
2025-06-10,25122.05,25127.25,25116.1,25121.7,14:35:00,25127.921893335413,1,65
2025-06-10,25112.8,25124.0,25104.35,25122.1,14:40:00,25126.481713017754,1,66
2025-06-10,25112.85,25113.9,25104.15,25112.9,14:45:00,25125.18345463512,1,67
2025-06-10,25110.55,25119.3,25106.35,25112.4,14:50:00,25123.78979228892,1,68
2025-06-10,25102.4,25112.15,25098.7,25110.45,14:55:00,25121.75266921378,1,69
2025-06-10,25093.75,25107.25,25093.5,25102.5,15:00:00,25119.08574833628,1,70
2025-06-10,25119.7,25121.35,25086.15,25093.65,15:05:00,25119.14424849473,1,71
2025-06-10,25104.7,25122.5,25103.8,25120.7,15:10:00,25117.768605780944,1,72
2025-06-10,25109.55,25111.8,25101.2,25103.95,15:15:00,25116.985881420856,1,73
2025-06-10,25100.8,25109.45,25100.25,25108.85,15:20:00,25115.444368904584,1,74
2025-06-10,25091.5,25104.65,25087.7,25101.3,15:25:00,25113.163952818435,1,75
2025-06-11,25128.2,25130.1,25084.4,25122.15,09:15:00,25116.404278837766,2,1
2025-06-11,25119.9,25137.1,25115.05,25127.6,09:20:00,25116.737204662742,2,2
2025-06-11,25136.65,25137.0,25117.7,25120.3,09:25:00,25118.63366136153,2,3
2025-06-11,25141.85,25143.85,25128.4,25135.95,09:30:00,25120.844741231864,2,4
2025-06-11,25125.1,25149.7,25122.35,25141.65,09:35:00,25121.250003971683,2,5
2025-06-11,25126.2,25126.2,25115.85,25124.4,09:40:00,25121.721432164857,2,6
2025-06-11,25132.5,25135.85,25112.45,25125.8,09:45:00,25122.74796243487,2,7
2025-06-11,25136.45,25139.25,25129.2,25132.3,09:50:00,25124.052918393456,2,8
2025-06-11,25145.7,25148.25,25133.3,25137.0,09:55:00,25126.114545213124,2,9
2025-06-11,25152.5,25153.5,25145.65,25145.65,10:00:00,25128.62744566902,2,10
2025-06-11,25157.45,25158.05,25144.35,25153.05,10:05:00,25131.3724508434,2,11
2025-06-11,25146.35,25158.6,25146.05,25157.9,10:10:00,25132.79888409641,2,12
2025-06-11,25152.1,25154.25,25146.6,25147.15,10:15:00,25134.63708561104,2,13
2025-06-11,25139.7,25153.1,25138.6,25152.25,10:20:00,25135.119267933795,2,14
2025-06-11,25138.85,25141.5,25132.4,25140.5,10:25:00,25135.474575749624,2,15
2025-06-11,25148.7,25150.95,25135.25,25138.85,10:30:00,25136.734139963948,2,16
2025-06-11,25145.65,25150.75,25141.65,25148.85,10:35:00,25137.58326949119,2,17
2025-06-11,25173.3,25173.65,25144.8,25145.4,10:40:00,25140.984862872985,2,18
2025-06-11,25172.4,25188.85,25169.0,25173.15,10:45:00,25143.976780694604,2,19
2025-06-11,25169.75,25174.2,25168.4,25172.0,10:50:00,25146.431373009407,2,20
2025-06-11,25173.9,25178.25,25168.55,25168.55,10:55:00,25149.0474327228,2,21
2025-06-11,25171.85,25176.45,25167.3,25174.25,11:00:00,25151.219105796816,2,22
2025-06-11,25176.65,25183.75,25170.85,25171.0,11:05:00,25153.64109572093,2,23
2025-06-11,25180.8,25182.2,25173.65,25176.85,11:10:00,25156.227658033225,2,24
2025-06-11,25193.05,25203.6,25179.25,25180.45,11:15:00,25159.734547744345,2,25
2025-06-11,25191.25,25196.6,25188.2,25193.6,11:20:00,25162.736019387743,2,26
2025-06-11,25186.2,25196.85,25181.7,25191.4,11:25:00,25164.97068420796,2,27
2025-06-11,25190.3,25193.65,25185.65,25185.75,11:30:00,25167.38299999768,2,28
2025-06-11,25192.8,25193.75,25187.2,25190.4,11:35:00,25169.80366666456,2,29
2025-06-11,25187.8,25193.6,25185.5,25192.8,11:40:00,25171.51760317269,2,30
2025-06-11,25193.4,25194.2,25184.55,25187.55,11:45:00,25173.60164096577,2,31
2025-06-11,25214.9,25215.35,25190.55,25193.05,11:50:00,25177.53481801665,2,32
2025-06-11,25210.55,25215.8,25205.65,25214.7,11:55:00,25180.679121062687,2,33
2025-06-11,25211.9,25213.0,25205.0,25210.15,12:00:00,25183.65253810434,2,34
2025-06-11,25209.9,25213.25,25208.65,25211.6,12:05:00,25186.15229638012,2,35
2025-06-11,25205.95,25213.2,25204.05,25209.9,12:10:00,25188.037791962965,2,36
2025-06-11,25207.15,25209.15,25201.5,25206.2,12:15:00,25189.858002252207,2,37
2025-06-11,25214.8,25220.4,25205.0,25206.2,12:20:00,25192.23343060914,2,38
2025-06-11,25206.05,25216.45,25203.9,25214.85,12:25:00,25193.549294360648,2,39
2025-06-11,25195.5,25207.1,25193.6,25205.75,12:30:00,25193.73507585011,2,40
2025-06-11,25187.5,25198.45,25186.3,25194.95,12:35:00,25193.14125910248,2,41
2025-06-11,25199.55,25202.7,25187.05,25187.9,12:40:00,25193.751615378435,2,42
2025-06-11,25209.65,25210.85,25196.85,25198.8,12:45:00,25195.265747247155,2,43
2025-06-11,25220.7,25222.0,25208.75,25209.2,12:50:00,25197.68805703314,2,44
2025-06-11,25214.75,25222.2,25211.55,25220.15,12:55:00,25199.313003982366,2,45
2025-06-11,25209.8,25220.1,25209.6,25215.05,13:00:00,25200.311765507857,2,46
2025-06-11,25212.65,25216.45,25208.0,25209.95,13:05:00,25201.48683545949,2,47
2025-06-11,25208.05,25214.35,25207.25,25212.2,13:10:00,25202.111898749063,2,48
2025-06-11,25208.1,25214.2,25199.25,25207.95,13:15:00,25202.68219410629,2,49
2025-06-11,25198.85,25210.8,25195.95,25208.35,13:20:00,25202.317223239028,2,50
2025-06-11,25171.65,25199.8,25171.4,25197.4,13:25:00,25199.3965353115,2,51
2025-06-11,25164.2,25173.5,25159.25,25171.4,13:30:00,25196.044484329454,2,52
2025-06-11,25167.95,25173.8,25163.0,25164.15,13:35:00,25193.36881915522,2,53
2025-06-11,25155.65,25170.45,25155.3,25168.35,13:40:00,25189.776550664246,2,54
2025-06-11,25128.9,25155.25,25123.6,25155.25,13:45:00,25183.97878393432,2,55
2025-06-11,25108.85,25132.3,25108.85,25128.2,13:50:00,25176.82366165486,2,56
2025-06-11,25145.7,25151.85,25108.15,25108.8,13:55:00,25173.85950340201,2,57
2025-06-11,25133.1,25144.85,25130.95,25144.85,14:00:00,25169.97764593516,2,58
2025-06-11,25117.75,25135.15,25117.1,25133.35,14:05:00,25165.00358441752,2,59
2025-06-11,25127.85,25129.0,25116.25,25117.1,14:10:00,25161.46514780633,2,60
2025-06-11,25138.55,25141.15,25125.8,25127.3,14:15:00,25159.28275277716,2,61
2025-06-11,25150.45,25151.35,25137.9,25138.5,14:20:00,25158.441538226954,2,62
2025-06-11,25142.6,25153.3,25136.75,25149.2,14:25:00,25156.93282030058,2,63
2025-06-11,25141.15,25146.85,25140.2,25142.4,14:30:00,25155.429694557668,2,64
2025-06-11,25137.25,25142.95,25130.6,25141.05,14:35:00,25153.698295075985,2,65
2025-06-11,25135.2,25140.45,25133.45,25136.95,14:40:00,25151.936552687795,2,66
2025-06-11,25138.05,25144.3,25132.4,25134.65,14:45:00,25150.614023860384,2,67
2025-06-11,25150.85,25157.6,25137.85,25138.8,14:50:00,25150.636497778443,2,68
2025-06-11,25144.9,25154.65,25144.2,25151.25,14:55:00,25150.090164656685,2,69
2025-06-11,25146.4,25154.85,25143.65,25144.6,15:00:00,25149.738720403668,2,70
2025-06-11,25147.95,25149.35,25140.25,25145.75,15:05:00,25149.568366079508,2,71
2025-06-11,25144.95,25150.15,25143.45,25149.35,15:10:00,25149.128521690986,2,72
2025-06-11,25136.0,25146.7,25134.95,25145.0,15:15:00,25147.878186291844,2,73
2025-06-11,25129.0,25138.95,25129.0,25136.8,15:20:00,25146.08026378786,2,74
2025-06-11,25126.8,25135.4,25124.95,25129.95,15:25:00,25144.24404818901,2,75
2025-06-12,25164.05,25170.7,25118.2,25157.5,09:15:00,25147.87143173749,3,1
2025-06-12,25173.9,25175.35,25149.25,25164.9,09:20:00,25150.350343000588,3,2
2025-06-12,25173.7,25179.95,25164.05,25173.5,09:25:00,25152.57411985768,3,3
2025-06-12,25189.05,25191.55,25168.75,25173.65,09:30:00,25156.048013204563,3,4
2025-06-12,25149.9,25195.55,25146.3,25188.3,09:35:00,25155.462488137466,3,5
2025-06-12,25103.5,25149.7,25100.45,25149.7,09:40:00,25150.513679743417,3,6
2025-06-12,25108.95,25114.45,25083.6,25103.45,09:45:00,25146.555234053565,3,7
2025-06-12,25118.45,25126.55,25105.25,25107.85,09:50:00,25143.87854509608,3,8
2025-06-12,25093.25,25119.0,25091.55,25118.35,09:55:00,25139.05677889645,3,9
2025-06-12,25077.05,25096.55,25065.25,25093.2,10:00:00,25133.151371382504,3,10
2025-06-12,25103.55,25107.4,25073.25,25077.8,10:05:00,25130.3321931556,3,11
2025-06-12,25096.8,25108.3,25095.5,25102.95,10:10:00,25127.138650950303,3,12
2025-06-12,25090.7,25101.05,25084.95,25096.6,10:15:00,25123.66830324076,3,13
2025-06-12,25098.05,25098.75,25073.05,25091.2,10:20:00,25121.22846483687,3,14
2025-06-12,25103.8,25111.7,25097.05,25097.65,10:25:00,25119.56861104288,3,15
2025-06-12,25096.05,25115.75,25093.3,25104.0,10:30:00,25117.32874332451,3,16
2025-06-12,25095.85,25101.3,25089.85,25095.75,10:35:00,25115.283148722174,3,17
2025-06-12,25044.65,25099.2,25042.45,25096.4,10:40:00,25108.556182177206,3,18
2025-06-12,25058.3,25063.85,25042.85,25043.7,10:45:00,25103.76987911271,3,19
2025-06-12,25055.65,25065.15,25051.75,25058.75,10:50:00,25099.18703348293,3,20
2025-06-12,25054.5,25059.15,25046.0,25055.75,10:55:00,25094.931125532174,3,21
2025-06-12,25057.05,25062.9,25051.1,25054.75,11:00:00,25091.323399291017,3,22
2025-06-12,25055.25,25060.55,25048.55,25058.9,11:05:00,25087.88783745377,3,23
2025-06-12,25046.15,25058.85,25038.25,25055.6,11:10:00,25083.91280531532,3,24
2025-06-12,25069.75,25069.75,25039.7,25045.85,11:15:00,25082.56396671386,3,25
2025-06-12,25076.55,25083.7,25064.35,25067.45,11:20:00,25081.99120797921,3,26
2025-06-12,25077.65,25092.75,25074.65,25076.95,11:25:00,25081.57775960024,3,27
2025-06-12,25055.75,25078.95,25054.5,25078.25,11:30:00,25079.11797297164,3,28
2025-06-12,25032.15,25058.05,25025.65,25054.8,11:35:00,25074.644832688624,3,29
2025-06-12,25035.6,25040.3,25020.4,25031.75,11:40:00,25070.926277194467,3,30
2025-06-12,25042.6,25043.2,25031.0,25035.65,11:45:00,25068.22853650928,3,31
2025-06-12,25037.35,25044.1,25035.25,25043.2,11:50:00,25065.287723508394,3,32
2025-06-12,25029.95,25038.95,25029.05,25037.85,11:55:00,25061.922226031405,3,33
2025-06-12,25022.9,25042.35,25010.0,25029.15,12:00:00,25058.205823552227,3,34
2025-06-12,25034.25,25036.15,25020.95,25022.05,12:05:00,25055.92431654725,3,35
2025-06-12,25039.15,25040.15,25032.8,25034.1,12:10:00,25054.32676259037,3,36
2025-06-12,25039.4,25043.7,25033.15,25039.35,12:15:00,25052.9051661532,3,37
2025-06-12,25044.8,25049.15,25035.25,25039.5,12:20:00,25052.13324556718,3,38
2025-06-12,25035.25,25045.3,25033.3,25044.5,12:25:00,25050.525317417923,3,39
2025-06-12,25059.15,25062.8,25035.05,25035.35,12:30:00,25051.34671575907,3,40
2025-06-12,25043.65,25062.2,25036.75,25059.3,12:35:00,25050.613695210588,3,41
2025-06-12,25057.2,25059.95,25043.05,25043.9,12:40:00,25051.24096233339,3,42
2025-06-12,25069.95,25070.1,25048.0,25057.45,12:45:00,25053.0227754445,3,43
2025-06-12,25063.0,25074.5,25061.5,25069.85,12:50:00,25053.97298730693,3,44
2025-06-12,25040.6,25063.3,25034.5,25063.25,12:55:00,25052.699369468173,3,45
2025-06-12,25030.15,25043.2,25021.65,25040.95,13:00:00,25050.551810471203,3,46
2025-06-12,25035.25,25040.0,25027.65,25029.6,13:05:00,25049.09449518823,3,47
2025-06-12,25041.1,25043.15,25028.15,25035.25,13:10:00,25048.33311469412,3,48
2025-06-12,25042.7,25045.25,25037.6,25041.2,13:15:00,25047.79662758039,3,49
2025-06-12,25029.7,25045.45,25025.95,25042.65,13:20:00,25046.0731392394,3,50
2025-06-12,24980.85,25038.35,24978.0,25029.3,13:25:00,25039.861411692786,3,51
2025-06-12,24945.1,24984.8,24934.55,24978.85,13:30:00,25030.83651534109,3,52
2025-06-12,24925.15,24953.0,24921.65,24945.35,13:35:00,25020.771132927654,3,53
2025-06-12,24911.9,24931.2,24907.9,24925.4,13:40:00,25010.40245360121,3,54
2025-06-12,24878.05,24926.6,24877.45,24912.75,13:45:00,24997.79745802014,3,55
2025-06-12,24898.55,24904.05,24872.05,24879.65,13:50:00,24988.34531916108,3,56
2025-06-12,24889.3,24910.5,24884.75,24899.25,13:55:00,24978.91243162193,3,57
2025-06-12,24855.2,24892.9,24852.35,24890.6,14:00:00,24967.130295276987,3,58
2025-06-12,24831.2,24857.15,24826.7,24855.0,14:05:00,24954.184552869658,3,59
2025-06-12,24847.4,24858.6,24831.5,24831.9,14:10:00,24944.0145954535,3,60
2025-06-12,24873.0,24877.2,24844.5,24847.55,14:15:00,24937.251300648404,3,61
2025-06-12,24860.55,24894.75,24860.55,24873.4,14:20:00,24929.946414872367,3,62
2025-06-12,24862.9,24865.5,24844.85,24861.45,14:25:00,24923.56104202738,3,63
2025-06-12,24909.7,24912.5,24863.75,24863.75,14:30:00,24922.24094278668,3,64
2025-06-12,24868.45,24912.3,24868.1,24908.0,14:35:00,24917.117995854613,3,65
2025-06-12,24891.7,24903.6,24868.2,24868.2,14:40:00,24914.697234344647,3,66
2025-06-12,24906.8,24913.15,24884.95,24891.65,14:45:00,24913.94511678801,3,67
2025-06-12,24896.8,24910.2,24893.9,24905.45,14:50:00,24912.31224852249,3,68
2025-06-12,24907.0,24912.45,24887.05,24896.85,14:55:00,24911.80632009177,3,69
2025-06-12,24905.5,24920.95,24897.3,24906.9,15:00:00,24911.20571817828,3,70
2025-06-12,24902.95,24910.95,24888.55,24905.45,15:05:00,24910.41945930416,3,71
2025-06-12,24887.55,24901.95,24884.6,24901.95,15:10:00,24908.2414155609,3,72
2025-06-12,24876.25,24887.35,24866.5,24887.35,15:15:00,24905.19461407891,3,73
2025-06-12,24870.9,24878.15,24867.35,24876.6,15:20:00,24901.92846035711,3,74
2025-06-12,24856.0,24871.65,24850.8,24869.8,15:25:00,24897.55432127548,3,75
2025-06-13,24601.15,24621.2,24508.1,24508.1,09:15:00,24832.742426259523,4,1
2025-06-13,24628.45,24628.45,24582.25,24604.6,09:20:00,24813.286004711,4,2
2025-06-13,24644.25,24652.35,24615.8,24629.15,09:25:00,24797.187337595664,4,3
2025-06-13,24586.8,24641.9,24585.5,24641.9,09:30:00,24777.15044830084,4,4
2025-06-13,24636.45,24638.5,24583.05,24585.15,09:35:00,24763.75040560552,4,5
2025-06-13,24621.2,24638.7,24616.6,24635.65,09:40:00,24750.17417650023,4,6
2025-06-13,24611.15,24635.05,24593.45,24620.35,09:45:00,24736.933778738305,4,7
2025-06-13,24639.95,24645.95,24610.2,24610.2,09:50:00,24727.69722838228,4,8
2025-06-13,24641.9,24647.15,24627.2,24639.1,09:55:00,24719.52606377444,4,9
2025-06-13,24623.2,24646.5,24614.25,24641.2,10:00:00,24710.352152938776,4,10
2025-06-13,24627.8,24631.1,24616.6,24621.5,10:05:00,24702.490043135083,4,11
2025-06-13,24644.15,24654.4,24624.15,24626.2,10:10:00,24696.93384855079,4,12
2025-06-13,24630.55,24646.25,24625.2,24642.5,10:15:00,24690.61157726024,4,13
2025-06-13,24659.95,24663.45,24625.4,24629.45,10:20:00,24687.69142704497,4,14
2025-06-13,24672.25,24675.0,24657.95,24659.25,10:25:00,24686.220814945456,4,15
2025-06-13,24673.5,24682.4,24663.45,24671.9,10:30:00,24685.00930876017,4,16
2025-06-13,24667.35,24683.95,24661.3,24672.55,10:35:00,24683.32746983064,4,17
2025-06-13,24673.95,24677.75,24663.1,24666.25,10:40:00,24682.43437746581,4,18
2025-06-13,24675.6,24687.75,24668.25,24671.85,10:45:00,24681.783484373827,4,19
2025-06-13,24681.9,24692.25,24674.25,24674.25,10:50:00,24681.79458110013,4,20
2025-06-13,24671.55,24684.8,24670.6,24680.5,10:55:00,24680.818906709643,4,21
2025-06-13,24683.5,24685.2,24670.35,24671.4,11:00:00,24681.074248927773,4,22
2025-06-13,24673.9,24692.35,24673.4,24683.25,11:05:00,24680.39098712513,4,23
2025-06-13,24653.75,24677.45,24650.45,24673.8,11:10:00,24677.853750256072,4,24
2025-06-13,24655.95,24657.85,24639.75,24652.75,11:15:00,24675.76767880312,4,25
2025-06-13,24657.2,24662.15,24650.95,24655.2,11:20:00,24673.99932844091,4,26
2025-06-13,24663.15,24667.05,24653.35,24657.6,11:25:00,24672.966059065584,4,27
2025-06-13,24677.05,24682.45,24661.3,24661.5,11:30:00,24673.35500582124,4,28
2025-06-13,24689.6,24690.65,24674.95,24676.45,11:35:00,24674.902148123983,4,29
2025-06-13,24679.3,24693.65,24679.3,24688.35,11:40:00,24675.320991159795,4,30
2025-06-13,24675.65,24687.3,24673.15,24678.7,11:45:00,24675.35232533505,4,31
2025-06-13,24684.8,24689.6,24674.6,24675.1,11:50:00,24676.25210387457,4,32
2025-06-13,24684.65,24687.25,24674.45,24683.9,11:55:00,24677.05190350556,4,33
2025-06-13,24692.0,24694.15,24683.6,24684.0,12:00:00,24678.475531743126,4,34
2025-06-13,24686.4,24702.0,24685.05,24690.35,12:05:00,24679.230243005684,4,35
2025-06-13,24688.95,24692.75,24683.35,24685.45,12:10:00,24680.155934148,4,36
2025-06-13,24723.95,24724.55,24688.8,24688.8,12:15:00,24684.32679756248,4,37
2025-06-13,24710.35,24723.9,24709.0,24722.75,12:20:00,24686.80519779462,4,38
2025-06-13,24706.45,24712.85,24703.85,24709.2,12:25:00,24688.67613133799,4,39
2025-06-13,24696.1,24711.05,24696.1,24704.35,12:30:00,24689.383166448657,4,40
2025-06-13,24692.4,24698.8,24690.85,24695.1,12:35:00,24689.67048392973,4,41
2025-06-13,24690.8,24696.45,24687.45,24692.05,12:40:00,24689.77805688881,4,42
2025-06-13,24682.4,24695.8,24681.45,24688.5,12:45:00,24689.075384804164,4,43
2025-06-13,24683.3,24687.75,24675.9,24680.2,12:50:00,24688.52534815615,4,44
2025-06-13,24682.45,24685.5,24678.0,24681.6,12:55:00,24687.94674356985,4,45
2025-06-13,24677.9,24686.55,24675.6,24678.0,13:00:00,24686.98991084891,4,46
2025-06-13,24681.0,24685.25,24674.45,24676.85,13:05:00,24686.41944314901,4,47
2025-06-13,24686.0,24687.2,24676.2,24679.4,13:10:00,24686.37949618244,4,48
2025-06-13,24686.1,24690.45,24680.65,24685.2,13:15:00,24686.3528774984,4,49
2025-06-13,24696.25,24700.3,24684.6,24685.15,13:20:00,24687.295460593792,4,50
2025-06-13,24691.65,24700.25,24689.0,24694.7,13:25:00,24687.71017863248,4,51
2025-06-13,24711.05,24715.45,24689.25,24689.25,13:30:00,24689.93301876272,4,52
2025-06-13,24726.85,24727.65,24707.4,24707.4,13:35:00,24693.4489217377,4,53
2025-06-13,24735.05,24736.85,24725.25,24725.7,13:40:00,24697.410929191254,4,54
2025-06-13,24743.5,24754.1,24733.6,24733.6,13:45:00,24701.800364506373,4,55
2025-06-13,24726.6,24746.7,24724.5,24742.4,13:50:00,24704.162234553387,4,56
2025-06-13,24712.6,24727.5,24706.0,24726.05,13:55:00,24704.965831262587,4,57
2025-06-13,24721.65,24724.05,24704.8,24711.8,14:00:00,24706.55479971377,4,58
2025-06-13,24725.15,24728.85,24714.4,24719.95,14:05:00,24708.3257711696,4,59
2025-06-13,24715.85,24727.9,24714.6,24724.35,14:10:00,24709.042364391546,4,60
2025-06-13,24711.05,24717.95,24705.3,24714.35,14:15:00,24709.233567782823,4,61
2025-06-13,24710.1,24717.9,24708.3,24710.15,14:20:00,24709.31608513684,4,62
2025-06-13,24712.75,24718.05,24708.9,24709.6,14:25:00,24709.643124647613,4,63
2025-06-13,24711.25,24724.9,24707.9,24713.5,14:30:00,24709.79616039546,4,64
2025-06-13,24705.05,24713.7,24702.0,24710.95,14:35:00,24709.3441451197,4,65
2025-06-13,24687.65,24715.0,24686.35,24705.2,14:40:00,24707.27803606068,4,66
2025-06-13,24678.0,24700.55,24676.9,24687.85,14:45:00,24704.48965167395,4,67
2025-06-13,24673.95,24680.0,24665.75,24679.1,14:50:00,24701.581113419288,4,68
2025-06-13,24663.95,24675.85,24650.9,24673.75,14:55:00,24697.997197855548,4,69
2025-06-13,24702.1,24702.45,24662.75,24664.25,15:00:00,24698.387940916924,4,70
2025-06-13,24727.9,24727.9,24702.6,24702.6,15:05:00,24701.19861321055,4,71
2025-06-13,24725.6,24728.45,24717.2,24727.95,15:10:00,24703.522554809544,4,72
2025-06-13,24717.95,24725.9,24709.75,24725.15,15:15:00,24704.89659720864,4,73
2025-06-13,24729.35,24733.15,24718.1,24718.7,15:20:00,24707.225492712576,4,74
2025-06-13,24735.55,24744.95,24728.45,24728.55,15:25:00,24709.923064835188,4,75
2025-06-16,24788.95,24804.75,24704.6,24733.75,09:15:00,24719.38191928685,0,1
2025-06-16,24802.9,24817.4,24784.6,24788.3,09:20:00,24727.336022211915,0,2
2025-06-16,24785.6,24816.8,24780.2,24800.7,09:25:00,24732.884972477448,0,3
2025-06-16,24760.0,24791.65,24757.95,24786.5,09:30:00,24735.467356051024,0,4
2025-06-16,24757.7,24775.05,24749.25,24761.7,09:35:00,24737.584750712835,0,5
2025-06-16,24765.0,24775.2,24753.45,24757.65,09:40:00,24740.19572683542,0,6
2025-06-16,24713.25,24767.3,24706.5,24767.3,09:45:00,24737.62946713681,0,7
2025-06-16,24725.4,24743.75,24706.15,24712.4,09:50:00,24736.46475598092,0,8
2025-06-16,24737.25,24737.25,24721.2,24724.6,09:55:00,24736.5395411256,0,9
2025-06-16,24736.9,24738.55,24726.05,24736.85,10:00:00,24736.573870542208,0,10
2025-06-16,24767.95,24771.95,24736.45,24736.85,10:05:00,24739.56207334771,0,11
2025-06-16,24763.7,24771.0,24761.3,24767.95,10:10:00,24741.86092350507,0,12
2025-06-16,24790.35,24790.55,24763.25,24763.6,10:15:00,24746.478930790305,0,13
2025-06-16,24795.75,24798.3,24782.45,24790.5,10:20:00,24751.17141357218,0,14
2025-06-16,24825.15,24832.05,24793.05,24795.35,10:25:00,24758.21699323197,0,15
2025-06-16,24845.65,24863.85,24825.85,24827.5,10:30:00,24766.5439462575,0,16
2025-06-16,24855.55,24857.1,24843.0,24846.85,10:35:00,24775.0207132806,0,17
2025-06-16,24869.7,24870.1,24846.1,24856.45,10:40:00,24784.037788206257,0,18
2025-06-16,24867.15,24890.7,24866.2,24872.2,10:45:00,24791.95323694852,0,19
2025-06-16,24871.75,24873.5,24859.3,24867.25,10:50:00,24799.552928667705,0,20
2025-06-16,24875.9,24876.2,24869.3,24872.35,10:55:00,24806.8240783184,0,21
2025-06-16,24900.4,24906.75,24876.2,24876.2,11:00:00,24815.736070859508,0,22
2025-06-16,24925.55,24930.5,24893.85,24899.5,11:05:00,24826.19454030145,0,23
2025-06-16,24906.75,24927.9,24904.8,24926.1,11:10:00,24833.86648884417,0,24
2025-06-16,24905.85,24912.3,24900.55,24906.75,11:15:00,24840.722061335207,0,25
2025-06-16,24875.2,24906.7,24874.5,24905.9,11:20:00,24844.00567454138,0,26
2025-06-16,24884.15,24891.2,24874.25,24875.0,11:25:00,24847.82894363268,0,27
2025-06-16,24892.55,24904.25,24883.45,24884.0,11:30:00,24852.08809185814,0,28
2025-06-16,24903.2,24907.35,24892.15,24892.25,11:35:00,24856.95589263356,0,29
2025-06-16,24908.85,24912.8,24896.05,24903.45,11:40:00,24861.898188573217,0,30
2025-06-16,24917.1,24922.4,24903.45,24909.35,11:45:00,24867.1555039472,0,31
2025-06-16,24902.15,24925.05,24901.2,24917.45,11:50:00,24870.488313095084,0,32
2025-06-16,24892.2,24903.25,24890.1,24901.85,11:55:00,24872.556092800314,0,33
2025-06-16,24893.75,24901.85,24889.6,24892.25,12:00:00,24874.574560152665,0,34
2025-06-16,24894.55,24899.0,24891.35,24892.8,12:05:00,24876.47698299527,0,35
2025-06-16,24916.9,24918.05,24892.75,24895.35,12:10:00,24880.32679413858,0,36
2025-06-16,24898.55,24918.55,24897.2,24917.3,12:15:00,24882.06233755395,0,37
2025-06-16,24900.35,24903.55,24894.8,24897.7,12:20:00,24883.80401969167,0,38
2025-06-16,24893.0,24902.0,24891.65,24899.75,12:25:00,24884.67982734008,0,39
2025-06-16,24937.55,24942.6,24892.0,24892.0,12:30:00,24889.715081879123,0,40
2025-06-16,24949.6,24951.5,24922.8,24936.2,12:35:00,24895.418407414443,0,41
2025-06-16,24940.6,24952.7,24939.25,24949.35,12:40:00,24899.721416232114,0,42
2025-06-16,24934.2,24948.15,24930.0,24941.25,12:45:00,24903.005090876675,0,43
2025-06-16,24927.9,24936.3,24921.15,24933.95,12:50:00,24905.376034602705,0,44
2025-06-16,24921.5,24928.35,24915.3,24926.15,12:55:00,24906.91165035483,0,45
2025-06-16,24928.4,24932.3,24922.0,24922.0,13:00:00,24908.95815984484,0,46
2025-06-16,24937.4,24941.05,24924.1,24928.0,13:05:00,24911.666906526287,0,47
2025-06-16,24934.4,24941.7,24929.15,24936.5,13:10:00,24913.8319630476,0,48
2025-06-16,24933.35,24938.75,24929.6,24934.35,13:15:00,24915.690823709727,0,49
2025-06-16,24933.85,24942.35,24932.2,24933.2,13:20:00,24917.420269070702,0,50
2025-06-16,24941.3,24947.95,24930.45,24932.2,13:25:00,24919.69452915921,0,51
2025-06-16,24940.25,24946.8,24933.7,24941.1,13:30:00,24921.652193048805,0,52
2025-06-16,24952.1,24953.4,24939.7,24940.35,13:35:00,24924.55198418701,0,53
2025-06-16,24947.9,24966.3,24947.55,24951.45,13:40:00,24926.77560474063,0,54
2025-06-16,24942.0,24951.65,24941.5,24947.6,13:45:00,24928.225547146285,0,55
2025-06-16,24935.7,24943.75,24927.65,24941.65,13:50:00,24928.93739979902,0,56
2025-06-16,24937.9,24945.8,24933.25,24935.6,13:55:00,24929.79098077054,0,57
2025-06-16,24949.0,24952.35,24938.8,24938.8,14:00:00,24931.620411173342,0,58
2025-06-16,24960.45,24963.9,24949.1,24949.15,14:05:00,24934.36608629969,0,59
2025-06-16,24961.5,24965.85,24955.0,24959.9,14:10:00,24936.950268556862,0,60
2025-06-16,24959.25,24965.75,24957.2,24961.65,14:15:00,24939.07405250383,0,61
2025-06-16,24948.6,24961.4,24947.25,24959.6,14:20:00,24939.981285598704,0,62
2025-06-16,24941.4,24954.75,24939.25,24948.55,14:25:00,24940.116401255968,0,63
2025-06-16,24939.35,24946.5,24935.5,24941.5,14:30:00,24940.04341066016,0,64
2025-06-16,24931.5,24942.85,24928.5,24940.5,14:35:00,24939.22975250205,0,65
2025-06-16,24936.7,24940.4,24929.9,24931.4,14:40:00,24938.988823692333,0,66
2025-06-16,24939.2,24941.35,24929.95,24935.85,14:45:00,24939.008935721635,0,67
2025-06-16,24935.3,24939.7,24929.25,24938.3,14:50:00,24938.655703748147,0,68
2025-06-16,24942.45,24944.7,24932.2,24935.8,14:55:00,24939.017065295942,0,69
2025-06-16,24943.4,24949.6,24934.35,24944.15,15:00:00,24939.43448764871,0,70
2025-06-16,24945.05,24948.3,24939.5,24944.05,15:05:00,24939.96929834883,0,71
2025-06-16,24950.7,24952.2,24941.9,24944.7,15:10:00,24940.991269934657,0,72
2025-06-16,24955.2,24957.95,24947.3,24951.55,15:15:00,24942.344482321834,0,73
2025-06-16,24937.8,24955.5,24937.15,24955.2,15:20:00,24941.91167448166,0,74
2025-06-16,24940.95,24953.95,24936.45,24939.35,15:25:00,24941.820086435782,0,75
2025-06-17,24896.4,24975.8,24892.8,24966.3,09:15:00,24940.598982320447,1,1
2025-06-17,24889.5,24907.6,24868.95,24896.05,09:20:00,24935.73241257564,1,2
2025-06-17,24882.6,24897.3,24872.9,24889.45,09:25:00,24930.67218280653,1,3
2025-06-17,24890.4,24912.7,24862.85,24882.7,09:30:00,24926.83673682496,1,4
2025-06-17,24899.25,24917.15,24883.1,24890.3,09:35:00,24924.209428555914,1,5
2025-06-17,24880.4,24900.65,24863.5,24898.5,09:40:00,24920.037102026778,1,6
2025-06-17,24868.75,24884.75,24865.1,24880.9,09:45:00,24915.152616119467,1,7
2025-06-17,24858.0,24883.4,24857.95,24868.65,09:50:00,24909.709509822376,1,8
2025-06-17,24874.4,24875.1,24859.25,24859.25,09:55:00,24906.3466993631,1,9
2025-06-17,24859.9,24877.35,24851.25,24874.35,10:00:00,24901.923204185667,1,10
2025-06-17,24856.55,24867.35,24854.05,24860.15,10:05:00,24897.601946644176,1,11
2025-06-17,24851.7,24856.35,24846.8,24856.25,10:10:00,24893.230332678064,1,12
2025-06-17,24880.85,24881.3,24850.25,24851.75,10:15:00,24892.05125337539,1,13
2025-06-17,24877.65,24881.1,24870.95,24880.7,10:20:00,24890.679705434875,1,14
2025-06-17,24872.25,24884.3,24867.5,24878.15,10:25:00,24888.924495393458,1,15
2025-06-17,24890.35,24891.8,24868.3,24871.85,10:30:00,24889.06025773694,1,16
2025-06-17,24896.9,24908.4,24887.65,24890.05,10:35:00,24889.806899857227,1,17
2025-06-17,24900.45,24904.25,24893.55,24897.15,10:40:00,24890.82052844225,1,18
2025-06-17,24873.35,24901.3,24873.35,24900.7,10:45:00,24889.15666859061,1,19
2025-06-17,24875.75,24881.8,24870.4,24874.45,10:50:00,24887.87984301056,1,20
2025-06-17,24875.85,24877.3,24869.8,24875.4,10:55:00,24886.73414367622,1,21
2025-06-17,24871.5,24877.4,24868.45,24875.8,11:00:00,24885.28327284992,1,22
2025-06-17,24872.4,24879.25,24869.75,24871.2,11:05:00,24884.056294483256,1,23
2025-06-17,24878.8,24878.85,24866.7,24872.5,11:10:00,24883.55569500866,1,24
2025-06-17,24870.55,24882.65,24868.65,24878.8,11:15:00,24882.31705738879,1,25
2025-06-17,24884.9,24889.4,24869.75,24870.8,11:20:00,24882.5630519232,1,26
2025-06-17,24889.95,24890.7,24879.35,24884.3,11:25:00,24883.26657078765,1,27
2025-06-17,24891.7,24893.6,24885.6,24890.2,11:30:00,24884.069754522163,1,28
2025-06-17,24892.7,24894.6,24883.45,24891.75,11:35:00,24884.89168266291,1,29
2025-06-17,24894.95,24899.85,24891.5,24892.65,11:40:00,24885.8496176474,1,30
2025-06-17,24885.9,24896.6,24885.2,24894.55,11:45:00,24885.854415966693,1,31
2025-06-17,24872.45,24886.9,24871.45,24886.2,11:50:00,24884.577804922246,1,32
2025-06-17,24867.25,24876.75,24864.65,24871.8,11:55:00,24882.9275377868,1,33
2025-06-17,24863.3,24868.2,24859.9,24866.65,12:00:00,24881.058248473764,1,34
2025-06-17,24868.6,24869.8,24859.9,24863.1,12:05:00,24879.87174861912,1,35
2025-06-17,24855.7,24872.65,24854.0,24868.1,12:10:00,24877.569677322062,1,36
2025-06-17,24859.55,24862.4,24851.65,24855.05,12:15:00,24875.853517577103,1,37
2025-06-17,24856.5,24862.3,24855.0,24859.25,12:20:00,24874.0103254269,1,38
2025-06-17,24857.85,24859.2,24846.8,24856.5,12:25:00,24872.471246814817,1,39
2025-06-17,24852.85,24862.0,24850.85,24857.4,12:30:00,24870.602556641978,1,40
2025-06-17,24850.6,24858.95,24848.9,24853.05,12:35:00,24868.697551247504,1,41
2025-06-17,24844.1,24864.05,24841.7,24851.1,12:40:00,24866.354927319167,1,42
2025-06-17,24840.25,24849.95,24838.05,24843.4,12:45:00,24863.86874376496,1,43
2025-06-17,24820.9,24841.6,24820.9,24840.1,12:50:00,24859.776482454014,1,44
2025-06-17,24827.9,24831.65,24814.0,24822.2,12:55:00,24856.7406269822,1,45
2025-06-17,24826.5,24830.25,24821.05,24827.9,13:00:00,24853.86056726961,1,46
2025-06-17,24835.2,24838.55,24823.55,24826.4,13:05:00,24852.0833703868,1,47
2025-06-17,24839.45,24841.4,24833.0,24835.0,13:10:00,24850.88019225472,1,48
2025-06-17,24841.65,24843.75,24837.0,24839.8,13:15:00,24850.001126325697,1,49
2025-06-17,24837.3,24841.75,24830.6,24841.55,13:20:00,24848.79149524706,1,50
2025-06-17,24839.2,24846.15,24837.1,24837.1,13:25:00,24847.878019509248,1,51
2025-06-17,24848.65,24852.7,24838.35,24839.55,13:30:00,24847.95154146075,1,52
2025-06-17,24851.0,24852.5,24846.25,24849.15,13:35:00,24848.24187084544,1,53
2025-06-17,24849.2,24852.05,24846.1,24850.5,13:40:00,24848.33312124111,1,54
2025-06-17,24844.75,24850.0,24839.55,24848.95,13:45:00,24847.9918715991,1,55
2025-06-17,24852.8,24856.95,24841.95,24845.45,13:50:00,24848.449788589664,1,56
2025-06-17,24849.2,24854.8,24845.75,24852.65,13:55:00,24848.52123729541,1,57
2025-06-17,24850.8,24855.15,24845.6,24849.15,14:00:00,24848.73826231489,1,58
2025-06-17,24862.95,24863.85,24847.0,24850.9,14:05:00,24850.09176114205,1,59
2025-06-17,24862.35,24866.25,24860.15,24862.2,14:10:00,24851.259212461853,1,60
2025-06-17,24865.45,24867.3,24857.75,24862.25,14:15:00,24852.61071603692,1,61
2025-06-17,24865.55,24868.3,24857.9,24865.3,14:20:00,24853.8430287953,1,62
2025-06-17,24861.05,24869.25,24859.0,24865.0,14:25:00,24854.52940700528,1,63
2025-06-17,24861.5,24867.8,24859.7,24861.25,14:30:00,24855.19327300477,1,64
2025-06-17,24838.45,24863.6,24836.75,24861.7,14:35:00,24853.598675575744,1,65
2025-06-17,24852.0,24853.45,24837.7,24837.7,14:40:00,24853.446420759006,1,66
2025-06-17,24854.55,24858.8,24850.8,24852.4,14:45:00,24853.55152354386,1,67
2025-06-17,24851.65,24861.8,24849.15,24853.85,14:50:00,24853.37042606349,1,68
2025-06-17,24852.05,24854.35,24843.05,24851.65,14:55:00,24853.2446712003,1,69
2025-06-17,24846.9,24867.1,24843.3,24852.3,15:00:00,24852.64041680027,1,70
2025-06-17,24861.0,24864.8,24841.4,24846.8,15:05:00,24853.4365675812,1,71
2025-06-17,24862.4,24867.35,24850.65,24861.25,15:10:00,24854.29022781156,1,72
2025-06-17,24844.75,24868.45,24841.1,24859.5,15:15:00,24853.381634686648,1,73
2025-06-17,24847.4,24861.65,24841.6,24844.8,15:20:00,24852.811955192683,1,74
2025-06-17,24841.5,24852.1,24833.85,24846.55,15:25:00,24851.734626126712,1,75
2025-06-18,24830.35,24837.45,24777.85,24789.35,09:15:00,24844.23628125112,2,1
2025-06-18,24879.75,24881.55,24829.8,24831.45,09:20:00,24847.61854017958,2,2
2025-06-18,24897.2,24900.05,24872.6,24880.25,09:25:00,24852.340583972004,2,3
2025-06-18,24914.4,24924.55,24893.8,24897.05,09:30:00,24858.2510045461,2,4
2025-06-18,24935.45,24944.35,24914.4,24915.25,09:35:00,24865.60328982742,2,5
2025-06-18,24937.8,24939.7,24929.4,24934.4,09:40:00,24872.479166986715,2,6
2025-06-18,24927.15,24947.4,24922.95,24937.0,09:45:00,24877.68591298798,2,7
2025-06-18,24916.8,24933.55,24912.6,24927.75,09:50:00,24881.411064131986,2,8
2025-06-18,24902.25,24917.75,24902.25,24916.6,09:55:00,24883.39572469084,2,9
2025-06-18,24914.55,24917.1,24901.65,24902.75,10:00:00,24886.362798529808,2,10
2025-06-18,24909.3,24923.65,24909.3,24914.2,10:05:00,24888.54729390792,2,11
2025-06-18,24916.95,24916.95,24901.65,24908.7,10:10:00,24891.252313535737,2,12
2025-06-18,24916.9,24928.85,24908.0,24917.25,10:15:00,24893.69495034186,2,13
2025-06-18,24878.7,24918.4,24878.1,24917.35,10:20:00,24892.26685983311,2,14
2025-06-18,24882.75,24888.25,24874.2,24878.0,10:25:00,24891.36049222996,2,15
2025-06-18,24854.35,24884.8,24854.1,24882.15,10:30:00,24887.83568344615,2,16
2025-06-18,24873.45,24876.45,24842.45,24854.5,10:35:00,24886.46561835604,2,17
2025-06-18,24871.5,24879.8,24867.3,24874.6,10:40:00,24885.04032136975,2,18
2025-06-18,24848.95,24872.15,24848.75,24871.75,10:45:00,24881.603147905964,2,19
2025-06-18,24831.5,24856.45,24830.0,24848.8,10:50:00,24876.83141953397,2,20
2025-06-18,24847.0,24847.35,24827.15,24831.55,10:55:00,24873.990331959307,2,21
2025-06-18,24839.05,24847.7,24836.35,24846.55,11:00:00,24870.66268129652,2,22
2025-06-18,24836.65,24839.35,24826.0,24838.85,11:05:00,24867.4233783159,2,23
2025-06-18,24837.95,24840.85,24829.2,24836.45,11:10:00,24864.616389904862,2,24
2025-06-18,24823.55,24837.8,24818.15,24837.8,11:15:00,24860.70530515202,2,25
2025-06-18,24814.05,24825.85,24811.9,24822.55,11:20:00,24856.261942756588,2,26
2025-06-18,24807.8,24813.8,24805.45,24813.6,11:25:00,24851.64651963691,2,27
2025-06-18,24773.1,24807.4,24770.15,24806.65,11:30:00,24844.165898719108,2,28
2025-06-18,24798.75,24799.15,24767.2,24771.55,11:35:00,24839.84057503157,2,29
2025-06-18,24804.75,24807.35,24794.1,24798.75,11:40:00,24836.498615504755,2,30
2025-06-18,24802.3,24806.85,24799.6,24805.75,11:45:00,24833.2416045043,2,31
2025-06-18,24788.9,24801.75,24787.75,24801.75,11:50:00,24829.018594551508,2,32
2025-06-18,24779.45,24790.4,24776.8,24788.95,11:55:00,24824.297776022795,2,33
2025-06-18,24800.3,24800.3,24778.5,24779.05,12:00:00,24822.012273544435,2,34
2025-06-18,24820.25,24821.75,24797.75,24800.2,12:05:00,24821.84443796877,2,35
2025-06-18,24816.35,24820.65,24811.15,24819.3,12:10:00,24821.321158162224,2,36
2025-06-18,24813.0,24817.5,24809.25,24815.8,12:15:00,24820.52866690868,2,37
2025-06-18,24795.45,24814.35,24789.25,24812.5,12:20:00,24818.140222441187,2,38
2025-06-18,24791.45,24797.15,24780.9,24795.2,12:25:00,24815.598296494405,2,39
2025-06-18,24787.05,24797.2,24783.2,24791.05,12:30:00,24812.879411113987,2,40
2025-06-18,24793.45,24794.5,24786.5,24787.3,12:35:00,24811.028991007894,2,41
2025-06-18,24782.3,24793.25,24781.6,24792.75,12:40:00,24808.29289662619,2,42
2025-06-18,24765.8,24787.35,24760.65,24782.3,12:45:00,24804.24595409037,2,43
2025-06-18,24775.35,24780.25,24766.05,24766.1,12:50:00,24801.49395846271,2,44
2025-06-18,24775.4,24783.95,24770.2,24774.85,12:55:00,24799.0088195615,2,45
2025-06-18,24786.5,24794.3,24769.2,24775.4,13:00:00,24797.817503412785,2,46
2025-06-18,24790.4,24795.25,24785.9,24785.9,13:05:00,24797.11107451633,2,47
2025-06-18,24800.5,24803.3,24789.8,24791.3,13:10:00,24797.4338293243,2,48
2025-06-18,24793.8,24801.3,24789.7,24799.85,13:15:00,24797.08775034104,2,49
2025-06-18,24796.55,24803.8,24790.8,24793.15,13:20:00,24797.03653602284,2,50
2025-06-18,24801.9,24802.25,24793.95,24795.8,13:25:00,24797.49972306828,2,51
2025-06-18,24804.6,24808.05,24796.55,24800.9,13:30:00,24798.17593991892,2,52
2025-06-18,24802.15,24814.95,24801.8,24803.75,13:35:00,24798.554421831403,2,53
2025-06-18,24790.75,24809.9,24790.3,24802.15,13:40:00,24797.811143561747,2,54
2025-06-18,24778.0,24795.15,24778.0,24791.3,13:45:00,24795.92436798444,2,55
2025-06-18,24770.15,24780.35,24765.6,24778.75,13:50:00,24793.469666271634,2,56
2025-06-18,24779.6,24780.05,24766.55,24770.8,13:55:00,24792.14874567433,2,57
2025-06-18,24780.6,24782.4,24769.7,24781.05,14:00:00,24791.04886513393,2,58
2025-06-18,24777.05,24782.1,24773.2,24780.6,14:05:00,24789.71563988308,2,59
2025-06-18,24776.9,24782.75,24774.05,24777.05,14:10:00,24788.49510275136,2,60
2025-06-18,24766.1,24779.5,24765.85,24777.2,14:15:00,24786.362235822657,2,61
2025-06-18,24753.45,24770.25,24752.25,24766.25,14:20:00,24783.22773717288,2,62
2025-06-18,24766.2,24766.2,24750.9,24754.35,14:25:00,24781.60604791832,2,63
2025-06-18,24792.25,24794.3,24765.8,24765.8,14:30:00,24782.619757640387,2,64
2025-06-18,24785.85,24797.35,24785.35,24792.2,14:35:00,24782.92739976988,2,65
2025-06-18,24787.05,24792.6,24781.35,24787.0,14:40:00,24783.32002836322,2,66
2025-06-18,24807.85,24811.25,24783.9,24787.7,14:45:00,24785.65621613815,2,67
2025-06-18,24805.35,24812.95,24797.7,24808.0,14:50:00,24787.531814601185,2,68
2025-06-18,24816.15,24820.75,24804.05,24805.9,14:55:00,24790.25735606774,2,69
2025-06-18,24808.4,24829.65,24808.1,24815.2,15:00:00,24791.98522691844,2,70
2025-06-18,24815.25,24816.05,24805.2,24808.2,15:05:00,24794.200919592862,2,71
2025-06-18,24813.05,24819.1,24810.8,24816.55,15:10:00,24795.99607010783,2,72
2025-06-18,24811.4,24816.0,24806.45,24813.25,15:15:00,24797.463111049943,2,73
2025-06-18,24805.6,24823.3,24804.5,24810.75,15:20:00,24798.23805285471,2,74
2025-06-18,24798.75,24809.15,24794.95,24805.2,15:25:00,24798.28680972569,2,75
2025-06-19,24756.2,24813.95,24751.95,24802.35,09:15:00,24794.70620932194,3,1
2025-06-19,24809.75,24810.55,24738.55,24755.3,09:20:00,24796.13895129128,3,2
2025-06-19,24816.05,24824.85,24804.9,24809.4,09:25:00,24798.035241644488,3,3
2025-06-19,24827.9,24834.7,24800.4,24816.3,09:30:00,24800.87950434501,3,4
2025-06-19,24831.25,24838.1,24819.0,24827.6,09:35:00,24803.771932502623,3,5
2025-06-19,24839.6,24841.9,24826.35,24831.35,09:40:00,24807.18412940714,3,6
2025-06-19,24836.15,24862.4,24828.1,24840.7,09:45:00,24809.94278374932,3,7
2025-06-19,24825.45,24838.2,24817.9,24834.95,09:50:00,24811.419661487475,3,8
2025-06-19,24842.35,24847.9,24812.95,24825.45,09:55:00,24814.36540801248,3,9
2025-06-19,24821.8,24843.45,24816.6,24841.65,10:00:00,24815.073464392244,3,10
2025-06-19,24818.75,24826.35,24815.0,24821.55,10:05:00,24815.4236106406,3,11
2025-06-19,24833.2,24838.9,24819.7,24819.7,10:10:00,24817.1166001034,3,12
2025-06-19,24829.5,24839.5,24825.7,24832.4,10:15:00,24818.29597152213,3,13
2025-06-19,24832.7,24836.9,24827.55,24831.25,10:20:00,24819.66778375812,3,14
2025-06-19,24833.55,24838.35,24829.5,24832.55,10:25:00,24820.98989959068,3,15
2025-06-19,24800.05,24838.3,24799.1,24833.85,10:30:00,24818.995623439183,3,16
2025-06-19,24816.9,24817.2,24796.45,24799.8,10:35:00,24818.7960402545,3,17
2025-06-19,24813.05,24818.1,24806.25,24815.35,10:40:00,24818.248798325498,3,18
2025-06-19,24816.0,24824.65,24810.75,24813.35,10:45:00,24818.034627056404,3,19
2025-06-19,24816.4,24821.45,24812.0,24816.8,10:50:00,24817.87894828913,3,20
2025-06-19,24811.45,24824.25,24808.8,24819.3,10:55:00,24817.26666749969,3,21
2025-06-19,24811.15,24816.1,24808.9,24811.5,11:00:00,24816.68412773781,3,22
2025-06-19,24804.6,24812.4,24803.55,24811.35,11:05:00,24815.53325842945,3,23
2025-06-19,24814.55,24816.6,24802.45,24804.05,11:10:00,24815.439614769504,3,24
2025-06-19,24811.3,24815.65,24809.45,24814.3,11:15:00,24815.04536574384,3,25
2025-06-19,24805.2,24813.0,24805.1,24811.1,11:20:00,24814.107711863475,3,26
2025-06-19,24803.25,24808.3,24791.25,24804.5,11:25:00,24813.07364406696,3,27
2025-06-19,24812.15,24816.45,24801.75,24804.55,11:30:00,24812.98567796534,3,28
2025-06-19,24800.95,24813.0,24795.05,24811.95,11:35:00,24811.83942292102,3,29
2025-06-19,24799.5,24815.15,24797.6,24801.45,11:40:00,24810.664239785685,3,30
2025-06-19,24803.8,24806.2,24798.2,24799.5,11:45:00,24810.01050266324,3,31
2025-06-19,24805.5,24807.6,24799.8,24803.65,11:50:00,24809.580930981025,3,32
2025-06-19,24804.7,24808.2,24802.65,24805.65,11:55:00,24809.1160804114,3,33
2025-06-19,24806.0,24810.15,24797.75,24804.95,12:00:00,24808.81931084841,3,34
2025-06-19,24815.9,24822.2,24804.75,24805.6,12:05:00,24809.493662196182,3,35
2025-06-19,24811.8,24817.65,24808.3,24816.15,12:10:00,24809.713313415592,3,36
2025-06-19,24807.5,24813.75,24807.1,24811.85,12:15:00,24809.50252166173,3,37
2025-06-19,24810.2,24813.1,24802.4,24808.5,12:20:00,24809.568948170134,3,38
2025-06-19,24804.95,24811.0,24801.55,24810.6,12:25:00,24809.12904834441,3,39
2025-06-19,24804.5,24807.6,24801.65,24805.65,12:30:00,24808.688186597323,3,40
2025-06-19,24795.05,24806.05,24794.05,24803.9,12:35:00,24807.38931168329,3,41
2025-06-19,24792.6,24797.5,24786.8,24795.45,12:40:00,24805.980805808693,3,42
2025-06-19,24782.6,24793.7,24772.2,24792.65,12:45:00,24803.75406239834,3,43
2025-06-19,24788.15,24791.6,24775.3,24782.8,12:50:00,24802.267961217545,3,44
2025-06-19,24789.85,24792.6,24785.25,24788.25,12:55:00,24801.08529824445,3,45
2025-06-19,24787.8,24792.65,24781.95,24789.3,13:00:00,24799.820031744977,3,46
2025-06-19,24804.25,24807.7,24787.05,24787.35,13:05:00,24800.24193348355,3,47
2025-06-19,24794.55,24805.25,24789.05,24803.6,13:10:00,24799.699844580355,3,48
2025-06-19,24788.45,24795.6,24783.1,24794.4,13:15:00,24798.6284308108,3,49
2025-06-19,24787.5,24791.75,24784.45,24788.7,13:20:00,24797.56858025739,3,50
2025-06-19,24785.05,24793.9,24783.15,24788.2,13:25:00,24796.37633451859,3,51
2025-06-19,24789.95,24797.0,24780.55,24785.25,13:30:00,24795.76430265968,3,52
2025-06-19,24795.6,24797.55,24781.35,24790.75,13:35:00,24795.748654787327,3,53
2025-06-19,24789.2,24801.85,24785.65,24796.0,13:40:00,24795.12497337901,3,54
2025-06-19,24791.35,24794.85,24786.7,24789.0,13:45:00,24794.765452104817,3,55
2025-06-19,24799.0,24801.65,24789.25,24791.2,13:50:00,24795.16874238055,3,56
2025-06-19,24811.3,24811.65,24792.35,24799.25,13:55:00,24796.70505263002,3,57
2025-06-19,24827.3,24836.4,24811.55,24811.8,14:00:00,24799.61885714145,3,58
2025-06-19,24831.7,24842.0,24825.6,24827.15,14:05:00,24802.67420408036,3,59
2025-06-19,24832.4,24836.0,24824.35,24832.25,14:10:00,24805.505232263185,3,60
2025-06-19,24837.05,24841.65,24829.9,24833.3,14:15:00,24808.509495857164,3,61
2025-06-19,24830.2,24849.85,24830.15,24836.55,14:20:00,24810.57525815648,3,62
2025-06-19,24817.2,24832.55,24812.55,24830.25,14:25:00,24811.2061859511,3,63
2025-06-19,24825.3,24829.7,24813.35,24816.65,14:30:00,24812.54845395576,3,64
2025-06-19,24822.0,24828.05,24816.4,24825.1,14:35:00,24813.448601198063,3,65
2025-06-19,24804.7,24823.5,24787.75,24822.15,14:40:00,24812.615401083964,3,66
2025-06-19,24806.75,24809.55,24801.6,24804.4,14:45:00,24812.05679145692,3,67
2025-06-19,24812.6,24817.9,24803.8,24806.55,14:50:00,24812.10852560388,3,68
2025-06-19,24810.5,24815.35,24804.55,24811.55,14:55:00,24811.955332689224,3,69
2025-06-19,24807.95,24811.5,24791.1,24810.55,15:00:00,24811.57387243311,3,70
2025-06-19,24799.65,24810.1,24791.6,24805.55,15:05:00,24810.43826553472,3,71
2025-06-19,24791.75,24806.6,24789.75,24799.0,15:10:00,24808.65843072189,3,72
2025-06-19,24787.9,24805.15,24785.95,24791.45,15:15:00,24806.68143731981,3,73
2025-06-19,24779.6,24798.55,24776.95,24789.15,15:20:00,24804.10225281316,3,74
2025-06-19,24744.7,24780.65,24734.0,24779.95,15:25:00,24798.444895402383,3,75
2025-06-20,24859.7,24880.65,24787.45,24795.9,09:15:00,24803.34854249492,4,1
2025-06-20,24840.4,24874.35,24823.85,24861.15,09:20:00,24806.8772527335,4,2
2025-06-20,24830.2,24851.45,24814.85,24840.35,09:25:00,24809.09846675888,4,3
2025-06-20,24832.0,24847.1,24818.2,24831.6,09:30:00,24811.2795651628,4,4
2025-06-20,24836.7,24847.45,24829.35,24831.55,09:35:00,24813.70055895681,4,5
2025-06-20,24874.35,24874.35,24832.05,24836.25,09:40:00,24819.476696199024,4,6
2025-06-20,24872.15,24895.2,24863.8,24892.5,09:50:00,24830.88886015385,4,7
2025-06-20,24865.15,24877.5,24853.0,24872.4,09:55:00,24834.151825853485,4,8
2025-06-20,24876.6,24878.3,24861.0,24864.35,10:00:00,24838.19450910553,4,9
2025-06-20,24884.8,24894.95,24875.6,24876.1,10:05:00,24842.63312728596,4,10
2025-06-20,24919.05,24919.1,24881.45,24884.3,10:10:00,24849.910924687298,4,11
2025-06-20,24958.6,24963.95,24918.85,24918.85,10:15:00,24860.26226519327,4,12
2025-06-20,24978.95,24981.6,24959.15,24959.15,10:20:00,24871.565858984388,4,13
2025-06-20,25008.95,25017.65,24977.55,24979.3,10:25:00,24884.65006289064,4,14
2025-06-20,25024.65,25039.55,25006.9,25009.95,10:30:00,24897.983390234385,4,15
2025-06-20,25004.85,25030.55,25004.85,25025.45,10:35:00,24908.161162593016,4,16
2025-06-20,25001.6,25018.8,24996.5,25005.35,10:40:00,24917.06009948892,4,17
2025-06-20,25003.35,25008.75,24996.1,25002.95,10:45:00,24925.27818525188,4,18
2025-06-20,25020.8,25024.65,25002.85,25002.9,10:50:00,24934.375500942177,4,19
2025-06-20,24994.95,25021.9,24991.4,25020.7,10:55:00,24940.14450085245,4,20
2025-06-20,25009.65,25012.05,24994.85,24994.85,11:00:00,24946.764072199832,4,21
2025-06-20,25012.9,25015.85,25008.4,25009.5,11:05:00,24953.062731990325,4,22
2025-06-20,25016.55,25017.4,25002.8,25012.9,11:10:00,24959.10913846744,4,23
2025-06-20,25055.05,25077.55,25054.5,25073.5,13:20:00,25022.91444188316,4,24
2025-06-20,25067.2,25070.1,25053.9,25055.5,13:25:00,25027.13211408476,4,25
2025-06-20,25060.9,25073.65,25058.8,25067.3,13:30:00,25030.348103219545,4,26
2025-06-20,25050.25,25067.05,25049.6,25060.85,13:35:00,25032.24352196054,4,27
2025-06-20,25047.55,25053.45,25034.55,25049.85,13:40:00,25033.70128177382,4,28
2025-06-20,25050.7,25053.3,25042.8,25047.75,13:45:00,25035.32020731917,4,29
2025-06-20,25058.2,25058.65,25045.6,25051.3,13:50:00,25037.499235193536,4,30
2025-06-20,25038.75,25060.95,25035.7,25057.35,13:55:00,25037.61835565129,4,31
2025-06-20,25039.45,25048.05,25037.6,25038.45,14:00:00,25037.79279797021,4,32
2025-06-20,25047.7,25054.1,25037.9,25038.75,14:05:00,25038.736341020674,4,33
2025-06-20,25049.65,25053.25,25038.55,25047.5,14:10:00,25039.775737113945,4,34
2025-06-20,25048.8,25061.2,25048.45,25050.45,14:15:00,25040.63519072214,4,35
2025-06-20,25056.6,25059.15,25038.55,25048.5,14:20:00,25042.1556487486,4,36
2025-06-20,25036.5,25058.15,25035.65,25056.6,14:25:00,25041.61701553445,4,37
2025-06-20,25032.8,25044.65,25032.35,25036.5,14:30:00,25040.777299769263,4,38
2025-06-20,25048.8,25049.9,25031.4,25032.3,14:35:00,25041.541366457903,4,39
2025-06-20,25046.05,25051.55,25043.55,25048.75,14:40:00,25041.97076012858,4,40
2025-06-20,25048.0,25052.9,25036.55,25045.3,14:45:00,25042.54497344967,4,41
2025-06-20,25038.5,25047.75,25035.45,25046.65,14:50:00,25042.15973788304,4,42
2025-06-20,25046.05,25047.4,25031.75,25038.75,14:55:00,25042.53023903703,4,43
2025-06-20,25101.9,25102.4,25039.85,25046.5,15:00:00,25048.184501985885,4,44
2025-06-20,25119.7,25121.8,25098.9,25101.95,15:05:00,25054.99550179675,4,45
2025-06-20,25116.6,25132.1,25112.2,25121.4,15:10:00,25060.862596863728,4,46
2025-06-20,25126.35,25127.9,25109.45,25116.05,15:15:00,25067.09949240052,4,47
2025-06-20,25121.15,25134.55,25121.15,25125.5,15:20:00,25072.247159790943,4,48
2025-06-20,25079.75,25134.45,25072.8,25123.2,15:25:00,25072.961716001333,4,49
2025-06-23,24930.0,24985.55,24926.9,24935.05,09:15:00,25077.75905393016,0,1
2025-06-23,24927.5,24944.3,24912.2,24930.95,09:20:00,25063.44866784157,0,2
2025-06-23,24908.25,24927.65,24891.2,24925.85,09:25:00,25048.66784233285,0,3
2025-06-23,24863.0,24916.7,24859.6,24908.9,09:30:00,25030.985190682102,0,4
2025-06-23,24895.6,24895.6,24863.0,24864.25,09:35:00,25018.091362998093,0,5
2025-06-23,24871.3,24900.85,24866.0,24896.95,09:40:00,25004.11123318876,0,6
2025-06-23,24857.05,24871.3,24835.2,24871.3,09:45:00,24990.10540145649,0,7
2025-06-23,24867.35,24878.35,24856.25,24857.15,09:50:00,24978.414410841586,0,8
2025-06-23,24853.65,24867.55,24843.05,24867.55,09:55:00,24966.53208599953,0,9
2025-06-23,24829.2,24858.85,24824.9,24853.65,10:00:00,24953.45283971386,0,10
2025-06-23,24853.4,24853.4,24828.8,24830.05,10:05:00,24943.92399783635,0,11
2025-06-23,24863.1,24864.0,24847.5,24853.05,10:10:00,24936.22647423289,0,12
2025-06-23,24865.75,24866.85,24856.75,24863.4,10:15:00,24929.51442906785,0,13
2025-06-23,24884.9,24885.65,24865.55,24865.55,10:20:00,24925.265435823298,0,14
2025-06-23,24893.75,24894.3,24877.6,24886.3,10:25:00,24922.26396574489,0,15
2025-06-23,24903.75,24905.9,24891.7,24893.3,10:30:00,24920.50073091204,0,16
2025-06-23,24903.35,24906.4,24885.55,24903.55,10:35:00,24918.86732796804,0,17
2025-06-23,24919.75,24925.1,24898.2,24903.15,10:40:00,24918.95139197108,0,18
2025-06-23,24934.0,24936.1,24918.6,24920.1,10:45:00,24920.38459273574,0,19
2025-06-23,24915.35,24939.05,24911.15,24933.05,10:50:00,24919.90510771329,0,20
2025-06-23,24918.5,24921.4,24908.4,24915.9,10:55:00,24919.77128793107,0,21
2025-06-23,24912.15,24920.2,24909.4,24918.05,11:00:00,24919.045450985253,0,22
2025-06-23,24919.35,24924.35,24902.6,24911.65,11:05:00,24919.074455653325,0,23
2025-06-23,24928.55,24933.4,24914.7,24920.05,11:10:00,24919.976888448247,0,24
2025-06-23,24925.25,24933.25,24921.4,24929.45,11:15:00,24920.47908954841,0,25
2025-06-23,24943.5,24944.2,24920.35,24925.65,11:20:00,24922.67155721047,0,26
2025-06-23,24945.95,24949.15,24936.95,24943.1,11:25:00,24924.88855176185,0,27
2025-06-23,24953.25,24956.2,24944.95,24945.15,11:30:00,24927.589642070245,0,28
2025-06-23,24956.2,24960.8,24945.85,24953.3,11:35:00,24930.31443806356,0,29
2025-06-23,24963.05,24968.8,24955.75,24955.9,11:40:00,24933.43211062893,0,30
2025-06-23,24954.4,24963.4,24946.1,24962.35,11:45:00,24935.429052473795,0,31
2025-06-23,24931.65,24956.35,24928.8,24955.05,11:50:00,24935.069142714387,0,32
2025-06-23,24935.65,24938.95,24928.95,24930.95,11:55:00,24935.12446245587,0,33
2025-06-23,24934.6,24941.95,24932.3,24934.8,12:00:00,24935.07451365055,0,34
2025-06-23,24948.15,24948.8,24933.75,24933.75,12:05:00,24936.319798064786,0,35
2025-06-23,24941.9,24952.3,24939.8,24947.65,12:10:00,24936.851245868136,0,36
2025-06-23,24948.85,24952.5,24941.6,24941.6,12:15:00,24937.993984356883,0,37
2025-06-23,24949.25,24955.9,24944.35,24947.95,12:20:00,24939.065985846704,0,38
2025-06-23,24943.9,24949.65,24939.6,24948.1,12:25:00,24939.526368147017,0,39
2025-06-23,24943.45,24953.65,24941.7,24943.25,12:30:00,24939.90004737111,0,40
2025-06-23,24944.1,24946.2,24938.3,24943.1,12:35:00,24940.300042859577,0,41
2025-06-23,24961.1,24963.2,24942.85,24943.05,12:40:00,24942.280991158663,0,42
2025-06-23,24945.6,24964.15,24942.1,24960.85,12:45:00,24942.59708723879,0,43
2025-06-23,24949.2,24952.5,24942.1,24943.75,12:50:00,24943.22593607319,0,44
2025-06-23,24950.0,24950.8,24944.9,24947.9,12:55:00,24943.871085018603,0,45
2025-06-23,24950.25,24954.15,24947.9,24948.85,13:00:00,24944.47860073112,0,46
2025-06-23,24949.05,24952.85,24945.4,24950.1,13:05:00,24944.91397209006,0,47
2025-06-23,24963.55,24963.55,24947.65,24948.75,13:10:00,24946.68883189101,0,48
2025-06-23,24976.25,24977.6,24961.8,24962.4,13:15:00,24949.50418123472,0,49
2025-06-23,25021.55,25032.0,24975.8,24975.8,13:20:00,24956.3656877838,0,50
2025-06-23,25030.4,25039.55,25019.9,25020.3,13:25:00,24963.416574661525,0,51
2025-06-23,25031.15,25045.6,25024.65,25028.9,13:30:00,24969.867377074715,0,52
2025-06-23,25028.6,25035.3,25018.2,25028.4,13:35:00,24975.460960210457,0,53
2025-06-23,25021.45,25033.9,25019.5,25028.3,13:40:00,24979.840868761843,0,54
2025-06-23,25016.3,25023.8,25013.35,25020.45,13:45:00,24983.313166975,0,55
2025-06-23,25018.45,25028.05,25013.95,25015.5,13:50:00,24986.659532025,0,56
2025-06-23,25019.35,25023.6,25013.6,25017.2,13:55:00,24989.772909927386,0,57
2025-06-23,25048.75,25048.75,25017.9,25018.85,14:00:00,24995.389775648586,0,58
2025-06-23,25030.9,25056.55,25028.45,25045.95,14:05:00,24998.77170177729,0,59
2025-06-23,25015.1,25033.25,25010.5,25030.35,14:10:00,25000.326777798506,0,60
2025-06-23,25002.1,25018.6,25000.9,25013.6,14:15:00,25000.495656103405,0,61
2025-06-23,24991.2,25003.7,24986.7,25000.75,14:20:00,24999.610355522127,0,62
2025-06-23,24999.85,25002.0,24984.3,24990.55,14:25:00,24999.633178805736,0,63
2025-06-23,24990.65,24999.25,24982.0,24999.25,14:30:00,24998.77763796709,0,64
2025-06-23,24980.55,24996.95,24979.15,24989.45,14:35:00,24997.041672446416,0,65
2025-06-23,24985.5,24987.45,24978.0,24980.1,14:40:00,24995.94246554676,0,66
2025-06-23,24983.2,24991.2,24972.5,24985.25,14:45:00,24994.728897399444,0,67
2025-06-23,24984.9,24987.85,24975.5,24982.0,14:50:00,24993.79281193283,0,68
2025-06-23,24987.05,24990.3,24981.0,24984.6,14:55:00,24993.1506393678,0,69
2025-06-23,24987.65,24994.8,24983.3,24987.8,15:00:00,24992.626768951817,0,70
2025-06-23,24981.2,24989.7,24976.85,24986.8,15:05:00,24991.53850524212,0,71
2025-06-23,24979.9,24987.45,24979.55,24982.25,15:10:00,24990.430076171444,0,72
2025-06-23,24975.1,24986.0,24974.45,24980.6,15:15:00,24988.97006891702,0,73
2025-06-23,24966.05,24976.15,24964.0,24975.9,15:20:00,24986.78720521064,0,74
2025-06-23,24958.9,24969.4,24951.7,24964.05,15:25:00,24984.131280904865,0,75
2025-06-24,25234.4,25248.95,25158.5,25182.6,09:15:00,25024.83535693119,1,1
2025-06-24,25228.5,25248.1,25225.9,25234.8,09:20:00,25044.23198960441,1,2
2025-06-24,25199.5,25229.4,25194.3,25229.4,09:25:00,25059.019419165896,1,3
2025-06-24,25207.6,25210.7,25193.05,25199.9,09:30:00,25073.169950673902,1,4
2025-06-24,25163.3,25208.5,25140.85,25207.85,09:35:00,25081.75376489544,1,5
2025-06-24,25176.3,25191.9,25147.9,25163.25,09:40:00,25090.75816823873,1,6
2025-06-24,25138.15,25177.2,25119.05,25176.4,09:45:00,25095.27167602552,1,7
2025-06-24,25166.7,25166.7,25137.35,25137.9,09:50:00,25102.0743735469,1,8
2025-06-24,25193.0,25209.85,25161.55,25165.55,09:55:00,25110.733957018623,1,9
2025-06-24,25207.1,25219.4,25191.25,25193.45,10:00:00,25119.9116753978,1,10
2025-06-24,25204.95,25216.7,25189.75,25207.15,10:05:00,25128.010563455155,1,11
2025-06-24,25232.6,25247.3,25202.1,25204.25,10:10:00,25137.97146217371,1,12
2025-06-24,25236.8,25257.8,25232.6,25233.35,10:15:00,25147.38370387145,1,13
2025-06-24,25224.6,25237.4,25206.65,25236.7,10:20:00,25154.737636836075,1,14
2025-06-24,25233.5,25236.45,25215.15,25225.85,10:25:00,25162.23881428026,1,15
2025-06-24,25219.7,25247.5,25219.7,25234.8,10:30:00,25167.71130815833,1,16
2025-06-24,25215.1,25225.4,25212.35,25220.05,10:35:00,25172.22451690516,1,17
2025-06-24,25213.7,25228.2,25191.25,25215.55,10:40:00,25176.174562914188,1,18
2025-06-24,25196.4,25217.0,25195.65,25214.0,10:45:00,25178.1007950176,1,19
2025-06-24,25210.2,25213.55,25167.1,25196.9,10:50:00,25181.15786215878,1,20
2025-06-24,25223.0,25226.45,25202.45,25209.8,10:55:00,25185.142827667467,1,21
2025-06-24,25235.55,25240.05,25218.55,25221.85,11:00:00,25189.94351074676,1,22
2025-06-24,25264.15,25276.0,25233.7,25235.15,11:05:00,25197.01079543754,1,23
2025-06-24,25256.4,25269.4,25251.45,25263.95,11:10:00,25202.66691015778,1,24
2025-06-24,25254.85,25281.15,25247.9,25256.4,11:15:00,25207.63672823799,1,25
2025-06-24,25261.65,25267.4,25250.25,25255.9,11:20:00,25212.780849358183,1,26
2025-06-24,25283.5,25285.75,25257.7,25261.7,11:25:00,25219.516006562168,1,27
2025-06-24,25277.8,25287.15,25267.9,25283.4,11:30:00,25225.066863080057,1,28
2025-06-24,25266.7,25288.15,25266.65,25277.3,11:35:00,25229.031923739098,1,29
2025-06-24,25281.35,25285.0,25267.35,25267.75,11:40:00,25234.01459766871,1,30
2025-06-24,25273.15,25285.25,25266.7,25282.2,11:45:00,25237.74177884312,1,31
2025-06-24,25276.8,25280.7,25269.7,25273.95,11:50:00,25241.461609429487,1,32
2025-06-24,25291.45,25292.85,25274.25,25276.2,11:55:00,25246.22240853144,1,33
2025-06-24,25295.3,25296.95,25285.85,25291.65,12:00:00,25250.89646486178,1,34
2025-06-24,25306.25,25311.15,25295.2,25295.35,12:05:00,25256.16823011304,1,35
2025-06-24,25308.75,25316.5,25297.8,25305.7,12:10:00,25261.17601772132,1,36
2025-06-24,25284.8,25311.1,25283.55,25307.45,12:15:00,25263.42592079548,1,37
2025-06-24,25293.9,25295.8,25282.7,25284.35,12:20:00,25266.328214053057,1,38
2025-06-24,25286.35,25294.05,25267.7,25293.7,12:25:00,25268.235050809908,1,39
2025-06-24,25287.55,25291.25,25275.65,25289.15,12:30:00,25270.07456978039,1,40
2025-06-24,25248.8,25287.35,25231.25,25287.35,12:35:00,25268.048420277497,1,41
2025-06-24,25181.15,25248.75,25143.95,25248.35,12:40:00,25259.77238025107,1,42
2025-06-24,25239.9,25240.05,25166.0,25181.95,12:45:00,25257.87977260811,1,43
2025-06-24,25270.1,25278.65,25239.7,25239.7,12:50:00,25259.04360378829,1,44
2025-06-24,25245.15,25273.65,25239.3,25269.75,12:55:00,25257.7204034275,1,45
2025-06-24,25224.6,25248.0,25201.6,25245.8,13:00:00,25254.566079291544,1,46
2025-06-24,25239.9,25240.85,25215.85,25223.95,13:05:00,25253.169309835204,1,47
2025-06-24,25182.35,25240.4,25182.35,25239.35,13:10:00,25246.424613660423,1,48
2025-06-24,25180.9,25202.1,25163.7,25183.35,13:15:00,25240.184174264195,1,49
2025-06-24,25119.5,25190.6,25119.5,25180.9,13:20:00,25228.69044338189,1,50
2025-06-24,25134.75,25150.85,25117.95,25119.3,13:25:00,25219.743734488377,1,51
2025-06-24,25098.4,25158.05,25087.9,25135.75,13:30:00,25208.187188346623,1,52
2025-06-24,25057.15,25098.65,25031.7,25097.05,13:35:00,25193.80269421838,1,53
2025-06-24,25043.5,25090.0,25037.0,25055.4,13:40:00,25179.488151911864,1,54
2025-06-24,25027.75,25050.4,25008.0,25044.15,13:45:00,25165.03689934883,1,55
2025-06-24,25082.0,25082.1,25023.4,25028.25,13:50:00,25157.12862322037,1,56
2025-06-24,25083.75,25085.55,25051.5,25082.0,13:55:00,25150.14018291367,1,57
2025-06-24,25029.1,25092.75,25029.1,25082.25,14:00:00,25138.612546445704,1,58
2025-06-24,25033.25,25040.55,25000.35,25029.8,14:05:00,25128.57801821278,1,59
2025-06-24,25040.15,25049.1,25013.0,25034.1,14:10:00,25120.15630219252,1,60
2025-06-24,25046.0,25053.75,25033.2,25042.85,14:15:00,25113.0937972218,1,61
2025-06-24,25036.25,25055.35,25015.9,25047.05,14:20:00,25105.77534034353,1,62
2025-06-24,25038.65,25044.25,25019.25,25036.7,14:25:00,25099.38245078701,1,63
2025-06-24,25054.6,25075.0,25034.05,25039.15,14:30:00,25095.117455473963,1,64
2025-06-24,25070.55,25072.3,25050.4,25054.85,14:35:00,25092.77769780977,1,65
2025-06-24,25054.7,25077.05,25054.6,25070.45,14:40:00,25089.15125039932,1,66
2025-06-24,25042.8,25057.0,25029.65,25055.15,14:45:00,25084.736845599386,1,67
2025-06-24,25044.55,25047.8,25029.9,25042.45,14:50:00,25080.90952697088,1,68
2025-06-24,25032.2,25047.9,25015.5,25044.9,14:55:00,25076.27052440221,1,69
2025-06-24,25027.35,25048.5,25022.6,25032.95,15:00:00,25071.6114268401,1,70
2025-06-24,25044.9,25047.0,25024.8,25028.2,15:05:00,25069.06748142676,1,71
2025-06-24,25041.5,25044.75,25031.45,25044.25,15:10:00,25066.442007005164,1,72
2025-06-24,25055.0,25055.7,25038.85,25042.5,15:15:00,25065.35229205229,1,73
2025-06-24,25069.4,25071.25,25051.1,25054.65,15:20:00,25065.73778804731,1,74
2025-06-24,25071.55,25078.35,25062.3,25069.65,15:25:00,25066.291332042805,1,75
2025-06-25,25161.85,25166.2,25126.6,25153.8,09:15:00,25082.63530808946,2,1
2025-06-25,25154.5,25184.35,25148.95,25161.9,09:20:00,25089.479564461893,2,2
2025-06-25,25159.9,25177.75,25154.65,25155.2,09:25:00,25096.186272608385,2,3
2025-06-25,25179.4,25183.35,25159.45,25159.45,09:30:00,25104.11138950282,2,4
2025-06-25,25168.4,25186.9,25168.4,25178.25,09:35:00,25110.23411431208,2,5
2025-06-25,25188.25,25192.0,25167.05,25168.35,09:40:00,25117.664198663304,2,6
2025-06-25,25180.9,25199.95,25178.75,25188.3,09:45:00,25123.686655933467,2,7
2025-06-25,25187.35,25196.25,25179.45,25181.7,09:50:00,25129.74983155885,2,8
2025-06-25,25203.75,25204.7,25186.8,25187.8,09:55:00,25136.79746664848,2,9
2025-06-25,25198.3,25208.6,25193.75,25203.9,10:00:00,25142.654850777195,2,10
2025-06-25,25193.05,25202.6,25188.15,25198.05,10:05:00,25147.45438879841,2,11
2025-06-25,25173.9,25194.35,25173.05,25192.7,10:10:00,25149.97301843666,2,12
2025-06-25,25191.0,25193.55,25172.65,25174.9,10:15:00,25153.88035001412,2,13
2025-06-25,25205.45,25207.2,25188.5,25191.55,10:20:00,25158.79174525088,2,14
2025-06-25,25207.7,25209.4,25202.2,25204.55,10:25:00,25163.4496742746,2,15
2025-06-25,25206.15,25212.05,25202.3,25207.2,10:30:00,25167.51637196273,2,16
2025-06-25,25214.05,25217.1,25205.2,25207.6,10:35:00,25171.94814606152,2,17
2025-06-25,25201.4,25214.9,25200.05,25214.2,10:40:00,25174.75308453185,2,18
2025-06-25,25198.4,25201.15,25188.15,25201.15,10:45:00,25177.00517171929,2,19
2025-06-25,25212.6,25215.05,25197.1,25198.4,10:50:00,25180.39515536508,2,20
2025-06-25,25205.25,25217.95,25200.45,25212.15,10:55:00,25182.762283425545,2,21
2025-06-25,25206.65,25210.6,25200.95,25204.35,11:00:00,25185.03730405169,2,22
2025-06-25,25206.9,25212.4,25203.9,25207.95,11:05:00,25187.119465570573,2,23
2025-06-25,25195.35,25209.2,25190.7,25206.85,11:10:00,25187.90332599242,2,24
2025-06-25,25208.25,25208.65,25194.3,25195.5,11:15:00,25189.84110446933,2,25
2025-06-25,25208.75,25214.8,25205.05,25208.2,11:20:00,25191.64195166273,2,26
2025-06-25,25212.2,25215.3,25208.3,25208.75,11:25:00,25193.599861028182,2,27
2025-06-25,25214.65,25220.05,25209.65,25212.3,11:30:00,25195.60463616836,2,28
2025-06-25,25212.2,25220.25,25212.2,25214.8,11:35:00,25197.18514700948,2,29
2025-06-25,25210.0,25213.45,25207.45,25212.3,11:40:00,25198.40560919905,2,30
2025-06-25,25209.9,25214.2,25204.85,25209.6,11:45:00,25199.500313084856,2,31
2025-06-25,25209.7,25213.15,25207.25,25209.8,11:50:00,25200.47171183868,2,32
2025-06-25,25212.95,25214.8,25209.25,25210.0,11:55:00,25201.660120235,2,33
2025-06-25,25198.35,25215.15,25189.95,25212.9,12:00:00,25201.344870688805,2,34
2025-06-25,25195.95,25199.3,25191.1,25198.9,12:05:00,25200.831073480345,2,35
2025-06-25,25194.35,25197.4,25190.6,25196.35,12:10:00,25200.21382838698,2,36
2025-06-25,25182.65,25204.6,25181.1,25194.1,12:15:00,25198.541082826312,2,37
2025-06-25,25200.75,25201.5,25180.3,25181.45,12:20:00,25198.75145589048,2,38
2025-06-25,25204.85,25207.05,25198.45,25201.9,12:25:00,25199.33226961519,2,39
2025-06-25,25206.65,25212.1,25200.45,25205.0,12:30:00,25200.02919631851,2,40
2025-06-25,25214.4,25217.3,25203.0,25206.65,12:35:00,25201.39784428817,2,41
2025-06-25,25205.45,25215.9,25203.45,25215.8,12:40:00,25201.78376387977,2,42
2025-06-25,25192.55,25206.45,25189.7,25206.45,12:45:00,25200.904357795986,2,43
2025-06-25,25198.6,25200.0,25188.65,25193.15,12:50:00,25200.684895148745,2,44
2025-06-25,25208.2,25210.95,25196.7,25199.25,12:55:00,25201.40061942029,2,45
2025-06-25,25216.65,25218.4,25205.95,25209.8,13:00:00,25202.852941380264,2,46
2025-06-25,25223.9,25230.4,25215.4,25218.1,13:05:00,25204.85742315357,2,47
2025-06-25,25240.4,25244.7,25222.45,25225.2,13:10:00,25208.24243047228,2,48
2025-06-25,25230.5,25242.55,25227.35,25242.1,13:15:00,25210.36219899873,2,49
2025-06-25,25247.65,25249.4,25229.1,25231.0,13:20:00,25213.913418141707,2,50
2025-06-25,25258.7,25259.5,25246.25,25247.3,13:25:00,25218.178806890115,2,51
2025-06-25,25248.6,25265.95,25247.25,25259.65,13:30:00,25221.07606337677,2,52
2025-06-25,25248.8,25256.15,25244.5,25251.05,13:35:00,25223.716438293268,2,53
2025-06-25,25257.85,25258.75,25248.05,25249.95,13:40:00,25226.96725369391,2,54
2025-06-25,25253.85,25261.05,25250.4,25259.15,13:45:00,25229.527515246875,2,55
2025-06-25,25241.15,25255.0,25240.85,25255.0,13:50:00,25230.634418556696,2,56
2025-06-25,25236.05,25246.7,25234.75,25241.95,13:55:00,25231.150188217965,2,57
2025-06-25,25226.6,25236.65,25224.3,25236.1,14:00:00,25230.71683695912,2,58
2025-06-25,25243.95,25246.85,25225.35,25227.8,14:05:00,25231.977138201102,2,59
2025-06-25,25246.05,25246.7,25238.4,25244.85,14:10:00,25233.317410753378,2,60
2025-06-25,25249.6,25253.0,25244.8,25247.05,14:15:00,25234.86813353877,2,61
2025-06-25,25255.0,25255.05,25246.35,25250.4,14:20:00,25236.785454154127,2,62
2025-06-25,25258.25,25262.05,25252.25,25255.65,14:25:00,25238.82969661564,2,63
2025-06-25,25233.75,25259.2,25215.75,25257.45,14:30:00,25238.345915985577,2,64
2025-06-25,25240.5,25241.9,25231.05,25234.4,14:35:00,25238.55106684409,2,65
2025-06-25,25245.85,25246.8,25238.15,25240.5,14:40:00,25239.24620333513,2,66
2025-06-25,25228.0,25250.7,25226.1,25246.1,14:45:00,25238.17513635084,2,67
2025-06-25,25239.15,25240.5,25222.65,25228.5,14:50:00,25238.2679805079,2,68
2025-06-25,25235.8,25240.05,25233.25,25239.8,14:55:00,25238.032934745243,2,69
2025-06-25,25253.9,25255.75,25236.35,25236.35,15:00:00,25239.544083817127,2,70
2025-06-25,25240.95,25254.85,25238.75,25254.85,15:05:00,25239.67798059645,2,71
2025-06-25,25248.8,25249.95,25237.85,25240.3,15:10:00,25240.546744349173,2,72
2025-06-25,25245.55,25249.65,25241.35,25248.6,15:15:00,25241.023244887347,2,73
2025-06-25,25241.1,25246.9,25239.0,25246.4,15:20:00,25241.03055489808,2,74
2025-06-25,25236.35,25247.95,25234.65,25241.6,15:25:00,25240.584787764925,2,75
2025-06-26,25283.65,25299.05,25260.4,25271.7,09:15:00,25247.13040449691,3,1
2025-06-26,25331.75,25340.75,25282.75,25282.75,09:20:00,25255.18941359244,3,2
2025-06-26,25348.7,25351.55,25321.55,25331.8,09:25:00,25264.09518372649,3,3
2025-06-26,25370.75,25389.45,25349.6,25350.45,09:30:00,25274.252785276352,3,4
2025-06-26,25354.4,25374.1,25352.3,25372.3,09:35:00,25281.88585334528,3,5
2025-06-26,25347.1,25356.55,25336.7,25354.4,09:40:00,25288.09672445525,3,6
2025-06-26,25384.2,25388.95,25346.75,25346.75,09:45:00,25297.24941736428,3,7
2025-06-26,25392.15,25394.6,25371.7,25384.1,09:50:00,25306.287568091484,3,8
2025-06-26,25418.1,25421.35,25390.3,25392.9,09:55:00,25316.93637113039,3,9
2025-06-26,25418.35,25437.5,25413.4,25419.45,10:00:00,25326.594811975112,3,10
2025-06-26,25396.9,25419.5,25384.55,25418.8,10:05:00,25333.29054416796,3,11
2025-06-26,25386.2,25409.45,25384.95,25396.3,10:10:00,25338.329539961487,3,12
2025-06-26,25380.5,25395.8,25371.25,25385.9,10:15:00,25342.34577425087,3,13
2025-06-26,25373.7,25387.55,25361.75,25379.85,10:20:00,25345.33189098888,3,14
2025-06-26,25362.3,25379.8,25361.05,25373.4,10:25:00,25346.94790137089,3,15
2025-06-26,25360.6,25371.0,25351.85,25362.5,10:30:00,25348.24810124033,3,16
2025-06-26,25370.0,25375.8,25359.85,25361.5,10:35:00,25350.31971064601,3,17
2025-06-26,25306.8,25370.85,25304.05,25370.0,10:40:00,25346.17497629877,3,18
2025-06-26,25334.55,25334.55,25292.5,25306.9,10:45:00,25345.06783569889,3,19
2025-06-26,25329.2,25345.35,25318.3,25332.7,10:50:00,25343.556613251378,3,20
2025-06-26,25318.4,25335.85,25316.45,25330.9,10:55:00,25341.160745322675,3,21
2025-06-26,25345.3,25365.2,25318.1,25319.05,11:00:00,25341.554960053847,3,22
2025-06-26,25332.3,25346.95,25326.9,25345.95,11:05:00,25340.673535286813,3,23
2025-06-26,25337.75,25342.45,25322.35,25332.35,11:10:00,25340.39510335473,3,24
2025-06-26,25327.75,25338.9,25313.9,25337.85,11:15:00,25339.190807797146,3,25
2025-06-26,25348.7,25349.65,25323.5,25329.85,11:20:00,25340.0964451498,3,26
2025-06-26,25337.35,25348.1,25328.85,25348.1,11:25:00,25339.834878945054,3,27
2025-06-26,25362.15,25370.35,25338.0,25338.0,11:30:00,25341.96012856933,3,28
2025-06-26,25339.7,25362.0,25336.55,25361.5,11:35:00,25341.7448782294,3,29
2025-06-26,25318.85,25342.55,25306.35,25340.85,11:40:00,25339.56441363612,3,30
2025-06-26,25346.35,25352.45,25318.35,25318.6,11:45:00,25340.21065995649,3,31
2025-06-26,25342.0,25349.65,25338.35,25346.6,11:50:00,25340.38107329397,3,32
2025-06-26,25344.15,25351.35,25338.9,25342.55,11:55:00,25340.740018694545,3,33
2025-06-26,25388.5,25391.05,25342.45,25344.75,12:00:00,25345.28858834269,3,34
2025-06-26,25381.2,25409.1,25381.2,25388.3,12:05:00,25348.70872278624,3,35
2025-06-26,25396.4,25400.55,25378.7,25382.0,12:10:00,25353.25074918755,3,36
2025-06-26,25393.55,25413.5,25391.65,25399.35,12:15:00,25357.08877307445,3,37
2025-06-26,25402.45,25405.85,25391.55,25395.65,12:20:00,25361.408889924503,3,38
2025-06-26,25406.9,25410.35,25395.8,25402.9,12:25:00,25365.74137659836,3,39
2025-06-26,25401.05,25421.2,25398.35,25407.9,12:30:00,25369.10410263661,3,40
2025-06-26,25406.7,25409.8,25399.7,25402.0,12:35:00,25372.68466429027,3,41
2025-06-26,25402.2,25410.9,25389.95,25407.05,12:40:00,25375.49564864358,3,42
2025-06-26,25378.3,25403.2,25365.0,25403.2,12:45:00,25375.762729725146,3,43
2025-06-26,25358.45,25383.45,25351.3,25379.1,12:50:00,25374.11389832275,3,44
2025-06-26,25371.45,25377.9,25356.25,25359.2,12:55:00,25373.860193720586,3,45
2025-06-26,25393.05,25396.9,25371.0,25373.0,13:00:00,25375.68779431862,3,46
2025-06-26,25379.9,25399.15,25379.9,25394.35,13:05:00,25376.088956764463,3,47
2025-06-26,25392.45,25397.0,25370.2,25381.0,13:10:00,25377.647151358324,3,48
2025-06-26,25430.9,25438.05,25391.2,25393.5,13:15:00,25382.71885122896,3,49
2025-06-26,25408.65,25450.9,25408.65,25433.6,13:20:00,25385.18848444525,3,50
2025-06-26,25400.4,25417.55,25389.3,25411.65,13:25:00,25386.637200212368,3,51
2025-06-26,25408.75,25414.4,25395.6,25402.2,13:30:00,25388.74318114452,3,52
2025-06-26,25425.9,25427.5,25409.45,25409.45,13:35:00,25392.281925797422,3,53
2025-06-26,25442.05,25447.3,25427.15,25427.15,13:40:00,25397.021742388144,3,54
2025-06-26,25463.05,25474.4,25442.6,25442.85,13:45:00,25403.31014787499,3,55
2025-06-26,25482.5,25484.5,25458.35,25463.6,13:50:00,25410.852038553563,3,56
2025-06-26,25500.45,25502.75,25469.15,25483.35,13:55:00,25419.38517773893,3,57
2025-06-26,25513.25,25526.5,25494.55,25500.7,14:00:00,25428.32468462094,3,58
2025-06-26,25480.3,25512.95,25475.3,25512.95,14:05:00,25433.274714657044,3,59
2025-06-26,25515.95,25516.9,25477.1,25481.85,14:10:00,25441.14855135637,3,60
2025-06-26,25523.15,25525.2,25504.7,25517.6,14:15:00,25448.958213131955,3,61
2025-06-26,25512.55,25528.6,25496.5,25525.65,14:20:00,25455.01457378605,3,62
2025-06-26,25509.8,25519.3,25507.05,25514.25,14:25:00,25460.23223342548,3,63
2025-06-26,25505.9,25518.25,25497.05,25512.2,14:30:00,25464.581544527813,3,64
2025-06-26,25503.15,25513.4,25501.55,25507.55,14:35:00,25468.254730763263,3,65
2025-06-26,25505.6,25507.9,25492.6,25505.05,14:40:00,25471.81142307152,3,66
2025-06-26,25489.6,25509.6,25489.55,25509.0,14:45:00,25473.505573255185,3,67
2025-06-26,25513.25,25513.25,25480.35,25490.65,14:50:00,25477.29075675469,3,68
2025-06-26,25544.2,25547.4,25513.2,25513.2,14:55:00,25483.663065635195,3,69
2025-06-26,25560.25,25562.95,25538.4,25543.85,15:00:00,25490.957059384225,3,70
2025-06-26,25554.1,25564.75,25538.25,25559.6,15:05:00,25496.97067277621,3,71
2025-06-26,25542.1,25557.25,25534.95,25553.3,15:10:00,25501.26870394037,3,72
2025-06-26,25541.5,25550.2,25534.75,25541.05,15:15:00,25505.10025594605,3,73
2025-06-26,25552.8,25563.7,25539.7,25540.8,15:20:00,25509.64308871309,3,74
2025-06-26,25530.4,25558.45,25528.6,25552.15,15:25:00,25511.61993740709,3,75
2025-06-27,25538.6,25588.1,25538.6,25586.95,09:25:00,25531.97039897383,4,1
2025-06-27,25563.8,25564.15,25524.1,25537.3,09:30:00,25535.00178954775,4,2
2025-06-27,25560.35,25573.8,25553.85,25565.25,09:35:00,25537.415904828915,4,3
2025-06-27,25535.1,25563.35,25535.1,25561.05,09:40:00,25537.195342464256,4,4
2025-06-27,25539.7,25551.9,25528.45,25535.25,09:45:00,25537.433881277186,4,5
2025-06-27,25545.35,25568.0,25536.1,25567.85,09:55:00,25540.851771294925,4,6
2025-06-27,25556.45,25556.95,25542.05,25544.5,10:00:00,25542.337316885885,4,7
2025-06-27,25556.15,25563.55,25554.2,25555.3,10:05:00,25543.652810515803,4,8
2025-06-27,25567.65,25568.8,25554.6,25556.45,10:10:00,25545.938257133344,4,9
2025-06-27,25573.75,25578.3,25567.25,25568.1,10:15:00,25548.586994549216,4,10
2025-06-27,25561.3,25573.5,25558.15,25573.5,10:20:00,25549.7977569731,4,11
2025-06-27,25556.7,25565.0,25553.55,25562.25,10:25:00,25550.45511345185,4,12
2025-06-27,25566.9,25572.65,25554.35,25556.55,10:30:00,25552.021293123107,4,13
2025-06-27,25559.25,25567.3,25539.6,25567.25,10:35:00,25552.7097413971,4,14
2025-06-27,25570.55,25571.2,25555.1,25559.95,10:40:00,25554.408813645,4,15
2025-06-27,25588.1,25590.7,25571.05,25571.7,10:45:00,25557.61749805976,4,16
2025-06-27,25599.3,25600.4,25585.45,25589.55,10:50:00,25561.587260149303,4,17
2025-06-27,25604.75,25610.25,25597.05,25600.35,10:55:00,25565.69799727794,4,18
2025-06-27,25601.95,25606.25,25594.3,25605.9,11:00:00,25569.15056896576,4,19
2025-06-27,25606.35,25608.6,25599.4,25603.0,11:05:00,25572.6933719214,4,20
2025-06-27,25606.15,25608.0,25598.3,25606.4,11:10:00,25575.87971745269,4,21
2025-06-27,25626.4,25633.6,25623.95,25629.95,13:35:00,25621.48276766274,4,22
2025-06-27,25628.15,25630.85,25623.4,25626.05,13:45:00,25622.468206635484,4,23
2025-06-27,25621.7,25632.2,25620.35,25628.55,13:50:00,25622.39504409877,4,24
2025-06-27,25632.7,25634.4,25621.25,25623.0,13:55:00,25623.37646847032,4,25
2025-06-27,25633.55,25635.65,25629.4,25634.25,14:00:00,25624.345376235047,4,26
2025-06-27,25635.65,25639.35,25629.75,25635.05,14:05:00,25625.422007069807,4,27
2025-06-27,25634.25,25639.2,25631.35,25636.0,14:10:00,25626.26276830125,4,28
2025-06-27,25620.55,25637.45,25620.55,25634.4,14:15:00,25625.7186951297,4,29
2025-06-27,25613.75,25622.65,25613.0,25621.55,14:20:00,25624.578819403065,4,30
2025-06-27,25615.4,25624.25,25611.55,25616.3,14:25:00,25623.70464612658,4,31
2025-06-27,25614.15,25619.65,25611.25,25616.05,14:30:00,25622.79467982881,4,32
2025-06-27,25618.35,25622.0,25612.8,25615.6,14:35:00,25622.37137698797,4,33
2025-06-27,25633.5,25634.15,25615.9,25618.0,14:40:00,25623.43124584626,4,34
2025-06-27,25633.3,25637.5,25628.25,25633.35,14:45:00,25624.37112719424,4,35
2025-06-27,25629.75,25635.9,25627.95,25634.05,14:50:00,25624.883400794784,4,36
2025-06-27,25629.5,25636.1,25624.85,25630.3,14:55:00,25625.323076909568,4,37
2025-06-27,25644.3,25653.35,25626.1,25630.05,15:00:00,25627.13040291818,4,38
2025-06-27,25630.6,25644.35,25624.25,25643.35,15:05:00,25627.460840735497,4,39
2025-06-27,25633.0,25634.85,25626.45,25631.3,15:10:00,25627.988379713068,4,40
2025-06-27,25647.6,25648.4,25631.75,25632.6,15:15:00,25629.856153073728,4,41
2025-06-27,25642.3,25649.95,25638.8,25646.1,15:20:00,25631.041281352424,4,42
2025-06-27,25632.45,25648.1,25629.6,25641.25,15:25:00,25631.175445033143,4,43
2025-06-30,25611.35,25664.85,25592.3,25660.95,09:15:00,25637.11559781456,0,1
2025-06-30,25636.15,25637.65,25598.55,25610.55,09:20:00,25637.02363611793,0,2
2025-06-30,25632.6,25651.05,25625.3,25635.7,09:25:00,25636.60233744004,0,3
2025-06-30,25609.65,25631.95,25597.95,25631.85,09:30:00,25634.03544816004,0,4
2025-06-30,25596.95,25612.6,25591.5,25608.95,09:35:00,25630.50350071622,0,5
2025-06-30,25590.4,25606.25,25579.35,25597.5,09:40:00,25626.684119695627,0,6
2025-06-30,25569.4,25590.8,25568.65,25589.9,09:45:00,25621.228489248424,0,7
2025-06-30,25563.75,25578.7,25560.2,25569.15,09:50:00,25615.75434741524,0,8
2025-06-30,25558.45,25575.9,25558.2,25563.6,09:55:00,25610.29679051855,0,9
2025-06-30,25569.45,25569.45,25543.8,25558.2,10:00:00,25606.406619992977,0,10
2025-06-30,25567.85,25581.85,25556.5,25569.0,10:05:00,25602.734560946024,0,11
2025-06-30,25586.4,25596.0,25567.55,25567.95,10:10:00,25601.178888474973,0,12
2025-06-30,25600.0,25600.0,25583.3,25586.7,10:15:00,25601.06661338212,0,13
2025-06-30,25566.15,25599.65,25562.4,25599.65,10:20:00,25597.74122163144,0,14
2025-06-30,25555.0,25566.85,25553.0,25566.85,10:25:00,25593.67062909511,0,15
2025-06-30,25559.7,25561.05,25549.6,25554.85,10:30:00,25590.435331086053,0,16
2025-06-30,25557.75,25569.9,25556.9,25560.7,10:35:00,25587.32244241119,0,17
2025-06-30,25544.4,25559.45,25541.75,25557.6,10:40:00,25583.23459075298,0,18
2025-06-30,25541.1,25553.7,25540.45,25544.6,10:45:00,25579.221772586032,0,19
2025-06-30,25556.65,25556.95,25537.05,25541.45,10:50:00,25577.07207995879,0,20
2025-06-30,25559.15,25562.95,25554.45,25556.8,10:55:00,25575.36521520081,0,21
2025-06-30,25552.05,25562.7,25551.9,25558.3,11:00:00,25573.144718515017,0,22
2025-06-30,25555.5,25557.8,25551.1,25552.45,11:05:00,25571.46426913264,0,23
2025-06-30,25547.85,25565.95,25546.55,25555.55,11:10:00,25569.215291120003,0,24
2025-06-30,25542.6,25551.1,25539.0,25547.65,11:15:00,25566.68050148953,0,25
2025-06-30,25556.9,25557.8,25541.0,25542.3,11:20:00,25565.749025157194,0,26
2025-06-30,25555.4,25560.65,25552.85,25556.45,11:25:00,25564.76340371365,0,27
2025-06-30,25560.05,25562.95,25554.1,25556.2,11:30:00,25564.314508121875,0,28
2025-06-30,25557.0,25567.55,25554.3,25560.05,11:35:00,25563.617888300745,0,29
2025-06-30,25561.7,25562.4,25555.2,25557.75,11:40:00,25563.435232272102,0,30
2025-06-30,25569.15,25570.5,25559.9,25561.85,11:45:00,25563.97949586524,0,31
2025-06-30,25574.2,25578.3,25567.95,25569.05,11:50:00,25564.952877211406,0,32
2025-06-30,25568.2,25575.65,25568.2,25573.8,11:55:00,25565.262127000795,0,33
2025-06-30,25572.25,25580.85,25567.15,25569.25,12:00:00,25565.92763871501,0,34
2025-06-30,25570.35,25572.05,25564.4,25572.05,12:05:00,25566.348815980244,0,35
2025-06-30,25585.95,25589.8,25568.6,25569.8,12:10:00,25568.215595410697,0,36
2025-06-30,25597.15,25599.3,25584.75,25586.9,12:15:00,25570.97125299063,0,37
2025-06-30,25592.55,25598.45,25589.9,25597.25,12:20:00,25573.026371753425,0,38
2025-06-30,25571.5,25593.6,25570.6,25592.6,12:25:00,25572.881003015005,0,39
2025-06-30,25560.25,25575.5,25558.75,25572.25,12:30:00,25571.67805034691,0,40
2025-06-30,25546.4,25562.25,25545.85,25559.95,12:35:00,25569.27061698054,0,41
2025-06-30,25542.5,25551.0,25542.45,25546.9,12:40:00,25566.721034410963,0,42
2025-06-30,25552.7,25555.35,25538.8,25542.4,12:45:00,25565.3856978004,0,43
2025-06-30,25540.9,25554.4,25540.9,25552.35,12:50:00,25563.053726581307,0,44
2025-06-30,25526.35,25542.6,25526.35,25541.55,12:55:00,25559.55813357356,0,45
2025-06-30,25512.05,25527.15,25499.25,25526.65,13:00:00,25555.0335494237,0,46
2025-06-30,25507.95,25515.65,25505.4,25511.65,13:05:00,25550.54940185954,0,47
2025-06-30,25505.7,25513.7,25505.7,25508.2,13:10:00,25546.278030253867,0,48
2025-06-30,25502.15,25506.9,25490.7,25506.25,13:15:00,25542.07536070588,0,49
2025-06-30,25506.95,25510.9,25499.15,25504.3,13:20:00,25538.7300882577,0,50
2025-06-30,25510.6,25518.8,25506.75,25506.75,13:25:00,25536.05103223316,0,51
2025-06-30,25511.25,25514.0,25507.9,25509.65,13:30:00,25533.68902916333,0,52
2025-06-30,25500.9,25514.35,25500.55,25512.05,13:35:00,25530.56626448112,0,53
2025-06-30,25503.5,25509.65,25500.15,25502.65,13:40:00,25527.988525006724,0,54
2025-06-30,25486.85,25504.45,25485.9,25502.65,13:45:00,25524.070570244177,0,55
2025-06-30,25486.15,25489.1,25473.3,25486.85,13:50:00,25520.45908736378,0,56
2025-06-30,25499.75,25500.15,25480.1,25485.35,13:55:00,25518.48679332913,0,57
2025-06-30,25486.65,25502.2,25480.85,25499.2,14:00:00,25515.454717773977,0,58
2025-06-30,25496.0,25497.05,25478.7,25486.55,14:05:00,25513.60188750979,0,59
2025-06-30,25489.65,25502.0,25488.2,25495.9,14:10:00,25511.320755366,0,60
2025-06-30,25480.45,25490.9,25478.0,25490.9,14:15:00,25508.38068342638,0,61
2025-06-30,25497.65,25499.1,25478.65,25482.5,14:20:00,25507.35871357625,0,62
2025-06-30,25491.25,25499.3,25485.95,25497.6,14:25:00,25505.82455037851,0,63
2025-06-30,25485.85,25492.3,25485.85,25491.35,14:30:00,25503.922212247224,0,64
2025-06-30,25491.9,25493.3,25477.6,25486.95,14:35:00,25502.77723965225,0,65
2025-06-30,25495.45,25495.45,25478.95,25490.7,14:40:00,25502.079407304416,0,66
2025-06-30,25500.95,25506.0,25492.25,25495.1,14:45:00,25501.971844704,0,67
2025-06-30,25505.55,25519.8,25497.65,25501.15,14:50:00,25502.31262139885,0,68
2025-06-30,25505.9,25511.9,25499.35,25505.8,14:55:00,25502.654276503723,0,69
2025-06-30,25514.1,25514.1,25503.55,25504.9,15:00:00,25503.744345408133,0,70
2025-06-30,25520.95,25522.5,25512.0,25513.05,15:05:00,25505.382979178787,0,71
2025-06-30,25525.15,25526.65,25516.1,25521.35,15:10:00,25507.26555259033,0,72
2025-06-30,25516.75,25526.1,25507.25,25524.8,15:15:00,25508.16883329601,0,73
2025-06-30,25522.4,25525.4,25512.6,25516.35,15:20:00,25509.52418250592,0,74
2025-06-30,25507.45,25522.45,25505.35,25522.45,15:25:00,25509.32664131488,0,75
2025-07-01,25538.15,25566.45,25513.8,25558.2,09:15:00,25515.692783479983,1,1
2025-07-01,25556.7,25575.25,25538.25,25538.75,09:20:00,25519.598232672364,1,2
2025-07-01,25573.55,25579.5,25556.65,25557.45,09:25:00,25524.73649622737,1,3
2025-07-01,25580.65,25589.0,25574.15,25574.2,09:30:00,25530.061591824768,1,4
2025-07-01,25584.2,25584.8,25570.1,25581.45,09:35:00,25535.2176306986,1,5
2025-07-01,25580.1,25589.65,25580.1,25584.3,09:40:00,25539.49214206064,1,6
2025-07-01,25590.0,25593.15,25567.65,25580.25,09:45:00,25544.302414245336,1,7
2025-07-01,25560.7,25591.8,25558.6,25590.95,09:50:00,25545.86408907912,1,8
2025-07-01,25569.6,25572.75,25551.3,25560.05,09:55:00,25548.12465202396,1,9
2025-07-01,25550.65,25572.3,25538.3,25569.75,10:00:00,25548.365161355014,1,10
2025-07-01,25547.0,25557.55,25541.4,25550.4,10:05:00,25548.23514598787,1,11
2025-07-01,25531.3,25548.1,25530.5,25547.6,10:10:00,25546.622274941405,1,12
2025-07-01,25531.6,25543.4,25526.55,25530.65,10:15:00,25545.191582089843,1,13
2025-07-01,25527.0,25534.45,25522.85,25531.95,10:20:00,25543.45905046224,1,14
2025-07-01,25545.8,25546.0,25524.45,25526.55,10:25:00,25543.681998037264,1,15
2025-07-01,25544.9,25550.95,25540.9,25546.25,10:30:00,25543.79799822419,1,16
2025-07-01,25553.4,25554.25,25535.75,25545.25,10:35:00,25544.71247458379,1,17
2025-07-01,25542.9,25553.85,25540.4,25553.85,10:40:00,25544.539857956763,1,18
2025-07-01,25537.7,25546.7,25536.3,25542.75,10:45:00,25543.888442913263,1,19
2025-07-01,25533.8,25541.0,25526.65,25537.9,10:50:00,25542.927638826284,1,20
2025-07-01,25520.95,25533.4,25519.65,25533.35,10:55:00,25540.83453036664,1,21
2025-07-01,25519.8,25526.65,25513.8,25521.0,11:00:00,25538.83124176029,1,22
2025-07-01,25520.65,25524.6,25517.65,25519.85,11:05:00,25537.09969492597,1,23
2025-07-01,25524.1,25525.4,25518.75,25521.0,11:10:00,25535.861628742547,1,24
2025-07-01,25530.1,25535.6,25517.2,25524.4,11:15:00,25535.31290219564,1,25
2025-07-01,25522.25,25532.45,25522.0,25529.55,11:20:00,25534.068816272244,1,26
2025-07-01,25526.3,25528.1,25521.75,25523.25,11:25:00,25533.32892900822,1,27
2025-07-01,25521.1,25531.1,25518.0,25527.15,11:30:00,25532.164269102675,1,28
2025-07-01,25530.45,25530.45,25519.6,25520.85,11:35:00,25532.00100537861,1,29
2025-07-01,25521.85,25532.35,25521.55,25529.55,11:40:00,25531.0342429616,1,30
2025-07-01,25525.3,25531.0,25521.4,25523.25,11:45:00,25530.488124584303,1,31
2025-07-01,25514.75,25526.75,25511.5,25525.8,11:50:00,25528.98925557628,1,32
2025-07-01,25515.4,25516.4,25502.7,25514.05,11:55:00,25527.69504075949,1,33
2025-07-01,25518.3,25520.55,25511.1,25515.3,12:00:00,25526.80027497287,1,34
2025-07-01,25518.5,25521.4,25512.4,25518.2,12:05:00,25526.0097725945,1,35
2025-07-01,25524.4,25526.8,25516.2,25518.5,12:10:00,25525.85646091884,1,36
2025-07-01,25535.65,25536.5,25522.45,25524.65,12:15:00,25526.789178926567,1,37
2025-07-01,25541.4,25548.5,25535.1,25535.45,12:20:00,25528.180685695464,1,38
2025-07-01,25541.75,25551.3,25539.95,25541.45,12:25:00,25529.473001343515,1,39
2025-07-01,25540.45,25544.5,25525.05,25541.1,12:30:00,25530.51842978699,1,40
2025-07-01,25543.15,25547.2,25539.25,25539.55,12:35:00,25531.721436473945,1,41
2025-07-01,25538.05,25546.9,25537.5,25542.7,12:40:00,25532.32415680976,1,42
2025-07-01,25541.75,25542.7,25534.35,25538.25,12:45:00,25533.221856161214,1,43
2025-07-01,25532.45,25546.45,25531.7,25542.05,12:50:00,25533.148346050624,1,44
2025-07-01,25534.25,25538.85,25532.7,25532.95,12:55:00,25533.253265474374,1,45
2025-07-01,25532.45,25541.25,25531.65,25534.1,13:00:00,25533.176764000626,1,46
2025-07-01,25529.7,25534.55,25525.95,25532.0,13:05:00,25532.84564361961,1,47
2025-07-01,25531.2,25536.05,25530.0,25530.75,13:10:00,25532.68891565584,1,48
2025-07-01,25529.55,25535.1,25525.8,25531.2,13:15:00,25532.38997130766,1,49
2025-07-01,25527.9,25530.95,25523.2,25528.8,13:20:00,25531.962354992647,1,50
2025-07-01,25527.9,25529.8,25523.9,25528.35,13:25:00,25531.57546404097,1,51
2025-07-01,25527.35,25534.5,25525.8,25528.1,13:30:00,25531.17303889421,1,52
2025-07-01,25534.3,25536.1,25526.65,25527.7,13:35:00,25531.47084471381,1,53
2025-07-01,25528.85,25536.9,25527.9,25534.6,13:40:00,25531.22124045535,1,54
2025-07-01,25528.35,25530.35,25524.0,25528.4,13:45:00,25530.94778898341,1,55
2025-07-01,25526.15,25529.1,25523.65,25528.05,13:50:00,25530.49085669928,1,56
2025-07-01,25530.5,25531.8,25509.2,25525.85,13:55:00,25530.491727489825,1,57
2025-07-01,25537.45,25539.05,25526.25,25530.6,14:00:00,25531.154420109844,1,58
2025-07-01,25538.9,25545.7,25537.0,25537.0,14:05:00,25531.892094385097,1,59
2025-07-01,25551.85,25551.85,25537.8,25539.3,14:10:00,25533.792847300803,1,60
2025-07-01,25541.55,25552.2,25539.35,25552.1,14:15:00,25534.531623748346,1,61
2025-07-01,25539.25,25544.25,25536.9,25541.8,14:20:00,25534.98099291517,1,62
2025-07-01,25534.7,25542.0,25533.5,25539.2,14:25:00,25534.95423168515,1,63
2025-07-01,25532.65,25537.05,25531.5,25534.45,14:30:00,25534.73478104847,1,64
2025-07-01,25528.8,25533.6,25515.05,25532.7,14:35:00,25534.16956380576,1,65
2025-07-01,25526.0,25531.75,25525.1,25529.35,14:40:00,25533.391510109974,1,66
2025-07-01,25529.3,25530.3,25523.95,25527.15,14:45:00,25533.00184248045,1,67
2025-07-01,25535.75,25536.55,25525.2,25530.1,14:50:00,25533.263571768028,1,68
2025-07-01,25535.15,25543.0,25530.5,25536.1,14:55:00,25533.44323159965,1,69
2025-07-01,25539.3,25541.95,25532.35,25536.0,15:00:00,25534.001019066345,1,70
2025-07-01,25543.6,25548.5,25535.05,25539.5,15:05:00,25534.91520772669,1,71
2025-07-01,25537.25,25547.5,25530.5,25544.1,15:10:00,25535.13756889558,1,72
2025-07-01,25549.05,25550.05,25536.45,25537.0,15:15:00,25536.46256233409,1,73
2025-07-01,25537.95,25556.95,25530.7,25549.65,15:20:00,25536.604223064183,1,74
2025-07-01,25533.0,25544.25,25527.0,25538.75,15:25:00,25536.260963724737,1,75
2025-07-02,25590.8,25605.8,25574.35,25595.5,09:15:00,25545.93924694928,2,1
2025-07-02,25585.95,25604.55,25585.0,25591.35,09:20:00,25549.749794858868,2,2
2025-07-02,25568.9,25584.4,25559.75,25584.4,09:25:00,25551.573623919925,2,3
2025-07-02,25546.65,25576.45,25545.7,25567.85,09:30:00,25551.104707356124,2,4
2025-07-02,25556.0,25560.55,25546.75,25548.5,09:35:00,25551.570925703163,2,5
2025-07-02,25535.9,25556.3,25533.7,25556.3,09:40:00,25550.078456588577,2,6
2025-07-02,25543.65,25543.9,25531.5,25535.35,09:45:00,25549.46622262776,2,7
2025-07-02,25540.5,25559.15,25540.05,25543.5,09:50:00,25548.612296663214,2,8
2025-07-02,25534.1,25553.5,25532.7,25541.4,09:55:00,25547.23017317148,2,9
2025-07-02,25526.7,25535.55,25517.3,25534.15,10:00:00,25545.27491858372,2,10
2025-07-02,25520.25,25528.05,25513.3,25527.15,10:05:00,25542.891593004315,2,11
2025-07-02,25526.1,25530.9,25518.4,25519.3,10:10:00,25541.29239367057,2,12
2025-07-02,25507.7,25525.95,25497.25,25525.05,10:15:00,25538.093118082896,2,13
2025-07-02,25518.85,25528.15,25507.85,25507.85,10:20:00,25536.26044017024,2,14
2025-07-02,25523.55,25528.0,25515.0,25519.8,10:25:00,25535.049922058784,2,15
2025-07-02,25513.85,25523.55,25511.3,25523.55,10:30:00,25533.03088186271,2,16
2025-07-02,25494.65,25515.35,25492.85,25514.8,10:35:00,25529.375559780547,2,17
2025-07-02,25491.75,25495.05,25482.7,25493.85,10:40:00,25525.79217313478,2,18
2025-07-02,25492.2,25498.6,25485.6,25491.45,10:45:00,25522.59291855052,2,19
2025-07-02,25491.65,25494.2,25487.4,25492.65,10:50:00,25519.645973926657,2,20
2025-07-02,25491.85,25498.75,25488.85,25493.2,10:55:00,25516.9987383146,2,21
2025-07-02,25486.25,25494.45,25475.4,25492.0,11:00:00,25514.070287046536,2,22
2025-07-02,25474.0,25487.8,25473.75,25485.9,11:05:00,25510.25406923258,2,23
2025-07-02,25477.2,25477.2,25466.75,25473.9,11:10:00,25507.106062639003,2,24
2025-07-02,25477.55,25481.7,25463.7,25477.3,11:15:00,25504.29119953053,2,25
2025-07-02,25486.1,25488.25,25475.2,25477.3,11:20:00,25502.55870433714,2,26
2025-07-02,25493.9,25501.5,25483.95,25484.3,11:25:00,25501.73406582884,2,27
2025-07-02,25476.8,25494.3,25473.25,25493.2,11:30:00,25499.35939289276,2,28
2025-07-02,25475.95,25485.9,25474.4,25477.9,11:35:00,25497.129926902973,2,29
2025-07-02,25485.3,25485.45,25472.95,25475.65,11:40:00,25496.003267197928,2,30
2025-07-02,25497.9,25500.15,25480.45,25485.5,11:45:00,25496.183908417173,2,31
2025-07-02,25494.3,25499.75,25485.25,25498.9,11:50:00,25496.00448856792,2,32
2025-07-02,25490.0,25496.75,25489.8,25495.7,11:55:00,25495.43263251383,2,33
2025-07-02,25489.75,25492.45,25480.1,25490.75,12:00:00,25494.89142941728,2,34
2025-07-02,25498.25,25498.75,25487.7,25489.45,12:05:00,25495.2112932823,2,35
2025-07-02,25499.5,25503.95,25493.15,25497.45,12:10:00,25495.61974154113,2,36
2025-07-02,25492.05,25501.35,25488.95,25499.15,12:15:00,25495.27976615625,2,37
2025-07-02,25495.0,25496.8,25489.55,25491.55,12:20:00,25495.253121760423,2,38
2025-07-02,25491.6,25497.05,25488.8,25494.95,12:25:00,25494.905205402287,2,39
2025-07-02,25489.35,25495.6,25486.8,25491.25,12:30:00,25494.37613822112,2,40
2025-07-02,25490.15,25491.5,25484.7,25489.25,12:35:00,25493.97364886673,2,41
2025-07-02,25493.75,25495.65,25484.65,25490.3,12:40:00,25493.952348974657,2,42
2025-07-02,25484.65,25495.65,25480.15,25494.0,12:45:00,25493.06641097708,2,43
2025-07-02,25477.4,25484.85,25460.5,25483.2,12:50:00,25491.5743718364,2,44
2025-07-02,25474.7,25478.7,25472.25,25476.9,12:55:00,25489.967288804364,2,45
2025-07-02,25485.1,25489.95,25471.4,25474.45,13:00:00,25489.503737489664,2,46
2025-07-02,25479.75,25487.2,25477.35,25486.15,13:05:00,25488.57481010969,2,47
2025-07-02,25463.1,25481.7,25463.05,25479.6,13:10:00,25486.1486377183,2,48
2025-07-02,25444.25,25463.65,25443.35,25463.45,13:15:00,25482.158291268937,2,49
2025-07-02,25432.15,25446.45,25427.65,25443.65,13:20:00,25477.39559686237,2,50
2025-07-02,25405.35,25432.3,25404.35,25431.85,13:25:00,25470.534111446905,2,51
2025-07-02,25408.95,25415.85,25390.0,25405.15,13:30:00,25464.668957975773,2,52
2025-07-02,25415.6,25417.4,25405.95,25408.55,13:35:00,25459.995723882843,2,53
2025-07-02,25396.8,25417.65,25385.15,25415.85,13:40:00,25453.977083513048,2,54
2025-07-02,25398.75,25400.7,25384.15,25397.35,13:45:00,25448.71736127371,2,55
2025-07-02,25394.9,25407.15,25393.55,25398.45,13:50:00,25443.59189829526,2,56
2025-07-02,25408.05,25408.4,25387.75,25395.4,13:55:00,25440.20695560047,2,57
2025-07-02,25403.4,25408.6,25397.25,25407.7,14:00:00,25436.701531257568,2,58
2025-07-02,25413.4,25414.85,25402.85,25403.85,14:05:00,25434.482337804464,2,59
2025-07-02,25415.3,25425.1,25411.65,25414.5,14:10:00,25432.65544848976,2,60
2025-07-02,25420.6,25423.85,25413.2,25417.15,14:15:00,25431.50731053835,2,61
2025-07-02,25407.25,25421.95,25398.65,25420.35,14:20:00,25429.19709048708,2,62
2025-07-02,25404.75,25409.15,25400.45,25407.4,14:25:00,25426.868796154977,2,63
2025-07-02,25401.4,25411.8,25400.5,25404.95,14:30:00,25424.44319652117,2,64
2025-07-02,25391.35,25403.95,25389.8,25401.5,14:35:00,25421.29146351916,2,65
2025-07-02,25398.3,25403.75,25379.4,25390.6,14:40:00,25419.10180032685,2,66
2025-07-02,25411.75,25416.55,25397.05,25399.1,14:45:00,25418.40162886716,2,67
2025-07-02,25406.95,25413.05,25400.8,25413.05,14:50:00,25417.31099754648,2,68
2025-07-02,25430.2,25431.0,25406.35,25408.6,14:55:00,25418.53852158967,2,69
2025-07-02,25456.35,25458.35,25431.1,25432.2,15:00:00,25422.139614771608,2,70
2025-07-02,25472.1,25472.1,25450.35,25457.3,15:05:00,25426.897746698123,2,71
2025-07-02,25459.55,25472.8,25459.2,25471.85,15:10:00,25430.007485107828,2,72
2025-07-02,25443.65,25459.9,25440.05,25459.35,15:15:00,25431.306772240416,2,73
2025-07-02,25445.7,25452.55,25443.15,25443.55,15:20:00,25432.67755583657,2,74
2025-07-02,25442.85,25451.95,25441.3,25445.55,15:25:00,25433.64636004261,2,75
2025-07-03,25521.05,25522.1,25485.45,25496.3,09:15:00,25448.12751921856,3,1
2025-07-03,25465.05,25536.7,25459.85,25522.75,09:20:00,25449.739184054884,3,2
2025-07-03,25435.45,25478.95,25429.9,25465.4,09:25:00,25448.37830938299,3,3
2025-07-03,25462.55,25469.4,25434.85,25434.85,09:30:00,25449.72799420366,3,4
2025-07-03,25464.9,25496.15,25457.6,25462.7,09:35:00,25451.172947136645,3,5
2025-07-03,25497.2,25497.2,25453.85,25464.4,09:40:00,25455.55647598077,3,6
2025-07-03,25518.15,25518.25,25495.2,25497.1,09:45:00,25461.517763982607,3,7
2025-07-03,25531.7,25537.85,25502.35,25517.25,09:50:00,25468.201786460453,3,8
2025-07-03,25545.35,25547.0,25528.6,25532.3,09:55:00,25475.549235368984,3,9
2025-07-03,25540.65,25559.55,25533.4,25545.95,10:00:00,25481.749308190985,3,10
2025-07-03,25545.1,25551.6,25529.6,25539.8,10:05:00,25487.78270741089,3,11
2025-07-03,25543.05,25557.8,25533.95,25545.8,10:10:00,25493.046259086044,3,12
2025-07-03,25542.75,25553.1,25534.1,25542.5,10:15:00,25497.77994869689,3,13
2025-07-03,25552.75,25553.1,25532.15,25542.35,10:20:00,25503.01519167814,3,14
2025-07-03,25553.05,25567.35,25550.35,25553.8,10:25:00,25507.78041151832,3,15
2025-07-03,25557.1,25564.5,25551.95,25551.95,10:30:00,25512.47751518324,3,16
2025-07-03,25551.55,25562.25,25547.95,25555.65,10:35:00,25516.19870421341,3,17
2025-07-03,25547.85,25554.5,25544.7,25550.9,10:40:00,25519.213113335943,3,18
2025-07-03,25547.85,25548.9,25537.55,25548.0,10:45:00,25521.94043587537,3,19
2025-07-03,25535.9,25552.6,25531.2,25546.25,10:50:00,25523.26991817296,3,20
2025-07-03,25531.15,25539.05,25526.45,25536.1,10:55:00,25524.02040215649,3,21
2025-07-03,25544.85,25549.65,25531.15,25531.15,11:00:00,25526.004173379675,3,22
2025-07-03,25561.8,25567.1,25543.55,25544.25,11:05:00,25529.41329972447,3,23
2025-07-03,25554.2,25563.7,25549.6,25560.6,11:10:00,25531.77393784595,3,24
2025-07-03,25554.7,25565.65,25549.3,25554.85,11:15:00,25533.95737233681,3,25
2025-07-03,25567.2,25567.45,25551.75,25555.0,11:20:00,25537.12333687616,3,26
2025-07-03,25539.65,25576.3,25539.65,25566.75,11:25:00,25537.36397145938,3,27
2025-07-03,25545.9,25550.5,25538.35,25542.3,11:30:00,25538.176926558488,3,28
2025-07-03,25547.2,25552.45,25535.4,25545.95,11:35:00,25539.03626688625,3,29
2025-07-03,25512.9,25551.3,25504.1,25550.5,11:40:00,25536.54709861137,3,30
2025-07-03,25507.05,25515.85,25484.85,25512.6,11:45:00,25533.737851124573,3,31
2025-07-03,25508.2,25516.65,25501.3,25505.6,11:50:00,25531.305674826992,3,32
2025-07-03,25514.4,25521.4,25507.25,25508.4,11:55:00,25529.69561055776,3,33
2025-07-03,25508.45,25517.8,25501.05,25513.6,12:00:00,25527.672219076063,3,34
2025-07-03,25505.95,25510.3,25502.45,25508.3,12:05:00,25525.603436306912,3,35
2025-07-03,25503.95,25508.6,25500.9,25505.5,12:10:00,25523.541204277684,3,36
2025-07-03,25489.9,25504.9,25486.45,25503.8,12:15:00,25520.33728006076,3,37
2025-07-03,25504.5,25505.95,25489.3,25489.35,12:20:00,25518.82896767402,3,38
2025-07-03,25511.65,25515.45,25498.45,25503.4,12:25:00,25518.14525646697,3,39
2025-07-03,25511.85,25514.6,25505.75,25511.15,12:30:00,25517.54570823202,3,40
2025-07-03,25506.45,25512.95,25505.05,25510.6,12:35:00,25516.488974114687,3,41
2025-07-03,25518.4,25538.55,25505.6,25505.75,12:40:00,25516.67097657996,3,42
2025-07-03,25520.6,25526.9,25512.75,25518.55,12:45:00,25517.045169286623,3,43
2025-07-03,25517.35,25521.9,25512.1,25519.65,12:50:00,25517.074200783136,3,44
2025-07-03,25512.2,25519.55,25510.05,25516.8,12:55:00,25516.60999118474,3,45
2025-07-03,25500.0,25512.95,25496.6,25512.0,13:00:00,25515.028087262384,3,46
2025-07-03,25504.0,25506.8,25496.9,25498.9,13:05:00,25513.977793237395,3,47
2025-07-03,25507.55,25508.95,25500.2,25503.75,13:10:00,25513.36562245288,3,48
2025-07-03,25500.7,25509.95,25479.75,25506.9,13:15:00,25512.15937269546,3,49
2025-07-03,25501.8,25505.65,25493.9,25499.35,13:20:00,25511.172765772084,3,50
2025-07-03,25503.85,25505.15,25497.2,25501.2,13:25:00,25510.47535950808,3,51
2025-07-03,25517.1,25525.1,25495.6,25503.35,13:30:00,25511.106277650164,3,52
2025-07-03,25569.5,25573.15,25515.5,25516.65,13:35:00,25516.667584540624,3,53
2025-07-03,25570.5,25587.15,25559.1,25568.8,13:40:00,25521.79448125104,3,54
2025-07-03,25512.5,25574.85,25507.5,25570.45,13:45:00,25520.909292560464,3,55
2025-07-03,25509.65,25512.1,25493.95,25511.75,13:50:00,25519.83697898328,3,56
2025-07-03,25499.45,25513.35,25480.0,25510.2,13:55:00,25517.895361937248,3,57
2025-07-03,25506.95,25509.15,25497.75,25499.05,14:00:00,25516.852946514653,3,58
2025-07-03,25506.6,25508.55,25493.6,25506.0,14:05:00,25515.87647541802,3,59
2025-07-03,25492.1,25505.8,25490.15,25505.25,14:10:00,25513.61204918773,3,60
2025-07-03,25484.5,25495.15,25483.7,25491.75,14:15:00,25510.83947307461,3,61
2025-07-03,25477.65,25485.6,25465.7,25483.5,14:20:00,25507.67857087703,3,62
2025-07-03,25453.6,25478.0,25453.55,25477.95,14:25:00,25502.528230793505,3,63
2025-07-03,25426.3,25453.55,25408.95,25453.55,14:30:00,25495.26839928936,3,64
2025-07-03,25401.9,25425.55,25384.65,25425.55,14:35:00,25486.376170785614,3,65
2025-07-03,25405.6,25415.15,25398.65,25401.5,14:40:00,25478.683202139364,3,66
2025-07-03,25397.85,25448.6,25395.95,25408.7,14:45:00,25470.98480193561,3,67
2025-07-03,25408.25,25416.55,25393.3,25397.1,14:50:00,25465.010058894128,3,68
2025-07-03,25408.85,25420.95,25401.45,25407.8,14:55:00,25459.6614818566,3,69
2025-07-03,25399.45,25420.0,25397.85,25410.6,15:00:00,25453.927055013108,3,70
2025-07-03,25415.6,25415.85,25397.7,25400.25,15:05:00,25450.276859297574,3,71
2025-07-03,25397.95,25424.35,25396.05,25416.35,15:10:00,25445.29334888828,3,72
2025-07-03,25414.85,25418.45,25395.95,25399.5,15:15:00,25442.39398232749,3,73
2025-07-03,25398.65,25415.35,25392.55,25415.35,15:20:00,25438.227888772493,3,74
2025-07-03,25397.4,25402.8,25388.65,25398.0,15:25:00,25434.33951841321,3,75
2025-07-04,25412.65,25458.65,25407.35,25438.65,09:15:00,25431.800830265685,4,1
2025-07-04,25414.6,25428.35,25393.95,25411.95,09:20:00,25430.162655954668,4,2
2025-07-04,25424.9,25442.95,25414.35,25415.0,09:25:00,25429.66145062565,4,3
2025-07-04,25406.75,25429.5,25401.1,25424.55,09:30:00,25427.479407708925,4,4
2025-07-04,25384.3,25407.3,25382.6,25406.15,09:35:00,25423.367083165216,4,5
2025-07-04,25394.4,25395.4,25370.55,25383.65,09:40:00,25420.60831333996,4,6
2025-07-04,25407.45,25411.25,25387.3,25395.55,09:50:00,25417.16145377716,4,7
2025-07-04,25414.0,25414.4,25394.9,25408.2,09:55:00,25416.86036294124,4,8
2025-07-04,25405.8,25423.55,25403.8,25414.05,10:00:00,25415.806995042072,4,9
2025-07-04,25413.85,25413.9,25397.75,25406.35,10:05:00,25415.620614561874,4,10
2025-07-04,25410.25,25415.2,25400.75,25413.5,10:10:00,25415.109127460742,4,11
2025-07-04,25402.4,25417.45,25395.75,25409.6,10:15:00,25413.89873436924,4,12
2025-07-04,25416.85,25418.05,25402.25,25402.7,10:20:00,25414.17980728645,4,13
2025-07-04,25410.85,25420.55,25407.0,25417.0,10:25:00,25413.862682782983,4,14
2025-07-04,25403.85,25413.85,25401.1,25410.45,10:30:00,25412.90909394651,4,15
2025-07-04,25414.95,25415.25,25402.1,25403.7,10:35:00,25413.103465951604,4,16
2025-07-04,25413.85,25417.0,25409.65,25414.55,10:40:00,25413.174564432404,4,17
2025-07-04,25416.0,25421.4,25406.7,25413.55,10:45:00,25413.44365353408,4,18
2025-07-04,25421.6,25423.85,25410.05,25415.2,10:50:00,25414.2204484356,4,19
2025-07-04,25419.25,25424.35,25415.7,25422.15,10:55:00,25414.69945334649,4,20
2025-07-04,25424.75,25426.85,25417.65,25419.55,11:00:00,25415.656648265875,4,21
2025-07-04,25413.05,25426.4,25413.05,25425.2,11:05:00,25415.40839605008,4,22
2025-07-04,25423.55,25424.4,25410.25,25413.55,11:10:00,25416.18378690245,4,23
2025-07-04,25366.6,25368.7,25358.45,25361.85,13:20:00,25365.558799228067,4,24
2025-07-04,25363.6,25372.25,25362.85,25367.2,13:25:00,25365.37224692063,4,25
2025-07-04,25372.25,25376.9,25362.6,25363.6,13:30:00,25366.027271023428,4,26
2025-07-04,25372.0,25381.1,25372.0,25372.9,13:35:00,25366.59610235453,4,27
2025-07-04,25372.7,25378.3,25369.9,25372.5,13:40:00,25367.17742593981,4,28
2025-07-04,25372.25,25376.45,25365.8,25372.25,13:45:00,25367.660528231263,4,29
2025-07-04,25373.4,25380.75,25371.35,25372.0,13:50:00,25368.20714459019,4,30
2025-07-04,25384.05,25387.25,25366.1,25373.6,13:55:00,25369.71598796255,4,31
2025-07-04,25374.9,25388.7,25366.2,25383.95,14:00:00,25370.20970339469,4,32
2025-07-04,25382.55,25385.2,25374.05,25375.1,14:05:00,25371.38496973805,4,33
2025-07-04,25384.3,25388.4,25379.35,25382.65,14:10:00,25372.61497262014,4,34
2025-07-04,25383.3,25385.85,25376.85,25384.2,14:15:00,25373.632594275365,4,35
2025-07-04,25385.3,25386.4,25373.5,25382.8,14:20:00,25374.74377577295,4,36
2025-07-04,25389.25,25391.8,25383.15,25385.5,14:25:00,25376.12532093743,4,37
2025-07-04,25396.9,25398.0,25385.75,25387.45,14:30:00,25378.103861800533,4,38
2025-07-04,25433.45,25450.6,25396.05,25397.0,14:35:00,25383.374922581435,4,39
2025-07-04,25454.55,25454.55,25433.0,25433.0,14:40:00,25390.153501383204,4,40
2025-07-04,25449.95,25462.95,25443.15,25453.75,14:45:00,25395.84840601337,4,41
2025-07-04,25445.3,25450.9,25438.85,25449.7,14:50:00,25400.558081631145,4,42
2025-07-04,25453.65,25454.65,25442.75,25445.75,14:55:00,25405.61445480913,4,43
2025-07-04,25460.1,25461.35,25452.4,25453.25,15:00:00,25410.80355435112,4,44
2025-07-04,25463.05,25464.65,25454.35,25461.35,15:05:00,25415.77940631768,4,45
2025-07-04,25462.8,25466.4,25458.55,25463.05,15:10:00,25420.25755809695,4,46
2025-07-04,25457.15,25464.2,25449.3,25462.5,15:15:00,25423.77112399248,4,47
2025-07-04,25464.6,25465.1,25453.65,25457.1,15:20:00,25427.65958837415,4,48
2025-07-04,25467.8,25469.75,25459.15,25462.8,15:25:00,25431.48248471947,4,49
2025-07-07,25447.35,25460.95,25408.2,25451.95,09:15:00,25457.00015739345,0,1
2025-07-07,25449.95,25478.1,25443.2,25445.2,09:20:00,25456.328713832165,0,2
2025-07-07,25439.9,25452.75,25433.7,25450.7,09:25:00,25454.764074419578,0,3
2025-07-07,25478.0,25480.5,25439.8,25441.4,09:30:00,25456.97701971295,0,4
2025-07-07,25479.65,25489.65,25470.45,25478.0,09:35:00,25459.13635116886,0,5
2025-07-07,25451.9,25480.85,25446.7,25479.45,09:40:00,25458.447174867066,0,6
2025-07-07,25446.65,25452.95,25440.95,25451.8,09:45:00,25457.323634403536,0,7
2025-07-07,25465.65,25466.6,25438.9,25446.8,09:50:00,25458.1166216032,0,8
2025-07-07,25462.1,25473.3,25459.0,25465.95,09:55:00,25458.495990974323,0,9
2025-07-07,25457.35,25469.3,25457.2,25461.5,10:00:00,25458.38684897677,0,10
2025-07-07,25422.0,25457.75,25417.05,25457.65,10:05:00,25454.921434788503,0,11
2025-07-07,25436.1,25439.55,25417.25,25421.95,10:10:00,25453.1289171896,0,12
2025-07-07,25430.6,25446.25,25427.45,25436.1,10:15:00,25450.983306028687,0,13
2025-07-07,25438.15,25443.1,25429.55,25430.45,10:20:00,25449.76108640691,0,14
2025-07-07,25435.4,25444.65,25432.7,25437.8,10:25:00,25448.39336389197,0,15
2025-07-07,25443.5,25452.7,25434.25,25435.55,10:30:00,25447.92732923559,0,16
2025-07-07,25436.45,25445.25,25434.8,25442.65,10:35:00,25446.83425026077,0,17
2025-07-07,25449.4,25455.4,25434.85,25436.7,10:40:00,25447.0786073788,0,18
2025-07-07,25449.4,25459.4,25447.55,25450.3,10:45:00,25447.299692390337,0,19
2025-07-07,25461.85,25468.45,25448.4,25449.3,10:50:00,25448.685435972213,0,20
2025-07-07,25468.8,25473.1,25456.15,25462.45,10:55:00,25450.60110873676,0,21
2025-07-07,25467.75,25478.75,25466.9,25469.8,11:00:00,25452.23433647612,0,22
2025-07-07,25473.55,25474.35,25465.8,25468.45,11:05:00,25454.264399668868,0,23
2025-07-07,25457.7,25473.75,25450.05,25473.75,11:10:00,25454.591599700405,0,24
2025-07-07,25456.2,25461.65,25453.6,25458.9,11:15:00,25454.74478068132,0,25
2025-07-07,25452.45,25457.5,25447.15,25455.75,11:20:00,25454.526230140244,0,26
2025-07-07,25453.65,25455.55,25447.8,25452.1,11:25:00,25454.442779650697,0,27
2025-07-07,25451.3,25455.35,25446.8,25453.3,11:30:00,25454.143467303013,0,28
2025-07-07,25450.55,25454.95,25447.3,25451.8,11:35:00,25453.801232321774,0,29
2025-07-07,25452.4,25456.25,25449.15,25450.85,11:40:00,25453.667781624463,0,30
2025-07-07,25438.05,25453.0,25433.95,25453.0,11:45:00,25452.180373850704,0,31
2025-07-07,25436.4,25445.4,25436.15,25438.15,11:50:00,25450.67748110302,0,32
2025-07-07,25439.0,25442.2,25434.4,25436.7,11:55:00,25449.56534004559,0,33
2025-07-07,25432.05,25443.8,25428.1,25439.05,12:00:00,25447.8972124222,0,34
2025-07-07,25432.05,25436.8,25428.55,25432.15,12:05:00,25446.38795409628,0,35
2025-07-07,25430.25,25433.25,25425.2,25432.35,12:10:00,25444.851006087105,0,36
2025-07-07,25432.4,25432.85,25421.25,25430.55,12:15:00,25443.665195983573,0,37
2025-07-07,25444.8,25447.25,25430.15,25432.55,12:20:00,25443.77327255657,0,38
2025-07-07,25448.0,25452.85,25444.75,25445.85,12:25:00,25444.17581802737,0,39
2025-07-07,25447.55,25453.25,25445.5,25447.5,12:30:00,25444.49716869143,0,40
2025-07-07,25444.65,25448.05,25442.55,25446.85,12:35:00,25444.511724054148,0,41
2025-07-07,25450.2,25450.3,25441.85,25443.3,12:40:00,25445.053464620418,0,42
2025-07-07,25442.1,25450.5,25435.4,25448.9,12:45:00,25444.77218227561,0,43
2025-07-07,25445.85,25446.3,25437.3,25440.7,12:50:00,25444.8748315827,0,44
2025-07-07,25425.85,25447.25,25421.25,25444.75,12:55:00,25443.06294286054,0,45
2025-07-07,25431.55,25435.5,25417.15,25423.85,13:00:00,25441.966472111915,0,46
2025-07-07,25441.95,25443.05,25430.2,25430.75,13:05:00,25441.96490333935,0,47
2025-07-07,25448.8,25455.35,25438.85,25441.2,13:10:00,25442.61586492608,0,48
2025-07-07,25457.5,25460.4,25446.1,25447.6,13:15:00,25444.033401599787,0,49
2025-07-07,25456.05,25459.3,25453.3,25456.1,13:20:00,25445.177839542663,0,50
2025-07-07,25447.85,25458.2,25444.25,25455.1,13:25:00,25445.432331014792,0,51
2025-07-07,25451.2,25453.1,25444.05,25446.15,13:30:00,25445.98163282291,0,52
2025-07-07,25450.2,25454.15,25447.5,25450.25,13:35:00,25446.38338207787,0,53
2025-07-07,25452.75,25454.0,25444.35,25449.25,13:40:00,25446.98972664188,0,54
2025-07-07,25457.2,25458.1,25451.25,25451.85,13:45:00,25447.962133628367,0,55
2025-07-07,25447.0,25458.35,25438.7,25456.4,13:50:00,25447.870501854235,0,56
2025-07-07,25449.2,25455.95,25445.65,25446.8,13:55:00,25447.99712072526,0,57
2025-07-07,25463.15,25467.8,25446.8,25448.8,14:00:00,25449.44025208476,0,58
2025-07-07,25456.4,25467.8,25455.5,25462.1,14:05:00,25450.103085219544,0,59
2025-07-07,25452.05,25461.3,25450.45,25456.25,14:10:00,25450.288505674824,0,60
2025-07-07,25457.75,25458.6,25449.45,25453.6,14:15:00,25450.999124181984,0,61
2025-07-07,25459.45,25465.25,25455.15,25457.4,14:20:00,25451.803969497985,0,62
2025-07-07,25453.15,25463.35,25452.2,25460.3,14:25:00,25451.93216287913,0,63
2025-07-07,25437.4,25456.2,25415.85,25452.95,14:30:00,25450.54814736684,0,64
2025-07-07,25429.85,25440.85,25428.1,25437.4,14:35:00,25448.576895236656,0,65
2025-07-07,25425.25,25433.7,25421.3,25430.45,14:40:00,25446.355286166498,0,66
2025-07-07,25423.55,25429.55,25419.55,25425.65,14:45:00,25444.18335415064,0,67
2025-07-07,25424.7,25430.55,25421.6,25424.7,14:50:00,25442.327796612484,0,68
2025-07-07,25441.25,25442.95,25421.55,25426.05,14:55:00,25442.22514931606,0,69
2025-07-07,25456.2,25464.25,25441.65,25442.4,15:00:00,25443.556087476434,0,70
2025-07-07,25466.0,25466.0,25452.4,25456.0,15:05:00,25445.693602954867,0,71
2025-07-07,25459.95,25466.6,25456.15,25466.5,15:10:00,25447.0513550544,0,72
2025-07-07,25457.3,25461.75,25455.6,25459.8,15:15:00,25448.02741647779,0,73
2025-07-07,25463.0,25466.75,25456.95,25458.45,15:20:00,25449.45337681324,0,74
2025-07-07,25454.95,25473.2,25453.35,25465.1,15:25:00,25449.97686473579,0,75
2025-07-08,25457.15,25462.9,25428.1,25441.05,09:15:00,25448.753397210025,1,1
2025-07-08,25484.45,25487.15,25456.95,25457.5,09:20:00,25452.15307366621,1,2
2025-07-08,25474.4,25489.2,25471.45,25485.3,09:25:00,25454.271828555145,1,3
2025-07-08,25464.7,25494.7,25464.65,25475.9,09:30:00,25455.26498774037,1,4
2025-07-08,25470.9,25473.35,25458.35,25465.55,09:35:00,25456.754036527003,1,5
2025-07-08,25471.55,25484.3,25468.8,25470.9,09:40:00,25458.16317590538,1,6
2025-07-08,25478.9,25484.85,25467.05,25472.15,09:45:00,25460.13811153344,1,7
2025-07-08,25469.15,25484.6,25469.15,25479.45,09:50:00,25460.99638662549,1,8
2025-07-08,25458.05,25472.85,25456.25,25469.0,09:55:00,25460.715778375445,1,9
2025-07-08,25455.85,25462.7,25446.05,25458.7,10:00:00,25460.25237091112,1,10
2025-07-08,25448.0,25458.4,25447.8,25456.1,10:05:00,25459.08547844339,1,11
2025-07-08,25448.2,25453.6,25442.95,25448.45,10:10:00,25458.04876621069,1,12
2025-07-08,25459.95,25460.55,25441.75,25448.9,10:15:00,25458.229836095383,1,13
2025-07-08,25448.4,25459.7,25445.6,25459.5,10:20:00,25457.29366122916,1,14
2025-07-08,25449.1,25452.85,25446.85,25448.75,10:25:00,25456.51331254067,1,15
2025-07-08,25448.4,25450.6,25439.8,25449.45,10:30:00,25455.740616108225,1,16
2025-07-08,25450.5,25454.95,25447.8,25448.15,10:35:00,25455.241509812204,1,17
2025-07-08,25446.5,25455.6,25445.6,25450.5,10:40:00,25454.408985068185,1,18
2025-07-08,25435.05,25449.2,25432.3,25446.65,10:45:00,25452.56527220455,1,19
2025-07-08,25442.4,25446.2,25432.55,25434.95,10:50:00,25451.59715104221,1,20
2025-07-08,25451.35,25453.6,25441.3,25442.5,10:55:00,25451.573612847715,1,21
2025-07-08,25436.55,25454.95,25436.35,25451.45,11:00:00,25450.142792576506,1,22
2025-07-08,25431.85,25440.6,25431.6,25437.1,11:05:00,25448.40062185493,1,23
2025-07-08,25436.55,25443.15,25431.05,25431.8,11:10:00,25447.27199120208,1,24
2025-07-08,25437.65,25440.85,25434.1,25436.8,11:15:00,25446.355611087594,1,25
2025-07-08,25433.75,25440.55,25432.65,25437.25,11:20:00,25445.1550766983,1,26
2025-07-08,25445.95,25445.95,25432.3,25433.45,11:25:00,25445.230783679413,1,27
2025-07-08,25447.65,25455.5,25444.25,25445.85,11:30:00,25445.461185233755,1,28
2025-07-08,25441.25,25448.5,25439.7,25447.7,11:35:00,25445.0601199734,1,29
2025-07-08,25436.65,25442.45,25434.75,25441.4,11:40:00,25444.25915616641,1,30
2025-07-08,25440.85,25444.15,25433.7,25436.0,11:45:00,25443.934474626752,1,31
2025-07-08,25444.45,25446.3,25434.15,25440.95,11:50:00,25443.983572281348,1,32
2025-07-08,25449.55,25453.1,25442.2,25444.05,11:55:00,25444.51370825455,1,33
2025-07-08,25450.8,25450.85,25445.4,25447.85,12:00:00,25445.1124027065,1,34
2025-07-08,25459.0,25460.5,25449.9,25450.35,12:05:00,25446.43503102017,1,35
2025-07-08,25449.9,25461.1,25449.9,25458.95,12:10:00,25446.765028065867,1,36
2025-07-08,25453.3,25456.55,25449.85,25450.0,12:15:00,25447.38740634531,1,37
2025-07-08,25458.1,25459.65,25449.4,25453.8,12:20:00,25448.40765336004,1,38
2025-07-08,25466.15,25470.55,25457.15,25457.55,12:25:00,25450.097400659084,1,39
2025-07-08,25474.25,25477.0,25464.15,25465.35,12:30:00,25452.39764821536,1,40
2025-07-08,25473.6,25477.55,25470.75,25474.55,12:35:00,25454.41691981389,1,41
2025-07-08,25468.45,25475.0,25441.6,25473.05,12:40:00,25455.75340364114,1,42
2025-07-08,25471.05,25474.1,25464.9,25468.15,12:45:00,25457.210222341982,1,43
2025-07-08,25473.1,25477.65,25469.3,25470.4,12:50:00,25458.72353449989,1,44
2025-07-08,25473.65,25478.7,25471.8,25473.4,12:55:00,25460.14510264276,1,45
2025-07-08,25470.2,25476.4,25466.8,25472.5,13:00:00,25461.102711914875,1,46
2025-07-08,25469.2,25480.25,25466.35,25471.1,13:05:00,25461.873882208696,1,47
2025-07-08,25474.95,25475.85,25468.5,25469.6,13:10:00,25463.11922676025,1,48
2025-07-08,25475.9,25477.4,25471.4,25474.45,13:15:00,25464.33644325927,1,49
2025-07-08,25468.95,25477.85,25467.5,25475.8,13:20:00,25464.77582961553,1,50
2025-07-08,25473.45,25474.05,25464.5,25468.2,13:25:00,25465.60194108072,1,51
2025-07-08,25460.2,25473.8,25447.15,25473.35,13:30:00,25465.0874705016,1,52
2025-07-08,25458.7,25464.25,25457.0,25460.15,13:35:00,25464.47913997764,1,53
2025-07-08,25469.85,25471.6,25457.85,25459.6,13:40:00,25464.99065045596,1,54
2025-07-08,25472.35,25475.6,25469.2,25469.3,13:45:00,25465.691540888725,1,55
2025-07-08,25476.5,25478.8,25471.15,25472.0,13:50:00,25466.72091794694,1,56
2025-07-08,25475.15,25478.4,25471.1,25477.45,13:55:00,25467.52368766628,1,57
2025-07-08,25470.8,25477.4,25469.7,25475.35,14:00:00,25467.83571741235,1,58
2025-07-08,25470.95,25474.05,25466.15,25471.5,14:05:00,25468.13231575403,1,59
2025-07-08,25460.6,25475.0,25448.85,25471.3,14:10:00,25467.41495234888,1,60
2025-07-08,25459.8,25463.95,25456.85,25460.8,14:15:00,25466.689718791844,1,61
2025-07-08,25457.7,25461.45,25455.65,25459.95,14:20:00,25465.833555097382,1,62
2025-07-08,25457.35,25465.4,25456.9,25457.7,14:25:00,25465.02559746906,1,63
2025-07-08,25461.55,25465.35,25456.6,25457.65,14:30:00,25464.69458818629,1,64
2025-07-08,25454.65,25466.15,25447.45,25461.75,14:35:00,25463.73796073997,1,65
2025-07-08,25452.9,25459.1,25452.25,25456.05,14:40:00,25462.70577400284,1,66
2025-07-08,25455.55,25459.05,25450.75,25455.0,14:45:00,25462.02427171685,1,67
2025-07-08,25470.0,25470.45,25451.95,25457.25,14:50:00,25462.783864886675,1,68
2025-07-08,25482.3,25486.25,25467.2,25470.6,14:55:00,25464.64254442128,1,69
2025-07-08,25504.05,25505.65,25476.85,25483.55,15:00:00,25468.395635428777,1,70
2025-07-08,25528.0,25529.25,25503.75,25503.95,15:05:00,25474.07224157842,1,71
2025-07-08,25536.0,25538.9,25515.35,25527.5,15:10:00,25479.970123332856,1,72
2025-07-08,25523.0,25547.4,25521.3,25536.2,15:15:00,25484.068206824966,1,73
2025-07-08,25520.6,25524.85,25517.3,25522.35,15:20:00,25487.547425222587,1,74
2025-07-08,25523.1,25535.45,25519.25,25519.25,15:25:00,25490.9333847252,1,75
2025-07-09,25488.3,25522.6,25484.2,25503.5,09:15:00,25492.72188636235,2,1
2025-07-09,25487.45,25500.7,25478.7,25488.8,09:20:00,25492.219801946885,2,2
2025-07-09,25483.2,25494.3,25476.85,25487.45,09:25:00,25491.36077319004,2,3
2025-07-09,25488.25,25492.2,25472.05,25483.35,09:30:00,25491.064509076703,2,4
2025-07-09,25491.7,25495.9,25487.6,25488.8,09:35:00,25491.125032021777,2,5
2025-07-09,25483.85,25492.7,25480.65,25492.3,09:40:00,25490.432171829227,2,6
2025-07-09,25489.0,25490.55,25477.65,25482.0,09:45:00,25490.29577451216,2,7
2025-07-09,25491.6,25497.0,25486.5,25489.1,09:50:00,25490.41998646338,2,8
2025-07-09,25517.4,25519.15,25489.75,25491.6,09:55:00,25492.989511562108,2,9
2025-07-09,25504.65,25519.45,25504.45,25516.0,10:00:00,25494.10003427048,2,10
2025-07-09,25510.35,25513.6,25503.6,25504.5,10:05:00,25495.64765005424,2,11
2025-07-09,25527.65,25529.35,25508.4,25510.65,10:10:00,25498.69549290622,2,12
2025-07-09,25531.8,25537.1,25522.45,25527.6,10:15:00,25501.848303105628,2,13
2025-07-09,25531.65,25533.5,25527.05,25531.2,10:20:00,25504.68655995271,2,14
2025-07-09,25518.7,25537.25,25518.45,25530.6,10:25:00,25506.021173290545,2,15
2025-07-09,25522.45,25527.5,25516.15,25518.7,10:30:00,25507.58582345335,2,16
2025-07-09,25525.4,25527.0,25521.0,25521.2,10:35:00,25509.28241169589,2,17
2025-07-09,25526.4,25528.85,25521.6,25526.05,10:40:00,25510.912658201043,2,18
2025-07-09,25530.2,25531.5,25516.5,25526.35,10:45:00,25512.749547896183,2,19
2025-07-09,25525.95,25531.0,25524.35,25529.4,10:50:00,25514.00673381083,2,20
2025-07-09,25523.4,25527.6,25521.95,25525.95,10:55:00,25514.90133059075,2,21
2025-07-09,25519.5,25526.8,25515.75,25522.6,11:00:00,25515.33929910592,2,22
2025-07-09,25521.25,25525.95,25518.05,25519.2,11:05:00,25515.9022230006,2,23
2025-07-09,25534.15,25535.2,25521.5,25522.15,11:10:00,25517.640106524344,2,24
2025-07-09,25539.3,25548.7,25534.2,25534.25,11:15:00,25519.702953522024,2,25
2025-07-09,25538.35,25541.35,25533.15,25539.75,11:20:00,25521.478862710403,2,26
2025-07-09,25544.8,25546.55,25537.2,25537.9,11:25:00,25523.69992340465,2,27
2025-07-09,25542.85,25547.3,25538.5,25544.6,11:30:00,25525.52374022325,2,28
2025-07-09,25536.05,25544.45,25535.45,25541.8,11:35:00,25526.52624115437,2,29
2025-07-09,25531.4,25539.65,25530.4,25536.0,11:40:00,25526.99040866348,2,30
2025-07-09,25528.55,25534.1,25527.2,25531.95,11:45:00,25527.13894117172,2,31
2025-07-09,25517.0,25529.45,25503.25,25528.9,11:50:00,25526.173327726792,2,32
2025-07-09,25519.6,25524.85,25515.45,25516.9,11:55:00,25525.54729651472,2,33
2025-07-09,25521.8,25521.9,25515.65,25519.2,12:00:00,25525.19041113236,2,34
2025-07-09,25531.8,25533.15,25517.5,25521.4,12:05:00,25525.81989578642,2,35
2025-07-09,25537.95,25539.9,25530.5,25531.1,12:10:00,25526.97514380676,2,36
2025-07-09,25537.25,25542.1,25534.8,25539.0,12:15:00,25527.953701539453,2,37
2025-07-09,25534.7,25539.1,25530.7,25536.5,12:20:00,25528.59620615474,2,38
2025-07-09,25540.35,25541.1,25534.15,25534.85,12:25:00,25529.715615092384,2,39
2025-07-09,25537.3,25544.25,25534.65,25539.55,12:30:00,25530.437937464536,2,40
2025-07-09,25543.55,25544.2,25536.5,25536.85,12:35:00,25531.686705325057,2,41
2025-07-09,25533.3,25545.95,25532.4,25542.75,12:40:00,25531.84035243696,2,42
2025-07-09,25536.25,25536.9,25523.0,25532.85,12:45:00,25532.260318871533,2,43
2025-07-09,25534.2,25537.4,25532.25,25535.0,12:50:00,25532.445050407576,2,44
2025-07-09,25531.65,25534.35,25528.7,25533.5,12:55:00,25532.36933132114,2,45
2025-07-09,25490.5,25531.85,25490.5,25530.95,13:00:00,25528.381775957223,2,46
2025-07-09,25515.05,25518.9,25491.35,25491.35,13:05:00,25527.11208300892,2,47
2025-07-09,25525.4,25527.2,25511.8,25514.1,13:10:00,25526.949027484257,2,48
2025-07-09,25523.95,25529.1,25521.8,25525.15,13:15:00,25526.66340581909,2,49
2025-07-09,25533.2,25537.8,25522.85,25523.15,13:20:00,25527.285938598223,2,50
2025-07-09,25532.5,25535.85,25526.85,25534.4,13:25:00,25527.782515874587,2,51
2025-07-09,25531.8,25534.55,25528.85,25531.55,13:30:00,25528.16513341034,2,52
2025-07-09,25529.8,25532.0,25523.5,25531.5,13:35:00,25528.32083499031,2,53
2025-07-09,25526.55,25532.85,25525.1,25528.25,13:40:00,25528.15218403885,2,54
2025-07-09,25524.05,25529.55,25522.85,25526.15,13:45:00,25527.76149984468,2,55
2025-07-09,25523.4,25526.05,25516.85,25523.55,13:50:00,25527.346118907084,2,56
2025-07-09,25529.85,25532.55,25521.65,25522.0,13:55:00,25527.58458377308,2,57
2025-07-09,25525.95,25532.1,25524.35,25529.95,14:00:00,25527.428909128022,2,58
2025-07-09,25523.75,25527.45,25517.6,25525.45,14:05:00,25527.078536830115,2,59
2025-07-09,25530.3,25531.05,25522.3,25524.85,14:10:00,25527.385342846293,2,60
2025-07-09,25520.1,25533.2,25510.85,25530.25,14:15:00,25526.69150067045,2,61
2025-07-09,25508.6,25521.95,25508.05,25519.7,14:20:00,25524.9685006066,2,62
2025-07-09,25492.05,25510.8,25490.75,25506.35,14:25:00,25521.83340531073,2,63
2025-07-09,25457.4,25491.05,25456.75,25490.5,14:30:00,25515.69689051924,2,64
2025-07-09,25478.15,25480.5,25456.35,25457.05,14:35:00,25512.12099618407,2,65
2025-07-09,25469.45,25479.85,25463.4,25478.05,14:40:00,25508.057091785588,2,66
2025-07-09,25458.15,25470.45,25454.45,25469.85,14:45:00,25503.30403542505,2,67
2025-07-09,25446.4,25462.2,25424.8,25456.8,14:50:00,25497.88460347981,2,68
2025-07-09,25461.8,25461.8,25443.75,25446.0,14:55:00,25494.44797457697,2,69
2025-07-09,25475.1,25476.1,25460.9,25462.8,15:00:00,25492.60531033155,2,70
2025-07-09,25476.35,25480.35,25473.9,25476.05,15:05:00,25491.05718553807,2,71
2025-07-09,25478.4,25483.1,25476.85,25477.75,15:10:00,25489.851739296348,2,72
2025-07-09,25470.1,25482.35,25469.0,25479.85,15:15:00,25487.970621268123,2,73
2025-07-09,25474.55,25477.6,25471.1,25471.1,15:20:00,25486.69246686164,2,74
2025-07-09,25464.65,25480.3,25464.4,25475.55,15:25:00,25484.593184303383,2,75
2025-07-10,25470.2,25521.85,25468.55,25505.95,09:15:00,25485.553831141773,3,1
2025-07-10,25453.7,25470.6,25447.45,25470.6,09:20:00,25482.5201329378,3,2
2025-07-10,25450.9,25466.8,25450.9,25453.0,09:25:00,25479.508691705625,3,3
2025-07-10,25444.65,25455.6,25433.0,25451.9,09:30:00,25476.18881630509,3,4
2025-07-10,25435.6,25457.15,25433.8,25445.2,09:35:00,25472.323214752225,3,5
2025-07-10,25438.55,25442.3,25431.45,25434.4,09:40:00,25469.10671810916,3,6
2025-07-10,25453.5,25454.15,25436.95,25438.4,09:45:00,25467.620364003524,3,7
2025-07-10,25418.55,25454.1,25416.25,25453.2,09:50:00,25462.946996003186,3,8
2025-07-10,25426.6,25430.4,25410.5,25417.85,09:55:00,25459.485377336216,3,9
2025-07-10,25420.25,25436.65,25419.65,25427.0,10:00:00,25455.748674732768,3,10
2025-07-10,25419.85,25436.1,25418.05,25421.5,10:05:00,25452.329753329646,3,11
2025-07-10,25413.05,25421.85,25402.9,25419.9,10:10:00,25448.588824441107,3,12
2025-07-10,25418.15,25419.7,25400.6,25412.2,10:15:00,25445.68988878005,3,13
2025-07-10,25421.4,25421.85,25411.1,25418.25,10:20:00,25443.37656603909,3,14
2025-07-10,25421.25,25424.7,25414.7,25421.15,10:25:00,25441.269274035367,3,15
2025-07-10,25420.75,25427.55,25417.7,25421.85,10:30:00,25439.31505746057,3,16
2025-07-10,25420.35,25424.85,25417.75,25421.2,10:35:00,25437.508861511946,3,17
2025-07-10,25412.1,25423.3,25409.7,25420.4,10:40:00,25435.08896993938,3,18
2025-07-10,25403.55,25423.45,25402.45,25411.25,10:45:00,25432.085258516585,3,19
2025-07-10,25389.05,25403.75,25382.8,25403.45,10:50:00,25427.986662467385,3,20
2025-07-10,25388.9,25391.15,25381.5,25389.75,10:55:00,25424.264123184777,3,21
2025-07-10,25379.9,25393.0,25378.7,25389.3,11:00:00,25420.03896859575,3,22
2025-07-10,25379.95,25384.35,25375.8,25380.25,11:05:00,25416.220971586627,3,23
2025-07-10,25397.0,25401.7,25377.45,25380.3,11:10:00,25414.39040286409,3,24
2025-07-10,25386.75,25399.7,25386.35,25397.45,11:15:00,25411.7579835437,3,25
2025-07-10,25366.8,25389.4,25364.25,25386.55,11:20:00,25407.476270825253,3,26
2025-07-10,25377.35,25378.9,25363.8,25367.0,11:25:00,25404.60710217523,3,27
2025-07-10,25377.5,25383.65,25370.0,25377.9,11:30:00,25402.02547339664,3,28
2025-07-10,25377.1,25379.8,25370.0,25378.05,11:35:00,25399.65161878743,3,29
2025-07-10,25373.25,25382.2,25372.95,25376.95,11:40:00,25397.13717890291,3,30
2025-07-10,25379.3,25384.65,25371.95,25372.85,11:45:00,25395.43839995977,3,31
2025-07-10,25382.1,25383.1,25374.2,25379.45,11:50:00,25394.16807615408,3,32
2025-07-10,25368.95,25385.05,25368.75,25382.8,11:55:00,25391.7663546156,3,33
2025-07-10,25367.4,25374.45,25360.5,25368.85,12:00:00,25389.44574941412,3,34
2025-07-10,25363.7,25368.35,25357.4,25367.25,12:05:00,25386.993773279435,3,35
2025-07-10,25368.25,25370.0,25358.25,25363.65,12:10:00,25385.208652014728,3,36
2025-07-10,25378.6,25378.75,25365.65,25370.2,12:15:00,25384.579256584755,3,37
2025-07-10,25396.35,25398.45,25377.35,25378.55,12:20:00,25385.70027976716,3,38
2025-07-10,25402.9,25404.4,25387.9,25396.6,12:25:00,25387.33834836076,3,39
2025-07-10,25399.7,25407.25,25392.75,25403.2,12:30:00,25388.51564851688,3,40
2025-07-10,25408.05,25410.75,25399.35,25399.55,12:35:00,25390.376062943844,3,41
2025-07-10,25389.45,25409.9,25389.2,25407.85,12:40:00,25390.287866473,3,42
2025-07-10,25392.65,25392.85,25384.65,25389.75,12:45:00,25390.51283157081,3,43
2025-07-10,25388.85,25402.7,25388.25,25392.65,12:50:00,25390.354466659304,3,44
2025-07-10,25400.6,25402.75,25388.6,25388.95,12:55:00,25391.330231739368,3,45
2025-07-10,25390.3,25404.3,25387.8,25401.6,13:00:00,25391.23211443086,3,46
2025-07-10,25380.6,25390.35,25378.05,25390.3,13:05:00,25390.21953210411,3,47
2025-07-10,25382.25,25389.35,25378.65,25380.1,13:10:00,25389.460529046573,3,48
2025-07-10,25395.25,25395.85,25379.45,25382.65,13:15:00,25390.01190723261,3,49
2025-07-10,25387.95,25399.05,25386.4,25393.65,13:20:00,25389.815535115224,3,50
2025-07-10,25390.55,25393.5,25382.9,25387.35,13:25:00,25389.88548415187,3,51
2025-07-10,25390.7,25399.05,25386.15,25390.5,13:30:00,25389.96305708979,3,52
2025-07-10,25386.5,25392.45,25384.5,25390.15,13:35:00,25389.633242128857,3,53
2025-07-10,25367.6,25387.4,25367.6,25386.5,13:40:00,25387.534838116582,3,54
2025-07-10,25377.8,25378.8,25357.1,25367.95,13:45:00,25386.60771067691,3,55
2025-07-10,25377.05,25388.8,25375.9,25377.7,13:50:00,25385.697452517205,3,56
2025-07-10,25374.35,25378.6,25358.45,25376.95,13:55:00,25384.61674275366,3,57
2025-07-10,25383.05,25389.8,25372.75,25374.9,14:00:00,25384.467529158075,3,58
2025-07-10,25407.05,25431.05,25382.4,25382.85,14:05:00,25386.61824066683,3,59
2025-07-10,25395.25,25411.45,25387.25,25407.2,14:10:00,25387.440312984272,3,60
2025-07-10,25401.2,25407.65,25392.85,25393.95,14:15:00,25388.750759366725,3,61
2025-07-10,25400.7,25405.2,25397.75,25400.95,14:20:00,25389.88878228418,3,62
2025-07-10,25411.35,25416.6,25399.35,25402.05,14:25:00,25391.93270778092,3,63
2025-07-10,25406.8,25413.15,25400.4,25411.45,14:30:00,25393.348640373217,3,64
2025-07-10,25402.95,25414.5,25402.9,25406.1,14:35:00,25394.263055575768,3,65
2025-07-10,25408.3,25410.9,25400.05,25402.1,14:40:00,25395.59990742569,3,66
2025-07-10,25388.95,25411.0,25368.65,25407.85,14:45:00,25394.96658290896,3,67
2025-07-10,25385.75,25398.35,25380.45,25389.0,14:50:00,25394.08881310811,3,68
2025-07-10,25363.2,25393.1,25363.2,25386.05,14:55:00,25391.147021383527,3,69
2025-07-10,25362.5,25368.2,25343.35,25366.05,15:00:00,25388.41873363272,3,70
2025-07-10,25374.05,25376.35,25354.3,25363.85,15:05:00,25387.05028281056,3,71
2025-07-10,25362.75,25377.4,25358.8,25375.55,15:10:00,25384.735970161928,3,72
2025-07-10,25371.8,25374.7,25353.55,25362.55,15:15:00,25383.503973003648,3,73
2025-07-10,25350.95,25371.75,25345.55,25370.45,15:20:00,25380.403594622345,3,74
2025-07-10,25348.15,25358.7,25345.95,25351.1,15:25:00,25377.33182370593,3,75
2025-07-11,25310.4,25317.9,25300.3,25300.5,09:25:00,25348.81851747564,4,1
2025-07-11,25286.85,25310.7,25285.45,25309.9,09:30:00,25342.91675390653,4,2
2025-07-11,25304.7,25308.35,25285.65,25287.7,09:35:00,25339.27706305829,4,3
2025-07-11,25315.25,25322.4,25302.7,25304.5,09:40:00,25336.98877133845,4,4
2025-07-11,25297.55,25315.8,25296.7,25315.55,09:45:00,25333.232697877647,4,5
2025-07-11,25286.9,25301.0,25279.35,25298.15,09:55:00,25325.74105200415,4,6
2025-07-11,25258.9,25287.6,25258.35,25287.05,10:00:00,25319.375237527565,4,7
2025-07-11,25269.5,25271.5,25255.4,25258.65,10:05:00,25314.625214905893,4,8
2025-07-11,25256.75,25269.85,25252.4,25269.85,10:10:00,25309.113289676763,4,9
2025-07-11,25239.55,25257.25,25238.9,25256.9,10:15:00,25302.488214469453,4,10
2025-07-11,25240.05,25246.7,25231.8,25239.65,10:20:00,25296.54171785332,4,11
2025-07-11,25239.2,25245.6,25234.8,25240.5,10:25:00,25291.080601867285,4,12
2025-07-11,25219.9,25240.7,25215.55,25238.8,10:30:00,25284.301496927543,4,13
2025-07-11,25228.8,25230.45,25214.0,25219.75,10:35:00,25279.015640077305,4,14
2025-07-11,25210.6,25229.4,25206.95,25229.05,10:40:00,25272.499864831847,4,15
2025-07-11,25191.6,25210.4,25191.5,25210.15,10:45:00,25264.795115800243,4,16
2025-07-11,25204.15,25208.65,25190.0,25192.55,10:50:00,25259.019390485937,4,17
2025-07-11,25175.05,25203.85,25170.55,25203.85,10:55:00,25251.02230567776,4,18
2025-07-11,25162.6,25177.2,25157.5,25176.25,11:00:00,25242.60113370845,4,19
2025-07-11,25151.5,25177.3,25149.85,25164.35,11:05:00,25233.92483526002,4,20
2025-07-11,25179.15,25214.85,25150.75,25151.4,11:10:00,25228.70818428288,4,21
2025-07-11,25150.95,25159.0,25150.95,25152.85,13:30:00,25164.644602171706,4,22
2025-07-11,25153.35,25159.0,25150.85,25151.1,13:35:00,25163.5689257744,4,23
2025-07-11,25147.35,25154.15,25144.0,25154.05,13:40:00,25162.024266176835,4,24
2025-07-11,25161.3,25163.85,25144.45,25147.4,13:45:00,25161.955288445708,4,25
2025-07-11,25166.4,25169.15,25157.85,25161.0,13:50:00,25162.378594308026,4,26
2025-07-11,25168.4,25172.65,25164.55,25167.3,13:55:00,25162.952061516786,4,27
2025-07-11,25161.65,25171.0,25158.6,25169.0,14:00:00,25162.82805565804,4,28
2025-07-11,25153.8,25164.5,25152.7,25161.15,14:05:00,25161.968240833463,4,29
2025-07-11,25168.4,25191.55,25150.05,25154.4,14:10:00,25162.580789325515,4,30
2025-07-11,25163.9,25171.65,25163.65,25168.3,14:15:00,25162.70642843737,4,31
2025-07-11,25157.55,25164.9,25152.6,25163.7,14:20:00,25162.215340014765,4,32
2025-07-11,25152.35,25159.7,25150.8,25157.1,14:25:00,25161.275783822883,4,33
2025-07-11,25161.15,25163.45,25150.4,25153.7,14:30:00,25161.263804411177,4,34
2025-07-11,25165.45,25168.1,25157.75,25160.45,14:35:00,25161.66248970535,4,35
2025-07-11,25166.75,25171.45,25164.65,25165.75,14:40:00,25162.14701449532,4,36
2025-07-11,25166.25,25175.8,25165.8,25167.05,14:45:00,25162.537775019573,4,37
2025-07-11,25160.55,25167.45,25157.4,25166.4,14:50:00,25162.348463112947,4,38
2025-07-11,25167.95,25170.6,25158.4,25158.4,14:55:00,25162.881942816475,4,39
2025-07-11,25165.15,25172.05,25157.15,25166.35,15:00:00,25163.097948262526,4,40
2025-07-11,25164.9,25167.0,25159.6,25163.95,15:05:00,25163.269572237525,4,41
2025-07-11,25150.15,25166.1,25150.15,25164.75,15:10:00,25162.020089167283,4,42
2025-07-11,25138.6,25153.6,25136.45,25149.8,15:15:00,25159.78960448469,4,43
2025-07-11,25140.1,25145.75,25137.5,25138.55,15:20:00,25157.91440405757,4,44
2025-07-11,25140.55,25143.9,25130.45,25140.25,15:25:00,25156.260651290184,4,45
2025-07-14,25099.3,25149.05,25087.1,25149.05,09:15:00,25145.26617088231,0,1
2025-07-14,25056.1,25104.65,25052.6,25100.6,09:20:00,25136.774154607803,0,2
2025-07-14,25073.2,25074.35,25051.75,25054.7,09:25:00,25130.719473216584,0,3
2025-07-14,25055.35,25079.15,25051.5,25071.9,09:30:00,25123.54142814834,0,4
2025-07-14,25073.8,25075.7,25042.1,25055.3,09:35:00,25118.804149277068,0,5
2025-07-14,25090.0,25091.25,25070.4,25073.55,09:40:00,25116.06089696497,0,6
2025-07-14,25087.95,25093.7,25077.0,25089.7,09:45:00,25113.383668682585,0,7
2025-07-14,25111.9,25115.1,25081.65,25088.2,09:50:00,25113.24236690329,0,8
2025-07-14,25117.15,25122.05,25103.45,25111.5,09:55:00,25113.61452243632,0,9
2025-07-14,25109.7,25127.2,25109.1,25117.5,10:00:00,25113.24171077572,0,10
2025-07-14,25106.65,25110.1,25086.4,25109.45,10:05:00,25112.61392879708,0,11
2025-07-14,25119.8,25121.15,25096.85,25106.4,10:10:00,25113.298316530683,0,12
2025-07-14,25119.35,25125.35,25106.95,25120.75,10:15:00,25113.874667337284,0,13
2025-07-14,25116.0,25127.05,25114.85,25119.3,10:20:00,25114.07707997183,0,14
2025-07-14,25110.15,25122.0,25109.4,25116.65,10:25:00,25113.703072355467,0,15
2025-07-14,25086.8,25112.05,25085.9,25109.3,10:30:00,25111.14087498828,0,16
2025-07-14,25079.45,25091.4,25079.0,25087.3,10:35:00,25108.12269641797,0,17
2025-07-14,25088.05,25088.9,25071.85,25079.3,10:40:00,25106.211011044827,0,18
2025-07-14,25085.55,25088.05,25081.05,25087.75,10:45:00,25104.243295707223,0,19
2025-07-14,25078.75,25087.45,25078.3,25085.6,10:50:00,25101.815362782727,0,20
2025-07-14,25073.2,25095.2,25072.35,25078.15,10:55:00,25099.09009013676,0,21
2025-07-14,25079.8,25085.1,25072.9,25074.25,11:00:00,25097.25293869516,0,22
2025-07-14,25064.2,25080.2,25064.2,25079.8,11:05:00,25094.10503977181,0,23
2025-07-14,25063.95,25068.4,25061.85,25064.55,11:10:00,25091.23313122212,0,24
2025-07-14,25060.1,25066.4,25057.75,25063.75,11:15:00,25088.26807110572,0,25
2025-07-14,25046.0,25061.1,25045.45,25060.9,11:20:00,25084.242540524225,0,26
2025-07-14,25036.35,25051.15,25019.8,25046.85,11:25:00,25079.681346188587,0,27
2025-07-14,25036.55,25049.5,25035.35,25036.35,11:30:00,25075.573598932533,0,28
2025-07-14,25034.05,25038.1,25028.1,25036.35,11:35:00,25071.61897046277,0,29
2025-07-14,25033.35,25041.8,25024.25,25034.4,11:40:00,25067.97430660917,0,30
2025-07-14,25038.7,25044.5,25028.55,25034.35,11:45:00,25065.1862774083,0,31
2025-07-14,25038.7,25043.55,25031.1,25038.85,11:50:00,25062.663774797984,0,32
2025-07-14,25034.55,25040.4,25033.15,25038.8,11:55:00,25059.986272436272,0,33
2025-07-14,25034.05,25039.55,25029.25,25034.8,12:00:00,25057.516151251864,0,34
2025-07-14,25051.7,25055.65,25034.4,25034.95,12:05:00,25056.962232085018,0,35
2025-07-14,25045.4,25055.5,25043.3,25053.55,12:10:00,25055.86106712454,0,36
2025-07-14,25052.9,25055.9,25044.9,25046.45,12:15:00,25055.57906073173,0,37
2025-07-14,25043.9,25056.55,25042.65,25054.35,12:20:00,25054.46676923347,0,38
2025-07-14,25043.45,25045.15,25035.75,25044.95,12:25:00,25053.417553116,0,39
2025-07-14,25048.7,25055.5,25041.6,25044.2,12:30:00,25052.96826234304,0,40
2025-07-14,25046.05,25051.9,25039.9,25050.55,12:35:00,25052.30938021513,0,41
2025-07-14,25055.85,25058.3,25046.0,25047.2,12:40:00,25052.646582099405,0,42
2025-07-14,25050.1,25060.95,25050.0,25057.4,12:45:00,25052.40405047089,0,43
2025-07-14,25041.3,25054.2,25039.9,25051.25,12:50:00,25051.34652185461,0,44
2025-07-14,25039.05,25041.7,25033.8,25041.35,12:55:00,25050.17542453513,0,45
2025-07-14,25048.0,25050.45,25037.4,25039.3,13:00:00,25049.968241246064,0,46
2025-07-14,25020.8,25048.65,25002.75,25048.1,13:05:00,25047.190313508345,0,47
2025-07-14,25026.35,25028.65,25017.15,25021.65,13:10:00,25045.205521745647,0,48
2025-07-14,25036.9,25040.9,25025.5,25027.25,13:15:00,25044.414519674632,0,49
2025-07-14,25051.1,25056.5,25035.9,25037.0,13:20:00,25045.05123208657,0,50
2025-07-14,25057.35,25058.1,25045.4,25051.95,13:25:00,25046.222543316424,0,51
2025-07-14,25052.0,25058.55,25048.3,25058.55,13:30:00,25046.77277728629,0,52
2025-07-14,25042.7,25053.05,25038.0,25052.95,13:35:00,25046.38489373521,0,53
2025-07-14,25048.45,25049.7,25039.65,25044.45,13:40:00,25046.581570522336,0,54
2025-07-14,25046.95,25054.75,25044.3,25049.3,13:45:00,25046.61665904402,0,55
2025-07-14,25040.3,25048.45,25038.85,25047.95,13:50:00,25046.0150724684,0,56
2025-07-14,25035.25,25040.55,25012.9,25040.4,13:55:00,25044.989827471407,0,57
2025-07-14,25032.45,25034.6,25027.5,25034.6,14:00:00,25043.795558188416,0,58
2025-07-14,25042.15,25043.75,25030.75,25033.25,14:05:00,25043.63883836095,0,59
2025-07-14,25046.65,25046.65,25032.95,25042.05,14:10:00,25043.925615659908,0,60
2025-07-14,25044.6,25047.95,25038.15,25046.85,14:15:00,25043.98984273992,0,61
2025-07-14,25051.65,25055.1,25041.5,25044.3,14:20:00,25044.7193815266,0,62
2025-07-14,25058.8,25060.8,25049.3,25051.65,14:25:00,25046.060392809773,0,63
2025-07-14,25043.9,25060.6,25042.1,25059.25,14:30:00,25045.854641113605,0,64
2025-07-14,25040.95,25050.5,25037.2,25042.35,14:35:00,25045.38753243612,0,65
2025-07-14,25049.85,25051.85,25039.95,25040.9,14:40:00,25045.812529346964,0,66
2025-07-14,25052.2,25053.6,25045.35,25051.1,14:45:00,25046.42085988535,0,67
2025-07-14,25083.55,25086.4,25051.35,25052.85,14:50:00,25049.9569684677,0,68
2025-07-14,25105.1,25108.5,25074.8,25083.85,14:55:00,25055.208685756494,0,69
2025-07-14,25078.0,25107.1,25077.85,25107.05,15:00:00,25057.37928711302,0,70
2025-07-14,25073.55,25082.45,25069.5,25077.75,15:05:00,25058.91935500702,0,71
2025-07-14,25079.85,25085.75,25066.75,25073.9,15:10:00,25060.912749768257,0,72
2025-07-14,25080.5,25083.85,25077.1,25080.0,15:15:00,25062.77820217128,0,73
2025-07-14,25087.0,25090.65,25078.8,25080.3,15:20:00,25065.085040059726,0,74
2025-07-14,25087.1,25092.7,25081.3,25086.65,15:25:00,25067.18170291118,0,75
2025-07-15,25139.95,25150.45,25093.0,25093.0,09:15:00,25076.03513548965,1,1
2025-07-15,25147.75,25149.65,25133.55,25140.0,09:20:00,25082.86512258588,1,2
2025-07-15,25147.4,25147.8,25132.65,25147.8,09:25:00,25089.01130138721,1,3
2025-07-15,25139.95,25155.7,25125.1,25147.95,09:30:00,25093.862606017006,1,4
2025-07-15,25123.75,25140.15,25117.75,25140.15,09:35:00,25096.70902449157,1,5
2025-07-15,25101.65,25125.35,25097.35,25124.05,09:40:00,25097.17959358762,1,6
2025-07-15,25106.35,25111.2,25089.25,25101.5,09:45:00,25098.05296562689,1,7
2025-07-15,25098.4,25122.7,25097.9,25107.2,09:50:00,25098.08601651957,1,8
2025-07-15,25101.55,25111.3,25096.2,25097.7,09:55:00,25098.415919708183,1,9
2025-07-15,25118.8,25122.8,25097.7,25102.8,10:00:00,25100.35726068836,1,10
2025-07-15,25122.55,25128.65,25115.3,25119.15,10:05:00,25102.47085490851,1,11
2025-07-15,25128.25,25130.9,25117.7,25122.9,10:10:00,25104.92601158389,1,12
2025-07-15,25112.85,25132.55,25100.8,25128.25,10:15:00,25105.68067714733,1,13
2025-07-15,25112.55,25120.85,25108.75,25113.55,10:20:00,25106.334898371395,1,14
2025-07-15,25129.95,25130.5,25110.65,25112.15,10:25:00,25108.58395566936,1,15
2025-07-15,25143.85,25146.15,25128.0,25129.75,10:30:00,25111.94262655799,1,16
2025-07-15,25156.9,25164.65,25142.5,25143.1,10:35:00,25116.224281171515,1,17
2025-07-15,25160.35,25168.65,25155.15,25157.9,10:40:00,25120.42673058376,1,18
2025-07-15,25167.45,25167.9,25158.15,25159.7,10:45:00,25124.905137194823,1,19
2025-07-15,25191.4,25195.5,25165.45,25166.8,10:50:00,25131.23798127151,1,20
2025-07-15,25192.85,25197.05,25185.75,25190.4,10:55:00,25137.105792578983,1,21
2025-07-15,25213.45,25218.2,25190.45,25192.95,11:00:00,25144.376669476227,1,22
2025-07-15,25231.75,25232.9,25213.05,25214.4,11:05:00,25152.69793904992,1,23
2025-07-15,25221.4,25243.7,25216.95,25231.1,11:10:00,25159.240992473737,1,24
2025-07-15,25205.85,25227.45,25204.15,25221.2,11:15:00,25163.679945571475,1,25
2025-07-15,25217.4,25220.45,25204.3,25206.15,11:20:00,25168.79614123133,1,26
2025-07-15,25211.85,25219.25,25210.25,25216.2,11:25:00,25172.89650873312,1,27
2025-07-15,25224.2,25226.65,25210.25,25211.75,11:30:00,25177.78255552044,1,28
2025-07-15,25219.0,25228.3,25204.5,25225.0,11:35:00,25181.70802642325,1,29
2025-07-15,25223.25,25227.3,25215.85,25219.0,11:40:00,25185.664404859133,1,30
2025-07-15,25217.05,25224.85,25215.1,25223.7,11:45:00,25188.653509158263,1,31
2025-07-15,25203.1,25218.55,25201.75,25217.25,11:50:00,25190.029365428905,1,32
2025-07-15,25204.65,25207.75,25199.55,25202.7,11:55:00,25191.42180681663,1,33
2025-07-15,25204.0,25213.65,25202.35,25204.6,12:00:00,25192.61972997695,1,34
2025-07-15,25204.7,25208.25,25200.7,25203.15,12:05:00,25193.770231883907,1,35
2025-07-15,25205.95,25210.8,25203.25,25205.1,12:10:00,25194.930209799724,1,36
2025-07-15,25193.95,25206.25,25192.8,25206.2,12:15:00,25194.836856485465,1,37
2025-07-15,25192.65,25197.25,25173.1,25193.6,12:20:00,25194.62858443923,1,38
2025-07-15,25203.25,25204.5,25192.1,25192.5,12:25:00,25195.44967163549,1,39
2025-07-15,25210.5,25216.3,25203.7,25204.7,12:30:00,25196.88303624164,1,40
2025-07-15,25218.8,25219.9,25207.8,25209.9,12:35:00,25198.970366123383,1,41
2025-07-15,25215.7,25219.55,25213.65,25218.6,12:40:00,25200.563664587826,1,42
2025-07-15,25214.0,25219.9,25212.9,25216.35,12:45:00,25201.843315579456,1,43
2025-07-15,25210.5,25220.4,25207.75,25214.05,12:50:00,25202.667761714747,1,44
2025-07-15,25208.2,25211.0,25205.95,25210.25,12:55:00,25203.19464155144,1,45
2025-07-15,25218.5,25220.35,25207.2,25208.25,13:00:00,25204.65229473701,1,46
2025-07-15,25212.55,25220.3,25208.8,25218.25,13:05:00,25205.404457143013,1,47
2025-07-15,25204.2,25212.9,25204.2,25212.2,13:10:00,25205.28974693892,1,48
2025-07-15,25197.8,25207.45,25197.2,25204.75,13:15:00,25204.57643770664,1,49
2025-07-15,25198.25,25202.55,25193.85,25197.0,13:20:00,25203.973919829816,1,50
2025-07-15,25186.95,25198.95,25181.2,25198.35,13:25:00,25202.35259413174,1,51
2025-07-15,25177.3,25193.8,25175.2,25186.45,13:30:00,25199.966632785858,1,52
2025-07-15,25178.6,25183.9,25169.55,25177.75,13:35:00,25197.931715377683,1,53
2025-07-15,25182.85,25189.7,25175.4,25176.7,13:40:00,25196.495361532187,1,54
2025-07-15,25190.3,25196.45,25182.45,25183.3,13:45:00,25195.90532710055,1,55
2025-07-15,25195.75,25197.15,25187.9,25189.7,13:50:00,25195.89053404336,1,56
2025-07-15,25193.6,25198.0,25192.25,25195.7,13:55:00,25195.67238794399,1,57
2025-07-15,25178.65,25195.1,25178.6,25193.4,14:00:00,25194.0512081398,1,58
2025-07-15,25173.6,25182.95,25159.5,25178.75,14:05:00,25192.10347403125,1,59
2025-07-15,25184.85,25188.55,25173.35,25173.55,14:10:00,25191.412666980654,1,60
2025-07-15,25188.5,25193.05,25184.1,25185.0,14:15:00,25191.13527012536,1,61
2025-07-15,25178.65,25191.3,25177.15,25188.4,14:20:00,25189.946196780085,1,62
2025-07-15,25181.75,25186.1,25177.5,25178.9,14:25:00,25189.16560661056,1,63
2025-07-15,25191.65,25194.65,25181.7,25181.7,14:30:00,25189.402215504782,1,64
2025-07-15,25174.7,25194.2,25162.45,25193.25,14:35:00,25188.002004504327,1,65
2025-07-15,25178.25,25180.75,25170.2,25171.95,14:40:00,25187.073242170583,1,66
2025-07-15,25170.05,25179.95,25164.65,25178.7,14:45:00,25185.45198101148,1,67
2025-07-15,25164.0,25173.3,25156.75,25169.9,14:50:00,25183.408935200863,1,68
2025-07-15,25160.0,25166.1,25156.05,25163.55,14:55:00,25181.179512800783,1,69
2025-07-15,25173.85,25178.1,25161.3,25161.3,15:00:00,25180.481463962613,1,70
2025-07-15,25186.65,25187.55,25172.8,25174.1,15:05:00,25181.068943585225,1,71
2025-07-15,25201.9,25202.85,25185.75,25185.75,15:10:00,25183.052853719964,1,72
2025-07-15,25204.85,25208.2,25198.1,25201.95,15:15:00,25185.128772413304,1,73
2025-07-15,25220.85,25222.75,25202.3,25205.15,15:20:00,25188.530794088227,1,74
2025-07-15,25219.65,25225.05,25210.0,25221.0,15:25:00,25191.494527984585,1,75
2025-07-16,25159.75,25213.35,25156.95,25213.35,09:15:00,25188.91116689895,2,1
2025-07-16,25147.8,25163.35,25139.35,25159.7,09:20:00,25184.99581767048,2,2
2025-07-16,25146.7,25149.1,25127.85,25146.75,09:25:00,25181.34859693996,2,3
2025-07-16,25158.15,25159.05,25140.05,25147.15,09:30:00,25179.1392067552,2,4
2025-07-16,25167.25,25167.75,25145.45,25157.6,09:35:00,25178.006901349945,2,5
2025-07-16,25154.1,25167.8,25149.55,25167.05,09:40:00,25175.73005360233,2,6
2025-07-16,25155.65,25156.8,25135.0,25155.1,09:45:00,25173.81766754497,2,7
2025-07-16,25156.45,25165.85,25147.95,25156.0,09:50:00,25172.163603969257,2,8
2025-07-16,25155.05,25161.6,25150.6,25157.15,09:55:00,25170.533736924564,2,9
2025-07-16,25152.75,25156.45,25144.9,25154.85,10:00:00,25168.84004769365,2,10
2025-07-16,25144.75,25155.1,25139.35,25152.3,10:05:00,25166.54575743712,2,11
2025-07-16,25141.75,25148.6,25136.8,25145.3,10:10:00,25164.184256728822,2,12
2025-07-16,25142.1,25143.5,25132.7,25141.3,10:15:00,25162.08099418322,2,13
2025-07-16,25148.3,25153.85,25141.05,25142.25,10:20:00,25160.76851854672,2,14
2025-07-16,25148.7,25156.8,25141.75,25148.0,10:25:00,25159.619135827983,2,15
2025-07-16,25139.0,25154.75,25132.25,25148.85,10:30:00,25157.65540860627,2,16
2025-07-16,25137.6,25140.25,25129.1,25138.7,10:35:00,25155.745369691387,2,17
2025-07-16,25127.05,25137.05,25123.45,25137.0,10:40:00,25153.012477339827,2,18
2025-07-16,25126.6,25130.0,25121.2,25127.1,10:45:00,25150.497003307464,2,19
2025-07-16,25132.05,25136.3,25125.15,25126.45,10:50:00,25148.74014584961,2,20
2025-07-16,25138.5,25138.5,25126.4,25131.9,10:55:00,25147.76489386393,2,21
2025-07-16,25142.75,25145.95,25136.7,25138.3,11:00:00,25147.28728492451,2,22
2025-07-16,25142.25,25144.25,25138.4,25142.6,11:05:00,25146.807543503128,2,23
2025-07-16,25145.75,25147.15,25134.45,25141.9,11:10:00,25146.706825074256,2,24
2025-07-16,25130.8,25149.05,25129.6,25145.8,11:15:00,25145.1918893529,2,25
2025-07-16,25141.1,25141.15,25127.75,25130.85,11:20:00,25144.802185605004,2,26
2025-07-16,25147.3,25148.1,25139.6,25141.2,11:25:00,25145.04007269024,2,27
2025-07-16,25150.35,25150.35,25140.25,25147.5,11:30:00,25145.545780053075,2,28
2025-07-16,25150.8,25155.05,25146.15,25150.5,11:35:00,25146.04618195278,2,29
2025-07-16,25153.7,25156.2,25148.45,25150.1,11:40:00,25146.77511700489,2,30
2025-07-16,25166.45,25166.45,25151.4,25152.95,11:45:00,25148.64891538538,2,31
2025-07-16,25209.65,25209.65,25163.85,25166.05,11:50:00,25154.45854249153,2,32
2025-07-16,25185.65,25210.0,25181.45,25210.0,11:55:00,25157.42915749234,2,33
2025-07-16,25180.4,25188.15,25177.9,25185.4,12:00:00,25159.616856778783,2,34
2025-07-16,25185.25,25191.95,25179.6,25180.9,12:05:00,25162.05810851413,2,35
2025-07-16,25179.1,25191.2,25179.1,25185.25,12:10:00,25163.681145798502,2,36
2025-07-16,25186.0,25191.65,25177.6,25179.15,12:15:00,25165.80675096055,2,37
2025-07-16,25172.0,25187.8,25171.4,25186.1,12:20:00,25166.3965842024,2,38
2025-07-16,25185.05,25187.9,25172.3,25172.3,12:25:00,25168.173099992648,2,39
2025-07-16,25203.7,25207.05,25184.7,25185.05,12:30:00,25171.55661427906,2,40
2025-07-16,25197.75,25206.95,25194.05,25204.4,12:35:00,25174.05122244296,2,41
2025-07-16,25204.3,25208.05,25187.3,25197.95,12:40:00,25176.932058400773,2,42
2025-07-16,25218.75,25233.4,25203.2,25204.85,12:45:00,25180.91471950546,2,43
2025-07-16,25206.65,25220.6,25206.35,25219.0,12:50:00,25183.36569860018,2,44
2025-07-16,25208.5,25211.0,25201.8,25206.65,12:55:00,25185.75944159064,2,45
2025-07-16,25214.65,25216.65,25207.2,25208.7,13:00:00,25188.510923343914,2,46
2025-07-16,25212.45,25217.0,25209.8,25214.75,13:05:00,25190.7908354064,2,47
2025-07-16,25214.6,25215.45,25207.8,25212.15,13:10:00,25193.0583748915,2,48
2025-07-16,25216.7,25220.5,25212.55,25214.75,13:15:00,25195.309958235168,2,49
2025-07-16,25210.55,25216.75,25209.15,25216.25,13:20:00,25196.7613907842,2,50
2025-07-16,25206.6,25210.7,25203.0,25210.05,13:25:00,25197.698401185706,2,51
2025-07-16,25194.3,25208.55,25193.45,25206.1,13:30:00,25197.37474392993,2,52
2025-07-16,25206.85,25207.15,25186.0,25194.05,13:35:00,25198.27714926993,2,53
2025-07-16,25214.55,25218.45,25206.75,25207.05,13:40:00,25199.82694457756,2,54
2025-07-16,25218.15,25218.2,25210.15,25213.8,13:45:00,25201.571997474934,2,55
2025-07-16,25214.0,25231.3,25212.2,25217.35,13:50:00,25202.75561676304,2,56
2025-07-16,25217.5,25223.6,25213.1,25213.3,13:55:00,25204.159843737987,2,57
2025-07-16,25228.1,25228.5,25216.3,25217.4,14:00:00,25206.439858620084,2,58
2025-07-16,25227.0,25229.55,25222.9,25228.7,14:05:00,25208.397967322933,2,59
2025-07-16,25243.75,25255.3,25224.0,25226.75,14:10:00,25211.76482757789,2,60
2025-07-16,25249.05,25249.35,25237.4,25243.4,14:15:00,25215.31579638,2,61
2025-07-16,25236.7,25252.85,25233.25,25248.55,14:20:00,25217.35238720096,2,62
2025-07-16,25224.95,25237.6,25223.15,25236.9,14:25:00,25218.07596937229,2,63
2025-07-16,25227.7,25233.55,25224.8,25224.8,14:30:00,25218.992543717788,2,64
2025-07-16,25226.1,25233.5,25224.1,25226.1,14:35:00,25219.669444316096,2,65
2025-07-16,25233.85,25236.5,25224.4,25228.6,14:40:00,25221.01997342885,2,66
2025-07-16,25231.25,25239.2,25230.55,25234.85,14:45:00,25221.994261673724,2,67
2025-07-16,25222.45,25233.15,25219.7,25230.8,14:50:00,25222.03766532385,2,68
2025-07-16,25227.5,25228.35,25219.6,25221.75,14:55:00,25222.55788767396,2,69
2025-07-16,25213.65,25234.75,25212.9,25229.0,15:00:00,25221.7095174193,2,70
2025-07-16,25211.9,25217.2,25209.05,25214.65,15:05:00,25220.77527766508,2,71
2025-07-16,25207.5,25215.85,25207.25,25212.75,15:10:00,25219.510965506503,2,72
2025-07-16,25207.8,25215.65,25207.1,25209.2,15:15:00,25218.395635458262,2,73
2025-07-16,25195.9,25212.95,25195.6,25209.5,15:20:00,25216.25319398605,2,74
2025-07-16,25198.55,25206.45,25190.6,25197.45,15:25:00,25214.567175511187,2,75
2025-07-17,25217.6,25233.7,25205.3,25233.7,09:15:00,25216.25045433002,3,1
2025-07-17,25217.65,25227.7,25199.3,25216.6,09:20:00,25216.38374439383,3,2
2025-07-17,25209.8,25225.4,25203.85,25216.85,09:25:00,25215.756721118225,3,3
2025-07-17,25191.85,25213.65,25187.1,25209.9,09:30:00,25213.47989053554,3,4
2025-07-17,25190.3,25192.95,25178.85,25191.65,09:35:00,25211.272281913105,3,5
2025-07-17,25191.15,25199.4,25182.1,25190.4,09:40:00,25209.355874111858,3,6
2025-07-17,25183.9,25193.85,25182.55,25191.5,09:45:00,25206.931505148823,3,7
2025-07-17,25192.65,25196.65,25180.85,25183.65,09:50:00,25205.571361801314,3,8
2025-07-17,25189.05,25196.3,25187.05,25193.65,09:55:00,25203.997898772617,3,9
2025-07-17,25186.5,25191.8,25183.3,25189.45,10:00:00,25202.331432222843,3,10
2025-07-17,25170.0,25188.5,25163.6,25187.6,10:05:00,25199.25224820162,3,11
2025-07-17,25160.1,25175.65,25159.7,25170.5,10:10:00,25195.52346265861,3,12
2025-07-17,25158.0,25165.2,25150.7,25162.65,10:15:00,25191.949799548267,3,13
2025-07-17,25160.0,25162.5,25152.35,25158.6,10:20:00,25188.906961496054,3,14
2025-07-17,25155.15,25165.25,25154.5,25159.75,10:25:00,25185.692012782143,3,15
2025-07-17,25153.95,25159.85,25144.0,25155.2,10:30:00,25182.668963945747,3,16
2025-07-17,25150.15,25158.8,25146.65,25153.75,10:35:00,25179.57191976044,3,17
2025-07-17,25148.9,25153.8,25147.55,25149.8,10:40:00,25176.65078454516,3,18
2025-07-17,25155.3,25158.9,25147.7,25148.9,10:45:00,25174.617376493235,3,19
2025-07-17,25166.4,25167.5,25152.7,25154.6,10:50:00,25173.83476920817,3,20
2025-07-17,25162.8,25171.1,25160.5,25165.45,10:55:00,25172.78383880739,3,21
2025-07-17,25158.25,25170.95,25157.65,25162.05,11:00:00,25171.39966368288,3,22
2025-07-17,25153.85,25162.7,25153.85,25158.35,11:05:00,25169.72826714165,3,23
2025-07-17,25178.9,25200.1,25150.95,25155.1,11:10:00,25170.60176550912,3,24
2025-07-17,25178.6,25181.8,25167.1,25177.95,11:15:00,25171.363502127293,3,25
2025-07-17,25178.85,25186.15,25174.75,25178.1,11:20:00,25172.076501924694,3,26
2025-07-17,25182.65,25188.9,25178.25,25178.25,11:25:00,25173.08350174139,3,27
2025-07-17,25180.2,25189.7,25179.75,25182.4,11:30:00,25173.7612634803,3,28
2025-07-17,25201.55,25205.1,25178.45,25181.4,11:35:00,25176.407809815508,3,29
2025-07-17,25196.9,25205.2,25189.8,25200.8,11:40:00,25178.359446975937,3,30
2025-07-17,25194.25,25199.3,25189.55,25197.05,11:45:00,25179.87283297823,3,31
2025-07-17,25192.4,25196.3,25184.45,25194.0,11:50:00,25181.065896504115,3,32
2025-07-17,25189.85,25193.45,25182.25,25192.3,11:55:00,25181.90247778944,3,33
2025-07-17,25191.3,25193.15,25186.2,25189.65,12:00:00,25182.79747990473,3,34
2025-07-17,25190.9,25193.45,25181.15,25190.55,12:05:00,25183.56914848523,3,35
2025-07-17,25184.3,25190.8,25182.85,25190.8,12:10:00,25183.6387533914,3,36
2025-07-17,25179.7,25186.65,25175.25,25184.05,12:15:00,25183.26363402079,3,37
2025-07-17,25177.55,25182.8,25173.95,25179.7,12:20:00,25182.71947839976,3,38
2025-07-17,25180.1,25183.0,25174.1,25178.15,12:25:00,25182.47000426645,3,39
2025-07-17,25179.3,25182.5,25172.7,25180.05,12:30:00,25182.168099098217,3,40
2025-07-17,25171.15,25179.95,25168.45,25179.95,12:35:00,25181.11875632696,3,41
2025-07-17,25193.55,25210.45,25169.0,25170.95,12:40:00,25182.30268429582,3,42
2025-07-17,25177.45,25193.75,25174.45,25193.75,12:45:00,25181.84052388669,3,43
2025-07-17,25180.0,25184.3,25174.85,25178.25,12:50:00,25181.66523589748,3,44
2025-07-17,25179.7,25181.15,25174.65,25179.9,12:55:00,25181.47807057391,3,45
2025-07-17,25178.4,25182.75,25175.25,25179.95,13:00:00,25181.184920995445,3,46
2025-07-17,25168.3,25178.65,25163.65,25178.65,13:05:00,25179.957785662547,3,47
2025-07-17,25167.1,25171.2,25163.65,25168.95,13:10:00,25178.733234647065,3,48
2025-07-17,25164.3,25174.35,25162.35,25168.05,13:15:00,25177.35864087116,3,49
2025-07-17,25157.55,25168.0,25156.65,25165.35,13:20:00,25175.47210364533,3,50
2025-07-17,25166.5,25167.8,25155.55,25157.5,13:25:00,25174.61761758387,3,51
2025-07-17,25166.2,25166.7,25160.4,25166.7,13:30:00,25173.81593971874,3,52
2025-07-17,25169.15,25172.75,25165.55,25166.35,13:35:00,25173.37156450743,3,53
2025-07-17,25168.85,25172.45,25166.4,25169.4,13:40:00,25172.94093931625,3,54
2025-07-17,25163.5,25170.55,25160.7,25168.6,13:45:00,25172.04180223851,3,55
2025-07-17,25179.45,25194.5,25161.55,25163.85,13:50:00,25172.74734488246,3,56
2025-07-17,25177.45,25182.0,25175.45,25179.95,13:55:00,25173.195216798416,3,57
2025-07-17,25167.45,25182.0,25166.85,25177.4,14:00:00,25172.648053293808,3,58
2025-07-17,25168.45,25177.15,25164.35,25168.75,14:05:00,25172.2482386944,3,59
2025-07-17,25156.0,25169.2,25149.25,25169.2,14:10:00,25170.70078739017,3,60
2025-07-17,25146.35,25163.05,25140.85,25156.15,14:15:00,25168.381664781584,3,61
2025-07-17,25151.3,25151.7,25136.95,25147.55,14:20:00,25166.754839564288,3,62
2025-07-17,25133.85,25152.1,25133.4,25151.3,14:25:00,25163.62104532007,3,63
2025-07-17,25140.2,25145.25,25124.45,25134.15,14:30:00,25161.3904695753,3,64
2025-07-17,25147.9,25151.75,25137.65,25140.8,14:35:00,25160.10566294908,3,65
2025-07-17,25138.45,25148.0,25132.4,25147.95,14:40:00,25158.043218858693,3,66
2025-07-17,25122.25,25139.3,25115.85,25138.6,14:45:00,25154.634340872148,3,67
2025-07-17,25119.8,25126.6,25107.25,25121.25,14:50:00,25151.31678459861,3,68
2025-07-17,25115.65,25127.9,25110.4,25119.6,14:55:00,25147.91994797017,3,69
2025-07-17,25107.2,25118.3,25102.3,25117.55,15:00:00,25144.04185768729,3,70
2025-07-17,25119.0,25120.85,25103.9,25107.9,15:05:00,25141.65691885993,3,71
2025-07-17,25120.6,25122.8,25107.25,25118.6,15:10:00,25139.651498016134,3,72
2025-07-17,25113.15,25120.1,25112.65,25120.1,15:15:00,25137.12754582412,3,73
2025-07-17,25109.2,25114.7,25106.25,25113.65,15:20:00,25134.46777955516,3,74
2025-07-17,25109.5,25121.9,25106.6,25110.35,15:25:00,25132.089895788,3,75
2025-07-18,25086.7,25144.2,25083.4,25144.2,09:15:00,25125.738667527137,4,1
2025-07-18,25081.1,25097.0,25077.8,25087.3,09:20:00,25121.487365857887,4,2
2025-07-18,25070.5,25084.4,25061.6,25081.45,09:25:00,25116.631426252374,4,3
2025-07-18,25077.55,25080.85,25070.2,25070.2,09:30:00,25112.90938565691,4,4
2025-07-18,25076.2,25086.15,25070.0,25077.75,09:35:00,25109.413253689585,4,5
2025-07-18,25044.3,25077.75,25044.0,25075.95,09:40:00,25103.21199143344,4,6
2025-07-18,25032.55,25044.95,25026.45,25044.3,09:45:00,25096.482277963583,4,7
2025-07-18,25045.05,25050.2,25031.85,25033.25,09:50:00,25091.58396577657,4,8
2025-07-18,25039.0,25047.25,25039.0,25045.2,09:55:00,25086.575969035952,4,9
2025-07-18,25027.2,25042.25,25018.15,25039.8,10:00:00,25080.92111484205,4,10
2025-07-18,25017.0,25027.2,25011.9,25024.95,10:05:00,25074.833389619,4,11
2025-07-18,25013.3,25018.3,25004.8,25017.95,10:10:00,25068.973066798146,4,12
2025-07-18,24956.65,25013.15,24953.65,25013.15,10:15:00,25058.275631864984,4,13
2025-07-18,24965.25,24965.8,24938.6,24957.65,10:20:00,25049.416047877843,4,14
2025-07-18,24952.55,24967.8,24949.25,24963.75,10:25:00,25040.19070998472,4,15
2025-07-18,24943.85,24951.8,24931.4,24951.45,10:30:00,25031.01540427189,4,16
2025-07-18,24953.5,24962.6,24943.0,24943.7,10:35:00,25023.63298481742,4,17
2025-07-18,24942.1,24954.45,24938.35,24952.95,10:40:00,25015.867938644333,4,18
2025-07-18,24943.75,24952.95,24936.5,24942.35,10:45:00,25008.999563535348,4,19
2025-07-18,24947.45,24952.4,24942.2,24943.9,10:50:00,25003.137700341507,4,20
2025-07-18,24931.0,24953.05,24931.0,24947.7,10:55:00,24996.26744316613,4,21
2025-07-18,24953.45,24955.95,24925.6,24930.7,11:00:00,24992.18959143602,4,22
2025-07-18,24954.75,24958.1,24948.4,24953.9,11:05:00,24988.62391606116,4,23
2025-07-18,24958.4,24961.45,24949.35,24954.9,11:10:00,24985.74544786485,4,24
2025-07-18,24958.9,24962.0,24955.1,24958.65,11:15:00,24983.188738544395,4,25
2025-07-18,24966.9,24967.55,24954.15,24958.9,11:20:00,24981.6374301116,4,26
2025-07-18,24971.55,24976.55,24963.95,24967.3,11:25:00,24980.67672248192,4,27
2025-07-18,24958.8,24972.9,24957.6,24971.3,11:30:00,24978.59322510269,4,28
2025-07-18,24951.75,24959.2,24948.65,24958.3,11:35:00,24976.03672747386,4,29
2025-07-18,24921.8,24952.9,24920.65,24951.25,11:40:00,24970.8713248573,4,30
2025-07-18,24947.95,24947.95,24921.25,24922.0,11:45:00,24968.68834153756,4,31
2025-07-18,24959.05,24963.55,24947.35,24947.5,11:50:00,24967.770404248266,4,32
2025-07-18,24951.35,24961.2,24948.15,24958.55,11:55:00,24966.20655622462,4,33
2025-07-18,24940.0,24953.95,24939.45,24951.7,12:00:00,24963.71069372704,4,34
2025-07-18,24943.15,24949.15,24940.0,24940.4,12:05:00,24961.752532419698,4,35
2025-07-18,24933.6,24944.95,24932.15,24942.95,12:10:00,24959.07133885592,4,36
2025-07-18,24921.9,24938.55,24919.0,24933.4,12:15:00,24955.531211345828,4,37
2025-07-18,24933.55,24937.1,24921.7,24923.65,12:20:00,24953.437762646223,4,38
2025-07-18,24939.4,24943.05,24930.8,24933.75,12:25:00,24952.1008328704,4,39
2025-07-18,24937.65,24944.0,24936.05,24939.4,12:30:00,24950.72456307321,4,40
2025-07-18,24946.3,24946.75,24929.3,24937.95,12:35:00,24950.30317611386,4,41
2025-07-18,24936.6,24951.8,24936.6,24945.8,12:40:00,24948.998111722063,4,42
2025-07-18,24941.95,24942.45,24932.5,24936.3,12:45:00,24948.32686298663,4,43
2025-07-18,24932.75,24942.9,24931.05,24942.65,12:50:00,24946.843352226,4,44
2025-07-18,24952.2,24952.7,24931.25,24932.75,12:55:00,24947.353509156856,4,45
2025-07-18,24954.25,24991.2,24949.55,24951.55,13:00:00,24948.01031780858,4,46
2025-07-18,24945.9,24955.75,24941.05,24953.3,13:05:00,24947.809335160146,4,47
2025-07-18,24949.9,24951.3,24941.9,24945.45,13:10:00,24948.00844609728,4,48
2025-07-18,24940.5,24951.7,24937.8,24949.25,13:15:00,24947.293355992773,4,49
2025-07-18,24942.55,24946.5,24935.65,24940.7,13:20:00,24946.841607802984,4,50
2025-07-18,24946.8,24949.35,24940.15,24942.95,13:25:00,24946.83764515508,4,51
2025-07-18,24956.7,24957.2,24941.8,24946.1,13:30:00,24947.77691704507,4,52
2025-07-18,24960.55,24961.15,24952.8,24956.0,13:35:00,24948.993401136016,4,53
2025-07-18,24968.55,24971.35,24958.45,24960.7,13:40:00,24950.85593436116,4,54
2025-07-18,24956.35,24971.3,24951.65,24969.45,13:45:00,24951.37917870772,4,55
2025-07-18,24950.95,24959.35,24949.7,24955.9,13:50:00,24951.33830454508,4,56
2025-07-18,24960.4,24994.25,24949.3,24950.7,13:55:00,24952.201323159832,4,57
2025-07-18,24966.5,24970.65,24958.3,24960.0,14:00:00,24953.563101906515,4,58
2025-07-18,24965.6,24969.5,24959.75,24966.05,14:05:00,24954.709473153514,4,59
2025-07-18,24970.1,24972.4,24963.7,24966.85,14:10:00,24956.175237615083,4,60
2025-07-18,24967.25,24971.7,24958.1,24969.35,14:15:00,24957.22997688984,4,61
2025-07-18,24974.35,24975.7,24964.15,24967.4,14:20:00,24958.860455281283,4,62
2025-07-18,24986.7,24988.15,24968.65,24973.95,14:25:00,24961.51184049259,4,63
2025-07-18,25005.05,25005.05,24983.85,24986.5,14:30:00,24965.65833187425,4,64
2025-07-18,24978.65,25005.2,24977.35,25004.6,14:35:00,24966.89563360051,4,65
2025-07-18,24964.15,24984.0,24963.5,24977.5,14:40:00,24966.634144686177,4,66
2025-07-18,24964.2,24971.1,24952.95,24964.55,14:45:00,24966.40232138273,4,67
2025-07-18,24969.8,24972.95,24959.85,24963.8,14:50:00,24966.72590982247,4,68
2025-07-18,24973.15,24974.8,24963.1,24969.3,14:55:00,24967.337727934617,4,69
2025-07-18,24965.8,24980.9,24962.7,24973.1,15:00:00,24967.19127765513,4,70
2025-07-18,24968.45,24973.35,24962.95,24966.15,15:05:00,24967.31115597369,4,71
2025-07-18,24970.7,24975.7,24966.35,24968.35,15:10:00,24967.633903023816,4,72
2025-07-18,24965.3,24973.25,24965.25,24971.0,15:15:00,24967.41162654536,4,73
2025-07-18,24974.95,24975.4,24963.55,24966.0,15:20:00,24968.12956687437,4,74
2025-07-18,24967.45,24978.4,24963.3,24975.25,15:25:00,24968.064846219662,4,75
2025-07-21,24956.45,25031.2,24951.85,25031.2,09:15:00,24969.62428454716,0,1
2025-07-21,24925.4,24956.8,24911.7,24955.2,09:20:00,24965.41244792362,0,2
2025-07-21,24901.55,24926.7,24895.1,24925.8,09:25:00,24959.330310026133,0,3
2025-07-21,24891.15,24916.05,24882.5,24901.9,09:30:00,24952.8369471665,0,4
2025-07-21,24909.35,24916.9,24890.9,24890.9,09:35:00,24948.69533315064,0,5
2025-07-21,24938.7,24944.5,24909.05,24909.2,09:40:00,24947.743396660106,0,6
2025-07-21,24996.4,24998.2,24930.95,24939.8,09:45:00,24952.37735888295,0,7
2025-07-21,25025.2,25025.25,24995.25,24996.8,09:50:00,24959.312848513146,0,8
2025-07-21,25035.25,25048.75,25025.4,25025.4,09:55:00,24966.54495817856,0,9
2025-07-21,25039.95,25042.75,25024.2,25033.95,10:00:00,24973.535914542503,0,10
2025-07-21,25055.8,25057.0,25033.75,25040.05,10:05:00,24981.370589347986,0,11
2025-07-21,25052.55,25070.75,25047.9,25055.55,10:10:00,24988.14958083865,0,12
2025-07-21,25052.8,25054.95,25040.6,25052.3,10:15:00,24994.30676361592,0,13
2025-07-21,25036.65,25053.45,25035.9,25053.45,10:20:00,24998.33945279536,0,14
2025-07-21,25044.45,25052.35,25035.45,25036.8,10:25:00,25002.730933481515,0,15
2025-07-21,25057.85,25063.4,25043.2,25045.15,10:30:00,25007.98036838804,0,16
2025-07-21,25051.6,25061.95,25048.45,25057.9,10:35:00,25012.134619017743,0,17
2025-07-21,25051.4,25061.65,25047.0,25051.65,10:40:00,25015.87417911129,0,18
2025-07-21,25052.0,25058.15,25045.3,25051.05,10:45:00,25019.31473348165,0,19
2025-07-21,25049.75,25052.55,25036.5,25051.4,10:50:00,25022.21333029292,0,20
2025-07-21,25060.2,25066.4,25047.1,25049.95,10:55:00,25025.83110836026,0,21
2025-07-21,25063.95,25070.45,25054.95,25059.95,11:00:00,25029.461478992616,0,22
2025-07-21,25074.95,25079.3,25061.7,25064.3,11:05:00,25033.79371908856,0,23
2025-07-21,25065.7,25077.0,25061.8,25074.7,11:10:00,25036.83241250869,0,24
2025-07-21,25061.3,25071.3,25061.2,25065.55,11:15:00,25039.16265893644,0,25
2025-07-21,25056.2,25066.05,25056.0,25061.65,11:20:00,25040.785262847254,0,26
2025-07-21,25053.55,25060.25,25052.3,25055.2,11:25:00,25042.000952099897,0,27
2025-07-21,25064.55,25065.85,25052.6,25053.25,11:30:00,25044.148480471333,0,28
2025-07-21,25043.4,25066.75,25042.35,25064.75,11:35:00,25044.07719661692,0,29
2025-07-21,25019.1,25045.9,25000.1,25043.1,11:40:00,25041.69841598673,0,30
2025-07-21,25015.0,25029.2,25009.55,25019.25,11:45:00,25039.15570970228,0,31
2025-07-21,25025.3,25029.4,25014.05,25015.05,11:50:00,25037.836118302064,0,32
2025-07-21,25042.75,25043.6,25025.15,25025.85,11:55:00,25038.3041070352,0,33
2025-07-21,25033.6,25047.5,25033.2,25043.4,12:00:00,25037.856096841373,0,34
2025-07-21,25038.7,25040.45,25033.2,25034.0,12:05:00,25037.93646857077,0,35
2025-07-21,25044.75,25047.45,25038.2,25038.75,12:10:00,25038.585376325937,0,36
2025-07-21,25038.65,25045.0,25028.1,25044.45,12:15:00,25038.59153096156,0,37
2025-07-21,25044.6,25049.9,25038.35,25039.45,12:20:00,25039.16376610808,0,38
2025-07-21,25029.0,25050.7,25029.0,25044.9,12:25:00,25038.195788383506,0,39
2025-07-21,25041.6,25043.75,25010.0,25029.35,12:30:00,25038.51999901365,0,40
2025-07-21,25041.8,25044.45,25040.65,25041.6,12:35:00,25038.83238005997,0,41
2025-07-21,25045.8,25047.15,25038.7,25042.45,12:40:00,25039.4959629114,0,42
2025-07-21,25054.7,25056.2,25045.05,25045.9,12:45:00,25040.943966443647,0,43
2025-07-21,25047.35,25056.75,25044.3,25055.5,12:50:00,25041.554064877582,0,44
2025-07-21,25039.75,25050.05,25039.45,25047.9,12:55:00,25041.38224917496,0,45
2025-07-21,25049.05,25050.55,25039.3,25040.7,13:00:00,25042.11251115829,0,46
2025-07-21,25056.7,25059.2,25048.5,25049.1,13:05:00,25043.501795809883,0,47
2025-07-21,25046.75,25058.95,25041.6,25057.9,13:10:00,25043.81114858989,0,48
2025-07-21,25048.8,25051.95,25039.95,25047.55,13:15:00,25044.286277295618,0,49
2025-07-21,25041.3,25049.7,25040.4,25049.7,13:20:00,25044.00186993413,0,50
2025-07-21,25044.4,25046.8,25037.35,25042.25,13:25:00,25044.039787083264,0,51
2025-07-21,25050.85,25051.5,25041.9,25044.35,13:30:00,25044.68837878962,0,52
2025-07-21,25045.95,25053.1,25043.65,25051.75,13:35:00,25044.808533190608,0,53
2025-07-21,25041.85,25051.3,25040.5,25046.95,13:40:00,25044.52676812484,0,54
2025-07-21,25032.75,25044.8,25030.35,25042.7,13:45:00,25043.405171160564,0,55
2025-07-21,25021.7,25033.9,25018.25,25033.9,13:50:00,25041.338012002416,0,56
2025-07-21,25012.35,25026.25,24988.1,25022.55,13:55:00,25038.577248954563,0,57
2025-07-21,25022.5,25024.9,25006.6,25012.4,14:00:00,25037.04608238746,0,58
2025-07-21,25027.35,25029.6,25019.55,25022.55,14:05:00,25036.122645969604,0,59
2025-07-21,25024.9,25034.95,25022.15,25027.45,14:10:00,25035.053822543927,0,60
2025-07-21,25029.35,25030.9,25022.35,25024.9,14:15:00,25034.510601349262,0,61
2025-07-21,25037.8,25039.95,25027.7,25029.55,14:20:00,25034.82387741124,0,62
2025-07-21,25032.75,25038.4,25030.25,25037.1,14:25:00,25034.62636527684,0,63
2025-07-21,25027.85,25036.0,25027.0,25032.85,14:30:00,25033.98099715523,0,64
2025-07-21,25016.35,25028.4,25000.0,25027.8,14:35:00,25032.301854569017,0,65
2025-07-21,25030.7,25031.75,25014.5,25015.6,14:40:00,25032.149296991018,0,66
2025-07-21,25033.75,25035.9,25029.55,25030.55,14:45:00,25032.301744896635,0,67
2025-07-21,25039.8,25045.05,25032.75,25033.8,14:50:00,25033.01586443029,0,68
2025-07-21,25050.45,25050.95,25038.55,25039.6,14:55:00,25034.676258294072,0,69
2025-07-21,25081.8,25082.15,25050.85,25050.85,15:00:00,25039.164233694635,0,70
2025-07-21,25076.5,25085.15,25070.35,25082.8,15:05:00,25042.720020961813,0,71
2025-07-21,25088.1,25090.55,25073.15,25078.8,15:10:00,25047.04192372736,0,72
2025-07-21,25094.75,25096.25,25084.25,25089.85,15:15:00,25051.585550039035,0,73
2025-07-21,25098.95,25111.35,25094.7,25096.4,15:20:00,25056.096450035315,0,74
2025-07-21,25093.3,25107.0,25089.85,25101.6,15:25:00,25059.639645270046,0,75
2025-07-22,25131.75,25171.45,25128.95,25169.95,09:15:00,25075.7281449943,1,1
2025-07-22,25139.55,25139.75,25116.6,25129.55,09:20:00,25081.80641689961,1,2
2025-07-22,25124.0,25145.65,25119.9,25139.15,09:25:00,25085.82485338536,1,3
2025-07-22,25119.05,25140.95,25113.85,25124.85,09:30:00,25088.989153062943,1,4
2025-07-22,25108.1,25123.15,25102.3,25120.2,09:35:00,25090.809233723616,1,5
2025-07-22,25109.2,25110.75,25089.6,25108.55,09:40:00,25092.560735273742,1,6
2025-07-22,25117.9,25131.6,25105.8,25110.45,09:45:00,25094.97399858101,1,7
2025-07-22,25113.75,25125.9,25113.35,25117.6,09:50:00,25096.76218919234,1,8
2025-07-22,25097.55,25115.0,25090.7,25114.2,09:55:00,25096.83721879307,1,9
2025-07-22,25095.45,25103.25,25090.0,25098.25,10:00:00,25096.705102717537,1,10
2025-07-22,25092.7,25102.7,25086.1,25094.2,10:05:00,25096.323664363485,1,11
2025-07-22,25111.05,25111.5,25092.4,25092.8,10:10:00,25097.726172519346,1,12
2025-07-22,25118.75,25121.25,25104.45,25111.3,10:15:00,25099.72844180321,1,13
2025-07-22,25119.95,25123.8,25114.75,25118.8,10:20:00,25101.65430448862,1,14
2025-07-22,25102.0,25121.8,25100.5,25119.7,10:25:00,25101.687227870658,1,15
2025-07-22,25097.8,25105.85,25097.35,25102.05,10:30:00,25101.3170156925,1,16
2025-07-22,25095.0,25104.8,25091.95,25098.2,10:35:00,25100.71539515036,1,17
2025-07-22,25087.85,25097.7,25086.3,25094.9,10:40:00,25099.49011942175,1,18
2025-07-22,25096.3,25100.05,25076.6,25087.65,10:45:00,25099.18629852444,1,19
2025-07-22,25092.05,25100.2,25086.1,25096.8,10:50:00,25098.50665104592,1,20
2025-07-22,25085.85,25094.15,25082.85,25092.05,10:55:00,25097.30125570821,1,21
2025-07-22,25078.25,25088.3,25078.0,25086.25,11:00:00,25095.486850402667,1,22
2025-07-22,25056.05,25078.0,25055.95,25078.0,11:05:00,25091.73095988813,1,23
2025-07-22,25072.0,25072.0,25055.85,25056.1,11:10:00,25089.85182085116,1,24
2025-07-22,25048.75,25072.45,25047.15,25072.3,11:15:00,25085.93736172248,1,25
2025-07-22,25058.65,25062.75,25047.2,25049.35,11:20:00,25083.338565367954,1,26
2025-07-22,25060.45,25064.6,25057.35,25058.45,11:25:00,25081.15870199958,1,27
2025-07-22,25056.05,25061.8,25048.75,25060.95,11:30:00,25078.76739704724,1,28
2025-07-22,25055.45,25061.25,25053.45,25056.1,11:35:00,25076.54669256655,1,29
2025-07-22,25062.9,25064.5,25053.85,25055.3,11:40:00,25075.24700756021,1,30
2025-07-22,25070.65,25071.0,25059.9,25062.9,11:45:00,25074.809197316383,1,31
2025-07-22,25067.95,25070.55,25035.75,25070.55,11:50:00,25074.15594042911,1,32
2025-07-22,25085.35,25086.65,25067.1,25068.1,11:55:00,25075.222041340625,1,33
2025-07-22,25079.7,25087.6,25079.15,25085.8,12:00:00,25075.648513593896,1,34
2025-07-22,25074.85,25084.15,25072.1,25079.6,12:05:00,25075.57246468019,1,35
2025-07-22,25075.1,25080.55,25073.05,25075.1,12:10:00,25075.52746804398,1,36
2025-07-22,25084.45,25085.25,25071.25,25075.6,12:15:00,25076.37723299217,1,37
2025-07-22,25100.15,25101.85,25082.0,25084.6,12:20:00,25078.64130604054,1,38
2025-07-22,25099.6,25102.1,25091.85,25099.55,12:25:00,25080.63737213192,1,39
2025-07-22,25110.8,25111.85,25098.3,25099.3,12:30:00,25083.51000335745,1,40
2025-07-22,25106.55,25110.55,25100.55,25109.6,12:35:00,25085.70428875197,1,41
2025-07-22,25110.25,25110.75,25097.25,25107.35,12:40:00,25088.0419755375,1,42
2025-07-22,25109.65,25114.15,25103.75,25109.85,12:45:00,25090.09988262917,1,43
2025-07-22,25107.8,25113.8,25105.35,25109.7,12:50:00,25091.785608093058,1,44
2025-07-22,25115.55,25116.4,25106.25,25107.15,12:55:00,25094.04888351277,1,45
2025-07-22,25113.7,25119.7,25112.1,25114.85,13:00:00,25095.92041841632,1,46
2025-07-22,25099.3,25112.3,25078.85,25112.3,13:05:00,25096.242283329047,1,47
2025-07-22,25092.2,25100.9,25087.9,25099.4,13:10:00,25095.85730396437,1,48
2025-07-22,25087.55,25095.05,25085.3,25092.35,13:15:00,25095.066132158245,1,49
2025-07-22,25093.05,25097.05,25085.7,25087.25,13:20:00,25094.874119571745,1,50
2025-07-22,25081.1,25093.75,25078.7,25093.2,13:25:00,25093.562298660152,1,51
2025-07-22,25083.95,25085.0,25074.15,25081.05,13:30:00,25092.6468416449,1,52
2025-07-22,25079.6,25089.15,25079.05,25082.3,13:35:00,25091.404285297765,1,53
2025-07-22,25080.25,25083.3,25076.4,25079.75,13:40:00,25090.34197241226,1,54
2025-07-22,25078.45,25081.6,25073.5,25079.95,13:45:00,25089.20940361109,1,55
2025-07-22,25083.55,25085.65,25074.2,25078.2,13:50:00,25088.67041279099,1,56
2025-07-22,25088.8,25107.3,25083.35,25083.45,13:55:00,25088.682754429945,1,57
2025-07-22,25098.45,25102.3,25087.4,25088.2,14:00:00,25089.61296829376,1,58
2025-07-22,25105.35,25106.6,25096.45,25098.15,14:05:00,25091.11173321816,1,59
2025-07-22,25086.45,25107.65,25085.5,25105.55,14:10:00,25090.66775862596,1,60
2025-07-22,25084.8,25089.55,25079.55,25086.5,14:15:00,25090.1089244711,1,61
2025-07-22,25067.6,25084.8,25067.6,25084.35,14:20:00,25087.965217378616,1,62
2025-07-22,25069.5,25072.65,25061.45,25066.95,14:25:00,25086.20662524732,1,63
2025-07-22,25065.4,25073.9,25063.2,25069.05,14:30:00,25084.22504189044,1,64
2025-07-22,25063.0,25073.9,25044.85,25064.65,14:35:00,25082.20360932944,1,65
2025-07-22,25064.95,25066.25,25059.25,25062.75,14:40:00,25080.56040844092,1,66
2025-07-22,25075.3,25075.85,25064.75,25064.75,14:45:00,25080.05941716083,1,67
2025-07-22,25074.6,25080.0,25070.95,25075.75,14:50:00,25079.539472669323,1,68
2025-07-22,25066.6,25077.85,25064.1,25074.35,14:55:00,25078.30714193892,1,69
2025-07-22,25054.0,25067.4,25047.9,25062.65,15:00:00,25075.992176039967,1,70
2025-07-22,25062.55,25063.5,25048.5,25053.6,15:05:00,25074.711968798067,1,71
2025-07-22,25058.5,25065.0,25055.45,25061.25,15:10:00,25073.16797176968,1,72
2025-07-22,25064.65,25065.4,25054.95,25059.55,15:15:00,25072.356736363043,1,73
2025-07-22,25067.0,25071.05,25058.55,25063.4,15:20:00,25071.84657099513,1,74
2025-07-22,25064.9,25070.85,25056.85,25066.7,15:25:00,25071.184992805123,1,75
2025-07-23,25132.6,25145.4,25113.05,25142.95,09:15:00,25082.90766984728,2,1
2025-07-23,25123.65,25142.95,25116.9,25132.55,09:20:00,25086.787891766584,2,2
2025-07-23,25113.75,25127.2,25105.45,25124.2,09:25:00,25089.35571159834,2,3
2025-07-23,25114.3,25127.4,25105.05,25114.35,09:30:00,25091.731358112786,2,4
2025-07-23,25111.4,25122.65,25104.55,25114.1,09:35:00,25093.60456210204,2,5
2025-07-23,25096.9,25113.4,25094.75,25111.45,09:40:00,25093.91841333041,2,6
2025-07-23,25098.4,25101.95,25085.9,25097.55,09:45:00,25094.34523110847,2,7
2025-07-23,25106.55,25113.4,25094.45,25098.95,09:50:00,25095.50759005052,2,8
2025-07-23,25116.9,25120.4,25101.1,25105.85,09:55:00,25097.54496242666,2,9
2025-07-23,25094.9,25119.7,25094.2,25117.1,10:00:00,25097.293061243166,2,10
2025-07-23,25095.6,25102.1,25090.85,25095.15,10:05:00,25097.131817315247,2,11
2025-07-23,25109.3,25113.15,25093.45,25095.15,10:10:00,25098.29069185665,2,12
2025-07-23,25109.45,25110.75,25102.1,25108.95,10:15:00,25099.3534831084,2,13
2025-07-23,25108.05,25110.95,25095.95,25109.25,10:20:00,25100.18172281236,2,14
2025-07-23,25108.4,25112.5,25105.35,25107.75,10:25:00,25100.964415877846,2,15
2025-07-23,25103.0,25109.85,25102.05,25109.05,10:30:00,25101.15828103233,2,16
2025-07-23,25106.55,25108.35,25097.8,25102.3,10:35:00,25101.67177807688,2,17
2025-07-23,25114.65,25116.7,25103.0,25107.3,10:40:00,25102.90779921241,2,18
2025-07-23,25116.05,25120.55,25112.45,25115.25,10:45:00,25104.159437382663,2,19
2025-07-23,25124.2,25124.55,25111.25,25115.2,10:50:00,25106.06806239384,2,20
2025-07-23,25122.45,25132.05,25119.55,25124.3,10:55:00,25107.62824692776,2,21
2025-07-23,25138.9,25142.3,25121.5,25122.15,11:00:00,25110.606509125115,2,22
2025-07-23,25132.85,25140.5,25128.45,25139.15,11:05:00,25112.72493682748,2,23
2025-07-23,25127.85,25133.3,25124.6,25132.45,11:10:00,25114.16541903439,2,24
2025-07-23,25136.9,25138.1,25126.05,25128.05,11:15:00,25116.3306172216,2,25
2025-07-23,25117.85,25137.2,25102.8,25136.95,11:20:00,25116.475320343347,2,26
2025-07-23,25125.05,25127.5,25115.95,25117.65,11:25:00,25117.29195650112,2,27
2025-07-23,25126.75,25129.45,25123.85,25124.4,11:30:00,25118.192722548632,2,28
2025-07-23,25125.45,25130.45,25123.35,25127.05,11:35:00,25118.883891829715,2,29
2025-07-23,25125.25,25126.25,25117.25,25125.25,11:40:00,25119.49018784593,2,30
2025-07-23,25131.5,25131.9,25123.5,25125.2,11:45:00,25120.63397947965,2,31
2025-07-23,25128.45,25132.9,25123.75,25130.85,11:50:00,25121.37836238636,2,32
2025-07-23,25135.3,25137.5,25127.4,25128.2,11:55:00,25122.704232635275,2,33
2025-07-23,25152.4,25152.4,25135.15,25135.65,12:00:00,25125.532400955726,2,34
2025-07-23,25158.65,25159.3,25150.35,25152.4,12:05:00,25128.68645800756,2,35
2025-07-23,25151.85,25162.65,25130.55,25158.45,12:10:00,25130.89250962589,2,36
2025-07-23,25168.65,25170.05,25150.4,25150.95,12:15:00,25134.48846109009,2,37
2025-07-23,25176.45,25176.5,25167.2,25167.75,12:20:00,25138.48479812913,2,38
2025-07-23,25173.65,25176.4,25166.55,25175.75,12:25:00,25141.83386497397,2,39
2025-07-23,25168.05,25174.15,25165.8,25173.5,12:30:00,25144.33063973836,2,40
2025-07-23,25185.8,25188.5,25167.55,25167.55,12:35:00,25148.28010262041,2,41
2025-07-23,25172.45,25186.8,25171.35,25185.55,12:40:00,25150.581997608948,2,42
2025-07-23,25172.25,25176.4,25164.75,25172.1,12:45:00,25152.645616884285,2,43
2025-07-23,25165.55,25174.1,25164.05,25171.6,12:50:00,25153.874605752448,2,44
2025-07-23,25168.85,25171.4,25164.45,25165.3,12:55:00,25155.300833776026,2,45
2025-07-23,25177.5,25183.05,25166.75,25168.55,13:00:00,25157.415040083062,2,46
2025-07-23,25169.45,25178.5,25167.25,25177.3,13:05:00,25158.561226741826,2,47
2025-07-23,25159.2,25170.0,25158.65,25169.85,13:10:00,25158.62206229022,2,48
2025-07-23,25163.2,25168.75,25157.0,25159.6,13:15:00,25159.05805635781,2,49
2025-07-23,25156.1,25172.2,25139.95,25163.4,13:20:00,25158.77633670469,2,50
2025-07-23,25167.05,25167.7,25155.6,25155.9,13:25:00,25159.564304637574,2,51
2025-07-23,25176.05,25176.85,25166.5,25167.1,13:30:00,25161.134370862568,2,52
2025-07-23,25172.05,25182.0,25172.05,25176.05,13:35:00,25162.17395458994,2,53
2025-07-23,25169.95,25178.0,25169.9,25172.7,13:40:00,25162.91453034328,2,54
2025-07-23,25170.45,25177.0,25169.25,25170.4,13:45:00,25163.63219412012,2,55
2025-07-23,25183.85,25186.05,25170.5,25170.8,13:50:00,25165.557699442008,2,56
2025-07-23,25191.6,25195.55,25179.95,25183.95,13:55:00,25168.03791854277,2,57
2025-07-23,25186.15,25192.8,25184.6,25192.15,14:00:00,25169.762878681555,2,58
2025-07-23,25186.1,25190.15,25182.65,25186.9,14:05:00,25171.3187949976,2,59
2025-07-23,25208.05,25208.05,25185.1,25186.25,14:10:00,25174.817004997825,2,60
2025-07-23,25205.6,25218.65,25201.75,25208.15,14:15:00,25177.74871880756,2,61
2025-07-23,25202.15,25210.0,25199.55,25205.7,14:20:00,25180.07265034969,2,62
2025-07-23,25195.4,25204.5,25192.15,25202.1,14:25:00,25181.53239793544,2,63
2025-07-23,25205.5,25206.7,25192.0,25194.05,14:30:00,25183.81502670349,2,64
2025-07-23,25210.95,25212.7,25202.45,25205.45,14:35:00,25186.399309874585,2,65
2025-07-23,25210.4,25211.5,25200.9,25210.7,14:40:00,25188.68508988653,2,66
2025-07-23,25211.0,25212.8,25205.95,25210.5,14:45:00,25190.810319421147,2,67
2025-07-23,25207.0,25212.65,25203.05,25211.25,14:50:00,25192.35219376199,2,68
2025-07-23,25212.55,25216.55,25204.15,25205.25,14:55:00,25194.27579435609,2,69
2025-07-23,25224.9,25230.25,25213.2,25213.4,15:00:00,25197.192385369795,2,70
2025-07-23,25231.05,25231.7,25224.0,25224.75,15:05:00,25200.41692009648,2,71
2025-07-23,25229.35,25233.4,25225.2,25230.8,15:10:00,25203.172451515864,2,72
2025-07-23,25218.65,25230.5,25216.75,25228.85,15:15:00,25204.646503752447,2,73
2025-07-23,25221.45,25226.4,25215.7,25219.0,15:20:00,25206.246836728405,2,74
2025-07-23,25209.2,25223.85,25205.8,25222.15,15:25:00,25206.52809037332,2,75
2025-07-24,25203.45,25242.85,25198.45,25241.0,09:15:00,25209.4034934802,3,1
2025-07-24,25200.0,25214.4,25195.7,25204.1,09:20:00,25208.50792267256,3,2
2025-07-24,25188.65,25206.6,25183.75,25199.3,09:25:00,25206.616691941843,3,3
2025-07-24,25185.45,25195.8,25181.0,25188.8,09:30:00,25204.60081651881,3,4
2025-07-24,25187.95,25196.45,25184.7,25185.15,09:35:00,25203.0150244694,3,5
2025-07-24,25187.15,25192.05,25179.35,25187.85,09:40:00,25201.504069758023,3,6
2025-07-24,25175.95,25195.9,25174.65,25187.85,09:45:00,25199.070348828693,3,7
2025-07-24,25168.25,25176.55,25166.9,25176.55,09:50:00,25196.13507751168,3,8
2025-07-24,25175.75,25176.0,25164.55,25167.55,09:55:00,25194.19364155818,3,9
2025-07-24,25166.55,25175.7,25163.0,25175.3,10:00:00,25191.56091379073,3,10
2025-07-24,25159.4,25171.7,25158.45,25166.55,10:05:00,25188.497969620184,3,11
2025-07-24,25158.45,25162.1,25155.15,25158.85,10:10:00,25185.636258227787,3,12
2025-07-24,25166.75,25170.7,25154.65,25158.55,10:15:00,25183.837566967995,3,13
2025-07-24,25167.8,25172.25,25162.15,25166.3,10:20:00,25182.310179637712,3,14
2025-07-24,25171.95,25175.25,25162.7,25167.5,10:25:00,25181.323495862693,3,15
2025-07-24,25180.2,25182.9,25168.05,25171.55,10:30:00,25181.21649625673,3,16
2025-07-24,25170.8,25181.3,25168.4,25180.6,10:35:00,25180.22444899418,3,17
2025-07-24,25169.05,25172.6,25161.75,25170.55,10:40:00,25179.16021575664,3,18
2025-07-24,25169.25,25174.85,25166.25,25168.75,10:45:00,25178.216385684576,3,19
2025-07-24,25173.35,25174.3,25165.95,25169.25,10:50:00,25177.752920381285,3,20
2025-07-24,25166.9,25174.0,25163.0,25173.3,10:55:00,25176.7193089164,3,21
2025-07-24,25158.35,25169.6,25156.4,25166.35,11:00:00,25174.96985092436,3,22
2025-07-24,25157.8,25164.35,25157.25,25158.4,11:05:00,25173.334627026805,3,23
2025-07-24,25148.45,25159.5,25146.85,25158.2,11:10:00,25170.96466254806,3,24
2025-07-24,25142.35,25148.7,25139.4,25147.95,11:15:00,25168.2394565911,3,25
2025-07-24,25114.1,25145.05,25105.95,25142.55,11:20:00,25163.08331786814,3,26
2025-07-24,25112.65,25117.35,25102.05,25113.7,11:25:00,25158.28014473784,3,27
2025-07-24,25098.7,25116.5,25098.55,25113.25,11:30:00,25152.605845239,3,28
2025-07-24,25102.2,25103.0,25089.8,25099.1,11:35:00,25147.80528854957,3,29
2025-07-24,25099.05,25104.4,25094.9,25101.25,11:40:00,25143.161927735324,3,30
2025-07-24,25107.9,25114.6,25096.45,25099.65,11:45:00,25139.803648903388,3,31
2025-07-24,25092.75,25107.4,25092.3,25107.4,11:50:00,25135.322349007827,3,32
2025-07-24,25072.3,25098.05,25067.4,25092.55,11:55:00,25129.32022053089,3,33
2025-07-24,25037.55,25072.8,25034.15,25072.8,12:00:00,25120.58019952795,3,34
2025-07-24,25038.4,25046.3,25019.3,25037.45,12:05:00,25112.753513858625,3,35
2025-07-24,25049.45,25053.35,25026.35,25037.95,12:10:00,25106.72460777685,3,36
2025-07-24,25068.3,25068.4,25047.25,25049.6,12:15:00,25103.06512132192,3,37
2025-07-24,25062.9,25072.4,25053.5,25069.05,12:20:00,25099.23987167221,3,38
2025-07-24,25078.05,25078.2,25062.05,25063.0,12:25:00,25097.221788655806,3,39
2025-07-24,25081.8,25091.2,25072.2,25077.5,12:30:00,25095.753046879065,3,40
2025-07-24,25075.85,25083.65,25068.35,25082.45,12:35:00,25093.85751860487,3,41
2025-07-24,25078.0,25080.0,25070.05,25075.9,12:40:00,25092.34727873774,3,42
2025-07-24,25077.25,25088.5,25066.65,25078.7,12:45:00,25090.90944266748,3,43
2025-07-24,25070.4,25083.45,25068.95,25077.55,12:50:00,25088.95616241344,3,44
2025-07-24,25040.8,25071.8,25040.8,25070.75,12:55:00,25084.3698612312,3,45
2025-07-24,25052.25,25055.0,25030.65,25041.85,13:00:00,25081.31082682823,3,46
2025-07-24,25056.9,25060.05,25051.35,25052.6,13:05:00,25078.98598617793,3,47
2025-07-24,25066.2,25070.85,25053.0,25057.55,13:10:00,25077.7682732086,3,48
2025-07-24,25059.75,25067.7,25052.55,25066.1,13:15:00,25076.05224718873,3,49
2025-07-24,25055.6,25060.35,25050.45,25060.15,13:20:00,25074.104414123136,3,50
2025-07-24,25058.85,25061.55,25051.4,25055.9,13:25:00,25072.651612778074,3,51
2025-07-24,25061.45,25065.05,25054.65,25059.55,13:30:00,25071.58479251349,3,52
2025-07-24,25056.0,25063.45,25051.5,25061.55,13:35:00,25070.10052655983,3,53
2025-07-24,25077.05,25081.1,25054.4,25056.9,13:40:00,25070.76238117318,3,54
2025-07-24,25099.5,25100.5,25074.25,25077.1,13:45:00,25073.499297251925,3,55
2025-07-24,25092.7,25101.6,25089.9,25098.9,13:50:00,25075.32793560888,3,56
2025-07-24,25068.6,25094.9,25053.85,25092.6,13:55:00,25074.68717983661,3,57
2025-07-24,25099.1,25101.2,25063.3,25068.4,14:00:00,25077.01221032836,3,58
2025-07-24,25094.2,25100.8,25084.85,25099.5,14:05:00,25078.64914267804,3,59
2025-07-24,25091.35,25095.85,25087.7,25094.45,14:10:00,25079.858748137274,3,60
2025-07-24,25094.55,25095.25,25088.55,25091.0,14:15:00,25081.257914981343,3,61
2025-07-24,25079.7,25103.25,25075.5,25094.85,14:20:00,25081.10954212597,3,62
2025-07-24,25077.2,25084.2,25072.4,25080.7,14:25:00,25080.73720478065,3,63
2025-07-24,25086.65,25088.05,25075.1,25077.05,14:30:00,25081.300328134872,3,64
2025-07-24,25084.1,25093.0,25082.15,25086.1,14:35:00,25081.5669635506,3,65
2025-07-24,25074.45,25087.1,25068.5,25084.15,14:40:00,25080.88915749816,3,66
2025-07-24,25063.55,25077.05,25047.65,25074.75,14:45:00,25079.237809165003,3,67
2025-07-24,25055.6,25066.45,25052.25,25063.95,14:50:00,25076.986589244527,3,68
2025-07-24,25049.05,25060.35,25048.65,25055.85,14:55:00,25074.325961697432,3,69
2025-07-24,25069.8,25070.6,25046.9,25049.45,15:00:00,25073.894917726248,3,70
2025-07-24,25068.1,25071.05,25063.35,25069.9,15:05:00,25073.34302079994,3,71
2025-07-24,25069.0,25069.9,25063.5,25068.5,15:10:00,25072.929399771376,3,72
2025-07-24,25058.25,25069.6,25057.15,25068.8,15:15:00,25071.53136169791,3,73
2025-07-24,25057.35,25060.85,25055.85,25058.3,15:20:00,25070.180755821923,3,74
2025-07-24,25051.9,25060.8,25046.3,25058.25,15:25:00,25068.439731457933,3,75
2025-07-25,24934.5,24994.85,24924.3,24994.85,09:15:00,25050.67810216852,4,1
2025-07-25,24932.85,24935.8,24907.6,24935.05,09:20:00,25039.456378152463,4,2
2025-07-25,24990.85,24992.3,24924.35,24931.6,09:25:00,25034.8271992808,4,3
2025-07-25,24950.0,24993.85,24950.0,24991.55,09:30:00,25026.74841839692,4,4
2025-07-25,24973.5,24978.75,24946.35,24950.15,09:35:00,25021.677140454354,4,5
2025-07-25,24926.35,24973.45,24924.6,24972.5,09:40:00,25012.598365172988,4,6
2025-07-25,24922.15,24937.25,24912.7,24926.6,09:45:00,25003.98423515652,4,7
2025-07-25,24923.1,24943.35,24919.85,24923.15,09:50:00,24996.280974665417,4,8
2025-07-25,24928.55,24946.85,24920.9,24922.6,09:55:00,24989.830405649664,4,9
2025-07-25,24929.9,24940.75,24919.55,24928.85,10:00:00,24984.122747968744,4,10
2025-07-25,24911.9,24930.35,24910.4,24929.6,10:05:00,24977.24439101934,4,11
2025-07-25,24903.3,24925.1,24903.3,24911.9,10:10:00,24970.20206806512,4,12
2025-07-25,24863.7,24903.3,24863.5,24903.2,10:15:00,24960.05901396368,4,13
2025-07-25,24874.3,24883.05,24863.95,24864.95,10:20:00,24951.891488824283,4,14
2025-07-25,24870.65,24877.05,24866.8,24874.0,10:25:00,24944.154204174352,4,15
2025-07-25,24867.1,24875.2,24854.15,24870.45,10:30:00,24936.8157085387,4,16
2025-07-25,24852.05,24869.2,24844.45,24867.5,10:35:00,24928.742783915965,4,17
2025-07-25,24873.5,24873.5,24845.1,24852.9,10:40:00,24923.48156640016,4,18
2025-07-25,24874.9,24875.55,24864.35,24872.35,10:45:00,24918.854750552528,4,19
2025-07-25,24862.3,24880.2,24862.3,24875.1,10:50:00,24913.46858383324,4,20
2025-07-25,24870.25,24870.85,24859.7,24861.8,10:55:00,24909.35252823007,4,21
2025-07-25,24875.65,24881.8,24862.7,24870.6,11:00:00,24906.14276363673,4,22
2025-07-25,24883.0,24891.6,24874.05,24875.95,11:05:00,24903.93869090942,4,23
2025-07-25,24868.5,24883.75,24861.35,24882.9,11:10:00,24900.56357748948,4,24
2025-07-25,24878.5,24879.05,24854.8,24868.9,11:15:00,24898.46228439524,4,25
2025-07-25,24888.65,24889.45,24878.0,24878.0,11:20:00,24897.5277811195,4,26
2025-07-25,24883.05,24888.7,24876.05,24888.6,11:25:00,24896.14894482241,4,27
2025-07-25,24872.45,24916.85,24867.8,24882.75,11:30:00,24893.891902458367,4,28
2025-07-25,24865.1,24873.2,24859.75,24872.7,11:35:00,24891.14981650995,4,29
2025-07-25,24865.45,24868.25,24855.85,24864.65,11:40:00,24888.702214937577,4,30
2025-07-25,24838.25,24865.5,24831.35,24865.0,11:45:00,24883.89724208638,4,31
2025-07-25,24845.45,24848.75,24833.15,24838.4,11:50:00,24880.23559998292,4,32
2025-07-25,24846.55,24847.75,24841.0,24844.6,11:55:00,24877.02744760359,4,33
2025-07-25,24842.35,24846.65,24833.8,24846.4,12:00:00,24873.724833546104,4,34
2025-07-25,24834.85,24848.25,24834.35,24841.9,12:05:00,24870.02246844648,4,35
2025-07-25,24844.15,24847.7,24833.1,24835.75,12:10:00,24867.558423832525,4,36
2025-07-25,24832.0,24846.05,24831.8,24844.4,12:15:00,24864.171907277047,4,37
2025-07-25,24824.55,24835.1,24812.75,24831.8,12:20:00,24860.39839229828,4,38
2025-07-25,24828.35,24828.4,24817.3,24824.35,12:25:00,24857.34616446035,4,39
2025-07-25,24831.9,24844.0,24827.8,24828.15,12:30:00,24854.92272022603,4,40
2025-07-25,24871.0,24873.75,24831.05,24831.45,12:35:00,24856.45388972832,4,41
2025-07-25,24864.7,24886.6,24855.55,24870.5,12:40:00,24857.239233563712,4,42
2025-07-25,24873.0,24873.45,24864.8,24865.25,12:45:00,24858.7402589386,4,43
2025-07-25,24855.9,24875.6,24854.9,24872.95,12:50:00,24858.469758087303,4,44
2025-07-25,24855.9,24859.4,24852.35,24855.5,12:55:00,24858.225019221845,4,45
2025-07-25,24850.85,24868.3,24848.55,24855.6,13:00:00,24857.52263643881,4,46
2025-07-25,24855.9,24868.5,24847.45,24850.4,13:05:00,24857.36809963512,4,47
2025-07-25,24857.55,24860.35,24847.35,24855.7,13:10:00,24857.38542347939,4,48
2025-07-25,24860.4,24860.65,24847.85,24857.55,13:15:00,24857.672526005164,4,49
2025-07-25,24872.45,24872.85,24857.4,24860.35,13:20:00,24859.079904480863,4,50
2025-07-25,24856.35,24872.75,24856.3,24872.65,13:25:00,24858.819913577925,4,51
2025-07-25,24811.7,24858.1,24807.55,24856.3,13:30:00,24854.33230276098,4,52
2025-07-25,24851.5,24853.95,24810.25,24810.25,13:35:00,24854.062559640886,4,53
2025-07-25,24863.3,24864.4,24846.65,24850.95,13:40:00,24854.942315865566,4,54
2025-07-25,24865.8,24870.35,24857.05,24863.35,13:45:00,24855.976381021228,4,55
2025-07-25,24874.7,24880.05,24859.65,24865.85,13:50:00,24857.75958282873,4,56
2025-07-25,24874.4,24876.5,24866.6,24874.25,13:55:00,24859.34438446409,4,57
2025-07-25,24859.4,24879.85,24857.15,24873.35,14:00:00,24859.3496811818,4,58
2025-07-25,24848.5,24859.2,24840.3,24858.45,14:05:00,24858.316378212097,4,59
2025-07-25,24839.35,24849.9,24835.9,24848.05,14:10:00,24856.51005647761,4,60
2025-07-25,24842.0,24848.9,24837.1,24839.15,14:15:00,24855.12814633689,4,61
2025-07-25,24852.7,24854.35,24838.0,24840.6,14:20:00,24854.89689430481,4,62
2025-07-25,24835.8,24852.6,24813.85,24850.15,14:25:00,24853.078142466253,4,63
2025-07-25,24829.0,24837.8,24828.6,24831.8,14:30:00,24850.784986040897,4,64
2025-07-25,24845.25,24845.55,24825.25,24828.3,14:35:00,24850.257844513195,4,65
2025-07-25,24832.15,24848.3,24827.4,24843.6,14:40:00,24848.533287892893,4,66
2025-07-25,24824.1,24836.9,24822.4,24832.3,14:45:00,24846.20630809357,4,67
2025-07-25,24825.35,24830.4,24818.15,24823.6,14:50:00,24844.21999303704,4,68
2025-07-25,24833.95,24834.35,24824.25,24825.2,14:55:00,24843.24189846208,4,69
2025-07-25,24829.55,24839.75,24808.4,24833.7,15:00:00,24841.93790813236,4,70
2025-07-25,24849.0,24849.0,24829.1,24829.1,15:05:00,24842.61048831023,4,71
2025-07-25,24844.4,24849.0,24841.0,24848.0,15:10:00,24842.78091799497,4,72
2025-07-25,24833.7,24845.4,24832.5,24844.4,15:15:00,24841.91606866212,4,73
2025-07-25,24838.8,24844.3,24832.75,24832.75,15:20:00,24841.619300218103,4,74
2025-07-25,24832.2,24841.05,24823.05,24838.6,15:25:00,24840.72222400686,4,75
2025-07-28,24789.35,24790.9,24733.4,24790.5,09:15:00,24830.8084418741,0,1
2025-07-28,24782.7,24796.7,24761.35,24787.8,09:20:00,24826.22668550513,0,2
2025-07-28,24785.3,24790.55,24773.05,24783.45,09:25:00,24822.328905933216,0,3
2025-07-28,24844.65,24853.1,24784.05,24784.05,09:30:00,24824.45472441577,0,4
2025-07-28,24826.0,24851.5,24822.35,24843.3,09:35:00,24824.60189351903,0,5
2025-07-28,24785.05,24827.1,24785.05,24825.7,09:40:00,24820.83504651722,0,6
2025-07-28,24812.75,24815.65,24781.15,24783.2,09:45:00,24820.065042087008,0,7
2025-07-28,24812.1,24827.0,24805.65,24813.75,09:50:00,24819.30646665015,0,8
2025-07-28,24802.85,24824.7,24794.8,24812.3,09:55:00,24817.73918411204,0,9
2025-07-28,24816.05,24818.8,24802.25,24802.25,10:00:00,24817.578309434703,0,10
2025-07-28,24827.05,24828.6,24809.55,24816.5,10:05:00,24818.48037520283,0,11
2025-07-28,24844.25,24844.25,24823.65,24828.0,10:10:00,24820.93462518352,0,12
2025-07-28,24866.3,24877.25,24844.1,24844.1,10:15:00,24825.2551370708,0,13
2025-07-28,24876.25,24888.0,24864.4,24865.55,10:20:00,24830.11179068311,0,14
2025-07-28,24870.9,24882.05,24867.85,24876.4,10:25:00,24833.996382046626,0,15
2025-07-28,24862.8,24885.4,24861.6,24871.9,10:30:00,24836.73958375647,0,16
2025-07-28,24828.3,24864.45,24827.45,24862.7,10:35:00,24835.935813874898,0,17
2025-07-28,24819.7,24838.6,24814.75,24826.95,10:40:00,24834.38954588681,0,18
2025-07-28,24782.95,24820.4,24775.4,24820.4,10:45:00,24829.49054151664,0,19
2025-07-28,24810.55,24812.45,24781.55,24782.35,10:50:00,24827.68668041981,0,20
2025-07-28,24827.2,24828.15,24808.7,24809.4,10:55:00,24827.640329903643,0,21
2025-07-28,24813.35,24844.65,24811.75,24826.85,11:00:00,24826.279346103296,0,22
2025-07-28,24798.35,24815.25,24797.05,24813.35,11:05:00,24823.61940837917,0,23
2025-07-28,24807.55,24815.5,24798.7,24798.7,11:10:00,24822.088988533545,0,24
2025-07-28,24811.45,24815.25,24806.5,24807.4,11:15:00,24821.07575153035,0,25
2025-07-28,24818.5,24819.25,24803.95,24811.05,11:20:00,24820.83044186079,0,26
2025-07-28,24814.45,24822.8,24806.1,24818.6,11:25:00,24820.22278073119,0,27
2025-07-28,24817.8,24823.15,24808.4,24815.3,11:30:00,24819.99203970917,0,28
2025-07-28,24812.8,24824.6,24809.95,24817.45,11:35:00,24819.307083546395,0,29
2025-07-28,24800.5,24813.2,24779.45,24812.5,11:40:00,24817.51593273245,0,30
2025-07-28,24800.7,24801.05,24791.75,24800.15,11:45:00,24815.914415329364,0,31
2025-07-28,24804.15,24806.05,24793.85,24800.25,11:50:00,24814.793994821805,0,32
2025-07-28,24818.4,24818.4,24803.8,24804.4,11:55:00,24815.1374238864,0,33
2025-07-28,24799.4,24820.4,24797.45,24818.4,12:00:00,24813.638621611502,0,34
2025-07-28,24795.8,24802.5,24791.3,24799.7,12:05:00,24811.93970526755,0,35
2025-07-28,24782.8,24798.45,24778.95,24795.4,12:10:00,24809.16449524207,0,36
2025-07-28,24785.75,24788.7,24772.15,24782.55,12:15:00,24806.93454331425,0,37
2025-07-28,24786.35,24791.5,24780.7,24785.05,12:20:00,24804.97411061765,0,38
2025-07-28,24794.0,24795.25,24779.75,24785.4,12:25:00,24803.928957225497,0,39
2025-07-28,24793.3,24794.65,24787.75,24793.75,12:30:00,24802.916675584973,0,40
2025-07-28,24786.4,24798.35,24783.15,24793.1,12:35:00,24801.343658862592,0,41
2025-07-28,24771.75,24787.75,24771.25,24786.45,12:40:00,24798.5252151614,0,42
2025-07-28,24744.75,24774.45,24744.15,24771.8,12:45:00,24793.403766098403,0,43
2025-07-28,24746.65,24746.65,24715.15,24743.8,12:50:00,24788.951026469986,0,44
2025-07-28,24733.45,24746.3,24732.55,24746.3,12:55:00,24783.665214425226,0,45
2025-07-28,24707.3,24735.45,24707.3,24734.6,13:00:00,24776.39233686092,0,46
2025-07-28,24720.35,24729.0,24707.35,24708.0,13:05:00,24771.05497144559,0,47
2025-07-28,24707.6,24727.6,24701.05,24720.4,13:10:00,24765.011640831723,0,48
2025-07-28,24697.3,24714.1,24695.75,24707.45,13:15:00,24758.562913133464,0,49
2025-07-28,24696.1,24709.6,24689.8,24697.05,13:20:00,24752.61406426361,0,50
2025-07-28,24686.75,24703.1,24685.25,24696.05,13:25:00,24746.341296238505,0,51
2025-07-28,24668.65,24696.6,24666.55,24687.4,13:30:00,24738.94212516817,0,52
2025-07-28,24672.9,24679.4,24661.1,24668.4,13:35:00,24732.65239896168,0,53
2025-07-28,24668.4,24684.0,24668.4,24673.4,13:40:00,24726.53312287009,0,54
2025-07-28,24682.8,24685.15,24663.85,24668.8,13:45:00,24722.36806354913,0,55
2025-07-28,24696.1,24697.45,24679.5,24682.7,13:50:00,24719.86634321112,0,56
2025-07-28,24676.65,24698.95,24676.35,24696.25,13:55:00,24715.750501000537,0,57
2025-07-28,24670.75,24680.85,24668.05,24675.95,14:00:00,24711.464739000483,0,58
2025-07-28,24680.2,24686.45,24664.15,24670.2,14:05:00,24708.48714480996,0,59
2025-07-28,24675.05,24687.4,24646.75,24680.3,14:10:00,24705.30265482806,0,60
2025-07-28,24679.15,24686.8,24674.1,24676.9,14:15:00,24702.811925796817,0,61
2025-07-28,24691.65,24693.55,24675.1,24679.0,14:20:00,24701.74888524474,0,62
2025-07-28,24672.7,24693.0,24672.2,24690.8,14:25:00,24698.98232474524,0,63
2025-07-28,24680.05,24684.3,24670.2,24671.9,14:30:00,24697.17924619808,0,64
2025-07-28,24695.95,24697.0,24680.25,24680.35,14:35:00,24697.062175131592,0,65
2025-07-28,24703.75,24705.85,24692.45,24696.25,14:40:00,24697.699110833342,0,66
2025-07-28,24680.7,24704.2,24679.6,24703.25,14:45:00,24696.080147896835,0,67
2025-07-28,24687.45,24696.1,24677.75,24680.35,14:50:00,24695.25822904952,0,68
2025-07-28,24700.7,24702.15,24685.15,24686.95,14:55:00,24695.776492949564,0,69
2025-07-28,24692.55,24703.75,24672.2,24701.95,15:00:00,24695.46920790675,0,70
2025-07-28,24686.2,24693.4,24678.5,24693.4,15:05:00,24694.586426201346,0,71
2025-07-28,24679.75,24689.55,24679.15,24687.0,15:10:00,24693.17343322979,0,72
2025-07-28,24681.35,24682.7,24669.6,24679.75,15:15:00,24692.04739196981,0,73
2025-07-28,24676.15,24684.6,24673.85,24682.75,15:20:00,24690.533354639352,0,74
2025-07-28,24673.95,24687.85,24670.25,24677.2,15:25:00,24688.953987530844,0,75
2025-07-29,24685.7,24691.25,24608.3,24619.6,09:15:00,24681.81063378376,1,1
2025-07-29,24663.65,24691.9,24653.7,24684.5,09:20:00,24680.08104961388,1,2
2025-07-29,24710.4,24712.1,24662.8,24663.05,09:25:00,24682.968568698263,1,3
2025-07-29,24696.4,24712.05,24683.15,24710.0,09:30:00,24684.24775263176,1,4
2025-07-29,24684.65,24698.0,24668.8,24695.9,09:35:00,24684.286061904928,1,5
2025-07-29,24694.2,24702.9,24680.35,24684.95,09:40:00,24685.23024648541,1,6
2025-07-29,24688.15,24711.9,24682.9,24694.85,09:45:00,24685.508318248707,1,7
2025-07-29,24722.85,24722.85,24687.5,24687.8,09:50:00,24689.06466889169,1,8
2025-07-29,24697.25,24726.95,24697.25,24722.9,09:55:00,24689.84422423533,1,9
2025-07-29,24709.25,24713.55,24694.65,24694.7,10:00:00,24691.692393355777,1,10
2025-07-29,24701.7,24717.25,24699.9,24709.6,10:05:00,24692.645498750466,1,11
2025-07-29,24664.55,24702.65,24663.85,24702.65,10:10:00,24689.969736964707,1,12
2025-07-29,24658.05,24670.9,24654.45,24665.15,10:15:00,24686.929762015687,1,13
2025-07-29,24653.8,24659.95,24649.8,24657.55,10:20:00,24683.77454658562,1,14
2025-07-29,24632.9,24659.0,24628.05,24653.5,10:25:00,24678.929351672705,1,15
2025-07-29,24639.2,24647.65,24631.85,24633.1,10:30:00,24675.14560389435,1,16
2025-07-29,24637.75,24649.8,24634.25,24639.8,10:35:00,24671.584117809176,1,17
2025-07-29,24642.6,24644.2,24635.35,24637.8,10:40:00,24668.82372563688,1,18
2025-07-29,24621.4,24642.5,24614.3,24642.2,10:45:00,24664.307180338124,1,19
2025-07-29,24637.45,24639.7,24621.9,24621.9,10:50:00,24661.749353639258,1,20
2025-07-29,24645.25,24645.65,24616.45,24637.6,10:55:00,24660.177986626,1,21
2025-07-29,24647.15,24653.9,24638.45,24645.05,11:00:00,24658.93722599495,1,22
2025-07-29,24650.75,24652.7,24635.45,24647.05,11:05:00,24658.157490185906,1,23
2025-07-29,24658.6,24660.25,24646.2,24650.8,11:10:00,24658.199633977725,1,24
2025-07-29,24687.6,24693.7,24658.65,24658.65,11:15:00,24660.99966883699,1,25
2025-07-29,24697.5,24697.55,24673.3,24688.1,11:20:00,24664.47589085252,1,26
2025-07-29,24683.65,24698.45,24683.65,24697.85,11:25:00,24666.30199648561,1,27
2025-07-29,24701.75,24703.35,24682.65,24683.95,11:30:00,24669.67799682031,1,28
2025-07-29,24692.2,24705.45,24691.6,24700.8,11:35:00,24671.82294950409,1,29
2025-07-29,24675.3,24693.05,24672.1,24692.7,11:40:00,24672.15409717037,1,30
2025-07-29,24675.6,24682.85,24665.8,24676.95,11:45:00,24672.48227839224,1,31
2025-07-29,24674.35,24688.8,24669.55,24674.95,11:50:00,24672.6601566406,1,32
2025-07-29,24673.25,24676.55,24667.2,24674.65,11:55:00,24672.71633219864,1,33
2025-07-29,24664.9,24676.8,24664.7,24672.9,12:00:00,24671.97191960829,1,34
2025-07-29,24687.5,24689.1,24662.95,24665.25,12:05:00,24673.4507844075,1,35
2025-07-29,24695.05,24702.15,24686.75,24687.6,12:10:00,24675.50785255917,1,36
2025-07-29,24701.9,24705.4,24690.1,24695.05,12:15:00,24678.02139041068,1,37
2025-07-29,24692.05,24707.4,24691.85,24702.7,12:20:00,24679.35744846681,1,38
2025-07-29,24696.65,24699.85,24685.65,24691.85,12:25:00,24681.00435813664,1,39
2025-07-29,24697.2,24703.25,24694.45,24696.55,12:30:00,24682.546800218857,1,40
2025-07-29,24704.4,24709.0,24695.45,24697.75,12:35:00,24684.62805734087,1,41
2025-07-29,24697.95,24715.9,24683.7,24703.15,12:40:00,24685.8968137846,1,42
2025-07-29,24701.85,24705.7,24694.9,24698.15,12:45:00,24687.41616485273,1,43
2025-07-29,24710.6,24710.9,24698.15,24701.0,12:50:00,24689.62414915247,1,44
2025-07-29,24708.55,24714.45,24705.05,24711.6,12:55:00,24691.42661113795,1,45
2025-07-29,24708.25,24711.85,24702.95,24709.05,13:00:00,24693.028838648625,1,46
2025-07-29,24728.0,24729.75,24707.5,24708.2,13:05:00,24696.359425443992,1,47
2025-07-29,24734.7,24737.75,24721.5,24727.8,13:10:00,24700.010908735043,1,48
2025-07-29,24733.65,24741.4,24729.8,24734.7,13:15:00,24703.214631712657,1,49
2025-07-29,24728.8,24742.15,24727.2,24733.7,13:20:00,24705.651333454312,1,50
2025-07-29,24734.95,24739.1,24728.25,24728.3,13:25:00,24708.44168264914,1,51
2025-07-29,24760.05,24764.95,24734.45,24735.0,13:30:00,24713.35676049208,1,52
2025-07-29,24758.4,24763.45,24736.6,24760.0,13:35:00,24717.646592826168,1,53
2025-07-29,24758.85,24760.75,24750.65,24758.65,13:40:00,24721.570726842725,1,54
2025-07-29,24774.7,24778.05,24757.75,24758.5,13:45:00,24726.630657619608,1,55
2025-07-29,24794.95,24795.95,24768.6,24775.05,13:50:00,24733.13726165584,1,56
2025-07-29,24785.0,24795.65,24780.3,24795.65,13:55:00,24738.076570069567,1,57
2025-07-29,24802.75,24810.0,24784.95,24785.2,14:00:00,24744.235944348657,1,58
2025-07-29,24796.85,24805.25,24793.9,24802.95,14:05:00,24749.24680679164,1,59
2025-07-29,24798.35,24803.15,24790.35,24796.95,14:10:00,24753.923301382914,1,60
2025-07-29,24802.9,24814.55,24798.25,24799.15,14:15:00,24758.587748870257,1,61
2025-07-29,24814.8,24817.5,24794.25,24802.55,14:20:00,24763.9412965969,1,62
2025-07-29,24819.1,24819.65,24808.05,24814.95,14:25:00,24769.19450644481,1,63
2025-07-29,24808.45,24827.95,24808.45,24819.1,14:30:00,24772.93312487864,1,64
2025-07-29,24785.8,24809.95,24772.7,24808.75,14:35:00,24774.158541556862,1,65
2025-07-29,24791.8,24794.05,24778.35,24785.9,14:40:00,24775.83868045621,1,66
2025-07-29,24773.8,24794.3,24771.8,24792.35,14:45:00,24775.644520412763,1,67
2025-07-29,24792.0,24792.95,24772.85,24774.8,14:50:00,24777.20218513536,1,68
2025-07-29,24793.05,24803.55,24782.75,24791.0,14:55:00,24778.71150083675,1,69
2025-07-29,24817.8,24818.7,24771.7,24794.35,15:00:00,24782.434215042773,1,70
2025-07-29,24812.45,24823.65,24809.85,24818.4,15:05:00,24785.292861229173,1,71
2025-07-29,24813.45,24817.8,24809.4,24812.1,15:10:00,24787.97449349306,1,72
2025-07-29,24827.55,24830.7,24813.5,24814.15,15:15:00,24791.743589350863,1,73
2025-07-29,24840.25,24846.35,24828.65,24829.1,15:20:00,24796.363247507925,1,74
2025-07-29,24830.4,24842.85,24820.9,24841.95,15:25:00,24799.60484298336,1,75
2025-07-30,24862.45,24880.2,24813.95,24862.75,09:15:00,24813.41371500452,2,1
2025-07-30,24840.9,24865.05,24836.25,24862.0,09:20:00,24816.03145643265,2,2
2025-07-30,24833.2,24840.5,24824.0,24840.5,09:25:00,24817.666555820026,2,3
2025-07-30,24867.45,24869.95,24831.95,24832.65,09:30:00,24822.40783621812,2,4
2025-07-30,24868.4,24879.95,24857.8,24867.1,09:35:00,24826.78804229258,2,5
2025-07-30,24877.2,24877.6,24860.15,24868.8,09:40:00,24831.58918112186,2,6
2025-07-30,24832.45,24877.05,24832.45,24876.65,09:45:00,24831.67116387216,2,7
2025-07-30,24816.4,24833.2,24814.95,24832.9,09:50:00,24830.216767312908,2,8
2025-07-30,24839.35,24856.4,24816.45,24816.85,09:55:00,24831.08659899739,2,9
2025-07-30,24839.75,24844.1,24830.65,24839.35,10:00:00,24831.911684807164,2,10
2025-07-30,24839.1,24847.6,24834.85,24839.65,10:05:00,24832.5962862541,2,11
2025-07-30,24843.05,24848.55,24834.3,24838.7,10:10:00,24833.591878039424,2,12
2025-07-30,24854.7,24858.75,24837.05,24843.45,10:15:00,24835.602175369,2,13
2025-07-30,24836.6,24858.15,24833.6,24854.85,10:20:00,24835.69720628624,2,14
2025-07-30,24810.95,24837.25,24810.35,24836.15,10:25:00,24833.34032949708,2,15
2025-07-30,24817.35,24826.85,24807.7,24810.95,10:30:00,24831.817440973544,2,16
2025-07-30,24804.1,24819.5,24802.75,24816.5,10:35:00,24829.17768469035,2,17
2025-07-30,24799.05,24808.1,24786.4,24805.6,10:40:00,24826.308381386505,2,18
2025-07-30,24804.35,24809.55,24773.05,24799.55,10:45:00,24824.217106968743,2,19
2025-07-30,24818.85,24818.85,24804.2,24805.4,10:50:00,24823.7059539241,2,20
2025-07-30,24817.2,24822.8,24814.2,24818.9,10:55:00,24823.086339264664,2,21
2025-07-30,24816.3,24830.35,24809.55,24817.25,11:00:00,24822.440021239458,2,22
2025-07-30,24818.9,24821.35,24809.3,24816.35,11:05:00,24822.10287635951,2,23
2025-07-30,24846.5,24847.85,24818.55,24819.05,11:10:00,24824.42641194432,2,24
2025-07-30,24878.55,24878.55,24847.3,24847.3,11:15:00,24829.5810393782,2,25
2025-07-30,24879.15,24885.3,24871.0,24877.95,11:20:00,24834.30189277075,2,26
2025-07-30,24898.7,24902.3,24874.55,24879.7,11:25:00,24840.4350458402,2,27
2025-07-30,24884.4,24898.5,24884.4,24898.5,11:30:00,24844.622184331613,2,28
2025-07-30,24866.9,24887.8,24864.9,24885.4,11:35:00,24846.74388106193,2,29
2025-07-30,24869.65,24876.8,24840.9,24866.85,11:40:00,24848.925416198894,2,30
2025-07-30,24860.85,24871.25,24860.1,24868.7,11:45:00,24850.06109084662,2,31
2025-07-30,24874.3,24876.05,24859.55,24859.55,11:50:00,24852.369558385035,2,32
2025-07-30,24876.3,24884.2,24873.25,24874.25,11:55:00,24854.64864806265,2,33
2025-07-30,24869.25,24877.65,24864.85,24876.95,12:00:00,24856.039253009065,2,34
2025-07-30,24861.75,24871.35,24859.75,24868.95,12:05:00,24856.583133674867,2,35
2025-07-30,24851.85,24865.65,24850.1,24862.9,12:10:00,24856.13235903917,2,36
2025-07-30,24870.4,24874.6,24849.6,24851.85,12:15:00,24857.49118198781,2,37
2025-07-30,24871.4,24874.55,24867.45,24870.45,12:20:00,24858.81583132232,2,38
2025-07-30,24867.25,24873.6,24859.85,24871.55,12:25:00,24859.61908548209,2,39
2025-07-30,24864.2,24874.85,24857.6,24867.4,12:30:00,24860.055363055228,2,40
2025-07-30,24863.2,24867.2,24860.25,24864.5,12:35:00,24860.354852288063,2,41
2025-07-30,24857.25,24871.75,24855.8,24863.95,12:40:00,24860.05915207015,2,42
2025-07-30,24858.35,24867.3,24853.7,24857.7,12:45:00,24859.89637568252,2,43
2025-07-30,24871.8,24872.4,24855.9,24858.25,12:50:00,24861.030054188945,2,44
2025-07-30,24865.55,24875.0,24862.95,24871.2,12:55:00,24861.46052521857,2,45
2025-07-30,24868.85,24872.55,24864.2,24866.35,13:00:00,24862.164284721566,2,46
2025-07-30,24863.75,24872.3,24861.9,24869.6,13:05:00,24862.315305224274,2,47
2025-07-30,24849.55,24866.15,24832.65,24863.85,13:10:00,24861.09956186958,2,48
2025-07-30,24849.75,24858.25,24848.7,24849.9,13:15:00,24860.018651215338,2,49
2025-07-30,24835.9,24851.55,24833.25,24849.9,13:20:00,24857.72163681388,2,50
2025-07-30,24835.85,24845.95,24833.3,24837.45,13:25:00,24855.638623783983,2,51
2025-07-30,24854.75,24858.4,24831.6,24835.95,13:30:00,24855.55399294741,2,52
2025-07-30,24859.65,24861.95,24850.85,24854.95,13:35:00,24855.94408885718,2,53
2025-07-30,24862.8,24866.05,24857.2,24859.35,13:40:00,24856.597032775546,2,54
2025-07-30,24857.7,24867.9,24856.0,24864.25,13:45:00,24856.702077273112,2,55
2025-07-30,24861.15,24861.75,24849.55,24857.95,13:50:00,24857.125688961387,2,56
2025-07-30,24866.7,24869.55,24855.6,24861.7,13:55:00,24858.03752810792,2,57
2025-07-30,24869.5,24871.6,24859.55,24867.3,14:00:00,24859.129192097644,2,58
2025-07-30,24862.1,24874.9,24845.9,24869.6,14:05:00,24859.412126183583,2,59
2025-07-30,24859.95,24866.25,24856.4,24862.2,14:10:00,24859.463352261337,2,60
2025-07-30,24856.25,24863.05,24853.2,24860.15,14:15:00,24859.15731871264,2,61
2025-07-30,24858.95,24861.0,24852.85,24857.05,14:20:00,24859.13757407334,2,62
2025-07-30,24877.0,24879.2,24858.7,24859.4,14:25:00,24860.838757494927,2,63
2025-07-30,24887.45,24890.4,24868.15,24876.25,14:30:00,24863.37316154303,2,64
2025-07-30,24881.5,24890.7,24874.75,24886.55,14:35:00,24865.09952711036,2,65
2025-07-30,24872.35,24883.4,24870.7,24882.45,14:40:00,24865.790048337945,2,66
2025-07-30,24865.85,24878.15,24864.05,24870.75,14:45:00,24865.795758020045,2,67
2025-07-30,24867.75,24873.45,24865.3,24867.25,14:50:00,24865.98187630385,2,68
2025-07-30,24853.5,24868.2,24852.25,24868.2,14:55:00,24864.79312617968,2,69
2025-07-30,24861.1,24867.25,24853.75,24853.75,15:00:00,24864.441399876847,2,70
2025-07-30,24854.1,24863.75,24853.6,24861.3,15:05:00,24863.45650465048,2,71
2025-07-30,24858.15,24860.55,24850.45,24852.95,15:10:00,24862.9511232552,2,72
2025-07-30,24854.55,24860.45,24851.7,24859.5,15:15:00,24862.15101627851,2,73
2025-07-30,24846.05,24855.7,24844.95,24854.15,15:20:00,24860.617586156743,2,74
2025-07-30,24844.55,24853.5,24840.75,24845.25,15:25:00,24859.0873398561,2,75
2025-07-31,24680.3,24699.4,24639.55,24654.6,09:15:00,24823.37557752393,3,1
2025-07-31,24718.65,24728.55,24669.9,24680.35,09:20:00,24813.40171299784,3,2
2025-07-31,24709.4,24725.85,24693.7,24718.55,09:25:00,24803.49678795043,3,3
2025-07-31,24711.55,24719.25,24694.75,24708.4,09:30:00,24794.739951002768,3,4
2025-07-31,24687.95,24712.75,24686.35,24711.9,09:35:00,24784.56947947869,3,5
2025-07-31,24707.95,24710.7,24684.65,24687.6,09:40:00,24777.272386195007,3,6
2025-07-31,24693.35,24708.95,24687.8,24707.55,09:45:00,24769.27977798596,3,7
2025-07-31,24702.15,24707.35,24688.65,24694.05,09:50:00,24762.88646579682,3,8
2025-07-31,24694.1,24709.35,24690.6,24701.95,09:55:00,24756.335373816168,3,9
2025-07-31,24661.9,24693.75,24653.6,24692.75,10:00:00,24747.34152869082,3,10
2025-07-31,24678.15,24687.0,24659.5,24660.95,10:05:00,24740.751859291693,3,11
2025-07-31,24673.6,24683.45,24665.3,24678.1,10:10:00,24734.35644412105,3,12
2025-07-31,24675.3,24682.95,24667.15,24673.2,10:15:00,24728.73202087143,3,13
2025-07-31,24686.25,24686.9,24666.7,24676.2,10:20:00,24724.68611412177,3,14
2025-07-31,24678.4,24692.8,24671.8,24686.4,10:25:00,24720.27791277684,3,15
2025-07-31,24671.15,24685.7,24669.0,24677.3,10:30:00,24715.59906394095,3,16
2025-07-31,24680.75,24681.2,24662.6,24671.1,10:35:00,24712.28010547038,3,17
2025-07-31,24693.1,24693.1,24676.95,24680.85,10:40:00,24710.45342875892,3,18
2025-07-31,24719.15,24722.95,24693.05,24693.5,10:45:00,24711.28167363902,3,19
2025-07-31,24725.35,24728.45,24711.35,24719.0,10:50:00,24712.621514244827,3,20
2025-07-31,24713.4,24728.7,24695.0,24724.95,10:55:00,24712.695655745323,3,21
2025-07-31,24758.85,24764.75,24713.2,24713.2,11:00:00,24717.091307579103,3,22
2025-07-31,24758.8,24776.2,24757.4,24760.35,11:05:00,24721.063564000146,3,23
2025-07-31,24747.15,24758.5,24740.7,24758.5,11:10:00,24723.54798647632,3,24
2025-07-31,24757.15,24757.65,24742.05,24746.95,11:15:00,24726.74817824048,3,25
2025-07-31,24787.7,24787.7,24756.45,24757.5,11:20:00,24732.553113646147,3,26
2025-07-31,24781.95,24805.25,24779.5,24787.85,11:25:00,24737.25757901318,3,27
2025-07-31,24807.4,24812.6,24780.3,24782.2,11:30:00,24743.93780958336,3,28
2025-07-31,24799.05,24814.1,24788.65,24807.55,11:35:00,24749.18658962304,3,29
2025-07-31,24813.9,24819.8,24795.0,24798.55,11:40:00,24755.3497715637,3,30
2025-07-31,24809.5,24821.8,24793.0,24814.9,11:45:00,24760.50693617668,3,31
2025-07-31,24804.35,24814.6,24796.95,24808.75,11:50:00,24764.682466064616,3,32
2025-07-31,24798.65,24808.7,24795.7,24804.35,11:55:00,24767.91746929656,3,33
2025-07-31,24777.85,24799.95,24771.25,24798.55,12:00:00,24768.863424601648,3,34
2025-07-31,24760.55,24777.8,24755.6,24777.8,12:05:00,24768.07166987768,3,35
2025-07-31,24819.35,24819.35,24759.6,24759.8,12:10:00,24772.955320365523,3,36
2025-07-31,24840.25,24842.3,24819.25,24819.7,12:15:00,24779.36433747357,3,37
2025-07-31,24846.55,24849.75,24835.75,24841.5,12:20:00,24785.76297199989,3,38
2025-07-31,24826.45,24848.55,24825.5,24847.8,12:25:00,24789.637927047526,3,39
2025-07-31,24857.0,24860.3,24827.65,24827.9,12:30:00,24796.053362566807,3,40
2025-07-31,24867.45,24873.9,24856.3,24857.85,12:35:00,24802.85304232235,3,41
2025-07-31,24856.35,24868.9,24844.35,24867.55,12:40:00,24807.9479906726,3,42
2025-07-31,24868.8,24870.95,24846.25,24856.75,12:45:00,24813.74342013236,3,43
2025-07-31,24876.15,24882.05,24871.25,24873.25,12:50:00,24819.68690392928,3,44
2025-07-31,24897.15,24906.05,24872.3,24877.05,12:55:00,24827.064341650297,3,45
2025-07-31,24890.15,24902.9,24886.75,24897.65,13:00:00,24833.072499588365,3,46
2025-07-31,24893.8,24902.5,24886.2,24889.3,13:05:00,24838.85607105614,3,47
2025-07-31,24900.15,24927.95,24893.2,24894.65,13:10:00,24844.693588098413,3,48
2025-07-31,24910.5,24913.5,24896.25,24900.45,13:15:00,24850.96086542237,3,49
2025-07-31,24897.0,24910.9,24894.1,24910.75,13:20:00,24855.345544905955,3,50
2025-07-31,24926.95,24927.45,24890.1,24897.35,13:25:00,24862.165016819672,3,51
2025-07-31,24933.0,24935.0,24915.15,24926.3,13:30:00,24868.91120569399,3,52
2025-07-31,24944.9,24955.8,24930.55,24932.9,13:35:00,24876.14823372313,3,53
2025-07-31,24921.65,24948.35,24916.7,24946.35,13:40:00,24880.48173527331,3,54
2025-07-31,24919.7,24935.05,24916.2,24921.5,13:45:00,24884.216808104426,3,55
2025-07-31,24907.35,24920.95,24905.1,24920.35,13:50:00,24886.419969237337,3,56
2025-07-31,24907.7,24924.8,24901.3,24907.3,13:55:00,24888.446638833782,3,57
2025-07-31,24918.4,24928.05,24905.9,24907.35,14:00:00,24891.299339897232,3,58
2025-07-31,24941.15,24952.7,24916.15,24917.15,14:05:00,24896.04702181178,3,59
2025-07-31,24924.7,24951.7,24921.65,24941.1,14:10:00,24898.775876877324,3,60
2025-07-31,24907.05,24926.1,24905.9,24924.45,14:15:00,24899.56388860329,3,61
2025-07-31,24903.3,24914.05,24898.7,24906.4,14:20:00,24899.91970873631,3,62
2025-07-31,24867.15,24903.3,24863.4,24903.3,14:25:00,24896.79878409476,3,63
2025-07-31,24872.4,24882.5,24843.05,24862.75,14:30:00,24894.475090371445,3,64
2025-07-31,24886.95,24890.8,24861.65,24871.65,14:35:00,24893.75841509797,3,65
2025-07-31,24879.0,24893.35,24853.1,24887.0,14:40:00,24892.35285175532,3,66
2025-07-31,24858.3,24881.2,24850.05,24878.85,14:45:00,24889.109723016714,3,67
2025-07-31,24836.75,24861.65,24836.75,24856.8,14:50:00,24884.12308272941,3,68
2025-07-31,24851.45,24863.55,24835.1,24837.25,14:55:00,24881.011360564706,3,69
2025-07-31,24790.65,24851.9,24786.85,24851.9,15:00:00,24872.4055167014,3,70
2025-07-31,24760.55,24790.3,24757.25,24788.75,15:05:00,24861.752610348885,3,71
2025-07-31,24762.45,24780.95,24752.5,24758.55,15:10:00,24852.295218887084,3,72
2025-07-31,24754.2,24764.55,24748.85,24762.3,15:15:00,24842.95281708832,3,73
2025-07-31,24755.3,24758.95,24749.3,24754.25,15:20:00,24834.60492974657,3,74
2025-07-31,24765.6,24766.6,24747.55,24754.4,15:25:00,24828.03303167547,3,75
2025-08-01,24726.0,24759.2,24701.1,24736.4,09:15:00,24810.29053159829,4,1
2025-08-01,24712.7,24732.6,24712.2,24725.9,09:20:00,24800.99619525559,4,2
2025-08-01,24686.9,24714.15,24679.7,24712.6,09:25:00,24790.129890945536,4,3
2025-08-01,24713.95,24738.7,24672.3,24685.5,09:30:00,24782.87466323644,4,4
2025-08-01,24697.8,24724.95,24697.2,24713.35,09:35:00,24774.77231435678,4,5
2025-08-01,24709.0,24725.3,24695.6,24699.25,09:40:00,24768.50828441804,4,6
2025-08-01,24711.55,24722.7,24694.6,24708.35,09:45:00,24763.083685902035,4,7
2025-08-01,24697.25,24724.65,24696.05,24710.8,09:50:00,24756.81381105422,4,8
2025-08-01,24696.9,24703.65,24685.15,24697.45,09:55:00,24751.10773381096,4,9
2025-08-01,24727.0,24729.35,24684.65,24696.55,10:00:00,24748.811759162298,4,10
2025-08-01,24727.05,24728.95,24712.45,24726.9,10:05:00,24746.73921067065,4,11
2025-08-01,24745.65,24747.35,24721.65,24727.35,10:10:00,24746.635476321066,4,12
2025-08-01,24751.35,24752.05,24735.1,24745.6,10:15:00,24747.0844785762,4,13
2025-08-01,24756.1,24777.55,24748.5,24752.65,10:20:00,24747.943099664182,4,14
2025-08-01,24764.45,24768.05,24754.7,24756.45,10:25:00,24749.51518541045,4,15
2025-08-01,24778.1,24782.35,24756.25,24764.7,10:30:00,24752.23754870469,4,16
2025-08-01,24771.3,24784.1,24769.3,24778.95,10:35:00,24754.053020256622,4,17
2025-08-01,24769.45,24776.6,24756.0,24771.1,10:40:00,24755.519399279805,4,18
2025-08-01,24757.65,24772.6,24756.05,24769.35,10:45:00,24755.72231363412,4,19
2025-08-01,24739.85,24758.7,24735.3,24757.8,10:50:00,24754.21066471658,4,20
2025-08-01,24743.4,24745.4,24735.95,24740.4,10:55:00,24753.181077600715,4,21
2025-08-01,24767.25,24771.35,24743.45,24743.45,11:00:00,24754.520974972074,4,22
2025-08-01,24721.35,24767.6,24718.1,24766.35,11:05:00,24751.361834498544,4,23
2025-08-01,24710.25,24725.85,24707.1,24721.05,11:10:00,24747.44642168916,4,24
2025-08-01,24689.25,24718.0,24670.25,24710.85,11:15:00,24741.903905337807,4,25
2025-08-01,24701.1,24705.55,24686.05,24690.35,11:20:00,24738.01781911516,4,26
2025-08-01,24692.7,24706.65,24688.75,24701.05,11:25:00,24733.70183634229,4,27
2025-08-01,24682.15,24694.5,24677.55,24692.65,11:30:00,24728.792137643024,4,28
2025-08-01,24669.45,24685.3,24667.75,24682.35,11:35:00,24723.140505486543,4,29
2025-08-01,24646.85,24674.35,24644.65,24669.55,11:40:00,24715.874743059256,4,30
2025-08-01,24666.95,24668.9,24646.9,24647.2,11:45:00,24711.21524372028,4,31
2025-08-01,24665.55,24675.75,24660.85,24667.3,11:50:00,24706.86617288977,4,32
2025-08-01,24659.4,24669.0,24656.2,24666.0,11:55:00,24702.34558499551,4,33
2025-08-01,24650.7,24661.35,24646.15,24659.1,12:00:00,24697.42695785308,4,34
2025-08-01,24670.6,24671.05,24649.9,24652.85,12:05:00,24694.87200948612,4,35
2025-08-01,24654.05,24671.2,24653.7,24671.2,12:10:00,24690.984199058872,4,36
2025-08-01,24653.6,24660.05,24647.1,24654.95,12:15:00,24687.423799148502,4,37
2025-08-01,24674.35,24675.95,24653.75,24654.4,12:20:00,24686.17867542008,4,38
2025-08-01,24664.75,24675.25,24660.2,24675.25,12:25:00,24684.13784918959,4,39
2025-08-01,24660.4,24697.7,24657.7,24665.3,12:30:00,24681.87710164773,4,40
2025-08-01,24646.25,24660.85,24640.5,24660.85,12:35:00,24678.48404434794,4,41
2025-08-01,24635.45,24647.45,24611.15,24646.7,12:40:00,24674.38556393385,4,42
2025-08-01,24642.0,24648.65,24632.9,24636.15,12:45:00,24671.30122451158,4,43
2025-08-01,24649.9,24650.0,24635.15,24641.8,12:50:00,24669.263012653333,4,44
2025-08-01,24644.8,24655.85,24643.8,24650.65,12:55:00,24666.933201924447,4,45
2025-08-01,24639.4,24647.2,24634.5,24645.7,13:00:00,24664.31099221736,4,46
2025-08-01,24652.7,24666.95,24639.25,24640.2,13:05:00,24663.20518343475,4,47
2025-08-01,24655.4,24663.05,24645.25,24654.2,13:10:00,24662.461832631445,4,48
2025-08-01,24651.35,24660.2,24648.9,24656.1,13:15:00,24661.40356285702,4,49
2025-08-01,24661.6,24665.2,24648.45,24651.6,13:20:00,24661.42227115636,4,50
2025-08-01,24683.75,24684.75,24657.95,24663.05,13:25:00,24663.548721522413,4,51
2025-08-01,24671.5,24692.65,24671.2,24684.2,13:30:00,24664.305986139327,4,52
2025-08-01,24636.25,24674.85,24615.6,24672.6,13:35:00,24661.63398745939,4,53
2025-08-01,24668.6,24671.75,24638.6,24638.9,13:40:00,24662.297417225163,4,54
2025-08-01,24665.5,24672.45,24662.7,24669.5,13:45:00,24662.60242510848,4,55
2025-08-01,24658.65,24665.85,24656.8,24664.95,13:50:00,24662.226003669577,4,56
2025-08-01,24643.85,24666.65,24637.5,24661.35,13:55:00,24660.475908082,4,57
2025-08-01,24644.6,24651.95,24636.9,24644.55,14:00:00,24658.96391683609,4,58
2025-08-01,24644.75,24650.6,24638.45,24645.45,14:05:00,24657.61021047076,4,59
2025-08-01,24651.75,24663.95,24641.15,24646.0,14:10:00,24657.052095187824,4,60
2025-08-01,24642.15,24659.7,24640.7,24651.45,14:15:00,24655.63284802708,4,61
2025-08-01,24631.05,24646.4,24629.75,24641.9,14:20:00,24653.29162440545,4,62
2025-08-01,24628.45,24634.35,24618.45,24631.8,14:25:00,24650.925755414457,4,63
2025-08-01,24642.7,24651.0,24622.45,24628.3,14:30:00,24650.14235013689,4,64
2025-08-01,24628.7,24652.1,24605.55,24642.25,14:35:00,24648.100221552424,4,65
2025-08-01,24619.6,24630.95,24614.25,24627.35,14:40:00,24645.385914737908,4,66
2025-08-01,24638.9,24641.3,24616.25,24620.2,14:45:00,24644.7682085724,4,67
2025-08-01,24625.1,24640.05,24623.8,24639.15,14:50:00,24642.89504585121,4,68
2025-08-01,24613.8,24625.65,24610.4,24625.6,14:55:00,24640.12408910348,4,69
2025-08-01,24595.85,24617.7,24594.2,24610.75,15:00:00,24635.907509188863,4,70
2025-08-01,24553.85,24600.3,24553.75,24595.4,15:05:00,24628.092508313734,4,71
2025-08-01,24545.65,24561.15,24535.35,24556.65,15:10:00,24620.240840855284,4,72
2025-08-01,24551.9,24559.1,24539.9,24544.3,15:15:00,24613.732189345257,4,73
2025-08-01,24560.5,24563.25,24550.7,24551.1,15:20:00,24608.66245702666,4,74
2025-08-01,24572.15,24575.2,24546.8,24559.95,15:25:00,24605.18508016698,4,75
2025-08-04,24639.75,24642.65,24566.0,24600.4,09:15:00,24607.68982752898,0,1
2025-08-04,24646.25,24652.65,24624.35,24642.75,09:20:00,24611.36222490717,0,2
2025-08-04,24660.5,24666.25,24640.65,24647.35,09:25:00,24616.042013011247,0,3
2025-08-04,24656.55,24669.75,24641.75,24659.65,09:30:00,24619.899916533985,0,4
2025-08-04,24649.65,24661.35,24644.05,24657.8,09:35:00,24622.73325781646,0,5
2025-08-04,24598.0,24651.3,24597.5,24651.2,09:40:00,24620.37770945299,0,6
2025-08-04,24604.4,24605.8,24555.35,24598.15,09:45:00,24618.85602283842,0,7
2025-08-04,24607.0,24646.35,24597.15,24605.55,09:50:00,24617.726877806188,0,8
2025-08-04,24608.1,24613.9,24600.2,24607.3,09:55:00,24616.81003230084,0,9
2025-08-04,24626.9,24626.9,24597.0,24607.75,10:00:00,24617.770981605525,0,10
2025-08-04,24625.45,24638.35,24618.6,24626.35,10:05:00,24618.502316690712,0,11
2025-08-04,24624.3,24630.7,24616.75,24626.4,10:10:00,24619.054477005884,0,12
2025-08-04,24632.75,24645.3,24623.65,24623.7,10:15:00,24620.35881252913,0,13
2025-08-04,24646.15,24652.3,24627.85,24633.65,10:20:00,24622.81511609779,0,14
2025-08-04,24618.5,24646.75,24609.2,24644.95,10:25:00,24622.404152659903,0,15
2025-08-04,24636.45,24640.05,24618.45,24618.5,10:30:00,24623.74185240658,0,16
2025-08-04,24650.7,24652.8,24633.5,24637.75,10:35:00,24626.309295034527,0,17
2025-08-04,24641.65,24656.0,24641.65,24651.1,10:40:00,24627.770314555048,0,18
2025-08-04,24612.75,24642.15,24612.75,24641.75,10:45:00,24626.33980840695,0,19
2025-08-04,24625.85,24630.85,24603.55,24612.6,10:50:00,24626.29315998724,0,20
2025-08-04,24625.25,24632.1,24617.5,24625.95,10:55:00,24626.193811417023,0,21
2025-08-04,24661.4,24663.15,24622.15,24625.55,11:00:00,24629.54678175826,0,22
2025-08-04,24648.45,24669.5,24642.4,24660.05,11:05:00,24631.34708825748,0,23
2025-08-04,24664.35,24666.1,24647.9,24648.1,11:10:00,24634.490222709144,0,24
2025-08-04,24667.95,24677.35,24662.35,24664.5,11:15:00,24637.67686816541,0,25
2025-08-04,24676.25,24682.2,24668.1,24668.1,11:20:00,24641.350499768705,0,26
2025-08-04,24666.45,24679.55,24665.1,24676.0,11:25:00,24643.740928362164,0,27
2025-08-04,24671.35,24683.85,24666.75,24666.75,11:30:00,24646.370363756243,0,28
2025-08-04,24652.95,24673.5,24632.55,24671.7,11:35:00,24646.99699577946,0,29
2025-08-04,24669.35,24670.45,24652.25,24653.35,11:40:00,24649.12585332428,0,30
2025-08-04,24672.6,24674.45,24667.85,24669.25,11:45:00,24651.361486341008,0,31
2025-08-04,24675.75,24677.9,24670.4,24672.3,11:50:00,24653.68420192758,0,32
2025-08-04,24679.45,24684.4,24670.1,24676.35,11:55:00,24656.138087458286,0,33
2025-08-04,24670.7,24683.85,24659.55,24679.0,12:00:00,24657.52493627178,0,34
2025-08-04,24668.95,24679.1,24667.35,24670.6,12:05:00,24658.61303757923,0,35
2025-08-04,24676.8,24681.45,24668.6,24669.85,12:10:00,24660.345129238354,0,36
2025-08-04,24678.15,24680.6,24669.85,24676.75,12:15:00,24662.04083121565,0,37
2025-08-04,24670.0,24681.25,24667.3,24677.75,12:20:00,24662.79884729036,0,38
2025-08-04,24694.6,24696.6,24669.4,24669.4,12:25:00,24665.827528500795,0,39
2025-08-04,24694.1,24698.9,24691.05,24694.95,12:30:00,24668.52014483405,0,40
2025-08-04,24717.3,24719.65,24693.4,24694.85,12:35:00,24673.16584532605,0,41
2025-08-04,24692.4,24720.8,24689.65,24716.75,12:40:00,24674.99766958071,0,42
2025-08-04,24694.05,24701.25,24686.75,24692.8,12:45:00,24676.812177239688,0,43
2025-08-04,24692.2,24703.95,24691.75,24695.05,12:50:00,24678.27768416924,0,44
2025-08-04,24705.7,24709.5,24691.9,24693.25,12:55:00,24680.88933329598,0,45
2025-08-04,24716.2,24722.0,24705.0,24705.65,13:00:00,24684.25225393446,0,46
2025-08-04,24709.15,24721.0,24703.95,24716.0,13:05:00,24686.623467845464,0,47
2025-08-04,24698.75,24712.05,24693.05,24708.95,13:10:00,24687.778375669703,0,48
2025-08-04,24693.6,24704.5,24692.5,24698.65,13:15:00,24688.332816082115,0,49
2025-08-04,24688.25,24701.1,24686.1,24693.65,13:20:00,24688.3249288362,0,50
2025-08-04,24668.8,24689.5,24644.1,24688.8,13:25:00,24686.46541180418,0,51
2025-08-04,24687.15,24691.25,24667.3,24671.05,13:30:00,24686.530610679973,0,52
2025-08-04,24689.35,24689.85,24677.5,24687.55,13:35:00,24686.799123948545,0,53
2025-08-04,24701.7,24702.7,24686.15,24689.05,13:40:00,24688.218255001066,0,54
2025-08-04,24719.5,24734.3,24700.7,24701.35,13:45:00,24691.19746881049,0,55
2025-08-04,24719.2,24723.45,24712.65,24718.75,13:50:00,24693.864376542824,0,56
2025-08-04,24718.65,24721.0,24712.45,24719.3,13:55:00,24696.22491211017,0,57
2025-08-04,24699.0,24725.25,24682.2,24718.3,14:00:00,24696.48920619492,0,58
2025-08-04,24722.4,24723.2,24698.1,24698.75,14:05:00,24698.95690084302,0,59
2025-08-04,24719.45,24722.85,24714.15,24722.85,14:10:00,24700.908624572257,0,60
2025-08-04,24720.0,24724.15,24714.85,24721.1,14:15:00,24702.726850803472,0,61
2025-08-04,24717.45,24726.5,24716.35,24719.95,14:20:00,24704.12905548885,0,62
2025-08-04,24721.8,24724.6,24713.8,24717.7,14:25:00,24705.81200258516,0,63
2025-08-04,24730.05,24734.35,24717.4,24721.8,14:30:00,24708.12038329133,0,64
2025-08-04,24718.9,24730.6,24708.25,24729.55,14:35:00,24709.147013454065,0,65
2025-08-04,24699.3,24725.2,24699.3,24718.15,14:40:00,24708.209202648915,0,66
2025-08-04,24716.15,24719.35,24689.1,24698.5,14:45:00,24708.965469063307,0,67
2025-08-04,24727.4,24729.45,24715.75,24716.3,14:50:00,24710.721138676327,0,68
2025-08-04,24725.75,24729.65,24718.55,24727.95,14:55:00,24712.15245880239,0,69
2025-08-04,24719.4,24727.2,24701.7,24726.35,15:00:00,24712.84270082121,0,70
2025-08-04,24725.25,24725.75,24716.35,24719.85,15:05:00,24714.024348362047,0,71
2025-08-04,24719.25,24726.0,24713.75,24725.15,15:10:00,24714.522029470423,0,72
2025-08-04,24723.15,24724.95,24718.55,24719.5,15:15:00,24715.34374094943,0,73
2025-08-04,24730.25,24734.15,24722.65,24723.35,15:20:00,24716.76338466853,0,74
2025-08-04,24726.9,24735.8,24722.35,24730.2,15:25:00,24717.72877660486,0,75
2025-08-05,24690.6,24720.4,24678.75,24718.7,09:15:00,24715.362331869284,1,1
2025-08-05,24680.05,24702.9,24677.15,24684.75,09:20:00,24711.99925264364,1,2
2025-08-05,24673.0,24685.0,24664.55,24679.95,09:25:00,24708.28503810615,1,3
2025-08-05,24675.25,24684.05,24659.6,24672.75,09:30:00,24705.1388440008,1,4
2025-08-05,24633.45,24675.65,24632.25,24674.8,09:35:00,24698.311335048344,1,5
2025-08-05,24631.9,24647.5,24628.55,24631.95,09:40:00,24691.98644599612,1,6
2025-08-05,24615.4,24632.75,24610.35,24631.8,09:45:00,24684.692498758395,1,7
2025-08-05,24614.55,24623.15,24608.9,24615.7,09:50:00,24678.012260781405,1,8
2025-08-05,24605.1,24623.1,24599.4,24614.6,09:55:00,24671.06823594508,1,9
2025-08-05,24614.5,24617.1,24593.2,24606.05,10:00:00,24665.68078490269,1,10
2025-08-05,24633.65,24634.55,24609.5,24613.8,10:05:00,24662.63023395958,1,11
2025-08-05,24618.75,24634.3,24608.25,24633.85,10:10:00,24658.451164058664,1,12
2025-08-05,24634.8,24638.25,24611.1,24618.5,10:15:00,24656.19867224356,1,13
2025-08-05,24642.6,24644.6,24627.6,24634.15,10:20:00,24654.90356060132,1,14
2025-08-05,24625.8,24644.7,24621.0,24642.45,10:25:00,24652.131792925,1,15
2025-08-05,24613.4,24626.65,24604.8,24625.8,10:30:00,24648.443050741666,1,16
2025-08-05,24630.45,24633.4,24609.95,24613.25,10:35:00,24646.729426861504,1,17
2025-08-05,24615.85,24633.0,24596.85,24629.9,10:40:00,24643.78852906517,1,18
2025-08-05,24611.0,24616.75,24605.05,24616.35,10:45:00,24640.665812011342,1,19
2025-08-05,24626.9,24629.35,24610.35,24612.25,10:50:00,24639.35478229598,1,20
2025-08-05,24620.2,24627.25,24616.45,24627.2,10:55:00,24637.53051731541,1,21
2025-08-05,24624.05,24626.75,24615.25,24620.5,11:00:00,24636.246658523465,1,22
2025-08-05,24607.45,24624.6,24606.15,24624.0,11:05:00,24633.504119616468,1,23
2025-08-05,24635.0,24635.0,24604.15,24607.35,11:10:00,24633.6465844149,1,24
2025-08-05,24640.55,24642.15,24625.75,24633.9,11:15:00,24634.30405256586,1,25
2025-08-05,24645.15,24645.15,24631.75,24640.5,11:20:00,24635.336999940544,1,26
2025-08-05,24637.1,24646.6,24637.1,24644.0,11:25:00,24635.504904708112,1,27
2025-08-05,24619.35,24638.3,24618.25,24637.35,11:30:00,24633.96634235496,1,28
2025-08-05,24629.15,24634.2,24619.4,24619.5,11:35:00,24633.50764308306,1,29
2025-08-05,24632.9,24636.1,24624.15,24629.2,11:40:00,24633.449772313244,1,30
2025-08-05,24632.35,24635.0,24625.1,24633.85,11:45:00,24633.345032092937,1,31
2025-08-05,24628.5,24636.1,24625.6,24632.85,11:50:00,24632.88360046504,1,32
2025-08-05,24624.7,24629.2,24615.7,24628.45,11:55:00,24632.10420994456,1,33
2025-08-05,24624.55,24628.05,24619.3,24625.35,12:00:00,24631.384761378413,1,34
2025-08-05,24629.5,24631.9,24620.6,24624.9,12:05:00,24631.205260294755,1,35
2025-08-05,24658.7,24668.7,24627.85,24629.7,12:10:00,24633.82380693335,1,36
2025-08-05,24659.45,24662.0,24651.85,24658.1,12:15:00,24636.264396749222,1,37
2025-08-05,24662.0,24665.05,24654.2,24660.4,12:20:00,24638.71540658263,1,38
2025-08-05,24657.1,24661.95,24647.85,24661.7,12:25:00,24640.466320241427,1,39
2025-08-05,24641.6,24657.8,24620.95,24656.8,12:30:00,24640.57428974224,1,40
2025-08-05,24647.3,24647.3,24635.55,24640.7,12:35:00,24641.214833576312,1,41
2025-08-05,24649.95,24652.1,24644.35,24646.75,12:40:00,24642.046754188093,1,42
2025-08-05,24641.05,24650.45,24639.0,24649.25,12:45:00,24641.9518252178,1,43
2025-08-05,24634.45,24640.65,24629.6,24640.4,12:50:00,24641.237365673245,1,44
2025-08-05,24639.1,24639.9,24630.0,24632.75,12:55:00,24641.033807037697,1,45
2025-08-05,24626.95,24642.35,24622.2,24637.75,13:00:00,24639.69249208173,1,46
2025-08-05,24626.4,24629.85,24622.4,24626.85,13:05:00,24638.426540454893,1,47
2025-08-05,24628.8,24634.4,24617.0,24625.05,13:10:00,24637.509727078235,1,48
2025-08-05,24624.55,24629.3,24617.95,24628.2,13:15:00,24636.2754673565,1,49
2025-08-05,24603.5,24626.25,24594.3,24624.15,13:20:00,24633.15399427493,1,50
2025-08-05,24605.0,24607.2,24598.05,24602.1,13:25:00,24630.47266148684,1,51
2025-08-05,24612.55,24615.0,24593.5,24604.5,13:30:00,24628.76574134524,1,52
2025-08-05,24611.85,24618.65,24608.3,24612.0,13:35:00,24627.154718359976,1,53
2025-08-05,24609.75,24617.65,24605.85,24611.35,13:40:00,24625.49712613521,1,54
2025-08-05,24619.6,24619.6,24606.25,24609.65,13:45:00,24624.93549507472,1,55
2025-08-05,24625.15,24628.0,24615.85,24618.9,13:50:00,24624.95592411522,1,56
2025-08-05,24624.9,24628.25,24619.9,24624.85,13:55:00,24624.95059800901,1,57
2025-08-05,24616.95,24629.05,24610.9,24623.6,14:00:00,24624.188636293868,1,58
2025-08-05,24601.7,24616.25,24592.35,24616.2,14:05:00,24622.046861408737,1,59
2025-08-05,24612.25,24614.3,24598.25,24601.4,14:10:00,24621.11382698885,1,60
2025-08-05,24619.45,24620.6,24602.85,24611.15,14:15:00,24620.95536727564,1,61
2025-08-05,24607.7,24619.4,24603.25,24618.4,14:20:00,24619.69295134462,1,62
2025-08-05,24622.35,24622.35,24604.1,24607.2,14:25:00,24619.94600359752,1,63
2025-08-05,24614.7,24631.85,24594.6,24621.45,14:30:00,24619.44638420728,1,64
2025-08-05,24629.2,24631.25,24613.75,24614.55,14:35:00,24620.375299997053,1,65
2025-08-05,24624.25,24631.7,24618.3,24628.5,14:40:00,24620.74431904496,1,66
2025-08-05,24607.95,24629.9,24592.65,24624.45,14:45:00,24619.52581246925,1,67
2025-08-05,24606.5,24611.3,24600.8,24608.0,14:50:00,24618.28525890075,1,68
2025-08-05,24611.5,24614.4,24596.75,24605.2,14:55:00,24617.639043767344,1,69
2025-08-05,24627.2,24627.3,24597.9,24611.95,15:00:00,24618.5496110276,1,70
2025-08-05,24658.25,24658.9,24626.1,24627.0,15:05:00,24622.33060045354,1,71
2025-08-05,24667.5,24671.15,24650.0,24657.55,15:10:00,24626.632448029395,1,72
2025-08-05,24661.65,24669.3,24646.85,24666.9,15:15:00,24629.967452978977,1,73
2025-08-05,24657.8,24667.8,24653.9,24662.6,15:20:00,24632.618171742884,1,74
2025-08-05,24649.5,24665.55,24646.4,24655.1,15:25:00,24634.225964910227,1,75
2025-08-06,24652.35,24664.65,24634.55,24652.0,09:15:00,24636.56592592424,2,1
2025-08-06,24662.55,24671.3,24645.45,24652.1,09:20:00,24639.04059964574,2,2
2025-08-06,24651.3,24662.65,24645.95,24662.45,09:25:00,24640.208161584243,2,3
2025-08-06,24644.35,24659.45,24639.3,24650.55,09:30:00,24640.602622385744,2,4
2025-08-06,24622.15,24644.2,24618.45,24643.85,09:35:00,24638.84522977758,2,5
2025-08-06,24621.05,24625.2,24617.05,24622.85,09:40:00,24637.15044598924,2,6
2025-08-06,24609.65,24627.45,24606.35,24620.85,09:45:00,24634.531355895026,2,7
2025-08-06,24626.95,24643.4,24606.5,24609.75,09:50:00,24633.809322000263,2,8
2025-08-06,24620.1,24628.7,24612.7,24627.3,09:55:00,24632.50367228595,2,9
2025-08-06,24595.85,24641.5,24579.8,24619.95,10:00:00,24629.012846353955,2,10
2025-08-06,24603.1,24613.8,24590.8,24596.45,10:05:00,24626.544956225007,2,11
2025-08-06,24605.4,24606.05,24585.8,24602.55,10:10:00,24624.531150870243,2,12
2025-08-06,24631.0,24632.25,24594.45,24605.85,10:15:00,24625.147231739746,2,13
2025-08-06,24633.2,24649.45,24630.05,24631.1,10:20:00,24625.91416205024,2,14
2025-08-06,24602.5,24632.65,24602.05,24631.8,10:25:00,24623.68424185498,2,15
2025-08-06,24591.25,24610.5,24590.45,24602.7,10:30:00,24620.595266440218,2,16
2025-08-06,24569.1,24591.0,24544.55,24591.0,10:35:00,24615.69095535068,2,17
2025-08-06,24564.6,24577.2,24563.3,24569.0,10:40:00,24610.82515007918,2,18
2025-08-06,24564.35,24571.8,24554.95,24564.05,10:45:00,24606.39894530973,2,19
2025-08-06,24563.65,24569.4,24557.1,24564.85,10:50:00,24602.327617185,2,20
2025-08-06,24556.85,24563.5,24548.65,24563.5,10:55:00,24597.996415548336,2,21
2025-08-06,24561.0,24563.0,24551.25,24556.7,11:00:00,24594.47294740088,2,22
2025-08-06,24550.0,24562.3,24549.65,24561.0,11:05:00,24590.237428600794,2,23
2025-08-06,24561.1,24561.95,24548.2,24549.45,11:10:00,24587.46243540072,2,24
2025-08-06,24551.25,24561.9,24551.0,24561.55,11:15:00,24584.013632029222,2,25
2025-08-06,24555.5,24560.95,24550.3,24551.55,11:20:00,24581.29804802644,2,26
2025-08-06,24569.4,24570.6,24553.0,24555.9,11:25:00,24580.164900595348,2,27
2025-08-06,24557.25,24572.75,24554.9,24568.75,11:30:00,24577.982529110075,2,28
2025-08-06,24561.4,24578.45,24553.55,24557.1,11:35:00,24576.403240623404,2,29
2025-08-06,24566.4,24566.65,24554.8,24561.5,11:40:00,24575.450551040223,2,30
2025-08-06,24580.2,24581.1,24560.25,24566.0,11:45:00,24575.902879512585,2,31
2025-08-06,24588.0,24590.6,24579.15,24580.65,11:50:00,24577.05498622568,2,32
2025-08-06,24580.35,24589.9,24558.3,24587.2,11:55:00,24577.368797061325,2,33
2025-08-06,24594.35,24600.1,24577.3,24580.25,12:00:00,24578.986054484056,2,34
2025-08-06,24593.2,24599.35,24587.45,24594.2,12:05:00,24580.33976358081,2,35
2025-08-06,24587.95,24593.65,24584.8,24593.05,12:10:00,24581.06454800169,2,36
2025-08-06,24607.25,24607.9,24586.2,24587.9,12:15:00,24583.55840057296,2,37
2025-08-06,24612.7,24633.6,24606.3,24606.7,12:20:00,24586.33379099458,2,38
2025-08-06,24616.5,24617.6,24606.1,24612.15,12:25:00,24589.20676328081,2,39
2025-08-06,24620.2,24623.3,24612.9,24615.6,12:30:00,24592.15850011121,2,40
2025-08-06,24597.7,24622.3,24596.8,24620.35,12:35:00,24592.68626200538,2,41
2025-08-06,24600.1,24603.3,24595.55,24597.8,12:40:00,24593.39233229058,2,42
2025-08-06,24603.95,24610.65,24599.4,24600.6,12:45:00,24594.397824453383,2,43
2025-08-06,24589.6,24603.95,24583.25,24603.1,12:50:00,24593.94088879116,2,44
2025-08-06,24608.0,24608.15,24588.8,24589.45,12:55:00,24595.27985176343,2,45
2025-08-06,24612.6,24616.35,24604.85,24609.0,13:00:00,24596.92938969072,2,46
2025-08-06,24608.05,24612.35,24604.4,24612.35,13:05:00,24597.98849543446,2,47
2025-08-06,24618.1,24620.7,24607.05,24608.25,13:10:00,24599.90387682165,2,48
2025-08-06,24616.9,24619.55,24611.15,24617.4,13:15:00,24601.52255521959,2,49
2025-08-06,24609.85,24618.65,24607.65,24617.05,13:20:00,24602.31564519868,2,50
2025-08-06,24620.25,24622.25,24608.0,24609.9,13:25:00,24604.02367898928,2,51
2025-08-06,24617.15,24627.0,24612.95,24620.45,13:30:00,24605.27380479982,2,52
2025-08-06,24626.6,24628.8,24614.65,24617.25,13:35:00,24607.304871009364,2,53
2025-08-06,24615.95,24626.5,24584.5,24625.65,13:40:00,24608.12821662752,2,54
2025-08-06,24606.0,24616.0,24601.7,24615.4,13:45:00,24607.925529329663,2,55
2025-08-06,24599.65,24606.9,24595.35,24605.45,13:50:00,24607.13738367922,2,56
2025-08-06,24598.1,24606.7,24596.0,24599.95,13:55:00,24606.27668047168,2,57
2025-08-06,24589.05,24600.4,24586.55,24598.25,14:00:00,24604.636044236275,2,58
2025-08-06,24595.45,24599.75,24584.85,24588.95,14:05:00,24603.76118288044,2,59
2025-08-06,24583.8,24598.65,24578.45,24595.6,14:10:00,24601.860117844208,2,60
2025-08-06,24588.8,24589.0,24579.35,24583.6,14:15:00,24600.61629709713,2,61
2025-08-06,24591.65,24596.15,24589.0,24589.0,14:20:00,24599.762364040267,2,62
2025-08-06,24574.35,24601.25,24574.1,24591.35,14:25:00,24597.34213889357,2,63
2025-08-06,24567.85,24574.7,24564.0,24574.5,14:30:00,24594.533363760853,2,64
2025-08-06,24560.35,24567.9,24539.85,24567.9,14:35:00,24591.27780530744,2,65
2025-08-06,24560.4,24564.7,24550.6,24560.25,14:40:00,24588.33706194482,2,66
2025-08-06,24565.9,24567.2,24556.85,24560.05,14:45:00,24586.200198902457,2,67
2025-08-06,24579.05,24579.65,24563.65,24565.15,14:50:00,24585.51922757841,2,68
2025-08-06,24567.95,24585.6,24565.25,24579.35,14:55:00,24583.84596780904,2,69
2025-08-06,24568.45,24574.3,24556.35,24570.35,15:00:00,24582.37968516056,2,70
2025-08-06,24580.85,24581.5,24568.15,24569.65,15:05:00,24582.23400085956,2,71
2025-08-06,24576.35,24581.95,24575.0,24581.0,15:10:00,24581.67361982531,2,72
2025-08-06,24573.95,24577.6,24568.0,24577.6,15:15:00,24580.9380369848,2,73
2025-08-06,24581.5,24585.75,24573.85,24575.55,15:20:00,24580.99155727196,2,74
2025-08-06,24569.6,24582.5,24563.4,24582.5,15:25:00,24579.906647055584,2,75
2025-08-07,24519.45,24528.8,24466.55,24466.55,09:15:00,24564.1786838709,3,1
2025-08-07,24504.45,24533.6,24496.65,24519.2,09:20:00,24558.49023778796,3,2
2025-08-07,24525.85,24529.3,24501.65,24505.75,09:25:00,24555.38164371292,3,3
2025-08-07,24518.95,24542.7,24512.3,24526.25,09:30:00,24551.9119633593,3,4
2025-08-07,24517.4,24520.75,24500.25,24519.0,09:35:00,24548.62510970604,3,5
2025-08-07,24504.55,24522.5,24498.5,24517.35,09:40:00,24544.427480210223,3,6
2025-08-07,24502.25,24519.35,24500.1,24503.75,09:45:00,24540.41057733306,3,7
2025-08-07,24506.15,24510.8,24499.35,24502.65,09:50:00,24537.147665206103,3,8
2025-08-07,24481.35,24506.75,24479.1,24506.05,09:55:00,24531.83360185314,3,9
2025-08-07,24476.1,24487.85,24473.45,24481.1,10:00:00,24526.525639771888,3,10
2025-08-07,24471.4,24482.35,24468.0,24476.55,10:05:00,24521.275578841232,3,11
2025-08-07,24476.05,24480.2,24470.85,24470.95,10:10:00,24516.96838085636,3,12
2025-08-07,24483.05,24486.05,24471.55,24476.95,10:15:00,24513.73805887004,3,13
2025-08-07,24479.25,24486.65,24474.3,24483.55,10:20:00,24510.4534818348,3,14
2025-08-07,24450.7,24484.1,24450.55,24479.35,10:25:00,24504.762674041005,3,15
2025-08-07,24439.3,24450.45,24425.5,24450.3,10:30:00,24498.528133656146,3,16
2025-08-07,24436.1,24443.85,24432.8,24438.55,10:35:00,24492.582597117464,3,17
2025-08-07,24435.75,24439.05,24429.25,24436.15,10:40:00,24487.169968820563,3,18
2025-08-07,24418.25,24437.35,24413.6,24435.25,10:45:00,24480.606162266224,3,19
2025-08-07,24416.7,24423.65,24416.0,24417.75,10:50:00,24474.51986109801,3,20
2025-08-07,24426.05,24430.45,24417.05,24417.05,10:55:00,24469.903683850585,3,21
2025-08-07,24408.55,24433.8,24401.25,24426.8,11:00:00,24464.06047586482,3,22
2025-08-07,24411.95,24411.95,24388.55,24408.1,11:05:00,24459.097573401505,3,23
2025-08-07,24411.6,24416.45,24408.2,24411.45,11:10:00,24454.573994982315,3,24
2025-08-07,24421.55,24428.7,24410.3,24410.95,11:15:00,24451.428852603047,3,25
2025-08-07,24426.85,24430.45,24416.7,24420.95,11:20:00,24449.088009497995,3,26
2025-08-07,24424.15,24433.5,24423.1,24426.9,11:25:00,24446.71296097438,3,27
2025-08-07,24419.85,24429.45,24412.5,24424.45,11:30:00,24444.154583738724,3,28
2025-08-07,24441.6,24441.6,24420.0,24420.2,11:35:00,24443.91129004932,3,29
2025-08-07,24423.7,24448.2,24421.2,24441.25,11:40:00,24441.98640528272,3,30
2025-08-07,24422.2,24429.5,24419.8,24423.85,11:45:00,24440.101985731984,3,31
2025-08-07,24426.65,24428.4,24416.9,24421.9,11:50:00,24438.82084423369,3,32
2025-08-07,24426.45,24432.05,24424.05,24427.1,11:55:00,24437.642668592394,3,33
2025-08-07,24434.3,24436.8,24421.15,24426.8,12:00:00,24437.32431920264,3,34
2025-08-07,24429.25,24438.95,24421.55,24434.35,12:05:00,24436.55533642144,3,35
2025-08-07,24442.3,24449.7,24427.6,24427.75,12:10:00,24437.10244723844,3,36
2025-08-07,24441.35,24452.5,24438.0,24440.2,12:15:00,24437.50697607288,3,37
2025-08-07,24435.35,24443.6,24430.85,24441.3,12:20:00,24437.301549780223,3,38
2025-08-07,24436.8,24440.2,24430.65,24435.6,12:25:00,24437.253783134485,3,39
2025-08-07,24431.95,24442.1,24426.7,24437.9,12:30:00,24436.7486609312,3,40
2025-08-07,24445.25,24446.6,24429.65,24431.95,12:35:00,24437.55831227109,3,41
2025-08-07,24434.9,24447.35,24417.85,24444.85,12:40:00,24437.305139673845,3,42
2025-08-07,24425.2,24439.5,24424.3,24434.95,12:45:00,24436.15226922872,3,43
2025-08-07,24431.85,24433.85,24424.25,24425.15,12:50:00,24435.742529302173,3,44
2025-08-07,24435.5,24438.75,24426.7,24431.7,12:55:00,24435.719431273395,3,45
2025-08-07,24434.85,24436.45,24427.6,24435.8,13:00:00,24435.63662829497,3,46
2025-08-07,24411.85,24435.4,24408.95,24435.4,13:05:00,24433.371235124025,3,47
2025-08-07,24403.15,24413.7,24398.7,24411.5,13:10:00,24430.49302225507,3,48
2025-08-07,24404.45,24405.6,24381.8,24402.95,13:15:00,24428.01273442125,3,49
2025-08-07,24362.35,24404.65,24359.5,24404.65,13:20:00,24421.759140666847,3,50
2025-08-07,24358.0,24370.75,24355.95,24362.25,13:25:00,24415.68684155572,3,51
2025-08-07,24356.85,24366.35,24344.5,24357.85,13:30:00,24410.08333283613,3,52
2025-08-07,24358.35,24359.4,24345.2,24355.55,13:35:00,24405.156348756493,3,53
2025-08-07,24385.4,24394.8,24354.15,24358.5,13:40:00,24403.274791732067,3,54
2025-08-07,24377.05,24395.5,24370.05,24386.15,13:45:00,24400.77719251949,3,55
2025-08-07,24383.45,24385.2,24371.35,24377.65,13:50:00,24399.12698370811,3,56
2025-08-07,24388.25,24393.75,24379.35,24382.6,13:55:00,24398.091080497816,3,57
2025-08-07,24404.9,24404.9,24388.4,24388.4,14:00:00,24398.73954902184,3,58
2025-08-07,24413.7,24422.85,24404.3,24404.95,14:05:00,24400.1643538769,3,59
2025-08-07,24427.6,24442.75,24413.4,24413.4,14:10:00,24402.77727255529,3,60
2025-08-07,24467.3,24468.6,24426.6,24427.35,14:15:00,24408.922294216693,3,61
2025-08-07,24453.95,24513.7,24452.45,24466.7,14:20:00,24413.21064714844,3,62
2025-08-07,24469.65,24469.65,24436.95,24453.55,14:25:00,24418.58582361049,3,63
2025-08-07,24478.5,24481.45,24465.7,24469.35,14:30:00,24424.291935647587,3,64
2025-08-07,24494.1,24507.65,24469.45,24478.6,14:35:00,24430.94032272877,3,65
2025-08-07,24515.05,24521.65,24479.1,24493.75,14:40:00,24438.95076818317,3,66
2025-08-07,24518.95,24520.15,24504.25,24514.9,14:45:00,24446.56974264192,3,67
2025-08-07,24534.2,24542.6,24519.2,24519.2,14:50:00,24454.91548143792,3,68
2025-08-07,24537.1,24540.2,24517.4,24534.35,14:55:00,24462.74257844383,3,69
2025-08-07,24568.2,24568.8,24537.15,24537.15,15:00:00,24472.78614240156,3,70
2025-08-07,24584.4,24596.35,24566.75,24568.25,15:05:00,24483.41603360141,3,71
2025-08-07,24592.0,24601.3,24578.5,24581.7,15:10:00,24493.757363734607,3,72
2025-08-07,24604.7,24610.4,24590.05,24592.25,15:15:00,24504.32332909321,3,73
2025-08-07,24629.25,24629.25,24601.15,24604.2,15:20:00,24516.22110727481,3,74
2025-08-07,24626.65,24633.8,24620.0,24627.35,15:25:00,24526.73814467721,3,75
2025-08-08,24575.3,24585.3,24546.35,24555.8,09:15:00,24532.872041334405,4,1
2025-08-08,24560.0,24581.95,24557.45,24573.35,09:20:00,24535.45565644541,4,2
2025-08-08,24515.5,24562.35,24514.8,24561.0,09:25:00,24533.555117736327,4,3
2025-08-08,24509.25,24523.15,24503.65,24514.95,09:30:00,24531.24034461858,4,4
2025-08-08,24516.4,24532.95,24502.15,24509.2,09:35:00,24529.82697846444,4,5
2025-08-08,24499.5,24517.55,24496.4,24517.0,09:40:00,24526.938694801152,4,6
2025-08-08,24484.7,24506.6,24484.05,24499.75,09:45:00,24522.91596196295,4,7
2025-08-08,24487.3,24489.5,24477.1,24484.05,09:50:00,24519.52396558553,4,8
2025-08-08,24476.85,24496.8,24476.55,24487.65,09:55:00,24515.459778386903,4,9
2025-08-08,24452.2,24480.9,24451.7,24477.2,10:00:00,24509.43503758815,4,10
2025-08-08,24450.8,24455.05,24437.55,24452.55,10:05:00,24503.85074829404,4,11
2025-08-08,24449.6,24459.05,24446.45,24451.2,10:10:00,24498.68401036128,4,12
2025-08-08,24457.4,24464.15,24443.2,24449.3,10:15:00,24494.752199850675,4,13
2025-08-08,24468.25,24468.25,24443.15,24457.15,10:20:00,24492.22818081728,4,14
2025-08-08,24467.15,24481.25,24461.7,24467.4,10:25:00,24489.839782644205,4,15
2025-08-08,24444.05,24468.6,24435.85,24467.6,10:30:00,24485.47885096381,4,16
2025-08-08,24435.0,24444.7,24434.7,24444.3,10:35:00,24480.671341348207,4,17
2025-08-08,24437.4,24450.95,24433.1,24435.25,10:40:00,24476.550261219803,4,18
2025-08-08,24426.25,24440.7,24423.75,24437.6,10:45:00,24471.75976015125,4,19
2025-08-08,24437.8,24439.5,24419.4,24426.75,10:50:00,24468.525497279705,4,20
2025-08-08,24421.85,24439.7,24409.0,24437.15,10:55:00,24464.080211824497,4,21
2025-08-08,24427.15,24434.2,24418.8,24422.7,11:00:00,24460.5630487936,4,22
2025-08-08,24431.85,24435.35,24422.4,24427.2,11:05:00,24457.82847271801,4,23
2025-08-08,24441.05,24446.2,24428.15,24431.9,11:10:00,24456.230522935348,4,24
2025-08-08,24450.15,24452.75,24438.35,24441.8,11:15:00,24455.651425512933,4,25
2025-08-08,24433.55,24452.75,24430.3,24450.25,11:20:00,24453.54652784504,4,26
2025-08-08,24432.6,24439.85,24430.75,24433.45,11:25:00,24451.551620431223,4,27
2025-08-08,24440.9,24442.45,24427.45,24432.8,11:30:00,24450.537180390154,4,28
2025-08-08,24427.9,24445.95,24427.1,24440.6,11:35:00,24448.38125844824,4,29
2025-08-08,24432.05,24434.1,24422.3,24428.2,11:40:00,24446.825900500786,4,30
2025-08-08,24433.4,24441.7,24427.95,24431.8,11:45:00,24445.54724331024,4,31
2025-08-08,24442.55,24446.45,24430.85,24434.05,11:50:00,24445.261791566405,4,32
2025-08-08,24433.75,24445.4,24416.3,24442.8,11:55:00,24444.165430464844,4,33
2025-08-08,24404.05,24435.85,24403.45,24433.85,12:00:00,24440.34491327772,4,34
2025-08-08,24414.5,24417.7,24403.05,24404.4,12:05:00,24437.88349296556,4,35
2025-08-08,24423.1,24423.55,24407.1,24415.45,12:10:00,24436.47554125455,4,36
2025-08-08,24418.55,24424.0,24411.8,24423.05,12:15:00,24434.768346849352,4,37
2025-08-08,24422.45,24424.0,24411.6,24419.4,12:20:00,24433.59517095894,4,38
2025-08-08,24434.55,24436.1,24415.9,24422.35,12:25:00,24433.686107058085,4,39
2025-08-08,24435.8,24441.9,24430.3,24436.3,12:30:00,24433.887430195413,4,40
2025-08-08,24428.3,24439.3,24424.35,24435.25,12:35:00,24433.35529398633,4,41
2025-08-08,24435.35,24440.5,24426.35,24429.3,12:40:00,24433.54526598763,4,42
2025-08-08,24446.95,24448.35,24434.05,24436.75,12:45:00,24434.82190732214,4,43
2025-08-08,24469.8,24469.8,24448.3,24448.3,12:50:00,24438.15315424384,4,44
2025-08-08,24459.85,24481.35,24456.65,24471.55,12:55:00,24440.219520506333,4,45
2025-08-08,24446.55,24464.4,24439.1,24459.3,13:00:00,24440.82242331525,4,46
2025-08-08,24436.65,24454.85,24419.55,24446.7,13:05:00,24440.42504966618,4,47
2025-08-08,24435.95,24438.0,24427.1,24437.0,13:10:00,24439.99885445988,4,48
2025-08-08,24439.15,24453.1,24434.15,24435.95,13:15:00,24439.918011177982,4,49
2025-08-08,24439.4,24445.35,24436.15,24438.6,13:20:00,24439.868676780083,4,50
2025-08-08,24425.05,24440.35,24417.85,24440.2,13:25:00,24438.4573742296,4,51
2025-08-08,24450.55,24452.6,24418.0,24425.6,13:30:00,24439.609052874395,4,52
2025-08-08,24457.35,24461.15,24443.65,24451.15,13:35:00,24441.29866688636,4,53
2025-08-08,24456.95,24463.5,24447.35,24457.35,13:40:00,24442.78927004004,4,54
2025-08-08,24430.6,24457.75,24418.3,24457.75,13:45:00,24441.62838717908,4,55
2025-08-08,24427.85,24438.35,24426.3,24430.95,13:50:00,24440.316159828693,4,56
2025-08-08,24424.75,24429.25,24418.65,24428.25,13:55:00,24438.83366841644,4,57
2025-08-08,24433.3,24449.45,24423.95,24424.35,14:00:00,24438.306652376777,4,58
2025-08-08,24428.5,24436.7,24422.5,24433.7,14:05:00,24437.37268548375,4,59
2025-08-08,24413.25,24428.8,24388.25,24428.8,14:10:00,24435.07528686625,4,60
2025-08-08,24432.1,24434.85,24406.6,24413.05,14:15:00,24434.79192621232,4,61
2025-08-08,24425.15,24432.85,24424.25,24432.5,14:20:00,24433.87364752543,4,62
2025-08-08,24400.7,24424.75,24395.0,24424.55,14:25:00,24430.71425252301,4,63
2025-08-08,24403.4,24408.9,24383.25,24401.5,14:30:00,24428.112895139864,4,64
2025-08-08,24411.05,24415.05,24402.65,24404.55,14:35:00,24426.48785750749,4,65
2025-08-08,24418.4,24424.9,24407.65,24410.55,14:40:00,24425.717585363924,4,66
2025-08-08,24414.1,24421.95,24405.55,24418.6,14:45:00,24424.6111486626,4,67
2025-08-08,24408.45,24415.25,24405.85,24415.25,14:50:00,24423.07199164712,4,68
2025-08-08,24407.15,24409.6,24400.5,24408.65,14:55:00,24421.555611490247,4,69
2025-08-08,24396.5,24407.35,24383.25,24406.8,15:00:00,24419.16936277689,4,70
2025-08-08,24376.8,24399.35,24376.2,24396.6,15:05:00,24415.134185369567,4,71
2025-08-08,24344.45,24386.15,24337.95,24378.85,15:10:00,24408.40235819152,4,72
2025-08-08,24345.2,24365.35,24342.05,24349.2,15:15:00,24402.3830859828,4,73
2025-08-08,24346.65,24348.45,24339.2,24345.45,15:20:00,24397.07517303205,4,74
2025-08-08,24349.2,24356.35,24345.65,24347.65,15:25:00,24392.51563274329,4,75
2025-08-11,24401.5,24404.85,24349.2,24370.8,09:15:00,24391.56041591911,0,1
2025-08-11,24408.9,24418.95,24399.0,24401.2,09:20:00,24393.2118048792,0,2
2025-08-11,24401.45,24428.35,24397.6,24409.6,09:25:00,24393.996394890703,0,3
2025-08-11,24418.15,24419.9,24361.4,24400.9,09:30:00,24396.296738234443,0,4
2025-08-11,24376.8,24419.0,24372.9,24417.85,09:35:00,24394.43990602164,0,5
2025-08-11,24381.25,24390.05,24367.45,24376.05,09:40:00,24393.183724495768,0,6
2025-08-11,24356.85,24384.55,24356.15,24381.0,09:45:00,24389.723369781885,0,7
2025-08-11,24395.5,24396.35,24358.25,24358.5,09:50:00,24390.27352504075,0,8
2025-08-11,24399.8,24405.65,24392.55,24396.0,09:55:00,24391.1808083702,0,9
2025-08-11,24411.05,24415.65,24400.35,24400.35,10:00:00,24393.073112334943,0,10
2025-08-11,24403.15,24414.25,24396.8,24411.75,10:05:00,24394.03281592209,0,11
2025-08-11,24410.45,24410.8,24382.0,24403.1,10:10:00,24395.59635726285,0,12
2025-08-11,24421.4,24425.95,24404.35,24410.8,10:15:00,24398.053847047337,0,13
2025-08-11,24433.7,24434.75,24406.25,24421.45,10:20:00,24401.44871875712,0,14
2025-08-11,24441.35,24441.95,24431.6,24433.85,10:25:00,24405.248840780245,0,15
2025-08-11,24445.9,24452.85,24428.8,24441.7,10:30:00,24409.12037975356,0,16
2025-08-11,24458.1,24459.95,24443.75,24445.9,10:35:00,24413.78510549131,0,17
2025-08-11,24448.8,24460.1,24446.45,24457.95,10:40:00,24417.119857349284,0,18
2025-08-11,24448.8,24457.0,24443.4,24448.75,10:45:00,24420.13701379221,0,19
2025-08-11,24462.25,24467.75,24446.45,24448.45,10:50:00,24424.14777438343,0,20
2025-08-11,24454.65,24465.25,24449.3,24463.9,10:55:00,24427.05274825168,0,21
2025-08-11,24450.8,24463.8,24448.95,24455.35,11:00:00,24429.31439127532,0,22
2025-08-11,24455.6,24461.4,24450.15,24450.85,11:05:00,24431.81778258243,0,23
2025-08-11,24442.7,24454.35,24425.35,24454.15,11:10:00,24432.854184241245,0,24
2025-08-11,24461.6,24462.75,24435.95,24443.15,11:15:00,24435.591880980177,0,25
2025-08-11,24470.15,24475.15,24458.9,24460.95,11:20:00,24438.883130410635,0,26
2025-08-11,24461.95,24474.45,24459.05,24470.3,11:25:00,24441.079975133434,0,27
2025-08-11,24444.5,24467.5,24443.65,24460.5,11:30:00,24441.4056917874,0,28
2025-08-11,24428.6,24444.65,24421.25,24444.65,11:35:00,24440.18610209336,0,29
2025-08-11,24417.4,24429.6,24416.85,24429.25,11:40:00,24438.015997132083,0,30
2025-08-11,24414.15,24424.35,24409.65,24417.0,11:45:00,24435.74304502427,0,31
2025-08-11,24409.95,24419.9,24402.1,24414.45,11:50:00,24433.286564545768,0,32
2025-08-11,24423.8,24426.9,24408.7,24409.95,11:55:00,24432.383082208074,0,33
2025-08-11,24426.3,24437.75,24421.1,24423.25,12:00:00,24431.8037410454,0,34
2025-08-11,24429.8,24439.15,24424.45,24426.5,12:05:00,24431.612908564886,0,35
2025-08-11,24445.6,24451.55,24430.9,24430.9,12:10:00,24432.94501251109,0,36
2025-08-11,24437.55,24453.9,24435.75,24445.9,12:15:00,24433.38358274813,0,37
2025-08-11,24443.5,24446.15,24434.45,24437.8,12:20:00,24434.34705105784,0,38
2025-08-11,24445.85,24449.85,24439.8,24443.9,12:25:00,24435.442570004707,0,39
2025-08-11,24431.55,24446.8,24429.05,24446.6,12:30:00,24435.07184905188,0,40
2025-08-11,24455.65,24456.7,24430.3,24431.8,12:35:00,24437.0316729517,0,41
2025-08-11,24460.65,24463.35,24453.05,24456.15,12:40:00,24439.28103743249,0,42
2025-08-11,24462.85,24466.8,24458.55,24461.75,12:45:00,24441.52570053416,0,43
2025-08-11,24476.9,24478.0,24459.75,24462.75,12:50:00,24444.894681435668,0,44
2025-08-11,24476.25,24480.95,24466.95,24477.65,12:55:00,24447.88090225132,0,45
2025-08-11,24482.45,24506.9,24475.4,24477.4,13:00:00,24451.173197275,0,46
2025-08-11,24475.55,24486.75,24470.35,24483.35,13:05:00,24453.494797534528,0,47
2025-08-11,24475.2,24477.2,24463.6,24476.0,13:10:00,24455.56195967409,0,48
2025-08-11,24473.2,24481.55,24468.75,24476.15,13:15:00,24457.24177303847,0,49
2025-08-11,24473.9,24480.4,24467.9,24474.2,13:20:00,24458.82827084433,0,50
2025-08-11,24485.3,24501.45,24473.65,24473.85,13:25:00,24461.349387906776,0,51
2025-08-11,24496.4,24498.95,24482.35,24485.85,13:30:00,24464.687541439464,0,52
2025-08-11,24504.2,24505.55,24493.5,24496.75,13:35:00,24468.450632730943,0,53
2025-08-11,24505.65,24508.8,24499.6,24504.65,13:40:00,24471.993429613707,0,54
2025-08-11,24515.2,24517.95,24501.9,24506.35,13:45:00,24476.108341079067,0,55
2025-08-11,24506.1,24517.95,24495.0,24515.7,13:50:00,24478.964689547727,0,56
2025-08-11,24520.65,24522.1,24501.05,24505.85,13:55:00,24482.934719114608,0,57
2025-08-11,24531.6,24534.2,24520.25,24520.25,14:00:00,24487.56950777036,0,58
2025-08-11,24538.05,24541.5,24531.75,24531.9,14:05:00,24492.37717369699,0,59
2025-08-11,24539.45,24543.3,24529.55,24536.6,14:10:00,24496.86030001156,0,60
2025-08-11,24537.25,24545.8,24524.2,24539.25,14:15:00,24500.7069381057,0,61
2025-08-11,24537.4,24538.75,24526.6,24537.4,14:20:00,24504.20151542897,0,62
2025-08-11,24542.75,24543.55,24535.6,24536.85,14:25:00,24507.87279967383,0,63
2025-08-11,24569.05,24572.25,24542.8,24542.8,14:30:00,24513.699199704897,0,64
2025-08-11,24572.0,24583.3,24557.5,24567.55,14:35:00,24519.251656875866,0,65
2025-08-11,24557.0,24573.85,24550.9,24572.9,14:40:00,24522.8467371734,0,66
2025-08-11,24577.05,24581.85,24556.4,24556.55,14:45:00,24528.0089526807,0,67
2025-08-11,24577.75,24581.65,24570.7,24576.7,14:50:00,24532.746195282536,0,68
2025-08-11,24578.55,24579.8,24570.95,24577.35,14:55:00,24537.108462398483,0,69
2025-08-11,24586.2,24590.6,24575.0,24578.45,15:00:00,24541.78384693196,0,70
2025-08-11,24597.55,24600.75,24586.4,24586.7,15:05:00,24547.094909128915,0,71
2025-08-11,24585.95,24598.65,24584.1,24595.0,15:10:00,24550.79539397378,0,72
2025-08-11,24574.3,24587.05,24573.6,24585.9,15:15:00,24553.03392788104,0,73
2025-08-11,24575.6,24587.15,24570.25,24574.4,15:20:00,24555.183077606656,0,74
2025-08-11,24562.15,24574.8,24544.55,24574.5,15:25:00,24555.84659402507,0,75
2025-08-12,24574.0,24587.15,24535.7,24563.35,09:15:00,24558.222041820976,1,1
2025-08-12,24610.25,24612.15,24567.45,24573.3,09:20:00,24563.17708545707,1,2
2025-08-12,24619.8,24627.0,24608.0,24609.9,09:25:00,24568.56974398497,1,3
2025-08-12,24633.35,24640.55,24607.05,24619.25,09:30:00,24574.73929217688,1,4
2025-08-12,24627.65,24636.75,24622.7,24633.2,09:35:00,24579.77840720765,1,5
2025-08-12,24644.85,24648.0,24623.65,24627.55,09:40:00,24585.9757017593,1,6
2025-08-12,24654.3,24661.6,24645.3,24645.3,09:45:00,24592.482777782225,1,7
2025-08-12,24668.6,24668.75,24647.8,24654.2,09:50:00,24599.73203704106,1,8
2025-08-12,24683.5,24684.6,24668.35,24668.35,09:55:00,24607.70993827524,1,9
2025-08-12,24692.9,24702.5,24676.45,24684.7,10:00:00,24615.823277487125,1,10
2025-08-12,24689.7,24697.4,24683.35,24693.95,10:05:00,24622.859155821687,1,11
2025-08-12,24662.1,24691.55,24656.8,24689.9,10:10:00,24626.596379076764,1,12
2025-08-12,24651.25,24682.0,24643.55,24662.35,10:15:00,24628.944342974217,1,13
2025-08-12,24658.65,24666.0,24650.25,24650.9,10:20:00,24631.77345316715,1,14
2025-08-12,24614.65,24662.15,24611.5,24657.75,10:25:00,24630.14264810361,1,15
2025-08-12,24581.8,24613.65,24562.25,24613.65,10:30:00,24625.53858637945,1,16
2025-08-12,24595.05,24609.0,24580.25,24581.75,10:35:00,24622.634911486173,1,17
2025-08-12,24583.85,24611.35,24582.05,24595.6,10:40:00,24618.94111039225,1,18
2025-08-12,24582.6,24596.15,24570.4,24583.3,10:45:00,24615.480052259656,1,19
2025-08-12,24581.75,24590.8,24578.15,24582.35,10:50:00,24612.267666330168,1,20
2025-08-12,24580.6,24604.45,24579.3,24582.4,10:55:00,24609.251698108248,1,21
2025-08-12,24556.65,24581.75,24551.9,24580.75,11:00:00,24604.24201257413,1,22
2025-08-12,24540.15,24561.8,24532.7,24555.8,11:05:00,24598.138011376595,1,23
2025-08-12,24544.2,24549.4,24538.5,24540.25,11:10:00,24593.00105791216,1,24
2025-08-12,24579.85,24593.25,24541.75,24544.15,11:15:00,24591.74857620624,1,25
2025-08-12,24572.8,24584.15,24570.9,24580.2,11:20:00,24589.943949900884,1,26
2025-08-12,24556.7,24575.2,24551.05,24573.55,11:25:00,24586.777859434133,1,27
2025-08-12,24558.95,24571.9,24555.55,24556.3,11:30:00,24584.127587107072,1,28
2025-08-12,24561.1,24568.75,24557.1,24559.3,11:35:00,24581.934483573063,1,29
2025-08-12,24561.75,24567.55,24554.4,24561.0,11:40:00,24580.012151804203,1,30
2025-08-12,24545.95,24562.45,24543.55,24561.35,11:45:00,24576.768137346666,1,31
2025-08-12,24548.95,24550.7,24531.45,24545.7,11:50:00,24574.11879093269,1,32
2025-08-12,24565.5,24566.55,24548.1,24548.9,11:55:00,24573.297953701007,1,33
2025-08-12,24554.1,24569.75,24553.5,24565.75,12:00:00,24571.46957715805,1,34
2025-08-12,24565.2,24567.85,24552.7,24554.25,12:05:00,24570.872474571574,1,35
2025-08-12,24562.25,24566.75,24553.5,24565.15,12:10:00,24570.051286517137,1,36
2025-08-12,24598.75,24598.75,24559.1,24561.75,12:15:00,24572.78449732503,1,37
2025-08-12,24617.8,24618.9,24589.65,24599.35,12:20:00,24577.071688055978,1,38
2025-08-12,24603.15,24623.6,24594.75,24617.55,12:25:00,24579.55533681255,1,39
2025-08-12,24613.95,24625.95,24604.4,24604.5,12:30:00,24582.83101902088,1,40
2025-08-12,24637.3,24638.85,24612.85,24614.7,12:35:00,24588.018541018893,1,41
2025-08-12,24631.7,24640.35,24627.35,24637.4,12:40:00,24592.178679969475,1,42
2025-08-12,24611.8,24633.7,24607.45,24633.7,12:45:00,24594.04737711524,1,43
2025-08-12,24599.4,24616.45,24597.75,24611.85,12:50:00,24594.55715072331,1,44
2025-08-12,24595.55,24603.3,24590.0,24598.65,12:55:00,24594.65170779728,1,45
2025-08-12,24614.15,24619.7,24592.2,24595.05,13:00:00,24596.508688007067,1,46
2025-08-12,24607.1,24615.35,24600.15,24614.1,13:05:00,24597.517384387345,1,47
2025-08-12,24597.4,24610.95,24596.65,24607.3,13:10:00,24597.506204921883,1,48
2025-08-12,24576.65,24597.25,24572.45,24597.2,13:15:00,24595.51989969123,1,49
2025-08-12,24579.75,24585.6,24572.55,24576.75,13:20:00,24594.018004482543,1,50
2025-08-12,24574.75,24581.95,24549.5,24579.5,13:25:00,24592.182956436587,1,51
2025-08-12,24565.45,24579.15,24563.65,24574.8,13:30:00,24589.63696058548,1,52
2025-08-12,24572.75,24574.4,24563.0,24565.7,13:35:00,24588.02867862496,1,53
2025-08-12,24564.8,24572.55,24558.4,24572.55,13:40:00,24585.81642351782,1,54
2025-08-12,24565.7,24577.7,24561.7,24564.9,13:45:00,24583.90057365898,1,55
2025-08-12,24575.05,24577.15,24563.9,24566.15,13:50:00,24583.05766188193,1,56
2025-08-12,24603.4,24607.6,24569.3,24575.45,13:55:00,24584.995027416982,1,57
2025-08-12,24561.35,24606.15,24561.1,24603.55,14:00:00,24582.743120043942,1,58
2025-08-12,24552.25,24564.05,24552.25,24561.5,14:05:00,24579.83901337309,1,59
2025-08-12,24543.5,24552.9,24534.85,24552.9,14:10:00,24576.378154956605,1,60
2025-08-12,24531.85,24548.25,24522.7,24542.65,14:15:00,24572.13737829407,1,61
2025-08-12,24538.65,24550.1,24526.4,24533.15,14:20:00,24568.948104170824,1,62
2025-08-12,24544.9,24562.3,24537.85,24539.0,14:25:00,24566.657808535507,1,63
2025-08-12,24519.3,24544.8,24518.25,24544.8,14:30:00,24562.147541055936,1,64
2025-08-12,24531.4,24533.85,24516.6,24519.15,14:35:00,24559.21920381252,1,65
2025-08-12,24507.6,24531.15,24501.35,24531.05,14:40:00,24554.303089163703,1,66
2025-08-12,24495.3,24511.8,24493.45,24507.45,14:45:00,24548.68374733859,1,67
2025-08-12,24492.5,24503.2,24482.0,24495.2,14:50:00,24543.332914258724,1,68
2025-08-12,24498.7,24524.65,24489.1,24492.7,14:55:00,24539.0821605198,1,69
2025-08-12,24470.5,24503.8,24466.35,24499.75,15:00:00,24532.55052618458,1,70
2025-08-12,24487.8,24491.55,24470.75,24470.75,15:05:00,24528.28857130986,1,71
2025-08-12,24489.05,24499.05,24484.6,24487.9,15:10:00,24524.55156451844,1,72
2025-08-12,24489.55,24500.65,24485.25,24490.25,15:15:00,24521.21808218335,1,73
2025-08-12,24493.55,24496.35,24484.8,24490.1,15:20:00,24518.58302673732,1,74
2025-08-12,24485.85,24494.75,24477.75,24493.8,15:25:00,24515.46559561948,1,75
2025-08-13,24566.3,24598.7,24561.3,24582.45,09:15:00,24526.40199550709,2,1
2025-08-13,24561.9,24573.6,24544.5,24566.2,09:20:00,24529.78275783976,2,2
2025-08-13,24546.85,24574.8,24543.5,24562.1,09:25:00,24531.408209474062,2,3
2025-08-13,24555.0,24562.65,24535.6,24546.85,09:30:00,24533.65504666701,2,4
2025-08-13,24568.0,24571.7,24552.8,24553.6,09:35:00,24536.925994603484,2,5
2025-08-13,24570.15,24585.15,24567.55,24568.7,09:40:00,24540.090185593628,2,6
2025-08-13,24590.95,24596.75,24569.8,24571.0,09:45:00,24544.93397744185,2,7
2025-08-13,24583.45,24595.05,24579.25,24590.25,09:50:00,24548.60217006644,2,8
2025-08-13,24598.6,24613.6,24581.75,24583.3,09:55:00,24553.36386815535,2,9
2025-08-13,24600.8,24602.75,24587.6,24597.8,10:00:00,24557.8815949977,2,10
2025-08-13,24597.65,24602.15,24585.85,24600.05,10:05:00,24561.669062140776,2,11
2025-08-13,24580.5,24600.4,24579.45,24597.7,10:10:00,24563.46248479404,2,12
2025-08-13,24577.65,24596.25,24573.9,24580.3,10:15:00,24564.81367671841,2,13
2025-08-13,24577.55,24583.65,24570.9,24576.75,10:20:00,24566.02665988809,2,14
2025-08-13,24592.0,24605.8,24571.65,24577.0,10:25:00,24568.50031132732,2,15
2025-08-13,24581.4,24594.0,24580.35,24591.3,10:30:00,24569.72885310567,2,16
2025-08-13,24574.5,24583.4,24573.65,24582.35,10:35:00,24570.183248047982,2,17
2025-08-13,24572.7,24575.55,24570.3,24574.3,10:40:00,24570.42293871008,2,18
2025-08-13,24568.25,24572.6,24554.4,24572.6,10:45:00,24570.215992166264,2,19
2025-08-13,24581.95,24584.75,24568.3,24569.0,10:50:00,24571.33351672186,2,20
2025-08-13,24587.7,24588.8,24576.1,24582.15,10:55:00,24572.89222941501,2,21
2025-08-13,24591.85,24601.9,24583.35,24588.25,11:00:00,24574.69773137549,2,22
2025-08-13,24587.2,24596.0,24585.0,24591.3,11:05:00,24575.888423625445,2,23
2025-08-13,24583.1,24589.05,24564.85,24587.0,11:10:00,24576.575240423022,2,24
2025-08-13,24591.55,24595.35,24582.4,24583.85,11:15:00,24578.001408001783,2,25
2025-08-13,24583.05,24592.2,24577.55,24591.35,11:20:00,24578.482226287328,2,26
2025-08-13,24572.6,24586.55,24570.15,24582.6,11:25:00,24577.92201425996,2,27
2025-08-13,24578.25,24580.35,24572.4,24572.5,11:30:00,24577.953250997107,2,28
2025-08-13,24574.05,24586.1,24573.85,24578.05,11:35:00,24577.581512806908,2,29
2025-08-13,24567.1,24575.95,24565.35,24574.0,11:40:00,24576.583273491964,2,30
2025-08-13,24569.25,24574.05,24564.4,24567.7,11:45:00,24575.88486649273,2,31
2025-08-13,24579.0,24583.2,24565.4,24568.85,11:50:00,24576.181545874377,2,32
2025-08-13,24552.35,24580.1,24552.15,24579.4,11:55:00,24573.911874838723,2,33
2025-08-13,24556.85,24560.6,24538.9,24552.7,12:00:00,24572.28693437789,2,34
2025-08-13,24567.05,24570.65,24556.0,24556.75,12:05:00,24571.78817872285,2,35
2025-08-13,24578.2,24581.25,24564.4,24567.05,12:10:00,24572.398828368296,2,36
2025-08-13,24576.9,24580.25,24567.65,24578.15,12:15:00,24572.82751138084,2,37
2025-08-13,24592.7,24609.25,24573.0,24577.2,12:20:00,24574.72012934457,2,38
2025-08-13,24594.85,24594.85,24583.8,24592.5,12:25:00,24576.637259883184,2,39
2025-08-13,24614.4,24620.3,24593.9,24593.9,12:30:00,24580.23371132288,2,40
2025-08-13,24608.65,24615.85,24600.5,24614.05,12:35:00,24582.940024530228,2,41
2025-08-13,24620.3,24622.0,24607.15,24608.55,12:40:00,24586.49811743211,2,42
2025-08-13,24624.55,24627.5,24618.05,24620.35,12:45:00,24590.1221062481,2,43
2025-08-13,24623.35,24628.6,24619.35,24624.2,12:50:00,24593.286667557804,2,44
2025-08-13,24625.45,24628.4,24614.95,24622.95,12:55:00,24596.34984207611,2,45
2025-08-13,24629.1,24634.85,24624.9,24625.2,13:00:00,24599.468904735528,2,46
2025-08-13,24632.0,24637.8,24626.6,24628.15,13:05:00,24602.567104284528,2,47
2025-08-13,24621.75,24633.65,24617.0,24631.15,13:10:00,24604.39404673362,2,48
2025-08-13,24617.4,24631.15,24616.35,24622.55,13:15:00,24605.632708949463,2,49
2025-08-13,24615.55,24617.6,24603.7,24616.8,13:20:00,24606.57721285904,2,50
2025-08-13,24615.15,24619.4,24608.45,24614.2,13:25:00,24607.393668777226,2,51
2025-08-13,24616.8,24626.3,24594.65,24614.65,13:30:00,24608.28950984606,2,52
2025-08-13,24627.8,24631.35,24614.5,24615.65,13:35:00,24610.147651765485,2,53
2025-08-13,24628.55,24632.85,24609.6,24627.4,13:40:00,24611.900256359248,2,54
2025-08-13,24644.3,24644.3,24626.35,24627.9,13:45:00,24614.9859462298,2,55
2025-08-13,24648.4,24653.35,24642.5,24644.05,13:50:00,24618.16823706505,2,56
2025-08-13,24648.85,24653.4,24644.6,24648.35,13:55:00,24621.090309725525,2,57
2025-08-13,24658.5,24664.3,24642.45,24649.85,14:00:00,24624.653137370715,2,58
2025-08-13,24649.25,24658.85,24645.9,24658.85,14:05:00,24626.99569571636,2,59
2025-08-13,24658.15,24663.25,24642.55,24649.1,14:10:00,24629.962772314804,2,60
2025-08-13,24648.05,24658.9,24641.9,24658.9,14:15:00,24631.68536542768,2,61
2025-08-13,24637.55,24650.25,24635.05,24647.5,14:20:00,24632.24390205362,2,62
2025-08-13,24633.55,24646.35,24617.85,24638.25,14:25:00,24632.368292334224,2,63
2025-08-13,24642.4,24645.25,24631.7,24634.2,14:30:00,24633.3236930643,2,64
2025-08-13,24639.65,24644.4,24631.9,24642.35,14:35:00,24633.926198486748,2,65
2025-08-13,24643.35,24645.75,24636.25,24640.4,14:40:00,24634.823703392773,2,66
2025-08-13,24648.4,24652.6,24634.1,24643.85,14:45:00,24636.116684022032,2,67
2025-08-13,24647.95,24654.05,24635.95,24648.0,14:50:00,24637.243666496124,2,68
2025-08-13,24644.2,24651.45,24643.85,24647.9,14:55:00,24637.90617444887,2,69
2025-08-13,24624.1,24645.1,24623.45,24645.1,15:00:00,24636.591300691834,2,70
2025-08-13,24619.4,24624.45,24614.4,24624.35,15:05:00,24634.95403395928,2,71
2025-08-13,24614.75,24624.4,24611.65,24619.7,15:10:00,24633.02984024887,2,72
2025-08-13,24617.45,24622.3,24614.2,24615.3,15:15:00,24631.546045939453,2,73
2025-08-13,24616.3,24618.95,24610.15,24617.3,15:20:00,24630.09404156427,2,74
2025-08-13,24630.4,24635.65,24614.4,24616.8,15:25:00,24630.12318046291,2,75
2025-08-14,24642.2,24663.75,24618.4,24618.4,09:15:00,24629.302422102293,3,1
2025-08-14,24636.2,24643.85,24615.8,24640.15,09:20:00,24629.959334283027,3,2
2025-08-14,24634.55,24639.65,24622.6,24636.0,09:25:00,24630.396540541784,3,3
2025-08-14,24618.25,24638.2,24617.7,24634.0,09:30:00,24629.23972715685,3,4
2025-08-14,24648.0,24648.0,24616.55,24617.25,09:35:00,24631.026419808582,3,5
2025-08-14,24657.55,24663.6,24638.5,24647.65,09:40:00,24633.552475064906,3,6
2025-08-14,24658.05,24672.7,24655.1,24657.1,09:45:00,24635.88557267777,3,7
2025-08-14,24656.3,24660.25,24645.1,24658.75,09:50:00,24637.82980385132,3,8
2025-08-14,24633.65,24658.55,24632.3,24656.3,09:55:00,24637.43172729405,3,9
2025-08-14,24624.55,24647.0,24621.85,24633.45,10:00:00,24636.204896123185,3,10
2025-08-14,24626.65,24643.5,24618.0,24624.65,10:05:00,24635.294906016217,3,11
2025-08-14,24629.4,24640.2,24620.4,24625.8,10:10:00,24634.733486395628,3,12
2025-08-14,24636.15,24642.55,24623.65,24630.2,10:15:00,24634.868392453187,3,13
2025-08-14,24649.1,24654.15,24625.8,24636.15,10:20:00,24636.22378364812,3,14
2025-08-14,24657.85,24673.65,24647.8,24649.55,10:25:00,24638.28342330068,3,15
2025-08-14,24665.8,24667.2,24655.55,24657.8,10:30:00,24640.904049653,3,16
2025-08-14,24655.35,24667.8,24646.65,24665.65,10:35:00,24642.279854447952,3,17
2025-08-14,24656.5,24660.5,24635.55,24654.35,10:40:00,24643.634154024337,3,18
2025-08-14,24659.3,24660.25,24640.85,24656.55,10:45:00,24645.12613935536,3,19
2025-08-14,24644.65,24659.25,24643.4,24658.55,10:50:00,24645.08079275008,3,20
2025-08-14,24646.45,24654.65,24629.35,24644.8,10:55:00,24645.211193440548,3,21
2025-08-14,24659.8,24663.5,24645.75,24645.75,11:00:00,24646.600603589068,3,22
2025-08-14,24655.5,24659.8,24649.85,24659.7,11:05:00,24647.44816515201,3,23
2025-08-14,24646.5,24655.8,24642.2,24655.3,11:10:00,24647.357863708963,3,24
2025-08-14,24650.1,24652.15,24644.9,24646.25,11:15:00,24647.619019546204,3,25
2025-08-14,24639.7,24656.45,24638.1,24650.7,11:20:00,24646.86482720847,3,26
2025-08-14,24635.95,24639.55,24628.5,24639.3,11:25:00,24645.82531985528,3,27
2025-08-14,24633.9,24638.8,24630.45,24635.8,11:30:00,24644.68957510716,3,28
2025-08-14,24636.4,24641.15,24628.55,24634.3,11:35:00,24643.90009176362,3,29
2025-08-14,24618.6,24637.2,24612.8,24637.2,11:40:00,24641.490559214704,3,30
2025-08-14,24607.15,24619.25,24604.1,24619.25,11:45:00,24638.220029765685,3,31
2025-08-14,24622.95,24623.6,24603.85,24606.2,11:50:00,24636.76574121657,3,32
2025-08-14,24631.15,24636.4,24623.55,24623.7,11:55:00,24636.23090871976,3,33
2025-08-14,24630.45,24653.0,24630.1,24630.95,12:00:00,24635.68034598454,3,34
2025-08-14,24643.15,24644.7,24631.4,24631.95,12:05:00,24636.39174160506,3,35
2025-08-14,24629.7,24645.35,24627.45,24643.2,12:10:00,24635.75443288077,3,36
2025-08-14,24632.2,24638.8,24627.75,24630.6,12:15:00,24635.41591546356,3,37
2025-08-14,24641.95,24642.95,24631.05,24632.65,12:20:00,24636.03820922893,3,38
2025-08-14,24642.15,24653.4,24627.8,24643.0,12:25:00,24636.620284540462,3,39
2025-08-14,24648.0,24653.0,24641.3,24642.6,12:30:00,24637.70406696518,3,40
2025-08-14,24652.7,24654.6,24640.8,24647.95,12:35:00,24639.132251063733,3,41
2025-08-14,24640.3,24653.85,24639.55,24652.65,12:40:00,24639.24346524814,3,42
2025-08-14,24642.05,24642.55,24632.3,24640.5,12:45:00,24639.510754272123,3,43
2025-08-14,24650.85,24651.45,24641.55,24642.05,12:50:00,24640.590682436683,3,44
2025-08-14,24662.95,24665.55,24649.9,24650.65,12:55:00,24642.72014125224,3,45
2025-08-14,24655.85,24663.95,24653.25,24663.75,13:00:00,24643.97060399012,3,46
2025-08-14,24652.85,24660.65,24648.05,24655.5,13:05:00,24644.816260752967,3,47
2025-08-14,24652.3,24656.15,24649.1,24652.9,13:10:00,24645.52899782412,3,48
2025-08-14,24644.25,24664.1,24642.95,24653.1,13:15:00,24645.40718850753,3,49
2025-08-14,24635.6,24650.95,24629.0,24643.7,13:20:00,24644.47317055443,3,50
2025-08-14,24632.5,24640.55,24628.9,24635.25,13:25:00,24643.332868596863,3,51
2025-08-14,24632.8,24637.15,24626.4,24632.4,13:30:00,24642.32973825431,3,52
2025-08-14,24647.5,24650.8,24632.55,24633.4,13:35:00,24642.82214413485,3,53
2025-08-14,24651.2,24653.3,24641.65,24647.05,13:40:00,24643.620035169628,3,54
2025-08-14,24643.9,24652.1,24640.85,24650.85,13:45:00,24643.64669848681,3,55
2025-08-14,24648.6,24661.95,24644.25,24644.3,13:50:00,24644.118441488063,3,56
2025-08-14,24645.25,24655.25,24644.25,24648.75,13:55:00,24644.226208965392,3,57
2025-08-14,24638.7,24652.0,24636.85,24645.05,14:00:00,24643.69990334964,3,58
2025-08-14,24646.15,24651.65,24631.35,24638.9,14:05:00,24643.93324588777,3,59
2025-08-14,24637.7,24650.05,24634.15,24646.05,14:10:00,24643.339603422268,3,60
2025-08-14,24625.75,24639.0,24616.65,24636.65,14:15:00,24641.664403096336,3,61
2025-08-14,24622.45,24628.1,24620.0,24626.0,14:20:00,24639.834459944304,3,62
2025-08-14,24627.0,24630.0,24618.35,24622.9,14:25:00,24638.6121304258,3,63
2025-08-14,24629.25,24635.9,24597.1,24627.1,14:30:00,24637.720498956674,3,64
2025-08-14,24630.95,24643.45,24615.2,24627.75,14:35:00,24637.07568953223,3,65
2025-08-14,24625.9,24634.05,24620.25,24631.55,14:40:00,24636.011338148208,3,66
2025-08-14,24645.45,24656.1,24625.1,24625.3,14:45:00,24636.91025832457,3,67
2025-08-14,24652.8,24663.3,24644.35,24645.45,14:50:00,24638.423567055564,3,68
2025-08-14,24647.45,24657.5,24638.2,24652.75,14:55:00,24639.28322733599,3,69
2025-08-14,24637.1,24649.75,24634.1,24647.45,15:00:00,24639.07530092304,3,70
2025-08-14,24637.8,24643.45,24633.5,24636.55,15:05:00,24638.95384369228,3,71
2025-08-14,24630.3,24638.45,24630.0,24637.65,15:10:00,24638.12966810253,3,72
2025-08-14,24628.25,24631.95,24622.15,24630.35,15:15:00,24637.188747330863,3,73
2025-08-14,24625.95,24632.05,24619.2,24627.7,15:20:00,24636.11839044221,3,74
2025-08-14,24616.05,24625.8,24607.25,24624.85,15:25:00,24634.207115162,3,75
2025-08-18,24943.3,24950.55,24884.5,24923.15,09:15:00,24689.838931005623,0,1
2025-08-18,24942.2,24957.0,24937.45,24945.05,09:20:00,24713.8733185289,0,2
2025-08-18,24963.75,24968.4,24937.4,24942.05,09:25:00,24737.671097716626,0,3
2025-08-18,24988.55,24995.15,24963.75,24964.8,09:30:00,24761.564326505515,0,4
2025-08-18,24993.95,24997.95,24983.45,24989.2,09:35:00,24783.696295409754,0,5
2025-08-18,25001.6,25003.7,24989.35,24994.0,09:40:00,24804.44902918025,0,6
2025-08-18,25016.9,25017.35,25000.0,25001.6,09:45:00,24824.68245497261,0,7
2025-08-18,24995.1,25021.25,24993.7,25016.75,09:50:00,24840.91269735617,0,8
2025-08-18,25000.25,25005.15,24989.5,24994.55,09:55:00,24856.087678560347,0,9
2025-08-18,24998.6,25009.7,24997.9,25000.8,10:00:00,24869.660280602217,0,10
2025-08-18,24990.7,25003.55,24985.7,24998.95,10:05:00,24881.187872925813,0,11
2025-08-18,24988.1,24992.9,24982.2,24990.9,10:10:00,24891.36998026621,0,12
2025-08-18,24993.85,24995.2,24980.4,24987.6,10:15:00,24901.12998214562,0,13
2025-08-18,24987.2,25001.15,24982.9,24994.5,10:20:00,24909.32712670318,0,14
2025-08-18,24975.45,24989.0,24971.7,24987.45,10:25:00,24915.62454320764,0,15
2025-08-18,24974.05,24992.85,24970.75,24975.45,10:30:00,24921.18887242596,0,16
2025-08-18,24986.0,24986.2,24972.7,24973.3,10:35:00,24927.361360766343,0,17
2025-08-18,24980.2,24996.55,24980.15,24985.85,10:40:00,24932.393612121927,0,18
2025-08-18,24971.6,24981.65,24970.65,24980.7,10:45:00,24936.1275538246,0,19
2025-08-18,24958.75,24971.45,24958.75,24971.45,10:50:00,24938.282072507973,0,20
2025-08-18,24960.75,24961.75,24954.2,24959.2,10:55:00,24940.421875126263,0,21
2025-08-18,24954.45,24972.5,24953.9,24961.0,11:00:00,24941.757887019,0,22
2025-08-18,24954.0,24955.05,24946.9,24954.45,11:05:00,24942.923802541,0,23
2025-08-18,24957.25,24958.5,24951.55,24954.5,11:10:00,24944.288202299,0,24
2025-08-18,24955.5,24974.05,24952.85,24957.55,11:15:00,24945.35599255624,0,25
2025-08-18,24967.35,24968.35,24949.55,24955.7,11:20:00,24947.45065993184,0,26
2025-08-18,24961.4,24968.5,24952.05,24967.6,11:25:00,24948.779168509755,0,27
2025-08-18,24941.0,24963.15,24940.0,24961.05,11:30:00,24948.038295318347,0,28
2025-08-18,24940.35,24945.05,24932.3,24941.55,11:35:00,24947.3060767166,0,29
2025-08-18,24944.55,24951.8,24938.8,24939.65,11:40:00,24947.04359321978,0,30
2025-08-18,24941.4,24951.9,24940.75,24945.15,11:45:00,24946.506108151232,0,31
2025-08-18,24933.55,24948.35,24932.95,24941.6,11:50:00,24945.272193089208,0,32
2025-08-18,24916.8,24942.85,24915.55,24933.5,11:55:00,24942.56055565214,0,33
2025-08-18,24920.2,24921.65,24912.75,24916.75,12:00:00,24940.430978923363,0,34
2025-08-18,24892.25,24922.4,24891.2,24920.5,12:05:00,24935.842314263995,0,35
2025-08-18,24873.65,24895.35,24873.1,24891.75,12:10:00,24929.919236715043,0,36
2025-08-18,24884.65,24886.8,24852.85,24873.7,12:15:00,24925.60788083742,0,37
2025-08-18,24891.05,24895.5,24882.85,24883.6,12:20:00,24922.316654090995,0,38
2025-08-18,24894.5,24899.2,24891.25,24891.25,12:25:00,24919.66744893947,0,39
2025-08-18,24884.95,24895.1,24882.65,24894.5,12:30:00,24916.36102523095,0,40
2025-08-18,24881.2,24889.6,24876.45,24884.85,12:35:00,24913.012356161336,0,41
2025-08-18,24905.35,24907.55,24881.05,24881.35,12:40:00,24912.28260795549,0,42
2025-08-18,24910.95,24916.0,24904.1,24905.75,12:45:00,24912.155692912114,0,43
2025-08-18,24921.9,24931.6,24907.9,24911.25,12:50:00,24913.08372215858,0,44
2025-08-18,24929.95,24942.2,24920.8,24922.15,12:55:00,24914.69003433395,0,45
2025-08-18,24935.25,24939.4,24924.15,24931.45,13:00:00,24916.648126302145,0,46
2025-08-18,24944.85,24945.75,24932.85,24935.3,13:05:00,24919.33401903528,0,47
2025-08-18,24947.85,24953.65,24943.4,24944.8,13:10:00,24922.049826746203,0,48
2025-08-18,24942.55,24951.7,24941.0,24948.7,13:15:00,24924.002224198943,0,49
2025-08-18,24935.35,24959.25,24930.55,24942.4,13:20:00,24925.082964751426,0,50
2025-08-18,24928.85,24936.6,24927.5,24934.5,13:25:00,24925.4417300132,0,51
2025-08-18,24923.35,24930.6,24915.75,24928.8,13:30:00,24925.242517630984,0,52
2025-08-18,24930.0,24930.3,24920.65,24922.15,13:35:00,24925.69561118993,0,53
2025-08-18,24932.5,24945.15,24926.35,24929.6,13:40:00,24926.343648219467,0,54
2025-08-18,24924.25,24933.0,24922.0,24932.3,13:45:00,24926.144253150946,0,55
2025-08-18,24927.15,24929.6,24921.35,24923.0,13:50:00,24926.24003856514,0,56
2025-08-18,24919.7,24928.5,24909.0,24926.75,13:55:00,24925.617177749413,0,57
2025-08-18,24916.6,24920.3,24892.4,24919.6,14:00:00,24924.758398916136,0,58
2025-08-18,24927.3,24929.1,24915.6,24915.95,14:05:00,24925.00045616222,0,59
2025-08-18,24930.6,24939.5,24925.65,24926.65,14:10:00,24925.53374605153,0,60
2025-08-18,24926.15,24935.15,24923.85,24930.35,14:15:00,24925.592436903768,0,61
2025-08-18,24926.75,24929.05,24921.65,24925.2,14:20:00,24925.70268100817,0,62
2025-08-18,24929.95,24941.05,24924.1,24926.15,14:25:00,24926.10718757882,0,63
2025-08-18,24917.9,24943.8,24914.85,24929.3,14:30:00,24925.325550666552,0,64
2025-08-18,24918.55,24919.3,24905.95,24916.55,14:35:00,24924.680260126883,0,65
2025-08-18,24914.0,24923.6,24911.45,24919.1,14:40:00,24923.66309249575,0,66
2025-08-18,24917.7,24918.9,24899.15,24913.5,14:45:00,24923.095178924726,0,67
2025-08-18,24916.3,24921.9,24911.25,24917.5,14:50:00,24922.44801902713,0,68
2025-08-18,24917.5,24919.1,24911.35,24916.0,14:55:00,24921.97677911979,0,69
2025-08-18,24882.85,24917.65,24878.85,24917.45,15:00:00,24918.250419203618,0,70
2025-08-18,24877.7,24883.35,24875.65,24882.7,15:05:00,24914.38847451756,0,71
2025-08-18,24870.15,24883.0,24869.25,24875.65,15:10:00,24910.175286468264,0,72
2025-08-18,24875.65,24884.1,24868.6,24871.25,15:15:00,24906.887163947475,0,73
2025-08-18,24874.6,24878.35,24866.9,24876.2,15:20:00,24903.81219595248,0,74
2025-08-18,24884.05,24890.4,24871.7,24873.6,15:25:00,24901.93008205224,0,75
2025-08-19,24905.95,24927.75,24888.6,24907.65,09:15:00,24901.40126898154,1,1
2025-08-19,24927.9,24932.45,24893.15,24905.5,09:20:00,24903.924957649964,1,2
2025-08-19,24919.75,24935.55,24912.95,24927.95,09:25:00,24905.432104540443,1,3
2025-08-19,24907.65,24926.55,24900.55,24921.55,09:30:00,24905.64333267945,1,4
2025-08-19,24892.35,24908.7,24889.85,24908.7,09:35:00,24904.377300995693,1,5
2025-08-19,24880.25,24903.15,24878.3,24893.05,09:40:00,24902.07946280563,1,6
2025-08-19,24894.35,24897.25,24874.05,24880.65,09:45:00,24901.343323490808,1,7
2025-08-19,24909.15,24916.65,24894.25,24894.25,09:50:00,24902.086816491683,1,8
2025-08-19,24907.5,24910.5,24899.45,24909.6,09:55:00,24902.60235777819,1,9
2025-08-19,24901.9,24912.35,24896.85,24907.75,10:00:00,24902.535466561218,1,10
2025-08-19,24902.4,24906.25,24897.9,24902.2,10:05:00,24902.52256498396,1,11
2025-08-19,24921.9,24924.7,24901.3,24902.35,10:10:00,24904.368034985488,1,12
2025-08-19,24922.6,24925.1,24902.85,24921.2,10:15:00,24906.10441260592,1,13
2025-08-19,24920.45,24927.5,24918.6,24922.4,10:20:00,24907.4706590244,1,14
2025-08-19,24912.3,24926.1,24912.3,24920.85,10:25:00,24907.93059626017,1,15
2025-08-19,24921.4,24924.85,24909.55,24911.55,10:30:00,24909.213396616346,1,16
2025-08-19,24911.15,24923.15,24902.2,24922.1,10:35:00,24909.39783503384,1,17
2025-08-19,24922.95,24924.45,24909.2,24911.3,10:40:00,24910.688517411567,1,18
2025-08-19,24928.35,24932.95,24907.65,24923.05,10:45:00,24912.370563372373,1,19
2025-08-19,24922.55,24931.2,24920.7,24929.35,10:50:00,24913.340033527384,1,20
2025-08-19,24924.8,24927.55,24920.5,24922.9,10:55:00,24914.43145890573,1,21
2025-08-19,24928.4,24932.25,24924.25,24925.1,11:00:00,24915.7617961528,1,22
2025-08-19,24939.15,24943.45,24925.8,24928.4,11:05:00,24917.98924413825,1,23
2025-08-19,24935.25,24941.1,24932.3,24939.25,11:10:00,24919.63312564889,1,24
2025-08-19,24936.1,24936.2,24930.0,24935.5,11:15:00,24921.20139939661,1,25
2025-08-19,24934.65,24939.6,24933.4,24936.6,11:20:00,24922.4822185017,1,26
2025-08-19,24934.75,24936.5,24927.3,24935.1,11:25:00,24923.6505786444,1,27
2025-08-19,24938.95,24950.3,24934.75,24935.25,11:30:00,24925.10766639255,1,28
2025-08-19,24956.6,24958.65,24936.6,24939.35,11:35:00,24928.106936259923,1,29
2025-08-19,24947.55,24957.05,24945.75,24956.4,11:40:00,24929.95865661612,1,30
2025-08-19,24953.55,24956.2,24947.35,24947.7,11:45:00,24932.20545122411,1,31
2025-08-19,24957.05,24957.75,24951.4,24953.4,11:50:00,24934.57159872657,1,32
2025-08-19,24956.15,24960.75,24954.4,24957.35,11:55:00,24936.626684562136,1,33
2025-08-19,24963.5,24973.7,24951.9,24955.95,12:00:00,24939.18604793717,1,34
2025-08-19,24966.15,24966.8,24960.75,24963.75,12:05:00,24941.75404337173,1,35
2025-08-19,24973.5,24975.65,24965.4,24966.4,12:10:00,24944.77746781252,1,36
2025-08-19,24987.35,24987.95,24971.65,24974.3,12:15:00,24948.83199468752,1,37
2025-08-19,24989.75,25011.95,24986.4,24987.7,12:20:00,24952.72894757442,1,38
2025-08-19,24992.8,25000.5,24988.75,24990.1,12:25:00,24956.54523828161,1,39
2025-08-19,25004.0,25005.65,24992.2,24993.75,12:30:00,24961.06473939765,1,40
2025-08-19,25001.8,25010.75,24998.2,25004.0,12:35:00,24964.944288026447,1,41
2025-08-19,24984.5,25004.65,24970.9,25001.85,12:40:00,24966.806736785835,1,42
2025-08-19,24980.95,24987.05,24978.3,24984.15,12:45:00,24968.1537142348,1,43
2025-08-19,24991.4,24991.75,24979.95,24980.8,12:50:00,24970.36764621244,1,44
2025-08-19,24991.4,25003.65,24987.3,24990.65,12:55:00,24972.370727525544,1,45
2025-08-19,24986.35,24992.3,24982.75,24991.65,13:00:00,24973.702086808826,1,46
2025-08-19,24983.0,24993.1,24980.9,24986.35,13:05:00,24974.58760235084,1,47
2025-08-19,24986.25,24986.6,24982.0,24983.1,13:10:00,24975.69830688885,1,48
2025-08-19,24990.15,25004.55,24984.3,24986.0,13:15:00,24977.07465861372,1,49
2025-08-19,24984.75,24992.95,24984.75,24990.15,13:20:00,24977.80564350765,1,50
2025-08-19,24984.5,24986.6,24978.55,24984.25,13:25:00,24978.44320126883,1,51
2025-08-19,24970.7,24995.4,24969.9,24984.9,13:30:00,24977.705753528942,1,52
2025-08-19,24967.85,24977.95,24966.8,24971.05,13:35:00,24976.767110335702,1,53
2025-08-19,24975.85,24978.75,24956.65,24967.95,13:40:00,24976.679766494213,1,54
2025-08-19,24969.5,24977.05,24958.65,24976.35,13:45:00,24975.99597920905,1,55
2025-08-19,24955.35,24970.9,24939.55,24969.25,13:50:00,24974.029695474856,1,56
2025-08-19,24949.4,24956.9,24944.5,24954.85,13:55:00,24971.684010191537,1,57
2025-08-19,24949.45,24957.15,24946.05,24950.35,14:00:00,24969.5664854114,1,58
2025-08-19,24939.65,24950.3,24920.05,24949.05,14:05:00,24966.7172963246,1,59
2025-08-19,24938.9,24946.1,24935.05,24939.6,14:10:00,24964.06803000797,1,60
2025-08-19,24950.3,24951.5,24922.55,24940.0,14:15:00,24962.75678905483,1,61
2025-08-19,24962.9,24964.15,24947.25,24950.5,14:20:00,24962.770428192467,1,62
2025-08-19,24974.65,24981.3,24961.7,24963.0,14:25:00,24963.90181598366,1,63
2025-08-19,24979.55,24981.35,24970.2,24974.3,14:30:00,24965.39211922331,1,64
2025-08-19,24987.5,24995.4,24978.7,24979.55,14:35:00,24967.49763167824,1,65
2025-08-19,24973.2,24993.75,24972.4,24987.45,14:40:00,24968.040714375547,1,66
2025-08-19,24973.1,24974.1,24950.35,24972.7,14:45:00,24968.522551101683,1,67
2025-08-19,24968.45,24978.3,24953.6,24972.95,14:50:00,24968.51564147296,1,68
2025-08-19,24972.8,24973.55,24966.8,24968.55,14:55:00,24968.923675618385,1,69
2025-08-19,24975.1,24980.45,24968.0,24972.95,15:00:00,24969.51189698806,1,70
2025-08-19,24974.15,24979.3,24969.4,24975.2,15:05:00,24969.953621084434,1,71
2025-08-19,24975.6,24978.1,24970.15,24973.1,15:10:00,24970.49137145735,1,72
2025-08-19,24984.65,24986.2,24973.05,24975.7,15:15:00,24971.839812270933,1,73
2025-08-19,24992.8,24993.65,24982.45,24985.85,15:20:00,24973.836020626084,1,74
2025-08-19,24989.7,24995.65,24983.9,24993.2,15:25:00,24975.34687580456,1,75
2025-08-20,24943.7,24976.3,24941.9,24974.5,09:15:00,24971.510254343408,2,1
2025-08-20,24943.3,24951.65,24933.95,24942.9,09:20:00,24968.82356345356,2,2
2025-08-20,24938.05,24946.1,24933.2,24943.4,09:25:00,24965.89274788655,2,3
2025-08-20,24956.3,24956.3,24930.05,24937.65,09:30:00,24964.979152849737,2,4
2025-08-20,24946.6,24959.65,24942.55,24954.85,09:35:00,24963.228757340235,2,5
2025-08-20,24966.85,24973.2,24945.35,24946.2,09:40:00,24963.573637593545,2,6
2025-08-20,24985.7,24985.85,24965.7,24966.65,09:45:00,24965.68091020368,2,7
2025-08-20,24972.15,24991.5,24968.05,24985.75,09:50:00,24966.297013993808,2,8
2025-08-20,24976.95,24978.8,24947.35,24972.15,09:55:00,24967.311584089635,2,9
2025-08-20,24989.95,24990.1,24973.7,24977.2,10:00:00,24969.467623700148,2,10
2025-08-20,24985.0,24989.05,24979.4,24988.8,10:05:00,24970.94689763347,2,11
2025-08-20,24995.5,24995.5,24976.7,24984.95,10:10:00,24973.28528833504,2,12
2025-08-20,24998.95,25001.3,24985.95,24995.7,10:15:00,24975.72954658885,2,13
2025-08-20,24998.15,25001.45,24988.3,24998.35,10:20:00,24977.8648278661,2,14
2025-08-20,25001.25,25002.75,24992.35,24997.15,10:25:00,24980.091987116943,2,15
2025-08-20,25002.75,25003.7,24992.8,25001.05,10:30:00,24982.24989310581,2,16
2025-08-20,25010.9,25015.0,25001.9,25002.3,10:35:00,24984.978474714782,2,17
2025-08-20,25010.95,25018.85,24995.6,25011.3,10:40:00,24987.45195331337,2,18
2025-08-20,25017.9,25018.6,25006.15,25011.25,10:45:00,24990.351767283533,2,19
2025-08-20,25005.6,25020.0,25001.8,25017.15,10:50:00,24991.8039799232,2,20
2025-08-20,24991.7,25005.45,24990.8,25004.35,10:55:00,24991.79407707337,2,21
2025-08-20,25000.5,25003.2,24987.2,24991.6,11:00:00,24992.62321259019,2,22
2025-08-20,25010.85,25015.45,24999.95,24999.95,11:05:00,24994.35909710541,2,23
2025-08-20,25028.05,25029.5,25009.0,25010.2,11:10:00,24997.567754523945,2,24
2025-08-20,25013.4,25030.65,25013.4,25027.65,11:15:00,24999.07558742643,2,25
2025-08-20,25010.25,25022.2,25009.35,25013.65,11:20:00,25000.13981719534,2,26
2025-08-20,25022.6,25023.0,25008.7,25010.05,11:25:00,25002.27888222436,2,27
2025-08-20,25023.2,25027.35,25018.65,25021.95,11:30:00,25004.27136963156,2,28
2025-08-20,25018.4,25025.45,25015.9,25022.95,11:35:00,25005.61695347617,2,29
2025-08-20,25019.5,25021.2,25013.05,25017.4,11:40:00,25006.939148383204,2,30
2025-08-20,25019.05,25025.55,25015.3,25018.7,11:45:00,25008.09256282289,2,31
2025-08-20,25016.2,25023.75,25015.9,25018.75,11:50:00,25008.864699696907,2,32
2025-08-20,25033.7,25035.2,25016.15,25016.35,11:55:00,25011.22996639244,2,33
2025-08-20,25030.2,25039.75,25030.05,25033.1,12:00:00,25013.03663625983,2,34
2025-08-20,25031.0,25035.4,25025.55,25029.95,12:05:00,25014.747432806515,2,35
2025-08-20,25037.1,25043.2,25029.7,25030.3,12:10:00,25016.876248729703,2,36
2025-08-20,25036.9,25045.9,25029.9,25036.15,12:15:00,25018.783272660206,2,37
2025-08-20,25039.1,25042.15,25034.3,25037.4,12:20:00,25020.718199073523,2,38
2025-08-20,25039.6,25050.45,25032.1,25038.1,12:25:00,25022.516465828427,2,39
2025-08-20,25041.0,25042.45,25035.95,25038.2,12:30:00,25024.276802416192,2,40
2025-08-20,25049.15,25049.6,25039.75,25040.75,12:35:00,25026.64567837656,2,41
2025-08-20,25046.15,25049.5,25041.1,25047.9,12:40:00,25028.50323281688,2,42
2025-08-20,25052.3,25052.3,25041.5,25044.35,12:45:00,25030.76959159623,2,43
2025-08-20,25056.4,25056.4,25050.3,25050.5,12:50:00,25033.210582872776,2,44
2025-08-20,25058.6,25059.5,25051.45,25054.6,12:55:00,25035.62862259918,2,45
2025-08-20,25058.5,25059.95,25052.25,25058.0,13:00:00,25037.806849018303,2,46
2025-08-20,25047.15,25063.25,25043.85,25057.8,13:05:00,25038.696672921324,2,47
2025-08-20,25053.3,25054.9,25042.7,25045.35,13:10:00,25040.08746597644,2,48
2025-08-20,25060.3,25062.75,25047.05,25052.05,13:15:00,25042.012469216774,2,49
2025-08-20,25044.3,25061.55,25031.35,25057.8,13:20:00,25042.230329291368,2,50
2025-08-20,25034.4,25045.2,25031.85,25041.75,13:25:00,25041.48458364457,2,51
2025-08-20,25047.8,25049.3,25032.3,25032.3,13:30:00,25042.086051868897,2,52
2025-08-20,25055.5,25055.5,25045.8,25045.8,13:35:00,25043.36357073853,2,53
2025-08-20,25050.7,25059.95,25047.3,25054.7,13:40:00,25044.06227828724,2,54
2025-08-20,25059.1,25060.45,25044.6,25047.45,13:45:00,25045.49444225988,2,55
2025-08-20,25059.9,25066.05,25057.25,25057.45,13:50:00,25046.866400139894,2,56
2025-08-20,25064.5,25064.5,25052.2,25058.95,13:55:00,25048.54579060276,2,57
2025-08-20,25069.6,25073.05,25061.35,25063.45,14:00:00,25050.550953402493,2,58
2025-08-20,25072.65,25078.05,25067.35,25068.9,14:05:00,25052.655624507017,2,59
2025-08-20,25071.7,25084.95,25069.65,25071.45,14:10:00,25054.469374553966,2,60
2025-08-20,25073.9,25074.65,25067.7,25071.05,14:15:00,25056.319910310733,2,61
2025-08-20,25067.6,25076.05,25064.85,25073.15,14:20:00,25057.39420456685,2,62
2025-08-20,25066.45,25070.7,25060.5,25066.6,14:25:00,25058.25666127477,2,63
2025-08-20,25065.75,25065.85,25044.65,25065.5,14:30:00,25058.970312581936,2,64
2025-08-20,25072.4,25072.7,25064.0,25065.45,14:35:00,25060.24933043128,2,65
2025-08-20,25074.45,25079.2,25070.0,25071.6,14:40:00,25061.601775152103,2,66
2025-08-20,25078.15,25080.45,25067.85,25074.4,14:45:00,25063.17779656619,2,67
2025-08-20,25076.95,25087.85,25071.35,25078.45,14:50:00,25064.489434988456,2,68
2025-08-20,25074.3,25082.4,25068.6,25076.7,14:55:00,25065.423774513365,2,69
2025-08-20,25054.55,25073.95,25052.4,25072.3,15:00:00,25064.388176940665,2,70
2025-08-20,25057.9,25063.25,25053.85,25054.35,15:05:00,25063.77025532727,2,71
2025-08-20,25048.75,25059.8,25048.15,25057.25,15:10:00,25062.33975481991,2,72
2025-08-20,25040.75,25049.7,25038.55,25048.6,15:15:00,25060.283587694204,2,73
2025-08-20,25047.95,25049.5,25038.2,25041.05,15:20:00,25059.10896029476,2,74
2025-08-20,25047.15,25059.65,25039.05,25048.5,15:25:00,25057.97001169526,2,75
2025-08-21,25074.4,25138.3,25069.55,25138.3,09:15:00,25066.775451750545,3,1
2025-08-21,25065.95,25084.0,25059.7,25074.7,09:20:00,25066.69683729811,3,2
2025-08-21,25065.3,25076.8,25059.0,25065.4,09:25:00,25066.563805174483,3,3
2025-08-21,25071.75,25086.65,25064.55,25065.7,09:30:00,25067.0577284912,3,4
2025-08-21,25057.0,25076.3,25057.0,25071.05,09:35:00,25066.09984958728,3,5
2025-08-21,25060.1,25072.0,25054.9,25056.85,09:40:00,25065.52843534087,3,6
2025-08-21,25092.65,25093.7,25058.5,25060.75,09:45:00,25068.111441498884,3,7
2025-08-21,25095.05,25098.4,25085.9,25092.35,09:50:00,25070.67701849899,3,8
2025-08-21,25104.35,25110.85,25092.1,25095.15,09:55:00,25073.88396911813,3,9
2025-08-21,25127.8,25130.05,25100.75,25104.75,10:00:00,25079.01882920212,3,10
2025-08-21,25119.15,25135.05,25117.85,25128.3,10:05:00,25082.840845468585,3,11
2025-08-21,25115.15,25122.5,25113.25,25119.85,10:10:00,25085.91790780492,3,12
2025-08-21,25123.65,25127.85,25113.0,25115.2,10:15:00,25089.511440394923,3,13
2025-08-21,25122.95,25127.65,25119.05,25123.2,10:20:00,25092.696065119217,3,14
2025-08-21,25132.3,25137.55,25121.35,25122.6,10:25:00,25096.4678684412,3,15
2025-08-21,25142.25,25145.6,25130.05,25133.65,10:30:00,25100.828071446795,3,16
2025-08-21,25137.8,25145.1,25135.15,25142.9,10:35:00,25104.34920749948,3,17
2025-08-21,25135.8,25139.95,25130.0,25138.05,10:40:00,25107.344521070954,3,18
2025-08-21,25131.35,25136.45,25117.9,25136.45,10:45:00,25109.63075715944,3,19
2025-08-21,25127.1,25133.3,25122.95,25132.2,10:50:00,25111.294494572823,3,20
2025-08-21,25127.75,25129.65,25126.1,25127.65,10:55:00,25112.86168556589,3,21
2025-08-21,25115.85,25137.4,25115.55,25128.15,11:00:00,25113.14628694057,3,22
2025-08-21,25119.05,25121.85,25113.85,25116.65,11:05:00,25113.708545327183,3,23
2025-08-21,25120.4,25122.85,25117.95,25119.55,11:10:00,25114.345826724595,3,24
2025-08-21,25126.8,25129.0,25115.85,25121.0,11:15:00,25115.53193846511,3,25
2025-08-21,25131.05,25133.15,25126.3,25127.8,11:20:00,25117.00984908748,3,26
2025-08-21,25121.95,25132.1,25120.35,25131.6,11:25:00,25117.480339650578,3,27
2025-08-21,25119.5,25122.4,25112.0,25121.75,11:30:00,25117.672688255283,3,28
2025-08-21,25124.55,25126.7,25117.2,25119.45,11:35:00,25118.32767032621,3,29
2025-08-21,25128.65,25129.8,25122.85,25124.85,11:40:00,25119.31074934276,3,30
2025-08-21,25113.85,25129.75,25113.75,25129.5,11:45:00,25118.790677976784,3,31
2025-08-21,25107.05,25115.8,25105.65,25114.05,11:50:00,25117.67251816947,3,32
2025-08-21,25105.55,25108.5,25100.9,25108.15,11:55:00,25116.51799262952,3,33
2025-08-21,25112.9,25115.4,25096.0,25105.8,12:00:00,25116.1734219029,3,34
2025-08-21,25112.4,25120.8,25112.0,25112.4,12:05:00,25115.81404838834,3,35
2025-08-21,25106.8,25113.45,25106.35,25112.1,12:10:00,25114.95556758945,3,36
2025-08-21,25101.6,25108.5,25098.15,25107.65,12:15:00,25113.68360877141,3,37
2025-08-21,25110.6,25113.05,25100.85,25102.6,12:20:00,25113.38993174556,3,38
2025-08-21,25096.25,25111.25,25093.05,25110.9,12:25:00,25111.757557293604,3,39
2025-08-21,25113.6,25121.85,25090.85,25096.1,12:30:00,25111.933028027543,3,40
2025-08-21,25121.45,25125.5,25111.3,25113.65,12:35:00,25112.839406310635,3,41
2025-08-21,25122.55,25124.2,25118.4,25123.1,12:40:00,25113.764224757244,3,42
2025-08-21,25125.75,25128.4,25121.1,25122.75,12:45:00,25114.90572716132,3,43
2025-08-21,25113.9,25127.55,25101.65,25126.2,12:50:00,25114.809943622146,3,44
2025-08-21,25118.25,25119.4,25107.1,25114.05,12:55:00,25115.13756803908,3,45
2025-08-21,25118.05,25120.85,25106.25,25117.55,13:00:00,25115.41494251155,3,46
2025-08-21,25115.4,25120.55,25113.3,25118.15,13:05:00,25115.41351941521,3,47
2025-08-21,25118.6,25120.2,25113.25,25116.2,13:10:00,25115.71699375662,3,48
2025-08-21,25117.75,25121.15,25116.5,25119.1,13:15:00,25115.91061339885,3,49
2025-08-21,25108.25,25118.7,25106.15,25117.85,13:20:00,25115.18103117039,3,50
2025-08-21,25099.95,25112.35,25097.75,25108.55,13:25:00,25113.73045677321,3,51
2025-08-21,25095.7,25105.5,25084.35,25100.2,13:30:00,25112.013270413856,3,52
2025-08-21,25084.95,25096.55,25083.55,25096.2,13:35:00,25109.435816088728,3,53
2025-08-21,25092.55,25093.5,25075.25,25084.8,13:40:00,25107.827643127897,3,54
2025-08-21,25110.05,25111.85,25087.35,25092.15,13:45:00,25108.039296163337,3,55
2025-08-21,25112.15,25119.1,25107.65,25111.3,13:50:00,25108.430791766827,3,56
2025-08-21,25118.05,25118.05,25101.15,25111.8,13:55:00,25109.34690683665,3,57
2025-08-21,25116.75,25127.45,25114.3,25119.2,14:00:00,25110.0519633284,3,58
2025-08-21,25123.45,25124.95,25114.85,25117.3,14:05:00,25111.327966820936,3,59
2025-08-21,25125.35,25126.3,25116.25,25123.75,14:10:00,25112.66339855228,3,60
2025-08-21,25138.4,25152.1,25124.0,25125.65,14:15:00,25115.11450345206,3,61
2025-08-21,25130.85,25141.0,25129.0,25138.25,14:20:00,25116.61312217091,3,62
2025-08-21,25123.7,25133.35,25120.4,25130.4,14:25:00,25117.288062916537,3,63
2025-08-21,25124.5,25128.45,25120.5,25124.45,14:30:00,25117.97491406734,3,64
2025-08-21,25104.95,25125.3,25095.0,25124.0,14:35:00,25116.734446060927,3,65
2025-08-21,25105.7,25115.2,25100.15,25104.5,14:40:00,25115.68354643608,3,66
2025-08-21,25102.15,25118.35,25099.1,25105.3,14:45:00,25114.39463725169,3,67
2025-08-21,25102.7,25107.55,25100.55,25102.05,14:50:00,25113.28086227534,3,68
2025-08-21,25103.75,25106.0,25095.75,25101.85,14:55:00,25112.373161106258,3,69
2025-08-21,25084.65,25105.4,25083.15,25103.3,15:00:00,25109.73286004852,3,70
2025-08-21,25084.2,25093.9,25080.9,25084.15,15:05:00,25107.30115909152,3,71
2025-08-21,25081.5,25090.55,25078.9,25083.05,15:10:00,25104.843905844707,3,72
2025-08-21,25079.2,25086.25,25077.8,25081.45,15:15:00,25102.401629097592,3,73
2025-08-21,25078.85,25082.15,25068.55,25078.5,15:20:00,25100.158616802582,3,74
2025-08-21,25076.95,25081.05,25071.45,25078.15,15:25:00,25097.9482723452,3,75
2025-08-22,25022.5,25079.55,25021.35,25070.65,09:15:00,25087.85039981092,4,1
2025-08-22,24996.9,25023.1,24996.9,25022.25,09:20:00,25079.188456971784,4,2
2025-08-22,24986.8,25000.85,24985.6,24996.85,09:25:00,25070.389556307804,4,3
2025-08-22,24964.5,24986.9,24951.0,24986.9,09:30:00,25060.30483665944,4,4
2025-08-22,24964.05,24968.35,24956.15,24965.05,09:35:00,25051.137709358543,4,5
2025-08-22,24981.25,24981.25,24958.65,24963.75,09:40:00,25044.481737038685,4,6
2025-08-22,24971.05,24985.65,24970.35,24981.1,09:45:00,25037.488238273098,4,7
2025-08-22,24972.6,24984.1,24959.7,24970.95,09:50:00,25031.30840605661,4,8
2025-08-22,24961.0,24974.3,24953.2,24973.5,09:55:00,25024.61236738456,4,9
2025-08-22,24959.35,24961.75,24946.0,24960.85,10:00:00,25018.39690382412,4,10
2025-08-22,24967.5,24969.65,24955.2,24958.9,10:05:00,25013.5495796504,4,11
2025-08-22,24961.4,24970.7,24959.55,24967.5,10:10:00,25008.582953017023,4,12
2025-08-22,24931.9,24961.3,24928.75,24960.45,10:15:00,25001.27981463445,4,13
2025-08-22,24920.5,24936.35,24914.15,24931.75,10:20:00,24993.58649895498,4,14
2025-08-22,24932.2,24938.55,24904.3,24918.85,10:25:00,24987.74016572117,4,15
2025-08-22,24923.95,24934.6,24920.95,24932.3,10:30:00,24981.664911842967,4,16
2025-08-22,24923.7,24934.15,24922.6,24923.5,10:35:00,24976.1444440484,4,17
2025-08-22,24914.45,24923.7,24909.3,24923.7,10:40:00,24970.268782710456,4,18
2025-08-22,24912.6,24921.2,24906.15,24914.55,10:45:00,24964.77651769041,4,19
2025-08-22,24909.0,24915.5,24907.95,24912.45,10:50:00,24959.464468386566,4,20
2025-08-22,24910.45,24912.95,24905.1,24908.75,10:55:00,24954.796423778324,4,21
2025-08-22,24912.6,24917.65,24897.9,24910.75,11:00:00,24950.77771675181,4,22
2025-08-22,24923.65,24925.35,24912.5,24912.9,11:05:00,24948.194124680213,4,23
2025-08-22,24909.05,24923.65,24906.4,24923.2,11:10:00,24944.466112805905,4,24
2025-08-22,24908.55,24909.25,24893.6,24909.2,11:15:00,24941.04553063392,4,25
2025-08-22,24922.9,24925.25,24908.0,24909.75,11:20:00,24939.317384859256,4,26
2025-08-22,24920.7,24923.9,24914.35,24922.4,11:25:00,24937.54430058695,4,27
2025-08-22,24920.75,24926.6,24913.35,24920.7,11:30:00,24935.944843388195,4,28
2025-08-22,24928.05,24930.05,24918.95,24920.6,11:35:00,24935.1929535417,4,29
2025-08-22,24936.65,24937.9,24926.05,24927.95,11:40:00,24935.331719871065,4,30
2025-08-22,24938.8,24943.15,24930.05,24936.5,11:45:00,24935.6620322643,4,31
2025-08-22,24943.15,24943.15,24935.15,24938.85,11:50:00,24936.37517204865,4,32
2025-08-22,24950.75,24950.85,24935.9,24943.25,11:55:00,24937.74420328212,4,33
2025-08-22,24956.7,24958.2,24933.95,24951.15,12:00:00,24939.549517255244,4,34
2025-08-22,24940.0,24959.15,24931.55,24955.25,12:05:00,24939.592420373792,4,35
2025-08-22,24925.5,24943.35,24922.05,24939.95,12:10:00,24938.250285100097,4,36
2025-08-22,24917.25,24927.85,24915.25,24926.15,12:15:00,24936.250257947708,4,37
2025-08-22,24918.15,24924.05,24914.45,24917.65,12:20:00,24934.526423857453,4,38
2025-08-22,24926.1,24929.65,24914.4,24918.3,12:25:00,24933.7239072996,4,39
2025-08-22,24930.05,24931.15,24920.15,24926.0,12:30:00,24933.374011366304,4,40
2025-08-22,24922.55,24933.95,24920.7,24930.3,12:35:00,24932.34315314094,4,41
2025-08-22,24923.5,24924.9,24916.5,24922.9,12:40:00,24931.5009480799,4,42
2025-08-22,24925.15,24926.8,24918.65,24923.3,12:45:00,24930.896095881813,4,43
2025-08-22,24926.3,24929.95,24922.15,24924.9,12:50:00,24930.45837246449,4,44
2025-08-22,24919.1,24929.15,24916.45,24926.35,12:55:00,24929.37662270597,4,45
2025-08-22,24919.35,24922.3,24913.3,24918.5,13:00:00,24928.421706257788,4,46
2025-08-22,24919.2,24920.5,24912.65,24919.35,13:05:00,24927.54344851895,4,47
2025-08-22,24921.7,24925.9,24916.55,24918.65,13:10:00,24926.986929612383,4,48
2025-08-22,24922.9,24924.75,24917.4,24920.35,13:15:00,24926.59769822073,4,49
2025-08-22,24933.4,24934.25,24919.85,24922.7,13:20:00,24927.245536485425,4,50
2025-08-22,24932.15,24937.7,24930.7,24933.25,13:25:00,24927.71262824872,4,51
2025-08-22,24935.85,24935.85,24929.3,24932.0,13:30:00,24928.48761603456,4,52
2025-08-22,24947.05,24952.15,24933.75,24936.15,13:35:00,24930.255462126504,4,53
2025-08-22,24943.55,24951.05,24939.85,24947.05,13:40:00,24931.521608590647,4,54
2025-08-22,24941.35,24946.45,24936.55,24943.5,13:45:00,24932.45764586773,4,55
2025-08-22,24941.05,24943.95,24937.45,24941.45,13:50:00,24933.27596530889,4,56
2025-08-22,24930.8,24944.05,24930.5,24940.85,13:55:00,24933.040159089,4,57
2025-08-22,24923.95,24932.95,24923.25,24930.9,14:00:00,24932.17442965196,4,58
2025-08-22,24930.45,24933.5,24921.7,24923.75,14:05:00,24932.01019825653,4,59
2025-08-22,24922.0,24932.8,24919.3,24930.45,14:10:00,24931.05684604162,4,60
2025-08-22,24908.0,24922.5,24904.1,24921.9,14:15:00,24928.860955942426,4,61
2025-08-22,24900.05,24913.15,24898.8,24906.7,14:20:00,24926.11705537648,4,62
2025-08-22,24905.7,24908.1,24890.25,24899.05,14:25:00,24924.17257391205,4,63
2025-08-22,24878.45,24906.45,24874.2,24905.7,14:30:00,24919.81804306329,4,64
2025-08-22,24886.7,24887.95,24875.45,24877.9,14:35:00,24916.66394372393,4,65
2025-08-22,24888.2,24891.95,24881.85,24886.3,14:40:00,24913.953091940697,4,66
2025-08-22,24886.75,24893.75,24880.65,24888.05,14:45:00,24911.36232127968,4,67
2025-08-22,24895.65,24896.95,24884.8,24886.85,14:50:00,24909.86590972924,4,68
2025-08-22,24893.05,24898.3,24892.1,24895.35,14:55:00,24908.26439451693,4,69
2025-08-22,24870.05,24893.3,24866.55,24893.3,15:00:00,24904.624928372457,4,70
2025-08-22,24871.65,24877.1,24870.05,24870.4,15:05:00,24901.48445900365,4,71
2025-08-22,24873.3,24874.25,24865.85,24872.3,15:10:00,24898.800224812825,4,72
2025-08-22,24870.75,24876.75,24869.15,24873.4,15:15:00,24896.12877483065,4,73
2025-08-22,24866.0,24872.3,24865.4,24870.5,15:20:00,24893.25936770392,4,74
2025-08-22,24869.45,24873.0,24860.5,24865.75,15:25:00,24890.991808874976,4,75
2025-08-25,24923.8,24957.25,24915.6,24949.15,09:15:00,24899.127761913533,0,1
2025-08-25,24933.6,24936.6,24917.1,24922.9,09:20:00,24902.410832207483,0,2
2025-08-25,24947.3,24950.9,24925.15,24933.25,09:25:00,24906.685991044866,0,3
2025-08-25,24957.3,24957.3,24943.45,24947.8,09:30:00,24911.50637285012,0,4
2025-08-25,24966.25,24967.55,24951.95,24957.55,09:35:00,24916.7200516263,0,5
2025-08-25,24968.1,24973.8,24962.1,24966.6,09:40:00,24921.613380042843,0,6
2025-08-25,24955.4,24968.8,24951.5,24967.4,09:45:00,24924.8311533721,0,7
2025-08-25,24948.6,24954.55,24941.1,24954.35,09:50:00,24927.094853050945,0,8
2025-08-25,24925.95,24951.3,24924.5,24948.55,09:55:00,24926.985819427045,0,9
2025-08-25,24918.7,24931.2,24914.6,24925.9,10:00:00,24926.196693767328,0,10
2025-08-25,24905.25,24919.2,24903.75,24917.4,10:05:00,24924.2017705514,0,11
2025-08-25,24906.25,24914.15,24899.05,24905.4,10:10:00,24922.492078117928,0,12
2025-08-25,24919.55,24919.55,24894.5,24905.95,10:15:00,24922.211880201936,0,13
2025-08-25,24927.95,24929.7,24916.9,24919.25,10:20:00,24922.75836780175,0,14
2025-08-25,24914.7,24931.65,24911.65,24927.55,10:25:00,24921.990904201582,0,15
2025-08-25,24927.2,24936.9,24913.85,24914.3,10:30:00,24922.487008563337,0,16
2025-08-25,24945.2,24946.55,24926.5,24928.1,10:35:00,24924.650150604924,0,17
2025-08-25,24936.6,24946.55,24934.7,24945.45,10:40:00,24925.788231499693,0,18
2025-08-25,24944.6,24945.1,24934.55,24937.4,10:45:00,24927.579828499725,0,19
2025-08-25,24954.8,24954.9,24943.4,24945.05,10:50:00,24930.172225785464,0,20
2025-08-25,24949.4,24954.6,24946.0,24954.55,10:55:00,24932.003442377325,0,21
2025-08-25,24958.45,24960.2,24944.3,24948.9,11:00:00,24934.52216215091,0,22
2025-08-25,24953.75,24961.85,24951.75,24959.5,11:05:00,24936.35338480321,0,23
2025-08-25,24950.45,24954.35,24945.1,24954.35,11:10:00,24937.695919583854,0,24
2025-08-25,24948.0,24957.3,24947.25,24950.8,11:15:00,24938.677260575867,0,25
2025-08-25,24946.1,24948.75,24941.7,24948.05,11:20:00,24939.38418814007,0,26
2025-08-25,24949.3,24953.7,24945.75,24945.75,11:25:00,24940.328551174345,0,27
2025-08-25,24949.15,24958.2,24946.8,24948.9,11:30:00,24941.16868915774,0,28
2025-08-25,24946.9,24954.2,24944.45,24949.6,11:35:00,24941.71452828557,0,29
2025-08-25,24961.3,24961.95,24946.2,24946.35,11:40:00,24943.579811306,0,30
2025-08-25,24956.45,24973.45,24950.9,24961.4,11:45:00,24944.80554356257,0,31
2025-08-25,24951.5,24957.3,24948.3,24956.05,11:50:00,24945.443110842327,0,32
2025-08-25,24964.15,24964.6,24951.3,24951.9,11:55:00,24947.22471933353,0,33
2025-08-25,24967.65,24969.8,24961.2,24964.3,12:00:00,24949.169984158914,0,34
2025-08-25,24968.4,24971.4,24963.9,24968.75,12:05:00,24951.001414239017,0,35
2025-08-25,24973.1,24973.9,24962.8,24969.9,12:10:00,24953.106041454343,0,36
2025-08-25,24978.8,24980.05,24969.75,24973.45,12:15:00,24955.55308512536,0,37
2025-08-25,24977.95,24982.8,24971.75,24980.1,12:20:00,24957.68612463723,0,38
2025-08-25,24975.65,24982.45,24973.1,24978.75,12:25:00,24959.396969909874,0,39
2025-08-25,24977.75,24982.25,24969.95,24976.3,12:30:00,24961.144877537503,0,40
2025-08-25,24978.7,24985.1,24976.7,24978.75,12:35:00,24962.816793962505,0,41
2025-08-25,24981.35,24984.4,24976.65,24978.7,12:40:00,24964.581861204173,0,42
2025-08-25,24991.1,24993.8,24981.3,24981.7,12:45:00,24967.107398232347,0,43
2025-08-25,24988.55,24996.5,24987.4,24992.2,12:50:00,24969.149550781647,0,44
2025-08-25,24989.6,24993.65,24986.3,24992.3,12:55:00,24971.097212611967,0,45
2025-08-25,24993.5,24997.3,24988.05,24989.95,13:00:00,24973.230811410827,0,46
2025-08-25,24994.95,24997.7,24989.8,24994.5,13:05:00,24975.299305562177,0,47
2025-08-25,25000.85,25002.85,24994.1,24996.5,13:10:00,24977.73270503245,0,48
2025-08-25,24995.15,25003.3,24994.55,25001.8,13:15:00,24979.391495029355,0,49
2025-08-25,24989.7,24997.85,24986.0,24995.25,13:20:00,24980.37325740751,0,50
2025-08-25,24987.95,24995.9,24986.05,24990.8,13:25:00,24981.094851940128,0,51
2025-08-25,24988.25,24993.9,24986.5,24988.35,13:30:00,24981.776294612497,0,52
2025-08-25,24992.4,24997.45,24988.6,24988.95,13:35:00,24982.788076077974,0,53
2025-08-25,24996.45,24998.95,24989.9,24992.9,13:40:00,24984.089211689592,0,54
2025-08-25,25003.7,25006.4,24993.7,24996.8,13:45:00,24985.9569058144,0,55
2025-08-25,25008.25,25010.75,25003.1,25005.8,13:50:00,24988.0800576416,0,56
2025-08-25,25004.65,25012.45,25004.05,25009.4,13:55:00,24989.65814739001,0,57
2025-08-25,25002.35,25008.25,25001.55,25005.2,14:00:00,24990.86689525764,0,58
2025-08-25,25008.6,25010.85,25001.6,25003.8,14:05:00,24992.555762375952,0,59
2025-08-25,24997.25,25010.55,24995.25,25008.0,14:10:00,24993.00283262586,0,60
2025-08-25,24997.9,25020.2,24995.35,24997.1,14:15:00,24993.46922951864,0,61
2025-08-25,24984.5,24998.35,24982.6,24997.55,14:20:00,24992.61501718353,0,62
2025-08-25,24985.75,24989.95,24980.2,24984.35,14:25:00,24991.961206023192,0,63
2025-08-25,24976.15,24986.65,24972.05,24985.35,14:30:00,24990.45537687813,0,64
2025-08-25,24963.85,24975.95,24949.2,24975.95,14:35:00,24987.92153146116,0,65
2025-08-25,24960.85,24965.9,24957.1,24964.0,14:40:00,24985.343290369623,0,66
2025-08-25,24971.4,24973.6,24957.55,24961.2,14:45:00,24984.015357953467,0,67
2025-08-25,24980.4,24981.1,24972.25,24972.7,14:50:00,24983.67103814837,0,68
2025-08-25,24990.15,24992.55,24978.45,24981.2,14:55:00,24984.288082134244,0,69
2025-08-25,24968.85,24991.45,24966.5,24991.15,15:00:00,24982.81778859765,0,70
2025-08-25,24963.05,24970.4,24961.25,24968.95,15:05:00,24980.935142064543,0,71
2025-08-25,24954.9,24964.95,24953.75,24964.35,15:10:00,24978.455604725063,0,72
2025-08-25,24969.2,24970.2,24952.9,24954.75,15:15:00,24977.574118560773,0,73
2025-08-25,24974.6,24976.3,24962.8,24969.15,15:20:00,24977.29086917404,0,74
2025-08-25,24978.55,24984.5,24969.5,24974.15,15:25:00,24977.41078639556,0,75
2025-08-26,24850.55,24917.7,24850.05,24894.25,09:15:00,24958.61540564353,1,1
2025-08-26,24806.05,24846.6,24797.7,24846.6,09:20:00,24944.08536701081,1,2
2025-08-26,24799.45,24819.1,24797.9,24806.35,09:25:00,24930.31057015264,1,3
2025-08-26,24792.7,24802.25,24782.35,24799.75,09:30:00,24917.20480156668,1,4
2025-08-26,24766.3,24795.25,24758.9,24792.1,09:35:00,24902.83291570318,1,5
2025-08-26,24760.45,24781.95,24758.7,24767.05,09:40:00,24889.27263801717,1,6
2025-08-26,24775.8,24776.95,24755.8,24760.6,09:45:00,24878.46572011077,1,7
2025-08-26,24780.0,24786.1,24767.2,24775.55,09:50:00,24869.088032481173,1,8
2025-08-26,24795.7,24797.3,24777.8,24780.85,09:55:00,24862.0986960544,1,9
2025-08-26,24799.1,24801.1,24777.6,24795.8,10:00:00,24856.09882023969,1,10
2025-08-26,24800.65,24805.25,24789.15,24798.6,10:05:00,24850.817980216863,1,11
2025-08-26,24797.45,24807.1,24793.0,24800.45,10:10:00,24845.735315434307,1,12
2025-08-26,24802.9,24804.55,24778.05,24796.95,10:15:00,24841.65576158342,1,13
2025-08-26,24805.35,24808.55,24797.75,24802.45,10:20:00,24838.198070004048,1,14
2025-08-26,24797.1,24808.1,24792.85,24805.05,10:25:00,24834.2839680989,1,15
2025-08-26,24785.85,24802.15,24784.65,24797.05,10:30:00,24829.671209232336,1,16
2025-08-26,24789.7,24790.3,24781.6,24786.25,10:35:00,24825.864427400687,1,17
2025-08-26,24781.05,24791.0,24779.1,24789.6,10:40:00,24821.59638669586,1,18
2025-08-26,24767.55,24781.25,24767.55,24780.85,10:45:00,24816.449111772443,1,19
2025-08-26,24770.5,24774.6,24765.15,24768.15,10:50:00,24812.07300588936,1,20
2025-08-26,24793.15,24795.15,24768.6,24770.35,10:55:00,24810.270814852272,1,21
2025-08-26,24803.75,24808.3,24793.1,24794.85,11:00:00,24809.649784866346,1,22
2025-08-26,24796.8,24812.85,24793.3,24803.4,11:05:00,24808.42599583145,1,23
2025-08-26,24799.3,24805.4,24795.65,24796.75,11:10:00,24807.556853371312,1,24
2025-08-26,24808.0,24810.8,24798.05,24799.65,11:15:00,24807.599057812145,1,25
2025-08-26,24812.0,24818.2,24807.2,24808.65,11:20:00,24808.018195163368,1,26
2025-08-26,24824.5,24833.45,24810.25,24810.85,11:25:00,24809.58789086209,1,27
2025-08-26,24820.9,24829.25,24819.65,24825.4,11:30:00,24810.66523458952,1,28
2025-08-26,24809.7,24838.3,24808.65,24820.8,11:35:00,24810.57330748576,1,29
2025-08-26,24806.25,24811.3,24798.4,24809.8,11:40:00,24810.16156391568,1,30
2025-08-26,24805.45,24810.85,24803.3,24806.1,11:45:00,24809.71284354276,1,31
2025-08-26,24800.75,24808.0,24798.5,24805.1,11:50:00,24808.859239395828,1,32
2025-08-26,24806.15,24806.55,24798.8,24801.95,11:55:00,24808.601216596224,1,33
2025-08-26,24804.7,24809.3,24801.95,24806.5,12:00:00,24808.229672158486,1,34
2025-08-26,24802.0,24819.0,24801.2,24803.55,12:05:00,24807.636370048152,1,35
2025-08-26,24799.75,24801.75,24794.75,24801.75,12:10:00,24806.885287186426,1,36
2025-08-26,24808.55,24809.2,24796.3,24800.6,12:15:00,24807.043831263905,1,37
2025-08-26,24810.2,24811.05,24805.25,24808.45,12:20:00,24807.34441876258,1,38
2025-08-26,24800.95,24811.3,24799.75,24810.5,12:25:00,24806.73542649948,1,39
2025-08-26,24785.9,24802.2,24783.2,24800.35,12:30:00,24804.75110016619,1,40
2025-08-26,24786.0,24793.4,24783.05,24787.4,12:35:00,24802.965281102744,1,41
2025-08-26,24785.45,24793.05,24775.2,24785.15,12:40:00,24801.29715909296,1,42
2025-08-26,24786.45,24791.5,24781.85,24785.2,12:45:00,24799.88314394125,1,43
2025-08-26,24787.15,24797.1,24786.65,24788.95,12:50:00,24798.67046356589,1,44
2025-08-26,24796.2,24798.5,24784.3,24787.1,12:55:00,24798.43518132152,1,45
2025-08-26,24803.0,24809.15,24794.1,24795.85,13:00:00,24798.86992595757,1,46
2025-08-26,24807.6,24812.0,24800.65,24807.0,13:05:00,24799.701361580657,1,47
2025-08-26,24804.9,24811.0,24797.2,24807.7,13:10:00,24800.196470001545,1,48
2025-08-26,24795.05,24806.6,24790.85,24804.7,13:15:00,24799.7063300014,1,49
2025-08-26,24806.35,24807.1,24794.85,24796.0,13:20:00,24800.33906047745,1,50
2025-08-26,24807.6,24824.7,24802.0,24806.05,13:25:00,24801.03057852722,1,51
2025-08-26,24811.15,24816.15,24805.4,24807.4,13:30:00,24801.9943329532,1,52
2025-08-26,24805.6,24816.55,24798.55,24811.7,13:35:00,24802.3377298148,1,53
2025-08-26,24810.95,24816.05,24802.5,24805.45,13:40:00,24803.157946022915,1,54
2025-08-26,24803.5,24814.3,24798.7,24811.55,13:45:00,24803.19052259216,1,55
2025-08-26,24809.25,24813.55,24798.15,24803.55,13:50:00,24803.767615678626,1,56
2025-08-26,24805.3,24811.95,24800.65,24809.9,13:55:00,24803.913557042564,1,57
2025-08-26,24800.5,24807.6,24798.8,24806.25,14:00:00,24803.588456371846,1,58
2025-08-26,24798.9,24811.1,24796.75,24802.4,14:05:00,24803.141936717384,1,59
2025-08-26,24772.55,24799.75,24765.25,24799.6,14:10:00,24800.228418934774,1,60
2025-08-26,24759.65,24775.1,24759.35,24772.7,14:15:00,24796.363807607653,1,61
2025-08-26,24761.45,24766.3,24757.7,24759.9,14:20:00,24793.03868307359,1,62
2025-08-26,24786.75,24788.7,24742.8,24761.25,14:25:00,24792.439760876103,1,63
2025-08-26,24770.95,24789.7,24765.25,24787.6,14:30:00,24790.39311698314,1,64
2025-08-26,24790.05,24791.55,24766.35,24770.35,14:35:00,24790.360439175223,1,65
2025-08-26,24776.0,24791.3,24774.85,24790.3,14:40:00,24788.99277830139,1,66
2025-08-26,24773.05,24781.9,24760.2,24775.25,14:45:00,24787.474418463164,1,67
2025-08-26,24763.65,24775.4,24756.85,24772.8,14:50:00,24785.20542622858,1,68
2025-08-26,24758.35,24767.55,24756.95,24764.35,14:55:00,24782.64776658776,1,69
2025-08-26,24718.65,24760.55,24711.7,24758.45,15:00:00,24776.55274119845,1,70
2025-08-26,24719.95,24730.5,24711.75,24719.65,15:05:00,24771.162003941456,1,71
2025-08-26,24695.0,24722.35,24690.05,24722.35,15:10:00,24763.90847975656,1,72
2025-08-26,24694.9,24708.4,24694.55,24695.5,15:15:00,24757.336243589267,1,73
2025-08-26,24695.8,24705.85,24692.6,24695.8,15:20:00,24751.47564896172,1,74
2025-08-26,24710.7,24717.7,24695.2,24695.95,15:25:00,24747.59225382251,1,75
2025-08-28,24577.25,24699.35,24572.75,24699.35,09:15:00,24726.90635743748,3,1
2025-08-28,24522.4,24579.9,24521.1,24575.55,09:20:00,24707.42956149105,3,2
2025-08-28,24529.05,24543.3,24515.4,24521.15,09:25:00,24690.44103182524,3,3
2025-08-28,24512.55,24530.45,24511.15,24529.35,09:30:00,24673.499028794264,3,4
2025-08-28,24538.45,24542.1,24507.6,24512.15,09:35:00,24660.637216528143,3,5
2025-08-28,24565.7,24577.95,24537.45,24538.3,09:40:00,24651.5955768588,3,6
2025-08-28,24559.3,24581.95,24549.75,24566.15,09:45:00,24642.80552191986,3,7
2025-08-28,24596.65,24597.55,24557.3,24559.25,09:50:00,24638.409757927493,3,8
2025-08-28,24592.45,24597.25,24578.1,24597.25,09:55:00,24634.032638124874,3,9
2025-08-28,24606.45,24611.8,24580.35,24592.4,10:00:00,24631.40572020822,3,10
2025-08-28,24589.5,24613.85,24587.05,24607.35,10:05:00,24627.414699236007,3,11
2025-08-28,24576.95,24598.65,24575.4,24589.15,10:10:00,24622.60853740401,3,12
2025-08-28,24561.45,24587.9,24559.7,24575.9,10:15:00,24616.783914794105,3,13
2025-08-28,24573.95,24576.7,24554.8,24560.7,10:20:00,24612.70449433752,3,14
2025-08-28,24591.2,24592.65,24571.1,24574.95,10:25:00,24610.65644725776,3,15
2025-08-28,24613.3,24615.05,24587.7,24591.05,10:30:00,24610.90821418559,3,16
2025-08-28,24610.2,24629.1,24609.65,24614.15,10:35:00,24610.840765215533,3,17
2025-08-28,24608.65,24616.05,24603.35,24610.5,10:40:00,24610.632120909293,3,18
2025-08-28,24641.65,24645.9,24607.5,24608.2,10:45:00,24613.58620463221,3,19
2025-08-28,24642.0,24648.5,24633.35,24642.25,10:50:00,24616.29228038153,3,20
2025-08-28,24661.95,24669.9,24633.65,24641.5,10:55:00,24620.64063463091,3,21
2025-08-28,24652.35,24663.75,24647.05,24661.25,11:00:00,24623.660574189867,3,22
2025-08-28,24656.7,24677.9,24652.55,24652.85,11:05:00,24626.807186171784,3,23
2025-08-28,24653.9,24659.9,24642.45,24656.85,11:10:00,24629.387454155425,3,24
2025-08-28,24650.3,24660.2,24645.7,24654.2,11:15:00,24631.379125188243,3,25
2025-08-28,24655.4,24664.2,24647.85,24649.3,11:20:00,24633.66682755127,3,26
2025-08-28,24646.9,24661.8,24646.5,24657.05,11:25:00,24634.927129689244,3,27
2025-08-28,24667.1,24667.1,24646.45,24646.45,11:30:00,24637.991212575984,3,28
2025-08-28,24655.7,24673.4,24655.5,24666.35,11:35:00,24639.677763759224,3,29
2025-08-28,24656.3,24663.05,24652.15,24657.05,11:40:00,24641.2608338774,3,30
2025-08-28,24656.4,24658.9,24647.35,24654.65,11:45:00,24642.702659222403,3,31
2025-08-28,24635.2,24658.85,24634.65,24655.8,11:50:00,24641.988120248843,3,32
2025-08-28,24622.75,24634.85,24620.25,24634.45,11:55:00,24640.155918320383,3,33
2025-08-28,24621.95,24625.8,24611.8,24622.6,12:00:00,24638.42202133749,3,34
2025-08-28,24627.6,24635.35,24620.9,24621.5,12:05:00,24637.39135263868,3,35
2025-08-28,24626.6,24634.35,24624.0,24627.45,12:10:00,24636.36360476833,3,36
2025-08-28,24607.05,24631.65,24605.95,24627.2,12:15:00,24633.571832885635,3,37
2025-08-28,24584.15,24611.15,24580.2,24606.8,12:20:00,24628.86499165843,3,38
2025-08-28,24593.2,24594.9,24581.3,24584.5,12:25:00,24625.4683257862,3,39
2025-08-28,24594.05,24599.2,24588.85,24593.55,12:30:00,24622.47610428275,3,40
2025-08-28,24591.45,24597.45,24587.3,24594.8,12:35:00,24619.5212372082,3,41
2025-08-28,24586.05,24593.35,24583.25,24590.95,12:40:00,24616.33350033123,3,42
2025-08-28,24591.5,24596.05,24585.15,24585.15,12:45:00,24613.96840506159,3,43
2025-08-28,24592.05,24595.3,24586.1,24591.75,12:50:00,24611.880937912865,3,44
2025-08-28,24576.75,24595.85,24570.15,24591.4,12:55:00,24608.53513430212,3,45
2025-08-28,24564.45,24578.05,24557.8,24577.55,13:00:00,24604.33655008287,3,46
2025-08-28,24549.25,24567.15,24543.55,24565.0,13:05:00,24599.09021197974,3,47
2025-08-28,24557.9,24561.35,24546.6,24549.5,13:10:00,24595.167334648333,3,48
2025-08-28,24558.0,24566.05,24554.05,24560.25,13:15:00,24591.62758849135,3,49
2025-08-28,24551.7,24558.6,24548.75,24558.2,13:20:00,24587.824961015984,3,50
2025-08-28,24555.05,24562.9,24550.1,24551.55,13:25:00,24584.70353615732,3,51
2025-08-28,24538.55,24557.55,24536.6,24554.45,13:30:00,24580.307961285194,3,52
2025-08-28,24552.75,24554.8,24533.65,24538.65,13:35:00,24577.683393543743,3,53
2025-08-28,24552.0,24560.2,24544.3,24551.8,13:40:00,24575.23735606339,3,54
2025-08-28,24547.55,24554.9,24537.6,24553.05,13:45:00,24572.60046500973,3,55
2025-08-28,24540.9,24548.95,24534.1,24546.85,13:50:00,24569.581373104043,3,56
2025-08-28,24536.7,24542.15,24533.7,24539.15,13:55:00,24566.4498137608,3,57
2025-08-28,24535.65,24550.7,24533.85,24537.5,14:00:00,24563.51649816453,3,58
2025-08-28,24549.9,24551.55,24531.5,24536.3,14:05:00,24562.219688815527,3,59
2025-08-28,24573.45,24588.05,24549.4,24549.8,14:10:00,24563.289242261668,3,60
2025-08-28,24576.6,24581.0,24566.45,24573.9,14:15:00,24564.556933474843,3,61
2025-08-28,24587.75,24592.1,24573.4,24577.25,14:20:00,24566.76579695343,3,62
2025-08-28,24570.35,24589.15,24542.35,24588.45,14:25:00,24567.10714962453,3,63
2025-08-28,24536.75,24569.25,24535.9,24568.9,14:30:00,24564.21599251743,3,64
2025-08-28,24545.7,24558.1,24531.05,24537.5,14:35:00,24562.45256465863,3,65
2025-08-28,24527.6,24548.1,24524.0,24546.8,14:40:00,24559.13327278638,3,66
2025-08-28,24500.6,24530.15,24494.05,24529.1,14:45:00,24553.55867537816,3,67
2025-08-28,24527.7,24531.05,24498.85,24499.9,14:50:00,24551.09594438976,3,68
2025-08-28,24523.0,24528.7,24511.3,24528.3,14:55:00,24548.42014016216,3,69
2025-08-28,24493.6,24525.05,24491.2,24522.4,15:00:00,24543.19917443244,3,70
2025-08-28,24490.5,24507.35,24486.45,24493.6,15:05:00,24538.180205438868,3,71
2025-08-28,24502.25,24503.1,24482.25,24489.9,15:10:00,24534.75828111136,3,72
2025-08-28,24491.1,24504.4,24490.25,24501.5,15:15:00,24530.600349576944,3,73
2025-08-28,24512.25,24512.5,24488.75,24492.15,15:20:00,24528.85269723628,3,74
2025-08-28,24533.1,24545.6,24510.85,24511.5,15:25:00,24529.2572022614,3,75
2025-08-29,24507.4,24563.9,24491.7,24502.7,09:15:00,24521.7851474294,4,1
2025-08-29,24552.8,24554.15,24501.5,24508.7,09:20:00,24524.73894291231,4,2
2025-08-29,24531.8,24555.8,24529.35,24553.4,09:25:00,24525.411424539707,4,3
2025-08-29,24502.05,24537.2,24501.1,24532.55,09:30:00,24523.18652696449,4,4
2025-08-29,24518.45,24526.5,24481.8,24501.05,09:35:00,24522.73542915835,4,5
2025-08-29,24510.85,24531.2,24506.4,24518.05,09:40:00,24521.60348352422,4,6
2025-08-29,24483.65,24512.4,24482.75,24510.6,09:45:00,24517.98886604572,4,7
2025-08-29,24490.95,24496.75,24482.0,24482.0,09:50:00,24515.41373594613,4,8
2025-08-29,24491.9,24507.85,24489.3,24490.8,09:55:00,24513.17433252269,4,9
2025-08-29,24473.65,24493.3,24471.9,24490.95,10:00:00,24509.41011037767,4,10
2025-08-29,24475.0,24480.45,24464.45,24475.1,10:05:00,24506.13295700837,4,11
2025-08-29,24470.85,24483.9,24468.65,24475.7,10:10:00,24502.772675388525,4,12
2025-08-29,24494.2,24495.0,24466.25,24471.0,10:15:00,24501.95623011343,4,13
2025-08-29,24515.35,24518.1,24493.4,24493.8,10:20:00,24503.231827245483,4,14
2025-08-29,24509.35,24517.1,24499.7,24515.9,10:25:00,24503.81451036496,4,15
2025-08-29,24525.6,24526.15,24509.7,24509.7,10:30:00,24505.88931890163,4,16
2025-08-29,24538.05,24538.25,24522.85,24525.9,10:35:00,24508.952240911,4,17
2025-08-29,24550.05,24552.8,24538.6,24539.3,10:40:00,24512.866313205188,4,18
2025-08-29,24540.0,24550.4,24532.7,24550.25,10:45:00,24515.45047385231,4,19
2025-08-29,24539.7,24546.25,24536.65,24539.6,10:50:00,24517.759952533044,4,20
2025-08-29,24525.15,24539.8,24522.65,24539.8,10:55:00,24518.463766577515,4,21
2025-08-29,24550.3,24553.2,24522.05,24524.3,11:00:00,24521.495788808228,4,22
2025-08-29,24539.35,24551.65,24535.25,24550.85,11:05:00,24523.19618987411,4,23
2025-08-29,24556.45,24564.0,24539.5,24539.75,11:10:00,24526.36321940991,4,24
2025-08-29,24548.1,24556.9,24544.5,24556.75,11:15:00,24528.43338898992,4,25
2025-08-29,24541.75,24549.65,24536.55,24548.65,11:20:00,24529.701637657545,4,26
2025-08-29,24556.4,24556.4,24539.7,24541.6,11:25:00,24532.244338833018,4,27
2025-08-29,24564.1,24564.4,24554.75,24556.1,11:30:00,24535.278211325112,4,28
2025-08-29,24563.45,24567.05,24554.55,24564.8,11:35:00,24537.96123881796,4,29
2025-08-29,24566.55,24570.05,24558.25,24563.4,11:40:00,24540.683977978155,4,30
2025-08-29,24569.8,24569.85,24564.0,24565.95,11:45:00,24543.456932456425,4,31
2025-08-29,24559.15,24572.45,24556.6,24570.15,11:50:00,24544.95151031772,4,32
2025-08-29,24546.25,24561.3,24540.9,24560.15,11:55:00,24545.075176001745,4,33
2025-08-29,24542.7,24545.7,24533.5,24543.4,12:00:00,24544.848968763486,4,34
2025-08-29,24543.25,24553.75,24538.8,24542.55,12:05:00,24544.69668602411,4,35
2025-08-29,24553.25,24555.55,24537.9,24543.4,12:10:00,24545.511287355148,4,36
2025-08-29,24546.1,24554.65,24543.45,24552.85,12:15:00,24545.567355226085,4,37
2025-08-29,24536.55,24546.15,24530.95,24546.1,12:20:00,24544.708559490267,4,38
2025-08-29,24526.5,24543.15,24523.25,24536.65,12:25:00,24542.974410967385,4,39
2025-08-29,24522.2,24529.95,24518.35,24526.4,12:30:00,24540.99589563716,4,40
2025-08-29,24527.2,24541.3,24521.05,24522.45,12:35:00,24539.682000814573,4,41
2025-08-29,24538.95,24544.6,24526.15,24527.0,12:40:00,24539.61228645128,4,42
2025-08-29,24545.25,24549.6,24535.75,24538.4,12:45:00,24540.14921155116,4,43
2025-08-29,24530.9,24546.2,24528.95,24544.4,12:50:00,24539.26833426057,4,44
2025-08-29,24524.85,24537.9,24516.0,24531.35,12:55:00,24537.89515956909,4,45
2025-08-29,24513.35,24525.1,24508.25,24525.1,13:00:00,24535.557525324413,4,46
2025-08-29,24505.5,24524.4,24503.05,24513.6,13:05:00,24532.694903864944,4,47
2025-08-29,24496.6,24509.55,24495.5,24505.0,13:10:00,24529.257293973045,4,48
2025-08-29,24511.35,24511.85,24495.15,24496.8,13:15:00,24527.551837404186,4,49
2025-08-29,24516.75,24519.65,24507.4,24510.95,13:20:00,24526.52309098474,4,50
2025-08-29,24520.3,24522.0,24506.6,24517.5,13:25:00,24525.93041565286,4,51
2025-08-29,24513.15,24522.0,24512.6,24519.6,13:30:00,24524.713233209728,4,52
2025-08-29,24508.05,24517.0,24507.3,24513.1,13:35:00,24523.12625861833,4,53
2025-08-29,24504.65,24513.95,24502.75,24508.3,13:40:00,24521.36661494039,4,54
2025-08-29,24505.7,24508.1,24499.95,24505.45,13:45:00,24519.87455637464,4,55
2025-08-29,24497.4,24517.05,24495.95,24505.4,13:50:00,24517.7341224342,4,56
2025-08-29,24484.9,24500.95,24479.45,24497.45,13:55:00,24514.60706315475,4,57
2025-08-29,24483.5,24490.65,24476.75,24484.05,14:00:00,24511.644485711444,4,58
2025-08-29,24498.15,24499.6,24479.2,24483.55,14:05:00,24510.35929659607,4,59
2025-08-29,24513.6,24516.0,24497.1,24498.25,14:10:00,24510.66793501549,4,60
2025-08-29,24516.05,24516.85,24509.35,24513.3,14:15:00,24511.180512633066,4,61
2025-08-29,24524.1,24552.5,24512.05,24517.05,14:20:00,24512.410940001348,4,62
2025-08-29,24474.0,24527.5,24470.05,24524.8,14:25:00,24508.752755239315,4,63
2025-08-29,24475.6,24485.75,24469.45,24475.25,14:30:00,24505.595349978423,4,64
2025-08-29,24458.85,24480.85,24450.45,24477.15,14:35:00,24501.143411885245,4,65
2025-08-29,24452.45,24463.1,24442.0,24459.4,14:40:00,24496.50594408665,4,66
2025-08-29,24466.15,24475.65,24451.1,24451.75,14:45:00,24493.61490179268,4,67
2025-08-29,24465.8,24471.4,24449.55,24466.35,14:50:00,24490.965863526708,4,68
2025-08-29,24487.1,24490.85,24464.35,24466.85,14:55:00,24490.59768604797,4,69
2025-08-29,24446.05,24487.6,24446.05,24487.6,15:00:00,24486.355049281497,4,70
2025-08-29,24429.2,24450.8,24427.2,24446.8,15:05:00,24480.91171125469,4,71
2025-08-29,24406.75,24431.0,24406.55,24429.45,15:10:00,24473.8486911352,4,72
2025-08-29,24411.2,24418.7,24405.45,24406.75,15:15:00,24467.88214912232,4,73
2025-08-29,24411.95,24425.0,24407.75,24412.2,15:20:00,24462.555277777337,4,74
2025-08-29,24433.65,24444.9,24413.75,24413.75,15:25:00,24459.802394179496,4,75
2025-09-01,24523.5,24528.4,24467.8,24476.5,09:15:00,24463.5334791356,0,1
2025-09-01,24530.0,24532.55,24502.6,24522.55,09:20:00,24469.863623979825,0,2
2025-09-01,24530.25,24533.25,24512.5,24529.15,09:25:00,24475.61470741032,0,3
2025-09-01,24540.9,24542.3,24520.25,24529.25,09:30:00,24481.832354323626,0,4
2025-09-01,24536.85,24546.55,24532.15,24540.75,09:35:00,24487.07213010232,0,5
2025-09-01,24535.6,24538.35,24523.9,24536.4,09:40:00,24491.69383199734,0,6
2025-09-01,24534.1,24547.9,24533.8,24535.8,09:45:00,24495.73251466426,0,7
2025-09-01,24559.55,24560.35,24533.95,24534.65,09:50:00,24501.810370410523,0,8
2025-09-01,24547.5,24560.75,24540.1,24559.1,09:55:00,24506.16176370476,0,9
2025-09-01,24538.35,24549.5,24535.05,24547.55,10:00:00,24509.22731001859,0,10
2025-09-01,24533.35,24538.7,24526.35,24538.5,10:05:00,24511.52470906444,0,11
2025-09-01,24523.15,24535.1,24522.65,24532.9,10:10:00,24512.631879629727,0,12
2025-09-01,24515.1,24534.35,24514.15,24522.75,10:15:00,24512.86693871261,0,13
2025-09-01,24512.15,24518.45,24502.85,24515.75,10:20:00,24512.798658835218,0,14
2025-09-01,24528.55,24533.45,24511.9,24513.65,10:25:00,24514.2987865652,0,15
2025-09-01,24512.4,24529.0,24509.05,24528.6,10:30:00,24514.117949749463,0,16
2025-09-01,24514.7,24517.65,24508.05,24511.9,10:35:00,24514.173383106656,0,17
2025-09-01,24529.65,24530.5,24513.15,24514.65,10:40:00,24515.64734662031,0,18
2025-09-01,24538.75,24543.25,24527.3,24530.1,10:45:00,24517.847599323137,0,19
2025-09-01,24528.0,24542.2,24525.65,24539.5,10:50:00,24518.81449462569,0,20
2025-09-01,24545.0,24547.0,24523.55,24528.7,10:55:00,24521.3083522804,0,21
2025-09-01,24550.9,24553.3,24541.65,24545.55,11:00:00,24524.126604444165,0,22
2025-09-01,24542.45,24552.3,24537.45,24551.35,11:05:00,24525.8716897352,0,23
2025-09-01,24549.4,24549.6,24542.5,24543.05,11:10:00,24528.11248118899,0,24
2025-09-01,24546.2,24550.5,24539.1,24548.7,11:15:00,24529.835102028133,0,25
2025-09-01,24542.05,24548.4,24539.75,24547.85,11:20:00,24530.998425644502,0,26
2025-09-01,24550.35,24553.45,24542.0,24542.0,11:25:00,24532.84143272598,0,27
2025-09-01,24543.15,24556.0,24537.45,24551.1,11:30:00,24533.823201037794,0,28
2025-09-01,24544.0,24547.7,24540.65,24543.15,11:35:00,24534.792419986574,0,29
2025-09-01,24538.55,24545.95,24537.6,24543.5,11:40:00,24535.15028474976,0,30
2025-09-01,24522.65,24541.95,24522.4,24539.8,11:45:00,24533.95978144026,0,31
2025-09-01,24523.0,24529.35,24519.25,24522.75,11:50:00,24532.91599273166,0,32
2025-09-01,24522.05,24527.5,24517.95,24523.25,11:55:00,24531.881136281027,0,33
2025-09-01,24536.5,24541.75,24521.15,24521.65,12:00:00,24532.321028063787,0,34
2025-09-01,24543.0,24545.25,24536.25,24536.25,12:05:00,24533.33807301009,0,35
2025-09-01,24546.85,24550.05,24540.85,24543.05,12:10:00,24534.624923199608,0,36
2025-09-01,24547.5,24553.45,24543.6,24548.4,12:15:00,24535.85112099012,0,37
2025-09-01,24557.15,24557.65,24540.25,24547.05,12:20:00,24537.879585657727,0,38
2025-09-01,24571.6,24574.05,24558.05,24558.35,12:25:00,24541.091053690325,0,39
2025-09-01,24569.05,24574.65,24563.15,24571.6,12:30:00,24543.753810481725,0,40
2025-09-01,24565.95,24575.8,24558.9,24570.05,12:35:00,24545.867733292987,0,41
2025-09-01,24563.95,24575.45,24559.6,24566.3,12:40:00,24547.58985393176,0,42
2025-09-01,24565.6,24570.85,24559.85,24564.95,12:45:00,24549.30510593825,0,43
2025-09-01,24565.25,24571.35,24557.25,24566.35,12:50:00,24550.823667277466,0,44
2025-09-01,24569.95,24570.1,24556.55,24565.3,12:55:00,24552.64522277485,0,45
2025-09-01,24577.9,24579.5,24566.5,24569.65,13:00:00,24555.050439653434,0,46
2025-09-01,24589.35,24592.2,24576.95,24578.35,13:05:00,24558.317064448343,0,47
2025-09-01,24590.5,24592.55,24581.05,24589.0,13:10:00,24561.382105929453,0,48
2025-09-01,24592.75,24594.75,24588.1,24588.6,13:15:00,24564.369524412363,0,49
2025-09-01,24588.0,24595.7,24587.3,24592.45,13:20:00,24566.6200458969,0,50
2025-09-01,24592.9,24594.7,24581.5,24588.6,13:25:00,24569.122898668626,0,51
2025-09-01,24601.0,24606.6,24593.4,24594.15,13:30:00,24572.15881308114,0,52
2025-09-01,24603.2,24605.3,24597.25,24601.15,13:35:00,24575.115116597222,0,53
2025-09-01,24593.7,24604.3,24588.2,24603.15,13:40:00,24576.885105492725,0,54
2025-09-01,24596.7,24600.45,24591.1,24594.25,13:45:00,24578.772238302943,0,55
2025-09-01,24595.75,24606.75,24591.45,24596.65,13:50:00,24580.38916798837,0,56
2025-09-01,24597.2,24602.65,24593.9,24596.2,13:55:00,24581.99019960853,0,57
2025-09-01,24606.05,24607.35,24597.1,24597.4,14:00:00,24584.281609169622,0,58
2025-09-01,24613.75,24614.95,24602.0,24606.65,14:05:00,24587.088122582045,0,59
2025-09-01,24617.95,24620.35,24610.2,24612.75,14:10:00,24590.0273490028,0,60
2025-09-01,24610.4,24619.35,24608.45,24617.1,14:15:00,24591.96760147872,0,61
2025-09-01,24609.5,24614.05,24607.15,24610.6,14:20:00,24593.637353718845,0,62
2025-09-01,24600.95,24611.55,24598.8,24609.35,14:25:00,24594.33379622181,0,63
2025-09-01,24616.05,24617.4,24600.55,24600.95,14:30:00,24596.402006105447,0,64
2025-09-01,24617.9,24619.1,24611.65,24616.1,14:35:00,24598.449434095404,0,65
2025-09-01,24615.4,24623.0,24610.1,24618.05,14:40:00,24600.06377370537,0,66
2025-09-01,24617.1,24619.55,24613.9,24616.7,14:45:00,24601.68627144772,0,67
2025-09-01,24616.6,24619.9,24614.0,24617.15,14:50:00,24603.10662654793,0,68
2025-09-01,24632.25,24634.25,24616.6,24617.4,14:55:00,24605.88218592432,0,69
2025-09-01,24625.65,24635.0,24613.5,24632.7,15:00:00,24607.76483488391,0,70
2025-09-01,24628.35,24630.05,24622.95,24625.8,15:05:00,24609.72532679973,0,71
2025-09-01,24624.45,24631.75,24620.9,24628.85,15:10:00,24611.127676628326,0,72
2025-09-01,24628.55,24629.4,24619.95,24625.05,15:15:00,24612.786945520867,0,73
2025-09-01,24626.65,24631.3,24623.45,24628.05,15:20:00,24614.10723642364,0,74
2025-09-01,24624.15,24629.6,24619.85,24627.25,15:25:00,24615.063690097584,0,75
2025-09-02,24662.9,24685.3,24651.85,24683.25,09:15:00,24622.888417517523,1,1
2025-09-02,24641.2,24662.05,24633.2,24662.05,09:20:00,24624.632377753947,1,2
2025-09-02,24653.55,24653.9,24631.65,24640.8,09:25:00,24627.38643701548,1,3
2025-09-02,24676.6,24678.7,24652.0,24653.9,09:30:00,24632.073443014,1,4
2025-09-02,24687.55,24692.65,24675.2,24676.9,09:35:00,24637.35692463172,1,5
2025-09-02,24688.75,24694.95,24676.1,24688.25,09:40:00,24642.25150323821,1,6
2025-09-02,24697.9,24702.25,24688.8,24688.8,09:45:00,24647.55136007268,1,7
2025-09-02,24714.6,24719.45,24697.05,24698.0,09:50:00,24653.936944827656,1,8
2025-09-02,24724.45,24730.15,24706.6,24714.95,09:55:00,24660.65247389169,1,9
2025-09-02,24746.05,24746.05,24723.9,24725.3,10:00:00,24668.78557161629,1,10
2025-09-02,24740.95,24747.3,24734.3,24745.8,10:05:00,24675.6583743195,1,11
2025-09-02,24728.75,24742.35,24723.6,24739.95,10:10:00,24680.714719622403,1,12
2025-09-02,24727.2,24733.05,24718.85,24728.85,10:15:00,24685.14188918217,1,13
2025-09-02,24720.25,24737.85,24718.95,24727.1,10:20:00,24688.48551878387,1,14
2025-09-02,24735.7,24740.95,24719.4,24720.45,10:25:00,24692.98213604255,1,15
2025-09-02,24718.45,24741.4,24716.35,24735.0,10:30:00,24695.40764689564,1,16
2025-09-02,24721.4,24729.75,24708.8,24717.9,10:35:00,24697.883109096056,1,17
2025-09-02,24736.65,24737.9,24721.05,24721.45,10:40:00,24701.57519394405,1,18
2025-09-02,24732.2,24738.7,24727.55,24735.5,10:45:00,24704.49184213985,1,19
2025-09-02,24735.1,24737.15,24723.65,24730.9,10:50:00,24707.406904793206,1,20
2025-09-02,24737.7,24740.95,24731.25,24735.95,10:55:00,24710.29196147957,1,21
2025-09-02,24731.85,24744.65,24730.9,24737.35,11:00:00,24712.345108005324,1,22
2025-09-02,24738.7,24744.8,24726.3,24732.15,11:05:00,24714.8550977191,1,23
2025-09-02,24731.75,24749.05,24724.55,24741.15,11:10:00,24716.46413603157,1,24
2025-09-02,24726.45,24731.6,24722.15,24731.55,11:15:00,24717.41517069524,1,25
2025-09-02,24717.5,24729.75,24715.35,24726.3,11:20:00,24717.42324967664,1,26
2025-09-02,24721.9,24731.85,24717.35,24718.2,11:25:00,24717.849606850294,1,27
2025-09-02,24738.0,24738.0,24721.0,24723.8,11:30:00,24719.76869191217,1,28
2025-09-02,24740.4,24740.5,24732.2,24737.5,11:35:00,24721.733578396725,1,29
2025-09-02,24733.65,24741.4,24730.65,24740.85,11:40:00,24722.86847569228,1,30
2025-09-02,24732.7,24739.9,24724.7,24734.5,11:45:00,24723.80481134063,1,31
2025-09-02,24729.2,24733.65,24726.85,24732.6,11:50:00,24724.318638832,1,32
2025-09-02,24729.3,24735.1,24722.95,24729.7,11:55:00,24724.793054181333,1,33
2025-09-02,24734.85,24738.45,24724.1,24726.8,12:00:00,24725.750858545016,1,34
2025-09-02,24730.35,24735.4,24724.7,24733.7,12:05:00,24726.18887201692,1,35
2025-09-02,24726.05,24730.65,24721.55,24729.95,12:10:00,24726.175646110543,1,36
2025-09-02,24717.55,24728.35,24710.9,24726.6,12:15:00,24725.35415600477,1,37
2025-09-02,24730.4,24730.9,24714.75,24717.85,12:20:00,24725.83471257575,1,38
2025-09-02,24737.05,24738.9,24726.55,24729.3,12:25:00,24726.902835187582,1,39
2025-09-02,24743.6,24750.45,24731.95,24736.95,12:30:00,24728.4930413602,1,40
2025-09-02,24752.55,24755.15,24736.25,24742.7,12:35:00,24730.78418027827,1,41
2025-09-02,24738.1,24755.4,24737.8,24755.0,12:40:00,24731.480925013675,1,42
2025-09-02,24743.45,24747.4,24734.15,24738.7,12:45:00,24732.620836917133,1,43
2025-09-02,24741.0,24745.65,24736.75,24744.0,12:50:00,24733.418852448835,1,44
2025-09-02,24743.95,24744.35,24738.15,24740.45,12:55:00,24734.42181888228,1,45
2025-09-02,24738.25,24746.75,24734.2,24742.45,13:00:00,24734.78640756016,1,46
2025-09-02,24732.95,24740.35,24730.05,24737.45,13:05:00,24734.61151160205,1,47
2025-09-02,24724.85,24735.4,24712.85,24732.3,13:10:00,24733.681843830425,1,48
2025-09-02,24707.3,24726.65,24702.05,24723.3,13:15:00,24731.169287275145,1,49
2025-09-02,24686.15,24707.0,24678.9,24707.0,13:20:00,24726.881736106083,1,50
2025-09-02,24684.75,24698.85,24677.2,24685.9,13:25:00,24722.869189810262,1,51
2025-09-02,24697.0,24705.55,24680.55,24685.5,13:30:00,24720.40545744738,1,52
2025-09-02,24699.2,24705.55,24689.3,24696.45,13:35:00,24718.38589007144,1,53
2025-09-02,24655.05,24699.3,24649.85,24698.2,13:40:00,24712.353900540827,1,54
2025-09-02,24660.5,24662.15,24644.05,24655.05,13:45:00,24707.41543382265,1,55
2025-09-02,24627.7,24663.7,24624.2,24659.1,13:50:00,24699.823487744303,1,56
2025-09-02,24589.9,24626.05,24582.6,24626.05,13:55:00,24689.35458414961,1,57
2025-09-02,24562.85,24595.35,24555.4,24589.15,14:00:00,24677.30652851631,1,58
2025-09-02,24564.6,24574.45,24537.4,24558.75,14:05:00,24666.57257341952,1,59
2025-09-02,24561.3,24587.3,24552.55,24562.95,14:10:00,24656.54661404624,1,60
2025-09-02,24570.2,24577.5,24553.4,24558.85,14:15:00,24648.32312699421,1,61
2025-09-02,24553.65,24605.2,24551.9,24568.1,14:20:00,24639.30663870905,1,62
2025-09-02,24540.7,24558.35,24524.8,24553.65,14:25:00,24629.91553026057,1,63
2025-09-02,24554.7,24564.1,24531.75,24541.0,14:30:00,24622.75214642623,1,64
2025-09-02,24574.9,24604.9,24556.5,24556.7,14:35:00,24618.194799147543,1,65
2025-09-02,24590.95,24597.65,24570.95,24574.3,14:40:00,24615.600056371582,1,66
2025-09-02,24592.1,24617.25,24588.15,24591.2,14:45:00,24613.361955764765,1,67
2025-09-02,24563.35,24599.35,24556.75,24591.6,14:50:00,24608.5989123586,1,68
2025-09-02,24574.45,24586.45,24559.65,24562.55,14:55:00,24605.34663499112,1,69
2025-09-02,24570.05,24585.8,24562.3,24575.15,15:00:00,24601.985050706247,1,70
2025-09-02,24586.5,24591.95,24566.65,24570.15,15:05:00,24600.51028397232,1,71
2025-09-02,24584.8,24596.15,24584.1,24587.6,15:10:00,24599.014066451145,1,72
2025-09-02,24584.4,24591.75,24570.45,24587.5,15:15:00,24597.62225059866,1,73
2025-09-02,24574.15,24586.65,24570.55,24586.3,15:20:00,24595.386798160693,1,74
2025-09-02,24575.0,24578.6,24567.3,24575.75,15:25:00,24593.445198335867,1,75
2025-09-03,24541.0,24623.75,24533.3,24623.75,09:15:00,24590.436999091267,2,1
2025-09-03,24558.25,24568.35,24538.5,24541.2,09:20:00,24587.37157060638,2,2
2025-09-03,24597.45,24598.1,24557.75,24560.05,09:25:00,24588.33142102482,2,3
2025-09-03,24577.25,24599.75,24561.3,24598.55,09:30:00,24587.276047593885,2,4
2025-09-03,24552.65,24593.2,24550.7,24576.95,09:35:00,24583.97832877541,2,5
2025-09-03,24551.95,24563.6,24548.4,24553.4,09:40:00,24580.928011749187,2,6
2025-09-03,24566.55,24572.15,24551.55,24552.05,09:45:00,24579.558677296885,2,7
2025-09-03,24579.0,24579.65,24567.0,24568.6,09:50:00,24579.50546993528,2,8
2025-09-03,24579.1,24582.1,24569.7,24579.2,09:55:00,24579.466853750964,2,9
2025-09-03,24600.9,24601.6,24576.2,24578.4,10:00:00,24581.508105774683,2,10
2025-09-03,24608.85,24613.95,24598.0,24600.25,10:05:00,24584.112095700904,2,11
2025-09-03,24606.75,24612.9,24601.05,24609.0,10:10:00,24586.268086586533,2,12
2025-09-03,24591.1,24608.2,24586.4,24606.6,10:15:00,24586.728268816387,2,13
2025-09-03,24596.1,24600.8,24585.5,24591.5,10:20:00,24587.6208146434,2,14
2025-09-03,24597.35,24602.7,24592.15,24595.6,10:25:00,24588.547403724977,2,15
2025-09-03,24585.1,24598.0,24583.9,24597.0,10:30:00,24588.21907956069,2,16
2025-09-03,24562.05,24586.75,24561.05,24584.7,10:35:00,24585.7267862692,2,17
2025-09-03,24562.75,24570.65,24559.5,24562.3,10:40:00,24583.538520910228,2,18
2025-09-03,24564.65,24565.75,24556.9,24561.95,10:45:00,24581.73961415687,2,19
2025-09-03,24559.6,24569.3,24553.7,24564.35,10:50:00,24579.631079475264,2,20
2025-09-03,24573.6,24577.0,24559.5,24559.95,10:55:00,24579.05669095381,2,21
2025-09-03,24570.25,24578.15,24564.75,24573.1,11:00:00,24578.21795848202,2,22
2025-09-03,24578.25,24579.4,24554.45,24570.25,11:05:00,24578.22101005516,2,23
2025-09-03,24576.9,24587.65,24575.5,24577.85,11:10:00,24578.09519957372,2,24
2025-09-03,24583.95,24585.45,24562.15,24576.3,11:15:00,24578.65279961432,2,25
2025-09-03,24562.4,24597.35,24557.9,24585.5,11:20:00,24577.10491393676,2,26
2025-09-03,24572.65,24573.65,24557.55,24562.95,11:25:00,24576.68063641897,2,27
2025-09-03,24569.55,24574.75,24563.5,24572.45,11:30:00,24576.0015281886,2,28
2025-09-03,24585.8,24587.3,24569.85,24571.15,11:35:00,24576.934715980155,2,29
2025-09-03,24586.5,24589.55,24582.15,24585.9,11:40:00,24577.84569541061,2,30
2025-09-03,24582.5,24587.85,24581.45,24586.75,11:45:00,24578.288962514365,2,31
2025-09-03,24587.0,24588.6,24573.35,24583.05,11:50:00,24579.118585132048,2,32
2025-09-03,24601.25,24602.3,24585.2,24586.85,11:55:00,24581.226338928995,2,33
2025-09-03,24604.2,24605.9,24598.3,24601.65,12:00:00,24583.414306650044,2,34
2025-09-03,24609.8,24611.45,24602.3,24604.5,12:05:00,24585.92722982623,2,35
2025-09-03,24630.55,24632.7,24607.45,24608.0,12:10:00,24590.177017461825,2,36
2025-09-03,24631.85,24636.45,24628.9,24630.35,12:15:00,24594.145872941648,2,37
2025-09-03,24643.4,24648.4,24631.75,24632.2,12:20:00,24598.8367421853,2,38
2025-09-03,24637.75,24644.6,24632.4,24643.1,12:25:00,24602.542766739083,2,39
2025-09-03,24640.8,24642.0,24635.5,24638.7,12:30:00,24606.186312763934,2,40
2025-09-03,24646.4,24647.15,24638.0,24641.5,12:35:00,24610.0161877388,2,41
2025-09-03,24627.0,24648.7,24624.85,24646.05,12:40:00,24611.63369366844,2,42
2025-09-03,24615.6,24634.35,24614.45,24627.45,12:45:00,24612.011437128585,2,43
2025-09-03,24609.75,24622.85,24602.3,24615.0,12:50:00,24611.79606216396,2,44
2025-09-03,24599.25,24614.05,24593.1,24609.3,12:55:00,24610.60119910072,2,45
2025-09-03,24599.75,24605.5,24595.65,24599.1,13:00:00,24609.56775156732,2,46
2025-09-03,24608.5,24614.75,24599.2,24599.2,13:05:00,24609.46606094186,2,47
2025-09-03,24603.0,24610.35,24598.95,24609.6,13:10:00,24608.850245614063,2,48
2025-09-03,24615.65,24616.4,24602.65,24602.95,13:15:00,24609.497841269866,2,49
2025-09-03,24612.0,24623.3,24607.95,24615.65,13:20:00,24609.73614210131,2,50
2025-09-03,24617.65,24618.1,24606.0,24612.4,13:25:00,24610.489842853563,2,51
2025-09-03,24611.95,24623.5,24606.6,24617.75,13:30:00,24610.62890543893,2,52
2025-09-03,24604.65,24612.2,24598.2,24611.75,13:35:00,24610.059485873324,2,53
2025-09-03,24629.6,24632.65,24604.4,24604.75,13:40:00,24611.92048721872,2,54
2025-09-03,24639.1,24640.6,24627.5,24629.45,13:45:00,24614.509012245508,2,55
2025-09-03,24644.35,24648.55,24637.55,24640.4,13:50:00,24617.351011079267,2,56
2025-09-03,24652.95,24654.6,24642.8,24646.35,13:55:00,24620.74139097648,2,57
2025-09-03,24649.2,24655.4,24642.35,24653.25,14:00:00,24623.451734693004,2,58
2025-09-03,24662.15,24663.5,24648.5,24648.5,14:05:00,24627.137283769865,2,59
2025-09-03,24659.0,24673.5,24655.75,24661.9,14:10:00,24630.171828172734,2,60
2025-09-03,24665.55,24667.1,24656.55,24658.9,14:15:00,24633.541177870567,2,61
2025-09-03,24663.9,24667.8,24657.05,24664.5,14:20:00,24636.43249426385,2,62
2025-09-03,24667.15,24671.35,24662.6,24664.15,14:25:00,24639.357971000623,2,63
2025-09-03,24674.35,24679.8,24666.6,24666.6,14:30:00,24642.69054519104,2,64
2025-09-03,24673.6,24680.0,24670.7,24674.25,14:35:00,24645.634302791896,2,65
2025-09-03,24660.75,24675.5,24656.2,24673.4,14:40:00,24647.07389300219,2,66
2025-09-03,24665.8,24676.9,24658.9,24660.7,14:45:00,24648.857331763887,2,67
2025-09-03,24683.9,24685.3,24665.9,24665.9,14:50:00,24652.19472873876,2,68
2025-09-03,24681.0,24685.3,24670.1,24683.8,14:55:00,24654.93808790649,2,69
2025-09-03,24702.8,24703.7,24679.9,24680.05,15:00:00,24659.496365248728,2,70
2025-09-03,24714.35,24714.35,24700.3,24701.55,15:05:00,24664.720520939325,2,71
2025-09-03,24725.35,24736.6,24714.35,24714.35,15:10:00,24670.494757040346,2,72
2025-09-03,24728.4,24728.55,24710.6,24724.6,15:15:00,24676.00954208412,2,73
2025-09-03,24720.6,24728.8,24717.0,24727.8,15:20:00,24680.25625236181,2,74
2025-09-03,24713.6,24720.15,24705.05,24719.75,15:25:00,24683.43184737498,2,75
2025-09-04,24863.8,24970.3,24857.85,24970.3,09:15:00,24726.2290179192,3,1
2025-09-04,24873.75,24882.9,24847.95,24864.85,09:20:00,24740.27863526023,3,2
2025-09-04,24897.2,24900.7,24862.55,24874.65,09:25:00,24755.22352714021,3,3
2025-09-04,24930.25,24933.95,24898.45,24898.45,09:30:00,24771.892715031616,3,4
2025-09-04,24901.15,24931.7,24893.85,24931.2,09:35:00,24784.20293264765,3,5
2025-09-04,24885.85,24913.9,24885.85,24901.35,09:40:00,24793.883605728828,3,6
2025-09-04,24911.6,24912.75,24881.8,24886.6,09:45:00,24805.09469089751,3,7
2025-09-04,24916.35,24919.1,24902.1,24911.6,09:50:00,24815.69043462156,3,8
2025-09-04,24903.35,24919.05,24903.1,24917.3,09:55:00,24824.0389646576,3,9
2025-09-04,24900.7,24914.35,24898.4,24903.15,10:00:00,24831.34001564259,3,10
2025-09-04,24868.2,24901.85,24868.0,24901.05,10:05:00,24834.85049034329,3,11
2025-09-04,24835.7,24873.3,24835.45,24866.5,10:10:00,24834.931396024884,3,12
2025-09-04,24857.8,24858.65,24830.2,24834.95,10:15:00,24837.10935830823,3,13
2025-09-04,24873.75,24877.0,24856.25,24857.5,10:20:00,24840.598943231256,3,14
2025-09-04,24846.55,24874.9,24845.95,24873.65,10:25:00,24841.16571054257,3,15
2025-09-04,24848.3,24853.35,24837.55,24848.65,10:30:00,24841.84516668137,3,16
2025-09-04,24828.95,24849.55,24828.95,24849.55,10:35:00,24840.617055568862,3,17
2025-09-04,24816.5,24830.3,24804.75,24828.9,10:40:00,24838.32019313373,3,18
2025-09-04,24833.85,24834.8,24810.1,24816.55,10:45:00,24837.89446045433,3,19
2025-09-04,24839.55,24845.0,24832.55,24834.15,10:50:00,24838.05213088725,3,20
2025-09-04,24831.9,24839.75,24821.75,24839.75,10:55:00,24837.466213659896,3,21
2025-09-04,24827.25,24848.85,24826.5,24831.7,11:00:00,24836.493240930384,3,22
2025-09-04,24819.05,24840.4,24817.45,24828.7,11:05:00,24834.8319798894,3,23
2025-09-04,24815.5,24822.6,24812.7,24819.25,11:10:00,24832.99083894756,3,24
2025-09-04,24819.5,24825.9,24813.25,24815.95,11:15:00,24831.705997143024,3,25
2025-09-04,24802.8,24821.2,24799.35,24819.3,11:20:00,24828.953045034166,3,26
2025-09-04,24823.85,24826.0,24802.2,24803.75,11:25:00,24828.4670407452,3,27
2025-09-04,24822.4,24832.8,24819.7,24824.8,11:30:00,24827.889227340893,3,28
2025-09-04,24814.6,24823.05,24811.05,24823.05,11:35:00,24826.62358664176,3,29
2025-09-04,24816.15,24829.5,24809.6,24811.5,11:40:00,24825.626102199687,3,30
2025-09-04,24809.25,24822.35,24806.85,24816.7,11:45:00,24824.066473418763,3,31
2025-09-04,24819.6,24820.05,24806.55,24809.85,11:50:00,24823.64109499793,3,32
2025-09-04,24815.55,24823.75,24810.85,24820.6,11:55:00,24822.870514521936,3,33
2025-09-04,24823.05,24827.15,24809.75,24815.45,12:00:00,24822.887608376983,3,34
2025-09-04,24810.1,24837.7,24807.8,24823.2,12:05:00,24821.66974091251,3,35
2025-09-04,24806.1,24810.7,24788.1,24810.1,12:10:00,24820.18690844465,3,36
2025-09-04,24784.65,24807.5,24780.9,24806.35,12:15:00,24816.802440973737,3,37
2025-09-04,24770.85,24788.85,24768.6,24785.5,12:20:00,24812.426018023856,3,38
2025-09-04,24774.75,24778.75,24767.2,24770.75,12:25:00,24808.83782583111,3,39
2025-09-04,24788.7,24794.75,24774.95,24775.0,12:30:00,24806.91993765672,3,40
2025-09-04,24803.8,24806.65,24785.5,24788.85,12:35:00,24806.62280073703,3,41
2025-09-04,24819.35,24819.35,24797.7,24803.5,12:40:00,24807.83491495256,3,42
2025-09-04,24823.45,24832.5,24816.5,24819.8,12:45:00,24809.32206590945,3,43
2025-09-04,24820.4,24823.15,24809.5,24823.15,12:50:00,24810.377107251406,3,44
2025-09-04,24833.2,24837.3,24816.7,24820.05,12:55:00,24812.550716084606,3,45
2025-09-04,24835.7,24838.75,24820.65,24833.6,13:00:00,24814.755409790832,3,46
2025-09-04,24825.8,24837.4,24822.95,24836.3,13:05:00,24815.80727552504,3,47
2025-09-04,24815.85,24833.3,24806.65,24824.25,13:10:00,24815.81134452265,3,48
2025-09-04,24810.7,24828.9,24804.8,24816.0,13:15:00,24815.32454980621,3,49
2025-09-04,24818.8,24824.0,24803.55,24809.3,13:20:00,24815.655545062764,3,50
2025-09-04,24814.95,24820.45,24809.35,24818.6,13:25:00,24815.58835029488,3,51
2025-09-04,24816.2,24823.95,24809.95,24814.3,13:30:00,24815.64660264775,3,52
2025-09-04,24808.25,24817.4,24802.85,24815.85,13:35:00,24814.942164300348,3,53
2025-09-04,24788.3,24808.75,24782.2,24807.85,13:40:00,24812.40481531936,3,54
2025-09-04,24773.25,24788.65,24771.2,24788.45,13:45:00,24808.675785288942,3,55
2025-09-04,24779.15,24791.6,24757.8,24773.4,13:50:00,24805.86380573762,3,56
2025-09-04,24777.0,24786.65,24772.85,24778.7,13:55:00,24803.114871857848,3,57
2025-09-04,24784.45,24790.7,24774.35,24776.65,14:00:00,24801.337265014245,3,58
2025-09-04,24773.9,24784.85,24770.5,24784.85,14:05:00,24798.724192155747,3,59
2025-09-04,24765.5,24775.35,24758.85,24773.7,14:10:00,24795.55998337901,3,60
2025-09-04,24757.4,24766.65,24750.2,24765.55,14:15:00,24791.92569924768,3,61
2025-09-04,24719.95,24764.6,24718.6,24757.6,14:20:00,24785.0708707479,3,62
2025-09-04,24723.2,24726.2,24713.55,24719.4,14:25:00,24779.178406867144,3,63
2025-09-04,24751.3,24764.75,24722.0,24723.8,14:30:00,24776.523320498844,3,64
2025-09-04,24731.55,24751.85,24730.25,24751.35,14:35:00,24772.240147118,3,65
2025-09-04,24771.3,24779.55,24729.3,24731.2,14:40:00,24772.15060929724,3,66
2025-09-04,24763.0,24771.0,24751.2,24771.0,14:45:00,24771.279122697502,3,67
2025-09-04,24734.55,24771.7,24727.35,24762.7,14:50:00,24767.781111012027,3,68
2025-09-04,24744.45,24777.1,24735.55,24735.85,14:55:00,24765.55910043945,3,69
2025-09-04,24734.4,24757.15,24733.25,24743.15,15:00:00,24762.591567064268,3,70
2025-09-04,24736.25,24746.8,24728.8,24734.7,15:05:00,24760.08284639148,3,71
2025-09-04,24718.5,24743.25,24714.55,24736.0,15:10:00,24756.12257530658,3,72
2025-09-04,24728.1,24729.7,24708.75,24719.75,15:15:00,24753.453758610714,3,73
2025-09-04,24748.05,24750.45,24728.15,24728.9,15:20:00,24752.939114933502,3,74
2025-09-04,24739.8,24751.75,24731.55,24749.05,15:25:00,24751.687770654127,3,75
2025-09-05,24827.5,24827.55,24791.35,24813.75,09:15:00,24764.69520454908,4,1
2025-09-05,24791.8,24831.65,24788.75,24826.25,09:20:00,24767.27661363964,4,2
2025-09-05,24783.2,24799.95,24779.9,24793.3,09:25:00,24768.79312662634,4,3
2025-09-05,24811.45,24812.9,24783.8,24784.45,09:30:00,24772.855685995262,4,4
2025-09-05,24783.2,24812.3,24777.3,24812.3,09:35:00,24773.840858757616,4,5
2025-09-05,24778.85,24783.4,24775.6,24783.35,09:40:00,24774.31791982832,4,6
2025-09-05,24794.35,24795.95,24772.85,24778.3,09:45:00,24776.22573698752,4,7
2025-09-05,24798.95,24803.6,24789.65,24793.4,09:50:00,24778.38995251252,4,8
2025-09-05,24781.75,24800.75,24775.3,24798.75,09:55:00,24778.70995703514,4,9
2025-09-05,24770.7,24793.05,24770.7,24782.8,10:00:00,24777.947103984174,4,10
2025-09-05,24756.4,24775.0,24753.7,24770.85,10:05:00,24775.894998842825,4,11
2025-09-05,24679.35,24756.2,24675.3,24756.2,10:10:00,24766.70023704828,4,12
2025-09-05,24650.45,24678.55,24646.7,24678.55,10:15:00,24755.62878590082,4,13
2025-09-05,24675.3,24677.65,24632.3,24651.1,10:20:00,24747.978425338835,4,14
2025-09-05,24721.75,24737.75,24669.85,24676.5,10:25:00,24745.480480068472,4,15
2025-09-05,24689.4,24730.1,24687.75,24721.3,10:30:00,24740.13948196671,4,16
2025-09-05,24706.4,24711.3,24681.85,24688.95,10:35:00,24736.92619796988,4,17
2025-09-05,24702.15,24709.3,24691.1,24705.7,10:40:00,24733.614179115608,4,18
2025-09-05,24693.2,24714.2,24692.1,24701.5,10:45:00,24729.765209676025,4,19
2025-09-05,24667.15,24697.5,24665.5,24693.55,10:50:00,24723.801856373542,4,20
2025-09-05,24681.3,24685.05,24663.75,24666.55,10:55:00,24719.754060528445,4,21
2025-09-05,24697.6,24697.6,24676.8,24681.5,11:00:00,24717.64415000193,4,22
2025-09-05,24681.65,24698.55,24680.6,24698.55,11:05:00,24714.21613571603,4,23
2025-09-05,24691.95,24697.55,24677.25,24681.45,11:10:00,24712.095551362123,4,24
2025-09-05,24688.95,24691.6,24676.05,24691.6,11:15:00,24709.89121313716,4,25
2025-09-05,24683.7,24696.35,24681.6,24689.6,11:20:00,24707.396811886,4,26
2025-09-05,24696.25,24697.65,24681.0,24683.75,11:25:00,24706.335210754,4,27
2025-09-05,24695.1,24708.3,24692.85,24696.0,11:30:00,24705.26519068219,4,28
2025-09-05,24694.25,24706.4,24689.35,24695.3,11:35:00,24704.21612490293,4,29
2025-09-05,24677.05,24696.05,24675.1,24694.3,11:40:00,24701.628874912178,4,30
2025-09-05,24665.05,24677.95,24661.4,24676.6,11:45:00,24698.14517253959,4,31
2025-09-05,24666.8,24674.25,24662.0,24665.0,11:50:00,24695.15991801201,4,32
2025-09-05,24668.0,24669.35,24657.7,24666.6,11:55:00,24692.573259153723,4,33
2025-09-05,24659.6,24668.5,24654.0,24667.7,12:00:00,24689.43294875813,4,34
2025-09-05,24670.2,24673.0,24658.5,24660.0,12:05:00,24687.6012393526,4,35
2025-09-05,24651.55,24671.25,24651.55,24670.5,12:10:00,24684.16778798568,4,36
2025-09-05,24646.35,24655.8,24642.3,24651.65,12:15:00,24680.566093891804,4,37
2025-09-05,24656.7,24662.95,24645.4,24646.6,12:20:00,24678.29313256877,4,38
2025-09-05,24656.95,24658.95,24653.5,24656.45,12:25:00,24676.26045327651,4,39
2025-09-05,24635.45,24664.9,24633.65,24657.55,12:30:00,24672.37374344065,4,40
2025-09-05,24639.75,24640.65,24627.2,24635.2,12:35:00,24669.26672025583,4,41
2025-09-05,24638.5,24643.95,24633.8,24640.65,12:40:00,24666.336556421946,4,42
2025-09-05,24628.25,24639.3,24623.55,24638.0,12:45:00,24662.70926533414,4,43
2025-09-05,24634.3,24634.6,24626.0,24628.15,12:50:00,24660.0036210166,4,44
2025-09-05,24644.95,24648.4,24632.7,24634.0,12:55:00,24658.569942824543,4,45
2025-09-05,24639.05,24659.3,24637.85,24645.15,13:00:00,24656.71090065077,4,46
2025-09-05,24652.05,24652.95,24639.4,24639.6,13:05:00,24656.2670053507,4,47
2025-09-05,24670.65,24671.5,24651.25,24652.0,13:10:00,24657.63681436492,4,48
2025-09-05,24681.1,24686.3,24669.9,24671.4,13:15:00,24659.87140347302,4,49
2025-09-05,24677.55,24683.1,24667.9,24681.15,13:20:00,24661.55507933273,4,50
2025-09-05,24687.7,24698.1,24676.1,24678.6,13:25:00,24664.04507177724,4,51
2025-09-05,24693.35,24694.35,24681.45,24688.0,13:30:00,24666.836017322257,4,52
2025-09-05,24701.45,24706.05,24687.25,24693.5,13:35:00,24670.13258710109,4,53
2025-09-05,24708.0,24708.0,24696.15,24701.3,13:40:00,24673.73900737717,4,54
2025-09-05,24742.85,24760.7,24709.7,24709.7,13:45:00,24680.32100667459,4,55
2025-09-05,24753.95,24754.1,24728.5,24741.85,13:50:00,24687.3332917532,4,56
2025-09-05,24770.3,24777.25,24750.9,24753.85,13:55:00,24695.2348830148,4,57
2025-09-05,24773.7,24790.75,24768.65,24769.6,14:00:00,24702.7077512991,4,58
2025-09-05,24757.45,24774.5,24750.65,24773.65,14:05:00,24707.921298794423,4,59
2025-09-05,24745.35,24762.45,24745.35,24757.85,14:10:00,24711.48593700448,4,60
2025-09-05,24759.5,24763.9,24741.55,24748.2,14:15:00,24716.058704908814,4,61
2025-09-05,24757.2,24765.35,24755.3,24759.65,14:20:00,24719.976923488925,4,62
2025-09-05,24755.0,24760.0,24749.7,24757.3,14:25:00,24723.31245458522,4,63
2025-09-05,24749.15,24764.75,24748.1,24755.45,14:30:00,24725.77317319615,4,64
2025-09-05,24724.25,24752.6,24722.9,24748.9,14:35:00,24725.62810908224,4,65
2025-09-05,24727.3,24744.9,24720.75,24725.1,14:40:00,24725.78733678869,4,66
2025-09-05,24729.0,24735.25,24726.8,24726.8,14:45:00,24726.093304713577,4,67
2025-09-05,24739.0,24742.6,24728.6,24729.0,14:50:00,24727.32251378848,4,68
2025-09-05,24748.45,24750.9,24738.45,24739.1,14:55:00,24729.334655332423,4,69
2025-09-05,24729.45,24749.35,24724.75,24746.05,15:00:00,24729.345640538864,4,70
2025-09-05,24749.85,24752.6,24727.4,24730.7,15:05:00,24731.298436678026,4,71
2025-09-05,24735.55,24759.0,24735.2,24748.55,15:10:00,24731.70334747059,4,72
2025-09-05,24739.4,24744.8,24733.75,24736.4,15:15:00,24732.4363619972,4,73
2025-09-05,24745.8,24749.55,24735.25,24739.1,15:20:00,24733.70908942604,4,74
2025-09-05,24743.95,24749.5,24734.55,24745.6,15:25:00,24734.684414242605,4,75
2025-09-08,24787.65,24831.15,24785.25,24802.5,09:15:00,24745.580892384536,0,1
2025-09-08,24766.9,24808.65,24758.5,24788.95,09:20:00,24747.611283586008,0,2
2025-09-08,24788.05,24796.65,24765.6,24766.45,09:25:00,24751.46258991115,0,3
2025-09-08,24823.6,24824.45,24783.8,24787.75,09:30:00,24758.33281944342,0,4
2025-09-08,24835.25,24838.05,24821.8,24822.65,09:35:00,24765.65826521072,0,5
2025-09-08,24829.05,24845.45,24822.45,24835.4,09:40:00,24771.695573285884,0,6
2025-09-08,24827.6,24835.55,24824.1,24828.75,09:45:00,24777.019804401512,0,7
2025-09-08,24810.8,24830.1,24810.5,24827.8,09:50:00,24780.236965887085,0,8
2025-09-08,24809.8,24821.55,24801.95,24810.05,09:55:00,24783.05249294545,0,9
2025-09-08,24826.1,24830.75,24808.9,24808.9,10:00:00,24787.15225552208,0,10
2025-09-08,24810.95,24831.4,24809.45,24827.75,10:05:00,24789.41870737712,0,11
2025-09-08,24800.45,24830.35,24798.6,24811.3,10:10:00,24790.46930667454,0,12
2025-09-08,24804.8,24815.65,24792.5,24800.3,10:15:00,24791.834134610297,0,13
2025-09-08,24796.55,24805.3,24794.85,24805.15,10:20:00,24792.28326464741,0,14
2025-09-08,24789.35,24806.55,24786.6,24797.05,10:25:00,24792.00390610956,0,15
2025-09-08,24783.05,24790.2,24768.55,24789.3,10:30:00,24791.151153146744,0,16
2025-09-08,24792.55,24793.5,24764.95,24783.45,10:35:00,24791.28437665658,0,17
2025-09-08,24802.0,24809.2,24791.35,24792.7,10:40:00,24792.30491221309,0,18
2025-09-08,24795.75,24812.05,24790.25,24803.1,10:45:00,24792.633015811847,0,19
2025-09-08,24785.95,24799.35,24783.3,24797.75,10:50:00,24791.99653811548,0,20
2025-09-08,24786.6,24792.9,24781.15,24785.95,10:55:00,24791.48258210448,0,21
2025-09-08,24787.35,24790.7,24778.9,24786.1,11:00:00,24791.089002856435,0,22
2025-09-08,24794.0,24794.4,24782.2,24786.95,11:05:00,24791.366240679632,0,23
2025-09-08,24806.8,24807.45,24793.7,24794.25,11:10:00,24792.836122519668,0,24
2025-09-08,24814.6,24818.5,24805.5,24806.65,11:15:00,24794.90887275589,0,25
2025-09-08,24801.7,24815.35,24800.5,24814.8,11:20:00,24795.555646779136,0,26
2025-09-08,24818.6,24819.9,24797.75,24801.65,11:25:00,24797.750347085886,0,27
2025-09-08,24823.9,24826.95,24812.55,24818.7,11:30:00,24800.240790220567,0,28
2025-09-08,24816.7,24825.05,24813.6,24823.8,11:35:00,24801.808334009085,0,29
2025-09-08,24827.45,24828.6,24814.05,24816.95,11:40:00,24804.25039743679,0,30
2025-09-08,24820.75,24828.35,24818.8,24827.45,11:45:00,24805.821788157096,0,31
2025-09-08,24815.45,24822.0,24813.65,24821.25,11:50:00,24806.73876071356,0,32
2025-09-08,24815.25,24818.7,24807.55,24815.5,11:55:00,24807.54935493132,0,33
2025-09-08,24828.5,24828.5,24814.15,24815.0,12:00:00,24809.544654461664,0,34
2025-09-08,24828.75,24836.85,24827.55,24828.35,12:05:00,24811.373734989123,0,35
2025-09-08,24835.75,24835.8,24822.4,24827.85,12:10:00,24813.69528403777,0,36
2025-09-08,24835.6,24838.15,24829.9,24835.35,12:15:00,24815.781447462752,0,37
2025-09-08,24831.0,24839.1,24830.05,24835.95,12:20:00,24817.23083341868,0,38
2025-09-08,24830.4,24832.0,24821.25,24831.65,12:25:00,24818.485039759755,0,39
2025-09-08,24831.35,24832.3,24821.0,24830.2,12:30:00,24819.710274068348,0,40
2025-09-08,24852.3,24852.9,24830.75,24831.45,12:35:00,24822.81405749041,0,41
2025-09-08,24853.55,24866.4,24851.7,24852.2,12:40:00,24825.74129011037,0,42
2025-09-08,24853.4,24861.15,24852.1,24853.5,12:45:00,24828.375452957003,0,43
2025-09-08,24858.05,24858.05,24848.0,24853.75,12:50:00,24831.20160029444,0,44
2025-09-08,24863.2,24863.2,24855.8,24857.8,12:55:00,24834.24906693306,0,45
2025-09-08,24858.65,24865.55,24853.85,24863.85,13:00:00,24836.572965320385,0,46
2025-09-08,24864.1,24867.6,24857.6,24858.85,13:05:00,24839.194587670823,0,47
2025-09-08,24867.8,24868.1,24858.85,24864.05,13:10:00,24841.91891265456,0,48
2025-09-08,24853.1,24870.6,24849.75,24867.75,13:15:00,24842.983778116024,0,49
2025-09-08,24848.85,24858.25,24848.25,24852.65,13:20:00,24843.542465914496,0,50
2025-09-08,24854.9,24855.65,24845.4,24850.65,13:25:00,24844.6241358274,0,51
2025-09-08,24858.1,24865.2,24851.7,24858.55,13:30:00,24845.90755146289,0,52
2025-09-08,24854.6,24861.1,24850.75,24858.25,13:35:00,24846.735403704515,0,53
2025-09-08,24849.7,24856.9,24844.3,24855.0,13:40:00,24847.017746208847,0,54
2025-09-08,24839.9,24852.75,24835.05,24852.75,13:45:00,24846.33986561753,0,55
2025-09-08,24838.15,24847.15,24837.0,24841.1,13:50:00,24845.55987841586,0,56
2025-09-08,24848.95,24854.65,24838.25,24838.25,13:55:00,24845.88274713816,0,57
2025-09-08,24839.65,24856.85,24839.45,24852.0,14:00:00,24845.28915217262,0,58
2025-09-08,24849.2,24849.3,24828.95,24839.65,14:05:00,24845.661613870463,0,59
2025-09-08,24856.1,24856.15,24840.8,24849.0,14:10:00,24846.6557458828,0,60
2025-09-08,24865.15,24865.2,24855.2,24856.6,14:15:00,24848.41710341777,0,61
2025-09-08,24857.05,24867.35,24855.1,24865.15,14:20:00,24849.23928404465,0,62
2025-09-08,24860.4,24864.05,24856.0,24858.55,14:25:00,24850.30220937373,0,63
2025-09-08,24879.75,24883.75,24860.15,24860.15,14:30:00,24853.10676086195,0,64
2025-09-08,24874.9,24885.3,24870.9,24882.7,14:35:00,24855.182307446525,0,65
2025-09-08,24872.65,24880.3,24872.05,24875.1,14:40:00,24856.845897213523,0,66
2025-09-08,24779.7,24873.9,24770.65,24873.25,14:45:00,24849.498668907472,0,67
2025-09-08,24812.05,24814.0,24781.35,24781.35,14:50:00,24845.93212901152,0,68
2025-09-08,24807.25,24814.35,24795.3,24812.3,14:55:00,24842.24811672471,0,69
2025-09-08,24773.2,24810.2,24766.3,24810.2,15:00:00,24835.672105608068,0,70
2025-09-08,24768.1,24780.05,24766.25,24773.55,15:05:00,24829.23666697873,0,71
2025-09-08,24768.75,24772.6,24751.85,24768.1,15:10:00,24823.47603202837,0,72
2025-09-08,24774.65,24781.2,24762.95,24768.4,15:15:00,24818.82593373996,0,73
2025-09-08,24787.0,24789.15,24767.65,24773.75,15:20:00,24815.79489243139,0,74
2025-09-08,24791.2,24800.8,24769.65,24787.45,15:25:00,24813.45252172364,0,75
2025-09-09,24854.2,24870.65,24841.3,24861.9,09:15:00,24821.697415742023,1,1
2025-09-09,24850.75,24878.8,24850.75,24851.85,09:20:00,24824.464328528506,1,2
2025-09-09,24850.25,24855.25,24842.35,24850.85,09:25:00,24826.92010676388,1,3
2025-09-09,24837.7,24865.05,24831.9,24850.15,09:30:00,24827.94676326256,1,4
2025-09-09,24847.4,24858.55,24832.7,24837.95,09:35:00,24829.79945247565,1,5
2025-09-09,24854.75,24854.95,24837.9,24847.15,09:40:00,24832.175695097016,1,6
2025-09-09,24850.9,24861.2,24847.9,24854.0,09:45:00,24833.95896223064,1,7
2025-09-09,24858.75,24859.2,24847.4,24851.05,09:50:00,24836.32001344676,1,8
2025-09-09,24847.25,24859.55,24846.45,24858.8,09:55:00,24837.36096454707,1,9
2025-09-09,24844.85,24851.7,24838.05,24848.5,10:00:00,24838.07420601878,1,10
2025-09-09,24839.1,24847.85,24836.8,24845.35,10:05:00,24838.171900683657,1,11
2025-09-09,24824.1,24842.15,24823.6,24839.35,10:10:00,24836.831719666166,1,12
2025-09-09,24824.75,24834.05,24820.05,24825.2,10:15:00,24835.68107969796,1,13
2025-09-09,24826.4,24830.45,24816.65,24824.8,10:20:00,24834.79716734577,1,14
2025-09-09,24829.15,24832.45,24821.65,24826.45,10:25:00,24834.25934188427,1,15
2025-09-09,24831.85,24835.6,24823.2,24829.35,10:30:00,24834.02988075244,1,16
2025-09-09,24819.1,24833.85,24818.5,24832.3,10:35:00,24832.60798734744,1,17
2025-09-09,24823.15,24826.65,24814.9,24818.9,10:40:00,24831.707226647683,1,18
2025-09-09,24822.35,24826.25,24816.4,24823.4,10:45:00,24830.816062205045,1,19
2025-09-09,24818.5,24829.15,24818.1,24823.35,10:50:00,24829.643103899805,1,20
2025-09-09,24831.65,24833.5,24817.6,24818.45,10:55:00,24829.83423686173,1,21
2025-09-09,24838.7,24847.0,24830.85,24830.85,11:00:00,24830.67859525585,1,22
2025-09-09,24841.2,24844.85,24836.45,24837.85,11:05:00,24831.68063380291,1,23
2025-09-09,24838.5,24845.55,24829.65,24841.35,11:10:00,24832.33009725025,1,24
2025-09-09,24835.9,24840.55,24833.6,24838.05,11:15:00,24832.67008798832,1,25
2025-09-09,24853.05,24855.8,24835.25,24835.35,11:20:00,24834.611031989432,1,26
2025-09-09,24841.1,24852.15,24839.6,24850.45,11:25:00,24835.22902894282,1,27
2025-09-09,24840.4,24841.4,24832.25,24840.35,11:30:00,24835.72150237684,1,28
2025-09-09,24845.25,24851.75,24836.65,24839.3,11:35:00,24836.62897834095,1,29
2025-09-09,24846.95,24848.85,24842.4,24845.75,11:40:00,24837.611932784668,1,30
2025-09-09,24841.5,24847.0,24841.15,24846.8,11:45:00,24837.982224900414,1,31
2025-09-09,24838.0,24849.25,24837.1,24841.25,11:50:00,24837.98391776704,1,32
2025-09-09,24846.85,24848.15,24837.1,24838.0,11:55:00,24838.82830655113,1,33
2025-09-09,24831.9,24849.3,24831.6,24846.55,12:00:00,24838.168467831976,1,34
2025-09-09,24816.05,24834.3,24814.15,24832.55,12:05:00,24836.06194708608,1,35
2025-09-09,24841.35,24843.5,24815.55,24816.4,12:10:00,24836.56557117312,1,36
2025-09-09,24849.65,24851.3,24840.3,24842.25,12:15:00,24837.811707251865,1,37
2025-09-09,24851.4,24860.6,24848.55,24849.95,12:20:00,24839.105830370736,1,38
2025-09-09,24839.1,24857.45,24838.45,24851.75,12:25:00,24839.10527509733,1,39
2025-09-09,24853.05,24854.25,24838.25,24839.3,12:30:00,24840.433344135683,1,40
2025-09-09,24846.75,24856.75,24843.65,24853.3,12:35:00,24841.03493040848,1,41
2025-09-09,24853.3,24854.5,24845.2,24847.1,12:40:00,24842.20303227433,1,42
2025-09-09,24863.75,24868.2,24852.2,24852.6,12:45:00,24844.255124438685,1,43
2025-09-09,24856.2,24869.3,24855.85,24863.9,12:50:00,24845.392731635,1,44
2025-09-09,24856.15,24856.65,24836.95,24854.95,12:55:00,24846.41723338405,1,45
2025-09-09,24857.9,24860.9,24849.2,24855.15,13:00:00,24847.510830204617,1,46
2025-09-09,24859.7,24866.4,24855.05,24857.8,13:05:00,24848.671703518463,1,47
2025-09-09,24854.8,24862.95,24848.5,24858.75,13:10:00,24849.25535080242,1,48
2025-09-09,24858.25,24860.9,24848.4,24854.8,13:15:00,24850.11198405933,1,49
2025-09-09,24858.9,24861.15,24854.4,24857.65,13:20:00,24850.948937958445,1,50
2025-09-09,24859.65,24865.0,24857.05,24858.6,13:25:00,24851.77761053383,1,51
2025-09-09,24870.4,24872.45,24859.45,24859.45,13:30:00,24853.55117143537,1,52
2025-09-09,24864.7,24874.0,24860.75,24870.2,13:35:00,24854.612964632,1,53
2025-09-09,24858.5,24869.1,24852.95,24864.85,13:40:00,24854.98315847657,1,54
2025-09-09,24858.1,24862.15,24853.65,24858.5,13:45:00,24855.28000052642,1,55
2025-09-09,24860.2,24864.5,24855.7,24857.9,13:50:00,24855.748571904856,1,56
2025-09-09,24858.95,24866.6,24856.9,24859.6,13:55:00,24856.05346981868,1,57
2025-09-09,24866.3,24870.65,24843.6,24857.45,14:00:00,24857.029329835947,1,58
2025-09-09,24869.45,24876.35,24860.25,24867.0,14:05:00,24858.21225080395,1,59
2025-09-09,24873.75,24877.0,24863.05,24870.3,14:10:00,24859.69203644167,1,60
2025-09-09,24869.8,24878.85,24862.85,24874.35,14:15:00,24860.6546996377,1,61
2025-09-09,24860.3,24870.4,24855.45,24869.2,14:20:00,24860.620918719826,1,62
2025-09-09,24875.8,24891.1,24857.25,24860.2,14:25:00,24862.066545508416,1,63
2025-09-09,24872.0,24889.4,24867.75,24875.95,14:30:00,24863.012588793328,1,64
2025-09-09,24857.0,24871.85,24825.6,24871.85,14:35:00,24862.4399612892,1,65
2025-09-09,24839.95,24864.25,24839.3,24856.15,14:40:00,24860.29806021404,1,66
2025-09-09,24858.15,24859.25,24831.35,24838.15,14:45:00,24860.0934830508,1,67
2025-09-09,24875.35,24875.9,24851.95,24858.25,14:50:00,24861.54648466501,1,68
2025-09-09,24860.15,24884.0,24856.2,24876.0,14:55:00,24861.41348612549,1,69
2025-09-09,24865.0,24871.25,24859.35,24861.1,15:00:00,24861.75505887544,1,70
2025-09-09,24857.7,24870.45,24855.0,24864.85,15:05:00,24861.368862792064,1,71
2025-09-09,24870.35,24877.5,24853.0,24858.45,15:10:00,24862.224209192816,1,72
2025-09-09,24868.0,24875.2,24860.9,24871.05,15:15:00,24862.77428450779,1,73
2025-09-09,24877.1,24882.0,24867.05,24868.4,15:20:00,24864.13863836419,1,74
2025-09-09,24878.8,24883.05,24865.25,24876.4,15:25:00,24865.534958519984,1,75
2025-09-10,24962.65,24988.95,24958.85,24988.95,09:15:00,24885.59505674765,2,1
2025-09-10,24966.1,24979.9,24959.75,24963.0,09:20:00,24893.26219420026,2,2
2025-09-10,24990.65,24991.3,24960.5,24965.05,09:25:00,24902.53722332404,2,3
2025-09-10,24990.45,24991.4,24981.15,24990.9,09:30:00,24910.909868721752,2,4
2025-09-10,24994.45,25000.2,24985.95,24990.35,09:35:00,24918.866071700635,2,5
2025-09-10,25012.25,25013.85,24990.0,24994.3,09:40:00,24927.75977915772,2,6
2025-09-10,25003.7,25017.1,24992.7,25012.85,09:45:00,24934.992181142698,2,7
2025-09-10,24993.7,25006.35,24989.95,25004.05,09:50:00,24940.58340198625,2,8
2025-09-10,24999.95,25007.05,24992.7,24993.55,09:55:00,24946.237363701846,2,9
2025-09-10,25006.45,25010.65,25000.45,25000.45,10:00:00,24951.971900492143,2,10
2025-09-10,25003.75,25013.75,25002.25,25006.5,10:05:00,24956.90314806432,2,11
2025-09-10,25005.45,25007.8,24999.9,25003.8,10:10:00,24961.52665777248,2,12
2025-09-10,25008.7,25010.6,25002.0,25004.3,10:15:00,24966.019357032244,2,13
2025-09-10,25009.7,25014.45,25006.95,25008.95,10:20:00,24970.179418267267,2,14
2025-09-10,25029.1,25032.95,25008.7,25009.15,10:25:00,24975.790902241813,2,15
2025-09-10,25018.25,25035.35,25017.0,25028.65,10:30:00,24979.83462583784,2,16
2025-09-10,25010.4,25023.15,25008.05,25018.6,10:35:00,24982.74561385328,2,17
2025-09-10,25001.35,25012.6,24997.8,25009.9,10:40:00,24984.517460152965,2,18
2025-09-10,24996.15,25001.4,24990.35,25001.4,10:45:00,24985.62532109077,2,19
2025-09-10,25008.65,25008.9,24992.55,24996.85,10:50:00,24987.81814765356,2,20
2025-09-10,25012.15,25012.75,25004.3,25008.6,10:55:00,24990.13546692465,2,21
2025-09-10,25019.1,25020.25,25011.3,25012.2,11:00:00,24992.89399388421,2,22
2025-09-10,25025.95,25027.85,25016.25,25019.85,11:05:00,24996.042184942857,2,23
2025-09-10,25013.1,25027.35,25010.85,25025.85,11:10:00,24997.666738757824,2,24
2025-09-10,24981.2,25014.35,24979.85,25012.85,11:15:00,24996.098477923748,2,25
2025-09-10,24993.55,24994.05,24967.95,24981.35,11:20:00,24995.855765740533,2,26
2025-09-10,24989.5,24995.6,24986.65,24993.3,11:25:00,24995.250454717625,2,27
2025-09-10,24992.15,24992.25,24982.2,24989.45,11:30:00,24994.955173315942,2,28
2025-09-10,24997.3,24997.85,24988.95,24992.2,11:35:00,24995.178490143,2,29
2025-09-10,24988.9,25000.4,24988.45,24997.2,11:40:00,24994.58053870081,2,30
2025-09-10,24978.75,24988.9,24976.3,24988.6,11:45:00,24993.07286834836,2,31
2025-09-10,24985.35,24986.3,24972.65,24978.55,11:50:00,24992.33735707708,2,32
2025-09-10,24976.1,24986.15,24975.15,24985.85,11:55:00,24990.79094211736,2,33
2025-09-10,24971.75,24981.7,24969.75,24976.3,12:00:00,24988.977519058564,2,34
2025-09-10,24989.85,24992.95,24970.25,24971.85,12:05:00,24989.06061248156,2,35
2025-09-10,24990.15,24995.7,24987.25,24989.35,12:10:00,24989.16436367379,2,36
2025-09-10,24991.95,24998.0,24989.75,24990.3,12:15:00,24989.429662371524,2,37
2025-09-10,24988.4,24993.7,24982.75,24991.25,12:20:00,24989.33159928852,2,38
2025-09-10,24994.65,25000.9,24988.45,24988.45,12:25:00,24989.838113642,2,39
2025-09-10,24989.6,24996.25,24987.65,24995.0,12:30:00,24989.815436152283,2,40
2025-09-10,24979.35,24991.6,24976.2,24990.15,12:35:00,24988.818727947302,2,41
2025-09-10,24984.2,24984.35,24976.65,24978.85,12:40:00,24988.378849095177,2,42
2025-09-10,24976.45,24989.15,24975.05,24984.0,12:45:00,24987.24276822897,2,43
2025-09-10,24972.5,24981.4,24971.1,24976.65,12:50:00,24985.838695064307,2,44
2025-09-10,24976.2,24980.45,24970.25,24973.4,12:55:00,24984.920724105803,2,45
2025-09-10,24972.95,24976.15,24967.7,24976.15,13:00:00,24983.780655143342,2,46
2025-09-10,24974.4,24980.15,24971.65,24973.4,13:05:00,24982.88725941541,2,47
2025-09-10,24959.6,24976.85,24958.7,24973.45,13:10:00,24980.66942518537,2,48
2025-09-10,24951.0,24961.8,24946.7,24959.9,13:15:00,24977.843765643905,2,49
2025-09-10,24958.75,24959.45,24946.7,24951.45,13:20:00,24976.025311773057,2,50
2025-09-10,24967.0,24968.9,24956.8,24958.5,13:25:00,24975.16575827086,2,51
2025-09-10,24955.05,24968.5,24953.55,24967.35,13:30:00,24973.24997176888,2,52
2025-09-10,24957.1,24957.6,24949.0,24954.85,13:35:00,24971.71187921946,2,53
2025-09-10,24964.1,24965.5,24955.9,24956.7,13:40:00,24970.98693834141,2,54
2025-09-10,24958.35,24965.95,24958.0,24964.15,13:45:00,24969.78342040414,2,55
2025-09-10,24958.6,24963.85,24954.7,24958.85,13:50:00,24968.7183327466,2,56
2025-09-10,24958.65,24967.8,24953.55,24959.0,13:55:00,24967.75944391359,2,57
2025-09-10,24955.8,24959.85,24954.1,24959.25,14:00:00,24966.62044925515,2,58
2025-09-10,24970.2,24978.65,24954.6,24955.75,14:05:00,24966.961358849898,2,59
2025-09-10,24962.85,24974.75,24961.55,24971.95,14:10:00,24966.5698008642,2,60
2025-09-10,24944.55,24966.0,24943.1,24962.8,14:15:00,24964.472676972367,2,61
2025-09-10,24946.9,24955.9,24940.05,24944.8,14:20:00,24962.799088689288,2,62
2025-09-10,24945.1,24950.55,24937.5,24946.95,14:25:00,24961.11346119507,2,63
2025-09-10,24944.3,24951.25,24939.4,24945.45,14:30:00,24959.51217917649,2,64
2025-09-10,24948.75,24953.6,24942.05,24943.65,14:35:00,24958.48720973111,2,65
2025-09-10,24918.4,24949.7,24915.35,24948.3,14:40:00,24954.66938023291,2,66
2025-09-10,24948.9,24953.85,24918.2,24918.2,14:45:00,24954.119915448824,2,67
2025-09-10,24953.35,24957.4,24948.3,24948.8,14:50:00,24954.046590167985,2,68
2025-09-10,24940.55,24957.7,24932.85,24953.05,14:55:00,24952.76120062817,2,69
2025-09-10,24961.95,24963.3,24939.55,24939.55,15:00:00,24953.63632437788,2,70
2025-09-10,24972.8,24975.55,24962.1,24962.1,15:05:00,24955.461436341888,2,71
2025-09-10,24978.6,24979.8,24969.0,24971.4,15:10:00,24957.66510907124,2,72
2025-09-10,24980.9,24987.9,24975.75,24978.55,15:15:00,24959.87795582636,2,73
2025-09-10,24981.65,24986.3,24974.75,24981.3,15:20:00,24961.95148384289,2,74
2025-09-10,24977.55,24982.05,24972.35,24981.0,15:25:00,24963.43705681024,2,75
2025-09-11,25000.8,25002.1,24945.5,24945.5,09:15:00,24965.449835620173,3,1
2025-09-11,25003.2,25006.7,24992.95,25002.35,09:20:00,24969.04508937064,3,2
2025-09-11,24985.45,25008.75,24985.45,25003.55,09:25:00,24970.607461811524,3,3
2025-09-11,24984.4,24993.25,24972.35,24985.2,09:30:00,24971.92103687709,3,4
2025-09-11,24990.45,24994.9,24977.45,24984.3,09:35:00,24973.685700031656,3,5
2025-09-11,24978.45,24990.65,24971.2,24990.5,09:40:00,24974.139442885786,3,6
2025-09-11,24982.45,24984.25,24967.4,24978.2,09:45:00,24974.93092451571,3,7
2025-09-11,24985.0,24991.65,24979.9,24982.35,09:50:00,24975.88988408564,3,8
2025-09-11,24980.45,24984.75,24974.8,24984.65,09:55:00,24976.32418083939,3,9
2025-09-11,24966.2,24984.65,24959.1,24979.6,10:00:00,24975.359973140403,3,10
2025-09-11,24957.85,24970.9,24957.7,24966.4,10:05:00,24973.69235665084,3,11
2025-09-11,24964.5,24966.55,24957.5,24958.35,10:10:00,24972.816894112664,3,12
2025-09-11,24977.35,24977.65,24964.75,24965.45,10:15:00,24973.248618482885,3,13
2025-09-11,24973.3,24979.7,24967.15,24976.8,10:20:00,24973.253511960706,3,14
2025-09-11,24979.75,24980.65,24966.3,24974.0,10:25:00,24973.872225107305,3,15
2025-09-11,24983.65,24989.05,24979.35,24980.35,10:30:00,24974.80344176376,3,16
2025-09-11,24987.6,24989.35,24979.55,24983.65,10:35:00,24976.02216159577,3,17
2025-09-11,24982.4,24988.85,24981.7,24987.65,10:40:00,24976.629574777133,3,18
2025-09-11,24984.15,24987.55,24974.95,24982.35,10:45:00,24977.34580575074,3,19
2025-09-11,24980.1,24986.7,24976.6,24985.0,10:50:00,24977.60810996496,3,20
2025-09-11,24976.95,24983.2,24971.6,24980.25,10:55:00,24977.54543282544,3,21
2025-09-11,24985.45,24991.8,24973.95,24976.3,11:00:00,24978.298248746825,3,22
2025-09-11,24986.8,24988.25,24981.65,24985.5,11:05:00,24979.107939342368,3,23
2025-09-11,24981.0,24987.65,24980.2,24986.7,11:10:00,24979.28813559548,3,24
2025-09-11,24984.85,24988.95,24980.2,24982.0,11:15:00,24979.817836967333,3,25
2025-09-11,24978.85,24989.0,24974.15,24984.95,11:20:00,24979.725662018063,3,26
2025-09-11,24977.85,24984.7,24973.7,24978.25,11:25:00,24979.54702754016,3,27
2025-09-11,24974.8,24979.5,24973.15,24977.95,11:30:00,24979.094929679184,3,28
2025-09-11,24962.5,24975.7,24962.4,24974.6,11:35:00,24977.51446018593,3,29
2025-09-11,24963.45,24965.9,24956.85,24961.55,11:40:00,24976.174987787268,3,30
2025-09-11,24968.1,24971.95,24960.85,24962.6,11:45:00,24975.40594133134,3,31
2025-09-11,24963.85,24972.05,24961.35,24968.85,11:50:00,24974.30537549026,3,32
2025-09-11,24976.5,24978.65,24963.15,24963.9,11:55:00,24974.51438734833,3,33
2025-09-11,24980.8,24984.95,24975.2,24976.25,12:00:00,24975.113017124684,3,34
2025-09-11,24984.4,24986.7,24980.0,24980.65,12:05:00,24975.99749168424,3,35
2025-09-11,24986.95,24988.35,24980.6,24983.9,12:10:00,24977.04058771432,3,36
2025-09-11,24997.45,24998.2,24985.95,24987.0,12:15:00,24978.98434126533,3,37
2025-09-11,25001.45,25004.95,24986.4,24997.55,12:20:00,24981.123927811488,3,38
2025-09-11,25006.4,25008.7,24995.45,25001.7,12:25:00,24983.531172781823,3,39
2025-09-11,25008.7,25012.45,24997.3,25007.2,12:30:00,24985.92820394546,3,40
2025-09-11,24999.9,25008.95,24997.75,25008.6,12:35:00,24987.25885118875,3,41
2025-09-11,25000.8,25007.75,24999.1,25000.3,12:40:00,24988.54848440887,3,42
2025-09-11,24997.1,25003.0,24993.6,25000.95,12:45:00,24989.36291446517,3,43
2025-09-11,25005.85,25007.55,24995.45,24996.55,12:50:00,24990.933113087536,3,44
2025-09-11,25007.7,25012.1,24995.0,25005.7,12:55:00,24992.52995946016,3,45
2025-09-11,25009.25,25011.2,25002.2,25007.9,13:00:00,24994.12234427347,3,46
2025-09-11,25008.1,25014.7,25006.5,25009.95,13:05:00,24995.45354958076,3,47
2025-09-11,25007.3,25012.6,25005.25,25007.85,13:10:00,24996.581782954017,3,48
2025-09-11,24998.0,25009.15,24996.7,25007.05,13:15:00,24996.71685124411,3,49
2025-09-11,24995.1,25001.1,24991.25,24999.8,13:20:00,24996.56286541134,3,50
2025-09-11,25010.0,25011.15,24992.25,24994.25,13:25:00,24997.842592515022,3,51
2025-09-11,25004.35,25012.25,24997.15,25009.15,13:30:00,24998.462345608827,3,52
2025-09-11,25007.05,25011.9,25001.7,25004.2,13:35:00,24999.280217455605,3,53
2025-09-11,25012.05,25014.85,25005.6,25006.5,13:40:00,25000.496387221738,3,54
2025-09-11,25013.55,25020.95,25005.2,25011.8,13:45:00,25001.739588438715,3,55
2025-09-11,25015.5,25026.3,25003.65,25013.7,13:50:00,25003.050103825502,3,56
2025-09-11,25009.1,25020.9,25000.0,25015.25,13:55:00,25003.62628441356,3,57
2025-09-11,25010.35,25013.5,24994.15,25008.6,14:00:00,25004.26663827893,3,58
2025-09-11,25012.55,25013.35,25007.7,25010.6,14:05:00,25005.05552987141,3,59
2025-09-11,25013.85,25014.05,25007.3,25012.5,14:10:00,25005.89309845509,3,60
2025-09-11,25018.7,25020.75,25005.95,25012.9,14:15:00,25007.112803364125,3,61
2025-09-11,25020.5,25022.85,25011.45,25018.25,14:20:00,25008.387774472307,3,62
2025-09-11,25020.2,25024.95,25018.95,25020.6,14:25:00,25009.51274833209,3,63
2025-09-11,25010.15,25019.9,24986.9,25019.75,14:30:00,25009.57343896713,3,64
2025-09-11,25022.5,25024.6,24993.1,25009.2,14:35:00,25010.80454001788,3,65
2025-09-11,25017.55,25022.65,25010.3,25022.5,14:40:00,25011.44696477808,3,66
2025-09-11,25020.25,25036.95,25012.9,25016.8,14:45:00,25012.28534908493,3,67
2025-09-11,25020.25,25022.75,25004.95,25020.0,14:50:00,25013.04388726732,3,68
2025-09-11,25013.9,25021.25,24991.45,25020.85,14:55:00,25013.12542181329,3,69
2025-09-11,25012.05,25016.4,24998.8,25012.5,15:00:00,25013.02300068821,3,70
2025-09-11,25003.4,25018.45,24992.4,25011.8,15:05:00,25012.10652443219,3,71
2025-09-11,25000.7,25017.95,24993.3,25005.0,15:10:00,25011.02018877198,3,72
2025-09-11,25004.7,25016.15,25000.05,25000.8,15:15:00,25010.4182660318,3,73
2025-09-11,25002.8,25010.05,24992.8,25004.0,15:20:00,25009.692716885907,3,74
2025-09-11,25008.1,25010.35,24996.85,25002.9,15:25:00,25009.54102956344,3,75
2025-09-12,25053.3,25085.4,25052.75,25078.55,09:15:00,25019.301613769618,4,1
2025-09-12,25046.75,25060.3,25044.55,25055.35,09:20:00,25021.91574579156,4,2
2025-09-12,25059.1,25061.15,25038.65,25046.5,09:25:00,25025.457103335222,4,3
2025-09-12,25051.95,25060.5,25042.65,25060.0,09:30:00,25027.980236350915,4,4
2025-09-12,25055.8,25060.15,25042.85,25051.9,09:35:00,25030.629737650823,4,5
2025-09-12,25049.7,25055.6,25039.95,25055.3,09:40:00,25032.44595311265,4,6
2025-09-12,25059.0,25060.6,25047.2,25048.55,09:45:00,25034.974909959063,4,7
2025-09-12,25057.75,25064.7,25054.0,25059.7,09:50:00,25037.14396615344,4,8
2025-09-12,25054.3,25059.55,25046.65,25057.55,09:55:00,25038.777874138832,4,9
2025-09-12,25066.65,25073.95,25054.05,25055.35,10:00:00,25041.432362316085,4,10
2025-09-12,25073.75,25076.65,25064.6,25066.25,10:05:00,25044.51023257169,4,11
2025-09-12,25074.7,25077.6,25070.45,25073.85,10:10:00,25047.38544851725,4,12
2025-09-12,25067.85,25078.3,25064.2,25074.85,10:15:00,25049.334453420368,4,13
2025-09-12,25074.3,25079.15,25066.45,25067.15,10:20:00,25051.71212452319,4,14
2025-09-12,25071.25,25075.15,25068.0,25074.45,10:25:00,25053.5728745686,4,15
2025-09-12,25074.3,25075.75,25070.95,25071.25,10:30:00,25055.546886514447,4,16
2025-09-12,25078.65,25079.8,25071.3,25074.05,10:35:00,25057.74718303688,4,17
2025-09-12,25088.5,25088.9,25077.95,25078.45,10:40:00,25060.67602274765,4,18
2025-09-12,25088.25,25089.8,25083.9,25088.4,10:45:00,25063.302115819304,4,19
2025-09-12,25086.15,25092.85,25084.6,25088.25,10:50:00,25065.478104788897,4,20
2025-09-12,25082.35,25093.35,25080.85,25084.95,10:55:00,25067.08495195186,4,21
2025-09-12,25088.5,25092.35,25078.65,25082.45,11:00:00,25069.1244803374,4,22
2025-09-12,25102.75,25103.55,25086.9,25088.05,11:05:00,25072.326910781456,4,23
2025-09-12,25099.75,25103.95,25097.15,25101.95,11:10:00,25074.938633564176,4,24
2025-09-12,25114.65,25116.55,25097.7,25099.8,11:15:00,25078.720668462825,4,25
2025-09-12,25118.8,25122.95,25113.25,25115.4,11:20:00,25082.537747656843,4,26
2025-09-12,25132.85,25133.2,25118.0,25118.6,11:25:00,25087.32939073714,4,27
2025-09-12,25128.2,25139.3,25124.75,25132.85,11:30:00,25091.22182971456,4,28
2025-09-12,25128.75,25131.75,25123.6,25127.95,11:35:00,25094.79594117032,4,29
2025-09-12,25126.15,25131.45,25122.9,25128.5,11:40:00,25097.78204201124,4,30
2025-09-12,25124.7,25127.85,25119.45,25125.5,11:45:00,25100.345657057787,4,31
2025-09-12,25125.4,25128.55,25122.0,25124.3,11:50:00,25102.731784957046,4,32
2025-09-12,25119.85,25125.05,25114.4,25124.35,11:55:00,25104.36209115161,4,33
2025-09-12,25124.95,25126.4,25117.6,25119.65,12:00:00,25106.322844375267,4,34
2025-09-12,25123.4,25125.1,25117.25,25125.1,12:05:00,25107.949240149053,4,35
2025-09-12,25121.05,25126.35,25119.0,25122.8,12:10:00,25109.19693156343,4,36
2025-09-12,25124.7,25125.3,25116.85,25120.6,12:15:00,25110.67341427168,4,37
2025-09-12,25122.65,25124.8,25117.7,25124.8,12:20:00,25111.814041483893,4,38
2025-09-12,25121.65,25124.05,25118.3,25122.2,12:25:00,25112.750799437807,4,39
2025-09-12,25118.25,25121.6,25114.1,25121.45,12:30:00,25113.27453282468,4,40
2025-09-12,25118.5,25120.85,25114.7,25117.85,12:35:00,25113.77219636519,4,41
2025-09-12,25116.8,25122.35,25114.4,25117.85,12:40:00,25114.06055861612,4,42
2025-09-12,25112.5,25116.55,25108.0,25116.55,12:45:00,25113.91193398601,4,43
2025-09-12,25104.35,25113.95,25101.9,25112.35,12:50:00,25113.001273606395,4,44
2025-09-12,25110.55,25114.5,25102.7,25104.85,12:55:00,25112.767818977216,4,45
2025-09-12,25111.7,25112.6,25107.25,25110.05,13:00:00,25112.666121931765,4,46
2025-09-12,25116.4,25117.0,25106.5,25110.9,13:05:00,25113.02172936684,4,47
2025-09-12,25118.8,25120.1,25111.75,25115.95,13:10:00,25113.57204085571,4,48
2025-09-12,25120.55,25123.95,25117.35,25118.75,13:15:00,25114.23660839326,4,49
2025-09-12,25121.35,25123.3,25117.45,25119.8,13:20:00,25114.91407426057,4,50
2025-09-12,25120.8,25122.15,25116.45,25120.65,13:25:00,25115.474638616703,4,51
2025-09-12,25121.5,25123.95,25117.6,25119.65,13:30:00,25116.048482557973,4,52
2025-09-12,25122.65,25125.05,25118.05,25120.5,13:35:00,25116.67719850484,4,53
2025-09-12,25109.2,25123.65,25107.55,25122.1,13:40:00,25115.96508436152,4,54
2025-09-12,25102.8,25110.9,25101.0,25108.6,13:45:00,25114.711266803275,4,55
2025-09-12,25112.65,25113.3,25097.25,25102.6,13:50:00,25114.514955679155,4,56
2025-09-12,25122.55,25125.0,25109.7,25112.0,13:55:00,25115.280197995424,4,57
2025-09-12,25127.2,25127.2,25119.1,25122.7,14:00:00,25116.415417233955,4,58
2025-09-12,25116.7,25129.65,25114.2,25127.25,14:05:00,25116.44252035453,4,59
2025-09-12,25117.9,25121.7,25114.8,25117.0,14:10:00,25116.581327939813,4,60
2025-09-12,25116.1,25120.15,25109.3,25118.4,14:15:00,25116.535487183643,4,61
2025-09-12,25117.25,25117.85,25111.45,25116.45,14:20:00,25116.603536023293,4,62
2025-09-12,25119.0,25120.7,25116.25,25117.75,14:25:00,25116.831770687742,4,63
2025-09-12,25111.6,25118.4,25106.9,25117.8,14:30:00,25116.33350681272,4,64
2025-09-12,25109.1,25112.8,25103.2,25112.8,14:35:00,25115.644601401986,4,65
2025-09-12,25109.85,25114.9,25106.95,25109.6,14:40:00,25115.0927346018,4,66
2025-09-12,25107.6,25112.5,25102.35,25112.5,14:45:00,25114.3791408302,4,67
2025-09-12,25106.45,25108.65,25101.9,25108.15,14:50:00,25113.62398456065,4,68
2025-09-12,25101.85,25108.95,25099.5,25106.35,14:55:00,25112.50265269773,4,69
2025-09-12,25111.15,25116.15,25101.9,25102.45,15:00:00,25112.373828631287,4,70
2025-09-12,25116.3,25116.9,25109.7,25111.1,15:05:00,25112.74774971402,4,71
2025-09-12,25115.8,25118.6,25113.3,25114.15,15:10:00,25113.03844021745,4,72
2025-09-12,25115.6,25120.1,25112.85,25116.35,15:15:00,25113.28239829198,4,73
2025-09-12,25110.5,25115.55,25107.2,25115.55,15:20:00,25113.01740797846,4,74
2025-09-12,25107.7,25114.95,25102.4,25109.25,15:25:00,25112.510988170987,4,75
2025-09-15,25091.4,25137.45,25090.45,25125.05,09:15:00,25111.050944965365,0,1
2025-09-15,25097.75,25100.3,25085.3,25091.05,09:20:00,25109.784188302,0,2
2025-09-15,25113.25,25122.15,25097.25,25097.7,09:25:00,25110.114265606568,0,3
2025-09-15,25087.0,25114.3,25081.95,25114.3,09:30:00,25107.91290697737,0,4
2025-09-15,25087.1,25092.3,25082.35,25086.3,09:35:00,25105.93072536048,0,5
2025-09-15,25090.45,25094.25,25086.2,25087.55,09:40:00,25104.456370564243,0,6
2025-09-15,25100.25,25102.4,25089.55,25091.2,09:45:00,25104.05576384384,0,7
2025-09-15,25106.75,25111.95,25099.8,25100.25,09:50:00,25104.31235776348,0,8
2025-09-15,25094.9,25107.9,25094.8,25106.7,09:55:00,25103.415942738386,0,9
2025-09-15,25089.55,25097.75,25085.8,25095.05,10:00:00,25102.0953767633,0,10
2025-09-15,25074.3,25090.05,25073.0,25090.05,10:05:00,25099.448198023936,0,11
2025-09-15,25084.75,25086.05,25070.0,25074.4,10:10:00,25098.048369640703,0,12
2025-09-15,25086.4,25088.2,25080.5,25085.1,10:15:00,25096.939001103496,0,13
2025-09-15,25091.25,25092.1,25085.6,25086.65,10:20:00,25096.3971914746,0,14
2025-09-15,25087.95,25095.25,25087.95,25091.15,10:25:00,25095.59269704844,0,15
2025-09-15,25095.85,25099.8,25087.9,25087.9,10:30:00,25095.61720209145,0,16
2025-09-15,25097.45,25102.75,25091.95,25096.1,10:35:00,25095.79175427321,0,17
2025-09-15,25077.55,25097.0,25076.3,25096.75,10:40:00,25094.05444434243,0,18
2025-09-15,25075.4,25077.8,25065.1,25077.1,10:45:00,25092.27783059553,0,19
2025-09-15,25075.05,25079.7,25068.15,25075.5,10:50:00,25090.637084824524,0,20
2025-09-15,25077.25,25082.75,25072.8,25074.1,10:55:00,25089.362124365045,0,21
2025-09-15,25084.75,25086.0,25074.5,25077.25,11:00:00,25088.92287442552,0,22
2025-09-15,25081.4,25090.05,25080.0,25085.0,11:05:00,25088.206410194514,0,23
2025-09-15,25075.8,25083.85,25075.0,25081.3,11:10:00,25087.024847318848,0,24
2025-09-15,25074.95,25077.0,25068.75,25075.75,11:15:00,25085.87486185991,0,25
2025-09-15,25083.9,25084.85,25072.4,25074.15,11:20:00,25085.68677977801,0,26
2025-09-15,25087.45,25088.55,25081.75,25084.15,11:25:00,25085.85470551344,0,27
2025-09-15,25094.4,25097.05,25082.25,25088.15,11:30:00,25086.66854308359,0,28
2025-09-15,25089.8,25095.85,25085.8,25093.85,11:35:00,25086.966777075628,0,29
2025-09-15,25084.1,25091.15,25081.5,25089.9,11:40:00,25086.693750687475,0,30
2025-09-15,25096.35,25097.05,25084.05,25084.25,11:45:00,25087.613393479143,0,31
2025-09-15,25102.8,25108.5,25096.15,25096.2,11:50:00,25089.05973695732,0,32
2025-09-15,25110.3,25111.4,25099.85,25102.45,11:55:00,25091.08261915186,0,33
2025-09-15,25106.4,25118.35,25105.6,25108.6,12:00:00,25092.54141732788,0,34
2025-09-15,25100.6,25108.15,25094.0,25106.5,12:05:00,25093.308901391883,0,35
2025-09-15,25101.5,25104.2,25095.5,25100.2,12:10:00,25094.089006021222,0,36
2025-09-15,25102.6,25108.25,25100.25,25101.7,12:15:00,25094.89957687635,0,37
2025-09-15,25105.9,25107.1,25100.1,25102.65,12:20:00,25095.94723622146,0,38
2025-09-15,25109.75,25111.25,25103.95,25104.6,12:25:00,25097.26178515275,0,39
2025-09-15,25110.1,25112.1,25104.5,25109.7,12:30:00,25098.48447228106,0,40
2025-09-15,25105.2,25111.2,25103.95,25110.2,12:35:00,25099.12404634953,0,41
2025-09-15,25091.5,25105.35,25091.5,25104.65,12:40:00,25098.3979466972,0,42
2025-09-15,25096.9,25097.4,25089.4,25091.4,12:45:00,25098.255285106985,0,43
2025-09-15,25091.55,25101.4,25090.75,25097.05,12:50:00,25097.61668652537,0,44
2025-09-15,25099.0,25103.15,25090.6,25091.25,12:55:00,25097.748430665808,0,45
2025-09-15,25100.15,25101.25,25092.7,25098.8,13:00:00,25097.97715155478,0,46
2025-09-15,25109.05,25113.3,25098.35,25100.05,13:05:00,25099.031708549563,0,47
2025-09-15,25104.85,25112.2,25103.85,25110.05,13:10:00,25099.58583154484,0,48
2025-09-15,25109.8,25111.7,25098.65,25105.5,13:15:00,25100.55860949296,0,49
2025-09-15,25113.8,25116.9,25091.55,25109.25,13:20:00,25101.819694303147,0,50
2025-09-15,25110.8,25114.3,25100.6,25113.0,13:25:00,25102.67496151237,0,51
2025-09-15,25103.25,25112.8,25101.1,25109.1,13:30:00,25102.72972708262,0,52
2025-09-15,25102.05,25106.55,25099.95,25103.15,13:35:00,25102.66499116999,0,53
2025-09-15,25071.15,25103.4,25049.0,25103.15,13:40:00,25099.66356343952,0,54
2025-09-15,25077.25,25088.65,25067.85,25071.2,13:45:00,25097.528938350035,0,55
2025-09-15,25087.15,25089.0,25072.05,25077.65,13:50:00,25096.540468030984,0,56
2025-09-15,25083.25,25088.85,25082.0,25086.95,13:55:00,25095.274709170888,0,57
2025-09-15,25081.1,25083.5,25077.2,25082.6,14:00:00,25093.9247368689,0,58
2025-09-15,25079.25,25088.85,25073.8,25081.2,14:05:00,25092.527142881387,0,59
2025-09-15,25071.95,25079.45,25069.35,25079.05,14:10:00,25090.56741498792,0,60
2025-09-15,25073.75,25074.05,25066.1,25071.55,14:15:00,25088.96575641764,0,61
2025-09-15,25069.9,25077.25,25063.2,25073.3,14:20:00,25087.14997009215,0,62
2025-09-15,25074.0,25075.5,25068.1,25069.1,14:25:00,25085.89759198813,0,63
2025-09-15,25081.55,25082.7,25072.05,25074.25,14:30:00,25085.48353560832,0,64
2025-09-15,25078.7,25083.6,25076.3,25081.95,14:35:00,25084.837484598,0,65
2025-09-15,25094.85,25114.2,25077.0,25078.5,14:40:00,25085.79105749343,0,66
2025-09-15,25087.95,25097.0,25083.25,25096.5,14:45:00,25085.99667106548,0,67
2025-09-15,25089.55,25092.75,25086.35,25088.15,14:50:00,25086.33508334496,0,68
2025-09-15,25083.75,25090.5,25081.0,25090.45,14:55:00,25086.08888493116,0,69
2025-09-15,25079.0,25091.05,25074.85,25083.2,15:00:00,25085.41375303295,0,70
2025-09-15,25069.0,25079.6,25067.95,25078.45,15:05:00,25083.850538458384,0,71
2025-09-15,25067.1,25072.1,25064.75,25068.7,15:10:00,25082.2552490814,0,72
2025-09-15,25065.1,25068.05,25060.7,25067.35,15:15:00,25080.621415835543,0,73
2025-09-15,25065.7,25068.1,25061.55,25065.05,15:20:00,25079.20032861311,0,74
2025-09-15,25069.7,25074.05,25063.9,25065.45,15:25:00,25078.29553541186,0,75
2025-09-16,25106.75,25110.25,25072.25,25079.5,09:15:00,25080.60088046186,1,1
2025-09-16,25116.9,25121.9,25104.4,25107.25,09:20:00,25084.05793946549,1,2
2025-09-16,25112.2,25119.1,25103.7,25117.2,09:25:00,25086.73813570688,1,3
2025-09-16,25127.65,25131.4,25109.95,25113.6,09:30:00,25090.6345037348,1,4
2025-09-16,25137.15,25137.15,25125.4,25127.6,09:35:00,25095.064550998144,1,5
2025-09-16,25135.45,25140.1,25125.1,25139.5,09:40:00,25098.910784236414,1,6
2025-09-16,25134.85,25138.1,25131.65,25136.1,09:45:00,25102.33356669009,1,7
2025-09-16,25151.6,25153.2,25131.45,25134.5,09:50:00,25107.0256079577,1,8
2025-09-16,25157.45,25157.7,25145.25,25151.8,09:55:00,25111.82793100935,1,9
2025-09-16,25171.1,25181.05,25156.8,25156.8,10:00:00,25117.47288996084,1,10
2025-09-16,25172.65,25175.6,25166.95,25169.6,10:05:00,25122.72785282172,1,11
2025-09-16,25165.05,25172.55,25163.55,25172.55,10:10:00,25126.758533505363,1,12
2025-09-16,25166.8,25172.05,25164.5,25165.05,10:15:00,25130.57200650485,1,13
2025-09-16,25161.45,25169.9,25158.95,25167.1,10:20:00,25133.512767790104,1,14
2025-09-16,25168.3,25173.0,25161.5,25161.5,10:25:00,25136.82583752438,1,15
2025-09-16,25170.7,25172.05,25164.4,25167.6,10:30:00,25140.05194823634,1,16
2025-09-16,25171.6,25174.7,25168.7,25170.15,10:35:00,25143.056524594784,1,17
2025-09-16,25163.95,25173.25,25162.4,25171.15,10:40:00,25145.04637939528,1,18
2025-09-16,25154.7,25164.05,25154.15,25164.05,10:45:00,25145.965771833828,1,19
2025-09-16,25158.05,25158.85,25147.8,25153.95,10:50:00,25147.1166507068,1,20
2025-09-16,25153.8,25160.2,25152.85,25158.2,10:55:00,25147.75316016329,1,21
2025-09-16,25153.6,25160.85,25152.25,25154.15,11:00:00,25148.3100020525,1,22
2025-09-16,25156.55,25157.0,25149.6,25153.1,11:05:00,25149.094763761783,1,23
2025-09-16,25165.0,25165.6,25155.0,25156.2,11:10:00,25150.609548165427,1,24
2025-09-16,25160.9,25168.15,25159.9,25164.85,11:15:00,25151.58959119729,1,25
2025-09-16,25168.3,25168.3,25159.8,25160.25,11:20:00,25153.18105870231,1,26
2025-09-16,25168.35,25169.1,25162.65,25166.85,11:25:00,25154.62571977828,1,27
2025-09-16,25174.5,25176.75,25165.45,25168.05,11:30:00,25156.518508370824,1,28
2025-09-16,25172.8,25177.2,25169.55,25175.55,11:35:00,25158.069126621223,1,29
2025-09-16,25170.85,25175.75,25170.1,25171.95,11:40:00,25159.2863526573,1,30
2025-09-16,25174.85,25178.05,25164.6,25170.4,11:45:00,25160.76860478517,1,31
2025-09-16,25174.4,25177.2,25170.3,25174.05,11:50:00,25162.06683290088,1,32
2025-09-16,25166.85,25176.4,25164.0,25174.55,11:55:00,25162.5223726246,1,33
2025-09-16,25174.2,25175.1,25161.5,25166.35,12:00:00,25163.63452761273,1,34
2025-09-16,25171.0,25176.55,25167.65,25173.6,12:05:00,25164.336001173426,1,35
2025-09-16,25173.25,25173.75,25168.55,25171.75,12:10:00,25165.184953442626,1,36
2025-09-16,25175.75,25178.35,25170.05,25172.65,12:15:00,25166.19114835285,1,37
2025-09-16,25191.65,25192.85,25174.2,25175.0,12:20:00,25168.615800890675,1,38
2025-09-16,25189.6,25197.8,25184.5,25192.25,12:25:00,25170.614296043943,1,39
2025-09-16,25195.9,25200.7,25188.7,25189.2,12:30:00,25173.022458325475,1,40
2025-09-16,25196.1,25202.4,25194.35,25196.25,12:35:00,25175.220319437336,1,41
2025-09-16,25198.35,25199.25,25191.3,25196.65,12:40:00,25177.423146157587,1,42
2025-09-16,25197.3,25200.35,25195.55,25197.7,12:45:00,25179.316179856865,1,43
2025-09-16,25197.75,25199.75,25192.3,25196.9,12:50:00,25181.07178177526,1,44
2025-09-16,25196.0,25199.15,25190.0,25198.15,12:55:00,25182.493516844283,1,45
2025-09-16,25194.55,25200.75,25193.9,25195.75,13:00:00,25183.641753335305,1,46
2025-09-16,25194.95,25197.2,25187.35,25194.55,13:05:00,25184.718729208133,1,47
2025-09-16,25187.25,25196.25,25176.25,25194.35,13:10:00,25184.95980261688,1,48
2025-09-16,25178.8,25188.6,25176.1,25187.2,13:15:00,25184.37315474861,1,49
2025-09-16,25183.05,25185.15,25172.0,25178.3,13:20:00,25184.247140010644,1,50
2025-09-16,25179.55,25184.25,25167.25,25183.0,13:25:00,25183.79979334296,1,51
2025-09-16,25175.2,25180.0,25168.7,25179.65,13:30:00,25182.980765405533,1,52
2025-09-16,25178.4,25182.15,25173.85,25175.2,13:35:00,25182.54450203358,1,53
2025-09-16,25178.9,25181.65,25175.4,25178.2,13:40:00,25182.19740660181,1,54
2025-09-16,25175.65,25180.7,25174.05,25178.95,13:45:00,25181.573844068305,1,55
2025-09-16,25169.8,25177.15,25169.8,25175.6,13:50:00,25180.452525585613,1,56
2025-09-16,25175.7,25176.65,25169.3,25169.75,13:55:00,25179.99990410127,1,57
2025-09-16,25180.35,25185.7,25175.8,25175.8,14:00:00,25180.03324656781,1,58
2025-09-16,25162.5,25182.5,25160.7,25179.75,14:05:00,25178.36341356136,1,59
2025-09-16,25180.8,25181.7,25152.7,25161.6,14:10:00,25178.59546941266,1,60
2025-09-16,25189.9,25190.95,25176.6,25180.6,14:15:00,25179.67209137336,1,61
2025-09-16,25199.1,25211.05,25187.45,25189.65,14:20:00,25181.52236838542,1,62
2025-09-16,25199.8,25206.6,25190.95,25198.45,14:25:00,25183.263095205857,1,63
2025-09-16,25206.05,25211.35,25195.3,25199.55,14:30:00,25185.43327661482,1,64
2025-09-16,25228.75,25229.1,25200.35,25206.15,14:35:00,25189.558678841982,1,65
2025-09-16,25211.35,25229.4,25209.65,25228.6,14:40:00,25191.634042761794,1,66
2025-09-16,25214.15,25216.9,25204.65,25210.6,14:45:00,25193.77841964162,1,67
2025-09-16,25212.95,25215.75,25190.1,25213.9,14:50:00,25195.604284437657,1,68
2025-09-16,25201.85,25215.4,25199.0,25212.05,14:55:00,25196.199114491214,1,69
2025-09-16,25229.2,25234.25,25204.75,25205.75,15:00:00,25199.34205596824,1,70
2025-09-16,25236.1,25254.75,25220.85,25229.7,15:05:00,25202.84281254269,1,71
2025-09-16,25240.65,25252.25,25222.35,25239.15,15:10:00,25206.443497062435,1,72
2025-09-16,25244.35,25247.4,25230.25,25242.65,15:15:00,25210.053640199345,1,73
2025-09-16,25254.65,25256.35,25233.2,25244.65,15:20:00,25214.30091256132,1,74
2025-09-16,25254.45,25260.5,25249.2,25253.95,15:25:00,25218.12463517452,1,75
2025-09-17,25297.05,25313.15,25282.05,25282.9,09:15:00,25230.6800301542,2,1
2025-09-17,25320.4,25324.0,25293.5,25296.45,09:20:00,25239.22478918713,2,2
2025-09-17,25303.2,25321.05,25282.95,25321.05,09:25:00,25245.317666407405,2,3
2025-09-17,25316.8,25319.45,25298.8,25302.6,09:30:00,25252.125507701938,2,4
2025-09-17,25338.35,25338.35,25315.6,25316.55,09:35:00,25260.33736411128,2,5
2025-09-17,25333.15,25342.15,25331.25,25336.9,09:40:00,25267.271900862583,2,6
2025-09-17,25315.6,25332.9,25314.65,25332.9,09:45:00,25271.87457697092,2,7
2025-09-17,25314.65,25319.7,25310.45,25315.75,09:50:00,25275.94842678321,2,8
2025-09-17,25320.05,25323.95,25311.95,25313.9,09:55:00,25280.14857661338,2,9
2025-09-17,25326.45,25328.45,25312.25,25320.35,10:00:00,25284.55823598353,2,10
2025-09-17,25322.45,25328.95,25321.4,25326.35,10:05:00,25288.166975413675,2,11
2025-09-17,25314.15,25324.8,25313.75,25321.85,10:10:00,25290.6415491838,2,12
2025-09-17,25308.6,25316.8,25305.75,25314.7,10:15:00,25292.35187783296,2,13
2025-09-17,25326.6,25327.2,25305.45,25307.45,10:20:00,25295.61360375363,2,14
2025-09-17,25320.35,25326.75,25317.15,25326.2,10:25:00,25297.96945101519,2,15
2025-09-17,25323.95,25326.95,25320.15,25320.5,10:30:00,25300.44378901374,2,16
2025-09-17,25328.55,25328.6,25321.45,25322.7,10:35:00,25303.12057101244,2,17
2025-09-17,25312.25,25330.35,25310.4,25328.55,10:40:00,25303.99004043982,2,18
2025-09-17,25311.65,25318.8,25308.2,25311.15,10:45:00,25304.71956039793,2,19
2025-09-17,25319.2,25320.45,25310.9,25310.9,10:50:00,25306.098649883843,2,20
2025-09-17,25333.45,25334.05,25319.35,25319.35,10:55:00,25308.70354037109,2,21
2025-09-17,25333.1,25339.2,25329.9,25333.8,11:00:00,25311.02701271671,2,22
2025-09-17,25332.45,25334.35,25327.3,25333.5,11:05:00,25313.06729721988,2,23
2025-09-17,25333.95,25334.5,25326.3,25331.55,11:10:00,25315.056126056083,2,24
2025-09-17,25327.7,25339.5,25326.6,25333.45,11:15:00,25316.26030452693,2,25
2025-09-17,25326.2,25332.2,25324.4,25327.6,11:20:00,25317.206942191035,2,26
2025-09-17,25323.5,25327.9,25321.8,25326.4,11:25:00,25317.806281029985,2,27
2025-09-17,25320.75,25328.75,25319.5,25323.45,11:30:00,25318.086635217605,2,28
2025-09-17,25319.7,25327.4,25317.65,25320.7,11:35:00,25318.240289006408,2,29
2025-09-17,25322.55,25327.8,25318.0,25318.6,11:40:00,25318.650737672466,2,30
2025-09-17,25326.95,25329.45,25318.0,25323.25,11:45:00,25319.44114360842,2,31
2025-09-17,25332.45,25338.6,25326.6,25327.45,11:50:00,25320.680082312378,2,32
2025-09-17,25333.8,25334.6,25329.35,25331.15,11:55:00,25321.929598282622,2,33
2025-09-17,25325.0,25335.35,25323.7,25332.9,12:00:00,25322.222017493805,2,34
2025-09-17,25326.2,25327.95,25323.15,25324.6,12:05:00,25322.600872970583,2,35
2025-09-17,25325.5,25327.45,25319.35,25325.4,12:10:00,25322.876980306723,2,36
2025-09-17,25320.15,25326.9,25318.95,25326.0,12:15:00,25322.61726789656,2,37
2025-09-17,25326.35,25333.95,25318.75,25319.05,12:20:00,25322.972766192124,2,38
2025-09-17,25334.65,25334.95,25324.8,25325.55,12:25:00,25324.08488369764,2,39
2025-09-17,25338.45,25346.25,25326.55,25334.2,12:30:00,25325.45299001215,2,40
2025-09-17,25334.7,25341.55,25332.25,25337.55,12:35:00,25326.33365763004,2,41
2025-09-17,25332.05,25336.55,25330.95,25334.5,12:40:00,25326.878071189083,2,42
2025-09-17,25332.7,25335.7,25328.9,25331.55,12:45:00,25327.43254059965,2,43
2025-09-17,25334.7,25335.85,25325.9,25332.15,12:50:00,25328.12467959016,2,44
2025-09-17,25333.5,25336.3,25326.5,25334.7,12:55:00,25328.63661486729,2,45
2025-09-17,25336.35,25340.6,25327.15,25332.9,13:00:00,25329.371222975165,2,46
2025-09-17,25335.15,25342.1,25333.35,25335.9,13:05:00,25329.92158269181,2,47
2025-09-17,25335.4,25337.65,25330.45,25333.3,13:10:00,25330.443336721168,2,48
2025-09-17,25341.65,25343.05,25332.3,25335.0,13:15:00,25331.51063798582,2,49
2025-09-17,25340.2,25346.25,25336.2,25340.8,13:20:00,25332.33819627288,2,50
2025-09-17,25332.65,25340.3,25332.05,25339.8,13:25:00,25332.367891865943,2,51
2025-09-17,25333.75,25337.25,25331.1,25332.25,13:30:00,25332.499521212045,2,52
2025-09-17,25327.5,25335.4,25326.6,25332.95,13:35:00,25332.023376334702,2,53
2025-09-17,25319.15,25328.2,25317.95,25326.45,13:40:00,25330.797340493304,2,54
2025-09-17,25317.9,25328.35,25308.75,25319.4,13:45:00,25329.569022351086,2,55
2025-09-17,25316.95,25319.95,25311.15,25317.35,13:50:00,25328.367210698605,2,56
2025-09-17,25317.95,25320.6,25312.7,25317.3,13:55:00,25327.37509539397,2,57
2025-09-17,25308.7,25319.1,25302.5,25318.65,14:00:00,25325.596514880264,2,58
2025-09-17,25303.2,25310.25,25294.35,25310.25,14:05:00,25323.46351346309,2,59
2025-09-17,25304.1,25309.4,25294.85,25303.8,14:10:00,25321.619369323755,2,60
2025-09-17,25312.7,25315.1,25302.55,25305.15,14:15:00,25320.76990557864,2,61
2025-09-17,25306.15,25313.4,25303.6,25312.8,14:20:00,25319.37753361877,2,62
2025-09-17,25305.8,25308.2,25279.85,25307.35,14:25:00,25318.084435178884,2,63
2025-09-17,25304.5,25310.45,25286.95,25306.15,14:30:00,25316.790679447564,2,64
2025-09-17,25310.95,25315.0,25300.95,25305.3,14:35:00,25316.23442426208,2,65
2025-09-17,25310.35,25315.75,25302.3,25312.2,14:40:00,25315.67400290379,2,66
2025-09-17,25315.0,25316.4,25308.85,25311.2,14:45:00,25315.609812151048,2,67
2025-09-17,25324.5,25325.65,25314.75,25315.15,14:50:00,25316.456496708088,2,68
2025-09-17,25325.6,25328.7,25321.75,25324.85,14:55:00,25317.32730654541,2,69
2025-09-17,25329.2,25337.1,25325.7,25325.7,15:00:00,25318.458039255373,2,70
2025-09-17,25330.6,25331.15,25325.05,25329.45,15:05:00,25319.614416469147,2,71
2025-09-17,25328.3,25335.6,25327.3,25330.2,15:10:00,25320.441614900657,2,72
2025-09-17,25327.35,25331.05,25324.2,25328.1,15:15:00,25321.09955633869,2,73
2025-09-17,25325.55,25331.65,25321.3,25326.2,15:20:00,25321.52340811596,2,74
2025-09-17,25330.15,25335.15,25321.75,25325.45,15:25:00,25322.3449882954,2,75
2025-09-18,25411.2,25440.7,25403.75,25440.7,09:15:00,25341.035920123897,3,1
2025-09-18,25427.65,25428.1,25393.9,25410.65,09:20:00,25349.2848801121,3,2
2025-09-18,25425.1,25437.1,25416.65,25427.85,09:25:00,25356.50536772048,3,3
2025-09-18,25418.8,25427.9,25415.8,25424.75,09:30:00,25362.43818984233,3,4
2025-09-18,25406.45,25422.25,25403.9,25419.9,09:35:00,25366.629790809733,3,5
2025-09-18,25424.85,25424.85,25404.55,25406.35,09:40:00,25372.174572637377,3,6
2025-09-18,25421.95,25428.6,25416.2,25424.9,09:45:00,25376.91508952906,3,7
2025-09-18,25417.6,25424.0,25411.0,25422.85,09:50:00,25380.789842907245,3,8
2025-09-18,25415.2,25420.3,25410.75,25417.4,09:55:00,25384.0670007256,3,9
2025-09-18,25414.3,25420.15,25411.35,25415.15,10:00:00,25386.946333989832,3,10
2025-09-18,25423.6,25426.0,25413.05,25414.65,10:05:00,25390.43715932413,3,11
2025-09-18,25408.0,25422.7,25401.35,25422.25,10:10:00,25392.10981081708,3,12
2025-09-18,25408.1,25411.65,25402.95,25408.25,10:15:00,25393.63268597735,3,13
2025-09-18,25411.8,25415.45,25405.05,25407.85,10:20:00,25395.36290636046,3,14
2025-09-18,25417.8,25419.45,25410.5,25412.4,10:25:00,25397.499772421368,3,15
2025-09-18,25417.0,25420.95,25412.45,25418.35,10:30:00,25399.356936952667,3,16
2025-09-18,25418.8,25419.15,25412.3,25417.35,10:35:00,25401.20865724289,3,17
2025-09-18,25424.65,25429.8,25417.45,25419.5,10:40:00,25403.4411660769,3,18
2025-09-18,25424.6,25431.8,25423.05,25425.3,10:45:00,25405.4562931172,3,19
2025-09-18,25426.35,25431.2,25423.25,25424.25,10:50:00,25407.446169963176,3,20
2025-09-18,25431.15,25431.7,25423.95,25426.65,10:55:00,25409.70367758573,3,21
2025-09-18,25431.95,25442.4,25431.2,25431.55,11:00:00,25411.82237495852,3,22
2025-09-18,25431.4,25435.2,25427.65,25432.9,11:05:00,25413.68691067675,3,23
2025-09-18,25423.2,25435.45,25422.15,25432.6,11:10:00,25414.592919183728,3,24
2025-09-18,25424.45,25427.4,25420.3,25425.75,11:15:00,25415.531688785275,3,25
2025-09-18,25425.8,25430.1,25422.45,25425.4,11:20:00,25416.50962318668,3,26
2025-09-18,25425.15,25431.6,25423.1,25426.8,11:25:00,25417.33251621652,3,27
2025-09-18,25427.3,25431.75,25421.35,25426.3,11:30:00,25418.28180038637,3,28
2025-09-18,25422.25,25434.45,25420.1,25424.8,11:35:00,25418.6597241591,3,29
2025-09-18,25415.15,25423.0,25415.15,25422.2,11:40:00,25418.325464715377,3,30
2025-09-18,25414.4,25422.6,25411.05,25415.1,11:45:00,25417.951610932963,3,31
2025-09-18,25414.35,25418.1,25408.45,25413.9,11:50:00,25417.60860036792,3,32
2025-09-18,25415.8,25419.0,25412.1,25414.55,11:55:00,25417.43635271383,3,33
2025-09-18,25415.35,25422.15,25412.5,25416.25,12:00:00,25417.23765245537,3,34
2025-09-18,25422.1,25426.55,25414.65,25416.05,12:05:00,25417.700733173908,3,35
2025-09-18,25418.95,25424.9,25413.9,25422.5,12:10:00,25417.81971096687,3,36
2025-09-18,25421.35,25427.1,25416.2,25419.7,12:15:00,25418.155928970024,3,37
2025-09-18,25417.85,25422.45,25413.05,25421.0,12:20:00,25418.12679287764,3,38
2025-09-18,25413.5,25418.5,25409.15,25418.3,12:25:00,25417.68614593691,3,39
2025-09-18,25398.55,25414.7,25396.9,25413.45,12:30:00,25415.863655847683,3,40
2025-09-18,25389.7,25413.65,25383.45,25398.7,12:35:00,25413.371879100283,3,41
2025-09-18,25385.85,25390.45,25369.25,25387.1,12:40:00,25410.7507477574,3,42
2025-09-18,25378.1,25394.95,25371.0,25385.2,12:45:00,25407.64115273289,3,43
2025-09-18,25384.65,25387.35,25372.6,25378.2,12:50:00,25405.451519139275,3,44
2025-09-18,25389.7,25394.55,25377.85,25385.5,12:55:00,25403.951374459342,3,45
2025-09-18,25359.3,25389.35,25349.6,25388.95,13:00:00,25399.69886260608,3,46
2025-09-18,25369.4,25374.45,25347.15,25358.4,13:05:00,25396.81325664359,3,47
2025-09-18,25361.95,25369.95,25354.5,25368.5,13:10:00,25393.49294648706,3,48
2025-09-18,25360.9,25362.2,25350.85,25361.55,13:15:00,25390.38885634543,3,49
2025-09-18,25366.6,25367.55,25354.3,25360.85,13:20:00,25388.1232509792,3,50
2025-09-18,25378.0,25378.0,25365.45,25366.5,13:25:00,25387.159131838325,3,51
2025-09-18,25385.8,25388.35,25367.3,25378.1,13:30:00,25387.029690710868,3,52
2025-09-18,25380.8,25388.2,25372.8,25385.35,13:35:00,25386.436386833644,3,53
2025-09-18,25382.6,25384.2,25374.8,25380.75,13:40:00,25386.07101665901,3,54
2025-09-18,25381.75,25389.3,25372.05,25383.0,13:45:00,25385.659491262915,3,55
2025-09-18,25368.2,25383.95,25361.75,25382.9,13:50:00,25383.996682571207,3,56
2025-09-18,25362.15,25368.7,25355.8,25368.35,13:55:00,25381.91604613585,3,57
2025-09-18,25363.35,25365.5,25359.4,25362.05,14:00:00,25380.14785126577,3,58
2025-09-18,25351.7,25365.7,25342.95,25364.15,14:05:00,25377.438532097607,3,59
2025-09-18,25365.75,25374.85,25351.05,25351.3,14:10:00,25376.3253385645,3,60
2025-09-18,25361.2,25368.4,25357.6,25364.75,14:15:00,25374.884830129784,3,61
2025-09-18,25345.0,25363.3,25341.45,25361.4,14:20:00,25372.038655831708,3,62
2025-09-18,25346.8,25360.5,25335.9,25345.25,14:25:00,25369.63497432393,3,63
2025-09-18,25341.3,25360.9,25337.85,25348.15,14:30:00,25366.936405340697,3,64
2025-09-18,25344.55,25350.9,25330.45,25339.85,14:35:00,25364.804366736826,3,65
2025-09-18,25352.5,25354.7,25341.65,25344.85,14:40:00,25363.632522285698,3,66
2025-09-18,25387.55,25387.55,25351.25,25351.25,14:45:00,25365.910377306107,3,67
2025-09-18,25388.85,25394.85,25373.05,25387.75,14:50:00,25368.095103276955,3,68
2025-09-18,25393.8,25402.05,25389.1,25390.45,14:55:00,25370.543188679152,3,69
2025-09-18,25421.5,25422.05,25393.95,25395.25,15:00:00,25375.396218328755,3,70
2025-09-18,25428.2,25434.7,25417.45,25422.0,15:05:00,25380.425149916493,3,71
2025-09-18,25423.05,25436.75,25420.9,25427.25,15:10:00,25384.48465944825,3,72
2025-09-18,25434.25,25434.25,25422.35,25423.0,15:15:00,25389.22421569128,3,73
2025-09-18,25429.6,25436.1,25426.0,25434.3,15:20:00,25393.06952848258,3,74
2025-09-18,25420.75,25434.25,25415.25,25430.45,15:25:00,25395.7057638652,3,75
2025-09-19,25381.45,25424.65,25358.65,25424.65,09:15:00,25395.5970085155,4,1
2025-09-19,25362.85,25389.1,25358.5,25382.0,09:20:00,25392.47824579973,4,2
2025-09-19,25365.0,25368.85,25356.85,25362.6,09:25:00,25389.861270009285,4,3
2025-09-19,25340.8,25366.9,25332.0,25364.8,09:30:00,25385.18876810364,4,4
2025-09-19,25331.9,25347.4,25323.6,25339.85,09:35:00,25380.113647331866,4,5
2025-09-19,25340.55,25347.3,25329.1,25331.85,09:40:00,25376.34568091931,4,6
2025-09-19,25337.7,25342.25,25326.7,25341.15,09:45:00,25372.665139879377,4,7
2025-09-19,25340.7,25346.15,25335.95,25337.5,09:50:00,25369.620840843247,4,8
2025-09-19,25316.05,25340.95,25314.4,25340.1,09:55:00,25364.518856001032,4,9
2025-09-19,25313.5,25317.85,25297.45,25316.45,10:00:00,25359.659917334266,4,10
2025-09-19,25317.9,25325.05,25312.85,25313.85,10:05:00,25355.68278235005,4,11
2025-09-19,25324.45,25325.7,25317.25,25317.9,10:10:00,25352.708231650045,4,12
2025-09-19,25314.7,25325.65,25310.1,25325.65,10:15:00,25349.088400064327,4,13
2025-09-19,25330.2,25330.85,25311.65,25315.15,10:20:00,25347.289504820103,4,14
2025-09-19,25337.7,25339.5,25327.3,25329.95,10:25:00,25346.376218646765,4,15
2025-09-19,25319.85,25345.25,25317.7,25337.15,10:30:00,25343.84991210898,4,16
2025-09-19,25323.85,25326.95,25318.35,25321.1,10:35:00,25341.945158574792,4,17
2025-09-19,25320.65,25324.0,25314.9,25324.0,10:40:00,25339.917048234336,4,18
2025-09-19,25319.7,25321.15,25312.6,25321.15,10:45:00,25337.991615069164,4,19
2025-09-19,25323.1,25324.15,25318.0,25320.15,10:50:00,25336.57336601496,4,20
2025-09-19,25315.55,25324.7,25313.3,25323.05,10:55:00,25334.5711406802,4,21
2025-09-19,25309.55,25317.25,25306.0,25315.9,11:00:00,25332.188174901134,4,22
2025-09-19,25315.0,25323.45,25301.6,25310.0,11:05:00,25330.55120586293,4,23
2025-09-19,25310.1,25319.55,25308.45,25316.05,11:10:00,25328.603471971222,4,24
2025-09-19,25308.05,25310.8,25304.75,25310.1,11:15:00,25326.64599845016,4,25
2025-09-19,25310.35,25311.85,25302.85,25309.4,11:20:00,25325.09399859776,4,26
2025-09-19,25316.3,25319.2,25308.25,25310.55,11:25:00,25324.25647492178,4,27
2025-09-19,25312.9,25318.6,25311.35,25316.3,11:30:00,25323.174905881613,4,28
2025-09-19,25312.05,25314.5,25306.55,25314.15,11:35:00,25322.115391035743,4,29
2025-09-19,25308.1,25328.3,25300.45,25312.35,11:40:00,25320.780591889485,4,30
2025-09-19,25294.25,25307.75,25290.9,25307.75,11:45:00,25318.2538688524,4,31
2025-09-19,25299.0,25299.75,25289.3,25294.5,11:50:00,25316.420167056927,4,32
2025-09-19,25300.15,25302.0,25294.9,25298.55,11:55:00,25314.87062733722,4,33
2025-09-19,25289.3,25301.65,25288.45,25300.6,12:00:00,25312.43532949558,4,34
2025-09-19,25294.45,25296.05,25286.55,25289.05,12:05:00,25310.7224409722,4,35
2025-09-19,25305.0,25310.95,25294.0,25295.45,12:10:00,25310.17744659389,4,36
2025-09-19,25292.4,25306.1,25291.4,25305.5,12:15:00,25308.48435644209,4,37
2025-09-19,25300.3,25310.1,25289.2,25292.85,12:20:00,25307.7048939238,4,38
2025-09-19,25295.4,25305.15,25293.55,25301.9,12:25:00,25306.532999264386,4,39
2025-09-19,25293.95,25300.0,25290.4,25297.25,12:30:00,25305.334618382065,4,40
2025-09-19,25295.7,25296.3,25292.2,25294.35,12:35:00,25304.417035679013,4,41
2025-09-19,25296.7,25299.6,25291.35,25295.8,12:40:00,25303.68207990006,4,42
2025-09-19,25294.5,25300.85,25292.35,25297.0,12:45:00,25302.80759610005,4,43
2025-09-19,25301.6,25311.65,25287.9,25294.3,12:50:00,25302.69258694767,4,44
2025-09-19,25309.05,25313.3,25301.4,25302.1,12:55:00,25303.29805485741,4,45
2025-09-19,25323.7,25324.6,25309.4,25309.4,13:00:00,25305.241097251943,4,46
2025-09-19,25323.0,25328.85,25321.25,25323.35,13:05:00,25306.93242132319,4,47
2025-09-19,25330.65,25332.75,25320.75,25322.75,13:10:00,25309.19123834003,4,48
2025-09-19,25334.55,25336.15,25329.85,25330.1,13:15:00,25311.60635849812,4,49
2025-09-19,25336.45,25336.5,25329.65,25334.1,13:20:00,25313.972419593538,4,50
2025-09-19,25344.95,25347.5,25332.2,25335.95,13:25:00,25316.92266534653,4,51
2025-09-19,25343.9,25346.6,25338.5,25342.9,13:30:00,25319.49193531353,4,52
2025-09-19,25339.0,25359.05,25327.65,25343.9,13:35:00,25321.34984623605,4,53
2025-09-19,25340.4,25345.35,25337.1,25338.95,13:40:00,25323.16414659452,4,54
2025-09-19,25342.2,25344.05,25332.75,25340.3,13:45:00,25324.97708501409,4,55
2025-09-19,25343.2,25348.2,25339.0,25342.35,13:50:00,25326.712600727034,4,56
2025-09-19,25341.8,25344.4,25334.7,25342.85,13:55:00,25328.14949589589,4,57
2025-09-19,25350.2,25359.55,25339.95,25342.2,14:00:00,25330.249543905804,4,58
2025-09-19,25346.85,25350.95,25341.2,25350.6,14:05:00,25331.8305397243,4,59
2025-09-19,25353.85,25355.85,25345.55,25346.85,14:10:00,25333.927631179125,4,60
2025-09-19,25339.65,25360.0,25338.0,25353.7,14:15:00,25334.472618685875,4,61
2025-09-19,25332.1,25341.65,25329.55,25340.5,14:20:00,25334.246655001505,4,62
2025-09-19,25330.5,25335.8,25326.3,25332.0,14:25:00,25333.88983071565,4,63
2025-09-19,25335.25,25341.1,25323.7,25329.7,14:30:00,25334.01937064749,4,64
2025-09-19,25339.5,25340.05,25334.5,25335.85,14:35:00,25334.541335347727,4,65
2025-09-19,25341.4,25350.65,25339.6,25340.2,14:40:00,25335.194541505087,4,66
2025-09-19,25349.9,25351.4,25341.1,25341.2,14:45:00,25336.595061361742,4,67
2025-09-19,25355.65,25359.1,25344.75,25349.6,14:50:00,25338.409817422533,4,68
2025-09-19,25351.6,25358.9,25349.9,25355.1,14:55:00,25339.666025287053,4,69
2025-09-19,25318.1,25360.4,25315.75,25350.8,15:00:00,25337.612118116856,4,70
2025-09-19,25311.4,25324.85,25311.2,25317.75,15:05:00,25335.115725915253,4,71
2025-09-19,25318.45,25320.2,25306.1,25311.8,15:10:00,25333.528513923324,4,72
2025-09-19,25333.8,25335.6,25317.2,25319.0,15:15:00,25333.55436974015,4,73
2025-09-19,25332.35,25335.65,25328.1,25333.95,15:20:00,25333.439667860137,4,74
2025-09-19,25352.5,25359.0,25329.85,25333.85,15:25:00,25335.254937587742,4,75
2025-09-22,25258.55,25262.9,25212.35,25255.45,09:15:00,25319.57807816139,0,1
2025-09-22,25276.55,25282.05,25247.55,25257.5,09:20:00,25315.48016595554,0,2
2025-09-22,25288.0,25290.9,25267.45,25275.85,09:25:00,25312.863007293112,0,3
2025-09-22,25300.9,25302.75,25283.15,25288.0,09:30:00,25311.723673265195,0,4
2025-09-22,25313.45,25315.6,25298.95,25302.0,09:35:00,25311.888085335177,0,5
2025-09-22,25314.2,25321.45,25303.85,25313.4,09:40:00,25312.108267684205,0,6
2025-09-22,25315.7,25330.6,25310.25,25313.5,09:45:00,25312.450337428567,0,7
2025-09-22,25305.1,25317.35,25284.65,25315.25,09:50:00,25311.75030529252,0,8
2025-09-22,25317.0,25318.9,25304.6,25304.85,09:55:00,25312.25027621704,0,9
2025-09-22,25322.2,25322.25,25308.75,25317.85,10:00:00,25313.19786895827,0,10
2025-09-22,25319.8,25324.45,25314.7,25320.65,10:05:00,25313.8266433432,0,11
2025-09-22,25311.45,25322.1,25310.4,25320.15,10:10:00,25313.600296358127,0,12
2025-09-22,25311.65,25318.65,25309.8,25311.0,10:15:00,25313.414553847822,0,13
2025-09-22,25305.7,25312.05,25297.9,25312.05,10:20:00,25312.679834433748,0,14
2025-09-22,25314.3,25314.4,25301.25,25306.0,10:25:00,25312.83413591625,0,15
2025-09-22,25317.05,25322.25,25312.75,25314.3,10:30:00,25313.235646781373,0,16
2025-09-22,25318.5,25321.2,25314.35,25316.95,10:35:00,25313.737013754577,0,17
2025-09-22,25315.35,25319.6,25307.9,25318.85,10:40:00,25313.890631492235,0,18
2025-09-22,25309.05,25317.45,25305.6,25315.5,10:45:00,25313.429618969167,0,19
2025-09-22,25309.0,25312.35,25298.4,25308.5,10:50:00,25313.00775049591,0,20
2025-09-22,25310.4,25312.45,25304.4,25308.5,10:55:00,25312.759393305823,0,21
2025-09-22,25301.65,25314.15,25300.7,25311.2,11:00:00,25311.701355848127,0,22
2025-09-22,25297.4,25301.8,25294.15,25300.2,11:05:00,25310.33932195783,0,23
2025-09-22,25295.65,25297.6,25291.15,25296.55,11:10:00,25308.940338914224,0,24
2025-09-22,25286.85,25297.4,25285.7,25295.5,11:15:00,25306.83649711287,0,25
2025-09-22,25281.65,25287.5,25272.3,25286.4,11:20:00,25304.43778310212,0,26
2025-09-22,25281.2,25286.1,25276.15,25281.45,11:25:00,25302.22466090192,0,27
2025-09-22,25271.35,25282.45,25268.2,25281.3,11:30:00,25299.28421700649,0,28
2025-09-22,25277.7,25278.7,25266.9,25272.15,11:35:00,25297.2285772916,0,29
2025-09-22,25291.65,25294.2,25277.85,25277.85,11:40:00,25296.697284216203,0,30
2025-09-22,25290.4,25294.9,25286.05,25291.75,11:45:00,25296.09754286228,0,31
2025-09-22,25292.75,25298.4,25286.6,25289.75,11:50:00,25295.778729256344,0,32
2025-09-22,25289.65,25299.45,25287.65,25292.5,11:55:00,25295.19504075574,0,33
2025-09-22,25288.45,25300.05,25277.85,25289.6,12:00:00,25294.552655921863,0,34
2025-09-22,25284.9,25290.9,25278.95,25288.15,12:05:00,25293.63335535788,0,35
2025-09-22,25285.5,25293.25,25276.2,25284.85,12:10:00,25292.858750085696,0,36
2025-09-22,25289.45,25298.2,25284.15,25287.4,12:15:00,25292.534107220392,0,37
2025-09-22,25291.15,25297.65,25288.0,25290.95,12:20:00,25292.40228748512,0,38
2025-09-22,25287.3,25295.7,25283.35,25293.45,12:25:00,25291.91635534368,0,39
2025-09-22,25289.65,25291.25,25285.4,25289.65,12:30:00,25291.70051197761,0,40
2025-09-22,25299.95,25301.65,25289.1,25291.9,12:35:00,25292.48617750356,0,41
2025-09-22,25304.8,25309.8,25299.15,25303.0,12:40:00,25293.65892250321,0,42
2025-09-22,25305.65,25310.5,25301.55,25306.15,12:45:00,25294.80092988386,0,43
2025-09-22,25299.65,25309.8,25294.3,25307.15,12:50:00,25295.262746085395,0,44
2025-09-22,25302.3,25307.9,25297.15,25301.35,12:55:00,25295.93296074393,0,45
2025-09-22,25309.3,25317.3,25300.55,25303.15,13:00:00,25297.20601210165,0,46
2025-09-22,25306.75,25312.9,25305.6,25309.8,13:05:00,25298.114963330067,0,47
2025-09-22,25304.15,25308.8,25299.75,25308.05,13:10:00,25298.689728727204,0,48
2025-09-22,25287.0,25306.25,25285.25,25305.55,13:15:00,25297.576421229376,0,49
2025-09-22,25277.2,25292.15,25277.15,25287.7,13:20:00,25295.63580968372,0,50
2025-09-22,25285.3,25290.25,25274.2,25278.6,13:25:00,25294.651446856704,0,51
2025-09-22,25274.6,25289.65,25268.15,25286.15,13:30:00,25292.741785251303,0,52
2025-09-22,25279.15,25283.85,25272.4,25274.85,13:35:00,25291.447329513085,0,53
2025-09-22,25277.35,25284.1,25277.35,25278.85,13:40:00,25290.10472670232,0,54
2025-09-22,25280.7,25283.4,25274.0,25278.3,13:45:00,25289.20903844495,0,55
2025-09-22,25273.55,25288.8,25272.35,25280.6,13:50:00,25287.7177014502,0,56
2025-09-22,25256.25,25274.55,25254.6,25273.3,13:55:00,25284.72077750256,0,57
2025-09-22,25258.95,25264.35,25252.2,25257.15,14:00:00,25282.266417740408,0,58
2025-09-22,25269.9,25289.25,25251.05,25258.1,14:05:00,25281.08866366989,0,59
2025-09-22,25276.5,25278.6,25269.25,25270.15,14:10:00,25280.651648082283,0,60
2025-09-22,25270.65,25278.4,25269.9,25277.2,14:15:00,25279.699110169684,0,61
2025-09-22,25262.2,25273.05,25261.85,25270.55,14:20:00,25278.032528248765,0,62
2025-09-22,25236.4,25264.75,25234.55,25262.85,14:25:00,25274.067525558406,0,63
2025-09-22,25224.7,25242.0,25224.55,25237.3,14:30:00,25269.365856457604,0,64
2025-09-22,25212.0,25224.55,25207.45,25224.55,14:35:00,25263.90244155688,0,65
2025-09-22,25178.95,25213.95,25178.95,25212.4,14:40:00,25255.811732837177,0,66
2025-09-22,25180.05,25184.65,25151.6,25179.35,14:45:00,25248.596329709824,0,67
2025-09-22,25198.45,25199.1,25175.2,25180.9,14:50:00,25243.82048878508,0,68
2025-09-22,25194.5,25203.25,25174.4,25198.25,14:55:00,25239.123299376974,0,69
2025-09-22,25211.2,25221.9,25193.1,25197.1,15:00:00,25236.463937531546,0,70
2025-09-22,25195.2,25214.45,25191.1,25211.05,15:05:00,25232.53403871901,0,71
2025-09-22,25195.55,25203.8,25194.45,25195.05,15:10:00,25229.011749317204,0,72
2025-09-22,25202.05,25202.2,25190.65,25194.9,15:15:00,25226.44396366795,0,73
2025-09-22,25209.5,25212.85,25202.15,25202.15,15:20:00,25224.830252842432,0,74
2025-09-22,25200.2,25211.1,25198.5,25209.65,15:25:00,25222.484514476488,0,75
2025-09-23,25228.05,25248.6,25209.0,25209.0,09:15:00,25221.8526297642,1,1
2025-09-23,25209.05,25247.2,25208.15,25227.1,09:20:00,25220.633331691417,1,2
2025-09-23,25186.35,25222.05,25185.35,25210.0,09:25:00,25217.36825248272,1,3
2025-09-23,25167.75,25186.8,25161.1,25186.8,09:30:00,25212.64270462722,1,4
2025-09-23,25173.3,25176.5,25155.0,25168.85,09:35:00,25208.895780377006,1,5
2025-09-23,25145.85,25178.75,25134.3,25173.4,09:40:00,25202.8914203411,1,6
2025-09-23,25121.1,25144.95,25119.75,25144.95,09:45:00,25195.101761261,1,7
2025-09-23,25130.25,25133.7,25110.3,25121.05,09:50:00,25188.92540304566,1,8
2025-09-23,25140.7,25148.85,25123.9,25130.5,09:55:00,25184.3325075175,1,9
2025-09-23,25152.85,25153.25,25136.8,25140.3,10:00:00,25181.33417346821,1,10
2025-09-23,25161.9,25163.9,25141.6,25152.7,10:05:00,25179.48329980457,1,11
2025-09-23,25150.9,25163.25,25145.7,25161.4,10:10:00,25176.761080775566,1,12
2025-09-23,25131.8,25154.35,25129.25,25151.0,10:15:00,25172.479073082657,1,13
2025-09-23,25117.6,25131.85,25111.0,25131.85,10:20:00,25167.25249469384,1,14
2025-09-23,25129.85,25131.4,25111.5,25118.2,10:25:00,25163.69035234204,1,15
2025-09-23,25122.65,25132.6,25117.65,25129.5,10:30:00,25159.781747357083,1,16
2025-09-23,25137.75,25138.7,25118.8,25122.65,10:35:00,25157.683485704027,1,17
2025-09-23,25133.6,25138.4,25127.85,25137.95,10:40:00,25155.389820398883,1,18
2025-09-23,25127.2,25137.4,25123.2,25133.55,10:45:00,25152.705075598988,1,19
2025-09-23,25125.65,25130.15,25117.7,25127.2,10:50:00,25150.12840173241,1,20
2025-09-23,25122.35,25131.8,25116.2,25125.2,10:55:00,25147.48283966266,1,21
2025-09-23,25128.6,25139.15,25122.0,25122.0,11:00:00,25145.684473980506,1,22
2025-09-23,25121.15,25132.65,25117.35,25128.55,11:05:00,25143.34785741093,1,23
2025-09-23,25098.55,25125.8,25096.4,25121.5,11:10:00,25139.081394800367,1,24
2025-09-23,25087.05,25099.05,25086.05,25098.9,11:15:00,25134.126023867,1,25
2025-09-23,25099.2,25101.3,25084.85,25086.85,11:20:00,25130.799735879667,1,26
2025-09-23,25099.95,25107.75,25096.2,25099.15,11:25:00,25127.86166579589,1,27
2025-09-23,25095.05,25101.65,25093.55,25099.75,11:30:00,25124.736745243903,1,28
2025-09-23,25087.0,25099.9,25086.9,25095.2,11:35:00,25121.14276950639,1,29
2025-09-23,25105.15,25106.1,25084.8,25087.9,11:40:00,25119.61964860102,1,30
2025-09-23,25108.35,25112.8,25104.0,25105.65,11:45:00,25118.546348734257,1,31
2025-09-23,25113.65,25117.75,25105.6,25108.45,11:50:00,25118.080029807184,1,32
2025-09-23,25113.95,25127.1,25109.6,25113.3,11:55:00,25117.68669363507,1,33
2025-09-23,25115.25,25121.7,25111.35,25113.15,12:00:00,25117.45462757459,1,34
2025-09-23,25130.7,25132.85,25113.8,25114.8,12:05:00,25118.716091615104,1,35
2025-09-23,25140.9,25141.95,25126.15,25130.55,12:10:00,25120.82884479461,1,36
2025-09-23,25140.5,25148.65,25131.9,25142.6,12:15:00,25122.70228814751,1,37
2025-09-23,25137.3,25148.8,25133.35,25140.5,12:20:00,25124.09254641917,1,38
2025-09-23,25155.6,25158.65,25136.45,25136.45,12:25:00,25127.093256284017,1,39
2025-09-23,25184.0,25188.65,25154.7,25156.4,12:30:00,25132.51294616173,1,40
2025-09-23,25217.4,25221.75,25185.45,25186.25,12:35:00,25140.59742747966,1,41
2025-09-23,25185.6,25223.8,25184.65,25216.7,12:40:00,25144.88338676731,1,42
2025-09-23,25187.25,25194.95,25173.85,25184.85,12:45:00,25148.91830231328,1,43
2025-09-23,25189.7,25194.85,25178.3,25186.7,12:50:00,25152.80227352153,1,44
2025-09-23,25183.65,25193.5,25178.4,25189.25,12:55:00,25155.74015223377,1,45
2025-09-23,25202.9,25209.9,25181.4,25183.75,13:00:00,25160.23156630675,1,46
2025-09-23,25196.25,25209.8,25187.55,25202.85,13:05:00,25163.661893325152,1,47
2025-09-23,25197.75,25204.1,25193.0,25196.55,13:10:00,25166.908379675137,1,48
2025-09-23,25199.25,25201.4,25191.05,25197.9,13:15:00,25169.9885339918,1,49
2025-09-23,25198.35,25202.25,25194.3,25199.35,13:20:00,25172.68962599257,1,50
2025-09-23,25211.85,25216.65,25190.95,25197.6,13:25:00,25176.41918542185,1,51
2025-09-23,25236.7,25244.25,25208.0,25211.9,13:30:00,25182.160215381675,1,52
2025-09-23,25219.55,25237.0,25209.2,25237.0,13:35:00,25185.72114725009,1,53
2025-09-23,25219.3,25227.6,25213.6,25220.0,13:40:00,25188.919133226267,1,54
2025-09-23,25225.3,25230.5,25218.65,25220.0,13:45:00,25192.38397768091,1,55
2025-09-23,25223.35,25237.55,25221.8,25225.55,13:50:00,25195.33312266368,1,56
2025-09-23,25206.35,25224.45,25201.8,25223.35,13:55:00,25196.382349076663,1,57
2025-09-23,25228.95,25231.65,25203.95,25206.7,14:00:00,25199.48403011698,1,58
2025-09-23,25251.3,25261.6,25225.6,25230.2,14:05:00,25204.418884391554,1,59
2025-09-23,25206.2,25254.7,25200.8,25251.75,14:10:00,25204.5885144495,1,60
2025-09-23,25211.55,25220.65,25179.6,25206.9,14:15:00,25205.251513073355,1,61
2025-09-23,25223.05,25225.55,25190.4,25212.4,14:20:00,25206.94660706637,1,62
2025-09-23,25210.0,25223.85,25203.8,25223.85,14:25:00,25207.237406393386,1,63
2025-09-23,25207.65,25213.45,25196.95,25211.35,14:30:00,25207.276701022583,1,64
2025-09-23,25206.95,25236.25,25196.85,25206.95,14:35:00,25207.24558663948,1,65
2025-09-23,25220.5,25220.5,25199.6,25208.35,14:40:00,25208.50791172144,1,66
2025-09-23,25186.5,25224.2,25182.4,25221.35,14:45:00,25206.41192012892,1,67
2025-09-23,25185.15,25204.9,25173.95,25186.5,14:50:00,25204.386975354737,1,68
2025-09-23,25180.55,25195.25,25173.5,25186.2,14:55:00,25202.11678722572,1,69
2025-09-23,25170.85,25195.4,25168.25,25184.15,15:00:00,25199.13899796612,1,70
2025-09-23,25160.0,25176.4,25157.85,25175.9,15:05:00,25195.4114743503,1,71
2025-09-23,25171.9,25186.1,25150.95,25162.85,15:10:00,25193.17228631693,1,72
2025-09-23,25167.9,25184.35,25163.3,25174.5,15:15:00,25190.765401905803,1,73
2025-09-23,25165.2,25171.55,25161.6,25168.15,15:20:00,25188.330601724298,1,74
2025-09-23,25184.9,25185.5,25165.55,25166.75,15:25:00,25188.003877750554,1,75
2025-09-24,25092.3,25146.25,25088.25,25142.55,09:15:00,25172.06009040352,2,1
2025-09-24,25083.95,25092.5,25063.8,25092.5,09:20:00,25163.668653222227,2,2
2025-09-24,25072.6,25084.45,25062.6,25081.9,09:25:00,25154.99544815344,2,3
2025-09-24,25069.1,25083.8,25054.25,25072.3,09:30:00,25146.814929281685,2,4
2025-09-24,25073.6,25077.65,25062.15,25069.0,09:35:00,25139.842078873902,2,5
2025-09-24,25060.5,25071.8,25050.55,25071.8,09:40:00,25132.285690409724,2,6
2025-09-24,25077.7,25078.6,25051.45,25059.7,09:45:00,25127.08705322785,2,7
2025-09-24,25077.2,25082.4,25069.25,25076.65,09:50:00,25122.335905301385,2,8
2025-09-24,25091.95,25092.9,25074.0,25076.05,09:55:00,25119.4420095584,2,9
2025-09-24,25098.1,25103.9,25084.5,25091.7,10:00:00,25117.4094372195,2,10
2025-09-24,25104.1,25107.95,25096.45,25096.75,10:05:00,25116.14187177002,2,11
2025-09-24,25094.7,25108.35,25090.3,25102.75,10:10:00,25114.099788744305,2,12
2025-09-24,25106.1,25112.65,25092.45,25093.15,10:15:00,25113.33790410199,2,13
2025-09-24,25100.4,25114.1,25100.4,25105.45,10:20:00,25112.105722758944,2,14
2025-09-24,25097.8,25108.75,25096.5,25099.6,10:25:00,25110.743272972377,2,15
2025-09-24,25095.2,25104.35,25091.8,25097.2,10:30:00,25109.262961260723,2,16
2025-09-24,25093.4,25097.9,25088.85,25095.5,10:35:00,25107.752203045417,2,17
2025-09-24,25078.15,25095.9,25076.25,25093.2,10:40:00,25104.93294561252,2,18
2025-09-24,25070.45,25077.4,25068.65,25077.3,10:45:00,25101.648855554187,2,19
2025-09-24,25066.75,25076.0,25065.8,25070.2,10:50:00,25098.325155025217,2,20
2025-09-24,25077.25,25077.3,25066.05,25066.65,10:55:00,25096.317997403767,2,21
2025-09-24,25051.9,25078.05,25046.15,25077.0,11:00:00,25092.087711936743,2,22
2025-09-24,25031.9,25057.2,25027.95,25050.45,11:05:00,25086.35554889515,2,23
2025-09-24,25053.75,25055.4,25029.8,25032.05,11:10:00,25083.250258524185,2,24
2025-09-24,25056.55,25062.45,25051.6,25053.1,11:15:00,25080.70737675997,2,25
2025-09-24,25055.45,25058.15,25051.8,25056.3,11:20:00,25078.30191230664,2,26
2025-09-24,25064.05,25064.8,25052.6,25054.15,11:25:00,25076.94458732505,2,27
2025-09-24,25065.7,25070.7,25061.8,25063.8,11:30:00,25075.87367424648,2,28
2025-09-24,25068.3,25071.05,25062.4,25065.2,11:35:00,25075.152371937293,2,29
2025-09-24,25068.95,25078.0,25066.3,25069.05,11:40:00,25074.561669848023,2,30
2025-09-24,25077.95,25080.1,25067.0,25068.1,11:45:00,25074.88436795774,2,31
2025-09-24,25077.3,25082.1,25069.1,25078.15,11:50:00,25075.11442815224,2,32
2025-09-24,25077.5,25081.15,25069.6,25077.05,11:55:00,25075.341625471072,2,33
2025-09-24,25063.4,25080.65,25062.05,25076.95,12:00:00,25074.20432780716,2,34
2025-09-24,25071.2,25071.85,25058.65,25062.55,12:05:00,25073.918201349337,2,35
2025-09-24,25092.55,25093.25,25067.95,25070.85,12:10:00,25075.692658363685,2,36
2025-09-24,25095.55,25097.4,25090.95,25091.3,12:15:00,25077.58383375762,2,37
2025-09-24,25100.35,25104.65,25092.9,25095.1,12:20:00,25079.75204006641,2,38
2025-09-24,25096.7,25099.95,25090.9,25099.45,12:25:00,25081.366131488667,2,39
2025-09-24,25101.25,25105.65,25088.95,25096.55,12:30:00,25083.25983325165,2,40
2025-09-24,25103.25,25111.5,25099.55,25100.5,12:35:00,25085.163658656253,2,41
2025-09-24,25092.4,25104.6,25091.4,25102.9,12:40:00,25085.852834022324,2,42
2025-09-24,25090.8,25096.6,25085.6,25091.25,12:45:00,25086.323992686863,2,43
2025-09-24,25104.15,25104.35,25089.15,25090.45,12:50:00,25088.021707669068,2,44
2025-09-24,25109.5,25113.15,25103.75,25103.85,12:55:00,25090.06725931964,2,45
2025-09-24,25120.95,25125.45,25108.95,25109.5,13:00:00,25093.008472717767,2,46
2025-09-24,25115.6,25124.85,25115.2,25120.7,13:05:00,25095.160046744648,2,47
2025-09-24,25131.65,25132.05,25115.1,25115.1,13:10:00,25098.63528038801,2,48
2025-09-24,25134.95,25142.05,25125.8,25131.35,13:15:00,25102.093825112966,2,49
2025-09-24,25130.1,25136.6,25125.35,25134.45,13:20:00,25104.76107986411,2,50
2025-09-24,25133.0,25134.3,25125.25,25130.05,13:25:00,25107.45050082944,2,51
2025-09-24,25133.75,25139.05,25127.55,25133.25,13:30:00,25109.95521503616,2,52
2025-09-24,25132.3,25140.65,25129.9,25132.85,13:35:00,25112.083289794617,2,53
2025-09-24,25127.85,25138.45,25127.8,25132.1,13:40:00,25113.58488124275,2,54
2025-09-24,25119.95,25131.65,25118.2,25128.4,13:45:00,25114.19108302916,2,55
2025-09-24,25129.55,25133.8,25113.05,25119.15,13:50:00,25115.653837026377,2,56
2025-09-24,25113.6,25136.1,25111.85,25130.1,13:55:00,25115.458233500056,2,57
2025-09-24,25115.25,25119.45,25110.4,25113.55,14:00:00,25115.438401738145,2,58
2025-09-24,25106.4,25117.3,25103.0,25114.7,14:05:00,25114.577601572608,2,59
2025-09-24,25100.8,25111.9,25096.0,25105.3,14:10:00,25113.265449041883,2,60
2025-09-24,25105.6,25116.4,25097.55,25100.6,14:15:00,25112.53540627599,2,61
2025-09-24,25085.85,25106.85,25085.85,25105.5,14:20:00,25109.99393901161,2,62
2025-09-24,25089.2,25093.35,25084.7,25087.55,14:25:00,25108.01356386765,2,63
2025-09-24,25075.15,25091.15,25071.8,25088.8,14:30:00,25104.88370064216,2,64
2025-09-24,25098.7,25101.85,25072.95,25075.7,14:35:00,25104.29477677148,2,65
2025-09-24,25065.45,25096.9,25051.15,25096.9,14:40:00,25100.59527422181,2,66
2025-09-24,25066.15,25071.55,25061.1,25065.5,14:45:00,25097.31477191497,2,67
2025-09-24,25065.15,25072.3,25063.15,25066.3,14:50:00,25094.251460304025,2,68
2025-09-24,25041.1,25068.1,25041.1,25064.95,14:55:00,25089.189416465542,2,69
2025-09-24,25066.15,25068.1,25039.55,25042.7,15:00:00,25086.99518632597,2,70
2025-09-24,25064.15,25070.2,25057.95,25065.15,15:05:00,25084.819454294924,2,71
2025-09-24,25059.75,25064.2,25050.75,25063.4,15:10:00,25082.431887219216,2,72
2025-09-24,25058.4,25062.35,25052.0,25059.15,15:15:00,25080.14313605548,2,73
2025-09-24,25066.35,25066.35,25056.8,25057.65,15:20:00,25078.8295040502,2,74
2025-09-24,25060.9,25067.25,25058.5,25062.8,15:25:00,25077.12193223589,2,75
2025-09-25,25054.4,25054.4,25004.9,25041.55,09:15:00,25071.28530053777,3,1
2025-09-25,25081.2,25083.75,25049.35,25054.4,09:20:00,25072.229557629413,3,2
2025-09-25,25058.7,25092.0,25058.7,25082.4,09:25:00,25070.941028331374,3,3
2025-09-25,25062.75,25081.3,25048.45,25059.3,09:30:00,25070.160930395054,3,4
2025-09-25,25072.05,25074.9,25045.0,25061.2,09:35:00,25070.340841786,3,5
2025-09-25,25054.0,25082.6,25049.95,25071.8,09:40:00,25068.78457113972,3,6
2025-09-25,25045.95,25053.45,25032.05,25051.2,09:45:00,25066.60985007879,3,7
2025-09-25,25046.8,25055.9,25034.45,25045.7,09:50:00,25064.72319769033,3,8
2025-09-25,25054.35,25060.2,25045.05,25046.3,09:55:00,25063.73527410077,3,9
2025-09-25,25038.55,25057.8,25036.35,25053.75,10:00:00,25061.33667656737,3,10
2025-09-25,25038.85,25044.05,25030.4,25040.45,10:05:00,25059.195088322856,3,11
2025-09-25,25031.7,25044.05,25029.5,25038.2,10:10:00,25056.576508482583,3,12
2025-09-25,25039.4,25048.95,25030.6,25031.8,10:15:00,25054.940650531866,3,13
2025-09-25,25042.3,25048.9,25034.05,25040.2,10:20:00,25053.73677905264,3,14
2025-09-25,25043.55,25047.0,25037.25,25042.7,10:25:00,25052.76660961905,3,15
2025-09-25,25038.1,25053.8,25036.7,25044.2,10:30:00,25051.36978965533,3,16
2025-09-25,25013.55,25037.85,25006.2,25037.85,10:35:00,25047.76790492625,3,17
2025-09-25,25008.15,25019.3,25004.1,25014.2,10:40:00,25043.99477112375,3,18
2025-09-25,25009.75,25011.5,24999.75,25007.65,10:45:00,25040.73336435006,3,19
2025-09-25,25014.25,25018.65,25006.9,25009.95,10:50:00,25038.211139173865,3,20
2025-09-25,25007.05,25015.55,25004.4,25013.9,10:55:00,25035.2434116335,3,21
2025-09-25,25006.4,25018.7,25004.3,25008.85,11:00:00,25032.49642004936,3,22
2025-09-25,25013.2,25018.35,25004.3,25006.75,11:05:00,25030.658665758943,3,23
2025-09-25,25026.1,25033.0,25011.6,25013.65,11:10:00,25030.22450711524,3,24
2025-09-25,25025.1,25031.45,25023.2,25027.1,11:15:00,25029.736458818545,3,25
2025-09-25,25035.25,25044.9,25025.05,25025.9,11:20:00,25030.261557978683,3,26
2025-09-25,25031.25,25036.95,25015.65,25036.3,11:25:00,25030.355695314047,3,27
2025-09-25,25019.7,25032.7,25018.75,25032.65,11:30:00,25029.340867188897,3,28
2025-09-25,25014.15,25021.8,25012.5,25019.35,11:35:00,25027.89411793281,3,29
2025-09-25,24989.75,25014.2,24985.65,25013.9,11:40:00,25024.261344796352,3,30
2025-09-25,24990.1,24996.95,24985.35,24989.65,11:45:00,25021.007883387178,3,31
2025-09-25,24985.5,24992.0,24974.05,24990.4,11:50:00,25017.626180207444,3,32
2025-09-25,24981.95,24998.85,24979.15,24985.45,11:55:00,25014.22844875912,3,33
2025-09-25,24980.75,24989.3,24976.0,24983.7,12:00:00,25011.04002506777,3,34
2025-09-25,24969.7,24983.9,24965.55,24980.95,12:05:00,25007.10287982322,3,35
2025-09-25,24981.5,24988.45,24966.95,24969.85,12:10:00,25004.664510316245,3,36
2025-09-25,24987.35,24990.45,24976.9,24981.4,12:15:00,25003.015509333745,3,37
2025-09-25,24979.1,24999.65,24974.05,24987.2,12:20:00,25000.73784177815,3,38
2025-09-25,24983.55,24993.6,24977.65,24979.25,12:25:00,24999.100904465944,3,39
2025-09-25,24979.5,24985.3,24973.45,24983.05,12:30:00,24997.234151659664,3,40
2025-09-25,24986.7,24987.8,24976.0,24979.6,12:35:00,24996.23089912065,3,41
2025-09-25,24962.35,24988.8,24959.9,24986.7,12:40:00,24993.00414682344,3,42
2025-09-25,24971.75,24979.0,24961.5,24962.15,12:45:00,24990.979942364065,3,43
2025-09-25,24980.05,24981.2,24967.45,24970.7,12:50:00,24989.93899547225,3,44
2025-09-25,24983.8,24986.2,24972.7,24980.1,12:55:00,24989.3543292368,3,45
2025-09-25,24994.5,24994.9,24978.05,24983.75,13:00:00,24989.84439311901,3,46
2025-09-25,25003.05,25010.4,24990.05,24994.9,13:05:00,24991.10206996481,3,47
2025-09-25,24989.7,25009.1,24988.75,25003.75,13:10:00,24990.96853949198,3,48
2025-09-25,24998.35,24998.85,24973.1,24989.75,13:15:00,24991.67153573084,3,49
2025-09-25,24972.8,24999.15,24965.1,24998.8,13:20:00,24989.874246613614,3,50
2025-09-25,24976.0,24977.05,24964.95,24972.9,13:25:00,24988.55288979327,3,51
2025-09-25,24981.1,24991.75,24973.4,24975.9,13:30:00,24987.84309076534,3,52
2025-09-25,24982.45,24986.55,24969.35,24980.85,13:35:00,24987.3294630734,3,53
2025-09-25,24992.9,24993.3,24980.15,24982.8,13:40:00,24987.859990399746,3,54
2025-09-25,25001.25,25004.05,24991.1,24992.85,13:45:00,24989.13522940929,3,55
2025-09-25,24990.55,25003.5,24988.25,25000.75,13:50:00,24989.26996946555,3,56
2025-09-25,24980.0,25000.6,24974.15,24991.85,13:55:00,24988.387115230733,3,57
2025-09-25,24972.45,24987.45,24967.4,24980.35,14:00:00,24986.869294732565,3,58
2025-09-25,24965.4,24980.55,24964.05,24972.2,14:05:00,24984.824599996133,3,59
2025-09-25,24966.1,24969.6,24949.7,24965.5,14:10:00,24983.041304758408,3,60
2025-09-25,24966.2,24973.05,24958.35,24966.4,14:15:00,24981.437370971893,3,61
2025-09-25,24957.15,24971.25,24956.95,24966.15,14:20:00,24979.12428802219,3,62
2025-09-25,24957.55,24984.75,24953.55,24957.4,14:25:00,24977.06959392484,3,63
2025-09-25,24948.35,24959.7,24947.4,24957.1,14:30:00,24974.334394503425,3,64
2025-09-25,24961.6,24965.3,24933.35,24948.0,14:35:00,24973.121595026907,3,65
2025-09-25,24944.4,24962.1,24933.2,24961.7,14:40:00,24970.386205024344,3,66
2025-09-25,24941.3,24949.75,24932.35,24943.85,14:45:00,24967.61609026012,3,67
2025-09-25,24934.7,24943.7,24919.9,24941.5,14:50:00,24964.48122452106,3,68
2025-09-25,24922.15,24936.45,24914.55,24934.25,14:55:00,24960.449679328576,3,69
2025-09-25,24886.3,24927.7,24884.8,24924.3,15:00:00,24953.38780510681,3,70
2025-09-25,24881.45,24889.6,24878.7,24887.35,15:05:00,24946.53658557283,3,71
2025-09-25,24883.3,24900.2,24879.3,24881.95,15:10:00,24940.51405361351,3,72
2025-09-25,24900.45,24905.35,24883.75,24884.2,15:15:00,24936.698429459844,3,73
2025-09-25,24887.55,24902.6,24881.8,24898.5,15:20:00,24932.017626654146,3,74
2025-09-25,24904.55,24905.75,24887.9,24889.0,15:25:00,24929.40166221089,3,75
2025-09-26,24816.0,24855.5,24809.6,24820.35,09:15:00,24909.04965999577,4,1
2025-09-26,24813.35,24819.4,24786.35,24815.15,09:20:00,24899.93540666284,4,2
2025-09-26,24791.8,24826.85,24790.65,24813.45,09:25:00,24889.63679650447,4,3
2025-09-26,24776.75,24791.6,24769.15,24790.9,09:30:00,24878.885673027857,4,4
2025-09-26,24780.15,24784.65,24759.25,24778.2,09:35:00,24869.48227559663,4,5
2025-09-26,24781.9,24787.05,24773.2,24779.5,09:40:00,24861.141106492192,4,6
2025-09-26,24813.9,24816.45,24776.3,24782.35,09:45:00,24856.641953492937,4,7
2025-09-26,24806.2,24817.8,24796.1,24813.85,09:50:00,24851.83795792218,4,8
2025-09-26,24817.2,24826.2,24801.45,24806.25,09:55:00,24848.53910478673,4,9
2025-09-26,24799.1,24818.95,24795.05,24816.45,10:00:00,24843.83061861657,4,10
2025-09-26,24783.25,24799.7,24778.45,24798.3,10:05:00,24838.06103589118,4,11
2025-09-26,24780.5,24785.15,24774.75,24783.25,10:10:00,24832.57903247297,4,12
2025-09-26,24775.35,24791.95,24771.05,24780.25,10:15:00,24827.128648427926,4,13
2025-09-26,24789.1,24789.85,24772.15,24774.2,10:20:00,24823.50687238717,4,14
2025-09-26,24794.95,24808.25,24788.75,24789.35,10:25:00,24820.78717025506,4,15
2025-09-26,24791.75,24797.25,24784.0,24794.95,10:30:00,24818.02172546886,4,16
2025-09-26,24795.55,24797.1,24787.1,24791.75,10:35:00,24815.881561138493,4,17
2025-09-26,24800.35,24803.8,24792.6,24794.05,10:40:00,24814.40236483959,4,18
2025-09-26,24802.6,24805.25,24789.35,24800.8,10:45:00,24813.27833009296,4,19
2025-09-26,24792.4,24805.7,24792.05,24802.6,10:50:00,24811.28991770316,4,20
2025-09-26,24781.45,24791.9,24777.95,24791.9,10:55:00,24808.448020779048,4,21
2025-09-26,24771.2,24781.45,24767.65,24781.35,11:00:00,24804.900590228663,4,22
2025-09-26,24783.9,24785.7,24763.5,24769.1,11:05:00,24802.900534016408,4,23
2025-09-26,24768.6,24785.2,24768.1,24783.35,11:10:00,24799.63381649104,4,24
2025-09-26,24755.95,24769.5,24755.25,24769.5,11:15:00,24795.4734530157,4,25
2025-09-26,24761.15,24766.45,24751.2,24756.5,11:20:00,24792.20455272849,4,26
2025-09-26,24763.7,24769.5,24756.1,24760.95,11:25:00,24789.489833421016,4,27
2025-09-26,24752.7,24767.45,24748.1,24763.7,11:30:00,24785.986039761872,4,28
2025-09-26,24745.15,24758.95,24742.8,24752.7,11:35:00,24782.096893117887,4,29
2025-09-26,24751.25,24752.4,24742.3,24745.6,11:40:00,24779.159093773327,4,30
2025-09-26,24756.7,24759.75,24739.95,24751.35,11:45:00,24777.02013246158,4,31
2025-09-26,24772.85,24774.75,24753.95,24756.25,11:50:00,24776.62297698905,4,32
2025-09-26,24771.2,24780.85,24768.6,24772.75,11:55:00,24776.106502990093,4,33
2025-09-26,24757.95,24775.15,24754.9,24770.55,12:00:00,24774.37731222913,4,34
2025-09-26,24762.7,24766.75,24749.05,24757.55,12:05:00,24773.26518725493,4,35
2025-09-26,24764.3,24768.35,24759.3,24762.95,12:10:00,24772.41135989732,4,36
2025-09-26,24756.5,24764.9,24754.25,24764.4,12:15:00,24770.89599228805,4,37
2025-09-26,24778.3,24778.6,24754.2,24757.25,12:20:00,24771.601135879664,4,38
2025-09-26,24765.65,24782.1,24764.8,24778.7,12:25:00,24771.034361033984,4,39
2025-09-26,24756.95,24766.45,24753.3,24766.45,12:30:00,24769.69299331646,4,40
2025-09-26,24767.1,24770.95,24755.65,24758.2,12:35:00,24769.446041572035,4,41
2025-09-26,24774.2,24776.15,24765.8,24767.5,12:40:00,24769.89879951756,4,42
2025-09-26,24785.6,24788.35,24770.45,24772.75,12:45:00,24771.394151944456,4,43
2025-09-26,24790.55,24791.85,24779.55,24784.75,12:50:00,24773.218518425936,4,44
2025-09-26,24774.4,24795.3,24771.45,24789.65,12:55:00,24773.33104048061,4,45
2025-09-26,24781.6,24788.0,24772.1,24773.4,13:00:00,24774.11856043484,4,46
2025-09-26,24780.35,24786.8,24777.45,24780.95,13:05:00,24774.71203086961,4,47
2025-09-26,24758.75,24781.95,24756.9,24780.15,13:10:00,24773.19183745346,4,48
2025-09-26,24755.4,24760.5,24743.1,24759.1,13:15:00,24771.49737674361,4,49
2025-09-26,24742.2,24755.6,24736.5,24754.95,13:20:00,24768.70715038708,4,50
2025-09-26,24735.45,24743.4,24732.8,24741.55,13:25:00,24765.539802731164,4,51
2025-09-26,24706.95,24737.5,24704.85,24735.65,13:30:00,24759.95982151867,4,52
2025-09-26,24712.7,24723.15,24704.2,24706.85,13:35:00,24755.45888613594,4,53
2025-09-26,24713.1,24722.95,24710.6,24712.5,13:40:00,24751.424706503945,4,54
2025-09-26,24714.9,24725.15,24712.1,24712.3,13:45:00,24747.94616302738,4,55
2025-09-26,24680.2,24715.05,24676.55,24714.7,13:50:00,24741.49414750096,4,56
2025-09-26,24667.4,24696.2,24659.55,24681.65,13:55:00,24734.43756202468,4,57
2025-09-26,24647.3,24669.85,24645.85,24667.3,14:00:00,24726.138746593755,4,58
2025-09-26,24658.0,24658.95,24638.45,24646.7,14:05:00,24719.64934215625,4,59
2025-09-26,24663.55,24666.45,24652.75,24658.05,14:10:00,24714.306547665183,4,60
2025-09-26,24647.55,24663.95,24637.5,24663.95,14:15:00,24707.948781220883,4,61
2025-09-26,24632.85,24651.75,24631.2,24648.15,14:20:00,24700.796516342703,4,62
2025-09-26,24645.75,24651.05,24629.65,24633.25,14:25:00,24695.55399097673,4,63
2025-09-26,24642.9,24654.85,24638.6,24645.7,14:30:00,24690.539325169422,4,64
2025-09-26,24656.6,24660.7,24635.8,24640.35,14:35:00,24687.307008486623,4,65
2025-09-26,24661.1,24668.1,24649.4,24656.7,14:40:00,24684.81110291647,4,66
2025-09-26,24661.35,24663.6,24647.55,24661.5,14:45:00,24682.57671216252,4,67
2025-09-26,24630.35,24674.65,24630.35,24659.2,14:50:00,24677.602739575614,4,68
2025-09-26,24650.6,24653.25,24632.5,24632.5,14:55:00,24675.031050092224,4,69
2025-09-26,24654.15,24660.85,24634.8,24648.9,15:00:00,24673.04237865487,4,70
2025-09-26,24646.3,24659.8,24644.9,24654.3,15:05:00,24670.495485449646,4,71
2025-09-26,24644.5,24653.45,24641.5,24646.15,15:10:00,24668.01972493064,4,72
2025-09-26,24652.2,24655.9,24643.6,24644.6,15:15:00,24666.513084461047,4,73
2025-09-26,24661.25,24668.05,24651.6,24651.85,15:20:00,24666.0118383219,4,74
2025-09-26,24673.1,24674.55,24660.25,24661.1,15:25:00,24666.686901338864,4,75
2025-09-29,24673.7,24736.65,24668.25,24720.8,09:15:00,24672.685422637936,0,1
2025-09-29,24702.6,24713.35,24672.75,24672.75,09:20:00,24675.534430005755,0,2
2025-09-29,24712.1,24713.15,24684.8,24703.4,09:25:00,24679.016865243306,0,3
2025-09-29,24727.4,24727.65,24704.2,24712.9,09:30:00,24683.62478283918,0,4
2025-09-29,24736.05,24740.3,24725.6,24727.25,09:35:00,24688.61766066402,0,5
2025-09-29,24750.8,24752.1,24729.65,24736.4,09:40:00,24694.539788219827,0,6
2025-09-29,24744.55,24755.65,24738.45,24750.75,09:45:00,24699.302665532225,0,7
2025-09-29,24753.85,24757.45,24735.0,24743.6,09:50:00,24704.49764976725,0,8
2025-09-29,24758.1,24765.15,24754.75,24755.0,09:55:00,24709.602635503703,0,9
2025-09-29,24753.15,24767.05,24751.85,24758.0,10:00:00,24713.75000355097,0,10
2025-09-29,24743.4,24756.25,24742.1,24753.7,10:05:00,24716.57381273659,0,11
2025-09-29,24758.4,24762.05,24744.0,24744.0,10:10:00,24720.55725914263,0,12
2025-09-29,24786.55,24786.55,24756.7,24760.35,10:15:00,24726.84228208143,0,13
2025-09-29,24785.75,24791.15,24777.05,24787.35,10:20:00,24732.45254093082,0,14
2025-09-29,24771.5,24787.2,24765.5,24785.75,10:25:00,24736.171346556457,0,15
2025-09-29,24771.05,24775.65,24761.25,24771.75,10:30:00,24739.49312307489,0,16
2025-09-29,24760.5,24774.9,24751.8,24770.45,10:35:00,24741.493778020144,0,17
2025-09-29,24763.25,24765.6,24749.7,24760.25,10:40:00,24743.56579916108,0,18
2025-09-29,24747.6,24766.9,24745.45,24763.0,10:45:00,24743.95000876479,0,19
2025-09-29,24735.5,24756.6,24735.5,24747.0,10:50:00,24743.145246025288,0,20
2025-09-29,24744.3,24749.1,24725.1,24735.0,10:55:00,24743.255222594307,0,21
2025-09-29,24757.15,24757.15,24743.95,24743.95,11:00:00,24744.57853472818,0,22
2025-09-29,24756.05,24764.4,24754.8,24756.8,11:05:00,24745.67105523026,0,23
2025-09-29,24740.45,24757.7,24737.7,24755.7,11:10:00,24745.173811875,0,24
2025-09-29,24737.5,24742.45,24732.75,24741.2,11:15:00,24744.44297264881,0,25
2025-09-29,24739.9,24742.65,24735.8,24737.3,11:20:00,24744.010308587018,0,26
2025-09-29,24734.15,24742.3,24732.25,24739.5,11:25:00,24743.07123157873,0,27
2025-09-29,24706.75,24735.3,24705.25,24734.1,11:30:00,24739.612066666472,0,28
2025-09-29,24670.8,24707.05,24660.85,24706.45,11:35:00,24733.05853650776,0,29
2025-09-29,24672.25,24672.75,24655.2,24670.15,11:40:00,24727.267247316544,0,30
2025-09-29,24644.6,24674.1,24644.25,24672.25,11:45:00,24719.39417614353,0,31
2025-09-29,24658.65,24670.35,24644.3,24645.65,11:50:00,24713.60901651082,0,32
2025-09-29,24665.85,24676.15,24656.95,24658.25,11:55:00,24709.060538747886,0,33
2025-09-29,24659.25,24668.0,24644.15,24665.9,12:00:00,24704.31667791476,0,34
2025-09-29,24643.5,24665.5,24642.7,24659.3,12:05:00,24698.524613351445,0,35
2025-09-29,24641.7,24646.45,24633.95,24643.6,12:10:00,24693.11274541321,0,36
2025-09-29,24640.5,24667.75,24639.4,24642.15,12:15:00,24688.10200775481,0,37
2025-09-29,24653.5,24659.1,24639.1,24642.45,12:20:00,24684.80657844483,0,38
2025-09-29,24658.55,24664.35,24650.95,24652.95,12:25:00,24682.305951926275,0,39
2025-09-29,24652.45,24659.7,24639.2,24658.1,12:30:00,24679.46252793329,0,40
2025-09-29,24618.45,24653.95,24618.45,24652.95,12:35:00,24673.651810987263,0,41
2025-09-29,24613.5,24622.1,24610.35,24617.7,12:40:00,24667.92306708372,0,42
2025-09-29,24616.45,24633.05,24606.2,24614.4,12:45:00,24663.0208702186,0,43
2025-09-29,24627.3,24631.6,24609.7,24614.95,12:50:00,24659.61888257873,0,44
2025-09-29,24640.05,24645.25,24627.9,24627.9,12:55:00,24657.755179476,0,45
2025-09-29,24681.35,24682.4,24633.25,24640.4,13:00:00,24660.002305240185,0,46
2025-09-29,24661.55,24682.1,24630.9,24681.3,13:05:00,24660.14970474112,0,47
2025-09-29,24687.05,24688.75,24659.9,24664.1,13:10:00,24662.71163762292,0,48
2025-09-29,24671.3,24687.4,24656.8,24686.75,13:15:00,24663.529576896923,0,49
2025-09-29,24696.05,24697.0,24671.8,24672.15,13:20:00,24666.6267600496,0,50
2025-09-29,24701.35,24705.3,24676.8,24695.35,13:25:00,24669.933735282968,0,51
2025-09-29,24715.65,24718.9,24700.55,24700.6,13:30:00,24674.28766525601,0,52
2025-09-29,24718.4,24720.25,24710.6,24714.65,13:35:00,24678.488839993537,0,53
2025-09-29,24689.5,24719.35,24673.25,24718.05,13:40:00,24679.53752189892,0,54
2025-09-29,24697.95,24709.35,24683.65,24688.5,13:45:00,24681.29109124188,0,55
2025-09-29,24695.65,24706.85,24691.0,24698.8,13:50:00,24682.658606361696,0,56
2025-09-29,24713.05,24716.65,24685.95,24695.5,13:55:00,24685.55302480344,0,57
2025-09-29,24733.5,24736.8,24712.3,24712.3,14:00:00,24690.11940339359,0,58
2025-09-29,24723.65,24738.35,24722.95,24735.5,14:05:00,24693.31279354658,0,59
2025-09-29,24723.85,24732.35,24719.4,24721.9,14:10:00,24696.22109892309,0,60
2025-09-29,24727.85,24736.35,24713.35,24725.15,14:15:00,24699.23337521613,0,61
2025-09-29,24732.45,24745.9,24727.0,24727.9,14:20:00,24702.396863290785,0,62
2025-09-29,24718.3,24734.6,24717.65,24732.6,14:25:00,24703.91144773928,0,63
2025-09-29,24727.15,24730.2,24709.75,24718.05,14:30:00,24706.12464319268,0,64
2025-09-29,24715.15,24731.5,24714.4,24727.1,14:35:00,24706.98420098385,0,65
2025-09-29,24688.75,24719.6,24686.05,24715.55,14:40:00,24705.247610413964,0,66
2025-09-29,24679.75,24694.45,24675.2,24689.25,14:45:00,24702.819266565017,0,67
2025-09-29,24683.9,24687.3,24672.4,24679.8,14:50:00,24701.01743165406,0,68
2025-09-29,24685.55,24692.35,24679.9,24684.35,14:55:00,24699.544342925103,0,69
2025-09-29,24616.7,24683.3,24615.5,24683.3,15:00:00,24691.654405503665,0,70
2025-09-29,24625.15,24630.7,24614.15,24617.0,15:05:00,24685.320652598555,0,71
2025-09-29,24639.65,24642.45,24623.05,24625.55,15:10:00,24680.97106663679,0,72
2025-09-29,24628.2,24639.3,24622.35,24639.3,15:15:00,24675.945250766617,0,73
2025-09-29,24652.5,24652.75,24619.45,24629.0,15:20:00,24673.712369741224,0,74
2025-09-29,24677.55,24691.45,24651.0,24653.7,15:25:00,24674.0778583373,0,75
2025-09-30,24713.65,24718.95,24683.35,24703.15,09:15:00,24679.38663687021,1,1
2025-09-30,24706.6,24731.55,24691.95,24712.55,09:20:00,24681.97838573972,1,2
2025-09-30,24670.25,24718.1,24668.3,24707.3,09:25:00,24680.86139662165,1,3
2025-09-30,24676.25,24687.7,24653.9,24668.6,09:30:00,24680.42221599102,1,4
2025-09-30,24655.25,24675.65,24651.6,24675.55,09:35:00,24678.02486208712,1,5
2025-09-30,24649.85,24669.05,24645.5,24654.45,09:40:00,24675.341541888338,1,6
2025-09-30,24665.65,24665.85,24636.95,24649.45,09:45:00,24674.41853789897,1,7
2025-09-30,24658.85,24667.95,24652.7,24666.1,09:50:00,24672.93582000384,1,8
2025-09-30,24659.95,24663.85,24650.35,24658.65,09:55:00,24671.69907524156,1,9
2025-09-30,24668.7,24679.0,24655.75,24659.25,10:00:00,24671.41344902808,1,10
2025-09-30,24644.15,24671.95,24643.5,24668.05,10:05:00,24668.816930073022,1,11
2025-09-30,24636.7,24645.55,24633.65,24645.4,10:10:00,24665.758174827974,1,12
2025-09-30,24649.15,24651.45,24635.9,24637.0,10:15:00,24664.17644389197,1,13
2025-09-30,24646.4,24655.8,24642.55,24648.95,10:20:00,24662.483449235595,1,14
2025-09-30,24624.0,24647.55,24619.15,24646.05,10:25:00,24658.818358832206,1,15
2025-09-30,24626.05,24627.6,24622.0,24624.0,10:30:00,24655.697562752943,1,16
2025-09-30,24598.15,24626.75,24594.3,24626.3,10:35:00,24650.21684249076,1,17
2025-09-30,24620.95,24622.5,24595.55,24597.2,10:40:00,24647.429524158302,1,18
2025-09-30,24609.55,24623.25,24608.25,24620.7,10:45:00,24643.821950428945,1,19
2025-09-30,24628.0,24629.35,24607.85,24613.15,10:50:00,24642.31509800714,1,20
2025-09-30,24637.25,24645.05,24627.65,24628.15,10:55:00,24641.832707720747,1,21
2025-09-30,24657.9,24658.85,24636.95,24637.35,11:00:00,24643.362926033056,1,22
2025-09-30,24663.15,24664.45,24653.5,24657.45,11:05:00,24645.24740926801,1,23
2025-09-30,24666.9,24670.7,24662.4,24663.4,11:10:00,24647.30956076629,1,24
2025-09-30,24664.4,24667.3,24656.9,24666.75,11:15:00,24648.93722164569,1,25
2025-09-30,24648.7,24683.5,24645.15,24664.6,11:20:00,24648.914629108007,1,26
2025-09-30,24647.15,24648.75,24636.95,24648.45,11:25:00,24648.74656919296,1,27
2025-09-30,24656.7,24659.45,24645.0,24646.8,11:30:00,24649.504038793628,1,28
2025-09-30,24654.2,24674.35,24653.7,24656.3,11:35:00,24649.95127319424,1,29
2025-09-30,24642.05,24655.6,24641.45,24654.35,11:40:00,24649.19877098526,1,30
2025-09-30,24646.3,24651.9,24640.4,24642.45,11:45:00,24648.92269755809,1,31
2025-09-30,24636.5,24648.75,24635.1,24647.15,11:50:00,24647.739583504936,1,32
2025-09-30,24632.25,24637.4,24627.7,24636.5,11:55:00,24646.26438507589,1,33
2025-09-30,24645.4,24646.9,24625.6,24632.85,12:00:00,24646.18206268772,1,34
2025-09-30,24648.45,24657.55,24639.4,24647.35,12:05:00,24646.39805671746,1,35
2025-09-30,24646.2,24656.15,24641.6,24649.05,12:10:00,24646.37919417294,1,36
2025-09-30,24665.8,24666.2,24642.6,24646.25,12:15:00,24648.228794727896,1,37
2025-09-30,24670.2,24679.4,24662.35,24666.2,12:20:00,24650.32129046809,1,38
2025-09-30,24673.8,24677.55,24665.95,24669.95,12:25:00,24652.557358042563,1,39
2025-09-30,24677.2,24682.7,24664.25,24674.0,12:30:00,24654.904276324225,1,40
2025-09-30,24674.55,24683.45,24658.8,24677.05,12:35:00,24656.77529762668,1,41
2025-09-30,24662.05,24674.5,24655.85,24674.05,12:40:00,24657.277650233664,1,42
2025-09-30,24653.0,24666.0,24652.1,24662.0,12:45:00,24656.87025497332,1,43
2025-09-30,24662.1,24664.0,24651.55,24652.85,12:50:00,24657.36832592824,1,44
2025-09-30,24652.65,24662.3,24646.25,24661.65,12:55:00,24656.918961554125,1,45
2025-09-30,24650.4,24658.5,24645.1,24652.6,13:00:00,24656.29810807278,1,46
2025-09-30,24664.15,24664.75,24648.0,24650.45,13:05:00,24657.045907303946,1,47
2025-09-30,24664.95,24673.55,24658.55,24663.3,13:10:00,24657.798678036903,1,48
2025-09-30,24664.4,24680.05,24657.5,24664.4,13:15:00,24658.42737536672,1,49
2025-09-30,24653.95,24664.45,24647.25,24664.45,13:20:00,24658.00095866513,1,50
2025-09-30,24644.25,24654.4,24636.1,24654.1,13:25:00,24656.691343554165,1,51
2025-09-30,24641.35,24649.6,24627.4,24643.95,13:30:00,24655.23026321567,1,52
2025-09-30,24637.05,24653.45,24634.35,24642.25,13:35:00,24653.498809576085,1,53
2025-09-30,24637.8,24640.7,24630.45,24637.55,13:40:00,24652.00368485456,1,54
2025-09-30,24644.7,24647.0,24633.55,24637.1,13:45:00,24651.308095820787,1,55
2025-09-30,24632.2,24650.6,24632.2,24644.65,13:50:00,24649.48827717119,1,56
2025-09-30,24635.1,24640.5,24623.75,24632.7,13:55:00,24648.11796505965,1,57
2025-09-30,24636.75,24639.75,24625.15,24635.5,14:00:00,24647.03530172064,1,58
2025-09-30,24630.5,24645.45,24630.0,24637.1,14:05:00,24645.46051108057,1,59
2025-09-30,24623.9,24633.45,24600.4,24631.15,14:10:00,24643.407129072897,1,60
2025-09-30,24601.4,24625.1,24595.7,24624.2,14:15:00,24639.406450113573,1,61
2025-09-30,24620.85,24632.65,24588.0,24601.1,14:20:00,24637.63916915037,1,62
2025-09-30,24612.0,24619.6,24602.0,24619.6,14:25:00,24635.197343517004,1,63
2025-09-30,24619.15,24627.35,24600.75,24612.55,14:30:00,24633.669025086816,1,64
2025-09-30,24631.95,24652.8,24620.1,24620.1,14:35:00,24633.505308411884,1,65
2025-09-30,24640.3,24644.6,24632.9,24632.9,14:40:00,24634.15242189647,1,66
2025-09-30,24626.6,24654.0,24603.65,24639.95,14:45:00,24633.43314362061,1,67
2025-09-30,24631.25,24638.85,24616.7,24626.6,14:50:00,24633.22522518055,1,68
2025-09-30,24632.5,24640.95,24622.85,24630.45,14:55:00,24633.156156115736,1,69
2025-09-30,24614.85,24634.8,24613.65,24631.7,15:00:00,24631.41271267614,1,70
2025-09-30,24610.65,24617.95,24598.15,24614.2,15:05:00,24629.435311468893,1,71
2025-09-30,24614.85,24615.85,24603.95,24608.4,15:10:00,24628.046234186146,1,72
2025-09-30,24607.4,24614.75,24603.3,24613.5,15:15:00,24626.07992616841,1,73
2025-09-30,24611.85,24613.7,24605.15,24606.95,15:20:00,24624.72469510476,1,74
2025-09-30,24633.6,24634.9,24612.05,24612.05,15:25:00,24625.56996223764,1,75
2025-10-03,24785.05,24838.9,24762.45,24783.0,09:15:00,24816.009008968074,4,1
2025-10-03,24784.5,24801.95,24770.25,24783.65,09:20:00,24813.00815097112,4,2
2025-10-03,24779.5,24787.6,24748.15,24783.85,09:25:00,24809.81689849768,4,3
2025-10-03,24766.15,24787.65,24757.5,24779.45,09:30:00,24805.658146259804,4,4
2025-10-03,24786.0,24786.6,24761.3,24770.1,09:35:00,24803.78594185411,4,5
2025-10-03,24789.1,24799.6,24778.2,24785.3,09:40:00,24802.387280725143,4,6
2025-10-03,24795.85,24797.15,24773.55,24788.55,09:45:00,24801.764682560843,4,7
2025-10-03,24821.95,24822.85,24790.9,24796.75,09:50:00,24803.687093745524,4,8
2025-10-03,24828.55,24833.0,24818.5,24821.9,09:55:00,24806.054989579286,4,9
2025-10-03,24813.3,24833.8,24808.65,24829.25,10:00:00,24806.744990571737,4,10
2025-10-03,24805.15,24821.15,24803.9,24813.35,10:05:00,24806.59308670776,4,11
2025-10-03,24798.35,24809.05,24791.85,24804.0,10:10:00,24805.808030830834,4,12
2025-10-03,24793.3,24799.65,24780.85,24798.5,10:15:00,24804.616789799325,4,13
2025-10-03,24788.35,24802.5,24785.95,24793.35,10:20:00,24803.0675717232,4,14
2025-10-03,24812.6,24812.75,24786.15,24787.35,10:25:00,24803.97542203528,4,15
2025-10-03,24820.45,24822.35,24810.7,24812.3,10:30:00,24805.54442946049,4,16
2025-10-03,24815.5,24821.2,24807.85,24820.5,10:35:00,24806.49257903568,4,17
2025-10-03,24782.85,24816.3,24779.95,24815.15,10:40:00,24804.240904841805,4,18
2025-10-03,24791.0,24793.6,24772.95,24782.55,10:45:00,24802.97986628544,4,19
2025-10-03,24797.2,24801.5,24786.45,24790.45,10:50:00,24802.429402829686,4,20
2025-10-03,24791.3,24799.6,24790.2,24797.15,10:55:00,24801.369459703048,4,21
2025-10-03,24797.9,24807.2,24788.85,24791.35,11:00:00,24801.039034969424,4,22
2025-10-03,24802.9,24809.65,24792.1,24797.7,11:05:00,24801.216269734243,4,23
2025-10-03,24815.6,24816.1,24802.2,24802.3,11:10:00,24802.58614880717,4,24
2025-10-03,24823.4,24831.5,24815.0,24815.05,11:15:00,24804.56842034935,4,25
2025-10-03,24817.25,24832.55,24814.15,24823.3,11:20:00,24805.77618983989,4,26
2025-10-03,24811.45,24821.1,24810.55,24816.9,11:25:00,24806.31655271228,4,27
2025-10-03,24827.35,24828.5,24810.45,24811.25,11:30:00,24808.31973816825,4,28
2025-10-03,24822.15,24829.45,24819.65,24827.75,11:35:00,24809.63690596176,4,29
2025-10-03,24821.4,24828.95,24815.6,24822.55,11:40:00,24810.757200632062,4,30
2025-10-03,24821.65,24824.25,24811.5,24821.65,11:45:00,24811.79461009568,4,31
2025-10-03,24826.55,24828.85,24820.7,24821.4,11:50:00,24813.19988532466,4,32
2025-10-03,24819.5,24826.7,24815.1,24826.7,11:55:00,24813.79989624612,4,33
2025-10-03,24824.0,24827.55,24817.9,24819.65,12:00:00,24814.77133469887,4,34
2025-10-03,24842.3,24850.0,24823.35,24824.05,12:05:00,24817.3931123466,4,35
2025-10-03,24840.4,24850.75,24832.9,24842.15,12:10:00,24819.584244504065,4,36
2025-10-03,24815.7,24840.15,24812.75,24839.95,12:15:00,24819.214316456066,4,37
2025-10-03,24821.85,24826.25,24809.65,24815.2,12:20:00,24819.46533393644,4,38
2025-10-03,24824.75,24834.4,24817.35,24821.25,12:25:00,24819.9686354663,4,39
2025-10-03,24803.05,24826.35,24798.2,24824.2,12:30:00,24818.357336850466,4,40
2025-10-03,24814.45,24820.1,24796.8,24802.1,12:35:00,24817.98520953137,4,41
2025-10-03,24824.4,24824.6,24806.55,24813.65,12:40:00,24818.59614195696,4,42
2025-10-03,24825.3,24835.55,24820.6,24824.35,12:45:00,24819.23460462772,4,43
2025-10-03,24829.4,24833.9,24818.85,24825.5,12:50:00,24820.20273752032,4,44
2025-10-03,24826.2,24830.75,24821.0,24828.95,12:55:00,24820.77390537553,4,45
2025-10-03,24824.2,24827.6,24812.45,24827.55,13:00:00,24821.100200101668,4,46
2025-10-03,24842.7,24844.15,24824.15,24824.65,13:05:00,24823.15732390151,4,47
2025-10-03,24843.65,24847.0,24836.65,24841.9,13:10:00,24825.10900733946,4,48
2025-10-03,24841.95,24844.7,24833.55,24843.25,13:15:00,24826.71291140237,4,49
2025-10-03,24834.5,24844.3,24833.7,24841.5,13:20:00,24827.45453888786,4,50
2025-10-03,24824.85,24835.4,24823.55,24834.2,13:25:00,24827.206487565207,4,51
2025-10-03,24823.95,24830.75,24820.45,24824.6,13:30:00,24826.89634589233,4,52
2025-10-03,24814.3,24834.05,24811.95,24822.7,13:35:00,24825.696693902584,4,53
2025-10-03,24828.25,24832.8,24814.6,24814.6,13:40:00,24825.93986591186,4,54
2025-10-03,24822.9,24839.1,24818.8,24828.1,13:45:00,24825.650354872632,4,55
2025-10-03,24832.7,24833.1,24821.05,24822.6,13:50:00,24826.321749646668,4,56
2025-10-03,24829.85,24841.7,24825.05,24833.3,13:55:00,24826.65777348984,4,57
2025-10-03,24838.1,24839.25,24825.6,24829.25,14:00:00,24827.74750934795,4,58
2025-10-03,24825.7,24840.45,24825.55,24838.15,14:05:00,24827.55250845767,4,59
2025-10-03,24809.05,24827.0,24808.15,24825.7,14:10:00,24825.79036479504,4,60
2025-10-03,24819.05,24825.8,24808.15,24808.15,14:15:00,24825.148425290747,4,61
2025-10-03,24816.0,24822.8,24814.3,24818.4,14:20:00,24824.277146691627,4,62
2025-10-03,24828.9,24831.3,24815.45,24816.0,14:25:00,24824.717418435284,4,63
2025-10-03,24837.7,24838.2,24828.25,24828.8,14:30:00,24825.95385477478,4,64
2025-10-03,24867.05,24867.15,24837.9,24838.3,14:35:00,24829.867773367656,4,65
2025-10-03,24879.85,24880.95,24866.85,24866.85,14:40:00,24834.62798542788,4,66
2025-10-03,24869.45,24883.5,24869.45,24879.7,14:45:00,24837.944367768083,4,67
2025-10-03,24881.35,24886.2,24864.35,24869.45,14:50:00,24842.07823750446,4,68
2025-10-03,24890.35,24891.2,24881.35,24881.8,14:55:00,24846.67554821832,4,69
2025-10-03,24896.45,24897.85,24886.7,24891.15,15:00:00,24851.415972197523,4,70
2025-10-03,24899.8,24904.75,24896.1,24896.1,15:05:00,24856.02397484538,4,71
2025-10-03,24888.5,24899.05,24888.2,24898.6,15:10:00,24859.116929622007,4,72
2025-10-03,24885.65,24890.5,24883.8,24888.95,15:15:00,24861.643888705625,4,73
2025-10-03,24896.0,24897.85,24879.5,24886.05,15:20:00,24864.915899305088,4,74
2025-10-03,24895.0,24900.8,24884.25,24895.45,15:25:00,24867.781051752223,4,75
2025-10-06,24927.05,24941.35,24906.25,24923.9,09:15:00,24877.62802649105,0,1
2025-10-06,24918.0,24932.15,24899.05,24927.5,09:20:00,24881.472976349047,0,2
2025-10-06,24901.85,24919.0,24898.65,24917.8,09:25:00,24883.413645268185,0,3
2025-10-06,24910.8,24914.35,24881.9,24900.45,09:30:00,24886.02186952836,0,4
2025-10-06,24926.85,24931.05,24906.3,24910.45,09:35:00,24889.91026290661,0,5
2025-10-06,24944.8,24947.1,24922.15,24926.45,09:40:00,24895.137856915502,0,6
2025-10-06,24958.15,24958.9,24941.05,24945.3,09:45:00,24901.139013399745,0,7
2025-10-06,24941.7,24967.85,24940.0,24958.6,09:50:00,24905.00196450453,0,8
2025-10-06,24953.6,24957.35,24937.3,24941.4,09:55:00,24909.630348837432,0,9
2025-10-06,24955.65,24962.85,24947.6,24954.7,10:00:00,24914.01317275768,0,10
2025-10-06,24959.3,24960.45,24946.45,24955.75,10:05:00,24918.32620392361,0,11
2025-10-06,24968.9,24972.2,24952.85,24958.75,10:10:00,24923.142755930887,0,12
2025-10-06,24970.45,24973.6,24965.7,24969.65,10:15:00,24927.648207746992,0,13
2025-10-06,24974.8,24977.05,24961.1,24971.25,10:20:00,24932.13885462823,0,14
2025-10-06,24966.3,24978.45,24965.8,24974.75,10:25:00,24935.39229704459,0,15
2025-10-06,24980.3,24982.5,24960.85,24966.45,10:30:00,24939.66922113558,0,16
2025-10-06,24988.05,24989.8,24976.7,24980.1,10:35:00,24944.27691436076,0,17
2025-10-06,24976.6,24987.9,24974.75,24987.25,10:40:00,24947.355303469263,0,18
2025-10-06,24974.5,24981.75,24967.15,24976.75,10:45:00,24949.940512662663,0,19
2025-10-06,24981.45,24982.55,24964.2,24974.95,10:50:00,24952.941416218604,0,20
2025-10-06,24985.05,24992.1,24980.55,24981.5,10:55:00,24955.999376578737,0,21
2025-10-06,24985.35,24991.3,24982.8,24985.5,11:00:00,24958.79467404743,0,22
2025-10-06,24989.85,24992.05,24977.85,24985.3,11:05:00,24961.75232413815,0,23
2025-10-06,25014.8,25016.3,24984.2,24989.55,11:10:00,24966.80448374404,0,24
2025-10-06,24996.0,25015.45,24982.55,25014.9,11:15:00,24969.58500910175,0,25
2025-10-06,24999.2,25006.8,24994.3,24995.85,11:20:00,24972.40548442539,0,26
2025-10-06,25011.5,25013.4,24996.3,24999.85,11:25:00,24976.12877162297,0,27
2025-10-06,25010.8,25015.55,25007.8,25011.65,11:30:00,24979.43079337317,0,28
2025-10-06,25006.55,25011.7,24999.9,25011.7,11:35:00,24982.01357495668,0,29
2025-10-06,25006.2,25012.95,25002.15,25005.2,11:40:00,24984.31704400842,0,30
2025-10-06,24999.45,25007.95,24995.9,25005.6,11:45:00,24985.758277912384,0,31
2025-10-06,24987.75,24999.8,24985.2,24999.05,11:50:00,24985.94796573025,0,32
2025-10-06,24992.35,24998.75,24984.45,24987.0,11:55:00,24986.557683279752,0,33
2025-10-06,24998.4,25006.25,24990.25,24991.55,12:00:00,24987.6855229674,0,34
2025-10-06,24999.4,25002.95,24994.45,24997.75,12:05:00,24988.80118744669,0,35
2025-10-06,25008.05,25008.45,24995.3,24999.55,12:10:00,24990.634407689864,0,36
2025-10-06,25008.1,25013.45,25002.2,25008.15,12:15:00,24992.297797433686,0,37
2025-10-06,25010.65,25012.15,25003.2,25009.25,12:20:00,24994.045626249528,0,38
2025-10-06,25006.0,25011.8,25003.5,25010.6,12:25:00,24995.18413803529,0,39
2025-10-06,25005.65,25006.8,24998.2,25005.75,12:30:00,24996.180886793834,0,40
2025-10-06,25003.9,25006.2,24998.5,25005.35,12:35:00,24996.91604043252,0,41
2025-10-06,25014.9,25016.4,24998.8,25003.85,12:40:00,24998.628798486563,0,42
2025-10-06,25018.1,25023.7,25012.6,25014.05,12:45:00,25000.4831986307,0,43
2025-10-06,25026.0,25028.4,25017.1,25017.75,12:50:00,25002.913370189683,0,44
2025-10-06,25038.75,25040.1,25023.35,25026.1,12:55:00,25006.32638255257,0,45
2025-10-06,25048.85,25049.15,25035.6,25039.4,13:00:00,25010.376250880898,0,46
2025-10-06,25060.15,25060.15,25044.65,25048.05,13:05:00,25015.11660793986,0,47
2025-10-06,25060.05,25063.3,25052.25,25058.9,13:10:00,25019.395978612258,0,48
2025-10-06,25051.95,25062.85,25047.55,25058.55,13:15:00,25022.496361601567,0,49
2025-10-06,25048.2,25055.85,25047.25,25050.5,13:20:00,25024.94432716332,0,50
2025-10-06,25066.15,25066.35,25048.2,25048.45,13:25:00,25028.86867695729,0,51
2025-10-06,25079.55,25085.1,25065.85,25065.85,13:30:00,25033.695469628023,0,52
2025-10-06,25080.5,25088.2,25074.0,25079.05,13:35:00,25038.15304394916,0,53
2025-10-06,25074.3,25083.4,25072.55,25080.45,13:40:00,25041.595611192097,0,54
2025-10-06,25058.65,25076.85,25057.95,25074.2,13:45:00,25043.21983869761,0,55
2025-10-06,25062.8,25064.05,25026.15,25057.2,13:50:00,25045.084615964508,0,56
2025-10-06,25072.45,25074.25,25059.3,25062.9,13:55:00,25047.690843015505,0,57
2025-10-06,25066.2,25084.85,25063.6,25072.2,14:00:00,25049.45361987117,0,58
2025-10-06,25062.1,25073.15,25051.45,25065.7,14:05:00,25050.658037026296,0,59
2025-10-06,25059.75,25064.4,25053.5,25061.6,14:10:00,25051.52393826189,0,60
2025-10-06,25054.45,25062.0,25048.45,25059.65,14:15:00,25051.80261080838,0,61
2025-10-06,25060.45,25064.5,25053.0,25053.0,14:20:00,25052.626171683773,0,62
2025-10-06,25035.0,25067.75,25035.0,25059.05,14:25:00,25050.94748866627,0,63
2025-10-06,25065.0,25067.9,25032.45,25038.15,14:30:00,25052.285823079008,0,64
2025-10-06,25070.8,25072.85,25061.8,25064.6,14:35:00,25054.049078023865,0,65
2025-10-06,25064.95,25071.75,25061.95,25070.95,14:40:00,25055.08726106921,0,66
2025-10-06,25056.25,25073.0,25048.5,25067.5,14:45:00,25055.19799811024,0,67
2025-10-06,25077.25,25095.7,25054.6,25057.1,14:50:00,25057.298188766406,0,68
2025-10-06,25083.8,25086.45,25077.1,25077.1,14:55:00,25059.82217078865,0,69
2025-10-06,25072.4,25084.7,25071.0,25084.7,15:00:00,25061.02005928497,0,70
2025-10-06,25082.6,25084.25,25071.4,25073.15,15:05:00,25063.07529173402,0,71
2025-10-06,25074.5,25083.45,25073.9,25081.75,15:10:00,25064.163359187925,0,72
2025-10-06,25081.45,25082.7,25072.1,25075.05,15:15:00,25065.809705931933,0,73
2025-10-06,25078.15,25084.4,25074.25,25081.6,15:20:00,25066.984972033657,0,74
2025-10-06,25072.55,25084.65,25064.6,25077.95,15:25:00,25067.51497469712,0,75
2025-10-07,25084.9,25134.8,25083.5,25087.55,09:15:00,25070.70318790399,1,1
2025-10-07,25111.15,25120.6,25077.1,25083.7,09:20:00,25074.555265246465,1,2
2025-10-07,25119.05,25120.95,25094.9,25110.6,09:25:00,25078.79285903252,1,3
2025-10-07,25118.55,25124.2,25106.4,25119.9,09:30:00,25082.57925341037,1,4
2025-10-07,25133.1,25134.45,25114.15,25117.9,09:35:00,25087.39075308557,1,5
2025-10-07,25146.05,25147.8,25131.6,25131.6,09:40:00,25092.977348029803,1,6
2025-10-07,25161.05,25166.85,25142.5,25146.5,09:45:00,25099.46045774125,1,7
2025-10-07,25178.25,25185.25,25159.35,25160.4,09:50:00,25106.964223670657,1,8
2025-10-07,25180.75,25195.1,25176.3,25178.7,09:55:00,25113.991440463928,1,9
2025-10-07,25199.9,25201.95,25179.15,25181.35,10:00:00,25122.173208038792,1,10
2025-10-07,25185.75,25199.4,25183.9,25198.7,10:05:00,25128.228140606523,1,11
2025-10-07,25183.65,25194.75,25179.3,25187.7,10:10:00,25133.50641292972,1,12
2025-10-07,25180.7,25191.6,25174.55,25185.15,10:15:00,25138.00104026974,1,13
2025-10-07,25173.2,25189.45,25170.0,25180.35,10:20:00,25141.35332214881,1,14
2025-10-07,25177.0,25182.3,25169.85,25173.7,10:25:00,25144.748243848928,1,15
2025-10-07,25172.0,25195.95,25171.85,25176.85,10:30:00,25147.34364919665,1,16
2025-10-07,25183.45,25183.7,25161.35,25172.7,10:35:00,25150.78234927316,1,17
2025-10-07,25170.2,25185.95,25166.75,25182.85,10:40:00,25152.631649342384,1,18
2025-10-07,25164.35,25173.45,25164.0,25169.8,10:45:00,25153.747682738347,1,19
2025-10-07,25162.95,25169.45,25156.4,25164.0,10:50:00,25154.624093906124,1,20
2025-10-07,25155.45,25169.15,25147.6,25162.5,10:55:00,25154.70275162935,1,21
2025-10-07,25155.05,25161.3,25143.5,25155.7,11:00:00,25154.735822902745,1,22
2025-10-07,25161.35,25165.15,25153.0,25155.3,11:05:00,25155.365744531053,1,23
2025-10-07,25152.2,25163.1,25144.4,25161.2,11:10:00,25155.064245051904,1,24
2025-10-07,25140.9,25154.9,25140.25,25152.0,11:15:00,25153.71526933268,1,25
2025-10-07,25102.45,25142.05,25099.65,25141.0,11:20:00,25148.832862729567,1,26
2025-10-07,25133.8,25133.8,25102.25,25102.25,11:25:00,25147.401161517228,1,27
2025-10-07,25130.45,25136.35,25117.0,25133.7,11:30:00,25145.786765182253,1,28
2025-10-07,25114.6,25130.4,25098.2,25130.4,11:35:00,25142.816597069657,1,29
2025-10-07,25121.7,25123.15,25106.95,25114.3,11:40:00,25140.80549258683,1,30
2025-10-07,25121.3,25129.05,25109.0,25121.65,11:45:00,25138.94782662618,1,31
2025-10-07,25124.45,25130.0,25115.7,25121.25,11:50:00,25137.56708123321,1,32
2025-10-07,25130.65,25132.9,25122.35,25125.2,11:55:00,25136.90831159196,1,33
2025-10-07,25154.25,25154.7,25130.45,25130.45,12:00:00,25138.559900964145,1,34
2025-10-07,25162.1,25166.75,25153.55,25154.4,12:05:00,25140.80181515804,1,35
2025-10-07,25154.3,25175.3,25147.15,25161.8,12:10:00,25142.087356571552,1,36
2025-10-07,25148.1,25158.1,25146.25,25154.25,12:15:00,25142.659989279025,1,37
2025-10-07,25151.35,25153.6,25140.6,25147.95,12:20:00,25143.487609347685,1,38
2025-10-07,25162.15,25167.25,25148.05,25150.85,12:25:00,25145.264979886004,1,39
2025-10-07,25156.3,25172.8,25150.1,25160.1,12:30:00,25146.31593418257,1,40
2025-10-07,25165.0,25168.65,25150.0,25157.15,12:35:00,25148.09536902233,1,41
2025-10-07,25167.65,25175.25,25161.8,25166.25,12:40:00,25149.95771482973,1,42
2025-10-07,25168.05,25173.0,25164.2,25167.4,12:45:00,25151.68078960785,1,43
2025-10-07,25177.15,25179.1,25159.35,25167.9,12:50:00,25154.106428692816,1,44
2025-10-07,25174.6,25178.0,25156.45,25176.4,12:55:00,25156.05819738874,1,45
2025-10-07,25183.65,25188.8,25170.85,25174.2,13:00:00,25158.685988113622,1,46
2025-10-07,25191.1,25191.4,25179.8,25183.55,13:05:00,25161.773036864703,1,47
2025-10-07,25188.1,25193.7,25180.1,25191.1,13:10:00,25164.28036668711,1,48
2025-10-07,25194.6,25201.15,25186.6,25188.65,13:15:00,25167.16795081215,1,49
2025-10-07,25193.35,25196.65,25185.7,25194.25,13:20:00,25169.66147930623,1,50
2025-10-07,25196.9,25198.85,25187.65,25192.6,13:25:00,25172.255624134206,1,51
2025-10-07,25175.45,25198.95,25171.95,25197.35,13:30:00,25172.559850407142,1,52
2025-10-07,25193.05,25193.25,25165.85,25175.25,13:35:00,25174.511293225507,1,53
2025-10-07,25210.35,25211.55,25192.1,25192.1,13:40:00,25177.924503394508,1,54
2025-10-07,25206.5,25216.35,25203.3,25210.65,13:45:00,25180.64597926169,1,55
2025-10-07,25201.05,25209.85,25189.8,25206.2,13:50:00,25182.589219332007,1,56
2025-10-07,25198.45,25208.35,25192.0,25201.15,13:55:00,25184.099769871813,1,57
2025-10-07,25203.7,25206.5,25194.75,25198.55,14:00:00,25185.96645845545,1,58
2025-10-07,25209.4,25210.45,25197.95,25202.4,14:05:00,25188.198224316835,1,59
2025-10-07,25212.55,25214.55,25192.8,25208.55,14:10:00,25190.517441048567,1,60
2025-10-07,25198.4,25220.35,25195.85,25212.25,14:15:00,25191.2681609487,1,61
2025-10-07,25195.55,25198.1,25182.5,25197.6,14:20:00,25191.675955144063,1,62
2025-10-07,25153.25,25197.55,25146.1,25195.05,14:25:00,25188.01634036844,1,63
2025-10-07,25158.3,25170.7,25151.1,25152.9,14:30:00,25185.1862127143,1,64
2025-10-07,25140.5,25155.9,25129.65,25155.9,14:35:00,25180.930382931983,1,65
2025-10-07,25134.4,25151.3,25123.3,25141.4,14:40:00,25176.498917890844,1,66
2025-10-07,25162.75,25162.9,25131.9,25134.35,14:45:00,25175.18949713933,1,67
2025-10-07,25138.15,25167.25,25133.35,25161.45,14:50:00,25171.661925983208,1,68
2025-10-07,25137.35,25147.4,25135.15,25138.05,14:55:00,25168.394123508617,1,69
2025-10-07,25123.15,25139.0,25115.25,25137.9,15:00:00,25164.08515936494,1,70
2025-10-07,25111.25,25129.65,25099.0,25123.1,15:05:00,25159.05323942542,1,71
2025-10-07,25091.0,25110.1,25085.9,25110.1,15:10:00,25152.57197852776,1,72
2025-10-07,25101.5,25107.0,25088.6,25091.6,15:15:00,25147.707980572734,1,73
2025-10-07,25100.85,25113.15,25091.0,25103.75,15:20:00,25143.24531575628,1,74
2025-10-07,25112.8,25121.55,25099.75,25102.05,15:25:00,25140.34576187473,1,75
2025-10-08,25146.05,25146.95,25090.8,25091.2,09:15:00,25135.66761913101,2,1
2025-10-08,25174.7,25176.3,25139.95,25147.0,09:20:00,25139.384988737584,2,2
2025-10-08,25176.6,25178.85,25160.55,25172.4,09:25:00,25142.92927552448,2,3
2025-10-08,25159.85,25182.1,25159.25,25175.3,09:30:00,25144.540773093577,2,4
2025-10-08,25180.15,25186.1,25157.75,25160.25,09:35:00,25147.93212803705,2,5
2025-10-08,25177.4,25192.0,25172.35,25179.2,09:40:00,25150.73859203352,2,6
2025-10-08,25155.6,25178.3,25153.7,25178.15,09:45:00,25151.201583268423,2,7
2025-10-08,25155.9,25165.45,25137.3,25155.1,09:50:00,25151.649051528573,2,8
2025-10-08,25165.0,25172.9,25153.6,25154.9,09:55:00,25152.92057043061,2,9
2025-10-08,25155.4,25166.2,25151.95,25163.5,10:00:00,25153.15670658008,2,10
2025-10-08,25166.9,25175.4,25151.6,25154.7,10:05:00,25154.46559166769,2,11
2025-10-08,25149.55,25168.05,25141.65,25165.05,10:10:00,25153.997440080293,2,12
2025-10-08,25141.95,25152.85,25138.65,25148.35,10:15:00,25152.85006483455,2,13
2025-10-08,25119.45,25142.15,25114.9,25141.05,10:20:00,25149.66910627888,2,14
2025-10-08,25132.15,25143.85,25117.6,25117.6,10:25:00,25148.0006199666,2,15
2025-10-08,25125.3,25133.15,25112.1,25132.85,10:30:00,25145.83865616026,2,16
2025-10-08,25133.35,25135.25,25123.0,25124.45,10:35:00,25144.64926033547,2,17
2025-10-08,25125.9,25136.65,25124.25,25133.25,10:40:00,25142.863616494,2,18
2025-10-08,25119.55,25126.35,25111.05,25125.65,10:45:00,25140.643272066,2,19
2025-10-08,25103.6,25120.4,25103.55,25118.55,10:50:00,25137.115341393044,2,20
2025-10-08,25089.55,25110.9,25080.2,25103.6,10:55:00,25132.58530887942,2,21
2025-10-08,25070.9,25093.35,25067.1,25088.6,11:00:00,25126.71051755757,2,22
2025-10-08,25048.8,25074.0,25044.9,25069.6,11:05:00,25119.29046826637,2,23
2025-10-08,25042.65,25060.55,25041.55,25047.65,11:10:00,25111.99137605053,2,24
2025-10-08,25035.05,25051.5,25026.65,25042.05,11:15:00,25104.66362595048,2,25
2025-10-08,25038.25,25042.45,25022.6,25033.3,11:20:00,25098.338518717093,2,26
2025-10-08,25036.4,25057.4,25036.4,25037.4,11:25:00,25092.43961217261,2,27
2025-10-08,25041.6,25041.6,25030.7,25035.35,11:30:00,25087.597744346647,2,28
2025-10-08,25045.7,25051.35,25039.65,25040.95,11:35:00,25083.6074829803,2,29
2025-10-08,25038.3,25052.05,25037.9,25045.0,11:40:00,25079.29248460122,2,30
2025-10-08,25044.05,25045.4,25033.8,25038.3,11:45:00,25075.936057496343,2,31
2025-10-08,25061.3,25069.85,25043.75,25043.75,11:50:00,25074.542147258595,2,32
2025-10-08,25051.05,25063.4,25042.8,25060.35,11:55:00,25072.30479990064,2,33
2025-10-08,25035.75,25052.1,25033.95,25050.55,12:00:00,25068.82339038629,2,34
2025-10-08,25039.35,25039.75,25029.45,25033.1,12:05:00,25066.016400825687,2,35
2025-10-08,25051.1,25051.7,25038.0,25038.1,12:10:00,25064.59579122324,2,36
2025-10-08,25043.65,25052.2,25034.5,25050.85,12:15:00,25062.600953963884,2,37
2025-10-08,25014.8,25044.0,25009.5,25043.4,12:20:00,25058.0484821578,2,38
2025-10-08,25025.8,25031.75,25008.55,25013.8,12:25:00,25054.977198142773,2,39
2025-10-08,25021.8,25025.8,25015.95,25025.35,12:30:00,25051.81746498632,2,40
2025-10-08,25025.25,25040.4,25020.65,25020.65,12:35:00,25049.28723022572,2,41
2025-10-08,25040.25,25041.15,25025.1,25025.1,12:40:00,25048.426541632787,2,42
2025-10-08,25063.2,25071.55,25038.95,25038.95,12:45:00,25049.83353766776,2,43
2025-10-08,25074.35,25075.15,25056.4,25062.5,12:50:00,25052.16843884226,2,44
2025-10-08,25086.0,25086.0,25068.35,25073.2,12:55:00,25055.39049228585,2,45
2025-10-08,25082.4,25088.2,25076.3,25085.75,13:00:00,25057.96282635386,2,46
2025-10-08,25096.3,25096.3,25069.4,25081.05,13:05:00,25061.61398574873,2,47
2025-10-08,25098.05,25103.9,25094.7,25095.25,13:10:00,25065.08408234409,2,48
2025-10-08,25104.3,25111.95,25079.2,25096.65,13:15:00,25068.81893164465,2,49
2025-10-08,25100.05,25110.85,25100.0,25102.95,13:20:00,25071.793319107062,2,50
2025-10-08,25092.65,25109.45,25090.75,25099.3,13:25:00,25073.779669668296,2,51
2025-10-08,25118.1,25123.6,25087.7,25091.95,13:30:00,25078.00065350941,2,52
2025-10-08,25119.65,25128.75,25117.4,25117.7,13:35:00,25081.967257937085,2,53
2025-10-08,25117.3,25127.25,25103.3,25120.0,13:40:00,25085.332280990697,2,54
2025-10-08,25122.75,25131.95,25116.9,25116.9,13:45:00,25088.89587327729,2,55
2025-10-08,25120.8,25128.55,25119.8,25123.0,13:50:00,25091.9343615366,2,56
2025-10-08,25127.85,25129.55,25115.6,25120.85,13:55:00,25095.354898533114,2,57
2025-10-08,25116.9,25134.35,25102.4,25127.75,14:00:00,25097.40681295853,2,58
2025-10-08,25062.2,25122.85,25062.2,25116.25,14:05:00,25094.05378315296,2,59
2025-10-08,25070.3,25085.7,25051.15,25063.1,14:10:00,25091.791518090773,2,60
2025-10-08,25077.1,25079.55,25066.75,25073.2,14:15:00,25090.39232589165,2,61
2025-10-08,25077.5,25082.7,25059.55,25077.1,14:20:00,25089.16448533054,2,62
2025-10-08,25063.15,25079.5,25057.9,25076.2,14:25:00,25086.686915299066,2,63
2025-10-08,25056.3,25072.95,25052.75,25062.4,14:30:00,25083.79292336581,2,64
2025-10-08,25078.15,25079.65,25053.25,25055.9,14:35:00,25083.255502092885,2,65
2025-10-08,25068.4,25084.85,25062.7,25077.75,14:40:00,25081.840692369755,2,66
2025-10-08,25062.2,25076.3,25056.4,25069.1,14:45:00,25079.9701502393,2,67
2025-10-08,25081.5,25083.9,25045.55,25061.25,14:50:00,25080.11585021651,2,68
2025-10-08,25061.7,25083.45,25060.55,25080.95,14:55:00,25078.3619597197,2,69
2025-10-08,25059.5,25065.1,25051.7,25059.7,15:00:00,25076.565582603536,2,70
2025-10-08,25052.45,25064.6,25052.35,25060.1,15:05:00,25074.26886045082,2,71
2025-10-08,25036.4,25056.95,25032.4,25054.75,15:10:00,25070.662302312645,2,72
2025-10-08,25043.25,25045.35,25034.25,25035.85,15:15:00,25068.051606854297,2,73
2025-10-08,25037.9,25047.4,25037.7,25043.35,15:20:00,25065.180025249123,2,74
2025-10-08,25023.8,25042.4,25022.35,25038.8,15:25:00,25061.239070463493,2,75
2025-10-09,25058.95,25085.5,25039.4,25074.3,09:15:00,25062.14649532272,3,1
2025-10-09,25105.15,25107.05,25059.6,25059.6,09:20:00,25066.24206719675,3,2
2025-10-09,25108.1,25111.25,25092.35,25105.5,09:25:00,25070.22853698753,3,3
2025-10-09,25091.1,25119.9,25086.15,25107.35,09:30:00,25072.216295369675,3,4
2025-10-09,25097.75,25104.5,25072.4,25091.85,09:35:00,25074.64807676304,3,5
2025-10-09,25068.0,25099.7,25064.25,25097.85,09:40:00,25074.01492659513,3,6
2025-10-09,25061.8,25083.1,25056.7,25067.8,09:45:00,25072.851600252736,3,7
2025-10-09,25059.9,25062.1,25035.2,25060.75,09:50:00,25071.618114514386,3,8
2025-10-09,25048.6,25061.6,25048.3,25059.45,09:55:00,25069.425913132058,3,9
2025-10-09,25054.75,25060.65,25036.6,25048.9,10:00:00,25068.02820711948,3,10
2025-10-09,25042.9,25055.7,25039.75,25054.9,10:05:00,25065.63504453668,3,11
2025-10-09,25041.8,25045.1,25024.3,25043.55,10:10:00,25063.365040295088,3,12
2025-10-09,25051.05,25063.55,25032.75,25042.05,10:15:00,25062.192179314603,3,13
2025-10-09,25071.9,25074.85,25044.35,25051.75,10:20:00,25063.1167336656,3,14
2025-10-09,25078.45,25085.3,25062.7,25071.7,10:25:00,25064.57704474506,3,15
2025-10-09,25088.75,25091.3,25078.8,25078.8,10:30:00,25066.879230959818,3,16
2025-10-09,25099.9,25109.65,25088.65,25088.65,10:35:00,25070.024066106504,3,17
2025-10-09,25100.25,25103.8,25090.5,25099.8,10:40:00,25072.90272647732,3,18
2025-10-09,25097.4,25106.95,25095.15,25100.35,10:45:00,25075.235800146143,3,19
2025-10-09,25088.85,25097.7,25076.95,25096.55,10:50:00,25076.532390608416,3,20
2025-10-09,25102.55,25104.65,25084.25,25088.65,10:55:00,25079.01025816952,3,21
2025-10-09,25119.0,25128.2,25102.0,25102.0,11:00:00,25082.81880501052,3,22
2025-10-09,25151.05,25154.2,25114.45,25117.9,11:05:00,25089.31701405713,3,23
2025-10-09,25152.55,25157.6,25142.35,25151.65,11:10:00,25095.33920319455,3,24
2025-10-09,25136.25,25154.1,25131.05,25152.85,11:15:00,25099.235469556977,3,25
2025-10-09,25141.7,25147.7,25131.2,25136.3,11:20:00,25103.27971055156,3,26
2025-10-09,25147.55,25152.0,25138.5,25141.6,11:25:00,25107.49592859426,3,27
2025-10-09,25155.7,25160.6,25140.95,25147.85,11:30:00,25112.086792537662,3,28
2025-10-09,25166.15,25174.0,25159.95,25160.1,11:35:00,25117.23566943884,3,29
2025-10-09,25154.4,25169.65,25148.6,25166.05,11:40:00,25120.77512949228,3,30
2025-10-09,25174.7,25181.1,25151.4,25154.9,11:45:00,25125.910831445395,3,31
2025-10-09,25152.85,25174.95,25149.0,25174.95,11:50:00,25128.476466545835,3,32
2025-10-09,25136.65,25152.1,25133.3,25151.9,11:55:00,25129.25489830337,3,33
2025-10-09,25140.5,25155.75,25135.75,25135.75,12:00:00,25130.32586036972,3,34
2025-10-09,25132.05,25141.6,25122.9,25140.35,12:05:00,25130.49006414403,3,35
2025-10-09,25140.0,25142.65,25130.65,25132.05,12:10:00,25131.39577232079,3,36
2025-10-09,25154.1,25159.45,25139.2,25140.35,12:15:00,25133.55807971881,3,37
2025-10-09,25153.45,25161.4,25150.65,25153.95,12:20:00,25135.45254831702,3,38
2025-10-09,25144.75,25154.85,25140.45,25152.85,12:25:00,25136.33801990588,3,39
2025-10-09,25144.4,25149.75,25132.05,25143.9,12:30:00,25137.105827533887,3,40
2025-10-09,25138.25,25149.9,25136.15,25144.55,12:35:00,25137.214796340188,3,41
2025-10-09,25138.3,25144.55,25121.45,25138.35,12:40:00,25137.31814906969,3,42
2025-10-09,25147.6,25147.8,25133.0,25138.1,12:45:00,25138.29737296782,3,43
2025-10-09,25136.75,25154.05,25132.6,25147.75,12:50:00,25138.15000411374,3,44
2025-10-09,25134.6,25149.1,25133.3,25136.35,12:55:00,25137.81190848386,3,45
2025-10-09,25138.35,25140.85,25127.65,25135.0,13:00:00,25137.863155294923,3,46
2025-10-09,25139.8,25145.7,25136.1,25137.5,13:05:00,25138.047616695407,3,47
2025-10-09,25132.95,25144.65,25119.75,25139.5,13:10:00,25137.56212939108,3,48
2025-10-09,25142.1,25147.75,25130.4,25132.9,13:15:00,25137.99430754431,3,49
2025-10-09,25133.45,25145.45,25130.6,25145.05,13:20:00,25137.56151634961,3,50
2025-10-09,25147.3,25149.25,25127.7,25133.45,13:25:00,25138.488990982987,3,51
2025-10-09,25147.1,25157.5,25145.2,25146.9,13:30:00,25139.309087079848,3,52
2025-10-09,25140.2,25153.4,25134.1,25147.7,13:35:00,25139.393935929387,3,53
2025-10-09,25151.3,25156.95,25138.1,25141.2,13:40:00,25140.52784679325,3,54
2025-10-09,25145.25,25159.1,25144.65,25150.75,13:45:00,25140.977575670087,3,55
2025-10-09,25159.25,25162.05,25144.2,25145.1,13:50:00,25142.71780655865,3,56
2025-10-09,25164.8,25168.9,25157.45,25158.15,13:55:00,25144.820872600685,3,57
2025-10-09,25174.0,25177.25,25165.5,25165.5,14:00:00,25147.599837114907,3,58
2025-10-09,25167.4,25182.45,25167.4,25174.1,14:05:00,25149.48556691349,3,59
2025-10-09,25140.25,25175.25,25139.1,25167.45,14:10:00,25148.6059891122,3,60
2025-10-09,25130.8,25154.1,25129.7,25139.7,14:15:00,25146.910180625327,3,61
2025-10-09,25129.3,25137.05,25120.5,25130.6,14:20:00,25145.23302056577,3,62
2025-10-09,25137.55,25140.2,25122.2,25128.65,14:25:00,25144.50130432141,3,63
2025-10-09,25129.2,25149.65,25128.45,25135.45,14:30:00,25143.04403724318,3,64
2025-10-09,25154.65,25160.55,25128.6,25129.45,14:35:00,25144.149367029542,3,65
2025-10-09,25153.55,25165.55,25147.1,25156.95,14:40:00,25145.044665407684,3,66
2025-10-09,25133.75,25160.5,25133.05,25153.9,14:45:00,25143.968982987903,3,67
2025-10-09,25161.6,25163.35,25126.4,25131.95,14:50:00,25145.648127465247,3,68
2025-10-09,25170.05,25172.25,25158.45,25161.45,14:55:00,25147.972115325698,3,69
2025-10-09,25182.25,25192.1,25169.05,25169.05,15:00:00,25151.23667577087,3,70
2025-10-09,25196.7,25199.05,25168.4,25182.1,15:05:00,25155.566516173643,3,71
2025-10-09,25177.7,25198.05,25177.2,25195.8,15:10:00,25157.67446701425,3,72
2025-10-09,25188.2,25194.45,25174.6,25177.45,15:15:00,25160.581660631942,3,73
2025-10-09,25181.95,25188.65,25168.45,25187.5,15:20:00,25162.61674057176,3,74
2025-10-09,25170.3,25184.9,25160.9,25181.25,15:25:00,25163.348479564924,3,75
2025-10-10,25221.2,25222.15,25157.2,25177.25,09:15:00,25169.22880073229,4,1
2025-10-10,25236.25,25241.85,25208.75,25221.1,09:20:00,25175.61177209112,4,2
2025-10-10,25231.7,25239.75,25218.95,25236.2,09:25:00,25180.95350808244,4,3
2025-10-10,25250.4,25253.45,25231.45,25231.45,09:30:00,25187.56745969364,4,4
2025-10-10,25244.2,25257.0,25242.15,25249.4,09:35:00,25192.961034960907,4,5
2025-10-10,25268.1,25269.3,25235.5,25243.95,09:40:00,25200.11712686939,4,6
2025-10-10,25279.2,25284.65,25267.1,25268.3,09:45:00,25207.648829072303,4,7
2025-10-10,25267.05,25281.9,25262.15,25279.05,09:50:00,25213.306083446376,4,8
2025-10-10,25266.4,25270.65,25257.0,25266.75,09:55:00,25218.36264692767,4,9
2025-10-10,25273.3,25278.55,25261.1,25266.05,10:00:00,25223.594775791706,4,10
2025-10-10,25256.65,25277.0,25253.2,25273.45,10:05:00,25226.74289238297,4,11
2025-10-10,25262.45,25266.75,25248.75,25256.55,10:10:00,25230.14356929888,4,12
2025-10-10,25293.0,25293.0,25262.2,25262.45,10:15:00,25236.12989603232,4,13
2025-10-10,25277.5,25299.05,25275.0,25291.2,10:20:00,25240.069905934004,4,14
2025-10-10,25276.2,25280.9,25269.95,25278.4,10:25:00,25243.510867273624,4,15
2025-10-10,25282.1,25287.45,25275.3,25275.8,10:30:00,25247.186022771373,4,16
2025-10-10,25272.15,25286.95,25269.15,25281.6,10:35:00,25249.563544412194,4,17
2025-10-10,25258.7,25287.3,25257.75,25273.0,10:40:00,25250.4336830396,4,18
2025-10-10,25277.15,25277.15,25258.35,25259.45,10:45:00,25252.978094178685,4,19
2025-10-10,25291.6,25291.85,25275.75,25277.5,10:50:00,25256.65637092357,4,20
2025-10-10,25297.0,25303.45,25288.5,25291.3,10:55:00,25260.498621311806,4,21
2025-10-10,25303.85,25309.3,25290.45,25296.6,11:00:00,25264.627324044013,4,22
2025-10-10,25289.35,25307.55,25287.55,25304.05,11:05:00,25266.98186461125,4,23
2025-10-10,25309.95,25310.7,25284.85,25288.35,11:10:00,25271.074067981608,4,24
2025-10-10,25303.7,25315.2,25297.15,25310.35,11:15:00,25274.18129960241,4,25
2025-10-10,25290.4,25302.85,25287.6,25302.85,11:20:00,25275.725937735515,4,26
2025-10-10,25282.55,25294.45,25274.95,25290.3,11:25:00,25276.375848427368,4,27
2025-10-10,25284.9,25288.2,25266.85,25283.4,11:30:00,25277.187672386663,4,28
2025-10-10,25278.8,25298.35,25276.5,25283.4,11:35:00,25277.34122739746,4,29
2025-10-10,25284.35,25292.4,25276.85,25278.85,11:40:00,25278.00872955008,4,30
2025-10-10,25288.2,25290.65,25280.55,25284.8,11:45:00,25278.97932673579,4,31
2025-10-10,25284.95,25289.8,25277.2,25287.8,11:50:00,25279.54796228476,4,32
2025-10-10,25277.65,25288.75,25274.8,25284.6,11:55:00,25279.367203971928,4,33
2025-10-10,25294.9,25298.6,25281.8,25281.8,12:00:00,25280.846517879363,4,34
2025-10-10,25278.4,25297.4,25275.3,25295.7,12:05:00,25280.613516176567,4,35
2025-10-10,25286.3,25287.1,25274.95,25279.05,12:10:00,25281.155086064515,4,36
2025-10-10,25277.2,25294.8,25276.75,25286.6,12:15:00,25280.778411201227,4,37
2025-10-10,25289.85,25293.05,25274.35,25278.8,12:20:00,25281.642372039205,4,38
2025-10-10,25282.85,25291.8,25282.85,25289.0,12:25:00,25281.757384225944,4,39
2025-10-10,25282.0,25290.1,25277.55,25282.2,12:30:00,25281.78049049014,4,40
2025-10-10,25279.05,25285.65,25275.0,25280.95,12:35:00,25281.5204437768,4,41
2025-10-10,25303.75,25305.95,25276.45,25278.1,12:40:00,25283.63754436948,4,42
2025-10-10,25310.2,25318.6,25302.95,25304.15,12:45:00,25286.167302048576,4,43
2025-10-10,25316.7,25319.05,25297.7,25310.9,12:50:00,25289.07517804396,4,44
2025-10-10,25313.9,25320.65,25309.35,25316.2,12:55:00,25291.43944680167,4,45
2025-10-10,25316.4,25320.45,25308.85,25314.65,13:00:00,25293.816642344365,4,46
2025-10-10,25302.1,25319.8,25299.7,25314.9,13:05:00,25294.605533549664,4,47
2025-10-10,25306.2,25306.85,25292.5,25301.9,13:10:00,25295.7097684497,4,48
2025-10-10,25311.65,25321.1,25304.6,25308.0,13:15:00,25297.227885740205,4,49
2025-10-10,25317.0,25322.95,25300.35,25311.65,13:20:00,25299.11094424114,4,50
2025-10-10,25303.9,25318.7,25279.55,25317.75,13:25:00,25299.567044789605,4,51
2025-10-10,25321.1,25324.95,25303.15,25305.75,13:30:00,25301.61780242869,4,52
2025-10-10,25328.2,25329.2,25312.95,25321.45,13:35:00,25304.149440292626,4,53
2025-10-10,25316.25,25330.2,25315.45,25328.3,13:40:00,25305.30187455047,4,54
2025-10-10,25313.6,25319.45,25309.75,25318.05,13:45:00,25306.09217221233,4,55
2025-10-10,25315.1,25320.2,25310.65,25312.55,13:50:00,25306.95006057306,4,56
2025-10-10,25304.95,25324.6,25303.5,25315.4,13:55:00,25306.75957861372,4,57
2025-10-10,25310.8,25316.5,25302.35,25305.05,14:00:00,25307.14438065051,4,58
2025-10-10,25303.25,25314.6,25301.1,25310.2,14:05:00,25306.77348725522,4,59
2025-10-10,25305.8,25307.7,25297.55,25303.45,14:10:00,25306.680774183293,4,60
2025-10-10,25298.1,25313.6,25294.1,25305.7,14:15:00,25305.863557594406,4,61
2025-10-10,25312.6,25314.95,25295.85,25297.35,14:20:00,25306.5051235378,4,62
2025-10-10,25308.3,25316.1,25306.9,25312.7,14:25:00,25306.67606415325,4,63
2025-10-10,25305.4,25310.95,25297.0,25310.0,14:30:00,25306.55453423389,4,64
2025-10-10,25300.95,25310.45,25300.0,25306.4,14:35:00,25306.02076906876,4,65
2025-10-10,25305.55,25308.5,25297.3,25301.25,14:40:00,25305.975933919348,4,66
2025-10-10,25292.65,25305.85,25266.25,25305.85,14:45:00,25304.7067973556,4,67
2025-10-10,25300.95,25304.3,25291.9,25293.5,14:50:00,25304.34900713125,4,68
2025-10-10,25304.35,25306.4,25288.9,25299.9,14:55:00,25304.349101690183,4,69
2025-10-10,25279.95,25304.85,25276.15,25302.65,15:00:00,25302.02537771969,4,70
2025-10-10,25284.2,25286.1,25274.65,25280.75,15:05:00,25300.32772269877,4,71
2025-10-10,25284.2,25295.95,25280.55,25282.65,15:10:00,25298.79174910841,4,72
2025-10-10,25284.35,25298.0,25282.25,25283.0,15:15:00,25297.41634443141,4,73
2025-10-10,25286.8,25289.45,25280.85,25284.75,15:20:00,25296.40526400938,4,74
2025-10-10,25278.2,25292.55,25276.2,25286.85,15:25:00,25294.67142934182,4,75
2025-10-13,25213.8,25239.85,25176.8,25182.8,09:15:00,25276.85575054965,0,1
2025-10-13,25216.0,25223.95,25200.95,25213.85,09:20:00,25271.059964783017,0,2
2025-10-13,25196.45,25216.95,25187.3,25216.6,09:25:00,25263.9542538513,0,3
2025-10-13,25163.35,25197.05,25154.85,25196.2,09:30:00,25254.37289634165,0,4
2025-10-13,25201.9,25203.8,25153.6,25163.2,09:35:00,25249.37547764245,0,5
2025-10-13,25216.25,25217.25,25197.5,25201.35,09:40:00,25246.22067024793,0,6
2025-10-13,25229.6,25232.45,25211.55,25216.5,09:45:00,25244.637749271937,0,7
2025-10-13,25202.4,25229.75,25200.8,25229.75,09:50:00,25240.61510648413,0,8
2025-10-13,25201.3,25206.9,25194.05,25203.2,09:55:00,25236.870810628498,0,9
2025-10-13,25192.2,25205.0,25185.0,25200.7,10:00:00,25232.61644771149,0,10
2025-10-13,25198.85,25199.0,25173.0,25192.75,10:05:00,25229.400595548497,0,11
2025-10-13,25199.25,25203.2,25194.5,25198.35,10:10:00,25226.529110258165,0,12
2025-10-13,25187.55,25202.4,25186.6,25199.35,10:15:00,25222.8168140431,0,13
2025-10-13,25185.55,25187.45,25175.7,25186.95,10:20:00,25219.26759365804,0,14
2025-10-13,25206.3,25209.5,25180.2,25186.0,10:25:00,25218.032584738223,0,15
2025-10-13,25206.75,25216.15,25200.0,25207.85,10:30:00,25216.9580528584,0,16
2025-10-13,25211.5,25220.7,25205.15,25206.75,10:35:00,25216.43823830045,0,17
2025-10-13,25206.2,25229.4,25205.7,25212.6,10:40:00,25215.463167986123,0,18
2025-10-13,25204.55,25211.0,25199.8,25206.6,10:45:00,25214.42381865411,0,19
2025-10-13,25193.85,25204.9,25193.05,25204.55,10:50:00,25212.46440735372,0,20
2025-10-13,25191.6,25194.7,25181.95,25193.6,10:55:00,25210.47732093908,0,21
2025-10-13,25194.85,25196.45,25183.2,25190.95,11:00:00,25208.989004659168,0,22
2025-10-13,25196.75,25201.25,25190.9,25194.75,11:05:00,25207.82338516782,0,23
2025-10-13,25191.4,25200.2,25188.25,25196.6,11:10:00,25206.25925324708,0,24
2025-10-13,25178.45,25195.7,25175.25,25191.1,11:15:00,25203.61075293783,0,25
2025-10-13,25164.9,25185.45,25162.55,25178.35,11:20:00,25199.924014562803,0,26
2025-10-13,25181.8,25181.9,25161.9,25164.15,11:25:00,25198.19791793777,0,27
2025-10-13,25181.05,25183.8,25175.1,25181.85,11:30:00,25196.564782896083,0,28
2025-10-13,25180.65,25182.9,25172.5,25180.8,11:35:00,25195.04908928693,0,29
2025-10-13,25179.45,25186.05,25175.05,25179.95,11:40:00,25193.5634617358,0,30
2025-10-13,25189.6,25192.0,25175.2,25179.2,11:45:00,25193.18598918953,0,31
2025-10-13,25192.8,25193.35,25185.95,25190.45,11:50:00,25193.14922831433,0,32
2025-10-13,25198.7,25198.95,25189.85,25192.4,11:55:00,25193.677873236786,0,33
2025-10-13,25180.7,25202.0,25171.55,25198.4,12:00:00,25192.441885309472,0,34
2025-10-13,25178.95,25185.6,25176.6,25180.55,12:05:00,25191.156943851427,0,35
2025-10-13,25189.65,25203.4,25177.2,25178.3,12:10:00,25191.013425389385,0,36
2025-10-13,25180.6,25189.1,25175.65,25187.15,12:15:00,25190.021670590395,0,37
2025-10-13,25179.1,25184.8,25177.3,25180.0,12:20:00,25188.98151148655,0,38
2025-10-13,25191.0,25193.35,25177.5,25179.2,12:25:00,25189.173748487832,0,39
2025-10-13,25182.9,25192.7,25179.5,25190.65,12:30:00,25188.57624863185,0,40
2025-10-13,25189.45,25195.35,25181.75,25182.8,12:35:00,25188.659463047865,0,41
2025-10-13,25205.75,25205.9,25186.55,25189.05,12:40:00,25190.28713323378,0,42
2025-10-13,25181.05,25209.6,25179.65,25205.3,12:45:00,25189.40740625913,0,43
2025-10-13,25192.35,25193.9,25173.5,25180.95,12:50:00,25189.687653282075,0,44
2025-10-13,25207.7,25210.65,25190.7,25193.0,12:55:00,25191.40311487425,0,45
2025-10-13,25171.15,25210.0,25168.85,25207.3,13:00:00,25189.474246791,0,46
2025-10-13,25188.9,25192.6,25169.7,25171.15,13:05:00,25189.419556620425,0,47
2025-10-13,25210.0,25212.25,25187.15,25188.9,13:10:00,25191.37959884705,0,48
2025-10-13,25194.05,25217.95,25194.05,25209.05,13:15:00,25191.63392276638,0,49
2025-10-13,25180.25,25200.3,25177.95,25195.75,13:20:00,25190.54973964577,0,50
2025-10-13,25187.75,25195.75,25177.9,25180.35,13:25:00,25190.283097774744,0,51
2025-10-13,25193.3,25205.2,25184.3,25187.65,13:30:00,25190.5704217962,0,52
2025-10-13,25198.45,25199.3,25184.85,25193.1,13:35:00,25191.3208578156,0,53
2025-10-13,25198.25,25203.55,25195.5,25198.35,13:40:00,25191.980776118875,0,54
2025-10-13,25214.35,25214.85,25197.3,25198.8,13:45:00,25194.111178393265,0,55
2025-10-13,25195.6,25217.0,25187.5,25214.7,13:50:00,25194.25297092724,0,56
2025-10-13,25185.65,25200.75,25176.65,25196.05,13:55:00,25193.43364036274,0,57
2025-10-13,25216.95,25216.95,25183.85,25184.85,14:00:00,25195.673293661523,0,58
2025-10-13,25218.75,25222.4,25210.75,25216.25,14:05:00,25197.87107521757,0,59
2025-10-13,25207.5,25222.05,25206.9,25218.35,14:10:00,25198.78811567304,0,60
2025-10-13,25205.4,25217.45,25197.6,25210.75,14:15:00,25199.417818942275,0,61
2025-10-13,25229.05,25235.9,25195.55,25205.4,14:20:00,25202.239931423963,0,62
2025-10-13,25251.4,25266.95,25226.85,25228.6,14:25:00,25206.92184271692,0,63
2025-10-13,25247.3,25258.9,25247.3,25251.1,14:30:00,25210.767381505782,0,64
2025-10-13,25247.7,25257.2,25246.45,25246.85,14:35:00,25214.28477374333,0,65
2025-10-13,25245.85,25250.75,25228.55,25247.65,14:40:00,25217.290985767773,0,66
2025-10-13,25237.0,25252.75,25233.5,25245.95,14:45:00,25219.16803474227,0,67
2025-10-13,25253.15,25256.2,25232.25,25237.35,14:50:00,25222.404412385866,0,68
2025-10-13,25249.2,25256.55,25242.3,25253.4,14:55:00,25224.956373111017,0,69
2025-10-13,25215.5,25251.4,25215.25,25250.3,15:00:00,25224.055766148063,0,70
2025-10-13,25222.5,25226.6,25215.45,25215.95,15:05:00,25223.90759794349,0,71
2025-10-13,25220.45,25223.6,25217.9,25222.25,15:10:00,25223.57830290125,0,72
2025-10-13,25227.7,25230.25,25220.15,25221.1,15:15:00,25223.97084548208,0,73
2025-10-13,25235.25,25240.45,25222.75,25227.95,15:20:00,25225.04505067426,0,74
2025-10-13,25237.15,25246.25,25232.65,25234.7,15:25:00,25226.197902991,0,75
2025-10-14,25293.3,25306.3,25255.4,25278.3,09:15:00,25232.58857889662,1,1
2025-10-14,25301.75,25310.35,25285.15,25290.75,09:20:00,25239.175380906465,1,2
2025-10-14,25292.2,25301.95,25283.0,25300.7,09:25:00,25244.22534462966,1,3
2025-10-14,25283.5,25298.05,25281.65,25291.8,09:30:00,25247.965787998262,1,4
2025-10-14,25248.35,25293.5,25248.15,25285.75,09:35:00,25248.00237961748,1,5
2025-10-14,25236.85,25263.8,25235.15,25248.1,09:40:00,25246.94024822534,1,6
2025-10-14,25234.45,25246.85,25222.25,25236.7,09:45:00,25245.750700775305,1,7
2025-10-14,25224.4,25238.8,25221.65,25234.55,09:50:00,25243.717300701464,1,8
2025-10-14,25207.55,25225.3,25203.3,25224.3,09:55:00,25240.27279587276,1,9
2025-10-14,25194.7,25229.45,25185.3,25206.1,10:00:00,25235.93252959916,1,10
2025-10-14,25195.0,25196.05,25176.25,25194.25,10:05:00,25232.034193446856,1,11
2025-10-14,25196.7,25205.1,25188.9,25195.45,10:10:00,25228.669032166203,1,12
2025-10-14,25181.6,25202.05,25173.1,25196.65,10:15:00,25224.186267197994,1,13
2025-10-14,25194.2,25194.2,25164.75,25181.3,10:20:00,25221.33043222676,1,14
2025-10-14,25210.45,25213.0,25191.15,25194.7,10:25:00,25220.294200586115,1,15
2025-10-14,25214.95,25218.35,25201.25,25210.3,10:30:00,25219.78522910173,1,16
2025-10-14,25213.2,25217.7,25204.1,25214.8,10:35:00,25219.15806442537,1,17
2025-10-14,25219.05,25224.1,25194.55,25213.95,10:40:00,25219.147772575336,1,18
2025-10-14,25211.5,25240.25,25210.3,25218.25,10:45:00,25218.419413282445,1,19
2025-10-14,25204.95,25212.7,25200.55,25212.6,10:50:00,25217.13661201745,1,20
2025-10-14,25201.65,25212.4,25200.05,25204.7,10:55:00,25215.661696587216,1,21
2025-10-14,25192.3,25203.05,25184.7,25201.7,11:00:00,25213.43677310272,1,22
2025-10-14,25173.15,25200.9,25166.25,25192.2,11:05:00,25209.599937569128,1,23
2025-10-14,25174.0,25176.65,25159.3,25173.35,11:10:00,25206.20946732445,1,24
2025-10-14,25140.8,25173.95,25137.75,25173.65,11:15:00,25199.97999424593,1,25
2025-10-14,25132.05,25148.45,25129.35,25141.4,11:20:00,25193.510470984413,1,26
2025-10-14,25141.55,25141.55,25115.55,25132.0,11:25:00,25188.561854700183,1,27
2025-10-14,25136.1,25141.05,25122.5,25140.85,11:30:00,25183.56548758588,1,28
2025-10-14,25148.4,25148.7,25133.75,25138.25,11:35:00,25180.21639353008,1,29
2025-10-14,25144.85,25157.8,25139.85,25148.5,11:40:00,25176.84816557484,1,30
2025-10-14,25141.2,25145.45,25128.8,25144.15,11:45:00,25173.45310218676,1,31
2025-10-14,25152.4,25153.1,25136.4,25140.5,11:50:00,25171.44804483564,1,32
2025-10-14,25155.5,25162.55,25145.0,25152.85,11:55:00,25169.92918342272,1,33
2025-10-14,25155.65,25169.2,25151.25,25155.55,12:00:00,25168.569261191988,1,34
2025-10-14,25116.15,25156.8,25109.15,25156.8,12:05:00,25163.57695060228,1,35
2025-10-14,25118.35,25118.75,25101.7,25115.4,12:10:00,25159.269621973486,1,36
2025-10-14,25121.7,25127.7,25111.15,25118.45,12:15:00,25155.69156273792,1,37
2025-10-14,25126.35,25128.5,25111.7,25122.7,12:20:00,25152.89712819145,1,38
2025-10-14,25090.35,25125.2,25089.35,25125.15,12:25:00,25146.94025883988,1,39
2025-10-14,25104.7,25107.0,25084.55,25090.45,12:30:00,25142.917377045607,1,40
2025-10-14,25077.0,25110.85,25076.25,25105.9,12:35:00,25136.63953161269,1,41
2025-10-14,25066.3,25088.7,25060.55,25076.4,12:40:00,25129.94052860196,1,42
2025-10-14,25086.6,25090.15,25062.65,25067.15,12:45:00,25125.81285921129,1,43
2025-10-14,25089.95,25095.25,25083.85,25087.55,12:50:00,25122.39734881022,1,44
2025-10-14,25098.1,25104.45,25088.5,25090.35,12:55:00,25120.0833155902,1,45
2025-10-14,25094.0,25107.7,25078.9,25098.6,13:00:00,25117.599190295896,1,46
2025-10-14,25074.9,25106.2,25066.6,25094.1,13:05:00,25113.532600743903,1,47
2025-10-14,25084.05,25092.25,25065.65,25075.05,13:10:00,25110.72473400639,1,48
2025-10-14,25084.95,25087.95,25079.7,25084.55,13:15:00,25108.269997434352,1,49
2025-10-14,25096.45,25096.6,25079.55,25086.25,13:20:00,25107.144283392983,1,50
2025-10-14,25100.9,25100.9,25091.7,25096.65,13:25:00,25106.549589736507,1,51
2025-10-14,25129.45,25129.45,25100.25,25100.5,13:30:00,25108.73058119017,1,52
2025-10-14,25122.7,25137.95,25107.0,25128.85,13:35:00,25110.0610020292,1,53
2025-10-14,25121.8,25135.45,25120.4,25122.35,13:40:00,25111.179001835942,1,54
2025-10-14,25128.85,25137.9,25098.7,25120.95,13:45:00,25112.861954042044,1,55
2025-10-14,25108.4,25128.95,25106.45,25128.9,13:50:00,25112.43700603804,1,56
2025-10-14,25123.05,25126.25,25105.75,25108.2,13:55:00,25113.44776736775,1,57
2025-10-14,25129.25,25129.25,25111.6,25122.0,14:00:00,25114.952741904155,1,58
2025-10-14,25126.45,25135.1,25119.3,25130.5,14:05:00,25116.047718865662,1,59
2025-10-14,25122.75,25126.8,25095.05,25124.95,14:10:00,25116.68603135465,1,60
2025-10-14,25106.3,25136.7,25099.2,25123.0,14:15:00,25115.69688551135,1,61
2025-10-14,25149.1,25149.1,25103.05,25106.9,14:20:00,25118.87813451027,1,62
2025-10-14,25145.3,25155.45,25138.85,25148.4,14:25:00,25121.394502652147,1,63
2025-10-14,25168.9,25172.25,25145.05,25145.05,14:30:00,25125.918835732893,1,64
2025-10-14,25169.25,25197.45,25165.2,25168.55,14:35:00,25130.045613282145,1,65
2025-10-14,25178.65,25185.95,25159.85,25170.0,14:40:00,25134.674602493367,1,66
2025-10-14,25163.8,25192.9,25134.75,25177.65,14:45:00,25137.44844987495,1,67
2025-10-14,25173.65,25173.8,25157.35,25162.6,14:50:00,25140.896216553527,1,68
2025-10-14,25177.5,25180.85,25153.15,25173.6,14:55:00,25144.38229116748,1,69
2025-10-14,25150.55,25177.9,25148.4,25177.1,15:00:00,25144.969692008668,1,70
2025-10-14,25150.3,25165.25,25143.15,25150.4,15:05:00,25145.4773403888,1,71
2025-10-14,25144.8,25150.0,25135.35,25149.85,15:10:00,25145.41283178034,1,72
2025-10-14,25144.45,25161.4,25135.45,25145.25,15:15:00,25145.321133515547,1,73
2025-10-14,25126.85,25145.55,25124.5,25143.8,15:20:00,25143.56197794264,1,74
2025-10-14,25123.35,25129.45,25112.7,25126.1,15:25:00,25141.63702766239,1,75
2025-10-15,25239.95,25248.25,25163.2,25181.55,09:15:00,25154.47384804109,2,1
2025-10-15,25242.55,25255.05,25231.45,25242.0,09:20:00,25162.86205298956,2,2
2025-10-15,25252.65,25257.2,25239.65,25243.2,09:25:00,25171.41328603817,2,3
2025-10-15,25253.5,25267.3,25253.3,25253.3,09:30:00,25179.23106832025,2,4
2025-10-15,25223.4,25255.1,25222.0,25253.65,09:35:00,25183.43763324213,2,5
2025-10-15,25224.7,25231.4,25215.1,25223.3,09:40:00,25187.367382457163,2,6
2025-10-15,25221.65,25239.2,25219.5,25225.9,09:45:00,25190.63239365172,2,7
2025-10-15,25222.8,25223.2,25209.1,25222.35,09:50:00,25193.6959752087,2,8
2025-10-15,25216.55,25229.35,25215.15,25222.5,09:55:00,25195.872548998344,2,9
2025-10-15,25216.1,25226.35,25212.35,25216.55,10:00:00,25197.798972903263,2,10
2025-10-15,25229.9,25231.2,25213.65,25215.75,10:05:00,25200.856213579144,2,11
2025-10-15,25251.25,25252.45,25229.3,25229.6,10:10:00,25205.655621809703,2,12
2025-10-15,25252.7,25260.75,25250.45,25250.55,10:15:00,25210.13603878021,2,13
2025-10-15,25272.95,25276.25,25250.05,25254.2,10:20:00,25216.118320801143,2,14
2025-10-15,25273.65,25279.2,25269.6,25273.85,10:25:00,25221.59752834389,2,15
2025-10-15,25289.8,25290.75,25273.75,25274.9,10:30:00,25228.093001834943,2,16
2025-10-15,25289.25,25293.5,25285.7,25290.45,10:35:00,25233.917477850668,2,17
2025-10-15,25292.05,25300.05,25288.1,25288.85,10:40:00,25239.453908531555,2,18
2025-10-15,25282.95,25292.6,25278.7,25292.1,10:45:00,25243.596393433312,2,19
2025-10-15,25305.35,25308.25,25276.75,25282.9,10:50:00,25249.477689296808,2,20
2025-10-15,25315.95,25317.6,25296.4,25306.2,10:55:00,25255.808385554254,2,21
2025-10-15,25301.7,25326.0,25298.35,25317.1,11:00:00,25260.179015501468,2,22
2025-10-15,25294.1,25302.8,25289.05,25302.05,11:05:00,25263.409585453708,2,23
2025-10-15,25292.6,25296.65,25287.0,25293.9,11:10:00,25266.189624934308,2,24
2025-10-15,25292.4,25295.4,25288.8,25292.25,11:15:00,25268.68585113104,2,25
2025-10-15,25303.65,25303.65,25290.3,25292.7,11:20:00,25272.01577007094,2,26
2025-10-15,25319.25,25322.9,25299.85,25303.05,11:25:00,25276.51426815942,2,27
2025-10-15,25307.15,25320.75,25305.65,25319.7,11:30:00,25279.43195690614,2,28
2025-10-15,25304.15,25309.55,25295.0,25307.15,11:35:00,25281.786056248413,2,29
2025-10-15,25304.85,25311.0,25301.75,25304.25,11:40:00,25283.98262232,2,30
2025-10-15,25296.8,25305.1,25291.1,25304.2,11:45:00,25285.203324956183,2,31
2025-10-15,25304.55,25306.75,25294.3,25297.3,11:50:00,25287.045865436547,2,32
2025-10-15,25306.95,25315.65,25303.1,25304.45,11:55:00,25288.941497299733,2,33
2025-10-15,25292.3,25312.8,25292.05,25307.8,12:00:00,25289.26135469976,2,34
2025-10-15,25302.85,25312.45,25288.85,25293.35,12:05:00,25290.555511395018,2,35
2025-10-15,25288.25,25303.65,25288.25,25302.55,12:10:00,25290.33593888121,2,36
2025-10-15,25294.9,25305.45,25286.9,25289.3,12:15:00,25290.77061136872,2,37
2025-10-15,25294.75,25296.9,25282.7,25294.95,12:20:00,25291.149600762168,2,38
2025-10-15,25307.0,25310.45,25290.4,25296.45,12:25:00,25292.659162594344,2,39
2025-10-15,25309.8,25313.45,25303.45,25307.35,12:30:00,25294.291623299647,2,40
2025-10-15,25308.65,25310.55,25301.1,25310.45,12:35:00,25295.6590877473,2,41
2025-10-15,25319.85,25321.5,25305.6,25307.3,12:40:00,25297.96298415232,2,42
2025-10-15,25312.0,25322.8,25307.0,25319.7,12:45:00,25299.29984280448,2,43
2025-10-15,25327.45,25328.35,25312.5,25314.1,12:50:00,25301.98081015644,2,44
2025-10-15,25331.05,25331.7,25323.15,25328.75,12:55:00,25304.74930442725,2,45
2025-10-15,25331.8,25335.6,25327.7,25331.35,13:00:00,25307.325561148464,2,46
2025-10-15,25331.2,25336.1,25328.6,25332.2,13:05:00,25309.599317229564,2,47
2025-10-15,25325.5,25333.8,25324.7,25333.15,13:10:00,25311.113667969606,2,48
2025-10-15,25344.85,25349.6,25324.95,25326.9,13:15:00,25314.3266519725,2,49
2025-10-15,25343.0,25353.7,25338.4,25346.2,13:20:00,25317.057447022737,2,50
2025-10-15,25349.0,25361.75,25337.85,25343.2,13:25:00,25320.099594925334,2,51
2025-10-15,25360.45,25361.05,25348.55,25350.3,13:30:00,25323.94249064673,2,52
2025-10-15,25353.9,25364.35,25352.45,25360.85,13:35:00,25326.795586775617,2,53
2025-10-15,25350.25,25355.15,25347.0,25353.1,13:40:00,25329.02934041604,2,54
2025-10-15,25346.7,25356.95,25345.55,25350.8,13:45:00,25330.71226037641,2,55
2025-10-15,25342.4,25352.4,25341.5,25346.55,13:50:00,25331.8253784358,2,56
2025-10-15,25334.7,25346.1,25332.2,25342.25,13:55:00,25332.0991519181,2,57
2025-10-15,25323.8,25338.45,25322.85,25335.15,14:00:00,25331.30875649733,2,58
2025-10-15,25330.6,25338.6,25311.9,25325.2,14:05:00,25331.241255878536,2,59
2025-10-15,25326.9,25335.3,25317.65,25331.25,14:10:00,25330.82780293772,2,60
2025-10-15,25330.8,25332.8,25312.45,25328.25,14:15:00,25330.82515503889,2,61
2025-10-15,25325.8,25332.4,25318.25,25330.8,14:20:00,25330.34656884472,2,62
2025-10-15,25333.75,25336.4,25323.5,25326.2,14:25:00,25330.670705145218,2,63
2025-10-15,25331.85,25336.95,25318.95,25333.85,14:30:00,25330.78301894091,2,64
2025-10-15,25324.35,25337.95,25323.75,25333.05,14:35:00,25330.170350470347,2,65
2025-10-15,25330.5,25336.85,25322.65,25325.8,14:40:00,25330.20174566365,2,66
2025-10-15,25298.85,25333.95,25296.6,25331.05,14:45:00,25327.215865124257,2,67
2025-10-15,25312.9,25317.2,25287.1,25298.0,14:50:00,25325.85244939814,2,68
2025-10-15,25316.0,25318.2,25308.5,25314.05,14:55:00,25324.91412088403,2,69
2025-10-15,25312.5,25316.65,25303.65,25314.85,15:00:00,25323.73182365698,2,70
2025-10-15,25316.2,25319.35,25310.1,25312.4,15:05:00,25323.01450711822,2,71
2025-10-15,25327.95,25330.0,25313.45,25315.6,15:10:00,25323.48455405934,2,72
2025-10-15,25328.9,25331.8,25324.75,25328.2,15:15:00,25324.000310815594,2,73
2025-10-15,25333.15,25334.7,25325.2,25329.25,15:20:00,25324.87170978554,2,74
2025-10-15,25327.75,25336.65,25323.85,25332.95,15:25:00,25325.14583266311,2,75
2025-10-16,25412.15,25425.7,25376.85,25403.05,09:15:00,25339.442507009942,3,1
2025-10-16,25413.6,25427.55,25401.65,25412.5,09:20:00,25346.505125389947,3,2
2025-10-16,25424.2,25430.3,25405.7,25412.8,09:25:00,25353.90463725757,3,3
2025-10-16,25433.35,25437.45,25420.8,25424.75,09:30:00,25361.470862280657,3,4
2025-10-16,25413.8,25440.95,25412.55,25433.0,09:35:00,25366.454589682497,3,5
2025-10-16,25431.4,25431.45,25412.0,25414.1,09:40:00,25372.639866855592,3,6
2025-10-16,25437.85,25441.25,25430.7,25431.05,09:45:00,25378.850355726485,3,7
2025-10-16,25451.15,25452.1,25431.85,25438.25,09:50:00,25385.736036133487,3,8
2025-10-16,25434.55,25452.75,25433.65,25451.25,09:55:00,25390.38498507316,3,9
2025-10-16,25443.95,25445.75,25429.2,25434.75,10:00:00,25395.486415066185,3,10
2025-10-16,25437.3,25445.1,25434.75,25443.7,10:05:00,25399.46866125036,3,11
2025-10-16,25423.45,25437.6,25422.35,25436.25,10:10:00,25401.75259827413,3,12
2025-10-16,25436.9,25438.9,25417.55,25423.65,10:15:00,25405.09996986707,3,13
2025-10-16,25449.5,25450.3,25433.85,25437.2,10:20:00,25409.328544165444,3,14
2025-10-16,25453.25,25459.1,25447.35,25449.9,10:25:00,25413.51153995921,3,15
2025-10-16,25454.8,25460.5,25451.05,25452.9,10:30:00,25417.443774248808,3,16
2025-10-16,25456.45,25457.6,25450.55,25454.55,10:35:00,25421.15865289178,3,17
2025-10-16,25458.95,25460.95,25452.35,25456.5,10:40:00,25424.75782880685,3,18
2025-10-16,25462.2,25465.75,25457.3,25459.15,10:45:00,25428.323749872867,3,19
2025-10-16,25458.4,25464.4,25453.9,25462.7,10:50:00,25431.18815464688,3,20
2025-10-16,25467.5,25468.75,25455.8,25458.55,10:55:00,25434.64642563289,3,21
2025-10-16,25463.55,25472.6,25462.1,25467.85,11:00:00,25437.399147001182,3,22
2025-10-16,25464.65,25466.0,25459.45,25464.6,11:05:00,25439.994466334407,3,23
2025-10-16,25462.25,25469.95,25461.45,25465.0,11:10:00,25442.114040969227,3,24
2025-10-16,25461.2,25465.15,25459.1,25461.75,11:15:00,25443.93175135312,3,25
2025-10-16,25451.0,25462.4,25450.25,25461.5,11:20:00,25444.604917890912,3,26
2025-10-16,25459.65,25460.15,25450.0,25450.75,11:25:00,25446.037782853684,3,27
2025-10-16,25454.5,25468.45,25452.3,25459.3,11:30:00,25446.84370829619,3,28
2025-10-16,25453.65,25456.85,25450.95,25454.7,11:35:00,25447.491926553696,3,29
2025-10-16,25447.1,25454.6,25445.25,25453.75,11:40:00,25447.45460021525,3,30
2025-10-16,25442.65,25449.0,25442.0,25447.0,11:45:00,25446.99701924237,3,31
2025-10-16,25461.0,25463.8,25441.6,25442.0,11:50:00,25448.330636457384,3,32
2025-10-16,25451.35,25460.55,25448.3,25460.55,11:55:00,25448.618194890016,3,33
2025-10-16,25458.65,25466.75,25450.45,25450.65,12:00:00,25449.57360490049,3,34
2025-10-16,25455.0,25462.6,25450.85,25458.5,12:05:00,25450.090404433777,3,35
2025-10-16,25477.0,25478.05,25454.45,25455.45,12:10:00,25452.653223059133,3,36
2025-10-16,25479.05,25485.1,25475.9,25476.9,12:15:00,25455.16720181541,3,37
2025-10-16,25490.45,25493.35,25474.75,25477.55,12:20:00,25458.527468309177,3,38
2025-10-16,25496.0,25500.6,25489.3,25491.0,12:25:00,25462.09628085116,3,39
2025-10-16,25507.25,25507.7,25496.25,25496.25,12:30:00,25466.39663505581,3,40
2025-10-16,25510.65,25512.35,25500.95,25507.4,12:35:00,25470.61124124097,3,41
2025-10-16,25506.65,25516.25,25505.25,25510.65,12:40:00,25474.043503979927,3,42
2025-10-16,25497.7,25507.95,25493.35,25507.1,12:45:00,25476.296503600886,3,43
2025-10-16,25515.8,25516.95,25497.4,25497.55,12:50:00,25480.058741353183,3,44
2025-10-16,25503.85,25518.85,25500.15,25515.65,12:55:00,25482.324575510025,3,45
2025-10-16,25515.7,25522.7,25499.4,25503.8,13:00:00,25485.50318736621,3,46
2025-10-16,25508.75,25517.6,25508.65,25515.45,13:05:00,25487.717169521813,3,47
2025-10-16,25524.0,25525.6,25509.2,25509.65,13:10:00,25491.1726771864,3,48
2025-10-16,25505.0,25527.3,25504.1,25523.8,13:15:00,25492.48956507341,3,49
2025-10-16,25517.6,25524.05,25504.25,25506.4,13:20:00,25494.88103506642,3,50
2025-10-16,25524.85,25529.75,25516.25,25517.75,13:25:00,25497.735222202955,3,51
2025-10-16,25530.6,25532.7,25518.8,25525.15,13:30:00,25500.865201040768,3,52
2025-10-16,25527.4,25534.6,25524.8,25530.85,13:35:00,25503.39232475117,3,53
2025-10-16,25539.5,25543.2,25515.2,25526.95,13:40:00,25506.831150965343,3,54
2025-10-16,25539.0,25544.1,25536.35,25539.2,13:45:00,25509.894850873407,3,55
2025-10-16,25529.2,25541.15,25526.95,25538.8,13:50:00,25511.73343650451,3,56
2025-10-16,25540.0,25541.75,25524.5,25531.3,13:55:00,25514.425490170743,3,57
2025-10-16,25553.85,25558.45,25538.4,25539.75,14:00:00,25518.180205392586,3,58
2025-10-16,25573.9,25576.4,25550.05,25557.0,14:05:00,25523.48685249805,3,59
2025-10-16,25551.85,25575.35,25550.95,25572.8,14:10:00,25526.188104641093,3,60
2025-10-16,25560.05,25565.25,25552.6,25552.65,14:15:00,25529.413047056227,3,61
2025-10-16,25589.0,25589.0,25557.6,25560.2,14:20:00,25535.08799495564,3,62
2025-10-16,25581.25,25588.4,25574.5,25588.0,14:25:00,25539.484376388427,3,63
2025-10-16,25595.6,25597.55,25577.95,25581.25,14:30:00,25544.82872149429,3,64
2025-10-16,25602.1,25621.4,25594.05,25594.8,14:35:00,25550.283128971027,3,65
2025-10-16,25607.85,25610.75,25599.1,25601.5,14:40:00,25555.76568811664,3,66
2025-10-16,25593.65,25622.65,25585.9,25608.75,14:45:00,25559.373717819817,3,67
2025-10-16,25608.1,25613.1,25581.55,25593.7,14:50:00,25564.01431612269,3,68
2025-10-16,25621.0,25624.8,25597.2,25608.05,14:55:00,25569.441524111004,3,69
2025-10-16,25599.4,25624.65,25591.45,25621.85,15:00:00,25572.294712290903,3,70
2025-10-16,25584.55,25599.1,25575.0,25599.1,15:05:00,25573.46188254892,3,71
2025-10-16,25568.55,25590.15,25566.65,25583.75,15:10:00,25572.994084210924,3,72
2025-10-16,25573.6,25582.9,25565.9,25567.8,15:15:00,25573.05179047655,3,73
2025-10-16,25574.8,25578.05,25569.0,25572.75,15:20:00,25573.218286621643,3,74
2025-10-16,25566.3,25577.75,25566.1,25574.65,15:25:00,25572.559402181483,3,75
2025-10-17,25554.05,25564.7,25508.95,25541.3,09:15:00,25568.581279336773,4,1
2025-10-17,25556.45,25563.7,25537.3,25553.2,09:20:00,25567.42591939994,4,2
2025-10-17,25604.4,25604.4,25547.55,25556.5,09:25:00,25570.94726040947,4,3
2025-10-17,25606.9,25609.55,25596.25,25604.55,09:30:00,25574.371330846665,4,4
2025-10-17,25615.9,25618.75,25599.3,25606.75,09:35:00,25578.3264421946,4,5
2025-10-17,25618.9,25623.6,25603.2,25616.7,09:40:00,25582.19059055702,4,6
2025-10-17,25576.3,25620.85,25575.55,25619.05,09:45:00,25581.629581932542,4,7
2025-10-17,25593.45,25595.2,25562.55,25576.25,09:50:00,25582.755336034206,4,8
2025-10-17,25603.2,25611.85,25591.65,25593.65,09:55:00,25584.70244688809,4,9
2025-10-17,25618.75,25624.25,25603.15,25603.35,10:00:00,25587.945070993985,4,10
2025-10-17,25659.85,25659.85,25617.05,25617.85,10:05:00,25594.793159470748,4,11
2025-10-17,25670.15,25677.0,25658.0,25658.75,10:10:00,25601.970001425914,4,12
2025-10-17,25671.4,25685.05,25667.9,25670.15,10:15:00,25608.582382242497,4,13
2025-10-17,25673.05,25676.5,25665.1,25672.75,10:20:00,25614.72215536226,4,14
2025-10-17,25676.1,25679.95,25670.7,25671.95,10:25:00,25620.567664375376,4,15
2025-10-17,25691.1,25693.05,25674.65,25677.1,10:30:00,25627.28502967296,4,16
2025-10-17,25683.1,25698.8,25676.8,25691.35,10:35:00,25632.60074113268,4,17
2025-10-17,25689.7,25692.5,25678.05,25683.5,10:40:00,25638.03876578671,4,18
2025-10-17,25691.6,25700.25,25684.9,25692.95,10:45:00,25643.139835711783,4,19
2025-10-17,25707.25,25712.25,25685.05,25690.25,10:50:00,25649.245565643992,4,20
2025-10-17,25727.75,25728.95,25706.5,25707.6,10:55:00,25656.722178439803,4,21
2025-10-17,25739.5,25750.65,25727.5,25727.7,11:00:00,25664.605780493155,4,22
2025-10-17,25743.55,25745.95,25727.05,25739.8,11:05:00,25672.12427758905,4,23
2025-10-17,25750.65,25757.95,25743.55,25743.55,11:10:00,25679.60291781866,4,24
2025-10-17,25754.0,25759.35,25749.45,25751.05,11:15:00,25686.688354216883,4,25
2025-10-17,25753.0,25759.9,25744.25,25754.45,11:20:00,25693.00374905337,4,26
2025-10-17,25766.4,25771.75,25750.55,25753.25,11:25:00,25699.993868191148,4,27
2025-10-17,25769.2,25774.55,25760.7,25767.65,11:30:00,25706.58492836342,4,28
2025-10-17,25763.3,25776.7,25759.35,25770.2,11:35:00,25711.98636375738,4,29
2025-10-17,25743.35,25764.7,25730.8,25763.7,11:40:00,25714.97337673287,4,30
2025-10-17,25753.5,25754.1,25728.5,25742.05,11:45:00,25718.642578948788,4,31
2025-10-17,25741.55,25752.9,25710.4,25752.9,11:50:00,25720.82423809652,4,32
2025-10-17,25754.85,25756.9,25730.5,25741.05,11:55:00,25724.06478684923,4,33
2025-10-17,25759.6,25761.35,25746.35,25754.75,12:00:00,25727.44909286359,4,34
2025-10-17,25757.7,25761.55,25750.25,25761.55,12:05:00,25730.33013163849,4,35
2025-10-17,25760.6,25768.65,25757.2,25759.7,12:10:00,25733.21297624435,4,36
2025-10-17,25766.9,25768.5,25738.7,25763.95,12:15:00,25736.42126422108,4,37
2025-10-17,25774.45,25774.75,25756.35,25769.2,12:20:00,25740.043048580977,4,38
2025-10-17,25776.75,25780.95,25769.25,25775.45,12:25:00,25743.538948716123,4,39
2025-10-17,25774.1,25778.55,25770.8,25778.4,12:30:00,25746.449525028875,4,40
2025-10-17,25760.25,25775.55,25756.45,25775.55,12:35:00,25747.763855978505,4,41
2025-10-17,25756.4,25766.3,25750.5,25762.55,12:40:00,25748.58634588532,4,42
2025-10-17,25738.2,25770.4,25719.15,25757.65,12:45:00,25747.597170086712,4,43
2025-10-17,25698.45,25740.75,25685.85,25740.75,12:50:00,25742.91648722131,4,44
2025-10-17,25701.2,25708.15,25684.75,25700.9,12:55:00,25738.94348843833,4,45
2025-10-17,25674.85,25716.25,25672.2,25703.45,13:00:00,25732.8393466823,4,46
2025-10-17,25666.85,25682.1,25652.8,25675.85,13:05:00,25726.55464699828,4,47
2025-10-17,25668.75,25687.9,25656.3,25668.6,13:10:00,25721.04944252225,4,48
2025-10-17,25672.05,25689.4,25663.65,25670.25,13:15:00,25716.382828948703,4,49
2025-10-17,25688.15,25698.5,25671.75,25673.9,13:20:00,25713.69398809645,4,50
2025-10-17,25677.35,25705.2,25676.8,25689.65,13:25:00,25710.232655896783,4,51
2025-10-17,25650.7,25684.2,25647.35,25682.05,13:30:00,25704.56287914471,4,52
2025-10-17,25642.6,25652.1,25620.45,25652.1,13:35:00,25698.6616525595,4,53
2025-10-17,25663.2,25675.15,25640.45,25643.05,13:40:00,25695.284352315743,4,54
2025-10-17,25652.6,25664.55,25642.65,25664.55,13:45:00,25691.21917590472,4,55
2025-10-17,25642.6,25657.6,25632.85,25654.55,13:50:00,25686.588778199504,4,56
2025-10-17,25673.9,25675.85,25637.65,25644.5,13:55:00,25685.38032313289,4,57
2025-10-17,25674.0,25679.05,25658.6,25677.4,14:00:00,25684.29648283452,4,58
2025-10-17,25686.55,25688.0,25666.7,25675.55,14:05:00,25684.51110351694,4,59
2025-10-17,25682.1,25709.1,25677.05,25688.35,14:10:00,25684.281474610565,4,60
2025-10-17,25699.3,25705.85,25658.25,25683.95,14:15:00,25685.71181036194,4,61
2025-10-17,25710.25,25715.5,25694.2,25701.15,14:20:00,25688.04878080366,4,62
2025-10-17,25679.5,25721.0,25679.5,25711.85,14:25:00,25687.234611203312,4,63
2025-10-17,25705.45,25707.2,25672.3,25683.0,14:30:00,25688.969410136327,4,64
2025-10-17,25729.45,25739.0,25704.35,25706.95,14:35:00,25692.82470440906,4,65
2025-10-17,25731.1,25742.0,25718.2,25732.25,14:40:00,25696.469970655817,4,66
2025-10-17,25723.4,25751.7,25719.55,25732.8,14:45:00,25699.03473535526,4,67
2025-10-17,25729.15,25733.95,25702.15,25724.95,14:50:00,25701.90285579762,4,68
2025-10-17,25725.1,25735.85,25721.6,25731.35,14:55:00,25704.112107626417,4,69
2025-10-17,25710.65,25725.95,25704.85,25725.95,15:00:00,25704.73476404295,4,70
2025-10-17,25713.5,25724.45,25710.0,25712.15,15:05:00,25705.56954841981,4,71
2025-10-17,25708.35,25713.8,25698.55,25713.8,15:10:00,25705.83435333221,4,72
2025-10-17,25711.5,25716.85,25703.4,25708.3,15:15:00,25706.373938729143,4,73
2025-10-17,25703.9,25717.35,25702.1,25711.1,15:20:00,25706.138325516848,4,74
2025-10-17,25704.7,25707.6,25696.0,25703.4,15:25:00,25706.00134213429,4,75
2025-10-20,25902.8,25915.4,25816.35,25816.35,09:15:00,25734.96345693986,0,1
2025-10-20,25859.15,25924.65,25859.15,25903.25,09:20:00,25746.79074675511,0,2
2025-10-20,25878.65,25880.45,25829.1,25859.95,09:25:00,25759.348770873672,0,3
2025-10-20,25872.7,25895.3,25865.45,25879.4,09:30:00,25770.14412602856,0,4
2025-10-20,25852.3,25882.3,25838.15,25872.6,09:35:00,25777.968494978224,0,5
2025-10-20,25840.9,25870.15,25835.0,25851.9,09:40:00,25783.961971646964,0,6
2025-10-20,25820.2,25845.7,25788.55,25840.55,09:45:00,25787.41321244249,0,7
2025-10-20,25809.35,25820.65,25797.75,25820.15,09:50:00,25789.50243030511,0,8
2025-10-20,25808.55,25834.75,25791.55,25808.45,09:55:00,25791.31648456177,0,9
2025-10-20,25834.15,25839.95,25795.9,25806.85,10:00:00,25795.39586698445,0,10
2025-10-20,25838.45,25852.3,25819.2,25833.55,10:05:00,25799.496260604985,0,11
2025-10-20,25856.55,25858.65,25835.35,25837.55,10:10:00,25804.92995007117,0,12
2025-10-20,25843.55,25862.45,25833.7,25859.2,10:15:00,25808.608050064395,0,13
2025-10-20,25851.05,25851.45,25831.6,25844.05,10:20:00,25812.650140534453,0,14
2025-10-20,25832.9,25854.25,25826.5,25851.45,10:25:00,25814.5786985788,0,15
2025-10-20,25837.75,25838.65,25816.35,25832.05,10:30:00,25816.785489190337,0,16
2025-10-20,25857.3,25860.3,25833.15,25836.9,10:35:00,25820.64401402936,0,17
2025-10-20,25862.75,25867.2,25847.05,25857.45,10:40:00,25824.65410793132,0,18
2025-10-20,25883.85,25885.35,25862.15,25863.0,10:45:00,25830.29181193786,0,19
2025-10-20,25879.6,25887.85,25876.9,25883.05,10:50:00,25834.98782984854,0,20
2025-10-20,25881.0,25886.75,25861.3,25879.3,10:55:00,25839.36994129153,0,21
2025-10-20,25875.7,25892.95,25869.0,25879.4,11:00:00,25842.82994688281,0,22
2025-10-20,25877.1,25881.3,25868.05,25876.0,11:05:00,25846.093761465403,0,23
2025-10-20,25873.8,25880.5,25866.15,25877.15,11:10:00,25848.732450849653,0,24
2025-10-20,25846.2,25878.25,25841.75,25874.9,11:15:00,25848.491265054447,0,25
2025-10-20,25847.7,25855.5,25838.3,25847.2,11:20:00,25848.415906477832,0,26
2025-10-20,25854.9,25857.8,25828.9,25848.4,11:25:00,25849.03343919423,0,27
2025-10-20,25850.95,25860.7,25834.3,25855.4,11:30:00,25849.21596879478,0,28
2025-10-20,25847.95,25855.9,25844.15,25850.55,11:35:00,25849.09540033813,0,29
2025-10-20,25842.5,25857.95,25822.35,25849.65,11:40:00,25848.4672669726,0,30
2025-10-20,25844.1,25848.05,25829.3,25843.0,11:45:00,25848.05133678473,0,31
2025-10-20,25842.05,25849.8,25835.1,25843.75,11:50:00,25847.47978090048,0,32
2025-10-20,25843.35,25847.0,25831.95,25841.85,11:55:00,25847.08646843376,0,33
2025-10-20,25845.9,25855.25,25839.45,25844.05,12:00:00,25846.97347144007,0,34
2025-10-20,25849.5,25853.45,25838.05,25845.5,12:05:00,25847.21409320768,0,35
2025-10-20,25855.25,25856.2,25849.05,25849.7,12:10:00,25847.979417664093,0,36
2025-10-20,25849.15,25860.7,25847.95,25854.55,12:15:00,25848.090901696083,0,37
2025-10-20,25842.65,25852.75,25838.45,25848.75,12:20:00,25847.57272058217,0,38
2025-10-20,25849.0,25856.0,25833.85,25842.0,12:25:00,25847.708651955298,0,39
2025-10-20,25860.1,25860.1,25840.95,25847.85,12:30:00,25848.888780340505,0,40
2025-10-20,25857.65,25864.1,25848.75,25859.05,12:35:00,25849.72318221284,0,41
2025-10-20,25868.7,25875.6,25854.3,25857.95,12:40:00,25851.53049819257,0,42
2025-10-20,25868.3,25872.85,25862.55,25867.85,12:45:00,25853.127593602803,0,43
2025-10-20,25877.55,25882.15,25868.85,25870.65,12:50:00,25855.453537069203,0,44
2025-10-20,25885.35,25889.15,25874.3,25879.05,12:55:00,25858.300819253087,0,45
2025-10-20,25904.05,25907.55,25882.55,25885.2,13:00:00,25862.65788408613,0,46
2025-10-20,25895.45,25910.25,25890.4,25906.45,13:05:00,25865.78094274459,0,47
2025-10-20,25898.4,25902.45,25888.8,25895.4,13:10:00,25868.887519626056,0,48
2025-10-20,25886.4,25901.5,25874.9,25897.9,13:15:00,25870.555374899763,0,49
2025-10-20,25890.4,25891.05,25879.65,25885.8,13:20:00,25872.445339195023,0,50
2025-10-20,25888.15,25893.85,25872.65,25890.35,13:25:00,25873.941021176448,0,51
2025-10-20,25883.55,25895.8,25881.6,25888.55,13:30:00,25874.856162016786,0,52
2025-10-20,25884.8,25887.2,25874.35,25883.55,13:35:00,25875.803194205662,0,53
2025-10-20,25876.7,25888.75,25870.05,25884.75,13:40:00,25875.88860428132,0,54
2025-10-20,25854.2,25885.0,25852.45,25876.5,13:45:00,25873.823022921188,0,55
2025-10-20,25856.5,25868.5,25837.65,25854.2,13:50:00,25872.17321121441,0,56
2025-10-20,25854.4,25865.95,25849.6,25857.45,13:55:00,25870.480524432085,0,57
2025-10-20,25849.25,25861.7,25846.4,25854.15,14:00:00,25868.458569724266,0,58
2025-10-20,25845.95,25860.3,25841.7,25849.0,14:05:00,25866.314896417192,0,59
2025-10-20,25861.05,25861.1,25843.3,25845.55,14:10:00,25865.813477710795,0,60
2025-10-20,25844.05,25884.15,25839.15,25860.5,14:15:00,25863.74076554786,0,61
2025-10-20,25830.85,25854.75,25827.2,25844.05,14:20:00,25860.60831168616,0,62
2025-10-20,25817.15,25834.45,25806.75,25829.9,14:25:00,25856.469424858904,0,63
2025-10-20,25833.9,25836.05,25805.8,25817.1,14:30:00,25854.31995582472,0,64
2025-10-20,25815.55,25835.95,25808.1,25832.95,14:35:00,25850.62757907951,0,65
2025-10-20,25817.35,25824.55,25812.45,25815.4,14:40:00,25847.458285833844,0,66
2025-10-20,25830.55,25833.35,25796.75,25816.8,14:45:00,25845.847972897285,0,67
2025-10-20,25818.0,25831.85,25811.0,25829.85,14:50:00,25843.195785002303,0,68
2025-10-20,25821.65,25837.1,25814.0,25818.1,14:55:00,25841.14380547828,0,69
2025-10-20,25821.05,25837.2,25814.2,25821.65,15:00:00,25839.23010971844,0,70
2025-10-20,25850.1,25850.1,25819.5,25819.5,15:05:00,25840.265337364304,0,71
2025-10-20,25846.3,25859.65,25838.65,25848.55,15:10:00,25840.84006713913,0,72
2025-10-20,25841.5,25860.05,25839.55,25845.15,15:15:00,25840.902917887783,0,73
2025-10-20,25849.5,25861.6,25839.55,25841.25,15:20:00,25841.72168761276,0,74
2025-10-20,25850.7,25854.1,25845.85,25850.0,15:25:00,25842.57676498297,0,75
2025-10-23,26003.75,26058.5,25993.9,26058.5,09:15:00,25898.24564053954,3,1
2025-10-23,26028.55,26031.65,25991.85,26003.2,09:20:00,25910.65557953577,3,2
2025-10-23,26053.1,26056.6,26026.35,26029.3,09:25:00,25924.221714818083,3,3
2025-10-23,26078.3,26085.0,26050.5,26055.25,09:30:00,25938.89583721636,3,4
2025-10-23,26080.25,26094.75,26073.4,26077.2,09:35:00,25952.35813843385,3,5
2025-10-23,26074.3,26088.65,26070.15,26080.2,09:40:00,25963.9716490592,3,6
2025-10-23,26072.95,26084.45,26070.55,26073.85,09:45:00,25974.35053962499,3,7
2025-10-23,26063.75,26080.45,26054.5,26072.5,09:50:00,25982.864773946418,3,8
2025-10-23,26058.9,26064.5,26040.3,26062.85,09:55:00,25990.10622404676,3,9
2025-10-23,26074.85,26077.3,26058.4,26058.4,10:00:00,25998.177059851827,3,10
2025-10-23,26088.65,26091.45,26074.25,26074.85,10:05:00,26006.793530342133,3,11
2025-10-23,26095.9,26096.7,26086.05,26089.4,10:10:00,26015.279860785737,3,12
2025-10-23,26089.3,26099.6,26086.25,26095.9,10:15:00,26022.32939785376,3,13
2025-10-23,26079.05,26092.65,26074.4,26089.25,10:20:00,26027.731359962927,3,14
2025-10-23,26073.4,26089.75,26073.4,26078.7,10:25:00,26032.08075425217,3,15
2025-10-23,26067.0,26076.35,26066.6,26072.8,10:30:00,26035.406396704344,3,16
2025-10-23,26080.55,26082.5,26058.9,26068.45,10:35:00,26039.705787494404,3,17
2025-10-23,26071.4,26085.5,26066.85,26079.6,10:40:00,26042.724283923508,3,18
2025-10-23,26053.9,26072.0,26050.8,26071.65,10:45:00,26043.788637835554,3,19
2025-10-23,26053.2,26057.9,26047.6,26053.3,10:50:00,26044.684958041693,3,20
2025-10-23,26063.4,26065.45,26048.3,26053.5,10:55:00,26046.467342990105,3,21
2025-10-23,26059.7,26077.15,26059.7,26064.1,11:00:00,26047.72759603867,3,22
2025-10-23,26047.3,26064.2,26044.8,26059.9,11:05:00,26047.686872606417,3,23
2025-10-23,26058.0,26058.55,26044.0,26048.15,11:10:00,26048.66907521533,3,24
2025-10-23,26054.15,26059.25,26046.6,26057.05,11:15:00,26049.191068051965,3,25
2025-10-23,26055.65,26061.1,26051.1,26054.15,11:20:00,26049.80620442797,3,26
2025-10-23,26047.0,26064.2,26042.9,26056.9,11:25:00,26049.5389468634,3,27
2025-10-23,26047.9,26055.45,26041.9,26047.2,11:30:00,26049.382856685934,3,28
2025-10-23,26049.6,26056.65,26047.65,26050.65,11:35:00,26049.40353700156,3,29
2025-10-23,26056.55,26061.85,26047.65,26050.35,11:40:00,26050.08415252521,3,30
2025-10-23,26068.55,26069.7,26056.35,26056.4,11:45:00,26051.84280466568,3,31
2025-10-23,26073.65,26078.4,26064.3,26066.8,11:50:00,26053.9196804118,3,32
2025-10-23,26082.55,26084.5,26068.0,26074.3,11:55:00,26056.64637751544,3,33
2025-10-23,26074.0,26087.05,26069.8,26083.3,12:00:00,26058.299103466343,3,34
2025-10-23,26072.5,26076.85,26062.3,26072.5,12:05:00,26059.651569802885,3,35
2025-10-23,26077.1,26085.95,26071.0,26073.4,12:10:00,26061.31332505976,3,36
2025-10-23,26073.35,26082.95,26071.55,26076.65,12:15:00,26062.459675054062,3,37
2025-10-23,26084.7,26094.05,26069.25,26073.95,12:20:00,26064.57780123939,3,38
2025-10-23,26086.15,26090.85,26075.65,26083.45,12:25:00,26066.63229635945,3,39
2025-10-23,26090.4,26093.75,26085.1,26086.55,12:30:00,26068.89588718236,3,40
2025-10-23,26093.7,26096.45,26083.65,26091.45,12:35:00,26071.258183641185,3,41
2025-10-23,26088.15,26097.3,26081.75,26094.85,12:40:00,26072.866928056308,3,42
2025-10-23,26078.15,26103.8,26070.8,26089.35,12:45:00,26073.37007776524,3,43
2025-10-23,26076.25,26092.7,26070.15,26078.05,12:50:00,26073.644356073302,3,44
2025-10-23,26057.4,26080.05,26056.35,26075.8,12:55:00,26072.09727454252,3,45
2025-10-23,26048.45,26058.85,26046.65,26058.1,13:00:00,26069.84515315752,3,46
2025-10-23,26050.3,26061.9,26038.45,26048.95,13:05:00,26067.98370999966,3,47
2025-10-23,26059.6,26067.65,26042.9,26050.05,13:10:00,26067.18526142826,3,48
2025-10-23,26075.95,26076.05,26057.55,26059.05,13:15:00,26068.01999843509,3,49
2025-10-23,26052.55,26079.3,26050.6,26075.25,13:20:00,26066.5466652508,3,50
2025-10-23,26047.7,26055.15,26043.85,26052.0,13:25:00,26064.751744750723,3,51
2025-10-23,26021.55,26052.5,26020.3,26047.1,13:30:00,26060.637292869706,3,52
2025-10-23,26020.75,26030.95,26004.15,26020.65,13:35:00,26056.838503072588,3,53
2025-10-23,26026.5,26039.9,26014.95,26020.75,13:40:00,26053.94912182758,3,54
2025-10-23,26025.15,26028.5,26016.4,26025.9,13:45:00,26051.20634832019,3,55
2025-10-23,26014.5,26036.6,26011.85,26025.3,13:50:00,26047.71050562303,3,56
2025-10-23,25990.0,26016.85,25988.15,26014.65,13:55:00,26042.214266992265,3,57
2025-10-23,25985.2,25990.65,25972.7,25988.85,14:00:00,26036.784336802524,3,58
2025-10-23,25976.25,25984.25,25968.6,25983.75,14:05:00,26031.01916186896,3,59
2025-10-23,25958.55,25978.1,25946.7,25976.45,14:10:00,26024.11733692905,3,60
2025-10-23,25960.35,25969.85,25949.95,25958.2,14:15:00,26018.044257221525,3,61
2025-10-23,25946.95,25960.4,25937.8,25960.4,14:20:00,26011.273375581382,3,62
2025-10-23,25943.05,25959.0,25926.4,25946.15,14:25:00,26004.7759112403,3,63
2025-10-23,25939.05,25948.5,25929.15,25942.55,14:30:00,25998.516300645984,3,64
2025-10-23,25947.8,25957.55,25930.0,25938.8,14:35:00,25993.68617677494,3,65
2025-10-23,25980.95,25992.45,25941.15,25946.6,14:40:00,25992.47320755828,3,66
2025-10-23,25982.55,25996.85,25977.0,25981.6,14:45:00,25991.528140171777,3,67
2025-10-23,25967.5,25983.05,25955.15,25982.65,14:50:00,25989.2397458697,3,68
2025-10-23,25951.1,25976.2,25946.9,25966.8,14:55:00,25985.607389120207,3,69
2025-10-23,25907.55,25954.55,25906.05,25954.2,15:00:00,25978.17335206113,3,70
2025-10-23,25885.3,25918.75,25880.25,25907.3,15:05:00,25969.328270912458,3,71
2025-10-23,25865.35,25887.05,25863.5,25887.05,15:10:00,25959.425578444603,3,72
2025-10-23,25900.3,25900.3,25862.6,25864.5,15:15:00,25953.79457097369,3,73
2025-10-23,25872.8,25899.35,25869.8,25899.35,15:20:00,25946.080802309527,3,74
2025-10-23,25870.3,25880.05,25866.25,25870.75,15:25:00,25938.86358304195,3,75
2025-10-24,25850.8,25939.3,25846.05,25939.3,09:15:00,25930.152275460645,4,1
2025-10-24,25886.0,25892.4,25840.4,25851.15,09:20:00,25925.947296845345,4,2
2025-10-24,25886.4,25893.3,25859.5,25886.3,09:25:00,25922.18088762198,4,3
2025-10-24,25875.4,25887.6,25864.5,25885.85,09:30:00,25917.72556499132,4,4
2025-10-24,25914.3,25914.7,25862.55,25876.15,09:35:00,25917.399320706427,4,5
2025-10-24,25903.5,25913.3,25883.45,25913.2,09:40:00,25916.075575877243,4,6
2025-10-24,25883.2,25904.15,25881.95,25903.5,09:45:00,25912.94456865084,4,7
2025-10-24,25865.3,25883.75,25864.1,25883.75,09:50:00,25908.40699068409,4,8
2025-10-24,25893.1,25894.0,25865.2,25865.7,09:55:00,25906.94918204751,4,9
2025-10-24,25885.9,25901.9,25884.7,25893.2,10:00:00,25904.944498042983,4,10
2025-10-24,25901.3,25902.65,25880.95,25885.6,10:05:00,25904.59740299127,4,11
2025-10-24,25876.2,25903.0,25873.85,25900.9,10:10:00,25901.89288842068,4,12
2025-10-24,25834.4,25875.75,25834.4,25875.75,10:15:00,25895.46499428537,4,13
2025-10-24,25836.75,25844.85,25824.95,25834.9,10:20:00,25889.87309006772,4,14
2025-10-24,25826.95,25843.25,25822.1,25837.25,10:25:00,25883.880414823176,4,15
2025-10-24,25832.15,25834.5,25816.35,25826.65,10:30:00,25878.95370864954,4,16
2025-10-24,25830.35,25840.1,25829.4,25832.85,10:35:00,25874.32478401625,4,17
2025-10-24,25819.8,25830.45,25811.45,25830.45,10:40:00,25869.131947443275,4,18
2025-10-24,25826.5,25827.9,25810.55,25820.25,10:45:00,25865.07176197249,4,19
2025-10-24,25823.85,25831.3,25820.0,25826.55,10:50:00,25861.14587987988,4,20
2025-10-24,25825.05,25825.5,25812.65,25823.65,10:55:00,25857.70817703417,4,21
2025-10-24,25821.4,25832.25,25815.75,25824.6,11:00:00,25854.25025541188,4,22
2025-10-24,25811.05,25829.8,25796.5,25820.1,11:05:00,25850.135945372647,4,23
2025-10-24,25827.3,25835.45,25800.65,25812.05,11:10:00,25847.9610934324,4,24
2025-10-24,25816.35,25829.15,25811.05,25826.3,11:15:00,25844.9505131055,4,25
2025-10-24,25827.6,25830.45,25811.15,25816.45,11:20:00,25843.29808328593,4,26
2025-10-24,25801.85,25827.5,25799.9,25827.5,11:25:00,25839.350646782503,4,27
2025-10-24,25812.15,25812.65,25783.75,25801.35,11:30:00,25836.76010899369,4,28
2025-10-24,25812.75,25824.75,25800.0,25812.05,11:35:00,25834.47343194668,4,29
2025-10-24,25837.1,25839.4,25811.55,25812.8,11:40:00,25834.723581285085,4,30
2025-10-24,25833.45,25847.2,25833.15,25836.9,11:45:00,25834.60228782936,4,31
2025-10-24,25833.5,25850.5,25831.7,25833.55,11:50:00,25834.49730803609,4,32
2025-10-24,25821.8,25838.85,25821.7,25833.05,11:55:00,25833.28804060408,4,33
2025-10-24,25821.65,25828.2,25815.1,25821.15,12:00:00,25832.179655784646,4,34
2025-10-24,25852.0,25852.45,25820.85,25822.3,12:05:00,25834.06730761468,4,35
2025-10-24,25850.45,25857.85,25845.1,25851.15,12:10:00,25835.62756403233,4,36
2025-10-24,25840.25,25852.65,25838.25,25850.25,12:15:00,25836.06779602925,4,37
2025-10-24,25868.2,25868.4,25837.9,25840.3,12:20:00,25839.128005931227,4,38
2025-10-24,25843.55,25874.7,25841.65,25867.85,12:25:00,25839.54914822349,4,39
2025-10-24,25836.85,25845.7,25831.4,25843.4,12:30:00,25839.29208648792,4,40
2025-10-24,25851.9,25852.9,25836.4,25838.65,12:35:00,25840.492840155737,4,41
2025-10-24,25842.45,25853.15,25827.0,25851.5,12:40:00,25840.679236331383,4,42
2025-10-24,25836.3,25845.7,25835.3,25841.15,12:45:00,25840.262166204586,4,43
2025-10-24,25816.75,25838.0,25814.55,25835.05,12:50:00,25838.022912280336,4,44
2025-10-24,25810.7,25821.5,25806.0,25816.75,12:55:00,25835.4207301584,4,45
2025-10-24,25822.9,25824.1,25807.8,25810.75,13:00:00,25834.22827966712,4,46
2025-10-24,25817.45,25825.75,25807.0,25822.75,13:05:00,25832.63034827025,4,47
2025-10-24,25825.95,25826.95,25814.0,25816.7,13:10:00,25831.994124625468,4,48
2025-10-24,25810.5,25831.1,25802.25,25826.4,13:15:00,25829.947065137327,4,49
2025-10-24,25792.8,25817.35,25789.45,25809.6,13:20:00,25826.409249409964,4,50
2025-10-24,25771.5,25797.9,25770.4,25792.8,13:25:00,25821.17979708521,4,51
2025-10-24,25755.9,25784.8,25755.9,25771.0,13:30:00,25814.962673553284,4,52
2025-10-24,25736.0,25774.1,25732.55,25755.55,13:35:00,25807.44241892916,4,53
2025-10-24,25724.4,25745.55,25722.0,25736.45,13:40:00,25799.533617126384,4,54
2025-10-24,25730.0,25737.5,25723.35,25724.4,13:45:00,25792.91136787625,4,55
2025-10-24,25739.9,25739.9,25718.65,25730.15,13:50:00,25787.862666173754,4,56
2025-10-24,25739.6,25747.25,25728.15,25740.05,13:55:00,25783.26622177625,4,57
2025-10-24,25743.85,25746.3,25733.75,25739.45,14:00:00,25779.5122958928,4,58
2025-10-24,25744.7,25753.15,25736.2,25744.0,14:05:00,25776.196839141103,4,59
2025-10-24,25755.4,25774.4,25744.55,25744.6,14:10:00,25774.216187794336,4,60
2025-10-24,25763.5,25773.3,25754.5,25755.4,14:15:00,25773.19559848059,4,61
2025-10-24,25764.65,25773.55,25749.55,25763.5,14:20:00,25772.38173195863,4,62
2025-10-24,25775.6,25779.7,25761.95,25764.35,14:25:00,25772.68823367685,4,63
2025-10-24,25759.4,25784.3,25757.2,25776.35,14:30:00,25771.42268761239,4,64
2025-10-24,25750.55,25774.05,25748.4,25758.35,14:35:00,25769.43481260169,4,65
2025-10-24,25752.5,25758.65,25747.9,25749.8,14:40:00,25767.821973306287,4,66
2025-10-24,25747.0,25763.0,25741.1,25751.6,14:45:00,25765.838928229496,4,67
2025-10-24,25748.5,25749.35,25737.95,25747.55,14:50:00,25764.18760173145,4,68
2025-10-24,25744.1,25752.15,25739.7,25748.75,14:55:00,25762.274496804643,4,69
2025-10-24,25794.05,25803.35,25745.45,25745.45,15:00:00,25765.3007352042,4,70
2025-10-24,25804.8,25806.05,25793.55,25794.7,15:05:00,25769.06256994665,4,71
2025-10-24,25799.5,25807.75,25787.9,25806.35,15:10:00,25771.96137280888,4,72
2025-10-24,25804.95,25805.6,25798.3,25798.95,15:15:00,25775.10314682708,4,73
2025-10-24,25796.45,25809.25,25791.75,25804.65,15:20:00,25777.1361804626,4,74
2025-10-24,25797.45,25804.7,25790.15,25797.4,15:25:00,25779.07082994235,4,75
2025-10-27,25861.4,25877.6,25828.1,25851.95,09:15:00,25792.43757280995,0,1
2025-10-27,25880.95,25882.9,25862.85,25862.85,09:20:00,25800.86732778043,0,2
2025-10-27,25889.05,25891.0,25867.25,25880.1,09:25:00,25809.26567751563,0,3
2025-10-27,25896.55,25899.25,25880.95,25889.15,09:30:00,25817.578470133187,0,4
2025-10-27,25921.25,25927.0,25895.95,25897.05,09:35:00,25827.451949168124,0,5
2025-10-27,25937.2,25944.65,25919.75,25921.7,09:40:00,25837.904144485445,0,6
2025-10-27,25941.8,25942.45,25926.3,25937.4,09:45:00,25847.798987867784,0,7
2025-10-27,25943.25,25945.2,25926.55,25941.65,09:50:00,25856.889560451804,0,8
2025-10-27,25935.85,25946.45,25931.65,25943.45,09:55:00,25864.40960231353,0,9
2025-10-27,25929.95,25942.4,25920.7,25935.75,10:00:00,25870.651544950342,0,10
2025-10-27,25964.2,25967.45,25926.6,25930.25,10:05:00,25879.56092162173,0,11
2025-10-27,25961.85,25974.85,25955.7,25964.35,10:10:00,25887.397976705382,0,12
2025-10-27,25966.5,25970.2,25957.25,25962.75,10:15:00,25894.93150273344,0,13
2025-10-27,25975.3,25976.65,25964.35,25965.75,10:20:00,25902.58564533025,0,14
2025-10-27,25970.25,25978.65,25964.9,25974.9,10:25:00,25909.02986958452,0,15
2025-10-27,25965.05,25971.15,25956.75,25969.8,10:30:00,25914.36512010028,0,16
2025-10-27,25957.3,25965.55,25946.75,25965.55,10:35:00,25918.4541562812,0,17
2025-10-27,25963.5,25966.9,25955.95,25957.5,10:40:00,25922.74423663537,0,18
2025-10-27,25956.85,25966.45,25956.2,25963.75,10:45:00,25925.99240457486,0,19
2025-10-27,25955.8,25966.0,25949.55,25957.5,10:50:00,25928.83122318678,0,20
2025-10-27,25966.45,25967.8,25952.15,25955.3,10:55:00,25932.413963835657,0,21
2025-10-27,25967.7,25979.4,25960.45,25966.55,11:00:00,25935.77453870845,0,22
2025-10-27,25970.7,25976.05,25960.3,25968.9,11:05:00,25939.10077311717,0,23
2025-10-27,25976.3,25981.3,25969.75,25973.1,11:10:00,25942.64355662982,0,24
2025-10-27,25968.2,25980.95,25965.8,25975.65,11:15:00,25945.077503617456,0,25
2025-10-27,25980.45,25981.65,25967.1,25968.7,11:20:00,25948.446312796743,0,26
2025-10-27,25977.85,25986.9,25973.7,25981.85,11:25:00,25951.24666395896,0,27
2025-10-27,25972.2,25979.35,25969.5,25978.45,11:30:00,25953.24221977239,0,28
2025-10-27,25973.05,25978.65,25969.3,25972.4,11:35:00,25955.12867503216,0,29
2025-10-27,25957.25,25975.1,25955.15,25973.65,11:40:00,25955.33070598148,0,30
2025-10-27,25961.7,25964.35,25946.25,25957.2,11:45:00,25955.93730541181,0,31
2025-10-27,25971.1,25972.8,25959.85,25961.15,11:50:00,25957.381371563068,0,32
2025-10-27,25994.9,25995.1,25971.3,25971.3,11:55:00,25960.95457427135,0,33
2025-10-27,25997.1,26001.45,25993.15,25994.95,12:00:00,25964.39699576932,0,34
2025-10-27,25993.65,26004.9,25989.8,25998.0,12:05:00,25967.18299617224,0,35
2025-10-27,25996.25,25998.1,25990.95,25993.85,12:10:00,25969.95128225108,0,36
2025-10-27,25990.5,26001.1,25987.35,25996.85,12:15:00,25971.908302989064,0,37
2025-10-27,25987.0,25991.4,25982.6,25991.05,12:20:00,25973.345607466297,0,38
2025-10-27,25968.9,25993.8,25965.7,25987.75,12:25:00,25972.922216279032,0,39
2025-10-27,25976.0,25977.75,25957.15,25969.9,12:30:00,25973.21533853817,0,40
2025-10-27,25977.95,25979.3,25966.7,25975.95,12:35:00,25973.6662586774,0,41
2025-10-27,25974.3,25980.7,25969.8,25977.25,12:40:00,25973.72661499384,0,42
2025-10-27,25964.7,25983.0,25964.5,25974.9,12:45:00,25972.866937375373,0,43
2025-10-27,25976.95,25977.05,25956.3,25964.45,12:50:00,25973.25580048248,0,44
2025-10-27,25974.4,25979.5,25971.5,25978.0,12:55:00,25973.3647718651,0,45
2025-10-27,25971.7,25977.65,25967.45,25974.7,13:00:00,25973.206222163662,0,46
2025-10-27,25963.9,25972.95,25962.55,25972.0,13:05:00,25972.319915290933,0,47
2025-10-27,25970.6,25972.0,25958.25,25964.85,13:10:00,25972.15611383465,0,48
2025-10-27,25940.0,25971.0,25937.3,25970.65,13:15:00,25969.09362680278,0,49
2025-10-27,25943.45,25944.1,25918.4,25940.1,13:20:00,25966.651376631085,0,50
2025-10-27,25939.55,25948.95,25934.2,25943.6,13:25:00,25964.070293142413,0,51
2025-10-27,25925.45,25940.25,25924.85,25940.25,13:30:00,25960.392169986,0,52
2025-10-27,25941.3,25942.95,25921.05,25926.85,13:35:00,25958.573868082563,0,53
2025-10-27,25944.65,25944.85,25932.45,25942.1,13:40:00,25957.247785408035,0,54
2025-10-27,25947.75,25947.75,25934.45,25944.45,13:45:00,25956.3432344168,0,55
2025-10-27,25963.5,25966.1,25947.8,25948.0,13:50:00,25957.02483113901,0,56
2025-10-27,25954.25,25963.3,25949.5,25963.15,13:55:00,25956.76056150672,0,57
2025-10-27,25956.15,25960.85,25948.55,25954.3,14:00:00,25956.7024127918,0,58
2025-10-27,25959.1,25964.1,25952.95,25958.35,14:05:00,25956.93075443067,0,59
2025-10-27,25938.5,25959.4,25936.1,25958.85,14:10:00,25955.17544448489,0,60
2025-10-27,25983.15,25984.1,25938.05,25939.3,14:15:00,25957.83968786728,0,61
2025-10-27,25976.8,25983.5,25960.95,25983.5,14:20:00,25959.64543187992,0,62
2025-10-27,25977.8,25979.4,25969.85,25977.0,14:25:00,25961.374438367544,0,63
2025-10-27,25978.75,25984.9,25972.75,25977.15,14:30:00,25963.02925376112,0,64
2025-10-27,25969.35,25983.15,25968.5,25979.0,14:35:00,25963.63122959339,0,65
2025-10-27,25967.05,25972.35,25960.4,25970.05,14:40:00,25963.95682677497,0,66
2025-10-27,25929.85,25971.4,25929.35,25967.2,14:45:00,25960.708557558308,0,67
2025-10-27,25949.45,25957.3,25926.75,25929.2,14:50:00,25959.63631398133,0,68
2025-10-27,25958.2,25960.05,25945.65,25949.75,14:55:00,25959.49952217358,0,69
2025-10-27,25948.5,25968.6,25947.65,25958.4,15:00:00,25958.45194863324,0,70
2025-10-27,25968.9,25970.15,25945.8,25948.65,15:05:00,25959.44700114436,0,71
2025-10-27,25963.8,25970.65,25961.7,25970.2,15:10:00,25959.861572463946,0,72
2025-10-27,25968.05,25969.35,25958.05,25963.75,15:15:00,25960.64142270548,0,73
2025-10-27,25967.25,25970.6,25962.4,25968.65,15:20:00,25961.27081101924,0,74
2025-10-27,25974.0,25981.0,25966.95,25966.95,15:25:00,25962.48311473169,0,75
2025-10-28,25968.1,26004.05,25937.1,25937.1,09:15:00,25961.076427252025,1,1
2025-10-28,25971.35,25999.2,25952.6,25968.05,09:20:00,25962.05486275184,1,2
2025-10-28,25988.85,25988.85,25956.1,25971.85,09:25:00,25964.60678058499,1,3
2025-10-28,26028.8,26032.7,25978.1,25987.45,09:30:00,25970.72042052928,1,4
2025-10-28,26024.4,26039.25,26024.4,26028.65,09:35:00,25975.83276143125,1,5
2025-10-28,26019.5,26040.9,26007.55,26024.85,09:40:00,25979.991546056845,1,6
2025-10-28,26009.5,26027.3,26005.2,26019.6,09:45:00,25982.80187500381,1,7
2025-10-28,25971.45,26013.3,25959.85,26010.1,09:50:00,25981.72074405107,1,8
2025-10-28,25970.3,25981.9,25956.05,25973.4,09:55:00,25980.633054141443,1,9
2025-10-28,25928.65,25970.05,25927.45,25969.5,10:00:00,25975.682287080355,1,10
2025-10-28,25907.2,25932.35,25895.55,25928.65,10:05:00,25969.160164501274,1,11
2025-10-28,25905.25,25907.9,25886.55,25907.55,10:10:00,25963.07348216782,1,12
2025-10-28,25901.35,25912.5,25893.05,25905.1,10:15:00,25957.19505529469,1,13
2025-10-28,25898.4,25910.15,25886.9,25901.1,10:20:00,25951.59552621901,1,14
2025-10-28,25901.5,25908.35,25887.9,25899.25,10:25:00,25946.82452372196,1,15
2025-10-28,25880.8,25902.5,25871.4,25901.15,10:30:00,25940.53647384368,1,16
2025-10-28,25870.65,25885.55,25866.8,25880.9,10:35:00,25933.8806191919,1,17
2025-10-28,25891.15,25893.45,25870.95,25873.15,10:40:00,25929.81103641172,1,18
2025-10-28,25889.7,25904.35,25882.65,25891.35,10:45:00,25925.99093770584,1,19
2025-10-28,25858.25,25889.9,25857.75,25889.5,10:50:00,25919.53941982909,1,20
2025-10-28,25862.5,25867.1,25854.15,25857.8,10:55:00,25914.107094131083,1,21
2025-10-28,25841.95,25865.05,25840.2,25861.65,11:00:00,25907.234989928125,1,22
2025-10-28,25852.8,25855.25,25840.75,25842.45,11:05:00,25902.050705173067,1,23
2025-10-28,25852.3,25858.35,25847.55,25853.25,11:10:00,25897.31254277563,1,24
2025-10-28,25862.05,25867.95,25844.7,25852.25,11:15:00,25893.954205368427,1,25
2025-10-28,25871.55,25876.2,25858.5,25862.0,11:20:00,25891.820471523817,1,26
2025-10-28,25880.2,25892.7,25870.5,25870.5,11:25:00,25890.71375995012,1,27
2025-10-28,25872.5,25893.85,25872.5,25879.8,11:30:00,25888.979116145343,1,28
2025-10-28,25881.15,25882.85,25869.75,25872.85,11:35:00,25888.23348603626,1,29
2025-10-28,25878.05,25894.5,25877.1,25881.2,11:40:00,25887.26363022328,1,30
2025-10-28,25887.5,25891.55,25869.6,25877.5,11:45:00,25887.28614163059,1,31
2025-10-28,25877.05,25899.4,25877.0,25887.7,11:50:00,25886.311270999104,1,32
2025-10-28,25848.65,25880.2,25848.65,25877.15,11:55:00,25882.724483284903,1,33
2025-10-28,25845.15,25855.3,25843.25,25848.75,12:00:00,25879.145961067294,1,34
2025-10-28,25836.1,25849.8,25827.15,25845.25,12:05:00,25875.04634572755,1,35
2025-10-28,25843.65,25850.35,25826.4,25836.0,12:10:00,25872.056217563026,1,36
2025-10-28,25851.75,25855.15,25829.65,25843.95,12:15:00,25870.12229208083,1,37
2025-10-28,25868.35,25869.75,25849.15,25852.2,12:20:00,25869.953502358847,1,38
2025-10-28,25863.25,25875.55,25863.25,25868.05,12:25:00,25869.315073562768,1,39
2025-10-28,25873.95,25876.2,25854.25,25862.6,12:30:00,25869.75649512822,1,40
2025-10-28,25899.7,25905.6,25872.25,25872.8,12:35:00,25872.60825749696,1,41
2025-10-28,25929.0,25931.7,25898.55,25899.3,12:40:00,25877.97889964011,1,42
2025-10-28,25917.05,25941.9,25912.55,25930.15,12:45:00,25881.699956817243,1,43
2025-10-28,25940.95,25945.65,25911.95,25919.95,12:50:00,25887.342818072742,1,44
2025-10-28,25935.45,25947.2,25923.65,25939.65,12:55:00,25891.92445444677,1,45
2025-10-28,25919.15,25949.05,25919.15,25934.75,13:00:00,25894.517363547075,1,46
2025-10-28,25940.85,25944.2,25910.7,25919.1,13:05:00,25898.92999559021,1,47
2025-10-28,25926.35,25941.6,25924.05,25939.9,13:10:00,25901.54142458162,1,48
2025-10-28,25926.8,25938.6,25902.25,25926.05,13:15:00,25903.94700319289,1,49
2025-10-28,25939.5,25939.9,25920.8,25927.2,13:20:00,25907.33300288881,1,50
2025-10-28,25943.05,25956.0,25934.9,25939.85,13:25:00,25910.734621661304,1,51
2025-10-28,25939.15,25953.85,25937.95,25940.0,13:30:00,25913.44084816976,1,52
2025-10-28,25930.85,25939.75,25924.2,25938.8,13:35:00,25915.098862629777,1,53
2025-10-28,25879.6,25930.65,25879.6,25930.15,13:40:00,25911.7180185698,1,54
2025-10-28,25882.0,25901.7,25869.5,25878.95,13:45:00,25908.88773108696,1,55
2025-10-28,25873.85,25889.7,25867.25,25882.15,13:50:00,25905.550804316776,1,56
2025-10-28,25882.35,25888.25,25858.75,25873.4,13:55:00,25903.341203905653,1,57
2025-10-28,25857.9,25900.25,25857.8,25882.5,14:00:00,25899.013470200352,1,58
2025-10-28,25862.65,25868.65,25845.45,25857.95,14:05:00,25895.550282562224,1,59
2025-10-28,25873.7,25876.2,25841.55,25861.6,14:10:00,25893.469303270584,1,60
2025-10-28,25852.55,25876.95,25845.25,25872.65,14:15:00,25889.57222676862,1,61
2025-10-28,25851.6,25860.75,25842.35,25852.15,14:20:00,25885.95582421923,1,62
2025-10-28,25833.5,25854.6,25810.5,25850.95,14:25:00,25880.960031436443,1,63
2025-10-28,25830.95,25845.8,25819.25,25832.95,14:30:00,25876.19717129964,1,64
2025-10-28,25833.15,25846.8,25818.5,25830.0,14:35:00,25872.097440699672,1,65
2025-10-28,25826.75,25846.75,25825.7,25832.8,14:40:00,25867.77863682352,1,66
2025-10-28,25817.75,25856.0,25817.75,25825.05,14:45:00,25863.014004745084,1,67
2025-10-28,25834.25,25848.75,25814.6,25817.75,14:50:00,25860.274575721745,1,68
2025-10-28,25850.6,25868.65,25832.65,25833.6,14:55:00,25859.35318755777,1,69
2025-10-28,25920.15,25921.15,25852.7,25852.7,15:00:00,25865.14336017132,1,70
2025-10-28,25918.85,25940.85,25908.15,25917.05,15:05:00,25870.25827825024,1,71
2025-10-28,25943.0,25948.75,25912.05,25916.7,15:10:00,25877.186061274027,1,72
2025-10-28,25962.2,25966.55,25941.75,25941.85,15:15:00,25885.282626866978,1,73
2025-10-28,25950.6,25966.7,25944.9,25959.65,15:20:00,25891.503329070125,1,74
2025-10-28,25965.4,25968.15,25940.55,25948.4,15:25:00,25898.541107253925,1,75
